Time,Longitude,Latitude,Altitude,Roll (deg),Pitch (deg),Yaw (deg),Health
0.0,128.19227,37.914484,5824.9230720000005,0.0,-0.002,179.999,1.0
0.0166,128.19227,37.914449,5824.9066128,0.0,-0.009,180.0,1.0
0.0333,128.19227,37.914413,5824.8904584,-0.068,-0.02,179.992,1.0
0.05,128.19227,37.914377,5824.874304,-0.204,-0.033,179.977,1.0
0.0666,128.19227,37.914341,5824.8587592,-0.407,-0.047,179.956,1.0
0.0833,128.19227,37.914305,5824.844738400001,-0.679,-0.063,179.932,1.0
0.1,128.19227,37.914269,5824.8322416,-1.018,-0.08,179.905,1.0
0.1166,128.19227,37.914234,5824.822183200001,-1.423,-0.097,179.877,1.0
0.1333,128.19227,37.914198,5824.811515200001,-1.755,-0.114,179.863,1.0
0.15,128.19227,37.914162,5824.801456800001,-2.018,-0.131,179.863,1.0
0.1666,128.19227,37.914126,5824.790484000001,-2.206,-0.148,179.875,1.0
0.1833,128.19227,37.91409,5824.778901600001,-2.318,-0.166,179.895,1.0
0.2,128.19227,37.914054,5824.7654904,-2.353,-0.183,179.92,1.0
0.2166,128.19227,37.914019,5824.7499456000005,-2.31,-0.201,179.949,1.0
0.2333,128.19227,37.913983,5824.7319624,-2.191,-0.22,179.98,1.0
0.25,128.19227,37.913947,5824.7109312,-1.996,-0.239,180.012,1.0
0.2666,128.19227,37.913911,5824.6859376,-1.728,-0.259,180.045,1.0
0.2833,128.19227,37.913875,5824.6569816,-1.389,-0.28,180.079,1.0
0.3,128.19227,37.913839,5824.6234536,-0.979,-0.302,180.112,1.0
0.3166,128.19227,37.913803,5824.584744,-0.503,-0.324,180.146,1.0
0.3333,128.19227,37.913767,5824.540548,0.038,-0.348,180.178,1.0
0.35,128.19227,37.913731,5824.4899512,0.643,-0.372,180.21,1.0
0.3666,128.19227,37.913695,5824.4329536000005,1.308,-0.397,180.242,1.0
0.3833,128.19227,37.913659,5824.3704696,2.033,-0.423,180.272,1.0
0.4,128.19227,37.913623,5824.3018896,2.813,-0.45,180.302,1.0
0.4166,128.19227,37.913587,5824.2272136,3.649,-0.477,180.331,1.0
0.4333,128.19227,37.913551,5824.1470512000005,4.537,-0.503,180.359,1.0
0.45,128.19227,37.913515,5824.060792800001,5.476,-0.529,180.386,1.0
0.4666,128.19227,37.913479,5823.969048,6.464,-0.554,180.413,1.0
0.4833,128.19227,37.913442,5823.871512,7.5,-0.578,180.438,1.0
0.5,128.19227,37.913406,5823.7684896,8.582,-0.603,180.463,1.0
0.5166,128.19227,37.91337,5823.6599808,9.707,-0.628,180.488,1.0
0.5333,128.19227,37.913334,5823.5459856,10.876,-0.644,180.513,1.0
0.55,128.19227,37.913298,5823.427113600001,12.086,-0.65,180.539,1.0
0.5666,128.19227,37.913261,5823.3027552,13.335,-0.649,180.567,1.0
0.5833,128.19227,37.913225,5823.173520000001,14.624,-0.642,180.595,1.0
0.6,128.19227,37.913189,5823.0391032,15.95,-0.633,180.625,1.0
0.6166,128.19227,37.913153,5822.8998096000005,17.311,-0.621,180.655,1.0
0.6333,128.19227,37.913116,5822.7559439999995,18.708,-0.597,180.689,1.0
0.65,128.19227,37.91308,5822.607506400001,20.139,-0.559,180.728,1.0
0.6666,128.19227,37.913043,5822.454801600001,21.602,-0.512,180.772,1.0
0.6833,128.19227,37.913007,5822.2978296,23.098,-0.457,180.82,1.0
0.7,128.19227,37.912971,5822.1365904,24.624,-0.398,180.872,1.0
0.7166,128.192271,37.912934,5821.9713888,26.18,-0.335,180.927,1.0
0.7333,128.192271,37.912898,5821.8025296,27.765,-0.261,180.99,1.0
0.75,128.192271,37.912861,5821.6300128,29.378,-0.173,181.064,1.0
0.7666,128.192271,37.912825,5821.4544479999995,31.019,-0.075,181.147,1.0
0.7833,128.192271,37.912788,5821.2752256,32.687,0.03,181.238,1.0
0.8,128.192271,37.912752,5821.092955200001,34.381,0.139,181.336,1.0
0.8166,128.192271,37.912715,5820.9079416,36.1,0.25,181.44,1.0
0.8333,128.192271,37.912679,5820.7201847999995,37.844,0.37,181.557,1.0
0.85,128.192271,37.912642,5820.5302944000005,39.613,0.501,181.69,1.0
0.8666,128.192271,37.912606,5820.337660800001,41.406,0.639,181.837,1.0
0.8833,128.192271,37.912569,5820.1431984,43.223,0.781,181.995,1.0
0.9,128.192271,37.912532,5819.946602399999,45.062,0.924,182.164,1.0
0.9166,128.192271,37.912496,5819.747872800001,46.925,1.064,182.341,1.0
0.9333,128.192272,37.912459,5819.5482288,48.81,1.208,182.535,1.0
0.95,128.192272,37.912422,5819.346756000001,50.717,1.357,182.747,1.0
0.9666,128.192272,37.912386,5819.1437592,52.645,1.507,182.977,1.0
0.9833,128.192272,37.912349,5818.939848,54.596,1.654,183.219,1.0
1.0,128.192272,37.912312,5818.7347176,56.568,1.796,183.473,1.0
1.0166,128.192272,37.912275,5818.528368,58.561,1.931,183.735,1.0
1.0333,128.192271,37.912239,5818.3217136,60.574,2.063,184.015,1.0
1.05,128.192271,37.912202,5818.11384,62.607,2.19,184.314,1.0
1.0666,128.192271,37.912165,5817.905356800001,64.659,2.311,184.627,1.0
1.0833,128.192271,37.912128,5817.696264,66.731,2.421,184.951,1.0
1.1,128.192271,37.912091,5817.486256800001,68.82,2.521,185.283,1.0
1.1166,128.192271,37.912054,5817.27564,70.927,2.607,185.621,1.0
1.1333,128.19227,37.912018,5817.0647184,72.988,2.69,185.971,1.0
1.15,128.19227,37.911981,5816.853492,75.0,2.769,186.331,1.0
1.1666,128.19227,37.911944,5816.6422656,76.967,2.84,186.699,1.0
1.1833,128.192269,37.911907,5816.4307344,78.89,2.9,187.073,1.0
1.2,128.192269,37.91187,5816.219508,80.773,2.946,187.45,1.0
1.2166,128.192268,37.911833,5816.0079768000005,82.618,2.979,187.828,1.0
1.2333,128.192267,37.911796,5815.795836,84.349,3.006,188.212,1.0
1.25,128.192266,37.911759,5815.5830856,85.971,3.03,188.6,1.0
1.2666,128.192265,37.911722,5815.3703352,87.491,3.045,188.99,1.0
1.2833,128.192264,37.911685,5815.156670400001,88.917,3.05,189.382,1.0
1.3,128.192263,37.911648,5814.9420912000005,90.259,3.041,189.774,1.0
1.3166,128.192261,37.911611,5814.726597600001,91.524,3.019,190.165,1.0
1.3333,128.19226,37.911574,5814.50958,92.686,2.987,190.555,1.0
1.35,128.192258,37.911538,5814.291038400001,93.75,2.946,190.945,1.0
1.3666,128.192256,37.911501,5814.070668,94.718,2.896,191.333,1.0
1.3833,128.192254,37.911464,5813.848468800001,95.594,2.838,191.719,1.0
1.4,128.192252,37.911427,5813.6235264,96.38,2.77,192.102,1.0
1.4166,128.192249,37.91139,5813.396145600001,97.081,2.694,192.483,1.0
1.4333,128.192247,37.911353,5813.1660216,97.699,2.61,192.859,1.0
1.45,128.192244,37.911316,5812.933154400001,98.238,2.519,193.232,1.0
1.4666,128.192241,37.91128,5812.6969344,98.7,2.423,193.601,1.0
1.4833,128.192238,37.911243,5812.4576664,99.089,2.32,193.966,1.0
1.5,128.192235,37.911206,5812.2150456,99.408,2.213,194.328,1.0
1.5166,128.192231,37.911169,5811.969072,99.659,2.101,194.686,1.0
1.5333,128.192228,37.911132,5811.7194408000005,99.845,1.987,195.039,1.0
1.55,128.192224,37.911096,5811.466152000001,99.968,1.869,195.388,1.0
1.5666,128.19222,37.911059,5811.2089008,100.03,1.75,195.734,1.0
1.5833,128.192215,37.911022,5810.947992,100.035,1.63,196.075,1.0
1.6,128.192211,37.910986,5810.6834256,99.983,1.509,196.413,1.0
1.6166,128.192206,37.910949,5810.414896800001,99.876,1.387,196.747,1.0
1.6333,128.192202,37.910912,5810.1427104,99.717,1.266,197.078,1.0
1.65,128.192197,37.910876,5809.8665616,99.509,1.146,197.405,1.0
1.6666,128.192192,37.910839,5809.586755200001,99.257,1.027,197.729,1.0
1.6833,128.192186,37.910803,5809.303291200001,98.965,0.908,198.051,1.0
1.7,128.192181,37.910766,5809.0161696000005,98.635,0.79,198.369,1.0
1.7166,128.192175,37.91073,5808.7253904,98.271,0.675,198.685,1.0
1.7333,128.192169,37.910693,5808.4315632,97.887,0.559,198.999,1.0
1.75,128.192163,37.910657,5808.1340784,97.483,0.444,199.311,1.0
1.7666,128.192157,37.91062,5807.8335456,97.063,0.331,199.62,1.0
1.7833,128.192151,37.910584,5807.52966,96.627,0.22,199.928,1.0
1.8,128.192144,37.910548,5807.2227264,96.176,0.111,200.234,1.0
1.8166,128.192137,37.910511,5806.9127448,95.712,0.006,200.538,1.0
1.8333,128.192131,37.910475,5806.599715200001,95.253,-0.096,200.841,1.0
1.85,128.192124,37.910439,5806.2839424,94.798,-0.198,201.142,1.0
1.8666,128.192116,37.910403,5805.9654264,94.347,-0.298,201.441,1.0
1.8833,128.192109,37.910366,5805.6438624,93.901,-0.394,201.739,1.0
1.9,128.192102,37.91033,5805.3198600000005,93.458,-0.487,202.035,1.0
1.9166,128.192094,37.910294,5804.993419200001,93.018,-0.575,202.329,1.0
1.9333,128.192086,37.910258,5804.6642352,92.598,-0.662,202.622,1.0
1.95,128.192078,37.910222,5804.3329176,92.2,-0.748,202.913,1.0
1.9666,128.19207,37.910185,5803.998856800001,91.82,-0.83,203.202,1.0
1.9833,128.192062,37.910149,5803.6626624,91.458,-0.91,203.489,1.0
2.0,128.192054,37.910113,5803.324029599999,91.112,-0.986,203.775,1.0
2.0166,128.192045,37.910077,5802.9832632,90.78,-1.059,204.059,1.0
2.0333,128.192036,37.910041,5802.6403632,90.477,-1.13,204.342,1.0
2.05,128.192028,37.910005,5802.2953296,90.203,-1.199,204.622,1.0
2.0666,128.192019,37.909969,5801.9478576,89.954,-1.267,204.901,1.0
2.0833,128.192009,37.909933,5801.598556800001,89.729,-1.331,205.178,1.0
2.1,128.192,37.909898,5801.2471224,89.524,-1.393,205.453,1.0
2.1166,128.191991,37.909862,5800.8938592,89.339,-1.452,205.727,1.0
2.1333,128.191981,37.909826,5800.5384624,89.183,-1.51,205.998,1.0
2.15,128.191972,37.90979,5800.180932,89.054,-1.566,206.268,1.0
2.1666,128.191962,37.909754,5799.8215728000005,88.949,-1.621,206.536,1.0
2.1833,128.191952,37.909718,5799.46008,88.867,-1.675,206.802,1.0
2.2,128.191941,37.909683,5799.0967584,88.804,-1.726,207.067,1.0
2.2166,128.191931,37.909647,5798.731608,88.76,-1.776,207.33,1.0
2.2333,128.191921,37.909611,5798.364324000001,88.737,-1.824,207.591,1.0
2.25,128.19191,37.909576,5797.995211200001,88.735,-1.872,207.85,1.0
2.2666,128.191899,37.90954,5797.624269600001,88.751,-1.919,208.108,1.0
2.2833,128.191888,37.909505,5797.2511944,88.784,-1.966,208.365,1.0
2.3,128.191877,37.909469,5796.8762904000005,88.83,-2.011,208.62,1.0
2.3166,128.191866,37.909434,5796.4995576,88.89,-2.056,208.873,1.0
2.3333,128.191855,37.909398,5796.120691200001,88.962,-2.1,209.125,1.0
2.35,128.191843,37.909363,5795.739996,89.046,-2.144,209.376,1.0
2.3666,128.191832,37.909327,5795.3571672,89.14,-2.187,209.626,1.0
2.3833,128.19182,37.909292,5794.9722048,89.242,-2.231,209.874,1.0
2.4,128.191808,37.909257,5794.585413600001,89.352,-2.274,210.121,1.0
2.4166,128.191796,37.909221,5794.1967936,89.469,-2.318,210.367,1.0
2.4333,128.191783,37.909186,5793.8057352,89.589,-2.361,210.612,1.0
2.45,128.191771,37.909151,5793.412848,89.713,-2.405,210.855,1.0
2.4666,128.191758,37.909116,5793.0178272,89.839,-2.449,211.098,1.0
2.4833,128.191745,37.909081,5792.620672800001,89.968,-2.493,211.34,1.0
2.5,128.191732,37.909046,5792.2213848,90.098,-2.537,211.581,1.0
2.5166,128.191719,37.909011,5791.8196584,90.229,-2.582,211.82,1.0
2.5333,128.191706,37.908976,5791.4161032,90.358,-2.627,212.059,1.0
2.55,128.191693,37.908941,5791.010109600001,90.485,-2.672,212.298,1.0
2.5666,128.191679,37.908906,5790.601677600001,90.61,-2.718,212.535,1.0
2.5833,128.191665,37.908871,5790.1911119999995,90.732,-2.764,212.771,1.0
2.6,128.191651,37.908837,5789.7784128,90.851,-2.811,213.007,1.0
2.6166,128.191637,37.908802,5789.363275199999,90.969,-2.858,213.242,1.0
2.6333,128.191623,37.908767,5788.9456992000005,91.081,-2.906,213.477,1.0
2.65,128.191609,37.908733,5788.5256848,91.188,-2.954,213.71,1.0
2.6666,128.191594,37.908698,5788.103232,91.29,-3.002,213.944,1.0
2.6833,128.191579,37.908664,5787.6786456,91.387,-3.051,214.176,1.0
2.7,128.191564,37.908629,5787.251316,91.481,-3.101,214.408,1.0
2.7166,128.191549,37.908595,5786.821548,91.57,-3.151,214.64,1.0
2.7333,128.191534,37.90856,5786.3890368,91.653,-3.202,214.871,1.0
2.75,128.191519,37.908526,5785.954392000001,91.731,-3.253,215.101,1.0
2.7666,128.191503,37.908492,5785.517004,91.804,-3.304,215.331,1.0
2.7833,128.191488,37.908458,5785.0768728,91.872,-3.356,215.561,1.0
2.8,128.191472,37.908424,5784.6343031999995,91.936,-3.408,215.79,1.0
2.8166,128.191456,37.908389,5784.1889904,91.996,-3.46,216.018,1.0
2.8333,128.19144,37.908355,5783.7409344,92.051,-3.513,216.246,1.0
2.85,128.191423,37.908321,5783.29044,92.103,-3.567,216.474,1.0
2.8666,128.191407,37.908288,5782.8372024,92.15,-3.62,216.702,1.0
2.8833,128.19139,37.908254,5782.3812216,92.194,-3.674,216.929,1.0
2.9,128.191373,37.90822,5781.9224976000005,92.235,-3.729,217.156,1.0
2.9166,128.191356,37.908186,5781.4610304,92.273,-3.783,217.383,1.0
2.9333,128.191339,37.908152,5780.99682,92.308,-3.838,217.609,1.0
2.95,128.191322,37.908119,5780.5298664,92.341,-3.893,217.835,1.0
2.9666,128.191304,37.908085,5780.0601696,92.373,-3.948,218.061,1.0
2.9833,128.191287,37.908052,5779.5877296,92.402,-4.004,218.287,1.0
3.0,128.191269,37.908018,5779.112546400001,92.43,-4.059,218.512,1.0
3.0166,128.191251,37.907985,5778.634620000001,92.457,-4.115,218.737,1.0
3.0333,128.191233,37.907952,5778.1536456,92.483,-4.171,218.962,1.0
3.05,128.191215,37.907918,5777.669928,92.509,-4.227,219.187,1.0
3.0666,128.191197,37.907885,5777.1834672,92.535,-4.284,219.412,1.0
3.0833,128.191178,37.907852,5776.6942632,92.56,-4.34,219.636,1.0
3.1,128.191159,37.907819,5776.202011200001,92.586,-4.397,219.86,1.0
3.1166,128.191141,37.907786,5775.7067112,92.611,-4.453,220.084,1.0
3.1333,128.191122,37.907753,5775.2089728,92.637,-4.51,220.307,1.0
3.15,128.191102,37.90772,5774.7078816,92.664,-4.567,220.531,1.0
3.1666,128.191083,37.907687,5774.204352000001,92.692,-4.623,220.754,1.0
3.1833,128.191064,37.907654,5773.697469600001,92.721,-4.68,220.977,1.0
3.2,128.191044,37.907622,5773.187844,92.751,-4.737,221.2,1.0
3.2166,128.191024,37.907589,5772.6754752,92.782,-4.795,221.422,1.0
3.2333,128.191004,37.907556,5772.1600584,92.814,-4.852,221.644,1.0
3.25,128.190984,37.907524,5771.641593599999,92.848,-4.909,221.867,1.0
3.2666,128.190964,37.907491,5771.1200808,92.883,-4.967,222.088,1.0
3.2833,128.190944,37.907459,5770.595824800001,92.92,-5.024,222.31,1.0
3.3,128.190923,37.907427,5770.068216,92.958,-5.082,222.532,1.0
3.3166,128.190903,37.907394,5769.537864000001,92.997,-5.139,222.753,1.0
3.3333,128.190882,37.907362,5769.004464000001,93.038,-5.197,222.974,1.0
3.35,128.190861,37.90733,5768.468016,93.081,-5.255,223.195,1.0
3.3666,128.19084,37.907298,5767.92852,93.125,-5.313,223.416,1.0
3.3833,128.190819,37.907266,5767.385976,93.17,-5.372,223.636,1.0
3.4,128.190797,37.907234,5766.840384000001,93.217,-5.43,223.857,1.0
3.4166,128.190776,37.907202,5766.2914392,93.265,-5.489,224.077,1.0
3.4333,128.190754,37.907171,5765.739751200001,93.314,-5.547,224.297,1.0
3.45,128.190732,37.907139,5765.184710400001,93.364,-5.606,224.517,1.0
3.4666,128.19071,37.907107,5764.6266216,93.415,-5.665,224.737,1.0
3.4833,128.190688,37.907076,5764.0654847999995,93.468,-5.724,224.956,1.0
3.5,128.190666,37.907044,5763.5009952,93.521,-5.784,225.176,1.0
3.5166,128.190644,37.907013,5762.9331528,93.575,-5.843,225.395,1.0
3.5333,128.190621,37.906981,5762.3625672,93.63,-5.903,225.614,1.0
3.55,128.190598,37.90695,5761.788324000001,93.685,-5.963,225.834,1.0
3.5666,128.190576,37.906919,5761.211032800001,93.741,-6.023,226.053,1.0
3.5833,128.190553,37.906888,5760.6306936,93.798,-6.084,226.271,1.0
3.6,128.19053,37.906857,5760.047001600001,93.855,-6.145,226.49,1.0
3.6166,128.190506,37.906826,5759.4596520000005,93.912,-6.206,226.709,1.0
3.6333,128.190483,37.906795,5758.8695592,93.97,-6.267,226.927,1.0
3.65,128.190459,37.906764,5758.2758088,94.028,-6.328,227.146,1.0
3.6666,128.190436,37.906733,5757.6787056,94.085,-6.39,227.364,1.0
3.6833,128.190412,37.906703,5757.0782496,94.143,-6.452,227.583,1.0
3.7,128.190388,37.906672,5756.4747456000005,94.201,-6.514,227.801,1.0
3.7166,128.190364,37.906641,5755.8675840000005,94.259,-6.576,228.019,1.0
3.7333,128.19034,37.906611,5755.2570696,94.316,-6.639,228.237,1.0
3.75,128.190315,37.906581,5754.642897600001,94.374,-6.702,228.455,1.0
3.7666,128.190291,37.90655,5754.025677600001,94.431,-6.765,228.673,1.0
3.7833,128.190266,37.90652,5753.4048,94.489,-6.829,228.891,1.0
3.8,128.190241,37.90649,5752.7805696000005,94.546,-6.893,229.109,1.0
3.8166,128.190216,37.90646,5752.1526816000005,94.603,-6.957,229.326,1.0
3.8333,128.190191,37.90643,5751.5214408,94.659,-7.021,229.544,1.0
3.85,128.190166,37.9064,5750.8868472,94.716,-7.086,229.762,1.0
3.8666,128.190141,37.90637,5750.2482912000005,94.772,-7.15,229.979,1.0
3.8833,128.190115,37.906341,5749.6063824,94.828,-7.216,230.197,1.0
3.9,128.19009,37.906311,5748.9611208,94.883,-7.281,230.415,1.0
3.9166,128.190064,37.906281,5748.312201600001,94.938,-7.347,230.632,1.0
3.9333,128.190038,37.906252,5747.659320000001,94.993,-7.413,230.85,1.0
3.95,128.190012,37.906222,5747.0030856,95.047,-7.479,231.067,1.0
3.9666,128.189986,37.906193,5746.3431936,95.102,-7.546,231.284,1.0
3.9833,128.18996,37.906164,5745.679644,95.156,-7.612,231.502,1.0
4.0,128.189933,37.906135,5745.012436800001,95.209,-7.679,231.719,1.0
4.0166,128.189907,37.906106,5744.341572,95.262,-7.747,231.936,1.0
4.0333,128.18988,37.906077,5743.667049600001,95.316,-7.814,232.154,1.0
4.05,128.189853,37.906048,5742.988869600001,95.368,-7.882,232.371,1.0
4.0666,128.189826,37.906019,5742.3067272,95.421,-7.95,232.588,1.0
4.0833,128.189799,37.90599,5741.620927200001,95.473,-8.019,232.805,1.0
4.1,128.189772,37.905962,5740.931469600001,95.525,-8.087,233.022,1.0
4.1166,128.189745,37.905933,5740.2380496000005,95.577,-8.156,233.239,1.0
4.1333,128.189717,37.905905,5739.540972,95.629,-8.225,233.456,1.0
4.15,128.18969,37.905876,5738.839932000001,95.68,-8.295,233.673,1.0
4.1666,128.189662,37.905848,5738.1352344,95.732,-8.364,233.891,1.0
4.1833,128.189634,37.90582,5737.4265744,95.783,-8.434,234.108,1.0
4.2,128.189606,37.905792,5736.714256800001,95.834,-8.504,234.325,1.0
4.2166,128.189578,37.905763,5735.9979768,95.885,-8.575,234.541,1.0
4.2333,128.18955,37.905736,5735.2777344,95.936,-8.645,234.758,1.0
4.25,128.189522,37.905708,5734.5535296,95.987,-8.716,234.975,1.0
4.2666,128.189493,37.90568,5733.8253624,96.038,-8.788,235.192,1.0
4.2833,128.189465,37.905652,5733.093537600001,96.089,-8.859,235.409,1.0
4.3,128.189436,37.905625,5732.357445600001,96.14,-8.931,235.626,1.0
4.3166,128.189407,37.905597,5731.617696,96.191,-9.003,235.843,1.0
4.3333,128.189378,37.90557,5730.873679200001,96.242,-9.075,236.06,1.0
4.35,128.189349,37.905542,5730.1257000000005,96.293,-9.147,236.277,1.0
4.3666,128.18932,37.905515,5729.3737584,96.344,-9.22,236.493,1.0
4.3833,128.189291,37.905488,5728.6178544,96.395,-9.293,236.71,1.0
4.4,128.189261,37.905461,5727.857988000001,96.446,-9.366,236.927,1.0
4.4166,128.189232,37.905434,5727.0938544,96.497,-9.439,237.144,1.0
4.4333,128.189202,37.905407,5726.3254536,96.548,-9.513,237.36,1.0
4.45,128.189172,37.90538,5725.5533952000005,96.599,-9.586,237.577,1.0
4.4666,128.189142,37.905354,5724.776764800001,96.65,-9.661,237.794,1.0
4.4833,128.189112,37.905327,5723.9964768,96.702,-9.735,238.011,1.0
4.5,128.189082,37.905301,5723.2116168,96.753,-9.809,238.227,1.0
4.5166,128.189052,37.905274,5722.4227944,96.804,-9.884,238.444,1.0
4.5333,128.189021,37.905248,5721.6300096,96.856,-9.959,238.661,1.0
4.55,128.188991,37.905222,5720.8326528,96.907,-10.035,238.877,1.0
4.5666,128.18896,37.905196,5720.031333600001,96.959,-10.11,239.094,1.0
4.5833,128.188929,37.90517,5719.2254424,97.01,-10.186,239.311,1.0
4.6,128.188899,37.905144,5718.4155888,97.062,-10.262,239.528,1.0
4.6166,128.188868,37.905118,5717.601468,97.113,-10.338,239.744,1.0
4.6333,128.188837,37.905092,5716.78308,97.164,-10.415,239.961,1.0
4.65,128.188805,37.905067,5715.9604248000005,97.216,-10.491,240.178,1.0
4.6666,128.188774,37.905041,5715.133197600001,97.267,-10.568,240.394,1.0
4.6833,128.188743,37.905016,5714.302008,97.319,-10.646,240.611,1.0
4.7,128.188711,37.90499,5713.4662464,97.37,-10.723,240.828,1.0
4.7166,128.188679,37.904965,5712.6259128,97.421,-10.801,241.044,1.0
4.7333,128.188648,37.90494,5711.7816168,97.472,-10.879,241.261,1.0
4.75,128.188616,37.904915,5710.9327488,97.524,-10.957,241.478,1.0
4.7666,128.188584,37.90489,5710.0793088,97.575,-11.035,241.695,1.0
4.7833,128.188552,37.904865,5709.221906400001,97.626,-11.114,241.911,1.0
4.8,128.18852,37.904841,5708.3596272,97.677,-11.193,242.128,1.0
4.8166,128.188487,37.904816,5707.4930808,97.728,-11.272,242.345,1.0
4.8333,128.188455,37.904791,5706.6219624,97.779,-11.352,242.562,1.0
4.85,128.188422,37.904767,5705.746272,97.83,-11.431,242.779,1.0
4.8666,128.18839,37.904743,5704.8663144,97.881,-11.511,242.995,1.0
4.8833,128.188357,37.904718,5703.9817848,97.931,-11.591,243.212,1.0
4.9,128.188324,37.904694,5703.0926832000005,97.981,-11.672,243.429,1.0
4.9166,128.188291,37.90467,5702.199009600001,98.031,-11.752,243.646,1.0
4.9333,128.188258,37.904646,5701.3007640000005,98.081,-11.833,243.863,1.0
4.95,128.188225,37.904623,5700.3976416000005,98.132,-11.914,244.08,1.0
4.9666,128.188192,37.904599,5699.4902520000005,98.181,-11.995,244.297,1.0
4.9833,128.188158,37.904575,5698.5782904,98.231,-12.077,244.514,1.0
5.0,128.188125,37.904552,5697.661452000001,98.281,-12.159,244.731,1.0
5.0166,128.188091,37.904528,5696.7400416,98.331,-12.241,244.948,1.0
5.0333,128.188058,37.904505,5695.8140592,98.38,-12.323,245.165,1.0
5.05,128.188024,37.904482,5694.8832,98.429,-12.406,245.382,1.0
5.0666,128.18799,37.904459,5693.947768800001,98.479,-12.488,245.6,1.0
5.0833,128.187956,37.904436,5693.0074608,98.528,-12.571,245.817,1.0
5.1,128.187922,37.904413,5692.0625808,98.576,-12.655,246.034,1.0
5.1166,128.187888,37.90439,5691.112824000001,98.625,-12.738,246.251,1.0
5.1333,128.187853,37.904367,5690.1584952,98.673,-12.822,246.469,1.0
5.15,128.187819,37.904345,5689.1989848,98.721,-12.906,246.686,1.0
5.1666,128.187785,37.904323,5688.2349024,98.769,-12.99,246.904,1.0
5.1833,128.18775,37.9043,5687.266248,98.816,-13.074,247.122,1.0
5.2,128.187715,37.904278,5686.292412,98.863,-13.159,247.339,1.0
5.2166,128.187681,37.904256,5685.3136992,98.91,-13.243,247.557,1.0
5.2333,128.187646,37.904234,5684.3304144,98.957,-13.329,247.775,1.0
5.25,128.187611,37.904212,5683.341948,99.003,-13.414,247.993,1.0
5.2666,128.187576,37.90419,5682.3489096,99.05,-13.499,248.211,1.0
5.2833,128.187541,37.904168,5681.3506896,99.096,-13.585,248.429,1.0
5.3,128.187506,37.904147,5680.347592800001,99.142,-13.671,248.647,1.0
5.3166,128.18747,37.904125,5679.339619200001,99.188,-13.757,248.865,1.0
5.3333,128.187435,37.904104,5678.326464000001,99.234,-13.844,249.083,1.0
5.35,128.187399,37.904083,5677.308736800001,99.28,-13.93,249.301,1.0
5.3666,128.187364,37.904062,5676.285828,99.325,-14.017,249.52,1.0
5.3833,128.187328,37.904041,5675.257737600001,99.371,-14.104,249.738,1.0
5.4,128.187292,37.90402,5674.224770400001,99.416,-14.192,249.957,1.0
5.4166,128.187257,37.903999,5673.1869264,99.461,-14.279,250.175,1.0
5.4333,128.187221,37.903978,5672.143900800001,99.506,-14.367,250.394,1.0
5.45,128.187185,37.903958,5671.0956936,99.55,-14.455,250.613,1.0
5.4666,128.187148,37.903937,5670.0423048,99.595,-14.543,250.831,1.0
5.4833,128.187112,37.903917,5668.9840392,99.638,-14.631,251.05,1.0
5.5,128.187076,37.903897,5667.920592,99.682,-14.72,251.269,1.0
5.5166,128.18704,37.903877,5666.852268000001,99.725,-14.808,251.488,1.0
5.5333,128.187003,37.903857,5665.7784576,99.768,-14.897,251.707,1.0
5.55,128.186967,37.903837,5664.699465600001,99.811,-14.987,251.927,1.0
5.5666,128.18693,37.903817,5663.6155968,99.853,-15.076,252.146,1.0
5.5833,128.186893,37.903797,5662.5262416000005,99.896,-15.165,252.365,1.0
5.6,128.186857,37.903778,5661.4320096,99.938,-15.255,252.585,1.0
5.6166,128.18682,37.903758,5660.3322912,99.979,-15.345,252.804,1.0
5.6333,128.186783,37.903739,5659.2273912,100.021,-15.435,253.024,1.0
5.65,128.186746,37.90372,5658.1173096,100.062,-15.526,253.244,1.0
5.6666,128.186709,37.903701,5657.0017416,100.103,-15.616,253.464,1.0
5.6833,128.186671,37.903682,5655.8812968,100.143,-15.707,253.684,1.0
5.7,128.186634,37.903663,5654.755060800001,100.183,-15.798,253.904,1.0
5.7166,128.186597,37.903644,5653.6239479999995,100.223,-15.889,254.124,1.0
5.7333,128.18656,37.903625,5652.4873488,100.263,-15.98,254.344,1.0
5.75,128.186522,37.903607,5651.3452632,100.302,-16.071,254.565,1.0
5.7666,128.186484,37.903589,5650.197996000001,100.342,-16.163,254.785,1.0
5.7833,128.186447,37.90357,5649.0455472,100.38,-16.255,255.006,1.0
5.8,128.186409,37.903552,5647.8873072,100.419,-16.347,255.226,1.0
5.8166,128.186371,37.903534,5646.7238856,100.457,-16.439,255.447,1.0
5.8333,128.186334,37.903516,5645.555282400001,100.495,-16.532,255.668,1.0
5.85,128.186296,37.903498,5644.380888000001,100.533,-16.624,255.889,1.0
5.8666,128.186258,37.903481,5643.201312,100.571,-16.717,256.11,1.0
5.8833,128.18622,37.903463,5642.0162496,100.609,-16.81,256.331,1.0
5.9,128.186181,37.903446,5640.825396,100.646,-16.903,256.552,1.0
5.9166,128.186143,37.903428,5639.6293608000005,100.683,-16.996,256.774,1.0
5.9333,128.186105,37.903411,5638.4278392,100.72,-17.09,256.995,1.0
5.95,128.186067,37.903394,5637.2208312,100.757,-17.183,257.217,1.0
5.9666,128.186028,37.903377,5636.0083368000005,100.793,-17.277,257.439,1.0
5.9833,128.18599,37.90336,5634.790051200001,100.829,-17.371,257.661,1.0
6.0,128.185951,37.903344,5633.566279200001,100.864,-17.465,257.883,1.0
6.0166,128.185913,37.903327,5632.3370208,100.899,-17.559,258.105,1.0
6.0333,128.185874,37.903311,5631.102276,100.934,-17.653,258.327,1.0
6.05,128.185835,37.903294,5629.8620448,100.968,-17.748,258.549,1.0
6.0666,128.185796,37.903278,5628.6160224000005,101.002,-17.843,258.772,1.0
6.0833,128.185757,37.903262,5627.364208800001,101.036,-17.937,258.995,1.0
6.1,128.185719,37.903246,5626.1069088,101.069,-18.032,259.217,1.0
6.1166,128.18568,37.90323,5624.8441224,101.102,-18.128,259.44,1.0
6.1333,128.185641,37.903214,5623.5755448,101.134,-18.223,259.663,1.0
6.15,128.185601,37.903199,5622.3014808,101.166,-18.318,259.887,1.0
6.1666,128.185562,37.903183,5621.0213208,101.198,-18.414,260.11,1.0
6.1833,128.185523,37.903168,5619.735674400001,101.229,-18.51,260.333,1.0
6.2,128.185484,37.903153,5618.444541600001,101.259,-18.605,260.557,1.0
6.2166,128.185444,37.903137,5617.1473128,101.29,-18.701,260.781,1.0
6.2333,128.185405,37.903122,5615.844597600001,101.319,-18.798,261.005,1.0
6.25,128.185366,37.903108,5614.536091200001,101.349,-18.894,261.229,1.0
6.2666,128.185326,37.903093,5613.2217936,101.378,-18.99,261.453,1.0
6.2833,128.185287,37.903078,5611.9017048000005,101.407,-19.087,261.677,1.0
6.3,128.185247,37.903064,5610.5761296,101.435,-19.184,261.902,1.0
6.3166,128.185207,37.903049,5609.2444584,101.463,-19.28,262.127,1.0
6.3333,128.185168,37.903035,5607.906996000001,101.491,-19.377,262.352,1.0
6.35,128.185128,37.903021,5606.563742400001,101.518,-19.474,262.577,1.0
6.3666,128.185088,37.903007,5605.2146976,101.545,-19.572,262.802,1.0
6.3833,128.185048,37.902993,5603.859556800001,101.571,-19.669,263.027,1.0
6.4,128.185008,37.902979,5602.498929599999,101.597,-19.766,263.253,1.0
6.4166,128.184968,37.902966,5601.1322064000005,101.623,-19.864,263.478,1.0
6.4333,128.184928,37.902952,5599.7596920000005,101.648,-19.962,263.704,1.0
6.45,128.184888,37.902939,5598.3810816000005,101.673,-20.059,263.93,1.0
6.4666,128.184848,37.902926,5596.9969848,101.698,-20.157,264.157,1.0
6.4833,128.184808,37.902912,5595.606487200001,101.723,-20.255,264.383,1.0
6.5,128.184768,37.902899,5594.2105032,101.747,-20.354,264.609,1.0
6.5166,128.184727,37.902887,5592.8084232,101.771,-20.452,264.836,1.0
6.5333,128.184687,37.902874,5591.400247200001,101.794,-20.55,265.063,1.0
6.55,128.184647,37.902861,5589.98628,101.817,-20.649,265.29,1.0
6.5666,128.184606,37.902849,5588.5662168,101.84,-20.747,265.518,1.0
6.5833,128.184566,37.902836,5587.1403624,101.862,-20.846,265.745,1.0
6.6,128.184525,37.902824,5585.708412,101.884,-20.945,265.973,1.0
6.6166,128.184485,37.902812,5584.2703656,101.905,-21.043,266.201,1.0
6.6333,128.184444,37.9028,5582.826223200001,101.926,-21.142,266.429,1.0
6.65,128.184404,37.902788,5581.3762896,101.947,-21.241,266.657,1.0
6.6666,128.184363,37.902777,5579.920260000001,101.966,-21.34,266.885,1.0
6.6833,128.184323,37.902765,5578.4581344,101.986,-21.439,267.114,1.0
6.7,128.184282,37.902754,5576.9899128,102.004,-21.539,267.343,1.0
6.7166,128.184241,37.902742,5575.5155952000005,102.023,-21.638,267.572,1.0
6.7333,128.1842,37.902731,5574.0351816,102.041,-21.738,267.801,1.0
6.75,128.18416,37.90272,5572.5489768,102.058,-21.837,268.031,1.0
6.7666,128.184119,37.902709,5571.0563712,102.075,-21.937,268.261,1.0
6.7833,128.184078,37.902698,5569.557669600001,102.092,-22.036,268.491,1.0
6.8,128.184037,37.902688,5568.0531768,102.108,-22.136,268.721,1.0
6.8166,128.183996,37.902677,5566.5422832,102.124,-22.236,268.951,1.0
6.8333,128.183955,37.902667,5565.0249888,102.14,-22.336,269.182,1.0
6.85,128.183914,37.902656,5563.5019032,102.155,-22.436,269.413,1.0
6.8666,128.183873,37.902646,5561.9727216,102.169,-22.536,269.644,1.0
6.8833,128.183832,37.902636,5560.4371392,102.183,-22.636,269.875,1.0
6.9,128.183791,37.902626,5558.8954608,102.196,-22.736,270.107,1.0
6.9166,128.18375,37.902617,5557.3476864,102.209,-22.836,270.338,1.0
6.9333,128.183709,37.902607,5555.7935112000005,102.221,-22.937,270.571,1.0
6.95,128.183668,37.902598,5554.2332400000005,102.232,-23.037,270.803,1.0
6.9666,128.183626,37.902588,5552.6668728,102.244,-23.137,271.035,1.0
6.9833,128.183585,37.902579,5551.0941048,102.254,-23.238,271.268,1.0
7.0,128.183544,37.90257,5549.5152408,102.265,-23.338,271.501,1.0
7.0166,128.183503,37.902561,5547.929976,102.275,-23.439,271.734,1.0
7.0333,128.183461,37.902552,5546.3386152,102.284,-23.539,271.968,1.0
7.05,128.18342,37.902543,5544.7408536,102.293,-23.64,272.202,1.0
7.0666,128.183379,37.902535,5543.136996,102.301,-23.74,272.436,1.0
7.0833,128.183338,37.902526,5541.5267376,102.309,-23.841,272.67,1.0
7.1,128.183296,37.902518,5539.910383200001,102.316,-23.942,272.904,1.0
7.1166,128.183255,37.90251,5538.2873232,102.323,-24.043,273.139,1.0
7.1333,128.183213,37.902502,5536.658472,102.329,-24.143,273.374,1.0
7.15,128.183172,37.902494,5535.022915200001,102.335,-24.244,273.61,1.0
7.1666,128.183131,37.902486,5533.3812624,102.34,-24.345,273.845,1.0
7.1833,128.183089,37.902479,5531.7332088,102.345,-24.446,274.081,1.0
7.2,128.183048,37.902471,5530.0790592,102.349,-24.547,274.317,1.0
7.2166,128.183006,37.902464,5528.4182040000005,102.353,-24.648,274.554,1.0
7.2333,128.182965,37.902457,5526.7512528,102.356,-24.748,274.79,1.0
7.25,128.182923,37.90245,5525.077900800001,102.359,-24.849,275.027,1.0
7.2666,128.182882,37.902443,5523.398148,102.361,-24.95,275.265,1.0
7.2833,128.18284,37.902436,5521.7119944,102.363,-25.051,275.502,1.0
7.3,128.182799,37.902429,5520.01944,102.364,-25.152,275.74,1.0
7.3166,128.182757,37.902422,5518.3207896,102.365,-25.253,275.978,1.0
7.3333,128.182716,37.902416,5516.615433600001,102.365,-25.354,276.217,1.0
7.35,128.182674,37.90241,5514.9039816,102.365,-25.455,276.456,1.0
7.3666,128.182633,37.902404,5513.185824,102.364,-25.556,276.695,1.0
7.3833,128.182591,37.902398,5511.461570400001,102.362,-25.657,276.934,1.0
7.4,128.18255,37.902392,5509.730611200001,102.361,-25.758,277.174,1.0
7.4166,128.182508,37.902386,5507.993556,102.358,-25.859,277.414,1.0
7.4333,128.182467,37.90238,5506.2497952,102.355,-25.96,277.654,1.0
7.45,128.182425,37.902375,5504.499938400001,102.352,-26.061,277.895,1.0
7.4666,128.182383,37.90237,5502.743376,102.348,-26.161,278.136,1.0
7.4833,128.182342,37.902364,5500.9804128000005,102.343,-26.262,278.377,1.0
7.5,128.1823,37.902359,5499.2110488,102.338,-26.363,278.619,1.0
7.5166,128.182259,37.902354,5497.435284000001,102.332,-26.464,278.86,1.0
7.5333,128.182217,37.90235,5495.6531184000005,102.325,-26.565,279.103,1.0
7.55,128.182176,37.902345,5493.864247200001,102.318,-26.665,279.345,1.0
7.5666,128.182134,37.90234,5492.0689752,102.31,-26.766,279.588,1.0
7.5833,128.182093,37.902336,5490.2676071999995,102.301,-26.867,279.831,1.0
7.6,128.182051,37.902332,5488.4592288,102.292,-26.967,280.075,1.0
7.6166,128.182009,37.902328,5486.6447544,102.283,-27.068,280.319,1.0
7.6333,128.181968,37.902324,5484.8235744,102.272,-27.169,280.563,1.0
7.65,128.181926,37.90232,5482.996298399999,102.262,-27.269,280.808,1.0
7.6666,128.181885,37.902316,5481.1623168,102.25,-27.37,281.053,1.0
7.6833,128.181843,37.902312,5479.3216296,102.239,-27.47,281.298,1.0
7.7,128.181802,37.902309,5477.4745416000005,102.227,-27.571,281.544,1.0
7.7166,128.18176,37.902306,5475.6210528,102.214,-27.671,281.79,1.0
7.7333,128.181719,37.902303,5473.7611632,102.201,-27.771,282.036,1.0
7.75,128.181678,37.9023,5471.894568000001,102.187,-27.871,282.283,1.0
7.7666,128.181636,37.902297,5470.021572,102.172,-27.972,282.53,1.0
7.7833,128.181595,37.902294,5468.1421752,102.156,-28.072,282.778,1.0
7.8,128.181553,37.902291,5466.2560728,102.14,-28.172,283.026,1.0
7.8166,128.181512,37.902289,5464.363569600001,102.123,-28.271,283.274,1.0
7.8333,128.18147,37.902286,5462.4646656,102.106,-28.371,283.522,1.0
7.85,128.181429,37.902284,5460.559056000001,102.088,-28.471,283.771,1.0
7.8666,128.181388,37.902282,5458.6467408,102.069,-28.571,284.021,1.0
7.8833,128.181346,37.90228,5456.7283296,102.049,-28.67,284.271,1.0
7.9,128.181305,37.902278,5454.8032128,102.029,-28.77,284.521,1.0
7.9166,128.181264,37.902277,5452.871390400001,102.009,-28.869,284.771,1.0
7.9333,128.181223,37.902275,5450.9331672,101.988,-28.969,285.022,1.0
7.95,128.181181,37.902274,5448.9885432,101.966,-29.068,285.274,1.0
7.9666,128.18114,37.902273,5447.0372136000005,101.944,-29.167,285.525,1.0
7.9833,128.181099,37.902271,5445.079483200001,101.921,-29.266,285.777,1.0
8.0,128.181058,37.90227,5443.115047200001,101.898,-29.365,286.03,1.0
8.0166,128.181017,37.90227,5441.144210400001,101.874,-29.464,286.283,1.0
8.0333,128.180976,37.902269,5439.166668,101.849,-29.563,286.536,1.0
8.05,128.180934,37.902268,5437.182724800001,101.824,-29.662,286.79,1.0
8.0666,128.180893,37.902268,5435.1923808,101.798,-29.76,287.044,1.0
8.0833,128.180852,37.902268,5433.1953312000005,101.771,-29.858,287.299,1.0
8.1,128.180811,37.902267,5431.1918808,101.744,-29.957,287.554,1.0
8.1166,128.18077,37.902267,5429.181724800001,101.716,-30.055,287.809,1.0
8.1333,128.18073,37.902267,5427.165168,101.687,-30.153,288.065,1.0
8.15,128.180689,37.902268,5425.1419056,101.658,-30.251,288.321,1.0
8.1666,128.180648,37.902268,5423.1122424000005,101.628,-30.349,288.578,1.0
8.1833,128.180607,37.902269,5421.075873600001,101.597,-30.446,288.835,1.0
8.2,128.180566,37.902269,5419.033104,101.566,-30.544,289.093,1.0
8.2166,128.180525,37.90227,5416.9839336000005,101.535,-30.641,289.351,1.0
8.2333,128.180485,37.902271,5414.9280576,101.502,-30.739,289.609,1.0
8.25,128.180444,37.902272,5412.8657808,101.469,-30.836,289.868,1.0
8.2666,128.180403,37.902273,5410.7967984,101.435,-30.933,290.128,1.0
8.2833,128.180363,37.902275,5408.721415200001,101.4,-31.029,290.387,1.0
8.3,128.180322,37.902276,5406.6393264,101.364,-31.126,290.648,1.0
8.3166,128.180282,37.902278,5404.5508368,101.328,-31.223,290.908,1.0
8.3333,128.180241,37.902279,5402.4559464,101.291,-31.319,291.169,1.0
8.35,128.180201,37.902281,5400.3543504,101.253,-31.415,291.431,1.0
8.3666,128.18016,37.902283,5398.2463536000005,101.215,-31.511,291.693,1.0
8.3833,128.18012,37.902285,5396.1316512,101.176,-31.607,291.956,1.0
8.4,128.18008,37.902288,5394.010548,101.136,-31.702,292.219,1.0
8.4166,128.180039,37.90229,5391.883044,101.097,-31.798,292.482,1.0
8.4333,128.179999,37.902293,5389.748834399999,101.056,-31.893,292.746,1.0
8.45,128.179959,37.902295,5387.6082240000005,101.014,-31.988,293.01,1.0
8.4666,128.179919,37.902298,5385.4612128,100.972,-32.083,293.275,1.0
8.4833,128.179879,37.902301,5383.3078008,100.929,-32.178,293.54,1.0
8.5,128.179839,37.902304,5381.147683200001,100.885,-32.272,293.806,1.0
8.5166,128.179799,37.902307,5378.9811648,100.841,-32.366,294.072,1.0
8.5333,128.179759,37.902311,5376.8082456,100.796,-32.461,294.339,1.0
8.55,128.179719,37.902314,5374.6286208,100.751,-32.554,294.606,1.0
8.5666,128.179679,37.902318,5372.4425952,100.704,-32.648,294.874,1.0
8.5833,128.17964,37.902322,5370.2501688,100.657,-32.741,295.142,1.0
8.6,128.1796,37.902326,5368.0513416,100.61,-32.835,295.41,1.0
8.6166,128.17956,37.90233,5365.8461136000005,100.562,-32.928,295.679,1.0
8.6333,128.179521,37.902334,5363.63418,100.513,-33.02,295.948,1.0
8.65,128.179481,37.902338,5361.4161504,100.463,-33.113,296.218,1.0
8.6666,128.179442,37.902343,5359.191415200001,100.413,-33.205,296.489,1.0
8.6833,128.179402,37.902347,5356.9602792000005,100.362,-33.297,296.76,1.0
8.7,128.179363,37.902352,5354.7227424,100.31,-33.389,297.031,1.0
8.7166,128.179324,37.902357,5352.4788048,100.258,-33.48,297.303,1.0
8.7333,128.179284,37.902362,5350.2284664,100.205,-33.572,297.575,1.0
8.75,128.179245,37.902367,5347.9717272,100.151,-33.663,297.848,1.0
8.7666,128.179206,37.902372,5345.708587200001,100.097,-33.754,298.121,1.0
8.7833,128.179167,37.902377,5343.439046400001,100.042,-33.844,298.395,1.0
8.8,128.179128,37.902383,5341.1631048,99.986,-33.935,298.669,1.0
8.8166,128.179089,37.902389,5338.8807624,99.93,-34.025,298.944,1.0
8.8333,128.17905,37.902394,5336.592324,99.873,-34.115,299.22,1.0
8.85,128.179012,37.9024,5334.29718,99.816,-34.204,299.495,1.0
8.8666,128.178973,37.902406,5331.9956352,99.757,-34.293,299.772,1.0
8.8833,128.178934,37.902413,5329.6879944,99.698,-34.382,300.048,1.0
8.9,128.178896,37.902419,5327.3739528,99.638,-34.471,300.326,1.0
8.9166,128.178857,37.902425,5325.053510400001,99.577,-34.559,300.604,1.0
8.9333,128.178819,37.902432,5322.7266672,99.515,-34.648,300.882,1.0
8.95,128.178781,37.902439,5320.3934232,99.453,-34.735,301.161,1.0
8.9666,128.178742,37.902445,5318.054083200001,99.39,-34.823,301.44,1.0
8.9833,128.178704,37.902452,5315.7083424,99.326,-34.91,301.72,1.0
9.0,128.178666,37.902459,5313.356505600001,99.261,-34.997,302.001,1.0
9.0166,128.178628,37.902467,5310.998268,99.196,-35.084,302.282,1.0
9.0333,128.17859,37.902474,5308.6336296,99.13,-35.17,302.563,1.0
9.05,128.178552,37.902482,5306.2628952000005,99.063,-35.256,302.845,1.0
9.0666,128.178515,37.902489,5303.88576,98.995,-35.342,303.128,1.0
9.0833,128.178477,37.902497,5301.502528800001,98.927,-35.428,303.411,1.0
9.1,128.178439,37.902505,5299.1128968,98.858,-35.513,303.695,1.0
9.1166,128.178402,37.902513,5296.717168800001,98.789,-35.598,303.979,1.0
9.1333,128.178364,37.902521,5294.31504,98.719,-35.682,304.264,1.0
9.15,128.178327,37.902529,5291.906815200001,98.648,-35.767,304.549,1.0
9.1666,128.17829,37.902538,5289.4924944,98.575,-35.85,304.835,1.0
9.1833,128.178253,37.902546,5287.072077600001,98.502,-35.934,305.121,1.0
9.2,128.178215,37.902555,5284.64526,98.429,-36.017,305.408,1.0
9.2166,128.178178,37.902564,5282.212346400001,98.354,-36.1,305.695,1.0
9.2333,128.178141,37.902573,5279.7733368,98.279,-36.183,305.983,1.0
9.25,128.178105,37.902582,5277.3282312,98.203,-36.265,306.272,1.0
9.2666,128.178068,37.902591,5274.8767248,98.127,-36.347,306.561,1.0
9.2833,128.178031,37.9026,5272.4194272,98.05,-36.428,306.851,1.0
9.3,128.177995,37.90261,5269.9560336,97.972,-36.509,307.141,1.0
9.3166,128.177958,37.902619,5267.4862391999995,97.894,-36.59,307.432,1.0
9.3333,128.177922,37.902629,5265.0106536,97.815,-36.671,307.723,1.0
9.35,128.177886,37.902639,5262.528972,97.735,-36.751,308.015,1.0
9.3666,128.177849,37.902649,5260.0411944,97.654,-36.83,308.307,1.0
9.3833,128.177813,37.902659,5257.547320799999,97.573,-36.91,308.6,1.0
9.4,128.177777,37.902669,5255.047656000001,97.49,-36.989,308.894,1.0
9.4166,128.177741,37.902679,5252.5415904,97.407,-37.067,309.188,1.0
9.4333,128.177706,37.90269,5250.0297336,97.323,-37.145,309.483,1.0
9.45,128.17767,37.9027,5247.5120856,97.238,-37.223,309.778,1.0
9.4666,128.177634,37.902711,5244.9883416,97.152,-37.3,310.074,1.0
9.4833,128.177599,37.902722,5242.458501600001,97.066,-37.377,310.37,1.0
9.5,128.177563,37.902733,5239.922870400001,96.978,-37.454,310.667,1.0
9.5166,128.177528,37.902744,5237.381143199999,96.891,-37.53,310.965,1.0
9.5333,128.177493,37.902755,5234.8336248000005,96.802,-37.606,311.263,1.0
9.55,128.177458,37.902767,5232.280315200001,96.712,-37.681,311.561,1.0
9.5666,128.177423,37.902778,5229.7212144000005,96.622,-37.756,311.86,1.0
9.5833,128.177388,37.90279,5227.1560176,96.531,-37.831,312.16,1.0
9.6,128.177353,37.902801,5224.5850296,96.44,-37.905,312.461,1.0
9.6166,128.177319,37.902813,5222.0082504,96.348,-37.979,312.762,1.0
9.6333,128.177284,37.902825,5219.425679999999,96.255,-38.052,313.063,1.0
9.65,128.17725,37.902837,5216.8370136,96.161,-38.125,313.365,1.0
9.6666,128.177215,37.902849,5214.242860800001,96.066,-38.197,313.668,1.0
9.6833,128.177181,37.902862,5211.6429167999995,95.97,-38.269,313.971,1.0
9.7,128.177147,37.902874,5209.037181600001,95.874,-38.341,314.275,1.0
9.7166,128.177113,37.902887,5206.425655200001,95.777,-38.412,314.579,1.0
9.7333,128.177079,37.902899,5203.8086424,95.679,-38.483,314.884,1.0
9.75,128.177046,37.902912,5201.185838400001,95.58,-38.553,315.189,1.0
9.7666,128.177012,37.902925,5198.5572432,95.481,-38.622,315.495,1.0
9.7833,128.176978,37.902938,5195.922856800001,95.381,-38.692,315.802,1.0
9.8,128.176945,37.902951,5193.283288799999,95.281,-38.761,316.109,1.0
9.8166,128.176912,37.902965,5190.637624800001,95.18,-38.829,316.417,1.0
9.8333,128.176879,37.902978,5187.986474400001,95.078,-38.897,316.725,1.0
9.85,128.176846,37.902992,5185.3298376,94.975,-38.964,317.034,1.0
9.8666,128.176813,37.903005,5182.6677144000005,94.871,-39.031,317.344,1.0
9.8833,128.17678,37.903019,5179.9998000000005,94.767,-39.097,317.654,1.0
9.9,128.176747,37.903033,5177.326704,94.662,-39.163,317.964,1.0
9.9166,128.176715,37.903047,5174.6478168,94.556,-39.229,318.275,1.0
9.9333,128.176682,37.903061,5171.963443199999,94.449,-39.294,318.587,1.0
9.95,128.17665,37.903075,5169.273583200001,94.342,-39.358,318.899,1.0
9.9666,128.176618,37.90309,5166.5782368,94.234,-39.422,319.212,1.0
9.9833,128.176586,37.903104,5163.877708800001,94.125,-39.485,319.525,1.0
10.0,128.176554,37.903119,5161.1713896,94.015,-39.548,319.839,1.0
10.0166,128.176522,37.903134,5158.4598888,93.905,-39.611,320.154,1.0
10.0333,128.17649,37.903148,5155.7432064,93.795,-39.673,320.469,1.0
10.05,128.176459,37.903163,5153.020732800001,93.683,-39.734,320.784,1.0
10.0666,128.176427,37.903178,5150.2933824,93.572,-39.795,321.1,1.0
10.0833,128.176396,37.903194,5147.5605456,93.459,-39.856,321.417,1.0
10.1,128.176365,37.903209,5144.8222224,93.347,-39.916,321.734,1.0
10.1166,128.176334,37.903224,5142.0787176,93.234,-39.975,322.052,1.0
10.1333,128.176303,37.90324,5139.3300312,93.12,-40.034,322.37,1.0
10.15,128.176272,37.903255,5136.5761632,93.005,-40.092,322.689,1.0
10.1666,128.176242,37.903271,5133.8171136,92.889,-40.15,323.009,1.0
10.1833,128.176211,37.903287,5131.0528824,92.773,-40.207,323.328,1.0
10.2,128.176181,37.903303,5128.283469600001,92.656,-40.263,323.649,1.0
10.2166,128.176151,37.903319,5125.5088752,92.538,-40.319,323.97,1.0
10.2333,128.176121,37.903335,5122.7290992,92.419,-40.375,324.291,1.0
10.25,128.176091,37.903352,5119.944141600001,92.3,-40.43,324.613,1.0
10.2666,128.176061,37.903368,5117.1543071999995,92.18,-40.484,324.936,1.0
10.2833,128.176032,37.903385,5114.359596,92.059,-40.538,325.259,1.0
10.3,128.176002,37.903401,5111.5593984,91.938,-40.591,325.583,1.0
10.3166,128.175973,37.903418,5108.7546288,91.817,-40.644,325.907,1.0
10.3333,128.175944,37.903435,5105.9446776,91.694,-40.696,326.231,1.0
10.35,128.175914,37.903452,5103.1298496,91.571,-40.748,326.557,1.0
10.3666,128.175886,37.903469,5100.3101448,91.448,-40.799,326.882,1.0
10.3833,128.175857,37.903486,5097.4852584,91.324,-40.849,327.208,1.0
10.4,128.175828,37.903503,5094.6558,91.199,-40.899,327.535,1.0
10.4166,128.1758,37.903521,5091.8214648,91.074,-40.948,327.862,1.0
10.4333,128.175771,37.903538,5088.981948,90.947,-40.997,328.19,1.0
10.45,128.175743,37.903556,5086.138164,90.821,-41.045,328.518,1.0
10.4666,128.175715,37.903573,5083.2891984,90.693,-41.092,328.847,1.0
10.4833,128.175687,37.903591,5080.435660800001,90.565,-41.139,329.176,1.0
10.5,128.17566,37.903609,5077.5772464,90.437,-41.185,329.505,1.0
10.5166,128.175632,37.903627,5074.714260000001,90.307,-41.231,329.835,1.0
10.5333,128.175605,37.903645,5071.8467016,90.177,-41.276,330.166,1.0
10.55,128.175577,37.903664,5068.9742664,90.047,-41.32,330.497,1.0
10.5666,128.17555,37.903682,5066.097259200001,89.915,-41.364,330.828,1.0
10.5833,128.175523,37.9037,5063.21568,89.783,-41.407,331.16,1.0
10.6,128.175497,37.903719,5060.329528800001,89.65,-41.449,331.493,1.0
10.6166,128.17547,37.903738,5057.438805600001,89.517,-41.491,331.826,1.0
10.6333,128.175444,37.903756,5054.543815200001,89.383,-41.532,332.159,1.0
10.65,128.175417,37.903775,5051.643948,89.249,-41.573,332.493,1.0
10.6666,128.175391,37.903794,5048.7398136,89.114,-41.613,332.827,1.0
10.6833,128.175365,37.903813,5045.8311072,88.978,-41.652,333.162,1.0
10.7,128.175339,37.903832,5042.918133600001,88.843,-41.691,333.497,1.0
10.7166,128.175314,37.903852,5040.000892800001,88.707,-41.729,333.832,1.0
10.7333,128.175288,37.903871,5037.0790799999995,88.57,-41.766,334.168,1.0
10.75,128.175263,37.90389,5034.153,88.433,-41.803,334.505,1.0
10.7666,128.175238,37.90391,5031.2226528,88.296,-41.839,334.841,1.0
10.7833,128.175213,37.90393,5028.288038400001,88.158,-41.875,335.179,1.0
10.8,128.175188,37.903949,5025.3494616,88.02,-41.91,335.516,1.0
10.8166,128.175163,37.903969,5022.4063128,87.881,-41.944,335.854,1.0
10.8333,128.175139,37.903989,5019.458896800001,87.742,-41.977,336.192,1.0
10.85,128.175114,37.904009,5016.507518400001,87.602,-42.01,336.53,1.0
10.8666,128.17509,37.904029,5013.5521776000005,87.461,-42.042,336.869,1.0
10.8833,128.175066,37.904049,5010.5925696,87.32,-42.073,337.207,1.0
10.9,128.175042,37.90407,5007.6289992,87.179,-42.104,337.545,1.0
10.9166,128.175018,37.90409,5004.6611616,87.038,-42.134,337.883,1.0
10.9333,128.174995,37.904111,5001.6893616,86.896,-42.164,338.22,1.0
10.95,128.174972,37.904131,4998.713904,86.754,-42.193,338.558,1.0
10.9666,128.174948,37.904152,4995.734179200001,86.611,-42.221,338.895,1.0
10.9833,128.174925,37.904173,4992.7507968,86.469,-42.248,339.232,1.0
11.0,128.174903,37.904194,4989.7631472,86.327,-42.275,339.569,1.0
11.0166,128.17488,37.904214,4986.7721448,86.184,-42.302,339.906,1.0
11.0333,128.174857,37.904236,4983.7768752,86.041,-42.327,340.243,1.0
11.05,128.174835,37.904257,4980.777948,85.898,-42.352,340.579,1.0
11.0666,128.174813,37.904278,4977.7753632,85.755,-42.377,340.916,1.0
11.0833,128.174791,37.904299,4974.769120800001,85.611,-42.4,341.252,1.0
11.1,128.174769,37.904321,4971.758916000001,85.468,-42.423,341.588,1.0
11.1166,128.174748,37.904342,4968.7450536,85.324,-42.446,341.923,1.0
11.1333,128.174726,37.904364,4965.7278384,85.18,-42.468,342.259,1.0
11.15,128.174705,37.904385,4962.7066608000005,85.036,-42.489,342.594,1.0
11.1666,128.174684,37.904407,4959.6821304000005,84.891,-42.509,342.93,1.0
11.1833,128.174663,37.904429,4956.6539424,84.746,-42.529,343.265,1.0
11.2,128.174642,37.904451,4953.6224016,84.601,-42.548,343.599,1.0
11.2166,128.174622,37.904473,4950.587203200001,84.457,-42.566,343.934,1.0
11.2333,128.174602,37.904495,4947.548652,84.312,-42.584,344.269,1.0
11.25,128.174581,37.904517,4944.5064432,84.167,-42.602,344.603,1.0
11.2666,128.174561,37.904539,4941.4611864,84.023,-42.618,344.937,1.0
11.2833,128.174542,37.904561,4938.4122720000005,83.879,-42.634,345.271,1.0
11.3,128.174522,37.904584,4935.360309600001,83.736,-42.65,345.605,1.0
11.3166,128.174503,37.904606,4932.3049944,83.592,-42.665,345.938,1.0
11.3333,128.174483,37.904629,4929.2463264,83.449,-42.679,346.272,1.0
11.35,128.174464,37.904652,4926.184305600001,83.306,-42.692,346.605,1.0
11.3666,128.174445,37.904674,4923.1192368,83.162,-42.705,346.938,1.0
11.3833,128.174427,37.904697,4920.0508152,83.019,-42.717,347.271,1.0
11.4,128.174408,37.90472,4916.979345600001,82.876,-42.728,347.604,1.0
11.4166,128.17439,37.904743,4913.904828000001,82.733,-42.739,347.936,1.0
11.4333,128.174372,37.904766,4910.8272624,82.59,-42.749,348.268,1.0
11.45,128.174354,37.904789,4907.746648800001,82.447,-42.759,348.6,1.0
11.4666,128.174336,37.904812,4904.6629872,82.304,-42.768,348.932,1.0
11.4833,128.174319,37.904835,4901.5765824,82.162,-42.776,349.264,1.0
11.5,128.174301,37.904859,4898.4868248,82.02,-42.784,349.596,1.0
11.5166,128.174284,37.904882,4895.394324,81.878,-42.791,349.927,1.0
11.5333,128.174267,37.904906,4892.299080000001,81.737,-42.798,350.258,1.0
11.55,128.17425,37.904929,4889.200788,81.595,-42.804,350.589,1.0
11.5666,128.174234,37.904953,4886.099752800001,81.455,-42.809,350.92,1.0
11.5833,128.174217,37.904976,4882.9959744,81.314,-42.814,351.25,1.0
11.6,128.174201,37.905,4879.889148,81.174,-42.818,351.58,1.0
11.6166,128.174185,37.905024,4876.7798832,81.034,-42.821,351.91,1.0
11.6333,128.174169,37.905048,4873.667875200001,80.894,-42.824,352.24,1.0
11.65,128.174153,37.905072,4870.5534288,80.755,-42.826,352.57,1.0
11.6666,128.174138,37.905096,4867.4359344,80.615,-42.828,352.899,1.0
11.6833,128.174123,37.90512,4864.3160016,80.476,-42.829,353.229,1.0
11.7,128.174108,37.905144,4861.1936304,80.337,-42.829,353.557,1.0
11.7166,128.174093,37.905168,4858.0688208,80.198,-42.829,353.886,1.0
11.7333,128.174078,37.905192,4854.9412680000005,80.059,-42.828,354.215,1.0
11.75,128.174063,37.905217,4851.8112768,79.92,-42.827,354.543,1.0
11.7666,128.174049,37.905241,4848.6788472,79.781,-42.825,354.871,1.0
11.7833,128.174035,37.905266,4845.5442840000005,79.643,-42.822,355.199,1.0
11.8,128.174021,37.90529,4842.406977600001,79.504,-42.819,355.526,1.0
11.8166,128.174007,37.905315,4839.2675376,79.366,-42.815,355.854,1.0
11.8333,128.173994,37.905339,4836.1256592,79.227,-42.811,356.181,1.0
11.85,128.173981,37.905364,4832.9816472,79.09,-42.806,356.508,1.0
11.8666,128.173968,37.905389,4829.8355016000005,78.952,-42.8,356.834,1.0
11.8833,128.173955,37.905414,4826.6869176,78.815,-42.794,357.161,1.0
11.9,128.173942,37.905439,4823.5362000000005,78.678,-42.787,357.487,1.0
11.9166,128.173929,37.905464,4820.3836536,78.542,-42.78,357.813,1.0
11.9333,128.173917,37.905489,4817.2286688,78.407,-42.772,358.138,1.0
11.95,128.173905,37.905514,4814.0715504,78.271,-42.764,358.464,1.0
11.9666,128.173893,37.905539,4810.9126032,78.136,-42.755,358.789,1.0
11.9833,128.173881,37.905564,4807.7515224,78.001,-42.745,359.113,1.0
12.0,128.17387,37.905589,4804.5886128,77.867,-42.735,359.438,1.0
12.0166,128.173858,37.905615,4801.4235696,77.733,-42.725,359.762,1.0
12.0333,128.173847,37.90564,4798.2566976,77.599,-42.713,0.086,1.0
12.05,128.173836,37.905665,4795.0879968,77.466,-42.702,0.41,1.0
12.0666,128.173826,37.905691,4791.9174672,77.333,-42.689,0.733,1.0
12.0833,128.173815,37.905716,4788.7451088,77.2,-42.676,1.056,1.0
12.1,128.173805,37.905742,4785.5709216,77.068,-42.663,1.379,1.0
12.1166,128.173795,37.905767,4782.3949056,76.936,-42.649,1.702,1.0
12.1333,128.173785,37.905793,4779.2173656,76.804,-42.634,2.024,1.0
12.15,128.173775,37.905819,4776.0379968,76.672,-42.619,2.346,1.0
12.1666,128.173766,37.905844,4772.857104,76.54,-42.603,2.667,1.0
12.1833,128.173756,37.90587,4769.6743824000005,76.408,-42.587,2.989,1.0
12.2,128.173747,37.905896,4766.4901368,76.277,-42.57,3.31,1.0
12.2166,128.173738,37.905922,4763.304672,76.145,-42.553,3.63,1.0
12.2333,128.17373,37.905948,4760.1173784,76.014,-42.535,3.951,1.0
12.25,128.173721,37.905974,4756.9285608,75.883,-42.516,4.271,1.0
12.2666,128.173713,37.906,4753.738524,75.752,-42.497,4.591,1.0
12.2833,128.173705,37.906026,4750.5469632,75.621,-42.477,4.91,1.0
12.3,128.173697,37.906052,4747.3538784,75.49,-42.457,5.23,1.0
12.3166,128.173689,37.906078,4744.1595744,75.36,-42.436,5.549,1.0
12.3333,128.173682,37.906104,4740.9640512,75.23,-42.415,5.868,1.0
12.35,128.173675,37.906131,4737.7673088,75.101,-42.394,6.186,1.0
12.3666,128.173667,37.906157,4734.5690424,74.972,-42.371,6.505,1.0
12.3833,128.173661,37.906183,4731.3695568,74.844,-42.348,6.823,1.0
12.4,128.173654,37.906209,4728.169156800001,74.717,-42.325,7.14,1.0
12.4166,128.173648,37.906236,4724.9675376,74.59,-42.301,7.458,1.0
12.4333,128.173641,37.906262,4721.7646992,74.463,-42.277,7.775,1.0
12.45,128.173635,37.906289,4718.560946400001,74.337,-42.252,8.092,1.0
12.4666,128.17363,37.906315,4715.3559744,74.211,-42.226,8.409,1.0
12.4833,128.173624,37.906342,4712.150088,74.085,-42.2,8.725,1.0
12.5,128.173619,37.906368,4708.942982400001,73.96,-42.174,9.041,1.0
12.5166,128.173613,37.906395,4705.7352672,73.835,-42.147,9.356,1.0
12.5333,128.173608,37.906422,4702.5266376,73.711,-42.119,9.672,1.0
12.55,128.173604,37.906448,4699.316788800001,73.587,-42.091,9.987,1.0
12.5666,128.173599,37.906475,4696.106330400001,73.464,-42.062,10.302,1.0
12.5833,128.173595,37.906502,4692.8952624,73.342,-42.033,10.616,1.0
12.6,128.173591,37.906528,4689.68328,73.22,-42.004,10.93,1.0
12.6166,128.173587,37.906555,4686.4703832000005,73.099,-41.974,11.244,1.0
12.6333,128.173583,37.906582,4683.2568768,72.978,-41.943,11.557,1.0
12.65,128.17358,37.906609,4680.0427608,72.857,-41.912,11.87,1.0
12.6666,128.173576,37.906636,4676.8280352,72.736,-41.88,12.183,1.0
12.6833,128.173573,37.906663,4673.612700000001,72.615,-41.848,12.495,1.0
12.7,128.17357,37.90669,4670.3967552,72.494,-41.815,12.807,1.0
12.7166,128.173568,37.906717,4667.1802008,72.374,-41.782,13.119,1.0
12.7333,128.173565,37.906743,4663.963036800001,72.254,-41.748,13.43,1.0
12.75,128.173563,37.90677,4660.745568,72.134,-41.714,13.741,1.0
12.7666,128.173561,37.906798,4657.5277944,72.016,-41.68,14.052,1.0
12.7833,128.173559,37.906825,4654.3094112,71.898,-41.645,14.362,1.0
12.8,128.173557,37.906852,4651.0907232,71.781,-41.609,14.672,1.0
12.8166,128.173556,37.906879,4647.8717304,71.665,-41.573,14.982,1.0
12.8333,128.173555,37.906906,4644.6524328000005,71.549,-41.537,15.291,1.0
12.85,128.173554,37.906933,4641.4328304,71.433,-41.5,15.599,1.0
12.8666,128.173553,37.90696,4638.212923200001,71.318,-41.462,15.908,1.0
12.8833,128.173553,37.906987,4634.9927112000005,71.202,-41.424,16.216,1.0
12.9,128.173552,37.907014,4631.7724992,71.088,-41.386,16.523,1.0
12.9166,128.173552,37.907042,4628.5522872,70.973,-41.347,16.831,1.0
12.9333,128.173552,37.907069,4625.3317704,70.859,-41.308,17.137,1.0
12.95,128.173552,37.907096,4622.1112536,70.744,-41.268,17.444,1.0
12.9666,128.173553,37.907123,4618.8907368,70.63,-41.227,17.75,1.0
12.9833,128.173554,37.907151,4615.67022,70.515,-41.187,18.055,1.0
13.0,128.173555,37.907178,4612.449703200001,70.401,-41.145,18.361,1.0
13.0166,128.173556,37.907205,4609.2291864,70.287,-41.104,18.665,1.0
13.0333,128.173557,37.907233,4606.0089744,70.174,-41.062,18.97,1.0
13.0499,128.173559,37.90726,4602.7887624,70.062,-41.019,19.274,1.0
13.0666,128.17356,37.907287,4599.5685504,69.951,-40.976,19.578,1.0
13.0833,128.173562,37.907315,4596.3486432,69.841,-40.933,19.881,1.0
13.1,128.173565,37.907342,4593.1290408,69.733,-40.89,20.184,1.0
13.1166,128.173567,37.907369,4589.9097432,69.625,-40.846,20.487,1.0
13.1333,128.17357,37.907397,4586.6904456,69.518,-40.801,20.789,1.0
13.15,128.173572,37.907424,4583.4717576,69.411,-40.756,21.091,1.0
13.1666,128.173575,37.907451,4580.2533744,69.305,-40.71,21.392,1.0
13.1833,128.173579,37.907479,4577.035296,69.199,-40.664,21.692,1.0
13.2,128.173582,37.907506,4573.8178272000005,69.093,-40.618,21.993,1.0
13.2166,128.173586,37.907533,4570.6006632,68.988,-40.571,22.293,1.0
13.2333,128.17359,37.907561,4567.383804,68.883,-40.524,22.592,1.0
13.25,128.173594,37.907588,4564.1678592,68.779,-40.476,22.891,1.0
13.2666,128.173598,37.907616,4560.9522192,68.676,-40.428,23.19,1.0
13.2833,128.173603,37.907643,4557.737188800001,68.574,-40.38,23.488,1.0
13.3,128.173607,37.907671,4554.522768,68.472,-40.332,23.786,1.0
13.3166,128.173612,37.907698,4551.3089568000005,68.371,-40.282,24.084,1.0
13.3333,128.173618,37.907725,4548.0957552,68.272,-40.233,24.381,1.0
13.35,128.173623,37.907753,4544.883468,68.172,-40.183,24.677,1.0
13.3666,128.173629,37.90778,4541.6717904,68.074,-40.133,24.973,1.0
13.3833,128.173634,37.907808,4538.4610272,67.977,-40.082,25.269,1.0
13.4,128.17364,37.907835,4535.250873600001,67.88,-40.031,25.565,1.0
13.4166,128.173647,37.907862,4532.0416344000005,67.785,-39.98,25.859,1.0
13.4333,128.173653,37.90789,4528.833309600001,67.689,-39.928,26.154,1.0
13.45,128.17366,37.907917,4525.6258992,67.594,-39.876,26.448,1.0
13.4666,128.173667,37.907944,4522.4194032000005,67.499,-39.824,26.741,1.0
13.4833,128.173674,37.907972,4519.2138216,67.404,-39.771,27.035,1.0
13.5,128.173681,37.907999,4516.0094592000005,67.31,-39.717,27.327,1.0
13.5166,128.173688,37.908027,4512.8060112,67.216,-39.664,27.62,1.0
13.5333,128.173696,37.908054,4509.603477600001,67.123,-39.61,27.911,1.0
13.55,128.173704,37.908081,4506.4021632,67.03,-39.556,28.203,1.0
13.5666,128.173712,37.908109,4503.2017632,66.938,-39.501,28.494,1.0
13.5833,128.17372,37.908136,4500.0028872,66.846,-39.446,28.785,1.0
13.6,128.173729,37.908163,4496.8049256,66.755,-39.391,29.075,1.0
13.6166,128.173738,37.908191,4493.6081832,66.665,-39.335,29.365,1.0
13.6333,128.173747,37.908218,4490.412660000001,66.576,-39.279,29.654,1.0
13.65,128.173756,37.908245,4487.2186608,66.488,-39.223,29.943,1.0
13.6666,128.173765,37.908272,4484.025576000001,66.401,-39.167,30.232,1.0
13.6833,128.173775,37.9083,4480.8340152,66.315,-39.11,30.52,1.0
13.7,128.173785,37.908327,4477.6439784,66.23,-39.053,30.808,1.0
13.7166,128.173795,37.908354,4474.454856,66.146,-38.995,31.095,1.0
13.7333,128.173805,37.908381,4471.2675624,66.062,-38.938,31.382,1.0
13.75,128.173815,37.908408,4468.081792800001,65.979,-38.879,31.668,1.0
13.7666,128.173826,37.908435,4464.8972424,65.895,-38.821,31.954,1.0
13.7833,128.173837,37.908463,4461.7145208,65.812,-38.762,32.239,1.0
13.8,128.173848,37.90849,4458.5330184,65.729,-38.703,32.524,1.0
13.8166,128.173859,37.908517,4455.3533448,65.646,-38.643,32.809,1.0
13.8333,128.173871,37.908544,4452.1751952,65.565,-38.583,33.093,1.0
13.85,128.173883,37.908571,4448.9985696,65.484,-38.523,33.377,1.0
13.8666,128.173894,37.908598,4445.8234680000005,65.404,-38.463,33.661,1.0
13.8833,128.173907,37.908625,4442.650500000001,65.325,-38.403,33.944,1.0
13.9,128.173919,37.908652,4439.4787512,65.246,-38.342,34.227,1.0
13.9166,128.173931,37.908679,4436.309136,65.169,-38.281,34.509,1.0
13.9333,128.173944,37.908706,4433.1410448,65.093,-38.22,34.791,1.0
13.95,128.173957,37.908733,4429.974782400001,65.017,-38.158,35.072,1.0
13.9666,128.17397,37.90876,4426.8106536,64.942,-38.096,35.353,1.0
13.9833,128.173984,37.908786,4423.648048800001,64.868,-38.034,35.634,1.0
14.0,128.173997,37.908813,4420.4875776,64.794,-37.971,35.914,1.0
14.0166,128.174011,37.90884,4417.3289352,64.721,-37.909,36.194,1.0
14.0333,128.174025,37.908867,4414.1721216,64.648,-37.846,36.473,1.0
14.05,128.174039,37.908893,4411.0174416,64.574,-37.782,36.752,1.0
14.0666,128.174054,37.90892,4407.8648952,64.501,-37.718,37.03,1.0
14.0833,128.174068,37.908947,4404.7141776,64.428,-37.654,37.308,1.0
14.1,128.174083,37.908973,4401.5655936,64.354,-37.59,37.586,1.0
14.1166,128.174098,37.909,4398.4191432,64.281,-37.526,37.863,1.0
14.1333,128.174113,37.909027,4395.2748264,64.209,-37.461,38.14,1.0
14.15,128.174129,37.909053,4392.1326432000005,64.138,-37.396,38.416,1.0
14.1666,128.174144,37.90908,4388.9925936,64.068,-37.331,38.693,1.0
14.1833,128.17416,37.909106,4385.8546776,63.999,-37.266,38.968,1.0
14.2,128.174176,37.909132,4382.7192000000005,63.931,-37.201,39.244,1.0
14.2166,128.174193,37.909159,4379.585856,63.865,-37.135,39.519,1.0
14.2333,128.174209,37.909185,4376.4546456,63.799,-37.069,39.793,1.0
14.25,128.174226,37.909211,4373.325873600001,63.733,-37.003,40.068,1.0
14.2666,128.174243,37.909238,4370.19954,63.667,-36.936,40.341,1.0
14.2833,128.17426,37.909264,4367.0756448,63.602,-36.869,40.614,1.0
14.3,128.174277,37.90929,4363.9538832,63.537,-36.802,40.887,1.0
14.3166,128.174294,37.909316,4360.8348648,63.473,-36.735,41.16,1.0
14.3333,128.174312,37.909342,4357.71798,63.409,-36.668,41.43,1.0
14.35,128.17433,37.909368,4354.6038384,63.347,-36.602,41.698,1.0
14.3666,128.174348,37.909394,4351.4918304,63.287,-36.536,41.965,1.0
14.3833,128.174366,37.90942,4348.3825656,63.226,-36.47,42.23,1.0
14.4,128.174385,37.909446,4345.276044,63.167,-36.403,42.495,1.0
14.4166,128.174404,37.909472,4342.1719608,63.108,-36.337,42.76,1.0
14.4333,128.174423,37.909498,4339.070316,63.052,-36.272,43.021,1.0
14.45,128.174442,37.909524,4335.9711096,63.0,-36.208,43.279,1.0
14.4666,128.174461,37.909549,4332.8746464000005,62.95,-36.145,43.535,1.0
14.4833,128.17448,37.909575,4329.7809264,62.902,-36.082,43.79,1.0
14.5,128.1745,37.909601,4326.6896448,62.856,-36.019,44.044,1.0
14.5166,128.17452,37.909626,4323.6014112,62.812,-35.955,44.298,1.0
14.5333,128.17454,37.909652,4320.5153112,62.771,-35.893,44.549,1.0
14.55,128.17456,37.909677,4317.4322592,62.733,-35.832,44.797,1.0
14.5666,128.174581,37.909703,4314.351645600001,62.698,-35.771,45.042,1.0
14.5833,128.174601,37.909728,4311.2737752,62.665,-35.711,45.287,1.0
14.6,128.174622,37.909753,4308.1986480000005,62.633,-35.651,45.531,1.0
14.6166,128.174643,37.909779,4305.1265688,62.603,-35.59,45.775,1.0
14.6333,128.174665,37.909804,4302.056928,62.576,-35.531,46.016,1.0
14.65,128.174686,37.909829,4298.9900304,62.551,-35.472,46.255,1.0
14.6666,128.174708,37.909854,4295.925876,62.529,-35.414,46.492,1.0
14.6833,128.17473,37.909879,4292.8644648,62.508,-35.356,46.729,1.0
14.7,128.174752,37.909904,4289.8061016,62.489,-35.298,46.965,1.0
14.7166,128.174774,37.909929,4286.7501768,62.471,-35.24,47.201,1.0
14.7333,128.174796,37.909954,4283.6973,62.455,-35.183,47.435,1.0
14.75,128.174819,37.909979,4280.6471664,62.441,-35.126,47.667,1.0
14.7666,128.174842,37.910004,4277.599776,62.429,-35.07,47.897,1.0
14.7833,128.174864,37.910028,4274.5551288,62.418,-35.014,48.127,1.0
14.8,128.174888,37.910053,4271.5135296,62.408,-34.958,48.357,1.0
14.8166,128.174911,37.910078,4268.474673600001,62.399,-34.902,48.587,1.0
14.8333,128.174935,37.910102,4265.4385608,62.392,-34.847,48.815,1.0
14.85,128.174958,37.910127,4262.405496,62.389,-34.792,49.042,1.0
14.8666,128.174982,37.910151,4259.3748696,62.387,-34.738,49.267,1.0
14.8833,128.175006,37.910175,4256.347291200001,62.388,-34.684,49.493,1.0
14.9,128.17503,37.9102,4253.322456,62.39,-34.63,49.718,1.0
14.9166,128.175055,37.910224,4250.3006688000005,62.394,-34.576,49.944,1.0
14.9333,128.17508,37.910248,4247.2816248,62.399,-34.523,50.168,1.0
14.95,128.175104,37.910272,4244.265324,62.407,-34.47,50.39,1.0
14.9666,128.175129,37.910296,4241.251766400001,62.416,-34.417,50.611,1.0
14.9833,128.175155,37.91032,4238.2412568,62.426,-34.365,50.832,1.0
15.0,128.17518,37.910344,4235.2334904,62.436,-34.312,51.054,1.0
15.0166,128.175205,37.910368,4232.2284672,62.448,-34.26,51.275,1.0
15.0333,128.175231,37.910392,4229.226492000001,62.461,-34.208,51.495,1.0
15.05,128.175257,37.910415,4226.227260000001,62.474,-34.156,51.713,1.0
15.0666,128.175283,37.910439,4223.231076,62.489,-34.105,51.931,1.0
15.0833,128.175309,37.910463,4220.2376352,62.504,-34.054,52.149,1.0
15.1,128.175336,37.910486,4217.2469376,62.52,-34.003,52.366,1.0
15.1166,128.175362,37.91051,4214.2589832,62.536,-33.952,52.584,1.0
15.1333,128.175389,37.910533,4211.2740768,62.554,-33.902,52.801,1.0
15.15,128.175416,37.910556,4208.2916088,62.573,-33.852,53.018,1.0
15.1666,128.175443,37.91058,4205.3121888000005,62.595,-33.802,53.234,1.0
15.1833,128.17547,37.910603,4202.3358168,62.617,-33.753,53.45,1.0
15.2,128.175498,37.910626,4199.3618832,62.641,-33.703,53.666,1.0
15.2166,128.175526,37.910649,4196.3909976,62.665,-33.653,53.882,1.0
15.2333,128.175553,37.910672,4193.4228552,62.69,-33.604,54.097,1.0
15.25,128.175581,37.910695,4190.457456,62.716,-33.555,54.311,1.0
15.2666,128.175609,37.910717,4187.4951048,62.741,-33.507,54.523,1.0
15.2833,128.175638,37.91074,4184.535192,62.766,-33.459,54.736,1.0
15.3,128.175666,37.910763,4181.5783272,62.791,-33.41,54.949,1.0
15.3166,128.175695,37.910785,4178.6245104,62.816,-33.362,55.161,1.0
15.3333,128.175724,37.910808,4175.673132,62.841,-33.314,55.373,1.0
15.35,128.175753,37.91083,4172.7248016,62.865,-33.267,55.585,1.0
15.3666,128.175782,37.910853,4169.7792144000005,62.889,-33.219,55.797,1.0
15.3833,128.175811,37.910875,4166.8363704,62.913,-33.171,56.008,1.0
15.4,128.175841,37.910897,4163.8962696,62.936,-33.124,56.221,1.0
15.4166,128.17587,37.910919,4160.958912,62.959,-33.076,56.434,1.0
15.4333,128.1759,37.910941,4158.0246024,62.982,-33.028,56.647,1.0
15.45,128.17593,37.910963,4155.0927312,63.006,-32.98,56.859,1.0
15.4666,128.17596,37.910985,4152.1639079999995,63.03,-32.933,57.071,1.0
15.4833,128.17599,37.911007,4149.2375232,63.054,-32.885,57.284,1.0
15.5,128.176021,37.911029,4146.3141864,63.078,-32.838,57.497,1.0
15.5166,128.176051,37.91105,4143.3935928,63.102,-32.79,57.711,1.0
15.5333,128.176082,37.911072,4140.4757424,63.127,-32.742,57.925,1.0
15.55,128.176113,37.911093,4137.5606352,63.152,-32.694,58.138,1.0
15.5666,128.176144,37.911115,4134.648271200001,63.177,-32.647,58.352,1.0
15.5833,128.176175,37.911136,4131.738650400001,63.203,-32.599,58.566,1.0
15.6,128.176207,37.911157,4128.8317728,63.229,-32.551,58.78,1.0
15.6166,128.176238,37.911178,4125.9276384,63.254,-32.503,58.995,1.0
15.6333,128.17627,37.9112,4123.0256376,63.392,-32.473,59.2,1.0
15.65,128.176302,37.911221,4120.1251608,63.646,-32.468,59.377,1.0
15.6666,128.176334,37.911242,4117.2259032,64.02,-32.484,59.528,1.0
15.6833,128.176366,37.911262,4114.327255200001,64.51,-32.511,59.662,1.0
15.7,128.176398,37.911283,4111.4292168,65.112,-32.544,59.787,1.0
15.7166,128.17643,37.911304,4108.5314832,65.82,-32.581,59.909,1.0
15.7333,128.176463,37.911325,4105.63314,66.629,-32.617,60.034,1.0
15.75,128.176495,37.911345,4102.734187200001,67.535,-32.654,60.163,1.0
15.7666,128.176528,37.911366,4099.83432,68.533,-32.692,60.296,1.0
15.7833,128.176561,37.911387,4096.9329288,69.622,-32.731,60.433,1.0
15.8,128.176593,37.911407,4094.0306232000003,70.798,-32.773,60.572,1.0
15.8166,128.176626,37.911428,4091.1267936000004,72.06,-32.817,60.714,1.0
15.8333,128.176659,37.911448,4088.2223544000003,73.398,-32.862,60.869,1.0
15.85,128.176692,37.911469,4085.3163912000005,74.81,-32.909,61.038,1.0
15.8666,128.176726,37.911489,4082.4085992,76.296,-32.958,61.216,1.0
15.8833,128.176759,37.911509,4079.4989784000004,77.856,-33.012,61.399,1.0
15.9,128.176792,37.911529,4076.5875288,79.49,-33.071,61.586,1.0
15.9166,128.176826,37.91155,4073.6742504000003,81.197,-33.136,61.774,1.0
15.9333,128.176859,37.91157,4070.7585336,82.965,-33.206,61.981,1.0
15.95,128.176893,37.91159,4067.8403784000006,84.793,-33.282,62.206,1.0
15.9666,128.176926,37.91161,4064.9197848000003,86.682,-33.366,62.444,1.0
15.9833,128.17696,37.91163,4061.9961432,88.633,-33.46,62.687,1.0
16.0,128.176994,37.91165,4059.0697584,90.646,-33.565,62.934,1.0
16.0166,128.177028,37.91167,4056.1400208000005,92.721,-33.684,63.18,1.0
16.0333,128.177062,37.911689,4053.2072352000005,94.824,-33.815,63.445,1.0
16.05,128.177096,37.911709,4050.2707920000003,96.947,-33.959,63.727,1.0
16.0666,128.17713,37.911729,4047.3300816,99.089,-34.119,64.021,1.0
16.0833,128.177164,37.911748,4044.3857136,101.252,-34.293,64.318,1.0
16.1,128.177198,37.911768,4041.4364688000005,103.435,-34.483,64.613,1.0
16.1166,128.177233,37.911787,4038.4829568,105.637,-34.689,64.904,1.0
16.1333,128.177267,37.911807,4035.5245680000003,107.915,-34.911,65.168,1.0
16.15,128.177301,37.911826,4032.5613024000004,110.28,-35.144,65.384,1.0
16.1666,128.177336,37.911845,4029.5937696,112.743,-35.381,65.532,1.0
16.1833,128.17737,37.911864,4026.6216648,115.315,-35.612,65.592,1.0
16.2,128.177405,37.911883,4023.6452928000003,118.005,-35.827,65.546,1.0
16.2166,128.17744,37.911903,4020.6646536,120.818,-36.02,65.392,1.0
16.2333,128.177474,37.911922,4017.6794424,123.74,-36.194,65.152,1.0
16.25,128.177509,37.911941,4014.689964,126.761,-36.357,64.848,1.0
16.2666,128.177544,37.91196,4011.6962184000004,129.87,-36.517,64.5,1.0
16.2833,128.177579,37.911979,4008.6985104,133.056,-36.683,64.126,1.0
16.3,128.177613,37.911998,4005.69684,136.313,-36.864,63.742,1.0
16.3166,128.177648,37.912017,4002.6918168,139.638,-37.058,63.347,1.0
16.3333,128.177683,37.912036,3999.683136,143.031,-37.26,62.937,1.0
16.35,128.177718,37.912055,3996.6707976000002,146.485,-37.463,62.512,1.0
16.3666,128.177753,37.912074,3993.6551064,149.992,-37.661,62.071,1.0
16.3833,128.177788,37.912093,3990.6357576000005,153.543,-37.85,61.615,1.0
16.4,128.177823,37.912112,3987.613056,157.129,-38.024,61.149,1.0
16.4166,128.177858,37.912131,3984.5870016,160.741,-38.182,60.676,1.0
16.4333,128.177893,37.91215,3981.5578992,164.371,-38.32,60.202,1.0
16.45,128.177928,37.912169,3978.5257488000007,168.011,-38.438,59.73,1.0
16.4666,128.177964,37.912188,3975.4908552,171.652,-38.533,59.265,1.0
16.4833,128.177999,37.912208,3972.4529136,175.289,-38.607,58.814,1.0
16.5,128.178034,37.912227,3969.4122288,178.914,-38.66,58.381,1.0
16.5166,128.178069,37.912246,3966.3691056000002,-177.476,-38.692,57.971,1.0
16.5333,128.178104,37.912265,3963.3232392000004,-173.886,-38.722,57.586,1.0
16.55,128.17814,37.912284,3960.2749344000003,-170.318,-38.755,57.228,1.0
16.5666,128.178175,37.912303,3957.2241912000004,-166.777,-38.787,56.901,1.0
16.5833,128.17821,37.912322,3954.1707048000003,-163.265,-38.815,56.607,1.0
16.6,128.178246,37.912341,3951.1147800000003,-159.786,-38.837,56.351,1.0
16.6166,128.178281,37.912361,3948.0564168000005,-156.342,-38.856,56.134,1.0
16.6333,128.178317,37.91238,3944.9950056000002,-152.93,-38.889,55.949,1.0
16.65,128.178352,37.912399,3941.9308512,-149.541,-38.954,55.784,1.0
16.6666,128.178388,37.912418,3938.8633440000003,-146.167,-39.067,55.624,1.0
16.6833,128.178423,37.912438,3935.792484,-142.809,-39.225,55.461,1.0
16.7,128.178459,37.912457,3932.7176616,-139.482,-39.407,55.288,1.0
16.7166,128.178494,37.912476,3929.6382672,-136.203,-39.593,55.102,1.0
16.7333,128.17853,37.912495,3926.5543008000004,-132.961,-39.79,54.878,1.0
16.75,128.178565,37.912515,3923.4657624000006,-129.735,-40.003,54.595,1.0
16.7666,128.178601,37.912534,3920.3723472,-126.516,-40.225,54.254,1.0
16.7833,128.178636,37.912553,3917.2740552000005,-123.301,-40.442,53.871,1.0
16.8,128.178672,37.912572,3914.1705816000003,-120.092,-40.645,53.465,1.0
16.8166,128.178708,37.912592,3911.0619264,-116.894,-40.827,53.048,1.0
16.8333,128.178743,37.912611,3907.9474800000003,-113.829,-41.006,52.608,1.0
16.85,128.178779,37.91263,3904.8275472,-110.878,-41.185,52.131,1.0
16.8666,128.178814,37.91265,3901.7009088,-108.028,-41.351,51.623,1.0
16.8833,128.17885,37.912669,3898.5681744,-105.268,-41.496,51.1,1.0
16.9,128.178885,37.912689,3895.4296488000005,-102.585,-41.612,50.572,1.0
16.9166,128.17892,37.912708,3892.2850272,-99.966,-41.7,50.048,1.0
16.9333,128.178955,37.912728,3889.1355288,-97.554,-41.778,49.512,1.0
16.95,128.178991,37.912747,3885.9805440000005,-95.332,-41.85,48.964,1.0
16.9666,128.179026,37.912767,3882.8200728,-93.273,-41.906,48.413,1.0
16.9833,128.179061,37.912787,3879.6547248,-91.355,-41.941,47.867,1.0
17.0,128.179096,37.912807,3876.4845,-89.552,-41.952,47.331,1.0
17.0166,128.17913,37.912827,3873.310008,-87.841,-41.941,46.807,1.0
17.0333,128.179165,37.912847,3870.1321632,-86.315,-41.922,46.29,1.0
17.05,128.179199,37.912867,3866.9509656,-84.951,-41.897,45.779,1.0
17.0666,128.179234,37.912888,3863.7664152,-83.723,-41.863,45.275,1.0
17.0833,128.179268,37.912908,3860.5788168000004,-82.61,-41.816,44.783,1.0
17.1,128.179302,37.912929,3857.3884752000004,-81.59,-41.758,44.304,1.0
17.1166,128.179336,37.912949,3854.1956952,-80.644,-41.688,43.839,1.0
17.1333,128.17937,37.91297,3851.0010864,-79.815,-41.614,43.384,1.0
17.15,128.179404,37.912991,3847.8046488000005,-79.087,-41.538,42.939,1.0
17.1666,128.179438,37.913012,3844.6066872000006,-78.443,-41.458,42.504,1.0
17.1833,128.179471,37.913033,3841.4068968,-77.869,-41.374,42.079,1.0
17.2,128.179505,37.913055,3838.2055824000004,-77.354,-41.285,41.665,1.0
17.2166,128.179538,37.913076,3835.0030488000007,-76.884,-41.192,41.262,1.0
17.2333,128.179571,37.913098,3831.7996008000005,-76.47,-41.097,40.867,1.0
17.25,128.179604,37.91312,3828.5952384,-76.102,-41.001,40.48,1.0
17.2666,128.179637,37.913141,3825.3896568,-75.772,-40.905,40.102,1.0
17.2833,128.17967,37.913163,3822.1834656,-75.475,-40.809,39.731,1.0
17.3,128.179703,37.913186,3818.9760552000002,-75.205,-40.711,39.368,1.0
17.3166,128.179735,37.913208,3815.76834,-74.958,-40.613,39.012,1.0
17.3333,128.179768,37.91323,3812.5594056000004,-74.723,-40.514,38.663,1.0
17.35,128.1798,37.913253,3809.3501664000005,-74.498,-40.415,38.321,1.0
17.3666,128.179832,37.913275,3806.1400128,-74.281,-40.316,37.985,1.0
17.3833,128.179864,37.913298,3802.9298592,-74.07,-40.218,37.654,1.0
17.4,128.179896,37.913321,3799.7190960000003,-73.866,-40.121,37.329,1.0
17.4166,128.179928,37.913344,3796.5077232000003,-73.669,-40.025,37.008,1.0
17.4333,128.17996,37.913367,3793.2960456,-73.46,-39.929,36.694,1.0
17.45,128.179991,37.91339,3790.0837584,-73.241,-39.832,36.384,1.0
17.4666,128.180022,37.913413,3786.8714712000005,-73.013,-39.735,36.08,1.0
17.4833,128.180054,37.913437,3783.6588792000002,-72.777,-39.639,35.779,1.0
17.5,128.180085,37.913461,3780.4465920000002,-72.536,-39.544,35.482,1.0
17.5166,128.180116,37.913484,3777.2340000000004,-72.292,-39.45,35.19,1.0
17.5333,128.180147,37.913508,3774.0211032,-72.03,-39.357,34.906,1.0
17.55,128.180178,37.913532,3770.8082064,-71.752,-39.265,34.633,1.0
17.5666,128.180208,37.913556,3767.5953096000003,-71.459,-39.172,34.366,1.0
17.5833,128.180239,37.91358,3764.3827176,-71.154,-39.081,34.104,1.0
17.6,128.180269,37.913605,3761.1707352000003,-70.837,-38.991,33.844,1.0
17.6166,128.1803,37.913629,3757.9590576000005,-70.513,-38.901,33.587,1.0
17.6333,128.18033,37.913654,3754.7470752000004,-70.172,-38.813,33.347,1.0
17.65,128.18036,37.913678,3751.5353976,-69.818,-38.728,33.124,1.0
17.6666,128.18039,37.913703,3748.3246344000004,-69.45,-38.645,32.911,1.0
17.6833,128.18042,37.913728,3745.1144808,-69.068,-38.563,32.703,1.0
17.7,128.180449,37.913753,3741.9049368,-68.673,-38.48,32.497,1.0
17.7166,128.180479,37.913778,3738.6963072000003,-68.267,-38.398,32.292,1.0
17.7333,128.180508,37.913803,3735.4879824000004,-67.844,-38.317,32.1,1.0
17.75,128.180538,37.913829,3732.2802672,-67.405,-38.239,31.923,1.0
17.7666,128.180567,37.913854,3729.0737712000005,-66.951,-38.161,31.753,1.0
17.7833,128.180596,37.91388,3725.8684944,-66.481,-38.084,31.587,1.0
17.8,128.180625,37.913906,3722.6644368,-65.998,-38.006,31.422,1.0
17.8166,128.180654,37.913931,3719.4615984,-65.502,-37.927,31.255,1.0
17.8333,128.180682,37.913957,3716.2593696,-64.988,-37.849,31.101,1.0
17.85,128.180711,37.913983,3713.0583600000004,-64.459,-37.774,30.959,1.0
17.8666,128.18074,37.91401,3709.8588744,-63.913,-37.699,30.824,1.0
17.8833,128.180768,37.914036,3706.6612176,-63.352,-37.623,30.691,1.0
17.9,128.180796,37.914062,3703.4650848000006,-62.777,-37.547,30.558,1.0
17.9166,128.180824,37.914089,3700.2710856,-62.188,-37.468,30.423,1.0
17.9333,128.180853,37.914115,3697.0776960000003,-61.581,-37.392,30.3,1.0
17.95,128.180881,37.914142,3693.8861352000004,-60.956,-37.317,30.188,1.0
17.9666,128.180909,37.914169,3690.696708,-60.314,-37.243,30.082,1.0
17.9833,128.180936,37.914196,3687.5091096,-59.655,-37.168,29.978,1.0
18.0,128.180964,37.914223,3684.3239496,-58.98,-37.091,29.874,1.0
18.0166,128.180992,37.91425,3681.1409232,-58.292,-37.012,29.767,1.0
18.0333,128.181019,37.914277,3677.959116,-57.581,-36.935,29.672,1.0
18.05,128.181047,37.914304,3674.7797472,-56.849,-36.86,29.587,1.0
18.0666,128.181074,37.914332,3671.6025120000004,-56.097,-36.785,29.509,1.0
18.0833,128.181101,37.914359,3668.4280200000003,-55.325,-36.71,29.432,1.0
18.1,128.181128,37.914387,3665.2556616,-54.536,-36.633,29.354,1.0
18.1166,128.181156,37.914415,3662.0863512,-53.731,-36.553,29.275,1.0
18.1333,128.181183,37.914443,3658.9185648,-52.896,-36.475,29.206,1.0
18.15,128.18121,37.91447,3655.7529120000004,-52.035,-36.4,29.148,1.0
18.1666,128.181236,37.914498,3652.5903072,-51.148,-36.325,29.096,1.0
18.1833,128.181263,37.914527,3649.4301408,-50.236,-36.249,29.046,1.0
18.2,128.18129,37.914555,3646.2730224,-49.303,-36.171,28.994,1.0
18.2166,128.181317,37.914583,3643.1189520000003,-48.352,-36.09,28.942,1.0
18.2333,128.181343,37.914611,3639.9667104,-47.361,-36.012,28.899,1.0
18.25,128.18137,37.91464,3636.8162976000003,-46.332,-35.936,28.868,1.0
18.2666,128.181396,37.914669,3633.6692376,-45.269,-35.861,28.843,1.0
18.2833,128.181423,37.914697,3630.5249208000005,-44.175,-35.785,28.819,1.0
18.3,128.181449,37.914726,3627.383652,-43.052,-35.707,28.794,1.0
18.3166,128.181476,37.914755,3624.2457360000003,-41.908,-35.627,28.768,1.0
18.3333,128.181502,37.914784,3621.1093440000004,-40.708,-35.548,28.753,1.0
18.35,128.181528,37.914813,3617.9750856,-39.459,-35.473,28.748,1.0
18.3666,128.181554,37.914842,3614.8435704000003,-38.165,-35.398,28.749,1.0
18.3833,128.181581,37.914871,3611.7151032000006,-36.831,-35.322,28.752,1.0
18.4,128.181607,37.9149,3608.589684,-35.461,-35.245,28.754,1.0
18.4166,128.181633,37.914929,3605.4676176000003,-34.064,-35.164,28.755,1.0
18.4333,128.181659,37.914959,3602.3467704,-32.597,-35.086,28.765,1.0
18.45,128.181685,37.914988,3599.2277520000002,-31.068,-35.01,28.786,1.0
18.4666,128.181711,37.915018,3596.1108672,-29.484,-34.936,28.812,1.0
18.4833,128.181737,37.915047,3592.9970304000003,-27.85,-34.86,28.84,1.0
18.5,128.181763,37.915077,3589.8859368000003,-26.175,-34.782,28.868,1.0
18.5166,128.181789,37.915106,3586.7778912000003,-24.466,-34.702,28.895,1.0
18.5333,128.181815,37.915136,3583.6704552000006,-22.682,-34.623,28.931,1.0
18.55,128.181841,37.915166,3580.5645432,-20.83,-34.546,28.974,1.0
18.5666,128.181867,37.915196,3577.4604600000002,-18.919,-34.469,29.023,1.0
18.5833,128.181893,37.915226,3574.35912,-16.957,-34.391,29.074,1.0
18.6,128.181919,37.915256,3571.2599136000003,-14.953,-34.312,29.125,1.0
18.6166,128.181945,37.915286,3568.1634504000003,-12.916,-34.23,29.177,1.0
18.6333,128.181971,37.915316,3565.0672920000006,-10.813,-34.148,29.234,1.0
18.65,128.181997,37.915346,3561.9717432,-8.652,-34.064,29.298,1.0
18.6666,128.182023,37.915376,3558.8789376,-6.443,-33.98,29.367,1.0
18.6833,128.182049,37.915407,3555.787656,-4.191,-33.894,29.439,1.0
18.7,128.182075,37.915437,3552.698508,-1.906,-33.806,29.514,1.0
18.7166,128.182101,37.915467,3549.6114936000004,0.405,-33.718,29.59,1.0
18.7333,128.182127,37.915498,3546.5253936000004,2.75,-33.623,29.672,1.0
18.75,128.182153,37.915528,3543.4417320000002,5.121,-33.523,29.759,1.0
18.7666,128.18218,37.915559,3540.3598992,7.514,-33.419,29.853,1.0
18.7833,128.182206,37.915589,3537.2798952000003,9.924,-33.314,29.951,1.0
18.8,128.182232,37.91562,3534.2020248000003,12.348,-33.208,30.055,1.0
18.8166,128.182258,37.91565,3531.1259832,14.782,-33.103,30.165,1.0
18.8333,128.182284,37.915681,3528.053904,17.198,-32.987,30.282,1.0
18.85,128.182311,37.915712,3524.9845680000003,19.595,-32.859,30.408,1.0
18.8666,128.182337,37.915742,3521.9176704,21.974,-32.726,30.543,1.0
18.8833,128.182363,37.915773,3518.8532112000003,24.337,-32.593,30.687,1.0
18.9,128.18239,37.915804,3515.7908856,26.686,-32.462,30.84,1.0
18.9166,128.182416,37.915835,3512.7306936000004,29.026,-32.336,31.0,1.0
18.9333,128.182443,37.915866,3509.6747688000005,31.3,-32.196,31.175,1.0
18.95,128.182469,37.915896,3506.6225016,33.513,-32.043,31.365,1.0
18.9666,128.182496,37.915927,3503.5741967999998,35.673,-31.884,31.568,1.0
18.9833,128.182522,37.915958,3500.5280256000005,37.791,-31.729,31.781,1.0
19.0,128.182549,37.915989,3497.4849024,39.876,-31.581,32.004,1.0
19.0166,128.182576,37.91602,3494.4442176000002,41.935,-31.442,32.233,1.0
19.0333,128.182603,37.916051,3491.4044472,44.091,-31.335,32.46,1.0
19.05,128.18263,37.916082,3488.3652864,46.351,-31.272,32.664,1.0
19.0666,128.182657,37.916113,3485.3255160000003,48.732,-31.262,32.821,1.0
19.0833,128.182684,37.916144,3482.2845264,51.247,-31.313,32.907,1.0
19.1,128.182711,37.916175,3479.2414032000006,53.896,-31.415,32.922,1.0
19.1166,128.182738,37.916206,3476.1955368000004,56.667,-31.547,32.886,1.0
19.1333,128.182764,37.916237,3473.1463176,59.548,-31.694,32.818,1.0
19.15,128.182791,37.916269,3470.0943552000003,62.525,-31.84,32.742,1.0
19.1666,128.182818,37.9163,3467.0393448,65.582,-31.974,32.681,1.0
19.1833,128.182845,37.916331,3463.9812864,68.711,-32.091,32.648,1.0
19.2,128.182872,37.916362,3460.92018,71.908,-32.196,32.635,1.0
19.2166,128.182899,37.916393,3457.8560256000005,75.162,-32.289,32.633,1.0
19.2333,128.182926,37.916425,3454.7888232000005,78.464,-32.371,32.634,1.0
19.25,128.182953,37.916456,3451.7191824,81.803,-32.444,32.635,1.0
19.2666,128.18298,37.916487,3448.6464936,85.167,-32.509,32.635,1.0
19.2833,128.183007,37.916519,3445.5716712000003,88.544,-32.57,32.637,1.0
19.3,128.183034,37.91655,3442.4947152,91.926,-32.628,32.641,1.0
19.3166,128.183061,37.916581,3439.4150160000004,95.309,-32.686,32.647,1.0
19.3333,128.183088,37.916613,3436.333488,98.69,-32.742,32.657,1.0
19.35,128.183115,37.916644,3433.2501312,102.07,-32.798,32.671,1.0
19.3666,128.183142,37.916676,3430.1649456,105.448,-32.852,32.688,1.0
19.3833,128.183169,37.916707,3427.0779312,108.822,-32.907,32.707,1.0
19.4,128.183195,37.916739,3423.9896976,112.19,-32.961,32.729,1.0
19.4166,128.183222,37.916771,3420.9002448,115.551,-33.015,32.753,1.0
19.4333,128.183249,37.916802,3417.8095728000003,118.904,-33.069,32.778,1.0
19.45,128.183276,37.916834,3414.7182912000003,122.248,-33.123,32.803,1.0
19.4666,128.183303,37.916866,3411.6264,125.58,-33.178,32.829,1.0
19.4833,128.183329,37.916898,3408.5338992,128.9,-33.234,32.855,1.0
19.5,128.183356,37.916929,3405.4413984000003,132.208,-33.289,32.88,1.0
19.5166,128.183383,37.916961,3402.3485928,135.502,-33.345,32.904,1.0
19.5333,128.18341,37.916993,3399.2557872,138.783,-33.402,32.926,1.0
19.55,128.183436,37.917025,3396.1635912,142.05,-33.458,32.948,1.0
19.5666,128.183463,37.917057,3393.0713952,145.302,-33.514,32.967,1.0
19.5833,128.18349,37.917089,3389.9798088000002,148.54,-33.57,32.985,1.0
19.6,128.183517,37.917122,3386.888832,151.762,-33.625,33.0,1.0
19.6166,128.183543,37.917154,3383.7981600000003,154.97,-33.68,33.014,1.0
19.6333,128.18357,37.917186,3380.7077928,158.157,-33.753,33.035,1.0
19.65,128.183597,37.917218,3377.6174256000004,161.32,-33.864,33.071,1.0
19.6666,128.183624,37.91725,3374.5270584,164.461,-34.014,33.118,1.0
19.6833,128.183651,37.917283,3371.4363864,167.584,-34.188,33.167,1.0
19.7,128.183677,37.917315,3368.3454096000005,170.691,-34.367,33.212,1.0
19.7166,128.183704,37.917347,3365.2535184000003,173.782,-34.543,33.246,1.0
19.7333,128.183731,37.91738,3362.1607128,176.855,-34.734,33.272,1.0
19.75,128.183758,37.917412,3359.0657736000003,179.912,-34.961,33.287,1.0
19.7666,128.183785,37.917444,3355.968396,-177.043,-35.239,33.287,1.0
19.7833,128.183812,37.917477,3352.8682752000004,-174.007,-35.55,33.27,1.0
19.8,128.183839,37.917509,3349.7651064,-170.979,-35.871,33.234,1.0
19.8166,128.183866,37.917542,3346.6579752000002,-167.959,-36.184,33.182,1.0
19.8333,128.183893,37.917574,3343.546272,-164.945,-36.507,33.106,1.0
19.85,128.18392,37.917607,3340.4293872000003,-161.929,-36.857,32.995,1.0
19.8666,128.183947,37.917639,3337.3067112000003,-158.904,-37.239,32.844,1.0
19.8833,128.183974,37.917672,3334.1776344000004,-155.873,-37.631,32.659,1.0
19.9,128.184001,37.917704,3331.0418520000003,-152.84,-38.008,32.452,1.0
19.9166,128.184028,37.917736,3327.8993640000003,-149.808,-38.357,32.23,1.0
19.9333,128.184055,37.917769,3324.7483416000005,-147.04,-38.702,32.001,1.0
19.95,128.184082,37.917801,3321.5884800000003,-144.513,-39.06,31.749,1.0
19.9666,128.184109,37.917834,3318.4188648,-142.177,-39.418,31.466,1.0
19.9833,128.184135,37.917866,3315.2391912000003,-139.988,-39.755,31.154,1.0
20.0,128.184162,37.917899,3312.0491544,-137.905,-40.064,30.824,1.0
20.0166,128.184189,37.917931,3308.8484496,-135.891,-40.341,30.484,1.0
20.0333,128.184215,37.917963,3305.6370768,-134.13,-40.614,30.137,1.0
20.05,128.184241,37.917996,3302.4147312,-132.601,-40.886,29.785,1.0
20.0666,128.184267,37.918028,3299.1808032000004,-131.256,-41.15,29.428,1.0
20.0833,128.184293,37.91806,3295.9352928000003,-130.055,-41.395,29.065,1.0
20.1,128.184319,37.918093,3292.6775904,-128.96,-41.618,28.697,1.0
20.1166,128.184345,37.918125,3289.4089152,-127.936,-41.822,28.328,1.0
20.1333,128.18437,37.918158,3286.1283528000004,-127.071,-42.016,27.964,1.0
20.15,128.184396,37.91819,3282.8362079999997,-126.339,-42.207,27.605,1.0
20.1666,128.184421,37.918222,3279.5318712000003,-125.71,-42.39,27.25,1.0
20.1833,128.184446,37.918255,3276.2162568000003,-125.161,-42.564,26.896,1.0
20.2,128.184471,37.918287,3272.8893648,-124.67,-42.728,26.544,1.0
20.2166,128.184495,37.91832,3269.5511952,-124.221,-42.883,26.194,1.0
20.2333,128.18452,37.918352,3266.2014432,-123.835,-43.033,25.849,1.0
20.25,128.184544,37.918384,3262.8407184000002,-123.503,-43.179,25.509,1.0
20.2666,128.184568,37.918417,3259.4687160000003,-123.211,-43.321,25.174,1.0
20.2833,128.184592,37.918449,3256.0854360000003,-122.952,-43.459,24.843,1.0
20.3,128.184615,37.918482,3252.691488,-122.717,-43.593,24.515,1.0
20.3166,128.184639,37.918514,3249.2865672,-122.5,-43.722,24.191,1.0
20.3333,128.184662,37.918546,3245.8706736000004,-122.299,-43.849,23.869,1.0
20.35,128.184685,37.918579,3242.444112,-122.109,-43.973,23.552,1.0
20.3666,128.184708,37.918611,3239.0065776,-121.93,-44.095,23.238,1.0
20.3833,128.184731,37.918644,3235.55868,-121.758,-44.215,22.927,1.0
20.4,128.184753,37.918676,3232.0998096000003,-121.592,-44.333,22.619,1.0
20.4166,128.184776,37.918709,3228.6299664000003,-121.433,-44.45,22.314,1.0
20.4333,128.184798,37.918741,3225.1503696,-121.266,-44.564,22.012,1.0
20.45,128.18482,37.918774,3221.6598000000004,-121.092,-44.676,21.711,1.0
20.4666,128.184841,37.918806,3218.1588672,-120.911,-44.787,21.412,1.0
20.4833,128.184863,37.918838,3214.6472664000003,-120.726,-44.896,21.115,1.0
20.5,128.184884,37.918871,3211.1253024000002,-120.539,-45.005,20.821,1.0
20.5166,128.184905,37.918903,3207.59328,-120.351,-45.113,20.529,1.0
20.5333,128.184926,37.918936,3204.0505896000004,-120.158,-45.22,20.238,1.0
20.55,128.184947,37.918968,3200.4978408,-119.96,-45.325,19.948,1.0
20.5666,128.184968,37.919001,3196.9347288,-119.76,-45.43,19.659,1.0
20.5833,128.184988,37.919033,3193.3612536,-119.557,-45.533,19.371,1.0
20.6,128.185008,37.919065,3189.7780248,-119.354,-45.636,19.084,1.0
20.6166,128.185028,37.919098,3186.1844328,-119.151,-45.739,18.798,1.0
20.6333,128.185048,37.91913,3182.5807824000003,-118.941,-45.84,18.512,1.0
20.65,128.185068,37.919163,3178.9673784000006,-118.725,-45.94,18.226,1.0
20.6666,128.185087,37.919195,3175.3439160000003,-118.506,-46.039,17.94,1.0
20.6833,128.185106,37.919228,3171.7107,-118.283,-46.137,17.655,1.0
20.7,128.185125,37.91926,3168.0674256,-118.058,-46.235,17.37,1.0
20.7166,128.185144,37.919292,3164.4143976,-117.832,-46.333,17.086,1.0
20.7333,128.185163,37.919325,3160.7519208000003,-117.602,-46.429,16.801,1.0
20.75,128.185181,37.919357,3157.0796904,-117.367,-46.525,16.516,1.0
20.7666,128.185199,37.91939,3153.3980112,-117.129,-46.619,16.231,1.0
20.7833,128.185217,37.919422,3149.7065784000006,-116.889,-46.714,15.945,1.0
20.8,128.185235,37.919454,3146.0056968,-116.647,-46.807,15.66,1.0
20.8166,128.185252,37.919487,3142.2953664,-116.405,-46.9,15.374,1.0
20.8333,128.18527,37.919519,3138.5758920000003,-116.164,-46.992,15.088,1.0
20.85,128.185287,37.919551,3134.8469688000005,-115.925,-47.084,14.801,1.0
20.8666,128.185304,37.919584,3131.1085967999998,-115.688,-47.175,14.515,1.0
20.8833,128.185321,37.919616,3127.3610808,-115.452,-47.265,14.227,1.0
20.9,128.185337,37.919648,3123.6047256,-115.218,-47.355,13.939,1.0
20.9166,128.185353,37.919681,3119.8389216,-114.984,-47.444,13.65,1.0
20.9333,128.185369,37.919713,3116.0642784000006,-114.749,-47.532,13.361,1.0
20.95,128.185385,37.919745,3112.2807960000005,-114.512,-47.619,13.071,1.0
20.9666,128.185401,37.919778,3108.4884744,-114.275,-47.706,12.78,1.0
20.9833,128.185417,37.91981,3104.6870088,-114.036,-47.792,12.489,1.0
21.0,128.185432,37.919842,3100.8770088,-113.796,-47.878,12.198,1.0
21.0166,128.185447,37.919874,3097.0581696,-113.557,-47.963,11.905,1.0
21.0333,128.185462,37.919907,3093.2307960000003,-113.317,-48.047,11.613,1.0
21.05,128.185476,37.919939,3089.394888,-113.079,-48.131,11.319,1.0
21.0666,128.185491,37.919971,3085.5501408,-112.84,-48.214,11.025,1.0
21.0833,128.185505,37.920003,3081.697164,-112.603,-48.296,10.73,1.0
21.1,128.185519,37.920036,3077.8356528000004,-112.366,-48.378,10.435,1.0
21.1166,128.185533,37.920068,3073.965912,-112.129,-48.459,10.139,1.0
21.1333,128.185547,37.9201,3070.0876368000004,-111.892,-48.539,9.842,1.0
21.15,128.18556,37.920132,3066.2014368000005,-111.654,-48.619,9.545,1.0
21.1666,128.185573,37.920164,3062.3067024,-111.417,-48.698,9.246,1.0
21.1833,128.185586,37.920196,3058.4040432,-111.179,-48.776,8.948,1.0
21.2,128.185599,37.920228,3054.4931544,-110.942,-48.854,8.648,1.0
21.2166,128.185611,37.920261,3050.5743408000003,-110.704,-48.931,8.348,1.0
21.2333,128.185624,37.920293,3046.6476024000003,-110.468,-49.008,8.047,1.0
21.25,128.185636,37.920325,3042.7129392,-110.233,-49.084,7.745,1.0
21.2666,128.185648,37.920357,3038.7703512,-109.999,-49.159,7.443,1.0
21.2833,128.18566,37.920389,3034.8201432,-109.765,-49.234,7.14,1.0
21.3,128.185671,37.920421,3030.8620104,-109.533,-49.308,6.836,1.0
21.3166,128.185682,37.920453,3026.8962576000004,-109.301,-49.381,6.532,1.0
21.3333,128.185693,37.920485,3022.9228848000002,-109.068,-49.453,6.227,1.0
21.35,128.185704,37.920517,3018.9421968,-108.835,-49.525,5.921,1.0
21.3666,128.185715,37.920549,3014.9535840000003,-108.602,-49.597,5.614,1.0
21.3833,128.185725,37.920581,3010.9579608,-108.369,-49.667,5.307,1.0
21.4,128.185736,37.920612,3006.9547176,-108.135,-49.737,4.999,1.0
21.4166,128.185746,37.920644,3002.9441592000003,-107.901,-49.807,4.69,1.0
21.4333,128.185755,37.920676,2998.9262856,-107.666,-49.875,4.381,1.0
21.45,128.185765,37.920708,2994.9010968,-107.429,-49.943,4.071,1.0
21.4666,128.185774,37.92074,2990.8688976000003,-107.19,-50.01,3.761,1.0
21.4833,128.185783,37.920772,2986.829688,-106.95,-50.076,3.449,1.0
21.5,128.185792,37.920803,2982.7831632,-106.71,-50.142,3.137,1.0
21.5166,128.185801,37.920835,2978.7299328000004,-106.469,-50.207,2.825,1.0
21.5333,128.18581,37.920867,2974.6693872000005,-106.098,-50.264,2.513,1.0
21.55,128.185818,37.920899,2970.602136,-105.604,-50.312,2.202,1.0
21.5666,128.185826,37.92093,2966.528484,-105.005,-50.356,1.892,1.0
21.5833,128.185834,37.920962,2962.4484312,-104.324,-50.402,1.584,1.0
21.6,128.185842,37.920994,2958.3619776,-103.582,-50.45,1.277,1.0
21.6166,128.185849,37.921025,2954.2694280000005,-102.797,-50.499,0.972,1.0
21.6333,128.185857,37.921057,2950.1707824000005,-101.99,-50.546,0.666,1.0
21.65,128.185864,37.921089,2946.0660408000003,-101.171,-50.59,0.36,1.0
21.6666,128.185871,37.92112,2941.9552032000006,-100.347,-50.63,0.054,1.0
21.6833,128.185878,37.921152,2937.8388792,-99.518,-50.665,359.748,1.0
21.7,128.185884,37.921183,2933.7167640000002,-98.685,-50.697,359.441,1.0
21.7166,128.18589,37.921215,2929.5891624000005,-97.847,-50.725,359.134,1.0
21.7333,128.185896,37.921246,2925.456684,-97.039,-50.751,358.824,1.0
21.75,128.185902,37.921278,2921.319024,-96.259,-50.777,358.511,1.0
21.7666,128.185908,37.921309,2917.1764872000003,-95.504,-50.799,358.195,1.0
21.7833,128.185913,37.921341,2913.0290736,-94.768,-50.818,357.879,1.0
21.8,128.185919,37.921372,2908.877088,-94.046,-50.831,357.561,1.0
21.8166,128.185924,37.921404,2904.7205304000004,-93.332,-50.841,357.242,1.0
21.8333,128.185928,37.921435,2900.5597056000006,-92.657,-50.849,356.921,1.0
21.85,128.185933,37.921467,2896.3949184000003,-92.017,-50.857,356.598,1.0
21.8666,128.185937,37.921498,2892.2261688000003,-91.405,-50.862,356.272,1.0
21.8833,128.185941,37.921529,2888.0534568000003,-90.815,-50.864,355.946,1.0
21.9,128.185945,37.921561,2883.8767824,-90.241,-50.862,355.62,1.0
21.9166,128.185949,37.921592,2879.6964504000002,-89.678,-50.857,355.293,1.0
21.9333,128.185952,37.921624,2875.5127656,-89.144,-50.85,354.966,1.0
21.95,128.185955,37.921655,2871.3260328000006,-88.634,-50.843,354.636,1.0
21.9666,128.185958,37.921686,2867.1356424,-88.143,-50.834,354.307,1.0
21.9833,128.185961,37.921718,2862.942204,-87.668,-50.822,353.977,1.0
22.0,128.185963,37.921749,2858.7457176,-87.205,-50.808,353.648,1.0
22.0166,128.185965,37.92178,2854.5461832,-86.749,-50.792,353.319,1.0
22.0333,128.185967,37.921812,2850.3439056,-86.307,-50.774,352.989,1.0
22.05,128.185969,37.921843,2846.1385800000003,-85.875,-50.754,352.66,1.0
22.0666,128.185971,37.921874,2841.930816,-85.451,-50.734,352.331,1.0
22.0833,128.185972,37.921906,2837.7206136,-85.035,-50.712,352.003,1.0
22.1,128.185973,37.921937,2833.5079728,-84.624,-50.688,351.675,1.0
22.1166,128.185974,37.921968,2829.2925888,-84.216,-50.663,351.347,1.0
22.1333,128.185975,37.922,2825.0750712000004,-83.814,-50.636,351.021,1.0
22.15,128.185975,37.922031,2820.85542,-83.415,-50.608,350.695,1.0
22.1666,128.185975,37.922062,2816.6336352000003,-83.019,-50.578,350.369,1.0
22.1833,128.185975,37.922093,2812.4100215999997,-82.626,-50.548,350.045,1.0
22.2,128.185975,37.922125,2808.1842744,-82.235,-50.516,349.721,1.0
22.2166,128.185975,37.922156,2803.9566984000003,-81.846,-50.483,349.398,1.0
22.2333,128.185974,37.922187,2799.7272936000004,-81.458,-50.448,349.075,1.0
22.25,128.185973,37.922218,2795.4963648,-81.07,-50.412,348.754,1.0
22.2666,128.185972,37.922249,2791.2639120000003,-80.682,-50.375,348.434,1.0
22.2833,128.18597,37.922281,2787.0296304000003,-80.295,-50.337,348.114,1.0
22.3,128.185969,37.922312,2782.7941296000004,-79.909,-50.297,347.795,1.0
22.3166,128.185967,37.922343,2778.5574096000005,-79.523,-50.256,347.477,1.0
22.3333,128.185965,37.922374,2774.3194704000002,-79.139,-50.214,347.16,1.0
22.35,128.185963,37.922405,2770.0806168000004,-78.755,-50.171,346.844,1.0
22.3666,128.18596,37.922436,2765.840544,-78.372,-50.127,346.529,1.0
22.3833,128.185957,37.922468,2761.5995568000003,-77.989,-50.081,346.215,1.0
22.4,128.185954,37.922499,2757.3576552000004,-77.608,-50.034,345.902,1.0
22.4166,128.185951,37.92253,2753.1148392000005,-77.228,-49.986,345.59,1.0
22.4333,128.185948,37.922561,2748.8717184,-76.847,-49.937,345.278,1.0
22.45,128.185944,37.922592,2744.6276832,-76.463,-49.886,344.968,1.0
22.4666,128.18594,37.922623,2740.3833432,-76.078,-49.834,344.659,1.0
22.4833,128.185936,37.922654,2736.1383936,-75.692,-49.781,344.351,1.0
22.5,128.185932,37.922685,2731.8934440000003,-75.305,-49.727,344.043,1.0
22.5166,128.185927,37.922716,2727.6478848,-74.919,-49.672,343.737,1.0
22.5333,128.185922,37.922747,2723.4026304000004,-74.532,-49.615,343.431,1.0
22.55,128.185917,37.922779,2719.1570712000002,-74.144,-49.557,343.126,1.0
22.5666,128.185912,37.92281,2714.911512,-73.756,-49.497,342.822,1.0
22.5833,128.185907,37.922841,2710.6662576000003,-73.367,-49.437,342.519,1.0
22.6,128.185901,37.922872,2706.4210032000005,-72.98,-49.375,342.216,1.0
22.6166,128.185895,37.922903,2702.1763584,-72.592,-49.312,341.915,1.0
22.6333,128.185889,37.922934,2697.9320184000003,-72.207,-49.247,341.614,1.0
22.65,128.185883,37.922965,2693.6885928,-71.824,-49.182,341.315,1.0
22.6666,128.185876,37.922996,2689.445472,-71.443,-49.115,341.016,1.0
22.6833,128.185869,37.923027,2685.2029608,-71.064,-49.047,340.719,1.0
22.7,128.185862,37.923057,2680.9616688,-70.686,-48.977,340.423,1.0
22.7166,128.185855,37.923088,2676.7209864,-70.31,-48.907,340.127,1.0
22.7333,128.185847,37.923119,2672.4812184,-69.934,-48.835,339.833,1.0
22.75,128.18584,37.92315,2668.2426695999998,-69.557,-48.761,339.54,1.0
22.7666,128.185832,37.923181,2664.0053399999997,-69.18,-48.687,339.248,1.0
22.7833,128.185823,37.923212,2659.7692296,-68.803,-48.611,338.958,1.0
22.8,128.185815,37.923243,2655.5346432,-68.426,-48.534,338.668,1.0
22.8166,128.185806,37.923274,2651.3012760000006,-68.05,-48.456,338.38,1.0
22.8333,128.185797,37.923305,2647.0697376,-67.677,-48.377,338.093,1.0
22.85,128.185788,37.923336,2642.8397232,-67.308,-48.297,337.807,1.0
22.8666,128.185779,37.923367,2638.6115376,-66.942,-48.216,337.522,1.0
22.8833,128.18577,37.923397,2634.3851808,-66.579,-48.133,337.238,1.0
22.9,128.18576,37.923428,2630.1609576000005,-66.219,-48.049,336.956,1.0
22.9166,128.18575,37.923459,2625.9385632,-65.86,-47.964,336.674,1.0
22.9333,128.18574,37.92349,2621.7186072000004,-65.502,-47.878,336.395,1.0
22.95,128.185729,37.923521,2617.50048,-65.146,-47.79,336.116,1.0
22.9666,128.185718,37.923551,2613.2847912,-64.79,-47.702,335.839,1.0
22.9833,128.185708,37.923582,2609.0715408,-64.435,-47.612,335.562,1.0
23.0,128.185696,37.923613,2604.8607288,-64.082,-47.521,335.288,1.0
23.0166,128.185685,37.923644,2600.65266,-63.73,-47.43,335.014,1.0
23.0333,128.185674,37.923675,2596.4473344000003,-63.378,-47.337,334.742,1.0
23.05,128.185662,37.923705,2592.2444472,-63.026,-47.243,334.471,1.0
23.0666,128.18565,37.923736,2588.0446079999997,-62.675,-47.148,334.202,1.0
23.0833,128.185638,37.923767,2583.8478168,-62.325,-47.051,333.934,1.0
23.1,128.185625,37.923798,2579.6540736,-61.976,-46.954,333.667,1.0
23.1166,128.185612,37.923828,2575.4633784000002,-61.627,-46.856,333.402,1.0
23.1333,128.185599,37.923859,2571.276036,-61.28,-46.756,333.138,1.0
23.15,128.185586,37.92389,2567.0920464000005,-60.935,-46.656,332.875,1.0
23.1666,128.185573,37.92392,2562.9114096000003,-60.592,-46.555,332.614,1.0
23.1833,128.185559,37.923951,2558.7344304000003,-60.25,-46.452,332.354,1.0
23.2,128.185546,37.923982,2554.5611088,-59.909,-46.349,332.095,1.0
23.2166,128.185532,37.924012,2550.3914448,-59.57,-46.244,331.838,1.0
23.2333,128.185517,37.924043,2546.2257432,-59.233,-46.138,331.582,1.0
23.25,128.185503,37.924073,2542.0636992,-58.897,-46.032,331.328,1.0
23.2666,128.185488,37.924104,2537.9056176,-58.564,-45.924,331.075,1.0
23.2833,128.185473,37.924135,2533.7518032000003,-58.231,-45.816,330.823,1.0
23.3,128.185458,37.924165,2529.602256,-57.901,-45.706,330.573,1.0
23.3166,128.185443,37.924196,2525.4569760000004,-57.571,-45.595,330.324,1.0
23.3333,128.185427,37.924226,2521.3159632,-57.244,-45.484,330.077,1.0
23.35,128.185411,37.924257,2517.1795224,-56.918,-45.371,329.831,1.0
23.3666,128.185395,37.924288,2513.0476536,-56.594,-45.258,329.586,1.0
23.3833,128.185379,37.924318,2508.9203568000003,-56.272,-45.143,329.343,1.0
23.4,128.185363,37.924349,2504.7976320000002,-55.952,-45.028,329.101,1.0
23.4166,128.185346,37.924379,2500.6800888000002,-55.632,-44.912,328.861,1.0
23.4333,128.185329,37.92441,2496.5671176,-55.314,-44.794,328.622,1.0
23.45,128.185312,37.92444,2492.459328,-54.997,-44.676,328.384,1.0
23.4666,128.185294,37.924471,2488.35672,-54.681,-44.557,328.148,1.0
23.4833,128.185277,37.924501,2484.2592936,-54.365,-44.437,327.913,1.0
23.5,128.185259,37.924531,2480.1670488,-54.051,-44.316,327.68,1.0
23.5166,128.185241,37.924562,2476.0802904,-53.739,-44.195,327.448,1.0
23.5333,128.185223,37.924592,2471.9971896,-53.426,-44.072,327.218,1.0
23.55,128.185204,37.924623,2467.9198800000004,-53.114,-43.949,326.99,1.0
23.5666,128.185186,37.924653,2463.8471424000004,-52.801,-43.825,326.763,1.0
23.5833,128.185167,37.924684,2459.7798912000003,-52.489,-43.7,326.538,1.0
23.6,128.185148,37.924714,2455.7175168,-52.178,-43.574,326.314,1.0
23.6166,128.185128,37.924744,2451.6609336,-51.867,-43.447,326.091,1.0
23.6333,128.185109,37.924775,2447.609532,-51.558,-43.319,325.869,1.0
23.65,128.185089,37.924805,2443.5639216,-51.251,-43.19,325.648,1.0
23.6666,128.185069,37.924836,2439.5237976000003,-50.946,-43.061,325.429,1.0
23.6833,128.185049,37.924866,2435.48916,-50.643,-42.93,325.211,1.0
23.7,128.185028,37.924896,2431.4606184000004,-50.341,-42.799,324.994,1.0
23.7166,128.185008,37.924927,2427.4381728000003,-50.041,-42.666,324.779,1.0
23.7333,128.184987,37.924957,2423.4215184,-49.742,-42.533,324.565,1.0
23.75,128.184966,37.924988,2419.4112648,-49.445,-42.399,324.352,1.0
23.7666,128.184944,37.925018,2415.4068024000003,-49.149,-42.264,324.141,1.0
23.7833,128.184923,37.925048,2411.4090456000004,-48.855,-42.128,323.931,1.0
23.8,128.184901,37.925079,2407.4173848,-48.562,-41.991,323.722,1.0
23.8166,128.184879,37.925109,2403.4324296,-48.27,-41.854,323.515,1.0
23.8333,128.184857,37.925139,2399.4517416,-47.835,-41.726,323.345,1.0
23.85,128.184834,37.92517,2395.4759304,-47.283,-41.628,323.238,1.0
23.8666,128.184812,37.9252,2391.5046912000003,-46.603,-41.559,323.181,1.0
23.8833,128.184789,37.92523,2387.5386336,-45.775,-41.502,323.139,1.0
23.9,128.184766,37.92526,2383.5768432,-44.789,-41.441,323.086,1.0
23.9166,128.184743,37.925291,2379.6190152000004,-43.653,-41.368,323.018,1.0
23.9333,128.18472,37.925321,2375.6651496,-42.376,-41.279,322.934,1.0
23.95,128.184697,37.925351,2371.714332,-40.972,-41.175,322.841,1.0
23.9666,128.184673,37.925382,2367.7674768,-39.453,-41.063,322.747,1.0
23.9833,128.18465,37.925412,2363.8242792,-37.828,-40.947,322.658,1.0
24.0,128.184626,37.925443,2359.8853488,-36.103,-40.83,322.576,1.0
24.0166,128.184602,37.925473,2355.9503808,-34.283,-40.711,322.502,1.0
24.0333,128.184578,37.925503,2352.0205944,-32.363,-40.573,322.421,1.0
24.05,128.184554,37.925534,2348.0956848,-30.35,-40.415,322.334,1.0
24.0666,128.184529,37.925564,2344.175652,-28.25,-40.244,322.25,1.0
24.0833,128.184505,37.925595,2340.2604960000003,-26.072,-40.069,322.175,1.0
24.1,128.18448,37.925625,2336.3517408000002,-23.834,-39.894,322.112,1.0
24.1166,128.184455,37.925656,2332.4496912000004,-21.553,-39.72,322.061,1.0
24.1333,128.18443,37.925687,2328.556176,-19.431,-39.529,321.996,1.0
24.15,128.184405,37.925717,2324.6708904,-17.471,-39.32,321.917,1.0
24.1666,128.18438,37.925748,2320.794444,-15.656,-39.096,321.844,1.0
24.1833,128.184355,37.925779,2316.9277512000003,-13.966,-38.865,321.792,1.0
24.2,128.184329,37.92581,2313.0714216,-12.366,-38.634,321.764,1.0
24.2166,128.184304,37.92584,2309.2260648,-10.821,-38.403,321.757,1.0
24.2333,128.184278,37.925871,2305.3935096,-9.497,-38.162,321.741,1.0
24.25,128.184252,37.925902,2301.5734512,-8.367,-37.91,321.714,1.0
24.2666,128.184226,37.925933,2297.766804,-7.398,-37.65,321.688,1.0
24.2833,128.1842,37.925965,2293.9738728,-6.562,-37.389,321.679,1.0
24.3,128.184173,37.925996,2290.1946576,-5.824,-37.13,321.689,1.0
24.3166,128.184147,37.926027,2286.4276344,-5.144,-36.874,321.714,1.0
24.3333,128.18412,37.926059,2282.6718888,-4.301,-36.65,321.765,1.0
24.35,128.184093,37.92609,2278.9265064,-3.295,-36.486,321.839,1.0
24.3666,128.184067,37.926122,2275.1902680000003,-2.114,-36.409,321.922,1.0
24.3833,128.18404,37.926153,2271.4613448,-0.753,-36.447,322.004,1.0
24.4,128.184013,37.926185,2267.737908,0.777,-36.623,322.083,1.0
24.4166,128.183986,37.926217,2264.0190432,2.469,-36.903,322.155,1.0
24.4333,128.183959,37.926248,2260.3029216,4.312,-37.249,322.219,1.0
24.45,128.183931,37.92628,2256.5886288,6.305,-37.623,322.275,1.0
24.4666,128.183904,37.926312,2252.8746408,8.448,-37.987,322.32,1.0
24.4833,128.183877,37.926344,2249.1597384,10.742,-38.302,322.356,1.0
24.5,128.18385,37.926376,2245.444836,13.176,-38.534,322.395,1.0
24.5166,128.183822,37.926408,2241.7293240000004,15.739,-38.668,322.445,1.0
24.5333,128.183795,37.92644,2238.0116784,18.417,-38.72,322.511,1.0
24.55,128.183768,37.926472,2234.2925088,21.201,-38.719,322.592,1.0
24.5666,128.18374,37.926504,2230.570596,24.08,-38.691,322.682,1.0
24.5833,128.183713,37.926536,2226.8462448,27.049,-38.663,322.772,1.0
24.6,128.183685,37.926568,2223.118236,30.107,-38.663,322.848,1.0
24.6166,128.183658,37.9266,2219.3871792,33.249,-38.696,322.902,1.0
24.6333,128.18363,37.926632,2215.6542936,36.442,-38.735,322.952,1.0
24.65,128.183603,37.926664,2211.9195792,39.657,-38.753,323.02,1.0
24.6666,128.183575,37.926696,2208.183036,42.865,-38.724,323.136,1.0
24.6833,128.183547,37.926728,2204.4455784,46.038,-38.631,323.33,1.0
24.7,128.18352,37.92676,2200.7065968,49.175,-38.493,323.588,1.0
24.7166,128.183492,37.926792,2196.9660912000004,52.282,-38.339,323.887,1.0
24.7333,128.183464,37.926825,2193.2261952,55.33,-38.156,324.258,1.0
24.75,128.183437,37.926857,2189.4856896,58.307,-37.948,324.718,1.0
24.7666,128.183409,37.926889,2185.7448792,61.235,-37.738,325.23,1.0
24.7833,128.183381,37.926922,2182.0031544,64.14,-37.546,325.757,1.0
24.8,128.183354,37.926954,2178.2611248,67.048,-37.389,326.259,1.0
24.8166,128.183326,37.926987,2174.5181808,69.975,-37.272,326.717,1.0
24.8333,128.183299,37.927019,2170.7749320000003,72.544,-37.159,327.15,1.0
24.85,128.183271,37.927052,2167.031988,74.762,-37.041,327.592,1.0
24.8666,128.183243,37.927084,2163.290568,76.603,-36.927,328.084,1.0
24.8833,128.183216,37.927117,2159.5503672,78.063,-36.826,328.649,1.0
24.9,128.183189,37.92715,2155.8110808,79.258,-36.748,329.253,1.0
24.9166,128.183162,37.927183,2152.0720992,80.312,-36.699,329.855,1.0
24.9333,128.183134,37.927216,2148.3331176,81.123,-36.657,330.431,1.0
24.95,128.183108,37.927249,2144.594136,81.729,-36.612,330.977,1.0
24.9666,128.183081,37.927283,2140.8560688,82.134,-36.567,331.497,1.0
24.9833,128.183054,37.927316,2137.1192208,82.336,-36.531,331.999,1.0
25.0,128.183028,37.92735,2133.3829824,82.341,-36.504,332.487,1.0
25.0166,128.183002,37.927383,2129.6479632,82.197,-36.488,332.965,1.0
25.0333,128.182976,37.927417,2125.9138584,81.891,-36.476,333.427,1.0
25.05,128.18295,37.927451,2122.180668,81.444,-36.461,333.87,1.0
25.0666,128.182924,37.927485,2118.4493064,80.879,-36.442,334.297,1.0
25.0833,128.182899,37.927519,2114.719164,80.231,-36.422,334.714,1.0
25.1,128.182874,37.927553,2110.9905456,79.525,-36.404,335.12,1.0
25.1166,128.182849,37.927588,2107.2631464,78.787,-36.388,335.519,1.0
25.1333,128.182824,37.927622,2103.5372712,78.045,-36.371,335.909,1.0
25.15,128.182799,37.927657,2099.81292,77.311,-36.351,336.29,1.0
25.1666,128.182775,37.927692,2096.0903976,76.59,-36.326,336.662,1.0
25.1833,128.182751,37.927726,2092.3700088,75.878,-36.296,337.023,1.0
25.2,128.182727,37.927761,2088.6520584,75.171,-36.262,337.376,1.0
25.2166,128.182703,37.927797,2084.9365464,74.464,-36.224,337.72,1.0
25.2333,128.18268,37.927832,2081.2240824,73.807,-36.188,338.061,1.0
25.25,128.182657,37.927867,2077.513752,73.198,-36.152,338.398,1.0
25.2666,128.182633,37.927903,2073.8064696,72.628,-36.114,338.73,1.0
25.2833,128.182611,37.927938,2070.1022352,72.091,-36.07,339.055,1.0
25.3,128.182588,37.927974,2066.4013536,71.575,-36.021,339.373,1.0
25.3166,128.182565,37.92801,2062.7044344,71.069,-35.968,339.684,1.0
25.3333,128.182543,37.928046,2059.0105632,70.604,-35.915,339.993,1.0
25.35,128.182521,37.928082,2055.3203496,70.174,-35.864,340.301,1.0
25.3666,128.182499,37.928118,2051.6340984,69.772,-35.812,340.605,1.0
25.3833,128.182478,37.928154,2047.9518096000002,69.393,-35.757,340.906,1.0
25.4,128.182456,37.928191,2044.2734832,69.031,-35.697,341.202,1.0
25.4166,128.182435,37.928227,2040.5997288,68.677,-35.634,341.495,1.0
25.4333,128.182414,37.928264,2036.9299368000002,68.344,-35.571,341.785,1.0
25.45,128.182393,37.928301,2033.2650216000002,68.029,-35.509,342.073,1.0
25.4666,128.182373,37.928338,2029.6043736000001,67.726,-35.446,342.361,1.0
25.4833,128.182352,37.928375,2025.9486024,67.433,-35.381,342.646,1.0
25.5,128.182332,37.928412,2022.297708,67.149,-35.313,342.928,1.0
25.5166,128.182312,37.928449,2018.6516904,66.868,-35.244,343.209,1.0
25.5333,128.182293,37.928487,2015.0105496,66.596,-35.173,343.487,1.0
25.55,128.182273,37.928524,2011.3745904,66.329,-35.102,343.765,1.0
25.5666,128.182254,37.928562,2007.7438128000001,66.066,-35.03,344.042,1.0
25.5833,128.182235,37.9286,2004.1185216000001,65.805,-34.957,344.317,1.0
25.6,128.182216,37.928638,2000.498412,65.548,-34.882,344.591,1.0
25.6166,128.182197,37.928676,1996.8837888,65.291,-34.805,344.863,1.0
25.6333,128.182179,37.928714,1993.274652,65.037,-34.728,345.134,1.0
25.65,128.182161,37.928752,1989.6713064,64.784,-34.649,345.404,1.0
25.6666,128.182143,37.92879,1986.073752,64.532,-34.57,345.673,1.0
25.6833,128.182125,37.928829,1982.4819888000002,64.28,-34.489,345.941,1.0
25.7,128.182107,37.928867,1978.8960168,64.028,-34.407,346.208,1.0
25.7166,128.18209,37.928906,1975.3161408,63.777,-34.324,346.473,1.0
25.7333,128.182073,37.928945,1971.7423608,63.526,-34.239,346.738,1.0
25.75,128.182056,37.928984,1968.1746768,63.276,-34.154,347.002,1.0
25.7666,128.182039,37.929023,1964.6130888000002,63.027,-34.067,347.265,1.0
25.7833,128.182023,37.929062,1961.0582064,62.777,-33.979,347.526,1.0
25.8,128.182007,37.929101,1957.50942,62.528,-33.891,347.787,1.0
25.8166,128.181991,37.929141,1953.9673392000002,62.279,-33.8,348.046,1.0
25.8333,128.181975,37.92918,1950.4316592,62.032,-33.709,348.305,1.0
25.8499,128.181959,37.92922,1946.9026848,61.785,-33.617,348.563,1.0
25.8666,128.181944,37.929259,1943.3807208000003,61.54,-33.524,348.819,1.0
25.8833,128.181929,37.929299,1939.8651576,61.295,-33.429,349.075,1.0
25.9,128.181914,37.929339,1936.3569096,61.051,-33.334,349.33,1.0
25.9166,128.181899,37.929379,1932.8556720000001,60.807,-33.237,349.583,1.0
25.9333,128.181885,37.929419,1929.3611400000002,60.565,-33.139,349.836,1.0
25.95,128.18187,37.929459,1925.874228,60.325,-33.041,350.087,1.0
25.9666,128.181856,37.9295,1922.3943264000002,60.087,-32.941,350.338,1.0
25.9833,128.181843,37.92954,1918.9217400000002,59.85,-32.84,350.588,1.0
26.0,128.181829,37.929581,1915.4564688,59.614,-32.738,350.837,1.0
26.0166,128.181816,37.929621,1911.9991224,59.378,-32.635,351.084,1.0
26.0333,128.181802,37.929662,1908.5490912000002,59.144,-32.531,351.331,1.0
26.05,128.18179,37.929703,1905.10668,58.913,-32.427,351.577,1.0
26.0666,128.181777,37.929744,1901.6718888,58.683,-32.321,351.822,1.0
26.0833,128.181764,37.929785,1898.2453272,58.455,-32.214,352.066,1.0
26.0999,128.181752,37.929826,1894.8263856,58.228,-32.106,352.308,1.0
26.1166,128.18174,37.929868,1891.4156736,58.002,-31.998,352.55,1.0
26.1333,128.181728,37.929909,1888.0128864,57.778,-31.888,352.791,1.0
26.15,128.181717,37.92995,1884.6183288000002,57.556,-31.777,353.031,1.0
26.1666,128.181705,37.929992,1881.2320008,57.336,-31.666,353.27,1.0
26.1833,128.181694,37.930034,1877.8539024000002,57.118,-31.554,353.509,1.0
26.2,128.181683,37.930075,1874.4846432000002,56.9,-31.44,353.746,1.0
26.2166,128.181672,37.930117,1871.1233088000001,56.683,-31.326,353.982,1.0
26.2333,128.181662,37.930159,1867.7708136,56.469,-31.211,354.217,1.0
26.25,128.181651,37.930201,1864.4271576,56.257,-31.095,354.452,1.0
26.2666,128.181641,37.930243,1861.092036,56.046,-30.979,354.685,1.0
26.2833,128.181632,37.930286,1857.7657536000002,55.837,-30.861,354.918,1.0
26.3,128.181622,37.930328,1854.4483104,55.629,-30.743,355.15,1.0
26.3166,128.181612,37.93037,1851.1400112000001,55.422,-30.623,355.38,1.0
26.3333,128.181603,37.930413,1847.8405512000002,55.217,-30.503,355.61,1.0
26.35,128.181594,37.930456,1844.5502352,55.014,-30.382,355.839,1.0
26.3666,128.181586,37.930498,1841.269368,54.812,-30.261,356.067,1.0
26.3833,128.181577,37.930541,1837.9976448000002,54.612,-30.139,356.294,1.0
26.4,128.181569,37.930584,1834.7353704000002,54.413,-30.015,356.521,1.0
26.4166,128.181561,37.930627,1831.4825448000001,54.215,-29.891,356.746,1.0
26.4333,128.181553,37.93067,1828.239168,54.019,-29.766,356.971,1.0
26.45,128.181545,37.930713,1825.0055448000003,53.824,-29.641,357.194,1.0
26.4666,128.181538,37.930756,1821.7813704,53.632,-29.515,357.417,1.0
26.4833,128.18153,37.9308,1818.5672544000001,53.44,-29.388,357.639,1.0
26.5,128.181523,37.930843,1815.362892,53.25,-29.26,357.86,1.0
26.5166,128.181517,37.930887,1812.1682832000001,53.06,-29.132,358.08,1.0
26.5333,128.18151,37.93093,1808.9840376000002,52.873,-29.003,358.3,1.0
26.55,128.181504,37.930974,1805.8095456,52.687,-28.873,358.518,1.0
26.5666,128.181498,37.931018,1802.645112,52.502,-28.743,358.736,1.0
26.5833,128.181492,37.931061,1799.4913464,52.319,-28.612,358.953,1.0
26.6,128.181486,37.931105,1796.3476392000002,52.137,-28.48,359.169,1.0
26.6166,128.181481,37.931149,1793.2142952,51.955,-28.347,359.384,1.0
26.6333,128.181475,37.931193,1790.0913144,51.776,-28.214,359.599,1.0
26.65,128.18147,37.931238,1786.9790016000002,51.598,-28.08,359.812,1.0
26.6666,128.181466,37.931282,1783.8773568000001,51.421,-27.946,0.025,1.0
26.6833,128.181461,37.931326,1780.7860752000001,51.246,-27.811,0.237,1.0
26.7,128.181457,37.931371,1777.7057664000001,51.072,-27.675,0.448,1.0
26.7166,128.181452,37.931415,1774.6364304,50.898,-27.539,0.658,1.0
26.7333,128.181449,37.93146,1771.5777624,50.727,-27.402,0.868,1.0
26.75,128.181445,37.931504,1768.5303720000002,50.557,-27.264,1.077,1.0
26.7666,128.181441,37.931549,1765.4936496,50.388,-27.126,1.285,1.0
26.7833,128.181438,37.931594,1762.4682048000002,50.22,-26.988,1.492,1.0
26.8,128.181435,37.931639,1759.4540376000002,50.054,-26.848,1.699,1.0
26.8166,128.181432,37.931684,1756.451148,49.888,-26.708,1.904,1.0
26.8333,128.18143,37.931729,1753.459536,49.724,-26.568,2.109,1.0
26.85,128.181427,37.931774,1750.4792016000001,49.562,-26.427,2.313,1.0
26.8666,128.181425,37.931819,1747.5107544,49.4,-26.285,2.517,1.0
26.8833,128.181423,37.931864,1744.5535848,49.24,-26.143,2.72,1.0
26.9,128.181421,37.931909,1741.6079976,49.081,-26.001,2.921,1.0
26.9166,128.18142,37.931955,1738.6742976,48.923,-25.857,3.123,1.0
26.9333,128.181418,37.932,1735.7521800000002,48.767,-25.714,3.323,1.0
26.95,128.181417,37.932046,1732.8419496,48.611,-25.569,3.523,1.0
26.9666,128.181416,37.932091,1729.9436064,48.458,-25.425,3.722,1.0
26.9833,128.181416,37.932137,1727.0571504000002,48.305,-25.279,3.92,1.0
27.0,128.181415,37.932183,1724.1828864000001,48.153,-25.134,4.118,1.0
27.0166,128.181415,37.932228,1721.3208144,48.002,-24.987,4.315,1.0
27.0333,128.181415,37.932274,1718.4706296000002,47.853,-24.84,4.511,1.0
27.05,128.181415,37.93232,1715.6329415999999,47.705,-24.693,4.706,1.0
27.0666,128.181416,37.932366,1712.8074456000002,47.558,-24.545,4.901,1.0
27.0833,128.181416,37.932412,1709.9944464,47.412,-24.397,5.095,1.0
27.1,128.181417,37.932458,1707.193944,47.268,-24.248,5.289,1.0
27.1166,128.181418,37.932504,1704.4059384,47.124,-24.099,5.481,1.0
27.1333,128.18142,37.93255,1701.6304296,46.982,-23.949,5.673,1.0
27.15,128.181421,37.932597,1698.8674176000002,46.841,-23.799,5.865,1.0
27.1666,128.181423,37.932643,1696.117512,46.701,-23.649,6.056,1.0
27.1833,128.181425,37.932689,1693.3801032000001,46.562,-23.498,6.246,1.0
27.2,128.181427,37.932736,1690.6554960000003,46.425,-23.346,6.435,1.0
27.2166,128.181429,37.932782,1687.9439952,46.288,-23.194,6.624,1.0
27.2333,128.181432,37.932829,1685.2452960000003,46.152,-23.042,6.812,1.0
27.25,128.181434,37.932876,1682.5600080000002,46.019,-22.889,7.0,1.0
27.2666,128.181437,37.932922,1679.8875216000001,45.886,-22.736,7.187,1.0
27.2833,128.181441,37.932969,1677.2281416,45.754,-22.583,7.373,1.0
27.3,128.181444,37.933016,1674.5821728,45.623,-22.429,7.558,1.0
27.3166,128.181448,37.933063,1671.9493104,45.493,-22.274,7.743,1.0
27.3333,128.181452,37.933109,1669.3298592,45.365,-22.119,7.928,1.0
27.35,128.181456,37.933156,1666.7238192,45.238,-21.964,8.112,1.0
27.3666,128.18146,37.933203,1664.1314952,45.112,-21.809,8.295,1.0
27.3833,128.181464,37.93325,1661.5525824,44.987,-21.653,8.478,1.0
27.4,128.181469,37.933297,1658.9870808,44.863,-21.496,8.66,1.0
27.4166,128.181474,37.933345,1656.4356,44.74,-21.34,8.841,1.0
27.4333,128.181479,37.933392,1653.8975304,44.618,-21.182,9.022,1.0
27.45,128.181484,37.933439,1651.3731768,44.497,-21.025,9.202,1.0
27.4666,128.18149,37.933486,1648.862844,44.378,-20.867,9.382,1.0
27.4833,128.181496,37.933534,1646.3665320000002,44.259,-20.709,9.561,1.0
27.5,128.181502,37.933581,1643.883936,44.142,-20.551,9.74,1.0
27.5166,128.181508,37.933628,1641.4153608,44.025,-20.392,9.918,1.0
27.5333,128.181514,37.933676,1638.9611112,43.91,-20.232,10.095,1.0
27.55,128.181521,37.933723,1636.5205776000003,43.796,-20.073,10.272,1.0
27.5666,128.181528,37.933771,1634.0946744000003,43.683,-19.913,10.449,1.0
27.5833,128.181535,37.933818,1631.682792,43.571,-19.753,10.625,1.0
27.6,128.181542,37.933866,1629.2849304000001,43.46,-19.592,10.8,1.0
27.6166,128.181549,37.933914,1626.902004,43.35,-19.431,10.975,1.0
27.6333,128.181557,37.933961,1624.5330984,43.242,-19.27,11.149,1.0
27.65,128.181565,37.934009,1622.1785184,43.134,-19.109,11.323,1.0
27.6666,128.181573,37.934057,1619.8388736,43.028,-18.947,11.497,1.0
27.6833,128.181581,37.934105,1617.5135544,42.922,-18.785,11.669,1.0
27.7,128.181589,37.934152,1615.2028656,42.818,-18.622,11.842,1.0
27.7166,128.181598,37.9342,1612.9068072000002,42.714,-18.459,12.013,1.0
27.7333,128.181607,37.934248,1610.625684,42.612,-18.296,12.185,1.0
27.75,128.181616,37.934296,1608.3591912000002,42.51,-18.133,12.356,1.0
27.7666,128.181625,37.934344,1606.1076335999999,42.41,-17.97,12.526,1.0
27.7833,128.181635,37.934392,1603.8707064,42.311,-17.806,12.696,1.0
27.8,128.181644,37.93444,1601.6490192,42.213,-17.641,12.866,1.0
27.8166,128.181654,37.934488,1599.4422672,42.115,-17.477,13.035,1.0
27.8333,128.181664,37.934536,1597.2504504,42.019,-17.312,13.203,1.0
27.85,128.181675,37.934584,1595.0735688,41.924,-17.147,13.371,1.0
27.8666,128.181685,37.934633,1592.9122320000001,41.83,-16.982,13.539,1.0
27.8833,128.181696,37.934681,1590.7658304,41.737,-16.817,13.706,1.0
27.9,128.181707,37.934729,1588.6346687999999,41.645,-16.651,13.873,1.0
27.9166,128.181718,37.934777,1586.5187472,41.554,-16.485,14.039,1.0
27.9333,128.181729,37.934825,1584.4180656,41.464,-16.319,14.205,1.0
27.95,128.181741,37.934874,1582.3329288000002,41.375,-16.152,14.371,1.0
27.9666,128.181752,37.934922,1580.2633368000002,41.287,-15.986,14.536,1.0
27.9833,128.181764,37.93497,1578.2089848,41.2,-15.819,14.7,1.0
28.0,128.181777,37.935019,1576.1701776000002,41.114,-15.651,14.865,1.0
28.0166,128.181789,37.935067,1574.1469152000002,41.029,-15.484,15.028,1.0
28.0333,128.181801,37.935115,1572.1391976,40.945,-15.316,15.192,1.0
28.05,128.181814,37.935164,1570.1473296000001,40.862,-15.148,15.355,1.0
28.0666,128.181827,37.935212,1568.1710064,40.78,-14.98,15.518,1.0
28.0833,128.18184,37.935261,1566.2105328,40.699,-14.812,15.68,1.0
28.1,128.181853,37.935309,1564.265604,40.619,-14.644,15.842,1.0
28.1166,128.181867,37.935357,1562.3368296,40.54,-14.475,16.003,1.0
28.1333,128.181881,37.935406,1560.4236,40.462,-14.306,16.165,1.0
28.15,128.181895,37.935454,1558.5265248,40.385,-14.137,16.325,1.0
28.1666,128.181909,37.935503,1556.6452992000002,40.309,-13.968,16.486,1.0
28.1833,128.181923,37.935551,1554.7799232000002,40.234,-13.798,16.646,1.0
28.2,128.181938,37.9356,1552.9307016000002,40.159,-13.628,16.806,1.0
28.2166,128.181952,37.935649,1551.0976344,40.086,-13.458,16.965,1.0
28.2333,128.181967,37.935697,1549.2804168,40.014,-13.288,17.124,1.0
28.25,128.181982,37.935746,1547.4796584000003,39.942,-13.118,17.283,1.0
28.2666,128.181997,37.935794,1545.6947496,39.872,-12.948,17.441,1.0
28.2833,128.182013,37.935843,1543.9263,39.803,-12.777,17.6,1.0
28.3,128.182029,37.935891,1542.1740048000001,39.734,-12.606,17.757,1.0
28.3166,128.182045,37.93594,1540.4381687999999,39.666,-12.435,17.915,1.0
28.3333,128.182061,37.935989,1538.7184872,39.599,-12.264,18.072,1.0
28.35,128.182077,37.936037,1537.0152648,39.533,-12.093,18.229,1.0
28.3666,128.182093,37.936086,1535.3281968000001,39.469,-11.921,18.385,1.0
28.3833,128.18211,37.936134,1533.6578928,39.405,-11.75,18.541,1.0
28.4,128.182127,37.936183,1532.0040480000002,39.342,-11.578,18.697,1.0
28.4166,128.182144,37.936232,1530.3666624,39.279,-11.406,18.853,1.0
28.4333,128.182161,37.93628,1528.745736,39.218,-11.234,19.008,1.0
28.45,128.182178,37.936329,1527.1412688,39.158,-11.062,19.163,1.0
28.4666,128.182196,37.936378,1525.5535656,39.098,-10.889,19.318,1.0
28.4833,128.182214,37.936426,1523.9823216,39.04,-10.717,19.473,1.0
28.5,128.182232,37.936475,1522.4281464,38.982,-10.544,19.627,1.0
28.5166,128.18225,37.936523,1520.8904304,38.925,-10.371,19.781,1.0
28.5333,128.182268,37.936572,1519.3694784000002,38.87,-10.198,19.935,1.0
28.55,128.182287,37.936621,1517.8649856000002,38.815,-10.025,20.088,1.0
28.5666,128.182305,37.936669,1516.3775616,38.761,-9.852,20.241,1.0
28.5833,128.182324,37.936718,1514.9072064,38.708,-9.679,20.394,1.0
28.6,128.182343,37.936766,1513.4533104000002,38.656,-9.506,20.547,1.0
28.6166,128.182363,37.936815,1512.0164832,38.604,-9.332,20.7,1.0
28.6333,128.182382,37.936863,1510.5964199999999,38.554,-9.158,20.852,1.0
28.65,128.182402,37.936912,1509.1934256,38.504,-8.985,21.004,1.0
28.6666,128.182422,37.936961,1507.8075000000001,38.456,-8.811,21.156,1.0
28.6833,128.182442,37.937009,1506.4383384,38.408,-8.637,21.307,1.0
28.7,128.182462,37.937058,1505.0862456000002,38.361,-8.463,21.459,1.0
28.7166,128.182482,37.937106,1503.7512216,38.315,-8.288,21.61,1.0
28.7333,128.182503,37.937155,1502.4335712,38.269,-8.114,21.761,1.0
28.75,128.182524,37.937203,1501.1326847999999,38.225,-7.94,21.911,1.0
28.7666,128.182545,37.937252,1499.8488672,38.182,-7.765,22.062,1.0
28.7833,128.182566,37.9373,1498.5824232000002,38.139,-7.591,22.212,1.0
28.8,128.182587,37.937348,1497.3327432,38.098,-7.416,22.363,1.0
28.8166,128.182608,37.937397,1496.1007416,38.056,-7.241,22.513,1.0
28.8333,128.18263,37.937445,1494.8855039999999,38.017,-7.067,22.662,1.0
28.85,128.182652,37.937494,1493.6879448000002,37.978,-6.892,22.812,1.0
28.8666,128.182674,37.937542,1492.5071496,37.941,-6.717,22.962,1.0
28.8833,128.182696,37.93759,1491.3440328000002,37.906,-6.542,23.111,1.0
28.9,128.182719,37.937639,1490.1979847999999,37.87,-6.367,23.26,1.0
28.9166,128.182741,37.937687,1489.0693104000002,37.836,-6.192,23.409,1.0
28.9333,128.182764,37.937735,1487.9577048,37.805,-6.016,23.558,1.0
28.95,128.182787,37.937783,1486.8637776,37.777,-5.841,23.707,1.0
28.9666,128.18281,37.937832,1485.7869192,37.751,-5.666,23.856,1.0
28.9833,128.182833,37.93788,1484.7274344000002,37.727,-5.491,24.004,1.0
29.0,128.182856,37.937928,1483.6853232,37.705,-5.316,24.152,1.0
29.0166,128.18288,37.937976,1482.6605856,37.683,-5.14,24.3,1.0
29.0333,128.182904,37.938024,1481.6532216,37.664,-4.965,24.449,1.0
29.05,128.182928,37.938072,1480.663536,37.648,-4.79,24.597,1.0
29.0666,128.182952,37.93812,1479.6909192,37.633,-4.615,24.745,1.0
29.0833,128.182976,37.938168,1478.7359808,37.62,-4.439,24.893,1.0
29.1,128.183001,37.938216,1477.798416,37.608,-4.264,25.041,1.0
29.1166,128.183025,37.938264,1476.8782248,37.597,-4.089,25.188,1.0
29.1333,128.18305,37.938312,1475.975712,37.587,-3.913,25.336,1.0
29.15,128.183075,37.93836,1475.0905728,37.579,-3.738,25.484,1.0
29.1666,128.1831,37.938408,1474.2228072000003,37.571,-3.563,25.631,1.0
29.1833,128.183126,37.938456,1473.37272,37.565,-3.388,25.779,1.0
29.2,128.183151,37.938503,1472.5403112000001,37.56,-3.212,25.927,1.0
29.2166,128.183177,37.938551,1471.7249712,37.555,-3.037,26.074,1.0
29.2333,128.183203,37.938599,1470.9276144,37.551,-2.862,26.222,1.0
29.25,128.183229,37.938647,1470.1476312000002,37.548,-2.687,26.369,1.0
29.2666,128.183255,37.938694,1469.3853264000002,37.546,-2.511,26.517,1.0
29.2833,128.183281,37.938742,1468.6403952,37.544,-2.336,26.664,1.0
29.3,128.183307,37.938789,1467.9131424000002,37.543,-2.161,26.812,1.0
29.3166,128.183334,37.938837,1467.2032632,37.542,-1.986,26.959,1.0
29.3333,128.183361,37.938884,1466.5113672000002,37.542,-1.811,27.107,1.0
29.35,128.183388,37.938932,1465.8368448,37.543,-1.636,27.254,1.0
29.3666,128.183415,37.938979,1465.1796960000001,37.544,-1.461,27.402,1.0
29.3833,128.183442,37.939026,1464.5405304,37.545,-1.286,27.549,1.0
29.4,128.18347,37.939074,1463.9187384,37.547,-1.111,27.697,1.0
29.4166,128.183498,37.939121,1463.3146248,37.549,-0.936,27.845,1.0
29.4333,128.183525,37.939168,1462.7278847999999,37.552,-0.761,27.992,1.0
29.45,128.183553,37.939215,1462.159128,37.555,-0.586,28.14,1.0
29.4666,128.183581,37.939262,1461.6077448,37.559,-0.412,28.287,1.0
29.4833,128.18361,37.939309,1461.0740400000002,37.563,-0.237,28.435,1.0
29.5,128.183638,37.939356,1460.5580136,37.567,-0.062,28.583,1.0
29.5166,128.183667,37.939403,1460.0593608,37.572,0.112,28.73,1.0
29.5333,128.183696,37.93945,1459.5783864,37.578,0.286,28.878,1.0
29.55,128.183724,37.939497,1459.1150903999999,37.583,0.461,29.026,1.0
29.5666,128.183754,37.939544,1458.6694728,37.589,0.635,29.174,1.0
29.5833,128.183783,37.93959,1458.2415336,37.596,0.81,29.322,1.0
29.6,128.183812,37.939637,1457.830968,37.603,0.984,29.47,1.0
29.6166,128.183842,37.939684,1457.4383856000002,37.611,1.159,29.618,1.0
29.6333,128.183871,37.93973,1457.0631768,37.619,1.333,29.766,1.0
29.65,128.183901,37.939777,1456.7053415999999,37.627,1.507,29.914,1.0
29.6666,128.183931,37.939823,1456.3654896,37.636,1.682,30.062,1.0
29.6833,128.183962,37.939869,1456.0430112000001,37.645,1.856,30.21,1.0
29.7,128.183992,37.939916,1455.7382112,37.655,2.03,30.358,1.0
29.7166,128.184022,37.939962,1455.4510896,37.665,2.204,30.506,1.0
29.7333,128.184053,37.940008,1455.1813416,37.675,2.378,30.655,1.0
29.75,128.184084,37.940054,1454.929272,37.686,2.552,30.803,1.0
29.7666,128.184115,37.9401,1454.6948808000002,37.698,2.726,30.951,1.0
29.7833,128.184146,37.940146,1454.4778632,37.709,2.9,31.1,1.0
29.8,128.184177,37.940192,1454.278524,37.722,3.074,31.248,1.0
29.8166,128.184208,37.940238,1454.0965584000003,37.735,3.248,31.397,1.0
29.8333,128.18424,37.940284,1453.9322712,37.748,3.421,31.546,1.0
29.85,128.184272,37.94033,1453.7856624,37.761,3.595,31.694,1.0
29.8666,128.184304,37.940375,1453.6564272,37.776,3.768,31.843,1.0
29.8833,128.184336,37.940421,1453.5448704,37.79,3.942,31.992,1.0
29.9,128.184368,37.940466,1453.4506872,37.805,4.115,32.141,1.0
29.9166,128.1844,37.940512,1453.3741823999999,37.821,4.289,32.29,1.0
29.9333,128.184432,37.940557,1453.3150512000002,37.837,4.462,32.439,1.0
29.95,128.184465,37.940602,1453.2732936000002,37.853,4.635,32.588,1.0
29.9666,128.184498,37.940648,1453.2492144,37.87,4.808,32.738,1.0
29.9833,128.184531,37.940693,1453.2425088,37.887,4.981,32.887,1.0
30.0,128.184564,37.940738,1453.2534816,37.904,5.154,33.036,1.0
30.0166,128.184597,37.940783,1453.281828,37.923,5.327,33.186,1.0
30.0333,128.18463,37.940828,1453.3275480000002,37.941,5.5,33.336,1.0
30.05,128.184663,37.940873,1453.3906416,37.96,5.672,33.485,1.0
30.0666,128.184697,37.940917,1453.4711088,37.979,5.845,33.635,1.0
30.0833,128.184731,37.940962,1453.5689496,37.999,6.018,33.785,1.0
30.1,128.184765,37.941007,1453.6844687999999,38.019,6.19,33.935,1.0
30.1166,128.184799,37.941051,1453.8170568,38.04,6.362,34.085,1.0
30.1333,128.184833,37.941096,1453.9673232000002,38.061,6.535,34.236,1.0
30.15,128.184867,37.94114,1454.1346584000003,38.083,6.707,34.386,1.0
30.1666,128.184901,37.941184,1454.3193672000002,38.105,6.879,34.537,1.0
30.1833,128.184936,37.941228,1454.5214495999999,38.127,7.051,34.687,1.0
30.2,128.184971,37.941273,1454.7409056000001,38.15,7.223,34.838,1.0
30.2166,128.185005,37.941317,1454.9777352,38.173,7.395,34.989,1.0
30.2333,128.18504,37.941361,1455.2316336,38.197,7.566,35.14,1.0
30.25,128.185075,37.941404,1455.5029056,38.221,7.738,35.291,1.0
30.2666,128.185111,37.941448,1455.7912464,38.246,7.91,35.442,1.0
30.2833,128.185146,37.941492,1456.0969608,38.271,8.081,35.594,1.0
30.3,128.185181,37.941535,1456.4200488000001,38.296,8.252,35.745,1.0
30.3166,128.185217,37.941579,1456.7602056,38.322,8.423,35.897,1.0
30.3333,128.185253,37.941622,1457.1174312000003,38.348,8.595,36.048,1.0
30.35,128.185289,37.941666,1457.4920304,38.375,8.766,36.2,1.0
30.3666,128.185325,37.941709,1457.8833936,38.402,8.936,36.352,1.0
30.3833,128.185361,37.941752,1458.2921304,38.43,9.107,36.504,1.0
30.4,128.185397,37.941795,1458.7182408,38.458,9.278,36.657,1.0
30.4166,128.185433,37.941838,1459.1611152000003,38.486,9.448,36.809,1.0
30.4333,128.18547,37.941881,1459.6210584000003,38.515,9.619,36.962,1.0
30.45,128.185507,37.941924,1460.0980704,38.544,9.789,37.115,1.0
30.4666,128.185543,37.941967,1460.5921512,38.574,9.96,37.268,1.0
30.4833,128.18558,37.942009,1461.1033008,38.604,10.13,37.421,1.0
30.5,128.185617,37.942052,1461.6312144,38.635,10.3,37.574,1.0
30.5166,128.185654,37.942094,1462.1761968,38.666,10.469,37.727,1.0
30.5333,128.185692,37.942136,1462.738248,38.697,10.639,37.881,1.0
30.55,128.185729,37.942179,1463.3170632,38.729,10.809,38.035,1.0
30.5666,128.185767,37.942221,1463.9126424,38.761,10.978,38.189,1.0
30.5833,128.185804,37.942263,1464.5252904,38.794,11.148,38.343,1.0
30.6,128.185842,37.942305,1465.1550072000002,38.827,11.317,38.497,1.0
30.6166,128.18588,37.942346,1465.8011832000002,38.861,11.486,38.651,1.0
30.6333,128.185918,37.942388,1466.464428,38.895,11.655,38.806,1.0
30.65,128.185956,37.94243,1467.1441320000001,38.93,11.824,38.961,1.0
30.6666,128.185994,37.942471,1467.8409048,38.964,11.993,39.116,1.0
30.6833,128.186033,37.942513,1468.5541368000002,39.0,12.161,39.271,1.0
30.7,128.186071,37.942554,1469.2844376,39.035,12.33,39.426,1.0
30.7166,128.18611,37.942595,1470.0311976,39.072,12.498,39.582,1.0
30.7333,128.186148,37.942636,1470.7944168,39.108,12.666,39.737,1.0
30.75,128.186187,37.942677,1471.5744,39.145,12.835,39.893,1.0
30.7666,128.186226,37.942718,1472.3711472,39.182,13.002,40.049,1.0
30.7833,128.186265,37.942759,1473.1843536000001,39.22,13.17,40.206,1.0
30.8,128.186304,37.942799,1474.0143240000002,39.258,13.338,40.362,1.0
30.8166,128.186343,37.94284,1474.8604488,39.297,13.505,40.519,1.0
30.8333,128.186383,37.94288,1475.7233376000001,39.336,13.673,40.676,1.0
30.85,128.186422,37.942921,1476.6026856,39.376,13.84,40.833,1.0
30.8666,128.186462,37.942961,1477.4981880000003,39.415,14.007,40.99,1.0
30.8833,128.186501,37.943001,1478.4104544,39.456,14.174,41.148,1.0
30.9,128.186541,37.943041,1479.3388752,39.497,14.341,41.306,1.0
30.9166,128.186581,37.943081,1480.2837551999999,39.538,14.507,41.464,1.0
30.9333,128.186621,37.943121,1481.2450944000002,39.58,14.674,41.622,1.0
30.95,128.186661,37.94316,1482.2222832000002,39.622,14.84,41.78,1.0
30.9666,128.186701,37.9432,1483.216236,39.664,15.006,41.939,1.0
30.9833,128.186742,37.943239,1484.2260384,39.707,15.172,42.098,1.0
31.0,128.186782,37.943278,1485.2523,39.75,15.338,42.257,1.0
31.0166,128.186823,37.943318,1486.294716,39.794,15.504,42.416,1.0
31.0333,128.186863,37.943357,1487.3532864000001,39.838,15.669,42.576,1.0
31.05,128.186904,37.943396,1488.4280112000001,39.883,15.835,42.736,1.0
31.0666,128.186945,37.943435,1489.5185856000003,39.928,16.0,42.896,1.0
31.0833,128.186986,37.943473,1490.6253144,39.973,16.165,43.056,1.0
31.1,128.187027,37.943512,1491.7481976000001,40.019,16.33,43.216,1.0
31.1166,128.187068,37.94355,1492.8869304,40.065,16.495,43.377,1.0
31.1333,128.187109,37.943589,1494.0418176000003,40.112,16.659,43.538,1.0
31.15,128.187151,37.943627,1495.2122496,40.159,16.824,43.699,1.0
31.1666,128.187192,37.943665,1496.398836,40.207,16.988,43.861,1.0
31.1833,128.187234,37.943703,1497.601272,40.255,17.152,44.023,1.0
31.2,128.187275,37.943741,1498.8195576,40.303,17.316,44.185,1.0
31.2166,128.187317,37.943779,1500.0536928,40.353,17.479,44.347,1.0
31.2333,128.187359,37.943816,1501.3033728,40.402,17.643,44.51,1.0
31.25,128.187401,37.943854,1502.5689024,40.452,17.806,44.673,1.0
31.2666,128.187443,37.943891,1503.8499768,40.502,17.969,44.836,1.0
31.2833,128.187485,37.943929,1505.1469008,40.553,18.132,44.999,1.0
31.3,128.187527,37.943966,1506.4593696000002,40.604,18.295,45.163,1.0
31.3166,128.187569,37.944003,1507.7873832000002,40.656,18.458,45.327,1.0
31.3333,128.187611,37.94404,1509.1309416,40.709,18.62,45.491,1.0
31.35,128.187654,37.944076,1510.4900448000003,40.765,18.782,45.656,1.0
31.3666,128.187696,37.944113,1511.8643880000002,40.823,18.944,45.821,1.0
31.3833,128.187739,37.94415,1513.2542760000001,40.882,19.105,45.986,1.0
31.4,128.187782,37.944186,1514.6597088,40.942,19.267,46.151,1.0
31.4166,128.187824,37.944222,1516.0800768,41.003,19.428,46.317,1.0
31.4333,128.187867,37.944258,1517.5159896,41.067,19.589,46.483,1.0
31.45,128.18791,37.944294,1518.9671424,41.134,19.75,46.649,1.0
31.4666,128.187953,37.94433,1520.4332304,41.203,19.91,46.816,1.0
31.4833,128.187996,37.944366,1521.9148632,41.273,20.071,46.983,1.0
31.5,128.18804,37.944401,1523.4114312000002,41.346,20.231,47.151,1.0
31.5166,128.188083,37.944437,1524.9232392000001,41.419,20.391,47.318,1.0
31.5333,128.188126,37.944472,1526.4496776,41.495,20.55,47.487,1.0
31.55,128.18817,37.944507,1527.9913560000002,41.572,20.709,47.655,1.0
31.5666,128.188213,37.944543,1529.5482744000003,41.652,20.868,47.824,1.0
31.5833,128.188257,37.944577,1531.1198232000002,41.733,21.026,47.994,1.0
31.6,128.1883,37.944612,1532.7060024000002,41.816,21.185,48.163,1.0
31.6166,128.188344,37.944647,1534.3074216,41.899,21.343,48.333,1.0
31.6333,128.188388,37.944681,1535.9234712,41.984,21.501,48.504,1.0
31.65,128.188432,37.944716,1537.5541512000002,42.071,21.658,48.675,1.0
31.6666,128.188476,37.94475,1539.1997664000003,42.159,21.815,48.846,1.0
31.6833,128.18852,37.944784,1540.8597072000002,42.248,21.972,49.018,1.0
31.7,128.188564,37.944818,1542.5345832,42.339,22.128,49.191,1.0
31.7166,128.188608,37.944852,1544.2237848,42.43,22.285,49.363,1.0
31.7333,128.188652,37.944886,1545.9276168000001,42.522,22.441,49.536,1.0
31.75,128.188697,37.944919,1547.6457744000002,42.615,22.596,49.71,1.0
31.7666,128.188741,37.944953,1549.3785624,42.71,22.751,49.884,1.0
31.7833,128.188786,37.944986,1551.1253712,42.805,22.906,50.059,1.0
31.8,128.18883,37.945019,1552.8868104,42.902,23.061,50.234,1.0
31.8166,128.188875,37.945052,1554.6622704000001,42.999,23.215,50.41,1.0
31.8333,128.188919,37.945085,1556.452056,43.097,23.369,50.586,1.0
31.85,128.188964,37.945118,1558.2561672000002,43.196,23.523,50.762,1.0
31.8666,128.189009,37.94515,1560.0742992000003,43.296,23.676,50.939,1.0
31.8833,128.189054,37.945183,1561.906452,43.396,23.829,51.117,1.0
31.9,128.189099,37.945215,1563.7526255999999,43.498,23.981,51.295,1.0
31.9166,128.189144,37.945247,1565.61282,43.6,24.134,51.474,1.0
31.9333,128.189189,37.945279,1567.4867304,43.704,24.285,51.653,1.0
31.95,128.189234,37.945311,1569.3746616,43.808,24.437,51.832,1.0
31.9666,128.189279,37.945343,1571.2766136,43.913,24.588,52.012,1.0
31.9833,128.189324,37.945375,1573.1919768,44.019,24.739,52.193,1.0
32.0,128.18937,37.945406,1575.1213608,44.125,24.889,52.374,1.0
32.0166,128.189415,37.945437,1577.0641560000001,44.233,25.039,52.556,1.0
32.0333,128.189461,37.945468,1579.0206672000002,44.341,25.189,52.738,1.0
32.05,128.189506,37.945499,1580.9908944000001,44.45,25.338,52.921,1.0
32.0666,128.189552,37.94553,1582.974228,44.56,25.487,53.104,1.0
32.0833,128.189597,37.945561,1584.9712776000001,44.671,25.636,53.288,1.0
32.1,128.189643,37.945592,1586.9817384,44.782,25.784,53.472,1.0
32.1166,128.189689,37.945622,1589.0056104,44.895,25.932,53.657,1.0
32.1333,128.189734,37.945652,1591.0425888000002,45.008,26.079,53.843,1.0
32.15,128.18978,37.945682,1593.0929784,45.122,26.226,54.029,1.0
32.1666,128.189826,37.945712,1595.1564744000002,45.237,26.373,54.215,1.0
32.1833,128.189872,37.945742,1597.2330768,45.353,26.519,54.402,1.0
32.2,128.189918,37.945772,1599.3227856,45.47,26.665,54.59,1.0
32.2166,128.189964,37.945801,1601.4252960000001,45.587,26.81,54.778,1.0
32.2333,128.19001,37.945831,1603.5409128000001,45.706,26.955,54.967,1.0
32.25,128.190056,37.94586,1605.669636,45.825,27.1,55.156,1.0
32.2666,128.190103,37.945889,1607.8111608,45.946,27.244,55.346,1.0
32.2833,128.190149,37.945918,1609.9651824,46.067,27.388,55.537,1.0
32.3,128.190195,37.945946,1612.1323104,46.189,27.531,55.728,1.0
32.3166,128.190241,37.945975,1614.3119352,46.312,27.674,55.92,1.0
32.3333,128.190288,37.946003,1616.5040568000002,46.436,27.816,56.112,1.0
32.35,128.190334,37.946032,1618.70898,46.56,27.958,56.305,1.0
32.3666,128.190381,37.94606,1620.9264,46.686,28.1,56.498,1.0
32.3833,128.190427,37.946088,1623.156012,46.813,28.241,56.692,1.0
32.4,128.190474,37.946116,1625.3984255999999,46.94,28.382,56.887,1.0
32.4166,128.190521,37.946143,1627.6530312000002,47.069,28.522,57.082,1.0
32.4333,128.190567,37.946171,1629.9198288000002,47.198,28.662,57.278,1.0
32.45,128.190614,37.946198,1632.1988184000002,47.328,28.801,57.475,1.0
32.4666,128.190661,37.946225,1634.49,47.459,28.94,57.672,1.0
32.4833,128.190707,37.946252,1636.7933736,47.591,29.079,57.869,1.0
32.5,128.190754,37.946279,1639.1089392000001,47.724,29.217,58.068,1.0
32.5166,128.190801,37.946306,1641.4360872,47.858,29.354,58.267,1.0
32.5333,128.190848,37.946333,1643.7754272,47.993,29.492,58.466,1.0
32.55,128.190895,37.946359,1646.1266544,48.128,29.628,58.666,1.0
32.5666,128.190942,37.946385,1648.4897687999999,48.265,29.764,58.867,1.0
32.5833,128.190989,37.946411,1650.8644656,48.402,29.9,59.069,1.0
32.6,128.191036,37.946437,1653.2510496,48.541,30.035,59.271,1.0
32.6166,128.191083,37.946463,1655.649216,48.68,30.17,59.474,1.0
32.6333,128.19113,37.946489,1658.0589648,48.821,30.304,59.677,1.0
32.65,128.191178,37.946514,1660.4799912,48.962,30.438,59.881,1.0
32.6666,128.191225,37.946539,1662.9126,49.104,30.571,60.086,1.0
32.6833,128.191272,37.946565,1665.3567912,49.247,30.704,60.291,1.0
32.7,128.191319,37.94659,1667.81226,49.392,30.837,60.498,1.0
32.7166,128.191367,37.946614,1670.2790064,49.537,30.969,60.706,1.0
32.7333,128.191414,37.946639,1672.7567256,49.684,31.102,60.915,1.0
32.75,128.191461,37.946663,1675.2457224,49.832,31.234,61.125,1.0
32.7666,128.191509,37.946688,1677.7459968,49.981,31.366,61.336,1.0
32.7833,128.191556,37.946712,1680.257244,50.13,31.498,61.548,1.0
32.8,128.191604,37.946736,1682.7794640000002,50.281,31.629,61.761,1.0
32.8166,128.191651,37.94676,1685.3126568,50.433,31.76,61.975,1.0
32.8333,128.191699,37.946783,1687.8565176000002,50.586,31.89,62.19,1.0
32.85,128.191746,37.946807,1690.4116560000002,50.74,32.02,62.405,1.0
32.8666,128.191794,37.94683,1692.9771576,50.895,32.15,62.622,1.0
32.8833,128.191842,37.946853,1695.5533272,51.051,32.28,62.84,1.0
32.9,128.191889,37.946877,1698.1404696000002,51.208,32.408,63.058,1.0
32.9166,128.191937,37.946899,1700.7379752000002,51.366,32.537,63.277,1.0
32.9333,128.191985,37.946922,1703.3461488,51.525,32.665,63.498,1.0
32.95,128.192032,37.946945,1705.9646856000002,51.685,32.793,63.719,1.0
32.9666,128.19208,37.946967,1708.5935856,51.846,32.92,63.941,1.0
32.9833,128.192128,37.946989,1711.2328488,52.008,33.047,64.164,1.0
33.0,128.192176,37.947011,1713.8824752,52.172,33.173,64.388,1.0
33.0166,128.192223,37.947033,1716.5424648,52.336,33.299,64.613,1.0
33.0333,128.192271,37.947055,1719.2122080000001,52.501,33.424,64.839,1.0
33.05,128.192319,37.947076,1721.8926192000001,52.667,33.549,65.066,1.0
33.0666,128.192367,37.947097,1724.5827840000002,52.835,33.673,65.293,1.0
33.0833,128.192415,37.947119,1727.2830072000002,53.003,33.797,65.522,1.0
33.1,128.192463,37.94714,1729.992984,53.173,33.92,65.751,1.0
33.1166,128.192511,37.94716,1732.7130192,53.343,34.043,65.981,1.0
33.1333,128.192559,37.947181,1735.4431128,53.515,34.165,66.213,1.0
33.15,128.192606,37.947202,1738.1826552,53.687,34.287,66.445,1.0
33.1666,128.192654,37.947222,1740.9319512000002,53.861,34.408,66.678,1.0
33.1833,128.192702,37.947242,1743.6910008,54.036,34.528,66.912,1.0
33.2,128.19275,37.947262,1746.4594992000002,54.212,34.648,67.147,1.0
33.2166,128.192798,37.947282,1749.2377512,54.389,34.768,67.382,1.0
33.2333,128.192846,37.947302,1752.0251472,54.567,34.887,67.619,1.0
33.25,128.192895,37.947321,1754.8222968000002,54.746,35.005,67.857,1.0
33.2666,128.192943,37.94734,1757.6285904,54.926,35.123,68.095,1.0
33.2833,128.192991,37.947359,1760.444028,55.107,35.24,68.335,1.0
33.3,128.193039,37.947378,1763.2689144,55.29,35.357,68.575,1.0
33.3166,128.193087,37.947397,1766.1029448000002,55.473,35.473,68.817,1.0
33.3333,128.193135,37.947416,1768.9461192,55.657,35.588,69.059,1.0
33.35,128.193183,37.947434,1771.7981328,55.843,35.703,69.302,1.0
33.3666,128.193231,37.947452,1774.6592904,56.029,35.817,69.546,1.0
33.3833,128.193279,37.947471,1777.5292872,56.217,35.931,69.792,1.0
33.4,128.193327,37.947488,1780.4081232000003,56.406,36.044,70.038,1.0
33.4166,128.193376,37.947506,1783.2954936,56.595,36.156,70.285,1.0
33.4333,128.193424,37.947524,1786.1920080000002,56.786,36.268,70.533,1.0
33.45,128.193472,37.947541,1789.0970568,56.978,36.379,70.781,1.0
33.4666,128.19352,37.947558,1792.0106400000002,57.171,36.489,71.031,1.0
33.4833,128.193568,37.947575,1794.9327576,57.365,36.599,71.282,1.0
33.5,128.193616,37.947592,1797.8634096000003,57.56,36.708,71.534,1.0
33.5166,128.193664,37.947609,1800.8022912000001,57.757,36.816,71.787,1.0
33.5333,128.193713,37.947625,1803.7497072,57.954,36.924,72.04,1.0
33.55,128.193761,37.947642,1806.7053528000001,58.152,37.031,72.295,1.0
33.5666,128.193809,37.947658,1809.669228,58.351,37.138,72.55,1.0
33.5833,128.193857,37.947674,1812.641028,58.552,37.244,72.807,1.0
33.6,128.193905,37.94769,1815.6213624000002,58.753,37.349,73.064,1.0
33.6166,128.193954,37.947705,1818.6093168,58.956,37.453,73.323,1.0
33.6333,128.194002,37.947721,1821.6055008,59.159,37.557,73.582,1.0
33.65,128.19405,37.947736,1824.6093048000002,59.363,37.66,73.843,1.0
33.6666,128.194098,37.947751,1827.6210336,59.569,37.762,74.104,1.0
33.6833,128.194146,37.947766,1830.6406872,59.775,37.863,74.366,1.0
33.7,128.194194,37.947781,1833.6679608,59.983,37.964,74.63,1.0
33.7166,128.194243,37.947795,1836.7028544,60.192,38.064,74.894,1.0
33.7333,128.194291,37.94781,1839.745368,60.401,38.164,75.159,1.0
33.75,128.194339,37.947824,1842.7951968000002,60.612,38.262,75.425,1.0
33.7666,128.194387,37.947838,1845.8526456000002,60.823,38.36,75.692,1.0
33.7833,128.194435,37.947852,1848.9174096000002,61.036,38.457,75.96,1.0
33.8,128.194483,37.947865,1851.9894888000001,61.249,38.553,76.23,1.0
33.8166,128.194531,37.947879,1855.0685784,61.464,38.649,76.5,1.0
33.8333,128.194579,37.947892,1858.1552880000002,61.679,38.744,76.771,1.0
33.85,128.194628,37.947905,1861.2487032000001,61.896,38.838,77.042,1.0
33.8666,128.194676,37.947918,1864.3494335999999,62.113,38.931,77.315,1.0
33.8833,128.194724,37.947931,1867.4568696000001,62.331,39.024,77.589,1.0
33.9,128.194772,37.947943,1870.571316,62.551,39.115,77.864,1.0
33.9166,128.19482,37.947956,1873.6927728,62.771,39.206,78.14,1.0
33.9333,128.194868,37.947968,1876.8206304,62.992,39.296,78.417,1.0
33.95,128.194916,37.94798,1879.9554984,63.214,39.386,78.694,1.0
33.9666,128.194964,37.947992,1883.0967672000002,63.437,39.474,78.973,1.0
33.9833,128.195012,37.948003,1886.2447416,63.661,39.562,79.253,1.0
34.0,128.19506,37.948015,1889.3994216,63.886,39.649,79.533,1.0
34.0166,128.195108,37.948026,1892.5601976,64.111,39.735,79.815,1.0
34.0333,128.195156,37.948037,1895.7273744000001,64.338,39.82,80.097,1.0
34.05,128.195204,37.948048,1898.900952,64.565,39.904,80.38,1.0
34.0666,128.195252,37.948059,1902.0809304,64.794,39.988,80.665,1.0
34.0833,128.1953,37.94807,1905.2667000000001,65.023,40.07,80.95,1.0
34.1,128.195347,37.94808,1908.4588704,65.253,40.152,81.236,1.0
34.1166,128.195395,37.94809,1911.6568320000001,65.484,40.233,81.523,1.0
34.1333,128.195443,37.9481,1914.8608896,65.715,40.313,81.811,1.0
34.15,128.195491,37.94811,1918.0707384,65.948,40.392,82.1,1.0
34.1666,128.195539,37.94812,1921.2863784,66.181,40.471,82.39,1.0
34.1833,128.195587,37.948129,1924.5081144,66.415,40.548,82.681,1.0
34.2,128.195634,37.948138,1927.735032,66.649,40.625,82.972,1.0
34.2166,128.195682,37.948147,1930.9677408,66.885,40.701,83.265,1.0
34.2333,128.19573,37.948156,1934.2062408000002,67.121,40.775,83.559,1.0
34.25,128.195777,37.948165,1937.4499224,67.358,40.849,83.853,1.0
34.2666,128.195825,37.948173,1940.6990904,67.595,40.922,84.148,1.0
34.2833,128.195873,37.948182,1943.9537448000003,67.834,40.994,84.444,1.0
34.3,128.19592,37.94819,1947.2132760000002,68.073,41.066,84.741,1.0
34.3166,128.195968,37.948198,1950.4782936000001,68.313,41.136,85.039,1.0
34.3333,128.196015,37.948206,1953.7484928,68.553,41.205,85.338,1.0
34.35,128.196063,37.948213,1957.0235688,68.794,41.274,85.638,1.0
34.3666,128.19611,37.948221,1960.3038264000002,69.035,41.341,85.938,1.0
34.3833,128.196158,37.948228,1963.5889608,69.277,41.408,86.24,1.0
34.4,128.196205,37.948235,1966.8786672,69.52,41.473,86.542,1.0
34.4166,128.196253,37.948242,1970.1735552,69.764,41.538,86.845,1.0
34.4333,128.1963,37.948248,1973.4727104,70.008,41.602,87.149,1.0
34.45,128.196347,37.948255,1976.7767424,70.252,41.665,87.453,1.0
34.4666,128.196395,37.948261,1980.0853464000002,70.497,41.727,87.759,1.0
34.4833,128.196442,37.948267,1983.3985224,70.743,41.787,88.065,1.0
34.5,128.196489,37.948273,1986.7162704,70.989,41.847,88.372,1.0
34.5166,128.196537,37.948279,1990.0379808000002,71.236,41.906,88.68,1.0
34.5333,128.196584,37.948285,1993.3642632,71.483,41.964,88.989,1.0
34.55,128.196631,37.94829,1996.6948128000001,71.73,42.021,89.298,1.0
34.5666,128.196678,37.948295,2000.0293248,71.978,42.077,89.609,1.0
34.5833,128.196725,37.9483,2003.368104,72.226,42.133,89.92,1.0
34.6,128.196772,37.948305,2006.7105408,72.475,42.187,90.231,1.0
34.6166,128.196819,37.948309,2010.0572448000003,72.725,42.24,90.544,1.0
34.6333,128.196866,37.948314,2013.4079112000002,72.972,42.291,90.854,1.0
34.65,128.196913,37.948318,2016.7622352,73.218,42.341,91.162,1.0
34.6666,128.19696,37.948322,2020.1202168,73.463,42.39,91.47,1.0
34.6833,128.197007,37.948326,2023.481856,73.708,42.437,91.778,1.0
34.7,128.197053,37.94833,2026.8471528000002,73.955,42.484,92.088,1.0
34.7166,128.1971,37.948333,2030.2158024,74.202,42.53,92.399,1.0
34.7333,128.197147,37.948337,2033.5881096000003,74.447,42.574,92.707,1.0
34.75,128.197194,37.94834,2036.9637696000002,74.689,42.617,93.011,1.0
34.7666,128.19724,37.948343,2040.3427824,74.93,42.658,93.314,1.0
34.7833,128.197287,37.948345,2043.7248432000001,75.171,42.699,93.618,1.0
34.8,128.197333,37.948348,2047.109952,75.413,42.738,93.924,1.0
34.8166,128.19738,37.94835,2050.4984136000003,75.657,42.777,94.232,1.0
34.8333,128.197426,37.948352,2053.8896184,75.898,42.815,94.538,1.0
34.85,128.197473,37.948354,2057.284176,76.137,42.851,94.841,1.0
34.8666,128.197519,37.948356,2060.681172,76.375,42.886,95.143,1.0
34.8833,128.197565,37.948358,2064.081216,76.613,42.92,95.445,1.0
34.9,128.197612,37.948359,2067.4840032,76.853,42.953,95.75,1.0
34.9166,128.197658,37.948361,2070.8892288,77.094,42.986,96.057,1.0
34.9333,128.197704,37.948362,2074.2971976,77.332,43.017,96.362,1.0
34.95,128.19775,37.948363,2077.7076048000004,77.569,43.047,96.664,1.0
34.9666,128.197796,37.948363,2081.1204504,77.804,43.076,96.966,1.0
34.9833,128.197842,37.948364,2084.5360392000002,78.04,43.104,97.268,1.0
35.0,128.197888,37.948364,2087.9534568,78.276,43.132,97.573,1.0
35.0166,128.197934,37.948364,2091.3733128000003,78.515,43.159,97.879,1.0
35.0333,128.19798,37.948364,2094.7953024000003,78.75,43.184,98.184,1.0
35.05,128.198026,37.948364,2098.2194256,78.984,43.209,98.487,1.0
35.0666,128.198071,37.948364,2101.6456824,79.217,43.232,98.789,1.0
35.0833,128.198117,37.948363,2105.0740728,79.45,43.255,99.092,1.0
35.1,128.198163,37.948362,2108.5039872,79.683,43.276,99.397,1.0
35.1166,128.198208,37.948362,2111.9360352,79.918,43.297,99.704,1.0
35.1333,128.198254,37.94836,2115.3696072000002,80.15,43.318,100.009,1.0
35.15,128.198299,37.948359,2118.8050080000003,80.381,43.336,100.312,1.0
35.1666,128.198345,37.948358,2122.2422376,80.61,43.355,100.615,1.0
35.1833,128.19839,37.948356,2125.6809912000003,80.839,43.372,100.919,1.0
35.2,128.198435,37.948354,2129.1212688,81.069,43.388,101.224,1.0
35.2166,128.198481,37.948352,2132.5627656,81.3,43.404,101.531,1.0
35.2333,128.198526,37.94835,2136.0057864,81.529,43.419,101.837,1.0
35.25,128.198571,37.948348,2139.4503312,81.755,43.432,102.141,1.0
35.2666,128.198616,37.948345,2142.8960952,81.981,43.445,102.445,1.0
35.2833,128.198661,37.948342,2146.3427736,82.206,43.457,102.749,1.0
35.3,128.198706,37.948339,2149.7909760000002,82.431,43.468,103.055,1.0
35.3166,128.198751,37.948336,2153.2400928,82.658,43.479,103.362,1.0
35.3333,128.198796,37.948333,2156.690124,82.882,43.488,103.668,1.0
35.35,128.198841,37.94833,2160.1413744,83.104,43.497,103.973,1.0
35.3666,128.198885,37.948326,2163.5935392,83.324,43.504,104.277,1.0
35.3833,128.19893,37.948322,2167.0463136000003,83.545,43.511,104.582,1.0
35.4,128.198975,37.948318,2170.5000024,83.765,43.517,104.889,1.0
35.4166,128.199019,37.948314,2173.9543008,83.986,43.523,105.196,1.0
35.4333,128.199064,37.94831,2177.4095136,84.205,43.527,105.503,1.0
35.45,128.199108,37.948305,2180.865336,84.422,43.531,105.808,1.0
35.4666,128.199152,37.948301,2184.3214632,84.637,43.534,106.113,1.0
35.4833,128.199197,37.948296,2187.7782,84.852,43.536,106.419,1.0
35.5,128.199241,37.948291,2191.2355464,85.067,43.537,106.725,1.0
35.5166,128.199285,37.948286,2194.6931976,85.283,43.537,107.033,1.0
35.5333,128.199329,37.94828,2198.1511536000003,85.496,43.537,107.34,1.0
35.55,128.199373,37.948275,2201.6094144,85.707,43.536,107.646,1.0
35.5666,128.199417,37.948269,2205.0676752,85.917,43.534,107.951,1.0
35.5833,128.199461,37.948263,2208.5262408,86.126,43.531,108.257,1.0
35.6,128.199505,37.948257,2211.9851112,86.335,43.528,108.564,1.0
35.6166,128.199548,37.948251,2215.4436768,86.544,43.523,108.872,1.0
35.6333,128.199592,37.948244,2218.9025472,86.751,43.518,109.179,1.0
35.65,128.199636,37.948238,2222.3611128000002,86.956,43.513,109.486,1.0
35.6666,128.199679,37.948231,2225.8199832,87.16,43.506,109.792,1.0
35.6833,128.199723,37.948224,2229.278244,87.362,43.499,110.099,1.0
35.7,128.199766,37.948217,2232.7365048,87.565,43.491,110.406,1.0
35.7166,128.199809,37.94821,2236.1944608,87.767,43.482,110.714,1.0
35.7333,128.199852,37.948202,2239.652112,87.967,43.472,111.021,1.0
35.75,128.199896,37.948194,2243.1094584,88.165,43.462,111.328,1.0
35.7666,128.199939,37.948187,2246.5661952,88.362,43.451,111.635,1.0
35.7833,128.199982,37.948179,2250.0226272,88.558,43.44,111.942,1.0
35.8,128.200025,37.948171,2253.4784496,88.753,43.427,112.249,1.0
35.8166,128.200067,37.948162,2256.9339672,88.948,43.414,112.558,1.0
35.8333,128.20011,37.948154,2260.3885704,89.141,43.4,112.865,1.0
35.85,128.200153,37.948145,2263.842564,89.332,43.386,113.173,1.0
35.8666,128.200195,37.948136,2267.2959480000004,89.522,43.371,113.48,1.0
35.8833,128.200238,37.948127,2270.7484176000003,89.71,43.355,113.787,1.0
35.9,128.20028,37.948118,2274.1999728,89.897,43.338,114.095,1.0
35.9166,128.200323,37.948109,2277.6509184,90.085,43.321,114.404,1.0
35.9333,128.200365,37.948099,2281.1009496,90.27,43.303,114.712,1.0
35.95,128.200407,37.94809,2284.5497616000002,90.453,43.284,115.02,1.0
35.9666,128.200449,37.94808,2287.9976592000003,90.634,43.265,115.327,1.0
35.9833,128.200491,37.94807,2291.4446424000002,90.815,43.245,115.635,1.0
36.0,128.200533,37.94806,2294.8904064,90.994,43.224,115.943,1.0
36.0166,128.200575,37.948049,2298.3352560000003,91.173,43.203,116.252,1.0
36.0333,128.200617,37.948039,2301.7785816,91.35,43.181,116.56,1.0
36.05,128.200659,37.948028,2305.2209928,91.525,43.159,116.868,1.0
36.0666,128.2007,37.948017,2308.66188,91.698,43.136,117.177,1.0
36.0833,128.200742,37.948006,2312.101548,91.87,43.112,117.485,1.0
36.1,128.200783,37.947995,2315.5396920000003,92.042,43.087,117.793,1.0
36.1166,128.200825,37.947984,2318.9766168,92.212,43.062,118.102,1.0
36.1333,128.200866,37.947972,2322.4120176,92.381,43.037,118.411,1.0
36.15,128.200907,37.94796,2325.8455896,92.547,43.011,118.719,1.0
36.1666,128.200948,37.947949,2329.2779424,92.713,42.984,119.028,1.0
36.1833,128.200989,37.947937,2332.7087712000002,92.876,42.956,119.337,1.0
36.2,128.20103,37.947924,2336.1377712,93.039,42.928,119.646,1.0
36.2166,128.201071,37.947912,2339.5652472,93.201,42.9,119.955,1.0
36.2333,128.201112,37.9479,2342.9908944000003,93.361,42.87,120.264,1.0
36.25,128.201152,37.947887,2346.4150176000003,93.519,42.841,120.573,1.0
36.2666,128.201193,37.947874,2349.8370072000002,93.676,42.81,120.882,1.0
36.2833,128.201233,37.947861,2353.2574728,93.831,42.78,121.192,1.0
36.3,128.201274,37.947848,2356.6758048,93.985,42.748,121.501,1.0
36.3166,128.201314,37.947835,2360.0923080000002,94.138,42.716,121.81,1.0
36.3333,128.201354,37.947821,2363.5069824,94.289,42.683,122.119,1.0
36.35,128.201394,37.947807,2366.9195232,94.439,42.65,122.429,1.0
36.3666,128.201434,37.947794,2370.3299304,94.587,42.617,122.74,1.0
36.3833,128.201474,37.94778,2373.7385088,94.733,42.582,123.05,1.0
36.4,128.201514,37.947766,2377.1446488,94.878,42.548,123.359,1.0
36.4166,128.201553,37.947751,2380.54896,95.022,42.512,123.669,1.0
36.4333,128.201593,37.947737,2383.9508328,95.164,42.477,123.979,1.0
36.45,128.201632,37.947722,2387.3505720000003,95.305,42.44,124.289,1.0
36.4666,128.201672,37.947707,2390.7481776000004,95.444,42.404,124.6,1.0
36.4833,128.201711,37.947692,2394.1433448000002,95.581,42.366,124.911,1.0
36.5,128.20175,37.947677,2397.5360736000002,95.717,42.329,125.221,1.0
36.5166,128.201789,37.947662,2400.9263640000004,95.852,42.29,125.531,1.0
36.5333,128.201828,37.947647,2404.3145208,95.984,42.252,125.842,1.0
36.55,128.201867,37.947631,2407.6999344,96.116,42.212,126.154,1.0
36.5666,128.201906,37.947615,2411.0832144,96.246,42.173,126.465,1.0
36.5833,128.201944,37.947599,2414.4637512,96.374,42.132,126.777,1.0
36.6,128.201983,37.947583,2417.8415448,96.5,42.092,127.088,1.0
36.6166,128.202021,37.947567,2421.2172048,96.626,42.051,127.399,1.0
36.6333,128.202059,37.947551,2424.5898168,96.749,42.009,127.711,1.0
36.65,128.202098,37.947534,2427.9599904,96.871,41.967,128.023,1.0
36.6666,128.202136,37.947518,2431.3274208000003,96.992,41.925,128.336,1.0
36.6833,128.202174,37.947501,2434.692108,97.11,41.882,128.649,1.0
36.7,128.202211,37.947484,2438.054052,97.227,41.838,128.961,1.0
36.7166,128.202249,37.947467,2441.4132528000005,97.343,41.795,129.273,1.0
36.7333,128.202287,37.947449,2444.7694056,97.457,41.75,129.585,1.0
36.75,128.202324,37.947432,2448.1228152000003,97.57,41.706,129.899,1.0
36.7666,128.202362,37.947414,2451.4734816,97.682,41.661,130.213,1.0
36.7833,128.202399,37.947396,2454.8211,97.792,41.615,130.526,1.0
36.8,128.202436,37.947379,2458.1659752,97.9,41.569,130.84,1.0
36.8166,128.202473,37.94736,2461.5074976,98.007,41.523,131.152,1.0
36.8333,128.20251,37.947342,2464.8462768,98.112,41.476,131.466,1.0
36.85,128.202547,37.947324,2468.182008,98.216,41.429,131.781,1.0
36.8666,128.202583,37.947305,2471.5143864,98.319,41.382,132.096,1.0
36.8833,128.20262,37.947287,2474.8440216,98.42,41.334,132.411,1.0
36.9,128.202656,37.947268,2478.170304,98.519,41.286,132.725,1.0
36.9166,128.202693,37.947249,2481.4935384,98.616,41.238,133.039,1.0
36.9333,128.202729,37.94723,2484.81342,98.713,41.189,133.354,1.0
36.95,128.202765,37.94721,2488.1302536000003,98.808,41.139,133.67,1.0
36.9666,128.202801,37.947191,2491.4437344000003,98.902,41.09,133.987,1.0
36.9833,128.202837,37.947171,2494.7538624,98.994,41.04,134.303,1.0
37.0,128.202872,37.947151,2498.0606376,99.085,40.989,134.619,1.0
37.0166,128.202908,37.947131,2501.3643647999997,99.173,40.939,134.934,1.0
37.0333,128.202943,37.947111,2504.6644344,99.261,40.888,135.25,1.0
37.05,128.202978,37.947091,2507.961456,99.348,40.836,135.568,1.0
37.0666,128.203014,37.947071,2511.25482,99.434,40.785,135.886,1.0
37.0833,128.203049,37.94705,2514.5448312,99.518,40.733,136.204,1.0
37.1,128.203083,37.94703,2517.8311848000003,99.6,40.68,136.521,1.0
37.1166,128.203118,37.947009,2521.1141856,99.681,40.628,136.837,1.0
37.1333,128.203153,37.946988,2524.3926144,99.76,40.575,137.155,1.0
37.15,128.203187,37.946967,2527.6670808,99.839,40.522,137.476,1.0
37.1666,128.203222,37.946946,2530.9378896000003,99.917,40.468,137.797,1.0
37.1833,128.203256,37.946924,2534.204736,99.994,40.414,138.119,1.0
37.2,128.20329,37.946903,2537.4673152,100.068,40.359,138.44,1.0
37.2166,128.203324,37.946881,2540.7259320000003,100.141,40.305,138.759,1.0
37.2333,128.203357,37.946859,2543.9802816,100.213,40.25,139.081,1.0
37.25,128.203391,37.946837,2547.2306688000003,100.285,40.195,139.404,1.0
37.2666,128.203424,37.946815,2550.4770936000004,100.355,40.139,139.728,1.0
37.2833,128.203458,37.946793,2553.7192511999997,100.424,40.083,140.052,1.0
37.3,128.203491,37.946771,2556.9571416000003,100.491,40.027,140.375,1.0
37.3166,128.203524,37.946748,2560.1910696,100.556,39.971,140.697,1.0
37.3333,128.203557,37.946725,2563.4207304,100.621,39.914,141.021,1.0
37.35,128.203589,37.946703,2566.646124,100.685,39.857,141.347,1.0
37.3666,128.203622,37.94668,2569.8672504,100.748,39.8,141.674,1.0
37.3833,128.203654,37.946657,2573.0841096000004,100.809,39.742,142.0,1.0
37.4,128.203687,37.946633,2576.2967016,100.869,39.684,142.325,1.0
37.4166,128.203719,37.94661,2579.5050264,100.927,39.626,142.65,1.0
37.4333,128.203751,37.946587,2582.7087792,100.984,39.568,142.976,1.0
37.45,128.203782,37.946563,2585.9085695999997,101.041,39.51,143.305,1.0
37.4666,128.203814,37.946539,2589.103788,101.097,39.451,143.634,1.0
37.4833,128.203846,37.946515,2592.2947392,101.151,39.392,143.963,1.0
37.5,128.203877,37.946491,2595.4811184,101.203,39.333,144.291,1.0
37.5166,128.203908,37.946467,2598.6632304000004,101.254,39.273,144.618,1.0
37.5333,128.203939,37.946443,2601.8407704,101.304,39.214,144.947,1.0
37.55,128.20397,37.946418,2605.0140432000003,101.354,39.154,145.278,1.0
37.5666,128.204,37.946394,2608.1824392000003,101.403,39.094,145.61,1.0
37.5833,128.204031,37.946369,2611.3468728000003,101.45,39.033,145.942,1.0
37.6,128.204061,37.946344,2614.5064296,101.495,38.973,146.272,1.0
37.6166,128.204091,37.946319,2617.6614144000005,101.538,38.912,146.602,1.0
37.6333,128.204121,37.946294,2620.812132,101.582,38.851,146.934,1.0
37.65,128.204151,37.946269,2623.9582776,101.624,38.79,147.268,1.0
37.6666,128.204181,37.946244,2627.0995464000002,101.666,38.729,147.602,1.0
37.6833,128.20421,37.946218,2630.2365480000003,101.707,38.667,147.937,1.0
37.7,128.20424,37.946193,2633.3686728000002,101.746,38.605,148.27,1.0
37.7166,128.204269,37.946167,2636.4965304,101.783,38.544,148.603,1.0
37.7333,128.204298,37.946141,2639.6195112,101.819,38.482,148.935,1.0
37.75,128.204327,37.946115,2642.73792,101.853,38.421,149.267,1.0
37.7666,128.204355,37.946089,2645.851452,101.885,38.359,149.598,1.0
37.7833,128.204384,37.946063,2648.9607168000002,101.916,38.298,149.929,1.0
37.8,128.204412,37.946037,2652.0651048,101.945,38.236,150.259,1.0
37.8166,128.20444,37.94601,2655.1649208000003,101.972,38.175,150.589,1.0
37.8333,128.204468,37.945983,2658.2598600000006,101.998,38.114,150.917,1.0
37.85,128.204496,37.945957,2661.3499224,102.022,38.053,151.245,1.0
37.8666,128.204523,37.94593,2664.4357176,102.044,37.992,151.571,1.0
37.8833,128.20455,37.945903,2667.5163312,102.065,37.931,151.897,1.0
37.9,128.204578,37.945876,2670.5926776,102.084,37.87,152.222,1.0
37.9166,128.204605,37.945849,2673.6638424,102.102,37.81,152.547,1.0
37.9333,128.204631,37.945821,2676.7304352000006,102.119,37.749,152.871,1.0
37.95,128.204658,37.945794,2679.792456,102.134,37.689,153.194,1.0
37.9666,128.204684,37.945766,2682.8496,102.147,37.629,153.517,1.0
37.9833,128.204711,37.945739,2685.9018671999997,102.159,37.569,153.84,1.0
38.0,128.204737,37.945711,2688.9492576000002,102.17,37.509,154.161,1.0
38.0166,128.204763,37.945683,2691.9920760000005,102.18,37.449,154.483,1.0
38.0333,128.204788,37.945655,2695.0300176,102.188,37.389,154.804,1.0
38.05,128.204814,37.945627,2698.0630824000004,102.196,37.329,155.124,1.0
38.0666,128.204839,37.945598,2701.0915752,102.202,37.27,155.445,1.0
38.0833,128.204864,37.94557,2704.1151912,102.207,37.211,155.764,1.0
38.1,128.204889,37.945542,2707.1339304000003,102.211,37.151,156.084,1.0
38.1166,128.204914,37.945513,2710.1477928,102.215,37.092,156.403,1.0
38.1333,128.204938,37.945484,2713.1570831999998,102.217,37.033,156.722,1.0
38.15,128.204963,37.945456,2716.1611920000005,102.218,36.975,157.04,1.0
38.1666,128.204987,37.945427,2719.1607288,102.219,36.916,157.358,1.0
38.1833,128.205011,37.945398,2722.1553888000003,102.219,36.857,157.676,1.0
38.2,128.205035,37.945368,2725.1454768,102.217,36.799,157.994,1.0
38.2166,128.205058,37.945339,2728.1303832,102.215,36.741,158.311,1.0
38.2333,128.205082,37.94531,2731.1107176,102.212,36.682,158.629,1.0
38.25,128.205105,37.94528,2734.0861752,102.209,36.624,158.945,1.0
38.2666,128.205128,37.945251,2737.056756,102.205,36.566,159.262,1.0
38.2833,128.205151,37.945221,2740.02246,102.2,36.509,159.579,1.0
38.3,128.205173,37.945192,2742.9832872,102.194,36.451,159.895,1.0
38.3166,128.205196,37.945162,2745.9395424,102.188,36.394,160.211,1.0
38.3333,128.205218,37.945132,2748.8909208,102.181,36.336,160.527,1.0
38.35,128.20524,37.945102,2751.8374224,102.174,36.279,160.842,1.0
38.3666,128.205262,37.945072,2754.7790472,102.166,36.222,161.158,1.0
38.3833,128.205283,37.945041,2757.7157952000002,102.157,36.165,161.473,1.0
38.4,128.205304,37.945011,2760.6479712000005,102.148,36.108,161.788,1.0
38.4166,128.205326,37.944981,2763.5749656000003,102.138,36.052,162.103,1.0
38.4333,128.205347,37.94495,2766.4970832,102.12,35.996,162.418,1.0
38.45,128.205367,37.944919,2769.414324,102.093,35.941,162.733,1.0
38.4666,128.205388,37.944889,2772.326688,102.058,35.887,163.048,1.0
38.4833,128.205408,37.944858,2775.23448,102.016,35.833,163.363,1.0
38.5,128.205428,37.944827,2778.1370904,101.968,35.779,163.678,1.0
38.5166,128.205448,37.944796,2781.0351288,101.916,35.725,163.993,1.0
38.5333,128.205468,37.944765,2783.9276808,101.852,35.672,164.308,1.0
38.55,128.205487,37.944734,2786.8159656000003,101.777,35.619,164.623,1.0
38.5666,128.205507,37.944703,2789.6990688,101.693,35.568,164.938,1.0
38.5833,128.205526,37.944671,2792.5776,101.601,35.517,165.254,1.0
38.6,128.205545,37.94464,2795.4512544,101.503,35.466,165.569,1.0
38.6166,128.205563,37.944608,2798.3203368000004,101.399,35.415,165.885,1.0
38.6333,128.205582,37.944577,2801.1845424,101.287,35.365,166.201,1.0
38.65,128.2056,37.944545,2804.0438712000005,101.166,35.316,166.518,1.0
38.6666,128.205618,37.944513,2806.8986280000004,101.04,35.268,166.834,1.0
38.6833,128.205635,37.944481,2809.7488128,100.907,35.22,167.151,1.0
38.7,128.205653,37.94445,2812.5944256000002,100.77,35.173,167.468,1.0
38.7166,128.20567,37.944418,2815.4354664,100.63,35.127,167.785,1.0
38.7333,128.205687,37.944386,2818.2728496,100.54,35.076,168.101,1.0
38.75,128.205704,37.944353,2821.1059656,100.501,35.02,168.417,1.0
38.7666,128.205721,37.944321,2823.9351192000004,100.507,34.962,168.733,1.0
38.7833,128.205738,37.944289,2826.7600056000006,100.553,34.906,169.048,1.0
38.8,128.205754,37.944257,2829.5806248,100.633,34.851,169.364,1.0
38.8166,128.20577,37.944224,2832.3969768,100.739,34.799,169.679,1.0
38.8333,128.205786,37.944192,2835.2090616,100.866,34.747,169.993,1.0
38.85,128.205802,37.944159,2838.0168792,101.009,34.697,170.306,1.0
38.8666,128.205817,37.944127,2840.8204296000004,101.164,34.646,170.618,1.0
38.8833,128.205833,37.944094,2843.6191032,101.326,34.595,170.928,1.0
38.9,128.205848,37.944061,2846.4138144000003,101.494,34.544,171.238,1.0
38.9166,128.205863,37.944028,2849.2036488000003,101.666,34.491,171.546,1.0
38.9333,128.205877,37.943995,2851.9886064,101.831,34.439,171.854,1.0
38.95,128.205892,37.943963,2854.7689920000003,101.988,34.387,172.162,1.0
38.9666,128.205906,37.94393,2857.5445008,102.139,34.335,172.469,1.0
38.9833,128.20592,37.943896,2860.3151328000004,102.283,34.281,172.775,1.0
39.0,128.205934,37.943863,2863.0811928,102.422,34.226,173.082,1.0
39.0166,128.205947,37.94383,2865.8423760000005,102.557,34.17,173.387,1.0
39.0333,128.205961,37.943797,2868.5983776000003,102.676,34.114,173.693,1.0
39.05,128.205974,37.943764,2871.3491976,102.782,34.058,173.999,1.0
39.0666,128.205987,37.94373,2874.0954456000004,102.875,34.001,174.305,1.0
39.0833,128.205999,37.943697,2876.8362072000004,102.959,33.943,174.611,1.0
39.1,128.206012,37.943663,2879.5720920000003,103.033,33.885,174.916,1.0
39.1166,128.206024,37.94363,2882.3031,103.101,33.825,175.222,1.0
39.1333,128.206036,37.943596,2885.0286216,103.155,33.765,175.527,1.0
39.15,128.206048,37.943562,2887.7489616000003,103.197,33.705,175.833,1.0
39.1666,128.206059,37.943529,2890.46412,103.229,33.645,176.139,1.0
39.1833,128.206071,37.943495,2893.1744016,103.251,33.585,176.445,1.0
39.2,128.206082,37.943461,2895.8795016,103.266,33.524,176.751,1.0
39.2166,128.206092,37.943427,2898.57942,103.276,33.462,177.057,1.0
39.2333,128.206103,37.943393,2901.2738520000003,103.276,33.4,177.363,1.0
39.25,128.206113,37.943359,2903.9634072000003,103.268,33.339,177.67,1.0
39.2666,128.206124,37.943325,2906.6474760000006,103.254,33.277,177.976,1.0
39.2833,128.206134,37.943291,2909.326668,103.233,33.216,178.283,1.0
39.3,128.206143,37.943257,2912.0003736000003,103.208,33.154,178.59,1.0
39.3166,128.206153,37.943223,2914.6692024000004,103.179,33.092,178.896,1.0
39.3333,128.206162,37.943189,2917.3328496,103.146,33.031,179.203,1.0
39.35,128.206171,37.943154,2919.9913152,103.109,32.969,179.51,1.0
39.3666,128.20618,37.94312,2922.6445992,103.068,32.908,179.817,1.0
39.3833,128.206188,37.943086,2925.2930064,103.025,32.847,180.124,1.0
39.4,128.206197,37.943051,2927.936232,102.98,32.786,180.431,1.0
39.4166,128.206205,37.943017,2930.5742760000003,102.933,32.725,180.738,1.0
39.4333,128.206213,37.942982,2933.2071384,102.885,32.665,181.045,1.0
39.45,128.20622,37.942948,2935.8351239999997,102.836,32.604,181.352,1.0
39.4666,128.206228,37.942913,2938.4579280000003,102.787,32.544,181.659,1.0
39.4833,128.206235,37.942878,2941.0758552,102.737,32.485,181.967,1.0
39.5,128.206242,37.942844,2943.6886008,102.686,32.425,182.274,1.0
39.5166,128.206249,37.942809,2946.2964696,102.636,32.366,182.581,1.0
39.5333,128.206255,37.942774,2948.8994616,102.586,32.307,182.888,1.0
39.55,128.206262,37.94274,2951.497272,102.537,32.249,183.195,1.0
39.5666,128.206268,37.942705,2954.0902056000004,102.489,32.19,183.502,1.0
39.5833,128.206273,37.94267,2956.6782624,102.442,32.132,183.809,1.0
39.6,128.206279,37.942635,2959.2614424,102.396,32.075,184.116,1.0
39.6166,128.206284,37.9426,2961.8394408,102.349,32.017,184.423,1.0
39.6333,128.20629,37.942566,2964.4125624000003,102.305,31.96,184.73,1.0
39.65,128.206295,37.942531,2966.9811120000004,102.263,31.903,185.037,1.0
39.6666,128.206299,37.942496,2969.5444800000005,102.222,31.846,185.344,1.0
39.6833,128.206304,37.942461,2972.1029712000004,102.182,31.79,185.65,1.0
39.7,128.206308,37.942426,2974.6565855999997,102.144,31.734,185.957,1.0
39.7166,128.206312,37.942391,2977.205628,102.106,31.678,186.263,1.0
39.7333,128.206316,37.942356,2979.7494888,102.071,31.623,186.57,1.0
39.75,128.206319,37.942321,2982.2887776000002,102.037,31.567,186.876,1.0
39.7666,128.206323,37.942286,2984.8231896,102.006,31.512,187.182,1.0
39.7833,128.206326,37.942251,2987.3527248,101.975,31.457,187.488,1.0
39.8,128.206328,37.942215,2989.8773831999997,101.946,31.402,187.794,1.0
39.8166,128.206331,37.94218,2992.3974696,101.918,31.348,188.1,1.0
39.8333,128.206334,37.942145,2994.9132888000004,101.892,31.293,188.405,1.0
39.85,128.206336,37.94211,2997.4242312,101.867,31.239,188.71,1.0
39.8666,128.206338,37.942075,2999.9309064,101.844,31.185,189.015,1.0
39.8833,128.206339,37.94204,3002.4327048,101.822,31.131,189.32,1.0
39.9,128.206341,37.942004,3004.930236,101.801,31.077,189.624,1.0
39.9166,128.206342,37.941969,3007.4231952,101.78,31.024,189.928,1.0
39.9333,128.206343,37.941934,3009.9124968,101.874,30.958,190.224,1.0
39.95,128.206344,37.941899,3012.397836,102.078,30.88,190.512,1.0
39.9666,128.206345,37.941863,3014.8786032000003,102.397,30.795,190.796,1.0
39.9833,128.206345,37.941828,3017.355408,102.833,30.706,191.076,1.0
40.0,128.206345,37.941793,3019.8282504000003,103.385,30.616,191.355,1.0
40.0166,128.206345,37.941757,3022.2971304000002,104.05,30.525,191.632,1.0
40.0333,128.206345,37.941722,3024.7617432,104.793,30.434,191.909,1.0
40.05,128.206345,37.941687,3027.2217840000003,105.6,30.345,192.186,1.0
40.0666,128.206345,37.941651,3029.6766432,106.454,30.255,192.462,1.0
40.0833,128.206344,37.941616,3032.1269304,107.342,30.164,192.736,1.0
40.1,128.206343,37.941581,3034.5717312,108.256,30.07,193.007,1.0
40.1166,128.206342,37.941545,3037.0110456,109.187,29.973,193.275,1.0
40.1333,128.206341,37.94151,3039.4439592000003,110.081,29.876,193.544,1.0
40.15,128.206339,37.941474,3041.8701671999997,110.938,29.779,193.814,1.0
40.1666,128.206338,37.941439,3044.2896696,111.757,29.679,194.083,1.0
40.1833,128.206336,37.941403,3046.7018568000003,112.542,29.574,194.349,1.0
40.2,128.206334,37.941368,3049.1073384,113.295,29.463,194.613,1.0
40.2166,128.206331,37.941332,3051.5052,114.024,29.344,194.872,1.0
40.2333,128.206329,37.941297,3053.8972704000003,114.825,29.216,195.104,1.0
40.25,128.206326,37.941261,3056.2826352000006,115.685,29.087,195.289,1.0
40.2666,128.206323,37.941225,3058.6615992,116.605,28.97,195.413,1.0
40.2833,128.20632,37.94119,3061.0341624000002,117.582,28.878,195.462,1.0
40.3,128.206317,37.941154,3063.4009344,118.609,28.824,195.419,1.0
40.3166,128.206313,37.941119,3065.7625248,119.69,28.804,195.297,1.0
40.3333,128.20631,37.941083,3068.1189336,120.834,28.812,195.118,1.0
40.35,128.206306,37.941047,3070.4710752,122.05,28.838,194.901,1.0
40.3666,128.206303,37.941012,3072.8189496,123.348,28.873,194.668,1.0
40.3833,128.206299,37.940976,3075.1619472,124.735,28.907,194.436,1.0
40.4,128.206295,37.94094,3077.5003728,126.221,28.931,194.223,1.0
40.4166,128.206291,37.940904,3079.8345312,127.805,28.945,194.028,1.0
40.4333,128.206287,37.940868,3082.1647272,129.485,28.952,193.846,1.0
40.45,128.206283,37.940833,3084.4909608,131.257,28.956,193.672,1.0
40.4666,128.206279,37.940797,3086.8132320000004,133.116,28.957,193.502,1.0
40.4833,128.206275,37.940761,3089.1321504000002,135.06,28.957,193.334,1.0
40.5,128.206271,37.940725,3091.4474112000003,137.086,28.955,193.166,1.0
40.5166,128.206266,37.940689,3093.7599288,139.193,28.952,192.997,1.0
40.5333,128.206262,37.940653,3096.0693984000004,141.378,28.948,192.827,1.0
40.55,128.206258,37.940617,3098.3764296000004,143.639,28.941,192.654,1.0
40.5666,128.206253,37.940581,3100.6810224,145.976,28.933,192.479,1.0
40.5833,128.206249,37.940545,3102.9834816000002,148.386,28.924,192.301,1.0
40.6,128.206244,37.940509,3105.2841120000003,150.867,28.913,192.12,1.0
40.6166,128.20624,37.940473,3107.5835232000004,153.417,28.903,191.934,1.0
40.6333,128.206235,37.940436,3109.8817152,156.033,28.893,191.745,1.0
40.65,128.206231,37.9404,3112.178688,158.716,28.884,191.552,1.0
40.6666,128.206226,37.940364,3114.4756608000002,161.461,28.876,191.356,1.0
40.6833,128.206222,37.940328,3116.772024,164.269,28.871,191.158,1.0
40.7,128.206217,37.940292,3119.0686920000003,167.136,28.87,190.957,1.0
40.7166,128.206213,37.940255,3121.3656648,170.062,28.872,190.755,1.0
40.7333,128.206208,37.940219,3123.663552,173.044,28.879,190.553,1.0
40.75,128.206204,37.940183,3125.9620488000005,176.079,28.891,190.353,1.0
40.7666,128.206199,37.940146,3128.2605456,179.158,28.909,190.156,1.0
40.7833,128.206194,37.94011,3130.559652,-177.725,28.932,189.966,1.0
40.8,128.20619,37.940074,3132.859368,-174.579,28.96,189.784,1.0
40.8166,128.206185,37.940037,3135.1596936,-171.408,28.993,189.613,1.0
40.8333,128.20618,37.940001,3137.4600192000003,-168.215,29.026,189.453,1.0
40.85,128.206176,37.939965,3139.7609544,-165.004,29.059,189.307,1.0
40.8666,128.206171,37.939928,3142.062804,-161.778,29.092,189.176,1.0
40.8833,128.206166,37.939892,3144.3652632,-158.536,29.124,189.061,1.0
40.9,128.206162,37.939855,3146.668332,-155.28,29.156,188.964,1.0
40.9166,128.206157,37.939819,3148.9729248000003,-152.01,29.186,188.886,1.0
40.9333,128.206152,37.939783,3151.2775176,-148.732,29.197,188.816,1.0
40.95,128.206147,37.939746,3153.5821104,-145.465,29.178,188.737,1.0
40.9666,128.206142,37.93971,3155.8867032000003,-142.229,29.119,188.631,1.0
40.9833,128.206138,37.939673,3158.1906864000002,-139.032,29.023,188.49,1.0
41.0,128.206133,37.939637,3160.4949744,-135.872,28.907,188.321,1.0
41.0166,128.206128,37.9396,3162.7989576000004,-132.745,28.783,188.134,1.0
41.0333,128.206123,37.939564,3165.1017216,-129.659,28.644,187.913,1.0
41.05,128.206118,37.939527,3167.4035712000004,-126.622,28.481,187.642,1.0
41.0666,128.206113,37.939491,3169.7035920000003,-123.634,28.3,187.316,1.0
41.0833,128.206108,37.939454,3172.0026984,-120.688,28.112,186.952,1.0
41.1,128.206103,37.939418,3174.2999760000002,-117.778,27.929,186.564,1.0
41.1166,128.206098,37.939381,3176.5954248000003,-114.898,27.758,186.161,1.0
41.1333,128.206093,37.939345,3178.8875208000004,-112.225,27.578,185.734,1.0
41.15,128.206087,37.939308,3181.1759592000003,-109.76,27.385,185.266,1.0
41.1666,128.206083,37.939271,3183.4598256000004,-107.477,27.196,184.763,1.0
41.1833,128.206078,37.939235,3185.7394248,-105.344,27.026,184.241,1.0
41.2,128.206073,37.939198,3188.014452,-103.331,26.882,183.714,1.0
41.2166,128.206068,37.939161,3190.2846024,-101.406,26.767,183.187,1.0
41.2333,128.206063,37.939124,3192.5507904,-99.723,26.657,182.65,1.0
41.25,128.206059,37.939088,3194.8124064,-98.263,26.549,182.103,1.0
41.2666,128.206054,37.939051,3197.0694504000003,-97.017,26.448,181.554,1.0
41.2833,128.20605,37.939014,3199.3213127999998,-95.956,26.362,181.009,1.0
41.3,128.206046,37.938977,3201.5689079999997,-95.043,26.294,180.471,1.0
41.3166,128.206042,37.93894,3203.8119312,-94.243,26.248,179.942,1.0
41.3333,128.206038,37.938903,3206.0506872000005,-93.619,26.209,179.421,1.0
41.35,128.206035,37.938866,3208.2857856,-93.154,26.173,178.907,1.0
41.3666,128.206031,37.938829,3210.5166168000005,-92.841,26.141,178.402,1.0
41.3833,128.206028,37.938792,3212.7431808,-92.666,26.113,177.905,1.0
41.4,128.206025,37.938755,3214.9660872000004,-92.605,26.091,177.417,1.0
41.4166,128.206022,37.938718,3217.185336,-92.633,26.076,176.938,1.0
41.4333,128.20602,37.938681,3219.4009272000003,-92.783,26.062,176.469,1.0
41.45,128.206018,37.938644,3221.6122511999997,-93.043,26.044,176.01,1.0
41.4666,128.206015,37.938607,3223.8202224,-93.395,26.026,175.56,1.0
41.4833,128.206014,37.93857,3226.0239264,-93.819,26.009,175.117,1.0
41.5,128.206012,37.938533,3228.2239728,-94.302,25.992,174.683,1.0
41.5166,128.206011,37.938496,3230.4200568,-94.829,25.976,174.255,1.0
41.5333,128.206009,37.938459,3232.6124832,-95.437,25.955,173.855,1.0
41.55,128.206008,37.938422,3234.8003375999997,-96.113,25.928,173.502,1.0
41.5666,128.206008,37.938385,3236.9833152,-96.846,25.9,173.216,1.0
41.5833,128.206007,37.938348,3239.1611112,-97.626,25.876,173.016,1.0
41.6,128.206007,37.938311,3241.3337256000004,-98.446,25.861,172.919,1.0
41.6166,128.206007,37.938274,3243.5011584,-99.298,25.857,172.933,1.0
41.6333,128.206007,37.938237,3245.6634096000003,-100.07,25.876,173.034,1.0
41.65,128.206007,37.938199,3247.820784,-100.758,25.918,173.199,1.0
41.6666,128.206008,37.938162,3249.9735864000004,-101.372,25.974,173.405,1.0
41.6833,128.206008,37.938125,3252.1221216,-101.922,26.036,173.634,1.0
41.7,128.206009,37.938088,3254.2663896000004,-102.424,26.095,173.863,1.0
41.7166,128.20601,37.938051,3256.4066952000003,-102.897,26.148,174.075,1.0
41.7333,128.206011,37.938014,3258.542124,-103.313,26.195,174.248,1.0
41.75,128.206012,37.937977,3260.6738952,-103.691,26.232,174.364,1.0
41.7666,128.206013,37.93794,3262.8013992,-104.05,26.254,174.406,1.0
41.7833,128.206015,37.937902,3264.9252456000004,-104.405,26.255,174.361,1.0
41.8,128.206016,37.937865,3267.0439103999997,-104.77,26.231,174.217,1.0
41.8166,128.206018,37.937828,3269.1580032,-105.159,26.177,173.962,1.0
41.8333,128.206019,37.937791,3271.2681336,-105.55,26.096,173.604,1.0
41.85,128.206021,37.937754,3273.3736920000006,-105.941,25.992,173.159,1.0
41.8666,128.206023,37.937716,3275.4746784000004,-106.331,25.867,172.643,1.0
41.8833,128.206025,37.937679,3277.570788,-106.718,25.723,172.076,1.0
41.9,128.206027,37.937642,3279.6620208000004,-107.097,25.564,171.478,1.0
41.9166,128.206029,37.937604,3281.748072,-107.466,25.396,170.869,1.0
41.9333,128.206032,37.937567,3283.8289416000002,-107.812,25.225,170.269,1.0
41.95,128.206035,37.93753,3285.9043248000003,-108.13,25.058,169.697,1.0
41.9666,128.206037,37.937492,3287.9742216,-108.417,24.901,169.171,1.0
41.9833,128.20604,37.937455,3290.0386320000002,-108.671,24.756,168.699,1.0
42.0,128.206044,37.937418,3292.0966416,-108.901,24.621,168.271,1.0
42.0166,128.206047,37.93738,3294.1491648,-109.115,24.492,167.87,1.0
42.0333,128.20605,37.937343,3296.1949824000003,-109.318,24.366,167.488,1.0
42.05,128.206054,37.937306,3298.234704,-109.516,24.241,167.118,1.0
42.0666,128.206058,37.937268,3300.2677200000003,-109.709,24.117,166.756,1.0
42.0833,128.206062,37.937231,3302.2943352000007,-109.9,23.994,166.403,1.0
42.1,128.206066,37.937193,3304.3145496,-110.088,23.871,166.056,1.0
42.1166,128.206071,37.937156,3306.3277536,-110.274,23.748,165.715,1.0
42.1333,128.206075,37.937118,3308.3339472000002,-110.461,23.625,165.379,1.0
42.15,128.20608,37.937081,3310.3334352000006,-110.649,23.502,165.049,1.0
42.1666,128.206085,37.937043,3312.325608,-110.838,23.38,164.725,1.0
42.1833,128.20609,37.937006,3314.3110752000002,-111.027,23.257,164.405,1.0
42.2,128.206096,37.936969,3316.2889224,-111.217,23.134,164.09,1.0
42.2166,128.206101,37.936931,3318.2597592,-111.407,23.012,163.778,1.0
42.2333,128.206107,37.936894,3320.2232808,-111.598,22.889,163.471,1.0
42.25,128.206113,37.936856,3322.1791824,-111.791,22.765,163.168,1.0
42.2666,128.206119,37.936819,3324.127464,-111.985,22.642,162.869,1.0
42.2833,128.206126,37.936781,3326.0684304000006,-112.179,22.518,162.573,1.0
42.3,128.206132,37.936744,3328.0017768000002,-112.374,22.394,162.28,1.0
42.3166,128.206139,37.936706,3329.9271984,-112.569,22.27,161.99,1.0
42.3333,128.206146,37.936669,3331.8446952,-112.764,22.145,161.704,1.0
42.35,128.206153,37.936631,3333.754572,-112.959,22.02,161.42,1.0
42.3666,128.206161,37.936594,3335.656524,-113.154,21.894,161.138,1.0
42.3833,128.206168,37.936556,3337.5505512,-113.348,21.768,160.86,1.0
42.4,128.206176,37.936519,3339.4363488000004,-113.541,21.641,160.583,1.0
42.4166,128.206184,37.936482,3341.3142216,-113.734,21.513,160.31,1.0
42.4333,128.206192,37.936444,3343.1838648,-113.925,21.385,160.038,1.0
42.45,128.206201,37.936407,3345.0452784000004,-114.114,21.257,159.768,1.0
42.4666,128.206209,37.936369,3346.8981576000006,-114.301,21.128,159.501,1.0
42.4833,128.206218,37.936332,3348.743112,-114.486,20.999,159.235,1.0
42.5,128.206227,37.936294,3350.5792272000003,-114.669,20.868,158.972,1.0
42.5166,128.206236,37.936257,3352.4071128,-114.851,20.737,158.71,1.0
42.5333,128.206246,37.93622,3354.2264640000003,-115.03,20.606,158.45,1.0
42.55,128.206255,37.936182,3356.0372807999997,-115.205,20.474,158.192,1.0
42.5666,128.206265,37.936145,3357.8395632,-115.377,20.341,157.935,1.0
42.5833,128.206275,37.936107,3359.6330064,-115.546,20.208,157.68,1.0
42.6,128.206286,37.93607,3361.4176104,-115.713,20.074,157.427,1.0
42.6166,128.206296,37.936033,3363.1936800000003,-115.878,19.939,157.175,1.0
42.6333,128.206307,37.935995,3364.9606056000002,-116.039,19.804,156.924,1.0
42.65,128.206317,37.935958,3366.7189968,-116.195,19.668,156.675,1.0
42.6666,128.206328,37.935921,3368.4679392000003,-116.347,19.532,156.427,1.0
42.6833,128.20634,37.935883,3370.2083472,-116.497,19.395,156.18,1.0
42.7,128.206351,37.935846,3371.9393064,-116.643,19.258,155.934,1.0
42.7166,128.206363,37.935809,3373.6614264,-116.787,19.119,155.69,1.0
42.7333,128.206375,37.935772,3375.3744024000002,-116.927,18.981,155.447,1.0
42.75,128.206387,37.935734,3377.0779296,-117.062,18.842,155.205,1.0
42.7666,128.206399,37.935697,3378.7723128,-117.193,18.702,154.963,1.0
42.7833,128.206411,37.93566,3380.4575520000003,-117.32,18.562,154.723,1.0
42.8,128.206424,37.935623,3382.1333424,-117.445,18.422,154.484,1.0
42.8166,128.206437,37.935586,3383.799684,-117.567,18.28,154.245,1.0
42.8333,128.20645,37.935549,3385.4565768,-117.684,18.138,154.007,1.0
42.85,128.206463,37.935511,3387.1043256000003,-117.797,17.996,153.77,1.0
42.8666,128.206476,37.935474,3388.7423208000005,-117.906,17.854,153.534,1.0
42.8833,128.20649,37.935437,3390.3705624000004,-118.012,17.71,153.298,1.0
42.9,128.206504,37.9354,3391.9893552000003,-118.115,17.567,153.063,1.0
42.9166,128.206518,37.935363,3393.5986992,-118.216,17.422,152.829,1.0
42.9333,128.206532,37.935326,3395.1982896000004,-118.312,17.278,152.595,1.0
42.95,128.206546,37.935289,3396.7878216,-118.404,17.133,152.362,1.0
42.9666,128.206561,37.935252,3398.3679048000004,-118.492,16.988,152.129,1.0
42.9833,128.206576,37.935215,3399.9382344,-118.577,16.842,151.897,1.0
43.0,128.206591,37.935178,3401.4985056000005,-118.66,16.696,151.665,1.0
43.0166,128.206606,37.935142,3403.0487184000003,-118.74,16.55,151.434,1.0
43.0333,128.206621,37.935105,3404.5894824,-118.816,16.403,151.204,1.0
43.05,128.206637,37.935068,3406.1198832,-118.888,16.257,150.974,1.0
43.0666,128.206653,37.935031,3407.6405304000004,-118.957,16.11,150.744,1.0
43.0833,128.206669,37.934994,3409.1511192000003,-119.023,15.962,150.515,1.0
43.1,128.206685,37.934958,3410.6516496,-119.086,15.815,150.287,1.0
43.1166,128.206701,37.934921,3412.1421216,-119.148,15.667,150.058,1.0
43.1333,128.206718,37.934884,3413.6222304000003,-119.205,15.519,149.831,1.0
43.15,128.206734,37.934848,3415.0925856,-119.259,15.37,149.603,1.0
43.1666,128.206751,37.934811,3416.5522728,-119.311,15.222,149.376,1.0
43.1833,128.206768,37.934774,3418.0022064,-119.359,15.073,149.149,1.0
43.2,128.206786,37.934738,3419.441472,-119.405,14.925,148.923,1.0
43.2166,128.206803,37.934701,3420.8706792000003,-119.449,14.776,148.696,1.0
43.2333,128.206821,37.934665,3422.2895232,-119.489,14.627,148.47,1.0
43.25,128.206839,37.934628,3423.698004,-119.526,14.478,148.245,1.0
43.2666,128.206857,37.934592,3425.0964264,-119.561,14.328,148.019,1.0
43.2833,128.206875,37.934556,3426.4841808,-119.593,14.179,147.794,1.0
43.3,128.206894,37.934519,3427.861572,-119.623,14.03,147.569,1.0
43.3166,128.206912,37.934483,3429.2282952,-119.651,13.88,147.345,1.0
43.3333,128.206931,37.934447,3430.5849600000006,-119.675,13.731,147.12,1.0
43.35,128.20695,37.934411,3431.9309568000003,-119.697,13.582,146.896,1.0
43.3666,128.20697,37.934375,3433.2665904,-119.716,13.432,146.672,1.0
43.3833,128.206989,37.934338,3434.591556,-119.733,13.283,146.448,1.0
43.4,128.207009,37.934302,3435.9061584,-119.747,13.133,146.224,1.0
43.4166,128.207028,37.934266,3437.209788,-119.76,12.984,146.001,1.0
43.4333,128.207048,37.93423,3438.5033592,-119.77,12.834,145.777,1.0
43.45,128.207068,37.934194,3439.7859576000005,-119.777,12.685,145.554,1.0
43.4666,128.207089,37.934159,3441.057888,-119.781,12.536,145.33,1.0
43.4833,128.207109,37.934123,3442.3194552000004,-119.783,12.386,145.107,1.0
43.5,128.20713,37.934087,3443.5703544000003,-119.783,12.237,144.884,1.0
43.5166,128.207151,37.934051,3444.8102808,-119.781,12.088,144.661,1.0
43.5333,128.207172,37.934015,3446.0398440000004,-119.776,11.939,144.438,1.0
43.55,128.207193,37.93398,3447.2584344,-119.769,11.79,144.215,1.0
43.5666,128.207215,37.933944,3448.4663568,-119.759,11.641,143.992,1.0
43.5833,128.207237,37.933909,3449.6636112,-119.747,11.493,143.769,1.0
43.6,128.207258,37.933873,3450.8501976000002,-119.733,11.344,143.546,1.0
43.6166,128.20728,37.933838,3452.026116,-119.717,11.196,143.323,1.0
43.6333,128.207303,37.933802,3453.1910616,-119.699,11.048,143.101,1.0
43.65,128.207325,37.933767,3454.3453392,-119.678,10.9,142.878,1.0
43.6666,128.207348,37.933732,3455.4889488000003,-119.655,10.752,142.655,1.0
43.6833,128.20737,37.933696,3456.6215856,-119.629,10.604,142.432,1.0
43.7,128.207393,37.933661,3457.7432496,-119.602,10.457,142.209,1.0
43.7166,128.207416,37.933626,3458.8542456,-119.573,10.309,141.986,1.0
43.7333,128.20744,37.933591,3459.9545736000005,-119.542,10.162,141.763,1.0
43.75,128.207463,37.933556,3461.0439288,-119.509,10.016,141.54,1.0
43.7666,128.207487,37.933521,3462.122616,-119.473,9.869,141.316,1.0
43.7833,128.207511,37.933486,3463.1903304,-119.436,9.723,141.093,1.0
43.8,128.207535,37.933451,3464.247072,-119.397,9.576,140.87,1.0
43.8166,128.207559,37.933417,3465.2931456,-119.356,9.431,140.646,1.0
43.8333,128.207584,37.933382,3466.3282464000004,-119.313,9.285,140.423,1.0
43.85,128.207608,37.933347,3467.3523744,-119.268,9.14,140.199,1.0
43.8666,128.207633,37.933313,3468.3658344,-119.222,8.995,139.975,1.0
43.8833,128.207658,37.933278,3469.3683216,-119.174,8.85,139.751,1.0
43.9,128.207683,37.933244,3470.359836,-119.124,8.705,139.527,1.0
43.9166,128.207708,37.933209,3471.3406824000003,-119.073,8.561,139.303,1.0
43.9333,128.207734,37.933175,3472.310556,-119.02,8.417,139.079,1.0
43.95,128.207759,37.933141,3473.2697616,-118.965,8.274,138.855,1.0
43.9666,128.207785,37.933107,3474.2179944,-118.909,8.131,138.63,1.0
43.9833,128.207811,37.933072,3475.1552544,-118.851,7.988,138.405,1.0
44.0,128.207837,37.933038,3476.0815416000005,-118.792,7.845,138.181,1.0
44.0166,128.207864,37.933004,3476.9971608,-118.731,7.703,137.956,1.0
44.0333,128.20789,37.932971,3477.9018072000003,-118.67,7.561,137.73,1.0
44.05,128.207917,37.932937,3478.7954808,-118.606,7.419,137.505,1.0
44.0666,128.207944,37.932903,3479.6784864,-118.542,7.278,137.279,1.0
44.0833,128.207971,37.932869,3480.5505192000005,-118.476,7.137,137.054,1.0
44.1,128.207998,37.932836,3481.411884,-118.409,6.997,136.828,1.0
44.1166,128.208026,37.932802,3482.2622760000004,-118.341,6.857,136.602,1.0
44.1333,128.208053,37.932769,3483.1016952,-118.271,6.717,136.376,1.0
44.15,128.208081,37.932735,3483.9304464000006,-118.201,6.578,136.149,1.0
44.1666,128.208109,37.932702,3484.7482248,-118.129,6.439,135.922,1.0
44.1833,128.208137,37.932669,3485.5550304000003,-118.056,6.3,135.696,1.0
44.2,128.208165,37.932636,3486.351168,-117.982,6.162,135.468,1.0
44.2166,128.208194,37.932602,3487.1366376,-117.907,6.024,135.241,1.0
44.2333,128.208222,37.932569,3487.9111344000003,-117.831,5.887,135.014,1.0
44.25,128.208251,37.932536,3488.6749632,-117.754,5.75,134.786,1.0
44.2666,128.20828,37.932504,3489.4278192000006,-117.676,5.613,134.558,1.0
44.2833,128.208309,37.932471,3490.1700072000003,-117.596,5.477,134.33,1.0
44.3,128.208338,37.932438,3490.9015272,-117.516,5.341,134.101,1.0
44.3166,128.208368,37.932406,3491.6220744,-117.435,5.206,133.873,1.0
44.3333,128.208398,37.932373,3492.3319536,-117.353,5.071,133.644,1.0
44.35,128.208427,37.932341,3493.0308600000003,-117.27,4.937,133.415,1.0
44.3666,128.208457,37.932308,3493.7194032,-117.186,4.802,133.186,1.0
44.3833,128.208487,37.932276,3494.3969736000004,-117.101,4.669,132.956,1.0
44.4,128.208518,37.932244,3495.0638760000006,-117.016,4.535,132.726,1.0
44.4166,128.208548,37.932212,3495.7201104,-116.929,4.403,132.496,1.0
44.4333,128.208579,37.93218,3496.3656768,-116.842,4.27,132.266,1.0
44.45,128.20861,37.932148,3497.0005752,-116.753,4.138,132.036,1.0
44.4666,128.208641,37.932116,3497.6248056000004,-116.665,4.007,131.805,1.0
44.4833,128.208672,37.932084,3498.2383680000003,-116.575,3.876,131.574,1.0
44.5,128.208703,37.932053,3498.8412624000002,-116.484,3.745,131.343,1.0
44.5166,128.208734,37.932021,3499.4334888000003,-116.393,3.615,131.111,1.0
44.5333,128.208766,37.93199,3500.015352,-116.301,3.485,130.879,1.0
44.55,128.208798,37.931958,3500.5862424,-116.209,3.356,130.647,1.0
44.5666,128.20883,37.931927,3501.1467696,-116.115,3.227,130.415,1.0
44.5833,128.208862,37.931896,3501.6969336,-116.021,3.099,130.183,1.0
44.6,128.208894,37.931865,3502.2361248,-115.926,2.971,129.95,1.0
44.6166,128.208927,37.931834,3502.7649528,-115.831,2.843,129.717,1.0
44.6333,128.208959,37.931803,3503.2834176,-115.735,2.716,129.484,1.0
44.65,128.208992,37.931772,3503.7912144,-115.638,2.59,129.25,1.0
44.6666,128.209025,37.931742,3504.288648,-115.541,2.464,129.016,1.0
44.6833,128.209058,37.931711,3504.7757184,-115.443,2.338,128.782,1.0
44.7,128.209091,37.931681,3505.2521208000003,-115.345,2.213,128.548,1.0
44.7166,128.209124,37.93165,3505.7181600000004,-115.246,2.088,128.314,1.0
44.7333,128.209158,37.93162,3506.173836,-115.146,1.964,128.079,1.0
44.75,128.209192,37.93159,3506.6191488000004,-115.046,1.84,127.844,1.0
44.7666,128.209226,37.93156,3507.0540984000004,-114.946,1.717,127.609,1.0
44.7833,128.20926,37.93153,3507.4786848000003,-114.845,1.594,127.373,1.0
44.8,128.209294,37.9315,3507.892908,-114.744,1.472,127.137,1.0
44.8166,128.209328,37.93147,3508.296768,-114.642,1.35,126.901,1.0
44.8333,128.209362,37.93144,3508.6902648,-114.54,1.229,126.665,1.0
44.85,128.209397,37.931411,3509.0737032,-114.437,1.108,126.429,1.0
44.8666,128.209432,37.931381,3509.4467784000003,-114.335,0.988,126.192,1.0
44.8833,128.209467,37.931352,3509.8094904,-114.232,0.868,125.955,1.0
44.9,128.209502,37.931323,3510.1621440000004,-114.128,0.748,125.718,1.0
44.9166,128.209537,37.931294,3510.5047392,-114.024,0.629,125.48,1.0
44.9333,128.209572,37.931265,3510.8369712000003,-113.92,0.511,125.242,1.0
44.95,128.209608,37.931236,3511.1591448,-113.816,0.393,125.004,1.0
44.9666,128.209644,37.931207,3511.4712600000003,-113.712,0.275,124.766,1.0
44.9833,128.209679,37.931178,3511.773012,-113.607,0.158,124.527,1.0
45.0,128.209715,37.93115,3512.0650104,-113.502,0.042,124.289,1.0
45.0166,128.209751,37.931121,3512.3466456,-113.397,-0.074,124.05,1.0
45.0333,128.209788,37.931093,3512.6185272000002,-113.292,-0.189,123.81,1.0
45.05,128.209824,37.931065,3512.8800456000004,-113.187,-0.304,123.571,1.0
45.0666,128.209861,37.931037,3513.1318103999997,-113.082,-0.419,123.331,1.0
45.0833,128.209897,37.931009,3513.3735168000003,-112.977,-0.533,123.091,1.0
45.1,128.209934,37.930981,3513.6054696,-112.872,-0.647,122.851,1.0
45.1166,128.209971,37.930953,3513.827364,-112.766,-0.76,122.61,1.0
45.1333,128.210008,37.930925,3514.0392,-112.661,-0.873,122.369,1.0
45.15,128.210046,37.930898,3514.2412824000003,-112.556,-0.986,122.128,1.0
45.1666,128.210083,37.93087,3514.4336112,-112.451,-1.098,121.887,1.0
45.1833,128.210121,37.930843,3514.6158816,-112.346,-1.209,121.646,1.0
45.2,128.210158,37.930816,3514.7883984000005,-112.241,-1.32,121.404,1.0
45.2166,128.210196,37.930789,3514.9514664000003,-112.136,-1.431,121.162,1.0
45.2333,128.210234,37.930762,3515.1044760000004,-112.031,-1.541,120.92,1.0
45.25,128.210272,37.930735,3515.2477320000003,-111.926,-1.65,120.677,1.0
45.2666,128.21031,37.930708,3515.3812344000003,-111.822,-1.759,120.434,1.0
45.2833,128.210349,37.930682,3515.505288,-111.717,-1.868,120.192,1.0
45.3,128.210387,37.930655,3515.619588,-111.612,-1.976,119.948,1.0
45.3166,128.210426,37.930629,3515.7241344000004,-111.508,-2.084,119.705,1.0
45.3333,128.210465,37.930603,3515.8192320000003,-111.403,-2.192,119.461,1.0
45.35,128.210504,37.930577,3515.9045760000004,-111.299,-2.299,119.217,1.0
45.3666,128.210543,37.930551,3515.9804712000005,-111.196,-2.405,118.973,1.0
45.3833,128.210582,37.930525,3516.0469176,-111.092,-2.511,118.729,1.0
45.4,128.210621,37.9305,3516.1036104,-110.988,-2.617,118.485,1.0
45.4166,128.210661,37.930474,3516.1511592,-110.885,-2.722,118.24,1.0
45.4333,128.2107,37.930449,3516.1889544,-110.781,-2.827,117.995,1.0
45.45,128.21074,37.930423,3516.2173008000004,-110.679,-2.931,117.75,1.0
45.4666,128.21078,37.930398,3516.2361984000004,-110.576,-3.035,117.504,1.0
45.4833,128.21082,37.930373,3516.245952,-110.474,-3.138,117.258,1.0
45.5,128.21086,37.930348,3516.2462568,-110.371,-3.241,117.013,1.0
45.5166,128.2109,37.930323,3516.2371128,-110.269,-3.344,116.766,1.0
45.5333,128.21094,37.930299,3516.2188248,-110.167,-3.446,116.52,1.0
45.55,128.210981,37.930274,3516.1913928,-110.066,-3.548,116.274,1.0
45.5666,128.211021,37.93025,3516.1542072,-109.965,-3.65,116.027,1.0
45.5833,128.211062,37.930226,3516.1081824000003,-109.864,-3.75,115.78,1.0
45.6,128.211103,37.930202,3516.0530136,-109.764,-3.851,115.533,1.0
45.6166,128.211144,37.930178,3515.988396,-109.663,-3.951,115.286,1.0
45.6333,128.211185,37.930154,3515.9146344,-109.563,-4.051,115.038,1.0
45.65,128.211226,37.93013,3515.8317288,-109.463,-4.15,114.79,1.0
45.6666,128.211267,37.930107,3515.7399840000003,-109.364,-4.249,114.542,1.0
45.6833,128.211309,37.930083,3515.6390952,-109.265,-4.348,114.294,1.0
45.7,128.21135,37.93006,3515.5290624000004,-109.166,-4.446,114.046,1.0
45.7166,128.211392,37.930037,3515.4098856,-109.068,-4.544,113.797,1.0
45.7333,128.211434,37.930014,3515.2818696,-108.969,-4.641,113.548,1.0
45.75,128.211476,37.929991,3515.1447096,-108.872,-4.738,113.299,1.0
45.7666,128.211518,37.929968,3514.9987104,-108.774,-4.835,113.05,1.0
45.7833,128.21156,37.929946,3514.843872,-108.677,-4.931,112.801,1.0
45.8,128.211602,37.929924,3514.6801944,-108.58,-5.027,112.551,1.0
45.8166,128.211645,37.929901,3514.5073728,-108.483,-5.122,112.301,1.0
45.8333,128.211687,37.929879,3514.3260168000006,-108.387,-5.217,112.051,1.0
45.85,128.21173,37.929857,3514.1355168000005,-108.291,-5.312,111.801,1.0
45.8666,128.211772,37.929835,3513.9364824000004,-108.195,-5.407,111.551,1.0
45.8833,128.211815,37.929814,3513.7286088,-108.1,-5.501,111.3,1.0
45.9,128.211858,37.929792,3513.5118960000004,-108.005,-5.594,111.05,1.0
45.9166,128.211901,37.929771,3513.2866488000004,-107.909,-5.688,110.799,1.0
45.9333,128.211944,37.929749,3513.0525624000006,-107.815,-5.78,110.548,1.0
45.95,128.211987,37.929728,3512.8096368,-107.72,-5.873,110.297,1.0
45.9666,128.212031,37.929707,3512.5584816,-107.626,-5.965,110.045,1.0
45.9833,128.212074,37.929686,3512.2984872,-107.532,-6.057,109.794,1.0
46.0,128.212118,37.929666,3512.0299584,-107.439,-6.149,109.542,1.0
46.0166,128.212161,37.929645,3511.7528952000002,-107.345,-6.24,109.29,1.0
46.0333,128.212205,37.929625,3511.4669928000003,-107.252,-6.33,109.038,1.0
46.05,128.212249,37.929605,3511.1728608,-107.159,-6.421,108.785,1.0
46.0666,128.212293,37.929585,3510.8701944,-107.066,-6.511,108.533,1.0
46.0833,128.212337,37.929565,3510.5592984000004,-106.974,-6.601,108.28,1.0
46.1,128.212381,37.929545,3510.2395632000002,-106.882,-6.69,108.027,1.0
46.1166,128.212426,37.929525,3509.9115984000005,-106.79,-6.779,107.775,1.0
46.1333,128.21247,37.929506,3509.575404,-106.698,-6.868,107.521,1.0
46.15,128.212514,37.929487,3509.2306752000004,-106.607,-6.956,107.268,1.0
46.1666,128.212559,37.929467,3508.8777168000006,-106.515,-7.044,107.015,1.0
46.1833,128.212604,37.929448,3508.516224,-106.424,-7.132,106.761,1.0
46.2,128.212648,37.92943,3508.1468064,-106.334,-7.219,106.507,1.0
46.2166,128.212693,37.929411,3507.7688544000002,-106.243,-7.306,106.253,1.0
46.2333,128.212738,37.929392,3507.3829776000002,-106.153,-7.393,105.999,1.0
46.25,128.212783,37.929374,3506.9885664000003,-106.063,-7.479,105.745,1.0
46.2666,128.212828,37.929356,3506.5862304,-105.973,-7.565,105.49,1.0
46.2833,128.212873,37.929338,3506.1756648,-105.883,-7.651,105.235,1.0
46.3,128.212919,37.92932,3505.7568696,-105.794,-7.736,104.98,1.0
46.3166,128.212964,37.929302,3505.3301496,-105.704,-7.821,104.725,1.0
46.3333,128.213009,37.929284,3504.8952000000004,-105.616,-7.906,104.47,1.0
46.35,128.213055,37.929267,3504.4523256,-105.527,-7.991,104.215,1.0
46.3666,128.213101,37.92925,3504.0012216,-105.439,-8.075,103.96,1.0
46.3833,128.213146,37.929232,3503.5421928,-105.351,-8.159,103.704,1.0
46.4,128.213192,37.929215,3503.0752392000004,-105.263,-8.242,103.448,1.0
46.4166,128.213238,37.929199,3502.6003608,-105.175,-8.325,103.192,1.0
46.4333,128.213284,37.929182,3502.1175576000005,-105.087,-8.408,102.936,1.0
46.45,128.21333,37.929165,3501.6268296000003,-105.0,-8.49,102.68,1.0
46.4666,128.213376,37.929149,3501.1281768,-104.913,-8.573,102.424,1.0
46.4833,128.213422,37.929133,3500.621904,-104.827,-8.655,102.167,1.0
46.5,128.213468,37.929117,3500.1077064,-104.74,-8.736,101.911,1.0
46.5166,128.213515,37.929101,3499.5855840000004,-104.654,-8.817,101.654,1.0
46.5333,128.213561,37.929085,3499.0555368000005,-104.568,-8.898,101.397,1.0
46.55,128.213608,37.92907,3498.5181744,-104.482,-8.979,101.14,1.0
46.5666,128.213654,37.929055,3497.9728872000005,-104.397,-9.06,100.882,1.0
46.5833,128.213701,37.929039,3497.41998,-104.312,-9.14,100.625,1.0
46.6,128.213748,37.929024,3496.8591480000005,-104.227,-9.219,100.367,1.0
46.6166,128.213794,37.929009,3496.2910008000003,-104.142,-9.299,100.109,1.0
46.6333,128.213841,37.928995,3495.7149288,-104.058,-9.378,99.852,1.0
46.65,128.213888,37.92898,3495.1315416,-103.974,-9.457,99.593,1.0
46.6666,128.213935,37.928966,3494.5405344,-103.89,-9.536,99.335,1.0
46.6833,128.213982,37.928952,3493.9416024,-103.807,-9.614,99.077,1.0
46.7,128.214029,37.928938,3493.33566,-103.723,-9.692,98.818,1.0
46.7166,128.214076,37.928924,3492.7217928,-103.64,-9.77,98.56,1.0
46.7333,128.214124,37.92891,3492.1009152,-103.557,-9.847,98.301,1.0
46.75,128.214171,37.928896,3491.4721128,-103.475,-9.924,98.042,1.0
46.7666,128.214218,37.928883,3490.8363000000004,-103.393,-10.001,97.783,1.0
46.7833,128.214266,37.92887,3490.1928672,-103.311,-10.078,97.524,1.0
46.8,128.214313,37.928857,3489.5421192000003,-103.23,-10.154,97.265,1.0
46.8166,128.214361,37.928844,3488.8837512,-103.148,-10.23,97.005,1.0
46.8333,128.214408,37.928831,3488.2183728,-103.067,-10.306,96.746,1.0
46.85,128.214456,37.928819,3487.5456792,-102.986,-10.382,96.486,1.0
46.8666,128.214504,37.928806,3486.8653656,-102.906,-10.457,96.226,1.0
46.8833,128.214552,37.928794,3486.1780416,-102.826,-10.532,95.966,1.0
46.9,128.214599,37.928782,3485.4837072000005,-102.746,-10.606,95.706,1.0
46.9166,128.214647,37.92877,3484.7817528000005,-102.666,-10.681,95.445,1.0
46.9333,128.214695,37.928758,3484.072788,-102.587,-10.755,95.185,1.0
46.95,128.214743,37.928747,3483.3568128,-102.508,-10.829,94.924,1.0
46.9666,128.214791,37.928735,3482.6335224,-102.43,-10.902,94.664,1.0
46.9833,128.214839,37.928724,3481.9032216,-102.351,-10.976,94.403,1.0
47.0,128.214888,37.928713,3481.1659104,-102.273,-11.049,94.142,1.0
47.0166,128.214936,37.928702,3480.421284,-102.195,-11.122,93.881,1.0
47.0333,128.214984,37.928692,3479.6696472,-102.117,-11.194,93.619,1.0
47.05,128.215032,37.928681,3478.9113048000004,-102.04,-11.267,93.358,1.0
47.0666,128.215081,37.928671,3478.1456472,-101.963,-11.339,93.096,1.0
47.0833,128.215129,37.928661,3477.3729792,-101.887,-11.41,92.835,1.0
47.1,128.215177,37.928651,3476.5936056000005,-101.81,-11.482,92.573,1.0
47.1166,128.215226,37.928641,3475.8072216,-101.734,-11.553,92.311,1.0
47.1333,128.215274,37.928631,3475.0138272000004,-101.658,-11.624,92.049,1.0
47.15,128.215323,37.928622,3474.2134224,-101.583,-11.695,91.787,1.0
47.1666,128.215371,37.928613,3473.4066168000004,-101.507,-11.765,91.524,1.0
47.1833,128.21542,37.928603,3472.592496,-101.432,-11.836,91.262,1.0
47.2,128.215469,37.928594,3471.7719744,-101.358,-11.906,90.999,1.0
47.2166,128.215517,37.928586,3470.9444424,-101.283,-11.976,90.737,1.0
47.2333,128.215566,37.928577,3470.1102048000002,-101.209,-12.045,90.474,1.0
47.25,128.215615,37.928569,3469.2692616000004,-101.135,-12.114,90.211,1.0
47.2666,128.215664,37.92856,3468.421308,-101.061,-12.184,89.947,1.0
47.2833,128.215713,37.928552,3467.5669536,-100.988,-12.252,89.684,1.0
47.3,128.215761,37.928544,3466.7058936000003,-100.915,-12.321,89.421,1.0
47.3166,128.21581,37.928537,3465.8381280000003,-100.842,-12.389,89.157,1.0
47.3333,128.215859,37.928529,3464.9639616000004,-100.769,-12.457,88.894,1.0
47.35,128.215908,37.928522,3464.0827848000004,-100.697,-12.525,88.63,1.0
47.3666,128.215957,37.928515,3463.1952072000004,-100.625,-12.593,88.366,1.0
47.3833,128.216006,37.928508,3462.3012288,-100.553,-12.66,88.102,1.0
47.4,128.216055,37.928501,3461.4005448,-100.482,-12.728,87.837,1.0
47.4166,128.216104,37.928494,3460.4934600000006,-100.41,-12.795,87.573,1.0
47.4333,128.216153,37.928487,3459.5796695999998,-100.339,-12.861,87.309,1.0
47.45,128.216202,37.928481,3458.6594784000004,-100.269,-12.928,87.044,1.0
47.4666,128.216251,37.928475,3457.7328864,-100.198,-12.994,86.779,1.0
47.4833,128.2163,37.928469,3456.7998936000004,-100.128,-13.06,86.515,1.0
47.5,128.21635,37.928463,3455.8605000000002,-100.058,-13.126,86.25,1.0
47.5166,128.216399,37.928458,3454.9147056000006,-99.988,-13.192,85.985,1.0
47.5333,128.216448,37.928452,3453.9625104,-99.919,-13.257,85.719,1.0
47.55,128.216497,37.928447,3453.0039144,-99.85,-13.322,85.454,1.0
47.5666,128.216546,37.928442,3452.0389176,-99.781,-13.387,85.189,1.0
47.5833,128.216596,37.928437,3451.0678248,-99.712,-13.452,84.923,1.0
47.6,128.216645,37.928432,3450.0903312,-99.643,-13.516,84.658,1.0
47.6166,128.216694,37.928428,3449.1064368,-99.575,-13.581,84.392,1.0
47.6333,128.216743,37.928423,3448.1164464000003,-99.507,-13.645,84.126,1.0
47.65,128.216792,37.928419,3447.1203600000003,-99.439,-13.708,83.86,1.0
47.6666,128.216842,37.928415,3446.1178728,-99.372,-13.772,83.594,1.0
47.6833,128.216891,37.928411,3445.1092896000005,-99.304,-13.836,83.327,1.0
47.7,128.21694,37.928408,3444.0946104,-99.237,-13.899,83.061,1.0
47.7166,128.21699,37.928404,3443.0738352000003,-99.17,-13.962,82.794,1.0
47.7333,128.217039,37.928401,3442.046964,-99.104,-14.025,82.528,1.0
47.75,128.217088,37.928398,3441.0139968,-99.037,-14.087,82.261,1.0
47.7666,128.217137,37.928395,3439.9746288,-98.971,-14.15,81.994,1.0
47.7833,128.217187,37.928392,3438.9294696,-98.905,-14.212,81.727,1.0
47.8,128.217236,37.928389,3437.8782144,-98.84,-14.274,81.46,1.0
47.8166,128.217285,37.928387,3436.821168,-98.774,-14.335,81.192,1.0
47.8333,128.217335,37.928385,3435.7580256,-98.709,-14.397,80.925,1.0
47.85,128.217384,37.928383,3434.6887872,-98.644,-14.458,80.657,1.0
47.8666,128.217433,37.928381,3433.6134528000002,-98.579,-14.519,80.39,1.0
47.8833,128.217482,37.928379,3432.5326320000004,-98.515,-14.58,80.122,1.0
47.9,128.217532,37.928377,3431.4457152,-98.45,-14.641,79.854,1.0
47.9166,128.217581,37.928376,3430.3527024,-98.386,-14.702,79.586,1.0
47.9333,128.21763,37.928375,3429.2538984000003,-98.322,-14.762,79.318,1.0
47.95,128.217679,37.928374,3428.1493032000003,-98.259,-14.822,79.05,1.0
47.9666,128.217729,37.928373,3427.0389168000006,-98.195,-14.882,78.781,1.0
47.9833,128.217778,37.928373,3425.9227392000003,-98.132,-14.942,78.513,1.0
48.0,128.217827,37.928372,3424.8007704,-98.069,-15.001,78.244,1.0
48.0166,128.217876,37.928372,3423.6730104,-98.006,-15.061,77.976,1.0
48.0333,128.217925,37.928372,3422.5394592000002,-97.944,-15.12,77.707,1.0
48.05,128.217975,37.928372,3421.4001168000004,-97.881,-15.179,77.438,1.0
48.0666,128.218024,37.928372,3420.2549832,-97.819,-15.238,77.169,1.0
48.0833,128.218073,37.928372,3419.1043632,-97.758,-15.296,76.9,1.0
48.1,128.218122,37.928373,3417.947952,-97.696,-15.355,76.631,1.0
48.1166,128.218171,37.928374,3416.7860544,-97.634,-15.413,76.361,1.0
48.1333,128.21822,37.928375,3415.6183656000003,-97.573,-15.471,76.092,1.0
48.15,128.218269,37.928376,3414.4448856,-97.512,-15.529,75.822,1.0
48.1666,128.218318,37.928377,3413.266224,-97.452,-15.586,75.552,1.0
48.1833,128.218367,37.928379,3412.0817712000003,-97.391,-15.644,75.283,1.0
48.2,128.218416,37.928381,3410.8915272,-97.331,-15.701,75.013,1.0
48.2166,128.218465,37.928382,3409.6961016,-97.27,-15.758,74.743,1.0
48.2333,128.218514,37.928384,3408.4948848000004,-97.21,-15.815,74.472,1.0
48.25,128.218563,37.928387,3407.2884864000002,-97.151,-15.872,74.202,1.0
48.2666,128.218612,37.928389,3406.0762968,-97.091,-15.928,73.932,1.0
48.2833,128.218661,37.928392,3404.8586208,-97.032,-15.984,73.661,1.0
48.3,128.218709,37.928394,3403.6357632,-96.973,-16.04,73.391,1.0
48.3166,128.218758,37.928397,3402.4071144000004,-96.914,-16.096,73.12,1.0
48.3333,128.218807,37.928401,3401.173284,-96.855,-16.152,72.849,1.0
48.35,128.218856,37.928404,3399.934272,-96.797,-16.208,72.578,1.0
48.3666,128.218904,37.928407,3398.6894688,-96.738,-16.263,72.307,1.0
48.3833,128.218953,37.928411,3397.439484,-96.68,-16.318,72.036,1.0
48.4,128.219001,37.928415,3396.1843176,-96.623,-16.374,71.765,1.0
48.4166,128.21905,37.928419,3394.9236648,-96.565,-16.428,71.493,1.0
48.4333,128.219099,37.928423,3393.6575256,-96.507,-16.483,71.222,1.0
48.45,128.219147,37.928427,3392.3865096000004,-96.45,-16.538,70.95,1.0
48.4666,128.219195,37.928432,3391.1100072000004,-96.393,-16.592,70.678,1.0
48.4833,128.219244,37.928437,3389.8280184,-96.336,-16.646,70.406,1.0
48.5,128.219292,37.928441,3388.5411528000004,-96.279,-16.7,70.134,1.0
48.5166,128.21934,37.928447,3387.2488008000005,-96.222,-16.754,69.862,1.0
48.5333,128.219389,37.928452,3385.951572,-96.166,-16.807,69.59,1.0
48.55,128.219437,37.928457,3384.6488568,-96.11,-16.861,69.318,1.0
48.5666,128.219485,37.928463,3383.3412648,-96.054,-16.914,69.046,1.0
48.5833,128.219533,37.928469,3382.0281864000003,-95.998,-16.967,68.773,1.0
48.6,128.219581,37.928475,3380.7102312,-95.942,-17.02,68.501,1.0
48.6166,128.219629,37.928481,3379.3870944,-95.886,-17.073,68.228,1.0
48.6333,128.219677,37.928487,3378.0587760000003,-95.831,-17.126,67.955,1.0
48.65,128.219725,37.928493,3376.7255808,-95.776,-17.178,67.682,1.0
48.6666,128.219773,37.9285,3375.387204,-95.72,-17.23,67.409,1.0
48.6833,128.219821,37.928507,3374.0436456,-95.665,-17.282,67.136,1.0
48.7,128.219868,37.928514,3372.6952103999997,-95.611,-17.334,66.863,1.0
48.7166,128.219916,37.928521,3371.3418984000004,-95.556,-17.386,66.59,1.0
48.7333,128.219964,37.928528,3369.9834048000002,-95.501,-17.438,66.316,1.0
48.75,128.220011,37.928536,3368.6200344000003,-95.447,-17.489,66.043,1.0
48.7666,128.220059,37.928544,3367.2517872000003,-95.393,-17.54,65.769,1.0
48.7833,128.220106,37.928552,3365.8783584,-95.339,-17.591,65.495,1.0
48.8,128.220153,37.92856,3364.5003576000004,-95.285,-17.642,65.221,1.0
48.8166,128.220201,37.928568,3363.1171752,-95.231,-17.693,64.947,1.0
48.8333,128.220248,37.928576,3361.729116,-95.177,-17.743,64.673,1.0
48.85,128.220295,37.928585,3360.3361800000002,-95.124,-17.794,64.399,1.0
48.8666,128.220342,37.928594,3358.9383672,-95.07,-17.844,64.125,1.0
48.8833,128.220389,37.928602,3357.5359824,-95.017,-17.894,63.851,1.0
48.9,128.220436,37.928612,3356.128416,-94.964,-17.944,63.576,1.0
48.9166,128.220483,37.928621,3354.7162776000005,-94.911,-17.994,63.302,1.0
48.9333,128.22053,37.92863,3353.2992624000003,-94.858,-18.043,63.027,1.0
48.95,128.220576,37.92864,3351.8773704,-94.806,-18.093,62.752,1.0
48.9666,128.220623,37.92865,3350.4509064,-94.753,-18.142,62.477,1.0
48.9833,128.22067,37.92866,3349.0195656,-94.701,-18.191,62.202,1.0
49.0,128.220716,37.92867,3347.5836528000004,-94.648,-18.24,61.927,1.0
49.0166,128.220763,37.92868,3346.1428632,-94.596,-18.288,61.652,1.0
49.0333,128.220809,37.928691,3344.6971968,-94.544,-18.337,61.377,1.0
49.05,128.220855,37.928701,3343.2472632,-94.492,-18.385,61.102,1.0
49.0666,128.220902,37.928712,3341.7924528000003,-94.44,-18.434,60.826,1.0
49.0833,128.220948,37.928723,3340.3330704,-94.389,-18.482,60.551,1.0
49.1,128.220994,37.928734,3338.8688112,-94.337,-18.529,60.275,1.0
49.1166,128.22104,37.928745,3337.4002848000005,-94.286,-18.577,59.999,1.0
49.1333,128.221086,37.928757,3335.9268816,-94.235,-18.625,59.724,1.0
49.15,128.221131,37.928769,3334.4492112000003,-94.184,-18.672,59.448,1.0
49.1666,128.221177,37.92878,3332.966664,-94.133,-18.719,59.172,1.0
49.1833,128.221223,37.928792,3331.4798496,-94.082,-18.766,58.896,1.0
49.2,128.221268,37.928805,3329.9881584,-94.031,-18.813,58.619,1.0
49.2166,128.221314,37.928817,3328.4922,-93.98,-18.86,58.343,1.0
49.2333,128.221359,37.928829,3326.9916696,-93.93,-18.907,58.067,1.0
49.25,128.221404,37.928842,3325.4865672,-93.879,-18.953,57.79,1.0
49.2666,128.221449,37.928855,3323.9771976,-93.829,-18.999,57.514,1.0
49.2833,128.221495,37.928868,3322.463256,-93.779,-19.045,57.237,1.0
49.3,128.22154,37.928881,3320.9447424,-93.729,-19.091,56.96,1.0
49.3166,128.221584,37.928894,3319.4219616,-93.678,-19.137,56.683,1.0
49.3333,128.221629,37.928908,3317.8949136,-93.628,-19.183,56.406,1.0
49.35,128.221674,37.928922,3316.3632936000004,-93.578,-19.228,56.129,1.0
49.3666,128.221718,37.928935,3314.8271016,-93.529,-19.273,55.852,1.0
49.3833,128.221763,37.928949,3313.2866424,-93.479,-19.318,55.575,1.0
49.4,128.221807,37.928964,3311.7419160000004,-93.429,-19.363,55.298,1.0
49.4166,128.221852,37.928978,3310.1929224,-93.38,-19.408,55.02,1.0
49.4333,128.221896,37.928992,3308.6396616,-93.331,-19.453,54.743,1.0
49.45,128.22194,37.929007,3307.0818288,-93.281,-19.497,54.465,1.0
49.4666,128.221984,37.929022,3305.5197288,-93.232,-19.542,54.188,1.0
49.4833,128.222028,37.929037,3303.9536664,-93.183,-19.586,53.91,1.0
49.5,128.222072,37.929052,3302.383032,-93.133,-19.63,53.632,1.0
49.5166,128.222115,37.929067,3300.8084352000005,-93.084,-19.673,53.354,1.0
49.5333,128.222159,37.929083,3299.2292664,-93.035,-19.717,53.076,1.0
49.55,128.222202,37.929098,3297.6461352000006,-92.986,-19.761,52.798,1.0
49.5666,128.222246,37.929114,3296.0587368,-92.937,-19.804,52.52,1.0
49.5833,128.222289,37.92913,3294.4670712,-92.889,-19.847,52.242,1.0
49.6,128.222332,37.929146,3292.8711384000003,-92.84,-19.89,51.963,1.0
49.6166,128.222375,37.929163,3291.2712432000003,-92.791,-19.933,51.685,1.0
49.6333,128.222418,37.929179,3289.6670808,-92.742,-19.975,51.407,1.0
49.65,128.222461,37.929196,3288.058956,-92.694,-20.018,51.128,1.0
49.6666,128.222503,37.929212,3286.4465640000003,-92.645,-20.06,50.849,1.0
49.6833,128.222546,37.929229,3284.8302096,-92.597,-20.102,50.571,1.0
49.7,128.222588,37.929246,3283.209588,-92.548,-20.144,50.292,1.0
49.7166,128.222631,37.929264,3281.585004,-92.5,-20.186,50.013,1.0
49.7333,128.222673,37.929281,3279.9564576000002,-92.452,-20.228,49.734,1.0
49.75,128.222715,37.929299,3278.3239488000004,-92.403,-20.269,49.455,1.0
49.7666,128.222757,37.929316,3276.6871728,-92.355,-20.311,49.175,1.0
49.7833,128.222799,37.929334,3275.0464344,-92.307,-20.352,48.896,1.0
49.8,128.222841,37.929352,3273.4017336,-92.258,-20.393,48.617,1.0
49.8166,128.222882,37.92937,3271.7530704,-92.21,-20.434,48.337,1.0
49.8333,128.222924,37.929389,3270.1004448,-92.162,-20.474,48.058,1.0
49.85,128.222965,37.929407,3268.4438568,-92.114,-20.515,47.778,1.0
49.8666,128.223006,37.929426,3266.7833064,-92.065,-20.555,47.499,1.0
49.8833,128.223047,37.929444,3265.1187936,-92.017,-20.595,47.219,1.0
49.9,128.223088,37.929463,3263.4506232000003,-91.969,-20.635,46.939,1.0
49.9166,128.223129,37.929482,3261.7781856,-91.921,-20.675,46.659,1.0
49.9333,128.22317,37.929502,3260.1020904,-91.873,-20.715,46.379,1.0
49.95,128.22321,37.929521,3258.4223376,-91.825,-20.754,46.099,1.0
49.9666,128.223251,37.929541,3256.7383176,-91.777,-20.793,45.819,1.0
49.9833,128.223291,37.92956,3255.05064,-91.729,-20.832,45.539,1.0
50.0,128.223331,37.92958,3253.3590000000004,-91.681,-20.871,45.259,1.0
50.0166,128.223371,37.9296,3251.6637024,-91.633,-20.91,44.979,1.0
50.0333,128.223411,37.92962,3249.9647472,-91.585,-20.949,44.698,1.0
50.05,128.223451,37.929641,3248.2618296,-91.537,-20.987,44.418,1.0
50.0666,128.223491,37.929661,3246.5552544,-91.489,-21.026,44.137,1.0
50.0833,128.22353,37.929682,3244.8447168000002,-91.441,-21.064,43.857,1.0
50.1,128.22357,37.929702,3243.1305216,-91.393,-21.102,43.576,1.0
50.1166,128.223609,37.929723,3241.4129736000004,-91.345,-21.139,43.295,1.0
50.1333,128.223648,37.929744,3239.6911584,-91.297,-21.177,43.014,1.0
50.15,128.223687,37.929765,3237.9659904,-91.249,-21.214,42.733,1.0
50.1666,128.223726,37.929787,3236.2371648,-91.201,-21.251,42.453,1.0
50.1833,128.223764,37.929808,3234.5046816,-91.153,-21.289,42.172,1.0
50.2,128.223803,37.92983,3232.7685408,-91.106,-21.325,41.89,1.0
50.2166,128.223841,37.929851,3231.0284376,-91.058,-21.362,41.609,1.0
50.2333,128.223879,37.929873,3229.2849816000003,-91.01,-21.399,41.328,1.0
50.25,128.223917,37.929895,3227.5378680000003,-90.962,-21.435,41.047,1.0
50.2666,128.223955,37.929917,3225.7874016,-90.914,-21.471,40.765,1.0
50.2833,128.223993,37.92994,3224.0329728,-90.866,-21.507,40.484,1.0
50.3,128.224031,37.929962,3222.2751912000003,-90.818,-21.543,40.203,1.0
50.3166,128.224068,37.929985,3220.5140568,-90.77,-21.578,39.921,1.0
50.3333,128.224106,37.930008,3218.7489600000004,-90.722,-21.614,39.639,1.0
50.35,128.224143,37.93003,3216.9808152,-90.674,-21.649,39.358,1.0
50.3666,128.22418,37.930053,3215.208708,-90.626,-21.684,39.076,1.0
50.3833,128.224217,37.930077,3213.4332480000003,-90.578,-21.719,38.794,1.0
50.4,128.224253,37.9301,3211.6544352000005,-90.53,-21.754,38.512,1.0
50.4166,128.22429,37.930123,3209.8722696,-90.482,-21.788,38.23,1.0
50.4333,128.224326,37.930147,3208.0864464000006,-90.433,-21.823,37.948,1.0
50.45,128.224362,37.930171,3206.2972704000003,-90.385,-21.857,37.666,1.0
50.4666,128.224399,37.930194,3204.5047416,-90.337,-21.891,37.384,1.0
50.4833,128.224434,37.930218,3202.70886,-90.288,-21.925,37.102,1.0
50.5,128.22447,37.930242,3200.9093208000004,-90.24,-21.958,36.82,1.0
50.5166,128.224506,37.930267,3199.1067336,-90.191,-21.992,36.537,1.0
50.5333,128.224541,37.930291,3197.3004888,-90.143,-22.025,36.255,1.0
50.55,128.224576,37.930316,3195.4911960000004,-90.094,-22.058,35.973,1.0
50.5666,128.224612,37.93034,3193.6782456,-90.045,-22.091,35.69,1.0
50.5833,128.224647,37.930365,3191.8622472,-89.996,-22.123,35.408,1.0
50.6,128.224681,37.93039,3190.0428960000004,-89.947,-22.156,35.125,1.0
50.6166,128.224716,37.930415,3188.220192,-89.898,-22.188,34.843,1.0
50.6333,128.22475,37.93044,3186.3941352000006,-89.849,-22.22,34.56,1.0
50.65,128.224785,37.930465,3184.5650304000005,-89.8,-22.252,34.277,1.0
50.6666,128.224819,37.930491,3182.7325728,-89.751,-22.284,33.995,1.0
50.6833,128.224853,37.930516,3180.8970672,-89.702,-22.315,33.712,1.0
50.7,128.224887,37.930542,3179.0582088,-89.653,-22.347,33.429,1.0
50.7166,128.22492,37.930568,3177.2159976000003,-89.604,-22.378,33.146,1.0
50.7333,128.224954,37.930594,3175.3707384,-89.554,-22.409,32.863,1.0
50.75,128.224987,37.93062,3173.5224312,-89.505,-22.439,32.58,1.0
50.7666,128.22502,37.930646,3171.6707712,-89.456,-22.47,32.297,1.0
50.7833,128.225053,37.930672,3169.8160632,-89.406,-22.5,32.014,1.0
50.8,128.225086,37.930699,3167.9583072,-89.357,-22.53,31.731,1.0
50.8166,128.225118,37.930725,3166.0971984000003,-89.308,-22.56,31.448,1.0
50.8333,128.225151,37.930752,3164.2333464000003,-89.258,-22.59,31.164,1.0
50.85,128.225183,37.930779,3162.3661416000004,-89.208,-22.619,30.881,1.0
50.8666,128.225215,37.930806,3160.4958888,-89.159,-22.649,30.598,1.0
50.8833,128.225247,37.930833,3158.622588,-89.109,-22.678,30.315,1.0
50.9,128.225279,37.93086,3156.7465440000005,-89.059,-22.707,30.031,1.0
50.9166,128.22531,37.930887,3154.8671472,-89.009,-22.736,29.748,1.0
50.9333,128.225341,37.930914,3152.9850072000004,-88.96,-22.764,29.464,1.0
50.95,128.225373,37.930942,3151.0995144000003,-88.91,-22.792,29.181,1.0
50.9666,128.225404,37.930969,3149.2115832,-88.86,-22.82,28.897,1.0
50.9833,128.225434,37.930997,3147.3202992,-88.81,-22.848,28.613,1.0
51.0,128.225465,37.931025,3145.426272,-88.76,-22.876,28.33,1.0
51.0166,128.225495,37.931053,3143.5291968,-88.71,-22.904,28.046,1.0
51.0333,128.225526,37.931081,3141.6290736000005,-88.659,-22.931,27.762,1.0
51.05,128.225556,37.931109,3139.7262072000003,-88.609,-22.958,27.479,1.0
51.0666,128.225586,37.931138,3137.8202928,-88.559,-22.985,27.195,1.0
51.0833,128.225615,37.931166,3135.9116352000005,-88.508,-23.011,26.911,1.0
51.1,128.225645,37.931195,3134.0002344000004,-88.458,-23.038,26.627,1.0
51.1166,128.225674,37.931223,3132.0857856,-88.407,-23.064,26.343,1.0
51.1333,128.225703,37.931252,3130.1688984,-88.357,-23.09,26.06,1.0
51.15,128.225732,37.931281,3128.2486584,-88.306,-23.116,25.776,1.0
51.1666,128.225761,37.93131,3126.32598,-88.255,-23.142,25.492,1.0
51.1833,128.225789,37.931339,3124.4005584,-88.204,-23.167,25.208,1.0
51.2,128.225818,37.931368,3122.4720888,-88.153,-23.192,24.924,1.0
51.2166,128.225846,37.931397,3120.5411808,-88.102,-23.217,24.64,1.0
51.2333,128.225874,37.931427,3118.6075296000004,-88.051,-23.242,24.355,1.0
51.25,128.225902,37.931456,3116.6708304000003,-88.0,-23.266,24.071,1.0
51.2666,128.225929,37.931486,3114.7316928,-87.948,-23.291,23.787,1.0
51.2833,128.225957,37.931516,3112.7898120000004,-87.897,-23.315,23.503,1.0
51.3,128.225984,37.931545,3110.8454928,-87.846,-23.339,23.219,1.0
51.3166,128.226011,37.931575,3108.8981256,-87.794,-23.362,22.935,1.0
51.3333,128.226038,37.931605,3106.94832,-87.743,-23.386,22.65,1.0
51.35,128.226065,37.931636,3104.9960760000004,-87.691,-23.409,22.366,1.0
51.3666,128.226091,37.931666,3103.0407840000003,-87.639,-23.432,22.082,1.0
51.3833,128.226117,37.931696,3101.0833584,-87.587,-23.455,21.798,1.0
51.4,128.226143,37.931726,3099.1231896000004,-87.535,-23.477,21.513,1.0
51.4166,128.226169,37.931757,3097.1602776000004,-87.484,-23.5,21.229,1.0
51.4333,128.226195,37.931788,3095.1949272,-87.432,-23.522,20.945,1.0
51.4499,128.22622,37.931818,3093.2271384,-87.379,-23.544,20.66,1.0
51.4666,128.226245,37.931849,3091.2569112,-87.327,-23.565,20.376,1.0
51.4833,128.226271,37.93188,3089.2839408,-87.275,-23.587,20.091,1.0
51.5,128.226295,37.931911,3087.308532,-87.223,-23.608,19.807,1.0
51.5166,128.22632,37.931942,3085.3306848,-87.17,-23.629,19.523,1.0
51.5333,128.226344,37.931973,3083.3503992,-87.118,-23.65,19.238,1.0
51.55,128.226369,37.932005,3081.3676752,-87.065,-23.67,18.954,1.0
51.5666,128.226393,37.932036,3079.3825128,-87.013,-23.69,18.669,1.0
51.5833,128.226417,37.932068,3077.3952168000005,-86.96,-23.711,18.385,1.0
51.6,128.22644,37.932099,3075.4051776,-86.907,-23.73,18.1,1.0
51.6166,128.226464,37.932131,3073.4130048,-86.854,-23.75,17.816,1.0
51.6333,128.226487,37.932163,3071.4183936000004,-86.801,-23.769,17.532,1.0
51.65,128.22651,37.932194,3069.4213440000003,-86.748,-23.789,17.247,1.0
51.6666,128.226533,37.932226,3067.4221608,-86.695,-23.807,16.963,1.0
51.6833,128.226555,37.932258,3065.4205392000003,-86.642,-23.826,16.678,1.0
51.6999,128.226578,37.93229,3063.4164792,-86.589,-23.845,16.394,1.0
51.7166,128.2266,37.932323,3061.4102856,-86.536,-23.863,16.109,1.0
51.7333,128.226622,37.932355,3059.4019584,-86.482,-23.881,15.825,1.0
51.75,128.226643,37.932387,3057.3911928,-86.429,-23.899,15.54,1.0
51.7666,128.226665,37.93242,3055.3782936000002,-86.375,-23.916,15.256,1.0
51.7833,128.226686,37.932452,3053.3632608,-86.322,-23.933,14.971,1.0
51.8,128.226707,37.932485,3051.3457896000004,-86.268,-23.951,14.687,1.0
51.8166,128.226728,37.932517,3049.3264896000005,-86.214,-23.967,14.402,1.0
51.8333,128.226749,37.93255,3047.3047512,-86.16,-23.984,14.118,1.0
51.85,128.22677,37.932583,3045.2808792,-86.106,-24.0,13.833,1.0
51.8666,128.22679,37.932616,3043.2551784,-86.052,-24.016,13.549,1.0
51.8833,128.22681,37.932649,3041.2270392000005,-85.998,-24.032,13.264,1.0
51.9,128.22683,37.932682,3039.1967664000003,-85.944,-24.048,12.98,1.0
51.9166,128.226849,37.932715,3037.1646648,-85.89,-24.063,12.695,1.0
51.9333,128.226869,37.932748,3035.1304296000003,-85.836,-24.078,12.411,1.0
51.9499,128.226888,37.932782,3033.0940608,-85.781,-24.093,12.127,1.0
51.9666,128.226907,37.932815,3031.0558632,-85.727,-24.108,11.842,1.0
51.9833,128.226926,37.932848,3029.0155320000003,-85.672,-24.122,11.558,1.0
52.0,128.226944,37.932882,3026.9730672,-85.618,-24.137,11.273,1.0
52.0166,128.226963,37.932916,3024.9287736000006,-85.563,-24.151,10.989,1.0
52.0333,128.226981,37.932949,3022.8826512,-85.508,-24.164,10.705,1.0
52.05,128.226999,37.932983,3020.8343952,-85.453,-24.178,10.42,1.0
52.0666,128.227016,37.933017,3018.7840056000005,-85.398,-24.191,10.136,1.0
52.0833,128.227034,37.933051,3016.732092,-85.343,-24.204,9.852,1.0
52.1,128.227051,37.933085,3014.6780448,-85.288,-24.217,9.568,1.0
52.1166,128.227068,37.933119,3012.6221688000005,-85.233,-24.229,9.283,1.0
52.1333,128.227085,37.933153,3010.564464,-85.178,-24.241,8.999,1.0
52.15,128.227102,37.933187,3008.5049304000004,-85.123,-24.253,8.715,1.0
52.1666,128.227118,37.933221,3006.443568,-85.068,-24.265,8.431,1.0
52.1833,128.227134,37.933255,3004.3803768000002,-85.013,-24.277,8.146,1.0
52.1999,128.22715,37.933289,3002.3156616,-84.957,-24.288,7.862,1.0
52.2166,128.227166,37.933324,3000.2488128,-84.902,-24.299,7.578,1.0
52.2333,128.227181,37.933358,2998.18044,-84.847,-24.31,7.294,1.0
52.25,128.227196,37.933393,2996.1102384,-84.791,-24.32,7.01,1.0
52.2666,128.227211,37.933427,2994.038208,-84.735,-24.33,6.726,1.0
52.2833,128.227226,37.933462,2991.9643488000006,-84.68,-24.34,6.442,1.0
52.3,128.227241,37.933497,2989.8889656,-84.624,-24.35,6.158,1.0
52.3166,128.227255,37.933531,2987.8120584,-84.569,-24.36,5.874,1.0
52.3333,128.227269,37.933566,2985.732408,-84.415,-24.358,5.597,1.0
52.35,128.227283,37.933601,2983.6512336,-84.167,-24.344,5.326,1.0
52.3666,128.227297,37.933636,2981.5682304,-83.821,-24.324,5.06,1.0
52.3833,128.227311,37.933671,2979.4837032000005,-83.374,-24.3,4.796,1.0
52.4,128.227324,37.933706,2977.3973472000002,-82.829,-24.273,4.532,1.0
52.4166,128.227337,37.933741,2975.3091624000003,-82.186,-24.245,4.27,1.0
52.4333,128.227351,37.933776,2973.2194535999997,-81.454,-24.215,4.007,1.0
52.45,128.227363,37.933811,2971.1285256,-80.648,-24.182,3.746,1.0
52.4666,128.227376,37.933846,2969.0366832,-79.78,-24.149,3.485,1.0
52.4833,128.227389,37.933882,2966.9442312,-78.864,-24.114,3.227,1.0
52.5,128.227401,37.933917,2964.8508647999997,-77.91,-24.076,2.971,1.0
52.5166,128.227413,37.933952,2962.7574984000003,-76.928,-24.036,2.718,1.0
52.5333,128.227425,37.933988,2960.6629128,-75.885,-23.99,2.489,1.0
52.55,128.227437,37.934023,2958.5677176,-74.792,-23.944,2.304,1.0
52.5666,128.227449,37.934059,2956.4722176,-73.658,-23.905,2.18,1.0
52.5833,128.227461,37.934094,2954.3764128,-72.489,-23.879,2.133,1.0
52.6,128.227472,37.93413,2952.2803032,-71.291,-23.875,2.179,1.0
52.6166,128.227483,37.934166,2950.1838888,-70.058,-23.89,2.297,1.0
52.6333,128.227495,37.934201,2948.0871696,-68.782,-23.919,2.466,1.0
52.65,128.227506,37.934237,2945.9901456000002,-67.455,-23.957,2.667,1.0
52.6666,128.227517,37.934273,2943.8931216,-66.07,-23.999,2.88,1.0
52.6833,128.227528,37.934309,2941.7960976,-64.619,-24.038,3.087,1.0
52.7,128.227538,37.934344,2939.6990736000002,-63.099,-24.071,3.28,1.0
52.7166,128.227549,37.93438,2937.6023544,-61.51,-24.1,3.459,1.0
52.7333,128.22756,37.934416,2935.5053304000003,-59.854,-24.125,3.63,1.0
52.75,128.22757,37.934452,2933.4086112,-58.133,-24.15,3.795,1.0
52.7666,128.227581,37.934488,2931.3118920000006,-56.347,-24.174,3.957,1.0
52.7833,128.227591,37.934525,2929.2151728000003,-54.499,-24.198,4.117,1.0
52.8,128.227601,37.934561,2927.1181488,-52.588,-24.223,4.275,1.0
52.8166,128.227612,37.934597,2925.0211248,-50.616,-24.248,4.432,1.0
52.8333,128.227622,37.934633,2922.9241008000004,-48.581,-24.274,4.586,1.0
52.85,128.227632,37.93467,2920.8264672,-46.485,-24.3,4.739,1.0
52.8666,128.227642,37.934706,2918.7285288,-44.326,-24.327,4.891,1.0
52.8833,128.227652,37.934742,2916.6299808,-42.105,-24.355,5.041,1.0
52.9,128.227662,37.934779,2914.5308232,-39.822,-24.384,5.189,1.0
52.9166,128.227672,37.934815,2912.4307512,-37.477,-24.415,5.336,1.0
52.9333,128.227682,37.934852,2910.3297648,-35.069,-24.446,5.481,1.0
52.95,128.227692,37.934888,2908.2275592,-32.598,-24.479,5.624,1.0
52.9666,128.227702,37.934925,2906.1235248000003,-30.063,-24.513,5.765,1.0
52.9833,128.227712,37.934961,2904.0179664,-27.466,-24.549,5.905,1.0
53.0,128.227722,37.934998,2901.9105792,-24.806,-24.586,6.044,1.0
53.0166,128.227731,37.935035,2899.8007536,-22.087,-24.625,6.182,1.0
53.0333,128.227741,37.935071,2897.6881848000003,-19.308,-24.665,6.319,1.0
53.05,128.227751,37.935108,2895.5728728000004,-16.473,-24.707,6.456,1.0
53.0666,128.227761,37.935145,2893.4545128,-13.581,-24.751,6.593,1.0
53.0833,128.227771,37.935182,2891.3324952000003,-10.635,-24.797,6.73,1.0
53.1,128.22778,37.935219,2889.2065152,-7.636,-24.845,6.867,1.0
53.1166,128.22779,37.935256,2887.0765728,-4.586,-24.896,7.003,1.0
53.1333,128.2278,37.935292,2884.9435824,-1.491,-24.949,7.138,1.0
53.15,128.22781,37.935329,2882.8069344,1.639,-25.004,7.27,1.0
53.1666,128.227819,37.935366,2880.666324,4.801,-25.062,7.397,1.0
53.1833,128.227829,37.935403,2878.522056,7.989,-25.123,7.52,1.0
53.2,128.227839,37.93544,2876.3738256,11.199,-25.186,7.635,1.0
53.2166,128.227849,37.935477,2874.2216328000004,14.429,-25.251,7.744,1.0
53.2333,128.227858,37.935514,2872.0660872000003,17.672,-25.299,7.849,1.0
53.25,128.227868,37.935551,2869.906884,20.925,-25.312,7.96,1.0
53.2666,128.227878,37.935588,2867.7446328000005,24.18,-25.273,8.085,1.0
53.2833,128.227888,37.935626,2865.5790288,27.436,-25.191,8.225,1.0
53.3,128.227897,37.935663,2863.4097672,30.693,-25.084,8.373,1.0
53.3166,128.227907,37.9357,2861.2371528000003,33.945,-24.97,8.525,1.0
53.3333,128.227917,37.935737,2859.0624048000004,37.174,-24.836,8.698,1.0
53.35,128.227926,37.935774,2856.8855232,40.369,-24.671,8.91,1.0
53.3666,128.227936,37.935811,2854.7065079999998,43.527,-24.475,9.17,1.0
53.3833,128.227946,37.935849,2852.5247496,46.652,-24.264,9.468,1.0
53.4,128.227955,37.935886,2850.3411624000005,49.754,-24.056,9.788,1.0
53.4166,128.227965,37.935923,2848.1554416000004,52.839,-23.862,10.12,1.0
53.4333,128.227975,37.935961,2845.9697208000002,55.754,-23.657,10.472,1.0
53.45,128.227984,37.935998,2843.784,58.499,-23.436,10.861,1.0
53.4666,128.227994,37.936035,2841.5998032,61.093,-23.21,11.289,1.0
53.4833,128.228004,37.936073,2839.4168256000003,63.559,-22.998,11.744,1.0
53.5,128.228014,37.93611,2837.235372,65.926,-22.811,12.214,1.0
53.5166,128.228024,37.936148,2835.054528,68.222,-22.652,12.69,1.0
53.5333,128.228034,37.936185,2832.875208,70.28,-22.495,13.182,1.0
53.55,128.228044,37.936223,2830.6977168000003,72.12,-22.337,13.691,1.0
53.5666,128.228055,37.93626,2828.5223592,73.748,-22.186,14.209,1.0
53.5833,128.228065,37.936298,2826.3491352000005,75.17,-22.051,14.729,1.0
53.6,128.228076,37.936335,2824.1780448,76.425,-21.938,15.247,1.0
53.6166,128.228087,37.936373,2822.0093928,77.552,-21.849,15.762,1.0
53.6333,128.228098,37.93641,2819.8425696,78.504,-21.775,16.273,1.0
53.65,128.228109,37.936448,2817.6775752000003,79.299,-21.71,16.78,1.0
53.6666,128.22812,37.936485,2815.5150192000006,79.947,-21.653,17.282,1.0
53.6833,128.228132,37.936522,2813.3542920000004,80.457,-21.604,17.777,1.0
53.7,128.228144,37.93656,2811.1953936000004,80.835,-21.562,18.265,1.0
53.7166,128.228156,37.936597,2809.038324,81.094,-21.528,18.746,1.0
53.7333,128.228168,37.936635,2806.8830832,81.238,-21.5,19.216,1.0
53.75,128.228181,37.936672,2804.7293664000003,81.274,-21.476,19.677,1.0
53.7666,128.228193,37.936709,2802.5774784000005,81.209,-21.455,20.128,1.0
53.7833,128.228206,37.936746,2800.4271144000004,81.048,-21.436,20.573,1.0
53.8,128.22822,37.936783,2798.2782744,80.796,-21.417,21.01,1.0
53.8166,128.228233,37.936821,2796.1312632,80.462,-21.398,21.44,1.0
53.8333,128.228247,37.936858,2793.9863856,80.047,-21.378,21.862,1.0
53.85,128.228261,37.936895,2791.8433368,79.557,-21.357,22.276,1.0
53.8666,128.228275,37.936932,2789.7021168000006,79.001,-21.334,22.681,1.0
53.8833,128.228289,37.936969,2787.5633352000004,78.391,-21.31,23.08,1.0
53.9,128.228304,37.937006,2785.4266872000003,77.74,-21.284,23.472,1.0
53.9166,128.228319,37.937042,2783.2921728,77.057,-21.258,23.858,1.0
53.9333,128.228334,37.937079,2781.1610112000003,76.329,-21.226,24.236,1.0
53.95,128.228349,37.937116,2779.0325928,75.563,-21.19,24.605,1.0
53.9666,128.228365,37.937153,2776.9075272,74.766,-21.15,24.968,1.0
53.9833,128.228381,37.937189,2774.7855096000003,73.942,-21.106,25.323,1.0
54.0,128.228397,37.937226,2772.6671496,73.097,-21.058,25.672,1.0
54.0166,128.228413,37.937263,2770.552752,72.234,-21.006,26.016,1.0
54.0333,128.22843,37.937299,2768.4420120000004,71.395,-20.954,26.357,1.0
54.05,128.228446,37.937336,2766.3346248000003,70.583,-20.9,26.696,1.0
54.0666,128.228463,37.937372,2764.2308952000003,69.794,-20.843,27.031,1.0
54.0833,128.228481,37.937409,2762.1317375999997,69.028,-20.781,27.36,1.0
54.1,128.228498,37.937445,2760.0368472,68.28,-20.713,27.683,1.0
54.1166,128.228516,37.937481,2757.9468336,67.545,-20.64,27.999,1.0
54.1333,128.228534,37.937518,2755.8610872000004,66.862,-20.565,28.313,1.0
54.15,128.228552,37.937554,2753.7799128,66.227,-20.489,28.624,1.0
54.1666,128.22857,37.93759,2751.7030056000003,65.631,-20.411,28.931,1.0
54.1833,128.228588,37.937626,2749.6315848000004,65.07,-20.328,29.234,1.0
54.2,128.228607,37.937663,2747.5653456,64.536,-20.241,29.53,1.0
54.2166,128.228626,37.937699,2745.5045928,64.021,-20.149,29.821,1.0
54.2333,128.228645,37.937735,2743.4490216,63.554,-20.057,30.109,1.0
54.25,128.228664,37.937771,2741.3980224,63.128,-19.965,30.395,1.0
54.2666,128.228684,37.937807,2739.3531192000005,62.737,-19.871,30.677,1.0
54.2833,128.228704,37.937843,2737.3137024000002,62.375,-19.774,30.955,1.0
54.3,128.228724,37.937879,2735.2806864,62.036,-19.675,31.229,1.0
54.3166,128.228744,37.937915,2733.2537664,61.714,-19.573,31.498,1.0
54.3333,128.228764,37.93795,2731.2320280000004,61.422,-19.471,31.765,1.0
54.35,128.228785,37.937986,2729.2166904,61.156,-19.368,32.029,1.0
54.3666,128.228805,37.938022,2727.2077535999997,60.911,-19.265,32.291,1.0
54.3833,128.228826,37.938058,2725.2052176,60.683,-19.161,32.55,1.0
54.4,128.228848,37.938094,2723.2093872000005,60.469,-19.055,32.806,1.0
54.4166,128.228869,37.938129,2721.2205672,60.265,-18.947,33.059,1.0
54.4333,128.228891,37.938165,2719.2378432,60.074,-18.839,33.311,1.0
54.45,128.228912,37.9382,2717.2624344,59.893,-18.731,33.56,1.0
54.4666,128.228934,37.938236,2715.2937312,59.719,-18.622,33.808,1.0
54.4833,128.228957,37.938271,2713.3320384,59.552,-18.513,34.053,1.0
54.5,128.228979,37.938307,2711.3776608,59.39,-18.402,34.298,1.0
54.5166,128.229002,37.938342,2709.4305984000002,59.231,-18.292,34.54,1.0
54.5333,128.229025,37.938377,2707.4908511999997,59.075,-18.18,34.781,1.0
54.55,128.229048,37.938413,2705.5584192000006,58.921,-18.068,35.021,1.0
54.5666,128.229071,37.938448,2703.6333024,58.768,-17.955,35.259,1.0
54.5833,128.229094,37.938483,2701.7161103999997,58.616,-17.842,35.497,1.0
54.6,128.229118,37.938518,2699.8062336,58.465,-17.728,35.733,1.0
54.6166,128.229142,37.938553,2697.9039768000002,58.314,-17.614,35.969,1.0
54.6333,128.229166,37.938588,2696.0096448,58.162,-17.499,36.203,1.0
54.65,128.22919,37.938623,2694.1232376,58.009,-17.384,36.436,1.0
54.6666,128.229215,37.938658,2692.2444504000005,57.856,-17.267,36.669,1.0
54.6833,128.22924,37.938693,2690.3738928000002,57.701,-17.151,36.9,1.0
54.7,128.229265,37.938728,2688.5109552000004,57.546,-17.033,37.131,1.0
54.7166,128.22929,37.938763,2686.6562472,57.39,-16.916,37.36,1.0
54.7333,128.229315,37.938797,2684.8097688000003,57.233,-16.797,37.59,1.0
54.75,128.229341,37.938832,2682.97152,57.075,-16.678,37.818,1.0
54.7666,128.229366,37.938867,2681.1411960000005,56.917,-16.559,38.045,1.0
54.7833,128.229392,37.938901,2679.3194064,56.758,-16.438,38.272,1.0
54.8,128.229418,37.938936,2677.5058464000003,56.599,-16.317,38.498,1.0
54.8166,128.229445,37.93897,2675.7008208,56.439,-16.196,38.723,1.0
54.8333,128.229471,37.939004,2673.9043296,56.279,-16.074,38.947,1.0
54.85,128.229498,37.939039,2672.1160680000003,56.12,-15.951,39.171,1.0
54.8666,128.229525,37.939073,2670.3366456000003,55.961,-15.827,39.394,1.0
54.8833,128.229552,37.939107,2668.5657576000003,55.802,-15.703,39.616,1.0
54.9,128.22958,37.939141,2666.8034040000002,55.644,-15.579,39.837,1.0
54.9166,128.229607,37.939175,2665.0498896000004,55.486,-15.453,40.058,1.0
54.9333,128.229635,37.939209,2663.3052144000003,55.329,-15.328,40.278,1.0
54.95,128.229663,37.939243,2661.5690736,55.174,-15.201,40.497,1.0
54.9666,128.229691,37.939277,2659.8420768,55.02,-15.074,40.716,1.0
54.9833,128.229719,37.939311,2658.1242239999997,54.868,-14.946,40.934,1.0
55.0,128.229748,37.939344,2656.4152104,54.716,-14.818,41.151,1.0
55.0166,128.229777,37.939378,2654.715036,54.565,-14.689,41.367,1.0
55.0333,128.229806,37.939412,2653.0243104,54.417,-14.56,41.583,1.0
55.05,128.229835,37.939445,2651.342424,54.271,-14.43,41.798,1.0
55.0666,128.229864,37.939479,2649.6699864,54.128,-14.299,42.013,1.0
55.0833,128.229894,37.939512,2648.0066928,53.985,-14.168,42.227,1.0
55.1,128.229923,37.939545,2646.3525432,53.845,-14.037,42.44,1.0
55.1166,128.229953,37.939579,2644.7081472,53.705,-13.904,42.653,1.0
55.1333,128.229983,37.939612,2643.0728952,53.569,-13.772,42.865,1.0
55.15,128.230014,37.939645,2641.4470920000003,53.436,-13.638,43.076,1.0
55.1666,128.230044,37.939678,2639.8307376,53.305,-13.505,43.287,1.0
55.1833,128.230075,37.939711,2638.223832,53.176,-13.371,43.498,1.0
55.2,128.230105,37.939744,2636.6269848,53.049,-13.236,43.707,1.0
55.2166,128.230136,37.939777,2635.0395864,52.923,-13.101,43.916,1.0
55.2333,128.230168,37.93981,2633.4616368,52.801,-12.965,44.125,1.0
55.25,128.230199,37.939842,2631.8937456000003,52.681,-12.83,44.333,1.0
55.2666,128.230231,37.939875,2630.3353032000005,52.564,-12.693,44.541,1.0
55.2833,128.230262,37.939907,2628.7869192000003,52.449,-12.557,44.748,1.0
55.3,128.230294,37.93994,2627.2485936000003,52.336,-12.419,44.954,1.0
55.3166,128.230326,37.939972,2625.7200215999997,52.225,-12.282,45.16,1.0
55.3333,128.230359,37.940005,2624.2012032000002,52.116,-12.144,45.366,1.0
55.35,128.230391,37.940037,2622.6927480000004,52.011,-12.005,45.571,1.0
55.3666,128.230424,37.940069,2621.1940464000004,51.907,-11.867,45.775,1.0
55.3833,128.230457,37.940101,2619.705708,51.806,-11.728,45.98,1.0
55.4,128.23049,37.940133,2618.227428,51.707,-11.588,46.183,1.0
55.4166,128.230523,37.940165,2616.7592064,51.609,-11.448,46.386,1.0
55.4333,128.230556,37.940197,2615.3013480000004,51.514,-11.308,46.589,1.0
55.45,128.23059,37.940229,2613.853548,51.422,-11.168,46.792,1.0
55.4666,128.230623,37.940261,2612.4161112,51.333,-11.028,46.994,1.0
55.4833,128.230657,37.940292,2610.9890376,51.245,-10.887,47.196,1.0
55.5,128.230691,37.940324,2609.5726320000003,51.159,-10.745,47.397,1.0
55.5166,128.230726,37.940355,2608.1662848,51.075,-10.604,47.598,1.0
55.5333,128.23076,37.940387,2606.7706056,50.993,-10.462,47.799,1.0
55.55,128.230795,37.940418,2605.3852896000003,50.915,-10.32,47.999,1.0
55.5666,128.230829,37.940449,2604.0106416000003,50.838,-10.178,48.199,1.0
55.5833,128.230864,37.940481,2602.6463568,50.763,-10.035,48.399,1.0
55.6,128.230899,37.940512,2601.29274,50.691,-9.893,48.599,1.0
55.6166,128.230935,37.940543,2599.9497912,50.619,-9.75,48.798,1.0
55.6333,128.23097,37.940574,2598.6175104,50.551,-9.607,48.997,1.0
55.65,128.231006,37.940605,2597.2958976,50.485,-9.463,49.195,1.0
55.6666,128.231041,37.940635,2595.9849528000004,50.421,-9.32,49.394,1.0
55.6833,128.231077,37.940666,2594.6846760000003,50.359,-9.176,49.592,1.0
55.7,128.231113,37.940697,2593.395372,50.299,-9.032,49.79,1.0
55.7166,128.231149,37.940727,2592.1170408000003,50.24,-8.888,49.988,1.0
55.7333,128.231186,37.940757,2590.8493776,50.184,-8.744,50.185,1.0
55.75,128.231222,37.940788,2589.5923824,50.131,-8.6,50.382,1.0
55.7666,128.231259,37.940818,2588.3466648,50.08,-8.455,50.58,1.0
55.7833,128.231296,37.940848,2587.1116152,50.03,-8.311,50.777,1.0
55.8,128.231333,37.940878,2585.8875384000003,49.983,-8.166,50.973,1.0
55.8166,128.23137,37.940908,2584.6747392,49.936,-8.021,51.17,1.0
55.8333,128.231408,37.940938,2583.472608,49.893,-7.876,51.366,1.0
55.85,128.231445,37.940968,2582.2817544,49.851,-7.731,51.562,1.0
55.8666,128.231483,37.940998,2581.1018736000005,49.812,-7.586,51.759,1.0
55.8833,128.231521,37.941027,2579.9329656,49.775,-7.441,51.955,1.0
55.9,128.231559,37.941057,2578.7753352000004,49.739,-7.295,52.151,1.0
55.9166,128.231597,37.941086,2577.6289824000005,49.705,-7.15,52.346,1.0
55.9333,128.231635,37.941116,2576.4936024000003,49.673,-7.004,52.542,1.0
55.95,128.231674,37.941145,2575.3691952,49.643,-6.859,52.738,1.0
55.9666,128.231712,37.941174,2574.2563704,49.616,-6.714,52.934,1.0
55.9833,128.231751,37.941203,2573.1545184,49.591,-6.568,53.129,1.0
56.0,128.23179,37.941232,2572.0639440000004,49.567,-6.422,53.325,1.0
56.0166,128.231829,37.941261,2570.9849520000002,49.545,-6.277,53.52,1.0
56.0333,128.231868,37.94129,2569.9169328000003,49.525,-6.131,53.715,1.0
56.05,128.231908,37.941318,2568.8601912000004,49.508,-5.985,53.911,1.0
56.0666,128.231947,37.941347,2567.8147272,49.493,-5.84,54.106,1.0
56.0833,128.231987,37.941376,2566.7808456000002,49.479,-5.694,54.301,1.0
56.1,128.232026,37.941404,2565.7582416000005,49.467,-5.548,54.497,1.0
56.1166,128.232066,37.941432,2564.7469152,49.457,-5.402,54.692,1.0
56.1333,128.232107,37.94146,2563.7468664000003,49.449,-5.257,54.887,1.0
56.15,128.232147,37.941489,2562.7584,49.444,-5.111,55.083,1.0
56.1666,128.232187,37.941517,2561.7812112,49.44,-4.966,55.278,1.0
56.1833,128.232228,37.941544,2560.8156048,49.439,-4.82,55.474,1.0
56.2,128.232268,37.941572,2559.8612760000005,49.439,-4.675,55.669,1.0
56.2166,128.232309,37.9416,2558.9185296,49.44,-4.529,55.864,1.0
56.2333,128.23235,37.941628,2557.9870608,49.444,-4.384,56.06,1.0
56.25,128.232391,37.941655,2557.0671744,49.45,-4.238,56.256,1.0
56.2666,128.232432,37.941682,2556.1588704,49.458,-4.093,56.452,1.0
56.2833,128.232474,37.94171,2555.261844,49.468,-3.948,56.648,1.0
56.3,128.232515,37.941737,2554.3764,49.479,-3.803,56.843,1.0
56.3166,128.232557,37.941764,2553.5025384,49.492,-3.658,57.039,1.0
56.3333,128.232599,37.941791,2552.6402592,49.508,-3.513,57.236,1.0
56.35,128.232641,37.941818,2551.7892576000004,49.525,-3.369,57.432,1.0
56.3666,128.232683,37.941845,2550.9498384,49.544,-3.224,57.628,1.0
56.3833,128.232725,37.941871,2550.1223064,49.566,-3.079,57.825,1.0
56.4,128.232767,37.941898,2549.306052,49.589,-2.935,58.022,1.0
56.4166,128.23281,37.941924,2548.50138,49.613,-2.791,58.219,1.0
56.4333,128.232852,37.941951,2547.7079856,49.639,-2.647,58.416,1.0
56.45,128.232895,37.941977,2546.9264784,49.668,-2.503,58.613,1.0
56.4666,128.232938,37.942003,2546.1562488000004,49.699,-2.359,58.811,1.0
56.4833,128.232981,37.942029,2545.3979064,49.731,-2.215,59.008,1.0
56.5,128.233024,37.942055,2544.6508416,49.765,-2.072,59.206,1.0
56.5166,128.233067,37.942081,2543.9153592000002,49.801,-1.929,59.404,1.0
56.5333,128.23311,37.942106,2543.191764,49.838,-1.786,59.602,1.0
56.55,128.233154,37.942132,2542.4794464,49.878,-1.643,59.801,1.0
56.5666,128.233197,37.942157,2541.7787112,49.92,-1.5,59.999,1.0
56.5833,128.233241,37.942182,2541.0895584,49.963,-1.357,60.198,1.0
56.6,128.233285,37.942208,2540.411988,50.008,-1.215,60.397,1.0
56.6166,128.233329,37.942233,2539.746,50.054,-1.073,60.597,1.0
56.6333,128.233373,37.942258,2539.0912896000004,50.103,-0.931,60.796,1.0
56.65,128.233417,37.942283,2538.4484664,50.153,-0.789,60.996,1.0
56.6666,128.233461,37.942307,2537.8169208000004,50.205,-0.648,61.196,1.0
56.6833,128.233506,37.942332,2537.1972624000005,50.259,-0.507,61.397,1.0
56.7,128.23355,37.942356,2536.5888816,50.314,-0.366,61.598,1.0
56.7166,128.233595,37.942381,2535.9920832,50.37,-0.225,61.799,1.0
56.7333,128.23364,37.942405,2535.4068672,50.429,-0.085,62.0,1.0
56.75,128.233685,37.942429,2534.8329288,50.489,0.055,62.202,1.0
56.7666,128.23373,37.942453,2534.2705728,50.551,0.194,62.403,1.0
56.7833,128.233775,37.942477,2533.7197992,50.614,0.334,62.606,1.0
56.8,128.23382,37.942501,2533.1806079999997,50.679,0.474,62.808,1.0
56.8166,128.233866,37.942525,2532.6529992,50.744,0.613,63.011,1.0
56.8333,128.233911,37.942548,2532.136668,50.812,0.752,63.214,1.0
56.85,128.233957,37.942572,2531.6316144,50.881,0.89,63.418,1.0
56.8666,128.234002,37.942595,2531.138448,50.952,1.028,63.622,1.0
56.8833,128.234048,37.942618,2530.6565592,51.024,1.166,63.826,1.0
56.9,128.234094,37.942641,2530.1859480000003,51.097,1.304,64.031,1.0
56.9166,128.23414,37.942664,2529.7269192000003,51.171,1.442,64.236,1.0
56.9333,128.234186,37.942687,2529.279168,51.247,1.579,64.441,1.0
56.95,128.234232,37.94271,2528.8426944,51.325,1.715,64.647,1.0
56.9666,128.234279,37.942732,2528.4178032000004,51.403,1.852,64.853,1.0
56.9833,128.234325,37.942755,2528.0041896000002,51.483,1.988,65.059,1.0
57.0,128.234372,37.942777,2527.6021584,51.564,2.124,65.266,1.0
57.0166,128.234418,37.942799,2527.2114048000003,51.647,2.259,65.473,1.0
57.0333,128.234465,37.942821,2526.831624,51.73,2.394,65.681,1.0
57.05,128.234512,37.942843,2526.4634256000004,51.815,2.529,65.889,1.0
57.0666,128.234559,37.942865,2526.1065048,51.901,2.664,66.097,1.0
57.0833,128.234606,37.942886,2525.7608616,51.988,2.798,66.306,1.0
57.1,128.234653,37.942908,2525.4261912,52.077,2.932,66.515,1.0
57.1166,128.234701,37.942929,2525.1031032000005,52.166,3.065,66.725,1.0
57.1333,128.234748,37.94295,2524.790988,52.256,3.198,66.935,1.0
57.15,128.234795,37.942972,2524.4901504000004,52.348,3.331,67.145,1.0
57.1666,128.234843,37.942993,2524.2005904,52.441,3.463,67.356,1.0
57.1833,128.234891,37.943013,2523.9223079999997,52.535,3.595,67.567,1.0
57.2,128.234938,37.943034,2523.6546936000004,52.63,3.727,67.779,1.0
57.2166,128.234986,37.943055,2523.3986616,52.726,3.858,67.991,1.0
57.2333,128.235034,37.943075,2523.1532976000003,52.823,3.989,68.204,1.0
57.25,128.235082,37.943095,2522.9192112,52.921,4.119,68.417,1.0
57.2666,128.23513,37.943116,2522.6964024000004,53.02,4.249,68.63,1.0
57.2833,128.235178,37.943136,2522.4842616,53.12,4.379,68.844,1.0
57.3,128.235227,37.943155,2522.2833984000004,53.221,4.508,69.058,1.0
57.3166,128.235275,37.943175,2522.0932032000005,53.323,4.637,69.273,1.0
57.3333,128.235323,37.943195,2521.9142856,53.425,4.765,69.488,1.0
57.35,128.235372,37.943214,2521.746036,53.529,4.893,69.704,1.0
57.3666,128.235421,37.943234,2521.5887592000004,53.633,5.021,69.92,1.0
57.3833,128.235469,37.943253,2521.4424552000005,53.738,5.148,70.137,1.0
57.4,128.235518,37.943272,2521.307124,53.844,5.275,70.354,1.0
57.4166,128.235567,37.943291,2521.1824608,53.951,5.402,70.571,1.0
57.4333,128.235616,37.94331,2521.0684656,54.058,5.528,70.789,1.0
57.45,128.235665,37.943328,2520.9654432,54.167,5.653,71.008,1.0
57.4666,128.235714,37.943347,2520.8730888,54.276,5.778,71.226,1.0
57.4833,128.235763,37.943365,2520.7917072,54.385,5.903,71.446,1.0
57.5,128.235813,37.943383,2520.7206888,54.495,6.027,71.666,1.0
57.5166,128.235862,37.943401,2520.6603384,54.607,6.151,71.886,1.0
57.5333,128.235911,37.943419,2520.6109608,54.718,6.275,72.107,1.0
57.55,128.235961,37.943437,2520.5719464000003,54.83,6.398,72.328,1.0
57.5666,128.236011,37.943454,2520.5436,54.943,6.52,72.55,1.0
57.5833,128.23606,37.943472,2520.5256168000005,55.057,6.642,72.772,1.0
57.6,128.23611,37.943489,2520.5183016,55.171,6.764,72.994,1.0
57.6166,128.23616,37.943506,2520.5216544,55.285,6.885,73.218,1.0
57.6333,128.23621,37.943523,2520.5353704,55.4,7.006,73.441,1.0
57.65,128.23626,37.94354,2520.5594496,55.516,7.127,73.665,1.0
57.6666,128.23631,37.943557,2520.5938920000003,55.632,7.247,73.89,1.0
57.6833,128.23636,37.943574,2520.6386976,55.749,7.366,74.115,1.0
57.7,128.23641,37.94359,2520.6938664000004,55.866,7.485,74.34,1.0
57.7166,128.23646,37.943606,2520.7593984000005,55.983,7.604,74.566,1.0
57.7333,128.23651,37.943622,2520.8352936,56.101,7.722,74.793,1.0
57.75,128.236561,37.943638,2520.9212472,56.22,7.839,75.02,1.0
57.7666,128.236611,37.943654,2521.017564,56.339,7.957,75.247,1.0
57.7833,128.236662,37.94367,2521.1242440000005,56.458,8.073,75.475,1.0
57.8,128.236712,37.943685,2521.2406776000003,56.577,8.19,75.704,1.0
57.8166,128.236763,37.943701,2521.3674744,56.698,8.305,75.933,1.0
57.8333,128.236813,37.943716,2521.5043296000003,56.818,8.421,76.162,1.0
57.85,128.236864,37.943731,2521.6512432,56.938,8.536,76.392,1.0
57.8666,128.236915,37.943746,2521.8079104,57.059,8.65,76.622,1.0
57.8833,128.236966,37.94376,2521.9749408000002,57.181,8.764,76.853,1.0
57.9,128.237017,37.943775,2522.1517248,57.302,8.877,77.084,1.0
57.9166,128.237067,37.943789,2522.3382624000005,57.424,8.99,77.316,1.0
57.9333,128.237119,37.943804,2522.5348584,57.546,9.103,77.548,1.0
57.95,128.23717,37.943818,2522.7415128,57.669,9.215,77.781,1.0
57.9666,128.237221,37.943832,2522.957616,57.791,9.327,78.014,1.0
57.9833,128.237272,37.943845,2523.1837776,57.914,9.438,78.248,1.0
58.0,128.237323,37.943859,2523.419388,58.037,9.548,78.482,1.0
58.0166,128.237374,37.943873,2523.664752,58.161,9.659,78.716,1.0
58.0333,128.237426,37.943886,2523.9201744,58.284,9.768,78.951,1.0
58.05,128.237477,37.943899,2524.1847408000003,58.408,9.877,79.187,1.0
58.0666,128.237528,37.943912,2524.4593656,58.531,9.986,79.423,1.0
58.0833,128.23758,37.943925,2524.7431344,58.655,10.094,79.659,1.0
58.1,128.237631,37.943938,2525.0366568,58.779,10.202,79.896,1.0
58.1166,128.237683,37.94395,2525.339628,58.904,10.309,80.134,1.0
58.1333,128.237734,37.943962,2525.6520480000004,59.028,10.416,80.372,1.0
58.15,128.237786,37.943975,2525.9736120000002,59.153,10.523,80.61,1.0
58.1666,128.237838,37.943987,2526.3049296,59.277,10.629,80.849,1.0
58.1833,128.237889,37.943998,2526.6453912,59.402,10.734,81.088,1.0
58.2,128.237941,37.94401,2526.9953016,59.526,10.839,81.328,1.0
58.2166,128.237993,37.944022,2527.354356,59.651,10.943,81.568,1.0
58.2333,128.238045,37.944033,2527.7225544000003,59.776,11.047,81.809,1.0
58.25,128.238097,37.944044,2528.1002015999998,59.9,11.151,82.05,1.0
58.2666,128.238149,37.944055,2528.4869928,60.025,11.254,82.291,1.0
58.2833,128.2382,37.944066,2528.8826232,60.149,11.356,82.534,1.0
58.3,128.238252,37.944077,2529.2873976,60.274,11.458,82.776,1.0
58.3166,128.238304,37.944087,2529.701316,60.399,11.56,83.019,1.0
58.3333,128.238356,37.944098,2530.1243784000003,60.524,11.661,83.262,1.0
58.35,128.238409,37.944108,2530.5562800000002,60.649,11.761,83.506,1.0
58.3666,128.238461,37.944118,2530.9970208000004,60.773,11.861,83.751,1.0
58.3833,128.238513,37.944128,2531.4466008000004,60.898,11.961,83.995,1.0
58.4,128.238565,37.944138,2531.90502,61.022,12.06,84.241,1.0
58.4166,128.238617,37.944147,2532.3722784000006,61.147,12.159,84.486,1.0
58.4333,128.238669,37.944156,2532.8483760000004,61.272,12.257,84.732,1.0
58.45,128.238722,37.944166,2533.3333128,61.397,12.355,84.979,1.0
58.4666,128.238774,37.944175,2533.8267840000003,61.521,12.452,85.226,1.0
58.4833,128.238826,37.944184,2534.3290944,61.645,12.548,85.473,1.0
58.5,128.238878,37.944192,2534.8396344000003,61.77,12.645,85.721,1.0
58.5166,128.238931,37.944201,2535.3590136000003,61.895,12.74,85.969,1.0
58.5333,128.238983,37.944209,2535.8869272,62.019,12.836,86.218,1.0
58.55,128.239035,37.944217,2536.4233752,62.143,12.931,86.467,1.0
58.5666,128.239088,37.944225,2536.9683576,62.268,13.025,86.717,1.0
58.5833,128.23914,37.944233,2537.5215696,62.392,13.119,86.967,1.0
58.6,128.239192,37.944241,2538.0830112,62.516,13.212,87.217,1.0
58.6166,128.239245,37.944248,2538.6529872000006,62.641,13.305,87.468,1.0
58.6333,128.239297,37.944256,2539.2311928,62.765,13.397,87.72,1.0
58.65,128.23935,37.944263,2539.8179328000006,62.889,13.489,87.971,1.0
58.6666,128.239402,37.94427,2540.4125976,63.013,13.581,88.224,1.0
58.6833,128.239455,37.944277,2541.0154920000004,63.137,13.672,88.476,1.0
58.7,128.239507,37.944283,2541.626616,63.262,13.762,88.729,1.0
58.7166,128.23956,37.94429,2542.2456647999998,63.386,13.852,88.983,1.0
58.7333,128.239612,37.944296,2542.8729432,63.51,13.941,89.236,1.0
58.75,128.239665,37.944302,2543.5081464000004,63.634,14.031,89.491,1.0
58.7666,128.239717,37.944308,2544.1512744,63.758,14.119,89.745,1.0
58.7833,128.23977,37.944314,2544.8026320000004,63.882,14.207,90.0,1.0
58.8,128.239822,37.94432,2545.4616096000004,64.007,14.295,90.256,1.0
58.8166,128.239875,37.944325,2546.1285120000002,64.131,14.382,90.512,1.0
58.8333,128.239927,37.94433,2546.8030344000003,64.255,14.468,90.768,1.0
58.85,128.23998,37.944336,2547.4857864,64.379,14.554,91.025,1.0
58.8666,128.240032,37.94434,2548.1758535999998,64.502,14.64,91.282,1.0
58.8833,128.240085,37.944345,2548.8738456,64.626,14.725,91.54,1.0
58.9,128.240137,37.94435,2549.5794576000003,64.75,14.81,91.798,1.0
58.9166,128.24019,37.944354,2550.2926896000004,64.874,14.894,92.056,1.0
58.9333,128.240242,37.944358,2551.0135416000003,64.998,14.978,92.315,1.0
58.95,128.240295,37.944362,2551.7417088,65.121,15.061,92.574,1.0
58.9666,128.240347,37.944366,2552.4774960000004,65.245,15.144,92.833,1.0
58.9833,128.2404,37.94437,2553.2209032000005,65.368,15.226,93.093,1.0
59.0,128.240452,37.944374,2553.9716256,65.491,15.308,93.354,1.0
59.0166,128.240505,37.944377,2554.7296632000002,65.615,15.389,93.614,1.0
59.0333,128.240557,37.94438,2555.4950160000003,65.738,15.47,93.875,1.0
59.05,128.24061,37.944383,2556.267684,65.862,15.55,94.137,1.0
59.0666,128.240662,37.944386,2557.0476672,65.985,15.63,94.399,1.0
59.0833,128.240714,37.944388,2557.8349656,66.108,15.71,94.661,1.0
59.1,128.240767,37.944391,2558.6292743999998,66.231,15.788,94.924,1.0
59.1166,128.240819,37.944393,2559.4305936,66.354,15.867,95.187,1.0
59.1333,128.240872,37.944395,2560.2392280000004,66.477,15.945,95.45,1.0
59.15,128.240924,37.944397,2561.0548728000003,66.6,16.022,95.714,1.0
59.1666,128.240976,37.944399,2561.8775280000004,66.722,16.099,95.978,1.0
59.1833,128.241029,37.944401,2562.7071936,66.845,16.176,96.243,1.0
59.2,128.241081,37.944402,2563.5435648,66.968,16.252,96.508,1.0
59.2166,128.241133,37.944403,2564.3869464000004,67.09,16.327,96.773,1.0
59.2333,128.241185,37.944404,2565.2373384,67.213,16.402,97.039,1.0
59.25,128.241238,37.944405,2566.094436,67.335,16.477,97.305,1.0
59.2666,128.24129,37.944406,2566.9582392,67.457,16.551,97.572,1.0
59.2833,128.241342,37.944406,2567.8287480000004,67.579,16.624,97.838,1.0
59.3,128.241394,37.944407,2568.7059624000003,67.701,16.697,98.106,1.0
59.3166,128.241446,37.944407,2569.5898824,67.823,16.77,98.373,1.0
59.3333,128.241498,37.944407,2570.4808128,67.945,16.842,98.641,1.0
59.35,128.241551,37.944407,2571.3784488000006,68.066,16.913,98.909,1.0
59.3666,128.241603,37.944406,2572.2824855999997,68.187,16.984,99.177,1.0
59.3833,128.241655,37.944406,2573.193228,68.308,17.055,99.445,1.0
59.4,128.241707,37.944405,2574.1106760000002,68.43,17.125,99.714,1.0
59.4166,128.241759,37.944404,2575.0345248,68.551,17.194,99.982,1.0
59.4333,128.24181,37.944403,2575.9647744,68.671,17.263,100.252,1.0
59.45,128.241862,37.944402,2576.9017296,68.792,17.331,100.521,1.0
59.4666,128.241914,37.944401,2577.8447808,68.912,17.399,100.791,1.0
59.4833,128.241966,37.944399,2578.7945376,69.033,17.466,101.061,1.0
59.5,128.242018,37.944397,2579.7503904,69.153,17.533,101.331,1.0
59.5166,128.24207,37.944395,2580.712644,69.273,17.6,101.602,1.0
59.5333,128.242121,37.944393,2581.6812984000003,69.393,17.666,101.872,1.0
59.55,128.242173,37.944391,2582.6560488000005,69.513,17.731,102.144,1.0
59.5666,128.242225,37.944388,2583.6368952000003,69.632,17.796,102.415,1.0
59.5833,128.242276,37.944386,2584.6241424,69.752,17.86,102.687,1.0
59.6,128.242328,37.944383,2585.6171808,69.871,17.924,102.959,1.0
59.6166,128.242379,37.94438,2586.6166200000002,69.99,17.988,103.231,1.0
59.6333,128.242431,37.944376,2587.6218504000003,70.109,18.051,103.504,1.0
59.65,128.242482,37.944373,2588.6331768,70.228,18.113,103.777,1.0
59.6666,128.242534,37.94437,2589.6502944,70.346,18.175,104.05,1.0
59.6833,128.242585,37.944366,2590.673508,70.464,18.237,104.324,1.0
59.7,128.242636,37.944362,2591.7022079999997,70.582,18.298,104.598,1.0
59.7166,128.242688,37.944358,2592.737004,70.7,18.359,104.872,1.0
59.7333,128.242739,37.944353,2593.7775912,70.818,18.419,105.146,1.0
59.75,128.24279,37.944349,2594.8239696,70.935,18.478,105.421,1.0
59.7666,128.242841,37.944344,2595.8761392,71.052,18.537,105.696,1.0
59.7833,128.242892,37.94434,2596.9337952,71.169,18.596,105.972,1.0
59.8,128.242943,37.944335,2597.9972424,71.286,18.654,106.247,1.0
59.8166,128.242994,37.944329,2599.0658712000004,71.402,18.712,106.523,1.0
59.8333,128.243045,37.944324,2600.140596,71.519,18.769,106.799,1.0
59.85,128.243096,37.944319,2601.2205024,71.634,18.826,107.076,1.0
59.8666,128.243147,37.944313,2602.3058952,71.75,18.883,107.352,1.0
59.8833,128.243197,37.944307,2603.3967744,71.865,18.939,107.629,1.0
59.9,128.243248,37.944301,2604.49314,71.98,18.994,107.907,1.0
59.9166,128.243298,37.944295,2605.5946872000004,72.095,19.049,108.184,1.0
59.9333,128.243349,37.944288,2606.7017208,72.21,19.103,108.462,1.0
59.95,128.243399,37.944282,2607.813936,72.324,19.158,108.74,1.0
59.9666,128.24345,37.944275,2608.9313328000003,72.437,19.211,109.019,1.0
59.9833,128.2435,37.944268,2610.054216,72.551,19.264,109.298,1.0
60.0,128.24355,37.944261,2611.1819760000003,72.664,19.317,109.577,1.0
60.0166,128.243601,37.944254,2612.3149176,72.777,19.369,109.856,1.0
60.0333,128.243651,37.944246,2613.4530408,72.889,19.421,110.136,1.0
60.05,128.243701,37.944239,2614.5960408,73.001,19.473,110.416,1.0
60.0666,128.243751,37.944231,2615.7442224,73.112,19.524,110.696,1.0
60.0833,128.243801,37.944223,2616.8972808,73.223,19.574,110.977,1.0
60.1,128.243851,37.944215,2618.055216,73.334,19.624,111.258,1.0
60.1166,128.2439,37.944206,2619.2183328000006,73.445,19.674,111.539,1.0
60.1333,128.24395,37.944198,2620.3860216,73.555,19.723,111.82,1.0
60.15,128.244,37.944189,2621.5585872,73.664,19.772,112.102,1.0
60.1666,128.244049,37.94418,2622.7360296,73.773,19.821,112.384,1.0
60.1833,128.244099,37.944171,2623.9180440000005,73.881,19.869,112.667,1.0
60.2,128.244148,37.944162,2625.1049352000005,73.989,19.917,112.949,1.0
60.2166,128.244197,37.944152,2626.2963984000003,74.097,19.964,113.233,1.0
60.2333,128.244247,37.944143,2627.4927384000002,74.205,20.011,113.516,1.0
60.25,128.244296,37.944133,2628.6936504,74.311,20.057,113.799,1.0
60.2666,128.244345,37.944123,2629.8988296,74.417,20.103,114.083,1.0
60.2833,128.244394,37.944113,2631.1085808,74.523,20.149,114.367,1.0
60.3,128.244443,37.944103,2632.3232088,74.629,20.194,114.652,1.0
60.3166,128.244491,37.944092,2633.5417992,74.734,20.239,114.937,1.0
60.3333,128.24454,37.944082,2634.7652664,74.839,20.283,115.222,1.0
60.35,128.244589,37.944071,2635.9926960000003,74.942,20.327,115.507,1.0
60.3666,128.244637,37.94406,2637.2246976,75.046,20.37,115.792,1.0
60.3833,128.244686,37.944049,2638.4612712000003,75.149,20.414,116.078,1.0
60.4,128.244734,37.944038,2639.7018072,75.252,20.456,116.364,1.0
60.4166,128.244782,37.944026,2640.9466104,75.354,20.499,116.651,1.0
60.4333,128.244831,37.944015,2642.1956808,75.456,20.541,116.937,1.0
60.45,128.244879,37.944003,2643.4487136000002,75.557,20.583,117.224,1.0
60.4666,128.244927,37.943991,2644.7063184000003,75.658,20.624,117.511,1.0
60.4833,128.244974,37.943979,2645.9675807999997,75.758,20.665,117.799,1.0
60.5,128.245022,37.943966,2647.2331104,75.858,20.705,118.086,1.0
60.5166,128.24507,37.943954,2648.5029072,75.957,20.745,118.374,1.0
60.5333,128.245118,37.943941,2649.7763616,76.056,20.785,118.662,1.0
60.55,128.245165,37.943928,2651.0540831999997,76.155,20.824,118.951,1.0
60.5666,128.245212,37.943915,2652.3354624000003,76.253,20.864,119.239,1.0
60.5833,128.24526,37.943902,2653.620804,76.35,20.902,119.528,1.0
60.6,128.245307,37.943889,2654.910108,76.447,20.94,119.818,1.0
60.6166,128.245354,37.943875,2656.2033744,76.544,20.978,120.107,1.0
60.6333,128.245401,37.943862,2657.5002984000002,76.64,21.016,120.397,1.0
60.65,128.245448,37.943848,2658.8008800000002,76.735,21.053,120.687,1.0
60.6666,128.245495,37.943834,2660.105424,76.83,21.09,120.977,1.0
60.6833,128.245541,37.94382,2661.4136256,76.924,21.127,121.267,1.0
60.7,128.245588,37.943805,2662.7254848000002,77.018,21.163,121.558,1.0
60.7166,128.245634,37.943791,2664.0410016,77.112,21.198,121.849,1.0
60.7333,128.24568,37.943776,2665.3598712000003,77.205,21.234,122.14,1.0
60.75,128.245727,37.943761,2666.6827032000006,77.298,21.269,122.431,1.0
60.7666,128.245773,37.943746,2668.008888,77.39,21.304,122.723,1.0
60.7833,128.245819,37.943731,2669.3384256000004,77.481,21.338,123.014,1.0
60.8,128.245864,37.943716,2670.6716208000003,77.573,21.372,123.306,1.0
60.8166,128.24591,37.9437,2672.0084736000003,77.663,21.406,123.599,1.0
60.8333,128.245956,37.943685,2673.3483744,77.754,21.44,123.891,1.0
60.85,128.246001,37.943669,2674.6919328000004,77.843,21.473,124.184,1.0
60.8666,128.246047,37.943653,2676.038844,77.932,21.505,124.477,1.0
60.8833,128.246092,37.943637,2677.389108,78.021,21.538,124.77,1.0
60.9,128.246137,37.94362,2678.74242,78.109,21.57,125.063,1.0
60.9166,128.246182,37.943604,2680.0990848,78.197,21.602,125.357,1.0
60.9333,128.246227,37.943587,2681.4591024,78.285,21.633,125.651,1.0
60.95,128.246272,37.94357,2682.8224728,78.371,21.664,125.945,1.0
60.9666,128.246316,37.943553,2684.1885864,78.458,21.695,126.239,1.0
60.9833,128.246361,37.943536,2685.5583576000004,78.543,21.726,126.534,1.0
61.0,128.246405,37.943519,2686.930872,78.629,21.756,126.829,1.0
61.0166,128.24645,37.943501,2688.3067392000003,78.714,21.786,127.124,1.0
61.0333,128.246494,37.943484,2689.6853496,78.798,21.816,127.419,1.0
61.05,128.246538,37.943466,2691.0673128,78.882,21.845,127.714,1.0
61.0666,128.246581,37.943448,2692.4520192000004,78.965,21.874,128.01,1.0
61.0833,128.246625,37.94343,2693.8397736,79.048,21.903,128.305,1.0
61.1,128.246669,37.943412,2695.2305760000004,79.131,21.931,128.601,1.0
61.1166,128.246712,37.943394,2696.6241216,79.213,21.959,128.898,1.0
61.1333,128.246756,37.943375,2698.0207152,79.294,21.987,129.194,1.0
61.15,128.246799,37.943356,2699.4203568000003,79.375,22.015,129.491,1.0
61.1666,128.246842,37.943337,2700.8224368,79.456,22.042,129.788,1.0
61.1833,128.246885,37.943318,2702.2275648,79.536,22.069,130.085,1.0
61.2,128.246927,37.943299,2703.635436,79.615,22.096,130.382,1.0
61.2166,128.24697,37.94328,2705.0460504000002,79.694,22.122,130.679,1.0
61.2333,128.247013,37.94326,2706.4594079999997,79.773,22.148,130.977,1.0
61.25,128.247055,37.943241,2707.8755088000003,79.851,22.174,131.275,1.0
61.2666,128.247097,37.943221,2709.294048,79.929,22.2,131.573,1.0
61.2833,128.247139,37.943201,2710.7153304000003,80.006,22.225,131.871,1.0
61.3,128.247181,37.943181,2712.139356,80.083,22.25,132.17,1.0
61.3166,128.247223,37.943161,2713.56582,80.159,22.275,132.468,1.0
61.3333,128.247264,37.94314,2714.9950272,80.235,22.299,132.767,1.0
61.35,128.247306,37.94312,2716.4266728000002,80.31,22.323,133.066,1.0
61.3666,128.247347,37.943099,2717.8607568,80.385,22.347,133.366,1.0
61.3833,128.247388,37.943078,2719.297584,80.46,22.371,133.665,1.0
61.4,128.247429,37.943057,2720.7365448,80.534,22.395,133.965,1.0
61.4166,128.24747,37.943036,2722.1782488000003,80.607,22.418,134.265,1.0
61.4333,128.247511,37.943015,2723.6220864,80.681,22.441,134.565,1.0
61.45,128.247552,37.942993,2725.0686671999997,80.753,22.463,134.865,1.0
61.4666,128.247592,37.942972,2726.5173816,80.826,22.486,135.166,1.0
61.4833,128.247632,37.94295,2727.9682296,80.898,22.508,135.466,1.0
61.5,128.247672,37.942928,2729.4218208,80.969,22.53,135.767,1.0
61.5166,128.247712,37.942906,2730.8772408,81.04,22.552,136.068,1.0
61.5333,128.247752,37.942884,2732.335404,81.111,22.573,136.369,1.0
61.55,128.247792,37.942862,2733.7953960000004,81.181,22.594,136.671,1.0
61.5666,128.247831,37.942839,2735.2578264,81.251,22.615,136.972,1.0
61.5833,128.24787,37.942817,2736.7223904,81.32,22.636,137.274,1.0
61.6,128.24791,37.942794,2738.189088,81.389,22.657,137.576,1.0
61.6166,128.247948,37.942771,2739.6579192000004,81.458,22.677,137.878,1.0
61.6333,128.247987,37.942748,2741.128884,81.526,22.697,138.181,1.0
61.65,128.248026,37.942725,2742.6019824000005,81.594,22.717,138.483,1.0
61.6666,128.248064,37.942702,2744.0772144000002,81.661,22.736,138.786,1.0
61.6833,128.248103,37.942678,2745.5545800000004,81.728,22.756,139.089,1.0
61.7,128.248141,37.942655,2747.0337744,81.795,22.775,139.392,1.0
61.7166,128.248179,37.942631,2748.5151024,81.861,22.794,139.696,1.0
61.7333,128.248217,37.942607,2749.9982592,81.926,22.813,139.999,1.0
61.75,128.248254,37.942583,2751.4835496,81.989,22.831,140.303,1.0
61.7666,128.248292,37.942559,2752.9706688,82.051,22.85,140.606,1.0
61.7833,128.248329,37.942535,2754.4596168000003,82.111,22.868,140.91,1.0
61.8,128.248366,37.94251,2755.9506984000004,82.17,22.887,141.215,1.0
61.8166,128.248403,37.942486,2757.4436088,82.228,22.905,141.519,1.0
61.8333,128.24844,37.942461,2758.938348,82.281,22.923,141.824,1.0
61.85,128.248476,37.942436,2760.434916,82.329,22.941,142.128,1.0
61.8666,128.248513,37.942411,2761.9333128,82.373,22.96,142.433,1.0
61.8833,128.248549,37.942386,2763.4338432,82.413,22.978,142.738,1.0
61.9,128.248585,37.942361,2764.9358976000003,82.45,22.997,143.043,1.0
61.9166,128.248621,37.942336,2766.4397808,82.484,23.015,143.348,1.0
61.9333,128.248657,37.94231,2767.9457976000003,82.512,23.033,143.654,1.0
61.95,128.248692,37.942285,2769.4533384,82.536,23.052,143.96,1.0
61.9666,128.248728,37.942259,2770.962708,82.555,23.07,144.266,1.0
61.9833,128.248763,37.942233,2772.4736016,82.57,23.089,144.572,1.0
62.0,128.248798,37.942207,2773.9866288,82.582,23.108,144.878,1.0
62.0166,128.248832,37.942181,2775.50118,82.591,23.126,145.185,1.0
62.0333,128.248867,37.942155,2777.0175600000002,82.596,23.145,145.492,1.0
62.05,128.248901,37.942129,2778.5357688000004,82.598,23.164,145.799,1.0
62.0666,128.248936,37.942102,2780.0555016,82.596,23.183,146.107,1.0
62.0833,128.24897,37.942076,2781.5770632,82.592,23.203,146.414,1.0
62.1,128.249003,37.942049,2783.1004536,82.586,23.222,146.722,1.0
62.1166,128.249037,37.942022,2784.625368,82.578,23.242,147.03,1.0
62.1333,128.249071,37.941995,2786.1521112,82.568,23.262,147.338,1.0
62.15,128.249104,37.941968,2787.6806831999997,82.556,23.282,147.647,1.0
62.1666,128.249137,37.941941,2789.2107792,82.543,23.303,147.955,1.0
62.1833,128.24917,37.941913,2790.7427040000002,82.528,23.323,148.264,1.0
62.2,128.249202,37.941886,2792.2761528,82.512,23.344,148.573,1.0
62.2166,128.249235,37.941858,2793.8117352000004,82.496,23.366,148.882,1.0
62.2333,128.249267,37.941831,2795.3488416000005,82.478,23.387,149.191,1.0
62.25,128.249299,37.941803,2796.887472,82.461,23.409,149.501,1.0
62.2666,128.249331,37.941775,2798.4279312,82.443,23.431,149.811,1.0
62.2833,128.249363,37.941747,2799.9702192000004,82.425,23.453,150.12,1.0
62.3,128.249394,37.941719,2801.514336,82.407,23.476,150.43,1.0
62.3166,128.249426,37.941691,2803.0599768,82.388,23.499,150.741,1.0
62.3333,128.249457,37.941662,2804.6074464000003,82.37,23.522,151.051,1.0
62.35,128.249488,37.941634,2806.1567448,82.352,23.546,151.361,1.0
62.3666,128.249518,37.941605,2807.7075672,82.335,23.57,151.672,1.0
62.3833,128.249549,37.941577,2809.2602184,82.318,23.594,151.983,1.0
62.4,128.249579,37.941548,2810.8146984000005,82.302,23.618,152.294,1.0
62.4166,128.249609,37.941519,2812.3707024,82.285,23.643,152.605,1.0
62.4333,128.249639,37.94149,2813.92884,82.315,23.662,152.917,1.0
62.45,128.249669,37.941461,2815.4881968,82.39,23.676,153.23,1.0
62.4666,128.249698,37.941432,2817.0487728000003,82.507,23.686,153.543,1.0
62.4833,128.249728,37.941402,2818.610568,82.661,23.696,153.857,1.0
62.5,128.249757,37.941373,2820.1738872000005,82.849,23.707,154.171,1.0
62.5166,128.249786,37.941344,2821.7384256000005,83.064,23.719,154.485,1.0
62.5333,128.249815,37.941314,2823.3044879999998,83.3,23.731,154.799,1.0
62.55,128.249843,37.941284,2824.8714648,83.552,23.744,155.112,1.0
62.5666,128.249872,37.941255,2826.4399656,83.817,23.756,155.424,1.0
62.5833,128.2499,37.941225,2828.0096856,84.089,23.768,155.735,1.0
62.6,128.249928,37.941195,2829.58032,84.368,23.778,156.046,1.0
62.6166,128.249956,37.941165,2831.1521736000004,84.652,23.787,156.357,1.0
62.6333,128.249984,37.941134,2832.7252464000003,84.928,23.796,156.668,1.0
62.65,128.250011,37.941104,2834.2989288,85.196,23.805,156.979,1.0
62.6666,128.250038,37.941074,2835.8738304000003,85.455,23.812,157.289,1.0
62.6833,128.250065,37.941043,2837.4493416000005,85.707,23.818,157.6,1.0
62.7,128.250092,37.941013,2839.0257672,85.951,23.822,157.91,1.0
62.7166,128.250118,37.940982,2840.6031072,86.191,23.824,158.222,1.0
62.7333,128.250145,37.940951,2842.180752,86.413,23.825,158.533,1.0
62.75,128.250171,37.940921,2843.7593112,86.619,23.827,158.845,1.0
62.7666,128.250197,37.94089,2845.3381752,86.81,23.827,159.157,1.0
62.7833,128.250222,37.940859,2846.9176488000003,86.989,23.826,159.47,1.0
62.8,128.250248,37.940828,2848.4974272,87.158,23.823,159.783,1.0
62.8166,128.250273,37.940796,2850.0778152,87.318,23.818,160.096,1.0
62.8333,128.250298,37.940765,2851.6582032000006,87.461,23.813,160.41,1.0
62.85,128.250323,37.940734,2853.2388960000003,87.59,23.808,160.725,1.0
62.8666,128.250347,37.940702,2854.8198936000003,87.705,23.802,161.04,1.0
62.8833,128.250371,37.940671,2856.4011960000003,87.81,23.795,161.355,1.0
62.9,128.250395,37.940639,2857.9824984,87.905,23.787,161.671,1.0
62.9166,128.250419,37.940607,2859.5641056000004,87.993,23.778,161.987,1.0
62.9333,128.250443,37.940575,2861.145408,88.069,23.769,162.303,1.0
62.95,128.250466,37.940543,2862.7270152,88.134,23.76,162.62,1.0
62.9666,128.25049,37.940511,2864.3086224,88.192,23.75,162.938,1.0
62.9833,128.250512,37.940479,2865.8902296,88.241,23.74,163.255,1.0
63.0,128.250535,37.940447,2867.4718368000003,88.285,23.73,163.573,1.0
63.0166,128.250558,37.940415,2869.053444,88.324,23.718,163.892,1.0
63.0333,128.25058,37.940383,2870.6347464000005,88.356,23.707,164.211,1.0
63.05,128.250602,37.94035,2872.2163536,88.383,23.696,164.53,1.0
63.0666,128.250624,37.940318,2873.7976559999997,88.406,23.685,164.849,1.0
63.0833,128.250645,37.940285,2875.3786536,88.425,23.674,165.169,1.0
63.1,128.250667,37.940252,2876.9596512,88.441,23.662,165.489,1.0
63.1166,128.250688,37.94022,2878.5406488000003,88.455,23.651,165.809,1.0
63.1333,128.250709,37.940187,2880.1213416000005,88.466,23.639,166.129,1.0
63.15,128.250729,37.940154,2881.7017296000004,88.476,23.628,166.448,1.0
63.1666,128.25075,37.940121,2883.2821176,88.484,23.616,166.768,1.0
63.1833,128.25077,37.940088,2884.8625056000005,88.491,23.605,167.087,1.0
63.2,128.25079,37.940055,2886.442284,88.496,23.594,167.406,1.0
63.2166,128.25081,37.940022,2888.0220624000003,88.501,23.583,167.724,1.0
63.2333,128.250829,37.939989,2889.6018408,88.506,23.572,168.042,1.0
63.25,128.250849,37.939955,2891.1813144000002,88.511,23.561,168.36,1.0
63.2666,128.250868,37.939922,2892.7601784000003,88.516,23.55,168.678,1.0
63.2833,128.250886,37.939889,2894.3393472,88.522,23.539,168.995,1.0
63.3,128.250905,37.939855,2895.9179064,88.528,23.529,169.311,1.0
63.3166,128.250923,37.939822,2897.4961608,88.533,23.518,169.628,1.0
63.3333,128.250942,37.939788,2899.0744151999997,88.541,23.508,169.944,1.0
63.35,128.250959,37.939754,2900.6523647999998,88.549,23.498,170.259,1.0
63.3666,128.250977,37.93972,2902.2300096000004,88.559,23.487,170.575,1.0
63.3833,128.250995,37.939687,2903.8073496,88.57,23.477,170.89,1.0
63.4,128.251012,37.939653,2905.3843848,88.581,23.468,171.204,1.0
63.4166,128.251029,37.939619,2906.9611151999998,88.593,23.458,171.519,1.0
63.4333,128.251045,37.939585,2908.5375408,88.606,23.448,171.833,1.0
63.45,128.251062,37.939551,2910.1139664,88.622,23.439,172.147,1.0
63.4666,128.251078,37.939517,2911.6897824000002,88.638,23.429,172.46,1.0
63.4833,128.251094,37.939483,2913.2652936000004,88.655,23.419,172.773,1.0
63.5,128.25111,37.939448,2914.8401952,88.674,23.41,173.086,1.0
63.5166,128.251126,37.939414,2916.4150968,88.692,23.401,173.399,1.0
63.5333,128.251141,37.93938,2917.9896936000005,88.713,23.391,173.711,1.0
63.55,128.251156,37.939346,2919.5636808,88.734,23.382,174.023,1.0
63.5666,128.251171,37.939311,2921.1373632,88.757,23.373,174.334,1.0
63.5833,128.251186,37.939277,2922.7107408,88.78,23.363,174.646,1.0
63.6,128.2512,37.939242,2924.2835088,88.804,23.354,174.957,1.0
63.6166,128.251214,37.939208,2925.8562768,88.829,23.345,175.268,1.0
63.6333,128.251228,37.939173,2927.4281304000006,88.854,23.336,175.578,1.0
63.65,128.251242,37.939138,2928.999984,88.88,23.326,175.889,1.0
63.6666,128.251255,37.939104,2930.5712280000002,88.907,23.317,176.199,1.0
63.6833,128.251268,37.939069,2932.1418624000003,88.935,23.307,176.509,1.0
63.7,128.251281,37.939034,2933.7121920000004,88.963,23.298,176.818,1.0
63.7166,128.251294,37.939,2935.2819120000004,88.991,23.289,177.128,1.0
63.7333,128.251307,37.938965,2936.8513272,89.02,23.279,177.437,1.0
63.75,128.251319,37.93893,2938.4201328000004,89.049,23.269,177.745,1.0
63.7666,128.251331,37.938895,2939.9886336,89.079,23.26,178.054,1.0
63.7833,128.251343,37.93886,2941.55622,89.109,23.25,178.363,1.0
63.8,128.251354,37.938825,2943.1235016,89.139,23.24,178.671,1.0
63.8166,128.251365,37.93879,2944.6901736000004,89.169,23.23,178.979,1.0
63.8333,128.251377,37.938755,2946.2565408,89.2,23.221,179.286,1.0
63.85,128.251387,37.93872,2947.8219936,89.231,23.21,179.594,1.0
63.8666,128.251398,37.938685,2949.3871416,89.262,23.2,179.901,1.0
63.8833,128.251408,37.93865,2950.9513752000003,89.293,23.19,180.208,1.0
63.9,128.251418,37.938614,2952.515304,89.324,23.18,180.515,1.0
63.9166,128.251428,37.938579,2954.0783184,89.355,23.169,180.822,1.0
63.9333,128.251438,37.938544,2955.6410280000005,89.386,23.159,181.129,1.0
63.95,128.251447,37.938509,2957.2028232000002,89.418,23.148,181.435,1.0
63.9666,128.251457,37.938473,2958.7640088000003,89.449,23.137,181.741,1.0
63.9833,128.251465,37.938438,2960.3245848,89.481,23.127,182.047,1.0
64.0,128.251474,37.938403,2961.8845512,89.512,23.116,182.353,1.0
64.0166,128.251483,37.938367,2963.4439079999997,89.544,23.105,182.658,1.0
64.0333,128.251491,37.938332,2965.0023504,89.575,23.093,182.964,1.0
64.05,128.251499,37.938297,2966.5601831999998,89.607,23.082,183.269,1.0
64.0666,128.251507,37.938261,2968.1171016,89.638,23.071,183.574,1.0
64.0833,128.251514,37.938226,2969.6734103999997,89.67,23.059,183.879,1.0
64.1,128.251521,37.93819,2971.2291096000004,89.701,23.047,184.183,1.0
64.1166,128.251528,37.938155,2972.7838944,89.733,23.036,184.488,1.0
64.1333,128.251535,37.938119,2974.3380696,89.764,23.024,184.792,1.0
64.15,128.251542,37.938084,2975.8910256000004,89.796,23.012,185.096,1.0
64.1666,128.251548,37.938048,2977.4436768,89.828,22.999,185.4,1.0
64.1833,128.251554,37.938013,2978.9951088000003,89.859,22.987,185.704,1.0
64.2,128.25156,37.937977,2980.5459312,89.891,22.975,186.007,1.0
64.2166,128.251566,37.937942,2982.0961440000005,89.923,22.962,186.311,1.0
64.2333,128.251571,37.937906,2983.6451376,89.954,22.95,186.614,1.0
64.25,128.251576,37.93787,2985.1935215999997,89.986,22.937,186.917,1.0
64.2666,128.251581,37.937835,2986.7406864,90.018,22.924,187.22,1.0
64.2833,128.251586,37.937799,2988.2872416000005,90.05,22.911,187.523,1.0
64.3,128.25159,37.937764,2989.8328824000005,90.082,22.897,187.825,1.0
64.3166,128.251594,37.937728,2991.3776088,90.114,22.884,188.128,1.0
64.3333,128.251598,37.937692,2992.9214208000003,90.146,22.871,188.43,1.0
64.35,128.251602,37.937657,2994.4643184,90.178,22.857,188.732,1.0
64.3666,128.251605,37.937621,2996.0063016,90.21,22.843,189.034,1.0
64.3833,128.251609,37.937585,2997.5473704,90.242,22.829,189.335,1.0
64.4,128.251612,37.93755,2999.08722,90.274,22.815,189.637,1.0
64.4166,128.251614,37.937514,3000.6261552,90.307,22.801,189.938,1.0
64.4333,128.251617,37.937478,3002.164176,90.339,22.787,190.24,1.0
64.45,128.251619,37.937443,3003.7012824000003,90.372,22.772,190.541,1.0
64.4666,128.251621,37.937407,3005.2374744,90.404,22.758,190.842,1.0
64.4833,128.251623,37.937372,3006.7724472,90.437,22.743,191.142,1.0
64.5,128.251625,37.937336,3008.3065056000005,90.469,22.728,191.443,1.0
64.5166,128.251626,37.9373,3009.8393448,90.502,22.713,191.743,1.0
64.5333,128.251627,37.937265,3011.3715744,90.63,22.686,192.039,1.0
64.55,128.251628,37.937229,3012.9028896000004,90.85,22.647,192.331,1.0
64.5666,128.251629,37.937193,3014.4326808,91.165,22.6,192.62,1.0
64.5833,128.251629,37.937158,3015.9612528000002,91.576,22.549,192.907,1.0
64.6,128.25163,37.937122,3017.4883008,92.083,22.494,193.193,1.0
64.6166,128.25163,37.937087,3019.0138248000003,92.682,22.437,193.479,1.0
64.6333,128.25163,37.937051,3020.5378248,93.368,22.377,193.764,1.0
64.65,128.25163,37.937015,3022.0599960000004,94.126,22.315,194.05,1.0
64.6666,128.25163,37.93698,3023.5800336,94.944,22.251,194.335,1.0
64.6833,128.251629,37.936944,3025.0979376,95.811,22.186,194.619,1.0
64.7,128.251628,37.936908,3026.613708,96.716,22.118,194.902,1.0
64.7166,128.251627,37.936873,3028.1267352000004,97.651,22.047,195.182,1.0
64.7333,128.251626,37.936837,3029.6367144000005,98.57,21.976,195.463,1.0
64.75,128.251625,37.936801,3031.1436456,99.469,21.905,195.743,1.0
64.7666,128.251624,37.936766,3032.6475288,100.345,21.832,196.022,1.0
64.7833,128.251622,37.93673,3034.1474496,101.198,21.754,196.3,1.0
64.8,128.25162,37.936695,3035.6437128,102.028,21.671,196.575,1.0
64.8166,128.251618,37.936659,3037.1360136000003,102.837,21.582,196.847,1.0
64.8333,128.251615,37.936623,3038.6249616,103.693,21.48,197.099,1.0
64.85,128.251613,37.936588,3040.1099472,104.587,21.372,197.315,1.0
64.8666,128.25161,37.936552,3041.5909704,105.519,21.263,197.482,1.0
64.8833,128.251607,37.936517,3043.0683360000003,106.485,21.163,197.586,1.0
64.9,128.251604,37.936481,3044.5417392000004,107.483,21.075,197.619,1.0
64.9166,128.251601,37.936445,3046.0114848000003,108.516,21.001,197.592,1.0
64.9333,128.251598,37.93641,3047.4781824,109.59,20.936,197.519,1.0
64.95,128.251594,37.936374,3048.9409176,110.71,20.878,197.418,1.0
64.9666,128.251591,37.936338,3050.3999952,111.882,20.822,197.303,1.0
64.9833,128.251587,37.936303,3051.8554152,113.11,20.766,197.182,1.0
65.0,128.251583,37.936267,3053.3068728000003,114.394,20.709,197.056,1.0
65.0166,128.25158,37.936231,3054.7549776,115.734,20.65,196.928,1.0
65.0333,128.251576,37.936196,3056.1994248,117.129,20.588,196.796,1.0
65.05,128.251572,37.93616,3057.6402144000003,118.579,20.524,196.659,1.0
65.0666,128.251568,37.936124,3059.0776511999998,120.085,20.456,196.518,1.0
65.0833,128.251563,37.936088,3060.5117352,121.645,20.383,196.373,1.0
65.1,128.251559,37.936053,3061.9421616000004,123.26,20.304,196.223,1.0
65.1166,128.251555,37.936017,3063.3692352000003,124.929,20.22,196.068,1.0
65.1333,128.251551,37.935981,3064.7932608,126.654,20.13,195.907,1.0
65.15,128.251546,37.935945,3066.2142384,128.432,20.034,195.739,1.0
65.1666,128.251542,37.935909,3067.632168,130.266,19.932,195.564,1.0
65.1833,128.251537,37.935873,3069.0473544,132.155,19.824,195.381,1.0
65.2,128.251532,37.935837,3070.4597976,134.098,19.711,195.19,1.0
65.2166,128.251528,37.935802,3071.8698024,136.096,19.592,194.989,1.0
65.2333,128.251523,37.935766,3073.2773688,138.149,19.47,194.778,1.0
65.25,128.251518,37.93573,3074.6824968,140.257,19.344,194.556,1.0
65.2666,128.251513,37.935694,3076.0861008,142.42,19.215,194.323,1.0
65.2833,128.251509,37.935657,3077.4875712000003,144.637,19.085,194.079,1.0
65.3,128.251504,37.935621,3078.8875176,146.91,18.954,193.824,1.0
65.3166,128.251499,37.935585,3080.2862448,149.237,18.824,193.557,1.0
65.3333,128.251494,37.935549,3081.6837528,151.617,18.697,193.279,1.0
65.35,128.251489,37.935513,3083.0803464000005,154.051,18.574,192.991,1.0
65.3666,128.251484,37.935477,3084.4766352000006,156.536,18.456,192.693,1.0
65.3833,128.251479,37.935441,3085.8723144000005,159.072,18.345,192.386,1.0
65.4,128.251474,37.935404,3087.2676888,161.658,18.242,192.072,1.0
65.4166,128.251469,37.935368,3088.663368,164.293,18.149,191.752,1.0
65.4333,128.251464,37.935332,3090.059352,166.976,18.067,191.427,1.0
65.45,128.251459,37.935295,3091.4559456,169.705,17.997,191.1,1.0
65.4666,128.251454,37.935259,3092.8531488000003,172.479,17.94,190.771,1.0
65.4833,128.251449,37.935223,3094.2512664,175.297,17.896,190.443,1.0
65.5,128.251444,37.935186,3095.650908,178.157,17.866,190.118,1.0
65.5166,128.251439,37.93515,3097.0517688000004,-178.943,17.85,189.797,1.0
65.5333,128.251434,37.935113,3098.4538488000003,-176.005,17.848,189.484,1.0
65.55,128.251429,37.935077,3099.8580624000006,-173.03,17.86,189.179,1.0
65.5666,128.251424,37.935041,3101.2631904,-170.024,17.885,188.885,1.0
65.5833,128.251419,37.935004,3102.6695376,-166.992,17.922,188.605,1.0
65.6,128.251414,37.934968,3104.077104,-163.939,17.97,188.341,1.0
65.6166,128.251409,37.934931,3105.4858896000005,-160.868,18.028,188.095,1.0
65.6333,128.251403,37.934894,3106.8952848000004,-157.784,18.08,187.863,1.0
65.65,128.251398,37.934858,3108.3052896000004,-154.693,18.112,187.64,1.0
65.6666,128.251393,37.934821,3109.7152944,-151.598,18.109,187.418,1.0
65.6833,128.251388,37.934785,3111.1252992,-148.502,18.071,187.194,1.0
65.7,128.251383,37.934748,3112.5356088,-145.405,18.011,186.975,1.0
65.7166,128.251377,37.934711,3113.9462232,-142.306,17.936,186.766,1.0
65.7333,128.251372,37.934675,3115.3556184000004,-139.21,17.834,186.556,1.0
65.75,128.251367,37.934638,3116.7640992,-136.12,17.694,186.332,1.0
65.7666,128.251362,37.934601,3118.171056,-133.038,17.518,186.09,1.0
65.7833,128.251356,37.934564,3119.5764888000003,-129.978,17.321,185.831,1.0
65.8,128.251351,37.934528,3120.9800928,-126.952,17.12,185.559,1.0
65.8166,128.251346,37.934491,3122.3809536,-123.965,16.928,185.276,1.0
65.8333,128.251341,37.934454,3123.777852,-121.115,16.729,184.972,1.0
65.85,128.251335,37.934417,3125.1701784000006,-118.4,16.519,184.631,1.0
65.8666,128.25133,37.93438,3126.5573232,-115.804,16.309,184.256,1.0
65.8833,128.251325,37.934343,3127.9392864,-113.308,16.112,183.857,1.0
65.9,128.25132,37.934306,3129.3169824,-110.893,15.934,183.442,1.0
65.9166,128.251315,37.934269,3130.6904112,-108.541,15.778,183.018,1.0
65.9333,128.25131,37.934232,3132.0583536,-106.422,15.619,182.576,1.0
65.95,128.251305,37.934195,3133.421724,-104.521,15.456,182.118,1.0
65.9666,128.2513,37.934158,3134.7789984000005,-102.816,15.298,181.648,1.0
65.9833,128.251296,37.934121,3136.1307864,-101.281,15.158,181.172,1.0
66.0,128.251291,37.934084,3137.4767831999998,-99.887,15.04,180.693,1.0
66.0166,128.251287,37.934046,3138.8172936,-98.604,14.945,180.214,1.0
66.0333,128.251283,37.934009,3140.1529272000002,-97.507,14.86,179.733,1.0
66.05,128.251279,37.933972,3141.4833792,-96.579,14.78,179.252,1.0
66.0666,128.251275,37.933934,3142.8083448,-95.812,14.706,178.773,1.0
66.0833,128.251271,37.933897,3144.1284336,-95.194,14.641,178.297,1.0
66.1,128.251268,37.93386,3145.4433408,-94.699,14.586,177.825,1.0
66.1166,128.251264,37.933822,3146.7533712000004,-94.304,14.543,177.359,1.0
66.1333,128.251261,37.933785,3148.0588296,-94.041,14.504,176.899,1.0
66.15,128.251259,37.933748,3149.3594112,-93.901,14.467,176.445,1.0
66.1666,128.251256,37.93371,3150.6554208000002,-93.874,14.431,175.997,1.0
66.1833,128.251254,37.933673,3151.9465536,-93.944,14.399,175.555,1.0
66.2,128.251252,37.933635,3153.2334192000003,-94.094,14.37,175.119,1.0
66.2166,128.25125,37.933598,3154.5157128,-94.307,14.345,174.687,1.0
66.2333,128.251248,37.93356,3155.7937392000003,-94.613,14.319,174.278,1.0
66.25,128.251247,37.933523,3157.066584,-95.001,14.291,173.907,1.0
66.2666,128.251245,37.933486,3158.3345520000003,-95.464,14.263,173.59,1.0
66.2833,128.251244,37.933448,3159.5973384,-95.996,14.238,173.342,1.0
66.3,128.251244,37.933411,3160.8549432,-96.592,14.217,173.176,1.0
66.3166,128.251243,37.933373,3162.1073664000005,-97.246,14.204,173.097,1.0
66.3333,128.251243,37.933336,3163.3539984000004,-97.884,14.207,173.094,1.0
66.35,128.251243,37.933298,3164.5957536,-98.493,14.228,173.148,1.0
66.3666,128.251243,37.933261,3165.8323272000002,-99.073,14.26,173.245,1.0
66.3833,128.251243,37.933223,3167.0643288,-99.626,14.298,173.365,1.0
66.4,128.251243,37.933186,3168.2914536,-100.156,14.338,173.494,1.0
66.4166,128.251244,37.933148,3169.5143112,-100.669,14.374,173.615,1.0
66.4333,128.251244,37.933111,3170.7325968,-101.14,14.408,173.712,1.0
66.45,128.251245,37.933073,3171.9463104,-101.577,14.437,173.771,1.0
66.4666,128.251246,37.933036,3173.1560616,-101.991,14.456,173.777,1.0
66.4833,128.251247,37.932998,3174.360936,-102.389,14.459,173.717,1.0
66.5,128.251248,37.932961,3175.5609336,-102.782,14.444,173.579,1.0
66.5166,128.251249,37.932923,3176.7560544000003,-103.177,14.406,173.354,1.0
66.5333,128.25125,37.932885,3177.9462984,-103.552,14.347,173.042,1.0
66.55,128.251252,37.932848,3179.1319704000002,-103.91,14.271,172.657,1.0
66.5666,128.251253,37.93281,3180.3124608,-104.252,14.179,172.214,1.0
66.5833,128.251255,37.932772,3181.4877696,-104.578,14.072,171.729,1.0
66.6,128.251257,37.932735,3182.6578968,-104.888,13.954,171.219,1.0
66.6166,128.251259,37.932697,3183.8222328000006,-105.185,13.829,170.7,1.0
66.6333,128.251261,37.932659,3184.9816920000003,-105.454,13.702,170.188,1.0
66.65,128.251263,37.932622,3186.13536,-105.697,13.578,169.697,1.0
66.6666,128.251266,37.932584,3187.2832368000004,-105.916,13.458,169.235,1.0
66.6833,128.251269,37.932546,3188.4253224,-106.115,13.342,168.797,1.0
66.7,128.251271,37.932509,3189.5610072000004,-106.299,13.228,168.377,1.0
66.7166,128.251274,37.932471,3190.6909008000002,-106.472,13.114,167.971,1.0
66.7333,128.251278,37.932433,3191.8146984000005,-106.632,13.001,167.576,1.0
66.75,128.251281,37.932395,3192.9320952000003,-106.782,12.888,167.189,1.0
66.7666,128.251284,37.932358,3194.0427864000003,-106.925,12.776,166.809,1.0
66.7833,128.251288,37.93232,3195.1473816000002,-107.061,12.663,166.435,1.0
66.8,128.251292,37.932282,3196.2449664,-107.193,12.55,166.068,1.0
66.8166,128.251296,37.932244,3197.3361504000004,-107.32,12.437,165.706,1.0
66.8333,128.2513,37.932207,3198.4206288,-107.445,12.324,165.35,1.0
66.85,128.251305,37.932169,3199.4980968,-107.567,12.211,164.998,1.0
66.8666,128.25131,37.932131,3200.5685544000003,-107.687,12.098,164.651,1.0
66.8833,128.251314,37.932093,3201.6323064,-107.805,11.985,164.309,1.0
66.9,128.25132,37.932056,3202.6887432000003,-107.923,11.872,163.971,1.0
66.9166,128.251325,37.932018,3203.7381695999998,-108.039,11.758,163.637,1.0
66.9333,128.25133,37.93198,3204.7805856,-108.156,11.645,163.307,1.0
66.95,128.251336,37.931942,3205.8153816,-108.272,11.531,162.981,1.0
66.9666,128.251342,37.931905,3206.8431671999997,-108.389,11.417,162.658,1.0
66.9833,128.251348,37.931867,3207.8633328000005,-108.506,11.303,162.337,1.0
67.0,128.251354,37.931829,3208.8761832,-108.622,11.189,162.02,1.0
67.0166,128.25136,37.931792,3209.8814136,-108.739,11.074,161.705,1.0
67.0333,128.251367,37.931754,3210.8793288,-108.856,10.959,161.393,1.0
67.05,128.251374,37.931716,3211.869624,-108.973,10.843,161.082,1.0
67.0666,128.251381,37.931679,3212.8519944,-109.09,10.727,160.774,1.0
67.0833,128.251388,37.931641,3213.8267448,-109.207,10.611,160.468,1.0
67.1,128.251396,37.931603,3214.7938752,-109.323,10.494,160.164,1.0
67.1166,128.251403,37.931566,3215.7527760000003,-109.439,10.376,159.862,1.0
67.1333,128.251411,37.931528,3216.7040568,-109.555,10.259,159.561,1.0
67.15,128.251419,37.931491,3217.6474128,-109.669,10.14,159.263,1.0
67.1666,128.251428,37.931453,3218.5828440000005,-109.782,10.022,158.966,1.0
67.1833,128.251436,37.931415,3219.5103504000003,-109.894,9.902,158.67,1.0
67.2,128.251445,37.931378,3220.4296272,-110.006,9.783,158.377,1.0
67.2166,128.251454,37.93134,3221.3406744,-110.116,9.662,158.085,1.0
67.2333,128.251463,37.931303,3222.2434920000005,-110.224,9.542,157.794,1.0
67.25,128.251472,37.931265,3223.1383848000005,-110.33,9.421,157.505,1.0
67.2666,128.251482,37.931228,3224.0247432,-110.435,9.299,157.217,1.0
67.2833,128.251492,37.931191,3224.902872,-110.537,9.177,156.931,1.0
67.3,128.251502,37.931153,3225.7727712000005,-110.638,9.055,156.646,1.0
67.3166,128.251512,37.931116,3226.634136,-110.738,8.931,156.362,1.0
67.3333,128.251522,37.931079,3227.4869664000003,-110.834,8.808,156.08,1.0
67.35,128.251533,37.931041,3228.3315672,-110.928,8.684,155.799,1.0
67.3666,128.251544,37.931004,3229.1676336,-111.02,8.56,155.519,1.0
67.3833,128.251555,37.930967,3229.9948608,-111.109,8.435,155.24,1.0
67.4,128.251566,37.93093,3230.8135536,-111.196,8.31,154.963,1.0
67.4166,128.251577,37.930892,3231.6237120000005,-111.281,8.185,154.686,1.0
67.4333,128.251589,37.930855,3232.4253360000002,-111.363,8.059,154.411,1.0
67.45,128.251601,37.930818,3233.2181208,-111.443,7.933,154.136,1.0
67.4666,128.251613,37.930781,3234.0020664000003,-111.519,7.806,153.863,1.0
67.4833,128.251625,37.930744,3234.7771728000002,-111.593,7.679,153.59,1.0
67.5,128.251638,37.930707,3235.5437448,-111.665,7.552,153.318,1.0
67.5166,128.25165,37.93067,3236.3011728,-111.734,7.424,153.047,1.0
67.5333,128.251663,37.930633,3237.0497616000002,-111.801,7.296,152.777,1.0
67.55,128.251676,37.930596,3237.7895112,-111.864,7.168,152.508,1.0
67.5666,128.251689,37.930559,3238.5204215999997,-111.925,7.04,152.24,1.0
67.5833,128.251703,37.930523,3239.242188,-111.984,6.911,151.972,1.0
67.6,128.251717,37.930486,3239.9548104,-112.04,6.782,151.705,1.0
67.6166,128.251731,37.930449,3240.6585936,-112.094,6.652,151.439,1.0
67.6333,128.251745,37.930412,3241.3532328000006,-112.145,6.523,151.174,1.0
67.65,128.251759,37.930376,3242.0387280000004,-112.193,6.393,150.909,1.0
67.6666,128.251774,37.930339,3242.715384,-112.239,6.263,150.645,1.0
67.6833,128.251788,37.930303,3243.3825912,-112.282,6.133,150.382,1.0
67.7,128.251803,37.930266,3244.0406544,-112.323,6.003,150.119,1.0
67.7166,128.251818,37.93023,3244.6895736000006,-112.362,5.872,149.856,1.0
67.7333,128.251834,37.930193,3245.3293488000004,-112.398,5.742,149.595,1.0
67.75,128.251849,37.930157,3245.95998,-112.432,5.611,149.333,1.0
67.7666,128.251865,37.930121,3246.5811624000003,-112.463,5.48,149.073,1.0
67.7833,128.251881,37.930084,3247.1932008000003,-112.492,5.35,148.812,1.0
67.8,128.251897,37.930048,3247.7957904,-112.519,5.218,148.553,1.0
67.8166,128.251914,37.930012,3248.3889312,-112.544,5.087,148.293,1.0
67.8333,128.25193,37.929976,3248.972928,-112.567,4.956,148.034,1.0
67.85,128.251947,37.92994,3249.5477808,-112.587,4.825,147.776,1.0
67.8666,128.251964,37.929904,3250.11288,-112.604,4.694,147.518,1.0
67.8833,128.251981,37.929868,3250.6688352000006,-112.62,4.562,147.26,1.0
67.9,128.251999,37.929832,3251.2153416000006,-112.633,4.431,147.003,1.0
67.9166,128.252016,37.929796,3251.7523992,-112.645,4.3,146.746,1.0
67.9333,128.252034,37.929761,3252.2800079999997,-112.654,4.168,146.489,1.0
67.95,128.252052,37.929725,3252.7981680000003,-112.661,4.037,146.232,1.0
67.9666,128.25207,37.929689,3253.3071840000002,-112.666,3.906,145.976,1.0
67.9833,128.252088,37.929654,3253.8064464000004,-112.668,3.775,145.72,1.0
68.0,128.252107,37.929618,3254.2962600000005,-112.668,3.644,145.465,1.0
68.0166,128.252126,37.929583,3254.7766248000003,-112.667,3.513,145.21,1.0
68.0333,128.252145,37.929547,3255.2475408,-112.663,3.382,144.954,1.0
68.05,128.252164,37.929512,3255.709008,-112.657,3.251,144.7,1.0
68.0666,128.252183,37.929477,3256.1607215999998,-112.649,3.12,144.445,1.0
68.0833,128.252203,37.929442,3256.6032912,-112.638,2.989,144.19,1.0
68.1,128.252223,37.929406,3257.0361072,-112.626,2.859,143.936,1.0
68.1166,128.252243,37.929371,3257.4594744,-112.612,2.728,143.682,1.0
68.1333,128.252263,37.929336,3257.873088,-112.595,2.598,143.428,1.0
68.15,128.252283,37.929301,3258.2775576000004,-112.576,2.468,143.174,1.0
68.1666,128.252304,37.929267,3258.6722736,-112.554,2.338,142.92,1.0
68.1833,128.252324,37.929232,3259.0575408,-112.531,2.209,142.667,1.0
68.2,128.252345,37.929197,3259.4333592000003,-112.506,2.079,142.413,1.0
68.2166,128.252367,37.929162,3259.799424,-112.478,1.95,142.16,1.0
68.2333,128.252388,37.929128,3260.1563448,-112.449,1.821,141.907,1.0
68.25,128.252409,37.929093,3260.5035120000002,-112.416,1.692,141.653,1.0
68.2666,128.252431,37.929059,3260.8409256000004,-112.382,1.564,141.4,1.0
68.2833,128.252453,37.929025,3261.1691952,-112.345,1.435,141.147,1.0
68.3,128.252475,37.92899,3261.4877112,-112.307,1.307,140.894,1.0
68.3166,128.252497,37.928956,3261.7967784,-112.266,1.18,140.641,1.0
68.3333,128.25252,37.928922,3262.0963968,-112.223,1.053,140.39,1.0
68.35,128.252542,37.928888,3262.3865664000004,-112.178,0.928,140.142,1.0
68.3666,128.252565,37.928854,3262.6669824000005,-112.13,0.804,139.895,1.0
68.3833,128.252588,37.92882,3262.9382544,-112.079,0.681,139.649,1.0
68.4,128.252611,37.928786,3263.1997728,-112.027,0.558,139.404,1.0
68.4166,128.252635,37.928753,3263.4521472,-111.974,0.435,139.159,1.0
68.4333,128.252658,37.928719,3263.6950728,-111.917,0.314,138.917,1.0
68.45,128.252682,37.928685,3263.9285496,-111.858,0.195,138.679,1.0
68.4666,128.252706,37.928652,3264.1525776000003,-111.797,0.078,138.442,1.0
68.4833,128.25273,37.928619,3264.3674616000003,-111.734,-0.038,138.207,1.0
68.5,128.252754,37.928585,3264.5725920000004,-111.669,-0.155,137.972,1.0
68.5166,128.252779,37.928552,3264.7688832,-111.602,-0.27,137.738,1.0
68.5333,128.252804,37.928519,3264.9557256000003,-111.533,-0.385,137.506,1.0
68.55,128.252828,37.928486,3265.1331192000002,-111.462,-0.497,137.277,1.0
68.5666,128.252853,37.928453,3265.3013688,-111.388,-0.609,137.05,1.0
68.5833,128.252879,37.92842,3265.4604744,-111.313,-0.719,136.824,1.0
68.6,128.252904,37.928387,3265.610436,-111.236,-0.829,136.598,1.0
68.6166,128.25293,37.928355,3265.7512536,-111.158,-0.939,136.372,1.0
68.6333,128.252955,37.928322,3265.8829272000003,-111.078,-1.047,136.148,1.0
68.65,128.252981,37.928289,3266.0057616000004,-110.995,-1.154,135.926,1.0
68.6666,128.253007,37.928257,3266.1191472,-110.911,-1.26,135.706,1.0
68.6833,128.253033,37.928225,3266.2236936000004,-110.824,-1.365,135.486,1.0
68.7,128.25306,37.928192,3266.3194008000005,-110.737,-1.469,135.267,1.0
68.7166,128.253086,37.92816,3266.405964,-110.648,-1.573,135.047,1.0
68.7333,128.253113,37.928128,3266.483688,-110.557,-1.676,134.828,1.0
68.75,128.25314,37.928096,3266.5525728000002,-110.464,-1.778,134.612,1.0
68.7666,128.253167,37.928064,3266.6126184000004,-110.369,-1.878,134.397,1.0
68.7833,128.253194,37.928032,3266.6638248,-110.272,-1.978,134.182,1.0
68.8,128.253222,37.928001,3266.7064968,-110.174,-2.078,133.967,1.0
68.8166,128.253249,37.927969,3266.7400248,-110.075,-2.177,133.751,1.0
68.8333,128.253277,37.927937,3266.7653232000002,-109.974,-2.275,133.537,1.0
68.85,128.253305,37.927906,3266.7817824000003,-109.871,-2.371,133.325,1.0
68.8666,128.253333,37.927875,3266.7894024,-109.766,-2.467,133.113,1.0
68.8833,128.253361,37.927843,3266.7887928,-109.659,-2.562,132.901,1.0
68.9,128.25339,37.927812,3266.7796488000004,-109.552,-2.657,132.689,1.0
68.9166,128.253418,37.927781,3266.7616656,-109.443,-2.751,132.476,1.0
68.9333,128.253447,37.92775,3266.7357576000004,-109.332,-2.844,132.265,1.0
68.95,128.253476,37.927719,3266.7010104,-109.219,-2.936,132.055,1.0
68.9666,128.253505,37.927689,3266.6580336,-109.104,-3.028,131.845,1.0
68.9833,128.253534,37.927658,3266.6068272,-108.988,-3.118,131.635,1.0
69.0,128.253563,37.927627,3266.5473912,-108.871,-3.208,131.425,1.0
69.0166,128.253593,37.927597,3266.4794208000003,-108.752,-3.298,131.215,1.0
69.0333,128.253623,37.927566,3266.4035256,-108.632,-3.387,131.005,1.0
69.05,128.253652,37.927536,3266.3194008000005,-108.51,-3.475,130.796,1.0
69.0666,128.253682,37.927506,3266.2273511999997,-108.386,-3.562,130.587,1.0
69.0833,128.253712,37.927476,3266.1270719999998,-108.261,-3.648,130.379,1.0
69.1,128.253743,37.927446,3266.0185632000002,-108.135,-3.734,130.17,1.0
69.1166,128.253773,37.927416,3265.9021296,-108.007,-3.819,129.96,1.0
69.1333,128.253804,37.927386,3265.7780760000005,-107.878,-3.904,129.751,1.0
69.15,128.253834,37.927356,3265.6457928,-107.748,-3.987,129.543,1.0
69.1666,128.253865,37.927327,3265.5058896000005,-107.616,-4.07,129.334,1.0
69.1833,128.253896,37.927297,3265.3580616000004,-107.482,-4.153,129.126,1.0
69.2,128.253927,37.927268,3265.2023088,-107.348,-4.234,128.917,1.0
69.2166,128.253959,37.927238,3265.038936,-107.212,-4.316,128.707,1.0
69.2333,128.25399,37.927209,3264.868248,-107.075,-4.396,128.498,1.0
69.25,128.254022,37.92718,3264.6893304000005,-106.937,-4.476,128.289,1.0
69.2666,128.254053,37.927151,3264.5030976000003,-106.797,-4.555,128.08,1.0
69.2833,128.254085,37.927122,3264.3095496,-106.657,-4.633,127.871,1.0
69.3,128.254117,37.927093,3264.1080768,-106.515,-4.711,127.661,1.0
69.3166,128.25415,37.927065,3263.8992888000002,-106.373,-4.788,127.451,1.0
69.3333,128.254182,37.927036,3263.6831856,-106.229,-4.864,127.24,1.0
69.35,128.254214,37.927007,3263.4594624000006,-106.085,-4.94,127.03,1.0
69.3666,128.254247,37.926979,3263.228424,-105.94,-5.015,126.82,1.0
69.3833,128.25428,37.926951,3262.9903752,-105.794,-5.09,126.61,1.0
69.4,128.254312,37.926923,3262.7447064000003,-105.647,-5.163,126.399,1.0
69.4166,128.254345,37.926894,3262.4920272,-105.499,-5.237,126.188,1.0
69.4333,128.254379,37.926866,3262.2320328000005,-105.351,-5.309,125.976,1.0
69.45,128.254412,37.926839,3261.9650280000005,-105.203,-5.381,125.765,1.0
69.4666,128.254445,37.926811,3261.690708,-105.054,-5.452,125.553,1.0
69.4833,128.254479,37.926783,3261.4096824000003,-104.904,-5.523,125.341,1.0
69.5,128.254513,37.926756,3261.1213416000005,-104.754,-5.593,125.129,1.0
69.5166,128.254546,37.926728,3260.8262952,-104.604,-5.663,124.916,1.0
69.5333,128.25458,37.926701,3260.5242384000003,-104.453,-5.731,124.702,1.0
69.55,128.254614,37.926673,3260.2151712000004,-104.303,-5.8,124.489,1.0
69.5666,128.254649,37.926646,3259.8993984000003,-104.152,-5.867,124.275,1.0
69.5833,128.254683,37.926619,3259.5766152,-104.001,-5.934,124.061,1.0
69.6,128.254717,37.926592,3259.2471264,-103.85,-6.001,123.847,1.0
69.6166,128.254752,37.926565,3258.9112368,-103.698,-6.066,123.632,1.0
69.6333,128.254787,37.926539,3258.5683368000005,-103.547,-6.132,123.416,1.0
69.65,128.254822,37.926512,3258.2187312,-103.396,-6.196,123.201,1.0
69.6666,128.254857,37.926486,3257.8627248000003,-103.245,-6.26,122.985,1.0
69.6833,128.254892,37.926459,3257.5003176,-103.095,-6.324,122.768,1.0
69.7,128.254927,37.926433,3257.1312048000004,-102.944,-6.387,122.551,1.0
69.7166,128.254963,37.926407,3256.7553864,-102.793,-6.449,122.334,1.0
69.7333,128.254998,37.926381,3256.3734719999998,-102.643,-6.511,122.116,1.0
69.75,128.255034,37.926355,3255.984852,-102.493,-6.572,121.897,1.0
69.7666,128.25507,37.926329,3255.5901360000003,-102.343,-6.632,121.678,1.0
69.7833,128.255105,37.926303,3255.1890192000005,-102.194,-6.693,121.459,1.0
69.8,128.255142,37.926278,3254.7818064000003,-102.045,-6.752,121.239,1.0
69.8166,128.255178,37.926252,3254.3681928,-101.896,-6.811,121.018,1.0
69.8333,128.255214,37.926227,3253.9481784000004,-101.747,-6.869,120.797,1.0
69.85,128.25525,37.926201,3253.5223728,-101.6,-6.927,120.576,1.0
69.8666,128.255287,37.926176,3253.0901664000003,-101.452,-6.985,120.354,1.0
69.8833,128.255324,37.926151,3252.6521688000003,-101.305,-7.042,120.131,1.0
69.9,128.25536,37.926126,3252.2077704000003,-101.159,-7.098,119.908,1.0
69.9166,128.255397,37.926102,3251.7575808,-101.012,-7.154,119.684,1.0
69.9333,128.255434,37.926077,3251.3012952,-100.867,-7.209,119.46,1.0
69.95,128.255472,37.926052,3250.8392184000004,-100.722,-7.264,119.235,1.0
69.9666,128.255509,37.926028,3250.3713504,-100.578,-7.318,119.009,1.0
69.9833,128.255546,37.926003,3249.8973864,-100.435,-7.372,118.783,1.0
70.0,128.255584,37.925979,3249.4176312,-100.292,-7.425,118.556,1.0
70.0166,128.255621,37.925955,3248.9323896000005,-100.149,-7.478,118.329,1.0
70.0333,128.255659,37.925931,3248.441052,-100.008,-7.53,118.102,1.0
70.05,128.255697,37.925907,3247.9442280000003,-99.867,-7.582,117.873,1.0
70.0666,128.255735,37.925884,3247.4416128,-99.727,-7.634,117.644,1.0
70.0833,128.255773,37.92586,3246.9332064,-99.588,-7.685,117.414,1.0
70.1,128.255811,37.925836,3246.4193136000004,-99.45,-7.735,117.184,1.0
70.1166,128.25585,37.925813,3245.8999344000003,-99.312,-7.785,116.953,1.0
70.1333,128.255888,37.92579,3245.3750688000005,-99.175,-7.834,116.722,1.0
70.15,128.255927,37.925767,3244.8444120000004,-99.039,-7.883,116.49,1.0
70.1666,128.255965,37.925744,3244.3085736000003,-98.905,-7.932,116.257,1.0
70.1833,128.256004,37.925721,3243.7672488000003,-98.771,-7.98,116.023,1.0
70.2,128.256043,37.925698,3243.2204376,-98.637,-8.028,115.789,1.0
70.2166,128.256082,37.925675,3242.6684448,-98.505,-8.075,115.555,1.0
70.2333,128.256121,37.925653,3242.1109656,-98.373,-8.122,115.32,1.0
70.25,128.256161,37.92563,3241.5483048,-98.243,-8.168,115.084,1.0
70.2666,128.2562,37.925608,3240.9801576000004,-98.113,-8.214,114.847,1.0
70.2833,128.256239,37.925586,3240.4071336,-97.985,-8.26,114.609,1.0
70.3,128.256279,37.925564,3239.8286232000005,-97.857,-8.305,114.371,1.0
70.3166,128.256319,37.925542,3239.2449312,-97.73,-8.349,114.133,1.0
70.3333,128.256359,37.92552,3238.6563624000005,-97.604,-8.393,113.894,1.0
70.35,128.256399,37.925498,3238.062612,-97.479,-8.437,113.654,1.0
70.3666,128.256439,37.925477,3237.4636800000003,-97.356,-8.481,113.413,1.0
70.3833,128.256479,37.925456,3236.8598712000003,-97.233,-8.524,113.171,1.0
70.4,128.256519,37.925434,3236.2508808,-97.111,-8.567,112.929,1.0
70.4166,128.256559,37.925413,3235.6370136,-96.989,-8.609,112.687,1.0
70.4333,128.2566,37.925392,3235.0182696,-96.869,-8.651,112.443,1.0
70.45,128.256641,37.925371,3234.3946488000006,-96.75,-8.692,112.199,1.0
70.4666,128.256681,37.925351,3233.7658464000006,-96.633,-8.734,111.953,1.0
70.4833,128.256722,37.92533,3233.132472,-96.516,-8.775,111.707,1.0
70.5,128.256763,37.925309,3232.4942208,-96.4,-8.815,111.46,1.0
70.5166,128.256804,37.925289,3231.8513976,-96.284,-8.855,111.214,1.0
70.5333,128.256845,37.925269,3231.2033928,-96.17,-8.895,110.966,1.0
70.55,128.256886,37.925249,3230.5511208000003,-96.057,-8.934,110.717,1.0
70.5666,128.256928,37.925229,3229.893972,-95.945,-8.973,110.466,1.0
70.5833,128.256969,37.925209,3229.2319464,-95.834,-9.012,110.216,1.0
70.6,128.257011,37.925189,3228.5656536,-95.723,-9.05,109.965,1.0
70.6166,128.257052,37.92517,3227.894484,-95.614,-9.088,109.714,1.0
70.6333,128.257094,37.925151,3227.2187424,-95.505,-9.126,109.461,1.0
70.65,128.257136,37.925131,3226.5384288,-95.398,-9.163,109.207,1.0
70.6666,128.257178,37.925112,3225.853848,-95.292,-9.2,108.952,1.0
70.6833,128.25722,37.925093,3225.1646952,-95.187,-9.237,108.697,1.0
70.7,128.257262,37.925074,3224.4709704,-95.082,-9.274,108.441,1.0
70.7166,128.257304,37.925056,3223.7726736000004,-94.979,-9.309,108.185,1.0
70.7333,128.257346,37.925037,3223.0701096000003,-94.876,-9.345,107.928,1.0
70.75,128.257389,37.925019,3222.3632784000006,-94.775,-9.381,107.669,1.0
70.7666,128.257431,37.925,3221.6521800000005,-94.675,-9.416,107.409,1.0
70.7833,128.257474,37.924982,3220.9365096,-94.575,-9.451,107.149,1.0
70.8,128.257517,37.924964,3220.216572,-94.477,-9.486,106.889,1.0
70.8166,128.25756,37.924946,3219.4923672,-94.379,-9.52,106.628,1.0
70.8333,128.257603,37.924929,3218.7638952,-94.282,-9.554,106.366,1.0
70.85,128.257646,37.924911,3218.0314608,-94.186,-9.587,106.102,1.0
70.8666,128.257689,37.924894,3217.2944544,-94.092,-9.621,105.837,1.0
70.8833,128.257732,37.924877,3216.5534856,-93.998,-9.654,105.572,1.0
70.9,128.257775,37.924859,3215.8085544,-93.905,-9.687,105.307,1.0
70.9166,128.257818,37.924842,3215.0593559999998,-93.813,-9.719,105.042,1.0
70.9333,128.257862,37.924826,3214.3058904,-93.722,-9.752,104.775,1.0
70.95,128.257906,37.924809,3213.5487672,-93.632,-9.784,104.507,1.0
70.9666,128.257949,37.924792,3212.7873768,-93.542,-9.816,104.237,1.0
70.9833,128.257993,37.924776,3212.0217192000005,-93.454,-9.847,103.967,1.0
71.0,128.258037,37.92476,3211.252404,-93.367,-9.878,103.698,1.0
71.0166,128.258081,37.924744,3210.4791264,-93.28,-9.909,103.428,1.0
71.0333,128.258125,37.924728,3209.7018864,-93.194,-9.94,103.156,1.0
71.05,128.258169,37.924712,3208.920684,-93.109,-9.97,102.883,1.0
71.0666,128.258213,37.924696,3208.1355192000005,-93.025,-10.001,102.609,1.0
71.0833,128.258257,37.924681,3207.3466968,-92.942,-10.031,102.335,1.0
71.1,128.258301,37.924666,3206.5539120000003,-92.859,-10.061,102.061,1.0
71.1166,128.258346,37.924651,3205.7574696,-92.778,-10.09,101.786,1.0
71.1333,128.25839,37.924636,3204.9570648,-92.697,-10.119,101.51,1.0
71.15,128.258435,37.924621,3204.1530024000003,-92.617,-10.148,101.233,1.0
71.1666,128.25848,37.924606,3203.3449776,-92.538,-10.177,100.955,1.0
71.1833,128.258524,37.924592,3202.5336,-92.459,-10.206,100.676,1.0
71.2,128.258569,37.924577,3201.7182600000006,-92.381,-10.234,100.397,1.0
71.2166,128.258614,37.924563,3200.8992624,-92.304,-10.262,100.119,1.0
71.2333,128.258659,37.924549,3200.0769120000004,-92.228,-10.29,99.839,1.0
71.25,128.258704,37.924535,3199.2505992,-92.152,-10.317,99.557,1.0
71.2666,128.258749,37.924521,3198.4209336,-92.077,-10.345,99.275,1.0
71.2833,128.258794,37.924508,3197.5876104,-92.003,-10.372,98.992,1.0
71.3,128.25884,37.924494,3196.7506296,-91.929,-10.399,98.709,1.0
71.3166,128.258885,37.924481,3195.9102960000005,-91.856,-10.426,98.427,1.0
71.3333,128.25893,37.924468,3195.0663048,-91.784,-10.452,98.143,1.0
71.35,128.258976,37.924455,3194.2189608,-91.712,-10.478,97.857,1.0
71.3666,128.259021,37.924443,3193.368264,-91.641,-10.505,97.571,1.0
71.3833,128.259067,37.92443,3192.5139096000003,-91.571,-10.531,97.284,1.0
71.4,128.259113,37.924418,3191.6562024,-91.501,-10.556,96.998,1.0
71.4166,128.259159,37.924405,3190.7951424,-91.432,-10.582,96.711,1.0
71.4333,128.259204,37.924393,3189.9307296,-91.363,-10.607,96.423,1.0
71.45,128.25925,37.924381,3189.0626592000003,-91.295,-10.632,96.134,1.0
71.4666,128.259296,37.92437,3188.1915408,-91.228,-10.657,95.844,1.0
71.4833,128.259342,37.924358,3187.3173744,-91.161,-10.682,95.553,1.0
71.5,128.259388,37.924347,3186.4395504000004,-91.095,-10.706,95.263,1.0
71.5166,128.259434,37.924335,3185.5586784000006,-91.029,-10.73,94.972,1.0
71.5333,128.259481,37.924324,3184.6744536,-90.964,-10.754,94.681,1.0
71.55,128.259527,37.924314,3183.7868760000006,-90.899,-10.778,94.388,1.0
71.5666,128.259573,37.924303,3182.8962504,-90.835,-10.802,94.094,1.0
71.5833,128.25962,37.924292,3182.0025768,-90.771,-10.825,93.8,1.0
71.6,128.259666,37.924282,3181.1055504,-90.708,-10.849,93.506,1.0
71.6166,128.259713,37.924272,3180.2054760000005,-90.645,-10.872,93.212,1.0
71.6333,128.259759,37.924262,3179.3023536,-90.583,-10.895,92.918,1.0
71.65,128.259806,37.924252,3178.3961832,-90.521,-10.917,92.623,1.0
71.6666,128.259853,37.924242,3177.4869648,-90.46,-10.94,92.327,1.0
71.6833,128.259899,37.924233,3176.5746984,-90.4,-10.962,92.032,1.0
71.7,128.259946,37.924224,3175.6590792,-90.339,-10.985,91.737,1.0
71.7166,128.259993,37.924214,3174.7410216,-90.28,-11.007,91.442,1.0
71.7333,128.26004,37.924205,3173.8196112,-90.221,-11.028,91.147,1.0
71.75,128.260087,37.924197,3172.8951528000002,-90.162,-11.05,90.853,1.0
71.7666,128.260134,37.924188,3171.9679512,-90.105,-11.071,90.56,1.0
71.7833,128.260181,37.92418,3171.0380064,-90.048,-11.093,90.267,1.0
71.8,128.260228,37.924171,3170.1050136000003,-89.991,-11.114,89.974,1.0
71.8166,128.260275,37.924163,3169.1689728,-89.935,-11.135,89.681,1.0
71.8333,128.260322,37.924156,3168.2301888,-89.879,-11.156,89.389,1.0
71.85,128.260369,37.924148,3167.2886616,-89.825,-11.176,89.097,1.0
71.8666,128.260416,37.92414,3166.3443912000002,-89.771,-11.197,88.806,1.0
71.8833,128.260464,37.924133,3165.3970728000004,-89.717,-11.217,88.515,1.0
71.9,128.260511,37.924126,3164.4470112,-89.664,-11.237,88.224,1.0
71.9166,128.260558,37.924119,3163.4942064,-89.612,-11.257,87.933,1.0
71.9333,128.260606,37.924112,3162.5389632,-89.56,-11.277,87.643,1.0
71.95,128.260653,37.924106,3161.580672,-89.509,-11.297,87.353,1.0
71.9666,128.2607,37.924099,3160.6199424,-89.458,-11.317,87.063,1.0
71.9833,128.260748,37.924093,3159.6561647999997,-89.408,-11.337,86.773,1.0
72.0,128.260795,37.924087,3158.6899488000004,-89.359,-11.356,86.484,1.0
72.0166,128.260843,37.924081,3157.7212944,-89.31,-11.375,86.194,1.0
72.0333,128.26089,37.924075,3156.7495920000006,-89.262,-11.394,85.905,1.0
72.05,128.260938,37.92407,3155.775756,-89.214,-11.413,85.617,1.0
72.0666,128.260986,37.924065,3154.798872,-89.167,-11.432,85.328,1.0
72.0833,128.261033,37.924059,3153.8195496,-89.121,-11.451,85.039,1.0
72.1,128.261081,37.924054,3152.8377888,-89.075,-11.47,84.751,1.0
72.1166,128.261129,37.92405,3151.8535896000003,-89.029,-11.488,84.463,1.0
72.1333,128.261176,37.924045,3150.8666472,-88.984,-11.507,84.175,1.0
72.15,128.261224,37.924041,3149.8772664000003,-88.94,-11.525,83.887,1.0
72.1666,128.261272,37.924037,3148.8854472,-88.897,-11.544,83.599,1.0
72.1833,128.26132,37.924033,3147.8911896000004,-88.854,-11.562,83.311,1.0
72.2,128.261367,37.924029,3146.8944936000003,-88.811,-11.58,83.023,1.0
72.2166,128.261415,37.924025,3145.8953592000003,-88.768,-11.598,82.736,1.0
72.2333,128.261463,37.924022,3144.8937864,-88.727,-11.616,82.448,1.0
72.25,128.261511,37.924018,3143.8897752000003,-88.686,-11.633,82.161,1.0
72.2666,128.261559,37.924015,3142.8833256000003,-88.645,-11.651,81.874,1.0
72.2833,128.261607,37.924012,3141.8744376,-88.605,-11.669,81.586,1.0
72.3,128.261654,37.92401,3140.863416,-88.565,-11.686,81.299,1.0
72.3166,128.261702,37.924007,3139.849956,-88.526,-11.704,81.012,1.0
72.3333,128.26175,37.924005,3138.8340576000005,-88.487,-11.721,80.725,1.0
72.35,128.261798,37.924003,3137.8160256,-88.449,-11.738,80.438,1.0
72.3666,128.261846,37.924001,3136.7955552000003,-88.412,-11.756,80.151,1.0
72.3833,128.261894,37.923999,3135.7729512,-88.374,-11.773,79.865,1.0
72.4,128.261942,37.923998,3134.7479088,-88.337,-11.79,79.578,1.0
72.4166,128.26199,37.923996,3133.7207328000004,-88.301,-11.807,79.291,1.0
72.4333,128.262038,37.923995,3132.6914232000004,-88.265,-11.824,79.004,1.0
72.45,128.262086,37.923994,3131.6596752,-88.229,-11.841,78.718,1.0
72.4666,128.262133,37.923993,3130.6257936,-88.194,-11.857,78.431,1.0
72.4833,128.262181,37.923992,3129.5897784000003,-88.159,-11.874,78.144,1.0
72.5,128.262229,37.923992,3128.5516296,-88.124,-11.891,77.858,1.0
72.5166,128.262277,37.923992,3127.5110424,-88.09,-11.907,77.571,1.0
72.5333,128.262325,37.923992,3126.4686263999997,-88.056,-11.924,77.285,1.0
72.55,128.262373,37.923992,3125.423772,-88.023,-11.94,76.998,1.0
72.5666,128.262421,37.923992,3124.376784,-87.99,-11.957,76.712,1.0
72.5833,128.262469,37.923993,3123.3279672,-87.957,-11.973,76.425,1.0
72.6,128.262517,37.923993,3122.2767120000003,-87.925,-11.989,76.139,1.0
72.6166,128.262564,37.923994,3121.223628,-87.892,-12.006,75.852,1.0
72.6333,128.262612,37.923995,3120.1684104,-87.86,-12.022,75.566,1.0
72.65,128.26266,37.923996,3119.1110592,-87.829,-12.038,75.279,1.0
72.6666,128.262708,37.923998,3118.0515744,-87.798,-12.054,74.993,1.0
72.6833,128.262756,37.924,3116.9902608,-87.767,-12.07,74.706,1.0
72.7,128.262803,37.924001,3115.9268136,-87.737,-12.086,74.42,1.0
72.7166,128.262851,37.924003,3114.8612328000004,-87.706,-12.102,74.133,1.0
72.7333,128.262899,37.924006,3113.7938232,-87.676,-12.118,73.846,1.0
72.75,128.262947,37.924008,3112.7245848000002,-87.647,-12.133,73.56,1.0
72.7666,128.262994,37.92401,3111.652908,-87.617,-12.149,73.273,1.0
72.7833,128.263042,37.924013,3110.5797072,-87.588,-12.165,72.987,1.0
72.8,128.26309,37.924016,3109.5043728,-87.559,-12.18,72.7,1.0
72.8166,128.263137,37.924019,3108.4269048,-87.53,-12.196,72.414,1.0
72.8333,128.263185,37.924023,3107.347608,-87.502,-12.211,72.127,1.0
72.85,128.263232,37.924026,3106.2664824000003,-87.474,-12.227,71.841,1.0
72.8666,128.26328,37.92403,3105.1835280000005,-87.446,-12.242,71.554,1.0
72.8833,128.263328,37.924034,3104.0984399999998,-87.418,-12.258,71.267,1.0
72.9,128.263375,37.924038,3103.0115232000003,-87.39,-12.273,70.981,1.0
72.9166,128.263422,37.924042,3101.9227776000002,-87.363,-12.288,70.694,1.0
72.9333,128.26347,37.924046,3100.8318984000002,-87.335,-12.304,70.407,1.0
72.95,128.263517,37.924051,3099.7394952,-87.308,-12.319,70.121,1.0
72.9666,128.263565,37.924056,3098.6449584,-87.282,-12.334,69.834,1.0
72.9833,128.263612,37.924061,3097.5488976,-87.255,-12.349,69.547,1.0
73.0,128.263659,37.924066,3096.4507032000006,-87.229,-12.364,69.26,1.0
73.0166,128.263706,37.924071,3095.3509848000003,-87.202,-12.379,68.973,1.0
73.0333,128.263754,37.924077,3094.2494376,-87.176,-12.394,68.687,1.0
73.05,128.263801,37.924083,3093.1457568,-87.151,-12.409,68.4,1.0
73.0666,128.263848,37.924089,3092.040552,-87.125,-12.424,68.113,1.0
73.0833,128.263895,37.924095,3090.9335184,-87.099,-12.439,67.826,1.0
73.1,128.263942,37.924101,3089.824656,-87.074,-12.453,67.539,1.0
73.1166,128.263989,37.924108,3088.7142696,-87.049,-12.468,67.252,1.0
73.1333,128.264036,37.924114,3087.6017496,-87.024,-12.483,66.965,1.0
73.15,128.264083,37.924121,3086.4877056000005,-86.999,-12.497,66.678,1.0
73.1666,128.264129,37.924128,3085.3718328000004,-86.974,-12.512,66.391,1.0
73.1833,128.264176,37.924135,3084.254436,-86.95,-12.527,66.104,1.0
73.2,128.264223,37.924143,3083.1352104,-86.925,-12.541,65.817,1.0
73.2166,128.264269,37.92415,3082.0141559999997,-86.901,-12.556,65.53,1.0
73.2333,128.264316,37.924158,3080.8915776000003,-86.877,-12.57,65.242,1.0
73.25,128.264363,37.924166,3079.7671704,-86.853,-12.584,64.955,1.0
73.2666,128.264409,37.924174,3078.6412392,-86.829,-12.599,64.668,1.0
73.2833,128.264456,37.924182,3077.5134792,-86.805,-12.613,64.381,1.0
73.3,128.264502,37.924191,3076.3841952000002,-86.782,-12.627,64.094,1.0
73.3166,128.264548,37.9242,3075.2530824000005,-86.758,-12.641,63.806,1.0
73.3333,128.264594,37.924209,3074.1204456,-86.735,-12.655,63.519,1.0
73.35,128.264641,37.924218,3072.9859800000004,-86.711,-12.67,63.232,1.0
73.3666,128.264687,37.924227,3071.8502952,-86.688,-12.684,62.944,1.0
73.3833,128.264733,37.924236,3070.7127816,-86.665,-12.698,62.657,1.0
73.4,128.264779,37.924246,3069.5734392000004,-86.642,-12.711,62.369,1.0
73.4166,128.264825,37.924256,3068.4328776,-86.619,-12.725,62.081,1.0
73.4333,128.264871,37.924266,3067.2904872000004,-86.597,-12.739,61.794,1.0
73.45,128.264916,37.924276,3066.1465728000003,-86.574,-12.753,61.506,1.0
73.4666,128.264962,37.924286,3065.0011344000004,-86.552,-12.767,61.219,1.0
73.4833,128.265008,37.924297,3063.854172,-86.529,-12.78,60.931,1.0
73.5,128.265053,37.924307,3062.7053808,-86.507,-12.794,60.643,1.0
73.5166,128.265099,37.924318,3061.5553704000004,-86.484,-12.808,60.355,1.0
73.5333,128.265144,37.924329,3060.4035312,-86.462,-12.821,60.068,1.0
73.55,128.26519,37.92434,3059.2504728000004,-86.44,-12.835,59.78,1.0
73.5666,128.265235,37.924352,3058.0955856,-86.418,-12.848,59.492,1.0
73.5833,128.26528,37.924363,3056.9394792000003,-86.396,-12.862,59.204,1.0
73.6,128.265325,37.924375,3055.7818488000003,-86.375,-12.875,58.916,1.0
73.6166,128.26537,37.924387,3054.6223896000006,-86.353,-12.888,58.628,1.0
73.6333,128.265415,37.924399,3053.4617112,-86.331,-12.901,58.34,1.0
73.65,128.26546,37.924412,3052.2995088000002,-86.31,-12.915,58.052,1.0
73.6666,128.265505,37.924424,3051.1357824,-86.288,-12.928,57.764,1.0
73.6833,128.265549,37.924437,3049.9705320000003,-86.267,-12.941,57.476,1.0
73.7,128.265594,37.924449,3048.8037576,-86.245,-12.954,57.188,1.0
73.7166,128.265639,37.924462,3047.635764,-86.224,-12.967,56.9,1.0
73.7333,128.265683,37.924476,3046.4662464000003,-86.203,-12.98,56.612,1.0
73.75,128.265727,37.924489,3045.2952048,-86.181,-12.993,56.323,1.0
73.7666,128.265772,37.924503,3044.1226392000003,-86.16,-13.006,56.035,1.0
73.7833,128.265816,37.924516,3042.9488544,-86.139,-13.018,55.747,1.0
73.8,128.26586,37.92453,3041.7735456,-86.118,-13.031,55.458,1.0
73.8166,128.265904,37.924544,3040.5970176,-86.097,-13.044,55.17,1.0
73.8333,128.265948,37.924558,3039.4189656,-86.076,-13.056,54.881,1.0
73.85,128.265991,37.924573,3038.2396943999997,-86.054,-13.069,54.593,1.0
73.8666,128.266035,37.924587,3037.0585944,-86.033,-13.081,54.304,1.0
73.8833,128.266079,37.924602,3035.87658,-86.012,-13.094,54.016,1.0
73.9,128.266122,37.924617,3034.6930416000005,-85.991,-13.106,53.727,1.0
73.9166,128.266166,37.924632,3033.5079792,-85.97,-13.118,53.439,1.0
73.9333,128.266209,37.924647,3032.3216976000003,-85.949,-13.131,53.15,1.0
73.95,128.266252,37.924663,3031.1341967999997,-85.928,-13.143,52.861,1.0
73.9666,128.266295,37.924678,3029.945172,-85.907,-13.155,52.573,1.0
73.9833,128.266338,37.924694,3028.7549280000003,-85.886,-13.167,52.284,1.0
74.0,128.266381,37.92471,3027.56316,-85.865,-13.179,51.995,1.0
74.0166,128.266424,37.924726,3026.3701728,-85.844,-13.191,51.706,1.0
74.0333,128.266466,37.924743,3025.1759664,-85.823,-13.203,51.417,1.0
74.05,128.266509,37.924759,3023.9805408,-85.802,-13.215,51.129,1.0
74.0666,128.266551,37.924776,3022.7835912,-85.781,-13.226,50.84,1.0
74.0833,128.266594,37.924792,3021.5854224,-85.76,-13.238,50.551,1.0
74.1,128.266636,37.924809,3020.3860344000004,-85.739,-13.25,50.262,1.0
74.1166,128.266678,37.924826,3019.1854272,-85.718,-13.261,49.973,1.0
74.1333,128.26672,37.924844,3017.9836008,-85.697,-13.273,49.684,1.0
74.15,128.266762,37.924861,3016.7802504,-85.676,-13.284,49.395,1.0
74.1666,128.266804,37.924879,3015.5756808,-85.655,-13.296,49.105,1.0
74.1833,128.266845,37.924897,3014.3701968,-85.633,-13.307,48.816,1.0
74.2,128.266887,37.924915,3013.1631888,-85.612,-13.318,48.527,1.0
74.2166,128.266928,37.924933,3011.9549616000004,-85.591,-13.329,48.238,1.0
74.2333,128.266969,37.924951,3010.7455151999998,-85.57,-13.34,47.949,1.0
74.25,128.267011,37.924969,3009.5351544,-85.549,-13.351,47.659,1.0
74.2666,128.267052,37.924988,3008.3232696,-85.527,-13.362,47.37,1.0
74.2833,128.267093,37.925007,3007.1101656,-85.506,-13.373,47.081,1.0
74.3,128.267133,37.925026,3005.8961472,-85.485,-13.384,46.791,1.0
74.3166,128.267174,37.925045,3004.6806048000003,-85.463,-13.394,46.502,1.0
74.3333,128.267215,37.925064,3003.464148,-85.442,-13.405,46.212,1.0
74.35,128.267255,37.925083,3002.246472,-85.421,-13.416,45.923,1.0
74.3666,128.267295,37.925103,3001.0275768,-85.399,-13.426,45.633,1.0
74.3833,128.267335,37.925123,2999.8074624000005,-85.378,-13.436,45.344,1.0
74.4,128.267375,37.925143,2998.5864336,-85.356,-13.447,45.054,1.0
74.4166,128.267415,37.925163,2997.3641856,-85.334,-13.457,44.765,1.0
74.4333,128.267455,37.925183,2996.139804,-85.214,-13.455,44.482,1.0
74.45,128.267495,37.925203,2994.914508,-85.0,-13.442,44.205,1.0
74.4666,128.267534,37.925224,2993.6879928,-84.688,-13.421,43.933,1.0
74.4833,128.267574,37.925244,2992.4602584,-84.276,-13.395,43.663,1.0
74.5,128.267613,37.925265,2991.2316096000004,-83.766,-13.366,43.394,1.0
74.5166,128.267652,37.925286,2990.0017416000005,-83.16,-13.334,43.125,1.0
74.5333,128.267691,37.925307,2988.7709592,-82.461,-13.3,42.857,1.0
74.55,128.26773,37.925328,2987.5392624000006,-81.676,-13.262,42.588,1.0
74.5666,128.26777,37.925349,2986.3063464,-80.807,-13.22,42.32,1.0
74.5833,128.267808,37.92537,2985.0734304000002,-79.865,-13.174,42.053,1.0
74.6,128.267847,37.925392,2983.8402096000004,-78.863,-13.124,41.787,1.0
74.6166,128.267886,37.925413,2982.6069888,-77.811,-13.072,41.524,1.0
74.6333,128.267925,37.925435,2981.3734632,-76.696,-13.015,41.279,1.0
74.65,128.267963,37.925457,2980.1399376,-75.525,-12.957,41.067,1.0
74.6666,128.268002,37.925479,2978.9067168,-74.304,-12.904,40.904,1.0
74.6833,128.26804,37.9255,2977.6738008,-73.037,-12.859,40.801,1.0
74.7,128.268078,37.925523,2976.4411896000006,-71.729,-12.829,40.766,1.0
74.7166,128.268117,37.925545,2975.2094928,-70.379,-12.81,40.788,1.0
74.7333,128.268155,37.925567,2973.9784056000003,-68.985,-12.801,40.85,1.0
74.75,128.268193,37.925589,2972.7479280000002,-67.544,-12.797,40.937,1.0
74.7666,128.268231,37.925612,2971.5186696,-66.055,-12.793,41.035,1.0
74.7833,128.268269,37.925634,2970.2906304000003,-64.517,-12.788,41.136,1.0
74.8,128.268307,37.925657,2969.0635056000006,-62.93,-12.782,41.24,1.0
74.8166,128.268345,37.92568,2967.8379048,-61.293,-12.774,41.345,1.0
74.8333,128.268383,37.925703,2966.6135232,-59.608,-12.765,41.452,1.0
74.85,128.268421,37.925725,2965.3903608,-57.875,-12.755,41.561,1.0
74.8666,128.268458,37.925748,2964.1687224,-56.094,-12.745,41.673,1.0
74.8833,128.268496,37.925772,2962.9483032000003,-54.264,-12.735,41.786,1.0
74.9,128.268534,37.925795,2961.7294079999997,-52.386,-12.724,41.902,1.0
74.9166,128.268571,37.925818,2960.5120368000003,-50.459,-12.714,42.02,1.0
74.9333,128.268609,37.925841,2959.2958848000003,-48.481,-12.705,42.141,1.0
74.95,128.268647,37.925864,2958.0809520000003,-46.453,-12.696,42.265,1.0
74.9666,128.268684,37.925888,2956.8672384,-44.373,-12.687,42.39,1.0
74.9833,128.268722,37.925911,2955.6547440000004,-42.24,-12.679,42.516,1.0
75.0,128.26876,37.925935,2954.4431640000003,-40.054,-12.671,42.644,1.0
75.0166,128.268797,37.925958,2953.2324984,-37.815,-12.662,42.775,1.0
75.0333,128.268835,37.925982,2952.0224424,-35.525,-12.653,42.909,1.0
75.05,128.268872,37.926006,2950.812996,-33.185,-12.644,43.047,1.0
75.0666,128.26891,37.92603,2949.6035496,-30.794,-12.634,43.191,1.0
75.0833,128.268948,37.926053,2948.3944079999997,-28.354,-12.624,43.341,1.0
75.1,128.268985,37.926077,2947.1849616000004,-25.864,-12.615,43.499,1.0
75.1166,128.269023,37.926101,2945.9749056000005,-23.325,-12.605,43.664,1.0
75.1333,128.26906,37.926125,2944.7645448,-20.735,-12.581,43.831,1.0
75.15,128.269098,37.926149,2943.554184,-18.094,-12.529,43.997,1.0
75.1666,128.269136,37.926173,2942.3435184,-15.401,-12.438,44.161,1.0
75.1833,128.269173,37.926197,2941.1322432,-12.658,-12.319,44.328,1.0
75.2,128.269211,37.926221,2939.9200536,-9.866,-12.183,44.504,1.0
75.2166,128.269249,37.926245,2938.7069496,-7.026,-12.041,44.691,1.0
75.2333,128.269286,37.926269,2937.4935408,-4.14,-11.878,44.889,1.0
75.25,128.269324,37.926293,2936.2798272,-1.208,-11.684,45.098,1.0
75.2666,128.269362,37.926318,2935.065504,1.766,-11.468,45.32,1.0
75.2833,128.2694,37.926342,2933.8505712,4.783,-11.244,45.557,1.0
75.3,128.269437,37.926366,2932.6356384,7.839,-11.022,45.809,1.0
75.3166,128.269475,37.926391,2931.4207056000005,10.926,-10.807,46.072,1.0
75.3333,128.269513,37.926415,2930.2069920000004,14.039,-10.584,46.352,1.0
75.35,128.269551,37.926439,2928.9948024,17.172,-10.339,46.65,1.0
75.3666,128.269589,37.926464,2927.7841368000004,20.322,-10.081,46.968,1.0
75.3833,128.269627,37.926488,2926.5746904000002,23.484,-9.821,47.301,1.0
75.4,128.269665,37.926512,2925.3670728,26.659,-9.569,47.646,1.0
75.4166,128.269703,37.926537,2924.1612840000003,29.843,-9.33,47.999,1.0
75.4333,128.269741,37.926561,2922.9594576000004,32.831,-9.076,48.347,1.0
75.45,128.269779,37.926586,2921.7618984000005,35.628,-8.802,48.695,1.0
75.4666,128.269817,37.92661,2920.5689112,38.265,-8.513,49.042,1.0
75.4833,128.269855,37.926635,2919.3811056000004,40.774,-8.22,49.387,1.0
75.5,128.269894,37.926659,2918.1997008000003,43.179,-7.928,49.729,1.0
75.5166,128.269932,37.926683,2917.0246968,45.492,-7.645,50.072,1.0
75.5333,128.269971,37.926708,2915.8573128,47.626,-7.361,50.423,1.0
75.55,128.270009,37.926732,2914.6978535999997,49.583,-7.079,50.784,1.0
75.5666,128.270048,37.926756,2913.546624,51.366,-6.805,51.156,1.0
75.5833,128.270087,37.926781,2912.4042336,52.979,-6.545,51.539,1.0
75.6,128.270126,37.926805,2911.2709872000005,54.43,-6.3,51.931,1.0
75.6166,128.270165,37.926829,2910.1468848000004,55.73,-6.069,52.331,1.0
75.6333,128.270204,37.926853,2909.0322312,56.887,-5.853,52.736,1.0
75.65,128.270243,37.926877,2907.927636,57.913,-5.649,53.146,1.0
75.6666,128.270282,37.926901,2906.8330992,58.816,-5.457,53.56,1.0
75.6833,128.270322,37.926924,2905.7489256000003,59.605,-5.275,53.975,1.0
75.7,128.270362,37.926948,2904.6742008000006,60.288,-5.103,54.391,1.0
75.7166,128.270401,37.926972,2903.6089248000003,60.871,-4.939,54.807,1.0
75.7333,128.270441,37.926995,2902.5534024000003,61.361,-4.784,55.22,1.0
75.75,128.270481,37.927018,2901.507024,61.764,-4.636,55.631,1.0
75.7666,128.270522,37.927041,2900.4700944,62.083,-4.495,56.038,1.0
75.7833,128.270562,37.927064,2899.4423088,62.325,-4.359,56.443,1.0
75.8,128.270603,37.927087,2898.423972,62.492,-4.227,56.844,1.0
75.8166,128.270643,37.92711,2897.4147792,62.589,-4.098,57.243,1.0
75.8333,128.270684,37.927133,2896.4147304000003,62.847,-4.0,57.652,1.0
75.85,128.270725,37.927156,2895.4229112000003,63.257,-3.931,58.07,1.0
75.8666,128.270766,37.927178,2894.4384072000003,63.819,-3.885,58.493,1.0
75.8833,128.270807,37.9272,2893.4612184000002,64.508,-3.857,58.92,1.0
75.9,128.270848,37.927223,2892.4904304,65.3,-3.847,59.35,1.0
75.9166,128.270889,37.927245,2891.5257384,66.175,-3.851,59.783,1.0
75.9333,128.270931,37.927267,2890.5665328000005,67.088,-3.864,60.216,1.0
75.95,128.270973,37.927289,2889.6118992,68.026,-3.885,60.649,1.0
75.9666,128.271014,37.927311,2888.6615328000003,68.985,-3.913,61.081,1.0
75.9833,128.271056,37.927333,2887.7157384,69.958,-3.947,61.51,1.0
76.0,128.271098,37.927354,2886.7742112,70.943,-3.988,61.936,1.0
76.0166,128.27114,37.927376,2885.8369512,71.937,-4.034,62.359,1.0
76.0333,128.271182,37.927398,2884.9036536,72.874,-4.077,62.777,1.0
76.05,128.271224,37.927419,2883.9746232,73.752,-4.116,63.19,1.0
76.0666,128.271267,37.92744,2883.0501648,74.582,-4.152,63.598,1.0
76.0833,128.271309,37.927461,2882.1296688,75.371,-4.185,64.0,1.0
76.1,128.271352,37.927482,2881.2128304000003,76.126,-4.217,64.397,1.0
76.1166,128.271394,37.927503,2880.2993448,76.854,-4.247,64.789,1.0
76.1333,128.271437,37.927524,2879.3895168000004,77.494,-4.267,65.176,1.0
76.15,128.27148,37.927544,2878.4833464000003,78.052,-4.278,65.556,1.0
76.1666,128.271523,37.927564,2877.5805288,78.542,-4.28,65.933,1.0
76.1833,128.271567,37.927585,2876.6810640000003,78.974,-4.275,66.305,1.0
76.2,128.27161,37.927605,2875.784952,79.35,-4.27,66.674,1.0
76.2166,128.271654,37.927624,2874.891888,79.676,-4.266,67.041,1.0
76.2333,128.271697,37.927644,2874.0021768,79.913,-4.261,67.406,1.0
76.25,128.271741,37.927664,2873.1161232000004,80.069,-4.255,67.768,1.0
76.2666,128.271785,37.927683,2872.2331176,80.155,-4.25,68.128,1.0
76.2833,128.271829,37.927702,2871.3531600000006,80.182,-4.249,68.486,1.0
76.3,128.271873,37.927721,2870.4762504,80.16,-4.25,68.844,1.0
76.3166,128.271917,37.92774,2869.602084,80.098,-4.255,69.2,1.0
76.3333,128.271962,37.927758,2868.7312704,79.987,-4.26,69.554,1.0
76.35,128.272006,37.927777,2867.8632000000002,79.833,-4.264,69.906,1.0
76.3666,128.272051,37.927795,2866.9978728,79.643,-4.266,70.256,1.0
76.3833,128.272095,37.927813,2866.1358984000003,79.423,-4.268,70.603,1.0
76.4,128.27214,37.927831,2865.2766672,79.178,-4.27,70.949,1.0
76.4166,128.272185,37.927849,2864.420484,78.911,-4.27,71.292,1.0
76.4333,128.27223,37.927866,2863.5673488,78.628,-4.27,71.633,1.0
76.45,128.272275,37.927884,2862.7172616000003,78.33,-4.267,71.973,1.0
76.4666,128.272321,37.927901,2861.8705272,78.02,-4.263,72.31,1.0
76.4833,128.272366,37.927918,2861.0268408,77.699,-4.257,72.644,1.0
76.5,128.272411,37.927935,2860.1865072,77.368,-4.248,72.976,1.0
76.5166,128.272457,37.927952,2859.3495264,77.029,-4.237,73.305,1.0
76.5333,128.272503,37.927968,2858.5155936,76.691,-4.224,73.633,1.0
76.55,128.272548,37.927985,2857.6853184,76.357,-4.21,73.959,1.0
76.5666,128.272594,37.928001,2856.858396,76.024,-4.194,74.282,1.0
76.5833,128.27264,37.928017,2856.035436,75.694,-4.176,74.604,1.0
76.6,128.272686,37.928033,2855.2158288,75.364,-4.155,74.922,1.0
76.6166,128.272733,37.928049,2854.4004888000004,75.035,-4.131,75.239,1.0
76.6333,128.272779,37.928064,2853.5881968,74.718,-4.106,75.553,1.0
76.65,128.272825,37.92808,2852.7801719999998,74.412,-4.079,75.866,1.0
76.6666,128.272872,37.928095,2851.9758048000003,74.115,-4.051,76.177,1.0
76.6833,128.272918,37.92811,2851.1757048000004,73.826,-4.02,76.485,1.0
76.7,128.272965,37.928125,2850.379872,73.543,-3.986,76.792,1.0
76.7166,128.273012,37.92814,2849.5880016,73.264,-3.95,77.096,1.0
76.7333,128.273059,37.928154,2848.8000936000003,72.999,-3.913,77.398,1.0
76.75,128.273105,37.928168,2848.0167576000003,72.747,-3.874,77.699,1.0
76.7666,128.273152,37.928183,2847.2376888000003,72.505,-3.833,77.999,1.0
76.7833,128.2732,37.928197,2846.4631920000006,72.271,-3.791,78.297,1.0
76.8,128.273247,37.928211,2845.6929624000004,72.043,-3.746,78.594,1.0
76.8166,128.273294,37.928224,2844.9276096000003,71.82,-3.698,78.889,1.0
76.8333,128.273341,37.928238,2844.1665239999998,71.608,-3.649,79.183,1.0
76.85,128.273389,37.928251,2843.4103152,71.407,-3.6,79.476,1.0
76.8666,128.273436,37.928265,2842.6586784000006,71.213,-3.548,79.768,1.0
76.8833,128.273484,37.928278,2841.9122232000004,71.026,-3.495,80.059,1.0
76.9,128.273532,37.92829,2841.17034,70.845,-3.44,80.348,1.0
76.9166,128.273579,37.928303,2840.4336384000003,70.666,-3.383,80.636,1.0
76.9333,128.273627,37.928316,2839.7015088000003,70.496,-3.325,80.923,1.0
76.95,128.273675,37.928328,2838.9745608,70.334,-3.267,81.209,1.0
76.9666,128.273723,37.92834,2838.2527944,70.177,-3.207,81.495,1.0
76.9833,128.273771,37.928352,2837.5362096000003,70.025,-3.145,81.779,1.0
77.0,128.273819,37.928364,2836.8248064,69.876,-3.082,82.063,1.0
77.0166,128.273868,37.928376,2836.1185848000005,69.73,-3.018,82.345,1.0
77.0333,128.273916,37.928387,2835.4175448,69.589,-2.953,82.626,1.0
77.05,128.273964,37.928399,2834.7219912,69.454,-2.887,82.907,1.0
77.0666,128.274013,37.92841,2834.0316192000005,69.322,-2.82,83.187,1.0
77.0833,128.274061,37.928421,2833.3467336,69.193,-2.752,83.466,1.0
77.1,128.27411,37.928432,2832.6676392000004,69.067,-2.683,83.745,1.0
77.1166,128.274159,37.928442,2831.9937264,68.942,-2.612,84.022,1.0
77.1333,128.274207,37.928453,2831.3256048000003,68.821,-2.541,84.299,1.0
77.15,128.274256,37.928463,2830.6626647999997,68.704,-2.469,84.575,1.0
77.1666,128.274305,37.928473,2830.0058208,68.589,-2.396,84.851,1.0
77.1833,128.274354,37.928483,2829.3544632,68.475,-2.323,85.126,1.0
77.2,128.274403,37.928493,2828.7088968,68.364,-2.248,85.401,1.0
77.2166,128.274452,37.928502,2828.0691216,68.253,-2.172,85.674,1.0
77.2333,128.274501,37.928512,2827.4348328000005,68.145,-2.096,85.947,1.0
77.25,128.27455,37.928521,2826.80664,68.039,-2.019,86.22,1.0
77.2666,128.274599,37.92853,2826.1842384,67.936,-1.942,86.492,1.0
77.2833,128.274648,37.928539,2825.5679328000006,67.833,-1.863,86.764,1.0
77.3,128.274698,37.928548,2824.9574184000003,67.732,-1.784,87.035,1.0
77.3166,128.274747,37.928556,2824.353,67.631,-1.704,87.306,1.0
77.3333,128.274796,37.928565,2823.7543728,67.533,-1.623,87.576,1.0
77.35,128.274846,37.928573,2823.1621464000004,67.436,-1.542,87.846,1.0
77.3666,128.274895,37.928581,2822.5757112,67.341,-1.46,88.115,1.0
77.3833,128.274945,37.928589,2821.995372,67.247,-1.378,88.384,1.0
77.4,128.274995,37.928596,2821.4214336,67.154,-1.294,88.652,1.0
77.4166,128.275044,37.928604,2820.8535912,67.061,-1.21,88.92,1.0
77.4333,128.275094,37.928611,2820.2918448,66.971,-1.126,89.188,1.0
77.45,128.275144,37.928618,2819.7364992,66.882,-1.041,89.455,1.0
77.4666,128.275193,37.928625,2819.1872496,66.795,-0.955,89.722,1.0
77.4833,128.275243,37.928632,2818.6444008000003,66.708,-0.869,89.988,1.0
77.5,128.275293,37.928638,2818.1079528000005,66.623,-0.782,90.255,1.0
77.5166,128.275343,37.928645,2817.5779056000006,66.538,-0.694,90.52,1.0
77.5333,128.275393,37.928651,2817.0542592,66.456,-0.606,90.786,1.0
77.55,128.275443,37.928657,2816.5370136,66.375,-0.518,91.051,1.0
77.5666,128.275493,37.928663,2816.0264736000004,66.295,-0.429,91.316,1.0
77.5833,128.275543,37.928669,2815.5220296,66.217,-0.339,91.581,1.0
77.6,128.275593,37.928674,2815.0242912000003,66.139,-0.249,91.845,1.0
77.6166,128.275643,37.92868,2814.5332584,66.063,-0.158,92.109,1.0
77.6333,128.275693,37.928685,2814.0486264,65.988,-0.067,92.373,1.0
77.65,128.275744,37.92869,2813.5707,65.915,0.024,92.636,1.0
77.6666,128.275794,37.928695,2813.0991744,65.844,0.116,92.899,1.0
77.6833,128.275844,37.928699,2812.6346592,65.774,0.208,93.162,1.0
77.7,128.275894,37.928704,2812.1765448,65.705,0.301,93.425,1.0
77.7166,128.275945,37.928708,2811.7254408000003,65.637,0.395,93.688,1.0
77.7333,128.275995,37.928712,2811.2807376,65.571,0.489,93.95,1.0
77.75,128.276045,37.928716,2810.8430448,65.506,0.583,94.212,1.0
77.7666,128.276096,37.92872,2810.4120576000005,65.444,0.678,94.474,1.0
77.7833,128.276146,37.928723,2809.9877760000004,65.383,0.773,94.736,1.0
77.8,128.276196,37.928727,2809.5705048,65.323,0.868,94.997,1.0
77.8166,128.276247,37.92873,2809.160244,65.264,0.964,95.259,1.0
77.8333,128.276297,37.928733,2808.7566888,65.207,1.061,95.52,1.0
77.85,128.276348,37.928736,2808.3598392000004,65.152,1.157,95.781,1.0
77.8666,128.276398,37.928739,2807.9703048,65.099,1.254,96.042,1.0
77.8833,128.276449,37.928741,2807.5874760000006,65.047,1.351,96.302,1.0
77.9,128.276499,37.928743,2807.2116576000003,64.997,1.449,96.563,1.0
77.9166,128.27655,37.928746,2806.8431544,64.948,1.547,96.823,1.0
77.9333,128.2766,37.928748,2806.4813568,64.9,1.645,97.084,1.0
77.95,128.276651,37.928749,2806.1265696,64.855,1.744,97.344,1.0
77.9666,128.276701,37.928751,2805.7787928000002,64.812,1.842,97.604,1.0
77.9833,128.276752,37.928752,2805.4383312,64.77,1.942,97.864,1.0
78.0,128.276802,37.928754,2805.1048800000003,64.729,2.041,98.124,1.0
78.0166,128.276853,37.928755,2804.7784392000003,64.689,2.141,98.384,1.0
78.0333,128.276904,37.928756,2804.4593136000003,64.652,2.24,98.643,1.0
78.05,128.276954,37.928756,2804.1471984000004,64.617,2.34,98.903,1.0
78.0666,128.277005,37.928757,2803.8420936,64.583,2.441,99.163,1.0
78.0833,128.277055,37.928757,2803.544304,64.551,2.541,99.422,1.0
78.1,128.277106,37.928758,2803.2538296000002,64.521,2.642,99.682,1.0
78.1166,128.277156,37.928758,2802.9706704,64.491,2.743,99.941,1.0
78.1333,128.277207,37.928757,2802.6945216,64.464,2.844,100.201,1.0
78.15,128.277258,37.928757,2802.425688,64.439,2.945,100.46,1.0
78.1666,128.277308,37.928757,2802.1641696,64.415,3.046,100.72,1.0
78.1833,128.277359,37.928756,2801.9096616,64.393,3.148,100.979,1.0
78.2,128.277409,37.928755,2801.6627736000005,64.373,3.249,101.239,1.0
78.2166,128.27746,37.928754,2801.4228960000005,64.353,3.351,101.498,1.0
78.2333,128.27751,37.928753,2801.1906384,64.336,3.453,101.757,1.0
78.25,128.277561,37.928751,2800.9653912000003,64.321,3.555,102.017,1.0
78.2666,128.277611,37.92875,2800.7474592000003,64.308,3.657,102.276,1.0
78.2833,128.277662,37.928748,2800.5371472,64.297,3.759,102.536,1.0
78.3,128.277712,37.928746,2800.3341504000005,64.287,3.862,102.795,1.0
78.3166,128.277763,37.928744,2800.1381640000004,64.278,3.964,103.055,1.0
78.3333,128.277813,37.928742,2799.9497976000002,64.271,4.066,103.315,1.0
78.35,128.277864,37.928739,2799.7687464000005,64.267,4.169,103.575,1.0
78.3666,128.277914,37.928737,2799.5950104,64.265,4.271,103.834,1.0
78.3833,128.277964,37.928734,2799.4288944,64.264,4.373,104.094,1.0
78.4,128.278015,37.928731,2799.2700936,64.265,4.476,104.354,1.0
78.4166,128.278065,37.928728,2799.1186079999998,64.266,4.578,104.614,1.0
78.4333,128.278115,37.928724,2798.975352,64.217,4.687,104.871,1.0
78.45,128.278166,37.928721,2798.8406304000005,64.118,4.801,105.124,1.0
78.4666,128.278216,37.928717,2798.7150528,63.972,4.918,105.375,1.0
78.4833,128.278266,37.928713,2798.5983144,63.783,5.037,105.625,1.0
78.5,128.278316,37.928709,2798.4901104,63.557,5.154,105.876,1.0
78.5166,128.278366,37.928705,2798.3904408000003,63.301,5.271,106.126,1.0
78.5333,128.278417,37.9287,2798.2990008,63.026,5.386,106.377,1.0
78.55,128.278467,37.928696,2798.2160952,62.738,5.5,106.627,1.0
78.5666,128.278517,37.928691,2798.1414192,62.442,5.614,106.876,1.0
78.5833,128.278567,37.928686,2798.0749728,62.14,5.729,107.126,1.0
78.6,128.278617,37.928681,2798.0170608,61.835,5.845,107.376,1.0
78.6166,128.278666,37.928675,2797.967988,61.529,5.964,107.625,1.0
78.6333,128.278716,37.92867,2797.9262304000003,61.24,6.08,107.872,1.0
78.65,128.278766,37.928664,2797.8923976,60.968,6.194,108.116,1.0
78.6666,128.278816,37.928658,2797.8667944,60.713,6.309,108.358,1.0
78.6833,128.278866,37.928652,2797.8497256000005,60.473,6.424,108.599,1.0
78.7,128.278915,37.928646,2797.8408864000003,60.246,6.542,108.838,1.0
78.7166,128.278965,37.92864,2797.8408864000003,60.03,6.662,109.077,1.0
78.7333,128.279015,37.928633,2797.8478968,59.842,6.78,109.312,1.0
78.75,128.279064,37.928626,2797.8631368,59.68,6.895,109.545,1.0
78.7666,128.279114,37.92862,2797.8869112,59.541,7.011,109.776,1.0
78.7833,128.279163,37.928613,2797.9189152,59.421,7.127,110.005,1.0
78.8,128.279213,37.928605,2797.9591488000005,59.319,7.244,110.234,1.0
78.8166,128.279262,37.928598,2798.0082216,59.229,7.363,110.461,1.0
78.8333,128.279312,37.928591,2798.0643048,59.166,7.481,110.686,1.0
78.85,128.279361,37.928583,2798.1289224,59.125,7.595,110.909,1.0
78.8666,128.27941,37.928575,2798.2017696,59.104,7.709,111.13,1.0
78.8833,128.27946,37.928567,2798.2828464000004,59.101,7.823,111.35,1.0
78.9,128.279509,37.928559,2798.3724576000004,59.111,7.938,111.569,1.0
78.9166,128.279558,37.928551,2798.4706032000004,59.133,8.053,111.789,1.0
78.9333,128.279607,37.928543,2798.5760640000003,59.173,8.167,112.006,1.0
78.95,128.279656,37.928534,2798.690364,59.229,8.278,112.221,1.0
78.9666,128.279705,37.928526,2798.8125888,59.299,8.388,112.435,1.0
78.9833,128.279754,37.928517,2798.9430432,59.38,8.498,112.649,1.0
79.0,128.279803,37.928508,2799.0820320000003,59.47,8.607,112.863,1.0
79.0166,128.279852,37.928499,2799.2292504,59.569,8.717,113.077,1.0
79.0333,128.2799,37.928489,2799.3840888,59.678,8.825,113.289,1.0
79.05,128.279949,37.92848,2799.5474616,59.796,8.93,113.5,1.0
79.0666,128.279998,37.92847,2799.7187592,59.921,9.035,113.71,1.0
79.0833,128.280046,37.928461,2799.8982864,60.052,9.139,113.921,1.0
79.1,128.280095,37.928451,2800.0860432,60.189,9.242,114.131,1.0
79.1166,128.280143,37.928441,2800.2817248,60.331,9.344,114.343,1.0
79.1333,128.280192,37.928431,2800.4853312,60.476,9.445,114.553,1.0
79.15,128.28024,37.92842,2800.6971672,60.625,9.545,114.763,1.0
79.1666,128.280289,37.92841,2800.916928,60.777,9.643,114.972,1.0
79.1833,128.280337,37.928399,2801.1443088,60.932,9.74,115.181,1.0
79.2,128.280385,37.928388,2801.3796144000003,61.089,9.837,115.391,1.0
79.2166,128.280433,37.928377,2801.6228448,61.249,9.933,115.602,1.0
79.2333,128.280481,37.928366,2801.8730855999997,61.476,10.017,115.813,1.0
79.25,128.280529,37.928355,2802.1294224,61.77,10.09,116.023,1.0
79.2666,128.280577,37.928344,2802.3918552000005,62.125,10.157,116.233,1.0
79.2833,128.280625,37.928332,2802.6594695999997,62.537,10.22,116.443,1.0
79.3,128.280673,37.928321,2802.9331800000004,63.0,10.284,116.653,1.0
79.3166,128.28072,37.928309,2803.2129864000003,63.504,10.347,116.864,1.0
79.3333,128.280768,37.928297,2803.4994984000004,64.034,10.411,117.073,1.0
79.35,128.280816,37.928285,2803.7918016,64.583,10.475,117.281,1.0
79.3666,128.280863,37.928273,2804.0902008000003,65.145,10.538,117.488,1.0
79.3833,128.280911,37.928261,2804.3950008,65.717,10.599,117.695,1.0
79.4,128.280958,37.928249,2804.7055920000003,66.295,10.657,117.903,1.0
79.4166,128.281006,37.928236,2805.0219744,66.879,10.712,118.112,1.0
79.4333,128.281053,37.928223,2805.3447576000003,67.443,10.768,118.321,1.0
79.45,128.2811,37.92821,2805.6739416000005,67.986,10.823,118.529,1.0
79.4666,128.281147,37.928197,2806.0092216,68.511,10.876,118.738,1.0
79.4833,128.281195,37.928184,2806.349988,69.019,10.926,118.948,1.0
79.5,128.281242,37.928171,2806.6962408,69.513,10.973,119.159,1.0
79.5166,128.281288,37.928157,2807.0479800000003,69.996,11.017,119.373,1.0
79.5333,128.281335,37.928144,2807.4055104,70.446,11.06,119.587,1.0
79.55,128.281382,37.92813,2807.7691368,70.865,11.103,119.801,1.0
79.5666,128.281429,37.928116,2808.13764,71.257,11.145,120.017,1.0
79.5833,128.281475,37.928102,2808.5113248000002,71.627,11.184,120.233,1.0
79.6,128.281522,37.928088,2808.8901912,71.978,11.22,120.451,1.0
79.6166,128.281568,37.928073,2809.2739344,72.314,11.254,120.672,1.0
79.6333,128.281614,37.928059,2809.6628592,72.62,11.287,120.892,1.0
79.65,128.281661,37.928044,2810.0566608,72.898,11.32,121.114,1.0
79.6666,128.281707,37.928029,2810.4550344000004,73.154,11.352,121.335,1.0
79.6833,128.281753,37.928014,2810.8582848,73.39,11.382,121.558,1.0
79.7,128.281799,37.927999,2811.2658024,73.61,11.41,121.782,1.0
79.7166,128.281844,37.927984,2811.6778920000006,73.818,11.437,122.007,1.0
79.7333,128.28189,37.927968,2812.0945536,74.004,11.462,122.233,1.0
79.75,128.281936,37.927952,2812.5154824,74.171,11.488,122.458,1.0
79.7666,128.281981,37.927937,2812.9406784000003,74.322,11.513,122.685,1.0
79.7833,128.282027,37.927921,2813.3701416000004,74.461,11.538,122.911,1.0
79.8,128.282072,37.927905,2813.8032624,74.588,11.561,123.139,1.0
79.8166,128.282117,37.927888,2814.2406504,74.707,11.583,123.368,1.0
79.8333,128.282163,37.927872,2814.6823056000003,74.814,11.605,123.597,1.0
79.85,128.282208,37.927855,2815.1276184000003,74.91,11.626,123.826,1.0
79.8666,128.282253,37.927839,2815.5768936000004,74.997,11.648,124.056,1.0
79.8833,128.282297,37.927822,2816.0301312,75.076,11.669,124.287,1.0
79.9,128.282342,37.927805,2816.4870264,75.15,11.69,124.519,1.0
79.9166,128.282387,37.927788,2816.9475792,75.218,11.711,124.751,1.0
79.9333,128.282431,37.92777,2817.4117896000002,75.282,11.731,124.983,1.0
79.95,128.282476,37.927753,2817.8796576000004,75.34,11.751,125.216,1.0
79.9666,128.28252,37.927735,2818.351488,75.395,11.772,125.45,1.0
79.9833,128.282565,37.927718,2818.8263664,75.447,11.792,125.684,1.0
80.0,128.282609,37.9277,2819.3052072,75.496,11.812,125.918,1.0
80.0166,128.282653,37.927682,2819.7874008000003,75.543,11.832,126.153,1.0
80.0333,128.282697,37.927664,2820.2729472,75.59,11.852,126.388,1.0
80.05,128.282741,37.927645,2820.7621512,75.636,11.872,126.624,1.0
80.0666,128.282784,37.927627,2821.254708,75.682,11.892,126.86,1.0
80.0833,128.282828,37.927608,2821.7503128,75.727,11.912,127.096,1.0
80.1,128.282872,37.92759,2822.2495752,75.773,11.932,127.332,1.0
80.1166,128.282915,37.927571,2822.7521904,75.818,11.952,127.569,1.0
80.1333,128.282958,37.927552,2823.2581584,75.865,11.972,127.806,1.0
80.15,128.283002,37.927533,2823.7671744,75.913,11.992,128.043,1.0
80.1666,128.283045,37.927513,2824.2795432000003,75.963,12.012,128.281,1.0
80.1833,128.283088,37.927494,2824.79496,76.015,12.032,128.518,1.0
80.2,128.283131,37.927474,2825.3137296,76.067,12.052,128.756,1.0
80.2166,128.283174,37.927455,2825.835852,76.12,12.073,128.994,1.0
80.2333,128.283216,37.927435,2826.3607176,76.176,12.093,129.233,1.0
80.25,128.283259,37.927415,2826.888936,76.234,12.113,129.472,1.0
80.2666,128.283301,37.927395,2827.4205072000004,76.294,12.132,129.711,1.0
80.2833,128.283344,37.927375,2827.9548216,76.355,12.152,129.95,1.0
80.3,128.283386,37.927354,2828.492184,76.418,12.172,130.189,1.0
80.3166,128.283428,37.927334,2829.0325944,76.482,12.192,130.429,1.0
80.3333,128.28347,37.927313,2829.5760528,76.549,12.212,130.669,1.0
80.35,128.283512,37.927292,2830.1225592,76.618,12.232,130.909,1.0
80.3666,128.283554,37.927271,2830.6718088000002,76.688,12.251,131.15,1.0
80.3833,128.283596,37.92725,2831.2241064,76.76,12.271,131.39,1.0
80.4,128.283638,37.927229,2831.7791472,76.833,12.29,131.631,1.0
80.4166,128.283679,37.927208,2832.337236,76.908,12.31,131.872,1.0
80.4333,128.28372,37.927187,2832.898068,76.984,12.329,132.114,1.0
80.45,128.283762,37.927165,2833.461948,77.062,12.348,132.356,1.0
80.4666,128.283803,37.927143,2834.0282664,77.141,12.367,132.598,1.0
80.4833,128.283844,37.927122,2834.5976328,77.221,12.385,132.841,1.0
80.5,128.283885,37.9271,2835.1697424,77.302,12.404,133.083,1.0
80.5166,128.283926,37.927078,2835.7442904,77.384,12.422,133.326,1.0
80.5333,128.283966,37.927055,2836.3218864,77.467,12.441,133.569,1.0
80.55,128.284007,37.927033,2836.9019208000004,77.55,12.459,133.813,1.0
80.5666,128.284047,37.927011,2837.4846984000005,77.635,12.477,134.057,1.0
80.5833,128.284088,37.926988,2838.0699144000005,77.72,12.494,134.301,1.0
80.6,128.284128,37.926965,2838.6578736,77.806,12.512,134.546,1.0
80.6166,128.284168,37.926942,2839.2485760000004,77.892,12.529,134.79,1.0
80.6333,128.284208,37.926919,2839.841412,77.978,12.546,135.036,1.0
80.65,128.284248,37.926896,2840.4369912,78.065,12.563,135.281,1.0
80.6666,128.284287,37.926873,2841.0350088,78.152,12.58,135.528,1.0
80.6833,128.284327,37.92685,2841.6354647999997,78.239,12.596,135.774,1.0
80.7,128.284366,37.926826,2842.2386640000004,78.327,12.612,136.021,1.0
80.7166,128.284406,37.926803,2842.8439968,78.414,12.628,136.267,1.0
80.7333,128.284445,37.926779,2843.451768,78.502,12.644,136.515,1.0
80.75,128.284484,37.926755,2844.0616728,78.589,12.66,136.763,1.0
80.7666,128.284523,37.926731,2844.6740160000004,78.677,12.675,137.011,1.0
80.7833,128.284562,37.926707,2845.2887976,78.764,12.69,137.26,1.0
80.8,128.2846,37.926683,2845.9057128,78.851,12.705,137.509,1.0
80.8166,128.284639,37.926658,2846.5250664000005,78.938,12.719,137.757,1.0
80.8333,128.284677,37.926634,2847.1465536,79.025,12.734,138.007,1.0
80.85,128.284715,37.926609,2847.7701744,79.111,12.748,138.257,1.0
80.8666,128.284754,37.926585,2848.3962336,79.197,12.762,138.508,1.0
80.8833,128.284792,37.92656,2849.0241216,79.283,12.775,138.759,1.0
80.9,128.284829,37.926535,2849.6541432000004,79.368,12.789,139.01,1.0
80.9166,128.284867,37.92651,2850.2866032,79.453,12.802,139.261,1.0
80.9333,128.284905,37.926484,2850.9208920000005,79.537,12.814,139.513,1.0
80.95,128.284942,37.926459,2851.5573144000005,79.621,12.827,139.766,1.0
80.9666,128.28498,37.926434,2852.1955656,79.705,12.84,140.019,1.0
80.9833,128.285017,37.926408,2852.8359504000005,79.787,12.852,140.272,1.0
81.0,128.285054,37.926382,2853.4784688000004,79.87,12.864,140.526,1.0
81.0166,128.285091,37.926357,2854.122816,79.952,12.875,140.779,1.0
81.0333,128.285127,37.926331,2854.7689920000003,80.033,12.887,141.033,1.0
81.05,128.285164,37.926305,2855.4173016,80.114,12.898,141.288,1.0
81.0666,128.285201,37.926278,2856.06744,80.194,12.909,141.544,1.0
81.0833,128.285237,37.926252,2856.7194072,80.274,12.92,141.799,1.0
81.1,128.285273,37.926226,2857.3732032000003,80.353,12.93,142.055,1.0
81.1166,128.285309,37.926199,2858.0285232,80.431,12.94,142.31,1.0
81.1333,128.285345,37.926173,2858.6859768,80.509,12.95,142.567,1.0
81.15,128.285381,37.926146,2859.3452592000003,80.587,12.96,142.824,1.0
81.1666,128.285416,37.926119,2860.0060656,80.663,12.97,143.082,1.0
81.1833,128.285452,37.926092,2860.6687008000004,80.739,12.979,143.34,1.0
81.2,128.285487,37.926065,2861.3331648,80.815,12.988,143.598,1.0
81.2166,128.285522,37.926038,2861.9991528,80.89,12.997,143.856,1.0
81.2333,128.285557,37.92601,2862.6669696,80.964,13.006,144.115,1.0
81.25,128.285592,37.925983,2863.3360056000006,81.038,13.014,144.375,1.0
81.2666,128.285627,37.925955,2864.0071752000003,81.111,13.023,144.635,1.0
81.2833,128.285661,37.925927,2864.679564,81.184,13.031,144.896,1.0
81.3,128.285696,37.9259,2865.3537816000003,81.256,13.039,145.156,1.0
81.3166,128.28573,37.925872,2866.0295232000003,81.327,13.046,145.416,1.0
81.3333,128.285764,37.925844,2866.7064840000003,81.398,13.054,145.677,1.0
81.35,128.285798,37.925816,2867.3852736000003,81.468,13.061,145.94,1.0
81.3666,128.285832,37.925787,2868.0655872,81.537,13.068,146.202,1.0
81.3833,128.285865,37.925759,2868.74712,81.606,13.075,146.465,1.0
81.4,128.285899,37.925731,2869.4304816,81.675,13.082,146.728,1.0
81.4166,128.285932,37.925702,2870.1147576000003,81.742,13.088,146.991,1.0
81.4333,128.285965,37.925673,2870.8008624000004,81.81,13.094,147.255,1.0
81.45,128.285998,37.925645,2871.4881864000004,81.876,13.1,147.519,1.0
81.4666,128.286031,37.925616,2872.1770344,81.943,13.106,147.784,1.0
81.4833,128.286064,37.925587,2872.8671016,82.008,13.112,148.05,1.0
81.5,128.286096,37.925557,2873.558388,82.073,13.118,148.315,1.0
81.5166,128.286129,37.925528,2874.2511984000002,82.138,13.123,148.58,1.0
81.5333,128.286161,37.925499,2874.9452280000005,82.201,13.128,148.847,1.0
81.55,128.286193,37.925469,2875.6407816,82.265,13.133,149.114,1.0
81.5666,128.286225,37.92544,2876.3372496,82.328,13.138,149.381,1.0
81.5833,128.286256,37.92541,2877.0352416000005,82.39,13.142,149.649,1.0
81.6,128.286288,37.925381,2877.734148,82.452,13.147,149.917,1.0
81.6166,128.286319,37.925351,2878.4345784000006,82.513,13.151,150.185,1.0
81.6333,128.28635,37.925321,2879.1359232000004,82.573,13.155,150.453,1.0
81.65,128.286381,37.925291,2879.8384872,82.634,13.159,150.723,1.0
81.6666,128.286412,37.92526,2880.5422704000002,82.693,13.163,150.994,1.0
81.6833,128.286443,37.92523,2881.2472728000002,82.752,13.167,151.264,1.0
81.7,128.286473,37.9252,2881.9531896000003,82.811,13.17,151.535,1.0
81.7166,128.286503,37.925169,2882.6603256000003,82.869,13.173,151.805,1.0
81.7333,128.286534,37.925139,2883.3686807999998,82.926,13.177,152.076,1.0
81.75,128.286563,37.925108,2884.0779504,82.983,13.18,152.349,1.0
81.7666,128.286593,37.925077,2884.7884392,83.04,13.183,152.622,1.0
81.7833,128.286623,37.925046,2885.4998424,83.095,13.185,152.895,1.0
81.8,128.286652,37.925015,2886.2121600000005,83.151,13.188,153.169,1.0
81.8166,128.286682,37.924984,2886.9256968,83.205,13.19,153.442,1.0
81.8333,128.286711,37.924953,2887.6401480000004,83.259,13.193,153.716,1.0
81.85,128.28674,37.924922,2888.3555136,83.313,13.195,153.992,1.0
81.8666,128.286768,37.92489,2889.0717936,83.366,13.197,154.268,1.0
81.8833,128.286797,37.924859,2889.788988,83.419,13.199,154.545,1.0
81.9,128.286825,37.924827,2890.5070968,83.47,13.201,154.821,1.0
81.9166,128.286853,37.924796,2891.2264248,83.521,13.203,155.098,1.0
81.9333,128.286881,37.924764,2891.9463624000005,83.571,13.204,155.375,1.0
81.95,128.286909,37.924732,2892.6672144000004,83.621,13.206,155.654,1.0
81.9666,128.286937,37.9247,2893.3889808,83.671,13.207,155.934,1.0
81.9833,128.286964,37.924668,2894.1116616000004,83.719,13.209,156.214,1.0
82.0,128.286991,37.924636,2894.834952,83.767,13.21,156.494,1.0
82.0166,128.287018,37.924604,2895.5594616000003,83.814,13.211,156.773,1.0
82.0333,128.287045,37.924572,2896.2845807999997,83.861,13.212,157.054,1.0
82.05,128.287072,37.924539,2897.0103096000003,83.907,13.213,157.337,1.0
82.0666,128.287099,37.924507,2897.7369528000004,83.953,13.214,157.62,1.0
82.0833,128.287125,37.924474,2898.4645104,83.998,13.215,157.903,1.0
82.1,128.287151,37.924441,2899.1926776,84.042,13.215,158.186,1.0
82.1166,128.287177,37.924409,2899.9214544,84.085,13.216,158.469,1.0
82.1333,128.287203,37.924376,2900.6511456000003,84.129,13.216,158.754,1.0
82.15,128.287228,37.924343,2901.3817512,84.171,13.216,159.04,1.0
82.1666,128.287253,37.92431,2902.1126616,84.214,13.217,159.326,1.0
82.1833,128.287279,37.924277,2902.8444864000003,84.256,13.217,159.613,1.0
82.2,128.287304,37.924243,2903.5769208,84.297,13.217,159.9,1.0
82.2166,128.287328,37.92421,2904.3099647999998,84.337,13.217,160.186,1.0
82.2333,128.287353,37.924177,2905.0439232000003,84.377,13.217,160.474,1.0
82.25,128.287377,37.924143,2905.7781864000003,84.417,13.217,160.763,1.0
82.2666,128.287401,37.92411,2906.5133640000004,84.456,13.217,161.053,1.0
82.2833,128.287425,37.924076,2907.2491511999997,84.495,13.216,161.343,1.0
82.3,128.287449,37.924043,2907.9852432000002,84.533,13.216,161.632,1.0
82.3166,128.287473,37.924009,2908.7222496,84.57,13.216,161.922,1.0
82.3333,128.287496,37.923975,2909.4598656000003,84.607,13.215,162.213,1.0
82.35,128.287519,37.923941,2910.1977864,84.644,13.215,162.506,1.0
82.3666,128.287542,37.923907,2910.9363168000004,84.681,13.214,162.799,1.0
82.3833,128.287565,37.923873,2911.6757616,84.717,13.213,163.092,1.0
82.4,128.287588,37.923839,2912.4152064,84.752,13.213,163.386,1.0
82.4166,128.28761,37.923804,2913.1555656,84.787,13.212,163.678,1.0
82.4333,128.287632,37.92377,2913.8965344000003,84.821,13.211,163.973,1.0
82.45,128.287654,37.923736,2914.637808,84.856,13.21,164.269,1.0
82.4666,128.287676,37.923701,2915.3796912000003,84.89,13.209,164.565,1.0
82.4833,128.287697,37.923667,2916.1218792,84.923,13.208,164.862,1.0
82.5,128.287719,37.923632,2916.8646768,84.956,13.207,165.158,1.0
82.5166,128.28774,37.923597,2917.608084,84.988,13.206,165.454,1.0
82.5333,128.287761,37.923563,2918.3517960000004,85.02,13.205,165.752,1.0
82.55,128.287781,37.923528,2919.0958127999997,85.053,13.204,166.051,1.0
82.5666,128.287802,37.923493,2919.8404392,85.084,13.203,166.351,1.0
82.5833,128.287822,37.923458,2920.5856752,85.116,13.201,166.651,1.0
82.6,128.287842,37.923423,2921.331216,85.146,13.2,166.95,1.0
82.6166,128.287862,37.923388,2922.0770616,85.176,13.199,167.25,1.0
82.6333,128.287881,37.923352,2922.8235168000006,85.206,13.197,167.55,1.0
82.65,128.287901,37.923317,2923.5702768,85.236,13.196,167.853,1.0
82.6666,128.28792,37.923282,2924.3173416000004,85.266,13.194,168.156,1.0
82.6833,128.287939,37.923247,2925.065016,85.295,13.193,168.459,1.0
82.7,128.287958,37.923211,2925.8126904,85.324,13.191,168.762,1.0
82.7166,128.287976,37.923176,2926.5609744,85.351,13.19,169.064,1.0
82.7333,128.287995,37.92314,2927.3098680000003,85.379,13.188,169.368,1.0
82.75,128.288013,37.923104,2928.0587616000003,85.407,13.186,169.673,1.0
82.7666,128.28803,37.923069,2928.8082648,85.435,13.185,169.979,1.0
82.7833,128.288048,37.923033,2929.557768,85.462,13.183,170.285,1.0
82.8,128.288066,37.922997,2930.3078808,85.489,13.181,170.591,1.0
82.8166,128.288083,37.922961,2931.0582984000002,85.515,13.18,170.897,1.0
82.8333,128.2881,37.922925,2931.808716,85.541,13.178,171.202,1.0
82.85,128.288116,37.922889,2932.5597432,85.566,13.176,171.507,1.0
82.8666,128.288133,37.922853,2933.3110752000002,85.591,13.173,171.812,1.0
82.8833,128.288149,37.922817,2934.0627120000004,85.615,13.171,172.116,1.0
82.9,128.288165,37.922781,2934.8146536,85.639,13.169,172.42,1.0
82.9166,128.288181,37.922745,2935.5665952,85.662,13.167,172.723,1.0
82.9333,128.288197,37.922709,2936.3191464000006,85.685,13.164,173.026,1.0
82.95,128.288212,37.922672,2937.0716976000003,85.707,13.162,173.328,1.0
82.9666,128.288227,37.922636,2937.8245536,85.729,13.159,173.63,1.0
82.9833,128.288242,37.922599,2938.5777144000003,85.751,13.156,173.931,1.0
83.0,128.288257,37.922563,2939.33118,85.772,13.154,174.231,1.0
83.0166,128.288272,37.922526,2940.0846456000004,85.792,13.151,174.531,1.0
83.0333,128.288286,37.92249,2940.838416,85.813,13.148,174.831,1.0
83.05,128.2883,37.922453,2941.5924912,85.833,13.145,175.13,1.0
83.0666,128.288314,37.922417,2942.3468712000004,85.852,13.142,175.428,1.0
83.0833,128.288327,37.92238,2943.1012511999998,85.872,13.139,175.727,1.0
83.1,128.288341,37.922343,2943.855936,85.891,13.136,176.024,1.0
83.1166,128.288354,37.922306,2944.6106208,85.909,13.132,176.322,1.0
83.1333,128.288367,37.92227,2945.3656103999997,85.928,13.129,176.619,1.0
83.15,128.288379,37.922233,2946.1209048,85.946,13.126,176.915,1.0
83.1666,128.288392,37.922196,2946.8761992,85.964,13.122,177.211,1.0
83.1833,128.288404,37.922159,2947.6314936000003,85.982,13.119,177.507,1.0
83.2,128.288416,37.922122,2948.3870928,86.0,13.116,177.803,1.0
83.2166,128.288427,37.922085,2949.1429967999998,86.017,13.112,178.098,1.0
83.2333,128.288439,37.922048,2949.8989008000003,86.034,13.109,178.393,1.0
83.25,128.28845,37.922011,2950.6548048000004,86.051,13.105,178.687,1.0
83.2666,128.288461,37.921974,2951.4110136,86.068,13.101,178.981,1.0
83.2833,128.288472,37.921936,2952.1672224,86.085,13.098,179.275,1.0
83.3,128.288482,37.921899,2952.9234312,86.102,13.094,179.569,1.0
83.3166,128.288493,37.921862,2953.6799448,86.118,13.091,179.862,1.0
83.3333,128.288503,37.921825,2954.4364584,86.134,13.087,180.155,1.0
83.35,128.288513,37.921787,2955.192972,86.151,13.083,180.448,1.0
83.3666,128.288522,37.92175,2955.9497904,86.167,13.079,180.74,1.0
83.3833,128.288532,37.921713,2956.706304,86.183,13.075,181.033,1.0
83.4,128.288541,37.921675,2957.4631224,86.198,13.072,181.325,1.0
83.4166,128.28855,37.921638,2958.2199408,86.214,13.068,181.616,1.0
83.4333,128.288558,37.921601,2958.977064,86.229,13.064,181.908,1.0
83.45,128.288567,37.921563,2959.7338824000003,86.245,13.06,182.199,1.0
83.4666,128.288575,37.921526,2960.4907008000005,86.26,13.056,182.49,1.0
83.4833,128.288583,37.921488,2961.247824,86.275,13.052,182.781,1.0
83.5,128.288591,37.921451,2962.0046423999997,86.289,13.048,183.071,1.0
83.5166,128.288598,37.921413,2962.7617656,86.304,13.044,183.362,1.0
83.5333,128.288605,37.921376,2963.5188888000002,86.318,13.04,183.652,1.0
83.55,128.288612,37.921338,2964.2757072000004,86.333,13.036,183.942,1.0
83.5666,128.288619,37.9213,2965.0328304000004,86.347,13.032,184.232,1.0
83.5833,128.288626,37.921263,2965.7896488000006,86.36,13.028,184.521,1.0
83.6,128.288632,37.921225,2966.546772,86.374,13.023,184.811,1.0
83.6166,128.288638,37.921187,2967.3035904,86.387,13.019,185.1,1.0
83.6333,128.288644,37.92115,2968.0607136000003,86.401,13.015,185.389,1.0
83.65,128.28865,37.921112,2968.817532,86.414,13.011,185.678,1.0
83.6666,128.288655,37.921074,2969.5743504,86.427,13.007,185.967,1.0
83.6833,128.28866,37.921037,2970.3311688000003,86.439,13.002,186.255,1.0
83.7,128.288665,37.920999,2971.0876824,86.452,12.998,186.543,1.0
83.7166,128.28867,37.920961,2971.8445008000003,86.464,12.994,186.832,1.0
83.7333,128.288674,37.920924,2972.6010144,86.476,12.989,187.12,1.0
83.75,128.288678,37.920886,2973.3575280000005,86.488,12.985,187.408,1.0
83.7666,128.288682,37.920848,2974.1140416000003,86.5,12.981,187.695,1.0
83.7833,128.288686,37.92081,2974.8702504000003,86.512,12.976,187.983,1.0
83.8,128.288689,37.920773,2975.6264592,86.523,12.972,188.27,1.0
83.8166,128.288692,37.920735,2976.382668,86.534,12.968,188.558,1.0
83.8333,128.288695,37.920697,2977.1388768,86.545,12.963,188.845,1.0
83.85,128.288698,37.920659,2977.8947808,86.556,12.959,189.132,1.0
83.8666,128.288701,37.920621,2978.65038,86.567,12.954,189.419,1.0
83.8833,128.288703,37.920584,2979.406284,86.577,12.95,189.706,1.0
83.9,128.288705,37.920546,2980.1618832,86.587,12.946,189.992,1.0
83.9166,128.288707,37.920508,2980.9171776000003,86.597,12.941,190.279,1.0
83.9333,128.288708,37.92047,2981.672472,86.607,12.937,190.565,1.0
83.95,128.28871,37.920433,2982.4277664,86.616,12.932,190.851,1.0
83.9666,128.288711,37.920395,2983.182756,86.626,12.928,191.138,1.0
83.9833,128.288712,37.920357,2983.9377456,86.635,12.923,191.424,1.0
84.0,128.288712,37.920319,2984.6924304000004,86.644,12.919,191.709,1.0
84.0166,128.288713,37.920282,2985.4471152,86.653,12.914,191.995,1.0
84.0333,128.288713,37.920244,2986.2014952,86.662,12.91,192.281,1.0
84.05,128.288713,37.920206,2986.9555704,86.671,12.905,192.566,1.0
84.0666,128.288712,37.920168,2987.7096456000004,86.679,12.901,192.852,1.0
84.0833,128.288712,37.920131,2988.4637208000004,86.687,12.896,193.137,1.0
84.1,128.288711,37.920093,2989.2174912,86.696,12.892,193.422,1.0
84.1166,128.28871,37.920055,2989.9709568000003,86.704,12.887,193.708,1.0
84.1333,128.288709,37.920018,2990.7241176,86.712,12.882,193.993,1.0
84.15,128.288707,37.91998,2991.4772784000006,86.719,12.878,194.278,1.0
84.1666,128.288706,37.919942,2992.2304392,86.727,12.873,194.562,1.0
84.1833,128.288704,37.919905,2992.9829904,86.735,12.869,194.847,1.0
84.2,128.288701,37.919867,2993.7355416000005,86.742,12.864,195.132,1.0
84.2166,128.288699,37.919829,2994.4880928000002,86.749,12.86,195.416,1.0
84.2333,128.288696,37.919792,2995.2400344000002,86.756,12.855,195.701,1.0
84.25,128.288694,37.919754,2995.9919760000002,86.764,12.85,195.985,1.0
84.2666,128.28869,37.919717,2996.7436128,86.771,12.846,196.269,1.0
84.2833,128.288687,37.919679,2997.4952496,86.777,12.841,196.553,1.0
84.3,128.288683,37.919642,2998.2462768,86.784,12.837,196.837,1.0
84.3166,128.28868,37.919604,2998.997304,86.791,12.832,197.121,1.0
84.3333,128.288676,37.919567,2999.7480264,86.797,12.827,197.405,1.0
84.35,128.288671,37.919529,3000.4987488000006,86.804,12.823,197.689,1.0
84.3666,128.288667,37.919492,3001.2488616,86.81,12.818,197.972,1.0
84.3833,128.288662,37.919455,3001.9989744,86.816,12.814,198.256,1.0
84.4,128.288657,37.919417,3002.7487824000004,86.823,12.809,198.539,1.0
84.4166,128.288652,37.91938,3003.4982856,86.829,12.804,198.823,1.0
84.4333,128.288646,37.919343,3004.2477888000003,86.93,12.788,199.1,1.0
84.45,128.288641,37.919305,3004.9969872,87.123,12.759,199.372,1.0
84.4666,128.288635,37.919268,3005.7452712000004,87.41,12.723,199.64,1.0
84.4833,128.288629,37.919231,3006.4929456,87.793,12.681,199.907,1.0
84.5,128.288623,37.919194,3007.2394008000006,88.271,12.637,200.172,1.0
84.5166,128.288616,37.919156,3007.9849416,88.841,12.59,200.437,1.0
84.5333,128.28861,37.919119,3008.7292632,89.5,12.541,200.702,1.0
84.55,128.288603,37.919082,3009.4720608000002,90.241,12.488,200.968,1.0
84.5666,128.288596,37.919045,3010.2133344000003,91.062,12.432,201.234,1.0
84.5833,128.28859,37.919008,3010.953084,91.957,12.371,201.5,1.0
84.6,128.288582,37.91897,3011.6910048000004,92.921,12.305,201.765,1.0
84.6166,128.288575,37.918933,3012.426792,93.944,12.235,202.029,1.0
84.6333,128.288568,37.918896,3013.1601408,94.974,12.164,202.293,1.0
84.65,128.28856,37.918859,3013.891356,96.004,12.094,202.558,1.0
84.6666,128.288552,37.918822,3014.6195232000005,97.027,12.022,202.823,1.0
84.6833,128.288544,37.918785,3015.3449472,98.04,11.945,203.085,1.0
84.7,128.288536,37.918748,3016.0667136,99.04,11.863,203.346,1.0
84.7166,128.288527,37.918711,3016.785432,100.027,11.774,203.603,1.0
84.7333,128.288519,37.918674,3017.4995784000002,100.945,11.684,203.862,1.0
84.75,128.28851,37.918637,3018.2094576000004,101.796,11.595,204.122,1.0
84.7666,128.2885,37.9186,3018.9147648,102.586,11.502,204.382,1.0
84.7833,128.288491,37.918563,3019.6151952,103.32,11.403,204.641,1.0
84.8,128.288481,37.918526,3020.3107488000005,104.006,11.298,204.899,1.0
84.8166,128.288471,37.918489,3021.0011208,104.65,11.186,205.155,1.0
84.8333,128.288461,37.918453,3021.6875304000005,105.345,11.06,205.392,1.0
84.85,128.288451,37.918416,3022.3687584,106.087,10.924,205.594,1.0
84.8666,128.288441,37.918379,3023.0448048000003,106.88,10.79,205.75,1.0
84.8833,128.28843,37.918342,3023.7162792,107.725,10.663,205.846,1.0
84.9,128.288419,37.918306,3024.3831816,108.623,10.553,205.874,1.0
84.9166,128.288409,37.918269,3025.0458168000005,109.574,10.458,205.841,1.0
84.9333,128.288398,37.918233,3025.7038800000005,110.581,10.373,205.762,1.0
84.95,128.288386,37.918196,3026.3582856,111.645,10.295,205.651,1.0
84.9666,128.288375,37.918159,3027.0087288,112.769,10.217,205.524,1.0
84.9833,128.288364,37.918123,3027.6552096000005,113.955,10.135,205.389,1.0
85.0,128.288352,37.918086,3028.2977280000005,115.204,10.047,205.251,1.0
85.0166,128.288341,37.918049,3028.9365888,116.517,9.952,205.108,1.0
85.0333,128.288329,37.918013,3029.5714872000003,117.893,9.85,204.96,1.0
85.05,128.288318,37.917976,3030.2024232000003,119.332,9.74,204.807,1.0
85.0666,128.288306,37.917939,3030.8293968,120.836,9.623,204.649,1.0
85.0833,128.288294,37.917903,3031.4530176,122.403,9.499,204.485,1.0
85.1,128.288282,37.917866,3032.0726760000002,124.034,9.366,204.315,1.0
85.1166,128.28827,37.917829,3032.6889816000003,125.729,9.227,204.137,1.0
85.1333,128.288258,37.917792,3033.3016296,127.488,9.081,203.952,1.0
85.15,128.288246,37.917756,3033.9112296000003,129.31,8.929,203.758,1.0
85.1666,128.288234,37.917719,3034.517172,131.197,8.771,203.555,1.0
85.1833,128.288222,37.917682,3035.1200664000003,133.147,8.609,203.343,1.0
85.2,128.288209,37.917645,3035.7199127999997,135.161,8.442,203.12,1.0
85.2166,128.288197,37.917608,3036.3167112,137.238,8.273,202.887,1.0
85.2333,128.288185,37.917572,3036.9110712,139.379,8.102,202.644,1.0
85.25,128.288172,37.917535,3037.502688,141.583,7.931,202.389,1.0
85.2666,128.28816,37.917498,3038.0918664,143.85,7.76,202.123,1.0
85.2833,128.288147,37.917461,3038.6789112,146.178,7.592,201.847,1.0
85.3,128.288135,37.917424,3039.2638224,148.567,7.428,201.56,1.0
85.3166,128.288122,37.917387,3039.8472096000005,151.015,7.269,201.264,1.0
85.3333,128.28811,37.91735,3040.4290728,153.521,7.118,200.959,1.0
85.35,128.288097,37.917313,3041.0094120000003,156.083,6.975,200.646,1.0
85.3666,128.288085,37.917276,3041.5888368,158.7,6.843,200.326,1.0
85.3833,128.288072,37.917239,3042.1673472,161.37,6.723,200.002,1.0
85.4,128.288059,37.917202,3042.745248,164.091,6.615,199.674,1.0
85.4166,128.288047,37.917165,3043.3225392000004,166.861,6.521,199.343,1.0
85.4333,128.288034,37.917127,3043.8995256000003,169.678,6.442,199.013,1.0
85.45,128.288022,37.91709,3044.476512,172.54,6.377,198.684,1.0
85.4666,128.288009,37.917053,3045.0538032000004,175.444,6.328,198.358,1.0
85.4833,128.287996,37.917016,3045.6310943999997,178.389,6.295,198.038,1.0
85.5,128.287983,37.916978,3046.2089952,-178.627,6.278,197.725,1.0
85.5166,128.287971,37.916941,3046.7875056000003,-175.609,6.276,197.422,1.0
85.5333,128.287958,37.916904,3047.3663208000003,-172.56,6.28,197.129,1.0
85.55,128.287945,37.916867,3047.9448312,-169.485,6.29,196.85,1.0
85.5666,128.287932,37.916829,3048.5236464000004,-166.391,6.307,196.585,1.0
85.5833,128.28792,37.916792,3049.1024616000004,-163.281,6.331,196.338,1.0
85.6,128.287907,37.916754,3049.6812768,-160.16,6.364,196.109,1.0
85.6166,128.287894,37.916717,3050.2597872000006,-157.031,6.403,195.9,1.0
85.6333,128.287881,37.916679,3050.837688,-153.895,6.432,195.707,1.0
85.65,128.287868,37.916642,3051.4149792000003,-150.758,6.438,195.522,1.0
85.6666,128.287856,37.916604,3051.9910511999997,-147.619,6.406,195.335,1.0
85.6833,128.287843,37.916567,3052.565904,-144.482,6.34,195.146,1.0
85.7,128.28783,37.916529,3053.1395376,-141.345,6.249,194.96,1.0
85.7166,128.287817,37.916492,3053.711952,-138.209,6.142,194.782,1.0
85.7333,128.287804,37.916454,3054.2822328,-135.075,6.008,194.601,1.0
85.75,128.287791,37.916416,3054.8497704,-131.958,5.843,194.396,1.0
85.7666,128.287778,37.916379,3055.4139552,-128.873,5.656,194.161,1.0
85.7833,128.287765,37.916341,3055.9753968,-125.825,5.463,193.899,1.0
85.8,128.287752,37.916303,3056.5334856,-122.814,5.276,193.618,1.0
85.8166,128.287739,37.916265,3057.0885264,-119.835,5.103,193.324,1.0
85.8333,128.287726,37.916228,3057.6383855999998,-117.005,4.925,193.009,1.0
85.85,128.287713,37.91619,3058.1830632,-114.313,4.737,192.661,1.0
85.8666,128.287701,37.916152,3058.7219496000002,-111.744,4.552,192.283,1.0
85.8833,128.287688,37.916114,3059.2550448,-109.278,4.382,191.885,1.0
85.9,128.287675,37.916076,3059.7817392,-106.899,4.234,191.475,1.0
85.9166,128.287662,37.916038,3060.3038616000003,-104.585,4.11,191.059,1.0
85.9333,128.28765,37.916,3060.8201928,-102.502,3.986,190.627,1.0
85.95,128.287637,37.915962,3061.3307328000005,-100.632,3.86,190.182,1.0
85.9666,128.287625,37.915924,3061.8354816,-98.954,3.742,189.728,1.0
85.9833,128.287613,37.915886,3062.3338296,-97.441,3.642,189.271,1.0
86.0,128.287601,37.915848,3062.8266912000004,-96.064,3.564,188.813,1.0
86.0166,128.287589,37.915809,3063.3140664000002,-94.793,3.51,188.357,1.0
86.0333,128.287577,37.915771,3063.7965648,-93.704,3.464,187.901,1.0
86.05,128.287566,37.915733,3064.2741864,-92.78,3.423,187.446,1.0
86.0666,128.287554,37.915695,3064.7469312,-92.015,3.387,186.994,1.0
86.0833,128.287543,37.915656,3065.215104,-91.387,3.359,186.547,1.0
86.1,128.287532,37.915618,3065.6787048,-90.871,3.343,186.104,1.0
86.1166,128.287522,37.915579,3066.1380384,-90.446,3.339,185.666,1.0
86.1333,128.287511,37.915541,3066.5937144000004,-90.152,3.337,185.234,1.0
86.15,128.287501,37.915502,3067.0454280000004,-89.978,3.336,184.807,1.0
86.1666,128.287491,37.915464,3067.4931792,-89.903,3.336,184.386,1.0
86.1833,128.287481,37.915425,3067.9372728000003,-89.91,3.341,183.97,1.0
86.2,128.287471,37.915386,3068.3777088,-89.985,3.349,183.559,1.0
86.2166,128.287462,37.915348,3068.8141824000004,-90.113,3.362,183.152,1.0
86.2333,128.287453,37.915309,3069.2476079999997,-90.337,3.371,182.767,1.0
86.25,128.287444,37.91527,3069.6770712000002,-90.651,3.373,182.418,1.0
86.2666,128.287435,37.915232,3070.102572,-91.051,3.37,182.122,1.0
86.2833,128.287427,37.915193,3070.5244152,-91.534,3.365,181.894,1.0
86.3,128.287419,37.915154,3070.9416864,-92.099,3.359,181.748,1.0
86.3166,128.287411,37.915115,3071.3549952000003,-92.742,3.353,181.688,1.0
86.3333,128.287403,37.915077,3071.7634272,-93.362,3.36,181.703,1.0
86.35,128.287395,37.915038,3072.1672872000004,-93.946,3.383,181.775,1.0
86.3666,128.287388,37.914999,3072.5668800000003,-94.491,3.416,181.886,1.0
86.3833,128.287381,37.91496,3072.9625103999997,-94.997,3.452,182.019,1.0
86.4,128.287374,37.914921,3073.3541784000004,-95.467,3.488,182.157,1.0
86.4166,128.287367,37.914882,3073.7412744,-95.906,3.521,182.285,1.0
86.4333,128.28736,37.914843,3074.1247128,-96.288,3.552,182.387,1.0
86.45,128.287353,37.914804,3074.5035792,-96.619,3.581,182.447,1.0
86.4666,128.287346,37.914765,3074.878788,-96.909,3.603,182.452,1.0
86.4833,128.28734,37.914726,3075.2500344,-97.167,3.614,182.387,1.0
86.5,128.287334,37.914687,3075.6170136,-97.4,3.612,182.242,1.0
86.5166,128.287327,37.914648,3075.9794208000003,-97.617,3.596,182.006,1.0
86.5333,128.287321,37.914609,3076.3375608,-97.801,3.567,181.685,1.0
86.55,128.287315,37.91457,3076.6917384000003,-97.956,3.529,181.293,1.0
86.5666,128.28731,37.914531,3077.0410392000003,-98.087,3.481,180.844,1.0
86.5833,128.287304,37.914492,3077.3863776000003,-98.198,3.425,180.356,1.0
86.6,128.287298,37.914453,3077.7268392,-98.294,3.362,179.846,1.0
86.6166,128.287293,37.914413,3078.0624239999997,-98.376,3.296,179.329,1.0
86.6333,128.287288,37.914374,3078.3937416000003,-98.441,3.229,178.822,1.0
86.65,128.287283,37.914335,3078.7201824000003,-98.491,3.165,178.34,1.0
86.6666,128.287278,37.914296,3079.0420512,-98.529,3.104,177.888,1.0
86.6833,128.287273,37.914256,3079.3587384,-98.558,3.045,177.459,1.0
86.7,128.287269,37.914217,3079.6708536,-98.58,2.987,177.048,1.0
86.7166,128.287264,37.914178,3079.9777872000004,-98.597,2.93,176.649,1.0
86.7333,128.28726,37.914139,3080.279844,-98.612,2.873,176.259,1.0
86.75,128.287256,37.914099,3080.5770239999997,-98.624,2.816,175.877,1.0
86.7666,128.287253,37.91406,3080.8690224,-98.635,2.759,175.501,1.0
86.7833,128.287249,37.91402,3081.1558392,-98.645,2.703,175.13,1.0
86.8,128.287246,37.913981,3081.4377792,-98.655,2.646,174.765,1.0
86.8166,128.287242,37.913942,3081.7145376,-98.666,2.59,174.405,1.0
86.8333,128.287239,37.913902,3081.9861144,-98.679,2.534,174.05,1.0
86.85,128.287237,37.913863,3082.2525096000004,-98.694,2.478,173.699,1.0
86.8666,128.287234,37.913823,3082.5137232,-98.711,2.421,173.352,1.0
86.8833,128.287232,37.913784,3082.7697552000004,-98.73,2.365,173.009,1.0
86.9,128.287229,37.913744,3083.0206056000006,-98.751,2.309,172.67,1.0
86.9166,128.287228,37.913705,3083.2662744,-98.774,2.253,172.334,1.0
86.9333,128.287226,37.913666,3083.5067616,-98.799,2.197,172.002,1.0
86.95,128.287224,37.913626,3083.7417624000004,-98.827,2.14,171.672,1.0
86.9666,128.287223,37.913587,3083.9715816000003,-98.858,2.084,171.346,1.0
86.9833,128.287222,37.913547,3084.1959144,-98.89,2.027,171.022,1.0
87.0,128.287221,37.913508,3084.4150656,-98.924,1.97,170.701,1.0
87.0166,128.28722,37.913468,3084.6290352000005,-98.96,1.913,170.382,1.0
87.0333,128.28722,37.913429,3084.8375184,-98.997,1.856,170.065,1.0
87.05,128.287219,37.913389,3085.04082,-99.035,1.798,169.75,1.0
87.0666,128.287219,37.91335,3085.2383304000005,-99.075,1.74,169.436,1.0
87.0833,128.28722,37.91331,3085.4306592000003,-99.115,1.682,169.124,1.0
87.1,128.28722,37.913271,3085.6178064,-99.156,1.623,168.814,1.0
87.1166,128.28722,37.913231,3085.7991624000006,-99.198,1.564,168.504,1.0
87.1333,128.287221,37.913192,3085.9753368,-99.239,1.505,168.196,1.0
87.15,128.287222,37.913152,3086.1460248000003,-99.28,1.446,167.889,1.0
87.1666,128.287224,37.913113,3086.3112264,-99.321,1.386,167.584,1.0
87.1833,128.287225,37.913073,3086.4706368,-99.361,1.325,167.279,1.0
87.2,128.287227,37.913034,3086.6248656000002,-99.401,1.264,166.976,1.0
87.2166,128.287229,37.912994,3086.773608,-99.44,1.203,166.674,1.0
87.2333,128.287231,37.912955,3086.9168640000003,-99.478,1.142,166.373,1.0
87.25,128.287233,37.912915,3087.0543288,-99.514,1.08,166.073,1.0
87.2666,128.287236,37.912876,3087.1863072,-99.549,1.018,165.773,1.0
87.2833,128.287239,37.912837,3087.3127992,-99.583,0.955,165.475,1.0
87.3,128.287242,37.912797,3087.4338048000004,-99.615,0.892,165.177,1.0
87.3166,128.287245,37.912758,3087.5490192,-99.646,0.829,164.881,1.0
87.3333,128.287248,37.912718,3087.6587472,-99.675,0.765,164.585,1.0
87.35,128.287252,37.912679,3087.7626840000003,-99.702,0.701,164.29,1.0
87.3666,128.287256,37.91264,3087.8611344,-99.727,0.637,163.995,1.0
87.3833,128.28726,37.912601,3087.9540984000005,-99.75,0.572,163.701,1.0
87.4,128.287265,37.912561,3088.0412712,-99.771,0.507,163.408,1.0
87.4166,128.287269,37.912522,3088.1226528,-99.791,0.442,163.116,1.0
87.4333,128.287274,37.912483,3088.1985480000003,-99.809,0.377,162.824,1.0
87.45,128.287279,37.912443,3088.2689568,-99.824,0.311,162.533,1.0
87.4666,128.287284,37.912404,3088.3332695999998,-99.837,0.245,162.242,1.0
87.4833,128.28729,37.912365,3088.3920960000005,-99.848,0.179,161.952,1.0
87.5,128.287296,37.912326,3088.445436,-99.858,0.113,161.662,1.0
87.5166,128.287302,37.912287,3088.4926800000003,-99.866,0.046,161.373,1.0
87.5333,128.287308,37.912248,3088.5344376,-99.872,-0.02,161.084,1.0
87.55,128.287314,37.912209,3088.5707088,-99.876,-0.086,160.796,1.0
87.5666,128.287321,37.91217,3088.600884,-99.877,-0.154,160.508,1.0
87.5833,128.287328,37.912131,3088.6255728,-99.877,-0.221,160.22,1.0
87.6,128.287335,37.912092,3088.6444704,-99.875,-0.288,159.933,1.0
87.6166,128.287342,37.912053,3088.6575768000002,-99.872,-0.356,159.646,1.0
87.6333,128.28735,37.912014,3088.6648920000002,-99.866,-0.423,159.359,1.0
87.65,128.287357,37.911975,3088.6667208000003,-99.859,-0.491,159.073,1.0
87.6666,128.287365,37.911936,3088.6627584,-99.85,-0.559,158.786,1.0
87.6833,128.287374,37.911897,3088.6530048000004,-99.839,-0.627,158.501,1.0
87.7,128.287382,37.911858,3088.6374600000004,-99.826,-0.694,158.215,1.0
87.7166,128.287391,37.91182,3088.616124,-99.813,-0.762,157.93,1.0
87.7333,128.2874,37.911781,3088.5893016,-99.797,-0.83,157.644,1.0
87.75,128.287409,37.911742,3088.556688,-99.78,-0.898,157.36,1.0
87.7666,128.287418,37.911704,3088.5182832,-99.761,-0.966,157.075,1.0
87.7833,128.287428,37.911665,3088.4743920000005,-99.74,-1.034,156.791,1.0
87.8,128.287438,37.911627,3088.4244048,-99.718,-1.102,156.507,1.0
87.8166,128.287448,37.911588,3088.3689312,-99.695,-1.17,156.224,1.0
87.8333,128.287458,37.91155,3088.3076664000005,-99.669,-1.238,155.941,1.0
87.85,128.287468,37.911511,3088.2409152,-99.643,-1.305,155.658,1.0
87.8666,128.287479,37.911473,3088.168068,-99.614,-1.373,155.376,1.0
87.8833,128.28749,37.911435,3088.0900392000003,-99.584,-1.44,155.094,1.0
87.9,128.287501,37.911396,3088.0059144,-99.553,-1.507,154.812,1.0
87.9166,128.287513,37.911358,3087.9163032000006,-99.52,-1.574,154.531,1.0
87.9333,128.287524,37.91132,3087.8209008000003,-99.486,-1.641,154.25,1.0
87.95,128.287536,37.911282,3087.720012,-99.45,-1.708,153.969,1.0
87.9666,128.287548,37.911244,3087.6133320000004,-99.413,-1.775,153.688,1.0
87.9833,128.28756,37.911206,3087.5008608,-99.374,-1.841,153.408,1.0
88.0,128.287573,37.911168,3087.3829032000003,-99.335,-1.908,153.128,1.0
88.0166,128.287586,37.91113,3087.2594592,-99.294,-1.974,152.848,1.0
88.0333,128.287598,37.911092,3087.130224,-99.251,-2.04,152.568,1.0
88.05,128.287612,37.911054,3086.9955024,-99.207,-2.105,152.289,1.0
88.0666,128.287625,37.911017,3086.8549896000004,-99.162,-2.171,152.01,1.0
88.0833,128.287639,37.910979,3086.7092952000003,-99.115,-2.236,151.73,1.0
88.1,128.287653,37.910941,3086.5578096000004,-99.067,-2.301,151.451,1.0
88.1166,128.287667,37.910904,3086.4005328000003,-99.019,-2.366,151.173,1.0
88.1333,128.287681,37.910866,3086.2380744,-98.968,-2.43,150.894,1.0
88.15,128.287695,37.910829,3086.0698248000003,-98.917,-2.495,150.615,1.0
88.1666,128.28771,37.910791,3085.8960888,-98.864,-2.559,150.337,1.0
88.1833,128.287725,37.910754,3085.7171712000004,-98.809,-2.622,150.059,1.0
88.2,128.28774,37.910717,3085.5324624000004,-98.754,-2.686,149.78,1.0
88.2166,128.287756,37.91068,3085.3422671999997,-98.698,-2.749,149.502,1.0
88.2333,128.287771,37.910643,3085.1468904,-98.64,-2.812,149.224,1.0
88.25,128.287787,37.910606,3084.9460272,-98.581,-2.874,148.946,1.0
88.2666,128.287803,37.910569,3084.7393728,-98.521,-2.937,148.669,1.0
88.2833,128.287819,37.910532,3084.5278416,-98.459,-2.998,148.391,1.0
88.3,128.287836,37.910495,3084.3105192000003,-98.397,-3.06,148.113,1.0
88.3166,128.287852,37.910458,3084.0880152,-98.333,-3.121,147.836,1.0
88.3333,128.287869,37.910421,3083.8600248000002,-98.269,-3.182,147.56,1.0
88.35,128.287887,37.910385,3083.6268528000005,-98.203,-3.242,147.284,1.0
88.3666,128.287904,37.910348,3083.3884992,-98.136,-3.302,147.01,1.0
88.3833,128.287921,37.910312,3083.1446592,-98.068,-3.361,146.736,1.0
88.4,128.287939,37.910275,3082.8956376,-97.999,-3.42,146.463,1.0
88.4166,128.287957,37.910239,3082.6414344000004,-97.929,-3.479,146.189,1.0
88.4333,128.287975,37.910203,3082.3820496,-97.858,-3.536,145.92,1.0
88.45,128.287994,37.910167,3082.1171784000003,-97.786,-3.593,145.653,1.0
88.4666,128.288012,37.91013,3081.8474304000006,-97.714,-3.649,145.389,1.0
88.4833,128.288031,37.910094,3081.5725008000004,-97.64,-3.705,145.126,1.0
88.5,128.28805,37.910059,3081.2923896,-97.566,-3.76,144.864,1.0
88.5166,128.28807,37.910023,3081.0070968,-97.491,-3.815,144.602,1.0
88.5333,128.288089,37.909987,3080.7169272,-97.415,-3.869,144.343,1.0
88.55,128.288109,37.909951,3080.421576,-97.338,-3.922,144.086,1.0
88.5666,128.288129,37.909916,3080.121348,-97.261,-3.974,143.832,1.0
88.5833,128.288149,37.90988,3079.8159384,-97.183,-4.026,143.578,1.0
88.6,128.288169,37.909845,3079.5059568,-97.104,-4.078,143.325,1.0
88.6166,128.28819,37.909809,3079.1907936000002,-97.025,-4.129,143.071,1.0
88.6333,128.28821,37.909774,3078.8707535999997,-96.946,-4.18,142.82,1.0
88.65,128.288231,37.909739,3078.5458368000004,-96.865,-4.229,142.571,1.0
88.6666,128.288252,37.909704,3078.2160432,-96.785,-4.279,142.324,1.0
88.6833,128.288274,37.909668,3077.8813728,-96.703,-4.327,142.077,0.9988301052607164
88.7,128.288295,37.909634,3077.5421304000006,-96.622,-4.376,141.831,0.9976347189536818
88.7166,128.288317,37.909599,3077.1980112,-96.54,-4.424,141.584,0.9964094520738302
88.7333,128.288339,37.909564,3076.8493200000003,-96.457,-4.471,141.339,0.9964094520738302
88.75,128.288361,37.909529,3076.4957520000003,-96.374,-4.518,141.096,0.9964094520738302
88.7666,128.288383,37.909495,3076.1376120000004,-96.291,-4.564,140.853,0.9964094520738302
88.7833,128.288406,37.90946,3075.7745952,-96.208,-4.61,140.611,0.9964094520738302
88.8,128.288428,37.909426,3075.4073112,-96.124,-4.655,140.369,0.9964094520738302
88.8166,128.288451,37.909391,3075.0351504000005,-96.04,-4.7,140.127,0.9964094520738302
88.8333,128.288474,37.909357,3074.6587224,-95.956,-4.745,139.886,0.9964094520738302
88.85,128.288498,37.909323,3074.2777224,-95.872,-4.789,139.646,0.9964094520738302
88.8666,128.288521,37.909289,3073.8921504000004,-95.787,-4.832,139.407,0.9964094520738302
88.8833,128.288545,37.909255,3073.5020064,-95.702,-4.875,139.168,0.9964094520738302
88.9,128.288569,37.909221,3073.1075952,-95.617,-4.918,138.929,0.9964094520738302
88.9166,128.288593,37.909187,3072.7086120000004,-95.532,-4.96,138.689,0.9964094520738302
88.9333,128.288617,37.909153,3072.3053616,-95.446,-5.002,138.451,0.9964094520738302
88.95,128.288642,37.90912,3071.8978440000005,-95.36,-5.043,138.213,0.9964094520738302
88.9666,128.288666,37.909086,3071.4860592,-95.275,-5.084,137.976,0.9964094520738302
88.9833,128.288691,37.909053,3071.0697024,-95.189,-5.125,137.739,0.9964094520738302
89.0,128.288716,37.90902,3070.6493832,-95.103,-5.165,137.502,0.9964094520738302
89.0166,128.288741,37.908986,3070.2247968,-95.017,-5.205,137.264,0.9964094520738302
89.0333,128.288767,37.908953,3069.7959432000002,-94.931,-5.244,137.027,0.9964094520738302
89.05,128.288792,37.90892,3069.3628224,-94.844,-5.283,136.79,0.9964094520738302
89.0666,128.288818,37.908887,3068.9257392000004,-94.758,-5.321,136.553,0.9964094520738302
89.0833,128.288844,37.908854,3068.4846936000004,-94.672,-5.359,136.317,0.9964094520738302
89.1,128.28887,37.908822,3068.0393808,-94.585,-5.397,136.08,0.9964094520738302
89.1166,128.288896,37.908789,3067.5898008000004,-94.499,-5.434,135.843,0.9964094520738302
89.1333,128.288923,37.908756,3067.1365632,-94.413,-5.471,135.606,0.9964094520738302
89.15,128.288949,37.908724,3066.6790584,-94.326,-5.508,135.369,0.9964094520738302
89.1666,128.288976,37.908692,3066.217896,-94.24,-5.544,135.132,0.9964094520738302
89.1833,128.289003,37.908659,3065.7524664000002,-94.154,-5.58,134.895,0.9964094520738302
89.2,128.28903,37.908627,3065.2833792,-94.067,-5.615,134.657,0.9964094520738302
89.2166,128.289058,37.908595,3064.8103296000004,-93.981,-5.651,134.42,0.9964094520738302
89.2333,128.289085,37.908563,3064.3333176,-93.895,-5.685,134.182,0.9964094520738302
89.25,128.289113,37.908531,3063.852648,-93.809,-5.72,133.944,0.9964094520738302
89.2666,128.289141,37.908499,3063.3680160000004,-93.724,-5.754,133.706,0.9964094520738302
89.2833,128.289169,37.908468,3062.8797264,-93.638,-5.787,133.468,0.9964094520738302
89.3,128.289197,37.908436,3062.3877792000003,-93.553,-5.821,133.229,0.9964094520738302
89.3166,128.289226,37.908405,3061.8918696,-93.467,-5.854,132.991,0.9964094520738302
89.3333,128.289254,37.908373,3061.3923024,-93.382,-5.886,132.751,0.9964094520738302
89.35,128.289283,37.908342,3060.8893824,-93.298,-5.919,132.512,0.9964094520738302
89.3666,128.289312,37.908311,3060.3825,-93.213,-5.951,132.272,0.9964094520738302
89.3833,128.289341,37.90828,3059.8722648,-93.129,-5.982,132.032,0.9964094520738302
89.4,128.28937,37.908249,3059.358372,-93.046,-6.013,131.791,0.9964094520738302
89.4166,128.2894,37.908218,3058.8408216,-92.962,-6.044,131.55,0.9964094520738302
89.4333,128.28943,37.908188,3058.3196136,-92.879,-6.075,131.309,0.9964094520738302
89.45,128.289459,37.908157,3057.7950528,-92.796,-6.105,131.067,0.9964094520738302
89.4666,128.289489,37.908126,3057.2671392,-92.714,-6.135,130.824,0.9964094520738302
89.4833,128.289519,37.908096,3056.735568,-92.632,-6.165,130.582,0.9964094520738302
89.5,128.28955,37.908066,3056.2006440000005,-92.55,-6.195,130.339,0.9964094520738302
89.5166,128.28958,37.908036,3055.6623672,-92.469,-6.224,130.095,0.9964094520738302
89.5333,128.289611,37.908005,3055.1207375999998,-92.388,-6.252,129.851,0.9964094520738302
89.55,128.289642,37.907975,3054.5757552000005,-92.308,-6.281,129.606,0.9964094520738302
89.5666,128.289673,37.907946,3054.02742,-92.228,-6.309,129.361,0.9964094520738302
89.5833,128.289704,37.907916,3053.4757320000003,-92.149,-6.337,129.115,0.9964094520738302
89.6,128.289735,37.907886,3052.9206912000004,-92.07,-6.364,128.869,0.9964094520738302
89.6166,128.289766,37.907857,3052.3626024,-91.992,-6.392,128.622,0.9964094520738302
89.6333,128.289798,37.907827,3051.8011608,-91.914,-6.419,128.375,0.9964094520738302
89.65,128.28983,37.907798,3051.2366712000003,-91.837,-6.445,128.127,0.9964094520738302
89.6666,128.289862,37.907769,3050.6688288,-91.76,-6.472,127.878,0.9964094520738302
89.6833,128.289894,37.90774,3050.0976336,-91.684,-6.498,127.629,0.9964094520738302
89.7,128.289926,37.907711,3049.5236952,-91.609,-6.524,127.38,0.9964094520738302
89.7166,128.289958,37.907682,3048.946404,-91.534,-6.549,127.13,0.9964094520738302
89.7333,128.289991,37.907653,3048.3660648,-91.46,-6.574,126.879,0.9964094520738302
89.75,128.290024,37.907625,3047.7826776,-91.386,-6.599,126.628,0.9964094520738302
89.7666,128.290056,37.907596,3047.1962424,-91.313,-6.624,126.375,0.9964094520738302
89.7833,128.290089,37.907568,3046.6067592000004,-91.241,-6.649,126.123,0.9964094520738302
89.8,128.290123,37.907539,3046.0145328000003,-91.169,-6.673,125.87,0.9964094520738302
89.8166,128.290156,37.907511,3045.4189536,-91.098,-6.697,125.616,0.9964094520738302
89.8333,128.290189,37.907483,3044.8206312,-91.027,-6.72,125.362,0.9964094520738302
89.85,128.290223,37.907455,3044.2192608,-90.957,-6.744,125.106,0.9964094520738302
89.8666,128.290257,37.907427,3043.6151472,-90.888,-6.767,124.85,0.9964094520738302
89.8833,128.290291,37.9074,3043.0079855999998,-90.82,-6.79,124.593,0.9964094520738302
89.9,128.290325,37.907372,3042.3980808,-90.752,-6.813,124.336,0.9964094520738302
89.9166,128.290359,37.907345,3041.7851280000004,-90.684,-6.835,124.079,0.9964094520738302
89.9333,128.290394,37.907317,3041.169432,-90.618,-6.857,123.82,0.9964094520738302
89.95,128.290428,37.90729,3040.5509928,-90.552,-6.879,123.561,0.9964094520738302
89.9666,128.290463,37.907263,3039.9298104,-90.487,-6.901,123.3,0.9964094520738302
89.9833,128.290498,37.907236,3039.3058848000005,-90.423,-6.923,123.039,0.9964094520738302
90.0,128.290533,37.907209,3038.679216,-90.359,-6.944,122.777,0.9964094520738302
90.0166,128.290568,37.907183,3038.049804,-90.296,-6.965,122.516,0.9964094520738302
90.0333,128.290603,37.907156,3037.4176488000003,-90.233,-6.986,122.253,0.9964094520738302
90.05,128.290639,37.90713,3036.7827504,-90.172,-7.006,121.989,0.9964094520738302
90.0666,128.290674,37.907103,3036.1451088,-90.111,-7.027,121.723,0.9964094520738302
90.0833,128.29071,37.907077,3035.5050287999998,-90.05,-7.047,121.458,0.9964094520738302
90.1,128.290746,37.907051,3034.8622056000004,-89.991,-7.067,121.192,0.9964094520738302
90.1166,128.290782,37.907025,3034.2169440000002,-89.931,-7.087,120.926,0.9964094520738302
90.1333,128.290818,37.907,3033.5689392000004,-89.873,-7.106,120.658,0.9964094520738302
90.15,128.290855,37.906974,3032.9184960000002,-89.816,-7.126,120.389,0.9964094520738302
90.1666,128.290891,37.906948,3032.2653096000004,-89.759,-7.145,120.119,0.9964094520738302
90.1833,128.290928,37.906923,3031.6096848,-89.702,-7.164,119.849,0.9964094520738302
90.2,128.290965,37.906898,3030.9516215999997,-89.647,-7.183,119.578,0.9964094520738302
90.2166,128.291001,37.906872,3030.29112,-89.592,-7.201,119.308,0.9964094520738302
90.2333,128.291038,37.906847,3029.6278752000003,-89.537,-7.219,119.035,0.9964094520738302
90.25,128.291076,37.906823,3028.9624968,-89.484,-7.238,118.761,0.9964094520738302
90.2666,128.291113,37.906798,3028.2943752,-89.431,-7.256,118.487,0.9964094520738302
90.2833,128.291151,37.906773,3027.62412,-89.378,-7.274,118.211,0.9964094520738302
90.3,128.291188,37.906749,3026.9514264,-89.327,-7.291,117.936,0.9964094520738302
90.3166,128.291226,37.906724,3026.2759896000002,-89.275,-7.309,117.66,0.9964094520738302
90.3333,128.291264,37.9067,3025.598724,-89.225,-7.326,117.383,0.9964094520738302
90.35,128.291302,37.906676,3024.9187152,-89.175,-7.343,117.104,0.9964094520738302
90.3666,128.29134,37.906652,3024.2365728,-89.126,-7.36,116.824,0.9964094520738302
90.3833,128.291378,37.906629,3023.5519920000006,-89.078,-7.377,116.543,0.9964094520738302
90.4,128.291417,37.906605,3022.8652776000004,-89.03,-7.394,116.262,0.9964094520738302
90.4166,128.291455,37.906581,3022.1761248000003,-88.982,-7.41,115.982,0.9964094520738302
90.4333,128.291494,37.906558,3021.4845336,-88.935,-7.426,115.7,0.9964094520738302
90.45,128.291533,37.906535,3020.7911136000002,-88.889,-7.442,115.415,0.9964094520738302
90.4666,128.291572,37.906512,3020.0952552000003,-88.843,-7.458,115.13,0.9964094520738302
90.4833,128.291611,37.906489,3019.3969584,-88.798,-7.474,114.844,0.9964094520738302
90.5,128.29165,37.906466,3018.6968328000003,-88.754,-7.49,114.559,0.9964094520738302
90.5166,128.29169,37.906444,3017.9942688,-88.71,-7.506,114.273,0.9964094520738302
90.5333,128.291729,37.906421,3017.2895712000004,-88.666,-7.521,113.985,0.9964094520738302
90.55,128.291769,37.906399,3016.58274,-88.624,-7.536,113.696,0.9964094520738302
90.5666,128.291809,37.906377,3015.8737752,-88.582,-7.551,113.405,0.9964094520738302
90.5833,128.291849,37.906355,3015.1626768,-88.54,-7.566,113.113,0.9964094520738302
90.6,128.291889,37.906333,3014.4494448,-88.499,-7.581,112.822,0.9964094520738302
90.6166,128.291929,37.906311,3013.7343840000003,-88.458,-7.596,112.531,0.9964094520738302
90.6333,128.291969,37.906289,3013.0168848000003,-88.419,-7.61,112.238,0.9964094520738302
90.65,128.292009,37.906268,3012.2975568,-88.38,-7.625,111.944,0.9964094520738302
90.6666,128.29205,37.906247,3011.5760952,-88.341,-7.639,111.65,0.9964094520738302
90.6833,128.292091,37.906226,3010.8525,-88.303,-7.654,111.355,0.9964094520738302
90.7,128.292131,37.906205,3010.127076,-88.266,-7.668,111.06,0.9964094520738302
90.7166,128.292172,37.906184,3009.3995184,-88.229,-7.682,110.765,0.9964094520738302
90.7333,128.292213,37.906163,3008.670132,-88.193,-7.696,110.471,0.9964094520738302
90.75,128.292255,37.906143,3007.9386120000004,-88.158,-7.71,110.178,0.9964094520738302
90.7666,128.292296,37.906122,3007.2052632,-88.124,-7.723,109.885,0.9964094520738302
90.7833,128.292337,37.906102,3006.4697808,-88.09,-7.737,109.592,0.9964094520738302
90.8,128.292379,37.906082,3005.7324696,-88.057,-7.751,109.3,0.9964094520738302
90.8166,128.292421,37.906062,3004.9933296000004,-88.024,-7.765,109.008,0.9964094520738302
90.8333,128.292462,37.906043,3004.252056,-87.993,-7.778,108.716,0.9964094520738302
90.85,128.292504,37.906023,3003.5092584,-87.962,-7.792,108.425,0.9964094520738302
90.8666,128.292546,37.906004,3002.7643272,-87.932,-7.805,108.134,0.9964094520738302
90.8833,128.292588,37.905984,3002.0175672,-87.902,-7.819,107.844,0.9964094520738302
90.9,128.292631,37.905965,3001.2686736000005,-87.874,-7.832,107.554,0.9964094520738302
90.9166,128.292673,37.905947,3000.518256,-87.845,-7.846,107.264,0.9964094520738302
90.9333,128.292715,37.905928,2999.7660096000004,-87.818,-7.859,106.974,0.9964094520738302
90.95,128.292758,37.905909,2999.0119344000004,-87.791,-7.873,106.685,0.9964094520738302
90.9666,128.292801,37.905891,2998.2560304000003,-87.765,-7.886,106.396,0.9964094520738302
90.9833,128.292843,37.905873,2997.4982976,-87.74,-7.899,106.107,0.9964094520738302
91.0,128.292886,37.905855,2996.7387360000002,-87.715,-7.913,105.818,0.9964094520738302
91.0166,128.292929,37.905837,2995.9773456000003,-87.691,-7.926,105.53,0.9964094520738302
91.0333,128.292972,37.905819,2995.2135168000004,-87.568,-7.927,105.251,0.9964094520738302
91.05,128.293016,37.905801,2994.4478592,-87.351,-7.917,104.983,0.9964094520738302
91.0666,128.293059,37.905784,2993.6809824,-87.036,-7.899,104.721,0.9964094520738302
91.0833,128.293102,37.905767,2992.9122768,-86.622,-7.876,104.463,0.9964094520738302
91.1,128.293146,37.905749,2992.1417424,-86.109,-7.85,104.207,0.9964094520738302
91.1166,128.293189,37.905732,2991.3702936000004,-85.5,-7.822,103.951,0.9964094520738302
91.1333,128.293233,37.905715,2990.597016,-84.799,-7.792,103.694,0.9964094520738302
91.15,128.293277,37.905699,2989.822824,-84.01,-7.758,103.436,0.9964094520738302
91.1666,128.293321,37.905682,2989.0471079999998,-83.139,-7.72,103.179,0.9964094520738302
91.1833,128.293365,37.905665,2988.2704776,-82.188,-7.677,102.922,0.9964094520738302
91.2,128.293409,37.905649,2987.4929328000003,-81.163,-7.63,102.666,0.9964094520738302
91.2166,128.293453,37.905632,2986.7150831999998,-80.068,-7.576,102.413,0.9964094520738302
91.2333,128.293497,37.905616,2985.9369288,-78.938,-7.52,102.158,0.9964094520738302
91.25,128.293541,37.9056,2985.159384,-77.785,-7.462,101.902,0.9964094520738302
91.2666,128.293585,37.905584,2984.3827536,-76.617,-7.4,101.647,0.9964094520738302
91.2833,128.29363,37.905568,2983.6067328000004,-75.439,-7.333,101.395,0.9964094520738302
91.3,128.293674,37.905552,2982.8325408,-74.257,-7.261,101.146,0.9964094520738302
91.3166,128.293719,37.905537,2982.059568,-73.073,-7.182,100.9,0.9964094520738302
91.3333,128.293764,37.905521,2981.2878144,-71.839,-7.094,100.676,0.9964094520738302
91.35,128.293809,37.905506,2980.5172800000005,-70.562,-7.003,100.487,0.9964094520738302
91.3666,128.293853,37.905491,2979.7479648,-69.24,-6.917,100.346,0.9964094520738302
91.3833,128.293898,37.905476,2978.979564,-67.874,-6.845,100.267,0.9964094520738302
91.4,128.293943,37.905461,2978.2126872000003,-66.465,-6.791,100.253,0.9964094520738302
91.4166,128.293988,37.905446,2977.4473344000003,-65.013,-6.754,100.294,0.9964094520738302
91.4333,128.294033,37.905431,2976.6835056000004,-63.515,-6.73,100.373,0.9964094520738302
91.45,128.294079,37.905416,2975.9212008000004,-61.971,-6.713,100.476,0.9964094520738302
91.4666,128.294124,37.905402,2975.1607248,-60.377,-6.697,100.587,0.9964094520738302
91.4833,128.294169,37.905387,2974.4023824,-58.733,-6.679,100.702,0.9964094520738302
91.5,128.294215,37.905373,2973.6455640000004,-57.037,-6.661,100.819,0.9964094520738302
91.5166,128.29426,37.905358,2972.8908792,-55.289,-6.641,100.938,0.9964094520738302
91.5333,128.294306,37.905344,2972.1380232,-53.487,-6.621,101.059,0.9964094520738302
91.55,128.294351,37.905329,2971.3873008000005,-51.631,-6.602,101.182,0.9964094520738302
91.5666,128.294397,37.905315,2970.6384072,-49.72,-6.583,101.308,0.9964094520738302
91.5833,128.294443,37.905301,2969.8910376,-47.752,-6.565,101.436,0.9964094520738302
91.6,128.294488,37.905287,2969.1454968,-45.729,-6.547,101.567,0.9964094520738302
91.6166,128.294534,37.905273,2968.4014800000004,-43.651,-6.529,101.702,0.9964094520738302
91.6333,128.29458,37.905259,2967.6586824,-41.519,-6.509,101.841,0.9964094520738302
91.65,128.294626,37.905245,2966.9174088,-39.333,-6.487,101.985,0.9964094520738302
91.6666,128.294672,37.905231,2966.1770496,-37.094,-6.463,102.134,0.9964094520738302
91.6833,128.294718,37.905217,2965.4379096000002,-34.801,-6.437,102.29,0.9964094520738302
91.7,128.294764,37.905203,2964.6990744,-32.456,-6.41,102.453,0.9964094520738302
91.7166,128.294811,37.905189,2963.9608488000003,-30.058,-6.382,102.624,0.9964094520738302
91.7333,128.294857,37.905175,2963.2226232000003,-27.608,-6.352,102.805,0.9964094520738302
91.75,128.294903,37.905161,2962.4847024,-25.104,-6.323,102.995,0.9964094520738302
91.7666,128.29495,37.905147,2961.746172,-22.546,-6.293,103.196,0.9964094520738302
91.7833,128.294996,37.905134,2961.0073368000003,-19.936,-6.266,103.408,0.9964094520738302
91.8,128.295042,37.90512,2960.2675872000004,-17.273,-6.24,103.632,0.9964094520738302
91.8166,128.295089,37.905106,2959.5263136000003,-14.556,-6.218,103.867,0.9964094520738302
91.8333,128.295135,37.905092,2958.7838208000003,-11.787,-6.201,104.113,0.9964094520738302
91.85,128.295182,37.905078,2958.0394992,-8.965,-6.189,104.37,0.9964094520738302
91.8666,128.295229,37.905065,2957.2930440000005,-6.091,-6.185,104.638,0.9964094520738302
91.8833,128.295275,37.905051,2956.5441504,-3.168,-6.189,104.914,0.9964094520738302
91.9,128.295322,37.905037,2955.7925136000003,-0.194,-6.204,105.199,0.9964094520738302
91.9166,128.295369,37.905023,2955.0378288,2.826,-6.23,105.491,0.9964094520738302
91.9333,128.295416,37.90501,2954.2807056000006,5.893,-6.251,105.788,0.9964094520738302
91.95,128.295462,37.904996,2953.5211440000003,8.999,-6.262,106.091,0.9964094520738302
91.9666,128.295509,37.904982,2952.7594488000004,12.137,-6.267,106.398,0.9964094520738302
91.9833,128.295556,37.904968,2951.9953152,15.3,-6.275,106.706,0.9964094520738302
92.0,128.295603,37.904955,2951.2287432000003,18.484,-6.292,107.011,0.9964094520738302
92.0166,128.29565,37.904941,2950.4597328000004,21.685,-6.319,107.312,0.9964094520738302
92.0333,128.295697,37.904927,2949.6891984000004,24.898,-6.341,107.611,0.9964094520738302
92.05,128.295744,37.904913,2948.91714,28.119,-6.344,107.917,0.9964094520738302
92.0666,128.295791,37.904899,2948.1435576000003,31.345,-6.315,108.237,0.9964094520738302
92.0833,128.295838,37.904886,2947.3684512,34.574,-6.265,108.567,0.9964094520738302
92.1,128.295886,37.904872,2946.591516,37.805,-6.207,108.898,0.9964094520738302
92.1166,128.295933,37.904858,2945.8133616,41.039,-6.149,109.224,0.9964094520738302
92.1333,128.29598,37.904844,2945.0342928,44.271,-6.078,109.557,0.9964094520738302
92.15,128.296027,37.90483,2944.2543096000004,47.501,-5.985,109.907,0.9964094520738302
92.1666,128.296075,37.904816,2943.4737168,50.728,-5.87,110.278,0.9964094520738302
92.1833,128.296122,37.904803,2942.6922096000003,53.952,-5.746,110.659,0.9964094520738302
92.2,128.296169,37.904789,2941.9100928000003,57.175,-5.619,111.041,0.9964094520738302
92.2166,128.296217,37.904775,2941.1270616,60.398,-5.495,111.418,0.9964094520738302
92.2333,128.296264,37.904761,2940.3443352000004,63.415,-5.343,111.794,0.9964094520738302
92.25,128.296311,37.904747,2939.5625232,66.23,-5.161,112.183,0.9964094520738302
92.2666,128.296359,37.904732,2938.7828448,68.851,-4.971,112.587,0.9964094520738302
92.2833,128.296406,37.904718,2938.0056048,71.288,-4.796,113.005,0.9964094520738302
92.3,128.296453,37.904704,2937.2308032000005,73.565,-4.648,113.433,0.9964094520738302
92.3166,128.296501,37.904689,2936.45844,75.714,-4.531,113.868,0.9964094520738302
92.3333,128.296548,37.904675,2935.6876008000004,77.642,-4.429,114.316,0.9964094520738302
92.35,128.296595,37.90466,2934.9188952,79.371,-4.335,114.777,0.9964094520738302
92.3666,128.296643,37.904646,2934.1520184,80.909,-4.254,115.245,0.9964094520738302
92.3833,128.29669,37.904631,2933.3866656,82.265,-4.187,115.716,0.9964094520738302
92.4,128.296737,37.904616,2932.6231416000005,83.448,-4.135,116.185,0.9964094520738302
92.4166,128.296784,37.904601,2931.8611416000003,84.489,-4.1,116.652,0.9964094520738302
92.4333,128.296831,37.904585,2931.1003608,85.377,-4.079,117.116,0.9964094520738302
92.45,128.296878,37.90457,2930.3401896000005,86.122,-4.068,117.576,0.9964094520738302
92.4666,128.296925,37.904554,2929.5809328000005,86.735,-4.066,118.031,0.9964094520738302
92.4833,128.296971,37.904538,2928.8219808,87.223,-4.072,118.482,0.9964094520738302
92.5,128.297018,37.904523,2928.0636384,87.595,-4.085,118.928,0.9964094520738302
92.5166,128.297065,37.904506,2927.3052960000005,87.858,-4.103,119.368,0.9964094520738302
92.5333,128.297111,37.90449,2926.5469536,88.02,-4.125,119.802,0.9964094520738302
92.55,128.297157,37.904474,2925.7886112,88.085,-4.15,120.229,0.9964094520738302
92.5666,128.297204,37.904457,2925.0299640000003,88.061,-4.178,120.65,0.9964094520738302
92.5833,128.29725,37.90444,2924.2716216,87.951,-4.206,121.066,0.9964094520738302
92.6,128.297296,37.904423,2923.5129744,87.761,-4.234,121.476,0.9964094520738302
92.6166,128.297342,37.904406,2922.7543272000003,87.494,-4.261,121.882,0.9964094520738302
92.6333,128.297387,37.904388,2921.9956800000004,87.155,-4.287,122.283,0.9964094520738302
92.65,128.297433,37.904371,2921.2370328,86.751,-4.311,122.679,0.9964094520738302
92.6666,128.297479,37.904353,2920.4786904000002,86.294,-4.334,123.07,0.9964094520738302
92.6833,128.297524,37.904335,2919.7206528,85.793,-4.356,123.456,0.9964094520738302
92.7,128.29757,37.904317,2918.9632248000003,85.258,-4.377,123.838,0.9964094520738302
92.7166,128.297615,37.904299,2918.2061016,84.696,-4.396,124.215,0.9964094520738302
92.7333,128.29766,37.904281,2917.449588,84.129,-4.414,124.59,0.9964094520738302
92.75,128.297705,37.904262,2916.6933792,83.563,-4.432,124.96,0.9964094520738302
92.7666,128.29775,37.904243,2915.9383896000004,82.998,-4.447,125.328,0.9964094520738302
92.7833,128.297795,37.904225,2915.1843144000004,82.436,-4.458,125.691,0.9964094520738302
92.8,128.29784,37.904206,2914.4311536,81.875,-4.465,126.049,0.9964094520738302
92.8166,128.297884,37.904186,2913.6792120000005,81.316,-4.467,126.403,0.9964094520738302
92.8333,128.297929,37.904167,2912.9287944,80.785,-4.467,126.754,0.9964094520738302
92.85,128.297973,37.904148,2912.1795960000004,80.281,-4.467,127.102,0.9964094520738302
92.8666,128.298017,37.904128,2911.4319216,79.799,-4.464,127.447,0.9964094520738302
92.8833,128.298062,37.904108,2910.6857712000005,79.338,-4.457,127.788,0.9964094520738302
92.9,128.298106,37.904088,2909.9417544000003,78.891,-4.445,128.125,0.9964094520738302
92.9166,128.29815,37.904068,2909.1995664,78.456,-4.428,128.457,0.9964094520738302
92.9333,128.298194,37.904048,2908.4595120000004,78.054,-4.411,128.787,0.9964094520738302
92.95,128.298237,37.904027,2907.7209816,77.683,-4.392,129.114,0.9964094520738302
92.9666,128.298281,37.904007,2906.9848896000003,77.336,-4.372,129.438,0.9964094520738302
92.9833,128.298325,37.903986,2906.251236,77.01,-4.348,129.759,0.9964094520738302
93.0,128.298368,37.903965,2905.5200208,76.7,-4.321,130.077,0.9964094520738302
93.0166,128.298411,37.903944,2904.7912440000005,76.403,-4.29,130.391,0.9964094520738302
93.0333,128.298455,37.903923,2904.0649056,76.133,-4.259,130.702,0.9964094520738302
93.05,128.298498,37.903902,2903.3413104,75.885,-4.227,131.011,0.9964094520738302
93.0666,128.298541,37.90388,2902.6204584,75.657,-4.193,131.318,0.9964094520738302
93.0833,128.298584,37.903859,2901.9023496,75.444,-4.157,131.622,0.9964094520738302
93.1,128.298627,37.903837,2901.186984,75.243,-4.119,131.923,0.9964094520738302
93.1166,128.298669,37.903815,2900.4749712000003,75.052,-4.079,132.222,0.9964094520738302
93.1333,128.298712,37.903793,2899.7657016,74.878,-4.038,132.519,0.9964094520738302
93.15,128.298754,37.903771,2899.0597848,74.718,-3.997,132.813,0.9964094520738302
93.1666,128.298796,37.903748,2898.3566112000003,74.569,-3.955,133.106,0.9964094520738302
93.1833,128.298839,37.903726,2897.6570952,74.43,-3.911,133.398,0.9964094520738302
93.2,128.298881,37.903703,2896.9606272,74.299,-3.866,133.687,0.9964094520738302
93.2166,128.298923,37.90368,2896.2678168,74.172,-3.82,133.975,0.9964094520738302
93.2333,128.298964,37.903657,2895.5780544,74.054,-3.773,134.261,0.9964094520738302
93.25,128.299006,37.903634,2894.8919496,73.943,-3.725,134.546,0.9964094520738302
93.2666,128.299048,37.903611,2894.2091976,73.837,-3.677,134.83,0.9964094520738302
93.2833,128.299089,37.903587,2893.5301032,73.735,-3.628,135.113,0.9964094520738302
93.3,128.29913,37.903564,2892.8546664,73.637,-3.578,135.395,0.9964094520738302
93.3166,128.299171,37.90354,2892.1828872000006,73.54,-3.527,135.676,0.9964094520738302
93.3333,128.299212,37.903516,2891.5147656,73.447,-3.475,135.956,0.9964094520738302
93.35,128.299253,37.903492,2890.8506064,73.355,-3.423,136.236,0.9964094520738302
93.3666,128.299294,37.903468,2890.1898,73.265,-3.37,136.515,0.9964094520738302
93.3833,128.299335,37.903443,2889.5332608,73.176,-3.316,136.793,0.9964094520738302
93.4,128.299375,37.903419,2888.8803792,73.088,-3.262,137.07,0.9964094520738302
93.4166,128.299415,37.903394,2888.2314600000004,72.999,-3.207,137.347,0.9964094520738302
93.4333,128.299456,37.903369,2887.5861984000003,72.912,-3.152,137.623,0.9964094520738302
93.45,128.299496,37.903344,2886.945204,72.824,-3.096,137.898,0.9964094520738302
93.4666,128.299535,37.903319,2886.308172,72.735,-3.039,138.173,0.9964094520738302
93.4833,128.299575,37.903294,2885.6751024,72.647,-2.982,138.448,0.9964094520738302
93.5,128.299615,37.903269,2885.0463,72.558,-2.925,138.722,0.9964094520738302
93.5166,128.299654,37.903243,2884.4214600000005,72.469,-2.867,138.995,0.9964094520738302
93.5333,128.299694,37.903218,2883.8008872000005,72.379,-2.808,139.268,0.9964094520738302
93.55,128.299733,37.903192,2883.1842768,72.289,-2.749,139.541,0.9964094520738302
93.5666,128.299772,37.903166,2882.5719336,72.198,-2.689,139.813,0.9964094520738302
93.5833,128.299811,37.90314,2881.9641624000005,72.107,-2.628,140.084,0.9964094520738302
93.6,128.299849,37.903114,2881.3603536,72.015,-2.567,140.356,0.9964094520738302
93.6166,128.299888,37.903087,2880.7611168000003,71.923,-2.506,140.626,0.9964094520738302
93.6333,128.299926,37.903061,2880.1658423999997,71.83,-2.444,140.897,0.9964094520738302
93.65,128.299965,37.903034,2879.5754448,71.737,-2.381,141.167,0.9964094520738302
93.6666,128.300003,37.903007,2878.9893144000002,71.644,-2.318,141.437,0.9964094520738302
93.6833,128.300041,37.90298,2878.4074511999997,71.551,-2.254,141.706,0.9964094520738302
93.7,128.300078,37.902953,2877.8301600000004,71.458,-2.19,141.975,0.9964094520738302
93.7166,128.300116,37.902926,2877.2574408,71.364,-2.125,142.244,0.9964094520738302
93.7333,128.300154,37.902899,2876.6892936000004,71.271,-2.06,142.512,0.9964094520738302
93.75,128.300191,37.902871,2876.1260232000004,71.178,-1.994,142.78,0.9964094520738302
93.7666,128.300228,37.902844,2875.56702,71.086,-1.927,143.048,0.9964094520738302
93.7833,128.300265,37.902816,2875.0128936,70.993,-1.86,143.315,0.9964094520738302
93.8,128.300302,37.902788,2874.4633392,70.901,-1.793,143.582,0.9964094520738302
93.8166,128.300339,37.90276,2873.9183568000003,70.809,-1.724,143.849,0.9964094520738302
93.8333,128.300375,37.902732,2873.3782512,70.718,-1.656,144.115,0.9964094520738302
93.85,128.300412,37.902703,2872.8430224,70.627,-1.587,144.381,0.9964094520738302
93.8666,128.300448,37.902675,2872.3126704,70.538,-1.517,144.647,0.9964094520738302
93.8833,128.300484,37.902646,2871.7871952,70.448,-1.447,144.913,0.9964094520738302
93.9,128.30052,37.902618,2871.2665968,70.36,-1.376,145.178,0.9964094520738302
93.9166,128.300555,37.902589,2870.7508752000003,70.272,-1.305,145.443,0.9964094520738302
93.9333,128.300591,37.90256,2870.2400304000003,70.185,-1.233,145.708,0.9964094520738302
93.95,128.300626,37.902531,2869.7343671999997,70.099,-1.16,145.972,0.9964094520738302
93.9666,128.300661,37.902502,2869.2335808,70.014,-1.088,146.237,0.9964094520738302
93.9833,128.300697,37.902472,2868.7376712000005,69.93,-1.014,146.501,0.9964094520738302
94.0,128.300731,37.902443,2868.247248,69.847,-0.94,146.764,0.9964094520738302
94.0166,128.300766,37.902413,2867.7617016,69.764,-0.866,147.028,0.9964094520738302
94.0333,128.300801,37.902384,2867.2813368,69.683,-0.791,147.291,0.9964094520738302
94.05,128.300835,37.902354,2866.8061536,69.604,-0.716,147.555,0.9964094520738302
94.0666,128.300869,37.902324,2866.3364568,69.525,-0.64,147.817,0.9964094520738302
94.0833,128.300903,37.902294,2865.8716368,69.447,-0.564,148.08,0.9964094520738302
94.1,128.300937,37.902264,2865.4123032,69.371,-0.488,148.343,0.9964094520738302
94.1166,128.300971,37.902233,2864.9581512,69.295,-0.411,148.605,0.9964094520738302
94.1333,128.301004,37.902203,2864.5091807999997,69.22,-0.333,148.867,0.9964094520738302
94.15,128.301038,37.902172,2864.0660016,69.147,-0.255,149.129,0.9964094520738302
94.1666,128.301071,37.902142,2863.6276992,69.075,-0.177,149.39,0.9964094520738302
94.1833,128.301104,37.902111,2863.195188,69.005,-0.098,149.652,0.9964094520738302
94.2,128.301137,37.90208,2862.7681632,68.935,-0.019,149.913,0.9964094520738302
94.2166,128.301169,37.902049,2862.34632,68.866,0.059,150.174,0.9964094520738302
94.2333,128.301202,37.902018,2861.930268,68.798,0.139,150.435,0.9964094520738302
94.25,128.301234,37.901987,2861.5193976,68.732,0.219,150.696,0.9964094520738302
94.2666,128.301266,37.901955,2861.1143184000002,68.668,0.3,150.957,0.9964094520738302
94.2833,128.301298,37.901924,2860.7147256000003,68.604,0.381,151.217,0.9964094520738302
94.3,128.30133,37.901892,2860.320924,68.541,0.462,151.478,0.9964094520738302
94.3166,128.301361,37.90186,2859.9326088000003,68.48,0.544,151.738,0.9964094520738302
94.3333,128.301393,37.901829,2859.5500848,68.419,0.626,151.998,0.9964094520738302
94.35,128.301424,37.901797,2859.1730472,68.361,0.708,152.258,0.9964094520738302
94.3666,128.301455,37.901765,2858.8018008000004,68.303,0.791,152.518,0.9964094520738302
94.3833,128.301486,37.901732,2858.4363456,68.247,0.874,152.777,0.9964094520738302
94.4,128.301516,37.9017,2858.0766816,68.191,0.957,153.037,0.9964094520738302
94.4166,128.301547,37.901668,2857.7228088,68.137,1.041,153.297,0.9964094520738302
94.4333,128.301577,37.901635,2857.3744224,68.084,1.124,153.556,0.9964094520738302
94.45,128.301607,37.901603,2857.0321320000003,68.033,1.208,153.815,0.9964094520738302
94.4666,128.301637,37.90157,2856.6956328000006,67.983,1.293,154.075,0.9964094520738302
94.4833,128.301667,37.901537,2856.3649248,67.935,1.377,154.334,0.9964094520738302
94.5,128.301696,37.901504,2856.0403128,67.887,1.462,154.593,0.9964094520738302
94.5166,128.301725,37.901471,2855.7214920000006,67.84,1.548,154.852,0.9964094520738302
94.5333,128.301755,37.901438,2855.4087672,67.796,1.633,155.111,0.9964094520738302
94.55,128.301783,37.901405,2855.1018336,67.752,1.719,155.37,0.9964094520738302
94.5666,128.301812,37.901372,2854.8006912,67.711,1.804,155.629,0.9964094520738302
94.5833,128.301841,37.901338,2854.5059496,67.67,1.89,155.888,0.9964094520738302
94.6,128.301869,37.901305,2854.2169992,67.63,1.977,156.147,0.9964094520738302
94.6166,128.301897,37.901271,2853.9341448,67.592,2.063,156.405,0.9964094520738302
94.6333,128.301925,37.901237,2853.6570816000003,67.555,2.15,156.664,0.9964094520738302
94.65,128.301953,37.901204,2853.3864192000005,67.52,2.237,156.923,0.9964094520738302
94.6666,128.301981,37.90117,2853.121548,67.486,2.324,157.181,0.9964094520738302
94.6833,128.302008,37.901136,2852.8630776,67.454,2.411,157.44,0.9964094520738302
94.7,128.302035,37.901102,2852.6103984,67.422,2.498,157.699,0.9964094520738302
94.7166,128.302062,37.901067,2852.36412,67.392,2.586,157.957,0.9964094520738302
94.7333,128.302089,37.901033,2852.1239376,67.364,2.673,158.216,0.9964094520738302
94.75,128.302116,37.900999,2851.8898512,67.337,2.761,158.474,0.9964094520738302
94.7666,128.302142,37.900964,2851.6621656,67.312,2.849,158.733,0.9964094520738302
94.7833,128.302169,37.90093,2851.4405760000004,67.288,2.936,158.992,0.9964094520738302
94.8,128.302195,37.900895,2851.2250824000002,67.266,3.024,159.25,0.9964094520738302
94.8166,128.30222,37.90086,2851.0156848,67.244,3.113,159.509,0.9964094520738302
94.8333,128.302246,37.900826,2850.812688,67.225,3.201,159.767,0.9964094520738302
94.85,128.302272,37.900791,2850.616092,67.207,3.289,160.026,0.9964094520738302
94.8666,128.302297,37.900756,2850.4255920000005,67.191,3.377,160.285,0.9964094520738302
94.8833,128.302322,37.900721,2850.241188,67.177,3.466,160.544,0.9964094520738302
94.9,128.302347,37.900685,2850.0634896000006,67.163,3.554,160.803,0.9964094520738302
94.9166,128.302371,37.90065,2849.8915824,67.151,3.643,161.061,0.9964094520738302
94.9333,128.302396,37.900615,2849.7263808,67.141,3.731,161.32,0.9964094520738302
94.95,128.30242,37.900579,2849.5672752,67.133,3.82,161.579,0.9964094520738302
94.9666,128.302444,37.900544,2849.4145704000002,67.127,3.908,161.838,0.9964094520738302
94.9833,128.302468,37.900508,2849.2679616,67.122,3.997,162.098,0.9964094520738302
95.0,128.302492,37.900473,2849.1280584,67.118,4.086,162.357,0.9964094520738302
95.0166,128.302515,37.900437,2848.9942512,67.116,4.174,162.616,0.9964094520738302
95.0333,128.302538,37.900401,2848.8668448,67.116,4.262,162.874,0.9964094520738302
95.05,128.302561,37.900365,2848.7458392000003,67.118,4.35,163.132,0.9964094520738302
95.0666,128.302584,37.900329,2848.6309296,67.121,4.437,163.389,0.9964094520738302
95.0833,128.302607,37.900293,2848.5224208000004,67.127,4.524,163.645,0.9964094520738302
95.1,128.302629,37.900257,2848.4206176,67.134,4.611,163.902,0.9964094520738302
95.1166,128.302651,37.900221,2848.3249104,67.142,4.698,164.159,0.9964094520738302
95.1333,128.302673,37.900185,2848.2352992,67.152,4.783,164.412,0.9964094520738302
95.15,128.302695,37.900148,2848.1523936000003,67.164,4.867,164.661,0.9964094520738302
95.1666,128.302717,37.900112,2848.075584,67.177,4.949,164.908,0.9964094520738302
95.1833,128.302738,37.900075,2848.0051752000004,67.193,5.031,165.154,0.9964094520738302
95.2,128.302759,37.900039,2847.9408624000002,67.209,5.112,165.4,0.9964094520738302
95.2166,128.30278,37.900002,2847.8832552000003,67.227,5.194,165.646,0.9964094520738302
95.2333,128.302801,37.899966,2847.8314392,67.248,5.274,165.889,0.9964094520738302
95.25,128.302821,37.899929,2847.7863288,67.27,5.352,166.128,0.9964094520738302
95.2666,128.302842,37.899892,2847.7470096,67.294,5.429,166.366,0.9964094520738302
95.2833,128.302862,37.899855,2847.7143960000003,67.32,5.506,166.604,0.9964094520738302
95.3,128.302882,37.899818,2847.6875736,67.348,5.583,166.841,0.9964094520738302
95.3166,128.302902,37.899781,2847.667152,67.377,5.66,167.079,0.9964094520738302
95.3333,128.302921,37.899744,2847.6528264,67.408,5.735,167.314,0.9964094520738302
95.35,128.30294,37.899707,2847.6449016,67.442,5.809,167.547,0.9964094520738302
95.3666,128.302959,37.89967,2847.642768,67.478,5.882,167.778,0.9964094520738302
95.3833,128.302978,37.899632,2847.6470352000006,67.515,5.955,168.009,0.9964094520738302
95.4,128.302997,37.899595,2847.6570936000003,67.555,6.027,168.241,0.9964094520738302
95.4166,128.303015,37.899558,2847.6735528000004,67.596,6.1,168.473,0.9964094520738302
95.4333,128.303034,37.89952,2847.6958032000002,67.64,6.171,168.702,0.9964094520738302
95.45,128.303052,37.899483,2847.7238448,67.686,6.241,168.93,0.9964094520738302
95.4666,128.30307,37.899445,2847.7582872000003,67.734,6.311,169.157,0.9964094520738302
95.4833,128.303087,37.899408,2847.7985208,67.784,6.379,169.384,0.9964094520738302
95.5,128.303105,37.89937,2847.8448504000003,67.836,6.448,169.611,0.9964094520738302
95.5166,128.303122,37.899332,2847.8969712000003,67.89,6.517,169.839,0.9964094520738302
95.5333,128.303139,37.899294,2847.9548832,67.946,6.585,170.065,0.9964094520738302
95.55,128.303156,37.899257,2848.0185864,68.005,6.651,170.289,0.9964094520738302
95.5666,128.303172,37.899219,2848.0883856,68.065,6.717,170.513,0.9964094520738302
95.5833,128.303189,37.899181,2848.1636712000004,68.128,6.782,170.737,0.9964094520738302
95.6,128.303205,37.899143,2848.2450528000004,68.192,6.848,170.961,0.9964094520738302
95.6166,128.303221,37.899105,2848.3319208000003,68.258,6.913,171.186,0.9964094520738302
95.6333,128.303237,37.899067,2848.4245800000003,68.327,6.977,171.41,0.9964094520738302
95.65,128.303252,37.899029,2848.5230304,68.397,7.04,171.633,0.9964094520738302
95.6666,128.303268,37.89899,2848.6269672,68.47,7.102,171.855,0.9964094520738302
95.6833,128.303283,37.898952,2848.7363904,68.544,7.164,172.077,0.9964094520738302
95.7,128.303298,37.898914,2848.8516048,68.62,7.226,172.3,0.9964094520738302
95.7166,128.303313,37.898876,2848.9723056000003,68.698,7.288,172.523,0.9964094520738302
95.7333,128.303327,37.898837,2849.0984928000003,68.778,7.349,172.746,0.9964094520738302
95.75,128.303341,37.898799,2849.2301664,68.86,7.409,172.968,0.9964094520738302
95.7666,128.303356,37.89876,2849.3673264,68.944,7.468,173.189,0.9964094520738302
95.7833,128.303369,37.898722,2849.5099728,69.03,7.527,173.411,0.9964094520738302
95.8,128.303383,37.898683,2849.6578008,69.118,7.585,173.633,0.9964094520738302
95.8166,128.303397,37.898645,2849.8111152,69.207,7.644,173.856,0.9964094520738302
95.8333,128.30341,37.898606,2849.9696112,69.298,7.701,174.079,0.9964094520738302
95.85,128.303423,37.898568,2850.1332888,69.391,7.758,174.301,0.9964094520738302
95.8666,128.303436,37.898529,2850.3024528,69.485,7.814,174.523,0.9964094520738302
95.8833,128.303449,37.89849,2850.4764936,69.582,7.87,174.745,0.9964094520738302
95.9,128.303461,37.898451,2850.6560208,69.679,7.925,174.968,0.9964094520738302
95.9166,128.303473,37.898413,2850.8404248,69.778,7.98,175.191,0.9964094520738302
95.9333,128.303486,37.898374,2851.0300104,69.879,8.035,175.414,0.9964094520738302
95.95,128.303497,37.898335,2851.2247776000004,69.982,8.088,175.637,0.9964094520738302
95.9666,128.303509,37.898296,2851.4244215999997,70.086,8.141,175.861,0.9964094520738302
95.9833,128.303521,37.898257,2851.6292472,70.191,8.194,176.084,0.9964094520738302
96.0,128.303532,37.898218,2851.8386448,70.297,8.246,176.308,0.9964094520738302
96.0166,128.303543,37.898179,2852.053224,70.405,8.298,176.533,0.9964094520738302
96.0333,128.303554,37.89814,2852.27268,70.515,8.349,176.758,0.9964094520738302
96.05,128.303564,37.898101,2852.4970128,70.625,8.4,176.983,0.9964094520738302
96.0666,128.303575,37.898062,2852.7259176,70.737,8.45,177.208,0.9964094520738302
96.0833,128.303585,37.898023,2852.9596992,70.85,8.5,177.434,0.9964094520738302
96.1,128.303595,37.897984,2853.1983576000002,70.964,8.549,177.66,0.9964094520738302
96.1166,128.303605,37.897945,2853.441588,71.08,8.598,177.887,0.9964094520738302
96.1333,128.303614,37.897905,2853.6893904,71.196,8.646,178.114,0.9964094520738302
96.15,128.303624,37.897866,2853.9420695999997,71.313,8.694,178.342,0.9964094520738302
96.1666,128.303633,37.897827,2854.199016,71.431,8.741,178.57,0.9964094520738302
96.1833,128.303642,37.897788,2854.4605344,71.55,8.788,178.798,0.9964094520738302
96.2,128.303651,37.897748,2854.7266248,71.67,8.834,179.027,0.9964094520738302
96.2166,128.303659,37.897709,2854.9972872000003,71.791,8.88,179.257,0.9964094520738302
96.2333,128.303668,37.89767,2855.2725216,71.913,8.925,179.487,0.9964094520738302
96.25,128.303676,37.89763,2855.5520232000003,72.035,8.97,179.718,0.9964094520738302
96.2666,128.303684,37.897591,2855.8357920000003,72.157,9.014,179.949,0.9964094520738302
96.2833,128.303691,37.897551,2856.1238280000002,72.28,9.058,180.181,0.9964094520738302
96.3,128.303699,37.897512,2856.4161312,72.404,9.102,180.414,0.9964094520738302
96.3166,128.303706,37.897473,2856.7130064000003,72.529,9.144,180.647,0.9964094520738302
96.3333,128.303713,37.897433,2857.0138440000005,72.653,9.187,180.881,0.9964094520738302
96.35,128.30372,37.897394,2857.3189488000003,72.778,9.229,181.116,0.9964094520738302
96.3666,128.303727,37.897354,2857.628016,72.903,9.271,181.352,0.9964094520738302
96.3833,128.303734,37.897315,2857.9416552000002,73.027,9.312,181.588,0.9964094520738302
96.4,128.30374,37.897275,2858.258952,73.153,9.353,181.825,0.9964094520738302
96.4166,128.303746,37.897235,2858.580516,73.278,9.393,182.063,0.9964094520738302
96.4333,128.303752,37.897196,2858.9060424,73.403,9.433,182.301,0.9964094520738302
96.45,128.303757,37.897156,2859.2355312,73.528,9.473,182.541,0.9964094520738302
96.4666,128.303763,37.897117,2859.5686776000002,73.652,9.512,182.781,0.9964094520738302
96.4833,128.303768,37.897077,2859.9060912,73.777,9.551,183.022,0.9964094520738302
96.5,128.303773,37.897037,2860.2471624000004,73.901,9.589,183.264,0.9964094520738302
96.5166,128.303778,37.896998,2860.592196,74.025,9.627,183.506,0.9964094520738302
96.5333,128.303783,37.896958,2860.9411920000002,74.149,9.664,183.749,0.9964094520738302
96.55,128.303787,37.896918,2861.2938456,74.273,9.701,183.993,0.9964094520738302
96.5666,128.303791,37.896879,2861.6501568000003,74.395,9.738,184.239,0.9964094520738302
96.5833,128.303795,37.896839,2862.0101256000003,74.518,9.774,184.485,0.9964094520738302
96.6,128.303799,37.896799,2862.3740568000003,74.64,9.81,184.731,0.9964094520738302
96.6166,128.303802,37.89676,2862.7413408,74.763,9.845,184.978,0.9964094520738302
96.6333,128.303806,37.89672,2863.1122824000004,74.884,9.88,185.226,0.9964094520738302
96.65,128.303809,37.89668,2863.4868816000003,75.005,9.914,185.476,0.9964094520738302
96.6666,128.303812,37.896641,2863.8648336,75.125,9.949,185.726,0.9964094520738302
96.6833,128.303815,37.896601,2864.2464432,75.245,9.982,185.977,0.9964094520738302
96.7,128.303817,37.896561,2864.6317104,75.365,10.016,186.229,0.9964094520738302
96.7166,128.303819,37.896521,2865.0200256000003,75.484,10.048,186.48,0.9964094520738302
96.7333,128.303821,37.896482,2865.4119984000004,75.603,10.081,186.734,0.9964094520738302
96.75,128.303823,37.896442,2865.807324,75.72,10.113,186.988,0.9964094520738302
96.7666,128.303825,37.896402,2866.2063072,75.837,10.145,187.244,0.9964094520738302
96.7833,128.303826,37.896362,2866.6083384,75.953,10.176,187.5,0.9964094520738302
96.8,128.303827,37.896323,2867.0134176,76.069,10.207,187.757,0.9964094520738302
96.8166,128.303828,37.896283,2867.4221544,76.185,10.237,188.013,0.9964094520738302
96.8333,128.303829,37.896243,2867.8339392000003,76.299,10.267,188.272,0.9964094520738302
96.85,128.30383,37.896203,2868.2490768000002,76.413,10.297,188.532,0.9964094520738302
96.8666,128.30383,37.896164,2868.6672624000003,76.526,10.327,188.793,0.9964094520738302
96.8833,128.30383,37.896124,2869.0884960000003,76.638,10.356,189.054,0.9964094520738302
96.9,128.30383,37.896084,2869.5130824000003,76.75,10.385,189.316,0.9964094520738302
96.9166,128.30383,37.896044,2869.9404120000004,76.861,10.413,189.578,0.9964094520738302
96.9333,128.303829,37.896005,2870.3710944,76.971,10.441,189.842,0.9964094520738302
96.95,128.303829,37.895965,2870.8048248,77.08,10.469,190.107,0.9964094520738302
96.9666,128.303828,37.895925,2871.2416032000006,77.188,10.497,190.374,0.9964094520738302
96.9833,128.303827,37.895886,2871.6811248,77.295,10.524,190.641,0.9964094520738302
97.0,128.303825,37.895846,2872.1236943999997,77.402,10.55,190.908,0.9964094520738302
97.0166,128.303824,37.895806,2872.569312,77.508,10.576,191.175,0.9964094520738302
97.0333,128.303822,37.895766,2873.0176728,77.613,10.602,191.444,0.9964094520738302
97.05,128.30382,37.895727,2873.4690816,77.716,10.628,191.715,0.9964094520738302
97.0666,128.303818,37.895687,2873.9232336,77.819,10.653,191.986,0.9964094520738302
97.0833,128.303815,37.895648,2874.3801288,77.921,10.679,192.259,0.9964094520738302
97.1,128.303812,37.895608,2874.840072,78.022,10.703,192.531,0.9964094520738302
97.1166,128.303809,37.895568,2875.3024536,78.122,10.727,192.803,0.9964094520738302
97.1333,128.303806,37.895529,2875.7678832,78.222,10.751,193.078,0.9964094520738302
97.15,128.303803,37.895489,2876.2357512,78.32,10.775,193.354,0.9964094520738302
97.1666,128.303799,37.89545,2876.7063624,78.417,10.799,193.631,0.9964094520738302
97.1833,128.303796,37.89541,2877.1797168000003,78.513,10.822,193.909,0.9964094520738302
97.2,128.303792,37.89537,2877.6558144000005,78.608,10.845,194.187,0.9964094520738302
97.2166,128.303787,37.895331,2878.1346552000005,78.702,10.867,194.465,0.9964094520738302
97.2333,128.303783,37.895292,2878.6156296000004,78.795,10.889,194.745,0.9964094520738302
97.25,128.303778,37.895252,2879.099652,78.886,10.912,195.027,0.9964094520738302
97.2666,128.303773,37.895213,2879.5861128,78.977,10.934,195.31,0.9964094520738302
97.2833,128.303768,37.895173,2880.0750120000002,79.066,10.956,195.594,0.9964094520738302
97.3,128.303763,37.895134,2880.5663496,79.154,10.977,195.878,0.9964094520738302
97.3166,128.303757,37.895094,2881.0601256000004,79.241,10.998,196.162,0.9964094520738302
97.3333,128.303751,37.895055,2881.5566448,79.327,11.019,196.448,0.9964094520738302
97.35,128.303745,37.895016,2882.0552976,79.411,11.04,196.736,0.9964094520738302
97.3666,128.303739,37.894976,2882.5566936000005,79.494,11.061,197.025,0.9964094520738302
97.3833,128.303733,37.894937,2883.0602232,79.576,11.081,197.315,0.9964094520738302
97.4,128.303726,37.894898,2883.5661912,79.657,11.101,197.605,0.9964094520738302
97.4166,128.303719,37.894859,2884.0745976000003,79.736,11.121,197.895,0.9964094520738302
97.4333,128.303712,37.89482,2884.5854424,79.815,11.14,198.187,0.9964094520738302
97.45,128.303705,37.89478,2885.0984208000004,79.892,11.16,198.481,0.9964094520738302
97.4666,128.303697,37.894741,2885.6138376,79.968,11.179,198.776,0.9964094520738302
97.4833,128.303689,37.894702,2886.131388,80.043,11.199,199.071,0.9964094520738302
97.5,128.303681,37.894663,2886.651072,80.116,11.218,199.367,0.9964094520738302
97.5166,128.303673,37.894624,2887.1731944,80.189,11.236,199.662,0.9964094520738302
97.5333,128.303664,37.894585,2887.6977552000003,80.26,11.254,199.96,0.9964094520738302
97.55,128.303656,37.894546,2888.2241448,80.33,11.273,200.259,0.9964094520738302
97.5666,128.303647,37.894508,2888.7529728,80.4,11.291,200.56,0.9964094520738302
97.5833,128.303637,37.894469,2889.2839344000004,80.468,11.31,200.861,0.9964094520738302
97.6,128.303628,37.89443,2889.8170296000003,80.535,11.328,201.163,0.9964094520738302
97.6166,128.303618,37.894391,2890.3522583999998,80.601,11.345,201.464,0.9964094520738302
97.6333,128.303608,37.894352,2890.8896208,80.666,11.363,201.767,0.9964094520738302
97.65,128.303598,37.894314,2891.4291168000004,80.73,11.38,202.071,0.9964094520738302
97.6666,128.303588,37.894275,2891.9707464000003,80.793,11.398,202.377,0.9964094520738302
97.6833,128.303578,37.894237,2892.5145096,80.855,11.415,202.684,0.9964094520738302
97.7,128.303567,37.894198,2893.0601016,80.916,11.432,202.99,0.9964094520738302
97.7166,128.303556,37.89416,2893.6078272,80.975,11.449,203.296,0.9964094520738302
97.7333,128.303545,37.894121,2894.1576864000003,81.034,11.465,203.601,0.9964094520738302
97.75,128.303533,37.894083,2894.7093744,81.091,11.481,203.906,0.9964094520738302
97.7666,128.303521,37.894044,2895.2631960000003,81.148,11.497,204.211,0.9964094520738302
97.7833,128.303509,37.894006,2895.8191512,81.203,11.512,204.515,0.9964094520738302
97.8,128.303497,37.893968,2896.3769352000004,81.257,11.527,204.819,0.9964094520738302
97.8166,128.303485,37.89393,2896.936548,81.31,11.542,205.122,0.9964094520738302
97.8333,128.303472,37.893892,2897.4979896000004,81.362,11.557,205.425,0.9964094520738302
97.85,128.303459,37.893853,2898.0615648,81.414,11.571,205.727,0.9964094520738302
97.8666,128.303446,37.893815,2898.6272736000005,81.464,11.585,206.029,0.9964094520738302
97.8833,128.303433,37.893778,2899.1945064,81.514,11.599,206.331,0.9964094520738302
97.9,128.30342,37.89374,2899.7635680000003,81.563,11.613,206.632,0.9964094520738302
97.9166,128.303406,37.893702,2900.3347632,81.611,11.626,206.934,0.9964094520738302
97.9333,128.303392,37.893664,2900.9077872000003,81.658,11.639,207.235,0.9964094520738302
97.95,128.303378,37.893626,2901.4823352000003,81.705,11.652,207.535,0.9964094520738302
97.9666,128.303363,37.893589,2902.0590168000003,81.751,11.665,207.836,0.9964094520738302
97.9833,128.303349,37.893551,2902.6372224,81.796,11.678,208.136,0.9964094520738302
98.0,128.303334,37.893514,2903.2175616000004,81.841,11.69,208.436,0.9964094520738302
98.0166,128.303319,37.893476,2903.7994248,81.886,11.703,208.735,0.9964094520738302
98.0333,128.303303,37.893439,2904.3831168,81.93,11.715,209.035,0.9964094520738302
98.05,128.303288,37.893401,2904.9683328000006,81.973,11.727,209.334,0.9964094520738302
98.0666,128.303272,37.893364,2905.5553776,82.016,11.738,209.633,0.9964094520738302
98.0833,128.303256,37.893327,2906.1442512,82.059,11.75,209.932,0.9964094520738302
98.1,128.30324,37.89329,2906.7346488000003,82.101,11.761,210.231,0.9964094520738302
98.1166,128.303223,37.893253,2907.3268752000004,82.142,11.773,210.53,0.9964094520738302
98.1333,128.303207,37.893216,2907.9209304000005,82.184,11.784,210.828,0.9964094520738302
98.15,128.30319,37.893179,2908.5162048,82.225,11.795,211.127,0.9964094520738302
98.1666,128.303173,37.893142,2909.113308,82.265,11.806,211.425,0.9964094520738302
98.1833,128.303155,37.893105,2909.71224,82.305,11.817,211.723,0.9964094520738302
98.2,128.303138,37.893069,2910.3123912,82.345,11.828,212.022,0.9964094520738302
98.2166,128.30312,37.893032,2910.9143712000005,82.384,11.838,212.32,0.9964094520738302
98.2333,128.303102,37.892996,2911.5178752,82.423,11.849,212.618,0.9964094520738302
98.25,128.303084,37.892959,2912.123208,82.462,11.859,212.915,0.9964094520738302
98.2666,128.303065,37.892923,2912.72976,82.5,11.869,213.213,0.9964094520738302
98.2833,128.303046,37.892887,2913.337836,82.538,11.879,213.511,0.9964094520738302
98.3,128.303028,37.89285,2913.9477408000002,82.576,11.889,213.809,0.9964094520738302
98.3166,128.303008,37.892814,2914.5588648,82.613,11.899,214.106,0.9964094520738302
98.3333,128.302989,37.892778,2915.1715128,82.65,11.909,214.404,0.9964094520738302
98.35,128.30297,37.892742,2915.7856848,82.686,11.918,214.702,0.9964094520738302
98.3666,128.30295,37.892706,2916.4013808,82.722,11.928,214.999,0.9964094520738302
98.3833,128.30293,37.892671,2917.0186008000005,82.758,11.938,215.297,0.9964094520738302
98.4,128.30291,37.892635,2917.63704,82.793,11.947,215.594,0.9964094520738302
98.4166,128.302889,37.892599,2918.2570032000003,82.828,11.956,215.892,0.9964094520738302
98.4333,128.302868,37.892564,2918.8784904,82.863,11.965,216.189,0.9964094520738302
98.45,128.302848,37.892529,2919.5015015999998,82.897,11.975,216.487,0.9964094520738302
98.4666,128.302827,37.892493,2920.125732,82.931,11.984,216.784,0.9964094520738302
98.4833,128.302805,37.892458,2920.7511816,82.964,11.993,217.082,0.9964094520738302
98.5,128.302784,37.892423,2921.3781552000005,82.998,12.002,217.379,0.9964094520738302
98.5166,128.302762,37.892388,2922.0066528,83.03,12.01,217.677,0.9964094520738302
98.5333,128.30274,37.892353,2922.6363696,83.063,12.019,217.974,0.9964094520738302
98.55,128.302718,37.892318,2923.2673056000003,83.094,12.028,218.272,0.9964094520738302
98.5666,128.302696,37.892283,2923.8994608,83.126,12.036,218.57,0.9964094520738302
98.5833,128.302673,37.892248,2924.53314,83.157,12.045,218.867,0.9964094520738302
98.6,128.30265,37.892214,2925.1680384,83.188,12.053,219.165,0.9964094520738302
98.6166,128.302627,37.892179,2925.8044608,83.218,12.062,219.462,0.9964094520738302
98.6333,128.302604,37.892145,2926.4417976,83.248,12.07,219.76,0.9964094520738302
98.65,128.302581,37.892111,2927.0806584,83.277,12.078,220.057,0.9964094520738302
98.6666,128.302557,37.892077,2927.7207384000003,83.305,12.086,220.353,0.9964094520738302
98.6833,128.302533,37.892042,2928.3620376,83.333,12.094,220.65,0.9964094520738302
98.7,128.302509,37.892009,2929.004556,83.361,12.102,220.946,0.9964094520738302
98.7166,128.302485,37.891975,2929.6482936,83.387,12.11,221.242,0.9964094520738302
98.7333,128.30246,37.891941,2930.2932504,83.413,12.118,221.538,0.9964094520738302
98.75,128.302436,37.891907,2930.9391216,83.439,12.125,221.834,0.9964094520738302
98.7666,128.302411,37.891874,2931.5865168000005,83.464,12.133,222.129,0.9964094520738302
98.7833,128.302386,37.89184,2932.2351312,83.488,12.14,222.424,0.9964094520738302
98.8,128.30236,37.891807,2932.88466,83.512,12.148,222.719,0.9964094520738302
98.8166,128.302335,37.891774,2933.5354079999997,83.535,12.155,223.014,0.9964094520738302
98.8333,128.302309,37.891741,2934.1873752,83.557,12.163,223.309,0.9964094520738302
98.85,128.302283,37.891707,2934.8405616,83.579,12.17,223.603,0.9964094520738302
98.8666,128.302257,37.891675,2935.4946624000004,83.601,12.177,223.897,0.9964094520738302
98.8833,128.302231,37.891642,2936.1499824,83.622,12.184,224.191,0.9964094520738302
98.9,128.302204,37.891609,2936.8065216,83.643,12.191,224.485,0.9964094520738302
98.9166,128.302178,37.891577,2937.4639752000003,83.663,12.198,224.779,0.9964094520738302
98.9333,128.302151,37.891544,2938.122648,83.682,12.205,225.072,0.9964094520738302
98.95,128.302124,37.891512,2938.7822352000003,83.702,12.212,225.366,0.9964094520738302
98.9666,128.302097,37.89148,2939.4430416000005,83.72,12.219,225.659,0.9964094520738302
98.9833,128.302069,37.891447,2940.1050672,83.739,12.226,225.952,0.9964094520738302
99.0,128.302041,37.891415,2940.7677024,83.757,12.233,226.245,0.9964094520738302
99.0166,128.302014,37.891384,2941.4318616,83.775,12.24,226.537,0.9964094520738302
99.0333,128.301985,37.891352,2942.0966304000003,83.792,12.247,226.83,0.9964094520738302
99.05,128.301957,37.89132,2942.7626184,83.809,12.254,227.122,0.9964094520738302
99.0666,128.301929,37.891289,2943.4298256,83.826,12.26,227.414,0.9964094520738302
99.0833,128.3019,37.891257,2944.0976424,83.842,12.267,227.707,0.9964094520738302
99.1,128.301871,37.891226,2944.7666784000003,83.858,12.274,227.999,0.9964094520738302
99.1166,128.301842,37.891195,2945.4366288,83.874,12.281,228.29,0.9964094520738302
99.1333,128.301813,37.891164,2946.1077984000003,83.889,12.287,228.582,0.9964094520738302
99.15,128.301784,37.891133,2946.7795776000003,83.904,12.294,228.874,0.9964094520738302
99.1666,128.301754,37.891102,2947.4525760000006,83.919,12.301,229.165,0.9964094520738302
99.1833,128.301724,37.891071,2948.1264888,83.934,12.307,229.456,0.9964094520738302
99.2,128.301694,37.891041,2948.801316,83.949,12.314,229.748,0.9964094520738302
99.2166,128.301664,37.89101,2949.4773624000004,83.963,12.321,230.039,0.9964094520738302
99.2333,128.301634,37.89098,2950.1540184,83.977,12.327,230.33,0.9964094520738302
99.25,128.301603,37.89095,2950.8318936,83.991,12.334,230.62,0.9964094520738302
99.2666,128.301573,37.89092,2951.5103784000003,84.004,12.34,230.911,0.9964094520738302
99.2833,128.301542,37.89089,2952.1897776,84.018,12.347,231.202,0.9964094520738302
99.3,128.301511,37.89086,2952.8703960000003,84.031,12.354,231.492,0.9964094520738302
99.3166,128.30148,37.890831,2953.5516239999997,84.044,12.36,231.782,0.9964094520738302
99.3333,128.301448,37.890801,2954.2340712000005,84.057,12.367,232.073,0.9964094520738302
99.35,128.301417,37.890772,2954.9171280000005,84.07,12.373,232.363,0.9964094520738302
99.3666,128.301385,37.890742,2955.6010992,84.082,12.38,232.653,0.9964094520738302
99.3833,128.301353,37.890713,2956.2862896000006,84.094,12.386,232.943,0.9964094520738302
99.4,128.301321,37.890684,2956.9720896000003,84.107,12.393,233.233,0.9964094520738302
99.4166,128.301289,37.890655,2957.658804,84.119,12.399,233.522,0.9964094520738302
99.4333,128.301256,37.890627,2958.346128,84.13,12.406,233.812,0.9964094520738302
99.45,128.301224,37.890598,2959.0346712000005,84.142,12.413,234.101,0.9964094520738302
99.4666,128.301191,37.89057,2959.7238239999997,84.154,12.419,234.391,0.9964094520738302
99.4833,128.301158,37.890541,2960.4138912000003,84.165,12.426,234.68,0.9964094520738302
99.5,128.301125,37.890513,2961.1048728,84.177,12.432,234.969,0.9964094520738302
99.5166,128.301091,37.890485,2961.7967688000003,84.188,12.439,235.259,0.9964094520738302
99.5333,128.301058,37.890457,2962.4892744,84.199,12.445,235.548,0.9964094520738302
99.55,128.301024,37.89043,2963.1826944,84.209,12.452,235.836,0.9964094520738302
99.5666,128.30099,37.890402,2963.8767239999997,84.22,12.458,236.125,0.9964094520738302
99.5833,128.300956,37.890374,2964.5719728000004,84.231,12.465,236.414,0.9964094520738302
99.6,128.300922,37.890347,2965.2678312,84.241,12.471,236.703,0.9964094520738302
99.6166,128.300888,37.89032,2965.9642992,84.252,12.478,236.991,0.9964094520738302
99.6333,128.300854,37.890293,2966.6616816,84.262,12.484,237.28,0.9964094520738302
99.65,128.300819,37.890266,2967.3599784000003,84.272,12.49,237.568,0.9964094520738302
99.6666,128.300784,37.890239,2968.0588848,84.282,12.497,237.856,0.9964094520738302
99.6833,128.300749,37.890212,2968.7587056,84.292,12.503,238.145,0.9964094520738302
99.7,128.300714,37.890186,2969.459136,84.301,12.51,238.433,0.9964094520738302
99.7166,128.300679,37.89016,2970.1604807999997,84.311,12.516,238.721,0.9964094520738302
99.7333,128.300643,37.890133,2970.86274,84.321,12.523,239.009,0.9964094520738302
99.75,128.300608,37.890107,2971.565304,84.33,12.529,239.297,0.9964094520738302
99.7666,128.300572,37.890081,2972.2690872000003,84.339,12.536,239.584,0.9964094520738302
99.7833,128.300536,37.890056,2972.9731752000002,84.349,12.542,239.872,0.9964094520738302
99.8,128.3005,37.89003,2973.6784824,84.358,12.549,240.16,0.9964094520738302
99.8166,128.300464,37.890005,2974.3840944,84.367,12.555,240.447,0.9964094520738302
99.8333,128.300428,37.889979,2975.0906208,84.376,12.562,240.735,0.9964094520738302
99.85,128.300391,37.889954,2975.7980616,84.385,12.568,241.022,0.9964094520738302
99.8666,128.300355,37.889929,2976.5058072,84.393,12.574,241.309,0.9964094520738302
99.8833,128.300318,37.889904,2977.2144672,84.402,12.581,241.597,0.9964094520738302
99.9,128.300281,37.88988,2977.9240416000002,84.411,12.587,241.884,0.9964094520738302
99.9166,128.300244,37.889855,2978.6339208000004,84.42,12.594,242.171,0.9964094520738302
99.9333,128.300207,37.889831,2979.3447144,84.428,12.6,242.458,0.9964094520738302
99.95,128.300169,37.889806,2980.0564224,84.437,12.607,242.745,0.9964094520738302
99.9666,128.300132,37.889782,2980.7684352000006,84.445,12.613,243.032,0.9964094520738302
99.9833,128.300094,37.889758,2981.4813624000003,84.454,12.619,243.318,0.9964094520738302
100.0,128.300056,37.889734,2982.1948992,84.462,12.626,243.605,0.9964094520738302
100.0166,128.300019,37.889711,2982.9093504,84.471,12.632,243.892,0.9964094520738302
100.0333,128.299981,37.889687,2983.6241064,84.479,12.638,244.178,0.9964094520738302
100.05,128.299942,37.889664,2984.3397768,84.488,12.645,244.465,0.9964094520738302
100.0666,128.299904,37.889641,2985.0560568,84.496,12.651,244.751,0.9964094520738302
100.0833,128.299866,37.889618,2985.7729464000004,84.505,12.657,245.038,0.9964094520738302
100.1,128.299827,37.889595,2986.4904456000004,84.513,12.664,245.324,0.9964094520738302
100.1166,128.299788,37.889572,2987.2085544,84.522,12.67,245.61,0.9964094520738302
100.1333,128.299749,37.889549,2987.9275776000004,84.53,12.676,245.896,0.9964094520738302
100.15,128.29971,37.889527,2988.6469056000005,84.539,12.683,246.182,0.9964094520738302
100.1666,128.299671,37.889505,2989.3671480000003,84.547,12.689,246.468,0.9964094520738302
100.1833,128.299632,37.889483,2990.088,84.556,12.695,246.754,0.9964094520738302
100.2,128.299593,37.889461,2990.8094616000003,84.564,12.701,247.04,0.9964094520738302
100.2166,128.299553,37.889439,2991.5315328000006,84.572,12.708,247.326,0.9964094520738302
100.2333,128.299513,37.889417,2992.2539088,84.581,12.714,247.611,0.9964094520738302
100.25,128.299474,37.889396,2992.9771992,84.59,12.72,247.897,0.9964094520738302
100.2666,128.299434,37.889375,2993.7010992,84.598,12.726,248.182,0.9964094520738302
100.2833,128.299394,37.889353,2994.4256088,84.607,12.732,248.468,0.9964094520738302
100.3,128.299354,37.889332,2995.1507280000005,84.616,12.738,248.753,0.9964094520738302
100.3166,128.299313,37.889312,2995.8764568,84.624,12.745,249.039,0.9964094520738302
100.3333,128.299273,37.889291,2996.6027952,84.633,12.751,249.324,0.9964094520738302
100.35,128.299233,37.889271,2997.3297432,84.642,12.757,249.609,0.9964094520738302
100.3666,128.299192,37.88925,2998.0573008,84.651,12.763,249.894,0.9964094520738302
100.3833,128.299151,37.88923,2998.7851632,84.66,12.769,250.179,0.9964094520738302
100.4,128.29911,37.88921,2999.51394,84.669,12.775,250.464,0.9964094520738302
100.4166,128.299069,37.88919,3000.2430216,84.678,12.781,250.749,0.9964094520738302
100.4333,128.299028,37.88917,3000.9727128,84.687,12.787,251.034,0.9964094520738302
100.45,128.298987,37.889151,3001.7033184,84.696,12.793,251.319,0.9964094520738302
100.4666,128.298946,37.889132,3002.4342288,84.706,12.798,251.604,0.9964094520738302
100.4833,128.298905,37.889112,3003.165444,84.715,12.804,251.888,0.9964094520738302
100.5,128.298863,37.889093,3003.8975736,84.725,12.81,252.173,0.9964094520738302
100.5166,128.298821,37.889075,3004.630008,84.734,12.816,252.458,0.9964094520738302
100.5333,128.29878,37.889056,3005.3627472,84.644,12.832,252.725,0.9964094520738302
100.55,128.298738,37.889037,3006.096096,84.456,12.857,252.961,0.9964094520738302
100.5666,128.298696,37.889019,3006.8303592,84.163,12.885,253.15,0.9964094520738302
100.5833,128.298654,37.889001,3007.5658416,83.76,12.911,253.278,0.9964094520738302
100.6,128.298612,37.888983,3008.3022384,83.248,12.932,253.335,0.9964094520738302
100.6166,128.29857,37.888965,3009.0398544,82.628,12.946,253.325,0.9964094520738302
100.6333,128.298527,37.888948,3009.7792992,81.91,12.955,253.265,0.9964094520738302
100.65,128.298485,37.88893,3010.5208776000004,81.1,12.96,253.171,0.9964094520738302
100.6666,128.298442,37.888913,3011.2645896000004,80.205,12.962,253.058,0.9964094520738302
100.6833,128.2984,37.888896,3012.0104352000003,79.233,12.964,252.94,0.9964094520738302
100.7,128.298357,37.88888,3012.7593288,78.187,12.967,252.823,0.9964094520738302
100.7166,128.298314,37.888863,3013.5106608,77.07,12.969,252.707,0.9964094520738302
100.7333,128.298271,37.888847,3014.2653456000003,75.883,12.972,252.594,0.9964094520738302
100.75,128.298228,37.88883,3015.0233832,74.629,12.974,252.484,0.9964094520738302
100.7666,128.298185,37.888814,3015.7847736000003,73.31,12.977,252.377,0.9964094520738302
100.7833,128.298142,37.888798,3016.5501264,71.927,12.981,252.273,0.9964094520738302
100.8,128.298099,37.888783,3017.3191368000003,70.483,12.984,252.172,0.9964094520738302
100.8166,128.298056,37.888767,3018.0927192000004,68.979,12.987,252.073,0.9964094520738302
100.8333,128.298012,37.888752,3018.8708736000003,67.416,12.99,251.976,0.9964094520738302
100.85,128.297969,37.888736,3019.6536,65.796,12.994,251.882,0.9964094520738302
100.8666,128.297925,37.888721,3020.4412032000005,64.12,12.997,251.79,0.9964094520738302
100.8833,128.297882,37.888706,3021.2342928000003,62.391,13.0,251.7,0.9964094520738302
100.9,128.297838,37.888691,3022.032564,60.609,13.003,251.612,0.9964094520738302
100.9166,128.297795,37.888676,3022.8369312,58.776,13.006,251.525,0.9964094520738302
100.9333,128.297751,37.888661,3023.6467848,56.894,13.009,251.44,0.9964094520738302
100.95,128.297707,37.888647,3024.4627344,54.962,13.011,251.357,0.9964094520738302
100.9666,128.297664,37.888632,3025.2847800000004,52.984,13.012,251.275,0.9964094520738302
100.9833,128.29762,37.888618,3026.1132264,50.96,13.013,251.195,0.9964094520738302
101.0,128.297576,37.888604,3026.9483784000004,48.893,13.013,251.116,0.9964094520738302
101.0166,128.297532,37.88859,3027.7899312,46.783,13.011,251.039,0.9964094520738302
101.0333,128.297488,37.888576,3028.6381896000003,44.633,13.009,250.963,0.9964094520738302
101.05,128.297444,37.888562,3029.4931536,42.444,13.004,250.888,0.9964094520738302
101.0666,128.2974,37.888548,3030.355128,40.218,12.999,250.815,0.9964094520738302
101.0833,128.297357,37.888534,3031.2238079999997,37.956,12.991,250.744,0.9964094520738302
101.1,128.297313,37.88852,3032.0994984000004,35.661,12.983,250.674,0.9964094520738302
101.1166,128.297269,37.888506,3032.982504,33.333,12.972,250.606,0.9964094520738302
101.1333,128.297225,37.888493,3033.8722152,30.975,12.96,250.539,0.9964094520738302
101.15,128.297181,37.888479,3034.7689368,28.588,12.946,250.474,0.9964094520738302
101.1666,128.297137,37.888466,3035.6726688000003,26.174,12.931,250.411,0.9964094520738302
101.1833,128.297093,37.888452,3036.5834112000002,23.734,12.914,250.35,0.9964094520738302
101.2,128.297049,37.888439,3037.5008592000004,21.27,12.896,250.291,0.9964094520738302
101.2166,128.297005,37.888425,3038.4253176,18.783,12.876,250.235,0.9964094520738302
101.2333,128.296961,37.888412,3039.3564816000003,16.276,12.854,250.18,0.9964094520738302
101.25,128.296917,37.888399,3040.2940464000003,13.75,12.831,250.128,0.9964094520738302
101.2666,128.296873,37.888385,3041.2383168000006,11.206,12.807,250.078,0.9964094520738302
101.2833,128.296829,37.888372,3042.1886832,8.646,12.781,250.031,0.9964094520738302
101.3,128.296785,37.888359,3043.1457552,6.073,12.754,249.986,0.9964094520738302
101.3166,128.296741,37.888345,3044.1086184,3.486,12.726,249.943,0.9964094520738302
101.3333,128.296697,37.888332,3045.0772728,0.886,12.697,249.903,0.9964094520738302
101.35,128.296653,37.888319,3046.0517184,-1.725,12.666,249.865,0.9964094520738302
101.3666,128.296609,37.888306,3047.0316504,-4.35,12.635,249.83,0.9964094520738302
101.3833,128.296565,37.888292,3048.0170688000003,-6.985,12.602,249.797,0.9964094520738302
101.4,128.296521,37.888279,3049.007364,-9.632,12.569,249.766,0.9964094520738302
101.4166,128.296477,37.888266,3050.0022312,-12.289,12.534,249.738,0.9964094520738302
101.4333,128.296434,37.888253,3051.00228,-14.955,12.506,249.711,0.9964094520738302
101.45,128.29639,37.888239,3052.0069008000005,-17.631,12.483,249.684,0.9964094520738302
101.4666,128.296346,37.888226,3053.015484,-20.315,12.463,249.659,0.9964094520738302
101.4833,128.296302,37.888213,3054.0280296,-23.006,12.446,249.634,0.9964094520738302
101.5,128.296259,37.8882,3055.0445376,-25.703,12.43,249.612,0.9964094520738302
101.5166,128.296215,37.888186,3056.0647032,-28.405,12.414,249.591,0.9964094520738302
101.5333,128.296171,37.888173,3057.0882216,-31.112,12.411,249.564,0.9964094520738302
101.55,128.296127,37.88816,3058.1157024000004,-33.823,12.432,249.524,0.9964094520738302
101.5666,128.296084,37.888146,3059.146536,-36.541,12.482,249.462,0.9964094520738302
101.5833,128.29604,37.888133,3060.1807224,-39.262,12.554,249.383,0.9964094520738302
101.6,128.295997,37.888119,3061.2176520000003,-41.984,12.638,249.291,0.9964094520738302
101.6166,128.295953,37.888106,3062.2576296,-44.704,12.729,249.189,0.9964094520738302
101.6333,128.29591,37.888092,3063.3009600000005,-47.42,12.835,249.066,0.9964094520738302
101.65,128.295866,37.888079,3064.3473384,-50.135,12.962,248.91,0.9964094520738302
101.6666,128.295823,37.888065,3065.3961552000005,-52.845,13.107,248.721,0.9964094520738302
101.6833,128.295779,37.888051,3066.4480200000003,-55.548,13.261,248.506,0.9964094520738302
101.7,128.295736,37.888037,3067.5023232000003,-58.24,13.416,248.271,0.9964094520738302
101.7166,128.295693,37.888023,3068.5590647999998,-60.919,13.568,248.021,0.9964094520738302
101.7333,128.29565,37.88801,3069.6182448,-63.584,13.721,247.742,0.9964094520738302
101.75,128.295606,37.887995,3070.6798632,-66.239,13.88,247.42,0.9964094520738302
101.7666,128.295563,37.887981,3071.7430056000003,-68.882,14.039,247.06,0.9964094520738302
101.7833,128.29552,37.887967,3072.8079768000002,-71.51,14.191,246.672,0.9964094520738302
101.8,128.295477,37.887953,3073.874472,-74.12,14.331,246.263,0.9964094520738302
101.8166,128.295434,37.887939,3074.9415768,-76.712,14.457,245.84,0.9964094520738302
101.8333,128.295391,37.887924,3076.0086816000003,-79.156,14.583,245.391,0.9964094520738302
101.85,128.295348,37.88791,3077.0754816,-81.459,14.71,244.916,0.9964094520738302
101.8666,128.295306,37.887895,3078.1419768,-83.635,14.824,244.423,0.9964094520738302
101.8833,128.295263,37.88788,3079.2081672,-85.7,14.92,243.92,0.9964094520738302
101.9,128.29522,37.887865,3080.2734432,-87.67,14.991,243.412,0.9964094520738302
101.9166,128.295177,37.88785,3081.3371952,-89.565,15.037,242.906,0.9964094520738302
101.9333,128.295135,37.887835,3082.3991184,-91.257,15.075,242.391,0.9964094520738302
101.95,128.295092,37.88782,3083.4592128,-92.767,15.106,241.87,0.9964094520738302
101.9666,128.295049,37.887805,3084.5174784000005,-94.119,15.125,241.348,0.9964094520738302
101.9833,128.295007,37.88779,3085.57422,-95.339,15.127,240.829,0.9964094520738302
102.0,128.294964,37.887775,3086.6288280000003,-96.449,15.109,240.317,0.9964094520738302
102.0166,128.294922,37.887759,3087.6813024000003,-97.472,15.073,239.812,0.9964094520738302
102.0333,128.294879,37.887744,3088.7310336,-98.337,15.029,239.313,0.9964094520738302
102.05,128.294837,37.887728,3089.7783264,-99.062,14.982,238.82,0.9964094520738302
102.0666,128.294794,37.887712,3090.8234856,-99.672,14.927,238.335,0.9964094520738302
102.0833,128.294752,37.887697,3091.8659016,-100.184,14.864,237.86,0.9964094520738302
102.1,128.294709,37.887681,3092.9052696,-100.618,14.792,237.394,0.9964094520738302
102.1166,128.294667,37.887665,3093.9415896000005,-100.989,14.711,236.939,0.9964094520738302
102.1333,128.294624,37.887649,3094.9748616,-101.272,14.627,236.494,0.9964094520738302
102.15,128.294582,37.887633,3096.0050856,-101.48,14.542,236.059,0.9964094520738302
102.1666,128.29454,37.887617,3097.031652,-101.626,14.456,235.633,0.9964094520738302
102.1833,128.294497,37.8876,3098.0545608,-101.72,14.367,235.216,0.9964094520738302
102.2,128.294455,37.887584,3099.0741168000004,-101.771,14.275,234.809,0.9964094520738302
102.2166,128.294413,37.887567,3100.0894056,-101.789,14.182,234.41,0.9964094520738302
102.2333,128.294371,37.887551,3101.1010368,-101.775,14.088,234.019,0.9964094520738302
102.25,128.294329,37.887534,3102.1084008000003,-101.734,13.995,233.636,0.9964094520738302
102.2666,128.294287,37.887517,3103.1114976000003,-101.672,13.901,233.261,0.9964094520738302
102.2833,128.294245,37.8875,3104.1106320000004,-101.592,13.808,232.892,0.9964094520738302
102.3,128.294203,37.887483,3105.1051944,-101.499,13.716,232.529,0.9964094520738302
102.3166,128.294161,37.887465,3106.0954896000003,-101.394,13.624,232.173,0.9964094520738302
102.3333,128.294119,37.887448,3107.0812128,-101.289,13.533,231.822,0.9964094520738302
102.35,128.294078,37.88743,3108.0623640000003,-101.187,13.442,231.476,0.9964094520738302
102.3666,128.294036,37.887413,3109.0389432,-101.086,13.352,231.135,0.9964094520738302
102.3833,128.293995,37.887395,3110.0112552000005,-100.989,13.263,230.798,0.9964094520738302
102.4,128.293953,37.887377,3110.9786904000002,-100.894,13.176,230.466,0.9964094520738302
102.4166,128.293912,37.887359,3111.9415536,-100.8,13.09,230.137,0.9964094520738302
102.4333,128.293871,37.88734,3112.89954,-100.721,13.005,229.811,0.9964094520738302
102.45,128.29383,37.887322,3113.8529544000003,-100.655,12.919,229.488,0.9964094520738302
102.4666,128.293789,37.887303,3114.8014920000005,-100.601,12.834,229.168,0.9964094520738302
102.4833,128.293748,37.887285,3115.7454576000005,-100.558,12.75,228.85,0.9964094520738302
102.5,128.293707,37.887266,3116.6845464000003,-100.523,12.668,228.534,0.9964094520738302
102.5166,128.293666,37.887247,3117.6190632000003,-100.494,12.587,228.22,0.9964094520738302
102.5333,128.293625,37.887228,3118.5483984,-100.482,12.505,227.907,0.9964094520738302
102.55,128.293585,37.887208,3119.4728568,-100.484,12.424,227.597,0.9964094520738302
102.5666,128.293545,37.887189,3120.3927432,-100.498,12.343,227.288,0.9964094520738302
102.5833,128.293504,37.887169,3121.307448,-100.522,12.262,226.98,0.9964094520738302
102.6,128.293464,37.88715,3122.2175807999997,-100.555,12.182,226.674,0.9964094520738302
102.6166,128.293424,37.88713,3123.1225320000003,-100.594,12.103,226.369,0.9964094520738302
102.6333,128.293384,37.88711,3124.0226064,-100.699,12.017,226.068,0.9964094520738302
102.6499,128.293344,37.887089,3124.9171944,-100.867,11.925,225.769,0.9964094520738302
102.6666,128.293304,37.887069,3125.8059912000003,-101.093,11.829,225.474,0.9964094520738302
102.6833,128.293265,37.887048,3126.6889968,-101.37,11.732,225.18,0.9964094520738302
102.7,128.293226,37.887028,3127.5662112,-101.692,11.635,224.888,0.9964094520738302
102.7166,128.293186,37.887007,3128.4373296000003,-102.052,11.538,224.598,0.9964094520738302
102.7333,128.293147,37.886986,3129.3029616000003,-102.442,11.441,224.308,0.9964094520738302
102.75,128.293108,37.886965,3130.1624976000003,-102.857,11.344,224.019,0.9964094520738302
102.7666,128.293069,37.886943,3131.0159375999997,-103.29,11.246,223.731,0.9964094520738302
102.7833,128.29303,37.886922,3131.8632816,-103.737,11.147,223.443,0.9964094520738302
102.8,128.292992,37.8869,3132.7048344000004,-104.194,11.046,223.155,0.9964094520738302
102.8166,128.292953,37.886879,3133.5396816,-104.66,10.942,222.868,0.9964094520738302
102.8333,128.292915,37.886857,3134.3687376,-105.115,10.838,222.581,0.9964094520738302
102.85,128.292877,37.886835,3135.1916976,-105.56,10.733,222.294,0.9964094520738302
102.8666,128.292838,37.886813,3136.007952,-105.993,10.625,222.008,0.9964094520738302
102.8833,128.2928,37.88679,3136.8181104,-106.415,10.515,221.723,0.9964094520738302
102.8999,128.292762,37.886768,3137.6212584,-106.827,10.402,221.438,0.9964094520738302
102.9166,128.292725,37.886745,3138.4180056000005,-107.23,10.286,221.155,0.9964094520738302
102.9333,128.292687,37.886722,3139.2080472000002,-107.607,10.169,220.873,0.9964094520738302
102.95,128.292649,37.8867,3139.991688,-107.959,10.05,220.592,0.9964094520738302
102.9666,128.292612,37.886677,3140.7686232,-108.288,9.93,220.311,0.9964094520738302
102.9833,128.292575,37.886654,3141.5382432,-108.597,9.807,220.032,0.9964094520738302
103.0,128.292537,37.88663,3142.3011576000004,-108.889,9.682,219.754,0.9964094520738302
103.0166,128.2925,37.886607,3143.0567568,-109.166,9.554,219.477,0.9964094520738302
103.0333,128.292463,37.886583,3143.8056504,-109.416,9.425,219.202,0.9964094520738302
103.05,128.292427,37.88656,3144.5472288,-109.641,9.295,218.928,0.9964094520738302
103.0666,128.29239,37.886536,3145.2814920000005,-109.844,9.165,218.655,0.9964094520738302
103.0833,128.292353,37.886512,3146.0087448,-110.028,9.032,218.383,0.9964094520738302
103.1,128.292317,37.886488,3146.7280728,-110.195,8.898,218.112,0.9964094520738302
103.1166,128.29228,37.886464,3147.4400855999997,-110.349,8.763,217.844,0.9964094520738302
103.1333,128.292244,37.88644,3148.1447832,-110.482,8.627,217.576,0.9964094520738302
103.1499,128.292208,37.886415,3148.8418608,-110.596,8.49,217.309,0.9964094520738302
103.1666,128.292172,37.886391,3149.5310136000003,-110.695,8.354,217.043,0.9964094520738302
103.1833,128.292136,37.886366,3150.2125464000005,-110.78,8.216,216.778,0.9964094520738302
103.2,128.2921,37.886341,3150.8861544,-110.853,8.078,216.514,0.9964094520738302
103.2166,128.292065,37.886316,3151.5518376,-110.915,7.939,216.252,0.9964094520738302
103.2333,128.292029,37.886291,3152.2099008000005,-110.966,7.8,215.99,0.9964094520738302
103.25,128.291994,37.886266,3152.8600392000003,-111.006,7.661,215.729,0.9964094520738302
103.2666,128.291959,37.886241,3153.501948,-111.038,7.522,215.469,0.9964094520738302
103.2833,128.291924,37.886216,3154.1356272000003,-111.061,7.383,215.209,0.9964094520738302
103.3,128.291889,37.88619,3154.7613816000003,-111.077,7.244,214.951,0.9964094520738302
103.3166,128.291854,37.886164,3155.3789064000002,-111.088,7.105,214.693,0.9964094520738302
103.3333,128.291819,37.886139,3155.9885064,-111.094,6.966,214.435,0.9964094520738302
103.35,128.291785,37.886113,3156.589572,-111.095,6.827,214.179,0.9964094520738302
103.3666,128.291751,37.886087,3157.1824079999997,-111.093,6.688,213.922,0.9964094520738302
103.3833,128.291716,37.88606,3157.7670144000003,-111.087,6.55,213.667,0.9964094520738302
103.3999,128.291682,37.886034,3158.3430864,-111.079,6.412,213.411,0.9964094520738302
103.4166,128.291648,37.886008,3158.9109288,-111.069,6.274,213.156,0.9964094520738302
103.4333,128.291615,37.885981,3159.4705416,-111.057,6.137,212.902,0.9964094520738302
103.45,128.291581,37.885955,3160.02162,-111.045,6.0,212.647,0.9964094520738302
103.4666,128.291547,37.885928,3160.5641640000003,-111.032,5.863,212.393,0.9964094520738302
103.4833,128.291514,37.885901,3161.0981736000003,-111.019,5.726,212.139,0.9964094520738302
103.5,128.291481,37.885874,3161.6239536,-111.006,5.59,211.886,0.9964094520738302
103.5166,128.291448,37.885847,3162.1411992,-110.991,5.455,211.632,0.9964094520738302
103.5333,128.291415,37.885819,3162.6496056000005,-110.978,5.319,211.379,0.9964094520738302
103.55,128.291382,37.885792,3163.1497824000003,-110.965,5.184,211.126,0.9964094520738302
103.5666,128.29135,37.885765,3163.6414248,-110.953,5.049,210.873,0.9964094520738302
103.5833,128.291317,37.885737,3164.124228,-110.942,4.915,210.62,0.9964094520738302
103.6,128.291285,37.885709,3164.5988016,-110.93,4.781,210.367,0.9964094520738302
103.6166,128.291253,37.885681,3165.0648408,-110.919,4.648,210.114,0.9964094520738302
103.6333,128.291221,37.885653,3165.5220408,-110.909,4.514,209.862,0.9964094520738302
103.6499,128.291189,37.885625,3165.9707064,-110.899,4.381,209.609,0.9964094520738302
103.6666,128.291157,37.885597,3166.4105328000005,-110.89,4.249,209.357,0.9964094520738302
103.6833,128.291126,37.885569,3166.8421296,-110.881,4.116,209.104,0.9964094520738302
103.7,128.291094,37.88554,3167.2648872000004,-110.872,3.984,208.852,0.9964094520738302
103.7166,128.291063,37.885512,3167.6788056000005,-110.863,3.852,208.6,0.9964094520738302
103.7333,128.291032,37.885483,3168.0844944,-110.854,3.721,208.347,0.9964094520738302
103.75,128.291001,37.885455,3168.4810392000004,-110.845,3.59,208.095,0.9964094520738302
103.7666,128.290971,37.885426,3168.8693544000002,-110.836,3.459,207.843,0.9964094520738302
103.7833,128.29094,37.885397,3169.2488304000003,-110.826,3.328,207.591,0.9964094520738302
103.8,128.29091,37.885368,3169.6194672,-110.816,3.198,207.338,0.9964094520738302
103.8166,128.29088,37.885338,3169.9815696,-110.805,3.068,207.086,0.9964094520738302
103.8333,128.29085,37.885309,3170.3351376,-110.793,2.939,206.837,0.9964094520738302
103.85,128.29082,37.88528,3170.6798664000003,-110.78,2.812,206.591,0.9964094520738302
103.8666,128.29079,37.88525,3171.0160608,-110.765,2.686,206.347,0.9964094520738302
103.8833,128.29076,37.885221,3171.343416,-110.749,2.561,206.105,0.9964094520738302
103.8999,128.290731,37.885191,3171.6622368000003,-110.732,2.436,205.863,0.9964094520738302
103.9166,128.290702,37.885161,3171.9722184,-110.715,2.312,205.621,0.9964094520738302
103.9333,128.290673,37.885131,3172.2736656,-110.695,2.189,205.384,0.9964094520738302
103.95,128.290644,37.885101,3172.5665784000003,-110.673,2.069,205.15,0.9964094520738302
103.9666,128.290615,37.885071,3172.850652,-110.649,1.95,204.92,0.9964094520738302
103.9833,128.290586,37.885041,3173.1261912000004,-110.624,1.831,204.691,0.9964094520738302
104.0,128.290558,37.885011,3173.3931960000004,-110.597,1.714,204.463,0.9964094520738302
104.0166,128.29053,37.88498,3173.6516664,-110.57,1.596,204.236,0.9964094520738302
104.0333,128.290502,37.88495,3173.9012976,-110.54,1.481,204.012,0.9964094520738302
104.05,128.290474,37.884919,3174.1426992,-110.507,1.367,203.792,0.9964094520738302
104.0666,128.290446,37.884888,3174.3752616,-110.473,1.255,203.574,0.9964094520738302
104.0833,128.290419,37.884857,3174.5995944,-110.437,1.143,203.357,0.9964094520738302
104.1,128.290391,37.884827,3174.815088,-110.399,1.032,203.141,0.9964094520738302
104.1166,128.290364,37.884796,3175.022352,-110.361,0.921,202.924,0.9964094520738302
104.1333,128.290337,37.884764,3175.2210816,-110.319,0.811,202.711,0.9964094520738302
104.1499,128.29031,37.884733,3175.4112768,-110.276,0.704,202.501,0.9964094520738302
104.1666,128.290283,37.884702,3175.5932424,-110.23,0.597,202.293,0.9964094520738302
104.1833,128.290257,37.884671,3175.7666736000006,-110.183,0.491,202.086,0.9964094520738302
104.2,128.29023,37.884639,3175.9318752000004,-110.134,0.385,201.879,0.9964094520738302
104.2166,128.290204,37.884608,3176.0885424,-110.084,0.28,201.671,0.9964094520738302
104.2333,128.290178,37.884576,3176.23698,-110.031,0.176,201.467,0.9964094520738302
104.25,128.290152,37.884544,3176.377188,-109.976,0.074,201.265,0.9964094520738302
104.2666,128.290126,37.884513,3176.5091664,-109.919,-0.027,201.064,0.9964094520738302
104.2833,128.290101,37.884481,3176.6329152,-109.861,-0.127,200.864,0.9964094520738302
104.3,128.290075,37.884449,3176.7484344000004,-109.801,-0.228,200.665,0.9964094520738302
104.3166,128.29005,37.884417,3176.855724,-109.74,-0.328,200.465,0.9964094520738302
104.3333,128.290025,37.884385,3176.9550888000003,-109.676,-0.426,200.267,0.9964094520738302
104.35,128.29,37.884352,3177.0462239999997,-109.61,-0.524,200.071,0.9964094520738302
104.3666,128.289975,37.88432,3177.1294344000003,-109.541,-0.62,199.877,0.9964094520738302
104.3833,128.289951,37.884288,3177.2044152,-109.471,-0.716,199.683,0.9964094520738302
104.3999,128.289926,37.884255,3177.2714712,-109.4,-0.812,199.489,0.9964094520738302
104.4166,128.289902,37.884223,3177.3306024000003,-109.328,-0.907,199.294,0.9964094520738302
104.4333,128.289878,37.88419,3177.3818088000003,-109.253,-1.001,199.101,0.9964094520738302
104.45,128.289854,37.884158,3177.4250904,-109.175,-1.094,198.911,0.9964094520738302
104.4666,128.28983,37.884125,3177.4604472,-109.095,-1.186,198.721,0.9964094520738302
104.4833,128.289807,37.884092,3177.4878792,-109.014,-1.277,198.531,0.9964094520738302
104.5,128.289783,37.884059,3177.5076912000004,-108.931,-1.368,198.342,0.9964094520738302
104.5166,128.28976,37.884026,3177.5198832,-108.847,-1.459,198.151,0.9964094520738302
104.5333,128.289737,37.883993,3177.5241504,-108.76,-1.548,197.963,0.9964094520738302
104.55,128.289714,37.88396,3177.5207976,-108.67,-1.636,197.776,0.9964094520738302
104.5666,128.289691,37.883927,3177.5098248,-108.579,-1.724,197.59,0.9964094520738302
104.5833,128.289669,37.883893,3177.4909272,-108.485,-1.811,197.403,0.9964094520738302
104.6,128.289646,37.88386,3177.4647144000005,-108.39,-1.897,197.217,0.9964094520738302
104.6166,128.289624,37.883827,3177.4308816000002,-108.293,-1.984,197.03,0.9964094520738302
104.6333,128.289602,37.883793,3177.3897336,-108.194,-2.069,196.844,0.9964094520738302
104.6499,128.28958,37.88376,3177.3412704,-108.092,-2.153,196.66,0.9964094520738302
104.6666,128.289558,37.883726,3177.2848824000002,-107.988,-2.236,196.476,0.9964094520738302
104.6833,128.289536,37.883692,3177.221484,-107.883,-2.319,196.292,0.9964094520738302
104.7,128.289515,37.883659,3177.1507704,-107.775,-2.401,196.108,0.9964094520738302
104.7166,128.289493,37.883625,3177.0724368,-107.667,-2.483,195.924,0.9964094520738302
104.7333,128.289472,37.883591,3176.9870928,-107.555,-2.564,195.74,0.9964094520738302
104.75,128.289451,37.883557,3176.8944336,-107.442,-2.644,195.558,0.9964094520738302
104.7666,128.28943,37.883523,3176.7944592000003,-107.326,-2.723,195.375,0.9964094520738302
104.7833,128.28941,37.883489,3176.6874744,-107.209,-2.802,195.193,0.9964094520738302
104.8,128.289389,37.883455,3176.5731744,-107.09,-2.88,195.011,0.9964094520738302
104.8166,128.289369,37.88342,3176.4521688000004,-106.97,-2.958,194.828,0.9964094520738302
104.8333,128.289348,37.883386,3176.3238480000005,-106.847,-3.035,194.645,0.9964094520738302
104.85,128.289328,37.883352,3176.1885168000003,-106.722,-3.111,194.464,0.9964094520738302
104.8666,128.289308,37.883317,3176.0461752,-106.596,-3.186,194.282,0.9964094520738302
104.8833,128.289289,37.883283,3175.8971280000005,-106.467,-3.261,194.101,0.9964094520738302
104.9,128.289269,37.883248,3175.7410704000004,-106.338,-3.335,193.919,0.9964094520738302
104.9166,128.28925,37.883214,3175.5783072000004,-106.207,-3.409,193.737,0.9964094520738302
104.9333,128.28923,37.883179,3175.4085336,-106.074,-3.482,193.555,0.9964094520738302
104.95,128.289211,37.883145,3175.2320544,-105.939,-3.554,193.373,0.9964094520738302
104.9666,128.289192,37.88311,3175.0488695999998,-105.802,-3.625,193.191,0.9964094520738302
104.9833,128.289174,37.883075,3174.8589792000002,-105.664,-3.696,193.009,0.9964094520738302
105.0,128.289155,37.88304,3174.662688,-105.525,-3.767,192.827,0.9964094520738302
105.0166,128.289136,37.883005,3174.4593864000003,-105.384,-3.837,192.644,0.9964094520738302
105.0333,128.289118,37.88297,3174.2496840000003,-105.241,-3.906,192.46,0.9964094520738302
105.05,128.2891,37.882935,3174.0335808,-105.097,-3.974,192.277,0.9964094520738302
105.0666,128.289082,37.8829,3173.810772,-104.951,-4.042,192.093,0.9964094520738302
105.0833,128.289064,37.882865,3173.5815624000006,-104.804,-4.11,191.909,0.9964094520738302
105.1,128.289046,37.88283,3173.345952,-104.655,-4.177,191.724,0.9964094520738302
105.1166,128.289029,37.882795,3173.1039408,-104.506,-4.243,191.539,0.9964094520738302
105.1333,128.289012,37.882759,3172.8558336,-104.355,-4.309,191.353,0.9964094520738302
105.15,128.288994,37.882724,3172.6010208000002,-104.202,-4.374,191.167,0.9964094520738302
105.1666,128.288977,37.882688,3172.3404168,-104.048,-4.439,190.981,0.9964094520738302
105.1833,128.28896,37.882653,3172.0731072000003,-103.893,-4.503,190.794,0.9964094520738302
105.2,128.288944,37.882618,3171.8000064000003,-103.737,-4.566,190.606,0.9964094520738302
105.2166,128.288927,37.882582,3171.5205048000003,-103.58,-4.629,190.418,0.9964094520738302
105.2333,128.288911,37.882546,3171.2349072,-103.423,-4.692,190.229,0.9964094520738302
105.25,128.288894,37.882511,3170.9432136,-103.264,-4.753,190.04,0.9964094520738302
105.2666,128.288878,37.882475,3170.6457288,-103.104,-4.815,189.85,0.9964094520738302
105.2833,128.288862,37.882439,3170.342148,-102.944,-4.875,189.659,0.9964094520738302
105.3,128.288847,37.882403,3170.0324712,-102.782,-4.935,189.468,0.9964094520738302
105.3166,128.288831,37.882368,3169.7170032000004,-102.621,-4.995,189.276,0.9964094520738302
105.3333,128.288816,37.882332,3169.3957440000004,-102.458,-5.054,189.084,0.9964094520738302
105.35,128.2888,37.882296,3169.0683888000003,-102.296,-5.112,188.891,0.9964094520738302
105.3666,128.288785,37.88226,3168.7352424,-102.132,-5.17,188.697,0.9964094520738302
105.3833,128.28877,37.882224,3168.3966096000004,-101.969,-5.228,188.502,0.9964094520738302
105.4,128.288755,37.882188,3168.0518807999997,-101.805,-5.284,188.307,0.9964094520738302
105.4166,128.288741,37.882152,3167.7016656,-101.641,-5.341,188.111,0.9964094520738302
105.4333,128.288726,37.882115,3167.345964,-101.477,-5.396,187.915,0.9964094520738302
105.45,128.288712,37.882079,3166.9844712000004,-101.313,-5.452,187.717,0.9964094520738302
105.4666,128.288698,37.882043,3166.6171872000004,-101.149,-5.506,187.519,0.9964094520738302
105.4833,128.288684,37.882007,3166.2447216,-100.985,-5.56,187.32,0.9964094520738302
105.5,128.28867,37.88197,3165.8664648,-100.821,-5.614,187.12,0.9964094520738302
105.5166,128.288656,37.881934,3165.4830263999997,-100.658,-5.667,186.92,0.9964094520738302
105.5333,128.288643,37.881898,3165.0937968,-100.494,-5.719,186.719,0.9964094520738302
105.55,128.288629,37.881861,3164.6993856,-100.332,-5.771,186.517,0.9964094520738302
105.5666,128.288616,37.881825,3164.299488,-100.17,-5.823,186.313,0.9964094520738302
105.5833,128.288603,37.881788,3163.8944088000003,-100.008,-5.874,186.109,0.9964094520738302
105.6,128.28859,37.881752,3163.484148,-99.847,-5.924,185.905,0.9964094520738302
105.6166,128.288578,37.881715,3163.0684008000003,-99.686,-5.974,185.7,0.9964094520738302
105.6333,128.288565,37.881678,3162.647472,-99.526,-6.023,185.494,0.9964094520738302
105.65,128.288553,37.881642,3162.2213616000004,-99.367,-6.072,185.286,0.9964094520738302
105.6666,128.288541,37.881605,3161.7900696,-99.209,-6.12,185.077,0.9964094520738302
105.6833,128.288529,37.881568,3161.3539008000002,-99.052,-6.168,184.868,0.9964094520738302
105.7,128.288517,37.881531,3160.9122456,-98.895,-6.216,184.658,0.9964094520738302
105.7166,128.288505,37.881494,3160.4660184000004,-98.739,-6.262,184.448,0.9964094520738302
105.7333,128.288494,37.881458,3160.0143048000004,-98.584,-6.308,184.237,0.9964094520738302
105.75,128.288482,37.881421,3159.5580192,-98.431,-6.354,184.023,0.9964094520738302
105.7666,128.288471,37.881384,3159.096552,-98.279,-6.4,183.809,0.9964094520738302
105.7833,128.28846,37.881347,3158.630208,-98.128,-6.445,183.594,0.9964094520738302
105.8,128.288449,37.88131,3158.1589872000004,-97.978,-6.489,183.379,0.9964094520738302
105.8166,128.288439,37.881273,3157.6828896,-97.829,-6.533,183.163,0.9964094520738302
105.8333,128.288428,37.881236,3157.20222,-97.681,-6.577,182.946,0.9964094520738302
105.85,128.288418,37.881199,3156.7166736000004,-97.535,-6.62,182.727,0.9964094520738302
105.8666,128.288408,37.881161,3156.2262504000005,-97.391,-6.662,182.507,0.9964094520738302
105.8833,128.288398,37.881124,3155.7309504000004,-97.248,-6.705,182.286,0.9964094520738302
105.9,128.288388,37.881087,3155.2313832,-97.106,-6.746,182.065,0.9964094520738302
105.9166,128.288378,37.88105,3154.7269392000003,-96.965,-6.787,181.844,0.9964094520738302
105.9333,128.288369,37.881013,3154.2179232000003,-96.825,-6.828,181.621,0.9964094520738302
105.95,128.28836,37.880975,3153.7043352000005,-96.688,-6.869,181.396,0.9964094520738302
105.9666,128.288351,37.880938,3153.1861752000004,-96.552,-6.909,181.17,0.9964094520738302
105.9833,128.288342,37.880901,3152.6634432,-96.418,-6.948,180.943,0.9964094520738302
106.0,128.288333,37.880863,3152.136444,-96.284,-6.987,180.715,0.9964094520738302
106.0166,128.288324,37.880826,3151.6048728,-96.152,-7.026,180.488,0.9964094520738302
106.0333,128.288316,37.880788,3151.0687296,-96.022,-7.064,180.259,0.9964094520738302
106.05,128.288308,37.880751,3150.5283192000006,-95.893,-7.102,180.027,0.9964094520738302
106.0666,128.2883,37.880713,3149.9833368000004,-95.766,-7.14,179.795,0.9964094520738302
106.0833,128.288292,37.880676,3149.4343920000006,-95.641,-7.177,179.561,0.9964094520738302
106.1,128.288284,37.880638,3148.8808752,-95.517,-7.214,179.328,0.9964094520738302
106.1166,128.288277,37.880601,3148.3230912000004,-95.394,-7.25,179.094,0.9964094520738302
106.1333,128.28827,37.880563,3147.76104,-95.273,-7.286,178.858,0.9964094520738302
106.15,128.288263,37.880526,3147.1947216,-95.154,-7.322,178.62,0.9964094520738302
106.1666,128.288256,37.880488,3146.6244408000002,-95.037,-7.358,178.381,0.9964094520738302
106.1833,128.288249,37.88045,3146.0498928,-94.921,-7.393,178.141,0.9964094520738302
106.2,128.288242,37.880413,3145.4710776,-94.807,-7.427,177.901,0.9964094520738302
106.2166,128.288236,37.880375,3144.8883,-94.693,-7.462,177.66,0.9964094520738302
106.2333,128.28823,37.880337,3144.3012552000005,-94.582,-7.496,177.418,0.9964094520738302
106.25,128.288224,37.8803,3143.7102480000003,-94.472,-7.529,177.173,0.9964094520738302
106.2666,128.288218,37.880262,3143.1152784000005,-94.364,-7.563,176.927,0.9964094520738302
106.2833,128.288212,37.880224,3142.5163464,-94.257,-7.596,176.68,0.9964094520738302
106.3,128.288207,37.880186,3141.9134520000002,-94.152,-7.629,176.434,0.9964094520738302
106.3166,128.288202,37.880148,3141.3062904,-94.048,-7.661,176.187,0.9964094520738302
106.3333,128.288196,37.880111,3140.6954712,-93.946,-7.693,175.938,0.9964094520738302
106.35,128.288192,37.880073,3140.0806896000004,-93.845,-7.725,175.687,0.9964094520738302
106.3666,128.288187,37.880035,3139.4622504000004,-93.746,-7.757,175.434,0.9964094520738302
106.3833,128.288182,37.879997,3138.8395440000004,-93.649,-7.788,175.181,0.9964094520738302
106.4,128.288178,37.879959,3138.21318,-93.553,-7.819,174.927,0.9964094520738302
106.4166,128.288174,37.879921,3137.5831584,-93.458,-7.849,174.674,0.9964094520738302
106.4333,128.28817,37.879883,3136.9491744,-93.364,-7.88,174.418,0.9964094520738302
106.45,128.288166,37.879845,3136.3115328000004,-93.273,-7.91,174.161,0.9964094520738302
106.4666,128.288163,37.879807,3135.6699288,-93.183,-7.94,173.901,0.9964094520738302
106.4833,128.288159,37.879769,3135.024972,-93.094,-7.97,173.641,0.9964094520738302
106.5,128.288156,37.879731,3134.3760528000003,-93.006,-7.999,173.382,0.9964094520738302
106.5166,128.288153,37.879694,3133.7234760000006,-92.92,-8.028,173.122,0.9964094520738302
106.5333,128.288151,37.879656,3133.0675464000005,-92.835,-8.057,172.86,0.9964094520738302
106.55,128.288148,37.879618,3132.4076544,-92.751,-8.086,172.595,0.9964094520738302
106.5666,128.288146,37.87958,3131.7444096000004,-92.669,-8.114,172.329,0.9964094520738302
106.5833,128.288144,37.879542,3131.0775072,-92.588,-8.143,172.062,0.9964094520738302
106.6,128.288142,37.879504,3130.407252,-92.508,-8.171,171.794,0.9964094520738302
106.6166,128.28814,37.879466,3129.7330344,-92.428,-8.198,171.527,0.9964094520738302
106.6333,128.288138,37.879427,3129.0557688000004,-92.35,-8.226,171.258,0.9964094520738302
106.65,128.288137,37.879389,3128.3748456000003,-92.273,-8.253,170.986,0.9964094520738302
106.6666,128.288136,37.879351,3127.6902648,-92.198,-8.28,170.712,0.9964094520738302
106.6833,128.288135,37.879313,3127.0023312,-92.123,-8.307,170.438,0.9964094520738302
106.7,128.288134,37.879275,3126.3110448,-92.049,-8.334,170.163,0.9964094520738302
106.7166,128.288133,37.879237,3125.6164056000002,-91.976,-8.36,169.889,0.9964094520738302
106.7333,128.288133,37.879199,3124.9184136000003,-91.904,-8.387,169.612,0.9964094520738302
106.75,128.288133,37.879161,3124.2167640000002,-91.833,-8.413,169.333,0.9964094520738302
106.7666,128.288133,37.879123,3123.5120664,-91.763,-8.439,169.052,0.9964094520738302
106.7833,128.288133,37.879085,3122.804016,-91.694,-8.465,168.77,0.9964094520738302
106.8,128.288134,37.879047,3122.0926128,-91.625,-8.49,168.489,0.9964094520738302
106.8166,128.288134,37.879009,3121.3781616,-91.557,-8.516,168.207,0.9964094520738302
106.8333,128.288135,37.878971,3120.6603576,-91.491,-8.541,167.924,0.9964094520738302
106.85,128.288136,37.878933,3119.9392008000004,-91.425,-8.566,167.638,0.9964094520738302
106.8666,128.288138,37.878895,3119.2146912000003,-91.359,-8.591,167.35,0.9964094520738302
106.8833,128.288139,37.878857,3118.4871336,-91.295,-8.616,167.062,0.9964094520738302
106.9,128.288141,37.878819,3117.7565280000003,-91.231,-8.64,166.774,0.9964094520738302
106.9166,128.288143,37.878781,3117.0225695999998,-91.168,-8.664,166.487,0.9964094520738302
106.9333,128.288145,37.878743,3116.2855632,-91.106,-8.688,166.197,0.9964094520738302
106.95,128.288148,37.878705,3115.5455088,-91.044,-8.712,165.904,0.9964094520738302
106.9666,128.28815,37.878667,3114.8024064,-90.983,-8.736,165.611,0.9964094520738302
106.9833,128.288153,37.878629,3114.0559512,-90.923,-8.76,165.317,0.9964094520738302
107.0,128.288156,37.878591,3113.3067528,-90.863,-8.783,165.023,0.9964094520738302
107.0166,128.288159,37.878553,3112.5542016,-90.804,-8.807,164.729,0.9964094520738302
107.0333,128.288163,37.878516,3111.7989072,-90.745,-8.83,164.433,0.9964094520738302
107.05,128.288166,37.878478,3111.0405648,-90.688,-8.853,164.135,0.9964094520738302
107.0666,128.28817,37.87844,3110.2788696,-90.63,-8.876,163.836,0.9964094520738302
107.0833,128.288174,37.878402,3109.514736,-90.574,-8.899,163.536,0.9964094520738302
107.1,128.288179,37.878364,3108.7472496,-90.518,-8.921,163.237,0.9964094520738302
107.1166,128.288183,37.878326,3107.9770200000003,-90.462,-8.943,162.937,0.9964094520738302
107.1333,128.288188,37.878289,3107.2037424,-90.407,-8.965,162.638,0.9964094520738302
107.15,128.288193,37.878251,3106.4277216,-90.353,-8.988,162.337,0.9964094520738302
107.1666,128.288198,37.878213,3105.6489576000004,-90.3,-9.009,162.037,0.9964094520738302
107.1833,128.288204,37.878175,3104.8671456,-90.247,-9.031,161.736,0.9964094520738302
107.2,128.288209,37.878138,3104.0825904,-90.195,-9.053,161.437,0.9964094520738302
107.2166,128.288215,37.8781,3103.2949872000004,-90.143,-9.074,161.137,0.9964094520738302
107.2333,128.288221,37.878062,3102.5049456,-90.092,-9.095,160.839,0.9964094520738302
107.25,128.288228,37.878025,3101.711856,-90.042,-9.117,160.541,0.9964094520738302
107.2666,128.288234,37.877987,3100.9160232000004,-89.993,-9.138,160.244,0.9964094520738302
107.2833,128.288241,37.87795,3100.1174472000002,-89.945,-9.159,159.947,0.9964094520738302
107.3,128.288248,37.877912,3099.3161280000004,-89.897,-9.18,159.651,0.9964094520738302
107.3166,128.288255,37.877875,3098.5120656,-89.85,-9.2,159.356,0.9964094520738302
107.3333,128.288262,37.877837,3097.70526,-89.804,-9.221,159.062,0.9964094520738302
107.35,128.28827,37.8778,3096.896016,-89.758,-9.241,158.767,0.9964094520738302
107.3666,128.288278,37.877762,3096.0840288,-89.714,-9.262,158.474,0.9964094520738302
107.3833,128.288286,37.877725,3095.2692984000005,-89.67,-9.282,158.181,0.9964094520738302
107.4,128.288294,37.877688,3094.4518248,-89.627,-9.302,157.888,0.9964094520738302
107.4166,128.288303,37.87765,3093.6319128,-89.584,-9.322,157.596,0.9964094520738302
107.4333,128.288312,37.877613,3092.8092576000004,-89.542,-9.342,157.304,0.9964094520738302
107.45,128.288321,37.877576,3091.9841640000004,-89.501,-9.362,157.013,0.9964094520738302
107.4666,128.28833,37.877539,3091.1563272000003,-89.461,-9.382,156.722,0.9964094520738302
107.4833,128.28834,37.877502,3090.326052,-89.421,-9.402,156.432,0.9964094520738302
107.5,128.288349,37.877465,3089.4933384,-89.382,-9.422,156.141,0.9964094520738302
107.5166,128.288359,37.877427,3088.6578816,-89.344,-9.441,155.851,0.9964094520738302
107.5333,128.288369,37.87739,3087.8199864000003,-89.306,-9.461,155.562,0.9964094520738302
107.55,128.28838,37.877354,3086.9796528,-89.269,-9.48,155.273,0.9964094520738302
107.5666,128.28839,37.877317,3086.1368807999997,-89.233,-9.5,154.984,0.9964094520738302
107.5833,128.288401,37.87728,3085.2916704,-89.198,-9.519,154.695,0.9964094520738302
107.6,128.288412,37.877243,3084.4437168000004,-89.163,-9.538,154.407,0.9964094520738302
107.6166,128.288423,37.877206,3083.5936296,-89.128,-9.558,154.119,0.9964094520738302
107.6333,128.288435,37.877169,3082.7407992,-89.094,-9.577,153.831,0.9964094520738302
107.65,128.288447,37.877133,3081.8858352,-89.062,-9.596,153.543,0.9964094520738302
107.6666,128.288459,37.877096,3081.0284328000002,-89.029,-9.615,153.255,0.9964094520738302
107.6833,128.288471,37.87706,3080.1685920000004,-88.997,-9.634,152.968,0.9964094520738302
107.7,128.288483,37.877023,3079.3063128,-88.966,-9.653,152.681,0.9964094520738302
107.7166,128.288496,37.876987,3078.4419000000003,-88.935,-9.672,152.394,0.9964094520738302
107.7333,128.288509,37.87695,3077.5750488000003,-88.904,-9.691,152.107,0.9964094520738302
107.75,128.288522,37.876914,3076.7057592,-88.875,-9.71,151.821,0.9964094520738302
107.7666,128.288535,37.876878,3075.8340312,-88.845,-9.729,151.534,0.9964094520738302
107.7833,128.288548,37.876841,3074.9601696,-88.817,-9.748,151.248,0.9964094520738302
107.8,128.288562,37.876805,3074.0838696,-88.788,-9.767,150.962,0.9964094520738302
107.8166,128.288576,37.876769,3073.205436,-88.76,-9.786,150.676,0.9964094520738302
107.8333,128.28859,37.876733,3072.3248688000003,-88.732,-9.805,150.39,0.9964094520738302
107.85,128.288605,37.876697,3071.4415584,-88.705,-9.823,150.104,0.9964094520738302
107.8666,128.288619,37.876661,3070.5564192000006,-88.678,-9.842,149.818,0.9964094520738302
107.8833,128.288634,37.876625,3069.6688416,-88.652,-9.861,149.533,0.9964094520738302
107.9,128.288649,37.876589,3068.7791304,-88.626,-9.88,149.247,0.9964094520738302
107.9166,128.288664,37.876554,3067.8872856,-88.599,-9.898,148.962,0.9964094520738302
107.9333,128.28868,37.876518,3066.9930024,-88.574,-9.917,148.676,0.9964094520738302
107.95,128.288696,37.876482,3066.0965856,-88.549,-9.936,148.391,0.9964094520738302
107.9666,128.288712,37.876447,3065.1980352000005,-88.524,-9.954,148.106,0.9964094520738302
107.9833,128.288728,37.876411,3064.2970464000005,-88.499,-9.973,147.821,0.9964094520738302
108.0,128.288744,37.876376,3063.3942288,-88.475,-9.992,147.536,0.9964094520738302
108.0166,128.288761,37.876341,3062.4892776,-88.45,-10.01,147.251,0.9964094520738302
108.0333,128.288777,37.876305,3061.581888,-88.426,-10.029,146.966,0.9964094520738302
108.05,128.288795,37.87627,3060.6723647999997,-88.402,-10.047,146.681,0.9964094520738302
108.0666,128.288812,37.876235,3059.7610128,-88.379,-10.066,146.396,0.9964094520738302
108.0833,128.288829,37.8762,3058.8472224,-88.356,-10.084,146.111,0.9964094520738302
108.1,128.288847,37.876165,3057.9316032,-88.333,-10.103,145.826,0.9964094520738302
108.1166,128.288865,37.87613,3057.0135456000003,-88.31,-10.121,145.542,0.9964094520738302
108.1333,128.288883,37.876095,3056.0936592000003,-88.287,-10.14,145.257,0.9964094520738302
108.15,128.288901,37.87606,3055.1716392000003,-88.265,-10.158,144.972,0.9964094520738302
108.1666,128.28892,37.876026,3054.2474856,-88.243,-10.177,144.688,0.9964094520738302
108.1833,128.288939,37.875991,3053.3211984000004,-88.22,-10.195,144.403,0.9964094520738302
108.2,128.288958,37.875957,3052.3930824000004,-88.198,-10.214,144.118,0.9964094520738302
108.2166,128.288977,37.875922,3051.4628328000003,-88.177,-10.232,143.834,0.9964094520738302
108.2333,128.288996,37.875888,3050.5304496,-88.155,-10.251,143.549,0.9964094520738302
108.25,128.289016,37.875854,3049.5959328000004,-88.134,-10.269,143.265,0.9964094520738302
108.2666,128.289035,37.875819,3048.6595872000003,-88.112,-10.287,142.98,0.9964094520738302
108.2833,128.289056,37.875785,3047.7211079999997,-88.091,-10.306,142.696,0.9964094520738302
108.3,128.289076,37.875751,3046.7808,-88.07,-10.324,142.411,0.9964094520738302
108.3166,128.289096,37.875717,3045.8383584,-88.049,-10.342,142.126,0.9964094520738302
108.3333,128.289117,37.875683,3044.894088,-88.028,-10.361,141.842,0.9964094520738302
108.35,128.289138,37.87565,3043.947684,-88.008,-10.379,141.557,0.9964094520738302
108.3666,128.289159,37.875616,3042.9991464000004,-87.987,-10.397,141.273,0.9964094520738302
108.3833,128.28918,37.875582,3042.04878,-87.966,-10.415,140.988,0.9964094520738302
108.4,128.289202,37.875549,3041.0965848000005,-87.946,-10.434,140.704,0.9964094520738302
108.4166,128.289223,37.875515,3040.142256,-87.925,-10.452,140.419,0.9964094520738302
108.4333,128.289245,37.875482,3039.1860984000004,-87.905,-10.47,140.135,0.9964094520738302
108.45,128.289267,37.875449,3038.2281120000002,-87.885,-10.488,139.85,0.9964094520738302
108.4666,128.28929,37.875416,3037.2679920000005,-87.865,-10.506,139.565,0.9964094520738302
108.4833,128.289312,37.875383,3036.3060432,-87.845,-10.525,139.281,0.9964094520738302
108.5,128.289335,37.87535,3035.3422656000002,-87.824,-10.543,138.996,0.9964094520738302
108.5166,128.289358,37.875317,3034.3766592,-87.804,-10.561,138.712,0.9964094520738302
108.5333,128.289381,37.875284,3033.4083096000004,-87.686,-10.567,138.443,0.9964094520738302
108.55,128.289404,37.875251,3032.4381312,-87.475,-10.564,138.206,0.9964094520738302
108.5666,128.289428,37.875219,3031.4664288,-87.173,-10.554,138.014,0.9964094520738302
108.5833,128.289451,37.875186,3030.4928976,-86.782,-10.543,137.881,0.9964094520738302
108.6,128.289475,37.875154,3029.5178424,-86.303,-10.534,137.819,0.9964094520738302
108.6166,128.289499,37.875121,3028.5412632000002,-85.74,-10.527,137.82,0.9964094520738302
108.6333,128.289523,37.875089,3027.5628552000003,-85.093,-10.524,137.87,0.9964094520738302
108.65,128.289547,37.875056,3026.5826184000002,-84.364,-10.522,137.951,0.9964094520738302
108.6666,128.289571,37.875024,3025.6008576000004,-83.554,-10.521,138.047,0.9964094520738302
108.6833,128.289595,37.874992,3024.6175728000003,-82.665,-10.52,138.146,0.9964094520738302
108.7,128.28962,37.87496,3023.6330688000003,-81.699,-10.518,138.244,0.9964094520738302
108.7166,128.289644,37.874927,3022.6470408,-80.66,-10.515,138.34,0.9964094520738302
108.7333,128.289669,37.874895,3021.6594888000004,-79.551,-10.512,138.435,0.9964094520738302
108.75,128.289694,37.874863,3020.6710224,-78.373,-10.508,138.53,0.9964094520738302
108.7666,128.289719,37.874831,3019.6813368000003,-77.131,-10.503,138.625,0.9964094520738302
108.7833,128.289743,37.874799,3018.6907368,-75.827,-10.499,138.719,0.9964094520738302
108.8,128.289768,37.874766,3017.6989176,-74.461,-10.494,138.815,0.9964094520738302
108.8166,128.289794,37.874734,3016.7064888,-73.037,-10.488,138.91,0.9964094520738302
108.8333,128.289819,37.874702,3015.7131456,-71.555,-10.482,139.005,0.9964094520738302
108.85,128.289844,37.87467,3014.7191928,-70.016,-10.476,139.101,0.9964094520738302
108.8666,128.289869,37.874638,3013.7243256,-68.423,-10.469,139.195,0.9964094520738302
108.8833,128.289895,37.874606,3012.7291536,-66.775,-10.461,139.29,0.9964094520738302
108.9,128.28992,37.874574,3011.7330672,-65.074,-10.453,139.384,0.9964094520738302
108.9166,128.289946,37.874542,3010.7369808,-63.322,-10.444,139.479,0.9964094520738302
108.9333,128.289972,37.87451,3009.7399800000003,-61.518,-10.435,139.573,0.9964094520738302
108.95,128.289997,37.874478,3008.7426744,-59.663,-10.426,139.668,0.9964094520738302
108.9666,128.290023,37.874446,3007.745064,-57.758,-10.416,139.763,0.9964094520738302
108.9833,128.290049,37.874414,3006.7471488000006,-55.804,-10.406,139.858,0.9964094520738302
109.0,128.290075,37.874382,3005.748624,-53.801,-10.397,139.953,0.9964094520738302
109.0166,128.290101,37.87435,3004.7494896000003,-51.748,-10.387,140.05,0.9964094520738302
109.0333,128.290127,37.874318,3003.7500504000004,-49.647,-10.378,140.147,0.9964094520738302
109.05,128.290153,37.874286,3002.7500016,-47.496,-10.369,140.245,0.9964094520738302
109.0666,128.29018,37.874254,3001.7493432,-45.297,-10.36,140.343,0.9964094520738302
109.0833,128.290206,37.874222,3000.7480752,-43.049,-10.353,140.443,0.9964094520738302
109.1,128.290232,37.87419,2999.7458928,-40.752,-10.346,140.544,0.9964094520738302
109.1166,128.290259,37.874158,2998.7431008000003,-38.406,-10.34,140.645,0.9964094520738302
109.1333,128.290285,37.874126,2997.7390896,-36.01,-10.336,140.748,0.9964094520738302
109.15,128.290311,37.874094,2996.7338592,-33.564,-10.333,140.852,0.9964094520738302
109.1666,128.290338,37.874061,2995.7274096,-31.068,-10.331,140.956,0.9964094520738302
109.1833,128.290364,37.874029,2994.719436,-28.522,-10.332,141.062,0.9964094520738302
109.2,128.290391,37.873997,2993.7099384000003,-25.925,-10.335,141.168,0.9964094520738302
109.2166,128.290418,37.873965,2992.698612,-23.276,-10.34,141.276,0.9964094520738302
109.2333,128.290444,37.873933,2991.6857616,-20.576,-10.333,141.379,0.9964094520738302
109.25,128.290471,37.873901,2990.6713872000005,-17.824,-10.298,141.473,0.9964094520738302
109.2666,128.290498,37.873869,2989.6548792,-15.023,-10.239,141.561,0.9964094520738302
109.2833,128.290524,37.873836,2988.6362375999997,-12.175,-10.164,141.649,0.9964094520738302
109.3,128.290551,37.873804,2987.6154624000005,-9.282,-10.081,141.738,0.9964094520738302
109.3166,128.290578,37.873772,2986.5922488000006,-6.344,-9.997,141.831,0.9964094520738302
109.3333,128.290605,37.87374,2985.5675112,-3.364,-9.894,141.927,0.9964094520738302
109.35,128.290632,37.873707,2984.5409448,-0.343,-9.759,142.026,0.9964094520738302
109.3666,128.290659,37.873675,2983.5125496,2.718,-9.594,142.132,0.9964094520738302
109.3833,128.290685,37.873643,2982.4829352000006,5.813,-9.411,142.246,0.9964094520738302
109.4,128.290712,37.873611,2981.4524064,8.936,-9.221,142.368,0.9964094520738302
109.4166,128.290739,37.873578,2980.4209632,12.083,-9.03,142.497,0.9964094520738302
109.4333,128.290766,37.873546,2979.3898248,15.248,-8.824,142.637,0.9964094520738302
109.45,128.290793,37.873513,2978.3586864000004,18.428,-8.588,142.794,0.9964094520738302
109.4666,128.290821,37.873481,2977.3281576000004,21.616,-8.327,142.971,0.9964094520738302
109.4833,128.290848,37.873449,2976.2982384,24.808,-8.054,143.168,0.9964094520738302
109.5,128.290875,37.873416,2975.2689288,28.002,-7.78,143.383,0.9964094520738302
109.5166,128.290902,37.873384,2974.2402288,31.194,-7.513,143.614,0.9964094520738302
109.5333,128.290929,37.873351,2973.2148816,34.213,-7.23,143.853,0.9964094520738302
109.55,128.290956,37.873319,2972.1931920000006,37.062,-6.922,144.109,0.9964094520738302
109.5666,128.290983,37.873286,2971.1757696,39.757,-6.603,144.386,0.9964094520738302
109.5833,128.291011,37.873254,2970.163224,42.315,-6.289,144.688,0.9964094520738302
109.6,128.291038,37.873221,2969.1567744,44.759,-5.99,145.012,0.9964094520738302
109.6166,128.291065,37.873188,2968.156116,47.113,-5.711,145.357,0.9964094520738302
109.6333,128.291092,37.873155,2967.1621632,49.272,-5.432,145.721,0.9964094520738302
109.65,128.291119,37.873123,2966.1752208000003,51.252,-5.152,146.1,0.9964094520738302
109.6666,128.291146,37.87309,2965.1958984000003,53.058,-4.876,146.493,0.9964094520738302
109.6833,128.291173,37.873057,2964.2248056000003,54.696,-4.612,146.896,0.9964094520738302
109.7,128.291199,37.873024,2963.2616376,56.172,-4.362,147.308,0.9964094520738302
109.7166,128.291226,37.872991,2962.3073088,57.509,-4.129,147.727,0.9964094520738302
109.7333,128.291252,37.872957,2961.3618192000004,58.702,-3.91,148.153,0.9964094520738302
109.75,128.291279,37.872924,2960.4251688000004,59.762,-3.703,148.583,0.9964094520738302
109.7666,128.291305,37.872891,2959.4979672,60.696,-3.509,149.017,0.9964094520738302
109.7833,128.291331,37.872857,2958.5805192000003,61.512,-3.325,149.452,0.9964094520738302
109.8,128.291357,37.872824,2957.6716056000005,62.219,-3.152,149.887,0.9964094520738302
109.8166,128.291383,37.87279,2956.7715312,62.822,-2.988,150.322,0.9964094520738302
109.8333,128.291409,37.872756,2955.8799912000004,63.327,-2.833,150.755,0.9964094520738302
109.85,128.291434,37.872723,2954.9972904,63.742,-2.686,151.184,0.9964094520738302
109.8666,128.29146,37.872689,2954.1234288,64.07,-2.546,151.611,0.9964094520738302
109.8833,128.291485,37.872655,2953.2577968,64.317,-2.411,152.034,0.9964094520738302
109.9,128.29151,37.872621,2952.401004,64.488,-2.281,152.454,0.9964094520738302
109.9166,128.291535,37.872586,2951.5524408,64.586,-2.155,152.87,0.9964094520738302
109.9333,128.291559,37.872552,2950.7127168,64.614,-2.033,153.282,0.9964094520738302
109.95,128.291584,37.872518,2949.881832,64.577,-1.913,153.688,0.9964094520738302
109.9666,128.291608,37.872483,2949.0594816000003,64.477,-1.795,154.09,0.9964094520738302
109.9833,128.291632,37.872449,2948.2459704000003,64.317,-1.678,154.487,0.9964094520738302
110.0,128.291656,37.872414,2947.4412984000005,64.099,-1.562,154.879,0.9964094520738302
110.0166,128.29168,37.872379,2946.6454656,63.829,-1.447,155.266,0.9964094520738302
110.0333,128.291704,37.872345,2945.8578624000006,63.524,-1.333,155.65,0.9964094520738302
110.05,128.291727,37.87231,2945.0787936,63.193,-1.221,156.03,0.9964094520738302
110.0666,128.29175,37.872275,2944.3085640000004,62.839,-1.11,156.406,0.9964094520738302
110.0833,128.291773,37.87224,2943.546564,62.469,-0.999,156.778,0.9964094520738302
110.1,128.291796,37.872205,2942.7934032000003,62.085,-0.888,157.145,0.9964094520738302
110.1166,128.291819,37.872169,2942.0493864,61.689,-0.776,157.507,0.9964094520738302
110.1333,128.291841,37.872134,2941.3129896000005,61.31,-0.665,157.866,0.9964094520738302
110.15,128.291864,37.872099,2940.5851272,60.948,-0.555,158.222,0.9964094520738302
110.1666,128.291886,37.872063,2939.8654944,60.602,-0.445,158.575,0.9964094520738302
110.1833,128.291908,37.872028,2939.1547008000002,60.268,-0.333,158.923,0.9964094520738302
110.2,128.29193,37.871992,2938.4527464000003,59.944,-0.219,159.265,0.9964094520738302
110.2166,128.291952,37.871957,2937.759936,59.626,-0.103,159.601,0.9964094520738302
110.2333,128.291973,37.871921,2937.0753552,59.339,0.012,159.935,0.9964094520738302
110.25,128.291995,37.871885,2936.399004,59.081,0.126,160.265,0.9964094520738302
110.2666,128.292016,37.871849,2935.7314920000003,58.847,0.241,160.592,0.9964094520738302
110.2833,128.292037,37.871813,2935.0728192000006,58.632,0.357,160.915,0.9964094520738302
110.3,128.292058,37.871777,2934.4235952,58.433,0.474,161.234,0.9964094520738302
110.3166,128.292079,37.871741,2933.7835152,58.246,0.593,161.548,0.9964094520738302
110.3333,128.292099,37.871705,2933.1513600000003,58.086,0.711,161.859,0.9964094520738302
110.35,128.29212,37.871669,2932.5283488000005,57.951,0.829,162.167,0.9964094520738302
110.3666,128.29214,37.871632,2931.9144816000003,57.835,0.946,162.473,0.9964094520738302
110.3833,128.29216,37.871596,2931.3100632,57.736,1.063,162.775,0.9964094520738302
110.4,128.29218,37.87156,2930.7150936000003,57.649,1.182,163.074,0.9964094520738302
110.4166,128.2922,37.871523,2930.129268,57.572,1.301,163.37,0.9964094520738302
110.4333,128.292219,37.871487,2929.5519768,57.516,1.42,163.663,0.9964094520738302
110.45,128.292239,37.87145,2928.9844392000005,57.476,1.537,163.954,0.9964094520738302
110.4666,128.292258,37.871413,2928.4260456,57.45,1.654,164.244,0.9964094520738302
110.4833,128.292277,37.871376,2927.8771008000003,57.435,1.772,164.531,0.9964094520738302
110.5,128.292296,37.87134,2927.3379096000003,57.429,1.89,164.817,0.9964094520738302
110.5166,128.292314,37.871303,2926.8081672,57.43,2.008,165.1,0.9964094520738302
110.5333,128.292333,37.871266,2926.2875688000004,57.44,2.126,165.383,0.9964094520738302
110.55,128.292351,37.871229,2925.776724,57.459,2.244,165.664,0.9964094520738302
110.5666,128.29237,37.871192,2925.2756328000005,57.483,2.362,165.944,0.9964094520738302
110.5833,128.292388,37.871155,2924.7839904,57.513,2.48,166.222,0.9964094520738302
110.6,128.292405,37.871117,2924.3021016,57.546,2.598,166.5,0.9964094520738302
110.6166,128.292423,37.87108,2923.8296616000002,57.582,2.716,166.777,0.9964094520738302
110.6333,128.29244,37.871043,2923.3672800000004,57.619,2.834,167.052,0.9964094520738302
110.65,128.292458,37.871006,2922.9143472,57.657,2.952,167.327,0.9964094520738302
110.6666,128.292475,37.870968,2922.471168,57.696,3.07,167.601,0.9964094520738302
110.6833,128.292492,37.870931,2922.0380472,57.734,3.187,167.874,0.9964094520738302
110.7,128.292508,37.870893,2921.6143752000003,57.772,3.305,168.146,0.9964094520738302
110.7166,128.292525,37.870856,2921.2007616,57.809,3.422,168.418,0.9964094520738302
110.7333,128.292541,37.870818,2920.7969016,57.845,3.539,168.689,0.9964094520738302
110.75,128.292557,37.87078,2920.4027952,57.878,3.657,168.96,0.9964094520738302
110.7666,128.292573,37.870743,2920.0184424,57.909,3.774,169.23,0.9964094520738302
110.7833,128.292589,37.870705,2919.6441480000003,57.938,3.892,169.499,0.9964094520738302
110.8,128.292604,37.870667,2919.2796072,57.965,4.009,169.769,0.9964094520738302
110.8166,128.29262,37.870629,2918.9245152,57.99,4.126,170.037,0.9964094520738302
110.8333,128.292635,37.870591,2918.5794816000002,58.014,4.243,170.306,0.9964094520738302
110.85,128.29265,37.870553,2918.2442016,58.036,4.36,170.574,0.9964094520738302
110.8666,128.292664,37.870515,2917.9186752,58.058,4.477,170.842,0.9964094520738302
110.8833,128.292679,37.870477,2917.6032072000003,58.078,4.594,171.109,0.9964094520738302
110.9,128.292693,37.870439,2917.297188,58.098,4.711,171.376,0.9964094520738302
110.9166,128.292708,37.870401,2917.0012272,58.116,4.828,171.643,0.9964094520738302
110.9333,128.292722,37.870363,2916.7138008,58.251,4.928,171.912,0.9964094520738302
110.95,128.292735,37.870324,2916.4352136,58.498,5.012,172.184,0.9964094520738302
110.9666,128.292749,37.870286,2916.1639416000003,58.862,5.086,172.458,0.9964094520738302
110.9833,128.292763,37.870248,2915.8999848000003,59.343,5.154,172.732,0.9964094520738302
111.0,128.292776,37.870209,2915.6427336,59.94,5.22,173.007,0.9964094520738302
111.0166,128.292789,37.870171,2915.3912736,60.651,5.283,173.283,0.9964094520738302
111.0333,128.292802,37.870133,2915.1453,61.468,5.344,173.56,0.9964094520738302
111.05,128.292815,37.870094,2914.904508,62.384,5.403,173.839,0.9964094520738302
111.0666,128.292828,37.870056,2914.6685928,63.381,5.459,174.119,0.9964094520738302
111.0833,128.29284,37.870017,2914.4384688000005,64.443,5.512,174.399,0.9964094520738302
111.1,128.292853,37.869978,2914.2138312,65.558,5.563,174.679,0.9964094520738302
111.1166,128.292865,37.86994,2913.9943752000004,66.713,5.609,174.959,0.9964094520738302
111.1333,128.292877,37.869901,2913.7810152,67.85,5.657,175.238,0.9964094520738302
111.15,128.292889,37.869863,2913.5734464,68.961,5.706,175.517,0.9964094520738302
111.1666,128.292901,37.869824,2913.3716688000004,70.045,5.753,175.797,0.9964094520738302
111.1833,128.292912,37.869785,2913.1762920000006,71.102,5.794,176.078,0.9964094520738302
111.2,128.292924,37.869746,2912.9864016,72.134,5.826,176.361,0.9964094520738302
111.2166,128.292935,37.869707,2912.8016928,73.145,5.85,176.645,0.9964094520738302
111.2333,128.292945,37.869669,2912.6224704,74.076,5.874,176.931,0.9964094520738302
111.25,128.292956,37.86963,2912.4484296,74.932,5.9,177.219,0.9964094520738302
111.2666,128.292966,37.869591,2912.2798752000003,75.722,5.922,177.509,0.9964094520738302
111.2833,128.292977,37.869552,2912.1168072,76.455,5.938,177.802,0.9964094520738302
111.3,128.292986,37.869513,2911.9580064,77.14,5.947,178.097,0.9964094520738302
111.3166,128.292996,37.869474,2911.8034728000002,77.789,5.947,178.394,0.9964094520738302
111.3333,128.293006,37.869435,2911.653816,78.356,5.947,178.693,0.9964094520738302
111.35,128.293015,37.869396,2911.5081216,78.852,5.948,178.993,0.9964094520738302
111.3666,128.293023,37.869357,2911.3669992,79.286,5.946,179.295,0.9964094520738302
111.3833,128.293032,37.869317,2911.2295344000004,79.668,5.941,179.598,0.9964094520738302
111.4,128.29304,37.869278,2911.0960320000004,80.007,5.931,179.903,0.9964094520738302
111.4166,128.293049,37.869239,2910.9658824000003,80.311,5.915,180.21,0.9964094520738302
111.4333,128.293056,37.8692,2910.8393904,80.556,5.9,180.518,0.9964094520738302
111.45,128.293064,37.869161,2910.7168608,80.747,5.886,180.826,0.9964094520738302
111.4666,128.293071,37.869121,2910.5973792,80.894,5.872,181.134,0.9964094520738302
111.4833,128.293078,37.869082,2910.4809456000003,81.002,5.856,181.443,0.9964094520738302
111.5,128.293085,37.869043,2910.3678648,81.079,5.838,181.754,0.9964094520738302
111.5166,128.293092,37.869004,2910.2578320000002,81.129,5.819,182.065,0.9964094520738302
111.5333,128.293098,37.868964,2910.151152,81.141,5.8,182.376,0.9964094520738302
111.55,128.293104,37.868925,2910.04752,81.122,5.783,182.688,0.9964094520738302
111.5666,128.29311,37.868886,2909.9466312,81.074,5.766,183.0,0.9964094520738302
111.5833,128.293115,37.868846,2909.8487904,81.002,5.75,183.312,0.9964094520738302
111.6,128.29312,37.868807,2909.7539976000003,80.909,5.735,183.624,0.9964094520738302
111.6166,128.293125,37.868768,2909.6622528000003,80.799,5.72,183.936,0.9964094520738302
111.6333,128.29313,37.868728,2909.5732512,80.669,5.706,184.249,0.9964094520738302
111.65,128.293135,37.868689,2909.4876024,80.524,5.695,184.562,0.9964094520738302
111.6666,128.293139,37.86865,2909.4043920000004,80.364,5.684,184.874,0.9964094520738302
111.6833,128.293143,37.86861,2909.3245344,80.191,5.676,185.187,0.9964094520738302
111.7,128.293146,37.868571,2909.2477248,80.008,5.668,185.499,0.9964094520738302
111.7166,128.29315,37.868531,2909.1736584,79.815,5.663,185.811,0.9964094520738302
111.7333,128.293153,37.868492,2909.1029448,79.618,5.658,186.123,0.9964094520738302
111.75,128.293156,37.868453,2909.0349744,79.417,5.655,186.435,0.9964094520738302
111.7666,128.293159,37.868413,2908.9703568,79.214,5.654,186.746,0.9964094520738302
111.7833,128.293161,37.868374,2908.9087872000005,79.007,5.655,187.057,0.9964094520738302
111.8,128.293164,37.868334,2908.8505704,78.798,5.658,187.368,0.9964094520738302
111.8166,128.293166,37.868295,2908.7954016,78.586,5.663,187.678,0.9964094520738302
111.8333,128.293167,37.868256,2908.7435856,78.379,5.669,187.988,0.9964094520738302
111.85,128.293169,37.868216,2908.6948176,78.176,5.677,188.298,0.9964094520738302
111.8666,128.29317,37.868177,2908.6497072,77.976,5.687,188.607,0.9964094520738302
111.8833,128.293171,37.868137,2908.6076448,77.78,5.698,188.916,0.9964094520738302
111.9,128.293172,37.868098,2908.56924,77.585,5.712,189.223,0.9964094520738302
111.9166,128.293172,37.868059,2908.534188,77.391,5.728,189.53,0.9964094520738302
111.9333,128.293173,37.868019,2908.5024888000003,77.205,5.745,189.836,0.9964094520738302
111.95,128.293173,37.86798,2908.4744472,77.027,5.764,190.141,0.9964094520738302
111.9666,128.293173,37.86794,2908.4497584,76.855,5.784,190.446,0.9964094520738302
111.9833,128.293172,37.867901,2908.429032,76.687,5.805,190.75,0.9964094520738302
112.0,128.293172,37.867862,2908.4116584,76.523,5.829,191.052,0.9964094520738302
112.0166,128.293171,37.867822,2908.3982472000002,76.361,5.855,191.354,0.9964094520738302
112.0333,128.29317,37.867783,2908.3881888,76.208,5.881,191.655,0.9964094520738302
112.05,128.293168,37.867744,2908.381788,76.063,5.909,191.955,0.9964094520738302
112.0666,128.293167,37.867705,2908.3793496,75.924,5.938,192.255,0.9964094520738302
112.0833,128.293165,37.867665,2908.3808736000005,75.791,5.968,192.554,0.9964094520738302
112.1,128.293163,37.867626,2908.3860552,75.661,6.0,192.851,0.9964094520738302
112.1166,128.293161,37.867587,2908.3951991999998,75.534,6.034,193.148,0.9964094520738302
112.1333,128.293158,37.867548,2908.4080008000005,75.416,6.068,193.444,0.9964094520738302
112.15,128.293155,37.867508,2908.4250696,75.304,6.103,193.74,0.9964094520738302
112.1666,128.293152,37.867469,2908.4457960000004,75.198,6.139,194.035,0.9964094520738302
112.1833,128.293149,37.86743,2908.4707896000004,75.096,6.176,194.329,0.9964094520738302
112.2,128.293146,37.867391,2908.4994408000002,74.999,6.215,194.623,0.9964094520738302
112.2166,128.293142,37.867352,2908.5323592,74.904,6.255,194.915,0.9964094520738302
112.2333,128.293138,37.867313,2908.56924,74.815,6.294,195.203,0.9964094520738302
112.25,128.293134,37.867274,2908.6100831999997,74.731,6.333,195.487,0.9964094520738302
112.2666,128.293129,37.867234,2908.6548888,74.652,6.372,195.767,0.9964094520738302
112.2833,128.293125,37.867195,2908.7039616,74.576,6.411,196.046,0.9964094520738302
112.3,128.29312,37.867156,2908.7573016,74.504,6.451,196.323,0.9964094520738302
112.3166,128.293115,37.867117,2908.814604,74.433,6.492,196.599,0.9964094520738302
112.3333,128.293109,37.867079,2908.8758688000003,74.368,6.532,196.87,0.9964094520738302
112.35,128.293104,37.86704,2908.9414008000003,74.307,6.572,197.136,0.9964094520738302
112.3666,128.293098,37.867001,2909.0108952,74.249,6.611,197.399,0.9964094520738302
112.3833,128.293092,37.866962,2909.084352,74.194,6.65,197.659,0.9964094520738302
112.4,128.293086,37.866923,2909.1623808,74.142,6.689,197.919,0.9964094520738302
112.4166,128.293079,37.866884,2909.244372,74.092,6.73,198.178,0.9964094520738302
112.4333,128.293073,37.866846,2909.3303256000004,74.046,6.769,198.432,0.9964094520738302
112.45,128.293066,37.866807,2909.4205464000006,74.003,6.808,198.682,0.9964094520738302
112.4666,128.293059,37.866768,2909.5147296,73.963,6.846,198.93,0.9964094520738302
112.4833,128.293051,37.866729,2909.6131800000003,73.926,6.885,199.176,0.9964094520738302
112.5,128.293044,37.866691,2909.7155928,73.892,6.924,199.421,0.9964094520738302
112.5166,128.293036,37.866652,2909.8222728,73.859,6.963,199.666,0.9964094520738302
112.5333,128.293028,37.866614,2909.9329152,73.83,7.002,199.907,0.9964094520738302
112.55,128.29302,37.866575,2910.04752,73.803,7.039,200.145,0.9964094520738302
112.5666,128.293011,37.866537,2910.1663920000005,73.779,7.077,200.38,0.9964094520738302
112.5833,128.293003,37.866498,2910.2892263999997,73.758,7.114,200.614,0.9964094520738302
112.6,128.292994,37.86646,2910.4160232000004,73.739,7.152,200.848,0.9964094520738302
112.6166,128.292985,37.866422,2910.5470872000005,73.722,7.191,201.082,0.9964094520738302
112.6333,128.292975,37.866383,2910.6821136000003,73.707,7.228,201.313,0.9964094520738302
112.65,128.292966,37.866345,2910.8207976000003,73.695,7.265,201.54,0.9964094520738302
112.6666,128.292956,37.866307,2910.9637488000003,73.685,7.301,201.766,0.9964094520738302
112.6833,128.292946,37.866269,2911.1106624000004,73.677,7.337,201.991,0.9964094520738302
112.7,128.292936,37.866231,2911.2615384,73.671,7.374,202.215,0.9964094520738302
112.7166,128.292925,37.866192,2911.4166816,73.667,7.411,202.44,0.9964094520738302
112.7333,128.292915,37.866154,2911.5751776,73.665,7.447,202.662,0.9964094520738302
112.75,128.292904,37.866116,2911.7379408,73.666,7.483,202.882,0.9964094520738302
112.7666,128.292893,37.866078,2911.9043616000004,73.668,7.518,203.099,0.9964094520738302
112.7833,128.292882,37.866041,2912.0747448,73.673,7.553,203.317,0.9964094520738302
112.8,128.29287,37.866003,2912.2490904,73.679,7.588,203.534,0.9964094520738302
112.8166,128.292859,37.865965,2912.4270936000003,73.686,7.623,203.751,0.9964094520738302
112.8333,128.292847,37.865927,2912.6087544,73.696,7.658,203.967,0.9964094520738302
112.85,128.292835,37.865889,2912.7946824000005,73.707,7.692,204.179,0.9964094520738302
112.8666,128.292823,37.865852,2912.9839632,73.721,7.726,204.391,0.9964094520738302
112.8833,128.29281,37.865814,2913.1772064,73.736,7.759,204.602,0.9964094520738302
112.9,128.292798,37.865776,2913.3738024000004,73.752,7.793,204.813,0.9964094520738302
112.9166,128.292785,37.865739,2913.5743608,73.771,7.827,205.025,0.9964094520738302
112.9333,128.292772,37.865701,2913.7785768,73.79,7.86,205.234,0.9964094520738302
112.95,128.292758,37.865664,2913.9864504,73.812,7.893,205.442,0.9964094520738302
112.9666,128.292745,37.865627,2914.1979816000003,73.835,7.925,205.648,0.9964094520738302
112.9833,128.292731,37.865589,2914.4128656000003,73.86,7.957,205.855,0.9964094520738302
113.0,128.292717,37.865552,2914.6317120000003,73.886,7.989,206.061,0.9964094520738302
113.0166,128.292703,37.865515,2914.8539112000003,73.914,8.021,206.268,0.9964094520738302
113.0333,128.292689,37.865478,2915.0794632,73.943,8.053,206.473,0.9964094520738302
113.05,128.292675,37.86544,2915.3086728000003,73.974,8.083,206.676,0.9964094520738302
113.0666,128.29266,37.865403,2915.5412352000003,74.007,8.114,206.879,0.9964094520738302
113.0833,128.292645,37.865366,2915.7774552000005,74.04,8.144,207.081,0.9964094520738302
113.1,128.29263,37.865329,2916.017028,74.076,8.175,207.284,0.9964094520738302
113.1166,128.292615,37.865292,2916.2599536,74.112,8.205,207.487,0.9964094520738302
113.1333,128.2926,37.865256,2916.506232,74.15,8.235,207.688,0.9964094520738302
113.15,128.292584,37.865219,2916.7558632,74.189,8.264,207.888,0.9964094520738302
113.1666,128.292568,37.865182,2917.0085424,74.23,8.293,208.088,0.9964094520738302
113.1833,128.292552,37.865145,2917.2648792,74.272,8.322,208.287,0.9964094520738302
113.2,128.292536,37.865109,2917.524264,74.315,8.35,208.486,0.9964094520738302
113.2166,128.29252,37.865072,2917.7870016,74.36,8.379,208.686,0.9964094520738302
113.2333,128.292503,37.865036,2918.0530920000006,74.406,8.407,208.885,0.9964094520738302
113.25,128.292487,37.864999,2918.3222304000005,74.453,8.435,209.082,0.9964094520738302
113.2666,128.29247,37.864963,2918.5944168000005,74.501,8.462,209.279,0.9964094520738302
113.2833,128.292453,37.864926,2918.8696511999997,74.551,8.489,209.476,0.9964094520738302
113.3,128.292435,37.86489,2919.1482384,74.601,8.516,209.673,0.9964094520738302
113.3166,128.292418,37.864854,2919.4298736000005,74.653,8.543,209.871,0.9964094520738302
113.3333,128.2924,37.864818,2919.7145568,74.706,8.569,210.069,0.9964094520738302
113.35,128.292383,37.864781,2920.002288,74.76,8.595,210.265,0.9964094520738302
113.3666,128.292365,37.864745,2920.2927624000004,74.815,8.621,210.462,0.9964094520738302
113.3833,128.292347,37.864709,2920.5865896000005,74.871,8.647,210.659,0.9964094520738302
113.4,128.292328,37.864673,2920.8828552000004,74.927,8.672,210.856,0.9964094520738302
113.4166,128.29231,37.864638,2921.1824736000003,74.985,8.698,211.054,0.9964094520738302
113.4333,128.292291,37.864602,2921.4848352000004,75.043,8.723,211.251,0.9964094520738302
113.45,128.292272,37.864566,2921.78994,75.102,8.748,211.449,0.9964094520738302
113.4666,128.292253,37.86453,2922.0980928,75.162,8.773,211.646,0.9964094520738302
113.4833,128.292234,37.864495,2922.4089888000003,75.223,8.797,211.843,0.9964094520738302
113.5,128.292215,37.864459,2922.7226280000004,75.285,8.821,212.041,0.9964094520738302
113.5166,128.292195,37.864423,2923.0390104,75.347,8.845,212.239,0.9964094520738302
113.5333,128.292175,37.864388,2923.3581360000003,75.411,8.869,212.437,0.9964094520738302
113.55,128.292155,37.864353,2923.6800048,75.475,8.893,212.635,0.9964094520738302
113.5666,128.292135,37.864317,2924.0043120000005,75.54,8.916,212.833,0.9964094520738302
113.5833,128.292115,37.864282,2924.3316672,75.605,8.939,213.031,0.9964094520738302
113.6,128.292095,37.864247,2924.6614608,75.672,8.962,213.23,0.9964094520738302
113.6166,128.292074,37.864212,2924.9936928,75.739,8.984,213.429,0.9964094520738302
113.6333,128.292053,37.864177,2925.328668,75.807,9.007,213.628,0.9964094520738302
113.65,128.292032,37.864142,2925.6660816,75.876,9.029,213.827,0.9964094520738302
113.6666,128.292011,37.864107,2926.0062384000003,75.945,9.05,214.026,0.9964094520738302
113.6833,128.29199,37.864072,2926.3485288,76.016,9.072,214.225,0.9964094520738302
113.7,128.291969,37.864037,2926.6935624000002,76.087,9.093,214.425,0.9964094520738302
113.7166,128.291947,37.864002,2927.0410344,76.158,9.114,214.626,0.9964094520738302
113.7333,128.291925,37.863968,2927.3909448,76.231,9.135,214.826,0.9964094520738302
113.75,128.291903,37.863933,2927.7429888,76.304,9.156,215.026,0.9964094520738302
113.7666,128.291881,37.863898,2928.0977760000005,76.378,9.176,215.227,0.9964094520738302
113.7833,128.291859,37.863864,2928.4546968,76.453,9.196,215.428,0.9964094520738302
113.8,128.291836,37.86383,2928.8137512,76.528,9.216,215.629,0.9964094520738302
113.8166,128.291814,37.863795,2929.1752440000005,76.604,9.235,215.831,0.9964094520738302
113.8333,128.291791,37.863761,2929.5391752,76.681,9.255,216.033,0.9964094520738302
113.85,128.291768,37.863727,2929.90524,76.758,9.274,216.235,0.9964094520738302
113.8666,128.291745,37.863693,2930.2734384,76.836,9.292,216.437,0.9964094520738302
113.8833,128.291722,37.863659,2930.6437704,76.914,9.311,216.64,0.9964094520738302
113.9,128.291698,37.863625,2931.0165408000003,76.993,9.329,216.843,0.9964094520738302
113.9166,128.291675,37.863591,2931.3911399999997,77.072,9.347,217.047,0.9964094520738302
113.9333,128.291651,37.863557,2931.7681776000004,77.152,9.365,217.25,0.9964094520738302
113.95,128.291627,37.863523,2932.1470440000003,77.233,9.382,217.454,0.9964094520738302
113.9666,128.291603,37.863489,2932.5283488000005,77.313,9.399,217.659,0.9964094520738302
113.9833,128.291579,37.863456,2932.9114824000003,77.394,9.416,217.863,0.9964094520738302
114.0,128.291555,37.863422,2933.2964448,77.476,9.433,218.068,0.9964094520738302
114.0166,128.29153,37.863389,2933.6838456,77.558,9.449,218.274,0.9964094520738302
114.0333,128.291506,37.863355,2934.0727704,77.64,9.465,218.48,0.9964094520738302
114.05,128.291481,37.863322,2934.4641336,77.722,9.481,218.686,0.9964094520738302
114.0666,128.291456,37.863289,2934.8570208,77.804,9.497,218.892,0.9964094520738302
114.0833,128.291431,37.863255,2935.2520416,77.887,9.512,219.099,0.9964094520738302
114.1,128.291405,37.863222,2935.6488912000004,77.97,9.527,219.307,0.9964094520738302
114.1166,128.29138,37.863189,2936.0475696,78.054,9.542,219.514,0.9964094520738302
114.1333,128.291354,37.863156,2936.4480768,78.137,9.557,219.722,0.9964094520738302
114.15,128.291328,37.863123,2936.8504128,78.22,9.571,219.931,0.9964094520738302
114.1666,128.291302,37.863091,2937.2548824000005,78.304,9.585,220.14,0.9964094520738302
114.1833,128.291276,37.863058,2937.6605712000005,78.387,9.599,220.35,0.9964094520738302
114.2,128.29125,37.863025,2938.0683936,78.471,9.612,220.56,0.9964094520738302
114.2166,128.291224,37.862993,2938.47774,78.554,9.625,220.77,0.9964094520738302
114.2333,128.291197,37.86296,2938.88922,78.638,9.638,220.981,0.9964094520738302
114.25,128.291171,37.862928,2939.3019192000006,78.721,9.651,221.192,0.9964094520738302
114.2666,128.291144,37.862895,2939.7164472,78.805,9.664,221.404,0.9964094520738302
114.2833,128.291117,37.862863,2940.132804,78.888,9.676,221.616,0.9964094520738302
114.3,128.29109,37.862831,2940.55038,78.971,9.688,221.829,0.9964094520738302
114.3166,128.291062,37.862799,2940.9700896000004,79.055,9.699,222.042,0.9964094520738302
114.3333,128.291035,37.862767,2941.3910184,79.138,9.711,222.255,0.9964094520738302
114.35,128.291007,37.862735,2941.8134712000005,79.22,9.722,222.47,0.9964094520738302
114.3666,128.290979,37.862703,2942.2377528,79.303,9.733,222.684,0.9964094520738302
114.3833,128.290951,37.862671,2942.6632535999997,79.385,9.744,222.9,0.9964094520738302
114.4,128.290923,37.86264,2943.0905832,79.467,9.754,223.115,0.9964094520738302
114.4166,128.290895,37.862608,2943.5191320000004,79.549,9.764,223.331,0.9964094520738302
114.4333,128.290867,37.862577,2943.9492048,79.631,9.774,223.548,0.9964094520738302
114.45,128.290838,37.862545,2944.3808016,79.712,9.784,223.765,0.9964094520738302
114.4666,128.29081,37.862514,2944.8136176,79.793,9.794,223.983,0.9964094520738302
114.4833,128.290781,37.862483,2945.2479576000005,79.873,9.803,224.202,0.9964094520738302
114.5,128.290752,37.862451,2945.6838215999996,79.953,9.812,224.42,0.9964094520738302
114.5166,128.290723,37.86242,2946.1209048,80.033,9.821,224.639,0.9964094520738302
114.5333,128.290693,37.862389,2946.5595120000003,80.113,9.829,224.859,0.9964094520738302
114.55,128.290664,37.862358,2946.9993384,80.191,9.838,225.08,0.9964094520738302
114.5666,128.290635,37.862328,2947.440384,80.27,9.846,225.301,0.9964094520738302
114.5833,128.290605,37.862297,2947.8826488000004,80.347,9.854,225.523,0.9964094520738302
114.6,128.290575,37.862266,2948.3264375999997,80.425,9.861,225.744,0.9964094520738302
114.6166,128.290545,37.862236,2948.7711408,80.502,9.868,225.966,0.9964094520738302
114.6333,128.290515,37.862205,2949.217368,80.578,9.875,226.189,0.9964094520738302
114.65,128.290485,37.862175,2949.6648144000005,80.654,9.882,226.413,0.9964094520738302
114.6666,128.290454,37.862144,2950.1131752,80.729,9.889,226.638,0.9964094520738302
114.6833,128.290424,37.862114,2950.5630600000004,80.804,9.896,226.863,0.9964094520738302
114.7,128.290393,37.862084,2951.0138592000003,80.879,9.902,227.088,0.9964094520738302
114.7166,128.290362,37.862054,2951.4658776,80.953,9.908,227.313,0.9964094520738302
114.7333,128.290331,37.862024,2951.9191152,81.026,9.914,227.54,0.9964094520738302
114.75,128.2903,37.861994,2952.3732672,81.099,9.919,227.767,0.9964094520738302
114.7666,128.290268,37.861965,2952.8286384000003,81.171,9.925,227.995,0.9964094520738302
114.7833,128.290237,37.861935,2953.2852288,81.242,9.93,228.223,0.9964094520738302
114.8,128.290205,37.861905,2953.7427336,81.313,9.935,228.452,0.9964094520738302
114.8166,128.290174,37.861876,2954.2011528000003,81.383,9.94,228.681,0.9964094520738302
114.8333,128.290142,37.861847,2954.6607912000004,81.453,9.945,228.91,0.9964094520738302
114.85,128.29011,37.861817,2955.121344,81.522,9.949,229.141,0.9964094520738302
114.8666,128.290078,37.861788,2955.5828112,81.59,9.953,229.373,0.9964094520738302
114.8833,128.290045,37.861759,2956.0451928,81.658,9.958,229.605,0.9964094520738302
114.9,128.290013,37.86173,2956.5087936000004,81.725,9.961,229.837,0.9964094520738302
114.9166,128.28998,37.861701,2956.9733088000003,81.792,9.965,230.069,0.9964094520738302
114.9333,128.289948,37.861673,2957.4387384,81.858,9.968,230.303,0.9964094520738302
114.95,128.289915,37.861644,2957.9047776,81.923,9.972,230.537,0.9964094520738302
114.9666,128.289882,37.861615,2958.372036,81.988,9.975,230.772,0.9964094520738302
114.9833,128.289848,37.861587,2958.8402088000003,82.052,9.978,231.008,0.9964094520738302
115.0,128.289815,37.861558,2959.3089912,82.116,9.981,231.243,0.9964094520738302
115.0166,128.289782,37.86153,2959.778688,82.178,9.983,231.479,0.9964094520738302
115.0333,128.289748,37.861502,2960.2492991999998,82.241,9.985,231.715,0.9964094520738302
115.05,128.289714,37.861474,2960.7208248,82.302,9.988,231.953,0.9964094520738302
115.0666,128.289681,37.861446,2961.1929600000003,82.363,9.99,232.192,0.9964094520738302
115.0833,128.289647,37.861418,2961.6660096,82.423,9.992,232.431,0.9964094520738302
115.1,128.289613,37.86139,2962.1399736000003,82.483,9.994,232.67,0.9964094520738302
115.1166,128.289578,37.861363,2962.6145472,82.542,9.995,232.909,0.9964094520738302
115.1333,128.289544,37.861335,2963.0900352000003,82.6,9.997,233.149,0.9964094520738302
115.15,128.289509,37.861308,2963.5661328000006,82.657,9.998,233.391,0.9964094520738302
115.1666,128.289475,37.86128,2964.04284,82.714,9.999,233.633,0.9964094520738302
115.1833,128.28944,37.861253,2964.5204616,82.771,10.0,233.875,0.9964094520738302
115.2,128.289405,37.861226,2964.9986928,82.826,10.001,234.118,0.9964094520738302
115.2166,128.28937,37.861199,2965.4778384,82.881,10.001,234.36,0.9964094520738302
115.2333,128.289335,37.861172,2965.9572888000002,82.936,10.002,234.604,0.9964094520738302
115.25,128.289299,37.861145,2966.4376536,82.99,10.002,234.849,0.9964094520738302
115.2666,128.289264,37.861119,2966.9186280000004,83.043,10.003,235.094,0.9964094520738302
115.2833,128.289228,37.861092,2967.4002120000005,83.095,10.003,235.34,0.9964094520738302
115.3,128.289192,37.861066,2967.8824056000003,83.147,10.003,235.587,0.9964094520738302
115.3166,128.289157,37.861039,2968.3652088,83.199,10.003,235.832,0.9964094520738302
115.3333,128.289121,37.861013,2968.8486215999997,83.249,10.002,236.08,0.9964094520738302
115.35,128.289084,37.860987,2969.3329488000004,83.299,10.002,236.328,0.9964094520738302
115.3666,128.289048,37.860961,2969.8175808,83.349,10.001,236.577,0.9964094520738302
115.3833,128.289012,37.860935,2970.3025176,83.398,10.001,236.827,0.9964094520738302
115.4,128.288975,37.86091,2970.7883688,83.446,10.0,237.076,0.9964094520738302
115.4166,128.288939,37.860884,2971.2748296,83.494,9.999,237.326,0.9964094520738302
115.4333,128.288902,37.860858,2971.7615952,83.541,9.998,237.576,0.9964094520738302
115.45,128.288865,37.860833,2972.2489704,83.588,9.997,237.828,0.9964094520738302
115.4666,128.288828,37.860808,2972.7369552000005,83.634,9.996,238.08,0.9964094520738302
115.4833,128.288791,37.860782,2973.2252448,83.679,9.994,238.333,0.9964094520738302
115.5,128.288753,37.860757,2973.7141440000005,83.724,9.993,238.586,0.9964094520738302
115.5166,128.288716,37.860732,2974.2036528000003,83.768,9.991,238.838,0.9964094520738302
115.5333,128.288678,37.860708,2974.6934664000005,83.812,9.989,239.092,0.9964094520738302
115.55,128.28864,37.860683,2975.1835848000005,83.855,9.988,239.347,0.9964094520738302
115.5666,128.288603,37.860658,2975.6746176,83.898,9.986,239.603,0.9964094520738302
115.5833,128.288565,37.860634,2976.1656504000002,83.94,9.984,239.859,0.9964094520738302
115.6,128.288527,37.86061,2976.6572928,83.981,9.982,240.115,0.9964094520738302
115.6166,128.288488,37.860585,2977.1495448,84.022,9.979,240.37,0.9964094520738302
115.6333,128.28845,37.860561,2977.6421016,84.062,9.977,240.627,0.9964094520738302
115.65,128.288412,37.860537,2978.1349632,84.102,9.974,240.886,0.9964094520738302
115.6666,128.288373,37.860514,2978.6281296,84.142,9.972,241.145,0.9964094520738302
115.6833,128.288334,37.86049,2979.1219056000004,84.181,9.969,241.404,0.9964094520738302
115.7,128.288295,37.860466,2979.6159864,84.219,9.967,241.663,0.9964094520738302
115.7166,128.288257,37.860443,2980.110372,84.257,9.964,241.922,0.9964094520738302
115.7333,128.288217,37.86042,2980.6050624000004,84.294,9.961,242.182,0.9964094520738302
115.75,128.288178,37.860396,2981.1003624000004,84.331,9.958,242.444,0.9964094520738302
115.7666,128.288139,37.860373,2981.5956624000005,84.367,9.955,242.706,0.9964094520738302
115.7833,128.2881,37.86035,2982.091572,84.403,9.952,242.968,0.9964094520738302
115.8,128.28806,37.860328,2982.5877864000004,84.439,9.949,243.231,0.9964094520738302
115.8166,128.28802,37.860305,2983.0840008000005,84.474,9.946,243.492,0.9964094520738302
115.8333,128.28798,37.860282,2983.5808248000003,84.508,9.942,243.756,0.9964094520738302
115.85,128.287941,37.86026,2984.0779536,84.542,9.939,244.02,0.9964094520738302
115.8666,128.287901,37.860238,2984.5753872000005,84.576,9.935,244.286,0.9964094520738302
115.8833,128.28786,37.860216,2985.0731256000004,84.609,9.932,244.551,0.9964094520738302
115.9,128.28782,37.860194,2985.5708640000003,84.642,9.928,244.816,0.9964094520738302
115.9166,128.28778,37.860172,2986.0692120000003,84.674,9.925,245.081,0.9964094520738302
115.9333,128.287739,37.86015,2986.5675600000004,84.706,9.921,245.348,0.9964094520738302
115.95,128.287699,37.860128,2987.0662128,84.738,9.917,245.615,0.9964094520738302
115.9666,128.287658,37.860107,2987.5651704,84.769,9.913,245.884,0.9964094520738302
115.9833,128.287617,37.860086,2988.0644328000003,84.8,9.909,246.152,0.9964094520738302
116.0,128.287576,37.860064,2988.5640000000003,84.83,9.905,246.421,0.9964094520738302
116.0166,128.287535,37.860043,2989.0635672,84.86,9.901,246.689,0.9964094520738302
116.0333,128.287494,37.860023,2989.5634392,84.889,9.897,246.958,0.9964094520738302
116.05,128.287453,37.860002,2990.0636160000004,84.919,9.893,247.229,0.9964094520738302
116.0666,128.287411,37.859981,2990.5637928,84.948,9.889,247.501,0.9964094520738302
116.0833,128.28737,37.859961,2991.0642744,84.976,9.885,247.772,0.9964094520738302
116.1,128.287328,37.85994,2991.5650608,85.004,9.88,248.044,0.9964094520738302
116.1166,128.287286,37.85992,2992.0658472,85.032,9.876,248.315,0.9964094520738302
116.1333,128.287245,37.8599,2992.5669384000003,85.059,9.871,248.587,0.9964094520738302
116.15,128.287203,37.85988,2993.0683344000004,85.087,9.867,248.861,0.9964094520738302
116.1666,128.287161,37.85986,2993.5697304000005,85.113,9.863,249.135,0.9964094520738302
116.1833,128.287118,37.859841,2994.0711264,85.14,9.858,249.41,0.9964094520738302
116.2,128.287076,37.859821,2994.5728272,85.166,9.853,249.685,0.9964094520738302
116.2166,128.287034,37.859802,2995.0748328000004,85.192,9.849,249.959,0.9964094520738302
116.2333,128.286991,37.859783,2995.5768384000003,85.217,9.844,250.234,0.9964094520738302
116.25,128.286949,37.859764,2996.0788440000006,85.242,9.839,250.511,0.9964094520738302
116.2666,128.286906,37.859745,2996.5811544000003,85.267,9.835,250.789,0.9964094520738302
116.2833,128.286863,37.859726,2997.0834648,85.292,9.83,251.066,0.9964094520738302
116.3,128.28682,37.859708,2997.58608,85.316,9.825,251.344,0.9964094520738302
116.3166,128.286777,37.859689,2998.0886952,85.34,9.82,251.621,0.9964094520738302
116.3333,128.286734,37.859671,2998.5913104,85.363,9.816,251.9,0.9964094520738302
116.35,128.286691,37.859653,2999.0939256,85.386,9.811,252.181,0.9964094520738302
116.3666,128.286648,37.859635,2999.5968456,85.409,9.806,252.462,0.9964094520738302
116.3833,128.286604,37.859617,3000.0997656,85.431,9.801,252.744,0.9964094520738302
116.4,128.286561,37.859599,3000.6029904,85.452,9.796,253.026,0.9964094520738302
116.4166,128.286517,37.859582,3001.1062152,85.473,9.791,253.307,0.9964094520738302
116.4333,128.286474,37.859565,3001.6097448,85.605,9.772,253.588,0.9964094520738302
116.45,128.28643,37.859547,3002.1129696,85.841,9.738,253.869,0.9964094520738302
116.4666,128.286386,37.85953,3002.6158896,86.188,9.695,254.15,0.9964094520738302
116.4833,128.286342,37.859513,3003.1178952,86.645,9.647,254.431,0.9964094520738302
116.5,128.286298,37.859496,3003.6192912,87.212,9.595,254.712,0.9964094520738302
116.5166,128.286254,37.85948,3004.1191632,87.886,9.541,254.993,0.9964094520738302
116.5333,128.28621,37.859463,3004.6181208000003,88.661,9.484,255.275,0.9964094520738302
116.55,128.286166,37.859446,3005.1158592,89.533,9.423,255.558,0.9964094520738302
116.5666,128.286122,37.85943,3005.6117688000004,90.495,9.359,255.841,0.9964094520738302
116.5833,128.286077,37.859413,3006.1064592000002,91.544,9.288,256.123,0.9964094520738302
116.6,128.286033,37.859397,3006.599016,92.673,9.212,256.404,0.9964094520738302
116.6166,128.285988,37.859381,3007.0897440000003,93.879,9.13,256.683,0.9964094520738302
116.6333,128.285944,37.859365,3007.5780336000003,95.14,9.041,256.964,0.9964094520738302
116.65,128.285899,37.859349,3008.0638848000003,96.444,8.948,257.247,0.9964094520738302
116.6666,128.285854,37.859333,3008.5469928,97.782,8.85,257.529,0.9964094520738302
116.6833,128.285809,37.859317,3009.026748,99.145,8.745,257.809,0.9964094520738302
116.7,128.285764,37.859302,3009.5031504000003,100.528,8.633,258.085,0.9964094520738302
116.7166,128.285719,37.859286,3009.9758952,101.925,8.513,258.358,0.9964094520738302
116.7333,128.285674,37.859271,3010.4440680000002,103.253,8.395,258.634,0.9964094520738302
116.75,128.285629,37.859256,3010.9070592000003,104.512,8.278,258.913,0.9964094520738302
116.7666,128.285584,37.859241,3011.3654784000005,105.704,8.157,259.192,0.9964094520738302
116.7833,128.285538,37.859226,3011.8181064,106.835,8.029,259.47,0.9964094520738302
116.8,128.285493,37.859211,3012.2649432000003,107.911,7.891,259.744,0.9964094520738302
116.8166,128.285448,37.859197,3012.7050744,108.942,7.743,260.013,0.9964094520738302
116.8333,128.285402,37.859182,3013.1406336,110.031,7.578,260.259,0.9964094520738302
116.85,128.285356,37.859168,3013.5697920000002,111.176,7.402,260.465,0.9964094520738302
116.8666,128.285311,37.859154,3013.9928544,112.385,7.227,260.619,0.9964094520738302
116.8833,128.285265,37.85914,3014.4104304,113.66,7.064,260.708,0.9964094520738302
116.9,128.285219,37.859126,3014.8231296000004,114.999,6.921,260.721,0.9964094520738302
116.9166,128.285173,37.859112,3015.2303424,116.401,6.796,260.663,0.9964094520738302
116.9333,128.285127,37.859098,3015.6329832,117.868,6.683,260.55,0.9964094520738302
116.95,128.285081,37.859085,3016.0316616,119.402,6.575,260.396,0.9964094520738302
116.9666,128.285035,37.859071,3016.4260728000004,121.006,6.465,260.218,0.9964094520738302
116.9833,128.284989,37.859057,3016.8162168000003,122.682,6.346,260.028,0.9964094520738302
117.0,128.284942,37.859044,3017.2023984,124.431,6.21,259.835,0.9964094520738302
117.0166,128.284896,37.85903,3017.5846176,126.253,6.06,259.636,0.9964094520738302
117.0333,128.28485,37.859017,3017.9628744,128.149,5.896,259.431,0.9964094520738302
117.05,128.284803,37.859003,3018.3371688,130.119,5.721,259.216,0.9964094520738302
117.0666,128.284757,37.85899,3018.7078056000005,132.164,5.536,258.988,0.9964094520738302
117.0833,128.284711,37.858976,3019.0750896000004,134.282,5.343,258.747,0.9964094520738302
117.1,128.284664,37.858963,3019.4390208000004,136.474,5.144,258.493,0.9964094520738302
117.1166,128.284618,37.85895,3019.7995992,138.74,4.94,258.223,0.9964094520738302
117.1333,128.284571,37.858936,3020.1571296,141.079,4.734,257.938,0.9964094520738302
117.15,128.284524,37.858923,3020.5116120000002,143.491,4.527,257.638,0.9964094520738302
117.1666,128.284478,37.85891,3020.863656,145.974,4.322,257.323,0.9964094520738302
117.1833,128.284431,37.858897,3021.2132616000004,148.528,4.12,256.993,0.9964094520738302
117.2,128.284384,37.858883,3021.5604288,151.149,3.924,256.649,0.9964094520738302
117.2166,128.284337,37.85887,3021.9057672,153.837,3.737,256.292,0.9964094520738302
117.2333,128.28429,37.858857,3022.2495816,156.588,3.56,255.925,0.9964094520738302
117.25,128.284243,37.858843,3022.5915672,159.4,3.397,255.547,0.9964094520738302
117.2666,128.284196,37.85883,3022.9323336,162.27,3.248,255.162,0.9964094520738302
117.2833,128.284149,37.858817,3023.2718808,165.194,3.115,254.771,0.9964094520738302
117.3,128.284102,37.858803,3023.6105136,168.17,3.001,254.377,0.9964094520738302
117.3166,128.284055,37.85879,3023.9488416000004,171.195,2.906,253.982,0.9964094520738302
117.3333,128.284008,37.858777,3024.2862552,174.264,2.83,253.589,0.9964094520738302
117.35,128.283961,37.858764,3024.6227544000003,177.369,2.775,253.201,0.9964094520738302
117.3666,128.283914,37.85875,3024.9583392000004,-179.497,2.74,252.821,0.9964094520738302
117.3833,128.283867,37.858737,3025.2927048,-176.344,2.724,252.453,0.9964094520738302
117.4,128.283819,37.858724,3025.6258512,-173.176,2.728,252.1,0.9964094520738302
117.4166,128.283772,37.85871,3025.9580832,-169.998,2.75,251.765,0.9964094520738302
117.4333,128.283725,37.858697,3026.2890960000004,-166.815,2.773,251.447,0.9964094520738302
117.45,128.283678,37.858683,3026.61828,-163.629,2.786,251.145,0.9964094520738302
117.4666,128.28363,37.85867,3026.9465496000003,-160.444,2.792,250.86,0.9964094520738302
117.4833,128.283583,37.858657,3027.2732952,-157.259,2.795,250.596,0.9964094520738302
117.5,128.283535,37.858643,3027.5991264,-154.078,2.801,250.354,0.9964094520738302
117.5166,128.283488,37.85863,3027.9234336,-150.9,2.808,250.137,0.9964094520738302
117.5333,128.28344,37.858617,3028.2462168,-147.727,2.802,249.937,0.9964094520738302
117.55,128.283393,37.858603,3028.5668664000004,-144.558,2.768,249.744,0.9964094520738302
117.5666,128.283345,37.85859,3028.8850776000004,-141.395,2.693,249.547,0.9964094520738302
117.5833,128.283298,37.858576,3029.20146,-138.237,2.583,249.347,0.9964094520738302
117.6,128.28325,37.858563,3029.515404,-135.082,2.448,249.15,0.9964094520738302
117.6166,128.283202,37.858549,3029.8266048,-131.936,2.299,248.961,0.9964094520738302
117.6333,128.283155,37.858536,3030.1338432000002,-128.816,2.134,248.757,0.9964094520738302
117.65,128.283107,37.858522,3030.4368144000005,-125.737,1.953,248.52,0.9964094520738302
117.6666,128.283059,37.858509,3030.7358232,-122.7,1.765,248.246,0.9964094520738302
117.6833,128.283011,37.858495,3031.0311744,-119.702,1.582,247.944,0.9964094520738302
117.7,128.282964,37.858482,3031.3222584,-116.734,1.413,247.623,0.9964094520738302
117.7166,128.282916,37.858468,3031.6093800000003,-113.787,1.264,247.292,0.9964094520738302
117.7333,128.282868,37.858454,3031.8916248,-111.053,1.106,246.944,0.9964094520738302
117.75,128.28282,37.858441,3032.168688,-108.518,0.938,246.57,0.9964094520738302
117.7666,128.282772,37.858427,3032.4393504000004,-106.159,0.776,246.175,0.9964094520738302
117.7833,128.282724,37.858413,3032.7039168000006,-103.951,0.632,245.766,0.9964094520738302
117.8,128.282677,37.858399,3032.9620824000003,-101.866,0.514,245.35,0.9964094520738302
117.8166,128.282629,37.858385,3033.2144568000003,-99.875,0.423,244.932,0.9964094520738302
117.8333,128.282581,37.858371,3033.4613448,-98.114,0.339,244.504,0.9964094520738302
117.85,128.282533,37.858357,3033.7030512,-96.561,0.257,244.068,0.9964094520738302
117.8666,128.282486,37.858342,3033.9386616,-95.207,0.183,243.629,0.9964094520738302
117.8833,128.282438,37.858328,3034.1687856,-94.019,0.122,243.191,0.9964094520738302
117.9,128.28239,37.858313,3034.3934232,-92.966,0.081,242.756,0.9964094520738302
117.9166,128.282343,37.858299,3034.6131840000003,-92.019,0.058,242.326,0.9964094520738302
117.9333,128.282295,37.858284,3034.8286776000004,-91.24,0.042,241.9,0.9964094520738302
117.95,128.282248,37.858269,3035.0395992,-90.617,0.029,241.478,0.9964094520738302
117.9666,128.282201,37.858253,3035.2462536,-90.134,0.019,241.06,0.9964094520738302
117.9833,128.282154,37.858238,3035.4489456,-89.769,0.016,240.648,0.9964094520738302
118.0,128.282107,37.858222,3035.6473704,-89.498,0.022,240.241,0.9964094520738302
118.0166,128.28206,37.858207,3035.8418328000002,-89.302,0.035,239.838,0.9964094520738302
118.0333,128.282013,37.858191,3036.0332472,-89.228,0.048,239.458,0.9964094520738302
118.05,128.281966,37.858175,3036.221004,-89.266,0.057,239.116,0.9964094520738302
118.0666,128.281919,37.858158,3036.4047984000003,-89.413,0.063,238.829,0.9964094520738302
118.0833,128.281873,37.858142,3036.58524,-89.665,0.065,238.614,0.9964094520738302
118.1,128.281826,37.858125,3036.762024,-90.02,0.066,238.484,0.9964094520738302
118.1166,128.28178,37.858109,3036.9345408,-90.472,0.066,238.449,0.9964094520738302
118.1333,128.281734,37.858092,3037.1034,-91.017,0.065,238.492,0.9964094520738302
118.15,128.281688,37.858075,3037.2682968,-91.651,0.064,238.597,0.9964094520738302
118.1666,128.281642,37.858057,3037.4289264,-92.372,0.063,238.742,0.9964094520738302
118.1833,128.281596,37.85804,3037.584984,-93.176,0.062,238.911,0.9964094520738302
118.2,128.28155,37.858023,3037.7367744,-94.062,0.062,239.085,0.9964094520738302
118.2166,128.281504,37.858005,3037.8833832,-95.027,0.06,239.246,0.9964094520738302
118.2333,128.281459,37.857987,3038.0245056000003,-95.876,0.078,239.378,0.9964094520738302
118.25,128.281413,37.857969,3038.1604464,-96.597,0.115,239.463,0.9964094520738302
118.2666,128.281368,37.857951,3038.2918152,-97.195,0.159,239.488,0.9964094520738302
118.2833,128.281322,37.857933,3038.4189168000003,-97.681,0.196,239.44,0.9964094520738302
118.3,128.281277,37.857915,3038.5414464000005,-98.068,0.217,239.308,0.9964094520738302
118.3166,128.281231,37.857897,3038.659404,-98.375,0.218,239.084,0.9964094520738302
118.3333,128.281186,37.857879,3038.7724848000003,-98.569,0.203,238.765,0.9964094520738302
118.35,128.281141,37.85786,3038.8812984,-98.666,0.175,238.365,0.9964094520738302
118.3666,128.281096,37.857842,3038.98554,-98.687,0.135,237.899,0.9964094520738302
118.3833,128.281051,37.857823,3039.0855144,-98.648,0.082,237.384,0.9964094520738302
118.4,128.281005,37.857804,3039.1809168000004,-98.564,0.02,236.835,0.9964094520738302
118.4166,128.28096,37.857785,3039.2717472,-98.447,-0.048,236.271,0.9964094520738302
118.4333,128.280915,37.857766,3039.3577008,-98.296,-0.118,235.708,0.9964094520738302
118.45,128.280871,37.857747,3039.4390824,-98.121,-0.185,235.162,0.9964094520738302
118.4666,128.280826,37.857728,3039.5155872000005,-97.928,-0.248,234.651,0.9964094520738302
118.4833,128.280781,37.857709,3039.58752,-97.724,-0.305,234.182,0.9964094520738302
118.5,128.280736,37.857689,3039.6542712000005,-97.511,-0.357,233.746,0.9964094520738302
118.5166,128.280692,37.85767,3039.7161456000003,-97.293,-0.405,233.334,0.9964094520738302
118.5333,128.280647,37.85765,3039.7731432,-97.082,-0.451,232.938,0.9964094520738302
118.55,128.280603,37.85763,3039.825264,-96.88,-0.496,232.552,0.9964094520738302
118.5666,128.280558,37.85761,3039.872508,-96.685,-0.54,232.175,0.9964094520738302
118.5833,128.280514,37.85759,3039.9148752,-96.499,-0.581,231.805,0.9964094520738302
118.6,128.28047,37.85757,3039.9523656,-96.319,-0.621,231.44,0.9964094520738302
118.6166,128.280426,37.85755,3039.9852840000003,-96.145,-0.658,231.081,0.9964094520738302
118.6333,128.280382,37.857529,3040.0130208,-95.988,-0.695,230.726,0.9964094520738302
118.65,128.280338,37.857508,3040.0361856,-95.848,-0.732,230.377,0.9964094520738302
118.6666,128.280294,37.857488,3040.0544736,-95.723,-0.768,230.031,0.9964094520738302
118.6833,128.280251,37.857467,3040.0681896000006,-95.61,-0.803,229.69,0.9964094520738302
118.7,128.280207,37.857446,3040.0773336,-95.508,-0.837,229.352,0.9964094520738302
118.7166,128.280164,37.857424,3040.0816008,-95.414,-0.869,229.018,0.9964094520738302
118.7333,128.28012,37.857403,3040.0812960000003,-95.336,-0.901,228.688,0.9964094520738302
118.75,128.280077,37.857381,3040.0764192000006,-95.272,-0.933,228.36,0.9964094520738302
118.7666,128.280034,37.85736,3040.0666656,-95.221,-0.965,228.035,0.9964094520738302
118.7833,128.279991,37.857338,3040.0526448,-95.18,-0.996,227.714,0.9964094520738302
118.8,128.279948,37.857316,3040.0337472,-95.148,-1.027,227.395,0.9964094520738302
118.8166,128.279906,37.857294,3040.0105824,-95.123,-1.057,227.078,0.9964094520738302
118.8333,128.279863,37.857272,3039.9825408,-95.107,-1.087,226.763,0.9964094520738302
118.85,128.279821,37.857249,3039.950232,-95.1,-1.117,226.451,0.9964094520738302
118.8666,128.279778,37.857227,3039.9133512,-95.101,-1.148,226.141,0.9964094520738302
118.8833,128.279736,37.857204,3039.8718984,-95.107,-1.178,225.833,0.9964094520738302
118.9,128.279694,37.857181,3039.8261784000006,-95.119,-1.209,225.527,0.9964094520738302
118.9166,128.279652,37.857159,3039.7755816,-95.135,-1.239,225.223,0.9964094520738302
118.9333,128.279611,37.857135,3039.7207176,-95.155,-1.27,224.92,0.9964094520738302
118.95,128.279569,37.857112,3039.6612816,-95.178,-1.301,224.619,0.9964094520738302
118.9666,128.279527,37.857089,3039.5972736000003,-95.204,-1.333,224.32,0.9964094520738302
118.9833,128.279486,37.857065,3039.5286936,-95.232,-1.364,224.022,0.9964094520738302
119.0,128.279445,37.857042,3039.4558464000006,-95.262,-1.397,223.725,0.9964094520738302
119.0166,128.279404,37.857018,3039.3784272000003,-95.294,-1.429,223.43,0.9964094520738302
119.0333,128.279363,37.856994,3039.296436,-95.325,-1.462,223.135,0.9964094520738302
119.05,128.279322,37.85697,3039.2098728,-95.357,-1.496,222.842,0.9964094520738302
119.0666,128.279281,37.856946,3039.1190424,-95.387,-1.529,222.549,0.9964094520738302
119.0833,128.27924,37.856921,3039.02364,-95.418,-1.563,222.257,0.9964094520738302
119.1,128.2792,37.856897,3038.9236656000003,-95.448,-1.598,221.966,0.9964094520738302
119.1166,128.27916,37.856872,3038.8191192000004,-95.478,-1.634,221.675,0.9964094520738302
119.1333,128.27912,37.856847,3038.7100008,-95.506,-1.669,221.385,0.9964094520738302
119.15,128.27908,37.856822,3038.5963103999998,-95.531,-1.705,221.096,0.9964094520738302
119.1666,128.27904,37.856797,3038.4783528000003,-95.555,-1.742,220.808,0.9964094520738302
119.1833,128.279,37.856772,3038.3558232000005,-95.577,-1.779,220.52,0.9964094520738302
119.2,128.278961,37.856747,3038.2284168000006,-95.597,-1.816,220.233,0.9964094520738302
119.2166,128.278921,37.856721,3038.0967432,-95.617,-1.854,219.947,0.9964094520738302
119.2333,128.278882,37.856696,3037.9608024000004,-95.633,-1.892,219.661,0.9964094520738302
119.25,128.278843,37.85667,3037.8199848000004,-95.647,-1.931,219.376,0.9964094520738302
119.2666,128.278804,37.856644,3037.6745952,-95.658,-1.97,219.091,0.9964094520738302
119.2833,128.278765,37.856618,3037.5249384,-95.667,-2.009,218.807,0.9964094520738302
119.3,128.278726,37.856592,3037.3704048000004,-95.675,-2.049,218.523,0.9964094520738302
119.3166,128.278688,37.856566,3037.211604,-95.681,-2.089,218.24,0.9964094520738302
119.3333,128.27865,37.856539,3037.0482312,-95.685,-2.129,217.957,0.9964094520738302
119.35,128.278611,37.856513,3036.8802864000004,-95.685,-2.17,217.675,0.9964094520738302
119.3666,128.278573,37.856486,3036.7077696,-95.684,-2.21,217.393,0.9964094520738302
119.3833,128.278535,37.856459,3036.5309856,-95.681,-2.251,217.111,0.9964094520738302
119.4,128.278498,37.856432,3036.3493248,-95.676,-2.293,216.83,0.9964094520738302
119.4166,128.27846,37.856405,3036.1633968,-95.67,-2.334,216.549,0.9964094520738302
119.4333,128.278423,37.856378,3035.9728968,-95.662,-2.376,216.269,0.9964094520738302
119.45,128.278386,37.856351,3035.7778248,-95.652,-2.418,215.989,0.9964094520738302
119.4666,128.278349,37.856323,3035.5781807999997,-95.64,-2.46,215.709,0.9964094520738302
119.4833,128.278312,37.856296,3035.3742696,-95.627,-2.502,215.429,0.9964094520738302
119.5,128.278275,37.856268,3035.1654816,-95.612,-2.544,215.15,0.9964094520738302
119.5166,128.278238,37.85624,3034.9527312,-95.596,-2.587,214.871,0.9964094520738302
119.5333,128.278202,37.856212,3034.735104,-95.579,-2.63,214.592,0.9964094520738302
119.55,128.278166,37.856184,3034.5132096,-95.56,-2.673,214.314,0.9964094520738302
119.5666,128.27813,37.856156,3034.2867432000003,-95.54,-2.715,214.036,0.9964094520738302
119.5833,128.278094,37.856128,3034.0557048,-95.518,-2.758,213.758,0.9964094520738302
119.6,128.278058,37.856099,3033.8203992,-95.496,-2.801,213.48,0.9964094520738302
119.6166,128.278023,37.85607,3033.5805216,-95.473,-2.844,213.202,0.9964094520738302
119.6333,128.277987,37.856042,3033.3363768,-95.449,-2.887,212.925,0.9964094520738302
119.65,128.277952,37.856013,3033.0876600000006,-95.423,-2.931,212.648,0.9964094520738302
119.6666,128.277917,37.855984,3032.8343712000005,-95.397,-2.974,212.37,0.9964094520738302
119.6833,128.277882,37.855955,3032.5768152,-95.369,-3.017,212.093,0.9964094520738302
119.7,128.277847,37.855926,3032.3149920000005,-95.341,-3.06,211.816,0.9964094520738302
119.7166,128.277813,37.855896,3032.0485968,-95.312,-3.103,211.539,0.9964094520738302
119.7333,128.277779,37.855867,3031.7779344,-95.283,-3.146,211.263,0.9964094520738302
119.75,128.277744,37.855837,3031.5030048000003,-95.252,-3.19,210.986,0.9964094520738302
119.7666,128.27771,37.855808,3031.2235032000003,-95.221,-3.233,210.71,0.9964094520738302
119.7833,128.277677,37.855778,3030.9397344000004,-95.188,-3.276,210.433,0.9964094520738302
119.8,128.277643,37.855748,3030.6516984000004,-95.156,-3.319,210.157,0.9964094520738302
119.8166,128.27761,37.855718,3030.3593952,-95.122,-3.362,209.88,0.9964094520738302
119.8333,128.277576,37.855688,3030.06252,-95.088,-3.405,209.604,0.9964094520738302
119.85,128.277543,37.855657,3029.7616824,-95.053,-3.448,209.328,0.9964094520738302
119.8666,128.277511,37.855627,3029.4562728,-95.018,-3.491,209.052,0.9964094520738302
119.8833,128.277478,37.855596,3029.1465960000005,-94.982,-3.533,208.776,0.9964094520738302
119.9,128.277445,37.855566,3028.832652,-94.945,-3.576,208.5,0.9964094520738302
119.9166,128.277413,37.855535,3028.5144408,-94.907,-3.619,208.224,0.9964094520738302
119.9333,128.277381,37.855504,3028.1922672,-94.869,-3.661,207.948,0.9964094520738302
119.95,128.277349,37.855473,3027.8655215999997,-94.831,-3.704,207.672,0.9964094520738302
119.9666,128.277317,37.855442,3027.5348136000002,-94.791,-3.746,207.396,0.9964094520738302
119.9833,128.277286,37.855411,3027.1998384000003,-94.751,-3.788,207.12,0.9964094520738302
120.0,128.277254,37.85538,3026.8605960000004,-94.711,-3.83,206.844,0.9964094520738302
120.0166,128.277223,37.855348,3026.5170864,-94.67,-3.872,206.568,0.9947011135696923
120.0333,128.277192,37.855317,3026.1696144000002,-94.628,-3.914,206.292,0.992990716318399
120.05,128.277161,37.855285,3025.8178752000003,-94.586,-3.956,206.016,0.9912781870124198
120.0666,128.277131,37.855253,3025.4618688000005,-94.543,-3.998,205.74,0.9912781870124198
120.0833,128.2771,37.855221,3025.1019,-94.499,-4.039,205.464,0.9912781870124198
120.1,128.27707,37.85519,3024.7379688,-94.456,-4.08,205.188,0.9912781870124198
120.1166,128.27704,37.855158,3024.3697704,-94.411,-4.121,204.912,0.9912781870124198
120.1333,128.27701,37.855125,3023.9976096000005,-94.366,-4.162,204.636,0.9912781870124198
120.15,128.276981,37.855093,3023.6211816,-94.321,-4.203,204.359,0.9912781870124198
120.1666,128.276951,37.855061,3023.2407912000003,-94.274,-4.244,204.083,0.9912781870124198
120.1833,128.276922,37.855028,3022.8564384,-94.228,-4.285,203.807,0.9912781870124198
120.2,128.276893,37.854996,3022.4681232000003,-94.181,-4.325,203.531,0.9912781870124198
120.2166,128.276864,37.854963,3022.0755408,-94.133,-4.365,203.255,0.9912781870124198
120.2333,128.276836,37.85493,3021.6793008000004,-94.085,-4.405,202.978,0.9912781870124198
120.25,128.276807,37.854897,3021.2787936000004,-94.036,-4.445,202.702,0.9912781870124198
120.2666,128.276779,37.854864,3020.8746287999998,-93.987,-4.485,202.426,0.9912781870124198
120.2833,128.276751,37.854831,3020.4661968,-93.937,-4.524,202.149,0.9912781870124198
120.3,128.276723,37.854798,3020.0541072,-93.887,-4.563,201.873,0.9912781870124198
120.3166,128.276695,37.854765,3019.6377504,-93.837,-4.602,201.596,0.9912781870124198
120.3333,128.276668,37.854732,3019.217736,-93.786,-4.641,201.32,0.9912781870124198
120.35,128.276641,37.854698,3018.794064,-93.734,-4.68,201.043,0.9912781870124198
120.3666,128.276614,37.854665,3018.3661248000003,-93.683,-4.718,200.767,0.9912781870124198
120.3833,128.276587,37.854631,3017.9345280000002,-93.63,-4.756,200.49,0.9912781870124198
120.4,128.27656,37.854597,3017.4992736000004,-93.578,-4.794,200.214,0.9912781870124198
120.4166,128.276534,37.854563,3017.0600568,-93.525,-4.832,199.937,0.9912781870124198
120.4333,128.276508,37.854529,3016.6171824000003,-93.472,-4.87,199.66,0.9912781870124198
120.45,128.276482,37.854495,3016.1703456,-93.418,-4.907,199.383,0.9912781870124198
120.4666,128.276456,37.854461,3015.7198512,-93.364,-4.944,199.106,0.9912781870124198
120.4833,128.27643,37.854427,3015.2653944,-93.31,-4.981,198.829,0.9912781870124198
120.5,128.276405,37.854393,3014.8075848000003,-93.255,-5.018,198.552,0.9912781870124198
120.5166,128.27638,37.854358,3014.3458127999997,-93.2,-5.054,198.275,0.9912781870124198
120.5333,128.276355,37.854324,3013.8803832,-93.145,-5.09,197.998,0.9912781870124198
120.55,128.27633,37.854289,3013.411296,-93.09,-5.126,197.721,0.9912781870124198
120.5666,128.276306,37.854255,3012.9385512,-93.034,-5.162,197.443,0.9912781870124198
120.5833,128.276282,37.85422,3012.4624536,-92.978,-5.197,197.166,0.9912781870124198
120.6,128.276258,37.854185,3011.9823936000003,-92.922,-5.233,196.888,0.9912781870124198
120.6166,128.276234,37.85415,3011.4989808,-92.866,-5.268,196.611,0.9912781870124198
120.6333,128.27621,37.854116,3011.0119104,-92.809,-5.302,196.333,0.9912781870124198
120.65,128.276187,37.85408,3010.5211824000003,-92.753,-5.337,196.056,0.9912781870124198
120.6666,128.276163,37.854045,3010.0267968,-92.696,-5.371,195.778,0.9912781870124198
120.6833,128.27614,37.85401,3009.5293632000003,-92.639,-5.405,195.5,0.9912781870124198
120.7,128.276118,37.853975,3009.0279671999997,-92.582,-5.439,195.222,0.9912781870124198
120.7166,128.276095,37.853939,3008.5232184,-92.525,-5.472,194.945,0.9912781870124198
120.7333,128.276073,37.853904,3008.0151168,-92.467,-5.506,194.667,0.9912781870124198
120.75,128.276051,37.853869,3007.5036624000004,-92.41,-5.539,194.389,0.9912781870124198
120.7666,128.276029,37.853833,3006.9885504000003,-92.353,-5.571,194.11,0.9912781870124198
120.7833,128.276007,37.853797,3006.4700856,-92.295,-5.604,193.832,0.9912781870124198
120.8,128.275986,37.853762,3005.948268,-92.238,-5.636,193.554,0.9912781870124198
120.8166,128.275964,37.853726,3005.4230976000003,-92.18,-5.668,193.276,0.9912781870124198
120.8333,128.275943,37.85369,3004.8945744,-92.123,-5.7,192.997,0.9912781870124198
120.85,128.275922,37.853654,3004.3626984,-92.065,-5.731,192.719,0.9912781870124198
120.8666,128.275902,37.853618,3003.8274696,-92.008,-5.762,192.44,0.9912781870124198
120.8833,128.275881,37.853582,3003.288888,-91.95,-5.793,192.162,0.9912781870124198
120.9,128.275861,37.853546,3002.7472584,-91.893,-5.824,191.883,0.9912781870124198
120.9166,128.275841,37.853509,3002.2022760000004,-91.835,-5.854,191.604,0.9912781870124198
120.9333,128.275822,37.853473,3001.6539408000003,-91.778,-5.885,191.325,0.9912781870124198
120.95,128.275802,37.853437,3001.1025576,-91.721,-5.915,191.047,0.9912781870124198
120.9666,128.275783,37.8534,3000.5478215999997,-91.664,-5.944,190.768,0.9912781870124198
120.9833,128.275764,37.853364,2999.9900376,-91.607,-5.974,190.489,0.9912781870124198
121.0,128.275745,37.853327,2999.4289008000005,-91.55,-6.003,190.21,0.9912781870124198
121.0166,128.275727,37.85329,2998.864716,-91.494,-6.032,189.93,0.9912781870124198
121.0333,128.275708,37.853254,2998.2971784000006,-91.336,-6.048,189.66,0.9912781870124198
121.05,128.27569,37.853217,2997.726288,-91.082,-6.051,189.399,0.9912781870124198
121.0666,128.275672,37.85318,2997.1529592,-90.728,-6.046,189.144,0.9912781870124198
121.0833,128.275654,37.853143,2996.5768872000003,-90.271,-6.036,188.891,0.9912781870124198
121.1,128.275637,37.853106,2995.9983768,-89.714,-6.024,188.639,0.9912781870124198
121.1166,128.275619,37.853069,2995.4177328000005,-89.059,-6.009,188.388,0.9912781870124198
121.1333,128.275602,37.853032,2994.8346504,-88.311,-5.992,188.135,0.9912781870124198
121.15,128.275585,37.852995,2994.2494344,-87.474,-5.971,187.882,0.9912781870124198
121.1666,128.275568,37.852958,2993.6623896000006,-86.552,-5.947,187.63,0.9912781870124198
121.1833,128.275551,37.852921,2993.0735160000004,-85.551,-5.917,187.377,0.9912781870124198
121.2,128.275534,37.852883,2992.4831184000004,-84.475,-5.882,187.127,0.9912781870124198
121.2166,128.275518,37.852846,2991.8915016,-83.327,-5.841,186.879,0.9912781870124198
121.2333,128.275501,37.852809,2991.2989704,-82.153,-5.797,186.63,0.9912781870124198
121.25,128.275485,37.852771,2990.7058296,-80.964,-5.753,186.381,0.9912781870124198
121.2666,128.275469,37.852734,2990.1126888000003,-79.767,-5.706,186.132,0.9912781870124198
121.2833,128.275453,37.852696,2989.519548,-78.567,-5.653,185.886,0.9912781870124198
121.3,128.275438,37.852659,2988.9270168000003,-77.368,-5.594,185.644,0.9912781870124198
121.3166,128.275423,37.852621,2988.3350952,-76.172,-5.528,185.405,0.9912781870124198
121.3333,128.275407,37.852584,2987.7434784000006,-74.923,-5.451,185.188,0.9912781870124198
121.35,128.275392,37.852546,2987.1524712000005,-73.625,-5.369,185.007,0.9912781870124198
121.3666,128.275378,37.852508,2986.5620736000005,-72.278,-5.29,184.878,0.9912781870124198
121.3833,128.275363,37.85247,2985.9725904,-70.88,-5.222,184.814,0.9912781870124198
121.4,128.275348,37.852432,2985.3831072000003,-69.432,-5.173,184.824,0.9912781870124198
121.4166,128.275334,37.852394,2984.7948432000003,-67.932,-5.14,184.894,0.9912781870124198
121.4333,128.275319,37.852357,2984.2074936000004,-66.38,-5.12,185.005,0.9912781870124198
121.45,128.275305,37.852319,2983.6213632,-64.774,-5.107,185.142,0.9912781870124198
121.4666,128.275291,37.852281,2983.0364520000003,-63.11,-5.097,185.29,0.9912781870124198
121.4833,128.275277,37.852242,2982.4527600000006,-61.388,-5.084,185.435,0.9912781870124198
121.5,128.275263,37.852204,2981.8702872000003,-59.604,-5.068,185.577,0.9912781870124198
121.5166,128.275249,37.852166,2981.2893384,-57.758,-5.05,185.717,0.9912781870124198
121.5333,128.275235,37.852128,2980.7099136,-55.85,-5.031,185.856,0.9912781870124198
121.55,128.275222,37.85209,2980.131708,-53.878,-5.014,185.996,0.9912781870124198
121.5666,128.275208,37.852051,2979.5547216,-51.843,-4.997,186.137,0.9912781870124198
121.5833,128.275195,37.852013,2978.9789544,-49.746,-4.979,186.28,0.9912781870124198
121.6,128.275181,37.851975,2978.4044064,-47.589,-4.961,186.424,0.9912781870124198
121.6166,128.275168,37.851936,2977.830468,-45.372,-4.942,186.572,0.9912781870124198
121.6333,128.275155,37.851898,2977.2574440000003,-43.096,-4.922,186.722,0.9912781870124198
121.65,128.275141,37.851859,2976.6850296000002,-40.762,-4.899,186.878,0.9912781870124198
121.6666,128.275128,37.851821,2976.11292,-38.37,-4.875,187.038,0.9912781870124198
121.6833,128.275115,37.851782,2975.5411152,-35.921,-4.85,187.205,0.9912781870124198
121.7,128.275102,37.851744,2974.9693104,-33.415,-4.822,187.378,0.9912781870124198
121.7166,128.275088,37.851705,2974.396896,-30.853,-4.794,187.558,0.9912781870124198
121.7333,128.275075,37.851667,2973.8241768000003,-28.233,-4.766,187.747,0.9912781870124198
121.75,128.275062,37.851628,2973.250848,-25.557,-4.737,187.944,0.9912781870124198
121.7666,128.275049,37.851589,2972.6759952,-22.825,-4.71,188.15,0.9912781870124198
121.7833,128.275036,37.85155,2972.0999232000004,-20.037,-4.684,188.366,0.9912781870124198
121.8,128.275023,37.851512,2971.5220224,-17.193,-4.661,188.591,0.9912781870124198
121.8166,128.27501,37.851473,2970.9422928,-14.295,-4.643,188.825,0.9912781870124198
121.8333,128.274997,37.851434,2970.35982,-11.344,-4.63,189.067,0.9912781870124198
121.85,128.274984,37.851395,2969.7749088,-8.341,-4.625,189.317,0.9912781870124198
121.8666,128.274971,37.851356,2969.1869496,-5.288,-4.628,189.573,0.9912781870124198
121.8833,128.274958,37.851317,2968.5959424,-2.188,-4.639,189.834,0.9912781870124198
121.9,128.274945,37.851278,2968.0024968,0.948,-4.662,190.098,0.9912781870124198
121.9166,128.274932,37.851239,2967.406308,4.117,-4.695,190.362,0.9912781870124198
121.9333,128.274919,37.8512,2966.8079856,7.311,-4.722,190.626,0.9912781870124198
121.95,128.274906,37.851161,2966.2075296000003,10.525,-4.73,190.891,0.9912781870124198
121.9666,128.274893,37.851122,2965.6046352000003,13.754,-4.727,191.155,0.9912781870124198
121.9833,128.27488,37.851083,2964.9989976,16.996,-4.721,191.417,0.9912781870124198
122.0,128.274867,37.851043,2964.3912264,20.246,-4.72,191.672,0.9912781870124198
122.0166,128.274854,37.851004,2963.7804072000004,23.504,-4.725,191.918,0.9912781870124198
122.0333,128.274841,37.850965,2963.1680640000004,26.765,-4.721,192.162,0.9912781870124198
122.05,128.274828,37.850926,2962.5535872000005,30.029,-4.693,192.41,0.9912781870124198
122.0666,128.274816,37.850886,2961.9375864000003,33.292,-4.626,192.674,0.9912781870124198
122.0833,128.274803,37.850847,2961.3200616000004,36.554,-4.532,192.949,0.9912781870124198
122.1,128.27479,37.850808,2960.7004032000004,39.816,-4.425,193.226,0.9912781870124198
122.1166,128.274777,37.850768,2960.0792208000003,43.076,-4.314,193.499,0.9912781870124198
122.1333,128.274764,37.850729,2959.457124,46.334,-4.187,193.779,0.9912781870124198
122.15,128.274751,37.85069,2958.8344176,49.589,-4.033,194.081,0.9912781870124198
122.1666,128.274737,37.85065,2958.2104920000006,52.842,-3.856,194.405,0.9912781870124198
122.1833,128.274724,37.850611,2957.5862616000004,56.09,-3.667,194.744,0.9912781870124198
122.2,128.274711,37.850571,2956.9620312,59.321,-3.483,195.092,0.9912781870124198
122.2166,128.274698,37.850532,2956.3378008000004,62.524,-3.315,195.446,0.9912781870124198
122.2333,128.274685,37.850492,2955.7144848000003,65.465,-3.138,195.812,0.9912781870124198
122.25,128.274672,37.850453,2955.0926928,68.156,-2.948,196.203,0.9912781870124198
122.2666,128.274658,37.850413,2954.4730344000004,70.611,-2.764,196.618,0.9912781870124198
122.2833,128.274645,37.850374,2953.8561192,72.864,-2.601,197.05,0.9912781870124198
122.3,128.274631,37.850334,2953.2413376,74.954,-2.467,197.493,0.9912781870124198
122.3166,128.274618,37.850295,2952.6292992,76.922,-2.366,197.941,0.9912781870124198
122.3333,128.274604,37.850255,2952.01848,78.675,-2.278,198.401,0.9912781870124198
122.35,128.27459,37.850216,2951.4097944,80.234,-2.198,198.869,0.9912781870124198
122.3666,128.274576,37.850176,2950.8029376,81.608,-2.129,199.34,0.9912781870124198
122.3833,128.274561,37.850137,2950.1976048,82.804,-2.073,199.811,0.9912781870124198
122.4,128.274547,37.850097,2949.5941008000004,83.835,-2.031,200.279,0.9912781870124198
122.4166,128.274532,37.850058,2948.9921208,84.734,-2.005,200.743,0.9912781870124198
122.4333,128.274517,37.850018,2948.3910552,85.482,-1.992,201.201,0.9912781870124198
122.45,128.274502,37.849979,2947.7912088000003,86.093,-1.987,201.653,0.9912781870124198
122.4666,128.274487,37.84994,2947.191972,86.574,-1.989,202.099,0.9912781870124198
122.4833,128.274471,37.849901,2946.5933448,86.934,-1.997,202.54,0.9912781870124198
122.5,128.274456,37.849862,2945.9953272000002,87.181,-2.011,202.975,0.9912781870124198
122.5166,128.27444,37.849823,2945.3979192000006,87.327,-2.029,203.404,0.9912781870124198
122.5333,128.274423,37.849784,2944.8005112,87.374,-2.05,203.826,0.9912781870124198
122.55,128.274407,37.849745,2944.203408,87.326,-2.073,204.241,0.9912781870124198
122.5666,128.27439,37.849706,2943.6066096000004,87.19,-2.096,204.65,0.9912781870124198
122.5833,128.274373,37.849667,2943.0101160000004,86.976,-2.119,205.054,0.9912781870124198
122.6,128.274356,37.849628,2942.4139272,86.7,-2.143,205.452,0.9912781870124198
122.6166,128.274339,37.84959,2941.8180432000004,86.374,-2.169,205.846,0.9912781870124198
122.6333,128.274321,37.849551,2941.2227688000003,86.007,-2.195,206.234,0.9912781870124198
122.65,128.274303,37.849513,2940.6274943999997,85.608,-2.221,206.618,0.9912781870124198
122.6666,128.274285,37.849474,2940.0331344,85.186,-2.245,206.998,0.9912781870124198
122.6833,128.274267,37.849436,2939.4390792,84.745,-2.268,207.372,0.9912781870124198
122.7,128.274248,37.849397,2938.8456336,84.29,-2.289,207.741,0.9912781870124198
122.7166,128.27423,37.849359,2938.2531024,83.822,-2.306,208.106,0.9912781870124198
122.7333,128.274211,37.849321,2937.6614856,83.368,-2.323,208.466,0.9912781870124198
122.75,128.274192,37.849283,2937.0704784000004,82.928,-2.339,208.823,0.9912781870124198
122.7666,128.274172,37.849245,2936.4806904,82.499,-2.353,209.177,0.9912781870124198
122.7833,128.274153,37.849207,2935.8921216,82.081,-2.364,209.525,0.9912781870124198
122.8,128.274133,37.849169,2935.304772,81.67,-2.371,209.87,0.9912781870124198
122.8166,128.274113,37.849131,2934.7186416000004,81.265,-2.373,210.21,0.9912781870124198
122.8333,128.274093,37.849093,2934.1340352,80.888,-2.375,210.546,0.9912781870124198
122.85,128.274073,37.849055,2933.5509528000002,80.537,-2.376,210.88,0.9912781870124198
122.8666,128.274052,37.849017,2932.9693944,80.208,-2.375,211.21,0.9912781870124198
122.8833,128.274031,37.84898,2932.3896648,79.896,-2.372,211.537,0.9912781870124198
122.9,128.27401,37.848942,2931.811764,79.599,-2.365,211.86,0.9912781870124198
122.9166,128.273989,37.848905,2931.235692,79.311,-2.354,212.179,0.9912781870124198
122.9333,128.273968,37.848867,2930.6614488000005,79.049,-2.343,212.496,0.9912781870124198
122.95,128.273946,37.84883,2930.0893392000003,78.811,-2.331,212.81,0.9912781870124198
122.9666,128.273924,37.848793,2929.5190584,78.592,-2.318,213.121,0.9912781870124198
122.9833,128.273902,37.848755,2928.9512160000004,78.388,-2.302,213.429,0.9912781870124198
123.0,128.27388,37.848718,2928.3855072,78.197,-2.285,213.735,0.9912781870124198
123.0166,128.273858,37.848681,2927.8225416000005,78.014,-2.265,214.038,0.9912781870124198
123.0333,128.273835,37.848644,2927.2614048,77.849,-2.244,214.339,0.9912781870124198
123.05,128.273812,37.848607,2926.7027064,77.701,-2.223,214.637,0.9912781870124198
123.0666,128.273789,37.84857,2926.1464464000005,77.564,-2.201,214.934,0.9912781870124198
123.0833,128.273766,37.848534,2925.5929296,77.439,-2.178,215.228,0.9912781870124198
123.1,128.273742,37.848497,2925.0418512,77.321,-2.153,215.521,0.9912781870124198
123.1166,128.273719,37.84846,2924.493516,77.208,-2.127,215.811,0.9912781870124198
123.1333,128.273695,37.848424,2923.9476192,77.106,-2.101,216.1,0.9912781870124198
123.15,128.273671,37.848388,2923.4044656,77.013,-2.074,216.387,0.9912781870124198
123.1666,128.273646,37.848351,2922.8640552,76.926,-2.046,216.673,0.9912781870124198
123.1833,128.273622,37.848315,2922.326388,76.844,-2.018,216.958,0.9912781870124198
123.2,128.273597,37.848279,2921.7917688,76.767,-1.989,217.241,0.9912781870124198
123.2166,128.273572,37.848243,2921.2598928,76.692,-1.959,217.523,0.9912781870124198
123.2333,128.273547,37.848207,2920.7307600000004,76.622,-1.928,217.803,0.9912781870124198
123.25,128.273522,37.848171,2920.2043704000002,76.555,-1.897,218.083,0.9912781870124198
123.2666,128.273496,37.848135,2919.6813336,76.491,-1.866,218.362,0.9912781870124198
123.2833,128.27347,37.848099,2919.16104,76.429,-1.834,218.64,0.9912781870124198
123.3,128.273444,37.848064,2918.6434896000005,76.369,-1.801,218.916,0.9912781870124198
123.3166,128.273418,37.848028,2918.1292920000005,76.309,-1.768,219.192,0.9912781870124198
123.3333,128.273392,37.847993,2917.6181424,76.25,-1.735,219.468,0.9912781870124198
123.35,128.273365,37.847957,2917.109736,76.193,-1.701,219.742,0.9912781870124198
123.3666,128.273339,37.847922,2916.6046824000005,76.136,-1.667,220.016,0.9912781870124198
123.3833,128.273312,37.847887,2916.1026768,76.079,-1.632,220.29,0.9912781870124198
123.4,128.273284,37.847852,2915.6037192000003,76.022,-1.597,220.562,0.9912781870124198
123.4166,128.273257,37.847817,2915.1078096,75.965,-1.561,220.834,0.9912781870124198
123.4333,128.273229,37.847782,2914.6152528000002,75.908,-1.525,221.106,0.9912781870124198
123.45,128.273202,37.847747,2914.1257440000004,75.85,-1.489,221.377,0.9912781870124198
123.4666,128.273174,37.847712,2913.639588,75.793,-1.452,221.648,0.9912781870124198
123.4833,128.273145,37.847678,2913.15648,75.735,-1.415,221.918,0.9912781870124198
123.5,128.273117,37.847643,2912.6767248,75.677,-1.377,222.187,0.9912781870124198
123.5166,128.273088,37.847609,2912.2003224,75.618,-1.339,222.457,0.9912781870124198
123.5333,128.27306,37.847575,2911.7272728000003,75.559,-1.301,222.726,0.9912781870124198
123.55,128.273031,37.847541,2911.2572712,75.5,-1.262,222.994,0.9912781870124198
123.5666,128.273001,37.847506,2910.7906224,75.441,-1.223,223.262,0.9912781870124198
123.5833,128.272972,37.847472,2910.3273264,75.381,-1.183,223.53,0.9912781870124198
123.6,128.272942,37.847439,2909.867688,75.321,-1.143,223.798,0.9912781870124198
123.6166,128.272913,37.847405,2909.4110976,75.261,-1.102,224.065,0.9912781870124198
123.6333,128.272883,37.847371,2908.9581648,75.2,-1.061,224.332,0.9912781870124198
123.65,128.272853,37.847338,2908.5082800000005,75.14,-1.02,224.598,0.9912781870124198
123.6666,128.272822,37.847304,2908.0620528000004,75.08,-0.978,224.865,0.9912781870124198
123.6833,128.272792,37.847271,2907.6194832,75.02,-0.936,225.131,0.9912781870124198
123.7,128.272761,37.847238,2907.1802664,74.96,-0.894,225.396,0.9912781870124198
123.7166,128.27273,37.847205,2906.7444024,74.9,-0.851,225.662,0.9912781870124198
123.7333,128.272699,37.847172,2906.3121960000003,74.841,-0.808,225.927,0.9912781870124198
123.75,128.272668,37.847139,2905.8836472,74.782,-0.764,226.192,0.9912781870124198
123.7666,128.272636,37.847106,2905.4584511999997,74.723,-0.72,226.457,0.9912781870124198
123.7833,128.272604,37.847073,2905.0369127999998,74.665,-0.676,226.721,0.9912781870124198
123.8,128.272572,37.847041,2904.619032,74.607,-0.631,226.985,0.9912781870124198
123.8166,128.27254,37.847008,2904.2048088,74.549,-0.585,227.249,0.9912781870124198
123.8333,128.272508,37.846976,2903.7939384,74.492,-0.54,227.513,0.9912781870124198
123.85,128.272476,37.846944,2903.3870304,74.436,-0.494,227.777,0.9912781870124198
123.8666,128.272443,37.846912,2902.9834752,74.381,-0.448,228.04,0.9912781870124198
123.8833,128.27241,37.84688,2902.5838824,74.327,-0.401,228.304,0.9912781870124198
123.9,128.272377,37.846848,2902.1879472,74.272,-0.354,228.567,0.9912781870124198
123.9166,128.272344,37.846816,2901.7959744,74.219,-0.306,228.829,0.9912781870124198
123.9333,128.272311,37.846785,2901.4073544000003,74.166,-0.259,229.092,0.9912781870124198
123.95,128.272277,37.846753,2901.0226967999997,74.115,-0.211,229.355,0.9912781870124198
123.9666,128.272243,37.846722,2900.6420016,74.064,-0.162,229.617,0.9912781870124198
123.9833,128.27221,37.846691,2900.2646592,74.014,-0.114,229.879,0.9912781870124198
124.0,128.272175,37.84666,2899.891584,73.965,-0.065,230.141,0.9912781870124198
124.0166,128.272141,37.846629,2899.5221664,73.916,-0.015,230.403,0.9912781870124198
124.0333,128.272107,37.846598,2899.1567112000002,73.869,0.033,230.664,0.9912781870124198
124.05,128.272072,37.846567,2898.7949136,73.823,0.083,230.926,0.9912781870124198
124.0666,128.272037,37.846536,2898.4370784000002,73.778,0.133,231.187,0.9912781870124198
124.0833,128.272002,37.846506,2898.0832056000004,73.733,0.184,231.448,0.9912781870124198
124.1,128.271967,37.846475,2897.7332952,73.69,0.235,231.71,0.9912781870124198
124.1166,128.271932,37.846445,2897.3873472,73.647,0.286,231.971,0.9912781870124198
124.1333,128.271896,37.846415,2897.0453616,73.605,0.337,232.231,0.9912781870124198
124.15,128.271861,37.846385,2896.7070336,73.565,0.389,232.492,0.9912781870124198
124.1666,128.271825,37.846355,2896.3729728000003,73.526,0.441,232.753,0.9912781870124198
124.1833,128.271789,37.846325,2896.0428744,73.488,0.493,233.014,0.9912781870124198
124.2,128.271753,37.846296,2895.7170432000003,73.45,0.545,233.275,0.9912781870124198
124.2166,128.271717,37.846266,2895.3948695999998,73.413,0.598,233.535,0.9912781870124198
124.2333,128.27168,37.846237,2895.0769632,73.378,0.651,233.796,0.9912781870124198
124.25,128.271643,37.846208,2894.7630192000006,73.343,0.704,234.056,0.9912781870124198
124.2666,128.271607,37.846179,2894.4530376,73.31,0.757,234.317,0.9912781870124198
124.2833,128.27157,37.84615,2894.1473232000003,73.278,0.811,234.577,0.9912781870124198
124.3,128.271532,37.846121,2893.8455712000004,73.247,0.864,234.837,0.9912781870124198
124.3166,128.271495,37.846092,2893.5480864,73.216,0.918,235.097,0.9912781870124198
124.3333,128.271458,37.846064,2893.2545640000003,73.187,0.972,235.357,0.9912781870124198
124.35,128.27142,37.846035,2892.9653088,73.159,1.026,235.618,0.9912781870124198
124.3666,128.271382,37.846007,2892.6803208,73.132,1.081,235.878,0.9912781870124198
124.3833,128.271344,37.845979,2892.3992952,73.106,1.135,236.138,0.9912781870124198
124.4,128.271306,37.845951,2892.1225368,73.081,1.19,236.398,0.9912781870124198
124.4166,128.271268,37.845923,2891.8497408000003,73.057,1.245,236.658,0.9912781870124198
124.4333,128.271229,37.845895,2891.5812120000005,73.034,1.3,236.917,0.9912781870124198
124.45,128.271191,37.845867,2891.3169504,73.013,1.355,237.177,0.9912781870124198
124.4666,128.271152,37.84584,2891.056956,72.992,1.41,237.437,0.9912781870124198
124.4833,128.271113,37.845813,2890.8012288,72.973,1.466,237.697,0.9912781870124198
124.5,128.271074,37.845785,2890.5497688000005,72.955,1.521,237.957,0.9893831053896918
124.5166,128.271035,37.845758,2890.3025760000005,72.937,1.577,238.217,0.9874852351408553
124.5333,128.270995,37.845731,2890.0593456,72.921,1.633,238.476,0.9855840148309891
124.55,128.270956,37.845705,2889.8206872000005,72.907,1.688,238.736,0.9836794536921024
124.5666,128.270916,37.845678,2889.5859912,72.893,1.744,238.996,0.9817711553563132
124.5833,128.270876,37.845651,2889.3558672,72.881,1.8,239.256,0.9798596998766685
124.6,128.270836,37.845625,2889.1297056000003,72.87,1.856,239.516,0.977945098225931
124.6166,128.270796,37.845599,2888.908116,72.859,1.912,239.775,0.9760269606890374
124.6333,128.270756,37.845573,2888.6907936000002,72.85,1.968,240.035,0.9760269606890374
124.65,128.270715,37.845547,2888.4777384,72.842,2.024,240.295,0.9760269606890374
124.6666,128.270675,37.845521,2888.2689504000004,72.836,2.08,240.555,0.9760269606890374
124.6833,128.270634,37.845495,2888.0644296,72.83,2.137,240.814,0.9760269606890374
124.7,128.270593,37.84547,2887.8644808,72.826,2.193,241.074,0.9760269606890374
124.7166,128.270552,37.845445,2887.6684944,72.822,2.249,241.334,0.9760269606890374
124.7333,128.270511,37.845419,2887.47708,72.82,2.306,241.594,0.9760269606890374
124.75,128.27047,37.845394,2887.2899328000003,72.819,2.362,241.854,0.9760269606890374
124.7666,128.270428,37.845369,2887.1070528000005,72.819,2.418,242.114,0.9760269606890374
124.7833,128.270387,37.845345,2886.9287448,72.821,2.474,242.374,0.9760269606890374
124.8,128.270345,37.84532,2886.754704,72.823,2.53,242.634,0.9760269606890374
124.8166,128.270303,37.845296,2886.5849304000003,72.827,2.587,242.894,0.9760269606890374
124.8333,128.270261,37.845271,2886.4194239999997,72.831,2.643,243.154,0.9760269606890374
124.85,128.270219,37.845247,2886.2584896000003,72.837,2.699,243.414,0.9760269606890374
124.8666,128.270177,37.845223,2886.1015176,72.845,2.755,243.674,0.9760269606890374
124.8833,128.270135,37.845199,2885.9494224,72.853,2.811,243.934,0.9760269606890374
124.9,128.270092,37.845176,2885.8012896000005,72.863,2.867,244.194,0.9760269606890374
124.9166,128.270049,37.845152,2885.6577288,72.873,2.923,244.454,0.9760269606890374
124.9333,128.270007,37.845129,2885.5184352000006,72.884,2.979,244.714,0.9760269606890374
124.95,128.269964,37.845105,2885.3834088,72.897,3.034,244.975,0.9760269606890374
124.9666,128.269921,37.845082,2885.2529544,72.911,3.09,245.235,0.9760269606890374
124.9833,128.269878,37.845059,2885.1267672,72.927,3.145,245.495,0.9760269606890374
125.0,128.269834,37.845037,2885.0048472,72.943,3.201,245.756,0.9760269606890374
125.0166,128.269791,37.845014,2884.8874992,72.959,3.256,246.016,0.9760269606890374
125.0333,128.269747,37.844991,2884.7744184000003,72.977,3.312,246.277,0.9760269606890374
125.05,128.269704,37.844969,2884.6656048,72.997,3.367,246.538,0.9760269606890374
125.0666,128.26966,37.844947,2884.5610584,73.017,3.422,246.798,0.9760269606890374
125.0833,128.269616,37.844925,2884.461084,73.038,3.476,247.059,0.9760269606890374
125.1,128.269572,37.844903,2884.3653768,73.06,3.531,247.32,0.9760269606890374
125.1166,128.269528,37.844881,2884.2739368000002,73.083,3.586,247.581,0.9760269606890374
125.1333,128.269483,37.84486,2884.1870688000004,73.107,3.64,247.842,0.9760269606890374
125.15,128.269439,37.844839,2884.1041632,73.132,3.695,248.103,0.9760269606890374
125.1666,128.269394,37.844817,2884.0258296,73.159,3.749,248.365,0.9760269606890374
125.1833,128.26935,37.844796,2883.9517632,73.186,3.803,248.626,0.9760269606890374
125.2,128.269305,37.844775,2883.8822688000005,73.213,3.857,248.887,0.9760269606890374
125.2166,128.26926,37.844755,2883.8167368000004,73.242,3.91,249.149,0.9760269606890374
125.2333,128.269215,37.844734,2883.7557768,73.272,3.964,249.41,0.9760269606890374
125.25,128.26917,37.844714,2883.6987792,73.302,4.017,249.672,0.9760269606890374
125.2666,128.269125,37.844693,2883.6463536,73.334,4.07,249.933,0.9760269606890374
125.2833,128.26908,37.844673,2883.5981952,73.366,4.123,250.195,0.9760269606890374
125.3,128.269034,37.844653,2883.5543040000002,73.399,4.176,250.457,0.9760269606890374
125.3166,128.268989,37.844634,2883.51468,73.432,4.229,250.719,0.9760269606890374
125.3333,128.268943,37.844614,2883.4793232,73.467,4.281,250.981,0.9760269606890374
125.35,128.268897,37.844595,2883.4482336,73.502,4.333,251.243,0.9760269606890374
125.3666,128.268851,37.844575,2883.4214112,73.538,4.385,251.505,0.9760269606890374
125.3833,128.268805,37.844556,2883.398856,73.575,4.437,251.768,0.9760269606890374
125.4,128.268759,37.844537,2883.380568,73.613,4.488,252.03,0.9760269606890374
125.4166,128.268713,37.844519,2883.3665472000002,73.651,4.54,252.293,0.9760269606890374
125.4333,128.268667,37.8445,2883.3564888,73.689,4.591,252.555,0.9760269606890374
125.45,128.26862,37.844482,2883.3510024,73.729,4.642,252.818,0.9760269606890374
125.4666,128.268574,37.844463,2883.3494784000004,73.769,4.692,253.081,0.9760269606890374
125.4833,128.268527,37.844445,2883.3522215999997,73.81,4.743,253.344,0.9760269606890374
125.5,128.26848,37.844427,2883.3592320000002,73.852,4.793,253.607,0.9760269606890374
125.5166,128.268434,37.844409,2883.3705096000003,73.894,4.843,253.87,0.9760269606890374
125.5333,128.268387,37.844392,2883.3857496,73.937,4.893,254.133,0.9760269606890374
125.55,128.26834,37.844374,2883.4052568,73.98,4.942,254.396,0.9760269606890374
125.5666,128.268293,37.844357,2883.4290312,74.024,4.991,254.66,0.9760269606890374
125.5833,128.268245,37.84434,2883.456768,74.069,5.04,254.923,0.9760269606890374
125.6,128.268198,37.844323,2883.4884672,74.114,5.089,255.187,0.9760269606890374
125.6166,128.268151,37.844306,2883.5244336,74.159,5.137,255.451,0.9760269606890374
125.6333,128.268103,37.84429,2883.5646672,74.205,5.186,255.715,0.9760269606890374
125.65,128.268056,37.844273,2883.6088632,74.252,5.234,255.979,0.9760269606890374
125.6666,128.268008,37.844257,2883.6573264,74.299,5.281,256.243,0.9760269606890374
125.6833,128.26796,37.844241,2883.7094472,74.346,5.329,256.507,0.9760269606890374
125.7,128.267912,37.844225,2883.7658352000003,74.394,5.376,256.771,0.9760269606890374
125.7166,128.267864,37.84421,2883.8264904000002,74.442,5.423,257.036,0.9760269606890374
125.7333,128.267816,37.844194,2883.8908032000004,74.491,5.47,257.3,0.9760269606890374
125.75,128.267768,37.844179,2883.9593832,74.54,5.516,257.565,0.9760269606890374
125.7666,128.26772,37.844163,2884.0319256000002,74.59,5.562,257.83,0.9760269606890374
125.7833,128.267672,37.844148,2884.1084304000005,74.64,5.608,258.095,0.9760269606890374
125.8,128.267624,37.844134,2884.1888976,74.69,5.654,258.36,0.9760269606890374
125.8166,128.267575,37.844119,2884.2733272,74.741,5.699,258.625,0.9760269606890374
125.8333,128.267527,37.844104,2884.3617192000006,74.792,5.744,258.891,0.9760269606890374
125.85,128.267478,37.84409,2884.4540736000004,74.843,5.789,259.156,0.9760269606890374
125.8666,128.267429,37.844076,2884.5500856,74.895,5.833,259.422,0.9760269606890374
125.8833,128.267381,37.844062,2884.6503648,74.947,5.878,259.688,0.9760269606890374
125.9,128.267332,37.844048,2884.7543016,74.999,5.922,259.954,0.9760269606890374
125.9166,128.267283,37.844035,2884.8622008,75.051,5.965,260.22,0.9760269606890374
125.9333,128.267234,37.844021,2884.9740624000005,75.104,6.009,260.486,0.9760269606890374
125.95,128.267185,37.844008,2885.0895816,75.157,6.052,260.752,0.9760269606890374
125.9666,128.267136,37.843995,2885.2090632,75.21,6.095,261.018,0.9760269606890374
125.9833,128.267087,37.843982,2885.3322024000004,75.263,6.138,261.285,0.9760269606890374
126.0,128.267037,37.843969,2885.459304,75.317,6.18,261.552,0.9760269606890374
126.0166,128.266988,37.843957,2885.5900632000003,75.371,6.222,261.819,0.9760269606890374
126.0333,128.266939,37.843944,2885.7247848,75.425,6.264,262.086,0.9760269606890374
126.05,128.266889,37.843932,2885.8631640000003,75.479,6.305,262.353,0.9760269606890374
126.0666,128.26684,37.84392,2886.0052008000002,75.533,6.347,262.62,0.9760269606890374
126.0833,128.26679,37.843908,2886.1508952,75.587,6.388,262.887,0.9760269606890374
126.1,128.266741,37.843897,2886.300552,75.641,6.429,263.155,0.9760269606890374
126.1166,128.266691,37.843885,2886.4538664,75.696,6.469,263.422,0.9760269606890374
126.1333,128.266641,37.843874,2886.6105336,75.75,6.509,263.69,0.9760269606890374
126.15,128.266591,37.843863,2886.7711632,75.805,6.549,263.958,0.9760269606890374
126.1666,128.266541,37.843852,2886.9354504000003,75.859,6.589,264.226,0.9760269606890374
126.1833,128.266492,37.843841,2887.1030904,75.914,6.628,264.494,0.9760269606890374
126.2,128.266442,37.843831,2887.2746928,75.969,6.667,264.762,0.9760269606890374
126.2166,128.266391,37.84382,2887.4496480000003,76.023,6.706,265.031,0.9760269606890374
126.2333,128.266341,37.84381,2887.6282608,76.078,6.745,265.3,0.9760269606890374
126.25,128.266291,37.8438,2887.8102264,76.132,6.783,265.568,0.9760269606890374
126.2666,128.266241,37.84379,2887.9958496,76.187,6.821,265.837,0.9760269606890374
126.2833,128.266191,37.843781,2888.1851304,76.241,6.859,266.106,0.9760269606890374
126.3,128.26614,37.843771,2888.3777640000003,76.295,6.896,266.375,0.9760269606890374
126.3166,128.26609,37.843762,2888.5740552,76.349,6.934,266.644,0.9760269606890374
126.3333,128.26604,37.843753,2888.7736992,76.403,6.971,266.914,0.9760269606890374
126.35,128.265989,37.843744,2888.9770008000005,76.457,7.007,267.183,0.9760269606890374
126.3666,128.265939,37.843735,2889.1833504,76.511,7.044,267.453,0.9760269606890374
126.3833,128.265888,37.843727,2889.3933576000004,76.564,7.08,267.723,0.9760269606890374
126.4,128.265838,37.843718,2889.6070224,76.617,7.116,267.992,0.9760269606890374
126.4166,128.265787,37.84371,2889.8237352000006,76.671,7.152,268.262,0.9760269606890374
126.4333,128.265736,37.843702,2890.0438008000006,76.724,7.187,268.533,0.9760269606890374
126.45,128.265686,37.843695,2890.267524,76.776,7.223,268.803,0.9760269606890374
126.4666,128.265635,37.843687,2890.4942952,76.829,7.258,269.073,0.9760269606890374
126.4833,128.265584,37.84368,2890.7244192000003,76.881,7.293,269.344,0.9760269606890374
126.5,128.265533,37.843672,2890.9582008,76.933,7.327,269.614,0.9760269606890374
126.5166,128.265482,37.843665,2891.1950304,76.985,7.361,269.885,0.9760269606890374
126.5333,128.265432,37.843658,2891.4349079999997,77.036,7.395,270.156,0.9760269606890374
126.55,128.265381,37.843652,2891.6784432,77.088,7.429,270.427,0.9760269606890374
126.5666,128.26533,37.843645,2891.9250263999998,77.139,7.463,270.698,0.9760269606890374
126.5833,128.265279,37.843639,2892.1749624000004,77.189,7.496,270.97,0.9760269606890374
126.6,128.265228,37.843633,2892.4279464000006,77.24,7.529,271.241,0.9760269606890374
126.6166,128.265177,37.843627,2892.6842831999998,77.29,7.562,271.513,0.9760269606890374
126.6333,128.265126,37.843621,2892.943668,77.34,7.595,271.784,0.9760269606890374
126.65,128.265075,37.843616,2893.2064056000004,77.39,7.627,272.056,0.9760269606890374
126.6666,128.265023,37.84361,2893.4718864,77.439,7.66,272.328,0.9760269606890374
126.6833,128.264972,37.843605,2893.7410248,77.488,7.692,272.6,0.9760269606890374
126.7,128.264921,37.8436,2894.0129064000002,77.537,7.724,272.872,0.9760269606890374
126.7166,128.26487,37.843595,2894.2881408000003,77.586,7.755,273.144,0.9760269606890374
126.7333,128.264819,37.843591,2894.5661184,77.634,7.787,273.417,0.9760269606890374
126.75,128.264767,37.843586,2894.8474488000006,77.682,7.818,273.689,0.9760269606890374
126.7666,128.264716,37.843582,2895.1318272000003,77.729,7.849,273.962,0.9760269606890374
126.7833,128.264665,37.843578,2895.4192536,77.776,7.88,274.234,0.9760269606890374
126.8,128.264614,37.843574,2895.7097280000003,77.823,7.91,274.507,0.9760269606890374
126.8166,128.264562,37.843571,2896.0029456,77.87,7.94,274.78,0.9760269606890374
126.8333,128.264511,37.843567,2896.299516,77.916,7.971,275.053,0.9760269606890374
126.85,128.26446,37.843564,2896.5988296,77.962,8.001,275.326,0.9760269606890374
126.8666,128.264408,37.843561,2896.9011912,78.008,8.03,275.6,0.9760269606890374
126.8833,128.264357,37.843558,2897.2062960000003,78.053,8.06,275.873,0.9760269606890374
126.9,128.264306,37.843555,2897.5144488000005,78.099,8.09,276.146,0.9760269606890374
126.9166,128.264254,37.843553,2897.8256496,78.144,8.119,276.42,0.9760269606890374
126.9333,128.264203,37.84355,2898.1398984,78.188,8.148,276.694,0.9760269606890374
126.95,128.264152,37.843548,2898.4565856,78.232,8.177,276.968,0.9760269606890374
126.9666,128.2641,37.843546,2898.7766256000004,78.276,8.205,277.242,0.9760269606890374
126.9833,128.264049,37.843545,2899.099104,78.32,8.234,277.516,0.9760269606890374
127.0,128.263998,37.843543,2899.4246304000003,78.363,8.262,277.79,0.9760269606890374
127.0166,128.263946,37.843542,2899.7529,78.406,8.29,278.064,0.9760269606890374
127.0333,128.263895,37.84354,2900.0842176,78.449,8.318,278.338,0.9760269606890374
127.05,128.263843,37.843539,2900.4179736000006,78.491,8.346,278.613,0.9760269606890374
127.0666,128.263792,37.843539,2900.7547776,78.533,8.374,278.887,0.9760269606890374
127.0833,128.263741,37.843538,2901.0943248000003,78.575,8.401,279.162,0.9760269606890374
127.1,128.263689,37.843538,2901.4366152,78.617,8.429,279.437,0.9760269606890374
127.1166,128.263638,37.843537,2901.7816488000003,78.658,8.456,279.712,0.9760269606890374
127.1333,128.263587,37.843537,2902.1294256,78.699,8.483,279.986,0.9760269606890374
127.15,128.263535,37.843537,2902.4796408,78.74,8.51,280.262,0.9760269606890374
127.1666,128.263484,37.843538,2902.832904,78.78,8.536,280.537,0.9760269606890374
127.1833,128.263433,37.843538,2903.1889103999997,78.82,8.563,280.812,0.9760269606890374
127.2,128.263381,37.843539,2903.5473552000003,78.86,8.589,281.087,0.9760269606890374
127.2166,128.26333,37.84354,2903.9085432,78.9,8.616,281.363,0.9760269606890374
127.2333,128.263279,37.843541,2904.2724744,78.939,8.642,281.638,0.9760269606890374
127.25,128.263227,37.843542,2904.6388440000005,78.978,8.668,281.914,0.9760269606890374
127.2666,128.263176,37.843544,2905.0079568,79.017,8.693,282.19,0.9760269606890374
127.2833,128.263125,37.843545,2905.379508,79.056,8.719,282.466,0.9760269606890374
127.3,128.263074,37.843547,2905.7538024,79.094,8.745,282.741,0.9760269606890374
127.3166,128.263023,37.843549,2906.13084,79.132,8.77,283.017,0.9760269606890374
127.3333,128.262971,37.843552,2906.5103160000003,79.17,8.795,283.294,0.9760269606890374
127.35,128.26292,37.843554,2906.8922304000002,79.208,8.82,283.57,0.9760269606890374
127.3666,128.262869,37.843557,2907.2765832,79.245,8.845,283.846,0.9760269606890374
127.3833,128.262818,37.843559,2907.6636792,79.282,8.87,284.123,0.9760269606890374
127.4,128.262767,37.843562,2908.0535184,79.319,8.895,284.399,0.9760269606890374
127.4166,128.262716,37.843566,2908.4454912,79.356,8.919,284.676,0.9760269606890374
127.4333,128.262665,37.843569,2908.8402072000003,79.392,8.944,284.952,0.9760269606890374
127.45,128.262614,37.843572,2909.2370568,79.429,8.968,285.229,0.9760269606890374
127.4666,128.262563,37.843576,2909.6366496,79.465,8.992,285.506,0.9760269606890374
127.4833,128.262512,37.84358,2910.0386808,79.5,9.016,285.783,0.9760269606890374
127.5,128.262461,37.843584,2910.4431504000004,79.536,9.04,286.06,0.9760269606890374
127.5166,128.26241,37.843589,2910.8500584,79.571,9.064,286.337,0.9760269606890374
127.5333,128.262359,37.843593,2911.2591,79.606,9.087,286.614,0.9760269606890374
127.55,128.262309,37.843598,2911.6708848000003,79.641,9.111,286.892,0.9760269606890374
127.5666,128.262258,37.843603,2912.0848032000004,79.676,9.134,287.169,0.9760269606890374
127.5833,128.262207,37.843608,2912.5014647999997,79.71,9.157,287.446,0.9760269606890374
127.6,128.262156,37.843613,2912.9202600000003,79.744,9.181,287.724,0.9760269606890374
127.6166,128.262106,37.843618,2913.3414936000004,79.778,9.204,288.002,0.9760269606890374
127.6333,128.262055,37.843624,2913.7648608,79.812,9.226,288.279,0.9760269606890374
127.65,128.262005,37.84363,2914.1906664000003,79.846,9.249,288.557,0.9760269606890374
127.6666,128.261954,37.843636,2914.6189104,79.879,9.272,288.835,0.9760269606890374
127.6833,128.261904,37.843642,2915.049288,79.912,9.295,289.113,0.9760269606890374
127.7,128.261853,37.843648,2915.482104,79.945,9.317,289.391,0.9760269606890374
127.7166,128.261803,37.843655,2915.9173584,79.978,9.339,289.67,0.9760269606890374
127.7333,128.261753,37.843662,2916.3547464000003,80.01,9.362,289.948,0.9760269606890374
127.75,128.261702,37.843669,2916.794268,80.042,9.384,290.226,0.9760269606890374
127.7666,128.261652,37.843676,2917.236228,80.074,9.406,290.505,0.9760269606890374
127.7833,128.261602,37.843683,2917.6803216,80.106,9.428,290.783,0.9760269606890374
127.8,128.261552,37.843691,2918.1265488000004,80.138,9.449,291.062,0.9760269606890374
127.8166,128.261502,37.843698,2918.5752144000003,80.169,9.471,291.341,0.9760269606890374
127.8333,128.261452,37.843706,2919.0260136,80.201,9.493,291.619,0.9760269606890374
127.85,128.261402,37.843714,2919.4789464000005,80.232,9.514,291.898,0.9760269606890374
127.8666,128.261352,37.843722,2919.9340128,80.262,9.536,292.177,0.9760269606890374
127.8833,128.261302,37.843731,2920.3912127999997,80.293,9.557,292.456,0.9760269606890374
127.9,128.261252,37.843739,2920.8508512,80.324,9.578,292.735,0.9760269606890374
127.9166,128.261202,37.843748,2921.3123184,80.354,9.599,293.015,0.9760269606890374
127.9333,128.261153,37.843757,2921.7762239999997,80.384,9.62,293.294,0.9760269606890374
127.95,128.261103,37.843766,2922.2422632000003,80.414,9.641,293.573,0.9760269606890374
127.9666,128.261054,37.843776,2922.7101312,80.444,9.662,293.853,0.9760269606890374
127.9833,128.261004,37.843785,2923.1804376,80.473,9.682,294.132,0.9760269606890374
128.0,128.260955,37.843795,2923.6525728,80.502,9.703,294.412,0.9760269606890374
128.0166,128.260906,37.843805,2924.1268416000003,80.532,9.724,294.692,0.9760269606890374
128.0333,128.260856,37.843815,2924.6035488,80.56,9.744,294.971,0.9760269606890374
128.05,128.260807,37.843825,2925.0817800000004,80.589,9.764,295.251,0.9760269606890374
128.0666,128.260758,37.843836,2925.5624496,80.618,9.785,295.531,0.9760269606890374
128.0833,128.260709,37.843846,2926.0452528,80.646,9.805,295.811,0.9760269606890374
128.1,128.26066,37.843857,2926.5298848,80.674,9.825,296.092,0.9760269606890374
128.1166,128.260611,37.843868,2927.0163456,80.702,9.845,296.372,0.9760269606890374
128.1333,128.260562,37.843879,2927.5052448,80.73,9.865,296.652,0.9760269606890374
128.15,128.260514,37.843891,2927.9959728000003,80.757,9.884,296.933,0.9760269606890374
128.1666,128.260465,37.843902,2928.4885296,80.785,9.904,297.213,0.9760269606890374
128.1833,128.260416,37.843914,2928.98322,80.812,9.924,297.494,0.9760269606890374
128.2,128.260368,37.843926,2929.4800440000004,80.839,9.943,297.774,0.9760269606890374
128.2166,128.260319,37.843938,2929.9786968,80.866,9.963,298.055,0.9760269606890374
128.2333,128.260271,37.84395,2930.4791784000004,80.893,9.982,298.336,0.9760269606890374
128.25,128.260223,37.843963,2930.9817936000004,80.919,10.001,298.617,0.9760269606890374
128.2666,128.260175,37.843975,2931.4865424,80.945,10.021,298.898,0.9760269606890374
128.2833,128.260127,37.843988,2931.9928151999998,80.971,10.04,299.179,0.9760269606890374
128.3,128.260079,37.844001,2932.5012216,80.997,10.059,299.46,0.9760269606890374
128.3166,128.260031,37.844014,2933.0117616,81.023,10.078,299.741,0.9760269606890374
128.3333,128.259983,37.844028,2933.5238256000002,81.049,10.097,300.022,0.9760269606890374
128.35,128.259935,37.844041,2934.0380232,81.074,10.115,300.304,0.9760269606890374
128.3666,128.259887,37.844055,2934.5540496,81.099,10.134,300.585,0.9760269606890374
128.3833,128.25984,37.844069,2935.0719048,81.124,10.153,300.867,0.9760269606890374
128.4,128.259793,37.844083,2935.5915888000004,81.149,10.172,301.148,0.9760269606890374
128.4166,128.259745,37.844097,2936.1131016,81.174,10.19,301.43,0.9760269606890374
128.4333,128.259698,37.844111,2936.6367480000004,81.199,10.209,301.712,0.9760269606890374
128.45,128.259651,37.844126,2937.1619184,81.223,10.227,301.994,0.9760269606890374
128.4666,128.259604,37.844141,2937.6892224000003,81.247,10.245,302.276,0.9760269606890374
128.4833,128.259557,37.844156,2938.2180504000003,81.271,10.263,302.558,0.9760269606890374
128.5,128.25951,37.844171,2938.749012,81.295,10.282,302.84,0.9760269606890374
128.5166,128.259463,37.844186,2939.2814976,81.319,10.3,303.122,0.9760269606890374
128.5333,128.259416,37.844202,2939.8161168,81.343,10.318,303.405,0.9760269606890374
128.55,128.25937,37.844217,2940.3522600000006,81.366,10.336,303.687,0.9760269606890374
128.5666,128.259323,37.844233,2940.890232,81.389,10.354,303.97,0.9760269606890374
128.5833,128.259277,37.844249,2941.4300328000004,81.412,10.372,304.252,0.9760269606890374
128.6,128.259231,37.844265,2941.9716624000002,81.435,10.389,304.535,0.9760269606890374
128.6166,128.259185,37.844281,2942.5148160000003,81.458,10.407,304.817,0.9760269606890374
128.6333,128.259139,37.844298,2943.0597984,81.481,10.425,305.1,0.9760269606890374
128.65,128.259093,37.844315,2943.6066096000004,81.503,10.442,305.383,0.9760269606890374
128.6666,128.259047,37.844331,2944.1552496,81.526,10.46,305.666,0.9760269606890374
128.6833,128.259001,37.844348,2944.7054136,81.548,10.477,305.949,0.9760269606890374
128.7,128.258956,37.844366,2945.2574064,81.57,10.495,306.232,0.9760269606890374
128.7166,128.25891,37.844383,2945.8112280000005,81.592,10.512,306.516,0.9760269606890374
128.7333,128.258865,37.8444,2946.3665736000003,81.614,10.529,306.799,0.9760269606890374
128.75,128.25882,37.844418,2946.923748,81.635,10.547,307.082,0.9760269606890374
128.7666,128.258775,37.844436,2947.4824464000003,81.657,10.564,307.366,0.9760269606890374
128.7833,128.25873,37.844454,2948.0429736000006,81.678,10.581,307.649,0.9760269606890374
128.8,128.258685,37.844472,2948.6050248,81.7,10.598,307.933,0.9760269606890374
128.8166,128.25864,37.84449,2949.1689048000003,81.721,10.615,308.217,0.9760269606890374
128.8333,128.258595,37.844509,2949.7343088000002,81.742,10.632,308.501,0.9760269606890374
128.85,128.258551,37.844528,2950.3015416000003,81.763,10.649,308.785,0.9760269606890374
128.8666,128.258506,37.844546,2950.8702984,81.784,10.666,309.069,0.9760269606890374
128.8833,128.258462,37.844565,2951.440884,81.804,10.682,309.353,0.9760269606890374
128.9,128.258418,37.844585,2952.0126888,81.825,10.699,309.637,0.9760269606890374
128.9166,128.258374,37.844604,2952.5866272000003,81.845,10.716,309.921,0.9760269606890374
128.9333,128.25833,37.844623,2953.1617848000005,81.866,10.732,310.205,0.9760269606890374
128.95,128.258286,37.844643,2953.7387712000004,81.886,10.749,310.49,0.9760269606890374
128.9666,128.258243,37.844663,2954.3172816,81.906,10.765,310.774,0.9760269606890374
128.9833,128.258199,37.844683,2954.897316,81.926,10.782,311.059,0.9760269606890374
129.0,128.258156,37.844703,2955.4788744,81.946,10.798,311.344,0.9760269606890374
129.0166,128.258113,37.844723,2956.0622616,81.966,10.815,311.628,0.9760269606890374
129.0333,128.258069,37.844744,2956.6468680000003,81.986,10.831,311.913,0.9760269606890374
129.05,128.258027,37.844765,2957.2333032000006,82.006,10.847,312.198,0.9760269606890374
129.0666,128.257984,37.844785,2957.8212624000003,82.025,10.863,312.483,0.9760269606890374
129.0833,128.257941,37.844806,2958.4107456,82.045,10.879,312.768,0.9760269606890374
129.1,128.257898,37.844827,2959.0017528000003,82.064,10.895,313.053,0.9760269606890374
129.1166,128.257856,37.844849,2959.5942840000002,82.084,10.911,313.339,0.9760269606890374
129.1333,128.257814,37.84487,2960.1886440000003,82.103,10.927,313.624,0.9760269606890374
129.15,128.257772,37.844892,2960.7842232000003,82.122,10.943,313.909,0.9760269606890374
129.1666,128.25773,37.844913,2961.3813264,82.141,10.959,314.195,0.9760269606890374
129.1833,128.257688,37.844935,2961.9799536,82.161,10.975,314.481,0.9760269606890374
129.2,128.257646,37.844957,2962.5801048000003,82.18,10.991,314.766,0.9760269606890374
129.2166,128.257605,37.84498,2963.1817800000003,82.198,11.006,315.052,0.9760269606890374
129.2333,128.257563,37.845002,2963.7849792,82.217,11.022,315.338,0.9760269606890374
129.25,128.257522,37.845024,2964.3893976,82.236,11.038,315.624,0.9760269606890374
129.2666,128.257481,37.845047,2964.9956448,82.255,11.053,315.91,0.9760269606890374
129.2833,128.25744,37.84507,2965.6031112,82.273,11.069,316.196,0.9760269606890374
129.3,128.257399,37.845093,2966.2124064,82.292,11.084,316.482,0.9760269606890374
129.3166,128.257358,37.845116,2966.8226160000004,82.311,11.1,316.769,0.9760269606890374
129.3333,128.257318,37.845139,2967.4346544,82.329,11.115,317.055,0.9760269606890374
129.35,128.257277,37.845163,2968.0482168000003,82.348,11.13,317.342,0.9760269606890374
129.3666,128.257237,37.845186,2968.6629984,82.366,11.146,317.628,0.9760269606890374
129.3833,128.257197,37.84521,2969.279304,82.385,11.161,317.915,0.9760269606890374
129.4,128.257157,37.845234,2969.8968288,82.403,11.176,318.202,0.9760269606890374
129.4166,128.257117,37.845258,2970.5158776000003,82.421,11.191,318.489,0.9760269606890374
129.4333,128.257078,37.845282,2971.1364504000003,82.44,11.206,318.775,0.9760269606890374
129.45,128.257038,37.845306,2971.7582423999997,82.458,11.221,319.063,0.9760269606890374
129.4666,128.256999,37.845331,2972.3815584,82.476,11.236,319.35,0.9760269606890374
129.4833,128.25696,37.845355,2973.0063984000003,82.494,11.251,319.637,0.9760269606890374
129.5,128.256921,37.84538,2973.6324576,82.512,11.266,319.924,0.9760269606890374
129.5166,128.256882,37.845405,2974.2600408000003,82.531,11.281,320.212,0.9760269606890374
129.5333,128.256844,37.84543,2974.8888432000003,82.549,11.296,320.499,0.9760269606890374
129.55,128.256805,37.845455,2975.5191696,82.567,11.31,320.787,0.9760269606890374
129.5666,128.256767,37.845481,2976.1507152,82.585,11.325,321.074,0.9760269606890374
129.5833,128.256729,37.845506,2976.78348,82.603,11.339,321.362,0.9760269606890374
129.6,128.256691,37.845532,2977.4177688000004,82.621,11.354,321.65,0.9760269606890374
129.6166,128.256653,37.845557,2978.0532768,82.64,11.369,321.938,0.9760269606890374
129.6333,128.256615,37.845583,2978.6903088,82.658,11.383,322.226,0.9760269606890374
129.65,128.256578,37.845609,2979.3285600000004,82.676,11.397,322.514,0.9760269606890374
129.6666,128.25654,37.845635,2979.9683352000006,82.694,11.412,322.802,0.9760269606890374
129.6833,128.256503,37.845662,2980.6090248,82.712,11.426,323.091,0.9760269606890374
129.7,128.256466,37.845688,2981.2512384,82.73,11.44,323.379,0.9760269606890374
129.7166,128.25643,37.845715,2981.8949760000005,82.748,11.454,323.668,0.9760269606890374
129.7333,128.256393,37.845741,2982.5396280000004,82.767,11.469,323.956,0.9760269606890374
129.75,128.256356,37.845768,2983.185804,82.785,11.483,324.245,0.9760269606890374
129.7666,128.25632,37.845795,2983.8331992,82.803,11.497,324.534,0.9760269606890374
129.7833,128.256284,37.845822,2984.4818136000004,82.821,11.511,324.823,0.9760269606890374
129.8,128.256248,37.84585,2985.1316472,82.839,11.524,325.112,0.9760269606890374
129.8166,128.256212,37.845877,2985.7830048,82.858,11.538,325.401,0.9760269606890374
129.8333,128.256177,37.845905,2986.4352768,82.876,11.552,325.69,0.9760269606890374
129.85,128.256142,37.845932,2987.0890728000004,82.894,11.566,325.979,0.9760269606890374
129.8666,128.256106,37.84596,2987.744088,82.912,11.58,326.269,0.9760269606890374
129.8833,128.256071,37.845988,2988.4003224000003,82.931,11.593,326.558,0.9760269606890374
129.9,128.256036,37.846016,2989.0577760000006,82.949,11.607,326.848,0.9760269606890374
129.9166,128.256002,37.846044,2989.7164488000003,82.968,11.62,327.137,0.9760269606890374
129.9333,128.255967,37.846072,2990.3763408,82.986,11.634,327.427,0.9760269606890374
129.95,128.255933,37.846101,2991.037452,83.005,11.647,327.717,0.9760269606890374
129.9666,128.255899,37.846129,2991.6997824000005,83.023,11.66,328.007,0.9760269606890374
129.9833,128.255865,37.846158,2992.3630272,83.042,11.674,328.297,0.9760269606890374
130.0,128.255831,37.846187,2993.0277960000003,83.06,11.687,328.587,0.9760269606890374
130.0166,128.255798,37.846216,2993.693784,83.079,11.7,328.877,0.9760269606890374
130.0333,128.255764,37.846245,2994.3606864000003,83.097,11.713,329.168,0.9760269606890374
130.05,128.255731,37.846274,2995.0291128,83.116,11.726,329.458,0.9760269606890374
130.0666,128.255698,37.846303,2995.6984536,83.135,11.739,329.749,0.9760269606890374
130.0833,128.255665,37.846332,2996.3690136,83.153,11.752,330.04,0.9760269606890374
130.1,128.255633,37.846362,2997.0407928,83.172,11.765,330.33,0.9760269606890374
130.1166,128.2556,37.846392,2997.7134864,83.191,11.778,330.621,0.9760269606890374
130.1333,128.255568,37.846421,2998.387704,83.21,11.79,330.912,0.9760269606890374
130.15,128.255536,37.846451,2999.062836,83.229,11.803,331.203,0.9760269606890374
130.1666,128.255504,37.846481,2999.7388824000004,83.248,11.816,331.494,0.9760269606890374
130.1833,128.255473,37.846511,3000.4164528,83.267,11.828,331.786,0.9760269606890374
130.2,128.255441,37.846542,3001.0949376,83.286,11.84,332.077,0.9760269606890374
130.2166,128.25541,37.846572,3001.7746416000005,83.305,11.853,332.369,0.9760269606890374
130.2333,128.255379,37.846602,3002.4555648,83.436,11.85,332.657,0.9760269606890374
130.25,128.255348,37.846633,3003.1374024,83.674,11.833,332.943,0.9760269606890374
130.2666,128.255317,37.846664,3003.8195448,84.022,11.806,333.227,0.9760269606890374
130.2833,128.255287,37.846694,3004.5016872000006,84.484,11.774,333.511,0.9760269606890374
130.3,128.255256,37.846725,3005.1838296,85.058,11.739,333.794,0.9760269606890374
130.3166,128.255226,37.846756,3005.8656671999997,85.739,11.701,334.078,0.9760269606890374
130.3333,128.255196,37.846787,3006.5468952,86.513,11.662,334.363,0.9760269606890374
130.35,128.255166,37.846818,3007.2275136000003,87.363,11.622,334.647,0.9760269606890374
130.3666,128.255136,37.846849,3007.9075224000003,88.273,11.581,334.932,0.9760269606890374
130.3833,128.255106,37.846881,3008.5866168000002,89.229,11.538,335.215,0.9760269606890374
130.4,128.255077,37.846912,3009.2647968,90.221,11.492,335.497,0.9760269606890374
130.4166,128.255047,37.846944,3009.9417576000005,91.239,11.442,335.777,0.9760269606890374
130.4333,128.255018,37.846975,3010.6168896000004,92.229,11.393,336.057,0.9760269606890374
130.45,128.254989,37.847007,3011.2904976,93.187,11.345,336.337,0.9760269606890374
130.4666,128.25496,37.847039,3011.961972,94.113,11.293,336.617,0.9760269606890374
130.4833,128.254932,37.847071,3012.6313128,95.007,11.236,336.896,0.9760269606890374
130.5,128.254903,37.847103,3013.29852,95.874,11.172,337.173,0.9760269606890374
130.5166,128.254875,37.847135,3013.9629840000002,96.717,11.1,337.449,0.9760269606890374
130.5333,128.254847,37.847167,3014.6250096000003,97.629,11.01,337.705,0.9760269606890374
130.55,128.254819,37.8472,3015.2842920000003,98.604,10.905,337.925,0.9760269606890374
130.5666,128.254792,37.847232,3015.9402216,99.646,10.794,338.095,0.9760269606890374
130.5833,128.254764,37.847264,3016.5927984000004,100.756,10.685,338.199,0.9760269606890374
130.6,128.254736,37.847297,3017.2420224,101.933,10.583,338.225,0.9760269606890374
130.6166,128.254709,37.84733,3017.8881984000004,103.18,10.491,338.185,0.9760269606890374
130.6333,128.254682,37.847362,3018.5310216,104.497,10.405,338.096,0.9760269606890374
130.65,128.254655,37.847395,3019.1707968,105.887,10.322,337.973,0.9760269606890374
130.6666,128.254627,37.847428,3019.8069144000006,107.351,10.237,337.832,0.9760269606890374
130.6833,128.2546,37.847461,3020.439984,108.891,10.145,337.689,0.9760269606890374
130.7,128.254573,37.847494,3021.0697008,110.508,10.044,337.547,0.9760269606890374
130.7166,128.254546,37.847527,3021.6957600000005,112.2,9.934,337.405,0.9760269606890374
130.7333,128.25452,37.84756,3022.3184664000005,113.968,9.815,337.26,0.9760269606890374
130.75,128.254493,37.847593,3022.93782,115.811,9.686,337.111,0.9760269606890374
130.7666,128.254466,37.847626,3023.5538208000003,117.727,9.548,336.956,0.9760269606890374
130.7833,128.254439,37.847659,3024.1664688000005,119.718,9.402,336.793,0.9760269606890374
130.8,128.254413,37.847693,3024.7757640000004,121.782,9.246,336.622,0.9760269606890374
130.8166,128.254386,37.847726,3025.3820112000003,123.919,9.082,336.442,0.9760269606890374
130.8333,128.254359,37.847759,3025.9849056000003,126.129,8.911,336.251,0.9760269606890374
130.85,128.254333,37.847793,3026.584752,128.41,8.733,336.049,0.9760269606890374
130.8666,128.254306,37.847826,3027.1818552000004,130.763,8.549,335.835,0.9760269606890374
130.8833,128.25428,37.84786,3027.7762152,133.187,8.361,335.608,0.9760269606890374
130.9,128.254253,37.847893,3028.3678320000004,135.68,8.17,335.368,0.9760269606890374
130.9166,128.254226,37.847927,3028.9573152,138.243,7.977,335.115,0.9760269606890374
130.9333,128.2542,37.84796,3029.5443600000003,140.873,7.784,334.848,0.9760269606890374
130.95,128.254173,37.847994,3030.1295760000003,143.569,7.594,334.568,0.9760269606890374
130.9666,128.254147,37.848028,3030.7129632,146.328,7.409,334.276,0.9760269606890374
130.9833,128.25412,37.848062,3031.2951312,149.149,7.23,333.971,0.9760269606890374
131.0,128.254094,37.848095,3031.8757752,152.028,7.061,333.656,0.9760269606890374
131.0166,128.254067,37.848129,3032.4558096,154.965,6.902,333.332,0.9760269606890374
131.0333,128.25404,37.848163,3033.0349296,157.956,6.756,333.0,0.9760269606890374
131.05,128.254014,37.848197,3033.61344,160.998,6.624,332.663,0.9760269606890374
131.0666,128.253987,37.848231,3034.1913408,164.085,6.507,332.322,0.9760269606890374
131.0833,128.25396,37.848265,3034.7680224,167.209,6.408,331.982,0.9760269606890374
131.1,128.253934,37.848299,3035.3440944,170.361,6.326,331.644,0.9760269606890374
131.1166,128.253907,37.848332,3035.9189472,173.533,6.263,331.312,0.9760269606890374
131.1333,128.25388,37.848366,3036.4931904,176.722,6.218,330.988,0.9760269606890374
131.15,128.253854,37.848401,3037.0665192000006,179.921,6.192,330.677,0.9760269606890374
131.1666,128.253827,37.848435,3037.6395432,-176.872,6.182,330.381,0.9760269606890374
131.1833,128.2538,37.848469,3038.2116528,-173.661,6.189,330.101,0.9760269606890374
131.2,128.253773,37.848503,3038.7837624000003,-170.448,6.209,329.841,0.9760269606890374
131.2166,128.253747,37.848537,3039.3555671999998,-167.236,6.242,329.603,0.9760269606890374
131.2333,128.25372,37.848571,3039.9264576000005,-164.025,6.27,329.383,0.9760269606890374
131.25,128.253693,37.848605,3040.4967384,-160.817,6.276,329.179,0.9760269606890374
131.2666,128.253666,37.848639,3041.0664096000005,-157.614,6.254,328.987,0.9760269606890374
131.2833,128.253639,37.848674,3041.6354712,-154.415,6.213,328.81,0.9760269606890374
131.3,128.253613,37.848708,3042.2039232,-151.221,6.162,328.651,0.9760269606890374
131.3166,128.253586,37.848742,3042.7717656,-148.031,6.103,328.513,0.9760269606890374
131.3333,128.253559,37.848776,3043.3383888000003,-144.846,6.022,328.386,0.9760269606890374
131.35,128.253532,37.848811,3043.903488,-141.669,5.906,328.258,0.9760269606890374
131.3666,128.253505,37.848845,3044.4658440000003,-138.517,5.75,328.108,0.9760269606890374
131.3833,128.253478,37.848879,3045.0257616000004,-135.408,5.569,327.931,0.9760269606890374
131.4,128.253451,37.848914,3045.5832408,-132.344,5.382,327.734,0.9760269606890374
131.4166,128.253424,37.848948,3046.1382816,-129.323,5.201,327.522,0.9760269606890374
131.4333,128.253397,37.848983,3046.687836,-126.366,5.017,327.281,0.9760269606890374
131.45,128.25337,37.849017,3047.2334280000005,-123.463,4.822,326.998,0.9760269606890374
131.4666,128.253343,37.849052,3047.7756672,-120.603,4.623,326.675,0.9760269606890374
131.4833,128.253316,37.849086,3048.3139440000004,-117.775,4.432,326.327,0.9760269606890374
131.5,128.253289,37.849121,3048.8479536,-114.97,4.257,325.963,0.9760269606890374
131.5166,128.253262,37.849155,3049.3780008000003,-112.18,4.102,325.591,0.9760269606890374
131.5333,128.253235,37.84919,3049.9034760000004,-109.625,3.939,325.206,0.9760269606890374
131.55,128.253207,37.849224,3050.4234647999997,-107.293,3.766,324.801,0.9760269606890374
131.5666,128.25318,37.849259,3050.9373576000003,-105.156,3.6,324.381,0.9760269606890374
131.5833,128.253153,37.849293,3051.4451544000003,-103.186,3.456,323.952,0.9760269606890374
131.6,128.253125,37.849328,3051.9468552000003,-101.351,3.338,323.52,0.9760269606890374
131.6166,128.253097,37.849362,3052.44246,-99.618,3.249,323.088,0.9760269606890374
131.6333,128.25307,37.849397,3052.933188,-98.109,3.168,322.651,0.9760269606890374
131.65,128.253042,37.849431,3053.4181248,-96.806,3.089,322.211,0.9760269606890374
131.6666,128.253013,37.849465,3053.8972704000003,-95.691,3.018,321.77,0.9760269606890374
131.6833,128.252985,37.8495,3054.3709296,-94.733,2.96,321.333,0.9760269606890374
131.7,128.252957,37.849534,3054.8394072,-93.899,2.919,320.9,0.9760269606890374
131.7166,128.252928,37.849568,3055.3023984,-93.16,2.895,320.473,0.9760269606890374
131.7333,128.252899,37.849602,3055.7611224,-92.584,2.875,320.053,0.9760269606890374
131.75,128.25287,37.849635,3056.2152744,-92.156,2.856,319.638,0.9760269606890374
131.7666,128.252841,37.849669,3056.6642448,-91.851,2.839,319.229,0.9760269606890374
131.7833,128.252812,37.849703,3057.1092528000004,-91.646,2.829,318.825,0.9760269606890374
131.8,128.252782,37.849736,3057.549384,-91.521,2.826,318.428,0.9760269606890374
131.8166,128.252753,37.84977,3057.9858576,-91.455,2.83,318.035,0.9760269606890374
131.8333,128.252723,37.849803,3058.4177592,-91.474,2.835,317.648,0.9760269606890374
131.85,128.252693,37.849836,3058.8460032000003,-91.564,2.838,317.266,0.9760269606890374
131.8666,128.252663,37.84987,3059.2699800000005,-91.71,2.842,316.889,0.9760269606890374
131.8833,128.252632,37.849903,3059.6896896000003,-91.902,2.846,316.517,0.9760269606890374
131.9,128.252601,37.849935,3060.1054368000005,-92.131,2.85,316.149,0.9760269606890374
131.9166,128.252571,37.849968,3060.5169168,-92.388,2.855,315.785,0.9760269606890374
131.9333,128.25254,37.850001,3060.9244344000003,-92.669,2.859,315.425,0.9760269606890374
131.95,128.252509,37.850034,3061.3276848000005,-92.968,2.861,315.069,0.9760269606890374
131.9666,128.252477,37.850066,3061.7266680000002,-93.281,2.862,314.717,0.9760269606890374
131.9833,128.252446,37.850098,3062.121384,-93.605,2.86,314.369,0.9760269606890374
132.0,128.252414,37.850131,3062.5118328000003,-93.939,2.856,314.025,0.9760269606890374
132.0166,128.252382,37.850163,3062.8977096000003,-94.281,2.849,313.684,0.9760269606890374
132.0333,128.25235,37.850195,3063.2790144000005,-94.615,2.84,313.347,0.9760269606890374
132.05,128.252318,37.850227,3063.6560520000003,-94.941,2.831,313.012,0.9760269606890374
132.0666,128.252286,37.850259,3064.0285176,-95.26,2.819,312.681,0.9760269606890374
132.0833,128.252253,37.850291,3064.3964112000003,-95.573,2.804,312.352,0.9760269606890374
132.1,128.25222,37.850322,3064.7591232000004,-95.882,2.786,312.027,0.9760269606890374
132.1166,128.252187,37.850354,3065.117568,-96.188,2.764,311.706,0.9760269606890374
132.1333,128.252154,37.850385,3065.4708312,-96.475,2.741,311.387,0.9760269606890374
132.15,128.252121,37.850417,3065.8192176000002,-96.746,2.717,311.07,0.9760269606890374
132.1666,128.252088,37.850448,3066.1627272,-97.002,2.691,310.756,0.9760269606890374
132.1833,128.252054,37.850479,3066.50136,-97.247,2.663,310.444,0.9760269606890374
132.2,128.25202,37.85051,3066.8345064,-97.483,2.631,310.135,0.9760269606890374
132.2166,128.251987,37.850541,3067.1627760000006,-97.713,2.596,309.829,0.9760269606890374
132.2333,128.251953,37.850571,3067.485864,-97.924,2.561,309.525,0.9760269606890374
132.25,128.251918,37.850602,3067.8037704000003,-98.118,2.524,309.224,0.9760269606890374
132.2666,128.251884,37.850633,3068.1161904,-98.298,2.486,308.924,0.9760269606890374
132.2833,128.251849,37.850663,3068.4234288,-98.468,2.446,308.626,0.9760269606890374
132.3,128.251815,37.850693,3068.7254856,-98.628,2.404,308.331,0.9760269606890374
132.3166,128.25178,37.850724,3069.0217512,-98.783,2.359,308.037,0.9760269606890374
132.3333,128.251745,37.850754,3069.3128352000003,-98.922,2.314,307.746,0.9760269606890374
132.35,128.25171,37.850784,3069.5981280000005,-99.049,2.268,307.456,0.9760269606890374
132.3666,128.251674,37.850814,3069.8782392000003,-99.166,2.221,307.168,0.9760269606890374
132.3833,128.251639,37.850843,3070.1525592000003,-99.274,2.173,306.881,0.9760269606890374
132.4,128.251603,37.850873,3070.4213928,-99.376,2.123,306.596,0.9760269606890374
132.4166,128.251567,37.850902,3070.68474,-99.473,2.071,306.313,0.9760269606890374
132.4333,128.251531,37.850932,3070.942296,-99.56,2.019,306.031,0.9760269606890374
132.45,128.251495,37.850961,3071.1940608,-99.639,1.967,305.751,0.9760269606890374
132.4666,128.251459,37.85099,3071.4403392000004,-99.711,1.913,305.471,0.9760269606890374
132.4833,128.251422,37.851019,3071.6808264,-99.778,1.859,305.193,0.9760269606890374
132.5,128.251386,37.851048,3071.9155224,-99.84,1.804,304.916,0.9760269606890374
132.5166,128.251349,37.851077,3072.144732,-99.9,1.748,304.64,0.9760269606890374
132.5333,128.251312,37.851105,3072.3678456000002,-99.953,1.691,304.366,0.9760269606890374
132.55,128.251275,37.851134,3072.5854728000004,-100.001,1.634,304.092,0.9760269606890374
132.5666,128.251237,37.851162,3072.797004,-100.046,1.576,303.819,0.9760269606890374
132.5833,128.2512,37.85119,3073.0027440000003,-100.087,1.518,303.547,0.9760269606890374
132.6,128.251162,37.851219,3073.2026928,-100.125,1.459,303.276,0.9760269606890374
132.6166,128.251125,37.851246,3073.3968504000004,-100.162,1.399,303.005,0.9760269606890374
132.6333,128.251087,37.851274,3073.5852168000006,-100.195,1.339,302.735,0.9760269606890374
132.65,128.251049,37.851302,3073.7677920000006,-100.225,1.279,302.466,0.9760269606890374
132.6666,128.251011,37.85133,3073.9442712000005,-100.253,1.219,302.197,0.9760269606890374
132.6833,128.250972,37.851357,3074.1149592,-100.278,1.158,301.929,0.9760269606890374
132.7,128.250934,37.851384,3074.2795512,-100.303,1.096,301.661,0.9760269606890374
132.7166,128.250895,37.851412,3074.438352,-100.326,1.034,301.394,0.9760269606890374
132.7333,128.250856,37.851439,3074.5913616000003,-100.346,0.971,301.127,0.9760269606890374
132.75,128.250817,37.851466,3074.73858,-100.365,0.909,300.861,0.9760269606890374
132.7666,128.250778,37.851492,3074.8797024,-100.382,0.846,300.594,0.9760269606890374
132.7833,128.250739,37.851519,3075.0147288,-100.397,0.783,300.328,0.9760269606890374
132.8,128.2507,37.851546,3075.1439640000003,-100.412,0.719,300.063,0.9760269606890374
132.8166,128.25066,37.851572,3075.2671032000003,-100.425,0.655,299.798,0.9760269606890374
132.8333,128.25062,37.851598,3075.3844512,-100.437,0.591,299.533,0.9760269606890374
132.85,128.250581,37.851624,3075.496008,-100.447,0.527,299.268,0.9760269606890374
132.8666,128.250541,37.85165,3075.6014688000005,-100.455,0.462,299.003,0.9760269606890374
132.8833,128.250501,37.851676,3075.7008336,-100.463,0.398,298.739,0.9760269606890374
132.9,128.25046,37.851702,3075.7944072,-100.469,0.333,298.475,0.9760269606890374
132.9166,128.25042,37.851727,3075.8818848000005,-100.474,0.267,298.212,0.9760269606890374
132.9333,128.250379,37.851753,3075.9635712000004,-100.478,0.202,297.948,0.9760269606890374
132.95,128.250339,37.851778,3076.0391616,-100.479,0.137,297.685,0.9760269606890374
132.9666,128.250298,37.851803,3076.108656,-100.479,0.071,297.422,0.9760269606890374
132.9833,128.250257,37.851828,3076.1723592000003,-100.478,0.005,297.159,0.9760269606890374
133.0,128.250216,37.851853,3076.2302712000005,-100.476,-0.06,296.896,0.9760269606890374
133.0166,128.250175,37.851877,3076.2817824000003,-100.473,-0.126,296.633,0.9760269606890374
133.0333,128.250133,37.851902,3076.3278072000003,-100.468,-0.192,296.371,0.9760269606890374
133.05,128.250092,37.851926,3076.3674312,-100.461,-0.258,296.109,0.9760269606890374
133.0666,128.25005,37.851951,3076.401264,-100.453,-0.325,295.847,0.9760269606890374
133.0833,128.250009,37.851975,3076.4293056000006,-100.443,-0.391,295.585,0.9760269606890374
133.1,128.249967,37.851999,3076.4509464000002,-100.431,-0.458,295.323,0.9760269606890374
133.1166,128.249925,37.852023,3076.4671008000005,-100.419,-0.524,295.061,0.9760269606890374
133.1333,128.249883,37.852046,3076.4768544000003,-100.405,-0.591,294.799,0.9760269606890374
133.15,128.24984,37.85207,3076.4811216,-100.389,-0.657,294.538,0.9760269606890374
133.1666,128.249798,37.852093,3076.478988,-100.371,-0.724,294.277,0.9760269606890374
133.1833,128.249755,37.852116,3076.4710632,-100.352,-0.79,294.015,0.9760269606890374
133.2,128.249713,37.852139,3076.4573472,-100.331,-0.857,293.754,0.9760269606890374
133.2166,128.24967,37.852162,3076.4375352000006,-100.31,-0.924,293.493,0.9760269606890374
133.2333,128.249627,37.852185,3076.411932,-100.286,-0.99,293.232,0.9760269606890374
133.25,128.249584,37.852208,3076.3802328000006,-100.26,-1.057,292.971,0.9760269606890374
133.2666,128.249541,37.85223,3076.3424376,-100.233,-1.123,292.711,0.9760269606890374
133.2833,128.249498,37.852252,3076.299156,-100.204,-1.189,292.45,0.9760269606890374
133.3,128.249454,37.852275,3076.2497784000007,-100.174,-1.256,292.189,0.9760269606890374
133.3166,128.249411,37.852297,3076.1943048000003,-100.142,-1.322,291.928,0.9760269606890374
133.3333,128.249367,37.852318,3076.1330399999997,-100.109,-1.388,291.668,0.9760269606890374
133.35,128.249323,37.85234,3076.0659840000003,-100.074,-1.454,291.407,0.9760269606890374
133.3666,128.249279,37.852362,3075.9931368000002,-100.036,-1.52,291.147,0.9760269606890374
133.3833,128.249236,37.852383,3075.9141936,-99.998,-1.585,290.886,0.9760269606890374
133.4,128.249191,37.852404,3075.8294592,-99.958,-1.651,290.626,0.9760269606890374
133.4166,128.249147,37.852425,3075.7389336,-99.917,-1.717,290.366,0.9760269606890374
133.4333,128.249103,37.852446,3075.6426168000003,-99.874,-1.782,290.105,0.9760269606890374
133.45,128.249058,37.852467,3075.540204,-99.829,-1.847,289.845,0.9760269606890374
133.4666,128.249014,37.852488,3075.4323048,-99.782,-1.912,289.585,0.9760269606890374
133.4833,128.248969,37.852508,3075.3183096000002,-99.734,-1.976,289.324,0.9760269606890374
133.5,128.248924,37.852528,3075.1985232,-99.685,-2.041,289.064,0.9760269606890374
133.5166,128.24888,37.852548,3075.0732504000002,-99.634,-2.105,288.804,0.9760269606890374
133.5333,128.248835,37.852568,3074.9418816,-99.582,-2.169,288.544,0.9760269606890374
133.55,128.24879,37.852588,3074.8050264,-99.527,-2.233,288.283,0.9760269606890374
133.5666,128.248744,37.852608,3074.66238,-99.472,-2.296,288.023,0.9760269606890374
133.5833,128.248699,37.852627,3074.5139424,-99.414,-2.359,287.763,0.9760269606890374
133.6,128.248654,37.852647,3074.3597136000003,-99.356,-2.422,287.502,0.9760269606890374
133.6166,128.248608,37.852666,3074.1999984000004,-99.296,-2.485,287.242,0.9760269606890374
133.6333,128.248562,37.852685,3074.0344920000002,-99.235,-2.547,286.983,0.9760269606890374
133.65,128.248517,37.852704,3073.8631944,-99.172,-2.609,286.726,0.9760269606890374
133.6666,128.248471,37.852722,3073.6864104,-99.108,-2.67,286.47,0.9760269606890374
133.6833,128.248425,37.852741,3073.5038352000006,-99.042,-2.73,286.214,0.9760269606890374
133.7,128.248379,37.852759,3073.3160784000006,-98.976,-2.791,285.958,0.9760269606890374
133.7166,128.248333,37.852777,3073.1222256,-98.908,-2.851,285.703,0.9760269606890374
133.7333,128.248287,37.852795,3072.9231912,-98.839,-2.91,285.45,0.9760269606890374
133.75,128.24824,37.852813,3072.7183656,-98.769,-2.969,285.201,0.9760269606890374
133.7666,128.248194,37.852831,3072.5083584,-98.698,-3.026,284.954,0.9760269606890374
133.7833,128.248147,37.852848,3072.2925600000003,-98.625,-3.084,284.707,0.9760269606890374
133.8,128.248101,37.852866,3072.0712752000004,-98.552,-3.14,284.46,0.9760269606890374
133.8166,128.248054,37.852883,3071.8448088,-98.478,-3.197,284.214,0.9760269606890374
133.8333,128.248007,37.8529,3071.6128559999997,-98.402,-3.253,283.97,0.9760269606890374
133.85,128.24796,37.852917,3071.3754168000005,-98.326,-3.308,283.728,0.9760269606890374
133.8666,128.247913,37.852934,3071.1324912,-98.249,-3.362,283.487,0.9760269606890374
133.8833,128.247866,37.85295,3070.884384,-98.171,-3.417,283.247,0.9760269606890374
133.9,128.247819,37.852967,3070.6310952,-98.092,-3.47,283.007,0.9760269606890374
133.9166,128.247772,37.852983,3070.37232,-98.013,-3.524,282.767,0.9760269606890374
133.9333,128.247725,37.852999,3070.1083632,-97.932,-3.576,282.528,0.9760269606890374
133.95,128.247677,37.853015,3069.83892,-97.851,-3.628,282.291,0.9760269606890374
133.9666,128.24763,37.85303,3069.5646,-97.77,-3.68,282.055,0.9760269606890374
133.9833,128.247582,37.853046,3069.2850984,-97.687,-3.731,281.82,0.9760269606890374
134.0,128.247535,37.853061,3069.0001104,-97.605,-3.782,281.584,0.9760269606890374
134.0166,128.247487,37.853077,3068.7102456000002,-97.521,-3.833,281.347,0.9744191216148914
134.0333,128.247439,37.853092,3068.4151991999997,-97.438,-3.882,281.112,0.9728041234304361
134.05,128.247391,37.853107,3068.1152760000004,-97.353,-3.932,280.878,0.9711808945832493
134.0666,128.247343,37.853121,3067.8101712000002,-97.269,-3.981,280.645,0.9695494757852278
134.0833,128.247295,37.853136,3067.5001896000003,-97.184,-4.029,280.411,0.9679093543614204
134.1,128.247247,37.85315,3067.1850264,-97.098,-4.077,280.177,0.9662613046125081
134.1166,128.247199,37.853164,3066.8649864000004,-97.012,-4.125,279.943,0.9662613046125081
134.1333,128.247151,37.853179,3066.5400696,-96.926,-4.173,279.71,0.9662613046125081
134.15,128.247102,37.853192,3066.2102760000002,-96.84,-4.219,279.477,0.9662613046125081
134.1666,128.247054,37.853206,3065.8756056,-96.753,-4.266,279.244,0.9662613046125081
134.1833,128.247006,37.85322,3065.5357536,-96.666,-4.312,279.011,0.9662613046125081
134.2,128.246957,37.853233,3065.1916344,-96.578,-4.358,278.778,0.9662613046125081
134.2166,128.246908,37.853246,3064.8423336,-96.491,-4.403,278.544,0.9662613046125081
134.2333,128.24686,37.853259,3064.4884608,-96.403,-4.448,278.311,0.9662613046125081
134.25,128.246811,37.853272,3064.1297112,-96.315,-4.492,278.077,0.9662613046125081
134.2666,128.246762,37.853285,3063.7663896000004,-96.227,-4.536,277.844,0.9662613046125081
134.2833,128.246713,37.853298,3063.3984960000003,-96.139,-4.58,277.61,0.9662613046125081
134.3,128.246664,37.85331,3063.0257256000004,-96.05,-4.623,277.376,0.9662613046125081
134.3166,128.246615,37.853322,3062.648688,-95.962,-4.666,277.142,0.9662613046125081
134.3333,128.246566,37.853334,3062.2667736000003,-95.873,-4.709,276.907,0.9662613046125081
134.35,128.246517,37.853346,3061.8802872000006,-95.784,-4.751,276.672,0.9662613046125081
134.3666,128.246468,37.853358,3061.4895336,-95.696,-4.793,276.437,0.9662613046125081
134.3833,128.246419,37.853369,3061.094208,-95.607,-4.835,276.201,0.9662613046125081
134.4,128.246369,37.853381,3060.6943103999997,-95.518,-4.876,275.965,0.9662613046125081
134.4166,128.24632,37.853392,3060.2898408,-95.429,-4.917,275.729,0.9662613046125081
134.4333,128.24627,37.853403,3059.881104,-95.341,-4.957,275.492,0.9662613046125081
134.45,128.246221,37.853414,3059.4681,-95.252,-4.997,275.255,0.9662613046125081
134.4666,128.246171,37.853425,3059.0505239999998,-95.164,-5.037,275.017,0.9662613046125081
134.4833,128.246122,37.853435,3058.6286808,-95.075,-5.077,274.778,0.9662613046125081
134.5,128.246072,37.853446,3058.2025704000002,-94.987,-5.116,274.539,0.9662613046125081
134.5166,128.246022,37.853456,3057.771888,-94.899,-5.154,274.3,0.9662613046125081
134.5333,128.245973,37.853466,3057.3372432,-94.811,-5.193,274.06,0.9662613046125081
134.55,128.245923,37.853476,3056.8983312,-94.724,-5.231,273.819,0.9662613046125081
134.5666,128.245873,37.853486,3056.4554568000003,-94.637,-5.269,273.577,0.9662613046125081
134.5833,128.245823,37.853495,3056.0080104,-94.55,-5.306,273.335,0.9662613046125081
134.6,128.245773,37.853504,3055.5566016,-94.463,-5.344,273.092,0.9662613046125081
134.6166,128.245723,37.853514,3055.1009256,-94.376,-5.38,272.85,0.9662613046125081
134.6333,128.245673,37.853523,3054.6412872000005,-94.29,-5.417,272.605,0.9662613046125081
134.65,128.245623,37.853532,3054.1776864000003,-94.205,-5.453,272.36,0.9662613046125081
134.6666,128.245573,37.85354,3053.7098184,-94.12,-5.489,272.114,0.9662613046125081
134.6833,128.245523,37.853549,3053.237988,-94.035,-5.525,271.867,0.9662613046125081
134.7,128.245472,37.853557,3052.7621952,-93.951,-5.56,271.62,0.9662613046125081
134.7166,128.245422,37.853565,3052.28244,-93.867,-5.595,271.373,0.9662613046125081
134.7333,128.245372,37.853573,3051.7987224,-93.784,-5.63,271.124,0.9662613046125081
134.75,128.245321,37.853581,3051.3113472,-93.701,-5.664,270.874,0.9662613046125081
134.7666,128.245271,37.853589,3050.8197048,-93.619,-5.698,270.623,0.9662613046125081
134.7833,128.245221,37.853596,3050.3244048,-93.538,-5.732,270.372,0.9662613046125081
134.8,128.24517,37.853604,3049.8251424,-93.457,-5.766,270.12,0.9662613046125081
134.8166,128.24512,37.853611,3049.3219176000002,-93.376,-5.799,269.868,0.9662613046125081
134.8333,128.245069,37.853618,3048.8150352000002,-93.296,-5.832,269.615,0.9662613046125081
134.85,128.245019,37.853625,3048.3044952,-93.217,-5.865,269.359,0.9662613046125081
134.8666,128.244968,37.853631,3047.7899928,-93.139,-5.897,269.103,0.9662613046125081
134.8833,128.244917,37.853638,3047.2718328000005,-93.061,-5.929,268.846,0.9662613046125081
134.9,128.244867,37.853644,3046.7500152,-92.984,-5.961,268.589,0.9662613046125081
134.9166,128.244816,37.85365,3046.2245399999997,-92.907,-5.993,268.332,0.9662613046125081
134.9333,128.244765,37.853656,3045.6954072000003,-92.832,-6.024,268.073,0.9662613046125081
134.95,128.244714,37.853662,3045.1626168000003,-92.757,-6.055,267.812,0.9662613046125081
134.9666,128.244664,37.853667,3044.6261688000004,-92.683,-6.086,267.549,0.9662613046125081
134.9833,128.244613,37.853673,3044.0860632,-92.609,-6.117,267.287,0.9662613046125081
135.0,128.244562,37.853678,3043.5426048000004,-92.537,-6.147,267.024,0.9662613046125081
135.0166,128.244511,37.853683,3042.9954888,-92.464,-6.177,266.761,0.9662613046125081
135.0333,128.24446,37.853688,3042.4447152,-92.393,-6.207,266.495,0.9662613046125081
135.05,128.244409,37.853692,3041.8905888000004,-92.323,-6.237,266.228,0.9662613046125081
135.0666,128.244358,37.853697,3041.3328048000003,-92.253,-6.266,265.959,0.9662613046125081
135.0833,128.244307,37.853701,3040.7716680000003,-92.184,-6.296,265.69,0.9662613046125081
135.1,128.244256,37.853705,3040.2071784000004,-92.116,-6.324,265.421,0.9662613046125081
135.1166,128.244205,37.853709,3039.639336,-92.049,-6.353,265.152,0.9662613046125081
135.1333,128.244154,37.853713,3039.067836,-91.982,-6.381,264.881,0.9662613046125081
135.15,128.244103,37.853717,3038.4929832,-91.917,-6.41,264.608,0.9662613046125081
135.1666,128.244052,37.85372,3037.9150824000003,-91.852,-6.438,264.334,0.9662613046125081
135.1833,128.244001,37.853724,3037.333524,-91.788,-6.466,264.059,0.9662613046125081
135.2,128.24395,37.853727,3036.7489176,-91.725,-6.493,263.784,0.9662613046125081
135.2166,128.243899,37.85373,3036.1606536,-91.662,-6.52,263.51,0.9662613046125081
135.2333,128.243848,37.853732,3035.5693416000004,-91.601,-6.548,263.236,0.9662613046125081
135.25,128.243797,37.853735,3034.9746768,-91.541,-6.574,262.962,0.9662613046125081
135.2666,128.243745,37.853737,3034.376964,-91.482,-6.601,262.689,0.9662613046125081
135.2833,128.243694,37.853739,3033.7758984,-91.423,-6.628,262.417,0.9662613046125081
135.3,128.243643,37.853741,3033.1714800000004,-91.366,-6.654,262.144,0.9662613046125081
135.3166,128.243592,37.853743,3032.5643184,-91.309,-6.68,261.873,0.9662613046125081
135.3333,128.243541,37.853745,3031.9534992,-91.254,-6.705,261.601,0.9662613046125081
135.35,128.24349,37.853746,3031.3399368,-91.2,-6.731,261.33,0.9662613046125081
135.3666,128.243438,37.853747,3030.7230216,-91.147,-6.756,261.059,0.9662613046125081
135.3833,128.243387,37.853748,3030.1030584,-91.095,-6.782,260.788,0.9662613046125081
135.4,128.243336,37.853749,3029.4800472,-91.044,-6.807,260.517,0.9662613046125081
135.4166,128.243285,37.85375,3028.8536832,-90.993,-6.831,260.247,0.9662613046125081
135.4333,128.243234,37.85375,3028.2245760000005,-90.944,-6.856,259.977,0.9662613046125081
135.45,128.243182,37.853751,3027.5924208,-90.897,-6.881,259.707,0.9662613046125081
135.4666,128.243131,37.853751,3026.9572176,-90.85,-6.905,259.438,0.9662613046125081
135.4833,128.24308,37.853751,3026.3186616000003,-90.805,-6.93,259.168,0.9662613046125081
135.5,128.243029,37.853751,3025.6776672,-90.76,-6.954,258.899,0.9662613046125081
135.5166,128.242978,37.85375,3025.03332,-90.716,-6.978,258.63,0.9662613046125081
135.5333,128.242927,37.85375,3024.3862296,-90.674,-7.002,258.361,0.9662613046125081
135.55,128.242876,37.853749,3023.7360912000004,-90.633,-7.025,258.092,0.9662613046125081
135.5666,128.242824,37.853748,3023.0829048,-90.593,-7.049,257.824,0.9662613046125081
135.5833,128.242773,37.853747,3022.4269752,-90.554,-7.073,257.555,0.9662613046125081
135.6,128.242722,37.853745,3021.7679976,-90.516,-7.096,257.287,0.9662613046125081
135.6166,128.242671,37.853744,3021.1062768,-90.478,-7.12,257.018,0.9662613046125081
135.6333,128.24262,37.853742,3020.441508,-90.442,-7.143,256.75,0.9662613046125081
135.65,128.242569,37.85374,3019.7739960000004,-90.407,-7.166,256.482,0.9662613046125081
135.6666,128.242518,37.853738,3019.1037408,-90.373,-7.19,256.214,0.9662613046125081
135.6833,128.242467,37.853736,3018.4307424,-90.34,-7.213,255.946,0.9662613046125081
135.7,128.242416,37.853733,3017.7546960000004,-90.308,-7.236,255.678,0.9662613046125081
135.7166,128.242365,37.853731,3017.0759064,-90.276,-7.259,255.41,0.9662613046125081
135.7333,128.242314,37.853728,3016.3943736000006,-90.246,-7.282,255.142,0.9662613046125081
135.75,128.242263,37.853725,3015.7097928,-90.216,-7.305,254.875,0.9662613046125081
135.7666,128.242212,37.853722,3015.0227736,-90.188,-7.328,254.607,0.9662613046125081
135.7833,128.242161,37.853718,3014.3327064,-90.16,-7.351,254.339,0.9662613046125081
135.8,128.24211,37.853715,3013.6402008000005,-90.133,-7.373,254.072,0.9662613046125081
135.8166,128.242059,37.853711,3012.9446472,-90.107,-7.396,253.804,0.9662613046125081
135.8333,128.242009,37.853707,3012.2466552000005,-90.082,-7.419,253.536,0.9662613046125081
135.85,128.241958,37.853703,3011.5456152,-90.057,-7.442,253.269,0.9662613046125081
135.8666,128.241907,37.853699,3010.8421368000004,-90.034,-7.465,253.001,0.9662613046125081
135.8833,128.241856,37.853694,3010.1359152,-90.011,-7.487,252.734,0.9662613046125081
135.9,128.241805,37.853689,3009.4269504000004,-89.988,-7.51,252.467,0.9662613046125081
135.9166,128.241755,37.853685,3008.7152424,-89.966,-7.533,252.199,0.9662613046125081
135.9333,128.241704,37.853679,3008.0010960000004,-89.945,-7.556,251.932,0.9662613046125081
135.95,128.241654,37.853674,3007.2839016,-89.925,-7.578,251.664,0.9662613046125081
135.9666,128.241603,37.853669,3006.5642688000003,-89.905,-7.601,251.397,0.9662613046125081
135.9833,128.241552,37.853663,3005.8418928,-89.886,-7.624,251.129,0.9662613046125081
136.0,128.241502,37.853657,3005.1170784000005,-89.867,-7.647,250.862,0.9662613046125081
136.0166,128.241452,37.853651,3004.3895208000004,-89.849,-7.67,250.595,0.9662613046125081
136.0333,128.241401,37.853645,3003.65922,-89.831,-7.692,250.327,0.9662613046125081
136.05,128.241351,37.853639,3002.9264808,-89.814,-7.715,250.06,0.9662613046125081
136.0666,128.2413,37.853632,3002.1909984000004,-89.797,-7.738,249.792,0.9662613046125081
136.0833,128.24125,37.853626,3001.4530776,-89.781,-7.761,249.525,0.9662613046125081
136.1,128.2412,37.853619,3000.7124136,-89.765,-7.784,249.258,0.9662613046125081
136.1166,128.24115,37.853612,2999.9693112,-89.749,-7.807,248.99,0.9662613046125081
136.1333,128.2411,37.853604,2999.2234656,-89.734,-7.83,248.723,0.9662613046125081
136.15,128.241049,37.853597,2998.4751816000003,-89.72,-7.853,248.455,0.9662613046125081
136.1666,128.240999,37.853589,2997.7241544000003,-89.705,-7.876,248.188,0.9662613046125081
136.1833,128.240949,37.853581,2996.9706888,-89.691,-7.899,247.921,0.9662613046125081
136.2,128.240899,37.853573,2996.21448,-89.677,-7.922,247.653,0.9662613046125081
136.2166,128.240849,37.853565,2995.4558328000003,-89.664,-7.945,247.386,0.9662613046125081
136.2333,128.2408,37.853557,2994.6941376,-89.544,-7.956,247.127,0.9662613046125081
136.25,128.24075,37.853548,2993.9296992,-89.324,-7.955,246.878,0.9662613046125081
136.2666,128.2407,37.85354,2993.1631272,-88.999,-7.947,246.634,0.9662613046125081
136.2833,128.24065,37.853531,2992.3944216,-88.567,-7.934,246.392,0.9662613046125081
136.3,128.240601,37.853522,2991.6235824000005,-88.03,-7.92,246.152,0.9662613046125081
136.3166,128.240551,37.853513,2990.8509144000004,-87.391,-7.905,245.911,0.9662613046125081
136.3333,128.240501,37.853504,2990.0761128,-86.659,-7.888,245.688,0.9662613046125081
136.35,128.240452,37.853494,2989.2994824,-85.839,-7.87,245.501,0.9662613046125081
136.3666,128.240402,37.853485,2988.5213280000003,-84.94,-7.853,245.365,0.9662613046125081
136.3833,128.240352,37.853475,2987.7416496,-83.968,-7.839,245.299,0.9662613046125081
136.4,128.240303,37.853466,2986.9601423999998,-82.93,-7.83,245.318,0.9662613046125081
136.4166,128.240253,37.853456,2986.177416,-81.825,-7.827,245.403,0.9662613046125081
136.4333,128.240204,37.853446,2985.3937752,-80.654,-7.828,245.537,0.9662613046125081
136.45,128.240154,37.853436,2984.6086104,-79.416,-7.832,245.7,0.9662613046125081
136.4666,128.240105,37.853426,2983.8225312,-78.11,-7.838,245.874,0.9662613046125081
136.4833,128.240055,37.853416,2983.0358424,-76.733,-7.841,246.043,0.9662613046125081
136.5,128.240005,37.853406,2982.2485440000005,-75.286,-7.843,246.201,0.9662613046125081
136.5166,128.239956,37.853395,2981.4603312,-73.768,-7.843,246.35,0.9662613046125081
136.5333,128.239906,37.853385,2980.6718136,-72.182,-7.843,246.493,0.9662613046125081
136.55,128.239857,37.853375,2979.8829912,-70.53,-7.843,246.632,0.9662613046125081
136.5666,128.239807,37.853364,2979.0938640000004,-68.811,-7.843,246.768,0.9662613046125081
136.5833,128.239758,37.853353,2978.3041272,-67.029,-7.844,246.903,0.9662613046125081
136.6,128.239708,37.853343,2977.5140856,-65.183,-7.845,247.036,0.9662613046125081
136.6166,128.239659,37.853332,2976.7240440000005,-63.275,-7.846,247.168,0.9662613046125081
136.6333,128.239609,37.853321,2975.9336976,-61.305,-7.849,247.299,0.9662613046125081
136.65,128.239559,37.85331,2975.1430464000005,-59.274,-7.852,247.428,0.9662613046125081
136.6666,128.23951,37.853299,2974.3523952,-57.183,-7.856,247.557,0.9662613046125081
136.6833,128.23946,37.853288,2973.5611344000004,-55.031,-7.86,247.684,0.9662613046125081
136.7,128.239411,37.853277,2972.7698736,-52.82,-7.866,247.81,0.9662613046125081
136.7166,128.239361,37.853266,2971.9780032000003,-50.549,-7.873,247.936,0.9662613046125081
136.7333,128.239311,37.853255,2971.1855232000003,-48.219,-7.882,248.06,0.9662613046125081
136.75,128.239262,37.853244,2970.3927384,-45.829,-7.892,248.183,0.9662613046125081
136.7666,128.239212,37.853233,2969.5990392000003,-43.381,-7.903,248.306,0.9662613046125081
136.7833,128.239162,37.853221,2968.8044256000003,-40.874,-7.916,248.427,0.9662613046125081
136.8,128.239112,37.85321,2968.0088976,-38.309,-7.931,248.548,0.9662613046125081
136.8166,128.239063,37.853199,2967.2118456000003,-35.686,-7.948,248.667,0.9662613046125081
136.8333,128.239013,37.853187,2966.414184,-33.003,-7.957,248.779,0.9662613046125081
136.85,128.238963,37.853176,2965.6146936000005,-30.263,-7.959,248.883,0.9662613046125081
136.8666,128.238913,37.853165,2964.8133744,-27.466,-7.956,248.983,0.9662613046125081
136.8833,128.238863,37.853153,2964.0102263999997,-24.614,-7.953,249.079,0.9662613046125081
136.9,128.238813,37.853142,2963.2049448,-21.708,-7.951,249.174,0.9662613046125081
136.9166,128.238763,37.85313,2962.39692,-18.75,-7.951,249.268,0.9662613046125081
136.9333,128.238713,37.853119,2961.5873712000002,-15.742,-7.936,249.356,0.9662613046125081
136.95,128.238663,37.853107,2960.7756888000004,-12.684,-7.888,249.436,0.9662613046125081
136.9666,128.238613,37.853096,2959.9621776000004,-9.581,-7.805,249.507,0.9662613046125081
136.9833,128.238563,37.853084,2959.1471424,-6.441,-7.697,249.576,0.9662613046125081
137.0,128.238513,37.853073,2958.3305832,-3.272,-7.579,249.644,0.9662613046125081
137.0166,128.238463,37.853061,2957.5131096000005,-0.084,-7.458,249.715,0.9662613046125081
137.0333,128.238412,37.85305,2956.6950263999997,3.115,-7.316,249.79,0.9662613046125081
137.05,128.238362,37.853038,2955.8769432000004,6.321,-7.136,249.875,0.9662613046125081
137.0666,128.238312,37.853026,2955.0588600000005,9.531,-6.919,249.974,0.9662613046125081
137.0833,128.238262,37.853015,2954.2407768,12.741,-6.678,250.087,0.9662613046125081
137.1,128.238211,37.853003,2953.4223888,15.951,-6.43,250.214,0.9662613046125081
137.1166,128.238161,37.852991,2952.6046103999997,19.159,-6.184,250.355,0.9662613046125081
137.1333,128.238111,37.85298,2951.7898800000003,22.298,-5.923,250.51,0.9662613046125081
137.15,128.23806,37.852968,2950.9788072,25.368,-5.63,250.69,0.9662613046125081
137.1666,128.23801,37.852956,2950.1720016,28.378,-5.316,250.897,0.9662613046125081
137.1833,128.237959,37.852945,2949.3682440000002,31.336,-4.998,251.129,0.9662613046125081
137.2,128.237909,37.852933,2948.5675344,34.253,-4.688,251.384,0.9662613046125081
137.2166,128.237858,37.852921,2947.7698728,37.139,-4.393,251.656,0.9662613046125081
137.2333,128.237808,37.85291,2946.9776976000003,39.788,-4.085,251.94,0.9662613046125081
137.25,128.237757,37.852898,2946.1910088,42.215,-3.76,252.237,0.9662613046125081
137.2666,128.237706,37.852886,2945.4110256000004,44.421,-3.431,252.553,0.9662613046125081
137.2833,128.237656,37.852875,2944.6383576000003,46.437,-3.113,252.886,0.9662613046125081
137.3,128.237605,37.852863,2943.8736144000004,48.299,-2.817,253.237,0.9662613046125081
137.3166,128.237554,37.852852,2943.1171008,50.047,-2.546,253.604,0.9662613046125081
137.3333,128.237503,37.852841,2942.3688168000003,51.603,-2.284,253.983,0.9662613046125081
137.35,128.237452,37.852829,2941.629372,52.987,-2.029,254.37,0.9662613046125081
137.3666,128.237401,37.852818,2940.8993760000003,54.21,-1.783,254.761,0.9662613046125081
137.3833,128.23735,37.852807,2940.1791336,55.277,-1.547,255.156,0.9662613046125081
137.4,128.237299,37.852796,2939.4689496,56.201,-1.325,255.552,0.9662613046125081
137.4166,128.237248,37.852786,2938.7697384000003,57.01,-1.118,255.951,0.9662613046125081
137.4333,128.237197,37.852775,2938.0808904,57.687,-0.922,256.349,0.9662613046125081
137.45,128.237145,37.852764,2937.4030152,58.245,-0.735,256.744,0.9662613046125081
137.4666,128.237094,37.852754,2936.7351984,58.689,-0.556,257.137,0.9662613046125081
137.4833,128.237043,37.852744,2936.0780496,59.028,-0.385,257.526,0.9662613046125081
137.5,128.236991,37.852734,2935.4312640000003,59.27,-0.219,257.913,0.9662613046125081
137.5166,128.23694,37.852724,2934.7936224,59.437,-0.061,258.298,0.9662613046125081
137.5333,128.236888,37.852714,2934.1675632,59.514,0.092,258.677,0.9662613046125081
137.55,128.236836,37.852704,2933.5515624000004,59.511,0.242,259.052,0.9662613046125081
137.5666,128.236785,37.852695,2932.9450104,59.446,0.388,259.421,0.9662613046125081
137.5833,128.236733,37.852686,2932.3485168,59.331,0.53,259.787,0.9662613046125081
137.6,128.236681,37.852676,2931.7617768,59.178,0.668,260.148,0.9662613046125081
137.6166,128.236629,37.852667,2931.1844856,58.995,0.803,260.505,0.9662613046125081
137.6333,128.236577,37.852659,2930.6166432,58.798,0.934,260.859,0.9662613046125081
137.65,128.236525,37.85265,2930.0582496,58.591,1.063,261.208,0.9662613046125081
137.6666,128.236473,37.852641,2929.5096096,58.377,1.191,261.551,0.9662613046125081
137.6833,128.236421,37.852633,2928.9707232,58.157,1.318,261.89,0.9662613046125081
137.7,128.236369,37.852624,2928.4418952,57.933,1.445,262.223,0.9662613046125081
137.7166,128.236317,37.852616,2927.9228208000004,57.702,1.572,262.55,0.9662613046125081
137.7333,128.236265,37.852608,2927.4128904,57.49,1.696,262.873,0.9662613046125081
137.75,128.236212,37.8526,2926.912104,57.295,1.818,263.193,0.9662613046125081
137.7666,128.23616,37.852593,2926.4216808,57.115,1.939,263.509,0.9662613046125081
137.7833,128.236108,37.852585,2925.9410112,56.946,2.061,263.821,0.9662613046125081
137.8,128.236055,37.852578,2925.4704,56.786,2.182,264.128,0.9662613046125081
137.8166,128.236003,37.85257,2925.0098472,56.632,2.304,264.43,0.9662613046125081
137.8333,128.23595,37.852563,2924.5584384,56.502,2.425,264.728,0.9662613046125081
137.85,128.235898,37.852556,2924.117088,56.394,2.543,265.024,0.9662613046125081
137.8666,128.235845,37.852549,2923.685796,56.303,2.661,265.317,0.9662613046125081
137.8833,128.235793,37.852542,2923.2642576000003,56.227,2.779,265.607,0.9662613046125081
137.9,128.23574,37.852536,2922.8533872000003,56.161,2.898,265.893,0.9662613046125081
137.9166,128.235687,37.852529,2922.4525752000004,56.103,3.016,266.175,0.9662613046125081
137.9333,128.235635,37.852523,2922.0612120000005,56.065,3.134,266.454,0.9662613046125081
137.95,128.235582,37.852517,2921.6799072000003,56.045,3.25,266.732,0.9662613046125081
137.9666,128.235529,37.852511,2921.3089656,56.04,3.365,267.008,0.9662613046125081
137.9833,128.235477,37.852505,2920.9480824,56.046,3.48,267.281,0.9662613046125081
138.0,128.235424,37.852499,2920.5975624000002,56.062,3.595,267.552,0.9662613046125081
138.0166,128.235371,37.852494,2920.2574056000003,56.083,3.71,267.82,0.9662613046125081
138.0333,128.235318,37.852488,2919.9270024,56.115,3.824,268.087,0.9662613046125081
138.05,128.235265,37.852483,2919.6072672,56.155,3.937,268.352,0.9662613046125081
138.0666,128.235212,37.852478,2919.2978952000003,56.202,4.05,268.615,0.9662613046125081
138.0833,128.235159,37.852473,2918.9985816000003,56.254,4.163,268.877,0.9662613046125081
138.1,128.235106,37.852468,2918.7096312,56.309,4.275,269.138,0.9662613046125081
138.1166,128.235053,37.852464,2918.4313488000003,56.366,4.387,269.397,0.9662613046125081
138.1333,128.235,37.852459,2918.1631248,56.427,4.498,269.655,0.9662613046125081
138.15,128.234947,37.852455,2917.9052640000004,56.489,4.609,269.911,0.9662613046125081
138.1666,128.234894,37.852451,2917.6577664,56.553,4.72,270.167,0.9662613046125081
138.1833,128.234841,37.852447,2917.4203272,56.618,4.83,270.422,0.9662613046125081
138.2,128.234788,37.852443,2917.193556,56.683,4.94,270.677,0.9662613046125081
138.2166,128.234735,37.852439,2916.9771480000004,56.748,5.05,270.93,0.9662613046125081
138.2333,128.234682,37.852436,2916.7707984000003,56.815,5.159,271.183,0.9662613046125081
138.25,128.234629,37.852432,2916.5748120000003,56.883,5.268,271.436,0.9662613046125081
138.2666,128.234575,37.852429,2916.388884,56.953,5.376,271.688,0.9662613046125081
138.2833,128.234522,37.852426,2916.2133192000006,57.023,5.484,271.939,0.9662613046125081
138.3,128.234469,37.852423,2916.0478128,57.094,5.592,272.19,0.9662613046125081
138.3166,128.234416,37.85242,2915.8926696,57.165,5.699,272.44,0.9662613046125081
138.3333,128.234363,37.852418,2915.7478896000002,57.233,5.807,272.69,0.9662613046125081
138.35,128.23431,37.852415,2915.6131680000003,57.3,5.914,272.939,0.9662613046125081
138.3666,128.234256,37.852413,2915.4888096000004,57.364,6.022,273.188,0.9662613046125081
138.3833,128.234203,37.852411,2915.3748144000006,57.426,6.129,273.436,0.9662613046125081
138.4,128.23415,37.852409,2915.2705728,57.486,6.235,273.684,0.9662613046125081
138.4166,128.234097,37.852407,2915.1766944,57.545,6.342,273.932,0.9662613046125081
138.4333,128.234043,37.852405,2915.0928744,57.601,6.449,274.179,0.9662613046125081
138.45,128.23399,37.852404,2915.0191128,57.657,6.555,274.427,0.9662613046125081
138.4666,128.233937,37.852403,2914.9554096,57.712,6.661,274.674,0.9662613046125081
138.4833,128.233884,37.852401,2914.9020696,57.765,6.767,274.921,0.9662613046125081
138.5,128.233831,37.8524,2914.8584832,57.818,6.873,275.168,0.9662613046125081
138.5166,128.233777,37.8524,2914.8246504000003,57.87,6.979,275.414,0.9662613046125081
138.5333,128.233724,37.852399,2914.8011808,57.92,7.084,275.661,0.9662613046125081
138.55,128.233671,37.852398,2914.7877696,57.97,7.19,275.907,0.9662613046125081
138.5666,128.233618,37.852398,2914.7841120000003,58.019,7.296,276.153,0.9662613046125081
138.5833,128.233564,37.852398,2914.7905127999998,58.066,7.402,276.399,0.9662613046125081
138.6,128.233511,37.852398,2914.8066672,58.113,7.507,276.644,0.9662613046125081
138.6166,128.233458,37.852398,2914.8328800000004,58.159,7.613,276.89,0.9662613046125081
138.6333,128.233405,37.852398,2914.8691512,58.204,7.718,277.135,0.9662613046125081
138.65,128.233352,37.852399,2914.9151760000004,58.248,7.824,277.38,0.9662613046125081
138.6666,128.233299,37.852399,2914.9709544,58.29,7.929,277.625,0.9662613046125081
138.6833,128.233246,37.8524,2915.0367912,58.332,8.035,277.87,0.9662613046125081
138.7,128.233192,37.852401,2915.1120768,58.373,8.14,278.115,0.9662613046125081
138.7166,128.233139,37.852402,2915.1974208,58.414,8.245,278.359,0.9662613046125081
138.7333,128.233086,37.852403,2915.2928232000004,58.452,8.351,278.604,0.9662613046125081
138.75,128.233033,37.852405,2915.3976744,58.489,8.457,278.848,0.9662613046125081
138.7666,128.23298,37.852406,2915.512584,58.525,8.562,279.092,0.9662613046125081
138.7833,128.232927,37.852408,2915.6372472,58.559,8.668,279.336,0.9662613046125081
138.8,128.232874,37.85241,2915.7713592,58.592,8.774,279.58,0.9662613046125081
138.8166,128.232821,37.852412,2915.9155296000004,58.624,8.88,279.824,0.9662613046125081
138.8333,128.232768,37.852414,2916.0691488,58.656,8.985,280.069,0.9662613046125081
138.85,128.232715,37.852417,2916.2325216,58.689,9.091,280.313,0.9662613046125081
138.8666,128.232662,37.852419,2916.4053432,58.722,9.197,280.557,0.9662613046125081
138.8833,128.232609,37.852422,2916.5879184,58.756,9.302,280.801,0.9662613046125081
138.9,128.232557,37.852425,2916.7802472,58.791,9.408,281.045,0.9662613046125081
138.9166,128.232504,37.852428,2916.9823296,58.826,9.514,281.288,0.9662613046125081
138.9333,128.232451,37.852431,2917.1929464000004,58.997,9.601,281.532,0.9662613046125081
138.95,128.232398,37.852435,2917.4117928,59.299,9.671,281.776,0.9662613046125081
138.9666,128.232346,37.852438,2917.6382592,59.736,9.73,282.02,0.9662613046125081
138.9833,128.232293,37.852442,2917.8714312,60.31,9.784,282.264,0.9662613046125081
139.0,128.23224,37.852445,2918.1113088,61.018,9.837,282.508,0.9662613046125081
139.0166,128.232187,37.852449,2918.3566728,61.854,9.888,282.753,0.9662613046125081
139.0333,128.232135,37.852453,2918.6075232000003,62.813,9.937,283.0,0.9662613046125081
139.05,128.232082,37.852457,2918.8632504,63.886,9.983,283.249,0.9662613046125081
139.0666,128.232029,37.852462,2919.1229399999997,65.062,10.024,283.5,0.9662613046125081
139.0833,128.231977,37.852466,2919.3878112,66.322,10.062,283.752,0.9662613046125081
139.1,128.231924,37.85247,2919.6575592000004,67.649,10.095,284.004,0.9662613046125081
139.1166,128.231871,37.852475,2919.9321840000002,69.027,10.124,284.256,0.9662613046125081
139.1333,128.231819,37.85248,2920.2116856,70.381,10.156,284.509,0.9662613046125081
139.15,128.231766,37.852485,2920.4957592,71.704,10.19,284.763,0.9662613046125081
139.1666,128.231714,37.85249,2920.7853192000002,72.994,10.22,285.019,0.9662613046125081
139.1833,128.231661,37.852495,2921.079756,74.251,10.243,285.278,0.9662613046125081
139.2,128.231609,37.8525,2921.3787647999998,75.481,10.257,285.539,0.9662613046125081
139.2166,128.231556,37.852506,2921.6820408000003,76.689,10.261,285.803,0.9662613046125081
139.2333,128.231504,37.852511,2921.9892792,77.797,10.266,286.07,0.9662613046125081
139.25,128.231451,37.852517,2922.3004800000003,78.812,10.273,286.342,0.9662613046125081
139.2666,128.231399,37.852524,2922.6156432000002,79.748,10.276,286.617,0.9662613046125081
139.2833,128.231347,37.85253,2922.9347688000003,80.616,10.273,286.896,0.9662613046125081
139.3,128.231295,37.852536,2923.2569424,81.429,10.26,287.179,0.9662613046125081
139.3166,128.231243,37.852543,2923.5818592,82.199,10.239,287.464,0.9662613046125081
139.3333,128.23119,37.85255,2923.9095192000004,82.869,10.217,287.752,0.9662613046125081
139.35,128.231138,37.852557,2924.2396176,83.451,10.197,288.043,0.9662613046125081
139.3666,128.231087,37.852564,2924.5724592,83.958,10.175,288.335,0.9662613046125081
139.3833,128.231035,37.852572,2924.9074344,84.401,10.149,288.63,0.9662613046125081
139.4,128.230983,37.852579,2925.2445432,84.795,10.116,288.927,0.9662613046125081
139.4166,128.230931,37.852587,2925.5831760000005,85.15,10.077,289.226,0.9662613046125081
139.4333,128.230879,37.852595,2925.9236376,85.434,10.038,289.525,0.9662613046125081
139.45,128.230828,37.852604,2926.2656232000004,85.655,10.001,289.825,0.9662613046125081
139.4666,128.230776,37.852612,2926.6088280000004,85.825,9.963,290.126,0.9662613046125081
139.4833,128.230725,37.852621,2926.9538616,85.952,9.924,290.428,0.9662613046125081
139.5,128.230673,37.85263,2927.2998096,86.044,9.882,290.73,0.9662613046125081
139.5166,128.230622,37.852639,2927.6472816,86.108,9.838,291.033,0.9662613046125081
139.5333,128.230571,37.852648,2927.995668,86.131,9.794,291.336,0.9662613046125081
139.55,128.230519,37.852657,2928.3452736000004,86.12,9.753,291.638,0.9662613046125081
139.5666,128.230468,37.852667,2928.6957936000003,86.08,9.711,291.941,0.9662613046125081
139.5833,128.230417,37.852677,2929.0475328,86.015,9.67,292.243,0.9662613046125081
139.6,128.230366,37.852687,2929.4004912,85.931,9.629,292.545,0.9662613046125081
139.6166,128.230315,37.852697,2929.7543640000004,85.831,9.589,292.848,0.9662613046125081
139.6333,128.230265,37.852708,2930.1091512,85.714,9.549,293.149,0.9662613046125081
139.65,128.230214,37.852718,2930.4651576,85.583,9.51,293.451,0.9662613046125081
139.6666,128.230163,37.852729,2930.8220784000005,85.441,9.473,293.752,0.9662613046125081
139.6833,128.230113,37.85274,2931.1799136,85.289,9.437,294.052,0.9662613046125081
139.7,128.230062,37.852752,2931.5392728,85.129,9.403,294.351,0.9662613046125081
139.7166,128.230012,37.852763,2931.8995464000004,84.961,9.37,294.65,0.9662613046125081
139.7333,128.229961,37.852775,2932.2610392,84.792,9.339,294.949,0.9662613046125081
139.75,128.229911,37.852786,2932.6234464000004,84.621,9.308,295.247,0.9662613046125081
139.7666,128.229861,37.852798,2932.9873776000004,84.45,9.279,295.544,0.9662613046125081
139.7833,128.229811,37.85281,2933.3525280000003,84.277,9.252,295.84,0.9662613046125081
139.8,128.229761,37.852823,2933.7188976,84.103,9.227,296.136,0.9662613046125081
139.8166,128.229711,37.852835,2934.0864864,83.927,9.204,296.431,0.9662613046125081
139.8333,128.229661,37.852848,2934.4555992,83.757,9.182,296.721,0.9662613046125081
139.85,128.229611,37.852861,2934.8259312,83.591,9.16,297.008,0.9662613046125081
139.8666,128.229562,37.852874,2935.1977872,83.428,9.14,297.291,0.9662613046125081
139.8833,128.229512,37.852887,2935.5708624000004,83.269,9.121,297.573,0.9662613046125081
139.9,128.229463,37.852901,2935.9457664,83.111,9.105,297.853,0.9662613046125081
139.9166,128.229413,37.852914,2936.3218896000003,82.955,9.09,298.133,0.9662613046125081
139.9333,128.229364,37.852928,2936.6995368000003,82.805,9.076,298.407,0.9662613046125081
139.95,128.229315,37.852942,2937.078708,82.662,9.061,298.673,0.9662613046125081
139.9666,128.229266,37.852956,2937.4594032000005,82.525,9.048,298.936,0.9662613046125081
139.9833,128.229217,37.85297,2937.8419272,82.392,9.035,299.196,0.9662613046125081
140.0,128.229168,37.852985,2938.2256704,82.262,9.025,299.456,0.9662613046125081
140.0166,128.229119,37.852999,2938.6112424,82.134,9.016,299.715,0.9662613046125081
140.0333,128.22907,37.853014,2938.9986432,82.015,9.008,299.968,0.9662613046125081
140.05,128.229022,37.853029,2939.387568,81.902,8.999,300.217,0.9662613046125081
140.0666,128.228973,37.853044,2939.7780168000004,81.794,8.991,300.462,0.9662613046125081
140.0833,128.228925,37.85306,2940.1702944,81.691,8.985,300.706,0.9662613046125081
140.1,128.228876,37.853075,2940.564096,81.592,8.979,300.949,0.9662613046125081
140.1166,128.228828,37.853091,2940.9597264,81.496,8.975,301.193,0.9662613046125081
140.1333,128.22878,37.853107,2941.3571856,81.406,8.971,301.432,0.9662613046125081
140.15,128.228732,37.853123,2941.7561688000005,81.322,8.967,301.667,0.9662613046125081
140.1666,128.228684,37.853139,2942.1569808,81.244,8.964,301.899,0.9662613046125081
140.1833,128.228636,37.853155,2942.5596216,81.17,8.961,302.13,0.9662613046125081
140.2,128.228588,37.853172,2942.9637864,81.099,8.959,302.362,0.9662613046125081
140.2166,128.228541,37.853188,2943.3700848000003,81.031,8.959,302.594,0.9662613046125081
140.2333,128.228493,37.853205,2943.7776024,80.968,8.959,302.822,0.9662613046125081
140.25,128.228446,37.853222,2944.1872536,80.911,8.958,303.046,0.9662613046125081
140.2666,128.228398,37.853239,2944.5984288,80.857,8.957,303.269,0.9662613046125081
140.2833,128.228351,37.853256,2945.0114328000004,80.807,8.958,303.491,0.9662613046125081
140.3,128.228304,37.853274,2945.4262656,80.76,8.959,303.713,0.9662613046125081
140.3166,128.228257,37.853291,2945.8426224,80.715,8.961,303.936,0.9662613046125081
140.3333,128.22821,37.853309,2946.260808,80.674,8.963,304.156,0.9662613046125081
140.35,128.228163,37.853327,2946.6808224,80.637,8.965,304.373,0.9662613046125081
140.3666,128.228116,37.853345,2947.1023608,80.604,8.967,304.588,0.9662613046125081
140.3833,128.228069,37.853363,2947.5257280000005,80.573,8.969,304.802,0.9662613046125081
140.4,128.228023,37.853382,2947.9506192000003,80.544,8.972,305.017,0.9662613046125081
140.4166,128.227977,37.8534,2948.3773392000003,80.518,8.976,305.233,0.9662613046125081
140.4333,128.22793,37.853419,2948.805888,80.494,8.979,305.446,0.9662613046125081
140.45,128.227884,37.853438,2949.2359608,80.474,8.983,305.657,0.9662613046125081
140.4666,128.227838,37.853457,2949.6675576000002,80.456,8.986,305.866,0.9662613046125081
140.4833,128.227792,37.853476,2950.1009832,80.44,8.99,306.075,0.9662613046125081
140.5,128.227746,37.853495,2950.5359328000004,80.426,8.994,306.285,0.9662613046125081
140.5166,128.2277,37.853514,2950.9727112,80.413,8.999,306.495,0.9662613046125081
140.5333,128.227654,37.853534,2951.4110136,80.403,9.004,306.703,0.9662613046125081
140.55,128.227609,37.853554,2951.85084,80.395,9.008,306.909,0.9662613046125081
140.5666,128.227563,37.853574,2952.2924952000003,80.389,9.012,307.113,0.9662613046125081
140.5833,128.227518,37.853594,2952.7356744,80.385,9.017,307.318,0.9662613046125081
140.6,128.227473,37.853614,2953.1803776,80.382,9.022,307.522,0.9662613046125081
140.6166,128.227428,37.853634,2953.6266048,80.38,9.027,307.728,0.9662613046125081
140.6333,128.227383,37.853654,2954.074356,80.381,9.032,307.932,0.9662613046125081
140.65,128.227338,37.853675,2954.5236312,80.383,9.037,308.134,0.9662613046125081
140.6666,128.227293,37.853696,2954.9744304000005,80.387,9.042,308.335,0.9662613046125081
140.6833,128.227248,37.853716,2955.4267535999998,80.392,9.047,308.536,0.9662613046125081
140.7,128.227203,37.853737,2955.8802960000003,80.399,9.052,308.737,0.9662613046125081
140.7166,128.227159,37.853759,2956.3356672,80.406,9.058,308.939,0.9662613046125081
140.7333,128.227115,37.85378,2956.7925624000004,80.415,9.063,309.14,0.9662613046125081
140.75,128.22707,37.853801,2957.2506768,80.426,9.068,309.338,0.9662613046125081
140.7666,128.227026,37.853823,2957.7103152,80.438,9.073,309.536,0.9662613046125081
140.7833,128.226982,37.853844,2958.1711728,80.451,9.078,309.734,0.9662613046125081
140.8,128.226938,37.853866,2958.6335544000003,80.466,9.083,309.933,0.9662613046125081
140.8166,128.226894,37.853888,2959.0974600000004,80.481,9.089,310.132,0.9662613046125081
140.8333,128.22685,37.85391,2959.5625848000004,80.498,9.094,310.33,0.9662613046125081
140.85,128.226807,37.853932,2960.0292336,80.516,9.099,310.526,0.9662613046125081
140.8666,128.226763,37.853955,2960.4971016,80.535,9.104,310.722,0.9662613046125081
140.8833,128.22672,37.853977,2960.9661888,80.555,9.109,310.918,0.9662613046125081
140.9,128.226677,37.854,2961.4368,80.577,9.114,311.115,0.9662613046125081
140.9166,128.226634,37.854022,2961.9083256000004,80.599,9.119,311.312,0.9662613046125081
140.9333,128.22659,37.854045,2962.3813752,80.622,9.124,311.508,0.9662613046125081
140.95,128.226548,37.854068,2962.855644,80.647,9.129,311.703,0.9662613046125081
140.9666,128.226505,37.854091,2963.3311320000003,80.673,9.133,311.897,0.9662613046125081
140.9833,128.226462,37.854115,2963.8081440000005,80.7,9.138,312.092,0.9662613046125081
141.0,128.226419,37.854138,2964.2860704,80.728,9.143,312.287,0.9662613046125081
141.0166,128.226377,37.854161,2964.7649112,80.757,9.148,312.483,0.9662613046125081
141.0333,128.226335,37.854185,2965.2452760000006,80.787,9.152,312.678,0.9662613046125081
141.05,128.226292,37.854209,2965.72686,80.818,9.156,312.872,0.9662613046125081
141.0666,128.22625,37.854233,2966.2093584,80.85,9.161,313.066,0.9662613046125081
141.0833,128.226208,37.854257,2966.6930760000005,80.883,9.165,313.26,0.9662613046125081
141.1,128.226166,37.854281,2967.1777079999997,80.917,9.169,313.454,0.9662613046125081
141.1166,128.226124,37.854305,2967.6635592000002,80.951,9.173,313.649,0.9662613046125081
141.1333,128.226083,37.854329,2968.1506296000002,80.987,9.177,313.844,0.9662613046125081
141.15,128.226041,37.854354,2968.6386144000003,81.024,9.181,314.038,0.9662613046125081
141.1666,128.226,37.854378,2969.1278184000003,81.061,9.185,314.231,0.9662613046125081
141.1833,128.225958,37.854403,2969.6176320000004,81.1,9.188,314.425,0.9662613046125081
141.2,128.225917,37.854428,2970.1086648,81.139,9.192,314.619,0.9662613046125081
141.2166,128.225876,37.854453,2970.6009168000005,81.179,9.195,314.814,0.9662613046125081
141.2333,128.225835,37.854478,2971.0937784000002,81.22,9.199,315.009,0.9662613046125081
141.25,128.225794,37.854503,2971.5878592000004,81.262,9.202,315.203,0.9662613046125081
141.2666,128.225754,37.854528,2972.0825496,81.304,9.205,315.397,0.9662613046125081
141.2833,128.225713,37.854554,2972.5784592,81.347,9.208,315.591,0.9662613046125081
141.3,128.225672,37.854579,2973.0749784000004,81.391,9.211,315.786,0.9662613046125081
141.3166,128.225632,37.854605,2973.5727168000003,81.435,9.213,315.981,0.9662613046125081
141.3333,128.225592,37.854631,2974.0710648,81.481,9.216,316.176,0.9662613046125081
141.35,128.225552,37.854657,2974.5703272,81.527,9.218,316.371,0.9662613046125081
141.3666,128.225512,37.854683,2975.070504,81.574,9.221,316.566,0.9662613046125081
141.3833,128.225472,37.854709,2975.5715952,81.621,9.223,316.762,0.9662613046125081
141.4,128.225432,37.854735,2976.0732960000005,81.669,9.225,316.958,0.9662613046125081
141.4166,128.225392,37.854762,2976.5756064,81.717,9.227,317.154,0.9662613046125081
141.4333,128.225353,37.854788,2977.079136,81.767,9.229,317.35,0.9662613046125081
141.45,128.225313,37.854815,2977.5829704000002,81.817,9.231,317.547,0.9662613046125081
141.4666,128.225274,37.854841,2978.0877192000003,81.867,9.232,317.744,0.9662613046125081
141.4833,128.225235,37.854868,2978.5933824000003,81.918,9.234,317.941,0.9662613046125081
141.5,128.225196,37.854895,2979.0993504000003,81.969,9.235,318.139,0.9662613046125081
141.5166,128.225157,37.854922,2979.6062328000003,82.021,9.236,318.337,0.9662613046125081
141.5333,128.225118,37.854949,2980.1140296000003,82.073,9.237,318.535,0.9662613046125081
141.55,128.225079,37.854976,2980.6221312,82.126,9.238,318.734,0.9662613046125081
141.5666,128.225041,37.855004,2981.1308424,82.18,9.239,318.934,0.9662613046125081
141.5833,128.225002,37.855031,2981.6401632,82.234,9.24,319.133,0.9662613046125081
141.6,128.224964,37.855059,2982.1503984000005,82.288,9.24,319.333,0.9662613046125081
141.6166,128.224926,37.855087,2982.6609384000003,82.342,9.24,319.534,0.9662613046125081
141.6333,128.224888,37.855114,2983.172088,82.397,9.241,319.735,0.9662613046125081
141.65,128.22485,37.855142,2983.6838472,82.452,9.241,319.937,0.9662613046125081
141.6666,128.224812,37.85517,2984.1959112,82.508,9.241,320.14,0.9662613046125081
141.6833,128.224774,37.855198,2984.7085848,82.564,9.241,320.343,0.9662613046125081
141.7,128.224737,37.855227,2985.221868,82.62,9.24,320.546,0.9662613046125081
141.7166,128.224699,37.855255,2985.7357608,82.677,9.24,320.749,0.9662613046125081
141.7333,128.224662,37.855283,2986.2499584,82.733,9.239,320.954,0.9662613046125081
141.75,128.224625,37.855312,2986.7644608,82.79,9.239,321.159,0.9662613046125081
141.7666,128.224588,37.855341,2987.2795728,82.847,9.238,321.365,0.9662613046125081
141.7833,128.224551,37.855369,2987.7952944,82.904,9.237,321.572,0.9662613046125081
141.8,128.224514,37.855398,2988.3113208000004,82.961,9.236,321.779,0.9662613046125081
141.8166,128.224478,37.855427,2988.827652,83.018,9.235,321.986,0.9662613046125081
141.8333,128.224441,37.855456,2989.344288,83.076,9.233,322.194,0.9662613046125081
141.85,128.224405,37.855486,2989.8612288,83.133,9.232,322.403,0.9662613046125081
141.8666,128.224369,37.855515,2990.3787792000003,83.19,9.23,322.614,0.9662613046125081
141.8833,128.224332,37.855544,2990.8966344,83.247,9.228,322.824,0.9662613046125081
141.9,128.224296,37.855574,2991.4147944,83.304,9.226,323.035,0.9662613046125081
141.9166,128.224261,37.855603,2991.9332592,83.362,9.224,323.246,0.9662613046125081
141.9333,128.224225,37.855633,2992.4520288,83.418,9.222,323.458,0.9662613046125081
141.95,128.224189,37.855663,2992.9707984,83.475,9.22,323.672,0.9662613046125081
141.9666,128.224154,37.855693,2993.4901776,83.532,9.217,323.887,0.9662613046125081
141.9833,128.224119,37.855723,2994.0098616,83.588,9.215,324.102,0.9662613046125081
142.0,128.224083,37.855753,2994.5295456000003,83.644,9.212,324.317,0.9662613046125081
142.0166,128.224048,37.855783,2995.0495344,83.7,9.209,324.532,0.9662613046125081
142.0333,128.224014,37.855813,2995.569828,83.756,9.206,324.749,0.9662613046125081
142.05,128.223979,37.855844,2996.0901215999997,83.811,9.203,324.968,0.9662613046125081
142.0666,128.223944,37.855874,2996.61072,83.866,9.199,325.187,0.9662613046125081
142.0833,128.22391,37.855905,2997.1313184,83.921,9.196,325.407,0.9662613046125081
142.1,128.223875,37.855936,2997.6525263999997,83.976,9.192,325.627,0.9662613046125081
142.1166,128.223841,37.855966,2998.1734296,84.03,9.189,325.847,0.9662613046125081
142.1333,128.223807,37.855997,2998.6946376,84.083,9.185,326.069,0.9662613046125081
142.15,128.223773,37.856028,2999.2161504,84.137,9.181,326.292,0.9662613046125081
142.1666,128.223739,37.85606,2999.7373584,84.19,9.177,326.517,0.9662613046125081
142.1833,128.223706,37.856091,3000.2591760000005,84.242,9.173,326.742,0.9662613046125081
142.2,128.223672,37.856122,3000.7806888,84.294,9.168,326.967,0.9662613046125081
142.2166,128.223639,37.856153,3001.3025064,84.345,9.164,327.192,0.9662613046125081
142.2333,128.223606,37.856185,3001.8246288,84.539,9.143,327.416,0.9662613046125081
142.25,128.223573,37.856217,3002.3467511999997,84.867,9.105,327.639,0.9662613046125081
142.2666,128.22354,37.856248,3002.8679592000003,85.334,9.058,327.862,0.9662613046125081
142.2833,128.223507,37.85628,3003.3882528000004,85.942,9.007,328.084,0.9662613046125081
142.3,128.223474,37.856312,3003.9076320000004,86.689,8.954,328.305,0.9662613046125081
142.3166,128.223442,37.856344,3004.4257920000005,87.568,8.899,328.526,0.9662613046125081
142.3333,128.223409,37.856376,3004.9424280000003,88.573,8.842,328.751,0.9662613046125081
142.35,128.223376,37.856408,3005.45754,89.696,8.782,328.979,0.9662613046125081
142.3666,128.223344,37.85644,3005.971128,90.931,8.717,329.209,0.9662613046125081
142.3833,128.223312,37.856472,3006.4828872000003,92.27,8.646,329.438,0.9662613046125081
142.4,128.223279,37.856504,3006.9928176,93.708,8.569,329.665,0.9662613046125081
142.4166,128.223247,37.856537,3007.5006144000004,95.24,8.486,329.889,0.9662613046125081
142.4333,128.223215,37.856569,3008.0056680000002,96.845,8.395,330.119,0.9662613046125081
142.45,128.223183,37.856602,3008.5079784000004,98.506,8.299,330.355,0.9662613046125081
142.4666,128.223151,37.856634,3009.006936,100.211,8.196,330.593,0.9662613046125081
142.4833,128.223119,37.856667,3009.5025408,101.949,8.088,330.829,0.9662613046125081
142.5,128.223087,37.8567,3009.9941832,103.711,7.972,331.061,0.9662613046125081
142.5166,128.223056,37.856732,3010.4818632,105.492,7.848,331.288,0.9662613046125081
142.5333,128.223024,37.856765,3010.963752,107.16,7.727,331.524,0.9662613046125081
142.55,128.222993,37.856798,3011.4404592,108.717,7.608,331.77,0.9662613046125081
142.5666,128.222962,37.856831,3011.9113752000003,110.171,7.485,332.019,0.9662613046125081
142.5833,128.222931,37.856865,3012.3761952,111.534,7.352,332.267,0.9662613046125081
142.6,128.2229,37.856898,3012.8340048,112.821,7.206,332.51,0.9662613046125081
142.6166,128.222869,37.856931,3013.2841943999997,114.048,7.048,332.747,0.9662613046125081
142.6333,128.222838,37.856965,3013.7288976,115.365,6.87,332.956,0.9662613046125081
142.65,128.222808,37.856998,3014.1668952,116.769,6.684,333.121,0.9662613046125081
142.6666,128.222778,37.857032,3014.5978824000003,118.272,6.506,333.231,0.9662613046125081
142.6833,128.222747,37.857066,3015.0230784000005,119.875,6.352,333.272,0.9662613046125081
142.7,128.222717,37.857099,3015.442788,121.574,6.23,333.231,0.9662613046125081
142.7166,128.222687,37.857133,3015.857316,123.366,6.139,333.12,0.9662613046125081
142.7333,128.222657,37.857167,3016.267272,125.253,6.069,332.955,0.9662613046125081
142.75,128.222626,37.857201,3016.6732656,127.234,6.011,332.755,0.9662613046125081
142.7666,128.222596,37.857235,3017.0762112,129.309,5.953,332.535,0.9662613046125081
142.7833,128.222566,37.857269,3017.4761088,131.48,5.885,332.309,0.9662613046125081
142.8,128.222536,37.857303,3017.8726536,133.746,5.8,332.086,0.9662613046125081
142.8166,128.222506,37.857337,3018.2667600000004,136.105,5.698,331.864,0.9662613046125081
142.8333,128.222476,37.857371,3018.6587328000005,138.554,5.584,331.639,0.9662613046125081
142.85,128.222446,37.857405,3019.0482672,141.091,5.464,331.407,0.9662613046125081
142.8666,128.222416,37.857439,3019.4362776000003,143.711,5.34,331.166,0.9662613046125081
142.8833,128.222386,37.857474,3019.8227640000005,146.413,5.217,330.915,0.9662613046125081
142.9,128.222356,37.857508,3020.2080312,149.194,5.096,330.656,0.9662613046125081
142.9166,128.222326,37.857542,3020.592384,152.05,4.979,330.39,0.9662613046125081
142.9333,128.222296,37.857576,3020.9764320000004,154.977,4.868,330.116,0.9662613046125081
142.95,128.222266,37.857611,3021.3598704,157.974,4.766,329.837,0.9662613046125081
142.9666,128.222235,37.857645,3021.7436136,161.035,4.673,329.555,0.9662613046125081
142.9833,128.222205,37.85768,3022.1273568,164.156,4.592,329.271,0.9662613046125081
143.0,128.222175,37.857714,3022.5104904,167.322,4.523,328.988,0.9662613046125081
143.0166,128.222145,37.857748,3022.8930144000005,170.524,4.468,328.71,0.9662613046125081
143.0333,128.222115,37.857783,3023.2752336,173.751,4.426,328.441,0.9662613046125081
143.05,128.222085,37.857817,3023.6568432000004,176.997,4.399,328.182,0.9662613046125081
143.0666,128.222054,37.857852,3024.0384528000004,-179.744,4.385,327.937,0.9662613046125081
143.0833,128.222024,37.857886,3024.4200624000005,-176.479,4.384,327.708,0.9662613046125081
143.1,128.221994,37.857921,3024.8013671999997,-173.209,4.394,327.499,0.9662613046125081
143.1166,128.221964,37.857956,3025.1832816,-169.938,4.413,327.31,0.9662613046125081
143.1333,128.221933,37.85799,3025.5645864000003,-166.667,4.423,327.141,0.9662613046125081
143.15,128.221903,37.858025,3025.9458912,-163.396,4.414,326.989,0.9662613046125081
143.1666,128.221873,37.858059,3026.3275008000005,-160.126,4.392,326.856,0.9662613046125081
143.1833,128.221842,37.858094,3026.7091104,-156.858,4.361,326.744,0.9662613046125081
143.2,128.221812,37.858129,3027.0913296000003,-153.593,4.325,326.656,0.9662613046125081
143.2166,128.221782,37.858164,3027.4732440000002,-150.33,4.284,326.591,0.9662613046125081
143.2333,128.221752,37.858198,3027.8545488000004,-147.091,4.226,326.533,0.9662613046125081
143.25,128.221721,37.858233,3028.2343296000004,-143.894,4.143,326.459,0.9662613046125081
143.2666,128.221691,37.858268,3028.6128912000004,-140.748,4.024,326.353,0.9662613046125081
143.2833,128.221661,37.858303,3028.9899288,-137.649,3.876,326.209,0.9662613046125081
143.3,128.22163,37.858338,3029.3660520000003,-134.589,3.713,326.037,0.9662613046125081
143.3166,128.2216,37.858372,3029.7403464000004,-131.561,3.549,325.847,0.9662613046125081
143.3333,128.22157,37.858407,3030.1125072000004,-128.559,3.373,325.625,0.9662613046125081
143.35,128.22154,37.858442,3030.4819248,-125.579,3.179,325.354,0.9662613046125081
143.3666,128.221509,37.858477,3030.8485992,-122.615,2.973,325.039,0.9662613046125081
143.3833,128.221479,37.858512,3031.2122256000002,-119.665,2.77,324.695,0.9662613046125081
143.4,128.221449,37.858547,3031.5721943999997,-116.726,2.58,324.338,0.9662613046125081
143.4166,128.221418,37.858582,3031.9288103999997,-113.8,2.411,323.977,0.9662613046125081
143.4333,128.221388,37.858617,3032.2808544,-111.1,2.237,323.603,0.9662613046125081
143.45,128.221357,37.858653,3032.6277168,-108.616,2.054,323.204,0.9662613046125081
143.4666,128.221327,37.858688,3032.9684832,-106.32,1.879,322.784,0.9662613046125081
143.4833,128.221296,37.858723,3033.3028488000004,-104.18,1.728,322.352,0.9662613046125081
143.5,128.221265,37.858758,3033.6314232000004,-102.161,1.606,321.917,0.9662613046125081
143.5166,128.221234,37.858793,3033.9542064,-100.227,1.515,321.485,0.9662613046125081
143.5333,128.221204,37.858827,3034.271808,-98.547,1.429,321.047,0.9662613046125081
143.55,128.221172,37.858862,3034.584228,-97.096,1.342,320.603,0.9662613046125081
143.5666,128.221141,37.858897,3034.8905520000003,-95.846,1.264,320.159,0.9662613046125081
143.5833,128.22111,37.858932,3035.1913896000005,-94.76,1.203,319.718,0.9662613046125081
143.6,128.221078,37.858966,3035.4870456000003,-93.803,1.162,319.284,0.9662613046125081
143.6166,128.221047,37.859001,3035.7778248,-92.937,1.141,318.858,0.9662613046125081
143.6333,128.221015,37.859035,3036.0643368,-92.258,1.123,318.438,0.9662613046125081
143.65,128.220983,37.85907,3036.3462768,-91.74,1.105,318.025,0.9662613046125081
143.6666,128.220951,37.859104,3036.6239496,-91.353,1.09,317.618,0.9662613046125081
143.6833,128.220918,37.859138,3036.8973552,-91.068,1.083,317.219,0.9662613046125081
143.7,128.220886,37.859172,3037.1664936,-90.864,1.085,316.826,0.9662613046125081
143.7166,128.220853,37.859206,3037.4319744,-90.717,1.094,316.441,0.9662613046125081
143.7333,128.22082,37.85924,3037.6937976,-90.657,1.105,316.062,0.9662613046125081
143.75,128.220787,37.859273,3037.9519632,-90.669,1.113,315.689,0.9662613046125081
143.7666,128.220754,37.859307,3038.2061664000003,-90.737,1.122,315.322,0.9662613046125081
143.7833,128.220721,37.85934,3038.456712,-90.851,1.131,314.961,0.9662613046125081
143.8,128.220687,37.859374,3038.7036000000003,-91.0,1.141,314.605,0.9662613046125081
143.8166,128.220653,37.859407,3038.9468304,-91.176,1.152,314.254,0.9662613046125081
143.8333,128.220619,37.85944,3039.1864032000003,-91.374,1.163,313.907,0.9662613046125081
143.85,128.220585,37.859473,3039.4223184,-91.588,1.172,313.565,0.9662613046125081
143.8666,128.220551,37.859506,3039.6542712000005,-91.814,1.18,313.227,0.9662613046125081
143.8833,128.220517,37.859539,3039.8825664,-92.051,1.186,312.894,0.9662613046125081
143.9,128.220482,37.859572,3040.107204,-92.295,1.189,312.564,0.9662613046125081
143.9166,128.220447,37.859604,3040.3278792,-92.546,1.191,312.239,0.9662613046125081
143.9333,128.220412,37.859637,3040.544592,-92.788,1.191,311.917,0.9662613046125081
143.95,128.220377,37.859669,3040.7573423999997,-93.022,1.191,311.599,0.9662613046125081
143.9666,128.220342,37.859701,3040.9661304000006,-93.248,1.189,311.284,0.9662613046125081
143.9833,128.220307,37.859733,3041.170956,-93.468,1.185,310.972,0.9662613046125081
144.0,128.220271,37.859765,3041.3715144000003,-93.683,1.177,310.663,0.9662613046125081
144.0166,128.220235,37.859797,3041.5681104,-93.897,1.167,310.358,0.9662613046125081
144.0333,128.220199,37.859829,3041.760744,-94.093,1.156,310.055,0.9662613046125081
144.05,128.220163,37.859861,3041.9488056000005,-94.273,1.145,309.755,0.9662613046125081
144.0666,128.220127,37.859892,3042.1329048000002,-94.441,1.132,309.458,0.9662613046125081
144.0833,128.220091,37.859924,3042.312432,-94.599,1.116,309.163,0.9662613046125081
144.1,128.220054,37.859955,3042.4879968,-94.749,1.099,308.87,0.9662613046125081
144.1166,128.220018,37.859986,3042.6589896000005,-94.895,1.079,308.581,0.9662613046125081
144.1333,128.219981,37.860017,3042.8257152,-95.025,1.059,308.293,0.9662613046125081
144.15,128.219944,37.860048,3042.9881736,-95.142,1.038,308.007,0.9662613046125081
144.1666,128.219906,37.860079,3043.1457552,-95.248,1.015,307.723,0.9662613046125081
144.1833,128.219869,37.86011,3043.2993744,-95.345,0.992,307.442,0.9662613046125081
144.2,128.219832,37.86014,3043.4481168,-95.437,0.966,307.162,0.9662613046125081
144.2166,128.219794,37.860171,3043.5925920000004,-95.524,0.939,306.883,0.9662613046125081
144.2333,128.219756,37.860201,3043.7324952,-95.601,0.912,306.607,0.9662613046125081
144.25,128.219718,37.860231,3043.8681312,-95.669,0.884,306.332,0.9662613046125081
144.2666,128.21968,37.860261,3043.9988904,-95.73,0.855,306.058,0.9662613046125081
144.2833,128.219642,37.860291,3044.1250776,-95.786,0.825,305.786,0.9662613046125081
144.3,128.219603,37.860321,3044.2469976,-95.838,0.794,305.515,0.9662613046125081
144.3166,128.219565,37.860351,3044.3640408,-95.888,0.762,305.245,0.9662613046125081
144.3333,128.219526,37.86038,3044.476512,-95.932,0.73,304.977,0.9662613046125081
144.35,128.219487,37.86041,3044.5844112,-95.971,0.697,304.709,0.9662613046125081
144.3666,128.219448,37.860439,3044.6877384,-96.006,0.664,304.442,0.9662613046125081
144.3833,128.219409,37.860468,3044.7864936,-96.039,0.63,304.177,0.9662613046125081
144.4,128.219369,37.860497,3044.880372,-96.069,0.595,303.912,0.9662613046125081
144.4166,128.21933,37.860526,3044.9699832,-96.099,0.559,303.648,0.9662613046125081
144.4333,128.21929,37.860555,3045.0547176,-96.126,0.523,303.385,0.9662613046125081
144.45,128.21925,37.860583,3045.13488,-96.151,0.487,303.123,0.9662613046125081
144.4666,128.21921,37.860612,3045.2101656,-96.174,0.45,302.861,0.9662613046125081
144.4833,128.21917,37.86064,3045.281184,-96.196,0.413,302.6,0.9662613046125081
144.5,128.21913,37.860668,3045.3473256,-96.218,0.375,302.34,0.9662613046125081
144.5166,128.21909,37.860696,3045.4088952,-96.239,0.336,302.08,0.9662613046125081
144.5333,128.219049,37.860724,3045.465588,-96.259,0.298,301.821,0.9662613046125081
144.55,128.219008,37.860752,3045.5180136000004,-96.278,0.259,301.562,0.9662613046125081
144.5666,128.218968,37.86078,3045.5655624000005,-96.296,0.219,301.304,0.9662613046125081
144.5833,128.218927,37.860807,3045.6082344,-96.314,0.179,301.046,0.9662613046125081
144.6,128.218885,37.860835,3045.6466392,-96.332,0.139,300.788,0.9662613046125081
144.6166,128.218844,37.860862,3045.6801671999997,-96.35,0.098,300.531,0.9662613046125081
144.6333,128.218803,37.860889,3045.7088184000004,-96.368,0.057,300.274,0.9662613046125081
144.65,128.218761,37.860916,3045.7332024,-96.384,0.016,300.018,0.9662613046125081
144.6666,128.218719,37.860943,3045.7527096000003,-96.401,-0.024,299.762,0.9662613046125081
144.6833,128.218678,37.860969,3045.76734,-96.417,-0.066,299.506,0.9662613046125081
144.7,128.218636,37.860996,3045.7773984000005,-96.433,-0.109,299.251,0.9662613046125081
144.7166,128.218593,37.861022,3045.7828848000004,-96.449,-0.151,298.996,0.9662613046125081
144.7333,128.218551,37.861048,3045.7837992,-96.464,-0.194,298.741,0.9662613046125081
144.75,128.218509,37.861074,3045.7798368000003,-96.479,-0.238,298.486,0.9662613046125081
144.7666,128.218466,37.8611,3045.7713024,-96.493,-0.281,298.232,0.9662613046125081
144.7833,128.218424,37.861126,3045.7578912000004,-96.507,-0.325,297.978,0.9662613046125081
144.8,128.218381,37.861152,3045.739908,-96.521,-0.369,297.724,0.9662613046125081
144.8166,128.218338,37.861177,3045.7173528000003,-96.535,-0.414,297.47,0.9662613046125081
144.8333,128.218295,37.861202,3045.6899208000004,-96.547,-0.458,297.217,0.9662613046125081
144.85,128.218251,37.861228,3045.6579168000003,-96.559,-0.503,296.964,0.9662613046125081
144.8666,128.218208,37.861253,3045.621036,-96.57,-0.548,296.71,0.9662613046125081
144.8833,128.218165,37.861278,3045.5795832,-96.581,-0.594,296.458,0.9662613046125081
144.9,128.218121,37.861302,3045.5335584,-96.591,-0.639,296.205,0.9662613046125081
144.9166,128.218077,37.861327,3045.4826568000003,-96.601,-0.685,295.952,0.9662613046125081
144.9333,128.218033,37.861351,3045.4271832,-96.61,-0.732,295.7,0.9662613046125081
144.95,128.217989,37.861376,3045.3668328000003,-96.617,-0.778,295.447,0.9662613046125081
144.9666,128.217945,37.8614,3045.3019104,-96.624,-0.824,295.195,0.9662613046125081
144.9833,128.217901,37.861424,3045.2324160000003,-96.63,-0.871,294.943,0.9662613046125081
145.0,128.217857,37.861448,3045.1580448,-96.636,-0.918,294.692,0.9662613046125081
145.0166,128.217812,37.861471,3045.0787968,-96.641,-0.965,294.44,0.9662613046125081
145.0333,128.217768,37.861495,3044.9949768,-96.645,-1.013,294.188,0.9662613046125081
145.05,128.217723,37.861518,3044.9065848000005,-96.648,-1.06,293.937,0.9662613046125081
145.0666,128.217678,37.861541,3044.8136208,-96.65,-1.108,293.685,0.9662613046125081
145.0833,128.217633,37.861565,3044.7157800000004,-96.651,-1.156,293.434,0.9662613046125081
145.1,128.217588,37.861587,3044.6130624,-96.651,-1.204,293.183,0.9662613046125081
145.1166,128.217543,37.86161,3044.5057728,-96.651,-1.252,292.932,0.9662613046125081
145.1333,128.217497,37.861633,3044.3939112000003,-96.65,-1.3,292.681,0.9662613046125081
145.15,128.217452,37.861655,3044.2771728000002,-96.647,-1.349,292.43,0.9662613046125081
145.1666,128.217406,37.861678,3044.1558624000004,-96.643,-1.397,292.18,0.9662613046125081
145.1833,128.217361,37.8617,3044.0296752000004,-96.639,-1.446,291.929,0.9662613046125081
145.2,128.217315,37.861722,3043.8992208000004,-96.634,-1.494,291.678,0.9662613046125081
145.2166,128.217269,37.861744,3043.7635848000004,-96.628,-1.543,291.428,0.9662613046125081
145.2333,128.217223,37.861765,3043.6236816,-96.621,-1.592,291.178,0.9662613046125081
145.25,128.217177,37.861787,3043.4789016,-96.613,-1.641,290.927,0.9662613046125081
145.2666,128.217131,37.861808,3043.3292448,-96.604,-1.69,290.677,0.9662613046125081
145.2833,128.217084,37.861829,3043.175016,-96.594,-1.739,290.427,0.9662613046125081
145.3,128.217038,37.86185,3043.0162152,-96.583,-1.788,290.177,0.9662613046125081
145.3166,128.216991,37.861871,3042.8528424,-96.572,-1.838,289.927,0.9662613046125081
145.3333,128.216945,37.861892,3042.6845928000002,-96.559,-1.887,289.677,0.9662613046125081
145.35,128.216898,37.861912,3042.5117712,-96.546,-1.936,289.427,0.9662613046125081
145.3666,128.216851,37.861933,3042.3343776,-96.531,-1.985,289.177,0.9662613046125081
145.3833,128.216804,37.861953,3042.1521072,-96.515,-2.035,288.927,0.9662613046125081
145.4,128.216757,37.861973,3041.9652647999997,-96.499,-2.084,288.678,0.9662613046125081
145.4166,128.21671,37.861993,3041.7738504000004,-96.483,-2.133,288.428,0.9662613046125081
145.4333,128.216662,37.862013,3041.5778640000003,-96.465,-2.183,288.178,0.9662613046125081
145.45,128.216615,37.862032,3041.3770008,-96.446,-2.232,287.929,0.9662613046125081
145.4666,128.216567,37.862052,3041.1715656,-96.426,-2.281,287.679,0.9662613046125081
145.4833,128.21652,37.862071,3040.9615584,-96.405,-2.331,287.429,0.9662613046125081
145.5,128.216472,37.86209,3040.7469792,-96.384,-2.38,287.18,0.9662613046125081
145.5166,128.216424,37.862109,3040.527828,-96.362,-2.429,286.93,0.9662613046125081
145.5333,128.216376,37.862128,3040.3041048,-96.339,-2.478,286.681,0.9662613046125081
145.55,128.216328,37.862146,3040.0755048,-96.315,-2.527,286.432,0.9662613046125081
145.5666,128.21628,37.862165,3039.8423328000003,-96.29,-2.576,286.182,0.9662613046125081
145.5833,128.216232,37.862183,3039.6048936,-96.264,-2.625,285.933,0.9662613046125081
145.6,128.216184,37.862201,3039.3625776000003,-96.237,-2.674,285.683,0.9662613046125081
145.6166,128.216135,37.862219,3039.1159944,-96.211,-2.723,285.434,0.9662613046125081
145.6333,128.216087,37.862237,3038.8645344,-96.183,-2.772,285.185,0.9662613046125081
145.65,128.216038,37.862255,3038.6085024000004,-96.154,-2.821,284.935,0.9662613046125081
145.6666,128.21599,37.862272,3038.3482032,-96.124,-2.869,284.686,0.9662613046125081
145.6833,128.215941,37.862289,3038.083332,-96.093,-2.918,284.437,0.9662613046125081
145.7,128.215892,37.862307,3037.813584,-96.062,-2.966,284.188,0.9662613046125081
145.7166,128.215843,37.862323,3037.5395688000003,-96.03,-3.014,283.938,0.9662613046125081
145.7333,128.215794,37.86234,3037.2609816,-95.998,-3.062,283.689,0.9662613046125081
145.75,128.215745,37.862357,3036.9781272,-95.964,-3.11,283.44,0.9662613046125081
145.7666,128.215696,37.862373,3036.6903960000004,-95.93,-3.158,283.191,0.9662613046125081
145.7833,128.215647,37.86239,3036.3983976,-95.895,-3.206,282.941,0.9662613046125081
145.8,128.215597,37.862406,3036.1018272,-95.859,-3.254,282.692,0.9662613046125081
145.8166,128.215548,37.862422,3035.8009896000003,-95.823,-3.301,282.443,0.9662613046125081
145.8333,128.215498,37.862437,3035.4955800000002,-95.786,-3.349,282.193,0.9662613046125081
145.85,128.215449,37.862453,3035.1855984000003,-95.748,-3.396,281.944,0.9662613046125081
145.8666,128.215399,37.862468,3034.8713496,-95.709,-3.443,281.695,0.9662613046125081
145.8833,128.215349,37.862484,3034.5525288,-95.67,-3.49,281.446,0.9662613046125081
145.9,128.2153,37.862499,3034.2294408000002,-95.63,-3.537,281.196,0.9662613046125081
145.9166,128.21525,37.862514,3033.9017808,-95.589,-3.583,280.947,0.9662613046125081
145.9333,128.2152,37.862528,3033.5698536,-95.548,-3.63,280.698,0.9662613046125081
145.95,128.21515,37.862543,3033.2336592,-95.506,-3.676,280.448,0.9662613046125081
145.9666,128.2151,37.862557,3032.8928928,-95.463,-3.722,280.199,0.9662613046125081
145.9833,128.215049,37.862572,3032.5478592000004,-95.42,-3.768,279.949,0.9662613046125081
146.0,128.214999,37.862586,3032.1985584,-95.376,-3.814,279.7,0.9662613046125081
146.0166,128.214949,37.8626,3031.8449904,-95.332,-3.859,279.451,0.9662613046125081
146.0333,128.214898,37.862613,3031.4868504,-95.287,-3.905,279.201,0.9662613046125081
146.05,128.214848,37.862627,3031.124748,-95.241,-3.95,278.952,0.9662613046125081
146.0666,128.214797,37.86264,3030.7580736000004,-95.195,-3.995,278.702,0.9662613046125081
146.0833,128.214747,37.862653,3030.3871320000003,-95.148,-4.039,278.453,0.9662613046125081
146.1,128.214696,37.862666,3030.0122280000005,-95.101,-4.084,278.203,0.9662613046125081
146.1166,128.214645,37.862679,3029.632752,-95.053,-4.128,277.954,0.9662613046125081
146.1333,128.214595,37.862692,3029.2490088,-95.004,-4.172,277.704,0.9662613046125081
146.15,128.214544,37.862704,3028.8613032000003,-94.955,-4.216,277.454,0.9662613046125081
146.1666,128.214493,37.862717,3028.4693304,-94.906,-4.26,277.205,0.9662613046125081
146.1833,128.214442,37.862729,3028.0730904,-94.856,-4.303,276.955,0.9662613046125081
146.2,128.214391,37.862741,3027.6725831999997,-94.805,-4.347,276.705,0.9662613046125081
146.2166,128.21434,37.862753,3027.2681136,-94.754,-4.39,276.456,0.9662613046125081
146.2333,128.214289,37.862764,3026.8593768,-94.703,-4.432,276.206,0.9662613046125081
146.25,128.214237,37.862776,3026.4466776000004,-94.651,-4.475,275.956,0.9662613046125081
146.2666,128.214186,37.862787,3026.0297112000003,-94.599,-4.517,275.706,0.9662613046125081
146.2833,128.214135,37.862798,3025.6087824,-94.546,-4.559,275.456,0.9662613046125081
146.3,128.214083,37.862809,3025.1835864,-94.493,-4.601,275.206,0.9662613046125081
146.3166,128.214032,37.86282,3024.754428,-94.439,-4.643,274.957,0.9662613046125081
146.3333,128.21398,37.86283,3024.3213072000003,-94.385,-4.684,274.707,0.9662613046125081
146.35,128.213929,37.862841,3023.8839192000005,-94.331,-4.725,274.457,0.9662613046125081
146.3666,128.213877,37.862851,3023.4425688,-94.276,-4.766,274.207,0.9662613046125081
146.3833,128.213826,37.862861,3022.9975608,-94.221,-4.807,273.956,0.9644449663482791
146.4,128.213774,37.862871,3022.5482856,-94.166,-4.847,273.706,0.9626238345835847
146.4166,128.213722,37.86288,3022.095048,-94.11,-4.887,273.456,0.9586562073314149
146.4333,128.213671,37.86289,3021.6378480000003,-94.054,-4.927,273.206,0.9546691844755568
146.45,128.213619,37.862899,3021.1766856,-93.998,-4.966,272.956,0.9506628470761843
146.4666,128.213567,37.862908,3020.7115608,-93.941,-5.006,272.705,0.9466386274637972
146.4833,128.213515,37.862917,3020.2427784000006,-93.884,-5.045,272.455,0.9447943692572184
146.5,128.213463,37.862926,3019.7697288,-93.827,-5.084,272.205,0.9429452661355688
146.5166,128.213411,37.862935,3019.2933264,-93.77,-5.122,271.954,0.9410916837635876
146.5333,128.213359,37.862943,3018.8126568000002,-93.712,-5.16,271.704,0.9410916837635876
146.55,128.213307,37.862951,3018.3283296,-93.655,-5.198,271.453,0.9410916837635876
146.5666,128.213255,37.862959,3017.84004,-93.597,-5.236,271.203,0.9410916837635876
146.5833,128.213203,37.862967,3017.3480928,-93.539,-5.274,270.952,0.9410916837635876
146.6,128.21315,37.862975,3016.852488,-93.481,-5.311,270.702,0.9410916837635876
146.6166,128.213098,37.862982,3016.3529208000004,-93.422,-5.348,270.451,0.9410916837635876
146.6333,128.213046,37.86299,3015.849696,-93.364,-5.385,270.2,0.9410916837635876
146.65,128.212994,37.862997,3015.3428136,-93.306,-5.421,269.949,0.9410916837635876
146.6666,128.212941,37.863004,3014.8319688,-93.247,-5.457,269.699,0.9410916837635876
146.6833,128.212889,37.863011,3014.3177712,-93.189,-5.493,269.448,0.9410916837635876
146.7,128.212836,37.863017,3013.7996112,-93.13,-5.529,269.197,0.9410916837635876
146.7166,128.212784,37.863024,3013.2780984,-93.071,-5.564,268.946,0.9410916837635876
146.7333,128.212732,37.86303,3012.7526232000005,-93.013,-5.599,268.695,0.9410916837635876
146.75,128.212679,37.863036,3012.2237952,-92.954,-5.634,268.444,0.9410916837635876
146.7666,128.212627,37.863042,3011.6913096000003,-92.896,-5.669,268.193,0.9410916837635876
146.7833,128.212574,37.863047,3011.1551664000003,-92.837,-5.703,267.941,0.9410916837635876
146.8,128.212522,37.863053,3010.6153656,-92.779,-5.737,267.69,0.9410916837635876
146.8166,128.212469,37.863058,3010.0722120000005,-92.72,-5.771,267.439,0.9410916837635876
146.8333,128.212416,37.863063,3009.5254008,-92.662,-5.805,267.188,0.9410916837635876
146.85,128.212364,37.863068,3008.9752368000004,-92.604,-5.838,266.936,0.9410916837635876
146.8666,128.212311,37.863073,3008.4214152,-92.546,-5.871,266.685,0.9410916837635876
146.8833,128.212258,37.863078,3007.8642408,-92.489,-5.904,266.433,0.9410916837635876
146.9,128.212206,37.863082,3007.3037136000003,-92.431,-5.937,266.182,0.9410916837635876
146.9166,128.212153,37.863086,3006.7395288,-92.374,-5.969,265.93,0.9410916837635876
146.9333,128.2121,37.86309,3006.172296,-92.317,-6.001,265.679,0.9410916837635876
146.95,128.212048,37.863094,3005.6014056000004,-92.26,-6.033,265.427,0.9410916837635876
146.9666,128.211995,37.863098,3005.0271624,-92.203,-6.064,265.175,0.9410916837635876
146.9833,128.211942,37.863102,3004.4495664,-92.147,-6.096,264.924,0.9410916837635876
147.0,128.211889,37.863105,3003.8686176,-92.091,-6.127,264.672,0.9410916837635876
147.0166,128.211836,37.863108,3003.284316,-92.034,-6.158,264.42,0.9410916837635876
147.0333,128.211784,37.863111,3002.6966616000004,-91.979,-6.188,264.168,0.9410916837635876
147.05,128.211731,37.863114,3002.1056544000003,-91.924,-6.219,263.916,0.9410916837635876
147.0666,128.211678,37.863116,3001.5115992,-91.869,-6.249,263.664,0.9410916837635876
147.0833,128.211625,37.863119,3000.9141912,-91.814,-6.279,263.412,0.9410916837635876
147.1,128.211572,37.863121,3000.3137352000003,-91.759,-6.309,263.16,0.9410916837635876
147.1166,128.211519,37.863123,2999.7099264,-91.705,-6.338,262.908,0.9410916837635876
147.1333,128.211467,37.863125,2999.1027648,-91.651,-6.367,262.656,0.9410916837635876
147.15,128.211414,37.863127,2998.4925552000004,-91.598,-6.396,262.403,0.9410916837635876
147.1666,128.211361,37.863128,2997.8792976,-91.545,-6.425,262.151,0.9410916837635876
147.1833,128.211308,37.863129,2997.2626872000005,-91.492,-6.454,261.899,0.9410916837635876
147.2,128.211255,37.86313,2996.6430288,-91.44,-6.482,261.646,0.9410916837635876
147.2166,128.211202,37.863131,2996.0203224,-91.387,-6.51,261.394,0.9410916837635876
147.2333,128.211149,37.863132,2995.3936536,-91.224,-6.526,261.153,0.9410916837635876
147.25,128.211097,37.863133,2994.7645464,-90.956,-6.53,260.922,0.9410916837635876
147.2666,128.211044,37.863133,2994.1323912000003,-90.579,-6.527,260.698,0.9410916837635876
147.2833,128.210991,37.863134,2993.4977976,-90.092,-6.521,260.477,0.9410916837635876
147.3,128.210938,37.863134,2992.8607656,-89.496,-6.513,260.257,0.9410916837635876
147.3166,128.210885,37.863134,2992.2216000000003,-88.796,-6.504,260.037,0.9410916837635876
147.3333,128.210832,37.863134,2991.5799960000004,-87.998,-6.493,259.816,0.9410916837635876
147.35,128.210779,37.863134,2990.9362584,-87.107,-6.478,259.594,0.9410916837635876
147.3666,128.210726,37.863133,2990.2903872,-86.129,-6.459,259.373,0.9410916837635876
147.3833,128.210673,37.863133,2989.6429920000005,-85.068,-6.436,259.154,0.9410916837635876
147.4,128.21062,37.863132,2988.9940728,-83.928,-6.407,258.937,0.9410916837635876
147.4166,128.210567,37.863131,2988.3439344000003,-82.714,-6.371,258.722,0.9410916837635876
147.4333,128.210514,37.86313,2987.6931864000003,-81.491,-6.336,258.506,0.9410916837635876
147.45,128.210461,37.863129,2987.0421336,-80.269,-6.301,258.289,0.9410916837635876
147.4666,128.210408,37.863128,2986.390776,-79.056,-6.263,258.071,0.9410916837635876
147.4833,128.210355,37.863127,2985.7397232000003,-77.853,-6.22,257.856,0.9410916837635876
147.5,128.210302,37.863125,2985.0895848000005,-76.661,-6.17,257.644,0.9410916837635876
147.5166,128.210249,37.863124,2984.4403608000002,-75.479,-6.112,257.435,0.9410916837635876
147.5333,128.210197,37.863122,2983.7911368000005,-74.233,-6.043,257.251,0.9410916837635876
147.55,128.210144,37.86312,2983.1428272000003,-72.927,-5.971,257.107,0.9410916837635876
147.5666,128.210091,37.863118,2982.495432,-71.558,-5.905,257.021,0.9410916837635876
147.5833,128.210038,37.863116,2981.8489512,-70.124,-5.856,257.008,0.9410916837635876
147.6,128.209985,37.863113,2981.2024704,-68.626,-5.834,257.084,0.9410916837635876
147.6166,128.209932,37.863111,2980.556904,-67.062,-5.836,257.228,0.9410916837635876
147.6333,128.209879,37.863108,2979.9119472,-65.431,-5.856,257.42,0.9410916837635876
147.65,128.209825,37.863106,2979.2679048,-63.729,-5.888,257.639,0.9410916837635876
147.6666,128.209772,37.863103,2978.6247768,-61.954,-5.925,257.866,0.9410916837635876
147.6833,128.209719,37.8631,2977.9825632,-60.102,-5.959,258.083,0.9410916837635876
147.7,128.209666,37.863097,2977.341264,-58.17,-5.985,258.281,0.9410916837635876
147.7166,128.209613,37.863095,2976.7008792,-56.159,-6.005,258.463,0.9410916837635876
147.7333,128.20956,37.863092,2976.0614088,-54.069,-6.022,258.633,0.9410916837635876
147.75,128.209507,37.863089,2975.4222432,-51.9,-6.039,258.797,0.9410916837635876
147.7666,128.209454,37.863086,2974.7836872000003,-49.655,-6.057,258.956,0.9410916837635876
147.7833,128.2094,37.863083,2974.1457408,-47.335,-6.076,259.112,0.9410916837635876
147.8,128.209347,37.863079,2973.5074896000006,-44.939,-6.097,259.264,0.9410916837635876
147.8166,128.209294,37.863076,2972.8695432,-42.47,-6.119,259.414,0.9410916837635876
147.8333,128.20924,37.863073,2972.2312920000004,-39.927,-6.142,259.562,0.9410916837635876
147.85,128.209187,37.86307,2971.592736,-37.313,-6.167,259.707,0.9410916837635876
147.8666,128.209134,37.863066,2970.9529608,-34.628,-6.192,259.85,0.9410916837635876
147.8833,128.20908,37.863063,2970.3125760000003,-31.875,-6.217,259.992,0.9410916837635876
147.9,128.209027,37.86306,2969.6703624000006,-29.056,-6.243,260.134,0.9410916837635876
147.9166,128.208973,37.863056,2969.0266248000003,-26.173,-6.27,260.275,0.9410916837635876
147.9333,128.20892,37.863053,2968.3804488000005,-23.228,-6.298,260.415,0.9410916837635876
147.95,128.208866,37.86305,2967.7321392000003,-20.222,-6.328,260.556,0.9410916837635876
147.9666,128.208813,37.863046,2967.0810864,-17.157,-6.359,260.695,0.9410916837635876
147.9833,128.208759,37.863043,2966.4269856,-14.039,-6.392,260.835,0.9410916837635876
148.0,128.208705,37.863039,2965.7707511999997,-10.876,-6.428,260.972,0.9410916837635876
148.0166,128.208652,37.863036,2965.1120784000004,-7.678,-6.466,261.105,0.9410916837635876
148.0333,128.208598,37.863032,2964.4503576,-4.453,-6.508,261.235,0.9410916837635876
148.05,128.208544,37.863029,2963.7861984,-1.204,-6.553,261.358,0.9410916837635876
148.0666,128.208491,37.863026,2963.1186864,2.061,-6.602,261.475,0.9410916837635876
148.0833,128.208437,37.863022,2962.4481264,5.342,-6.653,261.584,0.9410916837635876
148.1,128.208383,37.863018,2961.7739088000003,8.636,-6.706,261.685,0.9410916837635876
148.1166,128.208329,37.863015,2961.0963384,11.939,-6.76,261.775,0.9410916837635876
148.1333,128.208275,37.863011,2960.41572,15.249,-6.796,261.86,0.9410916837635876
148.15,128.208221,37.863008,2959.7317488000003,18.565,-6.795,261.945,0.9410916837635876
148.1666,128.208168,37.863004,2959.0450344,21.883,-6.742,262.039,0.9410916837635876
148.1833,128.208114,37.863001,2958.355272,25.196,-6.654,262.142,0.9410916837635876
148.2,128.20806,37.862997,2957.6624616000004,28.494,-6.551,262.254,0.9410916837635876
148.2166,128.208006,37.862993,2956.9662984,31.773,-6.445,262.371,0.9410916837635876
148.2333,128.207952,37.86299,2956.2680016,35.029,-6.324,262.506,0.9410916837635876
148.25,128.207898,37.862986,2955.5678760000005,38.262,-6.174,262.675,0.9410916837635876
148.2666,128.207843,37.862983,2954.8656168,41.472,-5.989,262.888,0.9410916837635876
148.2833,128.207789,37.862979,2954.1615288,44.666,-5.783,263.136,0.9410916837635876
148.3,128.207735,37.862975,2953.455612,47.847,-5.576,263.407,0.9410916837635876
148.3166,128.207681,37.862971,2952.7481712000003,51.015,-5.38,263.69,0.9410916837635876
148.3333,128.207627,37.862968,2952.0413399999998,54.065,-5.178,263.993,0.9410916837635876
148.35,128.207573,37.862964,2951.3360328000003,57.0,-4.962,264.334,0.9410916837635876
148.3666,128.207518,37.86296,2950.6322496000003,59.835,-4.742,264.713,0.9410916837635876
148.3833,128.207464,37.862957,2949.9306,62.587,-4.536,265.118,0.9410916837635876
148.4,128.20741,37.862953,2949.22956,65.275,-4.354,265.537,0.9410916837635876
148.4166,128.207355,37.86295,2948.5291296,67.918,-4.2,265.96,0.9410916837635876
148.4333,128.207301,37.862946,2947.8308328000003,70.3,-4.045,266.396,0.9410916837635876
148.45,128.207247,37.862943,2947.1340600000003,72.438,-3.885,266.85,0.9410916837635876
148.4666,128.207192,37.862939,2946.4400304000005,74.342,-3.734,267.317,0.9410916837635876
148.4833,128.207138,37.862936,2945.7487440000004,76.051,-3.605,267.789,0.9410916837635876
148.5,128.207083,37.862933,2945.059896,77.606,-3.505,268.262,0.9410916837635876
148.5166,128.207029,37.86293,2944.3734864000003,79.053,-3.434,268.731,0.9410916837635876
148.5333,128.206974,37.862927,2943.6889056000005,80.299,-3.377,269.199,0.9410916837635876
148.55,128.20692,37.862925,2943.0055440000006,81.367,-3.325,269.665,0.9410916837635876
148.5666,128.206865,37.862922,2942.3246208,82.266,-3.28,270.127,0.9410916837635876
148.5833,128.20681,37.862919,2941.6452216,83.003,-3.245,270.582,0.9410916837635876
148.6,128.206756,37.862917,2940.967956,83.612,-3.222,271.03,0.9410916837635876
148.6166,128.206701,37.862915,2940.2916048,84.123,-3.214,271.471,0.9410916837635876
148.6333,128.206646,37.862913,2939.6164728000003,84.498,-3.212,271.903,0.9410916837635876
148.65,128.206592,37.862912,2938.9425600000004,84.747,-3.212,272.326,0.9410916837635876
148.6666,128.206537,37.86291,2938.2698664000004,84.88,-3.214,272.741,0.9410916837635876
148.6833,128.206482,37.862909,2937.5980872000005,84.918,-3.22,273.149,0.9410916837635876
148.7,128.206428,37.862907,2936.9272224,84.884,-3.231,273.551,0.9410916837635876
148.7166,128.206373,37.862906,2936.2569672,84.796,-3.247,273.946,0.9410916837635876
148.7333,128.206318,37.862906,2935.5879312,84.641,-3.264,274.335,0.9410916837635876
148.75,128.206264,37.862905,2934.9195048,84.432,-3.28,274.717,0.9410916837635876
148.7666,128.206209,37.862905,2934.2519928,84.182,-3.296,275.092,0.9410916837635876
148.7833,128.206154,37.862904,2933.5857,83.9,-3.311,275.46,0.9410916837635876
148.8,128.2061,37.862904,2932.9200168,83.594,-3.326,275.823,0.9410916837635876
148.8166,128.206045,37.862905,2932.2555528000003,83.269,-3.341,276.181,0.9410916837635876
148.8333,128.20599,37.862905,2931.5920032000004,82.939,-3.355,276.533,0.9410916837635876
148.85,128.205936,37.862905,2930.929368,82.608,-3.368,276.881,0.9410916837635876
148.8666,128.205881,37.862906,2930.2682568,82.277,-3.38,277.223,0.9410916837635876
148.8833,128.205826,37.862907,2929.6083648,81.945,-3.389,277.561,0.9410916837635876
148.9,128.205772,37.862908,2928.9499968,81.611,-3.395,277.893,0.9410916837635876
148.9166,128.205717,37.862909,2928.2931528000004,81.276,-3.399,278.221,0.9410916837635876
148.9333,128.205663,37.862911,2927.6378328000005,80.958,-3.402,278.544,0.9410916837635876
148.95,128.205608,37.862912,2926.983732,80.656,-3.405,278.864,0.9410916837635876
148.9666,128.205553,37.862914,2926.3317647999997,80.367,-3.406,279.181,0.9410916837635876
148.9833,128.205499,37.862916,2925.6816264,80.089,-3.404,279.494,0.9410916837635876
149.0,128.205444,37.862918,2925.0333168,79.817,-3.4,279.803,0.9410916837635876
149.0166,128.205389,37.86292,2924.3871408,79.55,-3.393,280.108,0.9410916837635876
149.0333,128.205335,37.862923,2923.7424888,79.303,-3.385,280.41,0.9410916837635876
149.05,128.20528,37.862925,2923.1002752000004,79.073,-3.377,280.71,0.9410916837635876
149.0666,128.205226,37.862928,2922.4601952000003,78.858,-3.368,281.007,0.9410916837635876
149.0833,128.205171,37.862931,2921.8222488000006,78.653,-3.357,281.301,0.9410916837635876
149.1,128.205117,37.862935,2921.1867408000003,78.456,-3.343,281.593,0.9410916837635876
149.1166,128.205062,37.862938,2920.5539760000006,78.263,-3.328,281.882,0.9410916837635876
149.1333,128.205008,37.862942,2919.92304,78.086,-3.312,282.168,0.9410916837635876
149.15,128.204953,37.862945,2919.2948472,77.923,-3.295,282.453,0.9410916837635876
149.1666,128.204899,37.862949,2918.6690928000003,77.769,-3.277,282.736,0.9410916837635876
149.1833,128.204845,37.862954,2918.0460816,77.623,-3.259,283.017,0.9410916837635876
149.2,128.20479,37.862958,2917.4255088,77.483,-3.238,283.296,0.9410916837635876
149.2166,128.204736,37.862962,2916.807984,77.346,-3.216,283.573,0.9410916837635876
149.2333,128.204681,37.862967,2916.1928976,77.218,-3.194,283.848,0.9410916837635876
149.25,128.204627,37.862972,2915.5805544,77.099,-3.171,284.122,0.9410916837635876
149.2666,128.204573,37.862977,2914.9712592,76.985,-3.147,284.395,0.9410916837635876
149.2833,128.204519,37.862982,2914.3647072000003,76.876,-3.122,284.667,0.9410916837635876
149.3,128.204464,37.862988,2913.7612032,76.771,-3.097,284.937,0.9410916837635876
149.3166,128.20441,37.862994,2913.1604423999997,76.667,-3.07,285.206,0.9410916837635876
149.3333,128.204356,37.862999,2912.5627296000002,76.568,-3.043,285.475,0.9410916837635876
149.35,128.204302,37.863005,2911.9680648,76.473,-3.015,285.742,0.9410916837635876
149.3666,128.204248,37.863012,2911.3761432,76.38,-2.986,286.008,0.9410916837635876
149.3833,128.204194,37.863018,2910.7875744,76.291,-2.957,286.273,0.9410916837635876
149.4,128.20414,37.863025,2910.2020536,76.202,-2.927,286.538,0.9410916837635876
149.4166,128.204086,37.863031,2909.6198856,76.114,-2.897,286.802,0.9410916837635876
149.4333,128.204032,37.863038,2909.0407656,76.028,-2.865,287.065,0.9410916837635876
149.45,128.203978,37.863045,2908.4646936000004,75.945,-2.833,287.327,0.9410916837635876
149.4666,128.203924,37.863053,2907.8919744,75.862,-2.801,287.589,0.9410916837635876
149.4833,128.20387,37.86306,2907.3223032000005,75.78,-2.768,287.85,0.9410916837635876
149.5,128.203817,37.863068,2906.7559848000005,75.699,-2.735,288.11,0.9410916837635876
149.5166,128.203763,37.863076,2906.1930192000004,75.617,-2.7,288.37,0.9410916837635876
149.5333,128.203709,37.863084,2905.6334064000002,75.537,-2.665,288.63,0.9410916837635876
149.55,128.203656,37.863092,2905.0771464000004,75.458,-2.63,288.889,0.9410916837635876
149.5666,128.203602,37.863101,2904.5242392000005,75.379,-2.594,289.148,0.9410916837635876
149.5833,128.203548,37.863109,2903.9749896000003,75.3,-2.558,289.406,0.9410916837635876
149.6,128.203495,37.863118,2903.428788,75.222,-2.521,289.663,0.9410916837635876
149.6166,128.203442,37.863127,2902.8862440000003,75.143,-2.483,289.921,0.9410916837635876
149.6333,128.203388,37.863136,2902.3470528000003,75.065,-2.445,290.178,0.9410916837635876
149.65,128.203335,37.863146,2901.8115192000005,74.988,-2.407,290.434,0.9410916837635876
149.6666,128.203282,37.863155,2901.2793384,74.911,-2.368,290.691,0.9410916837635876
149.6833,128.203228,37.863165,2900.7508152,74.834,-2.328,290.946,0.9410916837635876
149.7,128.203175,37.863175,2900.2259496,74.757,-2.288,291.202,0.9410916837635876
149.7166,128.203122,37.863185,2899.7044368,74.681,-2.247,291.457,0.9410916837635876
149.7333,128.203069,37.863195,2899.1868864000003,74.605,-2.206,291.712,0.9410916837635876
149.75,128.203016,37.863205,2898.6726888000003,74.53,-2.165,291.967,0.9410916837635876
149.7666,128.202963,37.863216,2898.1621488000005,74.455,-2.123,292.221,0.9410916837635876
149.7833,128.20291,37.863227,2897.6555712000004,74.381,-2.08,292.475,0.9410916837635876
149.8,128.202858,37.863238,2897.1526512,74.307,-2.037,292.729,0.9410916837635876
149.8166,128.202805,37.863249,2896.6533888000004,74.234,-1.993,292.983,0.9410916837635876
149.8333,128.202752,37.86326,2896.157784,74.161,-1.949,293.236,0.9410916837635876
149.85,128.202699,37.863272,2895.6661416,74.089,-1.905,293.489,0.9410916837635876
149.8666,128.202647,37.863284,2895.1781568,74.018,-1.86,293.742,0.9410916837635876
149.8833,128.202594,37.863296,2894.6941344,73.948,-1.815,293.995,0.9410916837635876
149.9,128.202542,37.863308,2894.2140744,73.878,-1.769,294.247,0.9410916837635876
149.9166,128.20249,37.86332,2893.7376719999997,73.808,-1.722,294.499,0.9410916837635876
149.9333,128.202437,37.863332,2893.265232,73.739,-1.676,294.751,0.9410916837635876
149.95,128.202385,37.863345,2892.7967544000003,73.672,-1.629,295.003,0.9410916837635876
149.9666,128.202333,37.863358,2892.3322392000005,73.605,-1.581,295.255,0.9410916837635876
149.9833,128.202281,37.863371,2891.8716864000003,73.54,-1.533,295.506,0.9410916837635876
150.0,128.202229,37.863384,2891.415096,73.475,-1.485,295.758,0.9410916837635876
150.0166,128.202177,37.863397,2890.962468,73.41,-1.436,296.008,0.9410916837635876
150.0333,128.202125,37.863411,2890.5138024000003,73.347,-1.387,296.259,0.9410916837635876
150.05,128.202074,37.863424,2890.069404,73.285,-1.337,296.51,0.9410916837635876
150.0666,128.202022,37.863438,2889.628968,73.224,-1.287,296.761,0.9410916837635876
150.0833,128.20197,37.863452,2889.1927992,73.164,-1.237,297.011,0.9410916837635876
150.1,128.201919,37.863467,2888.7605928000003,73.104,-1.186,297.261,0.9410916837635876
150.1166,128.201867,37.863481,2888.3326536,73.045,-1.135,297.511,0.9410916837635876
150.1333,128.201816,37.863495,2887.9086768,72.988,-1.084,297.761,0.9410916837635876
150.15,128.201765,37.86351,2887.4889672,72.932,-1.032,298.011,0.9410916837635876
150.1666,128.201713,37.863525,2887.07322,72.877,-0.98,298.26,0.9410916837635876
150.1833,128.201662,37.86354,2886.6620448,72.823,-0.928,298.51,0.9410916837635876
150.2,128.201611,37.863555,2886.254832,72.77,-0.875,298.759,0.9410916837635876
150.2166,128.20156,37.863571,2885.8521912,72.717,-0.822,299.008,0.9410916837635876
150.2333,128.20151,37.863586,2885.4535127999998,72.666,-0.768,299.257,0.9410916837635876
150.25,128.201459,37.863602,2885.0591016,72.616,-0.715,299.506,0.9410916837635876
150.2666,128.201408,37.863618,2884.6692624,72.568,-0.661,299.755,0.9410916837635876
150.2833,128.201358,37.863634,2884.2836904,72.521,-0.607,300.004,0.9410916837635876
150.3,128.201307,37.863651,2883.9023856,72.474,-0.553,300.252,0.9410916837635876
150.3166,128.201257,37.863667,2883.525348,72.428,-0.498,300.501,0.9410916837635876
150.3333,128.201206,37.863684,2883.1525776000003,72.384,-0.443,300.749,0.9410916837635876
150.35,128.201156,37.8637,2882.7843792,72.341,-0.388,300.997,0.9410916837635876
150.3666,128.201106,37.863717,2882.4207528,72.3,-0.332,301.246,0.9410916837635876
150.3833,128.201056,37.863734,2882.0613936000004,72.26,-0.277,301.494,0.9410916837635876
150.4,128.201006,37.863752,2881.7063016,72.22,-0.221,301.742,0.9410916837635876
150.4166,128.200956,37.863769,2881.3557816000002,72.181,-0.165,301.99,0.9410916837635876
150.4333,128.200906,37.863787,2881.0098336,72.144,-0.108,302.237,0.9410916837635876
150.45,128.200857,37.863805,2880.6681528000004,72.109,-0.052,302.485,0.9410916837635876
150.4666,128.200807,37.863823,2880.3310440000005,72.075,0.004,302.733,0.9410916837635876
150.4833,128.200758,37.863841,2879.9985072000004,72.041,0.06,302.981,0.9410916837635876
150.5,128.200709,37.863859,2879.6705424,72.009,0.117,303.228,0.9410916837635876
150.5166,128.200659,37.863878,2879.3468448,71.978,0.175,303.476,0.9410916837635876
150.5333,128.20061,37.863896,2879.0280239999997,71.948,0.232,303.723,0.9410916837635876
150.55,128.200561,37.863915,2878.7134704,71.92,0.29,303.971,0.9410916837635876
150.5666,128.200512,37.863934,2878.4034888,71.893,0.347,304.218,0.9410916837635876
150.5833,128.200463,37.863953,2878.098384,71.868,0.405,304.466,0.9410916837635876
150.6,128.200415,37.863972,2877.7975464000006,71.843,0.463,304.713,0.9410916837635876
150.6166,128.200366,37.863992,2877.5012807999997,71.819,0.521,304.96,0.9410916837635876
150.6333,128.200318,37.864011,2877.2098920000003,71.797,0.579,305.207,0.9410916837635876
150.65,128.200269,37.864031,2876.9227704,71.777,0.637,305.455,0.9410916837635876
150.6666,128.200221,37.864051,2876.6405256000003,71.758,0.696,305.702,0.9410916837635876
150.6833,128.200173,37.864071,2876.3628528000004,71.74,0.754,305.949,0.9410916837635876
150.7,128.200125,37.864092,2876.089752,71.723,0.813,306.196,0.9410916837635876
150.7166,128.200077,37.864112,2875.8215280000004,71.707,0.871,306.444,0.9410916837635876
150.7333,128.200029,37.864133,2875.5575712000004,71.692,0.93,306.691,0.9410916837635876
150.75,128.199981,37.864153,2875.2984912,71.68,0.989,306.938,0.9410916837635876
150.7666,128.199934,37.864174,2875.044288,71.668,1.047,307.185,0.9410916837635876
150.7833,128.199886,37.864195,2874.794352,71.658,1.106,307.432,0.9402505795103463
150.8,128.199839,37.864216,2874.5492928,71.649,1.165,307.679,0.9394083745742775
150.8166,128.199792,37.864238,2874.3091104,71.641,1.224,307.927,0.9385649355037486
150.8333,128.199745,37.864259,2874.0731952,71.634,1.283,308.174,0.936441904013504
150.85,128.199698,37.864281,2873.8424616,71.629,1.342,308.421,0.9343145778024698
150.8666,128.199651,37.864303,2873.6159952000003,71.626,1.401,308.668,0.9321829346138636
150.8833,128.199604,37.864325,2873.3944056000005,71.624,1.459,308.915,0.9300465294354507
150.9,128.199557,37.864347,2873.177388,71.622,1.518,309.163,0.9248171118663628
150.9166,128.199511,37.864369,2872.9652472,71.622,1.577,309.41,0.9195706368857426
150.9333,128.199465,37.864392,2872.7579832,71.623,1.636,309.657,0.9174209604291397
150.95,128.199418,37.864414,2872.5549864,71.627,1.695,309.905,0.9152660907038052
150.9666,128.199372,37.864437,2872.3571712000003,71.631,1.754,310.152,0.9131070074949449
150.9833,128.199326,37.86446,2872.1636232,71.637,1.813,310.4,0.910943255179693
151.0,128.19928,37.864483,2871.9752568000004,71.643,1.871,310.647,0.9100854797240655
151.0166,128.199235,37.864507,2871.7911576,71.651,1.93,310.895,0.9092263833261117
151.0333,128.199189,37.86453,2871.6119352000005,71.66,1.989,311.143,0.9083657002065362
151.05,128.199144,37.864553,2871.4375896000006,71.671,2.047,311.39,0.9083657002065362
151.0666,128.199098,37.864577,2871.267816,71.683,2.106,311.638,0.9083657002065362
151.0833,128.199053,37.864601,2871.1029192000005,71.697,2.164,311.886,0.9083657002065362
151.1,128.199008,37.864625,2870.9425944,71.711,2.222,312.134,0.9083657002065362
151.1166,128.198963,37.864649,2870.7868416,71.727,2.281,312.382,0.9083657002065362
151.1333,128.198918,37.864673,2870.6359656,71.744,2.339,312.63,0.9083657002065362
151.15,128.198874,37.864698,2870.4896616,71.762,2.397,312.878,0.9083657002065362
151.1666,128.198829,37.864722,2870.3482344000004,71.782,2.454,313.126,0.9083657002065362
151.1833,128.198785,37.864747,2870.2113792,71.803,2.512,313.375,0.9083657002065362
151.2,128.19874,37.864772,2870.0794008000003,71.825,2.57,313.623,0.9083657002065362
151.2166,128.198696,37.864797,2869.9519944,71.848,2.627,313.871,0.9083657002065362
151.2333,128.198652,37.864822,2869.8291600000002,71.873,2.685,314.12,0.9083657002065362
151.25,128.198609,37.864848,2869.7112024000003,71.899,2.742,314.369,0.9083657002065362
151.2666,128.198565,37.864873,2869.5978168,71.926,2.799,314.617,0.9083657002065362
151.2833,128.198521,37.864899,2869.4890032000003,71.955,2.855,314.866,0.9083657002065362
151.3,128.198478,37.864924,2869.3850664,71.984,2.912,315.115,0.9083657002065362
151.3166,128.198435,37.86495,2869.2857016,72.014,2.969,315.364,0.9083657002065362
151.3333,128.198392,37.864976,2869.1909088,72.046,3.025,315.614,0.9083657002065362
151.35,128.198349,37.865002,2869.1009928,72.079,3.081,315.863,0.9083657002065362
151.3666,128.198306,37.865029,2869.0153440000004,72.113,3.137,316.112,0.9083657002065362
151.3833,128.198263,37.865055,2868.934572,72.148,3.193,316.362,0.9083657002065362
151.4,128.198221,37.865082,2868.858372,72.185,3.249,316.612,0.9083657002065362
151.4166,128.198178,37.865109,2868.7867440000005,72.221,3.304,316.861,0.9083657002065362
151.4333,128.198136,37.865136,2868.719688,72.26,3.359,317.111,0.9083657002065362
151.45,128.198094,37.865163,2868.657204,72.299,3.414,317.361,0.9083657002065362
151.4666,128.198052,37.86519,2868.5992920000003,72.339,3.469,317.612,0.9083657002065362
151.4833,128.198011,37.865217,2868.545952,72.38,3.523,317.862,0.9083657002065362
151.5,128.197969,37.865244,2868.4971840000003,72.422,3.578,318.112,0.9083657002065362
151.5166,128.197928,37.865272,2868.452988,72.465,3.632,318.363,0.9083657002065362
151.5333,128.197886,37.8653,2868.4133640000005,72.508,3.686,318.614,0.9083657002065362
151.55,128.197845,37.865328,2868.3783120000003,72.553,3.739,318.865,0.9083657002065362
151.5666,128.197804,37.865356,2868.3475272,72.598,3.792,319.116,0.9083657002065362
151.5833,128.197763,37.865384,2868.3216192000004,72.644,3.846,319.367,0.9083657002065362
151.6,128.197723,37.865412,2868.2999784000003,72.691,3.898,319.618,0.9083657002065362
151.6166,128.197682,37.86544,2868.2826048,72.739,3.951,319.87,0.9083657002065362
151.6333,128.197642,37.865469,2868.2698032000003,72.787,4.003,320.121,0.9083657002065362
151.65,128.197602,37.865497,2868.2615736000002,72.837,4.055,320.373,0.9083657002065362
151.6666,128.197562,37.865526,2868.257916,72.887,4.107,320.625,0.9083657002065362
151.6833,128.197522,37.865555,2868.2585256,72.938,4.159,320.877,0.9083657002065362
151.7,128.197482,37.865584,2868.2634024000004,72.989,4.21,321.129,0.9083657002065362
151.7166,128.197443,37.865613,2868.2728512,73.041,4.261,321.382,0.9083657002065362
151.7333,128.197403,37.865643,2868.2865672,73.094,4.312,321.634,0.9083657002065362
151.75,128.197364,37.865672,2868.3045504,73.147,4.362,321.887,0.9083657002065362
151.7666,128.197325,37.865702,2868.3268008000005,73.201,4.413,322.14,0.9083657002065362
151.7833,128.197286,37.865731,2868.3536232,73.256,4.463,322.393,0.9083657002065362
151.8,128.197248,37.865761,2868.3847127999998,73.311,4.512,322.646,0.9083657002065362
151.8166,128.197209,37.865791,2868.4200696,73.366,4.562,322.899,0.9083657002065362
151.8333,128.197171,37.865821,2868.4596936000003,73.422,4.611,323.153,0.9083657002065362
151.85,128.197133,37.865851,2868.5035848,73.478,4.66,323.407,0.9083657002065362
151.8666,128.197095,37.865882,2868.5517432,73.535,4.708,323.66,0.9083657002065362
151.8833,128.197057,37.865912,2868.6041688000005,73.592,4.756,323.914,0.9083657002065362
151.9,128.197019,37.865943,2868.6608616000003,73.65,4.804,324.169,0.9083657002065362
151.9166,128.196982,37.865974,2868.7218215999997,73.708,4.852,324.423,0.9083657002065362
151.9333,128.196945,37.866004,2868.7867440000005,73.766,4.899,324.678,0.9083657002065362
151.95,128.196908,37.866035,2868.8559336,73.825,4.946,324.932,0.9083657002065362
151.9666,128.196871,37.866066,2868.9290856,73.884,4.993,325.187,0.9083657002065362
151.9833,128.196834,37.866098,2869.0065048,73.943,5.04,325.442,0.9083657002065362
152.0,128.196797,37.866129,2869.0881912000004,74.002,5.086,325.697,0.9083657002065362
152.0166,128.196761,37.86616,2869.17384,74.061,5.132,325.953,0.9083657002065362
152.0333,128.196725,37.866192,2869.2634512,74.121,5.177,326.208,0.9083657002065362
152.05,128.196689,37.866223,2869.3570248,74.181,5.223,326.464,0.9083657002065362
152.0666,128.196653,37.866255,2869.4548656,74.241,5.268,326.72,0.9083657002065362
152.0833,128.196617,37.866287,2869.5566688000004,74.301,5.312,326.976,0.9083657002065362
152.1,128.196582,37.866319,2869.6624344,74.361,5.357,327.232,0.9083657002065362
152.1166,128.196546,37.866351,2869.7724672,74.421,5.401,327.489,0.9083657002065362
152.1333,128.196511,37.866384,2869.8861576000004,74.481,5.445,327.745,0.9083657002065362
152.15,128.196476,37.866416,2870.0038104,74.541,5.488,328.002,0.9083657002065362
152.1666,128.196442,37.866448,2870.1254256,74.601,5.532,328.259,0.9083657002065362
152.1833,128.196407,37.866481,2870.2510032000005,74.661,5.575,328.516,0.9083657002065362
152.2,128.196373,37.866514,2870.3805432000004,74.721,5.617,328.773,0.9083657002065362
152.2166,128.196339,37.866547,2870.5137408,74.782,5.66,329.03,0.9083657002065362
152.2333,128.196305,37.866579,2870.6509008000003,74.842,5.702,329.288,0.9083657002065362
152.25,128.196271,37.866613,2870.7920232,74.901,5.744,329.546,0.9083657002065362
152.2666,128.196237,37.866646,2870.9368032,74.961,5.785,329.804,0.9083657002065362
152.2833,128.196204,37.866679,2871.0855456000004,75.021,5.827,330.062,0.9083657002065362
152.3,128.19617,37.866712,2871.2379456000003,75.08,5.868,330.32,0.9083657002065362
152.3166,128.196137,37.866746,2871.3940032000005,75.14,5.908,330.578,0.9083657002065362
152.3333,128.196105,37.866779,2871.5540232000003,75.199,5.949,330.837,0.9083657002065362
152.35,128.196072,37.866813,2871.7173960000005,75.258,5.989,331.095,0.9083657002065362
152.3666,128.19604,37.866847,2871.8847312,75.317,6.029,331.354,0.9083657002065362
152.3833,128.196007,37.866881,2872.0560288,75.376,6.069,331.613,0.9083657002065362
152.4,128.195975,37.866915,2872.2306792,75.434,6.108,331.872,0.9083657002065362
152.4166,128.195943,37.866949,2872.4089872000004,75.493,6.147,332.132,0.9083657002065362
152.4333,128.195912,37.866983,2872.5909528,75.551,6.186,332.391,0.9083657002065362
152.45,128.19588,37.867017,2872.7762712000003,75.608,6.225,332.651,0.9083657002065362
152.4666,128.195849,37.867052,2872.965552,75.666,6.263,332.911,0.9083657002065362
152.4833,128.195818,37.867086,2873.1581856,75.723,6.301,333.171,0.9083657002065362
152.5,128.195787,37.867121,2873.3544768,75.78,6.339,333.431,0.9083657002065362
152.5166,128.195756,37.867156,2873.5544256000003,75.837,6.377,333.691,0.9083657002065362
152.5333,128.195726,37.867191,2873.7577272000003,75.893,6.414,333.951,0.9083657002065362
152.55,128.195696,37.867226,2873.9646864,75.949,6.451,334.212,0.9083657002065362
152.5666,128.195666,37.867261,2874.1749984000003,76.005,6.488,334.472,0.9083657002065362
152.5833,128.195636,37.867296,2874.3886632,76.06,6.524,334.733,0.9083657002065362
152.6,128.195606,37.867331,2874.6059856,76.115,6.561,334.994,0.9083657002065362
152.6166,128.195577,37.867366,2874.8266608,76.17,6.597,335.255,0.9083657002065362
152.6333,128.195547,37.867402,2875.0506888,76.224,6.633,335.516,0.9083657002065362
152.65,128.195518,37.867437,2875.2780696,76.278,6.668,335.778,0.9083657002065362
152.6666,128.195489,37.867473,2875.5088032000003,76.331,6.704,336.039,0.9083657002065362
152.6833,128.195461,37.867508,2875.7431944,76.384,6.739,336.301,0.9083657002065362
152.7,128.195432,37.867544,2875.9806336,76.437,6.774,336.563,0.9083657002065362
152.7166,128.195404,37.86758,2876.2214256,76.49,6.809,336.825,0.9083657002065362
152.7333,128.195376,37.867616,2876.4655704,76.541,6.843,337.087,0.9083657002065362
152.75,128.195348,37.867652,2876.713068,76.593,6.878,337.349,0.9083657002065362
152.7666,128.195321,37.867688,2876.9636136,76.643,6.912,337.611,0.9083657002065362
152.7833,128.195293,37.867724,2877.2178168000005,76.694,6.946,337.873,0.9083657002065362
152.8,128.195266,37.867761,2877.4747632,76.744,6.979,338.136,0.9083657002065362
152.8166,128.195239,37.867797,2877.7353672,76.793,7.013,338.399,0.9083657002065362
152.8333,128.195213,37.867834,2877.9990192000005,76.842,7.046,338.661,0.9083657002065362
152.85,128.195186,37.86787,2878.2657192000006,76.891,7.079,338.924,0.9083657002065362
152.8666,128.19516,37.867907,2878.535772,76.938,7.112,339.187,0.9083657002065362
152.8833,128.195134,37.867944,2878.8088728000002,76.985,7.145,339.451,0.9083657002065362
152.9,128.195108,37.867981,2879.0850216,77.032,7.177,339.714,0.9083657002065362
152.9166,128.195082,37.868017,2879.3645232000003,77.079,7.21,339.977,0.9083657002065362
152.9333,128.195057,37.868054,2879.646768,77.124,7.242,340.241,0.9083657002065362
152.95,128.195031,37.868092,2879.9323656,77.169,7.274,340.504,0.9083657002065362
152.9666,128.195006,37.868129,2880.2210112000002,77.214,7.306,340.768,0.9083657002065362
152.9833,128.194981,37.868166,2880.5127048000004,77.257,7.337,341.032,0.9083657002065362
153.0,128.194957,37.868203,2880.8074464000006,77.301,7.369,341.296,0.9083657002065362
153.0166,128.194932,37.868241,2881.105236,77.344,7.4,341.56,0.9083657002065362
153.0333,128.194908,37.868278,2881.4060736000006,77.386,7.431,341.824,0.9083657002065362
153.05,128.194884,37.868316,2881.7099592,77.427,7.463,342.089,0.9083657002065362
153.0666,128.194861,37.868353,2882.016588,77.468,7.494,342.353,0.9083657002065362
153.0833,128.194837,37.868391,2882.3262648,77.508,7.524,342.618,0.9083657002065362
153.1,128.194814,37.868429,2882.6389896000005,77.548,7.555,342.882,0.9083657002065362
153.1166,128.194791,37.868467,2882.9547624000006,77.587,7.585,343.147,0.9083657002065362
153.1333,128.194768,37.868505,2883.2732784000004,77.625,7.616,343.412,0.9083657002065362
153.15,128.194745,37.868543,2883.5948424,77.663,7.646,343.677,0.9083657002065362
153.1666,128.194723,37.868581,2883.9191496,77.7,7.676,343.942,0.9083657002065362
153.1833,128.194701,37.868619,2884.2465048000004,77.736,7.706,344.207,0.9083657002065362
153.2,128.194679,37.868657,2884.5766032000006,77.772,7.736,344.472,0.9083657002065362
153.2166,128.194657,37.868695,2884.9097496,77.807,7.766,344.738,0.9083657002065362
153.2333,128.194636,37.868734,2885.2456392000004,77.842,7.795,345.003,0.9083657002065362
153.25,128.194614,37.868772,2885.584272,77.876,7.825,345.269,0.9083657002065362
153.2666,128.194593,37.868811,2885.9259528000002,77.909,7.854,345.534,0.9083657002065362
153.2833,128.194572,37.868849,2886.2703768,77.941,7.884,345.8,0.9083657002065362
153.3,128.194552,37.868888,2886.617544,77.973,7.913,346.066,0.9083657002065362
153.3166,128.194531,37.868926,2886.9674544,78.005,7.942,346.332,0.9083657002065362
153.3333,128.194511,37.868965,2887.320108,78.036,7.971,346.598,0.9083657002065362
153.35,128.194491,37.869004,2887.6755048,78.066,8.0,346.864,0.9083657002065362
153.3666,128.194472,37.869043,2888.0339496,78.096,8.029,347.13,0.9083657002065362
153.3833,128.194452,37.869082,2888.3948328000006,78.125,8.058,347.396,0.9083657002065362
153.4,128.194433,37.869121,2888.758764,78.154,8.087,347.663,0.9083657002065362
153.4166,128.194414,37.86916,2889.1251336,78.182,8.115,347.929,0.9083657002065362
153.4333,128.194395,37.869199,2889.4945512,78.209,8.144,348.196,0.9083657002065362
153.45,128.194377,37.869238,2889.8664072,78.236,8.172,348.462,0.9083657002065362
153.4666,128.194358,37.869277,2890.2410064,78.263,8.201,348.729,0.9083657002065362
153.4833,128.19434,37.869316,2890.6183488000006,78.288,8.229,348.996,0.9083657002065362
153.5,128.194322,37.869356,2890.9984344000004,78.314,8.258,349.263,0.9083657002065362
153.5166,128.194305,37.869395,2891.3809584,78.339,8.286,349.529,0.9083657002065362
153.5333,128.194287,37.869435,2891.7665304,78.363,8.314,349.796,0.9083657002065362
153.55,128.19427,37.869474,2892.1545408,78.387,8.342,350.063,0.9083657002065362
153.5666,128.194253,37.869514,2892.5455991999997,78.41,8.37,350.329,0.9083657002065362
153.5833,128.194236,37.869553,2892.939096,78.433,8.398,350.595,0.9083657002065362
153.6,128.19422,37.869593,2893.335336,78.455,8.426,350.862,0.9083657002065362
153.6166,128.194204,37.869633,2893.7343192000003,78.477,8.453,351.128,0.9083657002065362
153.6333,128.194187,37.869672,2894.1357408,78.499,8.481,351.394,0.9083657002065362
153.65,128.194172,37.869712,2894.5399056000006,78.52,8.509,351.661,0.9083657002065362
153.6666,128.194156,37.869752,2894.9465088,78.541,8.537,351.928,0.9083657002065362
153.6833,128.194141,37.869792,2895.3558552000004,78.561,8.565,352.196,0.9083657002065362
153.7,128.194126,37.869832,2895.76764,78.581,8.592,352.463,0.9083657002065362
153.7166,128.194111,37.869872,2896.1821680000003,78.601,8.62,352.731,0.9083657002065362
153.7333,128.194096,37.869912,2896.5994392000002,78.62,8.648,352.998,0.9083657002065362
153.75,128.194082,37.869952,2897.0191488000005,78.639,8.675,353.265,0.9083657002065362
153.7666,128.194068,37.869992,2897.4416016,78.658,8.703,353.532,0.9083657002065362
153.7833,128.194054,37.870032,2897.8664928,78.676,8.73,353.799,0.9083657002065362
153.8,128.19404,37.870073,2898.2941272000003,78.694,8.758,354.066,0.9083657002065362
153.8166,128.194027,37.870113,2898.7242,78.711,8.785,354.332,0.9083657002065362
153.8333,128.194013,37.870153,2899.157016,78.728,8.812,354.599,0.9083657002065362
153.85,128.194,37.870193,2899.5922704,78.745,8.84,354.866,0.9083657002065362
153.8666,128.193988,37.870234,2900.030268,78.762,8.867,355.133,0.9083657002065362
153.8833,128.193975,37.870274,2900.4710088,78.778,8.894,355.4,0.9083657002065362
153.9,128.193963,37.870315,2900.9138832,78.794,8.922,355.667,0.9083657002065362
153.9166,128.193951,37.870355,2901.3595008,78.81,8.949,355.934,0.9083657002065362
153.9333,128.193939,37.870396,2901.8075568,78.715,8.984,356.18,0.9083657002065362
153.95,128.193927,37.870436,2902.258356,78.51,9.025,356.389,0.9083657002065362
153.9666,128.193916,37.870477,2902.712508,78.19,9.061,356.542,0.9083657002065362
153.9833,128.193905,37.870518,2903.1700127999998,77.751,9.085,356.623,0.9083657002065362
154.0,128.193894,37.870558,2903.6305656,77.19,9.092,356.618,0.9083657002065362
154.0166,128.193884,37.870599,2904.0950808,76.514,9.079,356.529,0.9083657002065362
154.0333,128.193874,37.87064,2904.5635584,75.729,9.051,356.378,0.9083657002065362
154.05,128.193864,37.87068,2905.0359984,74.845,9.012,356.186,0.9083657002065362
154.0666,128.193854,37.870721,2905.5124008000003,73.867,8.968,355.975,0.9083657002065362
154.0833,128.193844,37.870762,2905.9930704000003,72.802,8.922,355.762,0.9083657002065362
154.1,128.193835,37.870803,2906.478312,71.654,8.881,355.568,0.9083657002065362
154.1166,128.193826,37.870844,2906.9684304,70.428,8.846,355.401,0.9083657002065362
154.1333,128.193817,37.870884,2907.4631208,69.124,8.816,355.256,0.9083657002065362
154.15,128.193808,37.870925,2907.962688,67.743,8.79,355.127,0.9083657002065362
154.1666,128.1938,37.870966,2908.4677416000004,66.288,8.766,355.007,0.9083657002065362
154.1833,128.193791,37.871007,2908.977672,64.76,8.742,354.893,0.9083657002065362
154.2,128.193783,37.871048,2909.4933936,63.163,8.718,354.785,0.9083657002065362
154.2166,128.193775,37.871089,2910.0146016,61.5,8.694,354.682,0.9083657002065362
154.2333,128.193768,37.87113,2910.5416008,59.773,8.67,354.582,0.9083657002065362
154.25,128.19376,37.871171,2911.074696,57.986,8.646,354.487,0.9083657002065362
154.2666,128.193752,37.871212,2911.6135824000003,56.14,8.621,354.395,0.9083657002065362
154.2833,128.193745,37.871252,2912.1588696,54.24,8.596,354.308,0.9083657002065362
154.3,128.193738,37.871293,2912.7105576000004,52.286,8.571,354.224,0.9083657002065362
154.3166,128.193731,37.871334,2913.2689511999997,50.282,8.545,354.143,0.9083657002065362
154.3333,128.193724,37.871375,2913.8337456000004,48.231,8.519,354.067,0.9083657002065362
154.35,128.193717,37.871416,2914.4052456000004,46.134,8.492,353.993,0.9083657002065362
154.3666,128.19371,37.871457,2914.983756,43.994,8.465,353.923,0.9083657002065362
154.3833,128.193704,37.871498,2915.568972,41.814,8.437,353.856,0.9083657002065362
154.4,128.193697,37.871539,2916.1615032000004,39.595,8.409,353.793,0.9083657002065362
154.4166,128.193691,37.87158,2916.7607399999997,37.34,8.38,353.732,0.9083657002065362
154.4333,128.193684,37.871621,2917.3672920000004,35.052,8.353,353.676,0.9083657002065362
154.45,128.193678,37.871662,2917.9808544,32.733,8.328,353.625,0.9083657002065362
154.4666,128.193672,37.871703,2918.601732,30.384,8.303,353.577,0.9083657002065362
154.4833,128.193666,37.871744,2919.22962,28.008,8.279,353.532,0.9083657002065362
154.5,128.19366,37.871785,2919.8648232,25.607,8.255,353.49,0.9083657002065362
154.5166,128.193654,37.871826,2920.5073416000005,23.184,8.23,353.45,0.9083657002065362
154.5333,128.193648,37.871867,2921.1574800000003,20.741,8.223,353.42,0.9083657002065362
154.55,128.193642,37.871908,2921.8152384,18.281,8.249,353.404,0.9083657002065362
154.5666,128.193636,37.871949,2922.4812263999997,15.805,8.31,353.4,0.9083657002065362
154.5833,128.19363,37.87199,2923.1548344000003,13.316,8.394,353.403,0.9083657002065362
154.6,128.193624,37.872031,2923.836672,10.815,8.49,353.408,0.9083657002065362
154.6166,128.193619,37.872072,2924.5261296000003,8.304,8.589,353.411,0.9083657002065362
154.6333,128.193613,37.872113,2925.2247312,5.787,8.711,353.414,0.9083657002065362
154.65,128.193607,37.872154,2925.9324768,3.265,8.873,353.416,0.9083657002065362
154.6666,128.193601,37.872194,2926.6493664000004,0.74,9.072,353.414,0.9083657002065362
154.6833,128.193596,37.872235,2927.3754000000004,-1.788,9.293,353.406,0.9083657002065362
154.7,128.19359,37.872276,2928.1108824000003,-4.319,9.524,353.389,0.9083657002065362
154.7166,128.193584,37.872317,2928.8558136,-6.852,9.757,353.363,0.9083657002065362
154.7333,128.193579,37.872358,2929.6114128,-9.385,10.007,353.324,0.9083657002065362
154.75,128.193573,37.872399,2930.3779848000004,-11.92,10.293,353.268,0.9083657002065362
154.7666,128.193567,37.87244,2931.15492,-14.457,10.605,353.192,0.9083657002065362
154.7833,128.193561,37.87248,2931.942828,-16.996,10.93,353.099,0.9083657002065362
154.8,128.193555,37.872521,2932.7417088,-19.539,11.255,352.99,0.9083657002065362
154.8166,128.193549,37.872562,2933.5515624000004,-22.084,11.573,352.868,0.9083657002065362
154.8333,128.193543,37.872602,2934.3714744,-24.62,11.901,352.725,0.9083657002065362
154.85,128.193537,37.872643,2935.2032736000006,-27.15,12.248,352.555,0.9083657002065362
154.8666,128.193531,37.872684,2936.0463504000004,-29.677,12.604,352.36,0.9083657002065362
154.8833,128.193525,37.872724,2936.9007048000003,-32.203,12.959,352.143,0.9083657002065362
154.9,128.193519,37.872765,2937.7666416,-34.73,13.303,351.909,0.9083657002065362
154.9166,128.193512,37.872806,2938.6435512,-37.26,13.632,351.661,0.9083657002065362
154.9333,128.193506,37.872846,2939.5299096000003,-39.604,13.972,351.403,0.9083657002065362
154.95,128.193499,37.872887,2940.4260216,-41.772,14.323,351.134,0.9083657002065362
154.9666,128.193493,37.872927,2941.3309728000004,-43.789,14.671,350.849,0.9083657002065362
154.9833,128.193486,37.872967,2942.2447632,-45.68,15.005,350.546,0.9083657002065362
155.0,128.193479,37.873008,2943.1667832,-47.474,15.319,350.226,0.9083657002065362
155.0166,128.193472,37.873048,2944.0961184000003,-49.2,15.611,349.892,0.9083657002065362
155.0333,128.193465,37.873089,2945.0318544,-50.72,15.9,349.549,0.9083657002065362
155.05,128.193458,37.873129,2945.9739912,-52.059,16.188,349.201,0.9083657002065362
155.0666,128.19345,37.873169,2946.9225288,-53.252,16.468,348.846,0.9083657002065362
155.0833,128.193443,37.87321,2947.8771624000005,-54.327,16.733,348.484,0.9083657002065362
155.1,128.193436,37.87325,2948.8372824000003,-55.314,16.979,348.116,0.9083657002065362
155.1166,128.193428,37.873291,2949.8050224,-56.238,17.206,347.744,0.9083657002065362
155.1333,128.19342,37.873331,2950.7773344,-57.026,17.426,347.374,0.9083657002065362
155.15,128.193412,37.873371,2951.7548280000005,-57.697,17.639,347.008,0.9083657002065362
155.1666,128.193404,37.873412,2952.7375032000004,-58.276,17.844,346.646,0.9083657002065362
155.1833,128.193396,37.873452,2953.7265792000003,-58.78,18.037,346.286,0.9083657002065362
155.2,128.193388,37.873492,2954.722056,-59.227,18.218,345.928,0.9083657002065362
155.2166,128.19338,37.873532,2955.7242384,-59.632,18.388,345.573,0.9083657002065362
155.2333,128.193371,37.873573,2956.7312976000003,-59.971,18.55,345.223,0.9083657002065362
155.25,128.193363,37.873613,2957.744148,-60.254,18.706,344.88,0.9083657002065362
155.2666,128.193354,37.873653,2958.763704,-60.492,18.857,344.543,0.9083657002065362
155.2833,128.193345,37.873693,2959.7899656,-60.696,19.0,344.21,0.9083657002065362
155.3,128.193336,37.873733,2960.8229328,-60.871,19.138,343.882,0.9083657002065362
155.3166,128.193327,37.873773,2961.8626056000003,-61.026,19.269,343.558,0.9083657002065362
155.3333,128.193318,37.873813,2962.908984,-61.161,19.395,343.239,0.9083657002065362
155.35,128.193308,37.873853,2963.9626776,-61.278,19.518,342.924,0.9083657002065362
155.3666,128.193298,37.873893,2965.0230768,-61.383,19.636,342.614,0.9083657002065362
155.3833,128.193289,37.873933,2966.0907912000002,-61.478,19.752,342.308,0.9083657002065362
155.4,128.193279,37.873973,2967.165516,-61.564,19.864,342.006,0.9083657002065362
155.4166,128.193268,37.874013,2968.2478608,-61.644,19.974,341.708,0.9083657002065362
155.4333,128.193258,37.874053,2969.3378256,-61.727,20.081,341.413,0.9083657002065362
155.45,128.193248,37.874093,2970.4351056000005,-61.813,20.185,341.12,0.9083657002065362
155.4666,128.193237,37.874132,2971.5400056000003,-61.902,20.287,340.83,0.9083657002065362
155.4833,128.193226,37.874172,2972.6525256000004,-61.994,20.387,340.543,0.9083657002065362
155.5,128.193215,37.874212,2973.7723608,-62.087,20.486,340.258,0.9083657002065362
155.5166,128.193204,37.874251,2974.899816,-62.182,20.584,339.976,0.9083657002065362
155.5333,128.193192,37.874291,2976.0358056000005,-62.288,20.68,339.695,0.9083657002065362
155.55,128.193181,37.87433,2977.1791104,-62.404,20.774,339.416,0.9083657002065362
155.5666,128.193169,37.874369,2978.3300352000006,-62.528,20.866,339.138,0.9083657002065362
155.5833,128.193157,37.874409,2979.4888848000005,-62.66,20.958,338.862,0.9083657002065362
155.6,128.193145,37.874448,2980.6550496,-62.797,21.048,338.587,0.9083657002065362
155.6166,128.193133,37.874487,2981.8291392,-62.938,21.138,338.314,0.9083657002065362
155.6333,128.19312,37.874526,2983.0108488000005,-63.089,21.227,338.041,0.9083657002065362
155.65,128.193107,37.874566,2984.2004832,-63.248,21.314,337.769,0.9083657002065362
155.6666,128.193095,37.874605,2985.3974328000004,-63.414,21.4,337.497,0.9083657002065362
155.6833,128.193082,37.874644,2986.6023072000003,-63.585,21.485,337.227,0.9083657002065362
155.7,128.193068,37.874682,2987.8144968,-63.761,21.569,336.956,0.9083657002065362
155.7166,128.193055,37.874721,2989.0340016,-63.94,21.653,336.687,0.9083657002065362
155.7333,128.193041,37.87476,2990.2614312,-64.126,21.735,336.417,0.9083657002065362
155.75,128.193028,37.874799,2991.4961760000006,-64.319,21.816,336.148,0.9083657002065362
155.7666,128.193014,37.874837,2992.738236,-64.517,21.896,335.879,0.9083657002065362
155.7833,128.192999,37.874876,2993.9876112,-64.72,21.974,335.61,0.9083657002065362
155.8,128.192985,37.874915,2995.2443016,-64.927,22.052,335.341,0.9083657002065362
155.8166,128.192971,37.874953,2996.5083072,-65.136,22.129,335.072,0.9083657002065362
155.8333,128.192956,37.874991,2997.7796280000002,-65.349,22.205,334.803,0.9083657002065362
155.85,128.192941,37.87503,2999.0576544,-65.565,22.28,334.535,0.9083657002065362
155.8666,128.192926,37.875068,3000.3429960000003,-65.783,22.354,334.266,0.9083657002065362
155.8833,128.192911,37.875106,3001.6353480000002,-66.002,22.427,333.996,0.9083657002065362
155.9,128.192895,37.875144,3002.9347104,-66.224,22.499,333.727,0.9083657002065362
155.9166,128.19288,37.875182,3004.2407784000006,-66.446,22.569,333.458,0.9083657002065362
155.9333,128.192864,37.87522,3005.5547712000002,-66.796,22.619,333.2,0.9083657002065362
155.95,128.192848,37.875258,3006.8760792000003,-67.261,22.641,332.972,0.9083657002065362
155.9666,128.192831,37.875296,3008.2043976,-67.844,22.643,332.772,0.9083657002065362
155.9833,128.192815,37.875333,3009.5400312,-68.551,22.633,332.588,0.9083657002065362
156.0,128.192798,37.875371,3010.8826752,-69.385,22.619,332.412,0.9083657002065362
156.0166,128.192781,37.875408,3012.2323296,-70.343,22.602,332.237,0.9083657002065362
156.0333,128.192764,37.875446,3013.5886896,-71.423,22.585,332.056,0.9083657002065362
156.05,128.192747,37.875483,3014.9517552,-72.619,22.566,331.869,0.9083657002065362
156.0666,128.192729,37.87552,3016.3209168000003,-73.927,22.545,331.675,0.9083657002065362
156.0833,128.192711,37.875557,3017.6955648,-75.341,22.521,331.474,0.9083657002065362
156.1,128.192693,37.875594,3019.0750896000004,-76.859,22.492,331.268,0.9083657002065362
156.1166,128.192675,37.875631,3020.4588816,-78.475,22.458,331.056,0.9083657002065362
156.1333,128.192656,37.875668,3021.8463312,-80.192,22.42,330.827,0.9083657002065362
156.15,128.192638,37.875704,3023.2368288,-82.005,22.377,330.583,0.9083657002065362
156.1666,128.192619,37.875741,3024.6297648,-83.91,22.326,330.326,0.9083657002065362
156.1833,128.192599,37.875777,3026.0242248,-85.905,22.267,330.061,0.9083657002065362
156.2,128.19258,37.875813,3027.4195992,-87.984,22.199,329.789,0.9083657002065362
156.2166,128.19256,37.87585,3028.8149736000005,-90.146,22.119,329.514,0.9083657002065362
156.2333,128.19254,37.875886,3030.2094336,-92.344,22.033,329.22,0.9083657002065362
156.25,128.19252,37.875922,3031.6026744,-94.566,21.94,328.91,0.9083657002065362
156.2666,128.1925,37.875958,3032.9940864,-96.803,21.837,328.588,0.9083657002065362
156.2833,128.192479,37.875994,3034.3830600000006,-99.049,21.721,328.26,0.9083657002065362
156.3,128.192458,37.87603,3035.7695952,-101.3,21.592,327.931,0.9083657002065362
156.3166,128.192437,37.876065,3037.1524728000004,-103.554,21.447,327.601,0.9083657002065362
156.3333,128.192416,37.876101,3038.531388,-105.671,21.298,327.258,0.9083657002065362
156.35,128.192395,37.876137,3039.906036,-107.657,21.144,326.902,0.9083657002065362
156.3666,128.192373,37.876172,3041.2773312,-109.526,20.978,326.541,0.9083657002065362
156.3833,128.192352,37.876208,3042.6443592,-111.295,20.796,326.18,0.9083657002065362
156.4,128.19233,37.876243,3044.0077296,-112.981,20.595,325.826,0.9083657002065362
156.4166,128.192308,37.876279,3045.3665280000005,-114.604,20.376,325.48,0.9083657002065362
156.4333,128.192286,37.876314,3046.7207544000003,-116.069,20.149,325.133,0.9083657002065362
156.45,128.192264,37.87635,3048.0704088,-117.389,19.917,324.785,0.9083657002065362
156.4666,128.192241,37.876385,3049.4164056000004,-118.575,19.677,324.441,0.9083657002065362
156.4833,128.192219,37.876421,3050.7581352,-119.647,19.428,324.104,0.9083657002065362
156.5,128.192196,37.876456,3052.0952928,-120.626,19.169,323.777,0.9083657002065362
156.5166,128.192174,37.876492,3053.4266592000004,-121.533,18.9,323.462,0.9083657002065362
156.5333,128.192151,37.876527,3054.7534536,-122.318,18.629,323.155,0.9083657002065362
156.55,128.192128,37.876562,3056.0753712000005,-122.992,18.358,322.855,0.9083657002065362
156.5666,128.192105,37.876598,3057.3930216,-123.566,18.086,322.563,0.9083657002065362
156.5833,128.192082,37.876633,3058.7045760000005,-124.057,17.813,322.28,0.9083657002065362
156.6,128.192058,37.876668,3060.0094248,-124.48,17.537,322.007,0.9083657002065362
156.6166,128.192035,37.876703,3061.3078728,-124.848,17.259,321.744,0.9083657002065362
156.6333,128.192011,37.876739,3062.6005296000003,-125.14,16.984,321.489,0.9083657002065362
156.65,128.191988,37.876774,3063.8867856,-125.365,16.713,321.241,0.9083657002065362
156.6666,128.191964,37.876809,3065.1654215999997,-125.535,16.444,321.0,0.9083657002065362
156.6833,128.19194,37.876844,3066.4367424,-125.659,16.178,320.766,0.9083657002065362
156.7,128.191916,37.876879,3067.7001384,-125.746,15.913,320.539,0.9083657002065362
156.7166,128.191891,37.876914,3068.9550000000004,-125.803,15.651,320.318,0.9083657002065362
156.7333,128.191867,37.876949,3070.2019368,-125.829,15.393,320.102,0.9083657002065362
156.75,128.191842,37.876984,3071.4400344,-125.83,15.138,319.891,0.9083657002065362
156.7666,128.191817,37.877019,3072.6692928,-125.81,14.886,319.684,0.9083657002065362
156.7833,128.191792,37.877054,3073.8894072000003,-125.772,14.638,319.481,0.9083657002065362
156.8,128.191767,37.877089,3075.1000728000004,-125.717,14.394,319.281,0.9083657002065362
156.8166,128.191742,37.877124,3076.3015944,-125.649,14.153,319.084,0.9083657002065362
156.8333,128.191717,37.877159,3077.4921432,-125.58,13.915,318.889,0.9083657002065362
156.85,128.191691,37.877194,3078.6729384,-125.511,13.679,318.697,0.9083657002065362
156.8666,128.191665,37.877228,3079.8433704000004,-125.442,13.446,318.508,0.9083657002065362
156.8833,128.191639,37.877263,3081.0037440000006,-125.373,13.217,318.319,0.9083657002065362
156.9,128.191613,37.877297,3082.1537544000003,-125.302,12.99,318.132,0.9083657002065362
156.9166,128.191587,37.877332,3083.2934016,-125.228,12.768,317.944,0.9083657002065362
156.9333,128.191561,37.877366,3084.4214664,-125.158,12.547,317.758,0.9083657002065362
156.95,128.191534,37.877401,3085.5394728,-125.091,12.328,317.573,0.9083657002065362
156.9666,128.191507,37.877435,3086.6462016,-125.026,12.112,317.388,0.9083657002065362
156.9833,128.19148,37.877469,3087.7422624000005,-124.963,11.898,317.204,0.9083657002065362
157.0,128.191453,37.877504,3088.8276552,-124.899,11.686,317.019,0.9083657002065362
157.0166,128.191426,37.877538,3089.9017704000003,-124.834,11.476,316.835,0.9083657002065362
157.0333,128.191398,37.877572,3090.9649128,-124.769,11.27,316.654,0.9083657002065362
157.05,128.19137,37.877606,3092.0167776000003,-124.704,11.068,316.476,0.9083657002065362
157.0666,128.191343,37.87764,3093.0576696,-124.637,10.869,316.3,0.9083657002065362
157.0833,128.191315,37.877674,3094.0875888,-124.569,10.673,316.125,0.9083657002065362
157.1,128.191286,37.877708,3095.1062304,-124.499,10.478,315.949,0.9083657002065362
157.1166,128.191258,37.877742,3096.1138992,-124.427,10.285,315.773,0.9083657002065362
157.1333,128.19123,37.877775,3097.1099856,-124.353,10.096,315.602,0.9083657002065362
157.15,128.191201,37.877809,3098.0950992,-124.278,9.912,315.436,0.9083657002065362
157.1666,128.191172,37.877843,3099.0689352000004,-124.2,9.732,315.272,0.9083657002065362
157.1833,128.191143,37.877876,3100.0314936000004,-124.121,9.553,315.109,0.9083657002065362
157.2,128.191114,37.87791,3100.9827744,-124.04,9.376,314.946,0.9083657002065362
157.2166,128.191084,37.877943,3101.9227776000002,-123.956,9.2,314.781,0.9083657002065362
157.2333,128.191055,37.877976,3102.8515032000005,-123.872,9.029,314.621,0.9083657002065362
157.25,128.191025,37.87801,3103.7689511999997,-123.787,8.86,314.464,0.9083657002065362
157.2666,128.190995,37.878043,3104.6751216,-123.7,8.695,314.308,0.9083657002065362
157.2833,128.190965,37.878076,3105.5703192000005,-123.612,8.531,314.153,0.9083657002065362
157.3,128.190935,37.878109,3106.4539344000004,-123.523,8.368,313.997,0.9083657002065362
157.3166,128.190905,37.878142,3107.326272,-123.433,8.206,313.84,0.9083657002065362
157.3333,128.190874,37.878175,3108.1876368000003,-123.342,8.047,313.686,0.9083657002065362
157.35,128.190843,37.878208,3109.0374192000004,-123.25,7.891,313.535,0.9083657002065362
157.3666,128.190812,37.87824,3109.8762288,-123.158,7.737,313.384,0.9083657002065362
157.3833,128.190781,37.878273,3110.7037608,-123.066,7.584,313.234,0.9083657002065362
157.4,128.19075,37.878306,3111.52032,-122.972,7.432,313.082,0.9083657002065362
157.4166,128.190719,37.878338,3112.3256016,-122.878,7.281,312.929,0.9083657002065362
157.4333,128.190687,37.878371,3113.1196056000003,-122.783,7.133,312.779,0.9083657002065362
157.45,128.190656,37.878403,3113.9029416000003,-122.688,6.987,312.63,0.9083657002065362
157.4666,128.190624,37.878435,3114.6746952000003,-122.592,6.842,312.483,0.9083657002065362
157.4833,128.190592,37.878468,3115.4357808,-122.496,6.699,312.335,0.9083657002065362
157.5,128.19056,37.8785,3116.1855888,-122.4,6.557,312.186,0.9083657002065362
157.5166,128.190527,37.878532,3116.9247288,-122.302,6.415,312.035,0.9083657002065362
157.5333,128.190495,37.878564,3117.6525912,-122.204,6.275,311.887,0.9083657002065362
157.55,128.190462,37.878596,3118.3694808,-122.106,6.137,311.74,0.9083657002065362
157.5666,128.190429,37.878628,3119.0757024000004,-122.006,6.001,311.594,0.9083657002065362
157.5833,128.190397,37.878659,3119.7709511999997,-121.907,5.866,311.448,0.9083657002065362
157.6,128.190363,37.878691,3120.4555320000004,-121.806,5.731,311.3,0.9083657002065362
157.6166,128.19033,37.878723,3121.12914,-121.704,5.597,311.151,0.9083657002065362
157.6333,128.190297,37.878754,3121.79208,-121.602,5.465,311.003,0.9083657002065362
157.65,128.190263,37.878786,3122.444352,-121.498,5.335,310.858,0.9083657002065362
157.6666,128.19023,37.878817,3123.0856512,-121.394,5.206,310.712,0.9083657002065362
157.6833,128.190196,37.878849,3123.7165872000005,-121.289,5.078,310.567,0.9083657002065362
157.7,128.190162,37.87888,3124.3368552,-121.183,4.95,310.42,0.9083657002065362
157.7166,128.190128,37.878911,3124.9464552000004,-121.076,4.822,310.272,0.9083657002065362
157.7333,128.190094,37.878942,3125.5456920000006,-120.967,4.697,310.125,0.9083657002065362
157.75,128.190059,37.878973,3126.1342608,-120.857,4.573,309.979,0.9083657002065362
157.7666,128.190025,37.879004,3126.7124664000003,-120.745,4.45,309.834,0.9083657002065362
157.7833,128.18999,37.879035,3127.2803088,-120.632,4.329,309.689,0.9083657002065362
157.8,128.189955,37.879066,3127.8374832,-120.518,4.207,309.542,0.9083657002065362
157.8166,128.18992,37.879096,3128.3845992,-120.402,4.086,309.394,0.9083657002065362
157.8333,128.189885,37.879127,3128.9213520000003,-120.285,3.966,309.247,0.9083657002065362
157.85,128.18985,37.879157,3129.4477416000004,-120.166,3.848,309.102,0.9083657002065362
157.8666,128.189815,37.879188,3129.9640728000004,-120.044,3.732,308.957,0.9083657002065362
157.8833,128.189779,37.879218,3130.4703456,-119.921,3.615,308.811,0.9083657002065362
157.9,128.189743,37.879248,3130.9662552000004,-119.797,3.5,308.664,0.9083657002065362
157.9166,128.189708,37.879279,3131.4521064,-119.671,3.384,308.516,0.9083657002065362
157.9333,128.189672,37.879309,3131.9278992,-119.543,3.27,308.369,0.9083657002065362
157.95,128.189636,37.879339,3132.3936336,-119.412,3.158,308.223,0.9083657002065362
157.9666,128.189599,37.879369,3132.8496144000005,-119.28,3.046,308.077,0.9083657002065362
157.9833,128.189563,37.879399,3133.2955368000003,-119.146,2.936,307.931,0.9083657002065362
158.0,128.189527,37.879428,3133.7314008000003,-119.009,2.825,307.784,0.9083657002065362
158.0166,128.18949,37.879458,3134.1578160000004,-118.872,2.715,307.635,0.9083657002065362
158.0333,128.189453,37.879488,3134.5741728000003,-118.731,2.606,307.488,0.9083657002065362
158.05,128.189416,37.879517,3134.9807760000003,-118.588,2.499,307.341,0.9083657002065362
158.0666,128.189379,37.879547,3135.3779304000004,-118.443,2.393,307.194,0.9083657002065362
158.0833,128.189342,37.879576,3135.7653312,-118.296,2.287,307.047,0.9083657002065362
158.1,128.189305,37.879605,3136.1429784000006,-118.147,2.182,306.898,0.9083657002065362
158.1166,128.189268,37.879635,3136.5111768,-117.996,2.077,306.749,0.9083657002065362
158.1333,128.18923,37.879664,3136.8696216,-117.843,1.973,306.6,0.9083657002065362
158.15,128.189193,37.879693,3137.2189224,-117.687,1.87,306.452,0.9083657002065362
158.1666,128.189155,37.879722,3137.5584696,-117.529,1.769,306.304,0.9083657002065362
158.1833,128.189117,37.879751,3137.8888728,-117.369,1.668,306.155,0.9083657002065362
158.2,128.189079,37.879779,3138.2098272000003,-117.207,1.567,306.005,0.9083657002065362
158.2166,128.189041,37.879808,3138.5213328000004,-117.043,1.467,305.855,0.9083657002065362
158.2333,128.189003,37.879837,3138.8239992,-116.876,1.368,305.704,0.9083657002065362
158.25,128.188964,37.879865,3139.1172168000003,-116.707,1.27,305.554,0.9083657002065362
158.2666,128.188926,37.879894,3139.4009856,-116.536,1.173,305.404,0.9083657002065362
158.2833,128.188887,37.879922,3139.6759152,-116.363,1.076,305.253,0.9083657002065362
158.3,128.188848,37.87995,3139.9417008000005,-116.188,0.98,305.101,0.9083657002065362
158.3166,128.18881,37.879979,3140.1986472,-116.011,0.885,304.949,0.9083657002065362
158.3333,128.188771,37.880007,3140.4464496,-115.831,0.79,304.796,0.9083657002065362
158.35,128.188731,37.880035,3140.6854128,-115.649,0.696,304.643,0.9083657002065362
158.3666,128.188692,37.880063,3140.9152320000003,-115.465,0.604,304.49,0.9083657002065362
158.3833,128.188653,37.88009,3141.1365168,-115.279,0.511,304.337,0.9083657002065362
158.4,128.188613,37.880118,3141.3486576000005,-115.091,0.42,304.183,0.9083657002065362
158.4166,128.188574,37.880146,3141.5522640000004,-114.902,0.329,304.028,0.9083657002065362
158.4333,128.188534,37.880173,3141.7470312,-114.71,0.238,303.872,0.9083657002065362
158.45,128.188494,37.880201,3141.9332640000002,-114.517,0.149,303.717,0.9083657002065362
158.4666,128.188454,37.880228,3142.1109624000005,-114.321,0.06,303.561,0.9083657002065362
158.4833,128.188414,37.880256,3142.2798216,-114.124,-0.027,303.404,0.9083657002065362
158.5,128.188374,37.880283,3142.4404512,-113.925,-0.114,303.246,0.9083657002065362
158.5166,128.188334,37.88031,3142.5922416000003,-113.724,-0.201,303.088,0.9083657002065362
158.5333,128.188294,37.880337,3142.7358024,-113.522,-0.287,302.929,0.9083657002065362
158.55,128.188253,37.880364,3142.8711336,-113.318,-0.373,302.77,0.9083657002065362
158.5666,128.188212,37.880391,3142.9979304000003,-113.112,-0.458,302.61,0.9083657002065362
158.5833,128.188172,37.880418,3143.1161928,-112.904,-0.542,302.449,0.9083657002065362
158.6,128.188131,37.880444,3143.2265304000002,-112.695,-0.625,302.287,0.9083657002065362
158.6166,128.18809,37.880471,3143.3286384000003,-112.485,-0.708,302.125,0.9083657002065362
158.6333,128.188049,37.880497,3143.4225168000003,-112.273,-0.791,301.962,0.9083657002065362
158.65,128.188008,37.880524,3143.5081656,-112.06,-0.872,301.798,0.9083657002065362
158.6666,128.187966,37.88055,3143.5858896000004,-111.845,-0.953,301.634,0.9083657002065362
158.6833,128.187925,37.880576,3143.655384,-111.629,-1.034,301.468,0.9083657002065362
158.7,128.187883,37.880602,3143.7172584,-111.412,-1.113,301.302,0.9083657002065362
158.7166,128.187842,37.880628,3143.7709032000002,-111.194,-1.192,301.136,0.9083657002065362
158.7333,128.1878,37.880654,3143.8166232000003,-110.976,-1.271,300.968,0.9083657002065362
158.75,128.187758,37.88068,3143.8547232,-110.756,-1.349,300.799,0.9083657002065362
158.7666,128.187716,37.880706,3143.8848984,-110.535,-1.426,300.629,0.9083657002065362
158.7833,128.187674,37.880731,3143.9071488000004,-110.313,-1.503,300.458,0.9083657002065362
158.8,128.187632,37.880757,3143.9217792,-110.09,-1.579,300.286,0.9083657002065362
158.8166,128.18759,37.880782,3143.9287896000005,-109.867,-1.654,300.115,0.9083657002065362
158.8333,128.187547,37.880808,3143.9284848,-109.643,-1.729,299.941,0.9083657002065362
158.85,128.187505,37.880833,3143.9202552,-109.418,-1.804,299.765,0.9083657002065362
158.8666,128.187462,37.880858,3143.9044056000002,-109.193,-1.878,299.588,0.9083657002065362
158.8833,128.18742,37.880883,3143.8812408000003,-108.968,-1.952,299.41,0.9083657002065362
158.9,128.187377,37.880908,3143.8507608,-108.742,-2.025,299.232,0.9083657002065362
158.9166,128.187334,37.880933,3143.8129656,-108.515,-2.097,299.053,0.9083657002065362
158.9333,128.187291,37.880958,3143.7675504000003,-108.289,-2.169,298.872,0.9083657002065362
158.95,128.187248,37.880982,3143.71482,-108.063,-2.24,298.689,0.9083657002065362
158.9666,128.187204,37.881007,3143.6550792000003,-107.836,-2.311,298.505,0.9083657002065362
158.9833,128.187161,37.881031,3143.5877184,-107.61,-2.382,298.319,0.9083657002065362
159.0,128.187118,37.881055,3143.513652,-107.383,-2.451,298.134,0.9083657002065362
159.0166,128.187074,37.88108,3143.4322704,-107.156,-2.52,297.948,0.9083657002065362
159.0333,128.187031,37.881104,3143.3438784000004,-106.93,-2.588,297.76,0.9083657002065362
159.05,128.186987,37.881128,3143.2481712000003,-106.705,-2.656,297.569,0.9083657002065362
159.0666,128.186943,37.881152,3143.1457584,-106.48,-2.724,297.377,0.9083657002065362
159.0833,128.186899,37.881175,3143.0363352000004,-106.256,-2.791,297.183,0.9083657002065362
159.1,128.186855,37.881199,3142.9199016,-106.032,-2.858,296.99,0.9083657002065362
159.1166,128.186811,37.881223,3142.7967624000003,-105.807,-2.923,296.797,0.9083657002065362
159.1333,128.186767,37.881246,3142.6666128,-105.585,-2.988,296.6,0.9083657002065362
159.15,128.186722,37.881269,3142.5297576000003,-105.363,-3.053,296.401,0.9083657002065362
159.1666,128.186678,37.881293,3142.3861968,-105.143,-3.118,296.2,0.9083657002065362
159.1833,128.186634,37.881316,3142.2359304,-104.923,-3.182,295.998,0.9083657002065362
159.2,128.186589,37.881339,3142.0789584,-104.705,-3.245,295.796,0.9083657002065362
159.2166,128.186544,37.881361,3141.9155855999998,-104.486,-3.307,295.594,0.9083657002065362
159.2333,128.186499,37.881384,3141.7452024000004,-104.27,-3.369,295.389,0.9083657002065362
159.25,128.186454,37.881407,3141.5687232000005,-104.055,-3.431,295.181,0.9083657002065362
159.2666,128.186409,37.881429,3141.3855384000003,-103.842,-3.493,294.971,0.9083657002065362
159.2833,128.186364,37.881452,3141.1959528,-103.631,-3.554,294.76,0.9083657002065362
159.3,128.186319,37.881474,3140.9999664,-103.42,-3.614,294.549,0.9083657002065362
159.3166,128.186274,37.881496,3140.7975792,-103.21,-3.673,294.338,0.9083657002065362
159.3333,128.186228,37.881518,3140.5887912000003,-103.003,-3.732,294.123,0.9083657002065362
159.35,128.186183,37.88154,3140.3736024,-102.798,-3.791,293.905,0.9083657002065362
159.3666,128.186137,37.881562,3140.1523176,-102.595,-3.85,293.685,0.9083657002065362
159.3833,128.186092,37.881584,3139.9249368,-102.394,-3.908,293.464,0.9083657002065362
159.4,128.186046,37.881605,3139.6911552,-102.193,-3.965,293.243,0.9083657002065362
159.4166,128.186,37.881627,3139.4512776,-101.994,-4.021,293.023,0.9083657002065362
159.4333,128.185954,37.881648,3139.205304,-101.798,-4.077,292.799,0.9083657002065362
159.45,128.185908,37.881669,3138.9532344000004,-101.605,-4.134,292.57,0.9083657002065362
159.4666,128.185862,37.88169,3138.6953736000005,-101.415,-4.19,292.34,0.9083657002065362
159.4833,128.185816,37.881711,3138.4314168000005,-101.226,-4.245,292.109,0.9083657002065362
159.5,128.185769,37.881732,3138.161364,-101.039,-4.299,291.878,0.9083657002065362
159.5166,128.185723,37.881753,3137.8855200000003,-100.853,-4.353,291.648,0.9083657002065362
159.5333,128.185676,37.881773,3137.6035800000004,-100.67,-4.406,291.413,0.9083657002065362
159.55,128.18563,37.881794,3137.3161536,-100.491,-4.46,291.175,0.9083657002065362
159.5666,128.185583,37.881814,3137.0226312,-100.314,-4.513,290.934,0.9083657002065362
159.5833,128.185536,37.881834,3136.7233176,-100.139,-4.566,290.692,0.9083657002065362
159.6,128.185489,37.881854,3136.4185176,-99.967,-4.617,290.451,0.9083657002065362
159.6166,128.185442,37.881874,3136.1079264,-99.795,-4.668,290.21,0.9083657002065362
159.6333,128.185395,37.881894,3135.791544,-99.627,-4.719,289.965,0.9083657002065362
159.65,128.185348,37.881913,3135.4696752,-99.463,-4.77,289.715,0.9083657002065362
159.6666,128.185301,37.881933,3135.1420152,-99.301,-4.821,289.463,0.9083657002065362
159.6833,128.185253,37.881952,3134.8088688000003,-99.142,-4.871,289.211,0.9083657002065362
159.7,128.185206,37.881971,3134.470236,-98.984,-4.921,288.959,0.9083657002065362
159.7166,128.185158,37.88199,3134.1261168000005,-98.828,-4.969,288.708,0.9083657002065362
159.7333,128.185111,37.882009,3133.7762064,-98.676,-5.017,288.452,0.9083657002065362
159.75,128.185063,37.882028,3133.4211144000005,-98.526,-5.066,288.192,0.9083657002065362
159.7666,128.185015,37.882047,3133.0608408000003,-98.38,-5.115,287.929,0.9083657002065362
159.7833,128.184967,37.882065,3132.6947760000003,-98.236,-5.163,287.666,0.9083657002065362
159.8,128.184919,37.882084,3132.3235296000003,-98.094,-5.21,287.403,0.9083657002065362
159.8166,128.184871,37.882102,3131.9471015999998,-97.954,-5.256,287.142,0.9083657002065362
159.8333,128.184823,37.88212,3131.5651872000003,-97.817,-5.302,286.876,0.9083657002065362
159.85,128.184775,37.882138,3131.1780912000004,-97.683,-5.349,286.605,0.9083657002065362
159.8666,128.184727,37.882155,3130.7858136,-97.553,-5.396,286.332,0.9083657002065362
159.8833,128.184678,37.882173,3130.3883544,-97.424,-5.442,286.058,0.9083657002065362
159.9,128.18463,37.88219,3129.9854088,-97.298,-5.487,285.786,0.9083657002065362
159.9166,128.184581,37.882208,3129.5775864,-97.173,-5.531,285.514,0.9083657002065362
159.9333,128.184533,37.882225,3129.1645824,-97.052,-5.575,285.238,0.9083657002065362
159.95,128.184484,37.882242,3128.7467016,-96.933,-5.62,284.958,0.9083657002065362
159.9666,128.184435,37.882258,3128.3233344,-96.818,-5.665,284.675,0.9083657002065362
159.9833,128.184386,37.882275,3127.8950904,-96.704,-5.709,284.392,0.9083657002065362
160.0,128.184337,37.882292,3127.4619696,-96.593,-5.752,284.109,0.9083657002065362
160.0166,128.184288,37.882308,3127.023972,-96.483,-5.795,283.829,0.9083657002065362
160.0333,128.184239,37.882324,3126.5807928,-96.377,-5.837,283.55,0.9083657002065362
160.05,128.18419,37.88234,3126.1324320000003,-96.274,-5.878,283.272,0.9083657002065362
160.0666,128.18414,37.882356,3125.6794992,-96.175,-5.92,282.997,0.9083657002065362
160.0833,128.184091,37.882372,3125.2216896000004,-96.077,-5.96,282.722,0.9083657002065362
160.1,128.184042,37.882387,3124.7590032000003,-95.982,-6.0,282.449,0.9083657002065362
160.1166,128.183992,37.882402,3124.29144,-95.888,-6.04,282.178,0.9083657002065362
160.1333,128.183942,37.882418,3123.819,-95.797,-6.079,281.907,0.9083657002065362
160.15,128.183893,37.882433,3123.341988,-95.709,-6.117,281.638,0.9083657002065362
160.1666,128.183843,37.882447,3122.8600992,-95.624,-6.156,281.37,0.9083657002065362
160.1833,128.183793,37.882462,3122.3736384,-95.542,-6.194,281.103,0.9083657002065362
160.2,128.183743,37.882477,3121.8823008000004,-95.461,-6.231,280.836,0.9083657002065362
160.2166,128.183693,37.882491,3121.3863912,-95.381,-6.268,280.571,0.9083657002065362
160.2333,128.183643,37.882505,3120.8859096,-95.305,-6.305,280.306,0.9083657002065362
160.25,128.183593,37.882519,3120.3805512,-95.231,-6.342,280.042,0.9083657002065362
160.2666,128.183543,37.882533,3119.8709256,-95.159,-6.379,279.779,0.9083657002065362
160.2833,128.183493,37.882546,3119.3564232000003,-95.09,-6.415,279.517,0.9083657002065362
160.3,128.183442,37.88256,3118.8376536,-95.022,-6.451,279.255,0.9083657002065362
160.3166,128.183392,37.882573,3118.3143120000004,-94.956,-6.486,278.993,0.9083657002065362
160.3333,128.183341,37.882586,3117.7863984000005,-94.892,-6.522,278.733,0.9083657002065362
160.35,128.183291,37.882599,3117.2539128,-94.831,-6.557,278.472,0.9083657002065362
160.3666,128.18324,37.882612,3116.7168552000003,-94.772,-6.593,278.212,0.9083657002065362
160.3833,128.18319,37.882625,3116.1758352000006,-94.714,-6.628,277.953,0.9083657002065362
160.4,128.183139,37.882637,3115.6299384,-94.658,-6.663,277.694,0.9083657002065362
160.4166,128.183088,37.882649,3115.0797744,-94.603,-6.698,277.435,0.9083657002065362
160.4333,128.183037,37.882661,3114.5253432,-94.551,-6.732,277.177,0.9083657002065362
160.45,128.182986,37.882673,3113.96634,-94.501,-6.767,276.919,0.9083657002065362
160.4666,128.182936,37.882685,3113.4033744,-94.452,-6.802,276.661,0.9083657002065362
160.4833,128.182885,37.882697,3112.8358368000004,-94.405,-6.836,276.404,0.9083657002065362
160.5,128.182833,37.882708,3112.264032,-94.359,-6.871,276.146,0.9083657002065362
160.5166,128.182782,37.882719,3111.68796,-94.315,-6.905,275.889,0.9083657002065362
160.5333,128.182731,37.88273,3111.107316,-94.272,-6.939,275.633,0.9083657002065362
160.55,128.18268,37.882741,3110.5227096000003,-94.231,-6.974,275.376,0.9083657002065362
160.5666,128.182629,37.882752,3109.933836,-94.191,-7.008,275.12,0.9083657002065362
160.5833,128.182577,37.882762,3109.3406952,-94.153,-7.042,274.863,0.9083657002065362
160.6,128.182526,37.882773,3108.7435920000003,-94.116,-7.077,274.607,0.9083657002065362
160.6166,128.182475,37.882783,3108.1419168,-94.079,-7.111,274.352,0.9083657002065362
160.6333,128.182423,37.882793,3107.5362792,-94.045,-7.145,274.096,0.9083657002065362
160.65,128.182372,37.882802,3106.9263744,-94.011,-7.179,273.84,0.9083657002065362
160.6666,128.18232,37.882812,3106.3125072000003,-93.979,-7.214,273.585,0.9083657002065362
160.6833,128.182268,37.882821,3105.6943728,-93.948,-7.248,273.329,0.9083657002065362
160.7,128.182217,37.882831,3105.0719712000005,-93.917,-7.282,273.074,0.9083657002065362
160.7166,128.182165,37.88284,3104.4456072000003,-93.888,-7.317,272.819,0.9083657002065362
160.7333,128.182113,37.882849,3103.8152808,-93.859,-7.351,272.564,0.9083657002065362
160.75,128.182062,37.882857,3103.1806872,-93.832,-7.385,272.309,0.9083657002065362
160.7666,128.18201,37.882866,3102.5421312,-93.805,-7.42,272.054,0.9083657002065362
160.7833,128.181958,37.882874,3101.899308,-93.78,-7.454,271.799,0.9083657002065362
160.8,128.181906,37.882882,3101.2525224,-93.755,-7.489,271.544,0.9083657002065362
160.8166,128.181854,37.88289,3100.6017744,-93.73,-7.524,271.29,0.9083657002065362
160.8333,128.181802,37.882898,3099.9470640000004,-93.707,-7.558,271.035,0.9083657002065362
160.85,128.18175,37.882906,3099.2880864000003,-93.684,-7.593,270.78,0.9083657002065362
160.8666,128.181698,37.882913,3098.6251464,-93.662,-7.628,270.526,0.9083657002065362
160.8833,128.181646,37.882921,3097.9582440000004,-93.64,-7.663,270.271,0.9083657002065362
160.9,128.181594,37.882928,3097.2873792,-93.619,-7.698,270.017,0.9083657002065362
160.9166,128.181542,37.882934,3096.612552,-93.599,-7.733,269.762,0.9083657002065362
160.9333,128.181489,37.882941,3095.9337624000004,-93.579,-7.768,269.508,0.9083657002065362
160.95,128.181437,37.882948,3095.2510104,-93.56,-7.803,269.254,0.9083657002065362
160.9666,128.181385,37.882954,3094.5639912,-93.541,-7.838,268.999,0.9083657002065362
160.9833,128.181333,37.88296,3093.8733144000003,-93.523,-7.874,268.745,0.9083657002065362
161.0,128.18128,37.882966,3093.1786752000003,-93.505,-7.909,268.491,0.9083657002065362
161.0166,128.181228,37.882972,3092.4800736,-93.488,-7.944,268.237,0.9083657002065362
161.0333,128.181176,37.882978,3091.7775096000005,-93.471,-7.98,267.982,0.9083657002065362
161.05,128.181123,37.882983,3091.0709832,-93.455,-8.015,267.728,0.9083657002065362
161.0666,128.181071,37.882988,3090.3607991999997,-93.439,-8.051,267.474,0.9083657002065362
161.0833,128.181019,37.882994,3089.646348,-93.423,-8.087,267.22,0.9083657002065362
161.1,128.180966,37.882998,3088.9282392000005,-93.408,-8.123,266.966,0.9083657002065362
161.1166,128.180914,37.883003,3088.206168,-93.393,-8.159,266.712,0.9083657002065362
161.1333,128.180861,37.883008,3087.4801344,-93.378,-8.195,266.458,0.9083657002065362
161.15,128.180809,37.883012,3086.7504432,-93.364,-8.231,266.204,0.9083657002065362
161.1666,128.180756,37.883016,3086.0164848000004,-93.35,-8.267,265.949,0.9083657002065362
161.1833,128.180704,37.88302,3085.2791736000004,-93.336,-8.303,265.695,0.9083657002065362
161.2,128.180651,37.883024,3084.5375952,-93.322,-8.339,265.441,0.9083657002065362
161.2166,128.180599,37.883028,3083.7923592,-93.309,-8.376,265.187,0.9083657002065362
161.2333,128.180546,37.883031,3083.0431608,-93.296,-8.412,264.933,0.9083657002065362
161.25,128.180493,37.883034,3082.29,-93.283,-8.449,264.679,0.9083657002065362
161.2666,128.180441,37.883037,3081.5331816000003,-93.271,-8.485,264.425,0.9083657002065362
161.2833,128.180388,37.88304,3080.7727056000003,-93.258,-8.522,264.171,0.9083657002065362
161.3,128.180336,37.883043,3080.0079624000005,-93.246,-8.559,263.917,0.9083657002065362
161.3166,128.180283,37.883046,3079.2398664,-93.234,-8.596,263.663,0.9083657002065362
161.3333,128.18023,37.883048,3078.4671984,-93.11,-8.62,263.427,0.9083657002065362
161.35,128.180178,37.88305,3077.6908728000003,-92.882,-8.631,263.226,0.9083657002065362
161.3666,128.180125,37.883052,3076.9114992,-92.551,-8.632,263.08,0.9083657002065362
161.3833,128.180073,37.883054,3076.1290776,-92.116,-8.628,263.006,0.9083657002065362
161.4,128.18002,37.883056,3075.3436079999997,-91.584,-8.621,263.021,0.9083657002065362
161.4166,128.179967,37.883058,3074.5557000000003,-90.959,-8.612,263.122,0.9083657002065362
161.4333,128.179914,37.883059,3073.7647440000005,-90.241,-8.602,263.285,0.9083657002065362
161.45,128.179862,37.883061,3072.9713496,-89.434,-8.592,263.491,0.9083657002065362
161.4666,128.179809,37.883063,3072.175212,-88.537,-8.583,263.718,0.9083657002065362
161.4833,128.179756,37.883064,3071.3769408000003,-87.55,-8.575,263.946,0.9083657002065362
161.5,128.179703,37.883065,3070.576536,-86.474,-8.568,264.156,0.9083657002065362
161.5166,128.17965,37.883066,3069.7739976000003,-85.309,-8.56,264.34,0.9083657002065362
161.5333,128.179598,37.883068,3068.9693256000005,-84.058,-8.553,264.502,0.9083657002065362
161.55,128.179545,37.883069,3068.16252,-82.724,-8.546,264.651,0.9083657002065362
161.5666,128.179492,37.88307,3067.3541904,-81.31,-8.54,264.793,0.9083657002065362
161.5833,128.179439,37.883071,3066.5440320000002,-79.82,-8.536,264.931,0.9083657002065362
161.6,128.179386,37.883072,3065.7320448,-78.257,-8.533,265.066,0.9083657002065362
161.6166,128.179333,37.883073,3064.9185336,-76.622,-8.531,265.199,0.9083657002065362
161.6333,128.17928,37.883074,3064.1031936000004,-74.918,-8.53,265.329,0.9083657002065362
161.65,128.179227,37.883074,3063.2866344000004,-73.145,-8.531,265.458,0.9083657002065362
161.6666,128.179174,37.883075,3062.4682464,-71.306,-8.532,265.584,0.9083657002065362
161.6833,128.17912,37.883076,3061.6483344000003,-69.402,-8.535,265.708,0.9083657002065362
161.7,128.179067,37.883076,3060.8272032000004,-67.435,-8.54,265.83,0.9083657002065362
161.7166,128.179014,37.883077,3060.0045480000003,-65.405,-8.545,265.949,0.9083657002065362
161.7333,128.178961,37.883078,3059.1803688000005,-63.315,-8.552,266.067,0.9083657002065362
161.75,128.178907,37.883078,3058.3546656,-61.164,-8.56,266.183,0.9083657002065362
161.7666,128.178854,37.883079,3057.5274384,-58.955,-8.57,266.297,0.9083657002065362
161.7833,128.178801,37.883079,3056.6983824000004,-56.689,-8.582,266.41,0.9083657002065362
161.8,128.178747,37.88308,3055.8678024,-54.367,-8.596,266.52,0.9083657002065362
161.8166,128.178694,37.88308,3055.0356984000005,-51.991,-8.611,266.629,0.9083657002065362
161.8333,128.178641,37.883081,3054.2014608,-49.563,-8.629,266.735,0.9083657002065362
161.85,128.178587,37.883081,3053.3650896000004,-47.083,-8.649,266.84,0.9083657002065362
161.8666,128.178534,37.883082,3052.5268896000002,-44.553,-8.671,266.943,0.9083657002065362
161.8833,128.17848,37.883082,3051.6862512,-41.975,-8.694,267.043,0.9083657002065362
161.9,128.178426,37.883083,3050.8434792000003,-39.349,-8.721,267.142,0.9083657002065362
161.9166,128.178373,37.883083,3049.997964,-36.677,-8.749,267.238,0.9083657002065362
161.9333,128.178319,37.883083,3049.1497056000003,-33.96,-8.779,267.333,0.9083657002065362
161.95,128.178265,37.883084,3048.298704,-31.2,-8.812,267.425,0.9083657002065362
161.9666,128.178212,37.883084,3047.4443496,-28.398,-8.846,267.514,0.9083657002065362
161.9833,128.178158,37.883084,3046.5869472,-25.554,-8.883,267.601,0.9083657002065362
162.0,128.178104,37.883085,3045.7261920000005,-22.671,-8.921,267.686,0.9083657002065362
162.0166,128.17805,37.883085,3044.8614744,-19.75,-8.962,267.768,0.9083657002065362
162.0333,128.177996,37.883086,3043.9930992,-16.791,-9.005,267.847,0.9083657002065362
162.05,128.177943,37.883086,3043.1207616,-13.796,-9.049,267.923,0.9083657002065362
162.0666,128.177889,37.883086,3042.2441568,-10.767,-9.095,267.996,0.9083657002065362
162.0833,128.177835,37.883087,3041.3629800000003,-7.705,-9.143,268.066,0.9083657002065362
162.1,128.177781,37.883087,3040.4781456,-4.617,-9.192,268.133,0.9083657002065362
162.1166,128.177727,37.883087,3039.5890440000003,-1.509,-9.243,268.195,0.9083657002065362
162.1333,128.177673,37.883088,3038.6965896000006,1.613,-9.275,268.253,0.9083657002065362
162.15,128.177619,37.883088,3037.8010872000004,4.747,-9.271,268.31,0.9083657002065362
162.1666,128.177565,37.883088,3036.9016224,7.888,-9.239,268.367,0.9083657002065362
162.1833,128.17751,37.883089,3035.9988048,11.032,-9.193,268.425,0.9083657002065362
162.2,128.177456,37.883089,3035.0923296,14.177,-9.143,268.485,0.9083657002065362
162.2166,128.177402,37.883089,3034.1825016,17.319,-9.095,268.545,0.9083657002065362
162.2333,128.177348,37.883089,3033.2699304000002,20.456,-9.031,268.615,0.9083657002065362
162.25,128.177294,37.88309,3032.3552256000003,23.586,-8.934,268.702,0.9083657002065362
162.2666,128.177239,37.88309,3031.4383872000003,26.708,-8.789,268.819,0.9083657002065362
162.2833,128.177185,37.88309,3030.5194152,29.824,-8.612,268.96,0.9083657002065362
162.3,128.177131,37.88309,3029.5983096000004,32.936,-8.423,269.119,0.9083657002065362
162.3166,128.177076,37.883091,3028.6753752000004,36.042,-8.238,269.288,0.9083657002065362
162.3333,128.177022,37.883091,3027.752136,39.139,-8.043,269.481,0.9083657002065362
162.35,128.176968,37.883091,3026.8285920000003,42.226,-7.827,269.712,0.9083657002065362
162.3666,128.176913,37.883091,3025.9044384,45.303,-7.596,269.981,0.9083657002065362
162.3833,128.176859,37.883092,3024.9802848000004,48.374,-7.364,270.276,0.9083657002065362
162.4,128.176804,37.883092,3024.0561312,51.442,-7.145,270.587,0.9083657002065362
162.4166,128.176749,37.883092,3023.1319776,54.508,-6.946,270.905,0.9083657002065362
162.4333,128.176695,37.883093,3022.2093480000003,57.31,-6.737,271.233,0.9083657002065362
162.45,128.17664,37.883093,3021.2891568,59.857,-6.512,271.584,0.9083657002065362
162.4666,128.176586,37.883093,3020.3720136,62.186,-6.289,271.958,0.9083657002065362
162.4833,128.176531,37.883094,3019.4582232000002,64.335,-6.088,272.35,0.9083657002065362
162.5,128.176476,37.883095,3018.5483952,66.346,-5.918,272.752,0.9083657002065362
162.5166,128.176421,37.883095,3017.64192,68.264,-5.779,273.159,0.9083657002065362
162.5333,128.176367,37.883096,3016.7384928,69.947,-5.647,273.575,0.9083657002065362
162.55,128.176312,37.883097,3015.8384184,71.422,-5.517,273.997,0.9083657002065362
162.5666,128.176257,37.883098,3014.9426112,72.695,-5.393,274.421,0.9083657002065362
162.5833,128.176202,37.883099,3014.0507664,73.787,-5.283,274.844,0.9083657002065362
162.6,128.176147,37.8831,3013.1628840000003,74.738,-5.192,275.264,0.9083657002065362
162.6166,128.176093,37.883102,3012.2792688000004,75.585,-5.121,275.681,0.9083657002065362
162.6333,128.176038,37.883104,3011.3990064,76.267,-5.058,276.092,0.9083657002065362
162.65,128.175983,37.883105,3010.5227064,76.802,-5.0,276.496,0.9083657002065362
162.6666,128.175928,37.883107,3009.6503688000003,77.198,-4.947,276.895,0.9083657002065362
162.6833,128.175873,37.88311,3008.7819936,77.48,-4.899,277.289,0.9083657002065362
162.7,128.175819,37.883112,3007.9169712000003,77.673,-4.86,277.677,0.9083657002065362
162.7166,128.175764,37.883114,3007.0553016,77.801,-4.829,278.061,0.9083657002065362
162.7333,128.175709,37.883117,3006.1972896,77.836,-4.8,278.438,0.9083657002065362
162.75,128.175654,37.88312,3005.3429352000003,77.794,-4.772,278.809,0.9083657002065362
162.7666,128.1756,37.883123,3004.4916288,77.694,-4.746,279.174,0.9083657002065362
162.7833,128.175545,37.883127,3003.6433704,77.548,-4.722,279.534,0.9083657002065362
162.8,128.17549,37.88313,3002.7987696,77.369,-4.7,279.889,0.9083657002065362
162.8166,128.175435,37.883134,3001.9572168000004,77.166,-4.679,280.24,0.9083657002065362
162.8333,128.175381,37.883137,3001.1187120000004,76.947,-4.66,280.586,0.9083657002065362
162.85,128.175326,37.883141,3000.2838647999997,76.717,-4.641,280.927,0.9083657002065362
162.8666,128.175271,37.883146,2999.4520656,76.481,-4.621,281.264,0.9083657002065362
162.8833,128.175217,37.88315,2998.623924,76.239,-4.6,281.595,0.9083657002065362
162.9,128.175162,37.883154,2997.7991352000004,75.993,-4.577,281.921,0.9083657002065362
162.9166,128.175108,37.883159,2996.978004,75.742,-4.554,282.243,0.9083657002065362
162.9333,128.175053,37.883164,2996.1608352000003,75.418,-4.523,282.556,0.9083657002065362
162.95,128.174998,37.883169,2995.3479336,75.025,-4.485,282.861,0.9083657002065362
162.9666,128.174944,37.883175,2994.5402136000002,74.569,-4.444,283.16,0.9083657002065362
162.9833,128.174889,37.88318,2993.7373704,74.058,-4.401,283.454,0.9083657002065362
163.0,128.174835,37.883186,2992.939404,73.504,-4.359,283.746,0.9083657002065362
163.0166,128.174781,37.883192,2992.1463144000004,72.916,-4.316,284.035,0.9083657002065362
163.0333,128.174726,37.883198,2991.3581016,72.333,-4.275,284.324,0.9083657002065362
163.05,128.174672,37.883204,2990.5747656,71.761,-4.233,284.613,0.9083657002065362
163.0666,128.174618,37.883211,2989.7960016,71.202,-4.189,284.9,0.9083657002065362
163.0833,128.174563,37.883217,2989.0224192000005,70.656,-4.141,285.185,0.9083657002065362
163.1,128.174509,37.883224,2988.2543232000003,70.119,-4.088,285.466,0.9083657002065362
163.1166,128.174455,37.883231,2987.4917136000004,69.588,-4.031,285.743,0.9083657002065362
163.1333,128.174401,37.883238,2986.7342856,69.104,-3.973,286.02,0.9083657002065362
163.15,128.174346,37.883246,2985.9820392,68.66,-3.915,286.295,0.9083657002065362
163.1666,128.174292,37.883253,2985.2352792,68.251,-3.855,286.569,0.9083657002065362
163.1833,128.174238,37.883261,2984.4943104,67.87,-3.792,286.84,0.9083657002065362
163.2,128.174184,37.883269,2983.7591328000003,67.51,-3.724,287.107,0.9083657002065362
163.2166,128.17413,37.883277,2983.0303559999998,67.164,-3.653,287.37,0.9083657002065362
163.2333,128.174076,37.883285,2982.3070656,66.862,-3.582,287.633,0.9083657002065362
163.25,128.174022,37.883293,2981.5889568000002,66.598,-3.511,287.894,0.9083657002065362
163.2666,128.173968,37.883302,2980.8775536,66.364,-3.44,288.153,0.9083657002065362
163.2833,128.173914,37.883311,2980.1719416000005,66.156,-3.366,288.41,0.9083657002065362
163.3,128.173861,37.88332,2979.4730352000006,65.966,-3.289,288.664,0.9083657002065362
163.3166,128.173807,37.883329,2978.7805296,65.789,-3.211,288.916,0.9083657002065362
163.3333,128.173753,37.883338,2978.0935104,65.64,-3.132,289.166,0.9083657002065362
163.35,128.173699,37.883347,2977.4135016,65.513,-3.054,289.414,0.9083657002065362
163.3666,128.173646,37.883357,2976.7395888,65.404,-2.975,289.662,0.9083657002065362
163.3833,128.173592,37.883367,2976.0723816,65.309,-2.896,289.908,0.9083657002065362
163.4,128.173538,37.883376,2975.4121848000004,65.226,-2.815,290.152,0.9083657002065362
163.4166,128.173485,37.883387,2974.7583888000004,65.149,-2.734,290.395,0.9083657002065362
163.4333,128.173431,37.883397,2974.1109936000003,65.086,-2.652,290.637,0.9083657002065362
163.45,128.173378,37.883407,2973.4706088000003,65.034,-2.57,290.878,0.9083657002065362
163.4666,128.173324,37.883418,2972.8366248,64.991,-2.489,291.118,0.9083657002065362
163.4833,128.173271,37.883428,2972.2096512,64.954,-2.407,291.357,0.9083657002065362
163.5,128.173218,37.883439,2971.589688,64.922,-2.325,291.596,0.9083657002065362
163.5166,128.173164,37.88345,2970.9764304000005,64.894,-2.242,291.834,0.9083657002065362
163.5333,128.173111,37.883462,2970.3701832,64.87,-2.159,292.071,0.9083657002065362
163.55,128.173058,37.883473,2969.7709464000004,64.849,-2.076,292.308,0.9083657002065362
163.5666,128.173005,37.883485,2969.1784152,64.83,-1.993,292.544,0.9083657002065362
163.5833,128.172952,37.883496,2968.5928943999998,64.813,-1.91,292.78,0.9083657002065362
163.6,128.172899,37.883508,2968.014384,64.797,-1.827,293.016,0.9083657002065362
163.6166,128.172846,37.883521,2967.442884,64.781,-1.744,293.251,0.9083657002065362
163.6333,128.172793,37.883533,2966.8783943999997,64.764,-1.661,293.486,0.9083657002065362
163.65,128.17274,37.883545,2966.32122,64.746,-1.577,293.721,0.9083657002065362
163.6666,128.172687,37.883558,2965.771056,64.725,-1.493,293.955,0.9083657002065362
163.6833,128.172635,37.883571,2965.2279024000004,64.704,-1.409,294.189,0.9083657002065362
163.7,128.172582,37.883584,2964.6917592,64.681,-1.325,294.423,0.9083657002065362
163.7166,128.172529,37.883597,2964.1626264,64.658,-1.241,294.657,0.9083657002065362
163.7333,128.172477,37.88361,2963.6408088000003,64.632,-1.157,294.891,0.9083657002065362
163.75,128.172425,37.883623,2963.1263064,64.603,-1.072,295.125,0.9083657002065362
163.7666,128.172372,37.883637,2962.6188144000002,64.573,-0.988,295.359,0.9083657002065362
163.7833,128.17232,37.883651,2962.1183328,64.542,-0.903,295.592,0.9083657002065362
163.8,128.172268,37.883665,2961.6251664,64.509,-0.818,295.825,0.9083657002065362
163.8166,128.172215,37.883679,2961.1393152,64.475,-0.733,296.059,0.9083657002065362
163.8333,128.172163,37.883693,2960.6604744,64.44,-0.647,296.292,0.9083657002065362
163.85,128.172111,37.883708,2960.1889488000006,64.402,-0.562,296.525,0.9083657002065362
163.8666,128.172059,37.883722,2959.7247384,64.363,-0.476,296.758,0.9083657002065362
163.8833,128.172008,37.883737,2959.2675384,64.323,-0.39,296.991,0.9083657002065362
163.9,128.171956,37.883752,2958.8179584,64.281,-0.303,297.223,0.9083657002065362
163.9166,128.171904,37.883767,2958.3753888,64.239,-0.217,297.456,0.9083657002065362
163.9333,128.171852,37.883782,2957.9404392,64.195,-0.13,297.689,0.9083657002065362
163.95,128.171801,37.883798,2957.5125000000003,64.147,-0.042,297.921,0.9083657002065362
163.9666,128.171749,37.883813,2957.0921808,64.098,0.044,298.153,0.9083657002065362
163.9833,128.171698,37.883829,2956.6791768,64.047,0.132,298.385,0.9083657002065362
164.0,128.171647,37.883845,2956.273488,63.995,0.22,298.617,0.9083657002065362
164.0166,128.171595,37.883861,2955.8751144000003,63.941,0.309,298.849,0.9083657002065362
164.0333,128.171544,37.883877,2955.484056,63.888,0.397,299.08,0.9083657002065362
164.05,128.171493,37.883894,2955.1006176,63.834,0.486,299.312,0.9083657002065362
164.0666,128.171442,37.88391,2954.7244944,63.781,0.575,299.544,0.9083657002065362
164.0833,128.171391,37.883927,2954.3559912,63.728,0.665,299.775,0.9083657002065362
164.1,128.17134,37.883944,2953.9948032,63.674,0.755,300.007,0.9083657002065362
164.1166,128.17129,37.883961,2953.6412352,63.621,0.845,300.238,0.9083657002065362
164.1333,128.171239,37.883978,2953.2949824,63.568,0.935,300.469,0.9083657002065362
164.15,128.171189,37.883996,2952.9566544,63.513,1.026,300.699,0.9083657002065362
164.1666,128.171138,37.884013,2952.6256416,63.458,1.117,300.93,0.9083657002065362
164.1833,128.171088,37.884031,2952.3022488000006,63.402,1.209,301.16,0.9083657002065362
164.2,128.171037,37.884049,2951.9861712,63.345,1.301,301.391,0.9083657002065362
164.2166,128.170987,37.884067,2951.6780184000004,63.288,1.393,301.621,0.9083657002065362
164.2333,128.170937,37.884085,2951.3774856,63.231,1.486,301.851,0.9083657002065362
164.25,128.170887,37.884103,2951.0845728000004,63.174,1.578,302.081,0.9083657002065362
164.2666,128.170837,37.884122,2950.79928,63.117,1.671,302.311,0.9083657002065362
164.2833,128.170787,37.884141,2950.5216072000003,63.061,1.765,302.54,0.9083657002065362
164.3,128.170738,37.884159,2950.2518592,63.004,1.859,302.77,0.9083657002065362
164.3166,128.170688,37.884178,2949.9894264,62.948,1.953,302.999,0.9083657002065362
164.3333,128.170639,37.884197,2949.7352232000003,62.89,2.047,303.228,0.9083657002065362
164.35,128.170589,37.884217,2949.48864,62.831,2.142,303.457,0.9083657002065362
164.3666,128.17054,37.884236,2949.2499816,62.771,2.237,303.686,0.9083657002065362
164.3833,128.170491,37.884256,2949.0189432,62.709,2.333,303.915,0.9083657002065362
164.4,128.170442,37.884275,2948.7958296,62.647,2.429,304.143,0.9083657002065362
164.4166,128.170393,37.884295,2948.5806408000003,62.584,2.525,304.372,0.9083657002065362
164.4333,128.170344,37.884315,2948.3733768,62.521,2.622,304.6,0.9083657002065362
164.45,128.170295,37.884336,2948.1740376,62.458,2.719,304.829,0.9083657002065362
164.4666,128.170246,37.884356,2947.9823184,62.395,2.816,305.057,0.9083657002065362
164.4833,128.170198,37.884376,2947.7988288,62.331,2.914,305.285,0.9083657002065362
164.5,128.170149,37.884397,2947.6232640000003,62.268,3.011,305.513,0.9083657002065362
164.5166,128.170101,37.884418,2947.4556239999997,62.205,3.11,305.74,0.9083657002065362
164.5333,128.170053,37.884439,2947.295604,62.292,3.194,305.973,0.9083657002065362
164.55,128.170004,37.88446,2947.1422896000004,62.521,3.266,306.21,0.9083657002065362
164.5666,128.169956,37.884481,2946.9950712000004,62.88,3.331,306.449,0.9083657002065362
164.5833,128.169908,37.884502,2946.8533392000004,63.35,3.397,306.687,0.9083657002065362
164.6,128.16986,37.884524,2946.7170936,63.911,3.466,306.923,0.9083657002065362
164.6166,128.169813,37.884545,2946.5860296,64.541,3.539,307.157,0.9083657002065362
164.6333,128.169765,37.884567,2946.4613664000003,65.206,3.614,307.39,0.9083657002065362
164.65,128.169717,37.884589,2946.343104,65.891,3.689,307.621,0.9083657002065362
164.6666,128.16967,37.884611,2946.2312424,66.586,3.762,307.853,0.9083657002065362
164.6833,128.169622,37.884633,2946.1248671999997,67.286,3.831,308.085,0.9083657002065362
164.7,128.169575,37.884655,2946.0248928,67.987,3.895,308.317,0.9083657002065362
164.7166,128.169528,37.884677,2945.9301,68.689,3.954,308.551,0.9083657002065362
164.7333,128.169481,37.8847,2945.841708,69.344,4.011,308.78,0.9083657002065362
164.75,128.169434,37.884723,2945.7591072,69.954,4.067,309.004,0.9083657002065362
164.7666,128.169387,37.884746,2945.6829072,70.524,4.12,309.227,0.9083657002065362
164.7833,128.16934,37.884769,2945.6118888,71.062,4.168,309.451,0.9083657002065362
164.8,128.169294,37.884792,2945.546052,71.573,4.211,309.677,0.9083657002065362
164.8166,128.169247,37.884815,2945.4853967999998,72.068,4.25,309.906,0.9083657002065362
164.8333,128.169201,37.884838,2945.430228,72.501,4.287,310.132,0.9083657002065362
164.85,128.169155,37.884862,2945.3805456,72.88,4.324,310.353,0.9083657002065362
164.8666,128.169109,37.884886,2945.33574,73.215,4.36,310.573,0.9083657002065362
164.8833,128.169063,37.88491,2945.296116,73.513,4.392,310.794,0.9083657002065362
164.9,128.169017,37.884934,2945.2607592000004,73.783,4.422,311.018,0.9083657002065362
164.9166,128.168972,37.884958,2945.2299744,74.032,4.448,311.244,0.9083657002065362
164.9333,128.168926,37.884982,2945.2043712000004,74.234,4.473,311.467,0.9083657002065362
164.95,128.168881,37.885007,2945.18334,74.393,4.499,311.687,0.9083657002065362
164.9666,128.168836,37.885032,2945.1665760000005,74.519,4.524,311.904,0.9083657002065362
164.9833,128.168791,37.885056,2945.1540792,74.617,4.548,312.122,0.9083657002065362
165.0,128.168746,37.885081,2945.1461544,74.694,4.57,312.342,0.9083657002065362
165.0166,128.168701,37.885107,2945.1421920000003,74.756,4.591,312.565,0.9083657002065362
165.0333,128.168657,37.885132,2945.1428016,74.788,4.611,312.784,0.9083657002065362
165.05,128.168612,37.885157,2945.1470688000004,74.796,4.632,312.999,0.9083657002065362
165.0666,128.168568,37.885183,2945.1559079999997,74.784,4.652,313.212,0.9083657002065362
165.0833,128.168524,37.885209,2945.1687096,74.756,4.673,313.425,0.9083657002065362
165.1,128.16848,37.885234,2945.1851688,74.715,4.693,313.64,0.9083657002065362
165.1166,128.168436,37.88526,2945.2058952,74.665,4.713,313.857,0.9083657002065362
165.1333,128.168392,37.885287,2945.230584,74.602,4.733,314.07,0.9083657002065362
165.15,128.168349,37.885313,2945.2592352000006,74.528,4.753,314.28,0.9083657002065362
165.1666,128.168305,37.885339,2945.2918488000005,74.446,4.774,314.488,0.9083657002065362
165.1833,128.168262,37.885366,2945.3284248,74.357,4.794,314.696,0.9083657002065362
165.2,128.168219,37.885392,2945.3686584,74.263,4.816,314.904,0.9083657002065362
165.2166,128.168176,37.885419,2945.4128544,74.164,4.838,315.114,0.9083657002065362
165.2333,128.168133,37.885446,2945.4610128,74.064,4.86,315.321,0.9083657002065362
165.25,128.16809,37.885473,2945.5131336,73.961,4.882,315.524,0.9083657002065362
165.2666,128.168048,37.8855,2945.568912,73.858,4.904,315.726,0.9083657002065362
165.2833,128.168005,37.885528,2945.6286528,73.753,4.926,315.928,0.9083657002065362
165.3,128.167963,37.885555,2945.6920511999997,73.648,4.95,316.13,0.9083657002065362
165.3166,128.167921,37.885583,2945.7597168,73.542,4.975,316.333,0.9083657002065362
165.3333,128.167879,37.885611,2945.8307352000006,73.439,5.0,316.533,0.9083657002065362
165.35,128.167837,37.885638,2945.905716,73.339,5.024,316.73,0.9083657002065362
165.3666,128.167795,37.885666,2945.9846592000004,73.242,5.048,316.925,0.9083657002065362
165.3833,128.167754,37.885694,2946.0675647999997,73.147,5.073,317.12,0.9083657002065362
165.4,128.167712,37.885723,2946.154128,73.054,5.1,317.316,0.9083657002065362
165.4166,128.167671,37.885751,2946.2443488000004,72.961,5.127,317.513,0.9083657002065362
165.4333,128.16763,37.885779,2946.338532,72.875,5.154,317.706,0.9083657002065362
165.45,128.167589,37.885808,2946.4366776,72.793,5.18,317.897,0.9083657002065362
165.4666,128.167548,37.885837,2946.5384808,72.715,5.207,318.087,0.9083657002065362
165.4833,128.167507,37.885866,2946.6439416000003,72.641,5.234,318.276,0.9083657002065362
165.5,128.167467,37.885895,2946.7533648,72.569,5.262,318.467,0.9083657002065362
165.5166,128.167426,37.885924,2946.8667504000005,72.499,5.291,318.657,0.9083657002065362
165.5333,128.167386,37.885953,2946.9837936000004,72.436,5.32,318.846,0.9083657002065362
165.55,128.167346,37.885982,2947.1044944,72.377,5.348,319.032,0.9083657002065362
165.5666,128.167306,37.886011,2947.2291576000002,72.323,5.376,319.217,0.9083657002065362
165.5833,128.167266,37.886041,2947.3574784,72.273,5.405,319.402,0.9083657002065362
165.6,128.167226,37.88607,2947.4894568,72.225,5.435,319.587,0.9083657002065362
165.6166,128.167186,37.8861,2947.6253976000003,72.179,5.465,319.773,0.9083657002065362
165.6333,128.167147,37.88613,2947.7646912,72.139,5.495,319.958,0.9083657002065362
165.65,128.167107,37.88616,2947.9079472,72.104,5.524,320.139,0.9083657002065362
165.6666,128.167068,37.88619,2948.0548608,72.073,5.553,320.32,0.9083657002065362
165.6833,128.167029,37.88622,2948.2057368,72.045,5.583,320.501,0.9083657002065362
165.7,128.16699,37.88625,2948.3599656,72.02,5.613,320.683,0.9083657002065362
165.7166,128.166951,37.886281,2948.5181568000003,71.997,5.644,320.865,0.9083657002065362
165.7333,128.166913,37.886311,2948.6797008000003,71.978,5.674,321.046,0.9083657002065362
165.75,128.166874,37.886342,2948.8449024,71.963,5.704,321.224,0.9083657002065362
165.7666,128.166836,37.886373,2949.0137616,71.952,5.734,321.402,0.9083657002065362
165.7833,128.166798,37.886403,2949.1862784000004,71.944,5.763,321.58,0.9083657002065362
165.8,128.16676,37.886434,2949.3624528000005,71.939,5.794,321.759,0.9083657002065362
165.8166,128.166722,37.886465,2949.5422848000003,71.934,5.825,321.938,0.9083657002065362
165.8333,128.166684,37.886496,2949.7254696,71.934,5.855,322.116,0.9083657002065362
165.85,128.166646,37.886528,2949.9123120000004,71.938,5.885,322.292,0.9083657002065362
165.8666,128.166608,37.886559,2950.1025072,71.944,5.915,322.467,0.9083657002065362
165.8833,128.166571,37.88659,2950.2963600000003,71.953,5.944,322.643,0.9083657002065362
165.9,128.166534,37.886622,2950.4938704,71.964,5.974,322.819,0.9083657002065362
165.9166,128.166497,37.886653,2950.6944288,71.976,6.005,322.997,0.9083657002065362
165.9333,128.16646,37.886685,2950.8986448,71.992,6.035,323.172,0.9083657002065362
165.95,128.166423,37.886717,2951.1065184000004,72.011,6.065,323.347,0.9083657002065362
165.9666,128.166386,37.886749,2951.31744,72.033,6.094,323.521,0.9083657002065362
165.9833,128.166349,37.886781,2951.5317144000005,72.056,6.123,323.695,0.9083657002065362
166.0,128.166313,37.886813,2951.7496464000005,72.082,6.153,323.87,0.9083657002065362
166.0166,128.166277,37.886845,2951.9709312,72.109,6.183,324.046,0.9083657002065362
166.0333,128.16624,37.886877,2952.1952640000004,72.139,6.212,324.22,0.9083657002065362
166.05,128.166204,37.88691,2952.4229496000003,72.173,6.241,324.394,0.9083657002065362
166.0666,128.166168,37.886942,2952.653988,72.208,6.27,324.567,0.9083657002065362
166.0833,128.166133,37.886975,2952.8883792,72.246,6.298,324.741,0.9083657002065362
166.1,128.166097,37.887007,2953.1258184000003,72.285,6.327,324.915,0.9083657002065362
166.1166,128.166062,37.88704,2953.3666104,72.326,6.356,325.09,0.9083657002065362
166.1333,128.166026,37.887073,2953.6104504000004,72.369,6.385,325.264,0.9083657002065362
166.15,128.165991,37.887106,2953.8576432,72.415,6.413,325.437,0.9083657002065362
166.1666,128.165956,37.887139,2954.107884,72.464,6.441,325.61,0.9083657002065362
166.1833,128.165921,37.887172,2954.3611728,72.514,6.468,325.784,0.9083657002065362
166.2,128.165886,37.887205,2954.6178144000005,72.565,6.496,325.957,0.9083657002065362
166.2166,128.165852,37.887238,2954.8771992,72.618,6.524,326.132,0.9083657002065362
166.2333,128.165817,37.887272,2955.1399368,72.674,6.552,326.306,0.9083657002065362
166.25,128.165783,37.887305,2955.4054176,72.732,6.579,326.48,0.9083657002065362
166.2666,128.165748,37.887339,2955.6739464,72.792,6.606,326.654,0.9083657002065362
166.2833,128.165714,37.887372,2955.9458280000003,72.853,6.633,326.828,0.9083657002065362
166.3,128.16568,37.887406,2956.2201480000003,72.917,6.659,327.002,0.9083657002065362
166.3166,128.165647,37.88744,2956.4978208,72.981,6.686,327.177,0.9083657002065362
166.3333,128.165613,37.887474,2956.7782368000003,73.048,6.713,327.352,0.9083657002065362
166.35,128.165579,37.887508,2957.061396,73.117,6.739,327.527,0.9083657002065362
166.3666,128.165546,37.887542,2957.3476032000003,73.187,6.764,327.701,0.9083657002065362
166.3833,128.165513,37.887576,2957.6365536,73.259,6.79,327.876,0.9083657002065362
166.4,128.16548,37.88761,2957.9282472,73.333,6.816,328.052,0.9083657002065362
166.4166,128.165447,37.887644,2958.2226840000003,73.408,6.841,328.228,0.9083657002065362
166.4333,128.165414,37.887679,2958.5201688,73.485,6.866,328.404,0.9083657002065362
166.45,128.165381,37.887713,2958.8200920000004,73.563,6.891,328.58,0.9083657002065362
166.4666,128.165348,37.887748,2959.1227584,73.644,6.916,328.757,0.9083657002065362
166.4833,128.165316,37.887782,2959.428168,73.726,6.94,328.934,0.9083657002065362
166.5,128.165284,37.887817,2959.7363208,73.809,6.964,329.111,0.9083657002065362
166.5166,128.165252,37.887852,2960.0472168000006,73.893,6.988,329.289,0.9083657002065362
166.5333,128.16522,37.887887,2960.3602464000005,73.979,7.012,329.467,0.9083657002065362
166.55,128.165188,37.887922,2960.676324,74.067,7.036,329.645,0.9083657002065362
166.5666,128.165156,37.887957,2960.99484,74.156,7.059,329.824,0.9083657002065362
166.5833,128.165124,37.887992,2961.3157944,74.246,7.082,330.004,0.9083657002065362
166.6,128.165093,37.888027,2961.6391872000004,74.337,7.105,330.183,0.9083657002065362
166.6166,128.165062,37.888062,2961.9653232,74.43,7.128,330.363,0.9083657002065362
166.6333,128.165031,37.888098,2962.2935928,74.524,7.15,330.544,0.9083657002065362
166.65,128.165,37.888133,2962.6246056000005,74.619,7.173,330.725,0.9083657002065362
166.6666,128.164969,37.888169,2962.9577520000003,74.716,7.195,330.908,0.9083657002065362
166.6833,128.164938,37.888204,2963.2933368000004,74.814,7.216,331.09,0.9083657002065362
166.7,128.164908,37.88824,2963.6313600000003,74.913,7.238,331.273,0.9083657002065362
166.7166,128.164877,37.888276,2963.9718215999997,75.013,7.259,331.456,0.9083657002065362
166.7333,128.164847,37.888312,2964.3144168000003,75.114,7.28,331.64,0.9083657002065362
166.75,128.164817,37.888348,2964.6591456,75.216,7.301,331.825,0.9083657002065362
166.7666,128.164787,37.888383,2965.0063128,75.319,7.322,332.01,0.9083657002065362
166.7833,128.164757,37.88842,2965.3559184,75.423,7.342,332.197,0.9083657002065362
166.8,128.164727,37.888456,2965.7073528,75.528,7.362,332.383,0.9083657002065362
166.8166,128.164698,37.888492,2966.0612256000004,75.634,7.382,332.569,0.9083657002065362
166.8333,128.164668,37.888528,2966.4172320000002,75.74,7.401,332.757,0.9083657002065362
166.85,128.164639,37.888564,2966.7750671999997,75.848,7.421,332.946,0.9083657002065362
166.8666,128.16461,37.888601,2967.1353408,75.956,7.44,333.137,0.9083657002065362
166.8833,128.164581,37.888637,2967.4974432000004,76.065,7.459,333.327,0.9083657002065362
166.9,128.164552,37.888674,2967.8616792000003,76.175,7.478,333.518,0.9083657002065362
166.9166,128.164524,37.888711,2968.2280488000006,76.285,7.496,333.709,0.9083657002065362
166.9333,128.164495,37.888747,2968.5962472,76.396,7.514,333.901,0.9083657002065362
166.95,128.164467,37.888784,2968.9665792,76.507,7.532,334.095,0.9083657002065362
166.9666,128.164439,37.888821,2969.33874,76.619,7.55,334.29,0.9083657002065362
166.9833,128.164411,37.888858,2969.7130344,76.731,7.567,334.485,0.9083657002065362
167.0,128.164383,37.888895,2970.0891576000004,76.843,7.585,334.681,0.9083657002065362
167.0166,128.164355,37.888932,2970.4671096,76.956,7.601,334.876,0.9083657002065362
167.0333,128.164327,37.888969,2970.8468904,77.069,7.618,335.074,0.9083657002065362
167.05,128.1643,37.889006,2971.2285,77.183,7.634,335.273,0.9083657002065362
167.0666,128.164273,37.889044,2971.6119384,77.297,7.651,335.474,0.9083657002065362
167.0833,128.164246,37.889081,2971.9969008000003,77.41,7.667,335.675,0.9083657002065362
167.1,128.164219,37.889118,2972.3839967999997,77.525,7.683,335.877,0.9083657002065362
167.1166,128.164192,37.889156,2972.7726168000004,77.639,7.698,336.077,0.9083657002065362
167.1333,128.164165,37.889193,2973.1630656,77.753,7.713,336.281,0.9083657002065362
167.15,128.164139,37.889231,2973.5550384000003,77.867,7.728,336.486,0.9083657002065362
167.1666,128.164112,37.889269,2973.94884,77.981,7.743,336.693,0.9083657002065362
167.1833,128.164086,37.889306,2974.3441656,78.095,7.758,336.901,0.9083657002065362
167.2,128.16406,37.889344,2974.74132,78.209,7.772,337.108,0.9083657002065362
167.2166,128.164034,37.889382,2975.1396936,78.323,7.785,337.314,0.9083657002065362
167.2333,128.164009,37.88942,2975.539896,78.436,7.799,337.524,0.9083657002065362
167.25,128.163983,37.889458,2975.9416224,78.549,7.813,337.736,0.9083657002065362
167.2666,128.163958,37.889496,2976.3448728000003,78.661,7.826,337.949,0.9083657002065362
167.2833,128.163933,37.889534,2976.7496472,78.773,7.839,338.163,0.9083657002065362
167.3,128.163908,37.889573,2977.1559456,78.884,7.852,338.376,0.9083657002065362
167.3166,128.163883,37.889611,2977.5634632,78.995,7.864,338.589,0.9083657002065362
167.3333,128.163858,37.889649,2977.9728096000003,79.106,7.876,338.805,0.9083657002065362
167.35,128.163834,37.889688,2978.3830704,79.215,7.888,339.023,0.9083657002065362
167.3666,128.163809,37.889726,2978.7951600000006,79.324,7.9,339.243,0.9083657002065362
167.3833,128.163785,37.889765,2979.2084688000004,79.432,7.912,339.463,0.9083657002065362
167.4,128.163761,37.889803,2979.6229968,79.539,7.923,339.683,0.9083657002065362
167.4166,128.163737,37.889842,2980.0390488000003,79.646,7.934,339.903,0.9083657002065362
167.4333,128.163714,37.889881,2980.4563200000002,79.751,7.944,340.125,0.9083657002065362
167.45,128.16369,37.88992,2980.8748104,79.856,7.955,340.351,0.9083657002065362
167.4666,128.163667,37.889959,2981.29452,79.96,7.966,340.578,0.9083657002065362
167.4833,128.163644,37.889997,2981.7157536,80.062,7.976,340.805,0.9083657002065362
167.5,128.163621,37.890036,2982.1379016,80.164,7.985,341.032,0.9083657002065362
167.5166,128.163598,37.890076,2982.5612688,80.266,7.995,341.258,0.9083657002065362
167.5333,128.163575,37.890115,2982.9861600000004,80.366,8.004,341.488,0.9083657002065362
167.55,128.163553,37.890154,2983.4119656000003,80.464,8.013,341.72,0.9083657002065362
167.5666,128.16353,37.890193,2983.8386856,80.562,8.022,341.954,0.9083657002065362
167.5833,128.163508,37.890232,2984.2669296000004,80.659,8.031,342.189,0.9083657002065362
167.6,128.163486,37.890272,2984.696088,80.754,8.04,342.423,0.9083657002065362
167.6166,128.163465,37.890311,2985.1264656000003,80.849,8.047,342.656,0.9083657002065362
167.6333,128.163443,37.890351,2985.5577576000005,80.943,8.055,342.892,0.9083657002065362
167.65,128.163422,37.89039,2985.9902688,81.035,8.063,343.132,0.9083657002065362
167.6666,128.163401,37.89043,2986.4236944,81.126,8.071,343.373,0.9083657002065362
167.6833,128.16338,37.890469,2986.8580344,81.216,8.079,343.615,0.9083657002065362
167.7,128.163359,37.890509,2987.2935936000003,81.304,8.086,343.856,0.9083657002065362
167.7166,128.163338,37.890549,2987.7300672,81.392,8.092,344.096,0.9083657002065362
167.7333,128.163318,37.890589,2988.1674552000004,81.478,8.099,344.339,0.9083657002065362
167.75,128.163297,37.890629,2988.6057576000003,81.563,8.106,344.587,0.9083657002065362
167.7666,128.163277,37.890669,2989.0449744000002,81.647,8.112,344.835,0.9083657002065362
167.7833,128.163257,37.890708,2989.4851056,81.73,8.119,345.084,0.9083657002065362
167.8,128.163238,37.890749,2989.926456,81.811,8.125,345.333,0.9083657002065362
167.8166,128.163218,37.890789,2990.3684160000003,81.892,8.13,345.58,0.9083657002065362
167.8333,128.163199,37.890829,2990.8109856,81.971,8.135,345.831,0.9083657002065362
167.85,128.16318,37.890869,2991.2547744,82.049,8.141,346.086,0.9083657002065362
167.8666,128.163161,37.890909,2991.6994776,82.125,8.147,346.342,0.9083657002065362
167.8833,128.163142,37.89095,2992.1447904,82.201,8.152,346.599,0.9083657002065362
167.9,128.163124,37.89099,2992.5910176,82.275,8.157,346.854,0.9083657002065362
167.9166,128.163105,37.89103,2993.0378544,82.348,8.162,347.109,0.9083657002065362
167.9333,128.163087,37.891071,2993.4856056000003,82.42,8.166,347.367,0.9083657002065362
167.95,128.163069,37.891111,2993.9339664000004,82.491,8.171,347.63,0.9083657002065362
167.9666,128.163052,37.891152,2994.3832416000005,82.561,8.176,347.894,0.9083657002065362
167.9833,128.163034,37.891192,2994.8334312,82.629,8.18,348.158,0.9083657002065362
168.0,128.163017,37.891233,2995.2839256,82.697,8.184,348.422,0.9083657002065362
168.0166,128.163,37.891274,2995.7353344000003,82.763,8.188,348.684,0.9083657002065362
168.0333,128.162983,37.891315,2996.1876576000004,82.828,8.191,348.949,0.9083657002065362
168.05,128.162966,37.891355,2996.6402856,82.891,8.195,349.219,0.9083657002065362
168.0666,128.16295,37.891396,2997.0938280000005,82.954,8.199,349.491,0.9083657002065362
168.0833,128.162933,37.891437,2997.5479800000003,83.016,8.203,349.762,0.9083657002065362
168.1,128.162917,37.891478,2998.0027416000003,83.076,8.206,350.033,0.9083657002065362
168.1166,128.162901,37.891519,2998.4584176,83.135,8.209,350.302,0.9083657002065362
168.1333,128.162886,37.89156,2998.9143984,83.193,8.212,350.575,0.9083657002065362
168.15,128.16287,37.891601,2999.3709888000003,83.25,8.215,350.853,0.9083657002065362
168.1666,128.162855,37.891642,2999.8284936000005,83.306,8.219,351.132,0.9083657002065362
168.1833,128.16284,37.891684,3000.2863032000005,83.361,8.222,351.41,0.9083657002065362
168.2,128.162825,37.891725,3000.7447224000002,83.415,8.224,351.688,0.9083657002065362
168.2166,128.162811,37.891766,3001.204056,83.467,8.227,351.965,0.9083657002065362
168.2333,128.162796,37.891807,3001.6639992,83.673,8.212,352.236,0.9083657002065362
168.25,128.162782,37.891849,3002.124552,84.024,8.182,352.502,0.9083657002065362
168.2666,128.162768,37.89189,3002.5844952,84.524,8.142,352.764,0.9083657002065362
168.2833,128.162754,37.891931,3003.0438288,85.176,8.098,353.024,0.9083657002065362
168.3,128.162741,37.891973,3003.5025528,85.974,8.053,353.283,0.9083657002065362
168.3166,128.162727,37.892014,3003.9606672,86.911,8.006,353.54,0.9083657002065362
168.3333,128.162714,37.892056,3004.4172576000005,87.979,7.957,353.799,0.9083657002065362
168.35,128.162701,37.892097,3004.8729336,89.169,7.902,354.06,0.9083657002065362
168.3666,128.162687,37.892139,3005.3267808,90.473,7.842,354.321,0.9083657002065362
168.3833,128.162674,37.892181,3005.779104,91.884,7.774,354.58,0.9083657002065362
168.4,128.162662,37.892222,3006.2292936000003,93.396,7.698,354.836,0.9083657002065362
168.4166,128.162649,37.892264,3006.6773496,94.991,7.615,355.088,0.9083657002065362
168.4333,128.162636,37.892306,3007.1220528000003,96.556,7.534,355.345,0.9083657002065362
168.45,128.162624,37.892348,3007.5637079999997,98.078,7.456,355.606,0.9083657002065362
168.4666,128.162612,37.892389,3008.0020104,99.556,7.375,355.869,0.9083657002065362
168.4833,128.1626,37.892431,3008.4369600000005,100.99,7.284,356.128,0.9083657002065362
168.5,128.162588,37.892473,3008.8673375999997,102.385,7.183,356.384,0.9083657002065362
168.5166,128.162577,37.892515,3009.2931432,103.751,7.069,356.636,0.9083657002065362
168.5333,128.162565,37.892557,3009.7152912,105.205,6.937,356.861,0.9083657002065362
168.55,128.162554,37.892599,3010.1325624000006,106.745,6.795,357.042,0.9083657002065362
168.5666,128.162543,37.892641,3010.5452616000002,108.378,6.655,357.164,0.9083657002065362
168.5833,128.162532,37.892683,3010.953084,110.106,6.531,357.209,0.9083657002065362
168.6,128.162521,37.892725,3011.3569440000006,111.926,6.432,357.163,0.9083657002065362
168.6166,128.16251,37.892767,3011.7568416000004,113.835,6.359,357.032,0.9083657002065362
168.6333,128.1625,37.89281,3012.1530816,115.832,6.305,356.836,0.9083657002065362
168.65,128.162489,37.892852,3012.545664,117.919,6.263,356.597,0.9083657002065362
168.6666,128.162478,37.892894,3012.9345888000003,120.098,6.224,356.335,0.9083657002065362
168.6833,128.162468,37.892936,3013.3201608,122.37,6.177,356.068,0.9083657002065362
168.7,128.162457,37.892979,3013.7020752000003,124.738,6.112,355.812,0.9083657002065362
168.7166,128.162447,37.893021,3014.0809416,127.201,6.022,355.574,0.9083657002065362
168.7333,128.162437,37.893063,3014.4567600000005,129.758,5.911,355.346,0.9083657002065362
168.75,128.162426,37.893106,3014.8304448,132.405,5.786,355.12,0.9083657002065362
168.7666,128.162416,37.893148,3015.2016912000004,135.14,5.653,354.89,0.9083657002065362
168.7833,128.162406,37.89319,3015.570804,137.959,5.517,354.653,0.9083657002065362
168.8,128.162395,37.893233,3015.9383928,140.86,5.38,354.408,0.9083657002065362
168.8166,128.162385,37.893275,3016.3047624000005,143.839,5.244,354.156,0.9083657002065362
168.8333,128.162375,37.893318,3016.6699128,146.894,5.112,353.897,0.9083657002065362
168.85,128.162364,37.89336,3017.0344536,150.02,4.986,353.632,0.9083657002065362
168.8666,128.162354,37.893403,3017.3971656,153.204,4.868,353.365,0.9083657002065362
168.8833,128.162344,37.893446,3017.7586584,156.43,4.761,353.097,0.9083657002065362
168.9,128.162333,37.893488,3018.1189320000003,159.688,4.665,352.832,0.9083657002065362
168.9166,128.162323,37.893531,3018.4779864,162.969,4.583,352.572,0.9083657002065362
168.9333,128.162313,37.893573,3018.8361264,166.265,4.515,352.32,0.9083657002065362
168.95,128.162303,37.893616,3019.1930472,169.572,4.462,352.079,0.9083657002065362
168.9666,128.162292,37.893659,3019.5496632,172.885,4.423,351.853,0.9083657002065362
168.9833,128.162282,37.893702,3019.9056696,176.2,4.397,351.643,0.9083657002065362
169.0,128.162272,37.893744,3020.2613712,179.516,4.383,351.453,0.9083657002065362
169.0166,128.162262,37.893787,3020.6170728,-177.166,4.379,351.283,0.9083657002065362
169.0333,128.162251,37.89383,3020.9730792,-173.849,4.384,351.138,0.9083657002065362
169.05,128.162241,37.893873,3021.3296952,-170.532,4.395,351.017,0.9083657002065362
169.0666,128.162231,37.893916,3021.686616,-167.216,4.409,350.922,0.9083657002065362
169.0833,128.16222,37.893958,3022.0444512,-163.9,4.425,350.854,0.9083657002065362
169.1,128.16221,37.894001,3022.4028960000005,-160.585,4.438,350.813,0.9083657002065362
169.1166,128.1622,37.894044,3022.7622552000003,-157.288,4.449,350.791,0.9083657002065362
169.1333,128.16219,37.894087,3023.1216144000005,-154.031,4.445,350.769,0.9083657002065362
169.15,128.162179,37.89413,3023.4806688000003,-150.822,4.412,350.73,0.9083657002065362
169.1666,128.162169,37.894173,3023.8400280000005,-147.659,4.335,350.661,0.9083657002065362
169.1833,128.162159,37.894216,3024.1990824000004,-144.532,4.219,350.56,0.9083657002065362
169.2,128.162149,37.894259,3024.5581368000003,-141.433,4.082,350.435,0.9083657002065362
169.2166,128.162139,37.894302,3024.9171912,-138.354,3.937,350.298,0.9083657002065362
169.2333,128.162129,37.894345,3025.2747216,-135.298,3.775,350.133,0.9083657002065362
169.25,128.162119,37.894388,3025.6304232,-132.265,3.584,349.925,0.9083657002065362
169.2666,128.162109,37.894432,3025.9839912,-129.256,3.37,349.671,0.9083657002065362
169.2833,128.162098,37.894475,3026.3351208000004,-126.27,3.147,349.385,0.9083657002065362
169.3,128.162088,37.894518,3026.683812,-123.304,2.931,349.08,0.9083657002065362
169.3166,128.162078,37.894561,3027.0291504,-120.354,2.731,348.768,0.9083657002065362
169.3333,128.162068,37.894604,3027.3699168000003,-117.559,2.531,348.437,0.9083657002065362
169.35,128.162058,37.894648,3027.7051968,-114.909,2.322,348.071,0.9083657002065362
169.3666,128.162048,37.894691,3028.0346856,-112.381,2.12,347.675,0.9083657002065362
169.3833,128.162038,37.894734,3028.3577736,-109.95,1.939,347.263,0.9083657002065362
169.4,128.162027,37.894777,3028.6753752000004,-107.589,1.785,346.847,0.9083657002065362
169.4166,128.162017,37.894821,3028.9881,-105.275,1.66,346.436,0.9083657002065362
169.4333,128.162006,37.894864,3029.2953384,-103.237,1.535,346.017,0.9083657002065362
169.45,128.161996,37.894907,3029.5970904,-101.45,1.407,345.587,0.9083657002065362
169.4666,128.161985,37.894951,3029.8921368,-99.869,1.289,345.152,0.9083657002065362
169.4833,128.161974,37.894994,3030.1813920000004,-98.455,1.195,344.717,0.9083657002065362
169.5,128.161963,37.895037,3030.4642464000003,-97.163,1.127,344.289,0.9083657002065362
169.5166,128.161952,37.89508,3030.7419192,-95.953,1.083,343.87,0.9083657002065362
169.5333,128.161941,37.895123,3031.0153248,-94.963,1.043,343.456,0.9083657002065362
169.55,128.161929,37.895167,3031.2835488000005,-94.16,1.002,343.046,0.9083657002065362
169.5666,128.161917,37.89521,3031.5465912000004,-93.507,0.965,342.642,0.9083657002065362
169.5833,128.161905,37.895253,3031.8047568,-92.972,0.94,342.245,0.9083657002065362
169.6,128.161893,37.895296,3032.0583504,-92.524,0.928,341.856,0.9083657002065362
169.6166,128.161881,37.895339,3032.3076768,-92.135,0.927,341.476,0.9083657002065362
169.6333,128.161868,37.895382,3032.5530408,-91.863,0.926,341.103,0.9083657002065362
169.65,128.161855,37.895425,3032.7947472,-91.688,0.924,340.737,0.9083657002065362
169.6666,128.161842,37.895468,3033.0318816,-91.589,0.922,340.377,0.9083657002065362
169.6833,128.161829,37.895511,3033.2653584,-91.551,0.923,340.024,0.9083657002065362
169.7,128.161815,37.895553,3033.4948728000004,-91.558,0.927,339.677,0.9083657002065362
169.7166,128.161802,37.895596,3033.7204248000003,-91.597,0.934,339.335,0.9083657002065362
169.7333,128.161788,37.895639,3033.9423192000004,-91.679,0.941,338.998,0.9083657002065362
169.75,128.161774,37.895682,3034.160556,-91.796,0.946,338.667,0.9083657002065362
169.7666,128.161759,37.895724,3034.3748304000005,-91.939,0.95,338.34,0.9083657002065362
169.7833,128.161745,37.895767,3034.5851423999998,-92.102,0.953,338.017,0.9083657002065362
169.8,128.16173,37.895809,3034.7917967999997,-92.283,0.955,337.699,0.9083657002065362
169.8166,128.161715,37.895852,3034.9944888,-92.475,0.957,337.385,0.9083657002065362
169.8333,128.1617,37.895894,3035.1935232,-92.672,0.957,337.074,0.9083657002065362
169.85,128.161684,37.895936,3035.3885952,-92.87,0.956,336.766,0.9083657002065362
169.8666,128.161669,37.895979,3035.5794,-93.068,0.954,336.462,0.9083657002065362
169.8833,128.161653,37.896021,3035.7665472,-93.268,0.949,336.162,0.9083657002065362
169.9,128.161637,37.896063,3035.9494272,-93.468,0.942,335.864,0.9083657002065362
169.9166,128.16162,37.896105,3036.1283448,-93.671,0.933,335.57,0.9083657002065362
169.9333,128.161604,37.896147,3036.3033,-93.862,0.923,335.278,0.9083657002065362
169.95,128.161587,37.896189,3036.4736832,-94.043,0.913,334.989,0.9083657002065362
169.9666,128.16157,37.896231,3036.6404088,-94.215,0.901,334.702,0.9083657002065362
169.9833,128.161553,37.896273,3036.8025624000006,-94.38,0.886,334.418,0.9083657002065362
170.0,128.161536,37.896315,3036.9604488000004,-94.541,0.87,334.136,0.9083657002065362
170.0166,128.161518,37.896357,3037.1140680000003,-94.7,0.851,333.856,0.9083657002065362
170.0333,128.1615,37.896399,3037.26342,-94.845,0.832,333.579,0.9083657002065362
170.05,128.161482,37.89644,3037.4082000000003,-94.978,0.812,333.303,0.9083657002065362
170.0666,128.161464,37.896482,3037.5487128,-95.102,0.791,333.029,0.9083657002065362
170.0833,128.161446,37.896524,3037.6846536,-95.219,0.768,332.757,0.9083657002065362
170.1,128.161427,37.896565,3037.8163272,-95.33,0.744,332.487,0.9083657002065362
170.1166,128.161408,37.896606,3037.9434287999998,-95.439,0.718,332.218,0.9083657002065362
170.1333,128.161389,37.896648,3038.0662632,-95.537,0.691,331.951,0.9083657002065362
170.15,128.16137,37.896689,3038.1842208000003,-95.626,0.664,331.685,0.9083657002065362
170.1666,128.16135,37.89673,3038.2976064,-95.707,0.636,331.421,0.9083657002065362
170.1833,128.161331,37.896771,3038.4067248,-95.783,0.606,331.157,0.9083657002065362
170.2,128.161311,37.896813,3038.5109664,-95.856,0.576,330.895,0.9083657002065362
170.2166,128.16129,37.896854,3038.6109408,-95.926,0.544,330.634,0.9083657002065362
170.2333,128.16127,37.896895,3038.7060384,-95.989,0.512,330.375,0.9083657002065362
170.25,128.16125,37.896935,3038.796564,-96.047,0.479,330.116,0.9083657002065362
170.2666,128.161229,37.896976,3038.8825176,-96.099,0.446,329.858,0.9083657002065362
170.2833,128.161208,37.897017,3038.9635943999997,-96.149,0.412,329.601,0.9083657002065362
170.3,128.161187,37.897058,3039.0400992,-96.196,0.376,329.345,0.9083657002065362
170.3166,128.161165,37.897098,3039.112032,-96.242,0.341,329.09,0.9083657002065362
170.3333,128.161144,37.897139,3039.179088,-96.284,0.304,328.835,0.9083657002065362
170.35,128.161122,37.897179,3039.241572,-96.322,0.267,328.581,0.9083657002065362
170.3666,128.1611,37.897219,3039.299484,-96.357,0.23,328.328,0.9083657002065362
170.3833,128.161078,37.89726,3039.3525192,-96.391,0.192,328.075,0.9083657002065362
170.4,128.161055,37.8973,3039.4006776,-96.424,0.154,327.823,0.9083657002065362
170.4166,128.161032,37.89734,3039.444264,-96.456,0.115,327.571,0.9083657002065362
170.4333,128.16101,37.89738,3039.4832784000005,-96.485,0.075,327.32,0.9083657002065362
170.45,128.160987,37.89742,3039.517416,-96.513,0.036,327.07,0.9083657002065362
170.4666,128.160963,37.89746,3039.5466768,-96.538,-0.003,326.819,0.9083657002065362
170.4833,128.16094,37.8975,3039.5713656000003,-96.563,-0.044,326.57,0.9083657002065362
170.5,128.160916,37.89754,3039.5911776000003,-96.587,-0.085,326.32,0.9083657002065362
170.5166,128.160892,37.897579,3039.6064176,-96.611,-0.127,326.071,0.9083657002065362
170.5333,128.160868,37.897619,3039.6167808,-96.634,-0.169,325.823,0.9083657002065362
170.55,128.160844,37.897658,3039.6222672,-96.654,-0.211,325.574,0.9083657002065362
170.5666,128.160819,37.897698,3039.6231816,-96.674,-0.254,325.326,0.9083657002065362
170.5833,128.160795,37.897737,3039.6192192000003,-96.693,-0.296,325.079,0.9083657002065362
170.6,128.16077,37.897776,3039.6106848000004,-96.712,-0.34,324.831,0.9083657002065362
170.6166,128.160745,37.897815,3039.5972736000003,-96.73,-0.383,324.584,0.9083657002065362
170.6333,128.160719,37.897854,3039.5789856,-96.747,-0.427,324.337,0.9083657002065362
170.65,128.160694,37.897893,3039.5558208,-96.762,-0.472,324.091,0.9083657002065362
170.6666,128.160668,37.897932,3039.528084,-96.777,-0.516,323.844,0.9083657002065362
170.6833,128.160642,37.897971,3039.4954704,-96.791,-0.561,323.598,0.9083657002065362
170.7,128.160616,37.89801,3039.4582848000005,-96.804,-0.606,323.352,0.9083657002065362
170.7166,128.16059,37.898048,3039.4159176,-96.817,-0.651,323.106,0.9083657002065362
170.7333,128.160563,37.898087,3039.3689784000003,-96.829,-0.697,322.861,0.9083657002065362
170.75,128.160536,37.898125,3039.3174672,-96.839,-0.743,322.615,0.9083657002065362
170.7666,128.160509,37.898164,3039.2607744,-96.849,-0.789,322.37,0.9083657002065362
170.7833,128.160482,37.898202,3039.1995096,-96.857,-0.835,322.125,0.9083657002065362
170.8,128.160455,37.89824,3039.1333680000002,-96.865,-0.881,321.88,0.9083657002065362
170.8166,128.160427,37.898278,3039.0626544,-96.873,-0.928,321.635,0.9083657002065362
170.8333,128.1604,37.898316,3038.9870640000004,-96.879,-0.975,321.39,0.9083657002065362
170.85,128.160372,37.898354,3038.9065968,-96.884,-1.022,321.146,0.9083657002065362
170.8666,128.160344,37.898392,3038.8212528000004,-96.887,-1.069,320.902,0.9083657002065362
170.8833,128.160315,37.898429,3038.731032,-96.89,-1.117,320.657,0.9083657002065362
170.9,128.160287,37.898467,3038.6362392,-96.892,-1.164,320.413,0.9083657002065362
170.9166,128.160258,37.898504,3038.5365696,-96.893,-1.212,320.169,0.9083657002065362
170.9333,128.160229,37.898542,3038.4323280000003,-96.893,-1.26,319.925,0.9083657002065362
170.95,128.1602,37.898579,3038.3232096,-96.892,-1.308,319.682,0.9083657002065362
170.9666,128.160171,37.898616,3038.2092144000003,-96.889,-1.356,319.438,0.9083657002065362
170.9833,128.160142,37.898653,3038.0903424,-96.886,-1.404,319.194,0.9083657002065362
171.0,128.160112,37.89869,3037.9668984000004,-96.882,-1.453,318.951,0.9083657002065362
171.0166,128.160082,37.898727,3037.8385776,-96.877,-1.501,318.708,0.9083657002065362
171.0333,128.160052,37.898764,3037.7053800000003,-96.87,-1.55,318.464,0.9083657002065362
171.05,128.160022,37.8988,3037.5673056000005,-96.863,-1.599,318.221,0.9083657002065362
171.0666,128.159991,37.898837,3037.4246592000004,-96.854,-1.647,317.978,0.9083657002065362
171.0833,128.159961,37.898873,3037.2774408,-96.844,-1.696,317.735,0.9083657002065362
171.1,128.15993,37.89891,3037.1250408,-96.833,-1.745,317.492,0.9083657002065362
171.1166,128.159899,37.898946,3036.9680688000003,-96.822,-1.794,317.249,0.9083657002065362
171.1333,128.159868,37.898982,3036.8065248000003,-96.809,-1.843,317.006,0.9083657002065362
171.15,128.159837,37.899018,3036.640104,-96.795,-1.892,316.764,0.9083657002065362
171.1666,128.159805,37.899054,3036.4688064,-96.779,-1.941,316.521,0.9083657002065362
171.1833,128.159773,37.89909,3036.2929368000005,-96.763,-1.99,316.278,0.9083657002065362
171.2,128.159741,37.899126,3036.1121904,-96.746,-2.039,316.036,0.9083657002065362
171.2166,128.159709,37.899161,3035.9265672,-96.728,-2.088,315.793,0.9083657002065362
171.2333,128.159677,37.899197,3035.7366768,-96.709,-2.137,315.551,0.9083657002065362
171.25,128.159645,37.899232,3035.5416048,-96.688,-2.186,315.308,0.9083657002065362
171.2666,128.159612,37.899267,3035.3419608,-96.667,-2.235,315.066,0.9083657002065362
171.2833,128.159579,37.899302,3035.1377448,-96.644,-2.284,314.823,0.9083657002065362
171.3,128.159546,37.899337,3034.928652,-96.62,-2.332,314.581,0.9083657002065362
171.3166,128.159513,37.899372,3034.7149872000005,-96.596,-2.381,314.339,0.9083657002065362
171.3333,128.15948,37.899407,3034.4967504,-96.571,-2.43,314.097,0.9083657002065362
171.35,128.159446,37.899442,3034.2736368,-96.544,-2.479,313.854,0.9083657002065362
171.3666,128.159412,37.899477,3034.0459511999998,-96.516,-2.527,313.612,0.9083657002065362
171.3833,128.159379,37.899511,3033.8133888,-96.487,-2.576,313.37,0.9083657002065362
171.4,128.159345,37.899545,3033.5765592000002,-96.457,-2.624,313.128,0.9083657002065362
171.4166,128.15931,37.89958,3033.3348528,-96.427,-2.673,312.886,0.9083657002065362
171.4333,128.159276,37.899614,3033.0885744,-96.395,-2.721,312.644,0.9083657002065362
171.45,128.159241,37.899648,3032.8374192000006,-96.362,-2.769,312.402,0.9083657002065362
171.4666,128.159207,37.899682,3032.5819968,-96.328,-2.817,312.16,0.9083657002065362
171.4833,128.159172,37.899715,3032.3216976000003,-96.293,-2.865,311.918,0.9083657002065362
171.5,128.159136,37.899749,3032.0568264,-96.258,-2.913,311.675,0.9083657002065362
171.5166,128.159101,37.899783,3031.787688,-96.222,-2.961,311.433,0.9083657002065362
171.5333,128.159066,37.899816,3031.5136728,-96.184,-3.008,311.191,0.9083657002065362
171.55,128.15903,37.899849,3031.2350856,-96.145,-3.056,310.949,0.9083657002065362
171.5666,128.158994,37.899882,3030.9522312,-96.106,-3.103,310.707,0.9083657002065362
171.5833,128.158958,37.899915,3030.6645000000003,-96.065,-3.15,310.465,0.9083657002065362
171.6,128.158922,37.899948,3030.3725016,-96.024,-3.197,310.223,0.9083657002065362
171.6166,128.158886,37.899981,3030.0756264,-95.982,-3.244,309.981,0.9083657002065362
171.6333,128.158849,37.900014,3029.774484,-95.939,-3.291,309.739,0.9083657002065362
171.65,128.158813,37.900046,3029.4690744,-95.894,-3.337,309.497,0.9083657002065362
171.6666,128.158776,37.900079,3029.158788,-95.849,-3.383,309.255,0.9083657002065362
171.6833,128.158739,37.900111,3028.8442344,-95.803,-3.429,309.013,0.9083657002065362
171.7,128.158702,37.900143,3028.5251088,-95.756,-3.475,308.771,0.9083657002065362
171.7166,128.158665,37.900175,3028.201716,-95.709,-3.521,308.529,0.9083657002065362
171.7333,128.158627,37.900207,3027.8737512,-95.66,-3.566,308.287,0.9083657002065362
171.75,128.158589,37.900239,3027.5415192000005,-95.611,-3.611,308.045,0.9083657002065362
171.7666,128.158552,37.900271,3027.20502,-95.56,-3.656,307.803,0.9083657002065362
171.7833,128.158514,37.900302,3026.8639488000003,-95.509,-3.701,307.56,0.9083657002065362
171.8,128.158476,37.900334,3026.5183056000005,-95.457,-3.746,307.318,0.9083657002065362
171.8166,128.158437,37.900365,3026.1687,-95.404,-3.79,307.076,0.9083657002065362
171.8333,128.158399,37.900396,3025.8145224,-95.35,-3.834,306.834,0.9083657002065362
171.85,128.15836,37.900427,3025.4560776000003,-95.296,-3.878,306.592,0.9083657002065362
171.8666,128.158321,37.900458,3025.0933656,-95.24,-3.922,306.349,0.9083657002065362
171.8833,128.158283,37.900489,3024.7263864,-95.184,-3.965,306.107,0.9083657002065362
171.9,128.158243,37.900519,3024.35514,-95.127,-4.008,305.865,0.9083657002065362
171.9166,128.158204,37.90055,3023.9796264,-95.069,-4.051,305.623,0.9083657002065362
171.9333,128.158165,37.90058,3023.5998456,-95.011,-4.094,305.38,0.9083657002065362
171.95,128.158125,37.90061,3023.2161024,-94.952,-4.136,305.138,0.9083657002065362
171.9666,128.158086,37.90064,3022.8277872000003,-94.891,-4.178,304.895,0.9083657002065362
171.9833,128.158046,37.90067,3022.4355096000004,-94.831,-4.22,304.653,0.9083657002065362
172.0,128.158006,37.9007,3022.0392696,-94.769,-4.261,304.411,0.9083657002065362
172.0166,128.157966,37.90073,3021.6384576000005,-94.707,-4.303,304.168,0.9083657002065362
172.0333,128.157925,37.900759,3021.2336832,-94.644,-4.343,303.925,0.9083657002065362
172.05,128.157885,37.900789,3020.8249464000005,-94.581,-4.384,303.683,0.9083657002065362
172.0666,128.157844,37.900818,3020.4119424,-94.516,-4.424,303.44,0.9083657002065362
172.0833,128.157803,37.900847,3019.9949760000004,-94.451,-4.464,303.198,0.9083657002065362
172.1,128.157762,37.900876,3019.5740472,-94.386,-4.504,302.955,0.9083657002065362
172.1166,128.157721,37.900905,3019.149156,-94.32,-4.544,302.712,0.9083657002065362
172.1333,128.15768,37.900934,3018.7199976,-94.253,-4.583,302.47,0.9083657002065362
172.15,128.157639,37.900962,3018.2871816,-94.185,-4.621,302.227,0.9083657002065362
172.1666,128.157597,37.900991,3017.8500984,-94.117,-4.66,301.984,0.9083657002065362
172.1833,128.157556,37.901019,3017.4093576000005,-94.049,-4.698,301.741,0.9083657002065362
172.2,128.157514,37.901047,3016.9643496,-93.979,-4.736,301.498,0.9083657002065362
172.2166,128.157472,37.901075,3016.515684,-93.91,-4.773,301.255,0.9083657002065362
172.2333,128.15743,37.901103,3016.063056,-93.84,-4.811,301.012,0.9083657002065362
172.25,128.157388,37.90113,3015.6067704,-93.769,-4.848,300.769,0.9083657002065362
172.2666,128.157345,37.901158,3015.1465224,-93.698,-4.884,300.526,0.9083657002065362
172.2833,128.157303,37.901185,3014.6823120000004,-93.626,-4.92,300.283,0.9083657002065362
172.3,128.15726,37.901213,3014.214444,-93.553,-4.956,300.04,0.9083657002065362
172.3166,128.157217,37.90124,3013.7429184000002,-93.481,-4.992,299.797,0.9083657002065362
172.3333,128.157174,37.901267,3013.2677352000005,-93.408,-5.027,299.553,0.9083657002065362
172.35,128.157131,37.901294,3012.7885896000003,-93.334,-5.062,299.31,0.9083657002065362
172.3666,128.157088,37.90132,3012.3057864,-93.26,-5.096,299.067,0.9083657002065362
172.3833,128.157045,37.901347,3011.8193256000004,-93.186,-5.13,298.823,0.9083657002065362
172.4,128.157001,37.901373,3011.3292072000004,-93.111,-5.164,298.58,0.9083657002065362
172.4166,128.156957,37.901399,3010.835736,-93.036,-5.198,298.336,0.9083657002065362
172.4333,128.156914,37.901426,3010.3383024,-92.961,-5.231,298.094,0.9083657002065362
172.45,128.15687,37.901452,3009.837516,-92.885,-5.264,297.851,0.9083657002065362
172.4666,128.156826,37.901477,3009.333072,-92.81,-5.296,297.61,0.9083657002065362
172.4833,128.156782,37.901503,3008.8252752000003,-92.734,-5.328,297.368,0.9083657002065362
172.5,128.156737,37.901528,3008.3138208,-92.657,-5.36,297.126,0.9083657002065362
172.5166,128.156693,37.901554,3007.7987088,-92.581,-5.391,296.884,0.9083657002065362
172.5333,128.156648,37.901579,3007.2805488000004,-92.504,-5.422,296.645,0.9083657002065362
172.55,128.156604,37.901604,3006.7587312,-92.428,-5.452,296.41,0.9083657002065362
172.5666,128.156559,37.901629,3006.2335608,-92.352,-5.482,296.176,0.9083657002065362
172.5833,128.156514,37.901654,3005.7050375999997,-92.276,-5.511,295.942,0.9083657002065362
172.6,128.156469,37.901678,3005.1731616,-92.199,-5.541,295.708,0.9083657002065362
172.6166,128.156424,37.901703,3004.6379328000003,-92.123,-5.569,295.474,0.9083657002065362
172.6333,128.156378,37.901727,3004.0993512,-92.047,-5.598,295.242,0.9083657002065362
172.65,128.156333,37.901751,3003.5574168000003,-91.971,-5.626,295.012,0.9083657002065362
172.6666,128.156287,37.901775,3003.0124344,-91.895,-5.654,294.784,0.9083657002065362
172.6833,128.156242,37.901799,3002.4640992,-91.82,-5.681,294.555,0.9083657002065362
172.7,128.156196,37.901822,3001.9127160000003,-91.744,-5.708,294.326,0.9083657002065362
172.7166,128.15615,37.901846,3001.3582848000005,-91.668,-5.735,294.096,0.9083657002065362
172.7333,128.156104,37.901869,3000.8005008000005,-91.593,-5.761,293.867,0.9083657002065362
172.75,128.156058,37.901892,3000.239364,-91.519,-5.787,293.64,0.9083657002065362
172.7666,128.156012,37.901915,2999.6754840000003,-91.444,-5.813,293.414,0.9083657002065362
172.7833,128.155965,37.901938,2999.108556,-91.37,-5.839,293.187,0.9083657002065362
172.8,128.155919,37.901961,2998.5382752,-91.296,-5.864,292.96,0.9083657002065362
172.8166,128.155872,37.901984,2997.9652512,-91.222,-5.888,292.732,0.9083657002065362
172.8333,128.155825,37.902006,2997.3885695999998,-91.028,-5.901,292.515,0.9083657002065362
172.85,128.155778,37.902028,2996.80884,-90.718,-5.903,292.309,0.9083657002065362
172.8666,128.155732,37.902051,2996.2269768,-90.291,-5.898,292.109,0.9083657002065362
172.8833,128.155684,37.902073,2995.6423704000003,-89.745,-5.89,291.91,0.9083657002065362
172.9,128.155637,37.902095,2995.0556304,-89.082,-5.882,291.712,0.9083657002065362
172.9166,128.15559,37.902116,2994.466452,-88.31,-5.873,291.513,0.9083657002065362
172.9333,128.155543,37.902138,2993.87514,-87.433,-5.861,291.311,0.9083657002065362
172.95,128.155495,37.90216,2993.2819992,-86.46,-5.846,291.109,0.9083657002065362
172.9666,128.155448,37.902181,2992.6867248000003,-85.395,-5.826,290.906,0.9083657002065362
172.9833,128.1554,37.902203,2992.0902312,-84.244,-5.801,290.705,0.9083657002065362
173.0,128.155353,37.902224,2991.4922136,-83.011,-5.771,290.507,0.9083657002065362
173.0166,128.155305,37.902245,2990.8929768,-81.699,-5.735,290.312,0.9083657002065362
173.0333,128.155257,37.902266,2990.2931304000003,-80.324,-5.692,290.114,0.9083657002065362
173.05,128.155209,37.902287,2989.693284,-78.9,-5.644,289.914,0.9083657002065362
173.0666,128.155161,37.902308,2989.0934376,-77.437,-5.59,289.713,0.9083657002065362
173.0833,128.155113,37.902329,2988.4945056000006,-75.946,-5.531,289.514,0.9083657002065362
173.1,128.155065,37.902349,2987.8961832,-74.433,-5.465,289.319,0.9083657002065362
173.1166,128.155016,37.90237,2987.2990800000002,-72.905,-5.393,289.128,0.9083657002065362
173.1333,128.154968,37.90239,2986.7025864,-71.314,-5.315,288.962,0.9083657002065362
173.15,128.154919,37.902411,2986.1067024000004,-69.664,-5.238,288.838,0.9083657002065362
173.1666,128.154871,37.902431,2985.5120376,-67.957,-5.173,288.775,0.9083657002065362
173.1833,128.154822,37.902451,2984.9185920000004,-66.189,-5.13,288.787,0.9083657002065362
173.2,128.154773,37.902471,2984.3257559999997,-64.363,-5.123,288.891,0.9083657002065362
173.2166,128.154725,37.902491,2983.7341392000003,-62.476,-5.145,289.064,0.9083657002065362
173.2333,128.154676,37.902511,2983.1437416000003,-60.523,-5.19,289.283,0.9083657002065362
173.25,128.154627,37.90253,2982.5545632,-58.502,-5.249,289.528,0.9083657002065362
173.2666,128.154578,37.90255,2981.966604,-56.406,-5.314,289.777,0.9083657002065362
173.2833,128.154529,37.90257,2981.3795592,-54.23,-5.374,290.012,0.9083657002065362
173.3,128.154479,37.90259,2980.7940384000003,-51.972,-5.423,290.222,0.9083657002065362
173.3166,128.15443,37.902609,2980.2091272000002,-49.631,-5.462,290.411,0.9083657002065362
173.3333,128.154381,37.902629,2979.6251304,-47.206,-5.496,290.585,0.9083657002065362
173.35,128.154332,37.902648,2979.0414384,-44.699,-5.53,290.75,0.9083657002065362
173.3666,128.154282,37.902668,2978.4577464000004,-42.113,-5.566,290.909,0.9083657002065362
173.3833,128.154233,37.902688,2977.8740544,-39.449,-5.602,291.063,0.9083657002065362
173.4,128.154184,37.902707,2977.2900576,-36.708,-5.641,291.213,0.9083657002065362
173.4166,128.154134,37.902727,2976.7054512,-33.894,-5.68,291.359,0.9083657002065362
173.4333,128.154085,37.902746,2976.1193208000004,-31.009,-5.72,291.501,0.9083657002065362
173.45,128.154035,37.902766,2975.5319712000005,-28.055,-5.761,291.639,0.9083657002065362
173.4666,128.153985,37.902785,2974.9430976000003,-25.035,-5.802,291.774,0.9083657002065362
173.4833,128.153936,37.902805,2974.3514808,-21.95,-5.844,291.906,0.9083657002065362
173.5,128.153886,37.902824,2973.75834,-18.807,-5.887,292.035,0.9083657002065362
173.5166,128.153836,37.902843,2973.1630656,-15.619,-5.931,292.158,0.9083657002065362
173.5333,128.153787,37.902863,2972.5659624000004,-12.395,-5.976,292.276,0.9083657002065362
173.55,128.153737,37.902882,2971.9667256000002,-9.143,-6.024,292.387,0.9083657002065362
173.5666,128.153687,37.902902,2971.3653552000005,-5.869,-6.073,292.49,0.9083657002065362
173.5833,128.153637,37.902921,2970.7612416,-2.577,-6.124,292.585,0.9083657002065362
173.6,128.153587,37.902941,2970.1540800000002,0.727,-6.175,292.671,0.9083657002065362
173.6166,128.153538,37.90296,2969.5441752,4.044,-6.227,292.747,0.9083657002065362
173.6333,128.153488,37.90298,2968.9315272000003,7.363,-6.258,292.817,0.9083657002065362
173.65,128.153438,37.902999,2968.316136,10.679,-6.254,292.888,0.9083657002065362
173.6666,128.153388,37.903019,2967.6976968,13.989,-6.224,292.962,0.9083657002065362
173.6833,128.153338,37.903038,2967.0756,17.289,-6.182,293.038,0.9083657002065362
173.7,128.153288,37.903058,2966.4501504000004,20.58,-6.137,293.116,0.9083657002065362
173.7166,128.153237,37.903077,2965.8207384,23.86,-6.093,293.194,0.9083657002065362
173.7333,128.153187,37.903097,2965.1885832,27.128,-6.034,293.283,0.9083657002065362
173.75,128.153137,37.903116,2964.5539896000005,30.382,-5.941,293.395,0.9083657002065362
173.7666,128.153087,37.903135,2963.9169576000004,33.624,-5.801,293.542,0.9083657002065362
173.7833,128.153037,37.903155,2963.2771824,36.854,-5.625,293.723,0.9083657002065362
173.8,128.152986,37.903174,2962.6352736000003,40.073,-5.432,293.928,0.9083657002065362
173.8166,128.152936,37.903194,2961.9912312,43.28,-5.243,294.144,0.9083657002065362
173.8333,128.152886,37.903213,2961.3465792,46.47,-5.046,294.388,0.9083657002065362
173.85,128.152836,37.903233,2960.7010128,49.642,-4.831,294.677,0.9083657002065362
173.8666,128.152785,37.903252,2960.0551416000003,52.798,-4.605,295.009,0.9083657002065362
173.8833,128.152735,37.903271,2959.408356,55.941,-4.383,295.369,0.9083657002065362
173.9,128.152684,37.903291,2958.7615704,59.074,-4.178,295.743,0.9083657002065362
173.9166,128.152634,37.90331,2958.11448,62.199,-3.999,296.12,0.9083657002065362
173.9333,128.152583,37.90333,2957.4679992,65.02,-3.812,296.505,0.9083657002065362
173.95,128.152533,37.90335,2956.8230424,67.556,-3.613,296.917,0.9083657002065362
173.9666,128.152483,37.903369,2956.1811336,69.842,-3.422,297.353,0.9083657002065362
173.9833,128.152432,37.903389,2955.5413584,71.923,-3.257,297.803,0.9083657002065362
174.0,128.152382,37.903409,2954.9046312,73.853,-3.129,298.257,0.9083657002065362
174.0166,128.152331,37.903429,2954.2700376,75.683,-3.035,298.709,0.9083657002065362
174.0333,128.152281,37.903449,2953.6372728,77.276,-2.952,299.166,0.9083657002065362
174.05,128.152231,37.903469,2953.0060320000002,78.66,-2.871,299.626,0.9083657002065362
174.0666,128.152181,37.903489,2952.3775344,79.841,-2.798,300.084,0.9083657002065362
174.0833,128.152131,37.903509,2951.7511704000003,80.839,-2.738,300.537,0.9083657002065362
174.1,128.152081,37.90353,2951.12694,81.693,-2.696,300.981,0.9083657002065362
174.1166,128.152031,37.90355,2950.5048432000003,82.443,-2.673,301.417,0.9083657002065362
174.1333,128.151981,37.903571,2949.8839656,83.03,-2.659,301.844,0.9083657002065362
174.15,128.151931,37.903592,2949.2646120000004,83.469,-2.647,302.261,0.9083657002065362
174.1666,128.151881,37.903613,2948.6470872000004,83.771,-2.639,302.67,0.9083657002065362
174.1833,128.151832,37.903635,2948.0310864000003,83.963,-2.635,303.072,0.9083657002065362
174.2,128.151783,37.903656,2947.416,84.074,-2.639,303.466,0.9083657002065362
174.2166,128.151733,37.903678,2946.8024376,84.125,-2.651,303.855,0.9083657002065362
174.2333,128.151684,37.903699,2946.1894848,84.092,-2.663,304.235,0.9083657002065362
174.25,128.151635,37.903721,2945.578056,83.992,-2.676,304.609,0.9083657002065362
174.2666,128.151586,37.903743,2944.9675416000005,83.84,-2.688,304.975,0.9083657002065362
174.2833,128.151537,37.903765,2944.3579416000002,83.65,-2.701,305.335,0.9083657002065362
174.3,128.151489,37.903788,2943.7495608,83.432,-2.716,305.689,0.9083657002065362
174.3166,128.15144,37.90381,2943.1420943999997,83.193,-2.731,306.037,0.9083657002065362
174.3333,128.151392,37.903833,2942.536152,82.945,-2.746,306.38,0.9083657002065362
174.35,128.151343,37.903856,2941.9311239999997,82.692,-2.76,306.718,0.9083657002065362
174.3666,128.151295,37.903879,2941.3273152,82.435,-2.773,307.051,0.9083657002065362
174.3833,128.151247,37.903902,2940.7247256000005,82.176,-2.784,307.378,0.9083657002065362
174.4,128.151199,37.903925,2940.12366,81.914,-2.793,307.7,0.9083657002065362
174.4166,128.151151,37.903949,2939.5241184,81.648,-2.8,308.017,0.9083657002065362
174.4333,128.151104,37.903973,2938.9261008000003,81.399,-2.807,308.331,0.9083657002065362
174.45,128.151056,37.903996,2938.3296072000003,81.164,-2.814,308.641,0.9083657002065362
174.4666,128.151009,37.90402,2937.7346376,80.941,-2.82,308.947,0.9083657002065362
174.4833,128.150961,37.904044,2937.1411920000005,80.727,-2.823,309.25,0.9083657002065362
174.5,128.150914,37.904069,2936.5498800000005,80.52,-2.824,309.549,0.9083657002065362
174.5166,128.150867,37.904093,2935.9603968,80.315,-2.823,309.844,0.9083657002065362
174.5333,128.15082,37.904118,2935.3724376,80.129,-2.822,310.137,0.9083657002065362
174.55,128.150773,37.904142,2934.7863072000005,79.959,-2.821,310.427,0.9083657002065362
174.5666,128.150727,37.904167,2934.2026152,79.802,-2.818,310.714,0.9083657002065362
174.5833,128.15068,37.904192,2933.6207520000003,79.655,-2.814,310.999,0.9083657002065362
174.6,128.150634,37.904217,2933.0407176,79.514,-2.809,311.282,0.9083657002065362
174.6166,128.150588,37.904243,2932.4631216,79.376,-2.801,311.562,0.9083657002065362
174.6333,128.150542,37.904268,2931.8873544000003,79.253,-2.793,311.84,0.9083657002065362
174.65,128.150496,37.904294,2931.3140256,79.14,-2.785,312.116,0.9083657002065362
174.6666,128.15045,37.90432,2930.7428304000005,79.036,-2.777,312.391,0.9083657002065362
174.6833,128.150404,37.904346,2930.1740736,78.939,-2.767,312.664,0.9083657002065362
174.7,128.150359,37.904372,2929.6074504000003,78.845,-2.756,312.935,0.9083657002065362
174.7166,128.150313,37.904398,2929.0432656000003,78.755,-2.744,313.205,0.9083657002065362
174.7333,128.150268,37.904424,2928.4812144,78.671,-2.731,313.473,0.9083657002065362
174.75,128.150223,37.904451,2927.9216016,78.594,-2.718,313.741,0.9083657002065362
174.7666,128.150178,37.904478,2927.3644272,78.52,-2.705,314.007,0.9083657002065362
174.7833,128.150133,37.904504,2926.8099960000004,78.45,-2.691,314.273,0.9083657002065362
174.8,128.150088,37.904531,2926.2576984,78.382,-2.676,314.537,0.9083657002065362
174.8166,128.150044,37.904559,2925.7078392000003,78.315,-2.66,314.8,0.9083657002065362
174.8333,128.149999,37.904586,2925.1604184000003,78.251,-2.643,315.063,0.9083657002065362
174.85,128.149955,37.904613,2924.6157408,78.189,-2.627,315.324,0.9083657002065362
174.8666,128.149911,37.904641,2924.0735016,78.128,-2.61,315.586,0.9083657002065362
174.8833,128.149867,37.904669,2923.5340056000005,78.069,-2.592,315.846,0.9083657002065362
174.9,128.149824,37.904697,2922.9966432,78.01,-2.573,316.106,0.9083657002065362
174.9166,128.14978,37.904725,2922.4623288,77.95,-2.554,316.365,0.9083657002065362
174.9333,128.149736,37.904753,2921.9304528000002,77.892,-2.535,316.624,0.9083657002065362
174.95,128.149693,37.904781,2921.4010152,77.833,-2.515,316.882,0.9083657002065362
174.9666,128.14965,37.90481,2920.8743208,77.775,-2.495,317.14,0.9083657002065362
174.9833,128.149607,37.904838,2920.3503696,77.717,-2.474,317.397,0.9083657002065362
175.0,128.149564,37.904867,2919.8291616,77.658,-2.452,317.654,0.9083657002065362
175.0166,128.149522,37.904896,2919.3106967999997,77.598,-2.43,317.911,0.9083657002065362
175.0333,128.149479,37.904925,2918.7946704,77.539,-2.408,318.167,0.9083657002065362
175.05,128.149437,37.904954,2918.2813872,77.479,-2.385,318.423,0.9083657002065362
175.0666,128.149395,37.904983,2917.7711520000003,77.419,-2.361,318.679,0.9083657002065362
175.0833,128.149353,37.905013,2917.2633552,77.358,-2.337,318.934,0.9083657002065362
175.1,128.149311,37.905042,2916.7586064,77.296,-2.313,319.189,0.9083657002065362
175.1166,128.149269,37.905072,2916.2562960000005,77.234,-2.288,319.444,0.9083657002065362
175.1333,128.149228,37.905102,2915.7570336,77.172,-2.262,319.698,0.9083657002065362
175.15,128.149186,37.905132,2915.2608192000002,77.109,-2.237,319.952,0.9083657002065362
175.1666,128.149145,37.905162,2914.7670432,77.046,-2.21,320.206,0.9083657002065362
175.1833,128.149104,37.905192,2914.2763151999998,76.982,-2.183,320.46,0.9083657002065362
175.2,128.149063,37.905223,2913.7886352000005,76.918,-2.156,320.714,0.9083657002065362
175.2166,128.149023,37.905253,2913.3036984000005,76.854,-2.128,320.967,0.9083657002065362
175.2333,128.148982,37.905284,2912.8218096,76.789,-2.1,321.22,0.9083657002065362
175.25,128.148942,37.905315,2912.3426640000002,76.725,-2.071,321.473,0.9083657002065362
175.2666,128.148902,37.905346,2911.8665664000005,76.66,-2.041,321.726,0.9083657002065362
175.2833,128.148862,37.905377,2911.3935168000003,76.595,-2.012,321.978,0.9083657002065362
175.3,128.148822,37.905408,2910.9232104,76.53,-1.981,322.231,0.9083657002065362
175.3166,128.148782,37.90544,2910.4562568,76.464,-1.951,322.483,0.9083657002065362
175.3333,128.148743,37.905471,2909.9920464,76.398,-1.919,322.735,0.9083657002065362
175.35,128.148704,37.905503,2909.5311888,76.333,-1.888,322.987,0.9083657002065362
175.3666,128.148665,37.905535,2909.0733792,76.268,-1.855,323.238,0.9083657002065362
175.3833,128.148626,37.905567,2908.6183128,76.203,-1.823,323.49,0.9083657002065362
175.4,128.148587,37.905599,2908.1665992,76.137,-1.79,323.741,0.9083657002065362
175.4166,128.148548,37.905631,2907.7182384000002,76.072,-1.756,323.992,0.9083657002065362
175.4333,128.14851,37.905663,2907.2729256000002,76.007,-1.722,324.244,0.9083657002065362
175.45,128.148472,37.905695,2906.8306608,75.942,-1.688,324.494,0.9083657002065362
175.4666,128.148434,37.905728,2906.3914440000003,75.878,-1.653,324.745,0.9083657002065362
175.4833,128.148396,37.905761,2905.9558848,75.814,-1.617,324.996,0.9083657002065362
175.5,128.148358,37.905793,2905.5230688,75.75,-1.582,325.246,0.9083657002065362
175.5166,128.148321,37.905826,2905.0939104,75.686,-1.545,325.497,0.9083657002065362
175.5333,128.148284,37.905859,2904.6678,75.622,-1.509,325.747,0.9083657002065362
175.55,128.148246,37.905893,2904.2450424,75.56,-1.471,325.997,0.9083657002065362
175.5666,128.148209,37.905926,2903.8256376,75.497,-1.434,326.247,0.9083657002065362
175.5833,128.148173,37.905959,2903.4095856,75.435,-1.396,326.497,0.9083657002065362
175.6,128.148136,37.905993,2902.9968864,75.373,-1.358,326.747,0.9083657002065362
175.6166,128.1481,37.906026,2902.5878448,75.311,-1.319,326.996,0.9083657002065362
175.6333,128.148064,37.90606,2902.1818512,75.25,-1.28,327.246,0.9083657002065362
175.65,128.148028,37.906094,2901.7792104,75.189,-1.24,327.495,0.9083657002065362
175.6666,128.147992,37.906128,2901.3802272000003,75.13,-1.2,327.744,0.9083657002065362
175.6833,128.147956,37.906162,2900.9845968,75.07,-1.16,327.994,0.9083657002065362
175.7,128.147921,37.906196,2900.592624,75.011,-1.119,328.243,0.9083657002065362
175.7166,128.147885,37.906231,2900.204004,74.951,-1.078,328.492,0.9083657002065362
175.7333,128.14785,37.906265,2899.8187368000004,74.893,-1.036,328.74,0.9083657002065362
175.75,128.147815,37.9063,2899.4371272000003,74.835,-0.995,328.989,0.9083657002065362
175.7666,128.147781,37.906335,2899.0591752,74.778,-0.952,329.238,0.9083657002065362
175.7833,128.147746,37.906369,2898.6848808,74.722,-0.91,329.486,0.9083657002065362
175.8,128.147712,37.906404,2898.3139392000003,74.665,-0.867,329.734,0.9083657002065362
175.8166,128.147678,37.906439,2897.9466552000004,74.609,-0.824,329.982,0.9083657002065362
175.8333,128.147644,37.906475,2897.5833336,74.554,-0.78,330.23,0.9083657002065362
175.85,128.14761,37.90651,2897.2233647999997,74.499,-0.736,330.478,0.9083657002065362
175.8666,128.147577,37.906545,2896.8670536,74.445,-0.692,330.726,0.9083657002065362
175.8833,128.147543,37.906581,2896.5144,74.391,-0.647,330.973,0.9083657002065362
175.9,128.14751,37.906616,2896.1657088,74.338,-0.603,331.221,0.9083657002065362
175.9166,128.147477,37.906652,2895.8206752,74.285,-0.557,331.468,0.9083657002065362
175.9333,128.147445,37.906688,2895.4792992,74.233,-0.512,331.715,0.9083657002065362
175.95,128.147412,37.906724,2895.1415807999997,74.182,-0.466,331.962,0.9083657002065362
175.9666,128.14738,37.90676,2894.8078248,74.131,-0.42,332.209,0.9083657002065362
175.9833,128.147348,37.906796,2894.4777264,74.081,-0.373,332.456,0.9083657002065362
176.0,128.147316,37.906832,2894.1515904,74.031,-0.327,332.702,0.9083657002065362
176.0166,128.147284,37.906869,2893.8291120000004,73.982,-0.28,332.949,0.9083657002065362
176.0333,128.147252,37.906905,2893.510596,73.933,-0.232,333.196,0.9083657002065362
176.05,128.147221,37.906942,2893.1960424,73.886,-0.185,333.442,0.9083657002065362
176.0666,128.14719,37.906978,2892.8851464000004,73.839,-0.137,333.688,0.9083657002065362
176.0833,128.147159,37.907015,2892.5782128,73.792,-0.089,333.934,0.9083657002065362
176.1,128.147128,37.907052,2892.2752416000003,73.747,-0.041,334.181,0.9083657002065362
176.1166,128.147097,37.907089,2891.9762328,73.701,0.007,334.427,0.9083657002065362
176.1333,128.147067,37.907126,2891.6811864,73.657,0.056,334.673,0.9083657002065362
176.15,128.147037,37.907163,2891.3901024,73.613,0.105,334.918,0.9083657002065362
176.1666,128.147007,37.9072,2891.1029808,73.57,0.154,335.164,0.9083657002065362
176.1833,128.146977,37.907237,2890.8201264,73.528,0.204,335.41,0.9083657002065362
176.2,128.146948,37.907275,2890.5409296000003,73.486,0.254,335.656,0.9083657002065362
176.2166,128.146918,37.907312,2890.2656952,73.445,0.304,335.901,0.9083657002065362
176.2333,128.146889,37.90735,2889.994728,73.405,0.354,336.147,0.9083657002065362
176.25,128.14686,37.907388,2889.7277232,73.365,0.405,336.392,0.9083657002065362
176.2666,128.146832,37.907426,2889.4649856,73.327,0.455,336.638,0.9083657002065362
176.2833,128.146803,37.907464,2889.2062103999997,73.289,0.506,336.883,0.9083657002065362
176.3,128.146775,37.907502,2888.9513976000003,73.251,0.557,337.128,0.9083657002065362
176.3166,128.146747,37.90754,2888.700852,73.214,0.609,337.374,0.9083657002065362
176.3333,128.146719,37.907578,2888.4542688,73.179,0.66,337.619,0.9083657002065362
176.35,128.146691,37.907616,2888.2119528000003,73.144,0.712,337.864,0.9083657002065362
176.3666,128.146664,37.907654,2887.973904,73.11,0.764,338.109,0.9083657002065362
176.3833,128.146637,37.907693,2887.7398176,73.077,0.816,338.354,0.9083657002065362
176.4,128.146609,37.907731,2887.5099984000003,73.044,0.868,338.599,0.9083657002065362
176.4166,128.146583,37.90777,2887.2844464000004,73.012,0.921,338.844,0.9083657002065362
176.4333,128.146556,37.907809,2887.0628568,72.981,0.973,339.089,0.9083657002065362
176.45,128.14653,37.907847,2886.8458392000002,72.951,1.026,339.334,0.9083657002065362
176.4666,128.146503,37.907886,2886.632784,72.923,1.079,339.579,0.9083657002065362
176.4833,128.146477,37.907925,2886.4239960000004,72.894,1.132,339.824,0.9083657002065362
176.5,128.146452,37.907964,2886.2194752,72.867,1.185,340.069,0.9083657002065362
176.5166,128.146426,37.908003,2886.0192216,72.84,1.238,340.314,0.9083657002065362
176.5333,128.146401,37.908043,2885.8232352000005,72.814,1.292,340.558,0.9083657002065362
176.55,128.146376,37.908082,2885.6315160000004,72.79,1.345,340.803,0.9083657002065362
176.5666,128.146351,37.908121,2885.4440640000003,72.766,1.399,341.048,0.9083657002065362
176.5833,128.146326,37.908161,2885.261184,72.743,1.453,341.293,0.9083657002065362
176.6,128.146301,37.9082,2885.0822664,72.721,1.507,341.538,0.9083657002065362
176.6166,128.146277,37.90824,2884.9079208000003,72.699,1.561,341.782,0.9083657002065362
176.6333,128.146253,37.90828,2884.7378424,72.679,1.615,342.027,0.9083657002065362
176.65,128.146229,37.908319,2884.5720312,72.659,1.669,342.272,0.9083657002065362
176.6666,128.146206,37.908359,2884.4104872000003,72.641,1.723,342.517,0.9083657002065362
176.6833,128.146182,37.908399,2884.2535152,72.624,1.778,342.761,0.9083657002065362
176.7,128.146159,37.908439,2884.1008104,72.607,1.832,343.006,0.9083657002065362
176.7166,128.146136,37.908479,2883.9523728000004,72.591,1.887,343.251,0.9083657002065362
176.7333,128.146113,37.908519,2883.8082024,72.576,1.942,343.496,0.9083657002065362
176.75,128.146091,37.908559,2883.668604,72.562,1.996,343.74,0.9083657002065362
176.7666,128.146068,37.908599,2883.5335776,72.549,2.051,343.985,0.9083657002065362
176.7833,128.146046,37.90864,2883.4025136,72.538,2.106,344.23,0.9083657002065362
176.8,128.146024,37.90868,2883.2763264,72.527,2.161,344.475,0.9083657002065362
176.8166,128.146003,37.908721,2883.1541016,72.516,2.216,344.72,0.9083657002065362
176.8333,128.145981,37.908761,2883.0367536,72.507,2.27,344.965,0.9083657002065362
176.85,128.14596,37.908802,2882.923368,72.499,2.325,345.209,0.9083657002065362
176.8666,128.145939,37.908842,2882.8145544,72.492,2.38,345.454,0.9083657002065362
176.8833,128.145918,37.908883,2882.7103128,72.486,2.435,345.699,0.9083657002065362
176.9,128.145898,37.908924,2882.6103384000003,72.481,2.49,345.944,0.9083657002065362
176.9166,128.145877,37.908965,2882.514936,72.477,2.546,346.189,0.9083657002065362
176.9333,128.145857,37.909006,2882.4238008,72.474,2.601,346.434,0.9083657002065362
176.95,128.145837,37.909047,2882.3372375999998,72.472,2.656,346.68,0.9083657002065362
176.9666,128.145818,37.909088,2882.2552464000005,72.471,2.711,346.925,0.9083657002065362
176.9833,128.145798,37.909129,2882.1775224000003,72.471,2.766,347.17,0.9083657002065362
177.0,128.145779,37.90917,2882.1040656,72.472,2.821,347.415,0.9083657002065362
177.0166,128.14576,37.909211,2882.0351808,72.474,2.876,347.66,0.9083657002065362
177.0333,128.145741,37.909252,2881.970868,72.477,2.931,347.906,0.9083657002065362
177.05,128.145723,37.909294,2881.9108224,72.482,2.986,348.151,0.9083657002065362
177.0666,128.145704,37.909335,2881.8553488000002,72.487,3.04,348.397,0.9083657002065362
177.0833,128.145686,37.909376,2881.8044472,72.494,3.095,348.642,0.9083657002065362
177.1,128.145668,37.909418,2881.7578128,72.501,3.15,348.888,0.9083657002065362
177.1166,128.145651,37.909459,2881.7157504,72.509,3.205,349.133,0.9083657002065362
177.1333,128.145633,37.909501,2881.6779552000003,72.519,3.26,349.379,0.9083657002065362
177.15,128.145616,37.909543,2881.644732,72.53,3.314,349.625,0.9083657002065362
177.1666,128.145599,37.909584,2881.6160808,72.541,3.369,349.871,0.9083657002065362
177.1833,128.145582,37.909626,2881.5916968,72.554,3.423,350.117,0.9083657002065362
177.2,128.145566,37.909668,2881.5718848,72.568,3.478,350.363,0.9083657002065362
177.2166,128.145549,37.90971,2881.55634,72.582,3.532,350.609,0.9083657002065362
177.2333,128.145533,37.909752,2881.5453672,72.598,3.586,350.855,0.9083657002065362
177.25,128.145517,37.909793,2881.5386616,72.616,3.64,351.101,0.9083657002065362
177.2666,128.145502,37.909835,2881.5365280000005,72.634,3.694,351.348,0.9083657002065362
177.2833,128.145486,37.909877,2881.5386616,72.653,3.748,351.594,0.9083657002065362
177.3,128.145471,37.90992,2881.5453672,72.674,3.802,351.841,0.9083657002065362
177.3166,128.145456,37.909962,2881.55634,72.695,3.855,352.087,0.9083657002065362
177.3333,128.145442,37.910004,2881.5718848,72.717,3.909,352.334,0.9076371966988132
177.35,128.145427,37.910046,2881.5916968,72.741,3.962,352.581,0.906907115269704
177.3666,128.145413,37.910088,2881.6160808,72.766,4.016,352.828,0.9061755633678582
177.3833,128.145399,37.91013,2881.644732,72.791,4.069,353.075,0.9044425981692329
177.4,128.145385,37.910173,2881.6776504000004,72.818,4.122,353.322,0.9027041468386788
177.4166,128.145372,37.910215,2881.7151408,72.846,4.175,353.569,0.9009605950472264
177.4333,128.145358,37.910258,2881.7568984000004,72.874,4.227,353.816,0.8992108508204556
177.45,128.145345,37.9103,2881.803228,72.905,4.28,354.064,0.897456055591201
177.4666,128.145332,37.910342,2881.8538248,72.936,4.332,354.311,0.8956951184891516
177.4833,128.14532,37.910385,2881.9086888,72.968,4.384,354.559,0.8939280655362248
177.5,128.145307,37.910427,2881.96782,73.001,4.436,354.807,0.8921556674609178
177.5166,128.145295,37.91047,2882.0312184000004,73.035,4.488,355.054,0.8914094414264021
177.5333,128.145283,37.910513,2882.0991888000003,73.071,4.539,355.302,0.8906614950650695
177.55,128.145271,37.910555,2882.1711216,73.107,4.591,355.551,0.8899119444556564
177.5666,128.14526,37.910598,2882.2476263999997,73.145,4.642,355.799,0.8899119444556564
177.5833,128.145249,37.910641,2882.3283984000004,73.184,4.693,356.047,0.8899119444556564
177.6,128.145238,37.910683,2882.4134375999997,73.223,4.744,356.296,0.8899119444556564
177.6166,128.145227,37.910726,2882.5027440000003,73.263,4.794,356.544,0.8899119444556564
177.6333,128.145216,37.910769,2882.5963176,73.305,4.845,356.793,0.8899119444556564
177.65,128.145206,37.910812,2882.6938536,73.348,4.895,357.042,0.8899119444556564
177.6666,128.145196,37.910854,2882.7959616000003,73.391,4.945,357.291,0.8899119444556564
177.6833,128.145186,37.910897,2882.902032,73.436,4.994,357.54,0.8899119444556564
177.7,128.145177,37.91094,2883.0123696,73.482,5.044,357.79,0.8899119444556564
177.7166,128.145167,37.910983,2883.1269744,73.528,5.093,358.039,0.8899119444556564
177.7333,128.145158,37.911026,2883.2458464000006,73.575,5.142,358.289,0.8899119444556564
177.75,128.145149,37.911069,2883.3686807999998,73.624,5.191,358.538,0.8899119444556564
177.7666,128.14514,37.911112,2883.4957824000003,73.673,5.239,358.788,0.8899119444556564
177.7833,128.145132,37.911155,2883.6271512,73.724,5.287,359.038,0.8899119444556564
177.8,128.145124,37.911198,2883.7621776,73.775,5.335,359.288,0.8899119444556564
177.8166,128.145116,37.911241,2883.9017760000006,73.826,5.383,359.539,0.8899119444556564
177.8333,128.145108,37.911284,2884.0453368000003,73.879,5.43,359.789,0.8899119444556564
177.85,128.145101,37.911327,2884.1928600000006,73.933,5.477,0.04,0.8899119444556564
177.8666,128.145093,37.91137,2884.3443456,73.987,5.524,0.291,0.8899119444556564
177.8833,128.145086,37.911413,2884.5000984000003,74.043,5.57,0.542,0.8899119444556564
177.9,128.145079,37.911456,2884.6595088,74.099,5.617,0.793,0.8899119444556564
177.9166,128.145073,37.911499,2884.8231864,74.155,5.662,1.044,0.8899119444556564
177.9333,128.145067,37.911543,2884.9908264,74.213,5.708,1.295,0.8899119444556564
177.95,128.14506,37.911586,2885.1624288,74.271,5.753,1.547,0.8899119444556564
177.9666,128.145055,37.911629,2885.3379936,74.329,5.799,1.799,0.8899119444556564
177.9833,128.145049,37.911672,2885.5175208,74.389,5.843,2.051,0.8899119444556564
178.0,128.145044,37.911715,2885.7010104,74.449,5.888,2.303,0.8899119444556564
178.0166,128.145038,37.911758,2885.8881576000003,74.509,5.932,2.555,0.8899119444556564
178.0333,128.145034,37.911802,2886.079572,74.57,5.976,2.807,0.8899119444556564
178.05,128.145029,37.911845,2886.2743392,74.632,6.019,3.06,0.8899119444556564
178.0666,128.145024,37.911888,2886.4733736000003,74.694,6.062,3.312,0.8899119444556564
178.0833,128.14502,37.911931,2886.6760656,74.756,6.105,3.565,0.8899119444556564
178.1,128.145016,37.911975,2886.8824152,74.819,6.148,3.818,0.8899119444556564
178.1166,128.145013,37.912018,2887.0927272000004,74.883,6.19,4.072,0.8899119444556564
178.1333,128.145009,37.912061,2887.3066968,74.947,6.232,4.325,0.8899119444556564
178.15,128.145006,37.912104,2887.5246288,75.011,6.274,4.579,0.8899119444556564
178.1666,128.145003,37.912147,2887.7459136,75.075,6.315,4.832,0.8899119444556564
178.1833,128.145,37.912191,2887.9711608000002,75.14,6.356,5.086,0.8899119444556564
178.2,128.144998,37.912234,2888.2000656,75.205,6.397,5.34,0.8899119444556564
178.2166,128.144995,37.912277,2888.4323232,75.271,6.437,5.594,0.8899119444556564
178.2333,128.144993,37.91232,2888.6685432,75.337,6.477,5.849,0.8899119444556564
178.25,128.144991,37.912364,2888.9084208000004,75.403,6.517,6.103,0.8899119444556564
178.2666,128.14499,37.912407,2889.1516512,75.469,6.556,6.358,0.8899119444556564
178.2833,128.144988,37.91245,2889.3985392000004,75.535,6.595,6.613,0.8899119444556564
178.3,128.144987,37.912493,2889.6490848000003,75.602,6.634,6.868,0.8899119444556564
178.3166,128.144986,37.912536,2889.9029832,75.669,6.673,7.123,0.8899119444556564
178.3333,128.144986,37.91258,2890.1605392,75.736,6.711,7.379,0.8899119444556564
178.35,128.144985,37.912623,2890.421448,75.803,6.748,7.634,0.8899119444556564
178.3666,128.144985,37.912666,2890.6860144,75.871,6.786,7.89,0.8899119444556564
178.3833,128.144985,37.912709,2890.9539336,75.938,6.823,8.146,0.8899119444556564
178.4,128.144986,37.912752,2891.2252056,76.005,6.86,8.402,0.8899119444556564
178.4166,128.144986,37.912796,2891.4998304000005,76.073,6.896,8.658,0.8899119444556564
178.4333,128.144987,37.912839,2891.777808,76.14,6.932,8.915,0.8899119444556564
178.45,128.144988,37.912882,2892.0594432000003,76.208,6.968,9.171,0.8899119444556564
178.4666,128.144989,37.912925,2892.3441264,76.275,7.004,9.428,0.8899119444556564
178.4833,128.144991,37.912968,2892.6321624,76.342,7.039,9.685,0.8899119444556564
178.5,128.144993,37.913011,2892.9235512,76.41,7.074,9.942,0.8899119444556564
178.5166,128.144995,37.913054,2893.217988,76.477,7.108,10.199,0.8899119444556564
178.5333,128.144997,37.913097,2893.5160824000004,76.544,7.143,10.456,0.8899119444556564
178.55,128.144999,37.91314,2893.8172248,76.611,7.177,10.714,0.8899119444556564
178.5666,128.145002,37.913183,2894.1214152,76.678,7.21,10.972,0.8899119444556564
178.5833,128.145005,37.913226,2894.4289584,76.744,7.244,11.229,0.8899119444556564
178.6,128.145008,37.913269,2894.7395496,76.811,7.277,11.487,0.8899119444556564
178.6166,128.145011,37.913312,2895.0531888,76.877,7.309,11.745,0.8899119444556564
178.6333,128.145015,37.913355,2895.3701808,76.943,7.342,12.004,0.8899119444556564
178.65,128.145019,37.913398,2895.6899160000003,77.009,7.374,12.262,0.8899119444556564
178.6666,128.145023,37.913441,2896.013004,77.074,7.406,12.521,0.8899119444556564
178.6833,128.145027,37.913484,2896.33914,77.139,7.437,12.78,0.8899119444556564
178.7,128.145032,37.913527,2896.6683239999998,77.204,7.468,13.038,0.8899119444556564
178.7166,128.145037,37.913569,2897.0002512,77.269,7.499,13.298,0.8899119444556564
178.7333,128.145042,37.913612,2897.3352264,77.333,7.53,13.557,0.8899119444556564
178.75,128.145047,37.913655,2897.6732496,77.397,7.56,13.816,0.8899119444556564
178.7666,128.145053,37.913698,2898.0143208000004,77.46,7.59,14.076,0.8899119444556564
178.7833,128.145059,37.91374,2898.3581352000006,77.523,7.62,14.335,0.8899119444556564
178.8,128.145065,37.913783,2898.7049976000003,77.586,7.65,14.595,0.8899119444556564
178.8166,128.145071,37.913826,2899.0546032,77.649,7.679,14.855,0.8899119444556564
178.8333,128.145077,37.913868,2899.4069520000003,77.711,7.708,15.115,0.8899119444556564
178.85,128.145084,37.913911,2899.7623488000004,77.772,7.736,15.375,0.8899119444556564
178.8666,128.145091,37.913953,2900.1204888,77.833,7.765,15.635,0.8899119444556564
178.8833,128.145098,37.913996,2900.481372,77.893,7.793,15.896,0.8899119444556564
178.9,128.145106,37.914038,2900.8449984000003,77.953,7.821,16.157,0.8899119444556564
178.9166,128.145113,37.914081,2901.2116728,78.013,7.848,16.417,0.8899119444556564
178.9333,128.145121,37.914123,2901.5807856,78.073,7.876,16.678,0.8899119444556564
178.95,128.145129,37.914165,2901.9526416000003,78.131,7.903,16.939,0.8899119444556564
178.9666,128.145138,37.914208,2902.3272408000003,78.189,7.93,17.2,0.8899119444556564
178.9833,128.145146,37.91425,2902.7042784000005,78.246,7.956,17.462,0.8899119444556564
179.0,128.145155,37.914292,2903.0840592,78.303,7.983,17.723,0.8899119444556564
179.0166,128.145164,37.914334,2903.4665832,78.36,8.009,17.984,0.8899119444556564
179.0333,128.145174,37.914376,2903.8518504000003,78.416,8.035,18.246,0.8899119444556564
179.05,128.145183,37.914419,2904.2392511999997,78.472,8.06,18.508,0.8899119444556564
179.0666,128.145193,37.914461,2904.6297,78.526,8.086,18.77,0.8899119444556564
179.0833,128.145203,37.914503,2905.0222824,78.58,8.111,19.032,0.8899119444556564
179.1,128.145213,37.914545,2905.4176079999997,78.634,8.136,19.294,0.8899119444556564
179.1166,128.145224,37.914586,2905.815372,78.687,8.161,19.556,0.8899119444556564
179.1333,128.145235,37.914628,2906.2158792,78.74,8.185,19.818,0.8899119444556564
179.15,128.145246,37.91467,2906.61852,78.792,8.21,20.081,0.8899119444556564
179.1666,128.145257,37.914712,2907.023904,78.843,8.234,20.343,0.8899119444556564
179.1833,128.145268,37.914754,2907.4314216,78.894,8.258,20.606,0.8899119444556564
179.2,128.14528,37.914795,2907.8416824,78.944,8.282,20.869,0.8899119444556564
179.2166,128.145292,37.914837,2908.2540768,78.994,8.305,21.132,0.8899119444556564
179.2333,128.145304,37.914878,2908.6689096000005,79.043,8.328,21.395,0.8899119444556564
179.25,128.145316,37.91492,2909.0861808,79.091,8.352,21.658,0.8899119444556564
179.2666,128.145329,37.914961,2909.5055856,79.139,8.375,21.921,0.8899119444556564
179.2833,128.145342,37.915003,2909.9274288,79.186,8.397,22.184,0.8899119444556564
179.3,128.145355,37.915044,2910.3517104,79.232,8.42,22.448,0.8899119444556564
179.3166,128.145368,37.915085,2910.7781256000003,79.278,8.442,22.711,0.8899119444556564
179.3333,128.145382,37.915127,2911.2069792,79.324,8.465,22.975,0.8899119444556564
179.35,128.145395,37.915168,2911.6382712000004,79.368,8.487,23.239,0.8899119444556564
179.3666,128.145409,37.915209,2912.0713920000003,79.412,8.509,23.502,0.8899119444556564
179.3833,128.145424,37.91525,2912.5069512,79.456,8.531,23.766,0.8899119444556564
179.4,128.145438,37.915291,2912.944644,79.499,8.552,24.03,0.8899119444556564
179.4166,128.145453,37.915332,2913.3844704000003,79.541,8.574,24.294,0.8899119444556564
179.4333,128.145468,37.915373,2913.8267352000003,79.583,8.595,24.558,0.8899119444556564
179.45,128.145483,37.915414,2914.2711336,79.624,8.616,24.823,0.8899119444556564
179.4666,128.145498,37.915454,2914.7173608,79.665,8.637,25.087,0.8899119444556564
179.4833,128.145514,37.915495,2915.1660263999997,79.705,8.658,25.351,0.8899119444556564
179.5,128.145529,37.915536,2915.6168256,79.745,8.679,25.616,0.8899119444556564
179.5166,128.145545,37.915576,2916.0694536,79.784,8.7,25.881,0.8899119444556564
179.5333,128.145562,37.915617,2916.52452,79.822,8.72,26.145,0.8899119444556564
179.55,128.145578,37.915657,2916.9814152,79.86,8.74,26.41,0.8899119444556564
179.5666,128.145595,37.915697,2917.4404440000003,79.898,8.761,26.675,0.8899119444556564
179.5833,128.145612,37.915738,2917.9016064,79.934,8.781,26.94,0.8899119444556564
179.6,128.145629,37.915778,2918.3649024,79.971,8.801,27.205,0.8899119444556564
179.6166,128.145646,37.915818,2918.8300272,80.007,8.821,27.47,0.8899119444556564
179.6333,128.145664,37.915858,2919.2969808,80.042,8.84,27.735,0.8899119444556564
179.65,128.145682,37.915898,2919.7663728,80.077,8.86,28.0,0.8899119444556564
179.6666,128.1457,37.915938,2920.2375936000003,80.112,8.88,28.266,0.8899119444556564
179.6833,128.145718,37.915978,2920.7106432,80.145,8.899,28.531,0.8899119444556564
179.7,128.145737,37.916018,2921.1855216,80.179,8.918,28.797,0.8899119444556564
179.7166,128.145755,37.916057,2921.6628384,80.212,8.938,29.062,0.8899119444556564
179.7333,128.145774,37.916097,2922.1416792,80.245,8.957,29.328,0.8899119444556564
179.75,128.145794,37.916136,2922.6226536,80.277,8.976,29.594,0.8899119444556564
179.7666,128.145813,37.916176,2923.1054568,80.309,8.995,29.859,0.8899119444556564
179.7833,128.145833,37.916215,2923.5900888,80.34,9.013,30.125,0.8899119444556564
179.8,128.145852,37.916255,2924.0765496,80.371,9.032,30.391,0.8899119444556564
179.8166,128.145872,37.916294,2924.565144,80.401,9.051,30.657,0.8899119444556564
179.8333,128.145893,37.916333,2925.0552624,80.432,9.069,30.923,0.8899119444556564
179.85,128.145913,37.916372,2925.5475144,80.461,9.088,31.189,0.8899119444556564
179.8666,128.145934,37.916411,2926.0415952000003,80.491,9.106,31.456,0.8899119444556564
179.8833,128.145955,37.91645,2926.5375048,80.519,9.125,31.722,0.8899119444556564
179.9,128.145976,37.916489,2927.0349384,80.548,9.143,31.988,0.8899119444556564
179.9166,128.145997,37.916527,2927.5345056000006,80.576,9.161,32.255,0.8899119444556564
179.9333,128.146019,37.916566,2928.0355968,80.604,9.179,32.521,0.8899119444556564
179.95,128.146041,37.916604,2928.5388215999997,80.632,9.197,32.787,0.8899119444556564
179.9666,128.146063,37.916643,2929.0435704,80.659,9.215,33.054,0.8899119444556564
179.9833,128.146085,37.916681,2929.5501480000003,80.686,9.233,33.321,0.8899119444556564
180.0,128.146107,37.91672,2930.0585544,80.712,9.251,33.587,0.8899119444556564
180.0166,128.14613,37.916758,2930.5684848000005,80.739,9.268,33.854,0.8899119444556564
180.0333,128.146153,37.916796,2931.080244,80.765,9.286,34.121,0.8899119444556564
180.05,128.146176,37.916834,2931.593832,80.791,9.303,34.388,0.8899119444556564
180.0666,128.146199,37.916872,2932.1089440000005,80.816,9.321,34.655,0.8899119444556564
180.0833,128.146223,37.91691,2932.6258848,80.841,9.338,34.922,0.8899119444556564
180.1,128.146246,37.916947,2933.1446544,80.866,9.356,35.189,0.8899119444556564
180.1166,128.14627,37.916985,2933.664948,80.891,9.373,35.456,0.8899119444556564
180.1333,128.146294,37.917022,2934.1867656,80.915,9.39,35.723,0.8899119444556564
180.15,128.146319,37.91706,2934.7104120000004,80.94,9.407,35.991,0.8899119444556564
180.1666,128.146343,37.917097,2935.2358872000004,80.963,9.425,36.258,0.8899119444556564
180.1833,128.146368,37.917134,2935.7628864000003,80.987,9.442,36.525,0.8899119444556564
180.2,128.146393,37.917172,2936.2914096000004,81.011,9.459,36.793,0.8899119444556564
180.2166,128.146418,37.917209,2936.8214568000003,81.034,9.476,37.06,0.8899119444556564
180.2333,128.146444,37.917246,2937.3533328000003,81.057,9.492,37.328,0.8899119444556564
180.25,128.146469,37.917282,2937.8867328000006,81.08,9.509,37.596,0.8899119444556564
180.2666,128.146495,37.917319,2938.4219616,81.103,9.526,37.863,0.8899119444556564
180.2833,128.146521,37.917356,2938.9584096000003,81.125,9.543,38.131,0.8899119444556564
180.3,128.146547,37.917392,2939.4966864000003,81.148,9.559,38.399,0.8899119444556564
180.3166,128.146574,37.917429,2940.0364872000005,81.17,9.576,38.667,0.8899119444556564
180.3333,128.1466,37.917465,2940.5778120000004,81.192,9.593,38.935,0.8899119444556564
180.35,128.146627,37.917501,2941.1206608,81.214,9.609,39.203,0.8899119444556564
180.3666,128.146654,37.917537,2941.6650336000002,81.235,9.626,39.471,0.8899119444556564
180.3833,128.146681,37.917573,2942.2112352000004,81.257,9.642,39.739,0.8899119444556564
180.4,128.146709,37.917609,2942.758656,81.278,9.658,40.007,0.8899119444556564
180.4166,128.146736,37.917645,2943.3076008000003,81.299,9.675,40.275,0.8899119444556564
180.4333,128.146764,37.917681,2943.8583744,81.32,9.691,40.543,0.8899119444556564
180.45,128.146792,37.917716,2944.4103672,81.341,9.707,40.812,0.8899119444556564
180.4666,128.14682,37.917752,2944.9638840000002,81.362,9.723,41.08,0.8899119444556564
180.4833,128.146849,37.917787,2945.5189248,81.383,9.739,41.348,0.8899119444556564
180.5,128.146877,37.917822,2946.0754896000003,81.403,9.755,41.617,0.8899119444556564
180.5166,128.146906,37.917858,2946.6335784000003,81.423,9.771,41.885,0.8899119444556564
180.5333,128.146935,37.917893,2947.1928864,81.328,9.796,42.134,0.8899119444556564
180.55,128.146964,37.917927,2947.7537184000003,81.119,9.828,42.344,0.8899119444556564
180.5666,128.146994,37.917962,2948.3166840000004,80.789,9.858,42.498,0.8899119444556564
180.5833,128.147024,37.917997,2948.8817832,80.335,9.879,42.58,0.8899119444556564
180.6,128.147053,37.918031,2949.4493208000004,79.755,9.885,42.573,0.8899119444556564
180.6166,128.147083,37.918066,2950.0189920000003,79.055,9.875,42.479,0.8899119444556564
180.6333,128.147114,37.9181,2950.5914064,78.242,9.853,42.32,0.8899119444556564
180.65,128.147144,37.918134,2951.1668688000004,77.327,9.821,42.118,0.8899119444556564
180.6666,128.147175,37.918168,2951.7453792,76.315,9.783,41.894,0.8899119444556564
180.6833,128.147205,37.918202,2952.3269376,75.214,9.744,41.67,0.8899119444556564
180.7,128.147236,37.918236,2952.9118488000004,74.029,9.708,41.463,0.8899119444556564
180.7166,128.147267,37.918269,2953.5004176,72.764,9.679,41.286,0.8899119444556564
180.7333,128.147299,37.918303,2954.0929488000006,71.42,9.654,41.135,0.8899119444556564
180.75,128.14733,37.918336,2954.6894423999997,69.999,9.633,41.001,0.8899119444556564
180.7666,128.147362,37.91837,2955.2902032,68.501,9.612,40.878,0.8899119444556564
180.7833,128.147393,37.918403,2955.8952312,66.931,9.592,40.763,0.8899119444556564
180.8,128.147425,37.918436,2956.5048312,65.292,9.572,40.654,0.8899119444556564
180.8166,128.147457,37.918469,2957.119308,63.586,9.551,40.549,0.8899119444556564
180.8333,128.147489,37.918502,2957.7386616000003,61.817,9.53,40.449,0.8899119444556564
180.85,128.147522,37.918535,2958.3631968,59.989,9.508,40.353,0.8899119444556564
180.8666,128.147554,37.918567,2958.9932184000004,58.103,9.485,40.261,0.8899119444556564
180.8833,128.147586,37.9186,2959.6284216,56.164,9.463,40.174,0.8899119444556564
180.9,128.147619,37.918633,2960.269416,54.173,9.439,40.09,0.8899119444556564
180.9166,128.147651,37.918665,2960.9162016,52.133,9.416,40.01,0.8899119444556564
180.9333,128.147684,37.918698,2961.5690832,50.047,9.391,39.934,0.8899119444556564
180.95,128.147717,37.91873,2962.2280608,47.917,9.366,39.862,0.8899119444556564
180.9666,128.14775,37.918763,2962.8934392,45.747,9.34,39.793,0.8899119444556564
180.9833,128.147783,37.918795,2963.5649136,43.537,9.314,39.727,0.8899119444556564
181.0,128.147816,37.918827,2964.2430936,41.292,9.287,39.665,0.8899119444556564
181.0166,128.147849,37.918859,2964.9276744,39.013,9.259,39.605,0.8899119444556564
181.0333,128.147882,37.918891,2965.618656,36.703,9.237,39.554,0.8899119444556564
181.05,128.147915,37.918923,2966.3166480000004,34.365,9.221,39.511,0.8899119444556564
181.0666,128.147948,37.918955,2967.0210408000003,32.0,9.209,39.473,0.8899119444556564
181.0833,128.147982,37.918987,2967.732444,29.611,9.199,39.439,0.8899119444556564
181.1,128.148015,37.919019,2968.4505528000004,27.2,9.189,39.408,0.8899119444556564
181.1166,128.148048,37.919051,2969.175672,24.77,9.18,39.379,0.8899119444556564
181.1333,128.148082,37.919083,2969.9081064,22.323,9.187,39.359,0.8899119444556564
181.15,128.148115,37.919115,2970.6487704,19.864,9.228,39.353,0.8899119444556564
181.1666,128.148148,37.919147,2971.3967496,17.392,9.306,39.361,0.8899119444556564
181.1833,128.148182,37.919179,2972.1526536,14.91,9.407,39.375,0.8899119444556564
181.2,128.148215,37.91921,2972.9167872000003,12.418,9.52,39.391,0.8899119444556564
181.2166,128.148249,37.919242,2973.6888456,9.92,9.639,39.405,0.8899119444556564
181.2333,128.148282,37.919274,2974.4697432000003,7.418,9.78,39.419,0.8899119444556564
181.25,128.148316,37.919305,2975.2597848000005,4.914,9.961,39.432,0.8899119444556564
181.2666,128.148349,37.919337,2976.0589704000004,2.409,10.178,39.44,0.8899119444556564
181.2833,128.148383,37.919369,2976.8679096,-0.097,10.417,39.442,0.8899119444556564
181.3,128.148416,37.9194,2977.6862976,-2.605,10.663,39.435,0.8899119444556564
181.3166,128.148449,37.919432,2978.5144392,-5.112,10.91,39.419,0.8899119444556564
181.3333,128.148483,37.919464,2979.3535536,-7.62,11.174,39.389,0.8899119444556564
181.35,128.148516,37.919495,2980.2039456,-10.128,11.472,39.342,0.8899119444556564
181.3666,128.148549,37.919527,2981.0656152,-12.638,11.795,39.276,0.8899119444556564
181.3833,128.148583,37.919558,2981.9382576000003,-15.151,12.131,39.194,0.8899119444556564
181.4,128.148616,37.91959,2982.8224824000004,-17.667,12.466,39.096,0.8899119444556564
181.4166,128.148649,37.919621,2983.7185944,-20.186,12.794,38.983,0.8899119444556564
181.4333,128.148682,37.919653,2984.6247648,-22.686,13.131,38.851,0.8899119444556564
181.45,128.148715,37.919685,2985.5419079999997,-25.17,13.487,38.695,0.8899119444556564
181.4666,128.148748,37.919716,2986.4715480000004,-27.642,13.852,38.514,0.8899119444556564
181.4833,128.148781,37.919748,2987.4124656,-30.106,14.214,38.313,0.8899119444556564
181.5,128.148814,37.91978,2988.3652704,-32.567,14.566,38.094,0.8899119444556564
181.5166,128.148847,37.919811,2989.3299624000006,-35.028,14.903,37.86,0.8899119444556564
181.5333,128.148879,37.919843,2990.304408,-37.3,15.249,37.617,0.8899119444556564
181.55,128.148912,37.919875,2991.2889120000004,-39.394,15.607,37.363,0.8899119444556564
181.5666,128.148944,37.919907,2992.2831696,-41.338,15.962,37.094,0.8899119444556564
181.5833,128.148977,37.919939,2993.2865712000003,-43.157,16.303,36.808,0.8899119444556564
181.6,128.149009,37.91997,2994.2985072,-44.883,16.624,36.504,0.8899119444556564
181.6166,128.149041,37.920002,2995.318368,-46.543,16.925,36.186,0.8899119444556564
181.6333,128.149073,37.920034,2996.3452392000004,-48.003,17.222,35.86,0.8899119444556564
181.65,128.149105,37.920066,2997.3791208000002,-49.288,17.519,35.529,0.8899119444556564
181.6666,128.149137,37.920099,2998.4200127999998,-50.433,17.808,35.191,0.8899119444556564
181.6833,128.149169,37.920131,2999.4670008000003,-51.467,18.081,34.847,0.8899119444556564
181.7,128.149201,37.920163,3000.521304,-52.417,18.338,34.496,0.8899119444556564
181.7166,128.149232,37.920195,3001.5838368000004,-53.309,18.576,34.14,0.8899119444556564
181.7333,128.149264,37.920227,3002.6515512,-54.075,18.806,33.787,0.8899119444556564
181.75,128.149295,37.92026,3003.7253616000003,-54.734,19.03,33.438,0.8899119444556564
181.7666,128.149327,37.920292,3004.8049632,-55.308,19.244,33.091,0.8899119444556564
181.7833,128.149358,37.920325,3005.8921848000005,-55.814,19.448,32.746,0.8899119444556564
181.8,128.149389,37.920357,3006.9864168000004,-56.27,19.64,32.403,0.8899119444556564
181.8166,128.14942,37.92039,3008.0882688,-56.688,19.821,32.062,0.8899119444556564
181.8333,128.149451,37.920422,3009.19896,-57.239,19.968,31.731,0.8899119444556564
181.85,128.149482,37.920455,3010.3172712000005,-57.91,20.073,31.429,0.8899119444556564
181.8666,128.149512,37.920488,3011.4432024000002,-58.701,20.135,31.178,0.8899119444556564
181.8833,128.149543,37.92052,3012.5770584,-59.615,20.163,30.973,0.8899119444556564
181.9,128.149573,37.920553,3013.719144,-60.656,20.171,30.799,0.8899119444556564
181.9166,128.149603,37.920586,3014.8694592,-61.824,20.17,30.638,0.8899119444556564
181.9333,128.149633,37.920619,3016.0276992,-63.119,20.168,30.473,0.8899119444556564
181.95,128.149663,37.920652,3017.1941688,-64.537,20.167,30.297,0.8899119444556564
181.9666,128.149693,37.920685,3018.3682584,-66.072,20.165,30.111,0.8899119444556564
181.9833,128.149722,37.920719,3019.5499680000003,-67.719,20.161,29.918,0.8899119444556564
182.0,128.149751,37.920752,3020.738688,-69.472,20.154,29.718,0.8899119444556564
182.0166,128.14978,37.920785,3021.933504,-71.328,20.141,29.513,0.8899119444556564
182.0333,128.149809,37.920819,3023.1335016,-73.289,20.127,29.286,0.8899119444556564
182.05,128.149837,37.920853,3024.3383760000006,-75.35,20.111,29.037,0.8899119444556564
182.0666,128.149865,37.920886,3025.5475176,-77.508,20.089,28.772,0.8899119444556564
182.0833,128.149893,37.92092,3026.7597072000003,-79.756,20.06,28.497,0.8899119444556564
182.1,128.149921,37.920954,3027.9743352000005,-82.091,20.021,28.215,0.8899119444556564
182.1166,128.149949,37.920988,3029.1910967999997,-84.508,19.971,27.929,0.8899119444556564
182.1333,128.149976,37.921022,3030.4087728,-86.992,19.912,27.621,0.8899119444556564
182.15,128.150003,37.921056,3031.6267536,-89.529,19.844,27.288,0.8899119444556564
182.1666,128.150031,37.92109,3032.8441248,-92.105,19.764,26.939,0.8899119444556564
182.1833,128.150057,37.921124,3034.0608864,-94.71,19.671,26.58,0.8899119444556564
182.2,128.150084,37.921158,3035.2758192000006,-97.333,19.563,26.22,0.8899119444556564
182.2166,128.150111,37.921193,3036.4886184,-99.968,19.439,25.86,0.8899119444556564
182.2333,128.150137,37.921227,3037.6977600000005,-102.431,19.313,25.48,0.8899119444556564
182.25,128.150164,37.921262,3038.9038536,-104.726,19.183,25.083,0.8899119444556564
182.2666,128.15019,37.921296,3040.107204,-106.871,19.039,24.676,0.8899119444556564
182.2833,128.150216,37.921331,3041.3072016,-108.887,18.875,24.271,0.8899119444556564
182.3,128.150242,37.921366,3042.5041512,-110.799,18.689,23.872,0.8899119444556564
182.3166,128.150267,37.921401,3043.697748,-112.632,18.48,23.483,0.8899119444556564
182.3333,128.150293,37.921436,3044.886468,-114.286,18.259,23.092,0.8899119444556564
182.35,128.150319,37.921471,3046.0718352000004,-115.776,18.029,22.7,0.8899119444556564
182.3666,128.150344,37.921506,3047.25324,-117.106,17.791,22.311,0.8899119444556564
182.3833,128.15037,37.921541,3048.431292,-118.287,17.543,21.929,0.8899119444556564
182.4,128.150395,37.921576,3049.6056864,-119.345,17.284,21.559,0.8899119444556564
182.4166,128.150421,37.921611,3050.7755088,-120.307,17.014,21.202,0.8899119444556564
182.4333,128.150446,37.921647,3051.9419784000006,-121.135,16.74,20.856,0.8899119444556564
182.45,128.150471,37.921682,3053.1044856,-121.84,16.465,20.52,0.8899119444556564
182.4666,128.150496,37.921717,3054.26364,-122.428,16.19,20.194,0.8899119444556564
182.4833,128.150521,37.921753,3055.4179176000002,-122.904,15.914,19.878,0.8899119444556564
182.5,128.150546,37.921789,3056.5667088,-123.288,15.638,19.573,0.8899119444556564
182.5166,128.150571,37.921824,3057.7097088,-123.599,15.362,19.281,0.8899119444556564
182.5333,128.150596,37.92186,3058.8478320000004,-123.812,15.089,18.998,0.8899119444556564
182.55,128.15062,37.921896,3059.9807736000002,-123.937,14.821,18.725,0.8899119444556564
182.5666,128.150645,37.921932,3061.1067048000004,-123.991,14.557,18.462,0.8899119444556564
182.5833,128.15067,37.921967,3062.2259304000004,-123.987,14.297,18.207,0.8899119444556564
182.6,128.150694,37.922004,3063.337536,-123.936,14.04,17.96,0.8899119444556564
182.6166,128.150718,37.92204,3064.4418264,-123.848,13.786,17.722,0.8899119444556564
182.6333,128.150742,37.922076,3065.5375824000002,-123.729,13.537,17.49,0.8899119444556564
182.65,128.150766,37.922112,3066.6251088,-123.587,13.292,17.263,0.8899119444556564
182.6666,128.15079,37.922148,3067.7041008000006,-123.424,13.052,17.042,0.8899119444556564
182.6833,128.150814,37.922185,3068.7742536,-123.244,12.817,16.824,0.8899119444556564
182.7,128.150838,37.922221,3069.8352624000004,-123.05,12.586,16.61,0.8899119444556564
182.7166,128.150861,37.922258,3070.887432,-122.842,12.361,16.399,0.8899119444556564
182.7333,128.150884,37.922294,3071.9292384,-122.64,12.139,16.191,0.8899119444556564
182.75,128.150907,37.922331,3072.961596,-122.444,11.92,15.986,0.8899119444556564
182.7666,128.15093,37.922368,3073.9842000000003,-122.252,11.704,15.783,0.8899119444556564
182.7833,128.150953,37.922405,3074.9967456000004,-122.063,11.492,15.581,0.8899119444556564
182.8,128.150976,37.922442,3075.9995375999997,-121.876,11.285,15.38,0.8899119444556564
182.8166,128.150999,37.922479,3076.9922712000002,-121.688,11.081,15.18,0.8899119444556564
182.8333,128.151021,37.922516,3077.974032,-121.521,10.879,14.982,0.8899119444556564
182.85,128.151043,37.922553,3078.9454296000004,-121.372,10.678,14.784,0.8899119444556564
182.8666,128.151065,37.92259,3079.906464,-121.239,10.48,14.588,0.8899119444556564
182.8833,128.151087,37.922627,3080.8568304000005,-121.117,10.284,14.391,0.8899119444556564
182.9,128.151109,37.922665,3081.7968336,-121.004,10.092,14.195,0.8899119444556564
182.9166,128.15113,37.922702,3082.7264736,-120.897,9.902,13.998,0.8899119444556564
182.9333,128.151152,37.92274,3083.6445312,-120.813,9.713,13.801,0.8899119444556564
182.95,128.151173,37.922777,3084.5522256000004,-120.747,9.525,13.605,0.8899119444556564
182.9666,128.151194,37.922815,3085.4489472,-120.697,9.338,13.409,0.8899119444556564
182.9833,128.151214,37.922853,3086.3350008,-120.66,9.153,13.213,0.8899119444556564
183.0,128.151235,37.922891,3087.2103864,-120.632,8.97,13.017,0.8899119444556564
183.0166,128.151255,37.922929,3088.075104,-120.611,8.789,12.82,0.8899119444556564
183.0333,128.151276,37.922967,3088.9279344,-120.606,8.608,12.622,0.8899119444556564
183.05,128.151296,37.923005,3089.7697920000005,-120.616,8.427,12.425,0.8899119444556564
183.0666,128.151316,37.923043,3090.6009816,-120.637,8.247,12.227,0.8899119444556564
183.0833,128.151335,37.923081,3091.4205888,-120.666,8.067,12.029,0.8899119444556564
183.1,128.151355,37.92312,3092.2295280000003,-120.702,7.889,11.829,0.8899119444556564
183.1166,128.151374,37.923158,3093.0271896000004,-120.743,7.711,11.63,0.8899119444556564
183.1333,128.151393,37.923197,3093.8135736000004,-120.792,7.533,11.43,0.8899119444556564
183.15,128.151412,37.923235,3094.5886800000003,-120.848,7.356,11.231,0.8899119444556564
183.1666,128.151431,37.923274,3095.3528136,-120.909,7.179,11.031,0.8899119444556564
183.1833,128.15145,37.923312,3096.1056696,-120.974,7.002,10.832,0.8899119444556564
183.2,128.151468,37.923351,3096.847248,-121.042,6.826,10.632,0.8899119444556564
183.2166,128.151486,37.92339,3097.5775488000004,-121.111,6.65,10.432,0.8899119444556564
183.2333,128.151505,37.923429,3098.2971816,-121.076,6.486,10.231,0.8899119444556564
183.25,128.151522,37.923468,3099.0067559999998,-120.941,6.333,10.027,0.8899119444556564
183.2666,128.15154,37.923507,3099.7068816,-120.705,6.187,9.822,0.8899119444556564
183.2833,128.151558,37.923546,3100.3978632,-120.365,6.045,9.617,0.8899119444556564
183.3,128.151575,37.923585,3101.0803104,-119.924,5.903,9.411,0.8899119444556564
183.3166,128.151593,37.923624,3101.7545280000004,-119.385,5.764,9.205,0.8899119444556564
183.3333,128.15161,37.923663,3102.4211256000003,-118.761,5.626,8.998,0.8899119444556564
183.35,128.151627,37.923703,3103.0782744,-118.068,5.489,8.792,0.8899119444556564
183.3666,128.151644,37.923742,3103.7262792,-117.32,5.354,8.586,0.8899119444556564
183.3833,128.151661,37.923781,3104.3654448,-116.531,5.223,8.382,0.8899119444556564
183.4,128.151677,37.923821,3104.9954664,-115.709,5.095,8.179,0.8899119444556564
183.4166,128.151694,37.92386,3105.6160392,-114.864,4.971,7.977,0.8899119444556564
183.4333,128.15171,37.9239,3106.227468,-114.046,4.848,7.775,0.8899119444556564
183.45,128.151726,37.923939,3106.8288384,-113.256,4.725,7.574,0.8899119444556564
183.4666,128.151742,37.923979,3107.4204552,-112.493,4.606,7.371,0.8899119444556564
183.4833,128.151757,37.924019,3108.0026232000005,-111.755,4.492,7.167,0.8899119444556564
183.5,128.151773,37.924059,3108.5756472,-111.038,4.384,6.962,0.8899119444556564
183.5166,128.151788,37.924098,3109.1398320000003,-110.335,4.282,6.754,0.8899119444556564
183.5333,128.151803,37.924138,3109.6942632,-109.698,4.181,6.544,0.8899119444556564
183.55,128.151818,37.924178,3110.2392456000002,-109.119,4.079,6.332,0.8899119444556564
183.5666,128.151832,37.924218,3110.7744744,-108.591,3.979,6.117,0.8899119444556564
183.5833,128.151846,37.924258,3111.3011688,-108.106,3.883,5.9,0.8899119444556564
183.6,128.151861,37.924298,3111.8187192000005,-107.655,3.792,5.68,0.8899119444556564
183.6166,128.151874,37.924339,3112.32804,-107.229,3.706,5.457,0.8899119444556564
183.6333,128.151888,37.924379,3112.8285216,-106.865,3.62,5.233,0.8899119444556564
183.65,128.151901,37.924419,3113.3198592000003,-106.553,3.534,5.006,0.8899119444556564
183.6666,128.151915,37.924459,3113.8023576000005,-106.286,3.448,4.778,0.8899119444556564
183.6833,128.151928,37.9245,3114.2769312,-106.056,3.365,4.548,0.8899119444556564
183.7,128.15194,37.92454,3114.7429704,-105.855,3.285,4.316,0.8899119444556564
183.7166,128.151953,37.924581,3115.20078,-105.676,3.208,4.081,0.8899119444556564
183.7333,128.151965,37.924621,3115.6500552,-105.538,3.13,3.844,0.8899119444556564
183.75,128.151977,37.924662,3116.0911008000003,-105.435,3.051,3.606,0.8899119444556564
183.7666,128.151989,37.924702,3116.5239168000003,-105.361,2.973,3.366,0.8899119444556564
183.7833,128.152,37.924743,3116.948808,-105.31,2.895,3.125,0.8899119444556564
183.8,128.152011,37.924783,3117.3654696,-105.278,2.818,2.882,0.8899119444556564
183.8166,128.152023,37.924824,3117.7745112000002,-105.26,2.743,2.637,0.8899119444556564
183.8333,128.152033,37.924865,3118.1750184,-105.263,2.666,2.392,0.8899119444556564
183.85,128.152044,37.924906,3118.5679056000004,-105.282,2.59,2.146,0.8899119444556564
183.8666,128.152054,37.924946,3118.9528680000003,-105.315,2.512,1.899,0.8899119444556564
183.8833,128.152064,37.924987,3119.3296008,-105.359,2.435,1.652,0.8899119444556564
183.9,128.152074,37.925028,3119.6987136000002,-105.412,2.357,1.404,0.8899119444556564
183.9166,128.152084,37.925069,3120.0599016,-105.472,2.28,1.156,0.8899119444556564
183.9333,128.152094,37.92511,3120.4134696,-105.537,2.201,0.907,0.8899119444556564
183.95,128.152103,37.925151,3120.758808,-105.607,2.122,0.658,0.8899119444556564
183.9666,128.152112,37.925192,3121.0965264,-105.68,2.043,0.408,0.8899119444556564
183.9833,128.152121,37.925233,3121.4260152,-105.755,1.963,0.159,0.8899119444556564
184.0,128.152129,37.925274,3121.7478840000003,-105.833,1.882,359.909,0.8899119444556564
184.0166,128.152138,37.925316,3122.0618280000003,-105.912,1.8,359.659,0.8899119444556564
184.0333,128.152146,37.925357,3122.368152,-105.988,1.718,359.411,0.8899119444556564
184.05,128.152154,37.925398,3122.6662464000005,-106.061,1.637,359.164,0.8899119444556564
184.0666,128.152161,37.925439,3122.9567208000003,-106.132,1.555,358.918,0.8899119444556564
184.0833,128.152169,37.92548,3123.2392704000004,-106.201,1.473,358.673,0.8899119444556564
184.1,128.152176,37.925522,3123.5138952,-106.268,1.389,358.428,0.8899119444556564
184.1166,128.152183,37.925563,3123.7802904,-106.333,1.305,358.184,0.8899119444556564
184.1333,128.15219,37.925604,3124.0393704000003,-106.393,1.222,357.944,0.8899119444556564
184.15,128.152196,37.925646,3124.2902208,-106.446,1.14,357.71,0.8899119444556564
184.1666,128.152203,37.925687,3124.5334512,-106.494,1.059,357.479,0.8899119444556564
184.1833,128.152209,37.925728,3124.7687568,-106.539,0.978,357.25,0.8899119444556564
184.2,128.152215,37.92577,3124.9958328000002,-106.58,0.896,357.022,0.8899119444556564
184.2166,128.15222,37.925811,3125.2152888,-106.618,0.813,356.793,0.8899119444556564
184.2333,128.152226,37.925853,3125.4271248,-106.65,0.732,356.569,0.8899119444556564
184.25,128.152231,37.925894,3125.6307312,-106.675,0.652,356.349,0.8899119444556564
184.2666,128.152236,37.925936,3125.8267176,-106.695,0.572,356.132,0.8899119444556564
184.2833,128.152241,37.925977,3126.0147792000002,-106.711,0.492,355.916,0.8899119444556564
184.3,128.152246,37.926019,3126.1949160000004,-106.723,0.412,355.7,0.8899119444556564
184.3166,128.15225,37.926061,3126.3674328,-106.732,0.33,355.484,0.8899119444556564
184.3333,128.152254,37.926102,3126.5320248000003,-106.735,0.25,355.271,0.8899119444556564
184.35,128.152258,37.926144,3126.6889968,-106.732,0.172,355.062,0.8899119444556564
184.3666,128.152262,37.926185,3126.8380440000005,-106.725,0.093,354.854,0.8899119444556564
184.3833,128.152266,37.926227,3126.9794712000003,-106.713,0.015,354.648,0.8899119444556564
184.4,128.152269,37.926269,3127.1132784000006,-106.698,-0.063,354.441,0.8899119444556564
184.4166,128.152272,37.92631,3127.2391608,-106.681,-0.142,354.233,0.8899119444556564
184.4333,128.152275,37.926352,3127.3574232,-106.659,-0.221,354.029,0.8899119444556564
184.45,128.152278,37.926394,3127.4680656,-106.631,-0.298,353.827,0.8899119444556564
184.4666,128.152281,37.926435,3127.5707832,-106.6,-0.374,353.627,0.8899119444556564
184.4833,128.152283,37.926477,3127.6661856,-106.565,-0.451,353.427,0.8899119444556564
184.5,128.152285,37.926519,3127.753968,-106.528,-0.528,353.227,0.8899119444556564
184.5166,128.152287,37.926561,3127.8338256,-106.489,-0.605,353.026,0.8899119444556564
184.5333,128.152289,37.926602,3127.9066728000003,-106.445,-0.681,352.828,0.8899119444556564
184.55,128.15229,37.926644,3127.9715952,-106.397,-0.757,352.632,0.8899119444556564
184.5666,128.152291,37.926686,3128.0292024,-106.346,-0.831,352.437,0.8899119444556564
184.5833,128.152293,37.926728,3128.0791896000005,-106.293,-0.906,352.242,0.8899119444556564
184.6,128.152293,37.926769,3128.1218616,-106.237,-0.98,352.047,0.8899119444556564
184.6166,128.152294,37.926811,3128.1572184,-106.179,-1.055,351.851,0.8899119444556564
184.6333,128.152295,37.926853,3128.1849552000003,-106.118,-1.129,351.657,0.8899119444556564
184.65,128.152295,37.926895,3128.2056816,-106.054,-1.202,351.465,0.8899119444556564
184.6666,128.152295,37.926937,3128.218788,-105.987,-1.275,351.273,0.8899119444556564
184.6833,128.152295,37.926978,3128.2245792,-105.918,-1.347,351.082,0.8899119444556564
184.7,128.152295,37.92702,3128.2230552000005,-105.846,-1.42,350.89,0.8899119444556564
184.7166,128.152294,37.927062,3128.2145208,-105.774,-1.492,350.698,0.8899119444556564
184.7333,128.152293,37.927104,3128.1986712000003,-105.698,-1.563,350.507,0.8899119444556564
184.75,128.152292,37.927146,3128.1758112,-105.62,-1.634,350.318,0.8899119444556564
184.7666,128.152291,37.927188,3128.145636,-105.539,-1.704,350.129,0.8899119444556564
184.7833,128.15229,37.927229,3128.1084504,-105.457,-1.774,349.94,0.8899119444556564
184.8,128.152288,37.927271,3128.0639496,-105.372,-1.844,349.751,0.8899119444556564
184.8166,128.152287,37.927313,3128.0124384,-105.287,-1.914,349.56,0.8899119444556564
184.8333,128.152285,37.927355,3127.9542216,-105.199,-1.983,349.371,0.8899119444556564
184.85,128.152283,37.927397,3127.8889944,-105.109,-2.051,349.184,0.8899119444556564
184.8666,128.15228,37.927438,3127.816452,-105.016,-2.119,348.996,0.8899119444556564
184.8833,128.152278,37.92748,3127.7375088,-104.922,-2.186,348.809,0.8899119444556564
184.9,128.152275,37.927522,3127.6512504,-104.827,-2.254,348.621,0.8899119444556564
184.9166,128.152272,37.927564,3127.5582864000003,-104.73,-2.321,348.432,0.8899119444556564
184.9333,128.152269,37.927606,3127.4586168000005,-104.631,-2.387,348.244,0.8899119444556564
184.95,128.152266,37.927647,3127.3522416000005,-104.53,-2.453,348.057,0.8899119444556564
184.9666,128.152263,37.927689,3127.238856,-104.427,-2.518,347.87,0.8899119444556564
184.9833,128.152259,37.927731,3127.1190696,-104.323,-2.583,347.683,0.8899119444556564
185.0,128.152255,37.927773,3126.9922728,-104.218,-2.648,347.495,0.8899119444556564
185.0166,128.152251,37.927815,3126.8590752,-104.111,-2.712,347.307,0.8899119444556564
185.0333,128.152247,37.927856,3126.7194768,-104.003,-2.776,347.119,0.8899119444556564
185.05,128.152242,37.927898,3126.572868,-103.893,-2.839,346.932,0.8899119444556564
185.0666,128.152238,37.92794,3126.4201632,-103.781,-2.902,346.745,0.8899119444556564
185.0833,128.152233,37.927982,3126.2607528000003,-103.669,-2.965,346.557,0.8899119444556564
185.1,128.152228,37.928023,3126.0946368000004,-103.555,-3.027,346.369,0.8899119444556564
185.1166,128.152223,37.928065,3125.9224248,-103.44,-3.089,346.181,0.8899119444556564
185.1333,128.152217,37.928107,3125.743812,-103.323,-3.15,345.992,0.8899119444556564
185.15,128.152212,37.928148,3125.5587984000003,-103.205,-3.211,345.804,0.8899119444556564
185.1666,128.152206,37.92819,3125.3676888,-103.086,-3.271,345.615,0.8899119444556564
185.1833,128.1522,37.928232,3125.1701784000006,-102.966,-3.331,345.426,0.8899119444556564
185.2,128.152194,37.928273,3124.9662672,-102.844,-3.391,345.236,0.8899119444556564
185.2166,128.152188,37.928315,3124.7562600000006,-102.722,-3.45,345.046,0.8899119444556564
185.2333,128.152181,37.928357,3124.5401568,-102.599,-3.509,344.856,0.8899119444556564
185.25,128.152174,37.928398,3124.3179576,-102.474,-3.567,344.665,0.8899119444556564
185.2666,128.152168,37.92844,3124.0896624000006,-102.349,-3.625,344.474,0.8899119444556564
185.2833,128.152161,37.928481,3123.8552712000005,-102.222,-3.683,344.283,0.8899119444556564
185.3,128.152153,37.928523,3123.6150888,-102.095,-3.74,344.091,0.8899119444556564
185.3166,128.152146,37.928564,3123.3688104,-101.968,-3.797,343.899,0.8899119444556564
185.3333,128.152138,37.928606,3123.1164360000002,-101.839,-3.853,343.707,0.8899119444556564
185.35,128.15213,37.928647,3122.8582704,-101.71,-3.909,343.514,0.8899119444556564
185.3666,128.152122,37.928689,3122.5940088,-101.58,-3.964,343.321,0.8899119444556564
185.3833,128.152114,37.92873,3122.323956,-101.449,-4.019,343.128,0.8899119444556564
185.4,128.152106,37.928772,3122.0481120000004,-101.318,-4.073,342.935,0.8899119444556564
185.4166,128.152097,37.928813,3121.7664768,-101.187,-4.127,342.741,0.8899119444556564
185.4333,128.152088,37.928854,3121.4793552,-101.055,-4.181,342.546,0.8899119444556564
185.45,128.15208,37.928896,3121.1861375999997,-100.922,-4.234,342.351,0.8899119444556564
185.4666,128.15207,37.928937,3120.8877384,-100.789,-4.287,342.154,0.8899119444556564
185.4833,128.152061,37.928978,3120.5832432,-100.656,-4.34,341.958,0.8899119444556564
185.5,128.152052,37.92902,3120.2735664,-100.523,-4.392,341.76,0.8899119444556564
185.5166,128.152042,37.929061,3119.9580984000004,-100.389,-4.443,341.563,0.8899119444556564
185.5333,128.152032,37.929102,3119.6371440000003,-100.255,-4.495,341.364,0.8899119444556564
185.55,128.152022,37.929143,3119.3107032000003,-100.121,-4.546,341.165,0.8899119444556564
185.5666,128.152012,37.929184,3118.9787760000004,-99.988,-4.596,340.964,0.8899119444556564
185.5833,128.152001,37.929225,3118.6413624000006,-99.854,-4.646,340.763,0.8899119444556564
185.6,128.151991,37.929267,3118.2987672,-99.719,-4.696,340.562,0.8899119444556564
185.6166,128.15198,37.929308,3117.9506856,-99.585,-4.745,340.361,0.8899119444556564
185.6333,128.151969,37.929349,3117.5971176,-99.451,-4.794,340.158,0.8899119444556564
185.65,128.151958,37.92939,3117.2386728,-99.318,-4.843,339.954,0.8899119444556564
185.6666,128.151946,37.929431,3116.8747416,-99.185,-4.891,339.749,0.8899119444556564
185.6833,128.151935,37.929472,3116.5056288,-99.051,-4.939,339.544,0.8899119444556564
185.7,128.151923,37.929513,3116.1313344,-98.919,-4.986,339.338,0.8899119444556564
185.7166,128.151911,37.929553,3115.7518584,-98.786,-5.033,339.132,0.8899119444556564
185.7333,128.151899,37.929594,3115.3672008000003,-98.654,-5.079,338.925,0.8899119444556564
185.75,128.151887,37.929635,3114.9776664,-98.522,-5.126,338.716,0.8899119444556564
185.7666,128.151874,37.929676,3114.5829504000003,-98.391,-5.172,338.506,0.8899119444556564
185.7833,128.151862,37.929717,3114.1830528000005,-98.26,-5.217,338.295,0.8899119444556564
185.8,128.151849,37.929757,3113.7782784000005,-98.13,-5.262,338.084,0.8899119444556564
185.8166,128.151836,37.929798,3113.3686272,-98.0,-5.307,337.874,0.8899119444556564
185.8333,128.151823,37.929839,3112.9540991999997,-97.871,-5.351,337.661,0.8899119444556564
185.85,128.151809,37.929879,3112.5346944,-97.743,-5.395,337.446,0.8899119444556564
185.8666,128.151796,37.92992,3112.1104128,-97.616,-5.439,337.231,0.8899119444556564
185.8833,128.151782,37.92996,3111.6812544,-97.49,-5.482,337.014,0.8899119444556564
185.9,128.151768,37.930001,3111.2472192000005,-97.364,-5.525,336.798,0.8899119444556564
185.9166,128.151754,37.930041,3110.8083072000004,-97.238,-5.567,336.582,0.8899119444556564
185.9333,128.15174,37.930082,3110.3648232,-97.114,-5.609,336.364,0.8899119444556564
185.95,128.151725,37.930122,3109.9167672,-96.991,-5.652,336.143,0.8899119444556564
185.9666,128.15171,37.930162,3109.4638344000005,-96.869,-5.693,335.921,0.8899119444556564
185.9833,128.151695,37.930203,3109.0063296000003,-96.748,-5.735,335.699,0.8899119444556564
186.0,128.15168,37.930243,3108.5442528000003,-96.628,-5.775,335.477,0.8899119444556564
186.0166,128.151665,37.930283,3108.077604,-96.508,-5.816,335.255,0.8899119444556564
186.0333,128.15165,37.930323,3107.6060784000006,-96.389,-5.856,335.03,0.8899119444556564
186.05,128.151634,37.930363,3107.1302855999998,-96.272,-5.896,334.803,0.8899119444556564
186.0666,128.151618,37.930404,3106.6502256000003,-96.157,-5.935,334.574,0.8899119444556564
186.0833,128.151602,37.930444,3106.1652888000003,-96.042,-5.975,334.345,0.8899119444556564
186.1,128.151586,37.930484,3105.6760848000004,-95.928,-6.014,334.117,0.8899119444556564
186.1166,128.151569,37.930523,3105.1823088,-95.815,-6.052,333.888,0.8899119444556564
186.1333,128.151553,37.930563,3104.6842656,-95.703,-6.09,333.657,0.8899119444556564
186.15,128.151536,37.930603,3104.1819552,-95.594,-6.128,333.423,0.8899119444556564
186.1666,128.151519,37.930643,3103.6753776,-95.485,-6.166,333.188,0.8899119444556564
186.1833,128.151502,37.930683,3103.1642280000005,-95.378,-6.204,332.952,0.8899119444556564
186.2,128.151485,37.930722,3102.6488112,-95.271,-6.241,332.717,0.8899119444556564
186.2166,128.151467,37.930762,3102.129432,-95.166,-6.277,332.482,0.8899119444556564
186.2333,128.151449,37.930801,3101.6054808,-95.062,-6.313,332.245,0.8899119444556564
186.25,128.151431,37.930841,3101.0775672,-94.959,-6.35,332.004,0.8899119444556564
186.2666,128.151413,37.93088,3100.5453864,-94.859,-6.386,331.763,0.8899119444556564
186.2833,128.151395,37.93092,3100.0092432,-94.759,-6.422,331.52,0.8899119444556564
186.3,128.151376,37.930959,3099.4688328,-94.661,-6.457,331.279,0.8899119444556564
186.3166,128.151358,37.930998,3098.9241552000003,-94.563,-6.492,331.038,0.8899119444556564
186.3333,128.151339,37.931038,3098.3755152,-94.467,-6.526,330.794,0.8899119444556564
186.35,128.15132,37.931077,3097.8229128,-94.373,-6.561,330.547,0.8899119444556564
186.3666,128.1513,37.931116,3097.266348,-94.28,-6.596,330.298,0.8899119444556564
186.3833,128.151281,37.931155,3096.705516,-94.189,-6.63,330.05,0.8899119444556564
186.4,128.151261,37.931194,3096.1410264,-94.098,-6.663,329.802,0.8899119444556564
186.4166,128.151242,37.931233,3095.5722696,-94.009,-6.697,329.554,0.8899119444556564
186.4333,128.151221,37.931272,3094.9998552,-93.921,-6.73,329.304,0.8899119444556564
186.45,128.151201,37.93131,3094.4234784000005,-93.835,-6.763,329.051,0.8899119444556564
186.4666,128.151181,37.931349,3093.8431392,-93.75,-6.796,328.796,0.8899119444556564
186.4833,128.15116,37.931388,3093.2588376,-93.667,-6.829,328.541,0.8899119444556564
186.5,128.151139,37.931426,3092.6708784,-93.584,-6.861,328.286,0.8899119444556564
186.5166,128.151118,37.931465,3092.0789568,-93.502,-6.893,328.033,0.8899119444556564
186.5333,128.151097,37.931503,3091.4833776,-93.422,-6.924,327.776,0.8899119444556564
186.55,128.151076,37.931542,3090.8841408000003,-93.344,-6.956,327.517,0.8899119444556564
186.5666,128.151054,37.93158,3090.2809416000005,-93.267,-6.988,327.256,0.8899119444556564
186.5833,128.151032,37.931618,3089.6740848000004,-93.19,-7.019,326.995,0.8899119444556564
186.6,128.15101,37.931656,3089.0635704,-93.115,-7.05,326.734,0.8899119444556564
186.6166,128.150988,37.931694,3088.4490936,-93.041,-7.081,326.475,0.8899119444556564
186.6333,128.150966,37.931732,3087.8312640000004,-92.968,-7.111,326.212,0.8899119444556564
186.65,128.150943,37.93177,3087.2097768,-92.897,-7.142,325.947,0.8899119444556564
186.6666,128.15092,37.931808,3086.5843272,-92.826,-7.172,325.68,0.8899119444556564
186.6833,128.150897,37.931846,3085.9555248,-92.757,-7.202,325.413,0.8899119444556564
186.7,128.150874,37.931884,3085.3230648,-92.689,-7.232,325.147,0.8899119444556564
186.7166,128.150851,37.931921,3084.687252,-92.622,-7.261,324.882,0.8899119444556564
186.7333,128.150827,37.931959,3084.0477816000002,-92.556,-7.291,324.614,0.8899119444556564
186.75,128.150803,37.931996,3083.4046536,-92.491,-7.32,324.342,0.8899119444556564
186.7666,128.150779,37.932034,3082.7581728,-92.427,-7.35,324.07,0.8899119444556564
186.7833,128.150755,37.932071,3082.1080344,-92.364,-7.379,323.797,0.8899119444556564
186.8,128.150731,37.932108,3081.4545432,-92.302,-7.407,323.526,0.8899119444556564
186.8166,128.150706,37.932145,3080.7973944,-92.24,-7.436,323.255,0.8899119444556564
186.8333,128.150681,37.932182,3080.1368928,-92.18,-7.464,322.984,0.8899119444556564
186.85,128.150656,37.932219,3079.4730384,-92.122,-7.492,322.714,0.8899119444556564
186.8666,128.150631,37.932256,3078.8058312,-92.065,-7.52,322.445,0.8899119444556564
186.8833,128.150606,37.932293,3078.1352712000003,-92.008,-7.548,322.176,0.8899119444556564
186.9,128.15058,37.93233,3077.4613584,-91.953,-7.576,321.908,0.8899119444556564
186.9166,128.150555,37.932366,3076.783788,-91.898,-7.603,321.641,0.8899119444556564
186.9333,128.150529,37.932403,3076.1031696,-91.845,-7.63,321.375,0.8899119444556564
186.95,128.150503,37.932439,3075.4191984000004,-91.793,-7.657,321.11,0.8899119444556564
186.9666,128.150476,37.932475,3074.7318744,-91.742,-7.684,320.845,0.8899119444556564
186.9833,128.15045,37.932512,3074.0411976,-91.692,-7.711,320.581,0.8899119444556564
187.0,128.150423,37.932548,3073.3474728,-91.643,-7.738,320.318,0.8899119444556564
187.0166,128.150396,37.932584,3072.6503952000003,-91.594,-7.764,320.056,0.8899119444556564
187.0333,128.150369,37.93262,3071.9499648,-91.547,-7.791,319.794,0.8899119444556564
187.05,128.150341,37.932656,3071.2464864000003,-91.502,-7.817,319.533,0.8899119444556564
187.0666,128.150314,37.932691,3070.5396552,-91.457,-7.843,319.272,0.8899119444556564
187.0833,128.150286,37.932727,3069.8297760000005,-91.413,-7.869,319.011,0.8899119444556564
187.1,128.150258,37.932763,3069.1168488000003,-91.37,-7.895,318.752,0.8899119444556564
187.1166,128.15023,37.932798,3068.4005688,-91.327,-7.921,318.492,0.8899119444556564
187.1333,128.150202,37.932833,3067.6812408,-91.286,-7.946,318.233,0.8899119444556564
187.15,128.150173,37.932869,3066.9585600000005,-91.245,-7.972,317.974,0.8899119444556564
187.1666,128.150145,37.932904,3066.2328312,-91.206,-7.997,317.716,0.8899119444556564
187.1833,128.150116,37.932939,3065.5043592,-91.168,-8.023,317.457,0.8899119444556564
187.2,128.150087,37.932974,3064.7725344,-91.13,-8.048,317.199,0.8899119444556564
187.2166,128.150058,37.933009,3064.0376616000003,-91.092,-8.073,316.942,0.8899119444556564
187.2333,128.150028,37.933043,3063.2994360000002,-91.056,-8.099,316.684,0.8899119444556564
187.25,128.149998,37.933078,3062.5584672,-91.021,-8.124,316.427,0.8899119444556564
187.2666,128.149969,37.933112,3061.8144504,-90.987,-8.149,316.17,0.8899119444556564
187.2833,128.149939,37.933147,3061.0676904,-90.953,-8.174,315.913,0.8899119444556564
187.3,128.149908,37.933181,3060.3175776000003,-90.92,-8.199,315.657,0.8899119444556564
187.3166,128.149878,37.933215,3059.5644168000003,-90.887,-8.224,315.4,0.8899119444556564
187.3333,128.149847,37.933249,3058.8085128,-90.855,-8.249,315.144,0.8899119444556564
187.35,128.149817,37.933283,3058.0495608,-90.824,-8.274,314.887,0.8899119444556564
187.3666,128.149786,37.933317,3057.2875608,-90.794,-8.299,314.631,0.8899119444556564
187.3833,128.149755,37.933351,3056.5225127999997,-90.765,-8.324,314.375,0.8899119444556564
187.4,128.149723,37.933385,3055.7547216,-90.736,-8.348,314.119,0.8899119444556564
187.4166,128.149692,37.933418,3054.9838824000003,-90.707,-8.373,313.864,0.8899119444556564
187.4333,128.14966,37.933451,3054.2103,-90.679,-8.398,313.608,0.8899119444556564
187.45,128.149628,37.933485,3053.4336696,-90.652,-8.422,313.352,0.8899119444556564
187.4666,128.149596,37.933518,3052.654296,-90.625,-8.447,313.097,0.8899119444556564
187.4833,128.149564,37.933551,3051.8718744,-90.599,-8.472,312.841,0.8899119444556564
187.5,128.149531,37.933584,3051.0867096,-90.574,-8.497,312.586,0.8899119444556564
187.5166,128.149499,37.933617,3050.2984968,-90.548,-8.521,312.33,0.8899119444556564
187.5333,128.149466,37.93365,3049.5075408000002,-90.524,-8.546,312.075,0.8899119444556564
187.55,128.149433,37.933682,3048.7138416000003,-90.5,-8.57,311.82,0.8899119444556564
187.5666,128.1494,37.933715,3047.9170943999998,-90.476,-8.595,311.565,0.8899119444556564
187.5833,128.149367,37.933747,3047.117604,-90.453,-8.62,311.309,0.8899119444556564
187.6,128.149333,37.933779,3046.3153704,-90.43,-8.644,311.054,0.8899119444556564
187.6166,128.149299,37.933811,3045.5103936,-90.408,-8.669,310.799,0.8899119444556564
187.6333,128.149265,37.933843,3044.7023688000004,-90.386,-8.693,310.544,0.8899119444556564
187.65,128.149231,37.933875,3043.8916008000006,-90.365,-8.718,310.289,0.8899119444556564
187.6666,128.149197,37.933907,3043.0780896000006,-90.344,-8.743,310.034,0.8899119444556564
187.6833,128.149163,37.933939,3042.2618352000004,-90.323,-8.767,309.779,0.8899119444556564
187.7,128.149128,37.93397,3041.4428376,-90.303,-8.792,309.524,0.8899119444556564
187.7166,128.149094,37.934002,3040.6210968,-90.283,-8.816,309.269,0.8899119444556564
187.7333,128.149059,37.934033,3039.796308,-90.263,-8.841,309.014,0.8899119444556564
187.75,128.149024,37.934064,3038.9690808,-90.244,-8.866,308.759,0.8899119444556564
187.7666,128.148988,37.934095,3038.1391104,-90.226,-8.89,308.504,0.8899119444556564
187.7833,128.148953,37.934126,3037.3060920000003,-90.207,-8.915,308.249,0.8899119444556564
187.8,128.148917,37.934157,3036.4706352000003,-90.189,-8.94,307.994,0.8899119444556564
187.8166,128.148882,37.934187,3035.6324352000006,-90.171,-8.964,307.739,0.8899119444556564
187.8333,128.148846,37.934218,3034.7914920000003,-90.154,-8.989,307.483,0.8899119444556564
187.85,128.14881,37.934248,3033.9478056000003,-90.137,-9.014,307.228,0.8899119444556564
187.8666,128.148773,37.934278,3033.1013760000005,-90.12,-9.038,306.973,0.8899119444556564
187.8833,128.148737,37.934308,3032.2522032,-90.103,-9.063,306.718,0.8899119444556564
187.9,128.1487,37.934338,3031.4005920000004,-90.087,-9.088,306.463,0.8899119444556564
187.9166,128.148663,37.934368,3030.5462376,-90.071,-9.113,306.208,0.8899119444556564
187.9333,128.148627,37.934398,3029.68914,-90.055,-9.137,305.953,0.8899119444556564
187.95,128.148589,37.934428,3028.8292992,-90.04,-9.162,305.698,0.8899119444556564
187.9666,128.148552,37.934457,3027.9667152,-90.025,-9.187,305.443,0.8899119444556564
187.9833,128.148515,37.934486,3027.1016928,-90.01,-9.212,305.188,0.8899119444556564
188.0,128.148477,37.934516,3026.2339272,-89.995,-9.237,304.933,0.8899119444556564
188.0166,128.148439,37.934545,3025.3634184000002,-89.98,-9.261,304.678,0.8899119444556564
188.0333,128.148402,37.934573,3024.4904712000002,-89.966,-9.286,304.423,0.8899119444556564
188.05,128.148364,37.934602,3023.614476,-89.952,-9.311,304.168,0.8899119444556564
188.0666,128.148325,37.934631,3022.7363472,-89.938,-9.336,303.912,0.8899119444556564
188.0833,128.148287,37.934659,3021.8551704,-89.924,-9.361,303.657,0.8899119444556564
188.1,128.148248,37.934688,3020.9715552000002,-89.911,-9.386,303.402,0.8899119444556564
188.1166,128.14821,37.934716,3020.0855016,-89.897,-9.411,303.147,0.8899119444556564
188.1333,128.148171,37.934744,3019.1967048,-89.884,-9.436,302.892,0.8899119444556564
188.15,128.148132,37.934772,3018.3051648,-89.871,-9.461,302.636,0.8899119444556564
188.1666,128.148093,37.9348,3017.4111864,-89.858,-9.486,302.381,0.8899119444556564
188.1833,128.148053,37.934828,3016.5144648,-89.846,-9.511,302.126,0.8899119444556564
188.2,128.148014,37.934855,3015.6153048,-89.833,-9.536,301.871,0.8899119444556564
188.2166,128.147974,37.934882,3014.7134016,-89.821,-9.561,301.615,0.8899119444556564
188.2333,128.147935,37.93491,3013.8090600000005,-89.809,-9.586,301.36,0.8899119444556564
188.25,128.147895,37.934937,3012.9019752000004,-89.797,-9.611,301.105,0.8899119444556564
188.2666,128.147855,37.934964,3011.992452,-89.785,-9.636,300.849,0.8899119444556564
188.2833,128.147814,37.934991,3011.0801856,-89.773,-9.661,300.594,0.8899119444556564
188.3,128.147774,37.935017,3010.1654808,-89.761,-9.686,300.338,0.8899119444556564
188.3166,128.147734,37.935044,3009.2483376,-89.75,-9.711,300.083,0.8899119444556564
188.3333,128.147693,37.93507,3008.3284512,-89.738,-9.737,299.828,0.8899119444556564
188.35,128.147652,37.935097,3007.4058216,-89.727,-9.762,299.572,0.8899119444556564
188.3666,128.147611,37.935123,3006.4810584,-89.716,-9.787,299.317,0.8899119444556564
188.3833,128.14757,37.935149,3005.5535520000003,-89.705,-9.812,299.061,0.8899119444556564
188.4,128.147529,37.935174,3004.6233024000003,-89.694,-9.837,298.806,0.8899119444556564
188.4166,128.147488,37.9352,3003.6909192000003,-89.683,-9.863,298.55,0.8899119444556564
188.4333,128.147446,37.935226,3002.755488,-89.672,-9.888,298.294,0.8899119444556564
188.45,128.147404,37.935251,3001.8179232,-89.661,-9.913,298.039,0.8899119444556564
188.4666,128.147363,37.935276,3000.8776152,-89.65,-9.938,297.783,0.8899119444556564
188.4833,128.147321,37.935301,2999.9348688000005,-89.64,-9.964,297.528,0.8899119444556564
188.5,128.147279,37.935326,2998.989684,-89.629,-9.989,297.272,0.8899119444556564
188.5166,128.147236,37.935351,2998.0420608,-89.618,-10.014,297.016,0.8899119444556564
188.5333,128.147194,37.935376,2997.0910848000003,-89.492,-10.028,296.769,0.8899119444556564
188.55,128.147152,37.9354,2996.1373656,-89.255,-10.03,296.53,0.8899119444556564
188.5666,128.147109,37.935424,2995.1818176,-88.904,-10.026,296.297,0.8899119444556564
188.5833,128.147066,37.935449,2994.2241360000003,-88.439,-10.019,296.065,0.8899119444556564
188.6,128.147024,37.935473,2993.264016,-87.86,-10.01,295.834,0.8899119444556564
188.6166,128.146981,37.935497,2992.3020672,-87.174,-10.001,295.603,0.8899119444556564
188.6333,128.146938,37.935521,2991.3382896000003,-86.387,-9.989,295.371,0.8899119444556564
188.65,128.146895,37.935545,2990.3726831999998,-85.504,-9.974,295.14,0.8899119444556564
188.6666,128.146851,37.935568,2989.405248,-84.533,-9.955,294.909,0.8899119444556564
188.6833,128.146808,37.935592,2988.4365936000004,-83.49,-9.932,294.681,0.8899119444556564
188.7,128.146765,37.935616,2987.4673296,-82.391,-9.906,294.456,0.8899119444556564
188.7166,128.146721,37.935639,2986.4971511999997,-81.249,-9.877,294.234,0.8899119444556564
188.7333,128.146677,37.935662,2985.5254488000005,-80.037,-9.844,294.036,0.8899119444556564
188.75,128.146634,37.935686,2984.5531368,-78.762,-9.808,293.88,0.8899119444556564
188.7666,128.14659,37.935709,2983.58052,-77.429,-9.776,293.784,0.8899119444556564
188.7833,128.146546,37.935732,2982.6072936,-76.041,-9.754,293.766,0.8899119444556564
188.8,128.146502,37.935755,2981.6337624000003,-74.601,-9.751,293.843,0.8899119444556564
188.8166,128.146458,37.935778,2980.6599264,-73.106,-9.764,293.992,0.8899119444556564
188.8333,128.146413,37.9358,2979.6860904,-71.552,-9.789,294.191,0.8899119444556564
188.85,128.146369,37.935823,2978.7119496,-69.935,-9.823,294.42,0.8899119444556564
188.8666,128.146325,37.935846,2977.7384184000002,-68.249,-9.861,294.657,0.8899119444556564
188.8833,128.14628,37.935868,2976.7648872000004,-66.49,-9.897,294.884,0.8899119444556564
188.9,128.146236,37.935891,2975.7919656,-64.656,-9.927,295.088,0.8899119444556564
188.9166,128.146191,37.935914,2974.8193488000006,-62.744,-9.95,295.273,0.8899119444556564
188.9333,128.146146,37.935936,2973.846732,-60.758,-9.972,295.445,0.8899119444556564
188.95,128.146102,37.935958,2972.8747248,-58.699,-9.993,295.609,0.8899119444556564
188.9666,128.146057,37.935981,2971.9027176,-56.569,-10.015,295.768,0.8899119444556564
188.9833,128.146012,37.936003,2970.9307104,-54.368,-10.038,295.923,0.8899119444556564
189.0,128.145967,37.936026,2969.9587032000004,-52.099,-10.063,296.075,0.8899119444556564
189.0166,128.145922,37.936048,2968.9863912,-49.762,-10.088,296.224,0.8899119444556564
189.0333,128.145877,37.93607,2968.0140792,-47.357,-10.115,296.37,0.8899119444556564
189.05,128.145832,37.936093,2967.0414624000005,-44.884,-10.143,296.512,0.8899119444556564
189.0666,128.145787,37.936115,2966.0679312,-42.345,-10.172,296.652,0.8899119444556564
189.0833,128.145741,37.936137,2965.0937904,-39.739,-10.203,296.788,0.8899119444556564
189.1,128.145696,37.936159,2964.1184304000003,-37.067,-10.234,296.921,0.8899119444556564
189.1166,128.145651,37.936182,2963.1418512,-34.33,-10.268,297.051,0.8899119444556564
189.1333,128.145605,37.936204,2962.1637480000004,-31.53,-10.303,297.177,0.8899119444556564
189.15,128.14556,37.936226,2961.183816,-28.668,-10.341,297.3,0.8899119444556564
189.1666,128.145515,37.936249,2960.2014456,-25.745,-10.38,297.419,0.8899119444556564
189.1833,128.145469,37.936271,2959.2169416,-22.763,-10.422,297.534,0.8899119444556564
189.2,128.145424,37.936293,2958.2293896000006,-19.724,-10.465,297.645,0.8899119444556564
189.2166,128.145378,37.936315,2957.2387896000005,-16.631,-10.511,297.753,0.8899119444556564
189.2333,128.145332,37.936338,2956.2466656,-13.491,-10.539,297.851,0.8899119444556564
189.25,128.145287,37.93636,2955.2527128,-10.314,-10.531,297.935,0.8899119444556564
189.2666,128.145241,37.936382,2954.2575408000002,-7.11,-10.478,298.007,0.8899119444556564
189.2833,128.145195,37.936405,2953.2605399999998,-3.886,-10.395,298.073,0.8899119444556564
189.3,128.14515,37.936427,2952.2617104,-0.651,-10.297,298.137,0.8899119444556564
189.3166,128.145104,37.936449,2951.2610520000003,2.586,-10.197,298.203,0.8899119444556564
189.3333,128.145058,37.936471,2950.2597840000003,5.821,-10.074,298.274,0.8899119444556564
189.35,128.145012,37.936494,2949.2579064,9.05,-9.911,298.357,0.8899119444556564
189.3666,128.144966,37.936516,2948.2554192000002,12.271,-9.702,298.456,0.8899119444556564
189.3833,128.144921,37.936538,2947.2520176,15.485,-9.465,298.572,0.8899119444556564
189.4,128.144875,37.936561,2946.2480064,18.692,-9.219,298.703,0.8899119444556564
189.4166,128.144829,37.936583,2945.2436904,21.892,-8.977,298.846,0.8899119444556564
189.4333,128.144783,37.936605,2944.2424224,25.026,-8.721,299.007,0.8899119444556564
189.45,128.144737,37.936628,2943.2442024,28.094,-8.434,299.195,0.8899119444556564
189.4666,128.144691,37.93665,2942.24964,31.104,-8.124,299.415,0.8899119444556564
189.4833,128.144645,37.936672,2941.2562967999997,34.069,-7.808,299.663,0.8899119444556564
189.5,128.144598,37.936695,2940.2656968,36.997,-7.502,299.933,0.8899119444556564
189.5166,128.144552,37.936717,2939.2772304000005,39.901,-7.214,300.218,0.8899119444556564
189.5333,128.144506,37.93674,2938.2936408,42.534,-6.915,300.512,0.8899119444556564
189.55,128.14446,37.936762,2937.3149280000002,44.914,-6.597,300.822,0.8899119444556564
189.5666,128.144414,37.936785,2936.3423112,47.056,-6.277,301.151,0.8899119444556564
189.5833,128.144368,37.936808,2935.3764,48.998,-5.974,301.498,0.8899119444556564
189.6,128.144322,37.93683,2934.417804,50.787,-5.696,301.862,0.8899119444556564
189.6166,128.144276,37.936853,2933.4665232,52.469,-5.447,302.238,0.8899119444556564
189.6333,128.14423,37.936876,2932.5231672,53.939,-5.207,302.622,0.8899119444556564
189.65,128.144184,37.936899,2931.5880408000003,55.221,-4.971,303.01,0.8899119444556564
189.6666,128.144138,37.936922,2930.6614488000005,56.325,-4.741,303.4,0.8899119444556564
189.6833,128.144092,37.936946,2929.7443056,57.257,-4.524,303.79,0.8899119444556564
189.7,128.144046,37.936969,2928.8366112000003,58.05,-4.321,304.18,0.8899119444556564
189.7166,128.144,37.936992,2927.9383656,58.74,-4.136,304.571,0.8899119444556564
189.7333,128.143955,37.937016,2927.0501784000003,59.285,-3.961,304.958,0.8899119444556564
189.75,128.143909,37.93704,2926.1720496000003,59.7,-3.793,305.339,0.8899119444556564
189.7666,128.143864,37.937064,2925.3048936000005,59.991,-3.63,305.716,0.8899119444556564
189.7833,128.143819,37.937088,2924.4465768,60.182,-3.475,306.088,0.8899119444556564
189.8,128.143773,37.937112,2923.5977088,60.296,-3.327,306.457,0.8899119444556564
189.8166,128.143728,37.937136,2922.75768,60.354,-3.187,306.824,0.8899119444556564
189.8333,128.143683,37.937161,2921.9283192000003,60.337,-3.052,307.185,0.8899119444556564
189.85,128.143638,37.937185,2921.1084072000003,60.26,-2.919,307.54,0.8899119444556564
189.8666,128.143594,37.93721,2920.2973344,60.137,-2.788,307.89,0.8899119444556564
189.8833,128.143549,37.937235,2919.4960152,59.979,-2.661,308.234,0.8899119444556564
189.9,128.143504,37.93726,2918.70384,59.795,-2.538,308.573,0.8899119444556564
189.9166,128.14346,37.937285,2917.9211136000004,59.592,-2.416,308.907,0.8899119444556564
189.9333,128.143415,37.93731,2917.1469216,59.386,-2.297,309.237,0.8899119444556564
189.95,128.143371,37.937336,2916.3824832,59.181,-2.18,309.563,0.8899119444556564
189.9666,128.143327,37.937361,2915.6271888,58.977,-2.065,309.884,0.8899119444556564
189.9833,128.143283,37.937387,2914.8813432,58.775,-1.949,310.2,0.8899119444556564
190.0,128.143239,37.937413,2914.1452512,58.573,-1.834,310.509,0.8899119444556564
190.0166,128.143195,37.937439,2913.4189128,58.37,-1.719,310.814,0.8899119444556564
190.0333,128.143151,37.937465,2912.7011088,58.187,-1.605,311.115,0.8899119444556564
190.05,128.143107,37.937491,2911.9930584,58.021,-1.493,311.412,0.8899119444556564
190.0666,128.143064,37.937517,2911.2947616,57.869,-1.382,311.706,0.8899119444556564
190.0833,128.14302,37.937544,2910.6062184,57.728,-1.271,311.996,0.8899119444556564
190.1,128.142977,37.93757,2909.9274288,57.595,-1.159,312.282,0.8899119444556564
190.1166,128.142934,37.937597,2909.2590024,57.465,-1.046,312.563,0.8899119444556564
190.1333,128.142891,37.937624,2908.5991104,57.355,-0.935,312.841,0.8899119444556564
190.15,128.142848,37.937651,2907.9495816,57.262,-0.825,313.117,0.8899119444556564
190.1666,128.142805,37.937678,2907.3101112,57.181,-0.716,313.39,0.8899119444556564
190.1833,128.142762,37.937705,2906.6803944,57.111,-0.606,313.661,0.8899119444556564
190.2,128.142719,37.937732,2906.0610408000002,57.047,-0.496,313.928,0.8899119444556564
190.2166,128.142677,37.93776,2905.4517456000003,56.987,-0.386,314.192,0.8899119444556564
190.2333,128.142634,37.937787,2904.8518992,56.941,-0.276,314.454,0.8899119444556564
190.25,128.142592,37.937815,2904.262416,56.905,-0.167,314.715,0.8899119444556564
190.2666,128.14255,37.937843,2903.6829912000003,56.879,-0.059,314.974,0.8899119444556564
190.2833,128.142508,37.937871,2903.1136248000003,56.858,0.049,315.231,0.8899119444556564
190.3,128.142466,37.937899,2902.5546216,56.842,0.158,315.486,0.8899119444556564
190.3166,128.142424,37.937927,2902.0059816000003,56.828,0.266,315.739,0.8899119444556564
190.3333,128.142382,37.937956,2901.4670952,56.822,0.375,315.99,0.8899119444556564
190.35,128.142341,37.937984,2900.938572,56.821,0.483,316.241,0.8899119444556564
190.3666,128.142299,37.938013,2900.4201072,56.824,0.591,316.49,0.8899119444556564
190.3833,128.142258,37.938042,2899.9120056000006,56.831,0.698,316.738,0.8899119444556564
190.4,128.142217,37.93807,2899.4142672,56.839,0.806,316.985,0.8899119444556564
190.4166,128.142176,37.938099,2898.9268920000004,56.848,0.914,317.231,0.8899119444556564
190.4333,128.142135,37.938129,2898.4495752000003,56.859,1.022,317.475,0.8899119444556564
190.45,128.142094,37.938158,2897.9826215999997,56.871,1.129,317.719,0.8899119444556564
190.4666,128.142054,37.938187,2897.5260312,56.884,1.237,317.962,0.8899119444556564
190.4833,128.142013,37.938217,2897.0794992,56.897,1.345,318.204,0.8899119444556564
190.5,128.141973,37.938246,2896.6436352000005,56.909,1.452,318.446,0.8899119444556564
190.5166,128.141933,37.938276,2896.2178296,56.921,1.56,318.686,0.8899119444556564
190.5333,128.141893,37.938306,2895.8020824000005,56.933,1.667,318.927,0.8899119444556564
190.55,128.141853,37.938336,2895.3970032,56.945,1.775,319.166,0.8899119444556564
190.5666,128.141813,37.938366,2895.0019824,56.957,1.882,319.405,0.8899119444556564
190.5833,128.141773,37.938396,2894.6173248,56.968,1.99,319.644,0.8899119444556564
190.6,128.141734,37.938426,2894.2430304000004,56.979,2.098,319.882,0.8899119444556564
190.6166,128.141694,37.938457,2893.8787944,56.989,2.206,320.119,0.8899119444556564
190.6333,128.141655,37.938487,2893.5249215999997,56.999,2.313,320.356,0.8899119444556564
190.65,128.141616,37.938518,2893.1811072,57.009,2.421,320.593,0.8899119444556564
190.6666,128.141577,37.938549,2892.8479608,57.019,2.529,320.829,0.8899119444556564
190.6833,128.141538,37.93858,2892.5245680000003,57.029,2.637,321.065,0.8899119444556564
190.7,128.1415,37.938611,2892.2118432,57.038,2.745,321.3,0.8899119444556564
190.7166,128.141461,37.938642,2891.9091768,57.046,2.854,321.535,0.8899119444556564
190.7333,128.141423,37.938673,2891.6168736000004,57.053,2.962,321.77,0.8899119444556564
190.75,128.141385,37.938704,2891.3346288,57.06,3.071,322.004,0.8899119444556564
190.7666,128.141347,37.938736,2891.0627472,57.066,3.179,322.238,0.8899119444556564
190.7833,128.141309,37.938767,2890.800924,57.07,3.288,322.472,0.8899119444556564
190.8,128.141271,37.938799,2890.549464,57.074,3.397,322.705,0.8899119444556564
190.8166,128.141234,37.938831,2890.3083672,57.077,3.506,322.938,0.8899119444556564
190.8333,128.141196,37.938863,2890.0773288,57.077,3.615,323.171,0.8899119444556564
190.85,128.141159,37.938895,2889.8566536,57.077,3.725,323.403,0.8899119444556564
190.8666,128.141122,37.938927,2889.6460368000003,57.074,3.835,323.635,0.8899119444556564
190.8833,128.141085,37.938959,2889.4457832,57.07,3.945,323.867,0.8899119444556564
190.9,128.141048,37.938991,2889.255588,57.065,4.055,324.099,0.8899119444556564
190.9166,128.141011,37.939024,2889.0757559999997,57.058,4.165,324.33,0.8899119444556564
190.9333,128.140975,37.939056,2888.9062872000004,57.051,4.275,324.561,0.8899119444556564
190.95,128.140939,37.939089,2888.746572,57.045,4.386,324.792,0.8899119444556564
190.9666,128.140903,37.939122,2888.59722,57.038,4.497,325.023,0.8899119444556564
190.9833,128.140867,37.939155,2888.4582312,57.031,4.607,325.254,0.8899119444556564
191.0,128.140831,37.939188,2888.3293008000005,57.025,4.719,325.484,0.8899119444556564
191.0166,128.140795,37.939221,2888.2104288,57.017,4.83,325.715,0.8899119444556564
191.0333,128.140759,37.939254,2888.1013104,57.17,4.924,325.947,0.8899119444556564
191.05,128.140724,37.939287,2888.0007264,57.474,5.001,326.18,0.8899119444556564
191.0666,128.140689,37.93932,2887.9077624000006,57.933,5.069,326.415,0.8899119444556564
191.0833,128.140654,37.939354,2887.8224184,58.549,5.134,326.649,0.8899119444556564
191.1,128.140619,37.939387,2887.7440848,59.316,5.198,326.884,0.8899119444556564
191.1166,128.140584,37.939421,2887.6715424,60.228,5.262,327.12,0.8899119444556564
191.1333,128.140549,37.939455,2887.6050960000002,61.252,5.326,327.357,0.8899119444556564
191.15,128.140514,37.939488,2887.5438312,62.36,5.389,327.594,0.8899119444556564
191.1666,128.14048,37.939522,2887.4895768,63.529,5.452,327.832,0.8899119444556564
191.1833,128.140445,37.939556,2887.4414184,64.741,5.512,328.07,0.8899119444556564
191.2,128.140411,37.93959,2887.399356,65.983,5.566,328.309,0.8899119444556564
191.2166,128.140377,37.939624,2887.3630848000003,67.244,5.614,328.548,0.8899119444556564
191.2333,128.140343,37.939659,2887.3332144000005,68.441,5.665,328.789,0.8899119444556564
191.25,128.140309,37.939693,2887.3091352000006,69.571,5.717,329.034,0.8899119444556564
191.2666,128.140276,37.939728,2887.2914568,70.643,5.765,329.281,0.8899119444556564
191.2833,128.140243,37.939762,2887.2801792,71.665,5.807,329.532,0.8899119444556564
191.3,128.140209,37.939797,2887.274388,72.648,5.839,329.787,0.8899119444556564
191.3166,128.140176,37.939831,2887.2734736,73.603,5.861,330.046,0.8899119444556564
191.3333,128.140143,37.939866,2887.2777408,74.451,5.885,330.308,0.8899119444556564
191.35,128.140111,37.939901,2887.2868848000003,75.204,5.912,330.573,0.8899119444556564
191.3666,128.140078,37.939936,2887.30182,75.878,5.936,330.841,0.8899119444556564
191.3833,128.140046,37.939972,2887.321632,76.486,5.955,331.113,0.8899119444556564
191.4,128.140014,37.940007,2887.3454064000002,77.044,5.967,331.387,0.8899119444556564
191.4166,128.139983,37.940042,2887.3734480000003,77.565,5.971,331.664,0.8899119444556564
191.4333,128.139951,37.940078,2887.405452,77.999,5.976,331.943,0.8899119444556564
191.45,128.13992,37.940113,2887.4420280000004,78.355,5.983,332.223,0.8899119444556564
191.4666,128.139889,37.940149,2887.4825664000005,78.65,5.989,332.505,0.8899119444556564
191.4833,128.139858,37.940185,2887.5267624000003,78.893,5.992,332.787,0.8899119444556564
191.5,128.139827,37.940221,2887.5749208,79.097,5.992,333.072,0.8899119444556564
191.5166,128.139797,37.940257,2887.6261272,79.272,5.987,333.358,0.8899119444556564
191.5333,128.139766,37.940293,2887.6809912000003,79.394,5.983,333.644,0.8899119444556564
191.55,128.139736,37.940329,2887.7395128,79.469,5.981,333.93,0.8899119444556564
191.5666,128.139707,37.940366,2887.8013872,79.507,5.98,334.216,0.8899119444556564
191.5833,128.139677,37.940402,2887.8663096000005,79.515,5.977,334.502,0.8899119444556564
191.6,128.139648,37.940439,2887.9348896000006,79.499,5.974,334.789,0.8899119444556564
191.6166,128.139619,37.940475,2888.0062128,79.465,5.97,335.076,0.8899119444556564
191.6333,128.13959,37.940512,2888.0811936000005,79.407,5.966,335.363,0.8899119444556564
191.65,128.139561,37.940549,2888.1592224,79.327,5.964,335.65,0.8899119444556564
191.6666,128.139533,37.940586,2888.2402991999998,79.231,5.963,335.936,0.8899119444556564
191.6833,128.139505,37.940623,2888.3247288,79.121,5.963,336.222,0.8899119444556564
191.7,128.139477,37.94066,2888.4125112,79.0,5.964,336.507,0.8899119444556564
191.7166,128.139449,37.940697,2888.5030368000002,78.869,5.965,336.792,0.8899119444556564
191.7333,128.139421,37.940734,2888.59722,78.733,5.967,337.076,0.8899119444556564
191.75,128.139394,37.940772,2888.6944512,78.591,5.971,337.36,0.8899119444556564
191.7666,128.139367,37.940809,2888.7947304000004,78.446,5.976,337.643,0.8899119444556564
191.7833,128.13934,37.940847,2888.8983624,78.297,5.982,337.925,0.8899119444556564
191.8,128.139313,37.940885,2889.0056520000003,78.144,5.989,338.207,0.8899119444556564
191.8166,128.139287,37.940922,2889.1159896000004,77.988,5.999,338.488,0.8899119444556564
191.8333,128.139261,37.94096,2889.2293752,77.836,6.009,338.768,0.8899119444556564
191.85,128.139235,37.940998,2889.3464184000004,77.687,6.02,339.048,0.8899119444556564
191.8666,128.139209,37.941036,2889.4668144,77.54,6.032,339.327,0.8899119444556564
191.8833,128.139184,37.941074,2889.5908680000002,77.394,6.046,339.605,0.8899119444556564
191.9,128.139158,37.941112,2889.7179696,77.249,6.062,339.882,0.8899119444556564
191.9166,128.139133,37.941151,2889.8490336,77.104,6.079,340.159,0.8899119444556564
191.9333,128.139108,37.941189,2889.9831456,76.966,6.097,340.434,0.8899119444556564
191.95,128.139084,37.941227,2890.1209152,76.834,6.115,340.71,0.8899119444556564
191.9666,128.139059,37.941266,2890.2623424,76.706,6.135,340.985,0.8899119444556564
191.9833,128.139035,37.941304,2890.4074272000003,76.582,6.156,341.259,0.8899119444556564
192.0,128.139011,37.941343,2890.5561696,76.461,6.179,341.532,0.8899119444556564
192.0166,128.138987,37.941382,2890.7085696,76.34,6.203,341.804,0.8899119444556564
192.0333,128.138964,37.941421,2890.8643224,76.226,6.228,342.076,0.8899119444556564
192.05,128.13894,37.941459,2891.0240375999997,76.119,6.253,342.348,0.8899119444556564
192.0666,128.138917,37.941498,2891.1874104,76.017,6.28,342.619,0.8899119444556564
192.0833,128.138894,37.941537,2891.3544408000002,75.919,6.307,342.889,0.8899119444556564
192.1,128.138872,37.941576,2891.5254336,75.824,6.336,343.159,0.8899119444556564
192.1166,128.138849,37.941616,2891.7003888000004,75.729,6.366,343.428,0.8899119444556564
192.1333,128.138827,37.941655,2891.8786968,75.641,6.396,343.697,0.8899119444556564
192.15,128.138805,37.941694,2892.0609672,75.559,6.427,343.965,0.8899119444556564
192.1666,128.138784,37.941733,2892.2472000000002,75.481,6.459,344.233,0.8899119444556564
192.1833,128.138762,37.941773,2892.4370904,75.407,6.491,344.501,0.8899119444556564
192.2,128.138741,37.941812,2892.631248,75.335,6.525,344.768,0.8899119444556564
192.2166,128.13872,37.941852,2892.8290632,75.264,6.559,345.034,0.8899119444556564
192.2333,128.138699,37.941892,2893.0308408,75.198,6.594,345.298,0.8899119444556564
192.25,128.138678,37.941931,2893.2362760000005,75.137,6.628,345.558,0.8899119444556564
192.2666,128.138658,37.941971,2893.4459784000005,75.08,6.662,345.817,0.8899119444556564
192.2833,128.138638,37.942011,2893.6593384000003,75.025,6.696,346.075,0.8899119444556564
192.3,128.138618,37.942051,2893.8766608,74.971,6.732,346.333,0.8899119444556564
192.3166,128.138598,37.942091,2894.0982504000003,74.92,6.768,346.59,0.8899119444556564
192.3333,128.138579,37.942131,2894.3234976000003,74.872,6.803,346.842,0.8899119444556564
192.35,128.138559,37.942171,2894.5527072000004,74.827,6.837,347.088,0.8899119444556564
192.3666,128.13854,37.942211,2894.7858792,74.785,6.87,347.33,0.8899119444556564
192.3833,128.138522,37.942251,2895.0230136,74.745,6.903,347.572,0.8899119444556564
192.4,128.138503,37.942291,2895.2641104,74.707,6.938,347.813,0.8899119444556564
192.4166,128.138485,37.942331,2895.5088648,74.67,6.973,348.054,0.8899119444556564
192.4333,128.138466,37.942372,2895.7578864,74.636,7.007,348.291,0.8899119444556564
192.45,128.138449,37.942412,2896.0105656,74.606,7.039,348.523,0.8899119444556564
192.4666,128.138431,37.942453,2896.2672072,74.578,7.072,348.753,0.8899119444556564
192.4833,128.138413,37.942493,2896.5278112,74.552,7.105,348.982,0.8899119444556564
192.5,128.138396,37.942534,2896.7923776000002,74.527,7.138,349.211,0.8899119444556564
192.5166,128.138379,37.942574,2897.0606016,74.504,7.172,349.441,0.8899119444556564
192.5333,128.138362,37.942615,2897.332788,74.484,7.206,349.668,0.8899119444556564
192.55,128.138346,37.942655,2897.6089368000003,74.466,7.238,349.89,0.8899119444556564
192.5666,128.138329,37.942696,2897.8887432,74.451,7.27,350.111,0.8899119444556564
192.5833,128.138313,37.942737,2898.1722072000002,74.438,7.302,350.332,0.8899119444556564
192.6,128.138297,37.942778,2898.4596336,74.426,7.335,350.553,0.8899119444556564
192.6166,128.138282,37.942819,2898.7510224000002,74.416,7.368,350.775,0.8899119444556564
192.6333,128.138266,37.942859,2899.0460688000003,74.408,7.401,350.994,0.8899119444556564
192.65,128.138251,37.9429,2899.3447728,74.403,7.433,351.21,0.8899119444556564
192.6666,128.138236,37.942941,2899.6471344,74.4,7.464,351.424,0.8899119444556564
192.6833,128.138221,37.942982,2899.9531536,74.399,7.496,351.638,0.8899119444556564
192.7,128.138206,37.943023,2900.2631352000003,74.4,7.528,351.853,0.8899119444556564
192.7166,128.138192,37.943065,2900.5767744,74.401,7.561,352.07,0.8899119444556564
192.7333,128.138178,37.943106,2900.8937664000005,74.406,7.593,352.283,0.8899119444556564
192.75,128.138164,37.943147,2901.2147208,74.413,7.624,352.494,0.8899119444556564
192.7666,128.13815,37.943188,2901.539028,74.421,7.655,352.704,0.8899119444556564
192.7833,128.138137,37.943229,2901.8672976000003,74.432,7.686,352.914,0.8899119444556564
192.8,128.138123,37.943271,2902.19892,74.444,7.717,353.124,0.8899119444556564
192.8166,128.13811,37.943312,2902.5338952,74.457,7.749,353.336,0.8899119444556564
192.8333,128.138097,37.943353,2902.8725280000003,74.473,7.78,353.545,0.8899119444556564
192.85,128.138085,37.943395,2903.2148184000002,74.491,7.81,353.752,0.8899119444556564
192.8666,128.138072,37.943436,2903.5604616,74.51,7.841,353.958,0.8899119444556564
192.8833,128.13806,37.943478,2903.9094576,74.531,7.871,354.165,0.8899119444556564
192.9,128.138048,37.943519,2904.2621112,74.554,7.901,354.372,0.8899119444556564
192.9166,128.138036,37.943561,2904.6181176,74.578,7.932,354.58,0.8899119444556564
192.9333,128.138024,37.943602,2904.9774768,74.604,7.962,354.786,0.8899119444556564
192.95,128.138013,37.943644,2905.3401888000003,74.632,7.992,354.991,0.8899119444556564
192.9666,128.138002,37.943685,2905.7062536,74.662,8.021,355.195,0.8899119444556564
192.9833,128.137991,37.943727,2906.0756712,74.693,8.05,355.399,0.8899119444556564
193.0,128.13798,37.943769,2906.4484416000005,74.725,8.08,355.603,0.8899119444556564
193.0166,128.137969,37.94381,2906.8242600000003,74.759,8.109,355.809,0.8899119444556564
193.0333,128.137959,37.943852,2907.2034312,74.795,8.138,356.013,0.8899119444556564
193.05,128.137949,37.943894,2907.5859552,74.832,8.167,356.216,0.8899119444556564
193.0666,128.137939,37.943936,2907.9715272000003,74.871,8.195,356.418,0.8899119444556564
193.0833,128.137929,37.943977,2908.360452,74.911,8.223,356.62,0.8899119444556564
193.1,128.13792,37.944019,2908.75212,74.953,8.251,356.823,0.8899119444556564
193.1166,128.13791,37.944061,2909.1474456,74.996,8.28,357.027,0.8899119444556564
193.1333,128.137901,37.944103,2909.5455144000002,75.04,8.308,357.229,0.8899119444556564
193.15,128.137892,37.944145,2909.9466312,75.086,8.335,357.431,0.8899119444556564
193.1666,128.137884,37.944187,2910.3511008000005,75.133,8.362,357.631,0.8899119444556564
193.1833,128.137875,37.944229,2910.7583136000003,75.182,8.389,357.833,0.8899119444556564
193.2,128.137867,37.944271,2911.1685744,75.232,8.416,358.035,0.8899119444556564
193.2166,128.137859,37.944313,2911.5818832,75.283,8.443,358.237,0.8899119444556564
193.2333,128.137851,37.944354,2911.9979352000005,75.336,8.469,358.439,0.8899119444556564
193.25,128.137843,37.944396,2912.4170352000006,75.39,8.495,358.64,0.8899119444556564
193.2666,128.137836,37.944439,2912.8391831999998,75.446,8.521,358.84,0.8899119444556564
193.2833,128.137828,37.944481,2913.2637696,75.503,8.546,359.041,0.8899119444556564
193.3,128.137821,37.944523,2913.6917088,75.561,8.572,359.243,0.8899119444556564
193.3166,128.137814,37.944565,2914.1220864,75.619,8.597,359.445,0.8899119444556564
193.3333,128.137808,37.944607,2914.5552072,75.68,8.623,359.647,0.8899119444556564
193.35,128.137801,37.944649,2914.9913760000004,75.742,8.647,359.848,0.8899119444556564
193.3666,128.137795,37.944691,2915.4299832,75.804,8.671,0.049,0.8899119444556564
193.3833,128.137789,37.944733,2915.8716384,75.868,8.696,0.25,0.8899119444556564
193.4,128.137783,37.944775,2916.315732,75.933,8.72,0.452,0.8899119444556564
193.4166,128.137777,37.944817,2916.7625688000003,75.999,8.744,0.654,0.8899119444556564
193.4333,128.137772,37.944859,2917.2118440000004,76.067,8.767,0.856,0.8899119444556564
193.45,128.137766,37.944902,2917.6638624,76.135,8.791,1.058,0.8899119444556564
193.4666,128.137761,37.944944,2918.1186239999997,76.204,8.814,1.259,0.8899119444556564
193.4833,128.137757,37.944986,2918.5755192000006,76.275,8.836,1.461,0.8899119444556564
193.5,128.137752,37.945028,2919.0354624000006,76.346,8.859,1.664,0.8899119444556564
193.5166,128.137747,37.94507,2919.4975392,76.419,8.881,1.867,0.8899119444556564
193.5333,128.137743,37.945113,2919.9620544,76.492,8.903,2.07,0.8899119444556564
193.55,128.137739,37.945155,2920.429008,76.566,8.925,2.273,0.8899119444556564
193.5666,128.137735,37.945197,2920.8987048000004,76.642,8.946,2.476,0.8899119444556564
193.5833,128.137731,37.945239,2921.3705352000006,76.718,8.968,2.679,0.8899119444556564
193.6,128.137728,37.945282,2921.8444992,76.795,8.989,2.883,0.8899119444556564
193.6166,128.137725,37.945324,2922.3212064,76.872,9.01,3.087,0.8899119444556564
193.6333,128.137722,37.945366,2922.8000472,76.951,9.03,3.291,0.8899119444556564
193.65,128.137719,37.945408,2923.2810216,77.03,9.05,3.496,0.8899119444556564
193.6666,128.137716,37.945451,2923.7644344,77.11,9.07,3.701,0.8899119444556564
193.6833,128.137714,37.945493,2924.2499808,77.191,9.09,3.906,0.8899119444556564
193.7,128.137711,37.945535,2924.7379656000003,77.272,9.109,4.112,0.8899119444556564
193.7166,128.137709,37.945577,2925.2277792,77.355,9.129,4.318,0.8899119444556564
193.7333,128.137707,37.94562,2925.7200312,77.438,9.147,4.525,0.8899119444556564
193.75,128.137706,37.945662,2926.214112,77.521,9.166,4.732,0.8899119444556564
193.7666,128.137704,37.945704,2926.7103263999998,77.606,9.185,4.94,0.8899119444556564
193.7833,128.137703,37.945747,2927.2086744,77.691,9.203,5.148,0.8899119444556564
193.8,128.137702,37.945789,2927.709156,77.777,9.221,5.356,0.8899119444556564
193.8166,128.137701,37.945831,2928.2117712000004,77.863,9.238,5.565,0.8899119444556564
193.8333,128.1377,37.945873,2928.7162152,77.95,9.256,5.775,0.8899119444556564
193.85,128.1377,37.945916,2929.222488,78.037,9.273,5.985,0.8899119444556564
193.8666,128.137699,37.945958,2929.7308943999997,78.125,9.29,6.196,0.8899119444556564
193.8833,128.137699,37.946,2930.2411296,78.213,9.307,6.407,0.8899119444556564
193.9,128.137699,37.946042,2930.7531936,78.302,9.323,6.619,0.8899119444556564
193.9166,128.137699,37.946085,2931.2673912,78.391,9.339,6.83,0.8899119444556564
193.9333,128.1377,37.946127,2931.7831128,78.48,9.355,7.043,0.8899119444556564
193.95,128.137701,37.946169,2932.3006632,78.57,9.37,7.257,0.8899119444556564
193.9666,128.137702,37.946211,2932.8200424,78.66,9.386,7.471,0.8899119444556564
193.9833,128.137703,37.946254,2933.3412504000003,78.75,9.401,7.686,0.8899119444556564
194.0,128.137704,37.946296,2933.8642872000005,78.84,9.416,7.901,0.8899119444556564
194.0166,128.137705,37.946338,2934.388848,78.93,9.43,8.116,0.8899119444556564
194.0333,128.137707,37.94638,2934.9152375999997,79.021,9.444,8.333,0.8899119444556564
194.05,128.137709,37.946422,2935.443456,79.111,9.459,8.551,0.8899119444556564
194.0666,128.137711,37.946465,2935.9728936,79.202,9.473,8.769,0.8899119444556564
194.0833,128.137713,37.946507,2936.5041600000004,79.293,9.486,8.988,0.8899119444556564
194.1,128.137716,37.946549,2937.0369504,79.383,9.499,9.207,0.8899119444556564
194.1166,128.137718,37.946591,2937.5715695999997,79.474,9.512,9.426,0.8899119444556564
194.1333,128.137721,37.946633,2938.107408,79.564,9.525,9.647,0.8899119444556564
194.15,128.137724,37.946675,2938.6447704,79.655,9.538,9.869,0.8899119444556564
194.1666,128.137727,37.946718,2939.1839616,79.745,9.55,10.092,0.8899119444556564
194.1833,128.137731,37.94676,2939.724372,79.834,9.562,10.315,0.8899119444556564
194.2,128.137735,37.946802,2940.2663064,79.924,9.574,10.538,0.8899119444556564
194.2166,128.137738,37.946844,2940.8094600000004,80.014,9.585,10.762,0.8899119444556564
194.2333,128.137742,37.946886,2941.3541376,80.103,9.596,10.987,0.8899119444556564
194.25,128.137747,37.946928,2941.9003392000004,80.191,9.607,11.213,0.8899119444556564
194.2666,128.137751,37.94697,2942.4477600000005,80.28,9.618,11.441,0.8899119444556564
194.2833,128.137756,37.947012,2942.9964,80.368,9.629,11.669,0.8899119444556564
194.3,128.137761,37.947054,2943.546564,80.456,9.639,11.897,0.8899119444556564
194.3166,128.137766,37.947096,2944.0979472,80.543,9.649,12.124,0.8899119444556564
194.3333,128.137771,37.947138,2944.6505496,80.63,9.658,12.354,0.8899119444556564
194.35,128.137776,37.94718,2945.2046760000003,80.716,9.668,12.586,0.8899119444556564
194.3666,128.137782,37.947222,2945.7597168,80.802,9.678,12.818,0.8899119444556564
194.3833,128.137788,37.947264,2946.3159768,80.887,9.687,13.051,0.8899119444556564
194.4,128.137794,37.947306,2946.873456,80.972,9.696,13.284,0.8899119444556564
194.4166,128.1378,37.947347,2947.4321544,81.056,9.704,13.516,0.8899119444556564
194.4333,128.137807,37.947389,2947.992072,81.14,9.712,13.751,0.8899119444556564
194.45,128.137813,37.947431,2948.552904,81.223,9.72,13.988,0.8899119444556564
194.4666,128.13782,37.947473,2949.1149552,81.305,9.729,14.226,0.8899119444556564
194.4833,128.137827,37.947515,2949.6782256,81.387,9.736,14.464,0.8899119444556564
194.5,128.137834,37.947556,2950.2421056000003,81.468,9.744,14.702,0.8899119444556564
194.5166,128.137842,37.947598,2950.8075096000002,81.549,9.751,14.939,0.8899119444556564
194.5333,128.13785,37.94764,2951.3735232000004,81.629,9.758,15.179,0.8899119444556564
194.55,128.137857,37.947681,2951.940756,81.708,9.765,15.421,0.8899119444556564
194.5666,128.137866,37.947723,2952.509208,81.786,9.772,15.664,0.8899119444556564
194.5833,128.137874,37.947764,2953.0782696,81.863,9.778,15.908,0.8899119444556564
194.6,128.137882,37.947806,2953.6482456000003,81.94,9.784,16.151,0.8899119444556564
194.6166,128.137891,37.947848,2954.2194408,82.016,9.79,16.394,0.8899119444556564
194.6333,128.1379,37.947889,2954.7912456000004,82.092,9.795,16.639,0.8899119444556564
194.65,128.137909,37.94793,2955.3639648,82.166,9.801,16.886,0.8899119444556564
194.6666,128.137918,37.947972,2955.9379032,82.24,9.807,17.135,0.8899119444556564
194.6833,128.137928,37.948013,2956.5124511999998,82.313,9.812,17.384,0.8899119444556564
194.7,128.137938,37.948055,2957.0876088,82.385,9.817,17.633,0.8899119444556564
194.7166,128.137947,37.948096,2957.6639856,82.456,9.822,17.881,0.8899119444556564
194.7333,128.137958,37.948137,2958.240972,82.527,9.826,18.131,0.8899119444556564
194.75,128.137968,37.948179,2958.818568,82.597,9.831,18.384,0.8899119444556564
194.7666,128.137978,37.94822,2959.3970784000003,82.665,9.835,18.639,0.8899119444556564
194.7833,128.137989,37.948261,2959.9765032000005,82.733,9.839,18.893,0.8899119444556564
194.8,128.138,37.948302,2960.5565376,82.8,9.843,19.147,0.8899119444556564
194.8166,128.138011,37.948343,2961.1371816,82.867,9.847,19.401,0.8899119444556564
194.8333,128.138023,37.948384,2961.7184352000004,82.932,9.85,19.657,0.8899119444556564
194.85,128.138034,37.948425,2962.3006032000003,82.997,9.854,19.915,0.8899119444556564
194.8666,128.138046,37.948466,2962.8833808,83.06,9.857,20.175,0.8899119444556564
194.8833,128.138058,37.948507,2963.4667680000002,83.123,9.86,20.435,0.8899119444556564
194.9,128.13807,37.948548,2964.0510696,83.185,9.863,20.695,0.8899119444556564
194.9166,128.138083,37.948589,2964.6356760000003,83.246,9.865,20.954,0.8899119444556564
194.9333,128.138095,37.94863,2965.2208920000003,83.306,9.868,21.215,0.8899119444556564
194.95,128.138108,37.94867,2965.8067176,83.366,9.87,21.479,0.8899119444556564
194.9666,128.138121,37.948711,2966.3931528000003,83.425,9.873,21.745,0.8899119444556564
194.9833,128.138135,37.948752,2966.9801976000003,83.482,9.875,22.01,0.8899119444556564
195.0,128.138148,37.948792,2967.567852,83.539,9.877,22.275,0.8899119444556564
195.0166,128.138162,37.948833,2968.156116,83.595,9.879,22.539,0.8899119444556564
195.0333,128.138176,37.948873,2968.7446848000004,83.65,9.88,22.806,0.8899119444556564
195.05,128.13819,37.948914,2969.3338632,83.705,9.882,23.076,0.8899119444556564
195.0666,128.138204,37.948954,2969.9236511999998,83.758,9.884,23.347,0.8899119444556564
195.0833,128.138219,37.948995,2970.5137440000003,83.811,9.885,23.618,0.8899119444556564
195.1,128.138233,37.949035,2971.1041416000003,83.863,9.886,23.888,0.8899119444556564
195.1166,128.138248,37.949075,2971.6954536,83.914,9.887,24.158,0.8899119444556564
195.1333,128.138263,37.949115,2972.2867656,83.964,9.888,24.43,0.8899119444556564
195.15,128.138279,37.949155,2972.8786872000005,84.014,9.889,24.705,0.8899119444556564
195.1666,128.138294,37.949195,2973.4712184,84.062,9.89,24.981,0.8899119444556564
195.1833,128.13831,37.949235,2974.0640544000003,84.11,9.891,25.257,0.8899119444556564
195.2,128.138326,37.949275,2974.6571952,84.157,9.891,25.532,0.8899119444556564
195.2166,128.138342,37.949315,2975.2509456000003,84.203,9.891,25.807,0.8899119444556564
195.2333,128.138359,37.949355,2975.844696,84.249,9.891,26.084,0.8899119444556564
195.25,128.138376,37.949395,2976.439056,84.294,9.892,26.364,0.8899119444556564
195.2666,128.138392,37.949435,2977.0340256000004,84.338,9.892,26.645,0.8899119444556564
195.2833,128.13841,37.949474,2977.6289952,84.381,9.892,26.926,0.8899119444556564
195.3,128.138427,37.949514,2978.2242696,84.424,9.892,27.207,0.8899119444556564
195.3166,128.138444,37.949553,2978.8201536,84.465,9.892,27.486,0.8899119444556564
195.3333,128.138462,37.949593,2979.4160376,84.506,9.891,27.769,0.8899119444556564
195.35,128.13848,37.949632,2980.0125312,84.547,9.891,28.054,0.8899119444556564
195.3666,128.138498,37.949671,2980.6090248,84.587,9.891,28.34,0.8899119444556564
195.3833,128.138517,37.949711,2981.2061280000003,84.626,9.891,28.626,0.8899119444556564
195.4,128.138535,37.94975,2981.8032312,84.664,9.89,28.912,0.8899119444556564
195.4166,128.138554,37.949789,2982.4009440000004,84.702,9.889,29.196,0.8899119444556564
195.4333,128.138573,37.949828,2982.9986568,84.739,9.888,29.483,0.8899119444556564
195.45,128.138592,37.949867,2983.5966744,84.776,9.888,29.773,0.8899119444556564
195.4666,128.138612,37.949906,2984.1946920000005,84.812,9.887,30.064,0.8899119444556564
195.4833,128.138631,37.949944,2984.7933192000005,84.847,9.886,30.356,0.8899119444556564
195.5,128.138651,37.949983,2985.3919464000005,84.882,9.885,30.646,0.8899119444556564
195.5166,128.138671,37.950022,2985.9908784000004,84.916,9.884,30.935,0.8899119444556564
195.5333,128.138692,37.95006,2986.5901152,84.948,9.883,31.225,0.8899119444556564
195.55,128.138712,37.950099,2987.189352,84.981,9.881,31.514,0.8899119444556564
195.5666,128.138733,37.950137,2987.7888936000004,85.012,9.88,31.802,0.8899119444556564
195.5833,128.138754,37.950175,2988.38874,85.043,9.878,32.09,0.8899119444556564
195.6,128.138775,37.950214,2988.9885864000003,85.073,9.876,32.377,0.8899119444556564
195.6166,128.138796,37.950252,2989.5887376,85.102,9.874,32.663,0.8899119444556564
195.6333,128.138818,37.95029,2990.1888888000003,85.13,9.871,32.948,0.8899119444556564
195.65,128.13884,37.950328,2990.7893448,85.158,9.869,33.232,0.8899119444556564
195.6666,128.138862,37.950366,2991.3898008000006,85.185,9.866,33.516,0.8899119444556564
195.6833,128.138884,37.950403,2991.9905616,85.211,9.864,33.799,0.8899119444556564
195.7,128.138907,37.950441,2992.5913224,85.236,9.861,34.081,0.8899119444556564
195.7166,128.138929,37.950479,2993.1920832,85.262,9.858,34.363,0.8899119444556564
195.7333,128.138952,37.950516,2993.7931488000004,85.286,9.855,34.644,0.8899119444556564
195.75,128.138975,37.950554,2994.3942144000002,85.31,9.852,34.925,0.8899119444556564
195.7666,128.138999,37.950591,2994.99528,85.333,9.848,35.205,0.8899119444556564
195.7833,128.139022,37.950628,2995.5963456000004,85.356,9.845,35.484,0.8899119444556564
195.8,128.139046,37.950666,2996.197716,85.379,9.842,35.763,0.8899119444556564
195.8166,128.13907,37.950703,2996.7990864000003,85.401,9.838,36.042,0.8899119444556564
195.8333,128.139094,37.95074,2997.4004568,85.422,9.835,36.321,0.8899119444556564
195.85,128.139118,37.950776,2998.002132,85.444,9.831,36.599,0.8899119444556564
195.8666,128.139143,37.950813,2998.6035024000003,85.464,9.827,36.876,0.8899119444556564
195.8833,128.139168,37.95085,2999.2048728,85.485,9.823,37.154,0.8899119444556564
195.9,128.139193,37.950886,2999.806548,85.505,9.82,37.431,0.8899119444556564
195.9166,128.139218,37.950923,3000.4082232,85.524,9.816,37.708,0.8899119444556564
195.9333,128.139243,37.950959,3001.0095936000002,85.544,9.812,37.984,0.8899119444556564
195.95,128.139269,37.950996,3001.6112688000003,85.563,9.808,38.261,0.8899119444556564
195.9666,128.139295,37.951032,3002.2126392000005,85.581,9.804,38.537,0.8899119444556564
195.9833,128.139321,37.951068,3002.8143144000005,85.6,9.8,38.813,0.8899119444556564
196.0,128.139347,37.951104,3003.4156848000002,85.618,9.796,39.089,0.8899119444556564
196.0166,128.139374,37.95114,3004.0170552000004,85.636,9.792,39.364,0.8899119444556564
196.0333,128.1394,37.951176,3004.6193399999997,85.792,9.771,39.63,0.8899119444556564
196.05,128.139427,37.951211,3005.2210152,86.081,9.735,39.885,0.8899119444556564
196.0666,128.139454,37.951247,3005.8223856,86.508,9.689,40.135,0.8899119444556564
196.0833,128.139481,37.951282,3006.4225368,87.074,9.639,40.382,0.8899119444556564
196.1,128.139509,37.951318,3007.0217736000004,87.777,9.588,40.628,0.8899119444556564
196.1166,128.139536,37.951353,3007.6197912000002,88.612,9.534,40.874,0.8899119444556564
196.1333,128.139564,37.951389,3008.2162848000003,89.57,9.478,41.122,0.8899119444556564
196.15,128.139592,37.951424,3008.8115592000004,90.644,9.419,41.371,0.8899119444556564
196.1666,128.13962,37.951459,3009.4047,91.827,9.353,41.621,0.8899119444556564
196.1833,128.139648,37.951495,3009.9960120000005,93.1,9.283,41.87,0.8899119444556564
196.2,128.139676,37.95153,3010.5848856,94.442,9.209,42.118,0.8899119444556564
196.2166,128.139704,37.951565,3011.1710160000002,95.84,9.13,42.362,0.8899119444556564
196.2333,128.139733,37.9516,3011.7534888,97.2,9.054,42.61,0.8899119444556564
196.25,128.139762,37.951635,3012.3326088,98.513,8.981,42.861,0.8899119444556564
196.2666,128.139791,37.951669,3012.9080712000004,99.778,8.904,43.113,0.8899119444556564
196.2833,128.13982,37.951704,3013.4792664,100.998,8.82,43.363,0.8899119444556564
196.3,128.139849,37.951739,3014.0458896000005,102.18,8.725,43.611,0.8899119444556564
196.3166,128.139879,37.951773,3014.6073312,103.331,8.62,43.857,0.8899119444556564
196.3333,128.139908,37.951807,3015.1654200000003,104.568,8.497,44.078,0.8899119444556564
196.35,128.139938,37.951842,3015.7183272,105.888,8.362,44.259,0.8899119444556564
196.3666,128.139968,37.951876,3016.2660528,107.296,8.228,44.383,0.8899119444556564
196.3833,128.139998,37.95191,3016.8089016,108.796,8.107,44.436,0.8899119444556564
196.4,128.140028,37.951945,3017.3471784000003,110.386,8.008,44.403,0.8899119444556564
196.4166,128.140059,37.951979,3017.881188,112.063,7.932,44.289,0.8899119444556564
196.4333,128.140089,37.952013,3018.4112352000006,113.827,7.873,44.116,0.8899119444556564
196.45,128.14012,37.952047,3018.9376248000003,115.681,7.824,43.902,0.8899119444556564
196.4666,128.14015,37.952081,3019.4603568,117.624,7.777,43.667,0.8899119444556564
196.4833,128.140181,37.952115,3019.9791264,119.658,7.723,43.427,0.8899119444556564
196.5,128.140212,37.952149,3020.4942384,121.787,7.653,43.198,0.8899119444556564
196.5166,128.140243,37.952183,3021.0059976000002,124.009,7.564,42.982,0.8899119444556564
196.5333,128.140273,37.952217,3021.514404,126.323,7.458,42.772,0.8899119444556564
196.55,128.140304,37.952251,3022.0197624,128.727,7.341,42.562,0.8899119444556564
196.5666,128.140335,37.952285,3022.5220728000004,131.22,7.214,42.347,0.8899119444556564
196.5833,128.140366,37.952319,3023.0219448,133.798,7.081,42.125,0.8899119444556564
196.6,128.140398,37.952353,3023.5193784000003,136.46,6.944,41.894,0.8899119444556564
196.6166,128.140429,37.952388,3024.0149831999997,139.203,6.806,41.654,0.8899119444556564
196.6333,128.14046,37.952422,3024.5084544,142.024,6.668,41.406,0.8899119444556564
196.65,128.140491,37.952456,3025.0007064,144.92,6.532,41.15,0.8899119444556564
196.6666,128.140522,37.95249,3025.4917392,147.888,6.399,40.886,0.8899119444556564
196.6833,128.140554,37.952524,3025.9818576000002,150.925,6.273,40.615,0.8899119444556564
196.7,128.140585,37.952558,3026.4716712000004,154.028,6.155,40.339,0.8899119444556564
196.7166,128.140616,37.952592,3026.9599608,157.184,6.047,40.061,0.8899119444556564
196.7333,128.140648,37.952626,3027.4470312,160.381,5.95,39.782,0.8899119444556564
196.75,128.140679,37.952661,3027.9331872000002,163.607,5.867,39.506,0.8899119444556564
196.7666,128.14071,37.952695,3028.418124,166.855,5.799,39.236,0.8899119444556564
196.7833,128.140742,37.952729,3028.9021464,170.119,5.745,38.975,0.8899119444556564
196.8,128.140773,37.952763,3029.3855592,173.393,5.706,38.725,0.8899119444556564
196.8166,128.140805,37.952798,3029.8683624000005,176.673,5.681,38.489,0.8899119444556564
196.8333,128.140836,37.952832,3030.350556,179.956,5.669,38.27,0.8899119444556564
196.85,128.140868,37.952866,3030.8330544,-176.759,5.669,38.07,0.8899119444556564
196.8666,128.140899,37.952901,3031.3152480000003,-173.476,5.678,37.891,0.8899119444556564
196.8833,128.140931,37.952935,3031.7980512,-170.194,5.696,37.735,0.8899119444556564
196.9,128.140962,37.952969,3032.2811592000003,-166.914,5.719,37.604,0.8899119444556564
196.9166,128.140994,37.953004,3032.7648768,-163.634,5.745,37.498,0.8899119444556564
196.9333,128.141026,37.953038,3033.2488992,-160.356,5.755,37.412,0.8899119444556564
196.95,128.141057,37.953072,3033.7326168000004,-157.079,5.73,37.34,0.8899119444556564
196.9666,128.141089,37.953107,3034.2163344,-153.812,5.663,37.272,0.8899119444556564
196.9833,128.141121,37.953141,3034.6994424,-150.573,5.571,37.203,0.8899119444556564
197.0,128.141152,37.953176,3035.1822456,-147.378,5.469,37.128,0.8899119444556564
197.0166,128.141184,37.95321,3035.664744,-144.233,5.368,37.047,0.8899119444556564
197.0333,128.141216,37.953244,3036.1463280000003,-141.135,5.257,36.946,0.8899119444556564
197.05,128.141248,37.953279,3036.6266928,-138.078,5.122,36.812,0.8899119444556564
197.0666,128.14128,37.953313,3037.1055336,-135.053,4.953,36.631,0.8899119444556564
197.0833,128.141312,37.953348,3037.5828504,-132.051,4.761,36.411,0.8899119444556564
197.1,128.141344,37.953382,3038.0583384,-129.067,4.563,36.167,0.8899119444556564
197.1166,128.141376,37.953417,3038.5316928,-126.097,4.372,35.909,0.8899119444556564
197.1333,128.141408,37.953451,3039.0004752,-123.19,4.176,35.626,0.8899119444556564
197.15,128.14144,37.953486,3039.4643808,-120.345,3.968,35.299,0.8899119444556564
197.1666,128.141472,37.95352,3039.9240192,-117.552,3.76,34.937,0.8899119444556564
197.1833,128.141504,37.953555,3040.3793904,-114.8,3.566,34.554,0.8899119444556564
197.2,128.141536,37.95359,3040.8301896000003,-112.08,3.393,34.163,0.8899119444556564
197.2166,128.141568,37.953624,3041.2767215999997,-109.38,3.245,33.772,0.8899119444556564
197.2333,128.1416,37.953659,3041.7183768,-106.953,3.093,33.371,0.8899119444556564
197.25,128.141632,37.953694,3042.1545456000003,-104.78,2.935,32.954,0.8899119444556564
197.2666,128.141663,37.953729,3042.5843136000003,-102.824,2.786,32.523,0.8899119444556564
197.2833,128.141695,37.953763,3043.0079855999998,-101.045,2.662,32.086,0.8899119444556564
197.3,128.141727,37.953798,3043.4255616,-99.399,2.569,31.652,0.8899119444556564
197.3166,128.141759,37.953833,3043.8376512,-97.843,2.504,31.223,0.8899119444556564
197.3333,128.14179,37.953868,3044.2448640000002,-96.53,2.444,30.793,0.8899119444556564
197.35,128.141821,37.953904,3044.6468952,-95.435,2.383,30.364,0.8899119444556564
197.3666,128.141853,37.953939,3045.04344,-94.521,2.33,29.939,0.8899119444556564
197.3833,128.141884,37.953974,3045.4348032000003,-93.749,2.29,29.519,0.8899119444556564
197.4,128.141915,37.95401,3045.8209848,-93.086,2.266,29.107,0.8899119444556564
197.4166,128.141945,37.954045,3046.2028992,-92.499,2.258,28.703,0.8899119444556564
197.4333,128.141976,37.954081,3046.5808512,-92.065,2.252,28.306,0.8899119444556564
197.45,128.142006,37.954117,3046.954536,-91.76,2.244,27.917,0.8899119444556564
197.4666,128.142036,37.954153,3047.3239536,-91.557,2.238,27.535,0.8899119444556564
197.4833,128.142066,37.954189,3047.6894088,-91.434,2.237,27.16,0.8899119444556564
197.5,128.142096,37.954225,3048.0505967999998,-91.371,2.241,26.79,0.8899119444556564
197.5166,128.142126,37.954261,3048.4081272000003,-91.351,2.251,26.427,0.8899119444556564
197.5333,128.142155,37.954297,3048.762,-91.394,2.26,26.069,0.8899119444556564
197.55,128.142184,37.954333,3049.1119104,-91.489,2.268,25.717,0.8899119444556564
197.5666,128.142213,37.95437,3049.4581632,-91.623,2.274,25.369,0.8899119444556564
197.5833,128.142242,37.954406,3049.8007584,-91.789,2.28,25.027,0.8899119444556564
197.6,128.142271,37.954443,3050.1393912000003,-91.98,2.286,24.689,0.8899119444556564
197.6166,128.142299,37.954479,3050.4740616000004,-92.189,2.291,24.355,0.8899119444556564
197.6333,128.142327,37.954516,3050.8050744,-92.41,2.296,24.026,0.8899119444556564
197.65,128.142355,37.954553,3051.1324296000003,-92.639,2.299,23.699,0.8899119444556564
197.6666,128.142383,37.95459,3051.4555176,-92.874,2.3,23.377,0.8899119444556564
197.6833,128.142411,37.954627,3051.774948,-93.114,2.3,23.058,0.8899119444556564
197.7,128.142438,37.954664,3052.0901112,-93.359,2.296,22.743,0.8899119444556564
197.7166,128.142465,37.954701,3052.4013120000004,-93.608,2.291,22.431,0.8899119444556564
197.7333,128.142492,37.954739,3052.7085504,-93.846,2.284,22.122,0.8899119444556564
197.75,128.142519,37.954776,3053.0115216,-94.075,2.276,21.816,0.8899119444556564
197.7666,128.142546,37.954814,3053.3105304000005,-94.296,2.267,21.513,0.8899119444556564
197.7833,128.142572,37.954851,3053.6049672,-94.511,2.255,21.212,0.8899119444556564
197.8,128.142599,37.954889,3053.8954416,-94.722,2.241,20.915,0.8899119444556564
197.8166,128.142625,37.954927,3054.1813440000005,-94.931,2.223,20.62,0.8899119444556564
197.8333,128.142651,37.954964,3054.4629792,-95.124,2.205,20.327,0.8899119444556564
197.85,128.142676,37.955002,3054.7400423999998,-95.304,2.186,20.036,0.8899119444556564
197.8666,128.142702,37.95504,3055.0128384,-95.473,2.166,19.748,0.8899119444556564
197.8833,128.142727,37.955078,3055.2810624000003,-95.634,2.144,19.462,0.8899119444556564
197.9,128.142752,37.955117,3055.5447144000004,-95.789,2.119,19.177,0.8899119444556564
197.9166,128.142777,37.955155,3055.8037944,-95.94,2.092,18.895,0.8899119444556564
197.9333,128.142801,37.955193,3056.0583024000002,-96.079,2.065,18.615,0.8899119444556564
197.95,128.142826,37.955231,3056.3082384,-96.206,2.037,18.336,0.8899119444556564
197.9666,128.14285,37.95527,3056.5536024000003,-96.324,2.008,18.059,0.8899119444556564
197.9833,128.142874,37.955308,3056.7940896000005,-96.435,1.977,17.783,0.8899119444556564
198.0,128.142898,37.955347,3057.0297,-96.541,1.945,17.509,0.8899119444556564
198.0166,128.142922,37.955386,3057.2607384000003,-96.645,1.911,17.237,0.8899119444556564
198.0333,128.142945,37.955424,3057.4869000000003,-96.739,1.876,16.965,0.8899119444556564
198.05,128.142968,37.955463,3057.7084896000006,-96.826,1.841,16.695,0.8899119444556564
198.0666,128.142991,37.955502,3057.9252024,-96.906,1.805,16.426,0.8899119444556564
198.0833,128.143014,37.955541,3058.1367336,-96.983,1.768,16.159,0.8899119444556564
198.1,128.143036,37.95558,3058.3436928,-97.056,1.73,15.892,0.8899119444556564
198.1166,128.143059,37.955619,3058.5457752,-97.127,1.691,15.626,0.8899119444556564
198.1333,128.143081,37.955659,3058.7429807999997,-97.192,1.651,15.362,0.8899119444556564
198.15,128.143103,37.955698,3058.9353096000004,-97.253,1.611,15.098,0.8899119444556564
198.1666,128.143125,37.955737,3059.1224568000002,-97.311,1.57,14.835,0.8899119444556564
198.1833,128.143146,37.955777,3059.3047272000003,-97.365,1.528,14.573,0.8899119444556564
198.2,128.143167,37.955816,3059.4821208000003,-97.418,1.486,14.311,0.8899119444556564
198.2166,128.143189,37.955856,3059.6546376,-97.47,1.442,14.051,0.8899119444556564
198.2333,128.143209,37.955895,3059.8222776000002,-97.519,1.399,13.791,0.8899119444556564
198.25,128.14323,37.955935,3059.984736,-97.564,1.355,13.531,0.8899119444556564
198.2666,128.143251,37.955975,3060.1420128,-97.608,1.31,13.272,0.8899119444556564
198.2833,128.143271,37.956014,3060.2944128,-97.65,1.264,13.014,0.8899119444556564
198.3,128.143291,37.956054,3060.441936,-97.692,1.219,12.756,0.8899119444556564
198.3166,128.143311,37.956094,3060.5842776000004,-97.732,1.172,12.499,0.8899119444556564
198.3333,128.14333,37.956134,3060.7217424,-97.771,1.125,12.242,0.8899119444556564
198.35,128.14335,37.956174,3060.8540256,-97.807,1.078,11.986,0.8899119444556564
198.3666,128.143369,37.956214,3060.981432,-97.843,1.03,11.73,0.8899119444556564
198.3833,128.143388,37.956255,3061.1036568,-97.877,0.982,11.475,0.8899119444556564
198.4,128.143406,37.956295,3061.2207000000003,-97.911,0.933,11.22,0.8899119444556564
198.4166,128.143425,37.956335,3061.3325616,-97.944,0.884,10.965,0.8899119444556564
198.4333,128.143443,37.956376,3061.4395464000004,-97.976,0.834,10.711,0.8899119444556564
198.45,128.143461,37.956416,3061.5416544,-98.006,0.784,10.457,0.8899119444556564
198.4666,128.143479,37.956456,3061.6382760000006,-98.035,0.734,10.203,0.8899119444556564
198.4833,128.143497,37.956497,3061.7300208,-98.063,0.683,9.949,0.8899119444556564
198.5,128.143514,37.956538,3061.816584,-98.09,0.632,9.696,0.8899119444556564
198.5166,128.143531,37.956578,3061.8979656,-98.118,0.581,9.443,0.8899119444556564
198.5333,128.143548,37.956619,3061.9741656,-98.143,0.529,9.191,0.8899119444556564
198.55,128.143565,37.95666,3062.045184,-98.167,0.477,8.938,0.8899119444556564
198.5666,128.143581,37.9567,3062.1113256000003,-98.19,0.425,8.686,0.8899119444556564
198.5833,128.143598,37.956741,3062.1722856,-98.211,0.372,8.434,0.8899119444556564
198.6,128.143614,37.956782,3062.2280640000004,-98.233,0.319,8.183,0.8899119444556564
198.6166,128.14363,37.956823,3062.2786608,-98.254,0.265,7.931,0.8899119444556564
198.6333,128.143645,37.956864,3062.3240760000003,-98.273,0.212,7.68,0.8899119444556564
198.65,128.143661,37.956905,3062.3643096,-98.29,0.158,7.429,0.8899119444556564
198.6666,128.143676,37.956946,3062.3993616000002,-98.306,0.104,7.178,0.8899119444556564
198.6833,128.143691,37.956987,3062.4292320000004,-98.321,0.05,6.927,0.8899119444556564
198.7,128.143706,37.957029,3062.4539208,-98.336,-0.004,6.677,0.8899119444556564
198.7166,128.14372,37.95707,3062.4734280000002,-98.35,-0.059,6.427,0.8899119444556564
198.7333,128.143734,37.957111,3062.4877536,-98.362,-0.114,6.177,0.8899119444556564
198.75,128.143748,37.957152,3062.4968976,-98.373,-0.169,5.927,0.8899119444556564
198.7666,128.143762,37.957194,3062.5011648,-98.382,-0.224,5.677,0.8899119444556564
198.7833,128.143776,37.957235,3062.4999456,-98.39,-0.279,5.427,0.8899119444556564
198.8,128.143789,37.957277,3062.4935448,-98.397,-0.335,5.177,0.8899119444556564
198.8166,128.143802,37.957318,3062.4819624000006,-98.404,-0.391,4.928,0.8899119444556564
198.8333,128.143815,37.95736,3062.4651984,-98.409,-0.447,4.679,0.8899119444556564
198.85,128.143828,37.957401,3062.4432528,-98.412,-0.503,4.429,0.8899119444556564
198.8666,128.143841,37.957443,3062.4161256,-98.414,-0.56,4.18,0.8899119444556564
198.8833,128.143853,37.957485,3062.3838168,-98.415,-0.616,3.931,0.8899119444556564
198.9,128.143865,37.957526,3062.3463263999997,-98.415,-0.673,3.682,0.8899119444556564
198.9166,128.143877,37.957568,3062.3033496000003,-98.414,-0.729,3.434,0.8899119444556564
198.9333,128.143888,37.95761,3062.255496,-98.411,-0.786,3.185,0.8899119444556564
198.95,128.1439,37.957651,3062.2024608,-98.407,-0.843,2.937,0.8899119444556564
198.9666,128.143911,37.957693,3062.1439392,-98.401,-0.9,2.688,0.8899119444556564
198.9833,128.143922,37.957735,3062.0805408,-98.395,-0.957,2.44,0.8899119444556564
199.0,128.143933,37.957777,3062.011656,-98.387,-1.014,2.191,0.8899119444556564
199.0166,128.143943,37.957819,3061.9378944,-98.379,-1.071,1.943,0.8899119444556564
199.0333,128.143953,37.957861,3061.8586464000005,-98.368,-1.128,1.695,0.8899119444556564
199.05,128.143963,37.957903,3061.7745216,-98.357,-1.185,1.447,0.8899119444556564
199.0666,128.143973,37.957945,3061.6849104,-98.343,-1.242,1.199,0.8899119444556564
199.0833,128.143983,37.957987,3061.5904224,-98.329,-1.299,0.951,0.8899119444556564
199.1,128.143992,37.958029,3061.490448,-98.314,-1.357,0.703,0.8899119444556564
199.1166,128.144001,37.958071,3061.3855968,-98.298,-1.414,0.456,0.8899119444556564
199.1333,128.14401,37.958113,3061.2752592,-98.28,-1.471,0.208,0.8899119444556564
199.15,128.144019,37.958155,3061.1600448,-98.261,-1.528,359.96,0.8899119444556564
199.1666,128.144027,37.958197,3061.0396488000006,-98.241,-1.585,359.713,0.8899119444556564
199.1833,128.144035,37.95824,3060.9137664000004,-98.219,-1.642,359.465,0.8899119444556564
199.2,128.144043,37.958282,3060.7830072,-98.197,-1.699,359.217,0.8899119444556564
199.2166,128.144051,37.958324,3060.6470664000003,-98.174,-1.756,358.97,0.8899119444556564
199.2333,128.144058,37.958366,3060.5059440000005,-98.149,-1.813,358.723,0.8899119444556564
199.25,128.144066,37.958409,3060.3599448,-98.123,-1.869,358.475,0.8899119444556564
199.2666,128.144073,37.958451,3060.2084592,-98.096,-1.926,358.228,0.8899119444556564
199.2833,128.14408,37.958493,3060.0520968,-98.067,-1.983,357.98,0.8899119444556564
199.3,128.144086,37.958536,3059.8905528000005,-98.038,-2.039,357.733,0.8899119444556564
199.3166,128.144093,37.958578,3059.7238272,-98.008,-2.096,357.486,0.8899119444556564
199.3333,128.144099,37.95862,3059.5522248,-97.976,-2.152,357.238,0.8899119444556564
199.35,128.144105,37.958663,3059.375136,-97.943,-2.208,356.991,0.8899119444556564
199.3666,128.14411,37.958705,3059.1934752,-97.909,-2.264,356.744,0.8899119444556564
199.3833,128.144116,37.958747,3059.0063280000004,-97.873,-2.32,356.497,0.8899119444556564
199.4,128.144121,37.95879,3058.814304,-97.837,-2.376,356.249,0.8899119444556564
199.4166,128.144126,37.958832,3058.6170984000005,-97.8,-2.431,356.002,0.8899119444556564
199.4333,128.144131,37.958875,3058.4150160000004,-97.762,-2.487,355.755,0.8899119444556564
199.45,128.144135,37.958917,3058.2080568,-97.722,-2.542,355.508,0.8899119444556564
199.4666,128.14414,37.95896,3057.9959160000003,-97.681,-2.597,355.261,0.8899119444556564
199.4833,128.144144,37.959002,3057.7785936000005,-97.64,-2.652,355.013,0.8899119444556564
199.5,128.144148,37.959045,3057.5563944,-97.597,-2.706,354.766,0.8899119444556564
199.5166,128.144151,37.959087,3057.3293184000004,-97.553,-2.761,354.519,0.8899119444556564
199.5333,128.144155,37.95913,3057.0970608000002,-97.509,-2.815,354.272,0.8899119444556564
199.55,128.144158,37.959172,3056.8602312,-97.463,-2.87,354.025,0.8899119444556564
199.5666,128.144161,37.959215,3056.61822,-97.416,-2.923,353.777,0.8899119444556564
199.5833,128.144163,37.959257,3056.3710272000003,-97.368,-2.977,353.53,0.8899119444556564
199.6,128.144166,37.9593,3056.1192624000005,-97.319,-3.031,353.283,0.8899119444556564
199.6166,128.144168,37.959342,3055.8626208,-97.269,-3.084,353.036,0.8899119444556564
199.6333,128.14417,37.959385,3055.6007976,-97.218,-3.137,352.788,0.8899119444556564
199.65,128.144172,37.959427,3055.3344024000003,-97.166,-3.19,352.541,0.8899119444556564
199.6666,128.144173,37.95947,3055.0628256000005,-97.113,-3.242,352.294,0.8899119444556564
199.6833,128.144175,37.959512,3054.7866768,-97.059,-3.294,352.046,0.8899119444556564
199.7,128.144176,37.959555,3054.5056512,-97.005,-3.346,351.799,0.8899119444556564
199.7166,128.144177,37.959597,3054.2197488000006,-96.949,-3.398,351.551,0.8899119444556564
199.7333,128.144177,37.95964,3053.9289696,-96.893,-3.45,351.304,0.8899119444556564
199.75,128.144178,37.959683,3053.6336184,-96.835,-3.501,351.057,0.8899119444556564
199.7666,128.144178,37.959725,3053.3333904,-96.777,-3.552,350.809,0.8899119444556564
199.7833,128.144178,37.959768,3053.0282856,-96.718,-3.603,350.562,0.8899119444556564
199.8,128.144177,37.95981,3052.7186088,-96.658,-3.653,350.314,0.8899119444556564
199.8166,128.144177,37.959853,3052.4040552,-96.597,-3.703,350.066,0.8899119444556564
199.8333,128.144176,37.959895,3052.0849296,-96.535,-3.753,349.819,0.8899119444556564
199.85,128.144175,37.959938,3051.7612320000003,-96.473,-3.802,349.571,0.8899119444556564
199.8666,128.144174,37.95998,3051.4326576000003,-96.409,-3.851,349.323,0.8899119444556564
199.8833,128.144172,37.960023,3051.0995112,-96.345,-3.9,349.076,0.8899119444556564
199.9,128.144171,37.960065,3050.7617928,-96.28,-3.949,348.828,0.8899119444556564
199.9166,128.144169,37.960107,3050.4195024,-96.214,-3.997,348.58,0.8899119444556564
199.9333,128.144167,37.96015,3050.0723352000005,-96.148,-4.045,348.332,0.8899119444556564
199.95,128.144164,37.960192,3049.7209008000004,-96.081,-4.093,348.084,0.8899119444556564
199.9666,128.144162,37.960235,3049.3648943999997,-96.013,-4.14,347.836,0.8899119444556564
