Time,Longitude,Latitude,Altitude,Roll (deg),Pitch (deg),Yaw (deg),Health
0.0,128.181881,37.914619,8943.8716728,0.0,-0.001,0.0,1.0
0.0166,128.181881,37.914651,8943.8780736,0.0,-0.005,0.0,1.0
0.0333,128.181881,37.914683,8943.881731200001,0.034,-0.012,0.005,1.0
0.05,128.181881,37.914714,8943.8823408,0.102,-0.02,0.015,1.0
0.0666,128.181881,37.914746,8943.8799024,0.204,-0.031,0.031,1.0
0.0833,128.181881,37.914777,8943.8738064,0.341,-0.044,0.05,1.0
0.1,128.181881,37.914809,8943.8640528,0.512,-0.059,0.072,1.0
0.1166,128.181881,37.914841,8943.8497272,0.718,-0.076,0.097,1.0
0.1333,128.181881,37.914872,8943.8311344,0.959,-0.095,0.124,1.0
0.15,128.181881,37.914904,8943.8076648,1.234,-0.115,0.154,1.0
0.1666,128.181881,37.914936,8943.7793184,1.544,-0.136,0.185,1.0
0.1833,128.181881,37.914967,8943.7464,1.888,-0.159,0.217,1.0
0.2,128.181881,37.914999,8943.7086048,2.266,-0.183,0.251,1.0
0.2166,128.181881,37.915031,8943.6662376,2.678,-0.208,0.285,1.0
0.2333,128.181881,37.915063,8943.6189936,3.122,-0.233,0.32,1.0
0.25,128.181881,37.915094,8943.5674824,3.6,-0.257,0.356,1.0
0.2666,128.181881,37.915126,8943.5110944,4.109,-0.281,0.392,1.0
0.2833,128.181881,37.915158,8943.4501344,4.651,-0.305,0.428,1.0
0.3,128.181881,37.91519,8943.3849072,5.224,-0.329,0.464,1.0
0.3166,128.181881,37.915222,8943.3148032,5.828,-0.353,0.501,1.0
0.3333,128.181881,37.915254,8943.240432,6.462,-0.375,0.537,1.0
0.35,128.181881,37.915285,8943.1614888,7.127,-0.394,0.574,1.0
0.3666,128.181881,37.915317,8943.0782784,7.821,-0.412,0.611,1.0
0.3833,128.181881,37.915349,8942.9908008,8.543,-0.427,0.648,1.0
0.4,128.181881,37.915381,8942.8987512,9.295,-0.442,0.685,1.0
0.4166,128.181881,37.915413,8942.8024344,10.074,-0.455,0.722,1.0
0.4333,128.181881,37.915445,8942.7021552,10.881,-0.464,0.76,1.0
0.45,128.181881,37.915477,8942.597304,11.714,-0.468,0.798,1.0
0.4666,128.18188,37.915509,8942.488490400001,12.575,-0.469,0.837,1.0
0.4833,128.18188,37.915541,8942.375409600001,13.461,-0.467,0.876,1.0
0.5,128.18188,37.915573,8942.2586712,14.372,-0.462,0.916,1.0
0.5166,128.18188,37.915605,8942.137665600001,15.309,-0.455,0.956,1.0
0.5333,128.18188,37.915637,8942.012697600001,16.27,-0.441,0.999,1.0
0.55,128.18188,37.91567,8941.884072,17.255,-0.422,1.043,1.0
0.5666,128.18188,37.915702,8941.751484,18.264,-0.397,1.089,1.0
0.5833,128.18188,37.915734,8941.614933600002,19.296,-0.368,1.137,1.0
0.6,128.18188,37.915766,8941.4750304,20.35,-0.335,1.186,1.0
0.6166,128.18188,37.915798,8941.331469600002,21.427,-0.3,1.238,1.0
0.6333,128.18188,37.91583,8941.1842512,22.525,-0.257,1.293,1.0
0.65,128.18188,37.915862,8941.0339848,23.645,-0.206,1.352,1.0
0.6666,128.18188,37.915895,8940.8800608,24.785,-0.15,1.415,1.0
0.6833,128.18188,37.915927,8940.722784000001,25.947,-0.089,1.481,1.0
0.7,128.18188,37.915959,8940.5624592,27.128,-0.023,1.551,1.0
0.7166,128.18188,37.915991,8940.3987816,28.328,0.044,1.624,1.0
0.7333,128.18188,37.916024,8940.2323608,29.548,0.12,1.704,1.0
0.75,128.18188,37.916056,8940.063196800002,30.787,0.204,1.79,1.0
0.7666,128.18188,37.916088,8939.89068,32.045,0.294,1.882,1.0
0.7833,128.18188,37.916121,8939.7157248,33.32,0.389,1.981,1.0
0.8,128.18188,37.916153,8939.5380264,34.613,0.487,2.085,1.0
0.8166,128.181879,37.916185,8939.3578896,35.923,0.588,2.194,1.0
0.8333,128.181879,37.916218,8939.175314400001,37.25,0.695,2.312,1.0
0.85,128.181879,37.91625,8938.9903008,38.594,0.81,2.44,1.0
0.8666,128.181879,37.916283,8938.8028488,39.953,0.929,2.577,1.0
0.8833,128.181879,37.916315,8938.613568,41.328,1.052,2.723,1.0
0.9,128.181879,37.916347,8938.4218488,42.719,1.178,2.877,1.0
0.9166,128.181879,37.91638,8938.228300800001,44.124,1.304,3.038,1.0
0.9333,128.181879,37.916412,8938.0335336,45.529,1.436,3.209,1.0
0.95,128.181879,37.916445,8937.8375472,46.933,1.573,3.392,1.0
0.9666,128.181879,37.916477,8937.640951200001,48.336,1.715,3.586,1.0
0.9833,128.181879,37.91651,8937.4434408,49.736,1.859,3.79,1.0
1.0,128.181879,37.916542,8937.245016,51.134,2.004,4.003,1.0
1.0166,128.181879,37.916575,8937.0456768,52.529,2.148,4.224,1.0
1.0333,128.18188,37.916608,8936.8463376,53.894,2.296,4.457,1.0
1.05,128.18188,37.91664,8936.6469984,55.228,2.449,4.702,1.0
1.0666,128.18188,37.916673,8936.447659200001,56.532,2.604,4.958,1.0
1.0833,128.18188,37.916705,8936.2486248,57.808,2.76,5.226,1.0
1.1,128.18188,37.916738,8936.0502,59.056,2.915,5.503,1.0
1.1166,128.181881,37.916771,8935.85208,60.277,3.068,5.788,1.0
1.1333,128.181881,37.916803,8935.654874400001,61.449,3.221,6.083,1.0
1.15,128.181882,37.916836,8935.458583200001,62.574,3.373,6.387,1.0
1.1666,128.181882,37.916868,8935.2635112,63.654,3.523,6.698,1.0
1.1833,128.181883,37.916901,8935.0693536,64.69,3.669,7.017,1.0
1.2,128.181883,37.916934,8934.8758056,65.683,3.812,7.341,1.0
1.2166,128.181884,37.916966,8934.683172000001,66.637,3.948,7.671,1.0
1.2333,128.181885,37.916999,8934.4908432,67.557,4.079,8.004,1.0
1.25,128.181886,37.917032,8934.298819200001,68.445,4.202,8.341,1.0
1.2666,128.181887,37.917064,8934.107404800001,69.303,4.317,8.68,1.0
1.2833,128.181888,37.917097,8933.9162952,70.132,4.425,9.021,1.0
1.3,128.181889,37.91713,8933.7254904,70.933,4.525,9.364,1.0
1.3166,128.18189,37.917162,8933.5346856,71.707,4.617,9.707,1.0
1.3333,128.181891,37.917195,8933.3444904,72.447,4.702,10.049,1.0
1.35,128.181893,37.917228,8933.1549048,73.153,4.78,10.391,1.0
1.3666,128.181894,37.91726,8932.9653192,73.827,4.85,10.732,1.0
1.3833,128.181895,37.917293,8932.775733600001,74.47,4.914,11.072,1.0
1.4,128.181897,37.917326,8932.5864528,75.083,4.97,11.41,1.0
1.4166,128.181898,37.917359,8932.397172,75.667,5.02,11.746,1.0
1.4333,128.1819,37.917391,8932.2078912,76.243,5.06,12.081,1.0
1.45,128.181902,37.917424,8932.0186104,76.814,5.091,12.415,1.0
1.4666,128.181904,37.917457,8931.828720000001,77.378,5.114,12.747,1.0
1.4833,128.181906,37.91749,8931.6385248,77.936,5.128,13.077,1.0
1.5,128.181908,37.917522,8931.4474152,78.489,5.135,13.404,1.0
1.5166,128.18191,37.917555,8931.2560008,79.037,5.134,13.73,1.0
1.5333,128.181912,37.917588,8931.0639768,79.568,5.128,14.052,1.0
1.55,128.181914,37.917621,8930.871648,80.083,5.116,14.371,1.0
1.5666,128.181916,37.917653,8930.6787096,80.581,5.099,14.688,1.0
1.5833,128.181918,37.917686,8930.4851616,81.063,5.077,15.001,1.0
1.6,128.181921,37.917719,8930.291004,81.53,5.049,15.312,1.0
1.6166,128.181923,37.917752,8930.0962368,81.981,5.017,15.619,1.0
1.6333,128.181926,37.917784,8929.900860000002,82.41,4.982,15.922,1.0
1.65,128.181928,37.917817,8929.704873600002,82.816,4.942,16.223,1.0
1.6666,128.181931,37.91785,8929.5082776,83.2,4.899,16.52,1.0
1.6833,128.181934,37.917883,8929.3107672,83.564,4.853,16.814,1.0
1.7,128.181937,37.917915,8929.112647200001,83.906,4.803,17.105,1.0
1.7166,128.18194,37.917948,8928.913612800001,84.229,4.75,17.392,1.0
1.7333,128.181943,37.917981,8928.713664,84.528,4.695,17.676,1.0
1.75,128.181946,37.918014,8928.512800800001,84.803,4.636,17.958,1.0
1.7666,128.181949,37.918046,8928.311328,85.055,4.576,18.236,1.0
1.7833,128.181953,37.918079,8928.108636,85.285,4.513,18.511,1.0
1.8,128.181956,37.918112,8927.9050296,85.495,4.448,18.783,1.0
1.8166,128.18196,37.918145,8927.7005088,85.684,4.381,19.052,1.0
1.8333,128.181963,37.918177,8927.495073600001,85.852,4.312,19.318,1.0
1.85,128.181967,37.91821,8927.2884192,85.998,4.241,19.581,1.0
1.8666,128.181971,37.918243,8927.0805456,86.124,4.17,19.842,1.0
1.8833,128.181975,37.918276,8926.8717576,86.23,4.096,20.099,1.0
1.9,128.181979,37.918308,8926.6617504,86.318,4.022,20.354,1.0
1.9166,128.181983,37.918341,8926.450828800002,86.389,3.946,20.607,1.0
1.9333,128.181987,37.918374,8926.238383200001,86.443,3.87,20.856,1.0
1.95,128.181991,37.918406,8926.0250232,86.481,3.793,21.103,1.0
1.9666,128.181996,37.918439,8925.8101392,86.504,3.715,21.347,1.0
1.9833,128.182,37.918472,8925.5943408,86.513,3.637,21.588,1.0
2.0,128.182005,37.918504,8925.3773232,86.509,3.559,21.826,1.0
2.0166,128.18201,37.918537,8925.158781600001,86.493,3.481,22.062,1.0
2.0333,128.182014,37.91857,8924.9393256,86.467,3.403,22.295,1.0
2.05,128.182019,37.918602,8924.7183456,86.431,3.325,22.525,1.0
2.0666,128.182024,37.918635,8924.4961464,86.386,3.248,22.753,1.0
2.0833,128.182029,37.918668,8924.272728,86.332,3.17,22.978,1.0
2.1,128.182034,37.9187,8924.0480904,86.271,3.094,23.2,1.0
2.1166,128.18204,37.918733,8923.8219288,86.203,3.018,23.42,1.0
2.1333,128.182045,37.918765,8923.594548,86.13,2.942,23.637,1.0
2.15,128.18205,37.918798,8923.365948,86.053,2.867,23.851,1.0
2.1666,128.182056,37.918831,8923.1361288,85.972,2.793,24.063,1.0
2.1833,128.182062,37.918863,8922.9047856,85.888,2.72,24.273,1.0
2.2,128.182067,37.918896,8922.672223200001,85.801,2.648,24.48,1.0
2.2166,128.182073,37.918928,8922.438441600001,85.712,2.577,24.685,1.0
2.2333,128.182079,37.918961,8922.2034408,85.622,2.507,24.888,1.0
2.25,128.182085,37.918993,8921.966916,85.533,2.438,25.088,1.0
2.2666,128.182091,37.919026,8921.729172,85.445,2.37,25.286,1.0
2.2833,128.182097,37.919058,8921.4902088,85.357,2.303,25.482,1.0
2.3,128.182104,37.919091,8921.249721600001,85.27,2.237,25.676,1.0
2.3166,128.18211,37.919123,8921.00832,85.184,2.173,25.867,1.0
2.3333,128.182116,37.919156,8920.7653944,85.103,2.109,26.057,1.0
2.35,128.182123,37.919188,8920.5209448,85.025,2.046,26.245,1.0
2.3666,128.18213,37.919221,8920.2755808,84.951,1.984,26.43,1.0
2.3833,128.182136,37.919253,8920.0286928,84.881,1.923,26.614,1.0
2.4,128.182143,37.919285,8919.7805856,84.814,1.864,26.796,1.0
2.4166,128.18215,37.919318,8919.530954400001,84.752,1.805,26.976,1.0
2.4333,128.182157,37.91935,8919.280408800001,84.696,1.747,27.155,1.0
2.45,128.182164,37.919383,8919.0283392,84.647,1.69,27.332,1.0
2.4666,128.182172,37.919415,8918.775050400001,84.603,1.633,27.507,1.0
2.4833,128.182179,37.919447,8918.520237600002,84.565,1.578,27.681,1.0
2.5,128.182186,37.91948,8918.2642056,84.532,1.523,27.853,1.0
2.5166,128.182194,37.919512,8918.0069544,84.505,1.47,28.023,1.0
2.5333,128.182201,37.919544,8917.748484000002,84.486,1.416,28.193,1.0
2.55,128.182209,37.919576,8917.4884896,84.473,1.364,28.36,1.0
2.5666,128.182217,37.919609,8917.227276,84.467,1.312,28.527,1.0
2.5833,128.182225,37.919641,8916.9648432,84.468,1.261,28.692,1.0
2.6,128.182233,37.919673,8916.7011912,84.475,1.21,28.856,1.0
2.6166,128.182241,37.919705,8916.4360152,84.488,1.161,29.019,1.0
2.6333,128.182249,37.919737,8916.1693152,84.508,1.111,29.18,1.0
2.65,128.182257,37.91977,8915.901396000001,84.534,1.062,29.341,1.0
2.6666,128.182265,37.919802,8915.6322576,84.567,1.013,29.5,1.0
2.6833,128.182274,37.919834,8915.3619,84.607,0.965,29.658,1.0
2.7,128.182282,37.919866,8915.0900184,84.652,0.917,29.816,1.0
2.7166,128.182291,37.919898,8914.8166128,84.702,0.87,29.972,1.0
2.7333,128.1823,37.91993,8914.541988,84.758,0.823,30.128,1.0
2.75,128.182308,37.919962,8914.266144,84.82,0.776,30.282,1.0
2.7666,128.182317,37.919994,8913.988776,84.888,0.729,30.436,1.0
2.7833,128.182326,37.920026,8913.709884000002,84.96,0.683,30.589,1.0
2.8,128.182335,37.920058,8913.4297728,85.037,0.636,30.741,1.0
2.8166,128.182344,37.92009,8913.148137600001,85.118,0.59,30.893,1.0
2.8333,128.182354,37.920122,8912.8652832,85.204,0.544,31.044,1.0
2.85,128.182363,37.920154,8912.580600000001,85.293,0.498,31.194,1.0
2.8666,128.182373,37.920186,8912.2946976,85.387,0.452,31.344,1.0
2.8833,128.182382,37.920218,8912.0072712,85.483,0.406,31.493,1.0
2.9,128.182392,37.92025,8911.7186256,85.583,0.361,31.641,1.0
2.9166,128.182402,37.920282,8911.428151200002,85.685,0.315,31.789,1.0
2.9333,128.182411,37.920313,8911.1364576,85.79,0.268,31.937,1.0
2.95,128.182421,37.920345,8910.8429352,85.897,0.222,32.084,1.0
2.9666,128.182431,37.920377,8910.5481936,86.006,0.176,32.23,1.0
2.9833,128.182441,37.920409,8910.2516232,86.117,0.13,32.376,1.0
3.0,128.182452,37.92044,8909.9538336,86.229,0.083,32.522,1.0
3.0166,128.182462,37.920472,8909.6542152,86.342,0.037,32.667,1.0
3.0333,128.182472,37.920504,8909.3530728,86.456,-0.009,32.813,1.0
3.05,128.182483,37.920536,8909.050406400002,86.57,-0.056,32.957,1.0
3.0666,128.182493,37.920567,8908.746216,86.685,-0.104,33.102,1.0
3.0833,128.182504,37.920599,8908.4401968,86.799,-0.151,33.246,1.0
3.1,128.182515,37.92063,8908.1326536,86.913,-0.199,33.39,1.0
3.1166,128.182526,37.920662,8907.8232816,87.028,-0.247,33.534,1.0
3.1333,128.182537,37.920693,8907.512385600001,87.141,-0.295,33.678,1.0
3.15,128.182548,37.920725,8907.1996608,87.253,-0.344,33.821,1.0
3.1666,128.182559,37.920757,8906.885412,87.364,-0.393,33.964,1.0
3.1833,128.18257,37.920788,8906.5693344,87.474,-0.442,34.107,1.0
3.2,128.182582,37.920819,8906.251732800001,87.583,-0.491,34.25,1.0
3.2166,128.182593,37.920851,8905.9319976,87.691,-0.541,34.393,1.0
3.2333,128.182605,37.920882,8905.6107384,87.796,-0.591,34.536,1.0
3.25,128.182616,37.920914,8905.287650400001,87.9,-0.642,34.679,1.0
3.2666,128.182628,37.920945,8904.962733600001,88.001,-0.693,34.821,1.0
3.2833,128.18264,37.920976,8904.635988,88.101,-0.744,34.964,1.0
3.3,128.182652,37.921008,8904.307718400001,88.199,-0.795,35.106,1.0
3.3166,128.182664,37.921039,8903.977315200002,88.294,-0.847,35.248,1.0
3.3333,128.182676,37.92107,8903.645083200001,88.388,-0.899,35.391,1.0
3.35,128.182688,37.921101,8903.311022400001,88.478,-0.951,35.533,1.0
3.3666,128.1827,37.921132,8902.974828,88.567,-1.004,35.675,1.0
3.3833,128.182713,37.921164,8902.6371096,88.653,-1.057,35.818,1.0
3.4,128.182725,37.921195,8902.2972576,88.737,-1.11,35.96,1.0
3.4166,128.182738,37.921226,8901.955576800001,88.818,-1.164,36.102,1.0
3.4333,128.182751,37.921257,8901.6117624,88.898,-1.218,36.245,1.0
3.45,128.182763,37.921288,8901.266119200001,88.974,-1.272,36.387,1.0
3.4666,128.182776,37.921319,8900.9186472,89.049,-1.326,36.529,1.0
3.4833,128.182789,37.92135,8900.5690416,89.121,-1.381,36.671,1.0
3.5,128.182802,37.921381,8900.2173024,89.191,-1.436,36.814,1.0
3.5166,128.182815,37.921412,8899.8637344,89.259,-1.492,36.956,1.0
3.5333,128.182829,37.921443,8899.5080328,89.325,-1.547,37.098,1.0
3.55,128.182842,37.921474,8899.1505024,89.388,-1.603,37.241,1.0
3.5666,128.182856,37.921504,8898.7908384,89.45,-1.659,37.383,1.0
3.5833,128.182869,37.921535,8898.4290408,89.51,-1.715,37.525,1.0
3.6,128.182883,37.921566,8898.0651096,89.568,-1.772,37.668,1.0
3.6166,128.182896,37.921597,8897.6993496,89.625,-1.829,37.81,1.0
3.6333,128.18291,37.921628,8897.3311512,89.679,-1.885,37.952,1.0
3.65,128.182924,37.921658,8896.961124000001,89.733,-1.943,38.095,1.0
3.6666,128.182938,37.921689,8896.5886584,89.785,-2.0,38.237,1.0
3.6833,128.182952,37.92172,8896.214364000001,89.835,-2.058,38.38,1.0
3.7,128.182966,37.92175,8895.837936,89.885,-2.115,38.522,1.0
3.7166,128.182981,37.921781,8895.459069600001,89.933,-2.173,38.664,1.0
3.7333,128.182995,37.921811,8895.0783744,89.98,-2.231,38.807,1.0
3.75,128.18301,37.921842,8894.6952408,90.027,-2.289,38.949,1.0
3.7666,128.183024,37.921872,8894.3099736,90.073,-2.348,39.092,1.0
3.7833,128.183039,37.921903,8893.9225728,90.118,-2.406,39.234,1.0
3.8,128.183053,37.921933,8893.5330384,90.162,-2.465,39.376,1.0
3.8166,128.183068,37.921964,8893.1410656,90.206,-2.523,39.519,1.0
3.8333,128.183083,37.921994,8892.747264,90.25,-2.582,39.661,1.0
3.85,128.183098,37.922024,8892.350719200002,90.293,-2.641,39.804,1.0
3.8666,128.183113,37.922055,8891.9523456,90.337,-2.7,39.946,1.0
3.8833,128.183129,37.922085,8891.5515336,90.38,-2.76,40.088,1.0
3.9,128.183144,37.922115,8891.1482832,90.423,-2.819,40.231,1.0
3.9166,128.183159,37.922145,8890.7428992,90.466,-2.878,40.373,1.0
3.9333,128.183175,37.922175,8890.3353816,90.51,-2.938,40.515,1.0
3.95,128.18319,37.922206,8889.9254256,90.553,-2.997,40.657,1.0
3.9666,128.183206,37.922236,8889.513336,90.597,-3.057,40.799,1.0
3.9833,128.183222,37.922266,8889.0985032,90.642,-3.117,40.942,1.0
4.0,128.183237,37.922296,8888.6818416,90.687,-3.177,41.084,1.0
4.0166,128.183253,37.922326,8888.2624368,90.732,-3.237,41.226,1.0
4.0333,128.183269,37.922356,8887.8408984,90.778,-3.297,41.368,1.0
4.05,128.183285,37.922386,8887.416921600001,90.824,-3.357,41.51,1.0
4.0666,128.183302,37.922416,8886.990506400001,90.872,-3.417,41.652,1.0
4.0833,128.183318,37.922445,8886.5619576,90.92,-3.477,41.794,1.0
4.1,128.183334,37.922475,8886.130970400001,90.968,-3.538,41.936,1.0
4.1166,128.183351,37.922505,8885.69724,91.018,-3.598,42.078,1.0
4.1333,128.183367,37.922535,8885.261376,91.068,-3.659,42.22,1.0
4.15,128.183384,37.922565,8884.8230736,91.119,-3.72,42.361,1.0
4.1666,128.183401,37.922594,8884.3823328,91.171,-3.78,42.503,1.0
4.1833,128.183417,37.922624,8883.9391536,91.224,-3.841,42.645,1.0
4.2,128.183434,37.922654,8883.493536,91.278,-3.902,42.787,1.0
4.2166,128.183451,37.922683,8883.04548,91.332,-3.963,42.928,1.0
4.2333,128.183468,37.922713,8882.5949856,91.387,-4.024,43.07,1.0
4.25,128.183486,37.922742,8882.141748,91.444,-4.086,43.211,1.0
4.2666,128.183503,37.922772,8881.6863768,91.501,-4.147,43.353,1.0
4.2833,128.18352,37.922801,8881.2282624,91.559,-4.208,43.494,1.0
4.3,128.183538,37.922831,8880.7677096,91.618,-4.27,43.636,1.0
4.3166,128.183555,37.92286,8880.3044136,91.677,-4.332,43.777,1.0
4.3333,128.183573,37.922889,8879.8386792,91.738,-4.394,43.919,1.0
4.35,128.18359,37.922919,8879.3705064,91.799,-4.456,44.06,1.0
4.3666,128.183608,37.922948,8878.8998952,91.861,-4.518,44.201,1.0
4.3833,128.183626,37.922977,8878.426540800001,91.924,-4.58,44.343,1.0
4.4,128.183644,37.923006,8877.9504432,91.987,-4.642,44.484,1.0
4.4166,128.183662,37.923036,8877.4719072,92.051,-4.705,44.625,1.0
4.4333,128.18368,37.923065,8876.990628000001,92.116,-4.767,44.766,1.0
4.45,128.183698,37.923094,8876.506910400001,92.181,-4.83,44.908,1.0
4.4666,128.183717,37.923123,8876.0204496,92.247,-4.893,45.049,1.0
4.4833,128.183735,37.923152,8875.531550400001,92.313,-4.956,45.19,1.0
4.5,128.183753,37.923181,8875.039908,92.38,-5.02,45.331,1.0
4.5166,128.183772,37.92321,8874.5455224,92.448,-5.083,45.472,1.0
4.5333,128.183791,37.923239,8874.0483936,92.515,-5.147,45.613,1.0
4.55,128.183809,37.923268,8873.5485216,92.584,-5.211,45.754,1.0
4.5666,128.183828,37.923296,8873.0462112,92.652,-5.275,45.895,1.0
4.5833,128.183847,37.923325,8872.5408528,92.721,-5.339,46.036,1.0
4.6,128.183866,37.923354,8872.033056,92.79,-5.403,46.177,1.0
4.6166,128.183885,37.923383,8871.522515999999,92.859,-5.468,46.318,1.0
4.6333,128.183904,37.923411,8871.008928000001,92.928,-5.532,46.459,1.0
4.65,128.183924,37.92344,8870.4929016,92.998,-5.597,46.6,1.0
4.6666,128.183943,37.923469,8869.973827200001,93.067,-5.662,46.741,1.0
4.6833,128.183962,37.923497,8869.452009600001,93.137,-5.728,46.882,1.0
4.7,128.183982,37.923526,8868.927448800001,93.207,-5.793,47.023,1.0
4.7166,128.184001,37.923554,8868.4001448,93.276,-5.859,47.164,1.0
4.7333,128.184021,37.923583,8867.8697928,93.346,-5.925,47.305,1.0
4.75,128.184041,37.923611,8867.3370024,93.415,-5.991,47.446,1.0
4.7666,128.184061,37.923639,8866.8008592,93.485,-6.057,47.587,1.0
4.7833,128.184081,37.923668,8866.2622776,93.554,-6.124,47.728,1.0
4.8,128.184101,37.923696,8865.720648,93.623,-6.19,47.869,1.0
4.8166,128.184121,37.923724,8865.175970400001,93.692,-6.257,48.01,1.0
4.8333,128.184141,37.923752,8864.6285496,93.76,-6.324,48.151,1.0
4.85,128.184161,37.92378,8864.0780808,93.829,-6.392,48.292,1.0
4.8666,128.184181,37.923809,8863.524868800001,93.897,-6.459,48.432,1.0
4.8833,128.184202,37.923837,8862.9686088,93.964,-6.527,48.573,1.0
4.9,128.184222,37.923865,8862.4096056,94.032,-6.595,48.714,1.0
4.9166,128.184243,37.923893,8861.8472496,94.099,-6.663,48.855,1.0
4.9333,128.184264,37.923921,8861.2821504,94.166,-6.732,48.996,1.0
4.95,128.184284,37.923948,8860.7140032,94.232,-6.8,49.137,1.0
4.9666,128.184305,37.923976,8860.1431128,94.298,-6.869,49.279,1.0
4.9833,128.184326,37.924004,8859.568869600002,94.364,-6.938,49.42,1.0
5.0,128.184347,37.924032,8858.9915784,94.429,-7.007,49.561,1.0
5.0166,128.184368,37.92406,8858.411544,94.494,-7.077,49.702,1.0
5.0333,128.184389,37.924087,8857.8281568,94.559,-7.146,49.843,1.0
5.05,128.184411,37.924115,8857.242026400001,94.623,-7.216,49.984,1.0
5.0666,128.184432,37.924143,8856.6525432,94.687,-7.286,50.125,1.0
5.0833,128.184453,37.92417,8856.060012,94.751,-7.356,50.266,1.0
5.1,128.184475,37.924198,8855.464432800001,94.814,-7.427,50.408,1.0
5.1166,128.184497,37.924225,8854.8658056,94.876,-7.498,50.549,1.0
5.1333,128.184518,37.924252,8854.263825600001,94.939,-7.569,50.69,1.0
5.15,128.18454,37.92428,8853.658797600001,95.001,-7.64,50.831,1.0
5.1666,128.184562,37.924307,8853.0507216,95.062,-7.711,50.973,1.0
5.1833,128.184584,37.924334,8852.439597600001,95.123,-7.782,51.114,1.0
5.2,128.184606,37.924362,8851.8251208,95.184,-7.854,51.255,1.0
5.2166,128.184628,37.924389,8851.2072912,95.245,-7.926,51.397,1.0
5.2333,128.18465,37.924416,8850.5864136,95.305,-7.998,51.538,1.0
5.25,128.184672,37.924443,8849.962488000001,95.365,-8.07,51.68,1.0
5.2666,128.184694,37.92447,8849.3352096,95.425,-8.143,51.821,1.0
5.2833,128.184717,37.924497,8848.7048832,95.484,-8.215,51.963,1.0
5.3,128.184739,37.924524,8848.071204,95.544,-8.288,52.104,1.0
5.3166,128.184762,37.924551,8847.434172000001,95.602,-8.361,52.246,1.0
5.3333,128.184785,37.924578,8846.7937872,95.661,-8.435,52.388,1.0
5.35,128.184807,37.924605,8846.1503544,95.72,-8.508,52.529,1.0
5.3666,128.18483,37.924632,8845.5035688,95.778,-8.582,52.671,1.0
5.3833,128.184853,37.924658,8844.8534304,95.836,-8.655,52.813,1.0
5.4,128.184876,37.924685,8844.1999392,95.895,-8.729,52.955,1.0
5.4166,128.184899,37.924712,8843.5430952,95.952,-8.804,53.096,1.0
5.4333,128.184922,37.924738,8842.883203200001,96.01,-8.878,53.238,1.0
5.45,128.184945,37.924765,8842.219653600001,96.068,-8.952,53.38,1.0
5.4666,128.184968,37.924791,8841.553056,96.126,-9.027,53.522,1.0
5.4833,128.184992,37.924818,8840.8828008,96.183,-9.102,53.664,1.0
5.5,128.185015,37.924844,8840.2091928,96.241,-9.177,53.806,1.0
5.5166,128.185039,37.92487,8839.532232000001,96.298,-9.252,53.948,1.0
5.5333,128.185062,37.924897,8838.8519184,96.355,-9.328,54.09,1.0
5.55,128.185086,37.924923,8838.168252000001,96.413,-9.403,54.232,1.0
5.5666,128.18511,37.924949,8837.4812328,96.47,-9.479,54.374,1.0
5.5833,128.185134,37.924975,8836.790556,96.528,-9.555,54.516,1.0
5.6,128.185157,37.925002,8836.0965264,96.585,-9.631,54.658,1.0
5.6166,128.185181,37.925028,8835.3988392,96.642,-9.707,54.8,1.0
5.6333,128.185205,37.925054,8834.697799200001,96.7,-9.784,54.943,1.0
5.65,128.18523,37.92508,8833.9934064,96.757,-9.86,55.085,1.0
5.6666,128.185254,37.925105,8833.285356,96.815,-9.937,55.227,1.0
5.6833,128.185278,37.925131,8832.5739528,96.872,-10.014,55.369,1.0
5.7,128.185302,37.925157,8831.858892,96.93,-10.091,55.512,1.0
5.7166,128.185327,37.925183,8831.1404784,96.987,-10.168,55.654,1.0
5.7333,128.185351,37.925209,8830.4184072,97.045,-10.246,55.796,1.0
5.75,128.185376,37.925234,8829.6926784,97.103,-10.324,55.939,1.0
5.7666,128.185401,37.92526,8828.9635968,97.16,-10.401,56.081,1.0
5.7833,128.185425,37.925285,8828.2308576,97.218,-10.479,56.224,1.0
5.8,128.18545,37.925311,8827.4944608,97.276,-10.557,56.366,1.0
5.8166,128.185475,37.925336,8826.754711200001,97.334,-10.636,56.509,1.0
5.8333,128.1855,37.925362,8826.0109992,97.392,-10.714,56.651,1.0
5.85,128.185525,37.925387,8825.2639344,97.45,-10.793,56.794,1.0
5.8666,128.18555,37.925413,8824.5129072,97.508,-10.872,56.936,1.0
5.8833,128.185575,37.925438,8823.7585272,97.566,-10.951,57.079,1.0
5.9,128.1856,37.925463,8823.000489600001,97.624,-11.03,57.222,1.0
5.9166,128.185626,37.925488,8822.2384896,97.682,-11.109,57.364,1.0
5.9333,128.185651,37.925513,8821.473136800001,97.74,-11.189,57.507,1.0
5.95,128.185677,37.925538,8820.7038216,97.798,-11.268,57.65,1.0
5.9666,128.185702,37.925563,8819.9311536,97.856,-11.348,57.793,1.0
5.9833,128.185728,37.925588,8819.1545232,97.914,-11.428,57.936,1.0
6.0,128.185754,37.925613,8818.3742352,97.972,-11.508,58.078,1.0
6.0166,128.185779,37.925638,8817.5899848,98.03,-11.589,58.221,1.0
6.0333,128.185805,37.925663,8816.8023816,98.088,-11.669,58.364,1.0
6.05,128.185831,37.925687,8816.010816,98.146,-11.75,58.507,1.0
6.0666,128.185857,37.925712,8815.215288000001,98.204,-11.831,58.65,1.0
6.0833,128.185883,37.925737,8814.4161024,98.262,-11.912,58.793,1.0
6.1,128.185909,37.925761,8813.613259200001,98.319,-11.993,58.936,1.0
6.1166,128.185935,37.925786,8812.8064536,98.377,-12.074,59.079,1.0
6.1333,128.185962,37.92581,8811.9959904,98.434,-12.156,59.223,1.0
6.15,128.185988,37.925835,8811.181564800001,98.492,-12.237,59.366,1.0
6.1666,128.186014,37.925859,8810.3631768,98.549,-12.319,59.509,1.0
6.1833,128.186041,37.925883,8809.5411312,98.606,-12.401,59.652,1.0
6.2,128.186067,37.925908,8808.7151232,98.663,-12.484,59.796,1.0
6.2166,128.186094,37.925932,8807.8851528,98.719,-12.566,59.939,1.0
6.2333,128.186121,37.925956,8807.051524800001,98.776,-12.648,60.082,1.0
6.25,128.186147,37.92598,8806.2136296,98.832,-12.731,60.226,1.0
6.2666,128.186174,37.926004,8805.3720768,98.888,-12.814,60.369,1.0
6.2833,128.186201,37.926028,8804.5265616,98.944,-12.897,60.513,1.0
6.3,128.186228,37.926052,8803.677084,99.0,-12.98,60.656,1.0
6.3166,128.186255,37.926076,8802.823644,99.055,-13.064,60.8,1.0
6.3333,128.186282,37.926099,8801.966241600001,99.111,-13.147,60.944,1.0
6.35,128.18631,37.926123,8801.1048768,99.166,-13.231,61.088,1.0
6.3666,128.186337,37.926147,8800.2395496,99.22,-13.315,61.231,1.0
6.3833,128.186364,37.926171,8799.3699552,99.275,-13.399,61.375,1.0
6.4,128.186391,37.926194,8798.4967032,99.329,-13.483,61.519,1.0
6.4166,128.186419,37.926218,8797.619184000001,99.383,-13.567,61.663,1.0
6.4333,128.186446,37.926241,8796.7377024,99.435,-13.652,61.807,1.0
6.45,128.186474,37.926264,8795.8522584,99.487,-13.736,61.951,1.0
6.4666,128.186502,37.926288,8794.9625472,99.537,-13.821,62.095,1.0
6.4833,128.186529,37.926311,8794.068873600001,99.587,-13.906,62.24,1.0
6.5,128.186557,37.926334,8793.171237600001,99.635,-13.991,62.384,1.0
6.5166,128.186585,37.926357,8792.2693344,99.682,-14.076,62.528,1.0
6.5333,128.186613,37.926381,8791.363164,99.728,-14.161,62.673,1.0
6.55,128.186641,37.926404,8790.4530312,99.771,-14.246,62.817,1.0
6.5666,128.186669,37.926427,8789.538631200001,99.813,-14.331,62.962,1.0
6.5833,128.186697,37.926449,8788.619964000001,99.853,-14.416,63.107,1.0
6.6,128.186725,37.926472,8787.6973344,99.891,-14.501,63.251,1.0
6.6166,128.186754,37.926495,8786.7704376,99.928,-14.587,63.396,1.0
6.6333,128.186782,37.926518,8785.8395784,99.963,-14.672,63.541,1.0
6.65,128.18681,37.926541,8784.9041472,99.995,-14.758,63.687,1.0
6.6666,128.186839,37.926563,8783.9647536,100.025,-14.843,63.832,1.0
6.6833,128.186867,37.926586,8783.021092800001,100.054,-14.929,63.977,1.0
6.7,128.186896,37.926608,8782.0731648,100.08,-15.014,64.123,1.0
6.7166,128.186925,37.926631,8781.1209696,100.105,-15.1,64.268,1.0
6.7333,128.186953,37.926653,8780.1645072,100.127,-15.185,64.414,1.0
6.75,128.186982,37.926675,8779.2037776,100.148,-15.271,64.56,1.0
6.7666,128.187011,37.926698,8778.2387808,100.166,-15.357,64.706,1.0
6.7833,128.18704,37.92672,8777.269212,100.183,-15.442,64.852,1.0
6.8,128.187069,37.926742,8776.2956808,100.197,-15.528,64.999,1.0
6.8166,128.187098,37.926764,8775.3178824,100.211,-15.614,65.145,1.0
6.8333,128.187127,37.926786,8774.3358168,100.222,-15.7,65.292,1.0
6.85,128.187156,37.926808,8773.3491792,100.231,-15.785,65.439,1.0
6.8666,128.187185,37.92683,8772.358274400001,100.239,-15.871,65.585,1.0
6.8833,128.187215,37.926851,8771.3631024,100.245,-15.957,65.733,1.0
6.9,128.187244,37.926873,8770.3636632,100.249,-16.042,65.88,1.0
6.9166,128.187274,37.926895,8769.3599568,100.253,-16.128,66.027,1.0
6.9333,128.187303,37.926917,8768.3516784,100.255,-16.214,66.175,1.0
6.95,128.187333,37.926938,8767.3391328,100.255,-16.299,66.323,1.0
6.9666,128.187362,37.92696,8766.322320000001,100.255,-16.385,66.471,1.0
6.9833,128.187392,37.926981,8765.3009352,100.253,-16.47,66.619,1.0
7.0,128.187422,37.927002,8764.2752832,100.25,-16.555,66.767,1.0
7.0166,128.187451,37.927024,8763.245364,100.246,-16.641,66.915,1.0
7.0333,128.187481,37.927045,8762.2108728,100.242,-16.726,67.064,1.0
7.05,128.187511,37.927066,8761.1721144,100.236,-16.811,67.213,1.0
7.0666,128.187541,37.927087,8760.1290888,100.23,-16.896,67.362,1.0
7.0833,128.187571,37.927108,8759.0814912,100.223,-16.981,67.511,1.0
7.1,128.187601,37.927129,8758.029321600001,100.216,-17.066,67.66,1.0
7.1166,128.187631,37.92715,8756.9731896,100.208,-17.151,67.809,1.0
7.1333,128.187662,37.927171,8755.9121808,100.2,-17.235,67.959,1.0
7.15,128.187692,37.927192,8754.8469048,100.191,-17.32,68.109,1.0
7.1666,128.187722,37.927212,8753.7773616,100.182,-17.404,68.259,1.0
7.1833,128.187753,37.927233,8752.7032464,100.172,-17.488,68.409,1.0
7.2,128.187783,37.927253,8751.624864000001,100.163,-17.573,68.559,1.0
7.2166,128.187814,37.927274,8750.5419096,100.153,-17.657,68.71,1.0
7.2333,128.187844,37.927294,8749.4543832,100.143,-17.741,68.86,1.0
7.25,128.187875,37.927315,8748.3625896,100.133,-17.824,69.011,1.0
7.2666,128.187906,37.927335,8747.266224,100.124,-17.908,69.162,1.0
7.2833,128.187936,37.927355,8746.1655912,100.114,-17.992,69.313,1.0
7.3,128.187967,37.927375,8745.0603864,100.104,-18.075,69.464,1.0
7.3166,128.187998,37.927396,8743.9509144,100.094,-18.158,69.616,1.0
7.3333,128.188029,37.927416,8742.8365656,100.084,-18.242,69.768,1.0
7.35,128.18806,37.927436,8741.7179496,100.075,-18.325,69.919,1.0
7.3666,128.188091,37.927455,8740.5950664,100.065,-18.408,70.071,1.0
7.3833,128.188122,37.927475,8739.467306400002,100.056,-18.49,70.224,1.0
7.4,128.188153,37.927495,8738.3352792,100.047,-18.573,70.376,1.0
7.4166,128.188184,37.927515,8737.19868,100.038,-18.655,70.528,1.0
7.4333,128.188216,37.927534,8736.0578136,100.029,-18.738,70.681,1.0
7.45,128.188247,37.927554,8734.912070400002,100.02,-18.82,70.834,1.0
7.4666,128.188278,37.927573,8733.762060000001,100.011,-18.902,70.987,1.0
7.4833,128.18831,37.927593,8732.6074776,100.003,-18.984,71.14,1.0
7.5,128.188341,37.927612,8731.4483232,99.995,-19.066,71.294,1.0
7.5166,128.188373,37.927631,8730.2849016,99.987,-19.148,71.447,1.0
7.5333,128.188404,37.927651,8729.1166032,99.978,-19.229,71.601,1.0
7.55,128.188436,37.92767,8727.9440376,99.97,-19.311,71.755,1.0
7.5666,128.188468,37.927689,8726.7669,99.963,-19.392,71.909,1.0
7.5833,128.1885,37.927708,8725.584885600001,99.955,-19.473,72.063,1.0
7.6,128.188531,37.927727,8724.398604,99.947,-19.554,72.218,1.0
7.6166,128.188563,37.927745,8723.2080552,99.939,-19.635,72.372,1.0
7.6333,128.188595,37.927764,8722.0126296,99.932,-19.716,72.527,1.0
7.65,128.188627,37.927783,8720.812632000001,99.924,-19.797,72.682,1.0
7.6666,128.188659,37.927801,8719.6080624,99.916,-19.878,72.838,1.0
7.6833,128.188691,37.92782,8718.3989208,99.908,-19.958,72.993,1.0
7.7,128.188723,37.927839,8717.185512,99.9,-20.039,73.149,1.0
7.7166,128.188755,37.927857,8715.9672264,99.892,-20.119,73.304,1.0
7.7333,128.188788,37.927875,8714.7443688,99.884,-20.199,73.46,1.0
7.75,128.18882,37.927894,8713.5169392,99.876,-20.279,73.617,1.0
7.7666,128.188852,37.927912,8712.284937600001,99.867,-20.359,73.773,1.0
7.7833,128.188885,37.92793,8711.048364,99.858,-20.439,73.929,1.0
7.8,128.188917,37.927948,8709.807218400001,99.849,-20.519,74.086,1.0
7.8166,128.18895,37.927966,8708.5615008,99.84,-20.599,74.243,1.0
7.8333,128.188982,37.927984,8707.311211200002,99.831,-20.678,74.4,1.0
7.85,128.189015,37.928002,8706.0563496,99.821,-20.758,74.558,1.0
7.8666,128.189047,37.928019,8704.796916,99.811,-20.837,74.715,1.0
7.8833,128.18908,37.928037,8703.532605600001,99.8,-20.917,74.873,1.0
7.9,128.189113,37.928055,8702.2637232,99.789,-20.996,75.031,1.0
7.9166,128.189146,37.928072,8700.9905736,99.778,-21.075,75.189,1.0
7.9333,128.189178,37.92809,8699.7125472,99.767,-21.154,75.348,1.0
7.95,128.189211,37.928107,8698.429644,99.755,-21.233,75.507,1.0
7.9666,128.189244,37.928124,8697.1424736,99.743,-21.312,75.665,1.0
7.9833,128.189277,37.928141,8695.8504264,99.73,-21.391,75.824,1.0
8.0,128.18931,37.928159,8694.554112,99.717,-21.469,75.984,1.0
8.0166,128.189343,37.928176,8693.2529208,99.703,-21.548,76.143,1.0
8.0333,128.189376,37.928193,8691.9468528,99.689,-21.626,76.303,1.0
8.05,128.18941,37.92821,8690.6365176,99.675,-21.705,76.463,1.0
8.0666,128.189443,37.928226,8689.3213056,99.66,-21.783,76.623,1.0
8.0833,128.189476,37.928243,8688.001521600001,99.644,-21.861,76.784,1.0
8.1,128.189509,37.92826,8686.6771656,99.628,-21.94,76.944,1.0
8.1166,128.189543,37.928276,8685.347932800001,99.612,-22.018,77.105,1.0
8.1333,128.189576,37.928293,8684.014128,99.595,-22.096,77.266,1.0
8.15,128.189609,37.928309,8682.6757512,99.578,-22.174,77.427,1.0
8.1666,128.189643,37.928326,8681.3328024,99.56,-22.251,77.589,1.0
8.1833,128.189676,37.928342,8679.9849768,99.542,-22.329,77.751,1.0
8.2,128.18971,37.928358,8678.6325792,99.523,-22.407,77.913,1.0
8.2166,128.189744,37.928374,8677.275609600001,99.504,-22.484,78.075,1.0
8.2333,128.189777,37.928391,8675.9137632,99.484,-22.562,78.237,1.0
8.25,128.189811,37.928407,8674.547344800001,99.464,-22.639,78.4,1.0
8.2666,128.189845,37.928422,8673.1763544,99.443,-22.716,78.563,1.0
8.2833,128.189879,37.928438,8671.8004872,99.422,-22.793,78.726,1.0
8.3,128.189912,37.928454,8670.420048,99.4,-22.87,78.889,1.0
8.3166,128.189946,37.92847,8669.0350368,99.378,-22.947,79.053,1.0
8.3333,128.18998,37.928485,8667.6451488,99.356,-23.024,79.217,1.0
8.35,128.190014,37.928501,8666.2506888,99.333,-23.101,79.381,1.0
8.3666,128.190048,37.928516,8664.851352000001,99.309,-23.177,79.545,1.0
8.3833,128.190082,37.928532,8663.4474432,99.285,-23.254,79.709,1.0
8.4,128.190116,37.928547,8662.0389624,99.261,-23.33,79.874,1.0
8.4166,128.19015,37.928562,8660.625604800001,99.236,-23.406,80.039,1.0
8.4333,128.190184,37.928577,8659.2076752,99.211,-23.483,80.204,1.0
8.45,128.190219,37.928592,8657.785173600001,99.186,-23.559,80.37,1.0
8.4666,128.190253,37.928607,8656.3577952,99.159,-23.635,80.536,1.0
8.4833,128.190287,37.928622,8654.9258448,99.133,-23.711,80.702,1.0
8.5,128.190322,37.928637,8653.4890176,99.106,-23.786,80.868,1.0
8.5166,128.190356,37.928652,8652.0476184,99.079,-23.862,81.034,1.0
8.5333,128.19039,37.928666,8650.601647200001,99.051,-23.937,81.201,1.0
8.55,128.190425,37.928681,8649.1507992,99.023,-24.013,81.368,1.0
8.5666,128.190459,37.928695,8647.6950744,98.995,-24.088,81.535,1.0
8.5833,128.190494,37.92871,8646.2350824,98.966,-24.163,81.702,1.0
8.6,128.190528,37.928724,8644.7702136,98.937,-24.238,81.87,1.0
8.6166,128.190563,37.928738,8643.300468000001,98.907,-24.313,82.038,1.0
8.6333,128.190597,37.928752,8641.8261504,98.877,-24.388,82.206,1.0
8.65,128.190632,37.928766,8640.347260800001,98.847,-24.462,82.375,1.0
8.6666,128.190667,37.92878,8638.8634944,98.816,-24.537,82.543,1.0
8.6833,128.190701,37.928794,8637.375156,98.785,-24.611,82.712,1.0
8.7,128.190736,37.928808,8635.8822456,98.754,-24.685,82.881,1.0
8.7166,128.190771,37.928822,8634.3844584,98.722,-24.76,83.051,1.0
8.7333,128.190806,37.928835,8632.8817944,98.69,-24.834,83.22,1.0
8.75,128.190841,37.928849,8631.3748632,98.658,-24.907,83.39,1.0
8.7666,128.190876,37.928863,8629.8627504,98.625,-24.981,83.56,1.0
8.7833,128.190911,37.928876,8628.3463704,98.592,-25.055,83.73,1.0
8.8,128.190946,37.928889,8626.8251136,98.558,-25.128,83.901,1.0
8.8166,128.190981,37.928903,8625.29898,98.525,-25.201,84.072,1.0
8.8333,128.191016,37.928916,8623.768274400001,98.49,-25.275,84.243,1.0
8.85,128.191051,37.928929,8622.232996800001,98.456,-25.348,84.414,1.0
8.8666,128.191086,37.928942,8620.692842400002,98.421,-25.421,84.586,1.0
8.8833,128.191121,37.928955,8619.148116,98.385,-25.493,84.758,1.0
8.9,128.191156,37.928967,8617.598817600001,98.35,-25.566,84.93,1.0
8.9166,128.191191,37.92898,8616.0446424,98.314,-25.638,85.102,1.0
8.9333,128.191226,37.928993,8614.4858952,98.278,-25.711,85.275,1.0
8.95,128.191262,37.929005,8612.9222712,98.241,-25.783,85.448,1.0
8.9666,128.191297,37.929018,8611.3540752,98.204,-25.855,85.621,1.0
8.9833,128.191332,37.92903,8609.7810024,98.166,-25.927,85.794,1.0
9.0,128.191368,37.929043,8608.2036624,98.128,-25.998,85.968,1.0
9.0166,128.191403,37.929055,8606.6211408,98.09,-26.07,86.142,1.0
9.0333,128.191438,37.929067,8605.034352,98.052,-26.141,86.316,1.0
9.05,128.191474,37.929079,8603.4426864,98.013,-26.213,86.49,1.0
9.0666,128.191509,37.929091,8601.846144,97.973,-26.284,86.665,1.0
9.0833,128.191545,37.929103,8600.2453344,97.934,-26.355,86.84,1.0
9.1,128.19158,37.929115,8598.639648,97.894,-26.426,87.015,1.0
9.1166,128.191616,37.929126,8597.0290848,97.853,-26.496,87.19,1.0
9.1333,128.191652,37.929138,8595.4142544,97.812,-26.567,87.366,1.0
9.15,128.191687,37.929149,8593.794242400001,97.771,-26.637,87.542,1.0
9.1666,128.191723,37.929161,8592.1699632,97.729,-26.707,87.718,1.0
9.1833,128.191758,37.929172,8590.5408072,97.687,-26.777,87.895,1.0
9.2,128.191794,37.929184,8588.9070792,97.645,-26.847,88.072,1.0
9.2166,128.19183,37.929195,8587.268779200002,97.602,-26.917,88.249,1.0
9.2333,128.191866,37.929206,8585.6256024,97.559,-26.986,88.426,1.0
9.25,128.191901,37.929217,8583.9778536,97.515,-27.056,88.603,1.0
9.2666,128.191937,37.929228,8582.325532800001,97.471,-27.125,88.781,1.0
9.2833,128.191973,37.929239,8580.6683352,97.426,-27.194,88.959,1.0
9.3,128.192009,37.929249,8579.0065656,97.381,-27.263,89.138,1.0
9.3166,128.192045,37.92926,8577.340224000001,97.336,-27.331,89.316,1.0
9.3333,128.19208,37.929271,8575.6693104,97.29,-27.4,89.495,1.0
9.35,128.192116,37.929281,8573.99352,97.243,-27.468,89.674,1.0
9.3666,128.192152,37.929291,8572.3131576,97.197,-27.536,89.854,1.0
9.3833,128.192188,37.929302,8570.628223200001,97.149,-27.604,90.033,1.0
9.4,128.192224,37.929312,8568.938412,97.102,-27.672,90.213,1.0
9.4166,128.19226,37.929322,8567.244333600001,97.054,-27.74,90.393,1.0
9.4333,128.192296,37.929332,8565.5453784,97.005,-27.807,90.574,1.0
9.45,128.192332,37.929342,8563.8418512,96.956,-27.875,90.755,1.0
9.4666,128.192368,37.929352,8562.133752000002,96.907,-27.942,90.936,1.0
9.4833,128.192404,37.929362,8560.420776,96.857,-28.009,91.117,1.0
9.5,128.192441,37.929371,8558.7035328,96.807,-28.075,91.299,1.0
9.5166,128.192477,37.929381,8556.9814128,96.756,-28.142,91.48,1.0
9.5333,128.192513,37.92939,8555.2547208,96.705,-28.208,91.663,1.0
9.55,128.192549,37.9294,8553.523456800001,96.653,-28.274,91.845,1.0
9.5666,128.192585,37.929409,8551.7876208,96.601,-28.34,92.028,1.0
9.5833,128.192621,37.929418,8550.0472128,96.549,-28.406,92.211,1.0
9.6,128.192658,37.929428,8548.301928,96.496,-28.472,92.394,1.0
9.6166,128.192694,37.929437,8546.552376,96.443,-28.537,92.577,1.0
9.6333,128.19273,37.929446,8544.7979472,96.389,-28.602,92.761,1.0
9.65,128.192766,37.929454,8543.0392512,96.334,-28.667,92.945,1.0
9.6666,128.192803,37.929463,8541.275678400001,96.28,-28.732,93.13,1.0
9.6833,128.192839,37.929472,8539.5075336,96.224,-28.797,93.314,1.0
9.7,128.192875,37.929481,8537.7351216,96.169,-28.861,93.499,1.0
9.7166,128.192911,37.929489,8535.9578328,96.113,-28.925,93.684,1.0
9.7333,128.192948,37.929497,8534.175972000001,96.056,-28.989,93.87,1.0
9.75,128.192984,37.929506,8532.389844,95.999,-29.053,94.055,1.0
9.7666,128.193021,37.929514,8530.5988392,95.942,-29.117,94.241,1.0
9.7833,128.193057,37.929522,8528.8035672,95.884,-29.18,94.428,1.0
9.8,128.193093,37.92953,8527.0034184,95.826,-29.243,94.614,1.0
9.8166,128.19313,37.929538,8525.1990024,95.767,-29.306,94.801,1.0
9.8333,128.193166,37.929546,8523.3897096,95.708,-29.369,94.988,1.0
9.85,128.193203,37.929554,8521.5761496,95.648,-29.431,95.176,1.0
9.8666,128.193239,37.929561,8519.758017600001,95.588,-29.493,95.363,1.0
9.8833,128.193276,37.929569,8517.9353136,95.527,-29.556,95.551,1.0
9.9,128.193312,37.929577,8516.1080376,95.466,-29.617,95.74,1.0
9.9166,128.193349,37.929584,8514.276494400001,95.405,-29.679,95.928,1.0
9.9333,128.193385,37.929591,8512.440379200001,95.343,-29.74,96.117,1.0
9.95,128.193422,37.929598,8510.5993872,95.281,-29.802,96.306,1.0
9.9666,128.193458,37.929606,8508.7544328,95.218,-29.862,96.496,1.0
9.9833,128.193495,37.929613,8506.904601600001,95.155,-29.923,96.685,1.0
10.0,128.193531,37.92962,8505.0505032,95.092,-29.984,96.875,1.0
10.0166,128.193568,37.929626,8503.191528000001,95.028,-30.044,97.065,1.0
10.0333,128.193604,37.929633,8501.3285904,94.963,-30.104,97.256,1.0
10.05,128.193641,37.92964,8499.460776,94.899,-30.164,97.447,1.0
10.0666,128.193677,37.929646,8497.5886944,94.833,-30.223,97.638,1.0
10.0833,128.193714,37.929653,8495.7123456,94.768,-30.282,97.829,1.0
10.1,128.193751,37.929659,8493.83112,94.702,-30.341,98.021,1.0
10.1166,128.193787,37.929665,8491.9456272,94.635,-30.4,98.213,1.0
10.1333,128.193824,37.929672,8490.0558672,94.568,-30.458,98.405,1.0
10.15,128.19386,37.929678,8488.1615352,94.501,-30.517,98.598,1.0
10.1666,128.193897,37.929684,8486.262631200001,94.433,-30.575,98.79,1.0
10.1833,128.193934,37.92969,8484.359460000001,94.365,-30.632,98.984,1.0
10.2,128.19397,37.929695,8482.4520216,94.296,-30.69,99.177,1.0
10.2166,128.194007,37.929701,8480.5400112,94.227,-30.747,99.371,1.0
10.2333,128.194043,37.929707,8478.623428800001,94.158,-30.804,99.564,1.0
10.25,128.19408,37.929712,8476.702884,94.088,-30.86,99.759,1.0
10.2666,128.194117,37.929718,8474.7774624,94.017,-30.917,99.953,1.0
10.2833,128.194153,37.929723,8472.8480784,93.947,-30.973,100.148,1.0
10.3,128.19419,37.929728,8470.9141224,93.875,-31.029,100.343,1.0
10.3166,128.194227,37.929733,8468.9758992,93.804,-31.084,100.538,1.0
10.3333,128.194263,37.929738,8467.033104,93.732,-31.139,100.734,1.0
10.35,128.1943,37.929743,8465.086041600001,93.659,-31.194,100.93,1.0
10.3666,128.194337,37.929748,8463.134712,93.586,-31.249,101.126,1.0
10.3833,128.194373,37.929753,8461.1791152,93.513,-31.303,101.323,1.0
10.4,128.19441,37.929758,8459.2192512,93.439,-31.358,101.52,1.0
10.4166,128.194447,37.929762,8457.2548152,93.365,-31.412,101.717,1.0
10.4333,128.194483,37.929767,8455.286112,93.29,-31.465,101.914,1.0
10.45,128.19452,37.929771,8453.313141600001,93.215,-31.518,102.112,1.0
10.4666,128.194557,37.929775,8451.335904,93.14,-31.571,102.309,1.0
10.4833,128.194593,37.92978,8449.3543992,93.064,-31.624,102.508,1.0
10.5,128.19463,37.929784,8447.3686272,92.988,-31.677,102.706,1.0
10.5166,128.194667,37.929788,8445.378588000001,92.911,-31.729,102.905,1.0
10.5333,128.194703,37.929792,8443.3842816,92.834,-31.781,103.104,1.0
10.55,128.19474,37.929795,8441.385708,92.757,-31.832,103.303,1.0
10.5666,128.194777,37.929799,8439.3828672,92.679,-31.884,103.503,1.0
10.5833,128.194813,37.929803,8437.3757592,92.601,-31.935,103.703,1.0
10.6,128.19485,37.929806,8435.3646888,92.522,-31.985,103.903,1.0
10.6166,128.194886,37.92981,8433.3490464,92.443,-32.036,104.103,1.0
10.6333,128.194923,37.929813,8431.3294416,92.364,-32.086,104.304,1.0
10.65,128.19496,37.929816,8429.305569600001,92.285,-32.136,104.505,1.0
10.6666,128.194996,37.929819,8427.2774304,92.205,-32.185,104.706,1.0
10.6833,128.195033,37.929822,8425.245024,92.125,-32.234,104.908,1.0
10.7,128.19507,37.929825,8423.2086552,92.045,-32.283,105.109,1.0
10.7166,128.195106,37.929828,8421.1680192,91.964,-32.332,105.311,1.0
10.7333,128.195143,37.929831,8419.123116,91.884,-32.381,105.514,1.0
10.75,128.195179,37.929833,8417.0742504,91.803,-32.429,105.716,1.0
10.7666,128.195216,37.929836,8415.021422400001,91.721,-32.476,105.919,1.0
10.7833,128.195252,37.929838,8412.9640224,91.64,-32.524,106.122,1.0
10.8,128.195289,37.929841,8410.902964800001,91.558,-32.571,106.326,1.0
10.8166,128.195326,37.929843,8408.8373352,91.477,-32.618,106.529,1.0
10.8333,128.195362,37.929845,8406.768048,91.395,-32.665,106.733,1.0
10.85,128.195399,37.929847,8404.6944936,91.313,-32.711,106.937,1.0
10.8666,128.195435,37.929849,8402.616672,91.23,-32.757,107.142,1.0
10.8833,128.195472,37.929851,8400.5351928,91.148,-32.803,107.347,1.0
10.9,128.195508,37.929853,8398.4494464,91.065,-32.848,107.552,1.0
10.9166,128.195545,37.929854,8396.3594328,90.983,-32.893,107.757,1.0
10.9333,128.195581,37.929856,8394.2657616,90.9,-32.938,107.962,1.0
10.95,128.195618,37.929857,8392.167823200001,90.817,-32.983,108.168,1.0
10.9666,128.195654,37.929859,8390.065922400001,90.734,-33.027,108.374,1.0
10.9833,128.195691,37.92986,8387.9600592,90.651,-33.071,108.58,1.0
11.0,128.195727,37.929861,8385.8502336,90.568,-33.115,108.787,1.0
11.0166,128.195763,37.929862,8383.7361408,90.484,-33.158,108.994,1.0
11.0333,128.1958,37.929863,8381.6183904,90.401,-33.201,109.201,1.0
11.05,128.195836,37.929864,8379.4966776,90.318,-33.244,109.408,1.0
11.0666,128.195873,37.929865,8377.3710024,90.234,-33.286,109.615,1.0
11.0833,128.195909,37.929865,8375.24106,90.151,-33.329,109.823,1.0
11.1,128.195945,37.929866,8373.107460000001,90.067,-33.371,110.031,1.0
11.1166,128.195982,37.929866,8370.969897600002,89.983,-33.412,110.239,1.0
11.1333,128.196018,37.929867,8368.8283728,89.899,-33.453,110.448,1.0
11.15,128.196054,37.929867,8366.683190400001,89.815,-33.494,110.657,1.0
11.1666,128.196091,37.929867,8364.5337408,89.731,-33.535,110.866,1.0
11.1833,128.196127,37.929867,8362.380633600002,89.647,-33.576,111.075,1.0
11.2,128.196163,37.929867,8360.2238688,89.563,-33.616,111.284,1.0
11.2166,128.196199,37.929867,8358.0628368,89.479,-33.656,111.494,1.0
11.2333,128.196235,37.929867,8355.898147200001,89.394,-33.695,111.704,1.0
11.25,128.196272,37.929866,8353.729495200001,89.31,-33.734,111.914,1.0
11.2666,128.196308,37.929866,8351.5571856,89.225,-33.773,112.125,1.0
11.2833,128.196344,37.929865,8349.3812184,89.141,-33.812,112.335,1.0
11.3,128.19638,37.929865,8347.200984000001,89.056,-33.85,112.546,1.0
11.3166,128.196416,37.929864,8345.0173968,88.971,-33.888,112.757,1.0
11.3333,128.196452,37.929863,8342.8298472,88.886,-33.926,112.969,1.0
11.35,128.196488,37.929862,8340.6383352,88.8,-33.964,113.18,1.0
11.3666,128.196524,37.929861,8338.443470400001,88.715,-34.001,113.392,1.0
11.3833,128.19656,37.92986,8336.244338400002,88.629,-34.038,113.604,1.0
11.4,128.196596,37.929859,8334.0418536,88.543,-34.074,113.817,1.0
11.4166,128.196632,37.929858,8331.835711200001,88.458,-34.11,114.029,1.0
11.4333,128.196668,37.929856,8329.6256064,88.372,-34.146,114.242,1.0
11.45,128.196704,37.929855,8327.411844,88.285,-34.182,114.455,1.0
11.4666,128.19674,37.929853,8325.194424000001,88.199,-34.217,114.668,1.0
11.4833,128.196776,37.929851,8322.9733464,88.112,-34.252,114.881,1.0
11.5,128.196812,37.929849,8320.7486112,88.025,-34.287,115.095,1.0
11.5166,128.196848,37.929848,8318.5202184,87.938,-34.322,115.309,1.0
11.5333,128.196884,37.929846,8316.288168000001,87.851,-34.356,115.523,1.0
11.55,128.196919,37.929843,8314.05246,87.764,-34.39,115.737,1.0
11.5666,128.196955,37.929841,8311.8133992,87.676,-34.423,115.952,1.0
11.5833,128.196991,37.929839,8309.570376,87.588,-34.457,116.167,1.0
11.6,128.197027,37.929836,8307.324,87.5,-34.49,116.382,1.0
11.6166,128.197062,37.929834,8305.0739664,87.411,-34.522,116.597,1.0
11.6333,128.197098,37.929831,8302.8202752,87.323,-34.555,116.812,1.0
11.65,128.197133,37.929829,8300.5629264,87.234,-34.587,117.028,1.0
11.6666,128.197169,37.929826,8298.302224800002,87.145,-34.618,117.244,1.0
11.6833,128.197205,37.929823,8296.037865600001,87.056,-34.65,117.46,1.0
11.7,128.19724,37.92982,8293.7701536,86.966,-34.681,117.676,1.0
11.7166,128.197276,37.929817,8291.498784000001,86.876,-34.712,117.893,1.0
11.7333,128.197311,37.929813,8289.2240616,86.786,-34.742,118.109,1.0
11.75,128.197346,37.92981,8286.9456816,86.696,-34.773,118.326,1.0
11.7666,128.197382,37.929807,8284.6639488,86.606,-34.802,118.544,1.0
11.7833,128.197417,37.929803,8282.3788632,86.515,-34.832,118.761,1.0
11.8,128.197453,37.929799,8280.09012,86.424,-34.861,118.978,1.0
11.8166,128.197488,37.929796,8277.798024000002,86.333,-34.89,119.196,1.0
11.8333,128.197523,37.929792,8275.5025752,86.241,-34.919,119.414,1.0
11.85,128.197558,37.929788,8273.2034688,86.15,-34.947,119.632,1.0
11.8666,128.197594,37.929784,8270.9013144,86.058,-34.975,119.851,1.0
11.8833,128.197629,37.92978,8268.5955024,85.966,-35.003,120.069,1.0
11.9,128.197664,37.929776,8266.2863376,85.873,-35.03,120.288,1.0
11.9166,128.197699,37.929771,8263.974124800001,85.781,-35.058,120.507,1.0
11.9333,128.197734,37.929767,8261.658254400001,85.688,-35.084,120.726,1.0
11.95,128.197769,37.929762,8259.339336000001,85.595,-35.111,120.946,1.0
11.9666,128.197804,37.929758,8257.01676,85.502,-35.137,121.165,1.0
11.9833,128.197839,37.929753,8254.691136,85.408,-35.163,121.385,1.0
12.0,128.197874,37.929748,8252.3621592,85.315,-35.188,121.605,1.0
12.0166,128.197909,37.929743,8250.0298296,85.221,-35.213,121.825,1.0
12.0333,128.197944,37.929738,8247.694452000002,85.127,-35.238,122.045,1.0
12.05,128.197978,37.929733,8245.3557216,85.033,-35.263,122.266,1.0
12.0666,128.198013,37.929728,8243.013638400002,84.938,-35.287,122.486,1.0
12.0833,128.198048,37.929722,8240.6685072,84.844,-35.311,122.707,1.0
12.1,128.198082,37.929717,8238.3200232,84.749,-35.335,122.928,1.0
12.1166,128.198117,37.929711,8235.968186400001,84.654,-35.358,123.15,1.0
12.1333,128.198152,37.929706,8233.6136064,84.559,-35.381,123.371,1.0
12.15,128.198186,37.9297,8231.2556736,84.464,-35.403,123.593,1.0
12.1666,128.198221,37.929694,8228.894388,84.369,-35.426,123.814,1.0
12.1833,128.198255,37.929688,8226.5303592,84.273,-35.448,124.036,1.0
12.2,128.19829,37.929682,8224.1629776,84.178,-35.469,124.258,1.0
12.2166,128.198324,37.929676,8221.792548,84.082,-35.49,124.481,1.0
12.2333,128.198358,37.92967,8219.419070400001,83.986,-35.511,124.703,1.0
12.25,128.198393,37.929663,8217.04224,83.89,-35.532,124.926,1.0
12.2666,128.198427,37.929657,8214.6626664,83.794,-35.552,125.149,1.0
12.2833,128.198461,37.92965,8212.2800448,83.698,-35.572,125.371,1.0
12.3,128.198495,37.929644,8209.894070400002,83.601,-35.592,125.595,1.0
12.3166,128.198529,37.929637,8207.5053528,83.505,-35.611,125.818,1.0
12.3333,128.198563,37.92963,8205.113587200001,83.408,-35.63,126.041,1.0
12.35,128.198597,37.929623,8202.718773600001,83.311,-35.649,126.265,1.0
12.3666,128.198631,37.929616,8200.320912,83.214,-35.667,126.489,1.0
12.3833,128.198665,37.929609,8197.9203072,83.117,-35.685,126.713,1.0
12.4,128.198699,37.929602,8195.5166544,83.02,-35.703,126.937,1.0
12.4166,128.198733,37.929594,8193.1102584,82.923,-35.72,127.161,1.0
12.4333,128.198767,37.929587,8190.7005096,82.826,-35.737,127.385,1.0
12.45,128.198801,37.929579,8188.288322400001,82.728,-35.754,127.61,1.0
12.4666,128.198834,37.929572,8185.873087200001,82.631,-35.77,127.834,1.0
12.4833,128.198868,37.929564,8183.454804,82.533,-35.786,128.059,1.0
12.5,128.198901,37.929556,8181.033777600001,82.435,-35.802,128.284,1.0
12.5166,128.198935,37.929548,8178.610008000001,82.338,-35.817,128.509,1.0
12.5333,128.198968,37.92954,8176.1834952,82.24,-35.832,128.734,1.0
12.55,128.199002,37.929532,8173.7539344,82.142,-35.846,128.96,1.0
12.5666,128.199035,37.929524,8171.3216304,82.044,-35.861,129.185,1.0
12.5833,128.199069,37.929515,8168.886583200001,81.946,-35.875,129.411,1.0
12.6,128.199102,37.929507,8166.448792800001,81.848,-35.888,129.636,1.0
12.6166,128.199135,37.929498,8164.008259200001,81.749,-35.901,129.862,1.0
12.6333,128.199168,37.92949,8161.5649824,81.651,-35.914,130.088,1.0
12.65,128.199201,37.929481,8159.1189624,81.553,-35.927,130.314,1.0
12.6666,128.199234,37.929472,8156.670504000001,81.454,-35.939,130.541,1.0
12.6833,128.199267,37.929463,8154.218997600001,81.356,-35.951,130.767,1.0
12.7,128.1993,37.929454,8151.7650528,81.257,-35.963,130.994,1.0
12.7166,128.199333,37.929445,8149.308364800001,81.158,-35.974,131.22,1.0
12.7333,128.199366,37.929436,8146.848933600001,81.06,-35.985,131.447,1.0
12.75,128.199399,37.929426,8144.3870640000005,80.961,-35.995,131.674,1.0
12.7666,128.199432,37.929417,8141.922451200001,80.862,-36.005,131.901,1.0
12.7833,128.199464,37.929408,8139.455400000001,80.763,-36.015,132.128,1.0
12.8,128.199497,37.929398,8136.985605600001,80.664,-36.025,132.355,1.0
12.8166,128.199529,37.929388,8134.5133728,80.565,-36.034,132.582,1.0
12.8333,128.199562,37.929378,8132.0387016,80.466,-36.043,132.81,1.0
12.85,128.199594,37.929368,8129.561287200001,80.366,-36.051,133.037,1.0
12.8666,128.199627,37.929358,8127.0817392,80.267,-36.059,133.265,1.0
12.8833,128.199659,37.929348,8124.599448,80.168,-36.067,133.493,1.0
12.9,128.199691,37.929338,8122.1147184,80.069,-36.074,133.721,1.0
12.9166,128.199723,37.929328,8119.627245600001,79.969,-36.081,133.948,1.0
12.9333,128.199755,37.929317,8117.1376392,79.87,-36.088,134.176,1.0
12.95,128.199788,37.929307,8114.6455944,79.77,-36.095,134.405,1.0
12.9666,128.19982,37.929296,8112.151111200001,79.671,-36.101,134.633,1.0
12.9833,128.199851,37.929285,8109.6541896,79.571,-36.106,134.861,1.0
13.0,128.199883,37.929274,8107.1551344,79.471,-36.112,135.089,1.0
13.0166,128.199915,37.929264,8104.653336,79.372,-36.117,135.318,1.0
13.0333,128.199947,37.929253,8102.149404000001,79.272,-36.121,135.547,1.0
13.0499,128.199979,37.929241,8099.643338400001,79.172,-36.126,135.775,1.0
13.0666,128.20001,37.92923,8097.1345296,79.072,-36.13,136.004,1.0
13.0833,128.200042,37.929219,8094.6238920000005,78.972,-36.133,136.233,1.0
13.1,128.200073,37.929208,8092.110815999999,78.873,-36.136,136.462,1.0
13.1166,128.200105,37.929196,8089.595301600001,78.773,-36.139,136.691,1.0
13.1333,128.200136,37.929184,8087.0776536,78.673,-36.142,136.92,1.0
13.15,128.200167,37.929173,8084.557872,78.573,-36.144,137.149,1.0
13.1666,128.200198,37.929161,8082.035956800001,78.473,-36.146,137.378,1.0
13.1833,128.20023,37.929149,8079.5116032,78.373,-36.148,137.607,1.0
13.2,128.200261,37.929137,8076.9854208,78.273,-36.149,137.836,1.0
13.2166,128.200292,37.929125,8074.456800000001,78.173,-36.15,138.066,1.0
13.2333,128.200323,37.929113,8071.9260456,78.073,-36.15,138.295,1.0
13.25,128.200354,37.9291,8069.3934624,77.973,-36.15,138.525,1.0
13.2666,128.200384,37.929088,8066.858440800001,77.873,-36.15,138.754,1.0
13.2833,128.200415,37.929076,8064.3215904,77.772,-36.149,138.984,1.0
13.3,128.200446,37.929063,8061.782606400001,77.672,-36.148,139.214,1.0
13.3166,128.200476,37.92905,8059.2414888,77.572,-36.147,139.443,1.0
13.3333,128.200507,37.929038,8056.6982376000005,77.472,-36.145,139.673,1.0
13.35,128.200537,37.929025,8054.1531576,77.372,-36.143,139.903,1.0
13.3666,128.200568,37.929012,8051.6062488,77.272,-36.141,140.133,1.0
13.3833,128.200598,37.928999,8049.057206400001,77.171,-36.138,140.363,1.0
13.4,128.200628,37.928985,8046.5060304,77.071,-36.135,140.593,1.0
13.4166,128.200658,37.928972,8043.9533304,76.971,-36.132,140.823,1.0
13.4333,128.200688,37.928959,8041.3984968,76.871,-36.128,141.053,1.0
13.45,128.200718,37.928945,8038.8415296,76.771,-36.124,141.283,1.0
13.4666,128.200748,37.928932,8036.283038400001,76.67,-36.12,141.513,1.0
13.4833,128.200778,37.928918,8033.7224136,76.57,-36.115,141.743,1.0
13.5,128.200808,37.928905,8031.160264800001,76.47,-36.11,141.974,1.0
13.5166,128.200838,37.928891,8028.5959824,76.37,-36.104,142.204,1.0
13.5333,128.200867,37.928877,8026.0298712,76.27,-36.098,142.434,1.0
13.55,128.200897,37.928863,8023.462236,76.17,-36.092,142.664,1.0
13.5666,128.200926,37.928849,8020.892772,76.069,-36.086,142.895,1.0
13.5833,128.200956,37.928834,8018.321479200001,75.969,-36.079,143.125,1.0
13.6,128.200985,37.92882,8015.7483576,75.869,-36.071,143.355,1.0
13.6166,128.201014,37.928806,8013.173712,75.769,-36.064,143.586,1.0
13.6333,128.201043,37.928791,8010.597237600001,75.669,-36.056,143.816,1.0
13.65,128.201072,37.928777,8008.0189344,75.569,-36.048,144.047,1.0
13.6666,128.201101,37.928762,8005.4391072,75.469,-36.039,144.277,1.0
13.6833,128.20113,37.928747,8002.857756,75.369,-36.03,144.507,1.0
13.7,128.201159,37.928732,8000.274880800001,75.269,-36.02,144.738,1.0
13.7166,128.201188,37.928717,7997.690176800001,75.169,-36.011,144.968,1.0
13.7333,128.201217,37.928702,7995.1039488,75.069,-36.001,145.199,1.0
13.75,128.201245,37.928687,7992.516196800001,74.969,-35.99,145.429,1.0
13.7666,128.201274,37.928672,7989.926616,74.869,-35.979,145.66,1.0
13.7833,128.201302,37.928657,7987.335816,74.77,-35.968,145.89,1.0
13.8,128.20133,37.928641,7984.7434920000005,74.67,-35.957,146.121,1.0
13.8166,128.201359,37.928626,7982.149644,74.57,-35.945,146.351,1.0
13.8333,128.201387,37.92861,7979.554272,74.471,-35.933,146.582,1.0
13.85,128.201415,37.928594,7976.957376,74.371,-35.92,146.812,1.0
13.8666,128.201443,37.928579,7974.359260800001,74.271,-35.907,147.042,1.0
13.8833,128.201471,37.928563,7971.7596216,74.172,-35.894,147.273,1.0
13.9,128.201499,37.928547,7969.1584584,74.072,-35.88,147.503,1.0
13.9166,128.201526,37.928531,7966.556076,73.973,-35.866,147.734,1.0
13.9333,128.201554,37.928514,7963.952474400001,73.874,-35.852,147.964,1.0
13.95,128.201582,37.928498,7961.3473488,73.774,-35.837,148.194,1.0
13.9666,128.201609,37.928482,7958.741004,73.675,-35.822,148.425,1.0
13.9833,128.201637,37.928465,7956.1331352,73.576,-35.807,148.655,1.0
14.0,128.201664,37.928449,7953.524352000001,73.477,-35.791,148.885,1.0
14.0166,128.201691,37.928432,7950.9140448,73.378,-35.775,149.116,1.0
14.0333,128.201718,37.928416,7948.302518400001,73.279,-35.759,149.346,1.0
14.05,128.201745,37.928399,7945.6897728,73.18,-35.742,149.576,1.0
14.0666,128.201772,37.928382,7943.0758080000005,73.081,-35.725,149.806,1.0
14.0833,128.201799,37.928365,7940.460928800001,72.982,-35.707,150.036,1.0
14.1,128.201826,37.928348,7937.8445255999995,72.883,-35.689,150.266,1.0
14.1166,128.201852,37.928331,7935.227208,72.785,-35.671,150.496,1.0
14.1333,128.201879,37.928313,7932.6086712,72.686,-35.653,150.726,1.0
14.15,128.201906,37.928296,7929.989220000001,72.588,-35.634,150.956,1.0
14.1666,128.201932,37.928279,7927.368549600001,72.489,-35.615,151.186,1.0
14.1833,128.201958,37.928261,7924.746964800001,72.391,-35.595,151.416,1.0
14.2,128.201984,37.928243,7922.124160800001,72.293,-35.575,151.646,1.0
14.2166,128.202011,37.928226,7919.500442400001,72.195,-35.555,151.876,1.0
14.2333,128.202037,37.928208,7916.8755048,72.096,-35.534,152.106,1.0
14.25,128.202063,37.92819,7914.2499576,71.998,-35.513,152.335,1.0
14.2666,128.202088,37.928172,7911.6231912,71.901,-35.492,152.565,1.0
14.2833,128.202114,37.928154,7908.995510400001,71.803,-35.47,152.795,1.0
14.3,128.20214,37.928136,7906.366915200001,71.705,-35.448,153.024,1.0
14.3166,128.202165,37.928118,7903.737405600001,71.607,-35.426,153.254,1.0
14.3333,128.202191,37.928099,7901.107286400001,71.51,-35.403,153.483,1.0
14.35,128.202216,37.928081,7898.475948,71.413,-35.38,153.712,1.0
14.3666,128.202241,37.928062,7895.844,71.315,-35.356,153.942,1.0
14.3833,128.202267,37.928044,7893.2111376,71.218,-35.333,154.171,1.0
14.4,128.202292,37.928025,7890.577665600001,71.121,-35.309,154.4,1.0
14.4166,128.202317,37.928006,7887.943279200001,71.024,-35.284,154.629,1.0
14.4333,128.202341,37.927988,7885.307978400001,70.927,-35.259,154.858,1.0
14.45,128.202366,37.927969,7882.672068000001,70.83,-35.234,155.087,1.0
14.4666,128.202391,37.92795,7880.035548,70.734,-35.209,155.316,1.0
14.4833,128.202415,37.927931,7877.3984184,70.637,-35.183,155.544,1.0
14.5,128.20244,37.927911,7874.760374400001,70.54,-35.156,155.773,1.0
14.5166,128.202464,37.927892,7872.1217208,70.444,-35.13,156.002,1.0
14.5333,128.202488,37.927873,7869.4827624,70.348,-35.103,156.23,1.0
14.55,128.202513,37.927853,7866.8428896000005,70.252,-35.076,156.459,1.0
14.5666,128.202537,37.927834,7864.2024072,70.156,-35.048,156.687,1.0
14.5833,128.202561,37.927814,7861.56162,70.06,-35.02,156.915,1.0
14.6,128.202585,37.927794,7858.919918400001,69.964,-34.992,157.143,1.0
14.6166,128.202608,37.927775,7856.277912,69.869,-34.963,157.371,1.0
14.6333,128.202632,37.927755,7853.635296,69.773,-34.934,157.599,1.0
14.65,128.202655,37.927735,7850.9923751999995,69.678,-34.905,157.827,1.0
14.6666,128.202679,37.927715,7848.3488448,69.582,-34.875,158.055,1.0
14.6833,128.202702,37.927695,7845.7050096,69.487,-34.845,158.283,1.0
14.7,128.202725,37.927674,7843.060869600001,69.392,-34.815,158.51,1.0
14.7166,128.202749,37.927654,7840.416120000001,69.298,-34.784,158.738,1.0
14.7333,128.202772,37.927634,7837.771065600001,69.203,-34.753,158.965,1.0
14.75,128.202794,37.927613,7835.125401600001,69.108,-34.722,159.192,1.0
14.7666,128.202817,37.927593,7832.479737600001,69.014,-34.69,159.42,1.0
14.7833,128.20284,37.927572,7829.8337688,68.919,-34.658,159.647,1.0
14.8,128.202863,37.927551,7827.187495200001,68.825,-34.626,159.874,1.0
14.8166,128.202885,37.927531,7824.540612,68.731,-34.593,160.101,1.0
14.8333,128.202907,37.92751,7821.893728800001,68.637,-34.56,160.327,1.0
14.85,128.20293,37.927489,7819.246845600001,68.544,-34.527,160.554,1.0
14.8666,128.202952,37.927468,7816.5996576,68.45,-34.493,160.78,1.0
14.8833,128.202974,37.927447,7813.952164800001,68.357,-34.459,161.007,1.0
14.9,128.202996,37.927426,7811.3043672,68.263,-34.424,161.233,1.0
14.9166,128.203018,37.927404,7808.656569600001,68.17,-34.39,161.459,1.0
14.9333,128.203039,37.927383,7806.008772,68.077,-34.355,161.685,1.0
14.95,128.203061,37.927361,7803.3609744000005,67.984,-34.319,161.911,1.0
14.9666,128.203083,37.92734,7800.712872,67.892,-34.283,162.137,1.0
14.9833,128.203104,37.927318,7798.064769600001,67.799,-34.247,162.362,1.0
15.0,128.203125,37.927297,7795.4166672,67.707,-34.211,162.588,1.0
15.0166,128.203146,37.927275,7792.768564800001,67.614,-34.174,162.813,1.0
15.0333,128.203167,37.927253,7790.1204624,67.522,-34.137,163.039,1.0
15.05,128.203188,37.927231,7787.472360000001,67.43,-34.1,163.264,1.0
15.0666,128.203209,37.927209,7784.8242576,67.339,-34.062,163.489,1.0
15.0833,128.20323,37.927187,7782.176460000001,67.247,-34.024,163.714,1.0
15.1,128.20325,37.927165,7779.5286624,67.156,-33.985,163.938,1.0
15.1166,128.203271,37.927143,7776.8808648,67.064,-33.947,164.163,1.0
15.1333,128.203291,37.927121,7774.233372000001,66.973,-33.907,164.387,1.0
15.15,128.203312,37.927098,7771.586184000001,66.882,-33.868,164.612,1.0
15.1666,128.203332,37.927076,7768.938996000001,66.791,-33.828,164.836,1.0
15.1833,128.203352,37.927053,7766.291808,66.701,-33.788,165.06,1.0
15.2,128.203372,37.927031,7763.6452296,66.61,-33.748,165.284,1.0
15.2166,128.203391,37.927008,7760.9986512000005,66.52,-33.707,165.508,1.0
15.2333,128.203411,37.926985,7758.352682400001,66.43,-33.666,165.731,1.0
15.25,128.203431,37.926962,7755.7067136000005,66.34,-33.625,165.955,1.0
15.2666,128.20345,37.926939,7753.061354400001,66.25,-33.583,166.178,1.0
15.2833,128.203469,37.926916,7750.4159952,66.161,-33.541,166.401,1.0
15.3,128.203489,37.926893,7747.771245600001,66.071,-33.499,166.624,1.0
15.3166,128.203508,37.92687,7745.126800800001,65.982,-33.456,166.847,1.0
15.3333,128.203527,37.926847,7742.482965600001,65.893,-33.413,167.07,1.0
15.35,128.203546,37.926824,7739.8391304,65.804,-33.37,167.292,1.0
15.3666,128.203564,37.9268,7737.196209600001,65.715,-33.326,167.514,1.0
15.3833,128.203583,37.926777,7734.5535936,65.627,-33.282,167.737,1.0
15.4,128.203601,37.926753,7731.9115872,65.539,-33.238,167.959,1.0
15.4166,128.20362,37.92673,7729.269885600001,65.45,-33.193,168.181,1.0
15.4333,128.203638,37.926706,7726.6287936,65.362,-33.148,168.402,1.0
15.45,128.203656,37.926683,7723.988311200001,65.275,-33.103,168.624,1.0
15.4666,128.203674,37.926659,7721.348438400001,65.187,-33.057,168.845,1.0
15.4833,128.203692,37.926635,7718.7094799999995,65.1,-33.011,169.066,1.0
15.5,128.20371,37.926611,7716.0708264,65.012,-32.965,169.288,1.0
15.5166,128.203727,37.926587,7713.4327824,64.925,-32.919,169.508,1.0
15.5333,128.203745,37.926563,7710.7956527999995,64.838,-32.872,169.729,1.0
15.55,128.203762,37.926539,7708.1591328,64.752,-32.825,169.95,1.0
15.5666,128.20378,37.926514,7705.5232224,64.665,-32.777,170.17,1.0
15.5833,128.203797,37.92649,7702.8882264,64.579,-32.729,170.39,1.0
15.6,128.203814,37.926466,7700.2541448,64.493,-32.681,170.61,1.0
15.6166,128.203831,37.926441,7697.620672800001,64.407,-32.633,170.83,1.0
15.6333,128.203848,37.926417,7694.987810400001,64.321,-32.584,171.05,1.0
15.65,128.203864,37.926392,7692.3561672000005,64.235,-32.535,171.269,1.0
15.6666,128.203881,37.926368,7689.725133600001,64.15,-32.486,171.489,1.0
15.6833,128.203897,37.926343,7687.095319200001,64.065,-32.436,171.708,1.0
15.7,128.203913,37.926318,7684.4661144,63.98,-32.386,171.927,1.0
15.7166,128.20393,37.926293,7681.838128800001,63.895,-32.336,172.146,1.0
15.7333,128.203946,37.926269,7679.2107528,63.811,-32.285,172.364,1.0
15.75,128.203962,37.926244,7676.584596000001,63.726,-32.234,172.583,1.0
15.7666,128.203977,37.926219,7673.9593536,63.642,-32.183,172.801,1.0
15.7833,128.203993,37.926193,7671.3353304,63.558,-32.131,173.019,1.0
15.8,128.204008,37.926168,7668.7122216,63.474,-32.08,173.237,1.0
15.8166,128.204024,37.926143,7666.090027200001,63.391,-32.027,173.455,1.0
15.8333,128.204039,37.926118,7663.469356800001,63.308,-31.975,173.672,1.0
15.85,128.204054,37.926092,7660.849296,63.224,-31.922,173.89,1.0
15.8666,128.204069,37.926067,7658.230759200001,63.141,-31.869,174.107,1.0
15.8833,128.204084,37.926041,7655.6134416,63.059,-31.816,174.324,1.0
15.9,128.204099,37.926016,7652.997038400001,62.976,-31.762,174.54,1.0
15.9166,128.204114,37.92599,7650.3818544000005,62.894,-31.708,174.757,1.0
15.9333,128.204128,37.925965,7647.7678896,62.815,-31.655,174.974,1.0
15.95,128.204142,37.925939,7645.1548391999995,62.741,-31.601,175.191,1.0
15.9666,128.204157,37.925913,7642.5433128,62.67,-31.548,175.408,1.0
15.9833,128.204171,37.925887,7639.932700800001,62.604,-31.495,175.625,1.0
16.0,128.204185,37.925861,7637.323308,62.541,-31.442,175.842,1.0
16.0166,128.204199,37.925835,7634.7151344,62.482,-31.388,176.059,1.0
16.0333,128.204212,37.925809,7632.10818,62.428,-31.335,176.276,1.0
16.05,128.204226,37.925783,7629.5024448,62.38,-31.283,176.493,1.0
16.0666,128.204239,37.925757,7626.898233600001,62.337,-31.23,176.71,1.0
16.0833,128.204253,37.925731,7624.294936800001,62.299,-31.177,176.927,1.0
16.1,128.204266,37.925704,7621.693164,62.266,-31.124,177.144,1.0
16.1166,128.204279,37.925678,7619.092610400001,62.237,-31.072,177.361,1.0
16.1333,128.204292,37.925652,7616.4929712,62.215,-31.019,177.578,1.0
16.15,128.204305,37.925625,7613.895160800001,62.2,-30.967,177.795,1.0
16.1666,128.204318,37.925599,7611.298264800001,62.191,-30.916,178.012,1.0
16.1833,128.20433,37.925572,7608.702892800001,62.188,-30.864,178.229,1.0
16.2,128.204343,37.925545,7606.108740000001,62.19,-30.813,178.446,1.0
16.2166,128.204355,37.925519,7603.515806400001,62.197,-30.761,178.663,1.0
16.2333,128.204367,37.925492,7600.924701600001,62.209,-30.71,178.88,1.0
16.25,128.204379,37.925465,7598.334816,62.223,-30.659,179.097,1.0
16.2666,128.204391,37.925438,7595.7461496000005,62.241,-30.608,179.313,1.0
16.2833,128.204403,37.925411,7593.159312,62.261,-30.556,179.529,1.0
16.3,128.204415,37.925384,7590.5736936,62.283,-30.505,179.745,1.0
16.3166,128.204426,37.925357,7587.9895992,62.308,-30.454,179.961,1.0
16.3333,128.204438,37.92533,7585.407333600001,62.333,-30.403,180.177,1.0
16.35,128.204449,37.925303,7582.8262872000005,62.357,-30.352,180.393,1.0
16.3666,128.20446,37.925276,7580.247069600001,62.382,-30.301,180.608,1.0
16.3833,128.204471,37.925249,7577.6690712,62.406,-30.25,180.824,1.0
16.4,128.204482,37.925221,7575.092901600001,62.43,-30.2,181.039,1.0
16.4166,128.204492,37.925194,7572.518256,62.454,-30.149,181.255,1.0
16.4333,128.204503,37.925167,7569.9451344,62.475,-30.098,181.47,1.0
16.45,128.204513,37.925139,7567.373841600001,62.494,-30.048,181.686,1.0
16.4666,128.204524,37.925112,7564.8040728000005,62.51,-29.997,181.901,1.0
16.4833,128.204534,37.925084,7562.236132800001,62.525,-29.947,182.116,1.0
16.5,128.204544,37.925057,7559.6697168,62.537,-29.896,182.332,1.0
16.5166,128.204554,37.925029,7557.104824800001,62.547,-29.846,182.547,1.0
16.5333,128.204563,37.925001,7554.5417615999995,62.554,-29.796,182.763,1.0
16.55,128.204573,37.924973,7551.9805272,62.557,-29.746,182.979,1.0
16.5666,128.204582,37.924946,7549.4208168000005,62.558,-29.695,183.194,1.0
16.5833,128.204592,37.924918,7546.8629352,62.555,-29.645,183.41,1.0
16.6,128.204601,37.92489,7544.3068824,62.549,-29.595,183.626,1.0
16.6166,128.20461,37.924862,7541.7523536,62.54,-29.545,183.842,1.0
16.6333,128.204619,37.924834,7539.199653600001,62.528,-29.495,184.058,1.0
16.65,128.204627,37.924806,7536.6487824000005,62.512,-29.445,184.274,1.0
16.6666,128.204636,37.924778,7534.099740000001,62.493,-29.395,184.49,1.0
16.6833,128.204644,37.92475,7531.5525264,62.471,-29.345,184.707,1.0
16.7,128.204653,37.924721,7529.0068368,62.446,-29.295,184.923,1.0
16.7166,128.204661,37.924693,7526.463280800001,62.418,-29.245,185.139,1.0
16.7333,128.204669,37.924665,7523.9212488,62.387,-29.194,185.356,1.0
16.75,128.204677,37.924637,7521.381350400001,62.352,-29.144,185.572,1.0
16.7666,128.204684,37.924608,7518.8432808,62.315,-29.093,185.789,1.0
16.7833,128.204692,37.92458,7516.307040000001,62.275,-29.043,186.005,1.0
16.8,128.204699,37.924551,7513.772628000001,62.232,-28.992,186.222,1.0
16.8166,128.204707,37.924523,7511.2400448,62.187,-28.941,186.438,1.0
16.8333,128.204714,37.924494,7508.7095952,62.14,-28.89,186.655,1.0
16.85,128.204721,37.924466,7506.180974400001,62.089,-28.839,186.871,1.0
16.8666,128.204728,37.924437,7503.6544872,62.037,-28.788,187.088,1.0
16.8833,128.204734,37.924409,7501.129828800001,61.982,-28.736,187.304,1.0
16.9,128.204741,37.92438,7498.607304,61.925,-28.684,187.52,1.0
16.9166,128.204747,37.924351,7496.0866080000005,61.867,-28.632,187.737,1.0
16.9333,128.204753,37.924322,7493.5677408,61.806,-28.58,187.953,1.0
16.95,128.20476,37.924294,7491.051312,61.743,-28.527,188.169,1.0
16.9666,128.204766,37.924265,7488.536712,61.679,-28.474,188.385,1.0
16.9833,128.204771,37.924236,7486.0242456000005,61.613,-28.421,188.6,1.0
17.0,128.204777,37.924207,7483.5139128,61.546,-28.367,188.816,1.0
17.0166,128.204782,37.924178,7481.0057136000005,61.477,-28.314,189.032,1.0
17.0333,128.204788,37.924149,7478.499648,61.407,-28.26,189.247,1.0
17.05,128.204793,37.92412,7475.995715999999,61.336,-28.205,189.462,1.0
17.0666,128.204798,37.924091,7473.4939176,61.263,-28.15,189.677,1.0
17.0833,128.204803,37.924062,7470.9942528,61.189,-28.095,189.892,1.0
17.1,128.204808,37.924033,7468.4967216000005,61.115,-28.04,190.106,1.0
17.1166,128.204812,37.924003,7466.001628800001,61.039,-27.984,190.321,1.0
17.1333,128.204817,37.923974,7463.508669600001,60.965,-27.928,190.535,1.0
17.15,128.204821,37.923945,7461.017844,60.893,-27.872,190.75,1.0
17.1666,128.204825,37.923916,7458.529152000001,60.822,-27.817,190.964,1.0
17.1833,128.204829,37.923886,7456.0428984,60.752,-27.76,191.178,1.0
17.2,128.204833,37.923857,7453.558778400001,60.685,-27.704,191.393,1.0
17.2166,128.204837,37.923828,7451.076792000001,60.619,-27.648,191.607,1.0
17.2333,128.204841,37.923798,7448.5975488,60.555,-27.591,191.82,1.0
17.25,128.204844,37.923769,7446.1201344,60.492,-27.534,192.034,1.0
17.2666,128.204847,37.923739,7443.6454632,60.431,-27.477,192.248,1.0
17.2833,128.20485,37.92371,7441.1729256,60.371,-27.419,192.461,1.0
17.3,128.204853,37.92368,7438.7031312,60.313,-27.361,192.674,1.0
17.3166,128.204856,37.923651,7436.235470400001,60.256,-27.303,192.886,1.0
17.3333,128.204859,37.923621,7433.770248,60.2,-27.245,193.098,1.0
17.35,128.204861,37.923591,7431.307464,60.145,-27.186,193.311,1.0
17.3666,128.204864,37.923562,7428.847423200001,60.091,-27.126,193.522,1.0
17.3833,128.204866,37.923532,7426.3898208,60.037,-27.067,193.734,1.0
17.4,128.204868,37.923502,7423.934656800001,59.984,-27.007,193.945,1.0
17.4166,128.20487,37.923473,7421.4819312,59.932,-26.947,194.156,1.0
17.4333,128.204872,37.923443,7419.0319488000005,59.88,-26.886,194.367,1.0
17.45,128.204874,37.923413,7416.584709600001,59.828,-26.826,194.577,1.0
17.4666,128.204875,37.923383,7414.139908800001,59.775,-26.764,194.787,1.0
17.4833,128.204876,37.923353,7411.6978512000005,59.723,-26.703,194.997,1.0
17.5,128.204878,37.923323,7409.258536800001,59.671,-26.641,195.206,1.0
17.5166,128.204879,37.923293,7406.821965600001,59.618,-26.579,195.416,1.0
17.5333,128.204879,37.923264,7404.388137600001,59.564,-26.517,195.624,1.0
17.55,128.20488,37.923234,7401.9570528,59.506,-26.453,195.833,1.0
17.5666,128.204881,37.923204,7399.5287112000005,59.447,-26.389,196.041,1.0
17.5833,128.204881,37.923174,7397.1034176,59.385,-26.325,196.248,1.0
17.6,128.204881,37.923144,7394.6811720000005,59.321,-26.26,196.456,1.0
17.6166,128.204881,37.923114,7392.261364800001,59.255,-26.195,196.663,1.0
17.6333,128.204881,37.923083,7389.8446056,59.187,-26.13,196.869,1.0
17.65,128.204881,37.923053,7387.4308944,59.117,-26.064,197.076,1.0
17.6666,128.204881,37.923023,7385.0199264,59.046,-25.998,197.282,1.0
17.6833,128.20488,37.922993,7382.612006400001,58.974,-25.931,197.489,1.0
17.7,128.20488,37.922963,7380.2071344,58.9,-25.865,197.695,1.0
17.7166,128.204879,37.922933,7377.8050056,58.826,-25.798,197.901,1.0
17.7333,128.204878,37.922903,7375.405924800001,58.75,-25.73,198.106,1.0
17.75,128.204877,37.922872,7373.009892000001,58.675,-25.663,198.312,1.0
17.7666,128.204875,37.922842,7370.6169072,58.599,-25.595,198.517,1.0
17.7833,128.204874,37.922812,7368.226970400001,58.523,-25.527,198.723,1.0
17.8,128.204872,37.922782,7365.8400816,58.447,-25.459,198.928,1.0
17.8166,128.204871,37.922751,7363.4565456,58.371,-25.39,199.133,1.0
17.8333,128.204869,37.922721,7361.0757528,58.296,-25.322,199.337,1.0
17.85,128.204867,37.922691,7358.6983128,58.222,-25.252,199.542,1.0
17.8666,128.204864,37.92266,7356.323616,58.148,-25.183,199.746,1.0
17.8833,128.204862,37.92263,7353.9525768,58.075,-25.114,199.95,1.0
17.9,128.20486,37.9226,7351.5842808,58.002,-25.044,200.154,1.0
17.9166,128.204857,37.922569,7349.2196424,57.931,-24.973,200.358,1.0
17.9333,128.204854,37.922539,7346.8580520000005,57.861,-24.903,200.561,1.0
17.95,128.204851,37.922508,7344.4995096,57.792,-24.832,200.765,1.0
17.9666,128.204848,37.922478,7342.144320000001,57.725,-24.761,200.968,1.0
17.9833,128.204845,37.922447,7339.792483200001,57.66,-24.69,201.17,1.0
18.0,128.204841,37.922417,7337.4439992,57.596,-24.619,201.373,1.0
18.0166,128.204838,37.922387,7335.0985632,57.533,-24.547,201.575,1.0
18.0333,128.204834,37.922356,7332.7567848,57.472,-24.475,201.777,1.0
18.05,128.20483,37.922326,7330.4180544,57.413,-24.403,201.979,1.0
18.0666,128.204826,37.922295,7328.0829816000005,57.356,-24.331,202.181,1.0
18.0833,128.204822,37.922265,7325.751261599999,57.301,-24.258,202.382,1.0
18.1,128.204817,37.922234,7323.4228944,57.248,-24.185,202.584,1.0
18.1166,128.204813,37.922203,7321.09788,57.196,-24.113,202.785,1.0
18.1333,128.204808,37.922173,7318.7762184,57.148,-24.04,202.985,1.0
18.15,128.204803,37.922142,7316.457909600001,57.102,-23.967,203.186,1.0
18.1666,128.204798,37.922112,7314.1432584,57.06,-23.893,203.387,1.0
18.1833,128.204793,37.922081,7311.83196,57.02,-23.82,203.587,1.0
18.2,128.204788,37.922051,7309.524319200001,56.983,-23.747,203.788,1.0
18.2166,128.204783,37.92202,7307.2200312,56.948,-23.674,203.988,1.0
18.2333,128.204777,37.921989,7304.9190960000005,56.92,-23.601,204.188,1.0
18.25,128.204771,37.921959,7302.6215136,56.897,-23.528,204.389,1.0
18.2666,128.204766,37.921928,7300.3275888,56.879,-23.455,204.589,1.0
18.2833,128.20476,37.921898,7298.0370168,56.867,-23.383,204.79,1.0
18.3,128.204753,37.921867,7295.749797600001,56.86,-23.311,204.99,1.0
18.3166,128.204747,37.921836,7293.466236,56.857,-23.239,205.191,1.0
18.3333,128.204741,37.921806,7291.185417600001,56.866,-23.168,205.392,1.0
18.35,128.204734,37.921775,7288.908256800001,56.885,-23.097,205.593,1.0
18.3666,128.204727,37.921744,7286.6344488,56.915,-23.028,205.795,1.0
18.3833,128.20472,37.921714,7284.3636888,56.954,-22.959,205.997,1.0
18.4,128.204713,37.921683,7282.0965864,57.003,-22.89,206.199,1.0
18.4166,128.204706,37.921652,7279.8328368,57.061,-22.822,206.402,1.0
18.4333,128.204699,37.921622,7277.5718304,57.137,-22.756,206.605,1.0
18.45,128.204691,37.921591,7275.3135672,57.232,-22.691,206.809,1.0
18.4666,128.204684,37.92156,7273.058656800001,57.345,-22.628,207.014,1.0
18.4833,128.204676,37.92153,7270.8067944,57.474,-22.566,207.22,1.0
18.5,128.204668,37.921499,7268.5576752,57.62,-22.504,207.426,1.0
18.5166,128.20466,37.921468,7266.3119088,57.779,-22.444,207.632,1.0
18.5333,128.204652,37.921438,7264.0685808,57.965,-22.386,207.839,1.0
18.55,128.204644,37.921407,7261.827996000001,58.174,-22.33,208.047,1.0
18.5666,128.204635,37.921376,7259.5898496,58.407,-22.275,208.256,1.0
18.5833,128.204627,37.921346,7257.3547512000005,58.662,-22.223,208.466,1.0
18.6,128.204618,37.921315,7255.122091200001,58.937,-22.171,208.676,1.0
18.6166,128.204609,37.921284,7252.892174400001,59.23,-22.121,208.887,1.0
18.6333,128.2046,37.921254,7250.665000800001,59.544,-22.073,209.098,1.0
18.65,128.204591,37.921223,7248.440265600001,59.876,-22.027,209.309,1.0
18.6666,128.204582,37.921192,7246.217968800001,60.227,-21.982,209.521,1.0
18.6833,128.204573,37.921162,7243.998415200001,60.593,-21.94,209.734,1.0
18.7,128.204563,37.921131,7241.7816048,60.973,-21.899,209.947,1.0
18.7166,128.204553,37.921101,7239.567232800001,61.366,-21.859,210.16,1.0
18.7333,128.204544,37.92107,7237.355604,61.768,-21.822,210.374,1.0
18.75,128.204534,37.921039,7235.1467184,62.178,-21.786,210.588,1.0
18.7666,128.204523,37.921009,7232.9402712,62.593,-21.751,210.802,1.0
18.7833,128.204513,37.920978,7230.7362624,63.014,-21.719,211.017,1.0
18.8,128.204503,37.920948,7228.534692,63.439,-21.689,211.233,1.0
18.8166,128.204492,37.920917,7226.3358648,63.868,-21.661,211.449,1.0
18.8333,128.204482,37.920887,7224.139476,64.291,-21.634,211.666,1.0
18.85,128.204471,37.920856,7221.9458304,64.708,-21.609,211.883,1.0
18.8666,128.20446,37.920826,7219.7546232,65.119,-21.585,212.1,1.0
18.8833,128.204449,37.920795,7217.565854400001,65.523,-21.563,212.318,1.0
18.9,128.204437,37.920765,7215.379219200001,65.92,-21.544,212.537,1.0
18.9166,128.204426,37.920734,7213.1950224,66.311,-21.526,212.758,1.0
18.9333,128.204414,37.920704,7211.013568800001,66.686,-21.51,212.978,1.0
18.95,128.204402,37.920673,7208.8342488,67.045,-21.495,213.2,1.0
18.9666,128.20439,37.920643,7206.6573672,67.389,-21.481,213.422,1.0
18.9833,128.204378,37.920613,7204.482619200001,67.718,-21.47,213.645,1.0
19.0,128.204366,37.920582,7202.310004800001,68.033,-21.46,213.869,1.0
19.0166,128.204354,37.920552,7200.139524000001,68.336,-21.452,214.095,1.0
19.0333,128.204341,37.920522,7197.971176800001,68.618,-21.445,214.321,1.0
19.05,128.204328,37.920491,7195.805268,68.88,-21.44,214.548,1.0
19.0666,128.204315,37.920461,7193.6411880000005,69.125,-21.436,214.777,1.0
19.0833,128.204302,37.920431,7191.4789368,69.352,-21.433,215.006,1.0
19.1,128.204289,37.920401,7189.318514400001,69.564,-21.432,215.236,1.0
19.1166,128.204276,37.920371,7187.1602256,69.76,-21.432,215.468,1.0
19.1333,128.204262,37.920341,7185.004070400001,69.938,-21.433,215.7,1.0
19.15,128.204248,37.920311,7182.8494392,70.099,-21.435,215.933,1.0
19.1666,128.204235,37.92028,7180.6966368,70.242,-21.438,216.167,1.0
19.1833,128.20422,37.920251,7178.545358400001,70.371,-21.442,216.402,1.0
19.2,128.204206,37.920221,7176.3962136,70.486,-21.447,216.638,1.0
19.2166,128.204192,37.920191,7174.248288000001,70.588,-21.452,216.874,1.0
19.2333,128.204177,37.920161,7172.102191200001,70.675,-21.459,217.111,1.0
19.25,128.204163,37.920131,7169.957923200001,70.748,-21.465,217.349,1.0
19.2666,128.204148,37.920101,7167.815179200001,70.809,-21.472,217.587,1.0
19.2833,128.204133,37.920071,7165.6739592,70.857,-21.479,217.826,1.0
19.3,128.204118,37.920042,7163.5339584,70.895,-21.487,218.066,1.0
19.3166,128.204102,37.920012,7161.3957864,70.924,-21.495,218.306,1.0
19.3333,128.204087,37.919982,7159.259138400001,70.941,-21.503,218.546,1.0
19.35,128.204071,37.919953,7157.1240144,70.948,-21.511,218.786,1.0
19.3666,128.204056,37.919923,7154.9904144,70.946,-21.518,219.027,1.0
19.3833,128.20404,37.919893,7152.858338400001,70.935,-21.525,219.267,1.0
19.4,128.204023,37.919864,7150.7274816,70.917,-21.533,219.508,1.0
19.4166,128.204007,37.919834,7148.5981488,70.891,-21.54,219.749,1.0
19.4333,128.203991,37.919805,7146.470644800001,70.858,-21.546,219.99,1.0
19.45,128.203974,37.919776,7144.344360000001,70.817,-21.552,220.231,1.0
19.4666,128.203957,37.919746,7142.2195992,70.77,-21.557,220.471,1.0
19.4833,128.203941,37.919717,7140.0960576,70.717,-21.562,220.712,1.0
19.5,128.203924,37.919688,7137.9743448,70.658,-21.566,220.952,1.0
19.5166,128.203906,37.919659,7135.8538512000005,70.595,-21.57,221.192,1.0
19.5333,128.203889,37.919629,7133.7351864,70.525,-21.573,221.431,1.0
19.55,128.203872,37.9196,7131.6177408,70.451,-21.574,221.67,1.0
19.5666,128.203854,37.919571,7129.502124000001,70.371,-21.575,221.909,1.0
19.5833,128.203836,37.919542,7127.3877264,70.287,-21.575,222.148,1.0
19.6,128.203818,37.919513,7125.2748528,70.199,-21.575,222.386,1.0
19.6166,128.2038,37.919484,7123.163808,70.108,-21.573,222.623,1.0
19.6333,128.203782,37.919456,7121.0542872000005,70.012,-21.57,222.861,1.0
19.65,128.203763,37.919427,7118.9462904,69.912,-21.566,223.097,1.0
19.6666,128.203745,37.919398,7116.8398176,69.808,-21.561,223.333,1.0
19.6833,128.203726,37.919369,7114.7348688,69.701,-21.555,223.569,1.0
19.7,128.203707,37.919341,7112.6317488,69.592,-21.548,223.804,1.0
19.7166,128.203688,37.919312,7110.5304576,69.479,-21.54,224.038,1.0
19.7333,128.203669,37.919283,7108.4306904000005,69.364,-21.53,224.272,1.0
19.75,128.203649,37.919255,7106.3324472,69.247,-21.52,224.506,1.0
19.7666,128.20363,37.919227,7104.2360328,69.127,-21.508,224.739,1.0
19.7833,128.20361,37.919198,7102.141447200001,69.006,-21.495,224.971,1.0
19.8,128.20359,37.91917,7100.0483856,68.882,-21.481,225.203,1.0
19.8166,128.20357,37.919141,7097.9574575999995,68.758,-21.465,225.434,1.0
19.8333,128.20355,37.919113,7095.8680536,68.63,-21.448,225.665,1.0
19.85,128.20353,37.919085,7093.780783200001,68.501,-21.43,225.894,1.0
19.8666,128.203509,37.919057,7091.695341600001,68.368,-21.41,226.123,1.0
19.8833,128.203489,37.919029,7089.6117288000005,68.234,-21.389,226.352,1.0
19.9,128.203468,37.919001,7087.5299448000005,68.098,-21.367,226.58,1.0
19.9166,128.203447,37.918973,7085.4502944000005,67.96,-21.343,226.807,1.0
19.9333,128.203426,37.918945,7083.3727776000005,67.815,-21.315,227.032,1.0
19.95,128.203405,37.918917,7081.2973944000005,67.662,-21.284,227.256,1.0
19.9666,128.203384,37.918889,7079.2244496,67.502,-21.249,227.478,1.0
19.9833,128.203362,37.918862,7077.153638400001,67.335,-21.211,227.699,1.0
20.0,128.20334,37.918834,7075.085265600001,67.159,-21.171,227.919,1.0
20.0166,128.203319,37.918806,7073.0190264,66.976,-21.128,228.137,1.0
20.0333,128.203297,37.918779,7070.9555304,66.747,-21.077,228.352,1.0
20.05,128.203274,37.918751,7068.8947776,66.473,-21.017,228.563,1.0
20.0666,128.203252,37.918724,7066.8370728,66.155,-20.951,228.771,1.0
20.0833,128.20323,37.918697,7064.7830256,65.793,-20.879,228.976,1.0
20.1,128.203207,37.91867,7062.732636000001,65.39,-20.802,229.18,1.0
20.1166,128.203184,37.918642,7060.685904,64.948,-20.723,229.381,1.0
20.1333,128.203161,37.918615,7058.6434392,64.46,-20.641,229.572,1.0
20.15,128.203138,37.918588,7056.605546400001,63.93,-20.563,229.744,1.0
20.1666,128.203114,37.918561,7054.5719208,63.362,-20.491,229.889,1.0
20.1833,128.203091,37.918535,7052.5425624,62.757,-20.43,230.003,1.0
20.2,128.203067,37.918508,7050.5180808000005,62.116,-20.377,230.089,1.0
20.2166,128.203043,37.918481,7048.4978664,61.436,-20.332,230.152,1.0
20.2333,128.203019,37.918455,7046.482528800001,60.717,-20.292,230.199,1.0
20.25,128.202995,37.918428,7044.472068,59.959,-20.256,230.232,1.0
20.2666,128.20297,37.918402,7042.466788799999,59.161,-20.221,230.255,1.0
20.2833,128.202946,37.918375,7040.4663864,58.324,-20.188,230.269,1.0
20.3,128.202921,37.918349,7038.471165600001,57.447,-20.155,230.277,1.0
20.3166,128.202896,37.918323,7036.4811264,56.532,-20.122,230.28,1.0
20.3333,128.202871,37.918296,7034.4965736,55.581,-20.094,230.269,1.0
20.35,128.202846,37.91827,7032.5175072,54.597,-20.072,230.244,1.0
20.3666,128.202821,37.918244,7030.5439272,53.579,-20.054,230.207,1.0
20.3833,128.202795,37.918218,7028.576138400001,52.527,-20.041,230.16,1.0
20.4,128.202769,37.918192,7026.6141408,51.443,-20.029,230.106,1.0
20.4166,128.202744,37.918166,7024.6579344,50.326,-20.02,230.044,1.0
20.4333,128.202718,37.91814,7022.708128800001,49.176,-20.014,229.976,1.0
20.45,128.202692,37.918114,7020.764114400001,47.995,-20.01,229.901,1.0
20.4666,128.202665,37.918089,7018.826196000001,46.782,-20.007,229.821,1.0
20.4833,128.202639,37.918063,7016.894678400001,45.537,-20.006,229.737,1.0
20.5,128.202613,37.918037,7014.9695616,44.261,-20.005,229.648,1.0
20.5166,128.202586,37.918011,7013.050845600001,42.954,-20.006,229.556,1.0
20.5333,128.202559,37.917986,7011.1382256,41.725,-20.019,229.47,1.0
20.55,128.202532,37.91796,7009.231092000001,40.574,-20.044,229.391,1.0
20.5666,128.202505,37.917935,7007.32914,39.501,-20.078,229.317,1.0
20.5833,128.202478,37.917909,7005.4320648,38.51,-20.12,229.246,1.0
20.6,128.202451,37.917884,7003.5395616,37.601,-20.167,229.178,1.0
20.6166,128.202424,37.917858,7001.6510208,36.773,-20.217,229.111,1.0
20.6333,128.202397,37.917832,6999.765832800001,36.024,-20.272,229.047,1.0
20.65,128.202369,37.917807,6997.883997600001,35.353,-20.329,228.984,1.0
20.6666,128.202342,37.917781,6996.004600800001,34.757,-20.388,228.922,1.0
20.6833,128.202314,37.917756,6994.127642400001,34.23,-20.447,228.861,1.0
20.7,128.202286,37.91773,6992.2525128,33.766,-20.507,228.798,1.0
20.7166,128.202259,37.917705,6990.3789072,33.36,-20.567,228.735,1.0
20.7333,128.202231,37.91768,6988.506216,33.017,-20.627,228.678,1.0
20.75,128.202203,37.917654,6986.6341344,32.735,-20.689,228.626,1.0
20.7666,128.202175,37.917629,6984.7623576,32.514,-20.751,228.579,1.0
20.7833,128.202147,37.917603,6982.8899712,32.354,-20.814,228.536,1.0
20.8,128.202119,37.917578,6981.0169752,32.255,-20.877,228.495,1.0
20.8166,128.202091,37.917552,6979.142455200001,32.216,-20.94,228.456,1.0
20.8333,128.202063,37.917527,6977.2676304,32.234,-21.002,228.421,1.0
20.85,128.202035,37.917501,6975.391891200001,32.31,-21.064,228.389,1.0
20.8666,128.202007,37.917476,6973.514932800001,32.442,-21.126,228.359,1.0
20.8833,128.201979,37.91745,6971.637060000001,32.629,-21.187,228.33,1.0
20.9,128.20195,37.917425,6969.757968,32.871,-21.248,228.303,1.0
20.9166,128.201922,37.917399,6967.877656800001,33.167,-21.309,228.277,1.0
20.9333,128.201894,37.917373,6965.9961264,33.515,-21.369,228.252,1.0
20.95,128.201865,37.917348,6964.113681600001,33.914,-21.429,228.229,1.0
20.9666,128.201837,37.917322,6962.2297128,34.364,-21.489,228.207,1.0
20.9833,128.201808,37.917297,6960.344220000001,34.863,-21.549,228.186,1.0
21.0,128.20178,37.917271,6958.457508,35.412,-21.609,228.165,1.0
21.0166,128.201751,37.917246,6956.569272,36.008,-21.669,228.145,1.0
21.0333,128.201722,37.91722,6954.6798168,36.651,-21.728,228.126,1.0
21.05,128.201694,37.917195,6952.7885328,37.341,-21.788,228.107,1.0
21.0666,128.201665,37.917169,6950.8960296,38.076,-21.847,228.09,1.0
21.0833,128.201636,37.917144,6949.001697600001,38.856,-21.907,228.073,1.0
21.1,128.201607,37.917118,6947.105536800001,39.68,-21.967,228.056,1.0
21.1166,128.201579,37.917092,6945.2078520000005,40.547,-22.027,228.04,1.0
21.1333,128.20155,37.917067,6943.3086432,41.458,-22.087,228.024,1.0
21.15,128.201521,37.917041,6941.4073008000005,42.411,-22.146,228.01,1.0
21.1666,128.201492,37.917016,6939.5044344,43.405,-22.206,227.997,1.0
21.1833,128.201463,37.91699,6937.5997392,44.441,-22.266,227.984,1.0
21.2,128.201434,37.916965,6935.692910400001,45.518,-22.327,227.971,1.0
21.2166,128.201404,37.916939,6933.783948,46.635,-22.388,227.959,1.0
21.2333,128.201375,37.916913,6931.873156800001,47.793,-22.449,227.948,1.0
21.25,128.201346,37.916888,6929.9605368,48.99,-22.51,227.937,1.0
21.2666,128.201317,37.916862,6928.0454784,50.227,-22.571,227.928,1.0
21.2833,128.201288,37.916837,6926.1282864,51.503,-22.633,227.918,1.0
21.3,128.201258,37.916811,6924.208960800001,52.818,-22.695,227.91,1.0
21.3166,128.201229,37.916785,6922.287196800001,54.172,-22.758,227.901,1.0
21.3333,128.201199,37.91676,6920.3632992,55.565,-22.822,227.893,1.0
21.35,128.20117,37.916734,6918.4369632,56.997,-22.886,227.885,1.0
21.3666,128.20114,37.916709,6916.507884000001,58.467,-22.95,227.878,1.0
21.3833,128.201111,37.916683,6914.5766712,59.975,-23.015,227.871,1.0
21.4,128.201081,37.916657,6912.642715200001,61.521,-23.082,227.864,1.0
21.4166,128.201052,37.916632,6910.706016,63.105,-23.149,227.857,1.0
21.4333,128.201022,37.916606,6908.766573600001,64.727,-23.217,227.849,1.0
21.45,128.200992,37.91658,6906.824388000001,66.387,-23.286,227.841,1.0
21.4666,128.200963,37.916555,6904.8794592,68.085,-23.357,227.833,1.0
21.4833,128.200933,37.916529,6902.9314824,69.821,-23.428,227.824,1.0
21.5,128.200903,37.916504,6900.9807624000005,71.594,-23.501,227.815,1.0
21.5166,128.200873,37.916478,6899.0266896,73.406,-23.574,227.804,1.0
21.5333,128.200843,37.916452,6897.0698736,75.256,-23.649,227.793,1.0
21.55,128.200813,37.916427,6895.1097048,77.144,-23.726,227.779,1.0
21.5666,128.200783,37.916401,6893.1461832,79.071,-23.803,227.764,1.0
21.5833,128.200754,37.916375,6891.1796136,81.036,-23.882,227.748,1.0
21.6,128.200723,37.91635,6889.209386400001,83.04,-23.961,227.729,1.0
21.6166,128.200693,37.916324,6887.236111200001,85.082,-24.042,227.709,1.0
21.6333,128.200663,37.916298,6885.259178400001,87.132,-24.12,227.686,1.0
21.65,128.200633,37.916273,6883.279197600001,89.185,-24.194,227.659,1.0
21.6666,128.200603,37.916247,6881.295864000001,91.24,-24.265,227.63,1.0
21.6833,128.200573,37.916221,6879.3091776,93.298,-24.335,227.599,1.0
21.7,128.200543,37.916196,6877.319138400001,95.356,-24.403,227.565,1.0
21.7166,128.200512,37.91617,6875.325746400001,97.417,-24.47,227.53,1.0
21.7333,128.200482,37.916145,6873.328392,99.432,-24.531,227.492,1.0
21.75,128.200452,37.916119,6871.32738,101.403,-24.585,227.451,1.0
21.7666,128.200421,37.916093,6869.322710400001,103.331,-24.634,227.409,1.0
21.7833,128.200391,37.916068,6867.3143832000005,105.222,-24.681,227.365,1.0
21.8,128.20036,37.916042,6865.3017887999995,107.077,-24.726,227.32,1.0
21.8166,128.20033,37.916017,6863.2855368,108.901,-24.77,227.274,1.0
21.8333,128.200299,37.915991,6861.2656272,110.705,-24.814,227.224,1.0
21.85,128.200268,37.915966,6859.241755200001,112.492,-24.857,227.17,1.0
21.8666,128.200238,37.91594,6857.2142256,114.266,-24.9,227.112,1.0
21.8833,128.200207,37.915915,6855.182733600001,116.028,-24.943,227.053,1.0
21.9,128.200176,37.915889,6853.1472792,117.781,-24.985,226.992,1.0
21.9166,128.200145,37.915864,6851.1081672,119.527,-25.027,226.93,1.0
21.9333,128.200115,37.915839,6849.0657024,121.303,-25.072,226.864,1.0
21.95,128.200084,37.915813,6847.0198848,123.109,-25.118,226.795,1.0
21.9666,128.200053,37.915788,6844.9710192,124.945,-25.166,226.722,1.0
21.9833,128.200022,37.915762,6842.919410400001,126.809,-25.213,226.649,1.0
22.0,128.199991,37.915737,6840.864144,128.698,-25.26,226.574,1.0
22.0166,128.19996,37.915711,6838.8061344,130.612,-25.305,226.5,1.0
22.0333,128.199929,37.915685,6836.7456864000005,132.567,-25.352,226.425,1.0
22.05,128.199899,37.91566,6834.6828000000005,134.563,-25.399,226.35,1.0
22.0666,128.199868,37.915634,6832.617170400001,136.596,-25.447,226.276,1.0
22.0833,128.199837,37.915609,6830.5491024,138.66,-25.493,226.203,1.0
22.1,128.199806,37.915583,6828.478596000001,140.753,-25.539,226.131,1.0
22.1166,128.199775,37.915557,6826.405346400001,142.871,-25.582,226.061,1.0
22.1333,128.199744,37.915532,6824.3299632,145.011,-25.626,225.994,1.0
22.15,128.199713,37.915506,6822.252141600001,147.171,-25.672,225.931,1.0
22.1666,128.199682,37.91548,6820.1718816,149.347,-25.717,225.87,1.0
22.1833,128.19965,37.915455,6818.089183200001,151.537,-25.762,225.81,1.0
22.2,128.199619,37.915429,6816.0040464,153.74,-25.806,225.753,1.0
22.2166,128.199588,37.915403,6813.916776,155.952,-25.849,225.697,1.0
22.2333,128.199557,37.915377,6811.8267624,158.167,-25.894,225.644,1.0
22.25,128.199526,37.915352,6809.734615200001,160.384,-25.942,225.593,1.0
22.2666,128.199495,37.915326,6807.6400296,162.602,-25.991,225.544,1.0
22.2833,128.199464,37.9153,6805.5433104,164.82,-26.04,225.497,1.0
22.3,128.199432,37.915274,6803.4444576,167.036,-26.09,225.45,1.0
22.3166,128.199401,37.915248,6801.3434712,169.249,-26.139,225.404,1.0
22.3333,128.19937,37.915222,6799.238827200001,171.44,-26.192,225.361,1.0
22.35,128.199339,37.915196,6797.13144,173.607,-26.248,225.32,1.0
22.3666,128.199307,37.915171,6795.0216144000005,175.752,-26.307,225.28,1.0
22.3833,128.199276,37.915145,6792.9090456,177.876,-26.367,225.24,1.0
22.4,128.199245,37.915119,6790.7937336,179.98,-26.428,225.201,1.0
22.4166,128.199213,37.915093,6788.675983200001,-177.933,-26.489,225.16,1.0
22.4333,128.199182,37.915067,6786.5545752,-175.898,-26.555,225.121,1.0
22.45,128.199151,37.915041,6784.4295096000005,-173.91,-26.625,225.083,1.0
22.4666,128.199119,37.915015,6782.3007864,-171.968,-26.698,225.045,1.0
22.4833,128.199088,37.914989,6780.169015200001,-170.066,-26.772,225.006,1.0
22.5,128.199056,37.914963,6778.033586400001,-168.201,-26.848,224.965,1.0
22.5166,128.199025,37.914937,6775.895414400001,-166.37,-26.924,224.921,1.0
22.5333,128.198993,37.914911,6773.752670400001,-164.589,-27.003,224.875,1.0
22.55,128.198962,37.914885,6771.605964,-162.855,-27.087,224.828,1.0
22.5666,128.19893,37.914859,6769.4559048,-161.164,-27.172,224.777,1.0
22.5833,128.198899,37.914833,6767.3024928,-159.511,-27.259,224.724,1.0
22.6,128.198867,37.914807,6765.145118400001,-157.893,-27.345,224.668,1.0
22.6166,128.198836,37.914781,6762.984696,-156.305,-27.431,224.608,1.0
22.6333,128.198804,37.914755,6760.8193968000005,-154.756,-27.52,224.544,1.0
22.65,128.198773,37.914729,6758.6507448,-153.244,-27.61,224.477,1.0
22.6666,128.198741,37.914703,6756.4781304,-151.763,-27.701,224.407,1.0
22.6833,128.19871,37.914677,6754.3018584,-150.312,-27.792,224.333,1.0
22.7,128.198678,37.914651,6752.121624,-148.887,-27.882,224.256,1.0
22.7166,128.198646,37.914625,6749.9380368,-147.485,-27.971,224.176,1.0
22.7333,128.198615,37.914599,6747.7495728,-146.114,-28.06,224.093,1.0
22.75,128.198583,37.914573,6745.5571464,-144.772,-28.151,224.006,1.0
22.7666,128.198552,37.914547,6743.3610624,-143.457,-28.241,223.917,1.0
22.7833,128.19852,37.91452,6741.160406400001,-142.164,-28.329,223.824,1.0
22.8,128.198488,37.914494,6738.956092800001,-140.892,-28.417,223.729,1.0
22.8166,128.198457,37.914468,6736.747512,-139.639,-28.502,223.631,1.0
22.8333,128.198425,37.914442,6734.5337496,-138.416,-28.587,223.531,1.0
22.85,128.198393,37.914416,6732.316024800001,-137.221,-28.673,223.428,1.0
22.8666,128.198362,37.91439,6730.093728000001,-136.051,-28.757,223.324,1.0
22.8833,128.19833,37.914364,6727.867164,-134.903,-28.84,223.217,1.0
22.9,128.198299,37.914337,6725.636028000001,-133.775,-28.921,223.108,1.0
22.9166,128.198267,37.914311,6723.400320000001,-132.664,-28.999,222.997,1.0
22.9333,128.198235,37.914285,6721.1597352,-131.585,-29.076,222.886,1.0
22.95,128.198204,37.914259,6718.9142736,-130.535,-29.153,222.773,1.0
22.9666,128.198172,37.914233,6716.66424,-129.51,-29.227,222.66,1.0
22.9833,128.19814,37.914206,6714.4093296,-128.509,-29.3,222.546,1.0
23.0,128.198109,37.91418,6712.149847200001,-127.528,-29.369,222.431,1.0
23.0166,128.198077,37.914154,6709.885792800001,-126.565,-29.436,222.317,1.0
23.0333,128.198046,37.914127,6707.616252000001,-125.638,-29.502,222.202,1.0
23.05,128.198014,37.914101,6705.341529599999,-124.745,-29.568,222.086,1.0
23.0666,128.197982,37.914075,6703.0622352,-123.882,-29.632,221.971,1.0
23.0833,128.197951,37.914048,6700.7777592,-123.046,-29.695,221.856,1.0
23.1,128.197919,37.914022,6698.488711200001,-122.234,-29.755,221.74,1.0
23.1166,128.197888,37.913995,6696.1944816000005,-121.443,-29.812,221.625,1.0
23.1333,128.197856,37.913969,6693.894765600001,-120.694,-29.871,221.509,1.0
23.15,128.197825,37.913943,6691.590172800001,-119.985,-29.93,221.392,1.0
23.1666,128.197793,37.913916,6689.2800936,-119.311,-29.988,221.275,1.0
23.1833,128.197762,37.91389,6686.965137600001,-118.669,-30.045,221.158,1.0
23.2,128.197731,37.913863,6684.6453048,-118.055,-30.101,221.041,1.0
23.2166,128.197699,37.913837,6682.3202904,-117.465,-30.154,220.923,1.0
23.2333,128.197668,37.91381,6679.9903992,-116.861,-30.203,220.802,1.0
23.25,128.197636,37.913783,6677.655936,-116.239,-30.248,220.677,1.0
23.2666,128.197605,37.913757,6675.3169008,-115.601,-30.29,220.55,1.0
23.2833,128.197574,37.91373,6672.9735984,-114.947,-30.33,220.422,1.0
23.3,128.197543,37.913703,6670.625419200001,-114.28,-30.368,220.295,1.0
23.3166,128.197511,37.913677,6668.2726680000005,-113.599,-30.404,220.168,1.0
23.3333,128.19748,37.91365,6665.9153448,-112.973,-30.447,220.041,1.0
23.35,128.197449,37.913623,6663.5531448,-112.401,-30.495,219.913,1.0
23.3666,128.197418,37.913597,6661.186068,-111.88,-30.546,219.786,1.0
23.3833,128.197386,37.91357,6658.8135048,-111.407,-30.599,219.659,1.0
23.4,128.197355,37.913543,6656.4360648,-110.978,-30.651,219.531,1.0
23.4166,128.197324,37.913516,6654.0531384000005,-110.586,-30.701,219.404,1.0
23.4333,128.197293,37.913489,6651.6653352,-110.248,-30.752,219.275,1.0
23.45,128.197262,37.913462,6649.2717408,-109.958,-30.805,219.145,1.0
23.4666,128.197231,37.913435,6646.8735744000005,-109.71,-30.857,219.013,1.0
23.4833,128.1972,37.913408,6644.4699216,-109.5,-30.907,218.882,1.0
23.5,128.19717,37.913381,6642.0613920000005,-109.323,-30.957,218.75,1.0
23.5166,128.197139,37.913354,6639.647376,-109.175,-31.005,218.618,1.0
23.5333,128.197108,37.913327,6637.2284832000005,-109.076,-31.052,218.493,1.0
23.55,128.197077,37.9133,6634.804408800001,-109.023,-31.098,218.373,1.0
23.5666,128.197047,37.913273,6632.3748479999995,-109.01,-31.144,218.258,1.0
23.5833,128.197016,37.913246,6629.9404104000005,-109.032,-31.188,218.147,1.0
23.6,128.196986,37.913218,6627.501096000001,-109.086,-31.23,218.039,1.0
23.6166,128.196955,37.913191,6625.0562952,-109.165,-31.272,217.933,1.0
23.6333,128.196925,37.913164,6622.6063128000005,-109.309,-31.315,217.832,1.0
23.65,128.196894,37.913136,6620.1511488,-109.513,-31.36,217.736,1.0
23.6666,128.196864,37.913109,6617.6904984,-109.77,-31.406,217.643,1.0
23.6833,128.196834,37.913082,6615.2246663999995,-110.075,-31.452,217.553,1.0
23.7,128.196804,37.913054,6612.753348,-110.422,-31.498,217.465,1.0
23.7166,128.196774,37.913027,6610.2768479999995,-110.806,-31.543,217.377,1.0
23.7333,128.196744,37.912999,6607.7945568000005,-111.228,-31.589,217.288,1.0
23.75,128.196714,37.912972,6605.3073888,-111.683,-31.637,217.197,1.0
23.7666,128.196684,37.912944,6602.8144296,-112.168,-31.685,217.105,1.0
23.7833,128.196654,37.912916,6600.3162888,-112.679,-31.734,217.012,1.0
23.8,128.196624,37.912889,6597.8126616,-113.212,-31.784,216.919,1.0
23.8166,128.196594,37.912861,6595.3038528,-113.764,-31.834,216.825,1.0
23.8333,128.196565,37.912833,6592.7895576,-114.305,-31.885,216.724,1.0
23.85,128.196535,37.912805,6590.2700808,-114.833,-31.937,216.618,1.0
23.8666,128.196505,37.912778,6587.7454224,-115.348,-31.989,216.508,1.0
23.8833,128.196476,37.91275,6585.2155824,-115.852,-32.043,216.395,1.0
23.9,128.196446,37.912722,6582.680256000001,-116.347,-32.099,216.281,1.0
23.9166,128.196417,37.912694,6580.139748,-116.834,-32.156,216.167,1.0
23.9333,128.196387,37.912666,6577.5937536,-117.289,-32.216,216.048,1.0
23.95,128.196358,37.912638,6575.0428824,-117.713,-32.276,215.924,1.0
23.9666,128.196328,37.91261,6572.486524800001,-118.111,-32.339,215.798,1.0
23.9833,128.196299,37.912582,6569.924985600001,-118.486,-32.404,215.671,1.0
24.0,128.19627,37.912554,6567.35796,-118.843,-32.47,215.543,1.0
24.0166,128.19624,37.912526,6564.7851432,-119.183,-32.538,215.417,1.0
24.0333,128.196211,37.912498,6562.2074496000005,-119.495,-32.608,215.29,1.0
24.05,128.196182,37.91247,6559.624269600001,-119.781,-32.678,215.16,1.0
24.0666,128.196153,37.912442,6557.0352984,-120.044,-32.75,215.031,1.0
24.0833,128.196124,37.912414,6554.4408408,-120.288,-32.824,214.902,1.0
24.1,128.196095,37.912386,6551.8408968,-120.518,-32.898,214.775,1.0
24.1166,128.196066,37.912358,6549.2351616,-120.734,-32.973,214.649,1.0
24.1333,128.196037,37.912329,6546.62394,-120.93,-33.049,214.523,1.0
24.15,128.196008,37.912301,6544.0069272,-121.106,-33.126,214.397,1.0
24.1666,128.195979,37.912273,6541.3841232,-121.266,-33.203,214.272,1.0
24.1833,128.19595,37.912245,6538.755528000001,-121.413,-33.281,214.147,1.0
24.2,128.195921,37.912216,6536.121141600001,-121.549,-33.359,214.024,1.0
24.2166,128.195892,37.912188,6533.480964,-121.676,-33.438,213.903,1.0
24.2333,128.195864,37.91216,6530.8346904,-121.792,-33.515,213.785,1.0
24.25,128.195835,37.912131,6528.1826255999995,-121.899,-33.592,213.669,1.0
24.2666,128.195806,37.912103,6525.524464800001,-121.997,-33.669,213.555,1.0
24.2833,128.195778,37.912074,6522.8605128,-122.089,-33.745,213.444,1.0
24.3,128.195749,37.912046,6520.19016,-122.176,-33.82,213.335,1.0
24.3166,128.195721,37.912017,6517.514016,-122.258,-33.895,213.228,1.0
24.3333,128.195692,37.911989,6514.8320808,-122.313,-33.967,213.124,1.0
24.35,128.195664,37.91196,6512.1443544,-122.342,-34.034,213.025,1.0
24.3666,128.195636,37.911932,6509.450836800001,-122.349,-34.099,212.928,1.0
24.3833,128.195607,37.911903,6506.751528000001,-122.334,-34.162,212.835,1.0
24.4,128.195579,37.911874,6504.046123200001,-122.301,-34.224,212.744,1.0
24.4166,128.195551,37.911846,6501.3349272000005,-122.253,-34.286,212.655,1.0
24.4333,128.195523,37.911817,6498.61794,-122.15,-34.345,212.566,1.0
24.45,128.195494,37.911788,6495.8957712,-121.995,-34.4,212.477,1.0
24.4666,128.195466,37.91176,6493.168116,-121.795,-34.453,212.389,1.0
24.4833,128.195438,37.911731,6490.4346696,-121.553,-34.505,212.303,1.0
24.5,128.19541,37.911702,6487.695432,-121.277,-34.556,212.217,1.0
24.5166,128.195382,37.911673,6484.950708,-120.97,-34.607,212.133,1.0
24.5333,128.195354,37.911645,6482.2008024,-120.615,-34.658,212.046,1.0
24.55,128.195326,37.911616,6479.445105600001,-120.215,-34.71,211.955,1.0
24.5666,128.195299,37.911587,6476.6839224000005,-119.777,-34.761,211.863,1.0
24.5833,128.195271,37.911558,6473.9172528,-119.306,-34.812,211.77,1.0
24.6,128.195243,37.911529,6471.144792000001,-118.807,-34.863,211.677,1.0
24.6166,128.195215,37.9115,6468.36654,-118.284,-34.913,211.585,1.0
24.6333,128.195187,37.911471,6465.582496800001,-117.745,-34.966,211.487,1.0
24.65,128.19516,37.911442,6462.7929672,-117.191,-35.021,211.384,1.0
24.6666,128.195132,37.911413,6459.9973416,-116.627,-35.078,211.277,1.0
24.6833,128.195105,37.911384,6457.195924800001,-116.054,-35.134,211.167,1.0
24.7,128.195077,37.911355,6454.3887168,-115.474,-35.19,211.057,1.0
24.7166,128.19505,37.911326,6451.5760224000005,-114.89,-35.244,210.947,1.0
24.7333,128.195022,37.911297,6448.7569272,-114.312,-35.301,210.83,1.0
24.75,128.194995,37.911268,6445.9323456,-113.742,-35.36,210.707,1.0
24.7666,128.194968,37.911238,6443.101668,-113.18,-35.419,210.58,1.0
24.7833,128.194941,37.911209,6440.2651992,-112.625,-35.477,210.45,1.0
24.8,128.194914,37.91118,6437.4229392,-112.077,-35.535,210.319,1.0
24.8166,128.194887,37.911151,6434.574888000001,-111.535,-35.59,210.188,1.0
24.8333,128.19486,37.911121,6431.7207408,-111.008,-35.646,210.052,1.0
24.85,128.194833,37.911092,6428.861107199999,-110.497,-35.703,209.91,1.0
24.8666,128.194806,37.911062,6425.9956824,-109.999,-35.76,209.766,1.0
24.8833,128.194779,37.911033,6423.1244664,-109.513,-35.815,209.619,1.0
24.9,128.194753,37.911004,6420.247459200001,-109.038,-35.869,209.473,1.0
24.9166,128.194726,37.910974,6417.364660800001,-108.572,-35.92,209.326,1.0
24.9333,128.194699,37.910945,6414.476376,-108.123,-35.972,209.176,1.0
24.95,128.194673,37.910915,6411.5823,-107.689,-36.024,209.023,1.0
24.9666,128.194647,37.910885,6408.682737600001,-107.269,-36.075,208.867,1.0
24.9833,128.19462,37.910856,6405.7776888,-106.862,-36.124,208.712,1.0
25.0,128.194594,37.910826,6402.8668488,-106.465,-36.172,208.556,1.0
25.0166,128.194568,37.910796,6399.9505224,-106.077,-36.218,208.401,1.0
25.0333,128.194542,37.910767,6397.0287096,-105.706,-36.264,208.244,1.0
25.05,128.194516,37.910737,6394.1014104000005,-105.349,-36.31,208.084,1.0
25.0666,128.19449,37.910707,6391.1686248000005,-105.005,-36.355,207.923,1.0
25.0833,128.194465,37.910677,6388.2303528,-104.673,-36.399,207.762,1.0
25.1,128.194439,37.910647,6385.2868992,-104.352,-36.442,207.602,1.0
25.1166,128.194413,37.910617,6382.3379592,-104.039,-36.483,207.443,1.0
25.1333,128.194388,37.910587,6379.3835328000005,-103.741,-36.524,207.282,1.0
25.15,128.194362,37.910557,6376.4236200000005,-103.456,-36.565,207.119,1.0
25.1666,128.194337,37.910527,6373.4588304,-103.183,-36.605,206.955,1.0
25.1833,128.194312,37.910497,6370.4885544,-102.921,-36.645,206.79,1.0
25.2,128.194287,37.910467,6367.512792,-102.668,-36.683,206.627,1.0
25.2166,128.194262,37.910437,6364.5321527999995,-102.424,-36.721,206.465,1.0
25.2333,128.194237,37.910406,6361.546332000001,-102.192,-36.758,206.3,1.0
25.25,128.194212,37.910376,6358.555024800001,-101.97,-36.795,206.134,1.0
25.2666,128.194187,37.910346,6355.5588408,-101.759,-36.833,205.966,1.0
25.2833,128.194163,37.910315,6352.557170400001,-101.556,-36.869,205.798,1.0
25.3,128.194138,37.910285,6349.550623200001,-101.362,-36.905,205.631,1.0
25.3166,128.194114,37.910255,6346.5391992,-101.175,-36.94,205.465,1.0
25.3333,128.194089,37.910224,6343.5222888,-100.997,-36.975,205.296,1.0
25.35,128.194065,37.910194,6340.5005016000005,-100.827,-37.01,205.126,1.0
25.3666,128.194041,37.910163,6337.4738376000005,-100.664,-37.045,204.955,1.0
25.3833,128.194017,37.910133,6334.441992000001,-100.508,-37.079,204.783,1.0
25.4,128.193993,37.910102,6331.404964800001,-100.359,-37.113,204.613,1.0
25.4166,128.193969,37.910071,6328.3630608,-100.216,-37.146,204.444,1.0
25.4333,128.193945,37.910041,6325.31628,-100.078,-37.179,204.273,1.0
25.45,128.193921,37.91001,6322.2646224,-99.945,-37.213,204.1,1.0
25.4666,128.193898,37.909979,6319.208088,-99.818,-37.246,203.927,1.0
25.4833,128.193874,37.909948,6316.146372,-99.695,-37.278,203.755,1.0
25.5,128.193851,37.909917,6313.079779200001,-99.577,-37.311,203.583,1.0
25.5166,128.193828,37.909886,6310.008309600001,-99.462,-37.343,203.412,1.0
25.5333,128.193804,37.909855,6306.9322680000005,-99.351,-37.375,203.24,1.0
25.55,128.193781,37.909824,6303.8510448,-99.243,-37.407,203.066,1.0
25.5666,128.193758,37.909793,6300.7649448,-99.138,-37.439,202.892,1.0
25.5833,128.193735,37.909762,6297.6742728,-99.035,-37.47,202.718,1.0
25.6,128.193713,37.909731,6294.578419200001,-98.936,-37.502,202.546,1.0
25.6166,128.19369,37.9097,6291.4779935999995,-98.839,-37.533,202.374,1.0
25.6333,128.193668,37.909669,6288.3723864,-98.703,-37.556,202.22,1.0
25.65,128.193645,37.909638,6285.2622071999995,-98.528,-37.572,202.083,1.0
25.6666,128.193623,37.909606,6282.147151200001,-98.315,-37.583,201.96,1.0
25.6833,128.1936,37.909575,6279.0275232,-98.065,-37.592,201.845,1.0
25.7,128.193578,37.909544,6275.9033232,-97.782,-37.6,201.735,1.0
25.7166,128.193556,37.909512,6272.774551200001,-97.469,-37.609,201.629,1.0
25.7333,128.193534,37.909481,6269.6412072,-97.137,-37.619,201.516,1.0
25.75,128.193512,37.909449,6266.5035960000005,-96.789,-37.631,201.395,1.0
25.7666,128.19349,37.909418,6263.3614128,-96.43,-37.644,201.269,1.0
25.7833,128.193468,37.909386,6260.2149624,-96.064,-37.658,201.139,1.0
25.8,128.193447,37.909355,6257.06394,-95.691,-37.671,201.008,1.0
25.8166,128.193425,37.909323,6253.908650400001,-95.316,-37.684,200.876,1.0
25.8333,128.193404,37.909291,6250.7490935999995,-94.879,-37.695,200.728,1.0
25.8499,128.193383,37.90926,6247.585269600001,-94.384,-37.702,200.564,1.0
25.8666,128.193361,37.909228,6244.417178400001,-93.838,-37.708,200.392,1.0
25.8833,128.19334,37.909196,6241.244820000001,-93.25,-37.712,200.214,1.0
25.9,128.193319,37.909164,6238.0684992,-92.627,-37.715,200.035,1.0
25.9166,128.193298,37.909132,6234.888215999999,-91.976,-37.718,199.856,1.0
25.9333,128.193277,37.909101,6231.703970400001,-91.264,-37.715,199.698,1.0
25.95,128.193256,37.909069,6228.5154575999995,-90.506,-37.706,199.581,1.0
25.9666,128.193235,37.909037,6225.322982400001,-89.716,-37.694,199.524,1.0
25.9833,128.193215,37.909005,6222.1265448,-88.905,-37.68,199.546,1.0
26.0,128.193194,37.908973,6218.9264496000005,-88.087,-37.666,199.668,1.0
26.0166,128.193173,37.908941,6215.7226968,-87.251,-37.654,199.868,1.0
26.0333,128.193153,37.908908,6212.5152864,-86.383,-37.644,200.124,1.0
26.05,128.193132,37.908876,6209.3045232,-85.472,-37.637,200.412,1.0
26.0666,128.193112,37.908844,6206.0901023999995,-84.503,-37.631,200.712,1.0
26.0833,128.193091,37.908812,6202.872633600001,-83.466,-37.626,201.005,1.0
26.0999,128.193071,37.90878,6199.651812,-82.359,-37.623,201.285,1.0
26.1166,128.193051,37.908747,6196.427637600001,-81.182,-37.622,201.552,1.0
26.1333,128.19303,37.908715,6193.200415200001,-79.937,-37.622,201.805,1.0
26.15,128.19301,37.908683,6189.9701448000005,-78.626,-37.625,202.046,1.0
26.1666,128.19299,37.908651,6186.7365216,-77.25,-37.63,202.276,1.0
26.1833,128.192969,37.908618,6183.4998504000005,-75.813,-37.637,202.494,1.0
26.2,128.192949,37.908586,6180.260131200001,-74.315,-37.647,202.703,1.0
26.2166,128.192929,37.908553,6177.0170592,-72.761,-37.658,202.902,1.0
26.2333,128.192909,37.908521,6173.771244,-71.15,-37.672,203.092,1.0
26.25,128.192888,37.908488,6170.522076,-69.486,-37.688,203.274,1.0
26.2666,128.192868,37.908456,6167.26986,-67.77,-37.706,203.448,1.0
26.2833,128.192848,37.908423,6164.0142912,-66.004,-37.725,203.614,1.0
26.3,128.192828,37.908391,6160.7556744,-64.191,-37.747,203.772,1.0
26.3166,128.192808,37.908358,6157.4940096,-62.331,-37.77,203.924,1.0
26.3333,128.192787,37.908326,6154.228992,-60.426,-37.795,204.069,1.0
26.35,128.192767,37.908293,6150.9606216,-58.479,-37.822,204.208,1.0
26.3666,128.192747,37.908261,6147.6888984,-56.491,-37.85,204.341,1.0
26.3833,128.192727,37.908228,6144.414127200001,-54.463,-37.88,204.468,1.0
26.4,128.192707,37.908195,6141.1356984,-52.397,-37.911,204.589,1.0
26.4166,128.192686,37.908163,6137.8539168,-50.294,-37.944,204.706,1.0
26.4333,128.192666,37.90813,6134.568782400001,-48.157,-37.978,204.817,1.0
26.45,128.192646,37.908098,6131.2802952,-45.985,-38.014,204.923,1.0
26.4666,128.192626,37.908065,6127.9881504,-43.782,-38.05,205.024,1.0
26.4833,128.192606,37.908032,6124.692348,-41.548,-38.088,205.121,1.0
26.5,128.192586,37.907999,6121.393192800001,-39.285,-38.128,205.214,1.0
26.5166,128.192565,37.907967,6118.0900752,-36.993,-38.168,205.302,1.0
26.5333,128.192545,37.907934,6114.783909600001,-34.669,-38.199,205.376,1.0
26.55,128.192525,37.907901,6111.4740864000005,-32.312,-38.219,205.437,1.0
26.5666,128.192505,37.907869,6108.160910400001,-29.928,-38.233,205.489,1.0
26.5833,128.192484,37.907836,6104.843772,-27.519,-38.244,205.535,1.0
26.6,128.192464,37.907803,6101.5232808,-25.088,-38.253,205.577,1.0
26.6166,128.192444,37.90777,6098.199132000001,-22.638,-38.263,205.617,1.0
26.6333,128.192424,37.907737,6094.87224,-20.164,-38.258,205.648,1.0
26.65,128.192404,37.907705,6091.5423,-17.665,-38.222,205.664,1.0
26.6666,128.192383,37.907672,6088.2099216,-15.14,-38.145,205.666,1.0
26.6833,128.192363,37.907639,6084.874495200001,-12.596,-38.039,205.659,1.0
26.7,128.192343,37.907606,6081.5366304,-10.038,-37.916,205.65,1.0
26.7166,128.192323,37.907573,6078.1963272,-7.473,-37.787,205.645,1.0
26.7333,128.192302,37.90754,6074.855719200001,-5.0,-37.639,205.636,1.0
26.75,128.192282,37.907507,6071.514501600001,-2.62,-37.454,205.623,1.0
26.7666,128.192262,37.907474,6068.1738936,-0.328,-37.235,205.615,1.0
26.7833,128.192241,37.907441,6064.8335904000005,1.883,-36.995,205.618,1.0
26.8,128.192221,37.907408,6061.4945064,4.027,-36.75,205.635,1.0
26.8166,128.192201,37.907375,6058.1566416000005,6.112,-36.507,205.665,1.0
26.8333,128.19218,37.907342,6054.82152,8.053,-36.252,205.705,1.0
26.85,128.19216,37.907309,6051.490056000001,9.858,-35.971,205.757,1.0
26.8666,128.19214,37.907276,6048.16164,11.546,-35.671,205.825,1.0
26.8833,128.192119,37.907242,6044.837796000001,13.135,-35.363,205.908,1.0
26.9,128.192099,37.907209,6041.517304800001,14.643,-35.06,206.006,1.0
26.9166,128.192078,37.907176,6038.2001664,16.087,-34.768,206.115,1.0
26.9333,128.192057,37.907142,6034.889124,17.416,-34.47,206.235,1.0
26.95,128.192037,37.907109,6031.583568,18.642,-34.163,206.369,1.0
26.9666,128.192016,37.907076,6028.2838032,19.78,-33.852,206.514,1.0
26.9833,128.191995,37.907042,6024.9889152000005,20.848,-33.546,206.669,1.0
27.0,128.191974,37.907009,6021.6998184,21.861,-33.251,206.83,1.0
27.0166,128.191953,37.906975,6018.4155984,22.83,-32.969,206.996,1.0
27.0333,128.191932,37.906941,6015.1386936,23.731,-32.695,207.167,1.0
27.05,128.191911,37.906908,6011.8684944,24.574,-32.427,207.341,1.0
27.0666,128.19189,37.906874,6008.6043912000005,25.37,-32.17,207.517,1.0
27.0833,128.191869,37.90684,6005.346384,26.127,-31.923,207.695,1.0
27.1,128.191847,37.906806,6002.0950824,26.854,-31.689,207.874,1.0
27.1166,128.191826,37.906773,5998.8501816,27.559,-31.466,208.053,1.0
27.1333,128.191804,37.906739,5995.612900800001,28.227,-31.255,208.23,1.0
27.15,128.191782,37.906705,5992.3823256,28.865,-31.053,208.406,1.0
27.1666,128.191761,37.906671,5989.158456000001,29.478,-30.861,208.58,1.0
27.1833,128.191739,37.906637,5985.941901600001,30.07,-30.678,208.754,1.0
27.2,128.191717,37.906603,5982.7320528,30.646,-30.503,208.926,1.0
27.2166,128.191695,37.906569,5979.5292144000005,31.209,-30.336,209.099,1.0
27.2333,128.191672,37.906535,5976.333996,31.747,-30.176,209.27,1.0
27.25,128.19165,37.906501,5973.146092800001,32.263,-30.021,209.439,1.0
27.2666,128.191628,37.906467,5969.9655048,32.761,-29.872,209.608,1.0
27.2833,128.191605,37.906433,5966.792232000001,33.243,-29.728,209.776,1.0
27.3,128.191582,37.906398,5963.625969600001,33.712,-29.589,209.944,1.0
27.3166,128.19156,37.906364,5960.4667176,34.172,-29.455,210.112,1.0
27.3333,128.191537,37.90633,5957.3135616,34.687,-29.341,210.271,1.0
27.35,128.191514,37.906296,5954.166196800001,35.264,-29.258,210.415,1.0
27.3666,128.191491,37.906262,5951.024623200001,35.896,-29.199,210.544,1.0
27.3833,128.191468,37.906227,5947.8879264,36.575,-29.154,210.665,1.0
27.4,128.191444,37.906193,5944.7573256,37.293,-29.115,210.783,1.0
27.4166,128.191421,37.906159,5941.632211200001,38.043,-29.078,210.899,1.0
27.4333,128.191397,37.906124,5938.511973600001,38.742,-29.053,210.998,1.0
27.45,128.191374,37.90609,5935.397832000001,39.391,-29.044,211.077,1.0
27.4666,128.19135,37.906056,5932.289786400001,39.989,-29.046,211.142,1.0
27.4833,128.191326,37.906021,5929.187836800001,40.539,-29.054,211.203,1.0
27.5,128.191302,37.905987,5926.091983200001,41.045,-29.063,211.266,1.0
27.5166,128.191278,37.905953,5923.0025304,41.514,-29.071,211.333,1.0
27.5333,128.191254,37.905918,5919.9188688,41.876,-29.086,211.388,1.0
27.55,128.19123,37.905884,5916.8413032,42.141,-29.116,211.421,1.0
27.5666,128.191205,37.905849,5913.770138400001,42.312,-29.158,211.439,1.0
27.5833,128.191181,37.905815,5910.7053744,42.398,-29.206,211.45,1.0
27.6,128.191156,37.90578,5907.647011200001,42.409,-29.254,211.464,1.0
27.6166,128.191131,37.905746,5904.5938295999995,42.357,-29.299,211.483,1.0
27.6333,128.191106,37.905712,5901.546744,42.213,-29.35,211.492,1.0
27.65,128.191081,37.905677,5898.5054496,41.988,-29.419,211.48,1.0
27.6666,128.191056,37.905643,5895.4699464000005,41.686,-29.509,211.445,1.0
27.6833,128.191031,37.905608,5892.4399296,41.304,-29.609,211.396,1.0
27.7,128.191005,37.905574,5889.415704,40.84,-29.714,211.343,1.0
27.7166,128.19098,37.905539,5886.3969648,40.294,-29.815,211.293,1.0
27.7333,128.190954,37.905505,5883.3831024,39.676,-29.925,211.232,1.0
27.75,128.190928,37.90547,5880.373812,38.99,-30.044,211.16,1.0
27.7666,128.190903,37.905436,5877.3697032,38.234,-30.168,211.083,1.0
27.7833,128.190877,37.905401,5874.3701664,37.406,-30.291,211.007,1.0
27.8,128.190851,37.905367,5871.375201600001,36.507,-30.41,210.937,1.0
27.8166,128.190825,37.905332,5868.3848088,35.537,-30.522,210.873,1.0
27.8333,128.190798,37.905298,5865.398683200001,34.501,-30.625,210.816,1.0
27.85,128.190772,37.905263,5862.4171295999995,33.399,-30.72,210.766,1.0
27.8666,128.190746,37.905229,5859.439538400001,32.234,-30.806,210.723,1.0
27.8833,128.19072,37.905194,5856.4662144,31.006,-30.886,210.687,1.0
27.9,128.190693,37.905159,5853.4968528,29.719,-30.959,210.656,1.0
27.9166,128.190667,37.905125,5850.5314536,28.372,-31.028,210.631,1.0
27.9333,128.19064,37.90509,5847.5700168,26.981,-31.079,210.609,1.0
27.95,128.190613,37.905055,5844.612542400001,25.548,-31.114,210.588,1.0
27.9666,128.190587,37.905021,5841.6593352,24.069,-31.138,210.57,1.0
27.9833,128.19056,37.904986,5838.7097856,22.542,-31.154,210.555,1.0
28.0,128.190533,37.904951,5835.7645032,20.967,-31.165,210.542,1.0
28.0166,128.190506,37.904917,5832.823183200001,19.344,-31.174,210.531,1.0
28.0333,128.190479,37.904882,5829.8861304,17.677,-31.173,210.524,1.0
28.05,128.190452,37.904847,5826.95304,15.968,-31.162,210.519,1.0
28.0666,128.190425,37.904812,5824.023912,14.219,-31.145,210.515,1.0
28.0833,128.190398,37.904777,5821.099356000001,12.431,-31.124,210.511,1.0
28.1,128.190371,37.904742,5818.1787624,10.607,-31.101,210.507,1.0
28.1166,128.190344,37.904708,5815.262436,8.746,-31.077,210.502,1.0
28.1333,128.190317,37.904673,5812.3506816,6.853,-31.046,210.496,1.0
28.15,128.190289,37.904638,5809.4434992,4.93,-31.008,210.488,1.0
28.1666,128.190262,37.904603,5806.5402792,2.977,-30.966,210.478,1.0
28.1833,128.190235,37.904568,5803.641936,0.993,-30.921,210.466,1.0
28.2,128.190207,37.904532,5800.74786,-1.019,-30.877,210.452,1.0
28.2166,128.19018,37.904497,5797.858356000001,-3.061,-30.833,210.436,1.0
28.2333,128.190153,37.904462,5794.973728800001,-5.129,-30.78,210.417,1.0
28.25,128.190125,37.904427,5792.0936736,-7.222,-30.717,210.394,1.0
28.2666,128.190098,37.904392,5789.2181904,-9.341,-30.65,210.368,1.0
28.2833,128.190071,37.904356,5786.347584000001,-11.484,-30.581,210.338,1.0
28.3,128.190043,37.904321,5783.4815496,-13.65,-30.513,210.305,1.0
28.3166,128.190016,37.904286,5780.620087200001,-15.84,-30.448,210.268,1.0
28.3333,128.189988,37.90425,5777.762587200001,-18.031,-30.37,210.226,1.0
28.35,128.189961,37.904215,5774.909354400001,-20.219,-30.281,210.176,1.0
28.3666,128.189933,37.904179,5772.0603888,-22.403,-30.187,210.119,1.0
28.3833,128.189906,37.904144,5769.2153856,-24.585,-30.091,210.058,1.0
28.4,128.189878,37.904108,5766.3746496,-26.764,-29.999,209.993,1.0
28.4166,128.189851,37.904072,5763.5375712,-28.941,-29.911,209.924,1.0
28.4333,128.189824,37.904036,5760.704455200001,-31.067,-29.813,209.845,1.0
28.45,128.189796,37.904001,5757.874082400001,-33.144,-29.706,209.757,1.0
28.4666,128.189769,37.903965,5755.0464528,-35.18,-29.597,209.66,1.0
28.4833,128.189742,37.903929,5752.2227856,-37.182,-29.489,209.558,1.0
28.5,128.189714,37.903893,5749.4021664,-39.158,-29.387,209.45,1.0
28.5166,128.189687,37.903857,5746.584900000001,-41.113,-29.292,209.339,1.0
28.5333,128.18966,37.903821,5743.7719008,-43.064,-29.202,209.22,1.0
28.55,128.189633,37.903785,5740.9619496000005,-45.014,-29.115,209.096,1.0
28.5666,128.189605,37.903749,5738.155351200001,-46.968,-29.034,208.966,1.0
28.5833,128.189578,37.903712,5735.352105600001,-48.927,-28.958,208.834,1.0
28.6,128.189551,37.903676,5732.5516032,-50.892,-28.888,208.7,1.0
28.6166,128.189524,37.90364,5729.7541488,-52.863,-28.824,208.565,1.0
28.6333,128.189497,37.903603,5726.958828000001,-54.824,-28.758,208.417,1.0
28.65,128.18947,37.903567,5724.1662504000005,-56.774,-28.691,208.258,1.0
28.6666,128.189444,37.90353,5721.3755016000005,-58.717,-28.625,208.089,1.0
28.6833,128.189417,37.903494,5718.5871912,-60.656,-28.564,207.917,1.0
28.7,128.18939,37.903457,5715.8004048,-62.592,-28.51,207.742,1.0
28.7166,128.189364,37.90342,5713.0151424000005,-64.529,-28.462,207.566,1.0
28.7333,128.189337,37.903383,5710.2310992,-66.42,-28.412,207.372,1.0
28.75,128.189311,37.903346,5707.447665600001,-68.267,-28.359,207.157,1.0
28.7666,128.189284,37.90331,5704.665146400001,-70.079,-28.307,206.926,1.0
28.7833,128.189258,37.903273,5701.8835416,-71.864,-28.261,206.688,1.0
28.8,128.189232,37.903236,5699.101936800001,-73.63,-28.223,206.449,1.0
28.8166,128.189206,37.903199,5696.320941600001,-75.383,-28.194,206.211,1.0
28.8333,128.18918,37.903161,5693.5396416,-77.073,-28.168,205.955,1.0
28.85,128.189154,37.903124,5690.757732,-78.703,-28.142,205.677,1.0
28.8666,128.189128,37.903087,5687.9752128,-80.284,-28.122,205.384,1.0
28.8833,128.189102,37.90305,5685.1923888,-81.829,-28.109,205.086,1.0
28.9,128.189076,37.903012,5682.408345600001,-83.349,-28.105,204.789,1.0
28.9166,128.189051,37.902975,5679.623388000001,-84.851,-28.112,204.497,1.0
28.9333,128.189025,37.902938,5676.836906400001,-86.29,-28.124,204.19,1.0
28.95,128.189,37.9029,5674.0485960000005,-87.671,-28.141,203.867,1.0
28.9666,128.188975,37.902862,5671.2587616,-89.006,-28.166,203.537,1.0
28.9833,128.18895,37.902825,5668.4667936,-90.309,-28.199,203.207,1.0
29.0,128.188925,37.902787,5665.672692,-91.587,-28.241,202.883,1.0
29.0166,128.1889,37.90275,5662.875847200001,-92.85,-28.292,202.566,1.0
29.0333,128.188875,37.902712,5660.076564,-94.05,-28.349,202.239,1.0
29.05,128.18885,37.902674,5657.2742328,-95.194,-28.413,201.902,1.0
29.0666,128.188826,37.902636,5654.4685488,-96.294,-28.484,201.562,1.0
29.0833,128.188801,37.902598,5651.6598168,-97.36,-28.562,201.225,1.0
29.1,128.188777,37.90256,5648.8474272,-98.403,-28.647,200.895,1.0
29.1166,128.188753,37.902522,5646.0310752,-99.43,-28.739,200.576,1.0
29.1333,128.188729,37.902484,5643.210760800001,-100.389,-28.836,200.247,1.0
29.15,128.188705,37.902446,5640.386179200001,-101.286,-28.94,199.911,1.0
29.1666,128.188681,37.902408,5637.5573304,-102.134,-29.049,199.572,1.0
29.1833,128.188658,37.90237,5634.7236048,-102.945,-29.163,199.238,1.0
29.2,128.188634,37.902332,5631.8853072,-103.728,-29.283,198.912,1.0
29.2166,128.188611,37.902294,5629.0421328,-104.492,-29.407,198.597,1.0
29.2333,128.188588,37.902255,5626.193472,-105.196,-29.533,198.291,1.0
29.25,128.188565,37.902217,5623.3396296,-105.847,-29.658,197.995,1.0
29.2666,128.188542,37.902179,5620.480605600001,-106.453,-29.785,197.708,1.0
29.2833,128.188519,37.902141,5617.6157904,-107.024,-29.915,197.43,1.0
29.3,128.188496,37.902102,5614.7454888,-107.566,-30.047,197.161,1.0
29.3166,128.188474,37.902064,5611.8690912,-108.088,-30.182,196.899,1.0
29.3333,128.188452,37.902025,5608.986597600001,-108.616,-30.32,196.644,1.0
29.35,128.18843,37.901987,5606.0973984,-109.154,-30.461,196.396,1.0
29.3666,128.188408,37.901948,5603.2021032,-109.703,-30.604,196.155,1.0
29.3833,128.188386,37.90191,5600.3001024,-110.262,-30.748,195.918,1.0
29.4,128.188364,37.901871,5597.391396,-110.831,-30.893,195.687,1.0
29.4166,128.188343,37.901833,5594.475679200001,-111.407,-31.04,195.459,1.0
29.4333,128.188321,37.901794,5591.552952000001,-111.914,-31.183,195.233,1.0
29.45,128.1883,37.901755,5588.6235192,-112.352,-31.323,195.009,1.0
29.4666,128.188279,37.901717,5585.6873808,-112.73,-31.462,194.787,1.0
29.4833,128.188258,37.901678,5582.744536800001,-113.057,-31.603,194.569,1.0
29.5,128.188238,37.901639,5579.7943776,-113.341,-31.745,194.355,1.0
29.5166,128.188217,37.901601,5576.8375128,-113.593,-31.89,194.145,1.0
29.5333,128.188197,37.901562,5573.873332800001,-113.801,-32.034,193.938,1.0
29.55,128.188176,37.901523,5570.9021424,-113.973,-32.178,193.734,1.0
29.5666,128.188156,37.901485,5567.9236368,-114.114,-32.322,193.534,1.0
29.5833,128.188136,37.901446,5564.937511200001,-114.232,-32.465,193.337,1.0
29.6,128.188116,37.901407,5561.943765600001,-114.331,-32.608,193.143,1.0
29.6166,128.188097,37.901368,5558.942704800001,-114.415,-32.751,192.952,1.0
29.6333,128.188077,37.901329,5555.934328800001,-114.442,-32.89,192.761,1.0
29.65,128.188058,37.901291,5552.918637600001,-114.414,-33.024,192.572,1.0
29.6666,128.188039,37.901252,5549.8953264,-114.34,-33.157,192.384,1.0
29.6833,128.18802,37.901213,5546.8647,-114.226,-33.288,192.198,1.0
29.7,128.188001,37.901174,5543.8267584000005,-114.08,-33.419,192.014,1.0
29.7166,128.187982,37.901135,5540.7811968000005,-113.907,-33.549,191.832,1.0
29.7333,128.187963,37.901096,5537.728320000001,-113.653,-33.673,191.65,1.0
29.75,128.187945,37.901058,5534.668128,-113.323,-33.791,191.467,1.0
29.7666,128.187926,37.901019,5531.6009256,-112.929,-33.905,191.285,1.0
29.7833,128.187908,37.90098,5528.5267128000005,-112.48,-34.016,191.106,1.0
29.8,128.18789,37.900941,5525.4451848,-111.985,-34.125,190.928,1.0
29.8166,128.187872,37.900902,5522.356341600001,-111.454,-34.233,190.752,1.0
29.8333,128.187855,37.900863,5519.260792800001,-110.957,-34.342,190.58,1.0
29.85,128.187837,37.900824,5516.157624,-110.501,-34.451,190.411,1.0
29.8666,128.18782,37.900785,5513.04714,-110.082,-34.559,190.243,1.0
29.8833,128.187803,37.900746,5509.9293408,-109.693,-34.664,190.076,1.0
29.9,128.187786,37.900707,5506.8039216,-109.33,-34.764,189.908,1.0
29.9166,128.187769,37.900668,5503.6717968,-108.985,-34.862,189.738,1.0
29.9333,128.187752,37.900629,5500.532356800001,-108.651,-34.955,189.568,1.0
29.95,128.187736,37.90059,5497.386211200001,-108.323,-35.046,189.395,1.0
29.9666,128.18772,37.900551,5494.2330552,-107.997,-35.134,189.221,1.0
29.9833,128.187704,37.900512,5491.0731936,-107.672,-35.219,189.045,1.0
30.0,128.187688,37.900473,5487.9063216,-107.344,-35.304,188.868,1.0
30.0166,128.187672,37.900434,5484.7330488,-107.015,-35.386,188.689,1.0
30.0333,128.187656,37.900395,5481.5527656,-106.687,-35.463,188.507,1.0
30.05,128.187641,37.900356,5478.3657768,-106.362,-35.534,188.322,1.0
30.0666,128.187626,37.900317,5475.1723872,-106.035,-35.6,188.135,1.0
30.0833,128.187611,37.900278,5471.972901600001,-105.703,-35.664,187.947,1.0
30.1,128.187596,37.900239,5468.7667104,-105.364,-35.727,187.757,1.0
30.1166,128.187581,37.9002,5465.5544232,-105.019,-35.788,187.567,1.0
30.1333,128.187567,37.900161,5462.3357352,-104.673,-35.847,187.375,1.0
30.15,128.187552,37.900122,5459.1106464,-104.326,-35.903,187.182,1.0
30.1666,128.187538,37.900083,5455.879766399999,-103.979,-35.957,186.988,1.0
30.1833,128.187524,37.900044,5452.6427904,-103.629,-36.01,186.793,1.0
30.2,128.187511,37.900005,5449.400023200001,-103.277,-36.061,186.597,1.0
30.2166,128.187497,37.899965,5446.15116,-102.922,-36.111,186.4,1.0
30.2333,128.187484,37.899926,5442.896505600001,-102.567,-36.159,186.202,1.0
30.25,128.18747,37.899887,5439.636364800001,-102.211,-36.206,186.004,1.0
30.2666,128.187457,37.899848,5436.3701280000005,-101.855,-36.251,185.805,1.0
30.2833,128.187444,37.899809,5433.098709600001,-101.498,-36.294,185.605,1.0
30.3,128.187432,37.89977,5429.8215,-101.139,-36.337,185.405,1.0
30.3166,128.187419,37.899731,5426.539108800001,-100.78,-36.378,185.204,1.0
30.3333,128.187407,37.899692,5423.2509264,-100.331,-36.411,185.0,1.0
30.35,128.187395,37.899652,5419.9575624,-99.795,-36.437,184.796,1.0
30.3666,128.187383,37.899613,5416.6593216,-99.182,-36.46,184.591,1.0
30.3833,128.187371,37.899574,5413.356204,-98.503,-36.48,184.386,1.0
30.4,128.187359,37.899535,5410.0485144,-97.77,-36.5,184.182,1.0
30.4166,128.187348,37.899496,5406.735948,-96.993,-36.52,183.979,1.0
30.4333,128.187336,37.899456,5403.419114400001,-96.223,-36.542,183.777,1.0
30.45,128.187325,37.899417,5400.0977088,-95.467,-36.564,183.577,1.0
30.4666,128.187314,37.899378,5396.772036,-94.727,-36.585,183.378,1.0
30.4833,128.187303,37.899339,5393.4424008000005,-94.001,-36.603,183.179,1.0
30.5,128.187293,37.8993,5390.1084984,-93.288,-36.617,182.981,1.0
30.5166,128.187282,37.89926,5386.770633600001,-92.585,-36.627,182.783,1.0
30.5333,128.187272,37.899221,5383.429416,-91.935,-36.637,182.585,1.0
30.55,128.187262,37.899182,5380.0848456,-91.334,-36.647,182.386,1.0
30.5666,128.187252,37.899142,5376.7366176000005,-90.775,-36.656,182.187,1.0
30.5833,128.187243,37.899103,5373.3850368,-90.25,-36.662,181.986,1.0
30.6,128.187233,37.899064,5370.030408,-89.754,-36.665,181.784,1.0
30.6166,128.187224,37.899025,5366.6727312,-89.28,-36.664,181.581,1.0
30.6333,128.187215,37.898985,5363.3120064,-88.847,-36.662,181.377,1.0
30.65,128.187206,37.898946,5359.9488432,-88.451,-36.66,181.171,1.0
30.6666,128.187198,37.898906,5356.582632000001,-88.085,-36.656,180.964,1.0
30.6833,128.187189,37.898867,5353.2139824000005,-87.743,-36.651,180.756,1.0
30.7,128.187181,37.898828,5349.8425896,-87.421,-36.643,180.547,1.0
30.7166,128.187173,37.898788,5346.4687584,-87.114,-36.634,180.336,1.0
30.7333,128.187165,37.898749,5343.0924888,-86.825,-36.623,180.125,1.0
30.75,128.187158,37.898709,5339.7137808,-86.55,-36.61,179.913,1.0
30.7666,128.18715,37.89867,5336.3326344,-86.286,-36.596,179.701,1.0
30.7833,128.187143,37.898631,5332.949354400001,-86.032,-36.582,179.488,1.0
30.8,128.187136,37.898591,5329.5642456000005,-85.784,-36.566,179.275,1.0
30.8166,128.187129,37.898552,5326.1766984,-85.541,-36.549,179.061,1.0
30.8333,128.187122,37.898512,5322.7873224,-85.312,-36.533,178.847,1.0
30.85,128.187116,37.898473,5319.3958128,-85.096,-36.516,178.633,1.0
30.8666,128.18711,37.898433,5316.002474400001,-84.89,-36.498,178.418,1.0
30.8833,128.187103,37.898394,5312.6073072,-84.694,-36.48,178.204,1.0
30.9,128.187098,37.898354,5309.2103112,-84.505,-36.462,177.989,1.0
30.9166,128.187092,37.898314,5305.8114864,-84.323,-36.442,177.774,1.0
30.9333,128.187086,37.898275,5302.4108328,-84.15,-36.422,177.56,1.0
30.95,128.187081,37.898235,5299.0086552,-83.986,-36.402,177.345,1.0
30.9666,128.187076,37.898196,5295.6049536,-83.829,-36.382,177.13,1.0
30.9833,128.187071,37.898156,5292.1997280000005,-83.679,-36.361,176.915,1.0
31.0,128.187066,37.898117,5288.792978400001,-83.534,-36.34,176.7,1.0
31.0166,128.187062,37.898077,5285.3844,-83.393,-36.318,176.485,1.0
31.0333,128.187058,37.898037,5281.9746024,-83.257,-36.297,176.27,1.0
31.05,128.187053,37.897998,5278.5632808,-83.126,-36.274,176.055,1.0
31.0666,128.187049,37.897958,5275.15074,-82.999,-36.252,175.84,1.0
31.0833,128.187046,37.897918,5271.73698,-82.875,-36.229,175.625,1.0
31.1,128.187042,37.897879,5268.321696,-82.754,-36.206,175.41,1.0
31.1166,128.187039,37.897839,5264.905192800001,-82.635,-36.183,175.195,1.0
31.1333,128.187036,37.897799,5261.487470400001,-82.519,-36.16,174.98,1.0
31.15,128.187033,37.89776,5258.0685288,-82.407,-36.137,174.765,1.0
31.1666,128.18703,37.89772,5254.648368,-82.298,-36.114,174.551,1.0
31.1833,128.187027,37.89768,5251.226988,-82.192,-36.09,174.336,1.0
31.2,128.187025,37.897641,5247.8046936,-82.087,-36.066,174.122,1.0
31.2166,128.187023,37.897601,5244.3814848,-81.984,-36.043,173.907,1.0
31.2333,128.187021,37.897561,5240.957056800001,-81.883,-36.019,173.693,1.0
31.25,128.187019,37.897522,5237.5317144,-81.785,-35.995,173.478,1.0
31.2666,128.187017,37.897482,5234.1054576,-81.688,-35.971,173.264,1.0
31.2833,128.187016,37.897442,5230.6779816,-81.592,-35.946,173.05,1.0
31.3,128.187015,37.897402,5227.249896,-81.498,-35.922,172.835,1.0
31.3166,128.187014,37.897363,5223.820896,-81.405,-35.898,172.621,1.0
31.3333,128.187013,37.897323,5220.3906768,-81.313,-35.874,172.407,1.0
31.35,128.187012,37.897283,5216.9601528,-81.222,-35.849,172.193,1.0
31.3666,128.187012,37.897244,5213.5284096000005,-81.133,-35.824,171.979,1.0
31.3833,128.187012,37.897204,5210.0963616,-81.044,-35.8,171.765,1.0
31.4,128.187012,37.897164,5206.6633992,-80.956,-35.775,171.551,1.0
31.4166,128.187012,37.897124,5203.2295224,-80.869,-35.75,171.338,1.0
31.4333,128.187012,37.897085,5199.7953408,-80.784,-35.726,171.124,1.0
31.45,128.187013,37.897045,5196.3602448,-80.699,-35.701,170.91,1.0
31.4666,128.187013,37.897005,5192.9245392,-80.616,-35.677,170.696,1.0
31.4833,128.187014,37.896965,5189.4885288000005,-80.535,-35.652,170.483,1.0
31.5,128.187015,37.896926,5186.051604,-80.454,-35.627,170.269,1.0
31.5166,128.187017,37.896886,5182.614374400001,-80.375,-35.603,170.055,1.0
31.5333,128.187018,37.896846,5179.1765352,-80.297,-35.578,169.842,1.0
31.55,128.18702,37.896807,5175.7383912000005,-80.219,-35.554,169.628,1.0
31.5666,128.187022,37.896767,5172.299637600001,-80.143,-35.529,169.415,1.0
31.5833,128.187024,37.896727,5168.860274400001,-80.068,-35.505,169.201,1.0
31.6,128.187026,37.896687,5165.420911200001,-79.994,-35.48,168.987,1.0
31.6166,128.187029,37.896648,5161.980938400001,-79.92,-35.456,168.774,1.0
31.6333,128.187031,37.896608,5158.5406608,-79.846,-35.431,168.56,1.0
31.65,128.187034,37.896568,5155.100078400001,-79.771,-35.406,168.347,1.0
31.6666,128.187037,37.896529,5151.6588864000005,-79.696,-35.381,168.134,1.0
31.6833,128.187041,37.896489,5148.2176944,-79.62,-35.356,167.92,1.0
31.7,128.187044,37.896449,5144.776197600001,-79.544,-35.331,167.707,1.0
31.7166,128.187048,37.896409,5141.334396,-79.468,-35.306,167.494,1.0
31.7333,128.187052,37.89637,5137.8925944,-79.391,-35.281,167.281,1.0
31.75,128.187056,37.89633,5134.450488,-79.313,-35.256,167.068,1.0
31.7666,128.18706,37.896291,5131.0080768,-79.235,-35.231,166.854,1.0
31.7833,128.187064,37.896251,5127.565665600001,-79.155,-35.206,166.641,1.0
31.8,128.187069,37.896211,5124.1229496000005,-79.076,-35.181,166.429,1.0
31.8166,128.187074,37.896172,5120.680233600001,-78.997,-35.156,166.216,1.0
31.8333,128.187079,37.896132,5117.2378224,-78.918,-35.131,166.003,1.0
31.85,128.187084,37.896092,5113.795106400001,-78.839,-35.106,165.79,1.0
31.8666,128.18709,37.896053,5110.3523904,-78.76,-35.081,165.577,1.0
31.8833,128.187095,37.896013,5106.909674400001,-78.682,-35.057,165.364,1.0
31.9,128.187101,37.895974,5103.4669584,-78.604,-35.032,165.152,1.0
31.9166,128.187107,37.895934,5100.024242400001,-78.527,-35.007,164.939,1.0
31.9333,128.187113,37.895894,5096.5818312,-78.453,-34.982,164.726,1.0
31.95,128.187119,37.895855,5093.139724800001,-78.381,-34.958,164.513,1.0
31.9666,128.187126,37.895815,5089.6976184000005,-78.312,-34.934,164.3,1.0
31.9833,128.187133,37.895776,5086.255512,-78.245,-34.91,164.087,1.0
32.0,128.18714,37.895736,5082.813710400001,-78.181,-34.886,163.874,1.0
32.0166,128.187147,37.895697,5079.372213600001,-78.118,-34.862,163.661,1.0
32.0333,128.187154,37.895657,5075.9310216,-78.056,-34.837,163.448,1.0
32.05,128.187162,37.895618,5072.4898296,-77.994,-34.813,163.235,1.0
32.0666,128.18717,37.895579,5069.048942400001,-77.931,-34.788,163.022,1.0
32.0833,128.187178,37.895539,5065.608664800001,-77.868,-34.763,162.809,1.0
32.1,128.187186,37.8955,5062.1683872,-77.805,-34.738,162.596,1.0
32.1166,128.187194,37.89546,5058.7284144000005,-77.741,-34.713,162.383,1.0
32.1333,128.187203,37.895421,5055.2887464000005,-77.675,-34.688,162.17,1.0
32.15,128.187211,37.895382,5051.849688,-77.607,-34.662,161.957,1.0
32.1666,128.18722,37.895342,5048.4106296,-77.537,-34.636,161.744,1.0
32.1833,128.187229,37.895303,5044.9721808,-77.465,-34.611,161.532,1.0
32.2,128.187239,37.895264,5041.5343416000005,-77.392,-34.585,161.319,1.0
32.2166,128.187248,37.895224,5038.0968072,-77.318,-34.559,161.106,1.0
32.2333,128.187258,37.895185,5034.6595776,-77.241,-34.533,160.894,1.0
32.25,128.187268,37.895146,5031.2229576,-77.163,-34.507,160.682,1.0
32.2666,128.187278,37.895107,5027.786947200001,-77.082,-34.481,160.469,1.0
32.2833,128.187288,37.895068,5024.3515464,-77.001,-34.455,160.257,1.0
32.3,128.187299,37.895028,5020.9164504,-76.918,-34.429,160.045,1.0
32.3166,128.187309,37.894989,5017.4822688,-76.835,-34.402,159.833,1.0
32.3333,128.18732,37.89495,5014.048392000001,-76.749,-34.375,159.622,1.0
32.35,128.187331,37.894911,5010.6154295999995,-76.662,-34.349,159.41,1.0
32.3666,128.187342,37.894872,5007.1830768,-76.573,-34.322,159.199,1.0
32.3833,128.187354,37.894833,5003.751333600001,-76.484,-34.294,158.987,1.0
32.4,128.187365,37.894794,5000.3202,-76.393,-34.267,158.776,1.0
32.4166,128.187377,37.894755,4996.8899808,-76.302,-34.239,158.565,1.0
32.4333,128.187389,37.894716,4993.460676000001,-76.209,-34.212,158.354,1.0
32.45,128.187401,37.894677,4990.0319808,-76.115,-34.184,158.143,1.0
32.4666,128.187414,37.894638,4986.6038952,-76.02,-34.155,157.932,1.0
32.4833,128.187426,37.894599,4983.1770288,-75.923,-34.127,157.722,1.0
32.5,128.187439,37.89456,4979.7510768,-75.827,-34.098,157.511,1.0
32.5166,128.187452,37.894521,4976.3257344,-75.729,-34.069,157.301,1.0
32.5333,128.187465,37.894483,4972.9016112,-75.63,-34.04,157.091,1.0
32.55,128.187479,37.894444,4969.4784024,-75.53,-34.011,156.881,1.0
32.5666,128.187492,37.894405,4966.056108,-75.429,-33.981,156.671,1.0
32.5833,128.187506,37.894366,4962.635032800001,-75.327,-33.951,156.461,1.0
32.6,128.18752,37.894328,4959.2148720000005,-75.225,-33.921,156.252,1.0
32.6166,128.187534,37.894289,4955.795625600001,-75.122,-33.89,156.042,1.0
32.6333,128.187548,37.89425,4952.3779032,-75.019,-33.859,155.833,1.0
32.65,128.187563,37.894212,4948.9610952,-74.916,-33.828,155.624,1.0
32.6666,128.187578,37.894173,4945.5455064,-74.813,-33.797,155.415,1.0
32.6833,128.187592,37.894135,4942.131136800001,-74.71,-33.765,155.206,1.0
32.7,128.187608,37.894096,4938.7179864,-74.607,-33.734,154.997,1.0
32.7166,128.187623,37.894058,4935.3063600000005,-74.505,-33.701,154.788,1.0
32.7333,128.187638,37.894019,4931.8959528000005,-74.403,-33.669,154.58,1.0
32.75,128.187654,37.893981,4928.4867648,-74.302,-33.636,154.372,1.0
32.7666,128.18767,37.893943,4925.078796000001,-74.201,-33.603,154.163,1.0
32.7833,128.187686,37.893904,4921.6723512,-74.101,-33.57,153.955,1.0
32.8,128.187702,37.893866,4918.2674304,-74.001,-33.537,153.747,1.0
32.8166,128.187719,37.893828,4914.8640336,-73.902,-33.503,153.539,1.0
32.8333,128.187735,37.893789,4911.4621608,-73.803,-33.468,153.331,1.0
32.85,128.187752,37.893751,4908.0615072,-73.704,-33.434,153.123,1.0
32.8666,128.187769,37.893713,4904.6626824,-73.606,-33.399,152.916,1.0
32.8833,128.187786,37.893675,4901.2650768,-73.508,-33.364,152.708,1.0
32.9,128.187804,37.893637,4897.8693,-73.41,-33.329,152.501,1.0
32.9166,128.187821,37.893599,4894.475352,-73.313,-33.293,152.294,1.0
32.9333,128.187839,37.893561,4891.082928000001,-73.215,-33.257,152.087,1.0
32.95,128.187857,37.893523,4887.692028,-73.116,-33.22,151.88,1.0
32.9666,128.187875,37.893485,4884.3029568,-73.017,-33.184,151.673,1.0
32.9833,128.187893,37.893447,4880.9154096,-72.917,-33.146,151.466,1.0
33.0,128.187912,37.893409,4877.529996,-72.816,-33.109,151.26,1.0
33.0166,128.187931,37.893371,4874.1461064000005,-72.715,-33.071,151.053,1.0
33.0333,128.18795,37.893334,4870.7640456,-72.614,-33.033,150.847,1.0
33.05,128.187969,37.893296,4867.3841184,-72.511,-32.995,150.641,1.0
33.0666,128.187988,37.893258,4864.0057152,-72.409,-32.956,150.436,1.0
33.0833,128.188007,37.893221,4860.6294456000005,-72.306,-32.917,150.23,1.0
33.1,128.188027,37.893183,4857.2553096,-72.202,-32.877,150.025,1.0
33.1166,128.188047,37.893145,4853.8830024,-72.098,-32.838,149.819,1.0
33.1333,128.188067,37.893108,4850.512524,-71.994,-32.798,149.614,1.0
33.15,128.188087,37.89307,4847.1441792000005,-71.89,-32.757,149.409,1.0
33.1666,128.188108,37.893033,4843.777968,-71.786,-32.717,149.205,1.0
33.1833,128.188128,37.892996,4840.4138904,-71.681,-32.676,149.0,1.0
33.2,128.188149,37.892958,4837.0522512,-71.576,-32.634,148.796,1.0
33.2166,128.18817,37.892921,4833.6924408,-71.471,-32.593,148.592,1.0
33.2333,128.188191,37.892884,4830.334764,-71.366,-32.551,148.388,1.0
33.25,128.188213,37.892847,4826.979525600001,-71.26,-32.508,148.184,1.0
33.2666,128.188234,37.892809,4823.6264208,-71.154,-32.465,147.98,1.0
33.2833,128.188256,37.892772,4820.275754400001,-71.048,-32.422,147.777,1.0
33.3,128.188278,37.892735,4816.9272216,-70.942,-32.379,147.574,1.0
33.3166,128.1883,37.892698,4813.5811272,-70.835,-32.335,147.371,1.0
33.3333,128.188322,37.892661,4810.2374712,-70.728,-32.291,147.168,1.0
33.35,128.188345,37.892624,4806.8962536,-70.621,-32.246,146.965,1.0
33.3666,128.188367,37.892587,4803.5574744000005,-70.514,-32.201,146.763,1.0
33.3833,128.18839,37.892551,4800.2211336,-70.406,-32.156,146.561,1.0
33.4,128.188413,37.892514,4796.887536,-70.299,-32.111,146.359,1.0
33.4166,128.188436,37.892477,4793.5563768,-70.191,-32.065,146.157,1.0
33.4333,128.18846,37.89244,4790.227656,-70.082,-32.018,145.955,1.0
33.45,128.188483,37.892404,4786.9016784000005,-69.972,-31.972,145.754,1.0
33.4666,128.188507,37.892367,4783.578139200001,-69.862,-31.924,145.553,1.0
33.4833,128.188531,37.892331,4780.257648000001,-69.75,-31.877,145.352,1.0
33.5,128.188555,37.892294,4776.9395952,-69.638,-31.829,145.152,1.0
33.5166,128.18858,37.892258,4773.6245904,-69.526,-31.781,144.952,1.0
33.5333,128.188604,37.892222,4770.312024,-69.412,-31.732,144.751,1.0
33.55,128.188629,37.892185,4767.0025056,-69.297,-31.683,144.552,1.0
33.5666,128.188654,37.892149,4763.695730400001,-69.181,-31.634,144.352,1.0
33.5833,128.188679,37.892113,4760.391698400001,-69.065,-31.584,144.153,1.0
33.6,128.188704,37.892077,4757.0910192,-68.948,-31.534,143.954,1.0
33.6166,128.18873,37.892041,4753.7930832,-68.83,-31.483,143.755,1.0
33.6333,128.188755,37.892005,4750.4978904,-68.712,-31.432,143.557,1.0
33.65,128.188781,37.891969,4747.2060504,-68.594,-31.381,143.358,1.0
33.6666,128.188807,37.891933,4743.9172584,-68.475,-31.329,143.16,1.0
33.6833,128.188833,37.891897,4740.6315144,-68.357,-31.277,142.963,1.0
33.7,128.18886,37.891861,4737.348818400001,-68.238,-31.225,142.765,1.0
33.7166,128.188886,37.891825,4734.0694752,-68.12,-31.172,142.568,1.0
33.7333,128.188913,37.891789,4730.793180000001,-68.001,-31.119,142.371,1.0
33.75,128.18894,37.891754,4727.5202376,-67.882,-31.065,142.174,1.0
33.7666,128.188967,37.891718,4724.250648,-67.763,-31.011,141.978,1.0
33.7833,128.188994,37.891683,4720.9844112,-67.643,-30.957,141.782,1.0
33.8,128.189022,37.891647,4717.7212224,-67.524,-30.902,141.586,1.0
33.8166,128.189049,37.891612,4714.4616912,-67.404,-30.847,141.39,1.0
33.8333,128.189077,37.891576,4711.2058176,-67.285,-30.792,141.195,1.0
33.85,128.189105,37.891541,4707.952992,-67.167,-30.736,141.0,1.0
33.8666,128.189133,37.891506,4704.703824,-67.049,-30.68,140.805,1.0
33.8833,128.189162,37.891471,4701.4583136,-66.932,-30.623,140.61,1.0
33.9,128.18919,37.891436,4698.2164608,-66.815,-30.566,140.416,1.0
33.9166,128.189219,37.891401,4694.9779608,-66.698,-30.509,140.222,1.0
33.9333,128.189248,37.891366,4691.7434232000005,-66.582,-30.451,140.028,1.0
33.95,128.189277,37.891331,4688.5125432,-66.467,-30.393,139.834,1.0
33.9666,128.189306,37.891296,4685.285320800001,-66.352,-30.335,139.64,1.0
33.9833,128.189335,37.891261,4682.061756,-66.238,-30.276,139.447,1.0
34.0,128.189365,37.891226,4678.8421536,-66.124,-30.217,139.254,1.0
34.0166,128.189395,37.891192,4675.6262088,-66.01,-30.157,139.062,1.0
34.0333,128.189425,37.891157,4672.4145312,-65.898,-30.097,138.869,1.0
34.05,128.189455,37.891122,4669.2065112,-65.787,-30.037,138.677,1.0
34.0666,128.189485,37.891088,4666.0024536,-65.677,-29.977,138.485,1.0
34.0833,128.189516,37.891054,4662.8023584,-65.568,-29.916,138.293,1.0
34.1,128.189546,37.891019,4659.6065304,-65.46,-29.855,138.101,1.0
34.1166,128.189577,37.890985,4656.414360000001,-65.353,-29.793,137.91,1.0
34.1333,128.189608,37.890951,4653.2267616,-65.247,-29.731,137.719,1.0
34.15,128.189639,37.890916,4650.0428208,-65.143,-29.669,137.528,1.0
34.1666,128.189671,37.890882,4646.8634520000005,-65.039,-29.606,137.337,1.0
34.1833,128.189702,37.890848,4643.6880456,-64.937,-29.544,137.146,1.0
34.2,128.189734,37.890814,4640.5172112,-64.836,-29.48,136.956,1.0
34.2166,128.189766,37.89078,4637.3503392,-64.735,-29.417,136.766,1.0
34.2333,128.189798,37.890747,4634.1877344,-64.634,-29.353,136.576,1.0
34.25,128.18983,37.890713,4631.0293968,-64.533,-29.289,136.386,1.0
34.2666,128.189863,37.890679,4627.8756312000005,-64.432,-29.224,136.197,1.0
34.2833,128.189895,37.890646,4624.7261328,-64.331,-29.159,136.008,1.0
34.3,128.189928,37.890612,4621.5812064,-64.23,-29.094,135.819,1.0
34.3166,128.189961,37.890579,4618.4405472,-64.129,-29.028,135.63,1.0
34.3333,128.189994,37.890545,4615.30446,-64.027,-28.962,135.442,1.0
34.35,128.190027,37.890512,4612.1729448,-63.924,-28.896,135.254,1.0
34.3666,128.190061,37.890478,4609.0460016,-63.82,-28.829,135.066,1.0
34.3833,128.190095,37.890445,4605.923325600001,-63.715,-28.762,134.879,1.0
34.4,128.190128,37.890412,4602.8055264,-63.61,-28.695,134.691,1.0
34.4166,128.190162,37.890379,4599.6922992,-63.505,-28.628,134.504,1.0
34.4333,128.190196,37.890346,4596.5839488,-63.398,-28.56,134.318,1.0
34.45,128.190231,37.890313,4593.4801704,-63.29,-28.491,134.131,1.0
34.4666,128.190265,37.89028,4590.380964,-63.181,-28.423,133.946,1.0
34.4833,128.1903,37.890248,4587.2869392,-63.07,-28.354,133.76,1.0
34.5,128.190335,37.890215,4584.1974864,-62.959,-28.284,133.574,1.0
34.5166,128.19037,37.890182,4581.1129104,-62.848,-28.215,133.389,1.0
34.5333,128.190405,37.89015,4578.033211200001,-62.735,-28.145,133.205,1.0
34.55,128.19044,37.890117,4574.958388800001,-62.621,-28.075,133.02,1.0
34.5666,128.190476,37.890085,4571.888748,-62.506,-28.004,132.836,1.0
34.5833,128.190511,37.890052,4568.823984000001,-62.39,-27.933,132.653,1.0
34.6,128.190547,37.89002,4565.7644016,-62.274,-27.862,132.469,1.0
34.6166,128.190583,37.889988,4562.709696000001,-62.157,-27.79,132.286,1.0
34.6333,128.190619,37.889956,4559.660172,-62.041,-27.718,132.103,1.0
34.65,128.190656,37.889924,4556.6161344,-61.925,-27.646,131.921,1.0
34.6666,128.190692,37.889892,4553.5769736,-61.81,-27.573,131.739,1.0
34.6833,128.190729,37.88986,4550.5432992,-61.695,-27.501,131.557,1.0
34.7,128.190766,37.889828,4547.5148064,-61.581,-27.427,131.375,1.0
34.7166,128.190803,37.889796,4544.4914952,-61.468,-27.354,131.194,1.0
34.7333,128.19084,37.889765,4541.4739752000005,-61.357,-27.28,131.013,1.0
34.75,128.190877,37.889733,4538.461636800001,-61.248,-27.206,130.832,1.0
34.7666,128.190915,37.889702,4535.4547848,-61.14,-27.132,130.651,1.0
34.7833,128.190952,37.88967,4532.4534192,-61.034,-27.057,130.471,1.0
34.8,128.19099,37.889639,4529.45754,-60.929,-26.982,130.291,1.0
34.8166,128.191028,37.889608,4526.4671472,-60.826,-26.906,130.111,1.0
34.8333,128.191066,37.889576,4523.4825456,-60.724,-26.831,129.932,1.0
34.85,128.191104,37.889545,4520.503735200001,-60.623,-26.755,129.752,1.0
34.8666,128.191143,37.889514,4517.5304112,-60.524,-26.678,129.573,1.0
34.8833,128.191182,37.889483,4514.5625736,-60.425,-26.602,129.394,1.0
34.9,128.19122,37.889452,4511.600832,-60.327,-26.525,129.216,1.0
34.9166,128.191259,37.889422,4508.6445768,-60.23,-26.447,129.037,1.0
34.9333,128.191298,37.889391,4505.6941128,-60.134,-26.37,128.859,1.0
34.95,128.191338,37.88936,4502.7497448,-60.04,-26.292,128.681,1.0
34.9666,128.191377,37.88933,4499.811168,-59.948,-26.214,128.503,1.0
34.9833,128.191417,37.889299,4496.8783824,-59.856,-26.136,128.326,1.0
35.0,128.191456,37.889269,4493.9516928,-59.766,-26.057,128.148,1.0
35.0166,128.191496,37.889239,4491.0307944,-59.676,-25.978,127.971,1.0
35.0333,128.191536,37.889208,4488.115992000001,-59.588,-25.899,127.794,1.0
35.05,128.191577,37.889178,4485.2072856,-59.501,-25.82,127.618,1.0
35.0666,128.191617,37.889148,4482.3046752,-59.415,-25.74,127.441,1.0
35.0833,128.191657,37.889118,4479.4081608,-59.33,-25.66,127.265,1.0
35.1,128.191698,37.889088,4476.5177424,-59.246,-25.58,127.089,1.0
35.1166,128.191739,37.889059,4473.63342,-59.162,-25.5,126.913,1.0
35.1333,128.19178,37.889029,4470.7551936,-59.08,-25.419,126.738,1.0
35.15,128.191821,37.888999,4467.883368,-58.999,-25.338,126.562,1.0
35.1666,128.191862,37.88897,4465.017638400001,-58.918,-25.257,126.387,1.0
35.1833,128.191904,37.88894,4462.1583096,-58.838,-25.176,126.212,1.0
35.2,128.191946,37.888911,4459.3053816,-58.759,-25.094,126.037,1.0
35.2166,128.191987,37.888882,4456.4588544,-58.68,-25.012,125.863,1.0
35.2333,128.192029,37.888852,4453.6184232000005,-58.601,-24.93,125.688,1.0
35.25,128.192071,37.888823,4450.7843928,-58.521,-24.848,125.514,1.0
35.2666,128.192114,37.888794,4447.9567632,-58.441,-24.765,125.341,1.0
35.2833,128.192156,37.888765,4445.1355344,-58.361,-24.682,125.167,1.0
35.3,128.192198,37.888736,4442.321011200001,-58.28,-24.599,124.994,1.0
35.3166,128.192241,37.888708,4439.5128888,-58.199,-24.516,124.821,1.0
35.3333,128.192284,37.888679,4436.7111672,-58.117,-24.432,124.648,1.0
35.35,128.192327,37.88865,4433.9158464,-58.033,-24.349,124.476,1.0
35.3666,128.19237,37.888622,4431.1272312,-57.947,-24.264,124.304,1.0
35.3833,128.192413,37.888593,4428.3453216,-57.86,-24.18,124.132,1.0
35.4,128.192457,37.888565,4425.5701176,-57.773,-24.095,123.961,1.0
35.4166,128.1925,37.888537,4422.8016192000005,-57.685,-24.011,123.789,1.0
35.4333,128.192544,37.888509,4420.0395216,-57.595,-23.926,123.618,1.0
35.45,128.192588,37.888481,4417.284129600001,-57.503,-23.84,123.448,1.0
35.4666,128.192632,37.888453,4414.535748,-57.41,-23.754,123.278,1.0
35.4833,128.192676,37.888425,4411.794072,-57.317,-23.669,123.108,1.0
35.5,128.19272,37.888397,4409.0594064,-57.222,-23.582,122.938,1.0
35.5166,128.192765,37.888369,4406.3314464000005,-57.127,-23.496,122.769,1.0
35.5333,128.192809,37.888342,4403.610192,-57.03,-23.41,122.6,1.0
35.55,128.192854,37.888314,4400.8962528,-56.932,-23.323,122.432,1.0
35.5666,128.192899,37.888287,4398.1890192,-56.834,-23.235,122.263,1.0
35.5833,128.192944,37.888259,4395.488796000001,-56.734,-23.148,122.095,1.0
35.6,128.192989,37.888232,4392.7955832,-56.634,-23.06,121.928,1.0
35.6166,128.193035,37.888205,4390.1096856,-56.534,-22.972,121.761,1.0
35.6333,128.19308,37.888178,4387.430798400001,-56.434,-22.884,121.594,1.0
35.65,128.193126,37.888151,4384.7589216,-56.335,-22.796,121.427,1.0
35.6666,128.193171,37.888124,4382.09436,-56.237,-22.708,121.26,1.0
35.6833,128.193217,37.888097,4379.4371136,-56.139,-22.619,121.094,1.0
35.7,128.193263,37.888071,4376.7871824,-56.043,-22.53,120.928,1.0
35.7166,128.193309,37.888044,4374.1445664,-55.946,-22.44,120.763,1.0
35.7333,128.193356,37.888017,4371.5092656,-55.852,-22.35,120.598,1.0
35.75,128.193402,37.887991,4368.8812800000005,-55.758,-22.261,120.433,1.0
35.7666,128.193449,37.887965,4366.2606096,-55.666,-22.171,120.268,1.0
35.7833,128.193495,37.887939,4363.647559200001,-55.575,-22.08,120.103,1.0
35.8,128.193542,37.887912,4361.041824,-55.485,-21.989,119.939,1.0
35.8166,128.193589,37.887886,4358.4437088,-55.396,-21.898,119.775,1.0
35.8333,128.193636,37.88786,4355.8532136,-55.309,-21.807,119.611,1.0
35.85,128.193684,37.887835,4353.2700336,-55.222,-21.716,119.448,1.0
35.8666,128.193731,37.887809,4350.6947784,-55.137,-21.624,119.284,1.0
35.8833,128.193779,37.887783,4348.1268384,-55.053,-21.532,119.121,1.0
35.9,128.193826,37.887758,4345.566823200001,-54.97,-21.44,118.958,1.0
35.9166,128.193874,37.887732,4343.014428,-54.887,-21.348,118.796,1.0
35.9333,128.193922,37.887707,4340.4699576,-54.806,-21.255,118.633,1.0
35.95,128.19397,37.887682,4337.9331072,-54.727,-21.162,118.471,1.0
35.9666,128.194018,37.887656,4335.4038768,-54.649,-21.069,118.309,1.0
35.9833,128.194066,37.887631,4332.882571200001,-54.573,-20.976,118.147,1.0
36.0,128.194115,37.887606,4330.3691904,-54.498,-20.883,117.986,1.0
36.0166,128.194164,37.887582,4327.8637344,-54.423,-20.789,117.824,1.0
36.0333,128.194212,37.887557,4325.3662032,-54.35,-20.695,117.663,1.0
36.05,128.194261,37.887532,4322.876292000001,-54.279,-20.601,117.502,1.0
36.0666,128.19431,37.887508,4320.3946104,-54.209,-20.507,117.341,1.0
36.0833,128.194359,37.887483,4317.9211584,-54.14,-20.412,117.18,1.0
36.1,128.194408,37.887459,4315.4553264,-54.073,-20.318,117.02,1.0
36.1166,128.194458,37.887434,4312.997724,-54.006,-20.223,116.86,1.0
36.1333,128.194507,37.88741,4310.5480464,-53.939,-20.128,116.7,1.0
36.15,128.194557,37.887386,4308.106598400001,-53.872,-20.032,116.54,1.0
36.1666,128.194607,37.887362,4305.6730752,-53.804,-19.937,116.381,1.0
36.1833,128.194657,37.887338,4303.2477816,-53.737,-19.841,116.221,1.0
36.2,128.194707,37.887315,4300.8304128,-53.669,-19.745,116.062,1.0
36.2166,128.194757,37.887291,4298.421578400001,-53.602,-19.649,115.903,1.0
36.2333,128.194807,37.887267,4296.020668800001,-53.533,-19.553,115.745,1.0
36.25,128.194857,37.887244,4293.6279888,-53.464,-19.456,115.586,1.0
36.2666,128.194908,37.88722,4291.2438432,-53.394,-19.36,115.428,1.0
36.2833,128.194958,37.887197,4288.8676224,-53.323,-19.263,115.27,1.0
36.3,128.195009,37.887174,4286.499936,-53.252,-19.166,115.113,1.0
36.3166,128.19506,37.887151,4284.1404792,-53.181,-19.069,114.955,1.0
36.3333,128.195111,37.887128,4281.7892520000005,-53.108,-18.971,114.798,1.0
36.35,128.195162,37.887105,4279.446559200001,-53.034,-18.873,114.642,1.0
36.3666,128.195213,37.887082,4277.112096000001,-52.959,-18.776,114.485,1.0
36.3833,128.195265,37.88706,4274.786472,-52.883,-18.677,114.329,1.0
36.4,128.195316,37.887037,4272.4687728,-52.806,-18.579,114.173,1.0
36.4166,128.195368,37.887015,4270.1599128,-52.729,-18.481,114.017,1.0
36.4333,128.195419,37.886992,4267.8595872000005,-52.65,-18.382,113.862,1.0
36.45,128.195471,37.88697,4265.5674912,-52.57,-18.283,113.707,1.0
36.4666,128.195523,37.886948,4263.2842344,-52.488,-18.184,113.553,1.0
36.4833,128.195575,37.886926,4261.009207200001,-52.405,-18.085,113.398,1.0
36.5,128.195627,37.886904,4258.743324,-52.322,-17.986,113.244,1.0
36.5166,128.19568,37.886882,4256.4856704,-52.238,-17.886,113.09,1.0
36.5333,128.195732,37.88686,4254.2371608,-52.156,-17.786,112.936,1.0
36.55,128.195784,37.886839,4251.9971856,-52.074,-17.687,112.783,1.0
36.5666,128.195837,37.886817,4249.7660496,-51.995,-17.587,112.63,1.0
36.5833,128.19589,37.886796,4247.5437528,-51.916,-17.487,112.477,1.0
36.6,128.195943,37.886775,4245.3299904000005,-51.839,-17.387,112.324,1.0
36.6166,128.195996,37.886753,4243.125372,-51.763,-17.286,112.171,1.0
36.6333,128.196049,37.886732,4240.9295928,-51.688,-17.185,112.019,1.0
36.65,128.196102,37.886711,4238.7429576,-51.614,-17.084,111.867,1.0
36.6666,128.196155,37.88669,4236.564856800001,-51.54,-16.983,111.715,1.0
36.6833,128.196208,37.88667,4234.3959,-51.468,-16.881,111.564,1.0
36.7,128.196262,37.886649,4232.236087200001,-51.395,-16.78,111.413,1.0
36.7166,128.196316,37.886628,4230.0851136,-51.324,-16.678,111.262,1.0
36.7333,128.196369,37.886608,4227.943284,-51.252,-16.576,111.111,1.0
36.75,128.196423,37.886588,4225.8102936000005,-51.18,-16.474,110.96,1.0
36.7666,128.196477,37.886567,4223.6867520000005,-51.109,-16.371,110.81,1.0
36.7833,128.196531,37.886547,4221.5720496,-51.037,-16.268,110.66,1.0
36.8,128.196585,37.886527,4219.4664912,-50.964,-16.165,110.51,1.0
36.8166,128.196639,37.886507,4217.3700768,-50.892,-16.062,110.36,1.0
36.8333,128.196694,37.886487,4215.2831112,-50.824,-15.959,110.211,1.0
36.85,128.196748,37.886468,4213.2055944,-50.758,-15.857,110.061,1.0
36.8666,128.196803,37.886448,4211.1369168,-50.695,-15.754,109.911,1.0
36.8833,128.196857,37.886428,4209.0779928,-50.635,-15.65,109.762,1.0
36.9,128.196912,37.886409,4207.0282128,-50.578,-15.547,109.613,1.0
36.9166,128.196967,37.88639,4204.9875768,-50.522,-15.443,109.464,1.0
36.9333,128.197022,37.886371,4202.9566944,-50.47,-15.34,109.315,1.0
36.95,128.197077,37.886352,4200.9352608,-50.423,-15.236,109.166,1.0
36.9666,128.197132,37.886333,4198.923276,-50.38,-15.132,109.017,1.0
36.9833,128.197188,37.886314,4196.92074,-50.341,-15.028,108.868,1.0
37.0,128.197243,37.886295,4194.927348,-50.304,-14.924,108.72,1.0
37.0166,128.197298,37.886276,4192.9437096,-50.269,-14.82,108.571,1.0
37.0333,128.197354,37.886258,4190.9698248,-50.239,-14.716,108.422,1.0
37.05,128.19741,37.886239,4189.0053888,-50.214,-14.612,108.273,1.0
37.0666,128.197465,37.886221,4187.0507064,-50.193,-14.508,108.124,1.0
37.0833,128.197521,37.886203,4185.105168,-50.176,-14.404,107.975,1.0
37.1,128.197577,37.886185,4183.169688,-50.161,-14.299,107.826,1.0
37.1166,128.197633,37.886167,4181.243352,-50.149,-14.195,107.677,1.0
37.1333,128.197689,37.886149,4179.3264648,-50.135,-14.09,107.529,1.0
37.15,128.197745,37.886131,4177.4193312,-50.12,-13.984,107.381,1.0
37.1666,128.197802,37.886114,4175.521341600001,-50.102,-13.879,107.233,1.0
37.1833,128.197858,37.886096,4173.633105600001,-50.082,-13.774,107.085,1.0
37.2,128.197915,37.886079,4171.7546232,-50.06,-13.668,106.937,1.0
37.2166,128.197971,37.886061,4169.8855896000005,-50.038,-13.563,106.789,1.0
37.2333,128.198028,37.886044,4168.0257,-50.011,-13.458,106.641,1.0
37.25,128.198085,37.886027,4166.1758688,-49.981,-13.352,106.494,1.0
37.2666,128.198142,37.88601,4164.3351816,-49.948,-13.246,106.346,1.0
37.2833,128.198198,37.885993,4162.504248,-49.912,-13.141,106.199,1.0
37.3,128.198256,37.885977,4160.683068,-49.874,-13.035,106.053,1.0
37.3166,128.198313,37.88596,4158.871641600001,-49.835,-12.93,105.906,1.0
37.3333,128.19837,37.885943,4157.069359200001,-49.792,-12.824,105.759,1.0
37.35,128.198427,37.885927,4155.277135200001,-49.746,-12.718,105.613,1.0
37.3666,128.198484,37.885911,4153.494360000001,-49.696,-12.612,105.468,1.0
37.3833,128.198542,37.885894,4151.721338400001,-49.644,-12.506,105.322,1.0
37.4,128.198599,37.885878,4149.9580704,-49.59,-12.4,105.177,1.0
37.4166,128.198657,37.885862,4148.204556,-49.535,-12.294,105.032,1.0
37.4333,128.198715,37.885847,4146.4604904,-49.476,-12.188,104.887,1.0
37.45,128.198773,37.885831,4144.7264832,-49.414,-12.081,104.743,1.0
37.4666,128.19883,37.885815,4143.0019248,-49.349,-11.975,104.599,1.0
37.4833,128.198888,37.8858,4141.2874248,-49.282,-11.868,104.455,1.0
37.5,128.198946,37.885784,4139.5829832,-49.213,-11.761,104.311,1.0
37.5166,128.199004,37.885769,4137.8879904000005,-49.144,-11.655,104.168,1.0
37.5333,128.199063,37.885754,4136.203056,-49.071,-11.548,104.025,1.0
37.55,128.199121,37.885739,4134.5278752,-48.996,-11.441,103.883,1.0
37.5666,128.199179,37.885724,4132.862752800001,-48.919,-11.333,103.741,1.0
37.5833,128.199238,37.885709,4131.2076888,-48.841,-11.226,103.599,1.0
37.6,128.199296,37.885694,4129.562378400001,-48.762,-11.118,103.457,1.0
37.6166,128.199355,37.88568,4127.9271264,-48.682,-11.01,103.316,1.0
37.6333,128.199413,37.885665,4126.3019328,-48.599,-10.902,103.175,1.0
37.65,128.199472,37.885651,4124.6867976,-48.515,-10.794,103.034,1.0
37.6666,128.199531,37.885636,4123.0817208,-48.43,-10.686,102.894,1.0
37.6833,128.19959,37.885622,4121.4867024000005,-48.344,-10.577,102.754,1.0
37.7,128.199649,37.885608,4119.9017424,-48.256,-10.468,102.614,1.0
37.7166,128.199708,37.885594,4118.3271456,-48.168,-10.36,102.475,1.0
37.7333,128.199767,37.885581,4116.7626072,-48.078,-10.25,102.336,1.0
37.75,128.199826,37.885567,4115.2081272000005,-47.987,-10.141,102.198,1.0
37.7666,128.199885,37.885553,4113.6640104,-47.894,-10.031,102.059,1.0
37.7833,128.199944,37.88554,4112.129952,-47.8,-9.921,101.922,1.0
37.8,128.200004,37.885526,4110.6065616000005,-47.705,-9.811,101.784,1.0
37.8166,128.200063,37.885513,4109.0932296,-47.61,-9.701,101.647,1.0
37.8333,128.200123,37.8855,4107.5905656,-47.516,-9.59,101.51,1.0
37.85,128.200182,37.885487,4106.09796,-47.424,-9.48,101.373,1.0
37.8666,128.200242,37.885474,4104.6160224000005,-47.334,-9.369,101.236,1.0
37.8833,128.200302,37.885461,4103.144752800001,-47.245,-9.258,101.1,1.0
37.9,128.200361,37.885449,4101.6835416,-47.157,-9.147,100.964,1.0
37.9166,128.200421,37.885436,4100.232998400001,-47.07,-9.036,100.828,1.0
37.9333,128.200481,37.885424,4098.793428,-46.986,-8.924,100.693,1.0
37.95,128.200541,37.885411,4097.363916,-46.905,-8.812,100.557,1.0
37.9666,128.200601,37.885399,4095.9453768000003,-46.827,-8.7,100.422,1.0
37.9833,128.200661,37.885387,4094.5372008000004,-46.75,-8.588,100.287,1.0
38.0,128.200721,37.885375,4093.1399976000002,-46.675,-8.475,100.153,1.0
38.0166,128.200781,37.885363,4091.7531576000006,-46.601,-8.363,100.018,1.0
38.0333,128.200842,37.885351,4090.3772904,-46.53,-8.25,99.884,1.0
38.05,128.200902,37.88534,4089.0117864000003,-46.462,-8.137,99.75,1.0
38.0666,128.200962,37.885328,4087.6572552000002,-46.395,-8.023,99.615,1.0
38.0833,128.201023,37.885317,4086.3136968,-46.33,-7.91,99.482,1.0
38.1,128.201083,37.885305,4084.9805016,-46.266,-7.796,99.348,1.0
38.1166,128.201144,37.885294,4083.6582792,-46.204,-7.682,99.214,1.0
38.1333,128.201204,37.885283,4082.3467248,-46.144,-7.568,99.081,1.0
38.15,128.201265,37.885272,4081.0461432,-46.086,-7.454,98.948,1.0
38.1666,128.201326,37.885261,4079.7565344000004,-46.031,-7.34,98.815,1.0
38.1833,128.201386,37.885251,4078.4775936,-45.977,-7.226,98.682,1.0
38.2,128.201447,37.88524,4077.2096256000004,-45.925,-7.111,98.549,1.0
38.2166,128.201508,37.885229,4075.9523256,-45.874,-6.997,98.416,1.0
38.2333,128.201569,37.885219,4074.7063032000005,-45.825,-6.882,98.283,1.0
38.25,128.20163,37.885209,4073.4709488000003,-45.778,-6.767,98.151,1.0
38.2666,128.201691,37.885199,4072.2465672,-45.733,-6.652,98.018,1.0
38.2833,128.201752,37.885188,4071.0331584,-45.688,-6.537,97.886,1.0
38.3,128.201813,37.885179,4069.8304176,-45.645,-6.422,97.754,1.0
38.3166,128.201874,37.885169,4068.6389544000003,-45.603,-6.306,97.622,1.0
38.3333,128.201936,37.885159,4067.4584640000003,-45.563,-6.191,97.49,1.0
38.35,128.201997,37.885149,4066.2889464000004,-45.526,-6.075,97.357,1.0
38.3666,128.202058,37.88514,4065.1304016,-45.49,-5.96,97.225,1.0
38.3833,128.20212,37.885131,4063.9828296,-45.456,-5.844,97.093,1.0
38.4,128.202181,37.885121,4062.8462304000004,-45.424,-5.729,96.961,1.0
38.4166,128.202243,37.885112,4061.7209088,-45.393,-5.613,96.83,1.0
38.4333,128.202304,37.885103,4060.6065600000006,-45.365,-5.497,96.698,1.0
38.45,128.202366,37.885094,4059.5034888000005,-45.34,-5.381,96.566,1.0
38.4666,128.202427,37.885085,4058.4110856,-45.317,-5.266,96.434,1.0
38.4833,128.202489,37.885077,4057.3299600000005,-45.298,-5.15,96.302,1.0
38.5,128.202551,37.885068,4056.2601120000004,-45.28,-5.034,96.17,1.0
38.5166,128.202612,37.88506,4055.2012368000005,-45.263,-4.918,96.038,1.0
38.5333,128.202674,37.885051,4054.1536392000003,-45.251,-4.802,95.906,1.0
38.55,128.202736,37.885043,4053.1170144000002,-45.243,-4.686,95.774,1.0
38.5666,128.202798,37.885035,4052.0916672,-45.238,-4.571,95.641,1.0
38.5833,128.20286,37.885027,4051.0775976,-45.236,-4.455,95.509,1.0
38.6,128.202922,37.885019,4050.0745008000004,-45.237,-4.339,95.376,1.0
38.6166,128.202984,37.885011,4049.0823768,-45.24,-4.223,95.244,1.0
38.6333,128.203046,37.885004,4048.1018352000006,-45.248,-4.107,95.111,1.0
38.65,128.203108,37.884996,4047.1325712000003,-45.261,-3.992,94.978,1.0
38.6666,128.20317,37.884989,4046.17428,-45.279,-3.876,94.844,1.0
38.6833,128.203232,37.884981,4045.2272664,-45.3,-3.761,94.711,1.0
38.7,128.203294,37.884974,4044.2912256000004,-45.324,-3.646,94.577,1.0
38.7166,128.203357,37.884967,4043.3664624000003,-45.351,-3.53,94.444,1.0
38.7333,128.203419,37.88496,4042.4529768,-45.383,-3.415,94.31,1.0
38.75,128.203481,37.884953,4041.5507688000002,-45.42,-3.3,94.175,1.0
38.7666,128.203544,37.884947,4040.6598384000004,-45.463,-3.186,94.04,1.0
38.7833,128.203606,37.88494,4039.7798808,-45.509,-3.071,93.905,1.0
38.8,128.203668,37.884933,4038.9112008,-45.559,-2.957,93.769,1.0
38.8166,128.203731,37.884927,4038.0537984000002,-45.611,-2.842,93.634,1.0
38.8333,128.203793,37.884921,4037.207064,-45.669,-2.741,93.511,1.0
38.85,128.203856,37.884915,4036.3709976,-45.731,-2.652,93.399,1.0
38.8666,128.203919,37.884909,4035.5462088,-45.796,-2.57,93.294,1.0
38.8833,128.203981,37.884903,4034.732088,-45.865,-2.489,93.189,1.0
38.9,128.204044,37.884897,4033.9286352000004,-45.937,-2.406,93.082,1.0
38.9166,128.204106,37.884891,4033.1358504000004,-46.012,-2.32,92.972,1.0
38.9333,128.204169,37.884886,4032.3534288,-46.093,-2.247,92.874,1.0
38.95,128.204232,37.88488,4031.5810656000003,-46.181,-2.203,92.804,1.0
38.9666,128.204295,37.884875,4030.818456,-46.275,-2.179,92.755,1.0
38.9833,128.204357,37.88487,4030.0659048,-46.375,-2.162,92.712,1.0
39.0,128.20442,37.884864,4029.3231072000003,-46.479,-2.142,92.667,1.0
39.0166,128.204483,37.884859,4028.5897584,-46.586,-2.114,92.613,1.0
39.0333,128.204546,37.884854,4027.8667728,-46.725,-2.098,92.564,1.0
39.05,128.204609,37.88485,4027.1535408,-46.895,-2.103,92.528,1.0
39.0666,128.204672,37.884845,4026.449148,-47.095,-2.12,92.502,1.0
39.0833,128.204735,37.88484,4025.7535944,-47.322,-2.139,92.478,1.0
39.1,128.204798,37.884836,4025.0665752000004,-47.572,-2.152,92.449,1.0
39.1166,128.204861,37.884831,4024.3877856,-47.84,-2.155,92.413,1.0
39.1333,128.204924,37.884827,4023.7184448000003,-48.184,-2.17,92.377,1.0
39.15,128.204987,37.884823,4023.0576384,-48.6,-2.196,92.343,1.0
39.1666,128.20505,37.884819,4022.4059760000005,-49.077,-2.227,92.308,1.0
39.1833,128.205113,37.884815,4021.761324,-49.608,-2.253,92.27,1.0
39.2,128.205176,37.884811,4021.1239872000006,-50.183,-2.272,92.228,1.0
39.2166,128.205239,37.884807,4020.493356,-50.79,-2.282,92.18,1.0
39.2333,128.205302,37.884803,4019.8712592,-51.487,-2.298,92.133,1.0
39.25,128.205366,37.884799,4019.2561728,-52.264,-2.319,92.086,1.0
39.2666,128.205429,37.884796,4018.6484016,-53.105,-2.341,92.039,1.0
39.2833,128.205492,37.884793,4018.0461168000006,-53.997,-2.36,91.988,1.0
39.3,128.205555,37.884789,4017.4499280000005,-54.929,-2.373,91.932,1.0
39.3166,128.205619,37.884786,4016.8589208000003,-55.89,-2.381,91.872,1.0
39.3333,128.205682,37.884783,4016.2718760000002,-56.768,-2.387,91.818,1.0
39.35,128.205745,37.88478,4015.6890984,-57.562,-2.391,91.773,1.0
39.3666,128.205809,37.884777,4015.1099784000003,-58.282,-2.396,91.728,1.0
39.3833,128.205872,37.884774,4014.5339064,-58.941,-2.402,91.679,1.0
39.4,128.205935,37.884771,4013.9614920000004,-59.555,-2.41,91.623,1.0
39.4166,128.205999,37.884768,4013.3924304,-60.139,-2.417,91.56,1.0
39.4333,128.206062,37.884765,4012.8270264,-60.759,-2.435,91.503,1.0
39.45,128.206126,37.884763,4012.2652800000005,-61.42,-2.461,91.452,1.0
39.4666,128.206189,37.88476,4011.7071912,-62.12,-2.49,91.405,1.0
39.4833,128.206253,37.884758,4011.1518456000003,-62.853,-2.517,91.357,1.0
39.5,128.206316,37.884755,4010.5992432000003,-63.611,-2.54,91.305,1.0
39.5166,128.20638,37.884753,4010.0490792,-64.388,-2.56,91.249,1.0
39.5333,128.206443,37.884751,4009.5025728,-65.251,-2.587,91.197,1.0
39.55,128.206507,37.884749,4008.9588096,-66.193,-2.623,91.151,1.0
39.5666,128.20657,37.884746,4008.4180944,-67.202,-2.66,91.106,1.0
39.5833,128.206634,37.884745,4007.8785984000006,-68.263,-2.696,91.059,1.0
39.6,128.206698,37.884743,4007.341236,-69.364,-2.727,91.009,1.0
39.6166,128.206761,37.884741,4006.8050928000002,-70.492,-2.755,90.954,1.0
39.6333,128.206825,37.884739,4006.2716928,-71.697,-2.787,90.9,1.0
39.65,128.206889,37.884737,4005.7395120000006,-72.969,-2.823,90.846,1.0
39.6666,128.206952,37.884736,4005.2082456000003,-74.296,-2.86,90.791,1.0
39.6833,128.207016,37.884734,4004.6778936000005,-75.664,-2.897,90.735,1.0
39.7,128.20708,37.884733,4004.1478464000006,-77.065,-2.931,90.674,1.0
39.7166,128.207143,37.884732,4003.618104,-78.487,-2.964,90.61,1.0
39.7333,128.207207,37.88473,4003.0889712000003,-79.957,-2.998,90.544,1.0
39.75,128.207271,37.884729,4002.5595336,-81.469,-3.036,90.476,1.0
39.7666,128.207334,37.884728,4002.0297912,-83.013,-3.076,90.407,1.0
39.7833,128.207398,37.884727,4001.4994392000003,-84.583,-3.116,90.335,1.0
39.8,128.207462,37.884726,4000.9681728,-86.171,-3.156,90.26,1.0
39.8166,128.207526,37.884725,4000.4359920000006,-87.772,-3.197,90.183,1.0
39.8333,128.207589,37.884724,3999.9025920000004,-89.401,-3.24,90.104,1.0
39.85,128.207653,37.884723,3999.3676680000003,-91.053,-3.286,90.023,1.0
39.8666,128.207717,37.884723,3998.83122,-92.723,-3.335,89.94,1.0
39.8833,128.207781,37.884722,3998.2926384,-94.408,-3.386,89.857,1.0
39.9,128.207845,37.884722,3997.7522280000003,-96.103,-3.438,89.771,1.0
39.9166,128.207909,37.884721,3997.2090744,-97.804,-3.493,89.685,1.0
39.9333,128.207972,37.884721,3996.6637872000006,-99.515,-3.55,89.596,1.0
39.95,128.208036,37.88472,3996.1157568000003,-101.233,-3.61,89.507,1.0
39.9666,128.2081,37.88472,3995.5646784000005,-102.957,-3.674,89.416,1.0
39.9833,128.208164,37.88472,3995.010552,-104.684,-3.74,89.325,1.0
40.0,128.208228,37.88472,3994.4530728000004,-106.414,-3.81,89.234,1.0
40.0166,128.208292,37.884719,3993.8922408000003,-108.145,-3.881,89.143,1.0
40.0333,128.208356,37.884719,3993.328056,-109.866,-3.956,89.051,1.0
40.05,128.20842,37.884719,3992.7599088,-111.577,-4.034,88.957,1.0
40.0666,128.208483,37.884719,3992.1877992,-113.279,-4.116,88.863,1.0
40.0833,128.208547,37.88472,3991.6114224000003,-114.974,-4.201,88.77,1.0
40.1,128.208611,37.88472,3991.0307784000006,-116.663,-4.289,88.679,1.0
40.1166,128.208675,37.88472,3990.4455624000007,-118.348,-4.38,88.59,1.0
40.1333,128.208739,37.88472,3989.856384,-120.003,-4.474,88.499,1.0
40.15,128.208803,37.88472,3989.2623288,-121.629,-4.571,88.407,1.0
40.1666,128.208867,37.884721,3988.6633968,-123.232,-4.672,88.315,1.0
40.1833,128.208931,37.884721,3988.0592832,-124.816,-4.775,88.225,1.0
40.2,128.208995,37.884722,3987.449988,-126.385,-4.882,88.139,1.0
40.2166,128.209059,37.884722,3986.8352064,-127.945,-4.992,88.057,1.0
40.2333,128.209123,37.884723,3986.2152432000003,-129.458,-5.104,87.974,1.0
40.25,128.209187,37.884723,3985.5904032000003,-130.927,-5.218,87.889,1.0
40.2666,128.209251,37.884724,3984.9594672,-132.361,-5.335,87.805,1.0
40.2833,128.209315,37.884725,3984.3230448,-133.768,-5.455,87.726,1.0
40.3,128.209379,37.884725,3983.6802216,-135.153,-5.578,87.651,1.0
40.3166,128.209443,37.884726,3983.0306928,-136.526,-5.702,87.58,1.0
40.3333,128.209507,37.884727,3982.3759824000003,-137.838,-5.828,87.509,1.0
40.35,128.209571,37.884728,3981.7154808,-139.096,-5.954,87.437,1.0
40.3666,128.209635,37.884729,3981.0485784000007,-140.31,-6.083,87.366,1.0
40.3833,128.209699,37.88473,3980.3749704,-141.489,-6.213,87.299,1.0
40.4,128.209763,37.884731,3979.694352,-142.643,-6.344,87.238,1.0
40.4166,128.209828,37.884732,3979.0067232,-143.779,-6.477,87.182,1.0
40.4333,128.209892,37.884733,3978.3129984,-144.844,-6.61,87.124,1.0
40.45,128.209956,37.884734,3977.6131776,-145.842,-6.744,87.065,1.0
40.4666,128.21002,37.884735,3976.9066512,-146.788,-6.877,87.006,1.0
40.4833,128.210084,37.884736,3976.1925048000003,-147.692,-7.012,86.953,1.0
40.5,128.210148,37.884737,3975.4713480000005,-148.565,-7.147,86.904,1.0
40.5166,128.210212,37.884738,3974.7422664000005,-149.418,-7.283,86.861,1.0
40.5333,128.210276,37.884739,3974.006784,-150.187,-7.42,86.815,1.0
40.55,128.21034,37.884741,3973.2645960000004,-150.882,-7.556,86.765,1.0
40.5666,128.210405,37.884742,3972.5160072000003,-151.515,-7.693,86.716,1.0
40.5833,128.210469,37.884743,3971.7591888,-152.101,-7.829,86.671,1.0
40.6,128.210533,37.884745,3970.9947504,-152.652,-7.966,86.631,1.0
40.6166,128.210597,37.884746,3970.2223872000004,-153.179,-8.102,86.596,1.0
40.6333,128.210661,37.884748,3969.4420992,-153.682,-8.242,86.561,1.0
40.65,128.210725,37.884749,3968.6532768,-154.166,-8.384,86.524,1.0
40.6666,128.21079,37.88475,3967.8562248000003,-154.638,-8.527,86.487,1.0
40.6833,128.210854,37.884752,3967.0503336,-155.099,-8.668,86.452,1.0
40.7,128.210918,37.884754,3966.2356032000002,-155.552,-8.808,86.419,1.0
40.7166,128.210982,37.884755,3965.4120336,-155.999,-8.946,86.389,1.0
40.7333,128.211046,37.884757,3964.5808440000005,-156.36,-9.082,86.354,1.0
40.75,128.211111,37.884758,3963.7417296000003,-156.639,-9.217,86.314,1.0
40.7666,128.211175,37.88476,3962.8953,-156.85,-9.351,86.274,1.0
40.7833,128.211239,37.884762,3962.040336,-157.006,-9.484,86.238,1.0
40.8,128.211303,37.884763,3961.1768376,-157.123,-9.618,86.207,1.0
40.8166,128.211367,37.884765,3960.3041952000003,-157.215,-9.75,86.179,1.0
40.8333,128.211432,37.884767,3959.4248472,-157.226,-9.861,86.157,1.0
40.85,128.211496,37.884769,3958.5378792,-157.168,-9.95,86.139,1.0
40.8666,128.21156,37.88477,3957.6432912000005,-157.053,-10.028,86.123,1.0
40.8833,128.211624,37.884772,3956.7401688000004,-156.892,-10.104,86.11,1.0
40.9,128.211688,37.884774,3955.8288168000004,-156.697,-10.184,86.098,1.0
40.9166,128.211753,37.884776,3954.9089304000004,-156.479,-10.268,86.087,1.0
40.9333,128.211817,37.884778,3953.9820336000002,-156.158,-10.348,86.07,1.0
40.95,128.211881,37.88478,3953.0478216,-155.745,-10.422,86.049,1.0
40.9666,128.211945,37.884782,3952.1078184000003,-155.255,-10.492,86.026,1.0
40.9833,128.21201,37.884784,3951.1592808,-154.705,-10.562,86.005,1.0
41.0,128.212074,37.884786,3950.2034280000003,-154.11,-10.634,85.988,1.0
41.0166,128.212138,37.884788,3949.2396504000003,-153.485,-10.708,85.972,1.0
41.0333,128.212203,37.88479,3948.2676432000003,-152.841,-10.788,85.945,1.0
41.05,128.212267,37.884792,3947.2877112,-152.184,-10.873,85.904,1.0
41.0666,128.212331,37.884794,3946.2998544,-151.515,-10.959,85.857,1.0
41.0833,128.212395,37.884796,3945.303768,-150.828,-11.045,85.808,1.0
41.1,128.21246,37.884798,3944.2997568,-150.126,-11.129,85.762,1.0
41.1166,128.212524,37.884801,3943.2875160000003,-149.412,-11.211,85.718,1.0
41.1333,128.212588,37.884803,3942.2655216,-148.711,-11.303,85.668,1.0
41.15,128.212653,37.884805,3941.234688,-148.027,-11.404,85.61,1.0
41.1666,128.212717,37.884807,3940.1953200000003,-147.359,-11.51,85.547,1.0
41.1833,128.212781,37.88481,3939.1471128,-146.701,-11.613,85.482,1.0
41.2,128.212846,37.884812,3938.0903712000004,-146.051,-11.712,85.417,1.0
41.2166,128.21291,37.884815,3937.0247904000003,-145.404,-11.807,85.352,1.0
41.2333,128.212974,37.884817,3935.9491512,-144.78,-11.908,85.282,1.0
41.25,128.213038,37.88482,3934.864368,-144.176,-12.016,85.208,1.0
41.2666,128.213103,37.884822,3933.7707456000003,-143.589,-12.127,85.129,1.0
41.2833,128.213167,37.884825,3932.6679792,-143.014,-12.235,85.05,1.0
41.3,128.213231,37.884827,3931.5560688000005,-142.449,-12.339,84.97,1.0
41.3166,128.213295,37.88483,3930.4353192000003,-141.889,-12.439,84.891,1.0
41.3333,128.21336,37.884833,3929.3042064,-141.348,-12.542,84.809,1.0
41.35,128.213424,37.884836,3928.1639496000003,-140.823,-12.649,84.722,1.0
41.3666,128.213488,37.884839,3927.0145488000003,-140.311,-12.757,84.634,1.0
41.3833,128.213552,37.884841,3925.856004,-139.809,-12.863,84.544,1.0
41.4,128.213617,37.884844,3924.6877056000003,-139.314,-12.965,84.455,1.0
41.4166,128.213681,37.884847,3923.510568,-138.823,-13.064,84.367,1.0
41.4333,128.213745,37.884851,3922.3230672,-138.35,-13.165,84.276,1.0
41.45,128.213809,37.884854,3921.1264224,-137.892,-13.269,84.181,1.0
41.4666,128.213873,37.884857,3919.920024,-137.446,-13.373,84.085,1.0
41.4833,128.213937,37.88486,3918.7044816000002,-137.01,-13.476,83.989,1.0
41.5,128.214002,37.884863,3917.4794904,-136.58,-13.575,83.892,1.0
41.5166,128.214066,37.884867,3916.2447456000004,-136.155,-13.671,83.797,1.0
41.5333,128.21413,37.88487,3914.9999424,-135.748,-13.77,83.698,1.0
41.55,128.214194,37.884874,3913.7459952,-135.356,-13.872,83.596,1.0
41.5666,128.214258,37.884877,3912.4819896000004,-134.978,-13.974,83.493,1.0
41.5833,128.214322,37.884881,3911.2085352000004,-134.609,-14.075,83.39,1.0
41.6,128.214386,37.884885,3909.9256320000004,-134.247,-14.172,83.287,1.0
41.6166,128.21445,37.884888,3908.6332800000005,-133.89,-14.267,83.184,1.0
41.6333,128.214514,37.884892,3907.3305648,-133.551,-14.364,83.079,1.0
41.65,128.214578,37.884896,3906.0184008000006,-133.226,-14.464,82.971,1.0
41.6666,128.214642,37.8849,3904.6964832,-132.914,-14.564,82.861,1.0
41.6833,128.214706,37.884904,3903.3648120000003,-132.611,-14.663,82.751,1.0
41.7,128.21477,37.884908,3902.0236920000007,-132.316,-14.759,82.642,1.0
41.7166,128.214834,37.884912,3900.6731232,-132.025,-14.853,82.534,1.0
41.7333,128.214898,37.884916,3899.3134104,-131.635,-14.943,82.417,1.0
41.75,128.214962,37.884921,3897.9448584,-131.148,-15.028,82.293,1.0
41.7666,128.215026,37.884925,3896.5686864000004,-130.58,-15.113,82.167,1.0
41.7833,128.21509,37.88493,3895.1839800000002,-129.949,-15.199,82.044,1.0
41.8,128.215154,37.884934,3893.7904344000003,-129.272,-15.286,81.926,1.0
41.8166,128.215217,37.884939,3892.3877448,-128.567,-15.373,81.811,1.0
41.8333,128.215281,37.884943,3890.9759112,-127.92,-15.467,81.695,1.0
41.85,128.215345,37.884948,3889.5540192000003,-127.336,-15.567,81.576,1.0
41.8666,128.215409,37.884953,3888.1220688000003,-126.808,-15.667,81.454,1.0
41.8833,128.215473,37.884958,3886.6803648,-126.325,-15.762,81.33,1.0
41.9,128.215536,37.884963,3885.229212,-125.874,-15.851,81.204,1.0
41.9166,128.2156,37.884968,3883.7689152,-125.442,-15.934,81.079,1.0
41.9333,128.215664,37.884973,3882.2982552000003,-125.071,-16.023,80.949,1.0
41.95,128.215727,37.884978,3880.8175368,-124.753,-16.119,80.815,1.0
41.9666,128.215791,37.884984,3879.3273696,-124.477,-16.217,80.678,1.0
41.9833,128.215855,37.884989,3877.8274488000006,-124.236,-16.313,80.54,1.0
42.0,128.215918,37.884994,3876.3180792000003,-124.02,-16.404,80.402,1.0
42.0166,128.215982,37.885,3874.7992608,-123.82,-16.491,80.265,1.0
42.0333,128.216045,37.885006,3873.2700792,-123.656,-16.58,80.126,1.0
42.05,128.216109,37.885012,3871.7317536,-123.521,-16.674,79.983,1.0
42.0666,128.216172,37.885018,3870.1836744,-123.41,-16.769,79.84,1.0
42.0833,128.216236,37.885024,3868.6258416000005,-123.316,-16.862,79.696,1.0
42.1,128.216299,37.88503,3867.0585600000004,-123.237,-16.953,79.554,1.0
42.1166,128.216362,37.885036,3865.4821344,-123.166,-17.042,79.413,1.0
42.1333,128.216426,37.885042,3863.8953456000004,-123.112,-17.132,79.271,1.0
42.15,128.216489,37.885049,3862.2994128,-123.071,-17.223,79.128,1.0
42.1666,128.216552,37.885055,3860.6937264,-123.04,-17.314,78.985,1.0
42.1833,128.216615,37.885062,3859.0785912,-123.018,-17.405,78.843,1.0
42.2,128.216679,37.885068,3857.4540072000004,-123.002,-17.495,78.702,1.0
42.2166,128.216742,37.885075,3855.8196696,-122.99,-17.584,78.561,1.0
42.2333,128.216805,37.885082,3854.1758832,-122.983,-17.673,78.421,1.0
42.25,128.216868,37.885089,3852.522648,-122.98,-17.763,78.28,1.0
42.2666,128.216931,37.885096,3850.8596592000004,-122.98,-17.853,78.139,1.0
42.2833,128.216994,37.885103,3849.1869168000003,-122.983,-17.943,77.998,1.0
42.3,128.217057,37.885111,3847.5047256000003,-122.988,-18.032,77.859,1.0
42.3166,128.21712,37.885118,3845.8130856,-122.994,-18.121,77.72,1.0
42.3333,128.217183,37.885126,3844.1116920000004,-123.004,-18.208,77.585,1.0
42.35,128.217245,37.885133,3842.4005448,-123.017,-18.294,77.454,1.0
42.3666,128.217308,37.885141,3840.6799488000006,-123.033,-18.378,77.324,1.0
42.3833,128.217371,37.885149,3838.949904,-123.049,-18.463,77.194,1.0
42.4,128.217434,37.885157,3837.2101056000006,-123.067,-18.547,77.064,1.0
42.4166,128.217496,37.885165,3835.4608584000002,-123.086,-18.633,76.934,1.0
42.4333,128.217559,37.885173,3833.7018576000005,-123.107,-18.718,76.804,1.0
42.45,128.217622,37.885181,3831.9331032000005,-123.131,-18.804,76.674,1.0
42.4666,128.217684,37.885189,3830.1549,-123.157,-18.89,76.544,1.0
42.4833,128.217747,37.885197,3828.3672480000005,-123.185,-18.976,76.414,1.0
42.5,128.217809,37.885206,3826.5698424,-123.214,-19.063,76.285,1.0
42.5166,128.217871,37.885215,3824.762988,-123.244,-19.149,76.155,1.0
42.5333,128.217934,37.885223,3822.9460752000005,-123.274,-19.237,76.023,1.0
42.55,128.217996,37.885232,3821.1200184000004,-123.304,-19.328,75.887,1.0
42.5666,128.218058,37.885241,3819.284208,-123.334,-19.419,75.751,1.0
42.5833,128.218121,37.88525,3817.4386440000003,-123.364,-19.51,75.614,1.0
42.6,128.218183,37.885259,3815.5833264,-123.394,-19.601,75.479,1.0
42.6166,128.218245,37.885268,3813.7185600000003,-123.426,-19.692,75.345,1.0
42.6333,128.218307,37.885277,3811.84404,-123.455,-19.785,75.208,1.0
42.65,128.218369,37.885287,3809.9597664000003,-123.483,-19.879,75.068,1.0
42.6666,128.218431,37.885296,3808.0660440000006,-123.509,-19.974,74.926,1.0
42.6833,128.218493,37.885306,3806.1622632,-123.535,-20.07,74.785,1.0
42.7,128.218555,37.885315,3804.2490336,-123.561,-20.165,74.645,1.0
42.7166,128.218617,37.885325,3802.3257456,-123.587,-20.259,74.506,1.0
42.7333,128.218679,37.885335,3800.3930088,-123.612,-20.355,74.366,1.0
42.75,128.21874,37.885345,3798.4502136,-123.635,-20.452,74.223,1.0
42.7666,128.218802,37.885355,3796.4976647999997,-123.657,-20.55,74.079,1.0
42.7833,128.218864,37.885365,3794.5353624000004,-123.68,-20.648,73.936,1.0
42.8,128.218925,37.885376,3792.5633064,-123.702,-20.746,73.794,1.0
42.8166,128.218987,37.885386,3790.5811920000006,-123.724,-20.842,73.653,1.0
42.8333,128.219048,37.885396,3788.5896288,-123.745,-20.937,73.516,1.0
42.85,128.21911,37.885407,3786.5880072000004,-123.766,-21.028,73.384,1.0
42.8666,128.219171,37.885418,3784.5766320000002,-123.784,-21.118,73.253,1.0
42.8833,128.219233,37.885429,3782.5551984000003,-123.802,-21.209,73.122,1.0
42.9,128.219294,37.885439,3780.524316,-123.817,-21.3,72.99,1.0
42.9166,128.219355,37.88545,3778.4833752000004,-123.832,-21.392,72.858,1.0
42.9333,128.219416,37.885461,3776.4329856,-123.837,-21.482,72.728,1.0
42.95,128.219477,37.885473,3774.3728424,-123.832,-21.57,72.6,1.0
42.9666,128.219538,37.885484,3772.3032504000003,-123.819,-21.657,72.473,1.0
42.9833,128.219599,37.885495,3770.2236000000003,-123.8,-21.744,72.346,1.0
43.0,128.21966,37.885507,3768.1341960000004,-123.775,-21.832,72.218,1.0
43.0166,128.219721,37.885518,3766.0353432,-123.747,-21.921,72.091,1.0
43.0333,128.219782,37.88553,3763.9273464000003,-123.698,-22.009,71.962,1.0
43.05,128.219843,37.885542,3761.8095960000005,-123.628,-22.095,71.833,1.0
43.0666,128.219904,37.885553,3759.6823968,-123.542,-22.18,71.704,1.0
43.0833,128.219964,37.885565,3757.5454440000003,-123.443,-22.266,71.575,1.0
43.1,128.220025,37.885577,3755.3993472,-123.335,-22.352,71.447,1.0
43.1166,128.220085,37.88559,3753.2434968,-123.221,-22.44,71.318,1.0
43.1333,128.220146,37.885602,3751.0785024,-123.076,-22.525,71.189,1.0
43.15,128.220206,37.885614,3748.9046688000003,-122.903,-22.607,71.059,1.0
43.1666,128.220267,37.885627,3746.7210816,-122.708,-22.688,70.929,1.0
43.1833,128.220327,37.885639,3744.5283504000004,-122.495,-22.77,70.799,1.0
43.2,128.220387,37.885652,3742.3264752000005,-122.268,-22.853,70.669,1.0
43.2166,128.220448,37.885664,3740.1151512,-122.034,-22.936,70.54,1.0
43.2333,128.220508,37.885677,3737.8952928,-121.764,-23.016,70.411,1.0
43.25,128.220568,37.88569,3735.6662904,-121.464,-23.092,70.281,1.0
43.2666,128.220628,37.885703,3733.4284488000003,-121.139,-23.167,70.151,1.0
43.2833,128.220688,37.885716,3731.1814632,-120.794,-23.242,70.021,1.0
43.3,128.220748,37.885729,3728.9256384,-120.433,-23.317,69.892,1.0
43.3166,128.220808,37.885743,3726.6609744,-120.064,-23.393,69.762,1.0
43.3333,128.220867,37.885756,3724.3877760000005,-119.665,-23.466,69.633,1.0
43.35,128.220927,37.885769,3722.1060432000004,-119.241,-23.535,69.502,1.0
43.3666,128.220987,37.885783,3719.8154712000005,-118.796,-23.603,69.371,1.0
43.3833,128.221047,37.885797,3717.5166696,-118.335,-23.67,69.24,1.0
43.4,128.221106,37.88581,3715.2090288,-117.861,-23.738,69.109,1.0
43.4166,128.221166,37.885824,3712.8931584,-117.379,-23.805,68.978,1.0
43.4333,128.221225,37.885838,3710.5690584,-116.885,-23.871,68.846,1.0
43.45,128.221285,37.885852,3708.236424,-116.382,-23.935,68.711,1.0
43.4666,128.221344,37.885866,3705.8955600000004,-115.871,-23.998,68.576,1.0
43.4833,128.221403,37.885881,3703.5464664,-115.354,-24.059,68.44,1.0
43.5,128.221462,37.885895,3701.189448,-114.833,-24.12,68.304,1.0
43.5166,128.221522,37.885909,3698.8245048000003,-114.308,-24.179,68.168,1.0
43.5333,128.221581,37.885924,3696.451332,-113.786,-24.238,68.029,1.0
43.55,128.22164,37.885939,3694.0705392000004,-113.268,-24.296,67.889,1.0
43.5666,128.221699,37.885953,3691.6818215999997,-112.752,-24.354,67.748,1.0
43.5833,128.221757,37.885968,3689.285484,-112.24,-24.409,67.605,1.0
43.6,128.221816,37.885983,3686.8818312,-111.728,-24.463,67.463,1.0
43.6166,128.221875,37.885998,3684.4702536,-111.217,-24.515,67.32,1.0
43.6333,128.221934,37.886014,3682.0513608,-110.714,-24.566,67.178,1.0
43.65,128.221992,37.886029,3679.6254576000006,-110.219,-24.616,67.035,1.0
43.6666,128.222051,37.886044,3677.1919344000003,-109.729,-24.666,66.891,1.0
43.6833,128.222109,37.88606,3674.7514008000003,-109.244,-24.713,66.747,1.0
43.7,128.222168,37.886076,3672.3038568,-108.762,-24.759,66.602,1.0
43.7166,128.222226,37.886091,3669.8496072000003,-108.28,-24.803,66.457,1.0
43.7333,128.222285,37.886107,3667.3883472,-107.805,-24.845,66.315,1.0
43.75,128.222343,37.886123,3664.9203816,-107.333,-24.885,66.176,1.0
43.7666,128.222401,37.886139,3662.4457104,-106.865,-24.924,66.038,1.0
43.7833,128.222459,37.886156,3659.9646384000002,-106.397,-24.961,65.9,1.0
43.8,128.222517,37.886172,3657.4771656000003,-105.93,-24.997,65.759,1.0
43.8166,128.222575,37.886188,3654.9832920000003,-105.463,-25.033,65.618,1.0
43.8333,128.222633,37.886205,3652.4833224,-104.988,-25.064,65.483,1.0
43.85,128.222691,37.886222,3649.9775616,-104.505,-25.091,65.356,1.0
43.8666,128.222748,37.886238,3647.4657048000004,-104.014,-25.117,65.233,1.0
43.8833,128.222806,37.886255,3644.9480568000004,-103.514,-25.142,65.108,1.0
43.9,128.222864,37.886272,3642.4246176,-103.008,-25.167,64.98,1.0
43.9166,128.222921,37.886289,3639.8956920000005,-102.497,-25.192,64.85,1.0
43.9333,128.222979,37.886307,3637.36128,-102.001,-25.216,64.722,1.0
43.95,128.223036,37.886324,3634.8210768,-101.519,-25.24,64.598,1.0
43.9666,128.223094,37.886341,3632.2759968,-101.05,-25.263,64.476,1.0
43.9833,128.223151,37.886359,3629.7254304000003,-100.589,-25.284,64.353,1.0
44.0,128.223208,37.886377,3627.1696824000005,-100.133,-25.303,64.227,1.0
44.0166,128.223265,37.886394,3624.6090576000006,-99.68,-25.32,64.098,1.0
44.0333,128.223322,37.886412,3622.0438608,-99.313,-25.349,63.946,1.0
44.05,128.223379,37.88643,3619.4734824,-99.03,-25.39,63.77,1.0
44.0666,128.223436,37.886449,3616.8982272000003,-98.82,-25.432,63.584,1.0
44.0833,128.223493,37.886467,3614.3174856,-98.672,-25.468,63.398,1.0
44.1,128.22355,37.886485,3611.7318672,-98.573,-25.496,63.218,1.0
44.1166,128.223607,37.886504,3609.1416768,-98.5,-25.519,63.044,1.0
44.1333,128.223663,37.886522,3606.5466096000005,-98.455,-25.543,62.877,1.0
44.15,128.22372,37.886541,3603.9472752,-98.426,-25.571,62.715,1.0
44.1666,128.223776,37.88656,3601.343064,-98.41,-25.602,62.552,1.0
44.1833,128.223833,37.886579,3598.7342808,-98.405,-25.632,62.389,1.0
44.2,128.223889,37.886598,3596.120316,-98.412,-25.662,62.224,1.0
44.2166,128.223945,37.886618,3593.502084,-98.426,-25.69,62.058,1.0
44.2333,128.224001,37.886637,3590.8798896000003,-98.511,-25.728,61.911,1.0
44.25,128.224057,37.886657,3588.2531232,-98.663,-25.778,61.785,1.0
44.2666,128.224113,37.886676,3585.6208704,-98.873,-25.83,61.667,1.0
44.2833,128.224169,37.886696,3582.9837408000003,-99.133,-25.88,61.546,1.0
44.3,128.224225,37.886716,3580.3417344000004,-99.431,-25.924,61.417,1.0
44.3166,128.224281,37.886736,3577.6948512,-99.752,-25.964,61.281,1.0
44.3333,128.224336,37.886756,3575.0433960000005,-100.116,-26.007,61.141,1.0
44.35,128.224392,37.886776,3572.3867592,-100.512,-26.056,60.998,1.0
44.3666,128.224447,37.886797,3569.7252456,-100.933,-26.109,60.855,1.0
44.3833,128.224503,37.886817,3567.0585504,-101.375,-26.162,60.712,1.0
44.4,128.224558,37.886838,3564.3863688,-101.833,-26.214,60.568,1.0
44.4166,128.224613,37.886859,3561.7090056000006,-102.301,-26.266,60.423,1.0
44.4333,128.224668,37.88688,3559.0264608,-102.726,-26.318,60.257,1.0
44.45,128.224723,37.8869,3556.3387344000002,-103.106,-26.373,60.073,1.0
44.4666,128.224778,37.886922,3553.6455216,-103.449,-26.432,59.88,1.0
44.4833,128.224833,37.886943,3550.9468224,-103.768,-26.494,59.69,1.0
44.5,128.224888,37.886964,3548.2426368,-104.073,-26.558,59.507,1.0
44.5166,128.224942,37.886985,3545.5326600000003,-104.373,-26.624,59.331,1.0
44.5333,128.224997,37.887007,3542.8171968,-104.634,-26.691,59.145,1.0
44.55,128.225052,37.887029,3540.0956376,-104.863,-26.758,58.949,1.0
44.5666,128.225106,37.88705,3537.3682872000004,-105.066,-26.826,58.749,1.0
44.5833,128.22516,37.887072,3534.6348408000003,-105.251,-26.896,58.55,1.0
44.6,128.225215,37.887094,3531.8956032000006,-105.425,-26.967,58.356,1.0
44.6166,128.225269,37.887116,3529.1502696,-105.593,-27.04,58.168,1.0
44.6333,128.225323,37.887138,3526.3985352000004,-105.723,-27.109,57.965,1.0
44.65,128.225377,37.88716,3523.6407048,-105.817,-27.176,57.745,1.0
44.6666,128.225431,37.887183,3520.8764736000003,-105.881,-27.241,57.519,1.0
44.6833,128.225485,37.887205,3518.1064512,-105.92,-27.309,57.297,1.0
44.7,128.225538,37.887228,3515.3300280000003,-105.942,-27.378,57.082,1.0
44.7166,128.225592,37.887251,3512.547204,-105.953,-27.45,56.876,1.0
44.7333,128.225645,37.887273,3509.7579792,-105.958,-27.518,56.673,1.0
44.75,128.225699,37.887296,3506.9620488000005,-105.96,-27.583,56.47,1.0
44.7666,128.225752,37.887319,3504.1597176,-105.96,-27.646,56.266,1.0
44.7833,128.225805,37.887343,3501.3509856,-105.956,-27.708,56.064,1.0
44.8,128.225858,37.887366,3498.5358528,-105.946,-27.771,55.864,1.0
44.8166,128.225911,37.887389,3495.7143192000003,-105.932,-27.835,55.666,1.0
44.8333,128.225964,37.887413,3492.8857752000004,-105.916,-27.898,55.469,1.0
44.85,128.226017,37.887436,3490.0511352000003,-105.9,-27.96,55.272,1.0
44.8666,128.226069,37.88746,3487.2097896000005,-105.884,-28.02,55.076,1.0
44.8833,128.226122,37.887484,3484.3620432000002,-105.866,-28.079,54.88,1.0
44.9,128.226174,37.887508,3481.5075912,-105.846,-28.14,54.686,1.0
44.9166,128.226227,37.887532,3478.6467384000002,-105.825,-28.2,54.494,1.0
44.9333,128.226279,37.887556,3475.7791800000005,-105.777,-28.257,54.297,1.0
44.95,128.226331,37.88758,3472.9052208000003,-105.705,-28.311,54.096,1.0
44.9666,128.226383,37.887605,3470.0251656,-105.613,-28.365,53.895,1.0
44.9833,128.226435,37.887629,3467.1384048000004,-105.502,-28.419,53.695,1.0
45.0,128.226487,37.887654,3464.2455480000003,-105.379,-28.475,53.498,1.0
45.0166,128.226538,37.887679,3461.3459856,-105.25,-28.531,53.303,1.0
45.0333,128.22659,37.887704,3458.4400224,-105.118,-28.587,53.11,1.0
45.05,128.226641,37.887729,3455.5273536,-104.986,-28.642,52.919,1.0
45.0666,128.226692,37.887754,3452.6085888000002,-104.855,-28.696,52.727,1.0
45.0833,128.226744,37.887779,3449.6834232,-104.724,-28.749,52.536,1.0
45.1,128.226795,37.887804,3446.7518568,-104.593,-28.802,52.344,1.0
45.1166,128.226846,37.88783,3443.8138896000005,-104.461,-28.854,52.154,1.0
45.1333,128.226896,37.887855,3440.8698264,-104.324,-28.905,51.962,1.0
45.15,128.226947,37.887881,3437.9193624000004,-104.183,-28.957,51.77,1.0
45.1666,128.226998,37.887907,3434.9628024000003,-104.038,-29.007,51.578,1.0
45.1833,128.227048,37.887933,3432.0001464000006,-103.891,-29.057,51.387,1.0
45.2,128.227098,37.887959,3429.0310896000005,-103.742,-29.107,51.196,1.0
45.2166,128.227149,37.887985,3426.0559368000004,-103.593,-29.157,51.005,1.0
45.2333,128.227199,37.888011,3423.0749928,-103.435,-29.205,50.813,1.0
45.25,128.227249,37.888038,3420.087648,-103.27,-29.253,50.619,1.0
45.2666,128.227298,37.888064,3417.094512,-103.099,-29.3,50.425,1.0
45.2833,128.227348,37.888091,3414.0952800000005,-102.923,-29.347,50.231,1.0
45.3,128.227398,37.888118,3411.0902568,-102.745,-29.394,50.038,1.0
45.3166,128.227447,37.888144,3408.0791375999997,-102.565,-29.44,49.846,1.0
45.3333,128.227496,37.888171,3405.0622272,-102.375,-29.486,49.652,1.0
45.35,128.227545,37.888198,3402.0398304000005,-102.177,-29.53,49.455,1.0
45.3666,128.227595,37.888226,3399.0113376,-101.971,-29.573,49.258,1.0
45.3833,128.227643,37.888253,3395.9770536,-101.761,-29.617,49.061,1.0
45.4,128.227692,37.88828,3392.9372832,-101.547,-29.66,48.865,1.0
45.4166,128.227741,37.888308,3389.8920264,-101.331,-29.702,48.67,1.0
45.4333,128.227789,37.888336,3386.8409784000005,-101.109,-29.744,48.473,1.0
45.45,128.227838,37.888363,3383.7844440000003,-100.881,-29.784,48.275,1.0
45.4666,128.227886,37.888391,3380.7224232000003,-100.648,-29.824,48.075,1.0
45.4833,128.227934,37.888419,3377.6549160000004,-100.413,-29.863,47.876,1.0
45.5,128.227982,37.888447,3374.5822272,-100.175,-29.902,47.678,1.0
45.5166,128.22803,37.888476,3371.5040520000002,-99.936,-29.939,47.481,1.0
45.5333,128.228078,37.888504,3368.4206952,-99.69,-29.976,47.281,1.0
45.55,128.228125,37.888533,3365.3321568,-99.437,-30.012,47.078,1.0
45.5666,128.228173,37.888561,3362.2384368000003,-99.178,-30.048,46.873,1.0
45.5833,128.22822,37.88859,3359.13984,-98.917,-30.082,46.669,1.0
45.6,128.228267,37.888619,3356.0360616000003,-98.653,-30.116,46.467,1.0
45.6166,128.228314,37.888648,3352.9274064,-98.389,-30.149,46.266,1.0
45.6333,128.228361,37.888677,3349.8135696,-98.132,-30.182,46.065,1.0
45.65,128.228408,37.888706,3346.6951608,-97.884,-30.214,45.864,1.0
45.6666,128.228455,37.888735,3343.5718752000002,-97.643,-30.246,45.663,1.0
45.6833,128.228501,37.888765,3340.4437128,-97.408,-30.277,45.461,1.0
45.7,128.228547,37.888794,3337.3109784000003,-97.176,-30.306,45.26,1.0
45.7166,128.228594,37.888824,3334.173672,-96.946,-30.334,45.059,1.0
45.7333,128.22864,37.888854,3331.0320984000005,-96.71,-30.361,44.853,1.0
45.75,128.228686,37.888884,3327.8856480000004,-96.469,-30.387,44.644,1.0
45.7666,128.228731,37.888914,3324.7349304000004,-96.224,-30.414,44.433,1.0
45.7833,128.228777,37.888944,3321.5799456000004,-95.978,-30.439,44.223,1.0
45.8,128.228822,37.888974,3318.4203888,-95.73,-30.464,44.015,1.0
45.8166,128.228868,37.889004,3315.2568696,-95.482,-30.487,43.808,1.0
45.8333,128.228913,37.889035,3312.0896928,-95.266,-30.519,43.569,1.0
45.85,128.228958,37.889066,3308.9185536,-95.066,-30.559,43.267,1.0
45.8666,128.229003,37.889096,3305.7431472,-94.874,-30.604,42.903,1.0
45.8833,128.229047,37.889127,3302.5628640000004,-94.698,-30.646,42.507,1.0
45.9,128.229092,37.889158,3299.3789232000004,-94.548,-30.683,42.118,1.0
45.9166,128.229136,37.88919,3296.1904104,-94.422,-30.714,41.756,1.0
45.9333,128.22918,37.889221,3292.9973256000003,-94.242,-30.732,41.457,1.0
45.95,128.229224,37.889252,3289.8002784000005,-94.026,-30.735,41.257,1.0
45.9666,128.229268,37.889284,3286.5992688,-93.797,-30.732,41.18,1.0
45.9833,128.229312,37.889316,3283.3952112,-93.551,-30.73,41.186,1.0
46.0,128.229355,37.889347,3280.1871912,-93.289,-30.732,41.236,1.0
46.0166,128.229399,37.889379,3276.9758184,-93.011,-30.738,41.29,1.0
46.0333,128.229442,37.889411,3273.7613976000002,-92.732,-30.746,41.309,1.0
46.05,128.229485,37.889443,3270.5439288,-92.441,-30.757,41.258,1.0
46.0666,128.229528,37.889475,3267.323412,-92.126,-30.769,41.119,1.0
46.0833,128.229571,37.889508,3264.0992376,-91.794,-30.78,40.919,1.0
46.1,128.229614,37.88954,3260.87232,-91.457,-30.79,40.694,1.0
46.1166,128.229656,37.889573,3257.6423544,-91.129,-30.798,40.48,1.0
46.1333,128.229699,37.889605,3254.4102552000004,-90.864,-30.815,40.26,1.0
46.15,128.229741,37.889638,3251.175108,-90.656,-30.842,40.029,1.0
46.1666,128.229783,37.889671,3247.9372176,-90.5,-30.87,39.79,1.0
46.1833,128.229825,37.889704,3244.6962792,-90.394,-30.891,39.551,1.0
46.2,128.229867,37.889737,3241.451988,-90.325,-30.904,39.318,1.0
46.2166,128.229908,37.889771,3238.2055632,-90.276,-30.913,39.089,1.0
46.2333,128.22995,37.889804,3234.9557856,-90.232,-30.918,38.868,1.0
46.25,128.229991,37.889838,3231.7035696,-90.184,-30.922,38.651,1.0
46.2666,128.230032,37.889871,3228.4489152,-90.128,-30.927,38.434,1.0
46.2833,128.230073,37.889905,3225.1915176,-90.061,-30.934,38.217,1.0
46.3,128.230114,37.889939,3221.9313768,-89.99,-30.943,37.999,1.0
46.3166,128.230154,37.889973,3218.6687976000003,-89.917,-30.951,37.781,1.0
46.3333,128.230195,37.890007,3215.4040848000004,-89.826,-30.964,37.527,1.0
46.35,128.230235,37.890041,3212.1372384,-89.699,-30.981,37.207,1.0
46.3666,128.230275,37.890075,3208.8682584,-89.545,-30.999,36.823,1.0
46.3833,128.230315,37.89011,3205.5962304000004,-89.383,-31.014,36.409,1.0
46.4,128.230355,37.890144,3202.3214592000004,-89.234,-31.026,36.005,1.0
46.4166,128.230395,37.890179,3199.0442496,-89.106,-31.036,35.633,1.0
46.4333,128.230434,37.890214,3195.7649064,-88.995,-31.044,35.291,1.0
46.45,128.230473,37.890249,3192.48282,-88.891,-31.05,34.966,1.0
46.4666,128.230512,37.890284,3189.1989048,-88.786,-31.056,34.645,1.0
46.4833,128.230551,37.890319,3185.9125512,-88.676,-31.062,34.323,1.0
46.5,128.23059,37.890355,3182.624064,-88.562,-31.069,34.0,1.0
46.5166,128.230628,37.89039,3179.3331384000003,-88.449,-31.076,33.682,1.0
46.5333,128.230666,37.890426,3176.0403840000004,-88.341,-31.08,33.369,1.0
46.55,128.230704,37.890461,3172.7451912,-88.24,-31.082,33.063,1.0
46.5666,128.230742,37.890497,3169.4481696,-88.142,-31.082,32.762,1.0
46.5833,128.23078,37.890533,3166.1493192000003,-88.043,-31.082,32.465,1.0
46.6,128.230817,37.890569,3162.8483352000003,-87.941,-31.083,32.17,1.0
46.6166,128.230854,37.890606,3159.5455224,-87.837,-31.085,31.877,1.0
46.6333,128.230891,37.890642,3156.2408808,-87.735,-31.086,31.586,1.0
46.65,128.230928,37.890678,3152.9344103999997,-87.635,-31.086,31.298,1.0
46.6666,128.230965,37.890715,3149.6261112,-87.537,-31.086,31.012,1.0
46.6833,128.231001,37.890752,3146.316288,-87.44,-31.085,30.728,1.0
46.7,128.231037,37.890789,3143.004636,-87.343,-31.084,30.446,1.0
46.7166,128.231073,37.890826,3139.6911552,-87.247,-31.083,30.165,1.0
46.7333,128.231108,37.890863,3136.3761504000004,-87.15,-31.082,29.886,1.0
46.75,128.231144,37.8909,3133.0599263999998,-87.055,-31.08,29.608,1.0
46.7666,128.231179,37.890937,3129.7418736000004,-86.96,-31.078,29.331,1.0
46.7833,128.231214,37.890975,3126.4222968,-86.866,-31.076,29.055,1.0
46.8,128.231249,37.891013,3123.1015008000004,-86.772,-31.073,28.78,1.0
46.8166,128.231283,37.89105,3119.7791807999997,-86.679,-31.071,28.505,1.0
46.8333,128.231318,37.891088,3116.4553368,-86.585,-31.067,28.232,1.0
46.85,128.231352,37.891126,3113.1302736000002,-86.492,-31.064,27.959,1.0
46.8666,128.231386,37.891164,3109.8039912000004,-86.398,-31.06,27.687,1.0
46.8833,128.231419,37.891203,3106.4764896000006,-86.304,-31.055,27.415,1.0
46.9,128.231453,37.891241,3103.147464,-86.21,-31.051,27.144,1.0
46.9166,128.231486,37.891279,3099.817524,-86.116,-31.046,26.874,1.0
46.9333,128.231519,37.891318,3096.4863648,-86.021,-31.041,26.604,1.0
46.95,128.231551,37.891357,3093.1542912000004,-85.926,-31.035,26.334,1.0
46.9666,128.231584,37.891395,3089.8209984000005,-85.829,-31.029,26.065,1.0
46.9833,128.231616,37.891434,3086.4864864,-85.731,-31.023,25.796,1.0
47.0,128.231648,37.891474,3083.1513648,-85.633,-31.016,25.527,1.0
47.0166,128.23168,37.891513,3079.815024,-85.535,-31.01,25.258,1.0
47.0333,128.231711,37.891552,3076.4777688000004,-85.434,-31.002,24.99,1.0
47.05,128.231743,37.891591,3073.1395992,-85.331,-30.994,24.723,1.0
47.0666,128.231774,37.891631,3069.80082,-85.226,-30.985,24.455,1.0
47.0833,128.231804,37.891671,3066.4611264,-85.119,-30.976,24.188,1.0
47.1,128.231835,37.89171,3063.1208232000004,-85.011,-30.968,23.92,1.0
47.1166,128.231865,37.89175,3059.7796056,-84.902,-30.959,23.653,1.0
47.1333,128.231895,37.89179,3056.4377784000003,-84.789,-30.948,23.387,1.0
47.15,128.231925,37.89183,3053.0953416,-84.672,-30.937,23.121,1.0
47.1666,128.231955,37.89187,3049.7522952,-84.552,-30.925,22.854,1.0
47.1833,128.231984,37.891911,3046.4089440000002,-84.429,-30.913,22.588,1.0
47.2,128.232013,37.891951,3043.0649832,-84.303,-30.901,22.323,1.0
47.2166,128.232042,37.891992,3039.7204128,-84.177,-30.889,22.057,1.0
47.2333,128.232071,37.892032,3036.3740136,-83.885,-30.862,21.83,1.0
47.25,128.232099,37.892073,3033.0267000000003,-83.46,-30.824,21.678,1.0
47.2666,128.232128,37.892114,3029.6787768,-82.907,-30.791,21.634,1.0
47.2833,128.232156,37.892155,3026.330244,-82.248,-30.781,21.728,1.0
47.3,128.232184,37.892196,3022.9811016,-81.542,-30.802,21.991,1.0
47.3166,128.232212,37.892237,3019.63074,-80.818,-30.851,22.374,1.0
47.3333,128.232239,37.892278,3016.2812928,-80.394,-30.939,22.828,1.0
47.35,128.232267,37.892319,3012.9306264,-80.245,-31.054,23.304,1.0
47.3666,128.232295,37.89236,3009.5787408,-80.367,-31.167,23.761,1.0
47.3833,128.232322,37.892401,3006.225636,-80.701,-31.255,24.155,1.0
47.4,128.232349,37.892443,3002.8725312,-81.154,-31.307,24.443,1.0
47.4166,128.232376,37.892484,2999.5188168000004,-81.639,-31.327,24.614,1.0
47.4333,128.232403,37.892526,2996.1629688000003,-81.862,-31.309,24.696,1.0
47.45,128.23243,37.892567,2992.8062064,-81.84,-31.269,24.721,1.0
47.4666,128.232457,37.892609,2989.4491392000004,-81.573,-31.23,24.721,1.0
47.4833,128.232484,37.892651,2986.090548,-81.079,-31.207,24.732,1.0
47.5,128.23251,37.892692,2982.730128,-80.399,-31.203,24.788,1.0
47.5166,128.232537,37.892734,2979.3672696,-79.56,-31.208,24.888,1.0
47.5333,128.232564,37.892776,2976.0025824000004,-78.597,-31.212,24.991,1.0
47.55,128.23259,37.892818,2972.6366760000005,-77.551,-31.212,25.059,1.0
47.5666,128.232617,37.892859,2969.2704648,-76.432,-31.202,25.052,1.0
47.5833,128.232643,37.892901,2965.9036440000004,-75.246,-31.176,24.943,1.0
47.6,128.23267,37.892943,2962.535604,-74.026,-31.138,24.773,1.0
47.6166,128.232696,37.892985,2959.1669544,-72.804,-31.092,24.583,1.0
47.6333,128.232722,37.893027,2955.7992192000006,-71.647,-31.037,24.353,1.0
47.65,128.232748,37.893069,2952.4320936000004,-70.557,-30.975,24.098,1.0
47.6666,128.232774,37.893112,2949.0652728,-69.532,-30.909,23.851,1.0
47.6833,128.2328,37.893154,2945.6981472,-68.564,-30.841,23.629,1.0
47.7,128.232826,37.893196,2942.331936,-67.634,-30.77,23.436,1.0
47.7166,128.232852,37.893239,2938.9669440000002,-66.715,-30.699,23.257,1.0
47.7333,128.232877,37.893281,2935.6040856,-65.899,-30.642,23.097,1.0
47.75,128.232903,37.893324,2932.2439704000003,-65.174,-30.602,22.95,1.0
47.7666,128.232928,37.893366,2928.8859888,-64.524,-30.563,22.808,1.0
47.7833,128.232954,37.893409,2925.5295312,-63.934,-30.515,22.669,1.0
47.8,128.232979,37.893452,2922.1752072000004,-63.385,-30.455,22.533,1.0
47.8166,128.233004,37.893495,2918.8233216,-62.851,-30.387,22.4,1.0
47.8333,128.233029,37.893538,2915.4753984000004,-62.428,-30.331,22.265,1.0
47.85,128.233054,37.893581,2912.1314376,-62.1,-30.29,22.128,1.0
47.8666,128.233078,37.893624,2908.7908296,-61.853,-30.252,21.993,1.0
47.8833,128.233103,37.893667,2905.4526600000004,-61.678,-30.207,21.864,1.0
47.9,128.233128,37.89371,2902.1175384000003,-61.553,-30.149,21.741,1.0
47.9166,128.233152,37.893753,2898.7854647999998,-61.449,-30.085,21.621,1.0
47.9333,128.233176,37.893797,2895.4582680000003,-61.377,-30.027,21.502,1.0
47.95,128.233201,37.89384,2892.134424,-61.323,-29.978,21.382,1.0
47.9666,128.233225,37.893884,2888.8136280000003,-61.285,-29.934,21.26,1.0
47.9833,128.233249,37.893927,2885.4961848000003,-61.268,-29.887,21.14,1.0
48.0,128.233272,37.893971,2882.1817896000002,-61.271,-29.836,21.02,1.0
48.0166,128.233296,37.894015,2878.8707472,-61.287,-29.78,20.901,1.0
48.0333,128.23332,37.894059,2875.5645816,-61.453,-29.752,20.802,1.0
48.05,128.233343,37.894103,2872.2626832,-61.755,-29.752,20.721,1.0
48.0666,128.233367,37.894147,2868.9644424,-62.168,-29.759,20.646,1.0
48.0833,128.23339,37.894191,2865.6698592000002,-62.669,-29.752,20.569,1.0
48.1,128.233413,37.894235,2862.3777144000005,-63.225,-29.724,20.484,1.0
48.1166,128.233436,37.894279,2859.0886176,-63.8,-29.686,20.393,1.0
48.1333,128.233459,37.894324,2855.8047024,-64.45,-29.66,20.298,1.0
48.15,128.233482,37.894368,2852.5244448,-65.16,-29.653,20.202,1.0
48.1666,128.233505,37.894412,2849.2472352000004,-65.923,-29.654,20.104,1.0
48.1833,128.233527,37.894457,2845.9718544,-66.741,-29.649,20.006,1.0
48.2,128.23355,37.894502,2842.6989120000003,-67.602,-29.632,19.908,1.0
48.2166,128.233572,37.894546,2839.4284079999998,-68.483,-29.608,19.806,1.0
48.2333,128.233594,37.894591,2836.1594280000004,-69.346,-29.583,19.7,1.0
48.25,128.233616,37.894636,2832.8922768,-70.179,-29.562,19.59,1.0
48.2666,128.233638,37.894681,2829.6269544,-70.986,-29.547,19.475,1.0
48.2833,128.23366,37.894726,2826.363156,-71.783,-29.536,19.357,1.0
48.3,128.233682,37.894771,2823.1005768,-72.58,-29.526,19.238,1.0
48.3166,128.233703,37.894816,2819.8392168000005,-73.385,-29.516,19.118,1.0
48.3333,128.233725,37.894861,2816.577552,-74.17,-29.502,19.001,1.0
48.35,128.233746,37.894906,2813.3171064,-74.933,-29.486,18.887,1.0
48.3666,128.233768,37.894951,2810.0572704,-75.671,-29.472,18.772,1.0
48.3833,128.233789,37.894996,2806.7983488000004,-76.386,-29.463,18.653,1.0
48.4,128.23381,37.895042,2803.539732,-77.086,-29.458,18.53,1.0
48.4166,128.233831,37.895087,2800.2814200000003,-77.784,-29.456,18.405,1.0
48.4333,128.233852,37.895132,2797.0221936000003,-78.419,-29.447,18.285,1.0
48.45,128.233873,37.895178,2793.7620528,-78.996,-29.429,18.173,1.0
48.4666,128.233893,37.895223,2790.5022168000005,-79.52,-29.411,18.061,1.0
48.4833,128.233914,37.895269,2787.2426855999997,-79.996,-29.401,17.946,1.0
48.5,128.233934,37.895314,2783.9828496,-80.439,-29.401,17.825,1.0
48.5166,128.233955,37.89536,2780.722404,-80.872,-29.406,17.702,1.0
48.5333,128.233975,37.895406,2777.4604344000004,-81.286,-29.407,17.588,1.0
48.55,128.233995,37.895451,2774.1978552000005,-81.688,-29.401,17.485,1.0
48.5666,128.234015,37.895497,2770.9346664000004,-82.074,-29.393,17.386,1.0
48.5833,128.234035,37.895543,2767.6711728,-82.437,-29.388,17.284,1.0
48.6,128.234055,37.895589,2764.4070696,-82.777,-29.389,17.175,1.0
48.6166,128.234075,37.895635,2761.142052,-83.107,-29.395,17.062,1.0
48.6333,128.234094,37.895681,2757.8749008000004,-83.393,-29.394,16.953,1.0
48.65,128.234114,37.895727,2754.6065304000003,-83.643,-29.387,16.85,1.0
48.6666,128.234133,37.895773,2751.3375504,-83.863,-29.377,16.75,1.0
48.6833,128.234153,37.895819,2748.0679608,-84.051,-29.373,16.648,1.0
48.7,128.234172,37.895865,2744.797152,-84.214,-29.375,16.542,1.0
48.7166,128.234191,37.895911,2741.5254288,-84.37,-29.381,16.434,1.0
48.7333,128.23421,37.895957,2738.251572,-84.509,-29.385,16.33,1.0
48.75,128.234229,37.896004,2734.9768008000005,-84.64,-29.385,16.234,1.0
48.7666,128.234248,37.89605,2731.7008103999997,-84.763,-29.382,16.14,1.0
48.7833,128.234267,37.896096,2728.4239056000006,-84.872,-29.381,16.043,1.0
48.8,128.234286,37.896143,2725.1457816,-84.968,-29.384,15.943,1.0
48.8166,128.234304,37.896189,2721.8664384,-85.058,-29.388,15.841,1.0
48.8333,128.234323,37.896236,2718.5852664000004,-85.131,-29.392,15.738,1.0
48.85,128.234341,37.896282,2715.3028752,-85.193,-29.392,15.636,1.0
48.8666,128.234359,37.896329,2712.0195696,-85.248,-29.392,15.535,1.0
48.8833,128.234377,37.896375,2708.73474,-85.294,-29.392,15.434,1.0
48.9,128.234396,37.896422,2705.4486912,-85.332,-29.395,15.332,1.0
48.9166,128.234413,37.896468,2702.1617280000005,-85.367,-29.399,15.23,1.0
48.9333,128.234431,37.896515,2698.8720215999997,-85.395,-29.404,15.167,1.0
48.95,128.234449,37.896562,2695.5810960000003,-85.423,-29.408,15.149,1.0
48.9666,128.234467,37.896609,2692.289256,-85.44,-29.413,15.146,1.0
48.9833,128.234485,37.896655,2688.9958920000004,-85.436,-29.419,15.128,1.0
49.0,128.234502,37.896702,2685.7013088,-85.411,-29.426,15.087,1.0
49.0166,128.234519,37.896749,2682.4055064,-85.377,-29.434,15.031,1.0
49.0333,128.234537,37.896796,2679.1075704,-85.323,-29.439,14.963,1.0
49.05,128.234554,37.896843,2675.8084152,-85.257,-29.44,14.893,1.0
49.0666,128.234571,37.89689,2672.507736,-85.183,-29.44,14.825,1.0
49.0833,128.234588,37.896937,2669.2058376,-85.1,-29.442,14.761,1.0
49.1,128.234605,37.896984,2665.90272,-85.01,-29.446,14.698,1.0
49.1166,128.234622,37.897031,2662.5980784000003,-84.917,-29.452,14.634,1.0
49.1333,128.234639,37.897078,2659.2913032000006,-84.795,-29.454,14.57,1.0
49.15,128.234656,37.897125,2655.9833088,-84.65,-29.452,14.507,1.0
49.1666,128.234673,37.897172,2652.6740952,-84.485,-29.45,14.445,1.0
49.1833,128.234689,37.89722,2649.3633576,-84.301,-29.45,14.381,1.0
49.2,128.234706,37.897267,2646.0514008000005,-84.106,-29.454,14.315,1.0
49.2166,128.234722,37.897314,2642.7382248,-83.908,-29.458,14.249,1.0
49.2333,128.234739,37.897361,2639.42322,-83.692,-29.46,14.185,1.0
49.25,128.234755,37.897409,2636.1066912,-83.463,-29.459,14.123,1.0
49.2666,128.234771,37.897456,2632.789248,-83.221,-29.455,14.061,1.0
49.2833,128.234788,37.897503,2629.4705856,-82.965,-29.454,13.998,1.0
49.3,128.234804,37.897551,2626.1503992,-82.698,-29.455,13.933,1.0
49.3166,128.23482,37.897598,2622.8292984000004,-82.428,-29.457,13.867,1.0
49.3333,128.234836,37.897646,2619.5066736000003,-82.14,-29.457,13.804,1.0
49.35,128.234852,37.897693,2616.1825248,-81.837,-29.453,13.742,1.0
49.3666,128.234867,37.897741,2612.8574616,-81.521,-29.449,13.681,1.0
49.3833,128.234883,37.897789,2609.531484,-81.193,-29.445,13.619,1.0
49.4,128.234899,37.897836,2606.2042872,-80.855,-29.444,13.555,1.0
49.4166,128.234914,37.897884,2602.876176,-80.514,-29.444,13.491,1.0
49.4333,128.23493,37.897932,2599.5468456000003,-80.169,-29.443,13.427,1.0
49.45,128.234945,37.897979,2596.2166008000004,-79.822,-29.439,13.363,1.0
49.4666,128.234961,37.898027,2592.8854416000004,-79.474,-29.434,13.299,1.0
49.4833,128.234976,37.898075,2589.553368,-79.123,-29.429,13.235,1.0
49.5,128.234991,37.898123,2586.2206848000005,-78.767,-29.425,13.172,1.0
49.5166,128.235006,37.898171,2582.8870872,-78.409,-29.421,13.108,1.0
49.5333,128.235021,37.898219,2579.5525752000003,-78.041,-29.417,13.045,1.0
49.55,128.235036,37.898267,2576.2171488000004,-77.666,-29.41,12.984,1.0
49.5666,128.235051,37.898315,2572.8814176,-77.285,-29.404,12.922,1.0
49.5833,128.235066,37.898363,2569.5447719999997,-76.898,-29.397,12.861,1.0
49.6,128.235081,37.898411,2566.2078216,-76.508,-29.391,12.798,1.0
49.6166,128.235095,37.898459,2562.8699568,-76.116,-29.385,12.736,1.0
49.6333,128.23511,37.898507,2559.5320920000004,-75.732,-29.379,12.673,1.0
49.65,128.235125,37.898555,2556.1936176,-75.356,-29.373,12.609,1.0
49.6666,128.235139,37.898604,2552.8548384,-74.986,-29.365,12.546,1.0
49.6833,128.235153,37.898652,2549.5157544,-74.621,-29.357,12.484,1.0
49.7,128.235168,37.8987,2546.1763656,-74.257,-29.348,12.422,1.0
49.7166,128.235182,37.898748,2542.836672,-73.891,-29.338,12.36,1.0
49.7333,128.235196,37.898797,2539.4966736,-73.527,-29.329,12.301,1.0
49.75,128.23521,37.898845,2536.1566752000003,-73.164,-29.321,12.243,1.0
49.7666,128.235224,37.898894,2532.816372,-72.803,-29.313,12.186,1.0
49.7833,128.235238,37.898942,2529.4760688,-72.444,-29.304,12.129,1.0
49.8,128.235252,37.898991,2526.1357656,-72.086,-29.294,12.07,1.0
49.8166,128.235266,37.899039,2522.7951576000005,-71.728,-29.282,12.011,1.0
49.8333,128.235279,37.899088,2519.455464,-71.383,-29.272,11.951,1.0
49.85,128.235293,37.899136,2516.1157704,-71.051,-29.264,11.892,1.0
49.8666,128.235307,37.899185,2512.7760768,-70.729,-29.255,11.832,1.0
49.8833,128.23532,37.899234,2509.4363832,-70.417,-29.244,11.774,1.0
49.9,128.235333,37.899282,2506.0969944,-70.109,-29.231,11.716,1.0
49.9166,128.235347,37.899331,2502.7576056000003,-69.801,-29.216,11.658,1.0
49.9333,128.23536,37.89938,2499.4188264,-69.498,-29.204,11.602,1.0
49.95,128.235373,37.899429,2496.0806568000003,-69.199,-29.194,11.549,1.0
49.9666,128.235386,37.899478,2492.7424872,-68.904,-29.185,11.497,1.0
49.9833,128.235399,37.899527,2489.4046224,-68.613,-29.174,11.443,1.0
50.0,128.235412,37.899576,2486.0670624,-68.325,-29.161,11.388,1.0
50.0166,128.235425,37.899625,2482.730112,-68.038,-29.146,11.333,1.0
50.0333,128.235438,37.899674,2479.3937712,-67.756,-29.133,11.281,1.0
50.05,128.235451,37.899723,2476.0577352,-67.476,-29.123,11.233,1.0
50.0666,128.235464,37.899772,2472.722004,-67.198,-29.113,11.187,1.0
50.0833,128.235476,37.899821,2469.3868824,-66.922,-29.102,11.139,1.0
50.1,128.235489,37.89987,2466.0523704,-66.646,-29.089,11.088,1.0
50.1166,128.235501,37.899919,2462.718468,-66.371,-29.074,11.035,1.0
50.1333,128.235514,37.899969,2459.3836512000003,-65.957,-29.026,10.951,1.0
50.15,128.235526,37.900018,2456.049444,-65.393,-28.93,10.798,1.0
50.1666,128.235538,37.900067,2452.7173704,-64.671,-28.789,10.532,1.0
50.1833,128.23555,37.900117,2449.3892592,-63.793,-28.604,10.118,1.0
50.2,128.235562,37.900166,2446.0663296000002,-62.791,-28.363,9.542,1.0
50.2166,128.235574,37.900216,2442.7470576,-61.743,-28.066,8.85,1.0
50.2333,128.235586,37.900265,2439.4326624,-60.701,-27.718,8.102,1.0
50.25,128.235598,37.900315,2436.1249728000003,-59.696,-27.335,7.351,1.0
50.2666,128.235609,37.900364,2432.8239888000003,-58.726,-26.95,6.645,1.0
50.2833,128.23562,37.900414,2429.5312344000004,-57.782,-26.596,6.022,1.0
50.3,128.235631,37.900464,2426.2464048,-56.865,-26.306,5.521,1.0
50.3166,128.235642,37.900514,2422.9704144,-55.999,-26.105,5.181,1.0
50.3333,128.235652,37.900564,2419.6999104,-55.038,-26.003,5.049,1.0
50.35,128.235663,37.900614,2416.4355024,-54.016,-26.024,5.157,1.0
50.3666,128.235673,37.900664,2413.1765808,-52.896,-26.157,5.449,1.0
50.3833,128.235683,37.900715,2409.9216216,-51.639,-26.389,5.867,1.0
50.4,128.235693,37.900765,2406.6687960000004,-50.228,-26.696,6.358,1.0
50.4166,128.235703,37.900815,2403.4168848,-48.66,-27.045,6.881,1.0
50.4333,128.235713,37.900866,2400.1655832,-46.94,-27.401,7.396,1.0
50.45,128.235724,37.900916,2396.9161104,-45.104,-27.731,7.86,1.0
50.4666,128.235734,37.900967,2393.6684664000004,-43.169,-28.006,8.227,1.0
50.4833,128.235744,37.901017,2390.4235656,-41.146,-28.196,8.466,1.0
50.5,128.235753,37.901068,2387.182932,-39.052,-28.27,8.561,1.0
50.5166,128.235763,37.901118,2383.9468704,-36.911,-28.193,8.508,1.0
50.5333,128.235773,37.901169,2380.7175144000003,-35.136,-28.005,8.308,1.0
50.55,128.235783,37.901219,2377.4951688,-33.716,-27.723,7.993,1.0
50.5666,128.235792,37.90127,2374.280748,-32.716,-27.358,7.632,1.0
50.5833,128.235802,37.901321,2371.075776,-32.17,-26.931,7.282,1.0
50.6,128.235811,37.901372,2367.8829960000003,-32.05,-26.485,6.968,1.0
50.6166,128.235821,37.901423,2364.7039320000003,-32.276,-26.072,6.692,1.0
50.6333,128.23583,37.901474,2361.5337072,-32.276,-25.715,6.505,1.0
50.65,128.235839,37.901525,2358.3741504000004,-32.064,-25.455,6.423,1.0
50.6666,128.235848,37.901576,2355.224652,-31.597,-25.345,6.432,1.0
50.6833,128.235857,37.901627,2352.0821640000004,-30.865,-25.429,6.531,1.0
50.7,128.235866,37.901679,2348.9454672,-29.975,-25.675,6.695,1.0
50.7166,128.235875,37.90173,2345.8130376,-29.055,-26.033,6.912,1.0
50.7333,128.235884,37.901782,2342.680608,-27.991,-26.442,7.191,1.0
50.75,128.235892,37.901833,2339.5481784000003,-26.801,-26.856,7.513,1.0
50.7666,128.235901,37.901884,2336.4151392000003,-25.471,-27.247,7.82,1.0
50.7833,128.23591,37.901936,2333.2833192000003,-23.973,-27.587,8.053,1.0
50.8,128.235919,37.901987,2330.1530232,-22.332,-27.837,8.182,1.0
50.8166,128.235928,37.902039,2327.0248608,-20.633,-27.948,8.217,1.0
50.8333,128.235937,37.90209,2323.8994416,-19.319,-27.928,8.159,1.0
50.85,128.235945,37.902142,2320.77768,-18.401,-27.808,8.045,1.0
50.8666,128.235954,37.902194,2317.6601856,-17.917,-27.616,7.926,1.0
50.8833,128.235963,37.902245,2314.5484824,-17.861,-27.391,7.83,1.0
50.9,128.235972,37.902297,2311.4437896,-18.176,-27.177,7.756,1.0
50.9166,128.23598,37.902349,2308.3467168,-18.728,-27.017,7.702,1.0
50.9333,128.235989,37.902401,2305.2548256,-19.25,-26.879,7.644,1.0
50.95,128.235998,37.902453,2302.1693352,-19.674,-26.727,7.572,1.0
50.9666,128.236006,37.902505,2299.0905504,-20.017,-26.523,7.479,1.0
50.9833,128.236015,37.902557,2296.0227384,-20.309,-26.235,7.35,1.0
51.0,128.236023,37.902609,2292.9665088,-20.566,-25.832,7.17,1.0
51.0166,128.236032,37.902661,2289.9230808,-20.803,-25.326,6.943,1.0
51.0333,128.23604,37.902713,2286.8955024,-21.087,-24.764,6.684,1.0
51.05,128.236048,37.902765,2283.884688,-21.426,-24.19,6.415,1.0
51.0666,128.236057,37.902818,2280.8888088,-21.816,-23.647,6.161,1.0
51.0833,128.236065,37.90287,2277.9087792,-22.25,-23.179,5.944,1.0
51.1,128.236073,37.902923,2274.944904,-22.712,-22.827,5.781,1.0
51.1166,128.236081,37.902976,2271.9956592000003,-23.189,-22.632,5.683,1.0
51.1333,128.236089,37.903028,2269.0631784,-23.914,-22.639,5.644,1.0
51.15,128.236097,37.903081,2266.143804,-24.879,-22.873,5.683,1.0
51.1666,128.236104,37.903134,2263.2369264000004,-26.116,-23.273,5.808,1.0
51.1833,128.236112,37.903187,2260.3410216,-27.646,-23.777,6.023,1.0
51.2,128.23612,37.90324,2257.4545656,-29.449,-24.331,6.308,1.0
51.2166,128.236127,37.903293,2254.5775584000003,-31.475,-24.891,6.623,1.0
51.2333,128.236135,37.903346,2251.7035992,-33.281,-25.394,6.965,1.0
51.25,128.236142,37.903399,2248.8329928,-34.805,-25.793,7.302,1.0
51.2666,128.23615,37.903452,2245.9657392000004,-36.051,-26.071,7.566,1.0
51.2833,128.236157,37.903505,2243.1015336,-37.04,-26.22,7.686,1.0
51.3,128.236164,37.903558,2240.240376,-37.845,-26.225,7.634,1.0
51.3166,128.236172,37.903612,2237.3840952,-38.585,-26.059,7.413,1.0
51.3333,128.236179,37.903665,2234.5326912,-39.439,-25.739,7.059,1.0
51.35,128.236186,37.903718,2231.6889072000004,-40.426,-25.292,6.609,1.0
51.3666,128.236193,37.903771,2228.8530480000004,-41.489,-24.756,6.094,1.0
51.3833,128.2362,37.903825,2226.0251136,-42.548,-24.178,5.541,1.0
51.4,128.236207,37.903878,2223.2069328000002,-43.549,-23.611,4.974,1.0
51.4166,128.236214,37.903931,2220.3988104,-44.489,-23.099,4.422,1.0
51.4333,128.23622,37.903985,2217.5995272,-45.344,-22.674,3.931,1.0
51.4499,128.236227,37.904039,2214.8106072,-46.18,-22.359,3.545,1.0
51.4666,128.236233,37.904092,2212.03266,-47.059,-22.18,3.304,1.0
51.4833,128.236239,37.904146,2209.2632472,-48.013,-22.16,3.242,1.0
51.5,128.236245,37.9042,2206.5011496,-49.055,-22.318,3.387,1.0
51.5166,128.236251,37.904253,2203.745148,-50.175,-22.614,3.705,1.0
51.5333,128.236257,37.904307,2200.9915848,-51.341,-23.007,4.162,1.0
51.55,128.236263,37.904361,2198.2398504000003,-52.546,-23.453,4.715,1.0
51.5666,128.236269,37.904415,2195.4887256,-53.78,-23.913,5.321,1.0
51.5833,128.236275,37.904469,2192.7363816,-55.027,-24.354,5.931,1.0
51.6,128.23628,37.904522,2189.9828184000003,-56.263,-24.747,6.496,1.0
51.6166,128.236286,37.904576,2187.2271216,-57.467,-25.065,6.967,1.0
51.6333,128.236292,37.90463,2184.4720344,-58.858,-25.311,7.283,1.0
51.65,128.236298,37.904684,2181.7163376000003,-60.404,-25.47,7.405,1.0
51.6666,128.236303,37.904738,2178.960336,-62.123,-25.51,7.315,1.0
51.6833,128.236309,37.904791,2176.20342,-64.029,-25.437,7.054,1.0
51.6999,128.236315,37.904845,2173.4471136,-66.027,-25.273,6.663,1.0
51.7166,128.23632,37.904899,2170.6914168,-67.99,-25.062,6.176,1.0
51.7333,128.236325,37.904953,2167.9360248000003,-69.449,-24.817,5.641,1.0
51.75,128.236331,37.905007,2165.181852,-70.427,-24.575,5.098,1.0
51.7666,128.236336,37.905061,2162.4304224,-70.925,-24.38,4.586,1.0
51.7833,128.236341,37.905115,2159.6796024,-70.995,-24.252,4.149,1.0
51.8,128.236347,37.905169,2156.9275632,-70.741,-24.179,3.839,1.0
51.8166,128.236352,37.905222,2154.1736952,-70.27,-24.148,3.711,1.0
51.8333,128.236357,37.905276,2151.4219608,-70.207,-24.216,3.783,1.0
51.85,128.236362,37.90533,2148.6708360000002,-70.487,-24.377,4.008,1.0
51.8666,128.236367,37.905384,2145.9160536,-71.134,-24.58,4.352,1.0
51.8833,128.236371,37.905438,2143.1588328000003,-72.167,-24.769,4.779,1.0
51.9,128.236376,37.905492,2140.3997832,-73.543,-24.925,5.239,1.0
51.9166,128.236381,37.905546,2137.6407336,-75.173,-25.057,5.673,1.0
51.9333,128.236386,37.9056,2134.8819888000003,-76.97,-25.181,6.023,1.0
51.9499,128.23639,37.905654,2132.1226344,-78.899,-25.294,6.242,1.0
51.9666,128.236395,37.905708,2129.3614512,-80.965,-25.373,6.291,1.0
51.9833,128.236399,37.905762,2126.5975248,-83.139,-25.396,6.152,1.0
52.0,128.236404,37.905816,2123.83116,-85.36,-25.369,5.871,1.0
52.0166,128.236408,37.90587,2121.063576,-87.534,-25.323,5.493,1.0
52.0333,128.236413,37.905924,2118.2972112,-89.785,-25.317,5.063,1.0
52.05,128.236417,37.905978,2115.5299320000004,-92.087,-25.373,4.634,1.0
52.0666,128.236421,37.906032,2112.7589952,-94.501,-25.458,4.256,1.0
52.0833,128.236425,37.906086,2109.9831816,-97.097,-25.524,3.973,1.0
52.1,128.236428,37.906139,2107.2037104,-99.897,-25.549,3.826,1.0
52.1166,128.236432,37.906193,2104.4218008,-102.867,-25.538,3.858,1.0
52.1333,128.236436,37.906247,2101.6368432,-105.77,-25.504,4.023,1.0
52.15,128.236439,37.906301,2098.8479232000004,-108.551,-25.457,4.275,1.0
52.1666,128.236443,37.906355,2096.0553456000002,-111.25,-25.406,4.563,1.0
52.1833,128.236446,37.906409,2093.2578912000004,-113.926,-25.354,4.838,1.0
52.1999,128.236449,37.906462,2090.4549504,-116.619,-25.308,5.05,1.0
52.2166,128.236453,37.906516,2087.6471328000002,-119.326,-25.286,5.156,1.0
52.2333,128.236456,37.90657,2084.833524,-122.098,-25.324,5.129,1.0
52.25,128.236459,37.906624,2082.0138192,-124.926,-25.417,5.021,1.0
52.2666,128.236462,37.906677,2079.187104,-127.815,-25.548,4.872,1.0
52.2833,128.236465,37.906731,2076.3530736000002,-130.777,-25.689,4.72,1.0
52.3,128.236468,37.906785,2073.5111184,-133.82,-25.81,4.597,1.0
52.3166,128.236471,37.906838,2070.6624576,-136.935,-25.88,4.538,1.0
52.3333,128.236474,37.906892,2067.8064816,-140.057,-25.904,4.529,1.0
52.35,128.236477,37.906945,2064.9425808,-143.151,-25.913,4.54,1.0
52.3666,128.236479,37.906999,2062.069536,-146.212,-25.937,4.548,1.0
52.3833,128.236482,37.907052,2059.1867376,-149.248,-26.003,4.53,1.0
52.4,128.236485,37.907106,2056.2938808000004,-152.279,-26.097,4.495,1.0
52.4166,128.236487,37.907159,2053.3909656,-155.321,-26.186,4.46,1.0
52.4333,128.23649,37.907212,2050.4786016000003,-158.262,-26.279,4.413,1.0
52.45,128.236492,37.907265,2047.5564840000002,-161.096,-26.38,4.357,1.0
52.4666,128.236495,37.907319,2044.6243080000002,-163.844,-26.487,4.315,1.0
52.4833,128.236497,37.907372,2041.6796352000001,-166.538,-26.593,4.301,1.0
52.5,128.2365,37.907425,2038.7221608,-169.22,-26.694,4.309,1.0
52.5166,128.236502,37.907478,2035.7512752000002,-171.929,-26.789,4.322,1.0
52.5333,128.236504,37.907531,2032.769112,-174.583,-26.898,4.314,1.0
52.55,128.236507,37.907584,2029.7747568000002,-177.175,-27.022,4.286,1.0
52.5666,128.236509,37.907637,2026.7685144,-179.701,-27.147,4.264,1.0
52.5833,128.236512,37.90769,2023.7485560000002,177.838,-27.26,4.27,1.0
52.6,128.236514,37.907743,2020.7148816000001,175.417,-27.358,4.306,1.0
52.6166,128.236517,37.907796,2017.6662720000002,172.986,-27.451,4.353,1.0
52.6333,128.236519,37.907848,2014.6027272000001,170.466,-27.52,4.394,1.0
52.65,128.236522,37.907901,2011.5242472,167.861,-27.566,4.421,1.0
52.6666,128.236524,37.907953,2008.4314416,165.182,-27.607,4.441,1.0
52.6833,128.236527,37.908006,2005.3240056000002,162.448,-27.655,4.471,1.0
52.7,128.23653,37.908058,2002.2031584000001,159.692,-27.712,4.513,1.0
52.7166,128.236532,37.908111,1999.0695096000002,156.93,-27.771,4.562,1.0
52.7333,128.236535,37.908163,1995.9230592000001,154.167,-27.821,4.604,1.0
52.75,128.236538,37.908215,1992.764112,151.405,-27.86,4.637,1.0
52.7666,128.236541,37.908267,1989.592668,148.651,-27.893,4.668,1.0
52.7833,128.236544,37.908319,1986.4093368000001,145.906,-27.925,4.708,1.0
52.8,128.236547,37.908371,1983.2141184000002,143.168,-27.959,4.758,1.0
52.8166,128.236551,37.908423,1980.0073176000003,140.426,-27.993,4.813,1.0
52.8333,128.236554,37.908475,1976.7886296000001,137.655,-28.017,4.861,1.0
52.85,128.236558,37.908527,1973.5598832,134.856,-28.03,4.9,1.0
52.8666,128.236561,37.908579,1970.3207736,132.041,-28.038,4.933,1.0
52.8833,128.236565,37.908631,1967.07252,129.217,-28.049,4.97,1.0
52.9,128.236569,37.908683,1963.8151224,126.392,-28.064,5.013,1.0
52.9166,128.236573,37.908734,1960.5491904,123.57,-28.08,5.061,1.0
52.9333,128.236577,37.908786,1957.2756384,120.761,-28.094,5.112,1.0
52.95,128.236582,37.908838,1953.9944664000002,117.963,-28.105,5.162,1.0
52.9666,128.236586,37.908889,1950.706284,115.172,-28.112,5.21,1.0
52.9833,128.236591,37.908941,1947.4117008,112.382,-28.115,5.256,1.0
53.0,128.236595,37.908992,1944.1113264,109.592,-28.116,5.303,1.0
53.0166,128.2366,37.909044,1940.8060752000001,106.799,-28.116,5.35,1.0
53.0333,128.236605,37.909095,1937.4953376,103.979,-28.11,5.39,1.0
53.05,128.236611,37.909146,1934.1812472,101.137,-28.098,5.422,1.0
53.0666,128.236616,37.909198,1930.863804,98.277,-28.085,5.451,1.0
53.0833,128.236622,37.909249,1927.5439224,95.403,-28.075,5.481,1.0
53.1,128.236627,37.9093,1924.222212,92.523,-28.067,5.515,1.0
53.1166,128.236633,37.909352,1920.8986728000002,89.647,-28.058,5.55,1.0
53.1333,128.236639,37.909403,1917.5748288000002,86.849,-28.054,5.613,1.0
53.15,128.236646,37.909454,1914.25068,84.123,-28.051,5.702,1.0
53.1666,128.236652,37.909506,1910.9259216,81.46,-28.041,5.791,1.0
53.1833,128.236659,37.909557,1907.6020776000003,78.846,-28.019,5.86,1.0
53.2,128.236665,37.909608,1904.2797576,76.254,-27.988,5.906,1.0
53.2166,128.236672,37.909659,1900.9607904,73.648,-27.955,5.946,1.0
53.2333,128.236679,37.909711,1897.6448712,71.072,-27.925,6.023,1.0
53.25,128.236686,37.909762,1894.332,68.526,-27.898,6.14,1.0
53.2666,128.236694,37.909813,1891.0221768,66.032,-27.867,6.26,1.0
53.2833,128.236701,37.909865,1887.7157064,63.612,-27.827,6.349,1.0
53.3,128.236709,37.909916,1884.4141128,61.248,-27.777,6.403,1.0
53.3166,128.236717,37.909967,1881.1195296,58.887,-27.723,6.444,1.0
53.3333,128.236725,37.910019,1877.8310424000001,56.505,-27.663,6.513,1.0
53.35,128.236733,37.91007,1874.55048,54.092,-27.599,6.615,1.0
53.3666,128.236741,37.910122,1871.2760136000002,51.678,-27.536,6.724,1.0
53.3833,128.236749,37.910173,1868.0085576,49.307,-27.475,6.809,1.0
53.4,128.236758,37.910225,1864.7490264,46.989,-27.414,6.862,1.0
53.4166,128.236766,37.910276,1861.4986392000003,44.695,-27.349,6.899,1.0
53.4333,128.236775,37.910328,1858.2570912,42.491,-27.269,6.971,1.0
53.45,128.236784,37.910379,1855.0240776000003,40.348,-27.168,7.089,1.0
53.4666,128.236793,37.910431,1851.7992936000003,38.267,-27.057,7.216,1.0
53.4833,128.236802,37.910483,1848.5842632,36.268,-26.949,7.308,1.0
53.5,128.236811,37.910534,1845.3799008,34.336,-26.85,7.356,1.0
53.5166,128.236821,37.910586,1842.1880352,32.411,-26.756,7.381,1.0
53.5333,128.23683,37.910638,1839.0065328,30.495,-26.644,7.433,1.0
53.55,128.23684,37.91069,1835.8366128000002,28.57,-26.51,7.525,1.0
53.5666,128.236849,37.910742,1832.6785800000002,26.663,-26.365,7.629,1.0
53.5833,128.236859,37.910794,1829.53152,24.82,-26.229,7.706,1.0
53.6,128.236869,37.910846,1826.3969568,23.047,-26.108,7.744,1.0
53.6166,128.236879,37.910898,1823.2764144,21.298,-25.994,7.758,1.0
53.6333,128.236889,37.91095,1820.1680640000002,19.591,-25.859,7.792,1.0
53.65,128.236899,37.911002,1817.0719056,17.895,-25.696,7.857,1.0
53.6666,128.236909,37.911055,1813.9897680000001,16.224,-25.522,7.93,1.0
53.6833,128.236919,37.911107,1810.9207368000002,14.61,-25.361,7.98,1.0
53.7,128.236929,37.911159,1807.8657264,13.057,-25.22,7.996,1.0
53.7166,128.236939,37.911212,1804.8262608,11.525,-25.09,7.992,1.0
53.7333,128.23695,37.911265,1801.7995968000002,10.027,-24.947,7.999,1.0
53.75,128.23696,37.911317,1798.7866488,8.538,-24.786,8.028,1.0
53.7666,128.23697,37.91137,1795.788636,7.07,-24.618,8.063,1.0
53.7833,128.236981,37.911423,1792.8049488000001,5.653,-24.458,8.079,1.0
53.8,128.236991,37.911475,1789.8361968000002,4.288,-24.312,8.07,1.0
53.8166,128.237002,37.911528,1786.8835992000002,2.941,-24.175,8.045,1.0
53.8333,128.237012,37.911581,1783.9444128000002,1.661,-24.01,8.033,1.0
53.85,128.237023,37.911634,1781.0189424000002,0.421,-23.812,8.043,1.0
53.8666,128.237033,37.911687,1778.1084072,-0.77,-23.607,8.054,1.0
53.8833,128.237044,37.91174,1775.213112,-1.895,-23.422,8.044,1.0
53.9,128.237054,37.911794,1772.3336664000003,-2.962,-23.263,8.008,1.0
53.9166,128.237064,37.911847,1769.4709848,-4.021,-23.115,7.958,1.0
53.9333,128.237075,37.9119,1766.6211048000002,-5.066,-22.959,7.919,1.0
53.95,128.237085,37.911954,1763.7867696,-6.116,-22.789,7.899,1.0
53.9666,128.237096,37.912007,1760.968284,-7.15,-22.614,7.883,1.0
53.9833,128.237106,37.912061,1758.1650384,-8.133,-22.447,7.852,1.0
54.0,128.237117,37.912115,1755.3773376000001,-9.064,-22.292,7.801,1.0
54.0166,128.237127,37.912168,1752.6064008,-9.977,-22.146,7.737,1.0
54.0333,128.237137,37.912222,1749.8479608,-10.851,-21.995,7.683,1.0
54.05,128.237148,37.912276,1747.1035416,-11.707,-21.836,7.645,1.0
54.0666,128.237158,37.91233,1744.3755816,-12.537,-21.674,7.611,1.0
54.0833,128.237168,37.912384,1741.6625568000002,-13.316,-21.517,7.563,1.0
54.1,128.237178,37.912438,1738.9653816,-14.047,-21.37,7.495,1.0
54.1166,128.237189,37.912492,1736.2843608,-14.769,-21.228,7.417,1.0
54.1333,128.237199,37.912546,1733.6164464,-15.404,-21.057,7.349,1.0
54.15,128.237209,37.912601,1730.9619432000002,-15.972,-20.855,7.297,1.0
54.1666,128.237219,37.912655,1728.3214607999998,-16.472,-20.649,7.246,1.0
54.1833,128.237229,37.91271,1725.6971328,-16.89,-20.467,7.177,1.0
54.2,128.237239,37.912764,1723.0886544,-17.25,-20.311,7.088,1.0
54.2166,128.237248,37.912819,1720.4966352000001,-17.611,-20.165,6.992,1.0
54.2333,128.237258,37.912873,1717.9177224,-18.004,-20.033,6.915,1.0
54.25,128.237268,37.912928,1715.3543544000001,-18.439,-19.908,6.864,1.0
54.2666,128.237278,37.912983,1712.8062264000002,-18.879,-19.78,6.821,1.0
54.2833,128.237287,37.913038,1710.2730336,-19.277,-19.645,6.763,1.0
54.3,128.237297,37.913093,1707.754776,-19.621,-19.506,6.685,1.0
54.3166,128.237306,37.913148,1705.2520632,-19.943,-19.369,6.596,1.0
54.3333,128.237316,37.913203,1702.7648952,-20.274,-19.212,6.503,1.0
54.35,128.237325,37.913258,1700.2932720000001,-20.635,-19.036,6.415,1.0
54.3666,128.237334,37.913313,1697.8371936,-21.014,-18.857,6.334,1.0
54.3833,128.237343,37.913368,1695.3960504000001,-21.383,-18.691,6.255,1.0
54.4,128.237352,37.913424,1692.970452,-21.727,-18.542,6.172,1.0
54.4166,128.237361,37.913479,1690.5603984,-22.051,-18.4,6.082,1.0
54.4333,128.23737,37.913534,1688.1637560000001,-22.245,-18.232,5.997,1.0
54.45,128.237379,37.91359,1685.7799152000002,-22.334,-18.038,5.919,1.0
54.4666,128.237388,37.913646,1683.4100952000001,-22.339,-17.84,5.841,1.0
54.4833,128.237397,37.913701,1681.0570392000002,-22.271,-17.664,5.75,1.0
54.5,128.237405,37.913757,1678.7198328,-22.161,-17.512,5.647,1.0
54.5166,128.237414,37.913813,1676.3990856000003,-22.066,-17.367,5.541,1.0
54.5333,128.237422,37.913869,1674.0887016000001,-21.976,-17.261,5.475,1.0
54.55,128.237431,37.913925,1671.7920336,-21.896,-17.195,5.454,1.0
54.5666,128.237439,37.91398,1669.5103008,-21.787,-17.136,5.442,1.0
54.5833,128.237447,37.914037,1667.2435032,-21.608,-17.053,5.402,1.0
54.6,128.237456,37.914093,1664.991336,-21.364,-16.941,5.328,1.0
54.6166,128.237464,37.914149,1662.7537992000002,-21.108,-16.82,5.24,1.0
54.6333,128.237472,37.914205,1660.5266256,-20.842,-16.706,5.176,1.0
54.65,128.23748,37.914261,1658.3131680000001,-20.582,-16.608,5.145,1.0
54.6666,128.237488,37.914318,1656.1134264000002,-20.302,-16.514,5.125,1.0
54.6833,128.237496,37.914374,1653.9277056,-19.962,-16.415,5.088,1.0
54.7,128.237503,37.91443,1651.7560056,-19.564,-16.305,5.025,1.0
54.7166,128.237511,37.914487,1649.598936,-19.151,-16.189,4.952,1.0
54.7333,128.237519,37.914543,1647.4510104,-18.7,-16.085,4.902,1.0
54.75,128.237526,37.9146,1645.3143624000002,-18.23,-15.996,4.886,1.0
54.7666,128.237534,37.914657,1643.1920400000001,-17.725,-15.911,4.88,1.0
54.7833,128.237541,37.914713,1641.0825192,-17.151,-15.818,4.854,1.0
54.8,128.237549,37.91477,1638.9867144,-16.517,-15.712,4.802,1.0
54.8166,128.237556,37.914827,1636.9046256,-15.874,-15.602,4.74,1.0
54.8333,128.237564,37.914884,1634.8344240000001,-15.254,-15.487,4.692,1.0
54.85,128.237571,37.91494,1632.7779384,-14.671,-15.371,4.667,1.0
54.8666,128.237578,37.914997,1630.7339496,-14.096,-15.256,4.654,1.0
54.8833,128.237585,37.915054,1628.7030672,-13.485,-15.142,4.634,1.0
54.9,128.237592,37.915111,1626.6852912000002,-12.825,-15.027,4.599,1.0
54.9166,128.2376,37.915169,1624.6809264,-12.142,-14.91,4.555,1.0
54.9333,128.237607,37.915226,1622.6936304,-11.504,-14.76,4.513,1.0
54.95,128.237614,37.915283,1620.7200504000002,-10.928,-14.579,4.482,1.0
54.9666,128.237621,37.91534,1618.7604912000002,-10.387,-14.394,4.461,1.0
54.9833,128.237628,37.915397,1616.8140384,-9.839,-14.231,4.446,1.0
55.0,128.237634,37.915455,1614.8819112,-9.26,-14.09,4.427,1.0
55.0166,128.237641,37.915512,1612.9641096000003,-8.656,-13.955,4.404,1.0
55.0333,128.237648,37.91557,1611.0621576,-8.062,-13.821,4.38,1.0
55.05,128.237655,37.915627,1609.1751408,-7.498,-13.683,4.362,1.0
55.0666,128.237662,37.915685,1607.3027544000001,-6.96,-13.543,4.352,1.0
55.0833,128.237668,37.915742,1605.4446936000002,-6.432,-13.402,4.346,1.0
55.1,128.237675,37.9158,1603.6009584,-5.895,-13.263,4.341,1.0
55.1166,128.237682,37.915857,1601.7721584,-5.342,-13.125,4.333,1.0
55.1333,128.237689,37.915915,1599.9616464,-4.837,-12.963,4.318,1.0
55.15,128.237695,37.915973,1598.1688128,-4.388,-12.775,4.301,1.0
55.1666,128.237702,37.916031,1596.3906096000003,-3.987,-12.585,4.29,1.0
55.1833,128.237709,37.916088,1594.6279512,-3.616,-12.411,4.291,1.0
55.2,128.237715,37.916146,1592.8805328,-3.252,-12.257,4.3,1.0
55.2166,128.237722,37.916204,1591.1489640000002,-2.871,-12.107,4.308,1.0
55.2333,128.237728,37.916262,1589.4308064,-2.322,-11.936,4.325,1.0
55.25,128.237735,37.91632,1587.72606,-1.624,-11.742,4.351,1.0
55.2666,128.237741,37.916378,1586.0341152,-0.822,-11.545,4.373,1.0
55.2833,128.237748,37.916436,1584.3592392000003,0.042,-11.363,4.379,1.0
55.3,128.237755,37.916495,1582.7008224,0.923,-11.199,4.373,1.0
55.3166,128.237761,37.916553,1581.060084,1.768,-11.043,4.371,1.0
55.3333,128.237768,37.916611,1579.4382432,2.337,-10.881,4.352,1.0
55.35,128.237774,37.916669,1577.8362144,2.661,-10.71,4.316,1.0
55.3666,128.237781,37.916728,1576.2549119999999,2.804,-10.536,4.294,1.0
55.3833,128.237787,37.916786,1574.6909832000001,2.825,-10.365,4.309,1.0
55.4,128.237794,37.916844,1573.1441232000002,2.812,-10.203,4.352,1.0
55.4166,128.237801,37.916903,1571.6134176000003,2.859,-10.045,4.394,1.0
55.4333,128.237807,37.916961,1570.1022192,2.981,-9.858,4.408,1.0
55.45,128.237814,37.91702,1568.6102232000003,3.152,-9.638,4.393,1.0
55.4666,128.23782,37.917078,1567.138344,3.3,-9.413,4.374,1.0
55.4833,128.237827,37.917137,1565.6856672000001,3.368,-9.21,4.375,1.0
55.5,128.237834,37.917195,1564.2521927999999,3.362,-9.032,4.4,1.0
55.5166,128.23784,37.917254,1562.8363968,3.342,-8.863,4.434,1.0
55.5333,128.237847,37.917313,1561.4410224,3.333,-8.715,4.45,1.0
55.55,128.237854,37.917371,1560.0636312000001,3.352,-8.582,4.443,1.0
55.5666,128.23786,37.91743,1558.706052,3.368,-8.446,4.427,1.0
55.5833,128.237867,37.917489,1557.3679800000002,3.341,-8.296,4.423,1.0
55.6,128.237874,37.917548,1556.0488056000002,3.262,-8.133,4.438,1.0
55.6166,128.23788,37.917607,1554.7479192,3.165,-7.97,4.462,1.0
55.6333,128.237887,37.917666,1553.4674544,2.934,-7.842,4.461,1.0
55.65,128.237894,37.917724,1552.2080208000002,2.595,-7.747,4.426,1.0
55.6666,128.237901,37.917783,1550.9708376,2.157,-7.654,4.388,1.0
55.6833,128.237907,37.917842,1549.7516376,1.614,-7.536,4.378,1.0
55.7,128.237914,37.917901,1548.5510304,1.006,-7.393,4.4,1.0
55.7166,128.237921,37.91796,1547.3671872,0.411,-7.244,4.429,1.0
55.7333,128.237927,37.918019,1546.2010224,-0.101,-7.081,4.438,1.0
55.75,128.237934,37.918079,1545.0537552,-0.53,-6.906,4.42,1.0
55.7666,128.237941,37.918138,1543.9259952,-0.933,-6.731,4.388,1.0
55.7833,128.237947,37.918197,1542.8180472,-1.375,-6.566,4.363,1.0
55.8,128.237954,37.918256,1541.7296064,-1.879,-6.409,4.355,1.0
55.8166,128.237961,37.918315,1540.6594536000002,-2.416,-6.254,4.357,1.0
55.8333,128.237967,37.918374,1539.6115512000001,-3.096,-6.118,4.339,1.0
55.85,128.237974,37.918434,1538.5849848,-3.883,-5.998,4.291,1.0
55.8666,128.237981,37.918493,1537.5803640000001,-4.761,-5.878,4.237,1.0
55.8833,128.237987,37.918552,1536.5937264000002,-5.732,-5.744,4.205,1.0
55.9,128.237994,37.918611,1535.6256816,-6.763,-5.595,4.199,1.0
55.9166,128.238,37.918671,1534.67562,-7.782,-5.444,4.199,1.0
55.9333,128.238007,37.91873,1533.7423224,-8.621,-5.274,4.189,1.0
55.95,128.238013,37.918789,1532.8251792,-9.285,-5.088,4.16,1.0
55.9666,128.23802,37.918849,1531.9251048,-9.844,-4.903,4.112,1.0
55.9833,128.238026,37.918908,1531.0448424,-10.381,-4.732,4.054,1.0
56.0,128.238032,37.918968,1530.1834776,-10.954,-4.575,3.999,1.0
56.0166,128.238039,37.919027,1529.3422296,-11.584,-4.421,3.954,1.0
56.0333,128.238045,37.919087,1528.5214032000001,-12.287,-4.271,3.915,1.0
56.05,128.238051,37.919146,1527.7182552,-13.024,-4.126,3.873,1.0
56.0666,128.238057,37.919206,1526.9333952,-13.763,-3.98,3.825,1.0
56.0833,128.238063,37.919265,1526.1668232000002,-14.495,-3.832,3.77,1.0
56.1,128.238069,37.919325,1525.4185392000002,-15.225,-3.68,3.714,1.0
56.1166,128.238075,37.919384,1524.6882384,-15.96,-3.528,3.659,1.0
56.1333,128.238081,37.919444,1523.9731776,-16.654,-3.377,3.608,1.0
56.15,128.238087,37.919503,1523.2748808000001,-17.303,-3.227,3.56,1.0
56.1666,128.238093,37.919563,1522.5948720000001,-17.912,-3.08,3.506,1.0
56.1833,128.238098,37.919623,1521.9325416,-18.493,-2.935,3.441,1.0
56.2,128.238104,37.919682,1521.2878896,-19.068,-2.79,3.368,1.0
56.2166,128.238109,37.919742,1520.6612208000001,-19.66,-2.646,3.294,1.0
56.2333,128.238115,37.919802,1520.0485728,-20.242,-2.502,3.231,1.0
56.25,128.23812,37.919861,1519.4532984,-20.808,-2.36,3.177,1.0
56.2666,128.238126,37.919921,1518.8747880000003,-21.344,-2.22,3.121,1.0
56.2833,128.238131,37.919981,1518.3130416,-21.844,-2.08,3.051,1.0
56.3,128.238136,37.92004,1517.7686688,-22.323,-1.942,2.97,1.0
56.3166,128.238141,37.9201,1517.24106,-22.809,-1.804,2.886,1.0
56.3333,128.238146,37.92016,1516.7271672000002,-23.285,-1.667,2.812,1.0
56.35,128.238151,37.92022,1516.2300384,-23.751,-1.531,2.752,1.0
56.3666,128.238155,37.920279,1515.7487592,-24.194,-1.396,2.691,1.0
56.3833,128.23816,37.920339,1515.2839392000003,-24.602,-1.262,2.618,1.0
56.4,128.238165,37.920399,1514.8355784,-24.983,-1.13,2.532,1.0
56.4166,128.238169,37.920459,1514.4033720000002,-25.366,-0.998,2.441,1.0
56.4333,128.238174,37.920519,1513.9842720000001,-25.738,-0.866,2.361,1.0
56.45,128.238178,37.920579,1513.5816312000002,-26.105,-0.733,2.293,1.0
56.4666,128.238182,37.920638,1513.1942304,-26.453,-0.6,2.227,1.0
56.4833,128.238186,37.920698,1512.8226792,-26.768,-0.469,2.15,1.0
56.5,128.23819,37.920758,1512.4666728000002,-27.055,-0.342,2.061,1.0
56.5166,128.238194,37.920818,1512.126516,-27.341,-0.215,1.967,1.0
56.5333,128.238198,37.920878,1511.8000752,-27.622,-0.086,1.88,1.0
56.55,128.238202,37.920938,1511.4888744000002,-27.905,0.046,1.804,1.0
56.5666,128.238205,37.920998,1511.1929136,-28.177,0.179,1.731,1.0
56.5833,128.238209,37.921058,1510.9124976,-28.424,0.309,1.651,1.0
56.6,128.238212,37.921118,1510.6470168,-28.644,0.435,1.56,1.0
56.6166,128.238216,37.921177,1510.3970808000001,-28.86,0.558,1.465,1.0
56.6333,128.238219,37.921237,1510.1614704,-29.084,0.68,1.375,1.0
56.65,128.238222,37.921297,1509.9407952,-29.321,0.802,1.295,1.0
56.6666,128.238225,37.921357,1509.7353600000001,-29.561,0.925,1.218,1.0
56.6833,128.238228,37.921417,1509.5445551999999,-29.789,1.048,1.137,1.0
56.7,128.238231,37.921477,1509.3683808,-29.998,1.171,1.047,1.0
56.7166,128.238233,37.921537,1509.2074464,-30.199,1.293,0.953,1.0
56.7333,128.238236,37.921597,1509.0608376,-30.403,1.411,0.862,1.0
56.75,128.238238,37.921657,1508.9288592,-30.618,1.527,0.777,1.0
56.7666,128.238241,37.921717,1508.8115112,-30.84,1.644,0.695,1.0
56.7833,128.238243,37.921777,1508.7087936000003,-31.058,1.762,0.611,1.0
56.8,128.238245,37.921837,1508.6204016000002,-31.266,1.881,0.522,1.0
56.8166,128.238247,37.921897,1508.54664,-31.468,2.001,0.428,1.0
56.8333,128.238249,37.921957,1508.4875088000001,-31.675,2.115,0.336,1.0
56.85,128.238251,37.922017,1508.4423984,-31.895,2.225,0.247,1.0
56.8666,128.238253,37.922077,1508.4119184,-32.126,2.334,0.161,1.0
56.8833,128.238254,37.922137,1508.3954592,-32.361,2.447,0.074,1.0
56.9,128.238256,37.922197,1508.3930208000002,-32.594,2.563,359.983,1.0
56.9166,128.238257,37.922256,1508.4046032,-32.821,2.68,359.89,1.0
56.9333,128.238258,37.922316,1508.430816,-33.056,2.791,359.797,1.0
56.95,128.238259,37.922376,1508.4710496,-33.301,2.895,359.704,1.0
56.9666,128.23826,37.922436,1508.525304,-33.558,2.999,359.613,1.0
56.9833,128.238261,37.922496,1508.5929696,-33.827,3.107,359.522,1.0
57.0,128.238262,37.922556,1508.6743512,-34.099,3.22,359.43,1.0
57.0166,128.238262,37.922616,1508.7694488,-34.368,3.333,359.335,1.0
57.0333,128.238263,37.922676,1508.8791767999999,-34.645,3.44,359.24,1.0
57.05,128.238263,37.922736,1509.002316,-34.933,3.54,359.143,1.0
57.0666,128.238263,37.922796,1509.1388664,-35.234,3.639,359.047,1.0
57.0833,128.238264,37.922856,1509.288828,-35.55,3.742,358.951,1.0
57.1,128.238264,37.922916,1509.4515912000002,-35.876,3.85,358.856,1.0
57.1166,128.238264,37.922975,1509.6277656,-36.199,3.96,358.76,1.0
57.1333,128.238263,37.923035,1509.8182656,-36.53,4.064,358.661,1.0
57.15,128.238263,37.923095,1510.0215672000002,-36.869,4.16,358.56,1.0
57.1666,128.238262,37.923155,1510.2376704,-37.22,4.254,358.458,1.0
57.1833,128.238262,37.923215,1510.4665752,-37.588,4.352,358.357,1.0
57.2,128.238261,37.923275,1510.7082816,-37.968,4.456,358.258,1.0
57.2166,128.23826,37.923335,1510.9624848,-38.349,4.562,358.158,1.0
57.2333,128.238259,37.923394,1511.2300992000003,-38.732,4.663,358.055,1.0
57.25,128.238258,37.923454,1511.5099056000001,-39.116,4.756,357.949,1.0
57.2666,128.238257,37.923514,1511.8022088,-39.506,4.847,357.842,1.0
57.2833,128.238255,37.923574,1512.1070088,-39.912,4.941,357.735,1.0
57.3,128.238254,37.923633,1512.4233912000002,-40.33,5.04,357.63,1.0
57.3166,128.238252,37.923693,1512.7519656,-40.751,5.141,357.524,1.0
57.3333,128.23825,37.923753,1513.0933416,-41.174,5.237,357.417,1.0
57.35,128.238248,37.923813,1513.4463,-41.597,5.327,357.306,1.0
57.3666,128.238246,37.923872,1513.8111456000001,-42.024,5.414,357.194,1.0
57.3833,128.238244,37.923932,1514.1872687999999,-42.462,5.504,357.082,1.0
57.4,128.238242,37.923992,1514.5749744000002,-42.911,5.597,356.97,1.0
57.4166,128.238239,37.924051,1514.9742624,-43.364,5.692,356.859,1.0
57.4333,128.238237,37.924111,1515.384828,-43.816,5.784,356.746,1.0
57.45,128.238234,37.924171,1515.8066712,-44.264,5.871,356.63,1.0
57.4666,128.238231,37.92423,1516.239792,-44.712,5.956,356.512,1.0
57.4833,128.238228,37.92429,1516.6835808,-45.166,6.041,356.394,1.0
57.5,128.238225,37.924349,1517.1383424,-45.629,6.128,356.276,1.0
57.5166,128.238221,37.924409,1517.6034672,-46.096,6.217,356.158,1.0
57.5333,128.238218,37.924469,1518.07926,-46.558,6.304,356.039,1.0
57.55,128.238214,37.924528,1518.5657208000002,-47.011,6.388,355.919,1.0
57.5666,128.238211,37.924588,1519.0622400000002,-47.459,6.47,355.797,1.0
57.5833,128.238207,37.924647,1519.5694272,-47.906,6.552,355.673,1.0
57.6,128.238203,37.924707,1520.086368,-48.358,6.633,355.548,1.0
57.6166,128.238198,37.924766,1520.6136720000002,-48.815,6.714,355.424,1.0
57.6333,128.238194,37.924826,1521.1504248,-49.272,6.795,355.299,1.0
57.65,128.23819,37.924885,1521.697236,-49.726,6.875,355.174,1.0
57.6666,128.238185,37.924944,1522.2534960000003,-50.175,6.953,355.047,1.0
57.6833,128.23818,37.925004,1522.8195096000002,-50.623,7.029,354.919,1.0
57.7,128.238175,37.925063,1523.3952768,-51.071,7.104,354.789,1.0
57.7166,128.23817,37.925122,1523.9798832000001,-51.523,7.179,354.66,1.0
57.7333,128.238165,37.925182,1524.5733288000001,-51.966,7.255,354.53,1.0
57.75,128.238159,37.925241,1525.1762232,-52.402,7.331,354.4,1.0
57.7666,128.238154,37.9253,1525.7879568,-52.829,7.405,354.269,1.0
57.7833,128.238148,37.92536,1526.4085296,-53.249,7.477,354.136,1.0
57.8,128.238142,37.925419,1527.0379416,-53.668,7.546,354.002,1.0
57.8166,128.238136,37.925478,1527.6761928,-54.089,7.614,353.867,1.0
57.8333,128.23813,37.925537,1528.3226736,-54.51,7.682,353.733,1.0
57.85,128.238123,37.925596,1528.977384,-54.931,7.752,353.599,1.0
57.8666,128.238117,37.925656,1529.6406288000003,-55.347,7.821,353.465,1.0
57.8833,128.23811,37.925715,1530.312408,-55.758,7.887,353.329,1.0
57.9,128.238103,37.925774,1530.992112,-56.164,7.951,353.192,1.0
57.9166,128.238096,37.925833,1531.6797408,-56.571,8.013,353.053,1.0
57.9333,128.238089,37.925892,1532.3749896,-56.973,8.076,352.915,1.0
57.95,128.238082,37.925951,1533.0778584000002,-57.372,8.141,352.777,1.0
57.9666,128.238074,37.92601,1533.7889568,-57.766,8.205,352.639,1.0
57.9833,128.238067,37.926069,1534.5073704000001,-58.153,8.267,352.5,1.0
58.0,128.238059,37.926128,1535.2334039999998,-58.535,8.325,352.359,1.0
58.0166,128.238051,37.926187,1535.9667528000002,-58.918,8.381,352.217,1.0
58.0333,128.238043,37.926246,1536.7074168,-59.303,8.438,352.075,1.0
58.05,128.238034,37.926305,1537.4553960000003,-59.691,8.496,351.934,1.0
58.0666,128.238026,37.926363,1538.2100808,-60.078,8.554,351.792,1.0
58.0833,128.238017,37.926422,1538.9720808000002,-60.462,8.61,351.649,1.0
58.1,128.238008,37.926481,1539.7410912000003,-60.842,8.663,351.506,1.0
58.1166,128.237999,37.92654,1540.5168072000001,-61.22,8.715,351.362,1.0
58.1333,128.23799,37.926598,1541.2989240000002,-61.593,8.767,351.217,1.0
58.15,128.237981,37.926657,1542.0877464,-61.963,8.82,351.072,1.0
58.1666,128.237971,37.926716,1542.8829696000003,-62.329,8.873,350.927,1.0
58.1833,128.237962,37.926774,1543.6845936000002,-62.691,8.924,350.781,1.0
58.2,128.237952,37.926833,1544.4926184,-63.049,8.972,350.635,1.0
58.2166,128.237942,37.926892,1545.307044,-63.407,9.018,350.488,1.0
58.2333,128.237932,37.92695,1546.1272608,-63.765,9.064,350.34,1.0
58.25,128.237921,37.927009,1546.9535736,-64.124,9.112,350.192,1.0
58.2666,128.237911,37.927067,1547.7856776,-64.483,9.159,350.044,1.0
58.2833,128.2379,37.927126,1548.6238776000002,-64.839,9.204,349.895,1.0
58.3,128.237889,37.927184,1549.4678688,-65.191,9.247,349.747,1.0
58.3166,128.237878,37.927242,1550.3173464000001,-65.542,9.288,349.598,1.0
58.3333,128.237867,37.927301,1551.1723104,-65.892,9.33,349.447,1.0
58.35,128.237855,37.927359,1552.0327608,-66.241,9.372,349.295,1.0
58.3666,128.237844,37.927417,1552.8983928,-66.588,9.415,349.143,1.0
58.3833,128.237832,37.927475,1553.7695112000001,-66.933,9.455,348.991,1.0
58.4,128.23782,37.927534,1554.6458112,-67.275,9.493,348.84,1.0
58.4166,128.237808,37.927592,1555.5272928,-67.617,9.529,348.689,1.0
58.4333,128.237796,37.92765,1556.4133464000001,-67.957,9.565,348.536,1.0
58.45,128.237783,37.927708,1557.3045816000001,-68.299,9.602,348.382,1.0
58.4666,128.237771,37.927766,1558.2006936000002,-68.64,9.639,348.227,1.0
58.4833,128.237758,37.927824,1559.1013776000002,-68.978,9.674,348.073,1.0
58.5,128.237745,37.927882,1560.0066336,-69.315,9.707,347.92,1.0
58.5166,128.237731,37.92794,1560.9167664000001,-69.651,9.738,347.766,1.0
58.5333,128.237718,37.927998,1561.8308616000002,-69.985,9.769,347.611,1.0
58.55,128.237705,37.928056,1562.7495288000002,-70.32,9.801,347.452,1.0
58.5666,128.237691,37.928114,1563.6724632,-70.655,9.833,347.294,1.0
58.5833,128.237677,37.928172,1564.59936,-70.988,9.863,347.136,1.0
58.6,128.237663,37.928229,1565.5308288,-71.319,9.891,346.98,1.0
58.6166,128.237649,37.928287,1566.4659552,-71.649,9.917,346.824,1.0
58.6333,128.237634,37.928345,1567.4047392000002,-71.977,9.944,346.666,1.0
58.65,128.237619,37.928402,1568.3474856000003,-72.302,9.972,346.505,1.0
58.6666,128.237605,37.92846,1569.2941944000002,-72.627,9.999,346.343,1.0
58.6833,128.23759,37.928518,1570.2442560000002,-72.948,10.024,346.182,1.0
58.7,128.237574,37.928575,1571.1979752000002,-73.268,10.046,346.024,1.0
58.7166,128.237559,37.928633,1572.1550472,-73.587,10.067,345.865,1.0
58.7333,128.237543,37.92869,1573.1157768,-73.906,10.089,345.705,1.0
58.75,128.237528,37.928748,1574.0792496,-74.225,10.111,345.542,1.0
58.7666,128.237512,37.928805,1575.0463800000002,-74.544,10.133,345.378,1.0
58.7833,128.237496,37.928862,1576.0162536,-74.86,10.153,345.215,1.0
58.8,128.237479,37.92892,1576.9894800000002,-75.174,10.17,345.054,1.0
58.8166,128.237463,37.928977,1577.9654496,-75.488,10.187,344.894,1.0
58.8333,128.237446,37.929034,1578.9441624,-75.8,10.203,344.731,1.0
58.85,128.237429,37.929091,1579.9256184,-76.111,10.221,344.565,1.0
58.8666,128.237412,37.929148,1580.9098176000002,-76.421,10.238,344.397,1.0
58.8833,128.237395,37.929205,1581.89676,-76.729,10.253,344.231,1.0
58.9,128.237378,37.929262,1582.8861408,-77.035,10.266,344.068,1.0
58.9166,128.23736,37.929319,1583.8776552,-77.34,10.277,343.906,1.0
58.9333,128.237342,37.929376,1584.8716080000002,-77.643,10.289,343.741,1.0
58.95,128.237324,37.929433,1585.8676944000001,-77.945,10.301,343.572,1.0
58.9666,128.237306,37.92949,1586.8659144,-78.244,10.313,343.402,1.0
58.9833,128.237288,37.929547,1587.866268,-78.541,10.324,343.234,1.0
59.0,128.237269,37.929603,1588.8687552,-78.836,10.331,343.069,1.0
59.0166,128.23725,37.92966,1589.8730712,-79.13,10.338,342.904,1.0
59.0333,128.237231,37.929717,1590.8789112,-79.424,10.345,342.737,1.0
59.05,128.237212,37.929773,1591.88658,-79.718,10.352,342.565,1.0
59.0666,128.237193,37.92983,1592.8957728,-80.011,10.36,342.392,1.0
59.0833,128.237173,37.929886,1593.9067944,-80.301,10.365,342.221,1.0
59.1,128.237154,37.929943,1594.9193400000001,-80.59,10.368,342.053,1.0
59.1166,128.237134,37.929999,1595.9331048000001,-80.877,10.37,341.887,1.0
59.1333,128.237114,37.930055,1596.9480888,-81.163,10.372,341.717,1.0
59.15,128.237093,37.930112,1597.9642920000001,-81.45,10.375,341.544,1.0
59.1666,128.237073,37.930168,1598.9814096000002,-81.735,10.377,341.369,1.0
59.1833,128.237052,37.930224,1600.0000512000001,-82.018,10.377,341.197,1.0
59.2,128.237031,37.93028,1601.0193024,-82.299,10.376,341.027,1.0
59.2166,128.23701,37.930336,1602.039468,-82.58,10.373,340.859,1.0
59.2333,128.236989,37.930392,1603.0605480000002,-82.86,10.37,340.688,1.0
59.25,128.236968,37.930448,1604.0822376,-83.141,10.368,340.512,1.0
59.2666,128.236946,37.930504,1605.1045368000002,-83.421,10.365,340.335,1.0
59.2833,128.236924,37.93056,1606.1274456,-83.7,10.36,340.16,1.0
59.3,128.236902,37.930616,1607.1509640000002,-83.976,10.354,339.989,1.0
59.3166,128.23688,37.930672,1608.1747872,-84.252,10.347,339.819,1.0
59.3333,128.236857,37.930727,1609.1986104000002,-84.526,10.339,339.645,1.0
59.35,128.236835,37.930783,1610.2227384,-84.799,10.332,339.467,1.0
59.3666,128.236812,37.930839,1611.2471712,-85.071,10.324,339.287,1.0
59.3833,128.236789,37.930894,1612.271604,-85.34,10.315,339.11,1.0
59.4,128.236766,37.93095,1613.2960368000001,-85.608,10.304,338.937,1.0
59.4166,128.236742,37.931005,1614.3201648000002,-85.874,10.292,338.766,1.0
59.4333,128.236719,37.93106,1615.3442928,-86.139,10.28,338.59,1.0
59.45,128.236695,37.931116,1616.3678112,-86.403,10.268,338.408,1.0
59.4666,128.236671,37.931171,1617.3913296,-86.664,10.256,338.225,1.0
59.4833,128.236647,37.931226,1618.4142384,-86.923,10.242,338.045,1.0
59.5,128.236623,37.931281,1619.4365376,-87.179,10.227,337.87,1.0
59.5166,128.236598,37.931336,1620.458532,-87.435,10.21,337.697,1.0
59.5333,128.236573,37.931391,1621.4796119999999,-87.688,10.193,337.518,1.0
59.55,128.236548,37.931446,1622.4997776000002,-87.941,10.177,337.334,1.0
59.5666,128.236523,37.931501,1623.5193336,-88.192,10.16,337.149,1.0
59.5833,128.236498,37.931556,1624.5376704,-88.439,10.141,336.966,1.0
59.6,128.236472,37.93161,1625.5553976,-88.684,10.121,336.789,1.0
59.6166,128.236446,37.931665,1626.5719056,-88.927,10.1,336.614,1.0
59.6333,128.23642,37.93172,1627.5871944,-89.169,10.079,336.433,1.0
59.65,128.236394,37.931774,1628.6009592,-89.41,10.058,336.247,1.0
59.6666,128.236368,37.931829,1629.6138096000002,-89.648,10.036,336.06,1.0
59.6833,128.236341,37.931883,1630.6251359999999,-89.884,10.014,335.875,1.0
59.7,128.236315,37.931938,1631.6349384,-90.116,9.989,335.696,1.0
59.7166,128.236288,37.931992,1632.6435216,-90.347,9.963,335.519,1.0
59.7333,128.23626,37.932046,1633.6499712,-90.577,9.938,335.337,1.0
59.75,128.236233,37.9321,1634.6548968000002,-90.805,9.912,335.149,1.0
59.7666,128.236205,37.932154,1635.6579936000003,-91.032,9.886,334.96,1.0
59.7833,128.236178,37.932208,1636.6595664000001,-91.256,9.859,334.774,1.0
59.8,128.23615,37.932262,1637.6590056,-91.476,9.83,334.593,1.0
59.8166,128.236122,37.932316,1638.6563112000001,-91.695,9.801,334.414,1.0
59.8333,128.236093,37.93237,1639.6514832,-91.912,9.771,334.23,1.0
59.85,128.236065,37.932424,1640.6448264,-92.128,9.741,334.04,1.0
59.8666,128.236036,37.932477,1641.6357312000002,-92.341,9.711,333.847,1.0
59.8833,128.236007,37.932531,1642.6241976000001,-92.551,9.679,333.659,1.0
59.9,128.235978,37.932584,1643.6105304,-92.757,9.647,333.476,1.0
59.9166,128.235948,37.932638,1644.5944248,-92.963,9.613,333.295,1.0
59.9333,128.235919,37.932691,1645.575576,-93.169,9.579,333.112,1.0
59.95,128.235889,37.932745,1646.5542888000002,-93.378,9.544,332.924,1.0
59.9666,128.235859,37.932798,1647.5302584,-93.587,9.509,332.735,1.0
59.9833,128.235829,37.932851,1648.5034848,-93.795,9.474,332.549,1.0
60.0,128.235798,37.932904,1649.4742728,-94.001,9.438,332.366,1.0
60.0166,128.235768,37.932957,1650.441708,-94.206,9.4,332.185,1.0
60.0333,128.235737,37.93301,1651.4064,-94.412,9.362,332.004,1.0
60.05,128.235706,37.933063,1652.368044,-94.622,9.323,331.822,1.0
60.0666,128.235675,37.933115,1653.3263352000001,-94.835,9.284,331.639,1.0
60.0833,128.235644,37.933168,1654.2815784000002,-95.049,9.245,331.457,1.0
60.1,128.235612,37.933221,1655.2337736,-95.263,9.205,331.276,1.0
60.1166,128.23558,37.933273,1656.1823112,-95.475,9.164,331.095,1.0
60.1333,128.235548,37.933326,1657.1278008,-95.689,9.123,330.918,1.0
60.15,128.235516,37.933378,1658.0696328000001,-95.906,9.08,330.741,1.0
60.1666,128.235483,37.93343,1659.0078072000001,-96.126,9.036,330.565,1.0
60.1833,128.235451,37.933483,1659.942324,-96.348,8.993,330.388,1.0
60.2,128.235418,37.933535,1660.8731832,-96.572,8.949,330.21,1.0
60.2166,128.235385,37.933587,1661.8003848,-96.795,8.905,330.032,1.0
60.2333,128.235352,37.933639,1662.7236240000002,-97.016,8.86,329.856,1.0
60.25,128.235318,37.933691,1663.6432056,-97.234,8.814,329.683,1.0
60.2666,128.235285,37.933742,1664.55852,-97.452,8.767,329.51,1.0
60.2833,128.235251,37.933794,1665.4698720000001,-97.67,8.72,329.336,1.0
60.3,128.235217,37.933846,1666.3769568,-97.89,8.672,329.161,1.0
60.3166,128.235183,37.933897,1667.2800792,-98.11,8.623,328.985,1.0
60.3333,128.235149,37.933949,1668.1786296,-98.325,8.575,328.813,1.0
60.35,128.235114,37.934,1669.0732176000001,-98.535,8.526,328.643,1.0
60.3666,128.235079,37.934052,1669.9632336,-98.742,8.477,328.474,1.0
60.3833,128.235044,37.934103,1670.8486776000002,-98.946,8.426,328.303,1.0
60.4,128.235009,37.934154,1671.7298544,-99.15,8.374,328.131,1.0
60.4166,128.234974,37.934205,1672.6061544000002,-99.354,8.322,327.959,1.0
60.4333,128.234938,37.934256,1673.4778824,-99.551,8.27,327.789,1.0
60.45,128.234902,37.934307,1674.3447336,-99.74,8.22,327.623,1.0
60.4666,128.234867,37.934358,1675.2070128000003,-99.922,8.17,327.458,1.0
60.4833,128.23483,37.934408,1676.0644152000002,-100.099,8.117,327.291,1.0
60.5,128.234794,37.934459,1676.9172456000001,-100.272,8.061,327.123,1.0
60.5166,128.234758,37.93451,1677.7645896000001,-100.447,8.005,326.953,1.0
60.5333,128.234721,37.93456,1678.6073616,-100.615,7.951,326.791,1.0
60.55,128.234684,37.93461,1679.4446472,-100.776,7.901,326.636,1.0
60.5666,128.234647,37.934661,1680.2773608,-100.932,7.85,326.483,1.0
60.5833,128.23461,37.934711,1681.1045880000001,-101.081,7.797,326.326,1.0
60.6,128.234572,37.934761,1681.9269384,-101.226,7.74,326.163,1.0
60.6166,128.234535,37.934811,1682.7438024,-101.372,7.682,325.999,1.0
60.6333,128.234497,37.934861,1683.5557896,-101.508,7.628,325.846,1.0
60.65,128.234459,37.934911,1684.3622904,-101.636,7.579,325.704,1.0
60.6666,128.234421,37.934961,1685.1633048,-101.756,7.53,325.565,1.0
60.6833,128.234383,37.93501,1685.9594424000002,-101.869,7.478,325.419,1.0
60.7,128.234344,37.93506,1686.7500936000001,-101.977,7.421,325.266,1.0
60.7166,128.234306,37.93511,1687.5352584000002,-102.086,7.363,325.109,1.0
60.7333,128.234267,37.935159,1688.3152416,-102.185,7.31,324.971,1.0
60.75,128.234228,37.935208,1689.0897384,-102.277,7.265,324.853,1.0
60.7666,128.234189,37.935258,1689.8590536000002,-102.363,7.221,324.739,1.0
60.7833,128.234149,37.935307,1690.6228824,-102.441,7.173,324.614,1.0
60.8,128.23411,37.935356,1691.3815296,-102.515,7.118,324.475,1.0
60.8166,128.23407,37.935405,1692.1343856,-102.589,7.062,324.33,1.0
60.8333,128.23403,37.935454,1692.8823648,-102.635,7.017,324.208,1.0
60.85,128.23399,37.935503,1693.6248576,-102.655,6.986,324.114,1.0
60.8666,128.23395,37.935552,1694.3624736,-102.651,6.958,324.027,1.0
60.8833,128.23391,37.935601,1695.0952128000001,-102.624,6.919,323.924,1.0
60.9,128.233869,37.935649,1695.8227704,-102.583,6.869,323.803,1.0
60.9166,128.233829,37.935698,1696.5448416,-102.543,6.815,323.674,1.0
60.9333,128.233788,37.935746,1697.2602072000002,-102.367,6.794,323.552,1.0
60.95,128.233747,37.935795,1697.9710008,-102.064,6.808,323.444,1.0
60.9666,128.233706,37.935843,1698.6796608,-101.639,6.823,323.343,1.0
60.9833,128.233665,37.935892,1699.3855776000003,-101.098,6.808,323.239,1.0
61.0,128.233623,37.93594,1700.0869224,-100.49,6.761,323.126,1.0
61.0166,128.233582,37.935988,1700.7827808000002,-99.894,6.707,323.007,1.0
61.0333,128.23354,37.936036,1701.4722384,-99.383,6.667,322.878,1.0
61.05,128.233499,37.936084,1702.1574288000002,-98.958,6.65,322.742,1.0
61.0666,128.233457,37.936132,1702.8389616000002,-98.568,6.646,322.608,1.0
61.0833,128.233415,37.93618,1703.5174464,-98.155,6.639,322.479,1.0
61.1,128.233372,37.936228,1704.1928832,-97.696,6.621,322.354,1.0
61.1166,128.23333,37.936276,1704.8643576,-97.207,6.594,322.228,1.0
61.1333,128.233288,37.936323,1705.5315648,-96.814,6.555,322.072,1.0
61.15,128.233245,37.936371,1706.1948096,-96.533,6.512,321.887,1.0
61.1666,128.233202,37.936418,1706.8531776000002,-96.341,6.48,321.698,1.0
61.1833,128.233159,37.936466,1707.5078880000003,-96.199,6.464,321.526,1.0
61.2,128.233116,37.936513,1708.1595504000002,-96.062,6.459,321.374,1.0
61.2166,128.233073,37.93656,1708.8084696,-95.898,6.451,321.229,1.0
61.2333,128.233029,37.936607,1709.4546456,-95.763,6.42,321.054,1.0
61.25,128.232985,37.936654,1710.0971640000002,-95.669,6.366,320.844,1.0
61.2666,128.232942,37.936701,1710.7351104000002,-95.635,6.312,320.626,1.0
61.2833,128.232898,37.936748,1711.3684848,-95.665,6.278,320.426,1.0
61.3,128.232854,37.936794,1711.9982016000001,-95.735,6.264,320.249,1.0
61.3166,128.232809,37.936841,1712.6251752,-95.801,6.255,320.083,1.0
61.3333,128.232765,37.936887,1713.2503199999999,-95.839,6.223,319.89,1.0
61.35,128.23272,37.936934,1713.8718072000001,-95.851,6.164,319.655,1.0
61.3666,128.232675,37.93698,1714.4890272,-95.87,6.096,319.403,1.0
61.3833,128.23263,37.937026,1715.1013704000002,-95.932,6.04,319.165,1.0
61.4,128.232585,37.937072,1715.7097512,-96.038,6.004,318.956,1.0
61.4166,128.23254,37.937118,1716.3144744,-96.158,5.978,318.765,1.0
61.4333,128.232494,37.937164,1716.9161496,-96.286,5.945,318.582,1.0
61.45,128.232449,37.93721,1717.5144720000003,-96.408,5.896,318.395,1.0
61.4666,128.232403,37.937256,1718.1085272,-96.532,5.84,318.2,1.0
61.4833,128.232357,37.937301,1718.6980104000002,-96.678,5.787,318.002,1.0
61.5,128.232311,37.937346,1719.2829216,-96.852,5.744,317.806,1.0
61.5166,128.232264,37.937392,1719.8638704,-97.038,5.708,317.615,1.0
61.5333,128.232218,37.937437,1720.4411616000002,-97.265,5.664,317.426,1.0
61.55,128.232171,37.937482,1721.0141856000002,-97.52,5.609,317.235,1.0
61.5666,128.232124,37.937527,1721.5823328000001,-97.798,5.548,317.042,1.0
61.5833,128.232077,37.937572,1722.1456032,-98.105,5.492,316.848,1.0
61.6,128.23203,37.937616,1722.7039968000001,-98.434,5.444,316.656,1.0
61.6166,128.231982,37.937661,1723.2578184000001,-98.769,5.401,316.466,1.0
61.6333,128.231935,37.937705,1723.8073728000002,-99.065,5.351,316.24,1.0
61.65,128.231887,37.93775,1724.3520504000003,-99.317,5.289,315.97,1.0
61.6666,128.231839,37.937794,1724.8918512,-99.538,5.219,315.689,1.0
61.6833,128.231791,37.937838,1725.4267752,-99.744,5.147,315.429,1.0
61.7,128.231742,37.937882,1725.9559080000001,-99.952,5.08,315.201,1.0
61.7166,128.231694,37.937926,1726.4792496,-100.17,5.017,314.989,1.0
61.7333,128.231645,37.937969,1726.9974096000003,-100.48,4.953,314.807,1.0
61.75,128.231596,37.938013,1727.5097784000002,-100.871,4.883,314.645,1.0
61.7666,128.231547,37.938056,1728.0154416,-101.322,4.813,314.478,1.0
61.7833,128.231498,37.938099,1728.5143992,-101.816,4.747,314.294,1.0
61.8,128.231449,37.938143,1729.0075656,-102.331,4.686,314.097,1.0
61.8166,128.231399,37.938186,1729.494636,-102.839,4.625,313.898,1.0
61.8333,128.231349,37.938228,1729.97622,-103.29,4.559,313.69,1.0
61.85,128.231299,37.938271,1730.4514032,-103.686,4.484,313.473,1.0
61.8666,128.231249,37.938314,1730.9198808,-104.048,4.403,313.255,1.0
61.8833,128.231199,37.938356,1731.3816528000002,-104.399,4.319,313.046,1.0
61.9,128.231148,37.938399,1731.8361096,-104.756,4.236,312.844,1.0
61.9166,128.231098,37.938441,1732.2829464000001,-105.125,4.155,312.647,1.0
61.9333,128.231047,37.938483,1732.7230776000001,-105.476,4.074,312.437,1.0
61.95,128.230996,37.938525,1733.1558936000001,-105.803,3.992,312.214,1.0
61.9666,128.230945,37.938567,1733.5813944000001,-106.107,3.907,311.989,1.0
61.9833,128.230894,37.938609,1733.9995800000002,-106.389,3.817,311.772,1.0
62.0,128.230842,37.93865,1734.4098408,-106.661,3.724,311.566,1.0
62.0166,128.23079,37.938692,1734.8121767999999,-106.935,3.632,311.367,1.0
62.0333,128.230739,37.938733,1735.2062832000001,-107.191,3.541,311.156,1.0
62.05,128.230687,37.938774,1735.5924648,-107.429,3.451,310.931,1.0
62.0666,128.230634,37.938815,1735.9707216000002,-107.648,3.36,310.702,1.0
62.0833,128.230582,37.938856,1736.3407488,-107.845,3.265,310.482,1.0
62.1,128.230529,37.938897,1736.7025464,-108.026,3.167,310.273,1.0
62.1166,128.230477,37.938937,1737.0558096000002,-108.205,3.068,310.071,1.0
62.1333,128.230424,37.938978,1737.4002335999999,-108.372,2.971,309.861,1.0
62.15,128.230371,37.939018,1737.7358184000002,-108.528,2.876,309.639,1.0
62.1666,128.230318,37.939058,1738.0628688,-108.672,2.781,309.414,1.0
62.1833,128.230264,37.939098,1738.3813848,-108.799,2.683,309.194,1.0
62.2,128.230211,37.939138,1738.6907568000001,-108.911,2.583,308.985,1.0
62.2166,128.230157,37.939178,1738.9912896,-109.018,2.482,308.781,1.0
62.2333,128.230103,37.939218,1739.2826784000001,-109.118,2.381,308.57,1.0
62.25,128.230049,37.939257,1739.5643136,-109.215,2.282,308.349,1.0
62.2666,128.229995,37.939296,1739.8371096000003,-109.305,2.183,308.124,1.0
62.2833,128.229941,37.939336,1740.1010664000003,-109.385,2.084,307.905,1.0
62.3,128.229886,37.939375,1740.3555744000003,-109.453,1.983,307.694,1.0
62.3166,128.229832,37.939413,1740.6003288000002,-109.516,1.881,307.489,1.0
62.3333,128.229777,37.939452,1740.8359392000002,-109.577,1.781,307.284,1.0
62.35,128.229722,37.939491,1741.0614912,-109.64,1.684,307.076,1.0
62.3666,128.229666,37.939529,1741.2778992,-109.702,1.587,306.866,1.0
62.3833,128.229611,37.939567,1741.4845536,-109.76,1.49,306.658,1.0
62.4,128.229556,37.939605,1741.6817592000002,-109.811,1.391,306.451,1.0
62.4166,128.2295,37.939643,1741.8692112,-109.857,1.291,306.247,1.0
62.4333,128.229444,37.939681,1742.0466048,-109.909,1.196,306.042,1.0
62.45,128.229388,37.939719,1742.21394,-109.968,1.105,305.833,1.0
62.4666,128.229332,37.939756,1742.3718264000001,-110.026,1.016,305.623,1.0
62.4833,128.229276,37.939794,1742.5202640000002,-110.074,0.924,305.415,1.0
62.5,128.229219,37.939831,1742.6589480000002,-110.112,0.83,305.21,1.0
62.5166,128.229162,37.939868,1742.7875736,-110.144,0.733,305.007,1.0
62.5333,128.229106,37.939905,1742.9061408,-110.178,0.648,304.825,1.0
62.55,128.229049,37.939941,1743.0152592000002,-110.219,0.576,304.664,1.0
62.5666,128.228991,37.939978,1743.114624,-110.261,0.507,304.506,1.0
62.5833,128.228934,37.940014,1743.2042352,-110.296,0.431,304.336,1.0
62.6,128.228877,37.94005,1743.2843976000001,-110.322,0.348,304.152,1.0
62.6166,128.228819,37.940087,1743.3545016000003,-110.343,0.259,303.962,1.0
62.6333,128.228762,37.940122,1743.414852,-110.366,0.171,303.763,1.0
62.65,128.228704,37.940158,1743.465144,-110.395,0.085,303.556,1.0
62.6666,128.228646,37.940194,1743.5059872,-110.424,0.001,303.351,1.0
62.6833,128.228587,37.940229,1743.5370768,-110.446,-0.082,303.151,1.0
62.7,128.228529,37.940264,1743.5587176000001,-110.458,-0.167,302.956,1.0
62.7166,128.228471,37.9403,1743.5703,-110.466,-0.254,302.762,1.0
62.7333,128.228412,37.940335,1743.5721288000002,-110.469,-0.335,302.571,1.0
62.75,128.228353,37.940369,1743.5638992000002,-110.47,-0.408,302.382,1.0
62.7666,128.228295,37.940404,1743.5465256,-110.465,-0.479,302.194,1.0
62.7833,128.228236,37.940438,1743.5197032,-110.445,-0.554,302.004,1.0
62.8,128.228176,37.940473,1743.4831272000001,-110.414,-0.634,301.812,1.0
62.8166,128.228117,37.940507,1743.4367976,-110.378,-0.717,301.62,1.0
62.8333,128.228058,37.940541,1743.3816288000003,-110.354,-0.801,301.469,1.0
62.85,128.227998,37.940575,1743.3170112,-110.347,-0.881,301.362,1.0
62.8666,128.227938,37.940608,1743.2420304,-110.371,-0.955,301.269,1.0
62.8833,128.227878,37.940642,1743.1569912000002,-110.434,-1.027,301.154,1.0
62.9,128.227818,37.940675,1743.0625032,-110.523,-1.1,301.007,1.0
62.9166,128.227758,37.940708,1742.9594808000002,-110.614,-1.176,300.843,1.0
62.9333,128.227698,37.940742,1742.8460952,-110.651,-1.25,300.644,1.0
62.95,128.227638,37.940774,1742.72448,-110.632,-1.321,300.421,1.0
62.9666,128.227577,37.940807,1742.5943304,-110.558,-1.393,300.202,1.0
62.9833,128.227517,37.94084,1742.4556464,-110.435,-1.471,300.003,1.0
63.0,128.227456,37.940872,1742.3075136,-110.286,-1.555,299.821,1.0
63.0166,128.227395,37.940905,1742.1496272000002,-110.141,-1.639,299.643,1.0
63.0333,128.227334,37.940937,1741.9816824,-110.024,-1.719,299.456,1.0
63.05,128.227273,37.940969,1741.8045936,-109.933,-1.795,299.258,1.0
63.0666,128.227212,37.941,1741.6183608,-109.853,-1.867,299.056,1.0
63.0833,128.22715,37.941032,1741.4235936000002,-109.763,-1.94,298.858,1.0
63.1,128.227089,37.941064,1741.2196824,-109.659,-2.014,298.667,1.0
63.1166,128.227027,37.941095,1741.0066272000001,-109.546,-2.091,298.479,1.0
63.1333,128.226966,37.941126,1740.784428,-109.429,-2.167,298.291,1.0
63.15,128.226904,37.941157,1740.5530848,-109.316,-2.241,298.099,1.0
63.1666,128.226842,37.941188,1740.3125976000001,-109.207,-2.312,297.906,1.0
63.1833,128.22678,37.941219,1740.063576,-109.096,-2.383,297.712,1.0
63.2,128.226718,37.941249,1739.8054104,-108.981,-2.455,297.521,1.0
63.2166,128.226655,37.94128,1739.5387104000001,-108.861,-2.527,297.331,1.0
63.2333,128.226593,37.94131,1739.2628664000001,-108.743,-2.598,297.145,1.0
63.25,128.22653,37.94134,1738.9781832,-108.629,-2.668,296.961,1.0
63.2666,128.226468,37.94137,1738.6849656,-108.52,-2.736,296.777,1.0
63.2833,128.226405,37.941399,1738.382604,-108.413,-2.803,296.591,1.0
63.3,128.226342,37.941429,1738.0720128000003,-108.306,-2.871,296.403,1.0
63.3166,128.226279,37.941458,1737.7525824,-108.197,-2.939,296.214,1.0
63.3333,128.226216,37.941488,1737.4246176000001,-108.092,-3.006,296.032,1.0
63.35,128.226152,37.941517,1737.0881184000002,-107.993,-3.071,295.856,1.0
63.3666,128.226089,37.941545,1736.7430848,-107.899,-3.135,295.681,1.0
63.3833,128.226026,37.941574,1736.389212,-107.809,-3.199,295.503,1.0
63.4,128.225962,37.941603,1736.0274144,-107.721,-3.263,295.319,1.0
63.4166,128.225898,37.941631,1735.6570824,-107.632,-3.328,295.134,1.0
63.4333,128.225835,37.941659,1735.2785208000003,-107.55,-3.391,294.956,1.0
63.45,128.225771,37.941687,1734.8914248,-107.473,-3.452,294.788,1.0
63.4666,128.225707,37.941715,1734.496404,-107.402,-3.513,294.622,1.0
63.4833,128.225642,37.941743,1734.0928488000002,-107.335,-3.573,294.451,1.0
63.5,128.225578,37.94177,1733.6813688,-107.272,-3.635,294.274,1.0
63.5166,128.225514,37.941798,1733.2616592000002,-107.209,-3.696,294.092,1.0
63.5333,128.225449,37.941825,1732.8340248,-107.152,-3.756,293.921,1.0
63.55,128.225385,37.941852,1732.3984656,-107.101,-3.814,293.76,1.0
63.5666,128.22532,37.941879,1731.9546768,-107.056,-3.872,293.602,1.0
63.5833,128.225256,37.941905,1731.5029632,-107.016,-3.929,293.439,1.0
63.6,128.225191,37.941932,1731.0433248,-106.979,-3.988,293.267,1.0
63.6166,128.225126,37.941958,1730.5757616,-106.942,-4.047,293.091,1.0
63.6333,128.225061,37.941985,1730.1005784000001,-106.911,-4.104,292.926,1.0
63.65,128.224996,37.942011,1729.6174704,-106.885,-4.159,292.774,1.0
63.6666,128.22493,37.942036,1729.1267424000002,-106.863,-4.213,292.626,1.0
63.6833,128.224865,37.942062,1728.6283944000002,-106.844,-4.268,292.471,1.0
63.7,128.2248,37.942088,1728.1221216000001,-106.829,-4.325,292.306,1.0
63.7166,128.224734,37.942113,1727.6082288000002,-106.814,-4.383,292.137,1.0
63.7333,128.224669,37.942138,1727.0870208000001,-106.805,-4.438,291.979,1.0
63.75,128.224603,37.942163,1726.5581928,-106.798,-4.49,291.834,1.0
63.7666,128.224537,37.942188,1726.0217448000003,-106.795,-4.541,291.694,1.0
63.7833,128.224471,37.942213,1725.4776768,-106.795,-4.594,291.547,1.0
63.8,128.224405,37.942238,1724.9262936000002,-106.797,-4.649,291.39,1.0
63.8166,128.224339,37.942262,1724.3675952,-106.8,-4.705,291.227,1.0
63.8333,128.224273,37.942286,1723.8015816,-106.806,-4.758,291.077,1.0
63.85,128.224207,37.94231,1723.2282528000003,-106.816,-4.807,290.942,1.0
63.8666,128.224141,37.942334,1722.6476088,-106.827,-4.855,290.812,1.0
63.8833,128.224074,37.942358,1722.0593448000002,-106.84,-4.906,290.674,1.0
63.9,128.224008,37.942382,1721.4643752000002,-106.855,-4.959,290.525,1.0
63.9166,128.223941,37.942405,1720.8617856,-106.87,-5.013,290.369,1.0
63.9333,128.223875,37.942428,1720.2521856,-106.888,-5.064,290.227,1.0
63.95,128.223808,37.942452,1719.6355752000002,-106.909,-5.111,290.102,1.0
63.9666,128.223741,37.942475,1719.0119544000001,-106.932,-5.157,289.981,1.0
63.9833,128.223674,37.942497,1718.3813232000002,-106.956,-5.204,289.853,1.0
64.0,128.223608,37.94252,1717.7433768,-106.98,-5.256,289.712,1.0
64.0166,128.223541,37.942543,1717.0987248000001,-107.004,-5.309,289.564,1.0
64.0333,128.223473,37.942565,1716.4470624,-107.033,-5.358,289.43,1.0
64.05,128.223406,37.942587,1715.7886944000002,-107.065,-5.403,289.313,1.0
64.0666,128.223339,37.94261,1715.1233160000002,-107.1,-5.447,289.201,1.0
64.0833,128.223272,37.942632,1714.4509272,-107.136,-5.493,289.081,1.0
64.1,128.223205,37.942653,1713.7718328,-107.172,-5.542,288.948,1.0
64.1166,128.223137,37.942675,1713.0860328,-107.208,-5.594,288.808,1.0
64.1333,128.22307,37.942697,1712.3935272,-107.246,-5.641,288.682,1.0
64.15,128.223002,37.942718,1711.694316,-107.286,-5.684,288.573,1.0
64.1666,128.222935,37.942739,1710.9887039999999,-107.326,-5.726,288.468,1.0
64.1833,128.222867,37.94276,1710.2760816,-107.366,-5.77,288.355,1.0
64.2,128.222799,37.942781,1709.5570584000002,-107.406,-5.818,288.23,1.0
64.2166,128.222731,37.942802,1708.8313296000001,-107.446,-5.869,288.099,1.0
64.2333,128.222663,37.942823,1708.0992,-107.488,-5.914,287.981,1.0
64.25,128.222596,37.942844,1707.3606696000002,-107.533,-5.955,287.88,1.0
64.2666,128.222528,37.942864,1706.6157384,-107.578,-5.995,287.785,1.0
64.2833,128.22246,37.942884,1705.8644064,-107.623,-6.037,287.68,1.0
64.3,128.222391,37.942905,1705.1066736,-107.667,-6.083,287.564,1.0
64.3166,128.222323,37.942925,1704.3422352,-107.711,-6.132,287.44,1.0
64.3333,128.222255,37.942945,1703.5720056,-107.755,-6.176,287.329,1.0
64.35,128.222187,37.942964,1702.7953752,-107.8,-6.215,287.235,1.0
64.3666,128.222119,37.942984,1702.0126488,-107.845,-6.252,287.147,1.0
64.3833,128.22205,37.943004,1701.2235216000001,-107.887,-6.293,287.05,1.0
64.4,128.221982,37.943023,1700.4282984,-107.929,-6.338,286.94,1.0
64.4166,128.221913,37.943042,1699.6269792,-107.97,-6.385,286.824,1.0
64.4333,128.221845,37.943061,1698.8195640000001,-108.013,-6.428,286.719,1.0
64.45,128.221776,37.94308,1698.0060528000001,-108.058,-6.466,286.63,1.0
64.4666,128.221707,37.943099,1697.1867504000002,-108.103,-6.503,286.545,1.0
64.4833,128.221639,37.943118,1696.3613520000001,-108.147,-6.542,286.452,1.0
64.5,128.22157,37.943137,1695.5298576,-108.189,-6.586,286.349,1.0
64.5166,128.221501,37.943155,1694.6925720000002,-108.231,-6.631,286.239,1.0
64.5333,128.221432,37.943174,1693.8491904,-108.279,-6.674,286.14,1.0
64.55,128.221364,37.943192,1693.0000176000003,-108.332,-6.712,286.055,1.0
64.5666,128.221295,37.943211,1692.1450536000002,-108.389,-6.749,285.975,1.0
64.5833,128.221226,37.943229,1691.2842984,-108.447,-6.787,285.888,1.0
64.6,128.221157,37.943247,1690.417752,-108.505,-6.829,285.789,1.0
64.6166,128.221088,37.943265,1689.5454144,-108.563,-6.873,285.685,1.0
64.6333,128.221018,37.943282,1688.6672856000002,-108.624,-6.915,285.59,1.0
64.65,128.220949,37.9433,1687.7833656,-108.69,-6.954,285.506,1.0
64.6666,128.22088,37.943317,1686.8939592000002,-108.759,-6.992,285.426,1.0
64.6833,128.220811,37.943335,1685.9987616,-108.831,-7.031,285.34,1.0
64.7,128.220742,37.943352,1685.0980776000001,-108.904,-7.073,285.245,1.0
64.7166,128.220672,37.943369,1684.1916024000002,-108.976,-7.116,285.145,1.0
64.7333,128.220603,37.943387,1683.2796408000002,-109.052,-7.156,285.061,1.0
64.75,128.220533,37.943404,1682.3621928,-109.133,-7.192,284.996,1.0
64.7666,128.220464,37.943421,1681.4392584000002,-109.218,-7.227,284.935,1.0
64.7833,128.220395,37.943437,1680.5105328,-109.308,-7.264,284.864,1.0
64.8,128.220325,37.943454,1679.5763208,-109.401,-7.304,284.779,1.0
64.8166,128.220255,37.943471,1678.6369272000002,-109.493,-7.346,284.688,1.0
64.8333,128.220186,37.943487,1677.6917424,-109.628,-7.385,284.622,1.0
64.85,128.220116,37.943504,1676.7410712,-109.801,-7.421,284.584,1.0
64.8666,128.220046,37.94352,1675.7849136,-110.006,-7.455,284.552,1.0
64.8833,128.219977,37.943536,1674.8229648000001,-110.234,-7.488,284.505,1.0
64.9,128.219907,37.943552,1673.8555296000002,-110.475,-7.522,284.436,1.0
64.9166,128.219837,37.943568,1672.8832176000003,-110.712,-7.558,284.357,1.0
64.9333,128.219767,37.943584,1671.9063336,-110.925,-7.591,284.299,1.0
64.95,128.219698,37.9436,1670.9245728,-111.116,-7.622,284.268,1.0
64.9666,128.219628,37.943616,1669.9376304,-111.299,-7.652,284.245,1.0
64.9833,128.219558,37.943631,1668.9452016000002,-111.486,-7.687,284.209,1.0
65.0,128.219488,37.943647,1667.9475912000003,-111.685,-7.725,284.153,1.0
65.0166,128.219418,37.943662,1666.9447992000003,-111.891,-7.764,284.088,1.0
65.0333,128.219348,37.943678,1665.9368256,-112.132,-7.802,284.04,1.0
65.05,128.219278,37.943693,1664.9239752,-112.399,-7.84,284.013,1.0
65.0666,128.219208,37.943708,1663.9059432000001,-112.688,-7.877,283.994,1.0
65.0833,128.219138,37.943724,1662.88212,-112.998,-7.913,283.962,1.0
65.1,128.219067,37.943739,1661.85342,-113.323,-7.949,283.913,1.0
65.1166,128.218997,37.943754,1660.8201480000002,-113.646,-7.986,283.855,1.0
65.1333,128.218927,37.943769,1659.7826088,-113.946,-8.026,283.796,1.0
65.15,128.218857,37.943784,1658.7401928,-114.222,-8.071,283.743,1.0
65.1666,128.218787,37.943798,1657.6925952,-114.486,-8.117,283.693,1.0
65.1833,128.218716,37.943813,1656.6401208000002,-114.752,-8.164,283.643,1.0
65.2,128.218646,37.943828,1655.58216,-115.029,-8.21,283.589,1.0
65.2166,128.218576,37.943842,1654.5193224,-115.313,-8.255,283.531,1.0
65.2333,128.218505,37.943857,1653.4513032,-115.64,-8.288,283.506,1.0
65.25,128.218435,37.943871,1652.378712,-115.999,-8.312,283.516,1.0
65.2666,128.218365,37.943886,1651.3006344000003,-116.38,-8.333,283.531,1.0
65.2833,128.218294,37.9439,1650.2176800000002,-116.777,-8.36,283.527,1.0
65.3,128.218224,37.943914,1649.1301536,-117.182,-8.393,283.496,1.0
65.3166,128.218153,37.943929,1648.0377504000003,-117.585,-8.429,283.455,1.0
65.3333,128.218083,37.943943,1646.9413848,-117.892,-8.478,283.375,1.0
65.35,128.218012,37.943957,1645.8410568000002,-118.108,-8.54,283.264,1.0
65.3666,128.217942,37.943971,1644.7364616000002,-118.26,-8.607,283.155,1.0
65.3833,128.217871,37.943985,1643.6269896000001,-118.378,-8.673,283.071,1.0
65.4,128.2178,37.943999,1642.512336,-118.491,-8.736,283.009,1.0
65.4166,128.21773,37.944013,1641.3921960000002,-118.624,-8.795,282.952,1.0
65.4333,128.217659,37.944027,1640.2683984,-118.758,-8.824,282.931,1.0
65.45,128.217589,37.944041,1639.1403336,-118.889,-8.807,282.976,1.0
65.4666,128.217518,37.944054,1638.0086112000001,-119.001,-8.768,283.058,1.0
65.4833,128.217447,37.944068,1636.873536,-119.082,-8.737,283.144,1.0
65.5,128.217376,37.944082,1635.7341936000003,-119.136,-8.735,283.195,1.0
65.5166,128.217306,37.944096,1634.590584,-119.187,-8.759,283.203,1.0
65.5333,128.217235,37.944109,1633.4405736,-119.277,-8.825,283.128,1.0
65.55,128.217164,37.944123,1632.2862960000002,-119.411,-8.915,283.004,1.0
65.5666,128.217093,37.944136,1631.1274464,-119.571,-9.006,282.868,1.0
65.5833,128.217023,37.94415,1629.9646344000003,-119.739,-9.081,282.758,1.0
65.6,128.216952,37.944163,1628.7978600000001,-119.903,-9.128,282.7,1.0
65.6166,128.216881,37.944176,1627.6262088,-120.056,-9.159,282.675,1.0
65.6333,128.21681,37.94419,1626.4515096000002,-119.934,-9.139,282.694,1.0
65.65,128.216739,37.944203,1625.2737624000001,-119.56,-9.078,282.736,1.0
65.6666,128.216668,37.944216,1624.0954056,-118.955,-9.022,282.778,1.0
65.6833,128.216597,37.94423,1622.916744,-118.18,-9.014,282.802,1.0
65.7,128.216526,37.944243,1621.7344248,-117.326,-9.053,282.809,1.0
65.7166,128.216455,37.944256,1620.5481432000001,-116.503,-9.102,282.815,1.0
65.7333,128.216384,37.94427,1619.3578992000002,-115.517,-9.105,282.818,1.0
65.75,128.216313,37.944283,1618.1652168,-114.396,-9.052,282.821,1.0
65.7666,128.216242,37.944296,1616.9734488000001,-113.082,-8.99,282.827,1.0
65.7833,128.216171,37.944309,1615.7832048000002,-111.56,-8.969,282.839,1.0
65.8,128.2161,37.944323,1614.591132,-109.897,-8.999,282.857,1.0
65.8166,128.216029,37.944336,1613.3954016000002,-108.226,-9.051,282.877,1.0
65.8333,128.215958,37.944349,1612.1963184,-107.082,-9.109,282.907,1.0
65.85,128.215886,37.944362,1610.9932728,-106.446,-9.155,282.943,1.0
65.8666,128.215815,37.944376,1609.7856552,-106.295,-9.175,282.974,1.0
65.8833,128.215744,37.944389,1608.5749896,-106.571,-9.18,282.995,1.0
65.9,128.215673,37.944402,1607.3618856000003,-107.13,-9.186,283.008,1.0
65.9166,128.215601,37.944415,1606.1454288000002,-107.794,-9.193,283.016,1.0
65.9333,128.21553,37.944428,1604.9253144,-108.471,-9.191,283.021,1.0
65.95,128.215459,37.944441,1603.7030664000001,-109.125,-9.178,283.025,1.0
65.9666,128.215388,37.944454,1602.4786847999999,-109.736,-9.163,283.027,1.0
65.9833,128.215316,37.944467,1601.2524744000002,-110.298,-9.159,283.029,1.0
66.0,128.215245,37.94448,1600.0235208000001,-110.829,-9.168,283.03,1.0
66.0166,128.215173,37.944493,1598.7915192,-111.359,-9.183,283.028,1.0
66.0333,128.215102,37.944506,1597.55586,-111.993,-9.197,283.024,1.0
66.05,128.215031,37.944518,1596.3162384,-112.73,-9.208,283.019,1.0
66.0666,128.214959,37.944531,1595.0741784000002,-113.53,-9.211,283.011,1.0
66.0833,128.214888,37.944544,1593.8293752000002,-114.35,-9.207,283.0,1.0
66.1,128.214816,37.944557,1592.5827432,-115.156,-9.204,282.985,1.0
66.1166,128.214745,37.944569,1591.3339776000003,-115.932,-9.207,282.97,1.0
66.1333,128.214673,37.944582,1590.0821640000001,-116.705,-9.219,282.956,1.0
66.15,128.214602,37.944595,1588.8276072,-117.492,-9.237,282.941,1.0
66.1666,128.214531,37.944607,1587.5703072000001,-118.307,-9.253,282.925,1.0
66.1833,128.214459,37.94462,1586.3099592,-119.149,-9.261,282.905,1.0
66.2,128.214388,37.944632,1585.0471728,-120.003,-9.265,282.883,1.0
66.2166,128.214316,37.944645,1583.7825576,-120.846,-9.27,282.86,1.0
66.2333,128.214244,37.944658,1582.5164184,-121.653,-9.28,282.837,1.0
66.25,128.214173,37.94467,1581.2478408,-122.43,-9.294,282.815,1.0
66.2666,128.214101,37.944683,1579.97652,-123.196,-9.31,282.792,1.0
66.2833,128.21403,37.944695,1578.7027607999999,-123.967,-9.326,282.768,1.0
66.3,128.213958,37.944708,1577.4262584000003,-124.748,-9.341,282.744,1.0
66.3166,128.213887,37.94472,1576.1476224,-125.534,-9.355,282.719,1.0
66.3333,128.213815,37.944733,1574.8671576,-126.307,-9.368,282.693,1.0
66.35,128.213744,37.944745,1573.5842544,-127.063,-9.382,282.667,1.0
66.3666,128.213672,37.944757,1572.2992176000002,-127.806,-9.398,282.641,1.0
66.3833,128.2136,37.94477,1571.0117424000002,-128.542,-9.417,282.615,1.0
66.4,128.213529,37.944782,1569.7221336,-129.278,-9.437,282.59,1.0
66.4166,128.213457,37.944795,1568.4297816,-130.019,-9.456,282.564,1.0
66.4333,128.213385,37.944807,1567.1349912,-130.761,-9.474,282.538,1.0
66.45,128.213314,37.944819,1565.8380672,-131.5,-9.491,282.51,1.0
66.4666,128.213242,37.944832,1564.5390096,-132.232,-9.51,282.483,1.0
66.4833,128.21317,37.944844,1563.2375136,-132.957,-9.53,282.456,1.0
66.5,128.213099,37.944856,1561.9335792,-133.679,-9.552,282.431,1.0
66.5166,128.213027,37.944869,1560.6272064,-134.401,-9.575,282.405,1.0
66.5333,128.212955,37.944881,1559.3183952,-135.129,-9.597,282.379,1.0
66.55,128.212884,37.944893,1558.0071456,-135.861,-9.618,282.352,1.0
66.5666,128.212812,37.944906,1556.6934576,-136.592,-9.64,282.325,1.0
66.5833,128.21274,37.944918,1555.3773312000003,-137.32,-9.662,282.298,1.0
66.6,128.212669,37.94493,1554.0587664000002,-138.045,-9.686,282.272,1.0
66.6166,128.212597,37.944942,1552.7377632,-138.767,-9.711,282.247,1.0
66.6333,128.212525,37.944955,1551.4140168000001,-139.496,-9.736,282.221,1.0
66.65,128.212453,37.944967,1550.0878320000002,-140.23,-9.761,282.196,1.0
66.6666,128.212382,37.944979,1548.758904,-140.968,-9.786,282.17,1.0
66.6833,128.21231,37.944991,1547.4275376,-141.707,-9.811,282.144,1.0
66.7,128.212238,37.945003,1546.0937328,-142.444,-9.836,282.118,1.0
66.7166,128.212166,37.945016,1544.7574896,-143.178,-9.862,282.092,1.0
66.7333,128.212095,37.945028,1543.4181984,-143.916,-9.889,282.068,1.0
66.75,128.212023,37.94504,1542.076164,-144.66,-9.918,282.044,1.0
66.7666,128.211951,37.945052,1540.7316912000001,-145.41,-9.946,282.02,1.0
66.7833,128.211879,37.945064,1539.3844752000002,-146.163,-9.973,281.995,1.0
66.8,128.211808,37.945076,1538.0345160000002,-146.917,-10.0,281.969,1.0
66.8166,128.211736,37.945088,1536.6818136000002,-147.667,-10.028,281.944,1.0
66.8333,128.211664,37.945101,1535.3281968000001,-148.06,-10.04,281.892,1.0
66.85,128.211592,37.945113,1533.9736656,-148.123,-10.035,281.815,1.0
66.8666,128.21152,37.945125,1532.6209632,-147.834,-10.034,281.745,1.0
66.8833,128.211449,37.945137,1531.2697848,-147.184,-10.05,281.703,1.0
66.9,128.211377,37.945149,1529.9198256,-146.217,-10.08,281.686,1.0
66.9166,128.211305,37.945161,1528.5710856,-145.007,-10.106,281.666,1.0
66.9333,128.211233,37.945173,1527.2241744000003,-143.613,-10.114,281.627,1.0
66.95,128.211161,37.945186,1525.8797016,-142.048,-10.105,281.571,1.0
66.9666,128.211089,37.945198,1524.5388864000001,-140.289,-10.095,281.519,1.0
66.9833,128.211017,37.94521,1523.2017288000002,-138.327,-10.098,281.488,1.0
67.0,128.210945,37.945223,1521.8660952,-136.187,-10.11,281.475,1.0
67.0166,128.210873,37.945235,1520.5295472,-133.962,-10.121,281.468,1.0
67.0333,128.2108,37.945247,1519.1954376,-131.647,-10.113,281.451,1.0
67.05,128.210728,37.94526,1517.8604136000001,-129.267,-10.087,281.426,1.0
67.0666,128.210656,37.945272,1516.5256944,-126.829,-10.059,281.403,1.0
67.0833,128.210584,37.945285,1515.1906704,-124.334,-10.048,281.395,1.0
67.1,128.210511,37.945297,1513.8544272000001,-121.809,-10.051,281.403,1.0
67.1166,128.210439,37.945309,1512.5154408,-119.31,-10.054,281.417,1.0
67.1333,128.210367,37.945322,1511.1749304,-116.766,-10.032,281.426,1.0
67.15,128.210295,37.945334,1509.8335056,-114.184,-9.985,281.426,1.0
67.1666,128.210222,37.945347,1508.4923856000003,-111.53,-9.937,281.427,1.0
67.1833,128.21015,37.945359,1507.1515704,-108.772,-9.91,281.436,1.0
67.2,128.210077,37.945372,1505.809536,-105.919,-9.905,281.456,1.0
67.2166,128.210005,37.945384,1504.4650632,-103.032,-9.904,281.485,1.0
67.2333,128.209932,37.945397,1503.1184568,-100.126,-9.885,281.519,1.0
67.25,128.20986,37.94541,1501.7694119999999,-97.209,-9.845,281.554,1.0
67.2666,128.209787,37.945422,1500.4200624,-94.252,-9.801,281.589,1.0
67.2833,128.209715,37.945435,1499.0701032,-91.228,-9.775,281.625,1.0
67.3,128.209642,37.945447,1497.7189248,-88.136,-9.769,281.664,1.0
67.3166,128.209569,37.94546,1496.3656128000002,-85.019,-9.771,281.711,1.0
67.3333,128.209497,37.945472,1495.0104720000002,-82.0,-9.771,281.723,1.0
67.35,128.209424,37.945485,1493.6544168,-79.083,-9.754,281.659,1.0
67.3666,128.209351,37.945497,1492.2974471999999,-76.226,-9.713,281.531,1.0
67.3833,128.209278,37.94551,1490.9392584000002,-73.387,-9.658,281.389,1.0
67.4,128.209205,37.945522,1489.5804600000001,-70.539,-9.605,281.278,1.0
67.4166,128.209133,37.945535,1488.2213568,-67.676,-9.575,281.24,1.0
67.4333,128.20906,37.945547,1486.864692,-65.041,-9.578,281.224,1.0
67.45,128.208987,37.945559,1485.5095512,-62.623,-9.594,281.189,1.0
67.4666,128.208914,37.945572,1484.1556296,-60.371,-9.572,281.114,1.0
67.4833,128.208841,37.945584,1482.8044512000001,-58.226,-9.467,280.976,1.0
67.5,128.208768,37.945596,1481.4563208000002,-56.101,-9.285,280.777,1.0
67.5166,128.208694,37.945608,1480.1133720000003,-53.906,-9.075,280.547,1.0
67.5333,128.208621,37.94562,1478.7807864000001,-51.847,-8.871,280.252,1.0
67.55,128.208548,37.945631,1477.455516,-49.951,-8.694,279.93,1.0
67.5666,128.208475,37.945643,1476.1363416,-48.255,-8.531,279.656,1.0
67.5833,128.208401,37.945655,1474.8253968000001,-46.767,-8.353,279.471,1.0
67.6,128.208328,37.945666,1473.5229864,-45.388,-8.147,279.352,1.0
67.6166,128.208254,37.945677,1472.2324632,-43.951,-7.923,279.236,1.0
67.6333,128.208181,37.945689,1470.9516936000002,-42.32,-7.747,279.122,1.0
67.65,128.208107,37.9457,1469.6800680000001,-40.518,-7.641,279.017,1.0
67.6666,128.208034,37.945711,1468.4200248,-38.67,-7.565,278.923,1.0
67.6833,128.20796,37.945722,1467.1715640000002,-36.896,-7.465,278.841,1.0
67.7,128.207886,37.945733,1465.9365144,-35.228,-7.315,278.769,1.0
67.7166,128.207812,37.945744,1464.7142664000003,-33.607,-7.136,278.704,1.0
67.7333,128.207738,37.945754,1463.5036008,-31.94,-6.98,278.653,1.0
67.75,128.207664,37.945765,1462.3042128000002,-30.192,-6.889,278.623,1.0
67.7666,128.20759,37.945776,1461.1185408000001,-28.394,-6.843,278.605,1.0
67.7833,128.207516,37.945786,1459.9462800000001,-26.602,-6.792,278.592,1.0
67.8,128.207442,37.945796,1458.7886495999999,-24.851,-6.694,278.574,1.0
67.8166,128.207368,37.945807,1457.6447352,-23.129,-6.55,278.551,1.0
67.8333,128.207294,37.945817,1456.5139272000001,-21.402,-6.407,278.532,1.0
67.85,128.20722,37.945827,1455.395616,-19.647,-6.308,278.525,1.0
67.8666,128.207145,37.945838,1454.2904112,-17.869,-6.258,278.53,1.0
67.8833,128.207071,37.945848,1453.1992272,-16.092,-6.218,278.542,1.0
67.9,128.206997,37.945858,1452.1220640000001,-14.332,-6.146,278.555,1.0
67.9166,128.206922,37.945868,1451.0586168,-12.585,-6.034,278.567,1.0
67.9333,128.206848,37.945878,1450.0061424000003,-10.816,-5.926,278.584,1.0
67.95,128.206773,37.945888,1448.9661648000001,-9.015,-5.858,278.608,1.0
67.9666,128.206699,37.945898,1447.938684,-7.19,-5.823,278.634,1.0
67.9833,128.206624,37.945908,1446.9243096000002,-5.358,-5.784,278.66,1.0
68.0,128.206549,37.945918,1445.9230416,-3.534,-5.714,278.688,1.0
68.0166,128.206475,37.945928,1444.9342704,-1.718,-5.616,278.72,1.0
68.0333,128.2064,37.945938,1443.9631776,-0.321,-5.448,278.71,1.0
68.05,128.206325,37.945948,1443.0109823999999,0.689,-5.165,278.658,1.0
68.0666,128.206251,37.945958,1442.0810376000002,1.395,-4.741,278.629,1.0
68.0833,128.206176,37.945968,1441.1736480000002,1.873,-4.212,278.676,1.0
68.1,128.206101,37.945978,1440.2866800000002,2.269,-3.629,278.79,1.0
68.1166,128.206026,37.945988,1439.4216576,2.765,-3.045,278.911,1.0
68.1333,128.205951,37.945998,1438.5779711999999,3.627,-2.511,279.004,1.0
68.15,128.205877,37.946008,1437.7547064,4.822,-2.077,279.062,1.0
68.1666,128.205802,37.946018,1436.9497296000002,6.276,-1.793,279.107,1.0
68.1833,128.205727,37.946028,1436.1606024,7.913,-1.708,279.16,1.0
68.2,128.205652,37.946038,1435.3833624000001,9.705,-1.863,279.213,1.0
68.2166,128.205577,37.946048,1434.615876,11.674,-2.199,279.245,1.0
68.2333,128.205502,37.946058,1433.8596672,13.266,-2.637,279.173,1.0
68.25,128.205427,37.946068,1433.1113832,14.535,-3.111,278.994,1.0
68.2666,128.205352,37.946078,1432.372548,15.386,-3.583,278.795,1.0
68.2833,128.205276,37.946088,1431.6428568000001,15.73,-4.016,278.667,1.0
68.3,128.205201,37.946098,1430.9217,15.602,-4.357,278.63,1.0
68.3166,128.205126,37.946108,1430.209992,15.133,-4.544,278.644,1.0
68.3333,128.205051,37.946118,1429.5040752000002,15.075,-4.546,278.724,1.0
68.35,128.204976,37.946129,1428.807912,15.401,-4.334,278.87,1.0
68.3666,128.204901,37.946139,1428.1187592,16.116,-3.94,279.052,1.0
68.3833,128.204826,37.946149,1427.4390552,17.198,-3.405,279.254,1.0
68.4,128.204751,37.946159,1426.7700192,18.582,-2.786,279.48,1.0
68.4166,128.204676,37.946169,1426.1122607999998,20.177,-2.148,279.736,1.0
68.4333,128.2046,37.94618,1425.4715712,21.763,-1.544,279.999,1.0
68.45,128.204525,37.94619,1424.8473408,23.28,-1.02,280.235,1.0
68.4666,128.20445,37.946201,1424.2407888,24.728,-0.623,280.425,1.0
68.4833,128.204375,37.946211,1423.65222,26.112,-0.403,280.56,1.0
68.5,128.204299,37.946222,1423.0798056,27.453,-0.398,280.618,1.0
68.5166,128.204224,37.946232,1422.5198880000003,28.793,-0.564,280.604,1.0
68.5333,128.204149,37.946243,1421.9724672000002,29.761,-0.85,280.468,1.0
68.55,128.204074,37.946254,1421.4366288,30.412,-1.198,280.225,1.0
68.5666,128.203998,37.946265,1420.913592,30.694,-1.58,279.947,1.0
68.5833,128.203923,37.946276,1420.4030520000001,30.557,-1.972,279.711,1.0
68.6,128.203848,37.946287,1419.9034848,30.072,-2.33,279.555,1.0
68.6166,128.203773,37.946297,1419.4148903999999,29.461,-2.594,279.485,1.0
68.6333,128.203698,37.946308,1418.9333064,29.266,-2.722,279.524,1.0
68.65,128.203623,37.94632,1418.4611712,29.491,-2.671,279.662,1.0
68.6666,128.203547,37.946331,1417.9972656,30.148,-2.431,279.874,1.0
68.6833,128.203472,37.946342,1417.5418944,31.107,-2.032,280.134,1.0
68.7,128.203397,37.946353,1417.0971912000002,32.152,-1.53,280.43,1.0
68.7166,128.203322,37.946364,1416.6695568,33.109,-0.989,280.763,1.0
68.7333,128.203247,37.946376,1416.2577720000002,33.667,-0.457,281.102,1.0
68.75,128.203172,37.946387,1415.8639704,33.88,0.016,281.42,1.0
68.7666,128.203097,37.946399,1415.4896760000001,33.901,0.384,281.702,1.0
68.7833,128.203021,37.946411,1415.1290976,33.866,0.602,281.92,1.0
68.8,128.202946,37.946422,1414.7813208000002,33.885,0.646,282.032,1.0
68.8166,128.202871,37.946434,1414.4448216,34.016,0.572,282.042,1.0
68.8333,128.202796,37.946446,1414.1202096000002,34.176,0.358,281.914,1.0
68.85,128.202721,37.946458,1413.8074847999999,34.302,0.046,281.691,1.0
68.8666,128.202646,37.94647,1413.5057328,34.334,-0.335,281.433,1.0
68.8833,128.202571,37.946482,1413.2125152,34.26,-0.749,281.191,1.0
68.9,128.202496,37.946494,1412.9235648000001,34.136,-1.144,280.992,1.0
68.9166,128.202421,37.946507,1412.6382720000001,34.052,-1.459,280.842,1.0
68.9333,128.202346,37.946519,1412.3560272,34.329,-1.657,280.777,1.0
68.95,128.202271,37.946531,1412.07744,34.924,-1.702,280.824,1.0
68.9666,128.202196,37.946543,1411.8019007999999,35.709,-1.559,280.983,1.0
68.9833,128.202121,37.946556,1411.5336768,36.573,-1.252,281.222,1.0
69.0,128.202047,37.946568,1411.2745968000002,37.417,-0.831,281.522,1.0
69.0166,128.201972,37.94658,1411.0280136000001,38.157,-0.361,281.877,1.0
69.0333,128.201897,37.946593,1410.7951464,38.554,0.112,282.255,1.0
69.05,128.201822,37.946606,1410.5769096000001,38.679,0.548,282.618,1.0
69.0666,128.201747,37.946618,1410.3742176000003,38.673,0.903,282.939,1.0
69.0833,128.201672,37.946631,1410.1831080000002,38.647,1.137,283.186,1.0
69.1,128.201597,37.946644,1410.0023616,38.671,1.224,283.321,1.0
69.1166,128.201523,37.946657,1409.8319784,38.775,1.21,283.358,1.0
69.1333,128.201448,37.94667,1409.6676912,39.227,1.05,283.291,1.0
69.15,128.201373,37.946683,1409.5101096000003,39.979,0.78,283.159,1.0
69.1666,128.201298,37.946697,1409.3546616,41.031,0.454,282.984,1.0
69.1833,128.201224,37.94671,1409.1995184000002,42.394,0.127,282.784,1.0
69.2,128.201149,37.946723,1409.0434607999998,44.04,-0.152,282.587,1.0
69.2166,128.201074,37.946736,1408.887708,45.83,-0.348,282.432,1.0
69.2333,128.200999,37.946749,1408.7331744000003,47.195,-0.404,282.332,1.0
69.25,128.200924,37.946763,1408.5822984,48.138,-0.324,282.32,1.0
69.2666,128.20085,37.946776,1408.4378232000001,48.593,-0.19,282.405,1.0
69.2833,128.200775,37.94679,1408.3000536000002,48.647,-0.067,282.583,1.0
69.3,128.2007,37.946803,1408.1674656,48.533,0.017,282.811,1.0
69.3166,128.200625,37.946817,1408.0345728,48.506,0.072,283.018,1.0
69.3333,128.200551,37.94683,1407.9016800000002,48.859,0.099,283.142,1.0
69.35,128.200476,37.946844,1407.7684824,49.545,0.08,283.141,1.0
69.3666,128.200401,37.946857,1407.6374184000001,50.365,0.0,283.023,1.0
69.3833,128.200326,37.946871,1407.510012,51.124,-0.132,282.845,1.0
69.4,128.200251,37.946885,1407.3856536,51.738,-0.305,282.662,1.0
69.4166,128.200177,37.946898,1407.263124,52.248,-0.484,282.513,1.0
69.4333,128.200102,37.946912,1407.1396800000002,52.757,-0.604,282.411,1.0
69.45,128.200027,37.946926,1407.0153216,53.343,-0.62,282.381,1.0
69.4666,128.199952,37.94694,1406.8930968000002,53.975,-0.555,282.419,1.0
69.4833,128.199878,37.946954,1406.7745296,54.563,-0.468,282.509,1.0
69.5,128.199803,37.946968,1406.6587056,55.06,-0.401,282.624,1.0
69.5166,128.199728,37.946981,1406.5428816,55.506,-0.374,282.723,1.0
69.5333,128.199654,37.946995,1406.4246192,56.058,-0.386,282.752,1.0
69.55,128.199579,37.947009,1406.3042232000003,56.756,-0.427,282.695,1.0
69.5666,128.199504,37.947023,1406.1835224,57.544,-0.472,282.59,1.0
69.5833,128.199429,37.947037,1406.0643456,58.329,-0.51,282.488,1.0
69.6,128.199355,37.947051,1405.9473024000001,59.045,-0.533,282.437,1.0
69.6166,128.19928,37.947066,1405.8302592,59.696,-0.532,282.463,1.0
69.6333,128.199205,37.94708,1405.7110824,60.36,-0.517,282.522,1.0
69.65,128.19913,37.947094,1405.5900768,61.087,-0.499,282.566,1.0
69.6666,128.199056,37.947108,1405.4681568,61.877,-0.492,282.558,1.0
69.6833,128.198981,37.947122,1405.3459320000002,62.685,-0.496,282.513,1.0
69.7,128.198906,37.947136,1405.2243168,63.462,-0.503,282.474,1.0
69.7166,128.198831,37.94715,1405.1027016000003,64.194,-0.507,282.472,1.0
69.7333,128.198756,37.947164,1404.9798672000002,64.913,-0.504,282.499,1.0
69.75,128.198682,37.947179,1404.8548992,65.657,-0.497,282.525,1.0
69.7666,128.198607,37.947193,1404.7287119999999,66.438,-0.488,282.526,1.0
69.7833,128.198532,37.947207,1404.6019152000001,67.238,-0.481,282.508,1.0
69.8,128.198457,37.947221,1404.4748136,68.023,-0.477,282.492,1.0
69.8166,128.198382,37.947236,1404.3474072000001,68.779,-0.475,282.492,1.0
69.8333,128.198308,37.94725,1404.2187816,69.505,-0.472,282.508,1.0
69.85,128.198233,37.947264,1404.0886320000002,70.228,-0.464,282.524,1.0
69.8666,128.198158,37.947278,1403.9572632,70.962,-0.454,282.53,1.0
69.8833,128.198083,37.947293,1403.8246752000002,71.703,-0.445,282.527,1.0
69.9,128.198008,37.947307,1403.6914776,72.437,-0.44,282.524,1.0
69.9166,128.197934,37.947321,1403.5573656,73.158,-0.437,282.529,1.0
69.9333,128.197859,37.947336,1403.42112,73.506,-0.398,282.532,1.0
69.95,128.197784,37.94735,1403.2842648,73.521,-0.321,282.526,1.0
69.9666,128.197709,37.947365,1403.1504576,73.164,-0.25,282.519,1.0
69.9833,128.197634,37.947379,1403.0196984,72.408,-0.222,282.519,1.0
70.0,128.19756,37.947394,1402.8895488,71.302,-0.231,282.53,1.0
70.0166,128.197485,37.947408,1402.7584848,69.947,-0.234,282.54,1.0
70.0333,128.19741,37.947423,1402.6277255999998,68.55,-0.213,282.544,1.0
70.05,128.197336,37.947438,1402.4981856000002,67.194,-0.18,282.545,1.0
70.0666,128.197261,37.947452,1402.3701696,65.854,-0.161,282.549,1.0
70.0833,128.197186,37.947467,1402.2433728,64.502,-0.164,282.561,1.0
70.1,128.197112,37.947482,1402.1168808,63.158,-0.172,282.575,1.0
70.1166,128.197037,37.947497,1401.9903888000001,61.861,-0.167,282.583,1.0
70.1333,128.196962,37.947512,1401.8648112,60.436,-0.126,282.573,1.0
70.15,128.196888,37.947527,1401.7428912,58.852,-0.061,282.551,1.0
70.1666,128.196813,37.947542,1401.6273720000002,57.096,-0.016,282.538,1.0
70.1833,128.196739,37.947557,1401.51612,55.197,-0.015,282.552,1.0
70.2,128.196664,37.947572,1401.4060872,53.264,-0.047,282.582,1.0
70.2166,128.19659,37.947587,1401.2957496,51.435,-0.072,282.602,1.0
70.2333,128.196515,37.947602,1401.18846,49.548,-0.043,282.58,1.0
70.25,128.196441,37.947618,1401.0860472,47.589,0.029,282.525,1.0
70.2666,128.196367,37.947633,1400.993388,45.449,0.093,282.485,1.0
70.2833,128.196292,37.947648,1400.9098728000001,43.061,0.106,282.493,1.0
70.3,128.196218,37.947664,1400.8315392000002,40.512,0.076,282.534,1.0
70.3166,128.196144,37.947679,1400.7559488,38.011,0.041,282.565,1.0
70.3333,128.196069,37.947695,1400.6876736,35.527,0.045,282.539,1.0
70.35,128.195995,37.94771,1400.6285424000002,33.049,0.09,282.466,1.0
70.3666,128.195921,37.947726,1400.5797744000001,30.463,0.138,282.404,1.0
70.3833,128.195847,37.947741,1400.5416744000001,27.683,0.155,282.403,1.0
70.4,128.195773,37.947757,1400.5127184,24.745,0.135,282.449,1.0
70.4166,128.195699,37.947773,1400.4898584000002,21.794,0.104,282.483,1.0
70.4333,128.195625,37.947788,1400.4776664,18.902,0.093,282.458,1.0
70.45,128.19555,37.947804,1400.475228,16.052,0.108,282.384,1.0
70.4666,128.195476,37.94782,1400.4846768,13.139,0.133,282.32,1.0
70.4833,128.195402,37.947835,1400.5054032,10.086,0.146,282.316,1.0
70.5,128.195328,37.947851,1400.5364928,6.922,0.138,282.36,1.0
70.5166,128.195254,37.947867,1400.5764216,3.772,0.113,282.396,1.0
70.5333,128.19518,37.947883,1400.6264088,0.952,0.116,282.406,1.0
70.55,128.195106,37.947898,1400.6858448000003,-1.577,0.187,282.394,1.0
70.5666,128.195033,37.947914,1400.7559488,-3.988,0.365,282.365,1.0
70.5833,128.194959,37.947929,1400.8419024000002,-6.416,0.644,282.324,1.0
70.6,128.194885,37.947945,1400.9434008,-8.916,0.973,282.277,1.0
70.6166,128.194811,37.947961,1401.0616631999999,-11.471,1.299,282.226,1.0
70.6333,128.194737,37.947976,1401.1936415999999,-13.743,1.609,282.199,1.0
70.65,128.194663,37.947991,1401.34086,-15.721,1.894,282.189,1.0
70.6666,128.194589,37.948007,1401.5039279999999,-17.465,2.149,282.15,1.0
70.6833,128.194515,37.948022,1401.6816264000001,-19.06,2.377,282.051,1.0
70.7,128.194441,37.948037,1401.878832,-20.643,2.594,281.906,1.0
70.7166,128.194367,37.948052,1402.0934112,-22.352,2.815,281.764,1.0
70.7333,128.194293,37.948067,1402.3256688,-24.277,3.008,281.671,1.0
70.75,128.194219,37.948082,1402.5749952,-26.343,3.147,281.633,1.0
70.7666,128.194145,37.948097,1402.840476,-28.41,3.25,281.61,1.0
70.7833,128.194071,37.948112,1403.1224160000002,-30.386,3.343,281.557,1.0
70.8,128.193997,37.948126,1403.4189864,-32.276,3.458,281.452,1.0
70.8166,128.193923,37.948141,1403.7323208000003,-34.158,3.598,281.316,1.0
70.8333,128.193849,37.948155,1404.0608952,-36.161,3.733,281.186,1.0
70.85,128.193775,37.948169,1404.4056240000002,-38.288,3.832,281.096,1.0
70.8666,128.193701,37.948183,1404.7631544,-40.479,3.882,281.051,1.0
70.8833,128.193627,37.948197,1405.1334864,-42.669,3.912,281.017,1.0
70.9,128.193553,37.948211,1405.5163152000002,-44.823,3.95,280.959,1.0
70.9166,128.193479,37.948225,1405.9116408,-46.95,4.013,280.857,1.0
70.9333,128.193405,37.948238,1406.3191584,-49.107,4.075,280.746,1.0
70.95,128.193331,37.948251,1406.737344,-51.312,4.116,280.657,1.0
70.9666,128.193256,37.948265,1407.1643688,-53.559,4.139,280.597,1.0
70.9833,128.193182,37.948278,1407.6008424000001,-55.822,4.159,280.542,1.0
71.0,128.193108,37.94829,1408.0455456000002,-58.081,4.188,280.467,1.0
71.0166,128.193034,37.948303,1408.4978687999999,-60.324,4.223,280.364,1.0
71.0333,128.19296,37.948316,1408.956288,-62.546,4.255,280.254,1.0
71.05,128.192885,37.948328,1409.4204984,-64.758,4.279,280.156,1.0
71.0666,128.192811,37.94834,1409.8901952,-66.971,4.293,280.072,1.0
71.0833,128.192737,37.948352,1410.3644640000002,-69.186,4.303,279.988,1.0
71.1,128.192663,37.948364,1410.8426952,-71.402,4.31,279.89,1.0
71.1166,128.192588,37.948376,1411.3242792,-73.621,4.317,279.779,1.0
71.1333,128.192514,37.948388,1411.8079968000002,-75.856,4.319,279.668,1.0
71.15,128.192439,37.948399,1412.2935432000002,-78.108,4.315,279.569,1.0
71.1666,128.192365,37.94841,1412.780004,-80.371,4.307,279.477,1.0
71.1833,128.192291,37.948421,1413.2667696,-82.637,4.296,279.381,1.0
71.2,128.192216,37.948432,1413.7535352,-84.901,4.282,279.274,1.0
71.2166,128.192142,37.948443,1414.2387767999999,-87.164,4.263,279.158,1.0
71.2333,128.192067,37.948454,1414.7227992,-89.436,4.238,279.044,1.0
71.25,128.191993,37.948464,1415.2040784,-91.72,4.207,278.938,1.0
71.2666,128.191918,37.948474,1415.6823096000003,-94.014,4.174,278.837,1.0
71.2833,128.191844,37.948484,1416.1571880000001,-96.315,4.137,278.734,1.0
71.3,128.191769,37.948494,1416.6274944000002,-98.618,4.095,278.623,1.0
71.3166,128.191694,37.948504,1417.0932288000001,-100.92,4.048,278.508,1.0
71.3333,128.19162,37.948514,1417.5537816,-103.329,3.992,278.432,1.0
71.35,128.191545,37.948523,1418.0076288000002,-105.839,3.93,278.397,1.0
71.3666,128.19147,37.948533,1418.4535512,-108.43,3.871,278.367,1.0
71.3833,128.191396,37.948542,1418.8915488,-111.083,3.817,278.307,1.0
71.4,128.191321,37.948551,1419.3216216,-113.762,3.766,278.215,1.0
71.4166,128.191246,37.94856,1419.7449888,-116.413,3.709,278.117,1.0
71.4333,128.191171,37.948569,1420.1598216,-119.127,3.64,278.063,1.0
71.45,128.191097,37.948578,1420.5655104000002,-121.904,3.573,278.075,1.0
71.4666,128.191022,37.948586,1420.9583976000001,-124.764,3.517,278.11,1.0
71.4833,128.190947,37.948595,1421.3397024,-127.725,3.47,278.113,1.0
71.5,128.190872,37.948603,1421.7103392000001,-130.754,3.421,278.066,1.0
71.5166,128.190798,37.948612,1422.0721368000002,-133.769,3.361,277.998,1.0
71.5333,128.190723,37.94862,1422.4226568000001,-136.766,3.297,277.965,1.0
71.55,128.190648,37.948628,1422.7625088,-139.737,3.244,277.989,1.0
71.5666,128.190573,37.948636,1423.0892544,-142.729,3.203,278.039,1.0
71.5833,128.190498,37.948644,1423.4019792,-145.801,3.163,278.068,1.0
71.6,128.190423,37.948652,1423.7025119999998,-148.958,3.111,278.055,1.0
71.6166,128.190349,37.94866,1423.9926816,-152.138,3.049,278.021,1.0
71.6333,128.190274,37.948668,1424.2706592000002,-155.304,3.001,278.011,1.0
71.65,128.190199,37.948676,1424.5382736,-158.422,2.978,278.044,1.0
71.6666,128.190124,37.948683,1424.7933912,-161.525,2.966,278.098,1.0
71.6833,128.190049,37.948691,1425.0350976,-164.668,2.943,278.139,1.0
71.7,128.189974,37.948699,1425.2640024000002,-167.88,2.897,278.152,1.0
71.7166,128.1899,37.948707,1425.4822392000003,-171.127,2.842,278.146,1.0
71.7333,128.189825,37.948714,1425.6901128000002,-174.349,2.798,278.147,1.0
71.75,128.18975,37.948722,1425.8876232000002,-177.507,2.772,278.167,1.0
71.7666,128.189675,37.94873,1426.0732464,179.382,2.754,278.205,1.0
71.7833,128.1896,37.948737,1426.2466776,176.271,2.728,278.246,1.0
71.8,128.189526,37.948745,1426.4079168,173.12,2.688,278.277,1.0
71.8166,128.189451,37.948753,1426.5581832,169.929,2.64,278.295,1.0
71.8333,128.189376,37.948761,1426.6983912,166.909,2.548,278.303,1.0
71.85,128.189302,37.948768,1426.8288456,164.087,2.419,278.313,1.0
71.8666,128.189227,37.948776,1426.9504608,161.433,2.296,278.347,1.0
71.8833,128.189152,37.948784,1427.059884,158.887,2.211,278.409,1.0
71.9,128.189077,37.948792,1427.1571152000001,156.356,2.157,278.485,1.0
71.9166,128.189003,37.9488,1427.2424592000002,153.751,2.106,278.554,1.0
71.9333,128.188928,37.948808,1427.3198784,151.652,1.984,278.564,1.0
71.95,128.188854,37.948816,1427.38602,150.032,1.759,278.547,1.0
71.9666,128.188779,37.948824,1427.43936,149.002,1.491,278.58,1.0
71.9833,128.188704,37.948832,1427.4829464,148.42,1.233,278.663,1.0
72.0,128.18863,37.94884,1427.5167792,148.059,1.035,278.789,1.0
72.0166,128.188555,37.948848,1427.5368960000003,147.743,0.924,278.948,1.0
72.0333,128.188481,37.948856,1427.5478687999998,147.252,0.888,279.084,1.0
72.05,128.188406,37.948864,1427.5475640000002,146.475,0.856,279.161,1.0
72.0666,128.188332,37.948873,1427.5372008,145.462,0.777,279.184,1.0
72.0833,128.188257,37.948881,1427.5152552,144.399,0.642,279.204,1.0
72.1,128.188183,37.948889,1427.4817272,143.476,0.496,279.266,1.0
72.1166,128.188108,37.948898,1427.4384456,142.75,0.385,279.37,1.0
72.1333,128.188034,37.948907,1427.3893728,142.494,0.312,279.449,1.0
72.15,128.187959,37.948915,1427.335728,142.538,0.282,279.441,1.0
72.1666,128.187885,37.948924,1427.2765968,142.72,0.314,279.36,1.0
72.1833,128.18781,37.948932,1427.2101504000002,142.997,0.402,279.273,1.0
72.2,128.187736,37.948941,1427.1357792,143.339,0.521,279.222,1.0
72.2166,128.187661,37.94895,1427.0556168,143.664,0.618,279.215,1.0
72.2333,128.187587,37.948959,1426.9733208000002,143.955,0.629,279.238,1.0
72.25,128.187512,37.948967,1426.8870624,144.19,0.564,279.255,1.0
72.2666,128.187438,37.948976,1426.7959272,144.434,0.476,279.264,1.0
72.2833,128.187363,37.948985,1426.70022,144.774,0.424,279.276,1.0
72.3,128.187289,37.948994,1426.6002456,145.23,0.44,279.288,1.0
72.3166,128.187214,37.949003,1426.4950896,145.724,0.494,279.301,1.0
72.3333,128.18714,37.949012,1426.3902384,146.226,0.526,279.306,1.0
72.35,128.187065,37.949021,1426.2808152000002,146.691,0.506,279.298,1.0
72.3666,128.186991,37.949029,1426.1674296,147.154,0.456,279.289,1.0
72.3833,128.186916,37.949038,1426.0506912,147.687,0.417,279.294,1.0
72.4,128.186842,37.949047,1425.9302952,148.308,0.412,279.315,1.0
72.4166,128.186767,37.949056,1425.8059368000002,148.96,0.429,279.345,1.0
72.4333,128.186693,37.949065,1425.6824928,149.692,0.434,279.354,1.0
72.45,128.186618,37.949074,1425.5584392000003,150.463,0.408,279.337,1.0
72.4666,128.186544,37.949083,1425.4310328000001,151.284,0.367,279.316,1.0
72.4833,128.186469,37.949092,1425.3002736,152.197,0.335,279.32,1.0
72.5,128.186394,37.949101,1425.1667712,153.191,0.324,279.355,1.0
72.5166,128.18632,37.94911,1425.0299160000002,154.187,0.325,279.398,1.0
72.5333,128.186245,37.949119,1424.8912320000002,155.117,0.32,279.421,1.0
72.55,128.186171,37.949129,1424.7501096,155.966,0.298,279.416,1.0
72.5666,128.186096,37.949138,1424.6071584000001,156.794,0.264,279.4,1.0
72.5833,128.186021,37.949147,1424.4623784,157.681,0.232,279.398,1.0
72.6,128.185947,37.949156,1424.3157696,158.649,0.21,279.419,1.0
72.6166,128.185872,37.949165,1424.1664176000002,159.652,0.196,279.454,1.0
72.6333,128.185798,37.949174,1424.0191992000002,160.913,0.172,279.454,1.0
72.65,128.185723,37.949183,1423.8728952,162.386,0.132,279.408,1.0
72.6666,128.185648,37.949192,1423.7272008,164.036,0.091,279.361,1.0
72.6833,128.185574,37.949201,1423.5808968000001,165.85,0.061,279.366,1.0
72.7,128.185499,37.94921,1423.4327640000001,167.75,0.043,279.425,1.0
72.7166,128.185424,37.94922,1423.2837168,169.588,0.029,279.492,1.0
72.7333,128.185349,37.949229,1423.1322312000002,170.884,0.015,279.546,1.0
72.75,128.185275,37.949238,1422.9767832000002,171.672,-0.002,279.579,1.0
72.7666,128.1852,37.949247,1422.817068,172.152,-0.029,279.582,1.0
72.7833,128.185125,37.949256,1422.654,172.549,-0.064,279.557,1.0
72.8,128.18505,37.949265,1422.4897128000002,173.028,-0.1,279.527,1.0
72.8166,128.184976,37.949275,1422.3242063999999,173.657,-0.13,279.517,1.0
72.8333,128.184901,37.949284,1422.1593096000001,174.609,-0.159,279.493,1.0
72.85,128.184826,37.949293,1421.9950224,175.822,-0.189,279.437,1.0
72.8666,128.184751,37.949302,1421.832564,177.303,-0.222,279.366,1.0
72.8833,128.184677,37.949312,1421.672544,179.075,-0.256,279.315,1.0
72.9,128.184602,37.949321,1421.5158768,-178.906,-0.287,279.298,1.0
72.9166,128.184527,37.94933,1421.3579903999998,-176.795,-0.316,279.307,1.0
72.9333,128.184452,37.949339,1421.1997992000001,-175.179,-0.344,279.359,1.0
72.95,128.184377,37.949348,1421.0397791999999,-174.061,-0.372,279.423,1.0
72.9666,128.184302,37.949358,1420.8764064,-173.48,-0.397,279.45,1.0
72.9833,128.184227,37.949367,1420.7090712,-173.404,-0.418,279.428,1.0
73.0,128.184152,37.949376,1420.537164,-173.731,-0.44,279.391,1.0
73.0166,128.184077,37.949386,1420.3600752000002,-174.282,-0.465,279.381,1.0
73.0333,128.184003,37.949395,1420.1765856000002,-174.843,-0.49,279.393,1.0
73.05,128.183928,37.949404,1419.9909624,-175.376,-0.512,279.393,1.0
73.0666,128.183853,37.949413,1419.8001576,-175.907,-0.531,279.365,1.0
73.0833,128.183778,37.949423,1419.6047808,-176.422,-0.551,279.323,1.0
73.1,128.183703,37.949432,1419.4051368000003,-176.879,-0.575,279.295,1.0
73.1166,128.183628,37.949441,1419.200616,-177.268,-0.601,279.294,1.0
73.1333,128.183553,37.949451,1418.994876,-177.481,-0.629,279.314,1.0
73.15,128.183478,37.94946,1418.7873072000002,-177.594,-0.654,279.332,1.0
73.1666,128.183403,37.949469,1418.5733376,-177.703,-0.679,279.335,1.0
73.1833,128.183328,37.949478,1418.3544912000002,-177.837,-0.706,279.33,1.0
73.2,128.183253,37.949488,1418.1316824,-177.975,-0.734,279.329,1.0
73.2166,128.183178,37.949497,1417.9049112,-178.096,-0.762,279.339,1.0
73.2333,128.183103,37.949506,1417.6766160000002,-177.851,-0.788,279.326,1.0
73.25,128.183028,37.949516,1417.446492,-177.287,-0.81,279.281,1.0
73.2666,128.182953,37.949525,1417.216368,-176.484,-0.834,279.243,1.0
73.2833,128.182878,37.949534,1416.9868536000001,-175.52,-0.862,279.254,1.0
73.3,128.182803,37.949544,1416.7530720000002,-174.507,-0.895,279.311,1.0
73.3166,128.182728,37.949553,1416.5159376000001,-173.587,-0.93,279.37,1.0
73.3333,128.182653,37.949562,1416.2739264000002,-172.9,-0.959,279.395,1.0
73.35,128.182578,37.949572,1416.0267336,-172.401,-0.982,279.381,1.0
73.3666,128.182503,37.949581,1415.7789312000002,-171.942,-1.004,279.354,1.0
73.3833,128.182428,37.94959,1415.5293000000001,-171.399,-1.028,279.343,1.0
73.4,128.182353,37.949599,1415.2793640000002,-170.74,-1.057,279.361,1.0
73.4166,128.182278,37.949609,1415.0254656,-170.03,-1.089,279.395,1.0
73.4333,128.182203,37.949618,1414.7669952,-169.721,-1.127,279.456,1.0
73.45,128.182128,37.949628,1414.503648,-169.805,-1.168,279.525,1.0
73.4666,128.182053,37.949637,1414.2339000000002,-170.299,-1.204,279.57,1.0
73.4833,128.181978,37.949646,1413.9571415999999,-171.18,-1.233,279.582,1.0
73.5,128.181903,37.949656,1413.6724584,-172.372,-1.261,279.584,1.0
73.5166,128.181828,37.949665,1413.3798504000001,-173.795,-1.291,279.608,1.0
73.5333,128.181753,37.949674,1413.0774888,-175.413,-1.324,279.662,1.0
73.55,128.181678,37.949684,1412.7647640000002,-177.244,-1.358,279.722,1.0
73.5666,128.181603,37.949693,1412.4404568,-179.306,-1.392,279.761,1.0
73.5833,128.181528,37.949702,1412.1082248,178.484,-1.425,279.765,1.0
73.6,128.181453,37.949712,1411.7686776,176.256,-1.456,279.747,1.0
73.6166,128.181378,37.949721,1411.4224248,174.121,-1.483,279.74,1.0
73.6333,128.181303,37.94973,1411.0703808,172.104,-1.507,279.765,1.0
73.65,128.181228,37.94974,1410.7094976,170.149,-1.531,279.815,1.0
73.6666,128.181153,37.949749,1410.3394704,168.163,-1.561,279.864,1.0
73.6833,128.181078,37.949758,1409.9612136,166.092,-1.596,279.89,1.0
73.7,128.181004,37.949768,1409.5759464,163.959,-1.631,279.894,1.0
73.7166,128.180929,37.949777,1409.1842784,161.836,-1.66,279.894,1.0
73.7333,128.180854,37.949787,1408.7810279999999,159.711,-1.677,279.916,1.0
73.75,128.180779,37.949796,1408.3698528000002,157.586,-1.689,279.965,1.0
73.7666,128.180704,37.949806,1407.9507528000001,155.421,-1.704,280.018,1.0
73.7833,128.18063,37.949815,1407.5243376,153.182,-1.73,280.05,1.0
73.8,128.180555,37.949825,1407.090912,150.89,-1.764,280.057,1.0
73.8166,128.18048,37.949835,1406.6507808000001,148.614,-1.793,280.057,1.0
73.8333,128.180405,37.949844,1406.1996768,146.31,-1.804,280.08,1.0
73.85,128.180331,37.949854,1405.7391240000002,143.982,-1.798,280.132,1.0
73.8666,128.180256,37.949864,1405.2715607999999,141.593,-1.794,280.189,1.0
73.8833,128.180182,37.949874,1404.7979016000002,139.11,-1.809,280.223,1.0
73.9,128.180107,37.949883,1404.3175368000002,136.561,-1.841,280.228,1.0
73.9166,128.180033,37.949893,1403.8307712,134.034,-1.872,280.224,1.0
73.9333,128.179958,37.949903,1403.3330328,131.474,-1.874,280.242,1.0
73.95,128.179884,37.949913,1402.8273696,128.894,-1.846,280.288,1.0
73.9666,128.179809,37.949924,1402.3153056,126.24,-1.817,280.341,1.0
73.9833,128.179735,37.949934,1401.7989744000001,123.465,-1.818,280.374,1.0
74.0,128.17966,37.949944,1401.2774616000002,120.604,-1.849,280.379,1.0
74.0166,128.179586,37.949954,1400.7498528,117.762,-1.883,280.371,1.0
74.0333,128.179512,37.949965,1400.2131000000002,114.93,-1.882,280.373,1.0
74.05,128.179438,37.949975,1399.6705560000003,112.124,-1.842,280.397,1.0
74.0666,128.179364,37.949986,1399.1252688,109.283,-1.797,280.429,1.0
74.0833,128.179289,37.949997,1398.5784576,106.346,-1.784,280.452,1.0
74.1,128.179215,37.950008,1398.0282936,103.315,-1.808,280.458,1.0
74.1166,128.179141,37.950019,1397.4741672,100.267,-1.839,280.451,1.0
74.1333,128.179067,37.95003,1396.9154687999999,97.267,-1.844,280.467,1.0
74.15,128.178993,37.950041,1396.3546368000002,94.329,-1.818,280.513,1.0
74.1666,128.178919,37.950052,1395.7941096000002,91.389,-1.782,280.569,1.0
74.1833,128.178845,37.950064,1395.2351064,88.395,-1.767,280.612,1.0
74.2,128.178772,37.950075,1394.6770176000002,85.343,-1.782,280.632,1.0
74.2166,128.178698,37.950087,1394.1186240000002,82.279,-1.805,280.638,1.0
74.2333,128.178624,37.950099,1393.5614496,79.431,-1.821,280.669,1.0
74.25,128.17855,37.95011,1393.0064088,76.795,-1.815,280.764,1.0
74.2666,128.178477,37.950122,1392.4538064,74.285,-1.766,280.956,1.0
74.2833,128.178403,37.950134,1391.905776,71.812,-1.676,281.215,1.0
74.3,128.17833,37.950147,1391.3641464,69.311,-1.566,281.494,1.0
74.3166,128.178256,37.950159,1390.8298320000001,66.754,-1.463,281.751,1.0
74.3333,128.178183,37.950172,1390.3043568,64.409,-1.377,282.03,1.0
74.35,128.178109,37.950184,1389.7868064,62.293,-1.295,282.34,1.0
74.3666,128.178036,37.950197,1389.2747424000002,60.38,-1.187,282.637,1.0
74.3833,128.177962,37.95021,1388.7696888,58.621,-1.04,282.879,1.0
74.4,128.177889,37.950224,1388.2771320000002,56.906,-0.869,283.067,1.0
74.4166,128.177816,37.950237,1387.7992056,55.107,-0.701,283.237,1.0
74.4333,128.177743,37.95025,1387.3349952,53.246,-0.55,283.446,1.0
74.45,128.177669,37.950264,1386.8838912,51.357,-0.408,283.705,1.0
74.4666,128.177596,37.950278,1386.44376,49.527,-0.258,283.967,1.0
74.4833,128.177523,37.950292,1386.0158208000003,47.821,-0.094,284.181,1.0
74.5,128.17745,37.950306,1385.6031216000001,46.217,0.08,284.334,1.0
74.5166,128.177377,37.95032,1385.2090152,44.62,0.26,284.46,1.0
74.5333,128.177304,37.950334,1384.8316728,43.025,0.441,284.611,1.0
74.55,128.177231,37.950349,1384.4720088,41.409,0.619,284.802,1.0
74.5666,128.177159,37.950363,1384.1291088,39.811,0.794,285.001,1.0
74.5833,128.177086,37.950378,1383.802668,38.286,0.971,285.166,1.0
74.6,128.177013,37.950393,1383.4945152000003,36.841,1.152,285.285,1.0
74.6166,128.17694,37.950408,1383.2073936000002,35.419,1.339,285.379,1.0
74.6333,128.176868,37.950423,1382.9394744,34.051,1.536,285.495,1.0
74.65,128.176795,37.950438,1382.6907575999999,32.703,1.738,285.645,1.0
74.6666,128.176723,37.950454,1382.4624624,31.383,1.94,285.802,1.0
74.6833,128.17665,37.950469,1382.2536744000001,30.126,2.138,285.932,1.0
74.7,128.176578,37.950485,1382.0656128,28.931,2.334,286.022,1.0
74.7166,128.176505,37.9505,1381.9004112,27.753,2.531,286.09,1.0
74.7333,128.176433,37.950516,1381.755936,26.633,2.737,286.175,1.0
74.75,128.176361,37.950532,1381.6318824,25.544,2.947,286.29,1.0
74.7666,128.176288,37.950548,1381.5297744000002,24.49,3.159,286.411,1.0
74.7833,128.176216,37.950564,1381.4486976,23.497,3.368,286.509,1.0
74.8,128.176144,37.95058,1381.3898712,22.56,3.575,286.574,1.0
74.8166,128.176072,37.950596,1381.3554288000003,21.635,3.782,286.62,1.0
74.8333,128.175999,37.950612,1381.341408,20.766,3.987,286.679,1.0
74.85,128.175927,37.950629,1381.3487232000002,19.93,4.19,286.763,1.0
74.8666,128.175855,37.950645,1381.3785936000002,19.131,4.394,286.852,1.0
74.8833,128.175783,37.950662,1381.4301048000002,18.393,4.601,286.923,1.0
74.9,128.175711,37.950678,1381.5047808000002,17.708,4.81,286.966,1.0
74.9166,128.175639,37.950695,1381.6038408,17.031,5.021,286.995,1.0
74.9333,128.175568,37.950711,1381.7230176000003,16.412,5.222,287.036,1.0
74.95,128.175496,37.950728,1381.8635304,15.832,5.413,287.098,1.0
74.9666,128.175424,37.950745,1382.0262936000001,15.295,5.602,287.166,1.0
74.9833,128.175352,37.950762,1382.2113072000002,14.82,5.799,287.217,1.0
75.0,128.17528,37.950779,1382.418876,14.397,6.005,287.244,1.0
75.0166,128.175209,37.950796,1382.6505240000001,13.979,6.214,287.26,1.0
75.0333,128.175137,37.950812,1382.9071656,13.436,6.414,287.272,1.0
75.05,128.175065,37.950829,1383.1897152000001,12.761,6.603,287.288,1.0
75.0666,128.174994,37.950847,1383.496344,12.001,6.788,287.315,1.0
75.0833,128.174922,37.950864,1383.8252232000002,11.213,6.978,287.349,1.0
75.1,128.174851,37.950881,1384.1763528000001,10.444,7.174,287.382,1.0
75.1166,128.17478,37.950898,1384.5503424,9.713,7.375,287.404,1.0
75.1333,128.174708,37.950915,1384.9447536,9.272,7.579,287.441,1.0
75.15,128.174637,37.950932,1385.3595864000001,9.079,7.783,287.497,1.0
75.1666,128.174566,37.950949,1385.7933168,9.057,7.986,287.547,1.0
75.1833,128.174494,37.950967,1386.2483832,9.144,8.19,287.566,1.0
75.2,128.174423,37.950984,1386.7260048,9.266,8.396,287.556,1.0
75.2166,128.174352,37.951001,1387.2274008,9.347,8.602,287.543,1.0
75.2333,128.174281,37.951019,1387.7461704,9.548,8.76,287.564,1.0
75.25,128.17421,37.951036,1388.2829232000001,9.872,8.835,287.617,1.0
75.2666,128.174138,37.951053,1388.83644,10.333,8.87,287.666,1.0
75.2833,128.174067,37.951071,1389.4058064,10.939,8.918,287.677,1.0
75.3,128.173996,37.951088,1389.9958992000002,11.639,9.022,287.657,1.0
75.3166,128.173925,37.951106,1390.605804,12.33,9.179,287.638,1.0
75.3333,128.173854,37.951123,1391.2303392000001,13.015,9.338,287.654,1.0
75.35,128.173783,37.951141,1391.8722480000001,13.686,9.454,287.704,1.0
75.3666,128.173713,37.951158,1392.5287872,14.387,9.496,287.75,1.0
75.3833,128.173642,37.951176,1393.199652,15.173,9.502,287.767,1.0
75.4,128.173571,37.951193,1393.8863664000003,16.045,9.519,287.754,1.0
75.4166,128.1735,37.951211,1394.5907592,16.945,9.586,287.741,1.0
75.4333,128.173429,37.951229,1395.3070392000002,17.998,9.675,287.77,1.0
75.45,128.173359,37.951246,1396.0361208000002,19.169,9.746,287.841,1.0
75.4666,128.173288,37.951264,1396.7749560000002,20.45,9.792,287.914,1.0
75.4833,128.173217,37.951282,1397.5259832000002,21.853,9.834,287.953,1.0
75.5,128.173147,37.9513,1398.2904216000002,23.343,9.897,287.959,1.0
75.5166,128.173076,37.951318,1399.0688808,24.833,9.981,287.961,1.0
75.5333,128.173006,37.951336,1399.8625800000002,26.246,10.09,288.002,1.0
75.55,128.172935,37.951354,1400.6690808,27.574,10.206,288.088,1.0
75.5666,128.172865,37.951372,1401.4865544,28.875,10.31,288.19,1.0
75.5833,128.172794,37.95139,1402.3137816,30.221,10.4,288.276,1.0
75.6,128.172724,37.951408,1403.1516768,31.637,10.486,288.339,1.0
75.6166,128.172653,37.951426,1404.001764,33.092,10.58,288.393,1.0
75.6333,128.172583,37.951444,1404.8661768,34.505,10.694,288.484,1.0
75.65,128.172513,37.951462,1405.7424767999998,35.853,10.817,288.619,1.0
75.6666,128.172443,37.951481,1406.6291400000002,37.173,10.935,288.772,1.0
75.6833,128.172372,37.951499,1407.525252,38.521,11.037,288.91,1.0
75.7,128.172302,37.951518,1408.4308128000002,39.92,11.13,289.023,1.0
75.7166,128.172232,37.951536,1409.3476512,41.348,11.222,289.126,1.0
75.7333,128.172162,37.951555,1410.2772912,42.731,11.334,289.254,1.0
75.75,128.172092,37.951574,1411.2191232000002,44.051,11.462,289.416,1.0
75.7666,128.172022,37.951593,1412.1707088,45.326,11.585,289.595,1.0
75.7833,128.171953,37.951612,1413.1317432,46.589,11.688,289.765,1.0
75.8,128.171883,37.951631,1414.1022264,47.868,11.773,289.919,1.0
75.8166,128.171813,37.95165,1415.0818536000002,49.172,11.854,290.064,1.0
75.8333,128.171744,37.951669,1416.073368,50.45,11.953,290.228,1.0
75.85,128.171674,37.951688,1417.0752456,51.69,12.071,290.417,1.0
75.8666,128.171604,37.951708,1418.0865720000002,52.89,12.187,290.619,1.0
75.8833,128.171535,37.951727,1419.1073472,54.059,12.281,290.814,1.0
75.9,128.171466,37.951747,1420.1366568,55.219,12.353,290.996,1.0
75.9166,128.171396,37.951766,1421.1745008,56.392,12.418,291.172,1.0
75.9333,128.171327,37.951786,1422.2220984,57.541,12.499,291.365,1.0
75.95,128.171258,37.951806,1423.2788400000002,58.664,12.599,291.58,1.0
75.9666,128.171189,37.951826,1424.3444208,59.757,12.698,291.804,1.0
75.9833,128.17112,37.951846,1425.418536,60.814,12.778,292.02,1.0
76.0,128.171051,37.951867,1426.5005760000001,61.848,12.835,292.223,1.0
76.0166,128.170982,37.951887,1427.5899312000001,62.886,12.882,292.422,1.0
76.0333,128.170914,37.951908,1428.6878208,63.896,12.942,292.637,1.0
76.05,128.170845,37.951929,1429.7930256,64.885,13.02,292.87,1.0
76.0666,128.170777,37.951949,1430.9061552,65.846,13.099,293.11,1.0
76.0833,128.170708,37.95197,1432.0269048000002,66.771,13.16,293.342,1.0
76.1,128.17064,37.951992,1433.1546648,67.668,13.2,293.561,1.0
76.1166,128.170572,37.952013,1434.2882160000001,68.563,13.229,293.776,1.0
76.1333,128.170503,37.952034,1435.4290824,69.427,13.269,294.004,1.0
76.15,128.170435,37.952056,1436.5757400000002,70.271,13.326,294.25,1.0
76.1666,128.170367,37.952078,1437.7291032,71.088,13.384,294.501,1.0
76.1833,128.1703,37.952099,1438.8891720000001,71.868,13.426,294.743,1.0
76.2,128.170232,37.952121,1440.0550320000002,72.619,13.449,294.973,1.0
76.2166,128.170164,37.952144,1441.225464,73.365,13.462,295.198,1.0
76.2333,128.170097,37.952166,1442.4016872,74.08,13.484,295.435,1.0
76.25,128.170029,37.952188,1443.5827872,74.775,13.521,295.688,1.0
76.2666,128.169962,37.952211,1444.7690688,75.446,13.56,295.943,1.0
76.2833,128.169895,37.952234,1445.9608368000002,76.08,13.586,296.191,1.0
76.3,128.169828,37.952257,1447.1574816,76.683,13.594,296.428,1.0
76.3166,128.169761,37.95228,1448.357784,77.281,13.593,296.66,1.0
76.3333,128.169694,37.952303,1449.5620488,77.849,13.601,296.902,1.0
76.35,128.169627,37.952327,1450.770276,78.399,13.622,297.158,1.0
76.3666,128.169561,37.952351,1451.9824656,78.926,13.646,297.417,1.0
76.3833,128.169494,37.952374,1453.1992272,79.418,13.658,297.668,1.0
76.4,128.169428,37.952398,1454.4196464,79.88,13.655,297.909,1.0
76.4166,128.169362,37.952423,1455.6428088,80.334,13.643,298.145,1.0
76.4333,128.169296,37.952447,1456.8690192000001,80.924,13.624,298.393,1.0
76.45,128.16923,37.952471,1458.097668,81.649,13.601,298.656,1.0
76.4666,128.169164,37.952496,1459.3272312000001,82.471,13.585,298.92,1.0
76.4833,128.169098,37.952521,1460.558928,83.344,13.58,299.174,1.0
76.5,128.169032,37.952546,1461.7930632,84.221,13.579,299.416,1.0
76.5166,128.168967,37.952571,1463.029332,85.065,13.571,299.653,1.0
76.5333,128.168901,37.952596,1464.2671248,85.71,13.567,299.908,1.0
76.55,128.168836,37.952622,1465.5061368000001,86.182,13.569,300.187,1.0
76.5666,128.168771,37.952648,1466.7472824,86.539,13.563,300.472,1.0
76.5833,128.168706,37.952674,1467.9902568,86.827,13.537,300.745,1.0
76.6,128.168641,37.9527,1469.2338408,87.096,13.494,301.001,1.0
76.6166,128.168577,37.952726,1470.4774248,87.392,13.45,301.247,1.0
76.6333,128.168512,37.952753,1471.7203992000002,87.676,13.424,301.509,1.0
76.65,128.168448,37.952779,1472.9636784000002,87.941,13.417,301.79,1.0
76.6666,128.168383,37.952806,1474.2081768,88.162,13.411,302.077,1.0
76.6833,128.168319,37.952833,1475.4538944,88.321,13.39,302.352,1.0
76.7,128.168256,37.95286,1476.6999168,88.431,13.35,302.61,1.0
76.7166,128.168192,37.952888,1477.9456344000002,88.534,13.304,302.861,1.0
76.7333,128.168128,37.952916,1479.1904376,88.648,13.266,303.098,1.0
76.75,128.168065,37.952943,1480.4349359999999,88.783,13.243,303.329,1.0
76.7666,128.168001,37.952971,1481.6794344000002,88.921,13.225,303.56,1.0
76.7833,128.167938,37.953,1482.9242376000002,89.037,13.203,303.798,1.0
76.8,128.167875,37.953028,1484.1693456,89.125,13.171,304.04,1.0
76.8166,128.167812,37.953057,1485.4135392000003,89.197,13.133,304.281,1.0
76.8333,128.16775,37.953086,1486.6568184,89.199,13.103,304.495,1.0
76.85,128.167687,37.953115,1487.8991832000002,89.147,13.086,304.685,1.0
76.8666,128.167625,37.953144,1489.1418528000002,89.054,13.073,304.871,1.0
76.8833,128.167563,37.953173,1490.3848272,88.924,13.052,305.071,1.0
76.9,128.167501,37.953203,1491.6274968,88.77,13.019,305.29,1.0
76.9166,128.167439,37.953232,1492.869252,88.615,12.982,305.515,1.0
76.9333,128.167377,37.953262,1494.1100928,88.405,12.959,305.734,1.0
76.95,128.167316,37.953292,1495.3500192000001,88.15,12.952,305.943,1.0
76.9666,128.167255,37.953323,1496.5905552,87.85,12.95,306.147,1.0
76.9833,128.167194,37.953353,1497.8320056,87.502,12.939,306.354,1.0
77.0,128.167133,37.953384,1499.073456,87.119,12.915,306.568,1.0
77.0166,128.167072,37.953415,1500.3149064,86.733,12.887,306.787,1.0
77.0333,128.167011,37.953446,1501.5554424000002,86.344,12.869,307.014,1.0
77.05,128.166951,37.953477,1502.7962832,85.96,12.867,307.245,1.0
77.0666,128.16689,37.953508,1504.0380384,85.567,12.873,307.475,1.0
77.0833,128.16683,37.95354,1505.2810128,85.148,12.874,307.699,1.0
77.1,128.16677,37.953572,1506.5249016000002,84.7,12.868,307.92,1.0
77.1166,128.166711,37.953604,1507.7697048000002,84.239,12.859,308.141,1.0
77.1333,128.166651,37.953636,1509.0151176000002,83.806,12.853,308.376,1.0
77.15,128.166592,37.953668,1510.2614448000002,83.411,12.855,308.624,1.0
77.1666,128.166533,37.9537,1511.5089912,83.04,12.864,308.874,1.0
77.1833,128.166474,37.953733,1512.7583664,82.674,12.877,309.115,1.0
77.2,128.166415,37.953766,1514.0092656,82.296,12.89,309.345,1.0
77.2166,128.166356,37.953799,1515.2622984,81.904,12.901,309.571,1.0
77.2333,128.166298,37.953832,1516.51716,81.548,12.909,309.812,1.0
77.25,128.166239,37.953865,1517.7738504000001,81.234,12.918,310.071,1.0
77.2666,128.166181,37.953899,1519.0323696,80.957,12.931,310.334,1.0
77.2833,128.166123,37.953932,1520.2927176000003,80.704,12.952,310.587,1.0
77.3,128.166066,37.953966,1521.555504,80.458,12.977,310.825,1.0
77.3166,128.166008,37.954,1522.8210336,80.202,13.003,311.057,1.0
77.3333,128.165951,37.954034,1524.0893064,79.976,13.024,311.303,1.0
77.35,128.165894,37.954069,1525.3603224,79.781,13.041,311.566,1.0
77.3666,128.165837,37.954103,1526.6334720000002,79.617,13.059,311.834,1.0
77.3833,128.16578,37.954138,1527.9087551999999,79.481,13.083,312.093,1.0
77.4,128.165723,37.954172,1529.1867816000001,79.362,13.115,312.338,1.0
77.4166,128.165667,37.954207,1530.4681607999999,79.239,13.148,312.576,1.0
77.4333,128.165611,37.954242,1531.7525880000003,79.139,13.177,312.824,1.0
77.45,128.165555,37.954278,1533.0400632,79.059,13.2,313.088,1.0
77.4666,128.165499,37.954313,1534.3299768,79.0,13.222,313.357,1.0
77.4833,128.165443,37.954349,1535.6226336,78.963,13.249,313.619,1.0
77.5,128.165388,37.954385,1536.9183384,78.944,13.282,313.868,1.0
77.5166,128.165333,37.95442,1538.2170912000001,78.927,13.317,314.11,1.0
77.5333,128.165278,37.954457,1539.518892,78.925,13.349,314.364,1.0
77.55,128.165223,37.954493,1540.8243504000002,78.936,13.376,314.631,1.0
77.5666,128.165168,37.954529,1542.132552,78.957,13.402,314.903,1.0
77.5833,128.165114,37.954566,1543.4434968,78.994,13.429,315.169,1.0
77.6,128.16506,37.954602,1544.7571848,79.044,13.461,315.423,1.0
77.6166,128.165006,37.954639,1546.0742255999999,79.097,13.494,315.67,1.0
77.6333,128.164952,37.954676,1547.3943144,79.159,13.526,315.927,1.0
77.65,128.164899,37.954714,1548.7177560000002,79.225,13.555,316.196,1.0
77.6666,128.164845,37.954751,1550.0442456,79.295,13.582,316.47,1.0
77.6833,128.164792,37.954788,1551.3734784,79.372,13.609,316.738,1.0
77.7,128.164739,37.954826,1552.7054544,79.456,13.638,316.997,1.0
77.7166,128.164687,37.954864,1554.0404784,79.543,13.667,317.249,1.0
77.7333,128.164634,37.954902,1555.3782456000001,79.632,13.696,317.506,1.0
77.75,128.164582,37.95494,1556.7193656,79.719,13.724,317.77,1.0
77.7666,128.16453,37.954978,1558.0632288000002,79.805,13.75,318.037,1.0
77.7833,128.164478,37.955017,1559.4098352,79.891,13.775,318.302,1.0
77.8,128.164427,37.955056,1560.7594896,79.98,13.8,318.56,1.0
77.8166,128.164376,37.955094,1562.1115823999999,80.072,13.825,318.815,1.0
77.8333,128.164324,37.955133,1563.4664184,80.17,13.848,319.062,1.0
77.85,128.164274,37.955172,1564.8239976,80.271,13.868,319.302,1.0
77.8666,128.164223,37.955212,1566.1840152000002,80.376,13.887,319.542,1.0
77.8833,128.164173,37.955251,1567.5464712,80.485,13.906,319.786,1.0
77.9,128.164123,37.955291,1568.9116704,80.598,13.927,320.035,1.0
77.9166,128.164073,37.95533,1570.2793080000001,80.713,13.948,320.283,1.0
77.9333,128.164023,37.95537,1571.6490792,80.842,13.966,320.53,1.0
77.95,128.163973,37.95541,1573.0212888,80.981,13.981,320.773,1.0
77.9666,128.163924,37.95545,1574.3959368,81.131,13.996,321.015,1.0
77.9833,128.163875,37.955491,1575.7724136000002,81.289,14.011,321.258,1.0
78.0,128.163827,37.955531,1577.151024,81.453,14.028,321.503,1.0
78.0166,128.163778,37.955572,1578.531768,81.618,14.045,321.748,1.0
78.0333,128.16373,37.955612,1579.9143408,81.798,14.059,321.997,1.0
78.05,128.163682,37.955653,1581.2990472,81.989,14.07,322.247,1.0
78.0666,128.163634,37.955694,1582.6852776,82.192,14.079,322.498,1.0
78.0833,128.163586,37.955735,1584.0733368,82.405,14.089,322.747,1.0
78.1,128.163539,37.955777,1585.46292,82.625,14.101,322.994,1.0
78.1166,128.163492,37.955818,1586.8540272,82.846,14.112,323.241,1.0
78.1333,128.163445,37.95586,1588.2466584000001,83.078,14.121,323.493,1.0
78.15,128.163398,37.955901,1589.6408136,83.318,14.127,323.752,1.0
78.1666,128.163352,37.955943,1591.0361880000003,83.567,14.131,324.013,1.0
78.1833,128.163306,37.955985,1592.4324768,83.823,14.135,324.27,1.0
78.2,128.16326,37.956027,1593.8299848,84.085,14.139,324.523,1.0
78.2166,128.163214,37.95607,1595.2284072000002,84.349,14.144,324.774,1.0
78.2333,128.163169,37.956112,1596.627744,84.618,14.146,325.032,1.0
78.25,128.163124,37.956155,1598.0276904,84.889,14.146,325.299,1.0
78.2666,128.163079,37.956197,1599.4285512000001,85.164,14.144,325.568,1.0
78.2833,128.163034,37.95624,1600.829412,85.441,14.141,325.834,1.0
78.3,128.16299,37.956283,1602.2308824,85.721,14.138,326.094,1.0
78.3166,128.162946,37.956326,1603.6326576,86.002,14.133,326.35,1.0
78.3333,128.162902,37.95637,1605.0347376000002,86.282,14.128,326.615,1.0
78.35,128.162858,37.956413,1606.4368176000003,86.561,14.122,326.891,1.0
78.3666,128.162815,37.956456,1607.8388976,86.836,14.115,327.17,1.0
78.3833,128.162772,37.9565,1609.2406728,87.109,14.104,327.444,1.0
78.4,128.162729,37.956544,1610.6421432000002,87.38,14.092,327.711,1.0
78.4166,128.162686,37.956588,1612.0433088,87.651,14.079,327.974,1.0
78.4333,128.162644,37.956632,1613.4438648,87.919,14.066,328.245,1.0
78.45,128.162602,37.956676,1614.8435064,88.182,14.053,328.526,1.0
78.4666,128.16256,37.95672,1616.2428432000002,88.439,14.039,328.811,1.0
78.4833,128.162518,37.956765,1617.6412656,88.691,14.022,329.091,1.0
78.5,128.162477,37.956809,1619.0387736,88.938,14.002,329.364,1.0
78.5166,128.162436,37.956854,1620.4350624,89.184,13.981,329.632,1.0
78.5333,128.162395,37.956899,1621.830132,89.423,13.96,329.909,1.0
78.55,128.162355,37.956944,1623.2236776000002,89.657,13.94,330.197,1.0
78.5666,128.162315,37.956989,1624.616004,89.885,13.919,330.488,1.0
78.5833,128.162275,37.957034,1626.0071112,90.103,13.896,330.774,1.0
78.6,128.162235,37.95708,1627.3963896,90.316,13.869,331.052,1.0
78.6166,128.162196,37.957125,1628.784144,90.526,13.841,331.325,1.0
78.6333,128.162156,37.957171,1630.1697648000002,90.729,13.814,331.601,1.0
78.65,128.162118,37.957216,1631.5535568,90.926,13.787,331.883,1.0
78.6666,128.162079,37.957262,1632.9352152000001,91.117,13.761,332.167,1.0
78.6833,128.162041,37.957308,1634.3150448000001,91.301,13.731,332.449,1.0
78.7,128.162003,37.957354,1635.6927408000001,91.479,13.7,332.726,1.0
78.7166,128.161965,37.957401,1637.0683032,91.654,13.666,333.001,1.0
78.7333,128.161928,37.957447,1638.4411224,91.821,13.634,333.274,1.0
78.75,128.161891,37.957493,1639.8118080000002,91.983,13.602,333.548,1.0
78.7666,128.161854,37.95754,1641.1797504,92.139,13.571,333.823,1.0
78.7833,128.161817,37.957587,1642.5452544,92.288,13.538,334.098,1.0
78.8,128.161781,37.957633,1643.90832,92.432,13.502,334.371,1.0
78.8166,128.161745,37.95768,1645.2686424,92.574,13.465,334.643,1.0
78.8333,128.161709,37.957727,1646.6259168,92.71,13.428,334.914,1.0
78.85,128.161674,37.957775,1647.9801432000002,92.843,13.393,335.185,1.0
78.8666,128.161638,37.957822,1649.3316264000002,92.972,13.357,335.456,1.0
78.8833,128.161604,37.957869,1650.6803664000001,93.095,13.321,335.726,1.0
78.9,128.161569,37.957917,1652.0257536000001,93.215,13.282,335.996,1.0
78.9166,128.161535,37.957964,1653.3683976,93.333,13.242,336.265,1.0
78.9333,128.161501,37.958012,1654.707384,93.451,13.205,336.534,1.0
78.95,128.161467,37.95806,1656.0430176000002,93.571,13.17,336.803,1.0
78.9666,128.161434,37.958108,1657.3752984,93.689,13.135,337.072,1.0
78.9833,128.161401,37.958156,1658.704836,93.8,13.099,337.34,1.0
79.0,128.161368,37.958204,1660.0307160000002,93.905,13.061,337.608,1.0
79.0166,128.161335,37.958253,1661.3532432000002,94.007,13.02,337.876,1.0
79.0333,128.161303,37.958301,1662.6715032,94.116,12.984,338.143,1.0
79.05,128.161271,37.958349,1663.9864104,94.234,12.953,338.411,1.0
79.0666,128.161239,37.958398,1665.2979648,94.352,12.923,338.678,1.0
79.0833,128.161208,37.958447,1666.6058616000003,94.462,12.89,338.945,1.0
79.1,128.161177,37.958495,1667.9101008,94.562,12.854,339.212,1.0
79.1166,128.161146,37.958544,1669.2106824,94.657,12.816,339.478,1.0
79.1333,128.161116,37.958593,1670.5066920000002,94.757,12.782,339.744,1.0
79.15,128.161085,37.958642,1671.799044,94.863,12.755,340.011,1.0
79.1666,128.161056,37.958691,1673.0874336,94.968,12.73,340.278,1.0
79.1833,128.161026,37.958741,1674.3724704,95.062,12.702,340.545,1.0
79.2,128.160997,37.95879,1675.6535448000002,95.144,12.669,340.811,1.0
79.2166,128.160968,37.95884,1676.930352,95.22,12.633,341.076,1.0
79.2333,128.160939,37.958889,1678.2031968000001,95.291,12.599,341.342,1.0
79.25,128.160911,37.958939,1679.4717744000002,95.36,12.567,341.608,1.0
79.2666,128.160882,37.958988,1680.7360848,95.428,12.537,341.874,1.0
79.2833,128.160855,37.959038,1681.9967376000002,95.49,12.507,342.139,1.0
79.3,128.160827,37.959088,1683.2531232000001,95.545,12.473,342.405,1.0
79.3166,128.1608,37.959138,1684.5055464,95.597,12.438,342.67,1.0
79.3333,128.160773,37.959188,1685.7533976,95.636,12.404,342.935,1.0
79.35,128.160746,37.959238,1686.9969816,95.665,12.372,343.2,1.0
79.3666,128.16072,37.959289,1688.2366032,95.686,12.341,343.466,1.0
79.3833,128.160694,37.959339,1689.4719576,95.7,12.309,343.731,1.0
79.4,128.160668,37.959389,1690.7030448000003,95.707,12.275,343.995,1.0
79.4166,128.160643,37.95944,1691.9301696000002,95.712,12.239,344.26,1.0
79.4333,128.160618,37.95949,1693.1524176000003,95.698,12.206,344.525,1.0
79.45,128.160593,37.959541,1694.3707032,95.669,12.176,344.79,1.0
79.4666,128.160569,37.959592,1695.5847216000002,95.627,12.148,345.056,1.0
79.4833,128.160545,37.959642,1696.7944728,95.573,12.117,345.32,1.0
79.5,128.160521,37.959693,1698.0002616000002,95.51,12.084,345.585,1.0
79.5166,128.160497,37.959744,1699.2020880000002,95.444,12.05,345.849,1.0
79.5333,128.160474,37.959795,1700.3990376000002,95.355,12.019,346.114,1.0
79.55,128.160451,37.959846,1701.5920248,95.247,11.994,346.38,1.0
79.5666,128.160428,37.959897,1702.7807448,95.121,11.969,346.645,1.0
79.5833,128.160406,37.959948,1703.966112,94.98,11.943,346.91,1.0
79.6,128.160384,37.96,1705.1475168,94.827,11.914,347.174,1.0
79.6166,128.160362,37.960051,1706.3249592000002,94.671,11.885,347.439,1.0
79.6333,128.160341,37.960102,1707.4978296000002,94.487,11.86,347.704,1.0
79.65,128.16032,37.960154,1708.6670424000001,94.279,11.841,347.97,1.0
79.6666,128.160299,37.960205,1709.8329024000002,94.051,11.824,348.235,1.0
79.6833,128.160279,37.960257,1710.9954096000001,93.804,11.805,348.5,1.0
79.7,128.160259,37.960308,1712.1542592,93.544,11.784,348.765,1.0
79.7166,128.160239,37.96036,1713.3100608,93.278,11.762,349.029,1.0
79.7333,128.160219,37.960412,1714.4619,92.977,11.747,349.294,1.0
79.75,128.1602,37.960464,1715.6106912000002,92.645,11.739,349.56,1.0
79.7666,128.160181,37.960515,1716.7567392000003,92.286,11.734,349.825,1.0
79.7833,128.160163,37.960567,1717.9003488,91.903,11.727,350.09,1.0
79.8,128.160145,37.960619,1719.0412152000001,91.503,11.718,350.354,1.0
79.8166,128.160127,37.960671,1720.1796432,91.097,11.708,350.618,1.0
79.8333,128.160109,37.960723,1721.3156328,90.684,11.703,350.882,1.0
79.85,128.160092,37.960775,1722.4494888000002,90.268,11.703,351.147,1.0
79.8666,128.160075,37.960827,1723.5812112,89.847,11.707,351.411,1.0
79.8833,128.160059,37.96088,1724.7117144,89.419,11.713,351.674,1.0
79.9,128.160042,37.960932,1725.8406936000001,88.983,11.72,351.937,1.0
79.9166,128.160026,37.960984,1726.9681488,88.541,11.726,352.2,1.0
79.9333,128.160011,37.961036,1728.0946896,88.126,11.733,352.462,1.0
79.95,128.159995,37.961089,1729.2200112,87.739,11.739,352.723,1.0
79.9666,128.15998,37.961141,1730.3444184000002,87.374,11.75,352.984,1.0
79.9833,128.159965,37.961193,1731.4682160000002,87.026,11.765,353.245,1.0
80.0,128.159951,37.961246,1732.591404,86.684,11.784,353.505,1.0
80.0166,128.159937,37.961298,1733.7142872,86.342,11.805,353.764,1.0
80.0333,128.159923,37.961351,1734.8374752000002,86.024,11.82,353.987,1.0
80.05,128.159909,37.961403,1735.9603584000001,85.727,11.829,354.174,1.0
80.0666,128.159896,37.961456,1737.0829368000002,85.453,11.838,354.349,1.0
80.0833,128.159883,37.961508,1738.2052104000002,85.206,11.853,354.537,1.0
80.1,128.159871,37.961561,1739.3277888000002,84.977,11.875,354.746,1.0
80.1166,128.159858,37.961614,1740.4509768,84.755,11.9,354.967,1.0
80.1333,128.159846,37.961666,1741.5744696000002,84.586,11.92,355.187,1.0
80.15,128.159834,37.961719,1742.6985720000002,84.462,11.932,355.398,1.0
80.1666,128.159823,37.961771,1743.8229792,84.378,11.942,355.602,1.0
80.1833,128.159811,37.961824,1744.9470816,84.329,11.958,355.809,1.0
80.2,128.1598,37.961877,1746.0717936,84.304,11.98,356.02,1.0
80.2166,128.15979,37.96193,1747.1971152,84.287,12.007,356.236,1.0
80.2333,128.159779,37.961982,1748.3230464,84.302,12.03,356.474,1.0
80.25,128.159769,37.962035,1749.449892,84.342,12.048,356.731,1.0
80.2666,128.159759,37.962088,1750.5770424000002,84.402,12.064,356.992,1.0
80.2833,128.15975,37.962141,1751.7041928,84.482,12.081,357.246,1.0
80.3,128.15974,37.962194,1752.8319528000002,84.576,12.102,357.491,1.0
80.3166,128.159731,37.962246,1753.9600176000001,84.677,12.124,357.729,1.0
80.3333,128.159723,37.962299,1755.0889968000001,84.784,12.145,357.983,1.0
80.35,128.159714,37.962352,1756.2182808000002,84.891,12.165,358.255,1.0
80.3666,128.159706,37.962405,1757.3481744000003,84.998,12.182,358.534,1.0
80.3833,128.159698,37.962458,1758.4783728000002,85.108,12.198,358.808,1.0
80.4,128.159691,37.962511,1759.6085712,85.221,12.213,359.073,1.0
80.4166,128.159683,37.962563,1760.7390744000002,85.338,12.229,359.33,1.0
80.4333,128.159676,37.962616,1761.8711016000002,85.465,12.232,359.568,1.0
80.45,128.15967,37.962669,1763.0028240000001,85.602,12.223,359.79,1.0
80.4666,128.159663,37.962722,1764.1345464,85.758,12.21,0.01,1.0
80.4833,128.159657,37.962775,1765.2659640000002,85.942,12.201,0.237,1.0
80.5,128.159651,37.962828,1766.3970768,86.152,12.198,0.472,1.0
80.5166,128.159645,37.962881,1767.5281896000001,86.373,12.199,0.711,1.0
80.5333,128.15964,37.962934,1768.6596072000002,86.605,12.195,0.952,1.0
80.55,128.159635,37.962987,1769.7910248,86.838,12.181,1.193,1.0
80.5666,128.15963,37.96304,1770.921528,87.077,12.164,1.433,1.0
80.5833,128.159626,37.963093,1772.0517264000002,87.329,12.146,1.672,1.0
80.6,128.159622,37.963145,1773.1810104,87.595,12.131,1.911,1.0
80.6166,128.159618,37.963198,1774.3096848,87.87,12.118,2.151,1.0
80.6333,128.159614,37.963251,1775.4374448,88.158,12.103,2.385,1.0
80.65,128.159611,37.963304,1776.5649,88.453,12.083,2.615,1.0
80.6666,128.159607,37.963357,1777.6908312000003,88.754,12.061,2.843,1.0
80.6833,128.159605,37.96341,1778.8158480000002,89.062,12.037,3.074,1.0
80.7,128.159602,37.963463,1779.9393408,89.378,12.013,3.307,1.0
80.7166,128.1596,37.963516,1781.0613096000002,89.698,11.989,3.542,1.0
80.7333,128.159598,37.963569,1782.1817544,89.997,11.967,3.796,1.0
80.75,128.159596,37.963622,1783.3006752000001,90.273,11.945,4.066,1.0
80.7666,128.159595,37.963675,1784.4177672,90.529,11.921,4.341,1.0
80.7833,128.159594,37.963727,1785.5333352,90.767,11.893,4.61,1.0
80.8,128.159593,37.96378,1786.6470744000003,90.995,11.862,4.87,1.0
80.8166,128.159592,37.963833,1787.7586800000001,91.221,11.828,5.125,1.0
80.8333,128.159592,37.963886,1788.8675424000003,91.442,11.799,5.377,1.0
80.85,128.159592,37.963939,1789.9742712,91.66,11.775,5.629,1.0
80.8666,128.159592,37.963992,1791.0788664000002,91.87,11.752,5.883,1.0
80.8833,128.159593,37.964044,1792.1810232000003,92.068,11.725,6.137,1.0
80.9,128.159594,37.964097,1793.2810464000002,92.253,11.694,6.391,1.0
80.9166,128.159595,37.96415,1794.3786312000002,92.434,11.66,6.644,1.0
80.9333,128.159597,37.964203,1795.473168,92.612,11.628,6.887,1.0
80.95,128.159598,37.964255,1796.5649616,92.79,11.599,7.123,1.0
80.9666,128.1596,37.964308,1797.654012,92.968,11.572,7.355,1.0
80.9833,128.159603,37.964361,1798.7403192000002,93.141,11.543,7.59,1.0
81.0,128.159605,37.964414,1799.8238832000002,93.309,11.511,7.83,1.0
81.0166,128.159608,37.964466,1800.9043992000002,93.473,11.477,8.072,1.0
81.0333,128.159611,37.964519,1801.9812576,93.632,11.448,8.318,1.0
81.05,128.159615,37.964571,1803.0550680000001,93.789,11.424,8.567,1.0
81.0666,128.159619,37.964624,1804.1261352000001,93.939,11.403,8.816,1.0
81.0833,128.159623,37.964677,1805.1938496,94.073,11.378,9.064,1.0
81.1,128.159627,37.964729,1806.258516,94.194,11.349,9.309,1.0
81.1166,128.159632,37.964782,1807.3201344000001,94.309,11.316,9.555,1.0
81.1333,128.159636,37.964834,1808.3780952,94.42,11.285,9.78,1.0
81.15,128.159642,37.964887,1809.4330080000002,94.532,11.256,9.985,1.0
81.1666,128.159647,37.964939,1810.4842632,94.646,11.229,10.185,1.0
81.1833,128.159653,37.964992,1811.5321656,94.763,11.202,10.391,1.0
81.2,128.159659,37.965044,1812.5767152000003,94.881,11.172,10.608,1.0
81.2166,128.159665,37.965096,1813.617912,94.997,11.141,10.832,1.0
81.2333,128.159671,37.965149,1814.6551464000001,95.082,11.113,11.03,1.0
81.25,128.159678,37.965201,1815.689028,95.136,11.091,11.2,1.0
81.2666,128.159685,37.965253,1816.719252,95.169,11.069,11.359,1.0
81.2833,128.159693,37.965306,1817.7461232000003,95.189,11.045,11.527,1.0
81.3,128.1597,37.965358,1818.7696415999999,95.202,11.017,11.71,1.0
81.3166,128.159708,37.96541,1819.7895024000002,95.215,10.986,11.906,1.0
81.3333,128.159716,37.965462,1820.8054008,95.174,10.962,12.082,1.0
81.35,128.159725,37.965514,1821.8173368000002,95.082,10.946,12.227,1.0
81.3666,128.159733,37.965566,1822.8265296000002,94.95,10.932,12.357,1.0
81.3833,128.159742,37.965618,1823.8323696000002,94.791,10.915,12.493,1.0
81.4,128.159751,37.96567,1824.8351616000002,94.616,10.892,12.645,1.0
81.4166,128.159761,37.965722,1825.8342960000002,94.438,10.866,12.812,1.0
81.4333,128.15977,37.965774,1826.8297728,94.146,10.852,12.969,1.0
81.45,128.15978,37.965826,1827.821592,93.75,10.85,13.11,1.0
81.4666,128.15979,37.965878,1828.8109728000002,93.269,10.852,13.245,1.0
81.4833,128.159801,37.96593,1829.7979152000003,92.726,10.846,13.384,1.0
81.5,128.159812,37.965982,1830.7827240000001,92.144,10.832,13.533,1.0
81.5166,128.159823,37.966033,1831.7647896,91.55,10.815,13.691,1.0
81.5333,128.159834,37.966085,1832.7441119999999,90.89,10.806,13.826,1.0
81.55,128.159845,37.966137,1833.7209960000002,90.173,10.808,13.928,1.0
81.5666,128.159857,37.966188,1834.6966608,89.414,10.815,14.014,1.0
81.5833,128.159869,37.96624,1835.6708016000002,88.62,10.821,14.106,1.0
81.6,128.159881,37.966291,1836.644028,87.802,10.823,14.217,1.0
81.6166,128.159893,37.966343,1837.61634,86.975,10.823,14.343,1.0
81.6333,128.159906,37.966394,1838.5880424000002,86.307,10.814,14.469,1.0
81.65,128.159918,37.966446,1839.5591352000001,85.797,10.798,14.587,1.0
81.6666,128.159931,37.966497,1840.5290088,85.411,10.786,14.7,1.0
81.6833,128.159944,37.966548,1841.4973584000002,85.114,10.789,14.815,1.0
81.7,128.159958,37.9666,1842.4657080000002,84.864,10.804,14.934,1.0
81.7166,128.159971,37.966651,1843.4337528000003,84.622,10.824,15.06,1.0
81.7333,128.159985,37.966702,1844.4017976,84.289,10.843,15.161,1.0
81.75,128.159999,37.966753,1845.3701472,83.862,10.859,15.231,1.0
81.7666,128.160013,37.966805,1846.3384968000003,83.37,10.87,15.289,1.0
81.7833,128.160027,37.966856,1847.3071512000001,82.842,10.878,15.356,1.0
81.8,128.160042,37.966907,1848.2761104,82.302,10.886,15.44,1.0
81.8166,128.160056,37.966958,1849.2450696,81.767,10.896,15.538,1.0
81.8333,128.160071,37.967009,1850.2155528000003,81.43,10.897,15.685,1.0
81.85,128.160086,37.96706,1851.1863408000002,81.279,10.89,15.874,1.0
81.8666,128.160101,37.96711,1852.1565192,81.273,10.885,16.073,1.0
81.8833,128.160117,37.967161,1853.1260880000002,81.374,10.893,16.258,1.0
81.9,128.160132,37.967212,1854.0959616000002,81.534,10.914,16.422,1.0
81.9166,128.160148,37.967263,1855.0667496,81.707,10.941,16.575,1.0
81.9333,128.160163,37.967314,1856.0381472,81.842,10.96,16.688,1.0
81.95,128.160179,37.967364,1857.0101544000001,81.93,10.969,16.768,1.0
81.9666,128.160196,37.967415,1857.9824664000002,81.986,10.971,16.841,1.0
81.9833,128.160212,37.967466,1858.9550832000002,82.034,10.972,16.927,1.0
82.0,128.160228,37.967516,1859.9277000000002,82.087,10.976,17.032,1.0
82.0166,128.160245,37.967567,1860.9006216,82.151,10.984,17.148,1.0
82.0333,128.160262,37.967618,1861.8732384,82.097,10.999,17.242,1.0
82.05,128.160279,37.967668,1862.84616,81.923,11.016,17.289,1.0
82.0666,128.160296,37.967718,1863.8199960000002,81.651,11.028,17.305,1.0
82.0833,128.160313,37.967769,1864.7947464000001,81.312,11.03,17.323,1.0
82.1,128.160331,37.967819,1865.7698016000002,80.939,11.026,17.362,1.0
82.1166,128.160348,37.96787,1866.7448568,80.563,11.022,17.423,1.0
82.1333,128.160366,37.96792,1867.719912,80.207,11.018,17.472,1.0
82.15,128.160384,37.96797,1868.6949672,79.871,11.013,17.487,1.0
82.1666,128.160402,37.96802,1869.6703272,79.549,11.007,17.48,1.0
82.1833,128.16042,37.968071,1870.6462968,79.232,11.004,17.472,1.0
82.2,128.160438,37.968121,1871.6225712,78.916,11.002,17.482,1.0
82.2166,128.160457,37.968171,1872.5994552,78.598,11.002,17.508,1.0
82.2333,128.160475,37.968221,1873.5769488,78.527,10.984,17.524,1.0
82.25,128.160494,37.968271,1874.5541376,78.686,10.945,17.498,1.0
82.2666,128.160513,37.968321,1875.5301072000002,79.019,10.899,17.411,1.0
82.2833,128.160531,37.968371,1876.5045528000003,79.475,10.865,17.291,1.0
82.3,128.16055,37.968421,1877.4783888000002,80.002,10.848,17.177,1.0
82.3166,128.160569,37.968471,1878.4525296000002,80.547,10.844,17.093,1.0
82.3333,128.160588,37.968521,1879.4260608,81.093,10.84,17.038,1.0
82.35,128.160607,37.968571,1880.3992872000001,81.626,10.83,16.999,1.0
82.3666,128.160626,37.968621,1881.3719039999999,82.154,10.816,16.959,1.0
82.3833,128.160645,37.968671,1882.3433016000001,82.69,10.802,16.915,1.0
82.4,128.160664,37.968721,1883.3134800000003,83.24,10.791,16.87,1.0
82.4166,128.160683,37.968771,1884.282744,83.804,10.785,16.829,1.0
82.4333,128.160703,37.968821,1885.2510936,84.355,10.782,16.796,1.0
82.45,128.160722,37.968871,1886.2185288000003,84.889,10.78,16.771,1.0
82.4666,128.160742,37.968921,1887.1850496,85.408,10.776,16.749,1.0
82.4833,128.160761,37.968971,1888.1500464,85.918,10.771,16.731,1.0
82.5,128.16078,37.969021,1889.1141288000001,86.426,10.764,16.714,1.0
82.5166,128.1608,37.969071,1890.0766872,86.939,10.758,16.7,1.0
82.5333,128.16082,37.969121,1891.0380264000003,87.443,10.754,16.688,1.0
82.55,128.160839,37.969171,1891.9981464,87.937,10.752,16.68,1.0
82.5666,128.160859,37.969221,1892.9567424000002,88.423,10.75,16.674,1.0
82.5833,128.160879,37.969271,1893.9141192,88.903,10.747,16.671,1.0
82.6,128.160898,37.969321,1894.8699720000002,89.379,10.742,16.669,1.0
82.6166,128.160918,37.969371,1895.8246056,89.855,10.736,16.67,1.0
82.6333,128.160938,37.969421,1896.7783248,90.491,10.72,16.672,1.0
82.65,128.160958,37.969471,1897.7308248,91.277,10.693,16.675,1.0
82.6666,128.160977,37.969521,1898.6808864000002,92.182,10.668,16.679,1.0
82.6833,128.160997,37.969571,1899.6294240000002,93.171,10.656,16.684,1.0
82.7,128.161017,37.969621,1900.5761328,94.204,10.657,16.693,1.0
82.7166,128.161037,37.969671,1901.5213176000002,95.243,10.661,16.703,1.0
82.7333,128.161057,37.969721,1902.4652832000002,96.216,10.664,16.714,1.0
82.75,128.161077,37.969771,1903.4077248,97.122,10.663,16.726,1.0
82.7666,128.161097,37.969821,1904.3486424000002,97.981,10.656,16.738,1.0
82.7833,128.161117,37.969871,1905.288036,98.819,10.646,16.751,1.0
82.8,128.161136,37.969921,1906.2256008,99.656,10.635,16.765,1.0
82.8166,128.161156,37.969971,1907.1613368000003,100.501,10.625,16.78,1.0
82.8333,128.161176,37.970021,1908.0949392000002,101.273,10.622,16.798,1.0
82.85,128.161197,37.970071,1909.0264080000002,101.971,10.624,16.82,1.0
82.8666,128.161217,37.970121,1909.9560480000002,102.608,10.624,16.842,1.0
82.8833,128.161237,37.970171,1910.8844688,103.2,10.616,16.862,1.0
82.9,128.161257,37.970221,1911.8113656,103.768,10.602,16.881,1.0
82.9166,128.161277,37.970271,1912.735824,104.334,10.586,16.899,1.0
82.9333,128.161297,37.970321,1913.657844,104.842,10.575,16.921,1.0
82.95,128.161317,37.970371,1914.5771208,105.298,10.571,16.946,1.0
82.9666,128.161338,37.970421,1915.4948736000001,105.709,10.569,16.973,1.0
82.9833,128.161358,37.97047,1916.4107976,106.084,10.56,16.997,1.0
83.0,128.161378,37.97052,1917.3248928,106.434,10.545,17.02,1.0
83.0166,128.161398,37.97057,1918.2371592000002,106.778,10.527,17.041,1.0
83.0333,128.161419,37.97062,1919.1488160000001,107.387,10.491,17.058,1.0
83.05,128.161439,37.97067,1920.0589488,108.244,10.442,17.07,1.0
83.0666,128.161459,37.97072,1920.9672528000003,109.359,10.395,17.082,1.0
83.0833,128.161479,37.97077,1921.8743376000002,110.727,10.359,17.098,1.0
83.1,128.1615,37.97082,1922.7808128000001,112.301,10.337,17.119,1.0
83.1166,128.16152,37.970871,1923.6875928,113.984,10.322,17.142,1.0
83.1333,128.16154,37.970921,1924.5928488000002,115.701,10.31,17.166,1.0
83.15,128.16156,37.970971,1925.4971904,117.408,10.296,17.189,1.0
83.1666,128.16158,37.971021,1926.4003128000002,119.093,10.277,17.21,1.0
83.1833,128.161601,37.971071,1927.3028256,120.761,10.255,17.23,1.0
83.2,128.161621,37.971121,1928.204424,122.423,10.233,17.25,1.0
83.2166,128.161641,37.971171,1929.1048032,124.086,10.211,17.269,1.0
83.2333,128.161661,37.971221,1930.0021344000002,125.419,10.209,17.303,1.0
83.25,128.161681,37.971271,1930.8973320000002,126.445,10.222,17.35,1.0
83.2666,128.161702,37.971321,1931.7907008,127.148,10.235,17.397,1.0
83.2833,128.161722,37.971372,1932.6816312000003,127.527,10.233,17.435,1.0
83.3,128.161742,37.971422,1933.5692088,127.607,10.218,17.463,1.0
83.3166,128.161763,37.971472,1934.4522144,127.474,10.197,17.486,1.0
83.3333,128.161783,37.971522,1935.3309528000002,127.1,10.169,17.506,1.0
83.35,128.161804,37.971572,1936.2045096000002,126.549,10.139,17.524,1.0
83.3666,128.161824,37.971622,1937.0734944,125.9,10.106,17.54,1.0
83.3833,128.161845,37.971672,1937.9391264,125.21,10.069,17.553,1.0
83.4,128.161865,37.971722,1938.8011008,124.512,10.03,17.564,1.0
83.4166,128.161886,37.971772,1939.6600272,123.825,9.992,17.575,1.0
83.4333,128.161906,37.971822,1940.5152960000003,123.159,9.956,17.588,1.0
83.45,128.161927,37.971872,1941.3669072000002,122.51,9.92,17.603,1.0
83.4666,128.161948,37.971922,1942.2154704000002,121.87,9.885,17.62,1.0
83.4833,128.161968,37.971972,1943.0603760000001,121.232,9.85,17.636,1.0
83.5,128.161989,37.972022,1943.901624,120.593,9.816,17.652,1.0
83.5166,128.16201,37.972073,1944.7395192000001,119.951,9.781,17.667,1.0
83.5333,128.16203,37.972123,1945.5755856000003,119.375,9.743,17.68,1.0
83.55,128.162051,37.972173,1946.4092136000002,118.861,9.702,17.691,1.0
83.5666,128.162072,37.972223,1947.2394888000001,118.396,9.663,17.702,1.0
83.5833,128.162093,37.972273,1948.0661064,117.966,9.628,17.717,1.0
83.6,128.162114,37.972323,1948.8899808,117.553,9.598,17.734,1.0
83.6166,128.162135,37.972373,1949.7105024000002,117.142,9.569,17.752,1.0
83.6333,128.162156,37.972423,1950.5301096000003,117.047,9.524,17.761,1.0
83.65,128.162176,37.972473,1951.3475832000001,117.245,9.463,17.761,1.0
83.6666,128.162197,37.972523,1952.1623136,117.742,9.402,17.76,1.0
83.6833,128.162218,37.972573,1952.9752152,118.538,9.354,17.765,1.0
83.7,128.162239,37.972623,1953.7868976,119.609,9.317,17.777,1.0
83.7166,128.16226,37.972673,1954.5985800000003,120.918,9.284,17.79,1.0
83.7333,128.162281,37.972723,1955.4096528000002,122.42,9.253,17.804,1.0
83.75,128.162302,37.972773,1956.2213352,124.037,9.225,17.818,1.0
83.7666,128.162323,37.972823,1957.0311888,125.709,9.201,17.835,1.0
83.7833,128.162344,37.972873,1957.840128,127.397,9.181,17.854,1.0
83.8,128.162364,37.972924,1958.647848,129.079,9.161,17.875,1.0
83.8166,128.162385,37.972974,1959.4546536000003,130.742,9.139,17.893,1.0
83.8333,128.162406,37.973024,1960.2614592000002,132.368,9.107,17.901,1.0
83.85,128.162427,37.973074,1961.0673504000001,133.966,9.066,17.899,1.0
83.8666,128.162448,37.973124,1961.8720224,135.563,9.022,17.895,1.0
83.8833,128.162469,37.973175,1962.6760848,137.182,8.982,17.895,1.0
83.9,128.16249,37.973225,1963.4792328,138.823,8.947,17.901,1.0
83.9166,128.16251,37.973275,1964.2811616000001,140.471,8.916,17.908,1.0
83.9333,128.162531,37.973325,1965.080652,141.903,8.892,17.924,1.0
83.95,128.162552,37.973375,1965.8773992000001,143.121,8.873,17.946,1.0
83.9666,128.162573,37.973426,1966.6714032,144.176,8.85,17.963,1.0
83.9833,128.162594,37.973476,1967.4620544000002,145.119,8.817,17.966,1.0
84.0,128.162615,37.973526,1968.2514864000002,146.012,8.775,17.957,1.0
84.0166,128.162636,37.973576,1969.0390896000001,146.906,8.733,17.945,1.0
84.0333,128.162657,37.973627,1969.8263880000002,147.932,8.689,17.929,1.0
84.05,128.162678,37.973677,1970.6130768,149.084,8.645,17.913,1.0
84.0666,128.162698,37.973727,1971.4000704,150.329,8.605,17.902,1.0
84.0833,128.162719,37.973778,1972.1849304,151.625,8.569,17.898,1.0
84.1,128.16274,37.973828,1972.9682664000002,152.938,8.536,17.898,1.0
84.1166,128.162761,37.973878,1973.7497736,154.239,8.504,17.898,1.0
84.1333,128.162782,37.973929,1974.5325,155.57,8.47,17.888,1.0
84.15,128.162803,37.973979,1975.3155312000001,156.931,8.433,17.869,1.0
84.1666,128.162824,37.974029,1976.0967335999999,158.324,8.397,17.848,1.0
84.1833,128.162845,37.97408,1976.8770216,159.75,8.364,17.832,1.0
84.2,128.162866,37.97413,1977.6560904,161.198,8.333,17.824,1.0
84.2166,128.162887,37.97418,1978.4339400000001,162.649,8.305,17.818,1.0
84.2333,128.162907,37.974231,1979.2130088000001,164.173,8.276,17.803,1.0
84.25,128.162928,37.974281,1979.9926872,165.761,8.246,17.778,1.0
84.2666,128.162949,37.974332,1980.7723656,167.4,8.218,17.751,1.0
84.2833,128.16297,37.974382,1981.5508248,169.082,8.192,17.731,1.0
84.3,128.162991,37.974433,1982.3283696,170.79,8.167,17.719,1.0
84.3166,128.163012,37.974483,1983.105,172.502,8.145,17.711,1.0
84.3333,128.163033,37.974534,1983.8831544,174.296,8.124,17.693,1.0
84.35,128.163054,37.974584,1984.6622232000002,176.161,8.105,17.664,1.0
84.3666,128.163075,37.974635,1985.4425112000001,178.082,8.088,17.633,1.0
84.3833,128.163096,37.974685,1986.2212752,-179.947,8.072,17.609,1.0
84.4,128.163117,37.974736,1987.0000392000002,-177.947,8.057,17.594,1.0
84.4166,128.163138,37.974786,1987.7775840000002,-175.943,8.043,17.585,1.0
84.4333,128.163158,37.974837,1988.5572624000001,-173.851,8.032,17.567,1.0
84.45,128.163179,37.974887,1989.3378552,-171.687,8.027,17.536,1.0
84.4666,128.1632,37.974938,1990.1208864,-169.457,8.024,17.504,1.0
84.4833,128.163221,37.974989,1990.9026984,-167.171,8.021,17.479,1.0
84.5,128.163242,37.975039,1991.6845104000001,-164.849,8.016,17.465,1.0
84.5166,128.163263,37.97509,1992.465408,-162.519,8.012,17.456,1.0
84.5333,128.163284,37.975141,1993.2484392000003,-160.131,8.014,17.443,1.0
84.55,128.163305,37.975191,1994.0323848,-157.7,8.022,17.422,1.0
84.5666,128.163326,37.975242,1994.8172448000003,-155.22,8.034,17.398,1.0
84.5833,128.163348,37.975293,1995.6027144,-152.683,8.046,17.378,1.0
84.6,128.163369,37.975343,1996.3887936,-150.09,8.056,17.365,1.0
84.6166,128.16339,37.975394,1997.1739584000002,-147.466,8.066,17.358,1.0
84.6333,128.163411,37.975445,1997.9606472,-144.806,8.078,17.353,1.0
84.65,128.163432,37.975496,1998.7464216,-142.122,8.096,17.347,1.0
84.6666,128.163453,37.975546,1999.5321960000003,-139.415,8.117,17.341,1.0
84.6833,128.163474,37.975597,2000.3173608,-136.684,8.14,17.337,1.0
84.7,128.163496,37.975648,2001.1025256,-133.927,8.161,17.337,1.0
84.7166,128.163517,37.975699,2001.886776,-131.147,8.182,17.34,1.0
84.7333,128.163538,37.97575,2002.6704168,-128.348,8.204,17.347,1.0
84.75,128.163559,37.9758,2003.4528384,-125.535,8.227,17.357,1.0
84.7666,128.163581,37.975851,2004.2343456,-122.71,8.252,17.369,1.0
84.7833,128.163602,37.975902,2005.0146336,-119.874,8.278,17.384,1.0
84.8,128.163623,37.975953,2005.7940072000001,-117.025,8.304,17.401,1.0
84.8166,128.163645,37.976004,2006.5718568000002,-114.165,8.329,17.421,1.0
84.8333,128.163666,37.976055,2007.3466584000003,-111.332,8.337,17.415,1.0
84.85,128.163687,37.976106,2008.1190216,-108.536,8.321,17.35,1.0
84.8666,128.163709,37.976157,2008.8892512000002,-105.772,8.291,17.237,1.0
84.8833,128.16373,37.976208,2009.6567376,-103.028,8.261,17.109,1.0
84.9,128.163751,37.976259,2010.4220904,-100.294,8.244,17.003,1.0
84.9166,128.163773,37.97631,2011.1853096000002,-97.564,8.241,16.932,1.0
84.9333,128.163794,37.976361,2011.9457856000001,-94.981,8.234,16.866,1.0
84.95,128.163815,37.976412,2012.704128,-92.536,8.221,16.774,1.0
84.9666,128.163836,37.976463,2013.4591176000001,-90.196,8.212,16.631,1.0
84.9833,128.163857,37.976514,2014.2119736,-87.924,8.217,16.462,1.0
85.0,128.163878,37.976565,2014.9630008,-85.683,8.236,16.302,1.0
85.0166,128.163899,37.976617,2015.712504,-83.44,8.264,16.17,1.0
85.0333,128.16392,37.976668,2016.4610928,-81.281,8.288,16.04,1.0
85.05,128.163941,37.976719,2017.2093768,-79.198,8.309,15.898,1.0
85.0666,128.163962,37.97677,2017.9567464000002,-77.175,8.336,15.75,1.0
85.0833,128.163982,37.976822,2018.7032016000003,-75.196,8.374,15.61,1.0
85.1,128.164003,37.976873,2019.449352,-73.244,8.423,15.484,1.0
85.1166,128.164023,37.976925,2020.196112,-71.294,8.478,15.373,1.0
85.1333,128.164044,37.976976,2020.9437864000001,-69.35,8.519,15.306,1.0
85.15,128.164064,37.977027,2021.6923752000002,-67.406,8.543,15.279,1.0
85.1666,128.164084,37.977079,2022.4421832000003,-65.464,8.561,15.266,1.0
85.1833,128.164104,37.97713,2023.1929056000001,-63.53,8.587,15.246,1.0
85.2,128.164125,37.977182,2023.945152,-61.605,8.625,15.212,1.0
85.2166,128.164144,37.977233,2024.699532,-59.681,8.671,15.17,1.0
85.2333,128.164164,37.977285,2025.4575696000002,-57.882,8.717,15.114,1.0
85.25,128.164184,37.977337,2026.2189600000002,-56.2,8.757,15.048,1.0
85.2666,128.164204,37.977388,2026.9837032,-54.608,8.799,14.986,1.0
85.2833,128.164223,37.97744,2027.7511896,-53.082,8.848,14.937,1.0
85.3,128.164243,37.977491,2028.5220288000003,-51.593,8.905,14.9,1.0
85.3166,128.164262,37.977543,2029.295916,-50.107,8.967,14.868,1.0
85.3333,128.164282,37.977595,2030.0765088,-48.659,9.047,14.807,1.0
85.35,128.164301,37.977647,2030.8628928,-47.242,9.166,14.691,1.0
85.3666,128.16432,37.977698,2031.6544584000003,-45.855,9.331,14.524,1.0
85.3833,128.164339,37.97775,2032.45212,-44.497,9.524,14.339,1.0
85.4,128.164358,37.977802,2033.2555728000002,-43.162,9.721,14.166,1.0
85.4166,128.164376,37.977854,2034.0654264000002,-41.833,9.895,14.03,1.0
85.4333,128.164395,37.977905,2034.879852,-40.435,10.019,13.955,1.0
85.45,128.164414,37.977957,2035.6997640000002,-38.963,10.108,13.919,1.0
85.4666,128.164432,37.978009,2036.5263816000001,-37.434,10.185,13.897,1.0
85.4833,128.164451,37.978061,2037.3606192,-35.865,10.272,13.863,1.0
85.5,128.164469,37.978113,2038.2024767999999,-34.275,10.384,13.808,1.0
85.5166,128.164488,37.978165,2039.0522592000002,-32.682,10.512,13.744,1.0
85.5333,128.164506,37.978216,2039.9072232000003,-31.024,10.631,13.697,1.0
85.55,128.164524,37.978268,2040.7679784000002,-29.306,10.72,13.683,1.0
85.5666,128.164542,37.97832,2041.6366584000002,-27.541,10.783,13.688,1.0
85.5833,128.16456,37.978372,2042.5129584000001,-25.74,10.843,13.695,1.0
85.6,128.164578,37.978424,2043.3974880000003,-23.913,10.914,13.693,1.0
85.6166,128.164596,37.978476,2044.2902472,-22.075,10.999,13.684,1.0
85.6333,128.164614,37.978528,2045.1884928,-20.204,11.077,13.683,1.0
85.65,128.164632,37.97858,2046.094968,-18.308,11.141,13.695,1.0
85.6666,128.16465,37.978632,2047.0090632,-16.392,11.197,13.715,1.0
85.6833,128.164668,37.978684,2047.9307784,-14.46,11.255,13.736,1.0
85.7,128.164685,37.978736,2048.8607232000004,-12.513,11.32,13.755,1.0
85.7166,128.164703,37.978788,2049.7985928,-10.558,11.391,13.772,1.0
85.7333,128.164721,37.978839,2050.7465208000003,-8.63,11.466,13.789,1.0
85.75,128.164738,37.978891,2051.7029832000003,-6.732,11.541,13.807,1.0
85.7666,128.164756,37.978943,2052.6670656,-4.859,11.615,13.83,1.0
85.7833,128.164774,37.978995,2053.6396824,-3.001,11.688,13.86,1.0
85.8,128.164791,37.979047,2054.6202240000002,-1.148,11.762,13.895,1.0
85.8166,128.164809,37.979099,2055.6083856,0.709,11.838,13.933,1.0
85.8333,128.164826,37.979151,2056.6069104000003,2.527,11.918,13.97,1.0
85.85,128.164844,37.979203,2057.6145792,4.308,12.001,14.004,1.0
85.8666,128.164862,37.979255,2058.629868,6.06,12.084,14.041,1.0
85.8833,128.164879,37.979306,2059.6536912,7.789,12.165,14.085,1.0
85.9,128.164897,37.979358,2060.6854392,9.505,12.244,14.136,1.0
85.9166,128.164914,37.97941,2061.7245024000003,11.221,12.323,14.193,1.0
85.9333,128.164932,37.979462,2062.7739288000002,12.889,12.4,14.248,1.0
85.95,128.164949,37.979514,2063.8321944,14.514,12.476,14.298,1.0
85.9666,128.164967,37.979566,2064.8980800000004,16.106,12.551,14.349,1.0
85.9833,128.164985,37.979617,2065.9721952,17.672,12.624,14.408,1.0
86.0,128.165002,37.979669,2067.0539304,19.223,12.697,14.475,1.0
86.0166,128.16502,37.979721,2068.142676,20.771,12.769,14.547,1.0
86.0333,128.165038,37.979773,2069.2408704,22.209,12.849,14.616,1.0
86.05,128.165055,37.979824,2070.3482088,23.546,12.939,14.678,1.0
86.0666,128.165073,37.979876,2071.4659104,24.806,13.03,14.742,1.0
86.0833,128.165091,37.979927,2072.5906224,26.005,13.114,14.817,1.0
86.1,128.165109,37.979979,2073.7229544,27.17,13.188,14.902,1.0
86.1166,128.165127,37.980031,2074.8626016000003,28.329,13.259,14.994,1.0
86.1333,128.165145,37.980082,2076.0113928,29.379,13.327,15.073,1.0
86.15,128.165163,37.980134,2077.1687184,30.333,13.397,15.138,1.0
86.1666,128.165181,37.980185,2078.3361024,31.21,13.466,15.202,1.0
86.1833,128.165199,37.980237,2079.5108016000004,32.026,13.532,15.276,1.0
86.2,128.165217,37.980288,2080.6931208,32.802,13.592,15.364,1.0
86.2166,128.165235,37.98034,2081.8827552,33.569,13.65,15.459,1.0
86.2333,128.165253,37.980391,2083.0815336,34.144,13.747,15.56,1.0
86.25,128.165272,37.980442,2084.289456,34.548,13.883,15.664,1.0
86.2666,128.16529,37.980494,2085.5080464000002,34.813,14.029,15.772,1.0
86.2833,128.165309,37.980545,2086.7379144,34.97,14.154,15.887,1.0
86.3,128.165327,37.980596,2087.9754024000003,35.059,14.253,16.009,1.0
86.3166,128.165346,37.980647,2089.2214248,35.131,14.337,16.132,1.0
86.3333,128.165364,37.980698,2090.4741528000004,35.344,14.38,16.233,1.0
86.35,128.165383,37.980749,2091.7320624,35.699,14.359,16.287,1.0
86.3666,128.165402,37.980801,2092.994544,36.156,14.287,16.29,1.0
86.3833,128.165421,37.980852,2094.2628168,36.675,14.196,16.262,1.0
86.4,128.16544,37.980903,2095.5377952,37.215,14.111,16.23,1.0
86.4166,128.165459,37.980954,2096.8188696,37.753,14.059,16.224,1.0
86.4333,128.165478,37.981005,2098.1057352000003,38.025,14.022,16.211,1.0
86.45,128.165497,37.981056,2099.398392,38.048,13.978,16.173,1.0
86.4666,128.165516,37.981107,2100.6980592,37.821,13.91,16.117,1.0
86.4833,128.165535,37.981157,2102.0047368,37.359,13.828,16.062,1.0
86.5,128.165554,37.981208,2103.3187296,36.748,13.745,16.027,1.0
86.5166,128.165574,37.981259,2104.6375992000003,36.067,13.67,16.014,1.0
86.5333,128.165593,37.98131,2105.9634792,35.316,13.609,16.011,1.0
86.55,128.165612,37.981361,2107.2933216,34.528,13.559,16.005,1.0
86.5666,128.165632,37.981411,2108.627736,33.721,13.511,15.994,1.0
86.5833,128.165651,37.981462,2109.9670272000003,32.896,13.462,15.985,1.0
86.6,128.165671,37.981513,2111.3102808000003,32.055,13.413,15.982,1.0
86.6166,128.16569,37.981563,2112.6574968,31.205,13.366,15.986,1.0
86.6333,128.16571,37.981614,2114.0071512,30.407,13.32,15.998,1.0
86.65,128.165729,37.981665,2115.3586344,29.668,13.277,16.014,1.0
86.6666,128.165749,37.981715,2116.7137752000003,28.974,13.239,16.028,1.0
86.6833,128.165769,37.981766,2118.0716592000003,28.309,13.205,16.038,1.0
86.7,128.165788,37.981817,2119.4328960000003,27.654,13.175,16.046,1.0
86.7166,128.165808,37.981867,2120.7971808,26.995,13.147,16.054,1.0
86.7333,128.165828,37.981918,2122.1626848,26.35,13.118,16.068,1.0
86.75,128.165847,37.981968,2123.5312368,25.721,13.089,16.087,1.0
86.7666,128.165867,37.982019,2124.9022272,25.108,13.061,16.107,1.0
86.7833,128.165887,37.982069,2126.2750464,24.51,13.036,16.126,1.0
86.8,128.165907,37.98212,2127.650304,23.923,13.014,16.142,1.0
86.8166,128.165927,37.98217,2129.0280000000002,23.337,12.995,16.156,1.0
86.8333,128.165946,37.982221,2130.4066104000003,23.069,12.967,16.195,1.0
86.85,128.165966,37.982271,2131.7855256,23.092,12.93,16.257,1.0
86.8666,128.165986,37.982322,2133.1632216000003,23.416,12.892,16.321,1.0
86.8833,128.166006,37.982372,2134.5396984,24.043,12.863,16.369,1.0
86.9,128.166026,37.982423,2135.9140416,24.949,12.842,16.4,1.0
86.9166,128.166045,37.982474,2137.2859464000003,26.092,12.824,16.425,1.0
86.9333,128.166065,37.982524,2138.655108,27.433,12.804,16.454,1.0
86.95,128.166085,37.982575,2140.020612,28.917,12.779,16.49,1.0
86.9666,128.166105,37.982625,2141.3827632,30.488,12.754,16.522,1.0
86.9833,128.166125,37.982676,2142.7436952,32.108,12.734,16.546,1.0
87.0,128.166145,37.982727,2144.1027984,33.748,12.719,16.562,1.0
87.0166,128.166164,37.982777,2145.4609872,35.381,12.705,16.574,1.0
87.0333,128.166184,37.982828,2146.8182616000004,36.709,12.7,16.57,1.0
87.05,128.166204,37.982878,2148.175536,37.747,12.703,16.554,1.0
87.0666,128.166224,37.982929,2149.5343344000003,38.568,12.702,16.544,1.0
87.0833,128.166244,37.98298,2150.8949616,39.246,12.687,16.554,1.0
87.1,128.166264,37.98303,2152.2534552,39.861,12.658,16.581,1.0
87.1166,128.166284,37.983081,2153.6107296,40.483,12.627,16.612,1.0
87.1333,128.166304,37.983132,2154.9658704000003,41.297,12.594,16.644,1.0
87.15,128.166324,37.983182,2156.3185728000003,42.296,12.564,16.674,1.0
87.1666,128.166343,37.983233,2157.6679224,43.422,12.54,16.695,1.0
87.1833,128.166363,37.983284,2159.0154432,44.611,12.525,16.708,1.0
87.2,128.166383,37.983334,2160.3623544,45.815,12.513,16.716,1.0
87.2166,128.166403,37.983385,2161.7080464,47.0,12.501,16.724,1.0
87.2333,128.166423,37.983436,2163.0537384,48.13,12.485,16.735,1.0
87.25,128.166443,37.983486,2164.3979064,49.215,12.466,16.747,1.0
87.2666,128.166463,37.983537,2165.7405504000003,50.276,12.446,16.76,1.0
87.2833,128.166483,37.983588,2167.0813656,51.33,12.426,16.772,1.0
87.3,128.166503,37.983638,2168.4206568,52.385,12.406,16.784,1.0
87.3166,128.166523,37.983689,2169.758424,53.443,12.387,16.795,1.0
87.3333,128.166543,37.98374,2171.0931432,54.557,12.365,16.808,1.0
87.35,128.166563,37.98379,2172.4257288000003,55.719,12.34,16.823,1.0
87.3666,128.166583,37.983841,2173.7561808,56.918,12.316,16.836,1.0
87.3833,128.166603,37.983892,2175.0844992,58.142,12.295,16.847,1.0
87.4,128.166623,37.983943,2176.4112936,59.377,12.277,16.855,1.0
87.4166,128.166643,37.983994,2177.7359544,60.612,12.261,16.861,1.0
87.4333,128.166663,37.984044,2179.0584816,61.926,12.237,16.871,1.0
87.45,128.166683,37.984095,2180.3782656,63.312,12.205,16.882,1.0
87.4666,128.166704,37.984146,2181.6950016,64.758,12.172,16.894,1.0
87.4833,128.166724,37.984197,2183.009604,66.248,12.146,16.901,1.0
87.5,128.166744,37.984248,2184.3217680000002,67.765,12.129,16.905,1.0
87.5166,128.166764,37.984298,2185.6321032,69.284,12.115,16.907,1.0
87.5333,128.166784,37.984349,2186.9403048000004,70.89,12.091,16.91,1.0
87.55,128.166804,37.9844,2188.246068,72.573,12.055,16.916,1.0
87.5666,128.166824,37.984451,2189.5487832000003,74.32,12.017,16.92,1.0
87.5833,128.166844,37.984502,2190.8484504000003,76.12,11.988,16.922,1.0
87.6,128.166864,37.984553,2192.145984,77.954,11.969,16.921,1.0
87.6166,128.166884,37.984604,2193.441384,79.793,11.956,16.918,1.0
87.6333,128.166904,37.984655,2194.73526,81.743,11.931,16.915,1.0
87.65,128.166924,37.984706,2196.0266976000003,83.789,11.891,16.912,1.0
87.6666,128.166944,37.984757,2197.315392,85.93,11.847,16.907,1.0
87.6833,128.166964,37.984808,2198.6010384,88.151,11.814,16.9,1.0
87.7,128.166984,37.984859,2199.8842464,90.426,11.794,16.894,1.0
87.7166,128.167004,37.98491,2201.1653208000002,92.717,11.782,16.886,1.0
87.7333,128.167024,37.984961,2202.4454808,95.084,11.763,16.875,1.0
87.75,128.167044,37.985012,2203.723812,97.512,11.731,16.859,1.0
87.7666,128.167064,37.985063,2205.0003144,100.007,11.693,16.84,1.0
87.7833,128.167083,37.985115,2206.2746832000003,102.579,11.66,16.822,1.0
87.8,128.167103,37.985166,2207.5469184000003,105.212,11.638,16.806,1.0
87.8166,128.167123,37.985217,2208.8173248000003,107.875,11.624,16.791,1.0
87.8333,128.167143,37.985268,2210.0874264000004,110.591,11.61,16.773,1.0
87.85,128.167163,37.985319,2211.3566136,113.345,11.59,16.748,1.0
87.8666,128.167183,37.985371,2212.6245816,116.138,11.566,16.719,1.0
87.8833,128.167202,37.985422,2213.8910256,118.978,11.543,16.691,1.0
87.9,128.167222,37.985473,2215.1565552,121.868,11.525,16.664,1.0
87.9166,128.167242,37.985525,2216.4211704,124.803,11.513,16.639,1.0
87.9333,128.167262,37.985576,2217.6848712,127.776,11.492,16.629,1.0
87.95,128.167281,37.985627,2218.9476576,130.778,11.46,16.63,1.0
87.9666,128.167301,37.985679,2220.2095296,133.804,11.423,16.632,1.0
87.9833,128.167321,37.98573,2221.4704872,136.849,11.391,16.628,1.0
88.0,128.16734,37.985782,2222.7302256,139.908,11.367,16.616,1.0
88.0166,128.16736,37.985833,2223.98844,142.974,11.349,16.601,1.0
88.0333,128.16738,37.985885,2225.2426920000003,145.902,11.316,16.611,1.0
88.05,128.1674,37.985936,2226.492372,148.699,11.238,16.661,1.0
88.0666,128.167419,37.985988,2227.735956,151.395,11.077,16.754,1.0
88.0833,128.167439,37.986039,2228.9746632,154.015,10.848,16.863,1.0
88.1,128.167459,37.986091,2230.209408,156.591,10.584,16.966,1.0
88.1166,128.167479,37.986142,2231.4386664000003,159.157,10.323,17.051,1.0
88.1333,128.167499,37.986194,2232.6572568,161.508,10.046,17.15,1.0
88.15,128.167519,37.986245,2233.865484,163.664,9.734,17.271,1.0
88.1666,128.167539,37.986297,2235.0627384,165.658,9.402,17.382,1.0
88.1833,128.167559,37.986348,2236.2474960000004,167.526,9.078,17.457,1.0
88.2,128.167579,37.9864,2237.4228048,169.321,8.778,17.491,1.0
88.2166,128.167599,37.986451,2238.5865312,171.108,8.503,17.501,1.0
88.2333,128.167619,37.986503,2239.7341032,172.855,8.224,17.513,1.0
88.25,128.167639,37.986555,2240.8658256,174.581,7.922,17.535,1.0
88.2666,128.167659,37.986606,2241.9832224,176.281,7.607,17.558,1.0
88.2833,128.16768,37.986658,2243.0853792,177.941,7.298,17.565,1.0
88.3,128.1677,37.98671,2244.172296,179.562,7.01,17.551,1.0
88.3166,128.16772,37.986761,2245.243668,-178.835,6.742,17.52,1.0
88.3333,128.16774,37.986813,2246.2979712,-177.252,6.511,17.481,1.0
88.35,128.167761,37.986865,2247.3367296,-175.671,6.306,17.442,1.0
88.3666,128.167781,37.986917,2248.358724,-174.088,6.11,17.401,1.0
88.3833,128.167801,37.986969,2249.3642592,-172.508,5.908,17.354,1.0
88.4,128.167821,37.98702,2250.3527255999998,-170.934,5.7,17.296,1.0
88.4166,128.167842,37.987072,2251.3247328,-169.364,5.491,17.229,1.0
88.4333,128.167862,37.987124,2252.278452,-167.867,5.298,17.164,1.0
88.45,128.167882,37.987176,2253.2132736,-166.434,5.123,17.104,1.0
88.4666,128.167902,37.987228,2254.130112,-165.051,4.958,17.041,1.0
88.4833,128.167922,37.98728,2255.0304912,-163.706,4.794,16.966,1.0
88.5,128.167943,37.987332,2255.9134968000003,-162.381,4.627,16.879,1.0
88.5166,128.167963,37.987384,2256.7800432,-161.058,4.458,16.784,1.0
88.5333,128.167983,37.987436,2257.6283016,-159.756,4.314,16.697,1.0
88.55,128.168003,37.987488,2258.4607104,-158.47,4.196,16.621,1.0
88.5666,128.168023,37.98754,2259.2763552,-157.2,4.089,16.549,1.0
88.5833,128.168043,37.987592,2260.0755408,-155.947,3.978,16.467,1.0
88.6,128.168062,37.987645,2260.858572,-154.707,3.857,16.373,1.0
88.6166,128.168082,37.987697,2261.6260584,-153.47,3.73,16.27,1.0
88.6333,128.168102,37.987749,2262.3801336,-152.209,3.626,16.175,1.0
88.65,128.168122,37.987801,2263.1201880000003,-150.923,3.557,16.095,1.0
88.6666,128.168141,37.987854,2263.8453072,-149.618,3.506,16.024,1.0
88.6833,128.168161,37.987906,2264.5564056000003,-148.302,3.452,15.95,1.0
88.7,128.168181,37.987958,2265.2534832,-146.981,3.384,15.865,1.0
88.7166,128.1682,37.988011,2265.93654,-145.66,3.304,15.77,1.0
88.7333,128.16822,37.988063,2266.6092336,-144.3,3.242,15.681,1.0
88.75,128.168239,37.988115,2267.2700400000003,-142.904,3.212,15.608,1.0
88.7666,128.168258,37.988168,2267.9183496,-141.479,3.199,15.546,1.0
88.7833,128.168278,37.98822,2268.5553816,-140.033,3.183,15.482,1.0
88.8,128.168297,37.988273,2269.1805264,-138.574,3.153,15.409,1.0
88.8166,128.168316,37.988325,2269.7943936,-137.111,3.111,15.326,1.0
88.8333,128.168335,37.988378,2270.4000312000003,-135.593,3.086,15.25,1.0
88.85,128.168354,37.98843,2270.9965248,-134.026,3.087,15.189,1.0
88.8666,128.168373,37.988483,2271.5832648,-132.422,3.1,15.138,1.0
88.8833,128.168392,37.988536,2272.1611656,-130.788,3.107,15.084,1.0
88.9,128.168411,37.988588,2272.7299224,-129.135,3.1,15.021,1.0
88.9166,128.168429,37.988641,2273.2898400000004,-127.477,3.085,14.95,1.0
88.9333,128.168448,37.988694,2273.843052,-125.736,3.088,14.89,1.0
88.95,128.168467,37.988747,2274.3898632,-123.921,3.115,14.845,1.0
88.9666,128.168486,37.988799,2274.9299688,-122.049,3.15,14.809,1.0
88.9833,128.168504,37.988852,2275.4633688,-120.132,3.176,14.768,1.0
89.0,128.168523,37.988905,2275.990368,-118.186,3.188,14.719,1.0
89.0166,128.168541,37.988958,2276.5106616000003,-116.234,3.192,14.662,1.0
89.0333,128.16856,37.989011,2277.0260784,-114.229,3.207,14.615,1.0
89.05,128.168578,37.989063,2277.5363136,-112.184,3.239,14.582,1.0
89.0666,128.168596,37.989116,2278.0413672,-110.107,3.277,14.555,1.0
89.0833,128.168615,37.989169,2278.541544,-108.001,3.31,14.523,1.0
89.1,128.168633,37.989222,2279.0371488,-105.873,3.334,14.484,1.0
89.1166,128.168651,37.989275,2279.5281816,-103.738,3.353,14.439,1.0
89.1333,128.16867,37.989328,2280.0143376,-101.732,3.363,14.399,1.0
89.15,128.168688,37.989381,2280.4956168,-99.858,3.368,14.367,1.0
89.1666,128.168706,37.989434,2280.9717144,-98.09,3.38,14.337,1.0
89.1833,128.168724,37.989487,2281.44324,-96.394,3.405,14.303,1.0
89.2,128.168742,37.98954,2281.9111080000002,-94.734,3.44,14.264,1.0
89.2166,128.16876,37.989593,2282.3756232,-93.071,3.478,14.222,1.0
89.2333,128.168778,37.989647,2282.8367856,-91.337,3.515,14.184,1.0
89.25,128.168795,37.9897,2283.2952048,-89.535,3.55,14.153,1.0
89.2666,128.168813,37.989753,2283.7502712,-87.69,3.581,14.125,1.0
89.2833,128.168831,37.989806,2284.2025944,-85.828,3.609,14.096,1.0
89.3,128.168849,37.989859,2284.6515648,-83.966,3.638,14.064,1.0
89.3166,128.168867,37.989912,2285.0980968000003,-82.114,3.668,14.032,1.0
89.3333,128.168884,37.989966,2285.5428,-80.407,3.691,13.988,1.0
89.35,128.168902,37.990019,2285.9853696,-78.833,3.708,13.935,1.0
89.3666,128.168919,37.990072,2286.425196,-77.359,3.729,13.879,1.0
89.3833,128.168937,37.990125,2286.862584,-75.957,3.761,13.831,1.0
89.4,128.168954,37.990179,2287.2981432,-74.591,3.803,13.79,1.0
89.4166,128.168972,37.990232,2287.7318736,-73.227,3.849,13.754,1.0
89.4333,128.168989,37.990285,2288.165604,-71.924,3.891,13.702,1.0
89.45,128.169006,37.990339,2288.59842,-70.675,3.925,13.632,1.0
89.4666,128.169023,37.990392,2289.0300168,-69.476,3.959,13.558,1.0
89.4833,128.16904,37.990446,2289.4600896,-68.324,3.999,13.492,1.0
89.5,128.169058,37.990499,2289.8892480000004,-67.207,4.046,13.439,1.0
89.5166,128.169075,37.990552,2290.317492,-66.103,4.097,13.393,1.0
89.5333,128.169091,37.990606,2290.7478696000003,-65.148,4.145,13.323,1.0
89.55,128.169108,37.990659,2291.1788568,-64.327,4.188,13.225,1.0
89.5666,128.169125,37.990713,2291.6101488,-63.61,4.233,13.12,1.0
89.5833,128.169142,37.990766,2292.041136,-62.978,4.288,13.029,1.0
89.6,128.169158,37.99082,2292.472428,-62.398,4.351,12.958,1.0
89.6166,128.169175,37.990873,2292.9043296,-61.828,4.418,12.899,1.0
89.6333,128.169191,37.990927,2293.3392792,-61.279,4.484,12.828,1.0
89.65,128.169208,37.990981,2293.7754480000003,-60.74,4.546,12.739,1.0
89.6666,128.169224,37.991034,2294.212836,-60.214,4.607,12.643,1.0
89.6833,128.16924,37.991088,2294.6514432,-59.712,4.668,12.552,1.0
89.7,128.169256,37.991141,2295.0912696,-59.237,4.731,12.473,1.0
89.7166,128.169272,37.991195,2295.5329248000003,-58.777,4.797,12.403,1.0
89.7333,128.169288,37.991249,2295.9742752,-58.105,4.869,12.357,1.0
89.75,128.169304,37.991302,2296.41654,-57.23,4.945,12.329,1.0
89.7666,128.16932,37.991356,2296.8606336,-56.146,5.016,12.303,1.0
89.7833,128.169336,37.99141,2297.305032,-54.856,5.08,12.268,1.0
89.8,128.169352,37.991464,2297.7494304,-53.381,5.138,12.224,1.0
89.8166,128.169368,37.991517,2298.1935240000003,-51.804,5.194,12.178,1.0
89.8333,128.169384,37.991571,2298.6357888000002,-50.09,5.233,12.164,1.0
89.85,128.169399,37.991625,2299.0762248,-48.253,5.235,12.211,1.0
89.8666,128.169415,37.991679,2299.5160512,-46.298,5.21,12.296,1.0
89.8833,128.169431,37.991733,2299.9549632,-44.222,5.174,12.388,1.0
89.9,128.169447,37.991786,2300.3935704,-42.031,5.15,12.458,1.0
89.9166,128.169462,37.99184,2300.8312632,-39.734,5.144,12.502,1.0
89.9333,128.169478,37.991894,2301.2710896,-37.508,5.179,12.492,1.0
89.95,128.169494,37.991948,2301.7136592,-35.392,5.283,12.413,1.0
89.9666,128.16951,37.992002,2302.158972,-33.378,5.438,12.301,1.0
89.9833,128.169525,37.992056,2302.6079424000004,-31.451,5.62,12.191,1.0
90.0,128.169541,37.99211,2303.0614848,-29.576,5.801,12.106,1.0
90.0166,128.169556,37.992164,2303.5174656,-27.714,5.943,12.059,1.0
90.0333,128.169572,37.992218,2303.9749704,-25.739,6.014,12.063,1.0
90.05,128.169587,37.992272,2304.4352184000004,-23.649,6.037,12.097,1.0
90.0666,128.169603,37.992326,2304.8969904,-21.444,6.039,12.137,1.0
90.0833,128.169618,37.99238,2305.3599816,-19.131,6.051,12.168,1.0
90.1,128.169633,37.992434,2305.8263256,-16.721,6.101,12.184,1.0
90.1166,128.169649,37.992488,2306.2941936,-14.224,6.179,12.194,1.0
90.1333,128.169664,37.992542,2306.7681576,-11.774,6.293,12.19,1.0
90.15,128.16968,37.992596,2307.2469984,-9.39,6.424,12.176,1.0
90.1666,128.169695,37.99265,2307.7319352,-7.069,6.547,12.167,1.0
90.1833,128.16971,37.992704,2308.2238824,-4.801,6.651,12.174,1.0
90.2,128.169726,37.992758,2308.7207064,-2.567,6.739,12.198,1.0
90.2166,128.169741,37.992812,2309.2236264000003,-0.34,6.822,12.234,1.0
90.2333,128.169756,37.992866,2309.7363,1.576,6.934,12.246,1.0
90.25,128.169772,37.99292,2310.2587272,3.211,7.109,12.233,1.0
90.2666,128.169787,37.992974,2310.7936512,4.626,7.379,12.23,1.0
90.2833,128.169802,37.993028,2311.341072,5.875,7.706,12.265,1.0
90.3,128.169817,37.993083,2311.9012944,7.03,8.05,12.34,1.0
90.3166,128.169833,37.993137,2312.47188,8.171,8.375,12.434,1.0
90.3333,128.169848,37.993191,2313.0528288,9.456,8.644,12.529,1.0
90.35,128.169863,37.993245,2313.6435312000003,10.894,8.837,12.61,1.0
90.3666,128.169879,37.993299,2314.2439872,12.442,8.985,12.676,1.0
90.3833,128.169894,37.993353,2314.8566352000003,14.049,9.121,12.735,1.0
90.4,128.16991,37.993407,2315.4823896000003,15.669,9.276,12.801,1.0
90.4166,128.169925,37.99346,2316.120336,17.28,9.454,12.884,1.0
90.4333,128.169941,37.993514,2316.7677312,18.984,9.619,12.982,1.0
90.45,128.169956,37.993568,2317.4245752,20.783,9.736,13.083,1.0
90.4666,128.169972,37.993622,2318.0896488000003,22.664,9.81,13.171,1.0
90.4833,128.169987,37.993676,2318.766,24.609,9.871,13.248,1.0
90.5,128.170003,37.99373,2319.4527144,26.597,9.944,13.324,1.0
90.5166,128.170019,37.993784,2320.149792,28.598,10.034,13.41,1.0
90.5333,128.170035,37.993838,2320.8593664000005,30.529,10.149,13.51,1.0
90.55,128.17005,37.993891,2321.5805232000002,32.384,10.277,13.624,1.0
90.5666,128.170066,37.993945,2322.3126528000003,34.184,10.397,13.745,1.0
90.5833,128.170082,37.993999,2323.054536,35.948,10.501,13.87,1.0
90.6,128.170099,37.994053,2323.805868,37.701,10.591,13.998,1.0
90.6166,128.170115,37.994106,2324.5666488,39.46,10.675,14.129,1.0
90.6333,128.170131,37.99416,2325.339012,41.14,10.783,14.275,1.0
90.65,128.170147,37.994214,2326.1217384,42.749,10.917,14.436,1.0
90.6666,128.170164,37.994267,2326.9160472,44.296,11.054,14.607,1.0
90.6833,128.170181,37.994321,2327.7195,45.792,11.173,14.781,1.0
90.7,128.170197,37.994374,2328.5320968,47.254,11.27,14.955,1.0
90.7166,128.170214,37.994428,2329.3535328000003,48.71,11.353,15.13,1.0
90.7333,128.170231,37.994481,2330.1850272,50.11,11.439,15.306,1.0
90.75,128.170248,37.994535,2331.0262752000003,51.467,11.533,15.484,1.0
90.7666,128.170266,37.994588,2331.8760576,52.789,11.629,15.667,1.0
90.7833,128.170283,37.994641,2332.734984,54.078,11.716,15.854,1.0
90.8,128.1703,37.994694,2333.6018352,55.343,11.79,16.045,1.0
90.8166,128.170318,37.994748,2334.4766112,56.6,11.854,16.238,1.0
90.8333,128.170336,37.994801,2335.3571784,57.895,11.891,16.403,1.0
90.85,128.170354,37.994854,2336.2438416,59.236,11.905,16.539,1.0
90.8666,128.170372,37.994907,2337.1372104,60.615,11.914,16.666,1.0
90.8833,128.17039,37.99496,2338.0363704,62.024,11.93,16.804,1.0
90.9,128.170408,37.995013,2338.9416264,63.448,11.953,16.958,1.0
90.9166,128.170426,37.995066,2339.8526736,64.876,11.978,17.124,1.0
90.9333,128.170445,37.995119,2340.7682928,66.474,11.975,17.275,1.0
90.95,128.170464,37.995172,2341.6875696,68.227,11.93,17.382,1.0
90.9666,128.170482,37.995225,2342.6086752,70.105,11.866,17.446,1.0
90.9833,128.170501,37.995278,2343.5316096,72.083,11.811,17.496,1.0
91.0,128.17052,37.995331,2344.457592,74.129,11.777,17.564,1.0
91.0166,128.170539,37.995384,2345.3860128,76.197,11.756,17.659,1.0
91.0333,128.170558,37.995437,2346.3165672,78.406,11.716,17.755,1.0
91.05,128.170577,37.995489,2347.2486456,80.73,11.646,17.819,1.0
91.0666,128.170597,37.995542,2348.1804192,83.179,11.559,17.834,1.0
91.0833,128.170616,37.995595,2349.1112784,85.769,11.475,17.826,1.0
91.1,128.170635,37.995648,2350.0418328,88.475,11.405,17.829,1.0
91.1166,128.170655,37.995701,2350.9720824,91.25,11.348,17.859,1.0
91.1333,128.170674,37.995754,2351.902332,94.14,11.287,17.884,1.0
91.15,128.170694,37.995806,2352.8328864,97.115,11.218,17.871,1.0
91.1666,128.170713,37.995859,2353.7628312,100.16,11.145,17.83,1.0
91.1833,128.170733,37.995912,2354.691252,103.266,11.075,17.79,1.0
91.2,128.170753,37.995965,2355.6181488,106.424,11.011,17.772,1.0
91.2166,128.170772,37.996018,2356.5441312000003,109.614,10.95,17.777,1.0
91.2333,128.170792,37.996071,2357.4685896,112.795,10.887,17.801,1.0
91.25,128.170812,37.996124,2358.3921336,115.947,10.82,17.833,1.0
91.2666,128.170832,37.996176,2359.315068,119.064,10.748,17.861,1.0
91.2833,128.170852,37.996229,2360.2370880000003,122.156,10.67,17.882,1.0
91.3,128.170871,37.996282,2361.1588032,125.237,10.589,17.9,1.0
91.3166,128.170891,37.996335,2362.0792992,128.323,10.505,17.918,1.0
91.3333,128.170911,37.996388,2362.9958328000002,131.056,10.421,17.989,1.0
91.35,128.170931,37.996441,2363.9087088,133.458,10.309,18.136,1.0
91.3666,128.170951,37.996494,2364.8191464,135.59,10.13,18.338,1.0
91.3833,128.170971,37.996546,2365.7256216,137.511,9.884,18.541,1.0
91.4,128.170991,37.996599,2366.6269152000004,139.309,9.599,18.716,1.0
91.4166,128.171012,37.996652,2367.5239416,141.09,9.319,18.857,1.0
91.4333,128.171032,37.996705,2368.4109096,142.739,9.06,19.003,1.0
91.45,128.171052,37.996758,2369.2890384,144.284,8.821,19.172,1.0
91.4666,128.171073,37.996811,2370.1586328000003,145.724,8.582,19.342,1.0
91.4833,128.171093,37.996864,2371.0199976,147.044,8.333,19.486,1.0
91.5,128.171114,37.996916,2371.8737424,148.271,8.073,19.596,1.0
91.5166,128.171135,37.996969,2372.718648,149.465,7.811,19.682,1.0
91.5333,128.171156,37.997022,2373.5531904,150.65,7.589,19.745,1.0
91.55,128.171176,37.997075,2374.379808,151.849,7.44,19.781,1.0
91.5666,128.171197,37.997128,2375.1969768,153.056,7.337,19.8,1.0
91.5833,128.171218,37.99718,2376.0046968,154.248,7.244,19.811,1.0
91.6,128.171239,37.997233,2376.8026632,155.411,7.126,19.822,1.0
91.6166,128.171261,37.997286,2377.590876,156.556,6.973,19.838,1.0
91.6333,128.171282,37.997339,2378.3672016,157.457,6.828,19.871,1.0
91.65,128.171303,37.997392,2379.1322496,158.142,6.724,19.911,1.0
91.6666,128.171324,37.997445,2379.8869344,158.652,6.68,19.925,1.0
91.6833,128.171346,37.997497,2380.631256,159.024,6.718,19.882,1.0
91.7,128.171367,37.99755,2381.3682624000003,159.316,6.803,19.795,1.0
91.7166,128.171388,37.997603,2382.0970392000004,159.6,6.904,19.691,1.0
91.7333,128.17141,37.997656,2382.8194152,160.171,6.985,19.58,1.0
91.75,128.171431,37.997708,2383.5356952,161.023,7.014,19.485,1.0
91.7666,128.171453,37.997761,2384.2467936000003,162.16,6.997,19.416,1.0
91.7833,128.171474,37.997814,2384.954844,163.563,6.967,19.368,1.0
91.8,128.171496,37.997867,2385.6610656000003,165.164,6.951,19.327,1.0
91.8166,128.171518,37.99792,2386.3657632,166.859,6.954,19.289,1.0
91.8333,128.171539,37.997973,2387.0658888000003,168.577,6.968,19.252,1.0
91.85,128.171561,37.998025,2387.762052,170.279,6.976,19.215,1.0
91.8666,128.171582,37.998078,2388.4542528,171.958,6.974,19.179,1.0
91.8833,128.171604,37.998131,2389.1437104,173.619,6.962,19.142,1.0
91.9,128.171626,37.998184,2389.8304248,175.274,6.949,19.105,1.0
91.9166,128.171648,37.998237,2390.514396,176.929,6.937,19.07,1.0
91.9333,128.171669,37.99829,2391.1934904,178.241,6.928,19.066,1.0
91.95,128.171691,37.998343,2391.8680128,179.232,6.919,19.091,1.0
91.9666,128.171713,37.998395,2392.5370488000003,179.875,6.907,19.116,1.0
91.9833,128.171734,37.998448,2393.1999888,-179.84,6.892,19.119,1.0
92.0,128.171756,37.998501,2393.8559184,-179.887,6.875,19.1,1.0
92.0166,128.171778,37.998554,2394.5045328,179.789,6.856,19.076,1.0
92.0333,128.1718,37.998607,2395.1449176,179.262,6.836,19.06,1.0
92.05,128.171822,37.99866,2395.776768,178.623,6.815,19.05,1.0
92.0666,128.171843,37.998713,2396.4037416,177.925,6.793,19.035,1.0
92.0833,128.171865,37.998766,2397.0252288,177.195,6.771,19.009,1.0
92.1,128.171887,37.998818,2397.6412296000003,176.46,6.747,18.976,1.0
92.1166,128.171909,37.998871,2398.2520488,175.745,6.721,18.944,1.0
92.1333,128.171931,37.998924,2398.8601248,175.181,6.693,18.909,1.0
92.15,128.171953,37.998977,2399.4651528000004,174.753,6.664,18.871,1.0
92.1666,128.171975,37.99903,2400.0677424,174.419,6.635,18.838,1.0
92.1833,128.171996,37.999083,2400.6645408,174.141,6.606,18.815,1.0
92.2,128.172018,37.999136,2401.2561576,173.882,6.577,18.802,1.0
92.2166,128.17204,37.999189,2401.8428976,173.611,6.547,18.791,1.0
92.2333,128.172062,37.999241,2402.4275039999998,173.629,6.514,18.748,1.0
92.25,128.172084,37.999294,2403.009672,173.913,6.479,18.674,1.0
92.2666,128.172106,37.999347,2403.5897064,174.493,6.444,18.599,1.0
92.2833,128.172128,37.9994,2404.1688264000004,175.385,6.412,18.546,1.0
92.3,128.17215,37.999453,2404.7482512,176.568,6.38,18.517,1.0
92.3166,128.172172,37.999506,2405.3279808,177.985,6.349,18.495,1.0
92.3333,128.172194,37.999559,2405.9043576,179.223,6.32,18.497,1.0
92.35,128.172216,37.999612,2406.4786008,-179.784,6.292,18.522,1.0
92.3666,128.172238,37.999665,2407.0494912000004,-179.016,6.263,18.543,1.0
92.3833,128.17226,37.999718,2407.6158096000004,-178.423,6.236,18.535,1.0
92.4,128.172282,37.999771,2408.1784704,-177.925,6.209,18.498,1.0
92.4166,128.172304,37.999823,2408.7402168,-177.43,6.183,18.451,1.0
92.4333,128.172326,37.999876,2409.3001344000004,-176.845,6.157,18.414,1.0
92.45,128.172348,37.999929,2409.8597472,-176.163,6.13,18.394,1.0
92.4666,128.17237,37.999982,2410.416312,-175.428,6.103,18.387,1.0
92.4833,128.172392,38.000035,2410.969524,-174.693,6.075,18.381,1.0
92.5,128.172414,38.000088,2411.5196880000003,-173.988,6.048,18.368,1.0
92.5166,128.172436,38.000141,2412.0674136000002,-173.316,6.022,18.347,1.0
92.5333,128.172458,38.000194,2412.6145296,-172.588,5.998,18.319,1.0
92.55,128.17248,38.000247,2413.1613408000003,-171.788,5.976,18.29,1.0
92.5666,128.172502,38.0003,2413.706628,-170.926,5.953,18.266,1.0
92.5833,128.172524,38.000353,2414.2494768,-170.025,5.929,18.252,1.0
92.6,128.172546,38.000406,2414.7898872,-169.114,5.903,18.243,1.0
92.6166,128.172568,38.000459,2415.3275544000003,-168.216,5.878,18.233,1.0
92.6333,128.17259,38.000512,2415.8612592,-167.469,5.85,18.244,1.0
92.65,128.172612,38.000565,2416.3903920000002,-166.861,5.817,18.276,1.0
92.6666,128.172634,38.000618,2416.9134288,-166.374,5.785,18.306,1.0
92.6833,128.172656,38.000671,2417.4334176,-165.991,5.757,18.316,1.0
92.7,128.172678,38.000724,2417.950968,-165.668,5.735,18.306,1.0
92.7166,128.1727,38.000777,2418.4666896,-165.343,5.714,18.288,1.0
92.7333,128.172722,38.00083,2418.9814968,-164.933,5.691,18.277,1.0
92.75,128.172744,38.000883,2419.4953896,-164.434,5.664,18.278,1.0
92.7666,128.172766,38.000936,2420.0056248,-163.884,5.634,18.288,1.0
92.7833,128.172788,38.000989,2420.5131168000003,-163.327,5.603,18.3,1.0
92.8,128.17281,38.001043,2421.017256,-162.79,5.574,18.307,1.0
92.8166,128.172832,38.001096,2421.518652,-162.276,5.547,18.309,1.0
92.8333,128.172854,38.001149,2422.0145616,-162.066,5.501,18.33,1.0
92.85,128.172876,38.001202,2422.5055944,-162.13,5.435,18.374,1.0
92.8666,128.172898,38.001255,2422.9896168,-162.488,5.363,18.42,1.0
92.8833,128.17292,38.001308,2423.4666288000003,-163.154,5.3,18.45,1.0
92.9,128.172942,38.001361,2423.935716,-164.106,5.249,18.462,1.0
92.9166,128.172964,38.001414,2424.3962688,-165.297,5.203,18.468,1.0
92.9333,128.172986,38.001467,2424.8473728000004,-166.679,5.132,18.477,1.0
92.95,128.173008,38.00152,2425.2878088,-168.226,5.033,18.495,1.0
92.9666,128.17303,38.001573,2425.7172720000003,-169.938,4.923,18.519,1.0
92.9833,128.173052,38.001626,2426.134848,-171.819,4.821,18.54,1.0
93.0,128.173074,38.001679,2426.5420608,-173.859,4.732,18.556,1.0
93.0166,128.173096,38.001733,2426.937996,-176.037,4.652,18.569,1.0
93.0333,128.173117,38.001786,2427.3217392,-178.326,4.548,18.585,1.0
93.05,128.173139,38.001839,2427.6929856,179.288,4.396,18.61,1.0
93.0666,128.173161,38.001892,2428.0523448000004,176.815,4.214,18.642,1.0
93.0833,128.173183,38.001945,2428.4016456,174.281,4.035,18.676,1.0
93.1,128.173205,38.001998,2428.7399736,171.713,3.877,18.707,1.0
93.1166,128.173227,38.002051,2429.0679384,169.143,3.74,18.735,1.0
93.1333,128.173249,38.002104,2429.38554,166.836,3.588,18.753,1.0
93.15,128.173271,38.002157,2429.6927784,164.788,3.393,18.773,1.0
93.1666,128.173293,38.00221,2429.9899584000004,162.943,3.156,18.821,1.0
93.1833,128.173315,38.002263,2430.2779944000004,161.237,2.913,18.904,1.0
93.2,128.173337,38.002316,2430.5526192,159.594,2.692,19.009,1.0
93.2166,128.173359,38.002369,2430.815052,157.941,2.498,19.117,1.0
93.2333,128.173381,38.002422,2431.0677312000003,156.457,2.288,19.208,1.0
93.25,128.173403,38.002475,2431.308828,155.129,2.041,19.287,1.0
93.2666,128.173425,38.002528,2431.5386472,153.944,1.78,19.377,1.0
93.2833,128.173447,38.002581,2431.7571888,152.886,1.536,19.489,1.0
93.3,128.17347,38.002634,2431.9617096,151.911,1.326,19.621,1.0
93.3166,128.173492,38.002687,2432.1528192,150.947,1.141,19.759,1.0
93.3333,128.173514,38.00274,2432.3344800000004,150.07,0.974,19.87,1.0
93.35,128.173537,38.002793,2432.505168,149.256,0.815,19.949,1.0
93.3666,128.173559,38.002846,2432.6639688,148.503,0.657,20.021,1.0
93.3833,128.173582,38.002898,2432.8090536,147.823,0.503,20.106,1.0
93.4,128.173605,38.002951,2432.941032,147.203,0.355,20.213,1.0
93.4166,128.173627,38.003004,2433.059904,146.605,0.214,20.331,1.0
93.4333,128.17365,38.003057,2433.169632,146.053,0.098,20.424,1.0
93.45,128.173673,38.00311,2433.2683872000002,145.526,0.004,20.482,1.0
93.4666,128.173696,38.003163,2433.354036,145.025,-0.08,20.526,1.0
93.4833,128.173719,38.003215,2433.4277976000003,144.562,-0.168,20.581,1.0
93.5,128.173742,38.003268,2433.4890624,144.134,-0.262,20.654,1.0
93.5166,128.173766,38.003321,2433.5378304,143.723,-0.36,20.741,1.0
93.5333,128.173789,38.003374,2433.5786736,143.442,-0.445,20.803,1.0
93.55,128.173812,38.003426,2433.6103728000003,143.27,-0.495,20.817,1.0
93.5666,128.173836,38.003479,2433.6347568,143.187,-0.475,20.775,1.0
93.5833,128.173859,38.003532,2433.6487776000004,143.18,-0.389,20.699,1.0
93.6,128.173883,38.003584,2433.6542640000002,143.222,-0.266,20.615,1.0
93.6166,128.173906,38.003637,2433.6509112,143.275,-0.141,20.539,1.0
93.6333,128.17393,38.00369,2433.6426816000003,143.545,-0.063,20.471,1.0
93.65,128.173954,38.003742,2433.6280512000003,144.011,-0.051,20.417,1.0
93.6666,128.173977,38.003795,2433.6079344,144.637,-0.068,20.382,1.0
93.6833,128.174001,38.003848,2433.5829408,145.396,-0.074,20.366,1.0
93.7,128.174025,38.0039,2433.5509368000003,146.235,-0.051,20.363,1.0
93.7166,128.174049,38.003953,2433.5134464000002,147.086,-0.011,20.363,1.0
93.7333,128.174072,38.004006,2433.468336,147.625,0.019,20.39,1.0
93.75,128.174096,38.004058,2433.4149960000004,147.861,0.003,20.455,1.0
93.7666,128.17412,38.004111,2433.354036,147.792,-0.056,20.536,1.0
93.7833,128.174144,38.004164,2433.2845416,147.433,-0.134,20.61,1.0
93.8,128.174168,38.004216,2433.2059032,146.897,-0.204,20.662,1.0
93.8166,128.174192,38.004269,2433.1190352000003,146.294,-0.261,20.692,1.0
93.8333,128.174217,38.004321,2433.0205848,145.514,-0.297,20.727,1.0
93.85,128.174241,38.004374,2432.9111616,144.6,-0.323,20.78,1.0
93.8666,128.174265,38.004426,2432.7919848,143.586,-0.355,20.843,1.0
93.8833,128.174289,38.004479,2432.6654928,142.49,-0.4,20.9,1.0
93.9,128.174314,38.004531,2432.531076,141.342,-0.458,20.942,1.0
93.9166,128.174338,38.004584,2432.3887344,140.188,-0.518,20.977,1.0
93.9333,128.174363,38.004636,2432.23542,138.899,-0.553,21.018,1.0
93.95,128.174387,38.004689,2432.0729616000003,137.499,-0.561,21.073,1.0
93.9666,128.174412,38.004741,2431.9010544000002,135.965,-0.562,21.134,1.0
93.9833,128.174437,38.004793,2431.7200032,134.278,-0.574,21.19,1.0
94.0,128.174462,38.004846,2431.5285888000003,132.439,-0.601,21.239,1.0
94.0166,128.174487,38.004898,2431.3277256,130.477,-0.635,21.283,1.0
94.0333,128.174512,38.00495,2431.116804,128.425,-0.684,21.353,1.0
94.05,128.174537,38.005002,2430.8961288,126.3,-0.74,21.453,1.0
94.0666,128.174562,38.005054,2430.6678336,124.128,-0.794,21.564,1.0
94.0833,128.174587,38.005106,2430.4322232000004,121.921,-0.844,21.664,1.0
94.1,128.174613,38.005158,2430.1892976,119.691,-0.89,21.75,1.0
94.1166,128.174638,38.005211,2429.9393616,117.459,-0.932,21.827,1.0
94.1333,128.174664,38.005262,2429.6839392,115.569,-1.006,21.915,1.0
94.15,128.174689,38.005314,2429.422116,114.008,-1.121,22.046,1.0
94.1666,128.174715,38.005366,2429.1529776,112.704,-1.247,22.236,1.0
94.1833,128.174741,38.005418,2428.8768288,111.578,-1.347,22.46,1.0
94.2,128.174767,38.00547,2428.5948888000003,110.536,-1.408,22.681,1.0
94.2166,128.174793,38.005522,2428.3074624,109.482,-1.446,22.877,1.0
94.2333,128.174819,38.005574,2428.0166832,108.545,-1.506,23.064,1.0
94.25,128.174846,38.005626,2427.7216368000004,107.71,-1.605,23.271,1.0
94.2666,128.174872,38.005677,2427.41958,106.976,-1.727,23.537,1.0
94.2833,128.174899,38.005729,2427.1111224,106.348,-1.846,23.866,1.0
94.3,128.174926,38.005781,2426.796264,105.798,-1.942,24.223,1.0
94.3166,128.174952,38.005832,2426.4759192,105.27,-2.017,24.567,1.0
94.3333,128.174979,38.005884,2426.1534408,105.045,-2.117,24.87,1.0
94.35,128.175007,38.005935,2425.8263904,105.082,-2.253,25.135,1.0
94.3666,128.175034,38.005987,2425.49172,105.341,-2.39,25.387,1.0
94.3833,128.175061,38.006038,2425.1500392000003,105.79,-2.498,25.644,1.0
94.4,128.175089,38.006089,2424.8022624,106.36,-2.569,25.912,1.0
94.4166,128.175117,38.006141,2424.4489992000003,106.954,-2.624,26.181,1.0
94.4333,128.175145,38.006192,2424.0948216,107.735,-2.714,26.397,1.0
94.45,128.175173,38.006243,2423.7363768,108.669,-2.839,26.522,1.0
94.4666,128.175201,38.006294,2423.3712264,109.805,-2.961,26.562,1.0
94.4833,128.175229,38.006345,2422.9987608,111.161,-3.048,26.566,1.0
94.5,128.175257,38.006397,2422.6208088,112.685,-3.102,26.574,1.0
94.5166,128.175285,38.006448,2422.2361512,114.291,-3.142,26.617,1.0
94.5333,128.175314,38.006499,2421.8484456,116.017,-3.209,26.697,1.0
94.55,128.175343,38.00655,2421.456168,117.806,-3.313,26.789,1.0
94.5666,128.175371,38.006601,2421.05688,119.635,-3.433,26.873,1.0
94.5833,128.1754,38.006652,2420.6502768,121.515,-3.547,26.945,1.0
94.6,128.175429,38.006703,2420.2363584000004,123.446,-3.644,27.011,1.0
94.6166,128.175458,38.006754,2419.8151248,125.408,-3.734,27.078,1.0
94.6333,128.175487,38.006805,2419.3847472,127.175,-3.83,27.18,1.0
94.65,128.175516,38.006856,2418.9449208,128.738,-3.963,27.339,1.0
94.6666,128.175545,38.006906,2418.4959504000003,130.134,-4.139,27.529,1.0
94.6833,128.175575,38.006957,2418.0366168,131.416,-4.346,27.713,1.0
94.7,128.175605,38.007008,2417.568444,132.647,-4.556,27.867,1.0
94.7166,128.175634,38.007059,2417.0902128000002,133.886,-4.749,27.988,1.0
94.7333,128.175664,38.007109,2416.5979608,134.937,-4.925,28.124,1.0
94.75,128.175694,38.00716,2416.0922976,135.812,-5.105,28.303,1.0
94.7666,128.175724,38.00721,2415.573528,136.529,-5.334,28.526,1.0
94.7833,128.175754,38.007261,2415.0407376000003,137.112,-5.612,28.76,1.0
94.8,128.175784,38.007311,2414.4954504,137.61,-5.914,28.977,1.0
94.8166,128.175815,38.007361,2413.9361424000003,138.091,-6.204,29.159,1.0
94.8333,128.175845,38.007412,2413.3603752000004,138.587,-6.491,29.347,1.0
94.85,128.175876,38.007462,2412.7690632,139.114,-6.781,29.557,1.0
94.8666,128.175907,38.007512,2412.1619016000004,139.653,-7.075,29.78,1.0
94.8833,128.175938,38.007562,2411.5382808,140.179,-7.365,29.996,1.0
94.9,128.175969,38.007612,2410.8985056,140.677,-7.647,30.191,1.0
94.9166,128.176,38.007662,2410.2416616,141.152,-7.923,30.366,1.0
94.9333,128.176031,38.007712,2409.5637864,141.503,-8.197,30.556,1.0
94.95,128.176063,38.007761,2408.8660992,141.75,-8.474,30.768,1.0
94.9666,128.176095,38.007811,2408.1482952,141.913,-8.752,30.985,1.0
94.9833,128.176126,38.00786,2407.4125080000003,142.004,-9.03,31.187,1.0
95.0,128.176158,38.00791,2406.6572136,142.047,-9.306,31.366,1.0
95.0166,128.17619,38.007959,2405.8827168000003,142.076,-9.576,31.53,1.0
95.0333,128.176222,38.008009,2405.0856648,142.091,-9.826,31.695,1.0
95.05,128.176255,38.008058,2404.2691056,142.102,-10.056,31.868,1.0
95.0666,128.176287,38.008107,2403.43182,142.098,-10.278,32.046,1.0
95.0833,128.17632,38.008156,2402.5747224,142.062,-10.504,32.22,1.0
95.1,128.176352,38.008205,2401.6972032,141.99,-10.736,32.388,1.0
95.1166,128.176385,38.008254,2400.7995672,141.899,-10.971,32.548,1.0
95.1333,128.176418,38.008302,2399.8796808,141.786,-11.207,32.712,1.0
95.15,128.176451,38.008351,2398.9396776000003,141.663,-11.441,32.882,1.0
95.1666,128.176485,38.008399,2397.9789480000004,141.537,-11.67,33.055,1.0
95.1833,128.176518,38.008448,2396.9971872,141.402,-11.895,33.227,1.0
95.2,128.176552,38.008496,2395.9950048,141.256,-12.118,33.394,1.0
95.2166,128.176585,38.008544,2394.9720960000004,141.101,-12.339,33.557,1.0
95.2333,128.176619,38.008592,2393.9293752000003,140.97,-12.572,33.726,1.0
95.25,128.176653,38.00864,2392.8665376000004,140.867,-12.817,33.901,1.0
95.2666,128.176687,38.008688,2391.782364,140.79,-13.062,34.08,1.0
95.2833,128.176722,38.008736,2390.6771592,140.732,-13.299,34.259,1.0
95.3,128.176756,38.008784,2389.5509232000004,140.685,-13.526,34.435,1.0
95.3166,128.17679,38.008831,2388.4036560000004,140.637,-13.747,34.607,1.0
95.3333,128.176825,38.008879,2387.2396248,140.83,-13.961,34.718,1.0
95.35,128.17686,38.008926,2386.0576104,141.251,-14.143,34.748,1.0
95.3666,128.176895,38.008974,2384.8576128,141.936,-14.247,34.702,1.0
95.3833,128.17693,38.009021,2383.6414608,142.909,-14.242,34.594,1.0
95.4,128.176965,38.009068,2382.4109832000004,144.148,-14.158,34.454,1.0
95.4166,128.177,38.009115,2381.167704,145.603,-14.034,34.3,1.0
95.4333,128.177035,38.009162,2379.9137568,147.247,-13.885,34.127,1.0
95.45,128.17707,38.009209,2378.6497512,149.057,-13.743,33.948,1.0
95.4666,128.177106,38.009256,2377.3766016000004,151.027,-13.626,33.783,1.0
95.4833,128.177141,38.009303,2376.0955272,153.163,-13.536,33.642,1.0
95.5,128.177176,38.00935,2374.8062232,155.463,-13.46,33.524,1.0
95.5166,128.177212,38.009397,2373.5102136,157.917,-13.386,33.421,1.0
95.5333,128.177247,38.009444,2372.2081080000003,160.505,-13.315,33.327,1.0
95.55,128.177283,38.009491,2370.8999064,163.211,-13.252,33.236,1.0
95.5666,128.177318,38.009538,2369.586828,166.027,-13.197,33.148,1.0
95.5833,128.177354,38.009585,2368.2691776,168.949,-13.148,33.065,1.0
95.6,128.177389,38.009632,2366.9469552,171.975,-13.105,32.989,1.0
95.6166,128.177425,38.009679,2365.62138,175.097,-13.066,32.921,1.0
95.6333,128.17746,38.009726,2364.289404,178.156,-13.068,32.874,1.0
95.65,128.177496,38.009774,2362.9504176,-178.874,-13.15,32.844,1.0
95.6666,128.177531,38.00982,2361.6032016000004,-175.993,-13.337,32.811,1.0
95.6833,128.177567,38.009867,2360.2474512000003,-173.185,-13.592,32.755,1.0
95.7,128.177603,38.009914,2358.883776,-170.427,-13.874,32.672,1.0
95.7166,128.177638,38.009961,2357.5127856000004,-167.687,-14.147,32.571,1.0
95.7333,128.177674,38.010008,2356.1296032,-165.273,-14.45,32.48,1.0
95.75,128.17771,38.010055,2354.7348384,-163.154,-14.786,32.399,1.0
95.7666,128.177745,38.010102,2353.3269672,-161.263,-15.122,32.302,1.0
95.7833,128.177781,38.010149,2351.9047704,-159.539,-15.423,32.169,1.0
95.8,128.177816,38.010196,2350.4706864,-157.901,-15.684,32.001,1.0
95.8166,128.177852,38.010243,2349.0253248,-156.26,-15.92,31.817,1.0
95.8333,128.177887,38.01029,2347.5699048,-154.431,-16.101,31.649,1.0
95.85,128.177923,38.010337,2346.1059504000004,-152.422,-16.203,31.524,1.0
95.8666,128.177958,38.010384,2344.6346808000003,-150.25,-16.211,31.459,1.0
95.8833,128.177994,38.010431,2343.156096,-147.937,-16.157,31.434,1.0
95.9,128.178029,38.010478,2341.6698912,-145.547,-16.073,31.426,1.0
95.9166,128.178065,38.010525,2340.1751520000003,-143.121,-15.993,31.415,1.0
95.9333,128.1781,38.010572,2338.6743168000003,-141.093,-15.934,31.442,1.0
95.95,128.178136,38.010619,2337.1661664000003,-139.434,-15.896,31.506,1.0
95.9666,128.178171,38.010666,2335.6482624,-138.164,-15.862,31.572,1.0
95.9833,128.178206,38.010713,2334.1212144,-137.292,-15.819,31.614,1.0
96.0,128.178242,38.01076,2332.5856320000003,-136.788,-15.769,31.627,1.0
96.0166,128.178277,38.010807,2331.0421248000002,-136.594,-15.721,31.627,1.0
96.0333,128.178312,38.010854,2329.491912,-136.126,-15.654,31.598,1.0
96.05,128.178347,38.010901,2327.935908,-135.398,-15.569,31.549,1.0
96.0666,128.178383,38.010948,2326.3765512,-134.383,-15.49,31.507,1.0
96.0833,128.178418,38.010995,2324.8141464,-133.074,-15.433,31.483,1.0
96.1,128.178453,38.011042,2323.2480840000003,-131.506,-15.396,31.473,1.0
96.1166,128.178489,38.011089,2321.6786688,-129.811,-15.368,31.468,1.0
96.1333,128.178524,38.011136,2320.1052912,-128.421,-15.363,31.478,1.0
96.15,128.178559,38.011183,2318.5270368,-127.365,-15.376,31.501,1.0
96.1666,128.178594,38.01123,2316.9426864,-126.579,-15.381,31.515,1.0
96.1833,128.17863,38.011277,2315.3516304,-125.976,-15.359,31.506,1.0
96.2,128.178665,38.011324,2313.7553928,-125.451,-15.312,31.477,1.0
96.2166,128.1787,38.011371,2312.1558024,-124.901,-15.261,31.443,1.0
96.2333,128.178736,38.011418,2310.5531640000004,-124.066,-15.21,31.408,1.0
96.25,128.178771,38.011466,2308.9474776,-122.961,-15.165,31.377,1.0
96.2666,128.178806,38.011513,2307.3399624,-121.662,-15.134,31.354,1.0
96.2833,128.178841,38.01156,2305.7290944,-120.269,-15.117,31.34,1.0
96.3,128.178877,38.011607,2304.1139592,-118.864,-15.109,31.331,1.0
96.3166,128.178912,38.011654,2302.4945568000003,-117.497,-15.1,31.32,1.0
96.3333,128.178947,38.011701,2300.871192,-115.957,-15.083,31.263,1.0
96.35,128.178983,38.011748,2299.2441696,-114.246,-15.07,31.132,1.0
96.3666,128.179018,38.011795,2297.6156232000003,-112.344,-15.073,30.964,1.0
96.3833,128.179053,38.011843,2295.9855528000003,-110.249,-15.093,30.803,1.0
96.4,128.179089,38.01189,2294.353044,-107.991,-15.118,30.68,1.0
96.4166,128.179124,38.011937,2292.7168776000003,-105.619,-15.131,30.591,1.0
96.4333,128.17916,38.011984,2291.0764440000003,-103.163,-15.128,30.499,1.0
96.45,128.179195,38.012031,2289.4329624,-100.628,-15.112,30.371,1.0
96.4666,128.179231,38.012078,2287.7864328,-97.994,-15.098,30.181,1.0
96.4833,128.179266,38.012126,2286.1368552,-95.256,-15.091,29.958,1.0
96.5,128.179302,38.012173,2284.4842296,-92.431,-15.087,29.746,1.0
96.5166,128.179337,38.01222,2282.8276416,-89.575,-15.08,29.576,1.0
96.5333,128.179373,38.012267,2281.1680056,-86.828,-15.071,29.412,1.0
96.55,128.179408,38.012315,2279.5053216,-84.196,-15.053,29.222,1.0
96.5666,128.179443,38.012362,2277.8395896,-81.652,-15.015,29.005,1.0
96.5833,128.179479,38.01241,2276.1711144,-79.162,-14.956,28.79,1.0
96.6,128.179514,38.012457,2274.5005056,-76.69,-14.887,28.598,1.0
96.6166,128.179549,38.012505,2272.8286776,-74.207,-14.815,28.436,1.0
96.6333,128.179584,38.012552,2271.1541064,-71.653,-14.755,28.34,1.0
96.65,128.179619,38.0126,2269.4770968000003,-69.041,-14.721,28.345,1.0
96.6666,128.179654,38.012647,2267.7979536000003,-66.384,-14.732,28.476,1.0
96.6833,128.179689,38.012695,2266.1163720000004,-63.672,-14.781,28.692,1.0
96.7,128.179725,38.012742,2264.4323520000003,-60.896,-14.857,28.952,1.0
96.7166,128.17976,38.01279,2262.7455888,-58.043,-14.946,29.212,1.0
96.7333,128.179795,38.012838,2261.0563872000002,-55.101,-15.029,29.436,1.0
96.75,128.17983,38.012885,2259.3653568,-52.075,-15.083,29.587,1.0
96.7666,128.179865,38.012933,2257.673412,-48.986,-15.079,29.638,1.0
96.7833,128.1799,38.012981,2255.9811624,-45.861,-14.998,29.584,1.0
96.8,128.179935,38.013028,2254.2879984,-42.735,-14.857,29.466,1.0
96.8166,128.17997,38.013076,2252.5945296,-39.633,-14.676,29.321,1.0
96.8333,128.180005,38.013124,2250.9056328,-36.838,-14.454,29.128,1.0
96.85,128.18004,38.013172,2249.2200888,-34.334,-14.213,28.914,1.0
96.8666,128.180075,38.01322,2247.5385072000004,-32.06,-13.971,28.729,1.0
96.8833,128.18011,38.013268,2245.8618024,-29.95,-13.746,28.61,1.0
96.9,128.180145,38.013316,2244.18906,-27.91,-13.537,28.549,1.0
96.9166,128.180179,38.013364,2242.5221088,-25.84,-13.334,28.509,1.0
96.9333,128.180214,38.013412,2240.8658256,-23.816,-13.124,28.443,1.0
96.95,128.180249,38.01346,2239.2202104000003,-21.831,-12.875,28.33,1.0
96.9666,128.180283,38.013508,2237.5846536000004,-19.914,-12.587,28.202,1.0
96.9833,128.180318,38.013556,2235.9579360000002,-18.099,-12.29,28.101,1.0
97.0,128.180353,38.013604,2234.3406672,-16.374,-12.015,28.047,1.0
97.0166,128.180387,38.013653,2232.7334568,-14.679,-11.771,28.028,1.0
97.0333,128.180422,38.013701,2231.1411816,-13.039,-11.531,28.008,1.0
97.05,128.180456,38.01375,2229.5641464,-11.422,-11.264,27.966,1.0
97.0666,128.180491,38.013798,2227.999608,-9.828,-10.97,27.918,1.0
97.0833,128.180525,38.013847,2226.4487856,-8.278,-10.674,27.884,1.0
97.1,128.18056,38.013895,2224.9119840000003,-6.775,-10.399,27.876,1.0
97.1166,128.180594,38.013944,2223.389508,-5.298,-10.148,27.89,1.0
97.1333,128.180628,38.013992,2221.8847104,-3.853,-9.915,27.91,1.0
97.15,128.180663,38.014041,2220.3945432,-2.419,-9.687,27.927,1.0
97.1666,128.180697,38.01409,2218.9205304,-0.99,-9.456,27.945,1.0
97.1833,128.180732,38.014139,2217.462672,0.424,-9.222,27.971,1.0
97.2,128.180766,38.014187,2216.0209680000003,1.82,-8.992,28.009,1.0
97.2166,128.180801,38.014236,2214.5957232,3.206,-8.768,28.058,1.0
97.2333,128.180835,38.014285,2213.1841944000003,4.644,-8.551,28.119,1.0
97.25,128.18087,38.014334,2211.7872960000004,6.142,-8.338,28.188,1.0
97.2666,128.180904,38.014383,2210.4071616,7.691,-8.127,28.26,1.0
97.2833,128.180939,38.014432,2209.0434864000003,9.274,-7.918,28.33,1.0
97.3,128.180974,38.014481,2207.6968800000004,10.871,-7.712,28.403,1.0
97.3166,128.181008,38.01453,2206.3670376,12.463,-7.511,28.481,1.0
97.3333,128.181043,38.014579,2205.0576168000002,13.845,-7.276,28.558,1.0
97.35,128.181078,38.014628,2203.7692272,15.032,-6.978,28.644,1.0
97.3666,128.181113,38.014677,2202.5021736,16.067,-6.647,28.75,1.0
97.3833,128.181148,38.014726,2201.2567608,16.997,-6.325,28.881,1.0
97.4,128.181183,38.014775,2200.0290264,17.878,-6.046,29.025,1.0
97.4166,128.181218,38.014824,2198.8204944,18.766,-5.806,29.169,1.0
97.4333,128.181253,38.014873,2197.632384,19.678,-5.566,29.309,1.0
97.45,128.181288,38.014922,2196.465,20.617,-5.297,29.45,1.0
97.4666,128.181324,38.014971,2195.3186471999998,21.567,-5.005,29.598,1.0
97.4833,128.181359,38.01502,2194.1933255999998,22.502,-4.717,29.752,1.0
97.5,128.181395,38.015069,2193.0887304000003,23.414,-4.45,29.91,1.0
97.5166,128.18143,38.015118,2192.0051664000002,24.31,-4.207,30.07,1.0
97.5333,128.181466,38.015167,2190.943548,25.159,-4.011,30.212,1.0
97.55,128.181502,38.015216,2189.9029608,25.976,-3.849,30.335,1.0
97.5666,128.181538,38.015265,2188.8827952,26.772,-3.69,30.458,1.0
97.5833,128.181574,38.015313,2187.8833560000003,27.548,-3.517,30.596,1.0
97.6,128.18161,38.015362,2186.9043384,28.312,-3.328,30.751,1.0
97.6166,128.181646,38.015411,2185.9451328,29.074,-3.135,30.914,1.0
97.6333,128.181683,38.01546,2185.0063488,29.607,-2.958,31.045,1.0
97.65,128.181719,38.015508,2184.0879864000003,29.926,-2.826,31.125,1.0
97.6666,128.181756,38.015557,2183.1915696,30.071,-2.753,31.175,1.0
97.6833,128.181793,38.015606,2182.317708,30.081,-2.716,31.233,1.0
97.7,128.18183,38.015654,2181.4621344,30.017,-2.68,31.321,1.0
97.7166,128.181867,38.015703,2180.6251536,29.95,-2.608,31.44,1.0
97.7333,128.181904,38.015752,2179.8076800000003,29.892,-2.52,31.552,1.0
97.75,128.181941,38.0158,2179.0072752,29.854,-2.444,31.635,1.0
97.7666,128.181978,38.015848,2178.2245488000003,29.817,-2.414,31.679,1.0
97.7833,128.182016,38.015897,2177.4579768,29.752,-2.465,31.681,1.0
97.8,128.182053,38.015945,2176.7075592,29.65,-2.586,31.655,1.0
97.8166,128.182091,38.015994,2175.9714672,29.527,-2.739,31.62,1.0
97.8333,128.182129,38.016042,2175.2497008,29.307,-2.925,31.556,1.0
97.85,128.182166,38.01609,2174.5428696000004,29.009,-3.116,31.472,1.0
97.8666,128.182204,38.016139,2173.8500592,28.651,-3.286,31.396,1.0
97.8833,128.182242,38.016187,2173.1685264000002,28.241,-3.426,31.347,1.0
97.9,128.18228,38.016235,2172.4982712,27.792,-3.545,31.323,1.0
97.9166,128.182318,38.016283,2171.8374648,27.335,-3.659,31.311,1.0
97.9333,128.182356,38.016331,2171.1885456,26.859,-3.771,31.293,1.0
97.95,128.182394,38.01638,2170.547856,26.374,-3.88,31.266,1.0
97.9666,128.182433,38.016428,2169.9163104,25.878,-3.981,31.237,1.0
97.9833,128.182471,38.016476,2169.293604,25.36,-4.074,31.216,1.0
98.0,128.182509,38.016524,2168.6788224,24.817,-4.158,31.208,1.0
98.0166,128.182547,38.016572,2168.0710512,24.262,-4.236,31.209,1.0
98.0333,128.182586,38.01662,2167.4687664000003,24.044,-4.323,31.239,1.0
98.05,128.182624,38.016668,2166.8707488,24.143,-4.417,31.292,1.0
98.0666,128.182662,38.016716,2166.2748648,24.582,-4.506,31.342,1.0
98.0833,128.182701,38.016764,2165.6805048,25.367,-4.579,31.372,1.0
98.1,128.182739,38.016812,2165.0870592,26.461,-4.639,31.384,1.0
98.1166,128.182778,38.01686,2164.4936136,27.805,-4.692,31.396,1.0
98.1333,128.182816,38.016909,2163.8992536,29.352,-4.75,31.419,1.0
98.15,128.182854,38.016957,2163.3030648,31.083,-4.812,31.454,1.0
98.1666,128.182893,38.017005,2162.7035232000003,33.0,-4.874,31.49,1.0
98.1833,128.182931,38.017053,2162.0997144,35.107,-4.929,31.518,1.0
98.2,128.18297,38.017101,2161.4913336,37.391,-4.977,31.536,1.0
98.2166,128.183008,38.017149,2160.8796,39.824,-5.021,31.549,1.0
98.2333,128.183047,38.017198,2160.2645136,42.377,-5.05,31.581,1.0
98.25,128.183085,38.017246,2159.6460744,45.033,-5.066,31.632,1.0
98.2666,128.183123,38.017294,2159.0239776000003,47.791,-5.081,31.689,1.0
98.2833,128.183162,38.017342,2158.3979184,50.651,-5.102,31.734,1.0
98.3,128.1832,38.017391,2157.7685064,53.608,-5.129,31.765,1.0
98.3166,128.183239,38.017439,2157.1360464,56.646,-5.161,31.788,1.0
98.3333,128.183277,38.017487,2156.5014528,59.466,-5.157,31.823,1.0
98.35,128.183316,38.017536,2155.8662496,62.052,-5.102,31.904,1.0
98.3666,128.183354,38.017584,2155.23318,64.439,-5.007,32.08,1.0
98.3833,128.183393,38.017632,2154.6028536000003,66.671,-4.888,32.389,1.0
98.4,128.183431,38.017681,2153.9737464,68.824,-4.77,32.795,1.0
98.4166,128.18347,38.017729,2153.3437248,70.986,-4.656,33.249,1.0
98.4333,128.183509,38.017777,2152.714008,72.75,-4.483,33.755,1.0
98.45,128.183548,38.017825,2152.08612,74.148,-4.262,34.274,1.0
98.4666,128.183587,38.017873,2151.464328,75.233,-4.065,34.78,1.0
98.4833,128.183626,38.017921,2150.8483272000003,76.063,-3.954,35.242,1.0
98.5,128.183665,38.017969,2150.2356792,76.76,-3.927,35.655,1.0
98.5166,128.183705,38.018017,2149.6224216,77.485,-3.934,36.039,1.0
98.5333,128.183744,38.018065,2149.009164,78.155,-3.902,36.414,1.0
98.55,128.183784,38.018113,2148.3977352,78.786,-3.811,36.808,1.0
98.5666,128.183824,38.01816,2147.7908784,79.337,-3.699,37.222,1.0
98.5833,128.183865,38.018208,2147.1892032,79.751,-3.619,37.632,1.0
98.6,128.183905,38.018255,2146.5908808,80.04,-3.59,38.019,1.0
98.6166,128.183946,38.018302,2145.9937776,80.283,-3.593,38.379,1.0
98.6333,128.183987,38.018349,2145.3978936000003,80.474,-3.588,38.72,1.0
98.65,128.184028,38.018396,2144.8032288000004,80.66,-3.556,39.054,1.0
98.6666,128.18407,38.018443,2144.211612,80.835,-3.506,39.389,1.0
98.6833,128.184111,38.018489,2143.6230432,80.966,-3.463,39.722,1.0
98.7,128.184153,38.018536,2143.0378272000003,81.04,-3.44,40.05,1.0
98.7166,128.184195,38.018582,2142.45444,81.078,-3.433,40.37,1.0
98.7333,128.184238,38.018628,2141.8734912,81.382,-3.461,40.646,1.0
98.75,128.18428,38.018674,2141.293152,81.951,-3.517,40.837,1.0
98.7666,128.184323,38.018721,2140.7115936,82.804,-3.582,40.907,1.0
98.7833,128.184366,38.018766,2140.1291208000002,83.937,-3.647,40.82,1.0
98.8,128.184409,38.018812,2139.5460384000003,85.32,-3.718,40.547,1.0
98.8166,128.184452,38.018858,2138.9620416,86.88,-3.797,40.136,1.0
98.8333,128.184495,38.018904,2138.3753016,88.247,-3.853,39.64,1.0
98.85,128.184538,38.01895,2137.7867328,89.392,-3.875,39.108,1.0
98.8666,128.184582,38.018995,2137.1978592,90.35,-3.884,38.594,1.0
98.8833,128.184625,38.019041,2136.6089856000003,91.161,-3.906,38.146,1.0
98.9,128.184669,38.019086,2136.0188928000002,91.885,-3.95,37.81,1.0
98.9166,128.184712,38.019132,2135.4263616000003,92.595,-4.005,37.628,1.0
98.9333,128.184756,38.019177,2134.8320016000002,93.568,-4.076,37.614,1.0
98.95,128.1848,38.019223,2134.235508,94.799,-4.157,37.737,1.0
98.9666,128.184843,38.019268,2133.6353568,96.287,-4.236,37.959,1.0
98.9833,128.184887,38.019313,2133.033072,97.972,-4.309,38.238,1.0
99.0,128.184931,38.019359,2132.4283488,99.748,-4.376,38.532,1.0
99.0166,128.184975,38.019404,2131.8208824,101.525,-4.441,38.799,1.0
99.0333,128.185019,38.019449,2131.2115872,103.265,-4.506,38.997,1.0
99.05,128.185063,38.019495,2130.5995488,104.963,-4.567,39.09,1.0
99.0666,128.185107,38.01954,2129.9850720000004,106.647,-4.604,39.047,1.0
99.0833,128.185151,38.019585,2129.3675472,108.349,-4.612,38.899,1.0
99.1,128.185195,38.01963,2128.7466696,110.087,-4.592,38.689,1.0
99.1166,128.18524,38.019675,2128.1233536,111.86,-4.553,38.461,1.0
99.1333,128.185284,38.019721,2127.4988184000003,113.801,-4.523,38.25,1.0
99.15,128.185328,38.019766,2126.8727592,115.881,-4.524,38.091,1.0
99.1666,128.185372,38.019811,2126.2442616000003,118.059,-4.561,38.027,1.0
99.1833,128.185417,38.019856,2125.6124112,120.302,-4.618,38.044,1.0
99.2,128.185461,38.019901,2124.9778176000004,122.573,-4.681,38.108,1.0
99.2166,128.185505,38.019946,2124.3407856000003,124.822,-4.744,38.177,1.0
99.2333,128.18555,38.019992,2123.704668,127.188,-4.811,38.204,1.0
99.25,128.185594,38.020037,2123.0685504000003,129.654,-4.861,38.158,1.0
99.2666,128.185638,38.020082,2122.4312136000003,132.247,-4.888,38.073,1.0
99.2833,128.185683,38.020127,2121.7929624000003,134.976,-4.896,37.997,1.0
99.3,128.185727,38.020173,2121.1528824,137.802,-4.907,37.962,1.0
99.3166,128.185771,38.020218,2120.5115832,140.656,-4.93,37.961,1.0
99.3333,128.185816,38.020263,2119.873332,143.593,-4.968,37.957,1.0
99.35,128.18586,38.020309,2119.2369096,146.581,-5.01,37.923,1.0
99.3666,128.185904,38.020354,2118.5998776,149.611,-5.044,37.872,1.0
99.3833,128.185949,38.020399,2117.9628456,152.695,-5.065,37.827,1.0
99.4,128.185993,38.020445,2117.3255088,155.828,-5.081,37.801,1.0
99.4166,128.186037,38.02049,2116.6878672000003,158.975,-5.097,37.789,1.0
99.4333,128.186082,38.020536,2116.0523592,162.134,-5.138,37.778,1.0
99.45,128.186126,38.020581,2115.4165464000002,165.286,-5.2,37.757,1.0
99.4666,128.186171,38.020626,2114.7810384,168.435,-5.265,37.727,1.0
99.4833,128.186215,38.020672,2114.1458352,171.603,-5.318,37.696,1.0
99.5,128.18626,38.020717,2113.5109368000003,174.796,-5.356,37.673,1.0
99.5166,128.186304,38.020763,2112.875124,177.996,-5.386,37.653,1.0
99.5333,128.186348,38.020808,2112.2359584,-178.988,-5.446,37.646,1.0
99.55,128.186393,38.020854,2111.5919160000003,-176.16,-5.572,37.643,1.0
99.5666,128.186437,38.020899,2110.9408632,-173.472,-5.798,37.617,1.0
99.5833,128.186482,38.020945,2110.2861528000003,-170.87,-6.088,37.554,1.0
99.6,128.186526,38.02099,2109.6262608,-168.297,-6.399,37.463,1.0
99.6166,128.186571,38.021036,2108.9621016,-165.702,-6.691,37.363,1.0
99.6333,128.186615,38.021081,2108.2872744,-163.559,-7.009,37.3,1.0
99.65,128.18666,38.021127,2107.6017792000002,-161.848,-7.385,37.259,1.0
99.6666,128.186704,38.021172,2106.901044,-160.483,-7.825,37.169,1.0
99.6833,128.186749,38.021218,2106.1853736,-159.365,-8.272,37.001,1.0
99.7,128.186793,38.021264,2105.4541584000003,-158.354,-8.682,36.772,1.0
99.7166,128.186837,38.021309,2104.711056,-157.292,-9.029,36.54,1.0
99.7333,128.186882,38.021355,2103.9563712,-155.978,-9.29,36.36,1.0
99.75,128.186926,38.0214,2103.1913232,-154.419,-9.435,36.263,1.0
99.7666,128.18697,38.021446,2102.4149976,-152.661,-9.495,36.222,1.0
99.7833,128.187014,38.021492,2101.6289184,-150.757,-9.493,36.199,1.0
99.8,128.187058,38.021537,2100.8327808,-148.772,-9.461,36.165,1.0
99.8166,128.187102,38.021583,2100.0247560000003,-146.734,-9.44,36.114,1.0
99.8333,128.187146,38.021629,2099.209416,-144.539,-9.467,36.031,1.0
99.85,128.18719,38.021674,2098.3858464,-142.19,-9.542,35.921,1.0
99.8666,128.187234,38.02172,2097.5534376,-139.702,-9.631,35.807,1.0
99.8833,128.187278,38.021766,2096.7124944,-137.106,-9.699,35.707,1.0
99.9,128.187322,38.021812,2095.8617976,-134.465,-9.737,35.626,1.0
99.9166,128.187366,38.021858,2095.0013472,-131.814,-9.759,35.55,1.0
99.9333,128.18741,38.021903,2094.1305336,-129.302,-9.802,35.462,1.0
99.95,128.187454,38.021949,2093.249052,-126.913,-9.892,35.33,1.0
99.9666,128.187497,38.021995,2092.3553784,-124.614,-10.015,35.139,1.0
99.9833,128.187541,38.022041,2091.4510368,-122.384,-10.133,34.915,1.0
100.0,128.187584,38.022087,2090.5378560000004,-120.191,-10.223,34.69,1.0
100.0166,128.187627,38.022133,2089.6161408000003,-117.999,-10.276,34.499,1.0
100.0333,128.18767,38.02218,2088.6852816,-116.016,-10.342,34.325,1.0
100.05,128.187713,38.022226,2087.7446688,-114.218,-10.442,34.135,1.0
100.0666,128.187756,38.022272,2086.7921688,-112.565,-10.561,33.88,1.0
100.0833,128.187799,38.022318,2085.8274768,-111.027,-10.674,33.543,1.0
100.1,128.187842,38.022365,2084.8539456000003,-109.553,-10.761,33.164,1.0
100.1166,128.187884,38.022411,2083.8721848,-108.072,-10.826,32.79,1.0
100.1333,128.187926,38.022458,2082.882804,-106.78,-10.923,32.403,1.0
100.15,128.187968,38.022505,2081.8839744,-105.655,-11.063,31.992,1.0
100.1666,128.18801,38.022551,2080.8735624,-104.688,-11.201,31.572,1.0
100.1833,128.188052,38.022598,2079.8512632,-103.878,-11.293,31.166,1.0
100.2,128.188093,38.022645,2078.81982,-103.173,-11.332,30.786,1.0
100.2166,128.188134,38.022692,2077.7810616,-102.478,-11.344,30.428,1.0
100.2333,128.188175,38.022739,2076.734988,-101.776,-11.368,30.08,1.0
100.25,128.188216,38.022786,2075.681904,-101.044,-11.419,29.733,1.0
100.2666,128.188256,38.022834,2074.6193712,-100.312,-11.482,29.385,1.0
100.2833,128.188296,38.022881,2073.5479992,-99.629,-11.533,29.043,1.0
100.3,128.188336,38.022929,2072.4683976,-99.011,-11.558,28.709,1.0
100.3166,128.188376,38.022976,2071.3814808,-98.429,-11.564,28.384,1.0
100.3333,128.188415,38.023024,2070.2881632,-97.999,-11.578,28.076,1.0
100.35,128.188454,38.023072,2069.1884448,-97.684,-11.612,27.779,1.0
100.3666,128.188493,38.02312,2068.0804968,-97.455,-11.651,27.485,1.0
100.3833,128.188532,38.023168,2066.9643192,-97.303,-11.674,27.188,1.0
100.4,128.18857,38.023216,2065.8411312000003,-97.205,-11.678,26.889,1.0
100.4166,128.188608,38.023265,2064.7118472,-97.118,-11.671,26.591,1.0
100.4333,128.188646,38.023313,2063.5767720000003,-97.024,-11.664,26.335,1.0
100.45,128.188683,38.023362,2062.4356008,-96.915,-11.661,26.16,1.0
100.4666,128.18872,38.02341,2061.2883336,-96.809,-11.657,26.075,1.0
100.4833,128.188757,38.023459,2060.1346656,-96.722,-11.647,26.037,1.0
100.5,128.188794,38.023508,2058.9745968,-96.659,-11.631,26.001,1.0
100.5166,128.188831,38.023557,2057.8087368,-96.609,-11.613,25.926,1.0
100.5333,128.188867,38.023605,2056.6367808,-96.404,-11.579,25.845,1.0
100.55,128.188903,38.023655,2055.4602528,-96.046,-11.531,25.797,1.0
100.5666,128.188939,38.023704,2054.2797624,-95.571,-11.484,25.812,1.0
100.5833,128.188975,38.023753,2053.0959192,-95.012,-11.455,25.86,1.0
100.6,128.18901,38.023802,2051.9071992000004,-94.413,-11.443,25.898,1.0
100.6166,128.189046,38.023851,2050.7136024,-93.822,-11.436,25.892,1.0
100.6333,128.189081,38.023901,2049.5142144,-93.016,-11.398,25.875,1.0
100.65,128.189116,38.02395,2048.310864,-92.022,-11.325,25.882,1.0
100.6666,128.189151,38.024,2047.1062944,-90.807,-11.247,25.924,1.0
100.6833,128.189185,38.024049,2045.9002008,-89.341,-11.193,25.975,1.0
100.7,128.18922,38.024099,2044.6919736,-87.688,-11.169,26.006,1.0
100.7166,128.189255,38.024149,2043.4810032,-85.958,-11.162,26.009,1.0
100.7333,128.189289,38.024198,2042.2663752,-84.183,-11.146,25.995,1.0
100.75,128.189324,38.024248,2041.0493088,-82.412,-11.109,25.983,1.0
100.7666,128.189358,38.024298,2039.8310232000001,-80.645,-11.062,25.979,1.0
100.7833,128.189392,38.024348,2038.6118232000001,-78.856,-11.018,25.979,1.0
100.8,128.189426,38.024398,2037.3920136000002,-77.027,-10.985,25.973,1.0
100.8166,128.18946,38.024448,2036.1715944000002,-75.175,-10.959,25.959,1.0
100.8333,128.189494,38.024498,2034.9508704,-73.367,-10.931,25.915,1.0
100.85,128.189528,38.024548,2033.7301464,-71.622,-10.891,25.848,1.0
100.8666,128.189561,38.024598,2032.5091176000003,-69.932,-10.841,25.78,1.0
100.8833,128.189595,38.024648,2031.2880888000002,-68.274,-10.785,25.727,1.0
100.9,128.189628,38.024698,2030.0673648000002,-66.62,-10.73,25.687,1.0
100.9166,128.189662,38.024748,2028.8472504000001,-64.948,-10.677,25.649,1.0
100.9333,128.189695,38.024799,2027.6304888000002,-63.317,-10.617,25.576,1.0
100.95,128.189728,38.024849,2026.4158608,-61.733,-10.547,25.468,1.0
100.9666,128.189761,38.024899,2025.2027568,-60.201,-10.469,25.353,1.0
100.9833,128.189794,38.02495,2023.9905672000002,-58.718,-10.388,25.26,1.0
101.0,128.189827,38.025,2022.7808160000002,-57.267,-10.307,25.193,1.0
101.0166,128.18986,38.025051,2021.5735032,-55.814,-10.226,25.138,1.0
101.0333,128.189892,38.025101,2020.3719816,-54.395,-10.135,25.055,1.0
101.05,128.189925,38.025152,2019.175032,-53.001,-10.031,24.936,1.0
101.0666,128.189957,38.025203,2017.9811304,-51.64,-9.919,24.807,1.0
101.0833,128.18999,38.025253,2016.7908864,-50.322,-9.807,24.697,1.0
101.1,128.190022,38.025304,2015.6049096000002,-49.04,-9.7,24.616,1.0
101.1166,128.190054,38.025355,2014.4235048000003,-47.768,-9.594,24.551,1.0
101.1333,128.190086,38.025406,2013.2500248000001,-46.535,-9.475,24.464,1.0
101.15,128.190118,38.025457,2012.08386,-45.326,-9.34,24.346,1.0
101.1666,128.19015,38.025508,2010.9225720000002,-44.144,-9.197,24.219,1.0
101.1833,128.190182,38.025559,2009.7676848,-42.999,-9.058,24.109,1.0
101.2,128.190214,38.02561,2008.6191984,-41.887,-8.926,24.026,1.0
101.2166,128.190245,38.025661,2007.4777224,-40.786,-8.798,23.959,1.0
101.2333,128.190277,38.025712,2006.3463048,-39.706,-8.657,23.878,1.0
101.25,128.190308,38.025763,2005.222812,-38.634,-8.5,23.775,1.0
101.2666,128.190339,38.025815,2004.1075488000001,-37.573,-8.338,23.666,1.0
101.2833,128.190371,38.025866,2003.00082,-36.534,-8.182,23.571,1.0
101.3,128.190402,38.025917,2001.9026256,-35.519,-8.034,23.495,1.0
101.3166,128.190433,38.025969,2000.8135752,-34.516,-7.891,23.432,1.0
101.3333,128.190464,38.02602,1999.7336688,-33.502,-7.739,23.367,1.0
101.35,128.190495,38.026072,1998.6638208000002,-32.467,-7.574,23.293,1.0
101.3666,128.190526,38.026123,1997.6040312000002,-31.416,-7.406,23.216,1.0
101.3833,128.190556,38.026175,1996.5546048,-30.362,-7.243,23.143,1.0
101.4,128.190587,38.026227,1995.5158464,-29.316,-7.089,23.081,1.0
101.4166,128.190618,38.026278,1994.4877560000002,-28.282,-6.939,23.028,1.0
101.4333,128.190648,38.02633,1993.4685048000001,-27.211,-6.786,22.984,1.0
101.45,128.190679,38.026382,1992.4599216000001,-26.1,-6.627,22.945,1.0
101.4666,128.190709,38.026434,1991.4632256,-24.952,-6.466,22.905,1.0
101.4833,128.190739,38.026486,1990.4778072000001,-23.775,-6.308,22.863,1.0
101.5,128.19077,38.026538,1989.5045808000002,-22.587,-6.154,22.822,1.0
101.5166,128.1908,38.02659,1988.5435464,-21.406,-6.004,22.785,1.0
101.5333,128.19083,38.026642,1987.5913512000002,-20.132,-5.866,22.771,1.0
101.55,128.19086,38.026694,1986.6492144000001,-18.768,-5.738,22.781,1.0
101.5666,128.19089,38.026746,1985.717136,-17.323,-5.612,22.793,1.0
101.5833,128.19092,38.026798,1984.7981640000003,-15.81,-5.482,22.792,1.0
101.6,128.19095,38.02685,1983.891384,-14.258,-5.345,22.777,1.0
101.6166,128.19098,38.026902,1982.9974056,-12.71,-5.208,22.761,1.0
101.6333,128.19101,38.026954,1982.1113520000001,-11.08,-5.093,22.773,1.0
101.65,128.19104,38.027007,1981.235052,-9.377,-5.002,22.814,1.0
101.6666,128.19107,38.027059,1980.3682008,-7.601,-4.918,22.864,1.0
101.6833,128.191099,38.027111,1979.5135416,-5.748,-4.821,22.9,1.0
101.7,128.191129,38.027163,1978.6701600000001,-3.84,-4.708,22.919,1.0
101.7166,128.191159,38.027216,1977.8389704,-1.924,-4.589,22.932,1.0
101.7333,128.191189,38.027268,1977.0144864000001,0.079,-4.501,22.966,1.0
101.75,128.191219,38.02732,1976.1979272,2.15,-4.458,23.028,1.0
101.7666,128.191248,38.027373,1975.3892928,4.287,-4.434,23.098,1.0
101.7833,128.191278,38.027425,1974.5910216000002,6.499,-4.394,23.158,1.0
101.8,128.191308,38.027478,1973.8021992000001,8.77,-4.326,23.204,1.0
101.8166,128.191338,38.02753,1973.0231304000001,11.057,-4.241,23.244,1.0
101.8333,128.191368,38.027582,1972.2510720000002,13.339,-4.179,23.289,1.0
101.85,128.191398,38.027635,1971.4878528000002,15.596,-4.16,23.34,1.0
101.8666,128.191428,38.027687,1970.7322536000001,17.839,-4.163,23.399,1.0
101.8833,128.191458,38.02774,1969.9839696000001,20.097,-4.156,23.463,1.0
101.9,128.191488,38.027792,1969.2426960000003,22.389,-4.124,23.529,1.0
101.9166,128.191518,38.027845,1968.508128,24.708,-4.073,23.596,1.0
101.9333,128.191548,38.027897,1967.7836184000003,26.608,-3.953,23.65,1.0
101.95,128.191578,38.027949,1967.0694720000001,28.108,-3.75,23.711,1.0
101.9666,128.191608,38.028002,1966.3675176000002,29.17,-3.521,23.799,1.0
101.9833,128.191638,38.028054,1965.67806,29.826,-3.318,23.923,1.0
102.0,128.191668,38.028107,1965.0010992000002,30.241,-3.177,24.068,1.0
102.0166,128.191699,38.028159,1964.3354160000001,30.607,-3.086,24.213,1.0
102.0333,128.191729,38.028211,1963.6822296,30.78,-2.981,24.322,1.0
102.05,128.19176,38.028264,1963.0433688,30.817,-2.826,24.395,1.0
102.0666,128.19179,38.028316,1962.4209672000002,30.724,-2.644,24.465,1.0
102.0833,128.191821,38.028368,1961.8156344000001,30.473,-2.475,24.565,1.0
102.1,128.191852,38.028421,1961.223408,30.097,-2.342,24.698,1.0
102.1166,128.191883,38.028473,1960.6436784,29.697,-2.234,24.843,1.0
102.1333,128.191914,38.028525,1960.0770552,29.139,-2.146,24.909,1.0
102.15,128.191945,38.028577,1959.5253672000001,28.467,-2.062,24.887,1.0
102.1666,128.191976,38.028629,1958.9919672,27.604,-1.972,24.84,1.0
102.1833,128.192007,38.028681,1958.4777696,26.467,-1.873,24.837,1.0
102.2,128.192039,38.028733,1957.9827744000002,25.051,-1.77,24.892,1.0
102.2166,128.19207,38.028785,1957.5060672000002,23.438,-1.668,24.972,1.0
102.2333,128.192102,38.028837,1957.0455144,21.811,-1.523,25.051,1.0
102.25,128.192133,38.028889,1956.6017256,20.258,-1.336,25.114,1.0
102.2666,128.192165,38.028941,1956.1743960000003,18.761,-1.139,25.158,1.0
102.2833,128.192196,38.028993,1955.7638304,17.263,-0.958,25.191,1.0
102.3,128.192228,38.029045,1955.3724672,15.725,-0.801,25.226,1.0
102.3166,128.19226,38.029097,1954.9981728,14.154,-0.654,25.264,1.0
102.3333,128.192292,38.029148,1954.6418616,12.951,-0.494,25.368,1.0
102.35,128.192324,38.0292,1954.302924,12.102,-0.283,25.538,1.0
102.3666,128.192355,38.029252,1953.979836,11.675,-0.006,25.712,1.0
102.3833,128.192387,38.029304,1953.6722928,11.669,0.298,25.859,1.0
102.4,128.192419,38.029355,1953.3799896,12.05,0.59,25.971,1.0
102.4166,128.192451,38.029407,1953.1017072000002,12.764,0.838,26.05,1.0
102.4333,128.192483,38.029459,1952.8362264000002,13.739,0.997,26.113,1.0
102.45,128.192515,38.029511,1952.5811088,14.923,1.026,26.166,1.0
102.4666,128.192548,38.029562,1952.33544,16.299,0.948,26.212,1.0
102.4833,128.19258,38.029614,1952.0973912000002,17.878,0.81,26.242,1.0
102.5,128.192612,38.029666,1951.8654384000001,19.67,0.658,26.255,1.0
102.5166,128.192644,38.029717,1951.6386672,21.665,0.535,26.261,1.0
102.5333,128.192676,38.029769,1951.4146392000002,23.834,0.423,26.261,1.0
102.55,128.192709,38.029821,1951.1927448000001,26.15,0.306,26.26,1.0
102.5666,128.192741,38.029873,1950.9732888,28.593,0.182,26.26,1.0
102.5833,128.192773,38.029924,1950.7553568,31.162,0.061,26.262,1.0
102.6,128.192805,38.029976,1950.5380344000002,33.858,-0.047,26.264,1.0
102.6166,128.192838,38.030028,1950.3210168,36.678,-0.142,26.263,1.0
102.6333,128.19287,38.03008,1950.1039992,39.61,-0.233,26.254,1.0
102.6499,128.192903,38.030131,1949.8863720000002,42.638,-0.33,26.236,1.0
102.6666,128.192935,38.030183,1949.6684400000001,45.747,-0.428,26.216,1.0
102.6833,128.192967,38.030235,1949.4502032,48.911,-0.52,26.198,1.0
102.7,128.193,38.030287,1949.2319664000001,52.11,-0.6,26.183,1.0
102.7166,128.193032,38.030338,1949.01312,55.327,-0.667,26.167,1.0
102.7333,128.193065,38.03039,1948.7939688,58.365,-0.713,26.139,1.0
102.75,128.193097,38.030442,1948.5754272000001,61.218,-0.743,26.102,1.0
102.7666,128.19313,38.030494,1948.3587144,63.919,-0.78,26.068,1.0
102.7833,128.193162,38.030546,1948.1426112000001,66.512,-0.838,26.048,1.0
102.8,128.193195,38.030597,1947.9246792,69.067,-0.913,26.041,1.0
102.8166,128.193227,38.030649,1947.7043088,71.66,-0.984,26.038,1.0
102.8333,128.19326,38.030701,1947.4802808000002,73.823,-0.992,26.02,1.0
102.85,128.193293,38.030753,1947.2553384,75.591,-0.938,25.986,1.0
102.8666,128.193325,38.030805,1947.0340536,76.972,-0.892,25.954,1.0
102.8833,128.193358,38.030856,1946.8158168,78.03,-0.913,25.937,1.0
102.8999,128.193391,38.030908,1946.59758,78.922,-1.003,25.937,1.0
102.9166,128.193424,38.03096,1946.375076,79.862,-1.11,25.946,1.0
102.9333,128.193456,38.031012,1946.1486096000003,81.131,-1.19,25.954,1.0
102.95,128.193489,38.031063,1945.9197048,82.715,-1.233,25.956,1.0
102.9666,128.193522,38.031115,1945.6883616000002,84.486,-1.247,25.952,1.0
102.9833,128.193555,38.031167,1945.4567136,86.283,-1.252,25.945,1.0
103.0,128.193587,38.031219,1945.2247608,88.004,-1.269,25.941,1.0
103.0166,128.19362,38.031271,1944.9912840000002,89.634,-1.305,25.94,1.0
103.0333,128.193653,38.031322,1944.7538448000003,90.852,-1.312,25.942,1.0
103.05,128.193686,38.031374,1944.5136624000002,91.72,-1.275,25.947,1.0
103.0666,128.193719,38.031426,1944.2740896,92.215,-1.227,25.952,1.0
103.0833,128.193752,38.031478,1944.0348216,92.306,-1.205,25.956,1.0
103.1,128.193785,38.031529,1943.7943344000003,92.014,-1.218,25.96,1.0
103.1166,128.193818,38.031581,1943.551104,91.41,-1.246,25.966,1.0
103.1333,128.193851,38.031632,1943.3033016000002,90.597,-1.242,25.975,1.0
103.1499,128.193884,38.031684,1943.0536704,89.702,-1.206,25.985,1.0
103.1666,128.193918,38.031736,1942.8040392000003,88.75,-1.17,25.996,1.0
103.1833,128.193951,38.031787,1942.5544080000002,87.728,-1.164,26.007,1.0
103.2,128.193984,38.031839,1942.3035576,86.665,-1.187,26.019,1.0
103.2166,128.194018,38.03189,1942.0496592000002,85.629,-1.214,26.032,1.0
103.2333,128.194051,38.031941,1941.7921032000002,84.502,-1.202,26.044,1.0
103.25,128.194085,38.031993,1941.5330232000001,83.286,-1.148,26.053,1.0
103.2666,128.194118,38.032044,1941.2757720000002,81.955,-1.091,26.062,1.0
103.2833,128.194152,38.032095,1941.0200448000003,80.487,-1.068,26.076,1.0
103.3,128.194186,38.032147,1940.7640128000003,78.926,-1.086,26.094,1.0
103.3166,128.19422,38.032198,1940.5058472,77.375,-1.116,26.111,1.0
103.3333,128.194253,38.032249,1940.245548,75.755,-1.111,26.119,1.0
103.35,128.194287,38.0323,1939.9852488000001,74.084,-1.061,26.117,1.0
103.3666,128.194321,38.032351,1939.7276928,72.331,-1.001,26.114,1.0
103.3833,128.194355,38.032402,1939.4734896,70.454,-0.969,26.122,1.0
103.3999,128.194389,38.032454,1939.2205056,68.477,-0.976,26.141,1.0
103.4166,128.194424,38.032505,1938.9675216,66.492,-1.001,26.161,1.0
103.4333,128.194458,38.032555,1938.7151472,64.484,-1.005,26.168,1.0
103.45,128.194492,38.032606,1938.4646016000002,62.48,-0.975,26.159,1.0
103.4666,128.194526,38.032657,1938.2177136,60.45,-0.932,26.146,1.0
103.4833,128.194561,38.032708,1937.9750928,58.344,-0.903,26.143,1.0
103.5,128.194595,38.032759,1937.7364344000002,56.159,-0.9,26.154,1.0
103.5166,128.19463,38.03281,1937.4999096000001,53.952,-0.914,26.17,1.0
103.5333,128.194664,38.03286,1937.2673472,51.693,-0.917,26.173,1.0
103.55,128.194699,38.032911,1937.0396616,49.415,-0.9,26.159,1.0
103.5666,128.194734,38.032962,1936.8168528000003,47.111,-0.874,26.138,1.0
103.5833,128.194768,38.033012,1936.6007496,44.753,-0.857,26.126,1.0
103.6,128.194803,38.033063,1936.389828,42.339,-0.857,26.129,1.0
103.6166,128.194838,38.033114,1936.1840880000002,39.909,-0.867,26.139,1.0
103.6333,128.194873,38.033164,1935.9853584000002,37.442,-0.874,26.139,1.0
103.6499,128.194908,38.033214,1935.793944,34.959,-0.871,26.121,1.0
103.6666,128.194943,38.033265,1935.6098448000002,32.445,-0.861,26.095,1.0
103.6833,128.194978,38.033315,1935.4342800000002,29.88,-0.856,26.076,1.0
103.7,128.195013,38.033366,1935.26664,27.265,-0.861,26.072,1.0
103.7166,128.195048,38.033416,1935.1060104,24.631,-0.875,26.076,1.0
103.7333,128.195083,38.033466,1934.955744,21.976,-0.889,26.075,1.0
103.75,128.195118,38.033517,1934.8130976,19.318,-0.9,26.061,1.0
103.7666,128.195153,38.033567,1934.6805096000003,16.65,-0.909,26.038,1.0
103.7833,128.195188,38.033617,1934.5570656,13.952,-0.92,26.019,1.0
103.8,128.195224,38.033668,1934.4436800000003,11.217,-0.933,26.011,1.0
103.8166,128.195259,38.033718,1934.3397432000002,8.452,-0.951,26.011,1.0
103.8333,128.195294,38.033768,1934.2467792,5.676,-0.948,26.013,1.0
103.85,128.195329,38.033818,1934.1638736,2.9,-0.924,26.011,1.0
103.8666,128.195364,38.033869,1934.0913312000002,0.122,-0.896,26.003,1.0
103.8833,128.195399,38.033919,1934.0294568000002,-2.663,-0.879,25.995,1.0
103.8999,128.195434,38.033969,1933.9779456,-5.462,-0.876,25.99,1.0
103.9166,128.195469,38.034019,1933.9374072000003,-8.271,-0.881,25.99,1.0
103.9333,128.195504,38.034069,1933.905708,-10.987,-0.856,25.993,1.0
103.95,128.195539,38.03412,1933.8843720000002,-13.606,-0.766,25.987,1.0
103.9666,128.195574,38.03417,1933.8746184000001,-16.15,-0.581,25.95,1.0
103.9833,128.195609,38.03422,1933.8785808000002,-18.646,-0.339,25.878,1.0
104.0,128.195643,38.03427,1933.8956496,-21.125,-0.083,25.783,1.0
104.0166,128.195678,38.034321,1933.9264344,-23.614,0.147,25.685,1.0
104.0333,128.195712,38.034371,1933.9691064,-25.861,0.395,25.598,1.0
104.05,128.195747,38.034421,1934.0254944,-27.881,0.69,25.505,1.0
104.0666,128.195781,38.034472,1934.0949888000002,-29.717,1.002,25.384,1.0
104.0833,128.195815,38.034522,1934.1769800000002,-31.418,1.282,25.23,1.0
104.1,128.195849,38.034573,1934.2751256,-33.061,1.509,25.06,1.0
104.1166,128.195883,38.034623,1934.3872920000001,-34.735,1.699,24.892,1.0
104.1333,128.195917,38.034674,1934.5089072000003,-36.034,1.93,24.784,1.0
104.1499,128.195951,38.034724,1934.6430192,-37.003,2.217,24.73,1.0
104.1666,128.195984,38.034775,1934.7920664000003,-37.555,2.512,24.677,1.0
104.1833,128.196017,38.034825,1934.9530008,-37.68,2.787,24.607,1.0
104.2,128.196051,38.034876,1935.1258224,-37.414,3.034,24.525,1.0
104.2166,128.196084,38.034927,1935.3105312000002,-36.872,3.251,24.422,1.0
104.2333,128.196117,38.034978,1935.5113944000002,-36.529,3.378,24.282,1.0
104.25,128.19615,38.035028,1935.72384,-36.398,3.398,24.144,1.0
104.2666,128.196183,38.035079,1935.9451248,-36.578,3.326,24.086,1.0
104.2833,128.196215,38.03513,1936.1755536,-37.107,3.166,24.161,1.0
104.3,128.196248,38.035181,1936.4166504000002,-37.951,2.955,24.339,1.0
104.3166,128.19628,38.035232,1936.6690248,-39.02,2.705,24.559,1.0
104.3333,128.196312,38.035283,1936.9323720000002,-40.234,2.431,24.762,1.0
104.35,128.196344,38.035334,1937.205168,-41.58,2.166,24.918,1.0
104.3666,128.196376,38.035385,1937.4858888,-43.093,1.962,25.016,1.0
104.3833,128.196408,38.035436,1937.7739248,-44.81,1.866,25.048,1.0
104.3999,128.19644,38.035487,1938.0689712,-46.723,1.866,25.03,1.0
104.4166,128.196471,38.035538,1938.3716376000002,-48.785,1.92,24.974,1.0
104.4333,128.196503,38.035589,1938.6819240000002,-50.941,1.983,24.891,1.0
104.45,128.196534,38.03564,1938.9986112000001,-53.164,2.021,24.803,1.0
104.4666,128.196565,38.035692,1939.3204800000003,-55.459,2.018,24.746,1.0
104.4833,128.196596,38.035743,1939.6457016000002,-57.843,1.975,24.75,1.0
104.5,128.196627,38.035794,1939.9745808000002,-60.325,1.92,24.794,1.0
104.5166,128.196658,38.035845,1940.3071176000003,-62.893,1.874,24.843,1.0
104.5333,128.196689,38.035897,1940.6430072000003,-65.529,1.846,24.858,1.0
104.55,128.196719,38.035948,1940.9816400000002,-68.219,1.845,24.8,1.0
104.5666,128.196749,38.035999,1941.3227112,-70.965,1.88,24.636,1.0
104.5833,128.19678,38.036051,1941.6650016000003,-73.757,1.935,24.403,1.0
104.6,128.19681,38.036102,1942.0079016000002,-76.577,1.998,24.141,1.0
104.6166,128.196839,38.036154,1942.3514112,-79.398,2.054,23.888,1.0
104.6333,128.196869,38.036205,1942.6937016000002,-81.865,2.127,23.616,1.0
104.6499,128.196899,38.036257,1943.0356872,-83.994,2.215,23.289,1.0
104.6666,128.196928,38.036308,1943.3785872,-85.866,2.277,22.916,1.0
104.6833,128.196957,38.03636,1943.7214872,-87.577,2.287,22.54,1.0
104.7,128.196986,38.036412,1944.0619488,-89.236,2.254,22.201,1.0
104.7166,128.197015,38.036464,1944.3984480000001,-90.95,2.207,21.904,1.0
104.7333,128.197044,38.036516,1944.7288512,-92.443,2.199,21.613,1.0
104.75,128.197072,38.036567,1945.055292,-93.717,2.233,21.293,1.0
104.7666,128.197101,38.036619,1945.3805136,-94.781,2.256,20.914,1.0
104.7833,128.197129,38.036671,1945.7039064,-95.65,2.22,20.452,1.0
104.8,128.197156,38.036724,1946.0233368000002,-96.401,2.126,19.951,1.0
104.8166,128.197184,38.036776,1946.3360616000002,-97.156,2.008,19.452,1.0
104.8333,128.197211,38.036828,1946.6411664000002,-97.994,1.908,18.993,1.0
104.85,128.197239,38.03688,1946.9395656,-98.929,1.839,18.589,1.0
104.8666,128.197265,38.036933,1947.2321736000001,-99.905,1.787,18.221,1.0
104.8833,128.197292,38.036985,1947.5192952,-100.855,1.726,17.865,1.0
104.9,128.197318,38.037038,1947.7997112,-101.75,1.639,17.506,1.0
104.9166,128.197344,38.03709,1948.0728119999999,-102.607,1.53,17.146,1.0
104.9333,128.19737,38.037143,1948.3364640000002,-103.174,1.439,16.786,1.0
104.95,128.197396,38.037196,1948.5918864,-103.497,1.378,16.436,1.0
104.9666,128.197421,38.037248,1948.8415176000003,-103.635,1.32,16.102,1.0
104.9833,128.197446,38.037301,1949.0853576,-103.633,1.238,15.786,1.0
105.0,128.197471,38.037354,1949.320968,-103.552,1.127,15.483,1.0
105.0166,128.197496,38.037407,1949.5474344000002,-103.469,1.005,15.184,1.0
105.0333,128.19752,38.03746,1949.7647568,-103.343,0.91,14.919,1.0
105.05,128.197544,38.037513,1949.9741544,-103.19,0.86,14.723,1.0
105.0666,128.197568,38.037567,1950.1774560000001,-102.998,0.846,14.633,1.0
105.0833,128.197592,38.03762,1950.3743568,-102.745,0.84,14.616,1.0
105.1,128.197616,38.037673,1950.564552,-102.433,0.823,14.632,1.0
105.1166,128.197639,38.037727,1950.7474320000001,-102.097,0.793,14.641,1.0
105.1333,128.197662,38.03778,1950.9236064,-101.68,0.777,14.669,1.0
105.15,128.197685,38.037833,1951.0939896,-101.206,0.788,14.748,1.0
105.1666,128.197708,38.037887,1951.2591912000003,-100.688,0.821,14.909,1.0
105.1833,128.19773,38.037941,1951.4201256,-100.121,0.86,15.136,1.0
105.2,128.197753,38.037994,1951.5761832,-99.514,0.888,15.387,1.0
105.2166,128.197775,38.038048,1951.7276688,-98.891,0.903,15.616,1.0
105.2333,128.197797,38.038101,1951.873668,-98.297,0.905,15.779,1.0
105.25,128.197819,38.038155,1952.0154,-97.743,0.901,15.879,1.0
105.2666,128.197841,38.038209,1952.1528648,-97.219,0.897,15.948,1.0
105.2833,128.197863,38.038263,1952.2863672,-96.707,0.895,16.02,1.0
105.3,128.197884,38.038316,1952.4165168,-96.189,0.894,16.115,1.0
105.3166,128.197906,38.03837,1952.5430088,-95.66,0.891,16.225,1.0
105.3333,128.197928,38.038424,1952.6673672000002,-95.441,0.859,16.329,1.0
105.35,128.197949,38.038478,1952.7877632,-95.509,0.8,16.414,1.0
105.3666,128.19797,38.038532,1952.9026728000001,-95.888,0.741,16.479,1.0
105.3833,128.197991,38.038586,1953.0127056000001,-96.584,0.703,16.533,1.0
105.4,128.198012,38.03864,1953.1184712,-97.568,0.686,16.584,1.0
105.4166,128.198033,38.038694,1953.2205792,-98.784,0.673,16.637,1.0
105.4333,128.198054,38.038748,1953.3190296,-100.189,0.649,16.689,1.0
105.45,128.198075,38.038802,1953.4126032000001,-101.762,0.611,16.737,1.0
105.4666,128.198095,38.038856,1953.5003856000003,-103.508,0.569,16.776,1.0
105.4833,128.198116,38.03891,1953.5820720000002,-105.432,0.535,16.807,1.0
105.5,128.198136,38.038964,1953.6576624000002,-107.522,0.511,16.831,1.0
105.5166,128.198156,38.039018,1953.7274616000002,-109.754,0.492,16.852,1.0
105.5333,128.198176,38.039072,1953.7914696000003,-112.102,0.468,16.869,1.0
105.55,128.198196,38.039126,1953.8487720000003,-114.552,0.436,16.883,1.0
105.5666,128.198216,38.03918,1953.8987592,-117.101,0.398,16.892,1.0
105.5833,128.198235,38.039235,1953.9414312000001,-119.752,0.362,16.898,1.0
105.6,128.198255,38.039289,1953.9761784000002,-122.5,0.331,16.9,1.0
105.6166,128.198274,38.039343,1954.0033056,-125.332,0.302,16.9,1.0
105.6333,128.198294,38.039397,1954.022508,-128.077,0.261,16.865,1.0
105.65,128.198313,38.039451,1954.0337856,-130.709,0.183,16.768,1.0
105.6666,128.198332,38.039506,1954.0368336,-133.238,0.032,16.597,1.0
105.6833,128.198351,38.03956,1954.0319568,-135.687,-0.202,16.369,1.0
105.7,128.198371,38.039614,1954.0148880000002,-138.089,-0.494,16.119,1.0
105.7166,128.198389,38.039668,1953.9856272000002,-140.482,-0.81,15.87,1.0
105.7333,128.198408,38.039722,1953.9423456000002,-142.505,-1.149,15.574,1.0
105.75,128.198427,38.039777,1953.8856528000001,-144.183,-1.516,15.23,1.0
105.7666,128.198446,38.039831,1953.8173776,-145.586,-1.904,14.899,1.0
105.7833,128.198464,38.039885,1953.7369104000002,-146.789,-2.299,14.635,1.0
105.8,128.198483,38.03994,1953.6387648000002,-147.902,-2.683,14.444,1.0
105.8166,128.198501,38.039994,1953.5217216,-149.054,-3.047,14.29,1.0
105.8333,128.19852,38.040048,1953.3857808,-150.421,-3.343,14.169,1.0
105.85,128.198538,38.040103,1953.2306376000001,-152.002,-3.534,14.09,1.0
105.8666,128.198556,38.040157,1953.0553776000002,-153.761,-3.639,14.048,1.0
105.8833,128.198574,38.040211,1952.8615248,-155.606,-3.697,14.036,1.0
105.9,128.198592,38.040266,1952.6506032,-157.467,-3.745,14.04,1.0
105.9166,128.198609,38.04032,1952.4216984,-159.322,-3.818,14.042,1.0
105.9333,128.198627,38.040375,1952.1732864,-161.305,-3.884,14.059,1.0
105.95,128.198645,38.040429,1951.9065864000002,-163.413,-3.91,14.096,1.0
105.9666,128.198662,38.040483,1951.6215984,-165.652,-3.861,14.15,1.0
105.9833,128.19868,38.040538,1951.3177128000002,-168.015,-3.771,14.207,1.0
106.0,128.198698,38.040592,1950.9967584000003,-170.486,-3.682,14.258,1.0
106.0166,128.198715,38.040646,1950.6578208,-173.051,-3.633,14.3,1.0
106.0333,128.198733,38.0407,1950.3045576,-175.152,-3.61,14.294,1.0
106.05,128.19875,38.040755,1949.9381880000003,-176.826,-3.588,14.243,1.0
106.0666,128.198767,38.040809,1949.5599312000002,-178.04,-3.557,14.191,1.0
106.0833,128.198785,38.040863,1949.1710064,-178.776,-3.521,14.174,1.0
106.1,128.198802,38.040918,1948.7726328,-179.075,-3.491,14.191,1.0
106.1166,128.19882,38.040972,1948.3657248,-179.019,-3.476,14.215,1.0
106.1333,128.198837,38.041026,1947.9466248,-179.242,-3.474,14.266,1.0
106.15,128.198855,38.04108,1947.5171616000002,-179.732,-3.478,14.334,1.0
106.1666,128.198872,38.041135,1947.0761160000002,179.487,-3.484,14.392,1.0
106.1833,128.198889,38.041189,1946.6231832,178.418,-3.489,14.425,1.0
106.2,128.198907,38.041243,1946.1580584000003,177.099,-3.494,14.439,1.0
106.2166,128.198924,38.041297,1945.6798272,175.584,-3.502,14.456,1.0
106.2333,128.198942,38.041352,1945.189404,173.911,-3.548,14.493,1.0
106.25,128.198959,38.041406,1944.6858744000003,172.088,-3.649,14.548,1.0
106.2666,128.198976,38.04146,1944.1707624,170.108,-3.779,14.609,1.0
106.2833,128.198994,38.041514,1943.6437632,167.971,-3.905,14.659,1.0
106.3,128.199011,38.041568,1943.1048768,165.696,-4.006,14.697,1.0
106.3166,128.199029,38.041622,1942.5541032,163.316,-4.086,14.732,1.0
106.3333,128.199046,38.041676,1941.9902232000002,160.854,-4.176,14.783,1.0
106.35,128.199064,38.04173,1941.4132368000003,158.317,-4.308,14.862,1.0
106.3666,128.199082,38.041784,1940.8225344000002,155.702,-4.512,14.977,1.0
106.3833,128.199099,38.041838,1940.2202496,153.024,-4.757,15.111,1.0
106.4,128.199117,38.041892,1939.605468,150.317,-5.009,15.247,1.0
106.4166,128.199135,38.041946,1938.9787992000001,147.62,-5.229,15.371,1.0
106.4333,128.199153,38.042,1938.3402432,145.18,-5.449,15.495,1.0
106.45,128.19917,38.042054,1937.6891904,142.986,-5.694,15.64,1.0
106.4666,128.199188,38.042107,1937.025336,140.967,-5.974,15.843,1.0
106.4833,128.199206,38.042161,1936.3477656,139.047,-6.258,16.095,1.0
106.5,128.199225,38.042215,1935.6555648,137.152,-6.519,16.364,1.0
106.5166,128.199243,38.042269,1934.9496480000003,135.221,-6.742,16.612,1.0
106.5333,128.199261,38.042322,1934.231844,133.34,-6.965,16.847,1.0
106.55,128.19928,38.042376,1933.5009336,131.512,-7.207,17.089,1.0
106.5666,128.199299,38.04243,1932.7563072000003,129.75,-7.45,17.348,1.0
106.5833,128.199317,38.042483,1931.9964408,128.056,-7.669,17.618,1.0
106.6,128.199336,38.042536,1931.2228584000002,126.408,-7.853,17.89,1.0
106.6166,128.199356,38.04259,1930.4355600000001,124.762,-8.009,18.153,1.0
106.6333,128.199375,38.042643,1929.6342408,122.989,-8.124,18.375,1.0
106.65,128.199394,38.042696,1928.8192056,121.091,-8.209,18.563,1.0
106.6666,128.199414,38.04275,1927.9904544,119.084,-8.288,18.741,1.0
106.6833,128.199434,38.042803,1927.1504256,117.009,-8.374,18.932,1.0
106.7,128.199454,38.042856,1926.2988144,114.91,-8.467,19.141,1.0
106.7166,128.199474,38.042909,1925.4362304,112.816,-8.554,19.358,1.0
106.7333,128.199495,38.042962,1924.5620640000002,110.641,-8.61,19.553,1.0
106.75,128.199516,38.043014,1923.678144,108.397,-8.624,19.692,1.0
106.7666,128.199537,38.043067,1922.7856896,106.079,-8.599,19.736,1.0
106.7833,128.199558,38.04312,1921.8856152000003,103.671,-8.56,19.719,1.0
106.8,128.199579,38.043172,1920.9788352,101.172,-8.522,19.682,1.0
106.8166,128.199601,38.043225,1920.0659592000002,98.586,-8.491,19.665,1.0
106.8333,128.199622,38.043277,1919.1485112,96.008,-8.473,19.706,1.0
106.85,128.199644,38.04333,1918.2267960000001,93.458,-8.471,19.843,1.0
106.8666,128.199666,38.043382,1917.3014232000003,90.938,-8.47,20.068,1.0
106.8833,128.199689,38.043434,1916.3723928,88.451,-8.459,20.339,1.0
106.9,128.199711,38.043486,1915.4409240000002,85.994,-8.432,20.619,1.0
106.9166,128.199734,38.043539,1914.5079312000003,83.558,-8.391,20.867,1.0
106.9333,128.199757,38.043591,1913.5755480000003,81.339,-8.353,21.12,1.0
106.95,128.19978,38.043643,1912.64286,79.31,-8.318,21.406,1.0
106.9666,128.199803,38.043695,1911.7092576,77.424,-8.266,21.71,1.0
106.9833,128.199826,38.043746,1910.7756552,75.641,-8.185,22.004,1.0
107.0,128.19985,38.043798,1909.8441864000001,73.911,-8.082,22.269,1.0
107.0166,128.199874,38.04385,1908.9163752000002,72.174,-7.969,22.509,1.0
107.0333,128.199898,38.043902,1907.9922216,70.492,-7.859,22.765,1.0
107.05,128.199922,38.043953,1907.0723352,68.851,-7.749,23.057,1.0
107.0666,128.199947,38.044005,1906.1558016000001,67.259,-7.63,23.365,1.0
107.0833,128.199971,38.044056,1905.24384,65.728,-7.497,23.657,1.0
107.1,128.199996,38.044108,1904.33706,64.25,-7.351,23.917,1.0
107.1166,128.200021,38.044159,1903.4372904,62.789,-7.199,24.148,1.0
107.1333,128.200047,38.04421,1902.5445312000002,61.353,-7.042,24.384,1.0
107.15,128.200072,38.044262,1901.6600016000002,59.923,-6.881,24.634,1.0
107.1666,128.200098,38.044313,1900.7837016000003,58.499,-6.716,24.889,1.0
107.1833,128.200124,38.044364,1899.9156312000002,57.096,-6.548,25.133,1.0
107.2,128.20015,38.044415,1899.0567048000003,55.717,-6.375,25.355,1.0
107.2166,128.200176,38.044466,1898.2078368000002,54.354,-6.198,25.559,1.0
107.2333,128.200203,38.044517,1897.3693320000002,53.005,-6.021,25.753,1.0
107.25,128.200229,38.044568,1896.5424096000002,51.66,-5.843,25.942,1.0
107.2666,128.200256,38.044619,1895.7267648000002,50.313,-5.662,26.13,1.0
107.2833,128.200284,38.044669,1894.923312,48.969,-5.478,26.313,1.0
107.3,128.200311,38.04472,1894.1320512000002,47.632,-5.289,26.487,1.0
107.3166,128.200338,38.044771,1893.3538968000003,46.301,-5.097,26.652,1.0
107.3333,128.200366,38.044821,1892.5879344000002,44.986,-4.921,26.792,1.0
107.35,128.200394,38.044872,1891.8356880000001,43.68,-4.761,26.909,1.0
107.3666,128.200422,38.044922,1891.0971576,42.379,-4.605,27.017,1.0
107.3833,128.20045,38.044972,1890.3729528000001,41.079,-4.437,27.127,1.0
107.4,128.200479,38.045023,1889.6633784,39.781,-4.255,27.241,1.0
107.4166,128.200507,38.045073,1888.9687392000003,38.48,-4.065,27.356,1.0
107.4333,128.200536,38.045123,1888.2896448000001,37.515,-3.856,27.513,1.0
107.45,128.200565,38.045174,1887.6260952,36.857,-3.602,27.732,1.0
107.4666,128.200594,38.045224,1886.975652,36.524,-3.3,27.983,1.0
107.4833,128.200623,38.045274,1886.3389248,36.52,-2.973,28.227,1.0
107.5,128.200653,38.045324,1885.7156088,36.789,-2.652,28.441,1.0
107.5166,128.200682,38.045374,1885.1053992000002,37.204,-2.364,28.612,1.0
107.5333,128.200712,38.045424,1884.5110392000001,37.664,-2.11,28.758,1.0
107.55,128.200742,38.045474,1883.9340528000002,38.107,-1.874,28.905,1.0
107.5666,128.200772,38.045524,1883.3738304,38.523,-1.64,29.065,1.0
107.5833,128.200802,38.045573,1882.8291528000002,38.926,-1.401,29.238,1.0
107.6,128.200832,38.045623,1882.3006296,39.336,-1.163,29.412,1.0
107.6166,128.200862,38.045673,1881.7882608,39.762,-0.932,29.58,1.0
107.6333,128.200893,38.045722,1881.2923512000002,39.913,-0.719,29.699,1.0
107.65,128.200924,38.045772,1880.8132056000002,39.804,-0.555,29.75,1.0
107.6666,128.200955,38.045822,1880.3514336,39.419,-0.479,29.729,1.0
107.6833,128.200986,38.045871,1879.9061208000003,38.753,-0.527,29.631,1.0
107.7,128.201017,38.04592,1879.4748288000003,37.832,-0.72,29.44,1.0
107.7166,128.201049,38.04597,1879.0578624,36.696,-1.015,29.177,1.0
107.7333,128.20108,38.046019,1878.6540024,35.379,-1.366,28.867,1.0
107.75,128.201112,38.046068,1878.2632488000002,33.892,-1.736,28.54,1.0
107.7666,128.201144,38.046117,1877.8852968,32.23,-2.09,28.234,1.0
107.7833,128.201176,38.046167,1877.5207560000001,30.385,-2.394,27.981,1.0
107.8,128.201208,38.046216,1877.1693216,28.362,-2.608,27.806,1.0
107.8166,128.20124,38.046265,1876.830384,26.18,-2.698,27.717,1.0
107.8333,128.201272,38.046314,1876.5030288000003,23.864,-2.679,27.689,1.0
107.85,128.201304,38.046363,1876.1881704,21.439,-2.578,27.697,1.0
107.8666,128.201336,38.046412,1875.8855039999999,18.919,-2.425,27.721,1.0
107.8833,128.201368,38.046461,1875.5941152000003,16.333,-2.254,27.748,1.0
107.9,128.201401,38.04651,1875.3130896,13.713,-2.101,27.766,1.0
107.9166,128.201433,38.046558,1875.0418176000003,11.085,-2.001,27.769,1.0
107.9333,128.201465,38.046607,1874.7778607999999,8.571,-1.988,27.759,1.0
107.95,128.201498,38.046656,1874.52,6.169,-2.07,27.737,1.0
107.9666,128.20153,38.046705,1874.2679304,3.852,-2.209,27.703,1.0
107.9833,128.201562,38.046754,1874.0247000000002,1.584,-2.368,27.659,1.0
108.0,128.201595,38.046803,1873.7887848,-0.676,-2.505,27.614,1.0
108.0166,128.201627,38.046852,1873.5610992000002,-2.962,-2.581,27.576,1.0
108.0333,128.20166,38.0469,1873.3376808,-5.177,-2.588,27.557,1.0
108.05,128.201692,38.046949,1873.1182248,-7.311,-2.559,27.553,1.0
108.0666,128.201724,38.046998,1872.9021216,-9.362,-2.532,27.551,1.0
108.0833,128.201757,38.047047,1872.6912000000002,-11.332,-2.537,27.537,1.0
108.1,128.201789,38.047096,1872.4851552,-13.249,-2.57,27.512,1.0
108.1166,128.201822,38.047145,1872.2849016000002,-15.16,-2.61,27.482,1.0
108.1333,128.201854,38.047194,1872.0858672000002,-16.937,-2.632,27.467,1.0
108.15,128.201886,38.047243,1871.8889664000003,-18.597,-2.634,27.472,1.0
108.1666,128.201918,38.047291,1871.6935896,-20.157,-2.629,27.48,1.0
108.1833,128.201951,38.04734,1871.5012608,-21.625,-2.632,27.473,1.0
108.2,128.201983,38.047389,1871.3122848,-23.03,-2.645,27.448,1.0
108.2166,128.202015,38.047438,1871.1269664000001,-24.426,-2.664,27.414,1.0
108.2333,128.202048,38.047487,1870.9404288000003,-25.452,-2.666,27.415,1.0
108.25,128.20208,38.047536,1870.7541960000003,-26.149,-2.647,27.454,1.0
108.2666,128.202112,38.047585,1870.5685728,-26.483,-2.625,27.5,1.0
108.2833,128.202144,38.047634,1870.38234,-26.425,-2.614,27.521,1.0
108.3,128.202176,38.047683,1870.1948880000002,-26.0,-2.618,27.512,1.0
108.3166,128.202209,38.047732,1870.0040832000002,-25.316,-2.627,27.489,1.0
108.3333,128.202241,38.047781,1869.8096208000002,-24.398,-2.63,27.479,1.0
108.35,128.202273,38.04783,1869.6108912000002,-23.286,-2.624,27.49,1.0
108.3666,128.202305,38.047879,1869.4078944,-21.976,-2.615,27.512,1.0
108.3833,128.202338,38.047928,1869.199716,-20.483,-2.61,27.525,1.0
108.4,128.20237,38.047977,1868.9875752,-18.861,-2.614,27.517,1.0
108.4166,128.202402,38.048026,1868.7733008,-17.186,-2.625,27.491,1.0
108.4333,128.202435,38.048075,1868.5568928,-15.906,-2.646,27.435,1.0
108.45,128.202467,38.048124,1868.3389608,-15.017,-2.672,27.365,1.0
108.4666,128.202499,38.048173,1868.1201144,-14.537,-2.694,27.31,1.0
108.4833,128.202531,38.048222,1867.9015728000002,-14.452,-2.709,27.283,1.0
108.5,128.202564,38.048271,1867.6839456000002,-14.642,-2.717,27.275,1.0
108.5166,128.202596,38.04832,1867.4687568000002,-14.939,-2.722,27.274,1.0
108.5333,128.202628,38.048369,1867.2523488000002,-14.93,-2.688,27.284,1.0
108.55,128.20266,38.048419,1867.0368552,-14.628,-2.582,27.288,1.0
108.5666,128.202693,38.048468,1866.8231904,-14.026,-2.381,27.257,1.0
108.5833,128.202725,38.048517,1866.6095255999999,-13.214,-2.119,27.186,1.0
108.6,128.202757,38.048566,1866.3982992,-12.31,-1.836,27.087,1.0
108.6166,128.202789,38.048615,1866.1916448000002,-11.417,-1.565,26.987,1.0
108.6333,128.202822,38.048664,1865.9895624,-10.887,-1.348,26.889,1.0
108.65,128.202854,38.048713,1865.793576,-10.702,-1.183,26.8,1.0
108.6666,128.202886,38.048763,1865.6052096000003,-10.853,-1.039,26.73,1.0
108.6833,128.202918,38.048812,1865.426292,-11.259,-0.887,26.677,1.0
108.7,128.20295,38.048861,1865.2574328,-11.792,-0.717,26.637,1.0
108.7166,128.202982,38.04891,1865.0958888000002,-12.344,-0.538,26.601,1.0
108.7333,128.203014,38.04896,1864.9462320000002,-13.101,-0.395,26.546,1.0
108.75,128.203046,38.049009,1864.8066336,-14.037,-0.323,26.477,1.0
108.7666,128.203078,38.049058,1864.676484,-15.172,-0.349,26.425,1.0
108.7833,128.20311,38.049107,1864.5573072000002,-16.526,-0.43,26.402,1.0
108.8,128.203142,38.049157,1864.4494080000002,-18.089,-0.526,26.406,1.0
108.8166,128.203174,38.049206,1864.3537008,-19.825,-0.601,26.412,1.0
108.8333,128.203206,38.049255,1864.2640896,-21.162,-0.646,26.448,1.0
108.85,128.203237,38.049305,1864.1820984,-22.122,-0.672,26.508,1.0
108.8666,128.203269,38.049354,1864.1071176000003,-22.679,-0.698,26.562,1.0
108.8833,128.203301,38.049403,1864.0373184000002,-22.828,-0.736,26.591,1.0
108.9,128.203332,38.049453,1863.9714816,-22.612,-0.781,26.595,1.0
108.9166,128.203364,38.049502,1863.9077784,-22.101,-0.82,26.595,1.0
108.9333,128.203395,38.049551,1863.8516952,-21.891,-0.851,26.563,1.0
108.95,128.203427,38.049601,1863.8010984,-21.958,-0.877,26.503,1.0
108.9666,128.203459,38.04965,1863.7556832000002,-22.329,-0.895,26.446,1.0
108.9833,128.20349,38.0497,1863.716364,-23.007,-0.908,26.412,1.0
109.0,128.203521,38.049749,1863.68436,-23.959,-0.918,26.398,1.0
109.0166,128.203553,38.049799,1863.6602808,-25.129,-0.928,26.387,1.0
109.0333,128.203584,38.049848,1863.6441264000002,-26.475,-0.95,26.368,1.0
109.05,128.203615,38.049897,1863.6343728000002,-27.981,-0.983,26.34,1.0
109.0666,128.203646,38.049947,1863.63102,-29.65,-1.016,26.31,1.0
109.0833,128.203677,38.049996,1863.6334584,-31.486,-1.04,26.284,1.0
109.1,128.203709,38.050046,1863.6413832,-33.48,-1.053,26.265,1.0
109.1166,128.203739,38.050095,1863.6550992000002,-35.605,-1.062,26.248,1.0
109.1333,128.20377,38.050145,1863.6739968000002,-37.838,-1.071,26.229,1.0
109.15,128.203801,38.050194,1863.6974664000002,-40.164,-1.086,26.205,1.0
109.1666,128.203832,38.050244,1863.7255080000002,-42.579,-1.102,26.18,1.0
109.1833,128.203863,38.050293,1863.7572072000003,-45.083,-1.116,26.155,1.0
109.2,128.203893,38.050343,1863.7922592000002,-47.671,-1.125,26.133,1.0
109.2166,128.203924,38.050393,1863.830664,-50.334,-1.132,26.113,1.0
109.2333,128.203954,38.050442,1863.8718119999999,-53.057,-1.14,26.093,1.0
109.25,128.203985,38.050492,1863.9157032,-55.83,-1.149,26.072,1.0
109.2666,128.204015,38.050541,1863.9614232000001,-58.649,-1.161,26.05,1.0
109.2833,128.204045,38.050591,1864.008972,-61.511,-1.173,26.029,1.0
109.3,128.204075,38.050641,1864.0574352,-64.415,-1.183,26.009,1.0
109.3166,128.204105,38.05069,1864.106508,-67.355,-1.192,25.989,1.0
109.3333,128.204135,38.05074,1864.1558856000001,-70.324,-1.201,25.971,1.0
109.35,128.204165,38.05079,1864.2052632,-73.317,-1.212,25.953,1.0
109.3666,128.204195,38.05084,1864.2540312000003,-76.326,-1.223,25.936,1.0
109.3833,128.204225,38.050889,1864.3015800000003,-79.343,-1.235,25.92,1.0
109.4,128.204254,38.050939,1864.3473000000001,-82.362,-1.245,25.905,1.0
109.4166,128.204284,38.050989,1864.3908864,-85.38,-1.255,25.89,1.0
109.4333,128.204313,38.051039,1864.4320344000002,-88.403,-1.266,25.873,1.0
109.45,128.204342,38.051089,1864.4701344000002,-91.428,-1.279,25.855,1.0
109.4666,128.204371,38.051138,1864.5045768,-94.455,-1.293,25.837,1.0
109.4833,128.204401,38.051188,1864.5350568000001,-97.483,-1.306,25.82,1.0
109.5,128.20443,38.051238,1864.56066,-100.511,-1.319,25.806,1.0
109.5166,128.204458,38.051288,1864.5816912000003,-103.536,-1.331,25.793,1.0
109.5333,128.204487,38.051338,1864.5969312000002,-106.515,-1.349,25.749,1.0
109.55,128.204516,38.051388,1864.6063800000002,-109.451,-1.386,25.643,1.0
109.5666,128.204544,38.051438,1864.6088184000002,-112.351,-1.443,25.498,1.0
109.5833,128.204573,38.051488,1864.6042464,-115.227,-1.509,25.35,1.0
109.6,128.204601,38.051538,1864.5920544,-118.087,-1.571,25.231,1.0
109.6166,128.20463,38.051588,1864.5710232000001,-120.936,-1.626,25.145,1.0
109.6333,128.204658,38.051638,1864.5414576,-123.71,-1.684,25.058,1.0
109.65,128.204686,38.051688,1864.502748,-126.418,-1.761,24.945,1.0
109.6666,128.204714,38.051739,1864.4533704,-129.08,-1.86,24.812,1.0
109.6833,128.204742,38.051789,1864.39302,-131.712,-1.972,24.682,1.0
109.7,128.204769,38.051839,1864.3210872,-134.326,-2.082,24.571,1.0
109.7166,128.204797,38.051889,1864.2366576,-136.937,-2.186,24.481,1.0
109.7333,128.204825,38.051939,1864.1409504000003,-139.523,-2.277,24.407,1.0
109.75,128.204852,38.05199,1864.0315272,-142.089,-2.361,24.343,1.0
109.7666,128.20488,38.05204,1863.9083880000003,-144.642,-2.448,24.281,1.0
109.7833,128.204907,38.05209,1863.7715328000002,-147.182,-2.545,24.222,1.0
109.8,128.204934,38.05214,1863.6200472,-149.717,-2.65,24.169,1.0
109.8166,128.204961,38.052191,1863.4533216000002,-152.253,-2.756,24.121,1.0
109.8333,128.204989,38.052241,1863.2704416,-154.332,-2.866,24.008,1.0
109.85,128.205016,38.052291,1863.0723216000001,-155.99,-3.012,23.818,1.0
109.8666,128.205043,38.052342,1862.859876,-157.175,-3.249,23.589,1.0
109.8833,128.205069,38.052392,1862.6309712,-157.883,-3.613,23.338,1.0
109.9,128.205096,38.052442,1862.3865216000002,-158.156,-4.069,23.083,1.0
109.9166,128.205123,38.052493,1862.1256128000002,-158.033,-4.577,22.84,1.0
109.9333,128.20515,38.052543,1861.8476352,-157.585,-5.089,22.607,1.0
109.95,128.205177,38.052593,1861.5528936000003,-156.877,-5.557,22.379,1.0
109.9666,128.205203,38.052644,1861.2419976,-155.948,-5.941,22.164,1.0
109.9833,128.20523,38.052694,1860.9161664000003,-154.812,-6.229,21.977,1.0
110.0,128.205256,38.052745,1860.5747904,-153.518,-6.459,21.817,1.0
110.0166,128.205283,38.052795,1860.2190888000002,-152.122,-6.664,21.679,1.0
110.0333,128.205309,38.052846,1859.8450992000003,-150.855,-6.881,21.559,1.0
110.05,128.205335,38.052896,1859.4525168,-149.753,-7.135,21.433,1.0
110.0666,128.205361,38.052946,1859.0389032,-148.804,-7.44,21.26,1.0
110.0833,128.205387,38.052997,1858.6030392000002,-147.972,-7.796,21.019,1.0
110.1,128.205413,38.053047,1858.149192,-147.194,-8.172,20.735,1.0
110.1166,128.205439,38.053098,1857.6764472,-146.411,-8.543,20.44,1.0
110.1333,128.205465,38.053148,1857.182976,-145.741,-8.901,20.195,1.0
110.15,128.20549,38.053199,1856.6681687999999,-145.178,-9.227,20.017,1.0
110.1666,128.205516,38.05325,1856.1292824,-144.735,-9.519,19.868,1.0
110.1833,128.205541,38.0533,1855.5657072000001,-144.419,-9.786,19.702,1.0
110.2,128.205566,38.053351,1854.9811008,-144.192,-10.043,19.502,1.0
110.2166,128.205591,38.053401,1854.3751584000001,-143.986,-10.302,19.28,1.0
110.2333,128.205616,38.053452,1853.7460512,-144.006,-10.579,19.079,1.0
110.25,128.20564,38.053503,1853.0934744000003,-144.22,-10.871,18.914,1.0
110.2666,128.205665,38.053553,1852.4149896000001,-144.593,-11.159,18.766,1.0
110.2833,128.205689,38.053604,1851.7096824,-145.105,-11.428,18.608,1.0
110.3,128.205713,38.053655,1850.9802960000002,-145.713,-11.678,18.431,1.0
110.3166,128.205737,38.053705,1850.2271352,-146.35,-11.92,18.244,1.0
110.3333,128.205761,38.053756,1849.4489808,-147.166,-12.145,18.098,1.0
110.35,128.205784,38.053807,1848.6461376000002,-148.138,-12.33,18.019,1.0
110.3666,128.205808,38.053857,1847.8173864,-149.284,-12.436,18.01,1.0
110.3833,128.205831,38.053908,1846.9633368000002,-150.622,-12.452,18.052,1.0
110.4,128.205854,38.053959,1846.0830744000002,-152.147,-12.406,18.113,1.0
110.4166,128.205877,38.05401,1845.1775136,-153.834,-12.337,18.176,1.0
110.4333,128.2059,38.05406,1844.2497024000002,-155.662,-12.224,18.259,1.0
110.45,128.205922,38.054111,1843.2996408000001,-157.612,-12.057,18.373,1.0
110.4666,128.205945,38.054161,1842.3276336,-159.678,-11.872,18.497,1.0
110.4833,128.205967,38.054212,1841.3345952,-161.858,-11.706,18.608,1.0
110.5,128.20599,38.054263,1840.3208304,-164.151,-11.584,18.693,1.0
110.5166,128.206012,38.054313,1839.2878632,-166.555,-11.499,18.755,1.0
110.5333,128.206035,38.054364,1838.2363032,-169.057,-11.43,18.804,1.0
110.55,128.206057,38.054414,1837.1670648000002,-171.643,-11.36,18.849,1.0
110.5666,128.206079,38.054465,1836.0804528000003,-174.301,-11.286,18.894,1.0
110.5833,128.206101,38.054515,1834.9773816,-177.025,-11.215,18.938,1.0
110.6,128.206123,38.054565,1833.8584607999999,-179.814,-11.156,18.978,1.0
110.6166,128.206145,38.054616,1832.7239952,177.334,-11.111,19.013,1.0
110.6333,128.206167,38.054666,1831.5748992000001,174.424,-11.078,19.043,1.0
110.65,128.20619,38.054716,1830.4120872,171.472,-11.052,19.068,1.0
110.6666,128.206212,38.054767,1829.2367784,168.498,-11.029,19.091,1.0
110.6833,128.206234,38.054817,1828.0495824,165.519,-11.008,19.112,1.0
110.7,128.206256,38.054867,1826.850804,162.543,-10.992,19.133,1.0
110.7166,128.206278,38.054917,1825.6410528000001,159.572,-10.98,19.155,1.0
110.7333,128.2063,38.054967,1824.4215480000003,156.618,-10.973,19.178,1.0
110.75,128.206322,38.055018,1823.1919848,153.68,-10.97,19.199,1.0
110.7666,128.206345,38.055068,1821.9526680000001,150.755,-10.969,19.221,1.0
110.7833,128.206367,38.055118,1820.7042072000002,147.841,-10.97,19.244,1.0
110.8,128.206389,38.055168,1819.4466024,144.934,-10.971,19.268,1.0
110.8166,128.206411,38.055218,1818.1804632,142.032,-10.972,19.294,1.0
110.8333,128.206434,38.055268,1816.9042656,139.103,-10.974,19.322,1.0
110.85,128.206456,38.055318,1815.6204480000001,136.15,-10.976,19.351,1.0
110.8666,128.206479,38.055367,1814.3290104000002,133.179,-10.978,19.379,1.0
110.8833,128.206501,38.055417,1813.0302576,130.202,-10.982,19.405,1.0
110.9,128.206524,38.055467,1811.7244944000001,127.227,-10.988,19.429,1.0
110.9166,128.206546,38.055517,1810.4123304,124.262,-10.993,19.454,1.0
110.9333,128.206569,38.055567,1809.0925464,121.285,-10.995,19.479,1.0
110.95,128.206592,38.055616,1807.7669712,118.301,-10.994,19.507,1.0
110.9666,128.206615,38.055666,1806.4362144,115.307,-10.993,19.534,1.0
110.9833,128.206638,38.055716,1805.0999712,112.304,-10.993,19.559,1.0
111.0,128.206661,38.055765,1803.759156,109.298,-10.994,19.581,1.0
111.0166,128.206684,38.055815,1802.4140736,106.298,-10.996,19.601,1.0
111.0333,128.206707,38.055864,1801.064724,103.317,-11.006,19.652,1.0
111.05,128.20673,38.055914,1799.7117168,100.355,-11.022,19.739,1.0
111.0666,128.206753,38.055963,1798.3556616,97.411,-11.037,19.842,1.0
111.0833,128.206777,38.056012,1796.9968632,94.484,-11.047,19.934,1.0
111.1,128.2068,38.056062,1795.6356264,91.576,-11.052,20.008,1.0
111.1166,128.206824,38.056111,1794.2728656,88.687,-11.053,20.066,1.0
111.1333,128.206848,38.05616,1792.9091904,85.933,-11.058,20.143,1.0
111.15,128.206872,38.056209,1791.5452104,83.295,-11.064,20.271,1.0
111.1666,128.206896,38.056258,1790.1800112,80.739,-11.055,20.463,1.0
111.1833,128.20692,38.056308,1788.8151168,78.243,-11.025,20.683,1.0
111.2,128.206944,38.056357,1787.4511368,75.786,-10.981,20.892,1.0
111.2166,128.206968,38.056406,1786.0895952,73.343,-10.933,21.066,1.0
111.2333,128.206993,38.056455,1784.7307968000002,71.063,-10.892,21.241,1.0
111.25,128.207018,38.056504,1783.3753512,68.924,-10.85,21.447,1.0
111.2666,128.207042,38.056553,1782.0220392000003,66.891,-10.781,21.698,1.0
111.2833,128.207067,38.056601,1780.6720800000003,64.941,-10.681,21.963,1.0
111.3,128.207092,38.05665,1779.3276072,63.039,-10.564,22.206,1.0
111.3166,128.207118,38.056699,1777.9895352,61.143,-10.449,22.413,1.0
111.3333,128.207143,38.056748,1776.6581687999999,59.249,-10.331,22.618,1.0
111.35,128.207169,38.056796,1775.3347272,57.344,-10.208,22.837,1.0
111.3666,128.207194,38.056845,1774.0189056000002,55.439,-10.079,23.06,1.0
111.3833,128.20722,38.056894,1772.7116184000001,53.548,-9.945,23.27,1.0
111.4,128.207246,38.056942,1771.4131704000001,51.677,-9.809,23.459,1.0
111.4166,128.207272,38.056991,1770.1250856000001,49.818,-9.673,23.626,1.0
111.4333,128.207299,38.057039,1768.8482784,47.947,-9.531,23.785,1.0
111.45,128.207325,38.057088,1767.5833584000002,46.053,-9.383,23.941,1.0
111.4666,128.207352,38.057136,1766.3306304,44.138,-9.23,24.095,1.0
111.4833,128.207379,38.057185,1765.0903992,42.21,-9.078,24.241,1.0
111.5,128.207406,38.057233,1763.8632744000001,40.278,-8.927,24.375,1.0
111.5166,128.207433,38.057281,1762.6495608,38.348,-8.777,24.498,1.0
111.5333,128.20746,38.05733,1761.4498680000002,36.43,-8.617,24.617,1.0
111.55,128.207488,38.057378,1760.2648056,34.521,-8.447,24.734,1.0
111.5666,128.207515,38.057426,1759.0952880000002,32.614,-8.271,24.845,1.0
111.5833,128.207543,38.057474,1757.9413152000002,30.706,-8.097,24.946,1.0
111.6,128.20757,38.057523,1756.803192,28.795,-7.925,25.037,1.0
111.6166,128.207598,38.057571,1755.6818328,26.881,-7.755,25.117,1.0
111.6333,128.207626,38.057619,1754.5757136,24.987,-7.577,25.195,1.0
111.65,128.207654,38.057667,1753.486968,23.111,-7.39,25.271,1.0
111.6666,128.207683,38.057715,1752.4159008,21.248,-7.197,25.34,1.0
111.6833,128.207711,38.057763,1751.3622072000003,19.394,-7.006,25.4,1.0
111.7,128.207739,38.057811,1750.3268016000002,17.542,-6.817,25.448,1.0
111.7166,128.207768,38.057859,1749.309684,15.688,-6.632,25.487,1.0
111.7333,128.207796,38.057908,1748.3117688,13.737,-6.481,25.502,1.0
111.75,128.207825,38.057956,1747.3330560000002,11.694,-6.399,25.489,1.0
111.7666,128.207853,38.058004,1746.372936,9.556,-6.416,25.451,1.0
111.7833,128.207882,38.058052,1745.4292752000001,7.321,-6.565,25.395,1.0
111.8,128.207911,38.0581,1744.5014640000002,4.992,-6.803,25.332,1.0
111.8166,128.20794,38.058148,1743.5885880000003,2.575,-7.088,25.271,1.0
111.8333,128.207968,38.058196,1742.6897328,0.073,-7.377,25.218,1.0
111.85,128.207997,38.058244,1741.8042888000002,-2.515,-7.628,25.176,1.0
111.8666,128.208026,38.058292,1740.9319512000002,-5.189,-7.799,25.144,1.0
111.8833,128.208054,38.05834,1740.07272,-7.942,-7.867,25.115,1.0
111.9,128.208083,38.058389,1739.2247664000001,-10.763,-7.865,25.085,1.0
111.9166,128.208112,38.058437,1738.3887000000002,-13.638,-7.825,25.052,1.0
111.9333,128.208141,38.058485,1737.5636064,-16.552,-7.77,25.014,1.0
111.95,128.208169,38.058533,1736.748876,-19.497,-7.72,24.971,1.0
111.9666,128.208198,38.058581,1735.9445088,-22.464,-7.682,24.928,1.0
111.9833,128.208226,38.05863,1735.1489808000001,-25.445,-7.652,24.885,1.0
112.0,128.208255,38.058678,1734.3629016000002,-28.437,-7.621,24.841,1.0
112.0166,128.208283,38.058726,1733.5853568,-31.433,-7.586,24.793,1.0
112.0333,128.208312,38.058774,1732.8148224,-34.378,-7.515,24.726,1.0
112.05,128.20834,38.058823,1732.0516032,-37.269,-7.409,24.632,1.0
112.0666,128.208368,38.058871,1731.2966136,-40.117,-7.294,24.522,1.0
112.0833,128.208396,38.058919,1730.549244,-42.935,-7.194,24.411,1.0
112.1,128.208424,38.058968,1729.8088848,-45.737,-7.117,24.307,1.0
112.1166,128.208452,38.059016,1729.0758408000002,-48.535,-7.057,24.207,1.0
112.1333,128.20848,38.059065,1728.3476736,-51.288,-6.988,24.091,1.0
112.15,128.208508,38.059113,1727.6252976,-54.003,-6.899,23.948,1.0
112.1666,128.208536,38.059162,1726.9093224,-56.69,-6.803,23.786,1.0
112.1833,128.208564,38.059211,1726.1985288,-59.356,-6.718,23.622,1.0
112.2,128.208591,38.059259,1725.492612,-62.008,-6.653,23.467,1.0
112.2166,128.208618,38.059308,1724.7912672000002,-64.654,-6.605,23.321,1.0
112.2333,128.208646,38.059357,1724.0923608,-67.155,-6.553,23.171,1.0
112.25,128.208673,38.059405,1723.3958928,-69.527,-6.494,23.011,1.0
112.2666,128.2087,38.059454,1722.7015584000003,-71.802,-6.44,22.843,1.0
112.2833,128.208727,38.059503,1722.0105768,-74.011,-6.403,22.672,1.0
112.3,128.208753,38.059552,1721.3214240000002,-76.185,-6.386,22.503,1.0
112.3166,128.20878,38.059601,1720.6331856000002,-78.361,-6.383,22.338,1.0
112.3333,128.208806,38.05965,1719.9434232,-80.256,-6.362,22.18,1.0
112.35,128.208833,38.059699,1719.2533560000002,-81.894,-6.32,22.027,1.0
112.3666,128.208859,38.059748,1718.5645080000002,-83.329,-6.284,21.875,1.0
112.3833,128.208885,38.059797,1717.87566,-84.612,-6.278,21.72,1.0
112.4,128.208911,38.059846,1717.1865072000003,-85.814,-6.303,21.562,1.0
112.4166,128.208937,38.059896,1716.4955256,-87.016,-6.342,21.405,1.0
112.4333,128.208963,38.059945,1715.7999720000003,-87.896,-6.349,21.255,1.0
112.45,128.208988,38.059994,1715.1019800000001,-88.492,-6.318,21.114,1.0
112.4666,128.209014,38.060043,1714.4039880000003,-88.779,-6.281,20.979,1.0
112.4833,128.209039,38.060093,1713.7050816,-88.732,-6.266,20.845,1.0
112.5,128.209065,38.060142,1713.0049560000002,-88.371,-6.278,20.708,1.0
112.5166,128.20909,38.060192,1712.3017823999999,-87.75,-6.303,20.572,1.0
112.5333,128.209115,38.060241,1711.5955608,-86.927,-6.32,20.47,1.0
112.55,128.209141,38.06029,1710.8865960000003,-85.94,-6.325,20.439,1.0
112.5666,128.209166,38.06034,1710.1758024,-84.791,-6.324,20.477,1.0
112.5833,128.209191,38.060389,1709.4628752,-83.472,-6.328,20.547,1.0
112.6,128.209216,38.060439,1708.7481192,-81.98,-6.34,20.614,1.0
112.6166,128.209241,38.060489,1708.0312296000002,-80.328,-6.355,20.641,1.0
112.6333,128.209266,38.060538,1707.311292,-78.538,-6.367,20.643,1.0
112.65,128.209292,38.060588,1706.5889160000002,-76.634,-6.375,20.644,1.0
112.6666,128.209317,38.060637,1705.8641016000001,-74.625,-6.382,20.658,1.0
112.6833,128.209342,38.060687,1705.1368488,-72.516,-6.392,20.684,1.0
112.7,128.209367,38.060737,1704.4077672,-70.309,-6.404,20.713,1.0
112.7166,128.209392,38.060786,1703.6759424000002,-68.008,-6.418,20.736,1.0
112.7333,128.209417,38.060836,1702.945032,-65.963,-6.441,20.712,1.0
112.75,128.209442,38.060886,1702.213512,-64.185,-6.458,20.611,1.0
112.7666,128.209467,38.060935,1701.4807728,-62.626,-6.43,20.428,1.0
112.7833,128.209492,38.060985,1700.7474240000001,-61.233,-6.35,20.213,1.0
112.8,128.209517,38.061035,1700.0152944000001,-59.932,-6.234,19.999,1.0
112.8166,128.209541,38.061085,1699.2846888000001,-58.641,-6.115,19.813,1.0
112.8333,128.209566,38.061135,1698.5586552,-57.543,-6.039,19.655,1.0
112.85,128.20959,38.061185,1697.8362792,-56.613,-6.003,19.509,1.0
112.8666,128.209615,38.061235,1697.1166464,-55.823,-5.974,19.368,1.0
112.8833,128.209639,38.061285,1696.4009760000001,-55.158,-5.92,19.232,1.0
112.9,128.209663,38.061335,1695.6880488000002,-54.575,-5.835,19.104,1.0
112.9166,128.209687,38.061385,1694.979084,-54.005,-5.738,18.981,1.0
112.9333,128.209711,38.061435,1694.2728624000001,-53.211,-5.652,18.889,1.0
112.95,128.209735,38.061485,1693.5687744000002,-52.198,-5.609,18.851,1.0
112.9666,128.209759,38.061536,1692.8659056000001,-50.976,-5.634,18.886,1.0
112.9833,128.209783,38.061586,1692.1633416,-49.563,-5.714,18.975,1.0
113.0,128.209807,38.061636,1691.460168,-47.986,-5.82,19.093,1.0
113.0166,128.209831,38.061686,1690.7563848,-46.286,-5.924,19.211,1.0
113.0333,128.209855,38.061737,1690.0559544,-44.955,-6.027,19.278,1.0
113.05,128.209878,38.061787,1689.3567432,-43.955,-6.124,19.288,1.0
113.0666,128.209902,38.061837,1688.6572272,-43.313,-6.211,19.279,1.0
113.0833,128.209926,38.061888,1687.9586256,-43.045,-6.286,19.287,1.0
113.1,128.209949,38.061938,1687.2612432,-43.125,-6.353,19.32,1.0
113.1166,128.209973,38.061988,1686.5669088,-43.498,-6.418,19.363,1.0
113.1333,128.209996,38.062039,1685.874708,-44.12,-6.471,19.41,1.0
113.15,128.21002,38.062089,1685.1855552,-44.882,-6.511,19.457,1.0
113.1666,128.210043,38.06214,1684.4994504000001,-45.697,-6.539,19.501,1.0
113.1833,128.210067,38.06219,1683.8173080000001,-46.51,-6.562,19.543,1.0
113.2,128.21009,38.062241,1683.1366896,-47.298,-6.585,19.581,1.0
113.2166,128.210113,38.062291,1682.4585096000003,-48.062,-6.611,19.616,1.0
113.2333,128.210136,38.062342,1681.7839872,-48.851,-6.635,19.648,1.0
113.25,128.210159,38.062393,1681.1115984,-49.677,-6.653,19.677,1.0
113.2666,128.210182,38.062443,1680.4407336,-50.531,-6.665,19.705,1.0
113.2833,128.210205,38.062494,1679.7713928,-51.401,-6.673,19.731,1.0
113.3,128.210228,38.062545,1679.103576,-52.274,-6.678,19.756,1.0
113.3166,128.210251,38.062595,1678.4366736,-53.141,-6.683,19.778,1.0
113.3333,128.210274,38.062646,1677.768552,-53.67,-6.664,19.803,1.0
113.35,128.210296,38.062697,1677.0998208,-53.892,-6.621,19.831,1.0
113.3666,128.210319,38.062747,1676.4310896,-53.795,-6.576,19.853,1.0
113.3833,128.210342,38.062798,1675.761444,-53.382,-6.546,19.867,1.0
113.4,128.210365,38.062849,1675.0896648,-52.682,-6.532,19.873,1.0
113.4166,128.210388,38.0629,1674.4148376,-51.743,-6.523,19.878,1.0
113.4333,128.21041,38.06295,1673.7384864,-50.579,-6.5,19.853,1.0
113.45,128.210433,38.063001,1673.0593920000001,-49.212,-6.439,19.776,1.0
113.4666,128.210456,38.063052,1672.3769448000003,-47.671,-6.346,19.665,1.0
113.4833,128.210479,38.063103,1671.6908400000002,-45.99,-6.245,19.552,1.0
113.5,128.210502,38.063153,1671.0035160000002,-44.232,-6.163,19.46,1.0
113.5166,128.210524,38.063204,1670.3152776000002,-42.44,-6.107,19.391,1.0
113.5333,128.210547,38.063255,1669.6291728,-41.048,-6.075,19.296,1.0
113.55,128.21057,38.063306,1668.9442872,-40.028,-6.044,19.161,1.0
113.5666,128.210593,38.063357,1668.2600112,-39.411,-5.99,19.017,1.0
113.5833,128.210615,38.063408,1667.5778688,-39.203,-5.917,18.895,1.0
113.6,128.210638,38.063459,1666.8996888000001,-39.364,-5.837,18.803,1.0
113.6166,128.21066,38.06351,1666.2263856000002,-39.82,-5.767,18.725,1.0
113.6333,128.210683,38.063561,1665.5585687999999,-40.514,-5.727,18.654,1.0
113.65,128.210705,38.063612,1664.896848,-41.419,-5.714,18.581,1.0
113.6666,128.210727,38.063663,1664.2409184,-42.534,-5.705,18.505,1.0
113.6833,128.21075,38.063714,1663.5913896,-43.865,-5.685,18.427,1.0
113.7,128.210772,38.063765,1662.9488712,-45.398,-5.65,18.349,1.0
113.7166,128.210794,38.063816,1662.3139728,-47.107,-5.61,18.273,1.0
113.7333,128.210816,38.063867,1661.6866944,-48.961,-5.578,18.198,1.0
113.75,128.210837,38.063919,1661.0673408,-50.939,-5.556,18.121,1.0
113.7666,128.210859,38.06397,1660.455912,-53.035,-5.542,18.042,1.0
113.7833,128.210881,38.064021,1659.8502744000002,-55.241,-5.527,17.96,1.0
113.8,128.210902,38.064072,1659.2492088,-57.523,-5.506,17.876,1.0
113.8166,128.210923,38.064124,1658.6524104000002,-59.843,-5.479,17.793,1.0
113.8333,128.210944,38.064175,1658.0568312000003,-61.73,-5.438,17.755,1.0
113.85,128.210966,38.064226,1657.4630808000002,-63.211,-5.403,17.785,1.0
113.8666,128.210987,38.064278,1656.8726832000002,-64.259,-5.402,17.864,1.0
113.8833,128.211008,38.064329,1656.2841144,-64.874,-5.438,17.948,1.0
113.9,128.211028,38.064381,1655.6955456,-65.103,-5.489,18.007,1.0
113.9166,128.211049,38.064432,1655.1057576,-65.019,-5.522,18.028,1.0
113.9333,128.21107,38.064483,1654.513836,-64.688,-5.523,18.03,1.0
113.95,128.211091,38.064535,1653.9203903999999,-64.13,-5.503,18.036,1.0
113.9666,128.211112,38.064586,1653.3260304,-63.338,-5.486,18.053,1.0
113.9833,128.211133,38.064638,1652.7301464,-62.305,-5.487,18.076,1.0
114.0,128.211154,38.064689,1652.131824,-61.048,-5.504,18.095,1.0
114.0166,128.211174,38.064741,1651.5304536,-59.613,-5.524,18.107,1.0
114.0333,128.211195,38.064792,1650.9278640000002,-58.594,-5.555,18.106,1.0
114.05,128.211216,38.064844,1650.3237504,-57.966,-5.591,18.095,1.0
114.0666,128.211237,38.064896,1649.7175032,-57.727,-5.618,18.089,1.0
114.0833,128.211258,38.064947,1649.1106464,-57.857,-5.633,18.095,1.0
114.1,128.211278,38.064999,1648.5037896000001,-58.251,-5.636,18.109,1.0
114.1166,128.211299,38.06505,1647.8972376000002,-58.765,-5.632,18.128,1.0
114.1333,128.21132,38.065102,1647.2876376000002,-58.993,-5.604,18.159,1.0
114.15,128.21134,38.065154,1646.6771232,-58.945,-5.56,18.197,1.0
114.1666,128.211361,38.065205,1646.066304,-58.601,-5.524,18.229,1.0
114.1833,128.211382,38.065257,1645.4539608,-57.964,-5.506,18.248,1.0
114.2,128.211402,38.065309,1644.8385696000003,-57.074,-5.502,18.257,1.0
114.2166,128.211423,38.06536,1644.2195208,-55.982,-5.498,18.268,1.0
114.2333,128.211444,38.065412,1643.5965096000002,-54.727,-5.484,18.286,1.0
114.25,128.211464,38.065464,1642.9692312000002,-53.321,-5.464,18.311,1.0
114.2666,128.211485,38.065515,1642.3376856000002,-51.772,-5.446,18.337,1.0
114.2833,128.211506,38.065567,1641.7046160000002,-50.118,-5.437,18.358,1.0
114.3,128.211527,38.065619,1641.0694128000002,-48.412,-5.441,18.37,1.0
114.3166,128.211548,38.065671,1640.4317712,-46.701,-5.452,18.379,1.0
114.3333,128.211568,38.065722,1639.7904720000001,-44.989,-5.462,18.395,1.0
114.35,128.211589,38.065774,1639.1467344000002,-43.285,-5.467,18.419,1.0
114.3666,128.21161,38.065826,1638.501168,-41.582,-5.47,18.449,1.0
114.3833,128.211631,38.065878,1637.8531632,-39.863,-5.475,18.476,1.0
114.4,128.211652,38.06593,1637.2033296000002,-38.123,-5.486,18.499,1.0
114.4166,128.211673,38.065981,1636.5516672,-36.371,-5.501,18.517,1.0
114.4333,128.211694,38.066033,1635.8954328,-34.576,-5.518,18.539,1.0
114.45,128.211714,38.066085,1635.2370648,-32.751,-5.533,18.567,1.0
114.4666,128.211735,38.066137,1634.5765632,-30.904,-5.549,18.597,1.0
114.4833,128.211756,38.066189,1633.9145376000001,-29.038,-5.567,18.624,1.0
114.5,128.211777,38.066241,1633.2506832000001,-27.156,-5.59,18.646,1.0
114.5166,128.211798,38.066293,1632.585,-25.269,-5.616,18.666,1.0
114.5333,128.211819,38.066345,1631.9153544,-23.355,-5.643,18.688,1.0
114.55,128.21184,38.066397,1631.2438800000002,-21.418,-5.671,18.715,1.0
114.5666,128.211861,38.066448,1630.5708816000001,-19.464,-5.7,18.744,1.0
114.5833,128.211882,38.0665,1629.8960544000001,-17.492,-5.731,18.769,1.0
114.6,128.211903,38.066552,1629.220008,-15.506,-5.764,18.789,1.0
114.6166,128.211924,38.066604,1628.5421328,-13.515,-5.8,18.805,1.0
114.6333,128.211945,38.066656,1627.8602952,-11.495,-5.837,18.824,1.0
114.65,128.211966,38.066708,1627.1772384,-9.45,-5.876,18.848,1.0
114.6666,128.211987,38.066761,1626.4923528000002,-7.385,-5.916,18.872,1.0
114.6833,128.212008,38.066813,1625.8059432,-5.302,-5.957,18.891,1.0
114.7,128.212029,38.066865,1625.1180096000003,-3.204,-5.999,18.904,1.0
114.7166,128.21205,38.066917,1624.4291616,-1.102,-6.043,18.914,1.0
114.7333,128.212071,38.066969,1623.7360464,1.034,-6.089,18.927,1.0
114.75,128.212093,38.067021,1623.0411024,3.201,-6.137,18.944,1.0
114.7666,128.212114,38.067073,1622.3446344000001,5.393,-6.186,18.96,1.0
114.7833,128.212135,38.067125,1621.6463376000002,7.608,-6.234,18.971,1.0
114.8,128.212156,38.067177,1620.9468216,9.838,-6.282,18.976,1.0
114.8166,128.212177,38.067229,1620.2460864000002,12.073,-6.331,18.976,1.0
114.8333,128.212198,38.067282,1619.541084,14.376,-6.383,18.981,1.0
114.85,128.21222,38.067334,1618.8327288000003,16.738,-6.439,18.993,1.0
114.8666,128.212241,38.067386,1618.1207160000001,19.169,-6.496,19.004,1.0
114.8833,128.212262,38.067438,1617.4056552,21.673,-6.551,19.009,1.0
114.9,128.212283,38.067491,1616.6887656,24.232,-6.603,19.005,1.0
114.9166,128.212304,38.067543,1615.9697424,26.817,-6.654,18.994,1.0
114.9333,128.212326,38.067595,1615.2458424000001,29.45,-6.708,18.984,1.0
114.95,128.212347,38.067647,1614.5198088,32.123,-6.767,18.976,1.0
114.9666,128.212368,38.0677,1613.7907272,34.837,-6.829,18.97,1.0
114.9833,128.21239,38.067752,1613.0579880000003,37.602,-6.888,18.961,1.0
115.0,128.212411,38.067804,1612.3225056,40.419,-6.943,18.946,1.0
115.0166,128.212432,38.067857,1611.5836704,43.283,-6.995,18.925,1.0
115.0333,128.212454,38.067909,1610.8427016000003,46.181,-7.028,18.922,1.0
115.05,128.212475,38.067961,1610.0992944000002,49.106,-7.045,18.938,1.0
115.0666,128.212496,38.068014,1609.353144,52.06,-7.06,18.96,1.0
115.0833,128.212518,38.068066,1608.6042504000002,55.047,-7.083,18.97,1.0
115.1,128.212539,38.068118,1607.8529184000001,58.066,-7.114,18.966,1.0
115.1166,128.21256,38.068171,1607.0991480000002,61.108,-7.149,18.954,1.0
115.1333,128.212582,38.068223,1606.3435488,63.752,-7.144,18.952,1.0
115.15,128.212603,38.068276,1605.5870352000002,66.015,-7.084,18.995,1.0
115.1666,128.212625,38.068328,1604.8335696000001,67.98,-6.993,19.136,1.0
115.1833,128.212647,38.068381,1604.0825424000002,69.738,-6.916,19.364,1.0
115.2,128.212668,38.068433,1603.3315152000002,71.408,-6.868,19.639,1.0
115.2166,128.21269,38.068485,1602.5783544,73.112,-6.837,19.912,1.0
115.2333,128.212712,38.068538,1601.8236696000001,74.432,-6.751,20.196,1.0
115.25,128.212734,38.06859,1601.0695944000001,75.406,-6.599,20.524,1.0
115.2666,128.212757,38.068642,1600.3210056,76.04,-6.429,20.939,1.0
115.2833,128.212779,38.068694,1599.5772936,76.38,-6.296,21.45,1.0
115.3,128.212802,38.068747,1598.8363248,76.551,-6.215,22.012,1.0
115.3166,128.212825,38.068799,1598.0953560000003,76.725,-6.159,22.573,1.0
115.3333,128.212848,38.068851,1597.3540824,77.079,-6.101,23.08,1.0
115.35,128.212871,38.068903,1596.612504,77.632,-6.032,23.488,1.0
115.3666,128.212895,38.068955,1595.8730592000002,78.298,-5.959,23.812,1.0
115.3833,128.212918,38.069007,1595.1363575999999,78.969,-5.897,24.093,1.0
115.4,128.212942,38.069058,1594.4027039999999,79.582,-5.856,24.368,1.0
115.4166,128.212967,38.06911,1593.671184,80.135,-5.833,24.673,1.0
115.4333,128.212991,38.069162,1592.9408832000001,80.829,-5.832,24.984,1.0
115.45,128.213016,38.069213,1592.2105824,81.698,-5.845,25.277,1.0
115.4666,128.213041,38.069265,1591.4793672,82.719,-5.852,25.545,1.0
115.4833,128.213066,38.069317,1590.7475424000002,83.842,-5.845,25.798,1.0
115.5,128.213091,38.069368,1590.0163272,84.999,-5.831,26.052,1.0
115.5166,128.213117,38.069419,1589.2857216,86.133,-5.824,26.311,1.0
115.5333,128.213143,38.06947,1588.5548112000001,87.362,-5.847,26.54,1.0
115.55,128.213169,38.069522,1587.8229864,88.691,-5.9,26.721,1.0
115.5666,128.213195,38.069573,1587.0881136,90.12,-5.96,26.874,1.0
115.5833,128.213221,38.069624,1586.3498880000002,91.639,-6.009,27.035,1.0
115.6,128.213248,38.069675,1585.6089192,93.215,-6.046,27.221,1.0
115.6166,128.213275,38.069726,1584.8655119999999,94.801,-6.083,27.427,1.0
115.6333,128.213302,38.069777,1584.1193616,96.453,-6.136,27.612,1.0
115.65,128.213329,38.069827,1583.3698584,98.159,-6.209,27.755,1.0
115.6666,128.213357,38.069878,1582.6151736,99.915,-6.292,27.871,1.0
115.6833,128.213384,38.069929,1581.8550024,101.724,-6.373,27.994,1.0
115.7,128.213412,38.069979,1581.0887352,103.577,-6.453,28.14,1.0
115.7166,128.21344,38.07003,1580.3169816,105.449,-6.535,28.306,1.0
115.7333,128.213469,38.07008,1579.5397416,107.351,-6.624,28.461,1.0
115.75,128.213497,38.070131,1578.7557960000001,109.267,-6.722,28.595,1.0
115.7666,128.213526,38.070181,1577.96484,111.195,-6.829,28.716,1.0
115.7833,128.213554,38.070231,1577.1659592,113.14,-6.944,28.84,1.0
115.8,128.213583,38.070281,1576.358544,115.108,-7.065,28.976,1.0
115.8166,128.213612,38.070331,1575.5428992000002,117.092,-7.192,29.121,1.0
115.8333,128.213642,38.070381,1574.7175008,118.995,-7.305,29.245,1.0
115.85,128.213671,38.070431,1573.8823488,120.814,-7.399,29.333,1.0
115.8666,128.213701,38.070481,1573.0377480000002,122.565,-7.494,29.4,1.0
115.8833,128.21373,38.070531,1572.184308,124.269,-7.608,29.468,1.0
115.9,128.21376,38.070581,1571.3205048000002,125.96,-7.747,29.551,1.0
115.9166,128.21379,38.07063,1570.4466432000002,127.666,-7.902,29.648,1.0
115.9333,128.21382,38.07068,1569.5596752000001,129.04,-8.02,29.755,1.0
115.95,128.213851,38.07073,1568.6617344000001,130.11,-8.083,29.844,1.0
115.9666,128.213881,38.070779,1567.7549544,130.851,-8.093,29.869,1.0
115.9833,128.213912,38.070828,1566.8375064,131.247,-8.098,29.841,1.0
116.0,128.213942,38.070878,1565.908476,131.325,-8.122,29.794,1.0
116.0166,128.213973,38.070927,1564.9660344000001,131.143,-8.178,29.775,1.0
116.0333,128.214004,38.070976,1564.0107912,130.763,-8.225,29.771,1.0
116.05,128.214035,38.071025,1563.0433560000001,130.209,-8.238,29.76,1.0
116.0666,128.214067,38.071074,1562.0646432,129.479,-8.218,29.719,1.0
116.0833,128.214098,38.071123,1561.0740432,128.559,-8.192,29.658,1.0
116.1,128.214129,38.071172,1560.0718608,127.455,-8.187,29.602,1.0
116.1166,128.214161,38.071221,1559.0568768,126.191,-8.207,29.568,1.0
116.1333,128.214193,38.07127,1558.0306152000003,124.798,-8.241,29.56,1.0
116.15,128.214225,38.071318,1556.9933808,123.295,-8.273,29.566,1.0
116.1666,128.214257,38.071367,1555.9463928,121.688,-8.299,29.571,1.0
116.1833,128.214289,38.071415,1554.8899560000002,119.976,-8.321,29.57,1.0
116.2,128.214322,38.071463,1553.8246800000002,118.16,-8.347,29.566,1.0
116.2166,128.214354,38.071512,1552.7508696000002,116.252,-8.379,29.567,1.0
116.2333,128.214387,38.07156,1551.6679152000002,114.264,-8.427,29.611,1.0
116.25,128.214419,38.071608,1550.577036,112.208,-8.486,29.699,1.0
116.2666,128.214452,38.071656,1549.4791464,110.087,-8.544,29.8,1.0
116.2833,128.214485,38.071704,1548.3748560000001,107.905,-8.595,29.887,1.0
116.3,128.214519,38.071752,1547.2644696000002,105.667,-8.64,29.953,1.0
116.3166,128.214552,38.071799,1546.1489016000003,103.398,-8.682,30.008,1.0
116.3333,128.214586,38.071847,1545.0305904,101.58,-8.764,30.082,1.0
116.35,128.214619,38.071895,1543.9080119999999,100.19,-8.89,30.212,1.0
116.3666,128.214653,38.071942,1542.7784232000001,99.123,-9.018,30.441,1.0
116.3833,128.214687,38.07199,1541.6439576,98.26,-9.109,30.733,1.0
116.4,128.214721,38.072037,1540.5046152000002,97.491,-9.153,31.047,1.0
116.4166,128.214755,38.072084,1539.3628344,96.695,-9.173,31.336,1.0
116.4333,128.214789,38.072132,1538.2213584,96.017,-9.224,31.581,1.0
116.45,128.214824,38.072179,1537.0780536000002,95.434,-9.323,31.794,1.0
116.4666,128.214859,38.072226,1535.9292624,94.964,-9.434,32.002,1.0
116.4833,128.214893,38.072273,1534.7755944,94.637,-9.514,32.223,1.0
116.5,128.214928,38.07232,1533.6182688,94.426,-9.55,32.454,1.0
116.5166,128.214963,38.072367,1532.4588096000002,94.239,-9.564,32.686,1.0
116.5333,128.214999,38.072414,1531.2981312000002,93.993,-9.584,32.877,1.0
116.55,128.215034,38.07246,1530.135624,93.664,-9.623,32.989,1.0
116.5666,128.215069,38.072507,1528.9706784,93.298,-9.674,32.988,1.0
116.5833,128.215105,38.072554,1527.8026848,92.963,-9.718,32.841,1.0
116.6,128.215141,38.0726,1526.6316432,92.692,-9.743,32.595,1.0
116.6166,128.215177,38.072647,1525.458468,92.474,-9.752,32.294,1.0
116.6333,128.215212,38.072693,1524.284988,92.593,-9.781,31.982,1.0
116.65,128.215248,38.07274,1523.1102888,92.997,-9.843,31.704,1.0
116.6666,128.215284,38.072786,1521.9319320000002,93.693,-9.917,31.504,1.0
116.6833,128.21532,38.072833,1520.7502224,94.692,-9.981,31.424,1.0
116.7,128.215356,38.072879,1519.5654648,95.98,-10.028,31.451,1.0
116.7166,128.215392,38.072926,1518.3791832000002,97.518,-10.069,31.546,1.0
116.7333,128.215428,38.072972,1517.1910728,99.194,-10.115,31.667,1.0
116.75,128.215464,38.073019,1516.0008288000001,100.91,-10.166,31.773,1.0
116.7666,128.215501,38.073065,1514.8081464,102.624,-10.211,31.829,1.0
116.7833,128.215537,38.073112,1513.6130256,104.335,-10.238,31.801,1.0
116.8,128.215573,38.073158,1512.416076,106.041,-10.252,31.722,1.0
116.8166,128.215609,38.073205,1511.2163832,107.742,-10.262,31.628,1.0
116.8333,128.215645,38.073251,1510.0133376,109.342,-10.272,31.562,1.0
116.85,128.215682,38.073298,1508.807244,110.851,-10.291,31.547,1.0
116.8666,128.215718,38.073344,1507.598712,112.299,-10.321,31.562,1.0
116.8833,128.215754,38.073391,1506.3883512,113.708,-10.356,31.572,1.0
116.9,128.215791,38.073437,1505.175552,115.103,-10.391,31.56,1.0
116.9166,128.215827,38.073483,1503.9603144,116.504,-10.421,31.532,1.0
116.9333,128.215864,38.07353,1502.7429432000001,117.937,-10.449,31.505,1.0
116.95,128.2159,38.073576,1501.5231336,119.401,-10.476,31.489,1.0
116.9666,128.215937,38.073623,1500.3008856000001,120.882,-10.505,31.484,1.0
116.9833,128.215973,38.073669,1499.0758944000002,122.361,-10.535,31.483,1.0
117.0,128.216009,38.073716,1497.8490744000003,123.829,-10.564,31.479,1.0
117.0166,128.216046,38.073762,1496.6195112,125.283,-10.593,31.469,1.0
117.0333,128.216082,38.073809,1495.3887288,126.747,-10.623,31.455,1.0
117.05,128.216119,38.073855,1494.155508,128.225,-10.654,31.442,1.0
117.0666,128.216155,38.073902,1492.9198488,129.719,-10.685,31.432,1.0
117.0833,128.216192,38.073949,1491.682056,131.223,-10.714,31.427,1.0
117.1,128.216228,38.073995,1490.4418248,132.727,-10.743,31.422,1.0
117.1166,128.216265,38.074042,1489.19946,134.224,-10.77,31.416,1.0
117.1333,128.216302,38.074088,1487.9567904,135.747,-10.8,31.405,1.0
117.15,128.216338,38.074135,1486.7122920000002,137.298,-10.833,31.39,1.0
117.1666,128.216375,38.074181,1485.46566,138.874,-10.865,31.375,1.0
117.1833,128.216411,38.074228,1484.2165896000001,140.469,-10.895,31.366,1.0
117.2,128.216448,38.074275,1482.9656903999999,142.072,-10.921,31.361,1.0
117.2166,128.216484,38.074321,1481.7126576,143.667,-10.945,31.355,1.0
117.2333,128.216521,38.074368,1480.4553576,145.103,-10.964,31.355,1.0
117.25,128.216557,38.074415,1479.1940952,146.389,-10.979,31.361,1.0
117.2666,128.216594,38.074461,1477.9288704,147.571,-10.998,31.361,1.0
117.2833,128.216631,38.074508,1476.6624264000002,148.694,-11.025,31.349,1.0
117.3,128.216667,38.074555,1475.3938488000001,149.804,-11.058,31.326,1.0
117.3166,128.216704,38.074601,1474.1234424000002,150.941,-11.09,31.304,1.0
117.3333,128.216741,38.074648,1472.8524264000002,152.31,-11.125,31.277,1.0
117.35,128.216777,38.074695,1471.5817152000002,153.888,-11.161,31.247,1.0
117.3666,128.216814,38.074741,1470.3113088,155.666,-11.195,31.22,1.0
117.3833,128.21685,38.074788,1469.0424264,157.63,-11.224,31.198,1.0
117.4,128.216887,38.074835,1467.7756776,159.751,-11.249,31.179,1.0
117.4166,128.216924,38.074882,1466.5071,161.947,-11.27,31.164,1.0
117.4333,128.21696,38.074929,1465.2421800000002,164.268,-11.291,31.142,1.0
117.45,128.216997,38.074976,1463.9793936,166.694,-11.311,31.111,1.0
117.4666,128.217034,38.075022,1462.7175216,169.223,-11.329,31.077,1.0
117.4833,128.21707,38.075069,1461.4568688,171.855,-11.344,31.046,1.0
117.5,128.217107,38.075116,1460.1959112,174.561,-11.355,31.025,1.0
117.5166,128.217144,38.075163,1458.9340392000001,177.294,-11.362,31.01,1.0
117.5333,128.21718,38.07521,1457.6749104,-179.907,-11.366,30.991,1.0
117.55,128.217217,38.075257,1456.4170008,-177.061,-11.365,30.962,1.0
117.5666,128.217254,38.075305,1455.1590912000001,-174.166,-11.362,30.926,1.0
117.5833,128.21729,38.075352,1453.9020960000003,-171.214,-11.357,30.895,1.0
117.6,128.217327,38.075399,1452.6454056,-168.204,-11.353,30.873,1.0
117.6166,128.217364,38.075446,1451.3881056,-165.161,-11.346,30.859,1.0
117.6333,128.217401,38.075493,1450.1295864,-162.098,-11.373,30.834,1.0
117.65,128.217438,38.07554,1448.8692384,-159.036,-11.431,30.792,1.0
117.6666,128.217474,38.075587,1447.6070616000002,-155.983,-11.495,30.743,1.0
117.6833,128.217511,38.075634,1446.3433608,-152.935,-11.539,30.701,1.0
117.7,128.217548,38.075682,1445.0775264000001,-149.889,-11.558,30.671,1.0
117.7166,128.217585,38.075729,1443.8095584000002,-146.846,-11.565,30.647,1.0
117.7333,128.217622,38.075776,1442.536104,-143.928,-11.594,30.614,1.0
117.75,128.217659,38.075823,1441.2571632,-141.119,-11.674,30.548,1.0
117.7666,128.217696,38.075871,1439.9709072,-138.379,-11.822,30.417,1.0
117.7833,128.217732,38.075918,1438.6806888,-135.678,-11.993,30.239,1.0
117.8,128.217769,38.075965,1437.384984,-132.991,-12.154,30.044,1.0
117.8166,128.217806,38.076012,1436.0840976,-130.296,-12.278,29.872,1.0
117.8333,128.217843,38.07606,1434.7755912000002,-127.733,-12.403,29.708,1.0
117.85,128.217879,38.076107,1433.4594648,-125.289,-12.548,29.528,1.0
117.8666,128.217916,38.076154,1432.1338896,-122.939,-12.691,29.326,1.0
117.8833,128.217952,38.076202,1430.8006944,-120.662,-12.805,29.116,1.0
117.9,128.217989,38.076249,1429.4607936000002,-118.417,-12.883,28.915,1.0
117.9166,128.218025,38.076297,1428.1144920000002,-116.154,-12.937,28.729,1.0
117.9333,128.218061,38.076344,1426.7611800000002,-113.932,-13.006,28.535,1.0
117.95,128.218097,38.076392,1425.4002480000001,-111.741,-13.102,28.309,1.0
117.9666,128.218133,38.07644,1424.0310864,-109.593,-13.201,28.06,1.0
117.9833,128.218169,38.076487,1422.6543048,-107.508,-13.274,27.816,1.0
118.0,128.218205,38.076535,1421.2705128000002,-105.475,-13.31,27.596,1.0
118.0166,128.21824,38.076583,1419.8812344,-103.45,-13.323,27.397,1.0
118.0333,128.218276,38.07663,1418.4864696000002,-101.456,-13.341,27.187,1.0
118.05,128.218311,38.076678,1417.0862184000002,-99.469,-13.374,26.944,1.0
118.0666,128.218346,38.076726,1415.680176,-97.498,-13.409,26.684,1.0
118.0833,128.218381,38.076774,1414.2686472,-95.565,-13.427,26.435,1.0
118.1,128.218416,38.076822,1412.8522416,-93.673,-13.42,26.21,1.0
118.1166,128.218451,38.076871,1411.4318736,-91.799,-13.395,26.005,1.0
118.1333,128.218485,38.076919,1410.0090672000001,-89.946,-13.368,25.788,1.0
118.15,128.218519,38.076967,1408.5838224,-88.095,-13.344,25.547,1.0
118.1666,128.218553,38.077015,1407.1558344000002,-86.247,-13.319,25.299,1.0
118.1833,128.218587,38.077064,1405.7251032,-84.42,-13.283,25.062,1.0
118.2,128.218621,38.077112,1404.292848,-82.621,-13.233,24.847,1.0
118.2166,128.218654,38.077161,1402.8596784000001,-80.836,-13.171,24.647,1.0
118.2333,128.218688,38.077209,1401.4271184000002,-79.091,-13.102,24.431,1.0
118.25,128.218721,38.077258,1399.9954728,-77.366,-13.03,24.192,1.0
118.2666,128.218754,38.077307,1398.5644368,-75.657,-12.953,23.947,1.0
118.2833,128.218787,38.077356,1397.1340104,-73.972,-12.869,23.718,1.0
118.3,128.218819,38.077405,1395.7054128000002,-72.309,-12.776,23.512,1.0
118.3166,128.218852,38.077454,1394.2789488,-70.656,-12.674,23.32,1.0
118.3333,128.218884,38.077503,1392.8570568,-69.027,-12.565,23.116,1.0
118.35,128.218916,38.077552,1391.4391272,-67.412,-12.448,22.893,1.0
118.3666,128.218948,38.077601,1390.02516,-65.808,-12.327,22.667,1.0
118.3833,128.218979,38.077651,1388.61546,-64.225,-12.201,22.455,1.0
118.4,128.219011,38.0777,1387.2106368000002,-62.662,-12.069,22.264,1.0
118.4166,128.219042,38.07775,1385.8116048000002,-61.106,-11.932,22.086,1.0
118.4333,128.219073,38.077799,1384.4208024000002,-59.581,-11.785,21.897,1.0
118.45,128.219104,38.077849,1383.0373152000002,-58.075,-11.629,21.692,1.0
118.4666,128.219134,38.077899,1381.6608384,-56.585,-11.466,21.484,1.0
118.4833,128.219165,38.077949,1380.2922864,-55.116,-11.301,21.292,1.0
118.5,128.219195,38.077999,1378.931964,-53.666,-11.134,21.12,1.0
118.5166,128.219225,38.078049,1377.5807856000001,-52.223,-10.964,20.961,1.0
118.5333,128.219255,38.078099,1376.2411896,-50.808,-10.782,20.792,1.0
118.55,128.219285,38.078149,1374.9122616000002,-49.413,-10.59,20.608,1.0
118.5666,128.219314,38.078199,1373.5936968,-48.037,-10.391,20.424,1.0
118.5833,128.219344,38.078249,1372.2861048000002,-46.682,-10.191,20.254,1.0
118.6,128.219373,38.0783,1370.9897904,-45.346,-9.993,20.105,1.0
118.6166,128.219402,38.07835,1369.705668,-44.015,-9.794,19.968,1.0
118.6333,128.219431,38.078401,1368.4367856000001,-42.721,-9.581,19.82,1.0
118.65,128.219459,38.078452,1367.1816192000001,-41.452,-9.354,19.657,1.0
118.6666,128.219488,38.078502,1365.9401688,-40.207,-9.12,19.494,1.0
118.6833,128.219516,38.078553,1364.7124344000001,-38.988,-8.889,19.347,1.0
118.7,128.219544,38.078604,1363.4993304,-37.789,-8.662,19.221,1.0
118.7166,128.219572,38.078655,1362.3008568,-36.595,-8.436,19.107,1.0
118.7333,128.2196,38.078706,1361.120976,-35.436,-8.196,18.984,1.0
118.75,128.219628,38.078757,1359.9581640000001,-34.305,-7.938,18.845,1.0
118.7666,128.219655,38.078808,1358.8115063999999,-33.197,-7.675,18.706,1.0
118.7833,128.219683,38.078859,1357.6816128,-32.116,-7.416,18.583,1.0
118.8,128.21971,38.078911,1356.5690928,-31.057,-7.165,18.48,1.0
118.8166,128.219737,38.078962,1355.4739464,-30.003,-6.918,18.39,1.0
118.8333,128.219764,38.079014,1354.4004408,-28.989,-6.653,18.29,1.0
118.85,128.219791,38.079065,1353.3467472,-28.005,-6.369,18.175,1.0
118.8666,128.219817,38.079117,1352.3119512,-27.047,-6.078,18.06,1.0
118.8833,128.219844,38.079168,1351.2963576,-26.118,-5.794,17.96,1.0
118.9,128.21987,38.07922,1350.3008808000002,-25.211,-5.522,17.879,1.0
118.9166,128.219896,38.079272,1349.3255208,-24.31,-5.257,17.811,1.0
118.9333,128.219922,38.079324,1348.3736304,-23.444,-4.982,17.739,1.0
118.95,128.219948,38.079375,1347.4442952,-22.604,-4.694,17.656,1.0
118.9666,128.219974,38.079427,1346.5359912000001,-21.788,-4.402,17.574,1.0
118.9833,128.22,38.079479,1345.6496328,-20.997,-4.114,17.502,1.0
119.0,128.220026,38.079531,1344.78522,-20.226,-3.834,17.446,1.0
119.0166,128.220051,38.079583,1343.9430576,-19.461,-3.559,17.4,1.0
119.0333,128.220077,38.079635,1343.1261936,-18.722,-3.285,17.353,1.0
119.05,128.220102,38.079688,1342.3321896,-18.001,-3.008,17.302,1.0
119.0666,128.220127,38.07974,1341.5613504000003,-17.297,-2.73,17.252,1.0
119.0833,128.220152,38.079792,1340.8142856000002,-16.612,-2.452,17.209,1.0
119.1,128.220177,38.079844,1340.0903856000002,-15.943,-2.176,17.175,1.0
119.1166,128.220202,38.079897,1339.3902600000001,-15.278,-1.901,17.149,1.0
119.1333,128.220227,38.079949,1338.7145184,-14.622,-1.639,17.127,1.0
119.15,128.220252,38.080001,1338.0622464,-13.967,-1.388,17.106,1.0
119.1666,128.220276,38.080054,1337.4343584,-13.316,-1.138,17.087,1.0
119.1833,128.220301,38.080106,1336.8305496,-12.671,-0.884,17.071,1.0
119.2,128.220325,38.080159,1336.25082,-12.036,-0.622,17.059,1.0
119.2166,128.22035,38.080211,1335.6954744000002,-11.404,-0.358,17.051,1.0
119.2333,128.220374,38.080264,1335.1602456,-10.722,-0.129,17.056,1.0
119.25,128.220398,38.080316,1334.6466576,-9.99,0.055,17.076,1.0
119.2666,128.220423,38.080369,1334.156844,-9.219,0.221,17.099,1.0
119.2833,128.220447,38.080422,1333.6905000000002,-8.422,0.403,17.117,1.0
119.3,128.220471,38.080474,1333.2476256,-7.614,0.614,17.129,1.0
119.3166,128.220495,38.080527,1332.8282208,-6.81,0.841,17.141,1.0
119.3333,128.220519,38.080579,1332.4280184000002,-5.855,1.05,17.174,1.0
119.35,128.220543,38.080632,1332.0467136,-4.76,1.203,17.232,1.0
119.3666,128.220567,38.080685,1331.6840016,-3.55,1.315,17.295,1.0
119.3833,128.220591,38.080738,1331.3423208000002,-2.255,1.428,17.344,1.0
119.4,128.220615,38.08079,1331.021976,-0.915,1.574,17.379,1.0
119.4166,128.220638,38.080843,1330.7229672,0.421,1.754,17.411,1.0
119.4333,128.220662,38.080896,1330.4401128000002,1.912,1.93,17.47,1.0
119.45,128.220686,38.080948,1330.1740224,3.543,2.072,17.558,1.0
119.4666,128.22071,38.081001,1329.9240864,5.294,2.189,17.653,1.0
119.4833,128.220734,38.081054,1329.6903048000001,7.149,2.308,17.732,1.0
119.5,128.220758,38.081107,1329.4757256,9.07,2.451,17.796,1.0
119.5166,128.220781,38.081159,1329.2791296,10.997,2.613,17.858,1.0
119.5333,128.220805,38.081212,1329.0980784,12.912,2.778,17.937,1.0
119.55,128.220829,38.081265,1328.9347056000001,14.801,2.933,18.038,1.0
119.5666,128.220853,38.081318,1328.7865728000002,16.685,3.078,18.153,1.0
119.5833,128.220877,38.08137,1328.6542896,18.593,3.221,18.27,1.0
119.6,128.220901,38.081423,1328.5369415999999,20.539,3.37,18.387,1.0
119.6166,128.220925,38.081476,1328.4354432,22.511,3.525,18.504,1.0
119.6333,128.220949,38.081528,1328.3522328000001,24.379,3.72,18.634,1.0
119.65,128.220974,38.081581,1328.2867008,26.132,3.946,18.783,1.0
119.6666,128.220998,38.081634,1328.2397616,27.795,4.172,18.948,1.0
119.6833,128.221022,38.081686,1328.2074528000003,29.401,4.37,19.124,1.0
119.7,128.221047,38.081739,1328.1897744000003,30.991,4.539,19.304,1.0
119.7166,128.221071,38.081791,1328.1870312,32.601,4.697,19.485,1.0
119.7333,128.221096,38.081844,1328.2019664000002,34.103,4.885,19.673,1.0
119.75,128.22112,38.081896,1328.2345800000003,35.503,5.133,19.886,1.0
119.7666,128.221145,38.081949,1328.2860912,36.812,5.406,20.127,1.0
119.7833,128.22117,38.082001,1328.3546712,38.041,5.662,20.385,1.0
119.8,128.221195,38.082053,1328.4384912,39.22,5.87,20.641,1.0
119.8166,128.22122,38.082105,1328.5375512,40.399,6.041,20.885,1.0
119.8333,128.221246,38.082158,1328.6545944000002,41.477,6.219,21.121,1.0
119.85,128.221271,38.08221,1328.789316,42.474,6.437,21.37,1.0
119.8666,128.221297,38.082262,1328.9438496,43.401,6.687,21.649,1.0
119.8833,128.221323,38.082314,1329.1151472,44.257,6.931,21.951,1.0
119.9,128.221349,38.082366,1329.3035136,45.062,7.141,22.254,1.0
119.9166,128.221375,38.082418,1329.5074248,45.855,7.317,22.543,1.0
119.9333,128.221401,38.082469,1329.729624,46.598,7.485,22.816,1.0
119.95,128.221427,38.082521,1329.9698064,47.308,7.661,23.079,1.0
119.9666,128.221454,38.082573,1330.2264480000001,47.988,7.846,23.347,1.0
119.9833,128.221481,38.082624,1330.500768,48.629,8.026,23.626,1.0
120.0,128.221508,38.082676,1330.7921568000002,49.235,8.19,23.911,1.0
120.0166,128.221535,38.082727,1331.0993952000001,49.828,8.34,24.197,1.0
120.0333,128.221562,38.082779,1331.421264,50.555,8.475,24.484,1.0
120.05,128.22159,38.08283,1331.7577632,51.421,8.601,24.772,1.0
120.0666,128.221617,38.082881,1332.1070640000003,52.392,8.73,25.056,1.0
120.0833,128.221645,38.082932,1332.4722144,53.426,8.865,25.335,1.0
120.1,128.221673,38.082983,1332.8523,54.475,9.003,25.61,1.0
120.1166,128.221702,38.083034,1333.2473208000001,55.505,9.133,25.886,1.0
120.1333,128.22173,38.083085,1333.6578864,56.316,9.262,26.157,1.0
120.15,128.221759,38.083135,1334.0836920000002,56.927,9.393,26.425,1.0
120.1666,128.221788,38.083186,1334.5259568000001,57.402,9.515,26.698,1.0
120.1833,128.221817,38.083236,1334.9831568,57.797,9.622,26.981,1.0
120.2,128.221846,38.083287,1335.4540728000002,58.168,9.714,27.271,1.0
120.2166,128.221876,38.083337,1335.9374856000002,58.558,9.803,27.562,1.0
120.2333,128.221906,38.083387,1336.4355288000002,58.906,9.902,27.844,1.0
120.25,128.221936,38.083437,1336.9478976,59.212,10.014,28.117,1.0
120.2666,128.221966,38.083487,1337.4752016000002,59.469,10.126,28.387,1.0
120.2833,128.221997,38.083537,1338.0168312000003,59.673,10.227,28.662,1.0
120.3,128.222027,38.083586,1338.5721767999999,59.839,10.316,28.941,1.0
120.3166,128.222058,38.083636,1339.1403240000002,59.996,10.398,29.223,1.0
120.3333,128.222089,38.083685,1339.7221872,60.153,10.484,29.503,1.0
120.35,128.222121,38.083734,1340.316852,60.32,10.576,29.777,1.0
120.3666,128.222152,38.083784,1340.924928,60.489,10.673,30.048,1.0
120.3833,128.222184,38.083833,1341.5464152000002,60.647,10.767,30.318,1.0
120.4,128.222216,38.083882,1342.1813136,60.786,10.856,30.589,1.0
120.4166,128.222248,38.08393,1342.8293184000001,60.913,10.94,30.861,1.0
120.4333,128.222281,38.083979,1343.4910392000002,60.981,11.029,31.13,1.0
120.45,128.222314,38.084027,1344.1661712,61.0,11.124,31.394,1.0
120.4666,128.222347,38.084076,1344.8544096000003,60.982,11.221,31.658,1.0
120.4833,128.22238,38.084124,1345.5563640000003,60.934,11.314,31.922,1.0
120.5,128.222413,38.084172,1346.2708152000002,60.866,11.401,32.188,1.0
120.5166,128.222447,38.08422,1346.9983728000002,60.793,11.486,32.456,1.0
120.5333,128.222481,38.084268,1347.7393416,60.657,11.58,32.717,1.0
120.55,128.222515,38.084315,1348.4940264000002,60.464,11.686,32.972,1.0
120.5666,128.222549,38.084363,1349.2624272,60.223,11.794,33.224,1.0
120.5833,128.222584,38.08441,1350.0448488,59.936,11.897,33.478,1.0
120.6,128.222619,38.084457,1350.8403768,59.62,11.992,33.736,1.0
120.6166,128.222654,38.084504,1351.649316,59.296,12.085,33.994,1.0
120.6333,128.222689,38.084551,1352.4713616000001,58.977,12.183,34.249,1.0
120.65,128.222724,38.084598,1353.3065136,58.669,12.29,34.499,1.0
120.6666,128.22276,38.084645,1354.1556864000001,58.362,12.402,34.745,1.0
120.6833,128.222796,38.084691,1355.01888,58.044,12.515,34.99,1.0
120.7,128.222832,38.084737,1355.8960944,57.711,12.625,35.235,1.0
120.7166,128.222868,38.084784,1356.7873296,57.367,12.735,35.479,1.0
120.7333,128.222905,38.08483,1357.6913664,57.076,12.842,35.725,1.0
120.75,128.222941,38.084875,1358.6082048,56.841,12.947,35.972,1.0
120.7666,128.222978,38.084921,1359.5384544,56.65,13.057,36.215,1.0
120.7833,128.223015,38.084967,1360.4827248,56.488,13.173,36.453,1.0
120.8,128.223052,38.085012,1361.441016,56.335,13.293,36.688,1.0
120.8166,128.22309,38.085057,1362.4136328,56.176,13.415,36.922,1.0
120.8333,128.223127,38.085103,1363.4008800000001,55.995,13.536,37.154,1.0
120.85,128.223165,38.085148,1364.4018432,55.795,13.656,37.387,1.0
120.8666,128.223203,38.085192,1365.417132,55.585,13.776,37.62,1.0
120.8833,128.223242,38.085237,1366.4461368000002,55.372,13.897,37.853,1.0
120.9,128.22328,38.085282,1367.4894672,55.16,14.02,38.085,1.0
120.9166,128.223318,38.085326,1368.5468184000001,54.949,14.145,38.316,1.0
120.9333,128.223357,38.08537,1369.6197144,54.704,14.276,38.542,1.0
120.95,128.223396,38.085414,1370.706936,54.423,14.412,38.765,1.0
120.9666,128.223435,38.085458,1371.8090928,54.111,14.55,38.986,1.0
120.9833,128.223475,38.085502,1372.9258800000002,53.772,14.685,39.209,1.0
121.0,128.223514,38.085545,1374.0576024000002,53.419,14.818,39.435,1.0
121.0166,128.223554,38.085589,1375.2033456000001,53.063,14.951,39.66,1.0
121.0333,128.223594,38.085632,1376.3643288,52.641,15.102,39.872,1.0
121.05,128.223634,38.085675,1377.5411616000001,52.157,15.272,40.07,1.0
121.0666,128.223674,38.085718,1378.7350632,51.608,15.447,40.265,1.0
121.0833,128.223714,38.085761,1379.9451192000001,50.992,15.614,40.465,1.0
121.1,128.223755,38.085803,1381.1710248,50.328,15.77,40.674,1.0
121.1166,128.223795,38.085845,1382.4121704000002,49.652,15.924,40.886,1.0
121.1333,128.223836,38.085888,1383.6688608,48.796,16.075,41.051,1.0
121.15,128.223877,38.08593,1384.9420104,47.774,16.204,41.139,1.0
121.1666,128.223918,38.085972,1386.2322288000003,46.56,16.272,41.141,1.0
121.1833,128.22396,38.086013,1387.5392112,45.133,16.241,41.051,1.0
121.2,128.224001,38.086055,1388.8614336,43.494,16.086,40.856,1.0
121.2166,128.224042,38.086096,1390.1992008,41.678,15.842,40.59,1.0
121.2333,128.224084,38.086138,1391.5503792,39.725,15.552,40.284,1.0
121.25,128.224126,38.086179,1392.9140544,37.654,15.251,39.971,1.0
121.2666,128.224167,38.08622,1394.2905312000003,35.472,14.973,39.687,1.0
121.2833,128.224209,38.086261,1395.6795048000001,33.177,14.751,39.468,1.0
121.3,128.224251,38.086302,1397.08128,30.779,14.62,39.336,1.0
121.3166,128.224293,38.086343,1398.4946376,28.29,14.583,39.282,1.0
121.3333,128.224335,38.086384,1399.9201872,25.725,14.62,39.275,1.0
121.35,128.224377,38.086424,1401.3573192000001,23.1,14.703,39.29,1.0
121.3666,128.224418,38.086465,1402.8066432,20.421,14.803,39.305,1.0
121.3833,128.22446,38.086505,1404.2675496,17.69,14.887,39.307,1.0
121.4,128.224502,38.086546,1405.7391240000002,14.907,14.923,39.289,1.0
121.4166,128.224544,38.086586,1407.220452,12.074,14.877,39.25,1.0
121.4333,128.224586,38.086627,1408.7124480000002,9.196,14.775,39.199,1.0
121.45,128.224628,38.086667,1410.2145024000001,6.28,14.654,39.148,1.0
121.4666,128.22467,38.086707,1411.7260056,3.327,14.553,39.103,1.0
121.4833,128.224712,38.086747,1413.2475672,0.338,14.506,39.068,1.0
121.5,128.224754,38.086788,1414.777968,-2.687,14.5,39.041,1.0
121.5166,128.224796,38.086828,1416.3156840000001,-5.733,14.501,39.02,1.0
121.5333,128.224838,38.086868,1417.8619344,-8.792,14.487,39.004,1.0
121.55,128.224879,38.086908,1419.4151952,-11.85,14.456,38.989,1.0
121.5666,128.224921,38.086948,1420.9754664000002,-14.9,14.421,38.973,1.0
121.5833,128.224963,38.086988,1422.5424432,-17.947,14.392,38.954,1.0
121.6,128.225004,38.087028,1424.1161256,-21.0,14.376,38.934,1.0
121.6166,128.225046,38.087068,1425.6955992,-24.061,14.366,38.915,1.0
121.6333,128.225087,38.087109,1427.2802544,-27.115,14.381,38.891,1.0
121.65,128.225129,38.087149,1428.8710056,-30.155,14.413,38.857,1.0
121.6666,128.22517,38.087189,1430.4666336,-33.178,14.447,38.82,1.0
121.6833,128.225212,38.087229,1432.0674432,-36.184,14.472,38.783,1.0
121.7,128.225253,38.087269,1433.6731296,-39.179,14.487,38.75,1.0
121.7166,128.225294,38.087309,1435.2833880000003,-42.168,14.497,38.718,1.0
121.7333,128.225335,38.087349,1436.8954752000002,-44.738,14.548,38.686,1.0
121.75,128.225376,38.087389,1438.5109152000002,-46.924,14.662,38.628,1.0
121.7666,128.225417,38.08743,1440.1309272,-48.826,14.809,38.517,1.0
121.7833,128.225458,38.08747,1441.754292,-50.537,14.94,38.359,1.0
121.8,128.225499,38.08751,1443.3804,-52.156,15.031,38.187,1.0
121.8166,128.225539,38.08755,1445.0095560000002,-53.788,15.09,38.032,1.0
121.8333,128.22558,38.087591,1446.6377976,-55.025,15.184,37.904,1.0
121.85,128.22562,38.087631,1448.2678680000001,-55.92,15.337,37.777,1.0
121.8666,128.225661,38.087671,1449.9025104000002,-56.489,15.527,37.596,1.0
121.8833,128.225701,38.087712,1451.5411152000001,-56.792,15.702,37.356,1.0
121.9,128.225742,38.087752,1453.1821584000002,-56.932,15.834,37.088,1.0
121.9166,128.225782,38.087793,1454.8259448000001,-57.044,15.927,36.837,1.0
121.9333,128.225822,38.087833,1456.4669880000001,-56.885,16.012,36.669,1.0
121.95,128.225862,38.087874,1458.1086408,-56.5,16.101,36.6,1.0
121.9666,128.225902,38.087914,1459.7530368000002,-55.904,16.18,36.579,1.0
121.9833,128.225942,38.087955,1461.400176,-55.113,16.232,36.55,1.0
122.0,128.225982,38.087995,1463.0488392000002,-54.19,16.266,36.474,1.0
122.0166,128.226022,38.088036,1464.699636,-53.235,16.305,36.35,1.0
122.0333,128.226062,38.088077,1466.353176,-52.49,16.383,36.165,1.0
122.05,128.226101,38.088117,1468.0097640000001,-51.975,16.499,35.954,1.0
122.0666,128.226141,38.088158,1469.6703144,-51.62,16.636,35.754,1.0
122.0833,128.22618,38.088199,1471.3348272,-51.332,16.767,35.592,1.0
122.1,128.22622,38.08824,1473.0029976,-51.033,16.878,35.465,1.0
122.1166,128.226259,38.088281,1474.6751304,-50.688,16.97,35.35,1.0
122.1333,128.226298,38.088322,1476.3484824,-50.07,17.032,35.283,1.0
122.15,128.226337,38.088363,1478.0230536000001,-49.203,17.045,35.296,1.0
122.1666,128.226377,38.088404,1479.6997584000003,-48.104,17.026,35.353,1.0
122.1833,128.226416,38.088445,1481.3770728000002,-46.789,16.992,35.419,1.0
122.2,128.226455,38.088486,1483.0553016000001,-45.279,16.967,35.463,1.0
122.2166,128.226494,38.088527,1484.7335304,-43.602,16.973,35.468,1.0
122.2333,128.226533,38.088568,1486.4169408,-42.306,17.013,35.383,1.0
122.25,128.226572,38.088609,1488.1030944000001,-41.363,17.08,35.223,1.0
122.2666,128.226611,38.08865,1489.7910768,-40.789,17.172,35.045,1.0
122.2833,128.226649,38.088691,1491.4827168,-40.585,17.279,34.894,1.0
122.3,128.226688,38.088732,1493.1786240000001,-40.706,17.372,34.794,1.0
122.3166,128.226727,38.088773,1494.8800176000002,-41.048,17.437,34.734,1.0
122.3333,128.226765,38.088815,1496.5884216000002,-41.612,17.48,34.678,1.0
122.35,128.226804,38.088856,1498.3035312000002,-42.373,17.515,34.601,1.0
122.3666,128.226842,38.088897,1500.0250416,-43.331,17.555,34.502,1.0
122.3833,128.22688,38.088938,1501.7535624,-44.491,17.607,34.397,1.0
122.4,128.226918,38.08898,1503.4893984,-45.844,17.666,34.3,1.0
122.4166,128.226956,38.089021,1505.2328544,-47.364,17.724,34.214,1.0
122.4333,128.226994,38.089063,1506.9839304,-49.016,17.752,34.157,1.0
122.45,128.227032,38.089104,1508.7414072000001,-50.772,17.726,34.152,1.0
122.4666,128.227069,38.089145,1510.5061992,-52.625,17.656,34.191,1.0
122.4833,128.227107,38.089187,1512.277392,-54.585,17.572,34.249,1.0
122.5,128.227144,38.089228,1514.0534616000002,-56.662,17.501,34.295,1.0
122.5166,128.227181,38.08927,1515.8344080000002,-58.857,17.461,34.305,1.0
122.5333,128.227218,38.089312,1517.6196216,-61.153,17.433,34.306,1.0
122.55,128.227255,38.089353,1519.408188,-63.527,17.398,34.324,1.0
122.5666,128.227292,38.089395,1521.1994976,-65.964,17.352,34.366,1.0
122.5833,128.227328,38.089437,1522.9929408,-68.461,17.301,34.418,1.0
122.6,128.227365,38.089478,1524.787908,-71.021,17.254,34.459,1.0
122.6166,128.227401,38.08952,1526.5834848,-73.646,17.216,34.483,1.0
122.6333,128.227437,38.089562,1528.3793664000002,-76.333,17.186,34.494,1.0
122.65,128.227473,38.089604,1530.1746384,-79.075,17.162,34.501,1.0
122.6666,128.227509,38.089646,1531.9693008,-81.862,17.139,34.51,1.0
122.6833,128.227545,38.089688,1533.762744,-84.687,17.115,34.52,1.0
122.7,128.227581,38.08973,1535.5540536,-87.547,17.09,34.53,1.0
122.7166,128.227616,38.089772,1537.3429248,-90.443,17.066,34.535,1.0
122.7333,128.227652,38.089814,1539.1284432,-93.381,17.042,34.508,1.0
122.75,128.227687,38.089856,1540.9106088,-96.36,17.018,34.453,1.0
122.7666,128.227723,38.089898,1542.6888119999999,-99.368,16.993,34.388,1.0
122.7833,128.227758,38.08994,1544.4624432,-102.394,16.967,34.331,1.0
122.8,128.227793,38.089983,1546.2315024000002,-105.427,16.942,34.286,1.0
122.8166,128.227828,38.090025,1547.9953800000003,-108.458,16.915,34.249,1.0
122.8333,128.227863,38.090067,1549.7537712,-111.467,16.878,34.188,1.0
122.85,128.227898,38.090109,1551.5057616000001,-114.457,16.831,34.102,1.0
122.8666,128.227933,38.090152,1553.2513512,-117.43,16.776,34.006,1.0
122.8833,128.227968,38.090194,1554.9896256,-120.385,16.72,33.919,1.0
122.9,128.228003,38.090237,1556.7205847999999,-123.322,16.665,33.846,1.0
122.9166,128.228037,38.090279,1558.4436192,-126.247,16.61,33.785,1.0
122.9333,128.228072,38.090322,1560.1584240000002,-129.147,16.549,33.723,1.0
122.95,128.228106,38.090365,1561.8637800000001,-132.032,16.481,33.657,1.0
122.9666,128.228141,38.090407,1563.559992,-134.905,16.408,33.589,1.0
122.9833,128.228175,38.09045,1565.2461456,-137.768,16.333,33.526,1.0
123.0,128.228209,38.090493,1566.9222408,-140.621,16.257,33.47,1.0
123.0166,128.228244,38.090535,1568.5876680000001,-143.466,16.181,33.421,1.0
123.0333,128.228278,38.090578,1570.2418176,-146.307,16.112,33.383,1.0
123.05,128.228312,38.090621,1571.8849944,-149.148,16.047,33.354,1.0
123.0666,128.228346,38.090664,1573.5159792,-151.989,15.983,33.328,1.0
123.0833,128.22838,38.090707,1575.1353816,-154.83,15.916,33.304,1.0
123.1,128.228414,38.09075,1576.742592,-157.671,15.845,33.281,1.0
123.1166,128.228448,38.090793,1578.3373056,-160.508,15.772,33.261,1.0
123.1333,128.228482,38.090836,1579.9195224,-162.858,15.678,33.195,1.0
123.15,128.228516,38.090879,1581.4892424000002,-164.76,15.53,33.078,1.0
123.1666,128.22855,38.090922,1583.0470752,-166.185,15.29,32.94,1.0
123.1833,128.228584,38.090965,1584.5936304,-167.119,14.984,32.818,1.0
123.2,128.228618,38.091008,1586.1286032,-167.601,14.649,32.724,1.0
123.2166,128.228652,38.091051,1587.6526032,-167.705,14.326,32.647,1.0
123.2333,128.228686,38.091095,1589.1656304,-167.539,14.058,32.556,1.0
123.25,128.22872,38.091138,1590.6682944000001,-167.14,13.844,32.443,1.0
123.2666,128.228754,38.091181,1592.1615096000003,-166.495,13.656,32.324,1.0
123.2833,128.228788,38.091224,1593.6446664000002,-165.585,13.463,32.215,1.0
123.3,128.228822,38.091268,1595.118984,-164.42,13.256,32.12,1.0
123.3166,128.228856,38.091311,1596.5844624000001,-163.04,13.044,32.031,1.0
123.3333,128.22889,38.091354,1598.040492,-161.493,12.805,31.927,1.0
123.35,128.228924,38.091398,1599.4879872,-159.811,12.55,31.801,1.0
123.3666,128.228958,38.091441,1600.9275576,-158.001,12.302,31.661,1.0
123.3833,128.228992,38.091484,1602.3598128,-156.062,12.075,31.52,1.0
123.4,128.229026,38.091528,1603.7850576,-154.002,11.871,31.386,1.0
123.4166,128.22906,38.091571,1605.200244,-151.865,11.683,31.257,1.0
123.4333,128.229094,38.091615,1606.6044576,-149.956,11.475,31.132,1.0
123.45,128.229128,38.091658,1607.9961744000002,-148.293,11.222,30.992,1.0
123.4666,128.229162,38.091702,1609.3729560000002,-146.838,10.914,30.798,1.0
123.4833,128.229196,38.091746,1610.7351072000001,-145.534,10.587,30.556,1.0
123.5,128.22923,38.091789,1612.0814088,-144.305,10.273,30.287,1.0
123.5166,128.229264,38.091833,1613.4158232000002,-143.078,9.994,30.025,1.0
123.5333,128.229297,38.091877,1614.7331688,-142.079,9.706,29.781,1.0
123.55,128.229331,38.091921,1616.0334456,-141.288,9.395,29.55,1.0
123.5666,128.229365,38.091965,1617.3148248,-140.671,9.083,29.314,1.0
123.5833,128.229398,38.092009,1618.5763920000002,-140.199,8.796,29.066,1.0
123.6,128.229431,38.092053,1619.819976,-139.815,8.541,28.807,1.0
123.6166,128.229464,38.092098,1621.0464912000002,-139.452,8.309,28.549,1.0
123.6333,128.229497,38.092142,1622.2559376000002,-139.155,8.097,28.347,1.0
123.65,128.22953,38.092186,1623.4458768,-138.902,7.895,28.199,1.0
123.6666,128.229563,38.092231,1624.6147848,-138.716,7.696,28.071,1.0
123.6833,128.229596,38.092275,1625.7641856000002,-138.622,7.5,27.927,1.0
123.7,128.229628,38.09232,1626.8946888,-138.611,7.308,27.756,1.0
123.7166,128.229661,38.092365,1628.0069039999998,-138.638,7.119,27.569,1.0
123.7333,128.229693,38.09241,1629.1005264,-138.876,6.936,27.412,1.0
123.75,128.229725,38.092454,1630.1752512,-139.289,6.778,27.314,1.0
123.7666,128.229757,38.092499,1631.230164,-139.888,6.679,27.284,1.0
123.7833,128.229789,38.092544,1632.2661792,-140.687,6.672,27.324,1.0
123.8,128.229821,38.09259,1633.2829920000001,-141.682,6.762,27.426,1.0
123.8166,128.229853,38.092635,1634.2812119999999,-142.854,6.913,27.564,1.0
123.8333,128.229884,38.09268,1635.2632776000003,-143.698,7.107,27.697,1.0
123.85,128.229916,38.092725,1636.2297984,-144.235,7.305,27.803,1.0
123.8666,128.229947,38.09277,1637.1832128,-144.448,7.461,27.88,1.0
123.8833,128.229979,38.092816,1638.1247400000002,-144.336,7.562,27.937,1.0
123.9,128.23001,38.092861,1639.0549896,-143.928,7.627,27.988,1.0
123.9166,128.230042,38.092907,1639.9754856000002,-143.275,7.683,28.038,1.0
123.9333,128.230073,38.092952,1640.8843992000002,-142.892,7.728,28.111,1.0
123.95,128.230104,38.092998,1641.7823400000002,-142.763,7.761,28.203,1.0
123.9666,128.230135,38.093043,1642.6680888,-142.91,7.79,28.288,1.0
123.9833,128.230166,38.093089,1643.5413408,-143.336,7.819,28.351,1.0
124.0,128.230197,38.093134,1644.4024008,-144.016,7.847,28.394,1.0
124.0166,128.230228,38.09318,1645.2518784000001,-144.906,7.87,28.428,1.0
124.0333,128.230259,38.093225,1646.0888592000001,-145.97,7.884,28.463,1.0
124.05,128.23029,38.093271,1646.9130384,-147.189,7.891,28.502,1.0
124.0666,128.230321,38.093317,1647.7256352000002,-148.56,7.892,28.541,1.0
124.0833,128.230351,38.093363,1648.5260400000002,-150.083,7.891,28.574,1.0
124.1,128.230382,38.093408,1649.3151672000001,-151.75,7.889,28.598,1.0
124.1166,128.230412,38.093454,1650.092712,-153.545,7.884,28.617,1.0
124.1333,128.230443,38.0935,1650.8592840000001,-155.451,7.875,28.633,1.0
124.15,128.230474,38.093546,1651.6148832000001,-157.454,7.862,28.65,1.0
124.1666,128.230504,38.093592,1652.3595096000001,-159.547,7.846,28.666,1.0
124.1833,128.230535,38.093637,1653.093468,-161.725,7.827,28.682,1.0
124.2,128.230565,38.093683,1653.8164536000002,-163.982,7.807,28.695,1.0
124.2166,128.230595,38.093729,1654.5287712,-166.313,7.784,28.706,1.0
124.2333,128.230626,38.093775,1655.2310304,-168.702,7.76,28.715,1.0
124.25,128.230656,38.093821,1655.9241456000002,-171.123,7.735,28.723,1.0
124.2666,128.230687,38.093867,1656.6081168,-173.557,7.71,28.729,1.0
124.2833,128.230717,38.093912,1657.282944,-175.989,7.683,28.735,1.0
124.3,128.230747,38.093958,1657.9489320000002,-178.414,7.656,28.741,1.0
124.3166,128.230778,38.094004,1658.605776,179.17,7.627,28.749,1.0
124.3333,128.230808,38.09405,1659.2513424,176.717,7.598,28.76,1.0
124.35,128.230839,38.094096,1659.8865456,174.231,7.569,28.776,1.0
124.3666,128.230869,38.094142,1660.5119952,171.709,7.54,28.791,1.0
124.3833,128.230899,38.094188,1661.1279960000002,169.157,7.511,28.804,1.0
124.4,128.23093,38.094233,1661.7345480000001,166.587,7.482,28.814,1.0
124.4166,128.23096,38.094279,1662.3319560000002,164.015,7.453,28.823,1.0
124.4333,128.230991,38.094325,1662.9183912,161.429,7.426,28.834,1.0
124.45,128.231021,38.094371,1663.4956823999999,158.833,7.399,28.849,1.0
124.4666,128.231052,38.094417,1664.0635248,156.227,7.373,28.865,1.0
124.4833,128.231083,38.094462,1664.6222232000002,153.611,7.348,28.881,1.0
124.5,128.231113,38.094508,1665.1717776000003,150.986,7.323,28.895,1.0
124.5166,128.231144,38.094554,1665.7121880000002,148.356,7.298,28.908,1.0
124.5333,128.231175,38.094599,1666.2437592,145.727,7.274,28.92,1.0
124.55,128.231205,38.094645,1666.766796,143.102,7.252,28.934,1.0
124.5666,128.231236,38.094691,1667.2812984,140.483,7.231,28.948,1.0
124.5833,128.231267,38.094736,1667.7875712,137.871,7.212,28.961,1.0
124.6,128.231298,38.094782,1668.2862240000002,135.267,7.192,28.974,1.0
124.6166,128.231329,38.094827,1668.7766471999998,132.671,7.174,28.986,1.0
124.6333,128.23136,38.094873,1669.2594504,130.088,7.143,29.012,1.0
124.65,128.231391,38.094918,1669.7346336,127.52,7.101,29.052,1.0
124.6666,128.231422,38.094964,1670.2025016000002,124.967,7.057,29.098,1.0
124.6833,128.231453,38.095009,1670.6636640000002,122.428,7.018,29.14,1.0
124.7,128.231485,38.095054,1671.1181208000003,119.907,6.985,29.175,1.0
124.7166,128.231516,38.0951,1671.5661768,117.403,6.957,29.204,1.0
124.7333,128.231548,38.095145,1672.0075272000001,114.921,6.921,29.256,1.0
124.75,128.231579,38.09519,1672.4427816,112.463,6.865,29.357,1.0
124.7666,128.231611,38.095235,1672.8719400000002,110.028,6.793,29.509,1.0
124.7833,128.231643,38.09528,1673.295612,107.613,6.717,29.68,1.0
124.8,128.231675,38.095325,1673.7141024000002,105.216,6.649,29.84,1.0
124.8166,128.231707,38.09537,1674.1274112,102.843,6.595,29.978,1.0
124.8333,128.231739,38.095415,1674.5367576,100.537,6.546,30.12,1.0
124.85,128.231771,38.09546,1674.9418368000001,98.292,6.497,30.296,1.0
124.8666,128.231804,38.095505,1675.3429536,96.09,6.451,30.523,1.0
124.8833,128.231836,38.09555,1675.7407176000002,93.91,6.412,30.776,1.0
124.9,128.231869,38.095594,1676.1357384,91.735,6.384,31.02,1.0
124.9166,128.231902,38.095639,1676.5286256,89.562,6.364,31.236,1.0
124.9333,128.231935,38.095683,1676.9205984,87.481,6.347,31.452,1.0
124.95,128.231968,38.095728,1677.311352,85.486,6.336,31.696,1.0
124.9666,128.232001,38.095772,1677.7011912000003,83.555,6.337,31.96,1.0
124.9833,128.232035,38.095816,1678.0910304,81.664,6.353,32.22,1.0
125.0,128.232069,38.09586,1678.481784,79.787,6.38,32.462,1.0
125.0166,128.232102,38.095904,1678.8740616000002,77.906,6.414,32.681,1.0
125.0333,128.232136,38.095948,1679.2684728000002,76.075,6.452,32.904,1.0
125.05,128.23217,38.095992,1679.6653224,74.289,6.496,33.14,1.0
125.0666,128.232205,38.096036,1680.06522,72.536,6.547,33.377,1.0
125.0833,128.232239,38.09608,1680.4687752000002,70.807,6.607,33.604,1.0
125.1,128.232274,38.096123,1680.8765976,69.089,6.674,33.815,1.0
125.1166,128.232308,38.096167,1681.2896016000002,67.371,6.747,34.012,1.0
125.1333,128.232343,38.09621,1681.7077872,65.708,6.823,34.205,1.0
125.15,128.232378,38.096253,1682.1317640000002,64.091,6.901,34.4,1.0
125.1666,128.232414,38.096297,1682.5618368000003,62.508,6.983,34.592,1.0
125.1833,128.232449,38.09634,1682.9986152000001,60.949,7.073,34.775,1.0
125.2,128.232485,38.096383,1683.4430136,59.401,7.169,34.949,1.0
125.2166,128.23252,38.096425,1683.8956415999999,57.854,7.27,35.114,1.0
125.2333,128.232556,38.096468,1684.3561944,56.378,7.373,35.28,1.0
125.25,128.232592,38.096511,1684.8246720000002,54.966,7.477,35.448,1.0
125.2666,128.232628,38.096554,1685.3013792,53.599,7.585,35.614,1.0
125.2833,128.232664,38.096596,1685.7878400000002,52.266,7.699,35.771,1.0
125.3,128.232701,38.096639,1686.2837496,50.951,7.819,35.918,1.0
125.3166,128.232737,38.096681,1686.7903272,49.638,7.943,36.058,1.0
125.3333,128.232774,38.096723,1687.3063536000002,48.412,8.068,36.2,1.0
125.35,128.23281,38.096765,1687.8324384,47.263,8.193,36.348,1.0
125.3666,128.232847,38.096807,1688.3676672000001,46.172,8.322,36.494,1.0
125.3833,128.232884,38.096849,1688.9144784,45.123,8.456,36.631,1.0
125.4,128.232921,38.096891,1689.4722624,44.097,8.594,36.759,1.0
125.4166,128.232958,38.096933,1690.0419336,43.077,8.735,36.879,1.0
125.4333,128.232995,38.096975,1690.6225776,42.123,8.882,37.005,1.0
125.45,128.233033,38.097016,1691.2138896000001,41.223,9.034,37.14,1.0
125.4666,128.23307,38.097058,1691.8170888000002,40.366,9.189,37.276,1.0
125.4833,128.233108,38.0971,1692.4324800000002,39.539,9.346,37.404,1.0
125.5,128.233145,38.097141,1693.0603680000002,38.731,9.504,37.521,1.0
125.5166,128.233183,38.097182,1693.7010576,37.929,9.661,37.631,1.0
125.5333,128.233221,38.097224,1694.3533296,37.154,9.818,37.739,1.0
125.55,128.233259,38.097265,1695.018708,36.399,9.976,37.847,1.0
125.5666,128.233297,38.097306,1695.6971928,35.66,10.134,37.955,1.0
125.5833,128.233335,38.097347,1696.388784,34.931,10.294,38.06,1.0
125.6,128.233373,38.097388,1697.0937864,34.21,10.455,38.159,1.0
125.6166,128.233411,38.097429,1697.8125048000002,33.492,10.616,38.253,1.0
125.6333,128.23345,38.097469,1698.5458536,32.741,10.764,38.332,1.0
125.65,128.233488,38.09751,1699.293528,31.957,10.898,38.399,1.0
125.6666,128.233527,38.097551,1700.0549184000001,31.147,11.028,38.46,1.0
125.6833,128.233565,38.097591,1700.8306344000002,30.319,11.16,38.524,1.0
125.7,128.233604,38.097632,1701.6203712,29.482,11.3,38.59,1.0
125.7166,128.233642,38.097672,1702.4241288000003,28.642,11.446,38.657,1.0
125.7333,128.233681,38.097712,1703.2434312000003,27.642,11.607,38.719,1.0
125.75,128.23372,38.097752,1704.0791928,26.495,11.781,38.772,1.0
125.7666,128.233759,38.097793,1704.9320232000002,25.197,11.958,38.822,1.0
125.7833,128.233798,38.097833,1705.8025320000002,23.753,12.132,38.871,1.0
125.8,128.233837,38.097873,1706.6913288000003,22.186,12.303,38.921,1.0
125.8166,128.233876,38.097912,1707.5962800000002,20.547,12.472,38.97,1.0
125.8333,128.233915,38.097952,1708.5179952,18.86,12.634,39.011,1.0
125.85,128.233954,38.097992,1709.4558648000002,17.153,12.792,39.044,1.0
125.8666,128.233993,38.098032,1710.4098888,15.435,12.95,39.068,1.0
125.8833,128.234032,38.098071,1711.3806768,13.712,13.114,39.086,1.0
125.9,128.234071,38.098111,1712.3679240000001,11.982,13.284,39.1,1.0
125.9166,128.23411,38.09815,1713.3716304,10.243,13.457,39.11,1.0
125.9333,128.23415,38.09819,1714.390272,8.541,13.641,39.118,1.0
125.95,128.234189,38.098229,1715.4241536000002,6.874,13.832,39.123,1.0
125.9666,128.234228,38.098268,1716.4747992000002,5.233,14.027,39.122,1.0
125.9833,128.234267,38.098308,1717.5415992,3.608,14.221,39.111,1.0
126.0,128.234306,38.098347,1718.6248584000002,1.991,14.412,39.091,1.0
126.0166,128.234345,38.098386,1719.7242720000002,0.371,14.6,39.063,1.0
126.0333,128.234384,38.098425,1720.8386208000002,-1.2,14.797,39.033,1.0
126.05,128.234423,38.098464,1721.9676000000002,-2.732,15.003,38.999,1.0
126.0666,128.234462,38.098504,1723.1130384,-4.233,15.212,38.959,1.0
126.0833,128.234501,38.098543,1724.2743264,-5.715,15.419,38.911,1.0
126.1,128.23454,38.098582,1725.4517687999999,-7.186,15.62,38.853,1.0
126.1166,128.234579,38.098621,1726.6450608,-8.656,15.816,38.788,1.0
126.1333,128.234618,38.09866,1727.8526784,-10.078,16.013,38.719,1.0
126.15,128.234657,38.098699,1729.0743168000001,-11.458,16.213,38.648,1.0
126.1666,128.234695,38.098738,1730.3121096000002,-12.809,16.413,38.571,1.0
126.1833,128.234734,38.098777,1731.5648376000001,-14.14,16.61,38.486,1.0
126.2,128.234773,38.098816,1732.8334152000002,-15.461,16.802,38.393,1.0
126.2166,128.234811,38.098855,1734.116928,-16.78,16.99,38.294,1.0
126.2333,128.23485,38.098893,1735.4138520000001,-18.061,17.171,38.193,1.0
126.25,128.234888,38.098932,1736.724492,-19.31,17.348,38.092,1.0
126.2666,128.234926,38.098971,1738.0503720000002,-20.536,17.521,37.987,1.0
126.2833,128.234965,38.09901,1739.3905776000001,-21.746,17.692,37.875,1.0
126.3,128.235003,38.099049,1740.7451088,-22.95,17.86,37.757,1.0
126.3166,128.235041,38.099088,1742.1139656,-24.152,18.026,37.632,1.0
126.3333,128.235079,38.099127,1743.4950144,-25.324,18.182,37.509,1.0
126.35,128.235117,38.099166,1744.8891696,-26.47,18.329,37.388,1.0
126.3666,128.235155,38.099205,1746.2973456000002,-27.596,18.47,37.266,1.0
126.3833,128.235192,38.099244,1747.7183232000002,-28.711,18.61,37.138,1.0
126.4,128.23523,38.099283,1749.152712,-29.821,18.749,37.003,1.0
126.4166,128.235267,38.099322,1750.5999024,-30.931,18.887,36.862,1.0
126.4333,128.235305,38.099361,1752.0580656,-32.017,19.015,36.725,1.0
126.45,128.235342,38.0994,1753.5284208000003,-33.082,19.133,36.593,1.0
126.4666,128.235379,38.099439,1755.010968,-34.132,19.244,36.461,1.0
126.4833,128.235416,38.099478,1756.5054024,-35.173,19.354,36.324,1.0
126.5,128.235453,38.099517,1758.0114192,-36.21,19.464,36.18,1.0
126.5166,128.23549,38.099556,1759.5290184,-37.248,19.575,36.031,1.0
126.5333,128.235527,38.099595,1761.0566760000002,-38.278,19.674,35.887,1.0
126.55,128.235564,38.099634,1762.5956112000001,-39.299,19.762,35.75,1.0
126.5666,128.2356,38.099673,1764.1449096000001,-40.317,19.843,35.615,1.0
126.5833,128.235637,38.099713,1765.7045712,-41.333,19.924,35.476,1.0
126.6,128.235673,38.099752,1767.2742912,-42.35,20.007,35.33,1.0
126.6166,128.235709,38.099791,1768.8540696000002,-43.37,20.091,35.177,1.0
126.6333,128.235745,38.09983,1770.4439064,-44.405,20.162,35.033,1.0
126.65,128.235781,38.099869,1772.0428872,-45.455,20.219,34.899,1.0
126.6666,128.235817,38.099909,1773.651012,-46.517,20.27,34.768,1.0
126.6833,128.235853,38.099948,1775.2676712,-47.591,20.321,34.632,1.0
126.7,128.235888,38.099987,1776.8931696000002,-48.674,20.376,34.49,1.0
126.7166,128.235924,38.100027,1778.5265928,-49.762,20.433,34.34,1.0
126.7333,128.235959,38.100066,1780.1694648,-51.042,20.467,34.201,1.0
126.75,128.235994,38.100106,1781.8199568,-52.489,20.459,34.096,1.0
126.7666,128.236029,38.100145,1783.4777640000002,-54.093,20.402,34.054,1.0
126.7833,128.236064,38.100185,1785.1428864000002,-55.855,20.313,34.066,1.0
126.8,128.236099,38.100224,1786.8147144,-57.775,20.215,34.103,1.0
126.8166,128.236134,38.100264,1788.4932480000002,-59.849,20.126,34.131,1.0
126.8333,128.236168,38.100304,1790.1736104000001,-61.606,20.052,34.184,1.0
126.85,128.236203,38.100343,1791.8576304,-63.065,19.988,34.271,1.0
126.8666,128.236237,38.100383,1793.5453080000002,-64.224,19.923,34.369,1.0
126.8833,128.236271,38.100423,1795.2357288000003,-65.096,19.855,34.452,1.0
126.9,128.236305,38.100463,1796.9279784,-65.704,19.786,34.512,1.0
126.9166,128.23634,38.100502,1798.6211424000003,-66.08,19.721,34.551,1.0
126.9333,128.236374,38.100542,1800.317964,-66.71,19.643,34.569,1.0
126.95,128.236408,38.100582,1802.0160048000002,-67.579,19.553,34.576,1.0
126.9666,128.236442,38.100622,1803.71496,-68.693,19.467,34.581,1.0
126.9833,128.236476,38.100662,1805.4151344000002,-70.048,19.394,34.59,1.0
127.0,128.236509,38.100702,1807.116528,-71.624,19.335,34.598,1.0
127.0166,128.236543,38.100742,1808.8194456,-73.392,19.283,34.604,1.0
127.0333,128.236577,38.100782,1810.5238872,-75.333,19.237,34.584,1.0
127.05,128.23661,38.100822,1812.2289384,-77.432,19.193,34.538,1.0
127.0666,128.236644,38.100862,1813.9342944,-79.675,19.149,34.48,1.0
127.0833,128.236677,38.100902,1815.6390408,-82.052,19.106,34.421,1.0
127.1,128.23671,38.100942,1817.3434823999999,-84.554,19.065,34.366,1.0
127.1166,128.236743,38.100982,1819.0470096000001,-87.168,19.025,34.312,1.0
127.1333,128.236776,38.101022,1820.7493176000003,-89.891,18.985,34.229,1.0
127.15,128.236809,38.101063,1822.4501016000002,-92.724,18.942,34.086,1.0
127.1666,128.236842,38.101103,1824.148752,-95.64,18.891,33.876,1.0
127.1833,128.236875,38.101143,1825.8449640000001,-98.601,18.834,33.631,1.0
127.2,128.236908,38.101184,1827.5387376,-101.572,18.771,33.383,1.0
127.2166,128.236941,38.101224,1829.2300728,-104.525,18.704,33.16,1.0
127.2333,128.236973,38.101264,1830.9174456,-107.238,18.634,32.931,1.0
127.25,128.237006,38.101305,1832.6017704,-109.729,18.552,32.669,1.0
127.2666,128.237039,38.101345,1834.2827424000002,-112.061,18.434,32.356,1.0
127.2833,128.237071,38.101386,1835.9600568,-114.286,18.274,32.002,1.0
127.3,128.237103,38.101426,1837.6321896,-116.448,18.085,31.64,1.0
127.3166,128.237136,38.101467,1839.2979216,-118.579,17.888,31.3,1.0
127.3333,128.237168,38.101508,1840.9569480000002,-120.512,17.685,30.948,1.0
127.35,128.2372,38.101548,1842.6092687999999,-122.271,17.462,30.564,1.0
127.3666,128.237232,38.101589,1844.2551888,-123.896,17.208,30.157,1.0
127.3833,128.237264,38.10163,1845.8944032,-125.413,16.932,29.759,1.0
127.4,128.237296,38.101671,1847.5241687999999,-126.86,16.648,29.396,1.0
127.4166,128.237328,38.101712,1849.143876,-128.273,16.369,29.072,1.0
127.4333,128.237359,38.101753,1850.7538296,-129.607,16.091,28.759,1.0
127.45,128.237391,38.101794,1852.35342,-130.88,15.803,28.44,1.0
127.4666,128.237422,38.101835,1853.941428,-132.107,15.508,28.122,1.0
127.4833,128.237454,38.101877,1855.5175488,-133.294,15.21,27.821,1.0
127.5,128.237485,38.101918,1857.0811728,-134.449,14.914,27.543,1.0
127.5166,128.237516,38.10196,1858.630776,-135.585,14.625,27.291,1.0
127.5333,128.237547,38.102001,1860.1666632,-136.752,14.365,27.086,1.0
127.55,128.237578,38.102043,1861.6870056,-137.956,14.143,26.929,1.0
127.5666,128.237609,38.102085,1863.1930224,-139.194,13.943,26.8,1.0
127.5833,128.23764,38.102127,1864.6837992,-140.459,13.743,26.676,1.0
127.6,128.23767,38.102169,1866.1590312000003,-141.743,13.534,26.549,1.0
127.6166,128.237701,38.102211,1867.619328,-143.037,13.312,26.419,1.0
127.6333,128.237731,38.102253,1869.0631656,-144.48,13.096,26.312,1.0
127.65,128.237761,38.102295,1870.4902392000001,-146.057,12.91,26.244,1.0
127.6666,128.237792,38.102337,1871.9008536000001,-147.768,12.783,26.224,1.0
127.6833,128.237822,38.102379,1873.294704,-149.608,12.738,26.26,1.0
127.7,128.237852,38.102422,1874.6727048000002,-151.569,12.801,26.358,1.0
127.7166,128.237882,38.102464,1876.0342464,-153.644,12.942,26.496,1.0
127.7333,128.237912,38.102507,1877.3814624000001,-155.831,13.128,26.655,1.0
127.75,128.237941,38.102549,1878.714048,-158.131,13.326,26.813,1.0
127.7666,128.237971,38.102592,1880.032308,-160.545,13.502,26.953,1.0
127.7833,128.238001,38.102634,1881.3365472,-163.076,13.622,27.062,1.0
127.8,128.238031,38.102677,1882.6264608,-165.719,13.651,27.13,1.0
127.8166,128.23806,38.10272,1883.9026584000003,-168.463,13.586,27.166,1.0
127.8333,128.23809,38.102762,1885.16514,-171.064,13.402,27.161,1.0
127.85,128.23812,38.102805,1886.4129912,-173.496,13.077,27.125,1.0
127.8666,128.238149,38.102848,1887.647736,-175.775,12.634,27.084,1.0
127.8833,128.238179,38.102891,1888.8684600000001,-177.924,12.103,27.061,1.0
127.9,128.238209,38.102933,1890.0748584000003,-179.979,11.518,27.067,1.0
127.9166,128.238238,38.102976,1891.2647976,178.018,10.918,27.1,1.0
127.9333,128.238268,38.103019,1892.4404112,176.307,10.339,27.139,1.0
127.95,128.238297,38.103062,1893.6013944000001,174.851,9.815,27.178,1.0
127.9666,128.238327,38.103105,1894.7474424000002,173.587,9.355,27.227,1.0
127.9833,128.238357,38.103148,1895.8782504000003,172.46,8.94,27.298,1.0
128.0,128.238386,38.103191,1896.9907704,171.409,8.549,27.392,1.0
128.0166,128.238416,38.103234,1898.0843928,170.382,8.165,27.5,1.0
128.0333,128.238446,38.103277,1899.1615560000002,169.464,7.761,27.61,1.0
128.05,128.238476,38.10332,1900.2213456000002,168.636,7.34,27.719,1.0
128.0666,128.238506,38.103363,1901.2640664000003,167.88,6.92,27.829,1.0
128.0833,128.238535,38.103406,1902.2863656,167.181,6.519,27.944,1.0
128.1,128.238565,38.103449,1903.2891576,166.524,6.144,28.067,1.0
128.1166,128.238595,38.103492,1904.2712232000001,165.89,5.791,28.194,1.0
128.1333,128.238625,38.103536,1905.2353056000002,165.315,5.452,28.321,1.0
128.15,128.238655,38.103579,1906.1798808,164.785,5.123,28.445,1.0
128.1666,128.238686,38.103622,1907.1028152000001,164.286,4.802,28.568,1.0
128.1833,128.238716,38.103665,1908.0047184000002,163.812,4.488,28.693,1.0
128.2,128.238746,38.103708,1908.8855904,163.354,4.183,28.821,1.0
128.2166,128.238776,38.103751,1909.7445168,162.906,3.886,28.95,1.0
128.2333,128.238807,38.103795,1910.5811928,162.424,3.627,29.073,1.0
128.25,128.238837,38.103838,1911.3959232000002,161.906,3.432,29.18,1.0
128.2666,128.238868,38.103881,1912.1902320000002,161.358,3.29,29.269,1.0
128.2833,128.238898,38.103924,1912.9635096000002,160.789,3.172,29.351,1.0
128.3,128.238929,38.103967,1913.7160608,160.208,3.05,29.434,1.0
128.3166,128.23896,38.10401,1914.4478856000003,159.623,2.905,29.526,1.0
128.3333,128.23899,38.104053,1915.1580696,158.84,2.767,29.628,1.0
128.35,128.239021,38.104096,1915.8475272,157.875,2.662,29.729,1.0
128.3666,128.239052,38.10414,1916.5165632,156.727,2.611,29.811,1.0
128.3833,128.239083,38.104183,1917.1654824,155.408,2.621,29.864,1.0
128.4,128.239114,38.104226,1917.7933704000002,153.969,2.66,29.897,1.0
128.4166,128.239146,38.104269,1918.4032752,152.457,2.696,29.925,1.0
128.4333,128.239177,38.104312,1918.9933680000001,150.801,2.751,29.947,1.0
128.45,128.239208,38.104355,1919.5648680000002,149.013,2.821,29.966,1.0
128.4666,128.23924,38.104398,1920.1174704,147.099,2.887,29.99,1.0
128.4833,128.239271,38.104441,1920.6526992000001,145.06,2.939,30.021,1.0
128.5,128.239303,38.104484,1921.1714688,142.9,2.97,30.061,1.0
128.5166,128.239335,38.104526,1921.6743888,140.629,2.987,30.109,1.0
128.5333,128.239366,38.104569,1922.1629832,138.347,2.961,30.183,1.0
128.55,128.239398,38.104612,1922.6384712,136.084,2.899,30.284,1.0
128.5666,128.23943,38.104655,1923.1011576,133.851,2.822,30.402,1.0
128.5833,128.239462,38.104697,1923.5528712,131.649,2.747,30.525,1.0
128.6,128.239494,38.10474,1923.9930024,129.473,2.683,30.647,1.0
128.6166,128.239527,38.104783,1924.4218560000002,127.314,2.629,30.771,1.0
128.6333,128.239559,38.104825,1924.8415656,125.381,2.556,30.911,1.0
128.65,128.239591,38.104868,1925.2518264000003,123.656,2.448,31.09,1.0
128.6666,128.239624,38.104911,1925.6520288000002,122.089,2.311,31.324,1.0
128.6833,128.239656,38.104953,1926.043392,120.634,2.171,31.59,1.0
128.7,128.239689,38.104996,1926.4250016000003,119.247,2.046,31.863,1.0
128.7166,128.239722,38.105038,1926.7968576,117.891,1.942,32.124,1.0
128.7333,128.239755,38.105081,1927.1617032000001,116.792,1.83,32.386,1.0
128.75,128.239788,38.105123,1927.5180144,115.924,1.695,32.673,1.0
128.7666,128.239821,38.105165,1927.8648768,115.232,1.54,33.012,1.0
128.7833,128.239854,38.105208,1928.2029,114.667,1.382,33.39,1.0
128.8,128.239887,38.10525,1928.5320840000002,114.18,1.239,33.775,1.0
128.8166,128.23992,38.105292,1928.8521240000002,113.725,1.116,34.14,1.0
128.8333,128.239954,38.105334,1929.164544,113.387,0.998,34.488,1.0
128.85,128.239988,38.105376,1929.4687344000001,113.146,0.876,34.822,1.0
128.8666,128.240021,38.105418,1929.7643904,112.977,0.757,35.147,1.0
128.8833,128.240055,38.10546,1930.0499880000002,112.866,0.646,35.464,1.0
128.9,128.240089,38.105502,1930.3261368000003,112.793,0.545,35.772,1.0
128.9166,128.240124,38.105544,1930.5928368000002,112.741,0.453,36.071,1.0
128.9333,128.240158,38.105586,1930.8528312000003,112.889,0.366,36.327,1.0
128.95,128.240193,38.105628,1931.1042912000003,113.22,0.296,36.51,1.0
128.9666,128.240227,38.10567,1931.3481312000001,113.734,0.261,36.599,1.0
128.9833,128.240262,38.105711,1931.5852656,114.43,0.28,36.57,1.0
129.0,128.240297,38.105753,1931.8153896000001,115.3,0.342,36.458,1.0
129.0166,128.240331,38.105795,1932.0394176000002,116.33,0.433,36.291,1.0
129.0333,128.240366,38.105836,1932.2549112000002,117.075,0.553,36.111,1.0
129.05,128.240401,38.105878,1932.4636992000003,117.556,0.686,35.946,1.0
129.0666,128.240437,38.105919,1932.6660864,117.768,0.806,35.81,1.0
129.0833,128.240472,38.105961,1932.8620728,117.715,0.904,35.698,1.0
129.1,128.240507,38.106002,1933.0513536,117.44,0.983,35.599,1.0
129.1166,128.240542,38.106044,1933.2339288000003,117.027,1.048,35.506,1.0
129.1333,128.240578,38.106085,1933.4128464,116.847,1.09,35.407,1.0
129.15,128.240613,38.106127,1933.5862776000001,116.894,1.115,35.304,1.0
129.1666,128.240649,38.106168,1933.7545272,117.181,1.138,35.209,1.0
129.1833,128.240684,38.10621,1933.9185096000003,117.708,1.168,35.126,1.0
129.2,128.24072,38.106251,1934.0788344000002,118.456,1.203,35.057,1.0
129.2166,128.240756,38.106293,1934.2364160000002,119.398,1.238,34.996,1.0
129.2333,128.240791,38.106334,1934.3885112,120.305,1.279,34.946,1.0
129.25,128.240827,38.106375,1934.536644,121.13,1.328,34.906,1.0
129.2666,128.240863,38.106417,1934.6808144,121.871,1.375,34.872,1.0
129.2833,128.240899,38.106458,1934.8207176000003,122.542,1.415,34.838,1.0
129.3,128.240934,38.1065,1934.9560488000002,123.166,1.445,34.803,1.0
129.3166,128.24097,38.106541,1935.0861984,123.771,1.468,34.77,1.0
129.3333,128.241006,38.106582,1935.2136048000002,124.57,1.482,34.736,1.0
129.35,128.241042,38.106624,1935.3373536000001,125.556,1.49,34.703,1.0
129.3666,128.241078,38.106665,1935.4580544,126.727,1.499,34.675,1.0
129.3833,128.241114,38.106707,1935.5766216000002,128.075,1.511,34.654,1.0
129.4,128.24115,38.106748,1935.6930552,129.546,1.526,34.639,1.0
129.4166,128.241186,38.10679,1935.8070504000002,131.085,1.543,34.63,1.0
129.4333,128.241222,38.106831,1935.9158640000003,132.309,1.555,34.66,1.0
129.45,128.241258,38.106872,1936.0213248,133.236,1.557,34.724,1.0
129.4666,128.241294,38.106914,1936.1234328,133.858,1.547,34.798,1.0
129.4833,128.241331,38.106955,1936.2212736000001,134.182,1.53,34.861,1.0
129.5,128.241367,38.106997,1936.3142376,134.232,1.509,34.909,1.0
129.5166,128.241403,38.107038,1936.4011056000002,134.045,1.489,34.948,1.0
129.5333,128.241439,38.10708,1936.481268,133.654,1.455,35.006,1.0
129.55,128.241476,38.107121,1936.5538104000002,133.08,1.393,35.098,1.0
129.5666,128.241512,38.107162,1936.6193424000003,132.335,1.314,35.214,1.0
129.5833,128.241548,38.107204,1936.6766448000003,131.428,1.231,35.334,1.0
129.6,128.241585,38.107245,1936.7257176000003,130.371,1.155,35.443,1.0
129.6166,128.241621,38.107286,1936.766256,129.178,1.087,35.542,1.0
129.6333,128.241658,38.107327,1936.7976504000003,127.865,1.036,35.621,1.0
129.65,128.241695,38.107369,1936.8199008,126.445,0.998,35.688,1.0
129.6666,128.241732,38.10741,1936.8330072,124.927,0.966,35.752,1.0
129.6833,128.241769,38.107451,1936.8372744000003,123.321,0.933,35.82,1.0
129.7,128.241806,38.107492,1936.8336168,121.632,0.897,35.894,1.0
129.7166,128.241843,38.107533,1936.8217296,119.866,0.861,35.971,1.0
129.7333,128.24188,38.107574,1936.8052704000002,118.481,0.815,36.014,1.0
129.75,128.241917,38.107615,1936.78302,117.449,0.773,36.001,1.0
129.7666,128.241954,38.107655,1936.7540640000002,116.783,0.748,35.952,1.0
129.7833,128.241992,38.107696,1936.7196216000002,116.48,0.743,35.902,1.0
129.8,128.242029,38.107737,1936.6803024,116.513,0.746,35.87,1.0
129.8166,128.242066,38.107778,1936.6373256,116.794,0.748,35.858,1.0
129.8333,128.242104,38.107819,1936.5913008,117.331,0.741,35.857,1.0
129.85,128.242141,38.107859,1936.542228,118.096,0.723,35.855,1.0
129.8666,128.242179,38.1079,1936.4904119999999,119.077,0.7,35.851,1.0
129.8833,128.242216,38.107941,1936.4358528000002,120.27,0.679,35.846,1.0
129.9,128.242254,38.107982,1936.37916,121.664,0.661,35.844,1.0
129.9166,128.242291,38.108023,1936.3209432,123.201,0.649,35.847,1.0
129.9333,128.242329,38.108063,1936.2615072,124.814,0.639,35.855,1.0
129.95,128.242367,38.108104,1936.2005472,126.455,0.63,35.864,1.0
129.9666,128.242404,38.108145,1936.1377584000002,128.1,0.618,35.875,1.0
129.9833,128.242442,38.108186,1936.0734456000002,129.738,0.604,35.886,1.0
130.0,128.242479,38.108227,1936.007304,131.37,0.589,35.897,1.0
130.0166,128.242517,38.108268,1935.9399432,132.999,0.572,35.907,1.0
130.0333,128.242555,38.108309,1935.8689248,134.333,0.566,35.929,1.0
130.05,128.242592,38.108349,1935.7948584000003,135.389,0.569,35.962,1.0
130.0666,128.24263,38.10839,1935.7180488000001,136.232,0.568,35.994,1.0
130.0833,128.242668,38.108431,1935.6378864,136.925,0.555,36.014,1.0
130.1,128.242705,38.108472,1935.5540664000002,137.535,0.529,36.023,1.0
130.1166,128.242743,38.108513,1935.4684176000003,138.123,0.498,36.027,1.0
130.1333,128.242781,38.108554,1935.3806352000001,138.739,0.461,36.026,1.0
130.15,128.242819,38.108595,1935.2913288000002,139.394,0.422,36.022,1.0
130.1666,128.242856,38.108636,1935.1995840000002,140.088,0.384,36.021,1.0
130.1833,128.242894,38.108676,1935.1047912000001,140.813,0.35,36.024,1.0
130.2,128.242932,38.108717,1935.0078648,141.552,0.317,36.031,1.0
130.2166,128.24297,38.108758,1934.9078904,142.291,0.285,36.038,1.0
130.2333,128.243008,38.108799,1934.8042584000002,142.995,0.254,36.046,1.0
130.25,128.243046,38.10884,1934.6975784,143.665,0.223,36.054,1.0
130.2666,128.243083,38.108881,1934.5881552,144.31,0.19,36.06,1.0
130.2833,128.243121,38.108922,1934.4762936000002,144.939,0.157,36.065,1.0
130.3,128.243159,38.108963,1934.3616888000001,145.56,0.123,36.07,1.0
130.3166,128.243197,38.109004,1934.2446456000002,146.179,0.088,36.074,1.0
130.3333,128.243235,38.109045,1934.1263832000002,147.026,0.051,36.075,1.0
130.35,128.243273,38.109086,1934.0072064,148.083,0.013,36.074,1.0
130.3666,128.243311,38.109127,1933.8877248000001,149.343,-0.022,36.074,1.0
130.3833,128.243349,38.109167,1933.7682432000001,150.78,-0.055,36.078,1.0
130.4,128.243387,38.109208,1933.6493712,152.329,-0.085,36.087,1.0
130.4166,128.243425,38.109249,1933.5292800000002,153.934,-0.111,36.101,1.0
130.4333,128.243463,38.10929,1933.4082744000002,155.536,-0.141,36.107,1.0
130.45,128.2435,38.109332,1933.2860496,157.112,-0.176,36.102,1.0
130.4666,128.243538,38.109373,1933.1626056,158.675,-0.212,36.09,1.0
130.4833,128.243576,38.109414,1933.038552,160.242,-0.248,36.079,1.0
130.5,128.243614,38.109455,1932.9132792,161.822,-0.281,36.072,1.0
130.5166,128.243652,38.109496,1932.7867872,163.411,-0.312,36.068,1.0
130.5333,128.24369,38.109537,1932.6572472,164.757,-0.339,36.076,1.0
130.55,128.243728,38.109578,1932.5249640000002,165.866,-0.364,36.092,1.0
130.5666,128.243766,38.109619,1932.3887184000002,166.792,-0.39,36.102,1.0
130.5833,128.243804,38.10966,1932.2482056000001,167.595,-0.42,36.098,1.0
130.6,128.243842,38.109701,1932.105864,168.333,-0.452,36.082,1.0
130.6166,128.243881,38.109742,1931.9613888000001,169.059,-0.485,36.061,1.0
130.6333,128.243919,38.109783,1931.8156944000002,169.889,-0.519,36.035,1.0
130.65,128.243957,38.109824,1931.6693903999999,170.822,-0.552,36.009,1.0
130.6666,128.243995,38.109865,1931.5230864,171.835,-0.585,35.988,1.0
130.6833,128.244033,38.109907,1931.3740392000002,172.894,-0.616,35.973,1.0
130.7,128.244071,38.109948,1931.2228584000002,173.972,-0.646,35.962,1.0
130.7166,128.244109,38.109989,1931.069544,175.046,-0.675,35.952,1.0
130.7333,128.244147,38.11003,1930.9168392000001,176.183,-0.703,35.935,1.0
130.75,128.244185,38.110071,1930.7638296,177.377,-0.73,35.91,1.0
130.7666,128.244223,38.110112,1930.6099056,178.62,-0.756,35.884,1.0
130.7833,128.244261,38.110153,1930.4541528000002,179.899,-0.781,35.863,1.0
130.8,128.2443,38.110195,1930.296876,-178.798,-0.805,35.848,1.0
130.8166,128.244338,38.110236,1930.1380752000002,-177.492,-0.829,35.836,1.0
130.8333,128.244376,38.110277,1929.9795792,-176.076,-0.85,35.817,1.0
130.85,128.244414,38.110318,1929.8213880000003,-174.562,-0.869,35.789,1.0
130.8666,128.244452,38.110359,1929.6641112,-172.973,-0.886,35.759,1.0
130.8833,128.244491,38.110401,1929.5056152000002,-171.329,-0.902,35.736,1.0
130.9,128.244529,38.110442,1929.3455952,-169.654,-0.919,35.722,1.0
130.9166,128.244567,38.110483,1929.1846607999998,-167.972,-0.935,35.711,1.0
130.9333,128.244605,38.110524,1929.024336,-166.193,-0.947,35.694,1.0
130.95,128.244644,38.110566,1928.8646208000002,-164.33,-0.954,35.669,1.0
130.9666,128.244682,38.110607,1928.7064296,-162.39,-0.959,35.641,1.0
130.9833,128.24472,38.110648,1928.5473240000001,-160.391,-0.963,35.619,1.0
131.0,128.244758,38.11069,1928.3873039999999,-158.355,-0.969,35.605,1.0
131.0166,128.244797,38.110731,1928.2263696000002,-156.306,-0.975,35.596,1.0
131.0333,128.244835,38.110772,1928.0666544,-154.192,-0.977,35.585,1.0
131.05,128.244874,38.110813,1927.907244,-152.027,-0.973,35.569,1.0
131.0666,128.244912,38.110855,1927.7484432,-149.808,-0.965,35.552,1.0
131.0833,128.244951,38.110896,1927.5893376000001,-147.535,-0.957,35.538,1.0
131.1,128.244989,38.110938,1927.4305368000003,-145.209,-0.949,35.527,1.0
131.1166,128.245028,38.110979,1927.2711264000002,-142.839,-0.942,35.521,1.0
131.1333,128.245066,38.11102,1927.1114112,-140.432,-0.932,35.517,1.0
131.15,128.245105,38.111062,1926.9510864000001,-137.996,-0.92,35.515,1.0
131.1666,128.245143,38.111103,1926.790152,-135.534,-0.905,35.514,1.0
131.1833,128.245182,38.111144,1926.6279984,-133.049,-0.889,35.515,1.0
131.2,128.245221,38.111186,1926.4652352,-130.541,-0.873,35.519,1.0
131.2166,128.245259,38.111227,1926.300948,-128.013,-0.856,35.525,1.0
131.2333,128.245298,38.111269,1926.1354416,-125.468,-0.839,35.534,1.0
131.25,128.245337,38.11131,1925.968716,-122.908,-0.821,35.546,1.0
131.2666,128.245376,38.111352,1925.8001616000001,-120.336,-0.803,35.56,1.0
131.2833,128.245415,38.111393,1925.6303880000003,-117.753,-0.784,35.577,1.0
131.3,128.245453,38.111434,1925.4584808000002,-115.16,-0.765,35.596,1.0
131.3166,128.245492,38.111476,1925.2850496,-112.557,-0.747,35.618,1.0
131.3333,128.245531,38.111517,1925.1094848,-109.945,-0.729,35.642,1.0
131.35,128.24557,38.111559,1924.9320912,-107.325,-0.712,35.669,1.0
131.3666,128.245609,38.1116,1924.7528688,-104.699,-0.696,35.698,1.0
131.3833,128.245648,38.111642,1924.571208,-102.066,-0.681,35.73,1.0
131.4,128.245687,38.111683,1924.3874136000002,-99.427,-0.667,35.764,1.0
131.4166,128.245726,38.111725,1924.2014856000003,-96.783,-0.654,35.801,1.0
131.4333,128.245765,38.111766,1924.0134240000002,-94.133,-0.645,35.809,1.0
131.45,128.245804,38.111808,1923.8226192,-91.478,-0.641,35.76,1.0
131.4666,128.245843,38.111849,1923.6296808000002,-88.817,-0.637,35.662,1.0
131.4833,128.245882,38.111891,1923.4343039999999,-86.152,-0.631,35.548,1.0
131.5,128.245921,38.111933,1923.2367936000003,-83.486,-0.624,35.453,1.0
131.5166,128.24596,38.111974,1923.03654,-80.822,-0.614,35.387,1.0
131.5333,128.245999,38.112016,1922.8356767999999,-78.351,-0.61,35.321,1.0
131.55,128.246038,38.112058,1922.6332896000001,-76.059,-0.603,35.225,1.0
131.5666,128.246077,38.112099,1922.4296832000002,-73.899,-0.575,35.074,1.0
131.5833,128.246116,38.112141,1922.2260767999999,-71.825,-0.509,34.848,1.0
131.6,128.246154,38.112183,1922.0215560000001,-69.793,-0.412,34.583,1.0
131.6166,128.246193,38.112225,1921.81734,-67.769,-0.301,34.312,1.0
131.6333,128.246232,38.112267,1921.6167816,-65.992,-0.183,34.005,1.0
131.65,128.24627,38.112309,1921.4189664000003,-64.443,-0.056,33.659,1.0
131.6666,128.246309,38.112351,1921.2229800000002,-63.07,0.084,33.311,1.0
131.6833,128.246347,38.112393,1921.0309560000003,-61.824,0.237,32.995,1.0
131.7,128.246385,38.112435,1920.8425896,-60.65,0.396,32.722,1.0
131.7166,128.246423,38.112477,1920.6584904,-59.491,0.556,32.482,1.0
131.7333,128.246461,38.11252,1920.482316,-58.428,0.713,32.242,1.0
131.75,128.246499,38.112562,1920.3137616000001,-57.44,0.878,31.975,1.0
131.7666,128.246536,38.112605,1920.1528272,-56.512,1.058,31.684,1.0
131.7833,128.246574,38.112647,1919.9982936000001,-55.635,1.25,31.394,1.0
131.8,128.246611,38.11269,1919.8516848,-54.796,1.444,31.126,1.0
131.8166,128.246648,38.112733,1919.7133056,-53.973,1.633,30.885,1.0
131.8333,128.246686,38.112776,1919.5855944000002,-53.178,1.821,30.653,1.0
131.85,128.246722,38.112818,1919.4667224,-52.399,2.009,30.422,1.0
131.8666,128.246759,38.112861,1919.3582136,-51.628,2.198,30.192,1.0
131.8833,128.246796,38.112904,1919.2594584000003,-50.865,2.387,29.97,1.0
131.9,128.246832,38.112948,1919.1713712,-50.11,2.574,29.759,1.0
131.9166,128.246868,38.112991,1919.093952,-49.358,2.76,29.56,1.0
131.9333,128.246904,38.113034,1919.0278104000001,-48.602,2.943,29.372,1.0
131.95,128.24694,38.113077,1918.9732512,-47.839,3.125,29.192,1.0
131.9666,128.246976,38.113121,1918.9305792,-47.068,3.305,29.018,1.0
131.9833,128.247012,38.113164,1918.9000992,-46.29,3.486,28.848,1.0
132.0,128.247047,38.113208,1918.8821160000002,-45.509,3.666,28.683,1.0
132.0166,128.247083,38.113252,1918.8769344000002,-44.726,3.847,28.524,1.0
132.0333,128.247118,38.113295,1918.8845544,-43.936,4.027,28.372,1.0
132.05,128.247153,38.113339,1918.9052808000001,-43.14,4.207,28.226,1.0
132.0666,128.247188,38.113383,1918.9397232000001,-42.338,4.386,28.086,1.0
132.0833,128.247222,38.113427,1918.9875768,-41.53,4.566,27.95,1.0
132.1,128.247257,38.113471,1919.0497560000001,-40.718,4.747,27.817,1.0
132.1166,128.247291,38.113515,1919.125956,-39.903,4.93,27.688,1.0
132.1333,128.247326,38.113559,1919.2167864,-39.085,5.114,27.563,1.0
132.15,128.24736,38.113603,1919.3222472,-38.264,5.299,27.442,1.0
132.1666,128.247394,38.113647,1919.4426432,-37.441,5.484,27.326,1.0
132.1833,128.247427,38.113691,1919.5782792,-36.615,5.671,27.213,1.0
132.2,128.247461,38.113735,1919.7291552,-35.787,5.86,27.103,1.0
132.2166,128.247495,38.11378,1919.8952712,-34.956,6.05,26.997,1.0
132.2333,128.247528,38.113824,1920.0751032,-34.102,6.217,26.913,1.0
132.25,128.247561,38.113869,1920.2701752,-33.224,6.359,26.852,1.0
132.2666,128.247595,38.113913,1920.480792,-32.329,6.492,26.8,1.0
132.2833,128.247628,38.113958,1920.7066488,-31.421,6.632,26.747,1.0
132.3,128.247661,38.114002,1920.9483552,-30.504,6.785,26.688,1.0
132.3166,128.247693,38.114047,1921.2059112,-29.582,6.947,26.626,1.0
132.3333,128.247726,38.114091,1921.4759640000002,-28.583,7.097,26.58,1.0
132.35,128.247759,38.114136,1921.7591232000002,-27.512,7.207,26.564,1.0
132.3666,128.247791,38.114181,1922.0559984,-26.384,7.275,26.574,1.0
132.3833,128.247823,38.114225,1922.3678088,-25.215,7.328,26.59,1.0
132.4,128.247856,38.11427,1922.6942496,-24.02,7.392,26.6,1.0
132.4166,128.247888,38.114315,1923.0347112,-22.811,7.477,26.6,1.0
132.4333,128.24792,38.11436,1923.3864504000003,-21.482,7.561,26.611,1.0
132.45,128.247952,38.114404,1923.7494672,-20.041,7.617,26.642,1.0
132.4666,128.247984,38.114449,1924.1231520000001,-18.513,7.651,26.684,1.0
132.4833,128.248016,38.114494,1924.5099432000002,-16.923,7.682,26.724,1.0
132.5,128.248048,38.114539,1924.9089264000002,-15.293,7.726,26.756,1.0
132.5166,128.24808,38.114584,1925.3207112,-13.644,7.786,26.78,1.0
132.5333,128.248112,38.114629,1925.7443832000001,-11.992,7.864,26.803,1.0
132.55,128.248144,38.114674,1926.180552,-10.342,7.953,26.827,1.0
132.5666,128.248175,38.114718,1926.6286080000002,-8.696,8.045,26.856,1.0
132.5833,128.248207,38.114763,1927.0885512000002,-7.048,8.139,26.888,1.0
132.6,128.248239,38.114808,1927.5600768,-5.396,8.233,26.924,1.0
132.6166,128.24827,38.114853,1928.0431848,-3.738,8.331,26.962,1.0
132.6333,128.248302,38.114898,1928.5403136,-2.134,8.453,26.998,1.0
132.65,128.248333,38.114943,1929.0514632,-0.581,8.6,27.033,1.0
132.6666,128.248365,38.114988,1929.5748048000003,0.932,8.758,27.072,1.0
132.6833,128.248396,38.115033,1930.1100336,2.418,8.913,27.119,1.0
132.7,128.248428,38.115077,1930.6574544,3.889,9.061,27.174,1.0
132.7166,128.248459,38.115122,1931.2164576,5.356,9.203,27.235,1.0
132.7333,128.248491,38.115167,1931.7903960000003,6.76,9.36,27.297,1.0
132.75,128.248522,38.115212,1932.3783552,8.11,9.533,27.361,1.0
132.7666,128.248554,38.115257,1932.9791160000002,9.419,9.714,27.43,1.0
132.7833,128.248585,38.115301,1933.5923736,10.698,9.892,27.505,1.0
132.8,128.248617,38.115346,1934.218128,11.959,10.061,27.588,1.0
132.8166,128.248648,38.115391,1934.8563792,13.214,10.224,27.677,1.0
132.8333,128.24868,38.115436,1935.5092608,14.409,10.385,27.766,1.0
132.85,128.248711,38.11548,1936.176468,15.553,10.547,27.854,1.0
132.8666,128.248743,38.115525,1936.8561720000002,16.658,10.709,27.946,1.0
132.8833,128.248775,38.11557,1937.5486776000002,17.736,10.869,28.043,1.0
132.9,128.248806,38.115614,1938.2539848,18.797,11.025,28.148,1.0
132.9166,128.248838,38.115659,1938.9717888000002,19.852,11.179,28.258,1.0
132.9333,128.248869,38.115703,1939.7026992,20.658,11.309,28.339,1.0
132.95,128.248901,38.115748,1940.4464112,21.231,11.389,28.38,1.0
132.9666,128.248933,38.115792,1941.20262,21.564,11.388,28.385,1.0
132.9833,128.248965,38.115836,1941.9713256,21.655,11.3,28.367,1.0
133.0,128.248996,38.115881,1942.7528328,21.52,11.157,28.339,1.0
133.0166,128.249028,38.115925,1943.5468368000002,21.192,10.996,28.311,1.0
133.0333,128.24906,38.115969,1944.352728,20.712,10.836,28.269,1.0
133.05,128.249092,38.116013,1945.1711160000002,20.099,10.692,28.216,1.0
133.0666,128.249124,38.116058,1946.0023056,19.349,10.568,28.164,1.0
133.0833,128.249156,38.116102,1946.8462968000001,18.458,10.459,28.121,1.0
133.1,128.249188,38.116146,1947.7012608,17.427,10.361,28.092,1.0
133.1166,128.24922,38.11619,1948.5671976,16.271,10.268,28.072,1.0
133.1333,128.249252,38.116234,1949.4428880000003,15.46,10.17,28.091,1.0
133.15,128.249283,38.116278,1950.3271128000001,14.973,10.069,28.142,1.0
133.1666,128.249315,38.116322,1951.2177384000001,14.829,9.975,28.197,1.0
133.1833,128.249347,38.116366,1952.1147648,15.032,9.894,28.236,1.0
133.2,128.249379,38.116409,1953.016668,15.555,9.826,28.257,1.0
133.2166,128.249411,38.116453,1953.9228384,16.332,9.768,28.269,1.0
133.2333,128.249443,38.116497,1954.8320568000001,17.21,9.717,28.279,1.0
133.25,128.249475,38.116541,1955.7440184000002,18.109,9.672,28.286,1.0
133.2666,128.249507,38.116585,1956.6571992000002,18.996,9.632,28.295,1.0
133.2833,128.249539,38.116629,1957.5722088,19.865,9.595,28.305,1.0
133.3,128.249571,38.116673,1958.4887424,20.718,9.561,28.318,1.0
133.3166,128.249603,38.116717,1959.4064952,21.563,9.531,28.332,1.0
133.3333,128.249635,38.11676,1960.3269912,22.352,9.502,28.348,1.0
133.35,128.249667,38.116804,1961.2493160000001,23.091,9.476,28.364,1.0
133.3666,128.249699,38.116848,1962.1722504000002,23.797,9.452,28.382,1.0
133.3833,128.249731,38.116892,1963.0960992000003,24.485,9.428,28.401,1.0
133.4,128.249763,38.116936,1964.0202528000002,25.165,9.405,28.421,1.0
133.4166,128.249795,38.11698,1964.9450160000001,25.843,9.384,28.442,1.0
133.4333,128.249827,38.117024,1965.8716080000002,26.464,9.366,28.46,1.0
133.45,128.24986,38.117067,1966.8003336,27.032,9.351,28.476,1.0
133.4666,128.249892,38.117111,1967.7290592000002,27.56,9.338,28.493,1.0
133.4833,128.249924,38.117155,1968.6580896,28.058,9.323,28.512,1.0
133.5,128.249956,38.117199,1969.5877296,28.54,9.307,28.534,1.0
133.5166,128.249988,38.117243,1970.5173696000002,29.017,9.292,28.558,1.0
133.5333,128.25002,38.117287,1971.4454856000002,29.546,9.276,28.585,1.0
133.55,128.250052,38.117331,1972.3717728000001,30.126,9.259,28.614,1.0
133.5666,128.250084,38.117374,1973.2983648000002,30.745,9.243,28.641,1.0
133.5833,128.250116,38.117418,1974.2240424000001,31.389,9.23,28.666,1.0
133.6,128.250148,38.117462,1975.1494152000002,32.046,9.219,28.687,1.0
133.6166,128.250181,38.117506,1976.0744832000003,32.702,9.209,28.707,1.0
133.6333,128.250213,38.11755,1977.0007704000002,33.251,9.201,28.722,1.0
133.65,128.250245,38.117594,1977.9279720000002,33.699,9.195,28.735,1.0
133.6666,128.250277,38.117638,1978.8570024,34.07,9.188,28.75,1.0
133.6833,128.250309,38.117682,1979.7851184,34.391,9.179,28.77,1.0
133.7,128.250341,38.117725,1980.7132344000001,34.687,9.166,28.794,1.0
133.7166,128.250374,38.117769,1981.6407408,34.978,9.153,28.819,1.0
133.7333,128.250406,38.117813,1982.5673328,35.506,9.133,28.856,1.0
133.75,128.250438,38.117857,1983.4920960000002,36.261,9.107,28.9,1.0
133.7666,128.25047,38.117901,1984.4135064,37.186,9.083,28.941,1.0
133.7833,128.250502,38.117945,1985.3318688,38.225,9.069,28.969,1.0
133.8,128.250535,38.117989,1986.2493168,39.321,9.062,28.986,1.0
133.8166,128.250567,38.118033,1987.1661552,40.423,9.059,28.998,1.0
133.8333,128.250599,38.118076,1988.0817744000003,41.215,9.062,29.002,1.0
133.85,128.250631,38.11812,1988.9976984,41.714,9.068,29.002,1.0
133.8666,128.250664,38.118164,1989.9145368000002,41.926,9.071,29.005,1.0
133.8833,128.250696,38.118208,1990.8325944,41.875,9.067,29.015,1.0
133.9,128.250728,38.118252,1991.7518712,41.655,9.057,29.033,1.0
133.9166,128.250761,38.118296,1992.6729768,41.354,9.042,29.059,1.0
133.9333,128.250793,38.11834,1993.5956064,40.905,9.03,29.081,1.0
133.95,128.250826,38.118383,1994.5209792,40.346,9.024,29.096,1.0
133.9666,128.250858,38.118427,1995.4466568,39.715,9.021,29.11,1.0
133.9833,128.25089,38.118471,1996.3735536000002,39.033,9.015,29.128,1.0
134.0,128.250923,38.118515,1997.30106,38.321,9.004,29.153,1.0
134.0166,128.250955,38.118559,1998.2288712,37.598,8.992,29.181,1.0
134.0333,128.250988,38.118602,1999.1566824,37.191,8.97,29.225,1.0
134.05,128.251021,38.118646,2000.0835792,37.079,8.939,29.28,1.0
134.0666,128.251053,38.11869,2001.0083424000002,37.264,8.91,29.333,1.0
134.0833,128.251086,38.118733,2001.930972,37.739,8.888,29.376,1.0
134.1,128.251118,38.118777,2002.8508584,38.476,8.874,29.41,1.0
134.1166,128.251151,38.118821,2003.7683064,39.441,8.861,29.44,1.0
134.1333,128.251183,38.118865,2004.6824016000003,40.603,8.845,29.472,1.0
134.15,128.251216,38.118909,2005.5928392000003,41.944,8.825,29.506,1.0
134.1666,128.251248,38.118952,2006.4993144,43.451,8.803,29.54,1.0
134.1833,128.251281,38.118996,2007.4009128000002,45.115,8.78,29.572,1.0
134.2,128.251313,38.11904,2008.2979392000002,46.926,8.758,29.6,1.0
134.2166,128.251346,38.119084,2009.1900888000002,48.869,8.737,29.623,1.0
134.2333,128.251378,38.119128,2010.078276,50.927,8.714,29.644,1.0
134.25,128.251411,38.119172,2010.9625008,53.089,8.69,29.663,1.0
134.2666,128.251443,38.119216,2011.8427632,55.344,8.663,29.679,1.0
134.2833,128.251476,38.11926,2012.719368,57.685,8.635,29.694,1.0
134.3,128.251508,38.119304,2013.5923152000003,60.105,8.607,29.705,1.0
134.3166,128.25154,38.119349,2014.4616048000003,62.596,8.578,29.713,1.0
134.3333,128.251573,38.119393,2015.3281512,65.152,8.549,29.718,1.0
134.35,128.251605,38.119437,2016.1913448000003,67.766,8.52,29.721,1.0
134.3666,128.251638,38.119481,2017.0517952,70.431,8.49,29.721,1.0
134.3833,128.25167,38.119525,2017.9091976,73.144,8.46,29.719,1.0
134.4,128.251702,38.11957,2018.7641616,75.898,8.43,29.715,1.0
134.4166,128.251735,38.119614,2019.6166872000001,78.692,8.401,29.708,1.0
134.4333,128.251767,38.119658,2020.4670792,81.525,8.377,29.728,1.0
134.45,128.251799,38.119703,2021.3150328000002,84.395,8.357,29.774,1.0
134.4666,128.251832,38.119747,2022.1611576,87.294,8.337,29.828,1.0
134.4833,128.251864,38.119792,2023.0054536000002,90.216,8.316,29.874,1.0
134.5,128.251896,38.119836,2023.8479208,93.156,8.293,29.907,1.0
134.5166,128.251928,38.11988,2024.6888640000002,96.112,8.268,29.928,1.0
134.5333,128.251961,38.119925,2025.5273688,98.975,8.244,29.971,1.0
134.55,128.251993,38.119969,2026.3634352000001,101.755,8.214,30.063,1.0
134.5666,128.252026,38.120014,2027.1970632,104.475,8.165,30.233,1.0
134.5833,128.252058,38.120058,2028.0285576,107.152,8.091,30.448,1.0
134.6,128.25209,38.120103,2028.8576136000001,109.8,8.0,30.675,1.0
134.6166,128.252123,38.120147,2029.6842312000003,112.432,7.903,30.88,1.0
134.6333,128.252155,38.120192,2030.5053624,114.863,7.804,31.093,1.0
134.65,128.252188,38.120236,2031.321312,117.114,7.69,31.341,1.0
134.6666,128.252221,38.120281,2032.1326896,119.228,7.546,31.617,1.0
134.6833,128.252254,38.120325,2032.9376664000001,121.245,7.376,31.891,1.0
134.7,128.252287,38.120369,2033.7377664000003,123.207,7.195,32.138,1.0
134.7166,128.252319,38.120414,2034.5314656,125.155,7.016,32.352,1.0
134.7333,128.252353,38.120458,2035.3154112,126.98,6.836,32.566,1.0
134.75,128.252386,38.120502,2036.0902128000002,128.701,6.641,32.804,1.0
134.7666,128.252419,38.120546,2036.8546512,130.342,6.421,33.061,1.0
134.7833,128.252452,38.12059,2037.6102504000003,131.919,6.183,33.313,1.0
134.8,128.252486,38.120635,2038.3557912,133.452,5.941,33.54,1.0
134.8166,128.252519,38.120679,2039.0912736,134.968,5.705,33.739,1.0
134.8333,128.252553,38.120723,2039.8124304,136.391,5.463,33.938,1.0
134.85,128.252587,38.120767,2040.5195664000003,137.737,5.203,34.154,1.0
134.8666,128.252621,38.120811,2041.2129864,139.027,4.929,34.375,1.0
134.8833,128.252655,38.120855,2041.8933000000002,140.271,4.65,34.584,1.0
134.9,128.252689,38.120899,2042.5598976,141.484,4.375,34.77,1.0
134.9166,128.252724,38.120942,2043.2118648,142.685,4.107,34.934,1.0
134.9333,128.252758,38.120986,2043.845544,143.808,3.829,35.101,1.0
134.95,128.252792,38.12103,2044.4618496,144.864,3.533,35.282,1.0
134.9666,128.252827,38.121074,2045.0607816000002,145.872,3.224,35.466,1.0
134.9833,128.252862,38.121117,2045.6432544000002,146.842,2.914,35.637,1.0
135.0,128.252897,38.121161,2046.207744,147.786,2.612,35.79,1.0
135.0166,128.252932,38.121204,2046.7545552,148.72,2.318,35.926,1.0
135.0333,128.252967,38.121248,2047.2800304,149.583,2.022,36.061,1.0
135.05,128.253002,38.121291,2047.785084,150.386,1.721,36.199,1.0
135.0666,128.253038,38.121335,2048.2700208,151.142,1.417,36.335,1.0
135.0833,128.253073,38.121378,2048.7351456,151.864,1.114,36.461,1.0
135.1,128.253109,38.121421,2049.1798488,152.564,0.814,36.575,1.0
135.1166,128.253144,38.121465,2049.6041304,153.255,0.519,36.678,1.0
135.1333,128.25318,38.121508,2050.0052471999998,153.878,0.229,36.779,1.0
135.15,128.253216,38.121551,2050.3831992,154.443,-0.056,36.881,1.0
135.1666,128.253252,38.121594,2050.7395104,154.962,-0.341,36.979,1.0
135.1833,128.253288,38.121637,2051.073876,155.447,-0.626,37.07,1.0
135.2,128.253324,38.12168,2051.386296,155.91,-0.911,37.154,1.0
135.2166,128.25336,38.121723,2051.6761608,156.363,-1.196,37.232,1.0
135.2333,128.253397,38.121766,2051.945604,156.868,-1.48,37.304,1.0
135.25,128.253433,38.121809,2052.1943208000002,157.425,-1.764,37.371,1.0
135.2666,128.25347,38.121852,2052.4204824,158.024,-2.045,37.436,1.0
135.2833,128.253506,38.121894,2052.6243936,158.651,-2.324,37.501,1.0
135.3,128.253543,38.121937,2052.80514,159.292,-2.601,37.564,1.0
135.3166,128.25358,38.12198,2052.9633312,159.937,-2.876,37.624,1.0
135.3333,128.253617,38.122022,2053.0962240000003,160.458,-3.148,37.687,1.0
135.35,128.253654,38.122065,2053.204428,160.858,-3.417,37.753,1.0
135.3666,128.253691,38.122108,2053.286724,161.165,-3.687,37.814,1.0
135.3833,128.253728,38.12215,2053.3443312000004,161.407,-3.959,37.868,1.0
135.4,128.253765,38.122192,2053.3784688,161.611,-4.233,37.913,1.0
135.4166,128.253802,38.122235,2053.3885272,161.803,-4.508,37.955,1.0
135.4333,128.25384,38.122277,2053.3714584000004,161.964,-4.781,37.999,1.0
135.45,128.253877,38.122319,2053.3303104,162.101,-5.053,38.047,1.0
135.4666,128.253914,38.122362,2053.2644736,162.219,-5.324,38.097,1.0
135.4833,128.253952,38.122404,2053.173948,162.319,-5.595,38.145,1.0
135.5,128.253989,38.122446,2053.0587336,162.404,-5.865,38.191,1.0
135.5166,128.254027,38.122488,2052.9191352000003,162.48,-6.136,38.234,1.0
135.5333,128.254065,38.12253,2052.7582008,162.796,-6.382,38.254,1.0
135.55,128.254103,38.122572,2052.5759304,163.338,-6.574,38.241,1.0
135.5666,128.25414,38.122614,2052.3741528,164.074,-6.682,38.204,1.0
135.5833,128.254178,38.122656,2052.1540872,164.953,-6.705,38.155,1.0
135.6,128.254216,38.122697,2051.9160384,165.92,-6.678,38.104,1.0
135.6166,128.254254,38.122739,2051.6581776000003,166.923,-6.635,38.056,1.0
135.6333,128.254292,38.122781,2051.3856864,168.069,-6.611,38.002,1.0
135.65,128.25433,38.122823,2051.0976504,169.338,-6.618,37.942,1.0
135.6666,128.254368,38.122865,2050.7952888,170.703,-6.649,37.884,1.0
135.6833,128.254406,38.122906,2050.4761632,172.144,-6.693,37.834,1.0
135.7,128.254444,38.122948,2050.141188,173.635,-6.743,37.794,1.0
135.7166,128.254482,38.12299,2049.790668,175.15,-6.795,37.759,1.0
135.7333,128.25452,38.123032,2049.427956,176.729,-6.841,37.718,1.0
135.75,128.254558,38.123073,2049.0524424,178.358,-6.885,37.669,1.0
135.7666,128.254596,38.123115,2048.6619936,-179.974,-6.933,37.615,1.0
135.7833,128.254635,38.123157,2048.2581336,-178.275,-6.991,37.561,1.0
135.8,128.254673,38.123198,2047.8411672000002,-176.552,-7.058,37.509,1.0
135.8166,128.254711,38.12324,2047.4104848,-174.814,-7.133,37.459,1.0
135.8333,128.254749,38.123282,2046.969744,-172.992,-7.198,37.403,1.0
135.85,128.254787,38.123323,2046.5186400000002,-171.096,-7.251,37.34,1.0
135.8666,128.254825,38.123365,2046.0565632,-169.145,-7.301,37.275,1.0
135.8833,128.254863,38.123407,2045.5825992000002,-167.153,-7.357,37.209,1.0
135.9,128.254902,38.123448,2045.0976624,-165.134,-7.423,37.143,1.0
135.9166,128.25494,38.12349,2044.6017528000002,-163.103,-7.495,37.077,1.0
135.9333,128.254978,38.123532,2044.0976136000002,-161.017,-7.561,37.007,1.0
135.95,128.255016,38.123573,2043.5846352,-158.884,-7.616,36.932,1.0
135.9666,128.255054,38.123615,2043.0615984,-156.717,-7.667,36.854,1.0
135.9833,128.255092,38.123657,2042.5294176000002,-154.524,-7.722,36.774,1.0
136.0,128.25513,38.123699,2041.9880928,-152.313,-7.782,36.692,1.0
136.0166,128.255168,38.12374,2041.4373192,-150.093,-7.845,36.607,1.0
136.0333,128.255207,38.123782,2040.87984,-147.847,-7.907,36.519,1.0
136.05,128.255245,38.123824,2040.3132168,-145.581,-7.963,36.427,1.0
136.0666,128.255283,38.123866,2039.7386688,-143.301,-8.016,36.331,1.0
136.0833,128.255321,38.123907,2039.1561960000001,-141.01,-8.068,36.232,1.0
136.1,128.255359,38.123949,2038.5657984,-138.712,-8.12,36.131,1.0
136.1166,128.255397,38.123991,2037.967476,-136.41,-8.171,36.027,1.0
136.1333,128.255435,38.124033,2037.3606192,-134.466,-8.26,35.914,1.0
136.15,128.255473,38.124075,2036.743704,-132.852,-8.405,35.767,1.0
136.1666,128.25551,38.124117,2036.1149016000002,-131.568,-8.61,35.548,1.0
136.1833,128.255548,38.124159,2035.4729928,-130.582,-8.875,35.231,1.0
136.2,128.255586,38.1242,2034.8179776000002,-129.793,-9.181,34.823,1.0
136.2166,128.255623,38.124242,2034.1492464,-129.099,-9.507,34.355,1.0
136.2333,128.255661,38.124285,2033.4683232000002,-128.373,-9.834,33.861,1.0
136.25,128.255698,38.124327,2032.7745984,-127.578,-10.145,33.376,1.0
136.2666,128.255735,38.124369,2032.0692912000002,-126.723,-10.423,32.935,1.0
136.2833,128.255772,38.124411,2031.3511824,-125.838,-10.647,32.57,1.0
136.3,128.255809,38.124453,2030.6199672000002,-124.952,-10.811,32.286,1.0
136.3166,128.255846,38.124496,2029.8753408,-124.083,-10.929,32.057,1.0
136.3333,128.255883,38.124538,2029.1197416,-123.044,-10.972,31.903,1.0
136.35,128.255919,38.12458,2028.3546936000002,-121.852,-10.929,31.851,1.0
136.3666,128.255956,38.124623,2027.5811112000001,-120.495,-10.825,31.893,1.0
136.3833,128.255992,38.124665,2026.7999088000001,-118.982,-10.691,32.005,1.0
136.4,128.256029,38.124708,2026.0123056,-117.359,-10.552,32.157,1.0
136.4166,128.256065,38.12475,2025.2164728,-115.671,-10.425,32.315,1.0
136.4333,128.256102,38.124793,2024.4148488,-114.288,-10.337,32.455,1.0
136.45,128.256138,38.124836,2023.6059096000001,-113.195,-10.286,32.57,1.0
136.4666,128.256174,38.124878,2022.7890456000002,-112.403,-10.246,32.663,1.0
136.4833,128.25621,38.124921,2021.9648664000001,-111.911,-10.201,32.744,1.0
136.5,128.256246,38.124964,2021.1336767999999,-111.698,-10.148,32.82,1.0
136.5166,128.256282,38.125006,2020.2957816,-111.714,-10.091,32.891,1.0
136.5333,128.256318,38.125049,2019.4514856000003,-111.929,-10.039,32.958,1.0
136.55,128.256353,38.125092,2018.5998744000003,-112.271,-9.993,33.017,1.0
136.5666,128.256389,38.125135,2017.7412528000002,-112.686,-9.949,33.067,1.0
136.5833,128.256425,38.125178,2016.8765352,-113.141,-9.903,33.106,1.0
136.6,128.25646,38.125221,2016.0057216,-113.612,-9.856,33.138,1.0
136.6166,128.256495,38.125264,2015.1291168,-114.082,-9.811,33.165,1.0
136.6333,128.256531,38.125307,2014.2464160000002,-114.25,-9.753,33.181,1.0
136.65,128.256566,38.12535,2013.3588384,-114.139,-9.684,33.185,1.0
136.6666,128.256602,38.125393,2012.4676032,-113.749,-9.618,33.186,1.0
136.6833,128.256637,38.125436,2011.5727104000002,-113.086,-9.566,33.187,1.0
136.7,128.256672,38.125479,2010.6744648000001,-112.174,-9.525,33.19,1.0
136.7166,128.256708,38.125522,2009.7722568000002,-111.047,-9.491,33.192,1.0
136.7333,128.256743,38.125565,2008.8666960000003,-109.736,-9.455,33.193,1.0
136.75,128.256778,38.125608,2007.958392,-108.261,-9.417,33.191,1.0
136.7666,128.256814,38.125651,2007.0470400000002,-106.633,-9.377,33.189,1.0
136.7833,128.256849,38.125694,2006.1335544,-104.861,-9.34,33.186,1.0
136.8,128.256885,38.125737,2005.2179352,-102.954,-9.307,33.186,1.0
136.8166,128.25692,38.12578,2004.299268,-100.928,-9.277,33.187,1.0
136.8333,128.256956,38.125823,2003.3775528000003,-98.796,-9.249,33.19,1.0
136.85,128.256991,38.125866,2002.4530944,-96.582,-9.222,33.194,1.0
136.8666,128.257027,38.125909,2001.5252832,-94.319,-9.197,33.201,1.0
136.8833,128.257063,38.125952,2000.5947288000002,-92.035,-9.175,33.209,1.0
136.9,128.257098,38.125996,1999.6608216000002,-89.746,-9.156,33.22,1.0
136.9166,128.257134,38.126039,1998.7238664000001,-87.462,-9.139,33.232,1.0
136.9333,128.25717,38.126082,1997.7829488,-85.117,-9.118,33.246,1.0
136.95,128.257205,38.126125,1996.8389832000003,-82.716,-9.093,33.263,1.0
136.9666,128.257241,38.126168,1995.89136,-80.259,-9.068,33.282,1.0
136.9833,128.257277,38.126211,1994.9406888,-77.744,-9.048,33.301,1.0
137.0,128.257313,38.126254,1993.98636,-75.177,-9.033,33.321,1.0
137.0166,128.257349,38.126297,1993.0286784,-72.581,-9.022,33.342,1.0
137.0333,128.257384,38.12634,1992.0667296000001,-69.951,-9.013,33.366,1.0
137.05,128.25742,38.126384,1991.1011232000003,-67.294,-9.004,33.393,1.0
137.0666,128.257456,38.126427,1990.132164,-64.612,-8.996,33.424,1.0
137.0833,128.257492,38.12647,1989.1592424000003,-61.904,-8.99,33.456,1.0
137.1,128.257528,38.126513,1988.1823584,-59.17,-8.987,33.488,1.0
137.1166,128.257564,38.126556,1987.2021216,-56.414,-8.988,33.522,1.0
137.1333,128.2576,38.126599,1986.2182272,-53.638,-8.986,33.547,1.0
137.15,128.257637,38.126643,1985.2309800000003,-50.846,-8.98,33.564,1.0
137.1666,128.257673,38.126686,1984.2400752,-48.039,-8.973,33.581,1.0
137.1833,128.257709,38.126729,1983.2455128000001,-45.221,-8.97,33.601,1.0
137.2,128.257745,38.126772,1982.2479024000002,-42.393,-8.974,33.626,1.0
137.2166,128.257781,38.126815,1981.2466344000002,-39.555,-8.983,33.654,1.0
137.2333,128.257817,38.126858,1980.2450616,-36.787,-8.975,33.663,1.0
137.25,128.257853,38.126902,1979.2437936000001,-34.085,-8.926,33.634,1.0
137.2666,128.257889,38.126945,1978.2431352,-31.432,-8.806,33.56,1.0
137.2833,128.257925,38.126988,1977.2415624,-28.815,-8.632,33.463,1.0
137.3,128.257962,38.127032,1976.2405992000001,-26.222,-8.435,33.366,1.0
137.3166,128.257998,38.127075,1975.2399408,-23.641,-8.247,33.286,1.0
137.3333,128.258034,38.127118,1974.2447688,-21.318,-8.052,33.195,1.0
137.35,128.25807,38.127162,1973.2553880000003,-19.232,-7.82,33.086,1.0
137.3666,128.258106,38.127205,1972.2727128000001,-17.326,-7.542,32.974,1.0
137.3833,128.258142,38.127248,1971.2976576,-15.545,-7.244,32.884,1.0
137.4,128.258178,38.127292,1970.3286984,-13.83,-6.958,32.825,1.0
137.4166,128.258214,38.127335,1969.3664448000002,-12.122,-6.701,32.791,1.0
137.4333,128.25825,38.127379,1968.4166880000002,-10.59,-6.45,32.75,1.0
137.45,128.258286,38.127423,1967.4788184000001,-9.211,-6.179,32.693,1.0
137.4666,128.258322,38.127466,1966.5546648000002,-7.955,-5.855,32.632,1.0
137.4833,128.258358,38.12751,1965.6451416,-6.796,-5.5,32.586,1.0
137.5,128.258393,38.127553,1964.7472008,-5.699,-5.148,32.565,1.0
137.5166,128.258429,38.127597,1963.8626712,-4.621,-4.825,32.562,1.0
137.5333,128.258465,38.127641,1962.9964296,-3.65,-4.506,32.558,1.0
137.55,128.258501,38.127684,1962.1478664,-2.768,-4.165,32.544,1.0
137.5666,128.258537,38.127728,1961.3182008,-1.953,-3.808,32.531,1.0
137.5833,128.258573,38.127772,1960.5049944000002,-1.195,-3.457,32.53,1.0
137.6,128.258609,38.127816,1959.7097712,-0.475,-3.125,32.544,1.0
137.6166,128.258645,38.12786,1958.9325312000003,0.229,-2.816,32.57,1.0
137.6333,128.258681,38.127903,1958.1763224000001,0.874,-2.523,32.596,1.0
137.65,128.258717,38.127947,1957.4411448000003,1.474,-2.236,32.618,1.0
137.6666,128.258753,38.127991,1956.7248648000002,2.04,-1.953,32.64,1.0
137.6833,128.258789,38.128035,1956.0290064,2.579,-1.674,32.668,1.0
137.7,128.258825,38.128079,1955.3532648,3.097,-1.4,32.704,1.0
137.7166,128.258861,38.128122,1954.69764,3.607,-1.133,32.746,1.0
137.7333,128.258897,38.128166,1954.0651800000003,4.069,-0.871,32.787,1.0
137.75,128.258933,38.12821,1953.4543608,4.492,-0.614,32.826,1.0
137.7666,128.258969,38.128254,1952.8645728000001,4.886,-0.36,32.864,1.0
137.7833,128.259005,38.128298,1952.2961208000002,5.257,-0.111,32.907,1.0
137.8,128.259041,38.128342,1951.7487,5.613,0.134,32.955,1.0
137.8166,128.259077,38.128386,1951.2226152000003,5.964,0.378,33.007,1.0
137.8333,128.259113,38.128429,1950.7160376000002,6.396,0.618,33.065,1.0
137.85,128.259149,38.128473,1950.2283576,6.909,0.856,33.129,1.0
137.8666,128.259186,38.128517,1949.7601848,7.486,1.09,33.193,1.0
137.8833,128.259222,38.128561,1949.3136528000002,8.109,1.323,33.253,1.0
137.9,128.259258,38.128605,1948.8878472,8.755,1.553,33.312,1.0
137.9166,128.259294,38.128648,1948.4830728000002,9.408,1.78,33.371,1.0
137.9333,128.259331,38.128692,1948.1014632,9.96,2.005,33.428,1.0
137.95,128.259367,38.128736,1947.7427136000001,10.413,2.229,33.484,1.0
137.9666,128.259403,38.12878,1947.4080432,10.79,2.45,33.544,1.0
137.9833,128.25944,38.128823,1947.0947088,11.118,2.67,33.613,1.0
138.0,128.259476,38.128867,1946.8027104000003,11.419,2.888,33.688,1.0
138.0166,128.259513,38.128911,1946.5326576,11.716,3.105,33.766,1.0
138.0333,128.259549,38.128954,1946.2863792,11.957,3.324,33.84,1.0
138.05,128.259586,38.128998,1946.0638752000002,12.15,3.543,33.909,1.0
138.0666,128.259623,38.129041,1945.8633168000001,12.302,3.763,33.977,1.0
138.0833,128.259659,38.129085,1945.6850088,12.422,3.981,34.048,1.0
138.1,128.259696,38.129128,1945.5289512000002,12.52,4.198,34.125,1.0
138.1166,128.259733,38.129172,1945.3945344,12.609,4.414,34.205,1.0
138.1333,128.25977,38.129215,1945.2832824,12.685,4.63,34.284,1.0
138.15,128.259806,38.129258,1945.1936712,12.751,4.847,34.36,1.0
138.1666,128.259843,38.129302,1945.1260056,12.812,5.064,34.435,1.0
138.1833,128.25988,38.129345,1945.0805904,12.865,5.281,34.51,1.0
138.2,128.259917,38.129388,1945.056816,12.912,5.497,34.586,1.0
138.2166,128.259954,38.129431,1945.055292,12.955,5.712,34.663,1.0
138.2333,128.259991,38.129475,1945.0769328000001,12.977,5.927,34.739,1.0
138.25,128.260028,38.129518,1945.1202144,12.981,6.142,34.813,1.0
138.2666,128.260065,38.129561,1945.1854415999999,12.972,6.358,34.887,1.0
138.2833,128.260102,38.129604,1945.2729192000002,12.953,6.573,34.961,1.0
138.3,128.26014,38.129647,1945.3820376,12.927,6.788,35.036,1.0
138.3166,128.260177,38.12969,1945.5131016000003,12.899,7.002,35.111,1.0
138.3333,128.260214,38.129733,1945.66794,12.778,7.219,35.178,1.0
138.35,128.260251,38.129775,1945.8465528000002,12.571,7.437,35.237,1.0
138.3666,128.260289,38.129818,1946.0498544,12.294,7.656,35.294,1.0
138.3833,128.260326,38.129861,1946.274492,11.964,7.874,35.355,1.0
138.4,128.260363,38.129904,1946.5219896,11.601,8.091,35.421,1.0
138.4166,128.260401,38.129946,1946.7914328000002,11.224,8.309,35.489,1.0
138.4333,128.260438,38.129989,1947.0843456000002,10.824,8.498,35.542,1.0
138.45,128.260476,38.130031,1947.3985944,10.406,8.653,35.579,1.0
138.4666,128.260513,38.130074,1947.734484,9.97,8.791,35.607,1.0
138.4833,128.260551,38.130116,1948.0923192,9.512,8.934,35.636,1.0
138.5,128.260588,38.130159,1948.4714904,9.036,9.092,35.669,1.0
138.5166,128.260626,38.130201,1948.8716928,8.547,9.265,35.706,1.0
138.5333,128.260663,38.130243,1949.2944504000002,7.886,9.427,35.716,1.0
138.55,128.260701,38.130286,1949.738544,7.065,9.548,35.693,1.0
138.5666,128.260738,38.130328,1950.2042784,6.071,9.599,35.652,1.0
138.5833,128.260776,38.13037,1950.6913488,4.892,9.574,35.609,1.0
138.6,128.260813,38.130412,1951.2003648000002,3.536,9.509,35.575,1.0
138.6166,128.260851,38.130454,1951.7313264000002,2.043,9.441,35.547,1.0
138.6333,128.260888,38.130496,1952.2824048000002,0.415,9.346,35.514,1.0
138.65,128.260926,38.130538,1952.8520760000001,-1.33,9.214,35.473,1.0
138.6666,128.260963,38.13058,1953.44034,-3.195,9.069,35.43,1.0
138.6833,128.261001,38.130622,1954.0465872,-5.181,8.94,35.388,1.0
138.7,128.261038,38.130664,1954.6695984,-7.287,8.842,35.352,1.0
138.7166,128.261075,38.130706,1955.3084592,-9.506,8.773,35.32,1.0
138.7333,128.261113,38.130748,1955.9619504000002,-11.827,8.709,35.291,1.0
138.75,128.26115,38.13079,1956.6297672,-14.238,8.644,35.266,1.0
138.7666,128.261187,38.130832,1957.3109952,-16.73,8.579,35.24,1.0
138.7833,128.261224,38.130874,1958.00472,-19.299,8.521,35.213,1.0
138.8,128.261261,38.130916,1958.7106368000002,-21.942,8.477,35.183,1.0
138.8166,128.261298,38.130957,1959.4278312000001,-24.655,8.444,35.151,1.0
138.8333,128.261335,38.130999,1960.1563032000001,-27.436,8.437,35.109,1.0
138.85,128.261372,38.131041,1960.8945288000002,-30.277,8.452,35.058,1.0
138.8666,128.261409,38.131083,1961.6425080000001,-33.173,8.477,35.0,1.0
138.8833,128.261445,38.131125,1962.3996312000002,-36.115,8.501,34.941,1.0
138.9,128.261482,38.131167,1963.1640696000002,-39.087,8.522,34.881,1.0
138.9166,128.261518,38.131209,1963.9358232000002,-42.076,8.542,34.82,1.0
138.9333,128.261555,38.131251,1964.7136728,-44.976,8.587,34.74,1.0
138.95,128.261591,38.131293,1965.4976184000002,-47.792,8.676,34.616,1.0
138.9666,128.261627,38.131335,1966.2864408,-50.543,8.796,34.449,1.0
138.9833,128.261664,38.131377,1967.0816640000003,-53.244,8.919,34.258,1.0
139.0,128.2617,38.131419,1967.8820688,-55.913,9.023,34.068,1.0
139.0166,128.261736,38.131461,1968.6876551999999,-58.565,9.103,33.892,1.0
139.0333,128.261772,38.131503,1969.4962896,-61.006,9.187,33.711,1.0
139.05,128.261807,38.131545,1970.3085816,-63.262,9.29,33.501,1.0
139.0666,128.261843,38.131587,1971.124836,-65.385,9.412,33.229,1.0
139.0833,128.261879,38.13163,1971.9447480000001,-67.419,9.535,32.902,1.0
139.1,128.261914,38.131672,1972.7686224,-69.404,9.643,32.552,1.0
139.1166,128.261949,38.131714,1973.5955448000002,-71.371,9.729,32.213,1.0
139.1333,128.261984,38.131757,1974.4239912000003,-73.265,9.807,31.876,1.0
139.15,128.26202,38.131799,1975.254876,-75.1,9.882,31.538,1.0
139.1666,128.262054,38.131842,1976.0878944,-76.889,9.946,31.201,1.0
139.1833,128.262089,38.131884,1976.9233512,-78.642,9.993,30.871,1.0
139.2,128.262124,38.131927,1977.760332,-80.371,10.022,30.55,1.0
139.2166,128.262158,38.13197,1978.5982272,-82.091,10.034,30.239,1.0
139.2333,128.262193,38.132012,1979.4370368000002,-83.826,10.034,29.941,1.0
139.25,128.262227,38.132055,1980.2755416,-85.583,10.024,29.652,1.0
139.2666,128.262261,38.132098,1981.1140464,-87.357,10.006,29.37,1.0
139.2833,128.262294,38.132141,1981.9516368000002,-89.144,9.98,29.092,1.0
139.3,128.262328,38.132184,1982.7883128,-90.936,9.945,28.817,1.0
139.3166,128.262361,38.132227,1983.62316,-92.73,9.901,28.546,1.0
139.3333,128.262395,38.13227,1984.4552640000002,-94.463,9.849,28.257,1.0
139.35,128.262428,38.132314,1985.2849296000002,-96.141,9.789,27.95,1.0
139.3666,128.262461,38.132357,1986.1115472,-97.775,9.719,27.64,1.0
139.3833,128.262493,38.1324,1986.934812,-99.378,9.637,27.34,1.0
139.4,128.262526,38.132444,1987.7541144,-100.963,9.545,27.054,1.0
139.4166,128.262558,38.132487,1988.5685400000002,-102.541,9.445,26.782,1.0
139.4333,128.26259,38.132531,1989.3771744000003,-104.01,9.337,26.492,1.0
139.45,128.262622,38.132575,1990.1806272000001,-105.382,9.22,26.166,1.0
139.4666,128.262654,38.132618,1990.9792032,-106.679,9.088,25.82,1.0
139.4833,128.262686,38.132662,1991.7713784,-107.919,8.944,25.48,1.0
139.5,128.262718,38.132706,1992.5565432,-109.123,8.791,25.161,1.0
139.5166,128.262749,38.13275,1993.3346976,-110.31,8.633,24.865,1.0
139.5333,128.26278,38.132794,1994.1049272,-111.416,8.47,24.562,1.0
139.55,128.262811,38.132838,1994.867232,-112.454,8.297,24.241,1.0
139.5666,128.262842,38.132882,1995.621612,-113.44,8.115,23.912,1.0
139.5833,128.262872,38.132927,1996.3671528000002,-114.387,7.927,23.592,1.0
139.6,128.262903,38.132971,1997.1035496,-115.305,7.734,23.29,1.0
139.6166,128.262933,38.133016,1997.8298880000002,-116.21,7.54,23.007,1.0
139.6333,128.262963,38.13306,1998.5467776000003,-117.068,7.348,22.736,1.0
139.65,128.262993,38.133105,1999.2536088,-117.889,7.157,22.473,1.0
139.6666,128.263023,38.133149,1999.9497720000002,-118.683,6.964,22.216,1.0
139.6833,128.263052,38.133194,2000.6346576,-119.456,6.768,21.965,1.0
139.7,128.263082,38.133239,2001.3085704,-120.216,6.568,21.72,1.0
139.7166,128.263111,38.133284,2001.9702912000002,-120.969,6.365,21.484,1.0
139.7333,128.26314,38.133329,2002.6210392000003,-121.698,6.162,21.254,1.0
139.75,128.263168,38.133374,2003.2589856000002,-122.408,5.959,21.029,1.0
139.7666,128.263197,38.133419,2003.8847400000002,-123.104,5.755,20.809,1.0
139.7833,128.263225,38.133464,2004.4979976,-123.788,5.55,20.594,1.0
139.8,128.263254,38.13351,2005.0978440000001,-124.466,5.341,20.385,1.0
139.8166,128.263282,38.133555,2005.6842792,-125.139,5.131,20.18,1.0
139.8333,128.263309,38.133601,2006.2579128000002,-125.8,4.92,19.98,1.0
139.85,128.263337,38.133646,2006.8172208,-126.45,4.709,19.783,1.0
139.8666,128.263364,38.133692,2007.3628128000003,-127.092,4.496,19.59,1.0
139.8833,128.263392,38.133737,2007.8943840000002,-127.729,4.282,19.401,1.0
139.9,128.263419,38.133783,2008.41102,-128.361,4.065,19.216,1.0
139.9166,128.263446,38.133829,2008.9130256,-128.991,3.848,19.035,1.0
139.9333,128.263472,38.133875,2009.4010104000001,-129.603,3.629,18.856,1.0
139.95,128.263499,38.133921,2009.8737552,-130.2,3.41,18.68,1.0
139.9666,128.263525,38.133967,2010.3312600000002,-130.785,3.189,18.508,1.0
139.9833,128.263551,38.134013,2010.77322,-131.361,2.967,18.338,1.0
140.0,128.263577,38.134059,2011.1996352,-131.931,2.744,18.172,1.0
140.0166,128.263603,38.134105,2011.6102008,-132.498,2.518,18.01,1.0
140.0333,128.263629,38.134151,2012.0052216000001,-133.05,2.292,17.849,1.0
140.05,128.263654,38.134197,2012.3840880000002,-133.587,2.066,17.691,1.0
140.0666,128.26368,38.134244,2012.7468000000001,-134.114,1.839,17.535,1.0
140.0833,128.263705,38.13429,2013.0930528000001,-134.633,1.611,17.382,1.0
140.1,128.26373,38.134337,2013.4228464,-135.147,1.381,17.232,1.0
140.1166,128.263754,38.134383,2013.7355712,-135.657,1.15,17.085,1.0
140.1333,128.263779,38.13443,2014.0318368000003,-136.156,0.918,16.94,1.0
140.15,128.263803,38.134476,2014.3110336,-136.644,0.686,16.796,1.0
140.1666,128.263828,38.134523,2014.5728568000002,-137.125,0.454,16.655,1.0
140.1833,128.263852,38.13457,2014.8176112,-137.599,0.22,16.516,1.0
140.2,128.263876,38.134616,2015.0446872,-138.07,-0.014,16.38,1.0
140.2166,128.263899,38.134663,2015.2540848,-138.537,-0.249,16.246,1.0
140.2333,128.263923,38.13471,2015.4445848,-139.155,-0.491,16.12,1.0
140.25,128.263946,38.134757,2015.6155776000003,-139.916,-0.738,16.003,1.0
140.2666,128.26397,38.134804,2015.7664536000002,-140.788,-0.987,15.887,1.0
140.2833,128.263993,38.134851,2015.8959936,-141.739,-1.235,15.77,1.0
140.3,128.264016,38.134898,2016.0069408000002,-142.739,-1.481,15.65,1.0
140.3166,128.264038,38.134945,2016.0983808,-143.759,-1.729,15.53,1.0
140.3333,128.264061,38.134992,2016.171228,-144.738,-1.981,15.412,1.0
140.35,128.264083,38.135039,2016.2257872,-145.67,-2.237,15.297,1.0
140.3666,128.264106,38.135086,2016.2608392000002,-146.565,-2.497,15.188,1.0
140.3833,128.264128,38.135134,2016.2760792,-147.435,-2.763,15.085,1.0
140.4,128.26415,38.135181,2016.2715072,-148.295,-3.032,14.987,1.0
140.4166,128.264172,38.135228,2016.2468184000002,-149.152,-3.303,14.894,1.0
140.4333,128.264193,38.135275,2016.2035368000002,-149.946,-3.573,14.801,1.0
140.45,128.264215,38.135323,2016.1413576,-150.68,-3.842,14.709,1.0
140.4666,128.264236,38.13537,2016.0596712,-151.367,-4.113,14.62,1.0
140.4833,128.264258,38.135417,2015.9575632,-152.021,-4.385,14.538,1.0
140.5,128.264279,38.135465,2015.8350336,-152.653,-4.66,14.461,1.0
140.5166,128.2643,38.135512,2015.6920824,-153.276,-4.936,14.39,1.0
140.5333,128.264321,38.13556,2015.5299288,-153.861,-5.211,14.32,1.0
140.55,128.264342,38.135607,2015.3476584000002,-154.413,-5.484,14.251,1.0
140.5666,128.264363,38.135654,2015.1443568000002,-154.94,-5.757,14.184,1.0
140.5833,128.264383,38.135702,2014.9203288,-155.449,-6.03,14.121,1.0
140.6,128.264404,38.135749,2014.6755744000002,-155.945,-6.303,14.062,1.0
140.6166,128.264424,38.135797,2014.409484,-156.434,-6.577,14.006,1.0
140.6333,128.264445,38.135844,2014.1229720000001,-156.908,-6.85,13.953,1.0
140.65,128.264465,38.135892,2013.8148192,-157.368,-7.122,13.901,1.0
140.6666,128.264485,38.135939,2013.4856352000002,-157.818,-7.393,13.85,1.0
140.6833,128.264505,38.135987,2013.1351152000002,-158.261,-7.664,13.802,1.0
140.7,128.264525,38.136035,2012.7626496,-158.699,-7.936,13.757,1.0
140.7166,128.264545,38.136082,2012.368848,-159.133,-8.207,13.714,1.0
140.7333,128.264565,38.13613,2011.9531008000001,-159.564,-8.477,13.673,1.0
140.75,128.264584,38.136177,2011.5157128,-159.994,-8.748,13.634,1.0
140.7666,128.264604,38.136225,2011.0560744000002,-160.422,-9.018,13.596,1.0
140.7833,128.264623,38.136272,2010.5747952,-160.849,-9.288,13.56,1.0
140.8,128.264642,38.13632,2010.0712656,-161.274,-9.558,13.526,1.0
140.8166,128.264662,38.136367,2009.5454856000001,-161.698,-9.827,13.494,1.0
140.8333,128.264681,38.136415,2008.9971504000002,-162.13,-10.097,13.464,1.0
140.85,128.2647,38.136463,2008.42626,-162.57,-10.367,13.437,1.0
140.8666,128.264719,38.13651,2007.8331192,-163.016,-10.637,13.411,1.0
140.8833,128.264737,38.136558,2007.2174232000002,-163.466,-10.906,13.387,1.0
140.9,128.264756,38.136605,2006.5791720000002,-163.918,-11.176,13.364,1.0
140.9166,128.264775,38.136653,2005.9186704,-164.37,-11.446,13.342,1.0
140.9333,128.264793,38.1367,2005.23348,-164.849,-11.716,13.324,1.0
140.95,128.264812,38.136748,2004.5257344000001,-165.353,-11.987,13.31,1.0
140.9666,128.26483,38.136795,2003.794824,-165.878,-12.258,13.297,1.0
140.9833,128.264849,38.136843,2003.0410536000002,-166.415,-12.529,13.286,1.0
141.0,128.264867,38.13689,2002.2641184000001,-166.961,-12.8,13.275,1.0
141.0166,128.264885,38.136937,2001.4643232000003,-167.511,-13.071,13.267,1.0
141.0333,128.264903,38.136985,2000.6398392000003,-168.119,-13.344,13.263,1.0
141.05,128.264921,38.137032,1999.7906664000002,-168.781,-13.618,13.266,1.0
141.0666,128.264939,38.137079,1998.9177192,-169.484,-13.893,13.271,1.0
141.0833,128.264957,38.137127,1998.0216072000003,-170.217,-14.167,13.278,1.0
141.1,128.264975,38.137174,1997.1017208000003,-170.969,-14.443,13.285,1.0
141.1166,128.264992,38.137221,1996.1583648,-171.729,-14.718,13.294,1.0
141.1333,128.26501,38.137268,1995.1936728,-172.439,-14.995,13.305,1.0
141.15,128.265028,38.137316,1994.2067304,-173.099,-15.272,13.317,1.0
141.1666,128.265045,38.137363,1993.1975376,-173.719,-15.549,13.333,1.0
141.1833,128.265063,38.13741,1992.1648752,-174.312,-15.827,13.356,1.0
141.2,128.26508,38.137457,1991.1093528000001,-174.891,-16.104,13.383,1.0
141.2166,128.265098,38.137504,1990.0309704000001,-175.465,-16.38,13.415,1.0
141.2333,128.265115,38.137551,1988.9285088,-176.256,-16.627,13.462,1.0
141.25,128.265132,38.137598,1987.8025776000002,-177.251,-16.818,13.526,1.0
141.2666,128.26515,38.137645,1986.6537864000002,-178.446,-16.925,13.598,1.0
141.2833,128.265167,38.137692,1985.4809160000002,-179.792,-16.973,13.667,1.0
141.3,128.265184,38.137739,1984.2848808,178.765,-16.996,13.73,1.0
141.3166,128.265201,38.137786,1983.0681192000002,177.268,-17.028,13.789,1.0
141.3333,128.265218,38.137832,1981.8288024,175.607,-17.044,13.854,1.0
141.35,128.265236,38.137879,1980.5681496,173.795,-17.02,13.925,1.0
141.3666,128.265253,38.137926,1979.2864656,171.838,-16.966,13.996,1.0
141.3833,128.26527,38.137972,1977.9834456,169.734,-16.911,14.064,1.0
141.4,128.265287,38.138019,1976.6593944,167.489,-16.877,14.133,1.0
141.4166,128.265304,38.138065,1975.3167504000003,165.11,-16.872,14.204,1.0
141.4333,128.265321,38.138112,1973.9558184000002,162.608,-16.875,14.274,1.0
141.45,128.265339,38.138158,1972.5772080000002,159.995,-16.88,14.344,1.0
141.4666,128.265356,38.138204,1971.1818336,157.279,-16.888,14.416,1.0
141.4833,128.265373,38.138251,1969.7706096000002,154.469,-16.904,14.493,1.0
141.5,128.26539,38.138297,1968.3447552,151.582,-16.93,14.576,1.0
141.5166,128.265408,38.138343,1966.9054896,148.644,-16.968,14.664,1.0
141.5333,128.265425,38.138389,1965.4537272,145.87,-17.049,14.769,1.0
141.55,128.265442,38.138435,1963.989468,143.262,-17.196,14.913,1.0
141.5666,128.26546,38.138481,1962.5130168,140.781,-17.403,15.113,1.0
141.5833,128.265477,38.138527,1961.0252880000003,138.395,-17.638,15.36,1.0
141.6,128.265495,38.138573,1959.5262816,136.069,-17.873,15.638,1.0
141.6166,128.265512,38.138619,1958.0144736,133.778,-18.086,15.92,1.0
141.6333,128.26553,38.138665,1956.4926072000003,131.613,-18.304,16.22,1.0
141.65,128.265548,38.138711,1954.9603776000001,129.554,-18.527,16.537,1.0
141.6666,128.265566,38.138757,1953.4174800000003,127.574,-18.743,16.865,1.0
141.6833,128.265584,38.138803,1951.8623903999999,125.652,-18.939,17.194,1.0
141.7,128.265602,38.138848,1950.2960232000003,123.768,-19.109,17.52,1.0
141.7166,128.26562,38.138894,1948.7183784000001,121.903,-19.257,17.84,1.0
141.7333,128.265638,38.13894,1947.1291512,119.919,-19.366,18.129,1.0
141.75,128.265656,38.138985,1945.5295608,117.832,-19.424,18.355,1.0
141.7666,128.265675,38.139031,1943.9196072000002,115.641,-19.445,18.522,1.0
141.7833,128.265693,38.139076,1942.2992904,113.343,-19.448,18.655,1.0
141.8,128.265712,38.139122,1940.66922,110.937,-19.447,18.786,1.0
141.8166,128.265731,38.139167,1939.0303104000002,108.435,-19.451,18.943,1.0
141.8333,128.26575,38.139212,1937.3831712,105.842,-19.45,19.102,1.0
141.85,128.265769,38.139257,1935.7281072000003,103.175,-19.437,19.233,1.0
141.8666,128.265789,38.139302,1934.0666424,100.452,-19.407,19.31,1.0
141.8833,128.265808,38.139347,1932.3987768,97.673,-19.368,19.349,1.0
141.9,128.265828,38.139392,1930.7254248000002,94.833,-19.324,19.382,1.0
141.9166,128.265847,38.139437,1929.0475008,91.928,-19.28,19.432,1.0
141.9333,128.265867,38.139482,1927.3656144,89.0,-19.239,19.534,1.0
141.95,128.265887,38.139527,1925.6803752,86.064,-19.199,19.686,1.0
141.9666,128.265907,38.139572,1923.9917832,83.137,-19.156,19.863,1.0
141.9833,128.265927,38.139617,1922.3004480000002,80.233,-19.107,20.037,1.0
142.0,128.265948,38.139662,1920.6063696,77.359,-19.051,20.198,1.0
142.0166,128.265968,38.139706,1918.9107672000002,74.511,-18.988,20.344,1.0
142.0333,128.265989,38.139751,1917.2145552,71.823,-18.917,20.509,1.0
142.05,128.266009,38.139796,1915.5177336,69.269,-18.829,20.721,1.0
142.0666,128.26603,38.13984,1913.8203024000002,66.807,-18.713,20.988,1.0
142.0833,128.266051,38.139885,1912.1225664000003,64.415,-18.57,21.278,1.0
142.1,128.266072,38.13993,1910.4263544,62.072,-18.412,21.558,1.0
142.1166,128.266093,38.139974,1908.7319712,59.763,-18.253,21.809,1.0
142.1333,128.266114,38.140019,1907.0400264000002,57.617,-18.087,22.061,1.0
142.15,128.266136,38.140063,1905.3508248,55.609,-17.904,22.337,1.0
142.1666,128.266157,38.140108,1903.6643664000003,53.706,-17.692,22.633,1.0
142.1833,128.266179,38.140152,1901.9812608,51.88,-17.461,22.926,1.0
142.2,128.2662,38.140197,1900.3033368000001,50.107,-17.223,23.195,1.0
142.2166,128.266222,38.140241,1898.6315088000001,48.362,-16.989,23.436,1.0
142.2333,128.266244,38.140286,1896.9657768,46.807,-16.752,23.678,1.0
142.25,128.266266,38.14033,1895.3067504000003,45.417,-16.498,23.942,1.0
142.2666,128.266289,38.140374,1893.65382,44.151,-16.206,24.232,1.0
142.2833,128.266311,38.140419,1892.0069856000002,42.978,-15.89,24.522,1.0
142.3,128.266334,38.140463,1890.3696,41.869,-15.569,24.79,1.0
142.3166,128.266356,38.140508,1888.7416632,40.79,-15.26,25.028,1.0
142.3333,128.266379,38.140552,1887.1228704,39.777,-14.952,25.259,1.0
142.35,128.266402,38.140596,1885.5132216000002,38.815,-14.642,25.49,1.0
142.3666,128.266425,38.140641,1883.91546,37.89,-14.333,25.714,1.0
142.3833,128.266449,38.140685,1882.3286712,36.998,-14.028,25.924,1.0
142.4,128.266472,38.140729,1880.7540744000003,36.131,-13.73,26.116,1.0
142.4166,128.266496,38.140773,1879.1925840000001,35.279,-13.442,26.29,1.0
142.4333,128.266519,38.140818,1877.6426760000002,34.458,-13.16,26.453,1.0
142.45,128.266543,38.140862,1876.1064840000001,33.66,-12.884,26.609,1.0
142.4666,128.266567,38.140906,1874.5843128000001,32.88,-12.613,26.756,1.0
142.4833,128.266591,38.14095,1873.0764672,32.111,-12.344,26.896,1.0
142.5,128.266616,38.140995,1871.5832520000001,31.353,-12.078,27.027,1.0
142.5166,128.26664,38.141039,1870.104972,30.6,-11.816,27.15,1.0
142.5333,128.266665,38.141083,1868.6404080000002,29.874,-11.557,27.267,1.0
142.55,128.26669,38.141127,1867.1916936000002,29.172,-11.302,27.378,1.0
142.5666,128.266715,38.141171,1865.758524,28.488,-11.05,27.484,1.0
142.5833,128.26674,38.141216,1864.3418136,27.817,-10.8,27.584,1.0
142.6,128.266765,38.14126,1862.9412576,27.154,-10.551,27.678,1.0
142.6166,128.26679,38.141304,1861.5571608,26.496,-10.305,27.767,1.0
142.6333,128.266815,38.141348,1860.188304,25.865,-10.06,27.852,1.0
142.65,128.266841,38.141392,1858.8368208000002,25.257,-9.818,27.935,1.0
142.6666,128.266867,38.141436,1857.5017968000002,24.667,-9.578,28.013,1.0
142.6833,128.266892,38.14148,1856.1841464000001,24.091,-9.338,28.088,1.0
142.7,128.266918,38.141525,1854.8841744000001,23.524,-9.099,28.157,1.0
142.7166,128.266944,38.141569,1853.601576,22.962,-8.862,28.223,1.0
142.7333,128.266971,38.141613,1852.3351320000002,22.422,-8.626,28.286,1.0
142.75,128.266997,38.141657,1851.086976,21.901,-8.391,28.348,1.0
142.7666,128.267023,38.141701,1849.8564984,21.396,-8.158,28.407,1.0
142.7833,128.26705,38.141745,1848.644004,20.903,-7.924,28.462,1.0
142.8,128.267076,38.141789,1847.4497976,20.417,-7.692,28.515,1.0
142.8166,128.267103,38.141833,1846.274184,19.935,-7.46,28.564,1.0
142.8333,128.26713,38.141877,1845.1156392000003,19.47,-7.229,28.611,1.0
142.85,128.267157,38.141921,1843.9756872,19.02,-6.999,28.657,1.0
142.8666,128.267184,38.141965,1842.854328,18.58,-6.77,28.702,1.0
142.8833,128.267211,38.142009,1841.7515616,18.149,-6.542,28.743,1.0
142.9,128.267238,38.142053,1840.6676928,17.724,-6.313,28.783,1.0
142.9166,128.267266,38.142098,1839.6024168000001,17.303,-6.085,28.819,1.0
142.9333,128.267293,38.142142,1838.5557336,16.891,-5.858,28.855,1.0
142.95,128.26732,38.142186,1837.5282528000002,16.487,-5.631,28.889,1.0
142.9666,128.267348,38.14223,1836.5196696000003,16.091,-5.405,28.921,1.0
142.9833,128.267376,38.142274,1835.529984,15.699,-5.179,28.952,1.0
143.0,128.267404,38.142318,1834.5598056000001,15.311,-4.953,28.981,1.0
143.0166,128.267431,38.142362,1833.6091344000001,14.925,-4.727,29.008,1.0
143.0333,128.267459,38.142406,1832.6773607999999,14.545,-4.502,29.033,1.0
143.05,128.267487,38.14245,1831.7650944000002,14.167,-4.276,29.058,1.0
143.0666,128.267515,38.142493,1830.8723352000002,13.793,-4.05,29.081,1.0
143.0833,128.267544,38.142537,1829.9990832,13.422,-3.825,29.103,1.0
143.1,128.267572,38.142581,1829.1456432,13.052,-3.599,29.123,1.0
143.1166,128.2676,38.142625,1828.3117104,12.684,-3.374,29.141,1.0
143.1333,128.267628,38.142669,1827.4997232000003,12.233,-3.147,29.154,1.0
143.15,128.267657,38.142713,1826.709072,11.703,-2.919,29.162,1.0
143.1666,128.267685,38.142757,1825.9412808000002,11.112,-2.691,29.167,1.0
143.1833,128.267714,38.142801,1825.1933016000003,10.477,-2.463,29.174,1.0
143.2,128.267743,38.142845,1824.4660488000002,9.814,-2.235,29.183,1.0
143.2166,128.267771,38.142889,1823.7595224,9.14,-2.006,29.19,1.0
143.2333,128.2678,38.142933,1823.0737224,8.458,-1.775,29.195,1.0
143.25,128.267829,38.142977,1822.4086488,7.774,-1.543,29.195,1.0
143.2666,128.267858,38.143021,1821.7643016000002,7.089,-1.31,29.19,1.0
143.2833,128.267887,38.143064,1821.1406808000002,6.401,-1.076,29.183,1.0
143.3,128.267915,38.143108,1820.5377864000002,5.709,-0.842,29.172,1.0
143.3166,128.267944,38.143152,1819.9556184,5.013,-0.609,29.159,1.0
143.3333,128.267973,38.143196,1819.392348,4.402,-0.375,29.148,1.0
143.35,128.268002,38.14324,1818.8476704,3.871,-0.142,29.138,1.0
143.3666,128.268031,38.143284,1818.3212808,3.403,0.09,29.125,1.0
143.3833,128.268061,38.143328,1817.8159224,2.98,0.322,29.107,1.0
143.4,128.26809,38.143372,1817.3300712,2.585,0.554,29.082,1.0
143.4166,128.268119,38.143415,1816.8649464,2.201,0.785,29.053,1.0
143.4333,128.268148,38.143459,1816.4208528000001,1.811,1.014,29.022,1.0
143.45,128.268177,38.143503,1815.9971808,1.409,1.242,28.991,1.0
143.4666,128.268206,38.143547,1815.5939304,0.998,1.47,28.96,1.0
143.4833,128.268235,38.143591,1815.2111016000001,0.582,1.697,28.928,1.0
143.5,128.268265,38.143635,1814.8489992000002,0.163,1.924,28.895,1.0
143.5166,128.268294,38.143679,1814.5073184,-0.253,2.15,28.859,1.0
143.5333,128.268323,38.143723,1814.1878880000002,-0.689,2.377,28.821,1.0
143.55,128.268352,38.143766,1813.8888792,-1.142,2.604,28.78,1.0
143.5666,128.268382,38.14381,1813.6109016000003,-1.609,2.83,28.737,1.0
143.5833,128.268411,38.143854,1813.3536504,-2.086,3.056,28.693,1.0
143.6,128.26844,38.143898,1813.1168208000001,-2.571,3.282,28.648,1.0
143.6166,128.268469,38.143942,1812.9010224,-3.058,3.508,28.601,1.0
143.6333,128.268498,38.143986,1812.7074744000001,-3.568,3.733,28.551,1.0
143.65,128.268528,38.14403,1812.5343480000001,-4.096,3.959,28.498,1.0
143.6666,128.268557,38.144073,1812.3822528000003,-4.64,4.185,28.443,1.0
143.6833,128.268586,38.144117,1812.2511888000001,-5.196,4.41,28.385,1.0
143.7,128.268615,38.144161,1812.1408512,-5.76,4.635,28.327,1.0
143.7166,128.268644,38.144205,1812.0509352000001,-6.328,4.86,28.266,1.0
143.7333,128.268673,38.144249,1811.9841840000001,-6.923,5.085,28.202,1.0
143.75,128.268702,38.144293,1811.9375496,-7.542,5.309,28.133,1.0
143.7666,128.268731,38.144337,1811.9122512000001,-8.181,5.534,28.061,1.0
143.7833,128.26876,38.14438,1811.9073744000002,-8.834,5.757,27.988,1.0
143.8,128.268789,38.144424,1811.9235288000002,-9.497,5.981,27.912,1.0
143.8166,128.268818,38.144468,1811.9601048000002,-10.165,6.205,27.835,1.0
143.8333,128.268847,38.144512,1812.019236,-10.875,6.428,27.752,1.0
143.85,128.268876,38.144556,1812.1000080000001,-11.621,6.65,27.664,1.0
143.8666,128.268905,38.1446,1812.2012016,-12.397,6.871,27.571,1.0
143.8833,128.268934,38.144644,1812.3234264000002,-13.194,7.092,27.477,1.0
143.9,128.268962,38.144687,1812.465768,-14.007,7.313,27.381,1.0
143.9166,128.268991,38.144731,1812.6285312000002,-14.828,7.534,27.282,1.0
143.9333,128.26902,38.144775,1812.8129352,-15.828,7.724,27.177,1.0
143.95,128.269048,38.144819,1813.0180656,-16.992,7.859,27.074,1.0
143.9666,128.269076,38.144863,1813.2445320000002,-18.294,7.953,26.978,1.0
143.9833,128.269105,38.144907,1813.492944,-19.698,8.041,26.887,1.0
144.0,128.269133,38.144951,1813.7605584000003,-21.172,8.142,26.794,1.0
144.0166,128.269161,38.144995,1814.0464608,-22.687,8.264,26.693,1.0
144.0333,128.269189,38.145039,1814.3533944,-24.295,8.377,26.588,1.0
144.05,128.269217,38.145083,1814.6798352,-25.98,8.473,26.48,1.0
144.0666,128.269245,38.145126,1815.0233448000001,-27.723,8.558,26.368,1.0
144.0833,128.269273,38.14517,1815.3836184000002,-29.511,8.646,26.252,1.0
144.1,128.2693,38.145214,1815.7600464,-31.331,8.741,26.128,1.0
144.1166,128.269328,38.145258,1816.1517144,-33.174,8.846,25.996,1.0
144.1333,128.269355,38.145302,1816.5601464000001,-35.079,8.939,25.862,1.0
144.15,128.269383,38.145347,1816.9841232,-37.037,9.019,25.727,1.0
144.1666,128.26941,38.145391,1817.4212064,-39.037,9.092,25.588,1.0
144.1833,128.269437,38.145435,1817.8717008,-41.069,9.166,25.442,1.0
144.2,128.269464,38.145479,1818.3343872,-43.126,9.244,25.287,1.0
144.2166,128.26949,38.145523,1818.8092656000001,-45.199,9.326,25.122,1.0
144.2333,128.269517,38.145567,1819.2966408,-47.312,9.399,24.955,1.0
144.25,128.269544,38.145611,1819.794684,-49.46,9.462,24.786,1.0
144.2666,128.26957,38.145656,1820.3027856,-51.636,9.517,24.614,1.0
144.2833,128.269596,38.1457,1820.820336,-53.832,9.57,24.435,1.0
144.3,128.269622,38.145744,1821.3464208000003,-56.045,9.623,24.247,1.0
144.3166,128.269648,38.145789,1821.8804304,-58.27,9.673,24.05,1.0
144.3333,128.269674,38.145833,1822.4229744000002,-60.516,9.716,23.849,1.0
144.35,128.2697,38.145877,1822.9719192,-62.778,9.752,23.645,1.0
144.3666,128.269725,38.145922,1823.5275696,-65.054,9.78,23.438,1.0
144.3833,128.269751,38.145966,1824.0887064,-67.34,9.801,23.225,1.0
144.4,128.269776,38.146011,1824.65472,-69.635,9.817,23.005,1.0
144.4166,128.269801,38.146055,1825.2256104,-71.936,9.826,22.78,1.0
144.4333,128.269826,38.1461,1825.7998536000002,-74.232,9.83,22.546,1.0
144.45,128.269851,38.146145,1826.3774496,-76.521,9.827,22.304,1.0
144.4666,128.269875,38.146189,1826.9580936000002,-78.804,9.816,22.057,1.0
144.4833,128.2699,38.146234,1827.5408712,-81.084,9.795,21.808,1.0
144.5,128.269924,38.146279,1828.1254776,-83.362,9.765,21.558,1.0
144.5166,128.269948,38.146324,1828.7113032,-85.64,9.723,21.308,1.0
144.5333,128.269972,38.146369,1829.2974336,-87.902,9.674,21.051,1.0
144.55,128.269996,38.146413,1829.8838688,-90.15,9.616,20.787,1.0
144.5666,128.27002,38.146458,1830.4696944000002,-92.387,9.548,20.521,1.0
144.5833,128.270044,38.146503,1831.0549104000002,-94.616,9.469,20.255,1.0
144.6,128.270067,38.146548,1831.6386024,-96.839,9.379,19.994,1.0
144.6166,128.27009,38.146593,1832.2201608,-99.058,9.279,19.737,1.0
144.6333,128.270114,38.146639,1832.7992808000001,-101.251,9.168,19.473,1.0
144.65,128.270137,38.146684,1833.3756576,-103.42,9.047,19.204,1.0
144.6666,128.27016,38.146729,1833.9486816,-105.57,8.915,18.934,1.0
144.6833,128.270182,38.146774,1834.5174384,-107.706,8.772,18.669,1.0
144.7,128.270205,38.14682,1835.081928,-109.831,8.619,18.413,1.0
144.7166,128.270227,38.146865,1835.6415408,-111.95,8.457,18.165,1.0
144.7333,128.27025,38.14691,1836.1959720000002,-114.027,8.282,17.911,1.0
144.75,128.270272,38.146956,1836.744612,-116.066,8.094,17.649,1.0
144.7666,128.270294,38.147001,1837.287156,-118.076,7.895,17.389,1.0
144.7833,128.270316,38.147047,1837.8226896,-120.064,7.687,17.138,1.0
144.8,128.270338,38.147092,1838.3509080000001,-122.035,7.471,16.9,1.0
144.8166,128.270359,38.147138,1838.8712016000002,-123.997,7.249,16.675,1.0
144.8333,128.270381,38.147184,1839.3835704,-125.902,7.012,16.443,1.0
144.85,128.270402,38.147229,1839.8880144,-127.755,6.759,16.204,1.0
144.8666,128.270424,38.147275,1840.3833144,-129.569,6.495,15.967,1.0
144.8833,128.270445,38.147321,1840.8688608,-131.352,6.224,15.742,1.0
144.9,128.270466,38.147367,1841.3443488,-133.115,5.95,15.533,1.0
144.9166,128.270487,38.147413,1841.808864,-134.865,5.674,15.341,1.0
144.9333,128.270508,38.147458,1842.263016,-136.553,5.382,15.144,1.0
144.95,128.270528,38.147504,1842.7068048,-138.185,5.074,14.943,1.0
144.9666,128.270549,38.14755,1843.1384016000002,-139.774,4.756,14.745,1.0
144.9833,128.270569,38.147596,1843.5578064,-141.331,4.435,14.561,1.0
145.0,128.27059,38.147642,1843.9641048,-142.866,4.114,14.393,1.0
145.0166,128.27061,38.147689,1844.356992,-144.388,3.796,14.242,1.0
145.0333,128.27063,38.147735,1844.7370776000002,-145.851,3.464,14.09,1.0
145.05,128.27065,38.147781,1845.1040568,-147.262,3.117,13.937,1.0
145.0666,128.27067,38.147827,1845.4564056000002,-148.632,2.763,13.788,1.0
145.0833,128.27069,38.147873,1845.7935144,-149.974,2.409,13.652,1.0
145.1,128.270709,38.14792,1846.1150784000001,-151.295,2.059,13.532,1.0
145.1166,128.270729,38.147966,1846.4207928,-152.605,1.714,13.427,1.0
145.1333,128.270748,38.148012,1846.7112672,-153.864,1.358,13.323,1.0
145.15,128.270768,38.148059,1846.9861968000002,-155.079,0.991,13.22,1.0
145.1666,128.270787,38.148105,1847.2434480000002,-156.261,0.619,13.124,1.0
145.1833,128.270806,38.148151,1847.4836304,-157.418,0.249,13.038,1.0
145.2,128.270825,38.148198,1847.7058296,-158.559,-0.114,12.965,1.0
145.2166,128.270844,38.148244,1847.9097408,-159.691,-0.471,12.904,1.0
145.2333,128.270863,38.148291,1848.0965832000002,-160.781,-0.834,12.847,1.0
145.25,128.270882,38.148337,1848.2648328,-161.837,-1.206,12.793,1.0
145.2666,128.270901,38.148384,1848.4138800000003,-162.866,-1.579,12.745,1.0
145.2833,128.27092,38.148431,1848.54342,-163.875,-1.95,12.705,1.0
145.3,128.270938,38.148477,1848.653148,-164.872,-2.314,12.676,1.0
145.3166,128.270957,38.148524,1848.7427592000001,-165.86,-2.671,12.657,1.0
145.3333,128.270975,38.14857,1848.8137776,-166.817,-3.022,12.644,1.0
145.35,128.270994,38.148617,1848.8643744000003,-167.747,-3.369,12.636,1.0
145.3666,128.271012,38.148664,1848.8942448000003,-168.655,-3.713,12.635,1.0
145.3833,128.27103,38.14871,1848.903084,-169.548,-4.055,12.64,1.0
145.4,128.271048,38.148757,1848.8908920000001,-170.431,-4.394,12.652,1.0
145.4166,128.271067,38.148804,1848.8570592,-171.309,-4.729,12.671,1.0
145.4333,128.271085,38.14885,1848.8037192000002,-172.163,-5.061,12.695,1.0
145.45,128.271103,38.148897,1848.7284336,-172.995,-5.389,12.722,1.0
145.4666,128.271121,38.148944,1848.6315072000002,-173.812,-5.715,12.754,1.0
145.4833,128.271139,38.14899,1848.51294,-174.616,-6.038,12.792,1.0
145.5,128.271157,38.149037,1848.3721224,-175.412,-6.358,12.835,1.0
145.5166,128.271174,38.149084,1848.2090544,-176.204,-6.675,12.883,1.0
145.5333,128.271192,38.149131,1848.0255648000002,-176.977,-6.99,12.935,1.0
145.55,128.27121,38.149177,1847.8192152000001,-177.734,-7.302,12.99,1.0
145.5666,128.271228,38.149224,1847.5906152000002,-178.478,-7.612,13.048,1.0
145.5833,128.271246,38.149271,1847.3397648,-179.213,-7.919,13.112,1.0
145.6,128.271263,38.149317,1847.0663592,-179.941,-8.224,13.179,1.0
145.6166,128.271281,38.149364,1846.7700936,179.334,-8.526,13.251,1.0
145.6333,128.271299,38.149411,1846.4521872,178.624,-8.826,13.326,1.0
145.65,128.271316,38.149457,1846.1114208000001,177.926,-9.124,13.403,1.0
145.6666,128.271334,38.149504,1845.7477944000002,177.239,-9.42,13.484,1.0
145.6833,128.271352,38.14955,1845.3616128,176.558,-9.713,13.568,1.0
145.7,128.271369,38.149597,1844.9522664000003,175.883,-10.005,13.656,1.0
145.7166,128.271387,38.149644,1844.52006,175.21,-10.294,13.747,1.0
145.7333,128.271405,38.14969,1844.0649936000002,174.544,-10.581,13.841,1.0
145.75,128.271422,38.149737,1843.5870672,173.882,-10.866,13.938,1.0
145.7666,128.27144,38.149783,1843.0862808000002,173.224,-11.15,14.038,1.0
145.7833,128.271457,38.14983,1842.5623296,172.569,-11.431,14.141,1.0
145.8,128.271475,38.149876,1842.0152136000002,171.916,-11.711,14.246,1.0
145.8166,128.271493,38.149923,1841.4452376000002,171.264,-11.989,14.355,1.0
145.8333,128.27151,38.149969,1840.8505728,170.601,-12.264,14.467,1.0
145.85,128.271528,38.150015,1840.2333528000001,169.925,-12.538,14.583,1.0
145.8666,128.271546,38.150062,1839.5926632,169.241,-12.811,14.702,1.0
145.8833,128.271563,38.150108,1838.9288088,168.549,-13.081,14.823,1.0
145.9,128.271581,38.150154,1838.2417896,167.854,-13.351,14.947,1.0
145.9166,128.271599,38.1502,1837.5316056000001,167.157,-13.619,15.073,1.0
145.9333,128.271617,38.150247,1836.7967328,166.442,-13.885,15.204,1.0
145.95,128.271634,38.150293,1836.0393048,165.71,-14.149,15.338,1.0
145.9666,128.271652,38.150339,1835.2584072000002,164.966,-14.412,15.477,1.0
145.9833,128.27167,38.150385,1834.4543448000002,164.212,-14.673,15.617,1.0
146.0,128.271688,38.150431,1833.6274224000001,163.452,-14.933,15.761,1.0
146.0166,128.271706,38.150477,1832.7773352000002,162.689,-15.191,15.907,1.0
146.0333,128.271724,38.150523,1831.9028640000001,161.902,-15.447,16.058,1.0
146.05,128.271742,38.150569,1831.0055328,161.094,-15.702,16.214,1.0
146.0666,128.27176,38.150614,1830.0853416,160.269,-15.954,16.374,1.0
146.0833,128.271778,38.15066,1829.1422903999999,159.431,-16.204,16.537,1.0
146.1,128.271796,38.150706,1828.176684,158.585,-16.453,16.703,1.0
146.1166,128.271814,38.150751,1827.1885224,157.735,-16.7,16.872,1.0
146.1333,128.271832,38.150797,1826.1759768,156.856,-16.945,17.047,1.0
146.15,128.271851,38.150842,1825.1411808,155.95,-17.187,17.227,1.0
146.1666,128.271869,38.150888,1824.0838296000002,155.025,-17.426,17.412,1.0
146.1833,128.271888,38.150933,1823.0045328,154.084,-17.664,17.6,1.0
146.2,128.271906,38.150978,1821.9029856000002,153.134,-17.899,17.791,1.0
146.2166,128.271925,38.151024,1820.7797976000002,152.177,-18.132,17.986,1.0
146.2333,128.271943,38.151069,1819.6328352,151.188,-18.355,18.183,1.0
146.25,128.271962,38.151114,1818.4645368000001,150.17,-18.567,18.382,1.0
146.2666,128.271981,38.151159,1817.2749024000002,149.129,-18.773,18.585,1.0
146.2833,128.272,38.151204,1816.063932,148.07,-18.977,18.791,1.0
146.3,128.272019,38.151249,1814.8319304,146.998,-19.181,19.002,1.0
146.3166,128.272038,38.151294,1813.5795072,145.918,-19.385,19.218,1.0
146.3333,128.272057,38.151338,1812.3048336,144.807,-19.578,19.435,1.0
146.35,128.272077,38.151383,1811.0100432000002,143.669,-19.759,19.653,1.0
146.3666,128.272096,38.151428,1809.6954408000001,142.509,-19.933,19.873,1.0
146.3833,128.272116,38.151472,1808.3610264000001,141.331,-20.104,20.098,1.0
146.4,128.272135,38.151516,1807.0074096000003,140.141,-20.276,20.328,1.0
146.4166,128.272155,38.151561,1805.6348952,138.942,-20.446,20.565,1.0
146.4333,128.272175,38.151605,1804.2425688,137.716,-20.608,20.803,1.0
146.45,128.272195,38.151649,1802.8319544,136.469,-20.76,21.041,1.0
146.4666,128.272215,38.151693,1801.4030520000001,135.203,-20.905,21.282,1.0
146.4833,128.272236,38.151737,1799.956776,133.923,-21.046,21.528,1.0
146.5,128.272256,38.151781,1798.4928216,132.632,-21.186,21.779,1.0
146.5166,128.272276,38.151825,1797.0121032,131.334,-21.323,22.036,1.0
146.5333,128.272297,38.151869,1795.5137064,130.01,-21.451,22.293,1.0
146.55,128.272318,38.151912,1793.9991552,128.663,-21.568,22.55,1.0
146.5666,128.272339,38.151956,1792.4684496,127.297,-21.678,22.808,1.0
146.5833,128.27236,38.151999,1790.9221992000003,125.917,-21.784,23.07,1.0
146.6,128.272381,38.152043,1789.3610136,124.526,-21.888,23.338,1.0
146.6166,128.272403,38.152086,1787.7851976,123.127,-21.987,23.612,1.0
146.6333,128.272424,38.152129,1786.1938368,121.7,-22.077,23.883,1.0
146.65,128.272446,38.152172,1784.58876,120.248,-22.155,24.152,1.0
146.6666,128.272468,38.152215,1782.9702720000003,118.776,-22.225,24.42,1.0
146.6833,128.27249,38.152258,1781.3386776000002,117.288,-22.29,24.693,1.0
146.7,128.272512,38.152301,1779.6942816,115.788,-22.352,24.97,1.0
146.7166,128.272534,38.152344,1778.0379983999999,114.279,-22.41,25.253,1.0
146.7333,128.272557,38.152386,1776.3704376,112.781,-22.465,25.545,1.0
146.75,128.272579,38.152429,1774.6915992000002,111.296,-22.517,25.845,1.0
146.7666,128.272602,38.152471,1773.0017880000003,109.821,-22.562,26.15,1.0
146.7833,128.272625,38.152514,1771.3016136,108.355,-22.6,26.457,1.0
146.8,128.272648,38.152556,1769.5913808,106.894,-22.628,26.763,1.0
146.8166,128.272672,38.152598,1767.8716992000002,105.437,-22.649,27.07,1.0
146.8333,128.272695,38.15264,1766.1428736,103.983,-22.663,27.377,1.0
146.85,128.272719,38.152682,1764.4055136000002,102.533,-22.671,27.687,1.0
146.8666,128.272743,38.152724,1762.6596192,101.086,-22.672,27.998,1.0
146.8833,128.272767,38.152766,1760.9058,99.64,-22.666,28.308,1.0
146.9,128.272791,38.152808,1759.1446656,98.197,-22.652,28.618,1.0
146.9166,128.272815,38.15285,1757.3765208000002,96.755,-22.631,28.927,1.0
146.9333,128.27284,38.152891,1755.6016704,95.312,-22.602,29.233,1.0
146.95,128.272865,38.152933,1753.8210288000002,93.866,-22.565,29.536,1.0
146.9666,128.27289,38.152974,1752.0342912,92.419,-22.522,29.837,1.0
146.9833,128.272915,38.153016,1750.2426768,90.97,-22.472,30.137,1.0
147.0,128.27294,38.153057,1748.4461856000003,89.521,-22.415,30.435,1.0
147.0166,128.272966,38.153098,1746.6454272,88.072,-22.351,30.732,1.0
147.0333,128.272991,38.153139,1744.8410112000001,86.625,-22.281,31.027,1.0
147.05,128.273017,38.15318,1743.0329376000002,85.18,-22.203,31.319,1.0
147.0666,128.273044,38.153221,1741.2221208,83.737,-22.119,31.609,1.0
147.0833,128.27307,38.153262,1739.4085608,82.296,-22.028,31.896,1.0
147.1,128.273096,38.153302,1737.5934768,80.858,-21.931,32.18,1.0
147.1166,128.273123,38.153343,1735.7765640000002,79.421,-21.827,32.46,1.0
147.1333,128.27315,38.153384,1733.9584320000001,77.987,-21.716,32.738,1.0
147.15,128.273177,38.153424,1732.1399952,76.557,-21.6,33.012,1.0
147.1666,128.273205,38.153464,1730.3209488,75.13,-21.477,33.283,1.0
147.1833,128.273232,38.153505,1728.502512,73.706,-21.347,33.55,1.0
147.2,128.27326,38.153545,1726.6849896,72.285,-21.212,33.812,1.0
147.2166,128.273288,38.153585,1724.8683816,70.866,-21.071,34.069,1.0
147.2333,128.273316,38.153625,1723.0536024,69.454,-20.924,34.324,1.0
147.25,128.273344,38.153665,1721.240652,68.047,-20.771,34.575,1.0
147.2666,128.273373,38.153705,1719.4304448000003,66.645,-20.612,34.822,1.0
147.2833,128.273401,38.153745,1717.6232856000001,65.247,-20.448,35.063,1.0
147.3,128.27343,38.153785,1715.8194792,63.854,-20.278,35.299,1.0
147.3166,128.273459,38.153824,1714.0199400000001,62.464,-20.104,35.53,1.0
147.3333,128.273489,38.153864,1712.2240584,61.081,-19.923,35.756,1.0
147.35,128.273518,38.153904,1710.4333584,59.705,-19.738,35.979,1.0
147.3666,128.273548,38.153943,1708.64784,58.334,-19.548,36.196,1.0
147.3833,128.273578,38.153983,1706.8678080000002,56.969,-19.353,36.408,1.0
147.4,128.273608,38.154022,1705.0938720000001,55.608,-19.153,36.613,1.0
147.4166,128.273638,38.154061,1703.3266416,54.25,-18.95,36.812,1.0
147.4333,128.273668,38.154101,1701.5661168,52.898,-18.742,37.005,1.0
147.45,128.273699,38.15414,1699.8126024,51.55,-18.53,37.193,1.0
147.4666,128.27373,38.154179,1698.0673176000003,50.207,-18.314,37.376,1.0
147.4833,128.273761,38.154218,1696.3299576,48.867,-18.094,37.552,1.0
147.5,128.273792,38.154257,1694.6008272000001,47.531,-17.87,37.722,1.0
147.5166,128.273823,38.154296,1692.8808408,46.198,-17.644,37.885,1.0
147.5333,128.273855,38.154335,1691.1699984,44.874,-17.412,38.044,1.0
147.55,128.273886,38.154374,1689.4686048,43.559,-17.177,38.199,1.0
147.5666,128.273918,38.154412,1687.7769648,42.251,-16.937,38.348,1.0
147.5833,128.27395,38.154451,1686.0959928,40.95,-16.695,38.49,1.0
147.6,128.273982,38.15449,1684.4256888000002,39.654,-16.45,38.625,1.0
147.6166,128.274015,38.154529,1682.7666624,38.361,-16.204,38.753,1.0
147.6333,128.274047,38.154567,1681.1179992000002,37.083,-15.952,38.878,1.0
147.65,128.27408,38.154606,1679.4812232000002,35.818,-15.696,38.999,1.0
147.6666,128.274113,38.154644,1677.8566392000002,34.564,-15.436,39.114,1.0
147.6833,128.274146,38.154683,1676.2442472,33.319,-15.174,39.223,1.0
147.7,128.274179,38.154721,1674.6446568000001,32.081,-14.911,39.324,1.0
147.7166,128.274212,38.15476,1673.0581728000002,30.848,-14.648,39.416,1.0
147.7333,128.274245,38.154798,1671.4838808000002,29.633,-14.38,39.506,1.0
147.75,128.274279,38.154837,1669.9233048,28.434,-14.106,39.593,1.0
147.7666,128.274313,38.154875,1668.3767496,27.249,-13.83,39.674,1.0
147.7833,128.274346,38.154913,1666.8442152000002,26.074,-13.552,39.748,1.0
147.8,128.27438,38.154952,1665.3260063999999,24.908,-13.276,39.815,1.0
147.8166,128.274414,38.15499,1663.8227328,23.746,-13.0,39.873,1.0
147.8333,128.274449,38.155028,1662.3359184,22.571,-12.73,39.921,1.0
147.85,128.274483,38.155066,1660.864344,21.382,-12.465,39.96,1.0
147.8666,128.274517,38.155105,1659.4083143999999,20.182,-12.201,39.992,1.0
147.8833,128.274552,38.155143,1657.9684392000001,18.974,-11.937,40.02,1.0
147.9,128.274586,38.155181,1656.5444136,17.76,-11.671,40.043,1.0
147.9166,128.274621,38.155219,1655.1365424000003,16.544,-11.403,40.06,1.0
147.9333,128.274656,38.155257,1653.7451304,15.327,-11.134,40.072,1.0
147.95,128.274691,38.155296,1652.3704824,14.11,-10.866,40.077,1.0
147.9666,128.274726,38.155334,1651.0122936000002,12.893,-10.598,40.076,1.0
147.9833,128.274761,38.155372,1649.6708687999999,11.676,-10.33,40.069,1.0
148.0,128.274796,38.15541,1648.3465128000003,10.458,-10.063,40.056,1.0
148.0166,128.274832,38.155448,1647.0392256,9.24,-9.795,40.036,1.0
148.0333,128.274867,38.155486,1645.7474832,8.05,-9.518,40.015,1.0
148.05,128.274903,38.155525,1644.4725048000003,6.887,-9.232,39.99,1.0
148.0666,128.274938,38.155563,1643.2149000000002,5.746,-8.943,39.959,1.0
148.0833,128.274974,38.155601,1641.9746688,4.62,-8.656,39.922,1.0
148.1,128.275009,38.155639,1640.7521160000001,3.505,-8.374,39.876,1.0
148.1166,128.275045,38.155677,1639.5475464,2.394,-8.097,39.824,1.0
148.1333,128.275081,38.155716,1638.3597408,1.298,-7.818,39.766,1.0
148.15,128.275116,38.155754,1637.1899184000001,0.212,-7.537,39.704,1.0
148.1666,128.275152,38.155792,1636.038384,-0.865,-7.256,39.637,1.0
148.1833,128.275188,38.15583,1634.9054424,-1.937,-6.977,39.564,1.0
148.2,128.275224,38.155869,1633.790484,-3.005,-6.702,39.485,1.0
148.2166,128.27526,38.155907,1632.6944232000003,-4.071,-6.431,39.401,1.0
148.2333,128.275296,38.155945,1631.615736,-5.126,-6.16,39.311,1.0
148.25,128.275332,38.155984,1630.5559464,-6.174,-5.888,39.217,1.0
148.2666,128.275368,38.156022,1629.5144448,-7.215,-5.617,39.117,1.0
148.2833,128.275404,38.15606,1628.4918408,-8.252,-5.349,39.013,1.0
148.3,128.27544,38.156099,1627.4878296000002,-9.286,-5.085,38.903,1.0
148.3166,128.275476,38.156137,1626.5027160000002,-10.319,-4.825,38.788,1.0
148.3333,128.275512,38.156176,1625.5377192,-11.403,-4.586,38.669,1.0
148.35,128.275548,38.156214,1624.5934488,-12.534,-4.367,38.546,1.0
148.3666,128.275584,38.156253,1623.6677712,-13.705,-4.157,38.42,1.0
148.3833,128.27562,38.156292,1622.7609912000003,-14.904,-3.946,38.29,1.0
148.4,128.275656,38.15633,1621.8728039999999,-16.123,-3.732,38.156,1.0
148.4166,128.275692,38.156369,1621.0026,-17.352,-3.513,38.017,1.0
148.4333,128.275728,38.156408,1620.1494648,-18.573,-3.29,37.872,1.0
148.45,128.275764,38.156446,1619.3143128000002,-19.781,-3.064,37.72,1.0
148.4666,128.2758,38.156485,1618.4968392000003,-20.98,-2.839,37.562,1.0
148.4833,128.275836,38.156524,1617.6967392000001,-22.173,-2.618,37.398,1.0
148.5,128.275872,38.156563,1616.9140128000001,-23.363,-2.402,37.229,1.0
148.5166,128.275908,38.156602,1616.14866,-24.553,-2.19,37.054,1.0
148.5333,128.275943,38.156641,1615.3982424,-25.722,-1.974,36.873,1.0
148.55,128.275979,38.15668,1614.6651984,-26.873,-1.754,36.685,1.0
148.5666,128.276015,38.156719,1613.9486136,-28.009,-1.534,36.491,1.0
148.5833,128.27605,38.156758,1613.2487928,-29.135,-1.319,36.292,1.0
148.6,128.276086,38.156798,1612.5651264,-30.255,-1.111,36.088,1.0
148.6166,128.276121,38.156837,1611.898224,-31.372,-0.91,35.881,1.0
148.6333,128.276157,38.156876,1611.245952,-32.472,-0.708,35.668,1.0
148.65,128.276192,38.156916,1610.6101392000003,-33.556,-0.505,35.448,1.0
148.6666,128.276227,38.156955,1609.990176,-34.629,-0.304,35.224,1.0
148.6833,128.276262,38.156995,1609.3857576,-35.694,-0.108,34.995,1.0
148.7,128.276297,38.157034,1608.796884,-36.755,0.08,34.763,1.0
148.7166,128.276332,38.157074,1608.22386,-37.813,0.262,34.529,1.0
148.7333,128.276367,38.157114,1607.6648568,-38.861,0.441,34.29,1.0
148.75,128.276402,38.157154,1607.1213983999999,-39.901,0.618,34.046,1.0
148.7666,128.276436,38.157194,1606.5925704,-40.935,0.792,33.798,1.0
148.7833,128.276471,38.157234,1606.0786776000002,-41.964,0.961,33.548,1.0
148.8,128.276505,38.157274,1605.5791104000002,-42.992,1.123,33.294,1.0
148.8166,128.27654,38.157314,1605.0938687999999,-44.019,1.279,33.039,1.0
148.8333,128.276574,38.157354,1604.6226480000003,-45.042,1.43,32.781,1.0
148.85,128.276608,38.157394,1604.1651432,-46.064,1.577,32.52,1.0
148.8666,128.276642,38.157434,1603.7213544,-47.084,1.72,32.255,1.0
148.8833,128.276675,38.157475,1603.2909768,-48.105,1.857,31.989,1.0
148.9,128.276709,38.157515,1602.8737056,-49.125,1.989,31.72,1.0
148.9166,128.276743,38.157556,1602.4695408,-50.146,2.115,31.449,1.0
148.9333,128.276776,38.157596,1602.0781776000001,-51.171,2.234,31.177,1.0
148.95,128.276809,38.157637,1601.6993112,-52.2,2.348,30.903,1.0
148.9666,128.276842,38.157678,1601.3326368000003,-53.231,2.457,30.627,1.0
148.9833,128.276875,38.157719,1600.9775448000003,-54.266,2.561,30.35,1.0
149.0,128.276908,38.15776,1600.63434,-55.304,2.659,30.07,1.0
149.0166,128.27694,38.157801,1600.302108,-56.343,2.753,29.788,1.0
149.0333,128.276973,38.157842,1599.9814584000003,-57.392,2.839,29.506,1.0
149.05,128.277005,38.157883,1599.6714768,-58.45,2.918,29.224,1.0
149.0666,128.277037,38.157924,1599.3718584000003,-59.516,2.992,28.942,1.0
149.0833,128.277069,38.157966,1599.0822984,-60.588,3.06,28.657,1.0
149.1,128.277101,38.158007,1598.802492,-61.664,3.124,28.37,1.0
149.1166,128.277132,38.158049,1598.5321344000001,-62.744,3.183,28.081,1.0
149.1333,128.277164,38.15809,1598.2712256,-63.839,3.234,27.793,1.0
149.15,128.277195,38.158132,1598.0188512000002,-64.949,3.277,27.507,1.0
149.1666,128.277226,38.158174,1597.7750112,-66.069,3.313,27.221,1.0
149.1833,128.277257,38.158215,1597.5390960000002,-67.199,3.345,26.934,1.0
149.2,128.277288,38.158257,1597.3104960000003,-68.335,3.372,26.644,1.0
149.2166,128.277318,38.158299,1597.0892112000001,-69.476,3.395,26.35,1.0
149.2333,128.277348,38.158341,1596.8755464,-70.638,3.409,26.061,1.0
149.25,128.277378,38.158384,1596.6679776,-71.819,3.414,25.775,1.0
149.2666,128.277408,38.158426,1596.4665048000002,-73.015,3.412,25.491,1.0
149.2833,128.277438,38.158468,1596.2705184000001,-74.224,3.406,25.205,1.0
149.3,128.277467,38.158511,1596.0797136,-75.441,3.394,24.915,1.0
149.3166,128.277497,38.158553,1595.8934808000001,-76.663,3.378,24.623,1.0
149.3333,128.277526,38.158596,1595.7124296000002,-77.911,3.353,24.335,1.0
149.35,128.277555,38.158638,1595.5347312000001,-79.18,3.32,24.053,1.0
149.3666,128.277583,38.158681,1595.3606904,-80.468,3.279,23.773,1.0
149.3833,128.277612,38.158724,1595.1896976,-81.769,3.232,23.492,1.0
149.4,128.27764,38.158767,1595.0211432,-83.079,3.181,23.207,1.0
149.4166,128.277668,38.15881,1594.8547224,-84.396,3.124,22.92,1.0
149.4333,128.277696,38.158853,1594.6901304,-85.743,3.059,22.64,1.0
149.45,128.277724,38.158896,1594.5270624,-87.116,2.985,22.367,1.0
149.4666,128.277751,38.158939,1594.3642992000002,-88.51,2.903,22.098,1.0
149.4833,128.277779,38.158982,1594.2018408000001,-89.92,2.816,21.829,1.0
149.5,128.277806,38.159026,1594.0393824,-91.341,2.723,21.556,1.0
149.5166,128.277833,38.159069,1593.8760096000003,-92.77,2.624,21.28,1.0
149.5333,128.277859,38.159113,1593.7117224,-94.23,2.517,21.013,1.0
149.55,128.277886,38.159156,1593.5459112,-95.719,2.402,20.755,1.0
149.5666,128.277912,38.1592,1593.3779664,-97.23,2.279,20.501,1.0
149.5833,128.277938,38.159244,1593.2072784000002,-98.757,2.151,20.248,1.0
149.6,128.277964,38.159288,1593.0335424000002,-100.297,2.015,19.992,1.0
149.6166,128.27799,38.159331,1592.8564536000001,-101.843,1.873,19.734,1.0
149.6333,128.278015,38.159375,1592.6750976,-103.421,1.723,19.485,1.0
149.65,128.27804,38.159419,1592.4897792,-105.026,1.567,19.246,1.0
149.6666,128.278065,38.159463,1592.2992792,-106.652,1.403,19.013,1.0
149.6833,128.27809,38.159507,1592.1032928,-108.294,1.233,18.782,1.0
149.7,128.278115,38.159552,1591.90182,-109.947,1.055,18.549,1.0
149.7166,128.278139,38.159596,1591.6939464,-111.606,0.87,18.315,1.0
149.7333,128.278164,38.15964,1591.4793672,-113.291,0.678,18.09,1.0
149.75,128.278188,38.159684,1591.2574728000002,-114.999,0.48,17.875,1.0
149.7666,128.278212,38.159729,1591.0282632,-116.723,0.276,17.667,1.0
149.7833,128.278236,38.159773,1590.7911288000003,-118.46,0.064,17.461,1.0
149.8,128.278259,38.159818,1590.5457648000001,-120.206,-0.154,17.257,1.0
149.8166,128.278283,38.159862,1590.2915616000003,-121.956,-0.382,17.054,1.0
149.8333,128.278306,38.159907,1590.0282144,-123.724,-0.615,16.86,1.0
149.85,128.278329,38.159952,1589.7551136,-125.508,-0.854,16.675,1.0
149.8666,128.278352,38.159996,1589.4722592,-127.302,-1.098,16.497,1.0
149.8833,128.278375,38.160041,1589.1793464,-129.105,-1.35,16.324,1.0
149.9,128.278398,38.160086,1588.8757656,-130.914,-1.608,16.156,1.0
149.9166,128.27842,38.160131,1588.5615168,-132.726,-1.875,15.992,1.0
149.9333,128.278443,38.160176,1588.2356856000001,-134.544,-2.146,15.835,1.0
149.95,128.278465,38.16022,1587.8985768,-136.368,-2.424,15.686,1.0
149.9666,128.278487,38.160265,1587.549276,-138.195,-2.706,15.545,1.0
149.9833,128.278509,38.16031,1587.188088,-140.025,-2.995,15.412,1.0
150.0,128.278531,38.160355,1586.8144032,-141.857,-3.289,15.286,1.0
150.0166,128.278552,38.1604,1586.427612,-143.689,-3.589,15.167,1.0
150.0333,128.278574,38.160445,1586.028324,-145.516,-3.895,15.055,1.0
150.05,128.278595,38.16049,1585.6156248,-147.338,-4.207,14.951,1.0
150.0666,128.278617,38.160536,1585.1892096000001,-149.157,-4.523,14.855,1.0
150.0833,128.278638,38.160581,1584.7490784000001,-150.972,-4.843,14.769,1.0
150.1,128.278659,38.160626,1584.2946216,-152.785,-5.166,14.692,1.0
150.1166,128.27868,38.160671,1583.8255344000002,-154.597,-5.492,14.625,1.0
150.1333,128.278701,38.160716,1583.343036,-156.391,-5.825,14.565,1.0
150.15,128.278722,38.160761,1582.8456024000002,-158.17,-6.165,14.511,1.0
150.1666,128.278743,38.160807,1582.3326240000001,-159.935,-6.509,14.467,1.0
150.1833,128.278764,38.160852,1581.8047104000002,-161.692,-6.854,14.433,1.0
150.2,128.278784,38.160897,1581.2606424000003,-163.443,-7.199,14.411,1.0
150.2166,128.278805,38.160942,1580.7007248,-165.19,-7.542,14.4,1.0
150.2333,128.278825,38.160988,1580.1267864000001,-166.909,-7.893,14.396,1.0
150.25,128.278846,38.161033,1579.536084,-168.602,-8.252,14.399,1.0
150.2666,128.278866,38.161078,1578.9289224,-170.275,-8.614,14.411,1.0
150.2833,128.278886,38.161123,1578.3049968,-171.933,-8.974,14.435,1.0
150.3,128.278907,38.161169,1577.6643072000002,-173.583,-9.33,14.471,1.0
150.3166,128.278927,38.161214,1577.0059392000003,-175.228,-9.68,14.518,1.0
150.3333,128.278947,38.161259,1576.3323312000002,-176.839,-10.038,14.573,1.0
150.35,128.278967,38.161304,1575.6410448000001,-178.42,-10.402,14.636,1.0
150.3666,128.278987,38.16135,1574.9320800000003,-179.979,-10.769,14.708,1.0
150.3833,128.279007,38.161395,1574.2054368000001,178.478,-11.13,14.791,1.0
150.4,128.279027,38.16144,1573.4605056,176.946,-11.484,14.885,1.0
150.4166,128.279047,38.161485,1572.6969816,175.419,-11.829,14.989,1.0
150.4333,128.279067,38.161531,1571.9169984,173.929,-12.181,15.102,1.0
150.45,128.279087,38.161576,1571.119032,172.472,-12.539,15.223,1.0
150.4666,128.279107,38.161621,1570.3018632,171.039,-12.897,15.352,1.0
150.4833,128.279127,38.161666,1569.4661016000002,169.624,-13.248,15.492,1.0
150.5,128.279147,38.161711,1568.6114424000002,168.22,-13.589,15.641,1.0
150.5166,128.279167,38.161756,1567.7375808000002,166.821,-13.919,15.798,1.0
150.5333,128.279187,38.161801,1566.8463456000002,165.459,-14.254,15.964,1.0
150.55,128.279207,38.161846,1565.9359080000002,164.128,-14.594,16.138,1.0
150.5666,128.279227,38.161891,1565.006268,162.821,-14.932,16.32,1.0
150.5833,128.279247,38.161936,1564.0571208000001,161.53,-15.262,16.51,1.0
150.6,128.279267,38.161981,1563.0881616000001,160.251,-15.581,16.707,1.0
150.6166,128.279287,38.162026,1562.0996952,158.978,-15.889,16.911,1.0
150.6333,128.279307,38.162071,1561.0935504000001,157.735,-16.198,17.122,1.0
150.65,128.279327,38.162116,1560.0672888000001,156.519,-16.509,17.341,1.0
150.6666,128.279347,38.162161,1559.02152,155.323,-16.818,17.568,1.0
150.6833,128.279367,38.162205,1557.956244,154.142,-17.118,17.8,1.0
150.7,128.279388,38.16225,1556.8708512,152.971,-17.407,18.037,1.0
150.7166,128.279408,38.162295,1555.7656464,151.805,-17.685,18.278,1.0
150.7333,128.279428,38.162339,1554.6424584000001,150.665,-17.961,18.525,1.0
150.75,128.279449,38.162384,1553.4994584,149.546,-18.236,18.779,1.0
150.7666,128.279469,38.162428,1552.3366464,148.444,-18.507,19.038,1.0
150.7833,128.27949,38.162473,1551.1540224,147.354,-18.769,19.301,1.0
150.8,128.279511,38.162517,1549.9518912,146.273,-19.022,19.567,1.0
150.8166,128.279531,38.162561,1548.7302528000002,145.196,-19.265,19.836,1.0
150.8333,128.279552,38.162606,1547.4906312000003,144.14,-19.501,20.107,1.0
150.85,128.279573,38.16265,1546.2311976,143.102,-19.73,20.379,1.0
150.8666,128.279594,38.162694,1544.9528664000002,142.077,-19.952,20.654,1.0
150.8833,128.279615,38.162738,1543.6553328,141.062,-20.168,20.932,1.0
150.9,128.279636,38.162782,1542.3389016,140.053,-20.377,21.213,1.0
150.9166,128.279658,38.162826,1541.003268,139.048,-20.579,21.497,1.0
150.9333,128.279679,38.162869,1539.6502607999998,138.057,-20.775,21.782,1.0
150.95,128.279701,38.162913,1538.2783560000003,137.08,-20.966,22.068,1.0
150.9666,128.279722,38.162957,1536.888468,136.112,-21.151,22.357,1.0
150.9833,128.279744,38.163,1535.480292,135.151,-21.33,22.647,1.0
151.0,128.279766,38.163044,1534.053828,134.195,-21.503,22.94,1.0
151.0166,128.279788,38.163087,1532.6096856000001,133.243,-21.669,23.234,1.0
151.0333,128.27981,38.16313,1531.1484744000002,132.3,-21.831,23.53,1.0
151.05,128.279832,38.163174,1529.6698896,131.365,-21.988,23.827,1.0
151.0666,128.279855,38.163217,1528.1736264,130.438,-22.14,24.125,1.0
151.0833,128.279877,38.16326,1526.6605992000002,129.515,-22.286,24.425,1.0
151.1,128.2799,38.163303,1525.1305032,128.596,-22.427,24.726,1.0
151.1166,128.279923,38.163346,1523.5836432,127.679,-22.563,25.029,1.0
151.1333,128.279946,38.163388,1522.0206288000002,126.768,-22.695,25.333,1.0
151.15,128.279969,38.163431,1520.44146,125.861,-22.821,25.638,1.0
151.1666,128.279992,38.163474,1518.8464416,124.957,-22.943,25.944,1.0
151.1833,128.280016,38.163516,1517.2355736,124.057,-23.06,26.251,1.0
151.2,128.280039,38.163559,1515.608856,123.158,-23.173,26.559,1.0
151.2166,128.280063,38.163601,1513.9672032,122.262,-23.28,26.868,1.0
151.2333,128.280087,38.163643,1512.3103104000002,121.366,-23.383,27.178,1.0
151.25,128.280111,38.163685,1510.6387872,120.47,-23.482,27.489,1.0
151.2666,128.280135,38.163727,1508.9526336,119.574,-23.576,27.801,1.0
151.2833,128.280159,38.163769,1507.2521544,118.679,-23.666,28.114,1.0
151.3,128.280184,38.163811,1505.5373496,117.786,-23.751,28.427,1.0
151.3166,128.280208,38.163852,1503.8091336,116.893,-23.832,28.741,1.0
151.3333,128.280233,38.163894,1502.0672016,115.997,-23.908,29.056,1.0
151.35,128.280258,38.163935,1500.3118584000001,115.097,-23.98,29.371,1.0
151.3666,128.280284,38.163977,1498.5434088,114.194,-24.047,29.688,1.0
151.3833,128.280309,38.164018,1496.7624624,113.29,-24.11,30.004,1.0
151.4,128.280335,38.164059,1494.9690192,112.386,-24.168,30.321,1.0
151.4166,128.28036,38.1641,1493.1636888,111.482,-24.223,30.638,1.0
151.4333,128.280386,38.164141,1491.3458616,110.571,-24.273,30.956,1.0
151.45,128.280412,38.164182,1489.5167568000002,109.653,-24.317,31.275,1.0
151.4666,128.280439,38.164222,1487.6763744000002,108.73,-24.357,31.594,1.0
151.4833,128.280465,38.164263,1485.8247144,107.805,-24.394,31.913,1.0
151.5,128.280492,38.164303,1483.9626912,106.878,-24.426,32.232,1.0
151.5166,128.280519,38.164344,1482.0903048000002,105.95,-24.453,32.551,1.0
151.5333,128.280546,38.164384,1480.2075552,105.013,-24.476,32.87,1.0
151.55,128.280573,38.164424,1478.315052,104.066,-24.494,33.19,1.0
151.5666,128.280601,38.164464,1476.4134048,103.112,-24.506,33.509,1.0
151.5833,128.280628,38.164504,1474.5023088,102.154,-24.515,33.829,1.0
151.6,128.280656,38.164543,1472.5826784,101.193,-24.52,34.148,1.0
151.6166,128.280684,38.164583,1470.6548184,100.232,-24.52,34.467,1.0
151.6333,128.280713,38.164622,1468.7184240000001,99.259,-24.515,34.785,1.0
151.65,128.280741,38.164662,1466.7744096000001,98.275,-24.504,35.104,1.0
151.6666,128.28077,38.164701,1464.8227752,97.284,-24.488,35.422,1.0
151.6833,128.280799,38.16474,1462.8644352000001,96.288,-24.469,35.739,1.0
151.7,128.280828,38.164779,1460.8993896,95.289,-24.445,36.056,1.0
151.7166,128.280857,38.164818,1458.9279432,94.289,-24.416,36.371,1.0
151.7333,128.280887,38.164857,1456.9507056,93.277,-24.382,36.685,1.0
151.75,128.280916,38.164895,1454.9676768,92.255,-24.342,36.995,1.0
151.7666,128.280946,38.164934,1452.9794664,91.225,-24.297,37.304,1.0
151.7833,128.280976,38.164972,1450.9863792,90.19,-24.247,37.611,1.0
151.8,128.281007,38.165011,1448.9890248,89.151,-24.193,37.919,1.0
151.8166,128.281037,38.165049,1446.987708,88.111,-24.135,38.225,1.0
151.8333,128.281068,38.165087,1444.9824288000002,87.061,-24.071,38.526,1.0
151.85,128.281099,38.165125,1442.9741016000003,86.003,-24.001,38.82,1.0
151.8666,128.28113,38.165162,1440.9630312000002,84.939,-23.927,39.11,1.0
151.8833,128.281162,38.1652,1438.9492176,83.868,-23.848,39.4,1.0
151.9,128.281194,38.165237,1436.9332704,82.794,-23.765,39.689,1.0
151.9166,128.281225,38.165275,1434.9157992000003,81.719,-23.677,39.978,1.0
151.9333,128.281257,38.165312,1432.8971088,80.635,-23.584,40.263,1.0
151.95,128.28129,38.165349,1430.877504,79.546,-23.486,40.542,1.0
151.9666,128.281322,38.165386,1428.8572896,78.453,-23.383,40.818,1.0
151.9833,128.281355,38.165423,1426.8370752,77.356,-23.276,41.091,1.0
152.0,128.281388,38.16546,1424.8171656,76.257,-23.163,41.364,1.0
152.0166,128.281421,38.165497,1422.7978656,75.158,-23.047,41.635,1.0
152.0333,128.281455,38.165533,1420.7797848,74.052,-22.925,41.902,1.0
152.05,128.281488,38.16557,1418.763228,72.943,-22.799,42.164,1.0
152.0666,128.281522,38.165606,1416.7488048000002,71.832,-22.668,42.422,1.0
152.0833,128.281556,38.165642,1414.7362104000001,70.718,-22.533,42.678,1.0
152.1,128.28159,38.165679,1412.7266640000003,69.603,-22.393,42.931,1.0
152.1166,128.281625,38.165715,1410.7201656,68.487,-22.249,43.183,1.0
152.1333,128.281659,38.165751,1408.71702,67.371,-22.1,43.431,1.0
152.15,128.281694,38.165786,1406.7178368000002,66.254,-21.946,43.674,1.0
152.1666,128.281729,38.165822,1404.7229208,65.137,-21.788,43.914,1.0
152.1833,128.281765,38.165858,1402.7328816,64.02,-21.626,44.15,1.0
152.2,128.2818,38.165893,1400.7474144,62.904,-21.46,44.383,1.0
152.2166,128.281836,38.165929,1398.7677384,61.789,-21.289,44.613,1.0
152.2333,128.281872,38.165964,1396.7938536000001,60.677,-21.113,44.839,1.0
152.25,128.281908,38.165999,1394.8260648,59.568,-20.933,45.062,1.0
152.2666,128.281944,38.166034,1392.8646767999999,58.461,-20.749,45.281,1.0
152.2833,128.281981,38.166069,1390.9102992,57.358,-20.561,45.496,1.0
152.3,128.282017,38.166104,1388.9632368000002,56.257,-20.37,45.707,1.0
152.3166,128.282054,38.166139,1387.0240992000001,55.158,-20.174,45.913,1.0
152.3333,128.282091,38.166174,1385.0925816,54.064,-19.974,46.115,1.0
152.35,128.282128,38.166208,1383.1695984,52.975,-19.77,46.315,1.0
152.3666,128.282166,38.166243,1381.2554544,51.891,-19.563,46.511,1.0
152.3833,128.282204,38.166277,1379.3504544,50.811,-19.352,46.701,1.0
152.4,128.282242,38.166312,1377.4549032,49.734,-19.137,46.887,1.0
152.4166,128.28228,38.166346,1375.5691056,48.66,-18.92,47.067,1.0
152.4333,128.282318,38.16638,1373.6933664000003,47.595,-18.698,47.244,1.0
152.45,128.282356,38.166414,1371.8279903999999,46.539,-18.472,47.42,1.0
152.4666,128.282395,38.166448,1369.9735871999999,45.49,-18.242,47.591,1.0
152.4833,128.282434,38.166482,1368.1301568000001,44.447,-18.01,47.756,1.0
152.5,128.282473,38.166516,1366.2983088,43.409,-17.775,47.916,1.0
152.5166,128.282512,38.16655,1364.4786528000002,42.374,-17.539,48.07,1.0
152.5333,128.282551,38.166584,1362.6702744000002,41.351,-17.298,48.221,1.0
152.55,128.282591,38.166617,1360.8746976,40.339,-17.052,48.37,1.0
152.5666,128.28263,38.166651,1359.0916176000003,39.335,-16.804,48.515,1.0
152.5833,128.28267,38.166684,1357.3219488,38.338,-16.553,48.654,1.0
152.6,128.28271,38.166718,1355.5653864,37.348,-16.302,48.787,1.0
152.6166,128.28275,38.166751,1353.8228448000002,36.36,-16.049,48.914,1.0
152.6333,128.282791,38.166785,1352.0934096,35.388,-15.792,49.038,1.0
152.65,128.282831,38.166818,1350.3786048000002,34.428,-15.53,49.161,1.0
152.6666,128.282872,38.166851,1348.6781256,33.478,-15.265,49.28,1.0
152.6833,128.282913,38.166884,1346.9925816,32.537,-14.999,49.393,1.0
152.7,128.282953,38.166917,1345.3222776000002,31.603,-14.733,49.499,1.0
152.7166,128.282995,38.16695,1343.6672136,30.672,-14.467,49.599,1.0
152.7333,128.283036,38.166983,1342.0267800000001,29.758,-14.201,49.694,1.0
152.75,128.283077,38.167016,1340.4025008,28.859,-13.935,49.785,1.0
152.7666,128.283119,38.167049,1338.794376,27.972,-13.667,49.872,1.0
152.7833,128.28316,38.167082,1337.2024056,27.093,-13.399,49.953,1.0
152.8,128.283202,38.167115,1335.6268944,26.22,-13.13,50.029,1.0
152.8166,128.283244,38.167147,1334.068452,25.352,-12.86,50.099,1.0
152.8333,128.283286,38.16718,1332.5255544,24.501,-12.591,50.166,1.0
152.85,128.283328,38.167213,1331.0003352,23.666,-12.322,50.229,1.0
152.8666,128.283371,38.167245,1329.4921848,22.844,-12.053,50.288,1.0
152.8833,128.283413,38.167278,1328.001408,22.032,-11.784,50.342,1.0
152.9,128.283456,38.167311,1326.5283096000003,21.226,-11.514,50.39,1.0
152.9166,128.283499,38.167343,1325.0734992000002,20.425,-11.244,50.434,1.0
152.9333,128.283541,38.167376,1323.635148,19.641,-10.974,50.475,1.0
152.95,128.283584,38.167408,1322.2150847999999,18.874,-10.706,50.513,1.0
152.9666,128.283627,38.16744,1320.8136144,18.12,-10.437,50.547,1.0
152.9833,128.283671,38.167473,1319.4301272,17.375,-10.169,50.576,1.0
153.0,128.283714,38.167505,1318.0655376000002,16.637,-9.9,50.601,1.0
153.0166,128.283757,38.167537,1316.7198456,15.903,-9.632,50.622,1.0
153.0333,128.283801,38.16757,1315.3912224,15.188,-9.364,50.64,1.0
153.05,128.283844,38.167602,1314.0818016000003,14.491,-9.098,50.656,1.0
153.0666,128.283888,38.167634,1312.7915832,13.806,-8.832,50.668,1.0
153.0833,128.283932,38.167667,1311.5202624,13.132,-8.566,50.677,1.0
153.1,128.283975,38.167699,1310.2684488,12.465,-8.3,50.681,1.0
153.1166,128.284019,38.167731,1309.0361424000002,11.802,-8.036,50.681,1.0
153.1333,128.284063,38.167763,1307.8215144,11.158,-7.772,50.68,1.0
153.15,128.284107,38.167795,1306.6266984,10.533,-7.509,50.676,1.0
153.1666,128.284152,38.167828,1305.4513896,9.922,-7.246,50.67,1.0
153.1833,128.284196,38.16786,1304.2958928,9.321,-6.985,50.661,1.0
153.2,128.28424,38.167892,1303.160208,8.728,-6.724,50.648,1.0
153.2166,128.284285,38.167924,1302.04464,8.139,-6.463,50.631,1.0
153.2333,128.284329,38.167956,1300.9473600000001,7.57,-6.204,50.613,1.0
153.25,128.284374,38.167988,1299.8701968,7.019,-5.946,50.593,1.0
153.2666,128.284418,38.16802,1298.8128456000002,6.483,-5.689,50.572,1.0
153.2833,128.284463,38.168053,1297.775916,5.957,-5.432,50.547,1.0
153.3,128.284508,38.168085,1296.7591032,5.438,-5.176,50.52,1.0
153.3166,128.284552,38.168117,1295.762712,4.924,-4.921,50.489,1.0
153.3333,128.284597,38.168149,1294.7855232000002,4.423,-4.667,50.457,1.0
153.35,128.284642,38.168181,1293.8290608,3.933,-4.414,50.424,1.0
153.3666,128.284687,38.168213,1292.89302,3.451,-4.162,50.389,1.0
153.3833,128.284732,38.168245,1291.9774008,2.977,-3.911,50.352,1.0
153.4,128.284777,38.168277,1291.0822032,2.507,-3.66,50.312,1.0
153.4166,128.284822,38.16831,1290.2080368000002,2.041,-3.41,50.27,1.0
153.4333,128.284867,38.168342,1289.3570352000002,1.426,-3.161,50.217,1.0
153.45,128.284913,38.168374,1288.5288936000002,0.67,-2.912,50.152,1.0
153.4666,128.284958,38.168406,1287.725136,-0.197,-2.663,50.086,1.0
153.4833,128.285003,38.168438,1286.9460672,-1.147,-2.415,50.023,1.0
153.5,128.285048,38.16847,1286.1877248,-2.148,-2.166,49.963,1.0
153.5166,128.285094,38.168502,1285.4516328,-3.172,-1.915,49.904,1.0
153.5333,128.285139,38.168535,1284.7362672000002,-4.147,-1.664,49.842,1.0
153.55,128.285184,38.168567,1284.0404088,-5.067,-1.411,49.776,1.0
153.5666,128.285229,38.168599,1283.364972,-5.944,-1.158,49.702,1.0
153.5833,128.285275,38.168631,1282.7114808000001,-6.792,-0.905,49.62,1.0
153.6,128.28532,38.168663,1282.0790208,-7.626,-0.653,49.532,1.0
153.6166,128.285366,38.168696,1281.4678968,-8.459,-0.403,49.438,1.0
153.6333,128.285411,38.168728,1280.8753656,-9.232,-0.154,49.346,1.0
153.65,128.285456,38.16876,1280.3017320000001,-9.952,0.093,49.254,1.0
153.6666,128.285502,38.168793,1279.7485199999999,-10.629,0.339,49.16,1.0
153.6833,128.285547,38.168825,1279.2157296,-11.274,0.584,49.059,1.0
153.7,128.285592,38.168858,1278.7033608,-11.898,0.826,48.952,1.0
153.7166,128.285638,38.16889,1278.2117184,-12.514,1.066,48.841,1.0
153.7333,128.285683,38.168922,1277.7386688,-13.107,1.304,48.728,1.0
153.75,128.285728,38.168955,1277.2863456,-13.683,1.54,48.615,1.0
153.7666,128.285773,38.168988,1276.8541392000002,-14.247,1.775,48.501,1.0
153.7833,128.285819,38.16902,1276.4420496,-14.801,2.008,48.385,1.0
153.8,128.285864,38.169053,1276.0503816,-15.348,2.239,48.265,1.0
153.8166,128.285909,38.169085,1275.67944,-15.891,2.468,48.142,1.0
153.8333,128.285954,38.169118,1275.3270912,-16.421,2.696,48.017,1.0
153.85,128.285999,38.169151,1274.9954688,-16.939,2.922,47.892,1.0
153.8666,128.286044,38.169184,1274.6836584000002,-17.449,3.147,47.765,1.0
153.8833,128.286089,38.169216,1274.3922696000002,-17.953,3.37,47.636,1.0
153.9,128.286134,38.169249,1274.1206928,-18.453,3.592,47.504,1.0
153.9166,128.286179,38.169282,1273.8692328,-18.951,3.812,47.371,1.0
153.9333,128.286224,38.169315,1273.6354512,-19.421,4.031,47.237,1.0
153.95,128.286269,38.169348,1273.4214816,-19.865,4.249,47.103,1.0
153.9666,128.286314,38.169381,1273.2270192,-20.29,4.466,46.968,1.0
153.9833,128.286359,38.169414,1273.0523687999998,-20.7,4.681,46.83,1.0
154.0,128.286403,38.169447,1272.8972256,-21.101,4.894,46.69,1.0
154.0166,128.286448,38.169481,1272.7618944,-21.498,5.105,46.548,1.0
154.0333,128.286493,38.169514,1272.6445464,-21.876,5.314,46.406,1.0
154.05,128.286537,38.169547,1272.5467056,-22.237,5.523,46.264,1.0
154.0666,128.286582,38.16958,1272.4680672000002,-22.585,5.731,46.122,1.0
154.0833,128.286626,38.169614,1272.408936,-22.924,5.937,45.978,1.0
154.1,128.28667,38.169647,1272.369312,-23.256,6.142,45.833,1.0
154.1166,128.286715,38.169681,1272.3488903999998,-23.585,6.345,45.686,1.0
154.1333,128.286759,38.169714,1272.3473664000003,-23.903,6.547,45.538,1.0
154.15,128.286803,38.169748,1272.3647400000002,-24.214,6.749,45.391,1.0
154.1666,128.286847,38.169781,1272.4016208,-24.519,6.949,45.243,1.0
154.1833,128.286891,38.169815,1272.4573992,-24.819,7.149,45.094,1.0
154.2,128.286935,38.169849,1272.5326848,-25.115,7.347,44.944,1.0
154.2166,128.286979,38.169882,1272.626868,-25.409,7.544,44.794,1.0
154.2333,128.287023,38.169916,1272.7399488,-25.701,7.741,44.642,1.0
154.25,128.287066,38.16995,1272.8722320000002,-25.991,7.937,44.49,1.0
154.2666,128.28711,38.169984,1273.0234128000002,-26.28,8.132,44.337,1.0
154.2833,128.287153,38.170018,1273.1937960000002,-26.567,8.326,44.184,1.0
154.3,128.287197,38.170052,1273.3827720000002,-26.853,8.519,44.03,1.0
154.3166,128.28724,38.170086,1273.5909504,-27.139,8.712,43.874,1.0
154.3333,128.287283,38.17012,1273.8180264000002,-27.425,8.904,43.719,1.0
154.35,128.287326,38.170154,1274.0636952,-27.712,9.095,43.562,1.0
154.3666,128.287369,38.170189,1274.3282616000001,-28.0,9.286,43.404,1.0
154.3833,128.287412,38.170223,1274.6117256,-28.288,9.476,43.246,1.0
154.4,128.287455,38.170257,1274.9134776,-28.576,9.666,43.087,1.0
154.4166,128.287498,38.170292,1275.2341272,-28.864,9.854,42.927,1.0
154.4333,128.28754,38.170326,1275.5733696000002,-29.154,10.043,42.766,1.0
154.45,128.287583,38.170361,1275.9312048000002,-29.445,10.23,42.604,1.0
154.4666,128.287625,38.170395,1276.3073279999999,-29.738,10.417,42.441,1.0
154.4833,128.287668,38.17043,1276.702044,-30.031,10.603,42.278,1.0
154.5,128.28771,38.170464,1277.1147432,-30.325,10.789,42.113,1.0
154.5166,128.287752,38.170499,1277.5460352,-30.619,10.974,41.948,1.0
154.5333,128.287794,38.170534,1277.9956152000002,-30.916,11.158,41.782,1.0
154.55,128.287836,38.170569,1278.4634832000002,-31.215,11.341,41.614,1.0
154.5666,128.287877,38.170604,1278.9493344000002,-31.515,11.524,41.446,1.0
154.5833,128.287919,38.170638,1279.4531688,-31.817,11.707,41.276,1.0
154.6,128.28796,38.170673,1279.9749864,-32.12,11.888,41.106,1.0
154.6166,128.288002,38.170708,1280.5147872,-32.424,12.069,40.935,1.0
154.6333,128.288043,38.170744,1281.0725711999999,-32.73,12.249,40.762,1.0
154.65,128.288084,38.170779,1281.6480336,-33.04,12.429,40.588,1.0
154.6666,128.288125,38.170814,1282.2411744,-33.351,12.608,40.414,1.0
154.6833,128.288166,38.170849,1282.8519936000002,-33.665,12.786,40.238,1.0
154.7,128.288207,38.170884,1283.4804912000002,-33.98,12.963,40.061,1.0
154.7166,128.288247,38.17092,1284.1263624,-34.296,13.14,39.883,1.0
154.7333,128.288288,38.170955,1284.7896072,-34.615,13.316,39.704,1.0
154.75,128.288328,38.170991,1285.4705304,-34.938,13.491,39.523,1.0
154.7666,128.288369,38.171026,1286.1685224,-35.263,13.665,39.342,1.0
154.7833,128.288409,38.171062,1286.8835832000002,-35.591,13.838,39.159,1.0
154.8,128.288449,38.171097,1287.6160176000003,-35.92,14.011,38.975,1.0
154.8166,128.288488,38.171133,1288.3652160000001,-36.251,14.183,38.79,1.0
154.8333,128.288528,38.171169,1289.1317880000001,-36.586,14.354,38.604,1.0
154.85,128.288568,38.171204,1289.9148192,-36.924,14.524,38.416,1.0
154.8666,128.288607,38.17124,1290.7149192,-37.266,14.693,38.227,1.0
154.8833,128.288646,38.171276,1291.5314784,-37.611,14.862,38.037,1.0
154.9,128.288685,38.171312,1292.3648016000002,-37.957,15.029,37.845,1.0
154.9166,128.288724,38.171348,1293.2142792,-38.305,15.196,37.652,1.0
154.9333,128.288763,38.171384,1294.0805208000002,-38.657,15.361,37.458,1.0
154.95,128.288801,38.17142,1294.9632216,-39.014,15.526,37.263,1.0
154.9666,128.28884,38.171456,1295.8620767999998,-39.375,15.689,37.066,1.0
154.9833,128.288878,38.171493,1296.7767816,-39.739,15.852,36.867,1.0
155.0,128.288916,38.171529,1297.7076408,-40.105,16.013,36.668,1.0
155.0166,128.288954,38.171565,1298.6543496,-40.472,16.174,36.467,1.0
155.0333,128.288992,38.171602,1299.6135551999998,-40.663,16.352,36.287,1.0
155.05,128.28903,38.171638,1300.5867816,-40.69,16.547,36.127,1.0
155.0666,128.289068,38.171674,1301.5740288000002,-40.564,16.745,35.972,1.0
155.0833,128.289105,38.171711,1302.5746872,-40.31,16.936,35.81,1.0
155.1,128.289142,38.171748,1303.588452,-39.964,17.117,35.636,1.0
155.1166,128.28918,38.171784,1304.6177616000002,-39.568,17.289,35.456,1.0
155.1333,128.289217,38.171821,1305.6620063999999,-39.18,17.458,35.276,1.0
155.15,128.289253,38.171858,1306.7221008,-38.817,17.629,35.101,1.0
155.1666,128.28929,38.171894,1307.7974352,-38.479,17.801,34.935,1.0
155.1833,128.289327,38.171931,1308.8880096000003,-38.156,17.976,34.774,1.0
155.2,128.289363,38.171968,1309.9941288000002,-37.837,18.153,34.617,1.0
155.2166,128.289399,38.172005,1311.1154880000001,-37.514,18.33,34.461,1.0
155.2333,128.289435,38.172042,1312.2548304,-37.242,18.505,34.303,1.0
155.25,128.289471,38.172079,1313.4112416,-37.019,18.679,34.141,1.0
155.2666,128.289507,38.172116,1314.584112,-36.836,18.852,33.979,1.0
155.2833,128.289543,38.172153,1315.772832,-36.684,19.028,33.821,1.0
155.3,128.289578,38.17219,1316.9780112,-36.553,19.208,33.667,1.0
155.3166,128.289613,38.172227,1318.1990400000002,-36.431,19.389,33.515,1.0
155.3333,128.289649,38.172264,1319.4386616000002,-36.341,19.571,33.36,1.0
155.35,128.289683,38.172301,1320.6947424000002,-36.277,19.751,33.202,1.0
155.3666,128.289718,38.172339,1321.9672824,-36.233,19.931,33.042,1.0
155.3833,128.289753,38.172376,1323.2559767999999,-36.207,20.112,32.883,1.0
155.4,128.289787,38.172413,1324.5614352,-36.194,20.295,32.725,1.0
155.4166,128.289822,38.17245,1325.8827432,-36.188,20.48,32.568,1.0
155.4333,128.289856,38.172488,1327.2217296000001,-36.198,20.664,32.409,1.0
155.45,128.28989,38.172525,1328.5768704,-36.218,20.847,32.247,1.0
155.4666,128.289924,38.172563,1329.9481656,-36.249,21.029,32.084,1.0
155.4833,128.289957,38.1726,1331.33592,-36.288,21.212,31.92,1.0
155.5,128.289991,38.172637,1332.7401336,-36.336,21.396,31.757,1.0
155.5166,128.290024,38.172675,1334.1601968000002,-36.388,21.581,31.594,1.0
155.5333,128.290057,38.172712,1335.5970240000001,-36.449,21.766,31.429,1.0
155.55,128.29009,38.17275,1337.0500056,-36.517,21.95,31.263,1.0
155.5666,128.290123,38.172787,1338.5191416,-36.591,22.133,31.095,1.0
155.5833,128.290156,38.172825,1340.0041272,-36.67,22.317,30.927,1.0
155.6,128.290188,38.172863,1341.5052672000002,-36.754,22.501,30.759,1.0
155.6166,128.29022,38.1729,1343.0225616,-36.841,22.685,30.59,1.0
155.6333,128.290252,38.172938,1344.5560104,-36.933,22.869,30.42,1.0
155.65,128.290284,38.172975,1346.1053088,-37.03,23.052,30.248,1.0
155.6666,128.290316,38.173013,1347.6704568,-37.13,23.235,30.075,1.0
155.6833,128.290348,38.173051,1349.2514544,-37.235,23.418,29.901,1.0
155.7,128.290379,38.173088,1350.8483016000002,-37.344,23.601,29.727,1.0
155.7166,128.29041,38.173126,1352.4609983999999,-37.455,23.784,29.552,1.0
155.7333,128.290442,38.173164,1354.08924,-37.569,23.966,29.376,1.0
155.75,128.290472,38.173202,1355.7333312000003,-37.686,24.147,29.197,1.0
155.7666,128.290503,38.173239,1357.3932720000003,-37.805,24.327,29.017,1.0
155.7833,128.290534,38.173277,1359.0684528000002,-37.929,24.508,28.836,1.0
155.8,128.290564,38.173315,1360.7591784,-38.055,24.688,28.655,1.0
155.8166,128.290594,38.173353,1362.465144,-38.185,24.869,28.473,1.0
155.8333,128.290624,38.17339,1364.1869592,-38.315,25.048,28.289,1.0
155.85,128.290654,38.173428,1365.9240144,-38.444,25.226,28.102,1.0
155.8666,128.290684,38.173466,1367.6763096000002,-38.575,25.403,27.914,1.0
155.8833,128.290714,38.173504,1369.4438448,-38.71,25.58,27.725,1.0
155.9,128.290743,38.173542,1371.22662,-38.848,25.757,27.536,1.0
155.9166,128.290772,38.17358,1373.0243304,-38.989,25.934,27.346,1.0
155.9333,128.290801,38.173618,1374.8375856000002,-39.131,26.11,27.155,1.0
155.95,128.29083,38.173655,1376.6654712,-39.274,26.286,26.962,1.0
155.9666,128.290858,38.173693,1378.5085968,-39.418,26.46,26.767,1.0
155.9833,128.290887,38.173731,1380.3663528000002,-39.564,26.635,26.572,1.0
156.0,128.290915,38.173769,1382.239044,-39.712,26.809,26.376,1.0
156.0166,128.290943,38.173807,1384.1266704,-39.862,26.984,26.18,1.0
156.0333,128.290971,38.173845,1386.029232,-40.019,27.157,25.982,1.0
156.05,128.290999,38.173883,1387.9467288,-40.182,27.33,25.782,1.0
156.0666,128.291026,38.173921,1389.8785512000002,-40.35,27.502,25.581,1.0
156.0833,128.291053,38.173959,1391.8253088,-40.523,27.674,25.38,1.0
156.1,128.29108,38.173997,1393.786392,-40.699,27.846,25.178,1.0
156.1166,128.291107,38.174035,1395.7621056,-40.877,28.018,24.974,1.0
156.1333,128.291134,38.174073,1397.7533640000001,-41.072,28.188,24.769,1.0
156.15,128.291161,38.174111,1399.7586432,-41.281,28.357,24.561,1.0
156.1666,128.291187,38.174149,1401.7785528000002,-41.503,28.525,24.351,1.0
156.1833,128.291213,38.174186,1403.8127880000002,-41.735,28.693,24.14,1.0
156.2,128.291239,38.174224,1405.861044,-41.975,28.862,23.929,1.0
156.2166,128.291265,38.174262,1407.9233208,-42.219,29.03,23.717,1.0
156.2333,128.29129,38.1743,1410.001752,-42.501,29.196,23.5,1.0
156.25,128.291316,38.174338,1412.0948136,-42.818,29.359,23.279,1.0
156.2666,128.291341,38.174376,1414.2015912000002,-43.162,29.52,23.055,1.0
156.2833,128.291366,38.174414,1416.3223896,-43.53,29.682,22.831,1.0
156.3,128.29139,38.174452,1418.456904,-43.914,29.844,22.606,1.0
156.3166,128.291415,38.17449,1420.6051344000002,-44.309,30.007,22.38,1.0
156.3333,128.291439,38.174528,1422.7689096000001,-44.805,30.163,22.144,1.0
156.35,128.291463,38.174566,1424.94762,-45.397,30.312,21.899,1.0
156.3666,128.291487,38.174604,1427.1412656,-46.066,30.457,21.648,1.0
156.3833,128.291511,38.174642,1429.3483224,-46.795,30.603,21.398,1.0
156.4,128.291534,38.17468,1431.5684856000003,-47.568,30.752,21.148,1.0
156.4166,128.291557,38.174718,1433.8017552,-48.367,30.901,20.897,1.0
156.4333,128.29158,38.174756,1436.046912,-49.158,31.05,20.643,1.0
156.45,128.291603,38.174793,1438.3042607999998,-49.934,31.196,20.384,1.0
156.4666,128.291625,38.174831,1440.5738016000003,-50.698,31.338,20.118,1.0
156.4833,128.291647,38.174869,1442.8552296,-51.454,31.476,19.848,1.0
156.5,128.291669,38.174907,1445.1482400000002,-52.208,31.61,19.572,1.0
156.5166,128.291691,38.174945,1447.4528328000001,-52.965,31.739,19.293,1.0
156.5333,128.291713,38.174983,1449.7699224,-53.886,31.839,19.027,1.0
156.55,128.291734,38.175021,1452.0985944000001,-54.951,31.899,18.793,1.0
156.5666,128.291755,38.175059,1454.438544,-56.165,31.935,18.586,1.0
156.5833,128.291776,38.175097,1456.7897712,-57.507,31.966,18.386,1.0
156.6,128.291797,38.175135,1459.1519712,-58.949,32.005,18.18,1.0
156.6166,128.291817,38.175173,1461.5227056,-60.458,32.053,17.962,1.0
156.6333,128.291837,38.175211,1463.9047176000001,-62.103,32.086,17.749,1.0
156.65,128.291857,38.175249,1466.2961784000001,-63.857,32.09,17.567,1.0
156.6666,128.291876,38.175287,1468.6958688,-65.704,32.059,17.44,1.0
156.6833,128.291896,38.175325,1471.1025696000002,-67.629,31.99,17.398,1.0
156.7,128.291915,38.175363,1473.5147568,-69.619,31.881,17.467,1.0
156.7166,128.291933,38.175401,1475.9324304,-71.681,31.743,17.629,1.0
156.7333,128.291952,38.175439,1478.3540664000002,-73.829,31.591,17.849,1.0
156.75,128.29197,38.175477,1480.7781408,-76.081,31.438,18.091,1.0
156.7666,128.291988,38.175515,1483.2043488000002,-78.453,31.294,18.323,1.0
156.7833,128.292006,38.175553,1485.6314712,-80.954,31.168,18.511,1.0
156.8,128.292024,38.175591,1488.0585936000002,-83.568,31.061,18.638,1.0
156.8166,128.292042,38.17563,1490.4854112,-86.259,30.972,18.721,1.0
156.8333,128.292059,38.175668,1492.911924,-89.058,30.891,18.786,1.0
156.85,128.292076,38.175706,1495.3369128000002,-91.938,30.813,18.848,1.0
156.8666,128.292094,38.175744,1497.7603776,-94.871,30.739,18.911,1.0
156.8833,128.292111,38.175783,1500.181404,-97.837,30.671,18.974,1.0
156.9,128.292128,38.175821,1502.6002968,-100.825,30.609,19.032,1.0
156.9166,128.292144,38.175859,1505.0164464,-103.825,30.551,19.083,1.0
156.9333,128.292161,38.175898,1507.4289384,-106.882,30.492,19.127,1.0
156.95,128.292178,38.175936,1509.837468,-109.99,30.431,19.167,1.0
156.9666,128.292195,38.175975,1512.2423400000002,-113.138,30.37,19.203,1.0
156.9833,128.292211,38.176013,1514.64264,-116.318,30.313,19.236,1.0
157.0,128.292227,38.176052,1517.0389776000002,-119.521,30.261,19.264,1.0
157.0166,128.292244,38.17609,1519.4313528000002,-122.735,30.211,19.288,1.0
157.0333,128.29226,38.176129,1521.8188512000002,-125.96,30.149,19.285,1.0
157.05,128.292277,38.176167,1524.2017776000002,-129.19,30.07,19.254,1.0
157.0666,128.292293,38.176206,1526.5798272,-132.416,29.979,19.207,1.0
157.0833,128.292309,38.176245,1528.953,-135.629,29.884,19.158,1.0
157.1,128.292325,38.176283,1531.3209912000002,-138.823,29.79,19.113,1.0
157.1166,128.292341,38.176322,1533.6838008,-141.996,29.698,19.075,1.0
157.1333,128.292357,38.176361,1536.0417336,-145.043,29.593,19.019,1.0
157.15,128.292374,38.176399,1538.3953992000002,-147.975,29.457,18.933,1.0
157.1666,128.29239,38.176438,1540.7444928,-150.815,29.269,18.818,1.0
157.1833,128.292406,38.176477,1543.0871856,-153.573,29.042,18.695,1.0
157.2,128.292422,38.176516,1545.422868,-156.261,28.797,18.582,1.0
157.2166,128.292438,38.176554,1547.7503208,-158.899,28.55,18.486,1.0
157.2333,128.292454,38.176593,1550.0716776000002,-161.32,28.287,18.38,1.0
157.25,128.29247,38.176632,1552.3854144,-163.549,27.986,18.256,1.0
157.2666,128.292486,38.176671,1554.6921408,-165.616,27.635,18.128,1.0
157.2833,128.292502,38.17671,1556.993076,-167.547,27.251,18.016,1.0
157.3,128.292518,38.176749,1559.2827336,-169.378,26.854,17.93,1.0
157.3166,128.292533,38.176788,1561.5614184,-171.149,26.459,17.87,1.0
157.3333,128.292549,38.176827,1563.8312640000001,-172.735,26.046,17.808,1.0
157.35,128.292565,38.176866,1566.0907464,-174.168,25.593,17.739,1.0
157.3666,128.292581,38.176905,1568.3401704,-175.475,25.098,17.675,1.0
157.3833,128.292597,38.176944,1570.5767928,-176.68,24.587,17.63,1.0
157.4,128.292613,38.176984,1572.7990896000001,-177.811,24.084,17.61,1.0
157.4166,128.292629,38.177023,1575.0061464,-178.901,23.6,17.611,1.0
157.4333,128.292645,38.177062,1577.2000968000002,-179.886,23.115,17.618,1.0
157.45,128.292661,38.177102,1579.3794168,179.211,22.613,17.625,1.0
157.4666,128.292677,38.177141,1581.544716,178.374,22.103,17.639,1.0
157.4833,128.292693,38.177181,1583.6923368000002,177.588,21.6,17.665,1.0
157.5,128.292709,38.17722,1585.822584,176.839,21.113,17.704,1.0
157.5166,128.292725,38.17726,1587.9345432,176.109,20.646,17.754,1.0
157.5333,128.292741,38.1773,1590.0306528,175.436,20.194,17.807,1.0
157.55,128.292757,38.17734,1592.1099984,174.807,19.753,17.861,1.0
157.5666,128.292774,38.17738,1594.1695320000001,174.211,19.324,17.918,1.0
157.5833,128.29279,38.177419,1596.210168,173.641,18.905,17.981,1.0
157.6,128.292806,38.177459,1598.2306872,173.089,18.495,18.051,1.0
157.6166,128.292823,38.177499,1600.2310896000001,172.547,18.097,18.127,1.0
157.6333,128.292839,38.17754,1602.2135088,172.036,17.707,18.204,1.0
157.65,128.292855,38.17758,1604.1758112,171.55,17.325,18.281,1.0
157.6666,128.292872,38.17762,1606.1170823999998,171.084,16.951,18.36,1.0
157.6833,128.292889,38.17766,1608.0373224,170.633,16.585,18.443,1.0
157.7,128.292905,38.177701,1609.9362264000001,170.193,16.225,18.529,1.0
157.7166,128.292922,38.177741,1611.8134896000001,169.758,15.873,18.619,1.0
157.7333,128.292939,38.177781,1613.6712456,169.342,15.526,18.709,1.0
157.75,128.292955,38.177822,1615.5064464,168.942,15.185,18.8,1.0
157.7666,128.292972,38.177862,1617.3200064,168.552,14.848,18.892,1.0
157.7833,128.292989,38.177903,1619.1113160000002,168.172,14.517,18.986,1.0
157.8,128.293006,38.177944,1620.8806800000002,167.799,14.19,19.083,1.0
157.8166,128.293023,38.177984,1622.6271840000002,167.429,13.867,19.182,1.0
157.8333,128.293041,38.178025,1624.3526568,167.07,13.548,19.282,1.0
157.85,128.293058,38.178066,1626.0552696000002,166.72,13.232,19.382,1.0
157.8666,128.293075,38.178107,1627.7353272,166.378,12.92,19.484,1.0
157.8833,128.293093,38.178148,1629.3925248,166.041,12.611,19.587,1.0
157.9,128.29311,38.178189,1631.0268624,165.708,12.305,19.692,1.0
157.9166,128.293128,38.17823,1632.6383400000002,165.377,12.002,19.798,1.0
157.9333,128.293145,38.178271,1634.2242144,164.916,11.704,19.917,1.0
157.95,128.293163,38.178312,1635.7844856000002,164.33,11.411,20.048,1.0
157.9666,128.293181,38.178353,1637.3182392,163.638,11.122,20.183,1.0
157.9833,128.293199,38.178394,1638.8248656,162.86,10.833,20.316,1.0
158.0,128.293217,38.178435,1640.3071080000002,162.02,10.544,20.445,1.0
158.0166,128.293235,38.178476,1641.7652712,161.144,10.256,20.572,1.0
158.0333,128.293253,38.178517,1643.1999648,160.293,9.967,20.699,1.0
158.05,128.293272,38.178558,1644.6121032,159.476,9.679,20.829,1.0
158.0666,128.29329,38.1786,1646.0019912000002,158.693,9.393,20.964,1.0
158.0833,128.293309,38.178641,1647.3678,157.937,9.11,21.107,1.0
158.1,128.293327,38.178682,1648.710444,157.198,8.83,21.258,1.0
158.1166,128.293346,38.178724,1650.0296184000001,156.467,8.554,21.414,1.0
158.1333,128.293365,38.178765,1651.3283712,155.791,8.279,21.57,1.0
158.15,128.293384,38.178806,1652.6060928,155.165,8.005,21.725,1.0
158.1666,128.293403,38.178848,1653.8618688,154.579,7.733,21.883,1.0
158.1833,128.293422,38.178889,1655.0947848,154.024,7.464,22.044,1.0
158.2,128.293442,38.17893,1656.3057552,153.493,7.2,22.212,1.0
158.2166,128.293461,38.178972,1657.4941704,152.974,6.939,22.383,1.0
158.2333,128.293481,38.179013,1658.6630784000001,152.491,6.68,22.555,1.0
158.25,128.2935,38.179054,1659.8103456000001,152.037,6.423,22.727,1.0
158.2666,128.29352,38.179096,1660.9353624,151.605,6.168,22.9,1.0
158.2833,128.29354,38.179137,1662.0387384,151.19,5.915,23.075,1.0
158.3,128.29356,38.179179,1663.1198640000002,150.788,5.665,23.253,1.0
158.3166,128.29358,38.17922,1664.1793488,150.393,5.418,23.433,1.0
158.3333,128.293601,38.179261,1665.218412,150.017,5.173,23.614,1.0
158.35,128.293621,38.179303,1666.2358344000002,149.656,4.929,23.794,1.0
158.3666,128.293642,38.179344,1667.2313112,149.306,4.687,23.976,1.0
158.3833,128.293663,38.179386,1668.2051472,148.966,4.446,24.159,1.0
158.4,128.293683,38.179427,1669.1573424,148.633,4.207,24.343,1.0
158.4166,128.293704,38.179468,1670.0878968000002,148.303,3.97,24.529,1.0
158.4333,128.293725,38.17951,1670.9986392000003,147.99,3.734,24.715,1.0
158.45,128.293747,38.179551,1671.887436,147.69,3.499,24.9,1.0
158.4666,128.293768,38.179592,1672.7548968,147.402,3.266,25.086,1.0
158.4833,128.29379,38.179634,1673.6010216000002,147.123,3.033,25.274,1.0
158.5,128.293811,38.179675,1674.4258104,146.85,2.803,25.462,1.0
158.5166,128.293833,38.179716,1675.2292631999999,146.581,2.574,25.652,1.0
158.5333,128.293855,38.179758,1676.0119896,146.321,2.346,25.841,1.0
158.55,128.293877,38.179799,1676.7730752000002,146.066,2.118,26.031,1.0
158.5666,128.293899,38.17984,1677.5131296000002,145.817,1.892,26.222,1.0
158.5833,128.293921,38.179881,1678.2318480000001,145.571,1.667,26.413,1.0
158.6,128.293944,38.179922,1678.9292304,145.329,1.443,26.604,1.0
158.6166,128.293967,38.179963,1679.6055816,145.088,1.22,26.796,1.0
158.6333,128.293989,38.180005,1680.2612064,144.853,0.998,26.989,1.0
158.65,128.294012,38.180046,1680.8954952,144.622,0.776,27.182,1.0
158.6666,128.294035,38.180087,1681.5090576,144.395,0.555,27.375,1.0
158.6833,128.294058,38.180128,1682.101284,144.17,0.335,27.569,1.0
158.7,128.294082,38.180169,1682.6724792,143.948,0.116,27.763,1.0
158.7166,128.294105,38.18021,1683.222948,143.728,-0.102,27.958,1.0
158.7333,128.294129,38.180251,1683.7523856000003,143.511,-0.319,28.153,1.0
158.75,128.294153,38.180291,1684.2610968000001,143.298,-0.537,28.349,1.0
158.7666,128.294176,38.180332,1684.7487767999999,143.088,-0.753,28.544,1.0
158.7833,128.294201,38.180373,1685.2157304,142.879,-0.969,28.741,1.0
158.8,128.294225,38.180414,1685.6616528000002,142.673,-1.184,28.938,1.0
158.8166,128.294249,38.180455,1686.0871536000002,142.468,-1.399,29.135,1.0
158.8333,128.294274,38.180495,1686.4916232000003,142.265,-1.612,29.333,1.0
158.85,128.294298,38.180536,1686.8756712,142.064,-1.826,29.531,1.0
158.8666,128.294323,38.180576,1687.2386880000001,141.865,-2.038,29.729,1.0
158.8833,128.294348,38.180617,1687.5812832000001,141.668,-2.251,29.928,1.0
158.9,128.294373,38.180657,1687.9034568000002,141.471,-2.462,30.127,1.0
158.9166,128.294398,38.180698,1688.2045992,141.276,-2.673,30.327,1.0
158.9333,128.294424,38.180738,1688.4862344,141.089,-2.884,30.527,1.0
158.95,128.294449,38.180779,1688.747448,140.909,-3.095,30.727,1.0
158.9666,128.294475,38.180819,1688.9882400000001,140.736,-3.305,30.927,1.0
158.9833,128.294501,38.180859,1689.2086104000002,140.568,-3.515,31.127,1.0
159.0,128.294527,38.180899,1689.4085592000001,140.404,-3.723,31.328,1.0
159.0166,128.294553,38.180939,1689.5880864,140.243,-3.931,31.53,1.0
159.0333,128.294579,38.180979,1689.7474968000001,140.082,-4.139,31.732,1.0
159.05,128.294605,38.181019,1689.8861808000001,139.921,-4.346,31.934,1.0
159.0666,128.294632,38.181059,1690.0050528000002,139.76,-4.552,32.137,1.0
159.0833,128.294659,38.181099,1690.1035032,139.598,-4.758,32.34,1.0
159.1,128.294685,38.181139,1690.181532,139.437,-4.964,32.543,1.0
159.1166,128.294712,38.181179,1690.2397488000001,139.276,-5.17,32.746,1.0
159.1333,128.294739,38.181219,1690.2772392000002,139.112,-5.375,32.95,1.0
159.15,128.294767,38.181258,1690.2946128,138.946,-5.58,33.155,1.0
159.1666,128.294794,38.181298,1690.2918696000002,138.778,-5.784,33.36,1.0
159.1833,128.294822,38.181337,1690.2693144,138.608,-5.988,33.565,1.0
159.2,128.29485,38.181377,1690.2266424000002,138.438,-6.191,33.771,1.0
159.2166,128.294877,38.181416,1690.1638536,138.267,-6.395,33.977,1.0
159.2333,128.294905,38.181455,1690.0806432000002,138.092,-6.598,34.183,1.0
159.25,128.294934,38.181494,1689.9776208,137.913,-6.8,34.391,1.0
159.2666,128.294962,38.181533,1689.8544816,137.731,-7.001,34.599,1.0
159.2833,128.29499,38.181573,1689.7118352,137.546,-7.203,34.808,1.0
159.3,128.295019,38.181611,1689.5490720000003,137.36,-7.404,35.017,1.0
159.3166,128.295048,38.18165,1689.3668016000001,137.172,-7.605,35.226,1.0
159.3333,128.295077,38.181689,1689.1668528000002,137.044,-7.811,35.43,1.0
159.35,128.295106,38.181728,1688.9495304,136.972,-8.024,35.627,1.0
159.3666,128.295135,38.181767,1688.7142248,136.951,-8.237,35.823,1.0
159.3833,128.295164,38.181805,1688.459412,136.976,-8.449,36.021,1.0
159.4,128.295194,38.181844,1688.1860064,137.035,-8.658,36.221,1.0
159.4166,128.295223,38.181882,1687.8933984,137.116,-8.864,36.423,1.0
159.4333,128.295253,38.181921,1687.5815880000002,137.208,-9.068,36.625,1.0
159.45,128.295283,38.181959,1687.2505752000002,137.302,-9.273,36.825,1.0
159.4666,128.295313,38.181997,1686.9000552,137.397,-9.478,37.024,1.0
159.4833,128.295343,38.182035,1686.5303328,137.492,-9.683,37.221,1.0
159.5,128.295373,38.182073,1686.1411032,137.587,-9.89,37.417,1.0
159.5166,128.295404,38.182111,1685.7323664000003,137.684,-10.098,37.612,1.0
159.5333,128.295434,38.182149,1685.3035128000001,137.774,-10.306,37.807,1.0
159.55,128.295465,38.182187,1684.855152,137.858,-10.514,38.003,1.0
159.5666,128.295496,38.182224,1684.3869792,137.938,-10.722,38.197,1.0
159.5833,128.295527,38.182262,1683.8992992,138.013,-10.932,38.391,1.0
159.6,128.295558,38.182299,1683.392112,138.086,-11.143,38.584,1.0
159.6166,128.295589,38.182337,1682.8651128000001,138.159,-11.355,38.777,1.0
159.6333,128.295621,38.182374,1682.3179968000002,138.223,-11.567,38.969,1.0
159.65,128.295652,38.182411,1681.7510688,138.282,-11.779,39.162,1.0
159.6666,128.295684,38.182449,1681.1643288000002,138.335,-11.992,39.354,1.0
159.6833,128.295716,38.182486,1680.5577768,138.385,-12.206,39.546,1.0
159.7,128.295748,38.182522,1679.9317176000002,138.433,-12.421,39.738,1.0
159.7166,128.29578,38.182559,1679.2858464,138.48,-12.636,39.929,1.0
159.7333,128.295812,38.182596,1678.6195536000002,138.521,-12.852,40.12,1.0
159.75,128.295844,38.182633,1677.9334488000002,138.557,-13.068,40.312,1.0
159.7666,128.295876,38.182669,1677.227532,138.591,-13.285,40.503,1.0
159.7833,128.295909,38.182706,1676.5021080000001,138.621,-13.502,40.694,1.0
159.8,128.295942,38.182742,1675.7565672,138.65,-13.72,40.885,1.0
159.8166,128.295974,38.182778,1674.9912144,138.678,-13.938,41.075,1.0
159.8333,128.296007,38.182814,1674.2057448000003,138.702,-14.157,41.266,1.0
159.85,128.29604,38.18285,1673.4004631999999,138.723,-14.376,41.457,1.0
159.8666,128.296073,38.182886,1672.5753696000002,138.742,-14.595,41.648,1.0
159.8833,128.296107,38.182922,1671.7304640000002,138.76,-14.815,41.839,1.0
159.9,128.29614,38.182958,1670.8657464,138.776,-15.035,42.029,1.0
159.9166,128.296174,38.182993,1669.9812168,138.792,-15.256,42.22,1.0
159.9333,128.296207,38.183029,1669.0768752000001,138.806,-15.477,42.411,1.0
159.95,128.296241,38.183064,1668.1524168,138.819,-15.698,42.602,1.0
159.9666,128.296275,38.183099,1667.2081464,138.83,-15.919,42.793,1.0
159.9833,128.296309,38.183134,1666.2443687999998,138.841,-16.141,42.984,1.0
160.0,128.296343,38.18317,1665.2604744000002,138.851,-16.363,43.175,1.0
160.0166,128.296377,38.183204,1664.2570728,138.861,-16.585,43.366,1.0
160.0333,128.296411,38.183239,1663.2335544,138.87,-16.808,43.558,1.0
160.05,128.296446,38.183274,1662.1902240000002,138.88,-17.03,43.749,1.0
160.0666,128.29648,38.183309,1661.1273864000002,138.889,-17.253,43.941,1.0
160.0833,128.296515,38.183343,1660.0447368000002,138.898,-17.476,44.132,1.0
160.1,128.296549,38.183377,1658.9419704000002,138.906,-17.7,44.324,1.0
160.1166,128.296584,38.183412,1657.8196968000002,138.915,-17.923,44.516,1.0
160.1333,128.296619,38.183446,1656.6776112,138.922,-18.147,44.708,1.0
160.15,128.296654,38.18348,1655.5157136,138.927,-18.371,44.9,1.0
160.1666,128.296689,38.183514,1654.334004,138.931,-18.594,45.093,1.0
160.1833,128.296725,38.183547,1653.1324823999998,138.934,-18.818,45.286,1.0
160.2,128.29676,38.183581,1651.9114536000002,138.936,-19.043,45.479,1.0
160.2166,128.296795,38.183615,1650.6706128,138.938,-19.267,45.672,1.0
160.2333,128.296831,38.183648,1649.4096551999999,138.935,-19.492,45.865,1.0
160.25,128.296866,38.183681,1648.1288856,138.929,-19.716,46.059,1.0
160.2666,128.296902,38.183714,1646.8286088,138.919,-19.94,46.254,1.0
160.2833,128.296938,38.183747,1645.5085199999999,138.907,-20.165,46.449,1.0
160.3,128.296974,38.18378,1644.1686192,138.893,-20.39,46.643,1.0
160.3166,128.29701,38.183813,1642.8092112,138.877,-20.615,46.838,1.0
160.3333,128.297046,38.183846,1641.4296864,138.855,-20.84,47.034,1.0
160.35,128.297082,38.183878,1640.0303496,138.826,-21.064,47.231,1.0
160.3666,128.297118,38.183911,1638.6115056,138.793,-21.289,47.428,1.0
160.3833,128.297155,38.183943,1637.1728496,138.755,-21.513,47.625,1.0
160.4,128.297191,38.183975,1635.7146864000001,138.713,-21.738,47.823,1.0
160.4166,128.297228,38.184007,1634.2367112,138.67,-21.963,48.021,1.0
160.4333,128.297264,38.184039,1632.7386192000001,138.616,-22.188,48.22,1.0
160.45,128.297301,38.184071,1631.22102,138.555,-22.412,48.421,1.0
160.4666,128.297338,38.184102,1629.6839136,138.486,-22.635,48.622,1.0
160.4833,128.297375,38.184134,1628.1269952,138.412,-22.859,48.823,1.0
160.5,128.297412,38.184165,1626.5505696000002,138.333,-23.083,49.025,1.0
160.5166,128.297449,38.184196,1624.9549416,138.25,-23.307,49.228,1.0
160.5333,128.297486,38.184227,1623.338892,138.156,-23.531,49.431,1.0
160.55,128.297523,38.184258,1621.7036400000002,138.052,-23.753,49.637,1.0
160.5666,128.29756,38.184289,1620.0485760000001,137.939,-23.975,49.844,1.0
160.5833,128.297598,38.184319,1618.3743096000003,137.818,-24.197,50.051,1.0
160.6,128.297635,38.18435,1616.6808408,137.692,-24.419,50.258,1.0
160.6166,128.297673,38.18438,1614.9678648000001,137.562,-24.641,50.467,1.0
160.6333,128.29771,38.18441,1613.2350768,137.419,-24.862,50.677,1.0
160.65,128.297748,38.184441,1611.4827816,137.265,-25.082,50.889,1.0
160.6666,128.297786,38.18447,1609.7115888,137.1,-25.301,51.102,1.0
160.6833,128.297824,38.1845,1607.9208888,136.928,-25.519,51.317,1.0
160.7,128.297862,38.18453,1606.1112912,136.749,-25.738,51.532,1.0
160.7166,128.2979,38.184559,1604.2827960000002,136.565,-25.956,51.748,1.0
160.7333,128.297938,38.184589,1602.4344888,136.369,-26.173,51.966,1.0
160.75,128.297976,38.184618,1600.567284,136.159,-26.389,52.186,1.0
160.7666,128.298014,38.184647,1598.6811816,135.94,-26.603,52.408,1.0
160.7833,128.298052,38.184676,1596.7761816,135.713,-26.817,52.631,1.0
160.8,128.298091,38.184704,1594.8525888000001,135.478,-27.031,52.855,1.0
160.8166,128.298129,38.184733,1592.9104032,135.239,-27.244,53.08,1.0
160.8333,128.298167,38.184761,1590.9487104000002,134.986,-27.455,53.308,1.0
160.85,128.298206,38.184789,1588.9687296000002,134.722,-27.665,53.538,1.0
160.8666,128.298245,38.184818,1586.9704608,134.447,-27.873,53.77,1.0
160.8833,128.298283,38.184845,1584.9532944,134.164,-28.081,54.003,1.0
160.9,128.298322,38.184873,1582.9184496,133.874,-28.288,54.238,1.0
160.9166,128.298361,38.184901,1580.865012,133.579,-28.494,54.474,1.0
160.9333,128.2984,38.184928,1578.7929816,133.272,-28.698,54.712,1.0
160.95,128.298439,38.184956,1576.702968,132.953,-28.9,54.953,1.0
160.9666,128.298478,38.184983,1574.595276,132.625,-29.101,55.196,1.0
160.9833,128.298517,38.18501,1572.4696008,132.29,-29.301,55.441,1.0
161.0,128.298556,38.185036,1570.3259424000003,131.947,-29.499,55.688,1.0
161.0166,128.298595,38.185063,1568.1652152000001,131.6,-29.696,55.936,1.0
161.0333,128.298634,38.185089,1565.9862,131.241,-29.892,56.186,1.0
161.05,128.298673,38.185116,1563.7898112,130.872,-30.085,56.44,1.0
161.0666,128.298713,38.185142,1561.5760488,130.495,-30.276,56.695,1.0
161.0833,128.298752,38.185168,1559.3452176000003,130.11,-30.465,56.953,1.0
161.1,128.298792,38.185194,1557.0973176000002,129.718,-30.654,57.212,1.0
161.1166,128.298831,38.185219,1554.8323488,129.322,-30.84,57.473,1.0
161.1333,128.298871,38.185245,1552.5503112000001,128.915,-31.025,57.736,1.0
161.15,128.298911,38.18527,1550.2518144,128.498,-31.207,58.003,1.0
161.1666,128.29895,38.185295,1547.9365536,128.073,-31.387,58.271,1.0
161.1833,128.29899,38.18532,1545.6048336,127.642,-31.565,58.542,1.0
161.2,128.29903,38.185344,1543.2566544000001,127.204,-31.742,58.814,1.0
161.2166,128.29907,38.185369,1540.8923208,126.761,-31.916,59.089,1.0
161.2333,128.29911,38.185393,1538.5118328,126.308,-32.088,59.366,1.0
161.25,128.29915,38.185418,1536.1154952,125.845,-32.258,59.646,1.0
161.2666,128.29919,38.185442,1533.7030032,125.375,-32.425,59.928,1.0
161.2833,128.299231,38.185465,1531.2752712,124.897,-32.59,60.213,1.0
161.3,128.299271,38.185489,1528.8319944,124.414,-32.752,60.499,1.0
161.3166,128.299311,38.185512,1526.3731728,123.926,-32.913,60.787,1.0
161.3333,128.299351,38.185536,1523.8991112,123.427,-33.071,61.078,1.0
161.35,128.299392,38.185559,1521.4098096000002,122.92,-33.226,61.372,1.0
161.3666,128.299432,38.185582,1518.9058776000002,122.404,-33.377,61.669,1.0
161.3833,128.299473,38.185604,1516.3870104,121.881,-33.527,61.967,1.0
161.4,128.299514,38.185627,1513.8538176000002,121.352,-33.674,62.267,1.0
161.4166,128.299554,38.185649,1511.3059944000001,120.818,-33.819,62.57,1.0
161.4333,128.299595,38.185671,1508.7420168,120.149,-33.938,62.857,1.0
161.45,128.299636,38.185693,1506.1637136000002,119.367,-34.019,63.102,1.0
161.4666,128.299677,38.185715,1503.5710847999999,118.486,-34.057,63.276,1.0
161.4833,128.299718,38.185737,1500.9653496,117.521,-34.051,63.349,1.0
161.5,128.299759,38.185758,1498.346508,116.49,-33.992,63.296,1.0
161.5166,128.2998,38.185779,1495.7154744000002,115.396,-33.888,63.127,1.0
161.5333,128.299841,38.1858,1493.0722488000001,114.231,-33.752,62.877,1.0
161.55,128.299882,38.185821,1490.4180504,112.979,-33.598,62.578,1.0
161.5666,128.299923,38.185841,1487.7534888,111.627,-33.441,62.263,1.0
161.5833,128.299965,38.185862,1485.0803928,110.159,-33.292,61.961,1.0
161.6,128.300006,38.185882,1482.3984576,108.562,-33.164,61.704,1.0
161.6166,128.300048,38.185902,1479.7089024000002,106.825,-33.064,61.52,1.0
161.6333,128.300089,38.185922,1477.0123368000002,104.959,-32.989,61.401,1.0
161.65,128.300131,38.185942,1474.3090656,102.986,-32.929,61.32,1.0
161.6666,128.300173,38.185962,1471.5996983999999,100.93,-32.877,61.251,1.0
161.6833,128.300215,38.185981,1468.8848448,98.809,-32.829,61.176,1.0
161.7,128.300256,38.186001,1466.1648096000001,96.632,-32.781,61.094,1.0
161.7166,128.300298,38.18602,1463.440812,94.4,-32.736,61.01,1.0
161.7333,128.30034,38.186039,1460.712852,92.115,-32.694,60.93,1.0
161.75,128.300383,38.186058,1457.9815392000003,89.779,-32.656,60.857,1.0
161.7666,128.300425,38.186077,1455.2471784000002,87.396,-32.621,60.791,1.0
161.7833,128.300467,38.186096,1452.5109888000002,84.971,-32.59,60.731,1.0
161.8,128.300509,38.186115,1449.7723608,82.509,-32.563,60.675,1.0
161.8166,128.300552,38.186133,1447.0325136000001,80.017,-32.538,60.623,1.0
161.8333,128.300594,38.186152,1444.291752,77.482,-32.511,60.602,1.0
161.85,128.300637,38.18617,1441.5503808,74.911,-32.48,60.613,1.0
161.8666,128.300679,38.186189,1438.8087048000002,72.312,-32.447,60.638,1.0
161.8833,128.300722,38.186207,1436.0673336,69.696,-32.415,60.666,1.0
161.9,128.300765,38.186225,1433.3262672,67.07,-32.384,60.691,1.0
161.9166,128.300808,38.186244,1430.5864199999999,64.439,-32.354,60.711,1.0
161.9333,128.300851,38.186262,1427.8474872,61.807,-32.315,60.754,1.0
161.95,128.300894,38.18628,1425.1106880000002,59.165,-32.254,60.845,1.0
161.9666,128.300937,38.186298,1422.3766320000002,56.506,-32.16,60.994,1.0
161.9833,128.30098,38.186316,1419.6453192000001,53.845,-32.041,61.178,1.0
162.0,128.301024,38.186334,1416.9173592000002,51.195,-31.912,61.367,1.0
162.0166,128.301067,38.186351,1414.1933616000001,48.57,-31.781,61.543,1.0
162.0333,128.301111,38.186369,1411.4730216,46.131,-31.644,61.737,1.0
162.05,128.301154,38.186387,1408.756644,43.857,-31.481,61.969,1.0
162.0666,128.301198,38.186405,1406.0442288000002,41.715,-31.268,62.238,1.0
162.0833,128.301242,38.186422,1403.3348616,39.684,-31.015,62.515,1.0
162.1,128.301286,38.18644,1400.6322,37.735,-30.74,62.777,1.0
162.1166,128.30133,38.186457,1397.9371584000003,35.835,-30.463,63.01,1.0
162.1333,128.301374,38.186475,1395.247908,34.126,-30.179,63.252,1.0
162.15,128.301418,38.186492,1392.5662776000001,32.575,-29.867,63.519,1.0
162.1666,128.301463,38.18651,1389.8907432,31.149,-29.52,63.802,1.0
162.1833,128.301507,38.186527,1387.221,29.832,-29.148,64.074,1.0
162.2,128.301552,38.186545,1384.5613152,28.597,-28.771,64.319,1.0
162.2166,128.301597,38.186562,1381.9119936000002,27.408,-28.402,64.533,1.0
162.2333,128.301641,38.186579,1379.2712064,26.348,-28.027,64.747,1.0
162.25,128.301686,38.186597,1376.6401728,25.385,-27.629,64.976,1.0
162.2666,128.301731,38.186614,1374.0179784000002,24.5,-27.214,65.206,1.0
162.2833,128.301777,38.186631,1371.4073664000002,23.682,-26.797,65.422,1.0
162.3,128.301822,38.186648,1368.8092512,22.916,-26.388,65.615,1.0
162.3166,128.301868,38.186665,1366.2239376,22.18,-25.993,65.787,1.0
162.3333,128.301913,38.186683,1363.6495968000002,21.518,-25.614,65.946,1.0
162.35,128.301959,38.1867,1361.0868384,20.914,-25.249,66.1,1.0
162.3666,128.302005,38.186717,1358.5377960000003,20.353,-24.893,66.246,1.0
162.3833,128.302051,38.186734,1356.0030792,19.827,-24.543,66.381,1.0
162.4,128.302097,38.186751,1353.4826880000003,19.327,-24.199,66.505,1.0
162.4166,128.302144,38.186768,1350.9781464,18.841,-23.86,66.619,1.0
162.4333,128.30219,38.186785,1348.4864064,18.55,-23.566,66.754,1.0
162.45,128.302237,38.186802,1346.0068584000003,18.442,-23.341,66.902,1.0
162.4666,128.302284,38.186819,1343.5376736,18.552,-23.203,67.032,1.0
162.4833,128.30233,38.186836,1341.0782424000001,18.901,-23.139,67.125,1.0
162.5,128.302377,38.186853,1338.6270408,19.484,-23.12,67.187,1.0
162.5166,128.302424,38.18687,1336.1840688,20.27,-23.12,67.23,1.0
162.5333,128.302471,38.186887,1333.7481072,21.227,-23.116,67.273,1.0
162.55,128.302519,38.186904,1331.3185464,22.328,-23.087,67.333,1.0
162.5666,128.302566,38.186921,1328.8953864,23.558,-23.012,67.42,1.0
162.5833,128.302613,38.186938,1326.4764936000001,24.915,-22.905,67.529,1.0
162.6,128.302661,38.186955,1324.0621728,26.399,-22.789,67.646,1.0
162.6166,128.302709,38.186972,1321.6530335999998,28.008,-22.679,67.762,1.0
162.6333,128.302756,38.186989,1319.2518192,29.595,-22.55,67.884,1.0
162.65,128.302804,38.187006,1316.8591392000003,31.128,-22.38,68.022,1.0
162.6666,128.302852,38.187023,1314.4749936,32.604,-22.187,68.18,1.0
162.6833,128.3029,38.187039,1312.1006016000001,34.026,-21.996,68.351,1.0
162.7,128.302948,38.187056,1309.736268,35.41,-21.819,68.528,1.0
162.7166,128.302996,38.187073,1307.3829072,36.775,-21.661,68.709,1.0
162.7333,128.303045,38.187089,1305.0408240000002,37.952,-21.487,68.892,1.0
162.75,128.303093,38.187106,1302.7115424,38.959,-21.276,69.092,1.0
162.7666,128.303142,38.187122,1300.3962816,39.822,-21.035,69.321,1.0
162.7833,128.303191,38.187139,1298.0950416,40.575,-20.791,69.572,1.0
162.8,128.30324,38.187155,1295.8062984,41.253,-20.56,69.835,1.0
162.8166,128.303289,38.187171,1293.5291376,41.897,-20.348,70.099,1.0
162.8333,128.303338,38.187187,1291.2626448,42.556,-20.143,70.353,1.0
162.85,128.303388,38.187203,1289.0080392000002,43.246,-19.939,70.595,1.0
162.8666,128.303437,38.187219,1286.7656256,43.955,-19.736,70.831,1.0
162.8833,128.303487,38.187235,1284.535404,44.664,-19.537,71.068,1.0
162.9,128.303537,38.187251,1282.3170696000002,45.365,-19.344,71.308,1.0
162.9166,128.303587,38.187266,1280.1109272,46.056,-19.159,71.552,1.0
162.9333,128.303637,38.187282,1277.9178912000002,46.613,-18.97,71.789,1.0
162.95,128.303687,38.187297,1275.7385712,47.048,-18.777,72.016,1.0
162.9666,128.303737,38.187312,1273.5738816,47.382,-18.586,72.243,1.0
162.9833,128.303788,38.187327,1271.424432,47.633,-18.403,72.474,1.0
163.0,128.303838,38.187342,1269.2871744000001,47.828,-18.229,72.712,1.0
163.0166,128.303889,38.187357,1267.1633279999999,47.995,-18.061,72.955,1.0
163.0333,128.30394,38.187372,1265.0538072000002,48.132,-17.893,73.196,1.0
163.05,128.303991,38.187386,1262.957088,48.253,-17.722,73.434,1.0
163.0666,128.304042,38.1874,1260.8737800000001,48.364,-17.548,73.67,1.0
163.0833,128.304094,38.187415,1258.8041880000003,48.463,-17.376,73.904,1.0
163.1,128.304145,38.187429,1256.7473976,48.55,-17.206,74.14,1.0
163.1166,128.304197,38.187443,1254.7040184000002,48.628,-17.039,74.377,1.0
163.1333,128.304249,38.187457,1252.6758792,48.662,-16.871,74.611,1.0
163.15,128.304301,38.18747,1250.6620656,48.659,-16.7,74.842,1.0
163.1666,128.304353,38.187484,1248.6616632,48.627,-16.53,75.072,1.0
163.1833,128.304405,38.187497,1246.6752816,48.571,-16.361,75.302,1.0
163.2,128.304457,38.187511,1244.702616,48.499,-16.194,75.533,1.0
163.2166,128.304509,38.187524,1242.7436664,48.419,-16.028,75.765,1.0
163.2333,128.304562,38.187537,1240.8002616,48.279,-15.859,75.993,1.0
163.25,128.304615,38.187549,1238.8727064000002,48.085,-15.685,76.217,1.0
163.2666,128.304667,38.187562,1236.9597816,47.847,-15.51,76.439,1.0
163.2833,128.30472,38.187575,1235.0614872,47.575,-15.337,76.661,1.0
163.3,128.304773,38.187587,1233.178128,47.279,-15.165,76.884,1.0
163.3166,128.304827,38.187599,1231.3093992,46.969,-14.993,77.107,1.0
163.3333,128.30488,38.187611,1229.4571296000001,46.611,-14.818,77.327,1.0
163.35,128.304933,38.187623,1227.621624,46.212,-14.638,77.542,1.0
163.3666,128.304987,38.187635,1225.8010536000002,45.782,-14.456,77.754,1.0
163.3833,128.305041,38.187646,1223.9963328000001,45.324,-14.273,77.965,1.0
163.4,128.305094,38.187658,1222.2074616000002,44.848,-14.091,78.175,1.0
163.4166,128.305148,38.187669,1220.4341352000001,44.36,-13.907,78.385,1.0
163.4333,128.305202,38.18768,1218.6778776,43.855,-13.721,78.592,1.0
163.45,128.305256,38.187691,1216.9377744,43.339,-13.532,78.795,1.0
163.4666,128.305311,38.187702,1215.2138256,42.814,-13.341,78.995,1.0
163.4833,128.305365,38.187713,1213.5063360000001,42.281,-13.148,79.192,1.0
163.5,128.305419,38.187723,1211.8156104000002,41.742,-12.953,79.386,1.0
163.5166,128.305474,38.187734,1210.1416488,41.197,-12.756,79.578,1.0
163.5333,128.305529,38.187744,1208.4865848000002,40.628,-12.557,79.765,1.0
163.55,128.305583,38.187754,1206.8482848,40.037,-12.354,79.948,1.0
163.5666,128.305638,38.187764,1205.227968,39.428,-12.149,80.128,1.0
163.5833,128.305693,38.187774,1203.6253296,38.803,-11.943,80.305,1.0
163.6,128.305748,38.187784,1202.0403696,38.168,-11.735,80.48,1.0
163.6166,128.305803,38.187793,1200.4733928,37.526,-11.525,80.653,1.0
163.6333,128.305859,38.187803,1198.9225704,36.95,-11.316,80.827,1.0
163.65,128.305914,38.187812,1197.3882072000001,36.44,-11.108,81.002,1.0
163.6666,128.30597,38.187822,1195.8693888,35.983,-10.899,81.174,1.0
163.6833,128.306025,38.187831,1194.3685536,35.569,-10.686,81.339,1.0
163.7,128.306081,38.18784,1192.8853968,35.183,-10.469,81.498,1.0
163.7166,128.306137,38.187849,1191.420528,34.808,-10.25,81.652,1.0
163.7333,128.306192,38.187857,1189.9751664,34.327,-10.026,81.795,1.0
163.75,128.306248,38.187866,1188.5502264000002,33.739,-9.796,81.929,1.0
163.7666,128.306304,38.187874,1187.147232,33.06,-9.566,82.061,1.0
163.7833,128.30636,38.187883,1185.7655736,32.309,-9.337,82.194,1.0
163.8,128.306417,38.187891,1184.4031176,31.511,-9.11,82.331,1.0
163.8166,128.306473,38.187899,1183.0607784000001,30.69,-8.882,82.467,1.0
163.8333,128.306529,38.187907,1181.737032,29.922,-8.654,82.604,1.0
163.85,128.306586,38.187915,1180.4318784,29.212,-8.424,82.741,1.0
163.8666,128.306642,38.187923,1179.1440984,28.552,-8.191,82.872,1.0
163.8833,128.306699,38.187931,1177.8770448,27.93,-7.953,82.996,1.0
163.9,128.306755,38.187938,1176.6294984,27.33,-7.712,83.112,1.0
163.9166,128.306812,38.187946,1175.4023736,26.737,-7.469,83.222,1.0
163.9333,128.306869,38.187953,1174.1959752,26.14,-7.225,83.329,1.0
163.95,128.306926,38.18796,1173.0099984,25.537,-6.981,83.433,1.0
163.9666,128.306983,38.187968,1171.8447480000002,24.926,-6.737,83.534,1.0
163.9833,128.30704,38.187975,1170.7002240000002,24.311,-6.491,83.633,1.0
164.0,128.307097,38.187982,1169.5764264000002,23.693,-6.244,83.729,1.0
164.0166,128.307154,38.187989,1168.4733552,23.074,-5.995,83.821,1.0
164.0333,128.307211,38.187995,1167.3891816,22.475,-5.746,83.911,1.0
164.05,128.307268,38.188002,1166.3257344,21.896,-5.497,84.001,1.0
164.0666,128.307326,38.188009,1165.2833184,21.333,-5.246,84.087,1.0
164.0833,128.307383,38.188016,1164.261324,20.782,-4.994,84.169,1.0
164.1,128.307441,38.188022,1163.2609704000001,20.24,-4.741,84.246,1.0
164.1166,128.307498,38.188029,1162.2816480000001,19.7,-4.487,84.32,1.0
164.1333,128.307556,38.188035,1161.3209184000002,19.181,-4.233,84.392,1.0
164.15,128.307613,38.188041,1160.3821344,18.678,-3.98,84.463,1.0
164.1666,128.307671,38.188048,1159.4640768000002,18.189,-3.726,84.532,1.0
164.1833,128.307729,38.188054,1158.5673552,17.712,-3.471,84.598,1.0
164.2,128.307786,38.18806,1157.6919696000002,17.243,-3.216,84.66,1.0
164.2166,128.307844,38.188066,1156.8379200000002,16.778,-2.96,84.718,1.0
164.2333,128.307902,38.188072,1156.004292,16.325,-2.704,84.774,1.0
164.25,128.30796,38.188078,1155.1923048,15.88,-2.448,84.829,1.0
164.2666,128.308018,38.188084,1154.4016536000001,15.443,-2.192,84.882,1.0
164.2833,128.308076,38.188089,1153.6329480000002,15.011,-1.935,84.933,1.0
164.3,128.308134,38.188095,1152.8855784,14.583,-1.678,84.98,1.0
164.3166,128.308192,38.188101,1152.1601544,14.158,-1.42,85.025,1.0
164.3333,128.30825,38.188107,1151.4554568,13.739,-1.162,85.067,1.0
164.35,128.308308,38.188112,1150.7730096,13.325,-0.905,85.109,1.0
164.3666,128.308367,38.188118,1150.1122032,12.915,-0.646,85.148,1.0
164.3833,128.308425,38.188123,1149.4733424,12.508,-0.388,85.185,1.0
164.4,128.308483,38.188129,1148.8564272,12.103,-0.129,85.22,1.0
164.4166,128.308541,38.188134,1148.2614576,11.699,0.129,85.252,1.0
164.4333,128.3086,38.188139,1147.687824,11.303,0.388,85.281,1.0
164.45,128.308658,38.188145,1147.136136,10.914,0.647,85.309,1.0
164.4666,128.308716,38.18815,1146.6066984000001,10.529,0.907,85.334,1.0
164.4833,128.308775,38.188155,1146.0992064000002,10.146,1.167,85.357,1.0
164.5,128.308833,38.18816,1145.6139648,9.764,1.427,85.378,1.0
164.5166,128.308891,38.188165,1145.1506688000002,9.382,1.687,85.396,1.0
164.5333,128.30895,38.18817,1144.7090136000002,9.006,1.947,85.413,1.0
164.55,128.309008,38.188175,1144.2893040000001,8.638,2.208,85.428,1.0
164.5666,128.309067,38.18818,1143.8921496,8.274,2.468,85.44,1.0
164.5833,128.309125,38.188185,1143.5169408,7.912,2.729,85.451,1.0
164.6,128.309184,38.18819,1143.1642872000002,7.551,2.989,85.459,1.0
164.6166,128.309242,38.188195,1142.8335792,7.191,3.25,85.466,1.0
164.6333,128.309301,38.1882,1142.5245120000002,6.838,3.511,85.47,1.0
164.65,128.30936,38.188205,1142.2376952,6.493,3.771,85.474,1.0
164.6666,128.309418,38.18821,1141.9731288,6.153,4.032,85.475,1.0
164.6833,128.309477,38.188215,1141.7308128,5.817,4.292,85.474,1.0
164.7,128.309535,38.188219,1141.5107472,5.482,4.553,85.471,1.0
164.7166,128.309594,38.188224,1141.3132368,5.148,4.813,85.467,1.0
164.7333,128.309652,38.188229,1141.1370624,4.821,5.073,85.461,1.0
164.75,128.309711,38.188234,1140.9834432,4.499,5.333,85.455,1.0
164.7666,128.30977,38.188238,1140.8520744,4.182,5.593,85.447,1.0
164.7833,128.309828,38.188243,1140.742956,3.869,5.853,85.437,1.0
164.8,128.309887,38.188248,1140.6563928,3.558,6.113,85.425,1.0
164.8166,128.309945,38.188252,1140.5917752,3.248,6.373,85.411,1.0
164.8333,128.310004,38.188257,1140.549408,2.943,6.632,85.396,1.0
164.85,128.310063,38.188261,1140.5292912,2.641,6.891,85.38,1.0
164.8666,128.310121,38.188266,1140.5314248,2.343,7.151,85.363,1.0
164.8833,128.31018,38.18827,1140.5561136000001,2.047,7.41,85.344,1.0
164.9,128.310238,38.188275,1140.6030528000001,1.752,7.669,85.323,1.0
164.9166,128.310297,38.18828,1140.6722424,1.458,7.928,85.301,1.0
164.9333,128.310355,38.188284,1140.7636824,1.166,8.186,85.278,1.0
164.95,128.310414,38.188289,1140.8773728,0.877,8.445,85.253,1.0
164.9666,128.310472,38.188293,1141.0133136,0.59,8.703,85.228,1.0
164.9833,128.310531,38.188298,1141.1718096,0.304,8.961,85.2,1.0
165.0,128.310589,38.188302,1141.352556,0.019,9.22,85.172,1.0
165.0166,128.310648,38.188307,1141.5555528,-0.265,9.478,85.141,1.0
165.0333,128.310706,38.188311,1141.7808,-0.548,9.736,85.11,1.0
165.05,128.310765,38.188316,1142.0282976,-0.829,9.993,85.077,1.0
165.0666,128.310823,38.18832,1142.2980456,-1.11,10.251,85.043,1.0
165.0833,128.310881,38.188325,1142.5903488000001,-1.389,10.508,85.008,1.0
165.1,128.31094,38.188329,1142.9049024,-1.668,10.766,84.971,1.0
165.1166,128.310998,38.188334,1143.2414016,-1.947,11.023,84.933,1.0
165.1333,128.311056,38.188338,1143.6001512,-2.225,11.28,84.893,1.0
165.15,128.311114,38.188343,1143.981456,-2.501,11.537,84.852,1.0
165.1666,128.311173,38.188347,1144.3847064000001,-2.777,11.794,84.81,1.0
165.1833,128.311231,38.188352,1144.8102072,-3.053,12.05,84.767,1.0
165.2,128.311289,38.188356,1145.2579584,-3.328,12.307,84.722,1.0
165.2166,128.311347,38.188361,1145.7276552,-3.604,12.563,84.676,1.0
165.2333,128.311405,38.188365,1146.2196024,-3.878,12.819,84.628,1.0
165.25,128.311463,38.18837,1146.7334952,-4.151,13.075,84.58,1.0
165.2666,128.311521,38.188374,1147.2696384,-4.423,13.331,84.53,1.0
165.2833,128.311579,38.188379,1147.8277272,-4.695,13.587,84.478,1.0
165.3,128.311637,38.188383,1148.4080664,-4.967,13.843,84.426,1.0
165.3166,128.311695,38.188388,1149.0103512,-5.24,14.098,84.371,1.0
165.3333,128.311753,38.188393,1149.6342768000002,-5.511,14.353,84.316,1.0
165.35,128.311811,38.188397,1150.2804528000001,-5.781,14.608,84.259,1.0
165.3666,128.311868,38.188402,1150.9485744,-6.05,14.863,84.201,1.0
165.3833,128.311926,38.188406,1151.6386416,-6.32,15.117,84.142,1.0
165.4,128.311984,38.188411,1152.3503496,-6.589,15.372,84.081,1.0
165.4166,128.312041,38.188416,1153.0840032,-6.859,15.626,84.019,1.0
165.4333,128.312099,38.18842,1153.8396024,-7.128,15.88,83.955,1.0
165.45,128.312156,38.188425,1154.6165376000001,-7.397,16.134,83.89,1.0
165.4666,128.312214,38.18843,1155.4157232,-7.664,16.387,83.824,1.0
165.4833,128.312271,38.188435,1156.2362448000001,-7.932,16.641,83.757,1.0
165.5,128.312328,38.188439,1157.0784072,-8.2,16.894,83.688,1.0
165.5166,128.312385,38.188444,1157.9425152000001,-8.469,17.147,83.617,1.0
165.5333,128.312443,38.188449,1158.8279592000001,-8.737,17.399,83.546,1.0
165.55,128.3125,38.188454,1159.735044,-9.004,17.652,83.473,1.0
165.5666,128.312557,38.188459,1160.6634648000002,-9.27,17.904,83.398,1.0
165.5833,128.312614,38.188464,1161.6135264000002,-9.537,18.156,83.322,1.0
165.6,128.312671,38.188469,1162.584924,-9.804,18.408,83.245,1.0
165.6166,128.312727,38.188474,1163.5779624,-10.072,18.659,83.166,1.0
165.6333,128.312784,38.188479,1164.592032,-10.339,18.91,83.086,1.0
165.65,128.312841,38.188484,1165.6274376000001,-10.606,19.161,83.005,1.0
165.6666,128.312898,38.188489,1166.6838744000001,-10.872,19.412,82.922,1.0
165.6833,128.312954,38.188494,1167.761952,-11.139,19.663,82.838,1.0
165.7,128.313011,38.188499,1168.8610608000001,-11.406,19.913,82.752,1.0
165.7166,128.313067,38.188504,1169.9812008000001,-11.674,20.163,82.665,1.0
165.7333,128.313123,38.188509,1171.122372,-11.941,20.412,82.577,1.0
165.75,128.31318,38.188514,1172.2845744,-12.209,20.662,82.487,1.0
165.7666,128.313236,38.18852,1173.467808,-12.476,20.911,82.396,1.0
165.7833,128.313292,38.188525,1174.671768,-12.744,21.159,82.303,1.0
165.8,128.313348,38.18853,1175.8967592000001,-13.013,21.408,82.209,1.0
165.8166,128.313404,38.188536,1177.1424768000002,-13.282,21.656,82.113,1.0
165.8333,128.31346,38.188541,1178.4089208,-13.551,21.904,82.016,1.0
165.85,128.313516,38.188546,1179.6960912,-13.82,22.151,81.917,1.0
165.8666,128.313571,38.188552,1181.003988,-14.089,22.399,81.817,1.0
165.8833,128.313627,38.188557,1182.3323064,-14.359,22.645,81.716,1.0
165.9,128.313682,38.188563,1183.6813512,-14.629,22.892,81.613,1.0
165.9166,128.313738,38.188569,1185.0508176,-14.9,23.138,81.508,1.0
165.9333,128.313793,38.188574,1186.4404008000001,-15.171,23.384,81.402,1.0
165.95,128.313848,38.18858,1187.8507104,-15.443,23.63,81.295,1.0
165.9666,128.313904,38.188586,1189.2811368,-15.715,23.875,81.186,1.0
165.9833,128.313959,38.188591,1190.7319848000002,-15.988,24.12,81.076,1.0
166.0,128.314014,38.188597,1192.2029496,-16.262,24.364,80.964,1.0
166.0166,128.314068,38.188603,1193.6937264,-16.536,24.608,80.85,1.0
166.0333,128.314123,38.188609,1195.2049248,-16.811,24.852,80.735,1.0
166.05,128.314178,38.188615,1196.7359352,-17.087,25.095,80.618,1.0
166.0666,128.314232,38.188621,1198.2870624,-17.363,25.338,80.5,1.0
166.0833,128.314287,38.188627,1199.8576968000002,-17.64,25.581,80.38,1.0
166.1,128.314341,38.188633,1201.448448,-17.918,25.823,80.258,1.0
166.1166,128.314396,38.18864,1203.0587064000001,-18.198,26.065,80.135,1.0
166.1333,128.31445,38.188646,1204.6887768000001,-18.477,26.306,80.01,1.0
166.15,128.314504,38.188652,1206.3383544,-18.758,26.547,79.883,1.0
166.1666,128.314558,38.188658,1208.0077440000002,-19.039,26.788,79.755,1.0
166.1833,128.314611,38.188665,1209.6963360000002,-19.322,27.028,79.626,1.0
166.2,128.314665,38.188671,1211.4041304,-19.605,27.268,79.494,1.0
166.2166,128.314719,38.188678,1213.1314320000001,-19.89,27.507,79.361,1.0
166.2333,128.314772,38.188684,1214.877936,-20.175,27.745,79.225,1.0
166.25,128.314826,38.188691,1216.6436424,-20.462,27.984,79.089,1.0
166.2666,128.314879,38.188698,1218.4285512000001,-20.749,28.221,78.95,1.0
166.2833,128.314932,38.188704,1220.2323576000001,-21.037,28.459,78.81,1.0
166.3,128.314985,38.188711,1222.0550616,-21.327,28.696,78.668,1.0
166.3166,128.315038,38.188718,1223.8966632000001,-21.618,28.932,78.524,1.0
166.3333,128.315091,38.188725,1225.7571624,-21.909,29.168,78.378,1.0
166.35,128.315144,38.188732,1227.6362544,-22.203,29.403,78.231,1.0
166.3666,128.315196,38.188739,1229.5339392,-22.497,29.638,78.081,1.0
166.3833,128.315249,38.188746,1231.4502168,-22.793,29.872,77.93,1.0
166.4,128.315301,38.188753,1233.3850872,-23.09,30.105,77.777,1.0
166.4166,128.315353,38.188761,1235.3382456000002,-23.389,30.338,77.622,1.0
166.4333,128.315405,38.188768,1237.309692,-23.689,30.57,77.466,1.0
166.45,128.315457,38.188775,1239.2994264000001,-23.99,30.801,77.307,1.0
166.4666,128.315509,38.188783,1241.3074488,-24.293,31.031,77.147,1.0
166.4833,128.31556,38.18879,1243.3334544,-24.597,31.261,76.985,1.0
166.5,128.315612,38.188798,1245.3774432,-24.902,31.49,76.821,1.0
166.5166,128.315663,38.188805,1247.4391104000001,-25.21,31.719,76.655,1.0
166.5333,128.315715,38.188813,1249.5187607999999,-25.518,31.946,76.487,1.0
166.55,128.315766,38.188821,1251.6160896000001,-25.828,32.173,76.317,1.0
166.5666,128.315817,38.188829,1253.7310968000002,-26.14,32.4,76.145,1.0
166.5833,128.315868,38.188836,1255.8637824,-26.453,32.625,75.971,1.0
166.6,128.315919,38.188844,1258.0135368,-26.768,32.85,75.796,1.0
166.6166,128.315969,38.188853,1260.1809696,-27.084,33.074,75.618,1.0
166.6333,128.31602,38.188861,1262.3654712,-27.402,33.297,75.438,1.0
166.65,128.31607,38.188869,1264.5673464,-27.722,33.519,75.256,1.0
166.6666,128.31612,38.188877,1266.7862903999999,-28.044,33.741,75.072,1.0
166.6833,128.31617,38.188885,1269.0219984,-28.368,33.962,74.885,1.0
166.7,128.31622,38.188894,1271.2747752,-28.693,34.181,74.697,1.0
166.7166,128.31627,38.188902,1273.544316,-29.02,34.401,74.507,1.0
166.7333,128.316319,38.188911,1275.8306208000001,-29.35,34.619,74.314,1.0
166.75,128.316369,38.18892,1278.1333848,-29.681,34.836,74.119,1.0
166.7666,128.316418,38.188928,1280.452608,-30.014,35.053,73.923,1.0
166.7833,128.316467,38.188937,1282.7882904,-30.349,35.268,73.724,1.0
166.8,128.316516,38.188946,1285.1404320000001,-30.686,35.483,73.522,1.0
166.8166,128.316565,38.188955,1287.508728,-31.026,35.697,73.319,1.0
166.8333,128.316614,38.188964,1289.8931784000001,-31.367,35.91,73.113,1.0
166.85,128.316663,38.188973,1292.2934784000001,-31.711,36.122,72.905,1.0
166.8666,128.316711,38.188982,1294.7099328,-32.057,36.333,72.694,1.0
166.8833,128.316759,38.188991,1297.141932,-32.405,36.543,72.482,1.0
166.9,128.316807,38.189001,1299.5897808000002,-32.755,36.752,72.267,1.0
166.9166,128.316855,38.18901,1302.0531744000002,-33.107,36.96,72.049,1.0
166.9333,128.316903,38.18902,1304.5321128,-33.462,37.167,71.829,1.0
166.95,128.316951,38.189029,1307.0262912,-33.819,37.373,71.607,1.0
166.9666,128.316998,38.189039,1309.5357096000002,-34.179,37.578,71.383,1.0
166.9833,128.317046,38.189049,1312.0606728,-34.541,37.782,71.156,1.0
167.0,128.317093,38.189059,1314.6002664000002,-34.905,37.985,70.926,1.0
167.0166,128.31714,38.189068,1317.1551000000002,-35.272,38.187,70.694,1.0
167.0333,128.317187,38.189078,1319.7248688,-35.642,38.388,70.46,1.0
167.05,128.317233,38.189089,1322.309268,-36.014,38.587,70.223,1.0
167.0666,128.31728,38.189099,1324.9082976,-36.389,38.786,69.984,1.0
167.0833,128.317326,38.189109,1327.5216528,-36.766,38.983,69.742,1.0
167.1,128.317372,38.189119,1330.1496384,-37.146,39.179,69.497,1.0
167.1166,128.317418,38.18913,1332.7919496,-37.528,39.374,69.25,1.0
167.1333,128.317464,38.18914,1335.4485864,-37.913,39.567,69.001,1.0
167.15,128.31751,38.189151,1338.1189392,-38.302,39.76,68.748,1.0
167.1666,128.317555,38.189162,1340.8036176000003,-38.693,39.951,68.494,1.0
167.1833,128.317601,38.189172,1343.502012,-39.087,40.14,68.236,1.0
167.2,128.317646,38.189183,1346.2141224,-39.484,40.329,67.976,1.0
167.2166,128.317691,38.189194,1348.9399488000001,-39.883,40.516,67.713,1.0
167.2333,128.317736,38.189205,1351.6791864000002,-40.286,40.702,67.448,1.0
167.25,128.317781,38.189217,1354.4318352,-40.692,40.886,67.179,1.0
167.2666,128.317825,38.189228,1357.1978952,-41.101,41.07,66.909,1.0
167.2833,128.317869,38.189239,1359.9767568,-41.513,41.251,66.635,1.0
167.3,128.317913,38.189251,1362.7690296,-41.927,41.431,66.359,1.0
167.3166,128.317957,38.189262,1365.574104,-42.345,41.61,66.079,1.0
167.3333,128.318001,38.189274,1368.39198,-42.766,41.787,65.798,1.0
167.35,128.318045,38.189285,1371.2226576,-43.191,41.963,65.513,1.0
167.3666,128.318088,38.189297,1374.065832,-43.618,42.137,65.225,1.0
167.3833,128.318132,38.189309,1376.9211983999999,-44.05,42.31,64.935,1.0
167.4,128.318175,38.189321,1379.7890616000002,-44.484,42.481,64.642,1.0
167.4166,128.318218,38.189333,1382.6691168,-44.921,42.651,64.346,1.0
167.4333,128.31826,38.189345,1385.5613640000001,-45.362,42.818,64.047,1.0
167.45,128.318303,38.189358,1388.4654984,-45.806,42.985,63.745,1.0
167.4666,128.318345,38.18937,1391.38152,-46.255,43.149,63.441,1.0
167.4833,128.318387,38.189383,1394.3094288000002,-46.706,43.312,63.133,1.0
167.5,128.318429,38.189395,1397.2486152000001,-47.161,43.473,62.823,1.0
167.5166,128.318471,38.189408,1400.1990792,-47.619,43.632,62.51,1.0
167.5333,128.318513,38.189421,1403.1611255999999,-48.082,43.789,62.194,1.0
167.55,128.318554,38.189434,1406.1344496,-48.548,43.945,61.875,1.0
167.5666,128.318595,38.189447,1409.1187464,-49.017,44.099,61.553,1.0
167.5833,128.318636,38.18946,1412.114016,-49.49,44.251,61.228,1.0
167.6,128.318677,38.189473,1415.1199536000001,-49.967,44.401,60.901,1.0
167.6166,128.318718,38.189486,1418.136864,-50.447,44.549,60.57,1.0
167.6333,128.318759,38.189499,1421.1641376,-50.931,44.695,60.237,1.0
167.65,128.318799,38.189513,1424.2017744000002,-51.419,44.839,59.9,1.0
167.6666,128.318839,38.189527,1427.2497744000002,-51.912,44.981,59.561,1.0
167.6833,128.318879,38.18954,1430.3078328000001,-52.408,45.121,59.219,1.0
167.7,128.318919,38.189554,1433.3759496,-52.907,45.258,58.874,1.0
167.7166,128.318958,38.189568,1436.45382,-53.41,45.394,58.526,1.0
167.7333,128.318997,38.189582,1439.5417488,-53.918,45.528,58.175,1.0
167.75,128.319037,38.189596,1442.6391264000001,-54.43,45.659,57.821,1.0
167.7666,128.319076,38.18961,1445.7459528000002,-54.946,45.788,57.464,1.0
167.7833,128.319114,38.189625,1448.862228,-55.467,45.915,57.105,1.0
167.8,128.319153,38.189639,1451.9876471999999,-55.991,46.039,56.742,1.0
167.8166,128.319191,38.189653,1455.1222104,-56.518,46.162,56.377,1.0
167.8333,128.319229,38.189668,1458.2656128,-57.051,46.282,56.009,1.0
167.85,128.319267,38.189683,1461.4178544000001,-57.588,46.399,55.638,1.0
167.8666,128.319305,38.189698,1464.5786304,-58.129,46.514,55.265,1.0
167.8833,128.319343,38.189713,1467.7479408000002,-58.674,46.627,54.888,1.0
167.9,128.31938,38.189728,1470.9254808,-59.223,46.737,54.509,1.0
167.9166,128.319417,38.189743,1474.1112504000002,-59.776,46.844,54.128,1.0
167.9333,128.319454,38.189758,1477.3052496,-60.333,46.949,53.743,1.0
167.95,128.319491,38.189774,1480.5071736,-60.896,47.051,53.356,1.0
167.9666,128.319528,38.189789,1483.7170224,-61.463,47.151,52.966,1.0
167.9833,128.319564,38.189805,1486.9341864,-62.035,47.248,52.573,1.0
168.0,128.3196,38.18982,1490.1589704,-62.61,47.342,52.178,1.0
168.0166,128.319636,38.189836,1493.3910696,-63.189,47.434,51.781,1.0
168.0333,128.319672,38.189852,1496.6301792,-63.773,47.522,51.381,1.0
168.05,128.319708,38.189868,1499.876604,-64.361,47.608,50.978,1.0
168.0666,128.319743,38.189884,1503.1297344000002,-64.954,47.691,50.573,1.0
168.0833,128.319778,38.189901,1506.3898752000002,-65.551,47.771,50.166,1.0
168.1,128.319813,38.189917,1509.656112,-66.151,47.848,49.757,1.0
168.1166,128.319848,38.189933,1512.9290544,-66.754,47.923,49.345,1.0
168.1333,128.319883,38.18995,1516.2083976000001,-67.36,47.994,48.931,1.0
168.15,128.319917,38.189967,1519.4935320000002,-67.967,48.063,48.515,1.0
168.1666,128.319951,38.189984,1522.7850672000002,-68.576,48.128,48.098,1.0
168.1833,128.319985,38.190001,1526.0820888,-69.187,48.191,47.678,1.0
168.2,128.320019,38.190018,1529.3849016000001,-69.8,48.25,47.256,1.0
168.2166,128.320052,38.190035,1532.6935056,-70.414,48.306,46.833,1.0
168.2333,128.320086,38.190052,1536.0069864000002,-71.019,48.361,46.408,1.0
168.25,128.320119,38.19007,1539.3256488,-71.615,48.413,45.983,1.0
168.2666,128.320152,38.190087,1542.6494928,-72.204,48.463,45.556,1.0
168.2833,128.320185,38.190105,1545.9782136000001,-72.786,48.509,45.127,1.0
168.3,128.320217,38.190123,1549.3118112,-73.364,48.552,44.697,1.0
168.3166,128.32025,38.19014,1552.6502856000002,-73.94,48.591,44.267,1.0
168.3333,128.320282,38.190158,1555.9927224,-74.497,48.629,43.836,1.0
168.35,128.320314,38.190177,1559.3397312000002,-75.039,48.666,43.405,1.0
168.3666,128.320345,38.190195,1562.6910072000003,-75.567,48.701,42.973,1.0
168.3833,128.320377,38.190213,1566.0462456,-76.084,48.732,42.541,1.0
168.4,128.320408,38.190232,1569.4057512000002,-76.593,48.76,42.108,1.0
168.4166,128.32044,38.19025,1572.7689144,-77.096,48.785,41.675,1.0
168.4333,128.320471,38.190269,1576.13604,-77.582,48.808,41.242,1.0
168.45,128.320501,38.190288,1579.5065184000002,-78.054,48.83,40.81,1.0
168.4666,128.320532,38.190306,1582.8806544000001,-78.515,48.851,40.377,1.0
168.4833,128.320562,38.190325,1586.258448,-78.965,48.87,39.945,1.0
168.5,128.320592,38.190345,1589.6395944,-79.408,48.885,39.512,1.0
168.5166,128.320622,38.190364,1593.0237888000001,-79.844,48.897,39.08,1.0
168.5333,128.320652,38.190383,1596.411336,-80.272,48.909,38.648,1.0
168.55,128.320682,38.190403,1599.8016264,-80.693,48.92,38.217,1.0
168.5666,128.320711,38.190422,1603.1949648,-81.108,48.93,37.786,1.0
168.5833,128.32074,38.190442,1606.5910464,-81.517,48.938,37.356,1.0
168.6,128.320769,38.190462,1609.990176,-81.921,48.943,36.925,1.0
168.6166,128.320798,38.190482,1613.391744,-82.321,48.947,36.494,1.0
168.6333,128.320827,38.190502,1616.7954456000002,-82.71,48.949,36.064,1.0
168.65,128.320855,38.190522,1620.2018904,-83.089,48.951,35.634,1.0
168.6666,128.320883,38.190542,1623.6107736000001,-83.46,48.952,35.205,1.0
168.6833,128.320911,38.190563,1627.0214856000002,-83.823,48.951,34.775,1.0
168.7,128.320939,38.190583,1630.434636,-84.18,48.948,34.346,1.0
168.7166,128.320966,38.190604,1633.8499199999999,-84.533,48.943,33.917,1.0
168.7333,128.320994,38.190625,1637.2670328000002,-84.891,48.934,33.489,1.0
168.75,128.321021,38.190645,1640.6862792,-85.258,48.922,33.061,1.0
168.7666,128.321048,38.190666,1644.1070496,-85.632,48.907,32.633,1.0
168.7833,128.321074,38.190687,1647.529344,-86.013,48.891,32.206,1.0
168.8,128.321101,38.190709,1650.9534672000002,-86.4,48.874,31.778,1.0
168.8166,128.321127,38.19073,1654.3788096000003,-86.792,48.857,31.351,1.0
168.8333,128.321153,38.190751,1657.8053712,-87.188,48.837,30.923,1.0
168.85,128.321179,38.190773,1661.2334568,-87.588,48.814,30.495,1.0
168.8666,128.321204,38.190795,1664.6624568,-87.991,48.789,30.067,1.0
168.8833,128.32123,38.190816,1668.092676,-88.397,48.762,29.639,1.0
168.9,128.321255,38.190838,1671.5235048000002,-88.805,48.733,29.211,1.0
168.9166,128.32128,38.19086,1674.9552480000002,-89.215,48.703,28.783,1.0
168.9333,128.321304,38.190882,1678.3885152000003,-89.758,48.652,28.388,1.0
168.95,128.321329,38.190905,1681.822392,-90.403,48.581,28.057,1.0
168.9666,128.321353,38.190927,1685.2553544,-91.132,48.501,27.823,1.0
168.9833,128.321377,38.190949,1688.6874024,-91.928,48.42,27.713,1.0
169.0,128.321401,38.190972,1692.118536,-92.767,48.345,27.757,1.0
169.0166,128.321424,38.190995,1695.5481456000002,-93.651,48.276,27.939,1.0
169.0333,128.321448,38.191017,1698.9759264000002,-94.376,48.235,28.216,1.0
169.05,128.321471,38.19104,1702.4021832,-94.945,48.222,28.551,1.0
169.0666,128.321494,38.191063,1705.8281352000001,-95.381,48.223,28.908,1.0
169.0833,128.321517,38.191086,1709.252868,-95.718,48.221,29.254,1.0
169.1,128.321539,38.191109,1712.6769912000002,-95.999,48.209,29.559,1.0
169.1166,128.321562,38.191133,1716.1002,-96.273,48.185,29.789,1.0
169.1333,128.321585,38.191156,1719.5224944000001,-96.594,48.147,29.916,1.0
169.15,128.321607,38.191179,1722.9426552,-97.001,48.095,29.913,1.0
169.1666,128.321629,38.191203,1726.3606823999999,-97.519,48.031,29.759,1.0
169.1833,128.321651,38.191226,1729.7762711999999,-98.168,47.952,29.436,1.0
169.2,128.321673,38.19125,1733.1894216,-98.942,47.856,28.95,1.0
169.2166,128.321695,38.191274,1736.6010480000002,-99.818,47.741,28.329,1.0
169.2333,128.321717,38.191297,1740.0099312000002,-100.801,47.606,27.604,1.0
169.25,128.321738,38.191321,1743.4160712,-101.862,47.449,26.809,1.0
169.2666,128.321759,38.191345,1746.8197728,-102.97,47.275,25.976,1.0
169.2833,128.321781,38.19137,1750.2204264000002,-104.095,47.089,25.139,1.0
169.3,128.321802,38.191394,1753.618032,-105.209,46.898,24.33,1.0
169.3166,128.321822,38.191418,1757.0125896,-106.285,46.707,23.579,1.0
169.3333,128.321843,38.191443,1760.4025752000002,-107.373,46.515,22.917,1.0
169.35,128.321863,38.191467,1763.7879888000002,-108.457,46.328,22.36,1.0
169.3666,128.321884,38.191492,1767.1682208000002,-109.55,46.146,21.874,1.0
169.3833,128.321903,38.191517,1770.5429664000003,-110.667,45.967,21.428,1.0
169.4,128.321923,38.191542,1773.9125304,-111.813,45.786,20.995,1.0
169.4166,128.321943,38.191567,1777.2763032,-112.985,45.602,20.567,1.0
169.4333,128.321962,38.191592,1780.6345896,-114.142,45.416,20.14,1.0
169.45,128.321982,38.191618,1783.9873896000001,-115.278,45.226,19.715,1.0
169.4666,128.322001,38.191643,1787.3347032000001,-116.388,45.031,19.295,1.0
169.4833,128.32202,38.191669,1790.6756160000002,-117.473,44.829,18.885,1.0
169.5,128.322038,38.191694,1794.010128,-118.533,44.619,18.484,1.0
169.5166,128.322057,38.19172,1797.3376296000001,-119.576,44.403,18.095,1.0
169.5333,128.322075,38.191746,1800.6581208000002,-120.704,44.18,17.75,1.0
169.55,128.322093,38.191772,1803.9700776000002,-121.908,43.958,17.462,1.0
169.5666,128.322111,38.191799,1807.2728904,-123.189,43.74,17.215,1.0
169.5833,128.322129,38.191825,1810.56534,-124.547,43.526,16.985,1.0
169.6,128.322147,38.191852,1813.8474264000001,-125.972,43.313,16.761,1.0
169.6166,128.322164,38.191878,1817.1203688,-127.45,43.098,16.538,1.0
169.6333,128.322182,38.191905,1820.3817288000002,-129.028,42.885,16.346,1.0
169.65,128.322199,38.191932,1823.6318112000001,-130.683,42.686,16.208,1.0
169.6666,128.322216,38.191959,1826.8690920000001,-132.401,42.517,16.142,1.0
169.6833,128.322232,38.191987,1830.0935712,-134.174,42.396,16.161,1.0
169.7,128.322249,38.192014,1833.3052488,-135.993,42.338,16.277,1.0
169.7166,128.322265,38.192042,1836.5044296,-137.874,42.33,16.463,1.0
169.7333,128.322282,38.192069,1839.6917232000003,-139.831,42.355,16.694,1.0
169.75,128.322298,38.192097,1842.8668248000001,-141.876,42.398,16.949,1.0
169.7666,128.322314,38.192125,1846.0297344000003,-144.017,42.441,17.208,1.0
169.7833,128.32233,38.192153,1849.1810616000002,-146.255,42.468,17.455,1.0
169.8,128.322346,38.192181,1852.3220256,-148.582,42.464,17.672,1.0
169.8166,128.322362,38.19221,1855.4520168000001,-150.99,42.412,17.847,1.0
169.8333,128.322378,38.192238,1858.5719496,-153.456,42.295,17.967,1.0
169.85,128.322393,38.192266,1861.6821288,-155.972,42.104,18.032,1.0
169.8666,128.322409,38.192295,1864.7825544,-158.524,41.857,18.057,1.0
169.8833,128.322425,38.192324,1867.8735312000001,-161.099,41.573,18.056,1.0
169.9,128.32244,38.192352,1870.9547544,-163.688,41.27,18.041,1.0
169.9166,128.322456,38.192381,1874.0265288000003,-166.279,40.968,18.023,1.0
169.9333,128.322472,38.19241,1877.0903784000002,-168.79,40.66,17.998,1.0
169.95,128.322487,38.192439,1880.146608,-171.207,40.345,17.978,1.0
169.9666,128.322503,38.192468,1883.1964368000001,-173.529,40.026,17.972,1.0
169.9833,128.322519,38.192497,1886.2362072,-175.766,39.704,17.989,1.0
170.0,128.322534,38.192526,1889.2665288000003,-177.933,39.382,18.031,1.0
170.0166,128.32255,38.192555,1892.2864872,179.947,39.061,18.095,1.0
170.0333,128.322565,38.192584,1895.2988255999999,177.94,38.722,18.168,1.0
170.05,128.322581,38.192614,1898.3026296,176.031,38.356,18.248,1.0
170.0666,128.322597,38.192643,1901.2994232000003,174.205,37.973,18.342,1.0
170.0833,128.322612,38.192673,1904.2855488,172.45,37.584,18.454,1.0
170.1,128.322628,38.192702,1907.2616160000002,170.753,37.197,18.585,1.0
170.1166,128.322644,38.192732,1910.2270152,169.098,36.818,18.734,1.0
170.1333,128.322659,38.192761,1913.1838800000003,167.547,36.424,18.895,1.0
170.15,128.322675,38.192791,1916.1319056,166.088,36.013,19.068,1.0
170.1666,128.322691,38.192821,1919.0713968000002,164.704,35.594,19.254,1.0
170.1833,128.322707,38.192851,1921.9993056,163.384,35.176,19.456,1.0
170.2,128.322723,38.192881,1924.9159368000003,162.113,34.766,19.673,1.0
170.2166,128.322739,38.192911,1927.8209856,160.876,34.367,19.902,1.0
170.2333,128.322755,38.192941,1930.7165856000001,159.744,33.957,20.14,1.0
170.25,128.322771,38.192971,1933.6018224,158.706,33.529,20.389,1.0
170.2666,128.322787,38.193001,1936.4776104000002,157.745,33.092,20.651,1.0
170.2833,128.322803,38.193032,1939.3412064,156.849,32.657,20.924,1.0
170.3,128.32282,38.193062,1942.1923056,156.001,32.231,21.208,1.0
170.3166,128.322836,38.193092,1945.0309080000002,155.186,31.817,21.498,1.0
170.3333,128.322853,38.193123,1947.859452,154.456,31.414,21.787,1.0
170.35,128.322869,38.193153,1950.677328,153.798,31.02,22.071,1.0
170.3666,128.322886,38.193184,1953.4836216,153.198,30.637,22.355,1.0
170.3833,128.322902,38.193215,1956.276504,152.648,30.263,22.641,1.0
170.4,128.322919,38.193246,1959.0562800000002,152.135,29.9,22.931,1.0
170.4166,128.322936,38.193276,1961.8220352,151.647,29.548,23.222,1.0
170.4333,128.322953,38.193307,1964.5722456,151.131,29.207,23.519,1.0
170.45,128.322971,38.193338,1967.3063016000003,150.583,28.878,23.821,1.0
170.4666,128.322988,38.193369,1970.0232888,150.002,28.558,24.123,1.0
170.4833,128.323005,38.1934,1972.725036,149.39,28.245,24.424,1.0
170.5,128.323023,38.193431,1975.4109336,148.754,27.937,24.722,1.0
170.5166,128.323041,38.193462,1978.0809816,148.101,27.636,25.018,1.0
170.5333,128.323059,38.193494,1980.7373136,147.513,27.334,25.305,1.0
170.55,128.323077,38.193525,1983.3796248,146.992,27.033,25.584,1.0
170.5666,128.323095,38.193556,1986.0088296000001,146.535,26.736,25.862,1.0
170.5833,128.323113,38.193587,1988.624928,146.135,26.444,26.141,1.0
170.6,128.323132,38.193619,1991.2254816,145.781,26.159,26.424,1.0
170.6166,128.32315,38.19365,1993.8111000000001,145.46,25.881,26.71,1.0
170.6333,128.323169,38.193682,1996.3848312000002,145.199,25.607,26.993,1.0
170.65,128.323188,38.193713,1998.9454560000001,144.987,25.336,27.273,1.0
170.6666,128.323206,38.193745,2001.490536,144.814,25.069,27.549,1.0
170.6833,128.323226,38.193776,2004.0209856000001,144.672,24.806,27.825,1.0
170.7,128.323245,38.193808,2006.5361952,144.554,24.548,28.099,1.0
170.7166,128.323264,38.19384,2009.03586,144.453,24.295,28.372,1.0
170.7333,128.323284,38.193871,2011.5208944,144.37,24.046,28.642,1.0
170.75,128.323303,38.193903,2013.9900792,144.299,23.8,28.909,1.0
170.7666,128.323323,38.193935,2016.4431096000003,144.238,23.556,29.174,1.0
170.7833,128.323343,38.193967,2018.8802904,144.184,23.315,29.436,1.0
170.8,128.323363,38.193999,2021.3013168,144.135,23.075,29.696,1.0
170.8166,128.323384,38.19403,2023.7061888,144.091,22.838,29.954,1.0
170.8333,128.323404,38.194062,2026.0946016000003,144.049,22.603,30.209,1.0
170.85,128.323425,38.194094,2028.4662504000003,144.01,22.369,30.462,1.0
170.8666,128.323445,38.194126,2030.8214400000002,143.972,22.137,30.713,1.0
170.8833,128.323466,38.194158,2033.1601704000002,143.936,21.905,30.962,1.0
170.9,128.323487,38.19419,2035.4818320000002,143.901,21.675,31.208,1.0
170.9166,128.323509,38.194222,2037.7867296000002,143.868,21.445,31.453,1.0
170.9333,128.32353,38.194254,2040.0742536000002,143.835,21.217,31.696,1.0
170.95,128.323552,38.194286,2042.3450136000001,143.803,20.989,31.937,1.0
170.9666,128.323574,38.194318,2044.5987048000002,143.77,20.762,32.177,1.0
170.9833,128.323595,38.19435,2046.8350224,143.739,20.536,32.415,1.0
171.0,128.323618,38.194382,2049.0539664000003,143.708,20.31,32.651,1.0
171.0166,128.32364,38.194414,2051.2558416,143.678,20.084,32.886,1.0
171.0333,128.323662,38.194447,2053.4397336,143.647,19.859,33.119,1.0
171.05,128.323685,38.194479,2055.6065568,143.616,19.634,33.351,1.0
171.0666,128.323708,38.194511,2057.7553968,143.584,19.41,33.582,1.0
171.0833,128.323731,38.194543,2059.8868632,143.552,19.186,33.812,1.0
171.1,128.323754,38.194575,2062.0009560000003,143.52,18.962,34.04,1.0
171.1166,128.323777,38.194607,2064.0970656,143.488,18.738,34.267,1.0
171.1333,128.323801,38.194639,2066.175192,143.454,18.515,34.493,1.0
171.15,128.323824,38.194672,2068.2353352,143.42,18.291,34.718,1.0
171.1666,128.323848,38.194704,2070.2778000000003,143.384,18.068,34.943,1.0
171.1833,128.323872,38.194736,2072.3022816000002,143.347,17.845,35.166,1.0
171.2,128.323896,38.194768,2074.3087800000003,143.31,17.622,35.388,1.0
171.2166,128.323921,38.1948,2076.2972952,143.273,17.399,35.609,1.0
171.2333,128.323945,38.194832,2078.2675224,143.233,17.176,35.83,1.0
171.25,128.32397,38.194865,2080.2197664,143.192,16.953,36.05,1.0
171.2666,128.323995,38.194897,2082.1537224,143.149,16.73,36.269,1.0
171.2833,128.32402,38.194929,2084.0693904,143.106,16.507,36.487,1.0
171.3,128.324045,38.194961,2085.9670752,143.061,16.284,36.705,1.0
171.3166,128.32407,38.194993,2087.846472,143.016,16.06,36.921,1.0
171.3333,128.324096,38.195025,2089.7069712,142.969,15.837,37.138,1.0
171.35,128.324121,38.195058,2091.5494872,142.92,15.614,37.354,1.0
171.3666,128.324147,38.19509,2093.3737152000003,142.868,15.391,37.569,1.0
171.3833,128.324173,38.195122,2095.1793504,142.816,15.168,37.784,1.0
171.4,128.3242,38.195154,2096.9666976,142.763,14.944,37.998,1.0
171.4166,128.324226,38.195186,2098.7357568,142.709,14.721,38.212,1.0
171.4333,128.324253,38.195218,2100.4856136000003,142.652,14.497,38.425,1.0
171.45,128.324279,38.19525,2102.2174872,142.594,14.274,38.638,1.0
171.4666,128.324306,38.195282,2103.9304632,142.533,14.051,38.851,1.0
171.4833,128.324333,38.195314,2105.6251512000003,142.472,13.827,39.063,1.0
171.5,128.324361,38.195346,2107.3012464,142.409,13.603,39.275,1.0
171.5166,128.324388,38.195378,2108.9587488,142.345,13.38,39.486,1.0
171.5333,128.324416,38.19541,2110.5973536,142.28,13.156,39.698,1.0
171.55,128.324443,38.195442,2112.2173656,142.211,12.932,39.909,1.0
171.5666,128.324471,38.195474,2113.8187848,142.142,12.708,40.12,1.0
171.5833,128.324499,38.195506,2115.4013064,142.07,12.485,40.33,1.0
171.6,128.324528,38.195538,2116.9652352000003,141.998,12.261,40.541,1.0
171.6166,128.324556,38.195569,2118.5105712,141.925,12.037,40.751,1.0
171.6333,128.324585,38.195601,2120.0370096,141.85,11.813,40.961,1.0
171.65,128.324613,38.195633,2121.5448552,141.773,11.589,41.171,1.0
171.6666,128.324642,38.195665,2123.0338032,141.694,11.366,41.381,1.0
171.6833,128.324671,38.195696,2124.5038536,141.614,11.142,41.59,1.0
171.7,128.324701,38.195728,2125.9553112,141.533,10.918,41.8,1.0
171.7166,128.32473,38.19576,2127.3878712,141.451,10.694,42.009,1.0
171.7333,128.32476,38.195791,2128.8015336,141.367,10.471,42.219,1.0
171.75,128.32479,38.195823,2130.1966032,141.281,10.247,42.428,1.0
171.7666,128.32482,38.195854,2131.5727752000003,141.194,10.024,42.638,1.0
171.7833,128.32485,38.195886,2132.9300496,141.105,9.8,42.847,1.0
171.8,128.32488,38.195917,2134.2684264,141.016,9.577,43.057,1.0
171.8166,128.32491,38.195949,2135.5882104,140.925,9.354,43.266,1.0
171.8333,128.324941,38.19598,2136.888792,140.833,9.13,43.476,1.0
171.85,128.324972,38.196011,2138.1704760000002,140.738,8.907,43.685,1.0
171.8666,128.325003,38.196043,2139.4335672,140.641,8.685,43.895,1.0
171.8833,128.325034,38.196074,2140.6777607999998,140.544,8.462,44.105,1.0
171.9,128.325065,38.196105,2141.9030568000003,140.444,8.239,44.314,1.0
171.9166,128.325096,38.196136,2143.1094552,140.345,8.017,44.524,1.0
171.9333,128.325128,38.196167,2144.2966512000003,140.242,7.794,44.734,1.0
171.95,128.32516,38.196198,2145.4652544,140.136,7.572,44.944,1.0
171.9666,128.325192,38.196229,2146.6152648,140.029,7.349,45.154,1.0
171.9833,128.325224,38.19626,2147.7460728,139.92,7.127,45.364,1.0
172.0,128.325256,38.196291,2148.8579832,139.81,6.905,45.574,1.0
172.0166,128.325288,38.196322,2149.9513008,139.7,6.683,45.784,1.0
172.0333,128.325321,38.196352,2151.025416,139.586,6.461,45.994,1.0
172.05,128.325353,38.196383,2152.0809384,139.471,6.24,46.205,1.0
172.0666,128.325386,38.196414,2153.1175632,139.353,6.018,46.415,1.0
172.0833,128.325419,38.196444,2154.1352904,139.234,5.797,46.626,1.0
172.1,128.325452,38.196475,2155.1344248,139.114,5.576,46.837,1.0
172.1166,128.325486,38.196505,2156.1143568,138.993,5.355,47.048,1.0
172.1333,128.325519,38.196536,2157.0756960000003,138.87,5.135,47.26,1.0
172.15,128.325553,38.196566,2158.0181376,138.744,4.914,47.472,1.0
172.1666,128.325587,38.196596,2158.9416816000003,138.616,4.694,47.684,1.0
172.1833,128.325621,38.196626,2159.8466328,138.487,4.475,47.896,1.0
172.2,128.325655,38.196656,2160.7326864,138.356,4.255,48.108,1.0
172.2166,128.325689,38.196687,2161.6001472,138.225,4.036,48.321,1.0
172.2333,128.325723,38.196716,2162.4487104,138.091,3.817,48.535,1.0
172.25,128.325758,38.196746,2163.278376,137.955,3.599,48.748,1.0
172.2666,128.325793,38.196776,2164.0894488,137.817,3.381,48.962,1.0
172.2833,128.325827,38.196806,2164.8819288000004,137.677,3.163,49.176,1.0
172.3,128.325862,38.196836,2165.655816,137.537,2.946,49.391,1.0
172.3166,128.325898,38.196865,2166.4108056,137.395,2.729,49.606,1.0
172.3333,128.325933,38.196895,2167.1472024,137.251,2.512,49.821,1.0
172.35,128.325968,38.196924,2167.8650064,137.106,2.296,50.037,1.0
172.3666,128.326004,38.196954,2168.5642176,136.958,2.08,50.253,1.0
172.3833,128.32604,38.196983,2169.244836,136.81,1.865,50.47,1.0
172.4,128.326076,38.197012,2169.9068616,136.66,1.65,50.687,1.0
172.4166,128.326112,38.197041,2170.5502944,136.509,1.436,50.905,1.0
172.4333,128.326148,38.19707,2171.1754392000003,136.356,1.222,51.123,1.0
172.45,128.326184,38.197099,2171.7816864,136.201,1.009,51.341,1.0
172.4666,128.326221,38.197128,2172.3699504,136.045,0.796,51.561,1.0
172.4833,128.326257,38.197157,2172.9393168,135.888,0.584,51.78,1.0
172.5,128.326294,38.197186,2173.4907000000003,135.73,0.372,52.0,1.0
172.5166,128.326331,38.197214,2174.0234904,135.571,0.161,52.221,1.0
172.5333,128.326368,38.197243,2174.5379928,135.41,-0.049,52.442,1.0
172.55,128.326405,38.197271,2175.0342072000003,135.248,-0.259,52.663,1.0
172.5666,128.326442,38.197299,2175.5118288000003,135.084,-0.468,52.886,1.0
172.5833,128.32648,38.197328,2175.9714672,134.92,-0.677,53.108,1.0
172.6,128.326518,38.197356,2176.4128176000004,134.754,-0.886,53.332,1.0
172.6166,128.326555,38.197384,2176.8361848,134.588,-1.093,53.555,1.0
172.6333,128.326593,38.197412,2177.2409592000004,134.42,-1.3,53.78,1.0
172.65,128.326631,38.19744,2177.6280552,134.251,-1.507,54.005,1.0
172.6666,128.326669,38.197467,2177.9968632,134.081,-1.713,54.23,1.0
172.6833,128.326708,38.197495,2178.3473832,133.91,-1.918,54.457,1.0
172.7,128.326746,38.197523,2178.6802248,133.738,-2.122,54.683,1.0
172.7166,128.326785,38.19755,2178.9947784,133.565,-2.326,54.911,1.0
172.7333,128.326823,38.197577,2179.2916536000002,133.391,-2.529,55.139,1.0
172.75,128.326862,38.197605,2179.5702408,133.216,-2.731,55.367,1.0
172.7666,128.326901,38.197632,2179.8311496,133.04,-2.933,55.597,1.0
172.7833,128.32694,38.197659,2180.07438,132.863,-3.134,55.826,1.0
172.8,128.32698,38.197686,2180.2996272,132.685,-3.334,56.057,1.0
172.8166,128.327019,38.197713,2180.507196,132.506,-3.534,56.288,1.0
172.8333,128.327058,38.197739,2180.6970864,132.325,-3.733,56.519,1.0
172.85,128.327098,38.197766,2180.8689936,132.144,-3.931,56.752,1.0
172.8666,128.327138,38.197792,2181.0235272,131.962,-4.128,56.985,1.0
172.8833,128.327178,38.197819,2181.1603824,131.778,-4.324,57.218,1.0
172.9,128.327218,38.197845,2181.2795592,131.594,-4.52,57.452,1.0
172.9166,128.327258,38.197871,2181.3813624,131.408,-4.715,57.687,1.0
172.9333,128.327298,38.197897,2181.465792,131.222,-4.91,57.923,1.0
172.95,128.327338,38.197923,2181.5325432,131.034,-5.103,58.159,1.0
172.9666,128.327379,38.197949,2181.5819208000003,130.846,-5.296,58.396,1.0
172.9833,128.32742,38.197974,2181.6142296000003,130.656,-5.488,58.633,1.0
173.0,128.32746,38.198,2181.6291648,130.465,-5.679,58.871,1.0
173.0166,128.327501,38.198025,2181.6267264000003,130.274,-5.869,59.11,1.0
173.0333,128.327542,38.198051,2181.6069144,130.081,-6.059,59.349,1.0
173.05,128.327583,38.198076,2181.5703384,129.888,-6.248,59.589,1.0
173.0666,128.327625,38.198101,2181.5163888,129.693,-6.436,59.83,1.0
173.0833,128.327666,38.198126,2181.4453704000002,129.497,-6.623,60.071,1.0
173.1,128.327707,38.198151,2181.3575880000003,129.3,-6.809,60.313,1.0
173.1166,128.327749,38.198175,2181.2527368,129.103,-6.994,60.555,1.0
173.1333,128.327791,38.1982,2181.1308168,128.904,-7.179,60.799,1.0
173.15,128.327833,38.198224,2180.9921328,128.704,-7.363,61.043,1.0
173.1666,128.327875,38.198249,2180.8366848,128.503,-7.545,61.287,1.0
173.1833,128.327917,38.198273,2180.6644728,128.3,-7.727,61.533,1.0
173.2,128.327959,38.198297,2180.4754968,128.097,-7.908,61.779,1.0
173.2166,128.328001,38.198321,2180.2700616,127.893,-8.089,62.025,1.0
173.2333,128.328044,38.198345,2180.0475576,127.687,-8.268,62.273,1.0
173.25,128.328086,38.198368,2179.8088992000003,127.48,-8.446,62.521,1.0
173.2666,128.328129,38.198392,2179.5537816,127.272,-8.624,62.77,1.0
173.2833,128.328171,38.198415,2179.2822048000003,127.062,-8.8,63.019,1.0
173.3,128.328214,38.198438,2178.9941688,126.852,-8.976,63.269,1.0
173.3166,128.328257,38.198462,2178.6899784,126.64,-9.151,63.52,1.0
173.3333,128.3283,38.198484,2178.3693288000004,126.427,-9.325,63.771,1.0
173.35,128.328343,38.198507,2178.0325248,126.213,-9.497,64.024,1.0
173.3666,128.328387,38.19853,2177.6795664,125.998,-9.669,64.277,1.0
173.3833,128.32843,38.198553,2177.3104536,125.781,-9.84,64.53,1.0
173.4,128.328474,38.198575,2176.9254912,125.563,-10.01,64.785,1.0
173.4166,128.328517,38.198597,2176.5246792,125.343,-10.179,65.04,1.0
173.4333,128.328561,38.198619,2176.1077128,125.123,-10.347,65.295,1.0
173.45,128.328605,38.198641,2175.6748968,124.9,-10.514,65.552,1.0
173.4666,128.328648,38.198663,2175.226536,124.677,-10.68,65.809,1.0
173.4833,128.328692,38.198685,2174.7623256,124.452,-10.845,66.067,1.0
173.5,128.328737,38.198706,2174.2825704,124.225,-11.009,66.326,1.0
173.5166,128.328781,38.198728,2173.7869656000003,123.998,-11.172,66.585,1.0
173.5333,128.328825,38.198749,2173.2761208,123.768,-11.334,66.845,1.0
173.55,128.328869,38.19877,2172.7497312,123.537,-11.494,67.106,1.0
173.5666,128.328914,38.198791,2172.2077968000003,123.305,-11.654,67.368,1.0
173.5833,128.328958,38.198812,2171.6509272000003,123.071,-11.813,67.63,1.0
173.6,128.329003,38.198832,2171.0785128,122.835,-11.97,67.893,1.0
173.6166,128.329048,38.198853,2170.4911632,122.598,-12.127,68.157,1.0
173.6333,128.329093,38.198873,2169.8885736,122.36,-12.282,68.421,1.0
173.65,128.329138,38.198893,2169.270744,122.119,-12.436,68.687,1.0
173.6666,128.329183,38.198913,2168.638284,121.877,-12.589,68.953,1.0
173.6833,128.329228,38.198933,2167.990584,121.633,-12.741,69.219,1.0
173.7,128.329273,38.198952,2167.3282536,121.387,-12.892,69.487,1.0
173.7166,128.329318,38.198972,2166.6512928,121.141,-13.042,69.755,1.0
173.7333,128.329364,38.198991,2165.9597016000002,120.892,-13.19,70.024,1.0
173.75,128.329409,38.199011,2165.2531752,120.641,-13.337,70.294,1.0
173.7666,128.329455,38.19903,2164.5323232,120.388,-13.483,70.564,1.0
173.7833,128.3295,38.199048,2163.7971456,120.134,-13.628,70.835,1.0
173.8,128.329546,38.199067,2163.0473376,119.878,-13.772,71.107,1.0
173.8166,128.329592,38.199086,2162.2835088,119.62,-13.914,71.38,1.0
173.8333,128.329638,38.199104,2161.5053544,119.361,-14.055,71.654,1.0
173.85,128.329684,38.199122,2160.7131792,119.099,-14.195,71.928,1.0
173.8666,128.32973,38.19914,2159.9069832,118.834,-14.334,72.203,1.0
173.8833,128.329776,38.199158,2159.0864616000003,118.568,-14.471,72.479,1.0
173.9,128.329822,38.199176,2158.2525288,118.301,-14.607,72.755,1.0
173.9166,128.329869,38.199193,2157.4045752,118.031,-14.742,73.032,1.0
173.9333,128.329915,38.199211,2156.5429056000003,117.76,-14.875,73.31,1.0
173.95,128.329961,38.199228,2155.66752,117.485,-15.007,73.589,1.0
173.9666,128.330008,38.199245,2154.7787232,117.209,-15.138,73.869,1.0
173.9833,128.330054,38.199262,2153.8765152,116.93,-15.267,74.149,1.0
174.0,128.330101,38.199278,2152.960896,116.649,-15.395,74.43,1.0
174.0166,128.330148,38.199295,2152.0321704000003,116.367,-15.522,74.712,1.0
174.0333,128.330195,38.199311,2151.0900336,116.083,-15.647,74.994,1.0
174.05,128.330242,38.199327,2150.1347904,115.795,-15.77,75.278,1.0
174.0666,128.330288,38.199343,2149.1667456,115.506,-15.893,75.562,1.0
174.0833,128.330335,38.199359,2148.1858992,115.215,-16.013,75.847,1.0
174.1,128.330383,38.199375,2147.1919464000002,114.922,-16.133,76.132,1.0
174.1166,128.33043,38.19939,2146.1854968000002,114.627,-16.251,76.418,1.0
174.1333,128.330477,38.199405,2145.1662456000004,114.33,-16.367,76.705,1.0
174.15,128.330524,38.19942,2144.1348024000004,114.031,-16.482,76.993,1.0
174.1666,128.330572,38.199435,2143.0905576,113.731,-16.596,77.281,1.0
174.1833,128.330619,38.19945,2142.0344256,113.429,-16.708,77.57,1.0
174.2,128.330666,38.199464,2140.9657968,113.126,-16.818,77.86,1.0
174.2166,128.330714,38.199479,2139.8852808,112.821,-16.927,78.15,1.0
174.2333,128.330762,38.199493,2138.7925728,112.514,-17.034,78.441,1.0
174.25,128.330809,38.199507,2137.6879776,112.204,-17.14,78.733,1.0
174.2666,128.330857,38.199521,2136.5714952,111.893,-17.244,79.026,1.0
174.2833,128.330905,38.199534,2135.4434304,111.579,-17.346,79.319,1.0
174.3,128.330953,38.199548,2134.3037832,111.264,-17.447,79.613,1.0
174.3166,128.331,38.199561,2133.1528584000002,110.947,-17.546,79.907,1.0
174.3333,128.331048,38.199574,2131.9900464,110.626,-17.644,80.202,1.0
174.35,128.331096,38.199587,2130.8162616,110.303,-17.739,80.498,1.0
174.3666,128.331144,38.199599,2129.6311992,109.976,-17.833,80.795,1.0
174.3833,128.331192,38.199612,2128.435164,109.647,-17.925,81.092,1.0
174.4,128.331241,38.199624,2127.228156,109.315,-18.016,81.389,1.0
174.4166,128.331289,38.199636,2126.0104800000004,108.982,-18.105,81.688,1.0
174.4333,128.331337,38.199648,2124.7818312000004,108.647,-18.192,81.986,1.0
174.45,128.331385,38.19966,2123.5428192,108.311,-18.278,82.286,1.0
174.4666,128.331434,38.199671,2122.2931392,107.973,-18.361,82.586,1.0
174.4833,128.331482,38.199683,2121.0334008,107.634,-18.444,82.887,1.0
174.5,128.331531,38.199694,2119.7632992000003,107.294,-18.524,83.188,1.0
174.5166,128.331579,38.199705,2118.4828344000002,106.953,-18.603,83.489,1.0
174.5333,128.331628,38.199715,2117.1929208,106.617,-18.68,83.791,1.0
174.55,128.331676,38.199726,2115.8932536,106.285,-18.757,84.094,1.0
174.5666,128.331725,38.199736,2114.583528,105.958,-18.832,84.396,1.0
174.5833,128.331773,38.199747,2113.2643536,105.633,-18.905,84.7,1.0
174.6,128.331822,38.199757,2111.9357304,105.312,-18.976,85.003,1.0
174.6166,128.331871,38.199766,2110.5976584,104.993,-19.046,85.307,1.0
174.6333,128.33192,38.199776,2109.2507471999998,104.68,-19.114,85.611,1.0
174.65,128.331968,38.199785,2107.8943872,104.372,-19.181,85.915,1.0
174.6666,128.332017,38.199794,2106.5288832,104.07,-19.246,86.22,1.0
174.6833,128.332066,38.199803,2105.15454,103.771,-19.31,86.524,1.0
174.7,128.332115,38.199812,2103.7716624,103.476,-19.372,86.829,1.0
174.7166,128.332164,38.199821,2102.3796408000003,103.183,-19.432,87.134,1.0
174.7333,128.332213,38.199829,2100.9793896,102.896,-19.491,87.439,1.0
174.75,128.332262,38.199837,2099.570604,102.613,-19.549,87.745,1.0
174.7666,128.332311,38.199845,2098.153284,102.336,-19.606,88.05,1.0
174.7833,128.33236,38.199853,2096.7274296,102.061,-19.662,88.355,1.0
174.8,128.332409,38.199861,2095.2936504000004,101.79,-19.715,88.661,1.0
174.8166,128.332458,38.199868,2093.8519464,101.521,-19.768,88.967,1.0
174.8333,128.332508,38.199875,2092.4020128,101.261,-19.82,89.272,1.0
174.85,128.332557,38.199882,2090.9444592,101.009,-19.871,89.578,1.0
174.8666,128.332606,38.199889,2089.4789808,100.765,-19.922,89.883,1.0
174.8833,128.332655,38.199896,2088.0058824,100.527,-19.971,90.189,1.0
174.9,128.332704,38.199902,2086.525164,100.294,-20.019,90.494,1.0
174.9166,128.332754,38.199908,2085.0365208000003,100.066,-20.065,90.8,1.0
174.9333,128.332803,38.199915,2083.5414768,99.859,-20.113,91.105,1.0
174.95,128.332852,38.19992,2082.0388128,99.67,-20.163,91.41,1.0
174.9666,128.332902,38.199926,2080.5288336,99.5,-20.212,91.715,1.0
174.9833,128.332951,38.199931,2079.0115392000002,99.345,-20.261,92.019,1.0
175.0,128.333001,38.199937,2077.4869296,99.203,-20.308,92.324,1.0
175.0166,128.33305,38.199942,2075.9556144,99.071,-20.354,92.628,1.0
175.0333,128.333099,38.199947,2074.416984,98.95,-20.398,92.932,1.0
175.05,128.333149,38.199951,2072.8713432,98.836,-20.443,93.235,1.0
175.0666,128.333198,38.199956,2071.3189968,98.729,-20.487,93.538,1.0
175.0833,128.333248,38.19996,2069.75964,98.627,-20.531,93.84,1.0
175.1,128.333297,38.199964,2068.1932728,98.529,-20.575,94.143,1.0
175.1166,128.333347,38.199968,2066.6198952,98.433,-20.618,94.445,1.0
175.1333,128.333396,38.199971,2065.0395072,98.326,-20.658,94.748,1.0
175.15,128.333446,38.199975,2063.4524136,98.206,-20.696,95.05,1.0
175.1666,128.333495,38.199978,2061.8586144,98.075,-20.732,95.353,1.0
175.1833,128.333545,38.199981,2060.2581096000004,97.933,-20.769,95.656,1.0
175.2,128.333594,38.199984,2058.651204,97.781,-20.806,95.959,1.0
175.2166,128.333644,38.199986,2057.0375928,97.623,-20.843,96.262,1.0
175.2333,128.333693,38.199989,2055.4169712,97.434,-20.877,96.566,1.0
175.25,128.333743,38.199991,2053.7899488000003,97.217,-20.907,96.871,1.0
175.2666,128.333792,38.199993,2052.1565256,96.975,-20.934,97.177,1.0
175.2833,128.333842,38.199994,2050.5173112,96.711,-20.962,97.483,1.0
175.3,128.333891,38.199996,2048.871696,96.43,-20.99,97.789,1.0
175.3166,128.333941,38.199997,2047.2199848,96.136,-21.018,98.095,1.0
175.3333,128.33399,38.199998,2045.5624824,95.812,-21.043,98.403,1.0
175.35,128.334039,38.199999,2043.8988840000002,95.461,-21.065,98.712,1.0
175.3666,128.334089,38.2,2042.2294944,95.087,-21.084,99.021,1.0
175.3833,128.334138,38.2,2040.5549232000003,94.696,-21.103,99.331,1.0
175.4,128.334188,38.2,2038.8751704000001,94.289,-21.12,99.641,1.0
175.4166,128.334237,38.2,2037.1899312000003,93.872,-21.137,99.952,1.0
175.4333,128.334286,38.2,2035.4995104000002,93.397,-21.146,100.264,1.0
175.45,128.334336,38.199999,2033.803908,92.868,-21.148,100.577,1.0
175.4666,128.334385,38.199999,2032.1040384,92.293,-21.145,100.89,1.0
175.4833,128.334434,38.199998,2030.3999016000002,91.677,-21.14,101.202,1.0
175.5,128.334483,38.199996,2028.6914976,91.029,-21.134,101.515,1.0
175.5166,128.334533,38.199995,2026.9791312000002,90.357,-21.128,101.829,1.0
175.5333,128.334582,38.199993,2025.2631072000001,89.649,-21.117,102.142,1.0
175.55,128.334631,38.199991,2023.5437304,88.913,-21.101,102.455,1.0
175.5666,128.33468,38.199989,2021.8213056000002,88.154,-21.08,102.767,1.0
175.5833,128.334729,38.199987,2020.0961376,87.377,-21.056,103.08,1.0
175.6,128.334778,38.199984,2018.3685312000002,86.585,-21.028,103.393,1.0
175.6166,128.334828,38.199981,2016.6384864000001,85.782,-20.996,103.706,1.0
175.6333,128.334877,38.199978,2014.9060032,84.886,-20.951,103.997,1.0
175.65,128.334926,38.199975,2013.1723008000001,83.91,-20.895,104.248,1.0
175.6666,128.334975,38.199971,2011.4379888,82.846,-20.832,104.469,1.0
175.6833,128.335023,38.199968,2009.7033720000002,81.689,-20.765,104.675,1.0
175.7,128.335072,38.199964,2007.9696696,80.449,-20.695,104.876,1.0
175.7166,128.335121,38.199959,2006.236272,79.143,-20.624,105.079,1.0
175.7333,128.33517,38.199955,2004.5047032,77.752,-20.551,105.262,1.0
175.75,128.335219,38.19995,2002.7749632,76.287,-20.476,105.417,1.0
175.7666,128.335268,38.199945,2001.0476616,74.748,-20.398,105.553,1.0
175.7833,128.335316,38.19994,1999.3237128,73.133,-20.314,105.679,1.0
175.8,128.335365,38.199934,1997.6034216,71.44,-20.225,105.804,1.0
175.8166,128.335414,38.199928,1995.8877024,69.672,-20.129,105.932,1.0
175.8333,128.335463,38.199923,1994.1765552,67.833,-20.03,106.049,1.0
175.85,128.335511,38.199916,1992.4711992000002,65.926,-19.928,106.157,1.0
175.8666,128.33556,38.19991,1990.7719392000001,63.954,-19.822,106.257,1.0
175.8833,128.335608,38.199903,1989.0790800000002,61.916,-19.71,106.356,1.0
175.9,128.335657,38.199897,1987.3932312000002,59.822,-19.592,106.453,1.0
175.9166,128.335706,38.19989,1985.7140880000002,57.684,-19.467,106.552,1.0
175.9333,128.335754,38.199883,1984.04226,55.543,-19.334,106.663,1.0
175.95,128.335803,38.199875,1982.3771376000002,53.408,-19.19,106.785,1.0
175.9666,128.335852,38.199868,1980.7184160000002,51.282,-19.037,106.913,1.0
175.9833,128.3359,38.19986,1979.0679240000002,49.168,-18.874,107.04,1.0
176.0,128.335949,38.199853,1977.4256616000002,47.067,-18.703,107.162,1.0
176.0166,128.335998,38.199845,1975.7916288000001,44.974,-18.523,107.278,1.0
176.0333,128.336046,38.199837,1974.1655208000002,42.939,-18.327,107.404,1.0
176.05,128.336095,38.199829,1972.5470328000001,40.954,-18.115,107.539,1.0
176.0666,128.336144,38.19982,1970.9361648000001,39.015,-17.889,107.675,1.0
176.0833,128.336192,38.199812,1969.3350504000002,37.113,-17.654,107.805,1.0
176.1,128.336241,38.199803,1967.7430800000002,35.24,-17.411,107.925,1.0
176.1166,128.33629,38.199795,1966.1614728000002,33.389,-17.161,108.033,1.0
176.1333,128.336339,38.199786,1964.5884,31.596,-16.897,108.143,1.0
176.15,128.336388,38.199777,1963.0241664000002,29.854,-16.619,108.255,1.0
176.1666,128.336437,38.199769,1961.4696864,28.154,-16.331,108.361,1.0
176.1833,128.336486,38.19976,1959.926484,26.488,-16.036,108.459,1.0
176.2,128.336535,38.19975,1958.3942544000001,24.849,-15.736,108.544,1.0
176.2166,128.336584,38.199741,1956.8736072000002,23.229,-15.435,108.617,1.0
176.2333,128.336633,38.199732,1955.3627136,21.657,-15.123,108.686,1.0
176.25,128.336682,38.199723,1953.8618784,20.128,-14.801,108.752,1.0
176.2666,128.336731,38.199713,1952.3738448000001,18.632,-14.472,108.81,1.0
176.2833,128.33678,38.199704,1950.8973936000002,17.165,-14.14,108.859,1.0
176.3,128.33683,38.199694,1949.4340488,15.719,-13.808,108.895,1.0
176.3166,128.336879,38.199685,1947.9838104,14.289,-13.477,108.92,1.0
176.3333,128.336928,38.199675,1946.5442400000002,12.897,-13.138,108.938,1.0
176.35,128.336978,38.199665,1945.1171664000003,11.541,-12.793,108.951,1.0
176.3666,128.337027,38.199655,1943.7038088,10.211,-12.444,108.956,1.0
176.3833,128.337077,38.199645,1942.3038624,8.905,-12.095,108.952,1.0
176.4,128.337126,38.199636,1940.9179368000002,7.616,-11.748,108.936,1.0
176.4166,128.337176,38.199626,1939.5466416,6.338,-11.405,108.91,1.0
176.4333,128.337226,38.199616,1938.1872336,5.094,-11.056,108.878,1.0
176.45,128.337275,38.199605,1936.8421512000002,3.878,-10.704,108.839,1.0
176.4666,128.337325,38.199595,1935.5116992,2.686,-10.35,108.793,1.0
176.4833,128.337375,38.199585,1934.1958776000001,1.513,-9.997,108.738,1.0
176.5,128.337425,38.199575,1932.8952960000001,0.354,-9.649,108.674,1.0
176.5166,128.337475,38.199565,1931.6105640000003,-0.794,-9.305,108.6,1.0
176.5333,128.337525,38.199554,1930.3398528000002,-1.927,-8.963,108.519,1.0
176.55,128.337575,38.199544,1929.0852960000002,-3.048,-8.622,108.431,1.0
176.5666,128.337625,38.199534,1927.846284,-4.16,-8.284,108.335,1.0
176.5833,128.337675,38.199524,1926.6237312000003,-5.265,-7.95,108.233,1.0
176.6,128.337726,38.199513,1925.417028,-6.365,-7.62,108.122,1.0
176.6166,128.337776,38.199503,1924.2270888,-7.463,-7.295,108.005,1.0
176.6333,128.337826,38.199493,1923.0511704,-8.544,-6.97,107.882,1.0
176.65,128.337877,38.199482,1921.892016,-9.61,-6.644,107.752,1.0
176.6666,128.337927,38.199472,1920.7493208,-10.664,-6.319,107.616,1.0
176.6833,128.337978,38.199462,1919.6227800000001,-11.709,-5.999,107.474,1.0
176.7,128.338028,38.199451,1918.5130032,-12.746,-5.683,107.325,1.0
176.7166,128.338079,38.199441,1917.4199904,-13.779,-5.373,107.169,1.0
176.7333,128.33813,38.199431,1916.3434368000003,-14.806,-5.068,107.007,1.0
176.75,128.338181,38.19942,1915.283952,-15.831,-4.767,106.84,1.0
176.7666,128.338232,38.19941,1914.241536,-16.855,-4.47,106.666,1.0
176.7833,128.338283,38.1994,1913.2155792,-17.878,-4.179,106.488,1.0
176.8,128.338334,38.199389,1912.2069960000001,-18.902,-3.892,106.304,1.0
176.8166,128.338385,38.199379,1911.2151767999999,-19.927,-3.61,106.114,1.0
176.8333,128.338436,38.199369,1910.241036,-20.959,-3.336,105.92,1.0
176.85,128.338487,38.199359,1909.2839640000002,-21.999,-3.068,105.721,1.0
176.8666,128.338538,38.199349,1908.3439607999999,-23.046,-2.806,105.517,1.0
176.8833,128.33859,38.199339,1907.4207216000002,-24.1,-2.55,105.308,1.0
176.9,128.338641,38.199329,1906.5139416,-25.159,-2.298,105.095,1.0
176.9166,128.338692,38.199319,1905.6242304,-26.224,-2.05,104.876,1.0
176.9333,128.338744,38.199309,1904.7534168,-27.311,-1.813,104.655,1.0
176.95,128.338796,38.199299,1903.8987576,-28.42,-1.587,104.429,1.0
176.9666,128.338847,38.199289,1903.0608624000001,-29.547,-1.368,104.2,1.0
176.9833,128.338899,38.19928,1902.2391216,-30.691,-1.156,103.966,1.0
177.0,128.338951,38.19927,1901.4338400000001,-31.848,-0.947,103.729,1.0
177.0166,128.339003,38.199261,1900.6441032,-33.015,-0.742,103.487,1.0
177.0333,128.339054,38.199251,1899.8680824,-34.14,-0.526,103.236,1.0
177.05,128.339106,38.199242,1899.1054728000001,-35.222,-0.302,102.977,1.0
177.0666,128.339158,38.199232,1898.3556648,-36.266,-0.075,102.709,1.0
177.0833,128.339211,38.199223,1897.6207920000002,-37.279,0.148,102.435,1.0
177.1,128.339263,38.199214,1896.8999400000002,-38.268,0.364,102.154,1.0
177.1166,128.339315,38.199205,1896.1931088000001,-39.241,0.572,101.868,1.0
177.1333,128.339367,38.199196,1895.5024320000002,-40.234,0.769,101.577,1.0
177.15,128.339419,38.199187,1894.8273000000002,-41.254,0.957,101.28,1.0
177.1666,128.339472,38.199178,1894.1667984,-42.298,1.136,100.979,1.0
177.1833,128.339524,38.19917,1893.5203176000002,-43.365,1.309,100.676,1.0
177.2,128.339577,38.199161,1892.8878576,-44.448,1.475,100.369,1.0
177.2166,128.339629,38.199153,1892.2694184000002,-45.545,1.635,100.059,1.0
177.2333,128.339682,38.199144,1891.661952,-46.51,1.799,99.756,1.0
177.25,128.339734,38.199136,1891.0657632,-47.347,1.968,99.457,1.0
177.2666,128.339787,38.199128,1890.4808520000001,-48.076,2.136,99.16,1.0
177.2833,128.33984,38.19912,1889.9059992000002,-48.714,2.297,98.86,1.0
177.3,128.339893,38.199112,1889.3405952,-49.282,2.45,98.554,1.0
177.3166,128.339946,38.199104,1888.7870784000002,-49.799,2.594,98.244,1.0
177.3333,128.339999,38.199096,1888.2411816000001,-50.254,2.732,97.933,1.0
177.35,128.340052,38.199088,1887.7068672,-50.663,2.865,97.623,1.0
177.3666,128.340105,38.199081,1887.1829160000002,-51.038,2.994,97.315,1.0
177.3833,128.340158,38.199073,1886.6699376000001,-51.389,3.118,97.009,1.0
177.4,128.340211,38.199066,1886.167932,-51.721,3.237,96.704,1.0
177.4166,128.340264,38.199059,1885.6768992000002,-52.041,3.351,96.402,1.0
177.4333,128.340317,38.199052,1885.1965344000002,-52.346,3.462,96.102,1.0
177.45,128.34037,38.199045,1884.7274472,-52.641,3.57,95.804,1.0
177.4666,128.340424,38.199038,1884.2693328,-52.927,3.675,95.509,1.0
177.4833,128.340477,38.199031,1883.8221912000001,-53.206,3.777,95.215,1.0
177.5,128.340531,38.199025,1883.3863272,-53.479,3.878,94.924,1.0
177.5166,128.340584,38.199018,1882.961436,-53.745,3.976,94.634,1.0
177.5333,128.340638,38.199012,1882.5466032,-53.996,4.074,94.346,1.0
177.55,128.340691,38.199006,1882.1430480000001,-54.232,4.17,94.06,1.0
177.5666,128.340745,38.199,1881.7501608,-54.454,4.265,93.776,1.0
177.5833,128.340798,38.198994,1881.3679416,-54.665,4.358,93.493,1.0
177.6,128.340852,38.198988,1880.997,-54.867,4.449,93.211,1.0
177.6166,128.340906,38.198982,1880.6370312000001,-55.061,4.539,92.93,1.0
177.6333,128.340959,38.198977,1880.2862064,-55.234,4.628,92.652,1.0
177.65,128.341013,38.198971,1879.9463544,-55.387,4.717,92.376,1.0
177.6666,128.341067,38.198966,1879.6171704,-55.522,4.806,92.101,1.0
177.6833,128.341121,38.198961,1879.2986544,-55.644,4.894,91.827,1.0
177.7,128.341175,38.198956,1878.9911112,-55.754,4.98,91.555,1.0
177.7166,128.341229,38.198951,1878.694236,-55.854,5.065,91.284,1.0
177.7333,128.341283,38.198947,1878.4071144,-55.939,5.15,91.015,1.0
177.75,128.341337,38.198942,1878.1306608,-56.01,5.237,90.748,1.0
177.7666,128.341391,38.198938,1877.8651800000002,-56.07,5.323,90.483,1.0
177.7833,128.341445,38.198933,1877.6100624,-56.118,5.409,90.22,1.0
177.8,128.341499,38.198929,1877.3659176000003,-56.157,5.495,89.957,1.0
177.8166,128.341553,38.198925,1877.1324408,-56.189,5.58,89.696,1.0
177.8333,128.341607,38.198922,1876.9108512,-56.225,5.664,89.436,1.0
177.85,128.341661,38.198918,1876.6999296000001,-56.267,5.748,89.176,1.0
177.8666,128.341715,38.198915,1876.4999808000002,-56.314,5.832,88.918,1.0
177.8833,128.34177,38.198911,1876.3113096000002,-56.365,5.916,88.661,1.0
177.9,128.341824,38.198908,1876.1333064,-56.419,6.0,88.405,1.0
177.9166,128.341878,38.198905,1875.966276,-56.473,6.086,88.149,1.0
177.9333,128.341932,38.198902,1875.8114376,-56.541,6.171,87.894,1.0
177.95,128.341986,38.1989,1875.6672672000002,-56.621,6.255,87.639,1.0
177.9666,128.342041,38.198897,1875.5343744000002,-56.711,6.34,87.385,1.0
177.9833,128.342095,38.198895,1875.4124544000001,-56.808,6.425,87.13,1.0
178.0,128.342149,38.198893,1875.3015072000003,-56.91,6.511,86.877,1.0
178.0166,128.342204,38.198891,1875.2015328,-57.016,6.598,86.624,1.0
178.0333,128.342258,38.198889,1875.1131408,-57.133,6.684,86.37,1.0
178.05,128.342312,38.198887,1875.0354168000001,-57.26,6.77,86.116,1.0
178.0666,128.342367,38.198886,1874.9689704,-57.394,6.856,85.862,1.0
178.0833,128.342421,38.198885,1874.913192,-57.535,6.942,85.608,1.0
178.1,128.342475,38.198883,1874.8680816,-57.68,7.028,85.354,1.0
178.1166,128.34253,38.198882,1874.8336392000003,-57.828,7.115,85.1,1.0
178.1333,128.342584,38.198882,1874.8101696,-57.979,7.202,84.846,1.0
178.15,128.342638,38.198881,1874.7970632,-58.133,7.29,84.592,1.0
178.1666,128.342693,38.19888,1874.7946248,-58.288,7.377,84.338,1.0
178.1833,128.342747,38.19888,1874.8025496,-58.443,7.465,84.084,1.0
178.2,128.342801,38.19888,1874.8208376000002,-58.598,7.552,83.829,1.0
178.2166,128.342856,38.19888,1874.8494888000002,-58.752,7.639,83.574,1.0
178.2333,128.34291,38.19888,1874.8888080000002,-58.909,7.725,83.319,1.0
178.25,128.342964,38.19888,1874.9384903999999,-59.068,7.811,83.064,1.0
178.2666,128.343019,38.198881,1874.9982312000002,-59.228,7.897,82.808,1.0
178.2833,128.343073,38.198882,1875.0683352,-59.39,7.982,82.552,1.0
178.3,128.343127,38.198883,1875.1481928,-59.553,8.067,82.296,1.0
178.3166,128.343182,38.198884,1875.2384136,-59.716,8.152,82.04,1.0
178.3333,128.343236,38.198885,1875.3386928,-59.88,8.237,81.784,1.0
178.35,128.34329,38.198886,1875.4487256,-60.045,8.321,81.527,1.0
178.3666,128.343345,38.198888,1875.5688168,-60.21,8.406,81.27,1.0
178.3833,128.343399,38.198889,1875.6986616000002,-60.374,8.49,81.013,1.0
178.4,128.343453,38.198891,1875.83826,-60.538,8.573,80.755,1.0
178.4166,128.343507,38.198893,1875.987612,-60.701,8.657,80.497,1.0
178.4333,128.343561,38.198895,1876.1464128000002,-60.865,8.74,80.24,1.0
178.45,128.343616,38.198898,1876.3149672000002,-61.028,8.822,79.981,1.0
178.4666,128.34367,38.1989,1876.4932752000002,-61.191,8.905,79.723,1.0
178.4833,128.343724,38.198903,1876.6807272,-61.354,8.987,79.464,1.0
178.5,128.343778,38.198906,1876.8779328,-61.516,9.068,79.206,1.0
178.5166,128.343832,38.198909,1877.0842824,-61.677,9.149,78.946,1.0
178.5333,128.343886,38.198912,1877.3000808000002,-61.839,9.23,78.687,1.0
178.55,128.34394,38.198916,1877.525328,-62.001,9.31,78.428,1.0
178.5666,128.343994,38.198919,1877.7594144,-62.163,9.391,78.168,1.0
178.5833,128.344048,38.198923,1878.0029496,-62.324,9.471,77.908,1.0
178.6,128.344102,38.198927,1878.2553240000002,-62.485,9.55,77.648,1.0
178.6166,128.344156,38.198931,1878.5168424,-62.645,9.629,77.387,1.0
178.6333,128.34421,38.198935,1878.7875048,-62.805,9.707,77.127,1.0
178.65,128.344264,38.19894,1879.0670064,-62.966,9.785,76.866,1.0
178.6666,128.344318,38.198945,1879.3553471999999,-63.126,9.863,76.605,1.0
178.6833,128.344371,38.198949,1879.6525272000001,-63.286,9.941,76.344,1.0
178.7,128.344425,38.198954,1879.9585464000002,-63.445,10.018,76.082,1.0
178.7166,128.344479,38.19896,1880.2731,-63.604,10.094,75.82,1.0
178.7333,128.344533,38.198965,1880.5964928,-63.764,10.17,75.558,1.0
178.75,128.344586,38.19897,1880.92842,-63.923,10.246,75.296,1.0
178.7666,128.34464,38.198976,1881.2688816,-64.082,10.322,75.033,1.0
178.7833,128.344693,38.198982,1881.6178776000002,-64.241,10.397,74.771,1.0
178.8,128.344747,38.198988,1881.975408,-64.4,10.471,74.508,1.0
178.8166,128.3448,38.198994,1882.3411680000002,-64.558,10.545,74.244,1.0
178.8333,128.344854,38.199001,1882.7154624,-64.717,10.618,73.981,1.0
178.85,128.344907,38.199007,1883.0979864,-64.875,10.692,73.717,1.0
178.8666,128.344961,38.199014,1883.4884352000001,-65.034,10.765,73.453,1.0
178.8833,128.345014,38.199021,1883.8874184000001,-65.193,10.837,73.189,1.0
178.9,128.345067,38.199028,1884.2943264000003,-65.351,10.909,72.924,1.0
178.9166,128.34512,38.199035,1884.7091592000002,-65.509,10.98,72.66,1.0
178.9333,128.345173,38.199043,1885.1322216,-65.668,11.051,72.395,1.0
178.95,128.345226,38.19905,1885.5632088,-65.826,11.121,72.129,1.0
178.9666,128.345279,38.199058,1886.0021208000003,-65.985,11.191,71.864,1.0
178.9833,128.345332,38.199066,1886.4486528000002,-66.144,11.261,71.598,1.0
179.0,128.345385,38.199074,1886.9031096,-66.302,11.33,71.332,1.0
179.0166,128.345438,38.199083,1887.3651864,-66.46,11.398,71.066,1.0
179.0333,128.345491,38.199091,1887.8348832000001,-66.623,11.468,70.8,1.0
179.05,128.345544,38.1991,1888.3118952,-66.79,11.541,70.536,1.0
179.0666,128.345596,38.199109,1888.7965272000001,-66.958,11.614,70.271,1.0
179.0833,128.345649,38.199118,1889.2887792,-67.124,11.687,70.007,1.0
179.1,128.345701,38.199127,1889.7883464000001,-67.289,11.759,69.742,1.0
179.1166,128.345754,38.199136,1890.2955336,-67.45,11.83,69.476,1.0
179.1333,128.345806,38.199146,1890.8097312000002,-67.613,11.901,69.211,1.0
179.15,128.345859,38.199156,1891.331244,-67.778,11.974,68.946,1.0
179.1666,128.345911,38.199165,1891.8597672,-67.944,12.046,68.681,1.0
179.1833,128.345963,38.199176,1892.3956056000002,-68.108,12.118,68.416,1.0
179.2,128.346015,38.199186,1892.9387592,-68.272,12.19,68.15,1.0
179.2166,128.346067,38.199196,1893.4886184000002,-68.434,12.26,67.884,1.0
179.2333,128.346119,38.199207,1894.0457928,-68.596,12.33,67.618,1.0
179.25,128.346171,38.199218,1894.6096728000002,-68.76,12.4,67.352,1.0
179.2666,128.346223,38.199229,1895.1805632,-68.924,12.47,67.085,1.0
179.2833,128.346275,38.19924,1895.7581592000001,-69.088,12.539,66.818,1.0
179.3,128.346326,38.199251,1896.3424608,-69.252,12.607,66.551,1.0
179.3166,128.346378,38.199263,1896.9337728,-69.416,12.674,66.283,1.0
179.3333,128.34643,38.199274,1897.5317903999999,-69.58,12.741,66.015,1.0
179.35,128.346481,38.199286,1898.1362088,-69.744,12.807,65.747,1.0
179.3666,128.346532,38.199298,1898.7473328,-69.91,12.872,65.478,1.0
179.3833,128.346584,38.19931,1899.3648576,-70.075,12.937,65.209,1.0
179.4,128.346635,38.199323,1899.9890880000003,-70.241,13.001,64.94,1.0
179.4166,128.346686,38.199335,1900.6194144,-70.407,13.064,64.67,1.0
179.4333,128.346737,38.199348,1901.2561416,-70.574,13.126,64.4,1.0
179.45,128.346788,38.199361,1901.8992696000003,-70.74,13.187,64.129,1.0
179.4666,128.346839,38.199374,1902.5487984,-70.907,13.247,63.858,1.0
179.4833,128.346889,38.199387,1903.2044232000003,-71.075,13.306,63.587,1.0
179.5,128.34694,38.199401,1903.866144,-71.244,13.365,63.315,1.0
179.5166,128.346991,38.199414,1904.533656,-71.413,13.422,63.043,1.0
179.5333,128.347041,38.199428,1905.2075688,-71.582,13.479,62.771,1.0
179.55,128.347092,38.199442,1905.8872728000001,-71.75,13.534,62.497,1.0
179.5666,128.347142,38.199456,1906.5730728,-71.92,13.588,62.224,1.0
179.5833,128.347192,38.19947,1907.2643592000002,-72.09,13.641,61.95,1.0
179.6,128.347242,38.199485,1907.9617416,-72.26,13.693,61.676,1.0
179.6166,128.347292,38.199499,1908.6646104000001,-72.432,13.745,61.401,1.0
179.6333,128.347342,38.199514,1909.3735752000002,-72.604,13.795,61.126,1.0
179.65,128.347392,38.199529,1910.0877216000001,-72.775,13.843,60.85,1.0
179.6666,128.347442,38.199544,1910.8076592000002,-72.946,13.89,60.574,1.0
179.6833,128.347491,38.19956,1911.5327784,-73.118,13.937,60.298,1.0
179.7,128.347541,38.199575,1912.2636888000002,-73.291,13.982,60.021,1.0
179.7166,128.34759,38.199591,1912.9997808,-73.466,14.027,59.744,1.0
179.7333,128.347639,38.199607,1913.7410544000002,-73.639,14.07,59.467,1.0
179.75,128.347689,38.199623,1914.4878144,-73.813,14.112,59.189,1.0
179.7666,128.347738,38.199639,1915.2397560000002,-73.986,14.152,58.91,1.0
179.7833,128.347787,38.199655,1915.9965744000003,-74.16,14.191,58.631,1.0
179.8,128.347835,38.199672,1916.7585744000003,-74.335,14.229,58.352,1.0
179.8166,128.347884,38.199688,1917.5257560000002,-74.511,14.267,58.073,1.0
179.8333,128.347933,38.199705,1918.2978144,-74.687,14.303,57.793,1.0
179.85,128.347981,38.199722,1919.0744448000003,-74.863,14.338,57.513,1.0
179.8666,128.34803,38.199739,1919.8562568,-75.038,14.372,57.233,1.0
179.8833,128.348078,38.199757,1920.6426408,-75.214,14.404,56.952,1.0
179.9,128.348126,38.199774,1921.4339016000001,-75.391,14.436,56.672,1.0
179.9166,128.348174,38.199792,1922.2294296,-75.569,14.467,56.391,1.0
179.9333,128.348222,38.19981,1923.0298344000003,-75.746,14.497,56.109,1.0
179.95,128.34827,38.199828,1923.8348112,-75.924,14.525,55.828,1.0
179.9666,128.348318,38.199846,1924.6440552,-76.101,14.553,55.546,1.0
179.9833,128.348365,38.199865,1925.4575664000001,-76.279,14.579,55.264,1.0
180.0,128.348413,38.199883,1926.2756496,-76.457,14.605,54.982,1.0
180.0166,128.34846,38.199902,1927.0980000000002,-76.636,14.63,54.699,1.0
180.0333,128.348508,38.199921,1927.9243128000003,-76.815,14.654,54.417,1.0
180.05,128.348555,38.19994,1928.7548928,-76.993,14.677,54.134,1.0
180.0666,128.348602,38.199959,1929.5897400000001,-77.172,14.699,53.851,1.0
180.0833,128.348648,38.199978,1930.4282448000001,-77.351,14.72,53.568,1.0
180.1,128.348695,38.199998,1931.2710168,-77.53,14.74,53.285,1.0
180.1166,128.348742,38.200018,1932.1174464,-77.709,14.76,53.002,1.0
180.1333,128.348788,38.200038,1932.9675336,-77.888,14.778,52.718,1.0
180.15,128.348835,38.200058,1933.8215832,-78.067,14.796,52.434,1.0
180.1666,128.348881,38.200078,1934.6792904,-78.246,14.812,52.151,1.0
180.1833,128.348927,38.200098,1935.5406552,-78.425,14.828,51.867,1.0
180.2,128.348973,38.200119,1936.4053728000001,-78.604,14.843,51.582,1.0
180.2166,128.349019,38.20014,1937.2734432000002,-78.784,14.857,51.298,1.0
180.2333,128.349064,38.20016,1938.1451712,-78.963,14.87,51.014,1.0
180.25,128.34911,38.200181,1939.020252,-79.142,14.883,50.729,1.0
180.2666,128.349155,38.200203,1939.8983808,-79.322,14.895,50.445,1.0
180.2833,128.349201,38.200224,1940.7798624000002,-79.501,14.906,50.16,1.0
180.3,128.349246,38.200246,1941.6646968000002,-79.68,14.916,49.875,1.0
180.3166,128.349291,38.200267,1942.5522744000002,-79.86,14.925,49.59,1.0
180.3333,128.349336,38.200289,1943.4429,-80.039,14.934,49.306,1.0
180.35,128.34938,38.200311,1944.3365736,-80.218,14.941,49.02,1.0
180.3666,128.349425,38.200333,1945.2329904,-80.397,14.948,48.735,1.0
180.3833,128.34947,38.200356,1946.1321504000002,-80.576,14.954,48.45,1.0
180.4,128.349514,38.200378,1947.0340536,-80.755,14.96,48.165,1.0
180.4166,128.349558,38.200401,1947.9387000000002,-80.934,14.964,47.879,1.0
180.4333,128.349602,38.200424,1948.8460896000001,-81.113,14.968,47.594,1.0
180.45,128.349646,38.200447,1949.7559176000002,-81.292,14.971,47.308,1.0
180.4666,128.34969,38.20047,1950.668184,-81.471,14.974,47.023,1.0
180.4833,128.349733,38.200493,1951.5828888,-81.65,14.975,46.737,1.0
180.5,128.349777,38.200516,1952.4997272,-81.828,14.976,46.451,1.0
180.5166,128.34982,38.20054,1953.4190039999999,-82.006,14.976,46.165,1.0
180.5333,128.349863,38.200564,1954.3404144,-82.185,14.975,45.879,1.0
180.55,128.349906,38.200588,1955.2639584000003,-82.363,14.973,45.593,1.0
180.5666,128.349949,38.200612,1956.189636,-82.541,14.971,45.307,1.0
180.5833,128.349991,38.200636,1957.1171424000001,-82.719,14.968,45.021,1.0
180.6,128.350034,38.20066,1958.0467824,-82.897,14.964,44.735,1.0
180.6166,128.350076,38.200685,1958.9782512000002,-83.075,14.959,44.449,1.0
180.6333,128.350118,38.20071,1959.9112440000001,-83.253,14.953,44.163,1.0
180.65,128.35016,38.200735,1960.8463704,-83.43,14.947,43.877,1.0
180.6666,128.350202,38.20076,1961.7827160000002,-83.608,14.94,43.59,1.0
180.6833,128.350244,38.200785,1962.7211952,-83.785,14.932,43.304,1.0
180.7,128.350286,38.20081,1963.6608936000002,-83.963,14.923,43.018,1.0
180.7166,128.350327,38.200836,1964.6018112000002,-84.14,14.914,42.731,1.0
180.7333,128.350368,38.200861,1965.5445576,-84.317,14.903,42.445,1.0
180.75,128.350409,38.200887,1966.4885232000001,-84.494,14.892,42.158,1.0
180.7666,128.35045,38.200913,1967.4334032000002,-84.671,14.88,41.872,1.0
180.7833,128.350491,38.200939,1968.3798072000002,-84.848,14.868,41.585,1.0
180.8,128.350532,38.200965,1969.3274304000001,-85.024,14.854,41.299,1.0
180.8166,128.350572,38.200992,1970.2759680000001,-85.201,14.84,41.012,1.0
180.8333,128.350612,38.201018,1971.22542,-85.377,14.825,40.726,1.0
180.85,128.350652,38.201045,1972.1757864,-85.553,14.809,40.439,1.0
180.8666,128.350692,38.201072,1973.1270672,-85.729,14.792,40.153,1.0
180.8833,128.350732,38.201099,1974.0789576,-85.905,14.774,39.866,1.0
180.9,128.350771,38.201126,1975.0317624000002,-86.081,14.756,39.58,1.0
180.9166,128.350811,38.201153,1975.9851768,-86.257,14.737,39.293,1.0
180.9333,128.35085,38.20118,1976.9392008,-86.432,14.717,39.007,1.0
180.95,128.350889,38.201208,1977.8938344000003,-86.608,14.696,38.72,1.0
180.9666,128.350928,38.201236,1978.8487728,-86.783,14.675,38.434,1.0
180.9833,128.350967,38.201263,1979.804016,-86.958,14.652,38.147,1.0
181.0,128.351005,38.201291,1980.7595640000002,-87.133,14.629,37.861,1.0
181.0166,128.351044,38.20132,1981.7157216,-87.308,14.605,37.574,1.0
181.0333,128.351082,38.201348,1982.6715744000003,-87.482,14.58,37.288,1.0
181.05,128.35112,38.201376,1983.6277320000002,-87.657,14.554,37.001,1.0
181.0666,128.351158,38.201405,1984.5841944000001,-87.831,14.528,36.715,1.0
181.0833,128.351195,38.201433,1985.540352,-88.006,14.501,36.428,1.0
181.1,128.351233,38.201462,1986.4962048000002,-88.18,14.473,36.142,1.0
181.1166,128.35127,38.201491,1987.4523624,-88.354,14.444,35.856,1.0
181.1333,128.351307,38.20152,1988.4079104000002,-88.527,14.414,35.57,1.0
181.15,128.351344,38.20155,1989.3634584000001,-88.701,14.384,35.283,1.0
181.1666,128.351381,38.201579,1990.3183968,-88.875,14.353,34.997,1.0
181.1833,128.351417,38.201609,1991.2730304,-89.049,14.321,34.711,1.0
181.2,128.351453,38.201638,1992.2273592000001,-89.222,14.289,34.425,1.0
181.2166,128.35149,38.201668,1993.1807736,-89.395,14.255,34.139,1.0
181.2333,128.351526,38.201698,1994.1338832000001,-89.568,14.221,33.853,1.0
181.25,128.351561,38.201728,1995.0860784000001,-89.741,14.187,33.567,1.0
181.2666,128.351597,38.201758,1996.0376640000002,-89.915,14.152,33.282,1.0
181.2833,128.351632,38.201788,1996.9883352000002,-90.088,14.116,32.996,1.0
181.3,128.351668,38.201819,1997.938092,-90.261,14.08,32.711,1.0
181.3166,128.351703,38.20185,1998.8869344000002,-90.433,14.042,32.425,1.0
181.3333,128.351738,38.20188,1999.8345576,-90.607,14.006,32.14,1.0
181.35,128.351772,38.201911,2000.7812664000003,-90.783,13.97,31.855,1.0
181.3666,128.351807,38.201942,2001.7267560000003,-90.96,13.934,31.57,1.0
181.3833,128.351841,38.201973,2002.6713312000002,-91.135,13.898,31.285,1.0
181.4,128.351875,38.202005,2003.6143824,-91.309,13.861,31.0,1.0
181.4166,128.351909,38.202036,2004.5562144,-91.48,13.823,30.715,1.0
181.4333,128.351943,38.202067,2005.4965224,-91.653,13.786,30.43,1.0
181.45,128.351976,38.202099,2006.4353064,-91.826,13.75,30.145,1.0
181.4666,128.352009,38.202131,2007.3725664000003,-91.998,13.714,29.861,1.0
181.4833,128.352043,38.202163,2008.3083024000002,-92.168,13.678,29.576,1.0
181.5,128.352075,38.202195,2009.2425144000001,-92.336,13.64,29.292,1.0
181.5166,128.352108,38.202227,2010.1748976000001,-92.501,13.601,29.008,1.0
181.5333,128.352141,38.202259,2011.105452,-92.661,13.562,28.723,1.0
181.55,128.352173,38.202291,2012.0344824,-92.816,13.523,28.439,1.0
181.5666,128.352205,38.202324,2012.961684,-92.967,13.483,28.156,1.0
181.5833,128.352237,38.202357,2013.8867520000001,-93.115,13.441,27.872,1.0
181.6,128.352269,38.202389,2014.8099912000002,-93.26,13.399,27.588,1.0
181.6166,128.3523,38.202422,2015.7310968000002,-93.403,13.356,27.305,1.0
181.6333,128.352332,38.202455,2016.6503736,-93.535,13.313,27.022,1.0
181.65,128.352363,38.202488,2017.5675168,-93.658,13.271,26.739,1.0
181.6666,128.352394,38.202521,2018.4825264,-93.771,13.229,26.456,1.0
181.6833,128.352424,38.202555,2019.3950976,-93.877,13.186,26.174,1.0
181.7,128.352455,38.202588,2020.3058400000002,-93.976,13.142,25.891,1.0
181.7166,128.352485,38.202622,2021.214144,-94.07,13.097,25.61,1.0
181.7333,128.352515,38.202655,2022.1203144,-94.162,13.051,25.328,1.0
181.75,128.352545,38.202689,2023.0237416,-94.253,13.005,25.048,1.0
181.7666,128.352575,38.202723,2023.9250352000001,-94.344,12.957,24.767,1.0
181.7833,128.352605,38.202757,2024.8238904,-94.435,12.909,24.487,1.0
181.8,128.352634,38.202791,2025.7203072000002,-94.527,12.861,24.207,1.0
181.8166,128.352663,38.202826,2026.6142856000001,-94.619,12.812,23.927,1.0
181.8333,128.352692,38.20286,2027.5055208,-94.716,12.763,23.648,1.0
181.85,128.352721,38.202894,2028.3940128000002,-94.817,12.712,23.369,1.0
181.8666,128.352749,38.202929,2029.2800664000001,-94.922,12.661,23.09,1.0
181.8833,128.352777,38.202964,2030.1633768,-95.031,12.609,22.811,1.0
181.9,128.352805,38.202998,2031.043944,-95.143,12.557,22.532,1.0
181.9166,128.352833,38.203033,2031.9214632,-95.257,12.505,22.253,1.0
181.9333,128.352861,38.203068,2032.796544,-95.377,12.451,21.974,1.0
181.95,128.352888,38.203104,2033.6685768,-95.502,12.397,21.695,1.0
181.9666,128.352915,38.203139,2034.5375616000001,-95.63,12.342,21.416,1.0
181.9833,128.352942,38.203174,2035.4038032,-95.763,12.286,21.138,1.0
182.0,128.352969,38.20321,2036.2666920000001,-95.898,12.229,20.859,1.0
182.0166,128.352995,38.203245,2037.1265328000002,-96.035,12.173,20.58,1.0
182.0333,128.353022,38.203281,2037.9833256,-96.177,12.115,20.302,1.0
182.05,128.353048,38.203316,2038.8370704000001,-96.322,12.055,20.023,1.0
182.0666,128.353074,38.203352,2039.6874624000002,-96.47,11.995,19.744,1.0
182.0833,128.353099,38.203388,2040.5345016,-96.622,11.934,19.466,1.0
182.1,128.353125,38.203424,2041.3781880000001,-96.775,11.873,19.188,1.0
182.1166,128.35315,38.20346,2042.2182168,-96.93,11.811,18.909,1.0
182.1333,128.353175,38.203497,2043.0551976000002,-97.086,11.747,18.631,1.0
182.15,128.3532,38.203533,2043.888216,-97.244,11.682,18.353,1.0
182.1666,128.353224,38.203569,2044.7178816,-97.402,11.615,18.075,1.0
182.1833,128.353249,38.203606,2045.5438896,-97.562,11.548,17.797,1.0
182.2,128.353273,38.203643,2046.36624,-97.723,11.48,17.519,1.0
182.2166,128.353296,38.203679,2047.184628,-97.886,11.411,17.242,1.0
182.2333,128.35332,38.203716,2047.9993584000001,-98.046,11.339,16.964,1.0
182.25,128.353344,38.203753,2048.8101264,-98.205,11.265,16.687,1.0
182.2666,128.353367,38.20379,2049.6169320000004,-98.363,11.19,16.411,1.0
182.2833,128.35339,38.203827,2050.4197752,-98.522,11.113,16.135,1.0
182.3,128.353412,38.203864,2051.218656,-98.682,11.035,15.858,1.0
182.3166,128.353435,38.203902,2052.0129648,-98.844,10.957,15.582,1.0
182.3333,128.353457,38.203939,2052.8033112000003,-99.01,10.88,15.306,1.0
182.35,128.353479,38.203976,2053.5890856,-99.179,10.804,15.03,1.0
182.3666,128.353501,38.204014,2054.3705928,-99.35,10.729,14.754,1.0
182.3833,128.353523,38.204052,2055.147528,-99.519,10.653,14.477,1.0
182.4,128.353544,38.204089,2055.920196,-99.687,10.577,14.201,1.0
182.4166,128.353565,38.204127,2056.6882920000003,-99.852,10.499,13.926,1.0
182.4333,128.353586,38.204165,2057.4518160000002,-100.016,10.421,13.65,1.0
182.45,128.353607,38.204203,2058.2104632,-100.177,10.342,13.375,1.0
182.4666,128.353628,38.204241,2058.9645384,-100.337,10.262,13.1,1.0
182.4833,128.353648,38.204279,2059.7140416,-100.496,10.182,12.825,1.0
182.5,128.353668,38.204317,2060.4583632,-100.653,10.1,12.551,1.0
182.5166,128.353688,38.204355,2061.1981128,-100.809,10.018,12.277,1.0
182.5333,128.353707,38.204394,2061.9329856000004,-100.975,9.925,12.005,1.0
182.55,128.353726,38.204432,2062.6626768,-101.149,9.821,11.735,1.0
182.5666,128.353746,38.204471,2063.3868816,-101.339,9.712,11.468,1.0
182.5833,128.353764,38.204509,2064.1059048,-101.549,9.6,11.2,1.0
182.6,128.353783,38.204548,2064.8191368000003,-101.778,9.489,10.933,1.0
182.6166,128.353801,38.204587,2065.5265776,-102.024,9.378,10.665,1.0
182.6333,128.353819,38.204625,2066.2288368000004,-102.412,9.252,10.4,1.0
182.65,128.353837,38.204664,2066.9246952,-102.933,9.109,10.139,1.0
182.6666,128.353855,38.204703,2067.6132384000002,-103.571,8.959,9.879,1.0
182.6833,128.353872,38.204742,2068.2938568,-104.311,8.808,9.62,1.0
182.7,128.353889,38.204781,2068.9665504000004,-105.134,8.66,9.361,1.0
182.7166,128.353906,38.204821,2069.631624,-106.018,8.514,9.1,1.0
182.7333,128.353922,38.20486,2070.2890776000004,-106.925,8.369,8.837,1.0
182.75,128.353938,38.204899,2070.9389112,-107.839,8.223,8.573,1.0
182.7666,128.353954,38.204939,2071.5811248,-108.752,8.073,8.307,1.0
182.7833,128.35397,38.204978,2072.2151088,-109.66,7.917,8.042,1.0
182.8,128.353985,38.205018,2072.8408632,-110.563,7.754,7.777,1.0
182.8166,128.354001,38.205057,2073.4574736,-111.461,7.585,7.513,1.0
182.8333,128.354016,38.205097,2074.0652448,-112.48,7.404,7.275,1.0
182.85,128.354031,38.205137,2074.6626528,-113.612,7.22,7.079,1.0
182.8666,128.354045,38.205176,2075.249088,-114.863,7.038,6.92,1.0
182.8833,128.354059,38.205216,2075.8233312,-116.222,6.859,6.781,1.0
182.9,128.354073,38.205256,2076.3850776000004,-117.672,6.681,6.648,1.0
182.9166,128.354087,38.205296,2076.9343272,-119.192,6.5,6.515,1.0
182.9333,128.3541,38.205336,2077.4701656,-120.829,6.321,6.402,1.0
182.95,128.354114,38.205376,2077.9913736,-122.574,6.15,6.32,1.0
182.9666,128.354127,38.205416,2078.4976464,-124.424,5.982,6.26,1.0
182.9833,128.354139,38.205457,2078.9886792,-126.379,5.812,6.212,1.0
183.0,128.354152,38.205497,2079.4647768,-128.429,5.634,6.169,1.0
183.0166,128.354164,38.205537,2079.9265488,-130.555,5.446,6.129,1.0
183.0333,128.354176,38.205577,2080.3709472,-132.776,5.26,6.107,1.0
183.05,128.354188,38.205618,2080.7998008,-135.089,5.075,6.104,1.0
183.0666,128.3542,38.205658,2081.2118904,-137.492,4.888,6.117,1.0
183.0833,128.354211,38.205699,2081.60874,-139.968,4.695,6.138,1.0
183.1,128.354223,38.205739,2081.9903496,-142.501,4.495,6.166,1.0
183.1166,128.354234,38.20578,2082.3573288000002,-145.079,4.287,6.199,1.0
183.1333,128.354245,38.20582,2082.7081536,-147.704,4.076,6.24,1.0
183.15,128.354256,38.205861,2083.0443480000004,-150.366,3.862,6.289,1.0
183.1666,128.354267,38.205902,2083.365912,-153.059,3.647,6.345,1.0
183.1833,128.354278,38.205942,2083.6734552,-155.777,3.43,6.406,1.0
183.2,128.354289,38.205983,2083.9666728,-158.513,3.211,6.471,1.0
183.2166,128.354299,38.206024,2084.2458696000003,-161.265,2.992,6.541,1.0
183.2333,128.35431,38.206064,2084.513484,-164.006,2.764,6.609,1.0
183.25,128.354321,38.206105,2084.7682968000004,-166.737,2.528,6.675,1.0
183.2666,128.354331,38.206146,2085.0100032,-169.459,2.288,6.74,1.0
183.2833,128.354342,38.206187,2085.2389080000003,-172.175,2.047,6.806,1.0
183.3,128.354352,38.206228,2085.455316,-174.887,1.806,6.871,1.0
183.3166,128.354363,38.206268,2085.6592272000003,-177.596,1.568,6.936,1.0
183.3333,128.354373,38.206309,2085.8524704,179.744,1.316,6.999,1.0
183.35,128.354383,38.20635,2086.03596,177.139,1.049,7.067,1.0
183.3666,128.354394,38.206391,2086.2075624,174.587,0.774,7.144,1.0
183.3833,128.354404,38.206432,2086.3669728,172.08,0.498,7.235,1.0
183.4,128.354415,38.206473,2086.5141912000004,169.61,0.223,7.341,1.0
183.4166,128.354425,38.206514,2086.6489128000003,167.166,-0.046,7.46,1.0
183.4333,128.354435,38.206555,2086.7738808,164.788,-0.329,7.592,1.0
183.45,128.354446,38.206596,2086.8890952,162.467,-0.626,7.737,1.0
183.4666,128.354456,38.206637,2086.991508,160.193,-0.927,7.894,1.0
183.4833,128.354466,38.206678,2087.0823384,157.956,-1.226,8.065,1.0
183.5,128.354477,38.206719,2087.1606720000004,155.749,-1.517,8.248,1.0
183.5166,128.354487,38.20676,2087.2265088,153.564,-1.8,8.444,1.0
183.5333,128.354498,38.206801,2087.282592,151.448,-2.091,8.654,1.0
183.55,128.354508,38.206842,2087.328312,149.392,-2.391,8.878,1.0
183.5666,128.354519,38.206883,2087.36184,147.385,-2.69,9.117,1.0
183.5833,128.354529,38.206924,2087.3834808,145.419,-2.983,9.367,1.0
183.6,128.35454,38.206966,2087.3926248000002,143.484,-3.265,9.629,1.0
183.6166,128.354551,38.207007,2087.3895768,141.571,-3.533,9.899,1.0
183.6333,128.354561,38.207048,2087.3758608,139.729,-3.806,10.186,1.0
183.65,128.354572,38.207089,2087.3520864,137.95,-4.084,10.487,1.0
183.6666,128.354583,38.20713,2087.3164248000003,136.222,-4.358,10.801,1.0
183.6833,128.354594,38.207171,2087.2685712,134.534,-4.623,11.125,1.0
183.7,128.354605,38.207212,2087.2085256,132.878,-4.873,11.456,1.0
183.7166,128.354616,38.207253,2087.1365928,131.244,-5.108,11.792,1.0
183.7333,128.354627,38.207295,2087.053992,129.684,-5.346,12.143,1.0
183.75,128.354639,38.207336,2086.961028,128.189,-5.587,12.51,1.0
183.7666,128.35465,38.207377,2086.8570912,126.746,-5.823,12.887,1.0
183.7833,128.354661,38.207418,2086.7406576,125.346,-6.047,13.271,1.0
183.8,128.354673,38.207459,2086.6129464,123.979,-6.257,13.658,1.0
183.8166,128.354685,38.2075,2086.473348,122.634,-6.45,14.046,1.0
183.8333,128.354697,38.207541,2086.3236912,121.358,-6.644,14.448,1.0
183.85,128.354708,38.207582,2086.1636712,120.142,-6.838,14.862,1.0
183.8666,128.35472,38.207624,2085.9926784,118.975,-7.026,15.285,1.0
183.8833,128.354733,38.207665,2085.8101032,117.847,-7.202,15.71,1.0
183.9,128.354745,38.207706,2085.6165551999998,116.749,-7.365,16.134,1.0
183.9166,128.354757,38.207747,2085.4117296,115.672,-7.513,16.556,1.0
183.9333,128.35477,38.207788,2085.1974552,114.651,-7.654,16.978,1.0
183.95,128.354783,38.207829,2084.9734272,113.679,-7.789,17.4,1.0
183.9666,128.354796,38.20787,2084.7381216,112.745,-7.916,17.822,1.0
183.9833,128.354809,38.207911,2084.4924528,111.843,-8.033,18.241,1.0
184.0,128.354822,38.207952,2084.2364208000004,110.964,-8.139,18.657,1.0
184.0166,128.354835,38.207993,2083.9700256,110.101,-8.233,19.068,1.0
184.0333,128.354849,38.208033,2083.6944864,109.285,-8.321,19.473,1.0
184.05,128.354863,38.208074,2083.4098032,108.509,-8.404,19.871,1.0
184.0666,128.354877,38.208115,2083.1147568,107.765,-8.479,20.265,1.0
184.0833,128.354891,38.208156,2082.8105664000004,107.049,-8.547,20.655,1.0
184.1,128.354905,38.208197,2082.4966224,106.353,-8.606,21.04,1.0
184.1166,128.35492,38.208237,2082.1732296,105.671,-8.658,21.421,1.0
184.1333,128.354934,38.208278,2081.841912,105.029,-8.706,21.797,1.0
184.15,128.354949,38.208319,2081.5014504,104.42,-8.75,22.169,1.0
184.1666,128.354964,38.208359,2081.1524544,103.84,-8.79,22.535,1.0
184.1833,128.354979,38.2084,2080.7946192,103.283,-8.824,22.899,1.0
184.2,128.354995,38.208441,2080.4282496,102.743,-8.854,23.258,1.0
184.2166,128.35501,38.208481,2080.0533456000003,102.218,-8.877,23.614,1.0
184.2333,128.355026,38.208521,2079.6696024000003,101.642,-8.891,23.967,1.0
184.25,128.355042,38.208562,2079.27702,101.015,-8.894,24.317,1.0
184.2666,128.355059,38.208602,2078.8765128,100.343,-8.891,24.664,1.0
184.2833,128.355075,38.208642,2078.4680808000003,99.632,-8.886,25.007,1.0
184.3,128.355092,38.208683,2078.0520288000002,98.892,-8.88,25.347,1.0
184.3166,128.355109,38.208723,2077.6289664,98.132,-8.873,25.685,1.0
184.3333,128.355126,38.208763,2077.1991984,97.422,-8.869,26.02,1.0
184.35,128.355144,38.208803,2076.7630296,96.768,-8.868,26.354,1.0
184.3666,128.355161,38.208843,2076.3201552,96.166,-8.866,26.686,1.0
184.3833,128.355179,38.208883,2075.8708800000004,95.609,-8.859,27.017,1.0
184.4,128.355197,38.208922,2075.4155088,95.088,-8.845,27.346,1.0
184.4166,128.355216,38.208962,2074.9540416,94.593,-8.824,27.674,1.0
184.4333,128.355234,38.209002,2074.4873928,94.163,-8.804,27.999,1.0
184.45,128.355253,38.209042,2074.0152576,93.789,-8.784,28.321,1.0
184.4666,128.355272,38.209081,2073.537636,93.46,-8.763,28.64,1.0
184.4833,128.355291,38.209121,2073.0542232000003,93.168,-8.74,28.957,1.0
184.5,128.35531,38.20916,2072.5659336,92.906,-8.713,29.271,1.0
184.5166,128.35533,38.2092,2072.0724624,92.664,-8.682,29.581,1.0
184.5333,128.355349,38.209239,2071.5738096,92.448,-8.651,29.889,1.0
184.55,128.355369,38.209279,2071.0705848,92.253,-8.62,30.194,1.0
184.5666,128.35539,38.209318,2070.5621784,92.074,-8.588,30.496,1.0
184.5833,128.35541,38.209357,2070.0495048000002,91.907,-8.555,30.796,1.0
184.6,128.355431,38.209396,2069.5319544,91.751,-8.523,31.094,1.0
184.6166,128.355451,38.209435,2069.009832,91.603,-8.489,31.39,1.0
184.6333,128.355473,38.209474,2068.4831376,91.473,-8.457,31.684,1.0
184.65,128.355494,38.209513,2067.9524808,91.36,-8.426,31.976,1.0
184.6666,128.355515,38.209552,2067.417252,91.262,-8.396,32.267,1.0
184.6833,128.355537,38.209591,2066.8774512,91.177,-8.366,32.556,1.0
184.7,128.355559,38.209629,2066.333688,91.103,-8.335,32.844,1.0
184.7166,128.355581,38.209668,2065.7859624000002,91.037,-8.305,33.131,1.0
184.7333,128.355604,38.209706,2065.2339696000004,90.984,-8.276,33.416,1.0
184.75,128.355626,38.209745,2064.6777096,90.943,-8.248,33.699,1.0
184.7666,128.355649,38.209783,2064.117792,90.913,-8.22,33.982,1.0
184.7833,128.355672,38.209822,2063.5536072,90.891,-8.194,34.264,1.0
184.8,128.355696,38.20986,2062.98546,90.876,-8.168,34.545,1.0
184.8166,128.355719,38.209898,2062.4136552,90.868,-8.143,34.825,1.0
184.8333,128.355743,38.209936,2061.8375832,90.861,-8.118,35.103,1.0
184.85,128.355767,38.209974,2061.2578536,90.852,-8.093,35.382,1.0
184.8666,128.355791,38.210012,2060.6744664000003,90.844,-8.069,35.659,1.0
184.8833,128.355816,38.210049,2060.0871168,90.835,-8.046,35.936,1.0
184.9,128.35584,38.210087,2059.4961096,90.827,-8.025,36.212,1.0
184.9166,128.355865,38.210125,2058.9014448000003,90.821,-8.005,36.489,1.0
184.9333,128.35589,38.210162,2058.3028176000003,90.812,-7.985,36.764,1.0
184.95,128.355916,38.2102,2057.7008376000003,90.8,-7.966,37.04,1.0
184.9666,128.355941,38.210237,2057.0952,90.787,-7.947,37.316,1.0
184.9833,128.355967,38.210274,2056.4859048000003,90.774,-7.93,37.591,1.0
185.0,128.355993,38.210311,2055.872952,90.761,-7.914,37.866,1.0
185.0166,128.35602,38.210348,2055.2566464,90.749,-7.898,38.141,1.0
185.0333,128.356046,38.210385,2054.6366832000003,90.736,-7.884,38.416,1.0
185.05,128.356073,38.210422,2054.0130624,90.722,-7.871,38.691,1.0
185.0666,128.3561,38.210458,2053.3863936000002,90.708,-7.858,38.966,1.0
185.0833,128.356127,38.210495,2052.7560672,90.695,-7.847,39.241,1.0
185.1,128.356154,38.210531,2052.1223880000002,90.683,-7.836,39.516,1.0
185.1166,128.356182,38.210568,2051.4850512000003,90.673,-7.826,39.791,1.0
185.1333,128.35621,38.210604,2050.8446664000003,90.663,-7.817,40.066,1.0
185.15,128.356238,38.21064,2050.2009288000004,90.652,-7.808,40.341,1.0
185.1666,128.356266,38.210676,2049.5538384,90.641,-7.801,40.616,1.0
185.1833,128.356295,38.210712,2048.9033952,90.631,-7.794,40.891,1.0
185.2,128.356324,38.210748,2048.249904,90.622,-7.788,41.166,1.0
185.2166,128.356353,38.210784,2047.5930600000002,90.615,-7.783,41.442,1.0
185.2333,128.356382,38.210819,2046.9328632,90.608,-7.779,41.717,1.0
185.25,128.356411,38.210855,2046.2696184000001,90.6,-7.775,41.992,1.0
185.2666,128.356441,38.21089,2045.6030208000002,90.592,-7.772,42.268,1.0
185.2833,128.356471,38.210925,2044.9333752000002,90.586,-7.77,42.543,1.0
185.3,128.356501,38.210961,2044.2603768,90.581,-7.768,42.819,1.0
185.3166,128.356531,38.210996,2043.5846352,90.577,-7.767,43.095,1.0
185.3333,128.356562,38.21103,2042.905236,90.574,-7.767,43.371,1.0
185.35,128.356592,38.211065,2042.2230936000003,90.57,-7.767,43.647,1.0
185.3666,128.356623,38.2111,2041.5379032,90.566,-7.767,43.923,1.0
185.3833,128.356654,38.211134,2040.8493600000002,90.562,-7.768,44.199,1.0
185.4,128.356686,38.211169,2040.1580736,90.56,-7.769,44.476,1.0
185.4166,128.356717,38.211203,2039.4634344,90.558,-7.771,44.752,1.0
185.4333,128.356749,38.211237,2038.766052,90.551,-7.773,45.029,1.0
185.45,128.356781,38.211271,2038.0653168000001,90.541,-7.775,45.306,1.0
185.4666,128.356813,38.211305,2037.3618384000001,90.527,-7.776,45.583,1.0
185.4833,128.356846,38.211339,2036.6553119999999,90.511,-7.779,45.86,1.0
185.5,128.356879,38.211373,2035.9460424000001,90.492,-7.782,46.137,1.0
185.5166,128.356911,38.211406,2035.2337248000001,90.473,-7.785,46.415,1.0
185.5333,128.356944,38.21144,2034.5183592,90.445,-7.789,46.693,1.0
185.55,128.356978,38.211473,2033.7999456000002,90.409,-7.792,46.971,1.0
185.5666,128.357011,38.211506,2033.0790936000003,90.367,-7.795,47.249,1.0
185.5833,128.357045,38.211539,2032.3551936000001,90.32,-7.798,47.528,1.0
185.6,128.357079,38.211572,2031.6285504000002,90.27,-7.802,47.807,1.0
185.6166,128.357113,38.211605,2030.8988592,90.218,-7.807,48.086,1.0
185.6333,128.357147,38.211637,2030.1667296,90.157,-7.811,48.365,1.0
185.65,128.357182,38.21167,2029.4318568,90.088,-7.814,48.645,1.0
185.6666,128.357217,38.211702,2028.6942408,90.013,-7.818,48.925,1.0
185.6833,128.357252,38.211734,2027.9538816000002,89.934,-7.822,49.205,1.0
185.7,128.357287,38.211766,2027.211084,89.852,-7.826,49.485,1.0
185.7166,128.357322,38.211798,2026.4658480000003,89.767,-7.83,49.766,1.0
185.7333,128.357358,38.21183,2025.7178688,89.675,-7.833,50.047,1.0
185.75,128.357394,38.211862,2024.9674512000001,89.577,-7.836,50.328,1.0
185.7666,128.35743,38.211893,2024.2145952,89.474,-7.839,50.61,1.0
185.7833,128.357466,38.211924,2023.4593008,89.367,-7.842,50.891,1.0
185.8,128.357502,38.211956,2022.701568,89.257,-7.844,51.173,1.0
185.8166,128.357539,38.211987,2021.9417016000002,89.146,-7.847,51.455,1.0
185.8333,128.357576,38.212017,2021.1797016000003,89.031,-7.849,51.737,1.0
185.85,128.357613,38.212048,2020.4152632,88.914,-7.851,52.019,1.0
185.8666,128.35765,38.212079,2019.6486912000003,88.794,-7.852,52.302,1.0
185.8833,128.357687,38.212109,2018.8802904,88.674,-7.853,52.584,1.0
185.9,128.357725,38.21214,2018.1094512000002,88.552,-7.853,52.867,1.0
185.9166,128.357763,38.21217,2017.3367832000001,88.43,-7.854,53.149,1.0
185.9333,128.3578,38.2122,2016.5622864000002,88.307,-7.853,53.432,1.0
185.95,128.357839,38.21223,2015.7856560000002,88.181,-7.852,53.715,1.0
185.9666,128.357877,38.212259,2015.0075016000003,88.055,-7.851,53.998,1.0
185.9833,128.357915,38.212289,2014.2272136000001,87.928,-7.849,54.281,1.0
186.0,128.357954,38.212318,2013.4454016000002,87.8,-7.847,54.564,1.0
186.0166,128.357993,38.212347,2012.6617608,87.673,-7.844,54.847,1.0
186.0333,128.358032,38.212376,2011.8765960000003,87.544,-7.841,55.13,1.0
186.05,128.358071,38.212405,2011.0899072000002,87.413,-7.837,55.413,1.0
186.0666,128.358111,38.212434,2010.3013896,87.282,-7.833,55.696,1.0
186.0833,128.358151,38.212463,2009.5116528000003,87.151,-7.828,55.979,1.0
186.1,128.35819,38.212491,2008.7203920000002,87.019,-7.822,56.261,1.0
186.1166,128.35823,38.21252,2007.9279119999999,86.886,-7.816,56.544,1.0
186.1333,128.358271,38.212548,2007.133908,86.753,-7.809,56.827,1.0
186.15,128.358311,38.212576,2006.3389896,86.618,-7.802,57.11,1.0
186.1666,128.358352,38.212603,2005.5425472,86.482,-7.794,57.393,1.0
186.1833,128.358392,38.212631,2004.7451904,86.346,-7.785,57.676,1.0
186.2,128.358433,38.212659,2003.9466144,86.209,-7.776,57.959,1.0
186.2166,128.358474,38.212686,2003.1468192,86.072,-7.766,58.242,1.0
186.2333,128.358516,38.212713,2002.3464144,85.936,-7.756,58.525,1.0
186.25,128.358557,38.21274,2001.5447904,85.799,-7.745,58.808,1.0
186.2666,128.358599,38.212767,2000.7425568,85.664,-7.734,59.09,1.0
186.2833,128.35864,38.212794,1999.9394088000001,85.529,-7.722,59.373,1.0
186.3,128.358682,38.21282,1999.1356512000002,85.394,-7.709,59.656,1.0
186.3166,128.358725,38.212847,1998.3309792,85.26,-7.696,59.938,1.0
186.3333,128.358767,38.212873,1997.5256976,85.128,-7.682,60.221,1.0
186.35,128.358809,38.212899,1996.7198064,84.997,-7.668,60.503,1.0
186.3666,128.358852,38.212925,1995.9136104000002,84.867,-7.653,60.786,1.0
186.3833,128.358895,38.21295,1995.1065,84.739,-7.638,61.068,1.0
186.4,128.358938,38.212976,1994.2993896,84.611,-7.621,61.35,1.0
186.4166,128.358981,38.213001,1993.4916696000003,84.484,-7.605,61.632,1.0
186.4333,128.359024,38.213026,1992.6836448000001,84.361,-7.587,61.914,1.0
186.45,128.359068,38.213051,1991.8753152000002,84.24,-7.57,62.196,1.0
186.4666,128.359111,38.213076,1991.0669856000002,84.122,-7.552,62.478,1.0
186.4833,128.359155,38.213101,1990.2580464,84.006,-7.534,62.759,1.0
186.5,128.359199,38.213125,1989.449412,83.892,-7.514,63.041,1.0
186.5166,128.359243,38.21315,1988.6404728000002,83.779,-7.494,63.322,1.0
186.5333,128.359287,38.213174,1987.8312288000002,83.672,-7.475,63.604,1.0
186.55,128.359332,38.213198,1987.0222896,83.573,-7.455,63.885,1.0
186.5666,128.359376,38.213222,1986.2133504000003,83.478,-7.435,64.166,1.0
186.5833,128.359421,38.213245,1985.4044112000001,83.389,-7.415,64.447,1.0
186.6,128.359466,38.213269,1984.5957768,83.303,-7.394,64.728,1.0
186.6166,128.359511,38.213292,1983.7871424000002,83.22,-7.372,65.009,1.0
186.6333,128.359556,38.213315,1982.9785080000001,83.147,-7.351,65.29,1.0
186.65,128.359601,38.213338,1982.1701784000002,83.081,-7.33,65.57,1.0
186.6666,128.359647,38.213361,1981.3621536,83.023,-7.309,65.851,1.0
186.6833,128.359692,38.213384,1980.5541288000002,82.972,-7.288,66.131,1.0
186.7,128.359738,38.213406,1979.7467136,82.925,-7.267,66.411,1.0
186.7166,128.359784,38.213428,1978.9392984,82.882,-7.245,66.691,1.0
186.7333,128.35983,38.21345,1978.1324928,82.85,-7.223,66.971,1.0
186.75,128.359876,38.213472,1977.3256872,82.828,-7.203,67.25,1.0
186.7666,128.359923,38.213494,1976.5194912000002,82.815,-7.184,67.53,1.0
186.7833,128.359969,38.213516,1975.7132952,82.81,-7.164,67.81,1.0
186.8,128.360016,38.213537,1974.9077088000001,82.811,-7.144,68.09,1.0
186.8166,128.360062,38.213558,1974.1024272000002,82.817,-7.123,68.369,1.0
186.8333,128.360109,38.213579,1973.2977552,82.832,-7.104,68.648,1.0
186.85,128.360156,38.2136,1972.4930832000002,82.855,-7.086,68.927,1.0
186.8666,128.360203,38.213621,1971.6890208000002,82.884,-7.069,69.207,1.0
186.8833,128.360251,38.213641,1970.8852632,82.92,-7.052,69.486,1.0
186.9,128.360298,38.213662,1970.0818104000002,82.962,-7.036,69.765,1.0
186.9166,128.360346,38.213682,1969.2786624,83.007,-7.019,70.044,1.0
186.9333,128.360393,38.213702,1968.476124,83.054,-7.002,70.323,1.0
186.95,128.360441,38.213721,1967.6738904,83.103,-6.985,70.602,1.0
186.9666,128.360489,38.213741,1966.8719616,83.151,-6.968,70.88,1.0
186.9833,128.360537,38.21376,1966.0703376000001,83.2,-6.951,71.159,1.0
187.0,128.360585,38.21378,1965.2690184,83.248,-6.936,71.438,1.0
187.0166,128.360634,38.213799,1964.4683088,83.296,-6.92,71.717,1.0
187.0333,128.360682,38.213817,1963.6675992000003,83.341,-6.905,71.996,1.0
187.05,128.360731,38.213836,1962.8674992,83.384,-6.89,72.276,1.0
187.0666,128.360779,38.213854,1962.067704,83.424,-6.874,72.555,1.0
187.0833,128.360828,38.213873,1961.2679088,83.462,-6.859,72.835,1.0
187.1,128.360877,38.213891,1960.4687232,83.498,-6.845,73.115,1.0
187.1166,128.360926,38.213909,1959.6698424,83.534,-6.831,73.395,1.0
187.1333,128.360975,38.213926,1958.8712664000002,83.56,-6.817,73.675,1.0
187.15,128.361025,38.213944,1958.0729952,83.58,-6.801,73.956,1.0
187.1666,128.361074,38.213961,1957.2750288000002,83.592,-6.785,74.236,1.0
187.1833,128.361123,38.213978,1956.4776720000002,83.598,-6.77,74.516,1.0
187.2,128.361173,38.213995,1955.6803152000002,83.6,-6.755,74.797,1.0
187.2166,128.361223,38.214012,1954.883568,83.598,-6.742,75.079,1.0
187.2333,128.361273,38.214028,1954.0871256,83.582,-6.726,75.36,1.0
187.25,128.361323,38.214045,1953.2909880000002,83.553,-6.709,75.641,1.0
187.2666,128.361373,38.214061,1952.49546,83.512,-6.692,75.923,1.0
187.2833,128.361423,38.214077,1951.7002368000003,83.462,-6.674,76.204,1.0
187.3,128.361473,38.214092,1950.9056232000003,83.404,-6.657,76.486,1.0
187.3166,128.361523,38.214108,1950.1113144,83.341,-6.641,76.769,1.0
187.3333,128.361574,38.214123,1949.3176152,83.259,-6.623,77.051,1.0
187.35,128.361625,38.214138,1948.5245256,83.162,-6.603,77.334,1.0
187.3666,128.361675,38.214153,1947.7323504,83.051,-6.581,77.616,1.0
187.3833,128.361726,38.214168,1946.9407848,82.929,-6.56,77.899,1.0
187.4,128.361777,38.214182,1946.1498288000003,82.798,-6.538,78.182,1.0
187.4166,128.361828,38.214196,1945.3594824,82.66,-6.517,78.466,1.0
187.4333,128.361879,38.21421,1944.5703552,82.507,-6.494,78.749,1.0
187.45,128.36193,38.214224,1943.7818376,82.339,-6.469,79.033,1.0
187.4666,128.361981,38.214238,1942.9945392000002,82.16,-6.442,79.316,1.0
187.4833,128.362033,38.214251,1942.20846,81.971,-6.414,79.599,1.0
187.5,128.362084,38.214265,1941.4232952,81.774,-6.387,79.883,1.0
187.5166,128.362136,38.214278,1940.6393496,81.572,-6.358,80.167,1.0
187.5333,128.362187,38.21429,1939.8566232000003,81.361,-6.328,80.45,1.0
187.55,128.362239,38.214303,1939.0751160000002,81.143,-6.297,80.734,1.0
187.5666,128.362291,38.214315,1938.2954376,80.92,-6.264,81.017,1.0
187.5833,128.362343,38.214328,1937.5169784000002,80.692,-6.23,81.3,1.0
187.6,128.362395,38.21434,1936.7400432000002,80.46,-6.194,81.583,1.0
187.6166,128.362447,38.214351,1935.9649368000003,80.226,-6.158,81.866,1.0
187.6333,128.362499,38.214363,1935.191964,79.985,-6.12,82.149,1.0
187.65,128.362551,38.214374,1934.4205152000002,79.739,-6.079,82.431,1.0
187.6666,128.362603,38.214386,1933.6512,79.487,-6.038,82.713,1.0
187.6833,128.362656,38.214396,1932.8837136000002,79.231,-5.994,82.994,1.0
187.7,128.362708,38.214407,1932.1186656,78.972,-5.95,83.275,1.0
187.7166,128.36276,38.214418,1931.356056,78.71,-5.904,83.556,1.0
187.7333,128.362813,38.214428,1930.5958848,78.434,-5.856,83.836,1.0
187.75,128.362866,38.214438,1929.838152,78.144,-5.804,84.116,1.0
187.7666,128.362918,38.214448,1929.0831624,77.843,-5.75,84.394,1.0
187.7833,128.362971,38.214458,1928.3312208000002,77.531,-5.695,84.673,1.0
187.8,128.363024,38.214467,1927.5820224,77.211,-5.639,84.951,1.0
187.8166,128.363077,38.214476,1926.835872,76.885,-5.582,85.229,1.0
187.8333,128.36313,38.214485,1926.0933792,76.51,-5.518,85.506,1.0
187.85,128.363183,38.214494,1925.3548488000001,76.089,-5.449,85.781,1.0
187.8666,128.363236,38.214503,1924.6202808,75.628,-5.376,86.055,1.0
187.8833,128.363289,38.214511,1923.8896752,75.133,-5.301,86.329,1.0
187.9,128.363343,38.214519,1923.1633368000003,74.612,-5.226,86.603,1.0
187.9166,128.363396,38.214527,1922.4412656,74.073,-5.151,86.877,1.0
187.9333,128.363449,38.214535,1921.7234616,73.579,-5.078,87.152,1.0
187.95,128.363503,38.214542,1921.0093152000002,73.132,-5.009,87.43,1.0
187.9666,128.363556,38.21455,1920.2985216000002,72.73,-4.938,87.708,1.0
187.9833,128.36361,38.214557,1919.5923,72.367,-4.863,87.984,1.0
188.0,128.363663,38.214564,1918.8906504000001,72.034,-4.783,88.259,1.0
188.0166,128.363717,38.214571,1918.193268,71.72,-4.697,88.531,1.0
188.0333,128.36377,38.214577,1917.5016768,71.385,-4.605,88.8,1.0
188.05,128.363824,38.214583,1916.8158768,71.024,-4.508,89.066,1.0
188.0666,128.363878,38.21459,1916.1355632,70.635,-4.407,89.329,1.0
188.0833,128.363932,38.214595,1915.4613456000002,70.222,-4.307,89.591,1.0
188.1,128.363986,38.214601,1914.7929192000001,69.789,-4.206,89.853,1.0
188.1166,128.36404,38.214607,1914.1305888000002,69.342,-4.104,90.115,1.0
188.1333,128.364093,38.214612,1913.4752687999999,68.854,-3.998,90.375,1.0
188.15,128.364147,38.214617,1912.8272640000002,68.328,-3.886,90.634,1.0
188.1666,128.364201,38.214622,1912.18566,67.771,-3.771,90.891,1.0
188.1833,128.364256,38.214626,1911.5513712,67.189,-3.654,91.147,1.0
188.2,128.36431,38.214631,1910.9243976,66.588,-3.535,91.404,1.0
188.2166,128.364364,38.214635,1910.3047392000003,65.973,-3.414,91.659,1.0
188.2333,128.364418,38.214639,1909.69392,65.316,-3.291,91.907,1.0
188.25,128.364472,38.214642,1909.0913304,64.622,-3.163,92.146,1.0
188.2666,128.364526,38.214646,1908.4969704,63.898,-3.033,92.38,1.0
188.2833,128.364581,38.214649,1907.9114496,63.148,-2.901,92.612,1.0
188.3,128.364635,38.214652,1907.334768,62.377,-2.765,92.843,1.0
188.3166,128.364689,38.214655,1906.7672304,61.592,-2.627,93.075,1.0
188.3333,128.364744,38.214658,1906.2097512,60.766,-2.486,93.295,1.0
188.35,128.364798,38.21466,1905.6626352,59.903,-2.344,93.504,1.0
188.3666,128.364852,38.214663,1905.1252728000002,59.009,-2.2,93.705,1.0
188.3833,128.364907,38.214665,1904.5985784000002,58.09,-2.052,93.904,1.0
188.4,128.364961,38.214667,1904.0822472,57.15,-1.901,94.102,1.0
188.4166,128.365016,38.214668,1903.5765840000001,56.195,-1.746,94.3,1.0
188.4333,128.36507,38.21467,1903.0834176000003,55.195,-1.589,94.486,1.0
188.45,128.365125,38.214671,1902.6024432000002,54.155,-1.43,94.661,1.0
188.4666,128.365179,38.214672,1902.1330512000002,53.082,-1.269,94.829,1.0
188.4833,128.365234,38.214673,1901.6758512000001,51.981,-1.105,94.993,1.0
188.5,128.365288,38.214674,1901.231148,50.857,-0.936,95.156,1.0
188.5166,128.365343,38.214675,1900.7989416,49.717,-0.763,95.318,1.0
188.5333,128.365397,38.214675,1900.3810608,48.526,-0.589,95.468,1.0
188.55,128.365452,38.214675,1899.9775056,47.29,-0.415,95.605,1.0
188.5666,128.365507,38.214675,1899.5876664000002,46.017,-0.239,95.733,1.0
188.5833,128.365561,38.214675,1899.2118480000001,44.712,-0.059,95.858,1.0
188.6,128.365616,38.214675,1898.8500504,43.381,0.124,95.98,1.0
188.6166,128.36567,38.214675,1898.5025784000002,42.031,0.313,96.102,1.0
188.6333,128.365725,38.214674,1898.1715656000001,40.636,0.503,96.212,1.0
188.65,128.36578,38.214673,1897.8564024000002,39.2,0.693,96.312,1.0
188.6666,128.365834,38.214672,1897.5558696,37.731,0.885,96.403,1.0
188.6833,128.365889,38.214671,1897.2711864,36.235,1.081,96.49,1.0
188.7,128.365944,38.21467,1897.002048,34.716,1.281,96.573,1.0
188.7166,128.365998,38.214669,1896.7484544000001,33.179,1.487,96.653,1.0
188.7333,128.366053,38.214668,1896.5116248,31.622,1.696,96.728,1.0
188.75,128.366107,38.214666,1896.2906448,30.048,1.909,96.796,1.0
188.7666,128.366162,38.214665,1896.0855144,28.461,2.126,96.858,1.0
188.7833,128.366217,38.214663,1895.8968432000001,26.861,2.347,96.914,1.0
188.8,128.366272,38.214661,1895.7246312000002,25.252,2.572,96.964,1.0
188.8166,128.366326,38.214659,1895.5685736,23.634,2.802,97.008,1.0
188.8333,128.366381,38.214657,1895.4289752000002,22.01,3.036,97.046,1.0
188.85,128.366436,38.214655,1895.305836,20.382,3.274,97.077,1.0
188.8666,128.36649,38.214653,1895.1994608,18.748,3.516,97.102,1.0
188.8833,128.366545,38.214651,1895.1095448000003,17.11,3.761,97.119,1.0
188.9,128.3666,38.214649,1895.0366976,15.467,4.009,97.129,1.0
188.9166,128.366654,38.214646,1894.9806144,13.819,4.259,97.131,1.0
188.9333,128.366709,38.214644,1894.940076,12.174,4.513,97.126,1.0
188.95,128.366764,38.214642,1894.9169112,10.531,4.771,97.115,1.0
188.9666,128.366819,38.214639,1894.9102056000002,8.89,5.033,97.096,1.0
188.9833,128.366873,38.214637,1894.920264,7.248,5.296,97.068,1.0
189.0,128.366928,38.214634,1894.9470864000002,5.605,5.559,97.032,1.0
189.0166,128.366983,38.214632,1894.9909776000002,3.959,5.823,96.987,1.0
189.0333,128.367037,38.214629,1895.0494992000001,2.323,6.091,96.934,1.0
189.05,128.367092,38.214627,1895.1253944,0.695,6.362,96.874,1.0
189.0666,128.367147,38.214624,1895.2174440000001,-0.925,6.635,96.806,1.0
189.0833,128.367202,38.214621,1895.3262576,-2.544,6.908,96.729,1.0
189.1,128.367256,38.214619,1895.4515304000001,-4.161,7.179,96.642,1.0
189.1166,128.367311,38.214616,1895.5932624,-5.779,7.448,96.546,1.0
189.1333,128.367366,38.214613,1895.74932,-7.383,7.719,96.442,1.0
189.15,128.367421,38.214611,1895.9218368000002,-8.975,7.994,96.329,1.0
189.1666,128.367475,38.214608,1896.1102032000001,-10.558,8.268,96.208,1.0
189.1833,128.36753,38.214606,1896.314724,-12.135,8.54,96.078,1.0
189.2,128.367585,38.214603,1896.5353992000003,-13.709,8.809,95.939,1.0
189.2166,128.36764,38.214601,1896.7719240000001,-15.284,9.072,95.79,1.0
189.2333,128.367695,38.214598,1897.0215552,-16.841,9.337,95.633,1.0
189.25,128.367749,38.214596,1897.2873408,-18.384,9.604,95.467,1.0
189.2666,128.367804,38.214593,1897.5683664000003,-19.916,9.869,95.293,1.0
189.2833,128.367859,38.214591,1897.864632,-21.44,10.13,95.11,1.0
189.3,128.367914,38.214588,1898.1761376000002,-22.96,10.385,94.918,1.0
189.3166,128.367968,38.214586,1898.5025784000002,-24.48,10.633,94.718,1.0
189.3333,128.368023,38.214584,1898.8418208000003,-25.977,10.882,94.509,1.0
189.35,128.368078,38.214582,1899.1953888,-27.455,11.133,94.291,1.0
189.3666,128.368133,38.214579,1899.5635872,-28.917,11.381,94.064,1.0
189.3833,128.368188,38.214577,1899.9458064,-30.369,11.623,93.829,1.0
189.4,128.368242,38.214575,1900.3420464,-31.814,11.858,93.587,1.0
189.4166,128.368297,38.214573,1900.752612,-33.257,12.083,93.338,1.0
189.4333,128.368352,38.214571,1901.17476,-34.669,12.311,93.08,1.0
189.45,128.368407,38.21457,1901.6097096000003,-36.056,12.539,92.812,1.0
189.4666,128.368462,38.214568,1902.0580704000001,-37.423,12.764,92.535,1.0
189.4833,128.368516,38.214566,1902.5195376000001,-38.774,12.983,92.252,1.0
189.5,128.368571,38.214565,1902.9941112000001,-40.115,13.192,91.962,1.0
189.5166,128.368626,38.214563,1903.4814864,-41.449,13.391,91.667,1.0
189.5333,128.368681,38.214562,1903.9798344,-42.749,13.591,91.363,1.0
189.55,128.368736,38.214561,1904.4891552,-44.017,13.791,91.049,1.0
189.5666,128.36879,38.214559,1905.0112776,-45.262,13.989,90.726,1.0
189.5833,128.368845,38.214558,1905.5449824,-46.487,14.178,90.398,1.0
189.6,128.3689,38.214557,1906.0905744000002,-47.698,14.357,90.067,1.0
189.6166,128.368955,38.214556,1906.6480536000001,-48.9,14.525,89.732,1.0
189.6333,128.369009,38.214556,1907.2152864000002,-50.063,14.689,89.392,1.0
189.65,128.369064,38.214555,1907.7922728,-51.191,14.851,89.047,1.0
189.6666,128.369119,38.214554,1908.3808416,-52.292,15.006,88.698,1.0
189.6833,128.369174,38.214554,1908.9800784000001,-53.371,15.153,88.345,1.0
189.7,128.369229,38.214554,1909.5896784000001,-54.433,15.29,87.99,1.0
189.7166,128.369283,38.214554,1910.2099464,-55.486,15.416,87.635,1.0
189.7333,128.369338,38.214553,1910.8387488,-56.497,15.536,87.28,1.0
189.75,128.369393,38.214554,1911.4763904,-57.472,15.649,86.927,1.0
189.7666,128.369448,38.214554,1912.1240904,-58.417,15.755,86.575,1.0
189.7833,128.369502,38.214554,1912.7812392000003,-59.34,15.853,86.221,1.0
189.8,128.369557,38.214555,1913.4478368000002,-60.245,15.942,85.868,1.0
189.8166,128.369612,38.214555,1914.1232736,-61.14,16.023,85.514,1.0
189.8333,128.369666,38.214556,1914.8063304,-61.994,16.099,85.162,1.0
189.85,128.369721,38.214557,1915.4970072,-62.813,16.171,84.812,1.0
189.8666,128.369776,38.214558,1916.196828,-63.602,16.237,84.463,1.0
189.8833,128.36983,38.214559,1916.9045736,-64.368,16.296,84.114,1.0
189.9,128.369885,38.21456,1917.620244,-65.117,16.349,83.767,1.0
189.9166,128.36994,38.214561,1918.344144,-65.854,16.394,83.42,1.0
189.9333,128.369994,38.214563,1919.0765784,-66.643,16.429,83.072,1.0
189.95,128.370049,38.214565,1919.8178520000001,-67.483,16.453,82.724,1.0
189.9666,128.370103,38.214567,1920.5673552,-68.368,16.47,82.377,1.0
189.9833,128.370158,38.214569,1921.3244784,-69.286,16.48,82.03,1.0
190.0,128.370212,38.214571,1922.088612,-70.228,16.484,81.684,1.0
190.0166,128.370267,38.214574,1922.8594512000002,-71.188,16.482,81.338,1.0
190.0333,128.370321,38.214576,1923.6360816000001,-72.078,16.484,80.994,1.0
190.05,128.370376,38.214579,1924.4178936000003,-72.901,16.487,80.651,1.0
190.0666,128.37043,38.214582,1925.2048872,-73.669,16.493,80.309,1.0
190.0833,128.370485,38.214585,1925.9967576,-74.393,16.495,79.969,1.0
190.1,128.370539,38.214588,1926.7944192,-75.078,16.492,79.628,1.0
190.1166,128.370593,38.214592,1927.5969576,-75.734,16.482,79.288,1.0
190.1333,128.370648,38.214595,1928.4031536000002,-76.321,16.469,78.95,1.0
190.15,128.370702,38.214599,1929.2136168,-76.849,16.454,78.615,1.0
190.1666,128.370756,38.214603,1930.0283471999999,-77.332,16.436,78.282,1.0
190.1833,128.370811,38.214607,1930.8476496,-77.778,16.414,77.952,1.0
190.2,128.370865,38.214611,1931.6709144,-78.198,16.387,77.624,1.0
190.2166,128.370919,38.214615,1932.4981416,-78.599,16.356,77.299,1.0
190.2333,128.370973,38.214619,1933.3293312000003,-78.978,16.322,76.977,1.0
190.25,128.371028,38.214624,1934.1638736,-79.341,16.286,76.658,1.0
190.2666,128.371082,38.214629,1935.0023784,-79.691,16.249,76.341,1.0
190.2833,128.371136,38.214634,1935.844236,-80.031,16.21,76.027,1.0
190.3,128.37119,38.214639,1936.6894464,-80.362,16.169,75.716,1.0
190.3166,128.371244,38.214644,1937.5380096000001,-80.687,16.127,75.406,1.0
190.3333,128.371298,38.21465,1938.3890112000001,-80.978,16.085,75.098,1.0
190.35,128.371352,38.214655,1939.2430608,-81.237,16.045,74.793,1.0
190.3666,128.371406,38.214661,1940.1001584000003,-81.469,16.005,74.489,1.0
190.3833,128.37146,38.214667,1940.9599992,-81.677,15.964,74.187,1.0
190.4,128.371514,38.214673,1941.8228880000001,-81.866,15.92,73.887,1.0
190.4166,128.371568,38.21468,1942.6882152000003,-82.042,15.875,73.588,1.0
190.4333,128.371621,38.214686,1943.5553712,-82.162,15.835,73.293,1.0
190.45,128.371675,38.214693,1944.4249656,-82.233,15.799,73.0,1.0
190.4666,128.371729,38.2147,1945.2969984,-82.26,15.766,72.71,1.0
190.4833,128.371783,38.214707,1946.1714696000001,-82.25,15.732,72.42,1.0
190.5,128.371836,38.214714,1947.048684,-82.21,15.696,72.133,1.0
190.5166,128.37189,38.214721,1947.9283368000001,-82.147,15.66,71.848,1.0
190.5333,128.371943,38.214729,1948.8095136000002,-82.026,15.628,71.566,1.0
190.55,128.371997,38.214736,1949.6928240000002,-81.851,15.602,71.287,1.0
190.5666,128.372051,38.214744,1950.5785728,-81.633,15.579,71.01,1.0
190.5833,128.372104,38.214752,1951.4670648000001,-81.376,15.558,70.735,1.0
190.6,128.372157,38.21476,1952.3583,-81.09,15.537,70.462,1.0
190.6166,128.372211,38.214768,1953.2519736,-80.78,15.516,70.192,1.0
190.6333,128.372264,38.214777,1954.1477808000002,-80.433,15.498,69.924,1.0
190.65,128.372317,38.214786,1955.046636,-80.056,15.486,69.66,1.0
190.6666,128.37237,38.214794,1955.9482344000003,-79.652,15.478,69.397,1.0
190.6833,128.372424,38.214803,1956.8528808,-79.226,15.472,69.137,1.0
190.7,128.372477,38.214812,1957.7605752000002,-78.782,15.469,68.879,1.0
190.7166,128.37253,38.214822,1958.6716224,-78.323,15.468,68.622,1.0
190.7333,128.372583,38.214831,1959.5860224,-77.863,15.472,68.368,1.0
190.75,128.372636,38.214841,1960.5040800000002,-77.405,15.482,68.117,1.0
190.7666,128.372688,38.214851,1961.4254904,-76.946,15.496,67.867,1.0
190.7833,128.372741,38.214861,1962.3511680000001,-76.484,15.515,67.619,1.0
190.8,128.372794,38.214871,1963.2805032,-76.017,15.537,67.372,1.0
190.8166,128.372846,38.214882,1964.2141056,-75.543,15.562,67.126,1.0
190.8333,128.372899,38.214892,1965.1522800000002,-75.092,15.592,66.881,1.0
190.85,128.372951,38.214903,1966.0950264,-74.662,15.626,66.637,1.0
190.8666,128.373004,38.214914,1967.0423448000001,-74.247,15.664,66.394,1.0
190.8833,128.373056,38.214925,1967.9942352,-73.843,15.706,66.153,1.0
190.9,128.373108,38.214936,1968.9513072000002,-73.443,15.752,65.911,1.0
190.9166,128.37316,38.214948,1969.9129512000002,-73.046,15.802,65.671,1.0
190.9333,128.373212,38.21496,1970.8806912000002,-72.676,15.854,65.43,1.0
190.95,128.373264,38.214971,1971.8539176000002,-72.331,15.908,65.188,1.0
190.9666,128.373316,38.214983,1972.8323255999999,-72.007,15.964,64.947,1.0
190.9833,128.373368,38.214996,1973.81622,-71.696,16.024,64.707,1.0
191.0,128.37342,38.215008,1974.8056008,-71.396,16.088,64.467,1.0
191.0166,128.373471,38.215021,1975.8007728,-71.102,16.154,64.226,1.0
191.0333,128.373523,38.215033,1976.8023456,-70.831,16.222,63.985,1.0
191.05,128.373574,38.215046,1977.8100144,-70.581,16.291,63.743,1.0
191.0666,128.373625,38.21506,1978.8237792,-70.347,16.361,63.501,1.0
191.0833,128.373676,38.215073,1979.8433352000002,-70.126,16.434,63.258,1.0
191.1,128.373727,38.215086,1980.8689872,-69.914,16.509,63.015,1.0
191.1166,128.373778,38.2151,1981.9007352,-69.709,16.587,62.773,1.0
191.1333,128.373829,38.215114,1982.9394936,-69.521,16.666,62.529,1.0
191.15,128.37388,38.215128,1983.9843480000002,-69.348,16.746,62.285,1.0
191.1666,128.373931,38.215142,1985.0356032,-69.186,16.827,62.04,1.0
191.1833,128.373981,38.215156,1986.0932592000001,-69.033,16.909,61.795,1.0
191.2,128.374032,38.215171,1987.157316,-68.886,16.994,61.55,1.0
191.2166,128.374082,38.215186,1988.2280784000002,-68.744,17.08,61.304,1.0
191.2333,128.374132,38.2152,1989.3052416,-68.613,17.167,61.058,1.0
191.25,128.374182,38.215215,1990.3894152000003,-68.492,17.255,60.811,1.0
191.2666,128.374232,38.215231,1991.4799896,-68.378,17.344,60.564,1.0
191.2833,128.374282,38.215246,1992.5769648,-68.269,17.433,60.317,1.0
191.3,128.374332,38.215262,1993.6809504000003,-68.165,17.524,60.069,1.0
191.3166,128.374381,38.215277,1994.7913368000002,-68.063,17.616,59.822,1.0
191.3333,128.374431,38.215293,1995.9087336,-67.969,17.709,59.573,1.0
191.35,128.37448,38.215309,1997.032836,-67.88,17.803,59.325,1.0
191.3666,128.37453,38.215325,1998.1639488,-67.796,17.897,59.076,1.0
191.3833,128.374579,38.215342,1999.3017672,-67.716,17.992,58.826,1.0
191.4,128.374628,38.215358,2000.4462912000001,-67.638,18.087,58.577,1.0
191.4166,128.374677,38.215375,2001.5975208000002,-67.562,18.184,58.327,1.0
191.4333,128.374726,38.215392,2002.7560656,-67.49,18.281,58.077,1.0
191.45,128.374774,38.215409,2003.9213160000002,-67.423,18.378,57.827,1.0
191.4666,128.374823,38.215426,2005.0935768,-67.359,18.476,57.576,1.0
191.4833,128.374871,38.215443,2006.2725432000002,-67.297,18.575,57.326,1.0
191.5,128.374919,38.215461,2007.45852,-67.236,18.674,57.075,1.0
191.5166,128.374968,38.215478,2008.6515072000002,-67.177,18.773,56.823,1.0
191.5333,128.375016,38.215496,2009.8515048000002,-67.122,18.873,56.572,1.0
191.55,128.375064,38.215514,2011.0585128000002,-67.069,18.974,56.32,1.0
191.5666,128.375111,38.215532,2012.272836,-67.018,19.074,56.068,1.0
191.5833,128.375159,38.21555,2013.4938648000002,-66.969,19.176,55.816,1.0
191.6,128.375206,38.215569,2014.721904,-66.921,19.277,55.564,1.0
191.6166,128.375254,38.215587,2015.9569536000001,-66.874,19.379,55.311,1.0
191.6333,128.375301,38.215606,2017.1993184000003,-66.829,19.481,55.059,1.0
191.65,128.375348,38.215625,2018.4486936000003,-66.786,19.584,54.806,1.0
191.6666,128.375395,38.215644,2019.7050792,-66.744,19.687,54.553,1.0
191.6833,128.375442,38.215663,2020.9687800000002,-66.704,19.79,54.3,1.0
191.7,128.375489,38.215682,2022.2394912000002,-66.664,19.894,54.046,1.0
191.7166,128.375535,38.215702,2023.5172128000002,-66.625,19.997,53.792,1.0
191.7333,128.375582,38.215721,2024.8022496,-66.587,20.101,53.539,1.0
191.75,128.375628,38.215741,2026.0942968000002,-66.55,20.206,53.285,1.0
191.7666,128.375674,38.215761,2027.3933544000001,-66.515,20.31,53.031,1.0
191.7833,128.37572,38.215781,2028.7000320000002,-66.48,20.415,52.776,1.0
191.8,128.375766,38.215801,2030.01372,-66.445,20.52,52.522,1.0
191.8166,128.375812,38.215821,2031.3344184000002,-66.411,20.625,52.267,1.0
191.8333,128.375857,38.215842,2032.662432,-66.378,20.731,52.012,1.0
191.85,128.375903,38.215862,2033.9977608,-66.345,20.836,51.757,1.0
191.8666,128.375948,38.215883,2035.3401000000001,-66.314,20.942,51.502,1.0
191.8833,128.375993,38.215904,2036.6897544,-66.282,21.049,51.247,1.0
191.9,128.376038,38.215925,2038.046724,-66.251,21.155,50.991,1.0
191.9166,128.376083,38.215946,2039.4110088,-66.22,21.261,50.735,1.0
191.9333,128.376128,38.215968,2040.7826088,-66.19,21.368,50.48,1.0
191.95,128.376172,38.215989,2042.1612192,-66.161,21.474,50.224,1.0
191.9666,128.376216,38.216011,2043.5471448000003,-66.132,21.581,49.967,1.0
191.9833,128.376261,38.216032,2044.9403856000001,-66.103,21.689,49.711,1.0
192.0,128.376305,38.216054,2046.3412464,-66.074,21.796,49.455,1.0
192.0166,128.376349,38.216076,2047.7491176000003,-66.046,21.903,49.198,1.0
192.0333,128.376392,38.216098,2049.164304,-66.018,22.011,48.941,1.0
192.05,128.376436,38.216121,2050.5868056,-65.99,22.118,48.684,1.0
192.0666,128.376479,38.216143,2052.0166224,-65.962,22.226,48.427,1.0
192.0833,128.376523,38.216166,2053.4537544,-65.935,22.334,48.17,1.0
192.1,128.376566,38.216188,2054.8982016,-65.908,22.442,47.912,1.0
192.1166,128.376609,38.216211,2056.3502688,-65.881,22.55,47.654,1.0
192.1333,128.376652,38.216234,2057.8093464,-65.854,22.659,47.396,1.0
192.15,128.376694,38.216257,2059.2757392000003,-65.826,22.767,47.138,1.0
192.1666,128.376737,38.21628,2060.749752,-65.799,22.876,46.88,1.0
192.1833,128.376779,38.216303,2062.23108,-65.771,22.985,46.622,1.0
192.2,128.376821,38.216327,2063.7197232000003,-65.743,23.094,46.363,1.0
192.2166,128.376863,38.21635,2065.2156816,-65.715,23.202,46.104,1.0
192.2333,128.376905,38.216374,2066.71926,-65.687,23.311,45.845,1.0
192.25,128.376947,38.216398,2068.2298488,-65.659,23.421,45.586,1.0
192.2666,128.376988,38.216422,2069.7483624,-65.631,23.53,45.327,1.0
192.2833,128.377029,38.216446,2071.2738864000003,-65.603,23.639,45.068,1.0
192.3,128.37707,38.21647,2072.8070304000003,-65.575,23.749,44.808,1.0
192.3166,128.377111,38.216494,2074.3474896000002,-65.547,23.858,44.548,1.0
192.3333,128.377152,38.216519,2075.8955688,-65.519,23.968,44.288,1.0
192.35,128.377193,38.216543,2077.4506584,-65.49,24.078,44.028,1.0
192.3666,128.377233,38.216568,2079.0136728,-65.461,24.188,43.767,1.0
192.3833,128.377274,38.216593,2080.5836976,-65.432,24.298,43.507,1.0
192.4,128.377314,38.216618,2082.1616472,-65.403,24.408,43.246,1.0
192.4166,128.377354,38.216643,2083.746912,-65.373,24.518,42.985,1.0
192.4333,128.377393,38.216668,2085.339492,-65.344,24.629,42.724,1.0
192.45,128.377433,38.216693,2086.9393872,-65.314,24.739,42.462,1.0
192.4666,128.377472,38.216718,2088.5472072000002,-65.284,24.85,42.201,1.0
192.4833,128.377512,38.216744,2090.1623424000004,-65.253,24.96,41.939,1.0
192.5,128.377551,38.216769,2091.7847928,-65.223,25.071,41.677,1.0
192.5166,128.37759,38.216795,2093.4148632,-65.193,25.182,41.415,1.0
192.5333,128.377628,38.216821,2095.0525536,-65.163,25.293,41.153,1.0
192.55,128.377667,38.216847,2096.6975592000003,-65.132,25.404,40.89,1.0
192.5666,128.377705,38.216873,2098.3501848,-65.101,25.516,40.627,1.0
192.5833,128.377743,38.216899,2100.0104304,-65.07,25.627,40.364,1.0
192.6,128.377781,38.216925,2101.678296,-65.039,25.739,40.101,1.0
192.6166,128.377819,38.216951,2103.3534768,-65.008,25.851,39.838,1.0
192.6333,128.377857,38.216978,2105.0362776,-64.977,25.962,39.574,1.0
192.65,128.377894,38.217004,2106.7266984,-64.946,26.074,39.31,1.0
192.6666,128.377931,38.217031,2108.4244344000003,-64.914,26.186,39.046,1.0
192.6833,128.377968,38.217058,2110.1297904,-64.883,26.299,38.782,1.0
192.7,128.378005,38.217085,2111.8430712,-64.851,26.411,38.517,1.0
192.7166,128.378042,38.217111,2113.5636672,-64.82,26.524,38.253,1.0
192.7333,128.378078,38.217139,2115.2918832,-64.789,26.636,37.988,1.0
192.75,128.378115,38.217166,2117.0274144,-64.758,26.749,37.723,1.0
192.7666,128.378151,38.217193,2118.7708704,-64.726,26.862,37.457,1.0
192.7833,128.378187,38.21722,2120.5219464,-64.695,26.975,37.192,1.0
192.8,128.378222,38.217248,2122.2803376,-64.664,27.088,36.926,1.0
192.8166,128.378258,38.217275,2124.0466536000004,-64.634,27.202,36.66,1.0
192.8333,128.378293,38.217303,2125.8202848,-64.604,27.315,36.393,1.0
192.85,128.378328,38.217331,2127.6018408,-64.574,27.429,36.127,1.0
192.8666,128.378363,38.217358,2129.390712,-64.544,27.543,35.86,1.0
192.8833,128.378398,38.217386,2131.187508,-64.515,27.657,35.593,1.0
192.9,128.378433,38.217414,2132.9916192,-64.486,27.771,35.325,1.0
192.9166,128.378467,38.217442,2134.8036552,-64.458,27.886,35.058,1.0
192.9333,128.378501,38.217471,2136.6233112,-64.43,28.0,34.79,1.0
192.95,128.378535,38.217499,2138.4505872,-64.403,28.115,34.522,1.0
192.9666,128.378569,38.217527,2140.2851784,-64.376,28.23,34.253,1.0
192.9833,128.378602,38.217556,2142.1276944,-64.35,28.345,33.984,1.0
193.0,128.378636,38.217584,2143.9778304,-64.324,28.46,33.715,1.0
193.0166,128.378669,38.217613,2145.8358912000003,-64.298,28.575,33.446,1.0
193.0333,128.378702,38.217642,2147.7012672,-64.273,28.691,33.176,1.0
193.05,128.378735,38.21767,2149.5742632,-64.248,28.807,32.907,1.0
193.0666,128.378767,38.217699,2151.455184,-64.223,28.922,32.636,1.0
193.0833,128.3788,38.217728,2153.34342,-64.199,29.038,32.366,1.0
193.1,128.378832,38.217757,2155.2395808,-64.175,29.155,32.095,1.0
193.1166,128.378864,38.217786,2157.1433616000004,-64.151,29.271,31.824,1.0
193.1333,128.378895,38.217815,2159.0547624,-64.129,29.388,31.553,1.0
193.15,128.378927,38.217845,2160.9740880000004,-64.107,29.504,31.281,1.0
193.1666,128.378958,38.217874,2162.9007288000003,-64.086,29.621,31.009,1.0
193.1833,128.378989,38.217903,2164.8352944000003,-64.065,29.738,30.736,1.0
193.2,128.37902,38.217933,2166.77748,-64.045,29.855,30.464,1.0
193.2166,128.379051,38.217962,2168.7272856000004,-64.026,29.972,30.191,1.0
193.2333,128.379082,38.217992,2170.6847112,-64.008,30.09,29.917,1.0
193.25,128.379112,38.218022,2172.6497568,-63.991,30.207,29.643,1.0
193.2666,128.379142,38.218052,2174.6227272,-63.974,30.325,29.369,1.0
193.2833,128.379172,38.218081,2176.6030128,-63.959,30.443,29.095,1.0
193.3,128.379202,38.218111,2178.5912232,-63.944,30.561,28.82,1.0
193.3166,128.379231,38.218141,2180.5870536,-63.93,30.679,28.545,1.0
193.3333,128.37926,38.218171,2182.590504,-63.916,30.797,28.269,1.0
193.35,128.37929,38.218201,2184.6018792,-63.904,30.916,27.993,1.0
193.3666,128.379318,38.218232,2186.6205696,-63.892,31.034,27.717,1.0
193.3833,128.379347,38.218262,2188.6471848,-63.88,31.153,27.44,1.0
193.4,128.379375,38.218292,2190.6811152,-63.87,31.272,27.163,1.0
193.4166,128.379404,38.218322,2192.7229704,-63.859,31.391,26.885,1.0
193.4333,128.379432,38.218353,2194.7724456,-63.85,31.51,26.607,1.0
193.45,128.379459,38.218383,2196.8295408,-63.84,31.629,26.329,1.0
193.4666,128.379487,38.218414,2198.8939512,-63.831,31.749,26.05,1.0
193.4833,128.379514,38.218444,2200.9662864,-63.822,31.868,25.771,1.0
193.5,128.379542,38.218475,2203.0462416,-63.814,31.988,25.491,1.0
193.5166,128.379569,38.218506,2205.1338168,-63.806,32.108,25.211,1.0
193.5333,128.379595,38.218537,2207.229012,-63.798,32.228,24.931,1.0
193.55,128.379622,38.218567,2209.3318272,-63.79,32.348,24.65,1.0
193.5666,128.379648,38.218598,2211.4422624,-63.783,32.468,24.369,1.0
193.5833,128.379674,38.218629,2213.5603176000004,-63.776,32.588,24.087,1.0
193.6,128.3797,38.21866,2215.685688,-63.769,32.709,23.805,1.0
193.6166,128.379726,38.218691,2217.8189832000003,-63.762,32.829,23.522,1.0
193.6333,128.379751,38.218722,2219.9598984,-63.756,32.95,23.239,1.0
193.65,128.379776,38.218753,2222.1081288,-63.75,33.071,22.956,1.0
193.6666,128.379801,38.218784,2224.2642840000003,-63.745,33.191,22.672,1.0
193.6833,128.379826,38.218816,2226.4277544,-63.74,33.312,22.388,1.0
193.7,128.379851,38.218847,2228.5988448000003,-63.735,33.433,22.103,1.0
193.7166,128.379875,38.218878,2230.7775552,-63.731,33.555,21.818,1.0
193.7333,128.379899,38.21891,2232.9638856,-63.728,33.676,21.532,1.0
193.75,128.379923,38.218941,2235.1575312000004,-63.726,33.797,21.246,1.0
193.7666,128.379947,38.218972,2237.3591016,-63.725,33.918,20.959,1.0
193.7833,128.37997,38.219004,2239.5679872,-63.724,34.04,20.672,1.0
193.8,128.379993,38.219035,2241.7844928,-63.725,34.161,20.385,1.0
193.8166,128.380016,38.219067,2244.0086184,-63.726,34.283,20.096,1.0
193.8333,128.380039,38.219098,2246.240364,-63.73,34.405,19.808,1.0
193.85,128.380062,38.21913,2248.4797296,-63.737,34.526,19.518,1.0
193.8666,128.380084,38.219162,2250.7264104,-63.745,34.648,19.228,1.0
193.8833,128.380106,38.219193,2252.9807112,-63.755,34.769,18.938,1.0
193.9,128.380128,38.219225,2255.2423272,-63.768,34.891,18.647,1.0
193.9166,128.38015,38.219257,2257.511868,-63.781,35.013,18.355,1.0
193.9333,128.380171,38.219289,2259.788724,-63.798,35.134,18.063,1.0
193.95,128.380192,38.21932,2262.0732000000003,-63.818,35.256,17.77,1.0
193.9666,128.380214,38.219352,2264.3649912,-63.84,35.377,17.476,1.0
193.9833,128.380234,38.219384,2266.6644024,-63.864,35.499,17.182,1.0
194.0,128.380255,38.219416,2268.9711288000003,-63.891,35.621,16.887,1.0
194.0166,128.380275,38.219448,2271.2851704,-63.918,35.742,16.592,1.0
194.0333,128.380295,38.21948,2273.6071368000003,-63.949,35.864,16.296,1.0
194.05,128.380315,38.219512,2275.9361136,-63.982,35.985,15.999,1.0
194.0666,128.380335,38.219544,2278.2727104,-64.017,36.107,15.701,1.0
194.0833,128.380354,38.219576,2280.6166224,-64.053,36.228,15.402,1.0
194.1,128.380374,38.219608,2282.9678496,-64.092,36.349,15.103,1.0
194.1166,128.380393,38.21964,2285.3266968000003,-64.132,36.47,14.803,1.0
194.1333,128.380411,38.219672,2287.6925544,-64.174,36.592,14.503,1.0
194.15,128.38043,38.219704,2290.066032,-64.217,36.713,14.201,1.0
194.1666,128.380448,38.219736,2292.44652,-64.263,36.833,13.899,1.0
194.1833,128.380466,38.219768,2294.834628,-64.309,36.954,13.596,1.0
194.2,128.380484,38.2198,2297.2297464000003,-64.357,37.075,13.293,1.0
194.2166,128.380502,38.219832,2299.63218,-64.407,37.195,12.988,1.0
194.2333,128.380519,38.219864,2302.0419288000003,-64.457,37.316,12.683,1.0
194.25,128.380536,38.219896,2304.458688,-64.508,37.436,12.377,1.0
194.2666,128.380553,38.219929,2306.8827624,-64.559,37.556,12.07,1.0
194.2833,128.38057,38.219961,2309.3138472,-64.612,37.676,11.763,1.0
194.3,128.380586,38.219993,2311.7522472,-64.665,37.796,11.454,1.0
194.3166,128.380603,38.220025,2314.1976576,-64.719,37.916,11.145,1.0
194.3333,128.380619,38.220057,2316.6503832000003,-64.774,38.036,10.834,1.0
194.35,128.380635,38.22009,2319.1098144000002,-64.83,38.156,10.523,1.0
194.3666,128.38065,38.220122,2321.5768656,-64.886,38.275,10.211,1.0
194.3833,128.380666,38.220154,2324.0506224,-64.944,38.394,9.898,1.0
194.4,128.380681,38.220186,2326.5313896000002,-65.003,38.513,9.584,1.0
194.4166,128.380696,38.220218,2329.0191672,-65.062,38.632,9.269,1.0
194.4333,128.38071,38.220251,2331.51426,-65.127,38.75,8.953,1.0
194.45,128.380725,38.220283,2334.0163632,-65.198,38.867,8.636,1.0
194.4666,128.380739,38.220315,2336.5254768,-65.274,38.984,8.317,1.0
194.4833,128.380753,38.220347,2339.0416008,-65.354,39.101,7.998,1.0
194.5,128.380767,38.220379,2341.5644304,-65.439,39.217,7.678,1.0
194.5166,128.38078,38.220412,2344.0942704,-65.526,39.334,7.357,1.0
194.5333,128.380793,38.220444,2346.6311208,-65.621,39.45,7.035,1.0
194.55,128.380807,38.220476,2349.1749816,-65.722,39.565,6.711,1.0
194.5666,128.380819,38.220508,2351.7255480000003,-65.828,39.679,6.386,1.0
194.5833,128.380832,38.22054,2354.28282,-65.939,39.794,6.06,1.0
194.6,128.380844,38.220573,2356.8471024,-66.054,39.908,5.733,1.0
194.6166,128.380856,38.220605,2359.4177856,-66.172,40.022,5.405,1.0
194.6333,128.380868,38.220637,2361.995784,-66.298,40.135,5.075,1.0
194.65,128.38088,38.220669,2364.5801832,-66.43,40.247,4.744,1.0
194.6666,128.380891,38.220701,2367.1712880000005,-66.567,40.358,4.411,1.0
194.6833,128.380903,38.220733,2369.7687936,-66.71,40.468,4.078,1.0
194.7,128.380914,38.220765,2372.3730048,-66.858,40.579,3.743,1.0
194.7166,128.380924,38.220797,2374.9836168,-67.01,40.689,3.406,1.0
194.7333,128.380935,38.220829,2377.6009344000004,-67.166,40.798,3.069,1.0
194.75,128.380945,38.220861,2380.224348,-67.326,40.906,2.729,1.0
194.7666,128.380955,38.220893,2382.8544672000003,-67.49,41.014,2.389,1.0
194.7833,128.380965,38.220925,2385.4906824,-67.656,41.121,2.047,1.0
194.8,128.380975,38.220957,2388.1332984,-67.826,41.227,1.704,1.0
194.8166,128.380984,38.220989,2390.7820104,-67.998,41.333,1.359,1.0
194.8333,128.380993,38.221021,2393.4368184,-68.168,41.439,1.013,1.0
194.85,128.381002,38.221053,2396.0974176000004,-68.336,41.544,0.667,1.0
194.8666,128.381011,38.221085,2398.7644176000003,-68.502,41.649,0.318,1.0
194.8833,128.381019,38.221117,2401.4372088,-68.666,41.753,359.969,1.0
194.9,128.381027,38.221149,2404.116096,-68.829,41.856,359.618,1.0
194.9166,128.381035,38.221181,2406.8007744,-68.991,41.958,359.266,1.0
194.9333,128.381043,38.221213,2409.4915488,-69.151,42.06,358.912,1.0
194.95,128.38105,38.221244,2412.1881144,-69.311,42.16,358.558,1.0
194.9666,128.381058,38.221276,2414.8901664000005,-69.471,42.26,358.202,1.0
194.9833,128.381065,38.221308,2417.5983144,-69.63,42.359,357.845,1.0
195.0,128.381072,38.221339,2420.3119488,-69.79,42.457,357.487,1.0
195.0166,128.381078,38.221371,2423.0313744000005,-69.95,42.555,357.128,1.0
195.0333,128.381085,38.221403,2425.7565912,-70.113,42.651,356.767,1.0
195.05,128.381091,38.221434,2428.4875992,-70.278,42.746,356.405,1.0
195.0666,128.381097,38.221466,2431.2237888,-70.446,42.841,356.042,1.0
195.0833,128.381102,38.221497,2433.9657696000004,-70.615,42.934,355.678,1.0
195.1,128.381108,38.221529,2436.7129320000004,-70.787,43.027,355.312,1.0
195.1166,128.381113,38.22156,2439.4655808,-70.961,43.119,354.946,1.0
195.1333,128.381118,38.221592,2442.2240208000003,-71.138,43.21,354.578,1.0
195.15,128.381123,38.221623,2444.9873376,-71.318,43.301,354.209,1.0
195.1666,128.381127,38.221654,2447.7561408,-71.5,43.39,353.838,1.0
195.1833,128.381131,38.221686,2450.5304304,-71.685,43.479,353.466,1.0
195.2,128.381135,38.221717,2453.3095968000002,-71.872,43.566,353.093,1.0
195.2166,128.381139,38.221748,2456.0939448000004,-72.062,43.653,352.719,1.0
195.2333,128.381143,38.221779,2458.8834744,-72.253,43.74,352.343,1.0
195.25,128.381146,38.22181,2461.6781856000002,-72.446,43.825,351.966,1.0
195.2666,128.381149,38.221841,2464.4777736,-72.64,43.909,351.588,1.0
195.2833,128.381152,38.221872,2467.2822384,-72.836,43.993,351.209,1.0
195.3,128.381155,38.221903,2470.0915800000002,-73.034,44.075,350.828,1.0
195.3166,128.381157,38.221934,2472.9057984,-73.233,44.157,350.446,1.0
195.3333,128.381159,38.221965,2475.7248936,-73.431,44.238,350.063,1.0
195.35,128.381161,38.221996,2478.5488656,-73.629,44.318,349.678,1.0
195.3666,128.381163,38.222027,2481.3774096,-73.827,44.398,349.293,1.0
195.3833,128.381165,38.222058,2484.2105256,-74.025,44.476,348.906,1.0
195.4,128.381166,38.222088,2487.0482136,-74.222,44.554,348.518,1.0
195.4166,128.381167,38.222119,2489.8904736,-74.42,44.63,348.129,1.0
195.4333,128.381168,38.22215,2492.7370008000003,-74.614,44.706,347.738,1.0
195.45,128.381168,38.22218,2495.5881,-74.805,44.782,347.347,1.0
195.4666,128.381169,38.222211,2498.4437712000004,-74.993,44.856,346.955,1.0
195.4833,128.381169,38.222241,2501.3037096000003,-75.18,44.93,346.561,1.0
195.5,128.381169,38.222271,2504.1679152,-75.365,45.003,346.166,1.0
195.5166,128.381169,38.222302,2507.036388,-75.548,45.075,345.77,1.0
195.5333,128.381168,38.222332,2509.9091280000002,-75.729,45.146,345.373,1.0
195.55,128.381167,38.222362,2512.7858304,-75.909,45.216,344.976,1.0
195.5666,128.381166,38.222392,2515.6668,-76.088,45.286,344.577,1.0
195.5833,128.381165,38.222422,2518.5520368,-76.265,45.354,344.177,1.0
195.6,128.381164,38.222452,2521.4409312,-76.443,45.422,343.776,1.0
195.6166,128.381162,38.222482,2524.3340928000002,-76.62,45.488,343.374,1.0
195.6333,128.38116,38.222512,2527.2315215999997,-76.799,45.554,342.971,1.0
195.65,128.381158,38.222542,2530.132608,-76.98,45.618,342.567,1.0
195.6666,128.381156,38.222572,2533.0373520000003,-77.163,45.682,342.163,1.0
195.6833,128.381153,38.222602,2535.9463632,-77.348,45.744,341.757,1.0
195.7,128.38115,38.222631,2538.8587272,-77.534,45.806,341.352,1.0
195.7166,128.381147,38.222661,2541.7750536,-77.721,45.867,340.946,1.0
195.7333,128.381144,38.22269,2544.6950376,-77.908,45.927,340.539,1.0
195.75,128.38114,38.22272,2547.6186792,-78.092,45.986,340.133,1.0
195.7666,128.381137,38.222749,2550.5459784000004,-78.276,46.045,339.727,1.0
195.7833,128.381133,38.222778,2553.4766304000004,-78.459,46.103,339.32,1.0
195.8,128.381129,38.222808,2556.4109399999998,-78.64,46.16,338.913,1.0
195.8166,128.381124,38.222837,2559.3486024000003,-78.82,46.215,338.506,1.0
195.8333,128.38112,38.222866,2562.2893128,-78.992,46.271,338.099,1.0
195.85,128.381115,38.222895,2565.2336808,-79.155,46.328,337.692,1.0
195.8666,128.38111,38.222924,2568.1814016,-79.311,46.384,337.284,1.0
195.8833,128.381105,38.222953,2571.1321704,-79.46,46.439,336.877,1.0
195.9,128.381099,38.222981,2574.0862920000004,-79.604,46.493,336.469,1.0
195.9166,128.381094,38.22301,2577.0437664,-79.743,46.546,336.061,1.0
195.9333,128.381088,38.223039,2580.0042888000003,-79.877,46.598,335.653,1.0
195.95,128.381082,38.223067,2582.9678592,-80.009,46.649,335.245,1.0
195.9666,128.381075,38.223096,2585.9347824,-80.138,46.7,334.838,1.0
195.9833,128.381069,38.223124,2588.9047536,-80.265,46.75,334.43,1.0
196.0,128.381062,38.223152,2591.877468,-80.391,46.799,334.023,1.0
196.0166,128.381055,38.223181,2594.8535352000004,-80.516,46.848,333.615,1.0
196.0333,128.381048,38.223209,2597.831736,-80.577,46.904,333.209,1.0
196.05,128.38104,38.223237,2600.8129848000003,-80.578,46.967,332.804,1.0
196.0666,128.381033,38.223265,2603.7969768,-80.523,47.034,332.399,1.0
196.0833,128.381025,38.223293,2606.7834072,-80.42,47.101,331.992,1.0
196.1,128.381017,38.223321,2609.7731904,-80.275,47.168,331.584,1.0
196.1166,128.381009,38.223348,2612.7657168000005,-80.096,47.233,331.175,1.0
196.1333,128.381001,38.223376,2615.7619008,-79.96,47.288,330.765,1.0
196.15,128.380992,38.223404,2618.7611328000003,-79.873,47.334,330.355,1.0
196.1666,128.380984,38.223431,2621.7634128,-79.832,47.375,329.946,1.0
196.1833,128.380975,38.223459,2624.7690456,-79.836,47.416,329.54,1.0
196.2,128.380965,38.223486,2627.7780312,-79.879,47.458,329.137,1.0
196.2166,128.380956,38.223513,2630.7897600000006,-79.954,47.503,328.737,1.0
196.2333,128.380946,38.22354,2633.804232,-79.972,47.56,328.34,1.0
196.25,128.380937,38.223567,2636.8214472,-79.929,47.63,327.946,1.0
196.2666,128.380926,38.223594,2639.8417104,-79.827,47.707,327.552,1.0
196.2833,128.380916,38.223621,2642.8647168,-79.67,47.786,327.155,1.0
196.3,128.380906,38.223647,2645.8907712000005,-79.466,47.865,326.755,1.0
196.3166,128.380895,38.223674,2648.9195688000004,-79.222,47.943,326.353,1.0
196.3333,128.380885,38.223701,2651.9514144000004,-78.943,48.02,325.95,1.0
196.35,128.380874,38.223727,2654.9866128,-78.635,48.097,325.546,1.0
196.3666,128.380863,38.223753,2658.0245544,-78.306,48.174,325.143,1.0
196.3833,128.380851,38.22378,2661.0658488000004,-77.961,48.253,324.741,1.0
196.4,128.38084,38.223806,2664.1104960000002,-77.604,48.332,324.342,1.0
196.4166,128.380828,38.223832,2667.1581912,-77.238,48.413,323.944,1.0
196.4333,128.380817,38.223858,2670.2098488000006,-76.868,48.495,323.554,1.0
196.45,128.380805,38.223884,2673.2645544,-76.496,48.577,323.172,1.0
196.4666,128.380793,38.223909,2676.3229176,-76.123,48.66,322.797,1.0
196.4833,128.38078,38.223935,2679.3849384,-75.752,48.745,322.425,1.0
196.5,128.380768,38.22396,2682.4506168000003,-75.382,48.834,322.055,1.0
196.5166,128.380755,38.223986,2685.5196480000004,-75.015,48.925,321.686,1.0
196.5333,128.380742,38.224011,2688.5929464000005,-74.648,49.016,321.332,1.0
196.55,128.380729,38.224036,2691.6695976,-74.279,49.106,320.993,1.0
196.5666,128.380716,38.224061,2694.7502112,-73.911,49.196,320.665,1.0
196.5833,128.380703,38.224086,2697.8347872000004,-73.546,49.288,320.342,1.0
196.6,128.380689,38.224111,2700.9233256,-73.185,49.383,320.021,1.0
196.6166,128.380676,38.224135,2704.0155216,-72.828,49.48,319.702,1.0
196.6333,128.380662,38.22416,2707.1122896,-72.479,49.577,319.394,1.0
196.65,128.380648,38.224184,2710.21302,-72.137,49.671,319.098,1.0
196.6666,128.380634,38.224209,2713.3177127999998,-71.803,49.766,318.809,1.0
196.6833,128.380619,38.224233,2716.426368,-71.478,49.863,318.524,1.0
196.7,128.380605,38.224257,2719.5392904,-71.161,49.961,318.24,1.0
196.7166,128.38059,38.224281,2722.65648,-70.851,50.062,317.957,1.0
196.7333,128.380576,38.224305,2725.7779368,-70.563,50.16,317.682,1.0
196.75,128.380561,38.224328,2728.9042704000003,-70.293,50.257,317.414,1.0
196.7666,128.380546,38.224352,2732.0342616000003,-70.04,50.353,317.151,1.0
196.7833,128.380531,38.224375,2735.1688248,-69.804,50.45,316.892,1.0
196.8,128.380515,38.224398,2738.3076552,-69.583,50.548,316.632,1.0
196.8166,128.3805,38.224421,2741.450448,-69.374,50.649,316.373,1.0
196.8333,128.380484,38.224444,2744.5972032000004,-69.129,50.755,316.12,1.0
196.85,128.380469,38.224467,2747.7473112000002,-68.846,50.866,315.874,1.0
196.8666,128.380453,38.22449,2750.9013816,-68.53,50.981,315.63,1.0
196.8833,128.380437,38.224513,2754.0594144,-68.184,51.097,315.386,1.0
196.9,128.380421,38.224535,2757.2214096000002,-67.814,51.214,315.14,1.0
196.9166,128.380405,38.224558,2760.3873672,-67.423,51.332,314.893,1.0
196.9333,128.380389,38.22458,2763.5588112,-67.177,51.434,314.606,1.0
196.95,128.380372,38.224602,2766.7345224,-67.089,51.526,314.258,1.0
196.9666,128.380356,38.224624,2769.9151104,-67.161,51.615,313.859,1.0
196.9833,128.380339,38.224646,2773.1002704,-67.386,51.704,313.429,1.0
197.0,128.380323,38.224668,2776.2906120000002,-67.75,51.794,312.983,1.0
197.0166,128.380306,38.22469,2779.4855256,-68.231,51.887,312.531,1.0
197.0333,128.380289,38.224711,2782.6840968,-68.715,51.992,312.106,1.0
197.05,128.380272,38.224732,2785.8863256000004,-69.168,52.104,311.732,1.0
197.0666,128.380255,38.224754,2789.0922120000005,-69.566,52.215,311.417,1.0
197.0833,128.380237,38.224775,2792.3014512,-69.909,52.321,311.146,1.0
197.1,128.38022,38.224796,2795.5149576000003,-70.207,52.422,310.897,1.0
197.1166,128.380202,38.224816,2798.7318168,-70.471,52.52,310.659,1.0
197.1333,128.380185,38.224837,2801.9526384,-70.706,52.604,310.452,1.0
197.15,128.380167,38.224858,2805.1774224,-70.916,52.674,310.278,1.0
197.1666,128.380149,38.224878,2808.4055592,-71.112,52.735,310.126,1.0
197.1833,128.380131,38.224898,2811.6376584,-71.305,52.79,309.986,1.0
197.2,128.380113,38.224918,2814.8728056000004,-71.502,52.841,309.851,1.0
197.2166,128.380095,38.224938,2818.1116104,-71.706,52.892,309.717,1.0
197.2333,128.380077,38.224958,2821.353768,-71.959,52.93,309.603,1.0
197.25,128.380058,38.224978,2824.5992784000005,-72.26,52.956,309.508,1.0
197.2666,128.38004,38.224998,2827.8481416000004,-72.608,52.975,309.426,1.0
197.2833,128.380021,38.225017,2831.1003576000003,-73.004,52.991,309.349,1.0
197.3,128.380002,38.225036,2834.3550120000004,-73.443,53.007,309.275,1.0
197.3166,128.379983,38.225055,2837.6121048,-73.92,53.024,309.198,1.0
197.3333,128.379964,38.225074,2840.8722456,-74.448,53.038,309.129,1.0
197.35,128.379945,38.225093,2844.1348248,-75.019,53.048,309.065,1.0
197.3666,128.379926,38.225112,2847.3995376,-75.63,53.056,309.004,1.0
197.3833,128.379907,38.225131,2850.6660792000002,-76.275,53.063,308.941,1.0
197.4,128.379887,38.225149,2853.9344496,-76.951,53.071,308.876,1.0
197.4166,128.379868,38.225167,2857.204344,-77.653,53.079,308.807,1.0
197.4333,128.379848,38.225186,2860.4754576000005,-78.333,53.091,308.738,1.0
197.45,128.379829,38.225204,2863.7477904,-78.988,53.107,308.669,1.0
197.4666,128.379809,38.225222,2867.0213424,-79.622,53.124,308.597,1.0
197.4833,128.379789,38.22524,2870.2961136000004,-80.236,53.141,308.52,1.0
197.5,128.379769,38.225258,2873.5717992,-80.834,53.156,308.439,1.0
197.5166,128.379749,38.225275,2876.8483992,-81.42,53.169,308.352,1.0
197.5333,128.379729,38.225293,2880.1256088,-81.962,53.182,308.268,1.0
197.55,128.379709,38.225311,2883.4037328000004,-82.463,53.196,308.187,1.0
197.5666,128.379688,38.225328,2886.6827712000004,-82.932,53.209,308.107,1.0
197.5833,128.379668,38.225346,2889.9621144000002,-83.376,53.221,308.026,1.0
197.6,128.379647,38.225363,2893.242372,-83.8,53.23,307.942,1.0
197.6166,128.379627,38.225381,2896.5229344000004,-84.209,53.237,307.856,1.0
197.6333,128.379606,38.225398,2899.8041064,-84.579,53.243,307.78,1.0
197.65,128.379586,38.225415,2903.0855831999997,-84.913,53.249,307.713,1.0
197.6666,128.379565,38.225432,2906.3676695999998,-85.219,53.254,307.651,1.0
197.6833,128.379544,38.22545,2909.6500608,-85.506,53.258,307.591,1.0
197.7,128.379523,38.225467,2912.9327568000003,-85.778,53.26,307.531,1.0
197.7166,128.379502,38.225484,2916.2157576000004,-86.039,53.26,307.47,1.0
197.7333,128.379481,38.2255,2919.4993680000002,-86.265,53.261,307.418,1.0
197.75,128.37946,38.225517,2922.7829784000005,-86.458,53.263,307.376,1.0
197.7666,128.379439,38.225534,2926.0668936,-86.626,53.264,307.338,1.0
197.7833,128.379418,38.225551,2929.3511136,-86.775,53.265,307.301,1.0
197.8,128.379396,38.225568,2932.6356384,-86.911,53.264,307.265,1.0
197.8166,128.379375,38.225584,2935.9201632,-87.036,53.262,307.228,1.0
197.8333,128.379353,38.225601,2939.204688,-87.105,53.262,307.216,1.0
197.85,128.379332,38.225617,2942.4898224,-87.115,53.262,307.235,1.0
197.8666,128.37931,38.225634,2945.7749568,-87.08,53.263,307.276,1.0
197.8833,128.379289,38.22565,2949.0603960000003,-87.011,53.263,307.33,1.0
197.9,128.379267,38.225667,2952.3458352000002,-86.918,53.262,307.389,1.0
197.9166,128.379245,38.225683,2955.6315792,-86.808,53.259,307.451,1.0
197.9333,128.379224,38.2257,2958.9173232000003,-86.745,53.251,307.491,1.0
197.95,128.379202,38.225716,2962.2027624,-86.752,53.238,307.484,1.0
197.9666,128.37918,38.225732,2965.4875920000004,-86.845,53.224,307.408,1.0
197.9833,128.379158,38.225748,2968.7721168000003,-87.041,53.211,307.24,1.0
198.0,128.379136,38.225764,2972.0560320000004,-87.35,53.202,306.962,1.0
198.0166,128.379114,38.22578,2975.3390328000005,-87.782,53.196,306.558,1.0
198.0333,128.379091,38.225796,2978.6217288,-88.317,53.193,306.049,1.0
198.05,128.379069,38.225812,2981.90412,-88.932,53.19,305.458,1.0
198.0666,128.379047,38.225828,2985.1862064,-89.6,53.186,304.812,1.0
198.0833,128.379024,38.225844,2988.4682928,-90.298,53.178,304.137,1.0
198.1,128.379002,38.225859,2991.7500744,-91.002,53.166,303.456,1.0
198.1166,128.378979,38.225875,2995.031856,-91.691,53.15,302.796,1.0
198.1333,128.378956,38.22589,2998.3130280000005,-92.391,53.125,302.181,1.0
198.15,128.378934,38.225906,3001.5929808,-93.079,53.094,301.635,1.0
198.1666,128.378911,38.225921,3004.8720192000005,-93.732,53.059,301.183,1.0
198.1833,128.378888,38.225936,3008.1498384,-94.326,53.026,300.847,1.0
198.2,128.378865,38.225951,3011.4261336,-94.842,52.998,300.643,1.0
198.2166,128.378841,38.225966,3014.7015144,-95.282,52.976,300.564,1.0
198.2333,128.378818,38.225981,3017.9756760000005,-95.524,52.974,300.581,1.0
198.25,128.378795,38.225996,3021.249228,-95.597,52.989,300.666,1.0
198.2666,128.378772,38.226011,3024.5224752000004,-95.516,53.015,300.793,1.0
198.2833,128.378748,38.226026,3027.7957224,-95.303,53.046,300.937,1.0
198.3,128.378725,38.226041,3031.0692744,-94.977,53.076,301.073,1.0
198.3166,128.378701,38.226056,3034.3428264,-94.549,53.106,301.196,1.0
198.3333,128.378678,38.22607,3037.6166832,-94.021,53.133,301.307,1.0
198.35,128.378654,38.226085,3040.8914544,-93.399,53.16,301.409,1.0
198.3666,128.378631,38.2261,3044.1668352000006,-92.684,53.185,301.505,1.0
198.3833,128.378607,38.226115,3047.4431304000004,-91.882,53.209,301.595,1.0
198.4,128.378583,38.226129,3050.72034,-90.997,53.232,301.683,1.0
198.4166,128.37856,38.226144,3053.9981592000004,-90.032,53.254,301.768,1.0
198.4333,128.378536,38.226159,3057.2771976,-89.119,53.263,301.85,1.0
198.45,128.378512,38.226174,3060.5568456,-88.268,53.259,301.931,1.0
198.4666,128.378489,38.226188,3063.8364936000003,-87.478,53.246,302.011,1.0
198.4833,128.378465,38.226203,3067.1164464000003,-86.745,53.229,302.091,1.0
198.5,128.378441,38.226218,3070.396704,-86.063,53.212,302.171,1.0
198.5166,128.378417,38.226232,3073.6769616,-85.424,53.197,302.253,1.0
198.5333,128.378393,38.226247,3076.957524,-84.769,53.19,302.336,1.0
198.55,128.37837,38.226262,3080.2383912,-84.092,53.19,302.42,1.0
198.5666,128.378346,38.226276,3083.5195632,-83.391,53.195,302.505,1.0
198.5833,128.378322,38.226291,3086.8013448,-82.666,53.202,302.589,1.0
198.6,128.378298,38.226305,3090.0834312,-81.92,53.209,302.672,1.0
198.6166,128.378274,38.22632,3093.3661272,-81.155,53.215,302.754,1.0
198.6333,128.37825,38.226335,3096.6491280000005,-80.333,53.224,302.835,1.0
198.65,128.378226,38.226349,3099.9327384000003,-79.458,53.236,302.918,1.0
198.6666,128.378201,38.226364,3103.2166536,-78.539,53.249,302.999,1.0
198.6833,128.378177,38.226378,3106.5014832,-77.582,53.261,303.08,1.0
198.7,128.378153,38.226393,3109.7866176,-76.595,53.271,303.159,1.0
198.7166,128.378129,38.226407,3113.0723616,-75.583,53.279,303.237,1.0
198.7333,128.378105,38.226422,3116.3587152,-74.511,53.29,303.316,1.0
198.75,128.378081,38.226436,3119.6453736000003,-73.385,53.302,303.397,1.0
198.7666,128.378057,38.226451,3122.9326416000004,-72.213,53.314,303.478,1.0
198.7833,128.378032,38.226466,3126.2205192000006,-71.004,53.326,303.558,1.0
198.8,128.378008,38.22648,3129.5090064,-69.764,53.335,303.637,1.0
198.8166,128.377984,38.226495,3132.7981032000002,-68.5,53.342,303.715,1.0
198.8333,128.37796,38.226509,3136.0872,-67.174,53.351,303.796,1.0
198.85,128.377935,38.226524,3139.3769064000003,-65.79,53.362,303.879,1.0
198.8666,128.377911,38.226539,3142.6669176,-64.352,53.374,303.963,1.0
198.8833,128.377887,38.226553,3145.9575384,-62.866,53.385,304.048,1.0
198.9,128.377862,38.226568,3149.2484640000002,-61.344,53.395,304.132,1.0
198.9166,128.377838,38.226583,3152.540304,-59.79,53.402,304.214,1.0
198.9333,128.377814,38.226597,3155.8318392,-58.186,53.409,304.298,1.0
198.95,128.377789,38.226612,3159.1236792,-56.534,53.416,304.385,1.0
198.9666,128.377765,38.226627,3162.4158239999997,-54.835,53.422,304.473,1.0
198.9833,128.377741,38.226642,3165.7079688000003,-53.092,53.428,304.562,1.0
199.0,128.377716,38.226656,3169.0007232000003,-51.305,53.434,304.651,1.0
199.0166,128.377692,38.226671,3172.2931728000003,-49.477,53.438,304.742,1.0
199.0333,128.377667,38.226686,3175.586232,-47.608,53.44,304.833,1.0
199.05,128.377643,38.226701,3178.8792912000004,-45.701,53.442,304.925,1.0
199.0666,128.377618,38.226716,3182.1723504,-43.756,53.441,305.018,1.0
199.0833,128.377594,38.226731,3185.4657144000003,-41.774,53.44,305.112,1.0
199.1,128.377569,38.226746,3188.7590784000004,-39.758,53.437,305.207,1.0
199.1166,128.377545,38.226761,3192.0524424,-37.709,53.432,305.302,1.0
199.1333,128.37752,38.226776,3195.3458064,-35.626,53.426,305.399,1.0
199.15,128.377496,38.226791,3198.6394752,-33.512,53.417,305.496,1.0
199.1666,128.377471,38.226806,3201.9328392,-31.367,53.408,305.594,1.0
199.1833,128.377447,38.226821,3205.2265079999997,-29.192,53.396,305.692,1.0
199.2,128.377422,38.226836,3208.519872,-26.989,53.383,305.791,1.0
199.2166,128.377397,38.226851,3211.813236,-24.756,53.368,305.89,1.0
199.2333,128.377373,38.226866,3215.1066,-22.497,53.351,305.99,1.0
199.25,128.377348,38.226881,3218.3996592000003,-20.21,53.332,306.089,1.0
199.2666,128.377323,38.226896,3221.6927184,-17.897,53.311,306.189,1.0
199.2833,128.377298,38.226911,3224.9857776000003,-15.558,53.287,306.289,1.0
199.3,128.377274,38.226926,3228.2785320000003,-13.194,53.262,306.388,1.0
199.3166,128.377249,38.226941,3231.5709816000003,-10.806,53.235,306.488,1.0
199.3333,128.377224,38.226957,3234.8634312,-8.396,53.218,306.583,1.0
199.35,128.377199,38.226972,3238.1558808,-5.965,53.212,306.675,1.0
199.3666,128.377174,38.226987,3241.4480256,-3.511,53.212,306.766,1.0
199.3833,128.377149,38.227002,3244.7401704000004,-1.035,53.216,306.858,1.0
199.4,128.377125,38.227017,3248.0320103999998,1.464,53.22,306.95,1.0
199.4166,128.3771,38.227033,3251.3238504,3.986,53.223,307.043,1.0
199.4333,128.377075,38.227048,3254.6166048,6.519,53.24,307.138,1.0
199.45,128.37705,38.227063,3257.9099688,9.063,53.285,307.239,1.0
199.4666,128.377025,38.227078,3261.2039424,11.617,53.352,307.349,1.0
199.4833,128.377,38.227094,3264.4985256000004,14.18,53.432,307.467,1.0
199.5,128.376975,38.227109,3267.7943280000004,16.753,53.517,307.594,1.0
199.5166,128.37695,38.227124,3271.09074,19.332,53.604,307.729,1.0
199.5333,128.376925,38.22714,3274.3892855999998,21.799,53.709,307.864,1.0
199.55,128.3769,38.227155,3277.6899648,24.163,53.838,308.004,1.0
199.5666,128.376875,38.22717,3280.9933872,26.44,53.982,308.158,1.0
199.5833,128.37685,38.227185,3284.2995528,28.647,54.131,308.329,1.0
199.6,128.376825,38.227201,3287.6093760000003,30.798,54.279,308.521,1.0
199.6166,128.3768,38.227216,3290.9216376,32.91,54.421,308.731,1.0
199.6333,128.376776,38.227231,3294.2378616,34.917,54.566,308.954,1.0
199.65,128.376751,38.227247,3297.5577432,36.834,54.713,309.188,1.0
199.6666,128.376727,38.227262,3300.8815872000005,38.679,54.857,309.434,1.0
199.6833,128.376702,38.227277,3304.2084792,40.468,54.996,309.696,1.0
199.7,128.376678,38.227293,3307.5384192000006,42.217,55.127,309.972,1.0
199.7166,128.376653,38.227308,3310.8714072000002,43.938,55.25,310.262,1.0
199.7333,128.376629,38.227323,3314.2080528,45.614,55.359,310.55,1.0
199.75,128.376605,38.227339,3317.546832,47.253,55.454,310.835,1.0
199.7666,128.376581,38.227354,3320.8886592000003,48.867,55.538,311.118,1.0
199.7833,128.376556,38.227369,3324.2332296,50.464,55.612,311.404,1.0
199.8,128.376532,38.227385,3327.5802384000003,52.052,55.678,311.693,1.0
199.8166,128.376508,38.2274,3330.9296856,53.635,55.737,311.986,1.0
199.8333,128.376484,38.227415,3334.2806568,55.217,55.781,312.266,1.0
199.85,128.37646,38.227431,3337.6340664000004,56.801,55.811,312.533,1.0
199.8666,128.376437,38.227446,3340.9893048000004,58.388,55.829,312.791,1.0
199.8833,128.376413,38.227462,3344.3466768,59.984,55.84,313.044,1.0
199.9,128.376389,38.227477,3347.7055728,61.589,55.845,313.294,1.0
199.9166,128.376365,38.227493,3351.0666024,63.203,55.845,313.543,1.0
199.9333,128.376342,38.227508,3354.4294608,64.801,55.839,313.776,1.0
199.95,128.376318,38.227524,3357.7938432,66.382,55.826,313.994,1.0
199.9666,128.376294,38.22754,3361.1597496,67.951,55.808,314.202,1.0
