Time,Longitude,Latitude,Altitude,Roll (deg),Pitch (deg),Yaw (deg),Health
0.0,128.181881,37.914482,9120.8921976,0.0,-0.002,179.999,1.0
0.0166,128.181881,37.914445,9120.8745192,0.0,-0.007,180.0,1.0
0.0333,128.181881,37.914407,9120.8540976,0.046,-0.015,180.008,1.0
0.05,128.181881,37.91437,9120.830932800001,0.139,-0.026,180.026,1.0
0.0666,128.181881,37.914333,9120.80472,0.28,-0.039,180.05,1.0
0.0833,128.181881,37.914295,9120.7754592,0.469,-0.055,180.08,1.0
0.1,128.181881,37.914258,9120.7425408,0.706,-0.072,180.114,1.0
0.1166,128.181881,37.914221,9120.705660000001,0.993,-0.091,180.151,1.0
0.1333,128.181881,37.914183,9120.6642072,1.328,-0.111,180.191,1.0
0.15,128.181881,37.914146,9120.618487200001,1.712,-0.133,180.233,1.0
0.1666,128.181881,37.914108,9120.5678904,2.144,-0.155,180.276,1.0
0.1833,128.181881,37.914071,9120.5133312,2.624,-0.178,180.32,1.0
0.2,128.181881,37.914034,9120.4538952,3.149,-0.203,180.364,1.0
0.2166,128.181881,37.913996,9120.390192,3.721,-0.228,180.409,1.0
0.2333,128.181881,37.913959,9120.3219168,4.336,-0.251,180.454,1.0
0.25,128.181881,37.913921,9120.2496792,4.995,-0.272,180.498,1.0
0.2666,128.181881,37.913884,9120.172869600001,5.697,-0.291,180.543,1.0
0.2833,128.181881,37.913846,9120.091792800002,6.44,-0.31,180.587,1.0
0.3,128.181881,37.913809,9120.0064488,7.224,-0.327,180.631,1.0
0.3166,128.181881,37.913771,9119.916837600002,8.046,-0.345,180.674,1.0
0.3333,128.181881,37.913733,9119.823264,8.907,-0.356,180.717,1.0
0.35,128.181881,37.913696,9119.725728000001,9.805,-0.363,180.761,1.0
0.3666,128.181881,37.913658,9119.6239248,10.74,-0.365,180.805,1.0
0.3833,128.181881,37.913621,9119.5181592,11.709,-0.364,180.848,1.0
0.4,128.181881,37.913583,9119.408736000001,12.713,-0.36,180.892,1.0
0.4166,128.181881,37.913545,9119.2950456,13.75,-0.355,180.936,1.0
0.4333,128.181881,37.913508,9119.1780024,14.82,-0.341,180.982,1.0
0.45,128.181881,37.91347,9119.057301600002,15.921,-0.319,181.03,1.0
0.4666,128.181881,37.913432,9118.932638400001,17.053,-0.29,181.079,1.0
0.4833,128.181881,37.913394,9118.8046224,18.215,-0.257,181.13,1.0
0.5,128.181881,37.913357,9118.6732536,19.406,-0.22,181.183,1.0
0.5166,128.181881,37.913319,9118.538532,20.625,-0.18,181.237,1.0
0.5333,128.181881,37.913281,9118.4004576,21.872,-0.131,181.296,1.0
0.55,128.181881,37.913243,9118.25964,23.146,-0.071,181.359,1.0
0.5666,128.181881,37.913206,9118.115469600001,24.446,-0.004,181.427,1.0
0.5833,128.181881,37.913168,9117.9682512,25.772,0.067,181.5,1.0
0.6,128.181881,37.91313,9117.8182896,27.123,0.144,181.576,1.0
0.6166,128.181881,37.913092,9117.6658896,28.5,0.224,181.656,1.0
0.6333,128.181881,37.913054,9117.510746400001,29.9,0.313,181.743,1.0
0.65,128.181881,37.913016,9117.3531648,31.324,0.411,181.84,1.0
0.6666,128.181881,37.912978,9117.1931448,32.772,0.518,181.944,1.0
0.6833,128.181881,37.912941,9117.030991200001,34.243,0.629,182.056,1.0
0.7,128.181881,37.912903,9116.866704,35.737,0.744,182.175,1.0
0.7166,128.181881,37.912865,9116.700588000002,37.253,0.86,182.3,1.0
0.7333,128.181881,37.912827,9116.5326432,38.792,0.983,182.435,1.0
0.75,128.181881,37.912789,9116.362869600001,40.352,1.115,182.584,1.0
0.7666,128.181881,37.912751,9116.1912672,41.935,1.252,182.744,1.0
0.7833,128.181881,37.912713,9116.0184456,43.539,1.391,182.915,1.0
0.8,128.181881,37.912675,9115.8441,45.164,1.532,183.096,1.0
0.8166,128.181881,37.912637,9115.66884,46.81,1.671,183.284,1.0
0.8333,128.18188,37.912599,9115.4926656,48.435,1.816,183.483,1.0
0.85,128.18188,37.912561,9115.316186400001,50.04,1.97,183.696,1.0
0.8666,128.18188,37.912523,9115.1397072,51.625,2.128,183.921,1.0
0.8833,128.18188,37.912485,9114.9635328,53.19,2.287,184.157,1.0
0.9,128.18188,37.912446,9114.7876632,54.738,2.446,184.402,1.0
0.9166,128.181879,37.912408,9114.6124032,56.269,2.601,184.656,1.0
0.9333,128.181879,37.91237,9114.4380576,57.746,2.76,184.922,1.0
0.95,128.181878,37.912332,9114.2646264,59.173,2.922,185.203,1.0
0.9666,128.181878,37.912294,9114.0924144,60.551,3.086,185.498,1.0
0.9833,128.181877,37.912256,9113.9214216,61.885,3.249,185.804,1.0
1.0,128.181877,37.912218,9113.7522576,63.176,3.407,186.12,1.0
1.0166,128.181876,37.91218,9113.584008,64.428,3.558,186.444,1.0
1.0333,128.181875,37.912142,9113.4172824,65.618,3.706,186.774,1.0
1.05,128.181874,37.912103,9113.2520808,66.748,3.849,187.109,1.0
1.0666,128.181873,37.912065,9113.088708,67.823,3.985,187.447,1.0
1.0833,128.181872,37.912027,9112.9268592,68.846,4.113,187.788,1.0
1.1,128.181871,37.911989,9112.765924800002,69.822,4.232,188.13,1.0
1.1166,128.18187,37.911951,9112.6062096,70.753,4.342,188.473,1.0
1.1333,128.181868,37.911913,9112.4477136,71.648,4.442,188.817,1.0
1.15,128.181867,37.911875,9112.2898272,72.509,4.532,189.16,1.0
1.1666,128.181866,37.911837,9112.1325504,73.34,4.611,189.501,1.0
1.1833,128.181864,37.911798,9111.976188,74.144,4.68,189.841,1.0
1.2,128.181862,37.91176,9111.8204352,74.923,4.738,190.179,1.0
1.2166,128.18186,37.911722,9111.6649872,75.679,4.787,190.514,1.0
1.2333,128.181858,37.911684,9111.5101488,76.439,4.822,190.843,1.0
1.25,128.181856,37.911646,9111.3550056,77.205,4.844,191.168,1.0
1.2666,128.181854,37.911608,9111.1998624,77.979,4.854,191.487,1.0
1.2833,128.181852,37.91157,9111.044719200001,78.76,4.853,191.8,1.0
1.3,128.18185,37.911531,9110.8889664,79.549,4.842,192.108,1.0
1.3166,128.181848,37.911493,9110.7329088,80.346,4.821,192.41,1.0
1.3333,128.181845,37.911455,9110.576546400001,81.139,4.793,192.711,1.0
1.35,128.181843,37.911417,9110.4198792,81.928,4.759,193.009,1.0
1.3666,128.18184,37.911379,9110.2626024,82.714,4.719,193.304,1.0
1.3833,128.181837,37.911341,9110.104411200002,83.496,4.672,193.596,1.0
1.4,128.181835,37.911303,9109.9456104,84.275,4.62,193.886,1.0
1.4166,128.181832,37.911265,9109.7862,85.05,4.561,194.172,1.0
1.4333,128.181829,37.911226,9109.625570400001,85.811,4.498,194.455,1.0
1.45,128.181825,37.911188,9109.4640264,86.556,4.43,194.735,1.0
1.4666,128.181822,37.91115,9109.301568,87.287,4.358,195.011,1.0
1.4833,128.181819,37.911112,9109.137890400001,88.005,4.282,195.285,1.0
1.5,128.181815,37.911074,9108.9726888,88.709,4.2,195.555,1.0
1.5166,128.181812,37.911036,9108.806268,89.401,4.114,195.822,1.0
1.5333,128.181808,37.910998,9108.638628,90.105,4.019,196.085,1.0
1.55,128.181804,37.91096,9108.4688544,90.821,3.917,196.346,1.0
1.5666,128.1818,37.910922,9108.2975568,91.549,3.807,196.603,1.0
1.5833,128.181796,37.910884,9108.1244304,92.289,3.69,196.856,1.0
1.6,128.181792,37.910845,9107.9494752,93.039,3.567,197.107,1.0
1.6166,128.181788,37.910807,9107.7723864,93.8,3.436,197.354,1.0
1.6333,128.181784,37.910769,9107.5928592,94.551,3.301,197.597,1.0
1.65,128.18178,37.910731,9107.4111984,95.293,3.161,197.838,1.0
1.6666,128.181775,37.910693,9107.2270992,96.024,3.017,198.075,1.0
1.6833,128.18177,37.910655,9107.0402568,96.745,2.867,198.309,1.0
1.7,128.181766,37.910617,9106.8506712,97.458,2.713,198.539,1.0
1.7166,128.181761,37.910579,9106.6583424,98.162,2.553,198.765,1.0
1.7333,128.181756,37.910541,9106.462660800002,98.843,2.39,198.989,1.0
1.75,128.181751,37.910503,9106.264236,99.504,2.223,199.21,1.0
1.7666,128.181745,37.910465,9106.0621536,100.144,2.052,199.427,1.0
1.7833,128.18174,37.910427,9105.8567184,100.765,1.878,199.641,1.0
1.8,128.181735,37.910389,9105.6479304,101.368,1.7,199.853,1.0
1.8166,128.181729,37.910351,9105.43518,101.954,1.517,200.061,1.0
1.8333,128.181723,37.910313,9105.218772,102.516,1.332,200.267,1.0
1.85,128.181718,37.910276,9104.998401600002,103.055,1.143,200.469,1.0
1.8666,128.181712,37.910238,9104.773764000001,103.572,0.951,200.67,1.0
1.8833,128.181705,37.9102,9104.545164000001,104.068,0.756,200.867,1.0
1.9,128.181699,37.910162,9104.3122968,104.545,0.557,201.062,1.0
1.9166,128.181693,37.910124,9104.0751624,105.004,0.355,201.254,1.0
1.9333,128.181686,37.910086,9103.8331512,105.442,0.151,201.444,1.0
1.95,128.18168,37.910048,9103.5868728,105.86,-0.056,201.631,1.0
1.9666,128.181673,37.910011,9103.3360224,106.259,-0.266,201.816,1.0
1.9833,128.181666,37.909973,9103.080295200001,106.64,-0.479,201.998,1.0
2.0,128.181659,37.909935,9102.8196912,107.004,-0.695,202.178,1.0
2.0166,128.181652,37.909897,9102.554210400001,107.353,-0.913,202.355,1.0
2.0333,128.181645,37.90986,9102.2838528,107.685,-1.133,202.53,1.0
2.05,128.181638,37.909822,9102.008313600001,108.001,-1.355,202.703,1.0
2.0666,128.18163,37.909784,9101.727592800002,108.302,-1.579,202.874,1.0
2.0833,128.181623,37.909747,9101.4416904,108.589,-1.805,203.043,1.0
2.1,128.181615,37.909709,9101.1506064,108.863,-2.033,203.209,1.0
2.1166,128.181607,37.909671,9100.854036,109.124,-2.262,203.373,1.0
2.1333,128.181599,37.909634,9100.551979200001,109.373,-2.492,203.535,1.0
2.15,128.181591,37.909596,9100.244436,109.61,-2.723,203.696,1.0
2.1666,128.181583,37.909559,9099.931101600001,109.837,-2.955,203.854,1.0
2.1833,128.181575,37.909521,9099.6122808,110.052,-3.187,204.011,1.0
2.2,128.181566,37.909484,9099.287973600001,110.258,-3.42,204.166,1.0
2.2166,128.181558,37.909446,9098.957570400002,110.455,-3.653,204.319,1.0
2.2333,128.181549,37.909409,9098.6216808,110.642,-3.886,204.471,1.0
2.25,128.181541,37.909371,9098.2796952,110.822,-4.119,204.621,1.0
2.2666,128.181532,37.909334,9097.9316136,110.993,-4.351,204.77,1.0
2.2833,128.181523,37.909296,9097.577740800001,111.157,-4.582,204.918,1.0
2.3,128.181514,37.909259,9097.2174672,111.314,-4.812,205.064,1.0
2.3166,128.181504,37.909222,9096.8514024,111.464,-5.041,205.21,1.0
2.3333,128.181495,37.909184,9096.4789368,111.609,-5.269,205.354,1.0
2.35,128.181486,37.909147,9096.1003752,111.747,-5.495,205.498,1.0
2.3666,128.181476,37.90911,9095.7154128,111.881,-5.719,205.642,1.0
2.3833,128.181466,37.909073,9095.3243544,112.009,-5.941,205.784,1.0
2.4,128.181457,37.909035,9094.9265904,112.134,-6.161,205.926,1.0
2.4166,128.181447,37.908998,9094.5224256,112.254,-6.378,206.068,1.0
2.4333,128.181437,37.908961,9094.11186,112.371,-6.593,206.209,1.0
2.45,128.181426,37.908924,9093.6945888,112.485,-6.805,206.35,1.0
2.4666,128.181416,37.908887,9093.2709168,112.597,-7.014,206.491,1.0
2.4833,128.181406,37.908849,9092.8405392,112.707,-7.221,206.633,1.0
2.5,128.181395,37.908812,9092.4031512,112.815,-7.424,206.774,1.0
2.5166,128.181385,37.908775,9091.9593624,112.921,-7.624,206.915,1.0
2.5333,128.181374,37.908738,9091.508868,113.026,-7.82,207.056,1.0
2.55,128.181363,37.908701,9091.0513632,113.131,-8.013,207.198,1.0
2.5666,128.181352,37.908664,9090.5871528,113.235,-8.203,207.34,1.0
2.5833,128.181341,37.908627,9090.115932,113.339,-8.388,207.483,1.0
2.6,128.18133,37.90859,9089.6377008,113.443,-8.57,207.626,1.0
2.6166,128.181319,37.908553,9089.152764,113.547,-8.748,207.77,1.0
2.6333,128.181307,37.908517,9088.660512,113.651,-8.922,207.915,1.0
2.65,128.181296,37.90848,9088.1615544,113.756,-9.092,208.06,1.0
2.6666,128.181284,37.908443,9087.6552816,113.862,-9.258,208.207,1.0
2.6833,128.181273,37.908406,9087.1419984,113.968,-9.421,208.354,1.0
2.7,128.181261,37.908369,9086.6217048,114.074,-9.58,208.501,1.0
2.7166,128.181249,37.908333,9086.094096,114.177,-9.736,208.649,1.0
2.7333,128.181237,37.908296,9085.559476800001,114.279,-9.89,208.797,1.0
2.75,128.181225,37.908259,9085.0178472,114.379,-10.042,208.945,1.0
2.7666,128.181212,37.908223,9084.4689024,114.476,-10.192,209.093,1.0
2.7833,128.1812,37.908186,9083.9129472,114.571,-10.34,209.242,1.0
2.8,128.181187,37.90815,9083.3496768,114.662,-10.487,209.389,1.0
2.8166,128.181175,37.908113,9082.7790912,114.75,-10.634,209.537,1.0
2.8333,128.181162,37.908077,9082.201190400001,114.834,-10.779,209.685,1.0
2.85,128.181149,37.90804,9081.616279200001,114.913,-10.923,209.832,1.0
2.8666,128.181136,37.908004,9081.023748,114.989,-11.066,209.979,1.0
2.8833,128.181123,37.907967,9080.423901600001,115.06,-11.208,210.126,1.0
2.9,128.18111,37.907931,9079.8170448,115.128,-11.35,210.273,1.0
2.9166,128.181097,37.907895,9079.202568,115.191,-11.491,210.419,1.0
2.9333,128.181084,37.907858,9078.580776,115.25,-11.631,210.565,1.0
2.95,128.18107,37.907822,9077.9516688,115.305,-11.771,210.711,1.0
2.9666,128.181056,37.907786,9077.314941600001,115.356,-11.91,210.857,1.0
2.9833,128.181043,37.90775,9076.6708992,115.402,-12.048,211.002,1.0
3.0,128.181029,37.907713,9076.0195416,115.445,-12.187,211.147,1.0
3.0166,128.181015,37.907677,9075.360564,115.484,-12.325,211.292,1.0
3.0333,128.181001,37.907641,9074.6939664,115.519,-12.462,211.437,1.0
3.05,128.180987,37.907605,9074.020053600001,115.551,-12.599,211.582,1.0
3.0666,128.180973,37.907569,9073.3388256,115.579,-12.735,211.726,1.0
3.0833,128.180958,37.907533,9072.6496728,115.603,-12.871,211.87,1.0
3.1,128.180944,37.907497,9071.9532048,115.625,-13.006,212.014,1.0
3.1166,128.180929,37.907461,9071.2494216,115.643,-13.142,212.158,1.0
3.1333,128.180915,37.907425,9070.5377136,115.658,-13.276,212.302,1.0
3.15,128.1809,37.90739,9069.8186904,115.671,-13.411,212.446,1.0
3.1666,128.180885,37.907354,9069.092047200002,115.681,-13.545,212.589,1.0
3.1833,128.18087,37.907318,9068.357784000002,115.688,-13.678,212.733,1.0
3.2,128.180855,37.907282,9067.615900800001,115.693,-13.811,212.876,1.0
3.2166,128.18084,37.907247,9066.8663976,115.695,-13.944,213.019,1.0
3.2333,128.180824,37.907211,9066.109274400002,115.696,-14.076,213.162,1.0
3.25,128.180809,37.907176,9065.3445312,115.694,-14.208,213.305,1.0
3.2666,128.180793,37.90714,9064.5724728,115.691,-14.339,213.448,1.0
3.2833,128.180778,37.907104,9063.7924896,115.686,-14.47,213.591,1.0
3.3,128.180762,37.907069,9063.0048864,115.68,-14.6,213.734,1.0
3.3166,128.180746,37.907034,9062.209663200001,115.671,-14.73,213.877,1.0
3.3333,128.18073,37.906998,9061.40682,115.661,-14.859,214.021,1.0
3.35,128.180714,37.906963,9060.5963568,115.649,-14.988,214.164,1.0
3.3666,128.180698,37.906928,9059.7782736,115.636,-15.116,214.307,1.0
3.3833,128.180682,37.906892,9058.9522656,115.62,-15.243,214.45,1.0
3.4,128.180665,37.906857,9058.1186376,115.603,-15.37,214.594,1.0
3.4166,128.180649,37.906822,9057.2773896,115.584,-15.496,214.737,1.0
3.4333,128.180632,37.906787,9056.4285216,115.563,-15.622,214.881,1.0
3.45,128.180616,37.906752,9055.571728800001,115.541,-15.747,215.025,1.0
3.4666,128.180599,37.906717,9054.707316,115.516,-15.871,215.169,1.0
3.4833,128.180582,37.906682,9053.8352832,115.491,-15.995,215.313,1.0
3.5,128.180565,37.906647,9052.9553256,115.463,-16.118,215.457,1.0
3.5166,128.180548,37.906612,9052.0680528,115.434,-16.241,215.602,1.0
3.5333,128.180531,37.906577,9051.1725504,115.404,-16.363,215.746,1.0
3.55,128.180513,37.906542,9050.269732800001,115.372,-16.484,215.891,1.0
3.5666,128.180496,37.906507,9049.3589904,115.339,-16.605,216.036,1.0
3.5833,128.180478,37.906473,9048.440628,115.304,-16.725,216.181,1.0
3.6,128.180461,37.906438,9047.5146456,115.269,-16.845,216.326,1.0
3.6166,128.180443,37.906403,9046.580738400002,115.232,-16.964,216.471,1.0
3.6333,128.180425,37.906369,9045.639211200001,115.193,-17.082,216.617,1.0
3.65,128.180407,37.906334,9044.6897592,115.154,-17.2,216.763,1.0
3.6666,128.180389,37.9063,9043.732992000001,115.113,-17.318,216.909,1.0
3.6833,128.180371,37.906265,9042.7683,115.072,-17.434,217.055,1.0
3.7,128.180353,37.906231,9041.7956832,115.029,-17.551,217.201,1.0
3.7166,128.180335,37.906197,9040.8154464,114.985,-17.666,217.348,1.0
3.7333,128.180316,37.906162,9039.8275896,114.94,-17.781,217.495,1.0
3.75,128.180298,37.906128,9038.8321128,114.895,-17.894,217.643,1.0
3.7666,128.180279,37.906094,9037.828711200002,114.849,-18.007,217.791,1.0
3.7833,128.18026,37.90606,9036.8173848,114.802,-18.118,217.939,1.0
3.8,128.180241,37.906026,9035.798743199999,114.755,-18.229,218.088,1.0
3.8166,128.180223,37.905992,9034.772176800001,114.706,-18.338,218.237,1.0
3.8333,128.180204,37.905958,9033.737685600001,114.657,-18.447,218.386,1.0
3.85,128.180184,37.905924,9032.6955744,114.607,-18.554,218.537,1.0
3.8666,128.180165,37.90589,9031.6458432,114.556,-18.66,218.688,1.0
3.8833,128.180146,37.905856,9030.5881872,114.505,-18.765,218.839,1.0
3.9,128.180126,37.905822,9029.523216,114.452,-18.869,218.99,1.0
3.9166,128.180107,37.905788,9028.450320000002,114.399,-18.973,219.142,1.0
3.9333,128.180087,37.905755,9027.369804,114.343,-19.076,219.294,1.0
3.95,128.180067,37.905721,9026.2813632,114.287,-19.179,219.446,1.0
3.9666,128.180048,37.905687,9025.1856072,114.229,-19.282,219.598,1.0
3.9833,128.180028,37.905654,9024.0822312,114.17,-19.385,219.75,1.0
4.0,128.180008,37.90562,9022.9712352,114.109,-19.488,219.902,1.0
4.0166,128.179988,37.905587,9021.852314400001,114.048,-19.591,220.054,1.0
4.0333,128.179967,37.905554,9020.726078400001,113.985,-19.694,220.206,1.0
4.05,128.179947,37.90552,9019.5925272,113.921,-19.798,220.358,1.0
4.0666,128.179927,37.905487,9018.451051200002,113.856,-19.903,220.509,1.0
4.0833,128.179906,37.905454,9017.3019552,113.789,-20.008,220.66,1.0
4.1,128.179885,37.905421,9016.145544,113.722,-20.112,220.811,1.0
4.1166,128.179865,37.905388,9014.981208000001,113.655,-20.217,220.962,1.0
4.1333,128.179844,37.905355,9013.8098616,113.588,-20.323,221.113,1.0
4.15,128.179823,37.905322,9012.6305904,113.523,-20.428,221.264,1.0
4.1666,128.179802,37.905289,9011.444004,113.459,-20.534,221.414,1.0
4.1833,128.179781,37.905256,9010.249797600001,113.397,-20.64,221.565,1.0
4.2,128.17976,37.905223,9009.048276,113.336,-20.746,221.715,1.0
4.2166,128.179738,37.90519,9007.8391344,113.277,-20.851,221.866,1.0
4.2333,128.179717,37.905157,9006.6229824,113.224,-20.957,222.016,1.0
4.25,128.179696,37.905125,9005.3992104,113.176,-21.064,222.166,1.0
4.2666,128.179674,37.905092,9004.167818400001,113.135,-21.171,222.316,1.0
4.2833,128.179652,37.90506,9002.929415999999,113.099,-21.278,222.465,1.0
4.3,128.179631,37.905027,9001.6833936,113.069,-21.385,222.615,1.0
4.3166,128.179609,37.904995,9000.430056000001,113.044,-21.492,222.764,1.0
4.3333,128.179587,37.904962,8999.169708,113.032,-21.6,222.913,1.0
4.35,128.179565,37.90493,8997.9023496,113.033,-21.71,223.061,1.0
4.3666,128.179543,37.904898,8996.6273712,113.047,-21.82,223.209,1.0
4.3833,128.17952,37.904865,8995.3453824,113.073,-21.93,223.356,1.0
4.4,128.179498,37.904833,8994.0560784,113.11,-22.041,223.503,1.0
4.4166,128.179476,37.904801,8992.7594592,113.158,-22.152,223.65,1.0
4.4333,128.179453,37.904769,8991.4558296,113.226,-22.264,223.796,1.0
4.45,128.179431,37.904737,8990.1451896,113.314,-22.378,223.941,1.0
4.4666,128.179408,37.904705,8988.8275392,113.42,-22.493,224.085,1.0
4.4833,128.179385,37.904673,8987.5025736,113.544,-22.609,224.228,1.0
4.5,128.179363,37.904641,8986.170292800001,113.685,-22.726,224.37,1.0
4.5166,128.17934,37.904609,8984.830696800002,113.841,-22.843,224.512,1.0
4.5333,128.179317,37.904578,8983.484090400001,114.016,-22.961,224.654,1.0
4.55,128.179294,37.904546,8982.1301688,114.207,-23.08,224.794,1.0
4.5666,128.17927,37.904514,8980.768932,114.413,-23.199,224.933,1.0
4.5833,128.179247,37.904483,8979.40038,114.634,-23.319,225.072,1.0
4.6,128.179224,37.904451,8978.0245128,114.869,-23.44,225.21,1.0
4.6166,128.179201,37.90442,8976.6410256,115.116,-23.562,225.347,1.0
4.6333,128.179177,37.904388,8975.2499184,115.375,-23.684,225.483,1.0
4.65,128.179154,37.904357,8973.851191200001,115.645,-23.807,225.618,1.0
4.6666,128.17913,37.904326,8972.4451488,115.926,-23.93,225.753,1.0
4.6833,128.179106,37.904294,8971.031181600001,116.215,-24.055,225.887,1.0
4.7,128.179082,37.904263,8969.6095944,116.513,-24.18,226.02,1.0
4.7166,128.179059,37.904232,8968.1803872,116.819,-24.306,226.152,1.0
4.7333,128.179035,37.904201,8966.742950400001,117.13,-24.433,226.283,1.0
4.75,128.179011,37.90417,8965.2978936,117.444,-24.56,226.413,1.0
4.7666,128.178986,37.904139,8963.8446072,117.762,-24.689,226.543,1.0
4.7833,128.178962,37.904108,8962.383396000001,118.083,-24.818,226.672,1.0
4.8,128.178938,37.904077,8960.914260000001,118.406,-24.949,226.8,1.0
4.8166,128.178914,37.904046,8959.4368944,118.731,-25.08,226.928,1.0
4.8333,128.178889,37.904016,8957.9512992,119.057,-25.213,227.054,1.0
4.85,128.178865,37.903985,8956.4574744,119.384,-25.347,227.18,1.0
4.8666,128.17884,37.903955,8954.95542,119.71,-25.482,227.305,1.0
4.8833,128.178815,37.903924,8953.445136,120.036,-25.618,227.429,1.0
4.9,128.178791,37.903894,8951.9263176,120.363,-25.756,227.552,1.0
4.9166,128.178766,37.903863,8950.3995744,120.689,-25.894,227.675,1.0
4.9333,128.178741,37.903833,8948.8636872,121.013,-26.035,227.797,1.0
4.95,128.178716,37.903803,8947.3198752,121.334,-26.176,227.918,1.0
4.9666,128.178691,37.903772,8945.767224000001,121.653,-26.319,228.038,1.0
4.9833,128.178666,37.903742,8944.205733600002,121.97,-26.462,228.157,1.0
5.0,128.178641,37.903712,8942.6360136,122.285,-26.608,228.276,1.0
5.0166,128.178615,37.903682,8941.057454400001,122.598,-26.754,228.393,1.0
5.0333,128.17859,37.903652,8939.4703608,122.908,-26.902,228.51,1.0
5.05,128.178565,37.903622,8937.874123200001,123.215,-27.052,228.627,1.0
5.0666,128.178539,37.903592,8936.2693512,123.519,-27.202,228.742,1.0
5.0833,128.178514,37.903563,8934.65574,123.821,-27.354,228.857,1.0
5.1,128.178488,37.903533,8933.0332896,124.121,-27.507,228.97,1.0
5.1166,128.178462,37.903503,8931.402,124.418,-27.662,229.083,1.0
5.1333,128.178437,37.903474,8929.7615664,124.712,-27.817,229.196,1.0
5.15,128.178411,37.903444,8928.1122936,125.003,-27.974,229.307,1.0
5.1666,128.178385,37.903415,8926.4538768,125.291,-28.132,229.418,1.0
5.1833,128.178359,37.903385,8924.7866208,125.576,-28.291,229.528,1.0
5.2,128.178333,37.903356,8923.1102208,125.859,-28.451,229.637,1.0
5.2166,128.178307,37.903327,8921.424676800001,126.14,-28.613,229.745,1.0
5.2333,128.178281,37.903298,8919.729684000002,126.417,-28.775,229.853,1.0
5.25,128.178255,37.903269,8918.025852,126.692,-28.939,229.96,1.0
5.2666,128.178228,37.90324,8916.3125712,126.964,-29.103,230.066,1.0
5.2833,128.178202,37.903211,8914.5901464,127.234,-29.269,230.172,1.0
5.3,128.178176,37.903182,8912.8585776,127.502,-29.435,230.276,1.0
5.3166,128.178149,37.903153,8911.11756,127.768,-29.603,230.38,1.0
5.3333,128.178123,37.903124,8909.3667888,128.029,-29.771,230.484,1.0
5.35,128.178096,37.903096,8907.6065688,128.284,-29.939,230.587,1.0
5.3666,128.17807,37.903067,8905.8369,128.534,-30.109,230.69,1.0
5.3833,128.178043,37.903038,8904.057782400001,128.779,-30.278,230.792,1.0
5.4,128.178016,37.90301,8902.2689112,129.02,-30.449,230.893,1.0
5.4166,128.17799,37.902981,8900.4705912,129.256,-30.62,230.995,1.0
5.4333,128.177963,37.902953,8898.6625176,129.485,-30.791,231.095,1.0
5.45,128.177936,37.902925,8896.8443856,129.706,-30.962,231.196,1.0
5.4666,128.177909,37.902897,8895.016804800001,129.919,-31.134,231.297,1.0
5.4833,128.177882,37.902869,8893.1794704,130.126,-31.306,231.397,1.0
5.5,128.177855,37.90284,8891.3320776,130.327,-31.479,231.497,1.0
5.5166,128.177828,37.902812,8889.4749312,130.521,-31.652,231.597,1.0
5.5333,128.177801,37.902785,8887.6077264,130.704,-31.825,231.697,1.0
5.55,128.177773,37.902757,8885.7301584,130.874,-31.997,231.797,1.0
5.5666,128.177746,37.902729,8883.8428368,131.034,-32.17,231.898,1.0
5.5833,128.177719,37.902701,8881.9454568,131.182,-32.342,231.999,1.0
5.6,128.177692,37.902674,8880.0380184,131.321,-32.514,232.1,1.0
5.6166,128.177664,37.902646,8878.1205216,131.451,-32.687,232.201,1.0
5.6333,128.177637,37.902619,8876.1926616,131.57,-32.859,232.303,1.0
5.65,128.177609,37.902591,8874.2547432,131.677,-33.031,232.405,1.0
5.6666,128.177582,37.902564,8872.3067664,131.774,-33.203,232.507,1.0
5.6833,128.177554,37.902537,8870.3484264,131.862,-33.375,232.609,1.0
5.7,128.177527,37.90251,8868.380332800001,131.941,-33.547,232.712,1.0
5.7166,128.177499,37.902482,8866.401876,132.012,-33.718,232.815,1.0
5.7333,128.177471,37.902455,8864.413360800001,132.074,-33.89,232.919,1.0
5.75,128.177443,37.902429,8862.414482400001,132.127,-34.061,233.023,1.0
5.7666,128.177416,37.902402,8860.4058504,132.173,-34.232,233.127,1.0
5.7833,128.177388,37.902375,8858.3868552,132.211,-34.402,233.232,1.0
5.8,128.17736,37.902348,8856.357801600001,132.243,-34.573,233.337,1.0
5.8166,128.177332,37.902322,8854.3186896,132.268,-34.743,233.443,1.0
5.8333,128.177304,37.902295,8852.268909600001,132.281,-34.911,233.551,1.0
5.85,128.177276,37.902268,8850.2084616,132.283,-35.076,233.662,1.0
5.8666,128.177248,37.902242,8848.1379552,132.273,-35.24,233.774,1.0
5.8833,128.17722,37.902216,8846.0570856,132.252,-35.403,233.889,1.0
5.9,128.177192,37.90219,8843.9661576,132.22,-35.564,234.005,1.0
5.9166,128.177164,37.902163,8841.8645616,132.178,-35.724,234.122,1.0
5.9333,128.177135,37.902137,8839.752297600002,132.102,-35.88,234.244,1.0
5.95,128.177107,37.902111,8837.629060800002,131.992,-36.032,234.371,1.0
5.9666,128.177079,37.902085,8835.494851200001,131.85,-36.18,234.502,1.0
5.9833,128.177051,37.90206,8833.349364,131.676,-36.326,234.636,1.0
6.0,128.177022,37.902034,8831.193513600001,131.473,-36.469,234.774,1.0
6.0166,128.176994,37.902008,8829.0266904,131.241,-36.61,234.913,1.0
6.0333,128.176965,37.901983,8826.849504,130.989,-36.75,235.055,1.0
6.05,128.176937,37.901957,8824.6619544,130.718,-36.888,235.199,1.0
6.0666,128.176908,37.901932,8822.4640416,130.429,-37.025,235.345,1.0
6.0833,128.17688,37.901907,8820.2557656,130.123,-37.16,235.493,1.0
6.1,128.176851,37.901881,8818.0374312,129.801,-37.294,235.642,1.0
6.1166,128.176823,37.901856,8815.8087336,129.464,-37.427,235.793,1.0
6.1333,128.176794,37.901831,8813.569368,129.088,-37.552,235.943,1.0
6.15,128.176765,37.901806,8811.3196392,128.673,-37.67,236.091,1.0
6.1666,128.176737,37.901781,8809.0589376,128.22,-37.78,236.238,1.0
6.1833,128.176708,37.901757,8806.787568,127.726,-37.886,236.385,1.0
6.2,128.176679,37.901732,8804.5055304,127.194,-37.986,236.531,1.0
6.2166,128.17665,37.901708,8802.2128248,126.623,-38.082,236.679,1.0
6.2333,128.176621,37.901683,8799.909756000001,126.02,-38.168,236.817,1.0
6.25,128.176592,37.901659,8797.596324,125.388,-38.242,236.941,1.0
6.2666,128.176563,37.901635,8795.2728336,124.727,-38.304,237.051,1.0
6.2833,128.176534,37.90161,8792.93898,124.037,-38.357,237.15,1.0
6.3,128.176505,37.901586,8790.5956776,123.315,-38.401,237.242,1.0
6.3166,128.176476,37.901563,8788.2423168,122.561,-38.439,237.328,1.0
6.3333,128.176447,37.901539,8785.8795072,121.782,-38.466,237.398,1.0
6.35,128.176417,37.901515,8783.5072488,120.982,-38.48,237.45,1.0
6.3666,128.176388,37.901491,8781.1258464,120.157,-38.483,237.485,1.0
6.3833,128.176359,37.901468,8778.7353,119.308,-38.478,237.507,1.0
6.4,128.17633,37.901444,8776.3362192,118.432,-38.465,237.52,1.0
6.4166,128.1763,37.901421,8773.9282992,117.529,-38.446,237.525,1.0
6.4333,128.176271,37.901398,8771.5118448,116.604,-38.418,237.513,1.0
6.45,128.176241,37.901375,8769.087465600001,115.658,-38.38,237.484,1.0
6.4666,128.176211,37.901352,8766.654856800002,114.69,-38.335,237.44,1.0
6.4833,128.176182,37.901329,8764.2143232,113.697,-38.283,237.386,1.0
6.5,128.176152,37.901306,8761.766474400001,112.677,-38.227,237.324,1.0
6.5166,128.176122,37.901283,8759.3110056,111.63,-38.167,237.256,1.0
6.5333,128.176093,37.90126,8756.848526400001,110.56,-38.102,237.174,1.0
6.55,128.176063,37.901238,8754.3790368,109.465,-38.031,237.08,1.0
6.5666,128.176033,37.901215,8751.9028416,108.344,-37.957,236.977,1.0
6.5833,128.176003,37.901193,8749.4199408,107.196,-37.88,236.867,1.0
6.6,128.175973,37.90117,8746.9312488,106.017,-37.801,236.752,1.0
6.6166,128.175943,37.901148,8744.436156000002,104.807,-37.721,236.635,1.0
6.6333,128.175913,37.901126,8741.936796,103.67,-37.655,236.502,1.0
6.65,128.175882,37.901103,8739.4316448,102.604,-37.603,236.356,1.0
6.6666,128.175852,37.901081,8736.921312,101.609,-37.563,236.201,1.0
6.6833,128.175822,37.901059,8734.4061024,100.687,-37.533,236.038,1.0
6.7,128.175791,37.901037,8731.8863208,99.838,-37.511,235.871,1.0
6.7166,128.175761,37.901015,8729.3613576,99.062,-37.495,235.702,1.0
6.7333,128.175731,37.900993,8726.832127200001,98.358,-37.484,235.531,1.0
6.75,128.1757,37.900972,8724.2983248,97.725,-37.477,235.361,1.0
6.7666,128.175669,37.90095,8721.7599504,97.163,-37.474,235.192,1.0
6.7833,128.175639,37.900928,8719.217004,96.669,-37.473,235.024,1.0
6.8,128.175608,37.900906,8716.669790400001,96.244,-37.475,234.859,1.0
6.8166,128.175578,37.900884,8714.1180048,95.885,-37.478,234.697,1.0
6.8333,128.175547,37.900863,8711.561952,95.591,-37.483,234.538,1.0
6.85,128.175516,37.900841,8709.001632000001,95.361,-37.489,234.381,1.0
6.8666,128.175485,37.900819,8706.4370448,95.194,-37.496,234.228,1.0
6.8833,128.175455,37.900798,8703.8678856,95.088,-37.503,234.079,1.0
6.9,128.175424,37.900776,8701.294764,95.042,-37.512,233.932,1.0
6.9166,128.175393,37.900754,8698.717070400002,95.055,-37.52,233.788,1.0
6.9333,128.175362,37.900733,8696.1351096,95.125,-37.53,233.648,1.0
6.95,128.175331,37.900711,8693.5488816,95.252,-37.539,233.51,1.0
6.9666,128.1753,37.900689,8690.9580816,95.434,-37.549,233.375,1.0
6.9833,128.175269,37.900667,8688.363319200002,95.669,-37.558,233.243,1.0
7.0,128.175238,37.900646,8685.7642896,95.957,-37.568,233.113,1.0
7.0166,128.175207,37.900624,8683.160688,96.297,-37.578,232.986,1.0
7.0333,128.175177,37.900602,8680.553124,96.687,-37.589,232.861,1.0
7.05,128.175146,37.900581,8677.9412928,97.128,-37.599,232.738,1.0
7.0666,128.175115,37.900559,8675.3248896,97.616,-37.609,232.618,1.0
7.0833,128.175083,37.900537,8672.704524,98.153,-37.618,232.499,1.0
7.1,128.175052,37.900516,8670.079891200001,98.736,-37.628,232.382,1.0
7.1166,128.175021,37.900494,8667.4506864,99.366,-37.638,232.267,1.0
7.1333,128.17499,37.900472,8664.8175192,100.041,-37.647,232.153,1.0
7.15,128.174959,37.900451,8662.1800848,100.76,-37.656,232.041,1.0
7.1666,128.174928,37.900429,8659.538688,101.523,-37.665,231.931,1.0
7.1833,128.174897,37.900407,8656.892719200001,102.328,-37.673,231.822,1.0
7.2,128.174866,37.900385,8654.242788000001,103.176,-37.681,231.714,1.0
7.2166,128.174835,37.900364,8651.5882848,104.066,-37.689,231.608,1.0
7.2333,128.174804,37.900342,8648.930124,104.996,-37.697,231.503,1.0
7.25,128.174772,37.90032,8646.267391200001,105.966,-37.703,231.399,1.0
7.2666,128.174741,37.900299,8643.600696000001,106.976,-37.71,231.296,1.0
7.2833,128.17471,37.900277,8640.930038400002,108.025,-37.716,231.195,1.0
7.3,128.174679,37.900255,8638.2551136,109.112,-37.721,231.094,1.0
7.3166,128.174647,37.900233,8635.5759216,110.236,-37.726,230.995,1.0
7.3333,128.174616,37.900211,8632.8927672,111.398,-37.73,230.896,1.0
7.35,128.174585,37.90019,8630.205650400001,112.596,-37.733,230.799,1.0
7.3666,128.174554,37.900168,8627.5142664,113.83,-37.736,230.702,1.0
7.3833,128.174522,37.900146,8624.818920000002,115.1,-37.738,230.607,1.0
7.4,128.174491,37.900124,8622.119916,116.404,-37.739,230.512,1.0
7.4166,128.17446,37.900102,8619.4166448,117.743,-37.739,230.418,1.0
7.4333,128.174428,37.900081,8616.709411200001,119.115,-37.739,230.326,1.0
7.45,128.174397,37.900059,8613.998215200001,120.52,-37.738,230.234,1.0
7.4666,128.174366,37.900037,8611.2830568,121.958,-37.736,230.143,1.0
7.4833,128.174334,37.900015,8608.5642408,123.428,-37.733,230.053,1.0
7.5,128.174303,37.899993,8605.8414624,124.929,-37.729,229.964,1.0
7.5166,128.174272,37.899971,8603.1150264,126.461,-37.724,229.876,1.0
7.5333,128.17424,37.899949,8600.384628,128.024,-37.718,229.789,1.0
7.55,128.174209,37.899927,8597.650572,129.617,-37.711,229.703,1.0
7.5666,128.174177,37.899905,8594.912553600001,131.239,-37.704,229.619,1.0
7.5833,128.174146,37.899884,8592.171182400001,132.889,-37.695,229.535,1.0
7.6,128.174115,37.899862,8589.4261536,134.568,-37.685,229.452,1.0
7.6166,128.174083,37.89984,8586.6771624,136.275,-37.674,229.371,1.0
7.6333,128.174052,37.899818,8583.9251232,138.009,-37.662,229.291,1.0
7.65,128.17402,37.899796,8581.1691216,139.769,-37.649,229.212,1.0
7.6666,128.173989,37.899774,8578.4097672,141.555,-37.635,229.134,1.0
7.6833,128.173957,37.899751,8575.647060000001,143.367,-37.62,229.058,1.0
7.7,128.173926,37.899729,8572.8806952,145.204,-37.603,228.983,1.0
7.7166,128.173894,37.899707,8570.111282400001,147.065,-37.586,228.909,1.0
7.7333,128.173863,37.899685,8567.3385168,148.949,-37.567,228.837,1.0
7.75,128.173831,37.899663,8564.5620936,150.857,-37.548,228.767,1.0
7.7666,128.173799,37.899641,8561.7826224,152.787,-37.527,228.698,1.0
7.7833,128.173768,37.899619,8559.0001032,154.739,-37.505,228.63,1.0
7.8,128.173736,37.899597,8556.2142312,156.712,-37.483,228.565,1.0
7.8166,128.173705,37.899575,8553.4253112,158.706,-37.459,228.501,1.0
7.8333,128.173673,37.899552,8550.6333432,160.719,-37.435,228.439,1.0
7.85,128.173641,37.89953,8547.838327200001,162.753,-37.409,228.379,1.0
7.8666,128.17361,37.899508,8545.0402632,164.804,-37.383,228.32,1.0
7.8833,128.173578,37.899486,8542.239151200001,166.874,-37.355,228.264,1.0
7.9,128.173546,37.899463,8539.4349912,168.962,-37.327,228.21,1.0
7.9166,128.173515,37.899441,8536.628088000001,171.066,-37.298,228.158,1.0
7.9333,128.173483,37.899419,8533.817832,173.185,-37.279,228.109,1.0
7.95,128.173451,37.899397,8531.004832800001,175.318,-37.278,228.065,1.0
7.9666,128.173419,37.899374,8528.1884808,177.466,-37.294,228.024,1.0
7.9833,128.173387,37.899352,8525.3693856,179.628,-37.323,227.984,1.0
8.0,128.173356,37.89933,8522.5469376,-178.194,-37.363,227.945,1.0
8.0166,128.173324,37.899307,8519.7214416,-176.004,-37.409,227.906,1.0
8.0333,128.173292,37.899285,8516.8928976,-173.799,-37.473,227.864,1.0
8.05,128.17326,37.899262,8514.0603912,-171.579,-37.561,227.818,1.0
8.0666,128.173228,37.89924,8511.2248368,-169.344,-37.669,227.764,1.0
8.0833,128.173196,37.899218,8508.385624800001,-167.094,-37.793,227.704,1.0
8.1,128.173164,37.899195,8505.5424504,-164.829,-37.927,227.636,1.0
8.1166,128.173132,37.899173,8502.6959232,-162.552,-38.067,227.561,1.0
8.1333,128.173101,37.89915,8499.8445192,-160.293,-38.223,227.477,1.0
8.15,128.173069,37.899128,8496.988238400001,-158.051,-38.403,227.378,1.0
8.1666,128.173037,37.899106,8494.1270808,-155.824,-38.6,227.263,1.0
8.1833,128.173005,37.899083,8491.260741600001,-153.61,-38.809,227.133,1.0
8.2,128.172973,37.899061,8488.3892208,-151.409,-39.024,226.988,1.0
8.2166,128.172941,37.899038,8485.5125184,-149.219,-39.24,226.83,1.0
8.2333,128.172909,37.899016,8482.62972,-147.096,-39.467,226.656,1.0
8.25,128.172877,37.898993,8479.7408256,-145.033,-39.711,226.458,1.0
8.2666,128.172845,37.898971,8476.8455304,-143.025,-39.967,226.238,1.0
8.2833,128.172814,37.898948,8473.9435296,-141.065,-40.227,225.996,1.0
8.3,128.172782,37.898926,8471.0348232,-139.15,-40.487,225.735,1.0
8.3166,128.17275,37.898903,8468.119411200001,-137.275,-40.741,225.458,1.0
8.3333,128.172718,37.898881,8465.196684,-135.482,-41.0,225.159,1.0
8.35,128.172687,37.898858,8462.266336800001,-133.762,-41.266,224.834,1.0
8.3666,128.172655,37.898836,8459.328674400002,-132.109,-41.533,224.484,1.0
8.3833,128.172624,37.898813,8456.383392000002,-130.514,-41.798,224.113,1.0
8.4,128.172592,37.898791,8453.4307944,-128.975,-42.054,223.726,1.0
8.4166,128.172561,37.898768,8450.4705768,-127.484,-42.301,223.326,1.0
8.4333,128.17253,37.898746,8447.5027392,-126.07,-42.539,222.916,1.0
8.45,128.172499,37.898723,8444.5269768,-124.73,-42.768,222.497,1.0
8.4666,128.172467,37.8987,8441.5435944,-123.455,-42.986,222.073,1.0
8.4833,128.172436,37.898678,8438.552592,-122.24,-43.191,221.646,1.0
8.5,128.172405,37.898655,8435.554274400001,-121.078,-43.382,221.218,1.0
8.5166,128.172375,37.898632,8432.5483368,-119.965,-43.56,220.791,1.0
8.5333,128.172344,37.898609,8429.535388799999,-118.866,-43.722,220.366,1.0
8.55,128.172313,37.898587,8426.5151256,-117.777,-43.868,219.944,1.0
8.5666,128.172282,37.898564,8423.487852,-116.697,-43.999,219.526,1.0
8.5833,128.172252,37.898541,8420.4538728,-115.623,-44.117,219.115,1.0
8.6,128.172221,37.898518,8417.4134928,-114.555,-44.222,218.711,1.0
8.6166,128.172191,37.898495,8414.3661024,-113.493,-44.314,218.316,1.0
8.6333,128.172161,37.898472,8411.312006400001,-112.464,-44.398,217.93,1.0
8.65,128.17213,37.898449,8408.250900000001,-111.468,-44.473,217.554,1.0
8.6666,128.1721,37.898426,8405.183392800001,-110.503,-44.54,217.187,1.0
8.6833,128.17207,37.898403,8402.10918,-109.566,-44.6,216.83,1.0
8.7,128.17204,37.89838,8399.0282616,-108.656,-44.651,216.482,1.0
8.7166,128.172011,37.898357,8395.9409424,-107.768,-44.694,216.143,1.0
8.7333,128.171981,37.898334,8392.8472224,-106.921,-44.732,215.812,1.0
8.75,128.171951,37.89831,8389.7471016,-106.112,-44.765,215.489,1.0
8.7666,128.171922,37.898287,8386.64058,-105.338,-44.792,215.174,1.0
8.7833,128.171892,37.898264,8383.5279624,-104.594,-44.815,214.866,1.0
8.8,128.171863,37.898241,8380.4092488,-103.88,-44.832,214.564,1.0
8.8166,128.171834,37.898217,8377.2844392,-103.191,-44.844,214.269,1.0
8.8333,128.171805,37.898194,8374.153533600002,-102.536,-44.852,213.979,1.0
8.85,128.171776,37.89817,8371.016836800001,-101.911,-44.857,213.695,1.0
8.8666,128.171747,37.898147,8367.8743488,-101.315,-44.859,213.416,1.0
8.8833,128.171718,37.898123,8364.726069600001,-100.744,-44.857,213.142,1.0
8.9,128.171689,37.898099,8361.572304000001,-100.196,-44.852,212.872,1.0
8.9166,128.171661,37.898076,8358.4127472,-99.669,-44.844,212.607,1.0
8.9333,128.171632,37.898052,8355.247704,-99.165,-44.833,212.346,1.0
8.95,128.171604,37.898028,8352.077479200001,-98.683,-44.821,212.089,1.0
8.9666,128.171576,37.898004,8348.9014632,-98.221,-44.806,211.835,1.0
8.9833,128.171547,37.89798,8345.7205704,-97.777,-44.789,211.585,1.0
9.0,128.171519,37.897956,8342.5341912,-97.349,-44.77,211.339,1.0
9.0166,128.171492,37.897932,8339.3426304,-96.937,-44.75,211.095,1.0
9.0333,128.171464,37.897908,8336.1461928,-96.539,-44.728,210.855,1.0
9.05,128.171436,37.897884,8332.9445736,-96.156,-44.705,210.618,1.0
9.0666,128.171408,37.89786,8329.737772800001,-95.786,-44.681,210.384,1.0
9.0833,128.171381,37.897836,8326.5260952,-95.428,-44.655,210.153,1.0
9.1,128.171354,37.897811,8323.3098456,-95.081,-44.629,209.924,1.0
9.1166,128.171326,37.897787,8320.088414400001,-94.744,-44.602,209.698,1.0
9.1333,128.171299,37.897763,8316.862411200002,-94.417,-44.574,209.475,1.0
9.15,128.171272,37.897738,8313.6315312,-94.1,-44.545,209.254,1.0
9.1666,128.171245,37.897714,8310.396079200002,-93.791,-44.515,209.035,1.0
9.1833,128.171218,37.897689,8307.156055200001,-93.49,-44.486,208.818,1.0
9.2,128.171192,37.897665,8303.9114592,-93.196,-44.455,208.604,1.0
9.2166,128.171165,37.89764,8300.6622912,-92.91,-44.425,208.392,1.0
9.2333,128.171139,37.897615,8297.4085512,-92.63,-44.394,208.181,1.0
9.25,128.171112,37.897591,8294.150544,-92.356,-44.363,207.973,1.0
9.2666,128.171086,37.897566,8290.8879648,-92.089,-44.331,207.767,1.0
9.2833,128.17106,37.897541,8287.6211184,-91.827,-44.3,207.562,1.0
9.3,128.171034,37.897516,8284.3500048,-91.57,-44.268,207.359,1.0
9.3166,128.171008,37.897491,8281.074624,-91.319,-44.236,207.158,1.0
9.3333,128.170982,37.897466,8277.794976,-91.072,-44.205,206.958,1.0
9.35,128.170956,37.897441,8274.511365600001,-90.83,-44.173,206.759,1.0
9.3666,128.170931,37.897416,8271.223183200002,-90.593,-44.141,206.563,1.0
9.3833,128.170905,37.897391,8267.9313432,-90.359,-44.109,206.367,1.0
9.4,128.17088,37.897365,8264.635236,-90.13,-44.078,206.173,1.0
9.4166,128.170854,37.89734,8261.3351664,-89.904,-44.046,205.98,1.0
9.4333,128.170829,37.897315,8258.0311344,-89.683,-44.015,205.788,1.0
9.45,128.170804,37.897289,8254.72314,-89.465,-43.983,205.598,1.0
9.4666,128.170779,37.897264,8251.4111832,-89.251,-43.952,205.408,1.0
9.4833,128.170754,37.897239,8248.095568800001,-89.04,-43.921,205.22,1.0
9.5,128.17073,37.897213,8244.775992,-88.832,-43.89,205.033,1.0
9.5166,128.170705,37.897187,8241.4527576,-88.628,-43.859,204.846,1.0
9.5333,128.170681,37.897162,8238.125560800001,-88.427,-43.829,204.661,1.0
9.55,128.170656,37.897136,8234.7947064,-88.229,-43.798,204.476,1.0
9.5666,128.170632,37.89711,8231.4601944,-88.034,-43.768,204.293,1.0
9.5833,128.170608,37.897084,8228.1223296,-87.842,-43.738,204.11,1.0
9.6,128.170584,37.897059,8224.780502399999,-87.653,-43.708,203.928,1.0
9.6166,128.17056,37.897033,8221.4353224,-87.467,-43.678,203.746,1.0
9.6333,128.170536,37.897007,8218.0864848,-87.283,-43.649,203.566,1.0
9.65,128.170512,37.896981,8214.7339896,-87.102,-43.619,203.386,1.0
9.6666,128.170489,37.896955,8211.3781416,-86.924,-43.59,203.207,1.0
9.6833,128.170465,37.896928,8208.0189408,-86.748,-43.561,203.028,1.0
9.7,128.170442,37.896902,8204.6563872,-86.575,-43.533,202.85,1.0
9.7166,128.170418,37.896876,8201.290176,-86.404,-43.504,202.673,1.0
9.7333,128.170395,37.89685,8197.9209168,-86.236,-43.476,202.496,1.0
9.75,128.170372,37.896823,8194.5483048,-86.07,-43.448,202.32,1.0
9.7666,128.170349,37.896797,8191.17234,-85.907,-43.42,202.144,1.0
9.7833,128.170326,37.89677,8187.7930224,-85.746,-43.393,201.969,1.0
9.8,128.170304,37.896744,8184.410656800001,-85.588,-43.365,201.794,1.0
9.8166,128.170281,37.896717,8181.024938400001,-85.431,-43.338,201.62,1.0
9.8333,128.170259,37.896691,8177.636172,-85.277,-43.311,201.447,1.0
9.85,128.170236,37.896664,8174.2440528,-85.126,-43.285,201.274,1.0
9.8666,128.170214,37.896637,8170.8491904,-84.976,-43.258,201.101,1.0
9.8833,128.170192,37.896611,8167.4509752,-84.828,-43.232,200.929,1.0
9.9,128.17017,37.896584,8164.0500168,-84.683,-43.207,200.757,1.0
9.9166,128.170148,37.896557,8160.645705600001,-84.54,-43.181,200.586,1.0
9.9333,128.170126,37.89653,8157.2386512,-84.398,-43.156,200.416,1.0
9.95,128.170104,37.896503,8153.8285488,-84.258,-43.132,200.245,1.0
9.9666,128.170083,37.896476,8150.4153984,-84.12,-43.108,200.075,1.0
9.9833,128.170061,37.896449,8146.9995048,-83.984,-43.084,199.905,1.0
10.0,128.17004,37.896422,8143.580868,-83.849,-43.06,199.736,1.0
10.0166,128.170019,37.896394,8140.1591832,-83.716,-43.037,199.567,1.0
10.0333,128.169997,37.896367,8136.734755200001,-83.585,-43.015,199.398,1.0
10.05,128.169976,37.89634,8133.307279200001,-83.455,-42.993,199.23,1.0
10.0666,128.169955,37.896313,8129.877364800001,-83.327,-42.971,199.062,1.0
10.0833,128.169935,37.896285,8126.4444023999995,-83.2,-42.95,198.894,1.0
10.1,128.169914,37.896258,8123.0090016,-83.076,-42.929,198.726,1.0
10.1166,128.169893,37.89623,8119.5705528,-82.953,-42.908,198.558,1.0
10.1333,128.169873,37.896203,8116.129665600001,-82.832,-42.888,198.391,1.0
10.15,128.169853,37.896175,8112.6860352,-82.712,-42.868,198.224,1.0
10.1666,128.169832,37.896147,8109.2399664,-82.593,-42.848,198.057,1.0
10.1833,128.169812,37.89612,8105.791154400001,-82.476,-42.829,197.891,1.0
10.2,128.169792,37.896092,8102.3395992000005,-82.36,-42.81,197.724,1.0
10.2166,128.169772,37.896064,8098.8856056,-82.246,-42.791,197.558,1.0
10.2333,128.169753,37.896036,8095.4291736000005,-82.133,-42.772,197.392,1.0
10.25,128.169733,37.896008,8091.9699984,-82.021,-42.754,197.226,1.0
10.2666,128.169713,37.89598,8088.5083848,-81.91,-42.737,197.06,1.0
10.2833,128.169694,37.895952,8085.044332800001,-81.801,-42.719,196.895,1.0
10.3,128.169675,37.895924,8081.577842400001,-81.693,-42.701,196.729,1.0
10.3166,128.169655,37.895896,8078.1089136,-81.587,-42.684,196.564,1.0
10.3333,128.169636,37.895868,8074.6375464,-81.481,-42.667,196.399,1.0
10.35,128.169617,37.89584,8071.163740800001,-81.377,-42.651,196.234,1.0
10.3666,128.169598,37.895812,8067.687801600001,-81.273,-42.634,196.069,1.0
10.3833,128.16958,37.895783,8064.209119200001,-81.171,-42.618,195.904,1.0
10.4,128.169561,37.895755,8060.7283032000005,-81.069,-42.602,195.74,1.0
10.4166,128.169542,37.895727,8057.2450488,-80.969,-42.586,195.575,1.0
10.4333,128.169524,37.895698,8053.759660800001,-80.869,-42.57,195.411,1.0
10.45,128.169506,37.89567,8050.2718343999995,-80.77,-42.554,195.247,1.0
10.4666,128.169488,37.895641,8046.781874400001,-80.672,-42.539,195.082,1.0
10.4833,128.169469,37.895613,8043.289476,-80.575,-42.523,194.918,1.0
10.5,128.169451,37.895584,8039.794944,-80.478,-42.508,194.755,1.0
10.5166,128.169434,37.895555,8036.2982784000005,-80.383,-42.493,194.591,1.0
10.5333,128.169416,37.895527,8032.799174400001,-80.287,-42.478,194.427,1.0
10.55,128.169398,37.895498,8029.2982416,-80.193,-42.463,194.264,1.0
10.5666,128.169381,37.895469,8025.794870400001,-80.098,-42.448,194.1,1.0
10.5833,128.169363,37.89544,8022.289670400001,-80.005,-42.433,193.937,1.0
10.6,128.169346,37.895411,8018.782032,-79.912,-42.419,193.774,1.0
10.6166,128.169329,37.895382,8015.272260000001,-79.819,-42.404,193.611,1.0
10.6333,128.169312,37.895353,8011.7606592,-79.727,-42.39,193.448,1.0
10.65,128.169295,37.895324,8008.246924800001,-79.636,-42.375,193.285,1.0
10.6666,128.169278,37.895295,8004.731056800001,-79.544,-42.361,193.122,1.0
10.6833,128.169262,37.895266,8001.213055200001,-79.453,-42.347,192.959,1.0
10.7,128.169245,37.895237,7997.693224800001,-79.362,-42.333,192.797,1.0
10.7166,128.169229,37.895207,7994.171260800001,-79.272,-42.318,192.634,1.0
10.7333,128.169212,37.895178,7990.647468,-79.182,-42.304,192.472,1.0
10.75,128.169196,37.895149,7987.1215416000005,-79.091,-42.29,192.31,1.0
10.7666,128.16918,37.895119,7983.593786400001,-79.0,-42.276,192.148,1.0
10.7833,128.169164,37.89509,7980.0642024,-78.909,-42.262,191.986,1.0
10.8,128.169148,37.895061,7976.5324848,-78.818,-42.247,191.824,1.0
10.8166,128.169132,37.895031,7972.998938400001,-78.727,-42.233,191.662,1.0
10.8333,128.169117,37.895001,7969.4635632,-78.635,-42.219,191.5,1.0
10.85,128.169101,37.894972,7965.926054400001,-78.544,-42.205,191.339,1.0
10.8666,128.169086,37.894942,7962.3870216000005,-78.452,-42.191,191.178,1.0
10.8833,128.16907,37.894912,7958.8458552,-78.36,-42.176,191.016,1.0
10.9,128.169055,37.894883,7955.303164800001,-78.268,-42.162,190.855,1.0
10.9166,128.16904,37.894853,7951.758645600001,-78.177,-42.148,190.694,1.0
10.9333,128.169025,37.894823,7948.211992800001,-78.084,-42.134,190.533,1.0
10.95,128.16901,37.894793,7944.663816,-77.991,-42.119,190.373,1.0
10.9666,128.168996,37.894763,7941.114115200001,-77.898,-42.105,190.212,1.0
10.9833,128.168981,37.894733,7937.5622808,-77.804,-42.09,190.051,1.0
11.0,128.168967,37.894703,7934.0089224,-77.71,-42.076,189.891,1.0
11.0166,128.168952,37.894673,7930.4540400000005,-77.615,-42.061,189.731,1.0
11.0333,128.168938,37.894643,7926.897328800001,-77.52,-42.047,189.571,1.0
11.05,128.168924,37.894613,7923.3387888,-77.424,-42.032,189.411,1.0
11.0666,128.16891,37.894583,7919.778724800001,-77.327,-42.017,189.251,1.0
11.0833,128.168896,37.894553,7916.217136800001,-77.23,-42.002,189.091,1.0
11.1,128.168882,37.894523,7912.653720000001,-77.132,-41.987,188.932,1.0
11.1166,128.168869,37.894492,7909.088779200001,-77.033,-41.972,188.773,1.0
11.1333,128.168855,37.894462,7905.5223144,-76.933,-41.956,188.613,1.0
11.15,128.168842,37.894432,7901.9543256,-76.832,-41.941,188.454,1.0
11.1666,128.168829,37.894401,7898.384508,-76.73,-41.925,188.296,1.0
11.1833,128.168815,37.894371,7894.8134712,-76.627,-41.909,188.137,1.0
11.2,128.168802,37.89434,7891.240910400001,-76.523,-41.894,187.978,1.0
11.2166,128.168789,37.89431,7887.6668256,-76.419,-41.878,187.82,1.0
11.2333,128.168777,37.894279,7884.0912168,-76.313,-41.862,187.662,1.0
11.25,128.168764,37.894248,7880.514084000001,-76.206,-41.845,187.504,1.0
11.2666,128.168751,37.894218,7876.9354272,-76.099,-41.829,187.346,1.0
11.2833,128.168739,37.894187,7873.3555512,-75.99,-41.812,187.188,1.0
11.3,128.168726,37.894156,7869.774456000001,-75.881,-41.796,187.031,1.0
11.3166,128.168714,37.894126,7866.191532000001,-75.771,-41.779,186.874,1.0
11.3333,128.168702,37.894095,7862.6076936,-75.659,-41.762,186.717,1.0
11.35,128.16869,37.894064,7859.0223312,-75.547,-41.745,186.56,1.0
11.3666,128.168678,37.894033,7855.4354448,-75.433,-41.727,186.403,1.0
11.3833,128.168666,37.894002,7851.847644,-75.319,-41.71,186.247,1.0
11.4,128.168655,37.893971,7848.258319200001,-75.204,-41.692,186.09,1.0
11.4166,128.168643,37.89394,7844.6677752,-75.088,-41.674,185.934,1.0
11.4333,128.168632,37.893909,7841.0757072,-74.971,-41.656,185.778,1.0
11.45,128.168621,37.893878,7837.482724800001,-74.852,-41.638,185.622,1.0
11.4666,128.16861,37.893847,7833.8885232,-74.732,-41.619,185.467,1.0
11.4833,128.168598,37.893816,7830.2931024,-74.611,-41.6,185.312,1.0
11.5,128.168588,37.893784,7826.6964624,-74.489,-41.581,185.157,1.0
11.5166,128.168577,37.893753,7823.098908,-74.366,-41.562,185.002,1.0
11.5333,128.168566,37.893722,7819.5001344,-74.242,-41.542,184.847,1.0
11.55,128.168556,37.89369,7815.900141600001,-74.116,-41.523,184.693,1.0
11.5666,128.168545,37.893659,7812.2989296,-73.989,-41.503,184.539,1.0
11.5833,128.168535,37.893628,7808.6968032,-73.861,-41.482,184.385,1.0
11.6,128.168525,37.893596,7805.0937624,-73.733,-41.462,184.231,1.0
11.6166,128.168514,37.893565,7801.4895024,-73.603,-41.441,184.077,1.0
11.6333,128.168505,37.893533,7797.884328000001,-73.472,-41.42,183.924,1.0
11.65,128.168495,37.893502,7794.2782392,-73.338,-41.399,183.771,1.0
11.6666,128.168485,37.89347,7790.671236,-73.203,-41.377,183.618,1.0
11.6833,128.168475,37.893438,7787.0630136,-73.067,-41.355,183.466,1.0
11.7,128.168466,37.893407,7783.4541816,-72.93,-41.333,183.314,1.0
11.7166,128.168456,37.893375,7779.8444352,-72.791,-41.311,183.162,1.0
11.7333,128.168447,37.893343,7776.233774400001,-72.651,-41.288,183.01,1.0
11.75,128.168438,37.893312,7772.6221992,-72.509,-41.265,182.859,1.0
11.7666,128.168429,37.89328,7769.009709600001,-72.366,-41.242,182.707,1.0
11.7833,128.16842,37.893248,7765.396610400001,-72.222,-41.218,182.557,1.0
11.8,128.168411,37.893216,7761.782596800001,-72.077,-41.194,182.406,1.0
11.8166,128.168403,37.893184,7758.167973600001,-71.931,-41.17,182.256,1.0
11.8333,128.168394,37.893152,7754.552436,-71.782,-41.146,182.106,1.0
11.85,128.168386,37.89312,7750.9362888,-71.632,-41.121,181.956,1.0
11.8666,128.168378,37.893088,7747.319532,-71.479,-41.095,181.806,1.0
11.8833,128.168369,37.893056,7743.702165600001,-71.325,-41.07,181.657,1.0
11.9,128.168361,37.893024,7740.0838848,-71.17,-41.044,181.509,1.0
11.9166,128.168353,37.892992,7736.4652992,-71.013,-41.018,181.36,1.0
11.9333,128.168346,37.89296,7732.846104,-70.854,-40.991,181.212,1.0
11.95,128.168338,37.892927,7729.2262992000005,-70.694,-40.964,181.064,1.0
11.9666,128.16833,37.892895,7725.6058848,-70.533,-40.937,180.917,1.0
11.9833,128.168323,37.892863,7721.984860800001,-70.37,-40.909,180.77,1.0
12.0,128.168316,37.892831,7718.363532,-70.207,-40.881,180.623,1.0
12.0166,128.168308,37.892798,7714.7418984,-70.043,-40.853,180.476,1.0
12.0333,128.168301,37.892766,7711.1196552,-69.877,-40.824,180.33,1.0
12.05,128.168294,37.892733,7707.4971072,-69.709,-40.795,180.184,1.0
12.0666,128.168288,37.892701,7703.873949600001,-69.54,-40.765,180.039,1.0
12.0833,128.168281,37.892668,7700.250792000001,-69.369,-40.735,179.893,1.0
12.1,128.168274,37.892636,7696.627024800001,-69.197,-40.705,179.749,1.0
12.1166,128.168268,37.892603,7693.0029528,-69.024,-40.675,179.604,1.0
12.1333,128.168261,37.892571,7689.3788808,-68.848,-40.643,179.46,1.0
12.15,128.168255,37.892538,7685.754504,-68.671,-40.612,179.316,1.0
12.1666,128.168249,37.892505,7682.1298224,-68.492,-40.58,179.173,1.0
12.1833,128.168243,37.892473,7678.504836,-68.311,-40.547,179.03,1.0
12.2,128.168237,37.89244,7674.8798496,-68.129,-40.515,178.888,1.0
12.2166,128.168231,37.892407,7671.254863200001,-67.946,-40.482,178.745,1.0
12.2333,128.168226,37.892374,7667.629572,-67.761,-40.448,178.604,1.0
12.25,128.16822,37.892342,7664.004585600001,-67.573,-40.414,178.462,1.0
12.2666,128.168215,37.892309,7660.3792944,-67.383,-40.379,178.32,1.0
12.2833,128.16821,37.892276,7656.7540032,-67.192,-40.344,178.179,1.0
12.3,128.168205,37.892243,7653.128712,-66.998,-40.308,178.037,1.0
12.3166,128.168199,37.89221,7649.5034208,-66.803,-40.271,177.895,1.0
12.3333,128.168195,37.892177,7645.8781296,-66.604,-40.234,177.752,1.0
12.35,128.16819,37.892144,7642.2531432,-66.402,-40.196,177.61,1.0
12.3666,128.168185,37.892111,7638.6284616,-66.197,-40.157,177.467,1.0
12.3833,128.168181,37.892078,7635.0034752,-65.99,-40.117,177.324,1.0
12.4,128.168176,37.892044,7631.3790984,-65.78,-40.077,177.181,1.0
12.4166,128.168172,37.892011,7627.7547216,-65.568,-40.036,177.038,1.0
12.4333,128.168168,37.891978,7624.1309544000005,-65.353,-39.994,176.895,1.0
12.45,128.168164,37.891945,7620.507187200001,-65.134,-39.952,176.752,1.0
12.4666,128.16816,37.891911,7616.883724800001,-64.912,-39.908,176.609,1.0
12.4833,128.168156,37.891878,7613.2605672,-64.687,-39.865,176.466,1.0
12.5,128.168152,37.891845,7609.638019200001,-64.46,-39.82,176.323,1.0
12.5166,128.168148,37.891811,7606.0160808,-64.23,-39.775,176.181,1.0
12.5333,128.168145,37.891778,7602.394447200001,-64.001,-39.729,176.038,1.0
12.55,128.168142,37.891745,7598.7734232,-63.771,-39.683,175.896,1.0
12.5666,128.168138,37.891711,7595.1530088,-63.541,-39.636,175.754,1.0
12.5833,128.168135,37.891678,7591.533204,-63.311,-39.589,175.612,1.0
12.6,128.168132,37.891644,7587.9143136,-63.081,-39.541,175.47,1.0
12.6166,128.168129,37.89161,7584.295728000001,-62.851,-39.493,175.329,1.0
12.6333,128.168127,37.891577,7580.6786664,-62.631,-39.444,175.187,1.0
12.65,128.168124,37.891543,7577.062214400001,-62.421,-39.396,175.045,1.0
12.6666,128.168122,37.891509,7573.4469816,-62.22,-39.348,174.903,1.0
12.6833,128.168119,37.891476,7569.8326632,-62.028,-39.299,174.761,1.0
12.7,128.168117,37.891442,7566.2192592,-61.843,-39.249,174.619,1.0
12.7166,128.168115,37.891408,7562.606769600001,-61.664,-39.199,174.477,1.0
12.7333,128.168113,37.891374,7558.9961088,-61.501,-39.15,174.335,1.0
12.75,128.168111,37.89134,7555.3863624000005,-61.351,-39.1,174.192,1.0
12.7666,128.168109,37.891306,7551.7778352000005,-61.214,-39.05,174.048,1.0
12.7833,128.168108,37.891272,7548.1705272,-61.088,-39.0,173.904,1.0
12.8,128.168106,37.891238,7544.5647432,-60.973,-38.95,173.761,1.0
12.8166,128.168105,37.891204,7540.959873600001,-60.867,-38.898,173.617,1.0
12.8333,128.168104,37.89117,7537.356832800001,-60.77,-38.847,173.472,1.0
12.85,128.168103,37.891136,7533.754706400001,-60.683,-38.796,173.327,1.0
12.8666,128.168102,37.891102,7530.154104,-60.605,-38.745,173.182,1.0
12.8833,128.168101,37.891068,7526.5550256,-60.534,-38.694,173.036,1.0
12.9,128.1681,37.891034,7522.9571664,-60.47,-38.643,172.89,1.0
12.9166,128.168099,37.891,7519.3605264,-60.411,-38.591,172.743,1.0
12.9333,128.168099,37.890965,7515.765715200001,-60.362,-38.539,172.596,1.0
12.95,128.168099,37.890931,7512.172428000001,-60.321,-38.489,172.449,1.0
12.9666,128.168098,37.890897,7508.580360000001,-60.288,-38.438,172.3,1.0
12.9833,128.168098,37.890862,7504.989816,-60.261,-38.387,172.151,1.0
13.0,128.168098,37.890828,7501.401100800001,-60.242,-38.336,172.002,1.0
13.0166,128.168099,37.890794,7497.813604800001,-60.228,-38.286,171.853,1.0
13.0333,128.168099,37.890759,7494.228547200001,-60.226,-38.24,171.7,1.0
13.0499,128.168099,37.890725,7490.6450136,-60.236,-38.198,171.543,1.0
13.0666,128.1681,37.89069,7487.0633088,-60.259,-38.16,171.383,1.0
13.0833,128.168101,37.890656,7483.483432800001,-60.297,-38.123,171.221,1.0
13.1,128.168101,37.890621,7479.9050808,-60.349,-38.088,171.058,1.0
13.1166,128.168102,37.890587,7476.3285576,-60.415,-38.052,170.894,1.0
13.1333,128.168103,37.890552,7472.754168,-60.515,-38.019,170.728,1.0
13.15,128.168105,37.890517,7469.181912,-60.647,-37.987,170.56,1.0
13.1666,128.168106,37.890483,7465.6114848,-60.81,-37.955,170.391,1.0
13.1833,128.168108,37.890448,7462.0428864000005,-61.0,-37.924,170.221,1.0
13.2,128.168109,37.890413,7458.4761168,-61.213,-37.893,170.05,1.0
13.2166,128.168111,37.890378,7454.9108712,-61.447,-37.862,169.878,1.0
13.2333,128.168113,37.890343,7451.347759200001,-61.716,-37.832,169.704,1.0
13.25,128.168115,37.890309,7447.7867808,-62.015,-37.804,169.529,1.0
13.2666,128.168117,37.890274,7444.2273264000005,-62.343,-37.776,169.352,1.0
13.2833,128.16812,37.890239,7440.669396,-62.695,-37.749,169.173,1.0
13.3,128.168122,37.890204,7437.1132944,-63.069,-37.722,168.994,1.0
13.3166,128.168125,37.890169,7433.558412,-63.462,-37.695,168.812,1.0
13.3333,128.168127,37.890134,7430.0050536,-63.868,-37.67,168.63,1.0
13.35,128.16813,37.890099,7426.452914400001,-64.283,-37.644,168.447,1.0
13.3666,128.168133,37.890064,7422.9019944,-64.707,-37.619,168.262,1.0
13.3833,128.168137,37.890029,7419.3522936,-65.138,-37.596,168.077,1.0
13.4,128.16814,37.889994,7415.8035072,-65.576,-37.573,167.89,1.0
13.4166,128.168143,37.889959,7412.25594,-66.018,-37.552,167.701,1.0
13.4333,128.168147,37.889924,7408.7089824,-66.446,-37.53,167.513,1.0
13.45,128.168151,37.889889,7405.1623296,-66.858,-37.509,167.324,1.0
13.4666,128.168154,37.889854,7401.616591200001,-67.257,-37.488,167.134,1.0
13.4833,128.168158,37.889819,7398.0714624,-67.642,-37.469,166.944,1.0
13.5,128.168163,37.889783,7394.526638400001,-68.017,-37.451,166.753,1.0
13.5166,128.168167,37.889748,7390.982728800001,-68.381,-37.434,166.561,1.0
13.5333,128.168171,37.889713,7387.438514400001,-68.715,-37.417,166.37,1.0
13.55,128.168176,37.889678,7383.894604800001,-69.019,-37.401,166.179,1.0
13.5666,128.16818,37.889643,7380.351000000001,-69.296,-37.385,165.988,1.0
13.5833,128.168185,37.889607,7376.8073952,-69.55,-37.37,165.797,1.0
13.6,128.16819,37.889572,7373.2640952,-69.784,-37.356,165.606,1.0
13.6166,128.168195,37.889537,7369.7207952,-69.999,-37.344,165.415,1.0
13.6333,128.1682,37.889502,7366.1774952000005,-70.188,-37.332,165.225,1.0
13.65,128.168206,37.889467,7362.6341952,-70.352,-37.32,165.035,1.0
13.6666,128.168211,37.889431,7359.0908952,-70.494,-37.308,164.846,1.0
13.6833,128.168217,37.889396,7355.547595200001,-70.617,-37.298,164.658,1.0
13.7,128.168222,37.889361,7352.0046,-70.724,-37.288,164.47,1.0
13.7166,128.168228,37.889325,7348.4613,-70.816,-37.279,164.283,1.0
13.7333,128.168234,37.88929,7344.917695200001,-70.901,-37.266,164.098,1.0
13.75,128.16824,37.889255,7341.3743952,-70.98,-37.25,163.915,1.0
13.7666,128.168246,37.88922,7337.8307904,-71.053,-37.231,163.735,1.0
13.7833,128.168253,37.889184,7334.2874904,-71.116,-37.211,163.556,1.0
13.8,128.168259,37.889149,7330.7438856,-71.172,-37.19,163.378,1.0
13.8166,128.168266,37.889114,7327.2005856000005,-71.218,-37.169,163.201,1.0
13.8333,128.168273,37.889078,7323.656676,-71.244,-37.147,163.025,1.0
13.85,128.16828,37.889043,7320.1127664,-71.25,-37.125,162.85,1.0
13.8666,128.168287,37.889008,7316.5688568000005,-71.239,-37.102,162.676,1.0
13.8833,128.168294,37.888972,7313.025252000001,-71.211,-37.079,162.502,1.0
13.9,128.168301,37.888937,7309.4813424,-71.169,-37.056,162.329,1.0
13.9166,128.168309,37.888902,7305.9374328,-71.114,-37.033,162.157,1.0
13.9333,128.168316,37.888866,7302.3932184000005,-71.025,-37.009,161.986,1.0
13.95,128.168324,37.888831,7298.8486992,-70.902,-36.983,161.817,1.0
13.9666,128.168332,37.888796,7295.30418,-70.75,-36.957,161.649,1.0
13.9833,128.16834,37.88876,7291.7596608,-70.571,-36.929,161.482,1.0
14.0,128.168348,37.888725,7288.214836800001,-70.368,-36.902,161.316,1.0
14.0166,128.168356,37.88869,7284.6706224,-70.145,-36.875,161.152,1.0
14.0333,128.168364,37.888654,7281.1254936,-69.871,-36.845,160.989,1.0
14.05,128.168373,37.888619,7277.580364800001,-69.55,-36.813,160.829,1.0
14.0666,128.168382,37.888583,7274.035236000001,-69.187,-36.779,160.672,1.0
14.0833,128.16839,37.888548,7270.4901072,-68.786,-36.744,160.516,1.0
14.1,128.168399,37.888513,7266.945283200001,-68.352,-36.709,160.362,1.0
14.1166,128.168408,37.888477,7263.4004592,-67.889,-36.674,160.21,1.0
14.1333,128.168417,37.888442,7259.8565496,-67.438,-36.639,160.058,1.0
14.15,128.168427,37.888407,7256.3132496,-67.003,-36.606,159.908,1.0
14.1666,128.168436,37.888371,7252.771168800001,-66.583,-36.574,159.759,1.0
14.1833,128.168446,37.888336,7249.2300024,-66.177,-36.541,159.611,1.0
14.2,128.168455,37.8883,7245.689750400001,-65.785,-36.506,159.465,1.0
14.2166,128.168465,37.888265,7242.150412800001,-65.404,-36.47,159.32,1.0
14.2333,128.168475,37.88823,7238.6119896,-65.013,-36.432,159.177,1.0
14.25,128.168485,37.888194,7235.0744808,-64.613,-36.391,159.036,1.0
14.2666,128.168496,37.888159,7231.5381912,-64.202,-36.349,158.896,1.0
14.2833,128.168506,37.888123,7228.002816,-63.782,-36.304,158.758,1.0
14.3,128.168517,37.888088,7224.46866,-63.352,-36.258,158.62,1.0
14.3166,128.168527,37.888052,7220.9357232,-62.913,-36.211,158.483,1.0
14.3333,128.168538,37.888017,7217.4037008000005,-62.436,-36.161,158.349,1.0
14.35,128.168549,37.887982,7213.872592800001,-61.922,-36.108,158.218,1.0
14.3666,128.16856,37.887946,7210.3423992,-61.373,-36.054,158.09,1.0
14.3833,128.168571,37.887911,7206.8140344,-60.794,-35.998,157.964,1.0
14.4,128.168583,37.887875,7203.286584000001,-60.188,-35.941,157.839,1.0
14.4166,128.168594,37.88784,7199.7609624,-59.558,-35.883,157.716,1.0
14.4333,128.168606,37.887804,7196.235645600001,-58.875,-35.829,157.611,1.0
14.45,128.168618,37.887769,7192.711548,-58.141,-35.78,157.525,1.0
14.4666,128.168629,37.887733,7189.1883648,-57.361,-35.733,157.452,1.0
14.4833,128.168641,37.887698,7185.6670104,-56.538,-35.689,157.388,1.0
14.5,128.168653,37.887662,7182.1468752,-55.675,-35.645,157.33,1.0
14.5166,128.168666,37.887627,7178.628873600001,-54.778,-35.602,157.275,1.0
14.5333,128.168678,37.887591,7175.1111768,-53.829,-35.566,157.238,1.0
14.55,128.16869,37.887556,7171.5946992,-52.829,-35.536,157.22,1.0
14.5666,128.168703,37.88752,7168.0794408,-51.778,-35.509,157.213,1.0
14.5833,128.168715,37.887485,7164.5660112000005,-50.671,-35.484,157.213,1.0
14.6,128.168728,37.887449,7161.0538008,-49.51,-35.458,157.217,1.0
14.6166,128.168741,37.887413,7157.543724000001,-48.301,-35.431,157.222,1.0
14.6333,128.168754,37.887378,7154.0351712,-47.077,-35.413,157.239,1.0
14.65,128.168767,37.887342,7150.529056800001,-45.851,-35.414,157.281,1.0
14.6666,128.16878,37.887306,7147.0244664,-44.633,-35.445,157.36,1.0
14.6833,128.168793,37.887271,7143.5217048,-43.432,-35.516,157.486,1.0
14.7,128.168807,37.887235,7140.0204672,-42.255,-35.637,157.67,1.0
14.7166,128.16882,37.887199,7136.5204488,-41.094,-35.797,157.896,1.0
14.7333,128.168833,37.887163,7133.022868800001,-39.957,-35.982,158.147,1.0
14.75,128.168847,37.887128,7129.527117600001,-38.833,-36.179,158.405,1.0
14.7666,128.168861,37.887092,7126.0328904,-37.713,-36.376,158.658,1.0
14.7833,128.168874,37.887056,7122.5398824,-36.59,-36.567,158.9,1.0
14.8,128.168888,37.88702,7119.0480936,-35.462,-36.751,159.13,1.0
14.8166,128.168902,37.886984,7115.5569144,-34.325,-36.925,159.345,1.0
14.8333,128.168916,37.886948,7112.067564000001,-33.196,-37.09,159.545,1.0
14.85,128.16893,37.886912,7108.579128,-32.074,-37.247,159.73,1.0
14.8666,128.168944,37.886876,7105.0909968000005,-30.958,-37.396,159.9,1.0
14.8833,128.168958,37.88684,7101.603170400001,-29.848,-37.537,160.059,1.0
14.9,128.168972,37.886804,7098.1159536000005,-28.742,-37.669,160.206,1.0
14.9166,128.168986,37.886768,7094.628432,-27.64,-37.794,160.343,1.0
14.9333,128.169,37.886732,7091.141215200001,-26.548,-37.911,160.47,1.0
14.95,128.169014,37.886696,7087.6536936,-25.465,-38.022,160.588,1.0
14.9666,128.169029,37.88666,7084.1658672,-24.391,-38.126,160.697,1.0
14.9833,128.169043,37.886624,7080.6774312,-23.323,-38.224,160.799,1.0
15.0,128.169057,37.886588,7077.1883856,-22.261,-38.317,160.894,1.0
15.0166,128.169072,37.886552,7073.6984256,-21.204,-38.403,160.983,1.0
15.0333,128.169086,37.886515,7070.207551200001,-20.153,-38.484,161.066,1.0
15.05,128.1691,37.886479,7066.7154576,-19.107,-38.561,161.144,1.0
15.0666,128.169115,37.886443,7063.22184,-18.065,-38.633,161.218,1.0
15.0833,128.169129,37.886407,7059.727308,-17.026,-38.7,161.287,1.0
15.1,128.169144,37.88637,7056.230947200001,-15.99,-38.764,161.352,1.0
15.1166,128.169158,37.886334,7052.7333672,-14.957,-38.824,161.413,1.0
15.1333,128.169173,37.886298,7049.233044,-13.917,-38.88,161.472,1.0
15.15,128.169187,37.886262,7045.7311968,-12.872,-38.934,161.528,1.0
15.1666,128.169202,37.886225,7042.227216,-11.82,-38.984,161.583,1.0
15.1833,128.169216,37.886189,7038.721406400001,-10.764,-39.032,161.634,1.0
15.2,128.169231,37.886152,7035.2131584,-9.703,-39.077,161.683,1.0
15.2166,128.169245,37.886116,7031.7027768,-8.638,-39.12,161.729,1.0
15.2333,128.16926,37.88608,7028.189347200001,-7.555,-39.161,161.775,1.0
15.25,128.169275,37.886043,7024.673174400001,-6.454,-39.2,161.82,1.0
15.2666,128.169289,37.886007,7021.1542584,-5.336,-39.237,161.864,1.0
15.2833,128.169304,37.88597,7017.632904,-4.205,-39.273,161.906,1.0
15.3,128.169318,37.885934,7014.1088064000005,-3.061,-39.308,161.946,1.0
15.3166,128.169333,37.885897,7010.581965600001,-1.908,-39.341,161.984,1.0
15.3333,128.169348,37.885861,7007.0514672,-0.72,-39.374,162.022,1.0
15.35,128.169362,37.885824,7003.517311200001,0.5,-39.406,162.061,1.0
15.3666,128.169377,37.885788,6999.9801072,1.75,-39.437,162.1,1.0
15.3833,128.169392,37.885751,6996.4395504,3.026,-39.468,162.137,1.0
15.4,128.169406,37.885715,6992.8956408,4.324,-39.498,162.172,1.0
15.4166,128.169421,37.885678,6989.348683200001,5.639,-39.528,162.205,1.0
15.4333,128.169436,37.885641,6985.7974584,7.004,-39.557,162.238,1.0
15.45,128.16945,37.885605,6982.2422712,8.414,-39.587,162.274,1.0
15.4666,128.169465,37.885568,6978.6831216,9.865,-39.618,162.308,1.0
15.4833,128.16948,37.885532,6975.1203144,11.352,-39.648,162.341,1.0
15.5,128.169494,37.885495,6971.5538496,12.868,-39.678,162.371,1.0
15.5166,128.169509,37.885458,6967.9837272,14.408,-39.708,162.399,1.0
15.5333,128.169524,37.885422,6964.4090328,16.01,-39.739,162.428,1.0
15.55,128.169539,37.885385,6960.8294616,17.672,-39.772,162.458,1.0
15.5666,128.169553,37.885348,6957.2456232,19.386,-39.805,162.489,1.0
15.5833,128.169568,37.885312,6953.657517600001,21.146,-39.839,162.516,1.0
15.6,128.169583,37.885275,6950.0657544000005,22.944,-39.873,162.541,1.0
15.6166,128.169598,37.885238,6946.4697240000005,24.774,-39.906,162.562,1.0
15.6333,128.169612,37.885202,6942.868512,26.656,-39.94,162.582,1.0
15.65,128.169627,37.885165,6939.262423200001,28.589,-39.976,162.602,1.0
15.6666,128.169642,37.885128,6935.6520672,30.571,-40.014,162.621,1.0
15.6833,128.169657,37.885092,6932.0371392,32.602,-40.051,162.638,1.0
15.7,128.169672,37.885055,6928.4176392,34.679,-40.09,162.653,1.0
15.7166,128.169686,37.885018,6924.7935672,36.8,-40.129,162.665,1.0
15.7333,128.169701,37.884981,6921.1646184,38.964,-40.168,162.675,1.0
15.75,128.169716,37.884945,6917.5314024,41.17,-40.207,162.682,1.0
15.7666,128.169731,37.884908,6913.893614400001,43.416,-40.247,162.686,1.0
15.7833,128.169746,37.884871,6910.2515592,45.701,-40.287,162.688,1.0
15.8,128.169761,37.884834,6906.604932,48.022,-40.327,162.687,1.0
15.8166,128.169775,37.884798,6902.953732800001,50.379,-40.368,162.684,1.0
15.8333,128.16979,37.884761,6899.2982664,52.769,-40.408,162.678,1.0
15.85,128.169805,37.884724,6895.638532800001,55.193,-40.448,162.67,1.0
15.8666,128.16982,37.884687,6891.9742272,57.647,-40.488,162.658,1.0
15.8833,128.169835,37.88465,6888.3059592,60.132,-40.528,162.645,1.0
15.9,128.16985,37.884614,6884.633119200001,62.646,-40.567,162.628,1.0
15.9166,128.169865,37.884577,6880.9563168,65.188,-40.605,162.61,1.0
15.9333,128.16988,37.88454,6877.275247200001,67.757,-40.643,162.589,1.0
15.95,128.169895,37.884503,6873.589910400001,70.351,-40.68,162.565,1.0
15.9666,128.16991,37.884466,6869.900306400001,72.97,-40.717,162.539,1.0
15.9833,128.169925,37.884429,6866.2067400000005,75.614,-40.752,162.511,1.0
16.0,128.16994,37.884393,6862.509211200001,78.28,-40.786,162.481,1.0
16.0166,128.169955,37.884356,6858.807720000001,80.969,-40.819,162.449,1.0
16.0333,128.16997,37.884319,6855.1022664,83.663,-40.849,162.438,1.0
16.05,128.169985,37.884282,6851.3931552,86.348,-40.874,162.472,1.0
16.0666,128.17,37.884245,6847.6803864,89.02,-40.898,162.555,1.0
16.0833,128.170015,37.884208,6843.9636552,91.687,-40.922,162.671,1.0
16.1,128.17003,37.884171,6840.2429616,94.362,-40.949,162.802,1.0
16.1166,128.170045,37.884134,6836.5186104,97.049,-40.978,162.934,1.0
16.1333,128.17006,37.884097,6832.790601600001,99.643,-41.008,163.092,1.0
16.15,128.170076,37.88406,6829.0589352,102.127,-41.042,163.298,1.0
16.1666,128.170091,37.884023,6825.323306400001,104.506,-41.089,163.556,1.0
16.1833,128.170105,37.883986,6821.5837152,106.801,-41.151,163.848,1.0
16.2,128.17012,37.883949,6817.8401616,109.036,-41.226,164.149,1.0
16.2166,128.170135,37.883912,6814.0923408,111.233,-41.311,164.446,1.0
16.2333,128.17015,37.883875,6810.339338400001,113.252,-41.404,164.762,1.0
16.25,128.170165,37.883838,6806.5817640000005,115.089,-41.511,165.117,1.0
16.2666,128.17018,37.883801,6802.819008,116.766,-41.64,165.513,1.0
16.2833,128.170194,37.883764,6799.050460800001,118.318,-41.79,165.929,1.0
16.3,128.170209,37.883727,6795.2764272,119.779,-41.956,166.343,1.0
16.3166,128.170223,37.88369,6791.496297600001,121.177,-42.131,166.744,1.0
16.3333,128.170237,37.883653,6787.7091576,122.404,-42.317,167.154,1.0
16.35,128.170252,37.883616,6783.9150072,123.463,-42.52,167.595,1.0
16.3666,128.170266,37.883579,6780.113541600001,124.382,-42.741,168.057,1.0
16.3833,128.17028,37.883542,6776.304151200001,125.195,-42.976,168.523,1.0
16.4,128.170293,37.883505,6772.487445600001,125.933,-43.218,168.977,1.0
16.4166,128.170307,37.883468,6768.6625104,126.619,-43.462,169.412,1.0
16.4333,128.170321,37.883431,6764.828736,127.207,-43.703,169.829,1.0
16.45,128.170334,37.883394,6760.9858176,127.712,-43.937,170.229,1.0
16.4666,128.170348,37.883357,6757.13406,128.15,-44.167,170.611,1.0
16.4833,128.170361,37.88332,6753.2734632,128.537,-44.393,170.974,1.0
16.5,128.170374,37.883283,6749.4034176000005,128.886,-44.615,171.318,1.0
16.5166,128.170387,37.883246,6745.524228,129.208,-44.835,171.644,1.0
16.5333,128.1704,37.883209,6741.6361992,129.552,-45.053,171.951,1.0
16.55,128.170412,37.883172,6737.7390264000005,129.925,-45.27,172.24,1.0
16.5666,128.170425,37.883136,6733.8327096,130.326,-45.485,172.515,1.0
16.5833,128.170437,37.883099,6729.916944,130.754,-45.695,172.778,1.0
16.6,128.17045,37.883062,6725.9914248000005,131.205,-45.902,173.03,1.0
16.6166,128.170462,37.883026,6722.0567616,131.677,-46.105,173.273,1.0
16.6333,128.170474,37.882989,6718.1114304,132.122,-46.301,173.51,1.0
16.65,128.170486,37.882952,6714.1560408000005,132.537,-46.492,173.743,1.0
16.6666,128.170498,37.882916,6710.190288000001,132.926,-46.679,173.97,1.0
16.6833,128.170509,37.882879,6706.214172,133.292,-46.864,174.19,1.0
16.7,128.170521,37.882843,6702.227692800001,133.639,-47.048,174.403,1.0
16.7166,128.170532,37.882806,6698.2308504,133.972,-47.231,174.608,1.0
16.7333,128.170544,37.88277,6694.2227304,134.263,-47.412,174.809,1.0
16.75,128.170555,37.882734,6690.203637600001,134.515,-47.591,175.008,1.0
16.7666,128.170566,37.882697,6686.1741816,134.735,-47.769,175.204,1.0
16.7833,128.170576,37.882661,6682.1337527999995,134.929,-47.946,175.396,1.0
16.8,128.170587,37.882625,6678.0826560000005,135.102,-48.123,175.583,1.0
16.8166,128.170597,37.882589,6674.020891200001,135.258,-48.299,175.767,1.0
16.8333,128.170608,37.882553,6669.947544,135.385,-48.475,175.949,1.0
16.85,128.170618,37.882517,6665.8635288000005,135.488,-48.65,176.129,1.0
16.8666,128.170628,37.882481,6661.768540800001,135.57,-48.823,176.308,1.0
16.8833,128.170638,37.882445,6657.66258,135.635,-48.996,176.484,1.0
16.9,128.170648,37.882409,6653.545951200001,135.686,-49.168,176.659,1.0
16.9166,128.170658,37.882374,6649.4183496000005,135.727,-49.34,176.832,1.0
16.9333,128.170667,37.882338,6645.2797752,135.753,-49.511,177.004,1.0
16.95,128.170677,37.882302,6641.130228000001,135.766,-49.681,177.175,1.0
16.9666,128.170686,37.882267,6636.969708,135.769,-49.85,177.345,1.0
16.9833,128.170695,37.882231,6632.7982152,135.764,-50.019,177.515,1.0
17.0,128.170704,37.882196,6628.6160544,135.751,-50.186,177.684,1.0
17.0166,128.170713,37.882161,6624.4229208,135.732,-50.353,177.852,1.0
17.0333,128.170721,37.882125,6620.2188144,135.706,-50.519,178.02,1.0
17.05,128.17073,37.88209,6616.00404,135.673,-50.684,178.188,1.0
17.0666,128.170738,37.882055,6611.778292800001,135.634,-50.848,178.356,1.0
17.0833,128.170747,37.88202,6607.541572800001,135.591,-51.012,178.524,1.0
17.1,128.170755,37.881985,6603.2941848,135.543,-51.174,178.692,1.0
17.1166,128.170763,37.88195,6599.0361288,135.492,-51.336,178.86,1.0
17.1333,128.170771,37.881915,6594.7671,135.437,-51.498,179.029,1.0
17.15,128.170778,37.88188,6590.4874032,135.377,-51.658,179.198,1.0
17.1666,128.170786,37.881845,6586.196733600001,135.314,-51.818,179.368,1.0
17.1833,128.170793,37.881811,6581.895396000001,135.248,-51.977,179.538,1.0
17.2,128.170801,37.881776,6577.5833904,135.179,-52.135,179.709,1.0
17.2166,128.170808,37.881742,6573.2607168,135.107,-52.293,179.881,1.0
17.2333,128.170815,37.881707,6568.927070400001,135.033,-52.45,180.053,1.0
17.25,128.170822,37.881673,6564.583060800001,134.955,-52.607,180.226,1.0
17.2666,128.170829,37.881638,6560.2283832,134.875,-52.763,180.4,1.0
17.2833,128.170835,37.881604,6555.863037600001,134.792,-52.918,180.575,1.0
17.3,128.170842,37.88157,6551.487024000001,134.707,-53.073,180.751,1.0
17.3166,128.170848,37.881536,6547.100342400001,134.619,-53.227,180.927,1.0
17.3333,128.170854,37.881502,6542.703297600001,134.529,-53.381,181.105,1.0
17.35,128.17086,37.881468,6538.2955848,134.436,-53.534,181.284,1.0
17.3666,128.170866,37.881434,6533.8775088,134.34,-53.686,181.464,1.0
17.3833,128.170872,37.881401,6529.4487648,134.242,-53.838,181.646,1.0
17.4,128.170878,37.881367,6525.0096576,134.142,-53.99,181.828,1.0
17.4166,128.170883,37.881333,6520.559882400001,134.04,-54.141,182.012,1.0
17.4333,128.170889,37.8813,6516.099744,133.935,-54.291,182.197,1.0
17.45,128.170894,37.881266,6511.629547200001,133.828,-54.441,182.383,1.0
17.4666,128.170899,37.881233,6507.1486824,133.718,-54.591,182.57,1.0
17.4833,128.170904,37.8812,6502.6574544000005,133.606,-54.74,182.759,1.0
17.5,128.170909,37.881166,6498.156168,133.492,-54.888,182.95,1.0
17.5166,128.170913,37.881133,6493.6445184,133.376,-55.036,183.141,1.0
17.5333,128.170918,37.8811,6489.1225056,133.257,-55.184,183.334,1.0
17.55,128.170922,37.881067,6484.5901296,133.136,-55.331,183.529,1.0
17.5666,128.170927,37.881034,6480.0476952,133.013,-55.478,183.725,1.0
17.5833,128.170931,37.881002,6475.4952023999995,132.888,-55.624,183.922,1.0
17.6,128.170935,37.880969,6470.932346400001,132.76,-55.769,184.122,1.0
17.6166,128.170939,37.880936,6466.3597368,132.63,-55.915,184.322,1.0
17.6333,128.170942,37.880904,6461.776764,132.498,-56.059,184.524,1.0
17.65,128.170946,37.880871,6457.1837328,132.364,-56.203,184.728,1.0
17.6666,128.170949,37.880839,6452.5806432,132.227,-56.347,184.933,1.0
17.6833,128.170953,37.880807,6447.9674952000005,132.088,-56.49,185.14,1.0
17.7,128.170956,37.880774,6443.3445936,131.946,-56.633,185.349,1.0
17.7166,128.170959,37.880742,6438.711633600001,131.802,-56.775,185.559,1.0
17.7333,128.170962,37.88071,6434.068920000001,131.656,-56.917,185.772,1.0
17.75,128.170965,37.880678,6429.416148,131.508,-57.058,185.986,1.0
17.7666,128.170967,37.880646,6424.7536224000005,131.357,-57.198,186.203,1.0
17.7833,128.17097,37.880615,6420.081038400001,131.204,-57.337,186.421,1.0
17.8,128.170972,37.880583,6415.3990056,131.048,-57.476,186.642,1.0
17.8166,128.170974,37.880551,6410.706914400001,130.889,-57.615,186.864,1.0
17.8333,128.170976,37.88052,6406.005374400001,130.728,-57.753,187.088,1.0
17.85,128.170978,37.880489,6401.2940808,130.565,-57.89,187.315,1.0
17.8666,128.17098,37.880457,6396.573033600001,130.399,-58.026,187.544,1.0
17.8833,128.170982,37.880426,6391.842232800001,130.231,-58.161,187.775,1.0
17.9,128.170983,37.880395,6387.102288000001,130.059,-58.297,188.008,1.0
17.9166,128.170985,37.880364,6382.3522848,129.885,-58.431,188.242,1.0
17.9333,128.170986,37.880333,6377.593137600001,129.709,-58.565,188.48,1.0
17.95,128.170987,37.880302,6372.8242368,129.53,-58.698,188.719,1.0
17.9666,128.170988,37.880271,6368.046192000001,129.349,-58.83,188.961,1.0
17.9833,128.170989,37.880241,6363.2583936,129.164,-58.961,189.206,1.0
18.0,128.17099,37.88021,6358.461451200001,128.977,-59.092,189.452,1.0
18.0166,128.17099,37.88018,6353.655060000001,128.787,-59.223,189.7,1.0
18.0333,128.170991,37.880149,6348.839524800001,128.595,-59.352,189.95,1.0
18.05,128.170991,37.880119,6344.0145408,128.4,-59.481,190.204,1.0
18.0666,128.170991,37.880089,6339.1804128,128.203,-59.609,190.459,1.0
18.0833,128.170991,37.880059,6334.336836,128.003,-59.736,190.717,1.0
18.1,128.170991,37.880029,6329.484420000001,127.8,-59.863,190.977,1.0
18.1166,128.170991,37.879999,6324.62286,127.594,-59.989,191.239,1.0
18.1333,128.17099,37.879969,6319.7521560000005,127.386,-60.114,191.503,1.0
18.15,128.17099,37.879939,6314.872308,127.175,-60.238,191.77,1.0
18.1666,128.170989,37.87991,6309.983316,126.961,-60.362,192.04,1.0
18.1833,128.170988,37.87988,6305.0857896,126.745,-60.485,192.312,1.0
18.2,128.170987,37.879851,6300.179119200001,126.526,-60.607,192.585,1.0
18.2166,128.170986,37.879822,6295.263304800001,126.304,-60.729,192.861,1.0
18.2333,128.170985,37.879793,6290.3389560000005,126.08,-60.85,193.14,1.0
18.25,128.170984,37.879763,6285.4057680000005,125.853,-60.97,193.421,1.0
18.2666,128.170982,37.879734,6280.4637408,125.624,-61.09,193.705,1.0
18.2833,128.170981,37.879706,6275.5128744,125.392,-61.208,193.991,1.0
18.3,128.170979,37.879677,6270.5531688,125.157,-61.326,194.279,1.0
18.3166,128.170977,37.879648,6265.585233600001,124.919,-61.444,194.569,1.0
18.3333,128.170975,37.87962,6260.608459200001,124.679,-61.56,194.862,1.0
18.35,128.170973,37.879591,6255.623150400001,124.436,-61.676,195.157,1.0
18.3666,128.170971,37.879563,6250.6293072,124.191,-61.792,195.455,1.0
18.3833,128.170968,37.879534,6245.6269296,123.943,-61.906,195.755,1.0
18.4,128.170965,37.879506,6240.6160176,123.692,-62.02,196.057,1.0
18.4166,128.170963,37.879478,6235.5965712,123.438,-62.133,196.362,1.0
18.4333,128.17096,37.87945,6230.5692,123.182,-62.245,196.669,1.0
18.45,128.170957,37.879422,6225.5329896,122.924,-62.357,196.979,1.0
18.4666,128.170954,37.879395,6220.4888544000005,122.663,-62.468,197.291,1.0
18.4833,128.17095,37.879367,6215.4364896,122.399,-62.578,197.606,1.0
18.5,128.170947,37.879339,6210.3755904,122.132,-62.687,197.923,1.0
18.5166,128.170944,37.879312,6205.3067664,121.862,-62.796,198.243,1.0
18.5333,128.17094,37.879285,6200.2297128,121.59,-62.903,198.565,1.0
18.55,128.170936,37.879258,6195.1447344,121.316,-63.011,198.889,1.0
18.5666,128.170932,37.87923,6190.0515264000005,121.039,-63.117,199.216,1.0
18.5833,128.170928,37.879203,6184.9503936,120.76,-63.223,199.545,1.0
18.6,128.170924,37.879177,6179.841336,120.478,-63.328,199.877,1.0
18.6166,128.170919,37.87915,6174.7243536,120.193,-63.432,200.211,1.0
18.6333,128.170915,37.879123,6169.5997512,119.906,-63.535,200.548,1.0
18.65,128.17091,37.879097,6164.4669192,119.617,-63.638,200.888,1.0
18.6666,128.170905,37.87907,6159.3264672000005,119.325,-63.739,201.23,1.0
18.6833,128.1709,37.879044,6154.1783952000005,119.03,-63.84,201.575,1.0
18.7,128.170895,37.879018,6149.0227032,118.732,-63.94,201.922,1.0
18.7166,128.17089,37.878992,6143.859086400001,118.432,-64.039,202.272,1.0
18.7333,128.170885,37.878966,6138.688154400001,118.13,-64.138,202.624,1.0
18.75,128.170879,37.87894,6133.5092976000005,117.827,-64.236,202.978,1.0
18.7666,128.170874,37.878914,6128.3234304,117.522,-64.333,203.335,1.0
18.7833,128.170868,37.878888,6123.129638400001,117.214,-64.429,203.694,1.0
18.8,128.170862,37.878863,6117.9285312,116.905,-64.525,204.057,1.0
18.8166,128.170856,37.878837,6112.7204136,116.593,-64.619,204.421,1.0
18.8333,128.17085,37.878812,6107.504676,116.281,-64.713,204.788,1.0
18.85,128.170844,37.878787,6102.2816232000005,115.966,-64.806,205.158,1.0
18.8666,128.170837,37.878762,6097.0512552,115.65,-64.898,205.53,1.0
18.8833,128.170831,37.878737,6091.8138768,115.332,-64.989,205.905,1.0
18.9,128.170824,37.878712,6086.5691832,115.013,-65.079,206.282,1.0
18.9166,128.170817,37.878687,6081.317784000001,114.691,-65.168,206.662,1.0
18.9333,128.17081,37.878663,6076.059069600001,114.368,-65.257,207.045,1.0
18.95,128.170803,37.878638,6070.7930400000005,114.044,-65.345,207.429,1.0
18.9666,128.170796,37.878614,6065.5206096,113.719,-65.432,207.817,1.0
18.9833,128.170788,37.878589,6060.240864,113.393,-65.518,208.206,1.0
19.0,128.170781,37.878565,6054.9544128,113.065,-65.603,208.599,1.0
19.0166,128.170773,37.878541,6049.6609512,112.736,-65.687,208.994,1.0
19.0333,128.170765,37.878517,6044.360784,112.407,-65.77,209.391,1.0
19.05,128.170757,37.878494,6039.053911200001,112.079,-65.853,209.79,1.0
19.0666,128.170749,37.87847,6033.740332800001,111.751,-65.935,210.192,1.0
19.0833,128.170741,37.878446,6028.4203536,111.422,-66.016,210.596,1.0
19.1,128.170732,37.878423,6023.093364,111.093,-66.096,211.003,1.0
19.1166,128.170724,37.8784,6017.7599736,110.763,-66.175,211.413,1.0
19.1333,128.170715,37.878376,6012.4201824,110.435,-66.253,211.825,1.0
19.15,128.170707,37.878353,6007.0736856,110.109,-66.331,212.238,1.0
19.1666,128.170698,37.87833,6001.7207880000005,109.784,-66.408,212.654,1.0
19.1833,128.170689,37.878308,5996.3617944,109.46,-66.484,213.072,1.0
19.2,128.170679,37.878285,5990.9960952,109.135,-66.559,213.493,1.0
19.2166,128.17067,37.878262,5985.6243,108.811,-66.633,213.917,1.0
19.2333,128.170661,37.87824,5980.246104,108.49,-66.707,214.342,1.0
19.25,128.170651,37.878217,5974.861812,108.172,-66.78,214.769,1.0
19.2666,128.170641,37.878195,5969.4711192,107.856,-66.852,215.198,1.0
19.2833,128.170632,37.878173,5964.0743304,107.542,-66.923,215.63,1.0
19.3,128.170622,37.878151,5958.671750400001,107.229,-66.993,216.064,1.0
19.3166,128.170611,37.878129,5953.262769600001,106.916,-67.062,216.501,1.0
19.3333,128.170601,37.878108,5947.847997600001,106.607,-67.131,216.94,1.0
19.35,128.170591,37.878086,5942.4271296,106.302,-67.199,217.38,1.0
19.3666,128.17058,37.878065,5937.0001656,105.998,-67.267,217.822,1.0
19.3833,128.17057,37.878043,5931.567410400001,105.696,-67.333,218.267,1.0
19.4,128.170559,37.878022,5926.128864,105.395,-67.399,218.714,1.0
19.4166,128.170548,37.878001,5920.6845264,105.094,-67.463,219.163,1.0
19.4333,128.170537,37.87798,5915.234397600001,104.802,-67.528,219.614,1.0
19.45,128.170526,37.877959,5909.778477600001,104.518,-67.593,220.066,1.0
19.4666,128.170515,37.877938,5904.3167664,104.241,-67.657,220.52,1.0
19.4833,128.170503,37.877918,5898.8495688,103.969,-67.721,220.976,1.0
19.5,128.170492,37.877897,5893.37658,103.701,-67.783,221.434,1.0
19.5166,128.17048,37.877877,5887.897800000001,103.437,-67.844,221.895,1.0
19.5333,128.170468,37.877857,5882.413838400001,103.176,-67.905,222.357,1.0
19.55,128.170456,37.877837,5876.9240856,102.92,-67.965,222.821,1.0
19.5666,128.170444,37.877817,5871.4288464,102.666,-68.025,223.287,1.0
19.5833,128.170432,37.877797,5865.9284256,102.413,-68.083,223.755,1.0
19.6,128.170419,37.877778,5860.4222136,102.162,-68.141,224.226,1.0
19.6166,128.170407,37.877758,5854.910820000001,101.911,-68.199,224.698,1.0
19.6333,128.170394,37.877739,5849.39394,101.664,-68.256,225.172,1.0
19.65,128.170382,37.877719,5843.8715736,101.421,-68.313,225.647,1.0
19.6666,128.170369,37.8777,5838.3443304,101.181,-68.37,226.125,1.0
19.6833,128.170356,37.877681,5832.811296000001,100.943,-68.426,226.605,1.0
19.7,128.170343,37.877662,5827.2733848,100.707,-68.481,227.086,1.0
19.7166,128.17033,37.877644,5821.730292,100.471,-68.535,227.57,1.0
19.7333,128.170316,37.877625,5816.1817128,100.227,-68.588,228.057,1.0
19.75,128.170303,37.877607,5810.628256800001,99.973,-68.639,228.546,1.0
19.7666,128.170289,37.877588,5805.0696192000005,99.711,-68.689,229.038,1.0
19.7833,128.170276,37.87757,5799.506104800001,99.44,-68.739,229.532,1.0
19.8,128.170262,37.877552,5793.9374088,99.163,-68.788,230.027,1.0
19.8166,128.170248,37.877534,5788.363531200001,98.88,-68.837,230.525,1.0
19.8333,128.170234,37.877517,5782.7850816,98.576,-68.884,231.027,1.0
19.85,128.17022,37.877499,5777.201450400001,98.253,-68.928,231.531,1.0
19.8666,128.170205,37.877482,5771.613247200001,97.914,-68.97,232.039,1.0
19.8833,128.170191,37.877465,5766.0198624,97.56,-69.012,232.548,1.0
19.9,128.170176,37.877447,5760.4219056,97.193,-69.054,233.06,1.0
19.9166,128.170162,37.87743,5754.8193768,96.817,-69.095,233.574,1.0
19.9333,128.170147,37.877414,5749.2119712,96.421,-69.133,234.091,1.0
19.95,128.170132,37.877397,5743.5999936,96.007,-69.168,234.611,1.0
19.9666,128.170117,37.87738,5737.9834439999995,95.578,-69.2,235.134,1.0
19.9833,128.170102,37.877364,5732.3626272,95.135,-69.232,235.659,1.0
20.0,128.170087,37.877348,5726.736933600001,94.679,-69.262,236.185,1.0
20.0166,128.170071,37.877332,5721.1072776,94.214,-69.292,236.714,1.0
20.0333,128.170056,37.877316,5715.4724400000005,93.672,-69.304,237.247,1.0
20.05,128.17004,37.8773,5709.8339448,93.056,-69.298,237.785,1.0
20.0666,128.170024,37.877285,5704.191182400001,92.369,-69.282,238.325,1.0
20.0833,128.170009,37.877269,5698.5447624,91.615,-69.265,238.865,1.0
20.1,128.169993,37.877254,5692.89438,90.801,-69.249,239.405,1.0
20.1166,128.169976,37.877239,5687.24034,89.941,-69.237,239.945,1.0
20.1333,128.16996,37.877224,5681.582642400001,89.0,-69.218,240.486,1.0
20.15,128.169944,37.877209,5675.921287200001,87.992,-69.192,241.027,1.0
20.1666,128.169927,37.877195,5670.256884000001,86.929,-69.16,241.568,1.0
20.1833,128.169911,37.87718,5664.5894328,85.819,-69.126,242.109,1.0
20.2,128.169894,37.877166,5658.918628800001,84.673,-69.09,242.648,1.0
20.2166,128.169877,37.877152,5653.2447768,83.499,-69.052,243.185,1.0
20.2333,128.16986,37.877138,5647.5678768,82.277,-69.006,243.655,1.0
20.25,128.169843,37.877124,5641.888233600001,81.07,-68.954,243.992,1.0
20.2666,128.169825,37.87711,5636.206152000001,79.901,-68.903,244.173,1.0
20.2833,128.169808,37.877097,5630.521936800001,78.713,-68.856,244.258,1.0
20.3,128.16979,37.877084,5624.8365023999995,77.438,-68.808,244.319,1.0
20.3166,128.169772,37.87707,5619.149544,76.037,-68.758,244.401,1.0
20.3333,128.169754,37.877057,5613.460756800001,74.568,-68.71,244.448,1.0
20.35,128.169736,37.877045,5607.7707504,73.085,-68.67,244.404,1.0
20.3666,128.169718,37.877032,5602.0792200000005,71.608,-68.641,244.253,1.0
20.3833,128.169699,37.877019,5596.3867752,70.095,-68.618,244.043,1.0
20.4,128.169681,37.877007,5590.6937208,68.493,-68.593,243.833,1.0
20.4166,128.169662,37.876994,5585.000361599999,66.774,-68.564,243.656,1.0
20.4333,128.169643,37.876982,5579.3057832,64.985,-68.537,243.461,1.0
20.45,128.169624,37.87697,5573.610900000001,63.162,-68.521,243.211,1.0
20.4666,128.169605,37.876958,5567.915712,61.288,-68.514,242.928,1.0
20.4833,128.169585,37.876946,5562.220828800001,59.333,-68.507,242.647,1.0
20.5,128.169566,37.876934,5556.5256408000005,57.277,-68.497,242.391,1.0
20.5166,128.169546,37.876922,5550.8310624,55.114,-68.482,242.171,1.0
20.5333,128.169526,37.876911,5545.136179200001,52.862,-68.465,241.967,1.0
20.55,128.169506,37.876899,5539.4422104000005,50.529,-68.448,241.774,1.0
20.5666,128.169486,37.876887,5533.7482416,48.114,-68.429,241.595,1.0
20.5833,128.169466,37.876876,5528.055187200001,45.619,-68.408,241.433,1.0
20.6,128.169446,37.876864,5522.362437600001,43.045,-68.382,241.288,1.0
20.6166,128.169425,37.876853,5516.6706024,40.395,-68.351,241.16,1.0
20.6333,128.169404,37.876841,5510.979072,37.938,-68.357,241.094,1.0
20.65,128.169384,37.87683,5505.286932,35.692,-68.416,241.06,1.0
20.6666,128.169363,37.876818,5499.5941824,33.722,-68.51,241.014,1.0
20.6833,128.169342,37.876807,5493.9002136,32.055,-68.614,240.944,1.0
20.7,128.169321,37.876795,5488.2050256,30.68,-68.708,240.859,1.0
20.7166,128.1693,37.876784,5482.5083136,29.564,-68.786,240.776,1.0
20.7333,128.169279,37.876773,5476.809468,28.705,-68.845,240.687,1.0
20.75,128.169257,37.876761,5471.108184000001,28.077,-68.89,240.597,1.0
20.7666,128.169236,37.87675,5465.404156800001,27.653,-68.928,240.516,1.0
20.7833,128.169215,37.876738,5459.6973864,27.41,-68.962,240.447,1.0
20.8,128.169194,37.876727,5453.9869584,27.34,-68.995,240.389,1.0
20.8166,128.169172,37.876716,5448.2728728,27.44,-69.026,240.338,1.0
20.8333,128.169151,37.876704,5442.554520000001,27.711,-69.054,240.287,1.0
20.85,128.16913,37.876693,5436.8319,28.148,-69.08,240.234,1.0
20.8666,128.169108,37.876682,5431.104708,28.741,-69.104,240.179,1.0
20.8833,128.169087,37.87667,5425.3723344,29.48,-69.127,240.123,1.0
20.9,128.169066,37.876659,5419.634779200001,30.356,-69.149,240.067,1.0
20.9166,128.169044,37.876648,5413.891737600001,31.362,-69.171,240.012,1.0
20.9333,128.169023,37.876637,5408.1438192000005,32.491,-69.192,239.956,1.0
20.95,128.169002,37.876625,5402.390719200001,33.737,-69.214,239.9,1.0
20.9666,128.16898,37.876614,5396.632742400001,35.086,-69.236,239.839,1.0
20.9833,128.168959,37.876603,5390.8704984,36.517,-69.255,239.769,1.0
21.0,128.168937,37.876591,5385.1039872,38.011,-69.272,239.689,1.0
21.0166,128.168916,37.87658,5379.333208800001,39.547,-69.286,239.598,1.0
21.0333,128.168895,37.876569,5373.5587728,41.103,-69.3,239.505,1.0
21.05,128.168873,37.876557,5367.7800696,42.666,-69.315,239.413,1.0
21.0666,128.168852,37.876546,5361.997404,44.233,-69.329,239.321,1.0
21.0833,128.16883,37.876535,5356.2110808,45.803,-69.344,239.23,1.0
21.1,128.168809,37.876524,5350.4204904,47.377,-69.357,239.138,1.0
21.1166,128.168787,37.876512,5344.625937600001,48.956,-69.369,239.046,1.0
21.1333,128.168766,37.876501,5338.828032,50.327,-69.373,238.936,1.0
21.15,128.168744,37.87649,5333.0270784,51.495,-69.368,238.81,1.0
21.1666,128.168723,37.876479,5327.2230768,52.478,-69.362,238.69,1.0
21.1833,128.168701,37.876467,5321.416332000001,53.303,-69.364,238.592,1.0
21.2,128.168679,37.876456,5315.6071488,54.008,-69.375,238.518,1.0
21.2166,128.168658,37.876445,5309.7943080000005,54.641,-69.391,238.464,1.0
21.2333,128.168636,37.876434,5303.9778096,55.293,-69.417,238.43,1.0
21.25,128.168614,37.876423,5298.1573488,55.99,-69.448,238.411,1.0
21.2666,128.168592,37.876411,5292.3329256,56.744,-69.478,238.394,1.0
21.2833,128.168571,37.8764,5286.5039304,57.556,-69.503,238.37,1.0
21.3,128.168549,37.876389,5280.6712776,58.413,-69.522,238.338,1.0
21.3166,128.168527,37.876378,5274.8346624,59.296,-69.537,238.303,1.0
21.3333,128.168505,37.876367,5268.9934752,60.216,-69.554,238.271,1.0
21.35,128.168483,37.876356,5263.1483256,61.162,-69.574,238.245,1.0
21.3666,128.168462,37.876344,5257.2989088,62.132,-69.597,238.221,1.0
21.3833,128.16844,37.876333,5251.4458343999995,63.125,-69.618,238.196,1.0
21.4,128.168418,37.876322,5245.5884928000005,64.139,-69.636,238.168,1.0
21.4166,128.168396,37.876311,5239.7271888,65.169,-69.652,238.137,1.0
21.4333,128.168374,37.8763,5233.8613128,66.247,-69.672,238.11,1.0
21.45,128.168352,37.876289,5227.990864800001,67.37,-69.698,238.089,1.0
21.4666,128.16833,37.876278,5222.1161496,68.534,-69.726,238.067,1.0
21.4833,128.168308,37.876267,5216.237472,69.735,-69.75,238.043,1.0
21.5,128.168286,37.876255,5210.3542224,70.967,-69.77,238.015,1.0
21.5166,128.168265,37.876244,5204.467010400001,72.219,-69.787,237.983,1.0
21.5333,128.168243,37.876233,5198.5752264,73.536,-69.809,237.952,1.0
21.55,128.168221,37.876222,5192.678565600001,74.91,-69.838,237.923,1.0
21.5666,128.168199,37.876211,5186.7776376,76.335,-69.868,237.893,1.0
21.5833,128.168177,37.8762,5180.8721376,77.803,-69.895,237.859,1.0
21.6,128.168155,37.876189,5174.9623704000005,79.307,-69.917,237.821,1.0
21.6166,128.168133,37.876178,5169.048336,80.832,-69.935,237.779,1.0
21.6333,128.168111,37.876167,5163.1294248,82.441,-69.958,237.736,1.0
21.65,128.168089,37.876156,5157.2059416,84.126,-69.988,237.69,1.0
21.6666,128.168067,37.876144,5151.2775816,85.873,-70.02,237.639,1.0
21.6833,128.168045,37.876133,5145.344649600001,87.673,-70.047,237.586,1.0
21.7,128.168023,37.876122,5139.4071456,89.511,-70.068,237.53,1.0
21.7166,128.168001,37.876111,5133.465374400001,91.373,-70.084,237.471,1.0
21.7333,128.167979,37.8761,5127.5187264,93.329,-70.106,237.406,1.0
21.75,128.167958,37.876089,5121.567506400001,95.372,-70.135,237.332,1.0
21.7666,128.167936,37.876078,5115.6111048,97.492,-70.166,237.251,1.0
21.7833,128.167914,37.876067,5109.6501312,99.674,-70.193,237.168,1.0
21.8,128.167892,37.876056,5103.6845856,101.9,-70.212,237.086,1.0
21.8166,128.16787,37.876044,5097.714468,104.154,-70.224,237.003,1.0
21.8333,128.167848,37.876033,5091.739473600001,106.487,-70.239,236.912,1.0
21.85,128.167826,37.876022,5085.759907199999,108.896,-70.259,236.807,1.0
21.8666,128.167804,37.876011,5079.775464,111.378,-70.28,236.693,1.0
21.8833,128.167782,37.876,5073.786144,113.931,-70.299,236.574,1.0
21.9,128.16776,37.875989,5067.792252000001,116.537,-70.313,236.458,1.0
21.9166,128.167738,37.875977,5061.793788000001,119.18,-70.321,236.345,1.0
21.9333,128.167716,37.875966,5055.790447200001,121.885,-70.327,236.227,1.0
21.95,128.167695,37.875955,5049.782534399999,124.65,-70.332,236.099,1.0
21.9666,128.167673,37.875944,5043.7700496,127.471,-70.336,235.964,1.0
21.9833,128.167651,37.875932,5037.7529928,130.343,-70.337,235.825,1.0
22.0,128.167629,37.875921,5031.731364,133.263,-70.336,235.686,1.0
22.0166,128.167607,37.87591,5025.7048584,136.227,-70.332,235.548,1.0
22.0333,128.167585,37.875899,5019.6737808,139.234,-70.323,235.411,1.0
22.05,128.167563,37.875887,5013.6381312,142.282,-70.312,235.273,1.0
22.0666,128.167541,37.875876,5007.5979096,145.367,-70.297,235.135,1.0
22.0833,128.167519,37.875865,5001.553116,148.488,-70.28,234.996,1.0
22.1,128.167497,37.875853,4995.5037504,151.641,-70.26,234.86,1.0
22.1166,128.167476,37.875842,4989.4501176,154.822,-70.236,234.726,1.0
22.1333,128.167454,37.875831,4983.391608,157.956,-70.234,234.64,1.0
22.15,128.167432,37.875819,4977.3282216,161.014,-70.281,234.624,1.0
22.1666,128.16741,37.875808,4971.2602632,164.021,-70.368,234.65,1.0
22.1833,128.167388,37.875797,4965.1871232,167.013,-70.465,234.678,1.0
22.2,128.167366,37.875786,4959.1088016,170.013,-70.551,234.682,1.0
22.2166,128.167344,37.875774,4953.025603200001,173.031,-70.617,234.655,1.0
22.2333,128.167323,37.875763,4946.936918400001,175.856,-70.69,234.658,1.0
22.25,128.167301,37.875752,4940.8427472,178.495,-70.798,234.697,1.0
22.2666,128.167279,37.875741,4934.7430896000005,-178.982,-70.969,234.725,1.0
22.2833,128.167257,37.875729,4928.637640800001,-176.504,-71.2,234.695,1.0
22.3,128.167236,37.875718,4922.5260960000005,-174.026,-71.458,234.593,1.0
22.3166,128.167214,37.875707,4916.4081504000005,-171.528,-71.709,234.433,1.0
22.3333,128.167193,37.875696,4910.2841088000005,-169.263,-71.983,234.288,1.0
22.35,128.167172,37.875685,4904.1536664000005,-167.199,-72.306,234.145,1.0
22.3666,128.16715,37.875674,4898.0159088,-165.244,-72.662,233.946,1.0
22.3833,128.167129,37.875663,4891.870836,-163.334,-73.013,233.651,1.0
22.4,128.167108,37.875652,4885.7184480000005,-161.434,-73.333,233.267,1.0
22.4166,128.167087,37.875641,4879.5590496,-159.523,-73.617,232.823,1.0
22.4333,128.167067,37.875631,4873.392640800001,-157.773,-73.9,232.377,1.0
22.45,128.167046,37.87562,4867.218612000001,-156.141,-74.209,231.915,1.0
22.4666,128.167026,37.875609,4861.0369632,-154.529,-74.555,231.364,1.0
22.4833,128.167006,37.875598,4854.8476944,-152.897,-74.912,230.699,1.0
22.5,128.166986,37.875588,4848.6505008,-151.248,-75.249,229.948,1.0
22.5166,128.166966,37.875577,4842.4456872,-149.595,-75.554,229.155,1.0
22.5333,128.166947,37.875566,4836.2332536,-148.026,-75.844,228.353,1.0
22.55,128.166927,37.875556,4830.0132,-146.523,-76.127,227.548,1.0
22.5666,128.166908,37.875545,4823.7852216,-145.05,-76.403,226.718,1.0
22.5833,128.166889,37.875534,4817.549318400001,-143.584,-76.664,225.848,1.0
22.6,128.166871,37.875524,4811.306100000001,-142.11,-76.907,224.936,1.0
22.6166,128.166852,37.875513,4805.054956800001,-140.623,-77.133,223.989,1.0
22.6333,128.166834,37.875503,4798.796803200001,-139.17,-77.348,223.032,1.0
22.65,128.166816,37.875492,4792.531029600001,-137.749,-77.555,222.072,1.0
22.6666,128.166798,37.875482,4786.2582456,-136.342,-77.752,221.098,1.0
22.6833,128.166781,37.875472,4779.977841600001,-134.933,-77.94,220.101,1.0
22.7,128.166763,37.875461,4773.690732,-133.513,-78.115,219.074,1.0
22.7166,128.166746,37.875451,4767.3966120000005,-132.076,-78.28,218.019,1.0
22.7333,128.16673,37.87544,4761.0954816,-130.451,-78.424,216.896,1.0
22.75,128.166713,37.87543,4754.7873408000005,-128.644,-78.548,215.713,1.0
22.7666,128.166697,37.87542,4748.473104,-126.71,-78.661,214.511,1.0
22.7833,128.166681,37.875409,4742.1521616,-124.698,-78.772,213.323,1.0
22.8,128.166665,37.875399,4735.8251232,-122.638,-78.882,212.153,1.0
22.8166,128.166649,37.875388,4729.4913792,-120.547,-78.989,210.987,1.0
22.8333,128.166634,37.875378,4723.151844000001,-118.515,-79.093,209.829,1.0
22.85,128.166619,37.875368,4716.8062128,-116.544,-79.192,208.667,1.0
22.8666,128.166604,37.875357,4710.4544856,-114.614,-79.28,207.484,1.0
22.8833,128.166589,37.875347,4704.097272,-112.704,-79.353,206.27,1.0
22.9,128.166575,37.875336,4697.733962400001,-110.8,-79.411,205.028,1.0
22.9166,128.166561,37.875326,4691.365471200001,-108.892,-79.456,203.767,1.0
22.9333,128.166547,37.875316,4684.9917984,-107.059,-79.501,202.507,1.0
22.95,128.166534,37.875305,4678.612944,-105.291,-79.548,201.247,1.0
22.9666,128.16652,37.875295,4672.2292128,-103.573,-79.589,199.98,1.0
22.9833,128.166507,37.875284,4665.8403,-101.892,-79.618,198.702,1.0
23.0,128.166495,37.875274,4659.4468152,-100.241,-79.634,197.417,1.0
23.0166,128.166482,37.875263,4653.0481488000005,-98.606,-79.637,196.126,1.0
23.0333,128.16647,37.875253,4646.64552,-97.014,-79.636,194.837,1.0
23.05,128.166459,37.875242,4640.238319200001,-95.454,-79.633,193.549,1.0
23.0666,128.166447,37.875231,4633.8268512,-93.923,-79.626,192.266,1.0
23.0833,128.166436,37.875221,4627.4114208,-92.42,-79.611,190.99,1.0
23.1,128.166425,37.87521,4620.9914184,-90.942,-79.588,189.723,1.0
23.1166,128.166414,37.8752,4614.5677584000005,-89.485,-79.557,188.466,1.0
23.1333,128.166404,37.875189,4608.1404408,-88.054,-79.52,187.219,1.0
23.15,128.166393,37.875178,4601.7091608,-86.644,-79.479,185.983,1.0
23.1666,128.166384,37.875167,4595.2742232,-85.256,-79.434,184.76,1.0
23.1833,128.166374,37.875156,4588.835932800001,-83.889,-79.383,183.552,1.0
23.2,128.166365,37.875146,4582.394289600001,-82.545,-79.327,182.361,1.0
23.2166,128.166356,37.875135,4575.949293600001,-81.221,-79.265,181.186,1.0
23.2333,128.166347,37.875124,4569.5009448,-79.919,-79.198,180.028,1.0
23.25,128.166338,37.875113,4563.049852800001,-78.639,-79.128,178.887,1.0
23.2666,128.16633,37.875102,4556.5957128,-77.38,-79.053,177.762,1.0
23.2833,128.166322,37.875091,4550.1388296000005,-76.143,-78.974,176.657,1.0
23.3,128.166315,37.87508,4543.6792032,-74.927,-78.89,175.571,1.0
23.3166,128.166307,37.875069,4537.2168336,-73.732,-78.802,174.504,1.0
23.3333,128.1663,37.875058,4530.752025600001,-72.558,-78.71,173.456,1.0
23.35,128.166293,37.875047,4524.2847792,-71.406,-78.615,172.426,1.0
23.3666,128.166287,37.875035,4517.8153992,-70.273,-78.516,171.416,1.0
23.3833,128.16628,37.875024,4511.3438856,-69.162,-78.413,170.425,1.0
23.4,128.166274,37.875013,4504.8702384,-68.071,-78.307,169.454,1.0
23.4166,128.166269,37.875001,4498.3947624,-67.001,-78.197,168.502,1.0
23.4333,128.166263,37.87499,4491.917152800001,-65.952,-78.084,167.57,1.0
23.45,128.166258,37.874979,4485.438019200001,-64.923,-77.968,166.656,1.0
23.4666,128.166253,37.874967,4478.957361600001,-63.915,-77.849,165.761,1.0
23.4833,128.166249,37.874956,4472.47518,-62.926,-77.727,164.885,1.0
23.5,128.166244,37.874944,4465.9914744,-61.958,-77.602,164.028,1.0
23.5166,128.16624,37.874933,4459.5065496,-61.009,-77.474,163.189,1.0
23.5333,128.166237,37.874921,4453.0204056,-60.079,-77.343,162.369,1.0
23.55,128.166233,37.874909,4446.5333472,-59.167,-77.21,161.566,1.0
23.5666,128.16623,37.874898,4440.0453744,-58.273,-77.074,160.781,1.0
23.5833,128.166227,37.874886,4433.556182400001,-57.397,-76.936,160.013,1.0
23.6,128.166224,37.874874,4427.0666856,-56.538,-76.796,159.263,1.0
23.6166,128.166222,37.874862,4420.5762744,-55.697,-76.653,158.529,1.0
23.6333,128.16622,37.87485,4414.0852536,-54.872,-76.508,157.812,1.0
23.65,128.166218,37.874839,4407.593928,-54.063,-76.361,157.111,1.0
23.6666,128.166217,37.874827,4401.1022976,-53.27,-76.211,156.426,1.0
23.6833,128.166216,37.874815,4394.610362400001,-52.493,-76.06,155.757,1.0
23.7,128.166215,37.874802,4388.1184272,-51.731,-75.907,155.102,1.0
23.7166,128.166214,37.87479,4381.626492,-50.984,-75.752,154.463,1.0
23.7333,128.166214,37.874778,4375.1348616000005,-50.25,-75.595,153.839,1.0
23.75,128.166213,37.874766,4368.6432312,-49.53,-75.436,153.229,1.0
23.7666,128.166214,37.874754,4362.151905600001,-48.823,-75.275,152.634,1.0
23.7833,128.166214,37.874741,4355.6608848000005,-48.128,-75.113,152.052,1.0
23.8,128.166215,37.874729,4349.1704736,-47.445,-74.949,151.483,1.0
23.8166,128.166216,37.874717,4342.6809768,-46.775,-74.784,150.927,1.0
23.8333,128.166217,37.874704,4336.1917848,-46.116,-74.617,150.384,1.0
23.85,128.166219,37.874692,4329.703812000001,-45.469,-74.448,149.855,1.0
23.8666,128.166221,37.874679,4323.2167536,-44.833,-74.278,149.338,1.0
23.8833,128.166223,37.874666,4316.7306096,-44.207,-74.106,148.833,1.0
23.9,128.166225,37.874654,4310.2456848,-43.591,-73.934,148.338,1.0
23.9166,128.166228,37.874641,4303.762284,-42.986,-73.76,147.855,1.0
23.9333,128.166231,37.874628,4297.2801024,-42.397,-73.585,147.381,1.0
23.95,128.166234,37.874615,4290.7997496,-41.824,-73.41,146.915,1.0
23.9666,128.166238,37.874602,4284.321225600001,-41.268,-73.233,146.46,1.0
23.9833,128.166242,37.874589,4277.844225600001,-40.729,-73.055,146.017,1.0
24.0,128.166246,37.874576,4271.3693592,-40.205,-72.875,145.585,1.0
24.0166,128.16625,37.874563,4264.8963216,-39.693,-72.694,145.164,1.0
24.0333,128.166255,37.87455,4258.4260272,-39.207,-72.513,144.745,1.0
24.05,128.16626,37.874537,4251.958171200001,-38.742,-72.333,144.327,1.0
24.0666,128.166265,37.874524,4245.4927536,-38.303,-72.151,143.917,1.0
24.0833,128.166271,37.874511,4239.0297744,-37.892,-71.968,143.52,1.0
24.1,128.166276,37.874497,4232.5692336,-37.505,-71.783,143.135,1.0
24.1166,128.166282,37.874484,4226.1117408,-37.134,-71.596,142.761,1.0
24.1333,128.166289,37.87447,4219.6569912,-36.766,-71.41,142.388,1.0
24.15,128.166296,37.874457,4213.2052896000005,-36.398,-71.224,142.013,1.0
24.1666,128.166302,37.874443,4206.7563312,-36.035,-71.039,141.642,1.0
24.1833,128.16631,37.87443,4200.3107256,-35.683,-70.852,141.278,1.0
24.2,128.166317,37.874416,4193.8684728,-35.347,-70.665,140.923,1.0
24.2166,128.166325,37.874402,4187.429268,-35.023,-70.476,140.578,1.0
24.2333,128.166333,37.874388,4180.9940256,-34.705,-70.288,140.233,1.0
24.25,128.166341,37.874374,4174.5621360000005,-34.392,-70.1,139.889,1.0
24.2666,128.16635,37.87436,4168.133904,-34.085,-69.913,139.548,1.0
24.2833,128.166359,37.874346,4161.7093296,-33.791,-69.724,139.213,1.0
24.3,128.166368,37.874332,4155.2890224,-33.509,-69.535,138.886,1.0
24.3166,128.166378,37.874318,4148.8723728,-33.238,-69.344,138.567,1.0
24.3333,128.166387,37.874304,4142.4599904,-32.972,-69.154,138.25,1.0
24.35,128.166398,37.87429,4136.0515704,-32.709,-68.963,137.934,1.0
24.3666,128.166408,37.874276,4129.6474176,-32.451,-68.773,137.621,1.0
24.3833,128.166418,37.874261,4123.2478368,-32.201,-68.582,137.313,1.0
24.4,128.166429,37.874247,4116.852828,-31.959,-68.39,137.011,1.0
24.4166,128.166441,37.874233,4110.4620864,-31.725,-68.198,136.715,1.0
24.4333,128.166452,37.874218,4104.0762216,-31.494,-68.006,136.422,1.0
24.45,128.166464,37.874204,4097.6949288,-31.265,-67.813,136.131,1.0
24.4666,128.166476,37.874189,4091.3185128,-31.038,-67.62,135.844,1.0
24.4833,128.166488,37.874174,4084.9472784000004,-30.814,-67.427,135.56,1.0
24.5,128.166501,37.87416,4078.5809208000005,-30.596,-67.234,135.281,1.0
24.5166,128.166513,37.874145,4072.2197448,-30.382,-67.04,135.005,1.0
24.5333,128.166527,37.87413,4065.8637504000003,-30.17,-66.845,134.735,1.0
24.55,128.16654,37.874115,4059.5129376,-29.957,-66.65,134.468,1.0
24.5666,128.166554,37.8741,4053.1676112,-29.745,-66.455,134.205,1.0
24.5833,128.166568,37.874085,4046.8277712000004,-29.533,-66.26,133.944,1.0
24.6,128.166582,37.87407,4040.4937224,-29.322,-66.064,133.686,1.0
24.6166,128.166596,37.874055,4034.1651600000005,-29.113,-65.868,133.432,1.0
24.6333,128.166611,37.87404,4027.8426936000005,-28.906,-65.672,133.181,1.0
24.65,128.166626,37.874025,4021.5257136,-28.7,-65.476,132.935,1.0
24.6666,128.166642,37.87401,4015.2151344000004,-28.496,-65.279,132.692,1.0
24.6833,128.166657,37.873994,4008.9106512,-28.292,-65.081,132.452,1.0
24.7,128.166673,37.873979,4002.6122640000003,-28.09,-64.884,132.214,1.0
24.7166,128.16669,37.873964,3996.3202776000003,-27.89,-64.686,131.979,1.0
24.7333,128.166706,37.873948,3990.0346920000006,-27.691,-64.488,131.747,1.0
24.75,128.166723,37.873933,3983.7555072000005,-27.495,-64.29,131.52,1.0
24.7666,128.16674,37.873917,3977.4830280000006,-27.301,-64.091,131.296,1.0
24.7833,128.166757,37.873902,3971.2172544,-27.109,-63.891,131.074,1.0
24.8,128.166775,37.873886,3964.9584912000005,-26.918,-63.692,130.855,1.0
24.8166,128.166793,37.87387,3958.7064336,-26.729,-63.492,130.638,1.0
24.8333,128.166811,37.873855,3952.4616912,-26.543,-63.292,130.425,1.0
24.85,128.166829,37.873839,3946.2236544,-26.36,-63.092,130.215,1.0
24.8666,128.166848,37.873823,3939.9932376,-26.179,-62.891,130.008,1.0
24.8833,128.166867,37.873807,3933.7698312,-26.001,-62.69,129.804,1.0
24.9,128.166886,37.873791,3927.5540448,-25.823,-62.488,129.602,1.0
24.9166,128.166906,37.873775,3921.3458784000004,-25.647,-62.287,129.402,1.0
24.9333,128.166925,37.873759,3915.1447224000003,-25.47,-62.084,129.207,1.0
24.95,128.166946,37.873743,3908.9514912000004,-25.291,-61.881,129.018,1.0
24.9666,128.166966,37.873727,3902.7658800000004,-25.109,-61.678,128.831,1.0
24.9833,128.166987,37.873711,3896.5881936000005,-24.922,-61.474,128.646,1.0
25.0,128.167007,37.873695,3890.4187368000003,-24.732,-61.271,128.46,1.0
25.0166,128.167029,37.873679,3884.2572048,-24.541,-61.067,128.276,1.0
25.0333,128.16705,37.873662,3878.1023784000004,-24.336,-60.862,128.102,1.0
25.05,128.167072,37.873646,3871.9560864,-24.12,-60.656,127.938,1.0
25.0666,128.167094,37.87363,3865.818024,-23.889,-60.449,127.778,1.0
25.0833,128.167116,37.873613,3859.688496,-23.638,-60.242,127.617,1.0
25.1,128.167139,37.873597,3853.5675024,-23.373,-60.037,127.452,1.0
25.1166,128.167161,37.87358,3847.4550432,-23.102,-59.832,127.287,1.0
25.1333,128.167184,37.873564,3841.3498992,-22.795,-59.624,127.139,1.0
25.15,128.167208,37.873547,3835.2523752,-22.458,-59.414,127.009,1.0
25.1666,128.167231,37.873531,3829.1639952,-22.087,-59.202,126.886,1.0
25.1833,128.167255,37.873514,3823.0841496000003,-21.674,-58.992,126.758,1.0
25.2,128.167279,37.873497,3817.013448,-21.227,-58.784,126.622,1.0
25.2166,128.167304,37.87348,3810.9518904,-20.767,-58.577,126.483,1.0
25.2333,128.167328,37.873463,3804.8979528000004,-20.233,-58.366,126.373,1.0
25.25,128.167353,37.873447,3798.8522448,-19.641,-58.151,126.295,1.0
25.2666,128.167378,37.87343,3792.8144616000004,-18.982,-57.934,126.228,1.0
25.2833,128.167403,37.873413,3786.7861272,-18.245,-57.72,126.151,1.0
25.3,128.167429,37.873395,3780.7672416000005,-17.446,-57.508,126.058,1.0
25.3166,128.167455,37.873378,3774.7581096000004,-16.619,-57.299,125.96,1.0
25.3333,128.167481,37.873361,3768.7599504000004,-15.861,-57.092,125.854,1.0
25.35,128.167507,37.873344,3762.7727640000003,-15.186,-56.886,125.749,1.0
25.3666,128.167534,37.873327,3756.7971600000005,-14.596,-56.679,125.658,1.0
25.3833,128.167561,37.873309,3750.8319192000004,-14.08,-56.468,125.588,1.0
25.4,128.167588,37.873292,3744.8773464000005,-13.609,-56.254,125.536,1.0
25.4166,128.167615,37.873274,3738.9331368000003,-13.152,-56.039,125.493,1.0
25.4333,128.167643,37.873256,3732.9989856,-12.613,-55.82,125.468,1.0
25.45,128.167671,37.873239,3727.0739784000007,-11.992,-55.599,125.457,1.0
25.4666,128.167699,37.873221,3721.15842,-11.29,-55.378,125.447,1.0
25.4833,128.167727,37.873203,3715.2541392000003,-10.518,-55.159,125.426,1.0
25.5,128.167756,37.873185,3709.3605264,-9.702,-54.941,125.397,1.0
25.5166,128.167785,37.873167,3703.4781912000003,-8.875,-54.724,125.367,1.0
25.5333,128.167814,37.873149,3697.6040856,-7.963,-54.54,125.381,1.0
25.55,128.167843,37.873131,3691.7388192000003,-6.981,-54.403,125.443,1.0
25.5666,128.167872,37.873113,3685.8826968,-5.915,-54.289,125.522,1.0
25.5833,128.167902,37.873095,3680.0366328000005,-4.75,-54.168,125.585,1.0
25.6,128.167932,37.873076,3674.2012368000005,-3.503,-54.021,125.625,1.0
25.6166,128.167962,37.873058,3668.376204,-2.218,-53.855,125.654,1.0
25.6333,128.167992,37.873039,3662.5584864,-0.844,-53.702,125.713,1.0
25.65,128.168022,37.87302,3656.7483888,0.591,-53.597,125.809,1.0
25.6666,128.168053,37.873002,3650.9456064,2.092,-53.529,125.921,1.0
25.6833,128.168084,37.872983,3645.1531872000005,3.671,-53.461,126.026,1.0
25.7,128.168115,37.872964,3639.3693024000004,5.316,-53.368,126.118,1.0
25.7166,128.168146,37.872945,3633.5948664000002,6.996,-53.248,126.206,1.0
25.7333,128.168177,37.872926,3627.8262216,8.72,-53.138,126.305,1.0
25.75,128.168208,37.872906,3622.0651967999997,10.465,-53.05,126.421,1.0
25.7666,128.168239,37.872887,3616.3127064,12.228,-52.974,126.55,1.0
25.7833,128.168271,37.872867,3610.5681408,14.014,-52.894,126.684,1.0
25.8,128.168303,37.872848,3604.8308904,15.824,-52.798,126.823,1.0
25.8166,128.168335,37.872828,3599.1015648,17.648,-52.69,126.968,1.0
25.8333,128.168366,37.872808,3593.3798592000003,19.468,-52.575,127.12,1.0
25.8499,128.168399,37.872788,3587.6654688000003,21.275,-52.461,127.281,1.0
25.8666,128.168431,37.872768,3581.9580888,23.064,-52.35,127.454,1.0
25.8833,128.168463,37.872748,3576.2577192000003,24.84,-52.242,127.638,1.0
25.9,128.168495,37.872728,3570.5640552000004,26.608,-52.133,127.834,1.0
25.9166,128.168528,37.872707,3564.8767920000005,28.374,-52.022,128.04,1.0
25.9333,128.16856,37.872686,3559.1980632,30.096,-51.894,128.261,1.0
25.95,128.168593,37.872666,3553.5260399999997,31.775,-51.751,128.496,1.0
25.9666,128.168625,37.872645,3547.8607224,33.415,-51.606,128.744,1.0
25.9833,128.168658,37.872624,3542.2015008000003,35.024,-51.471,129.0,1.0
26.0,128.168691,37.872603,3536.5483752,36.612,-51.35,129.265,1.0
26.0166,128.168724,37.872581,3530.9010408000004,38.19,-51.236,129.538,1.0
26.0333,128.168757,37.87256,3525.257364,39.927,-51.165,129.8,1.0
26.05,128.168789,37.872538,3519.6161256000005,41.851,-51.162,130.011,1.0
26.0666,128.168822,37.872517,3513.9758016,44.008,-51.24,130.111,1.0
26.0833,128.168855,37.872495,3508.3360872000003,46.417,-51.408,130.042,1.0
26.0999,128.168888,37.872473,3502.6975920000004,49.01,-51.628,129.838,1.0
26.1166,128.168921,37.872452,3497.0600112,51.702,-51.869,129.554,1.0
26.1333,128.168954,37.87243,3491.4212112,54.486,-52.111,129.26,1.0
26.15,128.168987,37.872408,3485.7814968,57.301,-52.331,129.018,1.0
26.1666,128.16902,37.872386,3480.1420872000003,60.099,-52.497,128.882,1.0
26.1833,128.169054,37.872364,3474.5014584,62.859,-52.593,128.875,1.0
26.2,128.169087,37.872342,3468.8596104,65.594,-52.637,128.955,1.0
26.2166,128.16912,37.872319,3463.2165432,68.3,-52.656,129.082,1.0
26.2333,128.169153,37.872297,3457.5710375999997,71.071,-52.689,129.217,1.0
26.25,128.169186,37.872275,3451.9230936000004,73.926,-52.753,129.31,1.0
26.2666,128.169219,37.872253,3446.2721016,76.912,-52.845,129.299,1.0
26.2833,128.169252,37.872231,3440.6180616,80.013,-52.936,129.213,1.0
26.3,128.169286,37.872208,3434.9606688000003,83.173,-53.01,129.115,1.0
26.3166,128.169319,37.872186,3429.3014472,86.314,-53.067,129.072,1.0
26.3333,128.169352,37.872164,3423.6391776,89.482,-53.127,129.089,1.0
26.35,128.169386,37.872142,3417.9735552,92.69,-53.2,129.124,1.0
26.3666,128.169419,37.872119,3412.3051896000006,95.956,-53.275,129.144,1.0
26.3833,128.169453,37.872097,3406.6334712000003,99.282,-53.339,129.143,1.0
26.4,128.169486,37.872075,3400.9590096,102.644,-53.389,129.136,1.0
26.4166,128.16952,37.872053,3395.2824144000006,106.005,-53.434,129.135,1.0
26.4333,128.169553,37.87203,3389.6036856,109.295,-53.494,129.198,1.0
26.45,128.169587,37.872008,3383.9228232000005,112.496,-53.58,129.339,1.0
26.4666,128.16962,37.871986,3378.2392176,115.656,-53.681,129.512,1.0
26.4833,128.169654,37.871964,3372.5534784000006,118.832,-53.778,129.661,1.0
26.5,128.169688,37.871941,3366.8656056000004,122.044,-53.862,129.767,1.0
26.5166,128.169722,37.871919,3361.1752944,125.276,-53.938,129.84,1.0
26.5333,128.169756,37.871897,3355.4816304000005,128.274,-54.014,129.951,1.0
26.55,128.169789,37.871875,3349.7858328,131.011,-54.115,130.149,1.0
26.5666,128.169823,37.871852,3344.0869872000003,133.512,-54.284,130.448,1.0
26.5833,128.169857,37.87183,3338.3847888,135.849,-54.534,130.809,1.0
26.6,128.169891,37.871807,3332.6789328000004,138.122,-54.833,131.179,1.0
26.6166,128.169924,37.871785,3326.9682000000003,140.418,-55.139,131.526,1.0
26.6333,128.169958,37.871763,3321.2510664,142.383,-55.449,131.953,1.0
26.65,128.169992,37.87174,3315.5272272,144.002,-55.783,132.49,1.0
26.6666,128.170025,37.871718,3309.7972920000007,145.382,-56.146,133.034,1.0
26.6833,128.170059,37.871695,3304.0597368000003,146.644,-56.527,133.471,1.0
26.7,128.170092,37.871673,3298.3151712000003,147.908,-56.898,133.764,1.0
26.7166,128.170125,37.87165,3292.5620712000004,149.257,-57.242,133.971,1.0
26.7333,128.170158,37.871628,3286.798608,150.444,-57.556,134.231,1.0
26.75,128.170191,37.871606,3281.0253912000003,151.442,-57.864,134.599,1.0
26.7666,128.170224,37.871583,3275.2418112,152.259,-58.219,135.034,1.0
26.7833,128.170256,37.871561,3269.447868,152.919,-58.649,135.46,1.0
26.8,128.170289,37.871538,3263.6432568,153.508,-59.121,135.813,1.0
26.8166,128.170321,37.871516,3257.8267584,154.124,-59.581,136.096,1.0
26.8333,128.170353,37.871494,3251.9965440000005,154.646,-59.995,136.387,1.0
26.85,128.170385,37.871471,3246.1535280000003,155.08,-60.365,136.727,1.0
26.8666,128.170416,37.871449,3240.2977104,155.442,-60.716,137.083,1.0
26.8833,128.170448,37.871427,3234.4290912,155.743,-61.073,137.401,1.0
26.9,128.170479,37.871405,3228.5473656,156.011,-61.442,137.653,1.0
26.9166,128.17051,37.871383,3222.6525336,156.284,-61.812,137.858,1.0
26.9333,128.17054,37.871361,3216.7442904,156.664,-62.171,138.043,1.0
26.95,128.170571,37.871339,3210.8232456,157.157,-62.514,138.233,1.0
26.9666,128.170601,37.871317,3204.8884848000002,157.721,-62.841,138.443,1.0
26.9833,128.170631,37.871295,3198.9397032,158.314,-63.158,138.667,1.0
27.0,128.170661,37.871273,3192.9769008000003,158.905,-63.472,138.886,1.0
27.0166,128.17069,37.871251,3186.9997728000003,159.486,-63.785,139.079,1.0
27.0333,128.170719,37.87123,3181.0077096000005,159.887,-64.09,139.279,1.0
27.05,128.170748,37.871208,3175.0004064,160.122,-64.386,139.497,1.0
27.0666,128.170777,37.871187,3168.978168,160.259,-64.677,139.706,1.0
27.0833,128.170806,37.871166,3162.9419088,160.353,-64.971,139.878,1.0
27.1,128.170834,37.871144,3156.8916288,160.444,-65.266,140.011,1.0
27.1166,128.170862,37.871123,3150.8267184,160.551,-65.561,140.131,1.0
27.1333,128.170889,37.871102,3144.7468728000003,160.602,-65.85,140.279,1.0
27.15,128.170917,37.871081,3138.6520920000003,160.591,-66.131,140.469,1.0
27.1666,128.170944,37.87106,3132.5435952000003,160.535,-66.408,140.671,1.0
27.1833,128.170971,37.87104,3126.4204680000003,160.454,-66.683,140.853,1.0
27.2,128.170997,37.871019,3120.28332,160.362,-66.96,141.005,1.0
27.2166,128.171024,37.870999,3114.1321512,160.27,-67.237,141.14,1.0
27.2333,128.17105,37.870978,3107.9669616,160.17,-67.512,141.285,1.0
27.25,128.171076,37.870958,3101.7877512,160.059,-67.784,141.455,1.0
27.2666,128.171101,37.870938,3095.5948248,159.939,-68.051,141.642,1.0
27.2833,128.171126,37.870918,3089.3881824000005,159.81,-68.316,141.831,1.0
27.3,128.171151,37.870898,3083.167824,159.674,-68.581,142.012,1.0
27.3166,128.171176,37.870878,3076.9340544,159.533,-68.845,142.186,1.0
27.3333,128.171201,37.870859,3070.6868736000006,159.385,-69.108,142.361,1.0
27.35,128.171225,37.870839,3064.4262816,159.233,-69.37,142.544,1.0
27.3666,128.171249,37.87082,3058.1525831999998,159.075,-69.63,142.739,1.0
27.3833,128.171272,37.8708,3051.8657784000006,158.912,-69.888,142.942,1.0
27.4,128.171295,37.870781,3045.5658672,158.742,-70.145,143.149,1.0
27.4166,128.171318,37.870762,3039.2531544000003,158.566,-70.401,143.356,1.0
27.4333,128.171341,37.870743,3032.92764,158.384,-70.657,143.567,1.0
27.45,128.171364,37.870724,3026.589324,158.195,-70.911,143.782,1.0
27.4666,128.171386,37.870705,3020.238816,157.999,-71.165,144.005,1.0
27.4833,128.171408,37.870687,3013.8755064,157.797,-71.417,144.236,1.0
27.5,128.171429,37.870668,3007.5000048,157.587,-71.669,144.474,1.0
27.5166,128.171451,37.87065,3001.1123112,157.371,-71.92,144.718,1.0
27.5333,128.171472,37.870632,2994.7124256,157.145,-72.17,144.969,1.0
27.55,128.171493,37.870614,2988.3006528,156.909,-72.42,145.226,1.0
27.5666,128.171513,37.870596,2981.8769928,156.665,-72.668,145.491,1.0
27.5833,128.171533,37.870578,2975.4417504000003,156.412,-72.916,145.764,1.0
27.6,128.171553,37.87056,2968.9946208,156.15,-73.163,146.045,1.0
27.6166,128.171573,37.870543,2962.5362136000003,155.879,-73.41,146.336,1.0
27.6333,128.171592,37.870525,2956.0665288,155.597,-73.656,146.635,1.0
27.65,128.171611,37.870508,2949.5852616,155.302,-73.9,146.945,1.0
27.6666,128.17163,37.870491,2943.0930215999997,154.996,-74.145,147.265,1.0
27.6833,128.171649,37.870474,2936.5898088,154.679,-74.388,147.595,1.0
27.7,128.171667,37.870457,2930.0753184,154.351,-74.631,147.935,1.0
27.7166,128.171685,37.87044,2923.5504648,154.011,-74.873,148.286,1.0
27.7333,128.171702,37.870424,2917.0149432000003,153.658,-75.114,148.65,1.0
27.75,128.17172,37.870407,2910.4687536,153.29,-75.355,149.027,1.0
27.7666,128.171737,37.870391,2903.9122008000004,152.908,-75.594,149.418,1.0
27.7833,128.171754,37.870375,2897.3455896000005,152.512,-75.833,149.821,1.0
27.8,128.17177,37.870358,2890.7686152,152.101,-76.071,150.239,1.0
27.8166,128.171786,37.870343,2884.1815824000005,151.675,-76.308,150.672,1.0
27.8333,128.171802,37.870327,2877.584796,151.232,-76.544,151.121,1.0
27.85,128.171818,37.870311,2870.978256,150.771,-76.778,151.587,1.0
27.8666,128.171833,37.870296,2864.3619624000003,150.293,-77.012,152.07,1.0
27.8833,128.171848,37.87028,2857.7365248,149.796,-77.245,152.573,1.0
27.9,128.171863,37.870265,2851.1013336,149.279,-77.477,153.094,1.0
27.9166,128.171877,37.87025,2844.4569984000004,148.741,-77.707,153.635,1.0
27.9333,128.171891,37.870235,2837.8035192,148.182,-77.936,154.198,1.0
27.95,128.171905,37.87022,2831.1412008,147.602,-78.164,154.783,1.0
27.9666,128.171919,37.870205,2824.4700432,146.997,-78.391,155.392,1.0
27.9833,128.171932,37.870191,2817.7900464000004,146.367,-78.616,156.026,1.0
28.0,128.171945,37.870176,2811.1015152,145.711,-78.839,156.687,1.0
28.0166,128.171958,37.870162,2804.4044496,145.026,-79.061,157.375,1.0
28.0333,128.17197,37.870148,2797.6991544,144.31,-79.28,158.096,1.0
28.05,128.171982,37.870134,2790.9856296000003,143.561,-79.497,158.852,1.0
28.0666,128.171994,37.87012,2784.2638752000003,142.777,-79.713,159.64,1.0
28.0833,128.172006,37.870106,2777.5345008000004,141.96,-79.926,160.46,1.0
28.1,128.172017,37.870093,2770.7972016,141.107,-80.137,161.315,1.0
28.1166,128.172028,37.870079,2764.0522824000004,140.217,-80.346,162.205,1.0
28.1333,128.172039,37.870066,2757.2997432,139.285,-80.552,163.14,1.0
28.15,128.172049,37.870053,2750.539584,138.308,-80.755,164.123,1.0
28.1666,128.172059,37.87004,2743.7727192,137.286,-80.954,165.151,1.0
28.1833,128.172069,37.870027,2736.9982344,136.217,-81.151,166.225,1.0
28.2,128.172078,37.870015,2730.2170440000004,135.1,-81.345,167.345,1.0
28.2166,128.172087,37.870002,2723.4288432000003,133.933,-81.535,168.513,1.0
28.2333,128.172096,37.86999,2716.6324128,132.44,-81.653,169.785,1.0
28.25,128.172105,37.869978,2709.8292768,130.877,-81.672,170.918,1.0
28.2666,128.172113,37.869965,2703.0194352000003,129.638,-81.608,171.449,1.0
28.2833,128.172121,37.869953,2696.2038024000003,129.05,-81.475,171.003,1.0
28.3,128.172129,37.869942,2689.3832928,129.259,-81.253,169.454,1.0
28.3166,128.172136,37.86993,2682.5560776,129.822,-80.952,167.31,1.0
28.3333,128.172143,37.869918,2675.7242904,130.326,-80.581,165.052,1.0
28.35,128.17215,37.869907,2668.8891504000003,130.482,-80.177,162.985,1.0
28.3666,128.172157,37.869895,2662.0506576000002,130.125,-79.799,161.246,1.0
28.3833,128.172164,37.869884,2655.2094216,129.14,-79.51,159.919,1.0
28.4,128.17217,37.869872,2648.3657472,127.382,-79.347,159.155,1.0
28.4166,128.172176,37.869861,2641.5202440000003,124.772,-79.32,159.134,1.0
28.4333,128.172182,37.86985,2634.6704736,121.466,-79.388,159.818,1.0
28.45,128.172188,37.869839,2627.8176552000004,117.642,-79.502,161.094,1.0
28.4666,128.172193,37.869827,2620.9611792,113.47,-79.625,162.795,1.0
28.4833,128.172198,37.869816,2614.1007408,109.147,-79.727,164.693,1.0
28.5,128.172204,37.869805,2607.2372544,104.897,-79.797,166.524,1.0
28.5166,128.172209,37.869794,2600.3710248,100.971,-79.83,168.012,1.0
28.5333,128.172213,37.869783,2593.5026616,97.514,-79.817,168.904,1.0
28.55,128.172218,37.869772,2586.6330792,94.773,-79.766,168.96,1.0
28.5666,128.172222,37.86976,2579.7625824,92.852,-79.695,168.066,1.0
28.5833,128.172226,37.869749,2572.8905616,91.448,-79.626,166.517,1.0
28.6,128.17223,37.869738,2566.0170168000004,90.27,-79.568,164.614,1.0
28.6166,128.172234,37.869727,2559.1410336,89.084,-79.522,162.644,1.0
28.6333,128.172238,37.869715,2552.2650504000003,87.59,-79.484,160.897,1.0
28.65,128.172242,37.869704,2545.3878480000003,85.56,-79.447,159.634,1.0
28.6666,128.172245,37.869693,2538.5103408,82.781,-79.412,159.099,1.0
28.6833,128.172249,37.869681,2531.6328336,79.06,-79.37,159.499,1.0
28.7,128.172252,37.86967,2524.7538024,74.674,-79.311,160.575,1.0
28.7166,128.172255,37.869659,2517.8738568000003,69.934,-79.222,162.042,1.0
28.7333,128.172259,37.869647,2510.9917776,65.194,-79.1,163.614,1.0
28.75,128.172262,37.869635,2504.108784,60.717,-78.953,165.025,1.0
28.7666,128.172265,37.869624,2497.2257904,56.68,-78.808,166.06,1.0
28.7833,128.172268,37.869612,2490.3431016000004,53.179,-78.7,166.573,1.0
28.8,128.17227,37.8696,2483.4607176000004,50.122,-78.65,166.618,1.0
28.8166,128.172273,37.869588,2476.5780288,47.263,-78.641,166.424,1.0
28.8333,128.172276,37.869577,2469.6947304,44.665,-78.68,166.329,1.0
28.85,128.172279,37.869564,2462.811432,42.161,-78.733,166.498,1.0
28.8666,128.172281,37.869552,2455.9272192000003,39.791,-78.721,166.832,1.0
28.8833,128.172284,37.86954,2449.0423968,37.585,-78.576,167.232,1.0
28.9,128.172286,37.869528,2442.1600128,35.279,-78.272,167.818,1.0
28.9166,128.172288,37.869516,2435.2794576,32.505,-77.837,168.772,1.0
28.9333,128.172291,37.869503,2428.4001216,29.243,-77.307,170.35,1.0
28.95,128.172293,37.86949,2421.5217000000002,25.787,-76.713,172.296,1.0
28.9666,128.172295,37.869477,2414.6441928,22.79,-76.057,174.046,1.0
28.9833,128.172297,37.869464,2407.7676,20.502,-75.379,175.338,1.0
29.0,128.172299,37.869451,2400.892836,18.859,-74.737,176.127,1.0
29.0166,128.172301,37.869438,2394.0223392000003,17.663,-74.193,176.479,1.0
29.0333,128.172303,37.869424,2387.1536712,16.717,-73.799,176.741,1.0
29.05,128.172305,37.86941,2380.2871368,15.71,-73.529,177.14,1.0
29.0666,128.172307,37.869396,2373.422736,14.738,-73.332,177.579,1.0
29.0833,128.172309,37.869382,2366.5607736,14.079,-73.145,177.857,1.0
29.1,128.17231,37.869367,2359.7027736,13.806,-72.92,177.907,1.0
29.1166,128.172312,37.869353,2352.85026,13.666,-72.623,177.873,1.0
29.1333,128.172313,37.869338,2346.004452,13.259,-72.229,177.949,1.0
29.15,128.172315,37.869323,2339.1641304,12.465,-71.781,178.2,1.0
29.1666,128.172316,37.869307,2332.3308192,11.424,-71.324,178.562,1.0
29.1833,128.172318,37.869292,2325.5017752000003,10.404,-70.901,178.899,1.0
29.2,128.172319,37.869276,2318.6779128000003,9.613,-70.553,179.093,1.0
29.2166,128.17232,37.869259,2311.8586224,9.069,-70.28,179.136,1.0
29.2333,128.172321,37.869243,2305.0448184,8.691,-70.043,179.136,1.0
29.25,128.172322,37.869226,2298.2368056,8.306,-69.802,179.189,1.0
29.2666,128.172324,37.86921,2291.4370224,7.858,-69.514,179.307,1.0
29.2833,128.172325,37.869192,2284.6442496,7.41,-69.169,179.438,1.0
29.3,128.172326,37.869175,2277.8578776000004,7.038,-68.81,179.523,1.0
29.3166,128.172327,37.869157,2271.0782112,6.747,-68.486,179.549,1.0
29.3333,128.172328,37.869139,2264.3049456000003,6.514,-68.21,179.565,1.0
29.35,128.172329,37.869121,2257.5396048000002,6.271,-67.957,179.611,1.0
29.3666,128.17233,37.869103,2250.7824936,6.015,-67.689,179.682,1.0
29.3833,128.17233,37.869084,2244.0339168,5.793,-67.391,179.744,1.0
29.4,128.172331,37.869065,2237.2932648,5.631,-67.079,179.774,1.0
29.4166,128.172332,37.869046,2230.5611472,5.508,-66.781,179.775,1.0
29.4333,128.172333,37.869026,2223.8372592,5.39,-66.508,179.78,1.0
29.45,128.172333,37.869007,2217.1225152,5.245,-66.25,179.807,1.0
29.4666,128.172334,37.868986,2210.4169152000004,5.083,-65.987,179.85,1.0
29.4833,128.172335,37.868966,2203.7210688,4.94,-65.709,179.887,1.0
29.5,128.172335,37.868946,2197.0343664,4.839,-65.423,179.905,1.0
29.5166,128.172336,37.868925,2190.3571128000003,4.765,-65.14,179.905,1.0
29.5333,128.172337,37.868904,2183.6896128000003,4.693,-64.87,179.907,1.0
29.55,128.172337,37.868882,2177.032476,4.601,-64.61,179.921,1.0
29.5666,128.172338,37.86886,2170.3857024000004,4.494,-64.348,179.945,1.0
29.5833,128.172338,37.868839,2163.749292,4.394,-64.08,179.968,1.0
29.6,128.172339,37.868816,2157.1232448,4.316,-63.806,179.98,1.0
29.6166,128.172339,37.868794,2150.5078656,4.257,-63.533,179.983,1.0
29.6333,128.172339,37.868771,2143.9031544,4.202,-63.266,179.985,1.0
29.65,128.17234,37.868748,2137.3100256,4.138,-63.004,179.993,1.0
29.6666,128.17234,37.868725,2130.7278696000003,4.063,-62.742,180.007,1.0
29.6833,128.172341,37.868701,2124.1569912,3.991,-62.478,180.021,1.0
29.7,128.172341,37.868677,2117.5976952,3.93,-62.21,180.03,1.0
29.7166,128.172341,37.868653,2111.0502864,3.879,-61.942,180.033,1.0
29.7333,128.172341,37.868629,2104.51446,3.833,-61.677,180.036,1.0
29.75,128.172342,37.868604,2097.9905208,3.784,-61.415,180.042,1.0
29.7666,128.172342,37.868579,2091.4790784,3.729,-61.153,180.05,1.0
29.7833,128.172342,37.868554,2084.979828,3.675,-60.89,180.059,1.0
29.8,128.172342,37.868529,2078.4930744000003,3.627,-60.626,180.065,1.0
29.8166,128.172342,37.868503,2072.0188176,3.585,-60.36,180.069,1.0
29.8333,128.172342,37.868477,2065.5573624,3.546,-60.097,180.072,1.0
29.85,128.172343,37.868451,2059.1087088,3.506,-59.834,180.077,1.0
29.8666,128.172343,37.868424,2052.6731616,3.463,-59.573,180.083,1.0
29.8833,128.172343,37.868398,2046.2510256,3.422,-59.31,180.089,1.0
29.9,128.172343,37.868371,2039.8423008,3.384,-59.047,180.093,1.0
29.9166,128.172343,37.868343,2033.4469872,3.349,-58.783,180.096,1.0
29.9333,128.172343,37.868316,2027.0650848,3.316,-58.52,180.099,1.0
29.95,128.172343,37.868288,2020.6975080000002,3.282,-58.257,180.103,1.0
29.9666,128.172343,37.86826,2014.3433424000002,3.248,-57.995,180.108,1.0
29.9833,128.172343,37.868232,2008.0038072000002,3.215,-57.733,180.112,1.0
30.0,128.172343,37.868203,2001.6782928,3.185,-57.47,180.116,1.0
30.0166,128.172342,37.868174,1995.367104,3.156,-57.207,180.119,1.0
30.0333,128.172342,37.868145,1989.0705456,3.128,-56.944,180.121,1.0
30.05,128.172342,37.868116,1982.7886176000002,3.1,-56.681,180.125,1.0
30.0666,128.172342,37.868086,1976.5216248000002,3.072,-56.419,180.129,1.0
30.0833,128.172342,37.868056,1970.2695672000002,3.045,-56.157,180.133,1.0
30.1,128.172342,37.868026,1964.0324448000001,3.02,-55.894,180.136,1.0
30.1166,128.172341,37.867995,1957.8108672,2.996,-55.631,180.138,1.0
30.1333,128.172341,37.867965,1951.6045296000002,2.972,-55.368,180.141,1.0
30.15,128.172341,37.867934,1945.4137368000002,2.949,-55.105,180.144,1.0
30.1666,128.172341,37.867903,1939.2387936000002,2.925,-54.843,180.148,1.0
30.1833,128.172341,37.867871,1933.0797,2.903,-54.58,180.152,1.0
30.2,128.17234,37.867839,1926.9364560000001,2.882,-54.317,180.154,1.0
30.2166,128.17234,37.867808,1920.8093664000003,2.862,-54.054,180.157,1.0
30.2333,128.17234,37.867775,1914.6984312000002,2.842,-53.791,180.159,1.0
30.25,128.172339,37.867743,1908.60426,2.822,-53.528,180.163,1.0
30.2666,128.172339,37.86771,1902.5262432000002,2.802,-53.265,180.166,1.0
30.2833,128.172339,37.867677,1896.4649904,2.784,-53.002,180.169,1.0
30.3,128.172338,37.867644,1890.4208064,2.766,-52.739,180.172,1.0
30.3166,128.172338,37.867611,1884.3933864,2.749,-52.476,180.174,1.0
30.3333,128.172337,37.867577,1878.3830352,2.733,-52.213,180.177,1.0
30.35,128.172337,37.867543,1872.3900576,2.716,-51.949,180.18,1.0
30.3666,128.172337,37.867509,1866.4141488,2.699,-51.686,180.183,1.0
30.3833,128.172336,37.867474,1860.4562232000003,2.683,-51.423,180.186,1.0
30.4,128.172336,37.867439,1854.5156712,2.669,-51.16,180.189,1.0
30.4166,128.172335,37.867405,1848.5927976,2.655,-50.896,180.192,1.0
30.4333,128.172335,37.867369,1842.688212,2.641,-50.633,180.194,1.0
30.45,128.172334,37.867334,1836.8013048000003,2.626,-50.369,180.197,1.0
30.4666,128.172334,37.867298,1830.9326856000002,2.612,-50.106,180.201,1.0
30.4833,128.172333,37.867262,1825.0826592,2.599,-49.842,180.204,1.0
30.5,128.172333,37.867226,1819.2509208000001,2.587,-49.579,180.206,1.0
30.5166,128.172332,37.86719,1813.4377752,2.575,-49.315,180.209,1.0
30.5333,128.172332,37.867153,1807.6432224,2.56,-49.051,180.213,1.0
30.55,128.172331,37.867116,1801.8678720000003,2.544,-48.788,180.219,1.0
30.5666,128.17233,37.867079,1796.1111144,2.528,-48.524,180.225,1.0
30.5833,128.17233,37.867042,1790.3738640000001,2.515,-48.26,180.23,1.0
30.6,128.172329,37.867004,1784.6555112,2.506,-47.996,180.233,1.0
30.6166,128.172329,37.866966,1778.9566656,2.498,-47.732,180.236,1.0
30.6333,128.172328,37.866928,1773.277632,2.485,-47.468,180.241,1.0
30.65,128.172327,37.86689,1767.6181056,2.466,-47.205,180.25,1.0
30.6666,128.172327,37.866851,1761.9780864000002,2.447,-46.941,180.259,1.0
30.6833,128.172326,37.866813,1756.3581840000002,2.434,-46.677,180.266,1.0
30.7,128.172325,37.866774,1750.7583984,2.427,-46.413,180.27,1.0
30.7166,128.172324,37.866734,1745.1787296,2.423,-46.149,180.274,1.0
30.7333,128.172324,37.866695,1739.6191776,2.411,-45.884,180.281,1.0
30.75,128.172323,37.866655,1734.080352,2.392,-45.62,180.291,1.0
30.7666,128.172322,37.866615,1728.5619480000003,2.372,-45.356,180.302,1.0
30.7833,128.172322,37.866575,1723.0642704000002,2.358,-45.092,180.311,1.0
30.8,128.172321,37.866535,1717.5873192000001,2.353,-44.828,180.317,1.0
30.8166,128.17232,37.866494,1712.1313992000003,2.349,-44.564,180.321,1.0
30.8333,128.172319,37.866453,1706.6965104,2.34,-44.299,180.328,1.0
30.85,128.172318,37.866412,1701.2829576,2.323,-44.035,180.339,1.0
30.8666,128.172318,37.866371,1695.890436,2.303,-43.771,180.351,1.0
30.8833,128.172317,37.866329,1690.5192504000001,2.29,-43.506,180.361,1.0
30.9,128.172316,37.866288,1685.1700104000001,2.284,-43.242,180.368,1.0
30.9166,128.172315,37.866246,1679.8421064,2.281,-42.977,180.374,1.0
30.9333,128.172314,37.866204,1674.5361480000001,2.274,-42.713,180.382,1.0
30.95,128.172314,37.866161,1669.2521352,2.259,-42.448,180.392,1.0
30.9666,128.172313,37.866119,1663.9903728000002,2.241,-42.184,180.404,1.0
30.9833,128.172312,37.866076,1658.7505560000002,2.228,-41.919,180.415,1.0
31.0,128.172311,37.866033,1653.5329896,2.222,-41.655,180.423,1.0
31.0166,128.17231,37.86599,1648.3376736,2.219,-41.39,180.429,1.0
31.0333,128.172309,37.865946,1643.1652176000002,2.213,-41.125,180.437,1.0
31.05,128.172308,37.865902,1638.0153168,2.201,-40.86,180.447,1.0
31.0666,128.172307,37.865859,1632.8879712,2.186,-40.595,180.458,1.0
31.0833,128.172306,37.865815,1627.7837904,2.174,-40.331,180.468,1.0
31.1,128.172305,37.86577,1622.7024696,2.168,-40.066,180.476,1.0
31.1166,128.172304,37.865726,1617.6440088,2.164,-39.801,180.484,1.0
31.1333,128.172303,37.865681,1612.6090176000002,2.158,-39.536,180.491,1.0
31.15,128.172302,37.865636,1607.5974960000003,2.149,-39.271,180.501,1.0
31.1666,128.172301,37.865591,1602.6091392000003,2.137,-39.006,180.511,1.0
31.1833,128.1723,37.865546,1597.6445568000001,2.127,-38.741,180.521,1.0
31.2,128.172299,37.8655,1592.7037488,2.12,-38.476,180.529,1.0
31.2166,128.172298,37.865454,1587.7864104,2.115,-38.211,180.536,1.0
31.2333,128.172297,37.865408,1582.8931512000001,2.11,-37.945,180.544,1.0
31.25,128.172296,37.865362,1578.0239712,2.102,-37.68,180.553,1.0
31.2666,128.172295,37.865316,1573.1788704,2.093,-37.415,180.562,1.0
31.2833,128.172294,37.865269,1568.3578488,2.084,-37.15,180.572,1.0
31.3,128.172293,37.865223,1563.5612112000001,2.077,-36.885,180.58,1.0
31.3166,128.172292,37.865176,1558.7892624,2.073,-36.619,180.588,1.0
31.3333,128.172291,37.865129,1554.0416976000001,2.068,-36.354,180.595,1.0
31.35,128.17229,37.865081,1549.3188216,2.061,-36.088,180.604,1.0
31.3666,128.172289,37.865034,1544.6206344000002,2.053,-35.823,180.612,1.0
31.3833,128.172287,37.864986,1539.9474408,2.046,-35.558,180.621,1.0
31.4,128.172286,37.864938,1535.2992408,2.04,-35.292,180.629,1.0
31.4166,128.172285,37.86489,1530.6760344000002,2.036,-35.027,180.637,1.0
31.4333,128.172284,37.864842,1526.0781264000002,2.031,-34.761,180.644,1.0
31.45,128.172283,37.864793,1521.5055168000001,2.025,-34.496,180.652,1.0
31.4666,128.172282,37.864745,1516.9582056000002,2.018,-34.23,180.66,1.0
31.4833,128.17228,37.864696,1512.4364976,2.012,-33.964,180.668,1.0
31.5,128.172279,37.864647,1507.9400880000003,2.007,-33.699,180.676,1.0
31.5166,128.172278,37.864598,1503.4695864,2.003,-33.433,180.684,1.0
31.5333,128.172277,37.864548,1499.0249928,1.998,-33.168,180.691,1.0
31.55,128.172276,37.864499,1494.6063072000002,1.993,-32.902,180.699,1.0
31.5666,128.172274,37.864449,1490.2135296000001,1.988,-32.636,180.706,1.0
31.5833,128.172273,37.864399,1485.8469648,1.982,-32.37,180.714,1.0
31.6,128.172272,37.864349,1481.5066128,1.978,-32.105,180.722,1.0
31.6166,128.17227,37.864299,1477.1924736,1.974,-31.839,180.729,1.0
31.6333,128.172269,37.864248,1472.9045472,1.97,-31.573,180.736,1.0
31.65,128.172268,37.864198,1468.6434432,1.965,-31.307,180.743,1.0
31.6666,128.172267,37.864147,1464.408552,1.96,-31.041,180.751,1.0
31.6833,128.172265,37.864096,1460.2004832000002,1.956,-30.775,180.758,1.0
31.7,128.172264,37.864045,1456.0192368000003,1.952,-30.51,180.765,1.0
31.7166,128.172262,37.863993,1451.8648128000002,1.948,-30.244,180.772,1.0
31.7333,128.172261,37.863942,1447.7375160000001,1.945,-29.978,180.779,1.0
31.75,128.17226,37.86389,1443.6370416,1.941,-29.712,180.786,1.0
31.7666,128.172258,37.863839,1439.5636944,1.936,-29.446,180.794,1.0
31.7833,128.172257,37.863787,1435.5177792,1.932,-29.18,180.801,1.0
31.8,128.172256,37.863735,1431.4989912,1.929,-28.914,180.808,1.0
31.8166,128.172254,37.863682,1427.5076352,1.926,-28.648,180.814,1.0
31.8333,128.172253,37.86363,1423.5437112,1.923,-28.382,180.821,1.0
31.85,128.172251,37.863577,1419.607524,1.919,-28.116,180.828,1.0
31.8666,128.17225,37.863524,1415.6987688,1.915,-27.849,180.835,1.0
31.8833,128.172248,37.863472,1411.8177504000003,1.912,-27.583,180.842,1.0
31.9,128.172247,37.863419,1407.9647736,1.909,-27.317,180.848,1.0
31.9166,128.172246,37.863365,1404.1395336,1.906,-27.051,180.855,1.0
31.9333,128.172244,37.863312,1400.3423352,1.903,-26.785,180.861,1.0
31.95,128.172243,37.863258,1396.5731784,1.9,-26.519,180.868,1.0
31.9666,128.172241,37.863205,1392.832368,1.897,-26.253,180.875,1.0
31.9833,128.17224,37.863151,1389.1195992,1.894,-25.986,180.881,1.0
32.0,128.172238,37.863097,1385.4351768,1.891,-25.72,180.888,1.0
32.0166,128.172236,37.863043,1381.7791008,1.889,-25.454,180.894,1.0
32.0333,128.172235,37.862989,1378.1513712,1.886,-25.188,180.901,1.0
32.05,128.172233,37.862934,1374.5525976000001,1.884,-24.922,180.907,1.0
32.0666,128.172232,37.86288,1370.9821704,1.881,-24.655,180.914,1.0
32.0833,128.17223,37.862825,1367.4403944,1.878,-24.389,180.92,1.0
32.1,128.172229,37.86277,1363.9272696,1.876,-24.123,180.926,1.0
32.1166,128.172227,37.862715,1360.4434056,1.874,-23.857,180.932,1.0
32.1333,128.172225,37.86266,1356.9881928,1.872,-23.59,180.939,1.0
32.15,128.172224,37.862605,1353.561936,1.869,-23.324,180.945,1.0
32.1666,128.172222,37.86255,1350.1646352,1.867,-23.058,180.951,1.0
32.1833,128.172221,37.862494,1346.7965952,1.864,-22.791,180.958,1.0
32.2,128.172219,37.862438,1343.457816,1.862,-22.525,180.964,1.0
32.2166,128.172217,37.862383,1340.1482976,1.861,-22.259,180.97,1.0
32.2333,128.172216,37.862327,1336.86804,1.859,-21.992,180.976,1.0
32.25,128.172214,37.862271,1333.6173480000002,1.857,-21.726,180.982,1.0
32.2666,128.172212,37.862215,1330.3959168,1.855,-21.46,180.988,1.0
32.2833,128.172211,37.862158,1327.2040512,1.853,-21.193,180.994,1.0
32.3,128.172209,37.862102,1324.0417512000001,1.851,-20.927,181.0,1.0
32.3166,128.172207,37.862045,1320.9093216,1.849,-20.661,181.006,1.0
32.3333,128.172205,37.861989,1317.8064576,1.848,-20.394,181.012,1.0
32.35,128.172204,37.861932,1314.7334640000001,1.846,-20.128,181.018,1.0
32.3666,128.172202,37.861875,1311.6903408,1.844,-19.861,181.024,1.0
32.3833,128.1722,37.861818,1308.6770880000001,1.842,-19.595,181.03,1.0
32.4,128.172198,37.861761,1305.6937056000002,1.841,-19.329,181.036,1.0
32.4166,128.172197,37.861704,1302.7401936,1.84,-19.062,181.041,1.0
32.4333,128.172195,37.861647,1299.8171616000002,1.838,-18.796,181.047,1.0
32.45,128.172193,37.861589,1296.924,1.837,-18.529,181.053,1.0
32.4666,128.172191,37.861532,1294.0610136,1.835,-18.263,181.059,1.0
32.4833,128.172189,37.861474,1291.2285072000002,1.834,-17.997,181.065,1.0
32.5,128.172188,37.861416,1288.426176,1.833,-17.73,181.071,1.0
32.5166,128.172186,37.861358,1285.65402,1.832,-17.464,181.076,1.0
32.5333,128.172184,37.8613,1282.9126488,1.831,-17.197,181.082,1.0
32.55,128.172182,37.861242,1280.2014528000002,1.829,-16.931,181.088,1.0
32.5666,128.17218,37.861184,1277.5210416,1.828,-16.665,181.093,1.0
32.5833,128.172178,37.861126,1274.8708056,1.827,-16.398,181.099,1.0
32.6,128.172176,37.861067,1272.2513544,1.826,-16.132,181.105,1.0
32.6166,128.172175,37.861009,1269.6626880000001,1.825,-15.866,181.11,1.0
32.6333,128.172173,37.86095,1267.1045016000003,1.824,-15.599,181.116,1.0
32.65,128.172171,37.860892,1264.5774048,1.823,-15.333,181.122,1.0
32.6666,128.172169,37.860833,1262.0807880000002,1.822,-15.066,181.127,1.0
32.6833,128.172167,37.860774,1259.6149560000001,1.821,-14.8,181.133,1.0
32.7,128.172165,37.860715,1257.1802136000001,1.82,-14.534,181.138,1.0
32.7166,128.172163,37.860656,1254.7765608,1.819,-14.267,181.144,1.0
32.7333,128.172161,37.860597,1252.4052168,1.535,-14.048,181.105,1.0
32.75,128.172159,37.860538,1250.0649624,0.991,-13.921,181.021,1.0
32.7666,128.172157,37.860479,1247.7548832000002,0.129,-13.93,180.941,1.0
32.7833,128.172155,37.860419,1245.475284,-1.09,-14.056,180.905,1.0
32.8,128.172153,37.86036,1243.22586,-2.625,-14.237,180.906,1.0
32.8166,128.172151,37.8603,1241.0063064,-4.378,-14.413,180.903,1.0
32.8333,128.17215,37.860241,1238.8172328,-6.275,-14.531,180.856,1.0
32.85,128.172148,37.860181,1236.6601632000002,-8.319,-14.535,180.768,1.0
32.8666,128.172146,37.860122,1234.5357072,-10.57,-14.382,180.667,1.0
32.8833,128.172144,37.860062,1232.4383784000001,-13.044,-14.103,180.581,1.0
32.9,128.172143,37.860002,1230.3697008000001,-15.627,-13.747,180.506,1.0
32.9166,128.172141,37.859942,1228.3281504,-18.158,-13.379,180.414,1.0
32.9333,128.17214,37.859882,1226.312508,-20.279,-13.05,180.31,1.0
32.95,128.172139,37.859823,1224.3197256,-22.035,-12.809,180.208,1.0
32.9666,128.172137,37.859763,1222.3488888000002,-23.594,-12.679,180.11,1.0
32.9833,128.172136,37.859703,1220.4027408,-25.118,-12.61,180.001,1.0
33.0,128.172135,37.859642,1218.4803672,-26.729,-12.543,179.884,1.0
33.0166,128.172135,37.859582,1216.5826824,-28.481,-12.42,179.763,1.0
33.0333,128.172134,37.859522,1214.7054192,-30.07,-12.18,179.642,1.0
33.05,128.172134,37.859462,1212.8528448,-31.412,-11.803,179.479,1.0
33.0666,128.172133,37.859402,1211.0234352,-32.469,-11.368,179.235,1.0
33.0833,128.172133,37.859342,1209.2181048000002,-33.279,-10.948,178.896,1.0
33.1,128.172133,37.859281,1207.4368536000002,-34.011,-10.58,178.513,1.0
33.1166,128.172133,37.859221,1205.6784624,-34.88,-10.27,178.177,1.0
33.1333,128.172134,37.85916,1203.9371400000002,-35.814,-10.022,177.967,1.0
33.15,128.172134,37.8591,1202.2174584,-36.755,-9.798,177.856,1.0
33.1666,128.172135,37.85904,1200.5200272,-37.564,-9.598,177.758,1.0
33.1833,128.172136,37.858979,1198.8445416000002,-38.14,-9.425,177.589,1.0
33.2,128.172137,37.858919,1197.1937448,-38.545,-9.244,177.319,1.0
33.2166,128.172139,37.858858,1195.5645888000001,-38.974,-9.003,176.985,1.0
33.2333,128.17214,37.858797,1193.9543304,-39.502,-8.7,176.673,1.0
33.25,128.172142,37.858737,1192.3660176,-40.117,-8.373,176.42,1.0
33.2666,128.172144,37.858676,1190.7993456000002,-40.702,-8.092,176.221,1.0
33.2833,128.172146,37.858616,1189.254924,-41.136,-7.905,176.04,1.0
33.3,128.172149,37.858555,1187.733972,-41.422,-7.782,175.836,1.0
33.3166,128.172151,37.858494,1186.2349656000001,-41.683,-7.662,175.605,1.0
33.3333,128.172154,37.858434,1184.7591240000002,-42.229,-7.49,175.337,1.0
33.35,128.172158,37.858373,1183.3070568,-43.077,-7.262,175.052,1.0
33.3666,128.172161,37.858312,1181.8796784,-44.109,-7.012,174.786,1.0
33.3833,128.172165,37.858251,1180.4727216,-45.172,-6.789,174.559,1.0
33.4,128.172169,37.858191,1179.0880152,-46.155,-6.617,174.361,1.0
33.4166,128.172173,37.85813,1177.7246448,-47.027,-6.479,174.15,1.0
33.4333,128.172178,37.858069,1176.3798672,-47.681,-6.323,173.909,1.0
33.45,128.172182,37.858008,1175.052768,-48.208,-6.127,173.645,1.0
33.4666,128.172188,37.857948,1173.7479192,-48.689,-5.918,173.378,1.0
33.4833,128.172193,37.857887,1172.4644064000001,-49.145,-5.737,173.124,1.0
33.5,128.172198,37.857826,1171.2022296,-49.579,-5.597,172.885,1.0
33.5166,128.172204,37.857765,1169.9601696000002,-50.017,-5.475,172.648,1.0
33.5333,128.17221,37.857705,1168.7351784,-50.382,-5.331,172.408,1.0
33.55,128.172217,37.857644,1167.5281704000001,-50.694,-5.149,172.164,1.0
33.5666,128.172224,37.857583,1166.3409744,-50.949,-4.957,171.916,1.0
33.5833,128.172231,37.857522,1165.1748096000001,-51.131,-4.792,171.666,1.0
33.6,128.172238,37.857462,1164.0284568,-51.256,-4.664,171.415,1.0
33.6166,128.172245,37.857401,1162.9013064,-51.383,-4.549,171.166,1.0
33.6333,128.172253,37.85734,1161.7906152,-51.528,-4.416,170.922,1.0
33.65,128.172261,37.85728,1160.6994312,-51.7,-4.253,170.683,1.0
33.6666,128.17227,37.857219,1159.6274496,-51.864,-4.079,170.446,1.0
33.6833,128.172278,37.857158,1158.5749752000002,-51.975,-3.921,170.205,1.0
33.7,128.172287,37.857098,1157.5420080000001,-52.026,-3.789,169.959,1.0
33.7166,128.172296,37.857037,1156.5279384,-52.06,-3.67,169.713,1.0
33.7333,128.172306,37.856977,1155.531852,-52.113,-3.541,169.469,1.0
33.75,128.172316,37.856916,1154.5546632,-52.203,-3.391,169.232,1.0
33.7666,128.172326,37.856856,1153.596372,-52.305,-3.23,168.998,1.0
33.7833,128.172336,37.856796,1152.6572832000002,-52.381,-3.078,168.763,1.0
33.8,128.172347,37.856735,1151.737092,-52.413,-2.942,168.524,1.0
33.8166,128.172358,37.856675,1150.8357984000002,-52.425,-2.816,168.283,1.0
33.8333,128.172369,37.856615,1149.9527928,-52.444,-2.685,168.042,1.0
33.85,128.17238,37.856554,1149.0883800000001,-52.489,-2.542,167.806,1.0
33.8666,128.172392,37.856494,1148.2428648,-52.549,-2.39,167.573,1.0
33.8833,128.172404,37.856434,1147.4162472,-52.599,-2.242,167.341,1.0
33.9,128.172417,37.856374,1146.6082224000002,-52.623,-2.103,167.108,1.0
33.9166,128.172429,37.856314,1145.8187904000001,-52.629,-1.972,166.871,1.0
33.9333,128.172442,37.856254,1145.0479512000002,-52.637,-1.838,166.634,1.0
33.95,128.172455,37.856194,1144.2954,-52.661,-1.697,166.4,1.0
33.9666,128.172469,37.856134,1143.5614416,-52.7,-1.551,166.168,1.0
33.9833,128.172483,37.856074,1142.8463808000001,-52.735,-1.405,165.938,1.0
34.0,128.172497,37.856015,1142.1493032,-52.756,-1.265,165.707,1.0
34.0166,128.172511,37.855955,1141.4711232,-52.765,-1.13,165.474,1.0
34.0333,128.172526,37.855895,1140.8112312,-52.773,-0.994,165.241,1.0
34.05,128.172541,37.855836,1140.1693224,-52.792,-0.854,165.008,1.0
34.0666,128.172556,37.855776,1139.5460064000001,-52.819,-0.71,164.778,1.0
34.0833,128.172571,37.855717,1138.9409784,-52.848,-0.566,164.549,1.0
34.1,128.172587,37.855658,1138.3542384,-52.869,-0.426,164.32,1.0
34.1166,128.172603,37.855598,1137.7854816,-52.883,-0.287,164.09,1.0
34.1333,128.172619,37.855539,1137.2350128,-52.891,-0.149,163.859,1.0
34.15,128.172636,37.85548,1136.7025272,-52.9,-0.007,163.63,1.0
34.1666,128.172653,37.855421,1136.1880248,-52.912,0.135,163.401,1.0
34.1833,128.17267,37.855362,1135.6918104000001,-52.922,0.278,163.173,1.0
34.2,128.172687,37.855303,1135.2135792000001,-52.927,0.419,162.945,1.0
34.2166,128.172705,37.855244,1134.7533312,-52.929,0.558,162.717,1.0
34.2333,128.172723,37.855186,1134.3104568,-52.924,0.699,162.489,1.0
34.25,128.172741,37.855127,1133.8858704,-52.915,0.842,162.263,1.0
34.2666,128.17276,37.855068,1133.4789624,-52.903,0.987,162.038,1.0
34.2833,128.172778,37.85501,1133.0900376000002,-52.885,1.13,161.812,1.0
34.3,128.172797,37.854951,1132.719096,-52.861,1.272,161.585,1.0
34.3166,128.172817,37.854893,1132.3661376,-52.836,1.411,161.357,1.0
34.3333,128.172836,37.854835,1132.0299432000002,-52.803,1.554,161.133,1.0
34.35,128.172856,37.854777,1131.7114272000001,-52.765,1.7,160.911,1.0
34.3666,128.172876,37.854719,1131.4111992,-52.719,1.847,160.689,1.0
34.3833,128.172897,37.854661,1131.1286496,-52.662,1.992,160.466,1.0
34.4,128.172917,37.854603,1130.8637784,-52.597,2.133,160.241,1.0
34.4166,128.172938,37.854545,1130.6168904,-52.532,2.274,160.016,1.0
34.4333,128.172959,37.854487,1130.3864616,-52.46,2.418,159.795,1.0
34.45,128.172981,37.85443,1130.1740160000002,-52.382,2.567,159.577,1.0
34.4666,128.173003,37.854372,1129.9792488,-52.295,2.717,159.36,1.0
34.4833,128.173025,37.854315,1129.8024648,-52.195,2.864,159.141,1.0
34.5,128.173047,37.854257,1129.6433592,-52.083,3.008,158.92,1.0
34.5166,128.173069,37.8542,1129.5019320000001,-51.971,3.151,158.698,1.0
34.5333,128.173092,37.854143,1129.3772688000001,-51.853,3.297,158.481,1.0
34.55,128.173115,37.854086,1129.270284,-51.731,3.449,158.267,1.0
34.5666,128.173138,37.854029,1129.1812824,-51.601,3.602,158.055,1.0
34.5833,128.173162,37.853972,1129.110264,-51.456,3.753,157.841,1.0
34.6,128.173185,37.853915,1129.056924,-51.3,3.901,157.624,1.0
34.6166,128.173209,37.853859,1129.0215672000002,-51.141,4.047,157.407,1.0
34.6333,128.173234,37.853802,1129.0029744,-50.978,4.197,157.194,1.0
34.65,128.173258,37.853746,1129.0023648000001,-50.812,4.352,156.985,1.0
34.6666,128.173283,37.853689,1129.0197384,-50.64,4.509,156.778,1.0
34.6833,128.173308,37.853633,1129.0550952,-50.454,4.664,156.569,1.0
34.7,128.173333,37.853577,1129.1087400000001,-50.256,4.817,156.358,1.0
34.7166,128.173358,37.853521,1129.1800632000002,-50.056,4.968,156.146,1.0
34.7333,128.173384,37.853465,1129.2681504,-49.865,5.13,155.944,1.0
34.75,128.17341,37.853409,1129.373916,-49.686,5.304,155.753,1.0
34.7666,128.173436,37.853353,1129.4982744000001,-49.497,5.481,155.565,1.0
34.7833,128.173463,37.853298,1129.6412256,-49.275,5.652,155.371,1.0
34.8,128.173489,37.853242,1129.80216,-49.022,5.814,155.169,1.0
34.8166,128.173516,37.853187,1129.9816872000001,-48.765,5.973,154.966,1.0
34.8333,128.173543,37.853132,1130.178588,-48.523,6.142,154.771,1.0
34.85,128.17357,37.853077,1130.393472,-48.304,6.323,154.588,1.0
34.8666,128.173598,37.853022,1130.6272536000001,-48.085,6.508,154.409,1.0
34.8833,128.173626,37.852967,1130.8796280000001,-47.841,6.688,154.226,1.0
34.9,128.173654,37.852912,1131.1509,-47.568,6.862,154.036,1.0
34.9166,128.173682,37.852857,1131.4407648000001,-47.284,7.031,153.843,1.0
34.9333,128.17371,37.852803,1131.7489176000001,-47.01,7.205,153.655,1.0
34.95,128.173739,37.852748,1132.075968,-46.754,7.387,153.474,1.0
34.9666,128.173768,37.852694,1132.421916,-46.507,7.572,153.298,1.0
34.9833,128.173797,37.852639,1132.7867616,-46.251,7.757,153.121,1.0
35.0,128.173826,37.852585,1133.1708096,-45.977,7.939,152.941,1.0
35.0166,128.173856,37.852531,1133.57406,-45.693,8.118,152.758,1.0
35.0333,128.173885,37.852477,1133.9959032,-45.412,8.299,152.577,1.0
35.05,128.173915,37.852424,1134.4372536,-45.141,8.484,152.401,1.0
35.0666,128.173945,37.85237,1134.8978064,-44.877,8.673,152.229,1.0
35.0833,128.173975,37.852317,1135.3778664000001,-44.61,8.861,152.057,1.0
35.1,128.174006,37.852263,1135.8774336000001,-44.335,9.049,151.884,1.0
35.1166,128.174037,37.85221,1136.3962032,-44.053,9.235,151.71,1.0
35.1333,128.174067,37.852157,1136.9344800000001,-43.769,9.423,151.537,1.0
35.15,128.174099,37.852104,1137.4925688,-43.49,9.613,151.368,1.0
35.1666,128.17413,37.852051,1138.0701648000002,-43.214,9.806,151.201,1.0
35.1833,128.174161,37.851998,1138.667268,-42.937,9.999,151.035,1.0
35.2,128.174193,37.851945,1139.284488,-42.655,10.191,150.869,1.0
35.2166,128.174225,37.851893,1139.9218248,-42.37,10.383,150.703,1.0
35.2333,128.174257,37.85184,1140.5786688,-42.085,10.577,150.538,1.0
35.25,128.174289,37.851788,1141.2556296,-41.805,10.772,150.375,1.0
35.2666,128.174321,37.851736,1141.9527072,-41.529,10.968,150.214,1.0
35.2833,128.174353,37.851684,1142.6699016,-41.252,11.166,150.054,1.0
35.3,128.174386,37.851632,1143.4072128,-40.972,11.363,149.895,1.0
35.3166,128.174419,37.85158,1144.1646408000001,-40.691,11.56,149.735,1.0
35.3333,128.174452,37.851529,1144.9424904,-40.41,11.759,149.577,1.0
35.35,128.174485,37.851477,1145.7407616,-40.133,11.958,149.421,1.0
35.3666,128.174518,37.851426,1146.5591496000002,-39.857,12.159,149.266,1.0
35.3833,128.174552,37.851375,1147.398264,-39.582,12.361,149.113,1.0
35.4,128.174586,37.851323,1148.2574952,-39.305,12.563,148.96,1.0
35.4166,128.174619,37.851272,1149.1374528000001,-39.027,12.765,148.808,1.0
35.4333,128.174653,37.851222,1150.0381368,-38.749,12.968,148.656,1.0
35.45,128.174687,37.851171,1150.9592424,-38.472,13.172,148.507,1.0
35.4666,128.174722,37.85112,1151.9010744,-38.197,13.377,148.359,1.0
35.4833,128.174756,37.85107,1152.8636328,-37.921,13.582,148.212,1.0
35.5,128.174791,37.851019,1153.8469176,-37.643,13.788,148.065,1.0
35.5166,128.174825,37.850969,1154.8509288,-37.365,13.994,147.92,1.0
35.5333,128.17486,37.850919,1155.8756664,-37.088,14.201,147.775,1.0
35.55,128.174895,37.850869,1156.9217400000002,-36.813,14.409,147.632,1.0
35.5666,128.17493,37.850819,1157.9882352,-36.538,14.618,147.491,1.0
35.5833,128.174965,37.85077,1159.0760664,-36.263,14.827,147.35,1.0
35.6,128.175001,37.85072,1160.184624,-35.988,15.037,147.21,1.0
35.6166,128.175036,37.850671,1161.3142128,-35.711,15.247,147.071,1.0
35.6333,128.175072,37.850622,1162.4651376000002,-35.437,15.457,146.933,1.0
35.65,128.175108,37.850572,1163.6370936,-35.166,15.669,146.797,1.0
35.6666,128.175143,37.850523,1164.8300808000001,-34.897,15.881,146.661,1.0
35.6833,128.175179,37.850475,1166.044404,-34.628,16.093,146.527,1.0
35.7,128.175215,37.850426,1167.2797584,-34.359,16.307,146.394,1.0
35.7166,128.175252,37.850377,1168.5364488,-34.09,16.52,146.261,1.0
35.7333,128.175288,37.850329,1169.8144752,-33.825,16.734,146.13,1.0
35.75,128.175324,37.850281,1171.1138376000001,-33.564,16.948,145.999,1.0
35.7666,128.175361,37.850232,1172.4345360000002,-33.307,17.163,145.869,1.0
35.7833,128.175398,37.850184,1173.7765704,-33.051,17.379,145.741,1.0
35.8,128.175434,37.850136,1175.1399408,-32.797,17.595,145.614,1.0
35.8166,128.175471,37.850089,1176.5246472000001,-32.542,17.812,145.487,1.0
35.8333,128.175508,37.850041,1177.9309944000001,-32.291,18.029,145.362,1.0
35.85,128.175545,37.849994,1179.3589824,-32.044,18.246,145.236,1.0
35.8666,128.175582,37.849946,1180.8080016000001,-31.8,18.464,145.112,1.0
35.8833,128.17562,37.849899,1182.2786616,-31.559,18.682,144.989,1.0
35.9,128.175657,37.849852,1183.7706576,-31.32,18.901,144.868,1.0
35.9166,128.175694,37.849805,1185.2839896,-31.08,19.12,144.748,1.0
35.9333,128.175732,37.849758,1186.8192672,-30.845,19.34,144.627,1.0
35.95,128.175769,37.849712,1188.3758808,-30.614,19.559,144.507,1.0
35.9666,128.175807,37.849665,1189.9541352,-30.386,19.779,144.388,1.0
35.9833,128.175845,37.849619,1191.5537256,-30.162,20.0,144.27,1.0
36.0,128.175883,37.849572,1193.174652,-29.939,20.221,144.154,1.0
36.0166,128.175921,37.849526,1194.8172192,-29.716,20.443,144.039,1.0
36.0333,128.175959,37.84948,1196.48478,-29.659,20.645,143.887,1.0
36.05,128.175997,37.849435,1198.1758104,-29.761,20.828,143.698,1.0
36.0666,128.176035,37.849389,1199.8897008000001,-30.014,21.011,143.508,1.0
36.0833,128.176073,37.849344,1201.6270608,-30.404,21.211,143.349,1.0
36.1,128.176111,37.849298,1203.3848424,-30.877,21.429,143.221,1.0
36.1166,128.17615,37.849253,1205.1648744000001,-31.351,21.652,143.1,1.0
36.1333,128.176188,37.849208,1206.9705096,-31.966,21.856,142.946,1.0
36.15,128.176227,37.849163,1208.7999192,-32.704,22.04,142.75,1.0
36.1666,128.176265,37.849119,1210.651884,-33.56,22.218,142.542,1.0
36.1833,128.176304,37.849074,1212.5257944,-34.535,22.409,142.351,1.0
36.2,128.176343,37.84903,1214.4198216,-35.596,22.616,142.187,1.0
36.2166,128.176382,37.848986,1216.33488,-36.676,22.828,142.031,1.0
36.2333,128.176421,37.848942,1218.2694456000002,-37.596,23.037,141.871,1.0
36.25,128.17646,37.848898,1220.222604,-38.348,23.239,141.696,1.0
36.2666,128.176499,37.848855,1222.1940504,-38.987,23.429,141.501,1.0
36.2833,128.176538,37.848811,1224.1850040000002,-39.577,23.61,141.292,1.0
36.3,128.176578,37.848768,1226.19516,-40.174,23.788,141.079,1.0
36.3166,128.176617,37.848725,1228.2242136,-40.804,23.968,140.87,1.0
36.3333,128.176657,37.848682,1230.2691168,-41.359,24.156,140.675,1.0
36.35,128.176696,37.848639,1232.3310888,-41.828,24.35,140.491,1.0
36.3666,128.176736,37.848596,1234.4098248,-42.215,24.54,140.301,1.0
36.3833,128.176776,37.848554,1236.506544,-42.537,24.717,140.095,1.0
36.4,128.176816,37.848511,1238.6209416000002,-42.829,24.884,139.875,1.0
36.4166,128.176856,37.848469,1240.752408,-43.127,25.048,139.651,1.0
36.4333,128.176896,37.848427,1242.8985048000002,-43.415,25.218,139.437,1.0
36.45,128.176936,37.848386,1245.0616704000001,-43.695,25.394,139.235,1.0
36.4666,128.176977,37.848344,1247.2412952,-43.957,25.571,139.035,1.0
36.4833,128.177017,37.848302,1249.437684,-44.191,25.743,138.829,1.0
36.5,128.177058,37.848261,1251.650532,-44.403,25.907,138.614,1.0
36.5166,128.177098,37.84822,1253.8798392,-44.607,26.067,138.393,1.0
36.5333,128.177139,37.848179,1256.1240816,-44.811,26.23,138.179,1.0
36.55,128.17718,37.848138,1258.3844784,-45.02,26.4,137.972,1.0
36.5666,128.177221,37.848098,1260.6607248,-45.228,26.572,137.769,1.0
36.5833,128.177262,37.848057,1262.9531256,-45.422,26.741,137.563,1.0
36.6,128.177303,37.848017,1265.261376,-45.599,26.904,137.351,1.0
36.6166,128.177344,37.847977,1267.5851711999999,-45.77,27.063,137.134,1.0
36.6333,128.177386,37.847937,1269.9242064,-45.939,27.225,136.919,1.0
36.65,128.177427,37.847897,1272.2784816,-46.114,27.389,136.709,1.0
36.6666,128.177469,37.847858,1274.6483016000002,-46.291,27.556,136.502,1.0
36.6833,128.17751,37.847819,1277.0333616,-46.462,27.72,136.292,1.0
36.7,128.177552,37.847779,1279.4339664000001,-46.625,27.881,136.08,1.0
36.7166,128.177594,37.84774,1281.8492016000002,-46.782,28.04,135.864,1.0
36.7333,128.177636,37.847702,1284.2793720000002,-46.939,28.199,135.649,1.0
36.75,128.177678,37.847663,1286.7244776000002,-47.1,28.36,135.436,1.0
36.7666,128.17772,37.847625,1289.1845184000001,-47.262,28.522,135.224,1.0
36.7833,128.177762,37.847586,1291.6591896,-47.422,28.683,135.011,1.0
36.8,128.177804,37.847548,1294.1484912,-47.577,28.841,134.796,1.0
36.8166,128.177846,37.84751,1296.6524232000002,-47.73,28.998,134.579,1.0
36.8333,128.177889,37.847473,1299.1706808000001,-47.884,29.155,134.362,1.0
36.85,128.177931,37.847435,1301.7032640000002,-48.041,29.313,134.146,1.0
36.8666,128.177974,37.847398,1304.2501728,-48.199,29.472,133.931,1.0
36.8833,128.178016,37.847361,1306.8111024000002,-48.356,29.629,133.715,1.0
36.9,128.178059,37.847324,1309.3863575999999,-48.51,29.785,133.497,1.0
36.9166,128.178102,37.847287,1311.9756336,-48.663,29.939,133.278,1.0
36.9333,128.178145,37.847251,1314.5786256,-48.818,30.093,133.058,1.0
36.95,128.178188,37.847214,1317.1953336,-48.976,30.248,132.84,1.0
36.9666,128.178231,37.847178,1319.8260624,-49.137,30.403,132.622,1.0
36.9833,128.178274,37.847142,1322.4705072000002,-49.297,30.557,132.402,1.0
37.0,128.178317,37.847106,1325.1283632,-49.455,30.71,132.182,1.0
37.0166,128.178361,37.847071,1327.7996304,-49.613,30.861,131.96,1.0
37.0333,128.178404,37.847035,1330.4846136,-49.773,31.012,131.737,1.0
37.05,128.178448,37.847,1333.1823984,-49.936,31.164,131.515,1.0
37.0666,128.178491,37.846965,1335.8938992,-50.1,31.315,131.293,1.0
37.0833,128.178535,37.84693,1338.6182016000002,-50.265,31.466,131.07,1.0
37.1,128.178579,37.846895,1341.3556104000002,-50.428,31.615,130.846,1.0
37.1166,128.178622,37.846861,1344.1061256,-50.592,31.762,130.62,1.0
37.1333,128.178666,37.846827,1346.8694424000003,-50.756,31.91,130.394,1.0
37.15,128.17871,37.846793,1349.6452560000002,-50.919,32.057,130.167,1.0
37.1666,128.178754,37.846759,1352.4338711999999,-51.083,32.203,129.94,1.0
37.1833,128.178798,37.846725,1355.235288,-51.248,32.349,129.712,1.0
37.2,128.178842,37.846692,1358.0488968000002,-51.413,32.494,129.483,1.0
37.2166,128.178887,37.846658,1360.8750024,-51.578,32.638,129.253,1.0
37.2333,128.178931,37.846625,1363.7136048000002,-51.741,32.781,129.023,1.0
37.25,128.178975,37.846592,1366.5640944000002,-51.902,32.924,128.793,1.0
37.2666,128.17902,37.846559,1369.426776,-52.062,33.067,128.562,1.0
37.2833,128.179064,37.846527,1372.3016496,-52.22,33.208,128.329,1.0
37.3,128.179109,37.846495,1375.1884104,-52.379,33.349,128.096,1.0
37.3166,128.179153,37.846462,1378.0870584000002,-52.538,33.488,127.862,1.0
37.3333,128.179198,37.846431,1380.9972888000002,-52.694,33.628,127.628,1.0
37.35,128.179243,37.846399,1383.9194064,-52.848,33.767,127.394,1.0
37.3666,128.179287,37.846367,1386.8528016000002,-52.999,33.905,127.159,1.0
37.3833,128.179332,37.846336,1389.798084,-53.149,34.043,126.923,1.0
37.4,128.179377,37.846305,1392.754644,-53.299,34.179,126.686,1.0
37.4166,128.179422,37.846274,1395.7227864000001,-53.449,34.315,126.448,1.0
37.4333,128.179467,37.846243,1398.7019016000002,-53.594,34.45,126.21,1.0
37.45,128.179512,37.846212,1401.6922944,-53.735,34.585,125.972,1.0
37.4666,128.179557,37.846182,1404.69366,-53.872,34.72,125.734,1.0
37.4833,128.179603,37.846152,1407.7063032,-54.008,34.854,125.495,1.0
37.5,128.179648,37.846122,1410.7296144,-54.142,34.987,125.254,1.0
37.5166,128.179693,37.846092,1413.7642032,-54.276,35.119,125.013,1.0
37.5333,128.179739,37.846063,1416.8091551999999,-54.405,35.25,124.772,1.0
37.55,128.179784,37.846033,1419.8647752000002,-54.529,35.382,124.531,1.0
37.5666,128.17983,37.846004,1422.931368,-54.651,35.513,124.29,1.0
37.5833,128.179875,37.845975,1426.0083240000001,-54.769,35.644,124.048,1.0
37.6,128.179921,37.845946,1429.0959480000001,-54.886,35.773,123.804,1.0
37.6166,128.179966,37.845918,1432.19424,-55.004,35.902,123.561,1.0
37.6333,128.180012,37.845889,1435.3022856000002,-55.115,36.03,123.317,1.0
37.65,128.180058,37.845861,1438.4209992,-55.222,36.159,123.073,1.0
37.6666,128.180103,37.845833,1441.5497712,-55.324,36.287,122.83,1.0
37.6833,128.180149,37.845805,1444.6886016,-55.424,36.415,122.585,1.0
37.7,128.180195,37.845778,1447.8377952,-55.522,36.542,122.34,1.0
37.7166,128.180241,37.84575,1450.9970472,-55.62,36.667,122.093,1.0
37.7333,128.180287,37.845723,1454.1660528000002,-55.713,36.793,121.847,1.0
37.75,128.180333,37.845696,1457.3451168,-55.801,36.919,121.602,1.0
37.7666,128.180379,37.845669,1460.5339344000001,-55.887,37.045,121.356,1.0
37.7833,128.180425,37.845642,1463.7325056,-55.969,37.17,121.109,1.0
37.8,128.180471,37.845616,1466.9411352,-56.051,37.294,120.862,1.0
37.8166,128.180517,37.84559,1470.1592136000002,-56.132,37.417,120.614,1.0
37.8333,128.180564,37.845564,1473.3867408,-56.207,37.541,120.366,1.0
37.85,128.18061,37.845538,1476.6240216,-56.278,37.664,120.118,1.0
37.8666,128.180656,37.845512,1479.8707512,-56.346,37.788,119.871,1.0
37.8833,128.180702,37.845487,1483.1269296,-56.411,37.911,119.622,1.0
37.9,128.180749,37.845462,1486.3925568,-56.474,38.033,119.373,1.0
37.9166,128.180795,37.845437,1489.6676328,-56.537,38.155,119.124,1.0
37.9333,128.180841,37.845412,1492.9515480000002,-56.595,38.277,118.874,1.0
37.95,128.180888,37.845387,1496.2449119999999,-56.649,38.399,118.625,1.0
37.9666,128.180934,37.845363,1499.5477248,-56.7,38.52,118.376,1.0
37.9833,128.180981,37.845339,1502.8596816,-56.748,38.642,118.126,1.0
38.0,128.181027,37.845315,1506.1804776000001,-56.795,38.763,117.876,1.0
38.0166,128.181074,37.845291,1509.5107224,-56.841,38.883,117.625,1.0
38.0333,128.18112,37.845267,1512.8495016000002,-56.883,39.004,117.375,1.0
38.05,128.181167,37.845244,1516.1974248000001,-56.922,39.125,117.125,1.0
38.0666,128.181214,37.84522,1519.5541872000001,-56.957,39.247,116.875,1.0
38.0833,128.18126,37.845197,1522.9197888,-56.99,39.368,116.625,1.0
38.1,128.181307,37.845175,1526.2945344000002,-57.02,39.488,116.374,1.0
38.1166,128.181353,37.845152,1529.6781192,-57.05,39.608,116.123,1.0
38.1333,128.1814,37.845129,1533.0699336,-57.076,39.728,115.872,1.0
38.15,128.181447,37.845107,1536.470892,-57.099,39.849,115.621,1.0
38.1666,128.181494,37.845085,1539.8803848,-57.12,39.971,115.371,1.0
38.1833,128.18154,37.845063,1543.2984119999999,-57.138,40.091,115.12,1.0
38.2,128.181587,37.845042,1546.7252784,-57.154,40.212,114.869,1.0
38.2166,128.181634,37.84502,1550.1606792,-57.17,40.331,114.617,1.0
38.2333,128.18168,37.844999,1553.6043096000003,-57.182,40.452,114.365,1.0
38.25,128.181727,37.844978,1557.0567792,-57.192,40.573,114.114,1.0
38.2666,128.181774,37.844957,1560.5174784,-57.201,40.694,113.863,1.0
38.2833,128.181821,37.844936,1563.986712,-57.207,40.814,113.612,1.0
38.3,128.181867,37.844916,1567.4641752000002,-57.212,40.935,113.36,1.0
38.3166,128.181914,37.844896,1570.9501728,-57.217,41.055,113.107,1.0
38.3333,128.181961,37.844875,1574.4444,-57.217,41.175,112.855,1.0
38.35,128.182008,37.844856,1577.9468568,-57.213,41.296,112.604,1.0
38.3666,128.182055,37.844836,1581.4578480000002,-57.207,41.418,112.353,1.0
38.3833,128.182101,37.844816,1584.9767640000002,-57.198,41.539,112.101,1.0
38.4,128.182148,37.844797,1588.5039096000003,-57.187,41.659,111.848,1.0
38.4166,128.182195,37.844778,1592.0395896,-57.175,41.78,111.596,1.0
38.4333,128.182242,37.844759,1595.5828896,-57.16,41.901,111.343,1.0
38.45,128.182288,37.84474,1599.1344192000001,-57.141,42.022,111.092,1.0
38.4666,128.182335,37.844722,1602.6941784,-57.12,42.144,110.84,1.0
38.4833,128.182382,37.844703,1606.2618624000002,-57.098,42.265,110.588,1.0
38.5,128.182429,37.844685,1609.837776,-57.073,42.387,110.335,1.0
38.5166,128.182475,37.844667,1613.4216144,-57.048,42.508,110.082,1.0
38.5333,128.182522,37.84465,1617.0130728000001,-57.017,42.629,109.83,1.0
38.55,128.182569,37.844632,1620.6127608,-56.982,42.752,109.578,1.0
38.5666,128.182615,37.844615,1624.2203736000001,-56.943,42.874,109.327,1.0
38.5833,128.182662,37.844598,1627.8359112,-56.9,42.997,109.075,1.0
38.6,128.182709,37.844581,1631.4590688,-56.856,43.119,108.822,1.0
38.6166,128.182755,37.844564,1635.0904560000001,-56.81,43.241,108.569,1.0
38.6333,128.182802,37.844547,1638.7294632,-56.759,43.364,108.317,1.0
38.65,128.182848,37.844531,1642.3760904,-56.703,43.487,108.066,1.0
38.6666,128.182895,37.844515,1646.0306424000003,-56.643,43.611,107.815,1.0
38.6833,128.182942,37.844499,1649.6931192,-56.58,43.735,107.563,1.0
38.7,128.182988,37.844483,1653.3632160000002,-56.515,43.858,107.311,1.0
38.7166,128.183035,37.844467,1657.0409328,-56.449,43.982,107.059,1.0
38.7333,128.183081,37.844452,1660.7265744000001,-56.377,44.106,106.808,1.0
38.75,128.183127,37.844436,1664.4195312000002,-56.301,44.231,106.557,1.0
38.7666,128.183174,37.844421,1668.1207176000003,-56.222,44.356,106.306,1.0
38.7833,128.18322,37.844406,1671.8292192000001,-56.139,44.482,106.055,1.0
38.8,128.183266,37.844392,1675.5453408,-56.055,44.607,105.804,1.0
38.8166,128.183313,37.844377,1679.2693872,-55.969,44.733,105.553,1.0
38.8333,128.183359,37.844363,1683.0007488,-55.875,44.859,105.303,1.0
38.85,128.183405,37.844349,1686.7397304,-55.774,44.986,105.053,1.0
38.8666,128.183451,37.844335,1690.4863320000002,-55.667,45.114,104.804,1.0
38.8833,128.183497,37.844321,1694.2405536,-55.555,45.242,104.555,1.0
38.9,128.183543,37.844307,1698.0023952,-55.44,45.369,104.305,1.0
38.9166,128.183589,37.844294,1701.7718568,-55.323,45.497,104.055,1.0
38.9333,128.183635,37.844281,1705.5486336,-55.198,45.625,103.807,1.0
38.95,128.183681,37.844268,1709.3333352000002,-55.068,45.755,103.559,1.0
38.9666,128.183727,37.844255,1713.1250472,-54.933,45.885,103.312,1.0
38.9833,128.183773,37.844242,1716.924684,-54.793,46.016,103.064,1.0
39.0,128.183819,37.84423,1720.7319408,-54.651,46.146,102.817,1.0
39.0166,128.183865,37.844217,1724.5465128,-54.507,46.277,102.569,1.0
39.0333,128.18391,37.844205,1728.3687048000002,-54.356,46.408,102.323,1.0
39.05,128.183956,37.844193,1732.198212,-54.199,46.541,102.077,1.0
39.0666,128.184001,37.844182,1736.0353392000002,-54.038,46.674,101.832,1.0
39.0833,128.184047,37.84417,1739.8800864000002,-53.873,46.807,101.586,1.0
39.1,128.184092,37.844159,1743.7324536,-53.705,46.941,101.341,1.0
39.1166,128.184138,37.844147,1747.5924408,-53.535,47.075,101.096,1.0
39.1333,128.184183,37.844136,1751.4594384,-53.359,47.209,100.852,1.0
39.15,128.184228,37.844125,1755.3343608,-53.177,47.345,100.609,1.0
39.1666,128.184273,37.844115,1759.2165984,-52.99,47.481,100.366,1.0
39.1833,128.184318,37.844104,1763.1064560000002,-52.8,47.618,100.123,1.0
39.2,128.184364,37.844094,1767.0039336,-52.607,47.755,99.881,1.0
39.2166,128.184408,37.844083,1770.9090312000003,-52.413,47.893,99.638,1.0
39.2333,128.184453,37.844073,1774.821444,-52.212,48.031,99.397,1.0
39.25,128.184498,37.844064,1778.7414767999999,-52.005,48.17,99.157,1.0
39.2666,128.184543,37.844054,1782.6688248,-51.795,48.31,98.917,1.0
39.2833,128.184588,37.844044,1786.6040976000002,-51.581,48.451,98.677,1.0
39.3,128.184632,37.844035,1790.5466856000003,-51.364,48.592,98.438,1.0
39.3166,128.184677,37.844026,1794.4968936000002,-51.146,48.734,98.199,1.0
39.3333,128.184721,37.844017,1798.4544168,-50.921,48.876,97.961,1.0
39.35,128.184765,37.844008,1802.4198648000001,-50.689,49.02,97.724,1.0
39.3666,128.18481,37.843999,1806.392628,-50.452,49.164,97.488,1.0
39.3833,128.184854,37.843991,1810.3730112,-50.212,49.309,97.252,1.0
39.4,128.184898,37.843982,1814.3610144,-49.969,49.454,97.017,1.0
39.4166,128.184942,37.843974,1818.3563328,-49.723,49.6,96.782,1.0
39.4333,128.184986,37.843966,1822.359576,-49.471,49.747,96.548,1.0
39.45,128.185029,37.843958,1826.3701344,-49.214,49.895,96.315,1.0
39.4666,128.185073,37.843951,1830.3883128000002,-48.952,50.044,96.083,1.0
39.4833,128.185117,37.843943,1834.414416,-48.686,50.194,95.852,1.0
39.5,128.18516,37.843936,1838.4478344000001,-48.417,50.344,95.621,1.0
39.5166,128.185203,37.843928,1842.4888728,-48.147,50.495,95.391,1.0
39.5333,128.185247,37.843921,1846.5381408,-47.894,50.646,95.16,1.0
39.55,128.18529,37.843914,1850.5953336,-47.659,50.797,94.929,1.0
39.5666,128.185333,37.843908,1854.6601464,-47.438,50.949,94.698,1.0
39.5833,128.185376,37.843901,1858.7325792,-47.226,51.102,94.469,1.0
39.6,128.185419,37.843895,1862.8126320000001,-47.019,51.257,94.241,1.0
39.6166,128.185461,37.843888,1866.9003048000002,-46.815,51.413,94.014,1.0
39.6333,128.185504,37.843882,1870.996512,-46.678,51.567,93.782,1.0
39.65,128.185546,37.843876,1875.1012536,-46.604,51.719,93.544,1.0
39.6666,128.185589,37.84387,1879.2136152000003,-46.579,51.871,93.305,1.0
39.6833,128.185631,37.843865,1883.3339016000002,-46.59,52.025,93.068,1.0
39.7,128.185673,37.843859,1887.461808,-46.624,52.182,92.834,1.0
39.7166,128.185715,37.843854,1891.5973344000001,-46.671,52.34,92.601,1.0
39.7333,128.185757,37.843849,1895.7398712,-46.716,52.499,92.366,1.0
39.75,128.185799,37.843843,1899.8903328000001,-46.756,52.658,92.13,1.0
39.7666,128.18584,37.843839,1904.0481096000003,-46.791,52.816,91.891,1.0
39.7833,128.185882,37.843834,1908.2132016000003,-46.824,52.973,91.65,1.0
39.8,128.185923,37.843829,1912.3856088,-46.855,53.13,91.407,1.0
39.8166,128.185964,37.843825,1916.5653312000002,-46.888,53.286,91.164,1.0
39.8333,128.186006,37.84382,1920.7514544,-46.9,53.443,90.922,1.0
39.85,128.186047,37.843816,1924.9448928,-46.892,53.601,90.682,1.0
39.8666,128.186087,37.843812,1929.1456464,-46.87,53.758,90.441,1.0
39.8833,128.186128,37.843808,1933.3531056000002,-46.837,53.915,90.199,1.0
39.9,128.186169,37.843804,1937.5678800000003,-46.797,54.071,89.954,1.0
39.9166,128.186209,37.843801,1941.7896648,-46.756,54.227,89.707,1.0
39.9333,128.18625,37.843797,1946.0175456000002,-46.688,54.384,89.46,1.0
39.95,128.18629,37.843794,1950.2527416,-46.596,54.543,89.214,1.0
39.9666,128.18633,37.843791,1954.4943384,-46.486,54.702,88.967,1.0
39.9833,128.18637,37.843787,1958.7429456000002,-46.364,54.861,88.719,1.0
40.0,128.18641,37.843784,1962.9985632,-46.233,55.02,88.469,1.0
40.0166,128.18645,37.843782,1967.2608864000001,-46.098,55.179,88.217,1.0
40.0333,128.186489,37.843779,1971.5293056,-45.936,55.339,87.967,1.0
40.05,128.186529,37.843776,1975.8047352,-45.75,55.5,87.719,1.0
40.0666,128.186568,37.843774,1980.0868704000002,-45.545,55.663,87.472,1.0
40.0833,128.186607,37.843772,1984.3757112,-45.327,55.825,87.224,1.0
40.1,128.186646,37.843769,1988.6709528000001,-45.1,55.987,86.974,1.0
40.1166,128.186685,37.843767,1992.9735096000002,-44.868,56.15,86.724,1.0
40.1333,128.186724,37.843765,1997.2818576,-44.614,56.314,86.476,1.0
40.15,128.186763,37.843764,2001.5972160000001,-44.34,56.48,86.23,1.0
40.1666,128.186801,37.843762,2005.9192800000003,-44.051,56.646,85.985,1.0
40.1833,128.18684,37.84376,2010.2480496,-43.751,56.813,85.74,1.0
40.2,128.186878,37.843759,2014.58322,-43.443,56.981,85.496,1.0
40.2166,128.186916,37.843757,2018.9254008,-43.13,57.149,85.251,1.0
40.2333,128.186954,37.843756,2023.2739824,-42.799,57.319,85.008,1.0
40.25,128.186991,37.843755,2027.6292696000003,-42.453,57.49,84.768,1.0
40.2666,128.187029,37.843754,2031.9912624,-42.093,57.663,84.529,1.0
40.2833,128.187067,37.843753,2036.3599608,-41.725,57.836,84.291,1.0
40.3,128.187104,37.843753,2040.7353648,-41.349,58.01,84.054,1.0
40.3166,128.187141,37.843752,2045.1174744000002,-40.968,58.186,83.817,1.0
40.3333,128.187178,37.843751,2049.5062896,-40.576,58.362,83.583,1.0
40.35,128.187215,37.843751,2053.9018104,-40.176,58.541,83.351,1.0
40.3666,128.187252,37.843751,2058.3043416,-39.768,58.72,83.12,1.0
40.3833,128.187288,37.84375,2062.7132736,-39.354,58.901,82.891,1.0
40.4,128.187324,37.84375,2067.1292160000003,-38.935,59.083,82.663,1.0
40.4166,128.187361,37.84375,2071.5515592,-38.512,59.267,82.437,1.0
40.4333,128.187397,37.84375,2075.9809128,-38.083,59.451,82.213,1.0
40.45,128.187432,37.843751,2080.416972,-37.649,59.638,81.991,1.0
40.4666,128.187468,37.843751,2084.8600416,-37.209,59.825,81.771,1.0
40.4833,128.187504,37.843751,2089.309512,-36.765,60.015,81.553,1.0
40.5,128.187539,37.843752,2093.7659928,-36.318,60.205,81.337,1.0
40.5166,128.187574,37.843752,2098.2291792,-35.866,60.397,81.123,1.0
40.5333,128.187609,37.843753,2102.699376,-35.407,60.59,80.911,1.0
40.55,128.187644,37.843754,2107.1759736,-34.942,60.785,80.702,1.0
40.5666,128.187679,37.843755,2111.6592768,-34.472,60.982,80.496,1.0
40.5833,128.187713,37.843756,2116.1495904,-33.996,61.179,80.292,1.0
40.6,128.187747,37.843757,2120.6466096000004,-33.515,61.378,80.09,1.0
40.6166,128.187781,37.843758,2125.1503344000002,-33.029,61.579,79.891,1.0
40.6333,128.187815,37.843759,2129.6607648,-32.536,61.781,79.694,1.0
40.65,128.187849,37.84376,2134.1779008,-32.034,61.984,79.502,1.0
40.6666,128.187883,37.843761,2138.7020472,-31.526,62.189,79.312,1.0
40.6833,128.187916,37.843763,2143.2325944,-31.011,62.395,79.125,1.0
40.7,128.187949,37.843764,2147.7698472,-30.491,62.602,78.941,1.0
40.7166,128.187982,37.843766,2152.3138056000003,-29.965,62.811,78.76,1.0
40.7333,128.188015,37.843767,2156.8647744000004,-29.444,63.021,78.582,1.0
40.75,128.188048,37.843769,2161.4224488,-28.928,63.231,78.405,1.0
40.7666,128.18808,37.843771,2165.9868288000002,-28.414,63.444,78.232,1.0
40.7833,128.188112,37.843773,2170.5579144,-27.901,63.658,78.064,1.0
40.8,128.188144,37.843774,2175.1357056,-27.386,63.873,77.899,1.0
40.8166,128.188176,37.843776,2179.7198976,-26.868,64.09,77.739,1.0
40.8333,128.188208,37.843778,2184.3114048,-26.382,64.307,77.578,1.0
40.85,128.188239,37.84378,2188.9099224,-25.925,64.525,77.415,1.0
40.8666,128.18827,37.843783,2193.5151456000003,-25.49,64.745,77.255,1.0
40.8833,128.188301,37.843785,2198.1267696,-25.069,64.966,77.1,1.0
40.9,128.188332,37.843787,2202.7450992000004,-24.656,65.189,76.951,1.0
40.9166,128.188363,37.843789,2207.3698296000002,-24.246,65.413,76.807,1.0
40.9333,128.188393,37.843791,2212.0012656,-23.844,65.639,76.665,1.0
40.95,128.188423,37.843794,2216.6394072000003,-23.448,65.865,76.525,1.0
40.9666,128.188453,37.843796,2221.2836448000003,-23.055,66.093,76.386,1.0
40.9833,128.188483,37.843799,2225.9342832,-22.663,66.321,76.251,1.0
41.0,128.188512,37.843801,2230.5913224,-22.27,66.55,76.118,1.0
41.0166,128.188542,37.843803,2235.2547624,-21.876,66.78,75.989,1.0
41.0333,128.188571,37.843806,2239.9239936000004,-21.473,67.011,75.865,1.0
41.05,128.1886,37.843809,2244.5996256,-21.061,67.242,75.745,1.0
41.0666,128.188629,37.843811,2249.2813536000003,-20.641,67.474,75.628,1.0
41.0833,128.188657,37.843814,2253.9691776,-20.213,67.706,75.514,1.0
41.1,128.188685,37.843816,2258.6630976,-19.78,67.939,75.403,1.0
41.1166,128.188713,37.843819,2263.3628088,-19.342,68.172,75.296,1.0
41.1333,128.188741,37.843822,2268.0680064,-18.872,68.406,75.197,1.0
41.15,128.188769,37.843825,2272.7789952,-18.372,68.64,75.107,1.0
41.1666,128.188797,37.843827,2277.4957752,-17.847,68.875,75.022,1.0
41.1833,128.188824,37.84383,2282.2183464,-17.304,69.111,74.942,1.0
41.2,128.188851,37.843833,2286.9467088,-16.746,69.346,74.864,1.0
41.2166,128.188878,37.843836,2291.6805576,-16.177,69.582,74.791,1.0
41.2333,128.188904,37.843838,2296.419588,-15.568,69.818,74.729,1.0
41.25,128.188931,37.843841,2301.1641048,-14.921,70.054,74.68,1.0
41.2666,128.188957,37.843844,2305.9138032,-14.243,70.291,74.64,1.0
41.2833,128.188983,37.843847,2310.6692928,-13.541,70.529,74.607,1.0
41.3,128.189009,37.84385,2315.4296592,-12.819,70.766,74.581,1.0
41.3166,128.189035,37.843853,2320.1958168,-12.081,71.004,74.562,1.0
41.3333,128.18906,37.843856,2324.9668512000003,-11.321,71.242,74.554,1.0
41.35,128.189085,37.843858,2329.7433720000004,-10.54,71.48,74.558,1.0
41.3666,128.18911,37.843861,2334.5247696,-9.74,71.719,74.574,1.0
41.3833,128.189135,37.843864,2339.3113488,-8.923,71.958,74.603,1.0
41.4,128.18916,37.843867,2344.1028048000003,-8.088,72.198,74.644,1.0
41.4166,128.189184,37.84387,2348.8994424,-7.237,72.438,74.699,1.0
41.4333,128.189208,37.843872,2353.7012616,-6.379,72.678,74.765,1.0
41.45,128.189232,37.843875,2358.5079576,-5.515,72.919,74.844,1.0
41.4666,128.189256,37.843878,2363.3195304,-4.641,73.16,74.938,1.0
41.4833,128.18928,37.843881,2368.1356752,-3.754,73.401,75.049,1.0
41.5,128.189303,37.843883,2372.9566968000004,-2.851,73.643,75.178,1.0
41.5166,128.189326,37.843886,2377.7822904,-1.931,73.885,75.326,1.0
41.5333,128.189349,37.843889,2382.6127608,-1.009,74.127,75.489,1.0
41.55,128.189372,37.843891,2387.4474984,-0.083,74.369,75.667,1.0
41.5666,128.189394,37.843894,2392.2868080000003,0.851,74.612,75.864,1.0
41.5833,128.189416,37.843897,2397.1303848000002,1.799,74.853,76.082,1.0
41.6,128.189439,37.843899,2401.9782288,2.765,75.095,76.324,1.0
41.6166,128.18946,37.843902,2406.83034,3.752,75.336,76.589,1.0
41.6333,128.189482,37.843904,2411.6870232,4.749,75.577,76.875,1.0
41.65,128.189503,37.843906,2416.547364,5.757,75.818,77.183,1.0
41.6666,128.189525,37.843909,2421.4116672,6.783,76.057,77.514,1.0
41.6833,128.189546,37.843911,2426.2799328,7.829,76.296,77.872,1.0
41.7,128.189566,37.843913,2431.1521608,8.9,76.533,78.258,1.0
41.7166,128.189587,37.843916,2436.0277416,9.997,76.769,78.674,1.0
41.7333,128.189607,37.843918,2440.9072848,11.11,77.004,79.116,1.0
41.75,128.189628,37.84392,2445.7904856,12.24,77.238,79.586,1.0
41.7666,128.189647,37.843922,2450.6770392000003,13.392,77.47,80.086,1.0
41.7833,128.189667,37.843924,2455.5669456,14.572,77.7,80.62,1.0
41.8,128.189687,37.843926,2460.4602048,15.783,77.927,81.191,1.0
41.8166,128.189706,37.843927,2465.356512,17.029,78.153,81.8,1.0
41.8333,128.189725,37.843929,2470.2561720000003,18.297,78.376,82.444,1.0
41.85,128.189744,37.843931,2475.1585752,19.59,78.597,83.123,1.0
41.8666,128.189763,37.843933,2480.0640264000003,20.913,78.815,83.841,1.0
41.8833,128.189781,37.843934,2484.9725256,22.272,79.03,84.603,1.0
41.9,128.1898,37.843936,2489.8834632,23.672,79.242,85.411,1.0
41.9166,128.189818,37.843937,2494.797144,25.115,79.45,86.267,1.0
41.9333,128.189836,37.843938,2499.713568,26.594,79.654,87.168,1.0
41.95,128.189853,37.843939,2504.6321256,28.109,79.855,88.115,1.0
41.9666,128.189871,37.843941,2509.5534264,29.667,80.051,89.113,1.0
41.9833,128.189888,37.843942,2514.476556,31.272,80.242,90.163,1.0
42.0,128.189905,37.843943,2519.4021239999997,32.928,80.429,91.269,1.0
42.0166,128.189922,37.843944,2524.3295208000004,34.638,80.609,92.433,1.0
42.0333,128.189939,37.843944,2529.2590511999997,36.387,80.785,93.649,1.0
42.05,128.189956,37.843945,2534.1904104,38.177,80.955,94.92,1.0
42.0666,128.189972,37.843946,2539.1232936,40.015,81.119,96.248,1.0
42.0833,128.189988,37.843946,2544.0583103999998,41.905,81.276,97.638,1.0
42.1,128.190004,37.843947,2548.9945464,43.851,81.426,99.09,1.0
42.1166,128.19002,37.843947,2553.9323064,45.854,81.568,100.605,1.0
42.1333,128.190035,37.843947,2558.8712855999997,47.904,81.703,102.178,1.0
42.15,128.190051,37.843947,2563.8114840000003,49.999,81.83,103.807,1.0
42.1666,128.190066,37.843947,2568.7529016,52.142,81.948,105.494,1.0
42.1833,128.190081,37.843947,2573.6955384000003,54.334,82.058,107.237,1.0
42.2,128.190096,37.843947,2578.6390896000003,56.576,82.157,109.035,1.0
42.2166,128.19011,37.843947,2583.5832504000005,58.865,82.247,110.885,1.0
42.2333,128.190125,37.843946,2588.5283256000002,61.193,82.327,112.781,1.0
42.25,128.190139,37.843946,2593.4737056000004,63.557,82.397,114.719,1.0
42.2666,128.190153,37.843945,2598.42,65.952,82.456,116.694,1.0
42.2833,128.190167,37.843944,2603.3665992,68.375,82.504,118.701,1.0
42.3,128.190181,37.843944,2608.3135032000005,70.821,82.541,120.733,1.0
42.3166,128.190194,37.843943,2613.2604072000004,73.284,82.566,122.786,1.0
42.3333,128.190207,37.843942,2618.207616,75.754,82.581,124.85,1.0
42.35,128.190221,37.84394,2623.1548248,78.226,82.584,126.921,1.0
42.3666,128.190234,37.843939,2628.1020336,80.692,82.576,128.99,1.0
42.3833,128.190246,37.843938,2633.0489376,83.148,82.556,131.051,1.0
42.4,128.190259,37.843936,2637.9955368,85.586,82.525,133.097,1.0
42.4166,128.190271,37.843935,2642.9418312,88.001,82.483,135.122,1.0
42.4333,128.190284,37.843933,2647.8875160000002,90.387,82.43,137.12,1.0
42.45,128.190296,37.843931,2652.8325912,92.739,82.366,139.085,1.0
42.4666,128.190308,37.843929,2657.7770568,95.051,82.291,141.011,1.0
42.4833,128.190319,37.843927,2662.720608,97.32,82.207,142.895,1.0
42.5,128.190331,37.843925,2667.6635496,99.542,82.113,144.733,1.0
42.5166,128.190342,37.843922,2672.605272,101.714,82.009,146.52,1.0
42.5333,128.190354,37.84392,2677.5457752,103.831,81.897,148.257,1.0
42.55,128.190365,37.843917,2682.4850592000003,105.891,81.776,149.939,1.0
42.5666,128.190376,37.843914,2687.423124,107.894,81.646,151.567,1.0
42.5833,128.190386,37.843911,2692.3596648,109.838,81.509,153.138,1.0
42.6,128.190397,37.843908,2697.2946816,111.724,81.364,154.653,1.0
42.6166,128.190407,37.843905,2702.2281744,113.552,81.212,156.111,1.0
42.6333,128.190418,37.843902,2707.1598384,115.321,81.053,157.513,1.0
42.65,128.190428,37.843899,2712.0893688,117.033,80.888,158.861,1.0
42.6666,128.190438,37.843895,2717.0173752,118.689,80.717,160.154,1.0
42.6833,128.190448,37.843891,2721.943248,120.289,80.539,161.394,1.0
42.7,128.190457,37.843888,2726.8666824,121.836,80.357,162.581,1.0
42.7166,128.190467,37.843884,2731.7879832,123.332,80.169,163.718,1.0
42.7333,128.190476,37.84388,2736.7071504,124.777,79.976,164.806,1.0
42.75,128.190485,37.843875,2741.6235744,126.175,79.779,165.846,1.0
42.7666,128.190494,37.843871,2746.5378648,127.527,79.577,166.841,1.0
42.7833,128.190503,37.843867,2751.4491072,128.835,79.371,167.791,1.0
42.8,128.190512,37.843862,2756.3576064,130.1,79.162,168.699,1.0
42.8166,128.19052,37.843857,2761.2633624000005,131.325,78.949,169.567,1.0
42.8333,128.190529,37.843852,2766.1660704,132.511,78.732,170.395,1.0
42.85,128.190537,37.843847,2771.0657304000006,133.661,78.512,171.185,1.0
42.8666,128.190545,37.843842,2775.9623424,134.777,78.289,171.938,1.0
42.8833,128.190553,37.843837,2780.8556015999998,135.859,78.062,172.658,1.0
42.9,128.190561,37.843832,2785.745508,136.909,77.834,173.345,1.0
42.9166,128.190569,37.843826,2790.6320616000003,137.929,77.602,174.001,1.0
42.9333,128.190576,37.84382,2795.5149576000003,138.92,77.369,174.626,1.0
42.95,128.190584,37.843814,2800.394196,139.883,77.132,175.222,1.0
42.9666,128.190591,37.843808,2805.2697768,140.821,76.894,175.79,1.0
42.9833,128.190598,37.843802,2810.1410904,141.732,76.654,176.332,1.0
43.0,128.190605,37.843796,2815.0087464000003,142.62,76.411,176.849,1.0
43.0166,128.190612,37.843789,2819.87244,143.484,76.167,177.342,1.0
43.0333,128.190619,37.843783,2824.7315616,144.328,75.92,177.812,1.0
43.05,128.190625,37.843776,2829.5867208000004,145.151,75.672,178.258,1.0
43.0666,128.190632,37.843769,2834.4376128,145.954,75.422,178.684,1.0
43.0833,128.190638,37.843762,2839.283628,146.74,75.171,179.089,1.0
43.1,128.190644,37.843755,2844.1253760000004,147.507,74.918,179.475,1.0
43.1166,128.19065,37.843748,2848.9622472,148.257,74.664,179.843,1.0
43.1333,128.190656,37.84374,2853.7945464000004,148.992,74.408,180.192,1.0
43.15,128.190662,37.843733,2858.6219688,149.713,74.151,180.523,1.0
43.1666,128.190668,37.843725,2863.4445144,150.418,73.893,180.838,1.0
43.1833,128.190674,37.843717,2868.2615736000002,151.11,73.634,181.136,1.0
43.2,128.190679,37.843709,2873.073756,151.788,73.374,181.419,1.0
43.2166,128.190684,37.843701,2877.880452,152.453,73.114,181.688,1.0
43.2333,128.19069,37.843692,2882.6822712000003,153.108,72.852,181.942,1.0
43.25,128.190695,37.843684,2887.4782992,153.751,72.59,182.181,1.0
43.2666,128.1907,37.843675,2892.268536,154.383,72.327,182.407,1.0
43.2833,128.190705,37.843667,2897.0535912,155.006,72.063,182.62,1.0
43.3,128.19071,37.843658,2901.8325504000004,155.619,71.798,182.821,1.0
43.3166,128.190714,37.843648,2906.6057184,156.223,71.533,183.012,1.0
43.3333,128.190719,37.843639,2911.3727904,156.817,71.267,183.19,1.0
43.35,128.190723,37.84363,2916.1340712,157.403,71.001,183.358,1.0
43.3666,128.190728,37.84362,2920.8889512,157.98,70.734,183.515,1.0
43.3833,128.190732,37.84361,2925.6374304000005,158.548,70.467,183.661,1.0
43.4,128.190736,37.843601,2930.3798136,159.108,70.199,183.799,1.0
43.4166,128.19074,37.843591,2935.1154912,159.66,69.93,183.927,1.0
43.4333,128.190744,37.84358,2939.844768,160.205,69.661,184.046,1.0
43.45,128.190748,37.84357,2944.5673392000003,160.742,69.391,184.155,1.0
43.4666,128.190752,37.84356,2949.2832048,161.273,69.121,184.256,1.0
43.4833,128.190755,37.843549,2953.9920600000005,161.797,68.85,184.349,1.0
43.5,128.190759,37.843538,2958.6939048000004,162.314,68.579,184.435,1.0
43.5166,128.190762,37.843527,2963.3887392,162.825,68.308,184.512,1.0
43.5333,128.190766,37.843516,2968.0765632000002,163.33,68.036,184.582,1.0
43.55,128.190769,37.843505,2972.7573768,163.831,67.764,184.644,1.0
43.5666,128.190772,37.843493,2977.4305704000003,164.326,67.491,184.7,1.0
43.5833,128.190776,37.843482,2982.0961440000005,164.817,67.218,184.748,1.0
43.6,128.190779,37.84347,2986.7544024000003,165.303,66.945,184.79,1.0
43.6166,128.190782,37.843458,2991.4050408000003,165.784,66.671,184.826,1.0
43.6333,128.190784,37.843446,2996.0477544,166.258,66.398,184.857,1.0
43.65,128.190787,37.843434,3000.6828480000004,166.727,66.124,184.881,1.0
43.6666,128.19079,37.843421,3005.309712,167.189,65.849,184.9,1.0
43.6833,128.190793,37.843409,3009.9286512,167.646,65.575,184.914,1.0
43.7,128.190795,37.843396,3014.5396656000003,168.096,65.3,184.922,1.0
43.7166,128.190798,37.843383,3019.1421456000003,168.541,65.025,184.924,1.0
43.7333,128.1908,37.84337,3023.7367008000006,168.98,64.75,184.922,1.0
43.75,128.190803,37.843357,3028.3224168,169.413,64.474,184.914,1.0
43.7666,128.190805,37.843344,3032.8999032,169.84,64.199,184.903,1.0
43.7833,128.190807,37.84333,3037.4688552000002,170.263,63.923,184.886,1.0
43.8,128.190809,37.843317,3042.0292728,170.68,63.647,184.865,1.0
43.8166,128.190811,37.843303,3046.5808512,171.093,63.371,184.839,1.0
43.8333,128.190814,37.843289,3051.1238952,171.502,63.095,184.809,1.0
43.85,128.190816,37.843275,3055.6577952000002,171.906,62.818,184.775,1.0
43.8666,128.190817,37.84326,3060.182856,172.307,62.542,184.737,1.0
43.8833,128.190819,37.843246,3064.6990776000002,172.704,62.265,184.696,1.0
43.9,128.190821,37.843231,3069.2058504,173.097,61.989,184.65,1.0
43.9166,128.190823,37.843217,3073.7037840000003,173.487,61.712,184.601,1.0
43.9333,128.190825,37.843202,3078.1925736000003,173.875,61.436,184.548,1.0
43.95,128.190826,37.843187,3082.6719144000003,174.26,61.159,184.491,1.0
43.9666,128.190828,37.843171,3087.1418064,174.643,60.883,184.431,1.0
43.9833,128.19083,37.843156,3091.6022496,175.023,60.606,184.368,1.0
44.0,128.190831,37.84314,3096.053244,175.402,60.33,184.302,1.0
44.0166,128.190833,37.843125,3100.4947896000003,175.778,60.054,184.232,1.0
44.0333,128.190834,37.843109,3104.9265816,176.152,59.777,184.16,1.0
44.05,128.190836,37.843093,3109.3483152,176.524,59.501,184.084,1.0
44.0666,128.190837,37.843077,3113.7606,176.893,59.225,184.006,1.0
44.0833,128.190838,37.84306,3118.1628264,177.26,58.949,183.925,1.0
44.1,128.19084,37.843044,3122.5549944,177.625,58.674,183.841,1.0
44.1166,128.190841,37.843027,3126.937104,177.988,58.398,183.754,1.0
44.1333,128.190842,37.84301,3131.3088504,178.347,58.123,183.665,1.0
44.15,128.190843,37.842993,3135.6705384,178.703,57.847,183.574,1.0
44.1666,128.190845,37.842976,3140.0218632,179.056,57.572,183.48,1.0
44.1833,128.190846,37.842959,3144.3628248,179.407,57.297,183.383,1.0
44.2,128.190847,37.842941,3148.6931184,179.754,57.022,183.284,1.0
44.2166,128.190848,37.842924,3153.0130488000004,-179.9,56.747,183.183,1.0
44.2333,128.190849,37.842906,3157.3220064,-179.557,56.473,183.079,1.0
44.25,128.19085,37.842888,3161.6206008000004,-179.218,56.198,182.974,1.0
44.2666,128.190851,37.84287,3165.9082224,-178.88,55.924,182.866,1.0
44.2833,128.190852,37.842852,3170.1848712000005,-178.545,55.65,182.756,1.0
44.3,128.190853,37.842833,3174.450852,-178.211,55.376,182.643,1.0
44.3166,128.190855,37.842815,3178.7055552,-177.88,55.102,182.529,1.0
44.3333,128.190856,37.842796,3182.9492856,-177.551,54.829,182.413,1.0
44.35,128.190857,37.842777,3187.1817384,-177.224,54.556,182.295,1.0
44.3666,128.190858,37.842758,3191.4029136000004,-176.9,54.283,182.175,1.0
44.3833,128.190859,37.842739,3195.6128112,-176.578,54.01,182.053,1.0
44.4,128.19086,37.84272,3199.8111264,-176.258,53.737,181.93,1.0
44.4166,128.190861,37.8427,3203.998164,-175.94,53.465,181.805,1.0
44.4333,128.190862,37.842681,3208.1736192000003,-175.625,53.193,181.678,1.0
44.45,128.190863,37.842661,3212.3371872000002,-175.313,52.921,181.55,1.0
44.4666,128.190864,37.842641,3216.4891728000002,-175.003,52.65,181.42,1.0
44.4833,128.190865,37.842621,3220.6292712000004,-174.696,52.379,181.289,1.0
44.5,128.190866,37.842601,3224.7577872,-174.391,52.108,181.156,1.0
44.5166,128.190867,37.84258,3228.874416,-174.089,51.837,181.021,1.0
44.5333,128.190868,37.84256,3232.9788528000004,-173.789,51.567,180.885,1.0
44.55,128.190869,37.842539,3237.0714024000004,-173.49,51.297,180.747,1.0
44.5666,128.19087,37.842518,3241.15176,-173.194,51.027,180.608,1.0
44.5833,128.190871,37.842497,3245.2199256000004,-172.899,50.757,180.468,1.0
44.6,128.190872,37.842476,3249.2758992,-172.605,50.488,180.327,1.0
44.6166,128.190873,37.842455,3253.3196808,-172.313,50.22,180.183,1.0
44.6333,128.190874,37.842433,3257.3509656,-172.022,49.951,180.039,1.0
44.65,128.190875,37.842412,3261.3697536,-171.734,49.683,179.894,1.0
44.6666,128.190876,37.84239,3265.3763496,-171.447,49.415,179.748,1.0
44.6833,128.190878,37.842368,3269.3701440000004,-171.162,49.148,179.6,1.0
44.7,128.190879,37.842346,3273.3514416000003,-170.878,48.881,179.451,1.0
44.7166,128.19088,37.842324,3277.3202424,-170.595,48.614,179.301,1.0
44.7333,128.190881,37.842302,3281.2759368,-170.315,48.348,179.15,1.0
44.75,128.190883,37.842279,3285.2191344000003,-170.037,48.082,178.998,1.0
44.7666,128.190884,37.842257,3289.1492256,-169.761,47.817,178.845,1.0
44.7833,128.190885,37.842234,3293.06682,-169.486,47.551,178.691,1.0
44.8,128.190887,37.842211,3296.9710032000003,-169.214,47.287,178.536,1.0
44.8166,128.190888,37.842188,3300.8623848,-168.943,47.022,178.38,1.0
44.8333,128.19089,37.842165,3304.7406600000004,-168.674,46.758,178.223,1.0
44.85,128.190891,37.842142,3308.605524,-168.408,46.494,178.065,1.0
44.8666,128.190893,37.842118,3312.4572816,-168.144,46.231,177.906,1.0
44.8833,128.190894,37.842095,3316.2959328000006,-167.882,45.968,177.747,1.0
44.9,128.190896,37.842071,3320.1211728000003,-167.623,45.706,177.587,1.0
44.9166,128.190898,37.842047,3323.9330016,-167.365,45.444,177.425,1.0
44.9333,128.190899,37.842023,3327.7317239999998,-167.108,45.182,177.263,1.0
44.95,128.190901,37.841999,3331.5167304000006,-166.853,44.921,177.1,1.0
44.9666,128.190903,37.841975,3335.2883256000005,-166.598,44.66,176.936,1.0
44.9833,128.190905,37.84195,3339.0465096000003,-166.345,44.399,176.771,1.0
45.0,128.190907,37.841926,3342.7909776,-166.093,44.139,176.606,1.0
45.0166,128.190909,37.841901,3346.5220344000004,-165.841,43.88,176.44,1.0
45.0333,128.190911,37.841877,3350.2390704,-165.591,43.621,176.273,1.0
45.05,128.190913,37.841852,3353.9426952,-165.341,43.362,176.105,1.0
45.0666,128.190915,37.841827,3357.6322992,-165.093,43.104,175.937,1.0
45.0833,128.190917,37.841802,3361.3081872000002,-164.845,42.846,175.768,1.0
45.1,128.190919,37.841776,3364.9703592,-164.598,42.589,175.598,1.0
45.1166,128.190922,37.841751,3368.6185104,-164.352,42.332,175.428,1.0
45.1333,128.190924,37.841725,3372.2526408000003,-164.107,42.076,175.257,1.0
45.15,128.190926,37.8417,3375.8727504000003,-163.864,41.82,175.086,1.0
45.1666,128.190929,37.841674,3379.4788392000005,-163.622,41.564,174.914,1.0
45.1833,128.190931,37.841648,3383.0709072000004,-163.381,41.309,174.741,1.0
45.2,128.190934,37.841622,3386.6489544,-163.14,41.055,174.568,1.0
45.2166,128.190937,37.841596,3390.2126760000006,-162.901,40.8,174.394,1.0
45.2333,128.19094,37.841569,3393.762072,-162.664,40.547,174.22,1.0
45.25,128.190942,37.841543,3397.2971423999998,-162.43,40.294,174.045,1.0
45.2666,128.190945,37.841516,3400.8178872000003,-162.198,40.041,173.87,1.0
45.2833,128.190948,37.84149,3404.3243064000003,-161.968,39.788,173.694,1.0
45.3,128.190951,37.841463,3407.8164,-161.74,39.536,173.518,1.0
45.3166,128.190954,37.841436,3411.2938632,-161.514,39.285,173.341,1.0
45.3333,128.190958,37.841409,3414.7570008000002,-161.289,39.034,173.164,1.0
45.35,128.190961,37.841382,3418.2058128,-161.065,38.784,172.986,1.0
45.3666,128.190964,37.841355,3421.6399944,-160.841,38.534,172.808,1.0
45.3833,128.190968,37.841327,3425.0595456,-160.619,38.284,172.629,1.0
45.4,128.190971,37.8413,3428.4647712000005,-160.397,38.035,172.449,1.0
45.4166,128.190975,37.841272,3431.8553664,-160.175,37.786,172.269,1.0
45.4333,128.190979,37.841245,3435.2310264,-159.954,37.538,172.089,1.0
45.45,128.190982,37.841217,3438.592056,-159.734,37.291,171.908,1.0
45.4666,128.190986,37.841189,3441.9384552,-159.515,37.043,171.727,1.0
45.4833,128.19099,37.841161,3445.270224,-159.297,36.797,171.545,1.0
45.5,128.190994,37.841133,3448.5870576,-159.08,36.551,171.364,1.0
45.5166,128.190998,37.841105,3451.8892608,-158.863,36.305,171.181,1.0
45.5333,128.191003,37.841076,3455.176224,-158.648,36.06,170.999,1.0
45.55,128.191007,37.841048,3458.4485568,-158.436,35.815,170.816,1.0
45.5666,128.191011,37.841019,3461.7056496,-158.225,35.57,170.633,1.0
45.5833,128.191016,37.840991,3464.9481120000005,-158.016,35.326,170.45,1.0
45.6,128.19102,37.840962,3468.1753344000003,-157.809,35.083,170.266,1.0
45.6166,128.191025,37.840933,3471.3876216,-157.603,34.84,170.082,1.0
45.6333,128.19103,37.840904,3474.5849736000005,-157.398,34.598,169.897,1.0
45.65,128.191035,37.840875,3477.7670856,-157.194,34.356,169.712,1.0
45.6666,128.19104,37.840846,3480.9342624000005,-156.99,34.114,169.527,1.0
45.6833,128.191045,37.840817,3484.086504,-156.787,33.873,169.341,1.0
45.7,128.19105,37.840787,3487.2235056000004,-156.585,33.633,169.155,1.0
45.7166,128.191055,37.840758,3490.3452672,-156.382,33.393,168.968,1.0
45.7333,128.191061,37.840728,3493.4517888,-156.181,33.153,168.782,1.0
45.75,128.191066,37.840699,3496.5433752000004,-155.979,32.914,168.595,1.0
45.7666,128.191072,37.840669,3499.6197216,-155.779,32.675,168.408,1.0
45.7833,128.191077,37.840639,3502.6808280000005,-155.578,32.437,168.22,1.0
45.8,128.191083,37.840609,3505.7266944,-155.379,32.2,168.032,1.0
45.8166,128.191089,37.840579,3508.7573208000003,-155.179,31.963,167.844,1.0
45.8333,128.191095,37.840549,3511.7724024000004,-154.981,31.726,167.656,1.0
45.85,128.191101,37.840519,3514.7725488000005,-154.783,31.49,167.467,1.0
45.8666,128.191107,37.840488,3517.7571504000002,-154.585,31.254,167.278,1.0
45.8833,128.191114,37.840458,3520.7262072000003,-154.389,31.018,167.089,1.0
45.9,128.19112,37.840428,3523.680024,-154.193,30.783,166.9,1.0
45.9166,128.191127,37.840397,3526.6186008000004,-153.997,30.548,166.71,1.0
45.9333,128.191134,37.840366,3529.5413280000002,-153.803,30.314,166.52,1.0
45.95,128.19114,37.840336,3532.4488152,-153.611,30.08,166.33,1.0
45.9666,128.191147,37.840305,3535.3407576000004,-153.42,29.846,166.139,1.0
45.9833,128.191154,37.840274,3538.2171552000004,-153.231,29.613,165.949,1.0
46.0,128.191161,37.840243,3541.078008,-153.044,29.38,165.758,1.0
46.0166,128.191169,37.840212,3543.9233160000003,-152.857,29.147,165.566,1.0
46.0333,128.191176,37.840181,3546.7530792000002,-152.671,28.915,165.374,1.0
46.05,128.191184,37.84015,3549.5672976,-152.485,28.683,165.182,1.0
46.0666,128.191191,37.840119,3552.3659712000003,-152.3,28.452,164.99,1.0
46.0833,128.191199,37.840087,3555.1494048000004,-152.115,28.221,164.797,1.0
46.1,128.191207,37.840056,3557.9169888,-151.931,27.99,164.604,1.0
46.1166,128.191215,37.840024,3560.6687232000004,-151.746,27.76,164.41,1.0
46.1333,128.191223,37.839993,3563.4049128,-151.563,27.53,164.217,1.0
46.15,128.191231,37.839961,3566.1255576000003,-151.38,27.3,164.023,1.0
46.1666,128.191239,37.83993,3568.8306576000004,-151.199,27.071,163.83,1.0
46.1833,128.191248,37.839898,3571.5196032000003,-151.018,26.843,163.636,1.0
46.2,128.191256,37.839866,3574.1933088,-150.838,26.614,163.441,1.0
46.2166,128.191265,37.839834,3576.8508600000005,-150.66,26.386,163.247,1.0
46.2333,128.191274,37.839802,3579.4928664000004,-150.482,26.159,163.052,1.0
46.25,128.191283,37.83977,3582.119328,-150.306,25.932,162.857,1.0
46.2666,128.191292,37.839738,3584.7296352000003,-150.13,25.705,162.662,1.0
46.2833,128.191301,37.839706,3587.3243976000003,-149.956,25.478,162.467,1.0
46.3,128.191311,37.839674,3589.9033104,-149.782,25.252,162.271,1.0
46.3166,128.19132,37.839641,3592.4663736,-149.609,25.027,162.075,1.0
46.3333,128.19133,37.839609,3595.0135872000005,-149.437,24.802,161.879,1.0
46.35,128.19134,37.839577,3597.545256,-149.265,24.577,161.682,1.0
46.3666,128.191349,37.839544,3600.0607704000004,-149.093,24.352,161.486,1.0
46.3833,128.191359,37.839512,3602.56074,-148.922,24.129,161.289,1.0
46.4,128.19137,37.839479,3605.0448600000004,-148.751,23.905,161.091,1.0
46.4166,128.19138,37.839446,3607.5131304000006,-148.579,23.682,160.894,1.0
46.4333,128.19139,37.839414,3609.9655512,-148.409,23.459,160.696,1.0
46.45,128.191401,37.839381,3612.4018176,-148.238,23.237,160.499,1.0
46.4666,128.191411,37.839348,3614.8225392000004,-148.068,23.015,160.301,1.0
46.4833,128.191422,37.839315,3617.2274112,-147.898,22.793,160.102,1.0
46.5,128.191433,37.839283,3619.6161288,-147.728,22.572,159.904,1.0
46.5166,128.191444,37.83925,3621.9893016,-147.559,22.352,159.705,1.0
46.5333,128.191456,37.839217,3624.34632,-147.389,22.131,159.506,1.0
46.55,128.191467,37.839184,3626.6874888,-147.22,21.912,159.307,1.0
46.5666,128.191478,37.839151,3629.012808,-147.052,21.692,159.108,1.0
46.5833,128.19149,37.839117,3631.3222776000002,-146.883,21.473,158.908,1.0
46.6,128.191502,37.839084,3633.6155928000003,-146.714,21.255,158.708,1.0
46.6166,128.191514,37.839051,3635.8933632000003,-146.546,21.037,158.508,1.0
46.6333,128.191526,37.839018,3638.1549792,-146.378,20.819,158.308,1.0
46.65,128.191538,37.838985,3640.4004408,-146.209,20.602,158.107,1.0
46.6666,128.19155,37.838951,3642.6303576000005,-146.041,20.385,157.907,1.0
46.6833,128.191563,37.838918,3644.84412,-145.873,20.169,157.706,1.0
46.7,128.191575,37.838884,3647.0420328000005,-145.704,19.953,157.504,1.0
46.7166,128.191588,37.838851,3649.2240960000004,-145.536,19.737,157.303,1.0
46.7333,128.191601,37.838818,3651.3903096000004,-145.367,19.522,157.101,1.0
46.75,128.191614,37.838784,3653.5403688,-145.199,19.308,156.899,1.0
46.7666,128.191627,37.838751,3655.6745784000004,-145.031,19.093,156.697,1.0
46.7833,128.191641,37.838717,3657.7926336,-144.863,18.88,156.494,1.0
46.8,128.191654,37.838683,3659.8948392,-144.695,18.667,156.292,1.0
46.8166,128.191668,37.83865,3661.9811952,-144.527,18.454,156.089,1.0
46.8333,128.191682,37.838616,3664.0517016,-144.359,18.241,155.886,1.0
46.85,128.191695,37.838582,3666.1060536,-144.192,18.029,155.682,1.0
46.8666,128.191709,37.838549,3668.1442512,-144.026,17.818,155.479,1.0
46.8833,128.191724,37.838515,3670.166904,-143.86,17.607,155.275,1.0
46.9,128.191738,37.838481,3672.1730976000003,-143.694,17.396,155.071,1.0
46.9166,128.191753,37.838447,3674.1637464000005,-143.529,17.186,154.867,1.0
46.9333,128.191767,37.838414,3676.1382408,-143.364,16.976,154.662,1.0
46.95,128.191782,37.83838,3678.0968856,-143.199,16.767,154.457,1.0
46.9666,128.191797,37.838346,3680.0396808,-143.035,16.558,154.252,1.0
46.9833,128.191812,37.838312,3681.9663216,-142.871,16.35,154.047,1.0
47.0,128.191827,37.838278,3683.8771128,-142.708,16.142,153.841,1.0
47.0166,128.191843,37.838244,3685.7717496,-142.544,15.934,153.635,1.0
47.0333,128.191858,37.83821,3687.6508416,-142.381,15.727,153.429,1.0
47.05,128.191874,37.838176,3689.5134744,-142.219,15.52,153.223,1.0
47.0666,128.19189,37.838142,3691.3605624000006,-142.057,15.314,153.016,1.0
47.0833,128.191906,37.838108,3693.1914960000004,-141.896,15.108,152.809,1.0
47.1,128.191922,37.838074,3695.0068848000005,-141.734,14.903,152.602,1.0
47.1166,128.191938,37.83804,3696.8061192000005,-141.574,14.698,152.395,1.0
47.1333,128.191954,37.838006,3698.5891992,-141.413,14.494,152.187,1.0
47.15,128.191971,37.837972,3700.3567344000003,-141.252,14.29,151.979,1.0
47.1666,128.191988,37.837938,3702.10842,-141.091,14.086,151.771,1.0
47.1833,128.192005,37.837904,3703.8439512,-140.93,13.883,151.562,1.0
47.2,128.192022,37.83787,3705.5639376,-140.769,13.681,151.354,1.0
47.2166,128.192039,37.837836,3707.2677696,-140.608,13.479,151.144,1.0
47.2333,128.192056,37.837802,3708.9557520000003,-140.448,13.277,150.935,1.0
47.25,128.192074,37.837768,3710.6278848,-140.287,13.076,150.726,1.0
47.2666,128.192091,37.837734,3712.2844728,-140.127,12.875,150.516,1.0
47.2833,128.192109,37.8377,3713.9249064,-139.967,12.675,150.306,1.0
47.3,128.192127,37.837666,3715.5494904,-139.807,12.475,150.096,1.0
47.3166,128.192145,37.837632,3717.1582248,-139.647,12.275,149.885,1.0
47.3333,128.192163,37.837598,3718.7514144,-139.487,12.076,149.674,1.0
47.35,128.192182,37.837564,3720.3287544,-139.327,11.878,149.463,1.0
47.3666,128.1922,37.83753,3721.8902448,-139.168,11.68,149.252,1.0
47.3833,128.192219,37.837496,3723.4358856,-139.008,11.483,149.04,1.0
47.4,128.192238,37.837462,3724.9659816000003,-138.848,11.285,148.828,1.0
47.4166,128.192257,37.837428,3726.4799232000005,-138.687,11.089,148.616,1.0
47.4333,128.192276,37.837394,3727.9786248,-138.527,10.893,148.403,1.0
47.45,128.192296,37.83736,3729.461172,-138.366,10.697,148.19,1.0
47.4666,128.192315,37.837326,3730.9284792000003,-138.206,10.502,147.977,1.0
47.4833,128.192335,37.837292,3732.379632,-138.045,10.308,147.764,1.0
47.5,128.192354,37.837258,3733.8155448,-137.884,10.113,147.55,1.0
47.5166,128.192374,37.837224,3735.2353032000005,-137.722,9.92,147.336,1.0
47.5333,128.192394,37.83719,3736.6398216,-137.561,9.727,147.122,1.0
47.55,128.192415,37.837156,3738.0284904,-137.4,9.534,146.907,1.0
47.5666,128.192435,37.837122,3739.4016144,-137.238,9.342,146.692,1.0
47.5833,128.192456,37.837088,3740.7588888,-137.077,9.15,146.477,1.0
47.6,128.192476,37.837055,3742.1006184000003,-136.916,8.959,146.262,1.0
47.6166,128.192497,37.837021,3743.427108,-136.754,8.768,146.046,1.0
47.6333,128.192518,37.836987,3744.7377480000005,-136.593,8.578,145.83,1.0
47.65,128.192539,37.836953,3746.0325384000002,-136.433,8.388,145.614,1.0
47.6666,128.192561,37.836919,3747.3120888000003,-136.273,8.198,145.397,1.0
47.6833,128.192582,37.836886,3748.5760944,-136.113,8.009,145.18,1.0
47.7,128.192604,37.836852,3749.8245552000003,-135.953,7.821,144.963,1.0
47.7166,128.192626,37.836818,3751.0574712000002,-135.794,7.633,144.746,1.0
47.7333,128.192648,37.836784,3752.2748424,-135.634,7.446,144.528,1.0
47.75,128.19267,37.836751,3753.4769736000003,-135.475,7.259,144.31,1.0
47.7666,128.192692,37.836717,3754.6635600000004,-135.316,7.072,144.091,1.0
47.7833,128.192714,37.836684,3755.8346016,-135.157,6.887,143.872,1.0
47.8,128.192737,37.83665,3756.9904032000004,-134.998,6.701,143.653,1.0
47.8166,128.19276,37.836616,3758.1306600000003,-134.838,6.516,143.434,1.0
47.8333,128.192783,37.836583,3759.2556768,-134.679,6.332,143.214,1.0
47.85,128.192806,37.836549,3760.3651488000005,-134.519,6.148,142.994,1.0
47.8666,128.192829,37.836516,3761.4593808,-134.36,5.965,142.774,1.0
47.8833,128.192852,37.836483,3762.5383728,-134.2,5.782,142.553,1.0
47.9,128.192876,37.836449,3763.6021248,-134.041,5.599,142.332,1.0
47.9166,128.192899,37.836416,3764.6506368000005,-133.881,5.418,142.11,1.0
47.9333,128.192923,37.836383,3765.6839088,-133.721,5.236,141.889,1.0
47.95,128.192947,37.836349,3766.7016360000002,-133.561,5.055,141.667,1.0
47.9666,128.192971,37.836316,3767.7044280000005,-133.4,4.875,141.444,1.0
47.9833,128.192995,37.836283,3768.6919800000005,-133.24,4.695,141.222,1.0
48.0,128.19302,37.83625,3769.6645968,-133.079,4.516,140.999,1.0
48.0166,128.193044,37.836217,3770.6219736000003,-132.918,4.337,140.775,1.0
48.0333,128.193069,37.836184,3771.5641104,-132.757,4.159,140.552,1.0
48.05,128.193094,37.836151,3772.4913120000006,-132.595,3.981,140.328,1.0
48.0666,128.193119,37.836118,3773.4032736000004,-132.434,3.804,140.103,1.0
48.0833,128.193144,37.836085,3774.3003000000003,-132.271,3.628,139.879,1.0
48.1,128.193169,37.836052,3775.1823912000004,-132.109,3.452,139.654,1.0
48.1166,128.193195,37.836019,3776.0492424,-131.946,3.276,139.428,1.0
48.1333,128.19322,37.835987,3776.9014632000003,-131.783,3.101,139.203,1.0
48.15,128.193246,37.835954,3777.7384440000005,-131.621,2.926,138.977,1.0
48.1666,128.193272,37.835921,3778.5604896000004,-131.459,2.752,138.75,1.0
48.1833,128.193298,37.835889,3779.3676,-131.296,2.579,138.524,1.0
48.2,128.193324,37.835856,3780.16008,-131.134,2.406,138.297,1.0
48.2166,128.193351,37.835824,3780.9376248000003,-130.972,2.234,138.07,1.0
48.2333,128.193377,37.835791,3781.7002344,-130.81,2.062,137.842,1.0
48.25,128.193404,37.835759,3782.4482136,-130.648,1.89,137.614,1.0
48.2666,128.193431,37.835727,3783.1812576,-130.486,1.72,137.385,1.0
48.2833,128.193458,37.835694,3783.8996712000003,-130.323,1.549,137.156,1.0
48.3,128.193485,37.835662,3784.6031496,-130.161,1.38,136.927,1.0
48.3166,128.193512,37.83563,3785.2923024,-129.998,1.21,136.697,1.0
48.3333,128.19354,37.835598,3785.96652,-129.835,1.042,136.467,1.0
48.35,128.193567,37.835566,3786.6264120000005,-129.672,0.874,136.237,1.0
48.3666,128.193595,37.835534,3787.2713688000003,-129.509,0.706,136.006,1.0
48.3833,128.193623,37.835502,3787.902,-129.345,0.539,135.775,1.0
48.4,128.193651,37.835471,3788.5180008,-129.182,0.373,135.544,1.0
48.4166,128.193679,37.835439,3789.1193712000004,-129.019,0.207,135.312,1.0
48.4333,128.193707,37.835407,3789.7061112,-128.855,0.041,135.08,1.0
48.45,128.193736,37.835376,3790.2788304000005,-128.692,-0.122,134.847,1.0
48.4666,128.193765,37.835344,3790.8369192000005,-128.528,-0.287,134.614,1.0
48.4833,128.193793,37.835313,3791.3803776000004,-128.365,-0.45,134.381,1.0
48.5,128.193822,37.835281,3791.9098152,-128.201,-0.614,134.147,1.0
48.5166,128.193851,37.83525,3792.4246224000003,-128.037,-0.776,133.913,1.0
48.5333,128.19388,37.835219,3792.9254088000002,-127.873,-0.938,133.679,1.0
48.55,128.19391,37.835187,3793.4118696,-127.709,-1.1,133.444,1.0
48.5666,128.193939,37.835156,3793.8840048,-127.545,-1.261,133.209,1.0
48.5833,128.193969,37.835125,3794.3418144,-127.381,-1.421,132.973,1.0
48.6,128.193999,37.835094,3794.7856032000004,-127.217,-1.581,132.737,1.0
48.6166,128.194029,37.835064,3795.2150664000005,-127.053,-1.74,132.501,1.0
48.6333,128.194059,37.835033,3795.6305088,-126.888,-1.899,132.264,1.0
48.65,128.194089,37.835002,3796.0319304000004,-126.724,-2.057,132.027,1.0
48.6666,128.194119,37.834971,3796.4193312,-126.559,-2.214,131.789,1.0
48.6833,128.19415,37.834941,3796.7927112,-126.395,-2.371,131.551,1.0
48.7,128.19418,37.83491,3797.1517656,-126.23,-2.528,131.313,1.0
48.7166,128.194211,37.83488,3797.4974088,-126.065,-2.684,131.074,1.0
48.7333,128.194242,37.83485,3797.8287264,-125.9,-2.839,130.835,1.0
48.75,128.194273,37.83482,3798.1463280000003,-125.735,-2.994,130.596,1.0
48.7666,128.194305,37.834789,3798.4499088000002,-125.57,-3.148,130.356,1.0
48.7833,128.194336,37.834759,3798.7397736000003,-125.405,-3.301,130.116,1.0
48.8,128.194367,37.83473,3799.0159224,-125.24,-3.454,129.875,1.0
48.8166,128.194399,37.8347,3799.2783552000005,-125.075,-3.607,129.634,1.0
48.8333,128.194431,37.83467,3799.5267672,-124.91,-3.758,129.393,1.0
48.85,128.194463,37.83464,3799.7617680000003,-124.744,-3.91,129.151,1.0
48.8666,128.194495,37.834611,3799.9830528,-124.579,-4.06,128.908,1.0
48.8833,128.194527,37.834581,3800.1909264,-124.414,-4.21,128.666,1.0
48.9,128.194559,37.834552,3800.385084,-124.248,-4.359,128.423,1.0
48.9166,128.194592,37.834522,3800.5655256000005,-124.082,-4.508,128.18,1.0
48.9333,128.194624,37.834493,3800.732556,-123.916,-4.656,127.937,1.0
48.95,128.194657,37.834464,3800.8861752000003,-123.75,-4.803,127.693,1.0
48.9666,128.19469,37.834435,3801.0263832,-123.584,-4.95,127.449,1.0
48.9833,128.194723,37.834406,3801.1531800000002,-123.418,-5.096,127.205,1.0
49.0,128.194756,37.834377,3801.2668704000002,-123.252,-5.241,126.961,1.0
49.0166,128.194789,37.834349,3801.3668448,-123.086,-5.385,126.717,1.0
49.0333,128.194823,37.83432,3801.4537128,-122.919,-5.529,126.472,1.0
49.05,128.194856,37.834292,3801.5274744,-122.753,-5.672,126.227,1.0
49.0666,128.19489,37.834263,3801.5878248000004,-122.586,-5.814,125.982,1.0
49.0833,128.194924,37.834235,3801.6353736000005,-122.418,-5.956,125.737,1.0
49.1,128.194958,37.834207,3801.6695112,-122.25,-6.096,125.491,1.0
49.1166,128.194992,37.834178,3801.6908472,-122.082,-6.236,125.245,1.0
49.1333,128.195026,37.83415,3801.698772,-121.914,-6.376,124.999,1.0
49.15,128.19506,37.834123,3801.6938952,-121.746,-6.515,124.753,1.0
49.1666,128.195095,37.834095,3801.6762168000005,-121.577,-6.653,124.506,1.0
49.1833,128.195129,37.834067,3801.6454320000003,-121.409,-6.79,124.259,1.0
49.2,128.195164,37.834039,3801.6018456,-121.24,-6.927,124.012,1.0
49.2166,128.195199,37.834012,3801.5454576,-121.071,-7.063,123.765,1.0
49.2333,128.195234,37.833985,3801.4762680000003,-120.902,-7.198,123.517,1.0
49.25,128.195269,37.833957,3801.3942768,-120.734,-7.333,123.269,1.0
49.2666,128.195304,37.83393,3801.2997888000004,-120.565,-7.467,123.021,1.0
49.2833,128.19534,37.833903,3801.1924992,-120.396,-7.6,122.772,1.0
49.3,128.195375,37.833876,3801.072408,-120.227,-7.733,122.524,1.0
49.3166,128.195411,37.833849,3800.9401248,-120.058,-7.864,122.275,1.0
49.3333,128.195447,37.833823,3800.79504,-119.888,-7.996,122.025,1.0
49.35,128.195482,37.833796,3800.6374584,-119.719,-8.126,121.776,1.0
49.3666,128.195518,37.83377,3800.4676848000004,-119.549,-8.256,121.526,1.0
49.3833,128.195554,37.833743,3800.2854144000003,-119.379,-8.385,121.275,1.0
49.4,128.195591,37.833717,3800.0906472,-119.209,-8.513,121.025,1.0
49.4166,128.195627,37.833691,3799.883688,-119.038,-8.641,120.774,1.0
49.4333,128.195664,37.833665,3799.6645368000004,-118.867,-8.768,120.523,1.0
49.45,128.1957,37.833639,3799.4331936000003,-118.696,-8.895,120.272,1.0
49.4666,128.195737,37.833613,3799.1896584,-118.525,-9.02,120.02,1.0
49.4833,128.195774,37.833588,3798.9339312,-118.354,-9.145,119.768,1.0
49.5,128.195811,37.833562,3798.666012,-118.183,-9.27,119.516,1.0
49.5166,128.195848,37.833537,3798.3862056000003,-118.012,-9.393,119.263,1.0
49.5333,128.195885,37.833512,3798.094512,-117.84,-9.516,119.01,1.0
49.55,128.195922,37.833486,3797.7906264,-117.669,-9.639,118.757,1.0
49.5666,128.19596,37.833461,3797.4748536,-117.497,-9.76,118.503,1.0
49.5833,128.195997,37.833437,3797.1474984,-117.325,-9.881,118.25,1.0
49.6,128.196035,37.833412,3796.808256,-117.153,-10.001,117.995,1.0
49.6166,128.196073,37.833387,3796.4571264,-116.98,-10.121,117.741,1.0
49.6333,128.19611,37.833363,3796.0944144000005,-116.808,-10.24,117.486,1.0
49.65,128.196148,37.833338,3795.7198152,-116.636,-10.358,117.231,1.0
49.6666,128.196186,37.833314,3795.3339384,-116.463,-10.476,116.976,1.0
49.6833,128.196225,37.83329,3794.9361744000003,-116.291,-10.593,116.72,1.0
49.7,128.196263,37.833266,3794.5271328000003,-116.118,-10.709,116.464,1.0
49.7166,128.196301,37.833242,3794.1065088,-115.946,-10.824,116.208,1.0
49.7333,128.19634,37.833218,3793.6743024,-115.773,-10.939,115.951,1.0
49.75,128.196379,37.833195,3793.2308184000003,-115.601,-11.053,115.694,1.0
49.7666,128.196417,37.833171,3792.7760568000003,-115.429,-11.167,115.437,1.0
49.7833,128.196456,37.833148,3792.3100176000003,-115.257,-11.279,115.18,1.0
49.8,128.196495,37.833125,3791.8327008000006,-115.085,-11.392,114.922,1.0
49.8166,128.196534,37.833101,3791.3441064,-114.913,-11.503,114.664,1.0
49.8333,128.196573,37.833078,3790.8445392000003,-114.741,-11.614,114.405,1.0
49.85,128.196613,37.833056,3790.3336944,-114.569,-11.724,114.146,1.0
49.8666,128.196652,37.833033,3789.8118768,-114.397,-11.833,113.887,1.0
49.8833,128.196692,37.83301,3789.2790864000003,-114.224,-11.942,113.628,1.0
49.9,128.196731,37.832988,3788.7353232000005,-114.051,-12.05,113.368,1.0
49.9166,128.196771,37.832966,3788.1805872000004,-113.879,-12.157,113.108,1.0
49.9333,128.196811,37.832944,3787.6151832,-113.706,-12.264,112.847,1.0
49.95,128.196851,37.832922,3787.0388064,-113.533,-12.37,112.587,1.0
49.9666,128.196891,37.8329,3786.4517616000003,-113.359,-12.475,112.326,1.0
49.9833,128.196931,37.832878,3785.8540488000003,-113.186,-12.579,112.064,1.0
50.0,128.196971,37.832857,3785.245668,-113.013,-12.683,111.803,1.0
50.0166,128.197011,37.832835,3784.6266192000003,-112.839,-12.786,111.541,1.0
50.0333,128.197052,37.832814,3783.9972072000005,-112.665,-12.889,111.278,1.0
50.05,128.197092,37.832793,3783.3571272000004,-112.492,-12.991,111.016,1.0
50.0666,128.197133,37.832772,3782.706684,-112.318,-13.092,110.753,1.0
50.0833,128.197173,37.832751,3782.0455728,-112.144,-13.192,110.49,1.0
50.1,128.197214,37.83273,3781.3744032000004,-111.971,-13.292,110.226,1.0
50.1166,128.197255,37.832709,3780.6928704,-111.797,-13.391,109.962,1.0
50.1333,128.197296,37.832689,3780.0009744,-111.623,-13.49,109.698,1.0
50.15,128.197337,37.832669,3779.2987152,-111.449,-13.587,109.434,1.0
50.1666,128.197378,37.832649,3778.5863976,-111.275,-13.684,109.169,1.0
50.1833,128.197419,37.832629,3777.8643263999998,-111.101,-13.781,108.904,1.0
50.2,128.197461,37.832609,3777.1318920000003,-110.927,-13.876,108.639,1.0
50.2166,128.197502,37.832589,3776.3893992,-110.753,-13.971,108.373,1.0
50.2333,128.197544,37.83257,3775.6371528000004,-110.579,-14.065,108.107,1.0
50.25,128.197585,37.83255,3774.8748480000004,-110.405,-14.159,107.841,1.0
50.2666,128.197627,37.832531,3774.1024848,-110.231,-14.252,107.574,1.0
50.2833,128.197669,37.832512,3773.3206728,-110.058,-14.344,107.307,1.0
50.3,128.19771,37.832493,3772.5288024,-109.884,-14.435,107.04,1.0
50.3166,128.197752,37.832474,3771.7274832,-109.71,-14.526,106.772,1.0
50.3333,128.197794,37.832455,3770.9164104,-109.536,-14.616,106.505,1.0
50.35,128.197837,37.832437,3770.0958888,-109.363,-14.706,106.237,1.0
50.3666,128.197879,37.832418,3769.2656136,-109.189,-14.795,105.968,1.0
50.3833,128.197921,37.8324,3768.4258896000006,-109.015,-14.883,105.699,1.0
50.4,128.197963,37.832382,3767.5767168,-108.841,-14.97,105.43,1.0
50.4166,128.198006,37.832364,3766.7180952000003,-108.667,-15.057,105.161,1.0
50.4333,128.198048,37.832347,3765.8500248,-108.494,-15.142,104.892,1.0
50.45,128.198091,37.832329,3764.9728104,-108.32,-15.228,104.622,1.0
50.4666,128.198133,37.832312,3764.086452,-108.147,-15.312,104.352,1.0
50.4833,128.198176,37.832294,3763.1906448,-107.974,-15.396,104.081,1.0
50.5,128.198219,37.832277,3762.2859984,-107.8,-15.48,103.811,1.0
50.5166,128.198262,37.83226,3761.3719032000004,-107.627,-15.562,103.539,1.0
50.5333,128.198305,37.832243,3760.4489688000003,-107.454,-15.644,103.268,1.0
50.55,128.198348,37.832227,3759.5171952,-107.281,-15.725,102.997,1.0
50.5666,128.198391,37.83221,3758.5762776,-107.108,-15.805,102.725,1.0
50.5833,128.198434,37.832194,3757.6265208000004,-106.935,-15.885,102.453,1.0
50.6,128.198477,37.832178,3756.66762,-106.761,-15.964,102.18,1.0
50.6166,128.198521,37.832162,3755.7004896000003,-106.588,-16.042,101.908,1.0
50.6333,128.198564,37.832146,3754.7242152,-106.415,-16.12,101.635,1.0
50.65,128.198607,37.83213,3753.7394064,-106.243,-16.197,101.361,1.0
50.6666,128.198651,37.832115,3752.7460632,-106.07,-16.273,101.088,1.0
50.6833,128.198695,37.832099,3751.7438807999997,-105.897,-16.349,100.814,1.0
50.7,128.198738,37.832084,3750.733164,-105.725,-16.424,100.54,1.0
50.7166,128.198782,37.832069,3749.7142176,-105.553,-16.498,100.266,1.0
50.7333,128.198826,37.832054,3748.6867368000003,-105.38,-16.572,99.991,1.0
50.75,128.198869,37.83204,3747.6510264,-105.207,-16.644,99.716,1.0
50.7666,128.198913,37.832025,3746.6067816,-105.035,-16.717,99.441,1.0
50.7833,128.198957,37.832011,3745.5543072000005,-104.862,-16.788,99.166,1.0
50.8,128.199001,37.831996,3744.493908,-104.689,-16.858,98.89,1.0
50.8166,128.199045,37.831982,3743.4249744,-104.515,-16.928,98.614,1.0
50.8333,128.19909,37.831968,3742.348116,-104.342,-16.998,98.338,1.0
50.85,128.199134,37.831955,3741.2630280000003,-104.169,-17.066,98.062,1.0
50.8666,128.199178,37.831941,3740.17032,-103.996,-17.134,97.785,1.0
50.8833,128.199222,37.831928,3739.0693824000004,-103.823,-17.201,97.508,1.0
50.9,128.199267,37.831914,3737.96052,-103.65,-17.268,97.231,1.0
50.9166,128.199311,37.831901,3736.8437328000005,-103.477,-17.334,96.954,1.0
50.9333,128.199356,37.831888,3735.7193256000005,-103.305,-17.399,96.676,1.0
50.95,128.1994,37.831876,3734.5869936000004,-103.132,-17.463,96.398,1.0
50.9666,128.199445,37.831863,3733.4470416000004,-102.958,-17.527,96.12,1.0
50.9833,128.199489,37.831851,3732.2997744,-102.785,-17.59,95.842,1.0
51.0,128.199534,37.831839,3731.1445824,-102.612,-17.652,95.563,1.0
51.0166,128.199579,37.831826,3729.9817704,-102.438,-17.713,95.284,1.0
51.0333,128.199624,37.831815,3728.8116432,-102.265,-17.774,95.005,1.0
51.05,128.199668,37.831803,3727.6342008000006,-102.092,-17.834,94.726,1.0
51.0666,128.199713,37.831791,3726.4491384000003,-101.919,-17.894,94.447,1.0
51.0833,128.199758,37.83178,3725.2570656000003,-101.746,-17.953,94.167,1.0
51.1,128.199803,37.831769,3724.0573728000004,-101.574,-18.011,93.887,1.0
51.1166,128.199848,37.831758,3722.8506696,-101.401,-18.068,93.607,1.0
51.1333,128.199893,37.831747,3721.6366512,-101.229,-18.124,93.327,1.0
51.15,128.199938,37.831736,3720.4156224000003,-101.057,-18.18,93.046,1.0
51.1666,128.199983,37.831725,3719.1875832,-100.884,-18.235,92.765,1.0
51.1833,128.200029,37.831715,3717.9525336,-100.712,-18.29,92.484,1.0
51.2,128.200074,37.831705,3716.7104736000006,-100.539,-18.344,92.203,1.0
51.2166,128.200119,37.831695,3715.4614032000004,-100.367,-18.397,91.922,1.0
51.2333,128.200164,37.831685,3714.2056272,-100.195,-18.449,91.64,1.0
51.25,128.20021,37.831675,3712.9431456,-100.023,-18.501,91.358,1.0
51.2666,128.200255,37.831666,3711.6736536,-99.852,-18.552,91.076,1.0
51.2833,128.200301,37.831657,3710.3977608,-99.681,-18.602,90.794,1.0
51.3,128.200346,37.831647,3709.1151624000004,-99.51,-18.652,90.512,1.0
51.3166,128.200391,37.831638,3707.8258584,-99.339,-18.7,90.229,1.0
51.3333,128.200437,37.83163,3706.5301536,-99.169,-18.749,89.946,1.0
51.35,128.200482,37.831621,3705.2277432,-98.999,-18.796,89.663,1.0
51.3666,128.200528,37.831612,3703.9192368000004,-98.83,-18.843,89.38,1.0
51.3833,128.200574,37.831604,3702.6040248,-98.661,-18.889,89.097,1.0
51.4,128.200619,37.831596,3701.2827168000003,-98.492,-18.935,88.813,1.0
51.4166,128.200665,37.831588,3699.955008,-98.324,-18.979,88.53,1.0
51.4333,128.200711,37.83158,3698.6212032000003,-98.156,-19.023,88.246,1.0
51.4499,128.200756,37.831573,3697.2813024,-97.988,-19.067,87.962,1.0
51.4666,128.200802,37.831565,3695.9350008000006,-97.821,-19.109,87.678,1.0
51.4833,128.200848,37.831558,3694.582908,-97.654,-19.151,87.393,1.0
51.5,128.200894,37.831551,3693.2247192000004,-97.487,-19.193,87.109,1.0
51.5166,128.200939,37.831544,3691.8604344000005,-97.32,-19.233,86.824,1.0
51.5333,128.200985,37.831538,3690.4903584,-97.154,-19.273,86.539,1.0
51.55,128.201031,37.831531,3689.1144912000004,-96.988,-19.312,86.254,1.0
51.5666,128.201077,37.831525,3687.7328328000003,-96.821,-19.351,85.969,1.0
51.5833,128.201123,37.831518,3686.345688,-96.655,-19.389,85.684,1.0
51.6,128.201169,37.831512,3684.9524472000003,-96.489,-19.426,85.399,1.0
51.6166,128.201215,37.831507,3683.55372,-96.323,-19.462,85.113,1.0
51.6333,128.201261,37.831501,3682.1495064,-96.158,-19.498,84.827,1.0
51.65,128.201307,37.831496,3680.7395016,-95.992,-19.533,84.541,1.0
51.6666,128.201353,37.83149,3679.3243152,-95.827,-19.567,84.255,1.0
51.6833,128.201399,37.831485,3677.9033375999998,-95.662,-19.601,83.969,1.0
51.6999,128.201445,37.83148,3676.4771784000004,-95.497,-19.634,83.683,1.0
51.7166,128.201491,37.831476,3675.0458376,-95.333,-19.667,83.397,1.0
51.7333,128.201537,37.831471,3673.6090104,-95.169,-19.698,83.11,1.0
51.75,128.201583,37.831467,3672.1673064,-95.005,-19.73,82.823,1.0
51.7666,128.201629,37.831462,3670.7201160000004,-94.842,-19.76,82.537,1.0
51.7833,128.201675,37.831458,3669.267744,-94.68,-19.79,82.25,1.0
51.8,128.201721,37.831455,3667.8104952000003,-94.518,-19.819,81.963,1.0
51.8166,128.201767,37.831451,3666.3483696,-94.356,-19.848,81.676,1.0
51.8333,128.201813,37.831447,3664.8810624000002,-94.195,-19.875,81.389,1.0
51.85,128.201859,37.831444,3663.4088784000005,-94.034,-19.902,81.101,1.0
51.8666,128.201905,37.831441,3661.9318176,-93.874,-19.929,80.814,1.0
51.8833,128.201951,37.831438,3660.4501848000004,-93.713,-19.955,80.526,1.0
51.9,128.201997,37.831435,3658.9633704000003,-93.553,-19.98,80.239,1.0
51.9166,128.202043,37.831433,3657.4722888,-93.393,-20.004,79.951,1.0
51.9333,128.202089,37.83143,3655.9763304000003,-93.233,-20.028,79.663,1.0
51.9499,128.202135,37.831428,3654.4758,-93.073,-20.051,79.375,1.0
51.9666,128.202181,37.831426,3652.9706976,-92.914,-20.073,79.087,1.0
51.9833,128.202227,37.831424,3651.4613280000003,-92.755,-20.095,78.799,1.0
52.0,128.202274,37.831422,3649.9473864,-92.596,-20.116,78.511,1.0
52.0166,128.20232,37.831421,3648.4288728,-92.437,-20.137,78.223,1.0
52.0333,128.202366,37.83142,3646.9060920000006,-92.279,-20.157,77.934,1.0
52.05,128.202412,37.831419,3645.3793488000006,-92.122,-20.176,77.646,1.0
52.0666,128.202458,37.831418,3643.8480336000002,-91.965,-20.195,77.358,1.0
52.0833,128.202504,37.831417,3642.3124512,-91.809,-20.213,77.069,1.0
52.1,128.20255,37.831416,3640.7729064,-91.653,-20.23,76.781,1.0
52.1166,128.202596,37.831416,3639.2293992,-91.498,-20.247,76.492,1.0
52.1333,128.202642,37.831416,3637.6816248,-91.343,-20.263,76.203,1.0
52.15,128.202688,37.831416,3636.1301928000003,-91.19,-20.278,75.914,1.0
52.1666,128.202734,37.831416,3634.5744936,-91.037,-20.293,75.626,1.0
52.1833,128.20278,37.831416,3633.0151368,-90.884,-20.308,75.337,1.0
52.1999,128.202826,37.831417,3631.4518176,-90.732,-20.321,75.048,1.0
52.2166,128.202871,37.831417,3629.8848408000003,-90.58,-20.334,74.759,1.0
52.2333,128.202917,37.831418,3628.3139016,-90.429,-20.346,74.47,1.0
52.25,128.202963,37.831419,3626.7393048000004,-90.279,-20.358,74.18,1.0
52.2666,128.203009,37.83142,3625.1613552000003,-90.129,-20.369,73.891,1.0
52.2833,128.203055,37.831422,3623.579748,-89.979,-20.38,73.602,1.0
52.3,128.203101,37.831423,3621.9944832,-89.83,-20.39,73.313,1.0
52.3166,128.203147,37.831425,3620.4058656,-89.681,-20.399,73.024,1.0
52.3333,128.203192,37.831427,3618.8135904,-89.533,-20.408,72.734,1.0
52.35,128.203238,37.831429,3617.2179624000005,-89.386,-20.416,72.445,1.0
52.3666,128.203284,37.831432,3615.6192864,-89.24,-20.424,72.155,1.0
52.3833,128.203329,37.831434,3614.0172576000004,-89.094,-20.431,71.866,1.0
52.4,128.203375,37.831437,3612.4118760000006,-88.949,-20.437,71.577,1.0
52.4166,128.203421,37.83144,3610.8031416000003,-88.804,-20.443,71.287,1.0
52.4333,128.203466,37.831443,3609.1916640000004,-88.66,-20.449,70.998,1.0
52.45,128.203512,37.831446,3607.5768336,-88.518,-20.453,70.708,1.0
52.4666,128.203557,37.831449,3605.9589552,-88.375,-20.458,70.419,1.0
52.4833,128.203603,37.831453,3604.3383336,-88.234,-20.461,70.129,1.0
52.5,128.203648,37.831457,3602.7143592,-88.093,-20.464,69.839,1.0
52.5166,128.203694,37.831461,3601.0876416000006,-87.953,-20.467,69.55,1.0
52.5333,128.203739,37.831465,3599.4581808,-87.814,-20.469,69.261,1.0
52.55,128.203785,37.831469,3597.8259768000003,-87.677,-20.471,68.974,1.0
52.5666,128.20383,37.831474,3596.1910296,-87.541,-20.472,68.687,1.0
52.5833,128.203875,37.831478,3594.5533392,-87.407,-20.473,68.4,1.0
52.6,128.20392,37.831483,3592.9129056000006,-87.273,-20.474,68.114,1.0
52.6166,128.203966,37.831488,3591.2700336000003,-87.14,-20.473,67.828,1.0
52.6333,128.204011,37.831494,3589.6244184,-87.013,-20.473,67.552,1.0
52.65,128.204056,37.831499,3587.9763648,-86.89,-20.474,67.287,1.0
52.6666,128.204101,37.831505,3586.3258728,-86.771,-20.474,67.03,1.0
52.6833,128.204146,37.83151,3584.6729424,-86.655,-20.474,66.776,1.0
52.7,128.204191,37.831516,3583.0175736000006,-86.54,-20.474,66.525,1.0
52.7166,128.204236,37.831523,3581.3597664000004,-86.427,-20.473,66.276,1.0
52.7333,128.204281,37.831529,3579.6998256,-86.32,-20.473,66.036,1.0
52.75,128.204326,37.831535,3578.0377512,-86.217,-20.473,65.805,1.0
52.7666,128.204371,37.831542,3576.3732384,-86.118,-20.474,65.581,1.0
52.7833,128.204415,37.831549,3574.7065920000005,-86.021,-20.475,65.36,1.0
52.8,128.20446,37.831556,3573.0375072,-85.927,-20.475,65.141,1.0
52.8166,128.204505,37.831563,3571.3665936,-85.834,-20.475,64.923,1.0
52.8333,128.204549,37.83157,3569.6932416000004,-85.746,-20.476,64.71,1.0
52.85,128.204594,37.831578,3568.0180608,-85.663,-20.477,64.503,1.0
52.8666,128.204638,37.831586,3566.3407464000006,-85.583,-20.478,64.3,1.0
52.8833,128.204683,37.831593,3564.6612984000003,-85.507,-20.479,64.099,1.0
52.9,128.204727,37.831602,3562.9800216,-85.433,-20.481,63.898,1.0
52.9166,128.204772,37.83161,3561.2966112,-85.361,-20.482,63.696,1.0
52.9333,128.204816,37.831618,3559.6110672,-85.294,-20.483,63.498,1.0
52.95,128.20486,37.831627,3557.9236944,-85.23,-20.484,63.303,1.0
52.9666,128.204905,37.831635,3556.2344928,-85.17,-20.486,63.109,1.0
52.9833,128.204949,37.831644,3554.5431576000005,-85.112,-20.488,62.915,1.0
53.0,128.204993,37.831653,3552.8499936000003,-85.057,-20.49,62.721,1.0
53.0166,128.205037,37.831662,3551.1550008000004,-85.004,-20.491,62.527,1.0
53.0333,128.205081,37.831672,3549.4581792,-84.954,-20.493,62.334,1.0
53.05,128.205125,37.831681,3547.7595287999998,-84.908,-20.495,62.144,1.0
53.0666,128.205169,37.831691,3546.0587448,-84.864,-20.497,61.954,1.0
53.0833,128.205212,37.831701,3544.3564368,-84.823,-20.499,61.765,1.0
53.1,128.205256,37.831711,3542.6519952000003,-84.784,-20.501,61.575,1.0
53.1166,128.2053,37.831721,3540.9460296,-84.747,-20.503,61.384,1.0
53.1333,128.205344,37.831731,3539.2379304000006,-84.712,-20.505,61.196,1.0
53.15,128.205387,37.831742,3537.5283072,-84.681,-20.508,61.011,1.0
53.1666,128.205431,37.831752,3535.8168552,-84.652,-20.511,60.827,1.0
53.1833,128.205474,37.831763,3534.1032695999997,-84.626,-20.514,60.643,1.0
53.2,128.205518,37.831774,3532.3881600000004,-84.601,-20.518,60.46,1.0
53.2166,128.205561,37.831785,3530.6715264,-84.578,-20.521,60.276,1.0
53.2333,128.205605,37.831796,3528.9527592000004,-84.559,-20.525,60.096,1.0
53.25,128.205648,37.831808,3527.232468,-84.543,-20.529,59.92,1.0
53.2666,128.205691,37.831819,3525.5100432000004,-84.529,-20.534,59.746,1.0
53.2833,128.205734,37.831831,3523.7860944,-84.518,-20.539,59.573,1.0
53.3,128.205777,37.831843,3522.0603168000002,-84.509,-20.544,59.4,1.0
53.3166,128.20582,37.831855,3520.3330152,-84.501,-20.549,59.227,1.0
53.3333,128.205863,37.831867,3518.6035800000004,-84.498,-20.555,59.056,1.0
53.35,128.205906,37.831879,3516.8726208000003,-84.497,-20.562,58.887,1.0
53.3666,128.205949,37.831891,3515.1398328000005,-84.5,-20.568,58.719,1.0
53.3833,128.205992,37.831904,3513.405216,-84.506,-20.576,58.552,1.0
53.4,128.206035,37.831917,3511.6687704,-84.514,-20.583,58.385,1.0
53.4166,128.206078,37.831929,3509.9308008000003,-84.525,-20.59,58.217,1.0
53.4333,128.20612,37.831942,3508.1906976,-84.539,-20.598,58.05,1.0
53.45,128.206163,37.831956,3506.4490704,-84.556,-20.606,57.885,1.0
53.4666,128.206205,37.831969,3504.7053096000004,-84.576,-20.615,57.721,1.0
53.4833,128.206248,37.831982,3502.9600248,-84.598,-20.624,57.557,1.0
53.5,128.20629,37.831996,3501.2129112000002,-84.623,-20.633,57.392,1.0
53.5166,128.206333,37.832009,3499.4639688,-84.65,-20.642,57.228,1.0
53.5333,128.206375,37.832023,3497.7131976,-84.679,-20.652,57.062,1.0
53.55,128.206417,37.832037,3495.9605976000003,-84.71,-20.663,56.897,1.0
53.5666,128.20646,37.832051,3494.2061688000003,-84.743,-20.674,56.73,1.0
53.5833,128.206502,37.832065,3492.4499112000003,-84.778,-20.686,56.563,1.0
53.6,128.206544,37.83208,3490.69152,-84.815,-20.698,56.395,1.0
53.6166,128.206586,37.832094,3488.9316048,-84.855,-20.711,56.226,1.0
53.6333,128.206628,37.832109,3487.1698608,-84.896,-20.723,56.058,1.0
53.65,128.20667,37.832123,3485.4059832,-84.938,-20.735,55.889,1.0
53.6666,128.206711,37.832138,3483.6402768000003,-84.98,-20.748,55.72,1.0
53.6833,128.206753,37.832153,3481.8727416,-85.023,-20.76,55.551,1.0
53.7,128.206795,37.832168,3480.1030728,-85.066,-20.772,55.382,1.0
53.7166,128.206837,37.832184,3478.33188,-85.11,-20.785,55.212,1.0
53.7333,128.206878,37.832199,3476.5585536,-85.154,-20.798,55.042,1.0
53.75,128.20692,37.832215,3474.7830936000005,-85.198,-20.812,54.872,1.0
53.7666,128.206961,37.83223,3473.0058048,-85.242,-20.826,54.703,1.0
53.7833,128.207003,37.832246,3471.2266872000005,-85.286,-20.84,54.534,1.0
53.8,128.207044,37.832262,3469.445436,-85.331,-20.854,54.364,1.0
53.8166,128.207085,37.832278,3467.662356,-85.376,-20.869,54.194,1.0
53.8333,128.207127,37.832294,3465.8771424,-85.422,-20.883,54.024,1.0
53.85,128.207168,37.83231,3464.0901000000003,-85.469,-20.898,53.856,1.0
53.8666,128.207209,37.832327,3462.300924,-85.517,-20.913,53.687,1.0
53.8833,128.20725,37.832343,3460.5096144000004,-85.565,-20.927,53.519,1.0
53.9,128.207291,37.83236,3458.7164760000005,-85.613,-20.942,53.351,1.0
53.9166,128.207332,37.832376,3456.921204,-85.662,-20.957,53.182,1.0
53.9333,128.207373,37.832393,3455.1237984000004,-85.713,-20.973,53.025,1.0
53.95,128.207413,37.83241,3453.3245640000005,-85.767,-20.99,52.881,1.0
53.9666,128.207454,37.832427,3451.5228912000002,-85.822,-21.007,52.744,1.0
53.9833,128.207495,37.832445,3449.7193896000003,-85.878,-21.025,52.611,1.0
54.0,128.207535,37.832462,3447.9137544,-85.934,-21.043,52.48,1.0
54.0166,128.207576,37.832479,3446.1056808,-85.989,-21.062,52.349,1.0
54.0333,128.207616,37.832497,3444.2954736000006,-86.035,-21.08,52.234,1.0
54.05,128.207657,37.832515,3442.4831328000005,-86.072,-21.098,52.134,1.0
54.0666,128.207697,37.832532,3440.6683536,-86.1,-21.115,52.043,1.0
54.0833,128.207737,37.83255,3438.8514408,-86.118,-21.133,51.956,1.0
54.1,128.207778,37.832568,3437.0323943999997,-86.127,-21.152,51.872,1.0
54.1166,128.207818,37.832586,3435.2112144000002,-86.127,-21.171,51.787,1.0
54.1333,128.207858,37.832604,3433.3879008000004,-86.134,-21.192,51.716,1.0
54.15,128.207898,37.832623,3431.5624536,-86.146,-21.216,51.657,1.0
54.1666,128.207938,37.832641,3429.7345680000003,-86.165,-21.241,51.607,1.0
54.1833,128.207978,37.83266,3427.9045488000006,-86.188,-21.267,51.56,1.0
54.2,128.208018,37.832678,3426.0723960000005,-86.216,-21.293,51.515,1.0
54.2166,128.208058,37.832697,3424.2381096000004,-86.247,-21.319,51.469,1.0
54.2333,128.208098,37.832716,3422.40108,-86.274,-21.343,51.434,1.0
54.25,128.208138,37.832735,3420.5616120000004,-86.296,-21.367,51.409,1.0
54.2666,128.208177,37.832754,3418.7200104,-86.312,-21.391,51.39,1.0
54.2833,128.208217,37.832773,3416.8759704000004,-86.322,-21.414,51.373,1.0
54.3,128.208257,37.832792,3415.0297968,-86.326,-21.437,51.356,1.0
54.3166,128.208296,37.832811,3413.1811848,-86.325,-21.461,51.339,1.0
54.3333,128.208336,37.83283,3411.3298296000003,-86.301,-21.482,51.322,1.0
54.35,128.208375,37.83285,3409.476036,-86.257,-21.502,51.304,1.0
54.3666,128.208415,37.832869,3407.619804,-86.195,-21.521,51.284,1.0
54.3833,128.208454,37.832889,3405.7611336,-86.117,-21.539,51.263,1.0
54.4,128.208494,37.832908,3403.9003296,-86.025,-21.558,51.241,1.0
54.4166,128.208533,37.832928,3402.0370872000003,-85.922,-21.577,51.218,1.0
54.4333,128.208573,37.832948,3400.1707968,-85.748,-21.59,51.194,1.0
54.45,128.208612,37.832968,3398.3017632,-85.506,-21.596,51.172,1.0
54.4666,128.208651,37.832988,3396.4302912000003,-85.204,-21.598,51.149,1.0
54.4833,128.208691,37.833008,3394.5563807999997,-84.848,-21.6,51.126,1.0
54.5,128.20873,37.833028,3392.680032,-84.445,-21.603,51.102,1.0
54.5166,128.208769,37.833048,3390.8012448,-84.004,-21.608,51.076,1.0
54.5333,128.208809,37.833068,3388.9194096,-83.485,-21.609,51.054,1.0
54.55,128.208848,37.833088,3387.035136,-82.891,-21.605,51.035,1.0
54.5666,128.208887,37.833109,3385.1481192000006,-82.225,-21.598,51.019,1.0
54.5833,128.208927,37.833129,3383.2580544,-81.485,-21.589,51.004,1.0
54.6,128.208966,37.833149,3381.365856,-80.673,-21.579,50.989,1.0
54.6166,128.209005,37.83317,3379.4709144000003,-79.792,-21.569,50.975,1.0
54.6333,128.209045,37.83319,3377.5732296,-78.845,-21.558,50.967,1.0
54.65,128.209084,37.833211,3375.6731064,-77.837,-21.546,50.963,1.0
54.6666,128.209123,37.833231,3373.7705448,-76.769,-21.534,50.964,1.0
54.6833,128.209163,37.833252,3371.8655448,-75.641,-21.522,50.968,1.0
54.7,128.209202,37.833272,3369.9584112000002,-74.455,-21.509,50.973,1.0
54.7166,128.209241,37.833293,3368.0488392,-73.214,-21.495,50.98,1.0
54.7333,128.209281,37.833314,3366.1371336,-71.916,-21.478,50.983,1.0
54.75,128.20932,37.833335,3364.2232943999998,-70.563,-21.458,50.981,1.0
54.7666,128.209359,37.833356,3362.3073216,-69.158,-21.436,50.978,1.0
54.7833,128.209399,37.833376,3360.38952,-67.702,-21.412,50.974,1.0
54.8,128.209438,37.833397,3358.4695848,-66.197,-21.387,50.97,1.0
54.8166,128.209478,37.833418,3356.5481256000003,-64.644,-21.36,50.969,1.0
54.8333,128.209517,37.833439,3354.6275808,-63.257,-21.356,50.937,1.0
54.85,128.209557,37.83346,3352.7067312,-62.022,-21.364,50.858,1.0
54.8666,128.209596,37.833482,3350.7861864,-60.947,-21.365,50.725,1.0
54.8833,128.209635,37.833503,3348.8662512,-60.039,-21.337,50.528,1.0
54.9,128.209675,37.833524,3346.94784,-59.3,-21.276,50.274,1.0
54.9166,128.209714,37.833546,3345.0309528000003,-58.732,-21.187,49.981,1.0
54.9333,128.209753,37.833567,3343.1168088,-58.325,-21.077,49.66,1.0
54.95,128.209792,37.833589,3341.205408,-58.074,-20.954,49.323,1.0
54.9666,128.209832,37.833611,3339.2976648,-57.975,-20.826,48.981,1.0
54.9833,128.209871,37.833633,3337.3941888000004,-58.018,-20.696,48.642,1.0
55.0,128.20991,37.833655,3335.4949800000004,-58.179,-20.564,48.309,1.0
55.0166,128.209949,37.833677,3333.6009528000004,-58.434,-20.432,47.985,1.0
55.0333,128.209988,37.833699,3331.7124120000003,-58.819,-20.313,47.681,1.0
55.05,128.210027,37.833721,3329.8296624000004,-59.326,-20.214,47.403,1.0
55.0666,128.210065,37.833744,3327.952704,-59.942,-20.129,47.145,1.0
55.0833,128.210104,37.833767,3326.0821464000005,-60.648,-20.053,46.901,1.0
55.1,128.210143,37.83379,3324.2164656,-61.427,-19.982,46.663,1.0
55.1166,128.210181,37.833813,3322.3556616,-62.262,-19.914,46.429,1.0
55.1333,128.210219,37.833836,3320.5009536,-63.184,-19.86,46.213,1.0
55.15,128.210258,37.833859,3318.6514272,-64.18,-19.82,46.013,1.0
55.1666,128.210296,37.833883,3316.806168,-65.238,-19.79,45.824,1.0
55.1833,128.210334,37.833906,3314.9648712000003,-66.346,-19.765,45.638,1.0
55.2,128.210372,37.83393,3313.1269272,-67.495,-19.744,45.454,1.0
55.2166,128.21041,37.833954,3311.292336,-68.677,-19.727,45.269,1.0
55.2333,128.210448,37.833978,3309.4598784000004,-69.872,-19.71,45.082,1.0
55.25,128.210486,37.834002,3307.6295544,-71.073,-19.695,44.892,1.0
55.2666,128.210523,37.834026,3305.8013640000004,-72.279,-19.683,44.7,1.0
55.2833,128.210561,37.83405,3303.9746976,-73.488,-19.675,44.505,1.0
55.3,128.210598,37.834075,3302.1495552,-74.699,-19.672,44.307,1.0
55.3166,128.210636,37.834099,3300.3253272,-75.913,-19.675,44.107,1.0
55.3333,128.210673,37.834124,3298.501404,-77.086,-19.677,43.9,1.0
55.35,128.21071,37.834149,3296.6774808,-78.22,-19.678,43.684,1.0
55.3666,128.210748,37.834174,3294.852948,-79.321,-19.682,43.463,1.0
55.3833,128.210785,37.834199,3293.0287200000002,-80.394,-19.692,43.238,1.0
55.4,128.210822,37.834224,3291.2038824,-81.444,-19.707,43.011,1.0
55.4166,128.210859,37.834249,3289.3784352000002,-82.478,-19.729,42.783,1.0
55.4333,128.210895,37.834274,3287.551464,-83.459,-19.754,42.551,1.0
55.45,128.210932,37.8343,3285.7232736000005,-84.394,-19.78,42.315,1.0
55.4666,128.210969,37.834325,3283.8935592000003,-85.289,-19.81,42.076,1.0
55.4833,128.211005,37.834351,3282.0623208,-86.152,-19.845,41.836,1.0
55.5,128.211042,37.834376,3280.2292536,-86.991,-19.886,41.597,1.0
55.5166,128.211078,37.834402,3278.3946624000005,-87.81,-19.933,41.358,1.0
55.5333,128.211115,37.834428,3276.5573280000003,-88.586,-19.984,41.124,1.0
55.55,128.211151,37.834454,3274.7175552000003,-89.325,-20.036,40.897,1.0
55.5666,128.211187,37.83448,3272.8756488000004,-90.032,-20.091,40.675,1.0
55.5833,128.211223,37.834506,3271.0309991999998,-90.713,-20.151,40.455,1.0
55.6,128.211259,37.834533,3269.1836064,-91.374,-20.215,40.237,1.0
55.6166,128.211295,37.834559,3267.3334704000004,-92.018,-20.284,40.02,1.0
55.6333,128.211331,37.834585,3265.4799816,-92.628,-20.354,39.814,1.0
55.65,128.211366,37.834612,3263.6234448,-93.208,-20.424,39.62,1.0
55.6666,128.211402,37.834639,3261.7638600000005,-93.762,-20.495,39.432,1.0
55.6833,128.211438,37.834665,3259.9009224,-94.293,-20.569,39.249,1.0
55.7,128.211473,37.834692,3258.0343272,-94.805,-20.646,39.068,1.0
55.7166,128.211508,37.834719,3256.1643792,-95.304,-20.727,38.888,1.0
55.7333,128.211544,37.834746,3254.2907736,-95.81,-20.81,38.716,1.0
55.75,128.211579,37.834773,3252.4132056000003,-96.328,-20.895,38.554,1.0
55.7666,128.211614,37.8348,3250.5316752000003,-96.856,-20.982,38.398,1.0
55.7833,128.211649,37.834827,3248.6458776000004,-97.392,-21.071,38.244,1.0
55.8,128.211684,37.834855,3246.7564224000002,-97.937,-21.16,38.091,1.0
55.8166,128.211718,37.834882,3244.8623952000003,-98.488,-21.251,37.939,1.0
55.8333,128.211753,37.83491,3242.9637960000005,-98.978,-21.336,37.788,1.0
55.85,128.211788,37.834937,3241.0609296000002,-99.409,-21.414,37.638,1.0
55.8666,128.211822,37.834965,3239.1541008000004,-99.785,-21.49,37.489,1.0
55.8833,128.211857,37.834993,3237.2430048,-100.113,-21.567,37.341,1.0
55.9,128.211891,37.835021,3235.3276416000003,-100.4,-21.647,37.194,1.0
55.9166,128.211925,37.835048,3233.4077064000003,-100.654,-21.731,37.046,1.0
55.9333,128.211959,37.835076,3231.4831992,-100.815,-21.805,36.917,1.0
55.95,128.211994,37.835104,3229.5547296,-100.898,-21.868,36.822,1.0
55.9666,128.212028,37.835132,3227.6222976,-100.912,-21.923,36.756,1.0
55.9833,128.212062,37.835161,3225.6855984000003,-100.865,-21.977,36.704,1.0
56.0,128.212096,37.835189,3223.7446320000004,-100.765,-22.032,36.66,1.0
56.0166,128.21213,37.835217,3221.7993984000004,-100.624,-22.089,36.616,1.0
56.0333,128.212164,37.835245,3219.8498976,-100.406,-22.135,36.592,1.0
56.05,128.212198,37.835274,3217.8961296,-100.119,-22.168,36.59,1.0
56.0666,128.212232,37.835302,3215.938704,-99.758,-22.192,36.603,1.0
56.0833,128.212265,37.835331,3213.9776208000003,-99.319,-22.212,36.624,1.0
56.1,128.212299,37.835359,3212.01288,-98.801,-22.23,36.646,1.0
56.1166,128.212333,37.835388,3210.0441768,-98.203,-22.249,36.667,1.0
56.1333,128.212367,37.835416,3208.071816,-97.533,-22.266,36.685,1.0
56.15,128.212401,37.835445,3206.0961024000003,-96.792,-22.281,36.699,1.0
56.1666,128.212434,37.835474,3204.1167312000002,-95.983,-22.294,36.712,1.0
56.1833,128.212468,37.835502,3202.1337024000004,-95.108,-22.306,36.723,1.0
56.2,128.212502,37.835531,3200.1473208,-94.168,-22.317,36.733,1.0
56.2166,128.212535,37.83556,3198.1575864,-93.166,-22.327,36.743,1.0
56.2333,128.212569,37.835589,3196.164804,-92.098,-22.337,36.737,1.0
56.25,128.212603,37.835618,3194.168364,-90.97,-22.345,36.716,1.0
56.2666,128.212636,37.835647,3192.168876,-89.792,-22.353,36.685,1.0
56.2833,128.21267,37.835676,3190.1666448,-88.576,-22.361,36.651,1.0
56.3,128.212703,37.835705,3188.1610608,-87.329,-22.368,36.615,1.0
56.3166,128.212737,37.835734,3186.1530384000002,-86.059,-22.375,36.58,1.0
56.3333,128.21277,37.835764,3184.1425776,-84.832,-22.386,36.532,1.0
56.35,128.212803,37.835793,3182.1299832,-83.649,-22.4,36.47,1.0
56.3666,128.212837,37.835823,3180.1149504000005,-82.508,-22.413,36.4,1.0
56.3833,128.21287,37.835852,3178.0980888000004,-81.405,-22.423,36.327,1.0
56.4,128.212903,37.835882,3176.0787888,-80.333,-22.428,36.254,1.0
56.4166,128.212936,37.835911,3174.0579648,-79.285,-22.428,36.183,1.0
56.4333,128.212969,37.835941,3172.0356168000003,-78.264,-22.425,36.11,1.0
56.45,128.213002,37.835971,3170.0117448,-77.264,-22.418,36.037,1.0
56.4666,128.213035,37.836001,3167.9866536,-76.278,-22.409,35.962,1.0
56.4833,128.213068,37.836031,3165.9600384,-75.303,-22.397,35.888,1.0
56.5,128.213101,37.836061,3163.932204,-74.334,-22.382,35.814,1.0
56.5166,128.213133,37.836091,3161.9031504000004,-73.368,-22.365,35.741,1.0
56.5333,128.213166,37.836121,3159.8728776000003,-72.402,-22.345,35.672,1.0
56.55,128.213199,37.836151,3157.8419952,-71.434,-22.324,35.605,1.0
56.5666,128.213231,37.836181,3155.8101984000004,-70.463,-22.301,35.541,1.0
56.5833,128.213264,37.836212,3153.7774872000005,-69.487,-22.277,35.478,1.0
56.6,128.213296,37.836242,3151.7444712,-68.507,-22.251,35.416,1.0
56.6166,128.213329,37.836273,3149.7111504000004,-67.523,-22.223,35.355,1.0
56.6333,128.213361,37.836303,3147.6769152,-66.531,-22.195,35.298,1.0
56.65,128.213393,37.836334,3145.6426800000004,-65.532,-22.166,35.246,1.0
56.6666,128.213426,37.836364,3143.6084448,-64.526,-22.137,35.197,1.0
56.6833,128.213458,37.836395,3141.5739048,-63.513,-22.106,35.149,1.0
56.7,128.21349,37.836426,3139.5396696,-62.494,-22.074,35.103,1.0
56.7166,128.213522,37.836457,3137.5057392000003,-61.469,-22.041,35.057,1.0
56.7333,128.213554,37.836488,3135.4730280000003,-60.451,-22.008,35.012,1.0
56.75,128.213586,37.836519,3133.4406215999998,-59.44,-21.976,34.968,1.0
56.7666,128.213618,37.83655,3131.4091296,-58.435,-21.943,34.926,1.0
56.7833,128.21365,37.836581,3129.378552,-57.434,-21.908,34.884,1.0
56.8,128.213682,37.836613,3127.3488888,-56.438,-21.872,34.844,1.0
56.8166,128.213714,37.836644,3125.32014,-55.443,-21.833,34.805,1.0
56.8333,128.213746,37.836675,3123.2941344,-54.467,-21.795,34.765,1.0
56.85,128.213778,37.836707,3121.2693480000003,-53.508,-21.757,34.727,1.0
56.8666,128.21381,37.836738,3119.2460856,-52.563,-21.718,34.688,1.0
56.8833,128.213841,37.83677,3117.2243472,-51.63,-21.678,34.651,1.0
56.9,128.213873,37.836802,3115.2044376,-50.706,-21.636,34.616,1.0
56.9166,128.213905,37.836834,3113.1863568000003,-49.788,-21.592,34.581,1.0
56.9333,128.213936,37.836865,3111.1682760000003,-48.857,-21.549,34.553,1.0
56.95,128.213968,37.836897,3109.152024,-47.914,-21.507,34.532,1.0
56.9666,128.213999,37.836929,3107.1372960000003,-46.957,-21.466,34.516,1.0
56.9833,128.214031,37.836961,3105.1240920000005,-45.986,-21.425,34.5,1.0
57.0,128.214062,37.836993,3103.1127168000003,-45.003,-21.384,34.485,1.0
57.0166,128.214094,37.837026,3101.1031704,-44.01,-21.341,34.47,1.0
57.0333,128.214125,37.837058,3099.0963672,-43.02,-21.301,34.456,1.0
57.05,128.214157,37.83709,3097.0913928,-42.032,-21.262,34.444,1.0
57.0666,128.214188,37.837122,3095.0888568,-41.047,-21.223,34.434,1.0
57.0833,128.214219,37.837155,3093.0887592000004,-40.066,-21.184,34.425,1.0
57.1,128.214251,37.837187,3091.0907952000002,-39.086,-21.144,34.416,1.0
57.1166,128.214282,37.83722,3089.0952696,-38.107,-21.103,34.409,1.0
57.1333,128.214313,37.837252,3087.1015728,-37.127,-21.062,34.404,1.0
57.15,128.214345,37.837285,3085.1106192,-36.146,-21.024,34.403,1.0
57.1666,128.214376,37.837318,3083.1217992,-35.161,-20.985,34.403,1.0
57.1833,128.214407,37.83735,3081.1354176,-34.173,-20.947,34.404,1.0
57.2,128.214438,37.837383,3079.1514744,-33.182,-20.907,34.406,1.0
57.2166,128.21447,37.837416,3077.1702744,-32.189,-20.867,34.408,1.0
57.2333,128.214501,37.837449,3075.1918176,-31.197,-20.829,34.413,1.0
57.25,128.214532,37.837482,3073.2157991999998,-30.209,-20.794,34.42,1.0
57.2666,128.214563,37.837515,3071.242524,-29.222,-20.761,34.428,1.0
57.2833,128.214594,37.837548,3069.2716872000005,-28.237,-20.727,34.438,1.0
57.3,128.214626,37.837581,3067.3035936,-27.252,-20.693,34.448,1.0
57.3166,128.214657,37.837614,3065.3382432000003,-26.267,-20.657,34.459,1.0
57.3333,128.214688,37.837648,3063.3774648,-25.309,-20.623,34.468,1.0
57.35,128.214719,37.837681,3061.4209536,-24.377,-20.589,34.476,1.0
57.3666,128.21475,37.837714,3059.4668808,-23.469,-20.555,34.484,1.0
57.3833,128.214781,37.837748,3057.5164656,-22.58,-20.521,34.493,1.0
57.4,128.214813,37.837781,3055.5690984000003,-21.706,-20.486,34.504,1.0
57.4166,128.214844,37.837814,3053.6247792,-20.844,-20.449,34.516,1.0
57.4333,128.214875,37.837848,3051.6813744,-19.974,-20.415,34.532,1.0
57.45,128.214906,37.837882,3049.7413224,-19.096,-20.385,34.553,1.0
57.4666,128.214937,37.837915,3047.8034040000002,-18.207,-20.356,34.575,1.0
57.4833,128.214968,37.837949,3045.867924,-17.309,-20.327,34.597,1.0
57.5,128.215,37.837983,3043.9351872,-16.402,-20.298,34.619,1.0
57.5166,128.215031,37.838016,3042.0048888,-15.488,-20.268,34.64,1.0
57.5333,128.215062,37.83805,3040.0748952,-14.543,-20.241,34.665,1.0
57.55,128.215093,37.838084,3038.1461208,-13.568,-20.218,34.694,1.0
57.5666,128.215124,37.838118,3036.21948,-12.567,-20.197,34.725,1.0
57.5833,128.215156,37.838152,3034.294668,-11.544,-20.177,34.755,1.0
57.6,128.215187,37.838186,3032.3719896000002,-10.503,-20.156,34.784,1.0
57.6166,128.215218,37.83822,3030.45114,-9.45,-20.135,34.813,1.0
57.6333,128.215249,37.838254,3028.5305952,-8.372,-20.114,34.842,1.0
57.65,128.215281,37.838288,3026.612184,-7.275,-20.093,34.873,1.0
57.6666,128.215312,37.838322,3024.6952968,-6.161,-20.073,34.904,1.0
57.6833,128.215343,37.838356,3022.7802384,-5.034,-20.052,34.936,1.0
57.7,128.215375,37.83839,3020.866704,-3.896,-20.031,34.967,1.0
57.7166,128.215406,37.838424,3018.9553032000003,-2.75,-20.011,34.998,1.0
57.7333,128.215437,37.838458,3017.0469504000002,-1.609,-19.986,35.029,1.0
57.75,128.215469,37.838493,3015.1404264,-0.472,-19.958,35.058,1.0
57.7666,128.2155,37.838527,3013.2363408,0.658,-19.927,35.089,1.0
57.7833,128.215532,37.838561,3011.334084,1.784,-19.896,35.12,1.0
57.8,128.215563,37.838595,3009.4339608,2.906,-19.865,35.152,1.0
57.8166,128.215595,37.83863,3007.5356664,4.025,-19.834,35.185,1.0
57.8333,128.215626,37.838664,3005.6388960000004,5.15,-19.803,35.221,1.0
57.85,128.215658,37.838699,3003.7439544,6.281,-19.77,35.258,1.0
57.8666,128.215689,37.838733,3001.8505368,7.417,-19.738,35.296,1.0
57.8833,128.215721,37.838768,2999.9589480000004,8.559,-19.705,35.334,1.0
57.9,128.215753,37.838802,2998.069188,9.706,-19.672,35.373,1.0
57.9166,128.215784,37.838837,2996.1812568,10.856,-19.64,35.413,1.0
57.9333,128.215816,37.838871,2994.2930208000002,12.048,-19.609,35.457,1.0
57.95,128.215848,37.838906,2992.4047848000005,13.28,-19.58,35.505,1.0
57.9666,128.21588,37.83894,2990.5174632,14.547,-19.552,35.555,1.0
57.9833,128.215911,37.838975,2988.631056,15.845,-19.524,35.604,1.0
58.0,128.215943,37.83901,2986.7455632,17.165,-19.496,35.652,1.0
58.0166,128.215975,37.839044,2984.8612896000004,18.503,-19.469,35.7,1.0
58.0333,128.216007,37.839079,2982.9800640000003,19.813,-19.437,35.745,1.0
58.05,128.216039,37.839114,2981.1015816,21.094,-19.401,35.79,1.0
58.0666,128.216071,37.839148,2979.2252328000004,22.346,-19.363,35.836,1.0
58.0833,128.216103,37.839183,2977.3510176,23.574,-19.327,35.884,1.0
58.1,128.216135,37.839218,2975.4786312,24.783,-19.292,35.935,1.0
58.1166,128.216167,37.839253,2973.6080736000004,25.979,-19.259,35.988,1.0
58.1333,128.216199,37.839287,2971.7408688000005,27.155,-19.224,36.045,1.0
58.15,128.216232,37.839322,2969.8748832,28.314,-19.185,36.103,1.0
58.1666,128.216264,37.839357,2968.0110312,29.46,-19.146,36.164,1.0
58.1833,128.216296,37.839392,2966.1487032000005,30.598,-19.106,36.226,1.0
58.2,128.216329,37.839427,2964.288204,31.73,-19.069,36.289,1.0
58.2166,128.216361,37.839461,2962.4295336,32.856,-19.033,36.354,1.0
58.2333,128.216393,37.839496,2960.574216,33.962,-18.995,36.421,1.0
58.25,128.216426,37.839531,2958.7201176,35.05,-18.955,36.489,1.0
58.2666,128.216459,37.839566,2956.8681528,36.122,-18.914,36.56,1.0
58.2833,128.216491,37.839601,2955.0180168,37.181,-18.874,36.632,1.0
58.3,128.216524,37.839636,2953.1697096000003,38.232,-18.837,36.705,1.0
58.3166,128.216557,37.839671,2951.3226216,39.277,-18.802,36.779,1.0
58.3333,128.216589,37.839706,2949.4791912,40.281,-18.764,36.854,1.0
58.35,128.216622,37.839741,2947.638504,41.248,-18.723,36.93,1.0
58.3666,128.216655,37.839775,2945.7996456,42.182,-18.681,37.008,1.0
58.3833,128.216688,37.83981,2943.9629208,43.091,-18.641,37.087,1.0
58.4,128.216721,37.839845,2942.1283296,43.98,-18.605,37.168,1.0
58.4166,128.216754,37.83988,2940.2952624000004,44.856,-18.571,37.25,1.0
58.4333,128.216788,37.839915,2938.4652432000003,45.691,-18.536,37.333,1.0
58.45,128.216821,37.83995,2936.638272,46.488,-18.498,37.417,1.0
58.4666,128.216854,37.839985,2934.8128248000003,47.256,-18.461,37.502,1.0
58.4833,128.216888,37.84002,2932.9892064,48.0,-18.425,37.587,1.0
58.5,128.216921,37.840055,2931.1677216,48.726,-18.392,37.674,1.0
58.5166,128.216955,37.84009,2929.3480656,49.441,-18.362,37.762,1.0
58.5333,128.216988,37.840124,2927.5311528,50.116,-18.329,37.852,1.0
58.55,128.217022,37.840159,2925.7166784000005,50.757,-18.294,37.944,1.0
58.5666,128.217056,37.840194,2923.9040328000006,51.37,-18.258,38.037,1.0
58.5833,128.21709,37.840229,2922.0935208,51.962,-18.224,38.131,1.0
58.6,128.217124,37.840264,2920.2845328000003,52.537,-18.192,38.226,1.0
58.6166,128.217158,37.840299,2918.4770688000003,53.101,-18.163,38.321,1.0
58.6333,128.217192,37.840333,2916.6729576000002,53.623,-18.131,38.418,1.0
58.65,128.217226,37.840368,2914.87098,54.108,-18.095,38.517,1.0
58.6666,128.21726,37.840403,2913.0708312,54.562,-18.059,38.617,1.0
58.6833,128.217295,37.840438,2911.272816,54.992,-18.025,38.718,1.0
58.7,128.217329,37.840473,2909.4763248,55.404,-17.993,38.819,1.0
58.7166,128.217364,37.840507,2907.6819671999997,55.803,-17.964,38.921,1.0
58.7333,128.217398,37.840542,2905.8879144,56.232,-17.937,39.026,1.0
58.75,128.217433,37.840577,2904.0947760000004,56.692,-17.912,39.136,1.0
58.7666,128.217467,37.840612,2902.302552,57.181,-17.887,39.246,1.0
58.7833,128.217502,37.840646,2900.5115472,57.694,-17.862,39.355,1.0
58.8,128.217537,37.840681,2898.7217616000003,58.224,-17.837,39.463,1.0
58.8166,128.217572,37.840716,2896.9328904,58.767,-17.813,39.569,1.0
58.8333,128.217607,37.84075,2895.1461528000004,59.225,-17.779,39.677,1.0
58.85,128.217642,37.840785,2893.3615488000005,59.6,-17.738,39.786,1.0
58.8666,128.217677,37.840819,2891.579688,59.903,-17.695,39.898,1.0
58.8833,128.217713,37.840854,2889.8005704,60.145,-17.655,40.012,1.0
58.9,128.217748,37.840889,2888.0229768,60.344,-17.621,40.128,1.0
58.9166,128.217784,37.840923,2886.2475168000005,60.514,-17.591,40.243,1.0
58.9333,128.217819,37.840957,2884.4741904,60.655,-17.563,40.357,1.0
58.95,128.217855,37.840992,2882.7026928,60.777,-17.535,40.47,1.0
58.9666,128.217891,37.841026,2880.933024,60.884,-17.507,40.581,1.0
58.9833,128.217927,37.841061,2879.1648792,60.982,-17.48,40.692,1.0
59.0,128.217963,37.841095,2877.398868,61.071,-17.453,40.803,1.0
59.0166,128.217999,37.841129,2875.6343807999997,61.155,-17.427,40.914,1.0
59.0333,128.218035,37.841164,2873.8720272,61.175,-17.405,41.009,1.0
59.05,128.218071,37.841198,2872.1121120000003,61.137,-17.385,41.088,1.0
59.0666,128.218107,37.841232,2870.3555496,61.049,-17.368,41.16,1.0
59.0833,128.218144,37.841267,2868.6005112000003,60.917,-17.353,41.232,1.0
59.1,128.218181,37.841301,2866.8479112,60.752,-17.34,41.307,1.0
59.1166,128.218217,37.841335,2865.09714,60.566,-17.328,41.386,1.0
59.1333,128.218254,37.841369,2863.347588,60.388,-17.317,41.465,1.0
59.15,128.218291,37.841403,2861.5995600000006,60.224,-17.308,41.543,1.0
59.1666,128.218328,37.841437,2859.853056,60.074,-17.298,41.62,1.0
59.1833,128.218365,37.841471,2858.1083808,59.935,-17.286,41.697,1.0
59.2,128.218402,37.841505,2856.3652296,59.803,-17.274,41.773,1.0
59.2166,128.218439,37.841539,2854.6236024,59.675,-17.259,41.85,1.0
59.2333,128.218476,37.841573,2852.8847184,59.523,-17.239,41.926,1.0
59.25,128.218513,37.841607,2851.1482728,59.345,-17.212,42.002,1.0
59.2666,128.218551,37.841641,2849.4136559999997,59.143,-17.182,42.078,1.0
59.2833,128.218588,37.841675,2847.6814776,58.917,-17.152,42.154,1.0
59.3,128.218626,37.841709,2845.9514328000005,58.671,-17.125,42.232,1.0
59.3166,128.218664,37.841742,2844.2232168000005,58.412,-17.098,42.31,1.0
59.3333,128.218702,37.841776,2842.4983536,58.037,-17.059,42.395,1.0
59.35,128.218739,37.84181,2840.7765384,57.553,-17.005,42.486,1.0
59.3666,128.218778,37.841844,2839.0589904,56.98,-16.946,42.58,1.0
59.3833,128.218816,37.841877,2837.3457096,56.334,-16.889,42.677,1.0
59.4,128.218854,37.841911,2835.6348672,55.635,-16.836,42.775,1.0
59.4166,128.218892,37.841944,2833.9276824000003,54.902,-16.787,42.872,1.0
59.4333,128.218931,37.841978,2832.2238504,54.224,-16.742,42.976,1.0
59.45,128.218969,37.842011,2830.522152,53.607,-16.697,43.086,1.0
59.4666,128.219008,37.842045,2828.8225872000003,53.048,-16.652,43.196,1.0
59.4833,128.219046,37.842078,2827.125156,52.537,-16.602,43.303,1.0
59.5,128.219085,37.842112,2825.4310776,52.063,-16.549,43.406,1.0
59.5166,128.219124,37.842145,2823.7403520000003,51.61,-16.493,43.504,1.0
59.5333,128.219163,37.842179,2822.0514552000004,51.229,-16.438,43.608,1.0
59.55,128.219202,37.842212,2820.3649968,50.911,-16.385,43.717,1.0
59.5666,128.219241,37.842245,2818.680672,50.645,-16.332,43.828,1.0
59.5833,128.21928,37.842279,2816.9993952,50.422,-16.278,43.936,1.0
59.6,128.219319,37.842312,2815.3211664,50.231,-16.222,44.04,1.0
59.6166,128.219359,37.842345,2813.6462904,50.062,-16.165,44.139,1.0
59.6333,128.219398,37.842379,2811.9735480000004,49.928,-16.11,44.238,1.0
59.65,128.219437,37.842412,2810.3041584,49.821,-16.056,44.336,1.0
59.6666,128.219477,37.842445,2808.6381216,49.735,-16.004,44.435,1.0
59.6833,128.219517,37.842478,2806.9754376,49.665,-15.952,44.531,1.0
59.7,128.219556,37.842511,2805.3161064,49.607,-15.899,44.627,1.0
59.7166,128.219596,37.842545,2803.6604328000003,49.558,-15.847,44.72,1.0
59.7333,128.219636,37.842578,2802.0071976,49.531,-15.792,44.819,1.0
59.75,128.219676,37.842611,2800.35762,49.522,-15.736,44.924,1.0
59.7666,128.219716,37.842644,2798.7113952,49.531,-15.679,45.032,1.0
59.7833,128.219756,37.842677,2797.0688280000004,49.554,-15.622,45.139,1.0
59.8,128.219797,37.84271,2795.4296136000003,49.589,-15.566,45.243,1.0
59.8166,128.219837,37.842743,2793.7940568000004,49.632,-15.509,45.344,1.0
59.8333,128.219877,37.842776,2792.1624624000005,49.682,-15.455,45.444,1.0
59.85,128.219918,37.842809,2790.5342208,49.734,-15.403,45.543,1.0
59.8666,128.219958,37.842842,2788.9099416000004,49.789,-15.352,45.641,1.0
59.8833,128.219999,37.842875,2787.28932,49.846,-15.302,45.739,1.0
59.9,128.22004,37.842907,2785.6726608,49.905,-15.252,45.836,1.0
59.9166,128.220081,37.84294,2784.0596592,49.965,-15.202,45.933,1.0
59.9333,128.220122,37.842973,2782.4497056000005,50.035,-15.153,46.029,1.0
59.95,128.220163,37.843006,2780.8440192000003,50.113,-15.106,46.123,1.0
59.9666,128.220204,37.843038,2779.2416856,50.198,-15.06,46.218,1.0
59.9833,128.220245,37.843071,2777.6430096000004,50.289,-15.014,46.311,1.0
60.0,128.220286,37.843104,2776.0482960000004,50.384,-14.968,46.404,1.0
60.0166,128.220328,37.843137,2774.4572399999997,50.48,-14.922,46.498,1.0
60.0333,128.220369,37.843169,2772.869232,50.587,-14.875,46.593,1.0
60.05,128.220411,37.843202,2771.2854912000003,50.701,-14.827,46.691,1.0
60.0666,128.220453,37.843234,2769.7051032000004,50.823,-14.779,46.79,1.0
60.0833,128.220494,37.843267,2768.1283728000003,50.95,-14.73,46.889,1.0
60.1,128.220536,37.843299,2766.5553,51.082,-14.682,46.986,1.0
60.1166,128.220578,37.843332,2764.9858848000003,51.216,-14.635,47.083,1.0
60.1333,128.22062,37.843364,2763.4201272,51.356,-14.585,47.184,1.0
60.15,128.220662,37.843396,2761.8583320000002,51.5,-14.534,47.288,1.0
60.1666,128.220704,37.843429,2760.3001944,51.649,-14.481,47.395,1.0
60.1833,128.220747,37.843461,2758.7454096,51.8,-14.429,47.501,1.0
60.2,128.220789,37.843493,2757.1945872000006,51.955,-14.377,47.606,1.0
60.2166,128.220832,37.843526,2755.6477272,52.111,-14.327,47.709,1.0
60.2333,128.220874,37.843558,2754.10422,52.269,-14.275,47.817,1.0
60.25,128.220917,37.84359,2752.56498,52.427,-14.22,47.928,1.0
60.2666,128.220959,37.843622,2751.0290928,52.587,-14.164,48.04,1.0
60.2833,128.221002,37.843654,2749.497168,52.747,-14.109,48.153,1.0
60.3,128.221045,37.843686,2747.9692056000004,52.908,-14.056,48.264,1.0
60.3166,128.221088,37.843718,2746.4449008,53.071,-14.003,48.374,1.0
60.3333,128.221131,37.84375,2744.9245584,53.233,-13.95,48.486,1.0
60.35,128.221175,37.843782,2743.4078736,53.396,-13.895,48.601,1.0
60.3666,128.221218,37.843814,2741.8951512,53.56,-13.84,48.717,1.0
60.3833,128.221261,37.843846,2740.3860864000003,53.724,-13.786,48.832,1.0
60.4,128.221305,37.843878,2738.8812888,53.888,-13.732,48.947,1.0
60.4166,128.221348,37.84391,2737.3798440000005,54.054,-13.68,49.06,1.0
60.4333,128.221392,37.843941,2735.8829712,54.213,-13.626,49.177,1.0
60.45,128.221436,37.843973,2734.389756,54.366,-13.568,49.298,1.0
60.4666,128.22148,37.844005,2732.900808,54.515,-13.51,49.421,1.0
60.4833,128.221524,37.844036,2731.4158224000003,54.661,-13.453,49.543,1.0
60.5,128.221568,37.844068,2729.9344944,54.804,-13.398,49.664,1.0
60.5166,128.221612,37.844099,2728.4574336,54.947,-13.344,49.784,1.0
60.5333,128.221656,37.844131,2726.9843352000003,55.085,-13.288,49.906,1.0
60.55,128.2217,37.844162,2725.5151992,55.218,-13.23,50.031,1.0
60.5666,128.221745,37.844193,2724.0503304000003,55.348,-13.172,50.156,1.0
60.5833,128.221789,37.844225,2722.589424,55.474,-13.114,50.282,1.0
60.6,128.221834,37.844256,2721.1327848000005,55.599,-13.058,50.406,1.0
60.6166,128.221879,37.844287,2719.6798032,55.723,-13.003,50.529,1.0
60.6333,128.221924,37.844318,2718.2313936,55.841,-12.946,50.654,1.0
60.65,128.221968,37.844349,2716.7872512,55.956,-12.887,50.782,1.0
60.6666,128.222014,37.84438,2715.3467664000004,56.067,-12.826,50.911,1.0
60.6833,128.222059,37.844411,2713.9108536,56.174,-12.767,51.039,1.0
60.7,128.222104,37.844442,2712.4789032000003,56.279,-12.709,51.166,1.0
60.7166,128.222149,37.844473,2711.05122,56.383,-12.653,51.292,1.0
60.7333,128.222195,37.844504,2709.6281088,56.481,-12.594,51.42,1.0
60.75,128.22224,37.844535,2708.2089600000004,56.575,-12.532,51.55,1.0
60.7666,128.222286,37.844566,2706.7940784,56.664,-12.47,51.682,1.0
60.7833,128.222332,37.844596,2705.383464,56.749,-12.408,51.812,1.0
60.8,128.222377,37.844627,2703.9774216,56.831,-12.347,51.942,1.0
60.8166,128.222423,37.844657,2702.5753416000002,56.91,-12.289,52.07,1.0
60.8333,128.222469,37.844688,2701.1781384,56.987,-12.229,52.199,1.0
60.85,128.222516,37.844718,2699.7848976,57.062,-12.168,52.328,1.0
60.8666,128.222562,37.844749,2698.395924,57.135,-12.107,52.456,1.0
60.8833,128.222608,37.844779,2697.0115224,57.206,-12.046,52.585,1.0
60.9,128.222655,37.844809,2695.631388,57.276,-11.987,52.713,1.0
60.9166,128.222701,37.844839,2694.2558256,57.344,-11.929,52.84,1.0
60.9333,128.222748,37.844869,2692.8845304,57.411,-11.87,52.967,1.0
60.95,128.222794,37.8449,2691.5178072000003,57.477,-11.811,53.095,1.0
60.9666,128.222841,37.84493,2690.1553512,57.544,-11.751,53.224,1.0
60.9833,128.222888,37.844959,2688.7971624,57.61,-11.692,53.351,1.0
61.0,128.222935,37.844989,2687.4438504000004,57.676,-11.634,53.479,1.0
61.0166,128.222983,37.845019,2686.0945008000003,57.742,-11.577,53.605,1.0
61.0333,128.22303,37.845049,2684.7500280000004,57.808,-11.518,53.734,1.0
61.05,128.223077,37.845078,2683.4098224,57.873,-11.456,53.867,1.0
61.0666,128.223125,37.845108,2682.0744936,57.938,-11.394,54.001,1.0
61.0833,128.223172,37.845138,2680.743432,58.003,-11.333,54.135,1.0
61.1,128.22322,37.845167,2679.4166376,58.068,-11.272,54.267,1.0
61.1166,128.223268,37.845197,2678.09472,58.134,-11.213,54.398,1.0
61.1333,128.223315,37.845226,2676.7773744,58.201,-11.154,54.528,1.0
61.15,128.223363,37.845255,2675.464296,58.269,-11.094,54.658,1.0
61.1666,128.223411,37.845284,2674.1560944,58.337,-11.034,54.787,1.0
61.1833,128.22346,37.845313,2672.8521600000004,58.405,-10.974,54.916,1.0
61.2,128.223508,37.845342,2671.5531024,58.473,-10.916,55.044,1.0
61.2166,128.223556,37.845371,2670.2583120000004,58.539,-10.858,55.173,1.0
61.2333,128.223605,37.8454,2668.9683984000003,58.606,-10.799,55.301,1.0
61.25,128.223653,37.845429,2667.6830568,58.672,-10.74,55.43,1.0
61.2666,128.223702,37.845458,2666.4022872000005,58.737,-10.68,55.559,1.0
61.2833,128.223751,37.845487,2665.1260896000003,58.802,-10.621,55.687,1.0
61.3,128.2238,37.845515,2663.854464,58.866,-10.562,55.816,1.0
61.3166,128.223849,37.845544,2662.5877152,58.929,-10.505,55.943,1.0
61.3333,128.223898,37.845572,2661.3255384,58.99,-10.445,56.073,1.0
61.35,128.223947,37.845601,2660.0679336,59.049,-10.384,56.203,1.0
61.3666,128.223996,37.845629,2658.8152056000004,59.107,-10.322,56.334,1.0
61.3833,128.224046,37.845657,2657.5670496000002,59.162,-10.26,56.465,1.0
61.4,128.224095,37.845686,2656.3237704000003,59.215,-10.2,56.595,1.0
61.4166,128.224145,37.845714,2655.0850632,59.267,-10.14,56.726,1.0
61.4333,128.224194,37.845742,2653.8509280000003,59.317,-10.077,56.86,1.0
61.45,128.224244,37.84577,2652.6219744,59.366,-10.011,57.0,1.0
61.4666,128.224294,37.845798,2651.397288,59.414,-9.944,57.141,1.0
61.4833,128.224344,37.845825,2650.1777832,59.462,-9.877,57.282,1.0
61.5,128.224394,37.845853,2648.9631552,59.509,-9.812,57.422,1.0
61.5166,128.224444,37.845881,2647.7530991999997,59.556,-9.748,57.56,1.0
61.5333,128.224495,37.845908,2646.54792,59.6,-9.683,57.698,1.0
61.55,128.224545,37.845936,2645.3479224000002,59.642,-9.615,57.837,1.0
61.5666,128.224596,37.845963,2644.1524968,59.68,-9.547,57.976,1.0
61.5833,128.224646,37.845991,2642.9622528000004,59.715,-9.48,58.114,1.0
61.6,128.224697,37.846018,2641.7768856,59.747,-9.414,58.253,1.0
61.6166,128.224748,37.846045,2640.5963952,59.777,-9.349,58.39,1.0
61.6333,128.224799,37.846072,2639.4213912,59.802,-9.283,58.53,1.0
61.65,128.22485,37.846099,2638.2509592,59.823,-9.214,58.673,1.0
61.6666,128.224901,37.846126,2637.0857088000002,59.842,-9.146,58.816,1.0
61.6833,128.224952,37.846153,2635.92564,59.858,-9.078,58.959,1.0
61.7,128.225003,37.846179,2634.7707528,59.873,-9.011,59.101,1.0
61.7166,128.225055,37.846206,2633.6207424,59.887,-8.944,59.242,1.0
61.7333,128.225106,37.846233,2632.4759136000002,59.899,-8.876,59.387,1.0
61.75,128.225158,37.846259,2631.3365712000004,59.908,-8.804,59.537,1.0
61.7666,128.225209,37.846286,2630.2021056000003,59.916,-8.732,59.689,1.0
61.7833,128.225261,37.846312,2629.0731264,59.923,-8.659,59.84,1.0
61.8,128.225313,37.846338,2627.9493288,59.93,-8.589,59.989,1.0
61.8166,128.225365,37.846364,2626.8307128,59.936,-8.519,60.137,1.0
61.8333,128.225417,37.84639,2625.717888,59.937,-8.449,60.284,1.0
61.85,128.225469,37.846416,2624.6102448,59.931,-8.378,60.432,1.0
61.8666,128.225522,37.846442,2623.508088,59.92,-8.307,60.58,1.0
61.8833,128.225574,37.846468,2622.4114176,59.905,-8.237,60.728,1.0
61.9,128.225627,37.846493,2621.3202336,59.888,-8.167,60.875,1.0
61.9166,128.225679,37.846519,2620.234536,59.87,-8.098,61.022,1.0
61.9333,128.225732,37.846544,2619.1543248000003,59.847,-8.026,61.172,1.0
61.95,128.225785,37.84657,2618.0799048000003,59.82,-7.952,61.326,1.0
61.9666,128.225838,37.846595,2617.0109712000003,59.791,-7.876,61.482,1.0
61.9833,128.225891,37.84662,2615.9478288,59.761,-7.802,61.637,1.0
62.0,128.225944,37.846645,2614.8901728,59.729,-7.728,61.79,1.0
62.0166,128.225997,37.84667,2613.838308,59.696,-7.655,61.941,1.0
62.0333,128.22605,37.846695,2612.7925392,59.656,-7.581,62.094,1.0
62.05,128.226104,37.84672,2611.7525616000003,59.61,-7.506,62.247,1.0
62.0666,128.226157,37.846745,2610.7183752,59.558,-7.43,62.401,1.0
62.0833,128.226211,37.846769,2609.6902848000004,59.503,-7.355,62.555,1.0
62.1,128.226264,37.846794,2608.6679856,59.444,-7.28,62.707,1.0
62.1166,128.226318,37.846818,2607.6514776000004,59.384,-7.206,62.858,1.0
62.1333,128.226372,37.846843,2606.6413704,59.321,-7.13,63.013,1.0
62.15,128.226426,37.846867,2605.6373592,59.257,-7.051,63.172,1.0
62.1666,128.22648,37.846891,2604.6391392,59.191,-6.971,63.331,1.0
62.1833,128.226534,37.846915,2603.64732,59.125,-6.891,63.49,1.0
62.2,128.226588,37.846939,2602.6615968,59.058,-6.812,63.647,1.0
62.2166,128.226643,37.846963,2601.6822744,58.991,-6.735,63.802,1.0
62.2333,128.226697,37.846986,2600.709048,58.926,-6.654,63.961,1.0
62.25,128.226752,37.84701,2599.7422224,58.863,-6.571,64.125,1.0
62.2666,128.226806,37.847034,2598.7817976,58.801,-6.487,64.29,1.0
62.2833,128.226861,37.847057,2597.8280784000003,58.741,-6.402,64.454,1.0
62.3,128.226916,37.84708,2596.8804552,58.682,-6.319,64.616,1.0
62.3166,128.226971,37.847103,2595.9395375999998,58.623,-6.237,64.776,1.0
62.3333,128.227026,37.847127,2595.0053256,58.562,-6.155,64.935,1.0
62.35,128.227081,37.84715,2594.0775144000004,58.499,-6.072,65.094,1.0
62.3666,128.227136,37.847172,2593.1567136000003,58.432,-5.989,65.253,1.0
62.3833,128.227192,37.847195,2592.2423136,58.364,-5.906,65.412,1.0
62.4,128.227247,37.847218,2591.334924,58.295,-5.823,65.569,1.0
62.4166,128.227303,37.84724,2590.43424,58.225,-5.741,65.726,1.0
62.4333,128.227358,37.847263,2589.5405664000004,58.159,-5.657,65.887,1.0
62.45,128.227414,37.847285,2588.6535984,58.097,-5.569,66.053,1.0
62.4666,128.22747,37.847307,2587.773336,58.038,-5.48,66.221,1.0
62.4833,128.227525,37.847329,2586.9003888,57.983,-5.391,66.387,1.0
62.5,128.227581,37.847351,2586.0341472,57.929,-5.303,66.551,1.0
62.5166,128.227637,37.847373,2585.1752208000003,57.877,-5.217,66.713,1.0
62.5333,128.227694,37.847395,2584.3233048,57.827,-5.129,66.876,1.0
62.55,128.22775,37.847417,2583.478704,57.778,-5.039,67.043,1.0
62.5666,128.227806,37.847438,2582.6411136,57.731,-4.948,67.21,1.0
62.5833,128.227862,37.84746,2581.8108384,57.685,-4.858,67.376,1.0
62.6,128.227919,37.847481,2580.9878784,57.64,-4.769,67.54,1.0
62.6166,128.227976,37.847502,2580.1722336,57.596,-4.681,67.703,1.0
62.6333,128.228032,37.847523,2579.363904,57.555,-4.59,67.869,1.0
62.65,128.228089,37.847544,2578.5628896000003,57.519,-4.498,68.039,1.0
62.6666,128.228146,37.847565,2577.7694952,57.485,-4.404,68.209,1.0
62.6833,128.228203,37.847586,2576.983416,57.455,-4.311,68.379,1.0
62.7,128.22826,37.847606,2576.2049568,57.426,-4.219,68.547,1.0
62.7166,128.228317,37.847627,2575.4341176,57.398,-4.128,68.713,1.0
62.7333,128.228374,37.847647,2574.6708984,57.373,-4.036,68.881,1.0
62.75,128.228431,37.847668,2573.9152992,57.351,-3.941,69.052,1.0
62.7666,128.228489,37.847688,2573.16732,57.331,-3.846,69.223,1.0
62.7833,128.228546,37.847708,2572.4272656,57.312,-3.752,69.394,1.0
62.8,128.228604,37.847728,2571.6948312,57.295,-3.658,69.564,1.0
62.8166,128.228661,37.847748,2570.9703216,57.278,-3.566,69.731,1.0
62.8333,128.228719,37.847767,2570.253432,57.265,-3.472,69.901,1.0
62.85,128.228777,37.847787,2569.5444672,57.254,-3.376,70.075,1.0
62.8666,128.228835,37.847806,2568.8437320000003,57.245,-3.279,70.249,1.0
62.8833,128.228893,37.847825,2568.1506168000005,57.239,-3.183,70.423,1.0
62.9,128.228951,37.847845,2567.4654264,57.233,-3.088,70.595,1.0
62.9166,128.229009,37.847864,2566.7884656,57.229,-2.994,70.765,1.0
62.9333,128.229067,37.847883,2566.1194296000003,57.228,-2.898,70.938,1.0
62.95,128.229125,37.847901,2565.4583184000003,57.229,-2.8,71.114,1.0
62.9666,128.229184,37.84792,2564.8054368000003,57.233,-2.701,71.292,1.0
62.9833,128.229242,37.847939,2564.1607848000003,57.238,-2.603,71.469,1.0
63.0,128.229301,37.847957,2563.5243624000004,57.245,-2.506,71.644,1.0
63.0166,128.229359,37.847975,2562.8958648,57.252,-2.411,71.817,1.0
63.0333,128.229418,37.847994,2562.2755968,57.262,-2.314,71.992,1.0
63.05,128.229477,37.848012,2561.6638632,57.273,-2.215,72.17,1.0
63.0666,128.229536,37.84803,2561.0603592,57.286,-2.116,72.349,1.0
63.0833,128.229595,37.848047,2560.4650848,57.299,-2.017,72.527,1.0
63.1,128.229654,37.848065,2559.8783448,57.314,-1.92,72.704,1.0
63.1166,128.229713,37.848082,2559.2998344000002,57.329,-1.824,72.879,1.0
63.1333,128.229772,37.8481,2558.7298584,57.347,-1.726,73.057,1.0
63.15,128.229831,37.848117,2558.1684168,57.365,-1.626,73.237,1.0
63.1666,128.22989,37.848134,2557.6152048000004,57.386,-1.526,73.419,1.0
63.1833,128.22995,37.848151,2557.0708320000003,57.407,-1.426,73.601,1.0
63.2,128.230009,37.848168,2556.5346888000004,57.43,-1.328,73.78,1.0
63.2166,128.230069,37.848185,2556.0073848,57.453,-1.23,73.958,1.0
63.2333,128.230128,37.848201,2555.4883104,57.481,-1.131,74.14,1.0
63.25,128.230188,37.848218,2554.9780752,57.512,-1.03,74.326,1.0
63.2666,128.230248,37.848234,2554.4763744,57.547,-0.928,74.514,1.0
63.2833,128.230307,37.84825,2553.9832079999996,57.584,-0.826,74.7,1.0
63.3,128.230367,37.848266,2553.4988808,57.623,-0.726,74.885,1.0
63.3166,128.230427,37.848282,2553.023088,57.664,-0.627,75.068,1.0
63.3333,128.230487,37.848298,2552.5558296,57.706,-0.528,75.25,1.0
63.35,128.230547,37.848314,2552.0977152,57.748,-0.429,75.434,1.0
63.3666,128.230607,37.848329,2551.6478304,57.791,-0.33,75.618,1.0
63.3833,128.230668,37.848344,2551.2070896000005,57.834,-0.232,75.801,1.0
63.4,128.230728,37.84836,2550.7748831999997,57.877,-0.134,75.983,1.0
63.4166,128.230788,37.848375,2550.351516,57.921,-0.038,76.165,1.0
63.4333,128.230849,37.84839,2549.9366832,57.965,0.058,76.347,1.0
63.45,128.230909,37.848404,2549.5309944,58.008,0.155,76.529,1.0
63.4666,128.23097,37.848419,2549.13384,58.051,0.251,76.711,1.0
63.4833,128.23103,37.848433,2548.7455248,58.094,0.347,76.893,1.0
63.5,128.231091,37.848448,2548.3660488000005,58.137,0.443,77.074,1.0
63.5166,128.231152,37.848462,2547.9951072000003,58.18,0.538,77.255,1.0
63.5333,128.231212,37.848476,2547.6330048,58.224,0.634,77.44,1.0
63.55,128.231273,37.84849,2547.2800464,58.271,0.733,77.628,1.0
63.5666,128.231334,37.848504,2546.9356224,58.32,0.833,77.819,1.0
63.5833,128.231395,37.848517,2546.6000375999997,58.369,0.932,78.008,1.0
63.6,128.231456,37.848531,2546.2732920000003,58.42,1.029,78.196,1.0
63.6166,128.231517,37.848544,2545.9550808,58.472,1.126,78.383,1.0
63.6333,128.231578,37.848557,2545.6460136,58.523,1.223,78.57,1.0
63.65,128.231639,37.84857,2545.3457856,58.574,1.32,78.758,1.0
63.6666,128.231701,37.848583,2545.0543967999997,58.624,1.417,78.946,1.0
63.6833,128.231762,37.848596,2544.7718472,58.674,1.514,79.134,1.0
63.7,128.231823,37.848608,2544.4981368000003,58.723,1.61,79.322,1.0
63.7166,128.231885,37.848621,2544.2332656,58.773,1.705,79.509,1.0
63.7333,128.231946,37.848633,2543.9775384,58.822,1.801,79.697,1.0
63.75,128.232007,37.848645,2543.7303456,58.871,1.898,79.888,1.0
63.7666,128.232069,37.848657,2543.491992,58.92,1.995,80.078,1.0
63.7833,128.232131,37.848669,2543.2627824,58.968,2.091,80.269,1.0
63.8,128.232192,37.84868,2543.0421072000004,59.017,2.187,80.459,1.0
63.8166,128.232254,37.848692,2542.8305760000003,59.065,2.282,80.647,1.0
63.8333,128.232316,37.848703,2542.627884,59.113,2.377,80.838,1.0
63.85,128.232377,37.848714,2542.4340312,59.16,2.474,81.031,1.0
63.8666,128.232439,37.848725,2542.2490176,59.206,2.571,81.225,1.0
63.8833,128.232501,37.848736,2542.0728432,59.253,2.668,81.418,1.0
63.9,128.232563,37.848747,2541.9058128,59.299,2.764,81.61,1.0
63.9166,128.232625,37.848757,2541.7473168,59.345,2.859,81.802,1.0
63.9333,128.232687,37.848768,2541.5979647999998,59.391,2.955,81.995,1.0
63.95,128.232749,37.848778,2541.457452,59.437,3.052,82.192,1.0
63.9666,128.232811,37.848788,2541.3257784,59.483,3.15,82.39,1.0
63.9833,128.232873,37.848798,2541.202944,59.529,3.248,82.587,1.0
64.0,128.232935,37.848808,2541.0889488000003,59.576,3.344,82.783,1.0
64.0166,128.232997,37.848817,2540.9840976,59.623,3.439,82.978,1.0
64.0333,128.233059,37.848827,2540.8880856,59.669,3.536,83.175,1.0
64.05,128.233122,37.848836,2540.8009128,59.716,3.634,83.375,1.0
64.0666,128.233184,37.848845,2540.7228840000002,59.763,3.733,83.577,1.0
64.0833,128.233246,37.848854,2540.6536944,59.81,3.831,83.777,1.0
64.1,128.233309,37.848863,2540.5933440000003,59.857,3.927,83.977,1.0
64.1166,128.233371,37.848872,2540.5418328000005,59.904,4.023,84.175,1.0
64.1333,128.233433,37.84888,2540.4994656,59.951,4.12,84.375,1.0
64.15,128.233496,37.848889,2540.4659376,59.998,4.217,84.577,1.0
64.1666,128.233558,37.848897,2540.4412488000003,60.044,4.315,84.779,1.0
64.1833,128.233621,37.848905,2540.4257039999998,60.09,4.413,84.982,1.0
64.2,128.233683,37.848912,2540.4189984000004,60.136,4.509,85.183,1.0
64.2166,128.233746,37.84892,2540.4214368000003,60.182,4.604,85.383,1.0
64.2333,128.233808,37.848928,2540.4324096,60.228,4.7,85.584,1.0
64.25,128.233871,37.848935,2540.4525264,60.274,4.797,85.787,1.0
64.2666,128.233934,37.848942,2540.4817872000003,60.32,4.894,85.99,1.0
64.2833,128.233996,37.848949,2540.5198872000005,60.365,4.99,86.193,1.0
64.3,128.234059,37.848956,2540.5668264,60.411,5.085,86.395,1.0
64.3166,128.234122,37.848963,2540.6226048000003,60.457,5.18,86.596,1.0
64.3333,128.234184,37.848969,2540.6872224,60.503,5.274,86.797,1.0
64.35,128.234247,37.848976,2540.760984,60.551,5.367,86.997,1.0
64.3666,128.23431,37.848982,2540.8435848000004,60.599,5.46,87.196,1.0
64.3833,128.234373,37.848988,2540.9350248,60.648,5.553,87.396,1.0
64.4,128.234435,37.848994,2541.035304,60.697,5.645,87.595,1.0
64.4166,128.234498,37.848999,2541.1444224,60.747,5.737,87.794,1.0
64.4333,128.234561,37.849005,2541.26238,60.798,5.829,87.993,1.0
64.45,128.234624,37.84901,2541.3891768,60.849,5.92,88.192,1.0
64.4666,128.234687,37.849015,2541.5248128,60.9,6.011,88.39,1.0
64.4833,128.234749,37.84902,2541.669288,60.951,6.101,88.589,1.0
64.5,128.234812,37.849025,2541.8226024,61.003,6.192,88.787,1.0
64.5166,128.234875,37.84903,2541.9844512,61.056,6.282,88.986,1.0
64.5333,128.234938,37.849034,2542.1551392,61.107,6.371,89.184,1.0
64.55,128.235001,37.849039,2542.3349712000004,61.157,6.461,89.382,1.0
64.5666,128.235064,37.849043,2542.5230328000002,61.206,6.551,89.58,1.0
64.5833,128.235127,37.849047,2542.7202384,61.255,6.64,89.778,1.0
64.6,128.23519,37.849051,2542.9259784000005,61.303,6.729,89.977,1.0
64.6166,128.235252,37.849054,2543.1402528000003,61.351,6.817,90.175,1.0
64.6333,128.235315,37.849058,2543.3633664000004,61.401,6.906,90.374,1.0
64.65,128.235378,37.849061,2543.5950144000003,61.455,6.993,90.572,1.0
64.6666,128.235441,37.849064,2543.8351967999997,61.51,7.081,90.771,1.0
64.6833,128.235504,37.849067,2544.0839136,61.568,7.168,90.969,1.0
64.7,128.235567,37.84907,2544.3414696,61.627,7.256,91.168,1.0
64.7166,128.23563,37.849073,2544.6072552000005,61.687,7.343,91.366,1.0
64.7333,128.235693,37.849075,2544.8818800000004,61.748,7.43,91.565,1.0
64.75,128.235756,37.849077,2545.1647344000003,61.81,7.516,91.764,1.0
64.7666,128.235819,37.84908,2545.4561232,61.873,7.602,91.963,1.0
64.7833,128.235882,37.849082,2545.7563511999997,61.936,7.689,92.161,1.0
64.8,128.235944,37.849083,2546.0648088000003,61.999,7.774,92.361,1.0
64.8166,128.236007,37.849085,2546.3814960000004,62.063,7.86,92.56,1.0
64.8333,128.23607,37.849086,2546.7067176,62.129,7.945,92.759,1.0
64.85,128.236133,37.849088,2547.0404736000005,62.196,8.03,92.959,1.0
64.8666,128.236196,37.849089,2547.3824592,62.264,8.115,93.158,1.0
64.8833,128.236259,37.84909,2547.7326744,62.333,8.199,93.358,1.0
64.9,128.236322,37.849091,2548.0914239999997,62.403,8.283,93.558,1.0
64.9166,128.236384,37.849091,2548.4584032000002,62.474,8.367,93.758,1.0
64.9333,128.236447,37.849092,2548.8333072,62.546,8.45,93.958,1.0
64.95,128.23651,37.849092,2549.2167456,62.618,8.534,94.158,1.0
64.9666,128.236573,37.849092,2549.6084136,62.692,8.617,94.359,1.0
64.9833,128.236636,37.849092,2550.0083112,62.766,8.699,94.56,1.0
65.0,128.236698,37.849092,2550.4161336,62.84,8.782,94.76,1.0
65.0166,128.236761,37.849091,2550.8321856,62.915,8.864,94.961,1.0
65.0333,128.236824,37.849091,2551.2564672,62.991,8.946,95.163,1.0
65.05,128.236886,37.84909,2551.6886736,63.067,9.027,95.364,1.0
65.0666,128.236949,37.849089,2552.1291096000004,63.144,9.109,95.565,1.0
65.0833,128.237012,37.849088,2552.5774704,63.221,9.19,95.767,1.0
65.1,128.237074,37.849087,2553.033756,63.299,9.27,95.969,1.0
65.1166,128.237137,37.849085,2553.4979664,63.377,9.351,96.171,1.0
65.1333,128.2372,37.849084,2553.9704064000002,63.455,9.431,96.373,1.0
65.15,128.237262,37.849082,2554.4504664,63.533,9.511,96.576,1.0
65.1666,128.237325,37.84908,2554.938756,63.612,9.59,96.778,1.0
65.1833,128.237387,37.849078,2555.4346656000002,63.691,9.669,96.981,1.0
65.2,128.23745,37.849076,2555.9381952,63.77,9.748,97.184,1.0
65.2166,128.237512,37.849073,2556.4499544,63.849,9.827,97.387,1.0
65.2333,128.237575,37.849071,2556.9693336,63.929,9.905,97.59,1.0
65.25,128.237637,37.849068,2557.4963328000003,64.01,9.983,97.794,1.0
65.2666,128.237699,37.849065,2558.0312568,64.092,10.06,97.997,1.0
65.2833,128.237762,37.849062,2558.5734960000004,64.175,10.138,98.201,1.0
65.3,128.237824,37.849059,2559.12366,64.259,10.215,98.405,1.0
65.3166,128.237886,37.849055,2559.6814440000003,64.343,10.291,98.609,1.0
65.3333,128.237949,37.849052,2560.246848,64.427,10.368,98.814,1.0
65.35,128.238011,37.849048,2560.819872,64.51,10.444,99.018,1.0
65.3666,128.238073,37.849044,2561.4002112000003,64.593,10.52,99.223,1.0
65.3833,128.238135,37.84904,2561.9884752000003,64.676,10.595,99.427,1.0
65.4,128.238197,37.849036,2562.5837496,64.758,10.671,99.633,1.0
65.4166,128.238259,37.849031,2563.1869488,64.841,10.745,99.838,1.0
65.4333,128.238321,37.849026,2563.7971584,64.924,10.82,100.043,1.0
65.45,128.238383,37.849022,2564.414988,65.007,10.894,100.249,1.0
65.4666,128.238445,37.849017,2565.0398280000004,65.091,10.968,100.455,1.0
65.4833,128.238507,37.849012,2565.6722879999998,65.175,11.042,100.661,1.0
65.5,128.238569,37.849006,2566.3120632,65.259,11.116,100.868,1.0
65.5166,128.238631,37.849001,2566.9588488000004,65.344,11.189,101.075,1.0
65.5333,128.238692,37.848995,2567.6129496,65.428,11.262,101.282,1.0
65.55,128.238754,37.848989,2568.2743656000002,65.512,11.335,101.49,1.0
65.5666,128.238816,37.848983,2568.9427920000003,65.595,11.408,101.699,1.0
65.5833,128.238877,37.848977,2569.6185336,65.678,11.481,101.907,1.0
65.6,128.238939,37.848971,2570.3009807999997,65.761,11.553,102.116,1.0
65.6166,128.239001,37.848964,2570.9907432,65.844,11.625,102.326,1.0
65.6333,128.239062,37.848958,2571.687516,65.927,11.697,102.535,1.0
65.65,128.239123,37.848951,2572.3912992,66.008,11.769,102.745,1.0
65.6666,128.239185,37.848944,2573.1020928,66.09,11.84,102.955,1.0
65.6833,128.239246,37.848937,2573.8198967999997,66.171,11.912,103.166,1.0
65.7,128.239307,37.848929,2574.5444064,66.253,11.983,103.377,1.0
65.7166,128.239368,37.848922,2575.2759264,66.334,12.053,103.588,1.0
65.7333,128.23943,37.848914,2576.014152,66.415,12.124,103.8,1.0
65.75,128.239491,37.848906,2576.7590832,66.496,12.194,104.012,1.0
65.7666,128.239552,37.848898,2577.5110248,66.578,12.264,104.224,1.0
65.7833,128.239613,37.84889,2578.269672,66.659,12.334,104.436,1.0
65.8,128.239673,37.848882,2579.0350248,66.741,12.403,104.649,1.0
65.8166,128.239734,37.848873,2579.8070832,66.823,12.472,104.862,1.0
65.8333,128.239795,37.848865,2580.5858472,66.904,12.541,105.075,1.0
65.85,128.239856,37.848856,2581.371012,66.986,12.61,105.289,1.0
65.8666,128.239916,37.848847,2582.1628824000004,67.067,12.679,105.502,1.0
65.8833,128.239977,37.848838,2582.9614584,67.148,12.747,105.717,1.0
65.9,128.240037,37.848828,2583.7661304000003,67.229,12.815,105.931,1.0
65.9166,128.240098,37.848819,2584.5778127999997,67.31,12.883,106.146,1.0
65.9333,128.240158,37.848809,2585.3955912,67.391,12.95,106.36,1.0
65.95,128.240218,37.848799,2586.2200752000003,67.473,13.017,106.576,1.0
65.9666,128.240279,37.848789,2587.0506552,67.555,13.084,106.791,1.0
65.9833,128.240339,37.848779,2587.887636,67.637,13.151,107.007,1.0
66.0,128.240399,37.848769,2588.7313224,67.72,13.217,107.223,1.0
66.0166,128.240459,37.848758,2589.5811048,67.803,13.283,107.439,1.0
66.0333,128.240519,37.848748,2590.4369831999998,67.886,13.349,107.656,1.0
66.05,128.240578,37.848737,2591.2992624000003,67.969,13.414,107.873,1.0
66.0666,128.240638,37.848726,2592.1676376,68.052,13.48,108.09,1.0
66.0833,128.240698,37.848715,2593.0421088000003,68.136,13.545,108.307,1.0
66.1,128.240757,37.848703,2593.9229808,68.219,13.609,108.525,1.0
66.1166,128.240817,37.848692,2594.8099488000003,68.303,13.674,108.743,1.0
66.1333,128.240876,37.84868,2595.702708,68.388,13.738,108.961,1.0
66.15,128.240936,37.848669,2596.6015632,68.473,13.802,109.179,1.0
66.1666,128.240995,37.848657,2597.5065144000005,68.56,13.865,109.398,1.0
66.1833,128.241054,37.848644,2598.4175616,68.647,13.928,109.617,1.0
66.2,128.241113,37.848632,2599.3344,68.735,13.991,109.837,1.0
66.2166,128.241172,37.84862,2600.2570296000004,68.823,14.054,110.056,1.0
66.2333,128.241231,37.848607,2601.1857552,68.911,14.116,110.276,1.0
66.25,128.24129,37.848594,2602.1199672,69.0,14.178,110.497,1.0
66.2666,128.241349,37.848581,2603.0602752,69.09,14.24,110.717,1.0
66.2833,128.241407,37.848568,2604.0063744,69.18,14.301,110.938,1.0
66.3,128.241466,37.848555,2604.95796,69.27,14.362,111.159,1.0
66.3166,128.241524,37.848542,2605.9153368,69.36,14.423,111.38,1.0
66.3333,128.241582,37.848528,2606.8785048,69.451,14.484,111.602,1.0
66.35,128.241641,37.848514,2607.8471592,69.542,14.544,111.824,1.0
66.3666,128.241699,37.8485,2608.8213,69.633,14.604,112.046,1.0
66.3833,128.241757,37.848486,2609.8012320000003,69.724,14.664,112.269,1.0
66.4,128.241815,37.848472,2610.7866504000003,69.815,14.723,112.492,1.0
66.4166,128.241873,37.848458,2611.7775552000003,69.907,14.782,112.715,1.0
66.4333,128.241931,37.848443,2612.7736416000002,70.0,14.84,112.939,1.0
66.45,128.241988,37.848428,2613.7752144,70.094,14.898,113.163,1.0
66.4666,128.242046,37.848413,2614.7822736000003,70.189,14.956,113.387,1.0
66.4833,128.242103,37.848398,2615.7945144000005,70.285,15.014,113.611,1.0
66.5,128.242161,37.848383,2616.8122416,70.382,15.071,113.836,1.0
66.5166,128.242218,37.848368,2617.8351504,70.479,15.128,114.061,1.0
66.5333,128.242275,37.848352,2618.8632408000003,70.577,15.184,114.287,1.0
66.55,128.242332,37.848337,2619.8965128,70.674,15.24,114.512,1.0
66.5666,128.242389,37.848321,2620.9352712000004,70.771,15.296,114.738,1.0
66.5833,128.242446,37.848305,2621.9786016,70.868,15.352,114.964,1.0
66.6,128.242502,37.848289,2623.0274184,70.966,15.407,115.191,1.0
66.6166,128.242559,37.848273,2624.0811120000003,71.063,15.462,115.418,1.0
66.6333,128.242616,37.848256,2625.1399872,71.161,15.516,115.645,1.0
66.65,128.242672,37.84824,2626.2037392,71.259,15.57,115.872,1.0
66.6666,128.242728,37.848223,2627.2726728000002,71.357,15.624,116.1,1.0
66.6833,128.242784,37.848206,2628.3461784000006,71.456,15.677,116.328,1.0
66.7,128.24284,37.848189,2629.4248656,71.555,15.73,116.557,1.0
66.7166,128.242896,37.848172,2630.5084296,71.655,15.783,116.785,1.0
66.7333,128.242952,37.848154,2631.5965656,71.754,15.835,117.014,1.0
66.75,128.243008,37.848137,2632.6895784000003,71.853,15.887,117.243,1.0
66.7666,128.243063,37.848119,2633.787468,71.952,15.939,117.473,1.0
66.7833,128.243119,37.848101,2634.8899296,72.05,15.99,117.702,1.0
66.8,128.243174,37.848083,2635.997268,72.149,16.041,117.932,1.0
66.8166,128.243229,37.848065,2637.1091784000005,72.247,16.092,118.163,1.0
66.8333,128.243285,37.848047,2638.2256608,72.346,16.142,118.393,1.0
66.85,128.24334,37.848028,2639.3467152,72.444,16.192,118.624,1.0
66.8666,128.243394,37.84801,2640.4723416,72.542,16.241,118.856,1.0
66.8833,128.243449,37.847991,2641.60254,72.641,16.29,119.087,1.0
66.9,128.243504,37.847972,2642.7373104,72.739,16.339,119.319,1.0
66.9166,128.243558,37.847953,2643.8763480000002,72.837,16.387,119.551,1.0
66.9333,128.243613,37.847934,2645.0199576000005,72.936,16.435,119.783,1.0
66.95,128.243667,37.847914,2646.1678344,73.033,16.483,120.016,1.0
66.9666,128.243721,37.847895,2647.3202831999997,73.131,16.53,120.249,1.0
66.9833,128.243775,37.847875,2648.4766944,73.228,16.577,120.482,1.0
67.0,128.243829,37.847855,2649.6376776,73.325,16.624,120.715,1.0
67.0166,128.243883,37.847835,2650.8026232,73.422,16.67,120.949,1.0
67.0333,128.243936,37.847815,2651.9721408,73.518,16.716,121.183,1.0
67.05,128.24399,37.847795,2653.1456208000004,73.613,16.762,121.417,1.0
67.0666,128.244043,37.847774,2654.3233680000003,73.707,16.807,121.651,1.0
67.0833,128.244096,37.847754,2655.5050776000003,73.801,16.852,121.886,1.0
67.1,128.244149,37.847733,2656.6910544,73.894,16.897,122.121,1.0
67.1166,128.244202,37.847712,2657.8809936000002,73.987,16.941,122.356,1.0
67.1333,128.244255,37.847691,2659.0752,74.079,16.985,122.592,1.0
67.15,128.244308,37.84767,2660.2730640000004,74.172,17.029,122.828,1.0
67.1666,128.24436,37.847649,2661.4748904,74.264,17.072,123.064,1.0
67.1833,128.244413,37.847627,2662.680984,74.357,17.115,123.3,1.0
67.2,128.244465,37.847605,2663.8907352000006,74.45,17.158,123.537,1.0
67.2166,128.244517,37.847584,2665.1044488000002,74.542,17.2,123.774,1.0
67.2333,128.244569,37.847562,2666.32182,74.635,17.242,124.011,1.0
67.25,128.244621,37.84754,2667.5431536,74.726,17.283,124.248,1.0
67.2666,128.244673,37.847518,2668.7681448,74.818,17.325,124.486,1.0
67.2833,128.244724,37.847495,2669.9967936000003,74.909,17.366,124.723,1.0
67.3,128.244776,37.847473,2671.2294048000003,75.0,17.406,124.961,1.0
67.3166,128.244827,37.84745,2672.4653688000003,75.091,17.447,125.2,1.0
67.3333,128.244878,37.847427,2673.7052952,75.182,17.486,125.438,1.0
67.35,128.244929,37.847404,2674.9485744,75.273,17.526,125.677,1.0
67.3666,128.24498,37.847381,2676.1955112,75.363,17.565,125.916,1.0
67.3833,128.245031,37.847358,2677.4461056000005,75.454,17.604,126.155,1.0
67.4,128.245081,37.847335,2678.7000528000003,75.544,17.643,126.395,1.0
67.4166,128.245132,37.847311,2679.9576576000004,75.635,17.681,126.634,1.0
67.4333,128.245182,37.847288,2681.2186152,75.725,17.719,126.874,1.0
67.45,128.245232,37.847264,2682.4829256000003,75.816,17.757,127.115,1.0
67.4666,128.245282,37.84724,2683.7508936000004,75.907,17.794,127.355,1.0
67.4833,128.245332,37.847216,2685.0219096,75.997,17.831,127.596,1.0
67.5,128.245382,37.847192,2686.2962784000006,76.088,17.867,127.837,1.0
67.5166,128.245431,37.847167,2687.574,76.179,17.904,128.078,1.0
67.5333,128.245481,37.847143,2688.8550744,76.27,17.94,128.319,1.0
67.55,128.24553,37.847118,2690.1391968,76.361,17.975,128.561,1.0
67.5666,128.245579,37.847093,2691.426672,76.452,18.01,128.803,1.0
67.5833,128.245628,37.847068,2692.7171952,76.543,18.045,129.045,1.0
67.6,128.245677,37.847043,2694.0110712000005,76.635,18.08,129.287,1.0
67.6166,128.245725,37.847018,2695.3079952000003,76.726,18.114,129.53,1.0
67.6333,128.245774,37.846993,2696.6079672,76.817,18.148,129.773,1.0
67.65,128.245822,37.846967,2697.9106824000005,76.908,18.181,130.016,1.0
67.6666,128.24587,37.846942,2699.2167504000004,76.999,18.215,130.259,1.0
67.6833,128.245918,37.846916,2700.5255616000004,77.09,18.247,130.502,1.0
67.7,128.245966,37.84689,2701.8377256000003,77.182,18.28,130.746,1.0
67.7166,128.246014,37.846864,2703.152328,77.273,18.312,130.99,1.0
67.7333,128.246061,37.846838,2704.4699784000004,77.364,18.344,131.234,1.0
67.75,128.246109,37.846812,2705.7906768,77.456,18.375,131.479,1.0
67.7666,128.246156,37.846785,2707.1141184000003,77.548,18.406,131.723,1.0
67.7833,128.246203,37.846759,2708.4399984,77.641,18.437,131.968,1.0
67.8,128.24625,37.846732,2709.7689264,77.733,18.467,132.213,1.0
67.8166,128.246297,37.846705,2711.1005976,77.826,18.497,132.459,1.0
67.8333,128.246343,37.846678,2712.4350120000004,77.92,18.527,132.704,1.0
67.85,128.246389,37.846651,2713.7721696,78.016,18.556,132.95,1.0
67.8666,128.246436,37.846624,2715.1117656,78.113,18.584,133.196,1.0
67.8833,128.246482,37.846597,2716.4538000000002,78.211,18.613,133.442,1.0
67.9,128.246528,37.846569,2717.7985776,78.309,18.641,133.689,1.0
67.9166,128.246573,37.846542,2719.1460984000005,78.408,18.668,133.935,1.0
67.9333,128.246619,37.846514,2720.4957528000004,78.507,18.696,134.182,1.0
67.95,128.246664,37.846486,2721.8481504,78.604,18.723,134.429,1.0
67.9666,128.246709,37.846458,2723.2029864,78.7,18.75,134.676,1.0
67.9833,128.246755,37.84643,2724.5602608,78.796,18.776,134.924,1.0
68.0,128.246799,37.846402,2725.9199736000005,78.891,18.802,135.171,1.0
68.0166,128.246844,37.846373,2727.28182,78.986,18.827,135.419,1.0
68.0333,128.246889,37.846345,2728.6461048,79.082,18.852,135.668,1.0
68.05,128.246933,37.846316,2730.0128280000004,79.179,18.877,135.916,1.0
68.0666,128.246977,37.846287,2731.3816848,79.277,18.901,136.165,1.0
68.0833,128.247021,37.846259,2732.7526752000003,79.375,18.924,136.413,1.0
68.1,128.247065,37.84623,2734.126104,79.475,18.948,136.662,1.0
68.1166,128.247109,37.8462,2735.5013616,79.575,18.97,136.912,1.0
68.1333,128.247152,37.846171,2736.8790576,79.683,18.992,137.161,1.0
68.15,128.247196,37.846142,2738.2585824000003,79.798,19.012,137.411,1.0
68.1666,128.247239,37.846112,2739.6402408,79.92,19.032,137.661,1.0
68.1833,128.247282,37.846083,2741.0240328000004,80.048,19.051,137.911,1.0
68.2,128.247325,37.846053,2742.4096535999997,80.18,19.07,138.161,1.0
68.2166,128.247367,37.846023,2743.7971032000005,80.315,19.089,138.411,1.0
68.2333,128.24741,37.845993,2745.1866864000003,80.462,19.106,138.661,1.0
68.25,128.247452,37.845963,2746.5777936000004,80.62,19.122,138.912,1.0
68.2666,128.247494,37.845933,2747.9707296,80.786,19.135,139.163,1.0
68.2833,128.247536,37.845902,2749.3654944,80.961,19.149,139.414,1.0
68.3,128.247578,37.845872,2750.7617832,81.143,19.162,139.664,1.0
68.3166,128.247619,37.845841,2752.1599008000003,81.329,19.175,139.915,1.0
68.3333,128.247661,37.845811,2753.5592376,81.518,19.187,140.167,1.0
68.35,128.247702,37.84578,2754.9604032,81.708,19.199,140.418,1.0
68.3666,128.247743,37.845749,2756.362788,81.9,19.209,140.669,1.0
68.3833,128.247784,37.845718,2757.7666968,82.092,19.219,140.921,1.0
68.4,128.247825,37.845687,2759.1718248,82.284,19.228,141.173,1.0
68.4166,128.247865,37.845655,2760.5784768,82.477,19.236,141.426,1.0
68.4333,128.247905,37.845624,2761.9860432,82.672,19.242,141.679,1.0
68.45,128.247946,37.845592,2763.3951336,82.87,19.248,141.932,1.0
68.4666,128.247986,37.845561,2764.8048336,83.07,19.252,142.186,1.0
68.4833,128.248025,37.845529,2766.2157528000002,83.273,19.255,142.439,1.0
68.5,128.248065,37.845497,2767.6278912000002,83.477,19.258,142.693,1.0
68.5166,128.248104,37.845465,2769.0406392000004,83.683,19.259,142.948,1.0
68.5333,128.248143,37.845433,2770.4543016,83.892,19.259,143.202,1.0
68.55,128.248183,37.845401,2771.8685736,84.103,19.258,143.457,1.0
68.5666,128.248221,37.845368,2773.2837600000003,84.316,19.255,143.712,1.0
68.5833,128.24826,37.845336,2774.699556,84.532,19.252,143.968,1.0
68.6,128.248299,37.845303,2776.1156568,84.75,19.247,144.223,1.0
68.6166,128.248337,37.845271,2777.5323672,84.969,19.242,144.479,1.0
68.6333,128.248375,37.845238,2778.9493824,85.165,19.239,144.735,1.0
68.65,128.248413,37.845205,2780.3670072000004,85.339,19.239,144.991,1.0
68.6666,128.24845,37.845172,2781.7846320000003,85.492,19.24,145.247,1.0
68.6833,128.248488,37.845139,2783.2028664000004,85.626,19.239,145.503,1.0
68.7,128.248525,37.845106,2784.6214056000003,85.746,19.236,145.761,1.0
68.7166,128.248562,37.845072,2786.0402496,85.854,19.231,146.018,1.0
68.7333,128.248599,37.845039,2787.4590936000004,85.94,19.227,146.277,1.0
68.75,128.248636,37.845005,2788.8779375999998,86.007,19.224,146.536,1.0
68.7666,128.248672,37.844971,2790.2970864000004,86.059,19.22,146.796,1.0
68.7833,128.248709,37.844938,2791.7162352000005,86.099,19.217,147.055,1.0
68.8,128.248745,37.844904,2793.1356888,86.129,19.212,147.315,1.0
68.8166,128.248781,37.84487,2794.5551424,86.152,19.207,147.576,1.0
68.8333,128.248816,37.844835,2795.9745960000005,86.166,19.202,147.836,1.0
68.85,128.248852,37.844801,2797.3940496,86.174,19.198,148.097,1.0
68.8666,128.248887,37.844767,2798.8135032000005,86.176,19.193,148.358,1.0
68.8833,128.248922,37.844732,2800.2329568,86.175,19.188,148.619,1.0
68.9,128.248957,37.844698,2801.6524104,86.17,19.184,148.88,1.0
68.9166,128.248992,37.844663,2803.0721688000003,86.162,19.18,149.14,1.0
68.9333,128.249026,37.844628,2804.4916224,86.153,19.175,149.401,1.0
68.95,128.24906,37.844593,2805.9110760000003,86.143,19.171,149.662,1.0
68.9666,128.249094,37.844558,2807.3308344,86.133,19.167,149.922,1.0
68.9833,128.249128,37.844523,2808.750288,86.121,19.163,150.182,1.0
69.0,128.249162,37.844488,2810.1700464000005,86.109,19.16,150.443,1.0
69.0166,128.249195,37.844453,2811.5895,86.097,19.157,150.703,1.0
69.0333,128.249229,37.844417,2813.0092584,86.09,19.153,150.963,1.0
69.05,128.249262,37.844382,2814.4287120000004,86.087,19.149,151.223,1.0
69.0666,128.249295,37.844346,2815.8484704,86.09,19.145,151.483,1.0
69.0833,128.249327,37.844311,2817.2679239999998,86.096,19.141,151.742,1.0
69.1,128.24936,37.844275,2818.6873776,86.105,19.138,152.002,1.0
69.1166,128.249392,37.844239,2820.107136,86.116,19.135,152.261,1.0
69.1333,128.249424,37.844203,2821.5265896000005,86.133,19.132,152.52,1.0
69.15,128.249456,37.844167,2822.9460432,86.156,19.128,152.779,1.0
69.1666,128.249487,37.844131,2824.3654968,86.183,19.124,153.038,1.0
69.1833,128.249519,37.844095,2825.7849504,86.214,19.12,153.297,1.0
69.2,128.24955,37.844058,2827.204404,86.247,19.117,153.556,1.0
69.2166,128.249581,37.844022,2828.6235528,86.283,19.114,153.815,1.0
69.2333,128.249611,37.843985,2830.0430064,86.321,19.11,154.073,1.0
69.25,128.249642,37.843949,2831.4621552000003,86.362,19.107,154.332,1.0
69.2666,128.249672,37.843912,2832.8809992,86.405,19.103,154.59,1.0
69.2833,128.249702,37.843875,2834.2998432,86.449,19.099,154.849,1.0
69.3,128.249732,37.843838,2835.7186872,86.495,19.095,155.108,1.0
69.3166,128.249762,37.843801,2837.1372264,86.541,19.092,155.367,1.0
69.3333,128.249792,37.843764,2838.5557656,86.588,19.087,155.625,1.0
69.35,128.249821,37.843727,2839.974,86.637,19.083,155.884,1.0
69.3666,128.24985,37.84369,2841.3919296000004,86.686,19.079,156.143,1.0
69.3833,128.249879,37.843652,2842.8095544000003,86.737,19.074,156.402,1.0
69.4,128.249907,37.843615,2844.2271792,86.788,19.069,156.661,1.0
69.4166,128.249936,37.843577,2845.6444992,86.84,19.064,156.92,1.0
69.4333,128.249964,37.84354,2847.0615144000003,86.893,19.059,157.179,1.0
69.45,128.249992,37.843502,2848.4785296,86.949,19.053,157.439,1.0
69.4666,128.25002,37.843464,2849.8949352000004,87.006,19.047,157.698,1.0
69.4833,128.250047,37.843427,2851.311036,87.065,19.041,157.957,1.0
69.5,128.250075,37.843389,2852.7268320000003,87.125,19.035,158.217,1.0
69.5166,128.250102,37.843351,2854.1420184000003,87.185,19.029,158.476,1.0
69.5333,128.250129,37.843313,2855.5572048000004,87.249,19.022,158.736,1.0
69.55,128.250155,37.843275,2856.9717816,87.314,19.014,158.996,1.0
69.5666,128.250182,37.843236,2858.3860535999997,87.381,19.007,159.256,1.0
69.5833,128.250208,37.843198,2859.799716,87.45,18.999,159.515,1.0
69.6,128.250234,37.84316,2861.2130736000004,87.52,18.991,159.775,1.0
69.6166,128.25026,37.843121,2862.6255168000002,87.59,18.983,160.035,1.0
69.6333,128.250286,37.843083,2864.0379600000006,87.663,18.974,160.295,1.0
69.65,128.250311,37.843044,2865.4494888000004,87.736,18.965,160.555,1.0
69.6666,128.250336,37.843005,2866.8607128,87.809,18.956,160.816,1.0
69.6833,128.250361,37.842967,2868.2713272,87.884,18.946,161.076,1.0
69.7,128.250386,37.842928,2869.6810272000002,87.959,18.937,161.336,1.0
69.7166,128.25041,37.842889,2871.0904224,88.034,18.926,161.597,1.0
69.7333,128.250435,37.84285,2872.4989032000003,88.109,18.916,161.857,1.0
69.75,128.250459,37.842811,2873.9067744,88.184,18.905,162.118,1.0
69.7666,128.250482,37.842772,2875.314036,88.26,18.894,162.379,1.0
69.7833,128.250506,37.842733,2876.7203832,88.335,18.883,162.64,1.0
69.8,128.250529,37.842693,2878.1261208,88.41,18.871,162.901,1.0
69.8166,128.250552,37.842654,2879.5309440000005,88.486,18.859,163.162,1.0
69.8333,128.250575,37.842615,2880.9348528000005,88.561,18.846,163.423,1.0
69.85,128.250598,37.842575,2882.3381520000003,88.636,18.833,163.685,1.0
69.8666,128.250621,37.842536,2883.7405368000004,88.712,18.82,163.946,1.0
69.8833,128.250643,37.842496,2885.1417024,88.787,18.806,164.208,1.0
69.9,128.250665,37.842457,2886.5422584,88.863,18.793,164.469,1.0
69.9166,128.250687,37.842417,2887.9419000000003,88.938,18.778,164.731,1.0
69.9333,128.250708,37.842377,2889.3406272,89.014,18.764,164.993,1.0
69.95,128.25073,37.842337,2890.7381352,89.092,18.748,165.255,1.0
69.9666,128.250751,37.842297,2892.1347288,89.17,18.733,165.517,1.0
69.9833,128.250772,37.842257,2893.5301032,89.248,18.717,165.779,1.0
70.0,128.250792,37.842217,2894.9245632,89.328,18.701,166.041,1.0
70.0166,128.250813,37.842177,2896.3181088,89.407,18.684,166.303,1.0
70.0333,128.250833,37.842137,2897.7104352000006,89.489,18.667,166.566,1.0
70.05,128.250853,37.842097,2899.1015423999997,89.572,18.65,166.828,1.0
70.0666,128.250873,37.842057,2900.4914304000004,89.657,18.631,167.091,1.0
70.0833,128.250892,37.842017,2901.8800992,89.743,18.613,167.353,1.0
70.1,128.250911,37.841976,2903.2675488000004,89.83,18.594,167.616,1.0
70.1166,128.250931,37.841936,2904.6537792,89.918,18.575,167.878,1.0
70.1333,128.250949,37.841895,2906.0384856,90.007,18.555,168.141,1.0
70.15,128.250968,37.841855,2907.4219728000003,90.099,18.535,168.404,1.0
70.1666,128.250986,37.841814,2908.8042408,90.191,18.515,168.666,1.0
70.1833,128.251005,37.841774,2910.1852896000005,90.285,18.493,168.929,1.0
70.2,128.251022,37.841733,2911.5645096000003,90.38,18.472,169.192,1.0
70.2166,128.25104,37.841692,2912.9425103999997,90.476,18.45,169.455,1.0
70.2333,128.251058,37.841651,2914.3189872000003,90.572,18.428,169.718,1.0
70.25,128.251075,37.841611,2915.69394,90.669,18.405,169.981,1.0
70.2666,128.251092,37.84157,2917.0673688,90.767,18.382,170.244,1.0
70.2833,128.251109,37.841529,2918.4392736000004,90.865,18.358,170.507,1.0
70.3,128.251125,37.841488,2919.8093496,90.964,18.334,170.77,1.0
70.3166,128.251141,37.841447,2921.1779016,91.063,18.309,171.034,1.0
70.3333,128.251157,37.841406,2922.5449296,91.162,18.284,171.297,1.0
70.35,128.251173,37.841365,2923.9101288,91.261,18.258,171.56,1.0
70.3666,128.251189,37.841323,2925.2734992,91.361,18.232,171.824,1.0
70.3833,128.251204,37.841282,2926.6350408000003,91.462,18.205,172.088,1.0
70.4,128.251219,37.841241,2927.9950584,91.562,18.178,172.351,1.0
70.4166,128.251234,37.8412,2929.3529424,91.662,18.151,172.615,1.0
70.4333,128.251249,37.841158,2930.7089976,91.764,18.122,172.879,1.0
70.45,128.251263,37.841117,2932.063224,91.865,18.094,173.142,1.0
70.4666,128.251278,37.841076,2933.4156215999997,91.967,18.065,173.406,1.0
70.4833,128.251292,37.841034,2934.7658856,92.07,18.035,173.67,1.0
70.5,128.251305,37.840993,2936.1143208000003,92.172,18.005,173.934,1.0
70.5166,128.251319,37.840951,2937.4603176,92.275,17.974,174.198,1.0
70.5333,128.251332,37.84091,2938.8044856,92.378,17.943,174.462,1.0
70.55,128.251345,37.840868,2940.1465200000002,92.483,17.911,174.726,1.0
70.5666,128.251358,37.840826,2941.4864208000004,92.587,17.879,174.991,1.0
70.5833,128.25137,37.840785,2942.824188,92.692,17.846,175.255,1.0
70.6,128.251383,37.840743,2944.1595168000003,92.797,17.813,175.519,1.0
70.6166,128.251395,37.840701,2945.492712,92.903,17.779,175.783,1.0
70.6333,128.251407,37.840659,2946.8237736000005,93.009,17.745,176.048,1.0
70.65,128.251418,37.840618,2948.1523968,93.115,17.71,176.312,1.0
70.6666,128.25143,37.840576,2949.4785816,93.221,17.675,176.576,1.0
70.6833,128.251441,37.840534,2950.802328,93.328,17.639,176.841,1.0
70.7,128.251452,37.840492,2952.1236360000003,93.435,17.602,177.105,1.0
70.7166,128.251462,37.84045,2953.4425056000005,93.542,17.565,177.369,1.0
70.7333,128.251473,37.840408,2954.7589368000004,93.649,17.527,177.634,1.0
70.75,128.251483,37.840366,2956.0726248,93.756,17.489,177.898,1.0
70.7666,128.251493,37.840324,2957.3838744,93.863,17.45,178.163,1.0
70.7833,128.251502,37.840282,2958.6926856,93.97,17.411,178.427,1.0
70.8,128.251512,37.84024,2959.9984488000005,94.077,17.371,178.692,1.0
70.8166,128.251521,37.840198,2961.3017736,94.184,17.331,178.957,1.0
70.8333,128.25153,37.840156,2962.6023552,94.291,17.29,179.221,1.0
70.85,128.251539,37.840114,2963.9001936000004,94.398,17.248,179.486,1.0
70.8666,128.251547,37.840071,2965.194984,94.504,17.206,179.75,1.0
70.8833,128.251556,37.840029,2966.4870312,94.611,17.164,180.015,1.0
70.9,128.251564,37.839987,2967.7763352000006,94.717,17.121,180.279,1.0
70.9166,128.251571,37.839945,2969.0625912,94.823,17.077,180.543,1.0
70.9333,128.251579,37.839902,2970.346104,94.929,17.033,180.807,1.0
70.95,128.251586,37.83986,2971.6262640000004,95.035,16.988,181.071,1.0
70.9666,128.251593,37.839818,2972.9036808,95.141,16.943,181.335,1.0
70.9833,128.2516,37.839776,2974.1780496,95.246,16.897,181.598,1.0
71.0,128.251607,37.839733,2975.4490656000003,95.352,16.851,181.862,1.0
71.0166,128.251613,37.839691,2976.7173384000002,95.457,16.805,182.125,1.0
71.0333,128.251619,37.839649,2977.9822584,95.562,16.757,182.388,1.0
71.05,128.251625,37.839606,2979.2438256000005,95.666,16.71,182.651,1.0
71.0666,128.251631,37.839564,2980.5023448,95.77,16.662,182.914,1.0
71.0833,128.251636,37.839521,2981.7575112,95.874,16.613,183.177,1.0
71.1,128.251641,37.839479,2983.0093248000003,95.977,16.564,183.44,1.0
71.1166,128.251646,37.839437,2984.2577856,96.081,16.514,183.702,1.0
71.1333,128.251651,37.839394,2985.5028936000003,96.183,16.464,183.965,1.0
71.15,128.251656,37.839352,2986.744344,96.286,16.413,184.227,1.0
71.1666,128.25166,37.839309,2987.9827464000005,96.388,16.362,184.489,1.0
71.1833,128.251664,37.839267,2989.2171864,96.49,16.311,184.752,1.0
71.2,128.251667,37.839224,2990.4485784000003,96.592,16.259,185.014,1.0
71.2166,128.251671,37.839182,2991.676008,96.693,16.206,185.276,1.0
71.2333,128.251674,37.839139,2992.9000848000005,96.795,16.153,185.538,1.0
71.25,128.251677,37.839097,2994.120504,96.896,16.099,185.799,1.0
71.2666,128.25168,37.839054,2995.3372656,96.997,16.045,186.061,1.0
71.2833,128.251682,37.839012,2996.5500647999997,97.099,15.99,186.322,1.0
71.3,128.251685,37.838969,2997.7595112,97.2,15.935,186.584,1.0
71.3166,128.251687,37.838927,2998.9646904,97.301,15.88,186.845,1.0
71.3333,128.251689,37.838884,3000.1665168000004,97.402,15.824,187.106,1.0
71.35,128.25169,37.838842,3001.3643807999997,97.503,15.767,187.367,1.0
71.3666,128.251692,37.838799,3002.5582824000003,97.605,15.71,187.628,1.0
71.3833,128.251693,37.838757,3003.7482216,97.706,15.653,187.889,1.0
71.4,128.251694,37.838714,3004.9341984000002,97.807,15.595,188.15,1.0
71.4166,128.251694,37.838671,3006.1162128,97.908,15.536,188.411,1.0
71.4333,128.251695,37.838629,3007.2942648,98.01,15.477,188.671,1.0
71.45,128.251695,37.838586,3008.4683544,98.111,15.418,188.931,1.0
71.4666,128.251695,37.838544,3009.6381768,98.212,15.358,189.192,1.0
71.4833,128.251694,37.838501,3010.8037320000003,98.314,15.297,189.452,1.0
71.5,128.251694,37.838459,3011.9653248,98.415,15.236,189.712,1.0
71.5166,128.251693,37.838416,3013.1226504,98.517,15.175,189.972,1.0
71.5333,128.251692,37.838374,3014.2757088000003,98.619,15.113,190.231,1.0
71.55,128.251691,37.838331,3015.4245,98.722,15.05,190.491,1.0
71.5666,128.251689,37.838289,3016.569024,98.826,14.987,190.751,1.0
71.5833,128.251687,37.838246,3017.7092807999998,98.931,14.923,191.01,1.0
71.6,128.251685,37.838204,3018.8449656000003,99.036,14.859,191.269,1.0
71.6166,128.251683,37.838161,3019.9763832,99.142,14.795,191.528,1.0
71.6333,128.251681,37.838119,3021.1035336,99.249,14.729,191.787,1.0
71.65,128.251678,37.838077,3022.2258072000004,99.357,14.663,192.046,1.0
71.6666,128.251675,37.838034,3023.3438136,99.467,14.597,192.304,1.0
71.6833,128.251672,37.837992,3024.4569432000003,99.578,14.53,192.563,1.0
71.7,128.251668,37.837949,3025.5658056,99.69,14.462,192.821,1.0
71.7166,128.251665,37.837907,3026.6697912000004,99.802,14.394,193.079,1.0
71.7333,128.251661,37.837865,3027.7692048000004,99.917,14.326,193.332,1.0
71.75,128.251657,37.837822,3028.8640464000005,100.035,14.257,193.581,1.0
71.7666,128.251652,37.83778,3029.9543160000003,100.155,14.188,193.826,1.0
71.7833,128.251648,37.837738,3031.039404,100.278,14.119,194.071,1.0
71.8,128.251643,37.837695,3032.11992,100.403,14.049,194.315,1.0
71.8166,128.251638,37.837653,3033.1952544,100.53,13.979,194.56,1.0
71.8333,128.251633,37.837611,3034.2666264,100.66,13.91,194.785,1.0
71.85,128.251627,37.837568,3035.3328168000003,100.787,13.847,194.971,1.0
71.8666,128.251621,37.837526,3036.3944352000003,100.907,13.793,195.1,1.0
71.8833,128.251615,37.837484,3037.4511768,101.023,13.747,195.186,1.0
71.9,128.251609,37.837442,3038.5033464000003,101.14,13.705,195.253,1.0
71.9166,128.251603,37.8374,3039.5506392,101.261,13.663,195.316,1.0
71.9333,128.251596,37.837357,3040.5939696,101.426,13.621,195.355,1.0
71.95,128.25159,37.837315,3041.6330328000004,101.628,13.581,195.353,1.0
71.9666,128.251583,37.837273,3042.6681336,101.864,13.548,195.306,1.0
71.9833,128.251576,37.837231,3043.6983576000002,102.133,13.521,195.235,1.0
72.0,128.251569,37.837189,3044.7243144000004,102.433,13.497,195.156,1.0
72.0166,128.251561,37.837146,3045.7456991999998,102.762,13.474,195.08,1.0
72.0333,128.251554,37.837104,3046.7643408,103.226,13.44,194.985,1.0
72.05,128.251546,37.837062,3047.7793248000003,103.815,13.397,194.855,1.0
72.0666,128.251539,37.83702,3048.7903464000005,104.538,13.352,194.702,1.0
72.0833,128.251531,37.836978,3049.7977104,105.405,13.307,194.54,1.0
72.1,128.251523,37.836936,3050.8017216,106.417,13.263,194.379,1.0
72.1166,128.251515,37.836894,3051.8020752,107.572,13.222,194.224,1.0
72.1333,128.251507,37.836851,3052.797552,108.591,13.204,194.082,1.0
72.15,128.251499,37.836809,3053.7887616000003,109.479,13.209,193.955,1.0
72.1666,128.25149,37.836767,3054.7766184,110.224,13.226,193.836,1.0
72.1833,128.251482,37.836725,3055.7605128,110.819,13.244,193.723,1.0
72.2,128.251474,37.836683,3056.7398352000005,111.265,13.26,193.614,1.0
72.2166,128.251465,37.83664,3057.7151952,111.57,13.273,193.507,1.0
72.2333,128.251456,37.836598,3058.6856784000006,111.74,13.281,193.404,1.0
72.25,128.251447,37.836556,3059.6512848,111.804,13.285,193.304,1.0
72.2666,128.251439,37.836514,3060.6120144,111.79,13.283,193.206,1.0
72.2833,128.25143,37.836472,3061.5675624000005,111.718,13.277,193.11,1.0
72.3,128.25142,37.836429,3062.517624,111.607,13.266,193.018,1.0
72.3166,128.251411,37.836387,3063.4628088,111.47,13.252,192.928,1.0
72.3333,128.251402,37.836345,3064.4022024,111.275,13.237,192.843,1.0
72.35,128.251392,37.836303,3065.3358048,111.03,13.223,192.762,1.0
72.3666,128.251383,37.836261,3066.26514,110.743,13.208,192.685,1.0
72.3833,128.251373,37.836219,3067.1895984000002,110.425,13.19,192.611,1.0
72.4,128.251363,37.836176,3068.1094848000002,110.082,13.17,192.54,1.0
72.4166,128.251353,37.836134,3069.025104,109.722,13.148,192.472,1.0
72.4333,128.251343,37.836092,3069.9382848000005,109.56,13.103,192.399,1.0
72.45,128.251333,37.83605,3070.847808,109.587,13.039,192.323,1.0
72.4666,128.251323,37.836008,3071.7536736,109.811,12.965,192.246,1.0
72.4833,128.251313,37.835966,3072.6564912000003,110.236,12.89,192.172,1.0
72.5,128.251303,37.835924,3073.5565656,110.855,12.818,192.102,1.0
72.5166,128.251293,37.835881,3074.4538967999997,111.659,12.751,192.036,1.0
72.5333,128.251282,37.835839,3075.3490944,112.634,12.687,191.973,1.0
72.55,128.251272,37.835797,3076.242768,113.767,12.626,191.913,1.0
72.5666,128.251262,37.835755,3077.1349176,115.046,12.566,191.855,1.0
72.5833,128.251252,37.835712,3078.0261528,116.461,12.508,191.798,1.0
72.6,128.251242,37.83567,3078.9170832,118.004,12.451,191.742,1.0
72.6166,128.251231,37.835628,3079.8077088,119.667,12.397,191.686,1.0
72.6333,128.251221,37.835585,3080.6986392000003,121.441,12.344,191.632,1.0
72.65,128.251211,37.835543,3081.5904840000003,123.319,12.294,191.578,1.0
72.6666,128.251201,37.835501,3082.4826336,125.289,12.246,191.524,1.0
72.6833,128.251191,37.835458,3083.3738688000003,127.331,12.202,191.473,1.0
72.7,128.251181,37.835416,3084.265104,129.425,12.163,191.423,1.0
72.7166,128.251171,37.835373,3085.1560344000004,131.555,12.127,191.376,1.0
72.7333,128.251161,37.835331,3086.0484888,133.761,12.092,191.327,1.0
72.75,128.251151,37.835288,3086.9424672,136.034,12.057,191.274,1.0
72.7666,128.251141,37.835246,3087.8373600000004,138.363,12.024,191.221,1.0
72.7833,128.251131,37.835203,3088.7325576000003,140.736,11.993,191.169,1.0
72.8,128.251121,37.835161,3089.6286695999997,143.143,11.966,191.12,1.0
72.8166,128.251111,37.835118,3090.5250864,145.574,11.942,191.073,1.0
72.8333,128.251101,37.835075,3091.424856,148.058,11.919,191.025,1.0
72.85,128.251091,37.835033,3092.327064,150.59,11.898,190.974,1.0
72.8666,128.251081,37.83499,3093.2314056000005,153.167,11.878,190.923,1.0
72.8833,128.251072,37.834947,3094.1384904,155.789,11.86,190.871,1.0
72.9,128.251062,37.834905,3095.0483184000004,158.453,11.845,190.821,1.0
72.9166,128.251052,37.834862,3095.9602800000002,161.15,11.832,190.773,1.0
72.9333,128.251042,37.834819,3096.8755944,163.883,11.821,190.726,1.0
72.95,128.251032,37.834777,3097.7933472,166.646,11.813,190.681,1.0
72.9666,128.251022,37.834734,3098.7144528000003,169.435,11.807,190.636,1.0
72.9833,128.251013,37.834691,3099.6383016,172.248,11.804,190.592,1.0
73.0,128.251003,37.834648,3100.5651984,175.082,11.802,190.55,1.0
73.0166,128.250993,37.834605,3101.4948384,177.934,11.804,190.509,1.0
73.0333,128.250983,37.834562,3102.426612,-179.198,11.787,190.47,1.0
73.05,128.250973,37.83452,3103.3611288,-176.319,11.753,190.431,1.0
73.0666,128.250964,37.834477,3104.298084,-173.43,11.709,190.393,1.0
73.0833,128.250954,37.834434,3105.2374776,-170.535,11.662,190.354,1.0
73.1,128.250944,37.834391,3106.1787,-167.636,11.617,190.315,1.0
73.1166,128.250934,37.834348,3107.122056,-164.738,11.575,190.276,1.0
73.1333,128.250924,37.834305,3108.0641928,-161.916,11.516,190.236,1.0
73.15,128.250914,37.834262,3109.0048056000005,-159.17,11.421,190.188,1.0
73.1666,128.250904,37.834219,3109.9423704,-156.495,11.276,190.118,1.0
73.1833,128.250894,37.834176,3110.878716,-153.882,11.098,190.026,1.0
73.2,128.250884,37.834133,3111.8135376,-151.321,10.909,189.918,1.0
73.2166,128.250875,37.83409,3112.7465304,-148.799,10.722,189.799,1.0
73.2333,128.250865,37.834047,3113.6743416000004,-146.443,10.517,189.67,1.0
73.25,128.250855,37.834004,3114.5969712000006,-144.239,10.277,189.516,1.0
73.2666,128.250845,37.833961,3115.5132000000003,-142.167,10.01,189.331,1.0
73.2833,128.250835,37.833918,3116.4224184000004,-140.199,9.736,189.122,1.0
73.3,128.250825,37.833874,3117.3261504,-138.312,9.471,188.896,1.0
73.3166,128.250815,37.833831,3118.224396,-136.48,9.224,188.663,1.0
73.3333,128.250806,37.833788,3119.1138024,-134.792,8.972,188.416,1.0
73.35,128.250796,37.833745,3119.9946744,-133.232,8.704,188.146,1.0
73.3666,128.250786,37.833701,3120.8664024,-131.773,8.429,187.854,1.0
73.3833,128.250777,37.833658,3121.729596,-130.393,8.162,187.55,1.0
73.4,128.250767,37.833615,3122.5848648,-129.071,7.911,187.241,1.0
73.4166,128.250758,37.833571,3123.431904,-127.788,7.679,186.932,1.0
73.4333,128.250748,37.833528,3124.2682752,-126.599,7.448,186.613,1.0
73.45,128.250739,37.833485,3125.0951976,-125.49,7.213,186.281,1.0
73.4666,128.25073,37.833441,3125.9117568,-124.444,6.982,185.939,1.0
73.4833,128.250721,37.833398,3126.719172,-123.445,6.761,185.595,1.0
73.5,128.250712,37.833354,3127.5174432000003,-122.481,6.554,185.252,1.0
73.5166,128.250703,37.833311,3128.3062656,-121.541,6.363,184.914,1.0
73.5333,128.250695,37.833267,3129.0841152,-120.66,6.175,184.571,1.0
73.55,128.250686,37.833223,3129.8519064,-119.83,5.988,184.222,1.0
73.5666,128.250678,37.83318,3130.6096392000004,-119.04,5.808,183.872,1.0
73.5833,128.25067,37.833136,3131.3573136,-118.282,5.637,183.524,1.0
73.6,128.250662,37.833092,3132.0955392,-117.545,5.477,183.182,1.0
73.6166,128.250654,37.833048,3132.8240112000003,-116.824,5.328,182.845,1.0
73.6333,128.250646,37.833005,3133.5415104,-116.146,5.187,182.515,1.0
73.65,128.250638,37.832961,3134.2489511999997,-115.504,5.053,182.191,1.0
73.6666,128.250631,37.832917,3134.9469432,-114.891,4.925,181.873,1.0
73.6833,128.250624,37.832873,3135.6348768000003,-114.302,4.805,181.56,1.0
73.7,128.250617,37.832829,3136.3133616,-113.731,4.693,181.251,1.0
73.7166,128.25061,37.832785,3136.9820928,-113.172,4.588,180.945,1.0
73.7333,128.250603,37.832741,3137.6404608,-112.647,4.487,180.644,1.0
73.75,128.250597,37.832697,3138.28938,-112.151,4.389,180.347,1.0
73.7666,128.25059,37.832653,3138.9288504,-111.679,4.296,180.053,1.0
73.7833,128.250584,37.832609,3139.558872,-111.227,4.207,179.763,1.0
73.8,128.250578,37.832565,3140.1797496,-110.79,4.124,179.475,1.0
73.8166,128.250572,37.832521,3140.7914832,-110.363,4.045,179.189,1.0
73.8333,128.250567,37.832477,3141.3943776,-109.865,3.977,178.904,1.0
73.85,128.250561,37.832433,3141.9890424,-109.295,3.919,178.618,1.0
73.8666,128.250556,37.832389,3142.5760872000005,-108.66,3.868,178.335,1.0
73.8833,128.250551,37.832345,3143.1558168000006,-107.968,3.819,178.054,1.0
73.9,128.250546,37.832301,3143.7276216,-107.23,3.772,177.776,1.0
73.9166,128.250541,37.832256,3144.2918064,-106.458,3.727,177.502,1.0
73.9333,128.250537,37.832212,3144.8486760000005,-105.718,3.679,177.232,1.0
73.95,128.250532,37.832168,3145.397316,-105.016,3.63,176.966,1.0
73.9666,128.250528,37.832124,3145.9380312,-104.353,3.583,176.704,1.0
73.9833,128.250524,37.832079,3146.4708216,-103.724,3.542,176.443,1.0
74.0,128.250521,37.832035,3146.9962968,-103.124,3.506,176.183,1.0
74.0166,128.250517,37.831991,3147.514152,-102.546,3.477,175.923,1.0
74.0333,128.250514,37.831947,3148.0249968,-102.035,3.448,175.666,1.0
74.05,128.250511,37.831902,3148.5285264,-101.585,3.418,175.408,1.0
74.0666,128.250508,37.831858,3149.024436,-101.186,3.389,175.152,1.0
74.0833,128.250506,37.831814,3149.51364,-100.828,3.364,174.895,1.0
74.1,128.250503,37.831769,3149.9961384000003,-100.505,3.343,174.638,1.0
74.1166,128.250501,37.831725,3150.4719312,-100.207,3.325,174.381,1.0
74.1333,128.250499,37.831681,3150.9410184000003,-99.951,3.308,174.123,1.0
74.15,128.250498,37.831637,3151.4034,-99.731,3.29,173.866,1.0
74.1666,128.250496,37.831592,3151.8596856,-99.54,3.273,173.608,1.0
74.1833,128.250495,37.831548,3152.3098752,-99.373,3.258,173.351,1.0
74.2,128.250494,37.831504,3152.7536640000003,-99.225,3.243,173.094,1.0
74.2166,128.250493,37.831459,3153.1913568,-99.091,3.23,172.837,1.0
74.2333,128.250493,37.831415,3153.6229536,-98.977,3.217,172.58,1.0
74.25,128.250492,37.831371,3154.0484544,-98.878,3.204,172.323,1.0
74.2666,128.250492,37.831326,3154.4684688,-98.793,3.191,172.067,1.0
74.2833,128.250493,37.831282,3154.8823872000003,-98.718,3.177,171.811,1.0
74.3,128.250493,37.831238,3155.2905144,-98.652,3.164,171.556,1.0
74.3166,128.250494,37.831193,3155.6928504,-98.594,3.151,171.301,1.0
74.3333,128.250494,37.831149,3156.0893952,-98.543,3.137,171.047,1.0
74.35,128.250495,37.831105,3156.4801488000003,-98.5,3.123,170.793,1.0
74.3666,128.250497,37.831061,3156.8657208000004,-98.462,3.109,170.539,1.0
74.3833,128.250498,37.831016,3157.2451968,-98.43,3.094,170.286,1.0
74.4,128.2505,37.830972,3157.6194912,-98.403,3.079,170.034,1.0
74.4166,128.250502,37.830928,3157.9879944,-98.38,3.063,169.782,1.0
74.4333,128.250504,37.830884,3158.3510112,-98.36,3.047,169.531,1.0
74.45,128.250507,37.830839,3158.7085416000004,-98.345,3.03,169.28,1.0
74.4666,128.250509,37.830795,3159.0605856,-98.332,3.012,169.03,1.0
74.4833,128.250512,37.830751,3159.4071432,-98.323,2.994,168.78,1.0
74.5,128.250515,37.830707,3159.7482144000005,-98.317,2.976,168.531,1.0
74.5166,128.250518,37.830663,3160.084104,-98.314,2.956,168.282,1.0
74.5333,128.250522,37.830618,3160.4142024000002,-98.314,2.936,168.034,1.0
74.55,128.250526,37.830574,3160.7391192000005,-98.317,2.916,167.786,1.0
74.5666,128.25053,37.83053,3161.0588544,-98.323,2.894,167.539,1.0
74.5833,128.250534,37.830486,3161.3727984,-98.332,2.872,167.292,1.0
74.6,128.250538,37.830442,3161.6818656,-98.344,2.85,167.045,1.0
74.6166,128.250543,37.830398,3161.9851416,-98.359,2.826,166.799,1.0
74.6333,128.250548,37.830354,3162.2835408,-98.377,2.802,166.553,1.0
74.65,128.250553,37.83031,3162.5761488000003,-98.398,2.777,166.307,1.0
74.6666,128.250558,37.830266,3162.8638800000003,-98.423,2.751,166.062,1.0
74.6833,128.250564,37.830222,3163.1461248,-98.45,2.725,165.817,1.0
74.7,128.25057,37.830178,3163.4228832,-98.48,2.698,165.573,1.0
74.7166,128.250576,37.830134,3163.69446,-98.513,2.67,165.329,1.0
74.7333,128.250582,37.83009,3163.9608552000004,-98.549,2.642,165.085,1.0
74.75,128.250588,37.830046,3164.2217640000003,-98.588,2.612,164.841,1.0
74.7666,128.250595,37.830002,3164.4774912000003,-98.63,2.582,164.598,1.0
74.7833,128.250602,37.829958,3164.7280368,-98.674,2.551,164.355,1.0
74.8,128.250609,37.829914,3164.973096,-98.721,2.519,164.112,1.0
74.8166,128.250616,37.82987,3165.2129736,-98.77,2.487,163.87,1.0
74.8333,128.250624,37.829827,3165.4473648,-98.822,2.453,163.628,1.0
74.85,128.250632,37.829783,3165.6765744,-98.876,2.418,163.386,1.0
74.8666,128.25064,37.829739,3165.9006024,-98.931,2.382,163.144,1.0
74.8833,128.250648,37.829695,3166.1191440000002,-98.989,2.346,162.903,1.0
74.9,128.250656,37.829652,3166.3321992,-99.05,2.308,162.662,1.0
74.9166,128.250665,37.829608,3166.5403776000003,-99.113,2.27,162.421,1.0
74.9333,128.250674,37.829565,3166.7427648,-99.177,2.23,162.181,1.0
74.95,128.250683,37.829521,3166.9399704,-99.243,2.189,161.94,1.0
74.9666,128.250692,37.829477,3167.1319943999997,-99.31,2.147,161.7,1.0
74.9833,128.250702,37.829434,3167.3182272000004,-99.379,2.104,161.461,1.0
75.0,128.250711,37.82939,3167.4995832,-99.451,2.06,161.222,1.0
75.0166,128.250721,37.829347,3167.6751480000003,-99.525,2.016,160.983,1.0
75.0333,128.250732,37.829304,3167.8452264,-99.6,1.97,160.744,1.0
75.05,128.250742,37.82926,3168.0101232,-99.675,1.923,160.506,1.0
75.0666,128.250753,37.829217,3168.1695336000002,-99.752,1.874,160.268,1.0
75.0833,128.250763,37.829174,3168.3234576000004,-99.831,1.825,160.03,1.0
75.1,128.250774,37.82913,3168.4718952000003,-99.911,1.775,159.792,1.0
75.1166,128.250786,37.829087,3168.6145416000004,-99.993,1.725,159.555,1.0
75.1333,128.250797,37.829044,3168.7520064,-100.076,1.673,159.318,1.0
75.15,128.250809,37.829001,3168.8839848000002,-100.158,1.62,159.082,1.0
75.1666,128.250821,37.828958,3169.010172,-100.242,1.566,158.845,1.0
75.1833,128.250833,37.828915,3169.1308728000004,-100.327,1.511,158.609,1.0
75.2,128.250845,37.828872,3169.2457824000003,-100.413,1.456,158.374,1.0
75.2166,128.250858,37.828829,3169.3552056000003,-100.5,1.399,158.138,1.0
75.2333,128.250871,37.828786,3169.4591424,-100.587,1.342,157.903,1.0
75.25,128.250884,37.828743,3169.557288,-100.675,1.284,157.668,1.0
75.2666,128.250897,37.8287,3169.6496424,-100.763,1.224,157.433,1.0
75.2833,128.25091,37.828657,3169.7365104,-100.851,1.164,157.198,1.0
75.3,128.250924,37.828614,3169.8172824000003,-100.941,1.103,156.964,1.0
75.3166,128.250938,37.828572,3169.892568,-101.032,1.042,156.73,1.0
75.3333,128.250952,37.828529,3169.9620624000004,-101.122,0.979,156.496,1.0
75.35,128.250966,37.828486,3170.0254608,-101.213,0.916,156.263,1.0
75.3666,128.250981,37.828444,3170.0833728000002,-101.304,0.851,156.029,1.0
75.3833,128.250995,37.828401,3170.1351888000004,-101.395,0.786,155.796,1.0
75.4,128.25101,37.828359,3170.1812136000003,-101.487,0.72,155.563,1.0
75.4166,128.251025,37.828316,3170.2214472,-101.58,0.654,155.331,1.0
75.4333,128.251041,37.828274,3170.2555848,-101.673,0.587,155.098,1.0
75.45,128.251056,37.828232,3170.2836264,-101.765,0.518,154.866,1.0
75.4666,128.251072,37.828189,3170.3058768,-101.858,0.45,154.634,1.0
75.4833,128.251088,37.828147,3170.3220312,-101.951,0.38,154.402,1.0
75.5,128.251104,37.828105,3170.3320896000005,-102.045,0.31,154.171,1.0
75.5166,128.25112,37.828063,3170.336052,-102.139,0.239,153.94,1.0
75.5333,128.251137,37.828021,3170.3339184,-102.234,0.167,153.708,1.0
75.55,128.251154,37.827979,3170.3256888,-102.328,0.094,153.478,1.0
75.5666,128.251171,37.827937,3170.3113632,-102.423,0.021,153.247,1.0
75.5833,128.251188,37.827895,3170.2906368000004,-102.519,-0.052,153.016,1.0
75.6,128.251205,37.827853,3170.2638144000002,-102.614,-0.127,152.786,1.0
75.6166,128.251223,37.827811,3170.2305912,-102.711,-0.202,152.556,1.0
75.6333,128.251241,37.82777,3170.191272,-102.807,-0.278,152.326,1.0
75.65,128.251259,37.827728,3170.1458568000003,-102.904,-0.355,152.096,1.0
75.6666,128.251277,37.827686,3170.0937360000003,-103.001,-0.432,151.867,1.0
75.6833,128.251296,37.827645,3170.0352144000003,-103.099,-0.51,151.637,1.0
75.7,128.251314,37.827603,3169.9705968,-103.197,-0.589,151.408,1.0
75.7166,128.251333,37.827562,3169.8992736000005,-103.296,-0.668,151.179,1.0
75.7333,128.251352,37.827521,3169.8215496000003,-103.395,-0.748,150.95,1.0
75.75,128.251371,37.827479,3169.7374248,-103.494,-0.829,150.722,1.0
75.7666,128.251391,37.827438,3169.6465943999997,-103.593,-0.91,150.493,1.0
75.7833,128.25141,37.827397,3169.5493632000002,-103.692,-0.992,150.265,1.0
75.8,128.25143,37.827356,3169.4457312,-103.792,-1.075,150.037,1.0
75.8166,128.25145,37.827315,3169.3350888,-103.892,-1.158,149.809,1.0
75.8333,128.251471,37.827274,3169.2180456,-103.992,-1.242,149.581,1.0
75.85,128.251491,37.827233,3169.0942968,-104.092,-1.327,149.354,1.0
75.8666,128.251512,37.827192,3168.9638424,-104.192,-1.413,149.127,1.0
75.8833,128.251533,37.827151,3168.8263776000003,-104.292,-1.499,148.9,1.0
75.9,128.251554,37.827111,3168.6825120000003,-104.393,-1.585,148.673,1.0
75.9166,128.251575,37.82707,3168.531636,-104.494,-1.673,148.446,1.0
75.9333,128.251596,37.827029,3168.3740544,-104.592,-1.762,148.22,1.0
75.95,128.251618,37.826989,3168.2097672,-104.689,-1.854,147.994,1.0
75.9666,128.25164,37.826949,3168.0384696,-104.784,-1.948,147.769,1.0
75.9833,128.251662,37.826908,3167.8601616,-104.881,-2.043,147.544,1.0
76.0,128.251684,37.826868,3167.6748432,-104.979,-2.138,147.32,1.0
76.0166,128.251706,37.826828,3167.4825144,-105.078,-2.233,147.095,1.0
76.0333,128.251729,37.826788,3167.2831752,-105.178,-2.329,146.871,1.0
76.05,128.251752,37.826748,3167.0768256,-105.277,-2.427,146.647,1.0
76.0666,128.251775,37.826708,3166.8634656,-105.376,-2.526,146.424,1.0
76.0833,128.251798,37.826668,3166.6427904,-105.476,-2.625,146.2,1.0
76.1,128.251822,37.826628,3166.4148,-105.576,-2.725,145.977,1.0
76.1166,128.251845,37.826588,3166.1797992,-105.677,-2.825,145.754,1.0
76.1333,128.251869,37.826548,3165.9371784000004,-105.78,-2.925,145.53,1.0
76.15,128.251893,37.826509,3165.6875472,-105.884,-3.023,145.307,1.0
76.1666,128.251917,37.826469,3165.4306008000003,-105.989,-3.122,145.083,1.0
76.1833,128.251941,37.82643,3165.1660344,-106.093,-3.221,144.86,1.0
76.2,128.251966,37.82639,3164.8941528000005,-106.195,-3.32,144.636,1.0
76.2166,128.251991,37.826351,3164.614956,-106.296,-3.419,144.413,1.0
76.2333,128.252016,37.826312,3164.3281392000004,-106.398,-3.519,144.19,1.0
76.25,128.252041,37.826273,3164.0340072000004,-106.499,-3.618,143.966,1.0
76.2666,128.252066,37.826234,3163.7322552000005,-106.599,-3.717,143.743,1.0
76.2833,128.252091,37.826195,3163.4228832,-106.698,-3.816,143.52,1.0
76.3,128.252117,37.826156,3163.1058912000003,-106.796,-3.916,143.297,1.0
76.3166,128.252143,37.826117,3162.7812792,-106.892,-4.016,143.074,1.0
76.3333,128.252169,37.826078,3162.4490472,-106.988,-4.117,142.851,1.0
76.35,128.252195,37.82604,3162.1091952,-107.082,-4.22,142.629,1.0
76.3666,128.252222,37.826001,3161.7614184000004,-107.176,-4.323,142.407,1.0
76.3833,128.252248,37.825963,3161.4060216,-107.27,-4.426,142.185,1.0
76.4,128.252275,37.825924,3161.0430048000003,-107.364,-4.531,141.964,1.0
76.4166,128.252302,37.825886,3160.6717584,-107.458,-4.635,141.742,1.0
76.4333,128.252329,37.825848,3160.2928920000004,-107.553,-4.741,141.521,1.0
76.45,128.252356,37.82581,3159.9064056,-107.646,-4.847,141.3,1.0
76.4666,128.252384,37.825772,3159.5116896000004,-107.74,-4.955,141.08,1.0
76.4833,128.252412,37.825734,3159.1087440000006,-107.834,-5.063,140.859,1.0
76.5,128.252439,37.825696,3158.6981784000004,-107.929,-5.171,140.639,1.0
76.5166,128.252467,37.825658,3158.2793831999998,-108.025,-5.28,140.418,1.0
76.5333,128.252496,37.825621,3157.8526632000003,-108.117,-5.386,140.197,1.0
76.55,128.252524,37.825583,3157.4177136000003,-108.207,-5.49,139.976,1.0
76.5666,128.252553,37.825546,3156.9748392,-108.291,-5.593,139.753,1.0
76.5833,128.252581,37.825508,3156.52404,-108.37,-5.696,139.531,1.0
76.6,128.25261,37.825471,3156.0650112000003,-108.444,-5.799,139.309,1.0
76.6166,128.252639,37.825434,3155.5977528000003,-108.512,-5.903,139.088,1.0
76.6333,128.252669,37.825397,3155.1228744,-108.564,-6.006,138.866,1.0
76.65,128.252698,37.825359,3154.6397664,-108.603,-6.108,138.644,1.0
76.6666,128.252728,37.825323,3154.1487336,-108.629,-6.21,138.423,1.0
76.6833,128.252757,37.825286,3153.6494712000003,-108.645,-6.312,138.201,1.0
76.7,128.252787,37.825249,3153.1419792,-108.652,-6.415,137.98,1.0
76.7166,128.252817,37.825212,3152.6265624000002,-108.652,-6.518,137.76,1.0
76.7333,128.252848,37.825176,3152.1029160000003,-108.642,-6.62,137.54,1.0
76.75,128.252878,37.825139,3151.5713448,-108.622,-6.722,137.32,1.0
76.7666,128.252909,37.825103,3151.0312392,-108.596,-6.824,137.1,1.0
76.7833,128.252939,37.825067,3150.4832088000003,-108.563,-6.926,136.88,1.0
76.8,128.25297,37.82503,3149.9269488000004,-108.525,-7.027,136.661,1.0
76.8166,128.253001,37.824994,3149.3624592,-108.483,-7.128,136.442,1.0
76.8333,128.253033,37.824958,3148.7900448,-108.435,-7.229,136.222,1.0
76.85,128.253064,37.824922,3148.2090960000005,-108.382,-7.329,136.003,1.0
76.8666,128.253096,37.824887,3147.6202224,-108.326,-7.429,135.784,1.0
76.8833,128.253127,37.824851,3147.0231192000006,-108.266,-7.528,135.565,1.0
76.9,128.253159,37.824815,3146.4177864000003,-108.203,-7.627,135.346,1.0
76.9166,128.253191,37.82478,3145.804224,-108.137,-7.726,135.127,1.0
76.9333,128.253224,37.824744,3145.1827368000004,-108.069,-7.824,134.908,1.0
76.95,128.253256,37.824709,3144.55302,-107.998,-7.921,134.689,1.0
76.9666,128.253289,37.824674,3143.9150736000006,-107.926,-8.018,134.47,1.0
76.9833,128.253321,37.824639,3143.2692024000003,-107.852,-8.115,134.251,1.0
77.0,128.253354,37.824604,3142.6151016,-107.776,-8.211,134.032,1.0
77.0166,128.253387,37.824569,3141.9530760000002,-107.699,-8.306,133.812,1.0
77.0333,128.253421,37.824534,3141.2828208,-107.621,-8.401,133.593,1.0
77.05,128.253454,37.8245,3140.604336,-107.542,-8.496,133.373,1.0
77.0666,128.253488,37.824465,3139.9182312,-107.464,-8.59,133.153,1.0
77.0833,128.253521,37.824431,3139.2235920000003,-107.384,-8.684,132.933,1.0
77.1,128.253555,37.824396,3138.5213328000004,-107.304,-8.777,132.713,1.0
77.1166,128.253589,37.824362,3137.8108440000005,-107.224,-8.869,132.492,1.0
77.1333,128.253623,37.824328,3137.0924304000005,-107.143,-8.961,132.272,1.0
77.15,128.253658,37.824294,3136.366092,-107.063,-9.053,132.051,1.0
77.1666,128.253692,37.82426,3135.6318287999998,-106.984,-9.144,131.83,1.0
77.1833,128.253727,37.824227,3134.8896408,-106.904,-9.235,131.609,1.0
77.2,128.253762,37.824193,3134.139528,-106.824,-9.325,131.387,1.0
77.2166,128.253797,37.824159,3133.3811855999998,-106.743,-9.415,131.166,1.0
77.2333,128.253832,37.824126,3132.6152232000004,-106.663,-9.504,130.944,1.0
77.25,128.253867,37.824093,3131.8416408000003,-106.584,-9.593,130.722,1.0
77.2666,128.253902,37.82406,3131.0598288,-106.505,-9.682,130.5,1.0
77.2833,128.253938,37.824026,3130.2703968,-106.426,-9.769,130.277,1.0
77.3,128.253974,37.823993,3129.47304,-106.347,-9.857,130.054,1.0
77.3166,128.25401,37.823961,3128.6680632000002,-106.268,-9.944,129.831,1.0
77.3333,128.254046,37.823928,3127.8551616000004,-106.189,-10.031,129.608,1.0
77.35,128.254082,37.823895,3127.03464,-106.111,-10.117,129.385,1.0
77.3666,128.254118,37.823863,3126.2061936000005,-106.034,-10.203,129.161,1.0
77.3833,128.254155,37.823831,3125.3701272000003,-105.956,-10.288,128.937,1.0
77.4,128.254191,37.823798,3124.5264408000003,-105.879,-10.373,128.713,1.0
77.4166,128.254228,37.823766,3123.6751344000004,-105.801,-10.458,128.489,1.0
77.4333,128.254265,37.823734,3122.8162079999997,-105.724,-10.542,128.265,1.0
77.45,128.254302,37.823702,3121.9493568000003,-105.647,-10.626,128.04,1.0
77.4666,128.254339,37.823671,3121.0751904,-105.571,-10.709,127.815,1.0
77.4833,128.254377,37.823639,3120.193404,-105.494,-10.792,127.59,1.0
77.5,128.254414,37.823607,3119.3039976,-105.417,-10.875,127.364,1.0
77.5166,128.254452,37.823576,3118.4069712000005,-105.34,-10.957,127.139,1.0
77.5333,128.25449,37.823545,3117.5026296,-105.263,-11.039,126.913,1.0
77.55,128.254528,37.823514,3116.5906680000003,-105.185,-11.12,126.687,1.0
77.5666,128.254566,37.823483,3115.6710864,-105.106,-11.201,126.46,1.0
77.5833,128.254604,37.823452,3114.7441896000005,-105.027,-11.282,126.234,1.0
77.6,128.254643,37.823421,3113.8099776000004,-104.948,-11.362,126.007,1.0
77.6166,128.254681,37.823391,3112.8681456000004,-104.867,-11.442,125.78,1.0
77.6333,128.25472,37.82336,3111.9189984000004,-104.786,-11.521,125.553,1.0
77.65,128.254759,37.82333,3110.962536,-104.703,-11.6,125.326,1.0
77.6666,128.254798,37.823299,3109.9987584,-104.62,-11.678,125.099,1.0
77.6833,128.254837,37.823269,3109.0276656,-104.535,-11.756,124.871,1.0
77.7,128.254876,37.823239,3108.0489528000003,-104.45,-11.834,124.643,1.0
77.7166,128.254916,37.823209,3107.0632296000003,-104.364,-11.911,124.415,1.0
77.7333,128.254955,37.82318,3106.0704960000003,-104.277,-11.988,124.187,1.0
77.75,128.254995,37.82315,3105.0701424,-104.189,-12.064,123.959,1.0
77.7666,128.255035,37.823121,3104.0627784000003,-104.1,-12.14,123.73,1.0
77.7833,128.255075,37.823091,3103.048404,-104.01,-12.215,123.502,1.0
77.8,128.255115,37.823062,3102.0267144000004,-103.92,-12.29,123.273,1.0
77.8166,128.255155,37.823033,3100.9977096000002,-103.828,-12.365,123.044,1.0
77.8333,128.255195,37.823004,3099.9616944,-103.736,-12.439,122.815,1.0
77.85,128.255236,37.822976,3098.9186688000004,-103.643,-12.513,122.585,1.0
77.8666,128.255276,37.822947,3097.8686328000003,-103.55,-12.586,122.356,1.0
77.8833,128.255317,37.822918,3096.8115864,-103.455,-12.659,122.126,1.0
77.9,128.255358,37.82289,3095.7475296000002,-103.36,-12.731,121.896,1.0
77.9166,128.255399,37.822862,3094.6764624,-103.264,-12.803,121.666,1.0
77.9333,128.25544,37.822834,3093.5986896000004,-103.168,-12.874,121.436,1.0
77.95,128.255481,37.822806,3092.5136016,-103.07,-12.945,121.205,1.0
77.9666,128.255523,37.822778,3091.421808,-102.972,-13.016,120.975,1.0
77.9833,128.255564,37.82275,3090.3233088,-102.874,-13.086,120.744,1.0
78.0,128.255606,37.822723,3089.2177992,-102.775,-13.155,120.513,1.0
78.0166,128.255648,37.822695,3088.105584,-102.675,-13.224,120.282,1.0
78.0333,128.25569,37.822668,3086.9866632,-102.575,-13.293,120.051,1.0
78.05,128.255732,37.822641,3085.860732,-102.474,-13.361,119.819,1.0
78.0666,128.255774,37.822614,3084.7284,-102.374,-13.429,119.588,1.0
78.0833,128.255816,37.822587,3083.5890576,-102.273,-13.496,119.356,1.0
78.1,128.255859,37.82256,3082.4433144000004,-102.172,-13.563,119.124,1.0
78.1166,128.255901,37.822534,3081.2908656,-102.071,-13.63,118.892,1.0
78.1333,128.255944,37.822507,3080.1317112,-101.969,-13.695,118.66,1.0
78.15,128.255987,37.822481,3078.966156,-101.868,-13.761,118.427,1.0
78.1666,128.25603,37.822455,3077.7938952,-101.766,-13.826,118.195,1.0
78.1833,128.256073,37.822429,3076.6152336,-101.663,-13.89,117.962,1.0
78.2,128.256116,37.822403,3075.4301712,-101.56,-13.954,117.729,1.0
78.2166,128.256159,37.822377,3074.2384032000004,-101.457,-14.018,117.496,1.0
78.2333,128.256203,37.822352,3073.0405392000002,-101.354,-14.081,117.263,1.0
78.25,128.256246,37.822326,3071.8359695999998,-101.25,-14.144,117.029,1.0
78.2666,128.25629,37.822301,3070.625304,-101.146,-14.206,116.795,1.0
78.2833,128.256333,37.822276,3069.4082376,-101.042,-14.267,116.562,1.0
78.3,128.256377,37.822251,3068.1847704,-100.937,-14.328,116.328,1.0
78.3166,128.256421,37.822226,3066.9549024000003,-100.832,-14.389,116.094,1.0
78.3333,128.256465,37.822201,3065.7192432,-100.726,-14.449,115.859,1.0
78.35,128.25651,37.822177,3064.4771832,-100.619,-14.509,115.625,1.0
78.3666,128.256554,37.822153,3063.2287224,-100.512,-14.568,115.39,1.0
78.3833,128.256598,37.822128,3061.9744704,-100.405,-14.627,115.155,1.0
78.4,128.256643,37.822104,3060.7138176,-100.297,-14.685,114.921,1.0
78.4166,128.256688,37.82208,3059.4473736000004,-100.188,-14.743,114.686,1.0
78.4333,128.256732,37.822057,3058.1748336,-100.078,-14.8,114.45,1.0
78.45,128.256777,37.822033,3056.8961976,-99.967,-14.857,114.215,1.0
78.4666,128.256822,37.822009,3055.6117704000003,-99.856,-14.913,113.98,1.0
78.4833,128.256867,37.821986,3054.3212472,-99.743,-14.969,113.744,1.0
78.5,128.256913,37.821963,3053.024628,-99.63,-15.024,113.508,1.0
78.5166,128.256958,37.82194,3051.7225224,-99.516,-15.079,113.272,1.0
78.5333,128.257003,37.821917,3050.4143208,-99.401,-15.133,113.036,1.0
78.55,128.257049,37.821894,3049.1006328000003,-99.285,-15.187,112.8,1.0
78.5666,128.257095,37.821872,3047.7808488000005,-99.167,-15.24,112.564,1.0
78.5833,128.25714,37.821849,3046.4555784000004,-99.049,-15.292,112.327,1.0
78.6,128.257186,37.821827,3045.1245168000005,-98.931,-15.344,112.091,1.0
78.6166,128.257232,37.821805,3043.7876640000004,-98.811,-15.396,111.854,1.0
78.6333,128.257278,37.821783,3042.4453248,-98.691,-15.447,111.618,1.0
78.65,128.257324,37.821761,3041.0974992,-98.568,-15.497,111.381,1.0
78.6666,128.257371,37.82174,3039.7441872000004,-98.445,-15.547,111.144,1.0
78.6833,128.257417,37.821718,3038.385084,-98.321,-15.597,110.907,1.0
78.7,128.257464,37.821697,3037.0207992,-98.196,-15.645,110.669,1.0
78.7166,128.25751,37.821676,3035.6507232000004,-98.07,-15.694,110.432,1.0
78.7333,128.257557,37.821655,3034.2757704,-97.942,-15.741,110.195,1.0
78.75,128.257604,37.821634,3032.8950264,-97.813,-15.788,109.957,1.0
78.7666,128.25765,37.821613,3031.5091008000004,-97.682,-15.835,109.719,1.0
78.7833,128.257697,37.821593,3030.1179936000003,-97.55,-15.88,109.482,1.0
78.8,128.257744,37.821572,3028.7217048,-97.417,-15.926,109.244,1.0
78.8166,128.257792,37.821552,3027.3199296000003,-97.283,-15.97,109.006,1.0
78.8333,128.257839,37.821532,3025.9132776,-97.147,-16.014,108.768,1.0
78.85,128.257886,37.821512,3024.5014440000004,-97.009,-16.058,108.53,1.0
78.8666,128.257934,37.821492,3023.0847336,-96.869,-16.1,108.291,1.0
78.8833,128.257981,37.821473,3021.6628416000003,-96.729,-16.143,108.053,1.0
78.9,128.258029,37.821453,3020.235768,-96.586,-16.184,107.815,1.0
78.9166,128.258076,37.821434,3018.8041224,-96.443,-16.225,107.576,1.0
78.9333,128.258124,37.821415,3017.3672952,-96.298,-16.265,107.338,1.0
78.95,128.258172,37.821396,3015.925896,-96.15,-16.304,107.099,1.0
78.9666,128.25822,37.821377,3014.47962,-96.001,-16.343,106.861,1.0
78.9833,128.258268,37.821359,3013.0284672,-95.85,-16.381,106.622,1.0
79.0,128.258316,37.82134,3011.5724376,-95.698,-16.418,106.383,1.0
79.0166,128.258365,37.821322,3010.1121408,-95.544,-16.455,106.144,1.0
79.0333,128.258413,37.821304,3008.6469672,-95.388,-16.491,105.905,1.0
79.05,128.258461,37.821286,3007.1775264,-95.23,-16.526,105.666,1.0
79.0666,128.25851,37.821268,3005.7032088,-95.069,-16.561,105.427,1.0
79.0833,128.258558,37.82125,3004.224624,-94.907,-16.594,105.188,1.0
79.1,128.258607,37.821233,3002.741772,-94.744,-16.627,104.949,1.0
79.1166,128.258656,37.821216,3001.2543480000004,-94.579,-16.659,104.71,1.0
79.1333,128.258705,37.821199,2999.7626568,-94.412,-16.691,104.471,1.0
79.15,128.258754,37.821182,2998.2666984,-94.241,-16.721,104.231,1.0
79.1666,128.258803,37.821165,2996.7664728,-94.069,-16.75,103.992,1.0
79.1833,128.258852,37.821148,2995.26198,-93.894,-16.779,103.753,1.0
79.2,128.258901,37.821132,2993.7535248,-93.718,-16.807,103.513,1.0
79.2166,128.25895,37.821115,2992.2411072000004,-93.54,-16.835,103.274,1.0
79.2333,128.258999,37.821099,2990.7247272,-93.36,-16.861,103.035,1.0
79.25,128.259049,37.821083,2989.2043848000003,-93.176,-16.886,102.795,1.0
79.2666,128.259098,37.821067,2987.68008,-92.99,-16.911,102.556,1.0
79.2833,128.259148,37.821052,2986.1518128,-92.802,-16.934,102.317,1.0
79.3,128.259197,37.821036,2984.619888,-92.612,-16.957,102.077,1.0
79.3166,128.259247,37.821021,2983.0843056000003,-92.42,-16.979,101.838,1.0
79.3333,128.259297,37.821006,2981.5450656000003,-92.225,-17.0,101.598,1.0
79.35,128.259347,37.820991,2980.0024728000003,-92.026,-17.019,101.359,1.0
79.3666,128.259397,37.820976,2978.4559176,-91.824,-17.038,101.12,1.0
79.3833,128.259446,37.820962,2976.9063144,-91.62,-17.056,100.881,1.0
79.4,128.259497,37.820947,2975.3530536,-91.413,-17.073,100.642,1.0
79.4166,128.259547,37.820933,2973.7967448,-91.205,-17.089,100.402,1.0
79.4333,128.259597,37.820919,2972.2367784000003,-90.992,-17.103,100.164,1.0
79.45,128.259647,37.820905,2970.673764,-90.775,-17.117,99.925,1.0
79.4666,128.259697,37.820891,2969.1077016,-90.554,-17.129,99.686,1.0
79.4833,128.259748,37.820877,2967.5385912,-90.33,-17.141,99.448,1.0
79.5,128.259798,37.820864,2965.9664328000003,-90.103,-17.151,99.209,1.0
79.5166,128.259849,37.820851,2964.3912264,-89.874,-17.16,98.971,1.0
79.5333,128.259899,37.820837,2962.8132768,-89.64,-17.169,98.733,1.0
79.55,128.25995,37.820825,2961.2325840000003,-89.402,-17.175,98.495,1.0
79.5666,128.260001,37.820812,2959.6491480000004,-89.159,-17.181,98.257,1.0
79.5833,128.260052,37.820799,2958.0629688000004,-88.914,-17.185,98.02,1.0
79.6,128.260102,37.820787,2956.474656,-88.665,-17.188,97.782,1.0
79.6166,128.260153,37.820775,2954.8836,-88.414,-17.191,97.545,1.0
79.6333,128.260204,37.820762,2953.2898008,-88.157,-17.191,97.308,1.0
79.65,128.260255,37.820751,2951.6941728,-87.894,-17.191,97.071,1.0
79.6666,128.260307,37.820739,2950.0961064,-87.627,-17.188,96.835,1.0
79.6833,128.260358,37.820727,2948.4959064,-87.354,-17.185,96.598,1.0
79.7,128.260409,37.820716,2946.8935728,-87.078,-17.18,96.362,1.0
79.7166,128.26046,37.820705,2945.2894103999997,-86.8,-17.174,96.126,1.0
79.7333,128.260512,37.820694,2943.6831144000002,-86.513,-17.167,95.891,1.0
79.75,128.260563,37.820683,2942.0752944,-86.221,-17.158,95.656,1.0
79.7666,128.260614,37.820672,2940.4656456000002,-85.922,-17.147,95.421,1.0
79.7833,128.260666,37.820661,2938.8541680000003,-85.618,-17.135,95.187,1.0
79.8,128.260717,37.820651,2937.2414712000004,-85.31,-17.122,94.952,1.0
79.8166,128.260769,37.820641,2935.6272504000003,-84.999,-17.107,94.719,1.0
79.8333,128.260821,37.820631,2934.0118104,-84.68,-17.091,94.485,1.0
79.85,128.260872,37.820621,2932.3948464000005,-84.352,-17.073,94.252,1.0
79.8666,128.260924,37.820611,2930.7766632000003,-84.017,-17.053,94.02,1.0
79.8833,128.260976,37.820602,2929.1578704000003,-83.676,-17.031,93.788,1.0
79.9,128.261028,37.820592,2927.5378584,-83.331,-17.008,93.556,1.0
79.9166,128.26108,37.820583,2925.9172368000004,-82.981,-16.984,93.325,1.0
79.9333,128.261132,37.820574,2924.2957008000003,-82.622,-16.958,93.094,1.0
79.95,128.261184,37.820565,2922.6735552000005,-82.252,-16.93,92.864,1.0
79.9666,128.261236,37.820557,2921.0508,-81.875,-16.899,92.635,1.0
79.9833,128.261288,37.820548,2919.42774,-81.491,-16.867,92.406,1.0
80.0,128.26134,37.82054,2917.80468,-81.1,-16.834,92.178,1.0
80.0166,128.261393,37.820532,2916.1813152,-80.705,-16.799,91.95,1.0
80.0333,128.261445,37.820524,2914.5576456000003,-80.3,-16.761,91.723,1.0
80.05,128.261497,37.820516,2912.9342808,-79.884,-16.722,91.497,1.0
80.0666,128.26155,37.820509,2911.3112208000002,-79.459,-16.68,91.271,1.0
80.0833,128.261602,37.820501,2909.6884656,-79.028,-16.636,91.047,1.0
80.1,128.261655,37.820494,2908.06632,-78.59,-16.591,90.823,1.0
80.1166,128.261707,37.820487,2906.4447840000003,-78.147,-16.544,90.599,1.0
80.1333,128.26176,37.82048,2904.8235528000005,-77.692,-16.494,90.377,1.0
80.15,128.261812,37.820473,2903.2035408,-77.226,-16.442,90.156,1.0
80.1666,128.261865,37.820466,2901.5844432000004,-76.751,-16.387,89.936,1.0
80.1833,128.261918,37.82046,2899.9665648,-76.267,-16.33,89.716,1.0
80.2,128.26197,37.820454,2898.3502104,-75.776,-16.272,89.498,1.0
80.2166,128.262023,37.820448,2896.73538,-75.28,-16.211,89.28,1.0
80.2333,128.262076,37.820442,2895.1214640000003,-74.769,-16.148,89.064,1.0
80.25,128.262129,37.820436,2893.5096816,-74.245,-16.081,88.848,1.0
80.2666,128.262182,37.82043,2891.8997280000003,-73.71,-16.012,88.635,1.0
80.2833,128.262235,37.820425,2890.2919079999997,-73.165,-15.941,88.422,1.0
80.3,128.262288,37.82042,2888.6865264,-72.611,-15.867,88.21,1.0
80.3166,128.262341,37.820415,2887.0835832,-72.052,-15.792,88.0,1.0
80.3333,128.262394,37.82041,2885.4824688000003,-71.475,-15.713,87.791,1.0
80.35,128.262447,37.820405,2883.8844024,-70.883,-15.631,87.584,1.0
80.3666,128.2625,37.8204,2882.2890792000003,-70.277,-15.547,87.378,1.0
80.3833,128.262554,37.820396,2880.6971088,-69.66,-15.459,87.174,1.0
80.4,128.262607,37.820392,2879.1081864000002,-69.034,-15.37,86.972,1.0
80.4166,128.26266,37.820388,2877.5229216,-68.4,-15.278,86.77,1.0
80.4333,128.262714,37.820384,2875.9404,-67.742,-15.183,86.571,1.0
80.45,128.262767,37.82038,2874.361536,-67.063,-15.083,86.375,1.0
80.4666,128.26282,37.820376,2872.7869392000002,-66.365,-14.98,86.181,1.0
80.4833,128.262874,37.820373,2871.2163048,-65.651,-14.874,85.988,1.0
80.5,128.262927,37.82037,2869.6502424,-64.923,-14.767,85.797,1.0
80.5166,128.262981,37.820366,2868.088752,-64.184,-14.657,85.608,1.0
80.5333,128.263035,37.820363,2866.5309192000004,-63.413,-14.542,85.422,1.0
80.55,128.263088,37.820361,2864.9779632,-62.611,-14.422,85.239,1.0
80.5666,128.263142,37.820358,2863.429884,-61.784,-14.299,85.06,1.0
80.5833,128.263196,37.820355,2861.8872912,-60.934,-14.173,84.882,1.0
80.6,128.263249,37.820353,2860.3504896000004,-60.065,-14.045,84.707,1.0
80.6166,128.263303,37.820351,2858.8194792,-59.182,-13.914,84.535,1.0
80.6333,128.263357,37.820349,2857.2960888000002,-58.378,-13.787,84.36,1.0
80.65,128.263411,37.820347,2855.7800136,-57.654,-13.665,84.184,1.0
80.6666,128.263465,37.820345,2854.2715584,-57.003,-13.542,84.008,1.0
80.6833,128.263519,37.820344,2852.7719424,-56.415,-13.414,83.836,1.0
80.7,128.263573,37.820342,2851.280556,-55.879,-13.28,83.666,1.0
80.7166,128.263627,37.820341,2849.7973991999997,-55.381,-13.141,83.501,1.0
80.7333,128.263681,37.82034,2848.3215576000002,-54.881,-12.995,83.338,1.0
80.75,128.263735,37.820339,2846.8530312,-54.37,-12.842,83.179,1.0
80.7666,128.263789,37.820338,2845.3924296,-53.844,-12.686,83.021,1.0
80.7833,128.263843,37.820338,2843.9400576000003,-53.302,-12.527,82.864,1.0
80.8,128.263897,37.820337,2842.4959152,-52.745,-12.368,82.707,1.0
80.8166,128.263952,37.820337,2841.0603072000004,-52.178,-12.207,82.55,1.0
80.8333,128.264006,37.820337,2839.6314048000004,-51.54,-12.046,82.407,1.0
80.85,128.26406,37.820337,2838.2098176,-50.835,-11.886,82.276,1.0
80.8666,128.264114,37.820337,2836.7955456,-50.072,-11.725,82.153,1.0
80.8833,128.264169,37.820337,2835.3895032000005,-49.259,-11.565,82.033,1.0
80.9,128.264223,37.820338,2833.9919952,-48.403,-11.404,81.914,1.0
80.9166,128.264278,37.820338,2832.6030216,-47.517,-11.242,81.795,1.0
80.9333,128.264332,37.820339,2831.2204488,-46.527,-11.087,81.698,1.0
80.95,128.264387,37.820339,2829.8448864,-45.443,-10.953,81.638,1.0
80.9666,128.264441,37.82034,2828.4760296,-44.273,-10.835,81.605,1.0
80.9833,128.264496,37.820341,2827.1138784000004,-43.027,-10.726,81.585,1.0
81.0,128.26455,37.820342,2825.7605664000002,-41.717,-10.618,81.567,1.0
81.0166,128.264605,37.820343,2824.415484,-40.355,-10.506,81.547,1.0
81.0333,128.26466,37.820344,2823.0755832,-38.902,-10.405,81.543,1.0
81.05,128.264715,37.820346,2821.742388,-37.364,-10.315,81.558,1.0
81.0666,128.264769,37.820347,2820.4146792,-35.74,-10.231,81.586,1.0
81.0833,128.264824,37.820349,2819.0945904,-34.037,-10.148,81.62,1.0
81.1,128.264879,37.82035,2817.7821215999998,-32.266,-10.062,81.654,1.0
81.1166,128.264934,37.820352,2816.4775776,-30.439,-9.971,81.688,1.0
81.1333,128.264989,37.820353,2815.1791296,-28.547,-9.875,81.722,1.0
81.15,128.265044,37.820355,2813.8889112,-26.599,-9.774,81.758,1.0
81.1666,128.265099,37.820357,2812.6069224000003,-24.606,-9.669,81.797,1.0
81.1833,128.265154,37.820359,2811.3334680000003,-22.576,-9.56,81.838,1.0
81.2,128.265209,37.820361,2810.068548,-20.517,-9.449,81.882,1.0
81.2166,128.265264,37.820362,2808.8124672,-18.434,-9.334,81.929,1.0
81.2333,128.265319,37.820365,2807.5670544,-16.35,-9.209,81.976,1.0
81.25,128.265374,37.820367,2806.3317,-14.268,-9.076,82.025,1.0
81.2666,128.26543,37.820369,2805.1054896000005,-12.187,-8.935,82.076,1.0
81.2833,128.265485,37.820371,2803.8893376,-10.107,-8.79,82.134,1.0
81.3,128.26554,37.820373,2802.6823296000002,-8.027,-8.642,82.198,1.0
81.3166,128.265595,37.820375,2801.4850752,-5.944,-8.491,82.269,1.0
81.3333,128.265651,37.820377,2800.299708,-3.897,-8.325,82.342,1.0
81.35,128.265706,37.82038,2799.1259232,-1.881,-8.143,82.418,1.0
81.3666,128.265762,37.820382,2797.9631112,0.108,-7.951,82.5,1.0
81.3833,128.265817,37.820384,2796.8103576000003,2.076,-7.757,82.59,1.0
81.4,128.265873,37.820387,2795.668272,4.028,-7.561,82.69,1.0
81.4166,128.265929,37.820389,2794.5362448,5.971,-7.368,82.798,1.0
81.4333,128.265984,37.820391,2793.417324,7.866,-7.16,82.914,1.0
81.45,128.26604,37.820394,2792.3105952,9.721,-6.939,83.037,1.0
81.4666,128.266096,37.820396,2791.2148392000004,11.542,-6.712,83.169,1.0
81.4833,128.266151,37.820398,2790.1303608,13.338,-6.484,83.31,1.0
81.5,128.266207,37.820401,2789.0565504,15.113,-6.26,83.461,1.0
81.5166,128.266263,37.820403,2787.993408,16.876,-6.041,83.621,1.0
81.5333,128.266319,37.820405,2786.9436768,18.587,-5.811,83.791,1.0
81.55,128.266375,37.820408,2785.9067472,20.253,-5.57,83.97,1.0
81.5666,128.266431,37.82041,2784.8810952,21.882,-5.325,84.159,1.0
81.5833,128.266487,37.820412,2783.8667208,23.482,-5.083,84.357,1.0
81.6,128.266543,37.820414,2782.8639288,25.06,-4.849,84.564,1.0
81.6166,128.266599,37.820416,2781.8721096000004,26.622,-4.623,84.778,1.0
81.6333,128.266655,37.820418,2780.8940064,28.134,-4.389,85.004,1.0
81.65,128.266711,37.82042,2779.9287048,29.6,-4.149,85.241,1.0
81.6666,128.266768,37.820422,2778.9749856,31.031,-3.907,85.486,1.0
81.6833,128.266824,37.820424,2778.0328488000005,32.432,-3.672,85.74,1.0
81.7,128.26688,37.820426,2777.1025992,33.813,-3.445,86.0,1.0
81.7166,128.266937,37.820428,2776.1833224,35.178,-3.229,86.266,1.0
81.7333,128.266993,37.82043,2775.2777616000003,36.494,-3.009,86.543,1.0
81.75,128.267049,37.820431,2774.3853072,37.768,-2.783,86.83,1.0
81.7666,128.267106,37.820433,2773.5041304,39.006,-2.558,87.125,1.0
81.7833,128.267162,37.820434,2772.6351456,40.216,-2.342,87.426,1.0
81.8,128.267219,37.820436,2771.7774384,41.405,-2.135,87.731,1.0
81.8166,128.267275,37.820437,2770.9313136,42.58,-1.939,88.04,1.0
81.8333,128.267332,37.820438,2770.0982952,43.708,-1.748,88.351,1.0
81.85,128.267388,37.820439,2769.2777736000003,44.796,-1.56,88.666,1.0
81.8666,128.267445,37.820441,2768.4682248,45.852,-1.379,88.984,1.0
81.8833,128.267502,37.820441,2767.6702584,46.881,-1.205,89.305,1.0
81.9,128.267558,37.820442,2766.8835696,47.891,-1.042,89.627,1.0
81.9166,128.267615,37.820443,2766.1078536,48.886,-0.887,89.952,1.0
81.9333,128.267672,37.820443,2765.3446344000004,49.838,-0.739,90.275,1.0
81.95,128.267728,37.820444,2764.5929976,50.753,-0.596,90.598,1.0
81.9666,128.267785,37.820444,2763.8520288,51.638,-0.46,90.92,1.0
81.9833,128.267842,37.820444,2763.1217280000005,52.497,-0.331,91.244,1.0
82.0,128.267899,37.820444,2762.4024,53.337,-0.211,91.567,1.0
82.0166,128.267955,37.820444,2761.6928256,54.163,-0.097,91.892,1.0
82.0333,128.268012,37.820444,2760.9951384,54.95,0.011,92.216,1.0
82.05,128.268069,37.820444,2760.3078144000006,55.702,0.117,92.539,1.0
82.0666,128.268126,37.820443,2759.6308535999997,56.427,0.217,92.861,1.0
82.0833,128.268183,37.820443,2758.9636464000005,57.128,0.312,93.182,1.0
82.1,128.26824,37.820442,2758.3061928,57.811,0.4,93.504,1.0
82.1166,128.268296,37.820441,2757.658188,58.481,0.483,93.826,1.0
82.1333,128.268353,37.82044,2757.0190224000003,59.187,0.557,94.149,1.0
82.15,128.26841,37.820439,2756.3874768,59.931,0.622,94.475,1.0
82.1666,128.268467,37.820438,2755.763856,60.708,0.679,94.8,1.0
82.1833,128.268524,37.820436,2755.1487696,61.51,0.73,95.126,1.0
82.2,128.268581,37.820435,2754.5413032000006,62.33,0.774,95.452,1.0
82.2166,128.268638,37.820433,2753.9417616,63.163,0.812,95.776,1.0
82.2333,128.268695,37.820431,2753.3504496,63.95,0.85,96.098,1.0
82.25,128.268752,37.820429,2752.7673672,64.692,0.887,96.417,1.0
82.2666,128.268808,37.820427,2752.1925144,65.395,0.924,96.733,1.0
82.2833,128.268865,37.820424,2751.6252816,66.069,0.959,97.046,1.0
82.3,128.268922,37.820422,2751.0656688000004,66.72,0.993,97.358,1.0
82.3166,128.268979,37.820419,2750.5130664000003,67.349,1.023,97.67,1.0
82.3333,128.269036,37.820416,2749.9683888,67.924,1.052,97.98,1.0
82.35,128.269093,37.820413,2749.4313312,68.449,1.08,98.29,1.0
82.3666,128.269149,37.82041,2748.9009792,68.932,1.106,98.599,1.0
82.3833,128.269206,37.820407,2748.3776376,69.381,1.127,98.909,1.0
82.4,128.269263,37.820403,2747.8610016,69.805,1.144,99.219,1.0
82.4166,128.26932,37.820399,2747.3504616,70.209,1.158,99.528,1.0
82.4333,128.269377,37.820395,2746.8466272,70.591,1.169,99.838,1.0
82.45,128.269433,37.820391,2746.3485840000003,70.954,1.179,100.146,1.0
82.4666,128.26949,37.820387,2745.8566368,71.304,1.187,100.453,1.0
82.4833,128.269547,37.820382,2745.3704807999998,71.641,1.193,100.759,1.0
82.5,128.269603,37.820378,2744.8898112,71.97,1.197,101.064,1.0
82.5166,128.26966,37.820373,2744.4149328000003,72.29,1.199,101.368,1.0
82.5333,128.269716,37.820368,2743.945236,72.601,1.2,101.67,1.0
82.55,128.269773,37.820363,2743.4810256,72.902,1.199,101.972,1.0
82.5666,128.26983,37.820358,2743.0219968,73.195,1.198,102.272,1.0
82.5833,128.269886,37.820352,2742.5678448,73.481,1.195,102.57,1.0
82.6,128.269943,37.820346,2742.1188744,73.762,1.19,102.867,1.0
82.6166,128.269999,37.82034,2741.6747808,74.037,1.185,103.164,1.0
82.6333,128.270055,37.820334,2741.235564,74.296,1.179,103.458,1.0
82.65,128.270112,37.820328,2740.8009192000004,74.541,1.173,103.752,1.0
82.6666,128.270168,37.820322,2740.3711512,74.772,1.166,104.044,1.0
82.6833,128.270224,37.820315,2739.9456504000004,74.992,1.159,104.336,1.0
82.7,128.270281,37.820308,2739.5250264,75.202,1.15,104.626,1.0
82.7166,128.270337,37.820301,2739.1083648,75.404,1.14,104.916,1.0
82.7333,128.270393,37.820294,2738.6962752000004,75.585,1.132,105.204,1.0
82.75,128.270449,37.820287,2738.2884528000004,75.748,1.124,105.491,1.0
82.7666,128.270505,37.820279,2737.8848976,75.895,1.118,105.777,1.0
82.7833,128.270561,37.820272,2737.4853048,76.026,1.11,106.062,1.0
82.8,128.270617,37.820264,2737.0899792,76.144,1.102,106.347,1.0
82.8166,128.270673,37.820256,2736.6983112000003,76.253,1.093,106.631,1.0
82.8333,128.270729,37.820247,2736.3109104,76.34,1.086,106.914,1.0
82.85,128.270785,37.820239,2735.927472,76.41,1.08,107.195,1.0
82.8666,128.270841,37.82023,2735.5479960000002,76.463,1.075,107.476,1.0
82.8833,128.270896,37.820221,2735.1721776000004,76.501,1.07,107.756,1.0
82.9,128.270952,37.820212,2734.8003215999997,76.527,1.065,108.036,1.0
82.9166,128.271008,37.820203,2734.4321232,76.543,1.06,108.314,1.0
82.9333,128.271063,37.820194,2734.0678872000003,76.544,1.057,108.592,1.0
82.95,128.271119,37.820184,2733.7073088,76.53,1.055,108.869,1.0
82.9666,128.271174,37.820174,2733.350388,76.504,1.055,109.145,1.0
82.9833,128.27123,37.820164,2732.9974296,76.467,1.055,109.42,1.0
83.0,128.271285,37.820154,2732.6481288,76.42,1.055,109.694,1.0
83.0166,128.27134,37.820144,2732.3021808,76.365,1.056,109.968,1.0
83.0333,128.271395,37.820133,2731.9601952000003,76.302,1.059,110.241,1.0
83.05,128.27145,37.820123,2731.6218672,76.232,1.063,110.512,1.0
83.0666,128.271505,37.820112,2731.2875016,76.155,1.068,110.783,1.0
83.0833,128.27156,37.820101,2730.9564888,76.072,1.074,111.053,1.0
83.1,128.271615,37.82009,2730.6294384000003,75.983,1.082,111.323,1.0
83.1166,128.27167,37.820078,2730.3060456000003,75.889,1.09,111.591,1.0
83.1333,128.271725,37.820066,2729.9860056,75.794,1.099,111.859,1.0
83.15,128.27178,37.820055,2729.6699280000003,75.698,1.11,112.126,1.0
83.1666,128.271834,37.820043,2729.3578128,75.601,1.122,112.392,1.0
83.1833,128.271889,37.820031,2729.0490504000004,75.502,1.135,112.658,1.0
83.2,128.271943,37.820018,2728.7442504,75.401,1.149,112.922,1.0
83.2166,128.271998,37.820006,2728.4434128,75.297,1.165,113.186,1.0
83.2333,128.272052,37.819993,2728.1459280000004,75.199,1.182,113.449,1.0
83.25,128.272106,37.81998,2727.8524056000006,75.107,1.202,113.71,1.0
83.2666,128.27216,37.819967,2727.5625408,75.018,1.224,113.971,1.0
83.2833,128.272215,37.819954,2727.2766384,74.929,1.247,114.231,1.0
83.3,128.272269,37.81994,2726.9946984000003,74.84,1.271,114.49,1.0
83.3166,128.272323,37.819927,2726.7167208,74.748,1.297,114.749,1.0
83.3333,128.272376,37.819913,2726.4417912000004,74.668,1.326,115.006,1.0
83.35,128.27243,37.819899,2726.1711288,74.597,1.36,115.262,1.0
83.3666,128.272484,37.819885,2725.9041239999997,74.532,1.396,115.516,1.0
83.3833,128.272538,37.819871,2725.6413864,74.467,1.434,115.77,1.0
83.4,128.272591,37.819856,2725.3826112,74.4,1.473,116.023,1.0
83.4166,128.272645,37.819841,2725.1277984000003,74.331,1.511,116.276,1.0
83.4333,128.272698,37.819827,2724.8766432,74.267,1.551,116.529,1.0
83.45,128.272751,37.819812,2724.6297552,74.21,1.593,116.78,1.0
83.4666,128.272804,37.819796,2724.3868296,74.156,1.635,117.031,1.0
83.4833,128.272857,37.819781,2724.1478664,74.105,1.678,117.282,1.0
83.5,128.27291,37.819766,2723.9128656000003,74.055,1.721,117.533,1.0
83.5166,128.272963,37.81975,2723.6821320000004,74.005,1.765,117.783,1.0
83.5333,128.273016,37.819734,2723.4553608,73.961,1.809,118.033,1.0
83.55,128.273069,37.819718,2723.232552,73.922,1.854,118.282,1.0
83.5666,128.273122,37.819702,2723.0140103999997,73.887,1.898,118.531,1.0
83.5833,128.273174,37.819685,2722.7994312,73.856,1.944,118.78,1.0
83.6,128.273227,37.819669,2722.5891192000004,73.827,1.989,119.029,1.0
83.6166,128.273279,37.819652,2722.3827696,73.799,2.035,119.277,1.0
83.6333,128.273331,37.819635,2722.1806872,73.777,2.082,119.525,1.0
83.65,128.273383,37.819618,2721.9825671999997,73.76,2.128,119.773,1.0
83.6666,128.273436,37.819601,2721.7884096000003,73.747,2.175,120.021,1.0
83.6833,128.273488,37.819584,2721.5985192000003,73.737,2.222,120.268,1.0
83.7,128.273539,37.819566,2721.4128960000003,73.73,2.269,120.516,1.0
83.7166,128.273591,37.819548,2721.2315399999998,73.724,2.316,120.763,1.0
83.7333,128.273643,37.81953,2721.0538416000004,73.722,2.364,121.01,1.0
83.75,128.273694,37.819512,2720.8807152,73.725,2.412,121.257,1.0
83.7666,128.273746,37.819494,2720.7115512,73.73,2.459,121.504,1.0
83.7833,128.273797,37.819476,2720.5463496,73.738,2.507,121.751,1.0
83.8,128.273849,37.819457,2720.38572,73.747,2.556,121.998,1.0
83.8166,128.2739,37.819438,2720.2290528000003,73.758,2.604,122.244,1.0
83.8333,128.273951,37.819419,2720.076348,73.772,2.652,122.491,1.0
83.85,128.274002,37.8194,2719.9279103999997,73.789,2.7,122.738,1.0
83.8666,128.274052,37.819381,2719.7834352000004,73.809,2.748,122.985,1.0
83.8833,128.274103,37.819362,2719.643532,73.831,2.797,123.231,1.0
83.9,128.274154,37.819342,2719.5072864000003,73.854,2.845,123.478,1.0
83.9166,128.274204,37.819323,2719.3753079999997,73.879,2.893,123.725,1.0
83.9333,128.274255,37.819303,2719.2475968,73.906,2.942,123.972,1.0
83.95,128.274305,37.819283,2719.123848,73.935,2.99,124.219,1.0
83.9666,128.274355,37.819262,2719.0040616,73.967,3.038,124.466,1.0
83.9833,128.274405,37.819242,2718.8885424,74.0,3.086,124.713,1.0
84.0,128.274455,37.819221,2718.7772904,74.034,3.134,124.96,1.0
84.0166,128.274505,37.819201,2718.6696960000004,74.07,3.182,125.207,1.0
84.0333,128.274555,37.81918,2718.5663688000004,74.107,3.23,125.454,1.0
84.05,128.274604,37.819159,2718.467004,74.146,3.278,125.702,1.0
84.0666,128.274654,37.819138,2718.3719064,74.186,3.325,125.949,1.0
84.0833,128.274703,37.819116,2718.2807712000003,74.228,3.373,126.197,1.0
84.1,128.274752,37.819095,2718.1935984,74.27,3.42,126.444,1.0
84.1166,128.274801,37.819073,2718.110388,74.313,3.467,126.692,1.0
84.1333,128.27485,37.819051,2718.03114,74.357,3.514,126.939,1.0
84.15,128.274899,37.819029,2717.9558544,74.402,3.561,127.187,1.0
84.1666,128.274948,37.819007,2717.884836,74.446,3.608,127.435,1.0
84.1833,128.274996,37.818985,2717.8174752,74.492,3.655,127.682,1.0
84.2,128.275045,37.818963,2717.7543816,74.537,3.701,127.93,1.0
84.2166,128.275093,37.81894,2717.6949456,74.582,3.748,128.178,1.0
84.2333,128.275141,37.818917,2717.639472,74.627,3.794,128.426,1.0
84.25,128.275189,37.818894,2717.5882656,74.671,3.84,128.674,1.0
84.2666,128.275237,37.818871,2717.5407168,74.714,3.886,128.922,1.0
84.2833,128.275285,37.818848,2717.4971304000005,74.756,3.932,129.17,1.0
84.3,128.275332,37.818825,2717.4572016,74.798,3.978,129.419,1.0
84.3166,128.27538,37.818801,2717.42154,74.839,4.024,129.667,1.0
84.3333,128.275427,37.818777,2717.389536,74.878,4.069,129.916,1.0
84.35,128.275475,37.818753,2717.3614944,74.916,4.115,130.165,1.0
84.3666,128.275522,37.818729,2717.3374152,74.953,4.16,130.413,1.0
84.3833,128.275569,37.818705,2717.3169936000004,74.988,4.205,130.662,1.0
84.4,128.275615,37.818681,2717.3005344000003,75.022,4.251,130.911,1.0
84.4166,128.275662,37.818657,2717.2880376,75.055,4.295,131.161,1.0
84.4333,128.275709,37.818632,2717.2791984000005,75.085,4.34,131.41,1.0
84.45,128.275755,37.818607,2717.2743216,75.112,4.386,131.659,1.0
84.4666,128.275801,37.818582,2717.2731024,75.137,4.431,131.909,1.0
84.4833,128.275847,37.818557,2717.2758456,75.159,4.476,132.158,1.0
84.5,128.275893,37.818532,2717.2822464000005,75.179,4.521,132.408,1.0
84.5166,128.275939,37.818507,2717.2926096,75.198,4.566,132.658,1.0
84.5333,128.275985,37.818481,2717.3069352,75.21,4.611,132.908,1.0
84.55,128.27603,37.818455,2717.3249184,75.215,4.658,133.158,1.0
84.5666,128.276076,37.81843,2717.346864,75.213,4.704,133.408,1.0
84.5833,128.276121,37.818404,2717.372772,75.206,4.751,133.658,1.0
84.6,128.276166,37.818377,2717.4023376,75.195,4.797,133.908,1.0
84.6166,128.276211,37.818351,2717.4358656,75.18,4.843,134.158,1.0
84.6333,128.276255,37.818325,2717.4736608,75.155,4.89,134.409,1.0
84.65,128.2763,37.818298,2717.5151136,75.119,4.938,134.659,1.0
84.6666,128.276344,37.818272,2717.5605288,75.074,4.987,134.909,1.0
84.6833,128.276389,37.818245,2717.6099064,75.022,5.036,135.16,1.0
84.7,128.276433,37.818218,2717.6632464000004,74.964,5.085,135.41,1.0
84.7166,128.276477,37.818191,2717.7205488000004,74.901,5.134,135.661,1.0
84.7333,128.27652,37.818163,2717.7821184000004,74.818,5.185,135.912,1.0
84.75,128.276564,37.818136,2717.8479552000003,74.717,5.239,136.162,1.0
84.7666,128.276608,37.818108,2717.9180592000002,74.599,5.293,136.412,1.0
84.7833,128.276651,37.81808,2717.9924304000006,74.467,5.348,136.662,1.0
84.8,128.276694,37.818053,2718.070764,74.324,5.404,136.912,1.0
84.8166,128.276737,37.818025,2718.1536696,74.172,5.459,137.163,1.0
84.8333,128.27678,37.817996,2718.241452,73.993,5.517,137.413,1.0
84.85,128.276822,37.817968,2718.3335016,73.79,5.577,137.663,1.0
84.8666,128.276865,37.81794,2718.4301232000003,73.567,5.639,137.913,1.0
84.8833,128.276907,37.817911,2718.5316215999997,73.327,5.702,138.162,1.0
84.9,128.276949,37.817882,2718.6379968,73.072,5.766,138.412,1.0
84.9166,128.276991,37.817853,2718.7489440000004,72.806,5.83,138.661,1.0
84.9333,128.277033,37.817824,2718.8641584,72.561,5.892,138.912,1.0
84.95,128.277074,37.817795,2718.9839448,72.336,5.953,139.163,1.0
84.9666,128.277116,37.817766,2719.1083032,72.131,6.014,139.414,1.0
84.9833,128.277157,37.817737,2719.2372336,71.944,6.076,139.664,1.0
85.0,128.277198,37.817707,2719.3710408,71.772,6.141,139.914,1.0
85.0166,128.277239,37.817677,2719.50942,71.611,6.208,140.162,1.0
85.0333,128.27728,37.817648,2719.652676,71.494,6.272,140.411,1.0
85.05,128.27732,37.817618,2719.8001992,71.418,6.333,140.66,1.0
85.0666,128.277361,37.817588,2719.9519896,71.377,6.392,140.909,1.0
85.0833,128.277401,37.817558,2720.1086568,71.368,6.452,141.157,1.0
85.1,128.277441,37.817527,2720.2702008,71.383,6.514,141.404,1.0
85.1166,128.277481,37.817497,2720.4363168000004,71.418,6.577,141.65,1.0
85.1333,128.277521,37.817467,2720.6070048,71.472,6.64,141.895,1.0
85.15,128.277561,37.817436,2720.7825696,71.54,6.703,142.139,1.0
85.1666,128.2776,37.817405,2720.9633160000003,71.619,6.765,142.383,1.0
85.1833,128.277639,37.817374,2721.1483296,71.707,6.826,142.627,1.0
85.2,128.277679,37.817343,2721.3385248,71.802,6.887,142.871,1.0
85.2166,128.277718,37.817312,2721.5332920000005,71.902,6.948,143.114,1.0
85.2333,128.277756,37.817281,2721.7332408,72.007,7.009,143.358,1.0
85.25,128.277795,37.81725,2721.9377616,72.115,7.069,143.602,1.0
85.2666,128.277833,37.817218,2722.1468544,72.225,7.128,143.846,1.0
85.2833,128.277872,37.817187,2722.360824,72.338,7.186,144.09,1.0
85.3,128.27791,37.817155,2722.5793656,72.452,7.244,144.335,1.0
85.3166,128.277948,37.817123,2722.802784,72.568,7.301,144.58,1.0
85.3333,128.277985,37.817091,2723.0307744,72.686,7.358,144.826,1.0
85.35,128.278023,37.817059,2723.2633368,72.804,7.414,145.071,1.0
85.3666,128.27806,37.817027,2723.5004712000004,72.923,7.469,145.318,1.0
85.3833,128.278098,37.816995,2723.7421776,73.043,7.524,145.564,1.0
85.4,128.278135,37.816962,2723.988456,73.164,7.578,145.811,1.0
85.4166,128.278171,37.81693,2724.2390016,73.286,7.631,146.058,1.0
85.4333,128.278208,37.816897,2724.4941192000006,73.407,7.684,146.306,1.0
85.45,128.278245,37.816864,2724.7538088,73.529,7.736,146.554,1.0
85.4666,128.278281,37.816832,2725.0174608,73.651,7.787,146.803,1.0
85.4833,128.278317,37.816799,2725.2856848,73.773,7.838,147.052,1.0
85.5,128.278353,37.816766,2725.5581760000005,73.895,7.888,147.301,1.0
85.5166,128.278389,37.816732,2725.8352392,74.018,7.937,147.551,1.0
85.5333,128.278424,37.816699,2726.1162648,74.14,7.986,147.801,1.0
85.55,128.278459,37.816666,2726.4012528000003,74.262,8.034,148.052,1.0
85.5666,128.278495,37.816632,2726.6908128,74.383,8.082,148.303,1.0
85.5833,128.27853,37.816599,2726.9843352000003,74.504,8.129,148.554,1.0
85.6,128.278564,37.816565,2727.28182,74.624,8.175,148.805,1.0
85.6166,128.278599,37.816531,2727.5832671999997,74.745,8.22,149.058,1.0
85.6333,128.278633,37.816497,2727.8889816,74.865,8.265,149.31,1.0
85.65,128.278667,37.816463,2728.1986584,74.984,8.31,149.563,1.0
85.6666,128.278701,37.816429,2728.5122976000002,75.101,8.354,149.815,1.0
85.6833,128.278735,37.816395,2728.8298992,75.218,8.397,150.069,1.0
85.7,128.278769,37.81636,2729.1514632,75.334,8.44,150.322,1.0
85.7166,128.278802,37.816326,2729.4766848000004,75.45,8.482,150.576,1.0
85.7333,128.278836,37.816291,2729.8058688,75.565,8.523,150.831,1.0
85.75,128.278869,37.816256,2730.1387104,75.677,8.565,151.085,1.0
85.7666,128.278901,37.816222,2730.4752096,75.788,8.605,151.34,1.0
85.7833,128.278934,37.816187,2730.8156712000005,75.898,8.645,151.595,1.0
85.8,128.278966,37.816152,2731.1597904,76.007,8.685,151.85,1.0
85.8166,128.278999,37.816117,2731.5075672,76.116,8.723,152.106,1.0
85.8333,128.279031,37.816081,2731.8590016,76.223,8.762,152.362,1.0
85.85,128.279063,37.816046,2732.2140936,76.327,8.8,152.618,1.0
85.8666,128.279094,37.816011,2732.5725384,76.43,8.837,152.874,1.0
85.8833,128.279126,37.815975,2732.9346408,76.532,8.874,153.131,1.0
85.9,128.279157,37.81594,2733.3004008000003,76.632,8.91,153.388,1.0
85.9166,128.279188,37.815904,2733.6695136000003,76.732,8.946,153.645,1.0
85.9333,128.279219,37.815868,2734.0419792000002,76.83,8.982,153.903,1.0
85.95,128.279249,37.815832,2734.4181024,76.926,9.017,154.16,1.0
85.9666,128.27928,37.815796,2734.7972736,77.02,9.051,154.418,1.0
85.9833,128.27931,37.81576,2735.1801024,77.114,9.086,154.676,1.0
86.0,128.27934,37.815724,2735.5659792,77.206,9.119,154.934,1.0
86.0166,128.27937,37.815687,2735.9555136,77.297,9.152,155.193,1.0
86.0333,128.279399,37.815651,2736.348096,77.386,9.185,155.452,1.0
86.05,128.279429,37.815615,2736.7440312,77.474,9.218,155.71,1.0
86.0666,128.279458,37.815578,2737.1430144000005,77.559,9.25,155.969,1.0
86.0833,128.279487,37.815541,2737.5453504,77.644,9.282,156.229,1.0
86.1,128.279515,37.815505,2737.9510392,77.727,9.313,156.488,1.0
86.1166,128.279544,37.815468,2738.3594712000004,77.809,9.344,156.748,1.0
86.1333,128.279572,37.815431,2738.771256,77.889,9.374,157.007,1.0
86.15,128.2796,37.815394,2739.1860888,77.968,9.405,157.267,1.0
86.1666,128.279628,37.815357,2739.6039696,78.045,9.435,157.527,1.0
86.1833,128.279656,37.815319,2740.0252032000003,78.12,9.465,157.787,1.0
86.2,128.279683,37.815282,2740.44918,78.194,9.494,158.047,1.0
86.2166,128.279711,37.815245,2740.8762048000003,78.268,9.523,158.308,1.0
86.2333,128.279738,37.815207,2741.3059728000003,78.339,9.551,158.568,1.0
86.25,128.279765,37.81517,2741.7390936,78.409,9.58,158.829,1.0
86.2666,128.279791,37.815132,2742.1749576,78.478,9.608,159.09,1.0
86.2833,128.279818,37.815094,2742.6138696,78.545,9.636,159.351,1.0
86.3,128.279844,37.815057,2743.0555248,78.611,9.663,159.612,1.0
86.3166,128.27987,37.815019,2743.4999232000005,78.676,9.691,159.873,1.0
86.3333,128.279895,37.814981,2743.9473696,78.74,9.718,160.134,1.0
86.35,128.279921,37.814943,2744.397864,78.801,9.745,160.395,1.0
86.3666,128.279946,37.814904,2744.8507968,78.86,9.771,160.657,1.0
86.3833,128.279971,37.814866,2745.3067776000003,78.918,9.798,160.918,1.0
86.4,128.279996,37.814828,2745.7655016,78.974,9.824,161.18,1.0
86.4166,128.280021,37.814789,2746.2266640000003,79.03,9.85,161.441,1.0
86.4333,128.280045,37.814751,2746.6908744,79.083,9.876,161.703,1.0
86.45,128.280069,37.814712,2747.1578280000003,79.134,9.902,161.965,1.0
86.4666,128.280093,37.814674,2747.62722,79.184,9.927,162.227,1.0
86.4833,128.280117,37.814635,2748.0996600000003,79.231,9.953,162.489,1.0
86.5,128.280141,37.814596,2748.5745384,79.278,9.978,162.751,1.0
86.5166,128.280164,37.814557,2749.0518552000003,79.323,10.003,163.013,1.0
86.5333,128.280187,37.814519,2749.53222,79.366,10.028,163.276,1.0
86.55,128.28021,37.81448,2750.0150232,79.407,10.053,163.538,1.0
86.5666,128.280233,37.81444,2750.5002648,79.447,10.078,163.801,1.0
86.5833,128.280255,37.814401,2750.9882496,79.484,10.103,164.063,1.0
86.6,128.280277,37.814362,2751.4789776000002,79.521,10.127,164.326,1.0
86.6166,128.280299,37.814323,2751.9721440000003,79.556,10.152,164.588,1.0
86.6333,128.280321,37.814283,2752.4677488,79.588,10.176,164.851,1.0
86.65,128.280342,37.814244,2752.9660968,79.618,10.201,165.114,1.0
86.6666,128.280364,37.814205,2753.4668831999998,79.646,10.225,165.377,1.0
86.6833,128.280385,37.814165,2753.970108,79.672,10.25,165.64,1.0
86.7,128.280405,37.814125,2754.4760760000004,79.697,10.274,165.903,1.0
86.7166,128.280426,37.814086,2754.9841776000003,79.72,10.298,166.166,1.0
86.7333,128.280446,37.814046,2755.4950224,79.74,10.323,166.429,1.0
86.75,128.280466,37.814006,2756.0083056000003,79.758,10.347,166.692,1.0
86.7666,128.280486,37.813966,2756.524332,79.773,10.372,166.955,1.0
86.7833,128.280506,37.813926,2757.0424920000005,79.786,10.396,167.218,1.0
86.8,128.280525,37.813886,2757.5630904,79.798,10.421,167.482,1.0
86.8166,128.280545,37.813846,2758.086432,79.809,10.445,167.745,1.0
86.8333,128.280564,37.813806,2758.6122120000005,79.817,10.47,168.008,1.0
86.85,128.280582,37.813766,2759.1401256000004,79.823,10.495,168.272,1.0
86.8666,128.280601,37.813726,2759.6707824000005,79.827,10.519,168.535,1.0
86.8833,128.280619,37.813685,2760.2038776000004,79.83,10.544,168.799,1.0
86.9,128.280637,37.813645,2760.7394112,79.831,10.569,169.062,1.0
86.9166,128.280655,37.813604,2761.2770784000004,79.832,10.594,169.326,1.0
86.9333,128.280672,37.813564,2761.8174888000003,79.83,10.619,169.589,1.0
86.95,128.28069,37.813523,2762.3603376,79.827,10.645,169.853,1.0
86.9666,128.280707,37.813483,2762.9056248,79.822,10.67,170.116,1.0
86.9833,128.280724,37.813442,2763.4533504,79.816,10.696,170.38,1.0
87.0,128.28074,37.813402,2764.0035144000003,79.808,10.721,170.643,1.0
87.0166,128.280757,37.813361,2764.5561168000004,79.8,10.747,170.907,1.0
87.0333,128.280773,37.81332,2765.1111576000003,79.79,10.773,171.17,1.0
87.05,128.280789,37.813279,2765.6686368,79.778,10.8,171.434,1.0
87.0666,128.280804,37.813238,2766.2285544,79.765,10.826,171.697,1.0
87.0833,128.28082,37.813197,2766.7909104,79.751,10.853,171.961,1.0
87.1,128.280835,37.813156,2767.3557048000002,79.735,10.88,172.224,1.0
87.1166,128.28085,37.813115,2767.9229376,79.719,10.907,172.488,1.0
87.1333,128.280865,37.813074,2768.4929136,79.701,10.934,172.751,1.0
87.15,128.280879,37.813033,2769.0650232000003,79.681,10.962,173.015,1.0
87.1666,128.280894,37.812992,2769.639876,79.66,10.99,173.278,1.0
87.1833,128.280908,37.812951,2770.2171672,79.638,11.018,173.542,1.0
87.2,128.280921,37.81291,2770.7968968,79.614,11.047,173.805,1.0
87.2166,128.280935,37.812869,2771.3790648,79.59,11.075,174.068,1.0
87.2333,128.280948,37.812827,2771.9639760000005,79.563,11.104,174.332,1.0
87.25,128.280961,37.812786,2772.5510208,79.535,11.134,174.595,1.0
87.2666,128.280974,37.812744,2773.1408088000003,79.506,11.164,174.858,1.0
87.2833,128.280987,37.812703,2773.7333399999998,79.475,11.194,175.121,1.0
87.3,128.280999,37.812662,2774.3280048,79.443,11.224,175.385,1.0
87.3166,128.281011,37.81262,2774.9254128,79.41,11.254,175.648,1.0
87.3333,128.281023,37.812579,2775.525564,79.376,11.285,175.911,1.0
87.35,128.281035,37.812537,2776.1281536,79.34,11.316,176.174,1.0
87.3666,128.281046,37.812495,2776.7331816,79.304,11.348,176.437,1.0
87.3833,128.281057,37.812454,2777.3409528,79.266,11.38,176.7,1.0
87.4,128.281068,37.812412,2777.9514672,79.227,11.412,176.963,1.0
87.4166,128.281079,37.812371,2778.56442,79.188,11.444,177.227,1.0
87.4333,128.281089,37.812329,2779.180116,79.147,11.477,177.49,1.0
87.45,128.281099,37.812287,2779.7985552000005,79.105,11.51,177.752,1.0
87.4666,128.281109,37.812245,2780.4194328000003,79.063,11.543,178.015,1.0
87.4833,128.281119,37.812204,2781.0430536,79.019,11.577,178.278,1.0
87.5,128.281129,37.812162,2781.6694176,78.975,11.611,178.541,1.0
87.5166,128.281138,37.81212,2782.2985248,78.93,11.646,178.804,1.0
87.5333,128.281147,37.812078,2782.9300704,78.885,11.681,179.067,1.0
87.55,128.281155,37.812036,2783.5646640000004,78.838,11.716,179.329,1.0
87.5666,128.281164,37.811994,2784.2020008000004,78.791,11.752,179.592,1.0
87.5833,128.281172,37.811952,2784.8420808,78.742,11.787,179.855,1.0
87.6,128.28118,37.811911,2785.484904,78.694,11.824,180.117,1.0
87.6166,128.281188,37.811869,2786.1304704,78.644,11.86,180.38,1.0
87.6333,128.281196,37.811827,2786.77878,78.595,11.897,180.642,1.0
87.65,128.281203,37.811785,2787.4301376,78.545,11.935,180.905,1.0
87.6666,128.28121,37.811743,2788.0842384000002,78.495,11.972,181.167,1.0
87.6833,128.281217,37.811701,2788.7413872,78.444,12.01,181.429,1.0
87.7,128.281223,37.811659,2789.4012792,78.393,12.049,181.692,1.0
87.7166,128.28123,37.811617,2790.0639144,78.342,12.087,181.954,1.0
87.7333,128.281236,37.811574,2790.7295976,78.291,12.126,182.216,1.0
87.75,128.281242,37.811532,2791.3983288,78.24,12.166,182.478,1.0
87.7666,128.281247,37.81149,2792.0698032000005,78.189,12.205,182.74,1.0
87.7833,128.281252,37.811448,2792.7443256,78.138,12.245,183.002,1.0
87.8,128.281258,37.811406,2793.4218960000003,78.087,12.286,183.264,1.0
87.8166,128.281262,37.811364,2794.1022096,78.036,12.327,183.526,1.0
87.8333,128.281267,37.811322,2794.7858760000004,77.985,12.368,183.788,1.0
87.85,128.281272,37.81128,2795.4722856,77.933,12.409,184.05,1.0
87.8666,128.281276,37.811238,2796.162048,77.881,12.451,184.312,1.0
87.8833,128.28128,37.811196,2796.8548584,77.829,12.493,184.574,1.0
87.9,128.281283,37.811154,2797.5507168000004,77.776,12.536,184.835,1.0
87.9166,128.281287,37.811111,2798.2496232000003,77.724,12.579,185.097,1.0
87.9333,128.28129,37.811069,2798.9515776000003,77.671,12.622,185.358,1.0
87.95,128.281293,37.811027,2799.6568848,77.617,12.666,185.62,1.0
87.9666,128.281296,37.810985,2800.36524,77.564,12.71,185.882,1.0
87.9833,128.281298,37.810943,2801.0766432,77.511,12.754,186.143,1.0
88.0,128.2813,37.810901,2801.7913992,77.457,12.799,186.405,1.0
88.0166,128.281302,37.810859,2802.509508,77.404,12.843,186.666,1.0
88.0333,128.281304,37.810817,2803.2306648,77.35,12.889,186.928,1.0
88.05,128.281306,37.810775,2803.9551744,77.295,12.935,187.189,1.0
88.0666,128.281307,37.810732,2804.6830368,77.24,12.981,187.45,1.0
88.0833,128.281308,37.81069,2805.414252,77.185,13.027,187.711,1.0
88.1,128.281309,37.810648,2806.1485152,77.129,13.074,187.973,1.0
88.1166,128.281309,37.810606,2806.8864360000002,77.072,13.121,188.234,1.0
88.1333,128.28131,37.810564,2807.6274048,77.016,13.169,188.495,1.0
88.15,128.28131,37.810522,2808.3720312,76.958,13.216,188.756,1.0
88.1666,128.281309,37.81048,2809.1200104,76.9,13.265,189.017,1.0
88.1833,128.281309,37.810438,2809.8713424,76.842,13.313,189.279,1.0
88.2,128.281308,37.810396,2810.6260272,76.784,13.362,189.54,1.0
88.2166,128.281308,37.810354,2811.3843696,76.725,13.412,189.801,1.0
88.2333,128.281306,37.810312,2812.1460647999997,76.665,13.461,190.062,1.0
88.25,128.281305,37.81027,2812.9114176,76.604,13.511,190.323,1.0
88.2666,128.281303,37.810228,2813.6801232000003,76.543,13.562,190.584,1.0
88.2833,128.281302,37.810186,2814.4524864,76.481,13.613,190.845,1.0
88.3,128.2813,37.810144,2815.2282024,76.419,13.664,191.106,1.0
88.3166,128.281297,37.810103,2816.0078808,76.356,13.716,191.367,1.0
88.3333,128.281295,37.810061,2816.7909120000004,76.291,13.768,191.627,1.0
88.35,128.281292,37.810019,2817.5779056000006,76.224,13.821,191.888,1.0
88.3666,128.281289,37.809977,2818.3685568,76.156,13.874,192.149,1.0
88.3833,128.281286,37.809935,2819.1625608,76.086,13.928,192.41,1.0
88.4,128.281282,37.809894,2819.9605272000003,76.015,13.982,192.67,1.0
88.4166,128.281278,37.809852,2820.7621512,75.942,14.036,192.931,1.0
88.4333,128.281274,37.80981,2821.5677376,75.868,14.091,193.192,1.0
88.45,128.28127,37.809768,2822.3769816,75.791,14.146,193.452,1.0
88.4666,128.281266,37.809727,2823.190188,75.712,14.202,193.713,1.0
88.4833,128.281261,37.809685,2824.0073568000003,75.631,14.259,193.973,1.0
88.5,128.281256,37.809644,2824.8281832,75.549,14.316,194.234,1.0
88.5166,128.281251,37.809602,2825.652972,75.466,14.373,194.494,1.0
88.5333,128.281246,37.809561,2826.4817232,75.381,14.431,194.755,1.0
88.55,128.28124,37.809519,2827.3144368000003,75.296,14.489,195.015,1.0
88.5666,128.281234,37.809478,2828.1514176,75.21,14.548,195.276,1.0
88.5833,128.281228,37.809436,2828.992056,75.123,14.607,195.536,1.0
88.6,128.281222,37.809395,2829.8369616,75.035,14.667,195.797,1.0
88.6166,128.281215,37.809353,2830.6858296,74.947,14.727,196.057,1.0
88.6333,128.281208,37.809312,2831.5389648,74.857,14.788,196.317,1.0
88.65,128.281201,37.809271,2832.3960624000006,74.765,14.85,196.577,1.0
88.6666,128.281194,37.80923,2833.257732,74.672,14.912,196.837,1.0
88.6833,128.281187,37.809188,2834.123364,74.576,14.975,197.097,1.0
88.7,128.281179,37.809147,2834.9932632,74.48,15.038,197.357,1.0
88.7166,128.281171,37.809106,2835.8674296000004,74.382,15.102,197.617,1.0
88.7333,128.281163,37.809065,2836.7458632000003,74.28,15.167,197.876,1.0
88.75,128.281154,37.809024,2837.6288688000004,74.175,15.232,198.136,1.0
88.7666,128.281146,37.808983,2838.5164464000004,74.066,15.299,198.395,1.0
88.7833,128.281137,37.808942,2839.4082912000003,73.954,15.366,198.654,1.0
88.8,128.281128,37.808901,2840.3047079999997,73.84,15.433,198.914,1.0
88.8166,128.281118,37.808861,2841.2053920000003,73.723,15.501,199.173,1.0
88.8333,128.281109,37.80882,2842.1109528,73.601,15.571,199.432,1.0
88.85,128.281099,37.808779,2843.0210856,73.474,15.641,199.691,1.0
88.8666,128.281089,37.808738,2843.9360952,73.343,15.712,199.95,1.0
88.8833,128.281079,37.808698,2844.8556768,73.207,15.784,200.209,1.0
88.9,128.281068,37.808657,2845.7801352000006,73.068,15.856,200.467,1.0
88.9166,128.281058,37.808617,2846.7091656000002,72.927,15.929,200.726,1.0
88.9333,128.281047,37.808576,2847.6433776000003,72.775,16.004,200.984,1.0
88.95,128.281036,37.808536,2848.5824664,72.614,16.08,201.242,1.0
88.9666,128.281024,37.808496,2849.5267368000004,72.444,16.157,201.5,1.0
88.9833,128.281013,37.808455,2850.4761888000003,72.268,16.235,201.758,1.0
89.0,128.281001,37.808415,2851.4305176,72.085,16.314,202.016,1.0
89.0166,128.280989,37.808375,2852.3903328000006,71.898,16.393,202.273,1.0
89.0333,128.280976,37.808335,2853.3556344000003,71.694,16.475,202.531,1.0
89.05,128.280964,37.808295,2854.3261176,71.476,16.559,202.787,1.0
89.0666,128.280951,37.808255,2855.3023920000005,71.244,16.644,203.044,1.0
89.0833,128.280938,37.808215,2856.283848,71.001,16.731,203.3,1.0
89.1,128.280925,37.808175,2857.2710952,70.749,16.819,203.557,1.0
89.1166,128.280912,37.808135,2858.2641336,70.489,16.907,203.813,1.0
89.1333,128.280898,37.808096,2859.2635728,70.208,16.998,204.069,1.0
89.15,128.280884,37.808056,2860.2684984,69.91,17.092,204.324,1.0
89.1666,128.28087,37.808017,2861.2798248,69.595,17.188,204.578,1.0
89.1833,128.280856,37.807977,2862.2972472,69.266,17.286,204.833,1.0
89.2,128.280841,37.807938,2863.3207656,68.925,17.385,205.087,1.0
89.2166,128.280826,37.807899,2864.3506848,68.575,17.485,205.341,1.0
89.2333,128.280811,37.807859,2865.3873096,68.186,17.59,205.593,1.0
89.25,128.280796,37.80782,2866.4315544,67.761,17.701,205.844,1.0
89.2666,128.280781,37.807781,2867.4828096,67.302,17.814,206.094,1.0
89.2833,128.280765,37.807742,2868.5410752000003,66.815,17.93,206.343,1.0
89.3,128.280749,37.807703,2869.606656,66.304,18.048,206.591,1.0
89.3166,128.280733,37.807665,2870.679552,65.773,18.167,206.84,1.0
89.3333,128.280717,37.807626,2871.7594584,65.284,18.282,207.091,1.0
89.35,128.2807,37.807587,2872.8460704,64.84,18.394,207.344,1.0
89.3666,128.280684,37.807549,2873.939388,64.437,18.506,207.598,1.0
89.3833,128.280667,37.80751,2875.0384968,64.072,18.62,207.851,1.0
89.4,128.28065,37.807472,2876.1452256000002,63.739,18.739,208.103,1.0
89.4166,128.280633,37.807433,2877.2589648,63.431,18.861,208.352,1.0
89.4333,128.280615,37.807395,2878.3800192000003,63.087,18.984,208.579,1.0
89.45,128.280598,37.807357,2879.5093032000004,62.699,19.101,208.774,1.0
89.4666,128.28058,37.807319,2880.6471216,62.268,19.212,208.944,1.0
89.4833,128.280562,37.807281,2881.7937792000002,61.8,19.32,209.102,1.0
89.5,128.280544,37.807243,2882.9483616,61.301,19.427,209.256,1.0
89.5166,128.280525,37.807205,2884.1117832,60.777,19.534,209.409,1.0
89.5333,128.280507,37.807167,2885.2840440000004,60.148,19.64,209.542,1.0
89.55,128.280488,37.80713,2886.4657536,59.415,19.736,209.636,1.0
89.5666,128.280469,37.807092,2887.6569120000004,58.573,19.815,209.683,1.0
89.5833,128.28045,37.807055,2888.8587384,57.626,19.879,209.7,1.0
89.6,128.280431,37.807018,2890.0712328000004,56.581,19.938,209.702,1.0
89.6166,128.280411,37.80698,2891.2943952,55.445,19.996,209.7,1.0
89.6333,128.280391,37.806943,2892.5282256000005,54.215,20.044,209.68,1.0
89.65,128.280372,37.806906,2893.7724192000005,52.89,20.074,209.629,1.0
89.6666,128.280352,37.806869,2895.0272808,51.476,20.089,209.557,1.0
89.6833,128.280331,37.806833,2896.2931152,49.98,20.099,209.476,1.0
89.7,128.280311,37.806796,2897.5696176,48.406,20.108,209.392,1.0
89.7166,128.280291,37.806759,2898.8570928,46.757,20.12,209.31,1.0
89.7333,128.28027,37.806723,2900.1549312,45.031,20.123,209.218,1.0
89.75,128.280249,37.806686,2901.4640472,43.229,20.117,209.117,1.0
89.7666,128.280229,37.80665,2902.7835264,41.355,20.105,209.01,1.0
89.7833,128.280208,37.806614,2904.1139784000006,39.411,20.092,208.903,1.0
89.8,128.280187,37.806578,2905.4554032000005,37.4,20.08,208.798,1.0
89.8166,128.280165,37.806541,2906.8074960000004,35.323,20.069,208.695,1.0
89.8333,128.280144,37.806505,2908.1702568,33.181,20.055,208.592,1.0
89.85,128.280123,37.806469,2909.5433808,30.976,20.038,208.489,1.0
89.8666,128.280102,37.806434,2910.9271728000003,28.712,20.019,208.388,1.0
89.8833,128.28008,37.806398,2912.3210232,26.389,19.999,208.288,1.0
89.9,128.280059,37.806362,2913.724932,24.011,19.979,208.191,1.0
89.9166,128.280037,37.806326,2915.139204,21.579,19.959,208.098,1.0
89.9333,128.280016,37.806291,2916.5632296000003,19.098,19.945,208.009,1.0
89.95,128.279994,37.806255,2917.9970088,16.569,19.938,207.925,1.0
89.9666,128.279973,37.806219,2919.4405416000004,13.994,19.934,207.844,1.0
89.9833,128.279951,37.806184,2920.8935232000003,11.375,19.932,207.766,1.0
90.0,128.27993,37.806148,2922.3553440000005,8.714,19.93,207.691,1.0
90.0166,128.279908,37.806113,2923.8263088,6.015,19.929,207.617,1.0
90.0333,128.279887,37.806077,2925.3064176,3.28,19.945,207.546,1.0
90.05,128.279865,37.806042,2926.7956704000003,0.512,19.986,207.477,1.0
90.0666,128.279843,37.806007,2928.2934576000002,-2.287,20.043,207.408,1.0
90.0833,128.279822,37.805971,2929.7994744,-5.117,20.109,207.338,1.0
90.1,128.2798,37.805936,2931.3140256,-7.973,20.178,207.267,1.0
90.1166,128.279779,37.805901,2932.8365016,-10.853,20.247,207.194,1.0
90.1333,128.279757,37.805865,2934.3653784000003,-13.711,20.334,207.118,1.0
90.15,128.279736,37.80583,2935.900656,-16.545,20.449,207.036,1.0
90.1666,128.279714,37.805795,2937.4411152,-19.355,20.583,206.944,1.0
90.1833,128.279693,37.80576,2938.9888896,-22.142,20.727,206.843,1.0
90.2,128.279672,37.805725,2940.5427600000003,-24.91,20.872,206.733,1.0
90.2166,128.27965,37.805689,2942.1030312,-27.66,21.014,206.614,1.0
90.2333,128.279629,37.805654,2943.6675695999998,-30.334,21.171,206.483,1.0
90.25,128.279608,37.805619,2945.2372896,-32.942,21.349,206.334,1.0
90.2666,128.279587,37.805584,2946.8106672,-35.494,21.541,206.164,1.0
90.2833,128.279566,37.805548,2948.3901408,-37.999,21.735,205.978,1.0
90.3,128.279545,37.805513,2949.9744912,-40.465,21.923,205.778,1.0
90.3166,128.279524,37.805478,2951.5646328000003,-42.903,22.102,205.567,1.0
90.3333,128.279503,37.805443,2953.158432,-45.254,22.287,205.337,1.0
90.35,128.279482,37.805408,2954.7558888000003,-47.532,22.485,205.083,1.0
90.3666,128.279461,37.805372,2956.3570032000002,-49.749,22.685,204.808,1.0
90.3833,128.27944,37.805337,2957.9629944,-51.915,22.879,204.517,1.0
90.4,128.27942,37.805302,2959.5735576,-54.041,23.061,204.213,1.0
90.4166,128.279399,37.805266,2961.188388,-56.138,23.227,203.902,1.0
90.4333,128.279379,37.805231,2962.8062664000004,-58.156,23.394,203.571,1.0
90.45,128.279358,37.805196,2964.4271928,-60.106,23.563,203.217,1.0
90.4666,128.279338,37.80516,2966.0511672,-62.0,23.727,202.847,1.0
90.4833,128.279318,37.805125,2967.6794088,-63.848,23.878,202.466,1.0
90.5,128.279298,37.805089,2969.3106984,-65.66,24.014,202.079,1.0
90.5166,128.279278,37.805054,2970.9456456000003,-67.444,24.133,201.689,1.0
90.5333,128.279258,37.805018,2972.5827264,-69.161,24.248,201.281,1.0
90.55,128.279238,37.804983,2974.2222456000004,-70.82,24.358,200.857,1.0
90.5666,128.279218,37.804947,2975.8638984000004,-72.43,24.459,200.422,1.0
90.5833,128.279199,37.804912,2977.5085992,-73.998,24.546,199.983,1.0
90.6,128.279179,37.804876,2979.1554336,-75.534,24.618,199.543,1.0
90.6166,128.27916,37.80484,2980.8044016,-77.045,24.673,199.106,1.0
90.6333,128.279141,37.804805,2982.4548936,-78.499,24.721,198.656,1.0
90.65,128.279122,37.804769,2984.1066048000002,-79.903,24.762,198.195,1.0
90.6666,128.279103,37.804733,2985.7598399999997,-81.264,24.793,197.728,1.0
90.6833,128.279084,37.804697,2987.4142944,-82.589,24.81,197.262,1.0
90.7,128.279065,37.804661,2989.0699680000002,-83.884,24.814,196.8,1.0
90.7166,128.279047,37.804625,2990.726556,-85.156,24.805,196.344,1.0
90.7333,128.279028,37.804589,2992.3831440000004,-86.374,24.787,195.885,1.0
90.75,128.27901,37.804553,2994.0400368,-87.546,24.762,195.424,1.0
90.7666,128.278992,37.804517,2995.6969296,-88.676,24.728,194.966,1.0
90.7833,128.278974,37.804481,2997.3541272,-89.772,24.683,194.512,1.0
90.8,128.278956,37.804445,2999.0107152,-90.839,24.627,194.065,1.0
90.8166,128.278938,37.804409,3000.6666936,-91.882,24.561,193.626,1.0
90.8333,128.278921,37.804372,3002.3217576,-92.875,24.489,193.197,1.0
90.85,128.278904,37.804336,3003.9759072,-93.824,24.411,192.776,1.0
90.8666,128.278886,37.8043,3005.6285328000004,-94.734,24.326,192.363,1.0
90.8833,128.278869,37.804263,3007.2799392,-95.612,24.234,191.959,1.0
90.9,128.278853,37.804227,3008.9298215999997,-96.465,24.134,191.562,1.0
90.9166,128.278836,37.80419,3010.5775704000002,-97.296,24.027,191.174,1.0
90.9333,128.278819,37.804154,3012.2231856,-98.086,23.916,190.793,1.0
90.95,128.278803,37.804117,3013.8666672,-98.84,23.801,190.419,1.0
90.9666,128.278787,37.80408,3015.5077103999997,-99.563,23.683,190.052,1.0
90.9833,128.278771,37.804043,3017.1460104,-100.26,23.559,189.692,1.0
91.0,128.278755,37.804007,3018.7812624000003,-100.934,23.43,189.338,1.0
91.0166,128.278739,37.80397,3020.4134664000003,-101.591,23.297,188.992,1.0
91.0333,128.278724,37.803933,3022.0420128,-102.274,23.154,188.652,1.0
91.05,128.278709,37.803896,3023.6665967999998,-102.985,23.004,188.32,1.0
91.0666,128.278694,37.803859,3025.286304,-103.722,22.848,187.994,1.0
91.0833,128.278679,37.803822,3026.9017440000002,-104.483,22.688,187.673,1.0
91.1,128.278664,37.803784,3028.5126120000004,-105.265,22.526,187.358,1.0
91.1166,128.27865,37.803747,3030.1179936000003,-106.063,22.361,187.047,1.0
91.1333,128.278636,37.80371,3031.7188032000004,-106.826,22.198,186.738,1.0
91.15,128.278622,37.803672,3033.3150408,-107.552,22.037,186.432,1.0
91.1666,128.278608,37.803635,3034.9064016,-108.242,21.875,186.129,1.0
91.1833,128.278594,37.803598,3036.4928856,-108.899,21.71,185.829,1.0
91.2,128.278581,37.80356,3038.0738831999997,-109.526,21.54,185.534,1.0
91.2166,128.278567,37.803522,3039.6490896000005,-110.128,21.366,185.243,1.0
91.2333,128.278554,37.803485,3041.219724,-110.681,21.19,184.955,1.0
91.25,128.278541,37.803447,3042.784872,-111.188,21.014,184.672,1.0
91.2666,128.278528,37.803409,3044.3442288,-111.657,20.837,184.392,1.0
91.2833,128.278515,37.803372,3045.8974896000004,-112.093,20.657,184.117,1.0
91.3,128.278503,37.803334,3047.4446544,-112.501,20.474,183.846,1.0
91.3166,128.278491,37.803296,3048.9854184,-112.888,20.289,183.58,1.0
91.3333,128.278479,37.803258,3050.5197816,-113.248,20.103,183.318,1.0
91.35,128.278467,37.80322,3052.0474392,-113.587,19.916,183.059,1.0
91.3666,128.278455,37.803182,3053.5683912000004,-113.907,19.729,182.804,1.0
91.3833,128.278443,37.803144,3055.0820280000003,-114.212,19.54,182.553,1.0
91.4,128.278432,37.803105,3056.5886544,-114.505,19.351,182.305,1.0
91.4166,128.278421,37.803067,3058.0879656,-114.788,19.161,182.06,1.0
91.4333,128.27841,37.803029,3059.5796568,-115.059,18.97,181.818,1.0
91.45,128.278399,37.802991,3061.0637280000005,-115.32,18.78,181.578,1.0
91.4666,128.278388,37.802952,3062.5401792000002,-115.572,18.589,181.341,1.0
91.4833,128.278378,37.802914,3064.0090104,-115.817,18.399,181.106,1.0
91.5,128.278367,37.802875,3065.4693072000005,-116.056,18.208,180.873,1.0
91.5166,128.278357,37.802837,3066.921984,-116.289,18.016,180.642,1.0
91.5333,128.278347,37.802798,3068.366736,-116.508,17.826,180.413,1.0
91.55,128.278338,37.802759,3069.8029536,-116.715,17.636,180.185,1.0
91.5666,128.278328,37.802721,3071.2312464000006,-116.911,17.447,179.959,1.0
91.5833,128.278319,37.802682,3072.6510048,-117.096,17.257,179.734,1.0
91.6,128.27831,37.802643,3074.0622288,-117.272,17.068,179.51,1.0
91.6166,128.278301,37.802604,3075.4649184,-117.44,16.878,179.289,1.0
91.6333,128.278292,37.802565,3076.8596832,-117.59,16.69,179.068,1.0
91.65,128.278283,37.802526,3078.2456088,-117.723,16.503,178.849,1.0
91.6666,128.278275,37.802487,3079.6226952,-117.84,16.316,178.63,1.0
91.6833,128.278267,37.802448,3080.9912472,-117.944,16.13,178.412,1.0
91.7,128.278259,37.802409,3082.3506552000003,-118.035,15.944,178.196,1.0
91.7166,128.278251,37.80237,3083.701224,-118.117,15.759,177.981,1.0
91.7333,128.278243,37.802331,3085.0432584,-118.18,15.575,177.766,1.0
91.75,128.278236,37.802292,3086.3761488000005,-118.227,15.393,177.552,1.0
91.7666,128.278229,37.802253,3087.7002,-118.258,15.213,177.338,1.0
91.7833,128.278221,37.802213,3089.0151072000003,-118.275,15.033,177.125,1.0
91.8,128.278215,37.802174,3090.3205656,-118.28,14.854,176.913,1.0
91.8166,128.278208,37.802135,3091.6168800000005,-118.274,14.676,176.701,1.0
91.8333,128.278201,37.802095,3092.9046600000006,-118.253,14.5,176.489,1.0
91.85,128.278195,37.802056,3094.1826864,-118.217,14.325,176.277,1.0
91.8666,128.278189,37.802016,3095.4515688,-118.168,14.153,176.065,1.0
91.8833,128.278183,37.801977,3096.7110024000003,-118.107,13.981,175.852,1.0
91.9,128.278177,37.801937,3097.9609872000005,-118.036,13.81,175.64,1.0
91.9166,128.278172,37.801897,3099.2015232000003,-117.955,13.641,175.429,1.0
91.9333,128.278166,37.801858,3100.4326103999997,-117.864,13.473,175.217,1.0
91.95,128.278161,37.801818,3101.653944,-117.765,13.307,175.004,1.0
91.9666,128.278156,37.801778,3102.8661336,-117.658,13.142,174.792,1.0
91.9833,128.278151,37.801739,3104.0685696,-117.544,12.979,174.579,1.0
92.0,128.278147,37.801699,3105.2612520000002,-117.423,12.817,174.366,1.0
92.0166,128.278142,37.801659,3106.4444856,-117.297,12.657,174.152,1.0
92.0333,128.278138,37.801619,3107.6176608,-117.166,12.498,173.939,1.0
92.05,128.278134,37.801579,3108.7813872,-117.033,12.34,173.725,1.0
92.0666,128.27813,37.801539,3109.9353600000004,-116.896,12.185,173.51,1.0
92.0833,128.278127,37.801499,3111.079884,-116.757,12.031,173.295,1.0
92.1,128.278123,37.801459,3112.2143496,-116.614,11.878,173.079,1.0
92.1166,128.27812,37.801419,3113.3393664000005,-116.467,11.726,172.863,1.0
92.1333,128.278117,37.801379,3114.4543248,-116.323,11.576,172.647,1.0
92.15,128.278115,37.801339,3115.5595296,-116.18,11.427,172.43,1.0
92.1666,128.278112,37.801299,3116.6549808,-116.038,11.28,172.212,1.0
92.1833,128.27811,37.801259,3117.7406784000004,-115.896,11.134,171.994,1.0
92.2,128.278107,37.801219,3118.8166224,-115.754,10.989,171.775,1.0
92.2166,128.278106,37.801179,3119.8828128,-115.611,10.846,171.555,1.0
92.2333,128.278104,37.801139,3120.93864,-115.478,10.707,171.334,1.0
92.25,128.278102,37.801098,3121.9850184,-115.354,10.572,171.11,1.0
92.2666,128.278101,37.801058,3123.0213384,-115.236,10.44,170.885,1.0
92.2833,128.2781,37.801018,3124.0482096,-115.119,10.311,170.659,1.0
92.3,128.278099,37.800978,3125.0653272,-115.002,10.182,170.432,1.0
92.3166,128.278098,37.800937,3126.0729960000003,-114.883,10.055,170.204,1.0
92.3333,128.278098,37.800897,3127.0703016,-114.771,9.93,169.976,1.0
92.35,128.278098,37.800857,3128.0578536,-114.665,9.807,169.746,1.0
92.3666,128.278098,37.800817,3129.0359568000003,-114.563,9.685,169.515,1.0
92.3833,128.278098,37.800776,3130.0043064,-114.463,9.565,169.284,1.0
92.4,128.278098,37.800736,3130.9629024,-114.363,9.446,169.053,1.0
92.4166,128.278099,37.800696,3131.9120496,-114.264,9.327,168.82,1.0
92.4333,128.2781,37.800655,3132.8514432,-114.169,9.209,168.588,1.0
92.45,128.278101,37.800615,3133.7810832,-114.077,9.092,168.355,1.0
92.4666,128.278102,37.800574,3134.7012744,-113.988,8.975,168.122,1.0
92.4833,128.278103,37.800534,3135.6117120000004,-113.9,8.858,167.888,1.0
92.5,128.278105,37.800494,3136.5127008000004,-113.815,8.742,167.654,1.0
92.5166,128.278107,37.800453,3137.4042408,-113.73,8.627,167.42,1.0
92.5333,128.278109,37.800413,3138.2857224,-113.65,8.512,167.185,1.0
92.55,128.278111,37.800372,3139.1577552000003,-113.574,8.398,166.95,1.0
92.5666,128.278114,37.800332,3140.0203392000003,-113.5,8.284,166.715,1.0
92.5833,128.278116,37.800292,3140.8734744,-113.429,8.171,166.479,1.0
92.6,128.278119,37.800251,3141.7171608,-113.36,8.058,166.243,1.0
92.6166,128.278123,37.800211,3142.5510936,-113.291,7.945,166.007,1.0
92.6333,128.278126,37.80017,3143.3755776000003,-113.227,7.833,165.77,1.0
92.65,128.27813,37.80013,3144.1906128,-113.166,7.721,165.533,1.0
92.6666,128.278133,37.80009,3144.9961992,-113.108,7.609,165.296,1.0
92.6833,128.278137,37.800049,3145.7923368,-113.052,7.498,165.059,1.0
92.7,128.278142,37.800009,3146.5787208,-112.998,7.387,164.821,1.0
92.7166,128.278146,37.799968,3147.3559608,-112.944,7.276,164.583,1.0
92.7333,128.278151,37.799928,3148.123752,-112.894,7.166,164.345,1.0
92.75,128.278156,37.799888,3148.8817896000005,-112.847,7.056,164.106,1.0
92.7666,128.278161,37.799847,3149.6306832,-112.803,6.946,163.868,1.0
92.7833,128.278166,37.799807,3150.3701280000005,-112.76,6.836,163.629,1.0
92.8,128.278172,37.799766,3151.100124,-112.718,6.726,163.39,1.0
92.8166,128.278177,37.799726,3151.8206712000006,-112.678,6.617,163.151,1.0
92.8333,128.278183,37.799686,3152.5317695999997,-112.64,6.508,162.912,1.0
92.85,128.278189,37.799645,3153.2334192000003,-112.606,6.398,162.672,1.0
92.8666,128.278196,37.799605,3153.9259248000003,-112.574,6.289,162.433,1.0
92.8833,128.278202,37.799565,3154.6086768,-112.544,6.18,162.193,1.0
92.9,128.278209,37.799524,3155.2822848000005,-112.515,6.071,161.954,1.0
92.9166,128.278216,37.799484,3155.946444,-112.487,5.962,161.714,1.0
92.9333,128.278223,37.799444,3156.6011544000003,-112.464,5.853,161.474,1.0
92.95,128.278231,37.799404,3157.2464160000004,-112.445,5.744,161.234,1.0
92.9666,128.278239,37.799363,3157.8825336,-112.429,5.635,160.994,1.0
92.9833,128.278246,37.799323,3158.5088976,-112.416,5.525,160.754,1.0
93.0,128.278255,37.799283,3159.1261176,-112.405,5.416,160.514,1.0
93.0166,128.278263,37.799243,3159.7338888000004,-112.397,5.306,160.274,1.0
93.0333,128.278271,37.799203,3160.3319064,-112.393,5.197,160.034,1.0
93.05,128.27828,37.799162,3160.9207800000004,-112.394,5.087,159.794,1.0
93.0666,128.278289,37.799122,3161.4999000000003,-112.398,4.976,159.553,1.0
93.0833,128.278298,37.799082,3162.0698760000005,-112.406,4.866,159.313,1.0
93.1,128.278308,37.799042,3162.6304032000003,-112.416,4.755,159.073,1.0
93.1166,128.278317,37.799002,3163.1814816,-112.428,4.644,158.833,1.0
93.1333,128.278327,37.798962,3163.7231112,-112.445,4.533,158.593,1.0
93.15,128.278337,37.798922,3164.2552920000003,-112.465,4.422,158.353,1.0
93.1666,128.278347,37.798882,3164.7780239999997,-112.487,4.31,158.112,1.0
93.1833,128.278358,37.798842,3165.2910024000003,-112.513,4.198,157.872,1.0
93.2,128.278368,37.798802,3165.7948368,-112.54,4.085,157.632,1.0
93.2166,128.278379,37.798762,3166.2892224,-112.569,3.973,157.392,1.0
93.2333,128.27839,37.798722,3166.7738544000003,-112.601,3.86,157.152,1.0
93.25,128.278402,37.798683,3167.2490376,-112.635,3.747,156.912,1.0
93.2666,128.278413,37.798643,3167.714772,-112.671,3.633,156.672,1.0
93.2833,128.278425,37.798603,3168.1710576000005,-112.708,3.519,156.433,1.0
93.3,128.278437,37.798563,3168.6175896000004,-112.747,3.404,156.193,1.0
93.3166,128.278449,37.798524,3169.0546728000004,-112.787,3.289,155.953,1.0
93.3333,128.278461,37.798484,3169.4823072000004,-112.828,3.174,155.714,1.0
93.35,128.278474,37.798444,3169.9004928,-112.869,3.059,155.474,1.0
93.3666,128.278487,37.798405,3170.3089248,-112.911,2.943,155.235,1.0
93.3833,128.2785,37.798365,3170.7076032000004,-112.953,2.827,154.995,1.0
93.4,128.278513,37.798326,3171.0971375999998,-112.995,2.71,154.756,1.0
93.4166,128.278526,37.798286,3171.4766136000003,-113.037,2.593,154.517,1.0
93.4333,128.27854,37.798247,3171.8469456000003,-113.077,2.476,154.278,1.0
93.45,128.278554,37.798207,3172.207524,-113.114,2.359,154.039,1.0
93.4666,128.278568,37.798168,3172.5586536,-113.149,2.242,153.8,1.0
93.4833,128.278582,37.798129,3172.9000296000004,-113.181,2.125,153.561,1.0
93.5,128.278596,37.798089,3173.2319568000003,-113.212,2.007,153.322,1.0
93.5166,128.278611,37.79805,3173.5538256000004,-113.241,1.889,153.083,1.0
93.5333,128.278626,37.798011,3173.8668552000004,-113.262,1.771,152.845,1.0
93.55,128.278641,37.797972,3174.1701312,-113.277,1.654,152.606,1.0
93.5666,128.278656,37.797933,3174.4636536,-113.286,1.537,152.367,1.0
93.5833,128.278671,37.797894,3174.7477272,-113.289,1.42,152.128,1.0
93.6,128.278687,37.797855,3175.0220472,-113.287,1.303,151.889,1.0
93.6166,128.278703,37.797816,3175.2869184,-113.282,1.185,151.651,1.0
93.6333,128.278719,37.797777,3175.5423408,-113.268,1.067,151.412,1.0
93.65,128.278735,37.797738,3175.7883144,-113.248,0.95,151.174,1.0
93.6666,128.278751,37.797699,3176.0245344000004,-113.223,0.833,150.936,1.0
93.6833,128.278768,37.79766,3176.2510008000004,-113.192,0.716,150.698,1.0
93.7,128.278785,37.797622,3176.4680184000003,-113.157,0.599,150.46,1.0
93.7166,128.278802,37.797583,3176.6752824000005,-113.118,0.482,150.222,1.0
93.7333,128.278819,37.797544,3176.8730976,-113.075,0.366,149.984,1.0
93.75,128.278836,37.797506,3177.0614640000003,-113.03,0.249,149.747,1.0
93.7666,128.278854,37.797467,3177.239772,-112.981,0.132,149.51,1.0
93.7833,128.278872,37.797429,3177.4089360000003,-112.93,0.016,149.272,1.0
93.8,128.27889,37.79739,3177.5680416000005,-112.878,-0.1,149.035,1.0
93.8166,128.278908,37.797352,3177.7176984000002,-112.823,-0.216,148.798,1.0
93.8333,128.278926,37.797314,3177.8579064,-112.768,-0.332,148.561,1.0
93.85,128.278945,37.797275,3177.9883608,-112.711,-0.447,148.324,1.0
93.8666,128.278964,37.797237,3178.1093664000005,-112.653,-0.563,148.086,1.0
93.8833,128.278983,37.797199,3178.2206184,-112.595,-0.678,147.849,1.0
93.9,128.279002,37.797161,3178.3224216,-112.536,-0.793,147.612,1.0
93.9166,128.279021,37.797123,3178.4144712,-112.476,-0.907,147.375,1.0
93.9333,128.279041,37.797085,3178.497072,-112.416,-1.022,147.137,1.0
93.95,128.279061,37.797047,3178.5699192,-112.355,-1.136,146.9,1.0
93.9666,128.279081,37.797009,3178.6333176,-112.295,-1.25,146.662,1.0
93.9833,128.279101,37.796972,3178.6872672,-112.234,-1.364,146.425,1.0
94.0,128.279121,37.796934,3178.7314632000002,-112.172,-1.477,146.187,1.0
94.0166,128.279142,37.796896,3178.7665152,-112.111,-1.59,145.95,1.0
94.0333,128.279162,37.796859,3178.7918136000003,-112.049,-1.703,145.712,1.0
94.05,128.279183,37.796821,3178.8073584,-111.988,-1.815,145.474,1.0
94.0666,128.279204,37.796784,3178.8137592000003,-111.927,-1.928,145.236,1.0
94.0833,128.279226,37.796746,3178.8107112000002,-111.866,-2.04,144.998,1.0
94.1,128.279247,37.796709,3178.7979096000004,-111.805,-2.152,144.76,1.0
94.1166,128.279269,37.796672,3178.7756592,-111.744,-2.263,144.522,1.0
94.1333,128.279291,37.796635,3178.7442648,-111.683,-2.375,144.283,1.0
94.15,128.279313,37.796598,3178.7031168000003,-111.623,-2.486,144.045,1.0
94.1666,128.279335,37.796561,3178.65252,-111.563,-2.596,143.806,1.0
94.1833,128.279358,37.796524,3178.5927792,-111.503,-2.707,143.568,1.0
94.2,128.279381,37.796487,3178.5232848000005,-111.443,-2.817,143.329,1.0
94.2166,128.279403,37.79645,3178.4446464000002,-111.383,-2.927,143.09,1.0
94.2333,128.279426,37.796413,3178.3565592,-111.323,-3.037,142.851,1.0
94.25,128.27945,37.796377,3178.2593280000006,-111.264,-3.147,142.612,1.0
94.2666,128.279473,37.79634,3178.1523432000004,-111.204,-3.256,142.373,1.0
94.2833,128.279497,37.796304,3178.0362144000005,-111.145,-3.365,142.133,1.0
94.3,128.279521,37.796267,3177.9106368000002,-111.086,-3.474,141.894,1.0
94.3166,128.279545,37.796231,3177.7759152,-111.027,-3.583,141.654,1.0
94.3333,128.279569,37.796195,3177.6317448,-110.968,-3.691,141.415,1.0
94.35,128.279593,37.796159,3177.4784304000004,-110.909,-3.799,141.175,1.0
94.3666,128.279618,37.796123,3177.3156672,-110.85,-3.907,140.935,1.0
94.3833,128.279643,37.796087,3177.1437600000004,-110.791,-4.014,140.695,1.0
94.4,128.279668,37.796051,3176.962404,-110.731,-4.122,140.455,1.0
94.4166,128.279693,37.796015,3176.771904,-110.672,-4.229,140.214,1.0
94.4333,128.279718,37.795979,3176.5722600000004,-110.612,-4.336,139.974,1.0
94.45,128.279743,37.795944,3176.363472,-110.552,-4.442,139.733,1.0
94.4666,128.279769,37.795908,3176.1452352000006,-110.492,-4.549,139.493,1.0
94.4833,128.279795,37.795873,3175.9178544,-110.432,-4.655,139.252,1.0
94.5,128.279821,37.795837,3175.6816344000003,-110.372,-4.761,139.011,1.0
94.5166,128.279847,37.795802,3175.4359656,-110.311,-4.866,138.77,1.0
94.5333,128.279874,37.795767,3175.1811528000003,-110.251,-4.972,138.529,1.0
94.55,128.2799,37.795732,3174.9171960000003,-110.19,-5.077,138.288,1.0
94.5666,128.279927,37.795697,3174.6440952000003,-110.129,-5.182,138.047,1.0
94.5833,128.279954,37.795662,3174.3618504,-110.068,-5.286,137.805,1.0
94.6,128.279981,37.795627,3174.0707664,-110.006,-5.391,137.564,1.0
94.6166,128.280009,37.795592,3173.7702336,-109.945,-5.495,137.322,1.0
94.6333,128.280036,37.795557,3173.4608616,-109.883,-5.599,137.08,1.0
94.65,128.280064,37.795523,3173.1426504,-109.822,-5.702,136.839,1.0
94.6666,128.280092,37.795488,3172.8149904,-109.761,-5.806,136.597,1.0
94.6833,128.28012,37.795454,3172.4784912,-109.7,-5.909,136.355,1.0
94.7,128.280148,37.79542,3172.132848,-109.639,-6.012,136.112,1.0
94.7166,128.280176,37.795386,3171.7783656,-109.578,-6.115,135.87,1.0
94.7333,128.280205,37.795351,3171.4147392000004,-109.517,-6.218,135.628,1.0
94.75,128.280234,37.795318,3171.0422736000005,-109.456,-6.32,135.385,1.0
94.7666,128.280263,37.795284,3170.6609688000003,-109.396,-6.422,135.142,1.0
94.7833,128.280292,37.79525,3170.27052,-109.335,-6.524,134.9,1.0
94.8,128.280321,37.795216,3169.8712320000004,-109.274,-6.625,134.657,1.0
94.8166,128.28035,37.795183,3169.4631048,-109.213,-6.727,134.414,1.0
94.8333,128.28038,37.795149,3169.0458336,-109.152,-6.828,134.17,1.0
94.85,128.28041,37.795116,3168.6200280000003,-109.091,-6.928,133.927,1.0
94.8666,128.28044,37.795083,3168.1850784000003,-109.029,-7.029,133.684,1.0
94.8833,128.28047,37.795049,3167.7415944,-108.967,-7.129,133.44,1.0
94.9,128.2805,37.795016,3167.2889664000004,-108.905,-7.229,133.197,1.0
94.9166,128.280531,37.794983,3166.827804,-108.842,-7.329,132.953,1.0
94.9333,128.280561,37.79495,3166.3574976,-108.779,-7.428,132.709,1.0
94.95,128.280592,37.794918,3165.8786568,-108.714,-7.527,132.465,1.0
94.9666,128.280623,37.794885,3165.3909768,-108.649,-7.626,132.221,1.0
94.9833,128.280654,37.794853,3164.8947624,-108.583,-7.725,131.976,1.0
95.0,128.280686,37.79482,3164.3897088,-108.517,-7.823,131.732,1.0
95.0166,128.280717,37.794788,3163.875816,-108.45,-7.921,131.487,1.0
95.0333,128.280749,37.794756,3163.3533888,-108.381,-8.018,131.243,1.0
95.05,128.280781,37.794724,3162.8224272,-108.311,-8.116,130.998,1.0
95.0666,128.280813,37.794692,3162.2826264,-108.24,-8.212,130.753,1.0
95.0833,128.280845,37.79466,3161.7342912000004,-108.168,-8.309,130.508,1.0
95.1,128.280877,37.794628,3161.1771168000005,-108.095,-8.405,130.263,1.0
95.1166,128.28091,37.794596,3160.6117128,-108.02,-8.501,130.017,1.0
95.1333,128.280942,37.794565,3160.0374696,-107.944,-8.597,129.772,1.0
95.15,128.280975,37.794533,3159.4549968,-107.867,-8.692,129.526,1.0
95.1666,128.281008,37.794502,3158.8636848000006,-107.787,-8.786,129.28,1.0
95.1833,128.281041,37.794471,3158.2641432,-107.707,-8.881,129.035,1.0
95.2,128.281074,37.79444,3157.6557624,-107.625,-8.974,128.789,1.0
95.2166,128.281108,37.794409,3157.0391520000003,-107.541,-9.068,128.543,1.0
95.2333,128.281141,37.794378,3156.4143120000003,-107.456,-9.161,128.296,1.0
95.25,128.281175,37.794347,3155.7806328000006,-107.37,-9.254,128.05,1.0
95.2666,128.281209,37.794317,3155.1390288,-107.281,-9.346,127.803,1.0
95.2833,128.281243,37.794286,3154.4885856,-107.192,-9.438,127.557,1.0
95.3,128.281277,37.794256,3153.8302176,-107.101,-9.529,127.31,1.0
95.3166,128.281312,37.794226,3153.1633152,-107.009,-9.62,127.063,1.0
95.3333,128.281346,37.794196,3152.4881832,-106.916,-9.711,126.816,1.0
95.35,128.281381,37.794166,3151.8048215999997,-106.821,-9.801,126.569,1.0
95.3666,128.281416,37.794136,3151.1129256000004,-106.725,-9.89,126.322,1.0
95.3833,128.281451,37.794106,3150.4131048000004,-106.627,-9.979,126.074,1.0
95.4,128.281486,37.794076,3149.7050544000003,-106.529,-10.068,125.827,1.0
95.4166,128.281521,37.794047,3148.9887744000002,-106.429,-10.156,125.579,1.0
95.4333,128.281557,37.794017,3148.2645696,-106.328,-10.243,125.331,1.0
95.45,128.281592,37.793988,3147.5321352000005,-106.226,-10.33,125.083,1.0
95.4666,128.281628,37.793959,3146.7914712,-106.122,-10.417,124.835,1.0
95.4833,128.281664,37.79393,3146.0428824000005,-106.017,-10.503,124.587,1.0
95.5,128.2817,37.793901,3145.2863688,-105.91,-10.588,124.339,1.0
95.5166,128.281736,37.793873,3144.5216256000003,-105.803,-10.673,124.09,1.0
95.5333,128.281773,37.793844,3143.7492624000006,-105.694,-10.758,123.841,1.0
95.55,128.281809,37.793815,3142.9686696,-105.585,-10.842,123.592,1.0
95.5666,128.281846,37.793787,3142.1804568000002,-105.474,-10.925,123.343,1.0
95.5833,128.281883,37.793759,3141.3840144000005,-105.362,-11.008,123.094,1.0
95.6,128.28192,37.793731,3140.579952,-105.249,-11.09,122.845,1.0
95.6166,128.281957,37.793703,3139.7679648,-105.135,-11.172,122.596,1.0
95.6333,128.281994,37.793675,3138.9483576000002,-105.02,-11.253,122.346,1.0
95.65,128.282031,37.793647,3138.1211304000003,-104.903,-11.333,122.096,1.0
95.6666,128.282069,37.79362,3137.2859784000007,-104.785,-11.413,121.846,1.0
95.6833,128.282106,37.793592,3136.4432064000002,-104.666,-11.493,121.596,1.0
95.7,128.282144,37.793565,3135.5925096,-104.546,-11.571,121.346,1.0
95.7166,128.282182,37.793538,3134.7344976,-104.425,-11.65,121.096,1.0
95.7333,128.28222,37.793511,3133.8688656,-104.303,-11.727,120.845,1.0
95.75,128.282258,37.793484,3132.9959184000004,-104.18,-11.804,120.594,1.0
95.7666,128.282297,37.793457,3132.1153512,-104.056,-11.881,120.344,1.0
95.7833,128.282335,37.793431,3131.2271640000004,-103.931,-11.956,120.093,1.0
95.8,128.282374,37.793404,3130.3316616,-103.805,-12.032,119.842,1.0
95.8166,128.282413,37.793378,3129.4285392,-103.678,-12.106,119.59,1.0
95.8333,128.282452,37.793351,3128.5184064,-103.55,-12.18,119.339,1.0
95.85,128.282491,37.793325,3127.6006536,-103.42,-12.253,119.087,1.0
95.8666,128.28253,37.7933,3126.6758904,-103.289,-12.326,118.836,1.0
95.8833,128.282569,37.793274,3125.7435072000003,-103.158,-12.398,118.584,1.0
95.9,128.282609,37.793248,3124.8044184,-103.025,-12.469,118.332,1.0
95.9166,128.282648,37.793223,3123.8577096000004,-102.891,-12.539,118.079,1.0
95.9333,128.282688,37.793197,3122.9042952,-102.755,-12.609,117.827,1.0
95.95,128.282728,37.793172,3121.9435656,-102.618,-12.678,117.575,1.0
95.9666,128.282768,37.793147,3120.9758256000005,-102.48,-12.747,117.322,1.0
95.9833,128.282808,37.793122,3120.0010752000003,-102.34,-12.815,117.069,1.0
96.0,128.282848,37.793097,3119.0193144000004,-102.199,-12.882,116.816,1.0
96.0166,128.282888,37.793073,3118.0305432,-102.057,-12.948,116.563,1.0
96.0333,128.282929,37.793048,3117.0350664000002,-101.914,-13.014,116.31,1.0
96.05,128.282969,37.793024,3116.032884,-101.769,-13.079,116.057,1.0
96.0666,128.28301,37.793,3115.0236912,-101.622,-13.143,115.803,1.0
96.0833,128.283051,37.792975,3114.0077928,-101.475,-13.206,115.55,1.0
96.1,128.283092,37.792952,3112.9851888000003,-101.326,-13.269,115.296,1.0
96.1166,128.283133,37.792928,3111.9558792000003,-101.176,-13.331,115.042,1.0
96.1333,128.283174,37.792904,3110.9201688000003,-101.025,-13.392,114.788,1.0
96.15,128.283215,37.792881,3109.8777528000005,-100.871,-13.452,114.534,1.0
96.1666,128.283257,37.792857,3108.8286312,-100.715,-13.512,114.28,1.0
96.1833,128.283298,37.792834,3107.7734136000004,-100.558,-13.57,114.025,1.0
96.2,128.28334,37.792811,3106.7114904,-100.399,-13.628,113.771,1.0
96.2166,128.283382,37.792788,3105.6431664,-100.239,-13.685,113.516,1.0
96.2333,128.283424,37.792766,3104.5687464000002,-100.077,-13.741,113.261,1.0
96.25,128.283466,37.792743,3103.4879256000004,-99.912,-13.797,113.006,1.0
96.2666,128.283508,37.792721,3102.4010088,-99.746,-13.851,112.751,1.0
96.2833,128.28355,37.792698,3101.3076912,-99.577,-13.905,112.496,1.0
96.3,128.283593,37.792676,3100.2082776,-99.406,-13.957,112.241,1.0
96.3166,128.283635,37.792654,3099.1030728,-99.235,-14.009,111.986,1.0
96.3333,128.283678,37.792633,3097.9914672,-99.06,-14.06,111.73,1.0
96.35,128.283721,37.792611,3096.8740704,-98.883,-14.11,111.475,1.0
96.3666,128.283764,37.792589,3095.7508824,-98.704,-14.159,111.219,1.0
96.3833,128.283807,37.792568,3094.6215984000005,-98.522,-14.207,110.963,1.0
96.4,128.28385,37.792547,3093.4868280000005,-98.339,-14.254,110.708,1.0
96.4166,128.283893,37.792526,3092.3459616,-98.155,-14.301,110.452,1.0
96.4333,128.283936,37.792505,3091.1996088,-97.967,-14.346,110.196,1.0
96.45,128.28398,37.792484,3090.0474648,-97.775,-14.39,109.94,1.0
96.4666,128.284023,37.792464,3088.8901392000002,-97.581,-14.433,109.684,1.0
96.4833,128.284067,37.792443,3087.7270224,-97.383,-14.475,109.428,1.0
96.5,128.28411,37.792423,3086.5584192000006,-97.184,-14.516,109.171,1.0
96.5166,128.284154,37.792403,3085.3843296,-96.982,-14.556,108.915,1.0
96.5333,128.284198,37.792383,3084.2050584,-96.777,-14.595,108.659,1.0
96.55,128.284242,37.792363,3083.0206056000006,-96.567,-14.632,108.402,1.0
96.5666,128.284286,37.792344,3081.8309712000005,-96.354,-14.668,108.146,1.0
96.5833,128.284331,37.792324,3080.6361552000003,-96.138,-14.704,107.89,1.0
96.6,128.284375,37.792305,3079.4361576000006,-95.919,-14.738,107.633,1.0
96.6166,128.28442,37.792286,3078.2312832,-95.699,-14.771,107.377,1.0
96.6333,128.284464,37.792267,3077.021532,-95.472,-14.803,107.12,1.0
96.65,128.284509,37.792248,3075.8065992,-95.24,-14.833,106.864,1.0
96.6666,128.284554,37.792229,3074.5870944,-95.004,-14.861,106.607,1.0
96.6833,128.284598,37.792211,3073.3630176,-94.764,-14.889,106.351,1.0
96.7,128.284643,37.792192,3072.1343688,-94.519,-14.915,106.094,1.0
96.7166,128.284688,37.792174,3070.9008432,-94.272,-14.941,105.838,1.0
96.7333,128.284734,37.792156,3069.6630504000004,-94.018,-14.964,105.582,1.0
96.75,128.284779,37.792138,3068.4206856,-93.758,-14.986,105.326,1.0
96.7666,128.284824,37.792121,3067.1743584,-93.492,-15.006,105.069,1.0
96.7833,128.28487,37.792103,3065.9234592000003,-93.22,-15.025,104.813,1.0
96.8,128.284915,37.792086,3064.6685976000003,-92.945,-15.042,104.557,1.0
96.8166,128.284961,37.792069,3063.4094688000005,-92.666,-15.059,104.301,1.0
96.8333,128.285007,37.792052,3062.1463776,-92.378,-15.073,104.046,1.0
96.85,128.285052,37.792035,3060.8796288,-92.084,-15.086,103.79,1.0
96.8666,128.285098,37.792018,3059.6089176,-91.783,-15.096,103.535,1.0
96.8833,128.285144,37.792001,3058.3342440000006,-91.476,-15.105,103.279,1.0
96.9,128.28519,37.791985,3057.0562176,-91.165,-15.113,103.024,1.0
96.9166,128.285237,37.791969,3055.7748384,-90.849,-15.119,102.77,1.0
96.9333,128.285283,37.791953,3054.4898016,-90.523,-15.123,102.515,1.0
96.95,128.285329,37.791937,3053.2014120000003,-90.187,-15.125,102.261,1.0
96.9666,128.285376,37.791921,3051.9099744,-89.843,-15.124,102.007,1.0
96.9833,128.285422,37.791906,3050.615184,-89.491,-15.122,101.753,1.0
97.0,128.285469,37.79189,3049.3176504000003,-89.132,-15.118,101.499,1.0
97.0166,128.285516,37.791875,3048.0170688000003,-88.769,-15.113,101.246,1.0
97.0333,128.285562,37.79186,3046.713744,-88.392,-15.105,100.994,1.0
97.05,128.285609,37.791845,3045.4076760000003,-88.002,-15.094,100.741,1.0
97.0666,128.285656,37.79183,3044.0991696,-87.601,-15.081,100.489,1.0
97.0833,128.285703,37.791816,3042.7882248,-87.19,-15.066,100.238,1.0
97.1,128.28575,37.791801,3041.4751464000005,-86.772,-15.049,99.987,1.0
97.1166,128.285798,37.791787,3040.1596296000002,-86.346,-15.031,99.737,1.0
97.1333,128.285845,37.791773,3038.8419792,-85.906,-15.009,99.487,1.0
97.15,128.285892,37.791759,3037.5225,-85.452,-14.985,99.238,1.0
97.1666,128.28594,37.791745,3036.2011920000004,-84.986,-14.957,98.989,1.0
97.1833,128.285987,37.791732,3034.87836,-84.51,-14.928,98.742,1.0
97.2,128.286035,37.791718,3033.554004,-84.025,-14.896,98.494,1.0
97.2166,128.286083,37.791705,3032.2284288,-83.533,-14.862,98.248,1.0
97.2333,128.28613,37.791692,3030.9010248,-83.021,-14.825,98.003,1.0
97.25,128.286178,37.791679,3029.5730112,-82.49,-14.783,97.758,1.0
97.2666,128.286226,37.791666,3028.2437784000003,-81.943,-14.739,97.515,1.0
97.2833,128.286274,37.791653,3026.913936,-81.382,-14.691,97.272,1.0
97.3,128.286322,37.791641,3025.5837888,-80.809,-14.641,97.031,1.0
97.3166,128.28637,37.791629,3024.253032,-80.225,-14.589,96.79,1.0
97.3333,128.286419,37.791617,3022.9216656,-79.614,-14.532,96.551,1.0
97.35,128.286467,37.791605,3021.5899944,-78.977,-14.471,96.314,1.0
97.3666,128.286515,37.791593,3020.2586280000005,-78.317,-14.405,96.078,1.0
97.3833,128.286564,37.791581,3018.9275664,-77.637,-14.336,95.843,1.0
97.4,128.286612,37.79157,3017.5971144000005,-76.941,-14.265,95.61,1.0
97.4166,128.286661,37.791558,3016.267272,-76.23,-14.191,95.378,1.0
97.4333,128.28671,37.791547,3014.9392584,-75.571,-14.12,95.146,1.0
97.45,128.286758,37.791536,3013.6127688,-74.964,-14.054,94.914,1.0
97.4666,128.286807,37.791525,3012.2884128,-74.407,-13.988,94.683,1.0
97.4833,128.286856,37.791515,3010.9661904,-73.894,-13.918,94.454,1.0
97.5,128.286905,37.791504,3009.6464064,-73.421,-13.844,94.226,1.0
97.5166,128.286954,37.791494,3008.3284512,-72.978,-13.765,94.001,1.0
97.5333,128.287003,37.791484,3007.0123248,-72.535,-13.682,93.787,1.0
97.55,128.287052,37.791474,3005.6983320000004,-72.084,-13.594,93.584,1.0
97.5666,128.287102,37.791464,3004.3864728000003,-71.621,-13.504,93.388,1.0
97.5833,128.287151,37.791455,3003.077052,-71.145,-13.411,93.195,1.0
97.6,128.2872,37.791446,3001.7700696,-70.654,-13.317,93.002,1.0
97.6166,128.28725,37.791436,3000.4661352000003,-70.152,-13.221,92.809,1.0
97.6333,128.287299,37.791427,2999.1637248,-69.575,-13.123,92.637,1.0
97.65,128.287349,37.791418,2997.8631432,-68.931,-13.029,92.503,1.0
97.6666,128.287399,37.791409,2996.5643904,-68.228,-12.943,92.405,1.0
97.6833,128.287449,37.791401,2995.2677712000004,-67.468,-12.864,92.328,1.0
97.7,128.287498,37.791392,2993.9742,-66.66,-12.789,92.262,1.0
97.7166,128.287548,37.791384,2992.6836768,-65.81,-12.714,92.197,1.0
97.7333,128.287598,37.791375,2991.394068,-64.872,-12.643,92.155,1.0
97.75,128.287648,37.791367,2990.106288,-63.855,-12.579,92.145,1.0
97.7666,128.287698,37.791359,2988.820032,-62.755,-12.521,92.16,1.0
97.7833,128.287748,37.791351,2987.5353,-61.572,-12.465,92.187,1.0
97.8,128.287798,37.791343,2986.2523968,-60.303,-12.409,92.218,1.0
97.8166,128.287849,37.791335,2984.9716272,-58.95,-12.35,92.249,1.0
97.8333,128.287899,37.791327,2983.6923816000003,-57.519,-12.297,92.293,1.0
97.85,128.287949,37.791319,2982.4149648,-56.011,-12.25,92.349,1.0
97.8666,128.288,37.791312,2981.1396816,-54.427,-12.206,92.413,1.0
97.8833,128.28805,37.791304,2979.866532,-52.769,-12.163,92.48,1.0
97.9,128.288101,37.791297,2978.5955160000003,-51.039,-12.117,92.549,1.0
97.9166,128.288151,37.791289,2977.3266336,-49.237,-12.07,92.618,1.0
97.9333,128.288202,37.791282,2976.0598848000004,-47.364,-12.023,92.69,1.0
97.95,128.288252,37.791274,2974.7952695999998,-45.423,-11.975,92.765,1.0
97.9666,128.288303,37.791267,2973.532788,-43.414,-11.927,92.841,1.0
97.9833,128.288354,37.79126,2972.2727448,-41.337,-11.878,92.919,1.0
98.0,128.288405,37.791253,2971.0148352000006,-39.194,-11.827,92.999,1.0
98.0166,128.288456,37.791246,2969.7587544000003,-36.986,-11.775,93.08,1.0
98.0333,128.288507,37.791238,2968.5072456000003,-34.73,-11.717,93.157,1.0
98.05,128.288558,37.791231,2967.2593944,-32.435,-11.653,93.23,1.0
98.0666,128.288609,37.791224,2966.014896,-30.108,-11.587,93.3,1.0
98.0833,128.28866,37.791218,2964.7746647999998,-27.755,-11.518,93.371,1.0
98.1,128.288711,37.791211,2963.5383960000004,-25.381,-11.449,93.443,1.0
98.1166,128.288762,37.791204,2962.3060896,-22.989,-11.378,93.517,1.0
98.1333,128.288814,37.791197,2961.080184,-20.615,-11.295,93.585,1.0
98.15,128.288865,37.79119,2959.8600696,-18.259,-11.199,93.647,1.0
98.1666,128.288916,37.791183,2958.6460512,-15.919,-11.093,93.709,1.0
98.1833,128.288968,37.791177,2957.4366048,-13.593,-10.982,93.774,1.0
98.2,128.289019,37.79117,2956.2326448,-11.278,-10.869,93.843,1.0
98.2166,128.289071,37.791163,2955.0332568000003,-8.969,-10.754,93.919,1.0
98.2333,128.289123,37.791157,2953.8420984000004,-6.703,-10.622,93.994,1.0
98.25,128.289174,37.79115,2952.6579504,-4.473,-10.471,94.069,1.0
98.2666,128.289226,37.791144,2951.4802032000002,-2.275,-10.309,94.147,1.0
98.2833,128.289278,37.791137,2950.3079424,-0.102,-10.142,94.231,1.0
98.3,128.28933,37.79113,2949.1417776000003,2.049,-9.974,94.323,1.0
98.3166,128.289381,37.791124,2947.981404,4.185,-9.808,94.423,1.0
98.3333,128.289433,37.791117,2946.8295648,6.281,-9.625,94.529,1.0
98.35,128.289485,37.791111,2945.6850408,8.342,-9.427,94.643,1.0
98.3666,128.289537,37.791104,2944.5466128,10.374,-9.22,94.764,1.0
98.3833,128.289589,37.791098,2943.4148904,12.382,-9.011,94.895,1.0
98.4,128.289642,37.791091,2942.2892640000005,14.372,-8.805,95.034,1.0
98.4166,128.289694,37.791085,2941.1697336,16.348,-8.604,95.182,1.0
98.4333,128.289746,37.791078,2940.0593472,18.287,-8.39,95.341,1.0
98.45,128.289798,37.791071,2938.9562760000003,20.194,-8.165,95.511,1.0
98.4666,128.28985,37.791065,2937.8599104,22.075,-7.936,95.691,1.0
98.4833,128.289903,37.791058,2936.7705552,23.935,-7.71,95.881,1.0
98.5,128.289955,37.791051,2935.6879056000002,25.777,-7.489,96.079,1.0
98.5166,128.290007,37.791045,2934.6116568,27.607,-7.276,96.286,1.0
98.5333,128.29006,37.791038,2933.5448568,29.398,-7.055,96.505,1.0
98.55,128.290112,37.791031,2932.4862864,31.155,-6.827,96.738,1.0
98.5666,128.290165,37.791024,2931.4347264,32.883,-6.598,96.981,1.0
98.5833,128.290217,37.791017,2930.3907864000003,34.588,-6.374,97.234,1.0
98.6,128.29027,37.791011,2929.3538568000004,36.274,-6.16,97.494,1.0
98.6166,128.290323,37.791004,2928.3236328000003,37.947,-5.956,97.76,1.0
98.6333,128.290375,37.790997,2927.3034672,39.579,-5.747,98.041,1.0
98.65,128.290428,37.790989,2926.2915312,41.173,-5.535,98.335,1.0
98.6666,128.290481,37.790982,2925.2866056000003,42.738,-5.324,98.64,1.0
98.6833,128.290533,37.790975,2924.2896048000002,44.279,-5.122,98.952,1.0
98.7,128.290586,37.790968,2923.2999192,45.8,-4.93,99.27,1.0
98.7166,128.290639,37.79096,2922.3175488000006,47.307,-4.751,99.592,1.0
98.7333,128.290692,37.790953,2921.3443224000002,48.767,-4.57,99.927,1.0
98.75,128.290744,37.790945,2920.3796304,50.183,-4.387,100.275,1.0
98.7666,128.290797,37.790938,2919.4225584,51.564,-4.209,100.632,1.0
98.7833,128.29085,37.79093,2918.4728016,52.916,-4.04,100.995,1.0
98.8,128.290903,37.790922,2917.53036,54.246,-3.883,101.361,1.0
98.8166,128.290956,37.790914,2916.5952336,55.558,-3.739,101.728,1.0
98.8333,128.291009,37.790906,2915.6686416000002,56.819,-3.596,102.107,1.0
98.85,128.291061,37.790898,2914.7502792,58.033,-3.452,102.499,1.0
98.8666,128.291114,37.79089,2913.8392320000003,59.21,-3.314,102.897,1.0
98.8833,128.291167,37.790881,2912.9348904,60.355,-3.186,103.299,1.0
98.9,128.29122,37.790873,2912.0378640000004,61.476,-3.07,103.701,1.0
98.9166,128.291273,37.790864,2911.1475432,62.579,-2.966,104.102,1.0
98.9333,128.291326,37.790855,2910.2645376,63.628,-2.87,104.499,1.0
98.95,128.291379,37.790846,2909.389152,64.631,-2.782,104.894,1.0
98.9666,128.291431,37.790837,2908.5201672,65.593,-2.702,105.285,1.0
98.9833,128.291484,37.790828,2907.6575832,66.523,-2.632,105.674,1.0
99.0,128.291537,37.790819,2906.8010952,67.427,-2.573,106.061,1.0
99.0166,128.29159,37.790809,2905.9503984000003,68.312,-2.523,106.447,1.0
99.0333,128.291642,37.7908,2905.1048832,69.246,-2.489,106.833,1.0
99.05,128.291695,37.79079,2904.26394,70.231,-2.469,107.219,1.0
99.0666,128.291748,37.79078,2903.4272640000004,71.258,-2.463,107.605,1.0
99.0833,128.291801,37.79077,2902.5942456000002,72.319,-2.47,107.989,1.0
99.1,128.291853,37.79076,2901.7654944,73.404,-2.488,108.372,1.0
99.1166,128.291906,37.79075,2900.9407056000005,74.509,-2.518,108.753,1.0
99.1333,128.291959,37.790739,2900.1189648,75.515,-2.547,109.128,1.0
99.15,128.292011,37.790729,2899.3014912000003,76.422,-2.575,109.498,1.0
99.1666,128.292064,37.790718,2898.4873704,77.248,-2.604,109.864,1.0
99.1833,128.292116,37.790707,2897.6769072,78.009,-2.633,110.225,1.0
99.2,128.292169,37.790696,2896.8701016,78.72,-2.664,110.582,1.0
99.2166,128.292221,37.790684,2896.0663440000003,79.391,-2.698,110.935,1.0
99.2333,128.292274,37.790673,2895.2656344,79.991,-2.73,111.285,1.0
99.25,128.292326,37.790661,2894.4682776000004,80.527,-2.763,111.632,1.0
99.2666,128.292378,37.790649,2893.6736640000004,81.006,-2.798,111.978,1.0
99.2833,128.29243,37.790637,2892.8814888,81.438,-2.838,112.322,1.0
99.3,128.292482,37.790625,2892.0917520000003,81.833,-2.884,112.664,1.0
99.3166,128.292534,37.790613,2891.3041488000003,82.199,-2.934,113.006,1.0
99.3333,128.292586,37.7906,2890.5183744,82.486,-2.981,113.345,1.0
99.35,128.292638,37.790588,2889.7347336,82.701,-3.025,113.682,1.0
99.3666,128.29269,37.790575,2888.9535312,82.854,-3.067,114.017,1.0
99.3833,128.292742,37.790561,2888.1741576000004,82.954,-3.112,114.35,1.0
99.4,128.292793,37.790548,2887.3969176,83.01,-3.159,114.681,1.0
99.4166,128.292845,37.790535,2886.6212016,83.032,-3.208,115.01,1.0
99.4333,128.292896,37.790521,2885.8467048,83.042,-3.258,115.338,1.0
99.45,128.292948,37.790507,2885.0737320000003,83.046,-3.309,115.663,1.0
99.4666,128.292999,37.790493,2884.3022832,83.045,-3.359,115.987,1.0
99.4833,128.29305,37.790479,2883.5323584,83.04,-3.408,116.309,1.0
99.5,128.293101,37.790464,2882.7636528000003,83.032,-3.456,116.628,1.0
99.5166,128.293152,37.79045,2881.9964712000005,83.019,-3.502,116.944,1.0
99.5333,128.293203,37.790435,2881.2308136,82.975,-3.543,117.258,1.0
99.55,128.293254,37.79042,2880.4666800000005,82.9,-3.579,117.569,1.0
99.5666,128.293305,37.790405,2879.7040704,82.795,-3.612,117.877,1.0
99.5833,128.293356,37.790389,2878.9429848000004,82.663,-3.643,118.183,1.0
99.6,128.293407,37.790374,2878.1837280000004,82.507,-3.674,118.488,1.0
99.6166,128.293457,37.790358,2877.4259952,82.331,-3.705,118.791,1.0
99.6333,128.293507,37.790342,2876.6694816,82.129,-3.727,119.091,1.0
99.65,128.293558,37.790326,2875.9147967999997,81.905,-3.739,119.39,1.0
99.6666,128.293608,37.79031,2875.1619408,81.657,-3.744,119.685,1.0
99.6833,128.293658,37.790293,2874.4112184,81.384,-3.746,119.98,1.0
99.7,128.293708,37.790276,2873.6623248,81.087,-3.747,120.272,1.0
99.7166,128.293758,37.79026,2872.9155648,80.768,-3.746,120.564,1.0
99.7333,128.293808,37.790243,2872.1712432,80.428,-3.744,120.854,1.0
99.75,128.293858,37.790225,2871.4287504000004,80.071,-3.739,121.143,1.0
99.7666,128.293907,37.790208,2870.6890008000005,79.699,-3.731,121.43,1.0
99.7833,128.293957,37.79019,2869.9516896000005,79.315,-3.721,121.716,1.0
99.8,128.294006,37.790172,2869.2168168000003,78.92,-3.709,122.0,1.0
99.8166,128.294055,37.790154,2868.4849920000006,78.517,-3.694,122.283,1.0
99.8333,128.294105,37.790136,2867.7553008000004,78.115,-3.677,122.564,1.0
99.85,128.294154,37.790118,2867.0286576000003,77.716,-3.657,122.844,1.0
99.8666,128.294203,37.790099,2866.3050624,77.32,-3.636,123.122,1.0
99.8833,128.294251,37.790081,2865.58482,76.925,-3.611,123.398,1.0
99.9,128.2943,37.790062,2864.8676256000003,76.53,-3.583,123.673,1.0
99.9166,128.294349,37.790043,2864.153784,76.134,-3.552,123.945,1.0
99.9333,128.294397,37.790024,2863.4429904,75.75,-3.52,124.217,1.0
99.95,128.294446,37.790004,2862.7358544000003,75.377,-3.485,124.486,1.0
99.9666,128.294494,37.789985,2862.0323760000006,75.013,-3.449,124.754,1.0
99.9833,128.294542,37.789965,2861.3325552,74.655,-3.409,125.021,1.0
100.0,128.294591,37.789945,2860.6366967999998,74.302,-3.367,125.286,1.0
100.0166,128.294639,37.789925,2859.9451056000003,73.952,-3.322,125.549,1.0
100.0333,128.294686,37.789905,2859.2568671999998,73.618,-3.275,125.811,1.0
100.05,128.294734,37.789884,2858.572896,73.3,-3.228,126.071,1.0
100.0666,128.294782,37.789864,2857.8928872,72.994,-3.179,126.331,1.0
100.0833,128.294829,37.789843,2857.2174504000004,72.698,-3.127,126.589,1.0
100.1,128.294877,37.789822,2856.5465856,72.41,-3.073,126.845,1.0
100.1166,128.294924,37.789801,2855.879988,72.127,-3.017,127.1,1.0
100.1333,128.294972,37.78978,2855.2176576,71.862,-2.959,127.354,1.0
100.15,128.295019,37.789759,2854.5598992,71.612,-2.901,127.607,1.0
100.1666,128.295066,37.789737,2853.9067128,71.376,-2.842,127.86,1.0
100.1833,128.295113,37.789715,2853.2584032000004,71.149,-2.78,128.111,1.0
100.2,128.295159,37.789693,2852.6152752000003,70.931,-2.717,128.36,1.0
100.2166,128.295206,37.789671,2851.9767192000004,70.718,-2.652,128.609,1.0
100.2333,128.295253,37.789649,2851.3439544000003,70.443,-2.578,128.854,1.0
100.25,128.295299,37.789627,2850.7166760000005,70.107,-2.497,129.096,1.0
100.2666,128.295345,37.789604,2850.096408,69.713,-2.411,129.335,1.0
100.2833,128.295391,37.789582,2849.4828456,69.269,-2.323,129.574,1.0
100.3,128.295437,37.789559,2848.8753792,68.782,-2.236,129.813,1.0
100.3166,128.295483,37.789536,2848.2743136,68.262,-2.149,130.053,1.0
100.3333,128.295529,37.789512,2847.6796488000005,67.757,-2.065,130.294,1.0
100.35,128.295574,37.789489,2847.0907752000003,67.275,-1.983,130.536,1.0
100.3666,128.29562,37.789465,2846.5076928,66.816,-1.901,130.779,1.0
100.3833,128.295665,37.789442,2845.9307064,66.379,-1.815,131.021,1.0
100.4,128.295711,37.789418,2845.3604256000003,65.962,-1.726,131.262,1.0
100.4166,128.295756,37.789394,2844.7965456,65.56,-1.632,131.501,1.0
100.4333,128.295801,37.78937,2844.2384568,65.21,-1.539,131.739,1.0
100.45,128.295846,37.789346,2843.6861592,64.907,-1.447,131.978,1.0
100.4666,128.29589,37.789321,2843.1399576000003,64.643,-1.355,132.215,1.0
100.4833,128.295935,37.789297,2842.6007664000003,64.413,-1.261,132.451,1.0
100.5,128.29598,37.789272,2842.0676712000004,64.209,-1.164,132.684,1.0
100.5166,128.296024,37.789247,2841.5418912,64.026,-1.064,132.915,1.0
100.5333,128.296068,37.789222,2841.0215976,63.879,-0.964,133.146,1.0
100.55,128.296113,37.789197,2840.5083144000005,63.762,-0.865,133.375,1.0
100.5666,128.296157,37.789172,2840.0017368000003,63.669,-0.766,133.604,1.0
100.5833,128.296201,37.789146,2839.5021696,63.597,-0.667,133.831,1.0
100.6,128.296245,37.789121,2839.0093079999997,63.541,-0.566,134.058,1.0
100.6166,128.296288,37.789095,2838.5237616000004,63.497,-0.465,134.283,1.0
100.6333,128.296332,37.789069,2838.044616,63.471,-0.363,134.508,1.0
100.65,128.296375,37.789044,2837.5724808,63.461,-0.263,134.732,1.0
100.6666,128.296419,37.789017,2837.1076608,63.462,-0.162,134.956,1.0
100.6833,128.296462,37.788991,2836.6498512,63.474,-0.062,135.18,1.0
100.7,128.296505,37.788965,2836.1993568000003,63.494,0.037,135.403,1.0
100.7166,128.296548,37.788938,2835.7558728000004,63.52,0.138,135.626,1.0
100.7333,128.296591,37.788912,2835.3193992,63.554,0.238,135.849,1.0
100.75,128.296634,37.788885,2834.8902408,63.595,0.337,136.072,1.0
100.7666,128.296676,37.788858,2834.4683976,63.641,0.436,136.296,1.0
100.7833,128.296719,37.788831,2834.0535648,63.692,0.535,136.519,1.0
100.8,128.296761,37.788804,2833.6457424,63.747,0.634,136.742,1.0
100.8166,128.296803,37.788777,2833.24554,63.805,0.732,136.966,1.0
100.8333,128.296845,37.788749,2832.8520432,63.866,0.83,137.19,1.0
100.85,128.296887,37.788722,2832.4661664000005,63.93,0.927,137.414,1.0
100.8666,128.296929,37.788694,2832.0873,63.997,1.024,137.639,1.0
100.8833,128.296971,37.788666,2831.7154440000004,64.067,1.12,137.863,1.0
100.9,128.297012,37.788638,2831.351208,64.138,1.216,138.089,1.0
100.9166,128.297053,37.78861,2830.9936776000004,64.211,1.311,138.314,1.0
100.9333,128.297095,37.788582,2830.6434624000003,64.287,1.406,138.54,1.0
100.95,128.297136,37.788553,2830.3005624,64.364,1.5,138.766,1.0
100.9666,128.297177,37.788525,2829.9646728000002,64.444,1.594,138.993,1.0
100.9833,128.297217,37.788496,2829.6357936000004,64.525,1.688,139.22,1.0
101.0,128.297258,37.788468,2829.3142296,64.608,1.78,139.447,1.0
101.0166,128.297298,37.788439,2828.9996760000004,64.692,1.873,139.675,1.0
101.0333,128.297339,37.78841,2828.6921328000003,64.779,1.964,139.903,1.0
101.05,128.297379,37.788381,2828.3916,64.867,2.055,140.132,1.0
101.0666,128.297419,37.788351,2828.0980776,64.958,2.146,140.361,1.0
101.0833,128.297459,37.788322,2827.8118704000003,65.051,2.236,140.591,1.0
101.1,128.297499,37.788292,2827.5323688000003,65.146,2.325,140.821,1.0
101.1166,128.297538,37.788263,2827.2598776000004,65.242,2.414,141.051,1.0
101.1333,128.297578,37.788233,2826.9940920000004,65.341,2.502,141.282,1.0
101.15,128.297617,37.788203,2826.7356216,65.442,2.59,141.514,1.0
101.1666,128.297656,37.788173,2826.4838568,65.546,2.676,141.746,1.0
101.1833,128.297695,37.788143,2826.2391024000003,65.651,2.763,141.978,1.0
101.2,128.297734,37.788113,2826.0010536,65.758,2.848,142.21,1.0
101.2166,128.297773,37.788082,2825.7697104,65.867,2.933,142.444,1.0
101.2333,128.297811,37.788052,2825.5453776000004,65.979,3.017,142.677,1.0
101.25,128.297849,37.788021,2825.3277504000002,66.092,3.101,142.911,1.0
101.2666,128.297888,37.78799,2825.1168288,66.208,3.183,143.146,1.0
101.2833,128.297926,37.78796,2824.9126128,66.326,3.265,143.381,1.0
101.3,128.297963,37.787929,2824.7151024,66.446,3.346,143.617,1.0
101.3166,128.298001,37.787897,2824.5239928,66.568,3.427,143.853,1.0
101.3333,128.298039,37.787866,2824.3398936000003,66.692,3.507,144.089,1.0
101.35,128.298076,37.787835,2824.1621952,66.817,3.585,144.326,1.0
101.3666,128.298113,37.787803,2823.9912024,66.944,3.664,144.564,1.0
101.3833,128.29815,37.787772,2823.8266104,67.072,3.741,144.802,1.0
101.4,128.298187,37.78774,2823.6684192000002,67.203,3.818,145.04,1.0
101.4166,128.298224,37.787708,2823.5166288,67.334,3.894,145.279,1.0
101.4333,128.298261,37.787676,2823.3715440000005,67.467,3.969,145.518,1.0
101.45,128.298297,37.787644,2823.2325552,67.601,4.043,145.758,1.0
101.4666,128.298333,37.787612,2823.100272,67.737,4.117,145.999,1.0
101.4833,128.298369,37.78758,2822.9740848,67.873,4.189,146.24,1.0
101.5,128.298405,37.787547,2822.8539936,68.011,4.261,146.481,1.0
101.5166,128.298441,37.787515,2822.7403032,68.151,4.332,146.723,1.0
101.5333,128.298476,37.787482,2822.6330136,68.291,4.403,146.965,1.0
101.55,128.298512,37.78745,2822.5315152,68.432,4.472,147.208,1.0
101.5666,128.298547,37.787417,2822.4364176,68.573,4.541,147.452,1.0
101.5833,128.298582,37.787384,2822.347416,68.716,4.608,147.696,1.0
101.6,128.298617,37.787351,2822.2642056000004,68.86,4.675,147.94,1.0
101.6166,128.298651,37.787317,2822.1870912000004,69.005,4.742,148.185,1.0
101.6333,128.298686,37.787284,2822.1160728,69.15,4.807,148.43,1.0
101.65,128.29872,37.787251,2822.0508456000002,69.295,4.871,148.676,1.0
101.6666,128.298754,37.787217,2821.9914096,69.441,4.935,148.922,1.0
101.6833,128.298788,37.787184,2821.9380696,69.588,4.998,149.169,1.0
101.7,128.298822,37.78715,2821.8902160000002,69.735,5.06,149.416,1.0
101.7166,128.298855,37.787116,2821.8484584,69.884,5.121,149.664,1.0
101.7333,128.298889,37.787082,2821.8121872,70.032,5.182,149.912,1.0
101.75,128.298922,37.787048,2821.7814024000004,70.18,5.241,150.161,1.0
101.7666,128.298955,37.787014,2821.7564088,70.329,5.3,150.41,1.0
101.7833,128.298988,37.78698,2821.7369016,70.478,5.358,150.659,1.0
101.8,128.29902,37.786945,2821.7228808,70.628,5.415,150.909,1.0
101.8166,128.299053,37.786911,2821.7146512,70.779,5.471,151.16,1.0
101.8333,128.299085,37.786876,2821.7116032000004,70.93,5.527,151.411,1.0
101.85,128.299117,37.786842,2821.7137368000003,71.08,5.581,151.662,1.0
101.8666,128.299149,37.786807,2821.7216616,71.231,5.635,151.914,1.0
101.8833,128.299181,37.786772,2821.7344632,71.381,5.688,152.166,1.0
101.9,128.299212,37.786737,2821.7527511999997,71.533,5.74,152.418,1.0
101.9166,128.299244,37.786702,2821.775916,71.685,5.792,152.671,1.0
101.9333,128.299275,37.786667,2821.8045672,71.837,5.843,152.924,1.0
101.95,128.299306,37.786631,2821.8380952,71.988,5.892,153.178,1.0
101.9666,128.299336,37.786596,2821.8768048,72.14,5.942,153.432,1.0
101.9833,128.299367,37.786561,2821.9203912000003,72.293,5.99,153.687,1.0
102.0,128.299397,37.786525,2821.9691592000004,72.445,6.037,153.941,1.0
102.0166,128.299427,37.786489,2822.0224992,72.598,6.084,154.197,1.0
102.0333,128.299457,37.786454,2822.0810208000003,72.752,6.13,154.452,1.0
102.05,128.299487,37.786418,2822.1441144000005,72.905,6.175,154.708,1.0
102.0666,128.299517,37.786382,2822.2120848000004,73.058,6.219,154.964,1.0
102.0833,128.299546,37.786346,2822.2846272,73.212,6.263,155.221,1.0
102.1,128.299575,37.78631,2822.3617416,73.366,6.306,155.478,1.0
102.1166,128.299604,37.786273,2822.4437328000004,73.521,6.348,155.735,1.0
102.1333,128.299633,37.786237,2822.5299912,73.675,6.388,155.993,1.0
102.15,128.299661,37.786201,2822.6211264,73.829,6.428,156.251,1.0
102.1666,128.29969,37.786164,2822.716224,73.983,6.466,156.51,1.0
102.1833,128.299718,37.786128,2822.8161984000003,74.137,6.504,156.769,1.0
102.2,128.299746,37.786091,2822.9201352000005,74.293,6.541,157.028,1.0
102.2166,128.299774,37.786054,2823.0286440000004,74.449,6.577,157.288,1.0
102.2333,128.299801,37.786017,2823.1411152,74.605,6.612,157.548,1.0
102.25,128.299828,37.78598,2823.2578536,74.761,6.646,157.808,1.0
102.2666,128.299856,37.785943,2823.3788592,74.918,6.679,158.069,1.0
102.2833,128.299883,37.785906,2823.5038272,75.074,6.711,158.33,1.0
102.3,128.299909,37.785869,2823.6330624,75.232,6.743,158.591,1.0
102.3166,128.299936,37.785832,2823.7659552000005,75.39,6.774,158.852,1.0
102.3333,128.299962,37.785794,2823.9028104,75.548,6.804,159.114,1.0
102.35,128.299988,37.785757,2824.0436280000004,75.707,6.833,159.376,1.0
102.3666,128.300014,37.785719,2824.1881032000006,75.865,6.862,159.638,1.0
102.3833,128.30004,37.785682,2824.3365408,76.024,6.891,159.9,1.0
102.4,128.300065,37.785644,2824.488636,76.182,6.918,160.162,1.0
102.4166,128.30009,37.785606,2824.644084,76.341,6.945,160.425,1.0
102.4333,128.300115,37.785568,2824.8034944,76.499,6.971,160.688,1.0
102.45,128.30014,37.78553,2824.9662576000005,76.658,6.997,160.951,1.0
102.4666,128.300165,37.785492,2825.1326784000003,76.816,7.023,161.214,1.0
102.4833,128.300189,37.785454,2825.302452,76.974,7.048,161.478,1.0
102.5,128.300213,37.785416,2825.4755784000004,77.132,7.072,161.742,1.0
102.5166,128.300237,37.785378,2825.6520576000003,77.289,7.096,162.005,1.0
102.5333,128.300261,37.785339,2825.8318896000005,77.445,7.119,162.269,1.0
102.55,128.300284,37.785301,2826.0147696,77.601,7.142,162.534,1.0
102.5666,128.300308,37.785263,2826.2010024,77.755,7.164,162.798,1.0
102.5833,128.300331,37.785224,2826.3902832,77.909,7.186,163.062,1.0
102.6,128.300354,37.785185,2826.582612,78.062,7.207,163.327,1.0
102.6166,128.300376,37.785147,2826.7779888,78.214,7.228,163.592,1.0
102.6333,128.300399,37.785108,2826.9764136000003,78.365,7.247,163.857,1.0
102.6499,128.300421,37.785069,2827.1775816,78.514,7.266,164.122,1.0
102.6666,128.300443,37.78503,2827.3817976,78.663,7.285,164.388,1.0
102.6833,128.300465,37.784991,2827.5887568000003,78.81,7.302,164.654,1.0
102.7,128.300486,37.784952,2827.798764,78.958,7.319,164.92,1.0
102.7166,128.300508,37.784913,2828.0112096000003,79.104,7.335,165.186,1.0
102.7333,128.300529,37.784874,2828.2263984,79.252,7.35,165.452,1.0
102.75,128.30055,37.784834,2828.4440256000003,79.401,7.364,165.719,1.0
102.7666,128.30057,37.784795,2828.664396,79.551,7.378,165.985,1.0
102.7833,128.300591,37.784756,2828.8872048000003,79.701,7.39,166.252,1.0
102.8,128.300611,37.784716,2829.1124520000003,79.853,7.402,166.519,1.0
102.8166,128.300631,37.784677,2829.3401375999997,80.006,7.413,166.786,1.0
102.8333,128.300651,37.784637,2829.5705664,80.156,7.42,167.054,1.0
102.85,128.30067,37.784597,2829.8031287999997,80.303,7.422,167.323,1.0
102.8666,128.300689,37.784558,2830.0378248,80.45,7.421,167.592,1.0
102.8833,128.300708,37.784518,2830.2746544,80.601,7.418,167.861,1.0
102.8999,128.300727,37.784478,2830.5139224,80.755,7.415,168.13,1.0
102.9166,128.300746,37.784438,2830.7547144000005,80.914,7.411,168.399,1.0
102.9333,128.300764,37.784398,2830.99764,81.079,7.409,168.668,1.0
102.95,128.300783,37.784358,2831.2423943999997,81.248,7.409,168.937,1.0
102.9666,128.3008,37.784318,2831.4889776,81.419,7.409,169.205,1.0
102.9833,128.300818,37.784278,2831.7376944,81.591,7.409,169.474,1.0
103.0,128.300836,37.784238,2831.9879352000003,81.762,7.408,169.742,1.0
103.0166,128.300853,37.784198,2832.2397,81.931,7.407,170.01,1.0
103.0333,128.30087,37.784157,2832.4932936000005,82.101,7.405,170.278,1.0
103.05,128.300887,37.784117,2832.7484112,82.271,7.405,170.547,1.0
103.0666,128.300903,37.784076,2833.0050528,82.44,7.404,170.815,1.0
103.0833,128.30092,37.784036,2833.2632184000004,82.609,7.403,171.083,1.0
103.1,128.300936,37.783995,2833.5226032000005,82.776,7.401,171.352,1.0
103.1166,128.300952,37.783955,2833.7835120000004,82.942,7.398,171.62,1.0
103.1333,128.300967,37.783914,2834.04564,83.106,7.394,171.889,1.0
103.1499,128.300983,37.783874,2834.3089872000005,83.268,7.391,172.158,1.0
103.1666,128.300998,37.783833,2834.5735535999997,83.429,7.388,172.427,1.0
103.1833,128.301013,37.783792,2834.8393392000003,83.588,7.384,172.695,1.0
103.2,128.301027,37.783751,2835.1063440000003,83.745,7.378,172.964,1.0
103.2166,128.301042,37.78371,2835.3739584,83.901,7.372,173.234,1.0
103.2333,128.301056,37.783669,2835.6427920000006,84.041,7.368,173.503,1.0
103.25,128.30107,37.783628,2835.9128448,84.167,7.365,173.772,1.0
103.2666,128.301084,37.783587,2836.1835072000003,84.28,7.363,174.041,1.0
103.2833,128.301097,37.783546,2836.4553888,84.381,7.36,174.31,1.0
103.3,128.30111,37.783505,2836.7278800000004,84.471,7.356,174.579,1.0
103.3166,128.301123,37.783464,2837.0012856,84.552,7.351,174.849,1.0
103.3333,128.301136,37.783423,2837.2756056000003,84.618,7.346,175.119,1.0
103.35,128.301149,37.783382,2837.55084,84.672,7.342,175.39,1.0
103.3666,128.301161,37.78334,2837.826684,84.714,7.338,175.66,1.0
103.3833,128.301173,37.783299,2838.1031376,84.746,7.334,175.931,1.0
103.3999,128.301185,37.783258,2838.3805056000006,84.771,7.329,176.202,1.0
103.4166,128.301196,37.783216,2838.6584832,84.789,7.324,176.473,1.0
103.4333,128.301207,37.783175,2838.9373752,84.8,7.319,176.745,1.0
103.45,128.301218,37.783134,2839.2168768,84.804,7.314,177.016,1.0
103.4666,128.301229,37.783092,2839.4966832,84.802,7.31,177.288,1.0
103.4833,128.30124,37.783051,2839.777404,84.796,7.306,177.559,1.0
103.5,128.30125,37.783009,2840.0590392000004,84.785,7.301,177.831,1.0
103.5166,128.30126,37.782967,2840.3409792,84.772,7.297,178.102,1.0
103.5333,128.30127,37.782926,2840.6238336,84.755,7.293,178.374,1.0
103.55,128.301279,37.782884,2840.9069928,84.735,7.29,178.646,1.0
103.5666,128.301289,37.782842,2841.1910664,84.711,7.287,178.917,1.0
103.5833,128.301298,37.782801,2841.4757496,84.686,7.285,179.188,1.0
103.6,128.301307,37.782759,2841.7610424,84.658,7.282,179.459,1.0
103.6166,128.301315,37.782717,2842.0469448,84.629,7.28,179.731,1.0
103.6333,128.301323,37.782676,2842.3337616000003,84.599,7.278,180.002,1.0
103.6499,128.301332,37.782634,2842.6208831999998,84.57,7.277,180.272,1.0
103.6666,128.301339,37.782592,2842.9089192000006,84.541,7.275,180.543,1.0
103.6833,128.301347,37.78255,2843.1975648,84.512,7.274,180.814,1.0
103.7,128.301354,37.782508,2843.48682,84.483,7.274,181.084,1.0
103.7166,128.301361,37.782466,2843.7766848,84.454,7.274,181.355,1.0
103.7333,128.301368,37.782424,2844.067464,84.427,7.274,181.625,1.0
103.75,128.301375,37.782382,2844.3588528000005,84.401,7.274,181.895,1.0
103.7666,128.301381,37.78234,2844.6508512,84.375,7.275,182.165,1.0
103.7833,128.301387,37.782298,2844.943764,84.351,7.276,182.434,1.0
103.8,128.301393,37.782256,2845.2369816,84.327,7.277,182.704,1.0
103.8166,128.301399,37.782214,2845.5314184000003,84.303,7.279,182.973,1.0
103.8333,128.301404,37.782172,2845.8261600000005,84.282,7.281,183.243,1.0
103.85,128.301409,37.78213,2846.1218160000003,84.262,7.283,183.512,1.0
103.8666,128.301414,37.782088,2846.4180816000003,84.243,7.285,183.781,1.0
103.8833,128.301419,37.782046,2846.7149568,84.226,7.287,184.05,1.0
103.8999,128.301423,37.782004,2847.0127464,84.209,7.29,184.318,1.0
103.9166,128.301428,37.781962,2847.3111456,84.193,7.294,184.587,1.0
103.9333,128.301432,37.78192,2847.6104592,84.178,7.297,184.855,1.0
103.95,128.301435,37.781878,2847.9103824000003,84.165,7.301,185.124,1.0
103.9666,128.301439,37.781836,2848.21122,84.153,7.304,185.392,1.0
103.9833,128.301442,37.781794,2848.5126672,84.142,7.308,185.66,1.0
104.0,128.301445,37.781751,2848.814724,84.131,7.313,185.928,1.0
104.0166,128.301448,37.781709,2849.1176952,84.121,7.317,186.196,1.0
104.0333,128.30145,37.781667,2849.4212760000005,84.112,7.322,186.464,1.0
104.05,128.301452,37.781625,2849.7257712000005,84.105,7.326,186.732,1.0
104.0666,128.301454,37.781583,2850.0308760000003,84.1,7.331,187.0,1.0
104.0833,128.301456,37.781541,2850.3365904,84.095,7.336,187.268,1.0
104.1,128.301457,37.781499,2850.6432192,84.091,7.341,187.535,1.0
104.1166,128.301459,37.781456,2850.9507624000003,84.088,7.346,187.803,1.0
104.1333,128.30146,37.781414,2851.2589152,84.087,7.351,188.07,1.0
104.1499,128.30146,37.781372,2851.5676776,84.088,7.356,188.338,1.0
104.1666,128.301461,37.78133,2851.8773544,84.091,7.361,188.605,1.0
104.1833,128.301461,37.781288,2852.1876408000003,84.094,7.367,188.872,1.0
104.2,128.301461,37.781246,2852.4985368000002,84.099,7.372,189.14,1.0
104.2166,128.301461,37.781204,2852.8103472,84.105,7.378,189.407,1.0
104.2333,128.30146,37.781161,2853.1227672,84.112,7.383,189.674,1.0
104.25,128.30146,37.781119,2853.4361016,84.121,7.389,189.941,1.0
104.2666,128.301459,37.781077,2853.7500456000002,84.131,7.394,190.208,1.0
104.2833,128.301458,37.781035,2854.064904,84.141,7.4,190.475,1.0
104.3,128.301456,37.780993,2854.3800671999998,84.153,7.405,190.742,1.0
104.3166,128.301454,37.780951,2854.6961448,84.165,7.411,191.009,1.0
104.3333,128.301453,37.780909,2855.0131368,84.177,7.417,191.276,1.0
104.35,128.30145,37.780867,2855.3307384,84.189,7.423,191.543,1.0
104.3666,128.301448,37.780825,2855.6489496,84.202,7.428,191.81,1.0
104.3833,128.301445,37.780783,2855.9677704,84.215,7.434,192.077,1.0
104.3999,128.301442,37.780741,2856.2872008000004,84.227,7.44,192.344,1.0
104.4166,128.301439,37.780699,2856.6075456000003,84.24,7.446,192.611,1.0
104.4333,128.301436,37.780657,2856.9285,84.252,7.452,192.878,1.0
104.45,128.301432,37.780615,2857.2503688,84.265,7.458,193.145,1.0
104.4666,128.301428,37.780573,2857.5725423999997,84.277,7.463,193.412,1.0
104.4833,128.301424,37.780531,2857.8956304000003,84.289,7.469,193.679,1.0
104.5,128.30142,37.780489,2858.219328,84.302,7.475,193.946,1.0
104.5166,128.301415,37.780447,2858.5436352000006,84.314,7.481,194.213,1.0
104.5333,128.30141,37.780405,2858.868552,84.326,7.486,194.48,1.0
104.55,128.301405,37.780363,2859.1943831999997,84.339,7.492,194.747,1.0
104.5666,128.3014,37.780321,2859.5205192000003,84.351,7.498,195.014,1.0
104.5833,128.301394,37.78028,2859.8475696,84.364,7.503,195.282,1.0
104.6,128.301388,37.780238,2860.1752296,84.377,7.509,195.549,1.0
104.6166,128.301382,37.780196,2860.5034992,84.39,7.515,195.816,1.0
104.6333,128.301376,37.780154,2860.8320736000005,84.403,7.52,196.083,1.0
104.6499,128.301369,37.780113,2861.1615624000005,84.418,7.525,196.35,1.0
104.6666,128.301363,37.780071,2861.4916608,84.433,7.531,196.617,1.0
104.6833,128.301356,37.780029,2861.8223688000003,84.448,7.536,196.885,1.0
104.7,128.301348,37.779988,2862.1536864,84.464,7.541,197.152,1.0
104.7166,128.301341,37.779946,2862.4856136000003,84.481,7.546,197.419,1.0
104.7333,128.301333,37.779905,2862.8181504000004,84.498,7.551,197.687,1.0
104.75,128.301325,37.779863,2863.1512967999997,84.517,7.556,197.954,1.0
104.7666,128.301317,37.779822,2863.4847480000003,84.536,7.561,198.221,1.0
104.7833,128.301308,37.77978,2863.8191136,84.556,7.566,198.488,1.0
104.8,128.3013,37.779739,2864.153784,84.577,7.571,198.756,1.0
104.8166,128.301291,37.779697,2864.4890640000003,84.598,7.575,199.023,1.0
104.8333,128.301282,37.779656,2864.8249536,84.621,7.58,199.29,1.0
104.85,128.301272,37.779615,2865.1614528000005,84.644,7.584,199.558,1.0
104.8666,128.301262,37.779574,2865.4985616000004,84.668,7.589,199.825,1.0
104.8833,128.301252,37.779532,2865.8359752,84.692,7.593,200.092,1.0
104.9,128.301242,37.779491,2866.1739984000005,84.717,7.597,200.36,1.0
104.9166,128.301232,37.77945,2866.5126312,84.742,7.601,200.627,1.0
104.9333,128.301221,37.779409,2866.8515688,84.767,7.605,200.895,1.0
104.95,128.30121,37.779368,2867.191116,84.793,7.609,201.162,1.0
104.9666,128.301199,37.779327,2867.5312728000004,84.82,7.613,201.43,1.0
104.9833,128.301188,37.779286,2867.8717344,84.847,7.617,201.697,1.0
105.0,128.301176,37.779245,2868.2128056000006,84.874,7.62,201.965,1.0
105.0166,128.301165,37.779204,2868.5541816,84.901,7.624,202.232,1.0
105.0333,128.301153,37.779163,2868.8961672,84.929,7.627,202.5,1.0
105.05,128.30114,37.779123,2869.2384576000004,84.956,7.63,202.768,1.0
105.0666,128.301128,37.779082,2869.5813576000005,84.984,7.634,203.035,1.0
105.0833,128.301115,37.779041,2869.9245624000005,85.012,7.637,203.303,1.0
105.1,128.301102,37.779001,2870.268072,85.04,7.639,203.571,1.0
105.1166,128.301089,37.77896,2870.6121912000003,85.068,7.642,203.839,1.0
105.1333,128.301075,37.77892,2870.9566151999998,85.096,7.645,204.106,1.0
105.15,128.301062,37.778879,2871.3013440000004,85.123,7.647,204.374,1.0
105.1666,128.301048,37.778839,2871.6466824000004,85.151,7.65,204.642,1.0
105.1833,128.301033,37.778798,2871.9923256,85.178,7.652,204.91,1.0
105.2,128.301019,37.778758,2872.3382736000003,85.205,7.654,205.178,1.0
105.2166,128.301004,37.778718,2872.6845264,85.233,7.656,205.446,1.0
105.2333,128.30099,37.778678,2873.0313888,85.259,7.658,205.714,1.0
105.25,128.300974,37.778638,2873.3782512,85.285,7.66,205.982,1.0
105.2666,128.300959,37.778598,2873.7257232,85.311,7.662,206.251,1.0
105.2833,128.300944,37.778558,2874.0731952,85.336,7.663,206.519,1.0
105.3,128.300928,37.778518,2874.4212768,85.361,7.665,206.787,1.0
105.3166,128.300912,37.778478,2874.7693584,85.386,7.666,207.055,1.0
105.3333,128.300895,37.778438,2875.1180496,85.41,7.667,207.324,1.0
105.35,128.300879,37.778398,2875.4670456000003,85.434,7.668,207.592,1.0
105.3666,128.300862,37.778359,2875.8160416000005,85.457,7.669,207.861,1.0
105.3833,128.300845,37.778319,2876.1653424,85.48,7.67,208.129,1.0
105.4,128.300828,37.77828,2876.5152528000003,85.503,7.671,208.398,1.0
105.4166,128.300811,37.77824,2876.8651632,85.525,7.672,208.666,1.0
105.4333,128.300793,37.778201,2877.2153784000006,85.546,7.672,208.935,1.0
105.45,128.300775,37.778161,2877.5655936000003,85.566,7.673,209.204,1.0
105.4666,128.300757,37.778122,2877.9164184,85.585,7.674,209.472,1.0
105.4833,128.300739,37.778083,2878.2672432,85.603,7.674,209.741,1.0
105.5,128.30072,37.778044,2878.6183728,85.62,7.675,210.01,1.0
105.5166,128.300701,37.778005,2878.9698072,85.637,7.675,210.279,1.0
105.5333,128.300682,37.777966,2879.3212416,85.652,7.675,210.548,1.0
105.55,128.300663,37.777927,2879.6729808,85.666,7.675,210.817,1.0
105.5666,128.300644,37.777888,2880.0250248,85.679,7.676,211.086,1.0
105.5833,128.300624,37.777849,2880.3773736000003,85.691,7.676,211.355,1.0
105.6,128.300604,37.777811,2880.7297224,85.702,7.676,211.624,1.0
105.6166,128.300584,37.777772,2881.0823760000003,85.713,7.676,211.893,1.0
105.6333,128.300564,37.777733,2881.4350296000002,85.721,7.676,212.162,1.0
105.65,128.300543,37.777695,2881.787988,85.729,7.676,212.431,1.0
105.6666,128.300522,37.777657,2882.1409464000003,85.735,7.677,212.7,1.0
105.6833,128.300501,37.777618,2882.4945144000003,85.74,7.677,212.97,1.0
105.7,128.30048,37.77758,2882.8477776000004,85.743,7.677,213.239,1.0
105.7166,128.300458,37.777542,2883.2016504000003,85.747,7.677,213.508,1.0
105.7333,128.300437,37.777504,2883.5555232,85.748,7.678,213.778,1.0
105.75,128.300415,37.777466,2883.9093960000005,85.747,7.678,214.047,1.0
105.7666,128.300393,37.777428,2884.2635736,85.745,7.679,214.317,1.0
105.7833,128.30037,37.777391,2884.618056,85.742,7.679,214.586,1.0
105.8,128.300348,37.777353,2884.9725384000003,85.737,7.68,214.856,1.0
105.8166,128.300325,37.777315,2885.3273256,85.731,7.681,215.125,1.0
105.8333,128.300302,37.777278,2885.6821128,85.723,7.682,215.395,1.0
105.85,128.300279,37.77724,2886.0372048000004,85.712,7.683,215.665,1.0
105.8666,128.300255,37.777203,2886.3926016,85.699,7.684,215.934,1.0
105.8833,128.300232,37.777166,2886.7479984,85.684,7.686,216.204,1.0
105.9,128.300208,37.777129,2887.1037,85.668,7.687,216.474,1.0
105.9166,128.300184,37.777092,2887.4597064,85.65,7.689,216.744,1.0
105.9333,128.300159,37.777055,2887.8157128,85.629,7.691,217.013,1.0
105.95,128.300135,37.777018,2888.172024,85.605,7.693,217.283,1.0
105.9666,128.30011,37.776981,2888.52864,85.579,7.696,217.553,1.0
105.9833,128.300085,37.776944,2888.8855608,85.551,7.699,217.823,1.0
106.0,128.30006,37.776908,2889.2424816000002,85.521,7.702,218.093,1.0
106.0166,128.300034,37.776871,2889.5997072,85.489,7.705,218.363,1.0
106.0333,128.300009,37.776835,2889.9572376,85.453,7.708,218.633,1.0
106.05,128.299983,37.776799,2890.3150728,85.414,7.713,218.903,1.0
106.0666,128.299957,37.776763,2890.6732128,85.371,7.717,219.173,1.0
106.0833,128.299931,37.776726,2891.0316576000005,85.325,7.722,219.443,1.0
106.1,128.299904,37.77669,2891.3904072,85.276,7.727,219.713,1.0
106.1166,128.299877,37.776655,2891.7497664,85.225,7.733,219.983,1.0
106.1333,128.299851,37.776619,2892.1091256000004,85.17,7.739,220.253,1.0
106.15,128.299824,37.776583,2892.4690944,85.109,7.746,220.523,1.0
106.1666,128.299796,37.776548,2892.829368,85.045,7.753,220.793,1.0
106.1833,128.299769,37.776512,2893.1899464000003,84.976,7.761,221.063,1.0
106.2,128.299741,37.776477,2893.5511344,84.905,7.769,221.334,1.0
106.2166,128.299713,37.776442,2893.912932,84.831,7.777,221.604,1.0
106.2333,128.299685,37.776407,2894.2750344,84.75,7.787,221.874,1.0
106.25,128.299657,37.776372,2894.6377464,84.663,7.797,222.144,1.0
106.2666,128.299628,37.776337,2895.001068,84.57,7.809,222.414,1.0
106.2833,128.299599,37.776302,2895.3649992,84.472,7.821,222.684,1.0
106.3,128.29957,37.776267,2895.72954,84.37,7.833,222.955,1.0
106.3166,128.299541,37.776233,2896.0946904,84.265,7.846,223.225,1.0
106.3333,128.299512,37.776198,2896.4604504000004,84.148,7.86,223.495,1.0
106.35,128.299482,37.776164,2896.8271248,84.022,7.876,223.765,1.0
106.3666,128.299453,37.77613,2897.1947136000003,83.887,7.894,224.035,1.0
106.3833,128.299423,37.776096,2897.5632168,83.744,7.912,224.305,1.0
106.4,128.299392,37.776062,2897.9323296000002,83.594,7.93,224.575,1.0
106.4166,128.299362,37.776028,2898.3026616,83.439,7.949,224.845,1.0
106.4333,128.299331,37.775994,2898.6742128,83.263,7.971,225.115,1.0
106.45,128.299301,37.77596,2899.0466784000005,83.068,7.996,225.385,1.0
106.4666,128.29927,37.775927,2899.4203632,82.855,8.023,225.655,1.0
106.4833,128.299239,37.775894,2899.795572,82.627,8.051,225.925,1.0
106.5,128.299207,37.77586,2900.172,82.385,8.08,226.194,1.0
106.5166,128.299176,37.775827,2900.5499520000003,82.133,8.11,226.464,1.0
106.5333,128.299144,37.775794,2900.9294280000004,81.83,8.142,226.716,1.0
106.55,128.299112,37.775762,2901.3107328000006,81.479,8.176,226.941,1.0
106.5666,128.29908,37.775729,2901.6941712000003,81.085,8.212,227.147,1.0
106.5833,128.299047,37.775696,2902.0797432,80.655,8.247,227.343,1.0
106.6,128.299015,37.775664,2902.4674488000005,80.193,8.282,227.536,1.0
106.6166,128.298982,37.775632,2902.857288,79.708,8.318,227.729,1.0
106.6333,128.298949,37.7756,2903.2492608000002,79.234,8.348,227.906,1.0
106.65,128.298916,37.775567,2903.6430624000004,78.772,8.369,228.048,1.0
106.6666,128.298883,37.775536,2904.0386928000003,78.322,8.381,228.147,1.0
106.6833,128.298849,37.775504,2904.4364568,77.885,8.388,228.214,1.0
106.7,128.298816,37.775472,2904.8363544,77.462,8.395,228.268,1.0
106.7166,128.298782,37.77544,2905.2383856,77.052,8.403,228.318,1.0
106.7333,128.298748,37.775409,2905.6428552,76.55,8.42,228.344,1.0
106.75,128.298714,37.775377,2906.0497632,75.957,8.44,228.329,1.0
106.7666,128.29868,37.775346,2906.460024,75.269,8.458,228.28,1.0
106.7833,128.298645,37.775315,2906.8739424,74.485,8.474,228.212,1.0
106.8,128.298611,37.775284,2907.2915184000003,73.606,8.489,228.138,1.0
106.8166,128.298576,37.775253,2907.7136664000004,72.636,8.503,228.066,1.0
106.8333,128.298541,37.775222,2908.1400816,71.827,8.486,227.986,1.0
106.85,128.298506,37.775192,2908.5698496,71.171,8.436,227.895,1.0
106.8666,128.298471,37.775161,2909.0023608,70.684,8.369,227.797,1.0
106.8833,128.298436,37.77513,2909.4370056000002,70.373,8.295,227.697,1.0
106.9,128.2984,37.7751,2909.8737840000003,70.236,8.223,227.599,1.0
106.9166,128.298365,37.775069,2910.3117816,70.244,8.157,227.503,1.0
106.9333,128.298329,37.775039,2910.7513032,70.378,8.099,227.409,1.0
106.95,128.298294,37.775009,2911.1911296000003,70.609,8.048,227.318,1.0
106.9666,128.298258,37.774979,2911.6315656,70.913,8.004,227.23,1.0
106.9833,128.298222,37.774948,2912.0723064,71.27,7.965,227.144,1.0
107.0,128.298187,37.774918,2912.5136568000003,71.664,7.93,227.06,1.0
107.0166,128.298151,37.774888,2912.9553120000005,72.086,7.898,226.979,1.0
107.0333,128.298115,37.774858,2913.3966624000004,72.544,7.866,226.9,1.0
107.05,128.298079,37.774828,2913.8383176,73.032,7.835,226.824,1.0
107.0666,128.298042,37.774798,2914.279668,73.547,7.804,226.75,1.0
107.0833,128.298006,37.774768,2914.7213232000004,74.083,7.774,226.679,1.0
107.1,128.29797,37.774738,2915.1626736000003,74.638,7.746,226.608,1.0
107.1166,128.297934,37.774708,2915.6037192000003,75.207,7.719,226.54,1.0
107.1333,128.297897,37.774678,2916.0444600000005,75.634,7.709,226.469,1.0
107.15,128.297861,37.774648,2916.4852008000003,75.927,7.715,226.396,1.0
107.1666,128.297824,37.774618,2916.9265511999997,76.08,7.73,226.323,1.0
107.1833,128.297787,37.774588,2917.3685112000003,76.094,7.747,226.251,1.0
107.2,128.297751,37.774558,2917.8113856,75.97,7.762,226.182,1.0
107.2166,128.297714,37.774529,2918.2551744,75.716,7.776,226.115,1.0
107.2333,128.297677,37.774499,2918.6998776,75.341,7.787,226.051,1.0
107.25,128.29764,37.774469,2919.1458000000002,74.853,7.797,225.989,1.0
107.2666,128.297603,37.77444,2919.5932464,74.262,7.806,225.929,1.0
107.2833,128.297565,37.774411,2920.0425216,73.573,7.814,225.871,1.0
107.3,128.297528,37.774381,2920.4930160000004,72.793,7.822,225.815,1.0
107.3166,128.297491,37.774352,2920.9453392000005,71.932,7.829,225.761,1.0
107.3333,128.297453,37.774323,2921.3985768000002,71.042,7.829,225.711,1.0
107.35,128.297416,37.774294,2921.8533384,70.138,7.823,225.664,1.0
107.3666,128.297378,37.774264,2922.3087096000004,69.229,7.812,225.62,1.0
107.3833,128.29734,37.774235,2922.7646904,68.324,7.799,225.58,1.0
107.4,128.297303,37.774206,2923.2212808,67.425,7.785,225.541,1.0
107.4166,128.297265,37.774177,2923.6787856,66.534,7.771,225.504,1.0
107.4333,128.297227,37.774148,2924.1381192000003,65.636,7.759,225.469,1.0
107.45,128.297189,37.774119,2924.5983671999998,64.729,7.75,225.434,1.0
107.4666,128.297151,37.774091,2925.0598344,63.814,7.741,225.401,1.0
107.4833,128.297113,37.774062,2925.5225208,62.892,7.731,225.368,1.0
107.5,128.297075,37.774033,2925.9867312,61.964,7.721,225.337,1.0
107.5166,128.297037,37.774004,2926.4521608,61.032,7.71,225.308,1.0
107.5333,128.296999,37.773975,2926.9203336,60.07,7.701,225.278,1.0
107.55,128.296961,37.773947,2927.3903352,59.08,7.694,225.249,1.0
107.5666,128.296922,37.773918,2927.8624704000003,58.066,7.687,225.22,1.0
107.5833,128.296884,37.773889,2928.3364344,57.033,7.68,225.192,1.0
107.6,128.296846,37.773861,2928.8125320000004,55.984,7.67,225.166,1.0
107.6166,128.296807,37.773832,2929.2904584,54.924,7.66,225.141,1.0
107.6333,128.296769,37.773804,2929.7714328,53.822,7.651,225.116,1.0
107.65,128.29673,37.773775,2930.2560648,52.681,7.644,225.09,1.0
107.6666,128.296692,37.773747,2930.7428304000005,51.508,7.638,225.065,1.0
107.6833,128.296653,37.773718,2931.232644,50.309,7.63,225.04,1.0
107.7,128.296614,37.77369,2931.7252008000005,49.089,7.621,225.018,1.0
107.7166,128.296576,37.773662,2932.220196,47.855,7.609,224.997,1.0
107.7333,128.296537,37.773633,2932.7197632,46.582,7.598,224.976,1.0
107.75,128.296498,37.773605,2933.222988,45.272,7.589,224.955,1.0
107.7666,128.296459,37.773577,2933.7298704,43.927,7.581,224.933,1.0
107.7833,128.296421,37.773549,2934.24102,42.548,7.572,224.912,1.0
107.8,128.296382,37.77352,2934.7558272,41.138,7.562,224.892,1.0
107.8166,128.296343,37.773492,2935.2742920000005,39.705,7.551,224.873,1.0
107.8333,128.296304,37.773464,2935.7979384,38.244,7.539,224.856,1.0
107.85,128.296265,37.773436,2936.3252423999998,36.759,7.526,224.84,1.0
107.8666,128.296226,37.773408,2936.8568136000004,35.251,7.513,224.824,1.0
107.8833,128.296187,37.77338,2937.3932616,33.722,7.499,224.809,1.0
107.9,128.296148,37.773352,2937.9339768,32.174,7.485,224.795,1.0
107.9166,128.296109,37.773324,2938.4795688000004,30.609,7.47,224.782,1.0
107.9333,128.29607,37.773296,2939.0294280000003,29.029,7.455,224.771,1.0
107.95,128.296031,37.773268,2939.5844688,27.435,7.439,224.76,1.0
107.9666,128.295991,37.77324,2940.1440816,25.829,7.422,224.75,1.0
107.9833,128.295952,37.773213,2940.7088760000006,24.212,7.405,224.741,1.0
108.0,128.295913,37.773185,2941.2785472,22.586,7.387,224.733,1.0
108.0166,128.295874,37.773157,2941.8530952,20.951,7.369,224.726,1.0
108.0333,128.295835,37.773129,2942.4328248,19.31,7.351,224.72,1.0
108.05,128.295796,37.773101,2943.0177360000002,17.662,7.332,224.715,1.0
108.0666,128.295756,37.773074,2943.6081336,16.01,7.313,224.711,1.0
108.0833,128.295717,37.773046,2944.203408,14.353,7.293,224.708,1.0
108.1,128.295678,37.773018,2944.8041688000003,12.693,7.273,224.706,1.0
108.1166,128.295639,37.77299,2945.4101112000003,11.03,7.253,224.704,1.0
108.1333,128.2956,37.772962,2946.0215399999997,9.365,7.233,224.704,1.0
108.15,128.295561,37.772935,2946.6381504,7.699,7.212,224.704,1.0
108.1666,128.295521,37.772907,2947.260552,6.032,7.192,224.706,1.0
108.1833,128.295482,37.772879,2947.8881352000003,4.364,7.171,224.708,1.0
108.2,128.295443,37.772852,2948.5209,2.696,7.15,224.711,1.0
108.2166,128.295404,37.772824,2949.159456,1.028,7.129,224.714,1.0
108.2333,128.295365,37.772796,2949.8031936,-0.638,7.109,224.719,1.0
108.25,128.295326,37.772768,2950.4524176,-2.304,7.088,224.724,1.0
108.2666,128.295287,37.772741,2951.1068232000002,-3.97,7.067,224.73,1.0
108.2833,128.295248,37.772713,2951.7667152,-5.634,7.046,224.737,1.0
108.3,128.295208,37.772685,2952.4317888,-7.298,7.025,224.744,1.0
108.3166,128.295169,37.772657,2953.1023488000005,-8.96,7.005,224.753,1.0
108.3333,128.29513,37.772629,2953.7777856,-10.621,6.985,224.761,1.0
108.35,128.295091,37.772602,2954.458404,-12.28,6.964,224.771,1.0
108.3666,128.295053,37.772574,2955.144204,-13.939,6.944,224.781,1.0
108.3833,128.295014,37.772546,2955.8348808,-15.596,6.924,224.792,1.0
108.4,128.294975,37.772518,2956.5304344,-17.252,6.905,224.803,1.0
108.4166,128.294936,37.77249,2957.2308648,-18.907,6.886,224.815,1.0
108.4333,128.294897,37.772462,2957.9367816,-20.562,6.883,224.821,1.0
108.45,128.294858,37.772434,2958.6475752,-22.218,6.91,224.816,1.0
108.4666,128.29482,37.772407,2959.3635504000003,-23.874,6.959,224.802,1.0
108.4833,128.294781,37.772379,2960.0844024000003,-25.531,7.02,224.781,1.0
108.5,128.294742,37.772351,2960.8101312,-27.187,7.086,224.757,1.0
108.5166,128.294704,37.772323,2961.5410416000004,-28.841,7.153,224.731,1.0
108.5333,128.294665,37.772294,2962.2774384,-30.495,7.235,224.694,1.0
108.55,128.294627,37.772266,2963.0196264,-32.15,7.344,224.637,1.0
108.5666,128.294588,37.772238,2963.7669960000003,-33.805,7.473,224.564,1.0
108.5833,128.29455,37.77221,2964.5195472,-35.461,7.612,224.48,1.0
108.6,128.294512,37.772182,2965.2778896000004,-37.116,7.752,224.389,1.0
108.6166,128.294473,37.772154,2966.0417184000003,-38.769,7.891,224.293,1.0
108.6333,128.294435,37.772125,2966.8113384000003,-40.425,8.042,224.181,1.0
108.65,128.294397,37.772097,2967.5870544,-42.084,8.212,224.044,1.0
108.6666,128.294359,37.772069,2968.3685616000002,-43.748,8.393,223.887,1.0
108.6833,128.294321,37.77204,2969.1555552000004,-45.417,8.578,223.718,1.0
108.7,128.294283,37.772012,2969.9486448,-47.092,8.758,223.542,1.0
108.7166,128.294246,37.771983,2970.746916,-48.773,8.931,223.362,1.0
108.7333,128.294208,37.771954,2971.551588,-50.464,9.108,223.165,1.0
108.75,128.29417,37.771926,2972.3617464000004,-52.167,9.289,222.948,1.0
108.7666,128.294133,37.771897,2973.1773912000003,-53.882,9.469,222.717,1.0
108.7833,128.294096,37.771868,2973.9985224,-55.611,9.643,222.478,1.0
108.8,128.294058,37.771839,2974.8248352000005,-57.353,9.808,222.235,1.0
108.8166,128.294021,37.77181,2975.6560248,-59.109,9.962,221.99,1.0
108.8333,128.293984,37.771781,2976.4911768,-60.818,10.121,221.731,1.0
108.85,128.293947,37.771752,2977.3296816,-62.482,10.284,221.455,1.0
108.8666,128.293911,37.771723,2978.1718440000004,-64.106,10.445,221.166,1.0
108.8833,128.293874,37.771694,2979.0170544000002,-65.698,10.597,220.868,1.0
108.9,128.293837,37.771664,2979.8659224000003,-67.265,10.736,220.567,1.0
108.9166,128.293801,37.771635,2980.7178384,-68.815,10.861,220.265,1.0
108.9333,128.293765,37.771605,2981.5715832,-70.284,10.986,219.947,1.0
108.95,128.293728,37.771576,2982.4274616000002,-71.682,11.114,219.608,1.0
108.9666,128.293692,37.771546,2983.284864,-73.022,11.238,219.255,1.0
108.9833,128.293656,37.771516,2984.1444,-74.314,11.351,218.893,1.0
109.0,128.29362,37.771486,2985.0057647999997,-75.57,11.451,218.53,1.0
109.0166,128.293585,37.771456,2985.8683488000006,-76.8,11.536,218.168,1.0
109.0333,128.293549,37.771426,2986.7318472,-77.96,11.618,217.791,1.0
109.05,128.293513,37.771396,2987.5959552000004,-79.06,11.697,217.4,1.0
109.0666,128.293478,37.771366,2988.4606728000003,-80.11,11.769,217.001,1.0
109.0833,128.293443,37.771335,2989.3263048000003,-81.121,11.83,216.601,1.0
109.1,128.293407,37.771305,2990.1922416,-82.102,11.88,216.204,1.0
109.1166,128.293372,37.771274,2991.0581784000005,-83.06,11.917,215.813,1.0
109.1333,128.293338,37.771244,2991.9241152,-83.967,11.949,215.42,1.0
109.15,128.293303,37.771213,2992.7891376,-84.829,11.975,215.026,1.0
109.1666,128.293268,37.771182,2993.6541600000005,-85.656,11.994,214.634,1.0
109.1833,128.293234,37.771151,2994.5185728,-86.453,12.005,214.246,1.0
109.2,128.293199,37.77112,2995.3823760000005,-87.227,12.007,213.863,1.0
109.2166,128.293165,37.771089,2996.2449600000004,-87.986,12.0,213.486,1.0
109.2333,128.293131,37.771057,2997.1063248,-88.702,11.988,213.116,1.0
109.25,128.293097,37.771026,2997.9661656000003,-89.382,11.972,212.752,1.0
109.2666,128.293064,37.770995,2998.8244824000003,-90.033,11.951,212.395,1.0
109.2833,128.29303,37.770963,2999.6812752,-90.659,11.924,212.042,1.0
109.3,128.292997,37.770931,3000.5362392,-91.266,11.89,211.695,1.0
109.3166,128.292963,37.770899,3001.3890696,-91.859,11.85,211.354,1.0
109.3333,128.29293,37.770868,3002.2394616,-92.421,11.807,211.017,1.0
109.35,128.292897,37.770836,3003.08772,-92.958,11.761,210.686,1.0
109.3666,128.292864,37.770803,3003.93354,-93.472,11.711,210.359,1.0
109.3833,128.292832,37.770771,3004.7766168000003,-93.969,11.657,210.035,1.0
109.4,128.292799,37.770739,3005.6169504000004,-94.452,11.598,209.717,1.0
109.4166,128.292767,37.770706,3006.4545408,-94.925,11.536,209.402,1.0
109.4333,128.292735,37.770674,3007.2887784000004,-95.455,11.462,209.092,1.0
109.45,128.292703,37.770641,3008.1196632,-96.043,11.378,208.786,1.0
109.4666,128.292671,37.770608,3008.9465856,-96.684,11.287,208.484,1.0
109.4833,128.292639,37.770576,3009.768936,-97.374,11.193,208.185,1.0
109.5,128.292608,37.770542,3010.587324,-98.105,11.097,207.889,1.0
109.5166,128.292577,37.770509,3011.4008352000005,-98.869,10.999,207.595,1.0
109.5333,128.292546,37.770476,3012.2097744,-99.617,10.903,207.303,1.0
109.55,128.292515,37.770443,3013.0141416,-100.343,10.808,207.012,1.0
109.5666,128.292485,37.770409,3013.8139368,-101.046,10.712,206.721,1.0
109.5833,128.292454,37.770376,3014.6091600000004,-101.727,10.611,206.433,1.0
109.6,128.292424,37.770342,3015.3988968,-102.389,10.505,206.146,1.0
109.6166,128.292394,37.770308,3016.183452,-103.034,10.393,205.862,1.0
109.6333,128.292364,37.770274,3016.9625208,-103.628,10.28,205.58,1.0
109.65,128.292334,37.77024,3017.7367128,-104.173,10.166,205.299,1.0
109.6666,128.292304,37.770206,3018.5054184,-104.679,10.05,205.021,1.0
109.6833,128.292275,37.770172,3019.2683328000003,-105.149,9.93,204.746,1.0
109.7,128.292245,37.770138,3020.0251512,-105.592,9.806,204.473,1.0
109.7166,128.292216,37.770104,3020.7761784000004,-106.014,9.677,204.204,1.0
109.7333,128.292187,37.770069,3021.5211096000003,-106.398,9.547,203.938,1.0
109.75,128.292158,37.770035,3022.2599448,-106.749,9.416,203.674,1.0
109.7666,128.292129,37.77,3022.9923792,-107.074,9.284,203.412,1.0
109.7833,128.292101,37.769965,3023.7184128,-107.377,9.15,203.153,1.0
109.8,128.292073,37.76993,3024.437436,-107.662,9.013,202.897,1.0
109.8166,128.292044,37.769895,3025.1497535999997,-107.933,8.874,202.643,1.0
109.8333,128.292016,37.76986,3025.8553656,-108.185,8.734,202.392,1.0
109.85,128.291989,37.769825,3026.5539672,-108.421,8.594,202.142,1.0
109.8666,128.291961,37.76979,3027.2452536,-108.643,8.453,201.894,1.0
109.8833,128.291933,37.769755,3027.9292248,-108.855,8.311,201.649,1.0
109.9,128.291906,37.769719,3028.6061856,-109.058,8.168,201.405,1.0
109.9166,128.291879,37.769684,3029.2755263999998,-109.254,8.024,201.162,1.0
109.9333,128.291852,37.769648,3029.9372472,-109.441,7.88,200.922,1.0
109.95,128.291825,37.769613,3030.5913480000004,-109.621,7.735,200.682,1.0
109.9666,128.291798,37.769577,3031.2378288,-109.794,7.59,200.444,1.0
109.9833,128.291772,37.769541,3031.8766896,-109.962,7.444,200.207,1.0
110.0,128.291746,37.769505,3032.5073208000003,-110.126,7.298,199.972,1.0
110.0166,128.291719,37.769469,3033.130332,-110.286,7.152,199.737,1.0
110.0333,128.291694,37.769433,3033.7451136,-110.442,7.005,199.503,1.0
110.05,128.291668,37.769397,3034.3516656,-110.596,6.858,199.271,1.0
110.0666,128.291642,37.76936,3034.949988,-110.746,6.711,199.039,1.0
110.0833,128.291617,37.769324,3035.5403856,-110.894,6.563,198.808,1.0
110.1,128.291592,37.769287,3036.1222488000003,-111.04,6.415,198.578,1.0
110.1166,128.291567,37.769251,3036.6955776000004,-111.184,6.267,198.349,1.0
110.1333,128.291542,37.769214,3037.2606768,-111.325,6.119,198.12,1.0
110.15,128.291517,37.769177,3037.8169368000003,-111.463,5.97,197.892,1.0
110.1666,128.291493,37.76914,3038.3649672,-111.599,5.821,197.664,1.0
110.1833,128.291468,37.769103,3038.9041584,-111.732,5.672,197.438,1.0
110.2,128.291444,37.769066,3039.4348152,-111.863,5.523,197.211,1.0
110.2166,128.29142,37.769029,3039.956328,-111.992,5.374,196.986,1.0
110.2333,128.291397,37.768992,3040.4693064000003,-112.118,5.224,196.76,1.0
110.25,128.291373,37.768955,3040.9734456,-112.239,5.075,196.536,1.0
110.2666,128.29135,37.768918,3041.4687456,-112.357,4.925,196.311,1.0
110.2833,128.291326,37.76888,3041.9549016,-112.471,4.776,196.087,1.0
110.3,128.291303,37.768843,3042.4319136000004,-112.583,4.626,195.864,1.0
110.3166,128.291281,37.768805,3042.9000864,-112.692,4.475,195.641,1.0
110.3333,128.291258,37.768767,3043.3591152,-112.796,4.326,195.418,1.0
110.35,128.291236,37.76873,3043.809,-112.894,4.177,195.196,1.0
110.3666,128.291213,37.768692,3044.2497408,-112.987,4.028,194.974,1.0
110.3833,128.291191,37.768654,3044.6810328000006,-113.076,3.879,194.752,1.0
110.4,128.291169,37.768616,3045.1031808,-113.161,3.729,194.53,1.0
110.4166,128.291148,37.768578,3045.5158800000004,-113.242,3.58,194.309,1.0
110.4333,128.291126,37.76854,3045.9194352000004,-113.316,3.432,194.088,1.0
110.45,128.291105,37.768502,3046.3132368,-113.383,3.285,193.866,1.0
110.4666,128.291084,37.768463,3046.6978943999998,-113.445,3.138,193.645,1.0
110.4833,128.291063,37.768425,3047.0731032000003,-113.5,2.992,193.424,1.0
110.5,128.291042,37.768387,3047.4388632,-113.55,2.845,193.203,1.0
110.5166,128.291021,37.768348,3047.7948696,-113.595,2.699,192.983,1.0
110.5333,128.291001,37.76831,3048.141732,-113.632,2.553,192.762,1.0
110.55,128.290981,37.768271,3048.4788408,-113.662,2.409,192.542,1.0
110.5666,128.290961,37.768232,3048.8065008000003,-113.685,2.266,192.321,1.0
110.5833,128.290941,37.768194,3049.1244072000004,-113.701,2.123,192.101,1.0
110.6,128.290921,37.768155,3049.43256,-113.711,1.98,191.88,1.0
110.6166,128.290902,37.768116,3049.7312640000005,-113.717,1.837,191.66,1.0
110.6333,128.290883,37.768077,3050.0202144000004,-113.714,1.695,191.44,1.0
110.65,128.290863,37.768038,3050.2994112,-113.704,1.554,191.22,1.0
110.6666,128.290845,37.767999,3050.5691592000003,-113.687,1.415,190.999,1.0
110.6833,128.290826,37.76796,3050.8291535999997,-113.663,1.276,190.778,1.0
110.7,128.290807,37.767921,3051.0793943999997,-113.634,1.137,190.558,1.0
110.7166,128.290789,37.767881,3051.3195768,-113.6,0.998,190.338,1.0
110.7333,128.290771,37.767842,3051.5506152,-113.559,0.861,190.117,1.0
110.75,128.290753,37.767803,3051.7715952,-113.513,0.725,189.897,1.0
110.7666,128.290735,37.767763,3051.9828216,-113.46,0.59,189.676,1.0
110.7833,128.290718,37.767724,3052.1842944,-113.403,0.455,189.454,1.0
110.8,128.2907,37.767684,3052.3760136,-113.34,0.321,189.233,1.0
110.8166,128.290683,37.767645,3052.5576744,-113.274,0.187,189.012,1.0
110.8333,128.290666,37.767605,3052.7295816,-113.209,0.059,188.789,1.0
110.85,128.290649,37.767565,3052.8914304000004,-113.147,-0.063,188.564,1.0
110.8666,128.290633,37.767525,3053.0438304000004,-113.083,-0.183,188.338,1.0
110.8833,128.290617,37.767486,3053.1864768,-113.014,-0.301,188.11,1.0
110.9,128.2906,37.767446,3053.3193696,-112.939,-0.418,187.883,1.0
110.9166,128.290584,37.767406,3053.4425088000003,-112.858,-0.534,187.656,1.0
110.9333,128.290569,37.767366,3053.5558944,-112.772,-0.65,187.428,1.0
110.95,128.290553,37.767326,3053.6598312,-112.682,-0.764,187.2,1.0
110.9666,128.290538,37.767286,3053.7537096,-112.589,-0.876,186.971,1.0
110.9833,128.290522,37.767245,3053.8381392,-112.493,-0.989,186.743,1.0
111.0,128.290507,37.767205,3053.9128152,-112.393,-1.101,186.514,1.0
111.0166,128.290493,37.767165,3053.9780424,-112.291,-1.212,186.285,1.0
111.0333,128.290478,37.767125,3054.0332112,-112.187,-1.323,186.056,1.0
111.05,128.290464,37.767084,3054.0789312,-112.082,-1.433,185.827,1.0
111.0666,128.29045,37.767044,3054.1152024000003,-111.977,-1.542,185.598,1.0
111.0833,128.290436,37.767003,3054.14172,-111.87,-1.651,185.368,1.0
111.1,128.290422,37.766963,3054.1587888000004,-111.763,-1.759,185.139,1.0
111.1166,128.290408,37.766922,3054.166104,-111.655,-1.866,184.909,1.0
111.1333,128.290395,37.766882,3054.1639704,-111.548,-1.973,184.679,1.0
111.15,128.290382,37.766841,3054.152388,-111.442,-2.08,184.448,1.0
111.1666,128.290369,37.766801,3054.1313568,-111.336,-2.185,184.217,1.0
111.1833,128.290356,37.76676,3054.1008768,-111.23,-2.29,183.986,1.0
111.2,128.290344,37.766719,3054.0606432,-111.124,-2.394,183.755,1.0
111.2166,128.290331,37.766678,3054.0112656,-111.017,-2.498,183.523,1.0
111.2333,128.290319,37.766638,3053.9524392000003,-110.912,-2.601,183.291,1.0
111.25,128.290307,37.766597,3053.8844688000004,-110.808,-2.704,183.059,1.0
111.2666,128.290296,37.766556,3053.8067448,-110.705,-2.806,182.827,1.0
111.2833,128.290284,37.766515,3053.7198768,-110.602,-2.907,182.594,1.0
111.3,128.290273,37.766474,3053.6238648,-110.5,-3.008,182.361,1.0
111.3166,128.290262,37.766433,3053.5187088000002,-110.397,-3.109,182.128,1.0
111.3333,128.290251,37.766392,3053.4037992,-110.295,-3.208,181.895,1.0
111.35,128.29024,37.766351,3053.2800504,-110.194,-3.307,181.661,1.0
111.3666,128.29023,37.76631,3053.1471576000004,-110.094,-3.406,181.427,1.0
111.3833,128.29022,37.766269,3053.004816,-109.994,-3.504,181.192,1.0
111.4,128.29021,37.766228,3052.8536352000006,-109.893,-3.601,180.958,1.0
111.4166,128.2902,37.766186,3052.6933104,-109.793,-3.698,180.723,1.0
111.4333,128.29019,37.766145,3052.5238416,-109.692,-3.795,180.488,1.0
111.45,128.290181,37.766104,3052.3452288,-109.592,-3.891,180.253,1.0
111.4666,128.290172,37.766063,3052.1577768,-109.492,-3.986,180.017,1.0
111.4833,128.290163,37.766021,3051.9614856,-109.392,-4.081,179.782,1.0
111.5,128.290154,37.76598,3051.7560504000003,-109.292,-4.175,179.546,1.0
111.5166,128.290145,37.765939,3051.5414712,-109.191,-4.269,179.31,1.0
111.5333,128.290137,37.765897,3051.3183576,-109.09,-4.362,179.073,1.0
111.55,128.290129,37.765856,3051.0861,-108.989,-4.455,178.837,1.0
111.5666,128.290121,37.765814,3050.845308,-108.887,-4.547,178.6,1.0
111.5833,128.290113,37.765773,3050.5953719999998,-108.785,-4.639,178.363,1.0
111.6,128.290106,37.765731,3050.3369016,-108.682,-4.73,178.126,1.0
111.6166,128.290099,37.76569,3050.0695920000003,-108.578,-4.821,177.888,1.0
111.6333,128.290092,37.765648,3049.7934432,-108.473,-4.911,177.651,1.0
111.65,128.290085,37.765607,3049.50876,-108.368,-5.0,177.413,1.0
111.6666,128.290078,37.765565,3049.2152376,-108.261,-5.089,177.175,1.0
111.6833,128.290072,37.765524,3048.9131807999997,-108.154,-5.177,176.937,1.0
111.7,128.290066,37.765482,3048.6025896000006,-108.046,-5.265,176.699,1.0
111.7166,128.29006,37.76544,3048.283464,-107.937,-5.353,176.46,1.0
111.7333,128.290054,37.765399,3047.955804,-107.826,-5.44,176.222,1.0
111.75,128.290049,37.765357,3047.6196096000003,-107.713,-5.526,175.983,1.0
111.7666,128.290043,37.765315,3047.2748808,-107.599,-5.611,175.744,1.0
111.7833,128.290038,37.765274,3046.9219224,-107.484,-5.697,175.505,1.0
111.8,128.290033,37.765232,3046.5604296,-107.367,-5.781,175.265,1.0
111.8166,128.290029,37.76519,3046.1907072000004,-107.25,-5.865,175.026,1.0
111.8333,128.290024,37.765149,3045.8124504,-107.13,-5.949,174.787,1.0
111.85,128.29002,37.765107,3045.425964,-107.008,-6.031,174.547,1.0
111.8666,128.290016,37.765065,3045.0312480000002,-106.884,-6.113,174.307,1.0
111.8833,128.290012,37.765023,3044.6286072000003,-106.758,-6.195,174.067,1.0
111.9,128.290009,37.764982,3044.2174320000004,-106.631,-6.275,173.827,1.0
111.9166,128.290005,37.76494,3043.7980272,-106.503,-6.356,173.586,1.0
111.9333,128.290002,37.764898,3043.3710024,-106.372,-6.435,173.346,1.0
111.95,128.289999,37.764856,3042.9354432,-106.239,-6.514,173.105,1.0
111.9666,128.289997,37.764815,3042.4922640000004,-106.103,-6.592,172.865,1.0
111.9833,128.289994,37.764773,3042.0408552000004,-105.966,-6.67,172.624,1.0
112.0,128.289992,37.764731,3041.5815216,-105.827,-6.746,172.383,1.0
112.0166,128.28999,37.764689,3041.1142632,-105.686,-6.823,172.142,1.0
112.0333,128.289988,37.764647,3040.6393848000002,-105.542,-6.898,171.9,1.0
112.05,128.289986,37.764606,3040.1562768,-105.395,-6.972,171.659,1.0
112.0666,128.289985,37.764564,3039.6658536,-105.246,-7.046,171.417,1.0
112.0833,128.289984,37.764522,3039.1675056000004,-105.094,-7.119,171.175,1.0
112.1,128.289983,37.76448,3038.6615376,-104.94,-7.191,170.934,1.0
112.1166,128.289982,37.764438,3038.1476448,-104.784,-7.263,170.692,1.0
112.1333,128.289982,37.764397,3037.6267416000005,-104.625,-7.334,170.45,1.0
112.15,128.289981,37.764355,3037.0979136,-104.463,-7.403,170.207,1.0
112.1666,128.289981,37.764313,3036.5617704,-104.297,-7.472,169.965,1.0
112.1833,128.289981,37.764271,3036.0180072000003,-104.129,-7.54,169.723,1.0
112.2,128.289982,37.76423,3035.4669288,-103.959,-7.607,169.48,1.0
112.2166,128.289982,37.764188,3034.9085352000006,-103.787,-7.674,169.237,1.0
112.2333,128.289983,37.764146,3034.3431312,-103.61,-7.739,168.995,1.0
112.25,128.289984,37.764104,3033.7701072000004,-103.431,-7.803,168.752,1.0
112.2666,128.289985,37.764062,3033.1903776000004,-103.247,-7.867,168.508,1.0
112.2833,128.289987,37.764021,3032.6030280000004,-103.062,-7.929,168.265,1.0
112.3,128.289988,37.763979,3032.0089728000003,-102.873,-7.991,168.022,1.0
112.3166,128.28999,37.763937,3031.4076024,-102.682,-8.051,167.779,1.0
112.3333,128.289993,37.763895,3030.7995264,-102.488,-8.111,167.535,1.0
112.35,128.289995,37.763854,3030.1847448,-102.289,-8.169,167.291,1.0
112.3666,128.289997,37.763812,3029.5629528000004,-102.086,-8.226,167.048,1.0
112.3833,128.29,37.76377,3028.9344552000002,-101.881,-8.283,166.804,1.0
112.4,128.290003,37.763729,3028.2992520000003,-101.672,-8.338,166.56,1.0
112.4166,128.290006,37.763687,3027.6573432,-101.461,-8.392,166.316,1.0
112.4333,128.29001,37.763645,3027.0087288,-101.245,-8.445,166.072,1.0
112.45,128.290014,37.763604,3026.3540184000003,-101.024,-8.497,165.827,1.0
112.4666,128.290017,37.763562,3025.6926024000004,-100.799,-8.547,165.583,1.0
112.4833,128.290022,37.763521,3025.0247856,-100.57,-8.596,165.339,1.0
112.5,128.290026,37.763479,3024.3508728,-100.337,-8.644,165.094,1.0
112.5166,128.29003,37.763437,3023.6705592000003,-100.102,-8.691,164.85,1.0
112.5333,128.290035,37.763396,3022.9844544000002,-99.86,-8.737,164.605,1.0
112.55,128.29004,37.763354,3022.2919488000002,-99.612,-8.781,164.36,1.0
112.5666,128.290045,37.763313,3021.593652,-99.36,-8.823,164.115,1.0
112.5833,128.290051,37.763271,3020.8892592,-99.103,-8.865,163.871,1.0
112.6,128.290056,37.76323,3020.17938,-98.842,-8.905,163.626,1.0
112.6166,128.290062,37.763189,3019.4634048000003,-98.577,-8.944,163.381,1.0
112.6333,128.290068,37.763147,3018.7419432,-98.305,-8.981,163.136,1.0
112.65,128.290075,37.763106,3018.0149952,-98.025,-9.016,162.891,1.0
112.6666,128.290081,37.763064,3017.282256,-97.738,-9.05,162.646,1.0
112.6833,128.290088,37.763023,3016.5443352,-97.446,-9.082,162.401,1.0
112.7,128.290095,37.762982,3015.8012328000004,-97.148,-9.113,162.156,1.0
112.7166,128.290102,37.76294,3015.0526440000003,-96.846,-9.142,161.912,1.0
112.7333,128.29011,37.762899,3014.2991784000005,-96.533,-9.17,161.667,1.0
112.75,128.290117,37.762858,3013.540836,-96.21,-9.195,161.422,1.0
112.7666,128.290125,37.762817,3012.777312,-95.877,-9.218,161.178,1.0
112.7833,128.290133,37.762775,3012.0089112,-95.537,-9.24,160.933,1.0
112.8,128.290141,37.762734,3011.2359384,-95.19,-9.26,160.689,1.0
112.8166,128.29015,37.762693,3010.4583936000004,-94.837,-9.279,160.444,1.0
112.8333,128.290159,37.762652,3009.6765816,-94.469,-9.295,160.2,1.0
112.85,128.290168,37.762611,3008.8901976,-94.087,-9.308,159.957,1.0
112.8666,128.290177,37.76257,3008.0995464000002,-93.691,-9.319,159.713,1.0
112.8833,128.290186,37.762529,3007.3046280000003,-93.285,-9.328,159.469,1.0
112.9,128.290196,37.762488,3006.506052,-92.869,-9.336,159.226,1.0
112.9166,128.290205,37.762447,3005.7035136,-92.445,-9.341,158.984,1.0
112.9333,128.290215,37.762406,3004.8970128,-91.998,-9.343,158.741,1.0
112.95,128.290226,37.762365,3004.0871592000003,-91.529,-9.341,158.499,1.0
112.9666,128.290236,37.762324,3003.2736480000003,-91.04,-9.336,158.258,1.0
112.9833,128.290247,37.762284,3002.456784,-90.534,-9.329,158.016,1.0
113.0,128.290258,37.762243,3001.6371768,-90.014,-9.32,157.776,1.0
113.0166,128.290269,37.762202,3000.8142168000004,-89.482,-9.308,157.536,1.0
113.0333,128.29028,37.762161,2999.9885136000003,-88.912,-9.292,157.296,1.0
113.05,128.290291,37.762121,2999.1597624000005,-88.306,-9.27,157.058,1.0
113.0666,128.290303,37.76208,2998.3288776000004,-87.668,-9.243,156.82,1.0
113.0833,128.290315,37.762039,2997.4955544,-87.003,-9.214,156.583,1.0
113.1,128.290327,37.761999,2996.6600976,-86.315,-9.183,156.346,1.0
113.1166,128.290339,37.761958,2995.8228120000003,-85.609,-9.149,156.111,1.0
113.1333,128.290352,37.761918,2994.984612,-84.951,-9.119,155.876,1.0
113.15,128.290365,37.761877,2994.144888,-84.343,-9.093,155.642,1.0
113.1666,128.290378,37.761837,2993.30364,-83.783,-9.067,155.409,1.0
113.1833,128.290391,37.761796,2992.4617824,-83.266,-9.037,155.177,1.0
113.2,128.290405,37.761756,2991.6190103999998,-82.786,-9.003,154.947,1.0
113.2166,128.290418,37.761716,2990.7756288,-82.335,-8.963,154.717,1.0
113.2333,128.290432,37.761676,2989.9307232,-81.859,-8.916,154.508,1.0
113.25,128.290446,37.761635,2989.085208,-81.355,-8.865,154.337,1.0
113.2666,128.290461,37.761595,2988.2390832,-80.822,-8.814,154.2,1.0
113.2833,128.290475,37.761555,2987.3926536,-80.259,-8.763,154.083,1.0
113.3,128.29049,37.761515,2986.5459192000003,-79.667,-8.714,153.974,1.0
113.3166,128.290505,37.761475,2985.6991848000002,-79.05,-8.664,153.865,1.0
113.3333,128.29052,37.761435,2984.851536,-78.335,-8.609,153.777,1.0
113.35,128.290535,37.761395,2984.0035824,-77.531,-8.553,153.727,1.0
113.3666,128.290551,37.761355,2983.155324,-76.634,-8.499,153.715,1.0
113.3833,128.290566,37.761315,2982.3067608,-75.643,-8.448,153.726,1.0
113.4,128.290582,37.761275,2981.4578928,-74.557,-8.397,153.745,1.0
113.4166,128.290598,37.761235,2980.60872,-73.377,-8.345,153.765,1.0
113.4333,128.290614,37.761195,2979.7592424,-72.11,-8.298,153.804,1.0
113.45,128.29063,37.761155,2978.9094600000003,-70.759,-8.258,153.866,1.0
113.4666,128.290646,37.761115,2978.0599824,-69.326,-8.222,153.943,1.0
113.4833,128.290662,37.761075,2977.2108096,-67.813,-8.187,154.026,1.0
113.5,128.290679,37.761035,2976.3616368000003,-66.222,-8.152,154.111,1.0
113.5166,128.290695,37.760995,2975.5130736000006,-64.553,-8.116,154.195,1.0
113.5333,128.290712,37.760955,2974.6645104,-62.809,-8.081,154.283,1.0
113.55,128.290728,37.760915,2973.8168616000003,-60.991,-8.049,154.376,1.0
113.5666,128.290745,37.760875,2972.9695176,-59.101,-8.017,154.47,1.0
113.5833,128.290762,37.760835,2972.1227832,-57.14,-7.985,154.566,1.0
113.6,128.290779,37.760795,2971.2766584,-55.109,-7.953,154.66,1.0
113.6166,128.290796,37.760755,2970.4311432,-53.008,-7.919,154.754,1.0
113.6333,128.290813,37.760715,2969.5862376,-50.839,-7.883,154.844,1.0
113.65,128.29083,37.760676,2968.7422464000006,-48.603,-7.844,154.931,1.0
113.6666,128.290848,37.760635,2967.8985600000005,-46.3,-7.803,155.016,1.0
113.6833,128.290865,37.760595,2967.055788,-43.932,-7.76,155.101,1.0
113.7,128.290882,37.760555,2966.2136256000003,-41.5,-7.717,155.186,1.0
113.7166,128.2909,37.760515,2965.3720728000003,-39.007,-7.674,155.271,1.0
113.7333,128.290917,37.760475,2964.5332632,-36.481,-7.625,155.349,1.0
113.75,128.290935,37.760435,2963.6965872000005,-33.932,-7.571,155.421,1.0
113.7666,128.290952,37.760395,2962.8623496,-31.363,-7.514,155.489,1.0
113.7833,128.29097,37.760355,2962.0302456000004,-28.782,-7.456,155.556,1.0
113.8,128.290988,37.760315,2961.20058,-26.19,-7.397,155.624,1.0
113.8166,128.291006,37.760275,2960.3730480000004,-23.591,-7.338,155.694,1.0
113.8333,128.291024,37.760235,2959.5503928000003,-21.023,-7.266,155.756,1.0
113.85,128.291042,37.760194,2958.7317000000003,-18.487,-7.179,155.811,1.0
113.8666,128.29106,37.760154,2957.9169696,-15.977,-7.084,155.864,1.0
113.8833,128.291078,37.760114,2957.1052872000005,-13.491,-6.984,155.919,1.0
113.9,128.291096,37.760074,2956.2969576000005,-11.023,-6.882,155.979,1.0
113.9166,128.291114,37.760034,2955.4913712000002,-8.568,-6.78,156.044,1.0
113.9333,128.291132,37.759993,2954.6921856,-6.163,-6.658,156.109,1.0
113.95,128.29115,37.759953,2953.8981816,-3.802,-6.517,156.172,1.0
113.9666,128.291168,37.759913,2953.10814,-1.478,-6.365,156.239,1.0
113.9833,128.291187,37.759872,2952.3220608,0.816,-6.207,156.312,1.0
114.0,128.291205,37.759832,2951.5399440000006,3.086,-6.05,156.393,1.0
114.0166,128.291223,37.759792,2950.7611800000004,5.339,-5.895,156.482,1.0
114.0333,128.291242,37.759751,2949.990036,7.54,-5.723,156.576,1.0
114.05,128.29126,37.759711,2949.2246832,9.696,-5.531,156.678,1.0
114.0666,128.291278,37.759671,2948.4639024000003,11.815,-5.328,156.788,1.0
114.0833,128.291297,37.75963,2947.7079984,13.904,-5.124,156.907,1.0
114.1,128.291315,37.75959,2946.9569712,15.969,-4.922,157.035,1.0
114.1166,128.291334,37.759549,2946.210516,18.016,-4.727,157.172,1.0
114.1333,128.291352,37.759509,2945.4719856,20.015,-4.518,157.321,1.0
114.15,128.29137,37.759468,2944.7404656,21.971,-4.294,157.482,1.0
114.1666,128.291389,37.759427,2944.0138224,23.892,-4.064,157.654,1.0
114.1833,128.291407,37.759387,2943.2932752,25.785,-3.836,157.836,1.0
114.2,128.291426,37.759346,2942.5785192000003,27.657,-3.616,158.027,1.0
114.2166,128.291444,37.759306,2941.8692496,29.512,-3.405,158.225,1.0
114.2333,128.291462,37.759265,2941.1685144000003,31.327,-3.186,158.438,1.0
114.25,128.291481,37.759224,2940.4744848000005,33.107,-2.956,158.667,1.0
114.2666,128.291499,37.759183,2939.786856,34.859,-2.724,158.908,1.0
114.2833,128.291517,37.759142,2939.1056280000003,36.589,-2.499,159.159,1.0
114.3,128.291535,37.759102,2938.4311056000006,38.302,-2.283,159.416,1.0
114.3166,128.291553,37.759061,2937.7623744,40.002,-2.08,159.679,1.0
114.3333,128.291571,37.75902,2937.1027872000004,41.659,-1.871,159.957,1.0
114.35,128.291589,37.758979,2936.4511248,43.276,-1.657,160.251,1.0
114.3666,128.291607,37.758938,2935.8058632,44.861,-1.444,160.556,1.0
114.3833,128.291625,37.758897,2935.1679168000005,46.42,-1.24,160.87,1.0
114.4,128.291643,37.758856,2934.5369808,47.96,-1.049,161.187,1.0
114.4166,128.291661,37.758814,2933.9127504000003,49.485,-0.871,161.508,1.0
114.4333,128.291678,37.758773,2933.2967496,50.959,-0.694,161.841,1.0
114.45,128.291696,37.758732,2932.6892832,52.387,-0.518,162.184,1.0
114.4666,128.291713,37.758691,2932.0885224,53.777,-0.348,162.535,1.0
114.4833,128.291731,37.758649,2931.4950768,55.136,-0.188,162.889,1.0
114.5,128.291748,37.758608,2930.9086416000005,56.472,-0.042,163.246,1.0
114.5166,128.291765,37.758567,2930.3286072,57.792,0.089,163.603,1.0
114.5333,128.291782,37.758525,2929.7568024,59.056,0.221,163.973,1.0
114.55,128.291799,37.758484,2929.1923128,60.272,0.353,164.353,1.0
114.5666,128.291815,37.758442,2928.6351384,61.448,0.478,164.741,1.0
114.5833,128.291832,37.7584,2928.0840600000006,62.591,0.594,165.131,1.0
114.6,128.291848,37.758359,2927.5399920000004,63.709,0.698,165.521,1.0
114.6166,128.291864,37.758317,2927.0017152,64.809,0.788,165.908,1.0
114.6333,128.29188,37.758275,2926.4707536,65.852,0.872,166.293,1.0
114.65,128.291896,37.758233,2925.9464976,66.844,0.949,166.674,1.0
114.6666,128.291912,37.758192,2925.4283376,67.794,1.018,167.053,1.0
114.6833,128.291928,37.75815,2924.9159688000004,68.709,1.077,167.429,1.0
114.7,128.291943,37.758108,2924.4090864,69.598,1.126,167.803,1.0
114.7166,128.291958,37.758066,2923.9076904,70.467,1.165,168.175,1.0
114.7333,128.291973,37.758024,2923.4111712000004,71.389,1.189,168.548,1.0
114.75,128.291988,37.757981,2922.9186144000005,72.365,1.198,168.919,1.0
114.7666,128.292003,37.757939,2922.4294104,73.392,1.198,169.289,1.0
114.7833,128.292017,37.757897,2921.9438640000003,74.46,1.188,169.656,1.0
114.8,128.292032,37.757855,2921.4619752000003,75.558,1.169,170.02,1.0
114.8166,128.292046,37.757813,2920.9831344000004,76.679,1.143,170.381,1.0
114.8333,128.29206,37.75777,2920.5073416000005,77.702,1.119,170.736,1.0
114.85,128.292074,37.757728,2920.0345968,78.627,1.1,171.086,1.0
114.8666,128.292087,37.757685,2919.5645952,79.471,1.083,171.431,1.0
114.8833,128.292101,37.757643,2919.0982512,80.243,1.062,171.772,1.0
114.9,128.292114,37.7576,2918.6349552,80.955,1.034,172.111,1.0
114.9166,128.292127,37.757558,2918.1740976,81.618,0.996,172.448,1.0
114.9333,128.29214,37.757515,2917.7159831999998,82.201,0.955,172.782,1.0
114.95,128.292152,37.757473,2917.2603072,82.717,0.911,173.115,1.0
114.9666,128.292164,37.75743,2916.8064600000002,83.18,0.863,173.447,1.0
114.9833,128.292176,37.757387,2916.3544416000004,83.603,0.811,173.777,1.0
115.0,128.292188,37.757344,2915.9039472,83.993,0.754,174.106,1.0
115.0166,128.2922,37.757302,2915.4549768,84.36,0.693,174.434,1.0
115.0333,128.292211,37.757259,2915.0075304,84.668,0.634,174.76,1.0
115.05,128.292222,37.757216,2914.5609984000002,84.926,0.576,175.084,1.0
115.0666,128.292233,37.757173,2914.1159904,85.139,0.518,175.406,1.0
115.0833,128.292243,37.75713,2913.6718968,85.314,0.459,175.727,1.0
115.1,128.292253,37.757087,2913.2287176,85.46,0.398,176.045,1.0
115.1166,128.292264,37.757044,2912.7864528000005,85.581,0.334,176.362,1.0
115.1333,128.292273,37.757001,2912.3447976,85.614,0.278,176.677,1.0
115.15,128.292283,37.756958,2911.903752,85.563,0.231,176.989,1.0
115.1666,128.292292,37.756915,2911.4642304000004,85.436,0.188,177.3,1.0
115.1833,128.292301,37.756872,2911.0256232,85.241,0.146,177.609,1.0
115.2,128.29231,37.756829,2910.5882352000003,84.99,0.102,177.916,1.0
115.2166,128.292318,37.756786,2910.1520664000004,84.694,0.058,178.221,1.0
115.2333,128.292326,37.756742,2909.716812,84.428,0.007,178.526,1.0
115.25,128.292334,37.756699,2909.2827768,84.197,-0.046,178.83,1.0
115.2666,128.292342,37.756656,2908.8490464000006,84.002,-0.101,179.134,1.0
115.2833,128.29235,37.756613,2908.4162304,83.837,-0.152,179.435,1.0
115.3,128.292357,37.756569,2907.9843288,83.699,-0.199,179.734,1.0
115.3166,128.292364,37.756526,2907.5530368000004,83.578,-0.241,180.032,1.0
115.3333,128.292371,37.756483,2907.122964,83.462,-0.276,180.326,1.0
115.35,128.292377,37.756439,2906.6938056000004,83.344,-0.304,180.618,1.0
115.3666,128.292383,37.756396,2906.2658664,83.22,-0.327,180.908,1.0
115.3833,128.292389,37.756353,2905.8391464000006,83.086,-0.348,181.195,1.0
115.4,128.292395,37.756309,2905.4136456,82.939,-0.368,181.481,1.0
115.4166,128.292401,37.756266,2904.9896688000003,82.782,-0.388,181.765,1.0
115.4333,128.292406,37.756222,2904.5663016,82.616,-0.401,182.048,1.0
115.45,128.292411,37.756179,2904.1447632,82.444,-0.409,182.329,1.0
115.4666,128.292416,37.756136,2903.7244440000004,82.263,-0.413,182.609,1.0
115.4833,128.29242,37.756092,2903.3056488,82.071,-0.415,182.887,1.0
115.5,128.292425,37.756049,2902.8883776000002,81.868,-0.415,183.165,1.0
115.5166,128.292429,37.756005,2902.4729352000004,81.655,-0.414,183.441,1.0
115.5333,128.292432,37.755962,2902.0590168000003,81.435,-0.412,183.717,1.0
115.55,128.292436,37.755918,2901.6469272,81.21,-0.408,183.992,1.0
115.5666,128.292439,37.755875,2901.2366664,80.98,-0.402,184.266,1.0
115.5833,128.292442,37.755831,2900.8282344000004,80.746,-0.395,184.538,1.0
115.6,128.292445,37.755788,2900.4216312,80.508,-0.386,184.81,1.0
115.6166,128.292447,37.755744,2900.0168568000004,80.267,-0.375,185.081,1.0
115.6333,128.29245,37.755701,2899.614216,80.028,-0.363,185.351,1.0
115.65,128.292452,37.755657,2899.2137088,79.792,-0.349,185.62,1.0
115.6666,128.292453,37.755614,2898.81564,79.557,-0.333,185.888,1.0
115.6833,128.292455,37.75557,2898.4194,79.323,-0.315,186.155,1.0
115.7,128.292456,37.755526,2898.0259032000004,79.089,-0.296,186.421,1.0
115.7166,128.292457,37.755483,2897.63454,78.854,-0.275,186.687,1.0
115.7333,128.292458,37.755439,2897.2453104,78.628,-0.252,186.951,1.0
115.75,128.292459,37.755396,2896.8591288,78.409,-0.229,187.215,1.0
115.7666,128.292459,37.755352,2896.4750808,78.198,-0.204,187.477,1.0
115.7833,128.292459,37.755309,2896.0937760000006,77.992,-0.178,187.739,1.0
115.8,128.292459,37.755265,2895.7152144,77.789,-0.149,188.0,1.0
115.8166,128.292458,37.755222,2895.3393960000003,77.588,-0.119,188.26,1.0
115.8333,128.292458,37.755178,2894.9666256000005,77.299,-0.078,188.518,1.0
115.85,128.292457,37.755135,2894.5972079999997,76.923,-0.027,188.772,1.0
115.8666,128.292455,37.755091,2894.2317528000003,76.469,0.029,189.025,1.0
115.8833,128.292454,37.755048,2893.8711744,75.946,0.087,189.277,1.0
115.9,128.292452,37.755004,2893.5145584,75.365,0.145,189.529,1.0
115.9166,128.29245,37.754961,2893.1622096,74.739,0.202,189.781,1.0
115.9333,128.292448,37.754917,2892.8144328000003,74.122,0.256,190.034,1.0
115.95,128.292445,37.754874,2892.4706184,73.521,0.308,190.289,1.0
115.9666,128.292442,37.754831,2892.1307664,72.94,0.361,190.543,1.0
115.9833,128.292439,37.754787,2891.7951816,72.378,0.419,190.797,1.0
116.0,128.292436,37.754744,2891.4644736000005,71.834,0.481,191.05,1.0
116.0166,128.292433,37.7547,2891.1383376,71.301,0.549,191.301,1.0
116.0333,128.292429,37.754657,2890.8167736000005,70.829,0.616,191.552,1.0
116.05,128.292425,37.754614,2890.4994768,70.412,0.682,191.803,1.0
116.0666,128.292421,37.75457,2890.1864472,70.042,0.748,192.053,1.0
116.0833,128.292417,37.754527,2889.8785992,69.711,0.819,192.3,1.0
116.1,128.292412,37.754484,2889.5756280000005,69.412,0.893,192.546,1.0
116.1166,128.292407,37.754441,2889.2781432,69.135,0.971,192.789,1.0
116.1333,128.292402,37.754397,2888.9849256,68.906,1.049,193.031,1.0
116.15,128.292397,37.754354,2888.6965848000004,68.718,1.126,193.272,1.0
116.1666,128.292391,37.754311,2888.4134256,68.563,1.203,193.512,1.0
116.1833,128.292386,37.754268,2888.1357528000003,68.436,1.282,193.751,1.0
116.2,128.29238,37.754224,2887.8635664000003,68.33,1.363,193.988,1.0
116.2166,128.292374,37.754181,2887.5968664,68.241,1.445,194.224,1.0
116.2333,128.292368,37.754138,2887.3350432,68.175,1.528,194.458,1.0
116.25,128.292361,37.754095,2887.0790112,68.129,1.609,194.692,1.0
116.2666,128.292354,37.754052,2886.8284656,68.099,1.691,194.925,1.0
116.2833,128.292347,37.754009,2886.5837112,68.081,1.774,195.158,1.0
116.3,128.29234,37.753966,2886.3444432,68.074,1.856,195.39,1.0
116.3166,128.292333,37.753922,2886.1109664,68.074,1.939,195.622,1.0
116.3333,128.292325,37.753879,2885.8829760000003,68.085,2.022,195.853,1.0
116.35,128.292317,37.753836,2885.6607768,68.106,2.104,196.085,1.0
116.3666,128.292309,37.753794,2885.4443688,68.135,2.185,196.316,1.0
116.3833,128.292301,37.753751,2885.2334472000002,68.171,2.267,196.547,1.0
116.4,128.292292,37.753708,2885.0283168000005,68.211,2.348,196.778,1.0
116.4166,128.292283,37.753665,2884.8292824000005,68.256,2.429,197.01,1.0
116.4333,128.292275,37.753622,2884.6354296,68.307,2.51,197.241,1.0
116.45,128.292265,37.753579,2884.4476728,68.363,2.59,197.473,1.0
116.4666,128.292256,37.753536,2884.2654024000003,68.424,2.669,197.704,1.0
116.4833,128.292246,37.753494,2884.0889232000004,68.489,2.748,197.936,1.0
116.5,128.292237,37.753451,2883.9182352000003,68.557,2.827,198.168,1.0
116.5166,128.292226,37.753408,2883.7533384000003,68.628,2.905,198.401,1.0
116.5333,128.292216,37.753365,2883.5942328000006,68.702,2.983,198.633,1.0
116.55,128.292206,37.753323,2883.4406136000002,68.779,3.061,198.866,1.0
116.5666,128.292195,37.75328,2883.2924808,68.858,3.137,199.099,1.0
116.5833,128.292184,37.753238,2883.1504440000003,68.939,3.214,199.333,1.0
116.6,128.292173,37.753195,2883.0138936000003,69.023,3.289,199.567,1.0
116.6166,128.292161,37.753153,2882.8828296,69.108,3.365,199.801,1.0
116.6333,128.29215,37.75311,2882.7575568,69.194,3.439,200.035,1.0
116.65,128.292138,37.753068,2882.6377704,69.283,3.513,200.27,1.0
116.6666,128.292126,37.753026,2882.5237752000003,69.373,3.586,200.505,1.0
116.6833,128.292114,37.752983,2882.4152664000003,69.466,3.659,200.741,1.0
116.7,128.292101,37.752941,2882.312244,69.559,3.731,200.977,1.0
116.7166,128.292089,37.752899,2882.214708,69.654,3.803,201.213,1.0
116.7333,128.292076,37.752857,2882.1223535999998,69.758,3.872,201.45,1.0
116.75,128.292062,37.752815,2882.0357904,69.869,3.94,201.688,1.0
116.7666,128.292049,37.752773,2881.954104,69.988,4.006,201.927,1.0
116.7833,128.292036,37.752731,2881.877904,70.114,4.072,202.166,1.0
116.8,128.292022,37.752689,2881.8071904,70.247,4.137,202.405,1.0
116.8166,128.292008,37.752647,2881.7413536,70.385,4.202,202.644,1.0
116.8333,128.291994,37.752605,2881.6806984000004,70.55,4.263,202.885,1.0
116.85,128.291979,37.752563,2881.6243104,70.742,4.319,203.127,1.0
116.8666,128.291965,37.752521,2881.573104,70.957,4.372,203.371,1.0
116.8833,128.29195,37.752479,2881.5264696,71.195,4.425,203.614,1.0
116.9,128.291935,37.752438,2881.4847120000004,71.451,4.477,203.858,1.0
116.9166,128.29192,37.752396,2881.4475264,71.721,4.528,204.101,1.0
116.9333,128.291904,37.752354,2881.4155224,71.997,4.581,204.343,1.0
116.95,128.291888,37.752313,2881.3880904000002,72.273,4.633,204.585,1.0
116.9666,128.291872,37.752271,2881.3655352000005,72.549,4.685,204.827,1.0
116.9833,128.291856,37.75223,2881.347552,72.823,4.736,205.07,1.0
117.0,128.29184,37.752189,2881.3341408,73.095,4.784,205.313,1.0
117.0166,128.291823,37.752147,2881.3249968,73.365,4.831,205.557,1.0
117.0333,128.291807,37.752106,2881.3204248,73.636,4.873,205.803,1.0
117.05,128.29179,37.752065,2881.3204248,73.907,4.912,206.05,1.0
117.0666,128.291772,37.752024,2881.3240824000004,74.181,4.948,206.298,1.0
117.0833,128.291755,37.751983,2881.3320072,74.459,4.982,206.547,1.0
117.1,128.291737,37.751941,2881.3438944,74.742,5.014,206.797,1.0
117.1166,128.29172,37.751901,2881.3597440000003,75.03,5.045,207.048,1.0
117.1333,128.291702,37.75186,2881.379556,75.3,5.08,207.297,1.0
117.15,128.291683,37.751819,2881.4036352000003,75.552,5.119,207.546,1.0
117.1666,128.291665,37.751778,2881.4316768,75.785,5.159,207.795,1.0
117.1833,128.291646,37.751737,2881.4633760000006,76.0,5.198,208.044,1.0
117.2,128.291627,37.751697,2881.4990376,76.198,5.234,208.294,1.0
117.2166,128.291608,37.751656,2881.5383568,76.384,5.268,208.545,1.0
117.2333,128.291588,37.751616,2881.5813336,76.557,5.302,208.798,1.0
117.25,128.291569,37.751575,2881.6279680000002,76.722,5.334,209.051,1.0
117.2666,128.291549,37.751535,2881.6779552000003,76.88,5.365,209.305,1.0
117.2833,128.291529,37.751495,2881.7312952,77.033,5.396,209.56,1.0
117.3,128.291508,37.751455,2881.787988,77.183,5.425,209.816,1.0
117.3166,128.291488,37.751415,2881.8480336000002,77.331,5.454,210.072,1.0
117.3333,128.291467,37.751375,2881.9114320000003,77.474,5.482,210.329,1.0
117.35,128.291446,37.751335,2881.9778784000005,77.613,5.509,210.586,1.0
117.3666,128.291425,37.751295,2882.0476776,77.75,5.536,210.843,1.0
117.3833,128.291403,37.751255,2882.1205248,77.884,5.561,211.101,1.0
117.4,128.291382,37.751215,2882.19642,78.016,5.586,211.359,1.0
117.4166,128.29136,37.751176,2882.2753632,78.147,5.611,211.617,1.0
117.4333,128.291338,37.751136,2882.3573544,78.274,5.634,211.876,1.0
117.45,128.291316,37.751097,2882.4420888,78.397,5.658,212.135,1.0
117.4666,128.291293,37.751057,2882.5298712000003,78.518,5.681,212.394,1.0
117.4833,128.29127,37.751018,2882.6203968,78.636,5.703,212.653,1.0
117.5,128.291248,37.750979,2882.7139704,78.753,5.724,212.912,1.0
117.5166,128.291224,37.750939,2882.8099824,78.869,5.745,213.172,1.0
117.5333,128.291201,37.7509,2882.9090424,78.98,5.765,213.432,1.0
117.55,128.291177,37.750861,2883.0108456000003,79.088,5.785,213.692,1.0
117.5666,128.291154,37.750823,2883.1150872000003,79.194,5.804,213.952,1.0
117.5833,128.29113,37.750784,2883.222072,79.297,5.823,214.213,1.0
117.6,128.291105,37.750745,2883.3318,79.398,5.842,214.473,1.0
117.6166,128.291081,37.750706,2883.4439664,79.497,5.859,214.734,1.0
117.6333,128.291056,37.750668,2883.5585712,79.594,5.877,214.995,1.0
117.65,128.291032,37.75063,2883.6759192000004,79.688,5.894,215.256,1.0
117.6666,128.291006,37.750591,2883.7954008,79.78,5.91,215.517,1.0
117.6833,128.290981,37.750553,2883.9176256,79.869,5.926,215.779,1.0
117.7,128.290956,37.750515,2884.041984,79.958,5.942,216.04,1.0
117.7166,128.29093,37.750477,2884.1687807999997,80.046,5.957,216.302,1.0
117.7333,128.290904,37.750439,2884.298016,80.131,5.972,216.564,1.0
117.75,128.290878,37.750401,2884.4293848,80.214,5.986,216.826,1.0
117.7666,128.290852,37.750363,2884.5631920000005,80.295,6.0,217.088,1.0
117.7833,128.290825,37.750325,2884.6991328000004,80.374,6.014,217.35,1.0
117.8,128.290798,37.750288,2884.8375120000005,80.453,6.027,217.612,1.0
117.8166,128.290771,37.75025,2884.97772,80.531,6.04,217.875,1.0
117.8333,128.290744,37.750213,2885.1203664000004,80.605,6.053,218.137,1.0
117.85,128.290717,37.750176,2885.2651464000005,80.678,6.065,218.399,1.0
117.8666,128.290689,37.750138,2885.4117552000002,80.748,6.078,218.662,1.0
117.8833,128.290662,37.750101,2885.5608024000003,80.816,6.09,218.924,1.0
117.9,128.290634,37.750064,2885.7116784000004,80.882,6.102,219.187,1.0
117.9166,128.290605,37.750028,2885.8643832,80.948,6.113,219.45,1.0
117.9333,128.290577,37.749991,2886.0195264,81.01,6.124,219.713,1.0
117.95,128.290548,37.749954,2886.1764984,81.071,6.135,219.975,1.0
117.9666,128.29052,37.749918,2886.3352992,81.13,6.146,220.238,1.0
117.9833,128.290491,37.749881,2886.4959288,81.188,6.157,220.501,1.0
118.0,128.290461,37.749845,2886.6586920000004,81.244,6.167,220.764,1.0
118.0166,128.290432,37.749809,2886.823284,81.299,6.177,221.028,1.0
118.0333,128.290402,37.749772,2886.9900096,81.353,6.187,221.291,1.0
118.05,128.290373,37.749736,2887.1582592,81.405,6.197,221.554,1.0
118.0666,128.290343,37.7497,2887.3283376,81.456,6.207,221.817,1.0
118.0833,128.290312,37.749665,2887.5002448,81.507,6.216,222.08,1.0
118.1,128.290282,37.749629,2887.6739807999998,81.556,6.225,222.344,1.0
118.1166,128.290251,37.749593,2887.8495456,81.605,6.234,222.607,1.0
118.1333,128.290221,37.749558,2888.0266344,81.653,6.243,222.87,1.0
118.15,128.29019,37.749523,2888.205552,81.699,6.253,223.133,1.0
118.1666,128.290158,37.749487,2888.3862984,81.744,6.261,223.397,1.0
118.1833,128.290127,37.749452,2888.5685688000003,81.789,6.27,223.66,1.0
118.2,128.290095,37.749417,2888.752668,81.832,6.279,223.923,1.0
118.2166,128.290064,37.749382,2888.9382912,81.874,6.288,224.187,1.0
118.2333,128.290032,37.749348,2889.1257432,81.915,6.296,224.45,1.0
118.25,128.289999,37.749313,2889.3144144000003,81.954,6.305,224.713,1.0
118.2666,128.289967,37.749278,2889.5049144000004,81.992,6.313,224.977,1.0
118.2833,128.289935,37.749244,2889.6972432000002,82.028,6.322,225.24,1.0
118.3,128.289902,37.74921,2889.8907912000004,82.063,6.33,225.503,1.0
118.3166,128.289869,37.749176,2890.0861680000003,82.098,6.339,225.767,1.0
118.3333,128.289836,37.749141,2890.2830688000004,82.129,6.347,226.03,1.0
118.35,128.289802,37.749108,2890.4811888000004,82.158,6.356,226.294,1.0
118.3666,128.289769,37.749074,2890.6811376,82.185,6.365,226.557,1.0
118.3833,128.289735,37.74904,2890.8826104,82.21,6.373,226.82,1.0
118.4,128.289701,37.749007,2891.0856072,82.234,6.382,227.084,1.0
118.4166,128.289667,37.748973,2891.2901280000005,82.256,6.39,227.347,1.0
118.4333,128.289633,37.74894,2891.495868,82.275,6.399,227.611,1.0
118.45,128.289599,37.748907,2891.7034368000004,82.293,6.408,227.874,1.0
118.4666,128.289564,37.748874,2891.9122248,82.309,6.417,228.138,1.0
118.4833,128.289529,37.748841,2892.1225368,82.323,6.426,228.401,1.0
118.5,128.289494,37.748808,2892.334068,82.336,6.435,228.665,1.0
118.5166,128.289459,37.748775,2892.5474280000003,82.348,6.444,228.928,1.0
118.5333,128.289424,37.748743,2892.7620072000004,82.36,6.453,229.192,1.0
118.55,128.289388,37.74871,2892.9781104,82.37,6.462,229.455,1.0
118.5666,128.289353,37.748678,2893.1957376,82.381,6.471,229.718,1.0
118.5833,128.289317,37.748646,2893.414584,82.39,6.48,229.982,1.0
118.6,128.289281,37.748614,2893.6349544,82.4,6.49,230.245,1.0
118.6166,128.289244,37.748582,2893.856544,82.409,6.499,230.509,1.0
118.6333,128.289208,37.74855,2894.0796576000002,82.418,6.508,230.772,1.0
118.65,128.289171,37.748519,2894.3042952,82.427,6.518,231.036,1.0
118.6666,128.289135,37.748487,2894.5301520000003,82.436,6.527,231.299,1.0
118.6833,128.289098,37.748456,2894.7572280000004,82.446,6.537,231.562,1.0
118.7,128.289061,37.748425,2894.9858280000003,82.455,6.547,231.825,1.0
118.7166,128.289023,37.748394,2895.215952,82.464,6.556,232.089,1.0
118.7333,128.288986,37.748363,2895.4472952,82.473,6.566,232.352,1.0
118.75,128.288948,37.748332,2895.6798576000006,82.483,6.576,232.615,1.0
118.7666,128.28891,37.748301,2895.9139440000004,82.494,6.586,232.878,1.0
118.7833,128.288872,37.748271,2896.1495544,82.505,6.596,233.141,1.0
118.8,128.288834,37.74824,2896.3860792,82.515,6.607,233.404,1.0
118.8166,128.288796,37.74821,2896.6244328000002,82.526,6.617,233.667,1.0
118.8333,128.288757,37.74818,2896.8637008000005,82.538,6.627,233.93,1.0
118.85,128.288719,37.74815,2897.1044928,82.55,6.637,234.193,1.0
118.8666,128.28868,37.74812,2897.346504,82.564,6.648,234.456,1.0
118.8833,128.288641,37.74809,2897.5897344,82.578,6.658,234.719,1.0
118.9,128.288602,37.748061,2897.8344888,82.592,6.669,234.982,1.0
118.9166,128.288563,37.748032,2898.0804624,82.607,6.679,235.245,1.0
118.9333,128.288523,37.748002,2898.3276552,82.621,6.69,235.507,1.0
118.95,128.288484,37.747973,2898.576372,82.636,6.701,235.77,1.0
118.9666,128.288444,37.747944,2898.8260032000003,82.651,6.711,236.033,1.0
118.9833,128.288404,37.747915,2899.0771584,82.666,6.722,236.296,1.0
119.0,128.288364,37.747887,2899.3295328000004,82.68,6.733,236.558,1.0
119.0166,128.288324,37.747858,2899.5834312,82.694,6.744,236.821,1.0
119.0333,128.288283,37.74783,2899.8382440000005,82.709,6.755,237.084,1.0
119.05,128.288243,37.747802,2900.0942760000003,82.723,6.766,237.347,1.0
119.0666,128.288202,37.747774,2900.3518320000003,82.737,6.777,237.609,1.0
119.0833,128.288161,37.747746,2900.6106072000002,82.752,6.788,237.872,1.0
119.1,128.28812,37.747718,2900.8706016,82.766,6.8,238.135,1.0
119.1166,128.288079,37.74769,2901.1315104,82.78,6.811,238.398,1.0
119.1333,128.288037,37.747663,2901.3939432,82.793,6.822,238.66,1.0
119.15,128.287996,37.747635,2901.6575952000003,82.806,6.833,238.923,1.0
119.1666,128.287954,37.747608,2901.9224664000003,82.819,6.844,239.186,1.0
119.1833,128.287913,37.747581,2902.1885568000002,82.831,6.856,239.449,1.0
119.2,128.287871,37.747554,2902.4558664,82.843,6.867,239.712,1.0
119.2166,128.287829,37.747528,2902.7243952,82.855,6.878,239.974,1.0
119.2333,128.287786,37.747501,2902.9941432,82.866,6.89,240.237,1.0
119.25,128.287744,37.747475,2903.2651103999997,82.875,6.901,240.5,1.0
119.2666,128.287701,37.747448,2903.5372967999997,82.884,6.913,240.763,1.0
119.2833,128.287659,37.747422,2903.8103976,82.892,6.924,241.026,1.0
119.3,128.287616,37.747396,2904.0850224,82.899,6.936,241.289,1.0
119.3166,128.287573,37.747371,2904.3608664000003,82.906,6.947,241.552,1.0
119.3333,128.28753,37.747345,2904.6376248,82.911,6.959,241.815,1.0
119.35,128.287487,37.74732,2904.9159072,82.914,6.971,242.078,1.0
119.3666,128.287443,37.747294,2905.195104,82.917,6.983,242.341,1.0
119.3833,128.2874,37.747269,2905.47552,82.918,6.995,242.604,1.0
119.4,128.287356,37.747244,2905.7574600000003,82.918,7.007,242.867,1.0
119.4166,128.287312,37.747219,2906.0403144,82.918,7.019,243.13,1.0
119.4333,128.287268,37.747195,2906.324388,82.915,7.031,243.393,1.0
119.45,128.287224,37.74717,2906.6096807999998,82.911,7.043,243.656,1.0
119.4666,128.28718,37.747146,2906.8961928,82.905,7.056,243.919,1.0
119.4833,128.287136,37.747122,2907.1836192000005,82.898,7.068,244.182,1.0
119.5,128.287091,37.747098,2907.4725696,82.89,7.081,244.445,1.0
119.5166,128.287047,37.747074,2907.7627392000004,82.88,7.094,244.709,1.0
119.5333,128.287002,37.74705,2908.054128,82.869,7.107,244.972,1.0
119.55,128.286957,37.747027,2908.3464312,82.854,7.12,245.235,1.0
119.5666,128.286912,37.747003,2908.6402583999998,82.838,7.134,245.498,1.0
119.5833,128.286867,37.74698,2908.9353048000003,82.819,7.147,245.762,1.0
119.6,128.286822,37.746957,2909.2315704000002,82.799,7.161,246.025,1.0
119.6166,128.286777,37.746934,2909.5287504000003,82.778,7.175,246.288,1.0
119.6333,128.286731,37.746911,2909.8274544,82.753,7.189,246.552,1.0
119.65,128.286686,37.746889,2910.1276824,82.725,7.204,246.815,1.0
119.6666,128.28664,37.746867,2910.4288248000003,82.694,7.219,247.078,1.0
119.6833,128.286594,37.746844,2910.7311864000003,82.661,7.235,247.341,1.0
119.7,128.286548,37.746822,2911.035072,82.625,7.25,247.605,1.0
119.7166,128.286502,37.7468,2911.3401768,82.588,7.266,247.868,1.0
119.7333,128.286456,37.746779,2911.6468056000003,82.545,7.282,248.132,1.0
119.75,128.286409,37.746757,2911.9546536,82.497,7.299,248.395,1.0
119.7666,128.286363,37.746736,2912.2637208,82.445,7.317,248.658,1.0
119.7833,128.286316,37.746715,2912.574312,82.389,7.335,248.922,1.0
119.8,128.28627,37.746694,2912.8864272,82.33,7.353,249.185,1.0
119.8166,128.286223,37.746673,2913.1997616000003,82.268,7.372,249.448,1.0
119.8333,128.286176,37.746652,2913.51462,82.199,7.391,249.712,1.0
119.85,128.286129,37.746632,2913.8310024,82.123,7.411,249.975,1.0
119.8666,128.286082,37.746612,2914.1489088000003,82.042,7.432,250.238,1.0
119.8833,128.286035,37.746591,2914.4683392,81.956,7.454,250.502,1.0
119.9,128.285987,37.746571,2914.7892936000003,81.866,7.476,250.765,1.0
119.9166,128.28594,37.746552,2915.1117719999997,81.772,7.498,251.028,1.0
119.9333,128.285892,37.746532,2915.4360792,81.669,7.521,251.292,1.0
119.95,128.285844,37.746513,2915.7622152,81.558,7.546,251.555,1.0
119.9666,128.285797,37.746493,2916.0898752000003,81.44,7.572,251.818,1.0
119.9833,128.285749,37.746474,2916.4190592,81.314,7.599,252.081,1.0
120.0,128.285701,37.746456,2916.7503768,81.184,7.626,252.344,1.0
120.0166,128.285653,37.746437,2917.0835232000004,81.049,7.653,252.607,1.0
120.0333,128.285605,37.746418,2917.4188032,80.895,7.683,252.87,1.0
120.05,128.285556,37.7464,2917.755912,80.724,7.716,253.133,1.0
120.0666,128.285508,37.746382,2918.0954592000003,80.537,7.75,253.395,1.0
120.0833,128.285459,37.746364,2918.4368352000006,80.337,7.785,253.658,1.0
120.1,128.285411,37.746346,2918.7806496,80.125,7.821,253.92,1.0
120.1166,128.285362,37.746329,2919.1265976,79.903,7.857,254.183,1.0
120.1333,128.285313,37.746311,2919.4752888000003,79.64,7.898,254.445,1.0
120.15,128.285264,37.746294,2919.8267232000003,79.336,7.944,254.706,1.0
120.1666,128.285215,37.746277,2920.1809008000005,78.998,7.993,254.967,1.0
120.1833,128.285166,37.74626,2920.5381264,78.629,8.043,255.228,1.0
120.2,128.285117,37.746244,2920.8984,78.235,8.094,255.489,1.0
120.2166,128.285068,37.746227,2921.2617216,77.82,8.146,255.75,1.0
120.2333,128.285019,37.746211,2921.6277864000003,77.416,8.192,255.994,1.0
120.25,128.284969,37.746195,2921.9965944,77.021,8.229,256.202,1.0
120.2666,128.28492,37.746179,2922.3681456000004,76.636,8.255,256.36,1.0
120.2833,128.28487,37.746163,2922.7427448,76.26,8.274,256.481,1.0
120.3,128.284821,37.746147,2923.1200872000004,75.895,8.292,256.585,1.0
120.3166,128.284771,37.746132,2923.5007824000004,75.539,8.312,256.684,1.0
120.3333,128.284721,37.746117,2923.8842208,75.088,8.338,256.758,1.0
120.35,128.284671,37.746102,2924.2716216,74.54,8.366,256.788,1.0
120.3666,128.284621,37.746087,2924.6626800000004,73.889,8.386,256.765,1.0
120.3833,128.284571,37.746072,2925.0583103999998,73.136,8.398,256.706,1.0
120.4,128.284521,37.746057,2925.4588176,72.284,8.406,256.631,1.0
120.4166,128.284471,37.746043,2925.8642016,71.338,8.413,256.556,1.0
120.4333,128.284421,37.746029,2926.2747672,70.56,8.387,256.47,1.0
120.45,128.284371,37.746015,2926.6896,69.941,8.328,256.367,1.0
120.4666,128.28432,37.746001,2927.1074808,69.496,8.249,256.253,1.0
120.4833,128.28427,37.745987,2927.5281048,69.235,8.165,256.135,1.0
120.5,128.28422,37.745973,2927.9511672,69.15,8.083,256.018,1.0
120.5166,128.284169,37.74596,2928.3763632,69.212,8.009,255.905,1.0
120.5333,128.284119,37.745946,2928.8030832,69.401,7.944,255.795,1.0
120.55,128.284068,37.745933,2929.2310224000003,69.687,7.886,255.689,1.0
120.5666,128.284017,37.745919,2929.6595712000003,70.045,7.834,255.588,1.0
120.5833,128.283967,37.745906,2930.0887296,70.454,7.789,255.489,1.0
120.6,128.283916,37.745893,2930.5184976,70.899,7.747,255.394,1.0
120.6166,128.283865,37.745879,2930.94918,71.37,7.708,255.303,1.0
120.6333,128.283814,37.745866,2931.3798624000005,71.876,7.671,255.214,1.0
120.65,128.283764,37.745853,2931.8108496,72.412,7.634,255.129,1.0
120.6666,128.283713,37.74584,2932.2421416,72.973,7.597,255.047,1.0
120.6833,128.283662,37.745827,2932.6731288,73.555,7.562,254.968,1.0
120.7,128.283611,37.745814,2933.1044208000003,74.154,7.529,254.89,1.0
120.7166,128.28356,37.745801,2933.5357128,74.768,7.498,254.815,1.0
120.7333,128.283509,37.745788,2933.9663952,75.233,7.484,254.738,1.0
120.75,128.283458,37.745776,2934.3973824000004,75.558,7.485,254.66,1.0
120.7666,128.283406,37.745763,2934.8289792,75.739,7.495,254.582,1.0
120.7833,128.283355,37.74575,2935.2614904,75.773,7.507,254.506,1.0
120.8,128.283304,37.745738,2935.6949160000004,75.666,7.517,254.433,1.0
120.8166,128.283253,37.745725,2936.1289512,75.425,7.525,254.364,1.0
120.8333,128.283201,37.745713,2936.5645104,75.06,7.53,254.297,1.0
120.85,128.28315,37.745701,2937.0009840000002,74.581,7.535,254.233,1.0
120.8666,128.283099,37.745689,2937.4392864,73.995,7.539,254.172,1.0
120.8833,128.283047,37.745677,2937.878808,73.317,7.542,254.113,1.0
120.9,128.282996,37.745665,2938.3195488000006,72.568,7.543,254.058,1.0
120.9166,128.282944,37.745653,2938.761204,71.767,7.539,254.005,1.0
120.9333,128.282893,37.745641,2939.2037736,70.958,7.53,253.956,1.0
120.95,128.282841,37.745629,2939.6469528000002,70.152,7.515,253.912,1.0
120.9666,128.28279,37.745617,2940.0904368,69.357,7.497,253.87,1.0
120.9833,128.282738,37.745606,2940.5345304,68.574,7.478,253.832,1.0
121.0,128.282687,37.745594,2940.9789288,67.806,7.46,253.795,1.0
121.0166,128.282635,37.745582,2941.4242416,67.049,7.444,253.76,1.0
121.0333,128.282583,37.745571,2941.8707736000006,66.283,7.43,253.727,1.0
121.05,128.282532,37.745559,2942.3185248,65.506,7.418,253.693,1.0
121.0666,128.28248,37.745548,2942.7671904,64.718,7.407,253.661,1.0
121.0833,128.282428,37.745537,2943.2167704000003,63.921,7.396,253.63,1.0
121.1,128.282376,37.745525,2943.6678744,63.116,7.384,253.601,1.0
121.1166,128.282324,37.745514,2944.1198928,62.306,7.371,253.574,1.0
121.1333,128.282273,37.745503,2944.5740448,61.466,7.359,253.546,1.0
121.15,128.282221,37.745492,2945.0300256000005,60.599,7.35,253.52,1.0
121.1666,128.282169,37.745481,2945.4872256000003,59.708,7.342,253.494,1.0
121.1833,128.282117,37.74547,2945.9465592,58.799,7.332,253.469,1.0
121.2,128.282065,37.745459,2946.4071120000003,57.875,7.321,253.446,1.0
121.2166,128.282013,37.745448,2946.8691888000003,56.941,7.308,253.424,1.0
121.2333,128.281961,37.745437,2947.3343136000003,55.969,7.297,253.402,1.0
121.25,128.281909,37.745426,2947.8018768,54.962,7.289,253.381,1.0
121.2666,128.281857,37.745415,2948.2712688,53.926,7.281,253.359,1.0
121.2833,128.281805,37.745404,2948.7430992,52.868,7.271,253.339,1.0
121.3,128.281753,37.745393,2949.2167584,51.792,7.26,253.321,1.0
121.3166,128.281701,37.745383,2949.692856,50.704,7.248,253.304,1.0
121.3333,128.281649,37.745372,2950.1723064000003,49.568,7.237,253.287,1.0
121.35,128.281597,37.745362,2950.6554144,48.388,7.229,253.268,1.0
121.3666,128.281545,37.745351,2951.1415704,47.169,7.222,253.25,1.0
121.3833,128.281493,37.745341,2951.6307744,45.919,7.214,253.233,1.0
121.4,128.281441,37.74533,2952.1230264,44.646,7.203,253.218,1.0
121.4166,128.281389,37.74532,2952.6180216,43.356,7.191,253.205,1.0
121.4333,128.281337,37.745309,2953.1178936,42.03,7.179,253.192,1.0
121.45,128.281284,37.745299,2953.6214232,40.672,7.168,253.179,1.0
121.4666,128.281232,37.745289,2954.1286104,39.285,7.157,253.166,1.0
121.4833,128.28118,37.745278,2954.6403695999998,37.868,7.146,253.153,1.0
121.5,128.281128,37.745268,2955.1560912000004,36.424,7.134,253.142,1.0
121.5166,128.281076,37.745258,2955.67608,34.955,7.121,253.131,1.0
121.5333,128.281024,37.745248,2956.200336,33.463,7.108,253.122,1.0
121.55,128.280971,37.745238,2956.7288592,31.95,7.094,253.113,1.0
121.5666,128.280919,37.745228,2957.2622592000002,30.419,7.08,253.106,1.0
121.5833,128.280867,37.745218,2957.8002312,28.872,7.065,253.099,1.0
121.6,128.280815,37.745208,2958.3424704,27.309,7.05,253.093,1.0
121.6166,128.280763,37.745198,2958.8898912000004,25.734,7.034,253.089,1.0
121.6333,128.280711,37.745188,2959.4418840000003,24.146,7.018,253.085,1.0
121.65,128.280659,37.745178,2959.9987536,22.548,7.002,253.081,1.0
121.6666,128.280606,37.745168,2960.5608048000004,20.942,6.985,253.079,1.0
121.6833,128.280554,37.745158,2961.1277328000006,19.327,6.968,253.078,1.0
121.7,128.280502,37.745148,2961.6998424,17.705,6.951,253.077,1.0
121.7166,128.28045,37.745138,2962.2768287999997,16.078,6.933,253.077,1.0
121.7333,128.280398,37.745128,2962.8593016,14.445,6.915,253.078,1.0
121.75,128.280346,37.745118,2963.446956,12.808,6.897,253.08,1.0
121.7666,128.280293,37.745108,2964.0397920000005,11.168,6.878,253.083,1.0
121.7833,128.280241,37.745098,2964.6378096000003,9.525,6.86,253.086,1.0
121.8,128.280189,37.745088,2965.2413136,7.879,6.841,253.09,1.0
121.8166,128.280137,37.745079,2965.850304,6.232,6.822,253.095,1.0
121.8333,128.280085,37.745069,2966.4644760000006,4.584,6.803,253.1,1.0
121.85,128.280033,37.745059,2967.0841344,2.934,6.784,253.107,1.0
121.8666,128.279981,37.745049,2967.7092792,1.284,6.765,253.114,1.0
121.8833,128.279929,37.745039,2968.3399104,-0.365,6.746,253.121,1.0
121.9,128.279877,37.745029,2968.9757232,-2.016,6.727,253.13,1.0
121.9166,128.279825,37.745019,2969.6167176,-3.666,6.708,253.139,1.0
121.9333,128.279773,37.745009,2970.2631984000004,-5.317,6.689,253.148,1.0
121.95,128.279721,37.744999,2970.9151656,-6.967,6.67,253.158,1.0
121.9666,128.279669,37.744989,2971.5723144000003,-8.617,6.652,253.169,1.0
121.9833,128.279617,37.74498,2972.2346448,-10.266,6.633,253.18,1.0
122.0,128.279565,37.74497,2972.901852,-11.915,6.615,253.192,1.0
122.0166,128.279513,37.74496,2973.5745456,-13.564,6.597,253.204,1.0
122.0333,128.279461,37.744949,2974.2524208000004,-15.213,6.59,253.215,1.0
122.05,128.279409,37.744939,2974.9354776,-16.863,6.593,253.222,1.0
122.0666,128.279357,37.744929,2975.6234112,-18.512,6.603,253.228,1.0
122.0833,128.279305,37.744919,2976.3165264,-20.162,6.615,253.233,1.0
122.1,128.279253,37.744909,2977.0145184000003,-21.812,6.628,253.237,1.0
122.1166,128.279201,37.744899,2977.7173872000003,-23.461,6.642,253.241,1.0
122.1333,128.27915,37.744889,2978.4257423999998,-25.111,6.671,253.237,1.0
122.15,128.279098,37.744878,2979.139584,-26.763,6.733,253.217,1.0
122.1666,128.279046,37.744868,2979.8586072000003,-28.417,6.818,253.183,1.0
122.1833,128.278994,37.744858,2980.582812,-30.073,6.917,253.139,1.0
122.2,128.278943,37.744847,2981.3125032000003,-31.729,7.019,253.091,1.0
122.2166,128.278891,37.744837,2982.0470712,-33.385,7.121,253.039,1.0
122.2333,128.278839,37.744826,2982.7877352000005,-35.041,7.237,252.974,1.0
122.25,128.278788,37.744816,2983.5341904,-36.7,7.372,252.889,1.0
122.2666,128.278736,37.744805,2984.286132,-38.36,7.521,252.789,1.0
122.2833,128.278684,37.744794,2985.0438648,-40.022,7.675,252.678,1.0
122.3,128.278633,37.744783,2985.807084,-41.687,7.826,252.562,1.0
122.3166,128.278581,37.744772,2986.5757896000005,-43.354,7.973,252.442,1.0
122.3333,128.27853,37.744762,2987.3508960000004,-45.028,8.127,252.306,1.0
122.35,128.278479,37.744751,2988.1314888,-46.709,8.292,252.149,1.0
122.3666,128.278427,37.744739,2988.9178728,-48.4,8.462,251.975,1.0
122.3833,128.278376,37.744728,2989.7097432,-50.101,8.63,251.793,1.0
122.4,128.278325,37.744717,2990.5071000000003,-51.812,8.791,251.606,1.0
122.4166,128.278273,37.744706,2991.3096384,-53.533,8.944,251.416,1.0
122.4333,128.278222,37.744694,2992.1167488000006,-55.241,9.1,251.212,1.0
122.45,128.278171,37.744682,2992.9278216,-56.937,9.266,250.982,1.0
122.4666,128.27812,37.744671,2993.7437712000005,-58.623,9.436,250.731,1.0
122.4833,128.278069,37.744659,2994.5642928,-60.303,9.601,250.468,1.0
122.5,128.278018,37.744647,2995.3887768,-61.978,9.757,250.199,1.0
122.5166,128.277967,37.744635,2996.217528,-63.651,9.901,249.929,1.0
122.5333,128.277916,37.744623,2997.0490224,-65.229,10.05,249.646,1.0
122.55,128.277865,37.744611,2997.8835648,-66.721,10.209,249.335,1.0
122.5666,128.277814,37.744598,2998.7208504000005,-68.139,10.369,249.003,1.0
122.5833,128.277764,37.744586,2999.5605744,-69.497,10.52,248.658,1.0
122.6,128.277713,37.744573,3000.4027368,-70.808,10.658,248.307,1.0
122.6166,128.277662,37.744561,3001.2476424,-72.088,10.779,247.957,1.0
122.6333,128.277612,37.744548,3002.094072,-73.297,10.896,247.593,1.0
122.65,128.277561,37.744535,3002.9417208000004,-74.451,11.009,247.217,1.0
122.6666,128.277511,37.744522,3003.7911984,-75.56,11.114,246.835,1.0
122.6833,128.27746,37.744509,3004.6422000000002,-76.636,11.208,246.453,1.0
122.7,128.27741,37.744495,3005.4950304000004,-77.687,11.289,246.074,1.0
122.7166,128.277359,37.744482,3006.3487752,-78.724,11.357,245.701,1.0
122.7333,128.277309,37.744468,3007.2031296,-79.711,11.42,245.319,1.0
122.75,128.277259,37.744454,3008.0577888000003,-80.656,11.48,244.929,1.0
122.7666,128.277209,37.744441,3008.9133624000006,-81.567,11.533,244.536,1.0
122.7833,128.277159,37.744427,3009.7692408000003,-82.451,11.577,244.145,1.0
122.8,128.277109,37.744412,3010.6251192000004,-83.314,11.61,243.758,1.0
122.8166,128.277059,37.744398,3011.4813024,-84.162,11.634,243.379,1.0
122.8333,128.277009,37.744384,3012.3368760000003,-84.967,11.652,243.005,1.0
122.85,128.276959,37.744369,3013.19184,-85.734,11.665,242.636,1.0
122.8666,128.276909,37.744354,3014.0461944,-86.47,11.672,242.273,1.0
122.8833,128.276859,37.744339,3014.8999392,-87.181,11.671,241.915,1.0
122.9,128.27681,37.744324,3015.7527695999997,-87.874,11.663,241.562,1.0
122.9166,128.27676,37.744309,3016.6043808,-88.555,11.647,241.216,1.0
122.9333,128.27671,37.744294,3017.454468,-89.202,11.627,240.875,1.0
122.95,128.276661,37.744278,3018.3030312,-89.821,11.604,240.539,1.0
122.9666,128.276612,37.744262,3019.1500704,-90.418,11.576,240.207,1.0
122.9833,128.276562,37.744247,3019.9949760000004,-90.996,11.543,239.881,1.0
123.0,128.276513,37.744231,3020.8380528000002,-91.56,11.504,239.559,1.0
123.0166,128.276464,37.744215,3021.678996,-92.115,11.46,239.241,1.0
123.0333,128.276415,37.744198,3022.5175008000006,-92.644,11.413,238.927,1.0
123.05,128.276366,37.744182,3023.3535672,-93.151,11.364,238.617,1.0
123.0666,128.276317,37.744165,3024.1868904,-93.64,11.312,238.31,1.0
123.0833,128.276268,37.744148,3025.0174704,-94.113,11.256,238.007,1.0
123.1,128.27622,37.744131,3025.8453072,-94.576,11.196,237.707,1.0
123.1166,128.276171,37.744114,3026.6700960000003,-95.03,11.132,237.41,1.0
123.1333,128.276122,37.744097,3027.491532,-95.541,11.058,237.118,1.0
123.15,128.276074,37.74408,3028.3093104,-96.11,10.974,236.829,1.0
123.1666,128.276026,37.744062,3029.1231264,-96.733,10.885,236.543,1.0
123.1833,128.275977,37.744044,3029.9323704000003,-97.402,10.793,236.259,1.0
123.2,128.275929,37.744026,3030.7373472,-98.11,10.7,235.978,1.0
123.2166,128.275881,37.744008,3031.537752,-98.85,10.604,235.699,1.0
123.2333,128.275833,37.74399,3032.3335848,-99.572,10.511,235.42,1.0
123.25,128.275786,37.743971,3033.1245408,-100.271,10.418,235.141,1.0
123.2666,128.275738,37.743953,3033.9109248,-100.946,10.324,234.863,1.0
123.2833,128.27569,37.743934,3034.6924320000003,-101.599,10.225,234.587,1.0
123.3,128.275643,37.743915,3035.4687576,-102.233,10.121,234.312,1.0
123.3166,128.275595,37.743896,3036.2395968,-102.852,10.011,234.039,1.0
123.3333,128.275548,37.743877,3037.0052544,-103.42,9.9,233.768,1.0
123.35,128.2755,37.743857,3037.7654256000005,-103.943,9.789,233.499,1.0
123.3666,128.275453,37.743838,3038.5204152,-104.427,9.675,233.231,1.0
123.3833,128.275406,37.743818,3039.2693088,-104.88,9.558,232.967,1.0
123.4,128.275359,37.743798,3040.0121064,-105.306,9.436,232.704,1.0
123.4166,128.275312,37.743778,3040.748808,-105.713,9.311,232.445,1.0
123.4333,128.275265,37.743758,3041.4797184000004,-106.084,9.184,232.188,1.0
123.45,128.275218,37.743738,3042.2042280000005,-106.425,9.057,231.933,1.0
123.4666,128.275172,37.743718,3042.9223368000003,-106.74,8.928,231.68,1.0
123.4833,128.275125,37.743697,3043.6337399999998,-107.035,8.798,231.43,1.0
123.5,128.275079,37.743676,3044.3384376,-107.313,8.665,231.182,1.0
123.5166,128.275032,37.743656,3045.0364296000002,-107.579,8.53,230.936,1.0
123.5333,128.274986,37.743635,3045.7274112,-107.827,8.395,230.692,1.0
123.55,128.27494,37.743613,3046.4113824,-108.059,8.259,230.45,1.0
123.5666,128.274893,37.743592,3047.0880384,-108.28,8.122,230.21,1.0
123.5833,128.274847,37.743571,3047.757684,-108.49,7.984,229.971,1.0
123.6,128.274801,37.743549,3048.4197096000003,-108.692,7.845,229.734,1.0
123.6166,128.274756,37.743527,3049.07442,-108.888,7.706,229.498,1.0
123.6333,128.27471,37.743506,3049.7215103999997,-109.076,7.566,229.264,1.0
123.65,128.274664,37.743483,3050.3609808,-109.257,7.426,229.03,1.0
123.6666,128.274619,37.743461,3050.9925264,-109.432,7.285,228.798,1.0
123.6833,128.274573,37.743439,3051.616452,-109.603,7.144,228.567,1.0
123.7,128.274528,37.743416,3052.2324528000004,-109.769,7.002,228.337,1.0
123.7166,128.274483,37.743394,3052.8405288,-109.932,6.86,228.108,1.0
123.7333,128.274438,37.743371,3053.44068,-110.091,6.718,227.88,1.0
123.75,128.274393,37.743348,3054.0322968,-110.248,6.575,227.653,1.0
123.7666,128.274348,37.743325,3054.6159888,-110.401,6.432,227.426,1.0
123.7833,128.274303,37.743302,3055.1914512,-110.552,6.289,227.2,1.0
123.8,128.274258,37.743279,3055.7583792,-110.701,6.145,226.975,1.0
123.8166,128.274214,37.743255,3056.3170776,-110.848,6.001,226.751,1.0
123.8333,128.274169,37.743231,3056.8672416000004,-110.992,5.857,226.527,1.0
123.85,128.274125,37.743208,3057.4091760000006,-111.134,5.713,226.304,1.0
123.8666,128.274081,37.743184,3057.9419664,-111.274,5.568,226.081,1.0
123.8833,128.274036,37.74316,3058.4665272,-111.412,5.423,225.859,1.0
123.9,128.273992,37.743135,3058.9822488000004,-111.548,5.278,225.637,1.0
123.9166,128.273949,37.743111,3059.4891312,-111.682,5.133,225.416,1.0
123.9333,128.273905,37.743087,3059.9871744,-111.812,4.988,225.195,1.0
123.95,128.273861,37.743062,3060.4763784000006,-111.939,4.842,224.975,1.0
123.9666,128.273818,37.743037,3060.9567432000003,-112.062,4.696,224.755,1.0
123.9833,128.273774,37.743012,3061.4282688000003,-112.182,4.551,224.535,1.0
124.0,128.273731,37.742987,3061.8903456000003,-112.299,4.405,224.316,1.0
124.0166,128.273688,37.742962,3062.3435832,-112.414,4.258,224.098,1.0
124.0333,128.273644,37.742937,3062.7876768,-112.524,4.112,223.879,1.0
124.05,128.273601,37.742911,3063.2226264,-112.629,3.967,223.661,1.0
124.0666,128.273559,37.742886,3063.6484320000004,-112.729,3.822,223.442,1.0
124.0833,128.273516,37.74286,3064.0647888000003,-112.825,3.677,223.225,1.0
124.1,128.273473,37.742834,3064.4720016,-112.917,3.532,223.007,1.0
124.1166,128.273431,37.742808,3064.8697656,-113.005,3.386,222.79,1.0
124.1333,128.273388,37.742782,3065.2583856,-113.087,3.242,222.573,1.0
124.15,128.273346,37.742756,3065.637252,-113.164,3.098,222.355,1.0
124.1666,128.273304,37.742729,3066.0069744,-113.234,2.955,222.138,1.0
124.1833,128.273262,37.742703,3066.3669432,-113.299,2.812,221.921,1.0
124.2,128.27322,37.742676,3066.717768,-113.359,2.669,221.704,1.0
124.2166,128.273178,37.742649,3067.0585344,-113.415,2.525,221.488,1.0
124.2333,128.273137,37.742622,3067.3901568,-113.463,2.383,221.271,1.0
124.25,128.273095,37.742595,3067.7120256000003,-113.504,2.242,221.055,1.0
124.2666,128.273054,37.742568,3068.0244456,-113.538,2.102,220.838,1.0
124.2833,128.273013,37.742541,3068.3271120000004,-113.566,1.961,220.621,1.0
124.3,128.272972,37.742513,3068.6200248,-113.588,1.821,220.405,1.0
124.3166,128.272931,37.742486,3068.9031840000002,-113.606,1.681,220.189,1.0
124.3333,128.27289,37.742458,3069.1768944,-113.616,1.542,219.973,1.0
124.35,128.272849,37.74243,3069.4408512,-113.618,1.404,219.756,1.0
124.3666,128.272808,37.742402,3069.6950544,-113.613,1.267,219.54,1.0
124.3833,128.272768,37.742374,3069.9391992,-113.603,1.131,219.323,1.0
124.4,128.272727,37.742346,3070.1738952,-113.586,0.994,219.107,1.0
124.4166,128.272687,37.742317,3070.3988375999998,-113.565,0.858,218.891,1.0
124.4333,128.272647,37.742289,3070.6137215999997,-113.537,0.723,218.674,1.0
124.45,128.272607,37.74226,3070.8191568,-113.503,0.59,218.457,1.0
124.4666,128.272567,37.742232,3071.0145336,-113.463,0.458,218.24,1.0
124.4833,128.272528,37.742203,3071.2001568,-113.417,0.326,218.022,1.0
124.5,128.272488,37.742174,3071.3760264,-113.366,0.195,217.805,1.0
124.5166,128.272449,37.742145,3071.5421424,-113.31,0.065,217.588,1.0
124.5333,128.27241,37.742116,3071.6978952,-113.255,-0.06,217.368,1.0
124.55,128.27237,37.742086,3071.8438944,-113.202,-0.179,217.147,1.0
124.5666,128.272331,37.742057,3071.98014,-113.146,-0.295,216.924,1.0
124.5833,128.272293,37.742027,3072.106632,-113.085,-0.41,216.7,1.0
124.6,128.272254,37.741998,3072.2233704,-113.016,-0.523,216.476,1.0
124.6166,128.272215,37.741968,3072.3306600000005,-112.939,-0.637,216.253,1.0
124.6333,128.272177,37.741938,3072.4278912000004,-112.854,-0.75,216.029,1.0
124.65,128.272139,37.741908,3072.5156736000004,-112.764,-0.862,215.805,1.0
124.6666,128.2721,37.741878,3072.5933976,-112.668,-0.973,215.581,1.0
124.6833,128.272063,37.741847,3072.6616728000004,-112.567,-1.084,215.357,1.0
124.7,128.272025,37.741817,3072.7201944,-112.462,-1.194,215.133,1.0
124.7166,128.271987,37.741786,3072.7689624000004,-112.354,-1.304,214.909,1.0
124.7333,128.271949,37.741756,3072.8082816,-112.243,-1.413,214.685,1.0
124.75,128.271912,37.741725,3072.8378472,-112.129,-1.522,214.46,1.0
124.7666,128.271875,37.741694,3072.8576592000004,-112.013,-1.629,214.236,1.0
124.7833,128.271838,37.741663,3072.8680224,-111.895,-1.736,214.011,1.0
124.8,128.271801,37.741632,3072.868632,-111.776,-1.842,213.785,1.0
124.8166,128.271764,37.741601,3072.8600976000002,-111.654,-1.947,213.56,1.0
124.8333,128.271727,37.74157,3072.8415048,-111.531,-2.052,213.335,1.0
124.85,128.271691,37.741538,3072.813768,-111.407,-2.156,213.109,1.0
124.8666,128.271655,37.741507,3072.7765824000003,-111.283,-2.259,212.883,1.0
124.8833,128.271618,37.741475,3072.729948,-111.157,-2.361,212.656,1.0
124.9,128.271582,37.741443,3072.67356,-111.03,-2.462,212.43,1.0
124.9166,128.271546,37.741411,3072.6083328000004,-110.902,-2.563,212.203,1.0
124.9333,128.271511,37.741379,3072.533352,-110.774,-2.664,211.976,1.0
124.95,128.271475,37.741347,3072.4492272,-110.646,-2.763,211.748,1.0
124.9666,128.27144,37.741315,3072.3556536,-110.517,-2.861,211.52,1.0
124.9833,128.271405,37.741282,3072.252936,-110.388,-2.959,211.292,1.0
125.0,128.27137,37.74125,3072.1410744,-110.258,-3.057,211.064,1.0
125.0166,128.271335,37.741217,3072.019764,-110.128,-3.153,210.835,1.0
125.0333,128.2713,37.741185,3071.8896144000005,-109.997,-3.249,210.607,1.0
125.05,128.271265,37.741152,3071.750016,-109.866,-3.344,210.377,1.0
125.0666,128.271231,37.741119,3071.6015784000006,-109.735,-3.438,210.148,1.0
125.0833,128.271197,37.741086,3071.4439968,-109.604,-3.531,209.918,1.0
125.1,128.271163,37.741053,3071.2772712000005,-109.471,-3.624,209.688,1.0
125.1166,128.271129,37.74102,3071.1017064000002,-109.338,-3.716,209.458,1.0
125.1333,128.271095,37.740987,3070.9173024,-109.205,-3.808,209.227,1.0
125.15,128.271062,37.740953,3070.7237544,-109.072,-3.898,208.997,1.0
125.1666,128.271028,37.74092,3070.521672,-108.939,-3.988,208.766,1.0
125.1833,128.270995,37.740886,3070.3104456,-108.805,-4.077,208.534,1.0
125.2,128.270962,37.740852,3070.0906848000004,-108.67,-4.166,208.303,1.0
125.2166,128.270929,37.740818,3069.86178,-108.535,-4.254,208.071,1.0
125.2333,128.270896,37.740785,3069.6243408,-108.399,-4.341,207.839,1.0
125.25,128.270864,37.74075,3069.3783672,-108.263,-4.428,207.606,1.0
125.2666,128.270832,37.740716,3069.1235544,-108.127,-4.513,207.374,1.0
125.2833,128.270799,37.740682,3068.8602072000003,-107.99,-4.598,207.141,1.0
125.3,128.270767,37.740648,3068.5883256,-107.853,-4.682,206.908,1.0
125.3166,128.270736,37.740613,3068.3079096,-107.714,-4.766,206.675,1.0
125.3333,128.270704,37.740579,3068.0189592,-107.576,-4.849,206.441,1.0
125.35,128.270672,37.740544,3067.7217792,-107.436,-4.931,206.208,1.0
125.3666,128.270641,37.740509,3067.4160647999997,-107.297,-5.013,205.974,1.0
125.3833,128.27061,37.740475,3067.1018160000003,-107.156,-5.094,205.739,1.0
125.4,128.270579,37.74044,3066.7793376,-107.015,-5.174,205.505,1.0
125.4166,128.270548,37.740405,3066.4486296,-106.873,-5.253,205.271,1.0
125.4333,128.270518,37.74037,3066.1096920000005,-106.731,-5.332,205.036,1.0
125.45,128.270487,37.740334,3065.7625248,-106.586,-5.41,204.801,1.0
125.4666,128.270457,37.740299,3065.4071280000003,-106.441,-5.487,204.565,1.0
125.4833,128.270427,37.740264,3065.0438064,-106.295,-5.564,204.33,1.0
125.5,128.270397,37.740228,3064.6722552,-106.147,-5.64,204.094,1.0
125.5166,128.270368,37.740193,3064.2927792,-105.999,-5.715,203.859,1.0
125.5333,128.270338,37.740157,3063.9053784000002,-105.848,-5.789,203.623,1.0
125.55,128.270309,37.740121,3063.5100528000003,-105.696,-5.863,203.386,1.0
125.5666,128.27028,37.740085,3063.1068024,-105.542,-5.935,203.15,1.0
125.5833,128.270251,37.740049,3062.6956272,-105.386,-6.007,202.913,1.0
125.6,128.270222,37.740013,3062.276832,-105.229,-6.079,202.677,1.0
125.6166,128.270194,37.739977,3061.8504168000004,-105.071,-6.149,202.44,1.0
125.6333,128.270165,37.739941,3061.4160768,-104.909,-6.219,202.203,1.0
125.65,128.270137,37.739905,3060.9741168000005,-104.745,-6.288,201.966,1.0
125.6666,128.270109,37.739868,3060.5248416000004,-104.579,-6.355,201.728,1.0
125.6833,128.270081,37.739832,3060.0676416,-104.41,-6.422,201.491,1.0
125.7,128.270054,37.739795,3059.6031264,-104.24,-6.489,201.253,1.0
125.7166,128.270026,37.739758,3059.1312960000005,-104.068,-6.554,201.015,1.0
125.7333,128.269999,37.739722,3058.6521504,-103.891,-6.619,200.777,1.0
125.75,128.269972,37.739685,3058.1656896000004,-103.712,-6.682,200.539,1.0
125.7666,128.269945,37.739648,3057.6719136,-103.529,-6.745,200.301,1.0
125.7833,128.269919,37.739611,3057.1708224,-103.344,-6.806,200.062,1.0
125.8,128.269892,37.739574,3056.6627208000004,-103.156,-6.867,199.824,1.0
125.8166,128.269866,37.739537,3056.147304,-102.965,-6.927,199.585,1.0
125.8333,128.26984,37.739499,3055.6251816,-102.77,-6.986,199.346,1.0
125.85,128.269814,37.739462,3055.0960488000005,-102.571,-7.043,199.107,1.0
125.8666,128.269788,37.739425,3054.5599056000005,-102.367,-7.1,198.868,1.0
125.8833,128.269763,37.739387,3054.0170568000003,-102.16,-7.155,198.629,1.0
125.9,128.269738,37.73935,3053.4675024000003,-101.95,-7.21,198.39,1.0
125.9166,128.269713,37.739312,3052.9112424,-101.737,-7.263,198.15,1.0
125.9333,128.269688,37.739274,3052.3482768,-101.517,-7.315,197.911,1.0
125.95,128.269663,37.739237,3051.7786056000004,-101.292,-7.366,197.671,1.0
125.9666,128.269638,37.739199,3051.2028384,-101.062,-7.416,197.432,1.0
125.9833,128.269614,37.739161,3050.6203656000002,-100.827,-7.464,197.192,1.0
126.0,128.26959,37.739123,3050.0314920000005,-100.588,-7.511,196.952,1.0
126.0166,128.269566,37.739085,3049.4365224000003,-100.346,-7.558,196.712,1.0
126.0333,128.269542,37.739046,3048.8354568,-100.096,-7.602,196.472,1.0
126.05,128.269519,37.739008,3048.2282952,-99.838,-7.645,196.232,1.0
126.0666,128.269496,37.73897,3047.6150376,-99.574,-7.686,195.992,1.0
126.0833,128.269473,37.738931,3046.995684,-99.304,-7.726,195.752,1.0
126.1,128.26945,37.738893,3046.3708440000005,-99.029,-7.765,195.512,1.0
126.1166,128.269427,37.738854,3045.739908,-98.75,-7.803,195.271,1.0
126.1333,128.269405,37.738816,3045.1034856,-98.461,-7.839,195.031,1.0
126.15,128.269382,37.738777,3044.4615768,-98.162,-7.873,194.791,1.0
126.1666,128.26936,37.738738,3043.8138768,-97.854,-7.905,194.551,1.0
126.1833,128.269338,37.7387,3043.1609952,-97.54,-7.936,194.311,1.0
126.2,128.269317,37.738661,3042.5029320000003,-97.22,-7.966,194.071,1.0
126.2166,128.269295,37.738622,3041.8393824000004,-96.894,-7.994,193.831,1.0
126.2333,128.269274,37.738583,3041.1712608,-96.556,-8.02,193.591,1.0
126.25,128.269253,37.738544,3040.4976528,-96.205,-8.044,193.351,1.0
126.2666,128.269232,37.738505,3039.8194728000003,-95.843,-8.065,193.112,1.0
126.2833,128.269211,37.738465,3039.1364160000003,-95.472,-8.085,192.872,1.0
126.3,128.269191,37.738426,3038.4487872000004,-95.093,-8.103,192.632,1.0
126.3166,128.269171,37.738387,3037.7565864000003,-94.708,-8.12,192.393,1.0
126.3333,128.26915,37.738347,3037.0601184,-94.306,-8.133,192.154,1.0
126.35,128.269131,37.738308,3036.3590784000003,-93.887,-8.144,191.915,1.0
126.3666,128.269111,37.738268,3035.6543808,-93.455,-8.152,191.677,1.0
126.3833,128.269092,37.738229,3034.945416,-93.01,-8.158,191.438,1.0
126.4,128.269072,37.738189,3034.2324888000003,-92.556,-8.163,191.2,1.0
126.4166,128.269053,37.738149,3033.515904,-92.093,-8.165,190.963,1.0
126.4333,128.269034,37.738109,3032.7956616,-91.607,-8.164,190.726,1.0
126.45,128.269016,37.73807,3032.0720664000005,-91.1,-8.159,190.489,1.0
126.4666,128.268997,37.73803,3031.3451184,-90.575,-8.151,190.253,1.0
126.4833,128.268979,37.73799,3030.6151224,-90.033,-8.141,190.017,1.0
126.5,128.268961,37.73795,3029.8823832,-89.478,-8.128,189.781,1.0
126.5166,128.268943,37.73791,3029.1465960000005,-88.912,-8.113,189.547,1.0
126.5333,128.268926,37.73787,3028.4080656,-88.317,-8.094,189.313,1.0
126.55,128.268908,37.737829,3027.6670968,-87.696,-8.07,189.08,1.0
126.5666,128.268891,37.737789,3026.9239944,-87.051,-8.042,188.848,1.0
126.5833,128.268874,37.737749,3026.1787584,-86.386,-8.012,188.616,1.0
126.6,128.268857,37.737708,3025.4316936000005,-85.705,-7.978,188.386,1.0
126.6166,128.268841,37.737668,3024.6831048000004,-85.01,-7.943,188.156,1.0
126.6333,128.268824,37.737627,3023.9332968,-84.374,-7.911,187.927,1.0
126.65,128.268808,37.737587,3023.1828792,-83.795,-7.882,187.699,1.0
126.6666,128.268792,37.737546,3022.4312424,-83.271,-7.854,187.471,1.0
126.6833,128.268777,37.737506,3021.678996,-82.794,-7.822,187.243,1.0
126.7,128.268761,37.737465,3020.9258352000006,-82.357,-7.785,187.017,1.0
126.7166,128.268746,37.737424,3020.1723696,-81.951,-7.742,186.791,1.0
126.7333,128.268731,37.737383,3019.4182944,-81.534,-7.692,186.565,1.0
126.75,128.268716,37.737343,3018.6636096,-81.1,-7.635,186.339,1.0
126.7666,128.268702,37.737302,3017.90862,-80.646,-7.573,186.112,1.0
126.7833,128.268687,37.737261,3017.1539352000004,-80.173,-7.509,185.885,1.0
126.8,128.268673,37.73722,3016.3992504000003,-79.682,-7.443,185.658,1.0
126.8166,128.268659,37.737179,3015.6451752000003,-79.176,-7.377,185.43,1.0
126.8333,128.268646,37.737138,3014.8901855999998,-78.57,-7.304,185.224,1.0
126.85,128.268632,37.737096,3014.1355008000005,-77.87,-7.228,185.057,1.0
126.8666,128.268619,37.737055,3013.3808160000003,-77.089,-7.156,184.939,1.0
126.8833,128.268605,37.737014,3012.626436,-76.238,-7.091,184.854,1.0
126.9,128.268592,37.736973,3011.8729704,-75.325,-7.03,184.785,1.0
126.9166,128.268579,37.736931,3011.1204192000005,-74.362,-6.971,184.72,1.0
126.9333,128.268567,37.73689,3010.3678680000003,-73.307,-6.914,184.678,1.0
126.95,128.268554,37.736848,3009.6153168000005,-72.166,-6.862,184.677,1.0
126.9666,128.268541,37.736807,3008.8633752,-70.941,-6.815,184.709,1.0
126.9833,128.268529,37.736765,3008.1117384,-69.629,-6.771,184.757,1.0
127.0,128.268517,37.736724,3007.3607112,-68.23,-6.727,184.81,1.0
127.0166,128.268504,37.736682,3006.6109032000004,-66.745,-6.68,184.861,1.0
127.0333,128.268492,37.736641,3005.8614000000002,-65.178,-6.639,184.928,1.0
127.05,128.26848,37.736599,3005.113116,-63.531,-6.605,185.01,1.0
127.0666,128.268468,37.736557,3004.3654416000004,-61.807,-6.574,185.102,1.0
127.0833,128.268457,37.736516,3003.6192912,-60.006,-6.544,185.196,1.0
127.1,128.268445,37.736474,3002.8740552000004,-58.129,-6.512,185.289,1.0
127.1166,128.268433,37.736432,3002.1300384,-56.178,-6.479,185.381,1.0
127.1333,128.268422,37.73639,3001.3872408,-54.153,-6.446,185.473,1.0
127.15,128.26841,37.736348,3000.6456624,-52.055,-6.413,185.567,1.0
127.1666,128.268399,37.736306,2999.905608,-49.887,-6.381,185.661,1.0
127.1833,128.268387,37.736264,2999.166468,-47.649,-6.348,185.755,1.0
127.2,128.268376,37.736222,2998.4285472,-45.341,-6.314,185.848,1.0
127.2166,128.268365,37.73618,2997.6918456000003,-42.965,-6.279,185.94,1.0
127.2333,128.268354,37.736138,2996.9563632,-40.522,-6.236,186.027,1.0
127.25,128.268342,37.736096,2996.2221,-38.011,-6.185,186.107,1.0
127.2666,128.268331,37.736054,2995.4887512,-35.434,-6.129,186.185,1.0
127.2833,128.26832,37.736012,2994.7566216,-32.792,-6.071,186.263,1.0
127.3,128.268309,37.735969,2994.0263208,-30.096,-6.011,186.341,1.0
127.3166,128.268298,37.735927,2993.2981535999998,-27.356,-5.952,186.419,1.0
127.3333,128.268287,37.735885,2992.5733392,-24.615,-5.877,186.485,1.0
127.35,128.268276,37.735842,2991.8524872000003,-21.879,-5.783,186.541,1.0
127.3666,128.268265,37.7358,2991.1359024000003,-19.151,-5.678,186.593,1.0
127.3833,128.268255,37.735758,2990.4220608,-16.433,-5.567,186.646,1.0
127.4,128.268244,37.735715,2989.7118768,-13.723,-5.455,186.703,1.0
127.4166,128.268233,37.735673,2989.0047408,-11.019,-5.342,186.767,1.0
127.4333,128.268222,37.73563,2988.3040056000004,-8.382,-5.21,186.827,1.0
127.45,128.268211,37.735588,2987.6090616,-5.805,-5.045,186.883,1.0
127.4666,128.268201,37.735545,2986.9208232,-3.279,-4.854,186.942,1.0
127.4833,128.26819,37.735503,2986.2371568000003,-0.796,-4.65,187.008,1.0
127.5,128.268179,37.73546,2985.5583672,1.652,-4.443,187.085,1.0
127.5166,128.268169,37.735417,2984.8844544000003,4.077,-4.238,187.173,1.0
127.5333,128.268158,37.735375,2984.2187712000004,6.401,-4.015,187.266,1.0
127.55,128.268147,37.735332,2983.560708,8.635,-3.766,187.366,1.0
127.5666,128.268137,37.735289,2982.911484,10.793,-3.5,187.476,1.0
127.5833,128.268126,37.735247,2982.2692704,12.888,-3.231,187.6,1.0
127.6,128.268115,37.735204,2981.6337624000003,14.936,-2.965,187.737,1.0
127.6166,128.268105,37.735161,2981.0052648,16.95,-2.708,187.888,1.0
127.6333,128.268094,37.735118,2980.3859112,18.899,-2.464,188.044,1.0
127.65,128.268083,37.735076,2979.7753967999997,20.794,-2.235,188.204,1.0
127.6666,128.268072,37.735033,2979.171588,22.649,-2.017,188.37,1.0
127.6833,128.268062,37.73499,2978.5750943999997,24.471,-1.808,188.545,1.0
127.7,128.268051,37.734947,2977.985916,26.271,-1.608,188.728,1.0
127.7166,128.26804,37.734904,2977.4034432000003,28.056,-1.415,188.919,1.0
127.7333,128.268029,37.734861,2976.8255424,29.94,-1.253,189.117,1.0
127.75,128.268018,37.734818,2976.2519088,31.923,-1.137,189.31,1.0
127.7666,128.268007,37.734775,2975.6807136,33.995,-1.081,189.478,1.0
127.7833,128.267996,37.734732,2975.111652,36.14,-1.07,189.624,1.0
127.8,128.267985,37.734689,2974.5453336,38.342,-1.085,189.757,1.0
127.8166,128.267974,37.734646,2973.982368,40.587,-1.11,189.888,1.0
127.8333,128.267963,37.734603,2973.4215360000003,42.643,-1.145,189.988,1.0
127.85,128.267952,37.73456,2972.8634472,44.524,-1.201,190.042,1.0
127.8666,128.267941,37.734517,2972.3084064,46.232,-1.279,190.053,1.0
127.8833,128.26793,37.734474,2971.7570232000003,47.766,-1.371,190.038,1.0
127.9,128.267919,37.734431,2971.2096024,49.127,-1.469,190.015,1.0
127.9166,128.267907,37.734388,2970.6658392000004,50.322,-1.567,189.994,1.0
127.9333,128.267896,37.734345,2970.1260384,51.361,-1.662,189.977,1.0
127.95,128.267884,37.734302,2969.5905048000004,52.256,-1.752,189.965,1.0
127.9666,128.267873,37.734259,2969.0589336,53.019,-1.838,189.956,1.0
127.9833,128.267861,37.734216,2968.5316296,53.657,-1.92,189.95,1.0
128.0,128.26785,37.734172,2968.0088976,54.179,-1.997,189.945,1.0
128.0166,128.267838,37.734129,2967.4910424,54.589,-2.072,189.942,1.0
128.0333,128.267826,37.734086,2966.9768448,55.2,-2.156,189.974,1.0
128.05,128.267814,37.734043,2966.4660000000003,55.997,-2.238,190.056,1.0
128.0666,128.267803,37.734,2965.9566792,56.995,-2.311,190.172,1.0
128.0833,128.267791,37.733957,2965.4485776,58.19,-2.38,190.306,1.0
128.1,128.267779,37.733914,2964.9413904,59.57,-2.45,190.447,1.0
128.1166,128.267767,37.733871,2964.4342032000004,61.124,-2.524,190.589,1.0
128.1333,128.267755,37.733828,2963.9267112,62.736,-2.582,190.744,1.0
128.15,128.267743,37.733785,2963.4189144,64.369,-2.612,190.931,1.0
128.1666,128.267731,37.733741,2962.9117272000003,66.011,-2.607,191.165,1.0
128.1833,128.267718,37.733698,2962.4042352000006,67.658,-2.571,191.438,1.0
128.2,128.267706,37.733655,2961.8970480000003,69.299,-2.519,191.729,1.0
128.2166,128.267694,37.733612,2961.3901656000003,70.92,-2.464,192.022,1.0
128.2333,128.267682,37.733569,2960.8845024,72.352,-2.394,192.335,1.0
128.25,128.267669,37.733526,2960.3806680000002,73.596,-2.308,192.688,1.0
128.2666,128.267657,37.733482,2959.8786624000004,74.648,-2.208,193.1,1.0
128.2833,128.267644,37.733439,2959.3794000000003,75.512,-2.098,193.588,1.0
128.3,128.267631,37.733396,2958.8825760000004,76.195,-1.986,194.132,1.0
128.3166,128.267618,37.733353,2958.3881904,76.731,-1.878,194.708,1.0
128.3333,128.267605,37.73331,2957.896548,77.126,-1.778,195.293,1.0
128.35,128.267592,37.733267,2957.407344,77.414,-1.689,195.867,1.0
128.3666,128.267578,37.733224,2956.919664,77.626,-1.617,196.408,1.0
128.3833,128.267565,37.733181,2956.4341176,77.786,-1.559,196.917,1.0
128.4,128.267551,37.733138,2955.9504,77.911,-1.513,197.401,1.0
128.4166,128.267537,37.733095,2955.4682064,78.013,-1.475,197.867,1.0
128.4333,128.267523,37.733052,2954.9884512,78.075,-1.438,198.318,1.0
128.45,128.267508,37.733009,2954.51022,78.101,-1.402,198.757,1.0
128.4666,128.267494,37.732966,2954.0344272,78.097,-1.368,199.186,1.0
128.4833,128.267479,37.732924,2953.5607680000003,78.068,-1.336,199.603,1.0
128.5,128.267464,37.732881,2953.0889376,78.017,-1.308,200.01,1.0
128.5166,128.267449,37.732838,2952.6192408,77.95,-1.282,200.408,1.0
128.5333,128.267434,37.732795,2952.1522872000005,77.858,-1.256,200.796,1.0
128.55,128.267418,37.732753,2951.6871624000005,77.743,-1.23,201.175,1.0
128.5666,128.267402,37.73271,2951.2247807999997,77.611,-1.204,201.545,1.0
128.5833,128.267386,37.732668,2950.7648375999997,77.464,-1.179,201.907,1.0
128.6,128.26737,37.732625,2950.3073328000005,77.303,-1.155,202.261,1.0
128.6166,128.267354,37.732583,2949.8522664,77.133,-1.132,202.608,1.0
128.6333,128.267337,37.73254,2949.3999432,76.949,-1.108,202.949,1.0
128.65,128.267321,37.732498,2948.950668,76.755,-1.083,203.284,1.0
128.6666,128.267304,37.732456,2948.5038312,76.551,-1.057,203.612,1.0
128.6833,128.267286,37.732413,2948.0600424,76.338,-1.03,203.935,1.0
128.7,128.267269,37.732371,2947.6193016,76.118,-1.003,204.253,1.0
128.7166,128.267251,37.732329,2947.1816088,75.891,-0.976,204.566,1.0
128.7333,128.267233,37.732287,2946.7466592,75.671,-0.949,204.875,1.0
128.75,128.267215,37.732245,2946.3147576,75.457,-0.922,205.179,1.0
128.7666,128.267197,37.732203,2945.8862088,75.248,-0.894,205.48,1.0
128.7833,128.267179,37.732161,2945.4610128,75.043,-0.864,205.777,1.0
128.8,128.26716,37.732119,2945.0391696,74.841,-0.834,206.07,1.0
128.8166,128.267141,37.732077,2944.6206792000003,74.64,-0.802,206.359,1.0
128.8333,128.267122,37.732036,2944.204932,74.453,-0.77,206.645,1.0
128.85,128.267103,37.731994,2943.7931472,74.279,-0.738,206.929,1.0
128.8666,128.267083,37.731952,2943.38502,74.115,-0.705,207.209,1.0
128.8833,128.267063,37.731911,2942.9802456,73.958,-0.671,207.487,1.0
128.9,128.267043,37.731869,2942.5791288,73.807,-0.636,207.762,1.0
128.9166,128.267023,37.731828,2942.1819744,73.659,-0.599,208.034,1.0
128.9333,128.267003,37.731787,2941.7881728,73.524,-0.563,208.305,1.0
128.95,128.266982,37.731745,2941.3983336,73.399,-0.525,208.573,1.0
128.9666,128.266961,37.731704,2941.0121520000002,73.282,-0.488,208.839,1.0
128.9833,128.26694,37.731663,2940.6299328000005,73.172,-0.449,209.104,1.0
129.0,128.266919,37.731622,2940.2516760000003,73.066,-0.41,209.366,1.0
129.0166,128.266898,37.731581,2939.8773816000003,72.963,-0.369,209.627,1.0
129.0333,128.266876,37.73154,2939.5070496,72.87,-0.328,209.886,1.0
129.05,128.266854,37.731499,2939.1403752,72.787,-0.288,210.144,1.0
129.0666,128.266832,37.731458,2938.7779680000003,72.712,-0.246,210.401,1.0
129.0833,128.26681,37.731417,2938.4195232,72.643,-0.205,210.657,1.0
129.1,128.266787,37.731377,2938.0653456,72.578,-0.162,210.911,1.0
129.1166,128.266765,37.731336,2937.7151304000004,72.515,-0.119,211.164,1.0
129.1333,128.266742,37.731296,2937.3691824,72.462,-0.075,211.417,1.0
129.15,128.266719,37.731255,2937.0271967999997,72.416,-0.031,211.668,1.0
129.1666,128.266695,37.731215,2936.6891736000002,72.376,0.012,211.918,1.0
129.1833,128.266672,37.731174,2936.3554176,72.341,0.056,212.168,1.0
129.2,128.266648,37.731134,2936.0262336,72.309,0.101,212.417,1.0
129.2166,128.266624,37.731094,2935.7010120000004,72.28,0.146,212.665,1.0
129.2333,128.2666,37.731054,2935.3797528000005,72.255,0.192,212.912,1.0
129.25,128.266576,37.731014,2935.0630656,72.235,0.238,213.159,1.0
129.2666,128.266551,37.730974,2934.7503408000002,72.217,0.285,213.405,1.0
129.2833,128.266526,37.730934,2934.442188,72.202,0.332,213.651,1.0
129.3,128.266501,37.730895,2934.1379976000003,72.188,0.379,213.896,1.0
129.3166,128.266476,37.730855,2933.8383792,72.174,0.426,214.14,1.0
129.3333,128.266451,37.730815,2933.5427232,72.164,0.474,214.384,1.0
129.35,128.266425,37.730776,2933.2516392,72.155,0.523,214.628,1.0
129.3666,128.266399,37.730736,2932.9645176,72.148,0.572,214.871,1.0
129.3833,128.266373,37.730697,2932.6819680000003,72.142,0.621,215.114,1.0
129.4,128.266347,37.730658,2932.4039904,72.136,0.671,215.357,1.0
129.4166,128.266321,37.730619,2932.1299752,72.129,0.72,215.6,1.0
129.4333,128.266294,37.73058,2931.8599224,72.132,0.774,215.84,1.0
129.45,128.266267,37.730541,2931.5941368000003,72.144,0.833,216.08,1.0
129.4666,128.26624,37.730502,2931.3326184000002,72.16,0.894,216.318,1.0
129.4833,128.266213,37.730463,2931.075672,72.174,0.957,216.556,1.0
129.5,128.266186,37.730424,2930.8232976,72.186,1.018,216.793,1.0
129.5166,128.266158,37.730386,2930.5751904,72.193,1.08,217.031,1.0
129.5333,128.26613,37.730347,2930.3310456000004,72.203,1.141,217.269,1.0
129.55,128.266102,37.730309,2930.0914728000002,72.216,1.204,217.507,1.0
129.5666,128.266074,37.730271,2929.856472,72.232,1.267,217.744,1.0
129.5833,128.266046,37.730232,2929.6254336,72.248,1.329,217.981,1.0
129.6,128.266017,37.730194,2929.3989672,72.266,1.392,218.218,1.0
129.6166,128.265988,37.730156,2929.1770728,72.283,1.454,218.456,1.0
129.6333,128.265959,37.730118,2928.9591408,72.304,1.516,218.693,1.0
129.65,128.26593,37.73008,2928.7457808,72.328,1.578,218.931,1.0
129.6666,128.265901,37.730043,2928.536688,72.354,1.64,219.168,1.0
129.6833,128.265871,37.730005,2928.3321671999997,72.382,1.701,219.406,1.0
129.7,128.265842,37.729967,2928.1319136,72.413,1.762,219.643,1.0
129.7166,128.265812,37.72993,2927.9359272,72.444,1.823,219.881,1.0
129.7333,128.265781,37.729893,2927.744208,72.479,1.884,220.118,1.0
129.75,128.265751,37.729855,2927.5570608,72.518,1.944,220.356,1.0
129.7666,128.265721,37.729818,2927.3741808,72.559,2.004,220.593,1.0
129.7833,128.26569,37.729781,2927.195568,72.602,2.063,220.831,1.0
129.8,128.265659,37.729744,2927.0212224,72.648,2.123,221.069,1.0
129.8166,128.265628,37.729708,2926.8514488000005,72.695,2.182,221.307,1.0
129.8333,128.265597,37.729671,2926.6859424,72.744,2.24,221.545,1.0
129.85,128.265565,37.729634,2926.5247032,72.795,2.298,221.783,1.0
129.8666,128.265533,37.729598,2926.3677312,72.849,2.356,222.021,1.0
129.8833,128.265502,37.729561,2926.2150263999997,72.904,2.413,222.259,1.0
129.9,128.26547,37.729525,2926.0668936,72.961,2.47,222.498,1.0
129.9166,128.265437,37.729489,2925.9227232000003,73.018,2.527,222.736,1.0
129.9333,128.265405,37.729453,2925.7831248,73.079,2.583,222.975,1.0
129.95,128.265372,37.729417,2925.6474888000002,73.141,2.638,223.214,1.0
129.9666,128.26534,37.729381,2925.5161200000002,73.206,2.694,223.453,1.0
129.9833,128.265307,37.729345,2925.3890184,73.272,2.749,223.692,1.0
130.0,128.265273,37.729309,2925.266184,73.34,2.803,223.932,1.0
130.0166,128.26524,37.729274,2925.1476168000004,73.409,2.857,224.171,1.0
130.0333,128.265207,37.729239,2925.0333168,73.48,2.911,224.411,1.0
130.05,128.265173,37.729203,2924.9229792,73.552,2.964,224.651,1.0
130.0666,128.265139,37.729168,2924.8169088,73.624,3.017,224.891,1.0
130.0833,128.265105,37.729133,2924.7148008000004,73.698,3.07,225.131,1.0
130.1,128.265071,37.729098,2924.6169600000003,73.772,3.122,225.372,1.0
130.1166,128.265036,37.729063,2924.5230816000003,73.847,3.174,225.613,1.0
130.1333,128.265002,37.729029,2924.4334704000003,73.924,3.225,225.854,1.0
130.15,128.264967,37.728994,2924.3478216,74.001,3.277,226.095,1.0
130.1666,128.264932,37.728959,2924.2661352000005,74.079,3.328,226.336,1.0
130.1833,128.264897,37.728925,2924.188716,74.157,3.378,226.578,1.0
130.2,128.264861,37.728891,2924.1152592000003,74.236,3.428,226.82,1.0
130.2166,128.264826,37.728857,2924.0454600000003,74.316,3.477,227.062,1.0
130.2333,128.26479,37.728823,2923.979928,74.396,3.526,227.304,1.0
130.25,128.264754,37.728789,2923.9183583999998,74.476,3.575,227.547,1.0
130.2666,128.264718,37.728755,2923.8607512,74.555,3.623,227.79,1.0
130.2833,128.264682,37.728722,2923.8068016,74.636,3.671,228.033,1.0
130.3,128.264646,37.728688,2923.7571192000005,74.716,3.718,228.276,1.0
130.3166,128.264609,37.728655,2923.7110944,74.797,3.764,228.52,1.0
130.3333,128.264572,37.728621,2923.6687272,74.877,3.81,228.764,1.0
130.35,128.264536,37.728588,2923.6306272,74.957,3.856,229.008,1.0
130.3666,128.264499,37.728555,2923.5958800000003,75.036,3.901,229.252,1.0
130.3833,128.264461,37.728522,2923.5650952,75.116,3.946,229.497,1.0
130.4,128.264424,37.72849,2923.5382728,75.196,3.99,229.742,1.0
130.4166,128.264386,37.728457,2923.515108,75.276,4.034,229.987,1.0
130.4333,128.264349,37.728425,2923.4956008000004,75.354,4.077,230.232,1.0
130.45,128.264311,37.728392,2923.4797512,75.432,4.12,230.478,1.0
130.4666,128.264273,37.72836,2923.4675592000003,75.508,4.163,230.724,1.0
130.4833,128.264234,37.728328,2923.4590248,75.584,4.205,230.97,1.0
130.5,128.264196,37.728296,2923.4541480000003,75.66,4.247,231.216,1.0
130.5166,128.264157,37.728264,2923.4529288,75.735,4.288,231.463,1.0
130.5333,128.264119,37.728233,2923.4553671999997,75.809,4.329,231.71,1.0
130.55,128.26408,37.728201,2923.4614632000003,75.88,4.37,231.957,1.0
130.5666,128.264041,37.72817,2923.4712168000005,75.95,4.41,232.204,1.0
130.5833,128.264001,37.728138,2923.4843232000003,76.019,4.45,232.452,1.0
130.6,128.263962,37.728107,2923.5007824000004,76.086,4.489,232.699,1.0
130.6166,128.263922,37.728076,2923.5208992,76.154,4.528,232.947,1.0
130.6333,128.263883,37.728045,2923.5446736000004,76.218,4.567,233.196,1.0
130.65,128.263843,37.728015,2923.5718008000003,76.279,4.606,233.444,1.0
130.6666,128.263803,37.727984,2923.6022808,76.337,4.644,233.693,1.0
130.6833,128.263762,37.727954,2923.6364184000004,76.393,4.683,233.941,1.0
130.7,128.263722,37.727923,2923.6739088,76.448,4.72,234.19,1.0
130.7166,128.263682,37.727893,2923.714752,76.501,4.758,234.44,1.0
130.7333,128.263641,37.727863,2923.758948,76.55,4.795,234.689,1.0
130.75,128.2636,37.727833,2923.8068016,76.594,4.833,234.938,1.0
130.7666,128.263559,37.727804,2923.8577032000003,76.634,4.871,235.188,1.0
130.7833,128.263518,37.727774,2923.9122624000006,76.671,4.908,235.438,1.0
130.8,128.263477,37.727745,2923.9701744,76.706,4.945,235.688,1.0
130.8166,128.263435,37.727715,2924.0314392000005,76.738,4.982,235.938,1.0
130.8333,128.263393,37.727686,2924.0960568,76.765,5.019,236.189,1.0
130.85,128.263352,37.727657,2924.1640272,76.786,5.056,236.439,1.0
130.8666,128.26331,37.727628,2924.2353504000002,76.803,5.093,236.689,1.0
130.8833,128.263268,37.7276,2924.3100264,76.816,5.13,236.94,1.0
130.9,128.263225,37.727571,2924.3880552000005,76.826,5.167,237.191,1.0
130.9166,128.263183,37.727543,2924.469132,76.833,5.204,237.442,1.0
130.9333,128.263141,37.727515,2924.5541712000004,76.833,5.241,237.693,1.0
130.95,128.263098,37.727486,2924.6422584,76.825,5.28,237.944,1.0
130.9666,128.263055,37.727458,2924.7336984000003,76.811,5.318,238.195,1.0
130.9833,128.263012,37.727431,2924.8287960000002,76.792,5.356,238.446,1.0
131.0,128.262969,37.727403,2924.9269416,76.768,5.395,238.697,1.0
131.0166,128.262926,37.727376,2925.0287448,76.741,5.433,238.948,1.0
131.0333,128.262882,37.727348,2925.1339008000004,76.702,5.472,239.2,1.0
131.05,128.262839,37.727321,2925.2427144000003,76.653,5.513,239.451,1.0
131.0666,128.262795,37.727294,2925.3548808,76.595,5.554,239.702,1.0
131.0833,128.262751,37.727267,2925.4707048,76.529,5.596,239.953,1.0
131.1,128.262707,37.727241,2925.5898816,76.457,5.637,240.204,1.0
131.1166,128.262663,37.727214,2925.7124112,76.38,5.679,240.456,1.0
131.1333,128.262619,37.727188,2925.839208,76.286,5.722,240.707,1.0
131.15,128.262575,37.727161,2925.9693576000004,76.176,5.768,240.958,1.0
131.1666,128.26253,37.727135,2926.1031648,76.053,5.815,241.209,1.0
131.1833,128.262485,37.72711,2926.2409344000002,75.918,5.862,241.46,1.0
131.2,128.262441,37.727084,2926.3826664000003,75.774,5.909,241.711,1.0
131.2166,128.262396,37.727058,2926.5277512,75.622,5.957,241.962,1.0
131.2333,128.26235,37.727033,2926.677408,75.439,6.008,242.212,1.0
131.25,128.262305,37.727008,2926.831332,75.229,6.063,242.462,1.0
131.2666,128.26226,37.726983,2926.9892184,74.993,6.12,242.712,1.0
131.2833,128.262214,37.726958,2927.1516768,74.736,6.178,242.961,1.0
131.3,128.262169,37.726933,2927.3180976000003,74.462,6.236,243.21,1.0
131.3166,128.262123,37.726908,2927.4893952,74.174,6.295,243.46,1.0
131.3333,128.262077,37.726884,2927.6652648,73.823,6.36,243.708,1.0
131.35,128.262031,37.72686,2927.846316,73.414,6.431,243.955,1.0
131.3666,128.261985,37.726836,2928.0331584,72.955,6.506,244.201,1.0
131.3833,128.261939,37.726812,2928.2248776,72.453,6.582,244.446,1.0
131.4,128.261892,37.726789,2928.422388,71.915,6.659,244.692,1.0
131.4166,128.261846,37.726765,2928.6253848,71.352,6.738,244.938,1.0
131.4333,128.261799,37.726742,2928.8335632,70.81,6.807,245.166,1.0
131.45,128.261752,37.726719,2929.0466184,70.294,6.861,245.359,1.0
131.4666,128.261706,37.726696,2929.2642456000003,69.801,6.9,245.504,1.0
131.4833,128.261659,37.726673,2929.4867496,69.33,6.93,245.617,1.0
131.5,128.261611,37.72665,2929.71474,68.879,6.959,245.715,1.0
131.5166,128.261564,37.726627,2929.947912,68.442,6.991,245.81,1.0
131.5333,128.261517,37.726605,2930.1862656000003,67.907,7.029,245.881,1.0
131.55,128.26147,37.726583,2930.4307152,67.273,7.062,245.911,1.0
131.5666,128.261422,37.726561,2930.6815656,66.533,7.08,245.888,1.0
131.5833,128.261375,37.726539,2930.9391216,65.688,7.085,245.83,1.0
131.6,128.261327,37.726517,2931.2039928,64.741,7.084,245.758,1.0
131.6166,128.261279,37.726495,2931.4764840000003,63.697,7.081,245.687,1.0
131.6333,128.261231,37.726474,2931.7559856,62.841,7.047,245.611,1.0
131.65,128.261183,37.726452,2932.0412784000005,62.162,6.973,245.515,1.0
131.6666,128.261135,37.726431,2932.3317528000002,61.675,6.876,245.401,1.0
131.6833,128.261087,37.72641,2932.6264944,61.387,6.772,245.28,1.0
131.7,128.261039,37.726389,2932.9251984,61.298,6.672,245.158,1.0
131.7166,128.260991,37.726368,2933.2272552000004,61.396,6.579,245.042,1.0
131.7333,128.260942,37.726347,2933.53236,61.659,6.494,244.931,1.0
131.75,128.260894,37.726326,2933.8392936000005,62.047,6.417,244.826,1.0
131.7666,128.260846,37.726305,2934.1477511999997,62.527,6.348,244.724,1.0
131.7833,128.260797,37.726284,2934.4571232000003,63.074,6.286,244.626,1.0
131.8,128.260749,37.726264,2934.7674096,63.667,6.23,244.531,1.0
131.8166,128.2607,37.726243,2935.07922,64.29,6.178,244.438,1.0
131.8333,128.260651,37.726222,2935.39164,64.751,6.145,244.342,1.0
131.85,128.260603,37.726202,2935.7058888,65.056,6.129,244.243,1.0
131.8666,128.260554,37.726181,2936.0225760000003,65.202,6.121,244.144,1.0
131.8833,128.260505,37.726161,2936.3413968,65.187,6.114,244.048,1.0
131.9,128.260456,37.726141,2936.662656,65.016,6.105,243.957,1.0
131.9166,128.260408,37.72612,2936.9866584,64.699,6.095,243.87,1.0
131.9333,128.260359,37.7261,2937.313404,64.248,6.083,243.787,1.0
131.95,128.26031,37.72608,2937.6431976,63.673,6.071,243.708,1.0
131.9666,128.260261,37.72606,2937.9766488000005,62.984,6.059,243.633,1.0
131.9833,128.260211,37.72604,2938.3134528,62.188,6.048,243.561,1.0
132.0,128.260162,37.72602,2938.654524,61.292,6.037,243.492,1.0
132.0166,128.260113,37.726001,2938.9995576,60.303,6.025,243.426,1.0
132.0333,128.260064,37.725981,2939.3479440000006,59.227,6.014,243.363,1.0
132.05,128.260015,37.725961,2939.7005976,58.07,6.003,243.304,1.0
132.0666,128.259965,37.725942,2940.0572136,56.838,5.991,243.247,1.0
132.0833,128.259916,37.725922,2940.4174872000003,55.536,5.979,243.194,1.0
132.1,128.259866,37.725903,2940.7823328000004,54.169,5.967,243.144,1.0
132.1166,128.259817,37.725884,2941.1508360000003,52.743,5.955,243.097,1.0
132.1333,128.259767,37.725864,2941.5239112,51.262,5.942,243.052,1.0
132.15,128.259718,37.725845,2941.9012536,49.73,5.93,243.011,1.0
132.1666,128.259668,37.725826,2942.2828632,48.151,5.917,242.971,1.0
132.1833,128.259619,37.725807,2942.6684352,46.537,5.904,242.935,1.0
132.2,128.259569,37.725788,2943.0576647999997,44.898,5.889,242.902,1.0
132.2166,128.259519,37.725769,2943.4511616000004,43.244,5.873,242.871,1.0
132.2333,128.25947,37.72575,2943.8504496,41.555,5.857,242.842,1.0
132.25,128.25942,37.725731,2944.2537,39.837,5.842,242.814,1.0
132.2666,128.25937,37.725712,2944.6621320000004,38.09,5.828,242.787,1.0
132.2833,128.259321,37.725694,2945.0757456,36.315,5.814,242.76,1.0
132.3,128.259271,37.725675,2945.494236,34.514,5.798,242.736,1.0
132.3166,128.259221,37.725656,2945.9176032000005,32.691,5.782,242.713,1.0
132.3333,128.259171,37.725638,2946.3467616000003,30.847,5.766,242.692,1.0
132.35,128.259122,37.725619,2946.7807967999997,28.983,5.749,242.672,1.0
132.3666,128.259072,37.725601,2947.2203184,27.101,5.732,242.653,1.0
132.3833,128.259022,37.725582,2947.6653264,25.204,5.715,242.636,1.0
132.4,128.258972,37.725563,2948.1158208,23.291,5.697,242.62,1.0
132.4166,128.258922,37.725545,2948.5718016,21.366,5.679,242.606,1.0
132.4333,128.258872,37.725526,2949.0335736,19.43,5.661,242.593,1.0
132.45,128.258823,37.725508,2949.500832,17.483,5.643,242.581,1.0
132.4666,128.258773,37.72549,2949.9735768,15.528,5.624,242.57,1.0
132.4833,128.258723,37.725471,2950.4524176,13.565,5.605,242.561,1.0
132.5,128.258673,37.725453,2950.9367448,11.596,5.585,242.552,1.0
132.5166,128.258623,37.725434,2951.4268632,9.622,5.566,242.545,1.0
132.5333,128.258573,37.725416,2951.9227728,7.643,5.547,242.539,1.0
132.55,128.258524,37.725398,2952.4244736000005,5.661,5.527,242.535,1.0
132.5666,128.258474,37.725379,2952.9316608,3.676,5.507,242.531,1.0
132.5833,128.258424,37.725361,2953.4449440000003,1.689,5.487,242.528,1.0
132.6,128.258374,37.725343,2953.9637136,-0.298,5.467,242.526,1.0
132.6166,128.258324,37.725324,2954.4882744,-2.287,5.448,242.526,1.0
132.6333,128.258275,37.725306,2955.0186264,-4.277,5.428,242.526,1.0
132.65,128.258225,37.725287,2955.5541600000006,-6.266,5.408,242.527,1.0
132.6666,128.258175,37.725269,2956.0954848,-8.254,5.389,242.53,1.0
132.6833,128.258125,37.725251,2956.6422960000004,-10.242,5.369,242.533,1.0
132.7,128.258076,37.725232,2957.1945936,-12.228,5.35,242.537,1.0
132.7166,128.258026,37.725214,2957.7520728,-14.213,5.331,242.541,1.0
132.7333,128.257976,37.725195,2958.3150384,-16.197,5.326,242.543,1.0
132.75,128.257927,37.725177,2958.8834904,-18.179,5.334,242.542,1.0
132.7666,128.257877,37.725158,2959.457124,-20.16,5.351,242.537,1.0
132.7833,128.257828,37.72514,2960.0359392000005,-22.138,5.371,242.532,1.0
132.8,128.257778,37.725121,2960.619936,-24.114,5.391,242.527,1.0
132.8166,128.257729,37.725102,2961.2091144000005,-26.087,5.41,242.521,1.0
132.8333,128.257679,37.725084,2961.8034744,-28.057,5.445,242.506,1.0
132.85,128.25763,37.725065,2962.4036256000004,-30.026,5.511,242.473,1.0
132.8666,128.25758,37.725046,2963.0089583999998,-31.993,5.601,242.424,1.0
132.8833,128.257531,37.725028,2963.6194728,-33.958,5.701,242.365,1.0
132.9,128.257482,37.725009,2964.2351688000003,-35.92,5.803,242.302,1.0
132.9166,128.257432,37.72499,2964.8560464,-37.877,5.902,242.236,1.0
132.9333,128.257383,37.724971,2965.4827152,-39.831,6.014,242.155,1.0
132.95,128.257334,37.724952,2966.1151752,-41.782,6.146,242.049,1.0
132.9666,128.257285,37.724933,2966.7525120000005,-43.73,6.292,241.923,1.0
132.9833,128.257236,37.724914,2967.3956399999997,-45.677,6.441,241.786,1.0
133.0,128.257187,37.724895,2968.0436448,-47.623,6.586,241.642,1.0
133.0166,128.257138,37.724875,2968.6971360000002,-49.568,6.724,241.497,1.0
133.0333,128.257089,37.724856,2969.3542848,-51.498,6.867,241.335,1.0
133.05,128.25704,37.724837,2970.0166152,-53.416,7.024,241.143,1.0
133.0666,128.256991,37.724817,2970.6838224000003,-55.326,7.19,240.925,1.0
133.0833,128.256943,37.724798,2971.3559064,-57.23,7.354,240.693,1.0
133.1,128.256894,37.724778,2972.0319528000005,-59.131,7.51,240.455,1.0
133.1166,128.256846,37.724758,2972.7125712,-61.031,7.653,240.216,1.0
133.1333,128.256797,37.724738,2973.3959328000005,-62.855,7.799,239.964,1.0
133.15,128.256749,37.724719,2974.0826472,-64.609,7.952,239.689,1.0
133.1666,128.2567,37.724698,2974.7718,-66.306,8.103,239.397,1.0
133.1833,128.256652,37.724678,2975.4636960000003,-67.956,8.244,239.095,1.0
133.2,128.256604,37.724658,2976.15864,-69.571,8.37,238.791,1.0
133.2166,128.256556,37.724638,2976.8560224000003,-71.165,8.48,238.488,1.0
133.2333,128.256508,37.724617,2977.5543192000005,-72.675,8.588,238.169,1.0
133.25,128.25646,37.724597,2978.25414,-74.114,8.696,237.832,1.0
133.2666,128.256412,37.724576,2978.9554848000002,-75.495,8.798,237.482,1.0
133.2833,128.256364,37.724555,2979.6577440000005,-76.832,8.889,237.126,1.0
133.3,128.256316,37.724534,2980.3615272,-78.137,8.966,236.772,1.0
133.3166,128.256269,37.724513,2981.06592,-79.421,9.028,236.423,1.0
133.3333,128.256221,37.724492,2981.7703128,-80.635,9.085,236.06,1.0
133.35,128.256174,37.724471,2982.4744008000002,-81.788,9.14,235.684,1.0
133.3666,128.256126,37.72445,2983.1787936,-82.894,9.187,235.301,1.0
133.3833,128.256079,37.724428,2983.8828816,-83.962,9.223,234.918,1.0
133.4,128.256032,37.724407,2984.5863600000002,-85.002,9.247,234.539,1.0
133.4166,128.255984,37.724385,2985.2892288,-86.025,9.259,234.168,1.0
133.4333,128.255937,37.724363,2985.9908784000004,-86.987,9.266,233.79,1.0
133.45,128.25589,37.724341,2986.691004,-87.898,9.269,233.405,1.0
133.4666,128.255844,37.724319,2987.3899103999997,-88.767,9.265,233.02,1.0
133.4833,128.255797,37.724296,2988.0872928,-89.603,9.253,232.637,1.0
133.5,128.25575,37.724274,2988.7825416000005,-90.414,9.231,232.262,1.0
133.5166,128.255704,37.724252,2989.4759616,-91.208,9.201,231.894,1.0
133.5333,128.255657,37.724229,2990.1666384,-91.959,9.165,231.534,1.0
133.55,128.255611,37.724206,2990.8551816,-92.672,9.126,231.183,1.0
133.5666,128.255565,37.724183,2991.5406768000003,-93.357,9.081,230.838,1.0
133.5833,128.255518,37.72416,2992.2234288,-94.02,9.031,230.499,1.0
133.6,128.255472,37.724137,2992.9031328000005,-94.665,8.974,230.167,1.0
133.6166,128.255426,37.724113,2993.5794840000003,-95.3,8.912,229.84,1.0
133.6333,128.255381,37.72409,2994.2521776000003,-95.903,8.846,229.519,1.0
133.65,128.255335,37.724066,2994.9215184000004,-96.48,8.778,229.203,1.0
133.6666,128.255289,37.724043,2995.5868968,-97.036,8.706,228.892,1.0
133.6833,128.255244,37.724019,2996.248008,-97.574,8.631,228.586,1.0
133.7,128.255198,37.723995,2996.9051568,-98.099,8.551,228.284,1.0
133.7166,128.255153,37.72397,2997.5577336,-98.616,8.467,227.986,1.0
133.7333,128.255108,37.723946,2998.2060432000003,-99.21,8.371,227.694,1.0
133.75,128.255063,37.723921,2998.8491712000005,-99.881,8.264,227.407,1.0
133.7666,128.255018,37.723897,2999.4862032000005,-100.622,8.151,227.124,1.0
133.7833,128.254974,37.723872,3000.1171392,-101.423,8.036,226.845,1.0
133.8,128.254929,37.723847,3000.742284,-102.274,7.919,226.568,1.0
133.8166,128.254885,37.723822,3001.3607232000004,-103.162,7.801,226.294,1.0
133.8333,128.25484,37.723796,3001.9730664000003,-104.022,7.685,226.02,1.0
133.85,128.254796,37.723771,3002.578704,-104.846,7.57,225.746,1.0
133.8666,128.254752,37.723745,3003.1785504000004,-105.636,7.453,225.474,1.0
133.8833,128.254708,37.72372,3003.7719960000004,-106.393,7.33,225.203,1.0
133.9,128.254665,37.723694,3004.3581264,-107.125,7.201,224.936,1.0
133.9166,128.254621,37.723668,3004.9375511999997,-107.836,7.065,224.671,1.0
133.9333,128.254577,37.723642,3005.5099656,-108.48,6.928,224.409,1.0
133.95,128.254534,37.723615,3006.0753696,-109.065,6.79,224.148,1.0
133.9666,128.254491,37.723589,3006.6340680000003,-109.599,6.65,223.889,1.0
133.9833,128.254447,37.723563,3007.1851464000006,-110.093,6.507,223.634,1.0
134.0,128.254404,37.723536,3007.7283,-110.554,6.358,223.383,1.0
134.0166,128.254361,37.723509,3008.2638336,-110.992,6.206,223.135,1.0
134.0333,128.254318,37.723482,3008.7917472,-111.386,6.052,222.891,1.0
134.05,128.254276,37.723455,3009.311736,-111.743,5.899,222.648,1.0
134.0666,128.254233,37.723428,3009.8234952000003,-112.07,5.744,222.409,1.0
134.0833,128.254191,37.723401,3010.3270248,-112.372,5.587,222.172,1.0
134.1,128.254148,37.723374,3010.8217152,-112.656,5.429,221.938,1.0
134.1166,128.254106,37.723346,3011.3078712,-112.926,5.268,221.707,1.0
134.1333,128.254064,37.723318,3011.7857976,-113.176,5.107,221.478,1.0
134.15,128.254022,37.723291,3012.2542752000004,-113.409,4.946,221.252,1.0
134.1666,128.25398,37.723263,3012.7142184000004,-113.63,4.785,221.027,1.0
134.1833,128.253938,37.723235,3013.1647128,-113.84,4.623,220.804,1.0
134.2,128.253896,37.723207,3013.6060632,-114.041,4.46,220.583,1.0
134.2166,128.253855,37.723178,3014.0379648,-114.236,4.297,220.363,1.0
134.2333,128.253813,37.72315,3014.4607224,-114.423,4.133,220.145,1.0
134.25,128.253772,37.723122,3014.8740312,-114.602,3.97,219.928,1.0
134.2666,128.253731,37.723093,3015.2775864,-114.776,3.806,219.713,1.0
134.2833,128.25369,37.723064,3015.671388,-114.945,3.642,219.498,1.0
134.3,128.253649,37.723035,3016.055436,-115.111,3.478,219.285,1.0
134.3166,128.253608,37.723006,3016.4297304,-115.272,3.313,219.073,1.0
134.3333,128.253568,37.722977,3016.7939664,-115.43,3.149,218.861,1.0
134.35,128.253527,37.722948,3017.1484488000006,-115.585,2.984,218.651,1.0
134.3666,128.253487,37.722918,3017.492568,-115.738,2.819,218.441,1.0
134.3833,128.253447,37.722889,3017.8266288,-115.888,2.654,218.232,1.0
134.4,128.253407,37.722859,3018.1503264,-116.035,2.489,218.024,1.0
134.4166,128.253367,37.72283,3018.4639656,-116.18,2.324,217.816,1.0
134.4333,128.253327,37.7228,3018.7669368,-116.323,2.158,217.609,1.0
134.45,128.253287,37.72277,3019.0598496000002,-116.463,1.993,217.403,1.0
134.4666,128.253248,37.72274,3019.3420944,-116.601,1.827,217.197,1.0
134.4833,128.253208,37.722709,3019.6136712,-116.737,1.661,216.991,1.0
134.5,128.253169,37.722679,3019.8748848000005,-116.87,1.495,216.786,1.0
134.5166,128.25313,37.722649,3020.1251256000005,-117.002,1.329,216.582,1.0
134.5333,128.253091,37.722618,3020.3650032000005,-117.129,1.163,216.378,1.0
134.55,128.253052,37.722587,3020.593908,-117.253,0.997,216.174,1.0
134.5666,128.253013,37.722557,3020.8121448,-117.373,0.831,215.971,1.0
134.5833,128.252975,37.722526,3021.0194088000003,-117.489,0.665,215.768,1.0
134.6,128.252936,37.722495,3021.2160048,-117.603,0.499,215.565,1.0
134.6166,128.252898,37.722464,3021.4013232,-117.714,0.332,215.363,1.0
134.6333,128.25286,37.722432,3021.5759736000005,-117.819,0.166,215.161,1.0
134.65,128.252822,37.722401,3021.7393464,-117.918,0.001,214.959,1.0
134.6666,128.252784,37.722369,3021.8917464000006,-118.012,-0.164,214.758,1.0
134.6833,128.252747,37.722338,3022.0328688000004,-118.101,-0.33,214.556,1.0
134.7,128.252709,37.722306,3022.1630184,-118.186,-0.495,214.355,1.0
134.7166,128.252672,37.722274,3022.2815855999997,-118.267,-0.661,214.154,1.0
134.7333,128.252634,37.722242,3022.3894848000004,-118.342,-0.826,213.953,1.0
134.75,128.252597,37.72221,3022.4858016,-118.41,-0.99,213.752,1.0
134.7666,128.25256,37.722178,3022.5708408,-118.472,-1.152,213.551,1.0
134.7833,128.252523,37.722146,3022.6446024,-118.528,-1.315,213.35,1.0
134.8,128.252487,37.722114,3022.7070864,-118.579,-1.478,213.149,1.0
134.8166,128.25245,37.722081,3022.757988,-118.625,-1.641,212.948,1.0
134.8333,128.252414,37.722049,3022.7976120000003,-118.662,-1.802,212.748,1.0
134.85,128.252378,37.722016,3022.8259583999998,-118.691,-1.963,212.546,1.0
134.8666,128.252342,37.721983,3022.8427224,-118.712,-2.122,212.345,1.0
134.8833,128.252306,37.721951,3022.8482088,-118.727,-2.281,212.144,1.0
134.9,128.25227,37.721918,3022.8418079999997,-118.735,-2.44,211.943,1.0
134.9166,128.252234,37.721884,3022.8241296,-118.737,-2.599,211.742,1.0
134.9333,128.252199,37.721851,3022.7951736000005,-118.732,-2.757,211.54,1.0
134.95,128.252163,37.721818,3022.7543304000005,-118.719,-2.913,211.339,1.0
134.9666,128.252128,37.721785,3022.7019048,-118.699,-3.069,211.137,1.0
134.9833,128.252093,37.721751,3022.6382016,-118.673,-3.224,210.935,1.0
135.0,128.252058,37.721718,3022.5626112,-118.642,-3.379,210.733,1.0
135.0166,128.252024,37.721684,3022.4757432,-118.605,-3.533,210.532,1.0
135.0333,128.251989,37.72165,3022.376988,-118.561,-3.686,210.33,1.0
135.05,128.251955,37.721616,3022.2669552,-118.509,-3.838,210.127,1.0
135.0666,128.25192,37.721582,3022.1450352000006,-118.451,-3.989,209.924,1.0
135.0833,128.251886,37.721548,3022.0118376,-118.387,-4.139,209.721,1.0
135.1,128.251852,37.721514,3021.8667528,-118.317,-4.289,209.517,1.0
135.1166,128.251818,37.72148,3021.7100856,-118.243,-4.438,209.314,1.0
135.1333,128.251785,37.721446,3021.5415312,-118.169,-4.582,209.108,1.0
135.15,128.251751,37.721411,3021.3613944,-118.096,-4.722,208.9,1.0
135.1666,128.251718,37.721377,3021.16998,-118.02,-4.859,208.691,1.0
135.1833,128.251685,37.721342,3020.9666784000005,-117.939,-4.994,208.48,1.0
135.2,128.251652,37.721307,3020.7520992,-117.851,-5.129,208.27,1.0
135.2166,128.251619,37.721272,3020.5259376,-117.756,-5.264,208.059,1.0
135.2333,128.251586,37.721238,3020.2878888,-117.657,-5.397,207.848,1.0
135.25,128.251554,37.721203,3020.0385624000005,-117.555,-5.527,207.635,1.0
135.2666,128.251521,37.721167,3019.7779584,-117.45,-5.655,207.421,1.0
135.2833,128.251489,37.721132,3019.505772,-117.34,-5.783,207.207,1.0
135.3,128.251457,37.721097,3019.2220032000005,-117.225,-5.91,206.993,1.0
135.3166,128.251425,37.721062,3018.9269568,-117.106,-6.037,206.779,1.0
135.3333,128.251394,37.721026,3018.6206328000003,-116.984,-6.163,206.564,1.0
135.35,128.251362,37.720991,3018.3027263999998,-116.86,-6.288,206.349,1.0
135.3666,128.251331,37.720955,3017.9735424,-116.734,-6.413,206.133,1.0
135.3833,128.2513,37.720919,3017.6330808,-116.606,-6.537,205.918,1.0
135.4,128.251269,37.720884,3017.2813416000004,-116.476,-6.66,205.702,1.0
135.4166,128.251238,37.720848,3016.91802,-116.345,-6.783,205.485,1.0
135.4333,128.251207,37.720812,3016.5437256000005,-116.213,-6.905,205.268,1.0
135.45,128.251177,37.720776,3016.1581536,-116.082,-7.026,205.051,1.0
135.4666,128.251146,37.72074,3015.7616088,-115.95,-7.147,204.833,1.0
135.4833,128.251116,37.720704,3015.3534816,-115.818,-7.266,204.615,1.0
135.5,128.251086,37.720667,3014.9346864000004,-115.685,-7.385,204.396,1.0
135.5166,128.251057,37.720631,3014.5043088,-115.551,-7.504,204.177,1.0
135.5333,128.251027,37.720594,3014.0632632,-115.416,-7.621,203.958,1.0
135.55,128.250998,37.720558,3013.61094,-115.282,-7.738,203.738,1.0
135.5666,128.250968,37.720521,3013.1479488000004,-115.148,-7.854,203.517,1.0
135.5833,128.250939,37.720485,3012.6736800000003,-115.013,-7.97,203.297,1.0
135.6,128.250911,37.720448,3012.1887432000003,-114.877,-8.084,203.076,1.0
135.6166,128.250882,37.720411,3011.6928336,-114.74,-8.198,202.854,1.0
135.6333,128.250853,37.720374,3011.186256,-114.603,-8.312,202.632,1.0
135.65,128.250825,37.720337,3010.6687056000005,-114.466,-8.424,202.41,1.0
135.6666,128.250797,37.7203,3010.1404872000003,-114.329,-8.536,202.187,1.0
135.6833,128.250769,37.720263,3009.6012960000003,-114.192,-8.647,201.963,1.0
135.7,128.250741,37.720226,3009.0517416000002,-114.054,-8.758,201.74,1.0
135.7166,128.250714,37.720188,3008.4912144000004,-113.915,-8.868,201.516,1.0
135.7333,128.250686,37.720151,3007.9203239999997,-113.774,-8.977,201.292,1.0
135.75,128.250659,37.720114,3007.3387656,-113.633,-9.085,201.067,1.0
135.7666,128.250632,37.720076,3006.7468440000002,-113.49,-9.192,200.841,1.0
135.7833,128.250605,37.720038,3006.1442544,-113.345,-9.299,200.616,1.0
135.8,128.250578,37.720001,3005.5313016,-113.199,-9.405,200.39,1.0
135.8166,128.250552,37.719963,3004.9079856,-113.051,-9.51,200.164,1.0
135.8333,128.250526,37.719925,3004.2740016,-112.902,-9.615,199.937,1.0
135.85,128.2505,37.719887,3003.6299592,-112.752,-9.719,199.71,1.0
135.8666,128.250474,37.719849,3002.9755536,-112.6,-9.822,199.483,1.0
135.8833,128.250448,37.719811,3002.3107848000004,-112.448,-9.924,199.256,1.0
135.9,128.250423,37.719773,3001.6359576000004,-112.293,-10.025,199.028,1.0
135.9166,128.250397,37.719735,3000.951072,-112.138,-10.126,198.8,1.0
135.9333,128.250372,37.719697,3000.2561280000004,-111.979,-10.226,198.571,1.0
135.95,128.250347,37.719659,2999.5508208,-111.816,-10.325,198.343,1.0
135.9666,128.250322,37.71962,2998.8357600000004,-111.649,-10.422,198.113,1.0
135.9833,128.250298,37.719582,2998.1106408,-111.479,-10.519,197.884,1.0
136.0,128.250273,37.719543,2997.375768,-111.307,-10.615,197.654,1.0
136.0166,128.250249,37.719505,2996.6308368000005,-111.131,-10.711,197.424,1.0
136.0333,128.250225,37.719466,2995.8764568,-110.949,-10.805,197.193,1.0
136.05,128.250202,37.719427,2995.1123232000004,-110.761,-10.898,196.963,1.0
136.0666,128.250178,37.719389,2994.338436,-110.567,-10.989,196.731,1.0
136.0833,128.250155,37.71935,2993.5547952,-110.368,-11.08,196.5,1.0
136.1,128.250131,37.719311,2992.7620104,-110.164,-11.17,196.268,1.0
136.1166,128.250108,37.719272,2991.9591672,-109.957,-11.26,196.036,1.0
136.1333,128.250086,37.719233,2991.1477896000006,-109.736,-11.347,195.804,1.0
136.15,128.250063,37.719194,2990.3269632,-109.501,-11.431,195.571,1.0
136.1666,128.25004,37.719155,2989.496688,-109.254,-11.515,195.337,1.0
136.1833,128.250018,37.719116,2988.6575736000004,-108.997,-11.597,195.103,1.0
136.2,128.249996,37.719076,2987.8093152,-108.731,-11.678,194.869,1.0
136.2166,128.249974,37.719037,2986.9519128,-108.457,-11.759,194.636,1.0
136.2333,128.249953,37.718998,2986.0859760000003,-108.15,-11.831,194.413,1.0
136.25,128.249931,37.718958,2985.2121144000002,-107.81,-11.896,194.2,1.0
136.2666,128.24991,37.718919,2984.3297184000003,-107.442,-11.956,193.993,1.0
136.2833,128.249889,37.718879,2983.4390928000003,-107.048,-12.013,193.789,1.0
136.3,128.249868,37.71884,2982.5402375999997,-106.633,-12.071,193.585,1.0
136.3166,128.249847,37.7188,2981.6331528,-106.2,-12.128,193.38,1.0
136.3333,128.249827,37.71876,2980.7175336,-105.777,-12.18,193.194,1.0
136.35,128.249806,37.71872,2979.7942943999997,-105.37,-12.223,193.047,1.0
136.3666,128.249786,37.718681,2978.8631304000005,-104.983,-12.249,192.955,1.0
136.3833,128.249766,37.718641,2977.9246512,-104.615,-12.263,192.911,1.0
136.4,128.249746,37.718601,2976.978552,-104.26,-12.268,192.891,1.0
136.4166,128.249727,37.718561,2976.0254424,-103.911,-12.269,192.876,1.0
136.4333,128.249707,37.718521,2975.0656272,-103.459,-12.254,192.883,1.0
136.45,128.249688,37.718481,2974.0994112000003,-102.912,-12.219,192.931,1.0
136.4666,128.249669,37.718441,2973.1280136,-102.266,-12.169,193.024,1.0
136.4833,128.24965,37.7184,2972.1514344,-101.516,-12.112,193.144,1.0
136.5,128.249631,37.71836,2971.1702832,-100.66,-12.055,193.272,1.0
136.5166,128.249612,37.71832,2970.18456,-99.698,-12.001,193.397,1.0
136.5333,128.249593,37.71828,2969.1954840000003,-98.923,-11.971,193.539,1.0
136.55,128.249575,37.718239,2968.2021408,-98.327,-11.964,193.696,1.0
136.5666,128.249556,37.718199,2967.2033112,-97.92,-11.97,193.858,1.0
136.5833,128.249538,37.718159,2966.1999096000004,-97.709,-11.978,194.02,1.0
136.6,128.249519,37.718118,2965.1913264,-97.69,-11.984,194.177,1.0
136.6166,128.249501,37.718078,2964.1781712,-97.854,-11.987,194.328,1.0
136.6333,128.249483,37.718037,2963.1598344000004,-98.124,-11.983,194.471,1.0
136.65,128.249465,37.717996,2962.136316,-98.461,-11.97,194.607,1.0
136.6666,128.249448,37.717956,2961.1082256000004,-98.839,-11.951,194.736,1.0
136.6833,128.24943,37.717915,2960.0752584,-99.241,-11.929,194.859,1.0
136.7,128.249412,37.717874,2959.038024,-99.653,-11.906,194.977,1.0
136.7166,128.249395,37.717834,2957.9965224000002,-100.071,-11.885,195.089,1.0
136.7333,128.249378,37.717793,2956.9501440000004,-100.505,-11.866,195.196,1.0
136.75,128.24936,37.717752,2955.8991936,-100.955,-11.85,195.298,1.0
136.7666,128.249343,37.717711,2954.8442808,-101.42,-11.835,195.395,1.0
136.7833,128.249326,37.71767,2953.7844912,-101.898,-11.82,195.487,1.0
136.8,128.249309,37.717629,2952.7204344,-102.388,-11.805,195.574,1.0
136.8166,128.249292,37.717588,2951.6521104,-102.887,-11.791,195.657,1.0
136.8333,128.249275,37.717547,2950.5792144,-103.225,-11.763,195.732,1.0
136.85,128.249259,37.717506,2949.502356,-103.411,-11.722,195.799,1.0
136.8666,128.249242,37.717465,2948.4224496,-103.442,-11.677,195.861,1.0
136.8833,128.249225,37.717424,2947.3391904,-103.318,-11.633,195.92,1.0
136.9,128.249208,37.717383,2946.253188,-103.045,-11.593,195.976,1.0
136.9166,128.249192,37.717342,2945.1641376,-102.633,-11.558,196.03,1.0
136.9333,128.249175,37.717301,2944.072344,-102.158,-11.531,196.082,1.0
136.95,128.249158,37.71726,2942.9775024,-101.651,-11.514,196.135,1.0
136.9666,128.249142,37.717219,2941.8796128,-101.131,-11.504,196.186,1.0
136.9833,128.249125,37.717177,2940.7780656,-100.609,-11.496,196.237,1.0
137.0,128.249108,37.717136,2939.6734704,-100.094,-11.489,196.286,1.0
137.0166,128.249092,37.717095,2938.5658272,-99.586,-11.482,196.334,1.0
137.0333,128.249075,37.717054,2937.455136,-99.091,-11.476,196.382,1.0
137.05,128.249059,37.717012,2936.3410920000006,-98.609,-11.47,196.428,1.0
137.0666,128.249042,37.716971,2935.2243048,-98.134,-11.465,196.472,1.0
137.0833,128.249026,37.71693,2934.1047744,-97.667,-11.461,196.515,1.0
137.1,128.249009,37.716888,2932.9821960000004,-97.205,-11.457,196.557,1.0
137.1166,128.248993,37.716847,2931.8565696,-96.746,-11.453,196.598,1.0
137.1333,128.248976,37.716805,2930.7282,-96.273,-11.449,196.637,1.0
137.15,128.24896,37.716764,2929.5973920000006,-95.786,-11.444,196.675,1.0
137.1666,128.248943,37.716722,2928.463536,-95.286,-11.439,196.712,1.0
137.1833,128.248927,37.716681,2927.3272416000004,-94.775,-11.435,196.747,1.0
137.2,128.248911,37.716639,2926.188204,-94.258,-11.433,196.782,1.0
137.2166,128.248894,37.716598,2925.0464232000004,-93.736,-11.432,196.816,1.0
137.2333,128.248878,37.716556,2923.902204,-93.194,-11.431,196.85,1.0
137.25,128.248861,37.716515,2922.7552416000003,-92.634,-11.429,196.883,1.0
137.2666,128.248845,37.716473,2921.605536,-92.059,-11.427,196.915,1.0
137.2833,128.248828,37.716431,2920.4533920000003,-91.473,-11.427,196.947,1.0
137.3,128.248812,37.71639,2919.2985048,-90.88,-11.428,196.978,1.0
137.3166,128.248795,37.716348,2918.141484,-90.282,-11.43,197.008,1.0
137.3333,128.248779,37.716306,2916.9814152,-89.653,-11.431,197.039,1.0
137.35,128.248762,37.716265,2915.8186032000003,-88.997,-11.431,197.069,1.0
137.3666,128.248746,37.716223,2914.6533528000004,-88.318,-11.43,197.099,1.0
137.3833,128.248729,37.716181,2913.4856640000003,-87.621,-11.432,197.129,1.0
137.4,128.248713,37.716139,2912.3155368000002,-86.911,-11.435,197.158,1.0
137.4166,128.248696,37.716098,2911.1429712000004,-86.194,-11.44,197.187,1.0
137.4333,128.24868,37.716056,2909.9673576000005,-85.436,-11.443,197.216,1.0
137.45,128.248663,37.716014,2908.788696,-84.643,-11.445,197.246,1.0
137.4666,128.248647,37.715972,2907.6079008,-83.821,-11.446,197.276,1.0
137.4833,128.24863,37.71593,2906.4246672,-82.977,-11.45,197.305,1.0
137.5,128.248613,37.715888,2905.2386904,-82.116,-11.455,197.334,1.0
137.5166,128.248597,37.715846,2904.0502752,-81.244,-11.463,197.364,1.0
137.5333,128.24858,37.715804,2902.8585072,-80.323,-11.469,197.394,1.0
137.55,128.248563,37.715763,2901.6636912000004,-79.358,-11.473,197.425,1.0
137.5666,128.248547,37.715721,2900.4664368000003,-78.357,-11.477,197.457,1.0
137.5833,128.24853,37.715679,2899.2667440000005,-77.328,-11.484,197.488,1.0
137.6,128.248513,37.715637,2898.0640032000006,-76.278,-11.492,197.52,1.0
137.6166,128.248496,37.715594,2896.858824,-75.214,-11.504,197.551,1.0
137.6333,128.248479,37.715552,2895.6502920000003,-74.089,-11.513,197.584,1.0
137.65,128.248463,37.71551,2894.4381024000004,-72.909,-11.52,197.618,1.0
137.6666,128.248446,37.715468,2893.2231696,-71.684,-11.528,197.654,1.0
137.6833,128.248429,37.715426,2892.0054936,-70.423,-11.538,197.69,1.0
137.7,128.248412,37.715384,2890.7850744,-69.136,-11.551,197.725,1.0
137.7166,128.248395,37.715342,2889.561912,-67.832,-11.567,197.759,1.0
137.7333,128.248378,37.7153,2888.3344824,-66.476,-11.583,197.796,1.0
137.75,128.248361,37.715258,2887.1037,-65.073,-11.598,197.834,1.0
137.7666,128.248344,37.715215,2885.8695648,-63.623,-11.613,197.875,1.0
137.7833,128.248327,37.715173,2884.631772,-62.127,-11.63,197.915,1.0
137.8,128.24831,37.715131,2883.3909312,-60.59,-11.648,197.956,1.0
137.8166,128.248293,37.715089,2882.1470424,-59.024,-11.67,197.996,1.0
137.8333,128.248276,37.715046,2880.8988864000003,-57.416,-11.693,198.037,1.0
137.85,128.248258,37.715004,2879.6476824,-55.773,-11.718,198.08,1.0
137.8666,128.248241,37.714962,2878.3928208,-54.094,-11.745,198.123,1.0
137.8833,128.248224,37.71492,2877.1346064,-52.382,-11.773,198.167,1.0
137.9,128.248207,37.714877,2875.8727344000004,-50.637,-11.804,198.211,1.0
137.9166,128.248189,37.714835,2874.6075096000004,-48.861,-11.836,198.255,1.0
137.9333,128.248172,37.714792,2873.338932,-47.056,-11.871,198.3,1.0
137.95,128.248155,37.71475,2872.0666968,-45.221,-11.908,198.344,1.0
137.9666,128.248137,37.714708,2870.7914136,-43.359,-11.947,198.389,1.0
137.9833,128.24812,37.714665,2869.5124728,-41.471,-11.987,198.434,1.0
138.0,128.248103,37.714623,2868.2301792,-39.558,-12.031,198.478,1.0
138.0166,128.248085,37.71458,2866.9448376,-37.619,-12.076,198.522,1.0
138.0333,128.248068,37.714538,2865.6558384,-35.657,-12.123,198.566,1.0
138.05,128.24805,37.714495,2864.3637912000004,-33.67,-12.172,198.609,1.0
138.0666,128.248033,37.714453,2863.0683912000004,-31.661,-12.224,198.652,1.0
138.0833,128.248015,37.71441,2861.7696384,-29.63,-12.277,198.693,1.0
138.1,128.247998,37.714368,2860.4678375999997,-27.576,-12.333,198.734,1.0
138.1166,128.247981,37.714325,2859.162684,-25.5,-12.39,198.774,1.0
138.1333,128.247963,37.714283,2857.8544824000005,-23.403,-12.449,198.813,1.0
138.15,128.247945,37.71424,2856.5429280000003,-21.285,-12.51,198.85,1.0
138.1666,128.247928,37.714197,2855.2283256000005,-19.145,-12.573,198.886,1.0
138.1833,128.24791,37.714155,2853.9106752000002,-16.985,-12.638,198.921,1.0
138.2,128.247893,37.714112,2852.589672,-14.803,-12.704,198.953,1.0
138.2166,128.247875,37.714069,2851.2659256,-12.602,-12.772,198.985,1.0
138.2333,128.247858,37.714027,2849.9388264,-10.379,-12.836,199.013,1.0
138.25,128.24784,37.713984,2848.608984,-8.136,-12.896,199.038,1.0
138.2666,128.247822,37.713941,2847.2760936000004,-5.872,-12.955,199.062,1.0
138.2833,128.247805,37.713899,2845.9401552000004,-3.588,-13.014,199.083,1.0
138.3,128.247787,37.713856,2844.6011688000003,-1.284,-13.075,199.103,1.0
138.3166,128.24777,37.713813,2843.2591344,1.039,-13.138,199.121,1.0
138.3333,128.247752,37.71377,2841.9152712000005,3.383,-13.18,199.138,1.0
138.35,128.247734,37.713727,2840.5695792,5.746,-13.179,199.158,1.0
138.3666,128.247717,37.713684,2839.2223632,8.127,-13.135,199.182,1.0
138.3833,128.247699,37.713642,2837.8730136,10.527,-13.067,199.21,1.0
138.4,128.247681,37.713599,2836.52214,12.946,-12.996,199.241,1.0
138.4166,128.247663,37.713556,2835.1700472,15.38,-12.932,199.273,1.0
138.4333,128.247646,37.713513,2833.8197832,17.774,-12.854,199.31,1.0
138.45,128.247628,37.71347,2832.471348,20.123,-12.742,199.361,1.0
138.4666,128.24761,37.713427,2831.125656,22.434,-12.596,199.43,1.0
138.4833,128.247592,37.713384,2829.7805736000005,24.716,-12.435,199.515,1.0
138.5,128.247574,37.713341,2828.4376248,26.98,-12.277,199.608,1.0
138.5166,128.247556,37.713298,2827.0965048000003,29.234,-12.132,199.706,1.0
138.5333,128.247538,37.713255,2825.759652,31.332,-11.975,199.81,1.0
138.55,128.24752,37.713212,2824.4279808,33.284,-11.79,199.931,1.0
138.5666,128.247502,37.713169,2823.1024056000006,35.116,-11.578,200.079,1.0
138.5833,128.247484,37.713126,2821.7829263999997,36.857,-11.361,200.249,1.0
138.6,128.247466,37.713083,2820.4689336,38.535,-11.154,200.431,1.0
138.6166,128.247448,37.71304,2819.1595128,40.177,-10.965,200.617,1.0
138.6333,128.247429,37.712997,2817.8580168000003,41.668,-10.77,200.813,1.0
138.65,128.247411,37.712954,2816.5644456,43.023,-10.551,201.031,1.0
138.6666,128.247392,37.712911,2815.279104,44.273,-10.319,201.272,1.0
138.6833,128.247373,37.712868,2814.0026016,45.444,-10.09,201.526,1.0
138.7,128.247354,37.712825,2812.7325,46.561,-9.876,201.785,1.0
138.7166,128.247335,37.712782,2811.4697136,47.646,-9.681,202.042,1.0
138.7333,128.247316,37.712739,2810.2166807999997,48.629,-9.483,202.309,1.0
138.75,128.247297,37.712696,2808.9724872,49.527,-9.278,202.587,1.0
138.7666,128.247278,37.712653,2807.7380472,50.358,-9.073,202.873,1.0
138.7833,128.247258,37.71261,2806.5112272,51.142,-8.878,203.16,1.0
138.8,128.247238,37.712567,2805.2929416,51.893,-8.696,203.446,1.0
138.8166,128.247218,37.712524,2804.0831904,52.624,-8.528,203.728,1.0
138.8333,128.247198,37.712481,2802.882888,53.298,-8.369,204.003,1.0
138.85,128.247178,37.712438,2801.6920344,53.923,-8.216,204.273,1.0
138.8666,128.247158,37.712395,2800.5097152,54.512,-8.07,204.538,1.0
138.8833,128.247137,37.712352,2799.3362352000004,55.073,-7.932,204.802,1.0
138.9,128.247116,37.71231,2798.1712896000004,55.614,-7.802,205.064,1.0
138.9166,128.247095,37.712267,2797.0145736000004,56.144,-7.679,205.325,1.0
138.9333,128.247074,37.712224,2795.8673064,56.64,-7.561,205.584,1.0
138.95,128.247053,37.712182,2794.7288784,57.107,-7.445,205.84,1.0
138.9666,128.247032,37.712139,2793.5989848000004,57.552,-7.334,206.093,1.0
138.9833,128.24701,37.712096,2792.4773208,57.981,-7.227,206.345,1.0
139.0,128.246988,37.712054,2791.3641912000003,58.397,-7.126,206.596,1.0
139.0166,128.246966,37.712011,2790.2589864,58.806,-7.029,206.846,1.0
139.0333,128.246944,37.711969,2789.1614016,59.255,-6.938,207.097,1.0
139.05,128.246922,37.711927,2788.0705224,59.744,-6.854,207.349,1.0
139.0666,128.246899,37.711884,2786.9869584,60.268,-6.774,207.599,1.0
139.0833,128.246877,37.711842,2785.9107096000002,60.822,-6.696,207.848,1.0
139.1,128.246854,37.7118,2784.841776,61.399,-6.62,208.095,1.0
139.1166,128.246831,37.711758,2783.7801576,61.99,-6.546,208.34,1.0
139.1333,128.246807,37.711715,2782.7261592,62.518,-6.471,208.581,1.0
139.15,128.246784,37.711673,2781.6800856,62.981,-6.395,208.82,1.0
139.1666,128.24676,37.711631,2780.6425464000004,63.387,-6.321,209.057,1.0
139.1833,128.246737,37.711589,2779.6126272,63.747,-6.251,209.295,1.0
139.2,128.246712,37.711548,2778.5900232000004,64.073,-6.187,209.536,1.0
139.2166,128.246688,37.711506,2777.5750392000004,64.377,-6.128,209.777,1.0
139.2333,128.246664,37.711464,2776.5679800000003,64.634,-6.068,210.019,1.0
139.25,128.246639,37.711422,2775.568236,64.854,-6.008,210.261,1.0
139.2666,128.246614,37.711381,2774.5755024,65.043,-5.948,210.502,1.0
139.2833,128.246589,37.711339,2773.5903888000003,65.21,-5.89,210.745,1.0
139.3,128.246564,37.711298,2772.6119808,65.36,-5.833,210.987,1.0
139.3166,128.246539,37.711256,2771.640888,65.498,-5.778,211.23,1.0
139.3333,128.246513,37.711215,2770.6761960000003,65.628,-5.725,211.474,1.0
139.35,128.246487,37.711174,2769.7188192000003,65.751,-5.671,211.717,1.0
139.3666,128.246461,37.711133,2768.7678432000002,65.871,-5.619,211.96,1.0
139.3833,128.246435,37.711091,2767.8235728,65.988,-5.566,212.203,1.0
139.4,128.246408,37.71105,2766.886008,66.104,-5.514,212.445,1.0
139.4166,128.246382,37.711009,2765.9551488,66.218,-5.463,212.687,1.0
139.4333,128.246355,37.710969,2765.0303856,66.338,-5.412,212.928,1.0
139.45,128.246328,37.710928,2764.1120232000003,66.464,-5.363,213.169,1.0
139.4666,128.246301,37.710887,2763.2003664000003,66.597,-5.314,213.41,1.0
139.4833,128.246273,37.710846,2762.2948056000005,66.733,-5.266,213.65,1.0
139.5,128.246245,37.710806,2761.3956456,66.872,-5.218,213.89,1.0
139.5166,128.246218,37.710765,2760.5028864,67.013,-5.17,214.13,1.0
139.5333,128.24619,37.710725,2759.6162232,67.159,-5.122,214.368,1.0
139.55,128.246161,37.710685,2758.7359608,67.307,-5.076,214.607,1.0
139.5666,128.246133,37.710644,2757.8614896000004,67.457,-5.03,214.846,1.0
139.5833,128.246104,37.710604,2756.9934192000005,67.609,-4.984,215.084,1.0
139.6,128.246076,37.710564,2756.13114,67.762,-4.939,215.322,1.0
139.6166,128.246047,37.710524,2755.2749568,67.916,-4.895,215.56,1.0
139.6333,128.246018,37.710484,2754.4248696,68.066,-4.85,215.798,1.0
139.65,128.245988,37.710444,2753.5805736,68.214,-4.806,216.036,1.0
139.6666,128.245959,37.710405,2752.7423736000005,68.359,-4.763,216.273,1.0
139.6833,128.245929,37.710365,2751.9099647999997,68.502,-4.72,216.511,1.0
139.7,128.245899,37.710325,2751.0833472,68.642,-4.678,216.748,1.0
139.7166,128.245869,37.710286,2750.262216,68.782,-4.636,216.986,1.0
139.7333,128.245838,37.710247,2749.4471808,68.916,-4.595,217.224,1.0
139.75,128.245808,37.710207,2748.6376320000004,69.047,-4.554,217.462,1.0
139.7666,128.245777,37.710168,2747.8335696,69.175,-4.513,217.7,1.0
139.7833,128.245746,37.710129,2747.0352984,69.299,-4.472,217.937,1.0
139.8,128.245715,37.71009,2746.2425136,69.422,-4.433,218.175,1.0
139.8166,128.245684,37.710051,2745.4552152,69.543,-4.393,218.413,1.0
139.8333,128.245652,37.710012,2744.6730984000005,69.66,-4.354,218.652,1.0
139.85,128.245621,37.709974,2743.8967728000002,69.774,-4.315,218.89,1.0
139.8666,128.245589,37.709935,2743.1256288,69.886,-4.277,219.128,1.0
139.8833,128.245557,37.709897,2742.3596664,69.995,-4.238,219.366,1.0
139.9,128.245525,37.709858,2741.5991904,70.102,-4.2,219.604,1.0
139.9166,128.245492,37.70982,2740.8435912,70.208,-4.163,219.842,1.0
139.9333,128.24546,37.709782,2740.0934784000005,70.312,-4.126,220.081,1.0
139.95,128.245427,37.709744,2739.3485472,70.414,-4.089,220.319,1.0
139.9666,128.245394,37.709706,2738.6087976,70.513,-4.052,220.557,1.0
139.9833,128.245361,37.709668,2737.8739248,70.611,-4.015,220.795,1.0
140.0,128.245327,37.70963,2737.1439288,70.708,-3.979,221.034,1.0
140.0166,128.245294,37.709592,2736.4191144,70.805,-3.943,221.272,1.0
140.0333,128.24526,37.709555,2735.6994816,70.899,-3.907,221.511,1.0
140.05,128.245226,37.709517,2734.9844208000004,70.993,-3.872,221.749,1.0
140.0666,128.245192,37.70948,2734.2742368000004,71.085,-3.837,221.987,1.0
140.0833,128.245158,37.709442,2733.5692344000004,71.177,-3.802,222.226,1.0
140.1,128.245123,37.709405,2732.868804,71.268,-3.767,222.464,1.0
140.1166,128.245088,37.709368,2732.1732504,71.358,-3.733,222.703,1.0
140.1333,128.245054,37.709331,2731.4822688000004,71.448,-3.698,222.941,1.0
140.15,128.245019,37.709294,2730.7961640000003,71.538,-3.663,223.179,1.0
140.1666,128.244983,37.709258,2730.1146312,71.628,-3.628,223.417,1.0
140.1833,128.244948,37.709221,2729.4376704,71.717,-3.593,223.655,1.0
140.2,128.244912,37.709185,2728.7655864000003,71.804,-3.558,223.893,1.0
140.2166,128.244877,37.709148,2728.0977696,71.891,-3.524,224.131,1.0
140.2333,128.244841,37.709112,2727.4345248,71.977,-3.49,224.369,1.0
140.25,128.244805,37.709076,2726.7761568,72.064,-3.454,224.607,1.0
140.2666,128.244768,37.70904,2726.1217512,72.149,-3.419,224.845,1.0
140.2833,128.244732,37.709004,2725.4722224,72.233,-3.383,225.082,1.0
140.3,128.244695,37.708968,2724.8269608,72.316,-3.349,225.32,1.0
140.3166,128.244658,37.708932,2724.1862712,72.397,-3.314,225.558,1.0
140.3333,128.244621,37.708897,2723.5495440000004,72.477,-3.279,225.795,1.0
140.35,128.244584,37.708861,2722.9173888,72.557,-3.244,226.033,1.0
140.3666,128.244547,37.708826,2722.2895008000005,72.635,-3.208,226.27,1.0
140.3833,128.244509,37.708791,2721.6661848000003,72.712,-3.173,226.507,1.0
140.4,128.244471,37.708756,2721.0468312,72.786,-3.137,226.745,1.0
140.4166,128.244434,37.708721,2720.4317448,72.86,-3.103,226.982,1.0
140.4333,128.244396,37.708686,2719.8209256000005,72.932,-3.068,227.22,1.0
140.45,128.244357,37.708651,2719.2140688000004,73.002,-3.032,227.457,1.0
140.4666,128.244319,37.708617,2718.6114792,73.071,-2.996,227.694,1.0
140.4833,128.24428,37.708582,2718.0131568,73.137,-2.96,227.931,1.0
140.5,128.244242,37.708548,2717.4191016,73.202,-2.925,228.168,1.0
140.5166,128.244203,37.708514,2716.828704,73.265,-2.89,228.406,1.0
140.5333,128.244164,37.708479,2716.2425736000005,73.326,-2.855,228.643,1.0
140.55,128.244124,37.708445,2715.6607104,73.384,-2.819,228.88,1.0
140.5666,128.244085,37.708412,2715.0825048,73.441,-2.782,229.116,1.0
140.5833,128.244045,37.708378,2714.5085664000003,73.494,-2.746,229.353,1.0
140.6,128.244005,37.708344,2713.9385904,73.546,-2.711,229.59,1.0
140.6166,128.243965,37.708311,2713.3725768,73.596,-2.675,229.827,1.0
140.6333,128.243925,37.708278,2712.8102208,73.647,-2.637,230.064,1.0
140.65,128.243885,37.708244,2712.252132,73.698,-2.596,230.299,1.0
140.6666,128.243845,37.708211,2711.6977008000003,73.749,-2.554,230.534,1.0
140.6833,128.243804,37.708178,2711.1472320000003,73.795,-2.512,230.769,1.0
140.7,128.243763,37.708145,2710.6007256000003,73.836,-2.471,231.004,1.0
140.7166,128.243722,37.708113,2710.0584864,73.874,-2.43,231.24,1.0
140.7333,128.243681,37.70808,2709.5192952,73.914,-2.385,231.474,1.0
140.75,128.24364,37.708048,2708.9840664000003,73.957,-2.336,231.707,1.0
140.7666,128.243598,37.708016,2708.4531048000003,74.0,-2.284,231.94,1.0
140.7833,128.243557,37.707983,2707.9258008,74.037,-2.232,232.172,1.0
140.8,128.243515,37.707951,2707.4024592,74.068,-2.181,232.405,1.0
140.8166,128.243473,37.70792,2706.88308,74.094,-2.131,232.638,1.0
140.8333,128.243431,37.707888,2706.3676632,74.114,-2.082,232.872,1.0
140.85,128.243388,37.707856,2705.8562088,74.13,-2.032,233.105,1.0
140.8666,128.243346,37.707825,2705.3484120000003,74.143,-1.983,233.339,1.0
140.8833,128.243303,37.707793,2704.8445776000003,74.155,-1.934,233.573,1.0
140.9,128.243261,37.707762,2704.3447056000005,74.165,-1.885,233.806,1.0
140.9166,128.243218,37.707731,2703.8484912000004,74.175,-1.836,234.04,1.0
140.9333,128.243175,37.7077,2703.356544,74.181,-1.787,234.274,1.0
140.95,128.243131,37.707669,2702.8682544000003,74.186,-1.737,234.508,1.0
140.9666,128.243088,37.707639,2702.3839272,74.188,-1.688,234.742,1.0
140.9833,128.243044,37.707608,2701.9032576000004,74.189,-1.638,234.976,1.0
141.0,128.243001,37.707578,2701.4268552000003,74.188,-1.589,235.21,1.0
141.0166,128.242957,37.707548,2700.9541104,74.187,-1.54,235.444,1.0
141.0333,128.242913,37.707518,2700.4856328000005,74.182,-1.491,235.679,1.0
141.05,128.242869,37.707488,2700.0208128,74.176,-1.441,235.913,1.0
141.0666,128.242824,37.707458,2699.5599552000003,74.167,-1.391,236.147,1.0
141.0833,128.24278,37.707428,2699.1033648,74.158,-1.341,236.381,1.0
141.1,128.242735,37.707399,2698.6504320000004,74.146,-1.292,236.615,1.0
141.1166,128.242691,37.70737,2698.2014616,74.134,-1.242,236.85,1.0
141.1333,128.242646,37.70734,2697.7567584,74.12,-1.192,237.084,1.0
141.15,128.242601,37.707311,2697.3157128,74.104,-1.142,237.318,1.0
141.1666,128.242555,37.707283,2696.8789344,74.085,-1.092,237.553,1.0
141.1833,128.24251,37.707254,2696.4461184,74.066,-1.042,237.787,1.0
141.2,128.242465,37.707225,2696.0172648,74.045,-0.991,238.021,1.0
141.2166,128.242419,37.707197,2695.5923736000004,74.024,-0.941,238.256,1.0
141.2333,128.242373,37.707168,2695.1717496,74.0,-0.891,238.491,1.0
141.25,128.242327,37.70714,2694.755088,73.974,-0.84,238.725,1.0
141.2666,128.242281,37.707112,2694.3423888,73.946,-0.789,238.96,1.0
141.2833,128.242235,37.707085,2693.9339568,73.917,-0.738,239.194,1.0
141.3,128.242188,37.707057,2693.5297920000003,73.887,-0.687,239.429,1.0
141.3166,128.242142,37.707029,2693.1292848000003,73.856,-0.636,239.664,1.0
141.3333,128.242095,37.707002,2692.7333496,73.823,-0.584,239.898,1.0
141.35,128.242049,37.706975,2692.3413768,73.789,-0.533,240.133,1.0
141.3666,128.242002,37.706948,2691.9536712000004,73.753,-0.481,240.368,1.0
141.3833,128.241955,37.706921,2691.5702328,73.716,-0.429,240.602,1.0
141.4,128.241907,37.706894,2691.1907568,73.678,-0.376,240.837,1.0
141.4166,128.24186,37.706867,2690.815548,73.639,-0.324,241.072,1.0
141.4333,128.241813,37.706841,2690.4446064,73.599,-0.272,241.306,1.0
141.45,128.241765,37.706815,2690.077932,73.558,-0.219,241.541,1.0
141.4666,128.241717,37.706788,2689.7158296000002,73.516,-0.166,241.776,1.0
141.4833,128.241669,37.706762,2689.3576896000004,73.472,-0.112,242.01,1.0
141.5,128.241621,37.706737,2689.0038168000005,73.429,-0.059,242.245,1.0
141.5166,128.241573,37.706711,2688.654516,73.384,-0.005,242.48,1.0
141.5333,128.241525,37.706685,2688.3094824000004,73.339,0.048,242.714,1.0
141.55,128.241477,37.70666,2687.9687160000003,73.292,0.102,242.949,1.0
141.5666,128.241428,37.706635,2687.6325216,73.244,0.157,243.183,1.0
141.5833,128.241379,37.70661,2687.3005943999997,73.195,0.212,243.418,1.0
141.6,128.241331,37.706585,2686.9729344,73.146,0.267,243.652,1.0
141.6166,128.241282,37.70656,2686.6501512,73.096,0.322,243.887,1.0
141.6333,128.241233,37.706536,2686.3316352000006,73.045,0.378,244.121,1.0
141.65,128.241184,37.706511,2686.0173864000003,72.992,0.434,244.356,1.0
141.6666,128.241134,37.706487,2685.7080144,72.939,0.49,244.59,1.0
141.6833,128.241085,37.706463,2685.4029096000004,72.884,0.547,244.824,1.0
141.7,128.241036,37.706439,2685.1026816,72.829,0.604,245.059,1.0
141.7166,128.240986,37.706415,2684.8067208,72.773,0.661,245.293,1.0
141.7333,128.240936,37.706392,2684.5156368000003,72.716,0.718,245.527,1.0
141.75,128.240886,37.706368,2684.2291248,72.658,0.776,245.761,1.0
141.7666,128.240836,37.706345,2683.9471848000003,72.599,0.834,245.996,1.0
141.7833,128.240786,37.706322,2683.6698168000003,72.539,0.893,246.23,1.0
141.8,128.240736,37.706299,2683.3973256000004,72.479,0.951,246.464,1.0
141.8166,128.240686,37.706276,2683.1297112,72.418,1.01,246.698,1.0
141.8333,128.240635,37.706254,2682.8666688000003,72.355,1.069,246.932,1.0
141.85,128.240585,37.706231,2682.6081984,72.292,1.129,247.166,1.0
141.8666,128.240534,37.706209,2682.3549096,72.228,1.19,247.4,1.0
141.8833,128.240483,37.706187,2682.1061928,72.163,1.25,247.633,1.0
141.9,128.240433,37.706165,2681.8623528000003,72.098,1.311,247.867,1.0
141.9166,128.240382,37.706143,2681.6236943999997,72.032,1.372,248.101,1.0
141.9333,128.24033,37.706122,2681.389608,71.965,1.433,248.334,1.0
141.95,128.240279,37.7061,2681.1603984000003,71.897,1.495,248.568,1.0
141.9666,128.240228,37.706079,2680.9363704,71.829,1.557,248.802,1.0
141.9833,128.240177,37.706058,2680.7172192000003,71.76,1.62,249.035,1.0
142.0,128.240125,37.706037,2680.5032496,71.69,1.683,249.268,1.0
142.0166,128.240074,37.706016,2680.2941568,71.62,1.746,249.502,1.0
142.0333,128.240022,37.705996,2680.0902456000003,71.55,1.809,249.735,1.0
142.05,128.23997,37.705975,2679.8912112000003,71.478,1.873,249.968,1.0
142.0666,128.239918,37.705955,2679.6976632,71.406,1.938,250.201,1.0
142.0833,128.239866,37.705935,2679.5089920000005,71.333,2.002,250.434,1.0
142.1,128.239814,37.705915,2679.3255024,71.26,2.067,250.667,1.0
142.1166,128.239762,37.705895,2679.1474992,71.187,2.133,250.9,1.0
142.1333,128.23971,37.705876,2678.9743728000003,71.113,2.198,251.133,1.0
142.15,128.239657,37.705856,2678.8067328,71.038,2.265,251.366,1.0
142.1666,128.239605,37.705837,2678.6442744,70.963,2.331,251.599,1.0
142.1833,128.239552,37.705818,2678.4873024000003,70.887,2.398,251.831,1.0
142.2,128.239499,37.705799,2678.335512,70.811,2.466,252.064,1.0
142.2166,128.239447,37.705781,2678.189208,70.735,2.533,252.296,1.0
142.2333,128.239394,37.705762,2678.0480856,70.658,2.601,252.529,1.0
142.25,128.239341,37.705744,2677.9127544000003,70.58,2.67,252.761,1.0
142.2666,128.239288,37.705725,2677.7826048,70.501,2.739,252.993,1.0
142.2833,128.239235,37.705707,2677.6582464000003,70.422,2.808,253.225,1.0
142.3,128.239182,37.70569,2677.5390696,70.342,2.878,253.457,1.0
142.3166,128.239128,37.705672,2677.4256840000003,70.262,2.948,253.689,1.0
142.3333,128.239075,37.705654,2677.3177848000005,70.181,3.018,253.921,1.0
142.35,128.239021,37.705637,2677.2156768,70.099,3.089,254.153,1.0
142.3666,128.238968,37.70562,2677.1190552000003,70.016,3.161,254.385,1.0
142.3833,128.238914,37.705603,2677.0282248,69.933,3.233,254.616,1.0
142.4,128.238861,37.705586,2676.9431856,69.849,3.305,254.848,1.0
142.4166,128.238807,37.70557,2676.8639376,69.765,3.377,255.079,1.0
142.4333,128.238753,37.705553,2676.7904808,69.68,3.45,255.311,1.0
142.45,128.238699,37.705537,2676.7225104,69.593,3.524,255.542,1.0
142.4666,128.238645,37.705521,2676.660636,69.506,3.598,255.773,1.0
142.4833,128.238591,37.705505,2676.6048576000003,69.418,3.673,256.004,1.0
142.5,128.238537,37.705489,2676.5545656,69.33,3.747,256.235,1.0
142.5166,128.238483,37.705474,2676.5103696,69.241,3.822,256.466,1.0
142.5333,128.238428,37.705458,2676.4722696,69.151,3.898,256.697,1.0
142.55,128.238374,37.705443,2676.4402656,69.061,3.974,256.927,1.0
142.5666,128.23832,37.705428,2676.4140528000003,68.969,4.051,257.158,1.0
142.5833,128.238265,37.705413,2676.3942408000003,68.878,4.128,257.388,1.0
142.6,128.238211,37.705398,2676.38022,68.786,4.205,257.619,1.0
142.6166,128.238156,37.705384,2676.3726,68.693,4.283,257.849,1.0
142.6333,128.238101,37.70537,2676.3710760000004,68.6,4.362,258.079,1.0
142.65,128.238047,37.705355,2676.375648,68.507,4.44,258.309,1.0
142.6666,128.237992,37.705342,2676.3866208000004,68.413,4.52,258.539,1.0
142.6833,128.237937,37.705328,2676.4039944,68.32,4.599,258.769,1.0
142.7,128.237882,37.705314,2676.4274640000003,68.225,4.68,258.998,1.0
142.7166,128.237827,37.705301,2676.4573344,68.131,4.76,259.228,1.0
142.7333,128.237772,37.705287,2676.4936056000006,68.037,4.841,259.457,1.0
142.75,128.237717,37.705274,2676.5365824000005,67.941,4.923,259.687,1.0
142.7666,128.237662,37.705261,2676.5856552000005,67.845,5.005,259.916,1.0
142.7833,128.237606,37.705249,2676.6414336,67.749,5.087,260.145,1.0
142.8,128.237551,37.705236,2676.7036128,67.653,5.17,260.374,1.0
142.8166,128.237496,37.705224,2676.7724976,67.556,5.254,260.603,1.0
142.8333,128.237441,37.705212,2676.8477832,67.459,5.337,260.832,1.0
142.85,128.237385,37.7052,2676.9297744,67.362,5.422,261.06,1.0
142.8666,128.23733,37.705188,2677.0184712000005,67.265,5.507,261.289,1.0
142.8833,128.237274,37.705176,2677.1138736000003,67.167,5.592,261.517,1.0
142.9,128.237219,37.705165,2677.2162864,67.07,5.677,261.745,1.0
142.9166,128.237163,37.705153,2677.3251,66.972,5.764,261.973,1.0
142.9333,128.237107,37.705142,2677.440924,66.874,5.85,262.201,1.0
142.95,128.237052,37.705131,2677.5634536,66.775,5.937,262.429,1.0
142.9666,128.236996,37.70512,2677.6929936,66.675,6.025,262.657,1.0
142.9833,128.23694,37.70511,2677.829544,66.576,6.113,262.885,1.0
143.0,128.236884,37.705099,2677.9728,66.476,6.202,263.112,1.0
143.0166,128.236828,37.705089,2678.1233712000003,66.375,6.291,263.339,1.0
143.0333,128.236772,37.705079,2678.2806480000004,66.275,6.38,263.567,1.0
143.05,128.236716,37.705069,2678.44524,66.175,6.47,263.794,1.0
143.0666,128.23666,37.70506,2678.6168423999998,66.075,6.56,264.021,1.0
143.0833,128.236604,37.70505,2678.7954552,65.975,6.651,264.248,1.0
143.1,128.236548,37.705041,2678.9813832,65.875,6.742,264.475,1.0
143.1166,128.236492,37.705032,2679.1743216,65.775,6.834,264.701,1.0
143.1333,128.236436,37.705023,2679.3745752,65.676,6.926,264.928,1.0
143.15,128.23638,37.705014,2679.5821440000004,65.576,7.019,265.154,1.0
143.1666,128.236324,37.705005,2679.7970280000004,65.476,7.112,265.38,1.0
143.1833,128.236268,37.704997,2680.0195320000003,65.376,7.206,265.606,1.0
143.2,128.236211,37.704988,2680.2490464,65.276,7.3,265.832,1.0
143.2166,128.236155,37.70498,2680.4861808,65.177,7.395,266.058,1.0
143.2333,128.236099,37.704972,2680.7303256000005,65.08,7.489,266.284,1.0
143.25,128.236042,37.704965,2680.9820904,64.985,7.584,266.51,1.0
143.2666,128.235986,37.704957,2681.2414752,64.894,7.68,266.736,1.0
143.2833,128.23593,37.70495,2681.5084800000004,64.804,7.775,266.961,1.0
143.3,128.235873,37.704943,2681.7828,64.716,7.872,267.187,1.0
143.3166,128.235817,37.704936,2682.06474,64.629,7.968,267.412,1.0
143.3333,128.235761,37.704929,2682.3539952,64.546,8.065,267.637,1.0
143.35,128.235704,37.704922,2682.6511752,64.467,8.162,267.862,1.0
143.3666,128.235648,37.704915,2682.9559752,64.391,8.259,268.088,1.0
143.3833,128.235591,37.704909,2683.2680904,64.317,8.357,268.313,1.0
143.4,128.235535,37.704903,2683.5884352000003,64.245,8.455,268.537,1.0
143.4166,128.235478,37.704897,2683.9160952,64.175,8.553,268.762,1.0
143.4333,128.235422,37.704891,2684.2516800000003,64.108,8.652,268.987,1.0
143.45,128.235365,37.704886,2684.5948848000003,64.045,8.751,269.212,1.0
143.4666,128.235309,37.70488,2684.9460144000004,63.984,8.849,269.436,1.0
143.4833,128.235252,37.704875,2685.3047640000004,63.925,8.949,269.661,1.0
143.5,128.235196,37.70487,2685.6714384,63.868,9.048,269.885,1.0
143.5166,128.235139,37.704865,2686.0460376,63.812,9.148,270.11,1.0
143.5333,128.235082,37.70486,2686.4285616,63.76,9.248,270.334,1.0
143.55,128.235026,37.704856,2686.8187056000006,63.71,9.348,270.559,1.0
143.5666,128.234969,37.704851,2687.2170792,63.663,9.448,270.784,1.0
143.5833,128.234913,37.704847,2687.6230728,63.618,9.548,271.008,1.0
143.6,128.234856,37.704843,2688.0372960000004,63.574,9.648,271.233,1.0
143.6166,128.2348,37.704839,2688.4591392,63.532,9.749,271.457,1.0
143.6333,128.234743,37.704835,2688.8892120000005,63.493,9.85,271.682,1.0
143.65,128.234686,37.704832,2689.3269048,63.457,9.951,271.907,1.0
143.6666,128.23463,37.704829,2689.7731320000003,63.423,10.051,272.132,1.0
143.6833,128.234573,37.704825,2690.2269792,63.391,10.152,272.357,1.0
143.7,128.234517,37.704822,2690.6887512,63.361,10.253,272.582,1.0
143.7166,128.23446,37.70482,2691.1587528000005,63.332,10.355,272.807,1.0
143.7333,128.234404,37.704817,2691.6366792,63.307,10.456,273.032,1.0
143.75,128.234347,37.704815,2692.1228352000003,63.284,10.557,273.258,1.0
143.7666,128.23429,37.704812,2692.616916,63.264,10.658,273.483,1.0
143.7833,128.234234,37.70481,2693.1189216,63.246,10.76,273.709,1.0
143.8,128.234177,37.704808,2693.6291568,63.23,10.861,273.935,1.0
143.8166,128.234121,37.704806,2694.1473168,63.215,10.963,274.161,1.0
143.8333,128.234064,37.704805,2694.6734016,63.203,11.064,274.387,1.0
143.85,128.234008,37.704803,2695.2077160000003,63.194,11.166,274.613,1.0
143.8666,128.233952,37.704802,2695.7502600000003,63.187,11.267,274.84,1.0
143.8833,128.233895,37.704801,2696.3007288,63.183,11.368,275.067,1.0
143.9,128.233839,37.7048,2696.8591224,63.18,11.47,275.294,1.0
143.9166,128.233782,37.7048,2697.4257456,63.179,11.571,275.521,1.0
143.9333,128.233726,37.704799,2698.0009032000003,63.173,11.673,275.748,1.0
143.95,128.23367,37.704799,2698.5839856,63.164,11.776,275.975,1.0
143.9666,128.233613,37.704799,2699.1752976000002,63.151,11.879,276.202,1.0
143.9833,128.233557,37.704798,2699.7748392000003,63.136,11.982,276.429,1.0
144.0,128.233501,37.704799,2700.3826104,63.118,12.084,276.657,1.0
144.0166,128.233444,37.704799,2700.9986112,63.098,12.187,276.885,1.0
144.0333,128.233388,37.7048,2701.6234512,63.063,12.291,277.112,1.0
144.05,128.233332,37.7048,2702.2565208,63.013,12.397,277.339,1.0
144.0666,128.233276,37.704801,2702.8984296000003,62.951,12.503,277.566,1.0
144.0833,128.23322,37.704802,2703.548568,62.877,12.61,277.793,1.0
144.1,128.233164,37.704803,2704.206936,62.796,12.716,278.021,1.0
144.1166,128.233108,37.704805,2704.8738384000003,62.708,12.822,278.25,1.0
144.1333,128.233051,37.704806,2705.5501896000005,62.601,12.93,278.478,1.0
144.15,128.232995,37.704808,2706.2347704000003,62.475,13.04,278.706,1.0
144.1666,128.23294,37.70481,2706.9284952000003,62.335,13.151,278.933,1.0
144.1833,128.232884,37.704812,2707.6307544,62.182,13.262,279.161,1.0
144.2,128.232828,37.704815,2708.3415480000003,62.019,13.373,279.389,1.0
144.2166,128.232772,37.704817,2709.0611808,61.85,13.485,279.618,1.0
144.2333,128.232716,37.70482,2709.7905671999997,61.662,13.599,279.846,1.0
144.25,128.23266,37.704823,2710.528488,61.459,13.714,280.073,1.0
144.2666,128.232605,37.704826,2711.2755528000002,61.243,13.83,280.3,1.0
144.2833,128.232549,37.704829,2712.0317616,61.017,13.948,280.527,1.0
144.3,128.232493,37.704832,2712.7971144000003,60.782,14.066,280.754,1.0
144.3166,128.232438,37.704836,2713.5716112,60.542,14.185,280.981,1.0
144.3333,128.232382,37.704839,2714.3558616,60.284,14.306,281.207,1.0
144.35,128.232327,37.704843,2715.1495608,60.011,14.429,281.432,1.0
144.3666,128.232272,37.704847,2715.9530136000003,59.725,14.554,281.657,1.0
144.3833,128.232216,37.704851,2716.7659152,59.429,14.68,281.881,1.0
144.4,128.232161,37.704856,2717.5882656,59.123,14.807,282.104,1.0
144.4166,128.232106,37.70486,2718.4203696,58.812,14.935,282.328,1.0
144.4333,128.232051,37.704865,2719.2634464000002,58.463,15.067,282.549,1.0
144.45,128.231996,37.70487,2720.1174960000003,58.078,15.203,282.768,1.0
144.4666,128.23194,37.704875,2720.981604,57.664,15.342,282.985,1.0
144.4833,128.231886,37.704881,2721.85638,57.223,15.482,283.202,1.0
144.5,128.231831,37.704886,2722.7415192000003,56.763,15.623,283.419,1.0
144.5166,128.231776,37.704892,2723.6373264,56.287,15.766,283.636,1.0
144.5333,128.231721,37.704897,2724.5453256,55.763,15.913,283.85,1.0
144.55,128.231666,37.704903,2725.4652120000005,55.194,16.065,284.061,1.0
144.5666,128.231612,37.704909,2726.3963760000006,54.587,16.221,284.27,1.0
144.5833,128.231557,37.704916,2727.3391224,53.949,16.379,284.478,1.0
144.6,128.231503,37.704922,2728.293756,53.286,16.539,284.685,1.0
144.6166,128.231448,37.704929,2729.2602768,52.605,16.7,284.892,1.0
144.6333,128.231394,37.704936,2730.2377704,52.006,16.858,285.102,1.0
144.65,128.23134,37.704942,2731.2265416000005,51.49,17.012,285.316,1.0
144.6666,128.231286,37.704949,2732.2250664000003,51.048,17.166,285.53,1.0
144.6833,128.231232,37.704957,2733.2339544,50.668,17.325,285.741,1.0
144.7,128.231177,37.704964,2734.2535104,50.337,17.489,285.947,1.0
144.7166,128.231123,37.704971,2735.284344,50.039,17.657,286.148,1.0
144.7333,128.23107,37.704979,2736.3273696,49.741,17.83,286.344,1.0
144.75,128.231016,37.704987,2737.3831968,49.432,18.007,286.537,1.0
144.7666,128.230962,37.704995,2738.4509112,49.11,18.184,286.726,1.0
144.7833,128.230908,37.705003,2739.5308176,48.775,18.362,286.913,1.0
144.8,128.230855,37.705011,2740.6232208,48.428,18.54,287.1,1.0
144.8166,128.230801,37.705019,2741.727816,48.072,18.718,287.286,1.0
144.8333,128.230748,37.705028,2742.8464320000003,47.66,18.901,287.468,1.0
144.85,128.230695,37.705036,2743.9787640000004,47.195,19.087,287.646,1.0
144.8666,128.230641,37.705045,2745.1251168000003,46.687,19.277,287.822,1.0
144.8833,128.230588,37.705054,2746.2848808,46.141,19.467,287.996,1.0
144.9,128.230535,37.705063,2747.458056,45.567,19.658,288.171,1.0
144.9166,128.230482,37.705072,2748.6449472,44.97,19.85,288.345,1.0
144.9333,128.23043,37.705081,2749.8464688000004,44.281,20.033,288.498,1.0
144.95,128.230377,37.705091,2751.0629256,43.506,20.208,288.629,1.0
144.9666,128.230324,37.7051,2752.2952320000004,42.659,20.378,288.747,1.0
144.9833,128.230272,37.70511,2753.5421688,41.754,20.547,288.861,1.0
145.0,128.230219,37.70512,2754.803736,40.804,20.717,288.975,1.0
145.0166,128.230167,37.70513,2756.0802384,39.821,20.892,289.09,1.0
145.0333,128.230115,37.70514,2757.3725904,38.731,21.059,289.185,1.0
145.05,128.230063,37.70515,2758.6814016,37.54,21.216,289.259,1.0
145.0666,128.230011,37.70516,2760.0072816,36.264,21.368,289.318,1.0
145.0833,128.229959,37.705171,2761.3487064,34.919,21.519,289.371,1.0
145.1,128.229907,37.705181,2762.7056760000005,33.52,21.672,289.424,1.0
145.1166,128.229856,37.705192,2764.0784952,32.08,21.831,289.478,1.0
145.1333,128.229804,37.705202,2765.468688,30.547,21.98,289.515,1.0
145.15,128.229753,37.705213,2766.8759496000002,28.925,22.12,289.534,1.0
145.1666,128.229702,37.705224,2768.3014992,27.219,22.255,289.541,1.0
145.1833,128.229651,37.705235,2769.7425936000004,25.444,22.392,289.541,1.0
145.2,128.229599,37.705246,2771.1998424,23.612,22.532,289.539,1.0
145.2166,128.229548,37.705257,2772.6732456,21.737,22.678,289.536,1.0
145.2333,128.229498,37.705268,2774.164632,19.785,22.82,289.524,1.0
145.25,128.229447,37.705279,2775.6727824000004,17.768,22.958,289.5,1.0
145.2666,128.229396,37.70529,2777.1961728,15.696,23.095,289.469,1.0
145.2833,128.229346,37.705302,2778.7354127999997,13.581,23.233,289.433,1.0
145.3,128.229295,37.705313,2780.2898928,11.43,23.376,289.392,1.0
145.3166,128.229245,37.705324,2781.8596128,9.25,23.524,289.346,1.0
145.3333,128.229194,37.705335,2783.4439632,7.043,23.676,289.295,1.0
145.35,128.229144,37.705347,2785.0429440000003,4.812,23.83,289.237,1.0
145.3666,128.229094,37.705358,2786.6562504000003,2.562,23.987,289.171,1.0
145.3833,128.229044,37.705369,2788.282968,0.295,24.147,289.098,1.0
145.4,128.228994,37.705381,2789.9237064,-1.987,24.308,289.017,1.0
145.4166,128.228944,37.705392,2791.5775512,-4.284,24.471,288.928,1.0
145.4333,128.228894,37.705403,2793.2426736,-6.566,24.645,288.832,1.0
145.45,128.228844,37.705414,2794.9193784000004,-8.832,24.829,288.729,1.0
145.4666,128.228794,37.705426,2796.60858,-11.087,25.019,288.616,1.0
145.4833,128.228744,37.705437,2798.3096688000005,-13.335,25.21,288.493,1.0
145.5,128.228695,37.705448,2800.02234,-15.579,25.399,288.358,1.0
145.5166,128.228645,37.705459,2801.7462888,-17.823,25.585,288.212,1.0
145.5333,128.228595,37.70547,2803.4799912000003,-20.021,25.785,288.055,1.0
145.55,128.228546,37.705481,2805.2231424,-22.179,25.997,287.884,1.0
145.5666,128.228496,37.705492,2806.9760472,-24.305,26.214,287.701,1.0
145.5833,128.228447,37.705503,2808.7393152,-26.407,26.429,287.504,1.0
145.6,128.228397,37.705514,2810.5126416000003,-28.493,26.638,287.295,1.0
145.6166,128.228348,37.705525,2812.2957216,-30.568,26.838,287.074,1.0
145.6333,128.228298,37.705536,2814.0867264,-32.585,27.049,286.837,1.0
145.65,128.228249,37.705547,2815.8859608,-34.549,27.269,286.583,1.0
145.6666,128.228199,37.705557,2817.6934248000002,-36.473,27.491,286.313,1.0
145.6833,128.22815,37.705568,2819.5100328000003,-38.365,27.706,286.03,1.0
145.7,128.2281,37.705578,2821.3348704,-40.233,27.911,285.737,1.0
145.7166,128.228051,37.705589,2823.1685472,-42.086,28.103,285.435,1.0
145.7333,128.228002,37.705599,2825.0092344000004,-43.877,28.301,285.113,1.0
145.75,128.227952,37.70561,2826.856932,-45.613,28.503,284.774,1.0
145.7666,128.227903,37.70562,2828.71164,-47.305,28.703,284.42,1.0
145.7833,128.227854,37.70563,2830.5745776000003,-48.961,28.893,284.056,1.0
145.8,128.227804,37.70564,2832.4448304000002,-50.591,29.07,283.684,1.0
145.8166,128.227755,37.70565,2834.3227032000004,-52.202,29.232,283.308,1.0
145.8333,128.227706,37.70566,2836.206672,-53.753,29.395,282.914,1.0
145.85,128.227656,37.70567,2838.0967368,-55.251,29.559,282.503,1.0
145.8666,128.227607,37.70568,2839.9935072000003,-56.707,29.717,282.081,1.0
145.8833,128.227558,37.705689,2841.8969832,-58.126,29.864,281.651,1.0
145.9,128.227508,37.705699,2843.8071648,-59.517,29.997,281.22,1.0
145.9166,128.227459,37.705708,2845.724052,-60.888,30.115,280.789,1.0
145.9333,128.22741,37.705718,2847.645816,-62.201,30.226,280.354,1.0
145.95,128.22736,37.705727,2849.5730664000002,-63.466,30.329,279.917,1.0
145.9666,128.227311,37.705736,2851.5064128,-64.689,30.423,279.479,1.0
145.9833,128.227261,37.705745,2853.4455504000002,-65.88,30.506,279.041,1.0
146.0,128.227212,37.705754,2855.3898696,-67.044,30.576,278.605,1.0
146.0166,128.227163,37.705762,2857.33998,-68.188,30.634,278.172,1.0
146.0333,128.227113,37.705771,2859.2940528000004,-69.287,30.683,277.744,1.0
146.05,128.227064,37.70578,2861.2530024000002,-70.344,30.725,277.321,1.0
146.0666,128.227015,37.705788,2863.216524,-71.369,30.758,276.903,1.0
146.0833,128.226965,37.705796,2865.1849224000002,-72.366,30.781,276.488,1.0
146.1,128.226916,37.705804,2867.157588,-73.343,30.796,276.077,1.0
146.1166,128.226867,37.705812,2869.1345208000002,-74.303,30.801,275.67,1.0
146.1333,128.226817,37.70582,2871.1145016,-75.225,30.801,275.268,1.0
146.15,128.226768,37.705828,2873.0984448,-76.113,30.795,274.871,1.0
146.1666,128.226718,37.705835,2875.0860456,-76.973,30.783,274.477,1.0
146.1833,128.226669,37.705843,2877.0769992,-77.81,30.764,274.088,1.0
146.2,128.226619,37.70585,2879.0713056000004,-78.628,30.739,273.703,1.0
146.2166,128.22657,37.705857,2881.0683552000005,-79.431,30.707,273.322,1.0
146.2333,128.22652,37.705864,2883.0690624000003,-80.287,30.664,272.944,1.0
146.25,128.226471,37.705871,2885.0725128,-81.197,30.609,272.569,1.0
146.2666,128.226422,37.705877,2887.0787064,-82.155,30.547,272.198,1.0
146.2833,128.226372,37.705884,2889.0870336,-83.149,30.479,271.83,1.0
146.3,128.226323,37.70589,2891.0974944,-84.172,30.404,271.465,1.0
146.3166,128.226273,37.705896,2893.1094792,-85.215,30.325,271.104,1.0
146.3333,128.226224,37.705902,2895.1226831999998,-86.226,30.244,270.744,1.0
146.35,128.226174,37.705908,2897.1368016,-87.201,30.163,270.387,1.0
146.3666,128.226124,37.705914,2899.1518344,-88.146,30.082,270.032,1.0
146.3833,128.226075,37.705919,2901.167172,-89.065,29.998,269.679,1.0
146.4,128.226025,37.705924,2903.183424,-89.961,29.909,269.328,1.0
146.4166,128.225976,37.70593,2905.199676,-90.837,29.814,268.98,1.0
146.4333,128.225926,37.705935,2907.2156232,-91.646,29.717,268.635,1.0
146.45,128.225877,37.705939,2909.2318752,-92.396,29.618,268.294,1.0
146.4666,128.225827,37.705944,2911.2475176,-93.096,29.517,267.956,1.0
146.4833,128.225777,37.705949,2913.2628552,-93.754,29.41,267.622,1.0
146.5,128.225728,37.705953,2915.2772784000003,-94.378,29.298,267.292,1.0
146.5166,128.225678,37.705958,2917.2907872000005,-94.977,29.181,266.966,1.0
146.5333,128.225628,37.705962,2919.3036864,-95.536,29.062,266.644,1.0
146.55,128.225578,37.705966,2921.3147568,-96.062,28.941,266.327,1.0
146.5666,128.225529,37.705969,2923.3249127999998,-96.559,28.818,266.013,1.0
146.5833,128.225479,37.705973,2925.33324,-97.035,28.693,265.703,1.0
146.6,128.225429,37.705977,2927.3397384,-97.491,28.566,265.398,1.0
146.6166,128.225379,37.70598,2929.344408,-97.932,28.436,265.096,1.0
146.6333,128.225329,37.705983,2931.3469440000003,-98.358,28.305,264.798,1.0
146.65,128.22528,37.705986,2933.3473464000003,-98.771,28.173,264.503,1.0
146.6666,128.22523,37.705989,2935.3453104,-99.174,28.039,264.211,1.0
146.6833,128.22518,37.705992,2937.340836,-99.567,27.905,263.923,1.0
146.7,128.22513,37.705994,2939.3333136,-99.952,27.769,263.637,1.0
146.7166,128.22508,37.705997,2941.3233528,-100.33,27.633,263.354,1.0
146.7333,128.22503,37.705999,2943.3106488000003,-100.695,27.496,263.073,1.0
146.75,128.22498,37.706001,2945.294592,-101.046,27.359,262.795,1.0
146.7666,128.22493,37.706003,2947.2757920000004,-101.386,27.222,262.518,1.0
146.7833,128.22488,37.706004,2949.2533344000003,-101.715,27.084,262.245,1.0
146.8,128.22483,37.706006,2951.2278287999998,-102.035,26.945,261.973,1.0
146.8166,128.22478,37.706007,2953.1986656,-102.347,26.805,261.703,1.0
146.8333,128.22473,37.706008,2955.1658448,-102.655,26.665,261.436,1.0
146.85,128.22468,37.70601,2957.1290616,-102.96,26.523,261.171,1.0
146.8666,128.22463,37.70601,2959.0886208,-103.263,26.381,260.908,1.0
146.8833,128.22458,37.706011,2961.0442176,-103.564,26.239,260.646,1.0
146.9,128.22453,37.706012,2962.9955472,-103.862,26.097,260.386,1.0
146.9166,128.22448,37.706012,2964.9423048000003,-104.158,25.954,260.128,1.0
146.9333,128.22443,37.706012,2966.8851,-104.45,25.811,259.871,1.0
146.95,128.22438,37.706012,2968.8236280000006,-104.737,25.668,259.615,1.0
146.9666,128.22433,37.706012,2970.7572792,-105.02,25.524,259.36,1.0
146.9833,128.22428,37.706011,2972.6863584,-105.298,25.381,259.107,1.0
147.0,128.22423,37.706011,2974.6108656,-105.573,25.236,258.855,1.0
147.0166,128.22418,37.70601,2976.5301912000004,-105.843,25.092,258.605,1.0
147.0333,128.224129,37.706009,2978.4449448,-106.109,24.947,258.355,1.0
147.05,128.224079,37.706008,2980.3545168000005,-106.37,24.803,258.107,1.0
147.0666,128.224029,37.706007,2982.2586024,-106.628,24.659,257.859,1.0
147.0833,128.223979,37.706006,2984.1578112,-106.881,24.514,257.613,1.0
147.1,128.223929,37.706004,2986.0515336,-107.129,24.369,257.368,1.0
147.1166,128.223879,37.706002,2987.9397696,-107.374,24.223,257.124,1.0
147.1333,128.223828,37.706001,2989.8222144,-107.622,24.077,256.881,1.0
147.15,128.223778,37.705998,2991.698868,-107.874,23.928,256.639,1.0
147.1666,128.223728,37.705996,2993.5697304000005,-108.129,23.779,256.399,1.0
147.1833,128.223678,37.705994,2995.4344968,-108.388,23.63,256.16,1.0
147.2,128.223628,37.705991,2997.293472,-108.648,23.48,255.921,1.0
147.2166,128.223577,37.705988,2999.1460464,-108.91,23.33,255.683,1.0
147.2333,128.223527,37.705985,3000.9928296000003,-109.157,23.183,255.444,1.0
147.25,128.223477,37.705982,3002.8335168000003,-109.389,23.04,255.205,1.0
147.2666,128.223427,37.705979,3004.668108,-109.604,22.897,254.966,1.0
147.2833,128.223376,37.705976,3006.4962984000003,-109.803,22.754,254.727,1.0
147.3,128.223326,37.705972,3008.3183928,-109.988,22.61,254.489,1.0
147.3166,128.223276,37.705968,3010.1337816,-110.16,22.466,254.253,1.0
147.3333,128.223226,37.705964,3011.9427696,-110.321,22.321,254.017,1.0
147.35,128.223175,37.70596,3013.745052,-110.472,22.177,253.783,1.0
147.3666,128.223125,37.705956,3015.540324,-110.616,22.033,253.55,1.0
147.3833,128.223075,37.705951,3017.3291952,-110.753,21.889,253.317,1.0
147.4,128.223025,37.705947,3019.1107512,-110.885,21.744,253.085,1.0
147.4166,128.222975,37.705942,3020.8856016,-111.011,21.6,252.854,1.0
147.4333,128.222924,37.705937,3022.6531368,-111.14,21.456,252.624,1.0
147.45,128.222874,37.705932,3024.4133568,-111.27,21.312,252.395,1.0
147.4666,128.222824,37.705927,3026.1662616000003,-111.402,21.167,252.166,1.0
147.4833,128.222774,37.705921,3027.9118512,-111.535,21.023,251.937,1.0
147.5,128.222723,37.705915,3029.6501256,-111.668,20.879,251.709,1.0
147.5166,128.222673,37.70591,3031.3807800000004,-111.802,20.735,251.481,1.0
147.5333,128.222623,37.705904,3033.1038144000004,-111.936,20.591,251.254,1.0
147.55,128.222573,37.705897,3034.8195336,-112.072,20.448,251.026,1.0
147.5666,128.222523,37.705891,3036.527328,-112.208,20.305,250.799,1.0
147.5833,128.222473,37.705884,3038.2275024,-112.342,20.162,250.572,1.0
147.6,128.222422,37.705878,3039.9197520000002,-112.476,20.019,250.345,1.0
147.6166,128.222372,37.705871,3041.6043816,-112.608,19.875,250.118,1.0
147.6333,128.222322,37.705864,3043.2810864000003,-112.742,19.735,249.891,1.0
147.65,128.222272,37.705857,3044.9495616000004,-112.876,19.597,249.662,1.0
147.6666,128.222222,37.705849,3046.6101120000003,-113.009,19.461,249.433,1.0
147.6833,128.222172,37.705842,3048.2627376,-113.138,19.325,249.204,1.0
147.7,128.222122,37.705834,3049.9074384,-113.261,19.189,248.975,1.0
147.7166,128.222072,37.705826,3051.5439096000005,-113.379,19.052,248.747,1.0
147.7333,128.222022,37.705818,3053.1718464000005,-113.497,18.919,248.518,1.0
147.75,128.221972,37.70581,3054.7918584,-113.616,18.788,248.288,1.0
147.7666,128.221922,37.705801,3056.403336,-113.732,18.659,248.057,1.0
147.7833,128.221872,37.705793,3058.006584,-113.844,18.531,247.827,1.0
147.8,128.221822,37.705784,3059.6016024,-113.95,18.402,247.596,1.0
147.8166,128.221772,37.705775,3061.1880864,-114.051,18.273,247.367,1.0
147.8333,128.221722,37.705766,3062.7663408000003,-114.146,18.143,247.137,1.0
147.85,128.221672,37.705757,3064.3360608,-114.237,18.014,246.908,1.0
147.8666,128.221622,37.705748,3065.8969416000004,-114.325,17.884,246.68,1.0
147.8833,128.221573,37.705738,3067.4495928,-114.41,17.754,246.451,1.0
147.9,128.221523,37.705728,3068.9934048,-114.491,17.624,246.224,1.0
147.9166,128.221473,37.705718,3070.5286824000004,-114.571,17.493,245.996,1.0
147.9333,128.221423,37.705708,3072.0551208,-114.649,17.363,245.769,1.0
147.95,128.221374,37.705698,3073.57272,-114.725,17.232,245.542,1.0
147.9666,128.221324,37.705688,3075.0814800000003,-114.799,17.102,245.315,1.0
147.9833,128.221274,37.705677,3076.5817056000005,-114.872,16.971,245.088,1.0
148.0,128.221225,37.705666,3078.0727872,-114.943,16.841,244.861,1.0
148.0166,128.221175,37.705656,3079.5550296,-115.012,16.71,244.635,1.0
148.0333,128.221125,37.705644,3081.0284328000002,-115.08,16.579,244.409,1.0
148.05,128.221076,37.705633,3082.4926920000003,-115.147,16.448,244.183,1.0
148.0666,128.221026,37.705622,3083.9478072,-115.212,16.318,243.958,1.0
148.0833,128.220977,37.70561,3085.3940832,-115.276,16.187,243.732,1.0
148.1,128.220928,37.705599,3086.83152,-115.338,16.056,243.507,1.0
148.1166,128.220878,37.705587,3088.259508,-115.399,15.925,243.281,1.0
148.1333,128.220829,37.705575,3089.678352,-115.459,15.794,243.057,1.0
148.15,128.220779,37.705562,3091.088052,-115.517,15.663,242.832,1.0
148.1666,128.22073,37.70555,3092.488608,-115.575,15.532,242.607,1.0
148.1833,128.220681,37.705537,3093.88002,-115.631,15.401,242.382,1.0
148.2,128.220632,37.705525,3095.2619832,-115.687,15.269,242.158,1.0
148.2166,128.220583,37.705512,3096.6348024000004,-115.741,15.138,241.934,1.0
148.2333,128.220534,37.705499,3097.9981728000002,-115.794,15.007,241.71,1.0
148.25,128.220484,37.705486,3099.3520943999997,-115.848,14.875,241.486,1.0
148.2666,128.220435,37.705472,3100.6965672,-115.9,14.744,241.262,1.0
148.2833,128.220386,37.705459,3102.0318960000004,-115.952,14.612,241.039,1.0
148.3,128.220338,37.705445,3103.3574712000004,-116.003,14.481,240.816,1.0
148.3166,128.220289,37.705431,3104.6739024000003,-116.054,14.349,240.592,1.0
148.3333,128.22024,37.705417,3105.9805800000004,-116.104,14.217,240.369,1.0
148.35,128.220191,37.705403,3107.2778088,-116.155,14.085,240.146,1.0
148.3666,128.220142,37.705389,3108.5652840000002,-116.205,13.954,239.924,1.0
148.3833,128.220094,37.705374,3109.8433104,-116.255,13.821,239.701,1.0
148.4,128.220045,37.70536,3111.1115832,-116.304,13.689,239.479,1.0
148.4166,128.219996,37.705345,3112.3704072,-116.353,13.557,239.256,1.0
148.4333,128.219948,37.70533,3113.6191728000003,-116.403,13.425,239.034,1.0
148.45,128.2199,37.705315,3114.8584896,-116.453,13.292,238.812,1.0
148.4666,128.219851,37.705299,3116.0880528000002,-116.503,13.159,238.59,1.0
148.4833,128.219803,37.705284,3117.3075576000006,-116.553,13.027,238.369,1.0
148.5,128.219754,37.705268,3118.5176136,-116.603,12.894,238.147,1.0
148.5166,128.219706,37.705252,3119.7176112,-116.653,12.761,237.926,1.0
148.5333,128.219658,37.705236,3120.9078552000005,-116.703,12.627,237.705,1.0
148.55,128.21961,37.70522,3122.0883456,-116.753,12.494,237.483,1.0
148.5666,128.219562,37.705204,3123.2587776,-116.804,12.36,237.262,1.0
148.5833,128.219514,37.705188,3124.4191511999998,-116.854,12.227,237.042,1.0
148.6,128.219466,37.705171,3125.5697712000006,-116.904,12.093,236.821,1.0
148.6166,128.219418,37.705154,3126.7103328000003,-116.954,11.959,236.6,1.0
148.6333,128.21937,37.705137,3127.840836,-117.004,11.825,236.38,1.0
148.65,128.219323,37.70512,3128.9612807999997,-117.053,11.69,236.16,1.0
148.6666,128.219275,37.705103,3130.0716672,-117.102,11.556,235.94,1.0
148.6833,128.219227,37.705086,3131.1719952000003,-117.151,11.421,235.72,1.0
148.7,128.21918,37.705068,3132.2622647999997,-117.2,11.286,235.5,1.0
148.7166,128.219132,37.705051,3133.3424760000003,-117.247,11.151,235.281,1.0
148.7333,128.219085,37.705033,3134.4126287999998,-117.295,11.016,235.061,1.0
148.75,128.219037,37.705015,3135.4724184,-117.341,10.881,234.842,1.0
148.7666,128.21899,37.704997,3136.5218448,-117.386,10.745,234.623,1.0
148.7833,128.218943,37.704979,3137.5612128,-117.431,10.61,234.404,1.0
148.8,128.218896,37.70496,3138.5905224000003,-117.475,10.474,234.185,1.0
148.8166,128.218849,37.704941,3139.6091640000004,-117.518,10.338,233.966,1.0
148.8333,128.218802,37.704923,3140.6177472,-117.561,10.202,233.748,1.0
148.85,128.218755,37.704904,3141.616272,-117.602,10.066,233.529,1.0
148.8666,128.218708,37.704885,3142.6041288,-117.643,9.93,233.311,1.0
148.8833,128.218661,37.704866,3143.5816224,-117.683,9.793,233.093,1.0
148.9,128.218615,37.704846,3144.5487528000003,-117.722,9.657,232.875,1.0
148.9166,128.218568,37.704827,3145.50552,-117.76,9.52,232.657,1.0
148.9333,128.218522,37.704807,3146.451924,-117.797,9.383,232.44,1.0
148.95,128.218475,37.704787,3147.3879647999997,-117.833,9.246,232.222,1.0
148.9666,128.218429,37.704767,3148.3133376,-117.867,9.109,232.005,1.0
148.9833,128.218382,37.704747,3149.2283472,-117.901,8.972,231.788,1.0
149.0,128.218336,37.704727,3150.1326888000003,-117.933,8.835,231.57,1.0
149.0166,128.21829,37.704707,3151.0266672,-117.965,8.698,231.354,1.0
149.0333,128.218244,37.704686,3151.9099776000003,-117.995,8.561,231.137,1.0
149.05,128.218198,37.704665,3152.7829248000003,-118.024,8.423,230.92,1.0
149.0666,128.218152,37.704645,3153.645204,-118.052,8.286,230.704,1.0
149.0833,128.218106,37.704624,3154.4968152,-118.08,8.148,230.487,1.0
149.1,128.218061,37.704602,3155.3377584,-118.106,8.011,230.271,1.0
149.1166,128.218015,37.704581,3156.1680336,-118.131,7.873,230.055,1.0
149.1333,128.21797,37.70456,3156.9879456000003,-118.155,7.735,229.839,1.0
149.15,128.217924,37.704538,3157.7968848000005,-118.179,7.598,229.623,1.0
149.1666,128.217879,37.704516,3158.595156,-118.201,7.46,229.407,1.0
149.1833,128.217834,37.704495,3159.3827592000002,-118.222,7.322,229.191,1.0
149.2,128.217788,37.704473,3160.1596944,-118.242,7.184,228.976,1.0
149.2166,128.217743,37.70445,3160.9259616000004,-118.261,7.047,228.76,1.0
149.2333,128.217698,37.704428,3161.681256,-118.279,6.909,228.545,1.0
149.25,128.217654,37.704406,3162.4261872,-118.296,6.771,228.33,1.0
149.2666,128.217609,37.704383,3163.1598408,-118.312,6.633,228.114,1.0
149.2833,128.217564,37.70436,3163.8828264,-118.326,6.495,227.899,1.0
149.3,128.217519,37.704338,3164.5951440000003,-118.34,6.357,227.684,1.0
149.3166,128.217475,37.704315,3165.2964888,-118.353,6.219,227.469,1.0
149.3333,128.217431,37.704291,3165.9871656,-118.364,6.081,227.254,1.0
149.35,128.217386,37.704268,3166.6668696,-118.374,5.943,227.04,1.0
149.3666,128.217342,37.704245,3167.3356008000005,-118.383,5.805,226.825,1.0
149.3833,128.217298,37.704221,3167.993664,-118.392,5.667,226.61,1.0
149.4,128.217254,37.704198,3168.6407544000003,-118.399,5.53,226.396,1.0
149.4166,128.21721,37.704174,3169.276872,-118.405,5.392,226.181,1.0
149.4333,128.217166,37.70415,3169.9020168,-118.41,5.254,225.967,1.0
149.45,128.217123,37.704126,3170.5161888000002,-118.415,5.116,225.753,1.0
149.4666,128.217079,37.704101,3171.119388,-118.418,4.978,225.538,1.0
149.4833,128.217035,37.704077,3171.7119192000005,-118.421,4.84,225.324,1.0
149.5,128.216992,37.704052,3172.2931728000003,-118.422,4.702,225.11,1.0
149.5166,128.216949,37.704028,3172.8637584,-118.423,4.565,224.896,1.0
149.5333,128.216906,37.704003,3173.4230664,-118.423,4.427,224.682,1.0
149.55,128.216863,37.703978,3173.9714016,-118.422,4.289,224.467,1.0
149.5666,128.21682,37.703953,3174.508764,-118.42,4.152,224.253,1.0
149.5833,128.216777,37.703928,3175.0351536,-118.417,4.014,224.039,1.0
149.6,128.216734,37.703902,3175.5505704,-118.414,3.877,223.825,1.0
149.6166,128.216691,37.703877,3176.0547096000005,-118.409,3.739,223.611,1.0
149.6333,128.216649,37.703851,3176.5478760000005,-118.404,3.602,223.398,1.0
149.65,128.216607,37.703826,3177.0300696,-118.397,3.465,223.184,1.0
149.6666,128.216564,37.7038,3177.5012904,-118.389,3.328,222.97,1.0
149.6833,128.216522,37.703774,3177.9612336,-118.38,3.191,222.756,1.0
149.7,128.21648,37.703748,3178.4102040000002,-118.37,3.054,222.542,1.0
149.7166,128.216438,37.703721,3178.8482016,-118.359,2.917,222.328,1.0
149.7333,128.216396,37.703695,3179.2749215999997,-118.347,2.78,222.114,1.0
149.75,128.216355,37.703669,3179.6906688000004,-118.334,2.644,221.9,1.0
149.7666,128.216313,37.703642,3180.0954432000003,-118.32,2.507,221.686,1.0
149.7833,128.216272,37.703615,3180.4889399999997,-118.305,2.37,221.472,1.0
149.8,128.21623,37.703588,3180.8711592,-118.29,2.234,221.258,1.0
149.8166,128.216189,37.703561,3181.2424056000004,-118.273,2.098,221.044,1.0
149.8333,128.216148,37.703534,3181.6026792000002,-118.256,1.962,220.83,1.0
149.85,128.216107,37.703507,3181.9516752000004,-118.237,1.826,220.616,1.0
149.8666,128.216066,37.703479,3182.2896984000004,-118.217,1.69,220.402,1.0
149.8833,128.216025,37.703452,3182.6164440000002,-118.197,1.554,220.188,1.0
149.9,128.215985,37.703424,3182.9319120000005,-118.175,1.418,219.974,1.0
149.9166,128.215944,37.703396,3183.2364072,-118.153,1.283,219.76,1.0
149.9333,128.215904,37.703368,3183.5299296000003,-118.129,1.148,219.546,1.0
149.95,128.215864,37.70334,3183.8118696,-118.104,1.012,219.332,1.0
149.9666,128.215824,37.703312,3184.0831416000005,-118.078,0.877,219.118,1.0
149.9833,128.215784,37.703284,3184.343136,-118.051,0.743,218.904,1.0
150.0,128.215744,37.703256,3184.5918528,-118.023,0.608,218.689,1.0
150.0166,128.215704,37.703227,3184.8295967999998,-117.994,0.473,218.475,1.0
150.0333,128.215664,37.703198,3185.0560632,-117.964,0.339,218.261,1.0
150.05,128.215625,37.70317,3185.271252,-117.933,0.205,218.046,1.0
150.0666,128.215586,37.703141,3185.475468,-117.9,0.071,217.832,1.0
150.0833,128.215546,37.703112,3185.6687112,-117.867,-0.062,217.617,1.0
150.1,128.215507,37.703083,3185.8506768,-117.833,-0.196,217.402,1.0
150.1166,128.215468,37.703053,3186.0213648,-117.798,-0.329,217.188,1.0
150.1333,128.21543,37.703024,3186.1810800000003,-117.761,-0.462,216.973,1.0
150.15,128.215391,37.702995,3186.3295176,-117.724,-0.595,216.758,1.0
150.1666,128.215352,37.702965,3186.4669824000002,-117.685,-0.728,216.543,1.0
150.1833,128.215314,37.702935,3186.5931696,-117.646,-0.861,216.328,1.0
150.2,128.215276,37.702905,3186.708384,-117.605,-0.993,216.113,1.0
150.2166,128.215238,37.702876,3186.8123208,-117.564,-1.125,215.898,1.0
150.2333,128.2152,37.702845,3186.9052848,-117.521,-1.257,215.683,1.0
150.25,128.215162,37.702815,3186.9869712000004,-117.478,-1.389,215.467,1.0
150.2666,128.215124,37.702785,3187.0576848000005,-117.433,-1.52,215.252,1.0
150.2833,128.215087,37.702755,3187.1171208,-117.387,-1.651,215.036,1.0
150.3,128.215049,37.702724,3187.1655840000003,-117.34,-1.782,214.821,1.0
150.3166,128.215012,37.702693,3187.2030744,-117.292,-1.913,214.605,1.0
150.3333,128.214975,37.702663,3187.2292872000003,-117.243,-2.044,214.389,1.0
150.35,128.214938,37.702632,3187.2445272,-117.193,-2.174,214.173,1.0
150.3666,128.214901,37.702601,3187.2484896000005,-117.142,-2.304,213.957,1.0
150.3833,128.214865,37.70257,3187.2417840000003,-117.089,-2.433,213.741,1.0
150.4,128.214828,37.702539,3187.2238008000004,-117.035,-2.563,213.524,1.0
150.4166,128.214792,37.702507,3187.19454,-116.981,-2.692,213.308,1.0
150.4333,128.214755,37.702476,3187.1546112,-116.925,-2.821,213.091,1.0
150.45,128.214719,37.702444,3187.1034048,-116.867,-2.949,212.874,1.0
150.4666,128.214683,37.702413,3187.0415304000003,-116.809,-3.077,212.658,1.0
150.4833,128.214648,37.702381,3186.9683784000003,-116.749,-3.205,212.441,1.0
150.5,128.214612,37.702349,3186.8842535999997,-116.688,-3.333,212.223,1.0
150.5166,128.214576,37.702317,3186.789156,-116.626,-3.46,212.006,1.0
150.5333,128.214541,37.702285,3186.6830856,-116.562,-3.587,211.789,1.0
150.55,128.214506,37.702253,3186.5660424,-116.497,-3.714,211.571,1.0
150.5666,128.214471,37.702221,3186.4380264,-116.432,-3.84,211.353,1.0
150.5833,128.214436,37.702189,3186.2990376,-116.365,-3.966,211.136,1.0
150.6,128.214401,37.702156,3186.1490760000006,-116.297,-4.091,210.918,1.0
150.6166,128.214367,37.702124,3185.9884464000006,-116.228,-4.217,210.699,1.0
150.6333,128.214332,37.702091,3185.8168440000004,-116.158,-4.342,210.481,1.0
150.65,128.214298,37.702058,3185.6342688000004,-116.087,-4.466,210.263,1.0
150.6666,128.214264,37.702025,3185.4407208000002,-116.014,-4.59,210.044,1.0
150.6833,128.21423,37.701992,3185.2365048,-115.941,-4.714,209.825,1.0
150.7,128.214196,37.701959,3185.0213160000003,-115.867,-4.838,209.606,1.0
150.7166,128.214163,37.701926,3184.7951544000002,-115.792,-4.961,209.387,1.0
150.7333,128.214129,37.701893,3184.5583248000003,-115.717,-5.084,209.168,1.0
150.75,128.214096,37.701859,3184.3108272,-115.64,-5.206,208.948,1.0
150.7666,128.214063,37.701826,3184.0523568000003,-115.562,-5.328,208.729,1.0
150.7833,128.21403,37.701792,3183.7832184000004,-115.484,-5.45,208.509,1.0
150.8,128.213997,37.701759,3183.5034120000005,-115.405,-5.571,208.289,1.0
150.8166,128.213964,37.701725,3183.2126328000004,-115.325,-5.692,208.069,1.0
150.8333,128.213932,37.701691,3182.9111856,-115.245,-5.813,207.848,1.0
150.85,128.2139,37.701657,3182.5990704,-115.163,-5.933,207.628,1.0
150.8666,128.213867,37.701623,3182.2762872000003,-115.082,-6.053,207.407,1.0
150.8833,128.213836,37.701589,3181.942836,-114.999,-6.172,207.186,1.0
150.9,128.213804,37.701555,3181.5987168000006,-114.916,-6.291,206.965,1.0
150.9166,128.213772,37.70152,3181.2439296000002,-114.832,-6.41,206.743,1.0
150.9333,128.213741,37.701486,3180.8784744,-114.747,-6.528,206.522,1.0
150.95,128.213709,37.701451,3180.502656,-114.661,-6.646,206.3,1.0
150.9666,128.213678,37.701417,3180.1161696,-114.575,-6.763,206.078,1.0
150.9833,128.213647,37.701382,3179.7190152,-114.488,-6.88,205.856,1.0
151.0,128.213616,37.701347,3179.3114976,-114.399,-6.997,205.633,1.0
151.0166,128.213586,37.701313,3178.893312,-114.311,-7.113,205.411,1.0
151.0333,128.213555,37.701278,3178.4644584,-114.221,-7.229,205.188,1.0
151.05,128.213525,37.701243,3178.0255464,-114.131,-7.344,204.965,1.0
151.0666,128.213495,37.701207,3177.5759664,-114.04,-7.459,204.742,1.0
151.0833,128.213465,37.701172,3177.1160232,-113.948,-7.574,204.518,1.0
151.1,128.213435,37.701137,3176.6457168,-113.855,-7.688,204.295,1.0
151.1166,128.213406,37.701101,3176.1650472,-113.762,-7.801,204.071,1.0
151.1333,128.213376,37.701066,3175.6737096,-113.669,-7.915,203.847,1.0
151.15,128.213347,37.70103,3175.1723136,-113.574,-8.027,203.623,1.0
151.1666,128.213318,37.700995,3174.6605544,-113.479,-8.14,203.398,1.0
151.1833,128.213289,37.700959,3174.138432,-113.383,-8.252,203.174,1.0
151.2,128.213261,37.700923,3173.6062512,-113.287,-8.363,202.949,1.0
151.2166,128.213232,37.700887,3173.0637072000004,-113.19,-8.474,202.723,1.0
151.2333,128.213204,37.700851,3172.5108,-113.092,-8.585,202.498,1.0
151.25,128.213176,37.700815,3171.9478344000004,-112.994,-8.695,202.273,1.0
151.2666,128.213148,37.700779,3171.3748104,-112.894,-8.805,202.047,1.0
151.2833,128.21312,37.700743,3170.7914232000003,-112.794,-8.914,201.821,1.0
151.3,128.213092,37.700707,3170.1982824,-112.693,-9.023,201.595,1.0
151.3166,128.213065,37.70067,3169.5947784000005,-112.591,-9.131,201.368,1.0
151.3333,128.213038,37.700634,3168.981216,-112.489,-9.239,201.141,1.0
151.35,128.213011,37.700597,3168.3575952,-112.386,-9.346,200.915,1.0
151.3666,128.212984,37.700561,3167.7239160000004,-112.283,-9.453,200.687,1.0
151.3833,128.212957,37.700524,3167.0804832,-112.179,-9.56,200.46,1.0
151.4,128.212931,37.700487,3166.4269920000006,-112.074,-9.666,200.233,1.0
151.4166,128.212904,37.70045,3165.7634424,-111.969,-9.772,200.005,1.0
151.4333,128.212878,37.700413,3165.0901392000005,-111.862,-9.877,199.777,1.0
151.45,128.212852,37.700377,3164.4070824000005,-111.754,-9.981,199.548,1.0
151.4666,128.212827,37.700339,3163.7139672,-111.643,-10.085,199.32,1.0
151.4833,128.212801,37.700302,3163.0110984000003,-111.531,-10.188,199.091,1.0
151.5,128.212776,37.700265,3162.2984760000004,-111.418,-10.291,198.862,1.0
151.5166,128.21275,37.700228,3161.5761,-111.303,-10.393,198.633,1.0
151.5333,128.212725,37.70019,3160.8442752,-111.185,-10.495,198.403,1.0
151.55,128.212701,37.700153,3160.1026968,-111.062,-10.595,198.173,1.0
151.5666,128.212676,37.700116,3159.3516696,-110.936,-10.695,197.943,1.0
151.5833,128.212652,37.700078,3158.5908888000004,-110.806,-10.795,197.713,1.0
151.6,128.212627,37.70004,3157.8206592,-110.674,-10.894,197.482,1.0
151.6166,128.212603,37.700003,3157.0406760000005,-110.54,-10.992,197.252,1.0
151.6333,128.21258,37.699965,3156.2515488000004,-110.4,-11.089,197.021,1.0
151.65,128.212556,37.699927,3155.4529728,-110.254,-11.186,196.789,1.0
151.6666,128.212533,37.699889,3154.6452528000004,-110.104,-11.281,196.558,1.0
151.6833,128.212509,37.699851,3153.8277792,-109.949,-11.376,196.326,1.0
151.7,128.212486,37.699813,3153.0011616,-109.791,-11.47,196.094,1.0
151.7166,128.212463,37.699775,3152.1654000000003,-109.631,-11.564,195.862,1.0
151.7333,128.212441,37.699737,3151.3204944,-109.462,-11.656,195.63,1.0
151.75,128.212418,37.699699,3150.4664448,-109.288,-11.747,195.397,1.0
151.7666,128.212396,37.699661,3149.603556,-109.107,-11.837,195.165,1.0
151.7833,128.212374,37.699622,3148.7312184,-108.922,-11.926,194.931,1.0
151.8,128.212352,37.699584,3147.8500416,-108.732,-12.015,194.698,1.0
151.8166,128.21233,37.699545,3146.9600256000003,-108.539,-12.102,194.465,1.0
151.8333,128.212309,37.699507,3146.0611704000003,-108.337,-12.188,194.231,1.0
151.85,128.212287,37.699468,3145.1537808,-108.127,-12.273,193.997,1.0
151.8666,128.212266,37.69943,3144.2372472,-107.909,-12.356,193.763,1.0
151.8833,128.212245,37.699391,3143.3121792,-107.686,-12.438,193.528,1.0
151.9,128.212225,37.699352,3142.3785768000002,-107.457,-12.52,193.294,1.0
151.9166,128.212204,37.699313,3141.43644,-107.224,-12.6,193.059,1.0
151.9333,128.212184,37.699275,3140.4857688,-106.98,-12.678,192.824,1.0
151.95,128.212164,37.699236,3139.526868,-106.726,-12.755,192.588,1.0
151.9666,128.212144,37.699197,3138.5597376,-106.462,-12.83,192.353,1.0
151.9833,128.212124,37.699158,3137.5840728000003,-106.191,-12.903,192.117,1.0
152.0,128.212105,37.699119,3136.6004832,-105.913,-12.976,191.881,1.0
152.0166,128.212085,37.699079,3135.6086640000003,-105.63,-13.047,191.644,1.0
152.0333,128.212066,37.69904,3134.60892,-105.331,-13.116,191.408,1.0
152.05,128.212047,37.699001,3133.601556,-105.018,-13.182,191.171,1.0
152.0666,128.212028,37.698962,3132.5862672,-104.692,-13.247,190.934,1.0
152.0833,128.21201,37.698922,3131.5633584,-104.356,-13.31,190.697,1.0
152.1,128.211992,37.698883,3130.5328296000002,-104.011,-13.372,190.46,1.0
152.1166,128.211973,37.698844,3129.4946808,-103.658,-13.432,190.222,1.0
152.1333,128.211956,37.698804,3128.4492168,-103.284,-13.489,189.985,1.0
152.15,128.211938,37.698764,3127.3967423999998,-102.889,-13.543,189.747,1.0
152.1666,128.21192,37.698725,3126.3372576,-102.475,-13.595,189.509,1.0
152.1833,128.211903,37.698685,3125.2704576000006,-102.046,-13.644,189.271,1.0
152.2,128.211886,37.698646,3124.1969520000002,-101.605,-13.692,189.033,1.0
152.2166,128.211869,37.698606,3123.1164360000002,-101.153,-13.738,188.795,1.0
152.2333,128.211852,37.698566,3122.0295192000003,-100.664,-13.78,188.557,1.0
152.25,128.211836,37.698526,3120.9365064,-100.14,-13.816,188.319,1.0
152.2666,128.211819,37.698486,3119.8370928,-99.585,-13.849,188.08,1.0
152.2833,128.211803,37.698446,3118.7312784000005,-99.004,-13.879,187.842,1.0
152.3,128.211787,37.698406,3117.6199776000003,-98.402,-13.907,187.604,1.0
152.3166,128.211772,37.698366,3116.5025808,-97.783,-13.934,187.367,1.0
152.3333,128.211756,37.698326,3115.3793928,-97.206,-13.963,187.131,1.0
152.35,128.211741,37.698286,3114.2507184,-96.673,-13.994,186.897,1.0
152.3666,128.211726,37.698246,3113.115948,-96.181,-14.025,186.663,1.0
152.3833,128.211711,37.698206,3111.9756912000003,-95.726,-14.053,186.43,1.0
152.4,128.211696,37.698165,3110.8302528000004,-95.3,-14.076,186.196,1.0
152.4166,128.211682,37.698125,3109.679328,-94.898,-14.094,185.962,1.0
152.4333,128.211668,37.698085,3108.5232216,-94.45,-14.1,185.746,1.0
152.45,128.211654,37.698044,3107.3622384,-93.956,-14.094,185.567,1.0
152.4666,128.21164,37.698004,3106.196988,-93.423,-14.08,185.438,1.0
152.4833,128.211627,37.697963,3105.0277752,-92.851,-14.062,185.342,1.0
152.5,128.211613,37.697923,3103.8542952000003,-92.241,-14.044,185.262,1.0
152.5166,128.2116,37.697882,3102.6771576000006,-91.6,-14.026,185.185,1.0
152.5333,128.211587,37.697842,3101.4957528000004,-90.862,-14.001,185.13,1.0
152.55,128.211574,37.697801,3100.3109952,-90.035,-13.967,185.117,1.0
152.5666,128.211561,37.69776,3099.1228848000005,-89.122,-13.929,185.147,1.0
152.5833,128.211549,37.69772,3097.9317264,-88.118,-13.89,185.204,1.0
152.6,128.211536,37.697679,3096.73752,-87.019,-13.85,185.272,1.0
152.6166,128.211524,37.697638,3095.5405704,-85.827,-13.809,185.339,1.0
152.6333,128.211511,37.697597,3094.3408776,-84.548,-13.77,185.425,1.0
152.65,128.211499,37.697556,3093.1387464000004,-83.189,-13.735,185.541,1.0
152.6666,128.211487,37.697515,3091.9344816000003,-81.75,-13.702,185.676,1.0
152.6833,128.211475,37.697474,3090.7277784000003,-80.231,-13.671,185.82,1.0
152.7,128.211463,37.697433,3089.5192464000006,-78.633,-13.641,185.964,1.0
152.7166,128.211451,37.697392,3088.3085808,-76.955,-13.611,186.106,1.0
152.7333,128.211439,37.697351,3087.0960864000003,-75.203,-13.586,186.256,1.0
152.75,128.211427,37.69731,3085.8817632,-73.378,-13.564,186.415,1.0
152.7666,128.211416,37.697269,3084.6659160000004,-71.479,-13.547,186.577,1.0
152.7833,128.211404,37.697228,3083.4482399999997,-69.508,-13.532,186.74,1.0
152.8,128.211392,37.697186,3082.2287352000003,-67.466,-13.519,186.9,1.0
152.8166,128.211381,37.697145,3081.0077064,-65.353,-13.507,187.056,1.0
152.8333,128.211369,37.697104,3079.7854584,-63.17,-13.498,187.209,1.0
152.85,128.211358,37.697062,3078.5610768,-60.918,-13.491,187.358,1.0
152.8666,128.211346,37.697021,3077.3351712000003,-58.6,-13.486,187.504,1.0
152.8833,128.211335,37.696979,3076.1074368000004,-56.216,-13.483,187.647,1.0
152.9,128.211324,37.696938,3074.8778736000004,-53.77,-13.484,187.787,1.0
152.9166,128.211312,37.696896,3073.6464816000002,-51.262,-13.487,187.923,1.0
152.9333,128.211301,37.696855,3072.4126512,-48.695,-13.493,188.057,1.0
152.95,128.21129,37.696813,3071.1766872000003,-46.071,-13.502,188.187,1.0
152.9666,128.211278,37.696772,3069.9385896000003,-43.391,-13.513,188.315,1.0
152.9833,128.211267,37.69673,3068.6977488,-40.659,-13.528,188.439,1.0
153.0,128.211256,37.696688,3067.4541648,-37.875,-13.545,188.561,1.0
153.0166,128.211244,37.696647,3066.2075328000005,-35.041,-13.565,188.679,1.0
153.0333,128.211233,37.696605,3064.9584624000004,-32.158,-13.571,188.783,1.0
153.05,128.211222,37.696563,3063.7066488000005,-29.225,-13.556,188.869,1.0
153.0666,128.211211,37.696521,3062.4517872000006,-26.247,-13.527,188.944,1.0
153.0833,128.211199,37.69648,3061.1941824000005,-23.233,-13.492,189.012,1.0
153.1,128.211188,37.696438,3059.9341392,-20.193,-13.457,189.078,1.0
153.1166,128.211177,37.696396,3058.6716576000003,-17.137,-13.425,189.143,1.0
153.1333,128.211166,37.696354,3057.4091760000006,-14.126,-13.377,189.197,1.0
153.15,128.211154,37.696312,3056.1469991999998,-11.162,-13.293,189.238,1.0
153.1666,128.211143,37.69627,3054.8857368000004,-8.241,-13.176,189.273,1.0
153.1833,128.211132,37.696228,3053.6235600000005,-5.36,-13.041,189.311,1.0
153.2,128.211121,37.696186,3052.3607736000004,-2.512,-12.901,189.355,1.0
153.2166,128.21111,37.696144,3051.0973776,0.309,-12.763,189.408,1.0
153.2333,128.211099,37.696102,3049.8370296000003,3.021,-12.607,189.461,1.0
153.25,128.211087,37.69606,3048.5797296,5.632,-12.414,189.518,1.0
153.2666,128.211076,37.696018,3047.3257824,8.158,-12.194,189.585,1.0
153.2833,128.211065,37.695976,3046.0745784000005,10.615,-11.963,189.666,1.0
153.3,128.211054,37.695933,3044.8248984,13.017,-11.735,189.76,1.0
153.3166,128.211043,37.695891,3043.5776568,15.381,-11.515,189.867,1.0
153.3333,128.211032,37.695849,3042.3362064000003,17.63,-11.283,189.984,1.0
153.35,128.21102,37.695807,3041.1002424,19.777,-11.026,190.115,1.0
153.3666,128.211009,37.695764,3039.8706792000003,21.842,-10.756,190.26,1.0
153.3833,128.210998,37.695722,3038.6450784000003,23.841,-10.486,190.421,1.0
153.4,128.210987,37.69568,3037.4246592000004,25.792,-10.225,190.594,1.0
153.4166,128.210975,37.695637,3036.2085072000004,27.709,-9.978,190.778,1.0
153.4333,128.210964,37.695595,3035.0005848000005,29.529,-9.723,190.974,1.0
153.45,128.210952,37.695552,3033.7999776,31.264,-9.455,191.185,1.0
153.4666,128.210941,37.69551,3032.6076000000003,32.932,-9.184,191.41,1.0
153.4833,128.210929,37.695467,3031.4210136,34.547,-8.92,191.645,1.0
153.5,128.210918,37.695425,3030.2411328000003,36.123,-8.669,191.889,1.0
153.5166,128.210906,37.695382,3029.0679576,37.674,-8.434,192.139,1.0
153.5333,128.210894,37.69534,3027.9039264,39.144,-8.194,192.401,1.0
153.55,128.210882,37.695297,3026.7487344,40.546,-7.947,192.676,1.0
153.5666,128.21087,37.695255,3025.6023816,41.893,-7.702,192.962,1.0
153.5833,128.210858,37.695212,3024.4630392000004,43.197,-7.467,193.254,1.0
153.6,128.210846,37.695169,3023.3319264,44.47,-7.246,193.55,1.0
153.6166,128.210834,37.695127,3022.2084336,45.722,-7.04,193.848,1.0
153.6333,128.210821,37.695084,3021.0949992,46.917,-6.834,194.156,1.0
153.65,128.210809,37.695042,3019.9907088,48.063,-6.627,194.473,1.0
153.6666,128.210796,37.694999,3018.8943432,49.171,-6.426,194.796,1.0
153.6833,128.210783,37.694956,3017.806512,50.25,-6.235,195.122,1.0
153.7,128.210771,37.694914,3016.7272152,51.308,-6.056,195.448,1.0
153.7166,128.210757,37.694871,3015.6555384000003,52.351,-5.889,195.773,1.0
153.7333,128.210744,37.694828,3014.5939200000003,53.361,-5.729,196.102,1.0
153.75,128.210731,37.694786,3013.5402264,54.343,-5.574,196.433,1.0
153.7666,128.210717,37.694743,3012.4947624000006,55.303,-5.426,196.765,1.0
153.7833,128.210704,37.694701,3011.4575280000004,56.246,-5.288,197.096,1.0
153.8,128.21069,37.694658,3010.4282184000003,57.178,-5.159,197.426,1.0
153.8166,128.210676,37.694615,3009.4068336,58.101,-5.041,197.755,1.0
153.8333,128.210662,37.694573,3008.3921544,59.027,-4.932,198.083,1.0
153.85,128.210647,37.69453,3007.3850952000003,59.956,-4.832,198.408,1.0
153.8666,128.210633,37.694488,3006.3853512,60.891,-4.741,198.733,1.0
153.8833,128.210618,37.694445,3005.3923128,61.83,-4.657,199.055,1.0
153.9,128.210603,37.694403,3004.4062848000003,62.775,-4.581,199.376,1.0
153.9166,128.210588,37.69436,3003.4266576000005,63.723,-4.512,199.694,1.0
153.9333,128.210573,37.694318,3002.4525168000005,64.747,-4.466,199.995,1.0
153.95,128.210558,37.694275,3001.4835576000005,65.844,-4.442,200.275,1.0
153.9666,128.210542,37.694233,3000.5185608,67.005,-4.434,200.54,1.0
153.9833,128.210527,37.69419,2999.5584408,68.218,-4.433,200.799,1.0
154.0,128.210511,37.694148,2998.602588,69.475,-4.437,201.056,1.0
154.0166,128.210495,37.694105,2997.6510024000004,70.763,-4.443,201.314,1.0
154.0333,128.210479,37.694063,2996.7042936000003,71.998,-4.441,201.591,1.0
154.05,128.210463,37.694021,2995.7615472,73.174,-4.429,201.891,1.0
154.0666,128.210446,37.693978,2994.8239824,74.297,-4.417,202.206,1.0
154.0833,128.210429,37.693936,2993.8903800000003,75.373,-4.412,202.529,1.0
154.1,128.210412,37.693894,2992.96074,76.412,-4.415,202.853,1.0
154.1166,128.210395,37.693852,2992.0344528,77.425,-4.429,203.176,1.0
154.1333,128.210378,37.69381,2991.1112136,78.348,-4.446,203.496,1.0
154.15,128.21036,37.693768,2990.191632,79.192,-4.464,203.814,1.0
154.1666,128.210342,37.693726,2989.2754032000003,79.97,-4.486,204.13,1.0
154.1833,128.210324,37.693684,2988.3616128,80.697,-4.516,204.447,1.0
154.2,128.210306,37.693642,2987.4502608,81.384,-4.553,204.763,1.0
154.2166,128.210288,37.6936,2986.5407376,82.043,-4.597,205.078,1.0
154.2333,128.210269,37.693558,2985.6330432,82.713,-4.65,205.394,1.0
154.25,128.21025,37.693516,2984.7262632,83.398,-4.71,205.709,1.0
154.2666,128.210231,37.693475,2983.8207024000003,84.102,-4.775,206.024,1.0
154.2833,128.210212,37.693433,2982.916056,84.822,-4.844,206.336,1.0
154.3,128.210192,37.693391,2982.0117144000005,85.556,-4.915,206.647,1.0
154.3166,128.210173,37.69335,2981.1079824000003,86.3,-4.989,206.955,1.0
154.3333,128.210153,37.693308,2980.2039456,86.94,-5.056,207.261,1.0
154.35,128.210133,37.693267,2979.3002136,87.478,-5.116,207.564,1.0
154.3666,128.210112,37.693226,2978.3967864,87.926,-5.176,207.865,1.0
154.3833,128.210092,37.693184,2977.4933592,88.296,-5.242,208.164,1.0
154.4,128.210071,37.693143,2976.5899320000003,88.604,-5.314,208.462,1.0
154.4166,128.21005,37.693102,2975.6862,88.868,-5.393,208.759,1.0
154.4333,128.210029,37.693061,2974.7815536,89.022,-5.468,209.055,1.0
154.45,128.210007,37.69302,2973.8762976000003,89.075,-5.537,209.351,1.0
154.4666,128.209985,37.69298,2972.970432,89.027,-5.601,209.645,1.0
154.4833,128.209963,37.692939,2972.0645664000003,88.88,-5.664,209.939,1.0
154.5,128.209941,37.692898,2971.1580912000004,88.636,-5.726,210.233,1.0
154.5166,128.209918,37.692858,2970.2510064,88.313,-5.788,210.525,1.0
154.5333,128.209896,37.692817,2969.3442264,88.011,-5.857,210.818,1.0
154.55,128.209873,37.692777,2968.4371416000004,87.744,-5.933,211.11,1.0
154.5666,128.209849,37.692737,2967.5291424,87.513,-6.01,211.402,1.0
154.5833,128.209826,37.692696,2966.6208384,87.316,-6.083,211.694,1.0
154.6,128.209802,37.692656,2965.71162,87.148,-6.151,211.984,1.0
154.6166,128.209778,37.692616,2964.8020968,87.0,-6.214,212.274,1.0
154.6333,128.209754,37.692576,2963.8919640000004,86.865,-6.272,212.562,1.0
154.65,128.20973,37.692537,2962.9815264,86.737,-6.327,212.848,1.0
154.6666,128.209705,37.692497,2962.070784,86.611,-6.38,213.132,1.0
154.6833,128.20968,37.692457,2961.1600416,86.482,-6.43,213.414,1.0
154.7,128.209655,37.692418,2960.2486896000005,86.35,-6.479,213.695,1.0
154.7166,128.20963,37.692378,2959.3373376,86.213,-6.526,213.973,1.0
154.7333,128.209604,37.692339,2958.4256808,86.071,-6.572,214.251,1.0
154.75,128.209579,37.6923,2957.5137192,85.923,-6.614,214.527,1.0
154.7666,128.209553,37.69226,2956.6017576000004,85.769,-6.655,214.802,1.0
154.7833,128.209527,37.692221,2955.689796,85.61,-6.695,215.076,1.0
154.8,128.2095,37.692182,2954.7778344000003,85.445,-6.732,215.349,1.0
154.8166,128.209474,37.692143,2953.8658728,85.274,-6.769,215.621,1.0
154.8333,128.209447,37.692105,2952.9536064,85.102,-6.802,215.892,1.0
154.85,128.20942,37.692066,2952.0416448,84.928,-6.834,216.162,1.0
154.8666,128.209393,37.692027,2951.1296832,84.751,-6.863,216.431,1.0
154.8833,128.209365,37.691989,2950.2180264,84.571,-6.89,216.7,1.0
154.9,128.209338,37.69195,2949.3063696,84.387,-6.916,216.967,1.0
154.9166,128.20931,37.691912,2948.3953224,84.199,-6.94,217.234,1.0
154.9333,128.209282,37.691874,2947.4836656,84.021,-6.957,217.5,1.0
154.95,128.209253,37.691836,2946.5723136,83.851,-6.965,217.764,1.0
154.9666,128.209225,37.691798,2945.6612664000004,83.684,-6.969,218.028,1.0
154.9833,128.209196,37.69176,2944.7511336000002,83.512,-6.971,218.29,1.0
155.0,128.209167,37.691722,2943.8413056000004,83.333,-6.971,218.552,1.0
155.0166,128.209138,37.691684,2942.9323920000006,83.146,-6.971,218.814,1.0
155.0333,128.209109,37.691647,2942.0237832,82.958,-6.97,219.074,1.0
155.05,128.209079,37.691609,2941.115784,82.77,-6.968,219.335,1.0
155.0666,128.209049,37.691572,2940.2086992,82.583,-6.964,219.595,1.0
155.0833,128.209019,37.691535,2939.3025288,82.395,-6.96,219.854,1.0
155.1,128.208989,37.691497,2938.396968,82.207,-6.953,220.113,1.0
155.1166,128.208959,37.69146,2937.4923215999997,82.018,-6.946,220.371,1.0
155.1333,128.208928,37.691423,2936.5885896000004,81.725,-6.927,220.627,1.0
155.15,128.208897,37.691387,2935.6863816,81.33,-6.897,220.881,1.0
155.1666,128.208866,37.69135,2934.7863072000005,80.847,-6.863,221.134,1.0
155.1833,128.208835,37.691313,2933.8883664000005,80.286,-6.828,221.387,1.0
155.2,128.208803,37.691277,2932.9928640000003,79.665,-6.794,221.639,1.0
155.2166,128.208772,37.691241,2932.0994952,78.998,-6.761,221.893,1.0
155.2333,128.20874,37.691205,2931.2085647999997,78.333,-6.731,222.146,1.0
155.25,128.208707,37.691168,2930.3200728,77.681,-6.7,222.401,1.0
155.2666,128.208675,37.691132,2929.4334096000002,77.043,-6.667,222.656,1.0
155.2833,128.208643,37.691097,2928.5500991999997,76.421,-6.628,222.909,1.0
155.3,128.20861,37.691061,2927.6692272,75.811,-6.585,223.162,1.0
155.3166,128.208577,37.691025,2926.7917079999997,75.208,-6.536,223.413,1.0
155.3333,128.208544,37.69099,2925.9172368000004,74.659,-6.487,223.664,1.0
155.35,128.20851,37.690954,2925.0458136,74.16,-6.438,223.914,1.0
155.3666,128.208477,37.690919,2924.1774384,73.702,-6.388,224.163,1.0
155.3833,128.208443,37.690884,2923.3127208,73.278,-6.334,224.41,1.0
155.4,128.208409,37.690849,2922.4516608,72.88,-6.275,224.654,1.0
155.4166,128.208375,37.690814,2921.5942584,72.5,-6.212,224.897,1.0
155.4333,128.208341,37.690779,2920.7405136,72.162,-6.149,225.138,1.0
155.45,128.208306,37.690744,2919.8904264,71.86,-6.085,225.379,1.0
155.4666,128.208272,37.690709,2919.0446064000002,71.587,-6.021,225.618,1.0
155.4833,128.208237,37.690675,2918.2027488000003,71.337,-5.955,225.856,1.0
155.5,128.208202,37.69064,2917.3654632000002,71.104,-5.886,226.092,1.0
155.5166,128.208167,37.690606,2916.5324448,70.884,-5.814,226.326,1.0
155.5333,128.208131,37.690572,2915.7033888,70.687,-5.742,226.56,1.0
155.55,128.208096,37.690538,2914.8789048000003,70.51,-5.671,226.793,1.0
155.5666,128.20806,37.690504,2914.0592976000003,70.349,-5.598,227.025,1.0
155.5833,128.208024,37.69047,2913.2439576,70.199,-5.525,227.256,1.0
155.6,128.207988,37.690436,2912.4337992,70.059,-5.45,227.487,1.0
155.6166,128.207952,37.690402,2911.6282128,69.926,-5.374,227.716,1.0
155.6333,128.207915,37.690369,2910.8271984000003,69.805,-5.298,227.946,1.0
155.65,128.207879,37.690336,2910.0310608,69.696,-5.222,228.174,1.0
155.6666,128.207842,37.690302,2909.2401048,69.595,-5.146,228.403,1.0
155.6833,128.207805,37.690269,2908.4540256000005,69.502,-5.069,228.631,1.0
155.7,128.207768,37.690236,2907.6731280000004,69.414,-4.992,228.859,1.0
155.7166,128.20773,37.690203,2906.8971072000004,69.33,-4.914,229.086,1.0
155.7333,128.207693,37.69017,2906.1259632,69.254,-4.836,229.314,1.0
155.75,128.207655,37.690137,2905.3603056000006,69.186,-4.757,229.541,1.0
155.7666,128.207617,37.690105,2904.5998296000002,69.125,-4.679,229.768,1.0
155.7833,128.207579,37.690072,2903.8442304000005,69.068,-4.601,229.995,1.0
155.8,128.207541,37.69004,2903.0941176,69.014,-4.522,230.221,1.0
155.8166,128.207503,37.690008,2902.3491864000002,68.964,-4.443,230.448,1.0
155.8333,128.207464,37.689975,2901.6097416000002,68.92,-4.364,230.674,1.0
155.85,128.207425,37.689943,2900.8751736000004,68.881,-4.285,230.901,1.0
155.8666,128.207386,37.689912,2900.1463968,68.845,-4.206,231.127,1.0
155.8833,128.207347,37.68988,2899.4228016,68.813,-4.126,231.353,1.0
155.9,128.207308,37.689848,2898.7046928,68.784,-4.047,231.58,1.0
155.9166,128.207269,37.689817,2897.9920704,68.757,-3.968,231.806,1.0
155.9333,128.207229,37.689785,2897.2846296000002,68.733,-3.888,232.033,1.0
155.95,128.207189,37.689754,2896.5826752000003,68.714,-3.808,232.259,1.0
155.9666,128.20715,37.689723,2895.8862072,68.697,-3.729,232.485,1.0
155.9833,128.20711,37.689692,2895.1955304000003,68.682,-3.649,232.712,1.0
156.0,128.207069,37.689661,2894.5100352000004,68.669,-3.57,232.938,1.0
156.0166,128.207029,37.68963,2893.8303312,68.658,-3.49,233.165,1.0
156.0333,128.206988,37.689599,2893.1561136,68.649,-3.411,233.391,1.0
156.05,128.206948,37.689569,2892.4873824,68.642,-3.331,233.618,1.0
156.0666,128.206907,37.689539,2891.8244424,68.638,-3.252,233.845,1.0
156.0833,128.206866,37.689508,2891.1666840000003,68.635,-3.172,234.072,1.0
156.1,128.206825,37.689478,2890.5150215999997,68.634,-3.093,234.299,1.0
156.1166,128.206783,37.689448,2889.8688456,68.633,-3.014,234.526,1.0
156.1333,128.206742,37.689418,2889.228156,68.635,-2.935,234.753,1.0
156.15,128.2067,37.689389,2888.5929528,68.638,-2.856,234.981,1.0
156.1666,128.206658,37.689359,2887.9638456000002,68.643,-2.777,235.208,1.0
156.1833,128.206616,37.68933,2887.3402248,68.649,-2.698,235.436,1.0
156.2,128.206574,37.6893,2886.7220904,68.656,-2.619,235.664,1.0
156.2166,128.206532,37.689271,2886.1097472,68.664,-2.541,235.892,1.0
156.2333,128.20649,37.689242,2885.5031952,68.673,-2.462,236.12,1.0
156.25,128.206447,37.689213,2884.9024344000004,68.683,-2.384,236.349,1.0
156.2666,128.206404,37.689184,2884.3074647999997,68.694,-2.306,236.577,1.0
156.2833,128.206361,37.689156,2883.7179816000003,68.705,-2.228,236.806,1.0
156.3,128.206318,37.689127,2883.1342896000006,68.716,-2.15,237.035,1.0
156.3166,128.206275,37.689099,2882.5563888,68.728,-2.072,237.264,1.0
156.3333,128.206232,37.689071,2881.9842792,68.741,-1.995,237.494,1.0
156.35,128.206188,37.689042,2881.4179608,68.753,-1.917,237.723,1.0
156.3666,128.206145,37.689014,2880.8571288,68.766,-1.84,237.953,1.0
156.3833,128.206101,37.688987,2880.3023928000002,68.779,-1.763,238.183,1.0
156.4,128.206057,37.688959,2879.7531432,68.792,-1.687,238.413,1.0
156.4166,128.206013,37.688931,2879.2099896000004,68.807,-1.61,238.643,1.0
156.4333,128.205969,37.688904,2878.6726272,68.82,-1.534,238.874,1.0
156.45,128.205924,37.688877,2878.141056,68.832,-1.458,239.105,1.0
156.4666,128.20588,37.68885,2877.6149712,68.844,-1.382,239.336,1.0
156.4833,128.205835,37.688823,2877.0949824000004,68.855,-1.306,239.567,1.0
156.5,128.205791,37.688796,2876.5807848000004,68.867,-1.231,239.798,1.0
156.5166,128.205746,37.688769,2876.0723784000006,68.879,-1.155,240.03,1.0
156.5333,128.205701,37.688743,2875.570068,68.889,-1.08,240.262,1.0
156.55,128.205655,37.688716,2875.073244,68.898,-1.005,240.494,1.0
156.5666,128.20561,37.68869,2874.582516,68.906,-0.93,240.726,1.0
156.5833,128.205565,37.688664,2874.0975792,68.914,-0.855,240.959,1.0
156.6,128.205519,37.688638,2873.6184336,68.922,-0.781,241.192,1.0
156.6166,128.205473,37.688612,2873.145384,68.93,-0.706,241.425,1.0
156.6333,128.205427,37.688587,2872.6781256000004,68.936,-0.632,241.658,1.0
156.65,128.205381,37.688561,2872.2166584,68.939,-0.558,241.891,1.0
156.6666,128.205335,37.688536,2871.7609824,68.942,-0.483,242.124,1.0
156.6833,128.205289,37.688511,2871.3114024,68.943,-0.409,242.358,1.0
156.7,128.205243,37.688486,2870.8676136,68.944,-0.335,242.592,1.0
156.7166,128.205196,37.688461,2870.4299208,68.944,-0.261,242.826,1.0
156.7333,128.205149,37.688436,2869.9980192000003,68.941,-0.187,243.06,1.0
156.75,128.205103,37.688411,2869.5722136,68.936,-0.113,243.294,1.0
156.7666,128.205056,37.688387,2869.152504,68.929,-0.039,243.528,1.0
156.7833,128.205009,37.688363,2868.7385856,68.92,0.034,243.763,1.0
156.8,128.204961,37.688339,2868.3304583999998,68.909,0.108,243.997,1.0
156.8166,128.204914,37.688315,2867.9284272,68.899,0.182,244.232,1.0
156.8333,128.204867,37.688291,2867.5324920000003,68.884,0.256,244.467,1.0
156.85,128.204819,37.688267,2867.1426528,68.866,0.33,244.702,1.0
156.8666,128.204771,37.688244,2866.7586048000003,68.846,0.405,244.937,1.0
156.8833,128.204724,37.68822,2866.3809576000003,68.823,0.479,245.173,1.0
156.9,128.204676,37.688197,2866.0091016,68.799,0.554,245.408,1.0
156.9166,128.204628,37.688174,2865.6433416000004,68.774,0.628,245.643,1.0
156.9333,128.20458,37.688151,2865.2836776000004,68.744,0.703,245.879,1.0
156.95,128.204531,37.688129,2864.9304144000002,68.711,0.778,246.115,1.0
156.9666,128.204483,37.688106,2864.5829424,68.675,0.853,246.35,1.0
156.9833,128.204434,37.688084,2864.2418712000003,68.636,0.928,246.586,1.0
157.0,128.204386,37.688061,2863.9065912,68.595,1.004,246.822,1.0
157.0166,128.204337,37.688039,2863.5777120000002,68.553,1.079,247.058,1.0
157.0333,128.204288,37.688017,2863.2552336,68.506,1.155,247.294,1.0
157.05,128.204239,37.687996,2862.9388512,68.454,1.232,247.529,1.0
157.0666,128.20419,37.687974,2862.6288696,68.399,1.309,247.765,1.0
157.0833,128.204141,37.687953,2862.3252888,68.34,1.386,248.001,1.0
157.1,128.204092,37.687931,2862.027804,68.279,1.463,248.237,1.0
157.1166,128.204042,37.68791,2861.7364152,68.217,1.541,248.473,1.0
157.1333,128.203993,37.687889,2861.4520368000003,68.148,1.619,248.709,1.0
157.15,128.203943,37.687869,2861.1737544000002,68.075,1.697,248.944,1.0
157.1666,128.203893,37.687848,2860.9018728,67.997,1.777,249.18,1.0
157.1833,128.203844,37.687828,2860.6363920000003,67.915,1.856,249.416,1.0
157.2,128.203794,37.687807,2860.3776168000004,67.831,1.936,249.651,1.0
157.2166,128.203744,37.687787,2860.1252424,67.745,2.016,249.887,1.0
157.2333,128.203694,37.687767,2859.8795736,67.651,2.097,250.123,1.0
157.25,128.203643,37.687748,2859.6406104,67.552,2.179,250.358,1.0
157.2666,128.203593,37.687728,2859.4080480000002,67.447,2.262,250.593,1.0
157.2833,128.203543,37.687708,2859.1824960000004,67.337,2.345,250.828,1.0
157.3,128.203492,37.687689,2858.9636496,67.224,2.428,251.063,1.0
157.3166,128.203441,37.68767,2858.751204,67.108,2.512,251.297,1.0
157.3333,128.203391,37.687651,2858.5463784000003,66.984,2.597,251.532,1.0
157.35,128.20334,37.687632,2858.3479536,66.852,2.683,251.766,1.0
157.3666,128.203289,37.687614,2858.1565392,66.713,2.77,252.0,1.0
157.3833,128.203238,37.687595,2857.97244,66.569,2.858,252.234,1.0
157.4,128.203187,37.687577,2857.7950464000005,66.421,2.947,252.467,1.0
157.4166,128.203136,37.687559,2857.6246632,66.269,3.035,252.701,1.0
157.4333,128.203084,37.687541,2857.4619000000002,66.107,3.126,252.934,1.0
157.45,128.203033,37.687523,2857.3064520000003,65.937,3.217,253.167,1.0
157.4666,128.202982,37.687506,2857.1580144000004,65.759,3.31,253.399,1.0
157.4833,128.20293,37.687488,2857.0171968,65.575,3.404,253.631,1.0
157.5,128.202878,37.687471,2856.8836944,65.386,3.498,253.862,1.0
157.5166,128.202827,37.687454,2856.7578120000003,65.194,3.593,254.093,1.0
157.5333,128.202775,37.687437,2856.6395496,64.989,3.69,254.324,1.0
157.55,128.202723,37.687421,2856.5292120000004,64.773,3.789,254.554,1.0
157.5666,128.202671,37.687404,2856.4264943999997,64.547,3.889,254.783,1.0
157.5833,128.202619,37.687388,2856.3317016,64.314,3.99,255.011,1.0
157.6,128.202567,37.687371,2856.2445288,64.074,4.092,255.239,1.0
157.6166,128.202515,37.687355,2856.1655855999998,63.829,4.195,255.467,1.0
157.6333,128.202462,37.68734,2856.0951768,63.568,4.3,255.694,1.0
157.65,128.20241,37.687324,2856.0329976000003,63.293,4.407,255.92,1.0
157.6666,128.202358,37.687308,2855.979048,63.006,4.516,256.145,1.0
157.6833,128.202305,37.687293,2855.9336328000004,62.708,4.626,256.37,1.0
157.7,128.202253,37.687278,2855.896752,62.402,4.737,256.594,1.0
157.7166,128.2022,37.687263,2855.8684056,62.089,4.849,256.818,1.0
157.7333,128.202147,37.687248,2855.849508,61.753,4.964,257.04,1.0
157.75,128.202095,37.687234,2855.8397544,61.396,5.082,257.261,1.0
157.7666,128.202042,37.687219,2855.83884,61.021,5.202,257.48,1.0
157.7833,128.201989,37.687205,2855.8473744,60.63,5.324,257.699,1.0
157.8,128.201936,37.687191,2855.8653576,60.227,5.447,257.917,1.0
157.8166,128.201883,37.687177,2855.8924848,59.815,5.571,258.135,1.0
157.8333,128.20183,37.687163,2855.93028,59.369,5.699,258.351,1.0
157.85,128.201777,37.687149,2855.9781336,58.893,5.831,258.564,1.0
157.8666,128.201724,37.687136,2856.0363504,58.391,5.966,258.776,1.0
157.8833,128.20167,37.687123,2856.1046256000004,57.866,6.103,258.987,1.0
157.9,128.201617,37.68711,2856.1832640000002,57.324,6.242,259.197,1.0
157.9166,128.201564,37.687097,2856.2725704,56.768,6.382,259.406,1.0
157.9333,128.20151,37.687084,2856.3713256,56.272,6.519,259.618,1.0
157.95,128.201457,37.687072,2856.4798344,55.835,6.653,259.832,1.0
157.9666,128.201403,37.687059,2856.5974872,55.452,6.788,260.045,1.0
157.9833,128.20135,37.687047,2856.724284,55.114,6.927,260.257,1.0
158.0,128.201296,37.687035,2856.8611392000003,54.813,7.069,260.465,1.0
158.0166,128.201242,37.687023,2857.0083576,54.538,7.215,260.67,1.0
158.0333,128.201189,37.687011,2857.1668535999997,54.236,7.367,260.87,1.0
158.05,128.201135,37.686999,2857.336932,53.902,7.524,261.065,1.0
158.0666,128.201081,37.686988,2857.5192024000003,53.536,7.683,261.256,1.0
158.0833,128.201027,37.686976,2857.7127504000005,53.14,7.842,261.447,1.0
158.1,128.200973,37.686965,2857.9184904,52.721,8.001,261.637,1.0
158.1166,128.200919,37.686954,2858.135508,52.283,8.16,261.827,1.0
158.1333,128.200865,37.686943,2858.3653272,51.728,8.314,261.994,1.0
158.15,128.200811,37.686933,2858.6079480000003,51.06,8.452,262.123,1.0
158.1666,128.200757,37.686922,2858.8636752,50.276,8.561,262.204,1.0
158.1833,128.200703,37.686912,2859.1340328000006,49.393,8.646,262.253,1.0
158.2,128.200649,37.686902,2859.4181064,48.429,8.72,262.29,1.0
158.2166,128.200595,37.686892,2859.7149816,47.405,8.792,262.327,1.0
158.2333,128.200541,37.686882,2860.0264872000002,46.28,8.854,262.347,1.0
158.25,128.200487,37.686872,2860.3523184,45.056,8.893,262.334,1.0
158.2666,128.200433,37.686863,2860.6927800000003,43.737,8.908,262.292,1.0
158.2833,128.200379,37.686853,2861.0475672,42.326,8.912,262.235,1.0
158.3,128.200324,37.686844,2861.4166800000003,40.825,8.913,262.173,1.0
158.3166,128.20027,37.686835,2861.8004232000003,39.238,8.92,262.115,1.0
158.3333,128.200216,37.686826,2862.1981872000006,37.565,8.917,262.048,1.0
158.35,128.200162,37.686817,2862.6099719999997,35.808,8.901,261.971,1.0
158.3666,128.200107,37.686809,2863.0357776,33.97,8.879,261.889,1.0
158.3833,128.200053,37.6868,2863.4752992,32.055,8.856,261.807,1.0
158.4,128.199999,37.686791,2863.9288416000004,30.065,8.838,261.728,1.0
158.4166,128.199945,37.686783,2864.3957952,28.003,8.826,261.653,1.0
158.4333,128.199891,37.686774,2864.8761600000003,25.869,8.814,261.579,1.0
158.45,128.199836,37.686766,2865.369936,23.668,8.801,261.506,1.0
158.4666,128.199782,37.686758,2865.8765136,21.401,8.79,261.435,1.0
158.4833,128.199728,37.68675,2866.3961976,19.072,8.78,261.365,1.0
158.5,128.199674,37.686741,2866.9286832,16.684,8.775,261.298,1.0
158.5166,128.199619,37.686733,2867.4733608,14.239,8.772,261.233,1.0
158.5333,128.199565,37.686725,2868.03084,11.74,8.781,261.172,1.0
158.55,128.199511,37.686717,2868.6002064,9.19,8.8,261.113,1.0
158.5666,128.199457,37.686709,2869.1817647999997,6.59,8.827,261.055,1.0
158.5833,128.199403,37.686701,2869.7749056000002,3.944,8.858,260.998,1.0
158.6,128.199348,37.686693,2870.379324,1.254,8.892,260.94,1.0
158.6166,128.199294,37.686685,2870.9953248,-1.475,8.926,260.881,1.0
158.6333,128.19924,37.686677,2871.6204696,-4.227,8.983,260.822,1.0
158.65,128.199186,37.686669,2872.2559776000003,-6.992,9.064,260.76,1.0
158.6666,128.199132,37.686661,2872.9009344,-9.764,9.159,260.696,1.0
158.6833,128.199078,37.686653,2873.5550352000005,-12.539,9.26,260.627,1.0
158.7,128.199024,37.686645,2874.2185848000004,-15.315,9.361,260.554,1.0
158.7166,128.19897,37.686637,2874.8906688,-18.087,9.46,260.477,1.0
158.7333,128.198916,37.686629,2875.570068,-20.799,9.578,260.392,1.0
158.75,128.198862,37.686621,2876.2564776000004,-23.455,9.726,260.293,1.0
158.7666,128.198808,37.686613,2876.9495928,-26.063,9.895,260.178,1.0
158.7833,128.198754,37.686605,2877.6509376,-28.633,10.07,260.049,1.0
158.8,128.1987,37.686597,2878.3599024,-31.174,10.242,259.909,1.0
158.8166,128.198646,37.686589,2879.0764872000004,-33.693,10.405,259.76,1.0
158.8333,128.198592,37.686581,2879.7985584,-36.101,10.582,259.597,1.0
158.85,128.198538,37.686572,2880.5270304000005,-38.41,10.784,259.412,1.0
158.8666,128.198484,37.686564,2881.2606840000003,-40.639,11.0,259.202,1.0
158.8833,128.19843,37.686556,2882.0004336,-42.804,11.215,258.974,1.0
158.9,128.198377,37.686547,2882.7471936,-44.921,11.42,258.734,1.0
158.9166,128.198323,37.686539,2883.5003544,-47.006,11.609,258.485,1.0
158.9333,128.198269,37.68653,2884.2577824000005,-48.987,11.803,258.219,1.0
158.95,128.198215,37.686521,2885.0206967999998,-50.879,12.007,257.931,1.0
158.9666,128.198161,37.686513,2885.7878784000004,-52.701,12.211,257.624,1.0
158.9833,128.198108,37.686504,2886.5614608,-54.468,12.405,257.305,1.0
159.0,128.198054,37.686495,2887.3405296,-56.194,12.585,256.98,1.0
159.0166,128.198,37.686486,2888.1250848000004,-57.894,12.746,256.652,1.0
159.0333,128.197947,37.686477,2888.9136024000004,-59.508,12.896,256.327,1.0
159.05,128.197893,37.686468,2889.7060824000005,-61.049,13.035,256.006,1.0
159.0666,128.197839,37.686459,2890.5025248,-62.531,13.162,255.686,1.0
159.0833,128.197786,37.68645,2891.3041488000003,-63.968,13.275,255.367,1.0
159.1,128.197732,37.68644,2892.1097352000006,-65.375,13.373,255.047,1.0
159.1166,128.197679,37.686431,2892.9198936000003,-66.762,13.457,254.728,1.0
159.1333,128.197625,37.686421,2893.7321856,-68.092,13.525,254.431,1.0
159.15,128.197572,37.686412,2894.5475256000004,-69.37,13.57,254.177,1.0
159.1666,128.197518,37.686402,2895.3659136,-70.604,13.591,253.968,1.0
159.1833,128.197465,37.686392,2896.1873496,-71.807,13.594,253.788,1.0
159.2,128.197411,37.686382,2897.0109192000004,-72.99,13.586,253.621,1.0
159.2166,128.197358,37.686372,2897.8372320000003,-74.164,13.571,253.455,1.0
159.2333,128.197305,37.686362,2898.666288,-75.466,13.533,253.308,1.0
159.25,128.197251,37.686351,2899.4974776000004,-76.888,13.472,253.195,1.0
159.2666,128.197198,37.686341,2900.3298864000003,-78.436,13.397,253.109,1.0
159.2833,128.197145,37.68633,2901.1638192000005,-80.113,13.317,253.035,1.0
159.3,128.197092,37.68632,2901.9986664000003,-81.92,13.235,252.965,1.0
159.3166,128.197039,37.686309,2902.8341232000002,-83.85,13.154,252.892,1.0
159.3333,128.196985,37.686298,2903.6689704,-85.856,13.077,252.807,1.0
159.35,128.196932,37.686287,2904.503208,-87.912,13.003,252.71,1.0
159.3666,128.196879,37.686276,2905.3365312,-90.001,12.932,252.606,1.0
159.3833,128.196826,37.686265,2906.1683304000003,-92.108,12.86,252.497,1.0
159.4,128.196774,37.686253,2906.9986056000002,-94.224,12.785,252.385,1.0
159.4166,128.196721,37.686242,2907.8267472,-96.343,12.706,252.272,1.0
159.4333,128.196668,37.68623,2908.6521456,-98.317,12.633,252.136,1.0
159.45,128.196615,37.686219,2909.4748008,-100.151,12.563,251.978,1.0
159.4666,128.196562,37.686207,2910.295932,-101.863,12.49,251.807,1.0
159.4833,128.196509,37.686195,2911.1146248,-103.475,12.407,251.633,1.0
159.5,128.196456,37.686184,2911.931184,-105.008,12.313,251.46,1.0
159.5166,128.196403,37.686172,2912.7446952,-106.488,12.207,251.292,1.0
159.5333,128.19635,37.68616,2913.5554632,-107.875,12.097,251.125,1.0
159.55,128.196298,37.686148,2914.363488,-109.188,11.985,250.959,1.0
159.5666,128.196245,37.686136,2915.16816,-110.445,11.869,250.797,1.0
159.5833,128.196192,37.686124,2915.9691744,-111.659,11.747,250.637,1.0
159.6,128.196139,37.686111,2916.7662264,-112.842,11.621,250.482,1.0
159.6166,128.196086,37.686099,2917.5587064,-114.004,11.489,250.332,1.0
159.6333,128.196033,37.686087,2918.347224,-115.016,11.355,250.162,1.0
159.65,128.195981,37.686074,2919.1317792,-115.894,11.212,249.955,1.0
159.6666,128.195928,37.686062,2919.912372,-116.663,11.042,249.695,1.0
159.6833,128.195875,37.686049,2920.6886976,-117.347,10.833,249.374,1.0
159.7,128.195822,37.686037,2921.4601464,-117.967,10.582,248.993,1.0
159.7166,128.195769,37.686024,2922.225804,-118.541,10.299,248.572,1.0
159.7333,128.195716,37.686011,2922.9865848000004,-119.036,9.998,248.128,1.0
159.75,128.195664,37.685998,2923.7415744,-119.463,9.692,247.682,1.0
159.7666,128.195611,37.685985,2924.4895536,-119.834,9.391,247.254,1.0
159.7833,128.195558,37.685972,2925.2311320000003,-120.156,9.101,246.858,1.0
159.8,128.195505,37.685959,2925.9647856,-120.441,8.823,246.493,1.0
159.8166,128.195453,37.685946,2926.6905144,-120.698,8.554,246.152,1.0
159.8333,128.1954,37.685933,2927.4092328000006,-120.896,8.293,245.827,1.0
159.85,128.195347,37.685919,2928.120636,-121.041,8.04,245.513,1.0
159.8666,128.195294,37.685905,2928.8228952,-121.143,7.793,245.209,1.0
159.8833,128.195242,37.685892,2929.51662,-121.211,7.549,244.915,1.0
159.9,128.195189,37.685878,2930.2012008,-121.251,7.308,244.63,1.0
159.9166,128.195136,37.685864,2930.8766376,-121.27,7.072,244.354,1.0
159.9333,128.195084,37.68585,2931.5432352000003,-121.236,6.842,244.085,1.0
159.95,128.195031,37.685836,2932.2016032000006,-121.157,6.621,243.82,1.0
159.9666,128.194979,37.685821,2932.8502176,-121.037,6.405,243.561,1.0
159.9833,128.194926,37.685807,2933.4890784000004,-120.883,6.194,243.308,1.0
160.0,128.194874,37.685792,2934.1181856,-120.702,5.986,243.061,1.0
160.0166,128.194821,37.685778,2934.7375392000004,-120.499,5.781,242.82,1.0
160.0333,128.194769,37.685763,2935.3477488000003,-120.258,5.583,242.583,1.0
160.05,128.194717,37.685748,2935.9479,-119.984,5.391,242.349,1.0
160.0666,128.194664,37.685733,2936.5379928,-119.681,5.205,242.117,1.0
160.0833,128.194612,37.685718,2937.1180272,-119.354,5.023,241.889,1.0
160.1,128.19456,37.685702,2937.6880032000004,-119.007,4.844,241.664,1.0
160.1166,128.194508,37.685687,2938.247616,-118.644,4.669,241.442,1.0
160.1333,128.194456,37.685671,2938.7968656000003,-118.267,4.499,241.222,1.0
160.15,128.194403,37.685656,2939.3360568000003,-117.878,4.334,241.004,1.0
160.1666,128.194351,37.68564,2939.8645800000004,-117.48,4.173,240.787,1.0
160.1833,128.194299,37.685624,2940.3830448,-117.073,4.015,240.571,1.0
160.2,128.194248,37.685607,2940.8911464000003,-116.657,3.862,240.356,1.0
160.2166,128.194196,37.685591,2941.3888848,-116.235,3.713,240.142,1.0
160.2333,128.194144,37.685575,2941.8756504000003,-115.821,3.566,239.929,1.0
160.25,128.194092,37.685558,2942.3523576000002,-115.416,3.422,239.716,1.0
160.2666,128.194041,37.685541,2942.8183968,-115.018,3.281,239.504,1.0
160.2833,128.193989,37.685524,2943.2740728000003,-114.626,3.144,239.291,1.0
160.3,128.193938,37.685507,2943.7196904,-114.236,3.011,239.078,1.0
160.3166,128.193886,37.68549,2944.1552496,-113.847,2.88,238.865,1.0
160.3333,128.193835,37.685473,2944.5801408,-113.478,2.752,238.651,1.0
160.35,128.193784,37.685455,2944.9946688000005,-113.125,2.625,238.437,1.0
160.3666,128.193733,37.685437,2945.3991384,-112.786,2.501,238.222,1.0
160.3833,128.193681,37.685419,2945.7935496,-112.458,2.38,238.007,1.0
160.4,128.19363,37.685401,2946.1782072,-112.137,2.261,237.791,1.0
160.4166,128.19358,37.685383,2946.5528064,-111.82,2.145,237.573,1.0
160.4333,128.193529,37.685365,2946.9170424,-111.524,2.031,237.355,1.0
160.45,128.193478,37.685346,2947.2715248,-111.246,1.917,237.137,1.0
160.4666,128.193427,37.685328,2947.6162535999997,-110.983,1.805,236.918,1.0
160.4833,128.193377,37.685309,2947.9512288,-110.731,1.695,236.698,1.0
160.5,128.193326,37.68529,2948.2764504,-110.488,1.587,236.477,1.0
160.5166,128.193276,37.685271,2948.592528,-110.249,1.482,236.254,1.0
160.5333,128.193226,37.685252,2948.8982424,-110.028,1.377,236.031,1.0
160.55,128.193176,37.685232,2949.194508,-109.823,1.274,235.808,1.0
160.5666,128.193126,37.685213,2949.4813248,-109.63,1.171,235.584,1.0
160.5833,128.193076,37.685193,2949.7589976,-109.446,1.07,235.359,1.0
160.6,128.193026,37.685173,2950.0272216,-109.269,0.97,235.133,1.0
160.6166,128.192976,37.685153,2950.2863016,-109.096,0.872,234.907,1.0
160.6333,128.192926,37.685133,2950.5353232,-108.939,0.774,234.68,1.0
160.65,128.192877,37.685112,2950.7755056000005,-108.794,0.677,234.452,1.0
160.6666,128.192827,37.685092,2951.0065440000003,-108.66,0.58,234.224,1.0
160.6833,128.192778,37.685071,2951.2281336,-108.533,0.484,233.995,1.0
160.7,128.192729,37.68505,2951.440884,-108.413,0.39,233.766,1.0
160.7166,128.19268,37.685029,2951.6444904,-108.297,0.296,233.535,1.0
160.7333,128.19263,37.685008,2951.8386480000004,-108.196,0.206,233.304,1.0
160.75,128.192582,37.684987,2952.0236616,-108.109,0.118,233.071,1.0
160.7666,128.192533,37.684965,2952.1998360000002,-108.031,0.032,232.838,1.0
160.7833,128.192484,37.684943,2952.3668664,-107.958,-0.052,232.604,1.0
160.8,128.192435,37.684922,2952.5250576000003,-107.887,-0.137,232.369,1.0
160.8166,128.192387,37.6849,2952.6744096,-107.817,-0.221,232.134,1.0
160.8333,128.192339,37.684878,2952.8146176,-107.756,-0.303,231.898,1.0
160.85,128.19229,37.684855,2952.9459864,-107.706,-0.381,231.661,1.0
160.8666,128.192242,37.684833,2953.0682112,-107.661,-0.457,231.423,1.0
160.8833,128.192194,37.68481,2953.1819016,-107.619,-0.533,231.185,1.0
160.9,128.192146,37.684788,2953.2870576000005,-107.575,-0.609,230.947,1.0
160.9166,128.192099,37.684765,2953.3833744,-107.531,-0.685,230.708,1.0
160.9333,128.192051,37.684742,2953.470852,-107.488,-0.761,230.47,1.0
160.95,128.192003,37.684719,2953.5494904,-107.447,-0.838,230.232,1.0
160.9666,128.191956,37.684695,2953.6195944,-107.409,-0.914,229.993,1.0
160.9833,128.191909,37.684672,2953.681164,-107.373,-0.991,229.755,1.0
161.0,128.191861,37.684648,2953.7338944,-107.338,-1.068,229.516,1.0
161.0166,128.191814,37.684625,2953.7780904,-107.305,-1.145,229.278,1.0
161.0333,128.191767,37.684601,2953.8134472,-107.274,-1.222,229.04,1.0
161.05,128.191721,37.684577,2953.8402696,-107.246,-1.299,228.801,1.0
161.0666,128.191674,37.684552,2953.8585576000005,-107.221,-1.376,228.562,1.0
161.0833,128.191627,37.684528,2953.8683112000003,-107.197,-1.453,228.324,1.0
161.1,128.191581,37.684504,2953.8695304000003,-107.174,-1.53,228.085,1.0
161.1166,128.191535,37.684479,2953.8622152,-107.152,-1.608,227.847,1.0
161.1333,128.191489,37.684454,2953.8463656,-107.131,-1.686,227.608,1.0
161.15,128.191443,37.684429,2953.8219816,-107.113,-1.763,227.37,1.0
161.1666,128.191397,37.684404,2953.7890632,-107.095,-1.841,227.131,1.0
161.1833,128.191351,37.684379,2953.7476103999998,-107.079,-1.919,226.893,1.0
161.2,128.191305,37.684354,2953.6979280000005,-107.064,-1.997,226.654,1.0
161.2166,128.19126,37.684328,2953.6394064,-107.049,-2.075,226.416,1.0
161.2333,128.191214,37.684303,2953.5726552,-107.036,-2.154,226.177,1.0
161.25,128.191169,37.684277,2953.4976744,-107.024,-2.232,225.939,1.0
161.2666,128.191124,37.684251,2953.4138544,-107.013,-2.311,225.701,1.0
161.2833,128.191079,37.684225,2953.3218048000003,-107.003,-2.389,225.463,1.0
161.3,128.191034,37.684199,2953.2215256000004,-106.993,-2.468,225.224,1.0
161.3166,128.190989,37.684172,2953.1124072000002,-106.984,-2.548,224.986,1.0
161.3333,128.190945,37.684146,2952.9953640000003,-106.976,-2.627,224.748,1.0
161.35,128.1909,37.684119,2952.8694816,-106.969,-2.706,224.51,1.0
161.3666,128.190856,37.684092,2952.7356744,-106.963,-2.785,224.272,1.0
161.3833,128.190812,37.684065,2952.5930280000002,-106.957,-2.865,224.035,1.0
161.4,128.190768,37.684038,2952.4424568,-106.951,-2.944,223.797,1.0
161.4166,128.190724,37.684011,2952.2833511999997,-106.945,-3.024,223.559,1.0
161.4333,128.19068,37.683984,2952.1157112,-106.94,-3.104,223.322,1.0
161.45,128.190637,37.683957,2951.9401464000002,-106.934,-3.184,223.084,1.0
161.4666,128.190593,37.683929,2951.7560472,-106.929,-3.264,222.846,1.0
161.4833,128.19055,37.683901,2951.5634136000003,-106.923,-3.344,222.609,1.0
161.5,128.190507,37.683873,2951.3628552000005,-106.917,-3.425,222.372,1.0
161.5166,128.190464,37.683845,2951.1537624000002,-106.911,-3.506,222.134,1.0
161.5333,128.190421,37.683817,2950.93644,-106.904,-3.587,221.897,1.0
161.55,128.190378,37.683789,2950.710888,-106.897,-3.667,221.66,1.0
161.5666,128.190336,37.683761,2950.4768016,-106.89,-3.748,221.423,1.0
161.5833,128.190293,37.683732,2950.2347904,-106.882,-3.829,221.186,1.0
161.6,128.190251,37.683704,2949.9842448,-106.874,-3.91,220.949,1.0
161.6166,128.190209,37.683675,2949.7254696,-106.866,-3.992,220.713,1.0
161.6333,128.190167,37.683646,2949.4584648,-106.856,-4.073,220.476,1.0
161.65,128.190125,37.683617,2949.1832304000004,-106.846,-4.155,220.24,1.0
161.6666,128.190083,37.683588,2948.9000712,-106.834,-4.236,220.003,1.0
161.6833,128.190042,37.683558,2948.6083776,-106.821,-4.318,219.767,1.0
161.7,128.19,37.683529,2948.3084544000003,-106.807,-4.399,219.531,1.0
161.7166,128.189959,37.683499,2948.0003016,-106.793,-4.481,219.294,1.0
161.7333,128.189918,37.68347,2947.6839192,-106.776,-4.563,219.059,1.0
161.75,128.189877,37.68344,2947.3593072000003,-106.757,-4.645,218.823,1.0
161.7666,128.189836,37.68341,2947.0267704000003,-106.735,-4.727,218.587,1.0
161.7833,128.189796,37.68338,2946.6856992,-106.712,-4.808,218.351,1.0
161.8,128.189755,37.68335,2946.3367032000006,-106.687,-4.89,218.116,1.0
161.8166,128.189715,37.68332,2945.9794776000003,-106.661,-4.972,217.88,1.0
161.8333,128.189675,37.683289,2945.6143272,-106.631,-5.054,217.645,1.0
161.85,128.189635,37.683259,2945.2409472,-106.596,-5.136,217.41,1.0
161.8666,128.189595,37.683228,2944.8593376,-106.558,-5.217,217.175,1.0
161.8833,128.189555,37.683197,2944.4698032000006,-106.516,-5.298,216.939,1.0
161.9,128.189516,37.683166,2944.0720392000003,-106.473,-5.38,216.705,1.0
161.9166,128.189477,37.683135,2943.6660456,-106.427,-5.461,216.47,1.0
161.9333,128.189437,37.683104,2943.252432,-106.375,-5.542,216.235,1.0
161.95,128.189398,37.683073,2942.8305888,-106.315,-5.622,216.001,1.0
161.9666,128.189359,37.683041,2942.4008208,-106.251,-5.702,215.766,1.0
161.9833,128.189321,37.68301,2941.9631280000003,-106.181,-5.782,215.532,1.0
162.0,128.189282,37.682978,2941.5172056000006,-106.108,-5.861,215.297,1.0
162.0166,128.189244,37.682947,2941.0636632,-106.032,-5.941,215.063,1.0
162.0333,128.189206,37.682915,2940.6025008,-105.943,-6.02,214.829,1.0
162.05,128.189167,37.682883,2940.1331088,-105.841,-6.096,214.595,1.0
162.0666,128.18913,37.682851,2939.6560968,-105.728,-6.173,214.36,1.0
162.0833,128.189092,37.682818,2939.1714647999997,-105.606,-6.248,214.126,1.0
162.1,128.189054,37.682786,2938.678908,-105.477,-6.324,213.892,1.0
162.1166,128.189017,37.682754,2938.1787312,-105.342,-6.399,213.659,1.0
162.1333,128.18898,37.682721,2937.6712392000004,-105.179,-6.472,213.425,1.0
162.15,128.188942,37.682688,2937.1561272000004,-104.991,-6.543,213.191,1.0
162.1666,128.188905,37.682656,2936.6337000000003,-104.782,-6.611,212.956,1.0
162.1833,128.188869,37.682623,2936.1039576000003,-104.553,-6.679,212.722,1.0
162.2,128.188832,37.68259,2935.5669000000003,-104.31,-6.747,212.489,1.0
162.2166,128.188796,37.682557,2935.0225272000002,-104.056,-6.814,212.256,1.0
162.2333,128.188759,37.682523,2934.4714488000004,-103.724,-6.87,212.042,1.0
162.25,128.188723,37.68249,2933.9136648,-103.323,-6.91,211.867,1.0
162.2666,128.188687,37.682457,2933.3500896000005,-102.864,-6.935,211.74,1.0
162.2833,128.188651,37.682423,2932.7804184,-102.355,-6.953,211.647,1.0
162.3,128.188615,37.68239,2932.2046511999997,-101.805,-6.968,211.567,1.0
162.3166,128.188579,37.682356,2931.6230928,-101.223,-6.984,211.489,1.0
162.3333,128.188544,37.682322,2931.0354384,-100.624,-6.996,211.432,1.0
162.35,128.188509,37.682288,2930.4426024000004,-100.019,-7.002,211.414,1.0
162.3666,128.188473,37.682254,2929.8439752000004,-99.411,-7.001,211.432,1.0
162.3833,128.188438,37.68222,2929.2404712000002,-98.8,-6.996,211.466,1.0
162.4,128.188403,37.682186,2928.6317856,-98.187,-6.989,211.503,1.0
162.4166,128.188368,37.682152,2928.0182232,-97.57,-6.982,211.534,1.0
162.4333,128.188334,37.682117,2927.4000888,-96.851,-6.964,211.578,1.0
162.45,128.188299,37.682083,2926.7779920000003,-96.038,-6.935,211.654,1.0
162.4666,128.188264,37.682048,2926.1522376,-95.125,-6.899,211.753,1.0
162.4833,128.18823,37.682014,2925.5231304000004,-94.111,-6.862,211.861,1.0
162.5,128.188196,37.681979,2924.8909752000004,-92.995,-6.827,211.969,1.0
162.5166,128.188161,37.681944,2924.255772,-91.781,-6.793,212.07,1.0
162.5333,128.188127,37.68191,2923.6190448,-90.78,-6.787,212.185,1.0
162.55,128.188092,37.681875,2922.9792696,-89.984,-6.805,212.322,1.0
162.5666,128.188058,37.68184,2922.3364464000006,-89.402,-6.836,212.473,1.0
162.5833,128.188024,37.681805,2921.6902704,-89.04,-6.867,212.627,1.0
162.6,128.18799,37.68177,2921.0407416000003,-88.892,-6.895,212.779,1.0
162.6166,128.187956,37.681735,2920.3887744,-88.947,-6.918,212.925,1.0
162.6333,128.187922,37.6817,2919.7334544,-89.191,-6.939,213.064,1.0
162.65,128.187889,37.681664,2919.0756960000003,-89.61,-6.958,213.197,1.0
162.6666,128.187855,37.681629,2918.4145848000003,-90.177,-6.976,213.325,1.0
162.6833,128.187821,37.681594,2917.7507304000005,-90.854,-6.99,213.447,1.0
162.7,128.187788,37.681558,2917.0835232000004,-91.611,-7.0,213.564,1.0
162.7166,128.187754,37.681523,2916.4132680000002,-92.425,-7.004,213.675,1.0
162.7333,128.187721,37.681487,2915.7393552000003,-93.181,-6.997,213.781,1.0
162.75,128.187688,37.681452,2915.0623944,-93.868,-6.979,213.882,1.0
162.7666,128.187655,37.681416,2914.3823856,-94.49,-6.957,213.976,1.0
162.7833,128.187621,37.68138,2913.6996336,-95.056,-6.938,214.065,1.0
162.8,128.187588,37.681344,2913.0138336,-95.578,-6.923,214.149,1.0
162.8166,128.187555,37.681308,2912.3249855999998,-96.07,-6.913,214.228,1.0
162.8333,128.187522,37.681273,2911.6327848000005,-96.551,-6.906,214.303,1.0
162.85,128.187489,37.681237,2910.937536,-97.029,-6.901,214.373,1.0
162.8666,128.187456,37.681201,2910.2386296,-97.511,-6.896,214.439,1.0
162.8833,128.187423,37.681165,2909.5369800000003,-97.998,-6.891,214.502,1.0
162.9,128.187391,37.681129,2908.8316728,-98.491,-6.886,214.561,1.0
162.9166,128.187358,37.681093,2908.1233176,-98.988,-6.881,214.617,1.0
162.9333,128.187325,37.681056,2907.4113048000004,-99.317,-6.863,214.667,1.0
162.95,128.187292,37.68102,2906.6965488000005,-99.487,-6.833,214.713,1.0
162.9666,128.18726,37.680984,2905.9790496,-99.496,-6.798,214.754,1.0
162.9833,128.187227,37.680948,2905.2594168000005,-99.345,-6.765,214.792,1.0
163.0,128.187194,37.680912,2904.5376504,-99.041,-6.737,214.829,1.0
163.0166,128.187161,37.680875,2903.8134456000003,-98.594,-6.713,214.864,1.0
163.0333,128.187128,37.680839,2903.0874120000003,-98.055,-6.696,214.898,1.0
163.05,128.187095,37.680803,2902.35894,-97.458,-6.684,214.932,1.0
163.0666,128.187063,37.680767,2901.6277248,-96.827,-6.678,214.965,1.0
163.0833,128.18703,37.68073,2900.8940712000003,-96.18,-6.675,214.997,1.0
163.1,128.186997,37.680694,2900.1576744,-95.527,-6.673,215.03,1.0
163.1166,128.186964,37.680658,2899.4188392,-94.874,-6.673,215.063,1.0
163.1333,128.186931,37.680621,2898.6775656,-94.23,-6.673,215.095,1.0
163.15,128.186898,37.680585,2897.9338536,-93.594,-6.673,215.128,1.0
163.1666,128.186865,37.680548,2897.1873984000003,-92.966,-6.674,215.159,1.0
163.1833,128.186832,37.680512,2896.4385048000004,-92.343,-6.676,215.191,1.0
163.2,128.186799,37.680475,2895.6874776000004,-91.724,-6.678,215.221,1.0
163.2166,128.186767,37.680439,2894.9337072000003,-91.109,-6.68,215.251,1.0
163.2333,128.186734,37.680402,2894.1774984000003,-90.473,-6.681,215.28,1.0
163.25,128.186701,37.680366,2893.4188512,-89.817,-6.681,215.309,1.0
163.2666,128.186668,37.680329,2892.6577656,-89.143,-6.681,215.338,1.0
163.2833,128.186635,37.680293,2891.8945464000003,-88.457,-6.683,215.365,1.0
163.3,128.186602,37.680256,2891.1288888000004,-87.76,-6.686,215.392,1.0
163.3166,128.186568,37.680219,2890.3607928,-87.058,-6.691,215.42,1.0
163.3333,128.186535,37.680183,2889.5902584,-86.324,-6.695,215.447,1.0
163.35,128.186502,37.680146,2888.8169808,-85.561,-6.697,215.474,1.0
163.3666,128.186469,37.680109,2888.0415696,-84.775,-6.699,215.502,1.0
163.3833,128.186436,37.680073,2887.26372,-83.972,-6.703,215.529,1.0
163.4,128.186403,37.680036,2886.4837368000003,-83.155,-6.709,215.556,1.0
163.4166,128.18637,37.679999,2885.7013152,-82.331,-6.717,215.583,1.0
163.4333,128.186336,37.679962,2884.9161504000003,-81.465,-6.723,215.61,1.0
163.45,128.186303,37.679926,2884.1279375999998,-80.56,-6.728,215.639,1.0
163.4666,128.18627,37.679889,2883.3378960000005,-79.624,-6.733,215.668,1.0
163.4833,128.186237,37.679852,2882.5451112,-78.665,-6.739,215.696,1.0
163.5,128.186203,37.679815,2881.7501928,-77.689,-6.748,215.724,1.0
163.5166,128.18617,37.679778,2880.952836,-76.702,-6.759,215.753,1.0
163.5333,128.186137,37.679742,2880.1521264,-75.658,-6.768,215.783,1.0
163.55,128.186103,37.679705,2879.3486736000004,-74.563,-6.776,215.814,1.0
163.5666,128.18607,37.679668,2878.5424776000004,-73.427,-6.783,215.846,1.0
163.5833,128.186036,37.679631,2877.734148,-72.26,-6.793,215.878,1.0
163.6,128.186003,37.679594,2876.9230752000003,-71.069,-6.805,215.909,1.0
163.6166,128.185969,37.679557,2876.1095640000003,-69.863,-6.821,215.941,1.0
163.6333,128.185935,37.67952,2875.2923952,-68.598,-6.836,215.974,1.0
163.65,128.185902,37.679483,2874.4718736000004,-67.278,-6.848,216.01,1.0
163.6666,128.185868,37.679447,2873.648304,-65.906,-6.861,216.047,1.0
163.6833,128.185835,37.67941,2872.8222960000003,-64.493,-6.876,216.084,1.0
163.7,128.185801,37.679373,2871.9935448,-63.049,-6.894,216.12,1.0
163.7166,128.185767,37.679336,2871.1617456000004,-61.584,-6.916,216.156,1.0
163.7333,128.185733,37.679299,2870.3262888000004,-60.072,-6.938,216.194,1.0
163.75,128.185699,37.679262,2869.4874792,-58.519,-6.961,216.233,1.0
163.7666,128.185666,37.679225,2868.6456215999997,-56.925,-6.985,216.274,1.0
163.7833,128.185632,37.679188,2867.8004112000003,-55.291,-7.01,216.315,1.0
163.8,128.185598,37.679151,2866.951848,-53.618,-7.037,216.357,1.0
163.8166,128.185564,37.679114,2866.099932,-51.908,-7.067,216.398,1.0
163.8333,128.18553,37.679077,2865.244968,-50.163,-7.099,216.44,1.0
163.85,128.185496,37.67904,2864.3866512,-48.386,-7.133,216.483,1.0
163.8666,128.185462,37.679003,2863.5252864000004,-46.578,-7.169,216.525,1.0
163.8833,128.185428,37.678965,2862.6605688000004,-44.74,-7.207,216.568,1.0
163.9,128.185394,37.678928,2861.7928032000004,-42.874,-7.248,216.611,1.0
163.9166,128.185359,37.678891,2860.9216848,-40.981,-7.291,216.654,1.0
163.9333,128.185325,37.678854,2860.0475184,-39.061,-7.335,216.697,1.0
163.95,128.185291,37.678817,2859.170304,-37.116,-7.382,216.739,1.0
163.9666,128.185257,37.67878,2858.2900416,-35.147,-7.432,216.781,1.0
163.9833,128.185223,37.678743,2857.4067312,-33.153,-7.483,216.822,1.0
164.0,128.185188,37.678706,2856.5203728,-31.136,-7.536,216.862,1.0
164.0166,128.185154,37.678668,2855.6312712000004,-29.096,-7.592,216.902,1.0
164.0333,128.18512,37.678631,2854.7388168,-27.034,-7.649,216.941,1.0
164.05,128.185086,37.678594,2853.8436192000004,-24.951,-7.709,216.978,1.0
164.0666,128.185051,37.678557,2852.9453736000005,-22.845,-7.77,217.014,1.0
164.0833,128.185017,37.678519,2852.0443848000004,-20.719,-7.833,217.049,1.0
164.1,128.184982,37.678482,2851.1403480000004,-18.571,-7.898,217.083,1.0
164.1166,128.184948,37.678445,2850.2332632000002,-16.403,-7.965,217.115,1.0
164.1333,128.184914,37.678408,2849.3234352000004,-14.214,-8.033,217.145,1.0
164.15,128.184879,37.67837,2848.4108640000004,-12.005,-8.102,217.173,1.0
164.1666,128.184845,37.678333,2847.4952448,-9.775,-8.174,217.199,1.0
164.1833,128.18481,37.678296,2846.5768824,-7.526,-8.246,217.224,1.0
164.2,128.184776,37.678258,2845.6557768000002,-5.256,-8.319,217.246,1.0
164.2166,128.184741,37.678221,2844.7316232000003,-2.966,-8.394,217.266,1.0
164.2333,128.184707,37.678183,2843.8056408,-0.656,-8.447,217.284,1.0
164.25,128.184672,37.678146,2842.8781344000004,1.673,-8.456,217.299,1.0
164.2666,128.184637,37.678109,2841.9484944,4.022,-8.433,217.315,1.0
164.2833,128.184603,37.678071,2841.0167208000003,6.391,-8.399,217.332,1.0
164.3,128.184568,37.678034,2840.0834232,8.778,-8.367,217.348,1.0
164.3166,128.184534,37.677996,2839.1482968,11.181,-8.345,217.366,1.0
164.3333,128.184499,37.677959,2838.21378,13.59,-8.309,217.388,1.0
164.35,128.184464,37.677921,2837.2792632,16.001,-8.24,217.422,1.0
164.3666,128.18443,37.677884,2836.3456608,18.413,-8.129,217.472,1.0
164.3833,128.184395,37.677846,2835.4123632,20.827,-7.997,217.534,1.0
164.4,128.18436,37.677809,2834.47998,23.245,-7.864,217.603,1.0
164.4166,128.184325,37.677771,2833.5485112,25.667,-7.742,217.673,1.0
164.4333,128.18429,37.677734,2832.6213096,27.943,-7.608,217.748,1.0
164.45,128.184255,37.677696,2831.6980704000002,30.079,-7.443,217.839,1.0
164.4666,128.184221,37.677659,2830.7800128,32.102,-7.251,217.955,1.0
164.4833,128.184185,37.677621,2829.8677464,34.04,-7.052,218.093,1.0
164.5,128.18415,37.677584,2828.9603568,35.921,-6.863,218.242,1.0
164.5166,128.184115,37.677546,2828.0566248,37.773,-6.691,218.396,1.0
164.5333,128.18408,37.677509,2827.1608176,39.467,-6.513,218.558,1.0
164.55,128.184045,37.677471,2826.2720208,41.021,-6.309,218.741,1.0
164.5666,128.184009,37.677434,2825.3911488000003,42.466,-6.089,218.948,1.0
164.5833,128.183974,37.677396,2824.5188112,43.83,-5.871,219.172,1.0
164.6,128.183938,37.677359,2823.6525696,45.14,-5.666,219.402,1.0
164.6166,128.183903,37.677322,2822.7933384000003,46.42,-5.481,219.632,1.0
164.6333,128.183867,37.677284,2821.9432512,47.587,-5.293,219.871,1.0
164.65,128.183831,37.677247,2821.1016984000003,48.658,-5.09,220.128,1.0
164.6666,128.183795,37.67721,2820.2698992,49.655,-4.883,220.401,1.0
164.6833,128.183759,37.677173,2819.44572,50.599,-4.684,220.679,1.0
164.7,128.183722,37.677136,2818.6300752,51.508,-4.498,220.956,1.0
164.7166,128.183686,37.677099,2817.8220504,52.396,-4.329,221.23,1.0
164.7333,128.183649,37.677062,2817.0237792000003,53.217,-4.166,221.502,1.0
164.75,128.183613,37.677025,2816.234652,53.982,-4.006,221.773,1.0
164.7666,128.183576,37.676988,2815.454364,54.704,-3.853,222.043,1.0
164.7833,128.183539,37.676952,2814.6823056000003,55.395,-3.708,222.311,1.0
164.8,128.183502,37.676915,2813.9187816,56.065,-3.573,222.578,1.0
164.8166,128.183464,37.676879,2813.1631824,56.724,-3.448,222.842,1.0
164.8333,128.183427,37.676842,2812.4173368,57.341,-3.328,223.102,1.0
164.85,128.183389,37.676806,2811.6800256,57.923,-3.212,223.359,1.0
164.8666,128.183352,37.676769,2810.9506392000003,58.479,-3.101,223.614,1.0
164.8833,128.183314,37.676733,2810.2300920000002,59.015,-2.996,223.867,1.0
164.9,128.183276,37.676697,2809.5171648,59.538,-2.896,224.119,1.0
164.9166,128.183238,37.676661,2808.8124672,60.053,-2.803,224.371,1.0
164.9333,128.183199,37.676625,2808.1166088,60.54,-2.712,224.62,1.0
164.95,128.183161,37.676589,2807.4286752000003,61.003,-2.624,224.868,1.0
164.9666,128.183122,37.676554,2806.7483616000004,61.448,-2.539,225.115,1.0
164.9833,128.183083,37.676518,2806.0759728000003,61.879,-2.458,225.36,1.0
165.0,128.183044,37.676483,2805.4115088,62.301,-2.381,225.606,1.0
165.0166,128.183005,37.676447,2804.7540552000005,62.717,-2.307,225.851,1.0
165.0333,128.182966,37.676412,2804.1039168,63.212,-2.242,226.098,1.0
165.05,128.182927,37.676377,2803.4598744,63.785,-2.185,226.347,1.0
165.0666,128.182887,37.676341,2802.8213184,64.423,-2.131,226.596,1.0
165.0833,128.182848,37.676306,2802.1891632,65.114,-2.079,226.843,1.0
165.1,128.182808,37.676271,2801.563104,65.844,-2.027,227.088,1.0
165.1166,128.182768,37.676237,2800.9431408,66.599,-1.977,227.331,1.0
165.1333,128.182728,37.676202,2800.3295784000006,67.314,-1.926,227.572,1.0
165.15,128.182687,37.676167,2799.7224168000002,67.986,-1.877,227.811,1.0
165.1666,128.182647,37.676133,2799.1219608,68.618,-1.83,228.05,1.0
165.1833,128.182606,37.676098,2798.527296,69.218,-1.79,228.29,1.0
165.2,128.182566,37.676064,2797.9384224,69.795,-1.755,228.532,1.0
165.2166,128.182525,37.67603,2797.3550352,70.36,-1.724,228.775,1.0
165.2333,128.182484,37.675996,2796.7771344000003,70.868,-1.694,229.019,1.0
165.25,128.182442,37.675962,2796.2053296000004,71.326,-1.663,229.263,1.0
165.2666,128.182401,37.675929,2795.6387064,71.744,-1.633,229.508,1.0
165.2833,128.182359,37.675895,2795.0772647999997,72.131,-1.607,229.754,1.0
165.3,128.182317,37.675861,2794.5207,72.495,-1.584,230.001,1.0
165.3166,128.182276,37.675828,2793.9690120000005,72.845,-1.565,230.249,1.0
165.3333,128.182234,37.675795,2793.4225056000005,73.163,-1.546,230.498,1.0
165.35,128.182191,37.675762,2792.8802664000004,73.453,-1.527,230.747,1.0
165.3666,128.182149,37.675729,2792.3425991999998,73.723,-1.509,230.996,1.0
165.3833,128.182106,37.675696,2791.809504,73.977,-1.493,231.245,1.0
165.4,128.182064,37.675663,2791.2806760000003,74.219,-1.479,231.495,1.0
165.4166,128.182021,37.675631,2790.7558104,74.454,-1.466,231.745,1.0
165.4333,128.181978,37.675598,2790.2355168000004,74.673,-1.454,231.995,1.0
165.45,128.181935,37.675566,2789.7191856,74.88,-1.442,232.245,1.0
165.4666,128.181891,37.675534,2789.206512,75.076,-1.431,232.495,1.0
165.4833,128.181848,37.675502,2788.6981056000004,75.266,-1.421,232.745,1.0
165.5,128.181804,37.67547,2788.193052,75.449,-1.412,232.994,1.0
165.5166,128.18176,37.675438,2787.6919608,75.628,-1.403,233.244,1.0
165.5333,128.181716,37.675407,2787.1945272000003,75.8,-1.396,233.493,1.0
165.55,128.181672,37.675375,2786.7007512,75.967,-1.388,233.742,1.0
165.5666,128.181628,37.675344,2786.210328,76.128,-1.381,233.991,1.0
165.5833,128.181584,37.675313,2785.7235624000004,76.285,-1.375,234.239,1.0
165.6,128.181539,37.675282,2785.2401496,76.439,-1.37,234.488,1.0
165.6166,128.181494,37.675251,2784.7597848000005,76.591,-1.365,234.736,1.0
165.6333,128.18145,37.67522,2784.2827728,76.74,-1.36,234.984,1.0
165.65,128.181405,37.67519,2783.8091136000003,76.885,-1.356,235.231,1.0
165.6666,128.181359,37.675159,2783.3385024000004,77.028,-1.352,235.479,1.0
165.6833,128.181314,37.675129,2782.8709392,77.169,-1.349,235.726,1.0
165.7,128.181269,37.675099,2782.406424,77.308,-1.346,235.973,1.0
165.7166,128.181223,37.675069,2781.9449568,77.445,-1.343,236.22,1.0
165.7333,128.181177,37.675039,2781.4862328000004,77.581,-1.341,236.466,1.0
165.75,128.181132,37.675009,2781.030252,77.715,-1.339,236.713,1.0
165.7666,128.181086,37.67498,2780.5773192000006,77.848,-1.338,236.959,1.0
165.7833,128.181039,37.67495,2780.1271296,77.979,-1.337,237.205,1.0
165.8,128.180993,37.674921,2779.6793784000006,78.109,-1.336,237.451,1.0
165.8166,128.180947,37.674892,2779.2343704,78.239,-1.336,237.697,1.0
165.8333,128.1809,37.674863,2778.7921056000005,78.365,-1.336,237.942,1.0
165.85,128.180853,37.674834,2778.3519744,78.488,-1.336,238.188,1.0
165.8666,128.180807,37.674806,2777.9145864,78.608,-1.336,238.433,1.0
165.8833,128.18076,37.674777,2777.4796368,78.725,-1.337,238.678,1.0
165.9,128.180712,37.674749,2777.0471256,78.841,-1.338,238.924,1.0
165.9166,128.180665,37.674721,2776.6170528000002,78.955,-1.34,239.169,1.0
165.9333,128.180618,37.674693,2776.1891136,79.059,-1.341,239.413,1.0
165.95,128.18057,37.674665,2775.7636128,79.153,-1.341,239.658,1.0
165.9666,128.180523,37.674637,2775.3402456000003,79.239,-1.34,239.902,1.0
165.9833,128.180475,37.67461,2774.9190120000003,79.317,-1.341,240.147,1.0
166.0,128.180427,37.674582,2774.5002168000005,79.389,-1.342,240.391,1.0
166.0166,128.180379,37.674555,2774.0832504000005,79.457,-1.343,240.636,1.0
166.0333,128.18033,37.674528,2773.6687224,79.502,-1.341,240.88,1.0
166.05,128.180282,37.674501,2773.2563280000004,79.525,-1.337,241.124,1.0
166.0666,128.180234,37.674474,2772.8460672,79.53,-1.331,241.368,1.0
166.0833,128.180185,37.674448,2772.43794,79.518,-1.326,241.611,1.0
166.1,128.180136,37.674421,2772.0322512,79.492,-1.322,241.855,1.0
166.1166,128.180087,37.674395,2771.6283912000004,79.456,-1.318,242.1,1.0
166.1333,128.180038,37.674369,2771.2266648,79.383,-1.31,242.344,1.0
166.15,128.179989,37.674343,2770.8273768,79.277,-1.298,242.588,1.0
166.1666,128.17994,37.674317,2770.4305272,79.141,-1.284,242.831,1.0
166.1833,128.179891,37.674292,2770.0358112,78.98,-1.27,243.074,1.0
166.2,128.179841,37.674266,2769.6435336,78.8,-1.257,243.318,1.0
166.2166,128.179791,37.674241,2769.2536944,78.606,-1.244,243.562,1.0
166.2333,128.179742,37.674216,2768.8659888,78.414,-1.23,243.807,1.0
166.25,128.179692,37.674191,2768.4807216,78.226,-1.216,244.051,1.0
166.2666,128.179642,37.674167,2768.0978928,78.044,-1.2,244.295,1.0
166.2833,128.179592,37.674142,2767.7175024000003,77.865,-1.182,244.539,1.0
166.3,128.179541,37.674118,2767.3395504000005,77.687,-1.162,244.782,1.0
166.3166,128.179491,37.674093,2766.9643416000004,77.51,-1.141,245.024,1.0
166.3333,128.17944,37.674069,2766.5912664,77.372,-1.122,245.267,1.0
166.35,128.17939,37.674045,2766.2209344000003,77.27,-1.106,245.509,1.0
166.3666,128.179339,37.674022,2765.8527360000003,77.199,-1.089,245.751,1.0
166.3833,128.179288,37.673998,2765.4869760000006,77.152,-1.07,245.993,1.0
166.4,128.179237,37.673975,2765.1239592,77.124,-1.049,246.233,1.0
166.4166,128.179186,37.673951,2764.7633808,77.107,-1.027,246.472,1.0
166.4333,128.179135,37.673928,2764.4055456,77.106,-1.004,246.71,1.0
166.45,128.179084,37.673905,2764.0501488000004,77.117,-0.981,246.947,1.0
166.4666,128.179033,37.673883,2763.6974952,77.137,-0.958,247.184,1.0
166.4833,128.178981,37.67386,2763.3472800000004,77.162,-0.936,247.421,1.0
166.5,128.178929,37.673838,2762.999808,77.191,-0.913,247.658,1.0
166.5166,128.178878,37.673815,2762.6550792000003,77.223,-0.89,247.894,1.0
166.5333,128.178826,37.673793,2762.312484,77.261,-0.864,248.13,1.0
166.55,128.178774,37.673771,2761.972632,77.303,-0.837,248.365,1.0
166.5666,128.178722,37.673749,2761.6355232,77.347,-0.808,248.6,1.0
166.5833,128.17867,37.673728,2761.3011576000004,77.39,-0.779,248.835,1.0
166.6,128.178618,37.673706,2760.9692304000005,77.43,-0.751,249.07,1.0
166.6166,128.178565,37.673685,2760.6397416000004,77.468,-0.724,249.305,1.0
166.6333,128.178513,37.673664,2760.3123864,77.511,-0.692,249.54,1.0
166.65,128.178461,37.673643,2759.9877744,77.561,-0.656,249.773,1.0
166.6666,128.178408,37.673622,2759.6659056000003,77.611,-0.618,250.006,1.0
166.6833,128.178355,37.673602,2759.3464752,77.658,-0.579,250.24,1.0
166.7,128.178302,37.673581,2759.0294832,77.699,-0.542,250.473,1.0
166.7166,128.178249,37.673561,2758.7152344,77.735,-0.506,250.707,1.0
166.7333,128.178196,37.673541,2758.403424,77.769,-0.47,250.941,1.0
166.75,128.178143,37.673521,2758.094052,77.801,-0.434,251.176,1.0
166.7666,128.17809,37.673502,2757.7874232000004,77.832,-0.397,251.41,1.0
166.7833,128.178037,37.673482,2757.4832328,77.863,-0.36,251.645,1.0
166.8,128.177984,37.673463,2757.1814808,77.893,-0.324,251.879,1.0
166.8166,128.17793,37.673444,2756.8821672,77.922,-0.288,252.114,1.0
166.8333,128.177877,37.673425,2756.5855968,77.949,-0.253,252.349,1.0
166.85,128.177823,37.673406,2756.2914648,77.976,-0.217,252.585,1.0
166.8666,128.177769,37.673387,2755.9997712000004,78.001,-0.181,252.82,1.0
166.8833,128.177715,37.673369,2755.710516,78.025,-0.145,253.055,1.0
166.9,128.177661,37.67335,2755.4236992,78.049,-0.11,253.291,1.0
166.9166,128.177607,37.673332,2755.1396256000003,78.073,-0.075,253.527,1.0
166.9333,128.177553,37.673314,2754.8579904,78.095,-0.04,253.762,1.0
166.95,128.177499,37.673296,2754.5787936,78.115,-0.005,253.998,1.0
166.9666,128.177445,37.673279,2754.3020352000003,78.135,0.029,254.234,1.0
166.9833,128.177391,37.673261,2754.0277152,78.154,0.064,254.471,1.0
167.0,128.177336,37.673244,2753.7561384,78.171,0.099,254.707,1.0
167.0166,128.177282,37.673227,2753.487,78.189,0.133,254.943,1.0
167.0333,128.177227,37.67321,2753.2199952,78.205,0.168,255.18,1.0
167.05,128.177173,37.673194,2752.9560384,78.219,0.202,255.417,1.0
167.0666,128.177118,37.673177,2752.6942152,78.232,0.237,255.654,1.0
167.0833,128.177063,37.673161,2752.4348304000005,78.245,0.272,255.891,1.0
167.1,128.177008,37.673145,2752.1781888,78.256,0.306,256.128,1.0
167.1166,128.176953,37.673129,2751.9239856,78.267,0.34,256.365,1.0
167.1333,128.176898,37.673113,2751.6722208,78.276,0.374,256.603,1.0
167.15,128.176843,37.673097,2751.4228943999997,78.284,0.408,256.84,1.0
167.1666,128.176788,37.673082,2751.1763112,78.291,0.442,257.078,1.0
167.1833,128.176733,37.673067,2750.9318616,78.297,0.477,257.315,1.0
167.2,128.176677,37.673052,2750.6901552000004,78.302,0.511,257.553,1.0
167.2166,128.176622,37.673037,2750.4511920000004,78.306,0.544,257.791,1.0
167.2333,128.176567,37.673022,2750.2143624000005,78.309,0.578,258.029,1.0
167.25,128.176511,37.673008,2749.9802760000002,78.31,0.612,258.267,1.0
167.2666,128.176455,37.672993,2749.7486280000003,78.311,0.647,258.505,1.0
167.2833,128.1764,37.672979,2749.5194184,78.31,0.681,258.743,1.0
167.3,128.176344,37.672965,2749.2929520000002,78.308,0.714,258.981,1.0
167.3166,128.176288,37.672951,2749.0689239999997,78.306,0.748,259.219,1.0
167.3333,128.176232,37.672938,2748.8476392000002,78.302,0.782,259.458,1.0
167.35,128.176176,37.672924,2748.6287928,78.296,0.816,259.696,1.0
167.3666,128.17612,37.672911,2748.4123848000004,78.29,0.85,259.935,1.0
167.3833,128.176064,37.672898,2748.19872,78.282,0.884,260.173,1.0
167.4,128.176008,37.672885,2747.9874936,78.273,0.918,260.412,1.0
167.4166,128.175952,37.672873,2747.7787056,78.264,0.952,260.65,1.0
167.4333,128.175896,37.67286,2747.5726608,78.252,0.986,260.889,1.0
167.45,128.17584,37.672848,2747.3693592,78.238,1.021,261.128,1.0
167.4666,128.175783,37.672836,2747.1688008000006,78.221,1.056,261.366,1.0
167.4833,128.175727,37.672824,2746.970376,78.204,1.09,261.605,1.0
167.5,128.175671,37.672812,2746.7749992,78.184,1.125,261.844,1.0
167.5166,128.175614,37.672801,2746.5820608,78.165,1.159,262.083,1.0
167.5333,128.175557,37.672789,2746.3918656,78.141,1.194,262.322,1.0
167.55,128.175501,37.672778,2746.2044136,78.115,1.229,262.561,1.0
167.5666,128.175444,37.672767,2746.0197048,78.086,1.265,262.801,1.0
167.5833,128.175387,37.672756,2745.8374344000003,78.055,1.3,263.04,1.0
167.6,128.175331,37.672746,2745.6582120000003,78.023,1.335,263.279,1.0
167.6166,128.175274,37.672735,2745.4814280000005,77.989,1.371,263.518,1.0
167.6333,128.175217,37.672725,2745.3073872000004,77.951,1.407,263.758,1.0
167.65,128.17516,37.672715,2745.1363944,77.911,1.443,263.997,1.0
167.6666,128.175103,37.672705,2744.9681448,77.868,1.48,264.237,1.0
167.6833,128.175046,37.672696,2744.8023336,77.823,1.517,264.476,1.0
167.7,128.174989,37.672686,2744.6398752,77.776,1.553,264.716,1.0
167.7166,128.174932,37.672677,2744.4798552,77.728,1.59,264.955,1.0
167.7333,128.174875,37.672668,2744.3228832,77.677,1.628,265.195,1.0
167.75,128.174818,37.672659,2744.1686544,77.623,1.665,265.435,1.0
167.7666,128.174761,37.67265,2744.0174736000004,77.567,1.704,265.674,1.0
167.7833,128.174703,37.672642,2743.869036,77.509,1.742,265.914,1.0
167.8,128.174646,37.672634,2743.7236464000002,77.45,1.781,266.153,1.0
167.8166,128.174589,37.672625,2743.5813048,77.39,1.819,266.393,1.0
167.8333,128.174532,37.672617,2743.4420112000003,77.327,1.858,266.633,1.0
167.85,128.174474,37.67261,2743.3054608,77.262,1.898,266.872,1.0
167.8666,128.174417,37.672602,2743.1722632,77.196,1.938,267.112,1.0
167.8833,128.174359,37.672595,2743.0421136,77.127,1.979,267.352,1.0
167.9,128.174302,37.672588,2742.9147072,77.058,2.019,267.591,1.0
167.9166,128.174244,37.672581,2742.7906536,76.988,2.06,267.831,1.0
167.9333,128.174187,37.672574,2742.6699528000004,76.915,2.101,268.07,1.0
167.95,128.174129,37.672567,2742.5523000000003,76.841,2.143,268.31,1.0
167.9666,128.174072,37.672561,2742.4376952000002,76.765,2.185,268.549,1.0
167.9833,128.174014,37.672555,2742.3264432,76.687,2.228,268.788,1.0
168.0,128.173956,37.672549,2742.2185440000003,76.609,2.271,269.028,1.0
168.0166,128.173899,37.672543,2742.1139976,76.53,2.314,269.267,1.0
168.0333,128.173841,37.672537,2742.0124992,76.449,2.357,269.506,1.0
168.05,128.173783,37.672532,2741.9146584,76.366,2.402,269.746,1.0
168.0666,128.173726,37.672527,2741.8198656,76.282,2.446,269.985,1.0
168.0833,128.173668,37.672521,2741.7287304,76.198,2.491,270.224,1.0
168.1,128.17361,37.672517,2741.640948,76.112,2.536,270.463,1.0
168.1166,128.173552,37.672512,2741.5568232,76.026,2.582,270.702,1.0
168.1333,128.173495,37.672507,2741.4760512,75.938,2.628,270.941,1.0
168.15,128.173437,37.672503,2741.3989368000002,75.849,2.675,271.18,1.0
168.1666,128.173379,37.672499,2741.3251752,75.759,2.722,271.418,1.0
168.1833,128.173321,37.672495,2741.2553760000005,75.668,2.769,271.657,1.0
168.2,128.173263,37.672491,2741.1889296,75.577,2.817,271.896,1.0
168.2166,128.173206,37.672488,2741.1264456000004,75.485,2.865,272.134,1.0
168.2333,128.173148,37.672485,2741.0676192000005,75.391,2.914,272.373,1.0
168.25,128.17309,37.672481,2741.0124504,75.296,2.963,272.611,1.0
168.2666,128.173032,37.672479,2740.9609392,75.2,3.013,272.849,1.0
168.2833,128.172974,37.672476,2740.9133904,75.103,3.063,273.088,1.0
168.3,128.172916,37.672473,2740.869804,75.006,3.114,273.326,1.0
168.3166,128.172858,37.672471,2740.8298752,74.908,3.165,273.564,1.0
168.3333,128.1728,37.672469,2740.7942136,74.809,3.217,273.802,1.0
168.35,128.172742,37.672467,2740.7622096000005,74.708,3.269,274.04,1.0
168.3666,128.172685,37.672465,2740.7344728000003,74.607,3.322,274.278,1.0
168.3833,128.172627,37.672463,2740.7106984,74.506,3.375,274.515,1.0
168.4,128.172569,37.672462,2740.6908864,74.403,3.428,274.753,1.0
168.4166,128.172511,37.672461,2740.6753416,74.301,3.483,274.99,1.0
168.4333,128.172453,37.67246,2740.6637592,74.197,3.537,275.228,1.0
168.45,128.172395,37.672459,2740.656444,74.092,3.593,275.465,1.0
168.4666,128.172337,37.672458,2740.653396,73.987,3.649,275.702,1.0
168.4833,128.172279,37.672458,2740.6546152,73.882,3.705,275.939,1.0
168.5,128.172221,37.672457,2740.6601016,73.775,3.762,276.176,1.0
168.5166,128.172164,37.672457,2740.6701600000006,73.669,3.819,276.413,1.0
168.5333,128.172106,37.672457,2740.6844856,73.561,3.877,276.65,1.0
168.55,128.172048,37.672458,2740.7030784000003,73.452,3.936,276.886,1.0
168.5666,128.17199,37.672458,2740.7262432,73.343,3.995,277.123,1.0
168.5833,128.171932,37.672459,2740.7539800000004,73.232,4.054,277.359,1.0
168.6,128.171874,37.67246,2740.7862888,73.121,4.115,277.595,1.0
168.6166,128.171817,37.672461,2740.8231696,73.01,4.175,277.831,1.0
168.6333,128.171759,37.672462,2740.8646224,72.897,4.237,278.067,1.0
168.65,128.171701,37.672463,2740.910952,72.783,4.298,278.303,1.0
168.6666,128.171643,37.672465,2740.9618536,72.668,4.361,278.539,1.0
168.6833,128.171586,37.672467,2741.017632,72.553,4.424,278.774,1.0
168.7,128.171528,37.672469,2741.0779824,72.437,4.488,279.01,1.0
168.7166,128.17147,37.672471,2741.1432096000003,72.32,4.552,279.245,1.0
168.7333,128.171413,37.672473,2741.2136184,72.202,4.617,279.48,1.0
168.75,128.171355,37.672476,2741.2885992,72.081,4.682,279.715,1.0
168.7666,128.171298,37.672479,2741.3687616,71.959,4.749,279.95,1.0
168.7833,128.17124,37.672482,2741.4541056000003,71.836,4.815,280.185,1.0
168.8,128.171182,37.672485,2741.5443264,71.711,4.883,280.419,1.0
168.8166,128.171125,37.672488,2741.6397288,71.586,4.95,280.654,1.0
168.8333,128.171067,37.672492,2741.7403128,71.459,5.019,280.888,1.0
168.85,128.17101,37.672495,2741.8460784000004,71.33,5.088,281.122,1.0
168.8666,128.170952,37.672499,2741.9570256,71.2,5.158,281.356,1.0
168.8833,128.170895,37.672503,2742.0734592000003,71.069,5.229,281.59,1.0
168.9,128.170838,37.672507,2742.1950744,70.937,5.3,281.824,1.0
168.9166,128.17078,37.672512,2742.3221760000006,70.804,5.372,282.057,1.0
168.9333,128.170723,37.672516,2742.454764,70.67,5.444,282.291,1.0
168.95,128.170666,37.672521,2742.5928384,70.534,5.517,282.524,1.0
168.9666,128.170609,37.672526,2742.7363992,70.397,5.591,282.757,1.0
168.9833,128.170551,37.672531,2742.8854464000005,70.259,5.666,282.99,1.0
169.0,128.170494,37.672537,2743.0402848000003,70.12,5.741,283.222,1.0
169.0166,128.170437,37.672542,2743.2009144000003,69.981,5.817,283.455,1.0
169.0333,128.17038,37.672548,2743.3670304,69.84,5.893,283.687,1.0
169.05,128.170323,37.672554,2743.5392424,69.698,5.971,283.919,1.0
169.0666,128.170266,37.67256,2743.7172456000003,69.554,6.049,284.151,1.0
169.0833,128.170209,37.672566,2743.9010399999997,69.41,6.127,284.382,1.0
169.1,128.170152,37.672573,2744.0906256000003,69.265,6.207,284.614,1.0
169.1166,128.170095,37.672579,2744.2866120000003,69.12,6.287,284.845,1.0
169.1333,128.170039,37.672586,2744.4883896000006,68.972,6.367,285.076,1.0
169.15,128.169982,37.672593,2744.6962632,68.823,6.449,285.307,1.0
169.1666,128.169925,37.6726,2744.9105375999998,68.672,6.531,285.537,1.0
169.1833,128.169869,37.672608,2745.130908,68.52,6.614,285.768,1.0
169.2,128.169812,37.672615,2745.3573744,68.367,6.698,285.998,1.0
169.2166,128.169755,37.672623,2745.5902416000004,68.213,6.783,286.228,1.0
169.2333,128.169699,37.672631,2745.8298144000005,68.057,6.868,286.457,1.0
169.25,128.169642,37.672639,2746.0754832,67.897,6.954,286.687,1.0
169.2666,128.169586,37.672647,2746.3278576000002,67.735,7.041,286.916,1.0
169.2833,128.16953,37.672656,2746.5866328,67.571,7.129,287.144,1.0
169.3,128.169474,37.672664,2746.8524184000003,67.405,7.218,287.373,1.0
169.3166,128.169417,37.672673,2747.1243,67.238,7.307,287.601,1.0
169.3333,128.169361,37.672682,2747.4034968,67.067,7.397,287.83,1.0
169.35,128.169305,37.672691,2747.6893992,66.893,7.488,288.057,1.0
169.3666,128.169249,37.672701,2747.9820072,66.715,7.58,288.285,1.0
169.3833,128.169193,37.67271,2748.2816256,66.535,7.673,288.512,1.0
169.4,128.169137,37.67272,2748.5879496000002,66.353,7.767,288.739,1.0
169.4166,128.169081,37.67273,2748.9015888000004,66.17,7.861,288.966,1.0
169.4333,128.169026,37.67274,2749.2225432,65.982,7.956,289.192,1.0
169.45,128.16897,37.67275,2749.550508,65.79,8.053,289.419,1.0
169.4666,128.168914,37.67276,2749.885788,65.594,8.15,289.644,1.0
169.4833,128.168859,37.672771,2750.2283832,65.396,8.248,289.87,1.0
169.5,128.168803,37.672782,2750.5785984000004,65.196,8.347,290.095,1.0
169.5166,128.168748,37.672792,2750.9358239999997,64.994,8.447,290.32,1.0
169.5333,128.168693,37.672804,2751.3009744,64.788,8.548,290.544,1.0
169.55,128.168637,37.672815,2751.67344,64.578,8.65,290.768,1.0
169.5666,128.168582,37.672826,2752.0538304,64.366,8.754,290.992,1.0
169.5833,128.168527,37.672838,2752.4418408,64.151,8.858,291.215,1.0
169.6,128.168472,37.67285,2752.8377760000003,63.934,8.963,291.438,1.0
169.6166,128.168417,37.672861,2753.2413312,63.715,9.069,291.661,1.0
169.6333,128.168362,37.672874,2753.653116,63.495,9.175,291.883,1.0
169.65,128.168307,37.672886,2754.0725208000003,63.273,9.283,292.105,1.0
169.6666,128.168253,37.672898,2754.5001552000003,63.05,9.393,292.326,1.0
169.6833,128.168198,37.672911,2754.9360192000004,62.826,9.503,292.547,1.0
169.7,128.168144,37.672924,2755.3801128,62.601,9.614,292.768,1.0
169.7166,128.168089,37.672937,2755.832436,62.375,9.726,292.988,1.0
169.7333,128.168035,37.67295,2756.2929888000003,62.147,9.839,293.208,1.0
169.75,128.16798,37.672963,2756.7620760000004,61.916,9.954,293.427,1.0
169.7666,128.167926,37.672976,2757.2396976,61.683,10.069,293.645,1.0
169.7833,128.167872,37.67299,2757.7255488000005,61.449,10.186,293.864,1.0
169.8,128.167818,37.673004,2758.2205440000002,61.212,10.304,294.081,1.0
169.8166,128.167764,37.673017,2758.7237688000005,60.975,10.423,294.299,1.0
169.8333,128.16771,37.673031,2759.2364423999998,60.733,10.543,294.515,1.0
169.85,128.167657,37.673046,2759.7576504000003,60.488,10.664,294.732,1.0
169.8666,128.167603,37.67306,2760.2876976000002,60.239,10.786,294.947,1.0
169.8833,128.167549,37.673075,2760.8271936,59.989,10.91,295.162,1.0
169.9,128.167496,37.673089,2761.3755287999998,59.736,11.034,295.377,1.0
169.9166,128.167443,37.673104,2761.933008,59.481,11.16,295.591,1.0
169.9333,128.167389,37.673119,2762.5002408,59.219,11.287,295.804,1.0
169.95,128.167336,37.673134,2763.0766176,58.95,11.416,296.017,1.0
169.9666,128.167283,37.67315,2763.662748,58.676,11.546,296.228,1.0
169.9833,128.16723,37.673165,2764.2583272,58.397,11.677,296.44,1.0
170.0,128.167177,37.673181,2764.8633552,58.114,11.809,296.651,1.0
170.0166,128.167124,37.673196,2765.4784416,57.828,11.942,296.861,1.0
170.0333,128.167072,37.673212,2766.1035864,57.531,12.077,297.07,1.0
170.05,128.167019,37.673228,2766.7387896000005,57.224,12.214,297.279,1.0
170.0666,128.166967,37.673244,2767.3840511999997,56.908,12.353,297.486,1.0
170.0833,128.166915,37.673261,2768.0396760000003,56.584,12.493,297.693,1.0
170.1,128.166862,37.673277,2768.7053592,56.255,12.633,297.899,1.0
170.1166,128.16681,37.673294,2769.3811008000002,55.922,12.776,298.105,1.0
170.1333,128.166758,37.673311,2770.0684248000002,55.575,12.92,298.31,1.0
170.15,128.166706,37.673328,2770.7658072000004,55.215,13.066,298.513,1.0
170.1666,128.166654,37.673345,2771.4741624000003,54.844,13.215,298.715,1.0
170.1833,128.166603,37.673362,2772.1934904,54.464,13.364,298.917,1.0
170.2,128.166551,37.673379,2772.9234864,54.076,13.515,299.117,1.0
170.2166,128.1665,37.673397,2773.6647600000006,53.684,13.668,299.318,1.0
170.2333,128.166448,37.673415,2774.4182256000004,53.271,13.823,299.516,1.0
170.25,128.166397,37.673432,2775.1826640000004,52.84,13.981,299.712,1.0
170.2666,128.166346,37.67345,2775.9586848000004,52.393,14.141,299.907,1.0
170.2833,128.166295,37.673468,2776.746288,51.934,14.303,300.101,1.0
170.3,128.166244,37.673486,2777.5457784000005,51.464,14.466,300.294,1.0
170.3166,128.166194,37.673505,2778.357156,50.987,14.631,300.487,1.0
170.3333,128.166143,37.673523,2779.18164,50.483,14.799,300.677,1.0
170.35,128.166092,37.673542,2780.018316,49.954,14.97,300.864,1.0
170.3666,128.166042,37.673561,2780.867184,49.405,15.145,301.05,1.0
170.3833,128.165992,37.673579,2781.7291584,48.839,15.321,301.234,1.0
170.4,128.165942,37.673598,2782.6036296,48.26,15.498,301.416,1.0
170.4166,128.165892,37.673617,2783.4905976,47.67,15.678,301.598,1.0
170.4333,128.165842,37.673637,2784.3921960000002,47.043,15.862,301.776,1.0
170.45,128.165792,37.673656,2785.3072056000005,46.383,16.05,301.951,1.0
170.4666,128.165742,37.673675,2786.2359312,45.693,16.241,302.123,1.0
170.4833,128.165693,37.673695,2787.1783728,44.98,16.435,302.293,1.0
170.5,128.165644,37.673715,2788.1348352000005,44.248,16.63,302.461,1.0
170.5166,128.165594,37.673735,2789.1050136000003,43.502,16.828,302.628,1.0
170.5333,128.165545,37.673754,2790.0879936,42.843,17.023,302.799,1.0
170.55,128.165496,37.673774,2791.0837752,42.27,17.216,302.974,1.0
170.5666,128.165447,37.673794,2792.091444,41.773,17.409,303.148,1.0
170.5833,128.165398,37.673815,2793.1110000000003,41.338,17.606,303.318,1.0
170.6,128.16535,37.673835,2794.1433576000004,40.951,17.808,303.483,1.0
170.6166,128.165301,37.673855,2795.1891264,40.597,18.013,303.642,1.0
170.6333,128.165253,37.673876,2796.2492208000003,40.231,18.222,303.794,1.0
170.65,128.165204,37.673896,2797.3239456,39.845,18.434,303.941,1.0
170.6666,128.165156,37.673917,2798.4136056,39.438,18.648,304.085,1.0
170.6833,128.165108,37.673938,2799.5172864,39.01,18.86,304.227,1.0
170.7,128.16506,37.673959,2800.6355976,38.565,19.073,304.368,1.0
170.7166,128.165012,37.673979,2801.768844,38.108,19.286,304.509,1.0
170.7333,128.164965,37.674001,2802.91794,37.572,19.497,304.638,1.0
170.75,128.164917,37.674022,2804.0831904,36.961,19.708,304.757,1.0
170.7666,128.16487,37.674043,2805.2658144,36.288,19.918,304.87,1.0
170.7833,128.164822,37.674064,2806.4639832,35.564,20.129,304.981,1.0
170.8,128.164775,37.674085,2807.6780016,34.8,20.339,305.092,1.0
170.8166,128.164728,37.674107,2808.9078696,34.008,20.552,305.202,1.0
170.8333,128.164681,37.674128,2810.1551112,33.098,20.754,305.293,1.0
170.85,128.164635,37.67415,2811.4194216,32.078,20.94,305.359,1.0
170.8666,128.164588,37.674172,2812.7026296000004,30.967,21.114,305.408,1.0
170.8833,128.164542,37.674193,2814.0029064,29.784,21.283,305.451,1.0
170.9,128.164495,37.674215,2815.3199472,28.543,21.453,305.493,1.0
170.9166,128.164449,37.674237,2816.6534472,27.26,21.628,305.536,1.0
170.9333,128.164403,37.674259,2818.0058448,25.871,21.792,305.563,1.0
170.95,128.164357,37.674281,2819.3762256000005,24.382,21.942,305.571,1.0
170.9666,128.164311,37.674303,2820.7661136,22.799,22.084,305.565,1.0
170.9833,128.164266,37.674325,2822.1730704,21.141,22.225,305.553,1.0
171.0,128.16422,37.674347,2823.5970960000004,19.422,22.37,305.539,1.0
171.0166,128.164175,37.674369,2825.0381904,17.657,22.521,305.525,1.0
171.0333,128.164129,37.674391,2826.4978776000003,15.8,22.663,305.499,1.0
171.05,128.164084,37.674413,2827.9761576000005,13.864,22.798,305.461,1.0
171.0666,128.164039,37.674435,2829.4708968,11.863,22.93,305.415,1.0
171.0833,128.163994,37.674457,2830.9817904,9.809,23.063,305.365,1.0
171.1,128.163949,37.674479,2832.5091432,7.713,23.2,305.31,1.0
171.1166,128.163904,37.674501,2834.051736,5.585,23.343,305.251,1.0
171.1333,128.163859,37.674523,2835.610788,3.42,23.488,305.187,1.0
171.15,128.163815,37.674545,2837.1844704,1.226,23.634,305.115,1.0
171.1666,128.16377,37.674568,2838.773088,-0.992,23.783,305.036,1.0
171.1833,128.163725,37.67459,2840.3757264,-3.232,23.934,304.949,1.0
171.2,128.163681,37.674612,2841.9923856,-5.49,24.087,304.855,1.0
171.2166,128.163636,37.674633,2843.6227608,-7.765,24.242,304.753,1.0
171.2333,128.163592,37.674655,2845.2647184,-10.025,24.407,304.643,1.0
171.25,128.163547,37.674677,2846.9185632,-12.272,24.583,304.526,1.0
171.2666,128.163503,37.674699,2848.5849048,-14.508,24.764,304.399,1.0
171.2833,128.163459,37.674721,2850.2628288,-16.737,24.946,304.261,1.0
171.3,128.163414,37.674743,2851.95264,-18.962,25.127,304.112,1.0
171.3166,128.16337,37.674764,2853.6540336,-21.188,25.304,303.953,1.0
171.3333,128.163326,37.674786,2855.3648760000005,-23.371,25.492,303.781,1.0
171.35,128.163282,37.674808,2857.0851672,-25.517,25.691,303.596,1.0
171.3666,128.163237,37.674829,2858.8158215999997,-27.635,25.894,303.397,1.0
171.3833,128.163193,37.674851,2860.5562296000003,-29.731,26.094,303.186,1.0
171.4,128.163149,37.674872,2862.306696,-31.812,26.288,302.964,1.0
171.4166,128.163105,37.674894,2864.066916,-33.885,26.473,302.73,1.0
171.4333,128.16306,37.674915,2865.8350608,-35.906,26.666,302.481,1.0
171.45,128.163016,37.674936,2867.6111304000005,-37.882,26.865,302.214,1.0
171.4666,128.162972,37.674957,2869.3957344,-39.822,27.064,301.934,1.0
171.4833,128.162928,37.674978,2871.1888728000004,-41.735,27.256,301.641,1.0
171.5,128.162883,37.674999,2872.9905456,-43.628,27.437,301.339,1.0
171.5166,128.162839,37.67502,2874.8001432,-45.509,27.606,301.029,1.0
171.5333,128.162795,37.675041,2876.6167511999997,-47.335,27.777,300.702,1.0
171.55,128.16275,37.675062,2878.4400648,-49.115,27.951,300.358,1.0
171.5666,128.162706,37.675083,2880.2703888,-50.857,28.12,300.001,1.0
171.5833,128.162662,37.675103,2882.1083328000004,-52.569,28.28,299.634,1.0
171.6,128.162617,37.675124,2883.9529824,-54.258,28.426,299.262,1.0
171.6166,128.162573,37.675144,2885.8049472000002,-55.932,28.558,298.886,1.0
171.6333,128.162528,37.675165,2887.6623984000003,-57.549,28.689,298.493,1.0
171.65,128.162484,37.675185,2889.525336,-59.115,28.821,298.083,1.0
171.6666,128.162439,37.675205,2891.3946744,-60.639,28.947,297.662,1.0
171.6833,128.162395,37.675225,2893.269804,-62.13,29.061,297.235,1.0
171.7,128.16235,37.675245,2895.1510296,-63.592,29.161,296.806,1.0
171.7166,128.162305,37.675265,2897.0377416,-65.036,29.246,296.378,1.0
171.7333,128.162261,37.675285,2898.9290256000004,-66.428,29.325,295.942,1.0
171.75,128.162216,37.675305,2900.8251864000003,-67.776,29.399,295.497,1.0
171.7666,128.162171,37.675324,2902.7265288,-69.088,29.464,295.048,1.0
171.7833,128.162126,37.675344,2904.6324432,-70.37,29.518,294.599,1.0
171.8,128.162081,37.675363,2906.5429296,-71.627,29.56,294.153,1.0
171.8166,128.162036,37.675382,2908.457988,-72.866,29.589,293.711,1.0
171.8333,128.161991,37.675401,2910.3763992,-74.053,29.608,293.276,1.0
171.85,128.161946,37.67542,2912.298468,-75.195,29.62,292.846,1.0
171.8666,128.161901,37.675439,2914.2244992,-76.301,29.623,292.423,1.0
171.8833,128.161856,37.675458,2916.1535784000002,-77.376,29.617,292.003,1.0
171.9,128.16181,37.675476,2918.0860104,-78.427,29.6,291.589,1.0
171.9166,128.161765,37.675495,2920.0214904,-79.461,29.574,291.18,1.0
171.9333,128.16172,37.675513,2921.9594088,-80.452,29.542,290.776,1.0
171.95,128.161674,37.675531,2923.8994608,-81.403,29.504,290.378,1.0
171.9666,128.161629,37.675549,2925.842256,-82.322,29.46,289.985,1.0
171.9833,128.161583,37.675567,2927.78688,-83.215,29.41,289.597,1.0
172.0,128.161537,37.675585,2929.7333328000004,-84.086,29.352,289.214,1.0
172.0166,128.161492,37.675603,2931.6816144000004,-84.941,29.287,288.836,1.0
172.0333,128.161446,37.67562,2933.6317248,-85.856,29.21,288.463,1.0
172.05,128.1614,37.675638,2935.5830544,-86.831,29.122,288.094,1.0
172.0666,128.161354,37.675655,2937.5349936000002,-87.856,29.025,287.731,1.0
172.0833,128.161308,37.675672,2939.488152,-88.92,28.92,287.372,1.0
172.1,128.161262,37.675689,2941.4413104,-90.014,28.808,287.017,1.0
172.1166,128.161216,37.675705,2943.3944688,-91.128,28.69,286.665,1.0
172.1333,128.161169,37.675722,2945.3470176,-92.191,28.571,286.317,1.0
172.15,128.161123,37.675738,2947.2989568000003,-93.202,28.452,285.971,1.0
172.1666,128.161077,37.675755,2949.2505912,-94.169,28.333,285.626,1.0
172.1833,128.16103,37.675771,2951.2007016,-95.103,28.212,285.284,1.0
172.2,128.160984,37.675787,2953.1498976000003,-96.009,28.088,284.945,1.0
172.2166,128.160937,37.675803,2955.0975696,-96.89,27.959,284.61,1.0
172.2333,128.16089,37.675818,2957.0437176,-97.699,27.83,284.278,1.0
172.25,128.160843,37.675834,2958.9883416000002,-98.441,27.699,283.951,1.0
172.2666,128.160797,37.675849,2960.9314416,-99.127,27.565,283.628,1.0
172.2833,128.16075,37.675865,2962.8721032000003,-99.767,27.426,283.309,1.0
172.3,128.160703,37.67588,2964.8106312,-100.371,27.282,282.996,1.0
172.3166,128.160656,37.675895,2966.746416,-100.947,27.134,282.688,1.0
172.3333,128.160608,37.67591,2968.6797624000005,-101.485,26.983,282.385,1.0
172.35,128.160561,37.675925,2970.6100608,-101.992,26.832,282.086,1.0
172.3666,128.160514,37.675939,2972.5373112,-102.473,26.679,281.792,1.0
172.3833,128.160466,37.675954,2974.4612088,-102.933,26.524,281.503,1.0
172.4,128.160419,37.675968,2976.3817536,-103.376,26.367,281.217,1.0
172.4166,128.160371,37.675982,2978.298336,-103.806,26.209,280.936,1.0
172.4333,128.160324,37.675996,2980.2112608,-104.221,26.05,280.659,1.0
172.45,128.160276,37.67601,2982.1202232,-104.625,25.89,280.385,1.0
172.4666,128.160228,37.676024,2984.0252232000003,-105.019,25.729,280.114,1.0
172.4833,128.16018,37.676038,2985.9256511999997,-105.405,25.568,279.847,1.0
172.5,128.160132,37.676051,2987.8215072000003,-105.784,25.406,279.582,1.0
172.5166,128.160084,37.676064,2989.7127912,-106.156,25.243,279.32,1.0
172.5333,128.160036,37.676077,2991.5995032000005,-106.519,25.08,279.061,1.0
172.55,128.159988,37.67609,2993.4813384,-106.872,24.916,278.804,1.0
172.5666,128.15994,37.676103,2995.357992,-107.218,24.753,278.549,1.0
172.5833,128.159891,37.676116,2997.2297688000003,-107.556,24.589,278.297,1.0
172.6,128.159843,37.676128,2999.0960592,-107.887,24.424,278.046,1.0
172.6166,128.159794,37.676141,3000.9568632,-108.212,24.259,277.798,1.0
172.6333,128.159746,37.676153,3002.8124856,-108.523,24.094,277.552,1.0
172.65,128.159697,37.676165,3004.6623168000006,-108.822,23.929,277.307,1.0
172.6666,128.159648,37.676177,3006.5063568,-109.11,23.764,277.064,1.0
172.6833,128.159599,37.676189,3008.3449104,-109.387,23.599,276.823,1.0
172.7,128.15955,37.6762,3010.1770632000002,-109.656,23.434,276.583,1.0
172.7166,128.159501,37.676212,3012.00312,-109.917,23.268,276.346,1.0
172.7333,128.159452,37.676223,3013.8236904,-110.163,23.103,276.109,1.0
172.75,128.159403,37.676234,3015.6375552000004,-110.395,22.939,275.874,1.0
172.7666,128.159354,37.676245,3017.4450192000004,-110.614,22.775,275.64,1.0
172.7833,128.159305,37.676256,3019.2460824000004,-110.822,22.612,275.407,1.0
172.8,128.159255,37.676267,3021.0407448,-111.02,22.449,275.176,1.0
172.8166,128.159206,37.676277,3022.8287016,-111.21,22.285,274.946,1.0
172.8333,128.159157,37.676287,3024.6099528000004,-111.384,22.123,274.717,1.0
172.85,128.159107,37.676298,3026.3844984,-111.545,21.962,274.489,1.0
172.8666,128.159057,37.676308,3028.1520336,-111.693,21.802,274.262,1.0
172.8833,128.159008,37.676318,3029.9128632,-111.83,21.642,274.035,1.0
172.9,128.158958,37.676327,3031.6663776,-111.957,21.483,273.81,1.0
172.9166,128.158908,37.676337,3033.4128816,-112.076,21.323,273.586,1.0
172.9333,128.158858,37.676346,3035.1520704,-112.182,21.165,273.363,1.0
172.95,128.158808,37.676356,3036.8842488000005,-112.279,21.009,273.14,1.0
172.9666,128.158758,37.676365,3038.6088072000002,-112.365,20.853,272.917,1.0
172.9833,128.158708,37.676374,3040.3260504000004,-112.443,20.698,272.695,1.0
173.0,128.158658,37.676382,3042.0359784,-112.513,20.544,272.474,1.0
173.0166,128.158607,37.676391,3043.7382864,-112.576,20.389,272.254,1.0
173.0333,128.158557,37.6764,3045.4329744,-112.63,20.237,272.034,1.0
173.05,128.158507,37.676408,3047.1203472,-112.676,20.086,271.814,1.0
173.0666,128.158456,37.676416,3048.7997952,-112.715,19.935,271.594,1.0
173.0833,128.158406,37.676424,3050.4713184,-112.747,19.786,271.375,1.0
173.1,128.158355,37.676432,3052.1352216,-112.771,19.637,271.156,1.0
173.1166,128.158305,37.67644,3053.7915048000004,-112.79,19.489,270.937,1.0
173.1333,128.158254,37.676447,3055.4395584,-112.803,19.343,270.719,1.0
173.15,128.158203,37.676454,3057.0799920000004,-112.809,19.197,270.5,1.0
173.1666,128.158152,37.676462,3058.7125008000003,-112.81,19.053,270.281,1.0
173.1833,128.158102,37.676469,3060.3370848000004,-112.805,18.91,270.063,1.0
173.2,128.158051,37.676476,3061.9537440000004,-112.795,18.767,269.845,1.0
173.2166,128.158,37.676482,3063.5621736000003,-112.78,18.626,269.627,1.0
173.2333,128.157949,37.676489,3065.1623736000006,-112.764,18.487,269.407,1.0
173.25,128.157898,37.676495,3066.7546488000003,-112.745,18.353,269.187,1.0
173.2666,128.157846,37.676501,3068.3389991999998,-112.722,18.22,268.966,1.0
173.2833,128.157795,37.676508,3069.91512,-112.694,18.089,268.744,1.0
173.3,128.157744,37.676513,3071.4833160000003,-112.659,17.959,268.523,1.0
173.3166,128.157693,37.676519,3073.0432824000004,-112.617,17.829,268.302,1.0
173.3333,128.157641,37.676525,3074.5947144,-112.576,17.703,268.079,1.0
173.35,128.15759,37.67653,3076.1382215999997,-112.536,17.582,267.854,1.0
173.3666,128.157538,37.676535,3077.6734992,-112.493,17.463,267.629,1.0
173.3833,128.157487,37.676541,3079.2005472,-112.446,17.346,267.404,1.0
173.4,128.157435,37.676545,3080.7196704000003,-112.392,17.23,267.178,1.0
173.4166,128.157384,37.67655,3082.2305640000004,-112.332,17.114,266.952,1.0
173.4333,128.157332,37.676555,3083.7332280000005,-112.268,16.998,266.727,1.0
173.45,128.15728,37.676559,3085.2279672,-112.2,16.883,266.501,1.0
173.4666,128.157229,37.676563,3086.714172,-112.129,16.769,266.275,1.0
173.4833,128.157177,37.676568,3088.1924520000002,-112.056,16.656,266.049,1.0
173.5,128.157125,37.676571,3089.6621976,-111.98,16.543,265.823,1.0
173.5166,128.157073,37.676575,3091.1240184000003,-111.902,16.431,265.597,1.0
173.5333,128.157021,37.676579,3092.5776096000004,-111.826,16.32,265.37,1.0
173.55,128.156969,37.676582,3094.0226664,-111.751,16.21,265.144,1.0
173.5666,128.156917,37.676585,3095.4597984,-111.677,16.1,264.917,1.0
173.5833,128.156865,37.676589,3096.8887008,-111.604,15.991,264.69,1.0
173.6,128.156813,37.676591,3098.3093736000005,-111.53,15.882,264.463,1.0
173.6166,128.156761,37.676594,3099.7218168000004,-111.457,15.775,264.235,1.0
173.6333,128.156709,37.676597,3101.1254208,-111.399,15.666,264.008,1.0
173.65,128.156657,37.676599,3102.5204904,-111.357,15.556,263.781,1.0
173.6666,128.156605,37.676601,3103.9073304000003,-111.328,15.447,263.554,1.0
173.6833,128.156553,37.676603,3105.2859408,-111.311,15.338,263.327,1.0
173.7,128.1565,37.676605,3106.6560168000005,-111.304,15.229,263.1,1.0
173.7166,128.156448,37.676607,3108.0178632,-111.303,15.122,262.871,1.0
173.7333,128.156396,37.676608,3109.3705656,-111.319,15.014,262.643,1.0
173.75,128.156343,37.67661,3110.7150384,-111.35,14.905,262.414,1.0
173.7666,128.156291,37.676611,3112.0509768,-111.392,14.795,262.185,1.0
173.7833,128.156239,37.676612,3113.3783808,-111.444,14.686,261.955,1.0
173.8,128.156186,37.676613,3114.6975552000004,-111.504,14.576,261.726,1.0
173.8166,128.156134,37.676613,3116.0081952,-111.57,14.467,261.495,1.0
173.8333,128.156081,37.676614,3117.3099960000004,-111.645,14.358,261.264,1.0
173.85,128.156029,37.676614,3118.6032624000004,-111.727,14.247,261.033,1.0
173.8666,128.155976,37.676614,3119.8879944,-111.815,14.137,260.802,1.0
173.8833,128.155924,37.676614,3121.1641920000006,-111.907,14.025,260.571,1.0
173.9,128.155871,37.676614,3122.4315504,-112.003,13.914,260.34,1.0
173.9166,128.155819,37.676613,3123.6903744,-112.101,13.802,260.109,1.0
173.9333,128.155766,37.676613,3124.940664,-112.202,13.69,259.877,1.0
173.95,128.155714,37.676612,3126.1821144000005,-112.305,13.577,259.645,1.0
173.9666,128.155661,37.676611,3127.4147256,-112.41,13.464,259.414,1.0
173.9833,128.155608,37.67661,3128.6388024000003,-112.515,13.35,259.182,1.0
174.0,128.155556,37.676609,3129.8540399999997,-112.621,13.236,258.951,1.0
174.0166,128.155503,37.676607,3131.0604384000003,-112.727,13.121,258.72,1.0
174.0333,128.155451,37.676605,3132.2583024,-112.832,13.006,258.489,1.0
174.05,128.155398,37.676604,3133.4470224,-112.936,12.89,258.258,1.0
174.0666,128.155345,37.676602,3134.6269032000005,-113.038,12.775,258.027,1.0
174.0833,128.155293,37.6766,3135.79764,-113.139,12.658,257.796,1.0
174.1,128.15524,37.676597,3136.9598424,-113.238,12.541,257.566,1.0
174.1166,128.155187,37.676595,3138.1129008000003,-113.336,12.424,257.336,1.0
174.1333,128.155134,37.676592,3139.2568152,-113.431,12.306,257.106,1.0
174.15,128.155082,37.676589,3140.3918904,-113.522,12.188,256.876,1.0
174.1666,128.155029,37.676586,3141.5178216,-113.611,12.07,256.647,1.0
174.1833,128.154976,37.676583,3142.6349136000003,-113.697,11.952,256.417,1.0
174.2,128.154924,37.67658,3143.7425568000003,-113.781,11.833,256.188,1.0
174.2166,128.154871,37.676576,3144.8410559999998,-113.863,11.713,255.96,1.0
174.2333,128.154818,37.676573,3145.9307160000003,-113.942,11.593,255.732,1.0
174.25,128.154765,37.676569,3147.0109272,-114.018,11.473,255.504,1.0
174.2666,128.154713,37.676565,3148.0816896000006,-114.092,11.353,255.276,1.0
174.2833,128.15466,37.676561,3149.1436128,-114.164,11.232,255.049,1.0
174.3,128.154607,37.676556,3150.1957824,-114.234,11.111,254.822,1.0
174.3166,128.154555,37.676552,3151.2391128,-114.303,10.99,254.595,1.0
174.3333,128.154502,37.676547,3152.2726896000004,-114.369,10.868,254.368,1.0
174.35,128.154449,37.676542,3153.2971224000003,-114.433,10.746,254.142,1.0
174.3666,128.154396,37.676537,3154.3121064,-114.494,10.624,253.916,1.0
174.3833,128.154344,37.676532,3155.3176416,-114.554,10.502,253.69,1.0
174.4,128.154291,37.676527,3156.3137280000005,-114.611,10.379,253.465,1.0
174.4166,128.154238,37.676522,3157.3000608,-114.668,10.256,253.24,1.0
174.4333,128.154186,37.676516,3158.2772496000002,-114.722,10.133,253.015,1.0
174.45,128.154133,37.67651,3159.2449896000003,-114.774,10.01,252.79,1.0
174.4666,128.15408,37.676504,3160.2029760000005,-114.823,9.887,252.566,1.0
174.4833,128.154028,37.676498,3161.1512088,-114.871,9.764,252.342,1.0
174.5,128.153975,37.676492,3162.0902976,-114.918,9.64,252.118,1.0
174.5166,128.153923,37.676485,3163.0193280000003,-114.963,9.516,251.894,1.0
174.5333,128.15387,37.676478,3163.9389096000004,-115.007,9.392,251.671,1.0
174.55,128.153817,37.676472,3164.8487376,-115.048,9.267,251.447,1.0
174.5666,128.153765,37.676465,3165.7491168000006,-115.089,9.143,251.224,1.0
174.5833,128.153712,37.676457,3166.6394376,-115.127,9.019,251.002,1.0
174.6,128.15366,37.67645,3167.5203096000005,-115.165,8.894,250.779,1.0
174.6166,128.153607,37.676443,3168.3914280000004,-115.201,8.769,250.557,1.0
174.6333,128.153555,37.676435,3169.252488,-115.236,8.644,250.334,1.0
174.65,128.153502,37.676427,3170.1040992,-115.27,8.519,250.112,1.0
174.6666,128.15345,37.676419,3170.945652,-115.303,8.394,249.891,1.0
174.6833,128.153398,37.676411,3171.7774512,-115.335,8.268,249.669,1.0
174.7,128.153345,37.676403,3172.5994968,-115.366,8.143,249.448,1.0
174.7166,128.153293,37.676394,3173.411484,-115.396,8.017,249.226,1.0
174.7333,128.153241,37.676386,3174.2137176,-115.425,7.892,249.005,1.0
174.75,128.153188,37.676377,3175.0061976,-115.452,7.766,248.784,1.0
174.7666,128.153136,37.676368,3175.7886192000005,-115.478,7.64,248.564,1.0
174.7833,128.153084,37.676359,3176.5609824000003,-115.503,7.514,248.343,1.0
174.8,128.153031,37.676349,3177.3235920000006,-115.527,7.388,248.122,1.0
174.8166,128.152979,37.67634,3178.0758384,-115.55,7.262,247.902,1.0
174.8333,128.152927,37.67633,3178.818636,-115.572,7.136,247.682,1.0
174.85,128.152875,37.676321,3179.5510704000003,-115.593,7.01,247.462,1.0
174.8666,128.152823,37.676311,3180.2737512,-115.612,6.884,247.242,1.0
174.8833,128.152771,37.676301,3180.9860688000003,-115.631,6.757,247.022,1.0
174.9,128.152719,37.67629,3181.6886328000005,-115.649,6.631,246.802,1.0
174.9166,128.152667,37.67628,3182.3808336,-115.667,6.504,246.583,1.0
174.9333,128.152615,37.676269,3183.0632808,-115.683,6.378,246.363,1.0
174.95,128.152563,37.676259,3183.7356696,-115.698,6.252,246.144,1.0
174.9666,128.152511,37.676248,3184.3976952000003,-115.712,6.125,245.925,1.0
174.9833,128.152459,37.676237,3185.0496624,-115.725,5.998,245.706,1.0
175.0,128.152408,37.676225,3185.6915712000005,-115.737,5.872,245.487,1.0
175.0166,128.152356,37.676214,3186.3234216,-115.748,5.745,245.268,1.0
175.0333,128.152304,37.676202,3186.9449088,-115.758,5.619,245.049,1.0
175.05,128.152252,37.676191,3187.5563376,-115.768,5.492,244.83,1.0
175.0666,128.152201,37.676179,3188.1577079999997,-115.776,5.365,244.612,1.0
175.0833,128.152149,37.676167,3188.7487152,-115.784,5.238,244.393,1.0
175.1,128.152098,37.676155,3189.3296640000003,-115.792,5.112,244.175,1.0
175.1166,128.152046,37.676142,3189.9002496000003,-115.799,4.985,243.957,1.0
175.1333,128.151995,37.67613,3190.4607768,-115.805,4.858,243.738,1.0
175.15,128.151943,37.676117,3191.010636,-115.811,4.731,243.52,1.0
175.1666,128.151892,37.676104,3191.5507416000005,-115.817,4.604,243.302,1.0
175.1833,128.151841,37.676091,3192.0801792,-115.823,4.477,243.084,1.0
175.2,128.15179,37.676078,3192.5995584,-115.828,4.35,242.866,1.0
175.2166,128.151738,37.676065,3193.1085744,-115.833,4.223,242.648,1.0
175.2333,128.151687,37.676051,3193.607532,-115.838,4.096,242.431,1.0
175.25,128.151636,37.676038,3194.0958216,-115.843,3.969,242.213,1.0
175.2666,128.151585,37.676024,3194.5737480000003,-115.848,3.842,241.995,1.0
175.2833,128.151534,37.67601,3195.041616,-115.853,3.715,241.778,1.0
175.3,128.151483,37.675996,3195.4991208,-115.858,3.588,241.56,1.0
175.3166,128.151433,37.675982,3195.9459576000004,-115.863,3.461,241.342,1.0
175.3333,128.151382,37.675967,3196.382736,-115.867,3.334,241.125,1.0
175.35,128.151331,37.675953,3196.8091512,-115.872,3.206,240.907,1.0
175.3666,128.151281,37.675938,3197.2248984000003,-115.877,3.079,240.69,1.0
175.3833,128.15123,37.675923,3197.6305872000003,-115.881,2.952,240.473,1.0
175.4,128.151179,37.675908,3198.025608,-115.885,2.825,240.255,1.0
175.4166,128.151129,37.675893,3198.4102656,-115.889,2.697,240.038,1.0
175.4333,128.151079,37.675877,3198.7845600000005,-115.892,2.57,239.821,1.0
175.45,128.151028,37.675862,3199.1484912,-115.895,2.443,239.603,1.0
175.4666,128.150978,37.675846,3199.5020592,-115.897,2.316,239.386,1.0
175.4833,128.150928,37.67583,3199.8449592,-115.899,2.188,239.169,1.0
175.5,128.150878,37.675814,3200.1774960000002,-115.9,2.061,238.952,1.0
175.5166,128.150828,37.675798,3200.4996696,-115.901,1.934,238.735,1.0
175.5333,128.150778,37.675782,3200.8111752000004,-115.9,1.806,238.517,1.0
175.55,128.150728,37.675766,3201.1126224,-115.898,1.679,238.3,1.0
175.5666,128.150678,37.675749,3201.4030967999997,-115.895,1.552,238.083,1.0
175.5833,128.150628,37.675732,3201.6835128,-115.892,1.425,237.866,1.0
175.6,128.150578,37.675715,3201.9532608,-115.887,1.298,237.649,1.0
175.6166,128.150529,37.675698,3202.2126456,-115.881,1.171,237.432,1.0
175.6333,128.150479,37.675681,3202.4613624000003,-115.874,1.044,237.215,1.0
175.65,128.15043,37.675664,3202.699716,-115.866,0.917,236.998,1.0
175.6666,128.15038,37.675646,3202.9274016,-115.857,0.79,236.781,1.0
175.6833,128.150331,37.675629,3203.1447239999998,-115.846,0.663,236.564,1.0
175.7,128.150282,37.675611,3203.3513784000006,-115.834,0.537,236.347,1.0
175.7166,128.150233,37.675593,3203.5476696,-115.822,0.41,236.13,1.0
175.7333,128.150184,37.675575,3203.7335976,-115.808,0.283,235.912,1.0
175.75,128.150135,37.675557,3203.9088576000004,-115.792,0.157,235.695,1.0
175.7666,128.150086,37.675538,3204.0734496,-115.775,0.031,235.478,1.0
175.7833,128.150037,37.67552,3204.2276784000005,-115.756,-0.094,235.261,1.0
175.8,128.149988,37.675501,3204.3715440000005,-115.737,-0.22,235.044,1.0
175.8166,128.14994,37.675482,3204.5047416,-115.716,-0.346,234.827,1.0
175.8333,128.149891,37.675463,3204.6272712000005,-115.693,-0.472,234.61,1.0
175.85,128.149843,37.675444,3204.7394375999997,-115.669,-0.597,234.393,1.0
175.8666,128.149794,37.675425,3204.840936,-115.644,-0.723,234.176,1.0
175.8833,128.149746,37.675406,3204.9320712000003,-115.617,-0.848,233.958,1.0
175.9,128.149698,37.675386,3205.0125384000003,-115.59,-0.973,233.741,1.0
175.9166,128.14965,37.675366,3205.0826424,-115.561,-1.098,233.524,1.0
175.9333,128.149602,37.675346,3205.1420784000006,-115.53,-1.222,233.306,1.0
175.95,128.149554,37.675326,3205.1911511999997,-115.498,-1.347,233.089,1.0
175.9666,128.149506,37.675306,3205.229556,-115.465,-1.471,232.872,1.0
175.9833,128.149458,37.675286,3205.2575976000003,-115.43,-1.595,232.654,1.0
176.0,128.14941,37.675266,3205.2749712000004,-115.395,-1.719,232.437,1.0
176.0166,128.149363,37.675245,3205.2819816,-115.358,-1.843,232.219,1.0
176.0333,128.149315,37.675224,3205.278324,-115.32,-1.966,232.001,1.0
176.05,128.149268,37.675203,3205.2643032000005,-115.281,-2.089,231.784,1.0
176.0666,128.149221,37.675182,3205.2396144000004,-115.24,-2.212,231.566,1.0
176.0833,128.149174,37.675161,3205.2045624,-115.199,-2.335,231.348,1.0
176.1,128.149127,37.67514,3205.1588424,-115.156,-2.458,231.13,1.0
176.1166,128.14908,37.675119,3205.1027592,-115.113,-2.58,230.912,1.0
176.1333,128.149033,37.675097,3205.0363128,-115.068,-2.702,230.694,1.0
176.15,128.148986,37.675075,3204.9591984000003,-115.022,-2.824,230.476,1.0
176.1666,128.148939,37.675053,3204.8717208000003,-114.976,-2.945,230.257,1.0
176.1833,128.148893,37.675031,3204.77388,-114.928,-3.067,230.039,1.0
176.2,128.148846,37.675009,3204.6653712,-114.88,-3.188,229.821,1.0
176.2166,128.1488,37.674987,3204.5464991999997,-114.831,-3.309,229.602,1.0
176.2333,128.148754,37.674965,3204.417264,-114.78,-3.429,229.383,1.0
176.25,128.148708,37.674942,3204.2776656,-114.729,-3.55,229.165,1.0
176.2666,128.148662,37.674919,3204.1273992,-114.677,-3.67,228.946,1.0
176.2833,128.148616,37.674896,3203.9667696,-114.623,-3.789,228.727,1.0
176.3,128.14857,37.674874,3203.7957768,-114.569,-3.909,228.507,1.0
176.3166,128.148524,37.67485,3203.6144208,-114.513,-4.028,228.288,1.0
176.3333,128.148479,37.674827,3203.4227016,-114.457,-4.147,228.069,1.0
176.35,128.148433,37.674804,3203.2206192000003,-114.4,-4.265,227.849,1.0
176.3666,128.148388,37.67478,3203.0081736,-114.342,-4.384,227.63,1.0
176.3833,128.148343,37.674757,3202.7853648,-114.282,-4.502,227.41,1.0
176.4,128.148298,37.674733,3202.5521928000003,-114.222,-4.62,227.19,1.0
176.4166,128.148253,37.674709,3202.3086576000005,-114.161,-4.737,226.97,1.0
176.4333,128.148208,37.674685,3202.0547592000003,-114.099,-4.854,226.75,1.0
176.45,128.148163,37.674661,3201.7908024000003,-114.036,-4.971,226.53,1.0
176.4666,128.148118,37.674636,3201.5164824000003,-113.972,-5.087,226.309,1.0
176.4833,128.148074,37.674612,3201.2317992,-113.907,-5.204,226.089,1.0
176.5,128.148029,37.674587,3200.9367528000002,-113.841,-5.319,225.868,1.0
176.5166,128.147985,37.674563,3200.6313432,-113.775,-5.435,225.647,1.0
176.5333,128.147941,37.674538,3200.3161800000003,-113.707,-5.55,225.426,1.0
176.55,128.147897,37.674513,3199.9903488000004,-113.638,-5.665,225.205,1.0
176.5666,128.147853,37.674488,3199.6544592,-113.568,-5.779,224.984,1.0
176.5833,128.147809,37.674462,3199.3085112000003,-113.497,-5.893,224.762,1.0
176.6,128.147766,37.674437,3198.9522,-113.425,-6.007,224.541,1.0
176.6166,128.147722,37.674411,3198.5858304000003,-113.352,-6.121,224.319,1.0
176.6333,128.147679,37.674386,3198.2094024000003,-113.278,-6.234,224.097,1.0
176.65,128.147635,37.67436,3197.8226112,-113.202,-6.347,223.875,1.0
176.6666,128.147592,37.674334,3197.4260664000003,-113.126,-6.459,223.653,1.0
176.6833,128.147549,37.674308,3197.0191584,-113.049,-6.571,223.431,1.0
176.7,128.147506,37.674282,3196.6021920000003,-112.971,-6.682,223.208,1.0
176.7166,128.147464,37.674256,3196.1751672,-112.892,-6.794,222.985,1.0
176.7333,128.147421,37.674229,3195.7383888000004,-112.812,-6.905,222.762,1.0
176.75,128.147379,37.674203,3195.2912472,-112.731,-7.015,222.539,1.0
176.7666,128.147336,37.674176,3194.8343520000003,-112.648,-7.125,222.316,1.0
176.7833,128.147294,37.674149,3194.3673984,-112.565,-7.235,222.093,1.0
176.8,128.147252,37.674122,3193.8903864000004,-112.481,-7.344,221.869,1.0
176.8166,128.14721,37.674095,3193.4033160000004,-112.396,-7.453,221.645,1.0
176.8333,128.147168,37.674068,3192.9064920000005,-112.309,-7.561,221.421,1.0
176.85,128.147127,37.674041,3192.3999144000004,-112.221,-7.669,221.197,1.0
176.8666,128.147085,37.674013,3191.8832784000006,-112.132,-7.777,220.973,1.0
176.8833,128.147044,37.673986,3191.3568888,-112.042,-7.884,220.748,1.0
176.9,128.147002,37.673958,3190.8207456,-111.951,-7.991,220.524,1.0
176.9166,128.146961,37.67393,3190.2748488,-111.859,-8.097,220.299,1.0
176.9333,128.14692,37.673902,3189.7188936000002,-111.765,-8.203,220.074,1.0
176.95,128.14688,37.673874,3189.1534896000003,-111.67,-8.308,219.849,1.0
176.9666,128.146839,37.673846,3188.5780272,-111.574,-8.413,219.623,1.0
176.9833,128.146798,37.673818,3187.993116,-111.477,-8.517,219.397,1.0
177.0,128.146758,37.673789,3187.3984511999997,-111.379,-8.621,219.172,1.0
177.0166,128.146718,37.673761,3186.7940328000004,-111.28,-8.725,218.946,1.0
177.0333,128.146678,37.673732,3186.1801656000002,-111.179,-8.828,218.719,1.0
177.05,128.146638,37.673704,3185.5565448,-111.077,-8.93,218.493,1.0
177.0666,128.146598,37.673675,3184.9231704000003,-110.974,-9.032,218.266,1.0
177.0833,128.146558,37.673646,3184.280652,-110.87,-9.134,218.04,1.0
177.1,128.146519,37.673617,3183.62838,-110.764,-9.235,217.813,1.0
177.1166,128.146479,37.673587,3182.9666592000003,-110.658,-9.335,217.585,1.0
177.1333,128.14644,37.673558,3182.2954896000006,-110.55,-9.435,217.358,1.0
177.15,128.146401,37.673528,3181.6148712000004,-110.44,-9.535,217.13,1.0
177.1666,128.146362,37.673499,3180.924804,-110.329,-9.634,216.902,1.0
177.1833,128.146324,37.673469,3180.225288,-110.217,-9.732,216.674,1.0
177.2,128.146285,37.673439,3179.5166280000003,-110.104,-9.83,216.446,1.0
177.2166,128.146247,37.673409,3178.7985192000006,-109.989,-9.927,216.218,1.0
177.2333,128.146208,37.673379,3178.0712664000002,-109.873,-10.024,215.989,1.0
177.25,128.14617,37.673349,3177.3345648,-109.755,-10.12,215.76,1.0
177.2666,128.146132,37.673319,3176.5887192000005,-109.636,-10.216,215.531,1.0
177.2833,128.146094,37.673289,3175.8337296,-109.515,-10.311,215.302,1.0
177.3,128.146057,37.673258,3175.0695960000003,-109.394,-10.405,215.072,1.0
177.3166,128.146019,37.673227,3174.2963184,-109.271,-10.499,214.842,1.0
177.3333,128.145982,37.673197,3173.5138968,-109.146,-10.592,214.613,1.0
177.35,128.145945,37.673166,3172.7223312,-109.019,-10.685,214.382,1.0
177.3666,128.145908,37.673135,3171.9219264,-108.891,-10.777,214.152,1.0
177.3833,128.145871,37.673104,3171.1126824000003,-108.762,-10.868,213.921,1.0
177.4,128.145834,37.673073,3170.2942944,-108.631,-10.959,213.69,1.0
177.4166,128.145798,37.673041,3169.4667624000003,-108.499,-11.049,213.459,1.0
177.4333,128.145761,37.67301,3168.630696,-108.365,-11.139,213.228,1.0
177.45,128.145725,37.672979,3167.7857904,-108.228,-11.228,212.997,1.0
177.4666,128.145689,37.672947,3166.9320456,-108.09,-11.316,212.765,1.0
177.4833,128.145653,37.672915,3166.0694616,-107.951,-11.403,212.533,1.0
177.5,128.145618,37.672883,3165.1980384000003,-107.81,-11.49,212.301,1.0
177.5166,128.145582,37.672851,3164.3180807999997,-107.668,-11.576,212.069,1.0
177.5333,128.145547,37.672819,3163.4295888,-107.523,-11.661,211.836,1.0
177.55,128.145512,37.672787,3162.5325624,-107.376,-11.746,211.603,1.0
177.5666,128.145477,37.672755,3161.6270016,-107.226,-11.83,211.37,1.0
177.5833,128.145442,37.672723,3160.7126016,-107.074,-11.913,211.137,1.0
177.6,128.145407,37.67269,3159.789972,-106.921,-11.995,210.903,1.0
177.6166,128.145373,37.672658,3158.8591128,-106.766,-12.077,210.67,1.0
177.6333,128.145338,37.672625,3157.9197192000006,-106.607,-12.158,210.436,1.0
177.65,128.145304,37.672592,3156.9717912,-106.446,-12.238,210.201,1.0
177.6666,128.14527,37.672559,3156.0159384000003,-106.281,-12.317,209.967,1.0
177.6833,128.145237,37.672526,3155.0515511999997,-106.114,-12.395,209.732,1.0
177.7,128.145203,37.672493,3154.0792392000003,-105.945,-12.472,209.498,1.0
177.7166,128.14517,37.67246,3153.0986976,-105.775,-12.549,209.263,1.0
177.7333,128.145136,37.672427,3152.1102312,-105.599,-12.625,209.028,1.0
177.75,128.145103,37.672394,3151.1135352000006,-105.42,-12.699,208.792,1.0
177.7666,128.14507,37.67236,3150.1089144000002,-105.236,-12.773,208.556,1.0
177.7833,128.145038,37.672327,3149.0966736000005,-105.049,-12.846,208.32,1.0
177.8,128.145005,37.672293,3148.0762032000002,-104.86,-12.918,208.084,1.0
177.8166,128.144973,37.672259,3147.0481128,-104.667,-12.989,207.848,1.0
177.8333,128.14494,37.672225,3146.0124024,-104.469,-13.059,207.612,1.0
177.85,128.144908,37.672191,3144.9687672,-104.266,-13.127,207.375,1.0
177.8666,128.144877,37.672157,3143.9178168000003,-104.057,-13.194,207.138,1.0
177.8833,128.144845,37.672123,3142.8592464000003,-103.844,-13.261,206.901,1.0
177.9,128.144813,37.672089,3141.793056,-103.627,-13.326,206.664,1.0
177.9166,128.144782,37.672055,3140.7192456000002,-103.407,-13.391,206.427,1.0
177.9333,128.144751,37.67202,3139.6384248,-103.18,-13.454,206.189,1.0
177.95,128.14472,37.671986,3138.5502888,-102.944,-13.515,205.951,1.0
177.9666,128.144689,37.671951,3137.4551424,-102.702,-13.575,205.713,1.0
177.9833,128.144659,37.671916,3136.3526807999997,-102.454,-13.633,205.475,1.0
178.0,128.144628,37.671881,3135.2432088,-102.202,-13.691,205.237,1.0
178.0166,128.144598,37.671847,3134.1264216,-101.945,-13.748,204.999,1.0
178.0333,128.144568,37.671812,3133.0032336,-101.678,-13.803,204.76,1.0
178.05,128.144538,37.671776,3131.8730352000002,-101.401,-13.856,204.522,1.0
178.0666,128.144509,37.671741,3130.7361312,-101.116,-13.907,204.283,1.0
178.0833,128.144479,37.671706,3129.5925216,-100.823,-13.957,204.044,1.0
178.1,128.14445,37.671671,3128.4425112,-100.524,-14.005,203.805,1.0
178.1166,128.144421,37.671635,3127.2857952,-100.221,-14.053,203.566,1.0
178.1333,128.144392,37.6716,3126.1229832,-99.902,-14.098,203.327,1.0
178.15,128.144363,37.671564,3124.9537704,-99.57,-14.141,203.088,1.0
178.1666,128.144335,37.671528,3123.7784616000004,-99.225,-14.181,202.849,1.0
178.1833,128.144307,37.671493,3122.5970568000002,-98.87,-14.221,202.61,1.0
178.2,128.144278,37.671457,3121.4098608,-98.507,-14.259,202.371,1.0
178.2166,128.14425,37.671421,3120.2165688000005,-98.138,-14.295,202.132,1.0
178.2333,128.144223,37.671385,3119.0177904,-97.746,-14.328,201.893,1.0
178.25,128.144195,37.671348,3117.8132208,-97.336,-14.359,201.654,1.0
178.2666,128.144168,37.671312,3116.6034696,-96.908,-14.386,201.415,1.0
178.2833,128.14414,37.671276,3115.3882320000002,-96.466,-14.412,201.177,1.0
178.3,128.144113,37.67124,3114.1678128,-96.013,-14.436,200.938,1.0
178.3166,128.144087,37.671203,3112.9422120000004,-95.55,-14.459,200.7,1.0
178.3333,128.14406,37.671166,3111.7117344000003,-95.052,-14.476,200.462,1.0
178.35,128.144034,37.67113,3110.47638,-94.522,-14.49,200.225,1.0
178.3666,128.144007,37.671093,3109.2367584,-93.963,-14.499,199.987,1.0
178.3833,128.143981,37.671056,3107.9925648,-93.38,-14.507,199.75,1.0
178.4,128.143955,37.671019,3106.744104,-92.777,-14.512,199.513,1.0
178.4166,128.14393,37.670982,3105.4913760000004,-92.16,-14.515,199.277,1.0
178.4333,128.143904,37.670945,3104.2349904000002,-91.59,-14.522,199.043,1.0
178.45,128.143879,37.670908,3102.9749472,-91.071,-14.531,198.81,1.0
178.4666,128.143854,37.670871,3101.7109416000003,-90.596,-14.539,198.577,1.0
178.4833,128.143829,37.670834,3100.4432784000005,-90.162,-14.544,198.345,1.0
178.5,128.143804,37.670796,3099.1722624000004,-89.759,-14.544,198.113,1.0
178.5166,128.14378,37.670759,3097.8978936000003,-89.38,-14.54,197.881,1.0
178.5333,128.143756,37.670721,3096.620172,-88.971,-14.527,197.668,1.0
178.55,128.143732,37.670683,3095.3390976,-88.531,-14.508,197.492,1.0
178.5666,128.143708,37.670646,3094.0552800000005,-88.059,-14.485,197.345,1.0
178.5833,128.143684,37.670608,3092.7687192000003,-87.555,-14.461,197.212,1.0
178.6,128.143661,37.67057,3091.4800248,-87.022,-14.437,197.082,1.0
178.6166,128.143637,37.670532,3090.1888920000006,-86.465,-14.414,196.95,1.0
178.6333,128.143614,37.670494,3088.8947112,-85.801,-14.383,196.836,1.0
178.65,128.143591,37.670456,3087.5980920000006,-85.042,-14.346,196.76,1.0
178.6666,128.143568,37.670418,3086.2993392000003,-84.189,-14.308,196.731,1.0
178.6833,128.143546,37.670379,3084.9987576000003,-83.238,-14.27,196.733,1.0
178.7,128.143523,37.670341,3083.6960424,-82.187,-14.232,196.748,1.0
178.7166,128.1435,37.670303,3082.3918032000006,-81.051,-14.195,196.764,1.0
178.7333,128.143478,37.670264,3081.0854304000004,-79.823,-14.16,196.799,1.0
178.75,128.143456,37.670226,3079.7775336,-78.512,-14.131,196.872,1.0
178.7666,128.143433,37.670187,3078.4681127999997,-77.121,-14.106,196.972,1.0
178.7833,128.143411,37.670149,3077.1574728,-75.647,-14.083,197.084,1.0
178.8,128.143389,37.67011,3075.8456136,-74.09,-14.06,197.198,1.0
178.8166,128.143367,37.670071,3074.5325352000004,-72.45,-14.036,197.309,1.0
178.8333,128.143345,37.670033,3073.2185424,-70.734,-14.017,197.432,1.0
178.85,128.143323,37.669994,3071.9033304000004,-68.942,-14.003,197.568,1.0
178.8666,128.143301,37.669955,3070.5875088000003,-67.075,-13.993,197.711,1.0
178.8833,128.14328,37.669916,3069.2707728,-65.133,-13.985,197.853,1.0
178.9,128.143258,37.669877,3067.9531224,-63.117,-13.978,197.993,1.0
178.9166,128.143236,37.669838,3066.6348624,-61.028,-13.971,198.129,1.0
178.9333,128.143215,37.669799,3065.315688,-58.866,-13.964,198.262,1.0
178.95,128.143193,37.66976,3063.9955992,-56.634,-13.959,198.392,1.0
178.9666,128.143172,37.669721,3062.6749008,-54.333,-13.956,198.52,1.0
178.9833,128.14315,37.669682,3061.353288,-51.963,-13.953,198.645,1.0
179.0,128.143129,37.669642,3060.030456,-49.528,-13.951,198.767,1.0
179.0166,128.143107,37.669603,3058.7067096,-47.029,-13.951,198.887,1.0
179.0333,128.143086,37.669564,3057.3817440000003,-44.465,-13.946,198.997,1.0
179.05,128.143064,37.669524,3056.0558640000004,-41.84,-13.936,199.098,1.0
179.0666,128.143043,37.669485,3054.7284600000003,-39.155,-13.923,199.194,1.0
179.0833,128.143022,37.669446,3053.3998368000002,-36.415,-13.91,199.287,1.0
179.1,128.143,37.669406,3052.0693848000005,-33.62,-13.898,199.377,1.0
179.1166,128.142979,37.669367,3050.7374088,-30.774,-13.888,199.467,1.0
179.1333,128.142957,37.669327,3049.4063472,-27.897,-13.862,199.544,1.0
179.15,128.142936,37.669288,3048.074676,-24.998,-13.816,199.606,1.0
179.1666,128.142915,37.669248,3046.7427000000002,-22.084,-13.756,199.661,1.0
179.1833,128.142893,37.669208,3045.4104192000004,-19.163,-13.692,199.712,1.0
179.2,128.142872,37.669169,3044.0778336,-16.239,-13.627,199.765,1.0
179.2166,128.142851,37.669129,3042.7446384,-13.314,-13.564,199.82,1.0
179.2333,128.142829,37.669089,3041.4141864000003,-10.449,-13.483,199.869,1.0
179.25,128.142808,37.66905,3040.0864776000003,-7.64,-13.364,199.91,1.0
179.2666,128.142787,37.66901,3038.7615120000005,-4.88,-13.215,199.951,1.0
179.2833,128.142766,37.66897,3037.437156,-2.161,-13.053,199.997,1.0
179.3,128.142744,37.66893,3036.114324,0.524,-12.887,200.052,1.0
179.3166,128.142723,37.66889,3034.793016,3.186,-12.725,200.118,1.0
179.3333,128.142702,37.66885,3033.4765848,5.747,-12.546,200.187,1.0
179.35,128.142681,37.66881,3032.1644208000002,8.217,-12.338,200.262,1.0
179.3666,128.142659,37.66877,3030.858048,10.612,-12.11,200.348,1.0
179.3833,128.142638,37.66873,3029.5547232000004,12.945,-11.878,200.448,1.0
179.4,128.142617,37.66869,3028.2547512,15.233,-11.65,200.561,1.0
179.4166,128.142595,37.66865,3026.9587416000004,17.489,-11.431,200.685,1.0
179.4333,128.142574,37.66861,3025.6697424,19.649,-11.2,200.821,1.0
179.45,128.142553,37.66857,3024.3874488000006,21.727,-10.951,200.97,1.0
179.4666,128.142531,37.66853,3023.1121656,23.739,-10.696,201.132,1.0
179.4833,128.14251,37.66849,3021.8414544,25.699,-10.443,201.307,1.0
179.5,128.142488,37.668449,3020.5765344,27.621,-10.202,201.492,1.0
179.5166,128.142466,37.668409,3019.3171008000004,29.518,-9.973,201.686,1.0
179.5333,128.142445,37.668369,3018.0665064,31.328,-9.737,201.893,1.0
179.55,128.142423,37.668329,3016.8238368,33.062,-9.489,202.114,1.0
179.5666,128.142401,37.668288,3015.5893968,34.735,-9.239,202.348,1.0
179.5833,128.14238,37.668248,3014.3613576000002,36.361,-8.997,202.591,1.0
179.6,128.142358,37.668208,3013.1406336,37.954,-8.768,202.841,1.0
179.6166,128.142336,37.668168,3011.9266152,39.523,-8.553,203.097,1.0
179.6333,128.142313,37.668127,3010.7223504000003,41.012,-8.334,203.365,1.0
179.65,128.142291,37.668087,3009.5272296000003,42.431,-8.107,203.648,1.0
179.6666,128.142269,37.668047,3008.340948,43.794,-7.881,203.941,1.0
179.6833,128.142247,37.668006,3007.1622864,45.114,-7.664,204.24,1.0
179.7,128.142224,37.667966,3005.9918544,46.402,-7.461,204.543,1.0
179.7166,128.142201,37.667926,3004.8290424,47.67,-7.272,204.848,1.0
179.7333,128.142179,37.667886,3003.6762888000003,48.867,-7.08,205.165,1.0
179.75,128.142156,37.667845,3002.5332888000003,50.002,-6.884,205.495,1.0
179.7666,128.142133,37.667805,3001.3988232,51.09,-6.691,205.832,1.0
179.7833,128.142109,37.667765,3000.2728920000004,52.14,-6.507,206.172,1.0
179.8,128.142086,37.667725,2999.1554952,53.162,-6.337,206.513,1.0
179.8166,128.142063,37.667685,2998.0460232000005,54.167,-6.179,206.852,1.0
179.8333,128.142039,37.667645,2996.9466096,55.116,-6.029,207.189,1.0
179.85,128.142015,37.667604,2995.85634,56.016,-5.886,207.524,1.0
179.8666,128.141991,37.667564,2994.7743,56.878,-5.75,207.857,1.0
179.8833,128.141967,37.667524,2993.7007943999997,57.709,-5.624,208.188,1.0
179.9,128.141943,37.667484,2992.6352136,58.519,-5.508,208.518,1.0
179.9166,128.141919,37.667444,2991.5778624000004,59.314,-5.401,208.847,1.0
179.9333,128.141894,37.667405,2990.5293504,60.065,-5.3,209.173,1.0
179.95,128.141869,37.667365,2989.4896776,60.776,-5.203,209.495,1.0
179.9666,128.141844,37.667325,2988.4576248000003,61.455,-5.112,209.815,1.0
179.9833,128.141819,37.667285,2987.4331920000004,62.11,-5.028,210.134,1.0
180.0,128.141794,37.667246,2986.4166840000003,62.745,-4.95,210.451,1.0
180.0166,128.141768,37.667206,2985.4074912,63.369,-4.88,210.767,1.0
180.0333,128.141743,37.667166,2984.405004,64.051,-4.82,211.084,1.0
180.05,128.141717,37.667127,2983.4086128,64.792,-4.77,211.402,1.0
180.0666,128.141691,37.667087,2982.4174032000005,65.587,-4.728,211.719,1.0
180.0833,128.141665,37.667048,2981.4322896000003,66.427,-4.689,212.033,1.0
180.1,128.141638,37.667008,2980.4526624000005,67.301,-4.652,212.345,1.0
180.1166,128.141612,37.666969,2979.4791312,68.199,-4.62,212.654,1.0
180.1333,128.141585,37.66693,2978.5110864000003,69.04,-4.585,212.958,1.0
180.15,128.141558,37.666891,2977.5491376,69.818,-4.55,213.258,1.0
180.1666,128.141531,37.666851,2976.5938944,70.54,-4.518,213.556,1.0
180.1833,128.141504,37.666812,2975.6444424,71.213,-4.493,213.853,1.0
180.2,128.141476,37.666773,2974.7004768,71.849,-4.476,214.151,1.0
180.2166,128.141449,37.666735,2973.7616928,72.459,-4.466,214.449,1.0
180.2333,128.141421,37.666696,2972.8283952,73.003,-4.457,214.747,1.0
180.25,128.141393,37.666657,2971.900584,73.489,-4.448,215.043,1.0
180.2666,128.141364,37.666618,2970.9776496,73.928,-4.441,215.339,1.0
180.2833,128.141336,37.66658,2970.0595920000005,74.331,-4.437,215.635,1.0
180.3,128.141307,37.666541,2969.1461064,74.707,-4.438,215.931,1.0
180.3166,128.141278,37.666503,2968.236888,75.062,-4.443,216.227,1.0
180.3333,128.141249,37.666465,2967.3325464000004,75.389,-4.449,216.523,1.0
180.35,128.14122,37.666427,2966.4321672,75.693,-4.456,216.818,1.0
180.3666,128.14119,37.666389,2965.5357504000003,75.978,-4.464,217.112,1.0
180.3833,128.141161,37.666351,2964.643296,76.249,-4.474,217.405,1.0
180.4,128.141131,37.666313,2963.7544992,76.51,-4.486,217.697,1.0
180.4166,128.141101,37.666275,2962.8693600000006,76.762,-4.499,217.988,1.0
180.4333,128.14107,37.666237,2961.9878784,77.005,-4.514,218.278,1.0
180.45,128.14104,37.666199,2961.1100544,77.242,-4.529,218.567,1.0
180.4666,128.141009,37.666162,2960.2352784000004,77.473,-4.546,218.855,1.0
180.4833,128.140978,37.666124,2959.3638552,77.699,-4.563,219.142,1.0
180.5,128.140947,37.666087,2958.49548,77.922,-4.581,219.428,1.0
180.5166,128.140916,37.66605,2957.6304576,78.141,-4.6,219.712,1.0
180.5333,128.140884,37.666013,2956.7684832,78.35,-4.62,219.995,1.0
180.55,128.140853,37.665976,2955.909252,78.548,-4.639,220.277,1.0
180.5666,128.140821,37.665939,2955.0530688000003,78.738,-4.659,220.558,1.0
180.5833,128.140789,37.665902,2954.1996288,78.92,-4.68,220.839,1.0
180.6,128.140756,37.665865,2953.3489320000003,79.096,-4.701,221.118,1.0
180.6166,128.140724,37.665829,2952.5006736000005,79.267,-4.723,221.396,1.0
180.6333,128.140691,37.665792,2951.6554632,79.422,-4.745,221.674,1.0
180.65,128.140658,37.665756,2950.8123864000004,79.562,-4.766,221.951,1.0
180.6666,128.140625,37.66572,2949.9720528000003,79.69,-4.788,222.227,1.0
180.6833,128.140592,37.665684,2949.1338528,79.808,-4.81,222.502,1.0
180.7,128.140559,37.665647,2948.298396,79.917,-4.832,222.776,1.0
180.7166,128.140525,37.665612,2947.4647680000003,80.019,-4.855,223.051,1.0
180.7333,128.140491,37.665576,2946.6338832,80.105,-4.877,223.324,1.0
180.75,128.140457,37.66554,2945.8048272,80.176,-4.897,223.597,1.0
180.7666,128.140423,37.665505,2944.9782096000004,80.235,-4.917,223.868,1.0
180.7833,128.140388,37.665469,2944.1537256,80.283,-4.937,224.14,1.0
180.8,128.140354,37.665434,2943.3313752000004,80.321,-4.957,224.41,1.0
180.8166,128.140319,37.665399,2942.5108536,80.352,-4.978,224.681,1.0
180.8333,128.140284,37.665363,2941.6927704,80.371,-4.997,224.951,1.0
180.85,128.140248,37.665328,2940.8765160000003,80.38,-5.014,225.22,1.0
180.8666,128.140213,37.665294,2940.0620904,80.38,-5.031,225.488,1.0
180.8833,128.140177,37.665259,2939.2497984,80.372,-5.047,225.756,1.0
180.9,128.140142,37.665224,2938.4393352000006,80.356,-5.063,226.023,1.0
180.9166,128.140106,37.66519,2937.6310056,80.335,-5.078,226.29,1.0
180.9333,128.140069,37.665155,2936.8245048000003,80.307,-5.092,226.556,1.0
180.95,128.140033,37.665121,2936.0201376,80.273,-5.105,226.822,1.0
180.9666,128.139996,37.665087,2935.2175991999998,80.234,-5.117,227.086,1.0
180.9833,128.13996,37.665053,2934.4168896000006,80.19,-5.128,227.351,1.0
181.0,128.139923,37.665019,2933.6180088,80.141,-5.139,227.615,1.0
181.0166,128.139886,37.664986,2932.8212616,80.088,-5.149,227.878,1.0
181.0333,128.139848,37.664952,2932.0263432,80.036,-5.158,228.141,1.0
181.05,128.139811,37.664919,2931.2332536,79.987,-5.166,228.403,1.0
181.0666,128.139773,37.664885,2930.4419928,79.94,-5.174,228.665,1.0
181.0833,128.139735,37.664852,2929.6525608,79.892,-5.18,228.926,1.0
181.1,128.139697,37.664819,2928.8652624000006,79.845,-5.186,229.187,1.0
181.1166,128.139659,37.664786,2928.0797928,79.796,-5.191,229.447,1.0
181.1333,128.139621,37.664753,2927.2958472,79.764,-5.196,229.706,1.0
181.15,128.139582,37.66472,2926.5137304000004,79.749,-5.202,229.966,1.0
181.1666,128.139544,37.664688,2925.7337472,79.746,-5.209,230.225,1.0
181.1833,128.139505,37.664655,2924.955288,79.755,-5.214,230.483,1.0
181.2,128.139466,37.664623,2924.1786576000004,79.772,-5.218,230.741,1.0
181.2166,128.139426,37.664591,2923.4035512,79.793,-5.221,230.998,1.0
181.2333,128.139387,37.664559,2922.6302736000002,79.827,-5.224,231.254,1.0
181.25,128.139347,37.664527,2921.8591296,79.871,-5.227,231.509,1.0
181.2666,128.139308,37.664495,2921.0892048,79.922,-5.23,231.765,1.0
181.2833,128.139268,37.664464,2920.3211088000003,79.979,-5.233,232.02,1.0
181.3,128.139228,37.664432,2919.5548416,80.039,-5.235,232.274,1.0
181.3166,128.139187,37.664401,2918.7900984000003,80.102,-5.237,232.528,1.0
181.3333,128.139147,37.664369,2918.027184,80.16,-5.238,232.781,1.0
181.35,128.139106,37.664338,2917.2657936,80.213,-5.237,233.034,1.0
181.3666,128.139065,37.664307,2916.506232,80.261,-5.236,233.287,1.0
181.3833,128.139025,37.664276,2915.7481944,80.302,-5.234,233.54,1.0
181.4,128.138983,37.664246,2914.9919856,80.339,-5.233,233.792,1.0
181.4166,128.138942,37.664215,2914.2373008000004,80.371,-5.233,234.045,1.0
181.4333,128.138901,37.664185,2913.4838352000006,80.404,-5.229,234.297,1.0
181.45,128.138859,37.664155,2912.7318936,80.439,-5.223,234.549,1.0
181.4666,128.138817,37.664124,2911.9814760000004,80.473,-5.214,234.801,1.0
181.4833,128.138775,37.664094,2911.2325824000004,80.504,-5.205,235.052,1.0
181.5,128.138733,37.664065,2910.4852127999998,80.53,-5.196,235.304,1.0
181.5166,128.138691,37.664035,2909.7393672,80.552,-5.188,235.556,1.0
181.5333,128.138649,37.664005,2908.9950456,80.564,-5.175,235.806,1.0
181.55,128.138606,37.663976,2908.2519432000004,80.569,-5.156,236.056,1.0
181.5666,128.138563,37.663947,2907.5106696,80.562,-5.134,236.305,1.0
181.5833,128.13852,37.663918,2906.77092,80.544,-5.112,236.555,1.0
181.6,128.138477,37.663889,2906.0329992,80.512,-5.091,236.804,1.0
181.6166,128.138434,37.66386,2905.2966024,80.471,-5.071,237.055,1.0
181.6333,128.138391,37.663831,2904.5620344000004,80.397,-5.049,237.304,1.0
181.65,128.138347,37.663803,2903.8289904,80.296,-5.023,237.554,1.0
181.6666,128.138303,37.663775,2903.09808,80.17,-4.996,237.804,1.0
181.6833,128.13826,37.663747,2902.3689984000002,80.025,-4.969,238.053,1.0
181.7,128.138216,37.663719,2901.6417456000004,79.863,-4.942,238.303,1.0
181.7166,128.138171,37.663691,2900.9163215999997,79.69,-4.916,238.554,1.0
181.7333,128.138127,37.663663,2900.1927264,79.511,-4.889,238.805,1.0
181.75,128.138083,37.663635,2899.4712648,79.33,-4.861,239.056,1.0
181.7666,128.138038,37.663608,2898.751632,79.148,-4.833,239.306,1.0
181.7833,128.137993,37.663581,2898.0341328000004,78.966,-4.803,239.557,1.0
181.8,128.137948,37.663554,2897.3187672,78.783,-4.772,239.807,1.0
181.8166,128.137903,37.663527,2896.6055352000003,78.599,-4.74,240.057,1.0
181.8333,128.137858,37.6635,2895.8944368,78.424,-4.707,240.306,1.0
181.85,128.137813,37.663474,2895.1857768,78.259,-4.675,240.556,1.0
181.8666,128.137767,37.663447,2894.4792504,78.102,-4.641,240.804,1.0
181.8833,128.137721,37.663421,2893.7748576000004,77.95,-4.607,241.053,1.0
181.9,128.137676,37.663395,2893.073208,77.803,-4.571,241.3,1.0
181.9166,128.13763,37.663369,2892.3739968,77.659,-4.534,241.547,1.0
181.9333,128.137584,37.663343,2891.677224,77.525,-4.496,241.794,1.0
181.95,128.137537,37.663317,2890.9828896000004,77.399,-4.459,242.04,1.0
181.9666,128.137491,37.663292,2890.2912984000004,77.28,-4.42,242.286,1.0
181.9833,128.137445,37.663266,2889.6021456000003,77.166,-4.381,242.531,1.0
182.0,128.137398,37.663241,2888.9160408000002,77.055,-4.341,242.776,1.0
182.0166,128.137351,37.663216,2888.2323744,76.947,-4.3,243.021,1.0
182.0333,128.137304,37.663191,2887.5514512,76.849,-4.26,243.265,1.0
182.05,128.137257,37.663166,2886.8732712000005,76.759,-4.219,243.51,1.0
182.0666,128.13721,37.663142,2886.1981392000002,76.676,-4.178,243.753,1.0
182.0833,128.137163,37.663117,2885.5257504,76.598,-4.136,243.997,1.0
182.1,128.137115,37.663093,2884.8561048,76.525,-4.094,244.241,1.0
182.1166,128.137068,37.663069,2884.1895072,76.454,-4.051,244.484,1.0
182.1333,128.13702,37.663045,2883.5256528000004,76.391,-4.008,244.726,1.0
182.15,128.136972,37.663021,2882.8651511999997,76.334,-3.965,244.969,1.0
182.1666,128.136924,37.662998,2882.2073928,76.282,-3.921,245.212,1.0
182.1833,128.136876,37.662974,2881.5526824000003,76.234,-3.878,245.454,1.0
182.2,128.136828,37.662951,2880.9010200000002,76.19,-3.834,245.696,1.0
182.2166,128.13678,37.662928,2880.2524056,76.147,-3.79,245.938,1.0
182.2333,128.136731,37.662905,2879.6068392,76.109,-3.746,246.18,1.0
182.25,128.136683,37.662882,2878.9646256,76.075,-3.702,246.422,1.0
182.2666,128.136634,37.66286,2878.3251552,76.045,-3.658,246.664,1.0
182.2833,128.136585,37.662837,2877.6890375999997,76.018,-3.613,246.906,1.0
182.3,128.136536,37.662815,2877.0562728,75.993,-3.569,247.148,1.0
182.3166,128.136487,37.662793,2876.4262512,75.969,-3.524,247.39,1.0
182.3333,128.136438,37.662771,2875.7995824000004,75.949,-3.48,247.632,1.0
182.35,128.136389,37.662749,2875.1762664000003,75.933,-3.436,247.874,1.0
182.3666,128.136339,37.662727,2874.5559984,75.92,-3.391,248.116,1.0
182.3833,128.13629,37.662706,2873.9387784000005,75.909,-3.347,248.357,1.0
182.4,128.13624,37.662684,2873.3249112000003,75.9,-3.303,248.599,1.0
182.4166,128.13619,37.662663,2872.7143968,75.892,-3.258,248.841,1.0
182.4333,128.136141,37.662642,2872.1072352000006,75.888,-3.214,249.083,1.0
182.45,128.136091,37.662621,2871.5028168000003,75.886,-3.17,249.326,1.0
182.4666,128.13604,37.662601,2870.902056,75.887,-3.126,249.568,1.0
182.4833,128.13599,37.66258,2870.3043432,75.89,-3.082,249.81,1.0
182.5,128.13594,37.66256,2869.7099832,75.894,-3.039,250.052,1.0
182.5166,128.13589,37.66254,2869.118976,75.9,-2.995,250.295,1.0
182.5333,128.135839,37.66252,2868.5313216,75.908,-2.951,250.537,1.0
182.55,128.135788,37.6625,2867.9467152,75.917,-2.908,250.78,1.0
182.5666,128.135738,37.66248,2867.3654616000003,75.928,-2.865,251.022,1.0
182.5833,128.135687,37.662461,2866.7875608,75.94,-2.822,251.265,1.0
182.6,128.135636,37.662442,2866.212708,75.953,-2.779,251.508,1.0
182.6166,128.135585,37.662423,2865.641208,75.967,-2.736,251.751,1.0
182.6333,128.135534,37.662404,2865.0730608,75.982,-2.693,251.994,1.0
182.65,128.135482,37.662385,2864.5082664,75.998,-2.651,252.237,1.0
182.6666,128.135431,37.662366,2863.9468248000003,76.014,-2.608,252.48,1.0
182.6833,128.13538,37.662348,2863.3884312,76.031,-2.566,252.724,1.0
182.7,128.135328,37.66233,2862.8336952,76.049,-2.524,252.967,1.0
182.7166,128.135276,37.662312,2862.2820072000004,76.067,-2.482,253.211,1.0
182.7333,128.135225,37.662294,2861.7333672,76.085,-2.44,253.455,1.0
182.75,128.135173,37.662276,2861.1883848,76.104,-2.399,253.699,1.0
182.7666,128.135121,37.662258,2860.6464504,76.122,-2.357,253.943,1.0
182.7833,128.135069,37.662241,2860.1081736000006,76.141,-2.316,254.187,1.0
182.8,128.135017,37.662224,2859.57264,76.161,-2.275,254.432,1.0
182.8166,128.134964,37.662207,2859.0407640000003,76.181,-2.234,254.676,1.0
182.8333,128.134912,37.66219,2858.511936,76.201,-2.193,254.921,1.0
182.85,128.13486,37.662173,2857.9867656,76.222,-2.153,255.166,1.0
182.8666,128.134807,37.662157,2857.4643384,76.243,-2.112,255.41,1.0
182.8833,128.134755,37.66214,2856.9455688000003,76.264,-2.072,255.656,1.0
182.9,128.134702,37.662124,2856.4298472,76.287,-2.032,255.901,1.0
182.9166,128.134649,37.662108,2855.9174784000006,76.309,-1.992,256.146,1.0
182.9333,128.134596,37.662093,2855.4084624,76.332,-1.953,256.391,1.0
182.95,128.134544,37.662077,2854.9024944,76.356,-1.913,256.637,1.0
182.9666,128.134491,37.662062,2854.3998792,76.381,-1.874,256.883,1.0
182.9833,128.134437,37.662046,2853.9006168000005,76.406,-1.835,257.129,1.0
183.0,128.134384,37.662031,2853.4044024,76.431,-1.796,257.375,1.0
183.0166,128.134331,37.662016,2852.9115408000002,76.458,-1.758,257.621,1.0
183.0333,128.134278,37.662002,2852.4217272,76.484,-1.719,257.867,1.0
183.05,128.134224,37.661987,2851.9352664000003,76.512,-1.681,258.113,1.0
183.0666,128.134171,37.661973,2851.4518536,76.539,-1.643,258.36,1.0
183.0833,128.134117,37.661959,2850.9717936,76.567,-1.605,258.606,1.0
183.1,128.134064,37.661945,2850.4950864,76.596,-1.567,258.853,1.0
183.1166,128.13401,37.661931,2850.0214272000003,76.625,-1.53,259.1,1.0
183.1333,128.133956,37.661917,2849.550816,76.655,-1.492,259.347,1.0
183.15,128.133902,37.661904,2849.0835576000004,76.684,-1.455,259.594,1.0
183.1666,128.133848,37.661891,2848.619652,76.714,-1.418,259.841,1.0
183.1833,128.133794,37.661878,2848.1584896000004,76.744,-1.381,260.088,1.0
183.2,128.13374,37.661865,2847.7009848000002,76.775,-1.344,260.336,1.0
183.2166,128.133686,37.661852,2847.2462232000003,76.805,-1.308,260.583,1.0
183.2333,128.133632,37.66184,2846.7948144,76.836,-1.272,260.831,1.0
183.25,128.133578,37.661827,2846.3464536,76.867,-1.235,261.079,1.0
183.2666,128.133524,37.661815,2845.9011408,76.897,-1.199,261.327,1.0
183.2833,128.133469,37.661803,2845.4591808,76.928,-1.163,261.575,1.0
183.3,128.133415,37.661791,2845.0202688000004,76.959,-1.128,261.823,1.0
183.3166,128.13336,37.66178,2844.5844048000004,76.99,-1.092,262.071,1.0
183.3333,128.133306,37.661768,2844.1515888000004,77.021,-1.057,262.32,1.0
183.35,128.133251,37.661757,2843.7221256000003,77.052,-1.022,262.568,1.0
183.3666,128.133196,37.661746,2843.2954056000003,77.082,-0.987,262.817,1.0
183.3833,128.133142,37.661735,2842.8720384000003,77.112,-0.952,263.065,1.0
183.4,128.133087,37.661725,2842.4517192000003,77.143,-0.917,263.314,1.0
183.4166,128.133032,37.661714,2842.0344480000003,77.173,-0.883,263.563,1.0
183.4333,128.132977,37.661704,2841.6202248,77.203,-0.848,263.812,1.0
183.45,128.132922,37.661694,2841.2087448,77.232,-0.814,264.062,1.0
183.4666,128.132867,37.661684,2840.8006176,77.261,-0.78,264.311,1.0
183.4833,128.132812,37.661674,2840.3955384,77.289,-0.746,264.56,1.0
183.5,128.132757,37.661665,2839.9935072000003,77.317,-0.712,264.81,1.0
183.5166,128.132702,37.661655,2839.594524,77.345,-0.678,265.06,1.0
183.5333,128.132647,37.661646,2839.1985888000004,77.372,-0.645,265.31,1.0
183.55,128.132591,37.661637,2838.8053968,77.399,-0.611,265.559,1.0
183.5666,128.132536,37.661629,2838.4155576000003,77.424,-0.578,265.809,1.0
183.5833,128.132481,37.66162,2838.0284616000004,77.449,-0.545,266.06,1.0
183.6,128.132425,37.661612,2837.6444136,77.474,-0.512,266.31,1.0
183.6166,128.13237,37.661604,2837.2634136,77.498,-0.479,266.56,1.0
183.6333,128.132314,37.661596,2836.8854616000003,77.521,-0.446,266.811,1.0
183.65,128.132259,37.661588,2836.5102528,77.543,-0.413,267.061,1.0
183.6666,128.132203,37.66158,2836.1380920000006,77.564,-0.38,267.312,1.0
183.6833,128.132148,37.661573,2835.7689792,77.584,-0.348,267.563,1.0
183.7,128.132092,37.661565,2835.4029144000006,77.604,-0.315,267.814,1.0
183.7166,128.132037,37.661558,2835.0395928000003,77.623,-0.283,268.065,1.0
183.7333,128.131981,37.661552,2834.679624,77.641,-0.251,268.316,1.0
183.75,128.131925,37.661545,2834.3220936000002,77.657,-0.219,268.567,1.0
183.7666,128.131869,37.661538,2833.967916,77.673,-0.186,268.818,1.0
183.7833,128.131814,37.661532,2833.6164816,77.687,-0.154,269.069,1.0
183.8,128.131758,37.661526,2833.2680952,77.7,-0.122,269.321,1.0
183.8166,128.131702,37.66152,2832.9224520000002,77.714,-0.09,269.572,1.0
183.8333,128.131646,37.661515,2832.5798568,77.725,-0.058,269.824,1.0
183.85,128.13159,37.661509,2832.2403096000003,77.734,-0.026,270.075,1.0
183.8666,128.131534,37.661504,2831.9035056000002,77.742,0.005,270.327,1.0
183.8833,128.131478,37.661499,2831.5697496000003,77.749,0.037,270.579,1.0
183.9,128.131422,37.661494,2831.2390416000003,77.755,0.069,270.831,1.0
183.9166,128.131366,37.661489,2830.9110768,77.76,0.101,271.083,1.0
183.9333,128.13131,37.661484,2830.5861600000003,77.763,0.133,271.335,1.0
183.95,128.131254,37.66148,2830.2639864000002,77.763,0.166,271.587,1.0
183.9666,128.131198,37.661476,2829.9448608,77.761,0.198,271.839,1.0
183.9833,128.131142,37.661472,2829.6287832,77.757,0.231,272.091,1.0
184.0,128.131086,37.661468,2829.3157536,77.751,0.263,272.343,1.0
184.0166,128.13103,37.661465,2829.0054672,77.745,0.295,272.596,1.0
184.0333,128.130974,37.661461,2828.6982288,77.732,0.328,272.848,1.0
184.05,128.130918,37.661458,2828.3940384,77.714,0.362,273.1,1.0
184.0666,128.130861,37.661455,2828.0925912000002,77.69,0.396,273.353,1.0
184.0833,128.130805,37.661452,2827.7944967999997,77.662,0.43,273.605,1.0
184.1,128.130749,37.66145,2827.4994504,77.631,0.464,273.857,1.0
184.1166,128.130693,37.661447,2827.2071472000002,77.597,0.498,274.11,1.0
184.1333,128.130637,37.661445,2826.9181968,77.554,0.533,274.363,1.0
184.15,128.13058,37.661443,2826.6322944,77.502,0.569,274.615,1.0
184.1666,128.130524,37.661442,2826.34944,77.442,0.606,274.868,1.0
184.1833,128.130468,37.66144,2826.0696336,77.376,0.643,275.12,1.0
184.2,128.130412,37.661439,2825.79318,77.305,0.68,275.373,1.0
184.2166,128.130356,37.661437,2825.5197744,77.23,0.717,275.625,1.0
184.2333,128.130299,37.661436,2825.2500264,77.14,0.755,275.878,1.0
184.25,128.130243,37.661436,2824.9833264,77.036,0.796,276.13,1.0
184.2666,128.130187,37.661435,2824.7199792,76.921,0.837,276.383,1.0
184.2833,128.130131,37.661435,2824.4599848000003,76.796,0.879,276.635,1.0
184.3,128.130075,37.661434,2824.203648,76.663,0.921,276.887,1.0
184.3166,128.130018,37.661434,2823.9506640000004,76.524,0.963,277.14,1.0
184.3333,128.129962,37.661435,2823.7013376,76.366,1.008,277.392,1.0
184.35,128.129906,37.661435,2823.4556688000002,76.191,1.055,277.644,1.0
184.3666,128.12985,37.661436,2823.2136576000003,76.001,1.103,277.896,1.0
184.3833,128.129794,37.661436,2822.9756088,75.799,1.152,278.147,1.0
184.4,128.129737,37.661437,2822.7412176,75.587,1.202,278.399,1.0
184.4166,128.129681,37.661439,2822.5107888000002,75.368,1.252,278.651,1.0
184.4333,128.129625,37.66144,2822.2837128,75.158,1.301,278.903,1.0
184.45,128.129569,37.661442,2822.060904,74.959,1.35,279.156,1.0
184.4666,128.129513,37.661443,2821.841448,74.769,1.4,279.408,1.0
184.4833,128.129457,37.661445,2821.6262592000003,74.589,1.451,279.66,1.0
184.5,128.129401,37.661447,2821.4150328000005,74.416,1.504,279.911,1.0
184.5166,128.129345,37.66145,2821.2080736000003,74.247,1.559,280.162,1.0
184.5333,128.129289,37.661452,2821.004772,74.094,1.613,280.411,1.0
184.55,128.129233,37.661455,2820.8057375999997,73.955,1.668,280.661,1.0
184.5666,128.129177,37.661458,2820.6106656,73.826,1.723,280.91,1.0
184.5833,128.129121,37.661461,2820.4201656,73.706,1.778,281.159,1.0
184.6,128.129065,37.661464,2820.2339328000003,73.593,1.835,281.407,1.0
184.6166,128.129009,37.661468,2820.0519672,73.485,1.894,281.654,1.0
184.6333,128.128953,37.661471,2819.8742688,73.388,1.952,281.901,1.0
184.65,128.128897,37.661475,2819.7008376,73.299,2.01,282.148,1.0
184.6666,128.128841,37.661479,2819.5319784000003,73.217,2.068,282.395,1.0
184.6833,128.128785,37.661484,2819.3676912,73.142,2.127,282.641,1.0
184.7,128.128729,37.661488,2819.2079760000006,73.07,2.187,282.887,1.0
184.7166,128.128674,37.661493,2819.052528,73.002,2.247,283.132,1.0
184.7333,128.128618,37.661497,2818.901652,72.945,2.307,283.378,1.0
184.75,128.128562,37.661502,2818.755348,72.898,2.366,283.623,1.0
184.7666,128.128506,37.661507,2818.6133112,72.859,2.425,283.869,1.0
184.7833,128.128451,37.661513,2818.4761512,72.827,2.484,284.114,1.0
184.8,128.128395,37.661518,2818.3435632,72.801,2.544,284.36,1.0
184.8166,128.12834,37.661524,2818.2155472,72.779,2.605,284.604,1.0
184.8333,128.128284,37.66153,2818.0917984000002,72.773,2.664,284.849,1.0
184.85,128.128228,37.661536,2817.9726216,72.78,2.721,285.095,1.0
184.8666,128.128173,37.661542,2817.8580168000003,72.8,2.778,285.34,1.0
184.8833,128.128118,37.661549,2817.747984,72.831,2.835,285.586,1.0
184.9,128.128062,37.661555,2817.6425232,72.87,2.893,285.831,1.0
184.9166,128.128007,37.661562,2817.5416344,72.915,2.95,286.075,1.0
184.9333,128.127951,37.661569,2817.4453176,72.969,3.007,286.32,1.0
184.95,128.127896,37.661576,2817.3535728,73.029,3.064,286.565,1.0
184.9666,128.127841,37.661584,2817.2660952,73.095,3.12,286.81,1.0
184.9833,128.127786,37.661591,2817.1834943999997,73.165,3.175,287.054,1.0
185.0,128.127731,37.661599,2817.1051608,73.24,3.23,287.299,1.0
185.0166,128.127675,37.661607,2817.0313992,73.317,3.285,287.544,1.0
185.0333,128.12762,37.661615,2816.9622096000003,73.395,3.339,287.789,1.0
185.05,128.127565,37.661623,2816.8975920000003,73.475,3.394,288.035,1.0
185.0666,128.12751,37.661632,2816.8372416,73.555,3.447,288.28,1.0
185.0833,128.127456,37.66164,2816.7814632,73.636,3.501,288.526,1.0
185.1,128.127401,37.661649,2816.7302568,73.718,3.553,288.772,1.0
185.1166,128.127346,37.661658,2816.6830128,73.8,3.606,289.018,1.0
185.1333,128.127291,37.661667,2816.6406456,73.88,3.658,289.265,1.0
185.15,128.127236,37.661677,2816.6025456,73.959,3.709,289.511,1.0
185.1666,128.127182,37.661686,2816.5687128,74.036,3.761,289.758,1.0
185.1833,128.127127,37.661696,2816.539452,74.113,3.812,290.005,1.0
185.2,128.127073,37.661706,2816.5141536,74.188,3.862,290.253,1.0
185.2166,128.127018,37.661716,2816.4934272,74.263,3.912,290.5,1.0
185.2333,128.126964,37.661727,2816.476968,74.332,3.962,290.748,1.0
185.25,128.12691,37.661737,2816.4650807999997,74.395,4.012,290.996,1.0
185.2666,128.126855,37.661748,2816.457156,74.453,4.063,291.244,1.0
185.2833,128.126801,37.661759,2816.4538032000005,74.507,4.113,291.493,1.0
185.3,128.126747,37.66177,2816.4544128,74.557,4.162,291.741,1.0
185.3166,128.126693,37.661781,2816.4592896000004,74.606,4.211,291.991,1.0
185.3333,128.126639,37.661792,2816.4687384,74.643,4.26,292.24,1.0
185.35,128.126585,37.661804,2816.4824544000003,74.672,4.31,292.489,1.0
185.3666,128.126531,37.661816,2816.5004375999997,74.692,4.36,292.738,1.0
185.3833,128.126477,37.661828,2816.522688,74.705,4.41,292.988,1.0
185.4,128.126424,37.66184,2816.5492056000003,74.713,4.46,293.238,1.0
185.4166,128.12637,37.661852,2816.5799904,74.718,4.509,293.488,1.0
185.4333,128.126317,37.661865,2816.6153472,74.705,4.559,293.738,1.0
185.45,128.126263,37.661878,2816.6549712000005,74.679,4.611,293.988,1.0
185.4666,128.12621,37.661891,2816.6988624000005,74.639,4.664,294.238,1.0
185.4833,128.126156,37.661904,2816.7473256000003,74.589,4.716,294.488,1.0
185.5,128.126103,37.661917,2816.8003608,74.529,4.769,294.738,1.0
185.5166,128.12605,37.661931,2816.8573584,74.464,4.82,294.989,1.0
185.5333,128.125997,37.661944,2816.9195376,74.372,4.875,295.239,1.0
185.55,128.125944,37.661958,2816.9862888000002,74.256,4.932,295.489,1.0
185.5666,128.125891,37.661972,2817.0576120000005,74.119,4.991,295.739,1.0
185.5833,128.125838,37.661986,2817.1335072,73.964,5.05,295.988,1.0
185.6,128.125785,37.662001,2817.2142792,73.795,5.109,296.238,1.0
185.6166,128.125733,37.662015,2817.2999280000004,73.616,5.167,296.489,1.0
185.6333,128.12568,37.66203,2817.3907584,73.388,5.226,296.725,1.0
185.65,128.125628,37.662045,2817.4867704000003,73.114,5.286,296.946,1.0
185.6666,128.125576,37.66206,2817.5882688,72.803,5.345,297.159,1.0
185.6833,128.125523,37.662076,2817.6949488000005,72.459,5.405,297.37,1.0
185.7,128.125471,37.662091,2817.8071151999998,72.092,5.464,297.582,1.0
185.7166,128.125419,37.662107,2817.9244632,71.706,5.525,297.796,1.0
185.7333,128.125367,37.662123,2818.046688,71.353,5.577,297.995,1.0
185.75,128.125315,37.662139,2818.1734848,71.033,5.614,298.158,1.0
185.7666,128.125263,37.662155,2818.3045488000002,70.744,5.635,298.275,1.0
185.7833,128.125212,37.662172,2818.4401848,70.481,5.647,298.359,1.0
185.8,128.12516,37.662188,2818.5806976,70.24,5.658,298.43,1.0
185.8166,128.125108,37.662205,2818.7257824000003,70.016,5.672,298.5,1.0
185.8333,128.125057,37.662222,2818.8760488000003,69.728,5.688,298.548,1.0
185.85,128.125005,37.662239,2819.0311920000004,69.371,5.698,298.558,1.0
185.8666,128.124954,37.662256,2819.1924312,68.951,5.698,298.534,1.0
185.8833,128.124903,37.662273,2819.3591568,68.477,5.691,298.494,1.0
185.9,128.124852,37.662291,2819.5310640000002,67.962,5.681,298.453,1.0
185.9166,128.124801,37.662308,2819.707848,67.417,5.67,298.419,1.0
185.9333,128.124749,37.662326,2819.8904232000004,66.758,5.659,298.37,1.0
185.95,128.124699,37.662344,2820.0787896,65.994,5.646,298.299,1.0
185.9666,128.124648,37.662362,2820.2735568000003,65.124,5.631,298.215,1.0
185.9833,128.124597,37.66238,2820.4750296,64.15,5.615,298.129,1.0
186.0,128.124546,37.662398,2820.6835128,63.075,5.6,298.047,1.0
186.0166,128.124496,37.662417,2820.8980920000004,61.916,5.586,297.972,1.0
186.0333,128.124445,37.662435,2821.1202912000003,60.665,5.567,297.892,1.0
186.05,128.124395,37.662454,2821.3488912000003,59.327,5.544,297.807,1.0
186.0666,128.124345,37.662473,2821.5845016,57.91,5.519,297.722,1.0
186.0833,128.124294,37.662492,2821.8271224,56.417,5.494,297.639,1.0
186.1,128.124244,37.662511,2822.0764488000004,54.859,5.471,297.561,1.0
186.1166,128.124194,37.66253,2822.3324807999998,53.252,5.448,297.49,1.0
186.1333,128.124144,37.662549,2822.594304,51.609,5.418,297.416,1.0
186.15,128.124094,37.662569,2822.862528,49.941,5.381,297.34,1.0
186.1666,128.124044,37.662588,2823.136848,48.259,5.339,297.265,1.0
186.1833,128.123994,37.662607,2823.4169592000003,46.569,5.296,297.192,1.0
186.2,128.123944,37.662627,2823.7028616000002,44.875,5.255,297.124,1.0
186.2166,128.123894,37.662646,2823.9948600000002,43.18,5.215,297.061,1.0
186.2333,128.123844,37.662666,2824.29204,41.758,5.158,297.016,1.0
186.25,128.123795,37.662686,2824.5934872000003,40.593,5.085,296.989,1.0
186.2666,128.123745,37.662705,2824.8976776000004,39.691,5.006,296.972,1.0
186.2833,128.123695,37.662725,2825.2040016,39.052,4.929,296.957,1.0
186.3,128.123645,37.662745,2825.5121544000003,38.668,4.858,296.94,1.0
186.3166,128.123595,37.662765,2825.8215264,38.522,4.794,296.922,1.0
186.3333,128.123546,37.662785,2826.1305936000003,38.567,4.736,296.902,1.0
186.35,128.123496,37.662805,2826.439356,38.749,4.686,296.877,1.0
186.3666,128.123446,37.662825,2826.747204,39.021,4.643,296.849,1.0
186.3833,128.123396,37.662844,2827.0556616000003,39.349,4.605,296.818,1.0
186.4,128.123346,37.662864,2827.3650336,39.709,4.571,296.785,1.0
186.4166,128.123296,37.662884,2827.67532,40.084,4.539,296.752,1.0
186.4333,128.123246,37.662904,2827.9837776000004,40.498,4.507,296.722,1.0
186.45,128.123197,37.662924,2828.2919304,40.947,4.474,296.694,1.0
186.4666,128.123147,37.662945,2828.600388,41.424,4.441,296.667,1.0
186.4833,128.123097,37.662965,2828.9088456000004,41.925,4.41,296.641,1.0
186.5,128.123047,37.662985,2829.2169984,42.444,4.381,296.615,1.0
186.5166,128.122997,37.663005,2829.5248464000006,42.976,4.353,296.588,1.0
186.5333,128.122947,37.663025,2829.8317800000004,43.529,4.327,296.562,1.0
186.55,128.122897,37.663045,2830.1387136000003,44.098,4.301,296.537,1.0
186.5666,128.122847,37.663065,2830.4453424,44.68,4.276,296.513,1.0
186.5833,128.122797,37.663085,2830.7513616,45.273,4.252,296.49,1.0
186.6,128.122747,37.663106,2831.0567712,45.873,4.229,296.466,1.0
186.6166,128.122697,37.663126,2831.3618760000004,46.479,4.208,296.444,1.0
186.6333,128.122647,37.663146,2831.6657616,47.096,4.187,296.422,1.0
186.65,128.122597,37.663166,2831.9690376,47.723,4.166,296.4,1.0
186.6666,128.122547,37.663187,2832.271704,48.357,4.147,296.38,1.0
186.6833,128.122497,37.663207,2832.573456,48.999,4.128,296.36,1.0
186.7,128.122446,37.663227,2832.8745984,49.646,4.11,296.341,1.0
186.7166,128.122396,37.663248,2833.1745216,50.296,4.093,296.322,1.0
186.7333,128.122346,37.663268,2833.4747496,50.763,4.089,296.294,1.0
186.75,128.122296,37.663288,2833.7749776,51.056,4.098,296.257,1.0
186.7666,128.122246,37.663309,2834.0764248,51.173,4.111,296.218,1.0
186.7833,128.122196,37.663329,2834.3797008,51.112,4.123,296.18,1.0
186.8,128.122146,37.66335,2834.6845008000005,50.882,4.132,296.146,1.0
186.8166,128.122096,37.66337,2834.9917392,50.497,4.137,296.115,1.0
186.8333,128.122046,37.663391,2835.3014160000002,49.97,4.141,296.087,1.0
186.85,128.121995,37.663412,2835.6144456,49.314,4.144,296.06,1.0
186.8666,128.121945,37.663432,2835.9308280000005,48.541,4.147,296.035,1.0
186.8833,128.121896,37.663453,2836.2511728,47.659,4.15,296.01,1.0
186.9,128.121846,37.663474,2836.5736512,46.688,4.151,295.988,1.0
186.9166,128.121796,37.663495,2836.898568,45.652,4.151,295.968,1.0
186.9333,128.121746,37.663516,2837.2250088,44.583,4.146,295.952,1.0
186.95,128.121696,37.663536,2837.5526688000004,43.498,4.139,295.941,1.0
186.9666,128.121646,37.663557,2837.8821576000005,42.409,4.131,295.933,1.0
186.9833,128.121596,37.663578,2838.2128656,41.324,4.123,295.926,1.0
187.0,128.121546,37.663599,2838.5450976,40.245,4.115,295.92,1.0
187.0166,128.121496,37.66362,2838.8788535999997,39.173,4.107,295.915,1.0
187.0333,128.121446,37.663641,2839.2159624000005,38.071,4.102,295.908,1.0
187.05,128.121397,37.663662,2839.556424,36.938,4.099,295.898,1.0
187.0666,128.121347,37.663683,2839.8987144000002,35.78,4.096,295.889,1.0
187.0833,128.121297,37.663704,2840.2437480000003,34.6,4.092,295.881,1.0
187.1,128.121247,37.663725,2840.5912200000002,33.405,4.086,295.876,1.0
187.1166,128.121197,37.663747,2840.9411304000005,32.202,4.079,295.872,1.0
187.1333,128.121148,37.663768,2841.2953079999997,30.951,4.073,295.867,1.0
187.15,128.121098,37.663789,2841.6537528000003,29.658,4.069,295.859,1.0
187.1666,128.121048,37.66381,2842.0152456,28.331,4.065,295.852,1.0
187.1833,128.120998,37.663831,2842.3797864000003,26.978,4.06,295.846,1.0
187.2,128.120949,37.663853,2842.7479848000003,25.607,4.054,295.842,1.0
187.2166,128.120899,37.663874,2843.1189264,24.226,4.046,295.841,1.0
187.2333,128.120849,37.663895,2843.4956592000003,22.8,4.039,295.838,1.0
187.25,128.1208,37.663916,2843.8775736000002,21.333,4.034,295.834,1.0
187.2666,128.12075,37.663938,2844.2634504000002,19.826,4.029,295.828,1.0
187.2833,128.1207,37.663959,2844.654204,18.282,4.023,295.823,1.0
187.3,128.120651,37.66398,2845.0492248,16.71,4.016,295.82,1.0
187.3166,128.120601,37.664002,2845.4485128,15.119,4.008,295.82,1.0
187.3333,128.120551,37.664023,2845.8538968,13.497,4.0,295.82,1.0
187.35,128.120502,37.664044,2846.2635480000004,11.85,3.992,295.82,1.0
187.3666,128.120452,37.664066,2846.6783808,10.178,3.984,295.82,1.0
187.3833,128.120403,37.664087,2847.0983952,8.484,3.976,295.82,1.0
187.4,128.120353,37.664108,2847.5235912000003,6.769,3.967,295.821,1.0
187.4166,128.120303,37.66413,2847.953664,5.035,3.958,295.824,1.0
187.4333,128.120254,37.664151,2848.3889184000004,3.285,3.949,295.827,1.0
187.45,128.120204,37.664172,2848.8293544000003,1.52,3.939,295.83,1.0
187.4666,128.120155,37.664194,2849.274972,-0.257,3.929,295.835,1.0
187.4833,128.120105,37.664215,2849.7257712000005,-2.047,3.92,295.84,1.0
187.5,128.120056,37.664236,2850.181752,-3.846,3.91,295.846,1.0
187.5166,128.120006,37.664257,2850.6429144000003,-5.655,3.899,295.852,1.0
187.5333,128.119956,37.664279,2851.1089536,-7.471,3.889,295.86,1.0
187.55,128.119907,37.6643,2851.5804792,-9.294,3.879,295.867,1.0
187.5666,128.119857,37.664321,2852.0565768,-11.123,3.868,295.876,1.0
187.5833,128.119808,37.664342,2852.537856,-12.958,3.858,295.885,1.0
187.6,128.119758,37.664364,2853.0240120000003,-14.796,3.847,295.894,1.0
187.6166,128.119708,37.664385,2853.5150448,-16.639,3.837,295.904,1.0
187.6333,128.119659,37.664406,2854.0109544,-18.485,3.827,295.915,1.0
187.65,128.119609,37.664427,2854.5114360000002,-20.334,3.816,295.926,1.0
187.6666,128.119559,37.664448,2855.0167944,-22.185,3.806,295.938,1.0
187.6833,128.11951,37.664469,2855.52642,-24.038,3.796,295.95,1.0
187.7,128.11946,37.66449,2856.0403128,-25.894,3.787,295.962,1.0
187.7166,128.11941,37.664511,2856.5584728000003,-27.751,3.777,295.975,1.0
187.7333,128.11936,37.664532,2857.0809,-29.61,3.768,295.989,1.0
187.75,128.119311,37.664553,2857.6072896000005,-31.471,3.759,296.002,1.0
187.7666,128.119261,37.664574,2858.1373368000004,-33.333,3.75,296.016,1.0
187.7833,128.119211,37.664594,2858.6713464000004,-35.197,3.742,296.031,1.0
187.8,128.119161,37.664615,2859.208404,-37.062,3.733,296.045,1.0
187.8166,128.119111,37.664636,2859.7491192,-38.928,3.726,296.06,1.0
187.8333,128.119061,37.664657,2860.2928824000005,-40.796,3.718,296.075,1.0
187.85,128.119012,37.664677,2860.8396936000004,-42.666,3.711,296.09,1.0
187.8666,128.118962,37.664698,2861.3889432,-44.538,3.705,296.105,1.0
187.8833,128.118912,37.664718,2861.940936,-46.411,3.699,296.121,1.0
187.9,128.118862,37.664739,2862.4950624000003,-48.286,3.693,296.136,1.0
187.9166,128.118812,37.664759,2863.0513224,-50.164,3.688,296.152,1.0
187.9333,128.118761,37.664779,2863.6100208000003,-52.044,3.696,296.151,1.0
187.95,128.118711,37.664799,2864.170548,-53.929,3.723,296.125,1.0
187.9666,128.118661,37.66482,2864.732904,-55.818,3.764,296.079,1.0
187.9833,128.118611,37.66484,2865.2970888,-57.709,3.81,296.024,1.0
188.0,128.118561,37.66486,2865.8624928,-59.603,3.857,295.966,1.0
188.0166,128.118511,37.66488,2866.4291160000002,-61.496,3.9,295.908,1.0
188.0333,128.11846,37.6649,2866.9969584,-63.39,3.949,295.833,1.0
188.05,128.11841,37.664919,2867.5663248,-65.286,4.007,295.733,1.0
188.0666,128.118359,37.664939,2868.1363008000003,-67.183,4.069,295.615,1.0
188.0833,128.118309,37.664959,2868.7065816,-69.082,4.13,295.488,1.0
188.1,128.118259,37.664978,2869.2777768,-70.981,4.187,295.36,1.0
188.1166,128.118208,37.664998,2869.8486672,-72.879,4.239,295.233,1.0
188.1333,128.118157,37.665017,2870.4198624000005,-74.779,4.289,295.091,1.0
188.15,128.118107,37.665037,2870.9907528000003,-76.68,4.337,294.935,1.0
188.1666,128.118056,37.665056,2871.5610336,-78.583,4.382,294.771,1.0
188.1833,128.118005,37.665075,2872.1300952,-80.489,4.42,294.604,1.0
188.2,128.117954,37.665094,2872.6979376,-82.399,4.452,294.439,1.0
188.2166,128.117903,37.665113,2873.264256,-84.315,4.477,294.278,1.0
188.2333,128.117853,37.665132,2873.8284408,-86.237,4.496,294.111,1.0
188.25,128.117801,37.66515,2874.3901872,-88.167,4.508,293.938,1.0
188.2666,128.11775,37.665169,2874.9488856,-90.106,4.514,293.764,1.0
188.2833,128.117699,37.665187,2875.504536,-92.056,4.513,293.591,1.0
188.3,128.117648,37.665206,2876.0565288,-94.018,4.505,293.421,1.0
188.3166,128.117597,37.665224,2876.6045592,-95.991,4.491,293.255,1.0
188.3333,128.117545,37.665242,2877.1477128,-97.979,4.469,293.088,1.0
188.35,128.117494,37.66526,2877.6859896000005,-99.98,4.44,292.921,1.0
188.3666,128.117443,37.665278,2878.2184752000003,-101.997,4.405,292.755,1.0
188.3833,128.117391,37.665296,2878.7451696,-104.029,4.363,292.592,1.0
188.4,128.117339,37.665314,2879.2654632,-106.079,4.314,292.432,1.0
188.4166,128.117288,37.665331,2879.7787464000003,-108.146,4.259,292.276,1.0
188.4333,128.117236,37.665349,2880.2844096000003,-110.23,4.197,292.122,1.0
188.45,128.117184,37.665366,2880.7824528,-112.334,4.128,291.969,1.0
188.4666,128.117132,37.665383,2881.2719616000004,-114.456,4.053,291.819,1.0
188.4833,128.11708,37.665401,2881.7526312,-116.598,3.971,291.673,1.0
188.5,128.117028,37.665418,2882.2241568,-118.759,3.883,291.531,1.0
188.5166,128.116976,37.665435,2882.6856239999997,-120.941,3.789,291.394,1.0
188.5333,128.116924,37.665452,2883.1367280000004,-123.143,3.686,291.255,1.0
188.55,128.116872,37.665468,2883.5768592000004,-125.366,3.573,291.117,1.0
188.5666,128.11682,37.665485,2884.0060176,-127.61,3.453,290.98,1.0
188.5833,128.116767,37.665501,2884.4232888,-129.875,3.326,290.848,1.0
188.6,128.116715,37.665518,2884.828368,-132.16,3.194,290.721,1.0
188.6166,128.116663,37.665534,2885.2209504,-134.466,3.056,290.602,1.0
188.6333,128.11661,37.665551,2885.6013408000003,-136.779,2.911,290.485,1.0
188.65,128.116558,37.665567,2885.9686248000003,-139.096,2.758,290.37,1.0
188.6666,128.116505,37.665583,2886.3228024,-141.417,2.598,290.26,1.0
188.6833,128.116452,37.665599,2886.6629592000004,-143.74,2.433,290.156,1.0
188.7,128.1164,37.665615,2886.9894,-146.065,2.263,290.06,1.0
188.7166,128.116347,37.665631,2887.30182,-148.393,2.09,289.972,1.0
188.7333,128.116294,37.665647,2887.6008288,-150.706,1.907,289.887,1.0
188.75,128.116242,37.665663,2887.8849024,-153.006,1.716,289.806,1.0
188.7666,128.116189,37.665678,2888.1543456000004,-155.297,1.518,289.732,1.0
188.7833,128.116136,37.665694,2888.4085488000005,-157.58,1.315,289.666,1.0
188.8,128.116083,37.66571,2888.6475120000005,-159.859,1.11,289.609,1.0
188.8166,128.11603,37.665725,2888.8709304000004,-162.137,0.903,289.563,1.0
188.8333,128.115977,37.665741,2889.0794136,-164.403,0.691,289.524,1.0
188.85,128.115924,37.665757,2889.2720472,-166.659,0.472,289.491,1.0
188.8666,128.115871,37.665772,2889.4485264,-168.909,0.251,289.468,1.0
188.8833,128.115818,37.665788,2889.6088511999997,-171.154,0.027,289.453,1.0
188.9,128.115765,37.665803,2889.7530216,-173.398,-0.195,289.449,1.0
188.9166,128.115712,37.665819,2889.8807328000003,-175.641,-0.418,289.454,1.0
188.9333,128.115659,37.665834,2889.9928992,-177.875,-0.644,289.468,1.0
188.95,128.115606,37.66585,2890.0886064,179.897,-0.873,289.491,1.0
188.9666,128.115553,37.665865,2890.1678544,177.676,-1.103,289.523,1.0
188.9833,128.1155,37.66588,2890.2306432,175.457,-1.332,289.564,1.0
189.0,128.115447,37.665896,2890.276668,173.241,-1.558,289.615,1.0
189.0166,128.115394,37.665911,2890.3065384,171.023,-1.782,289.676,1.0
189.0333,128.115341,37.665927,2890.3217784000003,168.822,-2.009,289.746,1.0
189.05,128.115288,37.665942,2890.3202544,166.636,-2.239,289.824,1.0
189.0666,128.115235,37.665958,2890.3031856,164.46,-2.469,289.912,1.0
189.0833,128.115182,37.665973,2890.2696576000003,162.293,-2.696,290.01,1.0
189.1,128.115129,37.665989,2890.2202800000005,160.131,-2.919,290.117,1.0
189.1166,128.115076,37.666005,2890.1550528000002,157.971,-3.135,290.233,1.0
189.1333,128.115023,37.66602,2890.0758048000002,155.837,-3.355,290.36,1.0
189.15,128.11497,37.666036,2889.9816216,153.726,-3.578,290.496,1.0
189.1666,128.114917,37.666052,2889.8718936,151.633,-3.799,290.642,1.0
189.1833,128.114864,37.666068,2889.7469256000004,149.554,-4.015,290.798,1.0
189.2,128.114811,37.666083,2889.6073272000003,147.484,-4.224,290.962,1.0
189.2166,128.114758,37.666099,2889.4524888,145.42,-4.424,291.133,1.0
189.2333,128.114705,37.666115,2889.2851536,143.387,-4.625,291.316,1.0
189.25,128.114652,37.666131,2889.1037976000002,141.381,-4.827,291.509,1.0
189.2666,128.114599,37.666147,2888.908116,139.397,-5.026,291.711,1.0
189.2833,128.114546,37.666163,2888.6987184000004,137.43,-5.217,291.922,1.0
189.3,128.114494,37.66618,2888.4759096000003,135.474,-5.398,292.139,1.0
189.3166,128.114441,37.666196,2888.2393848,133.524,-5.569,292.361,1.0
189.3333,128.114388,37.666212,2887.9912776,131.61,-5.738,292.594,1.0
189.35,128.114336,37.666229,2887.7309784000004,129.727,-5.907,292.838,1.0
189.3666,128.114283,37.666245,2887.4578776000003,127.868,-6.07,293.09,1.0
189.3833,128.114231,37.666262,2887.1728896000004,126.028,-6.224,293.348,1.0
189.4,128.114178,37.666279,2886.8757096000004,124.201,-6.366,293.61,1.0
189.4166,128.114126,37.666296,2886.5669472,122.382,-6.496,293.874,1.0
189.4333,128.114073,37.666312,2886.2481264,120.602,-6.624,294.149,1.0
189.45,128.114021,37.666329,2885.9189424,118.857,-6.749,294.434,1.0
189.4666,128.113968,37.666347,2885.5787856,117.138,-6.867,294.726,1.0
189.4833,128.113916,37.666364,2885.2282656,115.44,-6.975,295.022,1.0
189.5,128.113864,37.666381,2884.8676872000005,113.758,-7.071,295.318,1.0
189.5166,128.113812,37.666399,2884.4976600000005,112.085,-7.155,295.615,1.0
189.5333,128.11376,37.666416,2884.1187936,110.454,-7.234,295.92,1.0
189.55,128.113708,37.666434,2883.7320024,108.859,-7.31,296.235,1.0
189.5666,128.113656,37.666452,2883.3360672,107.293,-7.378,296.555,1.0
189.5833,128.113604,37.666469,2882.9319024,105.75,-7.435,296.876,1.0
189.6,128.113552,37.666487,2882.5198127999997,104.223,-7.481,297.195,1.0
189.6166,128.1135,37.666506,2882.1001032000004,102.707,-7.515,297.512,1.0
189.6333,128.113449,37.666524,2881.673688,101.236,-7.544,297.837,1.0
189.65,128.113397,37.666542,2881.240872,99.805,-7.569,298.171,1.0
189.6666,128.113345,37.666561,2880.8016552000004,98.406,-7.586,298.508,1.0
189.6833,128.113294,37.666579,2880.3560376,97.032,-7.593,298.845,1.0
189.7,128.113242,37.666598,2879.9049336,95.678,-7.589,299.177,1.0
189.7166,128.113191,37.666617,2879.4480384000003,94.336,-7.575,299.505,1.0
189.7333,128.11314,37.666636,2878.9868760000004,93.04,-7.555,299.831,1.0
189.75,128.113089,37.666655,2878.5208368000003,91.785,-7.529,300.157,1.0
189.7666,128.113037,37.666675,2878.0505304000003,90.563,-7.496,300.481,1.0
189.7833,128.112986,37.666694,2877.5762616,89.366,-7.455,300.801,1.0
189.8,128.112935,37.666714,2877.0983352000003,88.188,-7.405,301.116,1.0
189.8166,128.112884,37.666733,2876.6173608,87.023,-7.346,301.425,1.0
189.8333,128.112834,37.666753,2876.1333384,85.906,-7.284,301.732,1.0
189.85,128.112783,37.666773,2875.6468776,84.833,-7.217,302.038,1.0
189.8666,128.112732,37.666793,2875.1579784000005,83.794,-7.146,302.339,1.0
189.8833,128.112682,37.666813,2874.6672504000003,82.783,-7.068,302.637,1.0
189.9,128.112631,37.666834,2874.1749984000003,81.793,-6.983,302.929,1.0
189.9166,128.112581,37.666854,2873.6812224,80.818,-6.893,303.214,1.0
189.9333,128.11253,37.666875,2873.186532,79.898,-6.799,303.501,1.0
189.95,128.11248,37.666896,2872.6909272000003,79.028,-6.703,303.79,1.0
189.9666,128.11243,37.666917,2872.1947128,78.199,-6.604,304.076,1.0
189.9833,128.11238,37.666938,2871.6981936,77.402,-6.499,304.359,1.0
190.0,128.11233,37.666959,2871.2019792,76.631,-6.389,304.636,1.0
190.0166,128.11228,37.666981,2870.7060696,75.877,-6.275,304.907,1.0
190.0333,128.11223,37.667002,2870.2107696,75.181,-6.159,305.18,1.0
190.05,128.11218,37.667024,2869.7157744,74.536,-6.041,305.458,1.0
190.0666,128.112131,37.667046,2869.2216936000004,73.933,-5.921,305.735,1.0
190.0833,128.112081,37.667067,2868.7288320000002,73.365,-5.798,306.009,1.0
190.1,128.112032,37.66709,2868.2374944,72.823,-5.671,306.276,1.0
190.1166,128.111982,37.667112,2867.7479856,72.299,-5.541,306.538,1.0
190.1333,128.111933,37.667134,2867.26122,71.75,-5.405,306.8,1.0
190.15,128.111884,37.667157,2866.7775024000002,71.173,-5.262,307.063,1.0
190.1666,128.111835,37.667179,2866.2968328,70.57,-5.116,307.324,1.0
190.1833,128.111786,37.667202,2865.8192112,69.946,-4.97,307.583,1.0
190.2,128.111737,37.667225,2865.3452472,69.306,-4.823,307.839,1.0
190.2166,128.111688,37.667248,2864.8749408000003,68.656,-4.677,308.09,1.0
190.2333,128.11164,37.667272,2864.4082920000005,68.083,-4.536,308.34,1.0
190.25,128.111591,37.667295,2863.9446912000003,67.587,-4.399,308.589,1.0
190.2666,128.111543,37.667319,2863.4844432,67.157,-4.262,308.835,1.0
190.2833,128.111494,37.667342,2863.0269384000003,66.784,-4.122,309.078,1.0
190.3,128.111446,37.667366,2862.5740056000004,66.454,-3.979,309.315,1.0
190.3166,128.111398,37.66739,2862.1250352000006,66.154,-3.832,309.548,1.0
190.3333,128.11135,37.667414,2861.6797224,65.904,-3.687,309.777,1.0
190.35,128.111302,37.667438,2861.2386768,65.694,-3.543,310.004,1.0
190.3666,128.111254,37.667463,2860.8022032000003,65.515,-3.401,310.227,1.0
190.3833,128.111207,37.667487,2860.3706064,65.361,-3.259,310.448,1.0
190.4,128.111159,37.667512,2859.9435816,65.227,-3.118,310.665,1.0
190.4166,128.111112,37.667537,2859.5217384000002,65.106,-2.977,310.879,1.0
190.4333,128.111064,37.667562,2859.1041624000004,65.032,-2.84,311.09,1.0
190.45,128.111017,37.667587,2858.6908536,65.001,-2.709,311.297,1.0
190.4666,128.11097,37.667612,2858.2827264,65.005,-2.58,311.501,1.0
190.4833,128.110923,37.667637,2857.8794760000005,65.039,-2.452,311.703,1.0
190.5,128.110876,37.667663,2857.4814072000004,65.097,-2.324,311.904,1.0
190.5166,128.110829,37.667688,2857.0888248,65.171,-2.197,312.103,1.0
190.5333,128.110782,37.667714,2856.7002048000004,65.329,-2.08,312.295,1.0
190.55,128.110735,37.66774,2856.3161568,65.563,-1.974,312.481,1.0
190.5666,128.110689,37.667766,2855.9354616,65.863,-1.874,312.662,1.0
190.5833,128.110642,37.667792,2855.559948,66.217,-1.775,312.841,1.0
190.6,128.110596,37.667818,2855.1887016,66.613,-1.676,313.02,1.0
190.6166,128.11055,37.667845,2854.8220272000003,67.04,-1.577,313.199,1.0
190.6333,128.110504,37.667871,2854.4593151999998,67.529,-1.484,313.38,1.0
190.65,128.110457,37.667898,2854.1002608,68.072,-1.398,313.563,1.0
190.6666,128.110412,37.667924,2853.7451688,68.66,-1.316,313.748,1.0
190.6833,128.110366,37.667951,2853.3940392000004,69.286,-1.238,313.933,1.0
190.7,128.11032,37.667978,2853.0471768,69.943,-1.161,314.119,1.0
190.7166,128.110274,37.668005,2852.7036672,70.625,-1.088,314.306,1.0
190.7333,128.110229,37.668033,2852.3650344000002,71.308,-1.012,314.504,1.0
190.75,128.110184,37.66806,2852.0300592000003,71.989,-0.937,314.715,1.0
190.7666,128.110139,37.668088,2851.6987416,72.668,-0.863,314.935,1.0
190.7833,128.110093,37.668115,2851.3710816000003,73.346,-0.794,315.157,1.0
190.8,128.110049,37.668143,2851.0467744,74.024,-0.73,315.382,1.0
190.8166,128.110004,37.668171,2850.72582,74.705,-0.671,315.606,1.0
190.8333,128.109959,37.668199,2850.4082184000004,75.344,-0.613,315.831,1.0
190.85,128.109915,37.668228,2850.0939696,75.944,-0.557,316.055,1.0
190.8666,128.10987,37.668256,2849.7827688,76.512,-0.504,316.28,1.0
190.8833,128.109826,37.668284,2849.474616,77.054,-0.456,316.506,1.0
190.9,128.109782,37.668313,2849.1692064,77.578,-0.414,316.735,1.0
190.9166,128.109738,37.668342,2848.8662352000006,78.091,-0.376,316.966,1.0
190.9333,128.109695,37.668371,2848.5660072,78.556,-0.339,317.198,1.0
190.95,128.109651,37.6684,2848.2682176,78.976,-0.302,317.431,1.0
190.9666,128.109608,37.668429,2847.9728664000004,79.362,-0.267,317.666,1.0
190.9833,128.109564,37.668459,2847.6796488000005,79.721,-0.235,317.902,1.0
191.0,128.109521,37.668488,2847.38826,80.059,-0.207,318.14,1.0
191.0166,128.109479,37.668518,2847.0990048000003,80.385,-0.184,318.38,1.0
191.0333,128.109436,37.668548,2846.8115784000006,80.676,-0.161,318.622,1.0
191.05,128.109393,37.668578,2846.5262856,80.937,-0.138,318.864,1.0
191.0666,128.109351,37.668608,2846.242212,81.175,-0.116,319.108,1.0
191.0833,128.109309,37.668638,2845.9599672,81.396,-0.096,319.353,1.0
191.1,128.109267,37.668669,2845.6792464000005,81.603,-0.079,319.599,1.0
191.1166,128.109225,37.668699,2845.4000496,81.802,-0.064,319.846,1.0
191.1333,128.109183,37.66873,2845.122072,81.984,-0.05,320.094,1.0
191.15,128.109142,37.668761,2844.8453136000003,82.152,-0.036,320.344,1.0
191.1666,128.1091,37.668792,2844.5700792000002,82.31,-0.023,320.593,1.0
191.1833,128.109059,37.668823,2844.2957592000002,82.46,-0.011,320.844,1.0
191.2,128.109018,37.668854,2844.0226584,82.604,0.0,321.094,1.0
191.2166,128.108977,37.668885,2843.7507768,82.745,0.008,321.346,1.0
191.2333,128.108937,37.668917,2843.4798096000004,82.881,0.016,321.598,1.0
191.25,128.108896,37.668949,2843.2097568,83.014,0.024,321.851,1.0
191.2666,128.108856,37.66898,2842.9406184000004,83.145,0.031,322.103,1.0
191.2833,128.108816,37.669012,2842.6723944,83.274,0.037,322.357,1.0
191.3,128.108776,37.669044,2842.4050848,83.402,0.043,322.61,1.0
191.3166,128.108736,37.669077,2842.1386896000004,83.529,0.047,322.864,1.0
191.3333,128.108697,37.669109,2841.872904,83.644,0.052,323.117,1.0
191.35,128.108657,37.669141,2841.6077280000004,83.745,0.058,323.371,1.0
191.3666,128.108618,37.669174,2841.3437712000004,83.836,0.064,323.625,1.0
191.3833,128.108579,37.669207,2841.0801192000004,83.918,0.069,323.879,1.0
191.4,128.10854,37.66924,2840.8173816000003,83.993,0.072,324.133,1.0
191.4166,128.108502,37.669273,2840.5549488000006,84.063,0.075,324.389,1.0
191.4333,128.108463,37.669306,2840.2934304000005,84.103,0.08,324.644,1.0
191.45,128.108425,37.669339,2840.0328264,84.115,0.087,324.899,1.0
191.4666,128.108387,37.669372,2839.7725272000002,84.104,0.094,325.154,1.0
191.4833,128.108349,37.669406,2839.5131424,84.074,0.101,325.41,1.0
191.5,128.108312,37.669439,2839.2543671999997,84.028,0.107,325.666,1.0
191.5166,128.108274,37.669473,2838.9965064,83.972,0.112,325.923,1.0
191.5333,128.108237,37.669507,2838.7392552,83.878,0.119,326.18,1.0
191.55,128.1082,37.669541,2838.4829184,83.75,0.13,326.437,1.0
191.5666,128.108163,37.669575,2838.2274960000004,83.595,0.142,326.694,1.0
191.5833,128.108127,37.66961,2837.972988,83.417,0.154,326.952,1.0
191.6,128.10809,37.669644,2837.7193944,83.22,0.165,327.21,1.0
191.6166,128.108054,37.669679,2837.4667152,83.011,0.177,327.468,1.0
191.6333,128.108018,37.669713,2837.2152552000002,82.77,0.191,327.726,1.0
191.65,128.107982,37.669748,2836.9653192000005,82.5,0.209,327.985,1.0
191.6666,128.107947,37.669783,2836.7166024000003,82.207,0.228,328.243,1.0
191.6833,128.107911,37.669818,2836.4691048000004,81.895,0.249,328.501,1.0
191.7,128.107876,37.669853,2836.223436,81.568,0.271,328.759,1.0
191.7166,128.107841,37.669889,2835.9789864,81.23,0.293,329.018,1.0
191.7333,128.107807,37.669924,2835.7366704,80.875,0.318,329.276,1.0
191.75,128.107772,37.66996,2835.4961832,80.508,0.345,329.534,1.0
191.7666,128.107738,37.669995,2835.2575248000003,80.129,0.374,329.791,1.0
191.7833,128.107704,37.670031,2835.021,79.741,0.406,330.049,1.0
191.8,128.10767,37.670067,2834.7866088,79.347,0.439,330.305,1.0
191.8166,128.107636,37.670103,2834.554656,78.947,0.475,330.562,1.0
191.8333,128.107603,37.670139,2834.3251416000003,78.548,0.512,330.818,1.0
191.85,128.10757,37.670175,2834.0983704,78.151,0.551,331.073,1.0
191.8666,128.107536,37.670212,2833.8740376,77.755,0.591,331.328,1.0
191.8833,128.107504,37.670248,2833.6527528,77.361,0.634,331.582,1.0
191.9,128.107471,37.670285,2833.4345160000003,76.968,0.68,331.835,1.0
191.9166,128.107439,37.670321,2833.2193272,76.575,0.729,332.088,1.0
191.9333,128.107406,37.670358,2833.0068816000003,76.198,0.777,332.34,1.0
191.95,128.107374,37.670395,2832.7977888,75.836,0.827,332.591,1.0
191.9666,128.107343,37.670432,2832.5920488000006,75.486,0.878,332.842,1.0
191.9833,128.107311,37.670469,2832.3899664,75.147,0.931,333.092,1.0
192.0,128.10728,37.670506,2832.1915416,74.816,0.987,333.34,1.0
192.0166,128.107248,37.670544,2831.9967744,74.49,1.046,333.588,1.0
192.0333,128.107217,37.670581,2831.8056647999997,74.185,1.105,333.835,1.0
192.05,128.107187,37.670618,2831.6182128,73.898,1.164,334.081,1.0
192.0666,128.107156,37.670656,2831.4350280000003,73.626,1.224,334.327,1.0
192.0833,128.107126,37.670694,2831.2558056000003,73.367,1.286,334.572,1.0
192.1,128.107096,37.670732,2831.0808504,73.117,1.35,334.816,1.0
192.1166,128.107066,37.670769,2830.9101624000004,72.873,1.416,335.059,1.0
192.1333,128.107036,37.670807,2830.743132,72.65,1.482,335.302,1.0
192.15,128.107006,37.670846,2830.5809784000003,72.444,1.548,335.544,1.0
192.1666,128.106977,37.670884,2830.4230920000005,72.252,1.614,335.786,1.0
192.1833,128.106948,37.670922,2830.2694728,72.072,1.682,336.027,1.0
192.2,128.106919,37.67096,2830.1207304000004,71.901,1.751,336.267,1.0
192.2166,128.10689,37.670999,2829.9768648,71.736,1.822,336.507,1.0
192.2333,128.106862,37.671037,2829.8369616,71.591,1.892,336.746,1.0
192.25,128.106833,37.671076,2829.7019352,71.462,1.962,336.985,1.0
192.2666,128.106805,37.671115,2829.5714808,71.348,2.031,337.224,1.0
192.2833,128.106777,37.671153,2829.446208,71.246,2.102,337.463,1.0
192.3,128.106749,37.671192,2829.3255072,71.152,2.173,337.7,1.0
192.3166,128.106722,37.671231,2829.2096831999997,71.066,2.246,337.938,1.0
192.3333,128.106695,37.67127,2829.098736,70.991,2.318,338.175,1.0
192.35,128.106667,37.67131,2828.9926656000002,70.928,2.39,338.412,1.0
192.3666,128.106641,37.671349,2828.8917768,70.873,2.462,338.648,1.0
192.3833,128.106614,37.671388,2828.7957647999997,70.825,2.535,338.885,1.0
192.4,128.106587,37.671427,2828.7049344,70.782,2.607,339.121,1.0
192.4166,128.106561,37.671467,2828.6189808,70.744,2.681,339.358,1.0
192.4333,128.106535,37.671507,2828.5382088,70.714,2.753,339.594,1.0
192.45,128.106509,37.671546,2828.4623136,70.692,2.826,339.83,1.0
192.4666,128.106484,37.671586,2828.3916,70.676,2.898,340.067,1.0
192.4833,128.106458,37.671626,2828.3260680000003,70.666,2.97,340.303,1.0
192.5,128.106433,37.671666,2828.2657176,70.659,3.043,340.539,1.0
192.5166,128.106408,37.671706,2828.2105488,70.657,3.115,340.776,1.0
192.5333,128.106383,37.671746,2828.1602568000003,70.661,3.187,341.012,1.0
192.55,128.106359,37.671786,2828.1151464000004,70.672,3.259,341.249,1.0
192.5666,128.106334,37.671826,2828.0752176,70.688,3.33,341.486,1.0
192.5833,128.10631,37.671866,2828.0407752,70.709,3.401,341.723,1.0
192.6,128.106286,37.671906,2828.0112096000003,70.734,3.472,341.96,1.0
192.6166,128.106262,37.671947,2827.9868256000004,70.761,3.543,342.197,1.0
192.6333,128.106239,37.671987,2827.9673184000003,70.794,3.614,342.435,1.0
192.65,128.106215,37.672028,2827.9532976,70.83,3.684,342.672,1.0
192.6666,128.106192,37.672068,2827.9444584,70.87,3.754,342.91,1.0
192.6833,128.10617,37.672109,2827.940496,70.913,3.824,343.148,1.0
192.7,128.106147,37.67215,2827.94202,70.959,3.894,343.386,1.0
192.7166,128.106124,37.672191,2827.9484208000003,71.006,3.963,343.625,1.0
192.7333,128.106102,37.672232,2827.9600032000003,71.057,4.031,343.863,1.0
192.75,128.10608,37.672273,2827.9767672,71.113,4.1,344.103,1.0
192.7666,128.106058,37.672314,2827.9987128,71.172,4.167,344.342,1.0
192.7833,128.106037,37.672355,2828.0255352000004,71.234,4.235,344.582,1.0
192.8,128.106016,37.672396,2828.0575392,71.299,4.302,344.822,1.0
192.8166,128.105994,37.672437,2828.0947248,71.366,4.368,345.062,1.0
192.8333,128.105973,37.672478,2828.1367872000005,71.436,4.434,345.302,1.0
192.85,128.105953,37.67252,2828.1837264,71.508,4.5,345.543,1.0
192.8666,128.105932,37.672561,2828.2358472,71.584,4.565,345.784,1.0
192.8833,128.105912,37.672602,2828.2931496,71.661,4.63,346.026,1.0
192.9,128.105892,37.672644,2828.3553288,71.741,4.694,346.267,1.0
192.9166,128.105872,37.672686,2828.4223848,71.822,4.758,346.509,1.0
192.9333,128.105853,37.672727,2828.4943176,71.905,4.821,346.752,1.0
192.95,128.105833,37.672769,2828.571432,71.989,4.884,346.995,1.0
192.9666,128.105814,37.672811,2828.6531184,72.075,4.946,347.238,1.0
192.9833,128.105795,37.672852,2828.7399864000004,72.162,5.008,347.481,1.0
193.0,128.105777,37.672894,2828.8317312,72.25,5.069,347.725,1.0
193.0166,128.105758,37.672936,2828.928048,72.339,5.13,347.969,1.0
193.0333,128.10574,37.672978,2829.0292416,72.43,5.19,348.213,1.0
193.05,128.105722,37.67302,2829.1353120000003,72.522,5.25,348.458,1.0
193.0666,128.105704,37.673062,2829.2462592,72.616,5.309,348.703,1.0
193.0833,128.105687,37.673104,2829.3617784000003,72.712,5.367,348.949,1.0
193.1,128.105669,37.673147,2829.4821744,72.808,5.425,349.194,1.0
193.1166,128.105652,37.673189,2829.6071424,72.906,5.482,349.44,1.0
193.1333,128.105635,37.673231,2829.7366824,73.004,5.539,349.686,1.0
193.15,128.105619,37.673273,2829.8707944,73.103,5.595,349.933,1.0
193.1666,128.105602,37.673316,2830.0097832,73.203,5.651,350.18,1.0
193.1833,128.105586,37.673358,2830.1530392000004,73.302,5.706,350.427,1.0
193.2,128.10557,37.673401,2830.301172,73.403,5.761,350.674,1.0
193.2166,128.105555,37.673443,2830.453572,73.503,5.815,350.922,1.0
193.2333,128.105539,37.673486,2830.610544,73.604,5.868,351.17,1.0
193.25,128.105524,37.673528,2830.772088,73.704,5.921,351.418,1.0
193.2666,128.105509,37.673571,2830.938204,73.804,5.974,351.667,1.0
193.2833,128.105494,37.673614,2831.1082824000005,73.904,6.026,351.916,1.0
193.3,128.10548,37.673656,2831.2832375999997,74.005,6.077,352.165,1.0
193.3166,128.105465,37.673699,2831.4621552000003,74.105,6.128,352.414,1.0
193.3333,128.105451,37.673742,2831.6456448,74.206,6.178,352.664,1.0
193.35,128.105437,37.673785,2831.8330968,74.306,6.227,352.915,1.0
193.3666,128.105424,37.673827,2832.0251208000004,74.407,6.276,353.165,1.0
193.3833,128.10541,37.67387,2832.2211072000005,74.508,6.325,353.416,1.0
193.4,128.105397,37.673913,2832.4216656,74.61,6.373,353.667,1.0
193.4166,128.105384,37.673956,2832.6258816,74.712,6.42,353.918,1.0
193.4333,128.105372,37.673999,2832.8346696,74.813,6.467,354.17,1.0
193.45,128.105359,37.674042,2833.04742,74.915,6.513,354.422,1.0
193.4666,128.105347,37.674085,2833.2641328000004,75.017,6.558,354.675,1.0
193.4833,128.105335,37.674129,2833.4848079999997,75.119,6.603,354.927,1.0
193.5,128.105324,37.674172,2833.7097504000003,75.221,6.648,355.18,1.0
193.5166,128.105312,37.674215,2833.9383504,75.323,6.692,355.433,1.0
193.5333,128.105301,37.674258,2834.1712176,75.424,6.735,355.687,1.0
193.55,128.10529,37.674301,2834.4080472,75.523,6.778,355.94,1.0
193.5666,128.105279,37.674345,2834.6485344000002,75.621,6.821,356.194,1.0
193.5833,128.105269,37.674388,2834.892984,75.718,6.863,356.448,1.0
193.6,128.105258,37.674431,2835.1410912,75.814,6.905,356.703,1.0
193.6166,128.105248,37.674474,2835.3931608,75.91,6.945,356.958,1.0
193.6333,128.105238,37.674518,2835.648888,76.004,6.986,357.213,1.0
193.65,128.105229,37.674561,2835.9085776,76.095,7.026,357.468,1.0
193.6666,128.10522,37.674605,2836.17162,76.185,7.066,357.724,1.0
193.6833,128.10521,37.674648,2836.4386248,76.273,7.105,357.979,1.0
193.7,128.105202,37.674691,2836.7092872000003,76.36,7.144,358.235,1.0
193.7166,128.105193,37.674735,2836.9833024,76.446,7.182,358.492,1.0
193.7333,128.105185,37.674778,2837.26128,76.53,7.22,358.748,1.0
193.75,128.105177,37.674822,2837.5426104,76.612,7.258,359.005,1.0
193.7666,128.105169,37.674865,2837.8272936000003,76.692,7.295,359.262,1.0
193.7833,128.105161,37.674909,2838.1159392000004,76.77,7.332,359.519,1.0
193.8,128.105154,37.674953,2838.4076328000006,76.847,7.369,359.777,1.0
193.8166,128.105147,37.674996,2838.702984,76.924,7.404,0.035,1.0
193.8333,128.10514,37.67504,2839.0019928,76.997,7.44,0.293,1.0
193.85,128.105133,37.675083,2839.3040496,77.068,7.476,0.551,1.0
193.8666,128.105127,37.675127,2839.6097640000003,77.138,7.511,0.809,1.0
193.8833,128.10512,37.675171,2839.9188312,77.205,7.546,1.068,1.0
193.9,128.105115,37.675214,2840.2309464000004,77.272,7.58,1.326,1.0
193.9166,128.105109,37.675258,2840.5467192000006,77.337,7.614,1.585,1.0
193.9333,128.105103,37.675302,2840.8658448,77.4,7.648,1.844,1.0
193.95,128.105098,37.675345,2841.1880184,77.461,7.682,2.104,1.0
193.9666,128.105093,37.675389,2841.5135448,77.519,7.715,2.363,1.0
193.9833,128.105089,37.675433,2841.8421192000005,77.576,7.749,2.623,1.0
194.0,128.105084,37.675476,2842.1740464000004,77.632,7.781,2.882,1.0
194.0166,128.10508,37.67552,2842.5093263999997,77.687,7.814,3.142,1.0
194.0333,128.105076,37.675564,2842.8476544,77.739,7.846,3.402,1.0
194.05,128.105072,37.675607,2843.1890304000003,77.79,7.879,3.662,1.0
194.0666,128.105069,37.675651,2843.5334544,77.839,7.911,3.923,1.0
194.0833,128.105066,37.675695,2843.8812312,77.887,7.943,4.183,1.0
194.1,128.105063,37.675738,2844.232056,77.934,7.975,4.444,1.0
194.1166,128.10506,37.675782,2844.5859288,77.98,8.006,4.704,1.0
194.1333,128.105057,37.675826,2844.9431544,78.023,8.037,4.965,1.0
194.15,128.105055,37.675869,2845.3031232000003,78.063,8.069,5.226,1.0
194.1666,128.105053,37.675913,2845.66614,78.102,8.101,5.487,1.0
194.1833,128.105051,37.675957,2846.0325096,78.138,8.132,5.748,1.0
194.2,128.10505,37.676,2846.4016224,78.173,8.163,6.009,1.0
194.2166,128.105049,37.676044,2846.7737832,78.206,8.194,6.271,1.0
194.2333,128.105048,37.676088,2847.1489920000004,78.238,8.225,6.532,1.0
194.25,128.105047,37.676131,2847.526944,78.27,8.255,6.794,1.0
194.2666,128.105046,37.676175,2847.9082488000004,78.3,8.286,7.055,1.0
194.2833,128.105046,37.676219,2848.2922968,78.33,8.316,7.317,1.0
194.3,128.105046,37.676262,2848.679088,78.36,8.347,7.579,1.0
194.3166,128.105046,37.676306,2849.0689272,78.389,8.377,7.841,1.0
194.3333,128.105047,37.67635,2849.4618144000005,78.418,8.407,8.103,1.0
194.35,128.105047,37.676393,2849.8574448,78.446,8.437,8.365,1.0
194.3666,128.105048,37.676437,2850.2561232000003,78.475,8.467,8.627,1.0
194.3833,128.105049,37.67648,2850.6575448,78.504,8.497,8.889,1.0
194.4,128.105051,37.676524,2851.0617096,78.532,8.527,9.151,1.0
194.4166,128.105053,37.676567,2851.4689224,78.561,8.557,9.413,1.0
194.4333,128.105054,37.676611,2851.8788784000003,78.589,8.587,9.676,1.0
194.45,128.105057,37.676654,2852.2918824000003,78.616,8.617,9.938,1.0
194.4666,128.105059,37.676698,2852.7076296,78.643,8.647,10.2,1.0
194.4833,128.105062,37.676741,2853.12612,78.669,8.676,10.463,1.0
194.5,128.105065,37.676785,2853.5473536,78.695,8.706,10.725,1.0
194.5166,128.105068,37.676828,2853.9713304,78.72,8.735,10.987,1.0
194.5333,128.105071,37.676872,2854.3980504,78.745,8.765,11.25,1.0
194.55,128.105075,37.676915,2854.8278184,78.77,8.794,11.513,1.0
194.5666,128.105079,37.676958,2855.2600248,78.794,8.824,11.775,1.0
194.5833,128.105083,37.677002,2855.6952792,78.819,8.853,12.038,1.0
194.6,128.105087,37.677045,2856.1332768,78.843,8.883,12.301,1.0
194.6166,128.105092,37.677088,2856.5737128,78.866,8.912,12.564,1.0
194.6333,128.105097,37.677131,2857.0171968,78.889,8.941,12.827,1.0
194.65,128.105102,37.677175,2857.4631192000006,78.911,8.971,13.089,1.0
194.6666,128.105107,37.677218,2857.9120896000004,78.933,9.0,13.352,1.0
194.6833,128.105113,37.677261,2858.3634984000005,78.954,9.029,13.615,1.0
194.7,128.105118,37.677304,2858.8176504000003,78.974,9.059,13.878,1.0
194.7166,128.105124,37.677347,2859.2745456000002,78.994,9.088,14.142,1.0
194.7333,128.105131,37.67739,2859.734184,79.013,9.117,14.405,1.0
194.75,128.105137,37.677433,2860.1962608,79.032,9.146,14.668,1.0
194.7666,128.105144,37.677476,2860.6613856,79.052,9.175,14.931,1.0
194.7833,128.105151,37.677519,2861.1286440000003,79.071,9.204,15.195,1.0
194.8,128.105158,37.677562,2861.5989504000004,79.089,9.233,15.458,1.0
194.8166,128.105166,37.677605,2862.0716952000002,79.108,9.263,15.721,1.0
194.8333,128.105174,37.677648,2862.5471832,79.129,9.291,15.985,1.0
194.85,128.105182,37.677691,2863.0251096,79.152,9.32,16.249,1.0
194.8666,128.10519,37.677733,2863.5057792000002,79.177,9.348,16.512,1.0
194.8833,128.105198,37.677776,2863.9891920000005,79.203,9.376,16.776,1.0
194.9,128.105207,37.677819,2864.4750432,79.231,9.405,17.04,1.0
194.9166,128.105216,37.677862,2864.9633328000004,79.26,9.433,17.304,1.0
194.9333,128.105225,37.677904,2865.4540608,79.294,9.461,17.567,1.0
194.95,128.105234,37.677947,2865.947532,79.332,9.488,17.831,1.0
194.9666,128.105244,37.677989,2866.4434416000004,79.374,9.515,18.095,1.0
194.9833,128.105254,37.678032,2866.9420944,79.419,9.542,18.359,1.0
195.0,128.105264,37.678074,2867.4428808,79.466,9.569,18.623,1.0
195.0166,128.105275,37.678116,2867.9464104,79.516,9.595,18.887,1.0
195.0333,128.105285,37.678159,2868.4520736000004,79.569,9.622,19.151,1.0
195.05,128.105296,37.678201,2868.96048,79.626,9.648,19.415,1.0
195.0666,128.105307,37.678243,2869.47102,79.685,9.673,19.679,1.0
195.0833,128.105318,37.678286,2869.9843032000003,79.746,9.699,19.943,1.0
195.1,128.10533,37.678328,2870.4997200000003,79.808,9.724,20.207,1.0
195.1166,128.105342,37.67837,2871.0175752,79.872,9.749,20.471,1.0
195.1333,128.105354,37.678412,2871.5378688,79.942,9.773,20.735,1.0
195.15,128.105366,37.678454,2872.060296,80.018,9.796,21.0,1.0
195.1666,128.105378,37.678496,2872.5848568,80.1,9.819,21.264,1.0
195.1833,128.105391,37.678538,2873.111856,80.185,9.841,21.529,1.0
195.2,128.105404,37.678579,2873.6409888000003,80.275,9.863,21.794,1.0
195.2166,128.105417,37.678621,2874.1725600000004,80.367,9.884,22.058,1.0
195.2333,128.105431,37.678663,2874.7059600000002,80.471,9.904,22.323,1.0
195.25,128.105444,37.678705,2875.2414936000005,80.586,9.922,22.589,1.0
195.2666,128.105458,37.678746,2875.778856,80.71,9.938,22.854,1.0
195.2833,128.105472,37.678788,2876.3186568,80.844,9.954,23.12,1.0
195.3,128.105486,37.678829,2876.8599816,80.984,9.969,23.385,1.0
195.3166,128.105501,37.678871,2877.40344,81.13,9.984,23.65,1.0
195.3333,128.105516,37.678912,2877.9493368000003,81.291,9.991,23.917,1.0
195.35,128.105531,37.678953,2878.4967576000004,81.466,9.988,24.185,1.0
195.3666,128.105546,37.678995,2879.0457024,81.656,9.981,24.453,1.0
195.3833,128.105561,37.679036,2879.5961712000003,81.867,9.971,24.722,1.0
195.4,128.105577,37.679077,2880.148164,82.096,9.961,24.99,1.0
195.4166,128.105593,37.679118,2880.7016808,82.341,9.952,25.258,1.0
195.4333,128.105609,37.679159,2881.2564168000004,82.596,9.942,25.525,1.0
195.45,128.105625,37.6792,2881.8126768,82.858,9.93,25.792,1.0
195.4666,128.105642,37.679241,2882.370156,83.125,9.916,26.059,1.0
195.4833,128.105659,37.679282,2882.9285496,83.395,9.902,26.326,1.0
195.5,128.105676,37.679323,2883.4881624000004,83.669,9.886,26.592,1.0
195.5166,128.105693,37.679363,2884.0486896,83.945,9.869,26.859,1.0
195.5333,128.10571,37.679404,2884.6101312,84.228,9.85,27.126,1.0
195.55,128.105728,37.679444,2885.1721824,84.518,9.828,27.393,1.0
195.5666,128.105746,37.679485,2885.7348432000003,84.813,9.805,27.661,1.0
195.5833,128.105764,37.679525,2886.2981136000003,85.114,9.78,27.928,1.0
195.6,128.105782,37.679566,2886.8616888,85.42,9.755,28.196,1.0
195.6166,128.105801,37.679606,2887.4255688000003,85.728,9.728,28.463,1.0
195.6333,128.10582,37.679646,2887.9900584,86.095,9.692,28.731,1.0
195.65,128.105839,37.679686,2888.554548,86.518,9.648,29.0,1.0
195.6666,128.105858,37.679727,2889.118428,86.992,9.599,29.269,1.0
195.6833,128.105877,37.679767,2889.6816984,87.51,9.548,29.538,1.0
195.7,128.105897,37.679807,2890.2446640000003,88.064,9.498,29.807,1.0
195.7166,128.105917,37.679847,2890.8067152,88.647,9.447,30.075,1.0
195.7333,128.105937,37.679886,2891.3660232,89.114,9.421,30.341,1.0
195.75,128.105957,37.679926,2891.9247216,89.47,9.418,30.606,1.0
195.7666,128.105977,37.679966,2892.4825056000004,89.708,9.426,30.869,1.0
195.7833,128.105998,37.680006,2893.0399848,89.832,9.433,31.132,1.0
195.8,128.106019,37.680045,2893.5965496,89.859,9.433,31.395,1.0
195.8166,128.10604,37.680084,2894.1522,89.808,9.423,31.657,1.0
195.8333,128.106062,37.680124,2894.7066312,89.636,9.415,31.92,1.0
195.85,128.106084,37.680163,2895.2601480000003,89.355,9.411,32.183,1.0
195.8666,128.106106,37.680202,2895.8127504000004,88.975,9.411,32.448,1.0
195.8833,128.106128,37.680241,2896.365048,88.513,9.412,32.713,1.0
195.9,128.106151,37.68028,2896.9170408,87.989,9.412,32.98,1.0
195.9166,128.106174,37.680319,2897.4684239999997,87.416,9.412,33.249,1.0
195.9333,128.106197,37.680357,2898.0198072000003,86.816,9.411,33.519,1.0
195.95,128.10622,37.680396,2898.5711904,86.202,9.41,33.791,1.0
195.9666,128.106244,37.680434,2899.1228784000004,85.578,9.413,34.065,1.0
195.9833,128.106267,37.680473,2899.6748712000003,84.951,9.418,34.339,1.0
196.0,128.106291,37.680511,2900.2271688,84.321,9.428,34.614,1.0
196.0166,128.106316,37.680549,2900.7803808,83.688,9.443,34.888,1.0
196.0333,128.10634,37.680587,2901.3348120000005,83.095,9.458,35.163,1.0
196.05,128.106365,37.680625,2901.8898528000004,82.538,9.474,35.437,1.0
196.0666,128.10639,37.680663,2902.4461128,82.013,9.492,35.711,1.0
196.0833,128.106415,37.680701,2903.0038968,81.515,9.515,35.984,1.0
196.1,128.10644,37.680738,2903.5629000000004,81.038,9.543,36.256,1.0
196.1166,128.106466,37.680776,2904.123732,80.574,9.576,36.527,1.0
196.1333,128.106491,37.680813,2904.6863928000002,80.159,9.609,36.796,1.0
196.15,128.106517,37.680851,2905.2508824,79.785,9.642,37.066,1.0
196.1666,128.106544,37.680888,2905.8172008,79.446,9.677,37.334,1.0
196.1833,128.10657,37.680925,2906.3856528,79.136,9.714,37.602,1.0
196.2,128.106596,37.680962,2906.9562384,78.848,9.756,37.868,1.0
196.2166,128.106623,37.680999,2907.5289576000005,78.576,9.801,38.132,1.0
196.2333,128.10665,37.681036,2908.1041152,78.339,9.846,38.396,1.0
196.25,128.106677,37.681073,2908.6817112,78.133,9.89,38.659,1.0
196.2666,128.106705,37.68111,2909.2617456000003,77.952,9.935,38.922,1.0
196.2833,128.106732,37.681146,2909.8445232000004,77.792,9.981,39.184,1.0
196.3,128.10676,37.681183,2910.4297392000003,77.648,10.03,39.444,1.0
196.3166,128.106788,37.681219,2911.0176984000004,77.515,10.08,39.704,1.0
196.3333,128.106816,37.681255,2911.6084008000003,77.402,10.131,39.963,1.0
196.35,128.106845,37.681292,2912.2021511999997,77.305,10.181,40.221,1.0
196.3666,128.106873,37.681328,2912.79834,77.221,10.232,40.479,1.0
196.3833,128.106902,37.681364,2913.3975768,77.147,10.283,40.737,1.0
196.4,128.106931,37.681399,2913.9998616000003,77.082,10.335,40.994,1.0
196.4166,128.10696,37.681435,2914.6051944,77.023,10.388,41.25,1.0
196.4333,128.106989,37.681471,2915.2132704,76.976,10.441,41.507,1.0
196.45,128.107019,37.681506,2915.8243944,76.939,10.492,41.763,1.0
196.4666,128.107048,37.681542,2916.4385664,76.91,10.544,42.019,1.0
196.4833,128.107078,37.681577,2917.0554816,76.889,10.596,42.275,1.0
196.5,128.107108,37.681612,2917.6757496,76.873,10.648,42.531,1.0
196.5166,128.107139,37.681647,2918.2990656,76.862,10.701,42.787,1.0
196.5333,128.107169,37.681682,2918.9254296000004,76.86,10.752,43.043,1.0
196.55,128.1072,37.681717,2919.5548416,76.866,10.804,43.299,1.0
196.5666,128.107231,37.681752,2920.1876064,76.878,10.854,43.555,1.0
196.5833,128.107262,37.681787,2920.8231144,76.897,10.905,43.811,1.0
196.6,128.107293,37.681821,2921.4619752000003,76.919,10.955,44.067,1.0
196.6166,128.107324,37.681855,2922.1035792000002,76.946,11.006,44.323,1.0
196.6333,128.107356,37.68189,2922.748536,76.979,11.056,44.579,1.0
196.65,128.107388,37.681924,2923.3965408,77.016,11.105,44.835,1.0
196.6666,128.10742,37.681958,2924.0475936000003,77.058,11.154,45.091,1.0
196.6833,128.107452,37.681992,2924.7016943999997,77.103,11.203,45.348,1.0
196.7,128.107484,37.682026,2925.359148,77.152,11.251,45.604,1.0
196.7166,128.107517,37.682059,2926.0193448,77.204,11.299,45.861,1.0
196.7333,128.107549,37.682093,2926.6825896000005,77.258,11.346,46.118,1.0
196.75,128.107582,37.682126,2927.3491872000004,77.316,11.393,46.375,1.0
196.7666,128.107615,37.68216,2928.0185280000005,77.377,11.439,46.632,1.0
196.7833,128.107649,37.682193,2928.6909168,77.44,11.485,46.889,1.0
196.8,128.107682,37.682226,2929.3663536,77.505,11.53,47.147,1.0
196.8166,128.107716,37.682259,2930.0448384,77.571,11.575,47.405,1.0
196.8333,128.107749,37.682292,2930.7263712000004,77.638,11.62,47.663,1.0
196.85,128.107783,37.682324,2931.410952,77.705,11.664,47.921,1.0
196.8666,128.107817,37.682357,2932.098276,77.771,11.708,48.179,1.0
196.8833,128.107852,37.682389,2932.788648,77.837,11.752,48.438,1.0
196.9,128.107886,37.682422,2933.4817632,77.903,11.795,48.697,1.0
196.9166,128.107921,37.682454,2934.1782312,77.97,11.837,48.956,1.0
196.9333,128.107956,37.682486,2934.8771376,78.035,11.879,49.216,1.0
196.95,128.107991,37.682518,2935.5790920000004,78.099,11.921,49.475,1.0
196.9666,128.108026,37.682549,2936.2840944,78.161,11.963,49.735,1.0
196.9833,128.108061,37.682581,2936.99184,78.224,12.004,49.996,1.0
197.0,128.108097,37.682612,2937.7023288,78.285,12.044,50.256,1.0
197.0166,128.108133,37.682644,2938.4158656,78.347,12.084,50.517,1.0
197.0333,128.108168,37.682675,2939.1321456,78.406,12.124,50.778,1.0
197.05,128.108204,37.682706,2939.8511688000003,78.463,12.164,51.04,1.0
197.0666,128.108241,37.682737,2940.5729352000003,78.517,12.203,51.301,1.0
197.0833,128.108277,37.682768,2941.2974448,78.571,12.242,51.563,1.0
197.1,128.108314,37.682799,2942.0246976000003,78.623,12.281,51.825,1.0
197.1166,128.10835,37.682829,2942.7549984,78.674,12.319,52.087,1.0
197.1333,128.108387,37.68286,2943.4877376,78.725,12.356,52.35,1.0
197.15,128.108424,37.68289,2944.22322,78.776,12.393,52.613,1.0
197.1666,128.108461,37.68292,2944.9614456000004,78.827,12.43,52.876,1.0
197.1833,128.108499,37.68295,2945.7021096000003,78.878,12.467,53.14,1.0
197.2,128.108536,37.68298,2946.4458216,78.929,12.503,53.403,1.0
197.2166,128.108574,37.683009,2947.191972,78.981,12.539,53.667,1.0
197.2333,128.108612,37.683039,2947.9405608,79.025,12.571,53.915,1.0
197.25,128.10865,37.683068,2948.6921976000003,79.062,12.601,54.148,1.0
197.2666,128.108688,37.683098,2949.445968,79.094,12.629,54.372,1.0
197.2833,128.108726,37.683127,2950.2024816000003,79.123,12.656,54.592,1.0
197.3,128.108765,37.683156,2950.9614336,79.15,12.682,54.812,1.0
197.3166,128.108803,37.683185,2951.7231288,79.176,12.708,55.034,1.0
197.3333,128.108842,37.683213,2952.4869576000006,79.2,12.73,55.238,1.0
197.35,128.108881,37.683242,2953.2532248,79.217,12.745,55.407,1.0
197.3666,128.10892,37.68327,2954.0216256000003,79.229,12.754,55.544,1.0
197.3833,128.108959,37.683299,2954.7921600000004,79.239,12.759,55.662,1.0
197.4,128.108999,37.683327,2955.5651328000004,79.249,12.763,55.773,1.0
197.4166,128.109038,37.683355,2956.3402392000003,79.262,12.767,55.885,1.0
197.4333,128.109078,37.683383,2957.1174792,79.259,12.768,55.98,1.0
197.45,128.109118,37.68341,2957.896548,79.237,12.765,56.037,1.0
197.4666,128.109158,37.683438,2958.6777504,79.199,12.756,56.066,1.0
197.4833,128.109198,37.683466,2959.4607816000002,79.149,12.745,56.081,1.0
197.5,128.109238,37.683493,2960.2456416000005,79.092,12.733,56.092,1.0
197.5166,128.109278,37.68352,2961.0323304000003,79.031,12.721,56.108,1.0
197.5333,128.109319,37.683547,2961.8202384,78.997,12.702,56.109,1.0
197.55,128.109359,37.683575,2962.6093656000003,78.985,12.674,56.078,1.0
197.5666,128.1094,37.683602,2963.3997120000004,78.991,12.634,55.996,1.0
197.5833,128.10944,37.683628,2964.190668,79.013,12.588,55.877,1.0
197.6,128.109481,37.683655,2964.9828432,79.054,12.541,55.742,1.0
197.6166,128.109522,37.683682,2965.7759328,79.111,12.494,55.605,1.0
197.6333,128.109563,37.683709,2966.5699368,79.337,12.434,55.475,1.0
197.65,128.109604,37.683735,2967.3642456000002,79.724,12.363,55.353,1.0
197.6666,128.109645,37.683762,2968.1582496,80.277,12.285,55.239,1.0
197.6833,128.109687,37.683788,2968.9513392000003,80.991,12.208,55.132,1.0
197.7,128.109728,37.683815,2969.7435144000005,81.837,12.137,55.029,1.0
197.7166,128.109769,37.683841,2970.5344704,82.787,12.074,54.93,1.0
197.7333,128.109811,37.683868,2971.324512,83.852,12.016,54.834,1.0
197.75,128.109852,37.683894,2972.1133344000004,85.007,11.961,54.742,1.0
197.7666,128.109894,37.683921,2972.9009376,86.23,11.91,54.652,1.0
197.7833,128.109935,37.683947,2973.6876263999998,87.502,11.862,54.565,1.0
197.8,128.109977,37.683973,2974.4727912000003,88.812,11.819,54.48,1.0
197.8166,128.110019,37.684,2975.256432,90.147,11.78,54.397,1.0
197.8333,128.11006,37.684026,2976.0391584,91.555,11.737,54.315,1.0
197.85,128.110102,37.684052,2976.820056,93.028,11.692,54.235,1.0
197.8666,128.110144,37.684079,2977.5997344,94.557,11.647,54.158,1.0
197.8833,128.110186,37.684105,2978.3772792,96.132,11.604,54.083,1.0
197.9,128.110228,37.684131,2979.1529952,97.746,11.565,54.012,1.0
197.9166,128.11027,37.684157,2979.9271872000004,99.388,11.53,53.942,1.0
197.9333,128.110312,37.684184,2980.6983312,100.833,11.513,53.878,1.0
197.95,128.110354,37.68421,2981.4673416000005,102.092,11.512,53.819,1.0
197.9666,128.110396,37.684236,2982.2345232000002,103.16,11.519,53.764,1.0
197.9833,128.110438,37.684262,2982.9992664,104.04,11.526,53.711,1.0
198.0,128.110481,37.684288,2983.7612664000003,104.737,11.53,53.659,1.0
198.0166,128.110523,37.684314,2984.5205232000003,105.264,11.532,53.61,1.0
198.0333,128.110565,37.68434,2985.2770368,105.627,11.528,53.561,1.0
198.05,128.110608,37.684366,2986.0298928,105.839,11.519,53.514,1.0
198.0666,128.11065,37.684392,2986.7793960000004,105.933,11.506,53.468,1.0
198.0833,128.110693,37.684418,2987.5249368000004,105.942,11.488,53.422,1.0
198.1,128.110736,37.684444,2988.2680392,105.895,11.465,53.378,1.0
198.1166,128.110778,37.684469,2989.0077888,105.811,11.437,53.335,1.0
198.1333,128.110821,37.684495,2989.7460144,105.927,11.385,53.286,1.0
198.15,128.110864,37.684521,2990.4821064000002,106.234,11.309,53.233,1.0
198.1666,128.110907,37.684546,2991.2151504000003,106.745,11.223,53.179,1.0
198.1833,128.11095,37.684572,2991.945756,107.463,11.138,53.128,1.0
198.2,128.110993,37.684598,2992.6745328,108.385,11.057,53.079,1.0
198.2166,128.111035,37.684624,2993.4014807999997,109.497,10.981,53.034,1.0
198.2333,128.111078,37.684649,2994.1272096000002,110.783,10.91,52.992,1.0
198.25,128.111121,37.684675,2994.852024,112.207,10.842,52.951,1.0
198.2666,128.111164,37.684701,2995.5762288,113.733,10.781,52.913,1.0
198.2833,128.111207,37.684727,2996.3001288,115.326,10.726,52.878,1.0
198.3,128.11125,37.684752,2997.0222000000003,116.963,10.677,52.845,1.0
198.3166,128.111293,37.684778,2997.7436616,118.625,10.633,52.815,1.0
198.3333,128.111336,37.684804,2998.4660375999997,120.344,10.587,52.783,1.0
198.35,128.111379,37.68483,2999.1890232,122.11,10.541,52.748,1.0
198.3666,128.111422,37.684856,2999.9110944,123.914,10.495,52.713,1.0
198.3833,128.111465,37.684882,3000.6331656,125.747,10.451,52.679,1.0
198.4,128.111508,37.684908,3001.354932,127.601,10.41,52.646,1.0
198.4166,128.111551,37.684934,3002.0766984,129.468,10.372,52.614,1.0
198.4333,128.111594,37.68496,3002.7999888000004,131.42,10.332,52.579,1.0
198.45,128.111637,37.684986,3003.525108,133.448,10.289,52.538,1.0
198.4666,128.11168,37.685012,3004.2523608,135.54,10.246,52.496,1.0
198.4833,128.111723,37.685038,3004.9805280000005,137.682,10.206,52.456,1.0
198.5,128.111766,37.685065,3005.7099144000003,139.862,10.17,52.419,1.0
198.5166,128.111809,37.685091,3006.4402152,142.064,10.138,52.385,1.0
198.5333,128.111852,37.685117,3007.1744784,144.337,10.107,52.348,1.0
198.55,128.111895,37.685143,3007.9117896000002,146.67,10.076,52.308,1.0
198.5666,128.111938,37.68517,3008.6536728,149.062,10.046,52.265,1.0
198.5833,128.111981,37.685196,3009.3982992,151.51,10.017,52.223,1.0
198.6,128.112024,37.685223,3010.1456688000003,154.0,9.992,52.182,1.0
198.6166,128.112067,37.685249,3010.8954768,156.52,9.97,52.144,1.0
198.6333,128.11211,37.685276,3011.6510760000006,159.083,9.95,52.106,1.0
198.65,128.112153,37.685302,3012.4097232000004,161.682,9.933,52.068,1.0
198.6666,128.112197,37.685329,3013.1723328000003,164.313,9.919,52.03,1.0
198.6833,128.11224,37.685355,3013.9389048000003,166.973,9.907,51.991,1.0
198.7,128.112283,37.685382,3014.7091344,169.658,9.897,51.954,1.0
198.7166,128.112326,37.685408,3015.4830216,172.365,9.89,51.918,1.0
198.7333,128.112369,37.685435,3016.2608712,175.09,9.885,51.883,1.0
198.75,128.112412,37.685461,3017.0423784000004,177.83,9.883,51.849,1.0
198.7666,128.112455,37.685488,3017.8272384,-179.417,9.884,51.816,1.0
198.7833,128.112498,37.685515,3018.615756,-176.656,9.886,51.785,1.0
198.8,128.112542,37.685541,3019.4076264,-173.89,9.891,51.755,1.0
198.8166,128.112585,37.685568,3020.2025448,-171.12,9.899,51.726,1.0
198.8333,128.112628,37.685595,3020.9999016,-168.349,9.889,51.696,1.0
198.85,128.112671,37.685621,3021.7990872000005,-165.582,9.843,51.659,1.0
198.8666,128.112715,37.685648,3022.5997968,-162.82,9.758,51.61,1.0
198.8833,128.112758,37.685675,3023.4020304000005,-160.066,9.647,51.552,1.0
198.9,128.112801,37.685701,3024.2054832,-157.321,9.528,51.488,1.0
198.9166,128.112845,37.685728,3025.0095456000004,-154.59,9.41,51.42,1.0
198.9333,128.112888,37.685755,3025.8111696,-152.001,9.272,51.349,1.0
198.95,128.112932,37.685782,3026.6100504,-149.549,9.098,51.261,1.0
198.9666,128.112975,37.685808,3027.4040544,-147.216,8.886,51.143,1.0
198.9833,128.113018,37.685835,3028.1931816,-144.979,8.655,50.998,1.0
199.0,128.113062,37.685862,3028.9792608,-142.813,8.426,50.834,1.0
199.0166,128.113106,37.685889,3029.7616824,-140.693,8.208,50.659,1.0
199.0333,128.113149,37.685916,3030.5370936000004,-138.74,7.981,50.472,1.0
199.05,128.113193,37.685942,3031.3054944,-136.934,7.729,50.261,1.0
199.0666,128.113236,37.685969,3032.0656656,-135.246,7.462,50.023,1.0
199.0833,128.11328,37.685996,3032.8169976,-133.65,7.197,49.766,1.0
199.1,128.113323,37.686023,3033.5622336,-132.119,6.947,49.499,1.0
199.1166,128.113366,37.686051,3034.3004592,-130.629,6.715,49.229,1.0
199.1333,128.11341,37.686078,3035.0286264,-129.253,6.482,48.947,1.0
199.15,128.113453,37.686105,3035.7473448,-127.974,6.24,48.648,1.0
199.1666,128.113497,37.686132,3036.4560048000003,-126.77,5.999,48.335,1.0
199.1833,128.11354,37.68616,3037.1564352000005,-125.622,5.768,48.016,1.0
199.2,128.113583,37.686187,3037.8477215999997,-124.512,5.552,47.697,1.0
199.2166,128.113626,37.686215,3038.5301688000004,-123.426,5.352,47.379,1.0
199.2333,128.11367,37.686242,3039.2019480000004,-122.411,5.152,47.052,1.0
199.25,128.113713,37.68627,3039.8633640000003,-121.456,4.952,46.714,1.0
199.2666,128.113756,37.686298,3040.5150264,-120.547,4.756,46.373,1.0
199.2833,128.113799,37.686326,3041.1569352000006,-119.672,4.571,46.032,1.0
199.3,128.113841,37.686354,3041.7893952,-118.821,4.398,45.695,1.0
199.3166,128.113884,37.686382,3042.4121016,-117.984,4.237,45.362,1.0
199.3333,128.113927,37.68641,3043.0238352000006,-117.196,4.082,45.029,1.0
199.35,128.113969,37.686438,3043.6252056000003,-116.448,3.929,44.695,1.0
199.3666,128.114012,37.686467,3044.2171272,-115.733,3.783,44.363,1.0
199.3833,128.114054,37.686495,3044.7989904,-115.042,3.645,44.035,1.0
199.4,128.114097,37.686524,3045.3714048,-114.369,3.517,43.71,1.0
199.4166,128.114139,37.686553,3045.9340656,-113.707,3.397,43.389,1.0
199.4333,128.114181,37.686582,3046.4863632,-113.083,3.282,43.074,1.0
199.45,128.114223,37.686611,3047.0286024,-112.491,3.172,42.764,1.0
199.4666,128.114265,37.68664,3047.5616976,-111.925,3.068,42.458,1.0
199.4833,128.114306,37.686669,3048.0850392,-111.38,2.969,42.155,1.0
199.5,128.114348,37.686699,3048.5992368,-110.85,2.877,41.856,1.0
199.5166,128.11439,37.686728,3049.1039855999998,-110.329,2.791,41.559,1.0
199.5333,128.114431,37.686758,3049.5992856,-109.841,2.708,41.265,1.0
199.55,128.114472,37.686787,3050.0851368000003,-109.38,2.627,40.975,1.0
199.5666,128.114513,37.686817,3050.5618440000003,-108.942,2.549,40.687,1.0
199.5833,128.114554,37.686847,3051.0297120000005,-108.521,2.476,40.402,1.0
199.6,128.114595,37.686877,3051.4887408,-108.114,2.406,40.118,1.0
199.6166,128.114636,37.686908,3051.9389304000006,-107.716,2.341,39.836,1.0
199.6333,128.114676,37.686938,3052.3811952,-107.24,2.286,39.553,1.0
199.65,128.114717,37.686969,3052.8152304000005,-106.685,2.241,39.269,1.0
199.6666,128.114757,37.686999,3053.2425600000006,-106.061,2.201,38.987,1.0
199.6833,128.114797,37.68703,3053.6628792,-105.378,2.163,38.706,1.0
199.7,128.114837,37.687061,3054.0755784000003,-104.648,2.125,38.428,1.0
199.7166,128.114877,37.687091,3054.4812672,-103.886,2.088,38.153,1.0
199.7333,128.114917,37.687122,3054.8799456,-103.163,2.049,37.882,1.0
199.75,128.114956,37.687154,3055.271004,-102.486,2.008,37.615,1.0
199.7666,128.114996,37.687185,3055.6547472,-101.853,1.969,37.351,1.0
199.7833,128.115035,37.687216,3056.0308704000004,-101.258,1.936,37.089,1.0
199.8,128.115074,37.687248,3056.4005928,-100.695,1.909,36.828,1.0
199.8166,128.115113,37.68728,3056.7633048000002,-100.153,1.888,36.567,1.0
199.8333,128.115152,37.687311,3057.119616,-99.682,1.867,36.307,1.0
199.85,128.115191,37.687343,3057.4692216,-99.272,1.845,36.048,1.0
199.8666,128.115229,37.687375,3057.8124264,-98.912,1.824,35.789,1.0
199.8833,128.115267,37.687407,3058.1492304000003,-98.593,1.807,35.53,1.0
199.9,128.115305,37.68744,3058.4799384000003,-98.306,1.793,35.27,1.0
199.9166,128.115343,37.687472,3058.8045504,-98.042,1.782,35.01,1.0
199.9333,128.115381,37.687505,3059.1233712000003,-97.817,1.772,34.749,1.0
199.95,128.115419,37.687537,3059.4364008000002,-97.627,1.761,34.488,1.0
199.9666,128.115456,37.68757,3059.7439440000003,-97.462,1.751,34.227,1.0
