Time,Longitude,Latitude,Altitude,Roll (deg),Pitch (deg),Yaw (deg),Health
0.0,128.181836,37.922728,4100.241228000001,0.0,-0.003,209.999,1.0
0.0166,128.181813,37.922697,4100.2272072000005,0.0,-0.011,209.999,1.0
0.0333,128.18179,37.922666,4100.214100800001,-0.075,-0.024,209.987,1.0
0.05,128.181768,37.922635,4100.201604,-0.224,-0.038,209.961,1.0
0.0666,128.181745,37.922604,4100.1906312,-0.448,-0.055,209.927,1.0
0.0833,128.181722,37.922573,4100.1814872,-0.75,-0.073,209.887,1.0
0.1,128.1817,37.922542,4100.1753912,-1.131,-0.091,209.845,1.0
0.1166,128.181677,37.922511,4100.1723432,-1.59,-0.11,209.801,1.0
0.1333,128.181654,37.92248,4100.1735624,-2.124,-0.127,209.756,1.0
0.15,128.181632,37.922449,4100.179048800001,-2.731,-0.141,209.711,1.0
0.1666,128.181609,37.922418,4100.1897168000005,-3.41,-0.152,209.667,1.0
0.1833,128.181586,37.922387,4100.2043472000005,-4.156,-0.163,209.623,1.0
0.2,128.181564,37.922356,4100.22294,-4.968,-0.173,209.581,1.0
0.2166,128.181541,37.922325,4100.2461048000005,-5.843,-0.183,209.538,1.0
0.2333,128.181519,37.922294,4100.2735368,-6.777,-0.181,209.496,1.0
0.25,128.181496,37.922263,4100.305236,-7.769,-0.168,209.453,1.0
0.2666,128.181473,37.922232,4100.3412024,-8.816,-0.146,209.409,1.0
0.2833,128.181451,37.922201,4100.3811312,-9.915,-0.119,209.365,1.0
0.3,128.181428,37.92217,4100.4253272000005,-11.065,-0.088,209.321,1.0
0.3166,128.181406,37.922139,4100.4734856000005,-12.261,-0.054,209.276,1.0
0.3333,128.181383,37.922108,4100.5259112,-13.504,-0.007,209.229,1.0
0.35,128.181361,37.922077,4100.5829088,-14.789,0.059,209.177,1.0
0.3666,128.181338,37.922046,4100.643868800001,-16.115,0.14,209.12,1.0
0.3833,128.181316,37.922015,4100.7090960000005,-17.48,0.233,209.059,1.0
0.4,128.181293,37.921984,4100.7788952,-18.881,0.333,208.994,1.0
0.4166,128.181271,37.921953,4100.8526568,-20.317,0.437,208.926,1.0
0.4333,128.181248,37.921922,4100.9312952,-21.785,0.557,208.851,1.0
0.45,128.181226,37.921891,4101.0148104,-23.284,0.7,208.763,1.0
0.4666,128.181204,37.92186,4101.1025928,-24.812,0.862,208.664,1.0
0.4833,128.181181,37.921829,4101.1955568,-26.366,1.037,208.556,1.0
0.5,128.181159,37.921797,4101.2930928000005,-27.945,1.22,208.438,1.0
0.5166,128.181137,37.921766,4101.3955056,-29.548,1.408,208.313,1.0
0.5333,128.181115,37.921735,4101.503404800001,-31.172,1.611,208.173,1.0
0.55,128.181092,37.921704,4101.6164856,-32.817,1.836,208.012,1.0
0.5666,128.18107,37.921673,4101.734748,-34.482,2.078,207.833,1.0
0.5833,128.181048,37.921641,4101.8584968,-36.166,2.329,207.639,1.0
0.6,128.181026,37.92161,4101.9877320000005,-37.869,2.583,207.431,1.0
0.6166,128.181005,37.921579,4102.1221488,-39.589,2.837,207.213,1.0
0.6333,128.180983,37.921547,4102.262661600001,-41.327,3.098,206.977,1.0
0.65,128.180961,37.921516,4102.4086608,-43.082,3.371,206.715,1.0
0.6666,128.180939,37.921485,4102.5601464,-44.853,3.65,206.433,1.0
0.6833,128.180918,37.921453,4102.717423200001,-46.642,3.93,206.133,1.0
0.7,128.180896,37.921422,4102.880186400001,-48.446,4.205,205.82,1.0
0.7166,128.180875,37.92139,4103.0487408,-50.266,4.472,205.496,1.0
0.7333,128.180854,37.921359,4103.2227816,-52.102,4.738,205.151,1.0
0.75,128.180832,37.921327,4103.4026136,-53.954,5.004,204.782,1.0
0.7666,128.180811,37.921295,4103.5876272000005,-55.822,5.266,204.393,1.0
0.7833,128.18079,37.921264,4103.7778224,-57.705,5.52,203.988,1.0
0.8,128.18077,37.921232,4103.9731992,-59.604,5.761,203.572,1.0
0.8166,128.180749,37.9212,4104.173148,-61.516,5.988,203.146,1.0
0.8333,128.180728,37.921168,4104.377973600001,-63.443,6.2,202.712,1.0
0.85,128.180708,37.921137,4104.5870664,-65.383,6.396,202.271,1.0
0.8666,128.180687,37.921105,4104.8004264,-67.335,6.574,201.825,1.0
0.8833,128.180667,37.921073,4105.017444,-69.299,6.733,201.377,1.0
0.9,128.180647,37.921041,4105.2378144,-71.273,6.874,200.927,1.0
0.9166,128.180627,37.921009,4105.4612328,-73.258,6.995,200.476,1.0
0.9333,128.180608,37.920976,4105.6870896,-75.251,7.098,200.027,1.0
0.95,128.180588,37.920944,4105.9153848000005,-77.253,7.181,199.579,1.0
0.9666,128.180569,37.920912,4106.145204,-79.262,7.245,199.133,1.0
0.9833,128.18055,37.92088,4106.3765472000005,-81.278,7.29,198.69,1.0
1.0,128.180531,37.920847,4106.6085,-83.301,7.316,198.251,1.0
1.0166,128.180512,37.920815,4106.8407576,-85.329,7.324,197.815,1.0
1.0333,128.180493,37.920783,4107.072405600001,-87.289,7.321,197.383,1.0
1.05,128.180474,37.92075,4107.303444,-89.181,7.307,196.956,1.0
1.0666,128.180456,37.920718,4107.5329584,-91.009,7.281,196.534,1.0
1.0833,128.180438,37.920685,4107.7612536,-92.778,7.241,196.117,1.0
1.1,128.18042,37.920652,4107.98772,-94.494,7.186,195.704,1.0
1.1166,128.180402,37.92062,4108.2120528000005,-96.162,7.115,195.297,1.0
1.1333,128.180384,37.920587,4108.4336424,-97.7,7.037,194.895,1.0
1.15,128.180366,37.920554,4108.6524888,-99.114,6.953,194.497,1.0
1.1666,128.180348,37.920521,4108.8688968,-100.417,6.86,194.104,1.0
1.1833,128.180331,37.920488,4109.0825616,-101.618,6.757,193.716,1.0
1.2,128.180313,37.920455,4109.2931784,-102.73,6.642,193.335,1.0
1.2166,128.180296,37.920422,4109.5010520000005,-103.762,6.516,192.96,1.0
1.2333,128.180279,37.920389,4109.7058776,-104.683,6.382,192.591,1.0
1.25,128.180261,37.920356,4109.907655200001,-105.503,6.242,192.227,1.0
1.2666,128.180244,37.920323,4110.1060800000005,-106.234,6.094,191.87,1.0
1.2833,128.180227,37.92029,4110.3008472,-106.885,5.939,191.52,1.0
1.3,128.18021,37.920257,4110.4919568000005,-107.467,5.776,191.176,1.0
1.3166,128.180194,37.920223,4110.6784944,-107.989,5.607,190.84,1.0
1.3333,128.180177,37.92019,4110.8616792,-108.445,5.432,190.509,1.0
1.35,128.18016,37.920157,4111.039987200001,-108.844,5.254,190.186,1.0
1.3666,128.180144,37.920123,4111.2137232000005,-109.193,5.072,189.869,1.0
1.3833,128.180128,37.92009,4111.382277600001,-109.497,4.886,189.558,1.0
1.4,128.180111,37.920057,4111.5459552,-109.763,4.697,189.253,1.0
1.4166,128.180095,37.920023,4111.7044512,-109.997,4.506,188.954,1.0
1.4333,128.180079,37.91999,4111.8577656,-110.197,4.318,188.672,1.0
1.45,128.180064,37.919956,4112.0052888,-110.367,4.137,188.417,1.0
1.4666,128.180048,37.919922,4112.147630400001,-110.51,3.965,188.193,1.0
1.4833,128.180032,37.919889,4112.2841808,-110.629,3.8,187.995,1.0
1.5,128.180017,37.919855,4112.41494,-110.729,3.641,187.814,1.0
1.5166,128.180002,37.919821,4112.539908,-110.812,3.485,187.645,1.0
1.5333,128.179987,37.919787,4112.6590848000005,-110.879,3.338,187.5,1.0
1.55,128.179972,37.919753,4112.7724704,-110.933,3.203,187.39,1.0
1.5666,128.179957,37.91972,4112.8800648,-110.974,3.082,187.316,1.0
1.5833,128.179942,37.919686,4112.981868,-111.006,2.972,187.271,1.0
1.6,128.179928,37.919652,4113.077880000001,-111.031,2.869,187.245,1.0
1.6166,128.179913,37.919618,4113.1681008000005,-111.051,2.773,187.233,1.0
1.6333,128.179899,37.919584,4113.2522256,-111.069,2.686,187.246,1.0
1.65,128.179885,37.919549,4113.3311688,-111.088,2.61,187.288,1.0
1.6666,128.179871,37.919515,4113.404016,-111.107,2.544,187.352,1.0
1.6833,128.179857,37.919481,4113.4716816,-111.129,2.485,187.432,1.0
1.7,128.179843,37.919447,4113.533556,-111.154,2.43,187.522,1.0
1.7166,128.179829,37.919413,4113.589944,-111.183,2.379,187.618,1.0
1.7333,128.179815,37.919379,4113.640236,-111.225,2.329,187.717,1.0
1.75,128.179802,37.919344,4113.6853464000005,-111.281,2.28,187.817,1.0
1.7666,128.179789,37.91931,4113.7249704000005,-111.349,2.231,187.918,1.0
1.7833,128.179775,37.919276,4113.7594128,-111.43,2.184,188.019,1.0
1.8,128.179762,37.919241,4113.7883688,-111.524,2.136,188.119,1.0
1.8166,128.179749,37.919207,4113.8121432,-111.63,2.089,188.217,1.0
1.8333,128.179736,37.919172,4113.8301264,-111.808,2.038,188.316,1.0
1.85,128.179723,37.919138,4113.8426232,-112.058,1.98,188.414,1.0
1.8666,128.179711,37.919103,4113.8487192,-112.374,1.92,188.513,1.0
1.8833,128.179698,37.919069,4113.8484144,-112.753,1.858,188.61,1.0
1.9,128.179686,37.919034,4113.841708800001,-113.188,1.796,188.705,1.0
1.9166,128.179674,37.919,4113.829212000001,-113.673,1.735,188.798,1.0
1.9333,128.179661,37.918965,4113.8097048,-114.24,1.671,188.89,1.0
1.95,128.179649,37.91893,4113.7834920000005,-114.887,1.605,188.98,1.0
1.9666,128.179637,37.918895,4113.749659200001,-115.611,1.537,189.068,1.0
1.9833,128.179626,37.918861,4113.708816,-116.413,1.467,189.154,1.0
2.0,128.179614,37.918826,4113.6609624,-117.292,1.398,189.24,1.0
2.0166,128.179602,37.918791,4113.605793600001,-118.245,1.328,189.324,1.0
2.0333,128.179591,37.918756,4113.5436144000005,-119.105,1.274,189.4,1.0
2.05,128.17958,37.918722,4113.4747296000005,-119.877,1.234,189.468,1.0
2.0666,128.179568,37.918687,4113.4003584,-120.558,1.205,189.531,1.0
2.0833,128.179557,37.918652,4113.320196000001,-121.147,1.183,189.589,1.0
2.1,128.179546,37.918617,4113.2351568,-121.651,1.166,189.645,1.0
2.1166,128.179535,37.918582,4113.1452408000005,-122.08,1.15,189.699,1.0
2.1333,128.179524,37.918547,4113.051057600001,-122.419,1.137,189.751,1.0
2.15,128.179513,37.918512,4112.9532168000005,-122.67,1.125,189.802,1.0
2.1666,128.179502,37.918477,4112.8517184,-122.837,1.114,189.852,1.0
2.1833,128.179491,37.918442,4112.747172,-122.922,1.104,189.9,1.0
2.2,128.17948,37.918407,4112.640187200001,-122.932,1.094,189.948,1.0
2.2166,128.179469,37.918372,4112.530764,-122.878,1.083,189.996,1.0
2.2333,128.179458,37.918337,4112.4198168,-122.75,1.072,190.044,1.0
2.25,128.179447,37.918302,4112.3070408,-122.552,1.061,190.091,1.0
2.2666,128.179436,37.918266,4112.1933504,-122.288,1.051,190.137,1.0
2.2833,128.179425,37.918231,4112.0787456,-121.958,1.041,190.183,1.0
2.3,128.179414,37.918196,4111.963836,-121.567,1.03,190.229,1.0
2.3166,128.179403,37.918161,4111.8486216,-121.115,1.02,190.275,1.0
2.3333,128.179392,37.918126,4111.732797600001,-120.606,1.009,190.321,1.0
2.35,128.179381,37.91809,4111.616364,-120.042,0.998,190.366,1.0
2.3666,128.17937,37.918055,4111.4993208000005,-119.424,0.987,190.411,1.0
2.3833,128.179359,37.91802,4111.381668,-118.755,0.975,190.456,1.0
2.4,128.179348,37.917984,4111.2637104,-118.036,0.963,190.5,1.0
2.4166,128.179337,37.917949,4111.1445336,-117.27,0.951,190.545,1.0
2.4333,128.179326,37.917914,4111.025052,-116.457,0.938,190.589,1.0
2.45,128.179314,37.917878,4110.9043512,-115.6,0.925,190.633,1.0
2.4666,128.179303,37.917843,4110.7830408,-114.701,0.912,190.678,1.0
2.4833,128.179292,37.917807,4110.6608160000005,-113.76,0.899,190.722,1.0
2.5,128.179281,37.917772,4110.5376768,-112.779,0.885,190.765,1.0
2.5166,128.179269,37.917736,4110.4133184,-111.76,0.871,190.809,1.0
2.5333,128.179258,37.917701,4110.2880456,-110.876,0.84,190.859,1.0
2.55,128.179247,37.917665,4110.1606392,-110.122,0.793,190.915,1.0
2.5666,128.179235,37.91763,4110.031404,-109.502,0.733,190.974,1.0
2.5833,128.179224,37.917594,4109.8994256000005,-109.017,0.666,191.035,1.0
2.6,128.179213,37.917558,4109.7650088,-108.667,0.595,191.096,1.0
2.6166,128.179201,37.917523,4109.627544000001,-108.449,0.521,191.157,1.0
2.6333,128.17919,37.917487,4109.4867264,-108.359,0.447,191.217,1.0
2.65,128.179179,37.917451,4109.3428608,-108.395,0.372,191.277,1.0
2.6666,128.179168,37.917416,4109.1953376,-108.55,0.297,191.335,1.0
2.6833,128.179157,37.91738,4109.043852,-108.822,0.223,191.392,1.0
2.7,128.179146,37.917344,4108.8887088,-109.206,0.15,191.448,1.0
2.7166,128.179135,37.917308,4108.7292984000005,-109.697,0.077,191.503,1.0
2.7333,128.179124,37.917273,4108.5656208,-110.29,0.006,191.558,1.0
2.75,128.179113,37.917237,4108.397066400001,-110.983,-0.064,191.611,1.0
2.7666,128.179102,37.917201,4108.22394,-111.77,-0.133,191.664,1.0
2.7833,128.179091,37.917165,4108.045632,-112.649,-0.201,191.715,1.0
2.8,128.179081,37.917129,4107.8618376,-113.615,-0.267,191.767,1.0
2.8166,128.17907,37.917093,4107.672252,-114.664,-0.333,191.817,1.0
2.8333,128.17906,37.917057,4107.477484800001,-115.794,-0.397,191.867,1.0
2.85,128.179049,37.917021,4107.2772312,-117.0,-0.459,191.917,1.0
2.8666,128.179039,37.916985,4107.0711864,-118.28,-0.519,191.967,1.0
2.8833,128.179029,37.916949,4106.8593504,-119.631,-0.578,192.017,1.0
2.9,128.179019,37.916913,4106.642028,-121.05,-0.635,192.067,1.0
2.9166,128.179009,37.916877,4106.4186096,-122.536,-0.69,192.117,1.0
2.9333,128.178999,37.916841,4106.1894,-124.084,-0.743,192.168,1.0
2.95,128.178989,37.916805,4105.9543992,-125.694,-0.795,192.218,1.0
2.9666,128.178979,37.916769,4105.7136072,-127.364,-0.844,192.269,1.0
2.9833,128.178969,37.916733,4105.466414400001,-129.09,-0.891,192.321,1.0
3.0,128.178959,37.916697,4105.2134304,-130.871,-0.936,192.372,1.0
3.0166,128.178949,37.916661,4104.9543504,-132.705,-0.979,192.424,1.0
3.0333,128.17894,37.916625,4104.6891744,-134.59,-1.019,192.476,1.0
3.05,128.17893,37.916589,4104.4179024000005,-136.524,-1.057,192.529,1.0
3.0666,128.17892,37.916553,4104.140229600001,-138.504,-1.092,192.581,1.0
3.0833,128.178911,37.916517,4103.8564608,-140.529,-1.125,192.633,1.0
3.1,128.178901,37.916481,4103.566596000001,-142.597,-1.155,192.685,1.0
3.1166,128.178892,37.916445,4103.2706352000005,-144.705,-1.182,192.737,1.0
3.1333,128.178882,37.916408,4102.9682736,-146.851,-1.206,192.788,1.0
3.15,128.178873,37.916372,4102.659816,-149.033,-1.228,192.839,1.0
3.1666,128.178863,37.916336,4102.3452624,-151.25,-1.246,192.888,1.0
3.1833,128.178854,37.9163,4102.024308,-153.498,-1.262,192.937,1.0
3.2,128.178845,37.916264,4101.697562400001,-155.775,-1.275,192.985,1.0
3.2166,128.178835,37.916228,4101.364416,-158.08,-1.285,193.032,1.0
3.2333,128.178826,37.916192,4101.0248688,-160.41,-1.301,193.073,1.0
3.25,128.178817,37.916155,4100.679225600001,-162.761,-1.323,193.111,1.0
3.2666,128.178807,37.916119,4100.327181600001,-165.133,-1.349,193.145,1.0
3.2833,128.178798,37.916083,4099.9693464,-167.523,-1.377,193.176,1.0
3.3,128.178789,37.916047,4099.604805600001,-169.926,-1.407,193.206,1.0
3.3166,128.178779,37.916011,4099.2344736000005,-172.342,-1.437,193.234,1.0
3.3333,128.17877,37.915975,4098.857436,-174.767,-1.479,193.259,1.0
3.35,128.178761,37.915939,4098.473388,-177.199,-1.543,193.281,1.0
3.3666,128.178751,37.915902,4098.0823296,-179.635,-1.641,193.302,1.0
3.3833,128.178742,37.915866,4097.6845656000005,177.926,-1.769,193.324,1.0
3.4,128.178733,37.91583,4097.2794864,175.49,-1.922,193.348,1.0
3.4166,128.178723,37.915794,4096.867092,173.057,-2.092,193.376,1.0
3.4333,128.178714,37.915758,4096.447077600001,170.631,-2.29,193.412,1.0
3.45,128.178705,37.915722,4096.0185288,168.216,-2.527,193.458,1.0
3.4666,128.178695,37.915686,4095.5817504,165.812,-2.799,193.519,1.0
3.4833,128.178686,37.91565,4095.1364376,163.423,-3.096,193.594,1.0
3.5,128.178676,37.915613,4094.6819808,161.052,-3.412,193.684,1.0
3.5166,128.178667,37.915577,4094.2186848000006,158.699,-3.741,193.789,1.0
3.5333,128.178657,37.915541,4093.7456352000004,156.368,-4.093,193.916,1.0
3.55,128.178648,37.915505,4093.2625272,154.059,-4.467,194.066,1.0
3.5666,128.178638,37.915469,4092.769056,151.774,-4.858,194.239,1.0
3.5833,128.178629,37.915433,4092.2652216,149.513,-5.258,194.434,1.0
3.6,128.178619,37.915397,4091.7507192000003,147.277,-5.664,194.651,1.0
3.6166,128.178609,37.915361,4091.225244,145.066,-6.072,194.89,1.0
3.6333,128.178599,37.915325,4090.6881864,142.88,-6.484,195.152,1.0
3.65,128.17859,37.915289,4090.140156,140.715,-6.897,195.438,1.0
3.6666,128.17858,37.915253,4089.5805432,138.57,-7.303,195.743,1.0
3.6833,128.17857,37.915217,4089.009348,136.442,-7.697,196.065,1.0
3.7,128.178559,37.915181,4088.4268752000003,134.33,-8.078,196.4,1.0
3.7166,128.178549,37.915145,4087.83282,132.231,-8.441,196.747,1.0
3.7333,128.178539,37.91511,4087.2277920000006,130.144,-8.78,197.096,1.0
3.75,128.178528,37.915074,4086.6117912000004,128.069,-9.085,197.436,1.0
3.7666,128.178518,37.915038,4085.9848176,126.003,-9.358,197.766,1.0
3.7833,128.178507,37.915002,4085.3471760000007,123.945,-9.604,198.09,1.0
3.8,128.178496,37.914966,4084.6991712000004,121.89,-9.826,198.41,1.0
3.8166,128.178485,37.914931,4084.041108,119.838,-10.027,198.729,1.0
3.8333,128.178474,37.914895,4083.3732912000005,117.786,-10.203,199.038,1.0
3.85,128.178463,37.91486,4082.6960256,115.733,-10.356,199.338,1.0
3.8666,128.178451,37.914824,4082.0096160000003,113.677,-10.489,199.631,1.0
3.8833,128.17844,37.914788,4081.314672,111.616,-10.604,199.921,1.0
3.9,128.178428,37.914753,4080.6114984000005,109.549,-10.703,200.209,1.0
3.9166,128.178416,37.914717,4079.9007048000003,107.474,-10.788,200.495,1.0
3.9333,128.178404,37.914682,4079.1822912000002,105.39,-10.858,200.781,1.0
3.95,128.178392,37.914647,4078.457172,103.296,-10.915,201.067,1.0
3.9666,128.17838,37.914611,4077.7253472,101.193,-10.959,201.352,1.0
3.9833,128.178367,37.914576,4076.988036,99.078,-10.99,201.637,1.0
4.0,128.178354,37.914541,4076.2449336,96.952,-11.008,201.921,1.0
4.0166,128.178342,37.914506,4075.4972592000004,94.814,-11.014,202.204,1.0
4.0333,128.178329,37.91447,4074.7450128,92.665,-11.007,202.489,1.0
4.05,128.178315,37.914435,4073.988804,90.503,-10.988,202.774,1.0
4.0666,128.178302,37.9144,4073.2295472,88.328,-10.957,203.06,1.0
4.0833,128.178288,37.914365,4072.4672424,86.142,-10.913,203.344,1.0
4.1,128.178275,37.91433,4071.7031088000003,83.944,-10.857,203.627,1.0
4.1166,128.178261,37.914295,4070.9371464000005,81.734,-10.788,203.906,1.0
4.1333,128.178247,37.91426,4070.1699648,79.546,-10.712,204.179,1.0
4.15,128.178233,37.914225,4069.4021736000004,77.384,-10.628,204.444,1.0
4.1666,128.178218,37.91419,4068.633468,75.245,-10.536,204.703,1.0
4.1833,128.178204,37.914156,4067.8647624000005,73.128,-10.434,204.956,1.0
4.2,128.178189,37.914121,4067.0966664000002,71.029,-10.322,205.202,1.0
4.2166,128.178174,37.914086,4066.3294848000005,68.948,-10.199,205.443,1.0
4.2333,128.178159,37.914051,4065.5632176,67.026,-10.085,205.67,1.0
4.25,128.178144,37.914016,4064.7981696,65.259,-9.983,205.884,1.0
4.2666,128.178129,37.913982,4064.0337312,63.645,-9.886,206.087,1.0
4.2833,128.178114,37.913947,4063.2699024000003,62.185,-9.789,206.281,1.0
4.3,128.178098,37.913912,4062.5066831999998,60.874,-9.691,206.469,1.0
4.3166,128.178083,37.913878,4061.7437688000005,59.709,-9.589,206.65,1.0
4.3333,128.178067,37.913843,4060.9811592,58.685,-9.49,206.814,1.0
4.35,128.178052,37.913808,4060.2182448,57.799,-9.399,206.954,1.0
4.3666,128.178036,37.913774,4059.4550256,57.043,-9.313,207.076,1.0
4.3833,128.17802,37.913739,4058.6911968,56.411,-9.231,207.185,1.0
4.4,128.178004,37.913704,4057.9264536,55.896,-9.15,207.285,1.0
4.4166,128.177988,37.91367,4057.1604912000003,55.493,-9.069,207.378,1.0
4.4333,128.177972,37.913635,4056.3933096000005,55.193,-8.983,207.477,1.0
4.45,128.177956,37.9136,4055.6242992,54.992,-8.893,207.581,1.0
4.4666,128.17794,37.913565,4054.8534600000003,54.887,-8.798,207.69,1.0
4.4833,128.177924,37.913531,4054.0817064000003,54.873,-8.701,207.802,1.0
4.5,128.177908,37.913496,4053.308124,54.948,-8.603,207.916,1.0
4.5166,128.177891,37.913461,4052.5333224,55.108,-8.505,208.03,1.0
4.5333,128.177875,37.913427,4051.7573016,55.344,-8.418,208.138,1.0
4.55,128.177859,37.913392,4050.9800616,55.654,-8.35,208.227,1.0
4.5666,128.177842,37.913357,4050.2016024000004,56.039,-8.301,208.297,1.0
4.5833,128.177826,37.913322,4049.4216192000004,56.497,-8.266,208.353,1.0
4.6,128.177809,37.913287,4048.6404168000004,57.026,-8.24,208.4,1.0
4.6166,128.177792,37.913253,4047.8579952,57.624,-8.22,208.441,1.0
4.6333,128.177776,37.913218,4047.0743544,58.286,-8.213,208.471,1.0
4.65,128.177759,37.913183,4046.2894944,59.011,-8.217,208.492,1.0
4.6666,128.177742,37.913148,4045.5031104,59.797,-8.229,208.507,1.0
4.6833,128.177725,37.913113,4044.7152024,60.643,-8.246,208.518,1.0
4.7,128.177708,37.913079,4043.9257704,61.549,-8.268,208.527,1.0
4.7166,128.177691,37.913044,4043.1348144000003,62.513,-8.292,208.535,1.0
4.7333,128.177674,37.913009,4042.3426392,63.531,-8.314,208.554,1.0
4.75,128.177657,37.912974,4041.54894,64.602,-8.331,208.591,1.0
4.7666,128.17764,37.912939,4040.7537168000003,65.724,-8.344,208.642,1.0
4.7833,128.177623,37.912904,4039.9569696,66.897,-8.355,208.704,1.0
4.8,128.177606,37.912869,4039.1583936,68.122,-8.367,208.772,1.0
4.8166,128.177588,37.912835,4038.3582936000003,69.396,-8.38,208.845,1.0
4.8333,128.177571,37.9128,4037.5566696,70.718,-8.39,208.936,1.0
4.85,128.177553,37.912765,4036.7535216,72.083,-8.395,209.054,1.0
4.8666,128.177536,37.91273,4035.9485448,73.493,-8.396,209.196,1.0
4.8833,128.177518,37.912695,4035.1417392000003,74.947,-8.398,209.355,1.0
4.9,128.1775,37.91266,4034.3334096000003,76.444,-8.403,209.524,1.0
4.9166,128.177483,37.912625,4033.5229464000004,77.984,-8.412,209.699,1.0
4.9333,128.177465,37.91259,4032.7109592,79.563,-8.423,209.894,1.0
4.95,128.177447,37.912556,4031.8968384,81.181,-8.439,210.109,1.0
4.9666,128.177429,37.912521,4031.0805840000003,82.836,-8.46,210.339,1.0
4.9833,128.177411,37.912486,4030.2625008000005,84.529,-8.488,210.577,1.0
5.0,128.177393,37.912451,4029.4416744,86.259,-8.526,210.819,1.0
5.0166,128.177374,37.912416,4028.6187144000005,88.026,-8.572,211.063,1.0
5.0333,128.177356,37.912381,4027.7933160000002,89.826,-8.628,211.32,1.0
5.05,128.177338,37.912346,4026.9651744000003,91.659,-8.695,211.59,1.0
5.0666,128.177319,37.912312,4026.1342896000006,93.525,-8.774,211.867,1.0
5.0833,128.177301,37.912277,4025.3003568000004,95.424,-8.865,212.146,1.0
5.1,128.177282,37.912242,4024.4630712000003,97.355,-8.967,212.425,1.0
5.1166,128.177263,37.912207,4023.6224328000003,99.319,-9.082,212.701,1.0
5.1333,128.177244,37.912172,4022.7784416000004,101.315,-9.208,212.962,1.0
5.15,128.177226,37.912138,4021.930488,103.345,-9.345,213.209,1.0
5.1666,128.177206,37.912103,4021.078572,105.408,-9.492,213.442,1.0
5.1833,128.177187,37.912068,4020.2223888000003,107.503,-9.65,213.665,1.0
5.2,128.177168,37.912034,4019.3616336,109.63,-9.82,213.877,1.0
5.2166,128.177149,37.911999,4018.4966112,111.79,-10.001,214.081,1.0
5.2333,128.17713,37.911964,4017.6264072000004,113.983,-10.196,214.281,1.0
5.25,128.17711,37.911929,4016.7510216,116.209,-10.405,214.478,1.0
5.2666,128.177091,37.911895,4015.8707592,118.469,-10.629,214.669,1.0
5.2833,128.177071,37.91186,4014.9847056000003,120.764,-10.867,214.852,1.0
5.3,128.177051,37.911826,4014.0931656000002,123.093,-11.121,215.025,1.0
5.3166,128.177031,37.911791,4013.1961392000003,125.456,-11.39,215.184,1.0
5.3333,128.177012,37.911756,4012.2917976000003,127.819,-11.677,215.339,1.0
5.35,128.176992,37.911722,4011.3801408000004,130.179,-11.98,215.488,1.0
5.3666,128.176972,37.911687,4010.4605592000003,132.537,-12.299,215.627,1.0
5.3833,128.176951,37.911653,4009.5324432,134.897,-12.633,215.753,1.0
5.4,128.176931,37.911618,4008.5964024000004,137.26,-12.981,215.863,1.0
5.4166,128.176911,37.911584,4007.6518272000003,139.627,-13.342,215.957,1.0
5.4333,128.176891,37.911549,4006.6965840000003,141.866,-13.7,216.043,1.0
5.45,128.17687,37.911515,4005.7315872000004,143.98,-14.054,216.124,1.0
5.4666,128.17685,37.911481,4004.7553128,145.974,-14.407,216.199,1.0
5.4833,128.176829,37.911446,4003.767456,147.855,-14.757,216.267,1.0
5.5,128.176808,37.911412,4002.7671024,149.625,-15.107,216.331,1.0
5.5166,128.176787,37.911378,4001.7536424,151.29,-15.456,216.389,1.0
5.5333,128.176767,37.911344,4000.7270760000006,152.859,-15.792,216.437,1.0
5.55,128.176746,37.91131,3999.6864888000005,154.336,-16.109,216.472,1.0
5.5666,128.176725,37.911276,3998.6312712000004,155.724,-16.41,216.497,1.0
5.5833,128.176704,37.911242,3997.5608136,157.027,-16.703,216.515,1.0
5.6,128.176682,37.911208,3996.4742016,158.248,-16.99,216.529,1.0
5.6166,128.176661,37.911174,3995.3714352000006,159.39,-17.275,216.538,1.0
5.6333,128.17664,37.91114,3994.2516,160.455,-17.557,216.545,1.0
5.65,128.176619,37.911106,3993.1140864000004,161.448,-17.838,216.549,1.0
5.6666,128.176598,37.911073,3991.9601136,162.372,-18.119,216.551,1.0
5.6833,128.176576,37.911039,3990.7893768,163.228,-18.4,216.551,1.0
5.7,128.176555,37.911006,3989.6012664000004,164.021,-18.681,216.55,1.0
5.7166,128.176533,37.910972,3988.3966968,164.752,-18.963,216.548,1.0
5.7333,128.176512,37.910939,3987.1756680000003,165.425,-19.232,216.542,1.0
5.75,128.17649,37.910905,3985.9378752000002,166.044,-19.485,216.53,1.0
5.7666,128.176469,37.910872,3984.6836232000005,166.609,-19.726,216.515,1.0
5.7833,128.176447,37.910839,3983.4132168000006,167.121,-19.96,216.497,1.0
5.8,128.176426,37.910805,3982.1260464000006,167.582,-20.189,216.478,1.0
5.8166,128.176404,37.910772,3980.8227216,167.994,-20.417,216.456,1.0
5.8333,128.176382,37.910739,3979.5035472,168.36,-20.629,216.431,1.0
5.85,128.176361,37.910706,3978.1691328000006,168.682,-20.81,216.397,1.0
5.8666,128.176339,37.910673,3976.8188688000005,168.961,-20.964,216.358,1.0
5.8833,128.176317,37.91064,3975.4530600000003,169.199,-21.101,216.315,1.0
5.9,128.176295,37.910607,3974.0720112000004,169.398,-21.227,216.27,1.0
5.9166,128.176274,37.910574,3972.6754176,169.557,-21.347,216.224,1.0
5.9333,128.176252,37.910541,3971.2644984000003,169.68,-21.451,216.176,1.0
5.95,128.17623,37.910509,3969.8383392000005,169.768,-21.543,216.127,1.0
5.9666,128.176208,37.910476,3968.3978544,169.822,-21.626,216.077,1.0
5.9833,128.176186,37.910443,3966.9427392000002,169.843,-21.703,216.027,1.0
6.0,128.176165,37.910411,3965.4732984,169.832,-21.779,215.979,1.0
6.0166,128.176143,37.910378,3963.989532,169.789,-21.853,215.932,1.0
6.0333,128.176121,37.910345,3962.49144,169.716,-21.936,215.888,1.0
6.05,128.176099,37.910313,3960.979632,169.613,-22.028,215.847,1.0
6.0666,128.176077,37.910281,3959.4538032000005,169.48,-22.126,215.81,1.0
6.0833,128.176055,37.910248,3957.9142584,169.319,-22.23,215.775,1.0
6.1,128.176033,37.910216,3956.3606928,169.131,-22.336,215.743,1.0
6.1166,128.176011,37.910184,3954.793716,168.915,-22.444,215.713,1.0
6.1333,128.175989,37.910151,3953.2130232000004,168.672,-22.568,215.689,1.0
6.15,128.175967,37.910119,3951.6186144000003,168.401,-22.706,215.669,1.0
6.1666,128.175945,37.910087,3950.0104896000003,168.104,-22.854,215.654,1.0
6.1833,128.175923,37.910055,3948.3889536,167.78,-23.009,215.642,1.0
6.2,128.175901,37.910023,3946.7540064,167.43,-23.167,215.634,1.0
6.2166,128.175879,37.909991,3945.1053432000003,167.054,-23.328,215.628,1.0
6.2333,128.175857,37.909959,3943.4432688,166.652,-23.501,215.628,1.0
6.25,128.175835,37.909927,3941.7674784000005,166.223,-23.685,215.634,1.0
6.2666,128.175813,37.909895,3940.077972,165.768,-23.877,215.644,1.0
6.2833,128.175791,37.909863,3938.3750544,165.287,-24.073,215.658,1.0
6.3,128.175769,37.909832,3936.6584208000004,164.779,-24.272,215.676,1.0
6.3166,128.175746,37.9098,3934.9280712000004,164.246,-24.471,215.697,1.0
6.3333,128.175724,37.909768,3933.1840056000005,163.686,-24.68,215.725,1.0
6.35,128.175702,37.909737,3931.4259192000004,163.098,-24.897,215.759,1.0
6.3666,128.17568,37.909705,3929.6544215999998,162.483,-25.119,215.798,1.0
6.3833,128.175658,37.909674,3927.8689032,161.841,-25.344,215.843,1.0
6.4,128.175635,37.909643,3926.0693640000004,161.172,-25.569,215.891,1.0
6.4166,128.175613,37.909611,3924.2561088,160.476,-25.795,215.944,1.0
6.4333,128.175591,37.90958,3922.4285280000004,159.751,-26.028,216.005,1.0
6.45,128.175568,37.909549,3920.5872312,158.997,-26.268,216.073,1.0
6.4666,128.175546,37.909518,3918.7316088000002,158.214,-26.512,216.149,1.0
6.4833,128.175524,37.909487,3916.8616608,157.402,-26.758,216.23,1.0
6.5,128.175501,37.909456,3914.9779968,156.56,-27.003,216.317,1.0
6.5166,128.175479,37.909425,3913.0797024000003,155.69,-27.246,216.409,1.0
6.5333,128.175456,37.909394,3911.1673872000006,154.789,-27.496,216.511,1.0
6.55,128.175434,37.909363,3909.2404416000004,153.856,-27.752,216.623,1.0
6.5666,128.175411,37.909332,3907.2991704,152.891,-28.011,216.743,1.0
6.5833,128.175389,37.909302,3905.3435736000006,151.896,-28.269,216.87,1.0
6.6,128.175366,37.909271,3903.3736512,150.869,-28.526,217.004,1.0
6.6166,128.175343,37.909241,3901.3894032000003,149.812,-28.78,217.143,1.0
6.6333,128.17532,37.909211,3899.3905248,148.72,-29.038,217.295,1.0
6.65,128.175298,37.90918,3897.3770160000004,147.594,-29.302,217.46,1.0
6.6666,128.175275,37.90915,3895.3491816,146.435,-29.566,217.635,1.0
6.6833,128.175252,37.90912,3893.3070216,145.241,-29.829,217.818,1.0
6.7,128.175229,37.90909,3891.250536,144.015,-30.087,218.01,1.0
6.7166,128.175206,37.90906,3889.17942,142.757,-30.34,218.208,1.0
6.7333,128.175183,37.90903,3887.0942832,141.462,-30.596,218.421,1.0
6.75,128.17516,37.909001,3884.994516,140.13,-30.852,218.648,1.0
6.7666,128.175137,37.908971,3882.8807280000005,138.764,-31.107,218.887,1.0
6.7833,128.175113,37.908942,3880.753224,137.363,-31.357,219.136,1.0
6.8,128.17509,37.908912,3878.6113944,135.929,-31.599,219.393,1.0
6.8166,128.175067,37.908883,3876.4561536,134.463,-31.834,219.656,1.0
6.8333,128.175043,37.908854,3874.2875016,132.97,-32.05,219.914,1.0
6.85,128.175019,37.908825,3872.1054384,131.454,-32.246,220.163,1.0
6.8666,128.174996,37.908796,3869.9105736000006,129.912,-32.423,220.407,1.0
6.8833,128.174972,37.908767,3867.7032120000003,128.342,-32.587,220.649,1.0
6.9,128.174948,37.908738,3865.4830488000002,126.743,-32.739,220.891,1.0
6.9166,128.174924,37.90871,3863.2506936000004,125.113,-32.881,221.137,1.0
6.9333,128.1749,37.908681,3861.0067559999998,123.454,-33.01,221.381,1.0
6.95,128.174876,37.908653,3858.7509312,121.767,-33.127,221.623,1.0
6.9666,128.174852,37.908624,3856.4841336,120.048,-33.233,221.867,1.0
6.9833,128.174827,37.908596,3854.2066680000003,118.299,-33.33,222.112,1.0
7.0,128.174803,37.908568,3851.9185344,116.518,-33.417,222.359,1.0
7.0166,128.174778,37.90854,3849.6206472,114.704,-33.495,222.61,1.0
7.0333,128.174753,37.908513,3847.3130064,112.859,-33.564,222.862,1.0
7.05,128.174729,37.908485,3844.9959168000005,110.982,-33.622,223.115,1.0
7.0666,128.174704,37.908457,3842.6702928,109.074,-33.672,223.37,1.0
7.0833,128.174679,37.90843,3840.3364392000003,107.134,-33.711,223.626,1.0
7.1,128.174653,37.908403,3837.9946608,105.161,-33.742,223.884,1.0
7.1166,128.174628,37.908376,3835.6452624000003,103.156,-33.763,224.144,1.0
7.1333,128.174602,37.908348,3833.289768,101.224,-33.785,224.395,1.0
7.15,128.174577,37.908321,3830.9281776000003,99.369,-33.809,224.637,1.0
7.1666,128.174551,37.908295,3828.560796,97.584,-33.83,224.874,1.0
7.1833,128.174525,37.908268,3826.1876232000004,95.863,-33.846,225.108,1.0
7.2,128.174499,37.908241,3823.8089640000003,94.197,-33.852,225.341,1.0
7.2166,128.174473,37.908214,3821.4257328000003,92.578,-33.848,225.574,1.0
7.2333,128.174447,37.908188,3819.0382344000004,91.131,-33.848,225.788,1.0
7.25,128.174421,37.908161,3816.646164,89.847,-33.854,225.984,1.0
7.2666,128.174394,37.908135,3814.2498264,88.722,-33.862,226.167,1.0
7.2833,128.174368,37.908108,3811.8489168000006,87.752,-33.869,226.344,1.0
7.3,128.174341,37.908082,3809.44374,86.932,-33.872,226.517,1.0
7.3166,128.174314,37.908056,3807.0346008000006,86.254,-33.872,226.688,1.0
7.3333,128.174288,37.908029,3804.6205848000004,85.718,-33.868,226.846,1.0
7.35,128.174261,37.908003,3802.2026064,85.318,-33.862,226.992,1.0
7.3666,128.174234,37.907977,3799.7803608,85.045,-33.855,227.13,1.0
7.3833,128.174207,37.907951,3797.3535432000003,84.891,-33.845,227.264,1.0
7.4,128.17418,37.907925,3794.9221536,84.851,-33.835,227.394,1.0
7.4166,128.174153,37.907898,3792.4864968,84.919,-33.825,227.521,1.0
7.4333,128.174126,37.907872,3790.0465728000004,85.079,-33.815,227.661,1.0
7.45,128.174099,37.907846,3787.6023816,85.328,-33.807,227.812,1.0
7.4666,128.174071,37.90782,3785.1536184,85.665,-33.8,227.97,1.0
7.4833,128.174044,37.907794,3782.7008928,86.089,-33.794,228.133,1.0
7.5,128.174017,37.907768,3780.2432904,86.6,-33.791,228.296,1.0
7.5166,128.173989,37.907742,3777.7817256000003,87.195,-33.789,228.458,1.0
7.5333,128.173962,37.907716,3775.3161984000003,87.871,-33.797,228.602,1.0
7.55,128.173934,37.90769,3772.8460992,88.627,-33.815,228.726,1.0
7.5666,128.173906,37.907664,3770.3717328000002,89.46,-33.84,228.836,1.0
7.5833,128.173879,37.907638,3767.8927943999997,90.369,-33.871,228.938,1.0
7.6,128.173851,37.907612,3765.4092840000003,91.352,-33.906,229.034,1.0
7.6166,128.173823,37.907587,3762.9212016,92.407,-33.944,229.126,1.0
7.6333,128.173795,37.907561,3760.4285472,93.526,-33.987,229.223,1.0
7.65,128.173767,37.907535,3757.9313208000003,94.706,-34.036,229.325,1.0
7.6666,128.173739,37.907509,3755.4289128,95.949,-34.09,229.431,1.0
7.6833,128.173711,37.907483,3752.9219328000004,97.255,-34.149,229.536,1.0
7.7,128.173683,37.907458,3750.4097712000003,98.624,-34.211,229.641,1.0
7.7166,128.173655,37.907432,3747.8924280000006,100.055,-34.278,229.744,1.0
7.7333,128.173626,37.907406,3745.370208,101.536,-34.353,229.864,1.0
7.75,128.173598,37.907381,3742.8428064,103.058,-34.438,230.014,1.0
7.7666,128.17357,37.907355,3740.3096136000004,104.622,-34.534,230.189,1.0
7.7833,128.173541,37.90733,3737.7712392000003,106.235,-34.639,230.378,1.0
7.8,128.173513,37.907304,3735.2267688,107.9,-34.752,230.571,1.0
7.8166,128.173484,37.907279,3732.676812,109.617,-34.872,230.763,1.0
7.8333,128.173455,37.907253,3730.1204544,111.377,-35.006,230.972,1.0
7.85,128.173427,37.907228,3727.5583056000005,113.172,-35.157,231.207,1.0
7.8666,128.173398,37.907203,3724.9894512,115.006,-35.324,231.459,1.0
7.8833,128.173369,37.907178,3722.414196,116.883,-35.506,231.718,1.0
7.9,128.17334,37.907152,3719.8319304000006,118.808,-35.698,231.975,1.0
7.9166,128.173311,37.907127,3717.2429592000003,120.782,-35.9,232.226,1.0
7.9333,128.173282,37.907102,3714.6466728,122.795,-36.12,232.484,1.0
7.95,128.173253,37.907077,3712.0427664000003,124.842,-36.363,232.757,1.0
7.9666,128.173224,37.907052,3709.43124,126.928,-36.626,233.035,1.0
7.9833,128.173195,37.907027,3706.8117888,129.056,-36.904,233.31,1.0
8.0,128.173166,37.907002,3704.184108,131.231,-37.195,233.575,1.0
8.0166,128.173136,37.906977,3701.5478928,133.454,-37.497,233.825,1.0
8.0333,128.173107,37.906953,3698.9031432,135.735,-37.797,234.043,1.0
8.05,128.173078,37.906928,3696.2501640000005,138.078,-38.088,234.222,1.0
8.0666,128.173049,37.906903,3693.5880408000003,140.48,-38.374,234.366,1.0
8.0833,128.173019,37.906879,3690.9170784000003,142.939,-38.659,234.481,1.0
8.1,128.17299,37.906854,3688.236972,145.454,-38.947,234.57,1.0
8.1166,128.17296,37.90683,3685.5477216,148.024,-39.241,234.634,1.0
8.1333,128.172931,37.906805,3682.8478032000003,150.48,-39.54,234.699,1.0
8.15,128.172901,37.906781,3680.1375216,152.82,-39.845,234.764,1.0
8.1666,128.172872,37.906756,3677.4162671999998,155.063,-40.157,234.826,1.0
8.1833,128.172842,37.906732,3674.6831256000005,157.229,-40.473,234.878,1.0
8.2,128.172813,37.906708,3671.9380968,159.333,-40.795,234.916,1.0
8.2166,128.172783,37.906684,3669.1802664,161.39,-41.123,234.933,1.0
8.2333,128.172754,37.90666,3666.4093296,163.311,-41.453,234.951,1.0
8.25,128.172725,37.906636,3663.6249816,165.105,-41.786,234.969,1.0
8.2666,128.172695,37.906612,3660.8266128,166.776,-42.122,234.982,1.0
8.2833,128.172666,37.906588,3658.0139184000004,168.33,-42.46,234.985,1.0
8.3,128.172636,37.906564,3655.1865936000004,169.77,-42.802,234.977,1.0
8.3166,128.172607,37.906541,3652.343724,171.103,-43.146,234.955,1.0
8.3333,128.172578,37.906517,3649.4853096,172.341,-43.475,234.921,1.0
8.35,128.172549,37.906494,3646.6110456,173.486,-43.79,234.879,1.0
8.3666,128.17252,37.90647,3643.7203224,174.544,-44.095,234.826,1.0
8.3833,128.172491,37.906447,3640.8131399999997,175.517,-44.396,234.765,1.0
8.4,128.172462,37.906424,3637.8888888,176.41,-44.695,234.694,1.0
8.4166,128.172433,37.906401,3634.9469592,177.225,-44.995,234.616,1.0
8.4333,128.172404,37.906378,3631.9888752,177.966,-45.312,234.531,1.0
8.45,128.172376,37.906355,3629.0134176,178.637,-45.647,234.441,1.0
8.4666,128.172347,37.906332,3626.021196,179.242,-45.995,234.346,1.0
8.4833,128.172319,37.906309,3623.0122103999997,179.783,-46.349,234.246,1.0
8.5,128.17229,37.906287,3619.986156,-179.737,-46.707,234.141,1.0
8.5166,128.172262,37.906264,3616.9436424,-179.316,-47.065,234.031,1.0
8.5333,128.172234,37.906242,3613.8843647999997,-178.953,-47.406,233.918,1.0
8.55,128.172206,37.906219,3610.8083232000004,-178.647,-47.728,233.803,1.0
8.5666,128.172178,37.906197,3607.7155176,-178.394,-48.036,233.685,1.0
8.5833,128.17215,37.906175,3604.6065576000005,-178.195,-48.335,233.567,1.0
8.6,128.172122,37.906152,3601.4808336,-178.048,-48.629,233.448,1.0
8.6166,128.172095,37.90613,3598.3386504000005,-177.952,-48.92,233.328,1.0
8.6333,128.172067,37.906108,3595.1803128,-177.906,-49.191,233.211,1.0
8.65,128.17204,37.906086,3592.0064304,-177.911,-49.425,233.096,1.0
8.6666,128.172013,37.906065,3588.8163936,-177.966,-49.625,232.985,1.0
8.6833,128.171985,37.906043,3585.6105072000005,-178.069,-49.803,232.878,1.0
8.7,128.171958,37.906021,3582.3887712000005,-178.22,-49.971,232.775,1.0
8.7166,128.171931,37.906,3579.1517952,-178.418,-50.135,232.675,1.0
8.7333,128.171905,37.905978,3575.8992744,-178.663,-50.278,232.58,1.0
8.75,128.171878,37.905957,3572.6315136000003,-178.955,-50.4,232.49,1.0
8.7666,128.171851,37.905935,3569.3485127999998,-179.292,-50.51,232.404,1.0
8.7833,128.171825,37.905914,3566.0505768000003,-179.674,-50.614,232.323,1.0
8.8,128.171798,37.905893,3562.7380104,179.898,-50.717,232.247,1.0
8.8166,128.171772,37.905872,3559.4105088,179.427,-50.821,232.175,1.0
8.8333,128.171746,37.905851,3556.0683768,178.912,-50.933,232.108,1.0
8.85,128.17172,37.90583,3552.7116144,178.352,-51.054,232.047,1.0
8.8666,128.171694,37.905809,3549.3405264,177.749,-51.18,231.991,1.0
8.8833,128.171668,37.905788,3545.9551128,177.102,-51.311,231.941,1.0
8.9,128.171642,37.905767,3542.5553736,176.411,-51.445,231.897,1.0
8.9166,128.171616,37.905747,3539.1413088,175.676,-51.581,231.859,1.0
8.9333,128.171591,37.905726,3535.7129184,174.897,-51.735,231.828,1.0
8.95,128.171565,37.905706,3532.2705072000003,174.073,-51.91,231.807,1.0
8.9666,128.17154,37.905686,3528.8140752000004,173.204,-52.098,231.794,1.0
8.9833,128.171514,37.905665,3525.3433176,172.291,-52.293,231.79,1.0
9.0,128.171489,37.905645,3521.8588440000003,171.334,-52.491,231.794,1.0
9.0166,128.171464,37.905625,3518.3600448,170.334,-52.69,231.806,1.0
9.0333,128.171439,37.905605,3514.8478344000005,169.287,-52.906,231.832,1.0
9.05,128.171414,37.905586,3511.3216032000005,168.191,-53.141,231.874,1.0
9.0666,128.171389,37.905566,3507.781656,167.047,-53.389,231.931,1.0
9.0833,128.171364,37.905546,3504.227688,165.856,-53.643,232.002,1.0
9.1,128.171339,37.905527,3500.660004,164.62,-53.897,232.084,1.0
9.1166,128.171315,37.905507,3497.0786040000003,163.339,-54.148,232.179,1.0
9.1333,128.17129,37.905488,3493.483488,162.005,-54.413,232.296,1.0
9.15,128.171266,37.905469,3489.8743512,160.617,-54.692,232.436,1.0
9.1666,128.171241,37.90545,3486.2518032000003,159.176,-54.979,232.597,1.0
9.1833,128.171217,37.905431,3482.6155392000005,157.685,-55.265,232.777,1.0
9.2,128.171192,37.905413,3478.9655592000004,156.145,-55.548,232.974,1.0
9.2166,128.171168,37.905394,3475.302168,154.557,-55.825,233.187,1.0
9.2333,128.171144,37.905376,3471.6253656,152.91,-56.111,233.429,1.0
9.25,128.17112,37.905357,3467.9348472,151.201,-56.405,233.706,1.0
9.2666,128.171096,37.905339,3464.2312224,149.431,-56.703,234.012,1.0
9.2833,128.171072,37.905321,3460.5144912,147.606,-56.997,234.343,1.0
9.3,128.171048,37.905303,3456.7849584,145.727,-57.283,234.696,1.0
9.3166,128.171024,37.905286,3453.0423192000003,143.798,-57.559,235.068,1.0
9.3333,128.171,37.905268,3449.2868784000007,141.807,-57.833,235.473,1.0
9.35,128.170977,37.905251,3445.5189408,139.752,-58.102,235.91,1.0
9.3666,128.170953,37.905234,3441.7385064,137.639,-58.364,236.377,1.0
9.3833,128.170929,37.905217,3437.9461848000005,135.469,-58.615,236.868,1.0
9.4,128.170906,37.9052,3434.1422807999998,133.246,-58.852,237.38,1.0
9.4166,128.170882,37.905184,3430.3264896000005,130.972,-59.074,237.911,1.0
9.4333,128.170858,37.905167,3426.4994208000003,128.647,-59.281,238.46,1.0
9.45,128.170835,37.905151,3422.6613792000003,126.272,-59.471,239.026,1.0
9.4666,128.170811,37.905135,3418.8129744,123.847,-59.645,239.609,1.0
9.4833,128.170787,37.905119,3414.9542064,121.373,-59.801,240.207,1.0
9.5,128.170763,37.905103,3411.0853800000004,118.85,-59.941,240.82,1.0
9.5166,128.17074,37.905088,3407.2074096,116.28,-60.063,241.447,1.0
9.5333,128.170716,37.905073,3403.3209048000003,113.843,-60.184,242.071,1.0
9.55,128.170692,37.905057,3399.4261704,111.542,-60.304,242.692,1.0
9.5666,128.170669,37.905042,3395.5232064,109.358,-60.415,243.318,1.0
9.5833,128.170645,37.905028,3391.6123176,107.275,-60.511,243.953,1.0
9.6,128.170621,37.905013,3387.6941136,105.276,-60.587,244.598,1.0
9.6166,128.170597,37.904999,3383.7688992,103.341,-60.644,245.251,1.0
9.6333,128.170573,37.904984,3379.8369792,101.579,-60.694,245.906,1.0
9.65,128.170549,37.90497,3375.8986584,99.979,-60.739,246.56,1.0
9.6666,128.170525,37.904956,3371.953632,98.538,-60.777,247.213,1.0
9.6833,128.170501,37.904942,3368.0025096000004,97.248,-60.806,247.865,1.0
9.7,128.170477,37.904928,3364.0449864,96.087,-60.824,248.514,1.0
9.7166,128.170452,37.904915,3360.0813672,95.033,-60.827,249.159,1.0
9.7333,128.170428,37.904901,3356.1119568000004,94.115,-60.826,249.797,1.0
9.75,128.170404,37.904887,3352.1370600000005,93.319,-60.82,250.427,1.0
9.7666,128.17038,37.904874,3348.1557624000006,92.628,-60.81,251.048,1.0
9.7833,128.170355,37.904861,3344.1689784000005,92.024,-60.793,251.66,1.0
9.8,128.170331,37.904848,3340.1764032000005,91.493,-60.769,252.261,1.0
9.8166,128.170306,37.904835,3336.1786464000006,91.023,-60.739,252.851,1.0
9.8333,128.170282,37.904822,3332.1754032000003,90.654,-60.717,253.429,1.0
9.85,128.170257,37.904809,3328.1669784000005,90.38,-60.706,253.996,1.0
9.8666,128.170232,37.904797,3324.1527624000005,90.203,-60.701,254.551,1.0
9.8833,128.170208,37.904784,3320.1330600000006,90.126,-60.699,255.095,1.0
9.9,128.170183,37.904772,3316.1075664000005,90.147,-60.699,255.63,1.0
9.9166,128.170158,37.904759,3312.0765864,90.265,-60.699,256.154,1.0
9.9333,128.170133,37.904747,3308.04012,90.474,-60.701,256.668,1.0
9.95,128.170109,37.904735,3303.9981672,90.772,-60.707,257.172,1.0
9.9666,128.170084,37.904723,3299.9507280000003,91.155,-60.716,257.665,1.0
9.9833,128.170059,37.904711,3295.8974976,91.621,-60.729,258.148,1.0
10.0,128.170034,37.904699,3291.8384760000004,92.167,-60.746,258.621,1.0
10.0166,128.170009,37.904688,3287.773968,92.791,-60.768,259.085,1.0
10.0333,128.169984,37.904676,3283.7036688000003,93.488,-60.795,259.541,1.0
10.05,128.169958,37.904665,3279.6272736000005,94.256,-60.828,259.99,1.0
10.0666,128.169933,37.904654,3275.5453920000004,95.093,-60.867,260.431,1.0
10.0833,128.169908,37.904642,3271.4574144000003,95.997,-60.913,260.867,1.0
10.1,128.169883,37.904631,3267.3633408,96.968,-60.965,261.295,1.0
10.1166,128.169858,37.904621,3263.2634760000005,98.003,-61.024,261.718,1.0
10.1333,128.169833,37.90461,3259.1572103999997,99.101,-61.091,262.134,1.0
10.15,128.169807,37.904599,3255.0445440000003,100.26,-61.164,262.544,1.0
10.1666,128.169782,37.904589,3250.9254768,101.48,-61.246,262.948,1.0
10.1833,128.169757,37.904578,3246.8000088,102.759,-61.335,263.345,1.0
10.2,128.169732,37.904568,3242.6678352000004,104.096,-61.433,263.736,1.0
10.2166,128.169706,37.904558,3238.528956,105.49,-61.539,264.12,1.0
10.2333,128.169681,37.904548,3234.3833712000005,106.941,-61.654,264.497,1.0
10.25,128.169656,37.904538,3230.2304712000005,108.45,-61.777,264.867,1.0
10.2666,128.16963,37.904528,3226.0705608,110.014,-61.909,265.229,1.0
10.2833,128.169605,37.904519,3221.9033352000006,111.635,-62.051,265.583,1.0
10.3,128.16958,37.904509,3217.7287944,113.313,-62.202,265.929,1.0
10.3166,128.169555,37.9045,3213.5469384000003,115.047,-62.363,266.265,1.0
10.3333,128.16953,37.904491,3209.356548,116.735,-62.524,266.602,1.0
10.35,128.169504,37.904482,3205.1582328000004,118.369,-62.683,266.943,1.0
10.3666,128.169479,37.904473,3200.9519928,119.955,-62.847,267.282,1.0
10.3833,128.169454,37.904464,3196.7372184,121.502,-63.019,267.616,1.0
10.4,128.169429,37.904455,3192.5139096000003,123.016,-63.202,267.941,1.0
10.4166,128.169404,37.904447,3188.2817616,124.509,-63.398,268.258,1.0
10.4333,128.16938,37.904439,3184.0401647999997,125.832,-63.588,268.594,1.0
10.45,128.169355,37.90443,3179.789424,126.993,-63.772,268.953,1.0
10.4666,128.16933,37.904422,3175.5295392000003,128.009,-63.958,269.323,1.0
10.4833,128.169306,37.904414,3171.2599008,128.905,-64.151,269.693,1.0
10.5,128.169281,37.904407,3166.9808136,129.703,-64.356,270.056,1.0
10.5166,128.169257,37.904399,3162.6922776,130.427,-64.573,270.412,1.0
10.5333,128.169233,37.904392,3158.3933784000005,131.019,-64.794,270.775,1.0
10.55,128.169209,37.904384,3154.0844208000003,131.495,-65.018,271.15,1.0
10.5666,128.169185,37.904377,3149.7654048000004,131.876,-65.246,271.531,1.0
10.5833,128.169161,37.90437,3145.4363304000003,132.181,-65.48,271.915,1.0
10.6,128.169137,37.904364,3141.0978072000003,132.428,-65.72,272.298,1.0
10.6166,128.169114,37.904357,3136.7498352000002,132.628,-65.966,272.681,1.0
10.6333,128.16909,37.904351,3132.3915,132.779,-66.215,273.069,1.0
10.65,128.169067,37.904344,3128.023716,132.888,-66.467,273.462,1.0
10.6666,128.169044,37.904338,3123.6464832,132.963,-66.721,273.861,1.0
10.6833,128.169021,37.904332,3119.2598016,133.012,-66.976,274.266,1.0
10.7,128.168998,37.904326,3114.8636712,133.038,-67.233,274.675,1.0
10.7166,128.168975,37.90432,3110.4583967999997,133.045,-67.49,275.089,1.0
10.7333,128.168953,37.904315,3106.0436736,133.032,-67.748,275.509,1.0
10.75,128.16893,37.904309,3101.6195016,133.003,-68.005,275.935,1.0
10.7666,128.168908,37.904304,3097.1864904,132.958,-68.262,276.368,1.0
10.7833,128.168886,37.904299,3092.7440304,132.899,-68.517,276.806,1.0
10.8,128.168864,37.904294,3088.2924264,132.826,-68.773,277.251,1.0
10.8166,128.168842,37.904289,3083.8319831999997,132.741,-69.027,277.702,1.0
10.8333,128.16882,37.904284,3079.3620912,132.634,-69.279,278.162,1.0
10.85,128.168799,37.904279,3074.8836647999997,132.507,-69.53,278.63,1.0
10.8666,128.168777,37.904275,3070.3960944,132.36,-69.78,279.106,1.0
10.8833,128.168756,37.90427,3065.8993800000003,132.195,-70.028,279.59,1.0
10.9,128.168735,37.904266,3061.3941312,132.013,-70.275,280.082,1.0
10.9166,128.168714,37.904262,3056.8800432000003,131.816,-70.52,280.582,1.0
10.9333,128.168693,37.904258,3052.357116,131.591,-70.764,281.092,1.0
10.95,128.168673,37.904254,3047.8256544,131.341,-71.005,281.613,1.0
10.9666,128.168652,37.90425,3043.2853536,131.068,-71.245,282.145,1.0
10.9833,128.168632,37.904247,3038.7365184,130.772,-71.483,282.686,1.0
11.0,128.168612,37.904243,3034.1794535999998,130.456,-71.719,283.237,1.0
11.0166,128.168592,37.90424,3029.6138544,130.12,-71.953,283.799,1.0
11.0333,128.168572,37.904236,3025.0397208000004,129.76,-72.185,284.372,1.0
11.05,128.168552,37.904233,3020.4576624000006,129.374,-72.415,284.958,1.0
11.0666,128.168533,37.90423,3015.8670696,128.967,-72.642,285.555,1.0
11.0833,128.168514,37.904227,3011.2682472,128.537,-72.868,286.165,1.0
11.1,128.168495,37.904225,3006.6615,128.088,-73.091,286.787,1.0
11.1166,128.168476,37.904222,3002.0468280000005,127.618,-73.312,287.422,1.0
11.1333,128.168457,37.904219,2997.4242312,127.129,-73.53,288.07,1.0
11.15,128.168438,37.904217,2992.7937096,126.621,-73.747,288.731,1.0
11.1666,128.16842,37.904215,2988.1552632000003,126.094,-73.96,289.406,1.0
11.1833,128.168402,37.904213,2983.5091967999997,125.547,-74.171,290.097,1.0
11.2,128.168384,37.904211,2978.8555103999997,124.982,-74.379,290.802,1.0
11.2166,128.168366,37.904209,2974.194204,124.396,-74.583,291.524,1.0
11.2333,128.168348,37.904207,2969.5255824,123.797,-74.786,292.259,1.0
11.25,128.168331,37.904205,2964.8493408,123.184,-74.985,293.01,1.0
11.2666,128.168313,37.904204,2960.1660888,122.556,-75.182,293.776,1.0
11.2833,128.168296,37.904202,2955.4752168000005,121.91,-75.376,294.559,1.0
11.3,128.168279,37.904201,2950.7773344,121.247,-75.566,295.361,1.0
11.3166,128.168262,37.9042,2946.0721368000004,120.564,-75.752,296.181,1.0
11.3333,128.168246,37.904198,2941.3599288,119.872,-75.939,297.01,1.0
11.35,128.168229,37.904197,2936.6410152,119.17,-76.125,297.849,1.0
11.3666,128.168213,37.904197,2931.9150912,118.455,-76.31,298.702,1.0
11.3833,128.168197,37.904196,2927.1821568,117.726,-76.492,299.573,1.0
11.4,128.168181,37.904195,2922.4425168000002,116.981,-76.669,300.465,1.0
11.4166,128.168165,37.904195,2917.6964760000005,116.219,-76.843,301.378,1.0
11.4333,128.16815,37.904194,2912.9437296,115.446,-77.015,302.304,1.0
11.45,128.168134,37.904194,2908.1842776000003,114.661,-77.185,303.245,1.0
11.4666,128.168119,37.904194,2903.4184248,113.861,-77.354,304.203,1.0
11.4833,128.168104,37.904194,2898.6461712000005,113.044,-77.519,305.183,1.0
11.5,128.168089,37.904194,2893.8678216,112.209,-77.679,306.184,1.0
11.5166,128.168075,37.904194,2889.0830712,111.354,-77.835,307.209,1.0
11.5333,128.16806,37.904194,2884.29192,110.483,-77.986,308.255,1.0
11.55,128.168046,37.904194,2879.4949776000003,109.593,-78.133,309.323,1.0
11.5666,128.168032,37.904195,2874.6919392000004,108.685,-78.276,310.412,1.0
11.5833,128.168018,37.904195,2869.8828048,107.755,-78.415,311.525,1.0
11.6,128.168005,37.904196,2865.0678792,106.804,-78.549,312.66,1.0
11.6166,128.167991,37.904197,2860.2471624000004,105.83,-78.677,313.818,1.0
11.6333,128.167978,37.904198,2855.4206544000003,104.835,-78.801,314.997,1.0
11.65,128.167965,37.904199,2850.5886600000003,103.819,-78.921,316.198,1.0
11.6666,128.167952,37.9042,2845.7508744,102.782,-79.036,317.421,1.0
11.6833,128.167939,37.904201,2840.9079072000004,101.724,-79.146,318.666,1.0
11.7,128.167927,37.904202,2836.0591488000005,100.643,-79.25,319.931,1.0
11.7166,128.167915,37.904204,2831.2052088,99.541,-79.35,321.218,1.0
11.7333,128.167903,37.904205,2826.3457824,98.418,-79.444,322.524,1.0
11.75,128.167891,37.904207,2821.4814792,97.276,-79.532,323.848,1.0
11.7666,128.167879,37.904208,2816.6116896000003,96.113,-79.615,325.192,1.0
11.7833,128.167867,37.90421,2811.7370232000003,94.932,-79.693,326.552,1.0
11.8,128.167856,37.904212,2806.85748,93.733,-79.765,327.93,1.0
11.8166,128.167845,37.904214,2801.9727552000004,92.516,-79.831,329.322,1.0
11.8333,128.167834,37.904216,2797.0834584,91.287,-79.891,330.729,1.0
11.85,128.167824,37.904218,2792.1892848,90.047,-79.946,332.148,1.0
11.8666,128.167813,37.904221,2787.2905392000002,88.795,-79.996,333.578,1.0
11.8833,128.167803,37.904223,2782.3869168000006,87.535,-80.039,335.018,1.0
11.9,128.167793,37.904226,2777.4790272,86.265,-80.076,336.467,1.0
11.9166,128.167783,37.904228,2772.5665656,84.989,-80.107,337.922,1.0
11.9333,128.167773,37.904231,2767.6495320000004,83.716,-80.132,339.382,1.0
11.95,128.167764,37.904234,2762.7282312,82.446,-80.153,340.846,1.0
11.9666,128.167755,37.904237,2757.802968,81.181,-80.168,342.312,1.0
11.9833,128.167746,37.904239,2752.8731328000003,79.92,-80.176,343.778,1.0
12.0,128.167737,37.904242,2747.9393352,78.664,-80.179,345.242,1.0
12.0166,128.167728,37.904246,2743.0012704,77.416,-80.175,346.702,1.0
12.0333,128.16772,37.904249,2738.0592432000003,76.189,-80.167,348.158,1.0
12.05,128.167711,37.904252,2733.1132536,74.982,-80.155,349.609,1.0
12.0666,128.167703,37.904256,2728.1633016,73.794,-80.138,351.054,1.0
12.0833,128.167696,37.904259,2723.2096920000004,72.627,-80.115,352.49,1.0
12.1,128.167688,37.904263,2718.2524248,71.48,-80.087,353.915,1.0
12.1166,128.16768,37.904266,2713.2911952,70.352,-80.052,355.327,1.0
12.1333,128.167673,37.90427,2708.3263079999997,69.263,-80.016,356.73,1.0
12.15,128.167666,37.904274,2703.3577632,68.211,-79.976,358.123,1.0
12.1666,128.167659,37.904278,2698.3855608,67.195,-79.934,359.505,1.0
12.1833,128.167653,37.904282,2693.4097008000003,66.21,-79.887,0.875,1.0
12.2,128.167646,37.904286,2688.4307928,65.253,-79.836,2.231,1.0
12.2166,128.16764,37.90429,2683.4482272,64.319,-79.782,3.573,1.0
12.2333,128.167634,37.904294,2678.4623088,63.431,-79.729,4.912,1.0
12.25,128.167628,37.904298,2673.4727328000004,62.586,-79.677,6.248,1.0
12.2666,128.167623,37.904302,2668.4801088,61.781,-79.624,7.577,1.0
12.2833,128.167617,37.904307,2663.4838272,61.012,-79.569,8.898,1.0
12.3,128.167612,37.904311,2658.4848024000003,60.278,-79.512,10.207,1.0
12.3166,128.167607,37.904316,2653.4824248,59.572,-79.453,11.505,1.0
12.3333,128.167602,37.90432,2648.4766944,58.922,-79.395,12.803,1.0
12.35,128.167598,37.904325,2643.4673064,58.32,-79.34,14.102,1.0
12.3666,128.167593,37.90433,2638.4551752,57.762,-79.286,15.399,1.0
12.3833,128.167589,37.904335,2633.4396912,57.244,-79.231,16.69,1.0
12.4,128.167585,37.904339,2628.421464,56.76,-79.175,17.976,1.0
12.4166,128.167581,37.904344,2623.399884,56.305,-79.117,19.253,1.0
12.4333,128.167577,37.904349,2618.375256,55.903,-79.063,20.534,1.0
12.45,128.167574,37.904354,2613.3472752000002,55.549,-79.011,21.82,1.0
12.4666,128.167571,37.904359,2608.3165512,55.237,-78.961,23.107,1.0
12.4833,128.167568,37.904364,2603.2824744,54.96,-78.912,24.394,1.0
12.5,128.167565,37.904369,2598.2456544,54.712,-78.862,25.68,1.0
12.5166,128.167562,37.904374,2593.2060912,54.489,-78.813,26.963,1.0
12.5333,128.16756,37.90438,2588.1631752000003,54.308,-78.766,28.252,1.0
12.55,128.167558,37.904385,2583.1172112,54.163,-78.722,29.546,1.0
12.5666,128.167556,37.90439,2578.0681992,54.049,-78.68,30.846,1.0
12.5833,128.167554,37.904395,2573.0167488,53.959,-78.639,32.151,1.0
12.6,128.167552,37.904401,2567.9622504000004,53.889,-78.599,33.458,1.0
12.6166,128.167551,37.904406,2562.9050088,53.834,-78.56,34.768,1.0
12.6333,128.167549,37.904411,2557.8444144000005,53.815,-78.524,36.09,1.0
12.65,128.167548,37.904416,2552.780772,53.826,-78.492,37.422,1.0
12.6666,128.167548,37.904422,2547.7143864,53.863,-78.463,38.763,1.0
12.6833,128.167547,37.904427,2542.6452576,53.92,-78.435,40.114,1.0
12.7,128.167547,37.904432,2537.5733856,53.992,-78.408,41.471,1.0
12.7166,128.167546,37.904438,2532.4987704,54.077,-78.383,42.835,1.0
12.7333,128.167546,37.904443,2527.4201928,54.298,-78.377,44.126,1.0
12.75,128.167546,37.904448,2522.3382624000005,54.719,-78.4,45.273,1.0
12.7666,128.167547,37.904454,2517.253284,55.289,-78.447,46.32,1.0
12.7833,128.167547,37.904459,2512.1652576,55.928,-78.504,47.34,1.0
12.8,128.167548,37.904464,2507.0738784000005,56.575,-78.565,48.385,1.0
12.8166,128.167549,37.904469,2501.9797559999997,57.205,-78.625,49.475,1.0
12.8333,128.16755,37.904475,2496.8813664000004,57.935,-78.699,50.522,1.0
12.85,128.167551,37.90448,2491.7796240000002,58.803,-78.792,51.482,1.0
12.8666,128.167552,37.904485,2486.6742240000003,59.765,-78.898,52.39,1.0
12.8833,128.167554,37.90449,2481.565776,60.762,-79.01,53.297,1.0
12.9,128.167555,37.904495,2476.4536704,61.752,-79.124,54.241,1.0
12.9166,128.167557,37.9045,2471.338212,62.718,-79.238,55.233,1.0
12.9333,128.167559,37.904505,2466.2190960000003,63.642,-79.35,56.21,1.0
12.95,128.167561,37.90451,2461.0969320000004,64.529,-79.461,57.168,1.0
12.9666,128.167564,37.904515,2455.97172,65.366,-79.572,58.126,1.0
12.9833,128.167566,37.90452,2450.84346,66.141,-79.684,59.108,1.0
13.0,128.167569,37.904524,2445.7115424000003,66.849,-79.797,60.126,1.0
13.0166,128.167571,37.904529,2440.5762720000002,67.492,-79.911,61.186,1.0
13.0333,128.167574,37.904533,2435.4382584000004,67.887,-80.011,62.372,1.0
13.0499,128.167577,37.904538,2430.2971968,68.041,-80.097,63.683,1.0
13.0666,128.167581,37.904542,2425.153392,68.02,-80.174,65.076,1.0
13.0833,128.167584,37.904547,2420.0062344000003,67.884,-80.249,66.509,1.0
13.1,128.167588,37.904551,2414.8560288000003,67.673,-80.325,67.96,1.0
13.1166,128.167591,37.904555,2409.7024704,67.408,-80.402,69.423,1.0
13.1333,128.167595,37.904559,2404.5455592000003,67.21,-80.489,70.767,1.0
13.15,128.167599,37.904563,2399.3852952,67.097,-80.586,71.981,1.0
13.1666,128.167603,37.904566,2394.2216784,67.013,-80.691,73.133,1.0
13.1833,128.167607,37.90457,2389.0547088,66.897,-80.798,74.294,1.0
13.2,128.167611,37.904574,2383.8846912000004,66.715,-80.905,75.503,1.0
13.2166,128.167616,37.904577,2378.711016,66.464,-81.009,76.769,1.0
13.2333,128.16762,37.904581,2373.533988,66.086,-81.106,78.18,1.0
13.25,128.167625,37.904584,2368.3533024000003,65.597,-81.196,79.721,1.0
13.2666,128.167629,37.904587,2363.1689592000002,65.048,-81.28,81.337,1.0
13.2833,128.167634,37.904591,2357.9812632,64.482,-81.36,82.981,1.0
13.3,128.167639,37.904594,2352.7899096,63.922,-81.436,84.625,1.0
13.3166,128.167644,37.904597,2347.5948984,63.372,-81.509,86.262,1.0
13.3333,128.167649,37.904599,2342.3965344000003,62.709,-81.569,88.035,1.0
13.35,128.167654,37.904602,2337.1945128,61.931,-81.615,89.942,1.0
13.3666,128.167659,37.904605,2331.9891384000002,61.101,-81.649,91.914,1.0
13.3833,128.167664,37.904608,2326.7801064,60.281,-81.676,93.886,1.0
13.4,128.167669,37.90461,2321.5674168,59.501,-81.699,95.82,1.0
13.4166,128.167675,37.904612,2316.3513744,58.767,-81.718,97.709,1.0
13.4333,128.16768,37.904615,2311.1310648000003,58.268,-81.752,99.419,1.0
13.45,128.167686,37.904617,2305.9061832,58.073,-81.809,100.877,1.0
13.4666,128.167691,37.904619,2300.677644,58.085,-81.882,102.168,1.0
13.4833,128.167697,37.904621,2295.445752,58.177,-81.959,103.409,1.0
13.5,128.167702,37.904623,2290.2098976,58.264,-82.033,104.678,1.0
13.5166,128.167708,37.904624,2284.9703856,58.316,-82.101,105.997,1.0
13.5333,128.167714,37.904626,2279.7278256,58.181,-82.151,107.517,1.0
13.55,128.16772,37.904628,2274.4819128000004,57.718,-82.168,109.38,1.0
13.5666,128.167725,37.904629,2269.2335616,56.833,-82.139,111.677,1.0
13.5833,128.167731,37.90463,2263.9818576000002,55.606,-82.066,114.321,1.0
13.6,128.167737,37.904631,2258.726496,54.207,-81.956,117.14,1.0
13.6166,128.167743,37.904632,2253.4677816,52.819,-81.826,119.947,1.0
13.6333,128.167749,37.904633,2248.2057144,51.549,-81.689,122.563,1.0
13.65,128.167755,37.904634,2242.940904,50.47,-81.557,124.912,1.0
13.6666,128.167761,37.904634,2237.6736552,49.55,-81.435,127.041,1.0
13.6833,128.167767,37.904635,2232.4033584000003,48.728,-81.318,129.028,1.0
13.7,128.167773,37.904635,2227.1306232,47.955,-81.204,130.932,1.0
13.7166,128.167779,37.904635,2221.8551448000003,47.21,-81.088,132.783,1.0
13.7333,128.167785,37.904635,2216.5760088,46.66,-80.995,134.486,1.0
13.75,128.167791,37.904634,2211.2938248,46.412,-80.943,135.934,1.0
13.7666,128.167797,37.904634,2206.0073736,46.561,-80.95,137.023,1.0
13.7833,128.167803,37.904634,2200.7181792,47.033,-81.007,137.818,1.0
13.8,128.167809,37.904633,2195.425632,47.696,-81.096,138.445,1.0
13.8166,128.167815,37.904632,2190.1303416,48.421,-81.196,139.028,1.0
13.8333,128.167821,37.904631,2184.832308,49.007,-81.283,139.672,1.0
13.85,128.167827,37.90463,2179.5321408,49.323,-81.339,140.51,1.0
13.8666,128.167833,37.904629,2174.2304496,49.274,-81.352,141.654,1.0
13.8833,128.167839,37.904628,2168.927844,48.784,-81.307,143.198,1.0
13.9,128.167845,37.904626,2163.6224952000002,47.913,-81.205,145.092,1.0
13.9166,128.167851,37.904624,2158.3150128,46.812,-81.058,147.197,1.0
13.9333,128.167857,37.904622,2153.0053968,45.515,-80.872,149.329,1.0
13.95,128.167862,37.90462,2147.6936471999998,44.177,-80.666,151.345,1.0
13.9666,128.167868,37.904618,2142.3803736,42.925,-80.464,153.151,1.0
13.9833,128.167874,37.904616,2137.065576,41.818,-80.283,154.716,1.0
14.0,128.167879,37.904613,2131.7492544,40.82,-80.119,156.105,1.0
14.0166,128.167884,37.90461,2126.431104,39.873,-79.961,157.397,1.0
14.0333,128.16789,37.904607,2121.112344,38.923,-79.8,158.633,1.0
14.05,128.167895,37.904604,2115.7923648,37.964,-79.632,159.831,1.0
14.0666,128.1679,37.904601,2110.4711664,37.012,-79.458,160.991,1.0
14.0833,128.167906,37.904597,2105.148444,36.083,-79.28,162.102,1.0
14.1,128.167911,37.904594,2099.8248072,35.191,-79.1,163.161,1.0
14.1166,128.167916,37.90459,2094.5002560000003,34.343,-78.918,164.165,1.0
14.1333,128.167921,37.904586,2089.1744856,33.543,-78.735,165.116,1.0
14.15,128.167925,37.904581,2083.8478008,32.79,-78.55,166.017,1.0
14.1666,128.16793,37.904577,2078.5205064,32.082,-78.363,166.87,1.0
14.1833,128.167935,37.904572,2073.1926024,31.418,-78.174,167.678,1.0
14.2,128.16794,37.904568,2067.863784,30.795,-77.983,168.442,1.0
14.2166,128.167944,37.904563,2062.5346608,30.209,-77.79,169.167,1.0
14.2333,128.167949,37.904558,2057.204928,29.662,-77.596,169.857,1.0
14.25,128.167953,37.904552,2051.8745856,29.149,-77.402,170.515,1.0
14.2666,128.167957,37.904547,2046.5442432000002,28.668,-77.207,171.143,1.0
14.2833,128.167962,37.904541,2041.2135960000003,28.215,-77.011,171.744,1.0
14.3,128.167966,37.904535,2035.8829488000001,27.787,-76.814,172.32,1.0
14.3166,128.16797,37.904529,2030.5523016000002,27.382,-76.617,172.872,1.0
14.3333,128.167974,37.904523,2025.2213496,27.004,-76.42,173.406,1.0
14.35,128.167978,37.904517,2019.8903976000001,26.651,-76.223,173.922,1.0
14.3666,128.167982,37.90451,2014.5597504000002,26.322,-76.026,174.422,1.0
14.3833,128.167985,37.904504,2009.2294080000001,26.012,-75.829,174.905,1.0
14.4,128.167989,37.904497,2003.8996752,25.719,-75.632,175.376,1.0
14.4166,128.167992,37.90449,1998.5702472,25.438,-75.435,175.834,1.0
14.4333,128.167996,37.904483,1993.2408192,25.173,-75.239,176.284,1.0
14.45,128.167999,37.904475,1987.9123056,24.925,-75.043,176.725,1.0
14.4666,128.168003,37.904468,1982.5847064,24.691,-74.847,177.157,1.0
14.4833,128.168006,37.90446,1977.257412,24.473,-74.652,177.578,1.0
14.5,128.168009,37.904452,1971.9313368000003,24.269,-74.456,177.99,1.0
14.5166,128.168012,37.904444,1966.6058712,24.077,-74.261,178.392,1.0
14.5333,128.168015,37.904436,1961.2816248000001,23.896,-74.066,178.787,1.0
14.55,128.168018,37.904427,1955.9582928,23.725,-73.87,179.176,1.0
14.5666,128.168021,37.904419,1950.6361800000002,23.564,-73.676,179.557,1.0
14.5833,128.168023,37.90441,1945.3155912000002,23.411,-73.481,179.933,1.0
14.6,128.168026,37.904401,1939.9959168,23.267,-73.286,180.301,1.0
14.6166,128.168028,37.904392,1934.6780712,23.13,-73.091,180.663,1.0
14.6333,128.168031,37.904383,1929.3614448000003,22.999,-72.896,181.02,1.0
14.65,128.168033,37.904373,1924.0466472,22.872,-72.701,181.37,1.0
14.6666,128.168035,37.904363,1918.7333736,22.749,-72.506,181.715,1.0
14.6833,128.168037,37.904354,1913.4222336,22.63,-72.311,182.056,1.0
14.7,128.168039,37.904344,1908.1126176000002,22.515,-72.116,182.392,1.0
14.7166,128.168041,37.904333,1902.8048304000001,22.405,-71.92,182.724,1.0
14.7333,128.168043,37.904323,1897.4994816,22.295,-71.725,183.049,1.0
14.75,128.168044,37.904312,1892.1962664000002,22.187,-71.529,183.369,1.0
14.7666,128.168046,37.904302,1886.8948800000003,22.08,-71.333,183.684,1.0
14.7833,128.168047,37.904291,1881.5962368000003,21.972,-71.137,183.995,1.0
14.8,128.168049,37.90428,1876.2997272,21.866,-70.941,184.303,1.0
14.8166,128.16805,37.904269,1871.0053512000002,21.761,-70.745,184.608,1.0
14.8333,128.168051,37.904257,1865.7140232000002,21.655,-70.548,184.908,1.0
14.85,128.168052,37.904246,1860.4254384,21.55,-70.351,185.201,1.0
14.8666,128.168053,37.904234,1855.139292,21.444,-70.153,185.49,1.0
14.8833,128.168054,37.904222,1849.8558888000002,21.337,-69.955,185.776,1.0
14.9,128.168054,37.90421,1844.5755336,21.23,-69.758,186.06,1.0
14.9166,128.168055,37.904198,1839.2979216,21.123,-69.56,186.341,1.0
14.9333,128.168055,37.904185,1834.0236624000001,21.016,-69.362,186.617,1.0
14.95,128.168056,37.904173,1828.7524512,20.908,-69.163,186.887,1.0
14.9666,128.168056,37.90416,1823.484288,20.799,-68.964,187.153,1.0
14.9833,128.168056,37.904147,1818.2194776000001,20.69,-68.765,187.417,1.0
15.0,128.168056,37.904134,1812.95802,20.58,-68.566,187.678,1.0
15.0166,128.168056,37.904121,1807.70022,20.471,-68.367,187.936,1.0
15.0333,128.168056,37.904107,1802.4457728000002,20.361,-68.167,188.19,1.0
15.05,128.168055,37.904094,1797.1949832000003,20.25,-67.967,188.44,1.0
15.0666,128.168055,37.90408,1791.9478512,20.139,-67.766,188.685,1.0
15.0833,128.168054,37.904066,1786.7046816,20.027,-67.565,188.928,1.0
15.1,128.168053,37.904052,1781.4651696,19.915,-67.365,189.168,1.0
15.1166,128.168053,37.904038,1776.22962,19.804,-67.164,189.406,1.0
15.1333,128.168052,37.904024,1770.9983376,19.692,-66.963,189.64,1.0
15.15,128.168051,37.904009,1765.7710176000003,19.58,-66.761,189.87,1.0
15.1666,128.168049,37.903994,1760.5479648,19.468,-66.559,190.096,1.0
15.1833,128.168048,37.903979,1755.3291792,19.355,-66.357,190.319,1.0
15.2,128.168047,37.903964,1750.1146608,19.242,-66.155,190.54,1.0
15.2166,128.168045,37.903949,1744.9044096000002,19.13,-65.952,190.759,1.0
15.2333,128.168043,37.903934,1739.6990352,19.018,-65.75,190.975,1.0
15.25,128.168041,37.903918,1734.4982328,18.906,-65.547,191.186,1.0
15.2666,128.168039,37.903902,1729.3020024000002,18.794,-65.343,191.394,1.0
15.2833,128.168037,37.903886,1724.110344,18.682,-65.14,191.6,1.0
15.3,128.168035,37.90387,1718.9238672000001,18.571,-64.936,191.803,1.0
15.3166,128.168033,37.903854,1713.7422672,18.46,-64.733,192.005,1.0
15.3333,128.16803,37.903838,1708.565544,18.349,-64.529,192.203,1.0
15.35,128.168028,37.903821,1703.3940024,18.238,-64.324,192.397,1.0
15.3666,128.168025,37.903805,1698.2279472,18.127,-64.12,192.589,1.0
15.3833,128.168022,37.903788,1693.0667687999999,18.017,-63.915,192.778,1.0
15.4,128.168019,37.903771,1687.9110768,17.907,-63.71,192.965,1.0
15.4166,128.168016,37.903754,1682.7608711999999,17.797,-63.505,193.15,1.0
15.4333,128.168013,37.903736,1677.616152,17.687,-63.3,193.332,1.0
15.45,128.16801,37.903719,1672.4769192,17.579,-63.095,193.511,1.0
15.4666,128.168006,37.903701,1667.3434776000001,17.47,-62.889,193.687,1.0
15.4833,128.168003,37.903683,1662.2158272000001,17.362,-62.683,193.862,1.0
15.5,128.167999,37.903665,1657.0939680000001,17.254,-62.477,194.034,1.0
15.5166,128.167995,37.903647,1651.9782048000002,17.146,-62.271,194.204,1.0
15.5333,128.167991,37.903629,1646.8685376,17.039,-62.065,194.372,1.0
15.55,128.167987,37.90361,1641.7646616000002,16.933,-61.858,194.537,1.0
15.5666,128.167983,37.903592,1636.6671864,16.828,-61.651,194.699,1.0
15.5833,128.167979,37.903573,1631.5758072,16.723,-61.444,194.859,1.0
15.6,128.167974,37.903554,1626.4908288000001,16.618,-61.237,195.018,1.0
15.6166,128.16797,37.903535,1621.4122512000001,16.514,-61.03,195.175,1.0
15.6333,128.167965,37.903516,1616.3403792,16.411,-60.823,195.329,1.0
15.65,128.16796,37.903497,1611.274908,16.309,-60.615,195.481,1.0
15.6666,128.167955,37.903477,1606.2161424,16.207,-60.408,195.63,1.0
15.6833,128.16795,37.903457,1601.1643872,16.106,-60.2,195.778,1.0
15.7,128.167945,37.903438,1596.1190328,16.005,-59.992,195.924,1.0
15.7166,128.167939,37.903418,1591.0809936000003,15.905,-59.784,196.069,1.0
15.7333,128.167934,37.903397,1586.0499648,15.805,-59.575,196.211,1.0
15.75,128.167928,37.903377,1581.0256416,15.707,-59.367,196.351,1.0
15.7666,128.167922,37.903357,1576.0089384,15.609,-59.158,196.489,1.0
15.7833,128.167916,37.903336,1570.9992456000002,15.511,-58.949,196.625,1.0
15.8,128.16791,37.903315,1565.996868,15.414,-58.741,196.76,1.0
15.8166,128.167904,37.903294,1561.0021104000002,15.317,-58.532,196.893,1.0
15.8333,128.167898,37.903273,1556.014668,15.221,-58.322,197.024,1.0
15.85,128.167891,37.903252,1551.0351504000002,15.126,-58.113,197.153,1.0
15.8666,128.167885,37.903231,1546.0629480000002,15.032,-57.904,197.281,1.0
15.8833,128.167878,37.903209,1541.0986704000002,14.938,-57.694,197.406,1.0
15.9,128.167871,37.903188,1536.1423176000003,14.844,-57.484,197.531,1.0
15.9166,128.167864,37.903166,1531.1935848,14.751,-57.275,197.654,1.0
15.9333,128.167857,37.903144,1526.2530816,14.658,-57.065,197.776,1.0
15.95,128.16785,37.903122,1521.3208080000002,14.567,-56.855,197.895,1.0
15.9666,128.167843,37.9031,1516.3964592000002,14.476,-56.644,198.013,1.0
15.9833,128.167835,37.903077,1511.48034,14.386,-56.434,198.13,1.0
16.0,128.167828,37.903055,1506.5727551999998,14.296,-56.224,198.245,1.0
16.0166,128.16782,37.903032,1501.6734000000001,14.207,-56.013,198.359,1.0
16.0333,128.167812,37.903009,1496.7825792,14.118,-55.803,198.472,1.0
16.05,128.167804,37.902986,1491.9005976,14.03,-55.592,198.583,1.0
16.0666,128.167796,37.902963,1487.0268456000001,13.943,-55.381,198.692,1.0
16.0833,128.167788,37.90294,1482.1622376,13.856,-55.17,198.801,1.0
16.1,128.16778,37.902916,1477.306164,13.77,-54.959,198.908,1.0
16.1166,128.167771,37.902893,1472.4592344000002,13.684,-54.748,199.014,1.0
16.1333,128.167762,37.902869,1467.6217536000001,13.601,-54.536,199.109,1.0
16.15,128.167754,37.902845,1462.7937216,13.519,-54.321,199.195,1.0
16.1666,128.167745,37.902821,1457.9748336,13.43,-54.107,199.277,1.0
16.1833,128.167736,37.902797,1453.1653944000002,13.327,-53.892,199.36,1.0
16.2,128.167727,37.902773,1448.365404,13.21,-53.678,199.447,1.0
16.2166,128.167717,37.902748,1443.5748624,13.084,-53.464,199.536,1.0
16.2333,128.167708,37.902724,1438.7952936000002,12.957,-53.248,199.61,1.0
16.25,128.167698,37.902699,1434.0251736,12.832,-53.029,199.67,1.0
16.2666,128.167689,37.902674,1429.2654168,12.698,-52.809,199.722,1.0
16.2833,128.167679,37.902649,1424.5154136,12.543,-52.589,199.777,1.0
16.3,128.167669,37.902624,1419.7757736,12.365,-52.37,199.838,1.0
16.3166,128.167659,37.902598,1415.046192,12.173,-52.152,199.902,1.0
16.3333,128.167649,37.902573,1410.3272784,11.974,-51.933,199.965,1.0
16.35,128.167638,37.902547,1405.6184232000003,11.775,-51.713,200.024,1.0
16.3666,128.167628,37.902522,1400.9199312000003,11.578,-51.492,200.078,1.0
16.3833,128.167617,37.902496,1396.2321072000002,11.38,-51.272,200.13,1.0
16.4,128.167607,37.90247,1391.5546464,11.18,-51.051,200.182,1.0
16.4166,128.167596,37.902443,1386.8881584,10.976,-50.83,200.233,1.0
16.4333,128.167585,37.902417,1382.2320336,10.776,-50.61,200.284,1.0
16.45,128.167574,37.902391,1377.5865767999999,10.58,-50.389,200.333,1.0
16.4666,128.167563,37.902364,1372.9523976,10.389,-50.168,200.38,1.0
16.4833,128.167551,37.902337,1368.3288864,10.202,-49.948,200.425,1.0
16.5,128.16754,37.90231,1363.7163480000002,10.017,-49.727,200.469,1.0
16.5166,128.167528,37.902283,1359.1150872,9.834,-49.506,200.511,1.0
16.5333,128.167517,37.902256,1354.5247992000002,9.658,-49.285,200.553,1.0
16.55,128.167505,37.902229,1349.945484,9.488,-49.064,200.593,1.0
16.5666,128.167493,37.902201,1345.3777512000001,9.325,-48.844,200.633,1.0
16.5833,128.167481,37.902174,1340.8216008,9.166,-48.623,200.671,1.0
16.6,128.167469,37.902146,1336.276728,9.01,-48.402,200.708,1.0
16.6166,128.167457,37.902118,1331.7437424000002,8.857,-48.182,200.743,1.0
16.6333,128.167445,37.90209,1327.2220344000002,8.711,-47.961,200.777,1.0
16.65,128.167432,37.902062,1322.7122136,8.571,-47.74,200.812,1.0
16.6666,128.16742,37.902034,1318.2139752,8.436,-47.518,200.845,1.0
16.6833,128.167407,37.902005,1313.7279288000002,8.304,-47.297,200.877,1.0
16.7,128.167394,37.901977,1309.2537696000002,8.177,-47.075,200.909,1.0
16.7166,128.167381,37.901948,1304.7921072000001,8.051,-46.853,200.939,1.0
16.7333,128.167368,37.901919,1300.3420272,7.931,-46.631,200.968,1.0
16.75,128.167355,37.90189,1295.9041392000001,7.816,-46.41,200.998,1.0
16.7666,128.167342,37.901861,1291.4787480000002,7.705,-46.188,201.026,1.0
16.7833,128.167329,37.901832,1287.0658536,7.598,-45.965,201.054,1.0
16.8,128.167315,37.901802,1282.6654560000002,7.493,-45.743,201.081,1.0
16.8166,128.167302,37.901773,1278.2775552,7.39,-45.521,201.107,1.0
16.8333,128.167288,37.901743,1273.902456,7.292,-45.298,201.133,1.0
16.85,128.167275,37.901713,1269.5398536,7.197,-45.076,201.159,1.0
16.8666,128.167261,37.901683,1265.1900528,7.106,-44.854,201.184,1.0
16.8833,128.167247,37.901653,1260.8533584000002,7.017,-44.631,201.208,1.0
16.9,128.167233,37.901623,1256.5297704,6.931,-44.409,201.232,1.0
16.9166,128.167219,37.901592,1252.218984,6.846,-44.186,201.255,1.0
16.9333,128.167204,37.901562,1247.921304,6.765,-43.963,201.278,1.0
16.95,128.16719,37.901531,1243.6370352000001,6.687,-43.74,201.301,1.0
16.9666,128.167176,37.901501,1239.3661776,6.611,-43.518,201.323,1.0
16.9833,128.167161,37.90147,1235.1084264,6.538,-43.295,201.345,1.0
17.0,128.167147,37.901439,1230.8643912,6.466,-43.072,201.366,1.0
17.0166,128.167132,37.901407,1226.634072,6.396,-42.849,201.387,1.0
17.0333,128.167117,37.901376,1222.417164,6.328,-42.626,201.408,1.0
17.05,128.167102,37.901345,1218.213972,6.263,-42.403,201.429,1.0
17.0666,128.167087,37.901313,1214.0248008,6.2,-42.18,201.449,1.0
17.0833,128.167072,37.901281,1209.8493456,6.139,-41.956,201.469,1.0
17.1,128.167057,37.90125,1205.6879112,6.08,-41.733,201.488,1.0
17.1166,128.167041,37.901218,1201.5404976,6.021,-41.51,201.507,1.0
17.1333,128.167026,37.901185,1197.4074096,5.964,-41.287,201.526,1.0
17.15,128.167011,37.901153,1193.2883424,5.91,-41.063,201.545,1.0
17.1666,128.166995,37.901121,1189.1836008,5.858,-40.84,201.564,1.0
17.1833,128.166979,37.901088,1185.0931848,5.807,-40.617,201.582,1.0
17.2,128.166964,37.901056,1181.0173992,5.757,-40.393,201.6,1.0
17.2166,128.166948,37.901023,1176.9559392,5.708,-40.169,201.618,1.0
17.2333,128.166932,37.90099,1172.9091096,5.661,-39.946,201.636,1.0
17.25,128.166916,37.900957,1168.8772152000001,5.616,-39.722,201.653,1.0
17.2666,128.1669,37.900924,1164.8599512,5.572,-39.499,201.67,1.0
17.2833,128.166883,37.900891,1160.8573176,5.529,-39.275,201.688,1.0
17.3,128.166867,37.900857,1156.869924,5.488,-39.051,201.705,1.0
17.3166,128.166851,37.900824,1152.8974656,5.447,-38.827,201.721,1.0
17.3333,128.166834,37.90079,1148.9399424,5.407,-38.604,201.738,1.0
17.35,128.166817,37.900756,1144.9976592,5.369,-38.38,201.755,1.0
17.3666,128.166801,37.900722,1141.070616,5.332,-38.156,201.771,1.0
17.3833,128.166784,37.900688,1137.1588128,5.296,-37.932,201.787,1.0
17.4,128.166767,37.900654,1133.2625544,5.261,-37.708,201.803,1.0
17.4166,128.16675,37.90062,1129.381536,5.227,-37.484,201.819,1.0
17.4333,128.166733,37.900586,1125.5160624,5.193,-37.259,201.835,1.0
17.45,128.166716,37.900551,1121.6661336,5.161,-37.035,201.851,1.0
17.4666,128.166699,37.900517,1117.8320544,5.131,-36.811,201.867,1.0
17.4833,128.166681,37.900482,1114.0138248,5.1,-36.587,201.882,1.0
17.5,128.166664,37.900447,1110.2111400000001,5.071,-36.363,201.898,1.0
17.5166,128.166647,37.900412,1106.4246096,5.042,-36.138,201.913,1.0
17.5333,128.166629,37.900377,1102.6539288,5.014,-35.914,201.928,1.0
17.55,128.166611,37.900342,1098.8990976,4.988,-35.689,201.944,1.0
17.5666,128.166594,37.900306,1095.1607256,4.962,-35.465,201.959,1.0
17.5833,128.166576,37.900271,1091.4382032,4.937,-35.24,201.974,1.0
17.6,128.166558,37.900235,1087.73214,4.912,-35.016,201.989,1.0
17.6166,128.16654,37.900199,1084.0425360000002,4.888,-34.791,202.004,1.0
17.6333,128.166522,37.900164,1080.3690864,4.865,-34.567,202.019,1.0
17.65,128.166504,37.900128,1076.712096,4.842,-34.342,202.033,1.0
17.6666,128.166485,37.900092,1073.0718696000001,4.82,-34.117,202.048,1.0
17.6833,128.166467,37.900055,1069.4481024000002,4.798,-33.892,202.062,1.0
17.7,128.166449,37.900019,1065.8410992,4.776,-33.667,202.077,1.0
17.7166,128.16643,37.899983,1062.2505552,4.755,-33.443,202.091,1.0
17.7333,128.166412,37.899946,1058.67708,4.735,-33.218,202.106,1.0
17.75,128.166393,37.89991,1055.1203688,4.715,-32.993,202.12,1.0
17.7666,128.166374,37.899873,1051.5807264000002,4.696,-32.768,202.135,1.0
17.7833,128.166356,37.899836,1048.0581528,4.678,-32.543,202.149,1.0
17.8,128.166337,37.899799,1044.552648,4.66,-32.317,202.163,1.0
17.8166,128.166318,37.899762,1041.064212,4.642,-32.092,202.177,1.0
17.8333,128.166299,37.899725,1037.5928448,4.625,-31.867,202.192,1.0
17.85,128.166279,37.899687,1034.1388512,4.609,-31.642,202.206,1.0
17.8666,128.16626,37.89965,1030.7022312000001,4.594,-31.417,202.22,1.0
17.8833,128.166241,37.899612,1027.2832896,4.58,-31.191,202.234,1.0
17.9,128.166222,37.899575,1023.8814168,4.567,-30.966,202.248,1.0
17.9166,128.166202,37.899537,1020.4972224,4.554,-30.741,202.262,1.0
17.9333,128.166183,37.899499,1017.1307064000001,4.541,-30.515,202.276,1.0
17.95,128.166163,37.899461,1013.7818688000001,4.529,-30.29,202.29,1.0
17.9666,128.166143,37.899423,1010.4507096,4.518,-30.064,202.304,1.0
17.9833,128.166124,37.899385,1007.1372288,4.508,-29.839,202.318,1.0
18.0,128.166104,37.899347,1003.8417312,4.497,-29.613,202.332,1.0
18.0166,128.166084,37.899308,1000.5642167999999,4.487,-29.388,202.346,1.0
18.0333,128.166064,37.89927,997.3046856,4.477,-29.162,202.36,1.0
18.05,128.166044,37.899231,994.0631376000001,4.466,-28.937,202.374,1.0
18.0666,128.166024,37.899193,990.8395728,4.455,-28.711,202.387,1.0
18.0833,128.166004,37.899154,987.6346008000002,4.444,-28.485,202.401,1.0
18.1,128.165983,37.899115,984.447612,4.432,-28.259,202.415,1.0
18.1166,128.165963,37.899076,981.2789112,4.421,-28.034,202.429,1.0
18.1333,128.165943,37.899037,978.1284984000001,4.409,-27.808,202.442,1.0
18.15,128.165922,37.898998,974.9966784000001,4.397,-27.582,202.456,1.0
18.1666,128.165902,37.898959,971.8834512000001,4.384,-27.356,202.47,1.0
18.1833,128.165881,37.898919,968.7885120000001,4.372,-27.13,202.483,1.0
18.2,128.16586,37.89888,965.7121656000002,4.36,-26.904,202.497,1.0
18.2166,128.16584,37.89884,962.6547168,4.347,-26.678,202.51,1.0
18.2333,128.165819,37.8988,959.615556,4.336,-26.452,202.524,1.0
18.25,128.165798,37.898761,956.5952928,4.325,-26.225,202.538,1.0
18.2666,128.165777,37.898721,953.5939272,4.315,-25.999,202.552,1.0
18.2833,128.165756,37.898681,950.6114592000001,4.306,-25.773,202.566,1.0
18.3,128.165735,37.898641,947.6478888,4.298,-25.547,202.58,1.0
18.3166,128.165714,37.898601,944.7032160000001,4.291,-25.321,202.594,1.0
18.3333,128.165692,37.898561,941.7774408,4.284,-25.095,202.607,1.0
18.35,128.165671,37.89852,938.870868,4.278,-24.868,202.622,1.0
18.3666,128.16565,37.89848,935.9834976,4.273,-24.642,202.636,1.0
18.3833,128.165628,37.898439,933.1153296000001,4.269,-24.416,202.65,1.0
18.4,128.165607,37.898399,930.266364,4.267,-24.19,202.664,1.0
18.4166,128.165585,37.898358,927.4366008000001,4.264,-23.964,202.678,1.0
18.4333,128.165563,37.898317,924.6260400000001,4.262,-23.737,202.692,1.0
18.45,128.165542,37.898277,921.8352912,4.258,-23.511,202.706,1.0
18.4666,128.16552,37.898236,919.0637448,4.254,-23.285,202.72,1.0
18.4833,128.165498,37.898195,916.3117056,4.249,-23.058,202.734,1.0
18.5,128.165476,37.898154,913.5794784000001,4.245,-22.832,202.749,1.0
18.5166,128.165454,37.898112,910.8667584,4.24,-22.606,202.763,1.0
18.5333,128.165432,37.898071,908.1738504,4.234,-22.379,202.777,1.0
18.55,128.16541,37.89803,905.5004496000001,4.225,-22.153,202.79,1.0
18.5666,128.165388,37.897988,902.8471656000002,4.214,-21.926,202.804,1.0
18.5833,128.165366,37.897947,900.2136936,4.202,-21.699,202.817,1.0
18.6,128.165344,37.897905,897.5997288,4.188,-21.473,202.831,1.0
18.6166,128.165321,37.897864,895.0058808000001,4.175,-21.246,202.845,1.0
18.6333,128.165299,37.897822,892.4321496000001,4.16,-21.019,202.859,1.0
18.65,128.165276,37.89778,889.8782304,4.146,-20.793,202.873,1.0
18.6666,128.165254,37.897738,887.3444280000001,4.131,-20.566,202.886,1.0
18.6833,128.165231,37.897696,884.8307424,4.116,-20.339,202.899,1.0
18.7,128.165209,37.897654,882.3374784,4.1,-20.112,202.913,1.0
18.7166,128.165186,37.897612,879.8640264000001,4.084,-19.885,202.926,1.0
18.7333,128.165163,37.89757,877.4106912,4.071,-19.658,202.94,1.0
18.75,128.16514,37.897527,874.9774728000001,4.059,-19.432,202.954,1.0
18.7666,128.165117,37.897485,872.564676,4.05,-19.205,202.968,1.0
18.7833,128.165095,37.897443,870.171996,4.043,-18.978,202.982,1.0
18.8,128.165072,37.8974,867.8000423999999,4.037,-18.751,202.995,1.0
18.8166,128.165049,37.897358,865.4482056,4.031,-18.524,203.008,1.0
18.8333,128.165025,37.897315,863.1167904,4.027,-18.298,203.022,1.0
18.85,128.165002,37.897272,860.8057968,4.023,-18.071,203.036,1.0
18.8666,128.164979,37.897229,858.5155296,4.021,-17.844,203.05,1.0
18.8833,128.164956,37.897187,856.245684,4.02,-17.618,203.064,1.0
18.9,128.164933,37.897144,853.99626,4.02,-17.391,203.077,1.0
18.9166,128.164909,37.897101,851.7675624,4.021,-17.164,203.091,1.0
18.9333,128.164886,37.897058,849.5595912,4.02,-16.938,203.104,1.0
18.95,128.164862,37.897015,847.3723464,4.018,-16.711,203.118,1.0
18.9666,128.164839,37.896971,845.2058280000001,4.015,-16.485,203.131,1.0
18.9833,128.164815,37.896928,843.0600360000001,4.01,-16.258,203.144,1.0
19.0,128.164791,37.896885,840.9349704,4.005,-16.031,203.158,1.0
19.0166,128.164768,37.896842,838.8306312000001,4.001,-15.805,203.172,1.0
19.0333,128.164744,37.896798,836.7473232,3.993,-15.578,203.185,1.0
19.05,128.16472,37.896755,834.6850464,3.984,-15.351,203.198,1.0
19.0666,128.164696,37.896711,832.643496,3.974,-15.124,203.211,1.0
19.0833,128.164673,37.896667,830.6232816,3.961,-14.897,203.224,1.0
19.1,128.164649,37.896624,828.6237936,3.948,-14.669,203.237,1.0
19.1166,128.164625,37.89658,826.6453368,3.934,-14.442,203.25,1.0
19.1333,128.164601,37.896536,824.6879112,3.92,-14.215,203.263,1.0
19.15,128.164576,37.896492,822.7518216000001,3.908,-13.988,203.276,1.0
19.1666,128.164552,37.896448,820.8364584,3.897,-13.761,203.289,1.0
19.1833,128.164528,37.896404,818.9424312,3.885,-13.533,203.302,1.0
19.2,128.164504,37.89636,817.0697400000001,3.874,-13.306,203.315,1.0
19.2166,128.16448,37.896316,815.21808,3.864,-13.079,203.328,1.0
19.2333,128.164455,37.896272,813.387756,3.854,-12.852,203.341,1.0
19.25,128.164431,37.896228,811.5784632000001,3.845,-12.625,203.354,1.0
19.2666,128.164406,37.896184,809.7905064,3.838,-12.397,203.367,1.0
19.2833,128.164382,37.896139,808.0241904000001,3.831,-12.17,203.38,1.0
19.3,128.164357,37.896095,806.2789056,3.825,-11.943,203.392,1.0
19.3166,128.164333,37.896051,804.5549568,3.82,-11.716,203.405,1.0
19.3333,128.164308,37.896006,802.8529536000001,3.813,-11.488,203.417,1.0
19.35,128.164284,37.895962,801.1719816,3.806,-11.261,203.43,1.0
19.3666,128.164259,37.895917,799.5126504,3.797,-11.034,203.442,1.0
19.3833,128.164234,37.895873,797.87496,3.789,-10.807,203.455,1.0
19.4,128.164209,37.895828,796.2586056,3.78,-10.579,203.467,1.0
19.4166,128.164185,37.895783,794.663892,3.771,-10.352,203.48,1.0
19.4333,128.16416,37.895739,793.091124,3.761,-10.125,203.492,1.0
19.45,128.164135,37.895694,791.5396920000001,3.75,-9.897,203.504,1.0
19.4666,128.16411,37.895649,790.0099008000001,3.739,-9.67,203.516,1.0
19.4833,128.164085,37.895604,788.5020552000001,3.727,-9.442,203.528,1.0
19.5,128.16406,37.895559,787.0155456000001,3.714,-9.215,203.541,1.0
19.5166,128.164035,37.895514,785.5509816,3.702,-8.987,203.553,1.0
19.5333,128.16401,37.895469,784.1083632000001,3.689,-8.76,203.565,1.0
19.55,128.163985,37.895424,782.6873856,3.677,-8.532,203.577,1.0
19.5666,128.16396,37.895379,781.2880488000001,3.666,-8.305,203.589,1.0
19.5833,128.163934,37.895334,779.9106576,3.655,-8.077,203.601,1.0
19.6,128.163909,37.895289,778.5549072,3.643,-7.85,203.612,1.0
19.6166,128.163884,37.895244,777.2214072,3.632,-7.622,203.624,1.0
19.6333,128.163858,37.895198,775.9095480000001,3.621,-7.395,203.636,1.0
19.65,128.163833,37.895153,774.6193296,3.611,-7.167,203.648,1.0
19.6666,128.163808,37.895108,773.3513616000001,3.601,-6.94,203.659,1.0
19.6833,128.163782,37.895063,772.1053392,3.591,-6.713,203.671,1.0
19.7,128.163757,37.895017,770.8812624,3.582,-6.485,203.683,1.0
19.7166,128.163731,37.894972,769.6791312,3.573,-6.258,203.694,1.0
19.7333,128.163706,37.894926,768.4989456000001,3.562,-6.03,203.705,1.0
19.75,128.16368,37.894881,767.3410104000001,3.552,-5.803,203.717,1.0
19.7666,128.163655,37.894835,766.2050207999999,3.541,-5.575,203.728,1.0
19.7833,128.163629,37.89479,765.0909768,3.529,-5.348,203.739,1.0
19.8,128.163603,37.894744,763.9991832000001,3.517,-5.12,203.75,1.0
19.8166,128.163578,37.894699,762.9293352000001,3.505,-4.893,203.762,1.0
19.8333,128.163552,37.894653,761.8820423999999,3.492,-4.665,203.773,1.0
19.85,128.163526,37.894608,760.8563904,3.477,-4.438,203.783,1.0
19.8666,128.163501,37.894562,759.8532936,3.462,-4.21,203.794,1.0
19.8833,128.163475,37.894516,758.8721424,3.445,-3.983,203.805,1.0
19.9,128.163449,37.894471,757.9132416000001,3.428,-3.755,203.815,1.0
19.9166,128.163423,37.894425,756.9765911999999,3.411,-3.528,203.826,1.0
19.9333,128.163397,37.894379,756.0618864,3.395,-3.3,203.837,1.0
19.95,128.163371,37.894333,755.169432,3.379,-3.073,203.848,1.0
19.9666,128.163345,37.894288,754.2992280000001,3.364,-2.845,203.858,1.0
19.9833,128.163319,37.894242,753.4512744,3.35,-2.618,203.868,1.0
20.0,128.163293,37.894196,752.6255712000001,3.335,-2.39,203.879,1.0
20.0166,128.163267,37.89415,751.8221184000001,3.321,-2.163,203.889,1.0
20.0333,128.163241,37.894104,751.0406112,3.308,-1.936,203.899,1.0
20.05,128.163215,37.894058,750.2813544,3.296,-1.708,203.91,1.0
20.0666,128.163189,37.894013,749.5446528,3.285,-1.481,203.92,1.0
20.0833,128.163163,37.893967,748.8298968000001,3.275,-1.254,203.93,1.0
20.1,128.163137,37.893921,748.1373912,3.266,-1.026,203.94,1.0
20.1166,128.163111,37.893875,747.4674408,3.257,-0.799,203.95,1.0
20.1333,128.163085,37.893829,746.8197408,3.246,-0.572,203.96,1.0
20.15,128.163059,37.893783,746.1942912,3.234,-0.345,203.97,1.0
20.1666,128.163032,37.893737,745.591092,3.221,-0.118,203.98,1.0
20.1833,128.163006,37.893691,745.0104480000001,3.207,0.109,203.989,1.0
20.2,128.16298,37.893645,744.4520544,3.192,0.336,203.999,1.0
20.2166,128.162954,37.893599,743.9159112,3.178,0.563,204.009,1.0
20.2333,128.162927,37.893553,743.4023232000001,3.16,0.79,204.018,1.0
20.25,128.162901,37.893507,742.9109856,3.14,1.018,204.027,1.0
20.2666,128.162875,37.893461,742.4422032,3.118,1.245,204.036,1.0
20.2833,128.162848,37.893415,741.9956712000001,3.094,1.472,204.044,1.0
20.3,128.162822,37.893369,741.5713896,3.068,1.7,204.053,1.0
20.3166,128.162796,37.893323,741.1693584,3.042,1.927,204.063,1.0
20.3333,128.162769,37.893277,740.7898824,3.017,2.154,204.071,1.0
20.35,128.162743,37.893231,740.4326568,2.993,2.381,204.08,1.0
20.3666,128.162717,37.893185,740.0976816,2.97,2.609,204.089,1.0
20.3833,128.16269,37.893139,739.7849568,2.947,2.836,204.097,1.0
20.4,128.162664,37.893093,739.4947872000001,2.924,3.063,204.105,1.0
20.4166,128.162637,37.893047,739.226868,2.901,3.29,204.114,1.0
20.4333,128.162611,37.893001,738.9808944,2.88,3.517,204.122,1.0
20.45,128.162585,37.892955,738.7571712000001,2.861,3.744,204.13,1.0
20.4666,128.162558,37.892909,738.5560032,2.844,3.971,204.139,1.0
20.4833,128.162532,37.892863,738.3770856,2.828,4.199,204.147,1.0
20.5,128.162505,37.892817,738.2201136,2.814,4.426,204.155,1.0
20.5166,128.162479,37.892771,738.0856968,2.799,4.654,204.163,1.0
20.5333,128.162452,37.892725,737.9735304,2.784,4.882,204.17,1.0
20.55,128.162426,37.892679,737.8836144,2.767,5.11,204.178,1.0
20.5666,128.162399,37.892633,737.8159488,2.75,5.339,204.186,1.0
20.5833,128.162373,37.892587,737.7705336,2.732,5.567,204.193,1.0
20.6,128.162346,37.892541,737.7473688,2.714,5.796,204.201,1.0
20.6166,128.16232,37.892495,737.7464544,2.696,6.025,204.208,1.0
20.6333,128.162293,37.892449,737.7677904000001,2.677,6.254,204.216,1.0
20.65,128.162267,37.892403,737.8113768000001,2.657,6.483,204.223,1.0
20.6666,128.16224,37.892357,737.8772136,2.636,6.713,204.23,1.0
20.6833,128.162214,37.892311,737.9653008000001,2.615,6.942,204.237,1.0
20.7,128.162187,37.892265,738.0756384,2.593,7.172,204.244,1.0
20.7166,128.162161,37.89222,738.2079216000001,2.57,7.401,204.251,1.0
20.7333,128.162134,37.892174,738.3624552000001,2.548,7.631,204.258,1.0
20.75,128.162107,37.892128,738.5392392,2.526,7.861,204.265,1.0
20.7666,128.162081,37.892082,738.7379688000001,2.504,8.091,204.271,1.0
20.7833,128.162054,37.892036,738.9592536000001,2.483,8.321,204.278,1.0
20.8,128.162028,37.891991,739.202484,2.461,8.551,204.284,1.0
20.8166,128.162001,37.891945,739.46766,2.439,8.781,204.29,1.0
20.8333,128.161975,37.891899,739.7550864000001,2.417,9.011,204.297,1.0
20.85,128.161948,37.891853,740.0647632,2.394,9.242,204.303,1.0
20.8666,128.161922,37.891808,740.3963856,2.371,9.472,204.309,1.0
20.8833,128.161895,37.891762,740.7502584,2.348,9.703,204.315,1.0
20.9,128.161869,37.891717,741.1260768000001,2.325,9.933,204.32,1.0
20.9166,128.161842,37.891671,741.5241456000001,2.301,10.164,204.326,1.0
20.9333,128.161816,37.891625,741.94416,2.277,10.394,204.332,1.0
20.95,128.161789,37.89158,742.3864248,2.253,10.625,204.337,1.0
20.9666,128.161763,37.891534,742.8503304,2.229,10.856,204.342,1.0
20.9833,128.161736,37.891489,743.3364864,2.204,11.087,204.348,1.0
21.0,128.16171,37.891443,743.8448928000001,2.179,11.318,204.353,1.0
21.0166,128.161684,37.891398,744.37494,2.154,11.549,204.358,1.0
21.0333,128.161657,37.891353,744.9272376,2.129,11.78,204.363,1.0
21.05,128.161631,37.891307,745.501176,2.104,12.011,204.368,1.0
21.0666,128.161604,37.891262,746.0973648,2.079,12.243,204.372,1.0
21.0833,128.161578,37.891217,746.7154992,2.053,12.474,204.377,1.0
21.1,128.161552,37.891171,747.3555792000001,2.028,12.705,204.381,1.0
21.1166,128.161525,37.891126,748.0173000000001,2.002,12.937,204.386,1.0
21.1333,128.161499,37.891081,748.7012712000001,1.976,13.168,204.39,1.0
21.15,128.161472,37.891036,749.4068832000002,1.95,13.4,204.394,1.0
21.1666,128.161446,37.890991,750.1344408,1.924,13.631,204.398,1.0
21.1833,128.16142,37.890946,750.8836392000001,1.898,13.863,204.402,1.0
21.2,128.161393,37.890901,751.655088,1.872,14.095,204.406,1.0
21.2166,128.161367,37.890855,752.4478728,1.846,14.326,204.409,1.0
21.2333,128.161341,37.890811,753.262908,1.82,14.558,204.413,1.0
21.25,128.161315,37.890766,754.0992792000001,1.794,14.79,204.416,1.0
21.2666,128.161288,37.890721,754.9575960000001,1.768,15.022,204.42,1.0
21.2833,128.161262,37.890676,755.8378584,1.741,15.254,204.423,1.0
21.3,128.161236,37.890631,756.7394568000001,1.715,15.486,204.426,1.0
21.3166,128.16121,37.890586,757.6630008000001,1.689,15.718,204.429,1.0
21.3333,128.161184,37.890542,758.6081856,1.662,15.95,204.432,1.0
21.35,128.161157,37.890497,759.5750112,1.636,16.182,204.434,1.0
21.3666,128.161131,37.890452,760.5634775999999,1.609,16.415,204.437,1.0
21.3833,128.161105,37.890408,761.5735848,1.583,16.647,204.439,1.0
21.4,128.161079,37.890363,762.6053328,1.556,16.879,204.442,1.0
21.4166,128.161053,37.890319,763.6584167999999,1.53,17.112,204.444,1.0
21.4333,128.161027,37.890274,764.7334464,1.503,17.344,204.446,1.0
21.45,128.161001,37.89023,765.8295072,1.475,17.577,204.448,1.0
21.4666,128.160975,37.890185,766.9475136,1.448,17.81,204.449,1.0
21.4833,128.160949,37.890141,768.086856,1.42,18.042,204.451,1.0
21.5,128.160923,37.890097,769.2475344,1.391,18.275,204.453,1.0
21.5166,128.160897,37.890053,770.4298536000001,1.363,18.508,204.454,1.0
21.5333,128.160871,37.890008,771.6335088000001,1.334,18.741,204.455,1.0
21.55,128.160845,37.889964,772.8585,1.304,18.974,204.456,1.0
21.5666,128.160819,37.88992,774.1048272,1.274,19.207,204.457,1.0
21.5833,128.160794,37.889876,775.3724904000001,1.243,19.44,204.458,1.0
21.6,128.160768,37.889832,776.6614896,1.212,19.673,204.459,1.0
21.6166,128.160742,37.889788,777.9718248,1.181,19.906,204.459,1.0
21.6333,128.160716,37.889745,779.303496,1.149,20.139,204.459,1.0
21.65,128.160691,37.889701,780.6561984000001,1.116,20.373,204.459,1.0
21.6666,128.160665,37.889657,782.0302368,1.083,20.606,204.459,1.0
21.6833,128.160639,37.889613,783.4253064000001,1.049,20.839,204.459,1.0
21.7,128.160614,37.88957,784.841712,1.014,21.073,204.459,1.0
21.7166,128.160588,37.889526,786.2791488,0.98,21.307,204.458,1.0
21.7333,128.160563,37.889483,787.7376168,0.944,21.54,204.457,1.0
21.75,128.160537,37.889439,789.217116,0.908,21.774,204.456,1.0
21.7666,128.160512,37.889396,790.7176464,0.872,22.008,204.455,1.0
21.7833,128.160486,37.889353,792.2392080000001,0.835,22.242,204.454,1.0
21.8,128.160461,37.889309,793.7818008,0.797,22.476,204.452,1.0
21.8166,128.160435,37.889266,795.3451200000001,0.759,22.71,204.45,1.0
21.8333,128.16041,37.889223,796.9294704,0.722,22.944,204.449,1.0
21.85,128.160385,37.88918,798.5345472,0.684,23.178,204.446,1.0
21.8666,128.160359,37.889137,800.1603504,0.646,23.412,204.444,1.0
21.8833,128.160334,37.889094,801.80688,0.609,23.646,204.442,1.0
21.9,128.160309,37.889051,803.4744408,0.571,23.881,204.439,1.0
21.9166,128.160284,37.889008,805.1624232,0.533,24.115,204.436,1.0
21.9333,128.160259,37.888966,806.8711320000001,0.495,24.35,204.433,1.0
21.95,128.160234,37.888923,808.6002624,0.458,24.584,204.43,1.0
21.9666,128.160209,37.88888,810.3501192,0.422,24.819,204.427,1.0
21.9833,128.160184,37.888838,812.1207024,0.385,25.053,204.423,1.0
22.0,128.160159,37.888795,813.9114024,0.349,25.288,204.419,1.0
22.0166,128.160134,37.888753,815.7228288,0.313,25.523,204.415,1.0
22.0333,128.160109,37.888711,817.5543720000001,0.276,25.758,204.411,1.0
22.05,128.160084,37.888668,819.4066416000001,0.24,25.993,204.407,1.0
22.0666,128.160059,37.888626,821.279028,0.203,26.228,204.402,1.0
22.0833,128.160035,37.888584,823.1718360000001,0.166,26.463,204.397,1.0
22.1,128.16001,37.888542,825.0847608,0.128,26.698,204.393,1.0
22.1166,128.159985,37.8885,827.0178024,0.091,26.933,204.387,1.0
22.1333,128.159961,37.888458,828.9712656000002,0.054,27.168,204.382,1.0
22.15,128.159936,37.888417,830.9445408,0.016,27.404,204.376,1.0
22.1666,128.159912,37.888375,832.9382376000001,-0.02,27.639,204.371,1.0
22.1833,128.159887,37.888333,834.9517464,-0.057,27.875,204.365,1.0
22.2,128.159863,37.888292,836.985372,-0.095,28.11,204.359,1.0
22.2166,128.159838,37.88825,839.0388096,-0.132,28.346,204.352,1.0
22.2333,128.159814,37.888209,841.112364,-0.17,28.582,204.346,1.0
22.25,128.15979,37.888168,843.2057304,-0.208,28.818,204.339,1.0
22.2666,128.159766,37.888126,845.318604,-0.247,29.054,204.332,1.0
22.2833,128.159741,37.888085,847.4515944000001,-0.286,29.29,204.324,1.0
22.3,128.159717,37.888044,849.604092,-0.325,29.526,204.317,1.0
22.3166,128.159693,37.888003,851.7764016,-0.365,29.762,204.309,1.0
22.3333,128.159669,37.887962,853.9685232,-0.405,29.998,204.301,1.0
22.35,128.159645,37.887921,856.180152,-0.445,30.234,204.293,1.0
22.3666,128.159621,37.887881,858.4109832000001,-0.486,30.471,204.285,1.0
22.3833,128.159598,37.88784,860.6616264000002,-0.527,30.707,204.276,1.0
22.4,128.159574,37.887799,862.931472,-0.569,30.944,204.267,1.0
22.4166,128.15955,37.887759,865.2211296,-0.611,31.18,204.258,1.0
22.4333,128.159526,37.887719,867.5296848,-0.651,31.417,204.249,1.0
22.45,128.159503,37.887678,869.8574424,-0.691,31.654,204.24,1.0
22.4666,128.159479,37.887638,872.2047072,-0.729,31.891,204.23,1.0
22.4833,128.159456,37.887598,874.5708696000002,-0.767,32.128,204.22,1.0
22.5,128.159432,37.887558,876.9562344,-0.804,32.365,204.21,1.0
22.5166,128.159409,37.887518,879.3608016000001,-0.842,32.602,204.2,1.0
22.5333,128.159385,37.887478,881.7842664,-0.878,32.839,204.189,1.0
22.55,128.159362,37.887438,884.2266288,-0.914,33.076,204.178,1.0
22.5666,128.159339,37.887399,886.6878888000001,-0.949,33.313,204.168,1.0
22.5833,128.159316,37.887359,889.1680464,-0.984,33.551,204.157,1.0
22.6,128.159293,37.88732,891.6671016,-1.019,33.788,204.145,1.0
22.6166,128.15927,37.88728,894.1850544,-1.053,34.026,204.134,1.0
22.6333,128.159247,37.887241,896.7216000000001,-1.088,34.263,204.122,1.0
22.65,128.159224,37.887202,899.2767384,-1.124,34.501,204.109,1.0
22.6666,128.159201,37.887163,901.8504696000001,-1.161,34.738,204.097,1.0
22.6833,128.159178,37.887124,904.4427936,-1.198,34.976,204.084,1.0
22.7,128.159156,37.887085,907.0537104000001,-1.236,35.214,204.071,1.0
22.7166,128.159133,37.887046,909.6829152,-1.273,35.452,204.058,1.0
22.7333,128.15911,37.887007,912.330408,-1.311,35.691,204.045,1.0
22.75,128.159088,37.886969,914.9964936,-1.348,35.929,204.032,1.0
22.7666,128.159065,37.88693,917.6805624,-1.385,36.167,204.018,1.0
22.7833,128.159043,37.886892,920.3829192000001,-1.421,36.406,204.004,1.0
22.8,128.159021,37.886853,923.103564,-1.458,36.644,203.99,1.0
22.8166,128.158999,37.886815,925.8421920000001,-1.495,36.883,203.976,1.0
22.8333,128.158976,37.886777,928.5988032,-1.531,37.121,203.961,1.0
22.85,128.158954,37.886739,931.3733976,-1.567,37.36,203.946,1.0
22.8666,128.158932,37.886701,934.1659752,-1.602,37.599,203.931,1.0
22.8833,128.15891,37.886663,936.9762312,-1.638,37.838,203.916,1.0
22.9,128.158888,37.886626,939.8044704,-1.673,38.077,203.901,1.0
22.9166,128.158867,37.886588,942.650388,-1.708,38.316,203.885,1.0
22.9333,128.158845,37.886551,945.513984,-1.744,38.555,203.869,1.0
22.95,128.158823,37.886513,948.3952584,-1.779,38.794,203.852,1.0
22.9666,128.158802,37.886476,951.2939064000001,-1.815,39.034,203.836,1.0
22.9833,128.15878,37.886439,954.2102328,-1.85,39.273,203.819,1.0
23.0,128.158759,37.886402,957.1439328,-1.886,39.513,203.802,1.0
23.0166,128.158737,37.886365,960.0950064000001,-1.922,39.753,203.785,1.0
23.0333,128.158716,37.886328,963.0634536000001,-1.958,39.992,203.767,1.0
23.05,128.158695,37.886291,966.0489696000001,-1.994,40.232,203.749,1.0
23.0666,128.158673,37.886255,969.0518592000001,-2.03,40.472,203.731,1.0
23.0833,128.158652,37.886218,972.0718176,-2.066,40.712,203.713,1.0
23.1,128.158631,37.886182,975.1088448,-2.102,40.952,203.694,1.0
23.1166,128.15861,37.886146,978.1629408,-2.139,41.193,203.675,1.0
23.1333,128.15859,37.886109,981.2338008000002,-2.175,41.433,203.656,1.0
23.15,128.158569,37.886073,984.3217296,-2.212,41.674,203.637,1.0
23.1666,128.158548,37.886037,987.4261176,-2.248,41.914,203.617,1.0
23.1833,128.158527,37.886002,990.5475744,-2.285,42.155,203.597,1.0
23.2,128.158507,37.885966,993.6854904,-2.322,42.396,203.577,1.0
23.2166,128.158486,37.88593,996.8401704,-2.359,42.637,203.556,1.0
23.2333,128.158466,37.885895,1000.0113096,-2.397,42.878,203.535,1.0
23.25,128.158446,37.88586,1003.1992127999999,-2.434,43.119,203.514,1.0
23.2666,128.158426,37.885824,1006.4032704,-2.472,43.36,203.492,1.0
23.2833,128.158405,37.885789,1009.6237872000002,-2.51,43.601,203.47,1.0
23.3,128.158385,37.885754,1012.8604584,-2.549,43.843,203.448,1.0
23.3166,128.158365,37.885719,1016.113284,-2.587,44.084,203.426,1.0
23.3333,128.158345,37.885685,1019.382264,-2.626,44.326,203.403,1.0
23.35,128.158326,37.88565,1022.6673984,-2.666,44.568,203.38,1.0
23.3666,128.158306,37.885615,1025.9686872000002,-2.705,44.81,203.356,1.0
23.3833,128.158286,37.885581,1029.2858256,-2.745,45.052,203.332,1.0
23.4,128.158267,37.885547,1032.6188136,-2.786,45.294,203.308,1.0
23.4166,128.158247,37.885513,1035.9676512,-2.827,45.536,203.283,1.0
23.4333,128.158228,37.885479,1039.3320336000002,-2.868,45.778,203.258,1.0
23.45,128.158208,37.885445,1042.7122656000001,-2.91,46.021,203.233,1.0
23.4666,128.158189,37.885411,1046.1080424,-2.952,46.263,203.207,1.0
23.4833,128.15817,37.885377,1049.5196688,-2.995,46.506,203.181,1.0
23.5,128.158151,37.885344,1052.9462303999999,-3.038,46.749,203.155,1.0
23.5166,128.158132,37.88531,1056.3886416,-3.082,46.992,203.128,1.0
23.5333,128.158113,37.885277,1059.845988,-3.127,47.235,203.1,1.0
23.55,128.158094,37.885244,1063.3188792,-3.172,47.478,203.072,1.0
23.5666,128.158076,37.885211,1066.8067056,-3.218,47.721,203.044,1.0
23.5833,128.158057,37.885178,1070.309772,-3.265,47.964,203.015,1.0
23.6,128.158038,37.885145,1073.8280784,-3.313,48.208,202.986,1.0
23.6166,128.15802,37.885113,1077.3610152,-3.36,48.451,202.957,1.0
23.6333,128.158002,37.88508,1080.9088872000002,-3.41,48.695,202.926,1.0
23.65,128.157983,37.885048,1084.4716944000002,-3.46,48.939,202.896,1.0
23.6666,128.157965,37.885015,1088.0494368,-3.511,49.183,202.864,1.0
23.6833,128.157947,37.884983,1091.6415048000001,-3.563,49.427,202.832,1.0
23.7,128.157929,37.884951,1095.2482032,-3.616,49.671,202.8,1.0
23.7166,128.157911,37.884919,1098.8695320000002,-3.67,49.916,202.767,1.0
23.7333,128.157893,37.884888,1102.5054912,-3.725,50.16,202.734,1.0
23.75,128.157876,37.884856,1106.155776,-3.782,50.405,202.7,1.0
23.7666,128.157858,37.884825,1109.8200816,-3.84,50.65,202.665,1.0
23.7833,128.15784,37.884793,1113.4990176000001,-3.9,50.894,202.629,1.0
23.8,128.157823,37.884762,1117.1916696,-3.96,51.139,202.593,1.0
23.8166,128.157806,37.884731,1120.8986472000001,-4.022,51.385,202.557,1.0
23.8333,128.157788,37.8847,1124.6196456,-4.086,51.63,202.519,1.0
23.85,128.157771,37.884669,1128.3546648000001,-4.152,51.875,202.481,1.0
23.8666,128.157754,37.884639,1132.1034,-4.22,52.121,202.442,1.0
23.8833,128.157737,37.884608,1135.866156,-4.291,52.366,202.402,1.0
23.9,128.15772,37.884578,1139.6423232,-4.362,52.612,202.361,1.0
23.9166,128.157704,37.884548,1143.4322064,-4.435,52.858,202.32,1.0
23.9333,128.157687,37.884518,1147.2358056,-4.511,53.104,202.278,1.0
23.95,128.15767,37.884488,1151.0531208,-4.591,53.35,202.234,1.0
23.9666,128.157654,37.884458,1154.8835424,-4.674,53.597,202.189,1.0
23.9833,128.157637,37.884428,1158.7270704,-4.76,53.843,202.143,1.0
24.0,128.157621,37.884399,1162.5843144,-4.847,54.089,202.097,1.0
24.0166,128.157605,37.884369,1166.45436,-4.936,54.336,202.05,1.0
24.0333,128.157589,37.88434,1170.3378168,-5.031,54.583,202.001,1.0
24.05,128.157573,37.884311,1174.23438,-5.131,54.83,201.95,1.0
24.0666,128.157557,37.884282,1178.1437448000001,-5.235,55.077,201.898,1.0
24.0833,128.157541,37.884253,1182.0659112,-5.343,55.324,201.845,1.0
24.1,128.157526,37.884225,1186.0008792,-5.454,55.572,201.791,1.0
24.1166,128.15751,37.884196,1189.9486488,-5.567,55.819,201.736,1.0
24.1333,128.157495,37.884168,1193.90922,-5.689,56.067,201.679,1.0
24.15,128.157479,37.884139,1197.882288,-5.82,56.315,201.618,1.0
24.1666,128.157464,37.884111,1201.8678528,-5.959,56.563,201.556,1.0
24.1833,128.157449,37.884083,1205.8659144,-6.102,56.811,201.492,1.0
24.2,128.157434,37.884055,1209.8764728,-6.251,57.059,201.428,1.0
24.2166,128.157419,37.884028,1213.8989184000002,-6.402,57.307,201.362,1.0
24.2333,128.157404,37.884,1217.9341656000001,-6.571,57.556,201.292,1.0
24.25,128.157389,37.883973,1221.9816048,-6.755,57.805,201.218,1.0
24.2666,128.157375,37.883946,1226.0409312000002,-6.952,58.053,201.14,1.0
24.2833,128.15736,37.883919,1230.1121448000001,-7.16,58.302,201.061,1.0
24.3,128.157346,37.883892,1234.1952456000001,-7.375,58.551,200.981,1.0
24.3166,128.157331,37.883865,1238.2902336000002,-7.595,58.801,200.9,1.0
24.3333,128.157317,37.883838,1242.3977184,-7.853,59.05,200.81,1.0
24.35,128.157303,37.883812,1246.5173952,-8.146,59.299,200.71,1.0
24.3666,128.157289,37.883786,1250.6483496,-8.468,59.549,200.606,1.0
24.3833,128.157275,37.88376,1254.7911912000002,-8.811,59.798,200.5,1.0
24.4,128.157262,37.883734,1258.9453104000002,-9.17,60.048,200.393,1.0
24.4166,128.157248,37.883708,1263.1104024,-9.54,60.299,200.285,1.0
24.4333,128.157235,37.883682,1267.2879912,-10.019,60.522,200.164,1.0
24.45,128.157221,37.883656,1271.4771624,-10.596,60.702,200.037,1.0
24.4666,128.157208,37.883631,1275.6782208000002,-11.249,60.854,199.91,1.0
24.4833,128.157195,37.883606,1279.890252,-11.962,61.003,199.788,1.0
24.5,128.157182,37.883581,1284.1126464000001,-12.721,61.161,199.667,1.0
24.5166,128.157169,37.883556,1288.345404,-13.515,61.332,199.542,1.0
24.5333,128.157157,37.883531,1292.5897439999999,-14.463,61.488,199.399,1.0
24.55,128.157144,37.883507,1296.844752,-15.545,61.604,199.248,1.0
24.5666,128.157132,37.883482,1301.110428,-16.738,61.659,199.117,1.0
24.5833,128.15712,37.883458,1305.3855528000001,-18.019,61.63,199.034,1.0
24.6,128.157108,37.883434,1309.6713456,-19.387,61.542,198.995,1.0
24.6166,128.157096,37.88341,1313.9662824,-20.854,61.424,198.981,1.0
24.6333,128.157084,37.883386,1318.2685344000001,-21.997,61.271,199.059,1.0
24.65,128.157072,37.883362,1322.5781016,-22.843,61.1,199.213,1.0
24.6666,128.157061,37.883338,1326.8943744000003,-23.435,60.933,199.383,1.0
24.6833,128.157049,37.883315,1331.2161336,-23.803,60.78,199.527,1.0
24.7,128.157038,37.883291,1335.5433792,-23.969,60.645,199.635,1.0
24.7166,128.157027,37.883268,1339.8751968000001,-23.945,60.523,199.719,1.0
24.7333,128.157016,37.883244,1344.2128056000001,-24.151,60.401,199.738,1.0
24.75,128.157005,37.883221,1348.5552912,-24.571,60.275,199.706,1.0
24.7666,128.156994,37.883198,1352.9023488,-25.191,60.152,199.659,1.0
24.7833,128.156983,37.883175,1357.2545880000002,-25.996,60.038,199.626,1.0
24.8,128.156972,37.883152,1361.6110944000002,-26.975,59.935,199.61,1.0
24.8166,128.156962,37.883129,1365.9724776,-28.114,59.841,199.604,1.0
24.8333,128.156951,37.883106,1370.3378232000002,-29.4,59.754,199.597,1.0
24.85,128.156941,37.883083,1374.7068264000002,-30.823,59.671,199.585,1.0
24.8666,128.156931,37.88306,1379.0794872,-32.374,59.592,199.567,1.0
24.8833,128.156921,37.883038,1383.4551960000001,-34.044,59.518,199.546,1.0
24.9,128.156911,37.883015,1387.8339528000001,-35.824,59.449,199.524,1.0
24.9166,128.156901,37.882992,1392.2151480000002,-37.707,59.386,199.503,1.0
24.9333,128.156891,37.88297,1396.5984767999998,-39.683,59.328,199.483,1.0
24.95,128.156882,37.882947,1400.984244,-41.745,59.274,199.462,1.0
24.9666,128.156872,37.882925,1405.3715352000002,-43.886,59.224,199.441,1.0
24.9833,128.156863,37.882902,1409.7603504,-46.1,59.177,199.42,1.0
25.0,128.156853,37.88288,1414.1503848,-48.38,59.132,199.398,1.0
25.0166,128.156844,37.882858,1418.5413336,-50.724,59.09,199.375,1.0
25.0333,128.156835,37.882835,1422.9325872,-53.125,59.05,199.352,1.0
25.05,128.156826,37.882813,1427.3244504000002,-55.58,59.013,199.329,1.0
25.0666,128.156817,37.882791,1431.7160088,-58.084,58.978,199.306,1.0
25.0833,128.156808,37.882768,1436.1075672000002,-60.634,58.944,199.284,1.0
25.1,128.156799,37.882746,1440.498516,-63.225,58.913,199.261,1.0
25.1166,128.15679,37.882724,1444.8885504000002,-65.853,58.883,199.238,1.0
25.1333,128.156782,37.882702,1449.2776704,-68.514,58.854,199.215,1.0
25.15,128.156773,37.882679,1453.6655712,-71.205,58.827,199.192,1.0
25.1666,128.156765,37.882657,1458.051948,-73.921,58.801,199.17,1.0
25.1833,128.156757,37.882635,1462.4364960000003,-76.66,58.776,199.148,1.0
25.2,128.156748,37.882613,1466.8192152000001,-79.417,58.753,199.126,1.0
25.2166,128.15674,37.88259,1471.1994960000002,-82.19,58.73,199.104,1.0
25.2333,128.156732,37.882568,1475.5776432,-84.975,58.708,199.083,1.0
25.25,128.156724,37.882546,1479.9530472,-87.769,58.688,199.063,1.0
25.2666,128.156716,37.882523,1484.325708,-90.569,58.668,199.043,1.0
25.2833,128.156708,37.882501,1488.6953208000002,-93.373,58.649,199.023,1.0
25.3,128.156701,37.882479,1493.0618856,-96.177,58.631,199.005,1.0
25.3166,128.156693,37.882456,1497.4247928,-98.979,58.613,198.987,1.0
25.3333,128.156685,37.882434,1501.7837376,-101.815,58.593,198.925,1.0
25.35,128.156678,37.882411,1506.13872,-104.68,58.567,198.822,1.0
25.3666,128.15667,37.882389,1510.4897400000002,-107.554,58.538,198.699,1.0
25.3833,128.156663,37.882366,1514.8364928,-110.418,58.508,198.575,1.0
25.4,128.156655,37.882344,1519.1789784,-113.26,58.477,198.46,1.0
25.4166,128.156648,37.882321,1523.5165872,-116.078,58.446,198.355,1.0
25.4333,128.156641,37.882298,1527.8490144,-118.903,58.404,198.219,1.0
25.45,128.156634,37.882276,1532.1756504000002,-121.764,58.338,198.018,1.0
25.4666,128.156627,37.882253,1536.4961904,-124.688,58.234,197.72,1.0
25.4833,128.15662,37.88223,1540.8100248,-127.68,58.081,197.317,1.0
25.5,128.156613,37.882207,1545.1174584000003,-130.697,57.892,196.856,1.0
25.5166,128.156606,37.882184,1549.4178816,-133.698,57.68,196.383,1.0
25.5333,128.156599,37.882161,1553.7103800000002,-136.696,57.425,195.873,1.0
25.55,128.156592,37.882138,1557.9940392000003,-139.703,57.109,195.311,1.0
25.5666,128.156586,37.882114,1562.2688592000002,-142.696,56.736,194.722,1.0
25.5833,128.156579,37.882091,1566.5342304,-145.641,56.327,194.143,1.0
25.6,128.156573,37.882067,1570.7898480000001,-148.516,55.902,193.607,1.0
25.6166,128.156566,37.882044,1575.0351024000001,-151.306,55.481,193.134,1.0
25.6333,128.15656,37.88202,1579.2681648,-154.032,55.043,192.704,1.0
25.65,128.156554,37.881996,1583.4890352,-156.707,54.574,192.307,1.0
25.6666,128.156547,37.881972,1587.6971039999999,-159.333,54.085,191.949,1.0
25.6833,128.156541,37.881948,1591.8920664000002,-161.908,53.591,191.639,1.0
25.7,128.156535,37.881923,1596.073008,-164.436,53.103,191.38,1.0
25.7166,128.156529,37.881899,1600.239624,-166.92,52.627,191.171,1.0
25.7333,128.156523,37.881874,1604.3931336,-169.339,52.162,191.004,1.0
25.75,128.156517,37.881849,1608.5326224,-171.7,51.707,190.876,1.0
25.7666,128.156511,37.881824,1612.6562616,-174.01,51.26,190.787,1.0
25.7833,128.156504,37.881799,1616.7646608,-176.28,50.819,190.737,1.0
25.8,128.156498,37.881774,1620.8569056000001,-178.518,50.385,190.723,1.0
25.8166,128.156492,37.881748,1624.9326912000001,179.264,49.958,190.743,1.0
25.8333,128.156486,37.881722,1628.9941512,177.329,49.538,190.75,1.0
25.8499,128.156479,37.881697,1633.040676,175.658,49.124,190.742,1.0
25.8666,128.156473,37.881671,1637.0725704000001,174.232,48.717,190.748,1.0
25.8833,128.156467,37.881645,1641.090444,173.023,48.319,190.793,1.0
25.9,128.15646,37.881618,1645.0949064,171.981,47.928,190.881,1.0
25.9166,128.156454,37.881592,1649.0859576,171.047,47.546,191.001,1.0
25.9333,128.156447,37.881566,1653.064512,170.297,47.168,191.123,1.0
25.95,128.156441,37.881539,1657.0305696000003,169.69,46.794,191.235,1.0
25.9666,128.156434,37.881512,1660.98474,169.198,46.426,191.346,1.0
25.9833,128.156427,37.881485,1664.9276328,168.803,46.066,191.466,1.0
26.0,128.156421,37.881458,1668.8571144,168.484,45.713,191.599,1.0
26.0166,128.156414,37.881431,1672.7728800000002,168.218,45.368,191.742,1.0
26.0333,128.156407,37.881404,1676.6776728000002,168.009,45.029,191.886,1.0
26.05,128.1564,37.881377,1680.56814,167.84,44.696,192.028,1.0
26.0666,128.156393,37.881349,1684.4448912000003,167.699,44.368,192.168,1.0
26.0833,128.156386,37.881322,1688.3073168,167.58,44.045,192.308,1.0
26.0999,128.156378,37.881294,1692.155112,167.478,43.727,192.448,1.0
26.1166,128.156371,37.881266,1695.9882768,167.386,43.413,192.589,1.0
26.1333,128.156364,37.881238,1699.8068112,167.307,43.103,192.728,1.0
26.15,128.156356,37.88121,1703.6101056,167.236,42.797,192.866,1.0
26.1666,128.156349,37.881182,1707.39816,167.17,42.494,193.003,1.0
26.1833,128.156341,37.881153,1711.1709744000002,167.108,42.194,193.138,1.0
26.2,128.156333,37.881125,1714.928244,167.049,41.896,193.273,1.0
26.2166,128.156326,37.881096,1718.6693592000001,166.992,41.601,193.406,1.0
26.2333,128.156318,37.881068,1722.3949296,166.937,41.307,193.538,1.0
26.25,128.15631,37.881039,1726.1043456000002,166.884,41.016,193.669,1.0
26.2666,128.156302,37.88101,1729.797912,166.832,40.726,193.799,1.0
26.2833,128.156293,37.880981,1733.4750192000001,166.78,40.438,193.927,1.0
26.3,128.156285,37.880952,1737.1356672000002,166.729,40.152,194.055,1.0
26.3166,128.156277,37.880922,1740.7801608,166.678,39.866,194.182,1.0
26.3333,128.156268,37.880893,1744.4078904,166.628,39.582,194.307,1.0
26.35,128.15626,37.880863,1748.0188560000001,166.578,39.299,194.432,1.0
26.3666,128.156251,37.880833,1751.6130576,166.528,39.018,194.556,1.0
26.3833,128.156243,37.880804,1755.1904952,166.479,38.737,194.68,1.0
26.4,128.156234,37.880774,1758.750864,166.429,38.457,194.802,1.0
26.4166,128.156225,37.880744,1762.2944688,166.38,38.178,194.924,1.0
26.4333,128.156216,37.880713,1765.8203952000001,166.331,37.899,195.044,1.0
26.45,128.156207,37.880683,1769.3295576,166.281,37.621,195.165,1.0
26.4666,128.156197,37.880653,1772.8210416,166.232,37.344,195.284,1.0
26.4833,128.156188,37.880622,1776.295152,166.183,37.068,195.403,1.0
26.5,128.156179,37.880591,1779.7518888000002,166.133,36.792,195.521,1.0
26.5166,128.156169,37.880561,1783.191252,166.084,36.516,195.639,1.0
26.5333,128.15616,37.88053,1786.612632,166.035,36.241,195.756,1.0
26.55,128.15615,37.880499,1790.0163336,165.986,35.966,195.873,1.0
26.5666,128.15614,37.880467,1793.4023568,165.937,35.692,195.989,1.0
26.5833,128.15613,37.880436,1796.7703968,165.888,35.418,196.104,1.0
26.6,128.15612,37.880405,1800.1207584,165.839,35.144,196.219,1.0
26.6166,128.15611,37.880373,1803.4528320000002,165.79,34.871,196.334,1.0
26.6333,128.1561,37.880342,1806.7669224,165.742,34.598,196.448,1.0
26.65,128.15609,37.88031,1810.0627248,165.693,34.325,196.561,1.0
26.6666,128.156079,37.880278,1813.340544,165.644,34.052,196.675,1.0
26.6833,128.156069,37.880246,1816.5997704000001,165.596,33.779,196.787,1.0
26.7,128.156058,37.880214,1819.8407088000001,165.548,33.507,196.9,1.0
26.7166,128.156047,37.880182,1823.0633592000001,165.5,33.235,197.012,1.0
26.7333,128.156037,37.88015,1826.2677216000002,165.453,32.962,197.123,1.0
26.75,128.156026,37.880118,1829.4534912000001,165.407,32.69,197.234,1.0
26.7666,128.156015,37.880085,1832.620668,165.362,32.418,197.345,1.0
26.7833,128.156004,37.880053,1835.769252,165.319,32.146,197.455,1.0
26.8,128.155992,37.88002,1838.8992432,165.276,31.875,197.565,1.0
26.8166,128.155981,37.879987,1842.0100320000001,165.234,31.603,197.675,1.0
26.8333,128.15597,37.879955,1845.1025328,165.193,31.331,197.784,1.0
26.85,128.155958,37.879922,1848.176136,165.154,31.06,197.893,1.0
26.8666,128.155946,37.879889,1851.2308416,165.117,30.788,198.001,1.0
26.8833,128.155935,37.879855,1854.2663448000003,165.081,30.517,198.109,1.0
26.9,128.155923,37.879822,1857.2829504000001,165.045,30.245,198.217,1.0
26.9166,128.155911,37.879789,1860.2806584000002,165.011,29.974,198.324,1.0
26.9333,128.155899,37.879755,1863.2591640000003,164.98,29.702,198.431,1.0
26.95,128.155887,37.879722,1866.2187720000002,164.951,29.431,198.537,1.0
26.9666,128.155874,37.879688,1869.1591776000002,164.926,29.16,198.643,1.0
26.9833,128.155862,37.879655,1872.080076,164.902,28.888,198.748,1.0
27.0,128.155849,37.879621,1874.981772,164.881,28.617,198.853,1.0
27.0166,128.155837,37.879587,1877.8642656,164.86,28.345,198.958,1.0
27.0333,128.155824,37.879553,1880.7275568,164.845,28.074,199.062,1.0
27.05,128.155811,37.879519,1883.5713408000001,164.834,27.802,199.166,1.0
27.0666,128.155798,37.879485,1886.3959224,164.827,27.531,199.269,1.0
27.0833,128.155785,37.879451,1889.2006920000001,164.823,27.259,199.371,1.0
27.1,128.155772,37.879416,1891.9859544,164.822,26.987,199.473,1.0
27.1166,128.155759,37.879382,1894.7517096000001,164.823,26.716,199.575,1.0
27.1333,128.155746,37.879347,1897.4982624000002,164.829,26.444,199.676,1.0
27.15,128.155732,37.879313,1900.2250032,164.84,26.172,199.776,1.0
27.1666,128.155719,37.879278,1902.9319320000002,164.856,25.9,199.875,1.0
27.1833,128.155705,37.879243,1905.6190488,164.875,25.629,199.974,1.0
27.2,128.155691,37.879209,1908.2863536000002,164.898,25.357,200.073,1.0
27.2166,128.155677,37.879174,1910.9335416,164.923,25.084,200.171,1.0
27.2333,128.155663,37.879139,1913.5609176000003,164.95,24.812,200.268,1.0
27.25,128.155649,37.879104,1916.1684816,164.978,24.54,200.364,1.0
27.2666,128.155635,37.879069,1918.7556240000001,165.008,24.267,200.459,1.0
27.2833,128.155621,37.879033,1921.3226496,165.04,23.995,200.553,1.0
27.3,128.155607,37.878998,1923.8695584000002,165.073,23.722,200.647,1.0
27.3166,128.155592,37.878963,1926.3963504000003,165.108,23.449,200.741,1.0
27.3333,128.155577,37.878927,1928.9030255999999,165.142,23.183,200.831,1.0
27.35,128.155563,37.878892,1931.3892792,165.175,22.924,200.917,1.0
27.3666,128.155548,37.878856,1933.855416,165.209,22.668,201.001,1.0
27.3833,128.155533,37.878821,1936.3011312000003,165.244,22.413,201.085,1.0
27.4,128.155518,37.878785,1938.7264248000001,165.28,22.157,201.168,1.0
27.4166,128.155503,37.878749,1941.1312968000002,165.318,21.9,201.251,1.0
27.4333,128.155488,37.878713,1943.5169664000002,165.354,21.662,201.328,1.0
27.45,128.155472,37.878677,1945.882824,165.386,21.464,201.392,1.0
27.4666,128.155457,37.878641,1948.2300888000002,165.413,21.326,201.438,1.0
27.4833,128.155442,37.878605,1950.5581512,165.436,21.234,201.471,1.0
27.5,128.155426,37.878569,1952.8676208000002,165.459,21.163,201.498,1.0
27.5166,128.15541,37.878533,1955.1578880000002,165.483,21.091,201.525,1.0
27.5333,128.155395,37.878497,1957.4310864000001,165.505,21.039,201.546,1.0
27.55,128.155379,37.87846,1959.6869112000002,165.521,21.027,201.555,1.0
27.5666,128.155363,37.878424,1961.9259720000002,165.534,21.056,201.553,1.0
27.5833,128.155347,37.878388,1964.1482687999999,165.544,21.106,201.545,1.0
27.6,128.155331,37.878351,1966.354716,165.555,21.159,201.535,1.0
27.6166,128.155315,37.878315,1968.5450088,165.567,21.205,201.527,1.0
27.6333,128.155298,37.878278,1970.7188424,165.54,21.265,201.52,1.0
27.65,128.155282,37.878241,1972.8756072,165.474,21.347,201.511,1.0
27.6666,128.155266,37.878205,1975.0174368000003,165.373,21.443,201.499,1.0
27.6833,128.155249,37.878168,1977.144636,165.242,21.54,201.485,1.0
27.7,128.155233,37.878131,1979.2578144,165.089,21.633,201.47,1.0
27.7166,128.155216,37.878094,1981.3575816,164.919,21.718,201.454,1.0
27.7333,128.1552,37.878057,1983.4421088000001,164.615,21.81,201.449,1.0
27.75,128.155183,37.878021,1985.5117008,164.187,21.908,201.456,1.0
27.7666,128.155166,37.877984,1987.5660528000003,163.629,22.008,201.467,1.0
27.7833,128.155149,37.877947,1989.6051648,162.94,22.106,201.479,1.0
27.8,128.155132,37.87791,1991.6281224,162.122,22.198,201.489,1.0
27.8166,128.155115,37.877873,1993.6352304,161.183,22.284,201.497,1.0
27.8333,128.155098,37.877835,1995.6252696000001,160.133,22.351,201.509,1.0
27.85,128.155081,37.877798,1997.5994592000002,158.982,22.4,201.527,1.0
27.8666,128.155063,37.877761,1999.5590184000002,157.736,22.438,201.548,1.0
27.8833,128.155046,37.877724,2001.5036424000002,156.399,22.47,201.571,1.0
27.9,128.155029,37.877687,2003.433636,154.977,22.498,201.594,1.0
27.9166,128.155011,37.87765,2005.3502184000001,153.476,22.525,201.618,1.0
27.9333,128.154993,37.877612,2007.2564376,152.191,22.55,201.605,1.0
27.95,128.154976,37.877575,2009.1516840000002,151.111,22.572,201.556,1.0
27.9666,128.154958,37.877538,2011.0374816,150.256,22.594,201.491,1.0
27.9833,128.15494,37.8775,2012.9141352000001,149.641,22.616,201.428,1.0
28.0,128.154922,37.877463,2014.7831687999999,149.262,22.638,201.373,1.0
28.0166,128.154904,37.877426,2016.6454968,149.105,22.659,201.327,1.0
28.0333,128.154886,37.877388,2018.5023384,149.154,22.679,201.288,1.0
28.05,128.154868,37.877351,2020.3539984,149.389,22.698,201.254,1.0
28.0666,128.15485,37.877314,2022.2020008,149.796,22.714,201.221,1.0
28.0833,128.154832,37.877276,2024.0469552,150.362,22.729,201.19,1.0
28.1,128.154814,37.877239,2025.8900808,151.078,22.743,201.16,1.0
28.1166,128.154796,37.877201,2027.7316824,151.935,22.755,201.131,1.0
28.1333,128.154778,37.877164,2029.5726744000003,152.925,22.768,201.103,1.0
28.15,128.15476,37.877126,2031.414276,154.04,22.78,201.078,1.0
28.1666,128.154742,37.877089,2033.2570968000002,155.273,22.793,201.054,1.0
28.1833,128.154724,37.877051,2035.1017464000001,156.615,22.805,201.031,1.0
28.2,128.154706,37.877014,2036.949444,158.06,22.818,201.009,1.0
28.2166,128.154688,37.876976,2038.801104,159.601,22.832,200.988,1.0
28.2333,128.15467,37.876938,2040.6518496,160.935,22.855,201.0,1.0
28.25,128.154652,37.876901,2042.5038144,162.073,22.888,201.044,1.0
28.2666,128.154634,37.876863,2044.3557792,162.994,22.923,201.101,1.0
28.2833,128.154616,37.876825,2046.2071344,163.683,22.957,201.155,1.0
28.3,128.154598,37.876788,2048.0569656000002,164.144,22.987,201.202,1.0
28.3166,128.15458,37.87675,2049.9043584,164.394,23.015,201.241,1.0
28.3333,128.154562,37.876712,2051.7490080000002,164.452,23.039,201.275,1.0
28.35,128.154544,37.876674,2053.5896952,164.338,23.063,201.308,1.0
28.3666,128.154526,37.876637,2055.4258104,164.066,23.085,201.341,1.0
28.3833,128.154507,37.876599,2057.2570488,163.647,23.107,201.375,1.0
28.4,128.154489,37.876561,2059.0824960000004,163.09,23.128,201.408,1.0
28.4166,128.154471,37.876523,2060.9012376,162.402,23.147,201.44,1.0
28.4333,128.154453,37.876485,2062.7129688,161.594,23.166,201.47,1.0
28.45,128.154434,37.876448,2064.51708,160.671,23.184,201.499,1.0
28.4666,128.154416,37.87641,2066.3126568000002,159.644,23.2,201.527,1.0
28.4833,128.154398,37.876372,2068.0993944,158.519,23.216,201.554,1.0
28.5,128.154379,37.876334,2069.8769880000004,157.303,23.23,201.58,1.0
28.5166,128.154361,37.876296,2071.6442184,156.003,23.243,201.604,1.0
28.5333,128.154342,37.876258,2073.4032192,154.626,23.256,201.628,1.0
28.55,128.154324,37.87622,2075.1533808,153.175,23.267,201.65,1.0
28.5666,128.154305,37.876182,2076.8947032,151.659,23.278,201.672,1.0
28.5833,128.154286,37.876144,2078.6281008,150.081,23.288,201.692,1.0
28.6,128.154268,37.876106,2080.3532688,148.447,23.297,201.711,1.0
28.6166,128.154249,37.876068,2082.070512,146.762,23.305,201.73,1.0
28.6333,128.15423,37.87603,2083.78044,145.03,23.312,201.747,1.0
28.65,128.154211,37.875992,2085.4824432,143.257,23.317,201.763,1.0
28.6666,128.154192,37.875954,2087.1777408000003,141.446,23.322,201.779,1.0
28.6833,128.154173,37.875916,2088.8657232,139.602,23.326,201.793,1.0
28.7,128.154154,37.875878,2090.5466952,137.729,23.329,201.807,1.0
28.7166,128.154135,37.87584,2092.2212664000003,135.83,23.332,201.819,1.0
28.7333,128.154116,37.875803,2093.8894368,133.909,23.333,201.83,1.0
28.75,128.154097,37.875765,2095.5515112000003,131.969,23.334,201.841,1.0
28.7666,128.154077,37.875727,2097.2071848,130.015,23.334,201.85,1.0
28.7833,128.154058,37.875689,2098.8573720000004,128.048,23.333,201.859,1.0
28.8,128.154038,37.875651,2100.501768,126.073,23.331,201.866,1.0
28.8166,128.154019,37.875613,2102.1406776000003,124.091,23.329,201.873,1.0
28.8333,128.153999,37.875575,2103.7744056,122.105,23.325,201.879,1.0
28.85,128.15398,37.875537,2105.4032568000002,120.118,23.321,201.884,1.0
28.8666,128.15396,37.875499,2107.0272312,118.133,23.316,201.888,1.0
28.8833,128.15394,37.875461,2108.6466336,116.15,23.311,201.891,1.0
28.9,128.153921,37.875424,2110.261464,114.173,23.304,201.894,1.0
28.9166,128.153901,37.875386,2111.8723320000004,112.203,23.297,201.896,1.0
28.9333,128.153881,37.875348,2113.4789328,110.241,23.289,201.897,1.0
28.95,128.153861,37.87531,2115.081876,108.29,23.28,201.898,1.0
28.9666,128.15384,37.875272,2116.6814664000003,106.35,23.27,201.898,1.0
28.9833,128.15382,37.875235,2118.277704,104.423,23.259,201.898,1.0
29.0,128.1538,37.875197,2119.8705888,102.51,23.248,201.897,1.0
29.0166,128.15378,37.875159,2121.4610352,100.611,23.236,201.896,1.0
29.0333,128.153759,37.875122,2123.0481288,98.733,23.221,201.907,1.0
29.05,128.153739,37.875084,2124.6330888,96.876,23.204,201.929,1.0
29.0666,128.153718,37.875046,2126.2159152000004,95.039,23.186,201.957,1.0
29.0833,128.153698,37.875009,2127.796608,93.22,23.167,201.988,1.0
29.1,128.153677,37.874971,2129.3757768,91.419,23.149,202.019,1.0
29.1166,128.153656,37.874934,2130.9531168,89.638,23.13,202.049,1.0
29.1333,128.153635,37.874896,2132.528628,87.883,23.113,202.1,1.0
29.15,128.153614,37.874859,2134.1032248,86.165,23.097,202.194,1.0
29.1666,128.153593,37.874821,2135.6769072,84.487,23.088,202.342,1.0
29.1833,128.153572,37.874784,2137.2496752,82.843,23.083,202.528,1.0
29.2,128.153551,37.874747,2138.8224432,81.225,23.084,202.73,1.0
29.2166,128.15353,37.874709,2140.3949064,79.627,23.088,202.934,1.0
29.2333,128.153508,37.874672,2141.9676744000003,78.061,23.101,203.161,1.0
29.25,128.153487,37.874635,2143.541052,76.533,23.129,203.434,1.0
29.2666,128.153465,37.874598,2145.115344,75.038,23.171,203.741,1.0
29.2833,128.153443,37.874561,2146.6914648,73.57,23.223,204.064,1.0
29.3,128.153421,37.874524,2148.2694144,72.122,23.284,204.39,1.0
29.3166,128.153399,37.874487,2149.8494976,70.688,23.351,204.711,1.0
29.3333,128.153377,37.87445,2151.4323240000003,69.274,23.431,205.047,1.0
29.35,128.153355,37.874413,2153.0185032,67.879,23.527,205.401,1.0
29.3666,128.153332,37.874376,2154.6086448,66.495,23.634,205.76,1.0
29.3833,128.15331,37.87434,2156.2027488,65.114,23.749,206.115,1.0
29.4,128.153287,37.874303,2157.8014248,63.733,23.869,206.459,1.0
29.4166,128.153265,37.874267,2159.4055872,62.348,23.993,206.79,1.0
29.4333,128.153242,37.87423,2161.015236,60.963,24.13,207.126,1.0
29.45,128.153219,37.874194,2162.6312856000004,59.576,24.28,207.466,1.0
29.4666,128.153196,37.874158,2164.2543456000003,58.181,24.439,207.805,1.0
29.4833,128.153172,37.874122,2165.8844160000003,56.774,24.605,208.135,1.0
29.5,128.153149,37.874086,2167.5221064,55.352,24.775,208.453,1.0
29.5166,128.153125,37.87405,2169.1683312,53.912,24.949,208.759,1.0
29.5333,128.153102,37.874014,2170.8237,52.46,25.138,209.069,1.0
29.55,128.153078,37.873978,2172.4882128000004,50.992,25.342,209.382,1.0
29.5666,128.153054,37.873943,2174.162784,49.506,25.557,209.691,1.0
29.5833,128.15303,37.873907,2175.8480232,47.996,25.778,209.991,1.0
29.6,128.153006,37.873872,2177.5442352,46.46,26.003,210.279,1.0
29.6166,128.152982,37.873836,2179.2520296000002,44.896,26.231,210.553,1.0
29.6333,128.152957,37.873801,2180.972016,43.31,26.477,210.829,1.0
29.65,128.152933,37.873766,2182.7051088,41.701,26.741,211.107,1.0
29.6666,128.152908,37.873731,2184.451308,40.064,27.019,211.379,1.0
29.6833,128.152883,37.873696,2186.2112232000004,38.396,27.303,211.641,1.0
29.7,128.152859,37.873662,2187.9857688,36.695,27.591,211.889,1.0
29.7166,128.152834,37.873627,2189.77464,34.96,27.88,212.12,1.0
29.7333,128.152809,37.873593,2191.5793608,33.196,28.188,212.348,1.0
29.75,128.152784,37.873558,2193.3999312,31.402,28.513,212.571,1.0
29.7666,128.152759,37.873524,2195.236656,29.576,28.851,212.783,1.0
29.7833,128.152734,37.87349,2197.0901448000004,27.713,29.194,212.981,1.0
29.8,128.152709,37.873456,2198.9610072,25.813,29.539,213.162,1.0
29.8166,128.152683,37.873423,2200.8492432000003,23.875,29.884,213.324,1.0
29.8333,128.152658,37.873389,2202.7551576,21.897,30.231,213.467,1.0
29.85,128.152633,37.873355,2204.6796648,19.879,30.578,213.591,1.0
29.8666,128.152608,37.873322,2206.62246,17.821,30.926,213.696,1.0
29.8833,128.152582,37.873289,2208.583848,15.72,31.275,213.782,1.0
29.9,128.152557,37.873255,2210.5644384,13.577,31.624,213.848,1.0
29.9166,128.152532,37.873222,2212.5639264,11.391,31.974,213.894,1.0
29.9333,128.152507,37.873189,2214.582312,9.161,32.325,213.921,1.0
29.95,128.152481,37.873157,2216.6199,6.886,32.676,213.927,1.0
29.9666,128.152456,37.873124,2218.6760808000004,4.568,33.027,213.913,1.0
29.9833,128.152431,37.873091,2220.7511592,2.212,33.377,213.879,1.0
30.0,128.152406,37.873059,2222.8445256,-0.178,33.725,213.824,1.0
30.0166,128.152381,37.873026,2224.95618,-2.602,34.072,213.749,1.0
30.0333,128.152356,37.872994,2227.0842936000004,-4.79,34.418,213.684,1.0
30.05,128.152332,37.872962,2229.2288664000002,-6.756,34.764,213.63,1.0
30.0666,128.152307,37.87293,2231.3886792,-8.513,35.109,213.569,1.0
30.0833,128.152282,37.872898,2233.563732,-10.097,35.451,213.488,1.0
30.1,128.152258,37.872866,2235.7528056,-11.548,35.789,213.378,1.0
30.1166,128.152233,37.872834,2237.9555952,-12.902,36.121,213.24,1.0
30.1333,128.152209,37.872802,2240.1708816,-14.076,36.452,213.09,1.0
30.15,128.152184,37.87277,2242.3986648,-15.084,36.78,212.936,1.0
30.1666,128.15216,37.872738,2244.6380304,-15.939,37.106,212.776,1.0
30.1833,128.152136,37.872706,2246.8886736,-16.671,37.427,212.607,1.0
30.2,128.152112,37.872674,2249.1499848,-17.309,37.741,212.425,1.0
30.2166,128.152088,37.872643,2251.4213544,-17.877,38.049,212.23,1.0
30.2333,128.152064,37.872611,2253.7024776000003,-18.374,38.349,212.027,1.0
30.25,128.15204,37.872579,2255.9957928,-18.815,38.644,211.818,1.0
30.2666,128.152016,37.872548,2258.3003856,-19.216,38.933,211.605,1.0
30.2833,128.151992,37.872516,2260.6168656,-19.586,39.215,211.388,1.0
30.3,128.151969,37.872485,2262.9455376,-19.934,39.492,211.167,1.0
30.3166,128.151945,37.872453,2265.2864016000003,-20.266,39.762,210.945,1.0
30.3333,128.151922,37.872422,2267.6379336,-20.535,40.029,210.727,1.0
30.35,128.151898,37.872391,2269.9998288,-20.746,40.292,210.515,1.0
30.3666,128.151875,37.872359,2272.3730016000004,-20.907,40.552,210.304,1.0
30.3833,128.151852,37.872328,2274.7580616,-21.028,40.808,210.093,1.0
30.4,128.151829,37.872297,2277.1550088,-21.115,41.06,209.881,1.0
30.4166,128.151806,37.872266,2279.5641480000004,-21.176,41.308,209.668,1.0
30.4333,128.151783,37.872234,2281.9833456,-21.142,41.555,209.463,1.0
30.45,128.15176,37.872203,2284.4132112,-21.02,41.8,209.269,1.0
30.4666,128.151738,37.872172,2286.8528304,-20.822,42.044,209.08,1.0
30.4833,128.151715,37.872141,2289.3037272,-20.562,42.285,208.894,1.0
30.5,128.151693,37.87211,2291.7665112,-20.25,42.523,208.708,1.0
30.5166,128.15167,37.872079,2294.2408776,-19.897,42.758,208.522,1.0
30.5333,128.151648,37.872048,2296.7249976000003,-19.472,42.992,208.345,1.0
30.55,128.151626,37.872018,2299.2194808,-18.984,43.226,208.177,1.0
30.5666,128.151603,37.871987,2301.726156,-18.442,43.459,208.016,1.0
30.5833,128.151581,37.871956,2304.2444136,-17.855,43.692,207.86,1.0
30.6,128.15156,37.871925,2306.7748632,-17.228,43.924,207.708,1.0
30.6166,128.151538,37.871895,2309.3175048000003,-16.569,44.156,207.561,1.0
30.6333,128.151516,37.871864,2311.8738624000002,-15.903,44.386,207.417,1.0
30.65,128.151494,37.871834,2314.443936,-15.236,44.616,207.277,1.0
30.6666,128.151473,37.871803,2317.0268112,-14.566,44.845,207.142,1.0
30.6833,128.151452,37.871773,2319.6230976,-13.894,45.075,207.014,1.0
30.7,128.15143,37.871743,2322.2327952,-13.219,45.305,206.895,1.0
30.7166,128.151409,37.871713,2324.855904,-12.539,45.537,206.783,1.0
30.7333,128.151388,37.871683,2327.4939480000003,-11.897,45.769,206.673,1.0
30.75,128.151367,37.871653,2330.1469272,-11.292,46.001,206.564,1.0
30.7666,128.151346,37.871623,2332.8148416,-10.718,46.235,206.46,1.0
30.7833,128.151326,37.871593,2335.4964720000003,-10.166,46.47,206.363,1.0
30.8,128.151305,37.871563,2338.192428,-9.632,46.706,206.274,1.0
30.8166,128.151285,37.871534,2340.9024048,-9.109,46.944,206.193,1.0
30.8333,128.151264,37.871504,2343.6291456000004,-8.63,47.184,206.115,1.0
30.85,128.151244,37.871475,2346.3711264000003,-8.191,47.425,206.038,1.0
30.8666,128.151224,37.871445,2349.1280424,-7.784,47.667,205.964,1.0
30.8833,128.151204,37.871416,2351.899284,-7.401,47.91,205.896,1.0
30.9,128.151184,37.871387,2354.6854608,-7.036,48.155,205.835,1.0
30.9166,128.151164,37.871358,2357.4856584000004,-6.685,48.401,205.78,1.0
30.9333,128.151144,37.871329,2360.3023152,-6.363,48.649,205.727,1.0
30.95,128.151125,37.871301,2363.1332976,-6.068,48.899,205.677,1.0
30.9666,128.151105,37.871272,2365.9789104,-5.794,49.15,205.629,1.0
30.9833,128.151086,37.871243,2368.8388488,-5.535,49.402,205.585,1.0
31.0,128.151066,37.871215,2371.712808,-5.287,49.656,205.546,1.0
31.0166,128.151047,37.871187,2374.6010928,-5.048,49.911,205.511,1.0
31.0333,128.151028,37.871158,2377.5046176,-4.825,50.167,205.478,1.0
31.05,128.151009,37.87113,2380.4218584,-4.617,50.424,205.447,1.0
31.0666,128.15099,37.871102,2383.35312,-4.421,50.683,205.418,1.0
31.0833,128.150971,37.871074,2386.2987072,-4.233,50.942,205.392,1.0
31.1,128.150952,37.871047,2389.2577056,-4.051,51.202,205.369,1.0
31.1166,128.150934,37.871019,2392.23042,-3.872,51.463,205.348,1.0
31.1333,128.150915,37.870991,2395.2177648,-3.704,51.725,205.33,1.0
31.15,128.150897,37.870964,2398.2185208,-3.544,51.988,205.313,1.0
31.1666,128.150878,37.870937,2401.232688,-3.39,52.251,205.298,1.0
31.1833,128.15086,37.870909,2404.2605712,-3.241,52.516,205.285,1.0
31.2,128.150842,37.870882,2407.3018656,-3.095,52.78,205.274,1.0
31.2166,128.150824,37.870855,2410.3562664,-2.951,53.046,205.264,1.0
31.2333,128.150806,37.870829,2413.424688,-2.812,53.312,205.257,1.0
31.25,128.150788,37.870802,2416.5059112,-2.677,53.579,205.252,1.0
31.2666,128.15077,37.870775,2419.6002408,-2.545,53.847,205.248,1.0
31.2833,128.150752,37.870749,2422.7076768,-2.415,54.115,205.245,1.0
31.3,128.150735,37.870723,2425.8282192,-2.287,54.383,205.244,1.0
31.3166,128.150717,37.870696,2428.9615632,-2.159,54.653,205.245,1.0
31.3333,128.1507,37.87067,2432.1080136,-2.032,54.922,205.248,1.0
31.35,128.150682,37.870644,2435.2669608,-1.906,55.192,205.253,1.0
31.3666,128.150665,37.870618,2438.4384048,-1.779,55.463,205.26,1.0
31.3833,128.150648,37.870593,2441.6226504,-1.653,55.734,205.268,1.0
31.4,128.150631,37.870567,2444.8193928,-1.526,56.006,205.277,1.0
31.4166,128.150614,37.870542,2448.028632,-1.398,56.278,205.288,1.0
31.4333,128.150597,37.870516,2451.2500632,-1.269,56.55,205.309,1.0
31.45,128.15058,37.870491,2454.4836864000004,-1.137,56.824,205.339,1.0
31.4666,128.150563,37.870466,2457.7295016000003,-1.002,57.097,205.375,1.0
31.4833,128.150546,37.870441,2460.987204,-0.862,57.371,205.416,1.0
31.5,128.15053,37.870416,2464.2570984,-0.717,57.645,205.459,1.0
31.5166,128.150513,37.870391,2467.5385752,-0.568,57.92,205.502,1.0
31.5333,128.150497,37.870367,2470.832244,-0.413,58.195,205.551,1.0
31.55,128.150481,37.870342,2474.1371904,-0.253,58.47,205.604,1.0
31.5666,128.150464,37.870318,2477.4543288000004,-0.089,58.745,205.661,1.0
31.5833,128.150448,37.870294,2480.7827448000003,0.08,59.021,205.72,1.0
31.6,128.150432,37.87027,2484.1227432,0.253,59.297,205.781,1.0
31.6166,128.150416,37.870246,2487.4740192,0.43,59.573,205.843,1.0
31.6333,128.1504,37.870222,2490.8368776,0.61,59.849,205.908,1.0
31.65,128.150385,37.870198,2494.2110136,0.795,60.126,205.975,1.0
31.6666,128.150369,37.870175,2497.5961224000002,0.982,60.403,206.045,1.0
31.6833,128.150353,37.870151,2500.9928136000003,1.172,60.68,206.117,1.0
31.7,128.150338,37.870128,2504.4001728000003,1.365,60.957,206.191,1.0
31.7166,128.150322,37.870105,2507.8188096000003,1.561,61.234,206.267,1.0
31.7333,128.150307,37.870082,2511.2490288,1.758,61.512,206.346,1.0
31.75,128.150292,37.870059,2514.6899160000003,1.956,61.79,206.428,1.0
31.7666,128.150277,37.870037,2518.1420808,2.156,62.068,206.513,1.0
31.7833,128.150261,37.870014,2521.6049136,2.357,62.345,206.6,1.0
31.8,128.150246,37.869992,2525.0787192000003,2.56,62.624,206.691,1.0
31.8166,128.150232,37.869969,2528.5631928000003,2.766,62.902,206.784,1.0
31.8333,128.150217,37.869947,2532.0583344,2.971,63.18,206.88,1.0
31.85,128.150202,37.869925,2535.5641440000004,3.177,63.459,206.979,1.0
31.8666,128.150187,37.869903,2539.0806215999996,3.384,63.738,207.082,1.0
31.8833,128.150173,37.869882,2542.6071576000004,3.593,64.017,207.187,1.0
31.9,128.150158,37.86986,2546.1443616,3.803,64.296,207.296,1.0
31.9166,128.150144,37.869839,2549.691624,4.015,64.575,207.409,1.0
31.9333,128.150129,37.869818,2553.2492496,4.227,64.855,207.525,1.0
31.95,128.150115,37.869796,2556.8169336,4.44,65.135,207.644,1.0
31.9666,128.150101,37.869776,2560.3943712000005,4.654,65.414,207.767,1.0
31.9833,128.150087,37.869755,2563.9818671999997,4.87,65.695,207.894,1.0
32.0,128.150073,37.869734,2567.5794216,5.088,65.975,208.025,1.0
32.0166,128.150059,37.869714,2571.1864248,5.308,66.255,208.16,1.0
32.0333,128.150045,37.869693,2574.8031816000002,5.529,66.536,208.298,1.0
32.05,128.150031,37.869673,2578.4293872000003,5.751,66.817,208.44,1.0
32.0666,128.150017,37.869653,2582.0653464,5.974,67.098,208.587,1.0
32.0833,128.150004,37.869633,2585.7104496,6.2,67.379,208.738,1.0
32.1,128.14999,37.869613,2589.3646968,6.428,67.66,208.893,1.0
32.1166,128.149977,37.869594,2593.0283928,6.659,67.941,209.053,1.0
32.1333,128.149963,37.869574,2596.7012328000005,6.892,68.223,209.218,1.0
32.15,128.14995,37.869555,2600.3829120000005,7.126,68.505,209.387,1.0
32.1666,128.149937,37.869536,2604.0737352000006,7.363,68.787,209.561,1.0
32.1833,128.149924,37.869517,2607.7730928,7.604,69.069,209.74,1.0
32.2,128.149911,37.869498,2611.4812896000003,7.847,69.351,209.924,1.0
32.2166,128.149898,37.869479,2615.1980208,8.095,69.633,210.115,1.0
32.2333,128.149885,37.869461,2618.9235912000004,8.346,69.916,210.31,1.0
32.25,128.149872,37.869442,2622.6573912000003,8.6,70.199,210.511,1.0
32.2666,128.149859,37.869424,2626.3994208000004,8.858,70.481,210.718,1.0
32.2833,128.149846,37.869406,2630.1496800000004,9.12,70.764,210.932,1.0
32.3,128.149834,37.869388,2633.9081688,9.387,71.048,211.152,1.0
32.3166,128.149821,37.869371,2637.6748872000003,9.66,71.331,211.379,1.0
32.3333,128.149809,37.869353,2641.4492256000003,9.938,71.614,211.613,1.0
32.35,128.149797,37.869336,2645.2314888,10.219,71.896,211.853,1.0
32.3666,128.149784,37.869319,2649.0216768,10.506,72.178,212.1,1.0
32.3833,128.149772,37.869301,2652.8191800000004,10.799,72.459,212.355,1.0
32.4,128.14976,37.869285,2656.624608,11.097,72.739,212.618,1.0
32.4166,128.149748,37.869268,2660.4370464000003,11.403,73.018,212.889,1.0
32.4333,128.149736,37.869251,2664.2571048,11.714,73.296,213.168,1.0
32.45,128.149724,37.869235,2668.0844784000005,12.031,73.574,213.455,1.0
32.4666,128.149712,37.869219,2671.9188624000003,12.356,73.85,213.75,1.0
32.4833,128.149701,37.869202,2675.7602568,12.688,74.126,214.055,1.0
32.5,128.149689,37.869187,2679.6083568,13.028,74.4,214.371,1.0
32.5166,128.149678,37.869171,2683.4634671999997,13.378,74.674,214.697,1.0
32.5333,128.149666,37.869155,2687.325588,13.736,74.947,215.033,1.0
32.55,128.149655,37.86914,2691.1941096,14.103,75.219,215.379,1.0
32.5666,128.149643,37.869125,2695.0690320000003,14.48,75.49,215.738,1.0
32.5833,128.149632,37.869109,2698.9503552,14.869,75.76,216.109,1.0
32.6,128.149621,37.869095,2702.8380792000003,15.269,76.029,216.493,1.0
32.6166,128.14961,37.86908,2706.732204,15.682,76.297,216.891,1.0
32.6333,128.149599,37.869065,2710.63212,16.107,76.564,217.304,1.0
32.65,128.149588,37.869051,2714.538132,16.545,76.83,217.731,1.0
32.6666,128.149577,37.869036,2718.45024,16.998,77.095,218.174,1.0
32.6833,128.149566,37.869022,2722.3681392000003,17.467,77.359,218.634,1.0
32.7,128.149556,37.869008,2726.2915248,17.952,77.622,219.112,1.0
32.7166,128.149545,37.868995,2730.2203968,18.457,77.884,219.61,1.0
32.7333,128.149535,37.868981,2734.1550600000005,18.979,78.144,220.127,1.0
32.75,128.149524,37.868968,2738.0949048,19.521,78.404,220.666,1.0
32.7666,128.149514,37.868954,2742.040236,20.085,78.662,221.227,1.0
32.7833,128.149504,37.868941,2745.9904440000005,20.672,78.918,221.812,1.0
32.8,128.149493,37.868928,2749.9458336000002,21.284,79.174,222.424,1.0
32.8166,128.149483,37.868916,2753.9064048,21.924,79.428,223.064,1.0
32.8333,128.149473,37.868903,2757.871548,22.591,79.68,223.732,1.0
32.85,128.149463,37.868891,2761.8415680000003,23.288,79.93,224.432,1.0
32.8666,128.149453,37.868878,2765.8164647999997,24.018,80.179,225.164,1.0
32.8833,128.149444,37.868866,2769.7956288,24.784,80.427,225.933,1.0
32.9,128.149434,37.868854,2773.7793647999997,25.587,80.672,226.741,1.0
32.9166,128.149424,37.868843,2777.7673680000003,26.431,80.915,227.59,1.0
32.9333,128.149415,37.868831,2781.7596384,27.318,81.156,228.483,1.0
32.95,128.149405,37.86882,2785.7561760000003,28.252,81.394,229.423,1.0
32.9666,128.149396,37.868808,2789.7563712,29.237,81.63,230.414,1.0
32.9833,128.149386,37.868797,2793.7608336,30.275,81.863,231.459,1.0
33.0,128.149377,37.868786,2797.7692584,31.373,82.094,232.564,1.0
33.0166,128.149368,37.868776,2801.781036,32.533,82.321,233.732,1.0
33.0333,128.149359,37.868765,2805.7967760000006,33.761,82.544,234.968,1.0
33.05,128.14935,37.868755,2809.8158688000003,35.062,82.764,236.278,1.0
33.0666,128.149341,37.868745,2813.8383144000004,36.441,82.98,237.665,1.0
33.0833,128.149332,37.868735,2817.8641128,37.904,83.191,239.137,1.0
33.1,128.149323,37.868725,2821.8932640000003,39.458,83.398,240.7,1.0
33.1166,128.149315,37.868715,2825.9254632,41.108,83.599,242.36,1.0
33.1333,128.149306,37.868705,2829.9607103999997,42.862,83.795,244.123,1.0
33.15,128.149297,37.868696,2833.9990056000006,44.725,83.985,245.995,1.0
33.1666,128.149289,37.868687,2838.0400440000003,46.704,84.167,247.984,1.0
33.1833,128.149281,37.868678,2842.0838256,48.807,84.342,250.097,1.0
33.2,128.149272,37.868669,2846.1300456000004,51.038,84.509,252.337,1.0
33.2166,128.149264,37.86866,2850.1790088000002,53.402,84.667,254.712,1.0
33.2333,128.149256,37.868652,2854.2304104,55.904,84.816,257.224,1.0
33.25,128.149248,37.868643,2858.2839456,58.546,84.954,259.875,1.0
33.2666,128.14924,37.868635,2862.3399192,61.327,85.081,262.666,1.0
33.2833,128.149232,37.868627,2866.3977216,64.245,85.195,265.595,1.0
33.3,128.149224,37.868619,2870.4579624000003,67.295,85.296,268.655,1.0
33.3166,128.149216,37.868611,2874.5197272,70.468,85.384,271.837,1.0
33.3333,128.149209,37.868604,2878.5836256000002,73.75,85.457,275.129,1.0
33.35,128.149201,37.868596,2882.6493528,77.126,85.514,278.514,1.0
33.3666,128.149194,37.868589,2886.7162992,80.575,85.556,281.972,1.0
33.3833,128.149186,37.868582,2890.7850744,84.074,85.581,285.48,1.0
33.4,128.149179,37.868575,2894.8553736000003,87.598,85.59,289.013,1.0
33.4166,128.149172,37.868569,2898.9268920000004,91.12,85.582,292.544,1.0
33.4333,128.149164,37.868562,2902.9996296,94.615,85.558,296.046,1.0
33.45,128.149157,37.868556,2907.0735864000003,98.057,85.517,299.496,1.0
33.4666,128.14915,37.86855,2911.1487624000006,101.424,85.46,302.869,1.0
33.4833,128.149143,37.868544,2915.224548,104.696,85.388,306.146,1.0
33.5,128.149137,37.868538,2919.3015528,107.856,85.302,309.312,1.0
33.5166,128.14913,37.868532,2923.3791671999998,110.892,85.202,312.353,1.0
33.5333,128.149123,37.868526,2927.4573912,113.796,85.089,315.259,1.0
33.55,128.149116,37.868521,2931.5365296,116.562,84.964,318.025,1.0
33.5666,128.14911,37.868516,2935.6159728000002,119.187,84.828,320.649,1.0
33.5833,128.149103,37.868511,2939.6957208000003,121.674,84.681,323.133,1.0
33.6,128.149097,37.868506,2943.7757736000003,124.024,84.526,325.478,1.0
33.6166,128.149091,37.868501,2947.8561312,126.241,84.361,327.689,1.0
33.6333,128.149084,37.868497,2951.9367936000003,128.33,84.189,329.766,1.0
33.65,128.149078,37.868492,2956.017456,130.297,84.009,331.716,1.0
33.6666,128.149072,37.868488,2960.0981184,132.149,83.822,333.546,1.0
33.6833,128.149066,37.868484,2964.1784760000005,133.892,83.629,335.263,1.0
33.7,128.14906,37.86848,2968.2588336,135.532,83.43,336.873,1.0
33.7166,128.149054,37.868476,2972.3385816,137.074,83.226,338.383,1.0
33.7333,128.149049,37.868473,2976.4183296,138.524,83.017,339.788,1.0
33.75,128.149043,37.868469,2980.4977728000003,139.888,82.802,341.095,1.0
33.7666,128.149037,37.868466,2984.5766064,141.173,82.582,342.312,1.0
33.7833,128.149032,37.868463,2988.6548304000003,142.386,82.359,343.448,1.0
33.8,128.149026,37.86846,2992.73214,143.532,82.131,344.507,1.0
33.8166,128.149021,37.868457,2996.80884,144.613,81.901,345.495,1.0
33.8333,128.149015,37.868454,3000.8849304000005,145.638,81.665,346.398,1.0
33.85,128.14901,37.868452,3004.9604112,146.61,81.425,347.22,1.0
33.8666,128.149005,37.868449,3009.0346728,147.536,81.182,347.97,1.0
33.8833,128.149,37.868447,3013.1083248,148.417,80.934,348.654,1.0
33.9,128.148995,37.868445,3017.1807576000006,149.256,80.683,349.278,1.0
33.9166,128.14899,37.868443,3021.2519712000003,150.053,80.43,349.844,1.0
33.9333,128.148985,37.868441,3025.3225752000003,150.822,80.171,350.329,1.0
33.95,128.14898,37.868439,3029.3919600000004,151.564,79.908,350.737,1.0
33.9666,128.148975,37.868438,3033.4604304000004,152.283,79.641,351.078,1.0
33.9833,128.14897,37.868436,3037.5276816,152.98,79.369,351.357,1.0
34.0,128.148965,37.868435,3041.5937136000002,153.653,79.095,351.581,1.0
34.0166,128.148961,37.868434,3045.6582215999997,154.303,78.817,351.754,1.0
34.0333,128.148956,37.868433,3049.7218152,154.948,78.535,351.856,1.0
34.05,128.148952,37.868432,3053.7841896000004,155.589,78.249,351.892,1.0
34.0666,128.148947,37.868431,3057.8453448,156.228,77.959,351.866,1.0
34.0833,128.148942,37.86843,3061.9055856,156.863,77.666,351.78,1.0
34.1,128.148938,37.86843,3065.9646072,157.493,77.368,351.637,1.0
34.1166,128.148934,37.868429,3070.0218,158.115,77.067,351.442,1.0
34.1333,128.148929,37.868429,3074.0777736000005,158.713,76.775,351.172,1.0
34.15,128.148925,37.868429,3078.1322232,159.272,76.502,350.816,1.0
34.1666,128.148921,37.868428,3082.1848440000003,159.801,76.245,350.383,1.0
34.1833,128.148916,37.868428,3086.2359408,160.31,75.998,349.887,1.0
34.2,128.148912,37.868429,3090.2852088,160.808,75.757,349.338,1.0
34.2166,128.148908,37.868429,3094.3329528000004,161.297,75.518,348.741,1.0
34.2333,128.148904,37.868429,3098.3788680000002,161.764,75.295,348.082,1.0
34.25,128.148899,37.868429,3102.4226496,162.195,75.095,347.351,1.0
34.2666,128.148895,37.86843,3106.4642976,162.597,74.916,346.555,1.0
34.2833,128.148891,37.868431,3110.5044215999997,162.978,74.748,345.705,1.0
34.3,128.148887,37.868431,3114.5427168000006,163.344,74.587,344.808,1.0
34.3166,128.148883,37.868432,3118.5788784000006,163.699,74.43,343.869,1.0
34.3333,128.148878,37.868433,3122.6126016,164.005,74.289,342.893,1.0
34.35,128.148874,37.868434,3126.6438864,164.257,74.169,341.88,1.0
34.3666,128.14887,37.868435,3130.6721232000004,164.458,74.064,340.831,1.0
34.3833,128.148866,37.868437,3134.6979216,164.616,73.968,339.752,1.0
34.4,128.148862,37.868438,3138.720672,164.738,73.879,338.646,1.0
34.4166,128.148858,37.86844,3142.7406792,164.827,73.792,337.515,1.0
34.4333,128.148853,37.868441,3146.7573336,164.806,73.724,336.404,1.0
34.45,128.148849,37.868443,3150.7706352000005,164.68,73.673,335.312,1.0
34.4666,128.148845,37.868445,3154.7802792,164.458,73.635,334.242,1.0
34.4833,128.14884,37.868447,3158.7862656,164.151,73.606,333.2,1.0
34.5,128.148836,37.86845,3162.7882896000006,163.773,73.586,332.192,1.0
34.5166,128.148832,37.868452,3166.7863512,163.335,73.572,331.223,1.0
34.5333,128.148827,37.868455,3170.7798408000003,162.877,73.557,330.323,1.0
34.55,128.148823,37.868457,3174.769368,162.411,73.543,329.497,1.0
34.5666,128.148818,37.86846,3178.7540184000004,161.942,73.53,328.746,1.0
34.5833,128.148813,37.868463,3182.7337920000004,161.477,73.52,328.072,1.0
34.6,128.148809,37.868466,3186.708384,161.018,73.516,327.476,1.0
34.6166,128.148804,37.86847,3190.6777944,160.575,73.516,326.962,1.0
34.6333,128.148799,37.868473,3194.6429376,160.263,73.53,326.465,1.0
34.65,128.148794,37.868477,3198.6038136,160.078,73.555,325.986,1.0
34.6666,128.14879,37.86848,3202.5607272,160.031,73.591,325.536,1.0
34.6833,128.148785,37.868484,3206.5139832,160.123,73.634,325.122,1.0
34.7,128.14878,37.868488,3210.4638864000003,160.355,73.681,324.746,1.0
34.7166,128.148775,37.868492,3214.4110464000005,160.722,73.732,324.409,1.0
34.7333,128.14877,37.868496,3218.3551584,161.217,73.785,324.11,1.0
34.75,128.148764,37.8685,3222.2974416,161.833,73.841,323.847,1.0
34.7666,128.148759,37.868505,3226.2372864000004,162.562,73.899,323.616,1.0
34.7833,128.148754,37.868509,3230.1756072000003,163.394,73.958,323.412,1.0
34.8,128.148749,37.868513,3234.1127088000003,164.321,74.017,323.233,1.0
34.8166,128.148744,37.868518,3238.0485912000004,165.333,74.077,323.073,1.0
34.8333,128.148738,37.868522,3241.9838640000003,166.423,74.138,322.929,1.0
34.85,128.148733,37.868527,3245.9185272,167.583,74.198,322.798,1.0
34.8666,128.148728,37.868531,3249.8534952,168.807,74.258,322.676,1.0
34.8833,128.148722,37.868536,3253.7884632,170.091,74.318,322.561,1.0
34.9,128.148717,37.86854,3257.7240408000002,171.428,74.378,322.451,1.0
34.9166,128.148712,37.868545,3261.6593136,172.815,74.437,322.345,1.0
34.9333,128.148706,37.868549,3265.5942816,174.205,74.496,322.261,1.0
34.95,128.148701,37.868554,3269.52864,175.594,74.554,322.2,1.0
34.9666,128.148696,37.868558,3273.4620840000002,176.975,74.613,322.156,1.0
34.9833,128.14869,37.868563,3277.3943088,178.344,74.67,322.123,1.0
35.0,128.148685,37.868568,3281.3253144000005,179.698,74.728,322.095,1.0
35.0166,128.148679,37.868572,3285.2551008000005,-178.963,74.784,322.071,1.0
35.0333,128.148673,37.868577,3289.1827536,-177.699,74.84,322.075,1.0
35.05,128.148668,37.868582,3293.1082728,-176.506,74.895,322.108,1.0
35.0666,128.148662,37.868587,3297.0313536,-175.386,74.948,322.157,1.0
35.0833,128.148656,37.868592,3300.9519960000002,-174.337,75.0,322.213,1.0
35.1,128.14865,37.868597,3304.8695904,-173.358,75.051,322.268,1.0
35.1166,128.148645,37.868602,3308.7850512,-172.441,75.102,322.318,1.0
35.1333,128.148639,37.868607,3312.6971592,-171.658,75.151,322.372,1.0
35.15,128.148633,37.868612,3316.6056096,-171.002,75.198,322.43,1.0
35.1666,128.148626,37.868617,3320.5107072,-170.469,75.243,322.49,1.0
35.1833,128.14862,37.868623,3324.4118424,-170.049,75.288,322.546,1.0
35.2,128.148614,37.868628,3328.3087104,-169.73,75.331,322.591,1.0
35.2166,128.148608,37.868634,3332.20314,-169.499,75.373,322.625,1.0
35.2333,128.148601,37.868639,3336.092388,-169.379,75.415,322.658,1.0
35.25,128.148595,37.868645,3339.9776736000003,-169.36,75.454,322.692,1.0
35.2666,128.148588,37.86865,3343.8580824000005,-169.439,75.492,322.727,1.0
35.2833,128.148582,37.868656,3347.734224,-169.611,75.529,322.762,1.0
35.3,128.148575,37.868662,3351.6060984000005,-169.874,75.564,322.796,1.0
35.3166,128.148568,37.868667,3355.4734008000005,-170.225,75.599,322.829,1.0
35.3333,128.148561,37.868673,3359.3361312,-170.664,75.632,322.856,1.0
35.35,128.148554,37.868679,3363.1945944,-171.187,75.665,322.878,1.0
35.3666,128.148547,37.868685,3367.0490952,-171.791,75.697,322.896,1.0
35.3833,128.14854,37.868691,3370.899024,-172.471,75.727,322.909,1.0
35.4,128.148533,37.868697,3374.7446856,-173.221,75.757,322.919,1.0
35.4166,128.148526,37.868704,3378.5860800000005,-174.04,75.786,322.926,1.0
35.4333,128.148518,37.86871,3382.4235120000003,-174.816,75.816,322.855,1.0
35.45,128.148511,37.868716,3386.2578960000005,-175.552,75.846,322.708,1.0
35.4666,128.148504,37.868723,3390.0889272,-176.22,75.877,322.51,1.0
35.4833,128.148496,37.868729,3393.91752,-176.796,75.907,322.282,1.0
35.5,128.148489,37.868735,3397.7436744,-177.268,75.937,322.039,1.0
35.5166,128.148481,37.868742,3401.568,-177.628,75.965,321.788,1.0
35.5333,128.148474,37.868748,3405.3904968,-177.875,75.993,321.536,1.0
35.55,128.148466,37.868755,3409.2117744,-178.011,76.02,321.285,1.0
35.5666,128.148459,37.868761,3413.0321375999997,-178.038,76.046,321.037,1.0
35.5833,128.148451,37.868767,3416.8518912000004,-177.96,76.071,320.793,1.0
35.6,128.148444,37.868774,3420.6716448,-177.782,76.096,320.554,1.0
35.6166,128.148436,37.86878,3424.4913984000004,-177.508,76.121,320.32,1.0
35.6333,128.148429,37.868787,3428.3114568,-177.141,76.146,320.091,1.0
35.65,128.148421,37.868793,3432.1324296000003,-176.686,76.171,319.866,1.0
35.6666,128.148414,37.8688,3435.9546216,-176.147,76.196,319.647,1.0
35.6833,128.148407,37.868806,3439.7783375999998,-175.528,76.222,319.434,1.0
35.7,128.148399,37.868812,3443.6035776000003,-174.832,76.248,319.226,1.0
35.7166,128.148392,37.868819,3447.431256,-174.062,76.274,319.023,1.0
35.7333,128.148385,37.868825,3451.2601535999997,-173.223,76.301,318.826,1.0
35.75,128.148377,37.868831,3455.09088,-172.318,76.329,318.634,1.0
35.7666,128.14837,37.868837,3458.9231304000004,-171.349,76.356,318.448,1.0
35.7833,128.148363,37.868844,3462.7575144,-170.319,76.385,318.267,1.0
35.8,128.148356,37.86885,3466.5931176,-169.232,76.413,318.092,1.0
35.8166,128.148349,37.868856,3470.4308544,-168.09,76.443,317.923,1.0
35.8333,128.148342,37.868862,3474.2698104,-166.896,76.473,317.759,1.0
35.85,128.148335,37.868868,3478.1105952000003,-165.651,76.503,317.602,1.0
35.8666,128.148328,37.868874,3481.9525992,-164.359,76.535,317.45,1.0
35.8833,128.148321,37.86888,3485.796432,-163.02,76.567,317.304,1.0
35.9,128.148314,37.868887,3489.6417888,-161.639,76.6,317.164,1.0
35.9166,128.148307,37.868893,3493.4886696,-160.215,76.634,317.03,1.0
35.9333,128.1483,37.868899,3497.3370744,-158.755,76.666,316.899,1.0
35.95,128.148293,37.868905,3501.1866984000003,-157.261,76.697,316.769,1.0
35.9666,128.148287,37.868911,3505.0375416,-155.732,76.727,316.642,1.0
35.9833,128.14828,37.868917,3508.8899088000003,-154.171,76.756,316.519,1.0
36.0,128.148273,37.868923,3512.7438,-152.578,76.786,316.401,1.0
36.0166,128.148267,37.868929,3516.5986056000006,-150.953,76.816,316.287,1.0
36.0333,128.14826,37.868935,3520.4546304000005,-149.325,76.835,316.151,1.0
36.05,128.148253,37.868941,3524.3115696,-147.724,76.834,315.962,1.0
36.0666,128.148247,37.868947,3528.1694232000004,-146.153,76.813,315.72,1.0
36.0833,128.14824,37.868953,3532.0281912,-144.599,76.779,315.436,1.0
36.1,128.148234,37.868959,3535.8881784000005,-143.054,76.735,315.124,1.0
36.1166,128.148228,37.868965,3539.7487752,-141.508,76.686,314.791,1.0
36.1333,128.148221,37.868971,3543.6099816,-139.999,76.624,314.403,1.0
36.15,128.148215,37.868977,3547.4717976,-138.544,76.543,313.941,1.0
36.1666,128.148208,37.868983,3551.3342232000005,-137.132,76.449,313.419,1.0
36.1833,128.148202,37.868989,3555.1972584,-135.745,76.347,312.856,1.0
36.2,128.148196,37.868995,3559.0609032,-134.371,76.241,312.264,1.0
36.2166,128.148189,37.869001,3562.9248528000003,-133.001,76.135,311.654,1.0
36.2333,128.148183,37.869007,3566.7869736000002,-131.694,76.017,311.134,1.0
36.25,128.148177,37.869013,3570.64818,-130.414,75.895,310.737,1.0
36.2666,128.14817,37.869019,3574.5078624000002,-129.157,75.782,310.472,1.0
36.2833,128.148164,37.869025,3578.3657160000002,-127.911,75.691,310.355,1.0
36.3,128.148158,37.869031,3582.2211312,-126.707,75.62,310.357,1.0
36.3166,128.148151,37.869037,3586.074108,-125.578,75.566,310.439,1.0
36.3333,128.148145,37.869043,3589.9243416000004,-124.548,75.523,310.573,1.0
36.35,128.148138,37.869049,3593.7718320000004,-123.629,75.487,310.737,1.0
36.3666,128.148132,37.869055,3597.6159696,-122.827,75.457,310.92,1.0
36.3833,128.148125,37.869061,3601.4567544,-122.145,75.43,311.113,1.0
36.4,128.148118,37.869067,3605.2938816,-121.581,75.406,311.31,1.0
36.4166,128.148112,37.869073,3609.1270464000004,-121.132,75.383,311.508,1.0
36.4333,128.148105,37.869078,3612.9556392000004,-120.796,75.361,311.704,1.0
36.45,128.148098,37.869084,3616.7802696,-120.569,75.339,311.898,1.0
36.4666,128.148091,37.86909,3620.5997184000003,-120.447,75.318,312.087,1.0
36.4833,128.148084,37.869096,3624.4142904,-120.426,75.297,312.272,1.0
36.5,128.148076,37.869102,3628.2236808,-120.501,75.276,312.452,1.0
36.5166,128.148069,37.869108,3632.0275848000006,-120.669,75.255,312.626,1.0
36.5333,128.148062,37.869114,3635.8263072000004,-120.925,75.234,312.796,1.0
36.55,128.148054,37.869119,3639.6195432000004,-121.264,75.214,312.961,1.0
36.5666,128.148047,37.869125,3643.4072928,-121.684,75.193,313.122,1.0
36.5833,128.148039,37.869131,3647.189556,-122.179,75.173,313.279,1.0
36.6,128.148031,37.869136,3650.9663328000006,-122.747,75.154,313.431,1.0
36.6166,128.148023,37.869142,3654.7376232,-123.384,75.134,313.579,1.0
36.6333,128.148015,37.869148,3658.5034272000003,-124.088,75.115,313.723,1.0
36.65,128.148007,37.869153,3662.2637448,-124.854,75.097,313.863,1.0
36.6666,128.147999,37.869159,3666.0182712000005,-125.68,75.078,313.999,1.0
36.6833,128.147991,37.869165,3669.7670064,-126.562,75.061,314.131,1.0
36.7,128.147983,37.86917,3673.5102552000003,-127.499,75.043,314.26,1.0
36.7166,128.147974,37.869176,3677.2477128,-128.487,75.027,314.386,1.0
36.7333,128.147966,37.869181,3680.9787696,-129.557,75.004,314.475,1.0
36.75,128.147957,37.869187,3684.7040352000004,-130.738,74.967,314.496,1.0
36.7666,128.147948,37.869192,3688.4232048000003,-132.054,74.908,314.421,1.0
36.7833,128.14794,37.869198,3692.1356688000005,-133.528,74.821,314.224,1.0
36.8,128.147931,37.869204,3695.8414272,-135.172,74.697,313.891,1.0
36.8166,128.147922,37.869209,3699.5401752000002,-136.99,74.53,313.415,1.0
36.8333,128.147913,37.869215,3703.231608,-138.982,74.311,312.793,1.0
36.85,128.147904,37.86922,3706.9157256000003,-141.133,74.037,312.038,1.0
36.8666,128.147895,37.869226,3710.5931376,-143.398,73.711,311.193,1.0
36.8833,128.147886,37.869231,3714.2635392,-145.736,73.337,310.297,1.0
36.9,128.147876,37.869237,3717.9266256000005,-148.112,72.919,309.384,1.0
36.9166,128.147867,37.869242,3721.5827016,-150.491,72.467,308.487,1.0
36.9333,128.147857,37.869248,3725.2314624000005,-152.844,71.989,307.635,1.0
36.95,128.147847,37.869253,3728.8726032000004,-155.152,71.493,306.846,1.0
36.9666,128.147837,37.869259,3732.506124,-157.406,70.985,306.129,1.0
36.9833,128.147827,37.869265,3736.1320248,-159.602,70.469,305.486,1.0
37.0,128.147817,37.86927,3739.7500008,-161.74,69.948,304.917,1.0
37.0166,128.147807,37.869276,3743.3597472,-163.821,69.426,304.422,1.0
37.0333,128.147796,37.869282,3746.9649216,-165.753,68.92,303.943,1.0
37.05,128.147786,37.869287,3750.5627808,-167.536,68.441,303.485,1.0
37.0666,128.147775,37.869293,3754.1545440000004,-169.152,67.997,303.062,1.0
37.0833,128.147765,37.869299,3757.7405160000003,-170.589,67.599,302.687,1.0
37.1,128.147754,37.869305,3761.3206968,-171.845,67.258,302.361,1.0
37.1166,128.147743,37.869311,3764.8953912,-172.923,66.978,302.085,1.0
37.1333,128.147732,37.869317,3768.4652088000003,-173.833,66.765,301.852,1.0
37.15,128.147721,37.869322,3772.0304544,-174.585,66.614,301.657,1.0
37.1666,128.14771,37.869328,3775.5917375999998,-175.193,66.521,301.491,1.0
37.1833,128.147699,37.869334,3779.1493632,-175.667,66.474,301.348,1.0
37.2,128.147688,37.86934,3782.703636,-176.019,66.462,301.222,1.0
37.2166,128.147677,37.869346,3786.2551656,-176.258,66.474,301.108,1.0
37.2333,128.147665,37.869352,3789.8045616000004,-176.392,66.499,301.003,1.0
37.25,128.147654,37.869358,3793.351824,-176.428,66.534,300.903,1.0
37.2666,128.147643,37.869364,3796.8978672,-176.371,66.575,300.809,1.0
37.2833,128.147632,37.86937,3800.4426912000004,-176.226,66.62,300.718,1.0
37.3,128.14762,37.869376,3803.9869056000002,-175.997,66.668,300.63,1.0
37.3166,128.147609,37.869382,3807.5308152000002,-175.688,66.718,300.544,1.0
37.3333,128.147598,37.869388,3811.0735056000003,-175.303,66.769,300.459,1.0
37.35,128.147587,37.869394,3814.6161960000004,-174.845,66.821,300.377,1.0
37.3666,128.147575,37.8694,3818.157972,-174.316,66.873,300.295,1.0
37.3833,128.147564,37.869406,3821.6991384000003,-173.72,66.926,300.215,1.0
37.4,128.147553,37.869412,3825.2400000000002,-173.06,66.979,300.137,1.0
37.4166,128.147541,37.869418,3828.7799472,-172.337,67.032,300.059,1.0
37.4333,128.14753,37.869424,3832.3198944,-171.554,67.085,299.983,1.0
37.45,128.147519,37.86943,3835.8592320000002,-170.714,67.139,299.908,1.0
37.4666,128.147507,37.869436,3839.3979600000002,-169.818,67.192,299.835,1.0
37.4833,128.147496,37.869442,3842.9366880000002,-168.869,67.246,299.762,1.0
37.5,128.147485,37.869448,3846.4745016,-167.869,67.301,299.691,1.0
37.5166,128.147473,37.869454,3850.0123152,-166.82,67.355,299.622,1.0
37.5333,128.147462,37.86946,3853.5516528000003,-165.726,67.405,299.551,1.0
37.55,128.147451,37.869466,3857.0906856,-164.589,67.451,299.478,1.0
37.5666,128.147439,37.869472,3860.630328,-163.411,67.494,299.404,1.0
37.5833,128.147428,37.869478,3864.1702752,-162.193,67.534,299.329,1.0
37.6,128.147417,37.869484,3867.7105272000003,-160.936,67.573,299.254,1.0
37.6166,128.147405,37.86949,3871.2513888000003,-159.641,67.61,299.178,1.0
37.6333,128.147394,37.869496,3874.7922504000003,-158.319,67.637,299.092,1.0
37.65,128.147383,37.869502,3878.3334168000006,-156.98,67.646,298.988,1.0
37.6666,128.147371,37.869508,3881.8745832,-155.625,67.64,298.865,1.0
37.6833,128.14736,37.869514,3885.4163592000004,-154.251,67.623,298.728,1.0
37.7,128.147349,37.86952,3888.9581352000005,-152.857,67.597,298.579,1.0
37.7166,128.147337,37.869526,3892.5002160000004,-151.443,67.567,298.42,1.0
37.7333,128.147326,37.869532,3896.0422968,-150.023,67.523,298.238,1.0
37.75,128.147315,37.869538,3899.5840728000003,-148.612,67.457,298.018,1.0
37.7666,128.147303,37.869544,3903.1261536,-147.206,67.374,297.765,1.0
37.7833,128.147292,37.86955,3906.6682344,-145.802,67.279,297.484,1.0
37.8,128.14728,37.869556,3910.2100104,-144.396,67.176,297.182,1.0
37.8166,128.147269,37.869562,3913.7520912000005,-142.984,67.069,296.863,1.0
37.8333,128.147258,37.869568,3917.2935624000006,-141.584,66.949,296.509,1.0
37.85,128.147246,37.869574,3920.8347288,-140.213,66.81,296.104,1.0
37.8666,128.147235,37.86958,3924.3755904,-138.864,66.657,295.656,1.0
37.8833,128.147223,37.869586,3927.9161472,-137.53,66.495,295.173,1.0
37.9,128.147212,37.869592,3931.4560944,-136.204,66.327,294.665,1.0
37.9166,128.1472,37.869598,3934.9957368000005,-134.883,66.159,294.137,1.0
37.9333,128.147188,37.869605,3938.5344648,-133.584,65.982,293.572,1.0
37.95,128.147177,37.869611,3942.0722784000004,-132.322,65.793,292.954,1.0
37.9666,128.147165,37.869617,3945.6094824,-131.09,65.595,292.294,1.0
37.9833,128.147153,37.869623,3949.1460768,-129.879,65.392,291.601,1.0
38.0,128.147141,37.869629,3952.6814520000003,-128.681,65.19,290.887,1.0
38.0166,128.14713,37.869635,3956.2159128,-127.492,64.99,290.159,1.0
38.0333,128.147118,37.869641,3959.7494592000003,-126.322,64.79,289.405,1.0
38.05,128.147106,37.869647,3963.2817864000003,-125.17,64.592,288.63,1.0
38.0666,128.147094,37.869653,3966.8128944,-124.029,64.398,287.842,1.0
38.0833,128.147082,37.869659,3970.343088,-122.898,64.211,287.045,1.0
38.1,128.14707,37.869665,3973.8720624000002,-121.773,64.032,286.245,1.0
38.1166,128.147058,37.869671,3977.3998176,-120.653,63.862,285.443,1.0
38.1333,128.147045,37.869677,3980.9266584,-119.539,63.701,284.643,1.0
38.15,128.147033,37.869683,3984.4519752,-118.429,63.551,283.845,1.0
38.1666,128.147021,37.869689,3987.9760728,-117.324,63.412,283.051,1.0
38.1833,128.147009,37.869694,3991.499256,-116.226,63.284,282.262,1.0
38.2,128.146996,37.8697,3995.0209152,-115.134,63.167,281.477,1.0
38.2166,128.146984,37.869706,3998.5413552000005,-114.049,63.06,280.697,1.0
38.2333,128.146971,37.869712,4002.0605760000003,-113.066,62.956,279.931,1.0
38.25,128.146959,37.869718,4005.5776632,-112.183,62.853,279.179,1.0
38.2666,128.146946,37.869723,4009.0932264,-111.395,62.753,278.437,1.0
38.2833,128.146933,37.869729,4012.606656,-110.698,62.66,277.703,1.0
38.3,128.14692,37.869734,4016.1182568000004,-110.085,62.574,276.976,1.0
38.3166,128.146907,37.86974,4019.6274192000005,-109.55,62.497,276.254,1.0
38.3333,128.146894,37.869745,4023.1344480000002,-109.142,62.422,275.54,1.0
38.35,128.146881,37.86975,4026.6387336000003,-108.852,62.349,274.833,1.0
38.3666,128.146868,37.869756,4030.1408856,-108.672,62.279,274.132,1.0
38.3833,128.146855,37.869761,4033.6399896000003,-108.59,62.214,273.436,1.0
38.4,128.146842,37.869766,4037.1363504,-108.599,62.154,272.743,1.0
38.4166,128.146828,37.869771,4040.6296632000003,-108.688,62.099,272.053,1.0
38.4333,128.146815,37.869775,4044.1199280000005,-108.863,62.046,271.366,1.0
38.45,128.146801,37.86978,4047.6071448000002,-109.117,61.995,270.683,1.0
38.4666,128.146787,37.869784,4051.0916184000002,-109.439,61.947,270.003,1.0
38.4833,128.146774,37.869789,4054.5733488000005,-109.823,61.9,269.327,1.0
38.5,128.14676,37.869793,4058.052336,-110.261,61.854,268.653,1.0
38.5166,128.146746,37.869797,4061.52858,-110.745,61.809,267.982,1.0
38.5333,128.146732,37.869801,4065.0017760000005,-111.273,61.763,267.314,1.0
38.55,128.146718,37.869805,4068.4725336,-111.837,61.717,266.649,1.0
38.5666,128.146704,37.869809,4071.9405480000005,-112.433,61.67,265.989,1.0
38.5833,128.14669,37.869813,4075.4058192000007,-113.056,61.621,265.334,1.0
38.6,128.146676,37.869817,4078.8683472000002,-113.701,61.57,264.684,1.0
38.6166,128.146661,37.86982,4082.328132,-114.365,61.517,264.039,1.0
38.6333,128.146647,37.869824,4085.7851736000002,-115.043,61.461,263.401,1.0
38.65,128.146633,37.869827,4089.239472,-115.733,61.403,262.77,1.0
38.6666,128.146618,37.86983,4092.6910272,-116.433,61.341,262.147,1.0
38.6833,128.146604,37.869833,4096.1395344,-117.138,61.277,261.53,1.0
38.7,128.146589,37.869837,4099.5849936,-117.847,61.209,260.922,1.0
38.7166,128.146575,37.86984,4103.0277096,-118.558,61.138,260.322,1.0
38.7333,128.14656,37.869842,4106.4673776,-119.269,61.064,259.73,1.0
38.75,128.146545,37.869845,4109.9039976,-119.977,60.987,259.147,1.0
38.7666,128.14653,37.869848,4113.3375696,-120.681,60.907,258.573,1.0
38.7833,128.146515,37.86985,4116.7677888,-121.38,60.823,258.007,1.0
38.8,128.1465,37.869853,4120.194960000001,-122.073,60.737,257.451,1.0
38.8166,128.146485,37.869855,4123.6187784,-122.758,60.647,256.904,1.0
38.8333,128.14647,37.869858,4127.0395488,-123.433,60.553,256.365,1.0
38.85,128.146455,37.86986,4130.4566616,-124.098,60.457,255.836,1.0
38.8666,128.14644,37.869862,4133.8707264,-124.752,60.358,255.315,1.0
38.8833,128.146425,37.869864,4137.2808288,-125.394,60.256,254.804,1.0
38.9,128.146409,37.869866,4140.6875784,-126.023,60.151,254.301,1.0
38.9166,128.146394,37.869867,4144.0906704,-126.641,60.044,253.808,1.0
38.9333,128.146379,37.869869,4147.4904096,-127.242,59.933,253.323,1.0
38.95,128.146363,37.869871,4150.8861864,-127.829,59.821,252.846,1.0
38.9666,128.146347,37.869872,4154.278305600001,-128.399,59.705,252.378,1.0
38.9833,128.146332,37.869873,4157.6667672,-128.954,59.588,251.917,1.0
39.0,128.146316,37.869875,4161.051266400001,-129.494,59.467,251.465,1.0
39.0166,128.1463,37.869876,4164.4314984,-130.018,59.345,251.021,1.0
39.0333,128.146285,37.869877,4167.8080728,-130.524,59.22,250.585,1.0
39.05,128.146269,37.869878,4171.180684800001,-131.012,59.094,250.156,1.0
39.0666,128.146253,37.869879,4174.5490296,-131.483,58.966,249.734,1.0
39.0833,128.146237,37.869879,4177.913412000001,-131.936,58.835,249.319,1.0
39.1,128.146221,37.86988,4181.2735272,-132.373,58.703,248.911,1.0
39.1166,128.146205,37.869881,4184.6293752,-132.794,58.569,248.51,1.0
39.1333,128.146188,37.869881,4187.980956,-133.197,58.434,248.116,1.0
39.15,128.146172,37.869881,4191.3282696,-133.582,58.297,247.728,1.0
39.1666,128.146156,37.869882,4194.6710112,-133.951,58.158,247.345,1.0
39.1833,128.14614,37.869882,4198.0094856,-134.303,58.019,246.969,1.0
39.2,128.146123,37.869882,4201.3430832,-134.64,57.878,246.599,1.0
39.2166,128.146107,37.869882,4204.6724136,-134.962,57.735,246.234,1.0
39.2333,128.14609,37.869881,4207.9968671999995,-135.269,57.592,245.874,1.0
39.25,128.146074,37.869881,4211.316748800001,-135.561,57.447,245.52,1.0
39.2666,128.146057,37.869881,4214.6320584000005,-135.84,57.301,245.171,1.0
39.2833,128.14604,37.86988,4217.9421864000005,-136.106,57.154,244.826,1.0
39.3,128.146024,37.869879,4221.2477424,-136.359,57.007,244.486,1.0
39.3166,128.146007,37.869879,4224.548116800001,-136.601,56.858,244.151,1.0
39.3333,128.14599,37.869878,4227.843614400001,-136.833,56.709,243.82,1.0
39.35,128.145973,37.869877,4231.1339304,-137.054,56.559,243.493,1.0
39.3666,128.145956,37.869876,4234.4190648,-137.266,56.408,243.17,1.0
39.3833,128.145939,37.869875,4237.6993224,-137.468,56.256,242.851,1.0
39.4,128.145922,37.869873,4240.974398400001,-137.663,56.103,242.536,1.0
39.4166,128.145905,37.869872,4244.243988,-137.85,55.95,242.224,1.0
39.4333,128.145887,37.86987,4247.5080912,-138.03,55.796,241.915,1.0
39.45,128.14587,37.869869,4250.7670128,-138.205,55.642,241.61,1.0
39.4666,128.145853,37.869867,4254.020448,-138.374,55.487,241.308,1.0
39.4833,128.145836,37.869865,4257.2683968,-138.538,55.331,241.01,1.0
39.5,128.145818,37.869863,4260.510859200001,-138.697,55.175,240.714,1.0
39.5166,128.145801,37.869861,4263.747835200001,-138.852,55.018,240.42,1.0
39.5333,128.145783,37.869859,4266.9787152,-139.004,54.861,240.13,1.0
39.55,128.145766,37.869857,4270.2044136,-139.153,54.703,239.842,1.0
39.5666,128.145748,37.869854,4273.424016,-139.3,54.545,239.557,1.0
39.5833,128.14573,37.869852,4276.6378272,-139.444,54.386,239.275,1.0
39.6,128.145713,37.869849,4279.846152,-139.586,54.227,238.995,1.0
39.6166,128.145695,37.869846,4283.0483808,-139.725,54.067,238.717,1.0
39.6333,128.145677,37.869843,4286.244513600001,-139.864,53.906,238.441,1.0
39.65,128.145659,37.86984,4289.4348552,-140.002,53.745,238.168,1.0
39.6666,128.145641,37.869837,4292.6194056,-140.139,53.584,237.897,1.0
39.6833,128.145623,37.869834,4295.797555200001,-140.276,53.422,237.628,1.0
39.7,128.145605,37.869831,4298.9699136,-140.411,53.26,237.361,1.0
39.7166,128.145587,37.869827,4302.136176000001,-140.545,53.097,237.096,1.0
39.7333,128.145569,37.869824,4305.2957328,-140.679,52.933,236.833,1.0
39.75,128.145551,37.86982,4308.4494984,-140.812,52.769,236.572,1.0
39.7666,128.145533,37.869816,4311.5968632,-140.945,52.605,236.314,1.0
39.7833,128.145514,37.869812,4314.738132,-141.078,52.44,236.057,1.0
39.8,128.145496,37.869808,4317.8730000000005,-141.21,52.274,235.803,1.0
39.8166,128.145478,37.869804,4321.0014672,-141.341,52.108,235.55,1.0
39.8333,128.145459,37.8698,4324.1235336,-141.471,51.941,235.3,1.0
39.85,128.145441,37.869796,4327.2391992,-141.601,51.773,235.051,1.0
39.8666,128.145423,37.869791,4330.348464000001,-141.73,51.605,234.805,1.0
39.8833,128.145404,37.869787,4333.4510232,-141.859,51.436,234.561,1.0
39.9,128.145386,37.869782,4336.5471816,-141.986,51.267,234.319,1.0
39.9166,128.145367,37.869777,4339.636939200001,-142.113,51.097,234.078,1.0
39.9333,128.145348,37.869772,4342.7196864,-142.238,50.926,233.84,1.0
39.95,128.14533,37.869767,4345.796032800001,-142.363,50.755,233.604,1.0
39.9666,128.145311,37.869762,4348.8656736,-142.487,50.583,233.37,1.0
39.9833,128.145292,37.869757,4351.928304,-142.61,50.411,233.138,1.0
40.0,128.145274,37.869752,4354.9845336,-142.733,50.237,232.907,1.0
40.0166,128.145255,37.869746,4358.0337528,-142.854,50.064,232.678,1.0
40.0333,128.145236,37.86974,4361.0762664,-142.974,49.89,232.451,1.0
40.05,128.145217,37.869735,4364.1117696,-143.093,49.715,232.227,1.0
40.0666,128.145198,37.869729,4367.1405672,-143.211,49.539,232.004,1.0
40.0833,128.145179,37.869723,4370.1623544,-143.328,49.363,231.782,1.0
40.1,128.14516,37.869717,4373.1771312,-143.444,49.187,231.563,1.0
40.1166,128.145141,37.869711,4376.1848976,-143.559,49.01,231.345,1.0
40.1333,128.145122,37.869705,4379.1856536,-143.672,48.832,231.129,1.0
40.15,128.145103,37.869698,4382.1793992,-143.785,48.654,230.914,1.0
40.1666,128.145084,37.869692,4385.1658296000005,-143.896,48.475,230.701,1.0
40.1833,128.145065,37.869685,4388.1452496,-144.006,48.296,230.49,1.0
40.2,128.145045,37.869679,4391.1176592,-144.115,48.117,230.281,1.0
40.2166,128.145026,37.869672,4394.0827536,-144.222,47.937,230.072,1.0
40.2333,128.145007,37.869665,4397.040532800001,-144.328,47.756,229.866,1.0
40.25,128.144988,37.869658,4399.9909968,-144.433,47.575,229.661,1.0
40.2666,128.144968,37.869651,4402.9344504,-144.537,47.393,229.458,1.0
40.2833,128.144949,37.869643,4405.8702840000005,-144.639,47.211,229.256,1.0
40.3,128.14493,37.869636,4408.798802400001,-144.74,47.029,229.055,1.0
40.3166,128.14491,37.869629,4411.7200056,-144.839,46.846,228.856,1.0
40.3333,128.144891,37.869621,4414.6335888,-144.937,46.663,228.658,1.0
40.35,128.144871,37.869613,4417.5398568,-145.034,46.479,228.462,1.0
40.3666,128.144852,37.869606,4420.4388096,-145.129,46.295,228.267,1.0
40.3833,128.144832,37.869598,4423.3298376,-145.223,46.111,228.073,1.0
40.4,128.144813,37.86959,4426.213550400001,-145.315,45.926,227.881,1.0
40.4166,128.144793,37.869582,4429.0896432,-145.406,45.741,227.69,1.0
40.4333,128.144774,37.869573,4431.958116000001,-145.495,45.556,227.5,1.0
40.45,128.144754,37.869565,4434.8189688,-145.583,45.37,227.312,1.0
40.4666,128.144734,37.869557,4437.6722016,-145.67,45.184,227.124,1.0
40.4833,128.144715,37.869548,4440.5175096,-145.755,44.997,226.938,1.0
40.5,128.144695,37.86954,4443.3551976,-145.838,44.81,226.753,1.0
40.5166,128.144675,37.869531,4446.1852656,-145.92,44.623,226.57,1.0
40.5333,128.144655,37.869522,4449.0074088,-146.0,44.436,226.387,1.0
40.55,128.144636,37.869513,4451.8216272,-146.079,44.248,226.206,1.0
40.5666,128.144616,37.869504,4454.6279208000005,-146.156,44.06,226.025,1.0
40.5833,128.144596,37.869495,4457.4265944,-146.232,43.871,225.846,1.0
40.6,128.144576,37.869486,4460.2170384,-146.306,43.683,225.668,1.0
40.6166,128.144556,37.869476,4462.999862400001,-146.379,43.494,225.491,1.0
40.6333,128.144537,37.869467,4465.7744568,-146.45,43.304,225.315,1.0
40.65,128.144517,37.869457,4468.5411264,-146.519,43.115,225.14,1.0
40.6666,128.144497,37.869447,4471.299871200001,-146.586,42.925,224.966,1.0
40.6833,128.144477,37.869438,4474.0503864,-146.653,42.735,224.793,1.0
40.7,128.144457,37.869428,4476.7929768,-146.717,42.545,224.621,1.0
40.7166,128.144437,37.869418,4479.5273376,-146.78,42.354,224.45,1.0
40.7333,128.144417,37.869408,4482.2534688000005,-146.842,42.164,224.28,1.0
40.75,128.144397,37.869397,4484.9713704000005,-146.902,41.973,224.111,1.0
40.7666,128.144377,37.869387,4487.6813472,-146.961,41.781,223.942,1.0
40.7833,128.144357,37.869377,4490.3827896,-147.018,41.59,223.775,1.0
40.8,128.144337,37.869366,4493.0763072,-147.074,41.398,223.609,1.0
40.8166,128.144317,37.869356,4495.7612904,-147.129,41.206,223.444,1.0
40.8333,128.144296,37.869345,4498.438044,-147.183,41.014,223.279,1.0
40.85,128.144276,37.869334,4501.1062632,-147.235,40.822,223.115,1.0
40.8666,128.144256,37.869323,4503.7662528,-147.287,40.629,222.953,1.0
40.8833,128.144236,37.869312,4506.417708,-147.338,40.436,222.791,1.0
40.9,128.144216,37.869301,4509.0606288,-147.388,40.243,222.63,1.0
40.9166,128.144196,37.86929,4511.69532,-147.437,40.05,222.47,1.0
40.9333,128.144176,37.869279,4514.321172,-147.483,39.856,222.311,1.0
40.95,128.144155,37.869267,4516.9387944,-147.528,39.662,222.155,1.0
40.9666,128.144135,37.869256,4519.5475776,-147.571,39.467,221.999,1.0
40.9833,128.144115,37.869244,4522.1478264,-147.612,39.271,221.846,1.0
41.0,128.144095,37.869232,4524.7395408,-147.653,39.075,221.693,1.0
41.0166,128.144074,37.86922,4527.322720800001,-147.693,38.879,221.541,1.0
41.0333,128.144054,37.869209,4529.8967568,-147.731,38.682,221.392,1.0
41.05,128.144034,37.869197,4532.4622584,-147.767,38.484,221.245,1.0
41.0666,128.144014,37.869184,4535.0189208,-147.801,38.285,221.099,1.0
41.0833,128.143993,37.869172,4537.566744000001,-147.836,38.086,220.956,1.0
41.1,128.143973,37.86916,4540.105728,-147.87,37.886,220.813,1.0
41.1166,128.143953,37.869147,4542.6361776,-147.904,37.685,220.672,1.0
41.1333,128.143932,37.869135,4545.157178400001,-147.939,37.484,220.532,1.0
41.15,128.143912,37.869122,4547.66934,-147.974,37.283,220.394,1.0
41.1666,128.143892,37.86911,4550.1723576,-148.01,37.08,220.258,1.0
41.1833,128.143871,37.869097,4552.666536,-148.047,36.877,220.122,1.0
41.2,128.143851,37.869084,4555.1518752,-148.085,36.674,219.988,1.0
41.2166,128.143831,37.869071,4557.6277656,-148.126,36.471,219.855,1.0
41.2333,128.14381,37.869058,4560.094512000001,-148.169,36.267,219.722,1.0
41.25,128.14379,37.869045,4562.5521144,-148.215,36.062,219.591,1.0
41.2666,128.14377,37.869031,4565.000572800001,-148.265,35.858,219.46,1.0
41.2833,128.143749,37.869018,4567.4398872,-148.317,35.653,219.33,1.0
41.3,128.143729,37.869004,4569.8700576,-148.373,35.448,219.2,1.0
41.3166,128.143709,37.868991,4572.2907792000005,-148.431,35.243,219.071,1.0
41.3333,128.143688,37.868977,4574.7017472,-148.493,35.037,218.943,1.0
41.35,128.143668,37.868963,4577.103876,-148.558,34.831,218.816,1.0
41.3666,128.143647,37.86895,4579.4962512,-148.628,34.625,218.689,1.0
41.3833,128.143627,37.868936,4581.879482400001,-148.7,34.419,218.563,1.0
41.4,128.143607,37.868921,4584.2532648,-148.776,34.212,218.437,1.0
41.4166,128.143586,37.868907,4586.6175984,-148.854,34.005,218.312,1.0
41.4333,128.143566,37.868893,4588.9718736,-148.937,33.798,218.188,1.0
41.45,128.143545,37.868879,4591.3170048,-149.023,33.59,218.064,1.0
41.4666,128.143525,37.868864,4593.6523824000005,-149.113,33.382,217.941,1.0
41.4833,128.143505,37.86885,4595.9783112000005,-149.206,33.174,217.82,1.0
41.5,128.143484,37.868835,4598.2944864,-149.302,32.966,217.698,1.0
41.5166,128.143464,37.86882,4600.600908,-149.4,32.757,217.578,1.0
41.5333,128.143443,37.868806,4602.8972712,-149.503,32.547,217.458,1.0
41.55,128.143423,37.868791,4605.1841856,-149.61,32.338,217.339,1.0
41.5666,128.143402,37.868776,4607.4610416000005,-149.72,32.127,217.221,1.0
41.5833,128.143382,37.868761,4609.728144000001,-149.833,31.917,217.104,1.0
41.6,128.143362,37.868745,4611.985188,-149.949,31.706,216.988,1.0
41.6166,128.143341,37.86873,4614.2327832,-150.067,31.495,216.873,1.0
41.6333,128.143321,37.868715,4616.4697104,-150.19,31.283,216.758,1.0
41.65,128.1433,37.868699,4618.6965792,-150.317,31.071,216.645,1.0
41.6666,128.14328,37.868684,4620.9133896,-150.447,30.858,216.533,1.0
41.6833,128.14326,37.868668,4623.1201416,-150.581,30.645,216.421,1.0
41.7,128.143239,37.868652,4625.3168352,-150.717,30.431,216.311,1.0
41.7166,128.143219,37.868637,4627.5034704,-150.856,30.217,216.201,1.0
41.7333,128.143198,37.868621,4629.679132800001,-151.0,30.002,216.093,1.0
41.75,128.143178,37.868605,4631.844736800001,-151.148,29.787,215.986,1.0
41.7666,128.143158,37.868589,4633.999672800001,-151.301,29.571,215.88,1.0
41.7833,128.143137,37.868572,4636.1442456,-151.457,29.354,215.775,1.0
41.8,128.143117,37.868556,4638.2784552,-151.616,29.137,215.671,1.0
41.8166,128.143096,37.86854,4640.4023016,-151.777,28.92,215.569,1.0
41.8333,128.143076,37.868523,4642.5145656,-151.945,28.701,215.467,1.0
41.85,128.143056,37.868507,4644.616771200001,-152.118,28.482,215.367,1.0
41.8666,128.143035,37.86849,4646.7076992,-152.296,28.263,215.268,1.0
41.8833,128.143015,37.868474,4648.788264000001,-152.478,28.042,215.171,1.0
41.9,128.142994,37.868457,4650.857856,-152.664,27.821,215.075,1.0
41.9166,128.142974,37.86844,4652.916475200001,-152.854,27.6,214.979,1.0
41.9333,128.142954,37.868423,4654.9632072,-153.051,27.377,214.886,1.0
41.95,128.142933,37.868406,4656.9992712,-153.255,27.154,214.794,1.0
41.9666,128.142913,37.868389,4659.023752800001,-153.465,26.93,214.703,1.0
41.9833,128.142893,37.868371,4661.0372616,-153.682,26.705,214.614,1.0
42.0,128.142872,37.868354,4663.0394928000005,-153.903,26.48,214.526,1.0
42.0166,128.142852,37.868337,4665.0304464,-154.129,26.253,214.44,1.0
42.0333,128.142832,37.868319,4667.0089032000005,-154.364,26.026,214.355,1.0
42.05,128.142811,37.868302,4668.975777600001,-154.607,25.797,214.273,1.0
42.0666,128.142791,37.868284,4670.9313744,-154.857,25.568,214.191,1.0
42.0833,128.142771,37.868266,4672.875084,-155.115,25.338,214.112,1.0
42.1,128.14275,37.868248,4674.8069064,-155.378,25.107,214.034,1.0
42.1166,128.14273,37.86823,4676.7274512,-155.646,24.875,213.957,1.0
42.1333,128.14271,37.868212,4678.6345848,-155.925,24.642,213.883,1.0
42.15,128.142689,37.868194,4680.530136,-156.214,24.408,213.81,1.0
42.1666,128.142669,37.868176,4682.4131904000005,-156.511,24.173,213.739,1.0
42.1833,128.142649,37.868158,4684.2843576000005,-156.816,23.936,213.67,1.0
42.2,128.142628,37.86814,4686.143028,-157.128,23.699,213.603,1.0
42.2166,128.142608,37.868121,4687.9898112,-157.445,23.461,213.538,1.0
42.2333,128.142588,37.868103,4689.8228784,-157.777,23.222,213.474,1.0
42.25,128.142567,37.868084,4691.6425344,-158.123,22.981,213.413,1.0
42.2666,128.142547,37.868065,4693.4499984,-158.48,22.739,213.355,1.0
42.2833,128.142527,37.868047,4695.244356,-158.849,22.496,213.298,1.0
42.3,128.142507,37.868028,4697.0256072,-159.227,22.252,213.244,1.0
42.3166,128.142486,37.868009,4698.7940568,-159.613,22.007,213.191,1.0
42.3333,128.142466,37.86799,4700.5484856,-160.023,21.761,213.142,1.0
42.35,128.142446,37.867971,4702.288284,-160.455,21.515,213.096,1.0
42.3666,128.142425,37.867952,4704.013452,-160.908,21.268,213.053,1.0
42.3833,128.142405,37.867932,4705.7252088000005,-161.379,21.021,213.014,1.0
42.4,128.142385,37.867913,4707.42264,-161.866,20.772,212.977,1.0
42.4166,128.142365,37.867894,4709.106050400001,-162.368,20.523,212.943,1.0
42.4333,128.142344,37.867874,4710.7742208,-162.891,20.28,212.914,1.0
42.45,128.142324,37.867855,4712.4280656,-163.432,20.051,212.894,1.0
42.4666,128.142304,37.867835,4714.06728,-163.99,19.837,212.882,1.0
42.4833,128.142283,37.867815,4715.6921688,-164.566,19.637,212.877,1.0
42.5,128.142263,37.867795,4717.3021224,-165.159,19.448,212.879,1.0
42.5166,128.142243,37.867776,4718.8980552,-165.767,19.268,212.887,1.0
42.5333,128.142223,37.867756,4720.4796624,-166.39,19.103,212.902,1.0
42.55,128.142202,37.867736,4722.046944000001,-167.026,18.962,212.926,1.0
42.5666,128.142182,37.867716,4723.6002048,-167.676,18.84,212.958,1.0
42.5833,128.142162,37.867696,4725.1394448,-168.339,18.735,212.996,1.0
42.6,128.142141,37.867675,4726.664968800001,-169.015,18.644,213.04,1.0
42.6166,128.142121,37.867655,4728.176472,-169.703,18.563,213.089,1.0
42.6333,128.142101,37.867635,4729.674564,-170.404,18.501,213.144,1.0
42.65,128.14208,37.867614,4731.1592448,-171.117,18.457,213.204,1.0
42.6666,128.14206,37.867594,4732.630514400001,-171.842,18.43,213.269,1.0
42.6833,128.14204,37.867574,4734.088677600001,-172.579,18.415,213.338,1.0
42.7,128.142019,37.867553,4735.5337344,-173.329,18.41,213.41,1.0
42.7166,128.141999,37.867532,4736.9659896,-174.092,18.412,213.484,1.0
42.7333,128.141978,37.867512,4738.385748000001,-174.867,18.426,213.561,1.0
42.75,128.141958,37.867491,4739.7930096,-175.655,18.45,213.64,1.0
42.7666,128.141937,37.86747,4741.1877744,-176.457,18.482,213.72,1.0
42.7833,128.141917,37.86745,4742.570652,-177.271,18.519,213.802,1.0
42.8,128.141896,37.867429,4743.9413376,-178.1,18.561,213.885,1.0
42.8166,128.141876,37.867408,4745.300440800001,-178.943,18.606,213.968,1.0
42.8333,128.141855,37.867387,4746.647961600001,-179.8,18.656,214.052,1.0
42.85,128.141835,37.867366,4747.9839,179.326,18.708,214.135,1.0
42.8666,128.141814,37.867345,4749.3085608,178.439,18.763,214.219,1.0
42.8833,128.141793,37.867324,4750.6222488,177.536,18.819,214.303,1.0
42.9,128.141773,37.867303,4751.925268800001,176.618,18.877,214.386,1.0
42.9166,128.141752,37.867282,4753.217316,175.683,18.934,214.469,1.0
42.9333,128.141731,37.867261,4754.499,174.732,18.993,214.551,1.0
42.95,128.141711,37.86724,4755.7703208,173.764,19.051,214.633,1.0
42.9666,128.14169,37.867219,4757.0315832,172.78,19.109,214.714,1.0
42.9833,128.141669,37.867198,4758.282787200001,171.779,19.167,214.794,1.0
43.0,128.141648,37.867176,4759.5242376,170.761,19.225,214.872,1.0
43.0166,128.141627,37.867155,4760.7562392,169.727,19.282,214.95,1.0
43.0333,128.141606,37.867134,4761.980316,168.779,19.337,215.02,1.0
43.05,128.141585,37.867113,4763.1967728,167.916,19.392,215.083,1.0
43.0666,128.141564,37.867091,4764.4062192,167.135,19.445,215.14,1.0
43.0833,128.141543,37.86707,4765.6092648,166.436,19.497,215.192,1.0
43.1,128.141522,37.867049,4766.806824,165.818,19.548,215.24,1.0
43.1166,128.141501,37.867027,4767.9995064,165.277,19.597,215.284,1.0
43.1333,128.14148,37.867006,4769.187616800001,164.813,19.646,215.325,1.0
43.15,128.141459,37.866985,4770.3720696,164.424,19.693,215.363,1.0
43.1666,128.141438,37.866963,4771.5534744,164.107,19.74,215.399,1.0
43.1833,128.141417,37.866942,4772.7324408,163.86,19.785,215.433,1.0
43.2,128.141396,37.86692,4773.9095784,163.682,19.83,215.465,1.0
43.2166,128.141375,37.866899,4775.0851920000005,163.57,19.874,215.496,1.0
43.2333,128.141354,37.866877,4776.2598912,163.523,19.917,215.526,1.0
43.25,128.141332,37.866856,4777.4345904,163.538,19.96,215.554,1.0
43.2666,128.141311,37.866834,4778.6098992,163.614,20.003,215.581,1.0
43.2833,128.14129,37.866813,4779.7858176,163.748,20.045,215.608,1.0
43.3,128.141269,37.866791,4780.96326,163.939,20.087,215.633,1.0
43.3166,128.141248,37.86677,4782.142836,164.185,20.128,215.658,1.0
43.3333,128.141227,37.866748,4783.3233264,164.485,20.17,215.682,1.0
43.35,128.141205,37.866727,4784.5056456,164.836,20.211,215.705,1.0
43.3666,128.141184,37.866705,4785.689184,165.238,20.251,215.728,1.0
43.3833,128.141163,37.866683,4786.8745512,165.688,20.292,215.75,1.0
43.4,128.141142,37.866662,4788.0611376,166.185,20.332,215.772,1.0
43.4166,128.141121,37.86664,4789.2495528,166.727,20.372,215.794,1.0
43.4333,128.1411,37.866618,4790.439492,167.314,20.412,215.816,1.0
43.45,128.141078,37.866597,4791.6309552,167.943,20.451,215.837,1.0
43.4666,128.141057,37.866575,4792.8239424,168.614,20.49,215.858,1.0
43.4833,128.141036,37.866553,4794.0187584000005,169.325,20.529,215.878,1.0
43.5,128.141015,37.866531,4795.2147936,170.074,20.568,215.899,1.0
43.5166,128.140994,37.866509,4796.412657600001,170.861,20.606,215.919,1.0
43.5333,128.140972,37.866488,4797.612350400001,171.685,20.645,215.94,1.0
43.55,128.140951,37.866466,4798.8135672,172.544,20.683,215.96,1.0
43.5666,128.14093,37.866444,4800.016308,173.436,20.72,215.981,1.0
43.5833,128.140909,37.866422,4801.2205728,174.362,20.758,216.001,1.0
43.6,128.140888,37.8664,4802.426666400001,175.32,20.796,216.021,1.0
43.6166,128.140866,37.866378,4803.6345888000005,176.309,20.833,216.042,1.0
43.6333,128.140845,37.866357,4804.844035200001,177.328,20.87,216.062,1.0
43.65,128.140824,37.866335,4806.0553104,178.376,20.907,216.083,1.0
43.6666,128.140803,37.866313,4807.268109600001,179.453,20.943,216.104,1.0
43.6833,128.140781,37.866291,4808.4824328,-179.443,20.98,216.125,1.0
43.7,128.14076,37.866269,4809.6985848,-178.312,21.016,216.146,1.0
43.7166,128.140739,37.866247,4810.9165656000005,-177.157,21.052,216.168,1.0
43.7333,128.140718,37.866225,4812.1360704,-175.976,21.087,216.189,1.0
43.75,128.140696,37.866203,4813.3570992,-174.771,21.123,216.211,1.0
43.7666,128.140675,37.866181,4814.5802616,-173.543,21.158,216.234,1.0
43.7833,128.140654,37.866159,4815.8046432,-172.291,21.193,216.256,1.0
43.8,128.140632,37.866137,4817.0308536,-171.018,21.227,216.279,1.0
43.8166,128.140611,37.866115,4818.2588928000005,-169.724,21.261,216.303,1.0
43.8333,128.140589,37.866093,4819.4866272,-168.516,21.294,216.334,1.0
43.85,128.140568,37.866071,4820.7149712,-167.393,21.324,216.373,1.0
43.8666,128.140547,37.866049,4821.9424008000005,-166.355,21.352,216.417,1.0
43.8833,128.140525,37.866027,4823.1689160000005,-165.402,21.378,216.467,1.0
43.9,128.140504,37.866005,4824.3939072,-164.532,21.403,216.519,1.0
43.9166,128.140482,37.865982,4825.6167648,-163.746,21.425,216.574,1.0
43.9333,128.140461,37.86596,4826.8368792,-163.041,21.445,216.63,1.0
43.95,128.140439,37.865938,4828.053945600001,-162.416,21.464,216.688,1.0
43.9666,128.140418,37.865916,4829.267659200001,-161.87,21.481,216.746,1.0
43.9833,128.140396,37.865894,4830.477105600001,-161.4,21.497,216.805,1.0
44.0,128.140375,37.865872,4831.6822848,-161.006,21.51,216.863,1.0
44.0166,128.140353,37.865849,4832.882282400001,-160.684,21.522,216.922,1.0
44.0333,128.140332,37.865827,4834.0767936,-160.433,21.533,216.979,1.0
44.05,128.14031,37.865805,4835.2655136,-160.252,21.542,217.036,1.0
44.0666,128.140289,37.865783,4836.4478328000005,-160.137,21.55,217.092,1.0
44.0833,128.140267,37.86576,4837.623446400001,-160.088,21.556,217.147,1.0
44.1,128.140246,37.865738,4838.7917448,-160.102,21.561,217.201,1.0
44.1166,128.140224,37.865715,4839.9524232,-160.177,21.565,217.254,1.0
44.1333,128.140203,37.865693,4841.1067008,-160.312,21.568,217.306,1.0
44.15,128.140181,37.865671,4842.2536632,-160.505,21.57,217.357,1.0
44.1666,128.14016,37.865648,4843.39392,-160.755,21.572,217.406,1.0
44.1833,128.140138,37.865626,4844.5271664,-161.059,21.572,217.455,1.0
44.2,128.140116,37.865603,4845.654012,-161.416,21.573,217.503,1.0
44.2166,128.140095,37.86558,4846.7738472,-161.826,21.573,217.549,1.0
44.2333,128.140073,37.865558,4847.8872816,-162.285,21.572,217.595,1.0
44.25,128.140052,37.865535,4848.9943152,-162.793,21.571,217.639,1.0
44.2666,128.14003,37.865513,4850.094948,-163.349,21.57,217.683,1.0
44.2833,128.140009,37.86549,4851.1888752,-163.952,21.569,217.725,1.0
44.3,128.139987,37.865467,4852.2767064,-164.599,21.567,217.767,1.0
44.3166,128.139965,37.865445,4853.3584416,-165.29,21.566,217.807,1.0
44.3333,128.139944,37.865422,4854.433776000001,-166.024,21.564,217.847,1.0
44.35,128.139922,37.865399,4855.5030144,-166.8,21.563,217.885,1.0
44.3666,128.139901,37.865376,4856.5664616,-167.616,21.561,217.922,1.0
44.3833,128.139879,37.865354,4857.623508,-168.471,21.56,217.958,1.0
44.4,128.139858,37.865331,4858.6747632,-169.365,21.559,217.993,1.0
44.4166,128.139836,37.865308,4859.7202272,-170.297,21.558,218.027,1.0
44.4333,128.139814,37.865285,4860.7599,-171.265,21.558,218.06,1.0
44.45,128.139793,37.865262,4861.7937816,-172.268,21.557,218.092,1.0
44.4666,128.139771,37.86524,4862.821872,-173.307,21.557,218.122,1.0
44.4833,128.139749,37.865217,4863.8441712,-174.379,21.557,218.151,1.0
44.5,128.139728,37.865194,4864.860984,-175.484,21.558,218.179,1.0
44.5166,128.139706,37.865171,4865.8720056,-176.621,21.559,218.206,1.0
44.5333,128.139684,37.865148,4866.8778456,-177.79,21.56,218.231,1.0
44.55,128.139663,37.865125,4867.8781992,-178.989,21.561,218.255,1.0
44.5666,128.139641,37.865102,4868.872761600001,179.782,21.563,218.277,1.0
44.5833,128.139619,37.865079,4869.8624472,178.524,21.565,218.298,1.0
44.6,128.139598,37.865056,4870.8466464,177.238,21.567,218.318,1.0
44.6166,128.139576,37.865033,4871.8253592,175.925,21.57,218.335,1.0
44.6333,128.139554,37.86501,4872.7991952,174.585,21.573,218.352,1.0
44.65,128.139532,37.864987,4873.7675448,173.219,21.576,218.366,1.0
44.6666,128.13951,37.864965,4874.7310176,171.828,21.579,218.379,1.0
44.6833,128.139489,37.864942,4875.689308800001,170.413,21.582,218.39,1.0
44.7,128.139467,37.864919,4876.642723200001,168.973,21.586,218.4,1.0
44.7166,128.139445,37.864896,4877.590956,167.511,21.589,218.407,1.0
44.7333,128.139423,37.864873,4878.534312000001,166.026,21.593,218.413,1.0
44.75,128.139401,37.86485,4879.472791200001,164.519,21.596,218.417,1.0
44.7666,128.139379,37.864827,4880.4066984,162.992,21.599,218.419,1.0
44.7833,128.139357,37.864804,4881.335424,161.443,21.602,218.419,1.0
44.8,128.139335,37.864781,4882.259882400001,159.875,21.605,218.417,1.0
44.8166,128.139313,37.864758,4883.1791592,158.288,21.607,218.414,1.0
44.8333,128.139291,37.864735,4884.0941688,156.683,21.609,218.408,1.0
44.85,128.139269,37.864712,4885.0043016,155.059,21.61,218.401,1.0
44.8666,128.139247,37.864689,4885.9101672,153.419,21.611,218.391,1.0
44.8833,128.139225,37.864666,4886.811156,151.761,21.611,218.38,1.0
44.9,128.139203,37.864642,4887.707877600001,150.088,21.61,218.367,1.0
44.9166,128.139181,37.864619,4888.600332,148.399,21.608,218.352,1.0
44.9333,128.139159,37.864596,4889.4882144,146.696,21.606,218.335,1.0
44.95,128.139137,37.864573,4890.371829600001,144.978,21.602,218.317,1.0
44.9666,128.139115,37.86455,4891.2514824,143.246,21.597,218.296,1.0
44.9833,128.139092,37.864527,4892.1265632,141.501,21.591,218.275,1.0
45.0,128.13907,37.864505,4892.9976816,139.744,21.584,218.251,1.0
45.0166,128.139048,37.864482,4893.8645328,137.974,21.575,218.226,1.0
45.0333,128.139025,37.864459,4894.7274216,136.193,21.565,218.2,1.0
45.05,128.139003,37.864436,4895.586348000001,134.4,21.553,218.172,1.0
45.0666,128.138981,37.864413,4896.441312000001,132.597,21.54,218.143,1.0
45.0833,128.138958,37.86439,4897.292618400001,130.783,21.525,218.112,1.0
45.1,128.138936,37.864367,4898.1399624000005,128.96,21.508,218.081,1.0
45.1166,128.138913,37.864344,4898.983344,127.127,21.49,218.048,1.0
45.1333,128.138891,37.864321,4899.8233728000005,125.285,21.469,218.014,1.0
45.15,128.138868,37.864298,4900.6597440000005,123.434,21.447,217.98,1.0
45.1666,128.138846,37.864275,4901.4927624,121.574,21.422,217.944,1.0
45.1833,128.138823,37.864252,4902.3221232000005,119.707,21.395,217.908,1.0
45.2,128.1388,37.864229,4903.1481312000005,117.832,21.366,217.872,1.0
45.2166,128.138778,37.864206,4903.9710912,115.949,21.334,217.834,1.0
45.2333,128.138755,37.864184,4904.7903936,114.062,21.297,217.804,1.0
45.25,128.138732,37.864161,4905.606648,112.174,21.253,217.786,1.0
45.2666,128.138709,37.864138,4906.4198544,110.283,21.202,217.781,1.0
45.2833,128.138686,37.864115,4907.2303176000005,108.391,21.146,217.788,1.0
45.3,128.138664,37.864092,4908.037428000001,106.496,21.085,217.804,1.0
45.3166,128.138641,37.86407,4908.8421,104.599,21.021,217.83,1.0
45.3333,128.138618,37.864047,4909.643724,102.703,20.952,217.872,1.0
45.35,128.138595,37.864024,4910.4429096,100.81,20.878,217.938,1.0
45.3666,128.138571,37.864001,4911.2396568,98.923,20.799,218.03,1.0
45.3833,128.138548,37.863979,4912.033965600001,97.04,20.718,218.147,1.0
45.4,128.138525,37.863956,4912.825836,95.161,20.636,218.284,1.0
45.4166,128.138502,37.863934,4913.6155728,93.285,20.554,218.44,1.0
45.4333,128.138478,37.863911,4914.4034808,91.415,20.473,218.622,1.0
45.45,128.138455,37.863888,4915.189560000001,89.555,20.395,218.835,1.0
45.4666,128.138432,37.863866,4915.9741152,87.702,20.321,219.076,1.0
45.4833,128.138408,37.863843,4916.7574512,85.856,20.252,219.341,1.0
45.5,128.138385,37.863821,4917.5392632,84.016,20.189,219.629,1.0
45.5166,128.138361,37.863799,4918.3204656,82.18,20.134,219.934,1.0
45.5333,128.138337,37.863776,4919.1010584000005,80.35,20.087,220.265,1.0
45.55,128.138313,37.863754,4919.881041600001,78.523,20.05,220.618,1.0
45.5666,128.13829,37.863732,4920.6613296000005,76.697,20.022,220.986,1.0
45.5833,128.138266,37.86371,4921.4416176,74.869,20.005,221.366,1.0
45.6,128.138242,37.863687,4922.2225152,73.037,19.998,221.754,1.0
45.6166,128.138218,37.863665,4923.0043272,71.201,20.0,222.146,1.0
45.6333,128.138193,37.863643,4923.7873584,69.359,20.014,222.543,1.0
45.65,128.138169,37.863621,4924.5719136,67.512,20.038,222.943,1.0
45.6666,128.138145,37.863599,4925.3582976,65.658,20.074,223.343,1.0
45.6833,128.138121,37.863578,4926.1471200000005,63.797,20.12,223.74,1.0
45.7,128.138096,37.863556,4926.9383808,61.928,20.177,224.133,1.0
45.7166,128.138072,37.863534,4927.7326896,60.052,20.245,224.52,1.0
45.7333,128.138047,37.863512,4928.5300464,58.17,20.324,224.9,1.0
45.75,128.138023,37.863491,4929.3313656,56.282,20.414,225.272,1.0
45.7666,128.137998,37.863469,4930.1366472,54.39,20.514,225.636,1.0
45.7833,128.137973,37.863448,4930.946196000001,52.494,20.625,225.988,1.0
45.8,128.137948,37.863426,4931.7603168000005,50.597,20.746,226.33,1.0
45.8166,128.137923,37.863405,4932.579314400001,48.699,20.877,226.659,1.0
45.8333,128.137898,37.863383,4933.4022744,46.906,21.006,226.975,1.0
45.85,128.137873,37.863362,4934.2291968,45.214,21.13,227.272,1.0
45.8666,128.137848,37.863341,4935.060081600001,43.621,21.241,227.545,1.0
45.8833,128.137823,37.86332,4935.894319200001,42.123,21.334,227.787,1.0
45.9,128.137798,37.863299,4936.7316048,40.717,21.403,227.994,1.0
45.9166,128.137773,37.863278,4937.5719384,39.405,21.452,228.169,1.0
45.9333,128.137748,37.863257,4938.4147104,38.187,21.483,228.318,1.0
45.95,128.137723,37.863236,4939.259616,37.063,21.501,228.444,1.0
45.9666,128.137698,37.863215,4940.1066552,36.031,21.509,228.55,1.0
45.9833,128.137673,37.863194,4940.9552184,35.091,21.508,228.641,1.0
46.0,128.137647,37.863173,4941.804696,34.24,21.501,228.718,1.0
46.0166,128.137622,37.863152,4942.655088,33.477,21.49,228.785,1.0
46.0333,128.137597,37.863131,4943.5076136,32.7,21.481,228.831,1.0
46.05,128.137572,37.86311,4944.3622728,31.908,21.474,228.858,1.0
46.0666,128.137546,37.86309,4945.2196752,31.1,21.471,228.871,1.0
46.0833,128.137521,37.863069,4946.0801256,30.273,21.47,228.871,1.0
46.1,128.137496,37.863048,4946.9442336,29.426,21.47,228.861,1.0
46.1166,128.137471,37.863028,4947.8119992,28.558,21.472,228.842,1.0
46.1333,128.137445,37.863007,4948.6843368,27.668,21.475,228.817,1.0
46.15,128.13742,37.862986,4949.5615512,26.757,21.478,228.785,1.0
46.1666,128.137395,37.862966,4950.4439472,25.823,21.482,228.749,1.0
46.1833,128.137369,37.862945,4951.331829600001,24.867,21.487,228.709,1.0
46.2,128.137344,37.862925,4952.225808,23.889,21.492,228.665,1.0
46.2166,128.137318,37.862905,4953.1261872000005,22.89,21.497,228.619,1.0
46.2333,128.137293,37.862884,4954.0320528,21.868,21.503,228.57,1.0
46.25,128.137268,37.862864,4954.9437096,20.826,21.509,228.52,1.0
46.2666,128.137242,37.862844,4955.8614624,19.763,21.514,228.467,1.0
46.2833,128.137217,37.862824,4956.7847016000005,18.68,21.52,228.413,1.0
46.3,128.137192,37.862804,4957.713732,17.576,21.526,228.358,1.0
46.3166,128.137166,37.862784,4958.6482488,16.454,21.533,228.302,1.0
46.3333,128.137141,37.862764,4959.5885568,15.312,21.539,228.245,1.0
46.35,128.137116,37.862744,4960.5343512,14.153,21.545,228.187,1.0
46.3666,128.13709,37.862724,4961.4853272,12.975,21.551,228.128,1.0
46.3833,128.137065,37.862704,4962.4420944,11.78,21.557,228.069,1.0
46.4,128.13704,37.862684,4963.4037384,10.568,21.563,228.008,1.0
46.4166,128.137015,37.862664,4964.3711736000005,9.339,21.569,227.948,1.0
46.4333,128.136989,37.862644,4965.3431808,8.095,21.574,227.886,1.0
46.45,128.136964,37.862624,4966.3206744,6.836,21.578,227.824,1.0
46.4666,128.136939,37.862605,4967.3030448,5.562,21.582,227.762,1.0
46.4833,128.136914,37.862585,4968.290292000001,4.273,21.585,227.7,1.0
46.5,128.136889,37.862565,4969.282416,2.971,21.588,227.637,1.0
46.5166,128.136864,37.862546,4970.279112,1.657,21.591,227.574,1.0
46.5333,128.136839,37.862526,4971.2806848,0.329,21.592,227.51,1.0
46.55,128.136814,37.862507,4972.286829600001,-1.01,21.592,227.447,1.0
46.5666,128.136789,37.862487,4973.2972416,-2.361,21.591,227.383,1.0
46.5833,128.136764,37.862467,4974.311920800001,-3.723,21.589,227.32,1.0
46.6,128.136739,37.862448,4975.331172,-5.096,21.587,227.256,1.0
46.6166,128.136714,37.862428,4976.3543856,-6.48,21.583,227.193,1.0
46.6333,128.136689,37.862409,4977.3818664,-7.873,21.578,227.129,1.0
46.65,128.136664,37.862389,4978.413004800001,-9.276,21.572,227.066,1.0
46.6666,128.136639,37.86237,4979.4481056,-10.688,21.564,227.003,1.0
46.6833,128.136614,37.862351,4980.486864,-12.108,21.555,226.94,1.0
46.7,128.13659,37.862331,4981.529280000001,-13.537,21.545,226.878,1.0
46.7166,128.136565,37.862312,4982.5753536,-14.974,21.535,226.816,1.0
46.7333,128.13654,37.862292,4983.6244752,-16.419,21.522,226.755,1.0
46.75,128.136516,37.862273,4984.6769496,-17.871,21.508,226.694,1.0
46.7666,128.136491,37.862254,4985.732472,-19.33,21.492,226.634,1.0
46.7833,128.136466,37.862234,4986.7910424,-20.796,21.475,226.575,1.0
46.8,128.136442,37.862215,4987.852356,-22.268,21.457,226.516,1.0
46.8166,128.136418,37.862195,4988.9167176,-23.747,21.438,226.458,1.0
46.8333,128.136393,37.862176,4989.9832128,-25.232,21.418,226.401,1.0
46.85,128.136369,37.862157,4991.0524512,-26.722,21.395,226.345,1.0
46.8666,128.136344,37.862137,4992.124128,-28.218,21.372,226.29,1.0
46.8833,128.13632,37.862118,4993.1976336,-29.719,21.347,226.237,1.0
46.9,128.136296,37.862099,4994.2735776,-31.225,21.321,226.184,1.0
46.9166,128.136272,37.862079,4995.3510456,-32.736,21.294,226.133,1.0
46.9333,128.136248,37.86206,4996.430647200001,-34.251,21.266,226.083,1.0
46.95,128.136224,37.862041,4997.5117728000005,-35.771,21.236,226.034,1.0
46.9666,128.1362,37.862021,4998.5941176,-37.295,21.204,225.987,1.0
46.9833,128.136176,37.862002,4999.6779864,-38.823,21.172,225.942,1.0
47.0,128.136152,37.861983,5000.763074400001,-40.355,21.139,225.898,1.0
47.0166,128.136128,37.861963,5001.8493816,-41.89,21.105,225.856,1.0
47.0333,128.136104,37.861944,5002.9366032,-43.432,21.076,225.809,1.0
47.05,128.13608,37.861925,5004.0247392,-44.982,21.056,225.754,1.0
47.0666,128.136057,37.861905,5005.1137896,-46.541,21.049,225.685,1.0
47.0833,128.136033,37.861886,5006.203449600001,-48.113,21.059,225.596,1.0
47.1,128.136009,37.861867,5007.294024000001,-49.698,21.089,225.481,1.0
47.1166,128.135986,37.861847,5008.385208,-51.299,21.14,225.338,1.0
47.1333,128.135962,37.861828,5009.4770016,-52.915,21.208,225.168,1.0
47.15,128.135939,37.861808,5010.569100000001,-54.544,21.291,224.973,1.0
47.1666,128.135915,37.861789,5011.661808,-56.184,21.385,224.756,1.0
47.1833,128.135892,37.861769,5012.7548208,-57.835,21.486,224.519,1.0
47.2,128.135869,37.86175,5013.847833600001,-59.495,21.593,224.264,1.0
47.2166,128.135846,37.86173,5014.9414560000005,-61.162,21.702,223.994,1.0
47.2333,128.135823,37.861711,5016.0347736,-62.834,21.812,223.711,1.0
47.25,128.1358,37.861691,5017.1280912,-64.509,21.921,223.415,1.0
47.2666,128.135777,37.861672,5018.2214088,-66.188,22.027,223.11,1.0
47.2833,128.135754,37.861652,5019.3141168,-67.868,22.129,222.795,1.0
47.3,128.135731,37.861633,5020.4068248,-69.548,22.225,222.472,1.0
47.3166,128.135708,37.861613,5021.498923200001,-71.228,22.316,222.142,1.0
47.3333,128.135685,37.861594,5022.590412,-72.906,22.398,221.809,1.0
47.35,128.135663,37.861574,5023.680986400001,-74.581,22.473,221.473,1.0
47.3666,128.13564,37.861554,5024.7706464,-76.253,22.539,221.134,1.0
47.3833,128.135618,37.861535,5025.859392,-77.921,22.596,220.794,1.0
47.4,128.135595,37.861515,5026.9466136,-79.584,22.643,220.453,1.0
47.4166,128.135573,37.861495,5028.0326159999995,-81.241,22.681,220.112,1.0
47.4333,128.135551,37.861475,5029.1170944,-82.893,22.709,219.773,1.0
47.45,128.135529,37.861455,5030.199744,-84.538,22.727,219.436,1.0
47.4666,128.135507,37.861436,5031.2805648,-86.175,22.735,219.102,1.0
47.4833,128.135485,37.861416,5032.3589472,-87.805,22.733,218.77,1.0
47.5,128.135463,37.861396,5033.435196,-89.428,22.722,218.442,1.0
47.5166,128.135441,37.861376,5034.5090064000005,-91.042,22.7,218.117,1.0
47.5333,128.135419,37.861356,5035.5800736,-92.648,22.67,217.797,1.0
47.55,128.135397,37.861336,5036.648397600001,-94.245,22.63,217.482,1.0
47.5666,128.135376,37.861316,5037.7136736,-95.833,22.58,217.173,1.0
47.5833,128.135354,37.861295,5038.7755968,-97.411,22.522,216.869,1.0
47.6,128.135333,37.861275,5039.8338624,-98.981,22.455,216.571,1.0
47.6166,128.135311,37.861255,5040.8887752,-100.541,22.38,216.277,1.0
47.6333,128.13529,37.861235,5041.9397256,-102.088,22.297,215.997,1.0
47.65,128.135269,37.861215,5042.9867136,-103.622,22.209,215.735,1.0
47.6666,128.135247,37.861194,5044.029434399999,-105.137,22.119,215.499,1.0
47.6833,128.135226,37.861174,5045.0678880000005,-106.634,22.028,215.296,1.0
47.7,128.135205,37.861154,5046.102074400001,-108.109,21.94,215.13,1.0
47.7166,128.135184,37.861133,5047.131384000001,-109.565,21.856,214.998,1.0
47.7333,128.135163,37.861113,5048.1564264,-110.917,21.782,214.889,1.0
47.75,128.135142,37.861092,5049.1772016,-112.172,21.718,214.798,1.0
47.7666,128.135122,37.861072,5050.1940144,-113.33,21.662,214.722,1.0
47.7833,128.135101,37.861051,5051.2068648,-114.393,21.614,214.658,1.0
47.8,128.13508,37.861031,5052.2157528,-115.364,21.571,214.606,1.0
47.8166,128.135059,37.86101,5053.221288000001,-116.245,21.533,214.563,1.0
47.8333,128.135039,37.860989,5054.2237752,-117.036,21.5,214.532,1.0
47.85,128.135018,37.860969,5055.223214400001,-117.739,21.471,214.512,1.0
47.8666,128.134997,37.860948,5056.219910400001,-118.357,21.447,214.502,1.0
47.8833,128.134976,37.860928,5057.213863200001,-118.892,21.426,214.5,1.0
47.9,128.134956,37.860907,5058.205987200001,-119.348,21.407,214.504,1.0
47.9166,128.134935,37.860886,5059.1959776,-119.726,21.391,214.515,1.0
47.9333,128.134914,37.860866,5060.1844439999995,-120.029,21.376,214.531,1.0
47.95,128.134894,37.860845,5061.1713864,-120.258,21.362,214.552,1.0
47.9666,128.134873,37.860824,5062.157414400001,-120.417,21.349,214.578,1.0
47.9833,128.134852,37.860804,5063.1428328,-120.507,21.336,214.607,1.0
48.0,128.134831,37.860783,5064.1276416,-120.53,21.324,214.639,1.0
48.0166,128.13481,37.860762,5065.1121456,-120.49,21.313,214.674,1.0
48.0333,128.13479,37.860742,5066.0957352,-120.387,21.301,214.712,1.0
48.05,128.134769,37.860721,5067.079020000001,-120.225,21.29,214.752,1.0
48.0666,128.134748,37.8607,5068.0613904,-120.004,21.279,214.794,1.0
48.0833,128.134727,37.86068,5069.043760800001,-119.727,21.268,214.838,1.0
48.1,128.134706,37.860659,5070.0252168,-119.395,21.256,214.883,1.0
48.1166,128.134685,37.860639,5071.0060632,-119.011,21.245,214.929,1.0
48.1333,128.134664,37.860618,5071.9863000000005,-118.575,21.234,214.976,1.0
48.15,128.134643,37.860597,5072.9659272,-118.09,21.222,215.024,1.0
48.1666,128.134622,37.860577,5073.94464,-117.557,21.21,215.073,1.0
48.1833,128.134601,37.860556,5074.9227432,-116.977,21.199,215.123,1.0
48.2,128.13458,37.860536,5075.9002368,-116.352,21.187,215.173,1.0
48.2166,128.134559,37.860515,5076.876816,-115.683,21.175,215.224,1.0
48.2333,128.134538,37.860494,5077.8527856,-114.972,21.162,215.275,1.0
48.25,128.134516,37.860474,5078.827536,-114.22,21.15,215.327,1.0
48.2666,128.134495,37.860453,5079.8016768,-113.428,21.138,215.379,1.0
48.2833,128.134474,37.860433,5080.7749032,-112.598,21.126,215.431,1.0
48.3,128.134453,37.860412,5081.7469104,-111.729,21.114,215.484,1.0
48.3166,128.134431,37.860391,5082.7180032,-110.824,21.101,215.536,1.0
48.3333,128.13441,37.860371,5083.6887912,-109.884,21.089,215.589,1.0
48.35,128.134389,37.86035,5084.6586648,-108.91,21.077,215.643,1.0
48.3666,128.134367,37.86033,5085.627319200001,-107.903,21.065,215.697,1.0
48.3833,128.134346,37.860309,5086.595364000001,-106.863,21.053,215.752,1.0
48.4,128.134325,37.860289,5087.5621896,-105.791,21.042,215.806,1.0
48.4166,128.134303,37.860268,5088.5281008,-104.688,21.03,215.862,1.0
48.4333,128.134282,37.860247,5089.492792800001,-103.556,21.018,215.917,1.0
48.45,128.13426,37.860227,5090.456265600001,-102.394,21.006,215.973,1.0
48.4666,128.134239,37.860206,5091.418824,-101.203,20.994,216.029,1.0
48.4833,128.134217,37.860186,5092.3798584,-99.985,20.981,216.085,1.0
48.5,128.134195,37.860165,5093.3399784,-98.74,20.969,216.141,1.0
48.5166,128.134174,37.860145,5094.298574400001,-97.468,20.956,216.198,1.0
48.5333,128.134152,37.860124,5095.255646400001,-96.171,20.943,216.255,1.0
48.55,128.13413,37.860103,5096.2114992,-94.848,20.929,216.312,1.0
48.5666,128.134108,37.860083,5097.1655232,-93.502,20.915,216.369,1.0
48.5833,128.134087,37.860062,5098.1183280000005,-92.131,20.9,216.427,1.0
48.6,128.134065,37.860042,5099.0696088,-90.737,20.885,216.484,1.0
48.6166,128.134043,37.860021,5100.0190608,-89.321,20.87,216.542,1.0
48.6333,128.134021,37.86,5100.966684000001,-87.883,20.854,216.6,1.0
48.65,128.133999,37.85998,5101.9127832,-86.424,20.837,216.658,1.0
48.6666,128.133977,37.859959,5102.8570536,-84.945,20.82,216.716,1.0
48.6833,128.133955,37.859939,5103.7994952,-83.445,20.803,216.775,1.0
48.7,128.133933,37.859918,5104.740108,-81.926,20.784,216.834,1.0
48.7166,128.133911,37.859897,5105.678892000001,-80.388,20.766,216.892,1.0
48.7333,128.133889,37.859877,5106.615542400001,-78.832,20.746,216.951,1.0
48.75,128.133867,37.859856,5107.5500592,-77.258,20.726,217.01,1.0
48.7666,128.133845,37.859835,5108.482747200001,-75.667,20.706,217.069,1.0
48.7833,128.133823,37.859815,5109.412996800001,-74.059,20.684,217.128,1.0
48.8,128.133801,37.859794,5110.341417600001,-72.436,20.662,217.188,1.0
48.8166,128.133779,37.859773,5111.267400000001,-70.797,20.64,217.247,1.0
48.8333,128.133756,37.859753,5112.1915536,-69.143,20.616,217.307,1.0
48.85,128.133734,37.859732,5113.112964,-67.475,20.592,217.366,1.0
48.8666,128.133712,37.859711,5114.0322408,-65.792,20.568,217.426,1.0
48.8833,128.133689,37.859691,5114.9493840000005,-64.097,20.542,217.486,1.0
48.9,128.133667,37.85967,5115.863784000001,-62.388,20.516,217.546,1.0
48.9166,128.133645,37.859649,5116.776050400001,-60.668,20.489,217.605,1.0
48.9333,128.133622,37.859628,5117.685878400001,-58.935,20.462,217.665,1.0
48.95,128.1336,37.859608,5118.5929632,-57.191,20.433,217.725,1.0
48.9666,128.133577,37.859587,5119.4976096,-55.436,20.404,217.785,1.0
48.9833,128.133555,37.859566,5120.3998176000005,-53.671,20.374,217.845,1.0
49.0,128.133532,37.859545,5121.2992824,-51.896,20.343,217.905,1.0
49.0166,128.13351,37.859525,5122.1963088,-50.112,20.312,217.965,1.0
49.0333,128.133487,37.859504,5123.0905920000005,-48.32,20.284,218.02,1.0
49.05,128.133465,37.859483,5123.9824368,-46.522,20.26,218.069,1.0
49.0666,128.133442,37.859462,5124.871538400001,-44.718,20.24,218.112,1.0
49.0833,128.133419,37.859442,5125.758201600001,-42.908,20.224,218.152,1.0
49.1,128.133397,37.859421,5126.6421216,-41.092,20.211,218.188,1.0
49.1166,128.133374,37.8594,5127.5232983999995,-39.27,20.2,218.222,1.0
49.1333,128.133351,37.859379,5128.4020368,-37.444,20.197,218.249,1.0
49.15,128.133329,37.859358,5129.2783368,-35.617,20.208,218.266,1.0
49.1666,128.133306,37.859337,5130.1521984,-33.788,20.235,218.272,1.0
49.1833,128.133283,37.859316,5131.0236216,-31.957,20.275,218.269,1.0
49.2,128.13326,37.859295,5131.892606400001,-30.125,20.328,218.261,1.0
49.2166,128.133238,37.859275,5132.7594576,-28.291,20.391,218.248,1.0
49.2333,128.133215,37.859254,5133.6244799999995,-26.457,20.471,218.228,1.0
49.25,128.133192,37.859233,5134.487673600001,-24.624,20.573,218.2,1.0
49.2666,128.133169,37.859212,5135.348733600001,-22.792,20.697,218.165,1.0
49.2833,128.133146,37.859191,5136.2085744000005,-20.962,20.84,218.127,1.0
49.3,128.133123,37.85917,5137.0665864,-19.133,20.998,218.087,1.0
49.3166,128.1331,37.859149,5137.923074400001,-17.306,21.17,218.048,1.0
49.3333,128.133078,37.859128,5138.7783432,-15.483,21.361,218.009,1.0
49.35,128.133055,37.859107,5139.6330024,-13.664,21.577,217.969,1.0
49.3666,128.133032,37.859085,5140.486442400001,-11.85,21.814,217.932,1.0
49.3833,128.133009,37.859064,5141.338968,-10.042,22.07,217.898,1.0
49.4,128.132986,37.859043,5142.1911887999995,-8.239,22.34,217.871,1.0
49.4166,128.132963,37.859022,5143.0428,-6.444,22.621,217.851,1.0
49.4333,128.13294,37.859001,5143.894411200001,-4.656,22.917,217.839,1.0
49.45,128.132917,37.85898,5144.746022400001,-2.876,23.225,217.837,1.0
49.4666,128.132894,37.858959,5145.5976336,-1.107,23.544,217.845,1.0
49.4833,128.132871,37.858938,5146.4492448,0.651,23.868,217.866,1.0
49.5,128.132848,37.858916,5147.3017704,2.399,24.197,217.898,1.0
49.5166,128.132825,37.858895,5148.1546008000005,4.133,24.528,217.944,1.0
49.5333,128.132802,37.858874,5149.0080408,5.853,24.859,218.002,1.0
49.55,128.132779,37.858853,5149.8623952,7.558,25.188,218.074,1.0
49.5666,128.132756,37.858832,5150.717968800001,9.246,25.513,218.159,1.0
49.5833,128.132733,37.85881,5151.574456800001,10.916,25.835,218.258,1.0
49.6,128.13271,37.858789,5152.432468800001,12.567,26.151,218.37,1.0
49.6166,128.132687,37.858768,5153.291700000001,14.197,26.46,218.494,1.0
49.6333,128.132664,37.858747,5154.1536744,15.753,26.764,218.628,1.0
49.65,128.132641,37.858725,5155.018392000001,17.233,27.06,218.771,1.0
49.6666,128.132618,37.858704,5155.8864624,18.642,27.35,218.923,1.0
49.6833,128.132595,37.858683,5156.7588000000005,19.982,27.632,219.085,1.0
49.7,128.132572,37.858662,5157.6351,21.258,27.907,219.256,1.0
49.7166,128.132549,37.85864,5158.5165816,22.472,28.174,219.437,1.0
49.7333,128.132526,37.858619,5159.4032448,23.585,28.434,219.625,1.0
49.75,128.132503,37.858598,5160.2953944,24.602,28.687,219.82,1.0
49.7666,128.13248,37.858577,5161.1939448,25.527,28.934,220.021,1.0
49.7833,128.132456,37.858556,5162.0992008,26.367,29.174,220.229,1.0
49.8,128.132433,37.858535,5163.0111624,27.128,29.407,220.445,1.0
49.8166,128.13241,37.858514,5163.9298296,27.815,29.633,220.666,1.0
49.8333,128.132387,37.858493,5164.8564216,28.418,29.853,220.894,1.0
49.85,128.132364,37.858472,5165.790328800001,28.943,30.068,221.126,1.0
49.8666,128.132341,37.858451,5166.7306368,29.395,30.277,221.363,1.0
49.8833,128.132318,37.85843,5167.6773456,29.78,30.48,221.604,1.0
49.9,128.132294,37.858409,5168.6304552,30.103,30.679,221.849,1.0
49.9166,128.132271,37.858389,5169.589356,30.369,30.872,222.098,1.0
49.9333,128.132248,37.858368,5170.5549624,30.58,31.062,222.349,1.0
49.95,128.132225,37.858347,5171.526360000001,30.739,31.247,222.603,1.0
49.9666,128.132201,37.858326,5172.5032439999995,30.851,31.428,222.858,1.0
49.9833,128.132178,37.858306,5173.4859192,30.921,31.606,223.115,1.0
50.0,128.132155,37.858285,5174.4743856000005,30.951,31.78,223.372,1.0
50.0166,128.132131,37.858265,5175.468033600001,30.945,31.952,223.629,1.0
50.0333,128.132108,37.858244,5176.4668632,30.907,32.12,223.886,1.0
50.05,128.132085,37.858224,5177.471179200001,30.84,32.285,224.142,1.0
50.0666,128.132061,37.858203,5178.4806768,30.746,32.448,224.396,1.0
50.0833,128.132038,37.858183,5179.495356,30.629,32.609,224.649,1.0
50.1,128.132014,37.858162,5180.514912,30.491,32.767,224.899,1.0
50.1166,128.131991,37.858142,5181.5399544,30.333,32.924,225.146,1.0
50.1333,128.131968,37.858122,5182.569264000001,30.162,33.078,225.391,1.0
50.15,128.131944,37.858102,5183.603755200001,29.98,33.231,225.632,1.0
50.1666,128.131921,37.858081,5184.6431232,29.787,33.382,225.871,1.0
50.1833,128.131897,37.858061,5185.687672800001,29.587,33.532,226.105,1.0
50.2,128.131874,37.858041,5186.7370992,29.381,33.68,226.336,1.0
50.2166,128.13185,37.858021,5187.7914024,29.171,33.827,226.563,1.0
50.2333,128.131827,37.858001,5188.849668,28.963,33.972,226.786,1.0
50.25,128.131803,37.85798,5189.913115200001,28.761,34.116,227.005,1.0
50.2666,128.13178,37.85796,5190.9811344,28.563,34.259,227.221,1.0
50.2833,128.131756,37.85794,5192.0537256,28.372,34.401,227.432,1.0
50.3,128.131732,37.85792,5193.1314984,28.188,34.541,227.639,1.0
50.3166,128.131709,37.8579,5194.2144528,28.011,34.681,227.842,1.0
50.3333,128.131685,37.85788,5195.30076,27.851,34.82,228.041,1.0
50.35,128.131662,37.857861,5196.391944,27.708,34.957,228.236,1.0
50.3666,128.131638,37.857841,5197.4880048,27.581,35.093,228.427,1.0
50.3833,128.131614,37.857821,5198.588332800001,27.471,35.228,228.614,1.0
50.4,128.131591,37.857801,5199.693842400001,27.378,35.362,228.797,1.0
50.4166,128.131567,37.857781,5200.803924000001,27.301,35.495,228.976,1.0
50.4333,128.131543,37.857761,5201.9176632,27.247,35.627,229.152,1.0
50.45,128.13152,37.857742,5203.0362792000005,27.217,35.757,229.324,1.0
50.4666,128.131496,37.857722,5204.1594672,27.208,35.886,229.492,1.0
50.4833,128.131472,37.857702,5205.2872272,27.22,36.014,229.658,1.0
50.5,128.131449,37.857683,5206.419559200001,27.252,36.14,229.82,1.0
50.5166,128.131425,37.857663,5207.5570728,27.303,36.266,229.979,1.0
50.5333,128.131401,37.857644,5208.698244,27.377,36.39,230.135,1.0
50.55,128.131377,37.857624,5209.8445968000005,27.472,36.512,230.289,1.0
50.5666,128.131354,37.857605,5210.9955216,27.588,36.633,230.441,1.0
50.5833,128.13133,37.857585,5212.1510184,27.722,36.753,230.59,1.0
50.6,128.131306,37.857566,5213.3116968,27.874,36.872,230.737,1.0
50.6166,128.131282,37.857546,5214.477252000001,28.042,36.989,230.883,1.0
50.6333,128.131259,37.857527,5215.647379200001,28.226,37.104,231.026,1.0
50.65,128.131235,37.857508,5216.822992800001,28.425,37.218,231.168,1.0
50.6666,128.131211,37.857488,5218.0031784,28.637,37.331,231.309,1.0
50.6833,128.131187,37.857469,5219.1885456,28.862,37.443,231.449,1.0
50.7,128.131163,37.85745,5220.3790944,29.098,37.553,231.587,1.0
50.7166,128.13114,37.857431,5221.574520000001,29.344,37.661,231.725,1.0
50.7333,128.131116,37.857412,5222.7757368,29.597,37.769,231.862,1.0
50.75,128.131092,37.857393,5223.9821352,29.855,37.875,231.999,1.0
50.7666,128.131068,37.857374,5225.194020000001,30.119,37.98,232.135,1.0
50.7833,128.131044,37.857355,5226.4107816000005,30.387,38.083,232.27,1.0
50.8,128.13102,37.857336,5227.6333343999995,30.659,38.186,232.406,1.0
50.8166,128.130997,37.857317,5228.860764,30.933,38.287,232.542,1.0
50.8333,128.130973,37.857298,5230.0945944000005,31.207,38.387,232.678,1.0
50.85,128.130949,37.85728,5231.333301600001,31.478,38.486,232.814,1.0
50.8666,128.130925,37.857261,5232.5778,31.747,38.584,232.95,1.0
50.8833,128.130901,37.857242,5233.8277848,32.014,38.681,233.087,1.0
50.9,128.130877,37.857223,5235.083256000001,32.278,38.778,233.225,1.0
50.9166,128.130853,37.857205,5236.3442136,32.54,38.873,233.363,1.0
50.9333,128.13083,37.857186,5237.6112672,32.795,38.967,233.501,1.0
50.95,128.130806,37.857168,5238.8835024,33.043,39.061,233.641,1.0
50.9666,128.130782,37.85715,5240.161224,33.284,39.154,233.781,1.0
50.9833,128.130758,37.857131,5241.4447368,33.52,39.246,233.922,1.0
51.0,128.130734,37.857113,5242.7334312,33.749,39.338,234.064,1.0
51.0166,128.13071,37.857095,5244.0279168,33.973,39.429,234.206,1.0
51.0333,128.130686,37.857076,5245.3278887999995,34.189,39.519,234.35,1.0
51.05,128.130662,37.857058,5246.633652,34.396,39.609,234.494,1.0
51.0666,128.130638,37.85704,5247.944596800001,34.595,39.698,234.64,1.0
51.0833,128.130614,37.857022,5249.261028000001,34.787,39.787,234.786,1.0
51.1,128.13059,37.857004,5250.5826408,34.973,39.876,234.933,1.0
51.1166,128.130566,37.856986,5251.90974,35.152,39.964,235.081,1.0
51.1333,128.130543,37.856968,5253.2429352,35.324,40.052,235.23,1.0
51.15,128.130519,37.85695,5254.581312,35.488,40.139,235.38,1.0
51.1666,128.130495,37.856933,5255.9251752,35.646,40.226,235.53,1.0
51.1833,128.130471,37.856915,5257.274524800001,35.798,40.312,235.681,1.0
51.2,128.130447,37.856897,5258.629056000001,35.944,40.399,235.833,1.0
51.2166,128.130423,37.85688,5259.989073600001,36.086,40.485,235.986,1.0
51.2333,128.130399,37.856862,5261.3545776,36.223,40.571,236.139,1.0
51.25,128.130375,37.856845,5262.7249584,36.354,40.657,236.293,1.0
51.2666,128.130351,37.856827,5264.1011304,36.482,40.742,236.448,1.0
51.2833,128.130326,37.85681,5265.482179200001,36.606,40.828,236.603,1.0
51.3,128.130302,37.856792,5266.868409600001,36.727,40.913,236.759,1.0
51.3166,128.130278,37.856775,5268.2601264,36.845,40.998,236.915,1.0
51.3333,128.130254,37.856758,5269.656720000001,36.96,41.083,237.072,1.0
51.35,128.13023,37.856741,5271.0584952,37.074,41.168,237.229,1.0
51.3666,128.130206,37.856724,5272.465452,37.186,41.253,237.387,1.0
51.3833,128.130182,37.856706,5273.8772856000005,37.296,41.338,237.545,1.0
51.4,128.130158,37.856689,5275.2943008,37.406,41.423,237.704,1.0
51.4166,128.130134,37.856672,5276.7164976,37.515,41.508,237.863,1.0
51.4333,128.13011,37.856656,5278.1435712,37.624,41.593,238.022,1.0
51.4499,128.130086,37.856639,5279.5755216,37.734,41.678,238.181,1.0
51.4666,128.130062,37.856622,5281.0126536,37.844,41.762,238.341,1.0
51.4833,128.130038,37.856605,5282.4543576,37.954,41.847,238.501,1.0
51.5,128.130013,37.856588,5283.9012432,38.066,41.932,238.662,1.0
51.5166,128.129989,37.856572,5285.353005600001,38.178,42.016,238.822,1.0
51.5333,128.129965,37.856555,5286.8096448,38.293,42.1,238.983,1.0
51.55,128.129941,37.856539,5288.270856000001,38.408,42.185,239.144,1.0
51.5666,128.129917,37.856522,5289.7372488,38.526,42.269,239.306,1.0
51.5833,128.129893,37.856506,5291.2082136,38.646,42.353,239.467,1.0
51.6,128.129869,37.856489,5292.68436,38.768,42.437,239.629,1.0
51.6166,128.129844,37.856473,5294.1647736,38.891,42.521,239.791,1.0
51.6333,128.12982,37.856457,5295.6503688,39.018,42.605,239.953,1.0
51.65,128.129796,37.856441,5297.140536,39.146,42.689,240.115,1.0
51.6666,128.129772,37.856424,5298.635275199999,39.277,42.773,240.278,1.0
51.6833,128.129748,37.856408,5300.1348912,39.41,42.856,240.441,1.0
51.6999,128.129723,37.856392,5301.639384000001,39.546,42.94,240.604,1.0
51.7166,128.129699,37.856376,5303.1484488,39.684,43.023,240.767,1.0
51.7333,128.129675,37.85636,5304.6620856,39.825,43.106,240.931,1.0
51.75,128.129651,37.856345,5306.1802944,39.968,43.189,241.095,1.0
51.7666,128.129627,37.856329,5307.70338,40.113,43.271,241.259,1.0
51.7833,128.129602,37.856313,5309.2310376000005,40.26,43.354,241.424,1.0
51.8,128.129578,37.856297,5310.7632672,40.41,43.436,241.588,1.0
51.8166,128.129554,37.856282,5312.3000688,40.562,43.518,241.754,1.0
51.8333,128.12953,37.856266,5313.8414424,40.716,43.6,241.919,1.0
51.85,128.129506,37.856251,5315.387388000001,40.872,43.682,242.085,1.0
51.8666,128.129481,37.856235,5316.937905600001,41.03,43.764,242.251,1.0
51.8833,128.129457,37.85622,5318.4929952,41.189,43.845,242.418,1.0
51.9,128.129433,37.856204,5320.0526568000005,41.35,43.926,242.585,1.0
51.9166,128.129409,37.856189,5321.6165856,41.513,44.007,242.752,1.0
51.9333,128.129384,37.856174,5323.185391200001,41.677,44.087,242.92,1.0
51.9499,128.12936,37.856159,5324.7584640000005,41.842,44.167,243.089,1.0
51.9666,128.129336,37.856144,5326.3361088,42.009,44.247,243.258,1.0
51.9833,128.129312,37.856129,5327.9180208,42.177,44.327,243.427,1.0
52.0,128.129287,37.856114,5329.5045048,42.346,44.407,243.597,1.0
52.0166,128.129263,37.856099,5331.0952560000005,42.515,44.486,243.768,1.0
52.0333,128.129239,37.856084,5332.690579200001,42.686,44.565,243.939,1.0
52.05,128.129214,37.856069,5334.290169600001,42.857,44.643,244.11,1.0
52.0666,128.12919,37.856054,5335.894332000001,43.029,44.722,244.282,1.0
52.0833,128.129166,37.856039,5337.5027616,43.201,44.8,244.455,1.0
52.1,128.129142,37.856025,5339.1154584000005,43.374,44.877,244.628,1.0
52.1166,128.129117,37.85601,5340.7324224,43.547,44.955,244.802,1.0
52.1333,128.129093,37.855996,5342.3536536,43.721,45.032,244.976,1.0
52.15,128.129069,37.855981,5343.979152000001,43.894,45.109,245.151,1.0
52.1666,128.129044,37.855967,5345.6092224,44.068,45.185,245.327,1.0
52.1833,128.12902,37.855952,5347.2432552,44.242,45.262,245.503,1.0
52.1999,128.128996,37.855938,5348.881555200001,44.416,45.337,245.68,1.0
52.2166,128.128972,37.855924,5350.5238176,44.59,45.413,245.858,1.0
52.2333,128.128947,37.85591,5352.170652000001,44.764,45.488,246.036,1.0
52.25,128.128923,37.855896,5353.8214488,44.938,45.563,246.215,1.0
52.2666,128.128899,37.855882,5355.4765128,45.111,45.638,246.394,1.0
52.2833,128.128874,37.855868,5357.1355392,45.285,45.712,246.574,1.0
52.3,128.12885,37.855854,5358.7988328,45.458,45.786,246.755,1.0
52.3166,128.128826,37.85584,5360.465784000001,45.632,45.86,246.936,1.0
52.3333,128.128801,37.855826,5362.1373072,45.805,45.933,247.118,1.0
52.35,128.128777,37.855812,5363.8124880000005,45.978,46.006,247.301,1.0
52.3666,128.128753,37.855799,5365.491936,46.151,46.079,247.484,1.0
52.3833,128.128729,37.855785,5367.1753464,46.323,46.152,247.668,1.0
52.4,128.128704,37.855772,5368.8627192,46.496,46.224,247.852,1.0
52.4166,128.12868,37.855758,5370.5540544000005,46.668,46.295,248.037,1.0
52.4333,128.128656,37.855745,5372.249352000001,46.841,46.367,248.223,1.0
52.45,128.128631,37.855731,5373.948307199999,47.013,46.438,248.41,1.0
52.4666,128.128607,37.855718,5375.651224800001,47.185,46.509,248.597,1.0
52.4833,128.128583,37.855705,5377.358104800001,47.357,46.579,248.784,1.0
52.5,128.128558,37.855692,5379.0689472,47.53,46.649,248.972,1.0
52.5166,128.128534,37.855679,5380.7834472,47.702,46.719,249.161,1.0
52.5333,128.12851,37.855666,5382.501604800001,47.875,46.789,249.351,1.0
52.55,128.128485,37.855653,5384.223724800001,48.047,46.858,249.541,1.0
52.5666,128.128461,37.85564,5385.9495024,48.22,46.926,249.731,1.0
52.5833,128.128437,37.855627,5387.6792424000005,48.393,46.995,249.923,1.0
52.6,128.128412,37.855614,5389.4123352,48.566,47.063,250.115,1.0
52.6166,128.128388,37.855601,5391.1493904,48.74,47.131,250.307,1.0
52.6333,128.128364,37.855589,5392.8901032,48.914,47.198,250.5,1.0
52.65,128.128339,37.855576,5394.6341688,49.088,47.265,250.694,1.0
52.6666,128.128315,37.855564,5396.3821968,49.263,47.332,250.888,1.0
52.6833,128.128291,37.855551,5398.1335776000005,49.438,47.398,251.082,1.0
52.7,128.128267,37.855539,5399.888616,49.613,47.464,251.278,1.0
52.7166,128.128242,37.855526,5401.647312,49.789,47.53,251.474,1.0
52.7333,128.128218,37.855514,5403.4093608,49.966,47.595,251.67,1.0
52.75,128.128194,37.855502,5405.1750672,50.143,47.66,251.867,1.0
52.7666,128.128169,37.85549,5406.9441264,50.32,47.724,252.064,1.0
52.7833,128.128145,37.855478,5408.7168432,50.498,47.788,252.263,1.0
52.8,128.128121,37.855466,5410.4929128,50.677,47.852,252.461,1.0
52.8166,128.128096,37.855454,5412.2723352,50.856,47.915,252.66,1.0
52.8333,128.128072,37.855442,5414.055110400001,51.036,47.978,252.86,1.0
52.85,128.128048,37.85543,5415.8415432,51.217,48.041,253.06,1.0
52.8666,128.128023,37.855418,5417.631024,51.398,48.103,253.261,1.0
52.8833,128.127999,37.855407,5419.4241624,51.58,48.165,253.462,1.0
52.9,128.127975,37.855395,5421.2203488,51.762,48.226,253.664,1.0
52.9166,128.127951,37.855383,5423.019888000001,51.945,48.287,253.866,1.0
52.9333,128.127926,37.855372,5424.8227799999995,52.129,48.348,254.069,1.0
52.95,128.127902,37.85536,5426.6290248000005,52.313,48.408,254.273,1.0
52.9666,128.127878,37.855349,5428.4383176,52.498,48.468,254.476,1.0
52.9833,128.127853,37.855338,5430.2509632,52.684,48.528,254.681,1.0
53.0,128.127829,37.855326,5432.066656800001,52.87,48.586,254.886,1.0
53.0166,128.127805,37.855315,5433.8853984,53.057,48.645,255.091,1.0
53.0333,128.127781,37.855304,5435.707492800001,53.245,48.703,255.297,1.0
53.05,128.127756,37.855293,5437.5326352,53.434,48.761,255.504,1.0
53.0666,128.127732,37.855282,5439.3611304,53.623,48.818,255.711,1.0
53.0833,128.127708,37.855271,5441.192368800001,53.812,48.875,255.918,1.0
53.1,128.127684,37.85526,5443.02696,54.002,48.931,256.126,1.0
53.1166,128.127659,37.855249,5444.8642944,54.193,48.987,256.335,1.0
53.1333,128.127635,37.855239,5446.7049816,54.385,49.043,256.544,1.0
53.15,128.127611,37.855228,5448.548412,54.577,49.098,256.753,1.0
53.1666,128.127586,37.855217,5450.3948904,54.77,49.153,256.963,1.0
53.1833,128.127562,37.855207,5452.244112,54.964,49.207,257.174,1.0
53.2,128.127538,37.855196,5454.0966864,55.158,49.26,257.385,1.0
53.2166,128.127514,37.855186,5455.9516992,55.352,49.314,257.597,1.0
53.2333,128.12749,37.855176,5457.810064800001,55.548,49.366,257.809,1.0
53.25,128.127465,37.855165,5459.670868800001,55.744,49.419,258.021,1.0
53.2666,128.127441,37.855155,5461.534720799999,55.94,49.471,258.234,1.0
53.2833,128.127417,37.855145,5463.401620799999,56.138,49.522,258.448,1.0
53.3,128.127393,37.855135,5465.2709592,56.335,49.573,258.662,1.0
53.3166,128.127368,37.855125,5467.1433456,56.534,49.623,258.877,1.0
53.3333,128.127344,37.855115,5469.018170400001,56.733,49.673,259.092,1.0
53.35,128.12732,37.855105,5470.896043199999,56.932,49.723,259.307,1.0
53.3666,128.127296,37.855095,5472.7763544,57.132,49.772,259.523,1.0
53.3833,128.127272,37.855086,5474.6594088,57.333,49.82,259.74,1.0
53.4,128.127247,37.855076,5476.545206400001,57.534,49.868,259.957,1.0
53.4166,128.127223,37.855066,5478.433747200001,57.736,49.915,260.174,1.0
53.4333,128.127199,37.855057,5480.3250312,57.939,49.962,260.392,1.0
53.45,128.127175,37.855047,5482.2184488,58.142,50.009,260.61,1.0
53.4666,128.127151,37.855038,5484.1149144,58.345,50.055,260.829,1.0
53.4833,128.127127,37.855028,5486.0135136,58.55,50.1,261.048,1.0
53.5,128.127102,37.855019,5487.914856,58.754,50.145,261.268,1.0
53.5166,128.127078,37.85501,5489.8189416000005,58.96,50.189,261.488,1.0
53.5333,128.127054,37.855001,5491.725160800001,59.166,50.233,261.709,1.0
53.55,128.12703,37.854992,5493.6341232,59.372,50.277,261.93,1.0
53.5666,128.127006,37.854983,5495.5452192,59.579,50.319,262.152,1.0
53.5833,128.126982,37.854974,5497.4590584,59.787,50.362,262.374,1.0
53.6,128.126958,37.854965,5499.3750312,59.995,50.403,262.596,1.0
53.6166,128.126934,37.854956,5501.2934424000005,60.204,50.445,262.819,1.0
53.6333,128.126909,37.854947,5503.214292000001,60.414,50.485,263.042,1.0
53.65,128.126885,37.854938,5505.1372752,60.624,50.525,263.266,1.0
53.6666,128.126861,37.85493,5507.062696800001,60.834,50.565,263.49,1.0
53.6833,128.126837,37.854921,5508.9905568,61.046,50.604,263.715,1.0
53.7,128.126813,37.854913,5510.9205504,61.257,50.642,263.94,1.0
53.7166,128.126789,37.854904,5512.852677600001,61.47,50.68,264.165,1.0
53.7333,128.126765,37.854896,5514.7872431999995,61.683,50.718,264.391,1.0
53.75,128.126741,37.854888,5516.723942400001,61.896,50.754,264.617,1.0
53.7666,128.126717,37.854879,5518.6627751999995,62.11,50.791,264.843,1.0
53.7833,128.126693,37.854871,5520.603741600001,62.325,50.826,265.07,1.0
53.8,128.126669,37.854863,5522.5468416,62.54,50.861,265.298,1.0
53.8166,128.126645,37.854855,5524.4920752,62.756,50.896,265.525,1.0
53.8333,128.126621,37.854847,5526.4394424,62.972,50.93,265.753,1.0
53.85,128.126597,37.854839,5528.388638400001,63.189,50.963,265.982,1.0
53.8666,128.126573,37.854831,5530.3402728,63.407,50.996,266.21,1.0
53.8833,128.126549,37.854823,5532.2937360000005,63.625,51.028,266.439,1.0
53.9,128.126525,37.854816,5534.249028,63.843,51.059,266.669,1.0
53.9166,128.126501,37.854808,5536.2064536,64.062,51.09,266.898,1.0
53.9333,128.126477,37.8548,5538.165708,64.282,51.121,267.128,1.0
53.95,128.126453,37.854793,5540.127096,64.502,51.15,267.359,1.0
53.9666,128.126429,37.854785,5542.0903128,64.723,51.179,267.589,1.0
53.9833,128.126405,37.854778,5544.0553584,64.944,51.208,267.82,1.0
54.0,128.126381,37.854771,5546.022232800001,65.165,51.236,268.052,1.0
54.0166,128.126357,37.854764,5547.990936,65.387,51.263,268.283,1.0
54.0333,128.126333,37.854756,5549.9617728,65.609,51.29,268.515,1.0
54.05,128.126309,37.854749,5551.934133600001,65.832,51.316,268.747,1.0
54.0666,128.126285,37.854742,5553.9083232,66.055,51.341,268.979,1.0
54.0833,128.126261,37.854735,5555.8840368,66.279,51.366,269.212,1.0
54.1,128.126238,37.854728,5557.861884000001,66.503,51.391,269.445,1.0
54.1166,128.126214,37.854721,5559.841255200001,66.727,51.414,269.678,1.0
54.1333,128.12619,37.854715,5561.8221504,66.952,51.437,269.911,1.0
54.15,128.126166,37.854708,5563.804874400001,67.176,51.46,270.145,1.0
54.1666,128.126142,37.854701,5565.7894272,67.402,51.481,270.379,1.0
54.1833,128.126118,37.854695,5567.7751992,67.627,51.502,270.613,1.0
54.2,128.126094,37.854688,5569.7628,67.853,51.523,270.847,1.0
54.2166,128.126071,37.854682,5571.7522296,68.079,51.543,271.082,1.0
54.2333,128.126047,37.854675,5573.7428784,68.305,51.562,271.316,1.0
54.25,128.126023,37.854669,5575.7350512,68.532,51.581,271.551,1.0
54.2666,128.125999,37.854663,5577.7287479999995,68.758,51.599,271.786,1.0
54.2833,128.125975,37.854656,5579.724273600001,68.985,51.616,272.021,1.0
54.3,128.125952,37.85465,5581.7210184000005,69.213,51.633,272.257,1.0
54.3166,128.125928,37.854644,5583.718982400001,69.44,51.649,272.492,1.0
54.3333,128.125904,37.854638,5585.7187752,69.667,51.664,272.728,1.0
54.35,128.12588,37.854632,5587.719787200001,69.895,51.679,272.964,1.0
54.3666,128.125857,37.854626,5589.722018400001,70.122,51.693,273.2,1.0
54.3833,128.125833,37.85462,5591.7257736,70.35,51.706,273.436,1.0
54.4,128.125809,37.854615,5593.7310528,70.578,51.719,273.672,1.0
54.4166,128.125785,37.854609,5595.737551200001,70.806,51.732,273.908,1.0
54.4333,128.125762,37.854603,5597.7452688,71.034,51.743,274.145,1.0
54.45,128.125738,37.854598,5599.7542056,71.262,51.754,274.381,1.0
54.4666,128.125714,37.854592,5601.764666399999,71.491,51.764,274.618,1.0
54.4833,128.125691,37.854587,5603.7760416,71.719,51.774,274.855,1.0
54.5,128.125667,37.854582,5605.788636,71.947,51.783,275.092,1.0
54.5166,128.125643,37.854576,5607.802754400001,72.175,51.791,275.329,1.0
54.5333,128.12562,37.854571,5609.817787200001,72.404,51.799,275.566,1.0
54.55,128.125596,37.854566,5611.8340392,72.632,51.806,275.803,1.0
54.5666,128.125572,37.854561,5613.851510400001,72.86,51.812,276.04,1.0
54.5833,128.125549,37.854556,5615.869896,73.089,51.818,276.277,1.0
54.6,128.125525,37.854551,5617.889500800001,73.317,51.823,276.514,1.0
54.6166,128.125502,37.854546,5619.910020000001,73.545,51.828,276.751,1.0
54.6333,128.125478,37.854541,5621.9317584,73.773,51.832,276.988,1.0
54.65,128.125455,37.854536,5623.954411200001,74.002,51.835,277.225,1.0
54.6666,128.125431,37.854532,5625.978283200001,74.23,51.838,277.462,1.0
54.6833,128.125407,37.854527,5628.0027648000005,74.458,51.839,277.699,1.0
54.7,128.125384,37.854522,5630.0284656,74.686,51.841,277.937,1.0
54.7166,128.12536,37.854518,5632.0550808,74.913,51.841,278.174,1.0
54.7333,128.125337,37.854513,5634.082610400001,75.141,51.841,278.411,1.0
54.75,128.125313,37.854509,5636.1110544,75.369,51.841,278.648,1.0
54.7666,128.12529,37.854505,5638.1404128,75.597,51.839,278.885,1.0
54.7833,128.125266,37.854501,5640.1703808,75.824,51.838,279.121,1.0
54.8,128.125243,37.854496,5642.201568,76.051,51.835,279.358,1.0
54.8166,128.12522,37.854492,5644.2333648,76.279,51.832,279.595,1.0
54.8333,128.125196,37.854488,5646.2657712,76.506,51.828,279.832,1.0
54.85,128.125173,37.854484,5648.299396800001,76.733,51.824,280.068,1.0
54.8666,128.125149,37.85448,5650.3333272,76.96,51.818,280.305,1.0
54.8833,128.125126,37.854476,5652.368172,77.187,51.813,280.541,1.0
54.9,128.125103,37.854473,5654.4039312,77.414,51.806,280.777,1.0
54.9166,128.125079,37.854469,5656.4399952,77.641,51.799,281.014,1.0
54.9333,128.125056,37.854465,5658.476973600001,77.867,51.792,281.25,1.0
54.95,128.125032,37.854462,5660.5145616,78.094,51.784,281.485,1.0
54.9666,128.125009,37.854458,5662.552759200001,78.321,51.775,281.721,1.0
54.9833,128.124986,37.854455,5664.5918712,78.548,51.765,281.957,1.0
55.0,128.124962,37.854451,5666.6312880000005,78.774,51.755,282.192,1.0
55.0166,128.124939,37.854448,5668.6713144000005,79.001,51.744,282.427,1.0
55.0333,128.124916,37.854445,5670.7116456,79.227,51.733,282.662,1.0
55.05,128.124893,37.854441,5672.752891200001,79.454,51.721,282.897,1.0
55.0666,128.124869,37.854438,5674.7944416,79.68,51.708,283.132,1.0
55.0833,128.124846,37.854435,5676.836601600001,79.907,51.695,283.366,1.0
55.1,128.124823,37.854432,5678.8790664,80.134,51.681,283.601,1.0
55.1166,128.1248,37.854429,5680.9221408,80.36,51.666,283.835,1.0
55.1333,128.124776,37.854426,5682.965520000001,80.587,51.651,284.068,1.0
55.15,128.124753,37.854423,5685.009204,80.814,51.635,284.302,1.0
55.1666,128.12473,37.854421,5687.053497600001,81.041,51.619,284.535,1.0
55.1833,128.124707,37.854418,5689.098096000001,81.268,51.602,284.768,1.0
55.2,128.124684,37.854415,5691.1429992,81.495,51.584,285.001,1.0
55.2166,128.12466,37.854413,5693.1882072,81.722,51.566,285.234,1.0
55.2333,128.124637,37.85441,5695.233720000001,81.949,51.547,285.466,1.0
55.25,128.124614,37.854408,5697.2795376,82.176,51.527,285.698,1.0
55.2666,128.124591,37.854405,5699.32566,82.404,51.507,285.93,1.0
55.2833,128.124568,37.854403,5701.3720872,82.632,51.486,286.161,1.0
55.3,128.124545,37.854401,5703.4188192,82.859,51.464,286.392,1.0
55.3166,128.124522,37.854399,5705.465551200001,83.087,51.442,286.623,1.0
55.3333,128.124499,37.854396,5707.5125880000005,83.315,51.419,286.853,1.0
55.35,128.124476,37.854394,5709.559624800001,83.543,51.396,287.083,1.0
55.3666,128.124453,37.854392,5711.6069664,83.771,51.372,287.313,1.0
55.3833,128.12443,37.85439,5713.654308,84.0,51.347,287.543,1.0
55.4,128.124407,37.854389,5715.7019544,84.228,51.322,287.772,1.0
55.4166,128.124384,37.854387,5717.749600800001,84.457,51.296,288.0,1.0
55.4333,128.124361,37.854385,5719.797247200001,84.685,51.269,288.228,1.0
55.45,128.124338,37.854383,5721.8448935999995,84.915,51.242,288.456,1.0
55.4666,128.124315,37.854382,5723.89254,85.144,51.214,288.684,1.0
55.4833,128.124292,37.85438,5725.9404912,85.374,51.185,288.911,1.0
55.5,128.124269,37.854379,5727.9881376,85.604,51.156,289.138,1.0
55.5166,128.124246,37.854377,5730.035784000001,85.833,51.126,289.364,1.0
55.5333,128.124223,37.854376,5732.0834304,86.063,51.096,289.59,1.0
55.55,128.1242,37.854374,5734.1310768,86.294,51.065,289.815,1.0
55.5666,128.124177,37.854373,5736.178723200001,86.525,51.033,290.04,1.0
55.5833,128.124155,37.854372,5738.2260648,86.756,51.0,290.265,1.0
55.6,128.124132,37.854371,5740.273406400001,86.987,50.967,290.489,1.0
55.6166,128.124109,37.85437,5742.320443199999,87.218,50.934,290.712,1.0
55.6333,128.124086,37.854369,5744.36748,87.449,50.899,290.936,1.0
55.65,128.124063,37.854368,5746.414212,87.681,50.864,291.158,1.0
55.6666,128.12404,37.854367,5748.4606392,87.914,50.828,291.38,1.0
55.6833,128.124018,37.854366,5750.5070663999995,88.146,50.792,291.602,1.0
55.7,128.123995,37.854365,5752.5531888,88.379,50.755,291.823,1.0
55.7166,128.123972,37.854365,5754.599006400001,88.612,50.717,292.044,1.0
55.7333,128.123949,37.854364,5756.6445192,88.845,50.679,292.264,1.0
55.75,128.123927,37.854363,5758.689727200001,89.079,50.64,292.483,1.0
55.7666,128.123904,37.854363,5760.7346304,89.314,50.6,292.702,1.0
55.7833,128.123881,37.854362,5762.778924,89.549,50.56,292.921,1.0
55.8,128.123859,37.854362,5764.8232176,89.784,50.519,293.139,1.0
55.8166,128.123836,37.854362,5766.8669016,90.019,50.477,293.356,1.0
55.8333,128.123813,37.854361,5768.9102808,90.254,50.435,293.573,1.0
55.85,128.123791,37.854361,5770.9533552,90.491,50.392,293.789,1.0
55.8666,128.123768,37.854361,5772.995820000001,90.728,50.348,294.004,1.0
55.8833,128.123745,37.854361,5775.03798,90.965,50.303,294.219,1.0
55.9,128.123723,37.854361,5777.0795304,91.203,50.258,294.433,1.0
55.9166,128.1237,37.854361,5779.1204712,91.441,50.213,294.647,1.0
55.9333,128.123678,37.854361,5781.1611072,91.679,50.166,294.86,1.0
55.95,128.123655,37.854361,5783.2011336000005,91.918,50.119,295.072,1.0
55.9666,128.123633,37.854361,5785.240550400001,92.158,50.071,295.284,1.0
55.9833,128.12361,37.854362,5787.2796624,92.399,50.022,295.495,1.0
56.0,128.123587,37.854362,5789.31786,92.64,49.973,295.705,1.0
56.0166,128.123565,37.854362,5791.355448,92.881,49.923,295.915,1.0
56.0333,128.123542,37.854363,5793.3924264,93.123,49.873,296.124,1.0
56.05,128.12352,37.854363,5795.4291,93.366,49.821,296.332,1.0
56.0666,128.123498,37.854364,5797.4645544,93.609,49.769,296.54,1.0
56.0833,128.123475,37.854364,5799.499704,93.854,49.716,296.747,1.0
56.1,128.123453,37.854365,5801.5339392,94.099,49.663,296.953,1.0
56.1166,128.12343,37.854366,5803.567564800001,94.344,49.609,297.158,1.0
56.1333,128.123408,37.854366,5805.6005808,94.59,49.554,297.362,1.0
56.15,128.123385,37.854367,5807.632682400001,94.838,49.498,297.566,1.0
56.1666,128.123363,37.854368,5809.663869600001,95.086,49.442,297.769,1.0
56.1833,128.123341,37.854369,5811.6944472000005,95.336,49.385,297.971,1.0
56.2,128.123318,37.85437,5813.7241104,95.586,49.327,298.173,1.0
56.2166,128.123296,37.854371,5815.7528592,95.837,49.268,298.373,1.0
56.2333,128.123274,37.854372,5817.7809984,96.089,49.209,298.573,1.0
56.25,128.123251,37.854374,5819.807918400001,96.344,49.149,298.771,1.0
56.2666,128.123229,37.854375,5821.8342288,96.599,49.088,298.969,1.0
56.2833,128.123207,37.854376,5823.8596248,96.856,49.026,299.167,1.0
56.3,128.123184,37.854377,5825.883801600001,97.113,48.964,299.363,1.0
56.3166,128.123162,37.854379,5827.907368800001,97.371,48.901,299.558,1.0
56.3333,128.12314,37.85438,5829.9297168,97.632,48.837,299.752,1.0
56.35,128.123117,37.854382,5831.9511504,97.894,48.772,299.946,1.0
56.3666,128.123095,37.854383,5833.9716696000005,98.159,48.707,300.138,1.0
56.3833,128.123073,37.854385,5835.9912744,98.424,48.641,300.33,1.0
56.4,128.123051,37.854387,5838.009660000001,98.691,48.574,300.52,1.0
56.4166,128.123029,37.854388,5840.0268264,98.959,48.506,300.709,1.0
56.4333,128.123006,37.85439,5842.043383200001,99.23,48.437,300.898,1.0
56.45,128.122984,37.854392,5844.058416,99.503,48.368,301.085,1.0
56.4666,128.122962,37.854394,5846.0725344,99.779,48.298,301.272,1.0
56.4833,128.12294,37.854396,5848.085738400001,100.057,48.227,301.457,1.0
56.5,128.122918,37.854398,5850.097418400001,100.336,48.155,301.641,1.0
56.5166,128.122896,37.8544,5852.108184000001,100.617,48.082,301.824,1.0
56.5333,128.122873,37.854402,5854.1177304,100.902,48.009,302.006,1.0
56.55,128.122851,37.854404,5856.1260575999995,101.19,47.934,302.187,1.0
56.5666,128.122829,37.854406,5858.133165600001,101.482,47.859,302.367,1.0
56.5833,128.122807,37.854408,5860.1393592,101.776,47.783,302.545,1.0
56.6,128.122785,37.854411,5862.1440288,102.072,47.706,302.722,1.0
56.6166,128.122763,37.854413,5864.147479200001,102.37,47.628,302.898,1.0
56.6333,128.122741,37.854415,5866.149710400001,102.673,47.549,303.073,1.0
56.65,128.122719,37.854418,5868.150722400001,102.982,47.469,303.246,1.0
56.6666,128.122697,37.85442,5870.150515200001,103.295,47.389,303.418,1.0
56.6833,128.122675,37.854423,5872.148784000001,103.611,47.307,303.589,1.0
56.7,128.122652,37.854425,5874.1461384,103.931,47.224,303.758,1.0
56.7166,128.12263,37.854428,5876.141664000001,104.254,47.141,303.926,1.0
56.7333,128.122608,37.854431,5878.1362752,104.581,47.057,304.092,1.0
56.75,128.122586,37.854433,5880.1293624,104.913,46.971,304.257,1.0
56.7666,128.122564,37.854436,5882.1212304,105.249,46.885,304.421,1.0
56.7833,128.122542,37.854439,5884.111574400001,105.589,46.798,304.582,1.0
56.8,128.12252,37.854442,5886.1006992,105.932,46.709,304.743,1.0
56.8166,128.122498,37.854445,5888.0883,106.277,46.62,304.901,1.0
56.8333,128.122476,37.854447,5890.0743768,106.621,46.531,305.053,1.0
56.85,128.122454,37.85445,5892.0589296,106.962,46.443,305.197,1.0
56.8666,128.122432,37.854453,5894.0419584,107.301,46.354,305.334,1.0
56.8833,128.12241,37.854457,5896.023768,107.638,46.266,305.466,1.0
56.9,128.122388,37.85446,5898.0037488,107.973,46.177,305.591,1.0
56.9166,128.122366,37.854463,5899.982510400001,108.305,46.089,305.712,1.0
56.9333,128.122344,37.854466,5901.959443199999,108.631,46.001,305.823,1.0
56.95,128.122322,37.854469,5903.934852000001,108.951,45.915,305.924,1.0
56.9666,128.1223,37.854472,5905.9087368,109.266,45.83,306.016,1.0
56.9833,128.122279,37.854476,5907.8810976,109.574,45.745,306.1,1.0
57.0,128.122257,37.854479,5909.8516296,109.878,45.661,306.177,1.0
57.0166,128.122235,37.854483,5911.820942400001,110.176,45.578,306.248,1.0
57.0333,128.122213,37.854486,5913.7869024,110.412,45.502,306.31,1.0
57.05,128.122191,37.85449,5915.7510336000005,110.584,45.434,306.357,1.0
57.0666,128.122169,37.854493,5917.7124216,110.686,45.375,306.384,1.0
57.0833,128.122147,37.854497,5919.671676,110.718,45.326,306.389,1.0
57.1,128.122125,37.8545,5921.628492000001,110.682,45.285,306.375,1.0
57.1166,128.122103,37.854504,5923.582869600001,110.58,45.251,306.345,1.0
57.1333,128.122081,37.854508,5925.534504,110.414,45.224,306.298,1.0
57.15,128.12206,37.854512,5927.483700000001,110.186,45.203,306.238,1.0
57.1666,128.122038,37.854516,5929.4301528,109.897,45.186,306.164,1.0
57.1833,128.122016,37.85452,5931.3741672,109.55,45.174,306.08,1.0
57.2,128.121994,37.854524,5933.315133600001,109.146,45.166,305.985,1.0
57.2166,128.121972,37.854528,5935.2536616,108.688,45.162,305.881,1.0
57.2333,128.121951,37.854532,5937.189446400001,108.178,45.16,305.769,1.0
57.25,128.121929,37.854537,5939.122183200001,107.617,45.161,305.65,1.0
57.2666,128.121907,37.854541,5941.052481600001,107.009,45.165,305.525,1.0
57.2833,128.121886,37.854546,5942.980036800001,106.355,45.17,305.394,1.0
57.3,128.121864,37.85455,5944.9048488,105.658,45.177,305.258,1.0
57.3166,128.121843,37.854555,5946.8266128000005,104.92,45.186,305.118,1.0
57.3333,128.121821,37.85456,5948.745938400001,104.143,45.196,304.973,1.0
57.35,128.1218,37.854564,5950.662825599999,103.329,45.207,304.825,1.0
57.3666,128.121778,37.854569,5952.5772744000005,102.481,45.219,304.674,1.0
57.3833,128.121757,37.854574,5954.4892848,101.601,45.231,304.521,1.0
57.4,128.121735,37.854579,5956.3988568,100.69,45.245,304.365,1.0
57.4166,128.121714,37.854585,5958.3059904,99.75,45.259,304.207,1.0
57.4333,128.121692,37.85459,5960.211295200001,98.783,45.273,304.047,1.0
57.45,128.121671,37.854595,5962.1144664,97.791,45.288,303.886,1.0
57.4666,128.12165,37.8546,5964.0158088,96.775,45.303,303.724,1.0
57.4833,128.121629,37.854606,5965.9150176,95.737,45.318,303.561,1.0
57.5,128.121607,37.854611,5967.812397600001,94.678,45.334,303.397,1.0
57.5166,128.121586,37.854617,5969.7082536,93.599,45.349,303.233,1.0
57.5333,128.121565,37.854623,5971.6022808,92.502,45.364,303.068,1.0
57.55,128.121544,37.854628,5973.495088799999,91.387,45.379,302.904,1.0
57.5666,128.121523,37.854634,5975.386068000001,90.256,45.394,302.739,1.0
57.5833,128.121502,37.85464,5977.275828000001,89.109,45.409,302.574,1.0
57.6,128.121481,37.854646,5979.1643688,87.947,45.423,302.409,1.0
57.6166,128.12146,37.854652,5981.0513856,86.772,45.437,302.245,1.0
57.6333,128.121439,37.854658,5982.9377928,85.642,45.445,302.083,1.0
57.65,128.121418,37.854664,5984.8232856,84.556,45.445,301.922,1.0
57.6666,128.121397,37.85467,5986.7075592,83.516,45.44,301.764,1.0
57.6833,128.121376,37.854677,5988.5909184,82.522,45.429,301.608,1.0
57.7,128.121356,37.854683,5990.4736680000005,81.576,45.414,301.455,1.0
57.7166,128.121335,37.854689,5992.3551984,80.678,45.394,301.305,1.0
57.7333,128.121314,37.854695,5994.235814400001,79.827,45.371,301.157,1.0
57.75,128.121293,37.854702,5996.1158208,79.024,45.345,301.013,1.0
57.7666,128.121273,37.854708,5997.994608,78.269,45.315,300.872,1.0
57.7833,128.121252,37.854714,5999.8724808,77.561,45.284,300.733,1.0
57.8,128.121231,37.854721,6001.7491344,76.901,45.25,300.598,1.0
57.8166,128.12121,37.854727,6003.624873600001,76.287,45.214,300.465,1.0
57.8333,128.121189,37.854734,6005.4996984,75.72,45.176,300.336,1.0
57.85,128.121169,37.85474,6007.373304,75.198,45.137,300.209,1.0
57.8666,128.121148,37.854746,6009.2456904,74.722,45.097,300.084,1.0
57.8833,128.121127,37.854753,6011.1168576,74.29,45.056,299.963,1.0
57.9,128.121106,37.854759,6012.9868056000005,73.902,45.013,299.843,1.0
57.9166,128.121085,37.854766,6014.8555344,73.557,44.97,299.726,1.0
57.9333,128.121065,37.854772,6016.723044,73.255,44.926,299.612,1.0
57.95,128.121044,37.854779,6018.5893344,72.994,44.882,299.499,1.0
57.9666,128.121023,37.854785,6020.454100800001,72.774,44.837,299.389,1.0
57.9833,128.121002,37.854792,6022.317648,72.595,44.792,299.281,1.0
58.0,128.120981,37.854798,6024.1802808,72.455,44.746,299.175,1.0
58.0166,128.12096,37.854805,6026.0410848,72.353,44.7,299.07,1.0
58.0333,128.120939,37.854811,6027.9009744,72.29,44.653,298.968,1.0
58.05,128.120918,37.854818,6029.7593400000005,72.263,44.607,298.867,1.0
58.0666,128.120897,37.854824,6031.6164864,72.273,44.56,298.768,1.0
58.0833,128.120876,37.854831,6033.4724136,72.319,44.513,298.67,1.0
58.1,128.120855,37.854837,6035.3268168,72.399,44.466,298.574,1.0
58.1166,128.120834,37.854844,6037.180000800001,72.513,44.419,298.479,1.0
58.1333,128.120813,37.85485,6039.031965600001,72.66,44.372,298.386,1.0
58.15,128.120792,37.854857,6040.882406400001,72.84,44.325,298.294,1.0
58.1666,128.120771,37.854863,6042.7316280000005,73.051,44.277,298.203,1.0
58.1833,128.12075,37.85487,6044.5796304,73.293,44.23,298.113,1.0
58.2,128.120729,37.854876,6046.4261088,73.565,44.182,298.025,1.0
58.2166,128.120708,37.854883,6048.271368000001,73.867,44.135,297.937,1.0
58.2333,128.120686,37.854889,6050.1151032,74.198,44.088,297.85,1.0
58.25,128.120665,37.854896,6051.9576192,74.556,44.04,297.765,1.0
58.2666,128.120644,37.854902,6053.798611200001,74.942,43.992,297.68,1.0
58.2833,128.120623,37.854909,6055.6386888,75.354,43.945,297.596,1.0
58.3,128.120602,37.854916,6057.4769376,75.792,43.897,297.513,1.0
58.3166,128.12058,37.854922,6059.3139672,76.255,43.85,297.431,1.0
58.3333,128.120559,37.854929,6061.149777600001,76.742,43.802,297.349,1.0
58.35,128.120538,37.854935,6062.984064,77.254,43.754,297.268,1.0
58.3666,128.120517,37.854942,6064.8171312,77.788,43.707,297.187,1.0
58.3833,128.120495,37.854948,6066.6486744,78.345,43.659,297.107,1.0
58.4,128.120474,37.854955,6068.4789984,78.923,43.612,297.028,1.0
58.4166,128.120453,37.854962,6070.3077984,79.523,43.564,296.949,1.0
58.4333,128.120431,37.854968,6072.135379200001,80.143,43.516,296.87,1.0
58.45,128.12041,37.854975,6073.9614360000005,80.783,43.469,296.792,1.0
58.4666,128.120389,37.854981,6075.786273600001,81.443,43.421,296.714,1.0
58.4833,128.120367,37.854988,6077.6095872000005,82.121,43.374,296.636,1.0
58.5,128.120346,37.854995,6079.4316816,82.817,43.326,296.559,1.0
58.5166,128.120324,37.855001,6081.252252000001,83.532,43.279,296.482,1.0
58.5333,128.120303,37.855008,6083.0716032,84.267,43.232,296.411,1.0
58.55,128.120281,37.855015,6084.8894304,85.023,43.185,296.346,1.0
58.5666,128.12026,37.855021,6086.705733600001,85.799,43.139,296.287,1.0
58.5833,128.120238,37.855028,6088.5211224,86.594,43.094,296.233,1.0
58.6,128.120217,37.855034,6090.3346824,87.407,43.048,296.183,1.0
58.6166,128.120195,37.855041,6092.1470232,88.238,43.002,296.138,1.0
58.6333,128.120174,37.855048,6093.9581448,89.089,42.957,296.102,1.0
58.65,128.120152,37.855054,6095.7674376,89.962,42.912,296.078,1.0
58.6666,128.120131,37.855061,6097.575816,90.855,42.866,296.064,1.0
58.6833,128.120109,37.855068,6099.3823656,91.767,42.82,296.058,1.0
58.7,128.120088,37.855074,6101.188000800001,92.697,42.774,296.061,1.0
58.7166,128.120066,37.855081,6102.9918072,93.644,42.727,296.072,1.0
58.7333,128.120044,37.855088,6104.7943944,94.611,42.679,296.095,1.0
58.75,128.120023,37.855094,6106.5957624,95.599,42.629,296.133,1.0
58.7666,128.120001,37.855101,6108.3956064,96.607,42.578,296.184,1.0
58.7833,128.11998,37.855108,6110.1939264,97.632,42.525,296.246,1.0
58.8,128.119958,37.855114,6111.9907224,98.674,42.469,296.318,1.0
58.8166,128.119936,37.855121,6113.7862992,99.731,42.412,296.399,1.0
58.8333,128.119915,37.855128,6115.580352000001,100.807,42.352,296.495,1.0
58.85,128.119893,37.855135,6117.3728808,101.902,42.287,296.606,1.0
58.8666,128.119871,37.855141,6119.1641904,103.014,42.219,296.731,1.0
58.8833,128.119849,37.855148,6120.9536712,104.142,42.147,296.868,1.0
58.9,128.119828,37.855155,6122.7419328000005,105.283,42.07,297.015,1.0
58.9166,128.119806,37.855162,6124.528365600001,106.437,41.99,297.172,1.0
58.9333,128.119784,37.855168,6126.313579200001,107.607,41.903,297.342,1.0
58.95,128.119763,37.855175,6128.096964,108.792,41.81,297.526,1.0
58.9666,128.119741,37.855182,6129.878824800001,109.99,41.71,297.723,1.0
58.9833,128.119719,37.855189,6131.658856800001,111.2,41.604,297.931,1.0
59.0,128.119697,37.855196,6133.437364800001,112.42,41.492,298.147,1.0
59.0166,128.119675,37.855202,6135.2143488,113.648,41.373,298.37,1.0
59.0333,128.119654,37.855209,6136.989504,114.887,41.245,298.605,1.0
59.05,128.119632,37.855216,6138.7625256,116.136,41.108,298.851,1.0
59.0666,128.11961,37.855223,6140.534023200001,117.392,40.962,299.106,1.0
59.0833,128.119588,37.85523,6142.3033872000005,118.655,40.808,299.368,1.0
59.1,128.119566,37.855237,6144.0709224,119.923,40.645,299.635,1.0
59.1166,128.119545,37.855244,6145.836628800001,121.192,40.474,299.905,1.0
59.1333,128.119523,37.855251,6147.600201600001,122.467,40.292,300.183,1.0
59.15,128.119501,37.855258,6149.361336,123.745,40.1,300.468,1.0
59.1666,128.119479,37.855265,6151.1206416,125.024,39.897,300.757,1.0
59.1833,128.119457,37.855272,6152.8775088,126.302,39.684,301.048,1.0
59.2,128.119435,37.855279,6154.632242400001,127.578,39.462,301.34,1.0
59.2166,128.119413,37.855286,6156.384537600001,128.85,39.232,301.63,1.0
59.2333,128.119392,37.855293,6158.1343944,130.117,38.99,301.922,1.0
59.25,128.11937,37.8553,6159.881508,131.38,38.739,302.212,1.0
59.2666,128.119348,37.855307,6161.626183200001,132.635,38.479,302.501,1.0
59.2833,128.119326,37.855314,6163.368420000001,133.881,38.21,302.785,1.0
59.3,128.119304,37.855322,6165.1076088,135.117,37.933,303.064,1.0
59.3166,128.119282,37.855329,6166.8443592,136.341,37.649,303.337,1.0
59.3333,128.11926,37.855336,6168.5780616,137.553,37.358,303.603,1.0
59.35,128.119238,37.855343,6170.308716,138.751,37.061,303.861,1.0
59.3666,128.119216,37.855351,6172.0363224,139.934,36.759,304.111,1.0
59.3833,128.119194,37.855358,6173.7611856,141.1,36.451,304.351,1.0
59.4,128.119172,37.855365,6175.4823912,142.25,36.139,304.581,1.0
59.4166,128.11915,37.855373,6177.2008536,143.383,35.824,304.801,1.0
59.4333,128.119128,37.85538,6178.9156584,144.497,35.505,305.011,1.0
59.45,128.119106,37.855388,6180.627110400001,145.592,35.183,305.21,1.0
59.4666,128.119084,37.855395,6182.3349048,146.668,34.858,305.398,1.0
59.4833,128.119062,37.855403,6184.039346400001,147.724,34.532,305.575,1.0
59.5,128.11904,37.85541,6185.7404352,148.759,34.204,305.741,1.0
59.5166,128.119018,37.855418,6187.4375616,149.774,33.875,305.896,1.0
59.5333,128.118996,37.855425,6189.1307256,150.768,33.545,306.04,1.0
59.55,128.118974,37.855433,6190.820232,151.741,33.214,306.173,1.0
59.5666,128.118952,37.855441,6192.505776,152.693,32.883,306.294,1.0
59.5833,128.11893,37.855448,6194.1873576,153.624,32.552,306.405,1.0
59.6,128.118907,37.855456,6195.8649768000005,154.533,32.221,306.505,1.0
59.6166,128.118885,37.855464,6197.5383288,155.421,31.891,306.595,1.0
59.6333,128.118863,37.855472,6199.2074136,156.288,31.562,306.675,1.0
59.65,128.118841,37.85548,6200.8722312,157.134,31.233,306.745,1.0
59.6666,128.118819,37.855487,6202.5327816,157.958,30.906,306.805,1.0
59.6833,128.118797,37.855495,6204.188760000001,158.762,30.579,306.856,1.0
59.7,128.118774,37.855503,6205.8404712,159.544,30.254,306.898,1.0
59.7166,128.118752,37.855511,6207.4876104,160.306,29.93,306.931,1.0
59.7333,128.11873,37.855519,6209.129568,161.033,29.607,306.957,1.0
59.75,128.118708,37.855527,6210.766344,161.727,29.287,306.975,1.0
59.7666,128.118685,37.855535,6212.3979384,162.388,28.968,306.987,1.0
59.7833,128.118663,37.855543,6214.024046400001,163.018,28.651,306.992,1.0
59.8,128.118641,37.855551,6215.644668,163.617,28.336,306.991,1.0
59.8166,128.118618,37.85556,6217.2598032,164.188,28.023,306.983,1.0
59.8333,128.118596,37.855568,6218.869147200001,164.718,27.712,306.97,1.0
59.85,128.118574,37.855576,6220.4723952,165.21,27.403,306.952,1.0
59.8666,128.118551,37.855584,6222.069242400001,165.664,27.096,306.929,1.0
59.8833,128.118529,37.855593,6223.6599936,166.082,26.792,306.902,1.0
59.9,128.118506,37.855601,6225.2446488,166.467,26.489,306.871,1.0
59.9166,128.118484,37.855609,6226.823208,166.819,26.189,306.835,1.0
59.9333,128.118461,37.855618,6228.3950616,167.132,25.89,306.796,1.0
59.95,128.118439,37.855626,6229.9599048,167.409,25.594,306.754,1.0
59.9666,128.118416,37.855635,6231.518652000001,167.652,25.3,306.709,1.0
59.9833,128.118393,37.855643,6233.0706936,167.861,25.008,306.661,1.0
60.0,128.118371,37.855652,6234.6160296,168.038,24.719,306.611,1.0
60.0166,128.118348,37.85566,6236.154964800001,168.186,24.431,306.558,1.0
60.0333,128.118326,37.855669,6237.6868896,168.302,24.145,306.503,1.0
60.05,128.118303,37.855678,6239.2118040000005,168.387,23.862,306.446,1.0
60.0666,128.11828,37.855686,6240.7303176000005,168.443,23.58,306.388,1.0
60.0833,128.118257,37.855695,6242.2418208,168.472,23.301,306.327,1.0
60.1,128.118235,37.855704,6243.7466184,168.475,23.023,306.266,1.0
60.1166,128.118212,37.855712,6245.2447104,168.455,22.748,306.203,1.0
60.1333,128.118189,37.855721,6246.735792,168.411,22.474,306.14,1.0
60.15,128.118166,37.85573,6248.220168,168.345,22.203,306.075,1.0
60.1666,128.118143,37.855739,6249.6975336000005,168.258,21.933,306.011,1.0
60.1833,128.11812,37.855748,6251.1678888,168.153,21.666,305.946,1.0
60.2,128.118097,37.855757,6252.631233600001,168.03,21.4,305.881,1.0
60.2166,128.118075,37.855766,6254.087872800001,167.891,21.137,305.816,1.0
60.2333,128.118052,37.855775,6255.537806400001,167.738,20.875,305.751,1.0
60.25,128.118029,37.855784,6256.980424800001,167.571,20.616,305.688,1.0
60.2666,128.118006,37.855793,6258.416337600001,167.393,20.358,305.625,1.0
60.2833,128.117983,37.855802,6259.84524,167.205,20.103,305.563,1.0
60.3,128.11796,37.855811,6261.267132,167.007,19.85,305.502,1.0
60.3166,128.117936,37.85582,6262.682013600001,166.803,19.599,305.443,1.0
60.3333,128.117913,37.855829,6264.0898848,166.593,19.349,305.386,1.0
60.35,128.11789,37.855839,6265.4907456,166.379,19.102,305.33,1.0
60.3666,128.117867,37.855848,6266.884596000001,166.163,18.857,305.276,1.0
60.3833,128.117844,37.855857,6268.271436,165.945,18.614,305.224,1.0
60.4,128.117821,37.855867,6269.6512656,165.727,18.373,305.175,1.0
60.4166,128.117797,37.855876,6271.0240848,165.51,18.134,305.128,1.0
60.4333,128.117774,37.855885,6272.3898936,165.296,17.897,305.083,1.0
60.45,128.117751,37.855895,6273.7483872,165.086,17.662,305.042,1.0
60.4666,128.117728,37.855904,6275.1001752,164.88,17.429,305.003,1.0
60.4833,128.117704,37.855914,6276.444648,164.681,17.199,304.967,1.0
60.5,128.117681,37.855923,6277.781805600001,164.487,16.97,304.934,1.0
60.5166,128.117658,37.855933,6279.1119528,164.299,16.743,304.903,1.0
60.5333,128.117634,37.855942,6280.4350896,164.12,16.518,304.875,1.0
60.55,128.117611,37.855952,6281.750911200001,163.949,16.295,304.85,1.0
60.5666,128.117587,37.855961,6283.0597224,163.786,16.074,304.827,1.0
60.5833,128.117564,37.855971,6284.3612184,163.632,15.854,304.807,1.0
60.6,128.11754,37.855981,6285.655704,163.486,15.636,304.789,1.0
60.6166,128.117517,37.85599,6286.942569600001,163.35,15.42,304.773,1.0
60.6333,128.117493,37.856,6288.2227296,163.223,15.206,304.76,1.0
60.65,128.11747,37.85601,6289.495269600001,163.107,14.992,304.748,1.0
60.6666,128.117446,37.85602,6290.7607992,163.001,14.781,304.739,1.0
60.6833,128.117423,37.856029,6292.0190136,162.906,14.571,304.731,1.0
60.7,128.117399,37.856039,6293.2699128,162.82,14.362,304.726,1.0
60.7166,128.117376,37.856049,6294.513192,162.744,14.154,304.722,1.0
60.7333,128.117352,37.856059,6295.749460800001,162.679,13.948,304.72,1.0
60.75,128.117328,37.856069,6296.9784144000005,162.624,13.743,304.719,1.0
60.7666,128.117305,37.856079,6298.2000528,162.58,13.539,304.721,1.0
60.7833,128.117281,37.856089,6299.4140712,162.545,13.337,304.723,1.0
60.8,128.117257,37.856099,6300.6207744,162.52,13.135,304.727,1.0
60.8166,128.117233,37.856109,6301.8198575999995,162.505,12.935,304.732,1.0
60.8333,128.11721,37.856119,6303.0116256,162.499,12.735,304.739,1.0
60.85,128.117186,37.856129,6304.1960784,162.502,12.536,304.746,1.0
60.8666,128.117162,37.85614,6305.372911200001,162.514,12.339,304.755,1.0
60.8833,128.117138,37.85615,6306.5421240000005,162.535,12.142,304.765,1.0
60.9,128.117115,37.85616,6307.7037168,162.563,11.946,304.775,1.0
60.9166,128.117091,37.85617,6308.8579944,162.6,11.75,304.787,1.0
60.9333,128.117067,37.856181,6310.004347200001,162.644,11.556,304.799,1.0
60.95,128.117043,37.856191,6311.14308,162.694,11.362,304.812,1.0
60.9666,128.117019,37.856201,6312.2741928000005,162.751,11.168,304.826,1.0
60.9833,128.116995,37.856212,6313.3976856,162.815,10.976,304.84,1.0
61.0,128.116971,37.856222,6314.5135584,162.884,10.784,304.855,1.0
61.0166,128.116947,37.856232,6315.621506400001,162.959,10.592,304.87,1.0
61.0333,128.116923,37.856243,6316.7218344,163.039,10.401,304.885,1.0
61.05,128.116899,37.856253,6317.8142376000005,163.122,10.21,304.901,1.0
61.0666,128.116875,37.856264,6318.898716,163.21,10.02,304.918,1.0
61.0833,128.116851,37.856274,6319.9755744,163.301,9.83,304.934,1.0
61.1,128.116827,37.856285,6321.044508,163.395,9.64,304.951,1.0
61.1166,128.116803,37.856296,6322.1055168,163.492,9.451,304.968,1.0
61.1333,128.116779,37.856306,6323.1586008,163.592,9.262,304.985,1.0
61.15,128.116755,37.856317,6324.20376,163.692,9.073,305.003,1.0
61.1666,128.116731,37.856328,6325.2406896,163.794,8.885,305.02,1.0
61.1833,128.116707,37.856338,6326.2699992,163.898,8.697,305.037,1.0
61.2,128.116682,37.856349,6327.291384000001,164.002,8.508,305.054,1.0
61.2166,128.116658,37.85636,6328.304539199999,164.107,8.32,305.072,1.0
61.2333,128.116634,37.856371,6329.309464800001,164.211,8.132,305.089,1.0
61.25,128.11661,37.856381,6330.3067704000005,164.315,7.945,305.106,1.0
61.2666,128.116586,37.856392,6331.2955416,164.418,7.757,305.123,1.0
61.2833,128.116561,37.856403,6332.276388000001,164.521,7.569,305.14,1.0
61.3,128.116537,37.856414,6333.249309600001,164.622,7.381,305.157,1.0
61.3166,128.116513,37.856425,6334.2140016,164.723,7.193,305.173,1.0
61.3333,128.116488,37.856436,6335.170464000001,164.821,7.006,305.19,1.0
61.35,128.116464,37.856447,6336.119001600001,164.918,6.818,305.206,1.0
61.3666,128.11644,37.856458,6337.0590048,165.012,6.63,305.222,1.0
61.3833,128.116415,37.856469,6337.9910832000005,165.104,6.442,305.238,1.0
61.4,128.116391,37.85648,6338.914932000001,165.194,6.254,305.254,1.0
61.4166,128.116367,37.856491,6339.830551200001,165.282,6.066,305.269,1.0
61.4333,128.116342,37.856502,6340.737940800001,165.367,5.878,305.285,1.0
61.45,128.116318,37.856514,6341.637100800001,165.45,5.69,305.3,1.0
61.4666,128.116293,37.856525,6342.5277264,165.529,5.502,305.315,1.0
61.4833,128.116269,37.856536,6343.4104272,165.606,5.313,305.329,1.0
61.5,128.116245,37.856547,6344.2848984,165.68,5.125,305.344,1.0
61.5166,128.11622,37.856559,6345.1508352,165.751,4.936,305.358,1.0
61.5333,128.116196,37.85657,6346.008542400001,165.82,4.747,305.372,1.0
61.55,128.116171,37.856581,6346.858020000001,165.885,4.558,305.386,1.0
61.5666,128.116147,37.856593,6347.6989632,165.947,4.369,305.4,1.0
61.5833,128.116122,37.856604,6348.5319816,166.007,4.18,305.414,1.0
61.6,128.116097,37.856615,6349.356465600001,166.063,3.991,305.427,1.0
61.6166,128.116073,37.856627,6350.172415200001,166.118,3.801,305.441,1.0
61.6333,128.116048,37.856638,6350.9801352,166.169,3.612,305.454,1.0
61.65,128.116024,37.85665,6351.7793208,166.218,3.422,305.467,1.0
61.6666,128.115999,37.856661,6352.5702768,166.263,3.232,305.48,1.0
61.6833,128.115974,37.856673,6353.3530032,166.307,3.043,305.493,1.0
61.7,128.11595,37.856684,6354.127195200001,166.348,2.853,305.506,1.0
61.7166,128.115925,37.856696,6354.8928528,166.387,2.662,305.519,1.0
61.7333,128.1159,37.856708,6355.6502808000005,166.423,2.472,305.532,1.0
61.75,128.115876,37.856719,6356.3991744,166.458,2.282,305.545,1.0
61.7666,128.115851,37.856731,6357.1398384,166.49,2.091,305.558,1.0
61.7833,128.115826,37.856743,6357.8716632000005,166.52,1.901,305.571,1.0
61.8,128.115802,37.856754,6358.595258400001,166.548,1.71,305.584,1.0
61.8166,128.115777,37.856766,6359.310624000001,166.575,1.519,305.597,1.0
61.8333,128.115752,37.856778,6360.0168456,166.573,1.333,305.614,1.0
61.85,128.115727,37.85679,6360.714228000001,166.542,1.156,305.632,1.0
61.8666,128.115702,37.856801,6361.4027712,166.483,0.991,305.652,1.0
61.8833,128.115678,37.856813,6362.082170400001,166.395,0.842,305.672,1.0
61.9,128.115653,37.856825,6362.7524256,166.278,0.713,305.69,1.0
61.9166,128.115628,37.856837,6363.413536800001,166.133,0.603,305.707,1.0
61.9333,128.115603,37.856849,6364.0651992,165.96,0.513,305.721,1.0
61.95,128.115578,37.856861,6364.7074128,165.759,0.442,305.734,1.0
61.9666,128.115554,37.856873,6365.3401776,165.531,0.387,305.745,1.0
61.9833,128.115529,37.856885,6365.9628840000005,165.277,0.348,305.754,1.0
62.0,128.115504,37.856897,6366.5761416000005,164.996,0.323,305.761,1.0
62.0166,128.115479,37.856909,6367.180255200001,164.69,0.311,305.767,1.0
62.0333,128.115454,37.856921,6367.774615200001,164.359,0.311,305.772,1.0
62.05,128.115429,37.856933,6368.3598312,164.003,0.321,305.775,1.0
62.0666,128.115404,37.856945,6368.9359032,163.624,0.342,305.777,1.0
62.0833,128.115379,37.856957,6369.5028312,163.221,0.371,305.778,1.0
62.1,128.115354,37.856969,6370.060920000001,162.796,0.409,305.778,1.0
62.1166,128.115329,37.856981,6370.6101696000005,162.348,0.454,305.777,1.0
62.1333,128.115305,37.856994,6371.1505799999995,161.88,0.506,305.775,1.0
62.15,128.11528,37.857006,6371.682151200001,161.39,0.564,305.772,1.0
62.1666,128.115255,37.857018,6372.205188000001,160.881,0.627,305.768,1.0
62.1833,128.11523,37.85703,6372.7199952,160.351,0.696,305.763,1.0
62.2,128.115205,37.857043,6373.226268,159.803,0.769,305.758,1.0
62.2166,128.11518,37.857055,6373.7246159999995,159.235,0.846,305.752,1.0
62.2333,128.115155,37.857067,6374.2144296,158.65,0.927,305.745,1.0
62.25,128.11513,37.85708,6374.6966232,158.046,1.011,305.738,1.0
62.2666,128.115105,37.857092,6375.1705872,157.426,1.098,305.73,1.0
62.2833,128.11508,37.857104,6375.636931200001,156.788,1.187,305.722,1.0
62.3,128.115055,37.857117,6376.095655200001,156.134,1.279,305.713,1.0
62.3166,128.11503,37.857129,6376.5467592,155.464,1.373,305.703,1.0
62.3333,128.115005,37.857142,6376.990548,154.778,1.468,305.694,1.0
62.35,128.11498,37.857154,6377.4267168,154.076,1.564,305.684,1.0
62.3666,128.114955,37.857167,6377.8558752,153.359,1.661,305.674,1.0
62.3833,128.11493,37.85718,6378.2780232000005,152.626,1.758,305.663,1.0
62.4,128.114905,37.857192,6378.692856000001,151.879,1.856,305.653,1.0
62.4166,128.11488,37.857205,6379.100983200001,151.117,1.954,305.643,1.0
62.4333,128.114855,37.857218,6379.502100000001,150.34,2.048,305.634,1.0
62.45,128.11483,37.85723,6379.8965112000005,149.549,2.135,305.629,1.0
62.4666,128.114805,37.857243,6380.283912,148.745,2.212,305.63,1.0
62.4833,128.11478,37.857256,6380.664912,147.926,2.277,305.638,1.0
62.5,128.114755,37.857269,6381.039206400001,147.094,2.331,305.654,1.0
62.5166,128.114729,37.857281,6381.4067952000005,146.249,2.374,305.676,1.0
62.5333,128.114704,37.857294,6381.768288000001,145.391,2.408,305.705,1.0
62.55,128.114679,37.857307,6382.1230752,144.519,2.433,305.739,1.0
62.5666,128.114654,37.85732,6382.4717664,143.635,2.45,305.78,1.0
62.5833,128.114629,37.857333,6382.814056800001,142.739,2.459,305.826,1.0
62.6,128.114604,37.857346,6383.1505560000005,141.83,2.462,305.877,1.0
62.6166,128.114579,37.857359,6383.4806544,140.908,2.459,305.934,1.0
62.6333,128.114554,37.857372,6383.8049616,139.975,2.451,305.996,1.0
62.65,128.114529,37.857385,6384.122868,139.03,2.438,306.062,1.0
62.6666,128.114504,37.857398,6384.435288000001,138.074,2.42,306.133,1.0
62.6833,128.114479,37.857411,6384.7419168,137.106,2.399,306.208,1.0
62.7,128.114454,37.857424,6385.0424496000005,136.128,2.374,306.287,1.0
62.7166,128.114429,37.857437,6385.337496,135.138,2.346,306.37,1.0
62.7333,128.114404,37.857451,6385.627056,134.139,2.316,306.457,1.0
62.75,128.114379,37.857464,6385.910824800001,133.129,2.283,306.547,1.0
62.7666,128.114354,37.857477,6386.1891072,132.109,2.249,306.641,1.0
62.7833,128.114329,37.85749,6386.4619032,131.079,2.213,306.738,1.0
62.8,128.114304,37.857504,6386.7292128,130.04,2.176,306.837,1.0
62.8166,128.114279,37.857517,6386.9913408,128.991,2.139,306.94,1.0
62.8333,128.114254,37.85753,6387.2479824,127.934,2.101,307.045,1.0
62.85,128.114229,37.857544,6387.499442400001,126.868,2.062,307.153,1.0
62.8666,128.114204,37.857557,6387.7460255999995,125.793,2.024,307.263,1.0
62.8833,128.114179,37.857571,6387.9871224,124.71,1.986,307.376,1.0
62.9,128.114154,37.857584,6388.223342400001,123.619,1.948,307.49,1.0
62.9166,128.114129,37.857598,6388.4546856,122.52,1.912,307.606,1.0
62.9333,128.114104,37.857611,6388.681152000001,121.413,1.875,307.724,1.0
62.95,128.114079,37.857625,6388.9024368,120.299,1.841,307.844,1.0
62.9666,128.114054,37.857639,6389.1191496,119.177,1.807,307.965,1.0
62.9833,128.114029,37.857652,6389.3312904,118.049,1.775,308.088,1.0
63.0,128.114004,37.857666,6389.5385544,116.913,1.744,308.212,1.0
63.0166,128.113979,37.85768,6389.741246400001,115.771,1.714,308.337,1.0
63.0333,128.113954,37.857694,6389.9396712,114.623,1.687,308.463,1.0
63.05,128.113929,37.857707,6390.133524000001,113.468,1.662,308.59,1.0
63.0666,128.113905,37.857721,6390.3228048,112.306,1.638,308.717,1.0
63.0833,128.11388,37.857735,6390.5081232,111.139,1.617,308.845,1.0
63.1,128.113855,37.857749,6390.6888696000005,109.966,1.598,308.974,1.0
63.1166,128.11383,37.857763,6390.8656536,108.788,1.581,309.103,1.0
63.1333,128.113805,37.857777,6391.0390848,107.66,1.56,309.231,1.0
63.15,128.11378,37.857791,6391.2085536,106.584,1.536,309.356,1.0
63.1666,128.113756,37.857805,6391.374669600001,105.558,1.508,309.48,1.0
63.1833,128.113731,37.857819,6391.537128000001,104.583,1.478,309.603,1.0
63.2,128.113706,37.857833,6391.6965384000005,103.659,1.446,309.724,1.0
63.2166,128.113681,37.857847,6391.852291200001,102.786,1.412,309.845,1.0
63.2333,128.113656,37.857862,6392.004691200001,101.962,1.377,309.964,1.0
63.25,128.113632,37.857876,6392.1540432,101.188,1.341,310.082,1.0
63.2666,128.113607,37.85789,6392.300347200001,100.464,1.304,310.2,1.0
63.2833,128.113582,37.857904,6392.4436032,99.788,1.267,310.316,1.0
63.3,128.113557,37.857919,6392.583506400001,99.16,1.23,310.431,1.0
63.3166,128.113532,37.857933,6392.7206664,98.581,1.193,310.546,1.0
63.3333,128.113507,37.857947,6392.8547784,98.048,1.155,310.659,1.0
63.35,128.113483,37.857962,6392.9858424,97.562,1.118,310.772,1.0
63.3666,128.113458,37.857976,6393.1141632,97.122,1.081,310.883,1.0
63.3833,128.113433,37.85799,6393.239436,96.726,1.045,310.993,1.0
63.4,128.113408,37.858005,6393.361965600001,96.375,1.009,311.103,1.0
63.4166,128.113383,37.858019,6393.481447200001,96.068,0.973,311.211,1.0
63.4333,128.113358,37.858034,6393.5981856,95.807,0.941,311.314,1.0
63.45,128.113334,37.858048,6393.711876,95.591,0.912,311.408,1.0
63.4666,128.113309,37.858063,6393.8228232,95.419,0.887,311.488,1.0
63.4833,128.113284,37.858077,6393.9307224,95.291,0.865,311.554,1.0
63.5,128.113259,37.858092,6394.035878400001,95.204,0.846,311.607,1.0
63.5166,128.113234,37.858106,6394.1379864,95.158,0.83,311.649,1.0
63.5333,128.113209,37.858121,6394.2373512,95.151,0.817,311.68,1.0
63.55,128.113184,37.858135,6394.333668,95.183,0.806,311.702,1.0
63.5666,128.113159,37.85815,6394.4275464,95.251,0.797,311.715,1.0
63.5833,128.113134,37.858165,6394.518072,95.356,0.789,311.72,1.0
63.6,128.113109,37.858179,6394.606159200001,95.497,0.783,311.718,1.0
63.6166,128.113084,37.858194,6394.6911984,95.671,0.778,311.71,1.0
63.6333,128.113059,37.858209,6394.7737992,95.878,0.774,311.696,1.0
63.65,128.113034,37.858223,6394.853352000001,96.117,0.772,311.677,1.0
63.6666,128.113009,37.858238,6394.929856800001,96.388,0.77,311.653,1.0
63.6833,128.112984,37.858253,6395.003923200001,96.688,0.768,311.625,1.0
63.7,128.112959,37.858267,6395.075246400001,97.018,0.768,311.593,1.0
63.7166,128.112934,37.858282,6395.1435216,97.377,0.767,311.558,1.0
63.7333,128.112908,37.858297,6395.2090536000005,97.762,0.767,311.52,1.0
63.75,128.112883,37.858312,6395.272147200001,98.175,0.767,311.478,1.0
63.7666,128.112858,37.858327,6395.3321928000005,98.613,0.767,311.435,1.0
63.7833,128.112833,37.858342,6395.3894952,99.076,0.768,311.389,1.0
63.8,128.112808,37.858356,6395.444359200001,99.563,0.768,311.341,1.0
63.8166,128.112783,37.858371,6395.4961752,100.074,0.768,311.292,1.0
63.8333,128.112757,37.858386,6395.5455528,100.607,0.768,311.241,1.0
63.85,128.112732,37.858401,6395.5918824,101.162,0.767,311.189,1.0
63.8666,128.112707,37.858416,6395.635773600001,101.738,0.767,311.135,1.0
63.8833,128.112682,37.858431,6395.6769216,102.334,0.765,311.08,1.0
63.9,128.112657,37.858446,6395.7153264,102.95,0.764,311.024,1.0
63.9166,128.112631,37.858461,6395.750988000001,103.585,0.762,310.968,1.0
63.9333,128.112606,37.858476,6395.784516,104.236,0.757,310.91,1.0
63.95,128.112581,37.858491,6395.814996,104.902,0.751,310.851,1.0
63.9666,128.112555,37.858506,6395.843037600001,105.584,0.743,310.791,1.0
63.9833,128.11253,37.858521,6395.8686408,106.281,0.734,310.731,1.0
64.0,128.112505,37.858536,6395.8915008,106.994,0.723,310.669,1.0
64.0166,128.112479,37.858551,6395.9116176,107.721,0.71,310.607,1.0
64.0333,128.112454,37.858566,6395.929296,108.462,0.697,310.544,1.0
64.05,128.112428,37.858581,6395.944536,109.217,0.681,310.481,1.0
64.0666,128.112403,37.858596,6395.957337600001,109.986,0.665,310.417,1.0
64.0833,128.112377,37.858611,6395.967396,110.768,0.647,310.353,1.0
64.1,128.112352,37.858627,6395.975015999999,111.565,0.629,310.288,1.0
64.1166,128.112326,37.858642,6395.979892800001,112.374,0.609,310.223,1.0
64.1333,128.112301,37.858657,6395.982636000001,113.196,0.589,310.157,1.0
64.15,128.112275,37.858672,6395.982636000001,114.031,0.568,310.091,1.0
64.1666,128.11225,37.858687,6395.9805024,114.878,0.546,310.024,1.0
64.1833,128.112224,37.858703,6395.9756256,115.737,0.523,309.958,1.0
64.2,128.112199,37.858718,6395.9686152,116.609,0.5,309.891,1.0
64.2166,128.112173,37.858733,6395.9588616,117.492,0.476,309.824,1.0
64.2333,128.112147,37.858748,6395.946974400001,118.388,0.452,309.756,1.0
64.25,128.112122,37.858763,6395.9326488,119.295,0.427,309.689,1.0
64.2666,128.112096,37.858779,6395.9161896,120.213,0.403,309.621,1.0
64.2833,128.11207,37.858794,6395.896987200001,121.143,0.378,309.553,1.0
64.3,128.112045,37.858809,6395.875956000001,122.085,0.353,309.485,1.0
64.3166,128.112019,37.858825,6395.8524864,123.038,0.328,309.417,1.0
64.3333,128.111993,37.85884,6395.8265784000005,124.001,0.303,309.348,1.0
64.35,128.111967,37.858855,6395.798536800001,124.976,0.279,309.28,1.0
64.3666,128.111942,37.85887,6395.7683615999995,125.962,0.254,309.212,1.0
64.3833,128.111916,37.858886,6395.7360528,126.959,0.23,309.144,1.0
64.4,128.11189,37.858901,6395.7016104,127.966,0.207,309.076,1.0
64.4166,128.111864,37.858917,6395.6653392,128.984,0.184,309.008,1.0
64.4333,128.111838,37.858932,6395.626629599999,130.013,0.161,308.94,1.0
64.45,128.111812,37.858947,6395.5857864,131.052,0.139,308.873,1.0
64.4666,128.111786,37.858963,6395.5431144,132.101,0.117,308.805,1.0
64.4833,128.11176,37.858978,6395.498613600001,133.16,0.096,308.738,1.0
64.5,128.111734,37.858993,6395.451979200001,134.229,0.076,308.671,1.0
64.5166,128.111708,37.859009,6395.403515999999,135.308,0.056,308.604,1.0
64.5333,128.111682,37.859024,6395.353224,136.398,0.038,308.538,1.0
64.55,128.111656,37.85904,6395.3011032,137.496,0.02,308.472,1.0
64.5666,128.11163,37.859055,6395.2468488,138.605,0.003,308.406,1.0
64.5833,128.111604,37.859071,6395.191070400001,139.723,-0.013,308.34,1.0
64.6,128.111578,37.859086,6395.133768000001,140.85,-0.028,308.275,1.0
64.6166,128.111551,37.859101,6395.0746368,141.987,-0.043,308.211,1.0
64.6333,128.111525,37.859117,6395.0136768,143.133,-0.056,308.147,1.0
64.65,128.111499,37.859132,6394.951192800001,144.288,-0.069,308.083,1.0
64.6666,128.111473,37.859148,6394.8871848,145.452,-0.08,308.02,1.0
64.6833,128.111446,37.859163,6394.8216528,146.626,-0.091,307.957,1.0
64.7,128.11142,37.859179,6394.7545968,147.81,-0.1,307.895,1.0
64.7166,128.111394,37.859194,6394.6860168,149.002,-0.109,307.834,1.0
64.7333,128.111367,37.85921,6394.6162176,150.204,-0.116,307.772,1.0
64.75,128.111341,37.859226,6394.5448944,151.416,-0.122,307.712,1.0
64.7666,128.111315,37.859241,6394.472352000001,152.637,-0.127,307.652,1.0
64.7833,128.111288,37.859257,6394.3982856,153.868,-0.131,307.592,1.0
64.8,128.111262,37.859272,6394.323,155.108,-0.133,307.534,1.0
64.8166,128.111235,37.859288,6394.2468,156.358,-0.135,307.476,1.0
64.8333,128.111209,37.859303,6394.169076,157.618,-0.135,307.418,1.0
64.85,128.111182,37.859319,6394.090437600001,158.887,-0.134,307.362,1.0
64.8666,128.111156,37.859334,6394.01058,160.166,-0.132,307.306,1.0
64.8833,128.111129,37.85935,6393.929808,161.455,-0.129,307.251,1.0
64.9,128.111103,37.859366,6393.8478168,162.753,-0.124,307.197,1.0
64.9166,128.111076,37.859381,6393.764911200001,164.061,-0.118,307.144,1.0
64.9333,128.111049,37.859397,6393.6807864,165.379,-0.111,307.092,1.0
64.95,128.111023,37.859413,6393.596052000001,166.707,-0.103,307.041,1.0
64.9666,128.110996,37.859428,6393.5104032,168.045,-0.094,306.992,1.0
64.9833,128.110969,37.859444,6393.42384,169.392,-0.083,306.943,1.0
65.0,128.110942,37.85946,6393.3363624,170.749,-0.071,306.895,1.0
65.0166,128.110916,37.859475,6393.2482752,172.116,-0.058,306.849,1.0
65.0333,128.110889,37.859491,6393.1592736,173.493,-0.044,306.804,1.0
65.05,128.110862,37.859507,6393.0696624,174.879,-0.029,306.761,1.0
65.0666,128.110835,37.859522,6392.9794416,176.275,-0.013,306.718,1.0
65.0833,128.110808,37.859538,6392.888611200001,177.681,0.003,306.678,1.0
65.1,128.110781,37.859554,6392.797476,179.097,0.022,306.639,1.0
65.1166,128.110755,37.85957,6392.7054264,-179.477,0.041,306.601,1.0
65.1333,128.110728,37.859585,6392.613072,-178.042,0.061,306.565,1.0
65.15,128.110701,37.859601,6392.5204128000005,-176.597,0.082,306.531,1.0
65.1666,128.110674,37.859617,6392.427144,-175.143,0.104,306.498,1.0
65.1833,128.110647,37.859633,6392.333570400001,-173.679,0.127,306.467,1.0
65.2,128.11062,37.859649,6392.2393872,-172.206,0.151,306.438,1.0
65.2166,128.110593,37.859664,6392.145204,-170.724,0.175,306.411,1.0
65.2333,128.110566,37.85968,6392.050411200001,-169.232,0.195,306.384,1.0
65.25,128.110539,37.859696,6391.9553136,-167.731,0.21,306.359,1.0
65.2666,128.110512,37.859712,6391.859606400001,-166.221,0.219,306.333,1.0
65.2833,128.110484,37.859728,6391.7635944,-164.702,0.224,306.309,1.0
65.3,128.110457,37.859744,6391.6672776000005,-163.175,0.225,306.284,1.0
65.3166,128.11043,37.85976,6391.570351200001,-161.638,0.223,306.26,1.0
65.3333,128.110403,37.859776,6391.473120000001,-160.093,0.212,306.235,1.0
65.35,128.110376,37.859792,6391.374974400001,-158.54,0.188,306.207,1.0
65.3666,128.110349,37.859808,6391.276219200001,-156.979,0.152,306.174,1.0
65.3833,128.110321,37.859824,6391.1771592000005,-155.409,0.105,306.137,1.0
65.4,128.110294,37.85984,6391.07688,-153.833,0.048,306.097,1.0
65.4166,128.110267,37.859856,6390.9759912,-152.248,-0.017,306.053,1.0
65.4333,128.11024,37.859872,6390.874188000001,-150.657,-0.095,306.002,1.0
65.45,128.110213,37.859888,6390.771165600001,-149.06,-0.19,305.941,1.0
65.4666,128.110185,37.859904,6390.666924000001,-147.456,-0.3,305.87,1.0
65.4833,128.110158,37.85992,6390.561463200001,-145.846,-0.423,305.79,1.0
65.5,128.110131,37.859936,6390.454783200001,-144.231,-0.559,305.7,1.0
65.5166,128.110103,37.859953,6390.346579200001,-142.612,-0.704,305.6,1.0
65.5333,128.110076,37.859969,6390.2362416000005,-140.988,-0.863,305.487,1.0
65.55,128.110049,37.859985,6390.12438,-139.36,-1.038,305.358,1.0
65.5666,128.110021,37.860001,6390.0103848,-137.729,-1.227,305.212,1.0
65.5833,128.109994,37.860017,6389.8945608,-136.095,-1.428,305.05,1.0
65.6,128.109966,37.860034,6389.7762984,-134.458,-1.639,304.872,1.0
65.6166,128.109939,37.86005,6389.655597600001,-132.818,-1.858,304.678,1.0
65.6333,128.109911,37.860066,6389.5324584,-131.176,-2.087,304.466,1.0
65.65,128.109884,37.860082,6389.406576,-129.53,-2.326,304.232,1.0
65.6666,128.109856,37.860099,6389.2779504,-127.882,-2.572,303.978,1.0
65.6833,128.109829,37.860115,6389.1462768,-126.23,-2.823,303.705,1.0
65.7,128.109801,37.860131,6389.011555200001,-124.576,-3.076,303.414,1.0
65.7166,128.109774,37.860148,6388.8737856,-122.919,-3.329,303.108,1.0
65.7333,128.109746,37.860164,6388.7326632,-121.26,-3.58,302.786,1.0
65.75,128.109719,37.86018,6388.588188000001,-119.598,-3.827,302.452,1.0
65.7666,128.109691,37.860197,6388.4403600000005,-117.935,-4.068,302.106,1.0
65.7833,128.109663,37.860213,6388.289179200001,-116.271,-4.301,301.75,1.0
65.8,128.109636,37.860229,6388.134036,-114.606,-4.525,301.386,1.0
65.8166,128.109608,37.860246,6387.97554,-112.94,-4.738,301.015,1.0
65.8333,128.10958,37.860262,6387.8130816,-111.275,-4.94,300.638,1.0
65.85,128.109552,37.860278,6387.647270400001,-109.611,-5.129,300.257,1.0
65.8666,128.109524,37.860295,6387.477496800001,-107.95,-5.306,299.874,1.0
65.8833,128.109496,37.860311,6387.3037608,-106.292,-5.469,299.489,1.0
65.9,128.109469,37.860327,6387.1263672000005,-104.638,-5.618,299.104,1.0
65.9166,128.109441,37.860344,6386.945315999999,-102.99,-5.754,298.72,1.0
65.9333,128.109413,37.86036,6386.7606072,-101.402,-5.877,298.338,1.0
65.95,128.109385,37.860376,6386.5716312,-99.875,-5.99,297.959,1.0
65.9666,128.109357,37.860393,6386.3793024,-98.408,-6.091,297.583,1.0
65.9833,128.109328,37.860409,6386.182706400001,-96.997,-6.181,297.212,1.0
66.0,128.1093,37.860425,6385.982148,-95.642,-6.258,296.845,1.0
66.0166,128.109272,37.860441,6385.777932,-94.339,-6.324,296.483,1.0
66.0333,128.109244,37.860457,6385.570058400001,-93.118,-6.38,296.126,1.0
66.05,128.109215,37.860474,6385.3582224,-91.979,-6.426,295.775,1.0
66.0666,128.109187,37.86049,6385.1427288,-90.915,-6.463,295.43,1.0
66.0833,128.109159,37.860506,6384.9238824,-89.925,-6.491,295.09,1.0
66.1,128.10913,37.860522,6384.701378400001,-89.005,-6.509,294.756,1.0
66.1166,128.109102,37.860538,6384.4758264,-88.151,-6.519,294.428,1.0
66.1333,128.109073,37.860553,6384.2469216,-87.37,-6.52,294.105,1.0
66.15,128.109044,37.860569,6384.0149688,-86.658,-6.514,293.787,1.0
66.1666,128.109016,37.860585,6383.779968,-86.013,-6.501,293.475,1.0
66.1833,128.108987,37.8606,6383.542224000001,-85.431,-6.48,293.167,1.0
66.2,128.108958,37.860616,6383.301432,-84.906,-6.453,292.864,1.0
66.2166,128.108929,37.860632,6383.058201600001,-84.437,-6.421,292.565,1.0
66.2333,128.1089,37.860647,6382.812228000001,-84.02,-6.382,292.27,1.0
66.25,128.108871,37.860662,6382.563816,-83.652,-6.338,291.98,1.0
66.2666,128.108842,37.860678,6382.312660800001,-83.33,-6.289,291.694,1.0
66.2833,128.108812,37.860693,6382.0590672,-83.05,-6.236,291.411,1.0
66.3,128.108783,37.860708,6381.8030352,-82.81,-6.179,291.132,1.0
66.3166,128.108754,37.860723,6381.5445648,-82.607,-6.119,290.857,1.0
66.3333,128.108724,37.860738,6381.2839608,-82.437,-6.055,290.585,1.0
66.35,128.108695,37.860753,6381.0209184000005,-82.3,-5.989,290.316,1.0
66.3666,128.108665,37.860768,6380.755437600001,-82.191,-5.921,290.051,1.0
66.3833,128.108636,37.860783,6380.4875184,-82.109,-5.85,289.789,1.0
66.4,128.108606,37.860798,6380.2177704000005,-82.05,-5.778,289.53,1.0
66.4166,128.108577,37.860813,6379.945584000001,-82.013,-5.705,289.274,1.0
66.4333,128.108547,37.860827,6379.6712640000005,-81.996,-5.631,289.021,1.0
66.45,128.108517,37.860842,6379.3945056,-81.996,-5.556,288.771,1.0
66.4666,128.108487,37.860857,6379.115918400001,-82.012,-5.481,288.523,1.0
66.4833,128.108457,37.860871,6378.835197600001,-82.041,-5.406,288.279,1.0
66.5,128.108427,37.860886,6378.552038400001,-82.082,-5.331,288.037,1.0
66.5166,128.108397,37.8609,6378.267050400001,-82.134,-5.257,287.798,1.0
66.5333,128.108367,37.860915,6377.9799288,-82.193,-5.183,287.561,1.0
66.55,128.108337,37.860929,6377.6903688,-82.259,-5.11,287.327,1.0
66.5666,128.108307,37.860943,6377.3992848,-82.33,-5.038,287.095,1.0
66.5833,128.108277,37.860957,6377.1057624000005,-82.405,-4.967,286.865,1.0
66.6,128.108246,37.860971,6376.810411200001,-82.483,-4.898,286.638,1.0
66.6166,128.108216,37.860985,6376.5129264,-82.562,-4.829,286.413,1.0
66.6333,128.108186,37.860999,6376.213308,-82.641,-4.763,286.19,1.0
66.65,128.108155,37.861013,6375.911860800001,-82.72,-4.697,285.969,1.0
66.6666,128.108125,37.861027,6375.6082799999995,-82.796,-4.633,285.751,1.0
66.6833,128.108094,37.861041,6375.302870400001,-82.87,-4.571,285.534,1.0
66.7,128.108063,37.861055,6374.9953272,-82.941,-4.511,285.319,1.0
66.7166,128.108033,37.861069,6374.6859552000005,-83.007,-4.452,285.106,1.0
66.7333,128.108002,37.861082,6374.3744496,-83.069,-4.395,284.895,1.0
66.75,128.107971,37.861096,6374.061115200001,-83.126,-4.34,284.686,1.0
66.7666,128.10794,37.861109,6373.745952000001,-83.176,-4.286,284.478,1.0
66.7833,128.107909,37.861123,6373.42896,-83.221,-4.234,284.272,1.0
66.8,128.107878,37.861136,6373.1098344,-83.259,-4.184,284.068,1.0
66.8166,128.107847,37.861149,6372.78888,-83.291,-4.136,283.865,1.0
66.8333,128.107816,37.861163,6372.466096800001,-83.315,-4.089,283.664,1.0
66.85,128.107785,37.861176,6372.1414847999995,-83.332,-4.044,283.463,1.0
66.8666,128.107754,37.861189,6371.8147392,-83.342,-4.0,283.265,1.0
66.8833,128.107723,37.861202,6371.4864696,-83.344,-3.958,283.067,1.0
66.9,128.107691,37.861215,6371.1563712,-83.339,-3.917,282.871,1.0
66.9166,128.10766,37.861228,6370.824444,-83.327,-3.877,282.676,1.0
66.9333,128.107629,37.861241,6370.490688000001,-83.306,-3.839,282.482,1.0
66.95,128.107597,37.861253,6370.1551032,-83.278,-3.802,282.29,1.0
66.9666,128.107566,37.861266,6369.8179944,-83.243,-3.766,282.098,1.0
66.9833,128.107534,37.861279,6369.479056800001,-83.2,-3.732,281.907,1.0
67.0,128.107502,37.861291,6369.1382904,-83.149,-3.698,281.717,1.0
67.0166,128.107471,37.861304,6368.796,-83.091,-3.666,281.528,1.0
67.0333,128.107439,37.861316,6368.4518808,-83.026,-3.634,281.34,1.0
67.05,128.107407,37.861328,6368.106237600001,-82.954,-3.603,281.153,1.0
67.0666,128.107375,37.86134,6367.7587656000005,-82.875,-3.573,280.967,1.0
67.0833,128.107343,37.861353,6367.409769600001,-82.79,-3.544,280.781,1.0
67.1,128.107312,37.861365,6367.0592496,-82.698,-3.516,280.596,1.0
67.1166,128.10728,37.861377,6366.707205600001,-82.6,-3.488,280.412,1.0
67.1333,128.107247,37.861389,6366.3536376,-82.495,-3.461,280.229,1.0
67.15,128.107215,37.861401,6365.9985456,-82.385,-3.434,280.046,1.0
67.1666,128.107183,37.861412,6365.6419295999995,-82.27,-3.408,279.864,1.0
67.1833,128.107151,37.861424,6365.2840944,-82.149,-3.382,279.682,1.0
67.2,128.107119,37.861436,6364.9244304,-82.023,-3.356,279.501,1.0
67.2166,128.107086,37.861447,6364.5635472,-81.892,-3.331,279.321,1.0
67.2333,128.107054,37.861459,6364.2014448,-81.757,-3.306,279.141,1.0
67.25,128.107022,37.86147,6363.8378184,-81.617,-3.282,278.962,1.0
67.2666,128.106989,37.861481,6363.4729728,-81.473,-3.257,278.783,1.0
67.2833,128.106957,37.861493,6363.1066032,-81.326,-3.233,278.604,1.0
67.3,128.106924,37.861504,6362.739319200001,-81.174,-3.209,278.426,1.0
67.3166,128.106892,37.861515,6362.370511200001,-81.019,-3.186,278.248,1.0
67.3333,128.106859,37.861526,6362.000484000001,-80.862,-3.162,278.071,1.0
67.35,128.106826,37.861537,6361.629542400001,-80.701,-3.138,277.894,1.0
67.3666,128.106793,37.861547,6361.2573816,-80.537,-3.115,277.717,1.0
67.3833,128.106761,37.861558,6360.8840016,-80.371,-3.091,277.54,1.0
67.4,128.106728,37.861569,6360.5097072,-80.204,-3.068,277.364,1.0
67.4166,128.106695,37.861579,6360.1341936,-80.034,-3.044,277.188,1.0
67.4333,128.106662,37.86159,6359.757765600001,-79.862,-3.021,277.013,1.0
67.45,128.106629,37.8616,6359.3804232,-79.689,-2.997,276.837,1.0
67.4666,128.106596,37.861611,6359.0021664,-79.514,-2.973,276.662,1.0
67.4833,128.106563,37.861621,6358.6226904000005,-79.339,-2.949,276.487,1.0
67.5,128.10653,37.861631,6358.242604800001,-79.162,-2.925,276.312,1.0
67.5166,128.106497,37.861641,6357.8616048,-78.985,-2.9,276.138,1.0
67.5333,128.106463,37.861651,6357.4796904,-78.807,-2.876,275.963,1.0
67.55,128.10643,37.861661,6357.0971664,-78.629,-2.851,275.789,1.0
67.5666,128.106397,37.861671,6356.713728000001,-78.45,-2.826,275.615,1.0
67.5833,128.106363,37.861681,6356.3293752,-78.271,-2.8,275.441,1.0
67.6,128.10633,37.86169,6355.9447176,-78.092,-2.774,275.267,1.0
67.6166,128.106297,37.8617,6355.5591456,-77.913,-2.748,275.093,1.0
67.6333,128.106263,37.861709,6355.172964,-77.734,-2.722,274.92,1.0
67.65,128.10623,37.861719,6354.786172800001,-77.556,-2.695,274.746,1.0
67.6666,128.106196,37.861728,6354.3987720000005,-77.378,-2.668,274.573,1.0
67.6833,128.106162,37.861737,6354.0107616,-77.201,-2.64,274.4,1.0
67.7,128.106129,37.861746,6353.622446400001,-77.024,-2.612,274.227,1.0
67.7166,128.106095,37.861755,6353.2332168,-76.848,-2.584,274.054,1.0
67.7333,128.106061,37.861764,6352.843987200001,-76.673,-2.555,273.881,1.0
67.75,128.106027,37.861773,6352.454148,-76.499,-2.526,273.708,1.0
67.7666,128.105994,37.861782,6352.064004,-76.325,-2.497,273.535,1.0
67.7833,128.10596,37.861791,6351.6732504,-76.152,-2.468,273.363,1.0
67.8,128.105926,37.8618,6351.2824968,-75.98,-2.439,273.19,1.0
67.8166,128.105892,37.861808,6350.891133600001,-75.81,-2.409,273.017,1.0
67.8333,128.105858,37.861817,6350.499770400001,-75.639,-2.38,272.844,1.0
67.85,128.105824,37.861825,6350.1081024,-75.468,-2.352,272.671,1.0
67.8666,128.10579,37.861833,6349.7164344,-75.297,-2.324,272.498,1.0
67.8833,128.105756,37.861842,6349.3244616,-75.126,-2.297,272.325,1.0
67.9,128.105721,37.86185,6348.9324888,-74.957,-2.27,272.151,1.0
67.9166,128.105687,37.861858,6348.540211200001,-74.789,-2.243,271.978,1.0
67.9333,128.105653,37.861866,6348.147933600001,-74.623,-2.217,271.804,1.0
67.95,128.105619,37.861874,6347.755656,-74.457,-2.191,271.63,1.0
67.9666,128.105584,37.861881,6347.3630736000005,-74.294,-2.165,271.456,1.0
67.9833,128.10555,37.861889,6346.9707960000005,-74.133,-2.14,271.282,1.0
68.0,128.105516,37.861897,6346.578518400001,-73.974,-2.114,271.108,1.0
68.0166,128.105481,37.861904,6346.186240800001,-73.818,-2.088,270.934,1.0
68.0333,128.105447,37.861912,6345.7939632,-73.664,-2.063,270.76,1.0
68.05,128.105412,37.861919,6345.401990400001,-73.514,-2.037,270.586,1.0
68.0666,128.105378,37.861926,6345.0100176000005,-73.367,-2.01,270.412,1.0
68.0833,128.105343,37.861934,6344.6180448000005,-73.223,-1.984,270.238,1.0
68.1,128.105309,37.861941,6344.2263768,-73.083,-1.957,270.064,1.0
68.1166,128.105274,37.861948,6343.8347088,-72.946,-1.929,269.89,1.0
68.1333,128.105239,37.861955,6343.443345600001,-72.812,-1.901,269.716,1.0
68.15,128.105205,37.861962,6343.0522872,-72.682,-1.873,269.542,1.0
68.1666,128.10517,37.861968,6342.6615336,-72.556,-1.844,269.369,1.0
68.1833,128.105135,37.861975,6342.27078,-72.433,-1.815,269.195,1.0
68.2,128.1051,37.861982,6341.880636,-72.314,-1.786,269.021,1.0
68.2166,128.105066,37.861988,6341.490492000001,-72.197,-1.755,268.848,1.0
68.2333,128.105031,37.861995,6341.1009576,-72.084,-1.725,268.674,1.0
68.25,128.104996,37.862001,6340.7114232,-71.975,-1.694,268.501,1.0
68.2666,128.104961,37.862007,6340.3224984,-71.868,-1.663,268.328,1.0
68.2833,128.104926,37.862013,6339.933878400001,-71.765,-1.631,268.155,1.0
68.3,128.104891,37.86202,6339.5455632,-71.665,-1.599,267.982,1.0
68.3166,128.104856,37.862026,6339.1578576,-71.567,-1.566,267.809,1.0
68.3333,128.104821,37.862031,6338.770456800001,-71.472,-1.533,267.636,1.0
68.35,128.104786,37.862037,6338.3833608,-71.38,-1.5,267.463,1.0
68.3666,128.104751,37.862043,6337.996874400001,-71.291,-1.466,267.29,1.0
68.3833,128.104716,37.862049,6337.610997600001,-71.203,-1.432,267.118,1.0
68.4,128.10468,37.862054,6337.2254256,-71.119,-1.398,266.945,1.0
68.4166,128.104645,37.86206,6336.8404632,-71.036,-1.363,266.773,1.0
68.4333,128.10461,37.862065,6336.4558056000005,-70.955,-1.328,266.6,1.0
68.45,128.104575,37.86207,6336.0717576,-70.876,-1.292,266.428,1.0
68.4666,128.104539,37.862076,6335.6883192000005,-70.799,-1.257,266.256,1.0
68.4833,128.104504,37.862081,6335.3054904,-70.723,-1.221,266.084,1.0
68.5,128.104469,37.862086,6334.9232712,-70.649,-1.185,265.912,1.0
68.5166,128.104433,37.862091,6334.5416616,-70.577,-1.148,265.74,1.0
68.5333,128.104398,37.862096,6334.1606616,-70.505,-1.112,265.568,1.0
68.55,128.104363,37.862101,6333.7802712,-70.435,-1.075,265.397,1.0
68.5666,128.104327,37.862105,6333.4001856,-70.366,-1.038,265.225,1.0
68.5833,128.104292,37.86211,6333.021319200001,-70.298,-1.001,265.054,1.0
68.6,128.104256,37.862114,6332.6427576,-70.23,-0.963,264.882,1.0
68.6166,128.104221,37.862119,6332.264805600001,-70.164,-0.926,264.711,1.0
68.6333,128.104185,37.862123,6331.8877680000005,-70.098,-0.888,264.54,1.0
68.65,128.10415,37.862128,6331.51134,-70.032,-0.85,264.369,1.0
68.6666,128.104114,37.862132,6331.1358264,-69.967,-0.812,264.198,1.0
68.6833,128.104078,37.862136,6330.7609224,-69.902,-0.774,264.027,1.0
68.7,128.104043,37.86214,6330.386628,-69.838,-0.735,263.856,1.0
68.7166,128.104007,37.862144,6330.013248,-69.774,-0.697,263.685,1.0
68.7333,128.103971,37.862148,6329.640782400001,-69.71,-0.658,263.514,1.0
68.75,128.103936,37.862151,6329.2689264,-69.646,-0.62,263.344,1.0
68.7666,128.1039,37.862155,6328.8979848,-69.582,-0.581,263.173,1.0
68.7833,128.103864,37.862159,6328.5276527999995,-69.518,-0.542,263.003,1.0
68.8,128.103829,37.862162,6328.15854,-69.454,-0.503,262.833,1.0
68.8166,128.103793,37.862166,6327.7900368,-69.39,-0.464,262.662,1.0
68.8333,128.103757,37.862169,6327.422448,-69.325,-0.424,262.492,1.0
68.85,128.103721,37.862172,6327.055773600001,-69.261,-0.385,262.322,1.0
68.8666,128.103685,37.862175,6326.6900136,-69.196,-0.345,262.152,1.0
68.8833,128.103649,37.862178,6326.3248632,-69.131,-0.306,261.982,1.0
68.9,128.103614,37.862181,6325.960932,-69.066,-0.266,261.812,1.0
68.9166,128.103578,37.862184,6325.598220000001,-69.001,-0.226,261.643,1.0
68.9333,128.103542,37.862187,6325.2361176,-68.935,-0.186,261.473,1.0
68.95,128.103506,37.86219,6324.8749296,-68.869,-0.146,261.303,1.0
68.9666,128.10347,37.862193,6324.514960800001,-68.802,-0.106,261.134,1.0
68.9833,128.103434,37.862195,6324.155906400001,-68.736,-0.065,260.964,1.0
69.0,128.103398,37.862198,6323.7977664,-68.669,-0.025,260.795,1.0
69.0166,128.103362,37.8622,6323.4408456,-68.601,0.015,260.626,1.0
69.0333,128.103326,37.862202,6323.0848392,-68.534,0.055,260.457,1.0
69.05,128.10329,37.862204,6322.730052000001,-68.466,0.096,260.288,1.0
69.0666,128.103254,37.862207,6322.3761792000005,-68.397,0.137,260.119,1.0
69.0833,128.103218,37.862209,6322.0235256,-68.329,0.178,259.95,1.0
69.1,128.103182,37.86221,6321.6717864,-68.26,0.22,259.781,1.0
69.1166,128.103146,37.862212,6321.3212664,-68.191,0.261,259.612,1.0
69.1333,128.10311,37.862214,6320.971965600001,-68.121,0.302,259.443,1.0
69.15,128.103073,37.862216,6320.6238840000005,-68.052,0.344,259.275,1.0
69.1666,128.103037,37.862217,6320.2770216,-67.982,0.386,259.106,1.0
69.1833,128.103001,37.862219,6319.931073600001,-67.912,0.428,258.938,1.0
69.2,128.102965,37.86222,6319.5866496,-67.842,0.47,258.769,1.0
69.2166,128.102929,37.862222,6319.2431400000005,-67.771,0.512,258.601,1.0
69.2333,128.102893,37.862223,6318.900849600001,-67.7,0.555,258.433,1.0
69.25,128.102856,37.862224,6318.560083200001,-67.63,0.597,258.264,1.0
69.2666,128.10282,37.862225,6318.220536,-67.559,0.64,258.096,1.0
69.2833,128.102784,37.862226,6317.882208,-67.488,0.683,257.928,1.0
69.3,128.102748,37.862227,6317.545099200001,-67.417,0.726,257.76,1.0
69.3166,128.102712,37.862228,6317.209209600001,-67.345,0.769,257.593,1.0
69.3333,128.102675,37.862229,6316.874844,-67.274,0.813,257.425,1.0
69.35,128.102639,37.862229,6316.541697600001,-67.203,0.857,257.257,1.0
69.3666,128.102603,37.86223,6316.2100752,-67.131,0.9,257.09,1.0
69.3833,128.102567,37.86223,6315.879672,-67.06,0.944,256.922,1.0
69.4,128.10253,37.862231,6315.550792800001,-66.989,0.989,256.755,1.0
69.4166,128.102494,37.862231,6315.223132800001,-66.917,1.033,256.587,1.0
69.4333,128.102458,37.862231,6314.896996800001,-66.846,1.078,256.42,1.0
69.45,128.102421,37.862231,6314.5723848,-66.775,1.122,256.253,1.0
69.4666,128.102385,37.862231,6314.248992000001,-66.703,1.167,256.086,1.0
69.4833,128.102349,37.862231,6313.9271232,-66.632,1.212,255.918,1.0
69.5,128.102313,37.862231,6313.606778400001,-66.561,1.258,255.752,1.0
69.5166,128.102276,37.862231,6313.2879576,-66.49,1.303,255.585,1.0
69.5333,128.10224,37.86223,6312.970660800001,-66.419,1.349,255.418,1.0
69.55,128.102204,37.86223,6312.654888000001,-66.348,1.395,255.251,1.0
69.5666,128.102167,37.862229,6312.3406392,-66.277,1.441,255.084,1.0
69.5833,128.102131,37.862229,6312.027914400001,-66.207,1.487,254.918,1.0
69.6,128.102095,37.862228,6311.716713600001,-66.136,1.534,254.751,1.0
69.6166,128.102058,37.862227,6311.4070368,-66.066,1.581,254.585,1.0
69.6333,128.102022,37.862227,6311.098884000001,-65.996,1.628,254.419,1.0
69.65,128.101986,37.862226,6310.792560000001,-65.926,1.675,254.253,1.0
69.6666,128.101949,37.862225,6310.487760000001,-65.856,1.722,254.086,1.0
69.6833,128.101913,37.862223,6310.184484000001,-65.786,1.77,253.92,1.0
69.7,128.101876,37.862222,6309.883036800001,-65.716,1.818,253.754,1.0
69.7166,128.10184,37.862221,6309.583113600001,-65.647,1.866,253.589,1.0
69.7333,128.101804,37.86222,6309.2850192000005,-65.577,1.914,253.423,1.0
69.75,128.101767,37.862218,6308.9884488,-65.508,1.962,253.257,1.0
69.7666,128.101731,37.862217,6308.6937072,-65.439,2.011,253.092,1.0
69.7833,128.101695,37.862215,6308.4004896,-65.37,2.06,252.926,1.0
69.8,128.101658,37.862213,6308.1091008,-65.301,2.109,252.761,1.0
69.8166,128.101622,37.862211,6307.8195408,-65.233,2.158,252.595,1.0
69.8333,128.101586,37.86221,6307.5318096,-65.164,2.207,252.43,1.0
69.85,128.101549,37.862208,6307.245602399999,-65.096,2.257,252.265,1.0
69.8666,128.101513,37.862205,6306.9615288,-65.028,2.307,252.1,1.0
69.8833,128.101476,37.862203,6306.678979200001,-64.96,2.357,251.935,1.0
69.9,128.10144,37.862201,6306.3982584000005,-64.892,2.407,251.77,1.0
69.9166,128.101404,37.862199,6306.1193664,-64.824,2.458,251.606,1.0
69.9333,128.101367,37.862196,6305.8423032,-64.756,2.509,251.441,1.0
69.95,128.101331,37.862194,6305.567373600001,-64.689,2.56,251.276,1.0
69.9666,128.101295,37.862191,6305.293968,-64.621,2.611,251.112,1.0
69.9833,128.101258,37.862189,6305.022696,-64.554,2.662,250.948,1.0
70.0,128.101222,37.862186,6304.7532528,-64.487,2.714,250.783,1.0
70.0166,128.101186,37.862183,6304.4856384,-64.42,2.765,250.619,1.0
70.0333,128.101149,37.86218,6304.2198528,-64.353,2.817,250.455,1.0
70.05,128.101113,37.862177,6303.9562008,-64.286,2.869,250.291,1.0
70.0666,128.101077,37.862174,6303.694377600001,-64.219,2.922,250.128,1.0
70.0833,128.101041,37.862171,6303.434688,-64.152,2.974,249.964,1.0
70.1,128.101004,37.862167,6303.1768272,-64.085,3.027,249.8,1.0
70.1166,128.100968,37.862164,6302.920795200001,-64.019,3.08,249.637,1.0
70.1333,128.100932,37.862161,6302.667201600001,-63.952,3.134,249.473,1.0
70.15,128.100895,37.862157,6302.415436800001,-63.886,3.187,249.31,1.0
70.1666,128.100859,37.862153,6302.165500800001,-63.819,3.241,249.147,1.0
70.1833,128.100823,37.86215,6301.9176984,-63.753,3.294,248.984,1.0
70.2,128.100787,37.862146,6301.672029599999,-63.687,3.349,248.821,1.0
70.2166,128.10075,37.862142,6301.4284944,-63.621,3.403,248.658,1.0
70.2333,128.100714,37.862138,6301.187092800001,-63.554,3.457,248.496,1.0
70.25,128.100678,37.862134,6300.947520000001,-63.488,3.512,248.333,1.0
70.2666,128.100642,37.86213,6300.7100808000005,-63.422,3.567,248.171,1.0
70.2833,128.100606,37.862126,6300.47508,-63.356,3.622,248.008,1.0
70.3,128.100569,37.862121,6300.241908,-63.29,3.677,247.846,1.0
70.3166,128.100533,37.862117,6300.0111744000005,-63.224,3.733,247.684,1.0
70.3333,128.100497,37.862113,6299.7822696,-63.158,3.789,247.522,1.0
70.35,128.100461,37.862108,6299.5558032,-63.092,3.844,247.36,1.0
70.3666,128.100425,37.862103,6299.331470400001,-63.026,3.901,247.198,1.0
70.3833,128.100389,37.862099,6299.1092712,-62.96,3.957,247.037,1.0
70.4,128.100352,37.862094,6298.8892056,-62.894,4.014,246.875,1.0
70.4166,128.100316,37.862089,6298.671578400001,-62.828,4.07,246.714,1.0
70.4333,128.10028,37.862084,6298.4560848,-62.762,4.127,246.552,1.0
70.45,128.100244,37.862079,6298.2430296,-62.696,4.185,246.391,1.0
70.4666,128.100208,37.862074,6298.0318032,-62.63,4.242,246.23,1.0
70.4833,128.100172,37.862069,6297.82332,-62.564,4.3,246.069,1.0
70.5,128.100136,37.862063,6297.616970400001,-62.498,4.357,245.909,1.0
70.5166,128.1001,37.862058,6297.4127544,-62.432,4.415,245.748,1.0
70.5333,128.100064,37.862052,6297.2109768,-62.367,4.474,245.588,1.0
70.55,128.100028,37.862047,6297.0116376000005,-62.301,4.532,245.427,1.0
70.5666,128.099992,37.862041,6296.8147368,-62.235,4.591,245.267,1.0
70.5833,128.099956,37.862035,6296.6199696,-62.169,4.65,245.107,1.0
70.6,128.09992,37.86203,6296.4276408000005,-62.103,4.709,244.947,1.0
70.6166,128.099884,37.862024,6296.237750400001,-62.037,4.768,244.787,1.0
70.6333,128.099848,37.862018,6296.0502983999995,-61.971,4.828,244.627,1.0
70.65,128.099812,37.862012,6295.86498,-61.905,4.887,244.468,1.0
70.6666,128.099776,37.862006,6295.682404800001,-61.838,4.947,244.308,1.0
70.6833,128.099741,37.861999,6295.502268,-61.772,5.007,244.149,1.0
70.7,128.099705,37.861993,6295.3245696,-61.706,5.068,243.99,1.0
70.7166,128.099669,37.861987,6295.1490048000005,-61.64,5.128,243.831,1.0
70.7333,128.099633,37.86198,6294.9761832,-61.574,5.189,243.672,1.0
70.75,128.099597,37.861974,6294.8058,-61.508,5.25,243.513,1.0
70.7666,128.099562,37.861967,6294.63816,-61.442,5.311,243.354,1.0
70.7833,128.099526,37.86196,6294.4726536,-61.376,5.373,243.196,1.0
70.8,128.09949,37.861953,6294.3098904,-61.31,5.434,243.038,1.0
70.8166,128.099455,37.861947,6294.149565600001,-61.243,5.496,242.879,1.0
70.8333,128.099419,37.86194,6293.991984000001,-61.177,5.558,242.721,1.0
70.85,128.099383,37.861932,6293.836840800001,-61.111,5.621,242.563,1.0
70.8666,128.099348,37.861925,6293.684440800001,-61.045,5.683,242.406,1.0
70.8833,128.099312,37.861918,6293.5344792000005,-60.979,5.746,242.248,1.0
70.9,128.099276,37.861911,6293.386956,-60.913,5.809,242.09,1.0
70.9166,128.099241,37.861903,6293.2424808000005,-60.847,5.872,241.933,1.0
70.9333,128.099205,37.861896,6293.1001392,-60.78,5.935,241.776,1.0
70.95,128.09917,37.861888,6292.9608456000005,-60.714,5.999,241.619,1.0
70.9666,128.099134,37.861881,6292.8239904,-60.648,6.063,241.462,1.0
70.9833,128.099099,37.861873,6292.6898784,-60.582,6.127,241.305,1.0
71.0,128.099063,37.861865,6292.5585096,-60.516,6.191,241.148,1.0
71.0166,128.099028,37.861857,6292.429884000001,-60.451,6.255,240.992,1.0
71.0333,128.098993,37.86185,6292.3040016,-60.385,6.32,240.835,1.0
71.05,128.098957,37.861842,6292.1805576,-60.319,6.385,240.679,1.0
71.0666,128.098922,37.861833,6292.060161599999,-60.253,6.45,240.523,1.0
71.0833,128.098887,37.861825,6291.9425088,-60.187,6.515,240.367,1.0
71.1,128.098851,37.861817,6291.8272944,-60.122,6.58,240.211,1.0
71.1166,128.098816,37.861809,6291.715128000001,-60.056,6.646,240.056,1.0
71.1333,128.098781,37.8618,6291.6057048,-59.991,6.712,239.9,1.0
71.15,128.098746,37.861792,6291.499329599999,-59.926,6.778,239.745,1.0
71.1666,128.09871,37.861783,6291.395392800001,-59.861,6.845,239.59,1.0
71.1833,128.098675,37.861774,6291.294504,-59.796,6.911,239.435,1.0
71.2,128.09864,37.861766,6291.1963584000005,-59.731,6.978,239.28,1.0
71.2166,128.098605,37.861757,6291.100956,-59.666,7.045,239.125,1.0
71.2333,128.09857,37.861748,6291.0086016000005,-59.601,7.112,238.97,1.0
71.25,128.098535,37.861739,6290.9192952,-59.537,7.179,238.816,1.0
71.2666,128.0985,37.86173,6290.8324272,-59.473,7.247,238.662,1.0
71.2833,128.098465,37.861721,6290.748912,-59.408,7.315,238.507,1.0
71.3,128.09843,37.861712,6290.66814,-59.345,7.383,238.353,1.0
71.3166,128.098395,37.861702,6290.590416,-59.281,7.451,238.199,1.0
71.3333,128.09836,37.861693,6290.5154352,-59.218,7.52,238.046,1.0
71.35,128.098325,37.861683,6290.4435023999995,-59.154,7.588,237.892,1.0
71.3666,128.09829,37.861674,6290.3746176,-59.091,7.657,237.739,1.0
71.3833,128.098256,37.861664,6290.3087808,-59.029,7.726,237.585,1.0
71.4,128.098221,37.861655,6290.2456872,-58.966,7.796,237.432,1.0
71.4166,128.098186,37.861645,6290.1856416,-58.904,7.865,237.279,1.0
71.4333,128.098152,37.861635,6290.1289488,-58.842,7.935,237.126,1.0
71.45,128.098117,37.861625,6290.0749992,-58.781,8.005,236.974,1.0
71.4666,128.098082,37.861615,6290.0240976000005,-58.72,8.076,236.821,1.0
71.4833,128.098048,37.861605,6289.976244,-58.659,8.147,236.669,1.0
71.5,128.098013,37.861595,6289.9317432,-58.599,8.218,236.517,1.0
71.5166,128.097979,37.861585,6289.8899856,-58.539,8.29,236.366,1.0
71.5333,128.097944,37.861574,6289.851276,-58.479,8.362,236.214,1.0
71.55,128.09791,37.861564,6289.8159192,-58.421,8.435,236.064,1.0
71.5666,128.097875,37.861554,6289.783305600001,-58.363,8.509,235.913,1.0
71.5833,128.097841,37.861543,6289.7540448,-58.305,8.583,235.763,1.0
71.6,128.097806,37.861533,6289.7278320000005,-58.247,8.657,235.614,1.0
71.6166,128.097772,37.861522,6289.704972,-58.19,8.733,235.464,1.0
71.6333,128.097738,37.861511,6289.6848552,-58.133,8.809,235.315,1.0
71.65,128.097704,37.8615,6289.6680912,-58.076,8.886,235.167,1.0
71.6666,128.097669,37.861489,6289.6543752,-58.019,8.964,235.02,1.0
71.6833,128.097635,37.861478,6289.6437072,-57.963,9.042,234.872,1.0
71.7,128.097601,37.861467,6289.636392,-57.906,9.121,234.726,1.0
71.7166,128.097567,37.861456,6289.6321248,-57.848,9.201,234.579,1.0
71.7333,128.097533,37.861445,6289.631210400001,-57.79,9.281,234.433,1.0
71.75,128.097499,37.861434,6289.633344,-57.731,9.363,234.288,1.0
71.7666,128.097465,37.861422,6289.6385256,-57.672,9.445,234.144,1.0
71.7833,128.097431,37.861411,6289.64706,-57.612,9.528,233.999,1.0
71.8,128.097397,37.861399,6289.6589472000005,-57.55,9.612,233.856,1.0
71.8166,128.097363,37.861388,6289.6741872,-57.487,9.696,233.712,1.0
71.8333,128.097329,37.861376,6289.692170400001,-57.422,9.78,233.569,1.0
71.85,128.097296,37.861365,6289.713811200001,-57.355,9.865,233.427,1.0
71.8666,128.097262,37.861353,6289.7385,-57.285,9.951,233.284,1.0
71.8833,128.097228,37.861341,6289.766541600001,-57.213,10.036,233.142,1.0
71.9,128.097195,37.861329,6289.797936,-57.139,10.122,233.0,1.0
71.9166,128.097161,37.861317,6289.832988000001,-57.063,10.209,232.859,1.0
71.9333,128.097127,37.861305,6289.870783200001,-56.983,10.295,232.718,1.0
71.95,128.097094,37.861293,6289.912236,-56.901,10.382,232.576,1.0
71.9666,128.09706,37.861281,6289.957041600001,-56.816,10.469,232.436,1.0
71.9833,128.097027,37.861268,6290.0052000000005,-56.727,10.556,232.295,1.0
72.0,128.096993,37.861256,6290.056711200001,-56.637,10.643,232.155,1.0
72.0166,128.09696,37.861244,6290.1115752,-56.543,10.731,232.014,1.0
72.0333,128.096927,37.861231,6290.1700968000005,-56.447,10.818,231.875,1.0
72.05,128.096893,37.861219,6290.2316664,-56.347,10.906,231.735,1.0
72.0666,128.09686,37.861206,6290.2971984,-56.244,10.995,231.596,1.0
72.0833,128.096827,37.861193,6290.365778400001,-56.138,11.083,231.457,1.0
72.1,128.096794,37.86118,6290.438016,-56.029,11.172,231.318,1.0
72.1166,128.096761,37.861168,6290.513911200001,-55.918,11.26,231.179,1.0
72.1333,128.096728,37.861155,6290.5928544,-55.804,11.35,231.041,1.0
72.15,128.096695,37.861142,6290.675760000001,-55.687,11.439,230.903,1.0
72.1666,128.096662,37.861129,6290.762018400001,-55.566,11.529,230.765,1.0
72.1833,128.096629,37.861116,6290.8519344,-55.443,11.619,230.628,1.0
72.2,128.096596,37.861102,6290.9452032,-55.317,11.709,230.491,1.0
72.2166,128.096563,37.861089,6291.0424344,-55.189,11.8,230.354,1.0
72.2333,128.09653,37.861076,6291.1430184,-55.058,11.891,230.218,1.0
72.25,128.096497,37.861063,6291.2469552,-54.923,11.982,230.082,1.0
72.2666,128.096465,37.861049,6291.3548544000005,-54.786,12.073,229.947,1.0
72.2833,128.096432,37.861036,6291.466411200001,-54.646,12.165,229.812,1.0
72.3,128.096399,37.861022,6291.5816256,-54.504,12.258,229.677,1.0
72.3166,128.096367,37.861008,6291.700497600001,-54.36,12.35,229.543,1.0
72.3333,128.096334,37.860995,6291.8230272,-54.212,12.444,229.409,1.0
72.35,128.096302,37.860981,6291.9492144000005,-54.061,12.537,229.275,1.0
72.3666,128.096269,37.860967,6292.0790592,-53.908,12.631,229.143,1.0
72.3833,128.096237,37.860953,6292.212561599999,-53.752,12.726,229.01,1.0
72.4,128.096205,37.860939,6292.3500264,-53.593,12.82,228.878,1.0
72.4166,128.096172,37.860925,6292.4911488,-53.433,12.916,228.747,1.0
72.4333,128.09614,37.860911,6292.6359288,-53.27,13.011,228.616,1.0
72.45,128.096108,37.860897,6292.7846712,-53.103,13.108,228.486,1.0
72.4666,128.096076,37.860883,6292.9370712,-52.934,13.204,228.356,1.0
72.4833,128.096043,37.860868,6293.093433600001,-52.763,13.301,228.227,1.0
72.5,128.096011,37.860854,6293.2534536,-52.59,13.399,228.098,1.0
72.5166,128.095979,37.86084,6293.4177408000005,-52.414,13.497,227.97,1.0
72.5333,128.095947,37.860825,6293.5841616,-52.198,13.594,227.849,1.0
72.55,128.095915,37.860811,6293.7536304,-51.94,13.686,227.739,1.0
72.5666,128.095884,37.860796,6293.925537600001,-51.64,13.77,227.644,1.0
72.5833,128.095852,37.860782,6294.099578400001,-51.297,13.842,227.57,1.0
72.6,128.09582,37.860767,6294.2751432,-50.912,13.898,227.518,1.0
72.6166,128.095788,37.860752,6294.4525368,-50.486,13.939,227.489,1.0
72.6333,128.095756,37.860738,6294.6308448,-50.021,13.967,227.479,1.0
72.65,128.095724,37.860723,6294.810372,-49.517,13.983,227.486,1.0
72.6666,128.095693,37.860708,6294.9908136,-48.978,13.989,227.508,1.0
72.6833,128.095661,37.860693,6295.1724744,-48.404,13.986,227.543,1.0
72.7,128.095629,37.860679,6295.3550496,-47.797,13.974,227.589,1.0
72.7166,128.095598,37.860664,6295.538844,-47.16,13.956,227.644,1.0
72.7333,128.095566,37.860649,6295.7235528,-46.493,13.932,227.707,1.0
72.75,128.095534,37.860634,6295.9094808,-45.799,13.903,227.778,1.0
72.7666,128.095503,37.860619,6296.0963232,-45.079,13.87,227.855,1.0
72.7833,128.095471,37.860604,6296.284079999999,-44.335,13.832,227.937,1.0
72.8,128.095439,37.860589,6296.473056000001,-43.567,13.791,228.023,1.0
72.8166,128.095408,37.860574,6296.662641600001,-42.779,13.748,228.113,1.0
72.8333,128.095376,37.860559,6296.8534464,-41.97,13.702,228.207,1.0
72.85,128.095345,37.860544,6297.0451656000005,-41.143,13.654,228.304,1.0
72.8666,128.095313,37.860529,6297.2374944,-40.299,13.605,228.403,1.0
72.8833,128.095281,37.860513,6297.430737600001,-39.439,13.553,228.505,1.0
72.9,128.09525,37.860498,6297.6248952000005,-38.565,13.5,228.609,1.0
72.9166,128.095218,37.860483,6297.8196624,-37.677,13.446,228.714,1.0
72.9333,128.095187,37.860468,6298.0150392,-36.776,13.39,228.821,1.0
72.95,128.095155,37.860452,6298.2110256,-35.865,13.333,228.929,1.0
72.9666,128.095124,37.860437,6298.4079264,-34.942,13.276,229.038,1.0
72.9833,128.095092,37.860422,6298.605132000001,-34.011,13.217,229.148,1.0
73.0,128.095061,37.860406,6298.802947200001,-33.07,13.157,229.26,1.0
73.0166,128.095029,37.860391,6299.0010672,-32.121,13.097,229.372,1.0
73.0333,128.094998,37.860376,6299.1997968000005,-31.165,13.036,229.485,1.0
73.05,128.094966,37.86036,6299.3985264,-30.203,12.973,229.598,1.0
73.0666,128.094935,37.860345,6299.597865600001,-29.234,12.91,229.712,1.0
73.0833,128.094903,37.860329,6299.7975096,-28.259,12.847,229.827,1.0
73.1,128.094872,37.860314,6299.9971536,-27.279,12.782,229.942,1.0
73.1166,128.09484,37.860298,6300.1971023999995,-26.294,12.717,230.057,1.0
73.1333,128.094809,37.860283,6300.3970512000005,-25.305,12.651,230.173,1.0
73.15,128.094777,37.860267,6300.597000000001,-24.311,12.584,230.289,1.0
73.1666,128.094746,37.860252,6300.796644,-23.313,12.516,230.405,1.0
73.1833,128.094714,37.860236,6300.996288,-22.311,12.448,230.522,1.0
73.2,128.094683,37.860221,6301.1959320000005,-21.305,12.378,230.638,1.0
73.2166,128.094651,37.860205,6301.3952712,-20.296,12.308,230.755,1.0
73.2333,128.09462,37.860189,6301.594305600001,-19.282,12.237,230.871,1.0
73.25,128.094588,37.860174,6301.7927303999995,-18.265,12.164,230.988,1.0
73.2666,128.094557,37.860158,6301.9908504,-17.244,12.091,231.105,1.0
73.2833,128.094525,37.860142,6302.188360800001,-16.219,12.017,231.221,1.0
73.3,128.094493,37.860127,6302.3852615999995,-15.19,11.942,231.338,1.0
73.3166,128.094462,37.860111,6302.5815528,-14.157,11.865,231.454,1.0
73.3333,128.09443,37.860095,6302.7772343999995,-13.12,11.788,231.57,1.0
73.35,128.094399,37.86008,6302.972001600001,-12.078,11.71,231.685,1.0
73.3666,128.094367,37.860064,6303.1655496,-11.032,11.631,231.8,1.0
73.3833,128.094336,37.860048,6303.358488000001,-9.982,11.551,231.914,1.0
73.4,128.094304,37.860032,6303.550512,-8.927,11.471,232.027,1.0
73.4166,128.094272,37.860017,6303.7413168,-7.868,11.39,232.14,1.0
73.4333,128.094241,37.860001,6303.9309023999995,-6.803,11.309,232.252,1.0
73.45,128.094209,37.859985,6304.1192688,-5.734,11.226,232.363,1.0
73.4666,128.094177,37.859969,6304.3061112000005,-4.66,11.144,232.474,1.0
73.4833,128.094146,37.859953,6304.492039199999,-3.58,11.061,232.583,1.0
73.5,128.094114,37.859937,6304.676138400001,-2.495,10.977,232.691,1.0
73.5166,128.094082,37.859922,6304.858713600001,-1.404,10.893,232.798,1.0
73.5333,128.094051,37.859906,6305.040069600001,-0.308,10.808,232.905,1.0
73.55,128.094019,37.85989,6305.2195968000005,0.793,10.723,233.01,1.0
73.5666,128.093987,37.859874,6305.3972952,1.9,10.637,233.115,1.0
73.5833,128.093955,37.859858,6305.573164800001,3.013,10.551,233.219,1.0
73.6,128.093924,37.859842,6305.747205600001,4.132,10.464,233.323,1.0
73.6166,128.093892,37.859826,6305.9194176,5.257,10.376,233.425,1.0
73.6333,128.09386,37.85981,6306.0898008,6.388,10.288,233.528,1.0
73.65,128.093828,37.859794,6306.258050400001,7.525,10.199,233.629,1.0
73.6666,128.093796,37.859778,6306.4241664,8.668,10.11,233.73,1.0
73.6833,128.093765,37.859762,6306.5881488,9.818,10.019,233.83,1.0
73.7,128.093733,37.859746,6306.749692800001,10.974,9.928,233.93,1.0
73.7166,128.093701,37.85973,6306.909408,12.137,9.837,234.029,1.0
73.7333,128.093669,37.859714,6307.06638,13.307,9.744,234.128,1.0
73.75,128.093637,37.859698,6307.2212184,14.484,9.651,234.226,1.0
73.7666,128.093605,37.859682,6307.3736184,15.668,9.556,234.324,1.0
73.7833,128.093573,37.859666,6307.5232752,16.86,9.461,234.421,1.0
73.8,128.093542,37.85965,6307.6704936,18.059,9.365,234.517,1.0
73.8166,128.09351,37.859634,6307.8152736,19.265,9.268,234.613,1.0
73.8333,128.093478,37.859618,6307.957310400001,20.48,9.169,234.707,1.0
73.85,128.093446,37.859602,6308.096604,21.703,9.07,234.802,1.0
73.8666,128.093414,37.859586,6308.233459200001,22.934,8.97,234.895,1.0
73.8833,128.093382,37.859569,6308.3672664,24.173,8.868,234.987,1.0
73.9,128.09335,37.859553,6308.4983304,25.421,8.766,235.079,1.0
73.9166,128.093318,37.859537,6308.6263464,26.678,8.662,235.169,1.0
73.9333,128.093286,37.859521,6308.752838400001,27.849,8.561,235.252,1.0
73.95,128.093254,37.859505,6308.877196800001,28.938,8.463,235.326,1.0
73.9666,128.093222,37.859489,6309.0000312,29.945,8.367,235.393,1.0
73.9833,128.09319,37.859472,6309.121951200001,30.874,8.275,235.452,1.0
74.0,128.093157,37.859456,6309.242956800001,31.727,8.187,235.503,1.0
74.0166,128.093125,37.85944,6309.3636576,32.506,8.102,235.546,1.0
74.0333,128.093093,37.859424,6309.4840536,33.212,8.021,235.583,1.0
74.05,128.093061,37.859408,6309.6050592,33.849,7.943,235.611,1.0
74.0666,128.093029,37.859391,6309.726064800001,34.417,7.87,235.634,1.0
74.0833,128.092997,37.859375,6309.8482896,34.916,7.8,235.65,1.0
74.1,128.092965,37.859359,6309.9717336,35.348,7.733,235.661,1.0
74.1166,128.092932,37.859343,6310.096396800001,35.713,7.669,235.669,1.0
74.1333,128.0929,37.859327,6310.2231936,36.012,7.608,235.673,1.0
74.15,128.092868,37.859311,6310.352124000001,36.247,7.548,235.675,1.0
74.1666,128.092836,37.859295,6310.483492800001,36.417,7.491,235.674,1.0
74.1833,128.092803,37.859278,6310.6173,36.525,7.436,235.671,1.0
74.2,128.092771,37.859262,6310.75446,36.571,7.382,235.667,1.0
74.2166,128.092739,37.859246,6310.895277600001,36.558,7.33,235.662,1.0
74.2333,128.092707,37.85923,6311.038228800001,36.487,7.279,235.657,1.0
74.25,128.092674,37.859215,6311.184532800001,36.359,7.23,235.65,1.0
74.2666,128.092642,37.859199,6311.3335799999995,36.175,7.181,235.643,1.0
74.2833,128.09261,37.859183,6311.485370400001,35.938,7.134,235.636,1.0
74.3,128.092577,37.859167,6311.6402088,35.649,7.088,235.629,1.0
74.3166,128.092545,37.859151,6311.7974856,35.309,7.043,235.621,1.0
74.3333,128.092512,37.859135,6311.9578104,34.919,6.999,235.614,1.0
74.35,128.09248,37.859119,6312.120878400001,34.482,6.955,235.607,1.0
74.3666,128.092447,37.859104,6312.2863848,33.997,6.912,235.6,1.0
74.3833,128.092415,37.859088,6312.4546344,33.468,6.87,235.594,1.0
74.4,128.092383,37.859072,6312.625932,32.895,6.828,235.588,1.0
74.4166,128.09235,37.859057,6312.799668000001,32.278,6.788,235.582,1.0
74.4333,128.092318,37.859041,6312.976147200001,31.621,6.747,235.577,1.0
74.45,128.092285,37.859025,6313.155369600001,30.923,6.707,235.572,1.0
74.4666,128.092253,37.85901,6313.3373352,30.186,6.668,235.567,1.0
74.4833,128.09222,37.858994,6313.5217391999995,29.411,6.628,235.564,1.0
74.5,128.092188,37.858978,6313.7091912000005,28.6,6.59,235.56,1.0
74.5166,128.092155,37.858963,6313.8993864,27.753,6.551,235.558,1.0
74.5333,128.092122,37.858947,6314.092020000001,26.871,6.513,235.556,1.0
74.55,128.09209,37.858932,6314.287701600001,25.956,6.475,235.554,1.0
74.5666,128.092057,37.858916,6314.4861264,25.008,6.437,235.553,1.0
74.5833,128.092025,37.858901,6314.6872944,24.029,6.4,235.552,1.0
74.6,128.091992,37.858885,6314.891205600001,23.019,6.363,235.553,1.0
74.6166,128.09196,37.85887,6315.098164800001,21.979,6.326,235.553,1.0
74.6333,128.091927,37.858854,6315.3078672,20.911,6.289,235.554,1.0
74.65,128.091894,37.858839,6315.5203128,19.815,6.252,235.556,1.0
74.6666,128.091862,37.858823,6315.735806400001,18.691,6.215,235.559,1.0
74.6833,128.091829,37.858808,6315.954348,17.542,6.179,235.561,1.0
74.7,128.091797,37.858793,6316.1756328,16.366,6.143,235.565,1.0
74.7166,128.091764,37.858777,6316.3999656000005,15.166,6.107,235.569,1.0
74.7333,128.091731,37.858762,6316.627041600001,13.943,6.071,235.573,1.0
74.75,128.091699,37.858747,6316.857470400001,12.695,6.035,235.578,1.0
74.7666,128.091666,37.858731,6317.0906424,11.426,5.999,235.584,1.0
74.7833,128.091633,37.858716,6317.3268624,10.134,5.964,235.59,1.0
74.8,128.091601,37.8587,6317.5661304,8.821,5.928,235.597,1.0
74.8166,128.091568,37.858685,6317.8084464,7.488,5.893,235.604,1.0
74.8333,128.091536,37.85867,6318.053810400001,6.135,5.858,235.612,1.0
74.85,128.091503,37.858654,6318.302222400001,4.762,5.823,235.62,1.0
74.8666,128.09147,37.858639,6318.5536824,3.371,5.788,235.628,1.0
74.8833,128.091438,37.858624,6318.8081904,1.961,5.753,235.637,1.0
74.9,128.091405,37.858608,6319.0657464000005,0.534,5.719,235.647,1.0
74.9166,128.091373,37.858593,6319.326350400001,-0.909,5.684,235.657,1.0
74.9333,128.09134,37.858578,6319.5900024,-2.37,5.656,235.668,1.0
74.95,128.091308,37.858562,6319.856702399999,-3.847,5.634,235.678,1.0
74.9666,128.091275,37.858547,6320.126755200001,-5.339,5.617,235.688,1.0
74.9833,128.091243,37.858532,6320.399856000001,-6.847,5.605,235.699,1.0
75.0,128.09121,37.858516,6320.675700000001,-8.369,5.597,235.708,1.0
75.0166,128.091178,37.858501,6320.954896800001,-9.906,5.592,235.718,1.0
75.0333,128.091145,37.858486,6321.2371416000005,-11.456,5.597,235.725,1.0
75.05,128.091113,37.85847,6321.5227392,-13.02,5.617,235.729,1.0
75.0666,128.09108,37.858455,6321.8116896,-14.596,5.655,235.729,1.0
75.0833,128.091048,37.85844,6322.103688000001,-16.186,5.708,235.723,1.0
75.1,128.091015,37.858424,6322.3990392,-17.788,5.773,235.713,1.0
75.1166,128.090983,37.858409,6322.6974384000005,-19.402,5.848,235.698,1.0
75.1333,128.090951,37.858393,6322.999495200001,-21.027,5.94,235.675,1.0
75.15,128.090918,37.858378,6323.3049048,-22.664,6.053,235.641,1.0
75.1666,128.090886,37.858362,6323.613972,-24.312,6.185,235.596,1.0
75.1833,128.090854,37.858347,6323.926392,-25.971,6.334,235.54,1.0
75.2,128.090821,37.858331,6324.242164800001,-27.64,6.495,235.474,1.0
75.2166,128.090789,37.858316,6324.5612904,-29.319,6.667,235.397,1.0
75.2333,128.090757,37.8583,6324.884378400001,-31.007,6.853,235.307,1.0
75.25,128.090725,37.858285,6325.211124,-32.705,7.058,235.198,1.0
75.2666,128.090692,37.858269,6325.5415272,-34.412,7.278,235.073,1.0
75.2833,128.09066,37.858253,6325.875588000001,-36.128,7.509,234.931,1.0
75.3,128.090628,37.858238,6326.213001600001,-37.851,7.749,234.774,1.0
75.3166,128.090596,37.858222,6326.5543776,-39.583,7.993,234.603,1.0
75.3333,128.090564,37.858206,6326.899411200001,-41.321,8.246,234.413,1.0
75.35,128.090532,37.858191,6327.2481024,-43.067,8.51,234.201,1.0
75.3666,128.0905,37.858175,6327.600756000001,-44.821,8.78,233.969,1.0
75.3833,128.090469,37.858159,6327.9567624,-46.58,9.053,233.718,1.0
75.4,128.090437,37.858143,6328.3164264,-48.344,9.327,233.45,1.0
75.4166,128.090405,37.858127,6328.6794432,-50.113,9.598,233.166,1.0
75.4333,128.090373,37.858111,6329.0461176,-51.885,9.865,232.868,1.0
75.45,128.090342,37.858095,6329.4161448,-53.66,10.126,232.557,1.0
75.4666,128.09031,37.858079,6329.7895248,-55.436,10.379,232.233,1.0
75.4833,128.090279,37.858063,6330.165648,-57.211,10.622,231.899,1.0
75.5,128.090247,37.858046,6330.5448192,-58.985,10.854,231.557,1.0
75.5166,128.090216,37.85803,6330.927038400001,-60.756,11.075,231.206,1.0
75.5333,128.090185,37.858014,6331.311696000001,-62.522,11.282,230.849,1.0
75.55,128.090153,37.857997,6331.698792,-64.283,11.476,230.486,1.0
75.5666,128.090122,37.857981,6332.0883264,-66.036,11.656,230.119,1.0
75.5833,128.090091,37.857964,6332.4799944,-67.78,11.821,229.748,1.0
75.6,128.09006,37.857948,6332.8734912,-69.515,11.972,229.374,1.0
75.6166,128.090029,37.857931,6333.268512,-71.238,12.107,228.999,1.0
75.6333,128.089998,37.857914,6333.664447200001,-72.888,12.231,228.623,1.0
75.65,128.089967,37.857898,6334.060992000001,-74.465,12.344,228.247,1.0
75.6666,128.089936,37.857881,6334.4581464,-75.971,12.445,227.872,1.0
75.6833,128.089906,37.857864,6334.855605600001,-77.41,12.533,227.498,1.0
75.7,128.089875,37.857847,6335.25276,-78.784,12.609,227.125,1.0
75.7166,128.089844,37.85783,6335.649914400001,-80.097,12.673,226.754,1.0
75.7333,128.089814,37.857813,6336.046459200001,-81.311,12.726,226.385,1.0
75.75,128.089783,37.857796,6336.4423944,-82.43,12.769,226.018,1.0
75.7666,128.089753,37.857779,6336.837415200001,-83.458,12.802,225.654,1.0
75.7833,128.089722,37.857761,6337.2315216,-84.4,12.825,225.293,1.0
75.8,128.089692,37.857744,6337.6247136,-85.263,12.838,224.935,1.0
75.8166,128.089662,37.857727,6338.0166864,-86.049,12.842,224.58,1.0
75.8333,128.089631,37.85771,6338.40744,-86.751,12.836,224.229,1.0
75.85,128.089601,37.857692,6338.796974400001,-87.373,12.822,223.883,1.0
75.8666,128.089571,37.857675,6339.1849848,-87.919,12.801,223.54,1.0
75.8833,128.08954,37.857657,6339.5720808,-88.394,12.771,223.202,1.0
75.9,128.08951,37.85764,6339.9576528,-88.803,12.735,222.868,1.0
75.9166,128.08948,37.857622,6340.341700800001,-89.151,12.691,222.539,1.0
75.9333,128.08945,37.857605,6340.7245296,-89.438,12.642,222.214,1.0
75.95,128.08942,37.857587,6341.1058344,-89.668,12.587,221.893,1.0
75.9666,128.08939,37.857569,6341.485615200001,-89.847,12.527,221.577,1.0
75.9833,128.08936,37.857552,6341.863872,-89.977,12.463,221.265,1.0
76.0,128.08933,37.857534,6342.2406048,-90.061,12.394,220.958,1.0
76.0166,128.0893,37.857516,6342.6158136,-90.104,12.322,220.655,1.0
76.0333,128.08927,37.857498,6342.9894984,-90.108,12.248,220.357,1.0
76.05,128.089241,37.85748,6343.361659200001,-90.076,12.171,220.063,1.0
76.0666,128.089211,37.857462,6343.7319912,-90.012,12.091,219.773,1.0
76.0833,128.089181,37.857444,6344.1007992,-89.917,12.011,219.487,1.0
76.1,128.089152,37.857426,6344.4680832,-89.794,11.929,219.205,1.0
76.1166,128.089123,37.857407,6344.8338432,-89.646,11.847,218.927,1.0
76.1333,128.089093,37.857389,6345.1977744000005,-89.475,11.764,218.653,1.0
76.15,128.089064,37.857371,6345.5601816,-89.283,11.681,218.383,1.0
76.1666,128.089035,37.857352,6345.921064800001,-89.073,11.599,218.116,1.0
76.1833,128.089006,37.857334,6346.2804240000005,-88.846,11.517,217.853,1.0
76.2,128.088977,37.857315,6346.6382592,-88.605,11.436,217.592,1.0
76.2166,128.088948,37.857296,6346.994570400001,-88.351,11.357,217.335,1.0
76.2333,128.088919,37.857278,6347.3493576,-88.086,11.278,217.081,1.0
76.25,128.08889,37.857259,6347.7026208,-87.812,11.201,216.83,1.0
76.2666,128.088861,37.85724,6348.054664800001,-87.53,11.125,216.582,1.0
76.2833,128.088833,37.857221,6348.4051848,-87.242,11.052,216.336,1.0
76.3,128.088804,37.857202,6348.7544856,-86.949,10.98,216.092,1.0
76.3166,128.088776,37.857183,6349.1022624,-86.652,10.91,215.851,1.0
76.3333,128.088747,37.857164,6349.4491248,-86.354,10.842,215.613,1.0
76.35,128.088719,37.857144,6349.7944632,-86.055,10.777,215.376,1.0
76.3666,128.088691,37.857125,6350.138582400001,-85.756,10.713,215.142,1.0
76.3833,128.088663,37.857106,6350.4817872,-85.459,10.652,214.909,1.0
76.4,128.088635,37.857086,6350.8237728,-85.164,10.593,214.679,1.0
76.4166,128.088607,37.857067,6351.1645392,-84.871,10.537,214.45,1.0
76.4333,128.088579,37.857047,6351.5043912,-84.584,10.483,214.223,1.0
76.45,128.088551,37.857028,6351.843328800001,-84.302,10.432,213.997,1.0
76.4666,128.088524,37.857008,6352.1813520000005,-84.026,10.382,213.773,1.0
76.4833,128.088496,37.856988,6352.518156000001,-83.757,10.336,213.551,1.0
76.5,128.088469,37.856968,6352.854350400001,-83.495,10.291,213.33,1.0
76.5166,128.088442,37.856949,6353.1896304,-83.239,10.249,213.11,1.0
76.5333,128.088414,37.856929,6353.523996000001,-82.994,10.209,212.891,1.0
76.55,128.088387,37.856909,6353.857752000001,-82.759,10.171,212.674,1.0
76.5666,128.08836,37.856888,6354.1908984,-82.533,10.136,212.458,1.0
76.5833,128.088333,37.856868,6354.5231304,-82.318,10.102,212.242,1.0
76.6,128.088306,37.856848,6354.8550576,-82.113,10.071,212.028,1.0
76.6166,128.08828,37.856828,6355.186070400001,-81.917,10.041,211.815,1.0
76.6333,128.088253,37.856807,6355.516473600001,-81.733,10.014,211.603,1.0
76.65,128.088226,37.856787,6355.8462672000005,-81.562,9.988,211.391,1.0
76.6666,128.0882,37.856766,6356.175756000001,-81.403,9.964,211.181,1.0
76.6833,128.088173,37.856746,6356.5046352,-81.255,9.942,210.971,1.0
76.7,128.088147,37.856725,6356.8329048000005,-81.118,9.921,210.762,1.0
76.7166,128.088121,37.856704,6357.1605648,-80.992,9.902,210.553,1.0
76.7333,128.088095,37.856684,6357.488224800001,-80.879,9.885,210.345,1.0
76.75,128.088069,37.856663,6357.814970400001,-80.778,9.868,210.138,1.0
76.7666,128.088043,37.856642,6358.141716,-80.688,9.853,209.932,1.0
76.7833,128.088017,37.856621,6358.467852000001,-80.61,9.839,209.726,1.0
76.8,128.087992,37.8566,6358.793378400001,-80.543,9.826,209.52,1.0
76.8166,128.087966,37.856579,6359.118904800001,-80.485,9.815,209.315,1.0
76.8333,128.087941,37.856558,6359.4438216,-80.439,9.804,209.111,1.0
76.85,128.087915,37.856537,6359.768433600001,-80.404,9.794,208.907,1.0
76.8666,128.08789,37.856515,6360.092436,-80.379,9.785,208.703,1.0
76.8833,128.087865,37.856494,6360.4164384000005,-80.363,9.776,208.5,1.0
76.9,128.08784,37.856473,6360.7398312000005,-80.356,9.768,208.297,1.0
76.9166,128.087815,37.856451,6361.062919200001,-80.357,9.761,208.094,1.0
76.9333,128.08779,37.85643,6361.385397600001,-80.366,9.754,207.892,1.0
76.95,128.087765,37.856408,6361.707876,-80.384,9.748,207.69,1.0
76.9666,128.08774,37.856386,6362.0297448,-80.409,9.742,207.489,1.0
76.9833,128.087716,37.856365,6362.3513088,-80.44,9.736,207.287,1.0
77.0,128.087691,37.856343,6362.6722632,-80.478,9.73,207.086,1.0
77.0166,128.087667,37.856321,6362.9932176,-80.521,9.725,206.886,1.0
77.0333,128.087642,37.856299,6363.3135624,-80.57,9.719,206.685,1.0
77.05,128.087618,37.856277,6363.633297600001,-80.623,9.714,206.485,1.0
77.0666,128.087594,37.856255,6363.952728,-80.68,9.709,206.285,1.0
77.0833,128.08757,37.856233,6364.2718536,-80.741,9.704,206.085,1.0
77.1,128.087546,37.856211,6364.5903696000005,-80.805,9.698,205.886,1.0
77.1166,128.087522,37.856189,6364.9085808,-80.872,9.693,205.686,1.0
77.1333,128.087499,37.856167,6365.226182400001,-80.942,9.687,205.487,1.0
77.15,128.087475,37.856145,6365.543479200001,-81.012,9.681,205.288,1.0
77.1666,128.087452,37.856122,6365.8601664,-81.084,9.675,205.09,1.0
77.1833,128.087428,37.8561,6366.176244,-81.158,9.668,204.891,1.0
77.2,128.087405,37.856077,6366.491712,-81.231,9.661,204.693,1.0
77.2166,128.087382,37.856055,6366.8068752,-81.306,9.654,204.495,1.0
77.2333,128.087359,37.856032,6367.121428800001,-81.379,9.647,204.297,1.0
77.25,128.087336,37.85601,6367.4356776,-81.453,9.639,204.099,1.0
77.2666,128.087313,37.855987,6367.749012,-81.525,9.631,203.902,1.0
77.2833,128.08729,37.855964,6368.0620416,-81.596,9.623,203.705,1.0
77.3,128.087267,37.855941,6368.3741568000005,-81.666,9.614,203.508,1.0
77.3166,128.087245,37.855919,6368.6859672,-81.735,9.604,203.311,1.0
77.3333,128.087222,37.855896,6368.997168,-81.802,9.595,203.114,1.0
77.35,128.0872,37.855873,6369.3077592,-81.867,9.585,202.917,1.0
77.3666,128.087177,37.85585,6369.617436,-81.929,9.575,202.721,1.0
77.3833,128.087155,37.855827,6369.926808,-81.99,9.564,202.525,1.0
77.4,128.087133,37.855804,6370.235265600001,-82.049,9.553,202.329,1.0
77.4166,128.087111,37.855781,6370.5434184000005,-82.105,9.542,202.133,1.0
77.4333,128.087089,37.855757,6370.850656800001,-82.159,9.53,201.938,1.0
77.45,128.087067,37.855734,6371.1572856,-82.21,9.518,201.743,1.0
77.4666,128.087046,37.855711,6371.4633048000005,-82.259,9.506,201.548,1.0
77.4833,128.087024,37.855687,6371.7687144,-82.305,9.494,201.353,1.0
77.5,128.087002,37.855664,6372.0732096,-82.348,9.481,201.158,1.0
77.5166,128.086981,37.85564,6372.3770952,-82.39,9.468,200.963,1.0
77.5333,128.08696,37.855617,6372.6803712,-82.428,9.455,200.769,1.0
77.55,128.086939,37.855593,6372.983037600001,-82.464,9.442,200.575,1.0
77.5666,128.086917,37.85557,6373.2847896,-82.497,9.428,200.381,1.0
77.5833,128.086896,37.855546,6373.585932,-82.528,9.414,200.187,1.0
77.6,128.086876,37.855522,6373.886160000001,-82.557,9.4,199.993,1.0
77.6166,128.086855,37.855498,6374.1860832,-82.583,9.386,199.8,1.0
77.6333,128.086834,37.855475,6374.4841776,-82.559,9.378,199.613,1.0
77.65,128.086813,37.855451,6374.7813576,-82.486,9.375,199.44,1.0
77.6666,128.086793,37.855427,6375.0773184,-82.361,9.374,199.284,1.0
77.6833,128.086772,37.855403,6375.372060000001,-82.184,9.376,199.152,1.0
77.7,128.086752,37.855379,6375.665582400001,-81.954,9.378,199.049,1.0
77.7166,128.086732,37.855355,6375.9575808,-81.671,9.38,198.973,1.0
77.7333,128.086711,37.855331,6376.2486648,-81.337,9.381,198.923,1.0
77.75,128.086691,37.855307,6376.537920000001,-80.953,9.382,198.896,1.0
77.7666,128.086671,37.855282,6376.825956000001,-80.52,9.382,198.889,1.0
77.7833,128.086651,37.855258,6377.112468,-80.04,9.382,198.898,1.0
77.8,128.086631,37.855234,6377.3977608000005,-79.514,9.381,198.923,1.0
77.8166,128.086611,37.85521,6377.681224800001,-78.945,9.379,198.96,1.0
77.8333,128.086591,37.855186,6377.9634696,-78.334,9.376,199.008,1.0
77.85,128.086571,37.855161,6378.2441904,-77.683,9.373,199.066,1.0
77.8666,128.086551,37.855137,6378.523692000001,-76.993,9.37,199.133,1.0
77.8833,128.086531,37.855113,6378.8019744,-76.266,9.366,199.207,1.0
77.9,128.086511,37.855088,6379.078732800001,-75.504,9.361,199.287,1.0
77.9166,128.086491,37.855064,6379.3539672,-74.709,9.355,199.373,1.0
77.9333,128.086472,37.855039,6379.6295064000005,-73.96,9.343,199.456,1.0
77.95,128.086452,37.855015,6379.9041312,-73.259,9.324,199.531,1.0
77.9666,128.086432,37.85499,6380.1781464000005,-72.608,9.302,199.594,1.0
77.9833,128.086413,37.854966,6380.451856800001,-72.008,9.278,199.647,1.0
78.0,128.086393,37.854941,6380.7255672,-71.461,9.252,199.691,1.0
78.0166,128.086374,37.854917,6380.9989728,-70.967,9.225,199.727,1.0
78.0333,128.086354,37.854892,6381.272378400001,-70.525,9.197,199.757,1.0
78.05,128.086335,37.854867,6381.5463936,-70.138,9.169,199.781,1.0
78.0666,128.086315,37.854843,6381.8204088,-69.803,9.14,199.799,1.0
78.0833,128.086296,37.854818,6382.0953384,-69.522,9.112,199.812,1.0
78.1,128.086277,37.854793,6382.3705728,-69.293,9.084,199.822,1.0
78.1166,128.086258,37.854768,6382.6470264,-69.116,9.056,199.827,1.0
78.1333,128.086239,37.854743,6382.9243944,-68.991,9.029,199.829,1.0
78.15,128.08622,37.854718,6383.2026768000005,-68.915,9.002,199.828,1.0
78.1666,128.086201,37.854693,6383.4824832,-68.889,8.976,199.824,1.0
78.1833,128.086183,37.854668,6383.763508800001,-68.911,8.951,199.817,1.0
78.2,128.086164,37.854643,6384.0460584,-68.981,8.926,199.808,1.0
78.2166,128.086146,37.854618,6384.330436800001,-69.096,8.901,199.796,1.0
78.2333,128.086128,37.854593,6384.6160344,-69.256,8.877,199.781,1.0
78.25,128.086109,37.854568,6384.9028512,-69.46,8.853,199.764,1.0
78.2666,128.086091,37.854543,6385.1908872,-69.706,8.83,199.745,1.0
78.2833,128.086073,37.854517,6385.4804472000005,-69.993,8.807,199.723,1.0
78.3,128.086055,37.854492,6385.7709216,-70.32,8.784,199.699,1.0
78.3166,128.086037,37.854467,6386.0626152,-70.685,8.762,199.673,1.0
78.3333,128.08602,37.854441,6386.3552232,-71.088,8.739,199.645,1.0
78.35,128.086002,37.854416,6386.6490504,-71.526,8.716,199.614,1.0
78.3666,128.085985,37.85439,6386.9431824,-72.0,8.694,199.581,1.0
78.3833,128.085967,37.854365,6387.238533600001,-72.507,8.671,199.544,1.0
78.4,128.08595,37.854339,6387.5341896,-73.047,8.648,199.506,1.0
78.4166,128.085933,37.854314,6387.830455200001,-73.617,8.624,199.464,1.0
78.4333,128.085915,37.854288,6388.1270256,-74.219,8.601,199.42,1.0
78.45,128.085898,37.854262,6388.4242056,-74.849,8.576,199.373,1.0
78.4666,128.085881,37.854237,6388.7213856,-75.507,8.551,199.322,1.0
78.4833,128.085865,37.854211,6389.018565600001,-76.192,8.526,199.269,1.0
78.5,128.085848,37.854185,6389.315745600001,-76.903,8.499,199.214,1.0
78.5166,128.085831,37.854159,6389.6129255999995,-77.638,8.471,199.155,1.0
78.5333,128.085815,37.854133,6389.9098008,-78.397,8.443,199.094,1.0
78.55,128.085798,37.854107,6390.2063712,-79.179,8.413,199.03,1.0
78.5666,128.085782,37.854081,6390.502636800001,-79.982,8.381,198.963,1.0
78.5833,128.085766,37.854055,6390.797988000001,-80.807,8.349,198.894,1.0
78.6,128.08575,37.854029,6391.092424800001,-81.651,8.314,198.822,1.0
78.6166,128.085733,37.854003,6391.386252000001,-82.514,8.278,198.747,1.0
78.6333,128.085717,37.853977,6391.6779456,-83.314,8.249,198.672,1.0
78.65,128.085702,37.853951,6391.968420000001,-84.052,8.228,198.594,1.0
78.6666,128.085686,37.853925,6392.257370400001,-84.727,8.212,198.515,1.0
78.6833,128.08567,37.853899,6392.544492000001,-85.338,8.201,198.435,1.0
78.7,128.085654,37.853872,6392.8297848,-85.884,8.194,198.352,1.0
78.7166,128.085639,37.853846,6393.1132488,-86.365,8.189,198.268,1.0
78.7333,128.085623,37.85382,6393.3951888,-86.781,8.186,198.182,1.0
78.75,128.085607,37.853793,6393.6749952,-87.133,8.185,198.094,1.0
78.7666,128.085592,37.853767,6393.952668,-87.421,8.185,198.004,1.0
78.7833,128.085576,37.853741,6394.2288168,-87.646,8.185,197.912,1.0
78.8,128.085561,37.853714,6394.502832,-87.807,8.186,197.819,1.0
78.8166,128.085546,37.853688,6394.775018400001,-87.907,8.186,197.725,1.0
78.8333,128.08553,37.853661,6395.0450712,-87.946,8.187,197.629,1.0
78.85,128.085515,37.853635,6395.3129904,-87.926,8.187,197.532,1.0
78.8666,128.085499,37.853608,6395.5793856,-87.847,8.188,197.433,1.0
78.8833,128.085484,37.853582,6395.8436472,-87.71,8.188,197.335,1.0
78.9,128.085469,37.853555,6396.1057752,-87.516,8.188,197.235,1.0
78.9166,128.085453,37.853528,6396.366074400001,-87.268,8.188,197.135,1.0
78.9333,128.085438,37.853502,6396.625154400001,-87.047,8.178,197.041,1.0
78.95,128.085423,37.853475,6396.8824056,-86.852,8.158,196.959,1.0
78.9666,128.085407,37.853448,6397.137828000001,-86.683,8.129,196.894,1.0
78.9833,128.085392,37.853422,6397.3917264,-86.542,8.092,196.851,1.0
79.0,128.085377,37.853395,6397.643796,-86.43,8.049,196.825,1.0
79.0166,128.085362,37.853368,6397.8943416,-86.348,8.0,196.814,1.0
79.0333,128.085346,37.853341,6398.1430584,-86.298,7.947,196.817,1.0
79.05,128.085331,37.853314,6398.389946400001,-86.279,7.889,196.831,1.0
79.0666,128.085316,37.853288,6398.635310400001,-86.293,7.828,196.855,1.0
79.0833,128.085301,37.853261,6398.8791504,-86.341,7.764,196.886,1.0
79.1,128.085286,37.853234,6399.1211616,-86.421,7.698,196.925,1.0
79.1166,128.085271,37.853207,6399.361344,-86.535,7.631,196.969,1.0
79.1333,128.085257,37.85318,6399.6000023999995,-86.683,7.561,197.018,1.0
79.15,128.085242,37.853153,6399.836832,-86.864,7.491,197.07,1.0
79.1666,128.085227,37.853126,6400.072137600001,-87.079,7.419,197.126,1.0
79.1833,128.085213,37.853099,6400.3056144,-87.328,7.347,197.184,1.0
79.2,128.085198,37.853072,6400.5372624,-87.61,7.274,197.244,1.0
79.2166,128.085184,37.853044,6400.7670816,-87.925,7.201,197.305,1.0
79.2333,128.085169,37.853017,6400.995072,-88.272,7.127,197.367,1.0
79.25,128.085155,37.85299,6401.221233600001,-88.653,7.054,197.43,1.0
79.2666,128.085141,37.852963,6401.4452616,-89.065,6.98,197.493,1.0
79.2833,128.085127,37.852935,6401.667156,-89.51,6.907,197.556,1.0
79.3,128.085113,37.852908,6401.8869168,-89.986,6.833,197.619,1.0
79.3166,128.085099,37.852881,6402.104544,-90.493,6.76,197.681,1.0
79.3333,128.085085,37.852853,6402.3200376,-91.031,6.687,197.744,1.0
79.35,128.085071,37.852826,6402.532788,-91.599,6.615,197.805,1.0
79.3666,128.085057,37.852799,6402.7434048000005,-92.197,6.543,197.866,1.0
79.3833,128.085044,37.852771,6402.951583200001,-92.824,6.471,197.926,1.0
79.4,128.08503,37.852744,6403.1573232,-93.48,6.4,197.986,1.0
79.4166,128.085016,37.852716,6403.360015200001,-94.163,6.329,198.044,1.0
79.4333,128.085003,37.852688,6403.560268800001,-94.875,6.259,198.102,1.0
79.45,128.08499,37.852661,6403.757779200001,-95.613,6.19,198.159,1.0
79.4666,128.084976,37.852633,6403.952241600001,-96.379,6.121,198.215,1.0
79.4833,128.084963,37.852606,6404.143960800001,-97.17,6.053,198.271,1.0
79.5,128.08495,37.852578,6404.332632000001,-97.987,5.985,198.325,1.0
79.5166,128.084937,37.85255,6404.518255200001,-98.83,5.919,198.379,1.0
79.5333,128.084924,37.852523,6404.7008304,-99.697,5.853,198.432,1.0
79.55,128.084911,37.852495,6404.8800528,-100.589,5.787,198.484,1.0
79.5666,128.084898,37.852467,6405.0559224,-101.505,5.723,198.535,1.0
79.5833,128.084885,37.852439,6405.2284392,-102.444,5.659,198.586,1.0
79.6,128.084872,37.852411,6405.3976032,-103.406,5.596,198.636,1.0
79.6166,128.084859,37.852383,6405.5634144000005,-104.391,5.535,198.685,1.0
79.6333,128.084846,37.852356,6405.7252632,-105.398,5.474,198.733,1.0
79.65,128.084834,37.852328,6405.8837592,-106.426,5.413,198.781,1.0
79.6666,128.084821,37.8523,6406.038597600001,-107.477,5.354,198.828,1.0
79.6833,128.084808,37.852272,6406.1894736,-108.548,5.296,198.874,1.0
79.7,128.084796,37.852244,6406.336692000001,-109.639,5.239,198.92,1.0
79.7166,128.084783,37.852216,6406.479948,-110.751,5.182,198.965,1.0
79.7333,128.084771,37.852188,6406.6192416,-111.884,5.127,199.01,1.0
79.75,128.084758,37.85216,6406.7545728000005,-113.036,5.073,199.054,1.0
79.7666,128.084746,37.852132,6406.885636800001,-114.209,5.019,199.098,1.0
79.7833,128.084734,37.852104,6407.012738400001,-115.402,4.967,199.141,1.0
79.8,128.084721,37.852076,6407.135877600001,-116.615,4.915,199.185,1.0
79.8166,128.084709,37.852047,6407.2544448,-117.848,4.865,199.228,1.0
79.8333,128.084697,37.852019,6407.3687448,-119.101,4.815,199.271,1.0
79.85,128.084685,37.851991,6407.4787776,-120.374,4.767,199.314,1.0
79.8666,128.084673,37.851963,6407.5845432,-121.667,4.72,199.356,1.0
79.8833,128.08466,37.851935,6407.686041600001,-122.979,4.674,199.399,1.0
79.9,128.084648,37.851907,6407.782663200001,-124.311,4.629,199.441,1.0
79.9166,128.084636,37.851878,6407.8753224,-125.663,4.585,199.484,1.0
79.9333,128.084624,37.85185,6407.9631048,-127.034,4.543,199.526,1.0
79.95,128.084612,37.851822,6408.046315200001,-128.425,4.502,199.568,1.0
79.9666,128.0846,37.851794,6408.1249536000005,-129.835,4.462,199.61,1.0
79.9833,128.084588,37.851765,6408.199020000001,-131.264,4.424,199.652,1.0
80.0,128.084576,37.851737,6408.268514400001,-132.713,4.387,199.693,1.0
80.0166,128.084565,37.851709,6408.3334368000005,-134.181,4.352,199.734,1.0
80.0333,128.084553,37.85168,6408.393482400001,-135.668,4.318,199.775,1.0
80.05,128.084541,37.851652,6408.448956000001,-137.173,4.285,199.816,1.0
80.0666,128.084529,37.851624,6408.4995528,-138.697,4.254,199.856,1.0
80.0833,128.084517,37.851595,6408.545577600001,-140.24,4.225,199.896,1.0
80.1,128.084505,37.851567,6408.5867256,-141.801,4.197,199.935,1.0
80.1166,128.084494,37.851538,6408.622996800001,-143.379,4.171,199.974,1.0
80.1333,128.084482,37.85151,6408.6546960000005,-144.976,4.147,200.012,1.0
80.15,128.08447,37.851482,6408.681518400001,-146.591,4.124,200.049,1.0
80.1666,128.084458,37.851453,6408.7037688,-148.222,4.103,200.086,1.0
80.1833,128.084447,37.851425,6408.720837600001,-149.871,4.084,200.122,1.0
80.2,128.084435,37.851396,6408.7333344,-151.537,4.066,200.157,1.0
80.2166,128.084423,37.851368,6408.7412592,-153.22,4.05,200.191,1.0
80.2333,128.084411,37.851339,6408.7440024,-154.918,4.036,200.224,1.0
80.25,128.0844,37.851311,6408.742173600001,-156.633,4.023,200.256,1.0
80.2666,128.084388,37.851282,6408.735468,-158.362,4.012,200.287,1.0
80.2833,128.084376,37.851254,6408.7241904,-160.107,4.003,200.316,1.0
80.3,128.084365,37.851225,6408.708036,-161.867,3.995,200.344,1.0
80.3166,128.084353,37.851197,6408.6870048,-163.641,3.988,200.371,1.0
80.3333,128.084341,37.851168,6408.6614016,-165.429,3.983,200.396,1.0
80.35,128.08433,37.85114,6408.6309216,-167.23,3.98,200.42,1.0
80.3666,128.084318,37.851111,6408.595564800001,-169.045,3.977,200.442,1.0
80.3833,128.084306,37.851083,6408.555636,-170.872,3.976,200.462,1.0
80.4,128.084295,37.851054,6408.5111352,-172.711,3.977,200.48,1.0
80.4166,128.084283,37.851026,6408.4614528,-174.562,3.978,200.497,1.0
80.4333,128.084271,37.850997,6408.4071984,-176.424,3.975,200.511,1.0
80.45,128.08426,37.850968,6408.3480672000005,-178.297,3.962,200.523,1.0
80.4666,128.084248,37.85094,6408.2837544,179.819,3.936,200.532,1.0
80.4833,128.084236,37.850911,6408.2145648000005,177.926,3.898,200.541,1.0
80.5,128.084225,37.850883,6408.1401936,176.023,3.85,200.548,1.0
80.5166,128.084213,37.850854,6408.0609456,174.112,3.791,200.555,1.0
80.5333,128.084201,37.850825,6407.976516,172.193,3.719,200.562,1.0
80.55,128.084189,37.850797,6407.886600000001,170.267,3.626,200.572,1.0
80.5666,128.084178,37.850768,6407.7911976000005,168.335,3.513,200.586,1.0
80.5833,128.084166,37.85074,6407.690613600001,166.397,3.381,200.604,1.0
80.6,128.084154,37.850711,6407.584238400001,164.455,3.234,200.627,1.0
80.6166,128.084142,37.850682,6407.4723768,162.508,3.072,200.655,1.0
80.6333,128.08413,37.850654,6407.354724000001,160.559,2.891,200.691,1.0
80.65,128.084119,37.850625,6407.230670400001,158.608,2.686,200.739,1.0
80.6666,128.084107,37.850597,6407.1008256,156.655,2.46,200.799,1.0
80.6833,128.084095,37.850568,6406.96458,154.702,2.214,200.871,1.0
80.7,128.084083,37.85054,6406.821933600001,152.75,1.95,200.958,1.0
80.7166,128.084071,37.850511,6406.672886400001,150.798,1.672,201.058,1.0
80.7333,128.084059,37.850482,6406.5171336,148.848,1.375,201.176,1.0
80.75,128.084047,37.850454,6406.354370400001,146.901,1.059,201.314,1.0
80.7666,128.084035,37.850425,6406.184596800001,144.957,0.726,201.472,1.0
80.7833,128.084023,37.850397,6406.0078128000005,143.017,0.379,201.65,1.0
80.8,128.084011,37.850368,6405.823713600001,141.081,0.021,201.85,1.0
80.8166,128.083999,37.850339,6405.6319944,139.15,-0.347,202.071,1.0
80.8333,128.083986,37.850311,6405.433264800001,137.225,-0.723,202.313,1.0
80.85,128.083974,37.850282,6405.226610400001,135.305,-1.105,202.577,1.0
80.8666,128.083962,37.850254,6405.012336000001,133.39,-1.489,202.861,1.0
80.8833,128.083949,37.850225,6404.790746400001,131.48,-1.873,203.164,1.0
80.9,128.083937,37.850197,6404.561232,129.573,-2.252,203.484,1.0
80.9166,128.083924,37.850168,6404.3244024,127.668,-2.625,203.819,1.0
80.9333,128.083912,37.85014,6404.0808672,125.832,-2.993,204.163,1.0
80.95,128.083899,37.850111,6403.8306264,124.064,-3.355,204.515,1.0
80.9666,128.083886,37.850083,6403.5739848,122.36,-3.709,204.872,1.0
80.9833,128.083873,37.850055,6403.3109424,120.713,-4.054,205.235,1.0
81.0,128.083861,37.850026,6403.0424136,119.12,-4.388,205.602,1.0
81.0166,128.083848,37.849998,6402.7677888,117.577,-4.711,205.972,1.0
81.0333,128.083835,37.849969,6402.487982400001,116.122,-5.024,206.343,1.0
81.05,128.083822,37.849941,6402.2029944,114.752,-5.328,206.714,1.0
81.0666,128.083808,37.849912,6401.912824800001,113.468,-5.621,207.084,1.0
81.0833,128.083795,37.849884,6401.617778400001,112.266,-5.903,207.453,1.0
81.1,128.083782,37.849856,6401.317855200001,111.142,-6.175,207.82,1.0
81.1166,128.083769,37.849827,6401.013360000001,110.093,-6.434,208.184,1.0
81.1333,128.083755,37.849799,6400.704597600001,109.123,-6.683,208.545,1.0
81.15,128.083742,37.84977,6400.3909584,108.231,-6.92,208.903,1.0
81.1666,128.083728,37.849742,6400.0733568000005,107.414,-7.145,209.258,1.0
81.1833,128.083715,37.849714,6399.751488000001,106.667,-7.359,209.609,1.0
81.2,128.083701,37.849685,6399.4250472,105.986,-7.56,209.956,1.0
81.2166,128.083688,37.849657,6399.0940344,105.366,-7.748,210.299,1.0
81.2333,128.083674,37.849628,6398.7584496,104.808,-7.924,210.639,1.0
81.25,128.08366,37.8496,6398.417988000001,104.308,-8.087,210.974,1.0
81.2666,128.083647,37.849571,6398.072649600001,103.863,-8.236,211.305,1.0
81.2833,128.083633,37.849543,6397.7224344,103.469,-8.373,211.632,1.0
81.3,128.083619,37.849515,6397.367647200001,103.123,-8.497,211.955,1.0
81.3166,128.083605,37.849486,6397.0076784,102.818,-8.61,212.273,1.0
81.3333,128.083591,37.849458,6396.643442400001,102.555,-8.714,212.588,1.0
81.35,128.083576,37.84943,6396.274024800001,102.33,-8.809,212.899,1.0
81.3666,128.083562,37.849401,6395.8997304,102.14,-8.897,213.205,1.0
81.3833,128.083548,37.849373,6395.520864,101.979,-8.977,213.507,1.0
81.4,128.083533,37.849345,6395.136816,101.845,-9.052,213.805,1.0
81.4166,128.083519,37.849316,6394.7481960000005,101.736,-9.121,214.099,1.0
81.4333,128.083504,37.849288,6394.3546992,101.649,-9.186,214.389,1.0
81.45,128.08349,37.84926,6393.9563256,101.583,-9.247,214.675,1.0
81.4666,128.083475,37.849232,6393.55338,101.535,-9.304,214.958,1.0
81.4833,128.08346,37.849204,6393.1452528,101.503,-9.358,215.236,1.0
81.5,128.083445,37.849175,6392.7322488,101.484,-9.409,215.511,1.0
81.5166,128.08343,37.849147,6392.3146728,101.478,-9.459,215.782,1.0
81.5333,128.083415,37.849119,6391.891915200001,101.481,-9.506,216.05,1.0
81.55,128.0834,37.849091,6391.4645856,101.493,-9.552,216.315,1.0
81.5666,128.083384,37.849063,6391.032074400001,101.511,-9.597,216.576,1.0
81.5833,128.083369,37.849035,6390.594686400001,101.535,-9.64,216.835,1.0
81.6,128.083353,37.849007,6390.1524216,101.563,-9.683,217.09,1.0
81.6166,128.083338,37.848979,6389.70528,101.594,-9.724,217.342,1.0
81.6333,128.083322,37.848951,6389.2532616,101.627,-9.766,217.592,1.0
81.65,128.083306,37.848923,6388.7963664,101.659,-9.807,217.839,1.0
81.6666,128.08329,37.848895,6388.3342896,101.69,-9.847,218.084,1.0
81.6833,128.083274,37.848868,6387.867336,101.72,-9.888,218.326,1.0
81.7,128.083258,37.84884,6387.3955056,101.748,-9.929,218.566,1.0
81.7166,128.083242,37.848812,6386.9184936,101.773,-9.969,218.804,1.0
81.7333,128.083225,37.848784,6386.4366048,101.794,-10.01,219.04,1.0
81.75,128.083209,37.848757,6385.9498392,101.81,-10.051,219.273,1.0
81.7666,128.083192,37.848729,6385.457892,101.821,-10.092,219.505,1.0
81.7833,128.083176,37.848701,6384.9610680000005,101.826,-10.133,219.735,1.0
81.8,128.083159,37.848674,6384.4593672,101.827,-10.175,219.964,1.0
81.8166,128.083142,37.848646,6383.9524848,101.821,-10.216,220.19,1.0
81.8333,128.083125,37.848619,6383.4407255999995,101.809,-10.259,220.416,1.0
81.85,128.083108,37.848591,6382.9237848,101.79,-10.301,220.639,1.0
81.8666,128.083091,37.848564,6382.402272,101.765,-10.344,220.862,1.0
81.8833,128.083073,37.848537,6381.875577600001,101.732,-10.387,221.083,1.0
81.9,128.083056,37.848509,6381.344006400001,101.693,-10.431,221.302,1.0
81.9166,128.083039,37.848482,6380.8072536,101.648,-10.475,221.521,1.0
81.9333,128.083021,37.848455,6380.2659288,101.595,-10.519,221.738,1.0
81.95,128.083003,37.848428,6379.7194224,101.536,-10.564,221.954,1.0
81.9666,128.082986,37.8484,6379.1680392,101.47,-10.609,222.17,1.0
81.9833,128.082968,37.848373,6378.6117792000005,101.398,-10.655,222.384,1.0
82.0,128.08295,37.848346,6378.0506424000005,101.32,-10.7,222.597,1.0
82.0166,128.082932,37.848319,6377.484628800001,101.236,-10.746,222.809,1.0
82.0333,128.082913,37.848292,6376.9137384000005,101.146,-10.792,223.021,1.0
82.05,128.082895,37.848265,6376.3379712,101.05,-10.839,223.231,1.0
82.0666,128.082877,37.848238,6375.7573272,100.949,-10.885,223.441,1.0
82.0833,128.082858,37.848211,6375.1721112000005,100.844,-10.932,223.65,1.0
82.1,128.082839,37.848185,6374.5820184,100.733,-10.979,223.858,1.0
82.1166,128.082821,37.848158,6373.9870488,100.618,-11.026,224.065,1.0
82.1333,128.082802,37.848131,6373.3872024,100.499,-11.073,224.272,1.0
82.15,128.082783,37.848104,6372.782784000001,100.376,-11.12,224.478,1.0
82.1666,128.082764,37.848078,6372.1737936,100.25,-11.167,224.684,1.0
82.1833,128.082745,37.848051,6371.5599264,100.121,-11.214,224.888,1.0
82.2,128.082726,37.848024,6370.941182400001,99.988,-11.261,225.093,1.0
82.2166,128.082706,37.847998,6370.3181712,99.853,-11.308,225.296,1.0
82.2333,128.082687,37.847971,6369.6902832000005,99.716,-11.355,225.499,1.0
82.25,128.082667,37.847945,6369.057823200001,99.576,-11.402,225.702,1.0
82.2666,128.082648,37.847919,6368.4207912,99.435,-11.449,225.903,1.0
82.2833,128.082628,37.847892,6367.778882400001,99.293,-11.496,226.105,1.0
82.3,128.082608,37.847866,6367.132706400001,99.149,-11.542,226.306,1.0
82.3166,128.082588,37.84784,6366.4819584,99.004,-11.588,226.506,1.0
82.3333,128.082568,37.847814,6365.826638400001,98.859,-11.634,226.706,1.0
82.35,128.082548,37.847787,6365.1667464,98.714,-11.68,226.905,1.0
82.3666,128.082528,37.847761,6364.502587200001,98.568,-11.726,227.104,1.0
82.3833,128.082508,37.847735,6363.833856000001,98.423,-11.772,227.302,1.0
82.4,128.082487,37.847709,6363.1605528,98.278,-11.817,227.5,1.0
82.4166,128.082467,37.847683,6362.482982400001,98.133,-11.861,227.697,1.0
82.4333,128.082446,37.847657,6361.8011448,97.987,-11.908,227.894,1.0
82.45,128.082425,37.847632,6361.1147352,97.84,-11.955,228.09,1.0
82.4666,128.082404,37.847606,6360.4240584,97.693,-12.003,228.285,1.0
82.4833,128.082384,37.84758,6359.729419200001,97.545,-12.053,228.479,1.0
82.5,128.082363,37.847554,6359.030208,97.398,-12.102,228.674,1.0
82.5166,128.082341,37.847529,6358.326729599999,97.252,-12.152,228.867,1.0
82.5333,128.08232,37.847503,6357.618984000001,97.108,-12.203,229.06,1.0
82.55,128.082299,37.847478,6356.9069712,96.964,-12.255,229.253,1.0
82.5666,128.082278,37.847452,6356.190996,96.822,-12.307,229.445,1.0
82.5833,128.082256,37.847427,6355.4707536000005,96.683,-12.36,229.637,1.0
82.6,128.082234,37.847401,6354.746244,96.546,-12.413,229.828,1.0
82.6166,128.082213,37.847376,6354.0174672,96.412,-12.465,230.019,1.0
82.6333,128.082191,37.847351,6353.2847280000005,96.281,-12.518,230.209,1.0
82.65,128.082169,37.847325,6352.5477216,96.153,-12.571,230.399,1.0
82.6666,128.082147,37.8473,6351.806448,96.03,-12.624,230.589,1.0
82.6833,128.082125,37.847275,6351.061212,95.91,-12.677,230.779,1.0
82.7,128.082103,37.84725,6350.312013600001,95.794,-12.73,230.968,1.0
82.7166,128.08208,37.847225,6349.558548,95.681,-12.782,231.157,1.0
82.7333,128.082058,37.8472,6348.801120000001,95.573,-12.834,231.346,1.0
82.75,128.082036,37.847175,6348.039424800001,95.468,-12.886,231.535,1.0
82.7666,128.082013,37.84715,6347.2737672,95.367,-12.938,231.723,1.0
82.7833,128.08199,37.847125,6346.504147200001,95.27,-12.989,231.911,1.0
82.8,128.081968,37.847101,6345.73026,95.177,-13.04,232.099,1.0
82.8166,128.081945,37.847076,6344.9524104,95.087,-13.09,232.287,1.0
82.8333,128.081922,37.847051,6344.1705984,95.001,-13.141,232.475,1.0
82.85,128.081899,37.847027,6343.384824000001,94.917,-13.191,232.663,1.0
82.8666,128.081876,37.847002,6342.5950872,94.837,-13.241,232.85,1.0
82.8833,128.081852,37.846978,6341.801388000001,94.76,-13.29,233.037,1.0
82.9,128.081829,37.846953,6341.0034216,94.686,-13.34,233.225,1.0
82.9166,128.081805,37.846929,6340.201797600001,94.614,-13.389,233.412,1.0
82.9333,128.081782,37.846905,6339.396211200001,94.545,-13.437,233.599,1.0
82.95,128.081758,37.84688,6338.5863576,94.477,-13.486,233.786,1.0
82.9666,128.081735,37.846856,6337.7728464,94.412,-13.534,233.973,1.0
82.9833,128.081711,37.846832,6336.9553728,94.349,-13.583,234.16,1.0
83.0,128.081687,37.846808,6336.133936800001,94.288,-13.63,234.347,1.0
83.0166,128.081663,37.846784,6335.3085384000005,94.228,-13.678,234.534,1.0
83.0333,128.081639,37.84676,6334.4791776,94.169,-13.726,234.721,1.0
83.05,128.081614,37.846736,6333.645854400001,94.112,-13.773,234.908,1.0
83.0666,128.08159,37.846712,6332.8085688,94.055,-13.82,235.095,1.0
83.0833,128.081566,37.846689,6331.9676256,93.999,-13.867,235.282,1.0
83.1,128.081541,37.846665,6331.122720000001,93.944,-13.913,235.469,1.0
83.1166,128.081517,37.846641,6330.273852000001,93.889,-13.96,235.656,1.0
83.1333,128.081492,37.846618,6329.4213264,93.835,-14.006,235.843,1.0
83.15,128.081467,37.846594,6328.564838400001,93.781,-14.052,236.03,1.0
83.1666,128.081442,37.846571,6327.704388000001,93.727,-14.098,236.218,1.0
83.1833,128.081417,37.846547,6326.8399752,93.672,-14.144,236.405,1.0
83.2,128.081392,37.846524,6325.971904800001,93.618,-14.19,236.592,1.0
83.2166,128.081367,37.846501,6325.099872,93.563,-14.235,236.78,1.0
83.2333,128.081342,37.846478,6324.2241816000005,93.508,-14.28,236.968,1.0
83.25,128.081317,37.846455,6323.3445288,93.452,-14.326,237.156,1.0
83.2666,128.081291,37.846432,6322.461218400001,93.396,-14.37,237.344,1.0
83.2833,128.081266,37.846409,6321.5739456,93.339,-14.415,237.532,1.0
83.3,128.08124,37.846386,6320.683015200001,93.281,-14.46,237.72,1.0
83.3166,128.081214,37.846363,6319.7881224,93.223,-14.504,237.908,1.0
83.3333,128.081188,37.84634,6318.889572,93.164,-14.548,238.097,1.0
83.35,128.081162,37.846317,6317.987059200001,93.103,-14.592,238.285,1.0
83.3666,128.081136,37.846295,6317.0808888,93.042,-14.636,238.474,1.0
83.3833,128.08111,37.846272,6316.1710608,92.979,-14.679,238.663,1.0
83.4,128.081084,37.84625,6315.257270400001,92.916,-14.723,238.852,1.0
83.4166,128.081058,37.846227,6314.3398224,92.852,-14.766,239.042,1.0
83.4333,128.081032,37.846205,6313.4187168,92.786,-14.809,239.231,1.0
83.45,128.081005,37.846183,6312.4939536,92.72,-14.851,239.421,1.0
83.4666,128.080979,37.84616,6311.565228,92.652,-14.894,239.611,1.0
83.4833,128.080952,37.846138,6310.6328448,92.583,-14.936,239.8,1.0
83.5,128.080925,37.846116,6309.6971088,92.514,-14.978,239.991,1.0
83.5166,128.080898,37.846094,6308.7574104000005,92.443,-15.02,240.181,1.0
83.5333,128.080871,37.846072,6307.814054400001,92.371,-15.062,240.371,1.0
83.55,128.080844,37.84605,6306.867040800001,92.298,-15.103,240.562,1.0
83.5666,128.080817,37.846029,6305.9163696000005,92.224,-15.144,240.753,1.0
83.5833,128.08079,37.846007,6304.9620408,92.149,-15.185,240.944,1.0
83.6,128.080763,37.845985,6304.0040544,92.073,-15.225,241.135,1.0
83.6166,128.080736,37.845964,6303.0424104,91.997,-15.266,241.326,1.0
83.6333,128.080708,37.845942,6302.0774136,91.919,-15.306,241.517,1.0
83.65,128.080681,37.845921,6301.1084544000005,91.84,-15.345,241.709,1.0
83.6666,128.080653,37.845899,6300.136142400001,91.761,-15.385,241.901,1.0
83.6833,128.080625,37.845878,6299.1601728000005,91.68,-15.424,242.093,1.0
83.7,128.080597,37.845857,6298.1808504,91.599,-15.463,242.285,1.0
83.7166,128.08057,37.845836,6297.197870400001,91.517,-15.502,242.477,1.0
83.7333,128.080542,37.845815,6296.2112328,91.435,-15.54,242.67,1.0
83.75,128.080513,37.845794,6295.220937600001,91.351,-15.578,242.862,1.0
83.7666,128.080485,37.845773,6294.2272896,91.267,-15.616,243.055,1.0
83.7833,128.080457,37.845752,6293.2302887999995,91.182,-15.653,243.248,1.0
83.8,128.080429,37.845731,6292.2296304,91.097,-15.69,243.441,1.0
83.8166,128.0804,37.84571,6291.2256192,91.011,-15.727,243.634,1.0
83.8333,128.080372,37.84569,6290.2179504000005,90.925,-15.763,243.827,1.0
83.85,128.080343,37.845669,6289.207233600001,90.838,-15.799,244.021,1.0
83.8666,128.080315,37.845649,6288.1925544000005,90.75,-15.835,244.214,1.0
83.8833,128.080286,37.845628,6287.1748272,90.662,-15.871,244.408,1.0
83.9,128.080257,37.845608,6286.153442400001,90.574,-15.906,244.602,1.0
83.9166,128.080228,37.845588,6285.1290096,90.485,-15.941,244.796,1.0
83.9333,128.080199,37.845568,6284.1009192,90.396,-15.975,244.99,1.0
83.95,128.08017,37.845548,6283.069476,90.306,-16.009,245.184,1.0
83.9666,128.080141,37.845528,6282.03468,90.216,-16.043,245.379,1.0
83.9833,128.080112,37.845508,6280.9965312,90.126,-16.076,245.573,1.0
84.0,128.080082,37.845488,6279.9553344,90.035,-16.109,245.768,1.0
84.0166,128.080053,37.845468,6278.91048,89.944,-16.142,245.963,1.0
84.0333,128.080023,37.845448,6277.8622728,89.853,-16.175,246.158,1.0
84.05,128.079994,37.845429,6276.8110176,89.761,-16.207,246.353,1.0
84.0666,128.079964,37.845409,6275.756409600001,89.669,-16.238,246.548,1.0
84.0833,128.079934,37.84539,6274.6987536,89.577,-16.269,246.744,1.0
84.1,128.079904,37.84537,6273.6377448,89.484,-16.3,246.939,1.0
84.1166,128.079874,37.845351,6272.5733832000005,89.392,-16.331,247.135,1.0
84.1333,128.079844,37.845332,6271.5056688,89.299,-16.361,247.331,1.0
84.15,128.079814,37.845313,6270.435211200001,89.205,-16.391,247.527,1.0
84.1666,128.079784,37.845294,6269.3610960000005,89.112,-16.42,247.723,1.0
84.1833,128.079754,37.845275,6268.284237600001,89.018,-16.45,247.919,1.0
84.2,128.079724,37.845256,6267.2040264,88.924,-16.478,248.115,1.0
84.2166,128.079693,37.845237,6266.1207672,88.829,-16.507,248.311,1.0
84.2333,128.079663,37.845218,6265.034155200001,88.735,-16.535,248.508,1.0
84.25,128.079632,37.8452,6263.9448,88.64,-16.562,248.704,1.0
84.2666,128.079601,37.845181,6262.852092000001,88.545,-16.589,248.901,1.0
84.2833,128.079571,37.845163,6261.756336,88.449,-16.616,249.098,1.0
84.3,128.07954,37.845144,6260.657532,88.354,-16.643,249.295,1.0
84.3166,128.079509,37.845126,6259.5559848,88.258,-16.669,249.492,1.0
84.3333,128.079478,37.845108,6258.4510848,88.162,-16.694,249.689,1.0
84.35,128.079447,37.84509,6257.3431368,88.065,-16.72,249.887,1.0
84.3666,128.079416,37.845072,6256.232445600001,87.968,-16.745,250.084,1.0
84.3833,128.079385,37.845054,6255.1187064000005,87.871,-16.769,250.282,1.0
84.4,128.079353,37.845036,6254.001919200001,87.773,-16.793,250.48,1.0
84.4166,128.079322,37.845018,6252.8823888,87.676,-16.817,250.677,1.0
84.4333,128.07929,37.845,6251.759505600001,87.578,-16.84,250.875,1.0
84.45,128.079259,37.844983,6250.6341840000005,87.479,-16.863,251.074,1.0
84.4666,128.079227,37.844965,6249.5058144,87.38,-16.886,251.272,1.0
84.4833,128.079196,37.844948,6248.374396800001,87.281,-16.908,251.47,1.0
84.5,128.079164,37.844931,6247.2405408,87.181,-16.929,251.668,1.0
84.5166,128.079132,37.844913,6246.103332000001,87.081,-16.951,251.867,1.0
84.5333,128.0791,37.844896,6244.9636848,86.981,-16.972,252.066,1.0
84.55,128.079068,37.844879,6243.8209896,86.88,-16.992,252.264,1.0
84.5666,128.079036,37.844862,6242.675856000001,86.779,-17.012,252.463,1.0
84.5833,128.079004,37.844845,6241.527674400001,86.677,-17.032,252.662,1.0
84.6,128.078972,37.844828,6240.3767496,86.575,-17.051,252.861,1.0
84.6166,128.07894,37.844811,6239.2230816,86.473,-17.07,253.061,1.0
84.6333,128.078907,37.844795,6238.06728,86.412,-17.092,253.253,1.0
84.65,128.078875,37.844778,6236.9084304,86.395,-17.119,253.431,1.0
84.6666,128.078842,37.844762,6235.746837600001,86.423,-17.149,253.587,1.0
84.6833,128.07881,37.844745,6234.582501600001,86.497,-17.183,253.715,1.0
84.7,128.078777,37.844729,6233.4157272,86.62,-17.221,253.809,1.0
84.7166,128.078745,37.844713,6232.2459048,86.791,-17.262,253.871,1.0
84.7333,128.078712,37.844696,6231.073034399999,87.007,-17.306,253.905,1.0
84.75,128.078679,37.84468,6229.8974208,87.266,-17.353,253.915,1.0
84.7666,128.078646,37.844664,6228.7187592,87.566,-17.402,253.905,1.0
84.7833,128.078614,37.844648,6227.5370496000005,87.905,-17.452,253.878,1.0
84.8,128.078581,37.844632,6226.3522920000005,88.282,-17.504,253.837,1.0
84.8166,128.078548,37.844616,6225.1644864,88.695,-17.557,253.785,1.0
84.8333,128.078515,37.8446,6223.9727184,89.05,-17.598,253.723,1.0
84.85,128.078482,37.844584,6222.777597600001,89.35,-17.627,253.653,1.0
84.8666,128.078449,37.844568,6221.579428800001,89.59,-17.647,253.575,1.0
84.8833,128.078416,37.844552,6220.3776024,89.768,-17.659,253.492,1.0
84.9,128.078382,37.844536,6219.1727280000005,89.883,-17.665,253.403,1.0
84.9166,128.078349,37.844521,6217.964805600001,89.935,-17.666,253.311,1.0
84.9333,128.078316,37.844505,6216.7532255999995,89.922,-17.663,253.214,1.0
84.95,128.078282,37.844489,6215.5389024,89.845,-17.657,253.115,1.0
84.9666,128.078249,37.844474,6214.3215312,89.705,-17.648,253.013,1.0
84.9833,128.078215,37.844459,6213.1008071999995,89.503,-17.638,252.909,1.0
85.0,128.078182,37.844443,6211.87734,89.24,-17.627,252.803,1.0
85.0166,128.078148,37.844428,6210.650824800001,88.916,-17.615,252.696,1.0
85.0333,128.078114,37.844413,6209.4218712,88.535,-17.601,252.588,1.0
85.05,128.078081,37.844398,6208.189869600001,88.096,-17.588,252.478,1.0
85.0666,128.078047,37.844383,6206.9554296,87.602,-17.574,252.367,1.0
85.0833,128.078013,37.844368,6205.718551200001,87.055,-17.56,252.256,1.0
85.1,128.077979,37.844354,6204.4792344,86.456,-17.546,252.144,1.0
85.1166,128.077945,37.844339,6203.237784000001,85.807,-17.533,252.032,1.0
85.1333,128.077911,37.844325,6201.9945048,85.109,-17.519,251.919,1.0
85.15,128.077876,37.84431,6200.749092000001,84.365,-17.506,251.806,1.0
85.1666,128.077842,37.844296,6199.502155200001,83.575,-17.493,251.693,1.0
85.1833,128.077808,37.844282,6198.2533896,82.741,-17.481,251.581,1.0
85.2,128.077773,37.844268,6197.0031,81.863,-17.469,251.47,1.0
85.2166,128.077739,37.844253,6195.751591200001,80.944,-17.457,251.36,1.0
85.2333,128.077704,37.84424,6194.4988632,79.984,-17.446,251.251,1.0
85.25,128.07767,37.844226,6193.2452207999995,78.985,-17.435,251.144,1.0
85.2666,128.077635,37.844212,6191.990664000001,77.946,-17.425,251.038,1.0
85.2833,128.0776,37.844198,6190.735192800001,76.871,-17.415,250.934,1.0
85.3,128.077565,37.844185,6189.4794168,75.759,-17.406,250.832,1.0
85.3166,128.07753,37.844171,6188.2230312,74.612,-17.397,250.732,1.0
85.3333,128.077495,37.844158,6186.966340800001,73.431,-17.388,250.633,1.0
85.35,128.07746,37.844144,6185.7096504,72.217,-17.38,250.536,1.0
85.3666,128.077425,37.844131,6184.452655200001,70.97,-17.372,250.44,1.0
85.3833,128.07739,37.844118,6183.196269600001,69.692,-17.365,250.347,1.0
85.4,128.077355,37.844104,6181.9401888,68.383,-17.358,250.254,1.0
85.4166,128.07732,37.844091,6180.6844128,67.045,-17.352,250.164,1.0
85.4333,128.077284,37.844078,6179.429246400001,65.677,-17.346,250.075,1.0
85.45,128.077249,37.844065,6178.1749944,64.282,-17.341,249.987,1.0
85.4666,128.077213,37.844052,6176.921656800001,62.859,-17.336,249.901,1.0
85.4833,128.077178,37.84404,6175.669233600001,61.41,-17.332,249.817,1.0
85.5,128.077142,37.844027,6174.4183344,59.935,-17.328,249.734,1.0
85.5166,128.077107,37.844014,6173.1683496000005,58.434,-17.325,249.652,1.0
85.5333,128.077071,37.844001,6171.9201936,56.91,-17.323,249.571,1.0
85.55,128.077035,37.843989,6170.6735616,55.361,-17.321,249.492,1.0
85.5666,128.077,37.843976,6169.4284536000005,53.791,-17.32,249.413,1.0
85.5833,128.076964,37.843964,6168.1851744000005,52.197,-17.32,249.336,1.0
85.6,128.076928,37.843951,6166.9440288000005,50.583,-17.321,249.261,1.0
85.6166,128.076892,37.843939,6165.704712,48.948,-17.323,249.186,1.0
85.6333,128.076856,37.843926,6164.467833600001,47.293,-17.326,249.112,1.0
85.65,128.07682,37.843914,6163.2330888,45.619,-17.33,249.04,1.0
85.6666,128.076784,37.843902,6162.0007824,43.927,-17.335,248.969,1.0
85.6833,128.076747,37.843889,6160.770914400001,42.216,-17.341,248.898,1.0
85.7,128.076711,37.843877,6159.5434847999995,40.488,-17.348,248.829,1.0
85.7166,128.076675,37.843865,6158.3187984,38.743,-17.356,248.761,1.0
85.7333,128.076639,37.843853,6157.096245600001,37.088,-17.375,248.708,1.0
85.75,128.076602,37.843841,6155.8752168,35.519,-17.405,248.669,1.0
85.7666,128.076566,37.843828,6154.6554072,34.042,-17.443,248.642,1.0
85.7833,128.076529,37.843816,6153.436512,32.658,-17.487,248.625,1.0
85.8,128.076493,37.843804,6152.2176168,31.369,-17.536,248.616,1.0
85.8166,128.076456,37.843792,6150.9984168,30.175,-17.588,248.613,1.0
85.8333,128.07642,37.84378,6149.778912,29.077,-17.643,248.615,1.0
85.85,128.076383,37.843768,6148.557883200001,28.073,-17.699,248.622,1.0
85.8666,128.076347,37.843756,6147.3353304,27.163,-17.757,248.632,1.0
85.8833,128.07631,37.843744,6146.110644,26.344,-17.815,248.645,1.0
85.9,128.076273,37.843731,6144.883519200001,25.617,-17.872,248.66,1.0
85.9166,128.076237,37.843719,6143.6530416000005,24.977,-17.93,248.677,1.0
85.9333,128.0762,37.843707,6142.418906400001,24.424,-17.988,248.695,1.0
85.95,128.076163,37.843695,6141.1808088,23.956,-18.045,248.715,1.0
85.9666,128.076126,37.843683,6139.9378344,23.569,-18.101,248.735,1.0
85.9833,128.07609,37.843671,6138.689983200001,23.263,-18.157,248.756,1.0
86.0,128.076053,37.843659,6137.436645600001,23.035,-18.213,248.777,1.0
86.0166,128.076016,37.843646,6136.177212,22.883,-18.268,248.799,1.0
86.0333,128.075979,37.843634,6134.912901600001,22.805,-18.322,248.82,1.0
86.05,128.075943,37.843622,6133.6428000000005,22.798,-18.376,248.842,1.0
86.0666,128.075906,37.84361,6132.367212,22.861,-18.429,248.864,1.0
86.0833,128.075869,37.843598,6131.0861376,22.991,-18.482,248.885,1.0
86.1,128.075832,37.843585,6129.7998816,23.187,-18.534,248.906,1.0
86.1166,128.075795,37.843573,6128.507834399999,23.447,-18.586,248.927,1.0
86.1333,128.075758,37.843561,6127.210910400001,23.769,-18.638,248.948,1.0
86.15,128.075721,37.843549,6125.908195200001,24.15,-18.689,248.968,1.0
86.1666,128.075684,37.843536,6124.6006032,24.591,-18.74,248.987,1.0
86.1833,128.075648,37.843524,6123.287220000001,25.087,-18.791,249.006,1.0
86.2,128.075611,37.843512,6121.96896,25.639,-18.842,249.025,1.0
86.2166,128.075574,37.843499,6120.645213600001,26.244,-18.893,249.042,1.0
86.2333,128.075537,37.843487,6119.3165904,26.901,-18.944,249.059,1.0
86.25,128.0755,37.843475,6117.9827856,27.608,-18.995,249.076,1.0
86.2666,128.075463,37.843462,6116.6437992,28.364,-19.046,249.092,1.0
86.2833,128.075426,37.84345,6115.2996312000005,29.168,-19.098,249.107,1.0
86.3,128.075389,37.843438,6113.9505864,30.017,-19.149,249.121,1.0
86.3166,128.075352,37.843425,6112.5963600000005,30.911,-19.201,249.135,1.0
86.3333,128.075314,37.843413,6111.237256800001,31.849,-19.253,249.147,1.0
86.35,128.075277,37.843401,6109.8732768,32.829,-19.305,249.159,1.0
86.3666,128.07524,37.843388,6108.5041152,33.85,-19.358,249.17,1.0
86.3833,128.075203,37.843376,6107.1303816,34.911,-19.411,249.181,1.0
86.4,128.075166,37.843363,6105.7517712,36.011,-19.464,249.19,1.0
86.4166,128.075129,37.843351,6104.3685888,37.149,-19.518,249.198,1.0
86.4333,128.075092,37.843338,6102.9805295999995,38.323,-19.572,249.206,1.0
86.45,128.075055,37.843326,6101.5875936,39.534,-19.626,249.213,1.0
86.4666,128.075018,37.843314,6100.1903904,40.779,-19.681,249.218,1.0
86.4833,128.07498,37.843301,6098.7883104,42.058,-19.736,249.223,1.0
86.5,128.074943,37.843289,6097.381658400001,43.371,-19.791,249.227,1.0
86.5166,128.074906,37.843276,6095.9707392,44.716,-19.847,249.229,1.0
86.5333,128.074869,37.843264,6094.5549432,46.092,-19.904,249.231,1.0
86.55,128.074831,37.843251,6093.13488,47.499,-19.96,249.232,1.0
86.5666,128.074794,37.843238,6091.7105496,48.936,-20.017,249.231,1.0
86.5833,128.074757,37.843226,6090.2816472,50.403,-20.075,249.23,1.0
86.6,128.07472,37.843213,6088.8484776000005,51.898,-20.133,249.227,1.0
86.6166,128.074682,37.843201,6087.411040800001,53.421,-20.191,249.223,1.0
86.6333,128.074645,37.843188,6085.969641600001,54.97,-20.246,249.223,1.0
86.65,128.074608,37.843175,6084.5239752,56.543,-20.297,249.228,1.0
86.6666,128.07457,37.843163,6083.074346400001,58.141,-20.346,249.237,1.0
86.6833,128.074533,37.84315,6081.6207552000005,59.764,-20.394,249.248,1.0
86.7,128.074496,37.843137,6080.1628968,61.41,-20.44,249.262,1.0
86.7166,128.074458,37.843125,6078.701076,63.079,-20.486,249.276,1.0
86.7333,128.074421,37.843112,6077.2359024,64.768,-20.527,249.301,1.0
86.75,128.074384,37.843099,6075.7667664,66.474,-20.561,249.345,1.0
86.7666,128.074346,37.843087,6074.2942776,68.194,-20.588,249.409,1.0
86.7833,128.074309,37.843074,6072.818131200001,69.929,-20.609,249.492,1.0
86.8,128.074271,37.843061,6071.3383272,71.68,-20.627,249.589,1.0
86.8166,128.074234,37.843048,6069.8554752,73.448,-20.644,249.698,1.0
86.8333,128.074197,37.843036,6068.368965600001,75.228,-20.658,249.827,1.0
86.85,128.074159,37.843023,6066.8797128,77.016,-20.668,249.986,1.0
86.8666,128.074122,37.84301,6065.3871072,78.812,-20.677,250.173,1.0
86.8833,128.074084,37.842997,6063.8914536,80.618,-20.686,250.382,1.0
86.9,128.074047,37.842985,6062.392752000001,82.434,-20.697,250.609,1.0
86.9166,128.074009,37.842972,6060.8910024,84.261,-20.713,250.85,1.0
86.9333,128.073971,37.842959,6059.3862048,86.095,-20.734,251.113,1.0
86.95,128.073934,37.842946,6057.878664000001,87.931,-20.76,251.408,1.0
86.9666,128.073896,37.842934,6056.36838,89.772,-20.794,251.729,1.0
86.9833,128.073859,37.842921,6054.8547432,91.617,-20.838,252.071,1.0
87.0,128.073821,37.842908,6053.3383632000005,93.469,-20.891,252.427,1.0
87.0166,128.073783,37.842895,6051.81924,95.329,-20.956,252.793,1.0
87.0333,128.073745,37.842883,6050.296764000001,97.191,-21.033,253.177,1.0
87.05,128.073708,37.84287,6048.7715448,99.055,-21.126,253.581,1.0
87.0666,128.07367,37.842857,6047.242972800001,100.922,-21.233,253.999,1.0
87.0833,128.073632,37.842845,6045.7113528,102.792,-21.355,254.425,1.0
87.1,128.073594,37.842832,6044.17638,104.665,-21.493,254.854,1.0
87.1166,128.073557,37.842819,6042.6380544,106.543,-21.645,255.284,1.0
87.1333,128.073519,37.842807,6041.0960712,108.425,-21.811,255.71,1.0
87.15,128.073481,37.842794,6039.5507352,110.312,-21.992,256.13,1.0
87.1666,128.073443,37.842782,6038.0014368,112.201,-22.187,256.542,1.0
87.1833,128.073405,37.842769,6036.4484808,114.095,-22.396,256.945,1.0
87.2,128.073367,37.842757,6034.8915624,115.992,-22.617,257.337,1.0
87.2166,128.073329,37.842744,6033.3303768000005,117.891,-22.851,257.717,1.0
87.2333,128.073291,37.842732,6031.7640096000005,119.706,-23.089,258.089,1.0
87.25,128.073253,37.84272,6030.192460800001,121.434,-23.329,258.454,1.0
87.2666,128.073215,37.842707,6028.6157304,123.083,-23.574,258.809,1.0
87.2833,128.073177,37.842695,6027.0332088000005,124.657,-23.826,259.153,1.0
87.3,128.073139,37.842683,6025.4445912,126.163,-24.086,259.486,1.0
87.3166,128.073101,37.842671,6023.8489632,127.608,-24.354,259.805,1.0
87.3333,128.073063,37.842659,6022.2460200000005,128.937,-24.626,260.117,1.0
87.35,128.073025,37.842647,6020.635456800001,130.153,-24.9,260.421,1.0
87.3666,128.072986,37.842635,6019.0169688000005,131.261,-25.178,260.716,1.0
87.3833,128.072948,37.842623,6017.389946400001,132.263,-25.46,261.003,1.0
87.4,128.07291,37.842612,6015.7540848,133.169,-25.748,261.281,1.0
87.4166,128.072872,37.8426,6014.108469600001,133.99,-26.04,261.549,1.0
87.4333,128.072834,37.842589,6012.4534056,134.712,-26.337,261.81,1.0
87.45,128.072796,37.842577,6010.787673600001,135.345,-26.637,262.062,1.0
87.4666,128.072758,37.842566,6009.1115784,135.896,-26.941,262.307,1.0
87.4833,128.07272,37.842555,6007.4242056,136.375,-27.25,262.544,1.0
87.5,128.072682,37.842544,6005.727384000001,136.79,-27.561,262.773,1.0
87.5166,128.072644,37.842533,6004.0198944,137.149,-27.877,262.995,1.0
87.5333,128.072606,37.842522,6002.3017368,137.455,-28.195,263.21,1.0
87.55,128.072568,37.842511,6000.5735208,137.714,-28.515,263.418,1.0
87.5666,128.07253,37.8425,5998.835246400001,137.931,-28.838,263.621,1.0
87.5833,128.072492,37.84249,5997.0869136,138.113,-29.162,263.818,1.0
87.6,128.072454,37.842479,5995.3282176,138.263,-29.488,264.01,1.0
87.6166,128.072417,37.842469,5993.5591584,138.385,-29.813,264.197,1.0
87.6333,128.072379,37.842458,5991.779736,138.478,-30.139,264.38,1.0
87.65,128.072341,37.842448,5989.9899504,138.544,-30.464,264.56,1.0
87.6666,128.072303,37.842438,5988.1898016000005,138.586,-30.788,264.737,1.0
87.6833,128.072265,37.842428,5986.3795944,138.607,-31.11,264.91,1.0
87.7,128.072228,37.842418,5984.5587192,138.608,-31.431,265.082,1.0
87.7166,128.07219,37.842408,5982.7277856,138.591,-31.751,265.251,1.0
87.7333,128.072152,37.842398,5980.885879200001,138.553,-32.068,265.419,1.0
87.75,128.072115,37.842388,5979.0336096,138.494,-32.384,265.585,1.0
87.7666,128.072077,37.842378,5977.1709768,138.417,-32.697,265.751,1.0
87.7833,128.07204,37.842369,5975.297676,138.323,-33.008,265.916,1.0
87.8,128.072002,37.842359,5973.4143168,138.212,-33.316,266.08,1.0
87.8166,128.071964,37.84235,5971.5202896,138.085,-33.623,266.244,1.0
87.8333,128.071927,37.84234,5969.6152896,137.942,-33.926,266.408,1.0
87.85,128.07189,37.842331,5967.7002312,137.782,-34.226,266.573,1.0
87.8666,128.071852,37.842322,5965.774504800001,137.608,-34.524,266.739,1.0
87.8833,128.071815,37.842313,5963.838110400001,137.419,-34.818,266.906,1.0
87.9,128.071778,37.842304,5961.8916576,137.216,-35.109,267.073,1.0
87.9166,128.07174,37.842295,5959.9342320000005,137.0,-35.397,267.242,1.0
87.9333,128.071703,37.842286,5957.966748,136.771,-35.682,267.412,1.0
87.95,128.071666,37.842277,5955.988596,136.53,-35.964,267.583,1.0
87.9666,128.071629,37.842269,5954.0000808,136.276,-36.242,267.756,1.0
87.9833,128.071592,37.84226,5952.000897600001,136.011,-36.517,267.93,1.0
88.0,128.071555,37.842252,5949.991656000001,135.735,-36.79,268.106,1.0
88.0166,128.071517,37.842243,5947.9720512,135.448,-37.058,268.283,1.0
88.0333,128.07148,37.842235,5945.9420832000005,135.152,-37.324,268.463,1.0
88.05,128.071444,37.842227,5943.901752000001,134.848,-37.587,268.644,1.0
88.0666,128.071407,37.842219,5941.8510576,134.535,-37.846,268.826,1.0
88.0833,128.07137,37.842211,5939.790304800001,134.215,-38.103,269.011,1.0
88.1,128.071333,37.842203,5937.7194936,133.888,-38.356,269.197,1.0
88.1166,128.071296,37.842195,5935.6380144,133.555,-38.606,269.385,1.0
88.1333,128.071259,37.842187,5933.5470864,133.218,-38.854,269.576,1.0
88.15,128.071223,37.842179,5931.4454904,132.878,-39.098,269.768,1.0
88.1666,128.071186,37.842172,5929.334140800001,132.535,-39.339,269.962,1.0
88.1833,128.07115,37.842164,5927.212732800001,132.19,-39.577,270.158,1.0
88.2,128.071113,37.842157,5925.0809616,131.841,-39.812,270.356,1.0
88.2166,128.071077,37.84215,5922.9394368,131.491,-40.044,270.556,1.0
88.2333,128.07104,37.842142,5920.7878536,131.141,-40.274,270.759,1.0
88.25,128.071004,37.842135,5918.6265168,130.792,-40.5,270.963,1.0
88.2666,128.070967,37.842128,5916.4551216,130.444,-40.723,271.17,1.0
88.2833,128.070931,37.842121,5914.273972800001,130.096,-40.943,271.379,1.0
88.3,128.070895,37.842114,5912.082765600001,129.749,-41.16,271.59,1.0
88.3166,128.070859,37.842108,5909.8815,129.402,-41.375,271.804,1.0
88.3333,128.070822,37.842101,5907.6707856,129.058,-41.586,272.02,1.0
88.35,128.070786,37.842094,5905.4500128,128.717,-41.795,272.238,1.0
88.3666,128.07075,37.842088,5903.2197912,128.378,-42.001,272.458,1.0
88.3833,128.070714,37.842082,5900.979511200001,128.041,-42.204,272.681,1.0
88.4,128.070678,37.842075,5898.729477600001,127.707,-42.404,272.906,1.0
88.4166,128.070642,37.842069,5896.4696904,127.374,-42.601,273.133,1.0
88.4333,128.070606,37.842063,5894.2004544,127.045,-42.796,273.363,1.0
88.45,128.070571,37.842057,5891.921464800001,126.719,-42.988,273.594,1.0
88.4666,128.070535,37.842051,5889.6327216,126.396,-43.178,273.828,1.0
88.4833,128.070499,37.842045,5887.3345296,126.075,-43.365,274.064,1.0
88.5,128.070463,37.84204,5885.026584000001,125.757,-43.549,274.303,1.0
88.5166,128.070428,37.842034,5882.7091896,125.441,-43.731,274.543,1.0
88.5333,128.070392,37.842029,5880.382346400001,125.128,-43.911,274.786,1.0
88.55,128.070357,37.842023,5878.0457496,124.818,-44.088,275.03,1.0
88.5666,128.070321,37.842018,5875.699704000001,124.51,-44.263,275.277,1.0
88.5833,128.070286,37.842013,5873.344514400001,124.205,-44.436,275.526,1.0
88.6,128.070251,37.842008,5870.9795712,123.902,-44.606,275.778,1.0
88.6166,128.070215,37.842003,5868.605179200001,123.601,-44.775,276.031,1.0
88.6333,128.07018,37.841998,5866.2216432,123.302,-44.941,276.286,1.0
88.65,128.070145,37.841993,5863.8286584,123.006,-45.104,276.543,1.0
88.6666,128.07011,37.841988,5861.426529599999,122.711,-45.266,276.802,1.0
88.6833,128.070075,37.841984,5859.014647200001,122.418,-45.426,277.064,1.0
88.7,128.07004,37.841979,5856.5939256,122.127,-45.584,277.327,1.0
88.7166,128.070005,37.841975,5854.1637552,121.836,-45.739,277.592,1.0
88.7333,128.06997,37.841971,5851.724440800001,121.547,-45.893,277.859,1.0
88.75,128.069935,37.841966,5849.275677600001,121.26,-46.045,278.128,1.0
88.7666,128.069901,37.841962,5846.8180752,120.974,-46.195,278.4,1.0
88.7833,128.069866,37.841958,5844.3510240000005,120.689,-46.343,278.672,1.0
88.8,128.069831,37.841954,5841.8751336000005,120.405,-46.49,278.947,1.0
88.8166,128.069797,37.841951,5839.3897944,120.121,-46.634,279.224,1.0
88.8333,128.069762,37.841947,5836.895616,119.839,-46.777,279.502,1.0
88.85,128.069728,37.841944,5834.3922936,119.557,-46.918,279.783,1.0
88.8666,128.069693,37.84194,5831.880132,119.275,-47.058,280.065,1.0
88.8833,128.069659,37.841937,5829.3588264,118.994,-47.196,280.349,1.0
88.9,128.069625,37.841934,5826.8286816,118.713,-47.332,280.634,1.0
88.9166,128.069591,37.84193,5824.2893928,118.432,-47.466,280.922,1.0
88.9333,128.069557,37.841927,5821.741264800001,118.154,-47.598,281.212,1.0
88.95,128.069523,37.841924,5819.183992800001,117.877,-47.726,281.506,1.0
88.9666,128.069489,37.841922,5816.6181864,117.601,-47.852,281.801,1.0
88.9833,128.069455,37.841919,5814.043236,117.325,-47.976,282.1,1.0
89.0,128.069421,37.841916,5811.459751200001,117.049,-48.097,282.4,1.0
89.0166,128.069387,37.841914,5808.8674272,116.772,-48.217,282.702,1.0
89.0333,128.069353,37.841912,5806.266264000001,116.496,-48.333,283.008,1.0
89.05,128.06932,37.841909,5803.6565664,116.221,-48.447,283.316,1.0
89.0666,128.069286,37.841907,5801.0383344,115.945,-48.558,283.626,1.0
89.0833,128.069253,37.841905,5798.411263200001,115.668,-48.667,283.938,1.0
89.1,128.069219,37.841903,5795.7756576,115.389,-48.774,284.252,1.0
89.1166,128.069186,37.841901,5793.1315176,115.109,-48.879,284.568,1.0
89.1333,128.069152,37.8419,5790.479147999999,114.827,-48.983,284.886,1.0
89.15,128.069119,37.841898,5787.8179392,114.543,-49.085,285.205,1.0
89.1666,128.069086,37.841896,5785.148500800001,114.257,-49.186,285.526,1.0
89.1833,128.069053,37.841895,5782.470832800001,113.969,-49.286,285.849,1.0
89.2,128.06902,37.841894,5779.7849352,113.678,-49.384,286.172,1.0
89.2166,128.068987,37.841893,5777.0905032,113.385,-49.481,286.498,1.0
89.2333,128.068954,37.841892,5774.388146400001,113.091,-49.577,286.824,1.0
89.25,128.068921,37.841891,5771.6772552,112.794,-49.672,287.152,1.0
89.2666,128.068889,37.84189,5768.9584392,112.495,-49.765,287.481,1.0
89.2833,128.068856,37.841889,5766.2313936,112.194,-49.858,287.812,1.0
89.3,128.068823,37.841888,5763.4964232,111.892,-49.949,288.144,1.0
89.3166,128.068791,37.841888,5760.753528,111.587,-50.039,288.477,1.0
89.3333,128.068758,37.841887,5758.0020984,111.226,-50.117,288.803,1.0
89.35,128.068726,37.841887,5755.242744,110.819,-50.179,289.107,1.0
89.3666,128.068694,37.841887,5752.475464800001,110.378,-50.225,289.374,1.0
89.3833,128.068662,37.841887,5749.700260800001,109.914,-50.253,289.592,1.0
89.4,128.06863,37.841887,5746.9177416,109.431,-50.263,289.75,1.0
89.4166,128.068598,37.841887,5744.126992800001,108.929,-50.257,289.852,1.0
89.4333,128.068566,37.841888,5741.328319200001,108.407,-50.237,289.903,1.0
89.45,128.068534,37.841888,5738.5220256,107.857,-50.206,289.912,1.0
89.4666,128.068502,37.841889,5735.7078071999995,107.274,-50.167,289.888,1.0
89.4833,128.068471,37.84189,5732.8862736,106.655,-50.121,289.839,1.0
89.5,128.068439,37.84189,5730.057424800001,105.997,-50.07,289.77,1.0
89.5166,128.068408,37.841892,5727.221260800001,105.298,-50.016,289.685,1.0
89.5333,128.068376,37.841893,5724.378391200001,104.557,-49.958,289.588,1.0
89.55,128.068345,37.841894,5721.528511200001,103.773,-49.898,289.481,1.0
89.5666,128.068314,37.841895,5718.6725352,102.947,-49.836,289.368,1.0
89.5833,128.068283,37.841897,5715.8098536,102.077,-49.772,289.248,1.0
89.6,128.068252,37.841899,5712.9413808,101.165,-49.708,289.125,1.0
89.6166,128.068221,37.8419,5710.0671168,100.21,-49.643,288.998,1.0
89.6333,128.06819,37.841902,5707.1870616,99.214,-49.577,288.869,1.0
89.65,128.068159,37.841904,5704.301520000001,98.177,-49.511,288.738,1.0
89.6666,128.068128,37.841907,5701.411101600001,97.099,-49.445,288.605,1.0
89.6833,128.068098,37.841909,5698.515501600001,95.981,-49.378,288.472,1.0
89.7,128.068067,37.841911,5695.615329599999,94.821,-49.312,288.339,1.0
89.7166,128.068036,37.841914,5692.7105856,93.622,-49.246,288.207,1.0
89.7333,128.068006,37.841917,5689.801879200001,92.382,-49.181,288.077,1.0
89.75,128.067975,37.841919,5686.888905600001,91.102,-49.115,287.948,1.0
89.7666,128.067945,37.841922,5683.972274400001,89.782,-49.051,287.821,1.0
89.7833,128.067914,37.841925,5681.0522904,88.424,-48.987,287.696,1.0
89.8,128.067884,37.841928,5678.1289536,87.027,-48.923,287.572,1.0
89.8166,128.067853,37.841932,5675.2022640000005,85.592,-48.86,287.451,1.0
89.8333,128.067823,37.841935,5672.2737456,84.247,-48.819,287.333,1.0
89.85,128.067793,37.841938,5669.342179200001,82.989,-48.799,287.221,1.0
89.8666,128.067762,37.841942,5666.407564800001,81.824,-48.796,287.114,1.0
89.8833,128.067732,37.841945,5663.4702072,80.757,-48.805,287.012,1.0
89.9,128.067702,37.841949,5660.529801600001,79.789,-48.823,286.913,1.0
89.9166,128.067671,37.841953,5657.586348,78.921,-48.846,286.819,1.0
89.9333,128.067641,37.841956,5654.6398464,78.153,-48.874,286.728,1.0
89.95,128.067611,37.84196,5651.6899920000005,77.484,-48.905,286.641,1.0
89.9666,128.067581,37.841964,5648.73648,76.911,-48.937,286.558,1.0
89.9833,128.06755,37.841968,5645.7793104,76.433,-48.971,286.477,1.0
90.0,128.06752,37.841972,5642.8187880000005,76.047,-49.006,286.4,1.0
90.0166,128.06749,37.841976,5639.8539984,75.75,-49.04,286.326,1.0
90.0333,128.067459,37.84198,5636.8852464,75.539,-49.076,286.253,1.0
90.05,128.067429,37.841984,5633.912532,75.412,-49.111,286.184,1.0
90.0666,128.067399,37.841988,5630.935245600001,75.367,-49.146,286.116,1.0
90.0833,128.067368,37.841992,5627.9533872,75.4,-49.181,286.05,1.0
90.1,128.067338,37.841996,5624.966652000001,75.509,-49.215,285.986,1.0
90.1166,128.067308,37.842,5621.9753448,75.693,-49.25,285.923,1.0
90.1333,128.067277,37.842004,5618.9794656,75.947,-49.284,285.862,1.0
90.15,128.067247,37.842008,5615.9787096,76.271,-49.318,285.802,1.0
90.1666,128.067216,37.842012,5612.9733816,76.661,-49.352,285.743,1.0
90.1833,128.067186,37.842016,5609.9631768,77.117,-49.385,285.685,1.0
90.2,128.067156,37.84202,5606.9484,77.636,-49.419,285.627,1.0
90.2166,128.067125,37.842024,5603.928746400001,78.215,-49.452,285.57,1.0
90.2333,128.067095,37.842028,5600.9048256,78.855,-49.485,285.513,1.0
90.25,128.067064,37.842032,5597.876028000001,79.552,-49.519,285.457,1.0
90.2666,128.067034,37.842036,5594.8426584,80.305,-49.552,285.4,1.0
90.2833,128.067003,37.84204,5591.8047168,81.112,-49.585,285.344,1.0
90.3,128.066973,37.842044,5588.7618984,81.972,-49.618,285.287,1.0
90.3166,128.066942,37.842048,5585.7148128,82.884,-49.651,285.23,1.0
90.3333,128.066912,37.842052,5582.663155200001,83.846,-49.684,285.173,1.0
90.35,128.066881,37.842056,5579.6069256,84.857,-49.717,285.115,1.0
90.3666,128.066851,37.84206,5576.546124,85.915,-49.75,285.057,1.0
90.3833,128.06682,37.842064,5573.4807504,87.02,-49.783,284.998,1.0
90.4,128.06679,37.842068,5570.411109600001,88.17,-49.816,284.939,1.0
90.4166,128.066759,37.842072,5567.3368968,89.364,-49.85,284.879,1.0
90.4333,128.066729,37.842076,5564.2581119999995,90.602,-49.883,284.818,1.0
90.45,128.066698,37.84208,5561.1750600000005,91.882,-49.916,284.756,1.0
90.4666,128.066668,37.842084,5558.087740800001,93.203,-49.949,284.693,1.0
90.4833,128.066637,37.842088,5554.9958496,94.565,-49.983,284.63,1.0
90.5,128.066606,37.842092,5551.8993864,95.967,-50.016,284.565,1.0
90.5166,128.066576,37.842096,5548.798960800001,97.408,-50.049,284.499,1.0
90.5333,128.066545,37.8421,5545.6939632,98.887,-50.082,284.432,1.0
90.55,128.066514,37.842104,5542.5850032,100.404,-50.115,284.364,1.0
90.5666,128.066484,37.842108,5539.4714711999995,101.958,-50.148,284.294,1.0
90.5833,128.066453,37.842112,5536.3539768,103.548,-50.181,284.223,1.0
90.6,128.066422,37.842116,5533.232215200001,105.174,-50.213,284.151,1.0
90.6166,128.066392,37.84212,5530.1061864,106.836,-50.245,284.077,1.0
90.6333,128.066361,37.842124,5526.9761952,108.532,-50.277,284.002,1.0
90.65,128.06633,37.842128,5523.8419368,110.263,-50.308,283.925,1.0
90.6666,128.066299,37.842132,5520.703716,112.028,-50.339,283.846,1.0
90.6833,128.066269,37.842136,5517.5612280000005,113.826,-50.369,283.766,1.0
90.7,128.066238,37.84214,5514.415082400001,115.657,-50.399,283.684,1.0
90.7166,128.066207,37.842144,5511.264669600001,117.521,-50.428,283.601,1.0
90.7333,128.066176,37.842148,5508.10938,119.251,-50.433,283.536,1.0
90.75,128.066145,37.842152,5504.950128,120.849,-50.414,283.491,1.0
90.7666,128.066115,37.842156,5501.7866088,122.312,-50.378,283.461,1.0
90.7833,128.066084,37.84216,5498.6188224,123.639,-50.332,283.441,1.0
90.8,128.066053,37.842164,5495.4470736,124.83,-50.278,283.429,1.0
90.8166,128.066022,37.842168,5492.270448,125.887,-50.221,283.42,1.0
90.8333,128.065992,37.842172,5489.08986,126.813,-50.162,283.415,1.0
90.85,128.065961,37.842176,5485.9043952,127.613,-50.102,283.413,1.0
90.8666,128.06593,37.84218,5482.7146632,128.291,-50.043,283.412,1.0
90.8833,128.0659,37.842184,5479.5200544,128.851,-49.984,283.413,1.0
90.9,128.065869,37.842188,5476.320568800001,129.299,-49.927,283.414,1.0
90.9166,128.065838,37.842193,5473.116206400001,129.639,-49.871,283.417,1.0
90.9333,128.065808,37.842197,5469.9069672,129.875,-49.816,283.42,1.0
90.95,128.065777,37.842201,5466.6925464000005,130.013,-49.763,283.424,1.0
90.9666,128.065747,37.842206,5463.472944,130.056,-49.711,283.428,1.0
90.9833,128.065716,37.84221,5460.24816,130.009,-49.661,283.433,1.0
91.0,128.065686,37.842215,5457.0178896,129.876,-49.612,283.438,1.0
91.0166,128.065656,37.842219,5453.782132800001,129.66,-49.564,283.443,1.0
91.0333,128.065626,37.842224,5450.5414992,129.366,-49.518,283.448,1.0
91.05,128.065596,37.842228,5447.295684000001,128.998,-49.473,283.453,1.0
91.0666,128.065565,37.842233,5444.0446872,128.559,-49.429,283.458,1.0
91.0833,128.065535,37.842238,5440.7891184,128.052,-49.387,283.462,1.0
91.1,128.065505,37.842242,5437.528368,127.481,-49.345,283.465,1.0
91.1166,128.065476,37.842247,5434.263045600001,126.848,-49.304,283.469,1.0
91.1333,128.065446,37.842252,5430.9931512,126.158,-49.265,283.471,1.0
91.15,128.065416,37.842257,5427.7186848,125.412,-49.227,283.473,1.0
91.1666,128.065386,37.842262,5424.439951200001,124.615,-49.189,283.475,1.0
91.1833,128.065356,37.842267,5421.1566456,123.767,-49.153,283.476,1.0
91.2,128.065327,37.842272,5417.8690728,122.873,-49.118,283.476,1.0
91.2166,128.065297,37.842277,5414.5775376,121.934,-49.084,283.475,1.0
91.2333,128.065268,37.842282,5411.28204,120.953,-49.05,283.473,1.0
91.25,128.065238,37.842287,5407.98258,119.932,-49.018,283.469,1.0
91.2666,128.065208,37.842292,5404.6794624,118.873,-48.986,283.465,1.0
91.2833,128.065179,37.842297,5401.372382400001,117.778,-48.955,283.46,1.0
91.3,128.06515,37.842303,5398.0619496,116.649,-48.925,283.453,1.0
91.3166,128.06512,37.842308,5394.7481640000005,115.488,-48.896,283.445,1.0
91.3333,128.065091,37.842313,5391.43194,114.471,-48.895,283.416,1.0
91.35,128.065062,37.842319,5388.1123632,113.592,-48.922,283.367,1.0
91.3666,128.065032,37.842324,5384.7900432,112.858,-48.969,283.304,1.0
91.3833,128.065003,37.84233,5381.464370400001,112.273,-49.029,283.233,1.0
91.4,128.064974,37.842335,5378.135954400001,111.837,-49.097,283.156,1.0
91.4166,128.064944,37.842341,5374.8041856,111.548,-49.169,283.077,1.0
91.4333,128.064915,37.842346,5371.4696736000005,111.404,-49.243,282.996,1.0
91.45,128.064886,37.842352,5368.132113600001,111.4,-49.318,282.916,1.0
91.4666,128.064857,37.842357,5364.7915056,111.531,-49.393,282.836,1.0
91.4833,128.064827,37.842363,5361.4481544,111.793,-49.467,282.758,1.0
91.5,128.064798,37.842368,5358.1017552,112.179,-49.539,282.68,1.0
91.5166,128.064769,37.842374,5354.7526128,112.685,-49.611,282.602,1.0
91.5333,128.064739,37.842379,5351.4007272,113.305,-49.681,282.526,1.0
91.55,128.06471,37.842385,5348.0457936,114.036,-49.748,282.45,1.0
91.5666,128.06468,37.84239,5344.6884216,114.871,-49.815,282.375,1.0
91.5833,128.064651,37.842395,5341.328306400001,115.806,-49.879,282.299,1.0
91.6,128.064622,37.842401,5337.9657528,116.836,-49.94,282.224,1.0
91.6166,128.064592,37.842406,5334.600456000001,117.958,-50.0,282.149,1.0
91.6333,128.064562,37.842411,5331.2330256,119.166,-50.058,282.074,1.0
91.65,128.064533,37.842417,5327.863156800001,120.456,-50.113,281.999,1.0
91.6666,128.064503,37.842422,5324.4908496,121.823,-50.166,281.924,1.0
91.6833,128.064473,37.842427,5321.1164088000005,123.265,-50.216,281.849,1.0
91.7,128.064444,37.842432,5317.739834399999,124.777,-50.265,281.773,1.0
91.7166,128.064414,37.842437,5314.3611264,126.356,-50.311,281.698,1.0
91.7333,128.064384,37.842442,5310.9802848,127.997,-50.354,281.622,1.0
91.75,128.064354,37.842447,5307.597614400001,129.698,-50.395,281.545,1.0
91.7666,128.064324,37.842452,5304.2128104,131.455,-50.433,281.469,1.0
91.7833,128.064294,37.842458,5300.826482400001,133.265,-50.469,281.392,1.0
91.8,128.064264,37.842463,5297.4380208,135.124,-50.502,281.315,1.0
91.8166,128.064234,37.842467,5294.0480352,137.03,-50.532,281.238,1.0
91.8333,128.064204,37.842472,5290.656525599999,138.98,-50.56,281.161,1.0
91.85,128.064174,37.842477,5287.2631872,140.971,-50.585,281.084,1.0
91.8666,128.064144,37.842482,5283.868324800001,143.0,-50.608,281.008,1.0
91.8833,128.064113,37.842487,5280.4722432,145.065,-50.628,280.931,1.0
91.9,128.064083,37.842492,5277.074637600001,147.163,-50.645,280.855,1.0
91.9166,128.064053,37.842497,5273.675508,149.291,-50.66,280.78,1.0
91.9333,128.064022,37.842502,5270.2751592,151.448,-50.672,280.706,1.0
91.95,128.063992,37.842507,5266.8735912,153.631,-50.682,280.632,1.0
91.9666,128.063961,37.842511,5263.4708040000005,155.838,-50.69,280.559,1.0
91.9833,128.063931,37.842516,5260.0667976,158.067,-50.695,280.488,1.0
92.0,128.0639,37.842521,5256.661572,160.315,-50.698,280.417,1.0
92.0166,128.06387,37.842526,5253.255432,162.582,-50.698,280.348,1.0
92.0333,128.063839,37.842531,5249.8477680000005,164.865,-50.697,280.281,1.0
92.05,128.063808,37.842535,5246.4391896,167.162,-50.693,280.215,1.0
92.0666,128.063778,37.84254,5243.0296968,169.472,-50.687,280.151,1.0
92.0833,128.063747,37.842545,5239.61868,171.793,-50.679,280.088,1.0
92.1,128.063716,37.84255,5236.2067488,174.124,-50.669,280.028,1.0
92.1166,128.063685,37.842555,5232.7939032,176.464,-50.657,279.97,1.0
92.1333,128.063654,37.842559,5229.379838400001,178.81,-50.644,279.913,1.0
92.15,128.063623,37.842564,5225.9645544,-178.836,-50.628,279.859,1.0
92.1666,128.063592,37.842569,5222.5480512,-176.479,-50.611,279.808,1.0
92.1833,128.063561,37.842574,5219.130328800001,-174.119,-50.593,279.758,1.0
92.2,128.06353,37.842579,5215.711387200001,-171.756,-50.573,279.711,1.0
92.2166,128.063499,37.842583,5212.2912264,-169.391,-50.551,279.667,1.0
92.2333,128.063467,37.842588,5208.869846400001,-167.026,-50.529,279.626,1.0
92.25,128.063436,37.842593,5205.447247200001,-164.661,-50.505,279.586,1.0
92.2666,128.063405,37.842598,5202.023124,-162.297,-50.48,279.55,1.0
92.2833,128.063374,37.842603,5198.597476800001,-159.935,-50.454,279.516,1.0
92.3,128.063342,37.842608,5195.170305600001,-157.575,-50.426,279.485,1.0
92.3166,128.063311,37.842613,5191.7419152,-155.217,-50.398,279.457,1.0
92.3333,128.063279,37.842618,5188.311696000001,-152.861,-50.369,279.432,1.0
92.35,128.063248,37.842623,5184.8802576,-150.509,-50.339,279.409,1.0
92.3666,128.063216,37.842627,5181.4466856,-148.159,-50.308,279.39,1.0
92.3833,128.063185,37.842632,5178.0115896,-145.813,-50.277,279.373,1.0
92.4,128.063153,37.842637,5174.5749696,-143.47,-50.244,279.359,1.0
92.4166,128.063122,37.842642,5171.136216,-141.131,-50.211,279.348,1.0
92.4333,128.06309,37.842647,5167.6956336,-138.795,-50.178,279.34,1.0
92.45,128.063059,37.842652,5164.253222400001,-136.463,-50.144,279.334,1.0
92.4666,128.063027,37.842658,5160.8086776,-134.135,-50.11,279.332,1.0
92.4833,128.062995,37.842663,5157.3619992,-131.81,-50.075,279.333,1.0
92.5,128.062964,37.842668,5153.913187200001,-129.488,-50.041,279.337,1.0
92.5166,128.062932,37.842673,5150.4622416,-127.17,-50.006,279.344,1.0
92.5333,128.0629,37.842678,5147.0091624,-124.856,-49.971,279.354,1.0
92.55,128.062869,37.842683,5143.5536448,-122.544,-49.936,279.367,1.0
92.5666,128.062837,37.842688,5140.0959936,-120.236,-49.901,279.383,1.0
92.5833,128.062805,37.842693,5136.6355992,-117.932,-49.866,279.402,1.0
92.6,128.062773,37.842699,5133.1730712,-115.63,-49.832,279.423,1.0
92.6166,128.062742,37.842704,5129.7078,-113.33,-49.798,279.448,1.0
92.6333,128.06271,37.842709,5126.2407,-111.23,-49.793,279.494,1.0
92.65,128.062678,37.842714,5122.770856800001,-109.32,-49.816,279.557,1.0
92.6666,128.062646,37.84272,5119.298270400001,-107.604,-49.859,279.632,1.0
92.6833,128.062614,37.842725,5115.822636,-106.083,-49.912,279.713,1.0
92.7,128.062583,37.84273,5112.3439536,-104.756,-49.971,279.796,1.0
92.7166,128.062551,37.842735,5108.862223200001,-103.617,-50.032,279.879,1.0
92.7333,128.062519,37.84274,5105.3774448,-102.66,-50.093,279.96,1.0
92.75,128.062487,37.842746,5101.8899232,-101.876,-50.154,280.038,1.0
92.7666,128.062455,37.842751,5098.3993536,-101.258,-50.215,280.113,1.0
92.7833,128.062424,37.842756,5094.905736000001,-100.797,-50.274,280.185,1.0
92.8,128.062392,37.842761,5091.40968,-100.487,-50.333,280.254,1.0
92.8166,128.06236,37.842766,5087.9108808,-100.32,-50.39,280.32,1.0
92.8333,128.062328,37.842771,5084.409338400001,-100.289,-50.447,280.382,1.0
92.85,128.062296,37.842776,5080.9053576,-100.388,-50.503,280.442,1.0
92.8666,128.062265,37.842781,5077.398633600001,-100.612,-50.558,280.5,1.0
92.8833,128.062233,37.842785,5073.889776,-100.954,-50.611,280.555,1.0
92.9,128.062201,37.84279,5070.3781751999995,-101.408,-50.664,280.607,1.0
92.9166,128.062169,37.842795,5066.864136,-101.969,-50.716,280.657,1.0
92.9333,128.062138,37.842799,5063.3476584,-102.633,-50.767,280.706,1.0
92.95,128.062106,37.842804,5059.828742400001,-103.395,-50.816,280.753,1.0
92.9666,128.062074,37.842808,5056.3070832,-104.251,-50.865,280.8,1.0
92.9833,128.062043,37.842813,5052.7829856,-105.196,-50.912,280.845,1.0
93.0,128.062011,37.842817,5049.2564496,-106.226,-50.958,280.889,1.0
93.0166,128.061979,37.842821,5045.727475199999,-107.337,-51.003,280.932,1.0
93.0333,128.061948,37.842825,5042.1957575999995,-108.526,-51.047,280.974,1.0
93.05,128.061916,37.84283,5038.661296800001,-109.789,-51.09,281.016,1.0
93.0666,128.061884,37.842834,5035.124092800001,-111.123,-51.131,281.057,1.0
93.0833,128.061853,37.842838,5031.584145600001,-112.523,-51.172,281.097,1.0
93.1,128.061821,37.842842,5028.0414552,-113.987,-51.211,281.137,1.0
93.1166,128.06179,37.842846,5024.4957168,-115.512,-51.248,281.176,1.0
93.1333,128.061758,37.84285,5020.9472352,-117.094,-51.285,281.215,1.0
93.15,128.061727,37.842854,5017.395705600001,-118.731,-51.32,281.254,1.0
93.1666,128.061695,37.842857,5013.841128,-120.419,-51.354,281.292,1.0
93.1833,128.061664,37.842861,5010.2835024,-122.156,-51.387,281.33,1.0
93.2,128.061632,37.842865,5006.722828800001,-123.938,-51.418,281.368,1.0
93.2166,128.061601,37.842868,5003.158802399999,-125.763,-51.448,281.405,1.0
93.2333,128.061569,37.842872,4999.5908136,-127.412,-51.45,281.411,1.0
93.25,128.061538,37.842876,4996.0197768,-128.888,-51.426,281.385,1.0
93.2666,128.061507,37.842879,4992.4463016,-130.186,-51.385,281.338,1.0
93.2833,128.061475,37.842883,4988.8697784000005,-131.304,-51.335,281.279,1.0
93.3,128.061444,37.842887,4985.2908168,-132.243,-51.282,281.215,1.0
93.3166,128.061413,37.84289,4981.7097216,-133.008,-51.229,281.15,1.0
93.3333,128.061382,37.842894,4978.126188,-133.604,-51.177,281.085,1.0
93.35,128.06135,37.842897,4974.5408256,-134.039,-51.128,281.02,1.0
93.3666,128.061319,37.842901,4970.9533296,-134.321,-51.08,280.956,1.0
93.3833,128.061288,37.842905,4967.3643096000005,-134.456,-51.035,280.893,1.0
93.4,128.061256,37.842908,4963.7734608,-134.452,-50.991,280.83,1.0
93.4166,128.061225,37.842912,4960.181088,-134.315,-50.949,280.769,1.0
93.4333,128.061194,37.842915,4956.587496,-134.054,-50.909,280.71,1.0
93.45,128.061162,37.842919,4952.992380000001,-133.674,-50.87,280.652,1.0
93.4666,128.061131,37.842923,4949.396349600001,-133.182,-50.833,280.596,1.0
93.4833,128.061099,37.842927,4945.7991,-132.583,-50.797,280.543,1.0
93.5,128.061068,37.842931,4942.200936,-131.885,-50.762,280.491,1.0
93.5166,128.061036,37.842934,4938.6021624,-131.093,-50.727,280.443,1.0
93.5333,128.061005,37.842938,4935.0018648,-130.212,-50.694,280.397,1.0
93.55,128.060973,37.842942,4931.4006528,-129.247,-50.662,280.353,1.0
93.5666,128.060942,37.842946,4927.7982216,-128.205,-50.63,280.312,1.0
93.5833,128.06091,37.84295,4924.194266400001,-127.09,-50.599,280.275,1.0
93.6,128.060878,37.842954,4920.589092,-125.906,-50.569,280.24,1.0
93.6166,128.060847,37.842958,4916.9826984,-124.659,-50.54,280.208,1.0
93.6333,128.060815,37.842963,4913.3747808,-123.352,-50.511,280.179,1.0
93.65,128.060783,37.842967,4909.7650344,-121.991,-50.483,280.154,1.0
93.6666,128.060751,37.842971,4906.153764000001,-120.578,-50.455,280.132,1.0
93.6833,128.06072,37.842975,4902.5409696,-119.118,-50.428,280.113,1.0
93.7,128.060688,37.84298,4898.926041600001,-117.614,-50.401,280.098,1.0
93.7166,128.060656,37.842984,4895.309284800001,-116.07,-50.376,280.085,1.0
93.7333,128.060624,37.842988,4891.6906992,-114.488,-50.35,280.076,1.0
93.75,128.060592,37.842993,4888.06998,-112.872,-50.326,280.07,1.0
93.7666,128.06056,37.842997,4884.4471272,-111.225,-50.302,280.068,1.0
93.7833,128.060528,37.843002,4880.821836,-109.55,-50.279,280.068,1.0
93.8,128.060496,37.843006,4877.1944112,-107.848,-50.256,280.072,1.0
93.8166,128.060465,37.843011,4873.564548,-106.122,-50.235,280.079,1.0
93.8333,128.060433,37.843015,4869.932246400001,-104.374,-50.214,280.088,1.0
93.85,128.060401,37.84302,4866.2972016,-102.607,-50.194,280.101,1.0
93.8666,128.060369,37.843025,4862.6597184,-100.822,-50.175,280.116,1.0
93.8833,128.060337,37.843029,4859.019492,-99.021,-50.157,280.134,1.0
93.9,128.060305,37.843034,4855.3762176,-97.206,-50.14,280.155,1.0
93.9166,128.060273,37.843039,4851.730504800001,-95.378,-50.124,280.178,1.0
93.9333,128.060241,37.843044,4848.0829632,-93.743,-50.14,280.208,1.0
93.95,128.060209,37.843048,4844.4329832,-92.292,-50.189,280.242,1.0
93.9666,128.060177,37.843053,4840.779955200001,-91.035,-50.257,280.279,1.0
93.9833,128.060145,37.843058,4837.124184,-89.978,-50.335,280.317,1.0
94.0,128.060113,37.843063,4833.4659744,-89.12,-50.416,280.355,1.0
94.0166,128.060081,37.843068,4829.8053264,-88.456,-50.497,280.393,1.0
94.0333,128.060049,37.843072,4826.14224,-87.978,-50.576,280.429,1.0
94.05,128.060017,37.843077,4822.4767152,-87.678,-50.653,280.464,1.0
94.0666,128.059985,37.843082,4818.809056800001,-87.545,-50.728,280.497,1.0
94.0833,128.059953,37.843087,4815.1395696,-87.571,-50.801,280.528,1.0
94.1,128.059921,37.843091,4811.4682536,-87.748,-50.872,280.558,1.0
94.1166,128.059888,37.843096,4807.7951088,-88.067,-50.941,280.586,1.0
94.1333,128.059856,37.8431,4804.12044,-88.522,-51.009,280.613,1.0
94.15,128.059824,37.843105,4800.4442472,-89.105,-51.075,280.639,1.0
94.1666,128.059792,37.843109,4796.7665304,-89.811,-51.14,280.663,1.0
94.1833,128.05976,37.843114,4793.0875944,-90.632,-51.202,280.687,1.0
94.2,128.059728,37.843118,4789.4071344,-91.564,-51.264,280.71,1.0
94.2166,128.059696,37.843122,4785.72576,-92.601,-51.324,280.732,1.0
94.2333,128.059664,37.843127,4782.0428616,-93.738,-51.382,280.754,1.0
94.25,128.059632,37.843131,4778.3584392,-94.97,-51.439,280.775,1.0
94.2666,128.0596,37.843135,4774.6727976,-96.292,-51.494,280.797,1.0
94.2833,128.059568,37.843139,4770.9853272,-97.699,-51.548,280.818,1.0
94.3,128.059536,37.843143,4767.2963328000005,-99.188,-51.6,280.838,1.0
94.3166,128.059504,37.843147,4763.6055096,-100.754,-51.651,280.859,1.0
94.3333,128.059472,37.843151,4759.9131624,-102.392,-51.701,280.879,1.0
94.35,128.05944,37.843155,4756.2186816,-104.1,-51.749,280.899,1.0
94.3666,128.059408,37.843158,4752.5220672,-105.872,-51.795,280.918,1.0
94.3833,128.059376,37.843162,4748.823624,-107.706,-51.84,280.938,1.0
94.4,128.059344,37.843166,4745.1233520000005,-109.597,-51.884,280.957,1.0
94.4166,128.059312,37.843169,4741.420336800001,-111.543,-51.926,280.977,1.0
94.4333,128.05928,37.843173,4737.7142736000005,-113.312,-51.936,280.975,1.0
94.45,128.059248,37.843177,4734.0054672,-114.908,-51.914,280.952,1.0
94.4666,128.059216,37.84318,4730.2948320000005,-116.321,-51.872,280.915,1.0
94.4833,128.059184,37.843184,4726.5820632,-117.547,-51.823,280.871,1.0
94.5,128.059153,37.843187,4722.8671608,-118.583,-51.772,280.825,1.0
94.5166,128.059121,37.843191,4719.1504296,-119.437,-51.723,280.779,1.0
94.5333,128.059089,37.843194,4715.4315648,-120.113,-51.676,280.732,1.0
94.55,128.059057,37.843198,4711.710871200001,-120.621,-51.632,280.686,1.0
94.5666,128.059025,37.843201,4707.9883488000005,-120.97,-51.59,280.639,1.0
94.5833,128.058993,37.843205,4704.2639976,-121.167,-51.551,280.592,1.0
94.6,128.058961,37.843209,4700.5381224,-121.221,-51.513,280.546,1.0
94.6166,128.058929,37.843212,4696.8104184,-121.139,-51.477,280.499,1.0
94.6333,128.058897,37.843216,4693.0811904,-120.929,-51.443,280.454,1.0
94.65,128.058866,37.843219,4689.3504384,-120.598,-51.41,280.409,1.0
94.6666,128.058834,37.843223,4685.6178576,-120.153,-51.378,280.367,1.0
94.6833,128.058802,37.843227,4681.8843624,-119.599,-51.348,280.326,1.0
94.7,128.05877,37.843231,4678.1490384,-118.945,-51.318,280.287,1.0
94.7166,128.058738,37.843235,4674.4121904,-118.195,-51.29,280.25,1.0
94.7333,128.058706,37.843238,4670.6738184000005,-117.356,-51.263,280.216,1.0
94.75,128.058673,37.843242,4666.9339224000005,-116.433,-51.236,280.184,1.0
94.7666,128.058641,37.843246,4663.1925024,-115.431,-51.21,280.155,1.0
94.7833,128.058609,37.84325,4659.448948800001,-114.357,-51.186,280.129,1.0
94.8,128.058577,37.843254,4655.7035664,-113.214,-51.162,280.106,1.0
94.8166,128.058545,37.843259,4651.9563552,-112.008,-51.138,280.086,1.0
94.8333,128.058513,37.843263,4648.2073152,-110.743,-51.116,280.069,1.0
94.85,128.058481,37.843267,4644.456141600001,-109.423,-51.094,280.055,1.0
94.8666,128.058449,37.843271,4640.7025296,-108.053,-51.073,280.045,1.0
94.8833,128.058416,37.843275,4636.946784000001,-106.635,-51.052,280.038,1.0
94.9,128.058384,37.84328,4633.1889048,-105.175,-51.032,280.034,1.0
94.9166,128.058352,37.843284,4629.4285872,-103.674,-51.014,280.033,1.0
94.9333,128.05832,37.843288,4625.6658312,-102.131,-50.996,280.029,1.0
94.95,128.058287,37.843293,4621.9006368,-100.549,-50.981,280.021,1.0
94.9666,128.058255,37.843297,4618.1326992,-98.932,-50.967,280.011,1.0
94.9833,128.058223,37.843302,4614.3620184,-97.285,-50.954,280.001,1.0
95.0,128.058191,37.843306,4610.5885944,-95.61,-50.941,279.993,1.0
95.0166,128.058158,37.843311,4606.8124272000005,-93.911,-50.93,279.987,1.0
95.0333,128.058126,37.843316,4603.0335168,-92.171,-50.92,279.958,1.0
95.05,128.058094,37.84332,4599.2518632,-90.372,-50.911,279.882,1.0
95.0666,128.058062,37.843325,4595.4674664,-88.507,-50.901,279.746,1.0
95.0833,128.058029,37.843329,4591.6800216,-86.589,-50.89,279.567,1.0
95.1,128.057997,37.843334,4587.8895288,-84.636,-50.875,279.365,1.0
95.1166,128.057965,37.843339,4584.095988,-82.66,-50.858,279.154,1.0
95.1333,128.057933,37.843343,4580.299704,-80.644,-50.833,278.911,1.0
95.15,128.0579,37.843348,4576.5009816,-78.572,-50.798,278.613,1.0
95.1666,128.057868,37.843353,4572.6992112,-76.445,-50.749,278.262,1.0
95.1833,128.057836,37.843357,4568.8946976,-74.281,-50.688,277.878,1.0
95.2,128.057803,37.843362,4565.0877456,-72.097,-50.615,277.485,1.0
95.2166,128.057771,37.843367,4561.2777456,-69.903,-50.534,277.095,1.0
95.2333,128.057739,37.843371,4557.465916800001,-67.684,-50.437,276.688,1.0
95.25,128.057706,37.843376,4553.6519544,-65.425,-50.318,276.245,1.0
95.2666,128.057674,37.843381,4549.836163200001,-63.129,-50.174,275.768,1.0
95.2833,128.057642,37.843385,4546.0185432,-60.809,-50.01,275.28,1.0
95.3,128.057609,37.84339,4542.1993992,-58.482,-49.831,274.799,1.0
95.3166,128.057577,37.843394,4538.3787312,-56.154,-49.64,274.337,1.0
95.3333,128.057544,37.843399,4534.5571488000005,-53.813,-49.431,273.877,1.0
95.35,128.057512,37.843403,4530.735261600001,-51.449,-49.193,273.407,1.0
95.3666,128.057479,37.843407,4526.9127648,-49.07,-48.933,272.94,1.0
95.3833,128.057447,37.843412,4523.090572800001,-46.687,-48.657,272.491,1.0
95.4,128.057414,37.843416,4519.2683808,-44.307,-48.372,272.069,1.0
95.4166,128.057381,37.84342,4515.4471032,-41.934,-48.081,271.682,1.0
95.4333,128.057348,37.843424,4511.626435200001,-39.57,-47.787,271.331,1.0
95.45,128.057316,37.843428,4507.807291200001,-37.214,-47.492,271.016,1.0
95.4666,128.057283,37.843433,4503.989976000001,-34.865,-47.197,270.738,1.0
95.4833,128.05725,37.843437,4500.1744896,-32.521,-46.903,270.495,1.0
95.5,128.057217,37.843441,4496.3614416,-30.181,-46.61,270.286,1.0
95.5166,128.057184,37.843444,4492.551136800001,-27.843,-46.318,270.109,1.0
95.5333,128.05715,37.843448,4488.7450992,-25.66,-46.035,269.941,1.0
95.55,128.057117,37.843452,4484.9433288,-23.631,-45.76,269.779,1.0
95.5666,128.057084,37.843456,4481.1464352,-21.745,-45.49,269.632,1.0
95.5833,128.05705,37.84346,4477.3556376,-19.994,-45.222,269.508,1.0
95.6,128.057017,37.843463,4473.570936,-18.36,-44.955,269.41,1.0
95.6166,128.056983,37.843467,4469.7932448,-16.825,-44.687,269.337,1.0
95.6333,128.056949,37.84347,4466.0234784,-15.463,-44.421,269.274,1.0
95.65,128.056915,37.843474,4462.261941600001,-14.258,-44.158,269.217,1.0
95.6666,128.056881,37.843477,4458.509548800001,-13.208,-43.897,269.168,1.0
95.6833,128.056847,37.843481,4454.7663,-12.295,-43.637,269.13,1.0
95.7,128.056812,37.843484,4451.033414400001,-11.5,-43.376,269.106,1.0
95.7166,128.056778,37.843487,4447.3111968,-10.803,-43.115,269.096,1.0
95.7333,128.056743,37.843491,4443.6002568,-10.213,-42.855,269.095,1.0
95.75,128.056708,37.843494,4439.901204,-9.712,-42.595,269.101,1.0
95.7666,128.056673,37.843497,4436.2134288,-9.284,-42.335,269.115,1.0
95.7833,128.056638,37.8435,4432.5366264,-8.916,-42.076,269.135,1.0
95.8,128.056603,37.843503,4428.870492000001,-8.596,-41.817,269.162,1.0
95.8166,128.056568,37.843506,4425.2153304,-8.315,-41.558,269.193,1.0
95.8333,128.056532,37.843509,4421.5711416,-8.063,-41.3,269.228,1.0
95.85,128.056496,37.843512,4417.9376208,-7.834,-41.042,269.265,1.0
95.8666,128.056461,37.843515,4414.314768,-7.624,-40.786,269.303,1.0
95.8833,128.056425,37.843518,4410.702888,-7.428,-40.53,269.343,1.0
95.9,128.056389,37.843521,4407.1019808,-7.246,-40.276,269.383,1.0
95.9166,128.056352,37.843524,4403.5117416,-7.073,-40.024,269.425,1.0
95.9333,128.056316,37.843527,4399.93278,-6.913,-39.773,269.468,1.0
95.95,128.05628,37.843529,4396.365096,-6.762,-39.523,269.51,1.0
95.9666,128.056243,37.843532,4392.808384800001,-6.62,-39.275,269.553,1.0
95.9833,128.056206,37.843535,4389.2626464,-6.486,-39.028,269.597,1.0
96.0,128.056169,37.843538,4385.7284904,-6.358,-38.784,269.64,1.0
96.0166,128.056132,37.84354,4382.2053072,-6.236,-38.54,269.684,1.0
96.0333,128.056095,37.843543,4378.6940112,-6.122,-38.298,269.727,1.0
96.05,128.056058,37.843546,4375.1939928,-6.016,-38.057,269.77,1.0
96.0666,128.05602,37.843548,4371.7055568000005,-5.917,-37.818,269.813,1.0
96.0833,128.055983,37.843551,4368.2287032,-5.823,-37.58,269.856,1.0
96.1,128.055945,37.843553,4364.7637368000005,-5.735,-37.343,269.898,1.0
96.1166,128.055907,37.843556,4361.310048,-5.652,-37.108,269.94,1.0
96.1333,128.055869,37.843558,4357.868856,-5.576,-36.873,269.982,1.0
96.15,128.055831,37.843561,4354.4392464,-5.507,-36.64,270.023,1.0
96.1666,128.055793,37.843563,4351.021524,-5.445,-36.408,270.063,1.0
96.1833,128.055755,37.843566,4347.6156888000005,-5.388,-36.177,270.103,1.0
96.2,128.055716,37.843568,4344.2220456000005,-5.336,-35.946,270.143,1.0
96.2166,128.055678,37.843571,4340.840289600001,-5.288,-35.717,270.182,1.0
96.2333,128.055639,37.843573,4337.4710304,-5.246,-35.488,270.22,1.0
96.25,128.0556,37.843575,4334.1139632,-5.21,-35.261,270.257,1.0
96.2666,128.055561,37.843578,4330.769088,-5.179,-35.034,270.294,1.0
96.2833,128.055522,37.84358,4327.436404800001,-5.153,-34.808,270.329,1.0
96.3,128.055483,37.843582,4324.1162184,-5.131,-34.583,270.364,1.0
96.3166,128.055443,37.843585,4320.8079192000005,-5.114,-34.358,270.398,1.0
96.3333,128.055404,37.843587,4317.5127264,-5.101,-34.134,270.431,1.0
96.35,128.055364,37.843589,4314.2297256,-5.093,-33.911,270.463,1.0
96.3666,128.055324,37.843591,4310.9592216,-5.09,-33.689,270.494,1.0
96.3833,128.055284,37.843594,4307.7012144,-5.09,-33.467,270.524,1.0
96.4,128.055244,37.843596,4304.4560088,-5.094,-33.246,270.553,1.0
96.4166,128.055204,37.843598,4301.2229952,-5.102,-33.025,270.581,1.0
96.4333,128.055164,37.8436,4298.003088,-5.113,-32.805,270.609,1.0
96.45,128.055123,37.843602,4294.7956776,-5.129,-32.585,270.635,1.0
96.4666,128.055083,37.843604,4291.601068800001,-5.147,-32.366,270.66,1.0
96.4833,128.055042,37.843606,4288.4192616,-5.169,-32.148,270.684,1.0
96.5,128.055001,37.843608,4285.250256,-5.194,-31.93,270.708,1.0
96.5166,128.05496,37.84361,4282.094052,-5.222,-31.712,270.73,1.0
96.5333,128.054919,37.843613,4278.9506496,-5.251,-31.495,270.75,1.0
96.55,128.054878,37.843615,4275.8200488,-5.282,-31.279,270.77,1.0
96.5666,128.054837,37.843617,4272.7025544,-5.315,-31.063,270.787,1.0
96.5833,128.054796,37.843619,4269.5978616,-5.35,-30.847,270.804,1.0
96.6,128.054754,37.84362,4266.5062752,-5.387,-30.632,270.819,1.0
96.6166,128.054712,37.843622,4263.4277952,-5.427,-30.417,270.834,1.0
96.6333,128.054671,37.843624,4260.3624216,-5.468,-30.203,270.847,1.0
96.65,128.054629,37.843626,4257.3098496,-5.51,-29.989,270.859,1.0
96.6666,128.054587,37.843628,4254.2706888,-5.553,-29.775,270.869,1.0
96.6833,128.054544,37.84363,4251.2443296,-5.597,-29.562,270.878,1.0
96.7,128.054502,37.843632,4248.2313816000005,-5.644,-29.349,270.886,1.0
96.7166,128.05446,37.843634,4245.2318448,-5.692,-29.137,270.893,1.0
96.7333,128.054417,37.843636,4242.2451096,-5.74,-28.925,270.899,1.0
96.75,128.054375,37.843637,4239.2717856,-5.789,-28.713,270.904,1.0
96.7666,128.054332,37.843639,4236.3118728,-5.839,-28.502,270.907,1.0
96.7833,128.054289,37.843641,4233.365066400001,-5.889,-28.291,270.909,1.0
96.8,128.054246,37.843643,4230.4316712,-5.941,-28.08,270.91,1.0
96.8166,128.054203,37.843644,4227.511687200001,-5.994,-27.869,270.911,1.0
96.8333,128.05416,37.843646,4224.6048096,-6.047,-27.659,270.91,1.0
96.85,128.054117,37.843648,4221.711648,-6.099,-27.449,270.907,1.0
96.8666,128.054073,37.84365,4218.8315928,-6.152,-27.24,270.904,1.0
96.8833,128.05403,37.843651,4215.9652536,-6.205,-27.031,270.9,1.0
96.9,128.053986,37.843653,4213.1123256,-6.259,-26.822,270.895,1.0
96.9166,128.053942,37.843655,4210.2731136,-6.314,-26.613,270.889,1.0
96.9333,128.053898,37.843656,4207.4473128,-6.368,-26.405,270.882,1.0
96.95,128.053854,37.843658,4204.6349232,-6.422,-26.197,270.873,1.0
96.9666,128.05381,37.843659,4201.8362496,-6.475,-25.989,270.864,1.0
96.9833,128.053766,37.843661,4199.051292,-6.528,-25.781,270.854,1.0
97.0,128.053722,37.843662,4196.2797456,-6.583,-25.574,270.843,1.0
97.0166,128.053677,37.843664,4193.52222,-6.638,-25.367,270.831,1.0
97.0333,128.053633,37.843665,4190.7781056,-6.691,-25.16,270.818,1.0
97.05,128.053588,37.843667,4188.0477072,-6.744,-24.954,270.805,1.0
97.0666,128.053544,37.843668,4185.3310248,-6.796,-24.747,270.79,1.0
97.0833,128.053499,37.84367,4182.6280584,-6.849,-24.541,270.774,1.0
97.1,128.053454,37.843671,4179.9391128,-6.901,-24.335,270.758,1.0
97.1166,128.053409,37.843673,4177.264188,-6.955,-24.13,270.741,1.0
97.1333,128.053364,37.843674,4174.6026744,-6.999,-23.925,270.719,1.0
97.15,128.053318,37.843675,4171.9554864,-7.035,-23.72,270.692,1.0
97.1666,128.053273,37.843677,4169.322014400001,-7.066,-23.517,270.662,1.0
97.1833,128.053227,37.843678,4166.7025632,-7.097,-23.313,270.63,1.0
97.2,128.053182,37.843679,4164.0971328000005,-7.129,-23.11,270.597,1.0
97.2166,128.053136,37.843681,4161.506028000001,-7.165,-22.907,270.563,1.0
97.2333,128.05309,37.843682,4158.9286392,-7.199,-22.704,270.528,1.0
97.25,128.053045,37.843683,4156.365576,-7.233,-22.502,270.491,1.0
97.2666,128.052999,37.843684,4153.8165336,-7.266,-22.299,270.453,1.0
97.2833,128.052953,37.843686,4151.2818168,-7.301,-22.097,270.415,1.0
97.3,128.052906,37.843687,4148.7611208,-7.336,-21.895,270.376,1.0
97.3166,128.05286,37.843688,4146.2544456000005,-7.374,-21.693,270.337,1.0
97.3333,128.052814,37.843689,4143.762096,-7.411,-21.491,270.298,1.0
97.35,128.052767,37.84369,4141.2837672,-7.449,-21.29,270.259,1.0
97.3666,128.052721,37.843691,4138.819764,-7.486,-21.088,270.219,1.0
97.3833,128.052674,37.843692,4136.3700864,-7.523,-20.887,270.179,1.0
97.4,128.052627,37.843693,4133.934734400001,-7.56,-20.686,270.139,1.0
97.4166,128.05258,37.843694,4131.5134032000005,-7.598,-20.484,270.099,1.0
97.4333,128.052533,37.843695,4129.1063976000005,-7.635,-20.284,270.059,1.0
97.45,128.052486,37.843696,4126.7140224,-7.67,-20.083,270.018,1.0
97.4666,128.052439,37.843697,4124.335668,-7.705,-19.882,269.977,1.0
97.4833,128.052392,37.843698,4121.971944000001,-7.739,-19.682,269.936,1.0
97.5,128.052345,37.843699,4119.6222408,-7.772,-19.481,269.895,1.0
97.5166,128.052297,37.8437,4117.287472800001,-7.806,-19.281,269.854,1.0
97.5333,128.05225,37.843701,4114.9667256,-7.838,-19.081,269.812,1.0
97.55,128.052202,37.843702,4112.6606088,-7.869,-18.881,269.771,1.0
97.5666,128.052154,37.843703,4110.3691224,-7.9,-18.681,269.729,1.0
97.5833,128.052107,37.843703,4108.0919616,-7.93,-18.481,269.687,1.0
97.6,128.052059,37.843704,4105.829736,-7.959,-18.281,269.645,1.0
97.6166,128.052011,37.843705,4103.581836,-7.988,-18.081,269.603,1.0
97.6333,128.051963,37.843706,4101.3485664,-8.016,-17.882,269.561,1.0
97.65,128.051914,37.843706,4099.129927200001,-8.043,-17.682,269.519,1.0
97.6666,128.051866,37.843707,4096.9262232,-8.069,-17.483,269.476,1.0
97.6833,128.051818,37.843708,4094.7368448,-8.094,-17.283,269.434,1.0
97.7,128.051769,37.843708,4092.5627064,-8.119,-17.084,269.392,1.0
97.7166,128.051721,37.843709,4090.4028936000004,-8.144,-16.885,269.349,1.0
97.7333,128.051672,37.84371,4088.258016,-8.168,-16.686,269.307,1.0
97.75,128.051624,37.84371,4086.1280736000003,-8.191,-16.486,269.264,1.0
97.7666,128.051575,37.843711,4084.0127616000004,-8.214,-16.287,269.222,1.0
97.7833,128.051526,37.843711,4081.9123848000004,-8.236,-16.088,269.18,1.0
97.8,128.051477,37.843712,4079.8269432,-8.257,-15.889,269.137,1.0
97.8166,128.051428,37.843712,4077.7564368000003,-8.278,-15.69,269.094,1.0
97.8333,128.051379,37.843712,4075.7008656000003,-8.298,-15.491,269.052,1.0
97.85,128.05133,37.843713,4073.6602296,-8.318,-15.292,269.01,1.0
97.8666,128.051281,37.843713,4071.6348336,-8.337,-15.093,268.967,1.0
97.8833,128.051231,37.843714,4069.624068,-8.356,-14.894,268.925,1.0
97.9,128.051182,37.843714,4067.6288472,-8.374,-14.695,268.882,1.0
97.9166,128.051133,37.843714,4065.6482568,-8.392,-14.496,268.84,1.0
97.9333,128.051083,37.843714,4063.6829064000003,-8.409,-14.298,268.797,1.0
97.95,128.051033,37.843715,4061.7327960000002,-8.426,-14.099,268.755,1.0
97.9666,128.050984,37.843715,4059.7976208000005,-8.442,-13.9,268.713,1.0
97.9833,128.050934,37.843715,4057.8779904000003,-8.458,-13.701,268.67,1.0
98.0,128.050884,37.843715,4055.9732952,-8.474,-13.502,268.628,1.0
98.0166,128.050834,37.843715,4054.08384,-8.489,-13.303,268.586,1.0
98.0333,128.050784,37.843715,4052.2096248000003,-8.504,-13.105,268.544,1.0
98.05,128.050734,37.843716,4050.3506496,-8.518,-12.906,268.501,1.0
98.0666,128.050684,37.843716,4048.5069144000004,-8.532,-12.707,268.459,1.0
98.0833,128.050634,37.843716,4046.678724,-8.545,-12.508,268.417,1.0
98.1,128.050583,37.843716,4044.8657736000005,-8.559,-12.31,268.375,1.0
98.1166,128.050533,37.843716,4043.0680632000003,-8.571,-12.111,268.333,1.0
98.1333,128.050483,37.843716,4041.2858976,-8.584,-11.912,268.291,1.0
98.15,128.050432,37.843715,4039.518972,-8.596,-11.713,268.249,1.0
98.1666,128.050381,37.843715,4037.7675912000004,-8.608,-11.515,268.207,1.0
98.1833,128.050331,37.843715,4036.0317552000006,-8.62,-11.316,268.166,1.0
98.2,128.05028,37.843715,4034.3111592,-8.631,-11.117,268.124,1.0
98.2166,128.050229,37.843715,4032.6064128,-8.642,-10.918,268.082,1.0
98.2333,128.050178,37.843715,4030.9169064000002,-8.653,-10.719,268.04,1.0
98.25,128.050128,37.843714,4029.2429448000003,-8.663,-10.521,267.999,1.0
98.2666,128.050077,37.843714,4027.5845280000003,-8.673,-10.322,267.957,1.0
98.2833,128.050025,37.843714,4025.9419608000003,-8.683,-10.123,267.916,1.0
98.3,128.049974,37.843713,4024.3146336,-8.693,-9.924,267.874,1.0
98.3166,128.049923,37.843713,4022.703156,-8.702,-9.725,267.833,1.0
98.3333,128.049872,37.843713,4021.1072232,-8.712,-9.527,267.791,1.0
98.35,128.049821,37.843712,4019.52714,-8.721,-9.328,267.75,1.0
98.3666,128.049769,37.843712,4017.9626016,-8.729,-9.129,267.709,1.0
98.3833,128.049718,37.843711,4016.413608,-8.738,-8.93,267.667,1.0
98.4,128.049666,37.843711,4014.8804640000003,-8.746,-8.731,267.626,1.0
98.4166,128.049615,37.84371,4013.3631696,-8.755,-8.532,267.585,1.0
98.4333,128.049563,37.84371,4011.8617248,-8.763,-8.333,267.544,1.0
98.45,128.049512,37.843709,4010.3758248000004,-8.77,-8.134,267.503,1.0
98.4666,128.04946,37.843709,4008.9057744,-8.778,-7.936,267.462,1.0
98.4833,128.049408,37.843708,4007.4515736000003,-8.786,-7.737,267.421,1.0
98.5,128.049356,37.843707,4006.0132224,-8.793,-7.538,267.38,1.0
98.5166,128.049304,37.843706,4004.5907208000003,-8.8,-7.339,267.339,1.0
98.5333,128.049252,37.843706,4003.1843736000005,-8.807,-7.14,267.298,1.0
98.55,128.0492,37.843705,4001.7935712000003,-8.814,-6.941,267.257,1.0
98.5666,128.049148,37.843704,4000.4186184000005,-8.821,-6.742,267.217,1.0
98.5833,128.049096,37.843703,3999.05982,-8.828,-6.543,267.176,1.0
98.6,128.049044,37.843703,3997.7168712000002,-8.834,-6.344,267.135,1.0
98.6166,128.048992,37.843702,3996.3900768,-8.84,-6.145,267.095,1.0
98.6333,128.04894,37.843701,3995.0791320000003,-8.847,-5.946,267.054,1.0
98.65,128.048887,37.8437,3993.7843416000005,-8.853,-5.747,267.014,1.0
98.6666,128.048835,37.843699,3992.5054008,-8.859,-5.548,266.973,1.0
98.6833,128.048783,37.843698,3991.2426144000005,-8.865,-5.348,266.933,1.0
98.7,128.04873,37.843697,3989.9956776000004,-8.871,-5.149,266.893,1.0
98.7166,128.048678,37.843696,3988.7648952,-8.876,-4.95,266.852,1.0
98.7333,128.048625,37.843695,3987.5502672,-8.882,-4.751,266.812,1.0
98.75,128.048572,37.843694,3986.3517936000003,-8.888,-4.552,266.772,1.0
98.7666,128.04852,37.843692,3985.1691696,-8.893,-4.353,266.732,1.0
98.7833,128.048467,37.843691,3984.0030048000003,-8.899,-4.154,266.692,1.0
98.8,128.048414,37.84369,3982.8529944,-8.904,-3.954,266.651,1.0
98.8166,128.048362,37.843689,3981.7188336,-8.909,-3.755,266.611,1.0
98.8333,128.048309,37.843688,3980.6011320000002,-8.914,-3.556,266.571,1.0
98.85,128.048256,37.843686,3979.4995848000003,-8.919,-3.357,266.531,1.0
98.8666,128.048203,37.843685,3978.4141920000006,-8.925,-3.157,266.491,1.0
98.8833,128.04815,37.843684,3977.3452584,-8.93,-2.958,266.451,1.0
98.9,128.048097,37.843682,3976.2921744,-8.935,-2.759,266.411,1.0
98.9166,128.048044,37.843681,3975.2555496,-8.94,-2.56,266.372,1.0
98.9333,128.047991,37.843679,3974.235384,-8.944,-2.36,266.332,1.0
98.95,128.047938,37.843678,3973.231068,-8.949,-2.161,266.292,1.0
98.9666,128.047885,37.843676,3972.243516,-8.954,-1.962,266.252,1.0
98.9833,128.047831,37.843675,3971.2718136000003,-8.959,-1.762,266.212,1.0
99.0,128.047778,37.843673,3970.3168752,-8.964,-1.563,266.173,1.0
99.0166,128.047725,37.843672,3969.3780912,-8.968,-1.364,266.133,1.0
99.0333,128.047672,37.84367,3968.4554616,-8.973,-1.164,266.093,1.0
99.05,128.047618,37.843668,3967.5495960000003,-8.978,-0.965,266.054,1.0
99.0666,128.047565,37.843667,3966.6598848000003,-8.983,-0.765,266.014,1.0
99.0833,128.047511,37.843665,3965.7866328000005,-8.987,-0.566,265.974,1.0
99.1,128.047458,37.843663,3964.9295352000004,-8.992,-0.367,265.935,1.0
99.1166,128.047405,37.843662,3964.0892016000003,-8.997,-0.167,265.895,1.0
99.1333,128.047351,37.84366,3963.2650224,-9.001,0.031,265.856,1.0
99.15,128.047297,37.843658,3962.4576072000004,-9.006,0.231,265.816,1.0
99.1666,128.047244,37.843656,3961.6663464000003,-9.011,0.43,265.777,1.0
99.1833,128.04719,37.843654,3960.8915448000002,-9.015,0.63,265.737,1.0
99.2,128.047137,37.843652,3960.1335072,-9.02,0.829,265.698,1.0
99.2166,128.047083,37.84365,3959.391624,-9.024,1.028,265.658,1.0
99.2333,128.047029,37.843648,3958.6665048000004,-9.029,1.228,265.619,1.0
99.25,128.046976,37.843646,3957.95754,-9.034,1.427,265.58,1.0
99.2666,128.046922,37.843644,3957.2653392,-9.039,1.627,265.54,1.0
99.2833,128.046868,37.843642,3956.5899024,-9.043,1.826,265.501,1.0
99.3,128.046814,37.84364,3955.93062,-9.048,2.026,265.461,1.0
99.3166,128.04676,37.843638,3955.2881016,-9.053,2.225,265.422,1.0
99.3333,128.046707,37.843636,3954.6620424,-9.058,2.425,265.383,1.0
99.35,128.046653,37.843634,3954.0524424,-9.062,2.624,265.343,1.0
99.3666,128.046599,37.843632,3953.4596064,-9.067,2.824,265.304,1.0
99.3833,128.046545,37.843629,3952.8832296,-9.072,3.024,265.265,1.0
99.4,128.046491,37.843627,3952.3233120000004,-9.077,3.223,265.225,1.0
99.4166,128.046437,37.843625,3951.7801584,-9.082,3.423,265.186,1.0
99.4333,128.046383,37.843622,3951.2537688,-9.087,3.622,265.146,1.0
99.45,128.046329,37.84362,3950.7438384,-9.092,3.822,265.107,1.0
99.4666,128.046275,37.843618,3950.2503672,-9.097,4.022,265.068,1.0
99.4833,128.046221,37.843615,3949.7736600000003,-9.102,4.222,265.028,1.0
99.5,128.046167,37.843613,3949.3137168000003,-9.107,4.421,264.989,1.0
99.5166,128.046113,37.84361,3948.8702328000004,-9.113,4.621,264.949,1.0
99.5333,128.046059,37.843608,3948.443208,-9.118,4.821,264.91,1.0
99.55,128.046005,37.843605,3948.033252,-9.123,5.021,264.871,1.0
99.5666,128.045951,37.843603,3947.6397552000003,-9.128,5.221,264.831,1.0
99.5833,128.045897,37.8436,3947.2627176,-9.134,5.421,264.792,1.0
99.6,128.045843,37.843598,3946.9027488000006,-9.139,5.621,264.752,1.0
99.6166,128.045788,37.843595,3946.5592392000003,-9.145,5.821,264.713,1.0
99.6333,128.045734,37.843592,3946.2321888,-9.151,6.021,264.673,1.0
99.65,128.04568,37.84359,3945.9219024000004,-9.156,6.221,264.634,1.0
99.6666,128.045626,37.843587,3945.62838,-9.162,6.422,264.594,1.0
99.6833,128.045572,37.843584,3945.3516216,-9.168,6.622,264.555,1.0
99.7,128.045518,37.843581,3945.0916272000004,-9.174,6.822,264.515,1.0
99.7166,128.045463,37.843578,3944.8480920000006,-9.18,7.022,264.476,1.0
99.7333,128.045409,37.843576,3944.6213208000004,-9.186,7.223,264.436,1.0
99.75,128.045355,37.843573,3944.4110088,-9.192,7.423,264.396,1.0
99.7666,128.045301,37.84357,3944.2177656000003,-9.198,7.624,264.357,1.0
99.7833,128.045247,37.843567,3944.0409816,-9.204,7.824,264.317,1.0
99.8,128.045192,37.843564,3943.8809616000003,-9.21,8.025,264.277,1.0
99.8166,128.045138,37.843561,3943.7377056000005,-9.217,8.225,264.237,1.0
99.8333,128.045084,37.843558,3943.6109088000003,-9.223,8.426,264.197,1.0
99.85,128.04503,37.843555,3943.5008760000005,-9.23,8.627,264.158,1.0
99.8666,128.044976,37.843552,3943.4076072000003,-9.237,8.827,264.118,1.0
99.8833,128.044922,37.843549,3943.3311024000004,-9.243,9.028,264.078,1.0
99.9,128.044867,37.843546,3943.2710568,-9.25,9.229,264.038,1.0
99.9166,128.044813,37.843542,3943.2280800000003,-9.257,9.43,263.998,1.0
99.9333,128.044759,37.843539,3943.2015624000005,-9.264,9.631,263.958,1.0
99.95,128.044705,37.843536,3943.191504,-9.271,9.832,263.918,1.0
99.9666,128.044651,37.843533,3943.1985144000005,-9.279,10.033,263.878,1.0
99.9833,128.044596,37.843529,3943.2219840000002,-9.286,10.234,263.837,1.0
100.0,128.044542,37.843526,3943.2622176,-9.293,10.435,263.797,1.0
100.0166,128.044488,37.843523,3943.3192152,-9.301,10.636,263.757,1.0
100.0333,128.044434,37.843519,3943.392672,-9.308,10.838,263.717,1.0
100.05,128.04438,37.843516,3943.4828928,-9.316,11.039,263.676,1.0
100.0666,128.044326,37.843513,3943.5898776000004,-9.324,11.24,263.636,1.0
100.0833,128.044272,37.843509,3943.7133215999997,-9.332,11.441,263.595,1.0
100.1,128.044218,37.843506,3943.8535296,-9.34,11.643,263.555,1.0
100.1166,128.044163,37.843502,3944.0105016,-9.348,11.844,263.514,1.0
100.1333,128.044109,37.843499,3944.1839328000005,-9.357,12.046,263.474,1.0
100.15,128.044055,37.843495,3944.3741280000004,-9.365,12.248,263.433,1.0
100.1666,128.044001,37.843492,3944.5810872,-9.374,12.449,263.392,1.0
100.1833,128.043947,37.843488,3944.8045056000005,-9.382,12.651,263.352,1.0
100.2,128.043893,37.843484,3945.044688,-9.391,12.853,263.311,1.0
100.2166,128.043839,37.843481,3945.3013296000004,-9.4,13.054,263.27,1.0
100.2333,128.043785,37.843477,3945.5744304000004,-9.409,13.256,263.229,1.0
100.25,128.043731,37.843473,3945.8646000000003,-9.418,13.458,263.188,1.0
100.2666,128.043678,37.843469,3946.170924,-9.427,13.66,263.147,1.0
100.2833,128.043624,37.843466,3946.4943168000004,-9.437,13.862,263.105,1.0
100.3,128.04357,37.843462,3946.833864,-9.446,14.064,263.064,1.0
100.3166,128.043516,37.843458,3947.1901752000003,-9.456,14.266,263.023,1.0
100.3333,128.043462,37.843454,3947.5632504000005,-9.466,14.469,262.981,1.0
100.35,128.043408,37.84345,3947.9524800000004,-9.475,14.671,262.94,1.0
100.3666,128.043354,37.843446,3948.3587784000006,-9.486,14.873,262.898,1.0
100.3833,128.043301,37.843442,3948.7812312,-9.496,15.075,262.857,1.0
100.4,128.043247,37.843438,3949.2204480000005,-9.506,15.278,262.815,1.0
100.4166,128.043193,37.843435,3949.676124,-9.516,15.48,262.773,1.0
100.4333,128.04314,37.84343,3950.1482592,-9.527,15.683,262.731,1.0
100.45,128.043086,37.843426,3950.6368536,-9.538,15.885,262.689,1.0
100.4666,128.043032,37.843422,3951.1419072000003,-9.549,16.088,262.647,1.0
100.4833,128.042979,37.843418,3951.6637248,-9.56,16.291,262.605,1.0
100.5,128.042925,37.843414,3952.2020016,-9.571,16.494,262.563,1.0
100.5166,128.042872,37.84341,3952.7564328000003,-9.582,16.697,262.521,1.0
100.5333,128.042818,37.843406,3953.3276280000005,-9.594,16.9,262.478,1.0
100.55,128.042765,37.843402,3953.9149776000004,-9.606,17.103,262.436,1.0
100.5666,128.042711,37.843397,3954.5190912000003,-9.617,17.306,262.393,1.0
100.5833,128.042658,37.843393,3955.1396640000003,-9.629,17.509,262.35,1.0
100.6,128.042604,37.843389,3955.7763912000005,-9.642,17.712,262.307,1.0
100.6166,128.042551,37.843385,3956.4295776000004,-9.654,17.916,262.264,1.0
100.6333,128.042498,37.84338,3957.0992232000003,-9.666,18.119,262.221,1.0
100.65,128.042445,37.843376,3957.7853280000004,-9.679,18.323,262.178,1.0
100.6666,128.042391,37.843371,3958.4875872000002,-9.692,18.527,262.135,1.0
100.6833,128.042338,37.843367,3959.2063056000006,-9.705,18.73,262.092,1.0
100.7,128.042285,37.843363,3959.9414831999998,-9.718,18.934,262.048,1.0
100.7166,128.042232,37.843358,3960.6928152,-9.731,19.138,262.005,1.0
100.7333,128.042179,37.843354,3961.4603016,-9.745,19.342,261.961,1.0
100.75,128.042126,37.843349,3962.2442472000002,-9.758,19.546,261.917,1.0
100.7666,128.042073,37.843345,3963.044652,-9.772,19.751,261.873,1.0
100.7833,128.04202,37.84334,3963.8612112,-9.786,19.955,261.829,1.0
100.8,128.041967,37.843335,3964.6939248000003,-9.801,20.159,261.785,1.0
100.8166,128.041915,37.843331,3965.5430976000002,-9.815,20.364,261.741,1.0
100.8333,128.041862,37.843326,3966.4084248000004,-9.83,20.568,261.696,1.0
100.85,128.041809,37.843321,3967.2899064000003,-9.844,20.773,261.652,1.0
100.8666,128.041756,37.843317,3968.1875424,-9.859,20.978,261.607,1.0
100.8833,128.041704,37.843312,3969.1013328000004,-9.875,21.182,261.562,1.0
100.9,128.041651,37.843307,3970.0312776,-9.89,21.387,261.517,1.0
100.9166,128.041599,37.843303,3970.9773768,-9.906,21.592,261.472,1.0
100.9333,128.041546,37.843298,3971.9396304000006,-9.921,21.797,261.427,1.0
100.95,128.041494,37.843293,3972.9180384,-9.937,22.002,261.381,1.0
100.9666,128.041441,37.843288,3973.9122960000004,-9.954,22.208,261.336,1.0
100.9833,128.041389,37.843283,3974.9230128,-9.97,22.413,261.29,1.0
101.0,128.041337,37.843278,3975.9495792000002,-9.987,22.619,261.244,1.0
101.0166,128.041285,37.843273,3976.9923000000003,-10.003,22.824,261.198,1.0
101.0333,128.041232,37.843269,3978.0508704000003,-10.02,23.03,261.152,1.0
101.05,128.04118,37.843264,3979.1255952,-10.038,23.235,261.106,1.0
101.0666,128.041128,37.843259,3980.2161696,-10.055,23.441,261.059,1.0
101.0833,128.041076,37.843254,3981.3225936000003,-10.073,23.647,261.013,1.0
101.1,128.041024,37.843249,3982.445172,-10.091,23.853,260.966,1.0
101.1166,128.040973,37.843243,3983.5836000000004,-10.109,24.059,260.919,1.0
101.1333,128.040921,37.843238,3984.7378776000005,-10.127,24.266,260.872,1.0
101.15,128.040869,37.843233,3985.9083096000004,-10.146,24.472,260.825,1.0
101.1666,128.040817,37.843228,3987.0942864000003,-10.165,24.678,260.777,1.0
101.1833,128.040766,37.843223,3988.2961128,-10.184,24.885,260.73,1.0
101.2,128.040714,37.843218,3989.5140936000003,-10.203,25.091,260.682,1.0
101.2166,128.040663,37.843213,3990.7476192000004,-10.222,25.298,260.634,1.0
101.2333,128.040611,37.843207,3991.9969944,-10.242,25.505,260.586,1.0
101.25,128.04056,37.843202,3993.2619144000005,-10.262,25.712,260.537,1.0
101.2666,128.040509,37.843197,3994.542684,-10.283,25.919,260.489,1.0
101.2833,128.040458,37.843192,3995.8393032000004,-10.303,26.126,260.44,1.0
101.3,128.040406,37.843186,3997.1514672,-10.324,26.333,260.391,1.0
101.3166,128.040355,37.843181,3998.4794808,-10.345,26.54,260.342,1.0
101.3333,128.040304,37.843176,3999.8230392000005,-10.366,26.748,260.293,1.0
101.35,128.040253,37.84317,4001.1821424,-10.388,26.955,260.243,1.0
101.3666,128.040202,37.843165,4002.5567904,-10.409,27.163,260.194,1.0
101.3833,128.040152,37.843159,4003.947288,-10.432,27.371,260.144,1.0
101.4,128.040101,37.843154,4005.3530256000004,-10.454,27.579,260.094,1.0
101.4166,128.04005,37.843148,4006.774308,-10.476,27.786,260.043,1.0
101.4333,128.04,37.843143,4008.21144,-10.499,27.994,259.993,1.0
101.45,128.039949,37.843137,4009.6638120000002,-10.522,28.203,259.942,1.0
101.4666,128.039899,37.843132,4011.131424,-10.546,28.411,259.891,1.0
101.4833,128.039848,37.843126,4012.6148856,-10.57,28.619,259.84,1.0
101.5,128.039798,37.843121,4014.1132824000006,-10.594,28.828,259.788,1.0
101.5166,128.039748,37.843115,4015.6275288,-10.618,29.036,259.737,1.0
101.5333,128.039698,37.84311,4017.1567104,-10.643,29.245,259.685,1.0
101.55,128.039648,37.843104,4018.7014368000005,-10.667,29.454,259.633,1.0
101.5666,128.039598,37.843098,4020.2614032000006,-10.693,29.663,259.58,1.0
101.5833,128.039548,37.843093,4021.8366096000004,-10.718,29.872,259.528,1.0
101.6,128.039498,37.843087,4023.427056,-10.744,30.081,259.475,1.0
101.6166,128.039449,37.843081,4025.0327424,-10.77,30.29,259.422,1.0
101.6333,128.039399,37.843075,4026.6536688000006,-10.796,30.499,259.368,1.0
101.65,128.039349,37.84307,4028.2898352000007,-10.823,30.709,259.315,1.0
101.6666,128.0393,37.843064,4029.9409368,-10.85,30.919,259.261,1.0
101.6833,128.039251,37.843058,4031.6072784000003,-10.877,31.128,259.207,1.0
101.7,128.039201,37.843052,4033.2885552000002,-10.905,31.338,259.152,1.0
101.7166,128.039152,37.843046,4034.985072,-10.933,31.548,259.098,1.0
101.7333,128.039103,37.84304,4036.696524,-10.962,31.758,259.043,1.0
101.75,128.039054,37.843034,4038.4229112000003,-10.99,31.968,258.987,1.0
101.7666,128.039005,37.843029,4040.1642336,-11.019,32.178,258.932,1.0
101.7833,128.038956,37.843023,4041.9204912000005,-11.049,32.389,258.876,1.0
101.8,128.038907,37.843017,4043.6916840000004,-11.078,32.599,258.82,1.0
101.8166,128.038859,37.843011,4045.4775072,-11.108,32.81,258.763,1.0
101.8333,128.03881,37.843005,4047.2785704000003,-11.139,33.021,258.707,1.0
101.85,128.038762,37.842999,4049.0942640000003,-11.17,33.232,258.65,1.0
101.8666,128.038713,37.842993,4050.924588,-11.201,33.443,258.592,1.0
101.8833,128.038665,37.842987,4052.7698472,-11.232,33.654,258.535,1.0
101.9,128.038617,37.84298,4054.6297368000005,-11.264,33.865,258.477,1.0
101.9166,128.038569,37.842974,4056.5042568000003,-11.297,34.076,258.418,1.0
101.9333,128.038521,37.842968,4058.3937120000005,-11.329,34.288,258.36,1.0
101.95,128.038473,37.842962,4060.2974928000003,-11.362,34.499,258.301,1.0
101.9666,128.038425,37.842956,4062.215904,-11.396,34.711,258.241,1.0
101.9833,128.038377,37.84295,4064.1489456000004,-11.43,34.923,258.182,1.0
102.0,128.03833,37.842944,4066.0963128,-11.464,35.135,258.122,1.0
102.0166,128.038282,37.842937,4068.0583103999998,-11.499,35.347,258.061,1.0
102.0333,128.038235,37.842931,4070.0346336000002,-11.534,35.559,258.001,1.0
102.05,128.038187,37.842925,4072.0255872000002,-11.569,35.771,257.94,1.0
102.0666,128.03814,37.842919,4074.0308664000004,-11.605,35.984,257.878,1.0
102.0833,128.038093,37.842912,4076.0504712,-11.641,36.196,257.816,1.0
102.1,128.038046,37.842906,4078.0844016,-11.678,36.409,257.754,1.0
102.1166,128.037999,37.8429,4080.1323528000003,-11.715,36.622,257.691,1.0
102.1333,128.037952,37.842893,4082.1949344000004,-11.753,36.835,257.629,1.0
102.15,128.037906,37.842887,4084.2715368000004,-11.791,37.048,257.565,1.0
102.1666,128.037859,37.842881,4086.3621600000006,-11.829,37.261,257.501,1.0
102.1833,128.037813,37.842874,4088.4671088,-11.868,37.475,257.437,1.0
102.2,128.037766,37.842868,4090.5860784000006,-11.908,37.688,257.373,1.0
102.2166,128.03772,37.842861,4092.7193736000004,-11.948,37.902,257.308,1.0
102.2333,128.037674,37.842855,4094.8663848000006,-11.988,38.115,257.242,1.0
102.25,128.037628,37.842848,4097.0274168000005,-12.029,38.329,257.176,1.0
102.2666,128.037582,37.842842,4099.2024696,-12.07,38.543,257.11,1.0
102.2833,128.037536,37.842835,4101.3915432,-12.112,38.757,257.043,1.0
102.3,128.03749,37.842829,4103.5943328,-12.155,38.972,256.976,1.0
102.3166,128.037445,37.842822,4105.8111432000005,-12.197,39.186,256.908,1.0
102.3333,128.037399,37.842816,4108.0416696,-12.241,39.401,256.84,1.0
102.35,128.037354,37.842809,4110.285912,-12.285,39.615,256.771,1.0
102.3666,128.037309,37.842803,4112.5438704,-12.329,39.83,256.702,1.0
102.3833,128.037264,37.842796,4114.8155448,-12.374,40.045,256.633,1.0
102.4,128.037219,37.842789,4117.1009352,-12.42,40.26,256.563,1.0
102.4166,128.037174,37.842783,4119.3997368,-12.466,40.475,256.492,1.0
102.4333,128.037129,37.842776,4121.7122544,-12.512,40.691,256.421,1.0
102.45,128.037084,37.842769,4124.0381832,-12.559,40.906,256.349,1.0
102.4666,128.03704,37.842763,4126.377828000001,-12.607,41.122,256.277,1.0
102.4833,128.036995,37.842756,4128.7308840000005,-12.655,41.337,256.204,1.0
102.5,128.036951,37.842749,4131.0970464,-12.704,41.553,256.131,1.0
102.5166,128.036907,37.842743,4133.4769248,-12.754,41.769,256.057,1.0
102.5333,128.036863,37.842736,4135.8699096,-12.804,41.985,255.983,1.0
102.55,128.036819,37.842729,4138.2763056,-12.855,42.202,255.908,1.0
102.5666,128.036775,37.842722,4140.6961128,-12.906,42.418,255.832,1.0
102.5833,128.036731,37.842715,4143.1287216,-12.958,42.635,255.756,1.0
102.6,128.036688,37.842709,4145.5747416,-13.01,42.851,255.68,1.0
102.6166,128.036644,37.842702,4148.033868,-13.064,43.068,255.602,1.0
102.6333,128.036601,37.842695,4150.5061008,-13.117,43.285,255.524,1.0
102.6499,128.036558,37.842688,4152.99144,-13.172,43.502,255.446,1.0
102.6666,128.036514,37.842681,4155.4895808,-13.227,43.719,255.367,1.0
102.6833,128.036471,37.842674,4158.000828,-13.283,43.937,255.287,1.0
102.7,128.036429,37.842667,4160.5248768,-13.34,44.154,255.206,1.0
102.7166,128.036386,37.842661,4163.0617272,-13.397,44.372,255.125,1.0
102.7333,128.036343,37.842654,4165.611684,-13.455,44.59,255.043,1.0
102.75,128.036301,37.842647,4168.1741376,-13.514,44.808,254.961,1.0
102.7666,128.036259,37.84264,4170.7493928,-13.573,45.026,254.878,1.0
102.7833,128.036216,37.842633,4173.3371448,-13.633,45.244,254.794,1.0
102.8,128.036174,37.842626,4175.938003200001,-13.694,45.462,254.709,1.0
102.8166,128.036132,37.842619,4178.5510536,-13.756,45.681,254.624,1.0
102.8333,128.036091,37.842612,4181.1766008,-13.814,45.884,254.543,1.0
102.85,128.036049,37.842605,4183.81434,-13.868,46.066,254.469,1.0
102.8666,128.036007,37.842598,4186.4642712,-13.918,46.232,254.4,1.0
102.8833,128.035966,37.842591,4189.1263944,-13.966,46.388,254.335,1.0
102.8999,128.035925,37.842583,4191.8004048,-14.014,46.54,254.271,1.0
102.9166,128.035884,37.842576,4194.4866072,-14.061,46.691,254.206,1.0
102.9333,128.035843,37.842569,4197.1840872,-14.104,46.824,254.148,1.0
102.95,128.035802,37.842562,4199.8931496000005,-14.142,46.937,254.097,1.0
102.9666,128.035761,37.842555,4202.6134896,-14.176,47.035,254.052,1.0
102.9833,128.03572,37.842548,4205.345107200001,-14.207,47.124,254.009,1.0
103.0,128.03568,37.842541,4208.0876976,-14.238,47.211,253.968,1.0
103.0166,128.035639,37.842534,4210.8415656,-14.268,47.296,253.927,1.0
103.0333,128.035599,37.842526,4213.6057968,-14.295,47.369,253.89,1.0
103.05,128.035559,37.842519,4216.380696,-14.318,47.429,253.858,1.0
103.0666,128.035519,37.842512,4219.1656536,-14.338,47.483,253.829,1.0
103.0833,128.035479,37.842505,4221.9612792,-14.358,47.532,253.801,1.0
103.1,128.035439,37.842498,4224.7669632,-14.377,47.582,253.774,1.0
103.1166,128.0354,37.84249,4227.5824008,-14.396,47.632,253.745,1.0
103.1333,128.03536,37.842483,4230.4075920000005,-14.412,47.677,253.719,1.0
103.1499,128.035321,37.842476,4233.2422320000005,-14.428,47.718,253.695,1.0
103.1666,128.035281,37.842469,4236.0866256,-14.442,47.756,253.671,1.0
103.1833,128.035242,37.842461,4238.9401632,-14.456,47.795,253.648,1.0
103.2,128.035203,37.842454,4241.8028448000005,-14.469,47.835,253.623,1.0
103.2166,128.035164,37.842447,4244.674670400001,-14.484,47.878,253.598,1.0
103.2333,128.035125,37.84244,4247.555030400001,-14.497,47.918,253.574,1.0
103.25,128.035086,37.842432,4250.444229600001,-14.509,47.957,253.551,1.0
103.2666,128.035047,37.842425,4253.342268,-14.522,47.995,253.528,1.0
103.2833,128.035009,37.842418,4256.248536,-14.534,48.035,253.506,1.0
103.3,128.03497,37.84241,4259.1630336,-14.546,48.076,253.482,1.0
103.3166,128.034932,37.842403,4262.0860656,-14.558,48.119,253.457,1.0
103.3333,128.034893,37.842396,4265.0170224,-14.57,48.161,253.435,1.0
103.35,128.034855,37.842388,4267.955904,-14.581,48.2,253.413,1.0
103.3666,128.034817,37.842381,4270.902405600001,-14.592,48.24,253.393,1.0
103.3833,128.034779,37.842373,4273.8571368,-14.602,48.28,253.372,1.0
103.3999,128.034741,37.842366,4276.8191832,-14.612,48.321,253.351,1.0
103.4166,128.034703,37.842359,4279.7888496000005,-14.623,48.364,253.329,1.0
103.4333,128.034666,37.842351,4282.7658312,-14.632,48.405,253.309,1.0
103.45,128.034628,37.842344,4285.750128000001,-14.64,48.443,253.29,1.0
103.4666,128.03459,37.842336,4288.7414352000005,-14.648,48.481,253.273,1.0
103.4833,128.034553,37.842329,4291.7400576,-14.655,48.518,253.255,1.0
103.5,128.034515,37.842321,4294.7456904,-14.661,48.557,253.237,1.0
103.5166,128.034478,37.842314,4297.7580288,-14.668,48.597,253.219,1.0
103.5333,128.034441,37.842306,4300.7770728000005,-14.674,48.634,253.202,1.0
103.55,128.034404,37.842299,4303.8031272,-14.678,48.668,253.187,1.0
103.5666,128.034367,37.842292,4306.8355824,-14.681,48.701,253.172,1.0
103.5833,128.03433,37.842284,4309.8744384,-14.684,48.734,253.158,1.0
103.6,128.034293,37.842277,4312.9196952,-14.686,48.768,253.143,1.0
103.6166,128.034256,37.842269,4315.9713528,-14.689,48.803,253.127,1.0
103.6333,128.034219,37.842262,4319.0294112,-14.69,48.835,253.113,1.0
103.6499,128.034183,37.842254,4322.0932608,-14.691,48.865,253.101,1.0
103.6666,128.034146,37.842246,4325.1632064000005,-14.69,48.894,253.089,1.0
103.6833,128.03411,37.842239,4328.239248,-14.69,48.922,253.077,1.0
103.7,128.034073,37.842231,4331.3210808,-14.689,48.951,253.064,1.0
103.7166,128.034037,37.842224,4334.4087048,-14.689,48.981,253.051,1.0
103.7333,128.034001,37.842216,4337.50212,-14.688,49.011,253.039,1.0
103.75,128.033964,37.842209,4340.6010215999995,-14.687,49.041,253.027,1.0
103.7666,128.033928,37.842201,4343.7057144,-14.686,49.071,253.014,1.0
103.7833,128.033892,37.842194,4346.8155888,-14.685,49.102,253.002,1.0
103.8,128.033856,37.842186,4349.9312544,-14.685,49.135,252.988,1.0
103.8166,128.03382,37.842178,4353.0521016,-14.684,49.168,252.975,1.0
103.8333,128.033784,37.842171,4356.178130400001,-14.684,49.2,252.961,1.0
103.85,128.033749,37.842163,4359.3093408,-14.683,49.232,252.948,1.0
103.8666,128.033713,37.842156,4362.445732800001,-14.682,49.264,252.936,1.0
103.8833,128.033677,37.842148,4365.5873064,-14.681,49.295,252.923,1.0
103.8999,128.033642,37.84214,4368.7337568,-14.681,49.328,252.91,1.0
103.9166,128.033606,37.842133,4371.8850840000005,-14.68,49.361,252.896,1.0
103.9333,128.033571,37.842125,4375.0415928,-14.679,49.39,252.885,1.0
103.95,128.033535,37.842117,4378.202673600001,-14.675,49.413,252.875,1.0
103.9666,128.0335,37.84211,4381.3683264,-14.671,49.433,252.867,1.0
103.9833,128.033465,37.842102,4384.538856,-14.666,49.452,252.86,1.0
104.0,128.03343,37.842094,4387.7139576,-14.661,49.47,252.853,1.0
104.0166,128.033395,37.842087,4390.8936312,-14.656,49.489,252.845,1.0
104.0333,128.033359,37.842079,4394.077572,-14.653,49.511,252.836,1.0
104.05,128.033324,37.842071,4397.265780000001,-14.65,49.537,252.826,1.0
104.0666,128.033289,37.842064,4400.45856,-14.649,49.566,252.815,1.0
104.0833,128.033255,37.842056,4403.6556072,-14.649,49.597,252.802,1.0
104.1,128.03322,37.842048,4406.8569216,-14.649,49.631,252.789,1.0
104.1166,128.033185,37.842041,4410.0621984,-14.649,49.665,252.775,1.0
104.1333,128.03315,37.842033,4413.2717424,-14.65,49.7,252.761,1.0
104.1499,128.033116,37.842025,4416.485248800001,-14.651,49.734,252.748,1.0
104.1666,128.033081,37.842017,4419.7030224,-14.652,49.769,252.734,1.0
104.1833,128.033046,37.84201,4422.9244536,-14.653,49.805,252.72,1.0
104.2,128.033012,37.842002,4426.1498472,-14.655,49.841,252.706,1.0
104.2166,128.032977,37.841994,4429.3792032,-14.656,49.877,252.691,1.0
104.2333,128.032943,37.841986,4432.6122168,-14.654,49.9,252.682,1.0
104.25,128.032909,37.841979,4435.848888,-14.647,49.909,252.679,1.0
104.2666,128.032874,37.841971,4439.088912,-14.637,49.908,252.68,1.0
104.2833,128.03284,37.841963,4442.3328984,-14.625,49.902,252.683,1.0
104.3,128.032806,37.841955,4445.5799328,-14.612,49.893,252.687,1.0
104.3166,128.032772,37.841948,4448.83032,-14.599,49.882,252.692,1.0
104.3333,128.032738,37.84194,4452.0843648,-14.59,49.885,252.691,1.0
104.35,128.032704,37.841932,4455.3417624,-14.586,49.904,252.684,1.0
104.3666,128.03267,37.841924,4458.6025128,-14.587,49.937,252.671,1.0
104.3833,128.032636,37.841917,4461.866616,-14.59,49.978,252.655,1.0
104.3999,128.032602,37.841909,4465.1337672,-14.595,50.026,252.636,1.0
104.4166,128.032568,37.841901,4468.4042712,-14.602,50.076,252.616,1.0
104.4333,128.032534,37.841893,4471.6784328,-14.611,50.131,252.594,1.0
104.45,128.0325,37.841885,4474.9553376,-14.62,50.19,252.57,1.0
104.4666,128.032466,37.841878,4478.235900000001,-14.631,50.251,252.546,1.0
104.4833,128.032433,37.84187,4481.5195104,-14.643,50.314,252.521,1.0
104.5,128.032399,37.841862,4484.806473600001,-14.656,50.377,252.495,1.0
104.5166,128.032366,37.841854,4488.0964848,-14.668,50.442,252.469,1.0
104.5333,128.032332,37.841846,4491.389544000001,-14.676,50.492,252.449,1.0
104.55,128.032299,37.841838,4494.685041600001,-14.674,50.515,252.44,1.0
104.5666,128.032265,37.841831,4497.9835872,-14.663,50.512,252.442,1.0
104.5833,128.032232,37.841823,4501.284571200001,-14.646,50.491,252.452,1.0
104.6,128.032198,37.841815,4504.588603200001,-14.625,50.458,252.466,1.0
104.6166,128.032165,37.841807,4507.8953784000005,-14.601,50.419,252.483,1.0
104.6333,128.032132,37.841799,4511.2042872,-14.576,50.377,252.501,1.0
104.6499,128.032098,37.841791,4514.5159392000005,-14.55,50.335,252.519,1.0
104.6666,128.032065,37.841784,4517.830029600001,-14.524,50.292,252.538,1.0
104.6833,128.032032,37.841776,4521.1462536,-14.498,50.25,252.556,1.0
104.7,128.031999,37.841768,4524.464916,-14.472,50.209,252.573,1.0
104.7166,128.031966,37.84176,4527.785712000001,-14.446,50.169,252.59,1.0
104.7333,128.031933,37.841752,4531.108946400001,-14.427,50.143,252.601,1.0
104.75,128.0319,37.841744,4534.4343144,-14.419,50.146,252.6,1.0
104.7666,128.031867,37.841736,4537.7621208,-14.425,50.191,252.582,1.0
104.7833,128.031834,37.841728,4541.0926704,-14.45,50.291,252.542,1.0
104.8,128.031801,37.841721,4544.4256584,-14.494,50.444,252.48,1.0
104.8166,128.031768,37.841713,4547.7616944,-14.551,50.636,252.401,1.0
104.8333,128.031735,37.841705,4551.1004736,-14.618,50.851,252.313,1.0
104.85,128.031702,37.841697,4554.4426056,-14.689,51.075,252.22,1.0
104.8666,128.03167,37.841689,4557.7877856000005,-14.761,51.294,252.128,1.0
104.8833,128.031637,37.841681,4561.1357088,-14.828,51.495,252.043,1.0
104.9,128.031604,37.841673,4564.4863752,-14.886,51.662,251.972,1.0
104.9166,128.031572,37.841665,4567.8400896,-14.933,51.795,251.915,1.0
104.9333,128.031539,37.841657,4571.1962424,-14.968,51.879,251.878,1.0
104.95,128.031507,37.841649,4574.5548336,-14.991,51.911,251.863,1.0
104.9666,128.031474,37.841641,4577.9164728000005,-15.005,51.906,251.864,1.0
104.9833,128.031442,37.841634,4581.280855200001,-15.014,51.876,251.875,1.0
105.0,128.031409,37.841626,4584.6479808,-15.022,51.832,251.893,1.0
105.0166,128.031377,37.841618,4588.0175448,-15.03,51.78,251.914,1.0
105.0333,128.031345,37.84161,4591.3904616,-15.155,51.72,251.909,1.0
105.05,128.031313,37.841602,4594.7667312,-15.394,51.654,251.879,1.0
105.0666,128.03128,37.841594,4598.1463536,-15.745,51.585,251.832,1.0
105.0833,128.031248,37.841586,4601.5299384,-16.205,51.514,251.777,1.0
105.1,128.031216,37.841578,4604.916876,-16.773,51.444,251.718,1.0
105.1166,128.031184,37.84157,4608.307776000001,-17.442,51.374,251.66,1.0
105.1333,128.031153,37.841562,4611.7026384,-18.209,51.306,251.603,1.0
105.15,128.031121,37.841554,4615.101768,-19.07,51.239,251.547,1.0
105.1666,128.031089,37.841546,4618.5051648,-20.019,51.173,251.493,1.0
105.1833,128.031058,37.841538,4621.9122192,-21.053,51.108,251.441,1.0
105.2,128.031026,37.84153,4625.3229312,-22.167,51.045,251.391,1.0
105.2166,128.030995,37.841522,4628.7369960000005,-23.357,50.982,251.343,1.0
105.2333,128.030963,37.841514,4632.1544136,-24.62,50.921,251.297,1.0
105.25,128.030932,37.841506,4635.5748792,-25.952,50.861,251.253,1.0
105.2666,128.030901,37.841498,4638.9986976,-27.349,50.802,251.21,1.0
105.2833,128.03087,37.84149,4642.4249544,-28.808,50.745,251.169,1.0
105.3,128.030839,37.841482,4645.8539544000005,-30.325,50.688,251.131,1.0
105.3166,128.030808,37.841474,4649.2853928,-31.898,50.632,251.094,1.0
105.3333,128.030777,37.841465,4652.718050400001,-33.298,50.595,251.104,1.0
105.35,128.030746,37.841457,4656.1519272000005,-34.531,50.578,251.158,1.0
105.3666,128.030715,37.841449,4659.5873280000005,-35.597,50.573,251.24,1.0
105.3833,128.030685,37.841441,4663.0233384,-36.495,50.575,251.336,1.0
105.4,128.030654,37.841433,4666.460263200001,-37.231,50.58,251.438,1.0
105.4166,128.030623,37.841424,4669.8974928,-37.809,50.587,251.539,1.0
105.4333,128.030592,37.841416,4673.3350272,-38.237,50.595,251.639,1.0
105.45,128.030562,37.841408,4676.772561600001,-38.524,50.603,251.735,1.0
105.4666,128.030531,37.8414,4680.2097912,-38.676,50.611,251.827,1.0
105.4833,128.0305,37.841391,4683.6464112,-38.701,50.619,251.917,1.0
105.5,128.03047,37.841383,4687.0824216,-38.605,50.627,252.004,1.0
105.5166,128.030439,37.841375,4690.5172128,-38.395,50.635,252.088,1.0
105.5333,128.030408,37.841366,4693.9510896,-38.077,50.642,252.169,1.0
105.55,128.030377,37.841358,4697.3837472000005,-37.658,50.649,252.248,1.0
105.5666,128.030346,37.84135,4700.814576000001,-37.141,50.655,252.326,1.0
105.5833,128.030315,37.841342,4704.2438808,-36.534,50.659,252.401,1.0
105.6,128.030284,37.841333,4707.6713568000005,-35.84,50.663,252.475,1.0
105.6166,128.030253,37.841325,4711.0966992,-35.064,50.666,252.547,1.0
105.6333,128.030222,37.841317,4714.5202128,-34.212,50.667,252.618,1.0
105.65,128.030191,37.841309,4717.9415928,-33.287,50.668,252.687,1.0
105.6666,128.03016,37.841301,4721.3614488,-32.293,50.667,252.755,1.0
105.6833,128.030129,37.841292,4724.779171200001,-31.233,50.664,252.822,1.0
105.7,128.030097,37.841284,4728.1950648,-30.112,50.66,252.887,1.0
105.7166,128.030066,37.841276,4731.6091296,-28.933,50.654,252.952,1.0
105.7333,128.030035,37.841268,4735.0213656000005,-27.698,50.646,253.016,1.0
105.75,128.030003,37.84126,4738.4317728000005,-26.412,50.637,253.079,1.0
105.7666,128.029972,37.841252,4741.840046400001,-25.075,50.626,253.141,1.0
105.7833,128.02994,37.841243,4745.246796,-23.692,50.613,253.202,1.0
105.8,128.029909,37.841235,4748.6517168,-22.264,50.599,253.263,1.0
105.8166,128.029877,37.841227,4752.054504,-20.795,50.582,253.322,1.0
105.8333,128.029845,37.841219,4755.4557672,-19.285,50.564,253.381,1.0
105.85,128.029814,37.841211,4758.8552016,-17.737,50.544,253.438,1.0
105.8666,128.029782,37.841203,4762.2528072000005,-16.153,50.522,253.495,1.0
105.8833,128.02975,37.841194,4765.6488888,-14.535,50.498,253.55,1.0
105.9,128.029718,37.841186,4769.0431416,-12.884,50.473,253.605,1.0
105.9166,128.029686,37.841178,4772.4355656,-11.201,50.446,253.658,1.0
105.9333,128.029654,37.84117,4775.8261608,-9.489,50.417,253.71,1.0
105.95,128.029622,37.841162,4779.2155368,-7.748,50.387,253.761,1.0
105.9666,128.02959,37.841154,4782.6027792,-5.98,50.355,253.811,1.0
105.9833,128.029558,37.841145,4785.9888024,-4.185,50.321,253.859,1.0
106.0,128.029526,37.841137,4789.3729968,-2.365,50.286,253.905,1.0
106.0166,128.029494,37.841129,4792.7556672,-0.521,50.249,253.95,1.0
106.0333,128.029462,37.841121,4796.1368136,1.346,50.21,253.994,1.0
106.05,128.029429,37.841113,4799.5161312,3.237,50.17,254.036,1.0
106.0666,128.029397,37.841105,4802.8942296000005,5.15,50.128,254.076,1.0
106.0833,128.029365,37.841096,4806.270804,7.084,50.085,254.115,1.0
106.1,128.029332,37.841088,4809.645854400001,9.039,50.04,254.151,1.0
106.1166,128.0293,37.84108,4813.0196856,11.014,49.994,254.186,1.0
106.1333,128.029268,37.841072,4816.3919928000005,13.009,49.947,254.219,1.0
106.15,128.029235,37.841063,4819.7627760000005,15.023,49.898,254.25,1.0
106.1666,128.029203,37.841055,4823.13234,17.056,49.848,254.278,1.0
106.1833,128.02917,37.841047,4826.50038,19.108,49.797,254.305,1.0
106.2,128.029138,37.841039,4829.8672008,21.177,49.744,254.329,1.0
106.2166,128.029105,37.84103,4833.2328024,23.265,49.691,254.351,1.0
106.2333,128.029072,37.841022,4836.597184800001,25.37,49.636,254.37,1.0
106.25,128.02904,37.841014,4839.960043200001,27.493,49.58,254.387,1.0
106.2666,128.029007,37.841005,4843.321987200001,29.633,49.524,254.401,1.0
106.2833,128.028974,37.840997,4846.6824072,31.79,49.466,254.413,1.0
106.3,128.028942,37.840989,4850.0419128,33.964,49.408,254.423,1.0
106.3166,128.028909,37.84098,4853.4001992,36.154,49.349,254.429,1.0
106.3333,128.028876,37.840972,4856.7572664,38.361,49.289,254.433,1.0
106.35,128.028843,37.840964,4860.1131144,40.584,49.228,254.434,1.0
106.3666,128.02881,37.840955,4863.468048000001,42.824,49.167,254.432,1.0
106.3833,128.028777,37.840947,4866.821762400001,45.08,49.105,254.428,1.0
106.4,128.028745,37.840939,4870.1745624000005,47.352,49.043,254.42,1.0
106.4166,128.028712,37.84093,4873.526143200001,49.64,48.981,254.41,1.0
106.4333,128.028679,37.840922,4876.8768096,51.944,48.918,254.396,1.0
106.45,128.028646,37.840913,4880.2265616,54.264,48.856,254.379,1.0
106.4666,128.028613,37.840905,4883.5750944,56.6,48.793,254.36,1.0
106.4833,128.02858,37.840896,4886.9230176,58.951,48.73,254.337,1.0
106.5,128.028546,37.840888,4890.2697216,61.319,48.667,254.311,1.0
106.5166,128.028513,37.840879,4893.615816,63.701,48.605,254.282,1.0
106.5333,128.02848,37.840871,4896.9606912,66.1,48.543,254.25,1.0
106.55,128.028447,37.840862,4900.304956800001,68.513,48.481,254.215,1.0
106.5666,128.028414,37.840854,4903.6486128,70.942,48.42,254.177,1.0
106.5833,128.028381,37.840845,4906.9913544,73.387,48.359,254.136,1.0
106.6,128.028348,37.840837,4910.3331816,75.846,48.3,254.092,1.0
106.6166,128.028314,37.840828,4913.674704,78.32,48.24,254.045,1.0
106.6333,128.028281,37.840819,4917.015312,80.809,48.182,253.996,1.0
106.65,128.028248,37.840811,4920.3553104,83.312,48.125,253.943,1.0
106.6666,128.028215,37.840802,4923.695004,85.83,48.069,253.887,1.0
106.6833,128.028181,37.840793,4927.034088,88.363,48.014,253.829,1.0
106.7,128.028148,37.840785,4930.372562400001,90.909,47.961,253.768,1.0
106.7166,128.028115,37.840776,4933.7110368,93.47,47.909,253.704,1.0
106.7333,128.028081,37.840767,4937.0489016,96.044,47.859,253.638,1.0
106.75,128.028048,37.840758,4940.3867664,98.632,47.81,253.57,1.0
106.7666,128.028015,37.840749,4943.7246312,101.234,47.763,253.499,1.0
106.7833,128.027981,37.840741,4947.062191200001,103.849,47.718,253.426,1.0
106.8,128.027948,37.840732,4950.3997512,106.476,47.674,253.352,1.0
106.8166,128.027914,37.840723,4953.7373112000005,109.117,47.633,253.275,1.0
106.8333,128.027881,37.840714,4957.073652,111.575,47.617,253.209,1.0
106.85,128.027848,37.840705,4960.409688,113.86,47.624,253.156,1.0
106.8666,128.027814,37.840696,4963.745114400001,115.964,47.646,253.112,1.0
106.8833,128.027781,37.840687,4967.0799312,117.879,47.676,253.073,1.0
106.9,128.027747,37.840679,4970.4138336000005,119.606,47.71,253.037,1.0
106.9166,128.027714,37.84067,4973.746516800001,121.149,47.744,253.003,1.0
106.9333,128.02768,37.840661,4977.0773712,122.514,47.777,252.97,1.0
106.95,128.027647,37.840652,4980.4067016,123.709,47.809,252.939,1.0
106.9666,128.027613,37.840643,4983.733898400001,124.743,47.839,252.91,1.0
106.9833,128.027579,37.840634,4987.058352,125.624,47.867,252.882,1.0
107.0,128.027546,37.840626,4990.3803672,126.36,47.894,252.856,1.0
107.0166,128.027512,37.840617,4993.6990296,126.957,47.919,252.832,1.0
107.0333,128.027478,37.840608,4997.014644,127.422,47.942,252.809,1.0
107.05,128.027444,37.840599,5000.326296,127.759,47.962,252.787,1.0
107.0666,128.027411,37.840591,5003.6336808,127.975,47.981,252.766,1.0
107.0833,128.027377,37.840582,5006.9367984,128.078,47.998,252.745,1.0
107.1,128.027343,37.840574,5010.235344,128.072,48.013,252.725,1.0
107.1166,128.027309,37.840565,5013.5290128,127.963,48.027,252.706,1.0
107.1333,128.027275,37.840557,5016.818109600001,127.755,48.04,252.688,1.0
107.15,128.027241,37.840548,5020.1026344,127.452,48.051,252.669,1.0
107.1666,128.027206,37.84054,5023.3828920000005,127.059,48.06,252.651,1.0
107.1833,128.027172,37.840531,5026.6585776,126.581,48.068,252.632,1.0
107.2,128.027138,37.840523,5029.9296912,126.022,48.075,252.615,1.0
107.2166,128.027104,37.840515,5033.196842400001,125.385,48.081,252.597,1.0
107.2333,128.027069,37.840506,5036.4597264,124.674,48.086,252.58,1.0
107.25,128.027035,37.840498,5039.718343199999,123.893,48.089,252.563,1.0
107.2666,128.027001,37.84049,5042.972997600001,123.045,48.091,252.546,1.0
107.2833,128.026966,37.840482,5046.2233848,122.134,48.091,252.529,1.0
107.3,128.026932,37.840474,5049.4701144,121.162,48.091,252.513,1.0
107.3166,128.026897,37.840465,5052.7131864,120.133,48.09,252.496,1.0
107.3333,128.026863,37.840457,5055.9519912000005,119.052,48.088,252.481,1.0
107.35,128.026828,37.840449,5059.1874431999995,117.921,48.086,252.466,1.0
107.3666,128.026794,37.840441,5062.419237600001,116.742,48.083,252.451,1.0
107.3833,128.026759,37.840433,5065.6473744,115.518,48.08,252.437,1.0
107.4,128.026724,37.840425,5068.8721584,114.25,48.075,252.422,1.0
107.4166,128.026689,37.840418,5072.0935896,112.942,48.07,252.408,1.0
107.4333,128.026655,37.84041,5075.311668,111.597,48.064,252.394,1.0
107.45,128.02662,37.840402,5078.5266984,110.217,48.059,252.381,1.0
107.4666,128.026585,37.840394,5081.738376,108.805,48.052,252.367,1.0
107.4833,128.02655,37.840386,5084.947310400001,107.362,48.045,252.354,1.0
107.5,128.026516,37.840379,5088.153196800001,105.89,48.037,252.341,1.0
107.5166,128.026481,37.840371,5091.35634,104.39,48.028,252.328,1.0
107.5333,128.026446,37.840363,5094.5564352,102.876,48.023,252.317,1.0
107.55,128.026411,37.840356,5097.7537872,101.348,48.022,252.307,1.0
107.5666,128.026376,37.840348,5100.948700800001,99.805,48.024,252.298,1.0
107.5833,128.026341,37.840341,5104.1408712,98.246,48.026,252.29,1.0
107.6,128.026306,37.840333,5107.330908,96.671,48.028,252.282,1.0
107.6166,128.026271,37.840326,5110.5188112000005,95.08,48.03,252.274,1.0
107.6333,128.026236,37.840318,5113.704276,93.476,48.031,252.265,1.0
107.65,128.026201,37.840311,5116.887912,91.861,48.032,252.257,1.0
107.6666,128.026166,37.840304,5120.069414400001,90.235,48.032,252.248,1.0
107.6833,128.026131,37.840296,5123.2490880000005,88.601,48.031,252.238,1.0
107.7,128.026096,37.840289,5126.426932800001,86.959,48.029,252.229,1.0
107.7166,128.026061,37.840282,5129.6032536,85.311,48.026,252.219,1.0
107.7333,128.026026,37.840275,5132.7780504,83.662,48.022,252.213,1.0
107.75,128.025991,37.840268,5135.9513232,82.014,48.019,252.211,1.0
107.7666,128.025956,37.84026,5139.1233768,80.367,48.015,252.213,1.0
107.7833,128.025921,37.840253,5142.294211200001,78.722,48.01,252.216,1.0
107.8,128.025885,37.840246,5145.4638264000005,77.078,48.005,252.22,1.0
107.8166,128.02585,37.840239,5148.6325272,75.435,47.999,252.226,1.0
107.8333,128.025815,37.840233,5151.800313600001,73.811,47.996,252.25,1.0
107.85,128.02578,37.840226,5154.9671856,72.21,47.999,252.301,1.0
107.8666,128.025745,37.840219,5158.133448,70.631,48.006,252.374,1.0
107.8833,128.02571,37.840212,5161.299100800001,69.067,48.017,252.461,1.0
107.9,128.025675,37.840205,5164.4647536,67.517,48.031,252.559,1.0
107.9166,128.02564,37.840199,5167.629796800001,65.979,48.048,252.662,1.0
107.9333,128.025605,37.840192,5170.7951448,64.462,48.071,252.784,1.0
107.95,128.02557,37.840186,5173.960492800001,62.967,48.101,252.923,1.0
107.9666,128.025535,37.840179,5177.1258408,61.489,48.137,253.073,1.0
107.9833,128.0255,37.840173,5180.2917984,60.025,48.178,253.231,1.0
108.0,128.025465,37.840166,5183.458670400001,58.574,48.222,253.392,1.0
108.0166,128.02543,37.84016,5186.625847200001,57.135,48.27,253.555,1.0
108.0333,128.025395,37.840153,5189.7942432,55.699,48.317,253.71,1.0
108.05,128.02536,37.840147,5192.9638584,54.267,48.364,253.857,1.0
108.0666,128.025325,37.840141,5196.134692800001,52.84,48.41,253.997,1.0
108.0833,128.02529,37.840135,5199.3067464000005,51.417,48.457,254.13,1.0
108.1,128.025255,37.840129,5202.480628800001,50.0,48.505,254.26,1.0
108.1166,128.02522,37.840123,5205.6563400000005,48.589,48.554,254.385,1.0
108.1333,128.025185,37.840117,5208.83388,47.177,48.601,254.5,1.0
108.15,128.02515,37.840111,5212.0132488,45.764,48.645,254.606,1.0
108.1666,128.025115,37.840105,5215.1950560000005,44.351,48.688,254.704,1.0
108.1833,128.02508,37.840099,5218.378692,42.937,48.731,254.795,1.0
108.2,128.025046,37.840094,5221.5650712,41.522,48.773,254.882,1.0
108.2166,128.025011,37.840088,5224.7538888,40.106,48.815,254.963,1.0
108.2333,128.024976,37.840082,5227.9454496,38.689,48.857,255.041,1.0
108.25,128.024942,37.840077,5231.1394488,37.271,48.9,255.116,1.0
108.2666,128.024907,37.840071,5234.336496000001,35.849,48.944,255.186,1.0
108.2833,128.024873,37.840066,5237.536591200001,34.424,48.989,255.254,1.0
108.3,128.024838,37.84006,5240.7397344,32.996,49.034,255.318,1.0
108.3166,128.024804,37.840055,5243.9459256,31.563,49.079,255.379,1.0
108.3333,128.024769,37.840049,5247.1551648,30.126,49.127,255.439,1.0
108.35,128.024735,37.840044,5250.3680616,28.684,49.177,255.496,1.0
108.3666,128.024701,37.840039,5253.584311200001,27.237,49.228,255.551,1.0
108.3833,128.024666,37.840034,5256.8042184000005,25.784,49.281,255.604,1.0
108.4,128.024632,37.840029,5260.0274784,24.323,49.335,255.653,1.0
108.4166,128.024598,37.840023,5263.2547008,22.855,49.389,255.699,1.0
108.4333,128.024564,37.840018,5266.4855808,21.379,49.445,255.743,1.0
108.45,128.02453,37.840013,5269.7204232,19.894,49.502,255.783,1.0
108.4666,128.024496,37.840008,5272.958923200001,18.401,49.56,255.821,1.0
108.4833,128.024462,37.840003,5276.2016904,16.897,49.619,255.855,1.0
108.5,128.024429,37.839998,5279.448420000001,15.384,49.678,255.885,1.0
108.5166,128.024395,37.839993,5282.699112,13.859,49.737,255.912,1.0
108.5333,128.024361,37.839988,5285.9540712,12.324,49.797,255.936,1.0
108.55,128.024328,37.839984,5289.2129928,10.777,49.857,255.955,1.0
108.5666,128.024294,37.839979,5292.4764864,9.218,49.917,255.971,1.0
108.5833,128.024261,37.839974,5295.7439424,7.646,49.977,255.982,1.0
108.6,128.024227,37.839969,5299.015970400001,6.062,50.037,255.99,1.0
108.6166,128.024194,37.839964,5302.291960800001,4.464,50.097,255.994,1.0
108.6333,128.024161,37.83996,5305.5725232,2.852,50.156,255.994,1.0
108.65,128.024128,37.839955,5308.857048,1.227,50.215,255.99,1.0
108.6666,128.024094,37.83995,5312.1461448,-0.411,50.273,255.982,1.0
108.6833,128.024061,37.839945,5315.4398136,-2.065,50.331,255.97,1.0
108.7,128.024029,37.839941,5318.7374448,-3.734,50.388,255.954,1.0
108.7166,128.023996,37.839936,5322.0393432,-5.419,50.444,255.934,1.0
108.7333,128.023963,37.839931,5325.3458136,-7.118,50.499,255.911,1.0
108.75,128.02393,37.839926,5328.656246400001,-8.833,50.553,255.883,1.0
108.7666,128.023898,37.839922,5331.970946400001,-10.564,50.605,255.852,1.0
108.7833,128.023865,37.839917,5335.289913600001,-12.311,50.656,255.816,1.0
108.8,128.023833,37.839912,5338.6128432,-14.074,50.706,255.777,1.0
108.8166,128.0238,37.839907,5341.9397352,-15.854,50.755,255.735,1.0
108.8333,128.023768,37.839903,5345.2708944,-17.65,50.801,255.689,1.0
108.85,128.023736,37.839898,5348.605711200001,-19.462,50.844,255.64,1.0
108.8666,128.023704,37.839893,5351.9444904,-21.29,50.885,255.588,1.0
108.8833,128.023672,37.839888,5355.2869272,-23.136,50.923,255.533,1.0
108.9,128.02364,37.839883,5358.6330216,-24.998,50.96,255.475,1.0
108.9166,128.023608,37.839879,5361.982773600001,-26.877,50.995,255.414,1.0
108.9333,128.023576,37.839874,5365.3358784,-28.773,51.028,255.35,1.0
108.95,128.023545,37.839869,5368.692336,-30.685,51.058,255.285,1.0
108.9666,128.023513,37.839864,5372.0518416,-32.615,51.085,255.216,1.0
108.9833,128.023482,37.839859,5375.4143952,-34.561,51.111,255.146,1.0
109.0,128.02345,37.839854,5378.779996800001,-36.525,51.134,255.073,1.0
109.0166,128.023419,37.839849,5382.1483416,-38.505,51.155,254.997,1.0
109.0333,128.023388,37.839844,5385.519124800001,-40.503,51.174,254.919,1.0
109.05,128.023356,37.839838,5388.892651200001,-42.518,51.191,254.839,1.0
109.0666,128.023325,37.839833,5392.2683112,-44.551,51.207,254.756,1.0
109.0833,128.023294,37.839828,5395.6461048,-46.601,51.22,254.671,1.0
109.1,128.023263,37.839823,5399.026032000001,-48.667,51.231,254.584,1.0
109.1166,128.023232,37.839817,5402.407483200001,-50.751,51.24,254.495,1.0
109.1333,128.023201,37.839812,5405.790763200001,-52.85,51.246,254.406,1.0
109.15,128.02317,37.839806,5409.1752624,-54.965,51.249,254.316,1.0
109.1666,128.02314,37.839801,5412.5612856,-57.095,51.249,254.226,1.0
109.1833,128.023109,37.839795,5415.9482232,-59.241,51.246,254.136,1.0
109.2,128.023078,37.83979,5419.335770400001,-61.402,51.241,254.045,1.0
109.2166,128.023048,37.839784,5422.7242320000005,-63.579,51.233,253.953,1.0
109.2333,128.023017,37.839778,5426.1129984,-65.767,51.222,253.866,1.0
109.25,128.022987,37.839772,5429.502069600001,-67.967,51.206,253.782,1.0
109.2666,128.022956,37.839766,5432.8911408,-70.179,51.188,253.702,1.0
109.2833,128.022926,37.83976,5436.2799072,-72.405,51.167,253.624,1.0
109.3,128.022896,37.839754,5439.6683688,-74.643,51.143,253.548,1.0
109.3166,128.022865,37.839748,5443.055915999999,-76.894,51.117,253.473,1.0
109.3333,128.022835,37.839742,5446.4425488,-78.981,51.106,253.413,1.0
109.35,128.022805,37.839736,5449.8279624,-80.906,51.111,253.367,1.0
109.3666,128.022775,37.839729,5453.2124616,-82.681,51.125,253.329,1.0
109.3833,128.022744,37.839723,5456.5957416,-84.322,51.143,253.296,1.0
109.4,128.022714,37.839717,5459.9784119999995,-85.845,51.158,253.265,1.0
109.4166,128.022684,37.83971,5463.3595584,-87.266,51.17,253.235,1.0
109.4333,128.022654,37.839704,5466.7400952,-88.524,51.184,253.211,1.0
109.45,128.022624,37.839697,5470.119108,-89.627,51.202,253.194,1.0
109.4666,128.022593,37.839691,5473.497511200001,-90.581,51.222,253.181,1.0
109.4833,128.022563,37.839684,5476.875,-91.398,51.242,253.17,1.0
109.5,128.022533,37.839678,5480.251879200001,-92.095,51.26,253.161,1.0
109.5166,128.022503,37.839671,5483.6284536,-92.692,51.274,253.152,1.0
109.5333,128.022473,37.839665,5487.0038088,-93.228,51.281,253.124,1.0
109.55,128.022442,37.839658,5490.3782496,-93.731,51.281,253.063,1.0
109.5666,128.022412,37.839652,5493.751776,-94.208,51.274,252.974,1.0
109.5833,128.022382,37.839645,5497.124388000001,-94.663,51.261,252.864,1.0
109.6,128.022352,37.839638,5500.4957808,-95.099,51.243,252.74,1.0
109.6166,128.022321,37.839632,5503.8656496,-95.52,51.221,252.607,1.0
109.6333,128.022291,37.839625,5507.234604,-95.927,51.196,252.485,1.0
109.65,128.022261,37.839618,5510.6017296,-96.312,51.168,252.391,1.0
109.6666,128.022231,37.839611,5513.967636,-96.674,51.14,252.326,1.0
109.6833,128.0222,37.839605,5517.3320184,-97.022,51.112,252.284,0.9994565243736172
109.7,128.02217,37.839598,5520.6948768,-97.36,51.083,252.259,0.9989111808079215
109.7166,128.02214,37.839591,5524.056211200001,-97.694,51.055,252.245,0.9983640143922189
109.7333,128.02211,37.839584,5527.4163264,-97.982,51.033,252.248,0.9978149812827664
109.75,128.022079,37.839577,5530.7752224000005,-98.226,51.016,252.266,0.997263867847095
109.7666,128.022049,37.83957,5534.1335088000005,-98.432,51.002,252.294,0.9967111306832839
109.7833,128.022019,37.839563,5537.490576,-98.605,50.991,252.331,0.9961563956177665
109.8,128.021988,37.839556,5540.846728800001,-98.749,50.98,252.372,0.995599621980039
109.8166,128.021958,37.839549,5544.2016624,-98.869,50.969,252.416,0.9950411043256973
109.8333,128.021928,37.839542,5547.5556816,-98.907,50.965,252.448,0.9944806350797484
109.85,128.021897,37.839535,5550.9087864,-98.866,50.967,252.467,0.9939181725357942
109.8666,128.021867,37.839528,5554.261891200001,-98.744,50.974,252.476,0.9933538464778185
109.8833,128.021837,37.839521,5557.6143864000005,-98.538,50.984,252.478,0.9927876234832885
109.9,128.021806,37.839514,5560.9668816,-98.248,50.994,252.476,0.992219299671281
109.9166,128.021776,37.839507,5564.3193768,-97.876,51.004,252.471,0.992219299671281
109.9333,128.021745,37.8395,5567.671872,-97.438,51.013,252.445,0.992219299671281
109.95,128.021715,37.839494,5571.0243672,-96.942,51.02,252.393,0.992219299671281
109.9666,128.021684,37.839487,5574.3762528,-96.393,51.025,252.32,0.992219299671281
109.9833,128.021654,37.83948,5577.728138400001,-95.796,51.026,252.234,0.992219299671281
110.0,128.021623,37.839473,5581.0794144,-95.156,51.025,252.138,0.992219299671281
110.0166,128.021593,37.839466,5584.4303856,-94.48,51.021,252.036,0.992219299671281
110.0333,128.021562,37.839459,5587.781052000001,-93.881,51.001,251.95,0.992219299671281
110.05,128.021532,37.839452,5591.1304992000005,-93.349,50.968,251.895,0.992219299671281
110.0666,128.021501,37.839445,5594.4793368,-92.883,50.927,251.873,0.992219299671281
110.0833,128.021471,37.839438,5597.8266504,-92.482,50.882,251.874,0.992219299671281
110.1,128.02144,37.839431,5601.1730496,-92.144,50.836,251.892,0.992219299671281
110.1166,128.021409,37.839424,5604.5179248,-91.865,50.792,251.922,0.992219299671281
110.1333,128.021379,37.839417,5607.861276,-91.646,50.75,251.959,0.992219299671281
110.15,128.021348,37.83941,5611.2031031999995,-91.48,50.71,252.002,0.992219299671281
110.1666,128.021318,37.839403,5614.5431016,-91.359,50.673,252.047,0.992219299671281
110.1833,128.021287,37.839396,5617.8821856,-91.276,50.639,252.095,0.992219299671281
110.2,128.021256,37.839388,5621.2194408000005,-91.225,50.607,252.144,0.992219299671281
110.2166,128.021226,37.839381,5624.5557816,-91.199,50.578,252.193,0.992219299671281
110.2333,128.021195,37.839374,5627.8899888,-91.212,50.549,252.243,0.992219299671281
110.25,128.021165,37.839367,5631.2232816000005,-91.26,50.521,252.291,0.992219299671281
110.2666,128.021134,37.839359,5634.5547456,-91.337,50.493,252.339,0.992219299671281
110.2833,128.021104,37.839352,5637.8849904,-91.439,50.467,252.387,0.992219299671281
110.3,128.021073,37.839344,5641.214016,-91.562,50.442,252.434,0.992219299671281
110.3166,128.021042,37.839337,5644.541517600001,-91.704,50.418,252.48,0.992219299671281
110.3333,128.021012,37.83933,5647.8674952,-91.768,50.406,252.515,0.992219299671281
110.35,128.020981,37.839322,5651.1925584,-91.759,50.407,252.54,0.992219299671281
110.3666,128.020951,37.839315,5654.5167071999995,-91.67,50.416,252.557,0.992219299671281
110.3833,128.02092,37.839307,5657.8399416,-91.499,50.43,252.568,0.992219299671281
110.4,128.020889,37.8393,5661.1628712,-91.244,50.446,252.576,0.992219299671281
110.4166,128.020859,37.839292,5664.4851912,-90.906,50.463,252.581,0.992219299671281
110.4333,128.020828,37.839285,5667.806901600001,-90.498,50.483,252.574,0.992219299671281
110.45,128.020797,37.839277,5671.1286119999995,-90.023,50.506,252.557,0.992219299671281
110.4666,128.020766,37.83927,5674.4497128,-89.48,50.529,252.532,0.992219299671281
110.4833,128.020736,37.839263,5677.7708136,-88.869,50.554,252.502,0.992219299671281
110.5,128.020705,37.839255,5681.091914400001,-88.192,50.578,252.468,0.992219299671281
110.5166,128.020674,37.839248,5684.412405600001,-87.449,50.603,252.433,0.992219299671281
110.5333,128.020643,37.839241,5687.7328968,-86.635,50.627,252.408,0.992219299671281
110.55,128.020612,37.839233,5691.0530832,-85.751,50.65,252.396,0.992219299671281
110.5666,128.020581,37.839226,5694.372964800001,-84.803,50.672,252.392,0.992219299671281
110.5833,128.02055,37.839219,5697.6925416,-83.793,50.694,252.396,0.992219299671281
110.6,128.020519,37.839212,5701.0115088,-82.727,50.714,252.406,0.992219299671281
110.6166,128.020488,37.839204,5704.330476,-81.606,50.734,252.419,0.992219299671281
110.6333,128.020457,37.839197,5707.648833600001,-80.433,50.752,252.439,0.992219299671281
110.65,128.020426,37.83919,5710.966581600001,-79.209,50.769,252.464,0.992219299671281
110.6666,128.020395,37.839183,5714.28372,-77.938,50.785,252.493,0.992219299671281
110.6833,128.020364,37.839176,5717.6005536,-76.622,50.8,252.526,0.992219299671281
110.7,128.020333,37.839168,5720.9167776,-75.263,50.813,252.562,0.992219299671281
110.7166,128.020302,37.839161,5724.232392000001,-73.863,50.825,252.599,0.992219299671281
110.7333,128.02027,37.839154,5727.547396800001,-72.437,50.839,252.624,0.992219299671281
110.75,128.020239,37.839147,5730.861792000001,-70.985,50.855,252.635,0.992219299671281
110.7666,128.020208,37.83914,5734.1752728,-69.506,50.872,252.636,0.992219299671281
110.7833,128.020177,37.839133,5737.488144,-68.003,50.89,252.631,0.992219299671281
110.8,128.020145,37.839126,5740.800405600001,-66.478,50.907,252.622,0.992219299671281
110.8166,128.020114,37.839118,5744.1120576,-64.935,50.925,252.61,0.992219299671281
110.8333,128.020083,37.839111,5747.423709600001,-63.557,50.93,252.57,0.992219299671281
110.85,128.020051,37.839104,5750.734752000001,-62.345,50.923,252.501,0.992219299671281
110.8666,128.02002,37.839097,5754.0451848,-61.283,50.91,252.413,0.992219299671281
110.8833,128.019989,37.83909,5757.3553128,-60.355,50.895,252.315,0.992219299671281
110.9,128.019957,37.839083,5760.6651360000005,-59.543,50.882,252.211,0.992219299671281
110.9166,128.019926,37.839076,5763.974959200001,-58.831,50.872,252.106,0.992219299671281
110.9333,128.019895,37.839068,5767.283563200001,-58.091,50.872,252.027,0.992219299671281
110.95,128.019863,37.839061,5770.5912528,-57.306,50.878,251.982,0.992219299671281
110.9666,128.019832,37.839054,5773.898942400001,-56.473,50.888,251.964,0.992219299671281
110.9833,128.0198,37.839047,5777.2057176,-55.596,50.9,251.964,0.992219299671281
111.0,128.019769,37.83904,5780.511578400001,-54.678,50.912,251.977,0.992219299671281
111.0166,128.019738,37.839032,5783.8171344,-53.722,50.924,251.997,0.992219299671281
111.0333,128.019706,37.839025,5787.1229952,-52.891,50.918,252.016,0.992219299671281
111.05,128.019675,37.839018,5790.428246400001,-52.182,50.893,252.029,0.992219299671281
111.0666,128.019643,37.839011,5793.733497600001,-51.591,50.857,252.041,0.992219299671281
111.0833,128.019612,37.839003,5797.038444,-51.105,50.814,252.053,0.992219299671281
111.1,128.01958,37.838996,5800.3436952,-50.714,50.769,252.068,0.992219299671281
111.1166,128.019549,37.838989,5803.648946400001,-50.406,50.722,252.087,0.992219299671281
111.1333,128.019518,37.838981,5806.9532832,-50.034,50.694,252.113,0.992219299671281
111.15,128.019486,37.838974,5810.2573152,-49.601,50.683,252.146,0.992219299671281
111.1666,128.019455,37.838967,5813.561042400001,-49.103,50.685,252.183,0.992219299671281
111.1833,128.019423,37.838959,5816.8638552,-48.537,50.694,252.223,0.992219299671281
111.2,128.019392,37.838952,5820.1663632,-47.902,50.709,252.262,0.992219299671281
111.2166,128.019361,37.838945,5823.467652000001,-47.199,50.727,252.302,0.992219299671281
111.2333,128.019329,37.838937,5826.7680264,-46.44,50.754,252.327,0.992219299671281
111.25,128.019298,37.83893,5830.0674864,-45.633,50.796,252.329,0.992219299671281
111.2666,128.019266,37.838922,5833.366032,-44.776,50.849,252.314,0.992219299671281
111.2833,128.019234,37.838915,5836.663968,-43.868,50.911,252.287,0.992219299671281
111.3,128.019203,37.838908,5839.9609896,-42.908,50.978,252.25,0.992219299671281
111.3166,128.019171,37.8389,5843.257096800001,-41.895,51.049,252.209,0.992219299671281
111.3333,128.01914,37.838893,5846.553508800001,-40.914,51.108,252.165,0.992219299671281
111.35,128.019108,37.838886,5849.849006400001,-39.962,51.148,252.129,0.992219299671281
111.3666,128.019076,37.838878,5853.144504,-39.035,51.165,252.11,0.992219299671281
111.3833,128.019045,37.838871,5856.440001600001,-38.132,51.164,252.106,0.992219299671281
111.4,128.019013,37.838864,5859.735804,-37.254,51.151,252.115,0.992219299671281
111.4166,128.018982,37.838856,5863.032216,-36.399,51.13,252.135,0.992219299671281
111.4333,128.01895,37.838849,5866.329237600001,-35.662,51.097,252.15,0.992219299671281
111.45,128.018918,37.838841,5869.627173600001,-35.04,51.056,252.159,0.992219299671281
111.4666,128.018887,37.838834,5872.926024,-34.519,51.009,252.164,0.992219299671281
111.4833,128.018855,37.838826,5876.2260936,-34.087,50.96,252.17,0.992219299671281
111.5,128.018824,37.838819,5879.5273824000005,-33.732,50.91,252.178,0.992219299671281
111.5166,128.018792,37.838811,5882.8301952,-33.443,50.86,252.189,0.992219299671281
111.5333,128.018761,37.838804,5886.1333128,-33.087,50.829,252.21,0.992219299671281
111.55,128.01873,37.838796,5889.43704,-32.669,50.82,252.236,0.992219299671281
111.5666,128.018698,37.838789,5892.741376800001,-32.185,50.831,252.262,0.992219299671281
111.5833,128.018667,37.838781,5896.0460184,-31.639,50.854,252.287,0.992219299671281
111.6,128.018636,37.838774,5899.350964800001,-31.034,50.886,252.308,0.992219299671281
111.6166,128.018604,37.838766,5902.655606400001,-30.378,50.923,252.326,0.992219299671281
111.6333,128.018573,37.838758,5905.961772000001,-29.745,50.972,252.32,0.992219299671281
111.65,128.018542,37.838751,5909.2685472,-29.145,51.037,252.288,0.992219299671281
111.6666,128.018511,37.838743,5912.5762368000005,-28.574,51.114,252.236,0.992219299671281
111.6833,128.018479,37.838736,5915.8848408,-28.029,51.2,252.17,0.992219299671281
111.7,128.018448,37.838728,5919.194359200001,-27.507,51.293,252.096,0.992219299671281
111.7166,128.018417,37.83872,5922.504792000001,-27.003,51.391,252.018,0.992219299671281
111.7333,128.018386,37.838713,5925.8167488,-26.579,51.48,251.934,0.992219299671281
111.75,128.018355,37.838705,5929.130229599999,-26.225,51.551,251.855,0.992219299671281
111.7666,128.018324,37.838697,5932.444929599999,-25.925,51.595,251.791,0.992219299671281
111.7833,128.018293,37.83869,5935.7614584,-25.672,51.613,251.747,0.992219299671281
111.8,128.018262,37.838682,5939.0798159999995,-25.459,51.611,251.719,0.992219299671281
111.8166,128.018231,37.838674,5942.399088000001,-25.283,51.596,251.705,0.992219299671281
111.8333,128.0182,37.838667,5945.7201888,-25.144,51.572,251.7,0.992219299671281
111.85,128.018169,37.838659,5949.0425088,-25.037,51.541,251.704,0.992219299671281
111.8666,128.018138,37.838651,5952.366048,-24.958,51.506,251.713,0.992219299671281
111.8833,128.018107,37.838643,5955.690806400001,-24.902,51.468,251.728,0.992219299671281
111.9,128.018076,37.838636,5959.016174400001,-24.865,51.43,251.747,0.992219299671281
111.9166,128.018046,37.838628,5962.3427616,-24.845,51.39,251.768,0.992219299671281
111.9333,128.018015,37.83862,5965.670263200001,-24.842,51.351,251.791,0.992219299671281
111.95,128.017984,37.838612,5968.998374400001,-24.853,51.311,251.816,0.992219299671281
111.9666,128.017953,37.838604,5972.3274,-24.878,51.272,251.842,0.992219299671281
111.9833,128.017923,37.838597,5975.6570352,-24.913,51.233,251.868,0.992219299671281
112.0,128.017892,37.838589,5978.98728,-24.957,51.195,251.895,0.992219299671281
112.0166,128.017861,37.838581,5982.3181343999995,-25.008,51.158,251.923,0.992219299671281
112.0333,128.017831,37.838573,5985.6492935999995,-25.062,51.121,251.951,0.992219299671281
112.05,128.0178,37.838565,5988.9807576,-25.119,51.085,251.98,0.992219299671281
112.0666,128.017769,37.838557,5992.3128312,-25.178,51.05,252.009,0.992219299671281
112.0833,128.017739,37.83855,5995.6449048,-25.238,51.015,252.038,0.992219299671281
112.1,128.017708,37.838542,5998.977283200001,-25.299,50.982,252.067,0.992219299671281
112.1166,128.017678,37.838534,6002.3102712,-25.362,50.948,252.096,0.992219299671281
112.1333,128.017647,37.838526,6005.6423448000005,-25.332,50.921,252.137,0.992219299671281
112.15,128.017617,37.838518,6008.9741136,-25.213,50.899,252.189,0.992219299671281
112.1666,128.017586,37.83851,6012.3052728,-25.006,50.88,252.25,0.992219299671281
112.1833,128.017555,37.838502,6015.6355176,-24.714,50.864,252.314,0.992219299671281
112.2,128.017525,37.838495,6018.964848,-24.338,50.85,252.381,0.992219299671281
112.2166,128.017494,37.838487,6022.2926544,-23.882,50.837,252.449,0.992219299671281
112.2333,128.017463,37.838479,6025.620460800001,-23.452,50.83,252.495,0.992219299671281
112.25,128.017433,37.838471,6028.9479624,-23.064,50.842,252.51,0.992219299671281
112.2666,128.017402,37.838463,6032.275464,-22.724,50.882,252.493,0.992219299671281
112.2833,128.017371,37.838455,6035.603270400001,-22.427,50.946,252.45,0.992219299671281
112.3,128.017341,37.838447,6038.9316864,-22.167,51.029,252.391,0.992219299671281
112.3166,128.01731,37.838439,6042.2610168,-21.939,51.126,252.321,0.992219299671281
112.3333,128.017279,37.838431,6045.5915663999995,-21.772,51.223,252.242,0.992219299671281
112.35,128.017249,37.838423,6048.9230304,-21.658,51.312,252.163,0.992219299671281
112.3666,128.017218,37.838416,6052.2563232,-21.587,51.389,252.089,0.992219299671281
112.3833,128.017188,37.838408,6055.5905304,-21.555,51.456,252.019,0.992219299671281
112.4,128.017157,37.8384,6058.925652000001,-21.555,51.516,251.956,0.992219299671281
112.4166,128.017127,37.838392,6062.2619928,-21.583,51.571,251.898,0.992219299671281
112.4333,128.017097,37.838384,6065.598638400001,-21.62,51.611,251.853,0.992219299671281
112.45,128.017066,37.838376,6068.9358936,-21.658,51.631,251.826,0.992219299671281
112.4666,128.017036,37.838368,6072.2734536,-21.698,51.635,251.812,0.992219299671281
112.4833,128.017005,37.83836,6075.611928,-21.737,51.628,251.808,0.992219299671281
112.5,128.016975,37.838352,6078.9507072,-21.778,51.612,251.812,0.992219299671281
112.5166,128.016945,37.838344,6082.290096000001,-21.819,51.59,251.821,0.992219299671281
112.5333,128.016914,37.838336,6085.6300944,-21.866,51.563,251.834,0.992219299671281
112.55,128.016884,37.838328,6088.970397600001,-21.917,51.534,251.848,0.992219299671281
112.5666,128.016854,37.83832,6092.3113104,-21.974,51.502,251.864,0.992219299671281
112.5833,128.016824,37.838312,6095.6528328,-22.035,51.469,251.882,0.992219299671281
112.6,128.016793,37.838304,6098.9943552,-22.099,51.435,251.9,0.992219299671281
112.6166,128.016763,37.838296,6102.3364872,-22.167,51.401,251.918,0.992219299671281
112.6333,128.016733,37.838288,6105.679838400001,-22.334,51.361,251.914,0.992219299671281
112.65,128.016703,37.83828,6109.0237992,-22.595,51.315,251.887,0.992219299671281
112.6666,128.016672,37.838272,6112.3689792000005,-22.952,51.265,251.844,0.992219299671281
112.6833,128.016642,37.838264,6115.7153784,-23.401,51.213,251.79,0.992219299671281
112.7,128.016612,37.838256,6119.063301600001,-23.94,51.159,251.731,0.992219299671281
112.7166,128.016582,37.838248,6122.4127488,-24.567,51.105,251.669,0.992219299671281
112.7333,128.016552,37.83824,6125.763720000001,-25.279,51.051,251.605,0.992219299671281
112.75,128.016522,37.838232,6129.1165200000005,-26.073,50.997,251.541,0.992219299671281
112.7666,128.016492,37.838224,6132.4711488,-26.944,50.944,251.478,0.992219299671281
112.7833,128.016463,37.838215,6135.8273016,-27.89,50.891,251.417,0.992219299671281
112.8,128.016433,37.838207,6139.184978400001,-28.908,50.839,251.357,0.992219299671281
112.8166,128.016403,37.838199,6142.544179200001,-29.993,50.787,251.299,0.992219299671281
112.8333,128.016373,37.838191,6145.9045992,-31.142,50.736,251.243,0.992219299671281
112.85,128.016344,37.838183,6149.266543199999,-32.354,50.686,251.189,0.992219299671281
112.8666,128.016314,37.838175,6152.6290968,-33.624,50.636,251.138,0.9914346414711265
112.8833,128.016285,37.838167,6155.9931744000005,-34.95,50.586,251.089,0.9906495352385772
112.9,128.016255,37.838158,6159.3578615999995,-36.33,50.537,251.042,0.9898634929157555
112.9166,128.016226,37.83815,6162.7231584,-37.76,50.489,250.998,0.989077079039257
112.9333,128.016197,37.838142,6166.0893696,-39.239,50.44,250.956,0.9882898012406465
112.95,128.016167,37.838134,6169.4561904,-40.765,50.393,250.917,0.9875017041077673
112.9666,128.016138,37.838125,6172.823316,-42.334,50.345,250.88,0.9867130910210377
112.9833,128.016109,37.838117,6176.1907464000005,-43.945,50.298,250.846,0.9859234764088388
113.0,128.01608,37.838109,6179.5584816,-45.596,50.251,250.815,0.9851331676132226
113.0166,128.01605,37.8381,6182.9262168,-47.284,50.205,250.786,0.9843419437118349
113.0333,128.016021,37.838092,6186.293952000001,-49.008,50.159,250.76,0.9835503781088448
113.05,128.015992,37.838083,6189.661382400001,-50.766,50.113,250.736,0.9827579743045812
113.0666,128.015963,37.838075,6193.0288128,-52.556,50.068,250.715,0.9819648586253048
113.0833,128.015934,37.838066,6196.395633600001,-54.375,50.023,250.697,0.9811708763008641
113.1,128.015905,37.838058,6199.7621496,-56.223,49.979,250.681,0.9803762446875062
113.1166,128.015876,37.838049,6203.1280560000005,-58.098,49.936,250.669,0.9795808997861586
113.1333,128.015847,37.838041,6206.493048,-60.008,49.898,250.644,0.9787848686329761
113.15,128.015819,37.838032,6209.8571256,-61.963,49.871,250.594,0.9779881713774986
113.1666,128.01579,37.838023,6213.2205936,-63.966,49.856,250.512,0.97719029280511
113.1833,128.015761,37.838015,6216.582842400001,-66.012,49.85,250.404,0.9763918808839376
113.2,128.015732,37.838006,6219.943872,-68.093,49.848,250.276,0.9755924920087167
113.2166,128.015703,37.837997,6223.303987200001,-70.203,49.85,250.134,0.9747925935586056
113.2333,128.015675,37.837988,6226.662578400001,-72.352,49.858,249.961,0.9739919276737167
113.25,128.015646,37.837979,6230.0199504,-74.552,49.873,249.741,0.9731904152344489
113.2666,128.015617,37.837971,6233.3757984,-76.804,49.893,249.468,0.9723881666484682
113.2833,128.015589,37.837962,6236.7298176,-79.1,49.916,249.151,0.9715850061029098
113.3,128.01556,37.837953,6240.0823128,-81.43,49.937,248.801,0.9707808695800932
113.3166,128.015532,37.837944,6243.433284000001,-83.786,49.953,248.424,0.9699759481278493
113.3333,128.015503,37.837934,6246.7821216,-86.178,49.965,248.005,0.9691700879895501
113.35,128.015475,37.837925,6250.1288256,-88.618,49.97,247.527,0.9683635664119922
113.3666,128.015446,37.837916,6253.473396,-91.104,49.965,246.988,0.9675560275126204
113.3833,128.015418,37.837907,6256.8152232,-93.627,49.946,246.399,0.9667478431000905
113.4,128.01539,37.837897,6260.1549168,-96.175,49.911,245.776,0.965938648513388
113.4166,128.015361,37.837888,6263.4915624,-98.738,49.859,245.13,0.9651286373380289
113.4333,128.015333,37.837878,6266.82516,-101.325,49.786,244.449,0.9651286373380289
113.45,128.015305,37.837868,6270.155404800001,-103.936,49.687,243.731,0.9651286373380289
113.4666,128.015276,37.837859,6273.481992000001,-106.562,49.564,242.991,0.9651286373380289
113.4833,128.015248,37.837849,6276.8046168,-109.191,49.416,242.242,0.9651286373380289
113.5,128.01522,37.837839,6280.122974400001,-111.815,49.243,241.497,0.9651286373380289
113.5166,128.015192,37.837829,6283.4370648,-114.428,49.048,240.765,0.9651286373380289
113.5333,128.015164,37.837819,6286.745973600001,-117.025,48.831,240.052,0.9651286373380289
113.55,128.015135,37.837809,6290.050005600001,-119.602,48.594,239.363,0.9651286373380289
113.5666,128.015107,37.837798,6293.348246400001,-122.16,48.337,238.702,0.9651286373380289
113.5833,128.015079,37.837788,6296.640696,-124.695,48.063,238.072,0.9651286373380289
113.6,128.015051,37.837777,6299.9270496,-127.209,47.773,237.475,0.9651286373380289
113.6166,128.015023,37.837766,6303.206392800001,-129.701,47.467,236.912,0.9651286373380289
113.6333,128.014995,37.837756,6306.4793352,-132.045,47.161,236.368,0.9651286373380289
113.65,128.014966,37.837745,6309.745572,-134.243,46.855,235.841,0.9651286373380289
113.6666,128.014938,37.837734,6313.005408,-136.302,46.546,235.338,0.9651286373380289
113.6833,128.01491,37.837723,6316.2585384,-138.231,46.231,234.86,0.9651286373380289
113.7,128.014882,37.837712,6319.505268,-140.039,45.91,234.412,0.9651286373380289
113.7166,128.014854,37.8377,6322.7455968,-141.738,45.582,233.992,0.9651286373380289
113.7333,128.014826,37.837689,6325.979524800001,-143.288,45.251,233.595,0.9651286373380289
113.75,128.014797,37.837678,6329.207052000001,-144.698,44.919,233.218,0.9651286373380289
113.7666,128.014769,37.837666,6332.4284832,-145.971,44.584,232.861,0.9651286373380289
113.7833,128.014741,37.837654,6335.643818400001,-147.115,44.248,232.525,0.9651286373380289
113.8,128.014712,37.837643,6338.8533624,-148.145,43.909,232.21,0.9651286373380289
113.8166,128.014684,37.837631,6342.057115200001,-149.072,43.569,231.917,0.9651286373380289
113.8333,128.014656,37.837619,6345.2550768,-149.896,43.227,231.642,0.9651286373380289
113.85,128.014627,37.837607,6348.447856800001,-150.628,42.885,231.385,0.9651286373380289
113.8666,128.014599,37.837595,6351.6351504,-151.28,42.544,231.146,0.9651286373380289
113.8833,128.014571,37.837583,6354.815738400001,-151.861,42.203,230.923,0.9651286373380289
113.9,128.014542,37.837571,6357.9896208,-152.38,41.862,230.716,0.9651286373380289
113.9166,128.014514,37.837559,6361.156188000001,-152.846,41.524,230.524,0.9651286373380289
113.9333,128.014485,37.837547,6364.3160496,-153.263,41.187,230.345,0.9651286373380289
113.95,128.014457,37.837534,6367.4679864,-153.636,40.853,230.178,0.9651286373380289
113.9666,128.014428,37.837522,6370.6123032,-153.973,40.522,230.022,0.9651286373380289
113.9833,128.014399,37.837509,6373.7486952,-154.278,40.194,229.877,0.9651286373380289
114.0,128.014371,37.837497,6376.876552799999,-154.555,39.869,229.74,0.9651286373380289
114.0166,128.014342,37.837484,6379.995876,-154.808,39.547,229.612,0.9651286373380289
114.0333,128.014313,37.837471,6383.1072744,-155.036,39.228,229.49,0.9651286373380289
114.05,128.014285,37.837459,6386.209528800001,-155.243,38.911,229.374,0.9651286373380289
114.0666,128.014256,37.837446,6389.3026392,-155.43,38.598,229.264,0.9651286373380289
114.0833,128.014227,37.837433,6392.3869104000005,-155.6,38.287,229.158,0.9651286373380289
114.1,128.014198,37.837419,6395.4617328,-155.755,37.978,229.056,0.9651286373380289
114.1166,128.014169,37.837406,6398.527106400001,-155.896,37.672,228.958,0.9651286373380289
114.1333,128.01414,37.837393,6401.583336000001,-156.022,37.368,228.863,0.9651286373380289
114.15,128.014111,37.837379,6404.6295072,-156.134,37.067,228.77,0.9651286373380289
114.1666,128.014082,37.837366,6407.6662295999995,-156.235,36.768,228.68,0.9651286373380289
114.1833,128.014053,37.837352,6410.6925888,-156.324,36.47,228.592,0.9651286373380289
114.2,128.014024,37.837339,6413.7088896,-156.404,36.175,228.507,0.9651286373380289
114.2166,128.013995,37.837325,6416.715132,-156.473,35.882,228.423,0.9651286373380289
114.2333,128.013966,37.837311,6419.711316,-156.533,35.591,228.34,0.9651286373380289
114.25,128.013937,37.837297,6422.696527200001,-156.585,35.301,228.259,0.9651286373380289
114.2666,128.013908,37.837283,6425.6716799999995,-156.628,35.014,228.179,0.9651286373380289
114.2833,128.013879,37.837269,6428.63586,-156.663,34.728,228.1,0.9651286373380289
114.3,128.013849,37.837255,6431.589372,-156.692,34.444,228.022,0.9651286373380289
114.3166,128.01382,37.83724,6434.531911200001,-156.714,34.162,227.945,0.9651286373380289
114.3333,128.013791,37.837226,6437.4634776,-156.73,33.881,227.868,0.9651286373380289
114.35,128.013761,37.837211,6440.3837664,-156.741,33.601,227.791,0.9651286373380289
114.3666,128.013732,37.837197,6443.2930824000005,-156.746,33.323,227.715,0.9651286373380289
114.3833,128.013702,37.837182,6446.1911208,-156.747,33.047,227.64,0.9651286373380289
114.4,128.013673,37.837167,6449.0778816,-156.743,32.772,227.564,0.9651286373380289
114.4166,128.013643,37.837152,6451.952755200001,-156.735,32.498,227.488,0.9651286373380289
114.4333,128.013614,37.837137,6454.816351200001,-156.724,32.225,227.413,0.9651286373380289
114.45,128.013584,37.837122,6457.668364800001,-156.71,31.953,227.338,0.9651286373380289
114.4666,128.013555,37.837107,6460.5084912,-156.693,31.683,227.262,0.9651286373380289
114.4833,128.013525,37.837091,6463.3367304,-156.674,31.413,227.187,0.9651286373380289
114.5,128.013495,37.837076,6466.1530824,-156.652,31.145,227.111,0.9651286373380289
114.5166,128.013466,37.837061,6468.957547200001,-156.627,30.877,227.035,0.9651286373380289
114.5333,128.013436,37.837045,6471.749515200001,-156.602,30.61,226.958,0.9651286373380289
114.55,128.013406,37.837029,6474.529596,-156.575,30.345,226.882,0.9651286373380289
114.5666,128.013376,37.837014,6477.2974848,-156.546,30.08,226.805,0.9651286373380289
114.5833,128.013347,37.836998,6480.0531816,-156.517,29.815,226.728,0.9651286373380289
114.6,128.013317,37.836982,6482.7963816,-156.487,29.552,226.65,0.9651286373380289
114.6166,128.013287,37.836966,6485.5270848,-156.456,29.289,226.572,0.9651286373380289
114.6333,128.013257,37.836949,6488.245291200001,-156.425,29.027,226.493,0.9651286373380289
114.65,128.013227,37.836933,6490.951000800001,-156.394,28.766,226.413,0.9651286373380289
114.6666,128.013197,37.836917,6493.643908800001,-156.364,28.505,226.333,0.9651286373380289
114.6833,128.013167,37.8369,6496.324320000001,-156.334,28.245,226.253,0.9651286373380289
114.7,128.013137,37.836884,6498.9919296,-156.303,27.987,226.172,0.9651286373380289
114.7166,128.013107,37.836867,6501.646737600001,-156.273,27.729,226.09,0.9651286373380289
114.7333,128.013077,37.83685,6504.2884392,-156.243,27.472,226.008,0.9651286373380289
114.75,128.013047,37.836834,6506.9173392,-156.213,27.217,225.926,0.9651286373380289
114.7666,128.013017,37.836817,6509.5331328,-156.185,26.963,225.843,0.9651286373380289
114.7833,128.012987,37.8368,6512.136124800001,-156.156,26.709,225.76,0.9651286373380289
114.8,128.012956,37.836782,6514.725705600001,-156.128,26.457,225.676,0.9651286373380289
114.8166,128.012926,37.836765,6517.3024848,-156.099,26.206,225.593,0.9651286373380289
114.8333,128.012896,37.836748,6519.8658528,-156.072,25.956,225.508,0.9651286373380289
114.85,128.012866,37.836731,6522.4158096,-156.045,25.707,225.424,0.9651286373380289
114.8666,128.012836,37.836713,6524.952964800001,-156.019,25.459,225.339,0.9651286373380289
114.8833,128.012805,37.836695,6527.476404,-155.993,25.212,225.253,0.9651286373380289
114.9,128.012775,37.836678,6529.986432000001,-155.968,24.966,225.168,0.9651286373380289
114.9166,128.012745,37.83666,6532.4833536,-155.942,24.721,225.082,0.9651286373380289
114.9333,128.012714,37.836642,6534.9665592,-155.918,24.476,224.995,0.9651286373380289
114.95,128.012684,37.836624,6537.4363536,-155.895,24.233,224.909,0.9651286373380289
114.9666,128.012654,37.836606,6539.8927368,-155.872,23.991,224.822,0.9651286373380289
114.9833,128.012623,37.836588,6542.335404,-155.85,23.749,224.734,0.9651286373380289
115.0,128.012593,37.83657,6544.764660000001,-155.829,23.508,224.647,0.9651286373380289
115.0166,128.012562,37.836551,6547.1798952,-155.807,23.268,224.559,0.9651286373380289
115.0333,128.012532,37.836533,6549.5817192,-155.787,23.029,224.471,0.9651286373380289
115.05,128.012501,37.836514,6551.9698272000005,-155.767,22.791,224.382,0.9651286373380289
115.0666,128.012471,37.836496,6554.3442192,-155.748,22.553,224.293,0.9651286373380289
115.0833,128.012441,37.836477,6556.7048952000005,-155.73,22.316,224.204,0.9651286373380289
115.1,128.01241,37.836458,6559.0515504,-155.712,22.08,224.115,0.9651286373380289
115.1166,128.01238,37.836439,6561.3844896,-155.694,21.844,224.025,0.9651286373380289
115.1333,128.012349,37.83642,6563.703408,-155.678,21.609,223.935,0.9651286373380289
115.15,128.012318,37.836401,6566.008610400001,-155.662,21.375,223.845,0.9651286373380289
115.1666,128.012288,37.836382,6568.299792000001,-155.647,21.141,223.754,0.9651286373380289
115.1833,128.012257,37.836363,6570.5772576,-155.632,20.908,223.664,0.9651286373380289
115.2,128.012227,37.836344,6572.8407024,-155.617,20.676,223.573,0.9651286373380289
115.2166,128.012196,37.836324,6575.0901264,-155.603,20.444,223.482,0.9651286373380289
115.2333,128.012166,37.836305,6577.325224800001,-155.592,20.213,223.389,0.9651286373380289
115.25,128.012135,37.836285,6579.5463024,-155.585,19.983,223.294,0.9651286373380289
115.2666,128.012104,37.836265,6581.753664000001,-155.58,19.755,223.199,0.9651286373380289
115.2833,128.012074,37.836246,6583.9467,-155.577,19.527,223.102,0.9651286373380289
115.3,128.012043,37.836226,6586.125715200001,-155.575,19.3,223.004,0.9651286373380289
115.3166,128.012012,37.836206,6588.290709600001,-155.572,19.073,222.906,0.9651286373380289
115.3333,128.011982,37.836186,6590.441378400001,-155.573,18.848,222.806,0.9651286373380289
115.35,128.011951,37.836166,6592.5777216,-155.576,18.624,222.704,0.9651286373380289
115.3666,128.01192,37.836145,6594.700044,-155.581,18.4,222.601,0.9651286373380289
115.3833,128.01189,37.836125,6596.8083456,-155.587,18.178,222.497,0.9651286373380289
115.4,128.011859,37.836105,6598.9023216000005,-155.592,17.956,222.393,0.9651286373380289
115.4166,128.011828,37.836084,6600.9819720000005,-155.596,17.734,222.288,0.9651286373380289
115.4333,128.011798,37.836064,6603.047601600001,-155.6,17.514,222.183,0.9651286373380289
115.45,128.011767,37.836043,6605.098905600001,-155.603,17.293,222.077,0.9651286373380289
115.4666,128.011736,37.836022,6607.135884000001,-155.606,17.073,221.971,0.9651286373380289
115.4833,128.011706,37.836002,6609.158536800001,-155.606,16.853,221.865,0.9651286373380289
115.5,128.011675,37.835981,6611.166864000001,-155.606,16.633,221.76,0.9651286373380289
115.5166,128.011644,37.83596,6613.160865600001,-155.604,16.414,221.654,0.9651286373380289
115.5333,128.011614,37.835939,6615.140541600001,-155.601,16.195,221.549,0.9651286373380289
115.55,128.011583,37.835918,6617.105587200001,-155.597,15.976,221.443,0.9651286373380289
115.5666,128.011552,37.835896,6619.056612,-155.591,15.758,221.338,0.9651286373380289
115.5833,128.011522,37.835875,6620.993006400001,-155.585,15.539,221.233,0.9651286373380289
115.6,128.011491,37.835854,6622.9150752,-155.577,15.321,221.128,0.9651286373380289
115.6166,128.01146,37.835832,6624.8225136,-155.569,15.103,221.023,0.9651286373380289
115.6333,128.01143,37.835811,6626.7153216,-155.559,14.885,220.919,0.9651286373380289
115.65,128.011399,37.835789,6628.593804,-155.549,14.667,220.814,0.9651286373380289
115.6666,128.011368,37.835768,6630.4579608,-155.538,14.45,220.71,0.9651286373380289
115.6833,128.011337,37.835746,6632.307487200001,-155.526,14.232,220.606,0.9651286373380289
115.7,128.011307,37.835724,6634.142383200001,-155.514,14.015,220.502,0.9651286373380289
115.7166,128.011276,37.835702,6635.9626488,-155.5,13.798,220.398,0.9651286373380289
115.7333,128.011245,37.83568,6637.768284000001,-155.486,13.581,220.295,0.9651286373380289
115.75,128.011215,37.835658,6639.5592888,-155.472,13.364,220.192,0.9651286373380289
115.7666,128.011184,37.835636,6641.335968,-155.457,13.148,220.088,0.9651286373380289
115.7833,128.011154,37.835613,6643.0980168,-155.442,12.931,219.985,0.9651286373380289
115.8,128.011123,37.835591,6644.8451304,-155.426,12.714,219.882,0.9651286373380289
115.8166,128.011092,37.835569,6646.5776136,-155.409,12.498,219.779,0.9651286373380289
115.8333,128.011062,37.835546,6648.2957712,-155.392,12.282,219.677,0.9651286373380289
115.85,128.011031,37.835524,6649.9989936,-155.375,12.066,219.574,0.9651286373380289
115.8666,128.011001,37.835501,6651.687585600001,-155.357,11.85,219.472,0.9651286373380289
115.8833,128.01097,37.835478,6653.361547200001,-155.339,11.634,219.37,0.9651286373380289
115.9,128.010939,37.835456,6655.020573600001,-155.321,11.418,219.268,0.9651286373380289
115.9166,128.010909,37.835433,6656.6649696,-155.302,11.202,219.166,0.9651286373380289
115.9333,128.010878,37.83541,6658.2947352,-155.283,10.986,219.064,0.9651286373380289
115.95,128.010848,37.835387,6659.909870400001,-155.263,10.771,218.962,0.9651286373380289
115.9666,128.010817,37.835364,6661.510070400001,-155.243,10.555,218.861,0.9651286373380289
115.9833,128.010787,37.835341,6663.0953352,-155.223,10.34,218.759,0.9651286373380289
116.0,128.010756,37.835317,6664.665969600001,-155.203,10.124,218.658,0.9651286373380289
116.0166,128.010726,37.835294,6666.221973600001,-155.182,9.909,218.556,0.9651286373380289
116.0333,128.010695,37.835271,6667.763042400001,-155.161,9.694,218.455,0.9651286373380289
116.05,128.010665,37.835247,6669.2894808,-155.14,9.478,218.354,0.9651286373380289
116.0666,128.010635,37.835224,6670.800984,-155.118,9.263,218.253,0.9651286373380289
116.0833,128.010604,37.8352,6672.297552000001,-155.096,9.048,218.152,0.9651286373380289
116.1,128.010574,37.835177,6673.7794896,-155.074,8.833,218.052,0.9651286373380289
116.1166,128.010543,37.835153,6675.246492,-155.052,8.618,217.951,0.9651286373380289
116.1333,128.010513,37.835129,6676.6985592,-155.029,8.403,217.85,0.9651286373380289
116.15,128.010483,37.835105,6678.135996000001,-155.006,8.188,217.75,0.9651286373380289
116.1666,128.010452,37.835081,6679.558497600001,-154.983,7.974,217.649,0.9651286373380289
116.1833,128.010422,37.835057,6680.966064,-154.96,7.759,217.549,0.9651286373380289
116.2,128.010392,37.835033,6682.3586952000005,-154.936,7.544,217.449,0.9651286373380289
116.2166,128.010362,37.835009,6683.736696000001,-154.912,7.33,217.348,0.9651286373380289
116.2333,128.010331,37.834985,6685.099456800001,-154.888,7.115,217.248,0.9651286373380289
116.25,128.010301,37.83496,6686.4475872,-154.863,6.901,217.148,0.9651286373380289
116.2666,128.010271,37.834936,6687.7807824,-154.838,6.686,217.048,0.9651286373380289
116.2833,128.010241,37.834912,6689.099042400001,-154.813,6.472,216.948,0.9651286373380289
116.3,128.010211,37.834887,6690.4023672,-154.788,6.258,216.848,0.9651286373380289
116.3166,128.010181,37.834863,6691.6910616,-154.762,6.043,216.748,0.9651286373380289
116.3333,128.01015,37.834838,6692.964516,-154.736,5.829,216.648,0.9651286373380289
116.35,128.01012,37.834813,6694.2230352,-154.71,5.615,216.548,0.9651286373380289
116.3666,128.01009,37.834789,6695.466924,-154.683,5.401,216.448,0.9651286373380289
116.3833,128.01006,37.834764,6696.6955728,-154.656,5.187,216.348,0.9651286373380289
116.4,128.01003,37.834739,6697.9092864,-154.629,4.973,216.249,0.9651286373380289
116.4166,128.01,37.834714,6699.1083696000005,-154.601,4.759,216.149,0.9651286373380289
116.4333,128.009971,37.834689,6700.2922128,-154.573,4.545,216.049,0.9651286373380289
116.45,128.009941,37.834664,6701.4611208,-154.545,4.331,215.949,0.9651286373380289
116.4666,128.009911,37.834639,6702.615093599999,-154.517,4.117,215.849,0.9651286373380289
116.4833,128.009881,37.834614,6703.7541312,-154.488,3.903,215.75,0.9651286373380289
116.5,128.009851,37.834588,6704.8782336,-154.459,3.689,215.65,0.9651286373380289
116.5166,128.009821,37.834563,6705.987400800001,-154.429,3.476,215.55,0.9651286373380289
116.5333,128.009792,37.834538,6707.081328,-154.399,3.262,215.45,0.9651286373380289
116.55,128.009762,37.834512,6708.160624800001,-154.369,3.049,215.351,0.9651286373380289
116.5666,128.009732,37.834487,6709.224681600001,-154.339,2.835,215.251,0.9651286373380289
116.5833,128.009703,37.834461,6710.2738032,-154.308,2.621,215.151,0.9651286373380289
116.6,128.009673,37.834436,6711.3079896,-154.277,2.408,215.051,0.9651286373380289
116.6166,128.009643,37.83441,6712.3272408,-154.245,2.195,214.951,0.9651286373380289
116.6333,128.009614,37.834384,6713.331556800001,-154.213,1.981,214.851,0.9651286373380289
116.65,128.009584,37.834358,6714.320632800001,-154.181,1.768,214.751,0.9651286373380289
116.6666,128.009555,37.834333,6715.294773600001,-154.148,1.555,214.651,0.9651286373380289
116.6833,128.009525,37.834307,6716.253979200001,-154.115,1.342,214.552,0.9651286373380289
116.7,128.009496,37.834281,6717.1982496,-154.082,1.128,214.451,0.9651286373380289
116.7166,128.009466,37.834255,6718.1275848,-154.048,0.915,214.351,0.9651286373380289
116.7333,128.009437,37.834229,6719.04168,-154.014,0.702,214.251,0.9651286373380289
116.75,128.009408,37.834202,6719.94084,-153.98,0.489,214.151,0.9651286373380289
116.7666,128.009379,37.834176,6720.8250648,-153.945,0.276,214.051,0.9651286373380289
116.7833,128.009349,37.83415,6721.694049600001,-153.91,0.063,213.951,0.9651286373380289
116.8,128.00932,37.834124,6722.548404,-153.874,-0.148,213.85,0.9651286373380289
116.8166,128.009291,37.834097,6723.387518400001,-153.838,-0.361,213.75,0.9651286373380289
116.8333,128.009262,37.834071,6724.211392800001,-153.802,-0.574,213.649,0.9651286373380289
116.85,128.009233,37.834044,6725.020636800001,-153.765,-0.787,213.549,0.9651286373380289
116.8666,128.009204,37.834018,6725.8146408,-153.728,-0.999,213.448,0.9651286373380289
116.8833,128.009175,37.833991,6726.593709600001,-153.69,-1.212,213.347,0.9651286373380289
116.9,128.009146,37.833965,6727.3575384000005,-153.652,-1.424,213.246,0.9651286373380289
116.9166,128.009117,37.833938,6728.1067368,-153.614,-1.637,213.145,0.9651286373380289
116.9333,128.009088,37.833911,6728.8406952000005,-153.575,-1.849,213.044,0.9651286373380289
116.95,128.009059,37.833884,6729.5594136,-153.536,-2.061,212.943,0.9651286373380289
116.9666,128.00903,37.833858,6730.2635016,-153.496,-2.274,212.842,0.9651286373380289
116.9833,128.009002,37.833831,6730.9523496,-153.456,-2.486,212.741,0.9651286373380289
117.0,128.008973,37.833804,6731.6262624,-153.416,-2.698,212.639,0.9651286373380289
117.0166,128.008944,37.833777,6732.2849352,-153.375,-2.91,212.538,0.9651286373380289
117.0333,128.008916,37.83375,6732.9289776000005,-153.334,-3.122,212.436,0.9651286373380289
117.05,128.008887,37.833723,6733.55778,-153.292,-3.334,212.334,0.9651286373380289
117.0666,128.008858,37.833695,6734.171342400001,-153.25,-3.546,212.232,0.9651286373380289
117.0833,128.00883,37.833668,6734.770274400001,-153.207,-3.757,212.13,0.9651286373380289
117.1,128.008802,37.833641,6735.3539664,-153.164,-3.969,212.028,0.9651286373380289
117.1166,128.008773,37.833614,6735.9227232,-153.121,-4.181,211.926,0.9651286373380289
117.1333,128.008745,37.833586,6736.4765448,-153.077,-4.392,211.823,0.9651286373380289
117.15,128.008717,37.833559,6737.015126400001,-153.032,-4.604,211.721,0.9651286373380289
117.1666,128.008688,37.833532,6737.5387728000005,-152.987,-4.815,211.618,0.9651286373380289
117.1833,128.00866,37.833504,6738.047484000001,-152.942,-5.027,211.515,0.9651286373380289
117.2,128.008632,37.833476,6738.541260000001,-152.896,-5.238,211.412,0.9651286373380289
117.2166,128.008604,37.833449,6739.0197960000005,-152.85,-5.449,211.309,0.9651286373380289
117.2333,128.008576,37.833421,6739.4833968,-152.803,-5.661,211.206,0.9651286373380289
117.25,128.008548,37.833394,6739.9320624,-152.756,-5.872,211.102,0.9651286373380289
117.2666,128.00852,37.833366,6740.365792800001,-152.709,-6.083,210.999,0.9651286373380289
117.2833,128.008492,37.833338,6740.784283200001,-152.66,-6.294,210.895,0.9651286373380289
117.3,128.008464,37.83331,6741.1881432,-152.612,-6.505,210.791,0.9651286373380289
117.3166,128.008436,37.833282,6741.576763200001,-152.563,-6.715,210.686,0.9651286373380289
117.3333,128.008409,37.833255,6741.950448,-152.513,-6.926,210.582,0.9651286373380289
117.35,128.008381,37.833227,6742.3091976000005,-152.462,-7.137,210.478,0.9651286373380289
117.3666,128.008353,37.833199,6742.6527072,-152.411,-7.348,210.374,0.9651286373380289
117.3833,128.008326,37.833171,6742.9815864,-152.359,-7.559,210.269,0.9651286373380289
117.4,128.008298,37.833143,6743.2952256,-152.306,-7.769,210.165,0.9651286373380289
117.4166,128.008271,37.833115,6743.5939296,-152.253,-7.98,210.06,0.9651286373380289
117.4333,128.008243,37.833086,6743.8776984,-152.2,-8.191,209.956,0.9651286373380289
117.45,128.008216,37.833058,6744.146532000001,-152.145,-8.402,209.852,0.9651286373380289
117.4666,128.008189,37.83303,6744.4004304,-152.09,-8.613,209.747,0.9651286373380289
117.4833,128.008161,37.833002,6744.6393935999995,-152.034,-8.824,209.643,0.9651286373380289
117.5,128.008134,37.832973,6744.8634216,-151.977,-9.035,209.539,0.9651286373380289
117.5166,128.008107,37.832945,6745.072209600001,-151.921,-9.245,209.434,0.9651286373380289
117.5333,128.00808,37.832917,6745.2663672,-151.863,-9.456,209.33,0.9651286373380289
117.55,128.008053,37.832888,6745.4452848,-151.805,-9.667,209.226,0.9651286373380289
117.5666,128.008026,37.83286,6745.609572,-151.747,-9.879,209.121,0.9651286373380289
117.5833,128.007999,37.832831,6745.758619200001,-151.688,-10.09,209.017,0.9651286373380289
117.6,128.007972,37.832803,6745.893036,-151.628,-10.301,208.913,0.9651286373380289
117.6166,128.007945,37.832774,6746.0122128,-151.569,-10.512,208.808,0.9651286373380289
117.6333,128.007919,37.832746,6746.1167592,-151.509,-10.723,208.704,0.9651286373380289
117.65,128.007892,37.832717,6746.206065600001,-151.449,-10.934,208.599,0.9651286373380289
117.6666,128.007865,37.832688,6746.2807416000005,-151.388,-11.146,208.495,0.9651286373380289
117.6833,128.007839,37.83266,6746.3401776,-151.327,-11.357,208.391,0.9651286373380289
117.7,128.007812,37.832631,6746.3849832000005,-151.266,-11.568,208.286,0.9651286373380289
117.7166,128.007786,37.832602,6746.4148536,-151.205,-11.78,208.181,0.9651286373380289
117.7333,128.00776,37.832573,6746.4297888,-151.144,-11.991,208.077,0.9651286373380289
117.75,128.007733,37.832544,6746.4297888,-151.082,-12.202,207.972,0.9651286373380289
117.7666,128.007707,37.832515,6746.4148536,-151.021,-12.414,207.867,0.9651286373380289
117.7833,128.007681,37.832486,6746.3849832000005,-150.959,-12.625,207.763,0.9651286373380289
117.8,128.007655,37.832458,6746.340482400001,-150.897,-12.837,207.658,0.9651286373380289
117.8166,128.007629,37.832429,6746.2810464,-150.835,-13.048,207.552,0.9651286373380289
117.8333,128.007603,37.8324,6746.2066752,-150.773,-13.26,207.447,0.9651286373380289
117.85,128.007577,37.83237,6746.117368800001,-150.711,-13.471,207.342,0.9651286373380289
117.8666,128.007551,37.832341,6746.013432000001,-150.649,-13.683,207.237,0.9651286373380289
117.8833,128.007525,37.832312,6745.894255200001,-150.587,-13.894,207.131,0.9651286373380289
117.9,128.0075,37.832283,6745.7607528,-150.525,-14.105,207.026,0.9651286373380289
117.9166,128.007474,37.832254,6745.612010400001,-150.463,-14.317,206.92,0.9651286373380289
117.9333,128.007449,37.832225,6745.4486376,-150.401,-14.528,206.814,0.9651286373380289
117.95,128.007423,37.832196,6745.2706344,-150.339,-14.74,206.708,0.9651286373380289
117.9666,128.007398,37.832166,6745.0773912,-150.277,-14.951,206.602,0.9651286373380289
117.9833,128.007372,37.832137,6744.8698224,-150.215,-15.163,206.495,0.9651286373380289
118.0,128.007347,37.832108,6744.647318400001,-150.153,-15.374,206.389,0.9651286373380289
118.0166,128.007322,37.832078,6744.4098792,-150.091,-15.585,206.282,0.9651286373380289
118.0333,128.007297,37.832049,6744.1578096,-150.029,-15.797,206.175,0.9651286373380289
118.05,128.007272,37.83202,6743.8908048,-149.967,-16.008,206.068,0.9651286373380289
118.0666,128.007247,37.83199,6743.6091696,-149.905,-16.22,205.961,0.9651286373380289
118.0833,128.007222,37.831961,6743.3125992000005,-149.844,-16.431,205.853,0.9651286373380289
118.1,128.007197,37.831931,6743.0013984,-149.782,-16.642,205.746,0.9651286373380289
118.1166,128.007172,37.831902,6742.6755672,-149.721,-16.854,205.638,0.9651286373380289
118.1333,128.007147,37.831872,6742.335105600001,-149.659,-17.065,205.53,0.9651286373380289
118.15,128.007123,37.831843,6741.9797088000005,-149.598,-17.276,205.421,0.9651286373380289
118.1666,128.007098,37.831813,6741.6096816,-149.537,-17.487,205.313,0.9651286373380289
118.1833,128.007074,37.831783,6741.225024,-149.475,-17.698,205.204,0.9651286373380289
118.2,128.007049,37.831754,6740.8254312,-149.414,-17.91,205.095,0.9651286373380289
118.2166,128.007025,37.831724,6740.4115128,-149.353,-18.121,204.986,0.9651286373380289
118.2333,128.007001,37.831695,6739.9826592,-149.292,-18.332,204.876,0.9651286373380289
118.25,128.006976,37.831665,6739.5391752,-149.232,-18.542,204.766,0.9651286373380289
118.2666,128.006952,37.831635,6739.081060800001,-149.171,-18.753,204.656,0.9651286373380289
118.2833,128.006928,37.831605,6738.608316,-149.111,-18.964,204.545,0.9651286373380289
118.3,128.006904,37.831576,6738.1209408,-149.051,-19.174,204.433,0.9651286373380289
118.3166,128.00688,37.831546,6737.6189352,-148.991,-19.384,204.322,0.9651286373380289
118.3333,128.006857,37.831516,6737.1022992,-148.931,-19.594,204.209,0.9651286373380289
118.35,128.006833,37.831486,6736.5710328000005,-148.871,-19.804,204.097,0.9651286373380289
118.3666,128.006809,37.831456,6736.025136,-148.811,-20.014,203.984,0.9651286373380289
118.3833,128.006786,37.831427,6735.464913600001,-148.751,-20.224,203.87,0.9651286373380289
118.4,128.006762,37.831397,6734.8897560000005,-148.691,-20.434,203.756,0.9651286373380289
118.4166,128.006739,37.831367,6734.3002728,-148.632,-20.643,203.642,0.9651286373380289
118.4333,128.006715,37.831337,6733.696159200001,-148.572,-20.852,203.527,0.9651286373380289
118.45,128.006692,37.831307,6733.077720000001,-148.511,-21.061,203.411,0.9651286373380289
118.4666,128.006669,37.831277,6732.444345600001,-148.451,-21.27,203.296,0.9651286373380289
118.4833,128.006646,37.831247,6731.7966456,-148.391,-21.479,203.179,0.9651286373380289
118.5,128.006623,37.831217,6731.134620000001,-148.33,-21.688,203.063,0.9651286373380289
118.5166,128.0066,37.831187,6730.4576592,-148.269,-21.896,202.945,0.9651286373380289
118.5333,128.006577,37.831157,6729.766677600001,-148.208,-22.105,202.828,0.9651286373380289
118.55,128.006554,37.831127,6729.060760800001,-148.146,-22.313,202.71,0.9651286373380289
118.5666,128.006531,37.831097,6728.3405184,-148.084,-22.521,202.591,0.9651286373380289
118.5833,128.006509,37.831067,6727.6059504,-148.022,-22.729,202.472,0.9651286373380289
118.6,128.006486,37.831037,6726.8570568000005,-147.96,-22.937,202.353,0.9651286373380289
118.6166,128.006464,37.831007,6726.0935328000005,-147.897,-23.145,202.233,0.9651286373380289
118.6333,128.006441,37.830977,6725.315378400001,-147.834,-23.352,202.112,0.9651286373380289
118.65,128.006419,37.830947,6724.5228984,-147.77,-23.56,201.991,0.9651286373380289
118.6666,128.006397,37.830917,6723.716397600001,-147.706,-23.767,201.87,0.9651286373380289
118.6833,128.006375,37.830887,6722.8949616,-147.642,-23.974,201.748,0.9651286373380289
118.7,128.006353,37.830857,6722.0595048000005,-147.577,-24.181,201.626,0.9651286373380289
118.7166,128.006331,37.830826,6721.2094176,-147.512,-24.388,201.503,0.9651286373380289
118.7333,128.006309,37.830796,6720.3453096,-147.446,-24.594,201.38,0.9651286373380289
118.75,128.006287,37.830766,6719.4665712,-147.38,-24.801,201.256,0.9651286373380289
118.7666,128.006265,37.830736,6718.5735072,-147.313,-25.007,201.132,0.9651286373380289
118.7833,128.006244,37.830706,6717.6661176,-147.246,-25.214,201.007,0.9651286373380289
118.8,128.006222,37.830676,6716.7444024,-147.178,-25.42,200.882,0.9651286373380289
118.8166,128.006201,37.830645,6715.808361599999,-147.11,-25.626,200.756,0.9651286373380289
118.8333,128.006179,37.830615,6714.858300000001,-147.041,-25.831,200.629,0.9651286373380289
118.85,128.006158,37.830585,6713.8939128,-146.971,-26.037,200.503,0.9651286373380289
118.8666,128.006137,37.830555,6712.9148952000005,-146.901,-26.243,200.375,0.9651286373380289
118.8833,128.006116,37.830525,6711.921856800001,-146.831,-26.448,200.247,0.9651286373380289
118.9,128.006095,37.830494,6710.914797600001,-146.76,-26.653,200.119,0.9651286373380289
118.9166,128.006074,37.830464,6709.8934128,-146.688,-26.858,199.99,0.9651286373380289
118.9333,128.006053,37.830434,6708.8577024,-146.616,-27.063,199.86,0.9651286373380289
118.95,128.006032,37.830404,6707.8076664,-146.543,-27.268,199.73,0.9651286373380289
118.9666,128.006012,37.830374,6706.743914400001,-146.47,-27.473,199.6,0.9651286373380289
118.9833,128.005991,37.830343,6705.665532,-146.395,-27.677,199.468,0.9651286373380289
119.0,128.005971,37.830313,6704.5734336000005,-146.321,-27.881,199.337,0.9651286373380289
119.0166,128.00595,37.830283,6703.467009600001,-146.245,-28.085,199.204,0.9651286373380289
119.0333,128.00593,37.830253,6702.346564800001,-146.169,-28.289,199.071,0.9651286373380289
119.05,128.00591,37.830222,6701.2117944,-146.092,-28.493,198.938,0.9651286373380289
119.0666,128.00589,37.830192,6700.063308,-146.015,-28.697,198.804,0.9651286373380289
119.0833,128.00587,37.830162,6698.900496,-145.937,-28.9,198.669,0.9651286373380289
119.1,128.00585,37.830132,6697.7236632,-145.858,-29.104,198.534,0.9651286373380289
119.1166,128.00583,37.830101,6696.5331144,-145.778,-29.307,198.398,0.9651286373380289
119.1333,128.00581,37.830071,6695.32824,-145.698,-29.51,198.262,0.9651286373380289
119.15,128.005791,37.830041,6694.1096496,-145.617,-29.713,198.124,0.9651286373380289
119.1666,128.005771,37.830011,6692.876733600001,-145.536,-29.916,197.987,0.9651286373380289
119.1833,128.005752,37.829981,6691.630101600001,-145.453,-30.118,197.848,0.9651286373380289
119.2,128.005732,37.82995,6690.3694488,-145.37,-30.32,197.709,0.9651286373380289
119.2166,128.005713,37.82992,6689.09508,-145.286,-30.522,197.569,0.9651286373380289
119.2333,128.005694,37.82989,6687.806690400001,-145.201,-30.724,197.429,0.9651286373380289
119.25,128.005675,37.82986,6686.5045848,-145.116,-30.926,197.288,0.9651286373380289
119.2666,128.005656,37.829829,6685.1884584,-145.03,-31.128,197.146,0.9651286373380289
119.2833,128.005637,37.829799,6683.8586159999995,-144.942,-31.329,197.004,0.9651286373380289
119.3,128.005618,37.829769,6682.5147528,-144.854,-31.53,196.861,0.9651286373380289
119.3166,128.0056,37.829739,6681.1571736000005,-144.766,-31.731,196.717,0.9651286373380289
119.3333,128.005581,37.829709,6679.785878400001,-144.676,-31.932,196.573,0.9651286373380289
119.35,128.005563,37.829679,6678.4008672,-144.586,-32.133,196.428,0.9651286373380289
119.3666,128.005544,37.829648,6677.0021400000005,-144.495,-32.333,196.282,0.9651286373380289
119.3833,128.005526,37.829618,6675.589696800001,-144.402,-32.533,196.135,0.9651286373380289
119.4,128.005508,37.829588,6674.1635376,-144.309,-32.733,195.988,0.9651286373380289
119.4166,128.00549,37.829558,6672.7236624,-144.216,-32.933,195.84,0.9651286373380289
119.4333,128.005472,37.829528,6671.270376,-144.121,-33.132,195.691,0.9651286373380289
119.45,128.005454,37.829498,6669.803068800001,-144.025,-33.332,195.542,0.9651286373380289
119.4666,128.005436,37.829468,6668.322350400001,-143.929,-33.531,195.391,0.9651286373380289
119.4833,128.005418,37.829438,6666.8282208,-143.831,-33.73,195.24,0.9651286373380289
119.5,128.005401,37.829407,6665.3203752,-143.733,-33.928,195.088,0.9651286373380289
119.5166,128.005383,37.829377,6663.7988136,-143.633,-34.127,194.936,0.9651286373380289
119.5333,128.005366,37.829347,6662.2641456,-143.533,-34.325,194.782,0.9651286373380289
119.55,128.005349,37.829317,6660.7157615999995,-143.432,-34.523,194.628,0.9651286373380289
119.5666,128.005331,37.829287,6659.1539664,-143.33,-34.72,194.473,0.9651286373380289
119.5833,128.005314,37.829257,6657.57876,-143.226,-34.918,194.317,0.9651286373380289
119.6,128.005297,37.829227,6655.989837600001,-143.122,-35.115,194.16,0.9651286373380289
119.6166,128.005281,37.829197,6654.3878088,-143.017,-35.312,194.003,0.9651286373380289
119.6333,128.005264,37.829167,6652.772368800001,-142.911,-35.508,193.845,0.9651286373380289
119.65,128.005247,37.829137,6651.1438224,-142.803,-35.705,193.685,0.9651286373380289
119.6666,128.005231,37.829107,6649.501560000001,-142.695,-35.901,193.525,0.9651286373380289
119.6833,128.005214,37.829077,6647.8461912,-142.585,-36.097,193.364,0.9651286373380289
119.7,128.005198,37.829048,6646.177716,-142.475,-36.292,193.202,0.9651286373380289
119.7166,128.005181,37.829018,6644.4958295999995,-142.364,-36.488,193.039,0.9651286373380289
119.7333,128.005165,37.828988,6642.8008368,-142.251,-36.683,192.876,0.9651286373380289
119.75,128.005149,37.828958,6641.092737600001,-142.137,-36.878,192.711,0.9651286373380289
119.7666,128.005133,37.828928,6639.3712272,-142.022,-37.072,192.545,0.9651286373380289
119.7833,128.005118,37.828898,6637.636610400001,-141.907,-37.266,192.379,0.9651286373380289
119.8,128.005102,37.828869,6635.889192000001,-141.79,-37.46,192.211,0.9651286373380289
119.8166,128.005086,37.828839,6634.1283624,-141.671,-37.654,192.043,0.9651286373380289
119.8333,128.005071,37.828809,6632.3547312,-141.552,-37.847,191.873,0.9651286373380289
119.85,128.005055,37.828779,6630.5679936,-141.432,-38.04,191.703,0.9651286373380289
119.8666,128.00504,37.82875,6628.7681496000005,-141.31,-38.233,191.531,0.9651286373380289
119.8833,128.005025,37.82872,6626.9555040000005,-141.187,-38.425,191.359,0.9651286373380289
119.9,128.00501,37.82869,6625.130056800001,-141.063,-38.617,191.185,0.9651286373380289
119.9166,128.004995,37.828661,6623.2915032,-140.938,-38.809,191.011,0.9651286373380289
119.9333,128.00498,37.828631,6621.440148,-140.812,-39.0,190.835,0.9651286373380289
119.95,128.004965,37.828601,6619.5756864,-140.686,-39.19,190.658,0.9651286373380289
119.9666,128.004951,37.828572,6617.698728,-140.558,-39.381,190.48,0.9651286373380289
119.9833,128.004936,37.828542,6615.808968,-140.429,-39.57,190.3,0.9651286373380289
120.0,128.004922,37.828513,6613.9061016000005,-140.298,-39.76,190.119,0.9651286373380289
120.0166,128.004907,37.828483,6611.990738400001,-140.167,-39.949,189.937,0.9651286373380289
120.0333,128.004893,37.828454,6610.062878400001,-140.035,-40.137,189.754,0.9651286373380289
120.05,128.004879,37.828425,6608.1222168,-139.901,-40.324,189.568,0.9651286373380289
120.0666,128.004865,37.828395,6606.1687536,-139.767,-40.511,189.381,0.9651286373380289
120.0833,128.004851,37.828366,6604.2027935999995,-139.632,-40.697,189.192,0.9651286373380289
120.1,128.004837,37.828336,6602.224336800001,-139.495,-40.882,189.002,0.9651286373380289
120.1166,128.004824,37.828307,6600.2333832,-139.356,-41.067,188.81,0.9651286373380289
120.1333,128.00481,37.828278,6598.230237600001,-139.222,-41.244,188.624,0.9651286373380289
120.15,128.004797,37.828249,6596.2145952,-139.092,-41.413,188.445,0.9651286373380289
120.1666,128.004783,37.828219,6594.187065600001,-138.966,-41.573,188.273,0.9651286373380289
120.1833,128.00477,37.82819,6592.1470392,-138.843,-41.727,188.106,0.9651286373380289
120.2,128.004757,37.828161,6590.0948208,-138.722,-41.876,187.942,0.9651286373380289
120.2166,128.004744,37.828132,6588.0307152000005,-138.602,-42.021,187.782,0.9651286373380289
120.2333,128.004731,37.828103,6585.9547224,-138.488,-42.155,187.632,0.9651286373380289
120.25,128.004718,37.828074,6583.866842400001,-138.381,-42.278,187.493,0.9651286373380289
120.2666,128.004706,37.828045,6581.76738,-138.278,-42.391,187.364,0.9651286373380289
120.2833,128.004693,37.828016,6579.6560304,-138.18,-42.497,187.242,0.9651286373380289
120.3,128.004681,37.827987,6577.5330984,-138.084,-42.597,187.126,0.9651286373380289
120.3166,128.004668,37.827958,6575.3985840000005,-137.989,-42.693,187.014,0.9651286373380289
120.3333,128.004656,37.827929,6573.253096800001,-137.9,-42.778,186.914,0.9651286373380289
120.35,128.004644,37.8279,6571.0960272,-137.816,-42.854,186.824,0.9651286373380289
120.3666,128.004632,37.827871,6568.9279848,-137.736,-42.922,186.742,0.9651286373380289
120.3833,128.00462,37.827843,6566.7486648,-137.658,-42.985,186.667,0.9651286373380289
120.4,128.004608,37.827814,6564.5580672,-137.581,-43.043,186.596,0.9651286373380289
120.4166,128.004597,37.827785,6562.356801600001,-137.505,-43.097,186.529,0.9651286373380289
120.4333,128.004585,37.827756,6560.144868,-137.432,-43.145,186.471,0.9651286373380289
120.45,128.004573,37.827728,6557.9219616,-137.362,-43.186,186.419,0.9651286373380289
120.4666,128.004562,37.827699,6555.688692000001,-137.293,-43.223,186.374,0.9651286373380289
120.4833,128.004551,37.82767,6553.4447544,-137.225,-43.255,186.332,0.9651286373380289
120.5,128.004539,37.827642,6551.1904536,-137.158,-43.285,186.294,0.9651286373380289
120.5166,128.004528,37.827613,6548.9254848,-137.09,-43.313,186.258,0.9651286373380289
120.5333,128.004517,37.827585,6546.6507624,-137.023,-43.337,186.228,0.9651286373380289
120.55,128.004506,37.827556,6544.3656768,-136.957,-43.357,186.201,0.9651286373380289
120.5666,128.004496,37.827528,6542.0705328,-136.892,-43.375,186.178,0.9651286373380289
120.5833,128.004485,37.827499,6539.7656352,-136.827,-43.392,186.157,0.9651286373380289
120.6,128.004474,37.827471,6537.450679200001,-136.762,-43.406,186.138,0.9651286373380289
120.6166,128.004463,37.827443,6535.125664800001,-136.697,-43.421,186.121,0.9651286373380289
120.6333,128.004453,37.827414,6532.791506400001,-136.631,-43.434,186.103,0.9651286373380289
120.65,128.004443,37.827386,6530.4472896,-136.564,-43.448,186.086,0.9651286373380289
120.6666,128.004432,37.827358,6528.093624000001,-136.498,-43.462,186.07,0.9651286373380289
120.6833,128.004422,37.827329,6525.7305096,-136.43,-43.476,186.052,0.9651286373380289
120.7,128.004412,37.827301,6523.3582512,-136.363,-43.491,186.035,0.9651286373380289
120.7166,128.004402,37.827273,6520.976544,-136.295,-43.506,186.017,0.9651286373380289
120.7333,128.004392,37.827245,6518.585388,-136.223,-43.525,185.993,0.9651286373380289
120.75,128.004382,37.827216,6516.185088000001,-136.148,-43.55,185.963,0.9651286373380289
120.7666,128.004372,37.827188,6513.7759488,-136.07,-43.578,185.929,0.9651286373380289
120.7833,128.004362,37.82716,6511.3576656000005,-135.99,-43.609,185.89,0.9651286373380289
120.8,128.004353,37.827132,6508.930238400001,-135.908,-43.643,185.847,0.9651286373380289
120.8166,128.004343,37.827104,6506.493972,-135.825,-43.679,185.802,0.9651286373380289
120.8333,128.004334,37.827076,6504.0491712,-135.745,-43.712,185.761,0.9651286373380289
120.85,128.004324,37.827048,6501.595836,-135.669,-43.741,185.725,0.9651286373380289
120.8666,128.004315,37.82702,6499.1336616,-135.596,-43.768,185.693,0.9651286373380289
120.8833,128.004306,37.826992,6496.6629528,-135.525,-43.792,185.663,0.9651286373380289
120.9,128.004297,37.826964,6494.183709600001,-135.456,-43.816,185.634,0.9651286373380289
120.9166,128.004288,37.826936,6491.6962368,-135.388,-43.839,185.606,0.9651286373380289
120.9333,128.004279,37.826908,6489.2008392,-135.323,-43.858,185.585,0.9651286373380289
120.95,128.00427,37.82688,6486.6969072,-135.261,-43.872,185.568,0.9651286373380289
120.9666,128.004261,37.826852,6484.1850504,-135.201,-43.883,185.556,0.9651286373380289
120.9833,128.004252,37.826824,6481.6652688,-135.143,-43.892,185.547,0.9651286373380289
121.0,128.004243,37.826797,6479.1375624,-135.086,-43.9,185.54,0.9651286373380289
121.0166,128.004235,37.826769,6476.6016264,-135.029,-43.906,185.533,0.9651286373380289
121.0333,128.004226,37.826741,6474.058070400001,-134.967,-43.918,185.521,0.9651286373380289
121.05,128.004217,37.826713,6471.5068944,-134.9,-43.933,185.502,0.9651286373380289
121.0666,128.004209,37.826685,6468.9477936,-134.827,-43.953,185.478,0.9651286373380289
121.0833,128.004201,37.826658,6466.381377600001,-134.751,-43.976,185.449,0.9651286373380289
121.1,128.004192,37.82663,6463.807036800001,-134.671,-44.001,185.416,0.9651286373380289
121.1166,128.004184,37.826602,6461.225076,-134.589,-44.029,185.38,0.9651286373380289
121.1333,128.004176,37.826575,6458.636104800001,-134.502,-44.06,185.34,0.9651286373380289
121.15,128.004168,37.826547,6456.0392088,-134.412,-44.093,185.296,0.9651286373380289
121.1666,128.00416,37.826519,6453.4353024,-134.319,-44.128,185.25,0.9651286373380289
121.1833,128.004152,37.826492,6450.823776,-134.223,-44.165,185.2,0.9651286373380289
121.2,128.004144,37.826464,6448.2049344,-134.124,-44.204,185.149,0.9651286373380289
121.2166,128.004136,37.826436,6445.5790824000005,-134.024,-44.243,185.095,0.9651286373380289
121.2333,128.004128,37.826409,6442.946524800001,-133.925,-44.278,185.049,0.9651286373380289
121.25,128.00412,37.826381,6440.306956800001,-133.832,-44.303,185.015,0.9651286373380289
121.2666,128.004113,37.826354,6437.660378400001,-133.742,-44.32,184.992,0.9651286373380289
121.2833,128.004105,37.826326,6435.0067896,-133.655,-44.331,184.977,0.9651286373380289
121.3,128.004098,37.826299,6432.3468,-133.57,-44.339,184.969,0.9651286373380289
121.3166,128.00409,37.826271,6429.6798,-133.486,-44.343,184.964,0.9651286373380289
121.3333,128.004083,37.826244,6427.0063992000005,-133.399,-44.343,184.966,0.9651286373380289
121.35,128.004075,37.826216,6424.326597600001,-133.309,-44.338,184.973,0.9651286373380289
121.3666,128.004068,37.826189,6421.6403952,-133.215,-44.331,184.983,0.9651286373380289
121.3833,128.004061,37.826161,6418.947487200001,-133.118,-44.322,184.996,0.9651286373380289
121.4,128.004053,37.826134,6416.248483200001,-133.017,-44.312,185.01,0.9651286373380289
121.4166,128.004046,37.826107,6413.543078400001,-132.913,-44.301,185.026,0.9651286373380289
121.4333,128.004039,37.826079,6410.830968,-132.802,-44.296,185.033,0.9651286373380289
121.45,128.004032,37.826052,6408.112761599999,-132.676,-44.305,185.022,0.9651286373380289
121.4666,128.004025,37.826024,6405.3881544000005,-132.533,-44.329,184.987,0.9651286373380289
121.4833,128.004018,37.825997,6402.657146400001,-132.376,-44.367,184.931,0.9651286373380289
121.5,128.004011,37.82597,6399.9197376,-132.207,-44.416,184.859,0.9651286373380289
121.5166,128.004004,37.825942,6397.175928000001,-132.028,-44.474,184.773,0.9651286373380289
121.5333,128.003998,37.825915,6394.4260224,-131.849,-44.533,184.685,0.9651286373380289
121.55,128.003991,37.825888,6391.669715999999,-131.673,-44.591,184.599,0.9651286373380289
121.5666,128.003984,37.82586,6388.9070088,-131.499,-44.647,184.515,0.9651286373380289
121.5833,128.003978,37.825833,6386.138510400001,-131.328,-44.703,184.433,0.9651286373380289
121.6,128.003971,37.825806,6383.3633064000005,-131.159,-44.757,184.352,0.9651286373380289
121.6166,128.003965,37.825779,6380.582311200001,-130.992,-44.81,184.272,0.9651286373380289
121.6333,128.003958,37.825751,6377.7958296,-130.817,-44.855,184.201,0.9651286373380289
121.65,128.003952,37.825724,6375.0041664,-130.641,-44.884,184.152,0.9651286373380289
121.6666,128.003945,37.825697,6372.206712,-130.468,-44.897,184.126,0.9651286373380289
121.6833,128.003939,37.82567,6369.404076,-130.294,-44.898,184.118,0.9651286373380289
121.7,128.003933,37.825643,6366.5956488,-130.118,-44.891,184.123,0.9651286373380289
121.7166,128.003926,37.825615,6363.78204,-129.939,-44.876,184.14,0.9651286373380289
121.7333,128.00392,37.825588,6360.9632496,-129.738,-44.856,184.163,0.9651286373380289
121.75,128.003914,37.825561,6358.139887200001,-129.515,-44.831,184.19,0.9651286373380289
121.7666,128.003908,37.825534,6355.3113432,-129.271,-44.803,184.22,0.9651286373380289
121.7833,128.003902,37.825507,6352.4779224,-129.008,-44.772,184.252,0.9651286373380289
121.8,128.003896,37.82548,6349.639624800001,-128.728,-44.741,184.287,0.9651286373380289
121.8166,128.003889,37.825452,6346.7961456,-128.433,-44.709,184.323,0.9651286373380289
121.8333,128.003883,37.825425,6343.9477896,-128.15,-44.687,184.353,0.9651286373380289
121.85,128.003878,37.825398,6341.093947200001,-127.872,-44.679,184.366,0.9651286373380289
121.8666,128.003872,37.825371,6338.2343136,-127.593,-44.692,184.349,0.9651286373380289
121.8833,128.003866,37.825344,6335.3694984,-127.306,-44.726,184.297,0.9651286373380289
121.9,128.00386,37.825317,6332.4991968,-127.015,-44.777,184.215,0.9651286373380289
121.9166,128.003854,37.82529,6329.6234088,-126.723,-44.842,184.11,0.9651286373380289
121.9333,128.003849,37.825263,6326.7418296,-126.448,-44.914,183.993,0.9651286373380289
121.95,128.003843,37.825236,6323.8550688000005,-126.194,-44.989,183.873,0.9651286373380289
121.9666,128.003837,37.825209,6320.9628216,-125.961,-45.064,183.752,0.9651286373380289
121.9833,128.003832,37.825182,6318.0647832,-125.746,-45.14,183.63,0.9651286373380289
122.0,128.003827,37.825154,6315.161868,-125.547,-45.215,183.506,0.9651286373380289
122.0166,128.003821,37.825128,6312.2531616,-125.362,-45.29,183.381,0.9651286373380289
122.0333,128.003816,37.825101,6309.3398832,-125.117,-45.35,183.26,0.9651286373380289
122.05,128.003811,37.825074,6306.4220328,-124.82,-45.391,183.154,0.9651286373380289
122.0666,128.003805,37.825047,6303.499610400001,-124.48,-45.409,183.077,0.9651286373380289
122.0833,128.0038,37.82502,6300.5732256,-124.092,-45.41,183.024,0.9651286373380289
122.1,128.003795,37.824993,6297.6425736,-123.653,-45.397,182.99,0.9651286373380289
122.1166,128.00379,37.824966,6294.7079592,-123.16,-45.374,182.972,0.9651286373380289
122.1333,128.003784,37.824939,6291.769382400001,-122.73,-45.356,182.975,0.9651286373380289
122.15,128.003779,37.824912,6288.826538400001,-122.366,-45.344,182.996,0.9651286373380289
122.1666,128.003774,37.824885,6285.8788176,-122.065,-45.337,183.031,0.9651286373380289
122.1833,128.003769,37.824858,6282.9268296,-121.822,-45.333,183.075,0.9651286373380289
122.2,128.003764,37.824831,6279.9699648000005,-121.633,-45.33,183.126,0.9651286373380289
122.2166,128.003759,37.824804,6277.0082232,-121.492,-45.328,183.181,0.9651286373380289
122.2333,128.003754,37.824777,6274.041604800001,-121.392,-45.325,183.238,0.9651286373380289
122.25,128.00375,37.82475,6271.0701096,-121.328,-45.321,183.295,0.9651286373380289
122.2666,128.003745,37.824723,6268.094042400001,-121.295,-45.316,183.353,0.9651286373380289
122.2833,128.00374,37.824696,6265.1134032,-121.289,-45.309,183.411,0.9651286373380289
122.3,128.003735,37.82467,6262.128192000001,-121.307,-45.301,183.468,0.9651286373380289
122.3166,128.003731,37.824643,6259.1387136,-121.344,-45.293,183.524,0.9651286373380289
122.3333,128.003726,37.824616,6256.1449680000005,-121.4,-45.283,183.579,0.9651286373380289
122.35,128.003722,37.824589,6253.1466504,-121.472,-45.273,183.633,0.9651286373380289
122.3666,128.003717,37.824562,6250.144370400001,-121.558,-45.262,183.686,0.9651286373380289
122.3833,128.003713,37.824535,6247.137823200001,-121.655,-45.251,183.738,0.9651286373380289
122.4,128.003708,37.824509,6244.1270088,-121.762,-45.239,183.788,0.9651286373380289
122.4166,128.003704,37.824482,6241.112232,-121.877,-45.227,183.838,0.9651286373380289
122.4333,128.0037,37.824455,6238.0937976000005,-121.914,-45.208,183.878,0.9651286373380289
122.45,128.003695,37.824428,6235.0714008,-121.877,-45.182,183.908,0.9651286373380289
122.4666,128.003691,37.824401,6232.045956000001,-121.764,-45.151,183.932,0.9651286373380289
122.4833,128.003687,37.824375,6229.0168536,-121.576,-45.117,183.951,0.9651286373380289
122.5,128.003682,37.824348,6225.985008,-121.315,-45.081,183.967,0.9651286373380289
122.5166,128.003678,37.824321,6222.9501144000005,-120.982,-45.045,183.98,0.9651286373380289
122.5333,128.003674,37.824294,6219.912477600001,-120.57,-45.013,183.979,0.9651286373380289
122.55,128.003669,37.824267,6216.8720976,-120.073,-44.992,183.955,0.9651286373380289
122.5666,128.003665,37.824241,6213.8289744,-119.498,-44.979,183.909,0.9651286373380289
122.5833,128.003661,37.824214,6210.783108,-118.848,-44.973,183.847,0.9651286373380289
122.6,128.003656,37.824187,6207.7344984,-118.129,-44.971,183.773,0.9651286373380289
122.6166,128.003652,37.82416,6204.6831456,-117.346,-44.974,183.691,0.9651286373380289
122.6333,128.003648,37.824133,6201.6290496,-116.64,-44.987,183.624,0.9651286373380289
122.65,128.003643,37.824106,6198.571905600001,-116.021,-45.01,183.574,0.9651286373380289
122.6666,128.003639,37.824079,6195.5114088,-115.484,-45.04,183.539,0.9651286373380289
122.6833,128.003635,37.824052,6192.4475592,-115.024,-45.073,183.514,0.9651286373380289
122.7,128.00363,37.824026,6189.380356800001,-114.633,-45.107,183.496,0.9651286373380289
122.7166,128.003626,37.823999,6186.3094968000005,-114.304,-45.14,183.482,0.9651286373380289
122.7333,128.003622,37.823972,6183.235284000001,-114.048,-45.169,183.484,0.9651286373380289
122.75,128.003618,37.823945,6180.1574136,-113.856,-45.193,183.5,0.9651286373380289
122.7666,128.003614,37.823918,6177.0758856,-113.721,-45.212,183.527,0.9651286373380289
122.7833,128.003609,37.823891,6173.9907,-113.632,-45.227,183.562,0.9651286373380289
122.8,128.003605,37.823864,6170.901856800001,-113.583,-45.238,183.602,0.9651286373380289
122.8166,128.003601,37.823837,6167.809356000001,-113.567,-45.247,183.645,0.9651286373380289
122.8333,128.003597,37.823811,6164.7135024,-113.582,-45.253,183.69,0.9651286373380289
122.85,128.003593,37.823784,6161.614296000001,-113.622,-45.256,183.737,0.9651286373380289
122.8666,128.00359,37.823757,6158.511432,-113.685,-45.258,183.784,0.9651286373380289
122.8833,128.003586,37.82373,6155.405520000001,-113.765,-45.259,183.832,0.9651286373380289
122.9,128.003582,37.823703,6152.2959504,-113.861,-45.258,183.879,0.9651286373380289
122.9166,128.003578,37.823677,6149.1833328,-113.968,-45.257,183.925,0.9651286373380289
122.9333,128.003574,37.82365,6146.0673624,-113.991,-45.251,183.952,0.9651286373380289
122.95,128.00357,37.823623,6142.948344,-113.928,-45.242,183.953,0.9651286373380289
122.9666,128.003567,37.823596,6139.8265824,-113.779,-45.232,183.933,0.9651286373380289
122.9833,128.003563,37.823569,6136.7017728,-113.548,-45.222,183.899,0.9651286373380289
123.0,128.003559,37.823543,6133.57422,-113.238,-45.213,183.853,0.9651286373380289
123.0166,128.003555,37.823516,6130.443924000001,-112.852,-45.205,183.8,0.9651286373380289
123.0333,128.003552,37.823489,6127.3111896,-112.396,-45.196,183.744,0.9651286373380289
123.05,128.003548,37.823462,6124.1760168,-111.871,-45.188,183.687,0.9651286373380289
123.0666,128.003544,37.823435,6121.0381008,-111.282,-45.18,183.629,0.9651286373380289
123.0833,128.00354,37.823408,6117.8974416,-110.631,-45.173,183.572,0.9651286373380289
123.1,128.003536,37.823381,6114.754344,-109.92,-45.165,183.514,0.9651286373380289
123.1166,128.003532,37.823354,6111.608808,-109.152,-45.158,183.457,0.9651286373380289
123.1333,128.003529,37.823328,6108.460833600001,-108.483,-45.162,183.422,0.9651286373380289
123.15,128.003525,37.823301,6105.310116,-107.923,-45.176,183.414,0.9651286373380289
123.1666,128.003521,37.823274,6102.1563504000005,-107.464,-45.198,183.425,0.9651286373380289
123.1833,128.003517,37.823247,6098.999841600001,-107.099,-45.223,183.451,0.9651286373380289
123.2,128.003513,37.82322,6095.83998,-106.817,-45.249,183.487,0.9651286373380289
123.2166,128.003509,37.823193,6092.6773752,-106.609,-45.273,183.528,0.9651286373380289
123.2333,128.003506,37.823166,6089.5117224000005,-106.466,-45.296,183.574,0.9651286373380289
123.25,128.003502,37.823139,6086.3430216,-106.379,-45.317,183.623,0.9651286373380289
123.2666,128.003498,37.823112,6083.170968,-106.339,-45.335,183.672,0.9651286373380289
123.2833,128.003495,37.823085,6079.9961711999995,-106.338,-45.35,183.722,0.9651286373380289
123.3,128.003491,37.823059,6076.8180216,-106.371,-45.363,183.772,0.9651286373380289
123.3166,128.003487,37.823032,6073.637128800001,-106.431,-45.374,183.821,0.9651286373380289
123.3333,128.003484,37.823005,6070.453188,-106.416,-45.376,183.856,0.9651286373380289
123.35,128.00348,37.822978,6067.2661992,-106.325,-45.369,183.878,0.9651286373380289
123.3666,128.003477,37.822951,6064.0764672000005,-106.16,-45.357,183.888,0.9651286373380289
123.3833,128.003473,37.822924,6060.8836872,-105.92,-45.341,183.892,0.9651286373380289
123.4,128.00347,37.822897,6057.6884688,-105.607,-45.323,183.89,0.9651286373380289
123.4166,128.003466,37.82287,6054.490812,-105.222,-45.304,183.885,0.9651286373380289
123.4333,128.003463,37.822843,6051.2901071999995,-104.76,-45.287,183.866,0.9651286373380289
123.45,128.003459,37.822816,6048.086964,-104.224,-45.273,183.835,0.9651286373380289
123.4666,128.003455,37.82279,6044.8810776,-103.619,-45.26,183.794,0.9651286373380289
123.4833,128.003452,37.822763,6041.672448,-102.948,-45.249,183.748,0.9651286373380289
123.5,128.003448,37.822736,6038.4610752,-102.215,-45.239,183.697,0.9651286373380289
123.5166,128.003445,37.822709,6035.246959200001,-101.424,-45.229,183.643,0.9651286373380289
123.5333,128.003441,37.822682,6032.0301,-100.589,-45.218,183.603,0.9651286373380289
123.55,128.003437,37.822655,6028.8104976,-99.716,-45.205,183.582,0.9651286373380289
123.5666,128.003434,37.822628,6025.588152000001,-98.805,-45.191,183.577,0.9651286373380289
123.5833,128.00343,37.822601,6022.3627584000005,-97.855,-45.176,183.586,0.9651286373380289
123.6,128.003426,37.822574,6019.1346216,-96.867,-45.16,183.603,0.9651286373380289
123.6166,128.003422,37.822547,6015.9034368,-95.839,-45.144,183.628,0.9651286373380289
123.6333,128.003419,37.82252,6012.6698136,-94.808,-45.132,183.66,0.9651286373380289
123.65,128.003415,37.822493,6009.433142400001,-93.78,-45.125,183.696,0.9651286373380289
123.6666,128.003411,37.822466,6006.194032800001,-92.754,-45.121,183.736,0.9651286373380289
123.6833,128.003407,37.822439,6002.951875199999,-91.733,-45.119,183.779,0.9651286373380289
123.7,128.003404,37.822412,5999.707279200001,-90.718,-45.12,183.825,0.9651286373380289
123.7166,128.0034,37.822384,5996.4596352,-89.708,-45.121,183.872,0.9651286373380289
123.7333,128.003396,37.822357,5993.2101624,-88.797,-45.135,183.903,0.9651286373380289
123.75,128.003393,37.82233,5989.958251200001,-87.971,-45.159,183.902,0.9651286373380289
123.7666,128.003389,37.822303,5986.703901600001,-87.219,-45.189,183.865,0.9651286373380289
123.7833,128.003385,37.822276,5983.4474184,-86.538,-45.221,183.799,0.9651286373380289
123.8,128.003382,37.822249,5980.1888016,-85.923,-45.252,183.713,0.9651286373380289
123.8166,128.003378,37.822222,5976.9280512000005,-85.369,-45.28,183.613,0.9651286373380289
123.8333,128.003375,37.822195,5973.6642528,-84.798,-45.297,183.506,0.9651286373380289
123.85,128.003372,37.822168,5970.3983208,-84.206,-45.303,183.397,0.9651286373380289
123.8666,128.003368,37.822141,5967.129950400001,-83.589,-45.301,183.287,0.9651286373380289
123.8833,128.003365,37.822114,5963.8588368,-82.946,-45.293,183.177,0.9651286373380289
123.9,128.003361,37.822086,5960.58498,-82.277,-45.282,183.067,0.9651286373380289
123.9166,128.003358,37.822059,5957.3086848,-81.585,-45.269,182.957,0.9651286373380289
123.9333,128.003355,37.822032,5954.030256000001,-80.999,-45.269,182.862,0.9651286373380289
123.95,128.003352,37.822005,5950.7499984,-80.53,-45.284,182.798,0.9651286373380289
123.9666,128.003348,37.821978,5947.467302399999,-80.174,-45.31,182.766,0.9651286373380289
123.9833,128.003345,37.821951,5944.1827776,-79.919,-45.341,182.759,0.9651286373380289
124.0,128.003342,37.821924,5940.8964240000005,-79.752,-45.376,182.771,0.9651286373380289
124.0166,128.003339,37.821896,5937.608241600001,-79.659,-45.411,182.795,0.9651286373380289
124.0333,128.003336,37.821869,5934.3182304,-79.644,-45.445,182.829,0.9651286373380289
124.05,128.003333,37.821842,5931.027,-79.695,-45.48,182.869,0.9651286373380289
124.0666,128.00333,37.821815,5927.733940800001,-79.803,-45.513,182.913,0.9651286373380289
124.0833,128.003327,37.821788,5924.439052799999,-79.958,-45.545,182.96,0.9651286373380289
124.1,128.003324,37.821761,5921.142336,-80.153,-45.574,183.009,0.9651286373380289
124.1166,128.003322,37.821733,5917.8434856,-80.38,-45.602,183.059,0.9651286373380289
124.1333,128.003319,37.821706,5914.5434159999995,-80.647,-45.628,183.108,0.9651286373380289
124.15,128.003316,37.821679,5911.2412128000005,-80.948,-45.654,183.157,0.9651286373380289
124.1666,128.003313,37.821652,5907.936876,-81.279,-45.678,183.205,0.9651286373380289
124.1833,128.003311,37.821624,5904.631015200001,-81.634,-45.702,183.253,0.9651286373380289
124.2,128.003308,37.821597,5901.322716,-82.011,-45.724,183.3,0.9651286373380289
124.2166,128.003306,37.82157,5898.0125880000005,-82.405,-45.744,183.345,0.9651286373380289
124.2333,128.003303,37.821543,5894.7006312,-82.825,-45.765,183.39,0.9651286373380289
124.25,128.003301,37.821515,5891.3865408,-83.268,-45.785,183.433,0.9651286373380289
124.2666,128.003298,37.821488,5888.0703168,-83.731,-45.804,183.474,0.9651286373380289
124.2833,128.003296,37.821461,5884.752264000001,-84.212,-45.823,183.515,0.9651286373380289
124.3,128.003294,37.821434,5881.4317728000005,-84.707,-45.841,183.554,0.9651286373380289
124.3166,128.003291,37.821406,5878.109148,-85.215,-45.858,183.593,0.9651286373380289
124.3333,128.003289,37.821379,5874.7840848,-85.627,-45.863,183.624,0.9651286373380289
124.35,128.003287,37.821352,5871.4559736,-85.947,-45.857,183.648,0.9651286373380289
124.3666,128.003284,37.821325,5868.125728800001,-86.174,-45.844,183.666,0.9651286373380289
124.3833,128.003282,37.821297,5864.7927408000005,-86.307,-45.827,183.68,0.9651286373380289
124.4,128.00328,37.82127,5861.456704800001,-86.348,-45.807,183.691,0.9651286373380289
124.4166,128.003278,37.821243,5858.1179256,-86.299,-45.787,183.699,0.9651286373380289
124.4333,128.003275,37.821215,5854.7760984,-86.171,-45.765,183.713,0.9651286373380289
124.45,128.003273,37.821188,5851.4312232,-85.968,-45.744,183.733,0.9651286373380289
124.4666,128.00327,37.821161,5848.0829952,-85.691,-45.723,183.758,0.9651286373380289
124.4833,128.003268,37.821133,5844.7314144,-85.342,-45.702,183.787,0.9651286373380289
124.5,128.003265,37.821106,5841.3770904,-84.924,-45.683,183.818,0.9651286373380289
124.5166,128.003263,37.821079,5838.0191088,-84.438,-45.664,183.85,0.9651286373380289
124.5333,128.00326,37.821051,5834.658384000001,-83.887,-45.647,183.884,0.9651286373380289
124.55,128.003258,37.821024,5831.294001600001,-83.275,-45.63,183.918,0.9651286373380289
124.5666,128.003255,37.820997,5827.9268759999995,-82.605,-45.615,183.953,0.9651286373380289
124.5833,128.003253,37.820969,5824.5560928,-81.878,-45.601,183.99,0.9651286373380289
124.6,128.00325,37.820942,5821.1825664,-81.097,-45.589,184.027,0.9651286373380289
124.6166,128.003247,37.820915,5817.805382400001,-80.266,-45.577,184.065,0.9651286373380289
124.6333,128.003245,37.820887,5814.4251504,-79.386,-45.567,184.104,0.9651286373380289
124.65,128.003242,37.82086,5811.041870400001,-78.46,-45.558,184.144,0.9651286373380289
124.6666,128.003239,37.820832,5807.655237600001,-77.49,-45.55,184.185,0.9651286373380289
124.6833,128.003236,37.820805,5804.265252000001,-76.477,-45.544,184.226,0.9651286373380289
124.7,128.003233,37.820778,5800.8719136,-75.425,-45.538,184.269,0.9651286373380289
124.7166,128.003231,37.82075,5797.4752224,-74.334,-45.534,184.313,0.9651286373380289
124.7333,128.003228,37.820723,5794.0754832,-73.206,-45.531,184.358,0.9651286373380289
124.75,128.003225,37.820696,5790.672391200001,-72.043,-45.53,184.403,0.9651286373380289
124.7666,128.003222,37.820668,5787.265946400001,-70.847,-45.529,184.45,0.9651286373380289
124.7833,128.003219,37.820641,5783.8561488,-69.618,-45.53,184.498,0.9651286373380289
124.8,128.003216,37.820613,5780.4429984,-68.358,-45.532,184.547,0.9651286373380289
124.8166,128.003213,37.820586,5777.026800000001,-67.069,-45.536,184.596,0.9651286373380289
124.8333,128.00321,37.820558,5773.606944,-65.751,-45.541,184.647,0.9651286373380289
124.85,128.003207,37.820531,5770.1837352,-64.405,-45.547,184.698,0.9651286373380289
124.8666,128.003204,37.820504,5766.757173600001,-63.033,-45.554,184.751,0.9651286373380289
124.8833,128.003201,37.820476,5763.327564,-61.635,-45.563,184.804,0.9651286373380289
124.9,128.003198,37.820449,5759.894296800001,-60.212,-45.573,184.858,0.9651286373380289
124.9166,128.003195,37.820421,5756.457676800001,-58.766,-45.584,184.913,0.9651286373380289
124.9333,128.003192,37.820394,5753.017704,-57.296,-45.597,184.969,0.9651286373380289
124.95,128.003188,37.820367,5749.574378400001,-55.803,-45.612,185.025,0.9651286373380289
124.9666,128.003185,37.820339,5746.1277,-54.288,-45.627,185.083,0.9651286373380289
124.9833,128.003182,37.820312,5742.6776688,-52.751,-45.644,185.14,0.9651286373380289
125.0,128.003179,37.820284,5739.22398,-51.194,-45.663,185.199,0.9651286373380289
125.0166,128.003176,37.820257,5735.7672432,-49.616,-45.683,185.257,0.9651286373380289
125.0333,128.003173,37.820229,5732.3071536,-48.017,-45.704,185.317,0.9651286373380289
125.05,128.003169,37.820202,5728.843711200001,-46.399,-45.727,185.376,0.9651286373380289
125.0666,128.003166,37.820175,5725.376916,-44.761,-45.752,185.436,0.9651286373380289
125.0833,128.003163,37.820147,5721.906768,-43.104,-45.778,185.497,0.9651286373380289
125.1,128.00316,37.82012,5718.4332672,-41.428,-45.805,185.557,0.9651286373380289
125.1166,128.003156,37.820092,5714.9564136,-39.732,-45.834,185.618,0.9651286373380289
125.1333,128.003153,37.820065,5711.476207199999,-38.019,-45.865,185.678,0.9651286373380289
125.15,128.00315,37.820037,5707.9929528,-36.286,-45.897,185.739,0.9651286373380289
125.1666,128.003147,37.82001,5704.5060408,-34.535,-45.93,185.799,0.9651286373380289
125.1833,128.003143,37.819983,5701.0160808,-32.766,-45.966,185.86,0.9651286373380289
125.2,128.00314,37.819955,5697.522768,-30.979,-46.002,185.92,0.9651286373380289
125.2166,128.003137,37.819928,5694.0261024,-29.173,-46.041,185.98,0.9651286373380289
125.2333,128.003133,37.8199,5690.526084000001,-27.349,-46.08,186.039,0.9651286373380289
125.25,128.00313,37.819873,5687.0230176000005,-25.507,-46.122,186.098,0.9651286373380289
125.2666,128.003127,37.819845,5683.5165984,-23.647,-46.164,186.156,0.9651286373380289
125.2833,128.003123,37.819818,5680.0071312,-21.768,-46.209,186.213,0.9651286373380289
125.3,128.00312,37.81979,5676.494006400001,-19.872,-46.255,186.27,0.9651286373380289
125.3166,128.003117,37.819763,5672.977833600001,-17.956,-46.302,186.326,0.9651286373380289
125.3333,128.003113,37.819736,5669.4586128,-16.023,-46.351,186.381,0.9651286373380289
125.35,128.00311,37.819708,5665.9360392,-14.07,-46.401,186.434,0.9651286373380289
125.3666,128.003107,37.819681,5662.4101128,-12.1,-46.453,186.487,0.9651286373380289
125.3833,128.003103,37.819653,5658.881138400001,-10.11,-46.506,186.538,0.9651286373380289
125.4,128.0031,37.819626,5655.3488112000005,-8.102,-46.56,186.588,0.9651286373380289
125.4166,128.003097,37.819598,5651.813436,-6.074,-46.616,186.636,0.9651286373380289
125.4333,128.003093,37.819571,5648.274708,-4.028,-46.673,186.683,0.9651286373380289
125.45,128.00309,37.819543,5644.7326272,-1.962,-46.732,186.728,0.9651286373380289
125.4666,128.003086,37.819516,5641.1874984,0.121,-46.792,186.771,0.9651286373380289
125.4833,128.003083,37.819489,5637.6390168,2.226,-46.852,186.813,0.9651286373380289
125.5,128.00308,37.819461,5634.0874872,4.35,-46.914,186.852,0.9651286373380289
125.5166,128.003076,37.819434,5630.532604800001,6.494,-46.977,186.889,0.9651286373380289
125.5333,128.003073,37.819406,5626.9743696000005,8.657,-47.042,186.924,0.9651286373380289
125.55,128.003069,37.819379,5623.4130864,10.841,-47.107,186.957,0.9651286373380289
125.5666,128.003066,37.819351,5619.848450400001,13.044,-47.173,186.988,0.9651286373380289
125.5833,128.003063,37.819324,5616.280461599999,15.268,-47.239,187.016,0.9651286373380289
125.6,128.003059,37.819296,5612.709424800001,17.512,-47.307,187.041,0.9651286373380289
125.6166,128.003056,37.819269,5609.1350352,19.777,-47.375,187.064,0.9651286373380289
125.6333,128.003052,37.819241,5605.557292800001,22.062,-47.444,187.084,0.9651286373380289
125.65,128.003049,37.819214,5601.976197600001,24.368,-47.514,187.101,0.9651286373380289
125.6666,128.003046,37.819187,5598.3917496,26.695,-47.584,187.115,0.9651286373380289
125.6833,128.003042,37.819159,5594.8039488,29.042,-47.654,187.127,0.9651286373380289
125.7,128.003039,37.819132,5591.2127952,31.411,-47.725,187.135,0.9651286373380289
125.7166,128.003036,37.819104,5587.618288799999,33.8,-47.795,187.141,0.9651286373380289
125.7333,128.003032,37.819077,5584.0210392,36.043,-47.849,187.108,0.9651286373380289
125.75,128.003029,37.819049,5580.421351200001,38.147,-47.886,187.038,0.9651286373380289
125.7666,128.003025,37.819022,5576.819529599999,40.092,-47.91,186.946,0.9651286373380289
125.7833,128.003022,37.818994,5573.2164888,41.864,-47.928,186.842,0.9651286373380289
125.8,128.003018,37.818967,5569.611924000001,43.455,-47.942,186.733,0.9651286373380289
125.8166,128.003015,37.818939,5566.0067496,44.868,-47.954,186.625,0.9651286373380289
125.8333,128.003011,37.818912,5562.400660800001,46.106,-47.964,186.518,0.9651286373380289
125.85,128.003008,37.818884,5558.7942672,47.177,-47.973,186.416,0.9651286373380289
125.8666,128.003004,37.818857,5555.1875688,48.087,-47.981,186.317,0.9651286373380289
125.8833,128.003001,37.818829,5551.5811752,48.846,-47.988,186.222,0.9651286373380289
125.9,128.002997,37.818802,5547.9747816,49.46,-47.993,186.131,0.9651286373380289
125.9166,128.002993,37.818774,5544.3693023999995,49.937,-47.997,186.044,0.9651286373380289
125.9333,128.00299,37.818746,5540.7650424,50.268,-47.996,185.975,0.9651286373380289
125.95,128.002986,37.818719,5537.161696800001,50.46,-47.989,185.924,0.9651286373380289
125.9666,128.002982,37.818691,5533.559570400001,50.524,-47.978,185.887,0.9651286373380289
125.9833,128.002978,37.818663,5529.959577600001,50.47,-47.964,185.859,0.9651286373380289
126.0,128.002974,37.818636,5526.3611088,50.306,-47.948,185.838,0.9651286373380289
126.0166,128.00297,37.818608,5522.765078400001,50.04,-47.931,185.822,0.9651286373380289
126.0333,128.002966,37.81858,5519.1708768,49.673,-47.91,185.814,0.9651286373380289
126.05,128.002962,37.818553,5515.578504,49.212,-47.887,185.813,0.9651286373380289
126.0666,128.002958,37.818525,5511.98796,48.663,-47.861,185.817,0.9651286373380289
126.0833,128.002953,37.818497,5508.3992448,48.03,-47.834,185.826,0.9651286373380289
126.1,128.002949,37.818469,5504.8126632,47.319,-47.807,185.837,0.9651286373380289
126.1166,128.002944,37.818441,5501.227910400001,46.535,-47.778,185.85,0.9651286373380289
126.1333,128.00294,37.818413,5497.6452912,45.678,-47.748,185.867,0.9651286373380289
126.15,128.002935,37.818386,5494.0645008,44.754,-47.716,185.889,0.9651286373380289
126.1666,128.002931,37.818358,5490.485844,43.767,-47.682,185.913,0.9651286373380289
126.1833,128.002926,37.81833,5486.9093207999995,42.72,-47.647,185.938,0.9651286373380289
126.2,128.002921,37.818302,5483.3346264,41.618,-47.612,185.964,0.9651286373380289
126.2166,128.002917,37.818274,5479.762370400001,40.463,-47.577,185.991,0.9651286373380289
126.2333,128.002912,37.818246,5476.1925528,39.257,-47.539,186.021,0.9651286373380289
126.25,128.002907,37.818218,5472.6248688000005,38.003,-47.499,186.052,0.9651286373380289
126.2666,128.002902,37.81819,5469.059623200001,36.703,-47.458,186.084,0.9651286373380289
126.2833,128.002897,37.818162,5465.496816,35.362,-47.415,186.117,0.9651286373380289
126.3,128.002892,37.818133,5461.936447200001,33.982,-47.372,186.149,0.9651286373380289
126.3166,128.002887,37.818105,5458.3788216,32.564,-47.329,186.18,0.9651286373380289
126.3333,128.002882,37.818077,5454.8236344,31.11,-47.284,186.213,0.9651286373380289
126.35,128.002877,37.818049,5451.271495200001,29.622,-47.235,186.246,0.9651286373380289
126.3666,128.002871,37.818021,5447.7220992,28.103,-47.185,186.279,0.9651286373380289
126.3833,128.002866,37.817992,5444.1754464000005,26.554,-47.134,186.312,0.9651286373380289
126.4,128.002861,37.817964,5440.6318416,24.977,-47.083,186.342,0.9651286373380289
126.4166,128.002855,37.817936,5437.0912848,23.374,-47.031,186.371,0.9651286373380289
126.4333,128.00285,37.817907,5433.5540808,21.747,-46.977,186.399,0.9651286373380289
126.45,128.002845,37.817879,5430.019924800001,20.097,-46.921,186.425,0.9651286373380289
126.4666,128.002839,37.81785,5426.4891216,18.425,-46.864,186.449,0.9651286373380289
126.4833,128.002834,37.817822,5422.9616712,16.733,-46.806,186.471,0.9651286373380289
126.5,128.002828,37.817793,5419.4375736,15.021,-46.748,186.49,0.9651286373380289
126.5166,128.002823,37.817765,5415.916828800001,13.29,-46.69,186.507,0.9651286373380289
126.5333,128.002817,37.817736,5412.3997416,11.542,-46.631,186.52,0.9651286373380289
126.55,128.002812,37.817708,5408.886312,9.778,-46.573,186.531,0.9651286373380289
126.5666,128.002806,37.817679,5405.37654,7.999,-46.514,186.539,0.9651286373380289
126.5833,128.0028,37.81765,5401.8707304,6.204,-46.456,186.543,0.9651286373380289
126.6,128.002795,37.817621,5398.3682736,4.394,-46.398,186.545,0.9651286373380289
126.6166,128.002789,37.817592,5394.870084000001,2.569,-46.341,186.544,0.9651286373380289
126.6333,128.002784,37.817564,5391.375247200001,0.731,-46.285,186.539,0.9651286373380289
126.65,128.002778,37.817535,5387.8846776,-1.119,-46.23,186.531,0.9651286373380289
126.6666,128.002772,37.817506,5384.397460800001,-2.982,-46.176,186.52,0.9651286373380289
126.6833,128.002767,37.817477,5380.914511200001,-4.859,-46.124,186.506,0.9651286373380289
126.7,128.002761,37.817448,5377.435219200001,-6.748,-46.073,186.49,0.9651286373380289
126.7166,128.002755,37.817418,5373.9598896,-8.65,-46.023,186.47,0.9651286373380289
126.7333,128.00275,37.817389,5370.4885224,-10.563,-45.975,186.448,0.9651286373380289
126.75,128.002744,37.81736,5367.0208128,-12.489,-45.929,186.423,0.9651286373380289
126.7666,128.002739,37.817331,5363.556760800001,-14.426,-45.884,186.395,0.9651286373380289
126.7833,128.002733,37.817301,5360.0966712,-16.375,-45.842,186.365,0.9651286373380289
126.8,128.002727,37.817272,5356.6402392,-18.336,-45.8,186.333,0.9651286373380289
126.8166,128.002722,37.817243,5353.18716,-20.309,-45.76,186.298,0.9651286373380289
126.8333,128.002716,37.817213,5349.737738400001,-22.294,-45.723,186.262,0.9651286373380289
126.85,128.002711,37.817184,5346.2916696,-24.29,-45.688,186.224,0.9651286373380289
126.8666,128.002706,37.817154,5342.8492584000005,-26.299,-45.656,186.184,0.9651286373380289
126.8833,128.0027,37.817125,5339.4098952,-28.319,-45.626,186.143,0.9651286373380289
126.9,128.002695,37.817095,5335.97358,-30.351,-45.597,186.1,0.9651286373380289
126.9166,128.00269,37.817065,5332.5406176,-32.395,-45.57,186.055,0.9651286373380289
126.9333,128.002684,37.817035,5329.1103984,-34.451,-45.545,186.009,0.9651286373380289
126.95,128.002679,37.817006,5325.6829224,-36.519,-45.523,185.962,0.9651286373380289
126.9666,128.002674,37.816976,5322.2581896,-38.6,-45.503,185.915,0.9651286373380289
126.9833,128.002669,37.816946,5318.8358952,-40.692,-45.485,185.866,0.9651286373380289
127.0,128.002664,37.816916,5315.416039199999,-42.796,-45.468,185.816,0.9651286373380289
127.0166,128.002659,37.816886,5311.9986216,-44.911,-45.453,185.765,0.9651286373380289
127.0333,128.002654,37.816856,5308.582728,-47.04,-45.441,185.714,0.9651286373380289
127.05,128.002649,37.816826,5305.168968,-49.181,-45.431,185.664,0.9651286373380289
127.0666,128.002645,37.816796,5301.757036800001,-51.335,-45.424,185.614,0.9651286373380289
127.0833,128.00264,37.816766,5298.346324800001,-53.501,-45.418,185.564,0.9651286373380289
127.1,128.002635,37.816736,5294.9371368,-55.679,-45.414,185.513,0.9651286373380289
127.1166,128.002631,37.816706,5291.529168,-57.868,-45.412,185.461,0.9651286373380289
127.1333,128.002626,37.816676,5288.1205896,-59.924,-45.4,185.422,0.9651286373380289
127.15,128.002622,37.816645,5284.7117064,-61.847,-45.38,185.397,0.9651286373380289
127.1666,128.002618,37.816615,5281.302518400001,-63.645,-45.356,185.378,0.9651286373380289
127.1833,128.002613,37.816585,5277.8927208,-65.329,-45.332,185.359,0.9651286373380289
127.2,128.002609,37.816555,5274.481704,-66.914,-45.313,185.339,0.9651286373380289
127.2166,128.002605,37.816524,5271.0691632,-68.417,-45.299,185.314,0.9651286373380289
127.2333,128.002601,37.816494,5267.6547936,-69.719,-45.276,185.283,0.9651286373380289
127.25,128.002596,37.816464,5264.2379856,-70.839,-45.245,185.246,0.9651286373380289
127.2666,128.002592,37.816434,5260.8193488,-71.803,-45.211,185.202,0.9651286373380289
127.2833,128.002588,37.816403,5257.397968800001,-72.633,-45.18,185.152,0.9651286373380289
127.3,128.002584,37.816373,5253.9738456000005,-73.353,-45.153,185.097,0.9651286373380289
127.3166,128.00258,37.816343,5250.547284000001,-73.985,-45.132,185.038,0.9651286373380289
127.3333,128.002576,37.816312,5247.117979200001,-74.54,-45.117,184.984,0.9651286373380289
127.35,128.002572,37.816282,5243.6862360000005,-75.036,-45.108,184.937,0.9651286373380289
127.3666,128.002568,37.816251,5240.252359200001,-75.485,-45.103,184.895,0.9651286373380289
127.3833,128.002564,37.816221,5236.816044,-75.897,-45.102,184.855,0.9651286373380289
127.4,128.00256,37.816191,5233.3772904,-76.282,-45.105,184.816,0.9651286373380289
127.4166,128.002556,37.81616,5229.9364032,-76.646,-45.109,184.778,0.9651286373380289
127.4333,128.002553,37.81613,5226.4930776,-77.004,-45.119,184.759,0.9651286373380289
127.45,128.002549,37.816099,5223.0476184,-77.361,-45.133,184.761,0.9651286373380289
127.4666,128.002545,37.816069,5219.5997208,-77.716,-45.15,184.776,0.9651286373380289
127.4833,128.002541,37.816039,5216.1493848,-78.068,-45.17,184.798,0.9651286373380289
127.5,128.002538,37.816008,5212.696915200001,-78.417,-45.19,184.824,0.9651286373380289
127.5166,128.002534,37.815978,5209.2417024,-78.762,-45.211,184.852,0.9651286373380289
127.5333,128.00253,37.815947,5205.7840512,-79.05,-45.227,184.859,0.9651286373380289
127.55,128.002527,37.815917,5202.3239616,-79.267,-45.234,184.826,0.9651286373380289
127.5666,128.002523,37.815886,5198.860824,-79.415,-45.234,184.749,0.9651286373380289
127.5833,128.00252,37.815856,5195.395248,-79.509,-45.23,184.639,0.9651286373380289
127.6,128.002516,37.815825,5191.9272336,-79.562,-45.225,184.51,0.9651286373380289
127.6166,128.002513,37.815795,5188.4567808,-79.587,-45.22,184.37,0.9651286373380289
127.6333,128.002509,37.815764,5184.9832799999995,-79.593,-45.217,184.243,0.9651286373380289
127.65,128.002506,37.815734,5181.5073408,-79.593,-45.217,184.138,0.9651286373380289
127.6666,128.002502,37.815703,5178.0286584000005,-79.589,-45.221,184.052,0.9651286373380289
127.6833,128.002499,37.815673,5174.5475376,-79.58,-45.227,183.978,0.9651286373380289
127.7,128.002496,37.815642,5171.0639784,-79.566,-45.235,183.913,0.9651286373380289
127.7166,128.002492,37.815612,5167.5779808,-79.546,-45.244,183.851,0.9651286373380289
127.7333,128.002489,37.815581,5164.0886304,-79.49,-45.253,183.818,0.9651286373380289
127.75,128.002486,37.815551,5160.596536800001,-79.403,-45.261,183.816,0.9651286373380289
127.7666,128.002483,37.81552,5157.1010904,-79.286,-45.271,183.839,0.9651286373380289
127.7833,128.002479,37.815489,5153.6029008000005,-79.138,-45.284,183.877,0.9651286373380289
127.8,128.002476,37.815459,5150.101968,-78.96,-45.298,183.921,0.9651286373380289
127.8166,128.002473,37.815428,5146.598292000001,-78.755,-45.315,183.967,0.9651286373380289
127.8333,128.00247,37.815398,5143.0912632,-78.431,-45.323,183.996,0.9651286373380289
127.85,128.002467,37.815367,5139.5808816,-77.988,-45.321,183.998,0.9651286373380289
127.8666,128.002463,37.815337,5136.0671472,-77.442,-45.313,183.978,0.9651286373380289
127.8833,128.00246,37.815306,5132.5500600000005,-76.811,-45.304,183.944,0.9651286373380289
127.9,128.002457,37.815275,5129.0302296,-76.113,-45.297,183.901,0.9651286373380289
127.9166,128.002454,37.815245,5125.5070464,-75.362,-45.291,183.854,0.9651286373380289
127.9333,128.002451,37.815214,5121.981424800001,-74.577,-45.286,183.781,0.9651286373380289
127.95,128.002448,37.815183,5118.4536696000005,-73.77,-45.278,183.685,0.9651286373380289
127.9666,128.002444,37.815153,5114.9231712,-72.952,-45.27,183.575,0.9651286373380289
127.9833,128.002441,37.815122,5111.3899296,-72.132,-45.26,183.458,0.9651286373380289
128.0,128.002438,37.815091,5107.8545544,-71.313,-45.249,183.339,0.9651286373380289
128.0166,128.002435,37.815061,5104.3167408,-70.499,-45.237,183.221,0.9651286373380289
128.0333,128.002432,37.81503,5100.775269600001,-69.621,-45.223,183.129,0.9651286373380289
128.05,128.002429,37.814999,5097.231055200001,-68.698,-45.212,183.086,0.9651286373380289
128.0666,128.002426,37.814969,5093.683488000001,-67.727,-45.209,183.088,0.9651286373380289
128.0833,128.002423,37.814938,5090.1322632,-66.697,-45.213,183.122,0.9651286373380289
128.1,128.00242,37.814907,5086.5776856,-65.599,-45.223,183.174,0.9651286373380289
128.1166,128.002417,37.814876,5083.0188408,-64.431,-45.237,183.236,0.9651286373380289
128.1333,128.002414,37.814846,5079.4578624,-63.426,-45.269,183.289,0.9651286373380289
128.15,128.002411,37.814815,5075.8941408,-62.574,-45.319,183.332,0.9651286373380289
128.1666,128.002408,37.814784,5072.3270664,-61.884,-45.379,183.366,0.9651286373380289
128.1833,128.002405,37.814753,5068.7578584,-61.362,-45.441,183.397,0.9651286373380289
128.2,128.002402,37.814723,5065.1859072,-60.986,-45.501,183.428,0.9651286373380289
128.2166,128.002399,37.814692,5061.6118224,-60.733,-45.557,183.46,0.9651286373380289
128.2333,128.002396,37.814661,5058.034079999999,-60.388,-45.587,183.488,0.9651286373380289
128.25,128.002393,37.81463,5054.4532896,-59.951,-45.594,183.511,0.9651286373380289
128.2666,128.00239,37.8146,5050.8694512,-59.413,-45.588,183.528,0.9651286373380289
128.2833,128.002387,37.814569,5047.2819552,-58.766,-45.577,183.54,0.9651286373380289
128.3,128.002385,37.814538,5043.690801600001,-58.012,-45.564,183.548,0.9651286373380289
128.3166,128.002382,37.814507,5040.0953808,-57.154,-45.553,183.553,0.9651286373380289
128.3333,128.002379,37.814476,5036.4966072,-56.185,-45.534,183.537,0.9651286373380289
128.35,128.002376,37.814446,5032.894176,-55.107,-45.504,183.495,0.9651286373380289
128.3666,128.002373,37.814415,5029.287782400001,-53.933,-45.465,183.436,0.9651286373380289
128.3833,128.00237,37.814384,5025.678036,-52.673,-45.422,183.369,0.9651286373380289
128.4,128.002367,37.814353,5022.064327200001,-51.335,-45.378,183.3,0.9651286373380289
128.4166,128.002364,37.814322,5018.447265600001,-49.926,-45.333,183.232,0.9651286373380289
128.4333,128.002361,37.814291,5014.826241600001,-48.466,-45.299,183.186,0.9651286373380289
128.45,128.002358,37.814261,5011.201255200001,-46.969,-45.286,183.178,0.9651286373380289
128.4666,128.002355,37.81423,5007.572916,-45.435,-45.295,183.203,0.9651286373380289
128.4833,128.002352,37.814199,5003.9406144,-43.859,-45.318,183.251,0.9651286373380289
128.5,128.002349,37.814168,5000.3046552000005,-42.234,-45.35,183.311,0.9651286373380289
128.5166,128.002345,37.814137,4996.6650384,-40.558,-45.387,183.376,0.9651286373380289
128.5333,128.002342,37.814106,4993.0214592,-38.832,-45.422,183.441,0.9651286373380289
128.55,128.002339,37.814076,4989.374527200001,-37.056,-45.456,183.505,0.9651286373380289
128.5666,128.002336,37.814045,4985.723632800001,-35.23,-45.488,183.567,0.9651286373380289
128.5833,128.002333,37.814014,4982.0693856,-33.354,-45.52,183.626,0.9651286373380289
128.6,128.00233,37.813983,4978.410871200001,-31.431,-45.553,183.683,0.9651286373380289
128.6166,128.002327,37.813952,4974.749004,-29.461,-45.586,183.737,0.9651286373380289
128.6333,128.002324,37.813921,4971.085308,-27.665,-45.614,183.755,0.9651286373380289
128.65,128.002321,37.81389,4967.4197832,-26.037,-45.619,183.726,0.9651286373380289
128.6666,128.002318,37.813859,4963.753039200001,-24.562,-45.581,183.653,0.9651286373380289
128.6833,128.002315,37.813829,4960.085076,-23.229,-45.505,183.558,0.9651286373380289
128.7,128.002312,37.813798,4956.4165032,-22.025,-45.402,183.457,0.9651286373380289
128.7166,128.002309,37.813767,4952.747930400001,-20.932,-45.284,183.36,0.9651286373380289
128.7333,128.002306,37.813736,4949.079357600001,-19.971,-45.171,183.276,0.9651286373380289
128.75,128.002303,37.813705,4945.4116992,-19.127,-45.077,183.209,0.9651286373380289
128.7666,128.0023,37.813673,4941.744955200001,-18.378,-45.013,183.165,0.9651286373380289
128.7833,128.002297,37.813642,4938.08004,-17.703,-44.973,183.138,0.9651286373380289
128.8,128.002294,37.813611,4934.415429600001,-17.081,-44.946,183.124,0.9651286373380289
128.8166,128.002292,37.81358,4930.7517336,-16.497,-44.926,183.117,0.9651286373380289
128.8333,128.002289,37.813549,4927.089561600001,-16.037,-44.93,183.118,0.9651286373380289
128.85,128.002286,37.813518,4923.4295232,-15.692,-44.963,183.126,0.9651286373380289
128.8666,128.002283,37.813486,4919.7713136,-15.443,-45.015,183.142,0.9651286373380289
128.8833,128.00228,37.813455,4916.1155424,-15.274,-45.076,183.165,0.9651286373380289
128.9,128.002278,37.813424,4912.4603808,-15.167,-45.14,183.192,0.9651286373380289
128.9166,128.002275,37.813392,4908.8064384,-15.107,-45.202,183.223,0.9651286373380289
128.9333,128.002272,37.813361,4905.1531056,-15.083,-45.262,183.256,0.9651286373380289
128.95,128.002269,37.813329,4901.500077600001,-15.083,-45.318,183.29,0.9651286373380289
128.9666,128.002267,37.813298,4897.8473544,-15.1,-45.37,183.324,0.9651286373380289
128.9833,128.002264,37.813267,4894.1946312,-15.13,-45.419,183.357,0.9651286373380289
129.0,128.002261,37.813235,4890.541908,-15.167,-45.465,183.39,0.9651286373380289
129.0166,128.002259,37.813203,4886.88888,-15.211,-45.508,183.422,0.9651286373380289
129.0333,128.002256,37.813172,4883.2352424,-15.125,-45.528,183.46,0.9651286373380289
129.05,128.002253,37.81314,4879.5803856,-14.911,-45.51,183.496,0.9651286373380289
129.0666,128.002251,37.813109,4875.924919200001,-14.558,-45.439,183.52,0.9651286373380289
129.0833,128.002248,37.813077,4872.2673192,-14.067,-45.331,183.531,0.9651286373380289
129.1,128.002245,37.813046,4868.6072808,-13.446,-45.203,183.533,0.9651286373380289
129.1166,128.002243,37.813014,4864.9451088000005,-12.719,-45.067,183.529,0.9651286373380289
129.1333,128.00224,37.812982,4861.2823272000005,-12.056,-44.945,183.509,0.9651286373380289
129.15,128.002237,37.812951,4857.6183264,-11.477,-44.854,183.478,0.9651286373380289
129.1666,128.002235,37.812919,4853.954020800001,-10.99,-44.809,183.451,0.9651286373380289
129.1833,128.002232,37.812887,4850.2894104,-10.594,-44.805,183.437,0.9651286373380289
129.2,128.00223,37.812855,4846.6254096,-10.278,-44.826,183.435,0.9651286373380289
129.2166,128.002227,37.812824,4842.9620184000005,-10.025,-44.861,183.443,0.9651286373380289
129.2333,128.002224,37.812792,4839.2998464,-9.838,-44.905,183.456,0.9651286373380289
129.25,128.002222,37.81276,4835.6385888,-9.705,-44.956,183.472,0.9651286373380289
129.2666,128.002219,37.812728,4831.9776360000005,-9.611,-45.009,183.489,0.9651286373380289
129.2833,128.002217,37.812696,4828.3166832,-9.547,-45.061,183.508,0.9651286373380289
129.3,128.002214,37.812664,4824.655730400001,-9.505,-45.11,183.527,0.9651286373380289
129.3166,128.002211,37.812632,4820.9947776,-9.481,-45.157,183.547,0.9651286373380289
129.3333,128.002209,37.8126,4817.331996000001,-9.455,-45.202,183.568,0.9651286373380289
129.35,128.002206,37.812568,4813.6689096,-9.425,-45.243,183.59,0.9651286373380289
129.3666,128.002204,37.812536,4810.004604,-9.388,-45.282,183.613,0.9651286373380289
129.3833,128.002201,37.812504,4806.339384,-9.345,-45.319,183.635,0.9651286373380289
129.4,128.002199,37.812472,4802.6732496,-9.296,-45.354,183.656,0.9651286373380289
129.4166,128.002196,37.81244,4799.0062008,-9.243,-45.387,183.676,0.9651286373380289
129.4333,128.002194,37.812408,4795.3397616,-9.201,-45.4,183.687,0.9651286373380289
129.45,128.002191,37.812376,4791.673932000001,-9.169,-45.376,183.687,0.9651286373380289
129.4666,128.002188,37.812344,4788.0081024,-9.144,-45.297,183.673,0.9651286373380289
129.4833,128.002186,37.812312,4784.343492000001,-9.124,-45.153,183.644,0.9651286373380289
129.5,128.002183,37.812279,4780.6788816,-9.11,-44.964,183.606,0.9651286373380289
129.5166,128.002181,37.812247,4777.0148808,-9.103,-44.751,183.563,0.9651286373380289
129.5333,128.002178,37.812215,4773.3530136,-9.146,-44.533,183.514,0.9651286373380289
129.55,128.002176,37.812182,4769.692670400001,-9.237,-44.33,183.465,0.9651286373380289
129.5666,128.002173,37.81215,4766.034156,-9.375,-44.16,183.42,0.9651286373380289
129.5833,128.002171,37.812118,4762.376556,-9.557,-44.041,183.388,0.9651286373380289
129.6,128.002168,37.812085,4758.7198704,-9.781,-43.99,183.374,0.9651286373380289
129.6166,128.002166,37.812053,4755.0640992,-10.038,-43.997,183.375,0.9651286373380289
129.6333,128.002164,37.81202,4751.408023200001,-10.257,-44.043,183.394,0.9651286373380289
129.65,128.002161,37.811988,4747.7513376,-10.431,-44.111,183.423,0.9651286373380289
129.6666,128.002159,37.811955,4744.0940424,-10.562,-44.181,183.456,0.9651286373380289
129.6833,128.002156,37.811923,4740.4349184,-10.65,-44.247,183.487,0.9651286373380289
129.7,128.002154,37.81189,4736.7757943999995,-10.703,-44.307,183.514,0.9647843642828428
129.7166,128.002151,37.811857,4733.115756,-10.729,-44.362,183.537,0.9644407836049685
129.7333,128.002149,37.811825,4729.4544984,-10.728,-44.414,183.555,0.9640979032248492
129.75,128.002146,37.811792,4725.7926312,-10.707,-44.463,183.57,0.963755397200357
129.7666,128.002144,37.811759,4722.1295448,-10.672,-44.509,183.583,0.9634132810351334
129.7833,128.002142,37.811727,4718.4658488000005,-10.629,-44.553,183.594,0.9630718653562566
129.8,128.002139,37.811694,4714.8012384,-10.581,-44.596,183.604,0.9627308367461864
129.8166,128.002137,37.811661,4711.135713600001,-10.529,-44.636,183.613,0.9623905399707191
129.8333,128.002134,37.811628,4707.4692744,-10.478,-44.675,183.62,0.9620506508373322
129.85,128.002132,37.811596,4703.801616000001,-10.427,-44.712,183.626,0.9617115171212212
129.8666,128.002129,37.811563,4700.1330432,-10.379,-44.747,183.63,0.9613724973344889
129.8833,128.002127,37.81153,4696.4632512,-10.333,-44.781,183.634,0.9610342517953726
129.9,128.002125,37.811497,4692.79224,-10.289,-44.812,183.637,0.9606964767947913
129.9166,128.002122,37.811464,4689.1200096,-10.248,-44.843,183.64,0.960359502393168
129.9333,128.00212,37.811431,4685.4468648,-10.213,-44.871,183.643,0.9600230539277977
129.95,128.002117,37.811398,4681.772500800001,-10.185,-44.899,183.644,0.9596871239221543
129.9666,128.002115,37.811365,4678.0966128,-10.163,-44.925,183.646,0.9593517648380356
129.9833,128.002113,37.811333,4674.4192008,-10.144,-44.949,183.647,0.9590169731767002
130.0,128.00211,37.8113,4670.7405696,-10.129,-44.973,183.648,0.9586824463112079
130.0166,128.002108,37.811267,4667.060719200001,-10.117,-44.995,183.649,0.9583485616908279
130.0333,128.002105,37.811234,4663.3793448,-10.11,-45.016,183.65,0.9580153155375589
130.05,128.002103,37.8112,4659.6964464,-10.108,-45.036,183.65,0.9576824143796022
130.0666,128.002101,37.811167,4656.012024,-10.109,-45.055,183.65,0.9573505265654583
130.0833,128.002098,37.811134,4652.326077600001,-10.113,-45.073,183.651,0.9570193444313797
130.1,128.002096,37.811101,4648.6386072000005,-10.119,-45.09,183.651,0.9566885723491787
130.1166,128.002094,37.811068,4644.949308,-10.127,-45.107,183.651,0.9563585508099308
130.1333,128.002091,37.811035,4641.2603136,-10.257,-45.116,183.638,0.9560289727942043
130.15,128.002089,37.811002,4637.570709600001,-10.503,-45.117,183.611,0.9557001830867995
130.1666,128.002086,37.810969,4633.8814104,-10.856,-45.114,183.58,0.9553718635466818
130.1833,128.002084,37.810935,4630.192720800001,-11.301,-45.107,183.551,0.9550440371825716
130.2,128.002082,37.810902,4626.5052504000005,-11.822,-45.098,183.529,0.9547170365280151
130.2166,128.002079,37.810869,4622.8165608,-12.399,-45.088,183.512,0.9543905358916098
130.2333,128.002077,37.810836,4619.1275664,-12.896,-45.066,183.509,0.9543905358916098
130.25,128.002075,37.810802,4615.437352800001,-13.303,-45.033,183.517,0.9543905358916098
130.2666,128.002072,37.810769,4611.7456152,-13.621,-44.993,183.529,0.9543905358916098
130.2833,128.00207,37.810736,4608.0520488,-13.856,-44.95,183.537,0.9543905358916098
130.3,128.002068,37.810702,4604.356348800001,-14.023,-44.909,183.538,0.9543905358916098
130.3166,128.002065,37.810669,4600.6579056,-14.137,-44.87,183.534,0.9543905358916098
130.3333,128.002063,37.810635,4596.9579384,-14.217,-44.85,183.531,0.9543905358916098
130.35,128.002061,37.810602,4593.2558376,-14.274,-44.848,183.53,0.9543905358916098
130.3666,128.002058,37.810569,4589.5522128,-14.318,-44.858,183.531,0.9543905358916098
130.3833,128.002056,37.810535,4585.8470640000005,-14.354,-44.874,183.534,0.9543905358916098
130.4,128.002054,37.810502,4582.140086400001,-14.386,-44.891,183.537,0.9543905358916098
130.4166,128.002052,37.810468,4578.431280000001,-14.416,-44.908,183.54,0.9543905358916098
130.4333,128.002049,37.810435,4574.7209496000005,-14.44,-44.924,183.542,0.9543905358916098
130.45,128.002047,37.810401,4571.0090952,-14.46,-44.94,183.543,0.9543905358916098
130.4666,128.002045,37.810368,4567.295412,-14.477,-44.954,183.542,0.9543905358916098
130.4833,128.002042,37.810334,4563.5802048000005,-14.492,-44.968,183.541,0.9543905358916098
130.5,128.00204,37.8103,4559.8631688000005,-14.507,-44.981,183.539,0.9543905358916098
130.5166,128.002038,37.810267,4556.144304,-14.522,-44.993,183.538,0.9543905358916098
130.5333,128.002036,37.810233,4552.4239152,-14.538,-45.005,183.536,0.9543905358916098
130.55,128.002033,37.8102,4548.7016976,-14.555,-45.016,183.534,0.9543905358916098
130.5666,128.002031,37.810166,4544.977956,-14.573,-45.027,183.532,0.9543905358916098
130.5833,128.002029,37.810132,4541.2520808,-14.591,-45.037,183.53,0.9543905358916098
130.6,128.002026,37.810099,4537.5246816,-14.61,-45.047,183.527,0.9543905358916098
130.6166,128.002024,37.810065,4533.7954536,-14.629,-45.056,183.525,0.9543905358916098
130.6333,128.002022,37.810031,4530.0643968,-14.649,-45.065,183.522,0.9543905358916098
130.65,128.00202,37.809998,4526.331816,-14.671,-45.073,183.52,0.9543905358916098
130.6666,128.002017,37.809964,4522.5971016,-14.693,-45.081,183.518,0.9543905358916098
130.6833,128.002015,37.80993,4518.8608632000005,-14.716,-45.089,183.516,0.9543905358916098
130.7,128.002013,37.809896,4515.122491200001,-14.738,-45.096,183.514,0.9543905358916098
130.7166,128.002011,37.809863,4511.3825952,-14.76,-45.103,183.511,0.9543905358916098
130.7333,128.002008,37.809829,4507.6393464,-14.663,-45.105,183.531,0.9543905358916098
130.75,128.002006,37.809795,4503.8927448,-14.452,-45.104,183.572,0.9543905358916098
130.7666,128.002004,37.809761,4500.1430952,-14.113,-45.101,183.622,0.9543905358916098
130.7833,128.002002,37.809727,4496.389178400001,-13.634,-45.098,183.672,0.9543905358916098
130.8,128.002,37.809694,4492.6309944,-13.016,-45.097,183.717,0.9543905358916098
130.8166,128.001997,37.80966,4488.8682384,-12.265,-45.098,183.756,0.9543905358916098
130.8333,128.001995,37.809626,4485.100300800001,-11.394,-45.099,183.792,0.9543905358916098
130.85,128.001993,37.809592,4481.3268768,-10.413,-45.103,183.827,0.9543905358916098
130.8666,128.001991,37.809558,4477.5479664,-9.33,-45.109,183.86,0.9543905358916098
130.8833,128.001988,37.809525,4473.7641792,-8.152,-45.116,183.893,0.9543905358916098
130.9,128.001986,37.809491,4469.9749056,-6.886,-45.125,183.925,0.9543905358916098
130.9166,128.001984,37.809457,4466.1807552,-5.536,-45.137,183.956,0.9543905358916098
130.9333,128.001981,37.809423,4462.3814232,-4.108,-45.15,183.986,0.9543905358916098
130.95,128.001979,37.809389,4458.5769096,-2.606,-45.166,184.014,0.9543905358916098
130.9666,128.001977,37.809356,4454.767824,-1.034,-45.185,184.041,0.9543905358916098
130.9833,128.001975,37.809322,4450.9535568,0.6,-45.205,184.067,0.9543905358916098
131.0,128.001972,37.809288,4447.1347176,2.297,-45.228,184.091,0.9543905358916098
131.0166,128.00197,37.809254,4443.3110016,4.051,-45.253,184.113,0.9543905358916098
131.0333,128.001968,37.80922,4439.4833232,5.857,-45.262,184.136,0.9543905358916098
131.05,128.001965,37.809187,4435.6513776,7.713,-45.255,184.16,0.9543905358916098
131.0666,128.001963,37.809153,4431.81486,9.614,-45.241,184.184,0.9543905358916098
131.0833,128.001961,37.809119,4427.974380000001,11.559,-45.225,184.209,0.9543905358916098
131.1,128.001959,37.809085,4424.129632800001,13.547,-45.212,184.232,0.9543905358916098
131.1166,128.001956,37.809051,4420.2809232,15.573,-45.205,184.255,0.9543905358916098
131.1333,128.001954,37.809018,4416.4288608,17.63,-45.182,184.284,0.9543905358916098
131.15,128.001952,37.808984,4412.574055200001,19.71,-45.127,184.33,0.9543905358916098
131.1666,128.001949,37.80895,4408.717116,21.801,-45.022,184.405,0.9543905358916098
131.1833,128.001947,37.808916,4404.8571288,23.907,-44.882,184.505,0.9543905358916098
131.2,128.001945,37.808882,4400.9947032,26.034,-44.729,184.617,0.9543905358916098
131.2166,128.001943,37.808848,4397.129839200001,28.184,-44.581,184.734,0.9543905358916098
131.2333,128.00194,37.808814,4393.263756,30.347,-44.423,184.868,0.9543905358916098
131.25,128.001938,37.80878,4389.3964536,32.508,-44.24,185.036,0.9543905358916098
131.2666,128.001935,37.808746,4385.5291512,34.66,-44.021,185.251,0.9543905358916098
131.2833,128.001933,37.808712,4381.6606296,36.812,-43.784,185.499,0.9543905358916098
131.3,128.001931,37.808678,4377.791498400001,38.976,-43.549,185.761,0.9543905358916098
131.3166,128.001928,37.808644,4373.9223672,41.162,-43.33,186.025,0.9543905358916098
131.3333,128.001926,37.80861,4370.0535408000005,43.356,-43.115,186.307,0.9543905358916098
131.35,128.001923,37.808576,4366.1856288,45.547,-42.892,186.624,0.9543905358916098
131.3666,128.00192,37.808542,4362.318936000001,47.725,-42.652,186.992,0.9543905358916098
131.3833,128.001918,37.808508,4358.4528528,49.902,-42.407,187.397,0.9543905358916098
131.4,128.001915,37.808473,4354.587684,52.095,-42.173,187.814,0.9543905358916098
131.4166,128.001912,37.808439,4350.723429600001,54.314,-41.96,188.228,0.9543905358916098
131.4333,128.001909,37.808405,4346.8603944,56.562,-41.771,188.636,0.9543905358916098
131.45,128.001906,37.80837,4342.9985784,58.839,-41.607,189.035,0.9543905358916098
131.4666,128.001903,37.808336,4339.1376768,61.146,-41.467,189.425,0.9543905358916098
131.4833,128.001899,37.808302,4335.277384800001,63.484,-41.35,189.809,0.9543905358916098
131.5,128.001896,37.808267,4331.4180072,65.855,-41.255,190.185,0.9543905358916098
131.5166,128.001892,37.808233,4327.5589344,68.26,-41.179,190.556,0.9543905358916098
131.5333,128.001889,37.808198,4323.7001664,70.406,-41.105,190.915,0.9543905358916098
131.55,128.001885,37.808164,4319.841703200001,72.308,-41.031,191.262,0.9543905358916098
131.5666,128.001881,37.808129,4315.9844592,73.965,-40.965,191.604,0.9543905358916098
131.5833,128.001877,37.808095,4312.12752,75.388,-40.913,191.945,0.9543905358916098
131.6,128.001873,37.80806,4308.271495200001,76.625,-40.878,192.286,0.9543905358916098
131.6166,128.001868,37.808025,4304.416384800001,77.725,-40.86,192.628,0.9543905358916098
131.6333,128.001863,37.807991,4300.5609696,78.622,-40.85,192.97,0.9543905358916098
131.65,128.001859,37.807956,4296.7058592,79.337,-40.843,193.309,0.9543905358916098
131.6666,128.001854,37.807922,4292.8510536,79.88,-40.839,193.645,0.9543905358916098
131.6833,128.001848,37.807887,4288.9965528,80.283,-40.84,193.98,0.9543905358916098
131.7,128.001843,37.807853,4285.1426616,80.577,-40.847,194.312,0.9543905358916098
131.7166,128.001837,37.807818,4281.2890752,80.791,-40.86,194.643,0.9543905358916098
131.7333,128.001831,37.807784,4277.435793600001,80.935,-40.879,194.971,0.9543905358916098
131.75,128.001825,37.807749,4273.582816800001,81.029,-40.9,195.297,0.9543905358916098
131.7666,128.001819,37.807715,4269.7295352,81.088,-40.923,195.621,0.9543905358916098
131.7833,128.001813,37.80768,4265.8765584,81.122,-40.947,195.942,0.9543905358916098
131.8,128.001806,37.807646,4262.0232768000005,81.141,-40.971,196.26,0.9543905358916098
131.8166,128.001799,37.807611,4258.1703,81.147,-40.997,196.577,0.9543905358916098
131.8333,128.001792,37.807577,4254.3167136,81.142,-41.022,196.891,0.9543905358916098
131.85,128.001785,37.807543,4250.463127200001,81.128,-41.047,197.202,0.9543905358916098
131.8666,128.001777,37.807508,4246.6095408,81.106,-41.071,197.511,0.9543905358916098
131.8833,128.001769,37.807474,4242.7556496,81.078,-41.095,197.818,0.9543905358916098
131.9,128.001762,37.807439,4238.9017584,81.045,-41.119,198.123,0.9543905358916098
131.9166,128.001753,37.807405,4235.0475624,81.008,-41.143,198.425,0.9543905358916098
131.9333,128.001745,37.807371,4231.193366400001,80.966,-41.167,198.726,0.9543905358916098
131.95,128.001737,37.807337,4227.3388656,80.917,-41.189,199.024,0.9543905358916098
131.9666,128.001728,37.807302,4223.484060000001,80.863,-41.211,199.321,0.9543905358916098
131.9833,128.001719,37.807268,4219.6289496,80.805,-41.232,199.616,0.9543905358916098
132.0,128.00171,37.807234,4215.7738392,80.743,-41.253,199.91,0.9543905358916098
132.0166,128.0017,37.8072,4211.9187288,80.677,-41.274,200.202,0.9543905358916098
132.0333,128.001691,37.807166,4208.063313600001,80.606,-41.294,200.493,0.9543905358916098
132.05,128.001681,37.807132,4204.2075936,80.529,-41.313,200.783,0.9543905358916098
132.0666,128.001671,37.807098,4200.351568800001,80.448,-41.331,201.072,0.9543905358916098
132.0833,128.001661,37.807063,4196.495544,80.362,-41.348,201.36,0.9543905358916098
132.1,128.00165,37.807029,4192.639519200001,80.272,-41.365,201.647,0.9543905358916098
132.1166,128.00164,37.806995,4188.782884800001,80.179,-41.382,201.933,0.9543905358916098
132.1333,128.001629,37.806962,4184.926555200001,80.08,-41.397,202.218,0.9543905358916098
132.15,128.001618,37.806928,4181.069920800001,79.977,-41.411,202.502,0.9543905358916098
132.1666,128.001607,37.806894,4177.212981600001,79.869,-41.425,202.786,0.9543905358916098
132.1833,128.001595,37.80686,4173.3560424,79.757,-41.438,203.069,0.9543905358916098
132.2,128.001583,37.806826,4169.499103200001,79.641,-41.45,203.351,0.9543905358916098
132.2166,128.001572,37.806792,4165.6418592,79.523,-41.461,203.633,0.9543905358916098
132.2333,128.001559,37.806759,4161.7846152,79.399,-41.472,203.914,0.9543905358916098
132.25,128.001547,37.806725,4157.9273712,79.272,-41.481,204.194,0.9543905358916098
132.2666,128.001535,37.806691,4154.070127200001,79.14,-41.489,204.474,0.9543905358916098
132.2833,128.001522,37.806658,4150.2128832,79.005,-41.497,204.753,0.9543905358916098
132.3,128.001509,37.806624,4146.3553344,78.867,-41.504,205.032,0.9543905358916098
132.3166,128.001496,37.806591,4142.4980904,78.726,-41.51,205.31,0.9543905358916098
132.3333,128.001483,37.806557,4138.640846400001,78.582,-41.515,205.588,0.9543905358916098
132.35,128.001469,37.806524,4134.7836024,78.434,-41.518,205.866,0.9543905358916098
132.3666,128.001455,37.80649,4130.9263584,78.283,-41.521,206.142,0.9543905358916098
132.3833,128.001441,37.806457,4127.0691144,78.129,-41.523,206.419,0.9543905358916098
132.4,128.001427,37.806423,4123.2121752,77.973,-41.524,206.695,0.9543905358916098
132.4166,128.001413,37.80639,4119.3555408,77.814,-41.525,206.97,0.9543905358916098
132.4333,128.001398,37.806357,4115.4989064,77.653,-41.524,207.246,0.9543905358916098
132.45,128.001383,37.806324,4111.6425768,77.489,-41.522,207.52,0.9543905358916098
132.4666,128.001368,37.806291,4107.7862472,77.323,-41.519,207.795,0.9543905358916098
132.4833,128.001353,37.806257,4103.9302224,77.154,-41.515,208.068,0.9543905358916098
132.5,128.001338,37.806224,4100.074807200001,76.984,-41.51,208.342,0.9543905358916098
132.5166,128.001322,37.806191,4096.219392000001,76.811,-41.505,208.615,0.9543905358916098
132.5333,128.001306,37.806158,4092.3645864,76.637,-41.498,208.888,0.9543905358916098
132.55,128.00129,37.806126,4088.5100856,76.462,-41.49,209.16,0.9543905358916098
132.5666,128.001274,37.806093,4084.6558896000006,76.284,-41.481,209.432,0.9543905358916098
132.5833,128.001257,37.80606,4080.8019984000002,76.105,-41.471,209.703,0.9543905358916098
132.6,128.001241,37.806027,4076.9490216,75.925,-41.461,209.974,0.9543905358916098
132.6166,128.001224,37.805994,4073.0963496,75.743,-41.449,210.245,0.9543905358916098
132.6333,128.001207,37.805962,4069.2439824000003,75.56,-41.436,210.515,0.9543905358916098
132.65,128.001189,37.805929,4065.3925296,75.376,-41.423,210.785,0.9543905358916098
132.6666,128.001172,37.805896,4061.5416864000003,75.191,-41.408,211.054,0.9543905358916098
132.6833,128.001154,37.805864,4057.6911480000003,75.006,-41.392,211.323,0.9543905358916098
132.7,128.001136,37.805831,4053.841524,74.819,-41.375,211.592,0.9543905358916098
132.7166,128.001118,37.805799,4049.9928144000005,74.63,-41.358,211.86,0.9543905358916098
132.7333,128.0011,37.805767,4046.1447144000003,74.443,-41.339,212.128,0.9543905358916098
132.75,128.001081,37.805734,4042.297224,74.256,-41.318,212.395,0.9543905358916098
132.7666,128.001062,37.805702,4038.4506480000005,74.07,-41.296,212.661,0.9543905358916098
132.7833,128.001044,37.80567,4034.6049864,73.882,-41.273,212.927,0.9543905358916098
132.8,128.001024,37.805637,4030.7602392000003,73.692,-41.249,213.192,0.9543905358916098
132.8166,128.001005,37.805605,4026.9164064,73.502,-41.224,213.457,0.9543905358916098
132.8333,128.000985,37.805573,4023.073488,73.312,-41.197,213.722,0.9543905358916098
132.85,128.000966,37.805541,4019.2317888000002,73.123,-41.17,213.986,0.9543905358916098
132.8666,128.000946,37.805509,4015.391004,72.934,-41.141,214.249,0.9543905358916098
132.8833,128.000925,37.805477,4011.5514384000003,72.745,-41.111,214.512,0.9543905358916098
132.9,128.000905,37.805446,4007.7127872000005,72.555,-41.08,214.774,0.9543905358916098
132.9166,128.000885,37.805414,4003.8756600000006,72.363,-41.048,215.036,0.9543905358916098
132.9333,128.000864,37.805382,4000.0394472000003,72.173,-41.015,215.298,0.9543905358916098
132.95,128.000843,37.80535,3996.2044536,71.984,-40.981,215.558,0.9543905358916098
132.9666,128.000821,37.805319,3992.370984,71.795,-40.945,215.819,0.9543905358916098
132.9833,128.0008,37.805287,3988.5387336,71.606,-40.909,216.078,0.9543905358916098
133.0,128.000778,37.805256,3984.7080072000003,71.416,-40.871,216.337,0.9543905358916098
133.0166,128.000757,37.805224,3980.8788048,71.226,-40.833,216.596,0.9543905358916098
133.0333,128.000735,37.805193,3977.0508216,71.039,-40.793,216.854,0.9543905358916098
133.05,128.000712,37.805162,3973.2243624000002,70.856,-40.749,217.11,0.9543905358916098
133.0666,128.00069,37.80513,3969.3994272,70.674,-40.704,217.366,0.9543905358916098
133.0833,128.000667,37.805099,3965.5763208000003,70.492,-40.659,217.621,0.9543905358916098
133.1,128.000645,37.805068,3961.7550432000003,70.308,-40.612,217.876,0.9543905358916098
133.1166,128.000621,37.805037,3957.9352896000005,70.122,-40.565,218.13,0.9543905358916098
133.1333,128.000598,37.805006,3954.1167552,69.947,-40.512,218.381,0.9543905358916098
133.15,128.000575,37.804975,3950.3000496,69.784,-40.453,218.629,0.9543905358916098
133.1666,128.000551,37.804944,3946.4851728000003,69.625,-40.39,218.875,0.9543905358916098
133.1833,128.000527,37.804913,3942.6727344,69.463,-40.325,219.121,0.9543905358916098
133.2,128.000503,37.804882,3938.86182,69.295,-40.261,219.366,0.9543905358916098
133.2166,128.000479,37.804852,3935.0533440000004,69.122,-40.198,219.612,0.9543905358916098
133.2333,128.000455,37.804821,3931.2466968,68.946,-40.134,219.857,0.9543905358916098
133.25,128.00043,37.80479,3927.4421832,68.771,-40.07,220.102,0.9543905358916098
133.2666,128.000405,37.80476,3923.6398032000006,68.597,-40.005,220.346,0.9543905358916098
133.2833,128.00038,37.804729,3919.8395568,68.424,-39.939,220.59,0.9543905358916098
133.3,128.000355,37.804699,3916.0417488000003,68.251,-39.873,220.833,0.9543905358916098
133.3166,128.000329,37.804669,3912.2460744,68.079,-39.806,221.076,0.9543905358916098
133.3333,128.000304,37.804638,3908.4528384,67.908,-39.738,221.318,0.9543905358916098
133.35,128.000278,37.804608,3904.6620408000003,67.74,-39.67,221.56,0.9543905358916098
133.3666,128.000252,37.804578,3900.8736816,67.573,-39.6,221.801,0.9543905358916098
133.3833,128.000225,37.804548,3897.0880656,67.407,-39.53,222.041,0.9543905358916098
133.4,128.000199,37.804518,3893.3045832,67.241,-39.46,222.281,0.9543905358916098
133.4166,128.000172,37.804488,3889.5241488000006,67.076,-39.389,222.521,0.9543905358916098
133.4333,128.000145,37.804458,3885.7461528000003,66.913,-39.318,222.76,0.9543905358916098
133.45,128.000118,37.804428,3881.9709000000003,66.751,-39.246,222.998,0.9543905358916098
133.4666,128.000091,37.804399,3878.1983904,66.591,-39.173,223.236,0.9543905358916098
133.4833,128.000063,37.804369,3874.4289288,66.433,-39.1,223.474,0.9543905358916098
133.5,128.000036,37.804339,3870.6622104,66.274,-39.026,223.711,0.9543905358916098
133.5166,128.000008,37.80431,3866.8982352000003,66.117,-38.952,223.947,0.9543905358916098
133.5333,127.99998,37.80428,3863.1376128,65.961,-38.877,224.183,0.9543905358916098
133.55,127.999952,37.804251,3859.3797336000002,65.807,-38.802,224.419,0.9543905358916098
133.5666,127.999923,37.804222,3855.6252072,65.654,-38.726,224.654,0.9543905358916098
133.5833,127.999894,37.804192,3851.873424,65.501,-38.65,224.889,0.9543905358916098
133.6,127.999866,37.804163,3848.1252984000002,65.35,-38.573,225.123,0.9543905358916098
133.6166,127.999837,37.804134,3844.3802208,65.199,-38.496,225.357,0.9543905358916098
133.6333,127.999807,37.804105,3840.6384960000005,65.05,-38.418,225.59,0.9543905358916098
133.65,127.999778,37.804076,3836.900124,64.902,-38.34,225.823,0.9543905358916098
133.6666,127.999748,37.804047,3833.1651048000003,64.755,-38.261,226.056,0.9543905358916098
133.6833,127.999718,37.804018,3829.4334384000003,64.609,-38.182,226.288,0.9543905358916098
133.7,127.999688,37.80399,3825.7054296,64.463,-38.103,226.52,0.9543905358916098
133.7166,127.999658,37.803961,3821.9810784000006,64.319,-38.023,226.751,0.9543905358916098
133.7333,127.999628,37.803932,3818.2600800000005,64.175,-37.943,226.982,0.9543905358916098
133.75,127.999597,37.803904,3814.5427392,64.033,-37.862,227.213,0.9543905358916098
133.7666,127.999566,37.803875,3810.8293608,63.891,-37.781,227.443,0.9543905358916098
133.7833,127.999535,37.803847,3807.11964,63.75,-37.7,227.673,0.9543905358916098
133.8,127.999504,37.803819,3803.4135768,63.61,-37.618,227.903,0.9543905358916098
133.8166,127.999472,37.80379,3799.7114760000004,63.471,-37.536,228.132,0.9543905358916098
133.8333,127.999441,37.803762,3796.0133376,63.333,-37.453,228.36,0.9543905358916098
133.85,127.999409,37.803734,3792.3191616000004,63.195,-37.37,228.589,0.9543905358916098
133.8666,127.999377,37.803706,3788.628948,63.059,-37.286,228.817,0.9543905358916098
133.8833,127.999345,37.803678,3784.9426968,62.923,-37.202,229.044,0.9543905358916098
133.9,127.999312,37.80365,3781.2607128,62.788,-37.118,229.271,0.9543905358916098
133.9166,127.99928,37.803623,3777.5829960000005,62.653,-37.033,229.498,0.9543905358916098
133.9333,127.999247,37.803595,3773.9092416000003,62.52,-36.948,229.725,0.9543905358916098
133.95,127.999214,37.803567,3770.2397544,62.387,-36.863,229.951,0.9543905358916098
133.9666,127.999181,37.80354,3766.5748392000005,62.254,-36.777,230.176,0.9543905358916098
133.9833,127.999147,37.803512,3762.9141912000005,62.123,-36.691,230.401,0.9543905358916098
134.0,127.999114,37.803485,3759.2578104,61.992,-36.604,230.626,0.9543905358916098
134.0166,127.99908,37.803458,3755.6060016,61.861,-36.517,230.851,0.9543905358916098
134.0333,127.999046,37.80343,3751.9587647999997,61.732,-36.429,231.075,0.9543905358916098
134.05,127.999012,37.803403,3748.3161,61.602,-36.342,231.299,0.9543905358916098
134.0666,127.998978,37.803376,3744.6780072,61.474,-36.253,231.522,0.9543905358916098
134.0833,127.998943,37.803349,3741.0447912000004,61.346,-36.165,231.745,0.9543905358916098
134.1,127.998909,37.803322,3737.4161472,61.219,-36.076,231.968,0.9543905358916098
134.1166,127.998874,37.803296,3733.7923800000003,61.092,-35.986,232.19,0.9543905358916098
134.1333,127.998839,37.803269,3730.1734896000003,60.966,-35.897,232.412,0.9543905358916098
134.15,127.998803,37.803242,3726.5594760000004,60.84,-35.806,232.633,0.9543905358916098
134.1666,127.998768,37.803216,3722.9503392,60.715,-35.716,232.854,0.9543905358916098
134.1833,127.998732,37.803189,3719.3460792,60.59,-35.625,233.075,0.9543905358916098
134.2,127.998696,37.803163,3715.7470008000005,60.466,-35.534,233.295,0.9543905358916098
134.2166,127.99866,37.803137,3712.153104,60.343,-35.442,233.515,0.9543905358916098
134.2333,127.998624,37.80311,3708.564084,60.22,-35.35,233.734,0.9543905358916098
134.25,127.998588,37.803084,3704.9805504,60.097,-35.258,233.953,0.9543905358916098
134.2666,127.998551,37.803058,3701.4021984000005,59.975,-35.165,234.172,0.9543905358916098
134.2833,127.998514,37.803032,3697.8290280000006,59.854,-35.072,234.39,0.9543905358916098
134.3,127.998477,37.803007,3694.2613440000005,59.733,-34.978,234.608,0.9543905358916098
134.3166,127.99844,37.802981,3690.6991464000002,59.612,-34.885,234.826,0.9543905358916098
134.3333,127.998403,37.802955,3687.1421304000005,59.492,-34.79,235.043,0.9543905358916098
134.35,127.998365,37.80293,3683.5909056000005,59.372,-34.696,235.26,0.9543905358916098
134.3666,127.998328,37.802904,3680.0451672,59.253,-34.601,235.476,0.9543905358916098
134.3833,127.99829,37.802879,3676.5049152,59.134,-34.505,235.692,0.9543905358916098
134.4,127.998252,37.802853,3672.9704544,59.016,-34.41,235.907,0.9543905358916098
134.4166,127.998213,37.802828,3669.4417848000003,58.898,-34.314,236.123,0.9543905358916098
134.4333,127.998175,37.802803,3665.9186016,58.78,-34.217,236.337,0.9543905358916098
134.45,127.998136,37.802778,3662.4015144000005,58.663,-34.12,236.552,0.9543905358916098
134.4666,127.998097,37.802753,3658.8902184000003,58.546,-34.023,236.766,0.9543905358916098
134.4833,127.998058,37.802728,3655.3847136000004,58.43,-33.926,236.979,0.9543905358916098
134.5,127.998019,37.802703,3651.8853048,58.314,-33.828,237.192,0.9543905358916098
134.5166,127.99798,37.802679,3648.3919920000003,58.198,-33.73,237.405,0.9543905358916098
134.5333,127.99794,37.802654,3644.9044704000003,58.083,-33.631,237.617,0.9543905358916098
134.55,127.997901,37.80263,3641.4233496,57.968,-33.532,237.829,0.9543905358916098
134.5666,127.997861,37.802605,3637.9483248,57.854,-33.433,238.041,0.9543905358916098
134.5833,127.997821,37.802581,3634.479396,57.74,-33.333,238.252,0.9543905358916098
134.6,127.99778,37.802557,3631.016868,57.626,-33.233,238.463,0.9543905358916098
134.6166,127.99774,37.802533,3627.560436,57.513,-33.133,238.673,0.9543905358916098
134.6333,127.997699,37.802509,3624.1107096000005,57.4,-33.032,238.883,0.9543905358916098
134.65,127.997658,37.802485,3620.6670792,57.288,-32.931,239.092,0.9543905358916098
134.6666,127.997617,37.802461,3617.2301544,57.176,-32.83,239.301,0.9543905358916098
134.6833,127.997576,37.802437,3613.7996304000003,57.064,-32.728,239.51,0.9543905358916098
134.7,127.997535,37.802414,3610.375812,56.952,-32.626,239.718,0.9543905358916098
134.7166,127.997493,37.80239,3606.9586992,56.841,-32.523,239.926,0.9543905358916098
134.7333,127.997452,37.802367,3603.5479872000005,56.731,-32.421,240.134,0.9543905358916098
134.75,127.99741,37.802343,3600.1439808,56.62,-32.317,240.341,0.9543905358916098
134.7666,127.997368,37.80232,3596.7469848000005,56.51,-32.214,240.547,0.9543905358916098
134.7833,127.997326,37.802297,3593.3566944,56.4,-32.11,240.753,0.9543905358916098
134.8,127.997283,37.802274,3589.9734144000004,56.291,-32.006,240.959,0.9543905358916098
134.8166,127.997241,37.802251,3586.59684,56.182,-31.901,241.165,0.9543905358916098
134.8333,127.997198,37.802228,3583.2272760000005,56.074,-31.796,241.37,0.9543905358916098
134.85,127.997155,37.802205,3579.8647224,55.965,-31.691,241.574,0.9543905358916098
134.8666,127.997112,37.802183,3576.509484,55.857,-31.586,241.778,0.9543905358916098
134.8833,127.997069,37.80216,3573.161256,55.75,-31.48,241.982,0.9543905358916098
134.9,127.997025,37.802138,3569.8200384,55.643,-31.373,242.186,0.9543905358916098
134.9166,127.996982,37.802115,3566.486136,55.536,-31.267,242.388,0.9543905358916098
134.9333,127.996938,37.802093,3563.1595488000003,55.429,-31.16,242.591,0.9543905358916098
134.95,127.996894,37.802071,3559.8402768,55.323,-31.053,242.793,0.9543905358916098
134.9666,127.99685,37.802049,3556.52832,55.217,-30.945,242.995,0.9543905358916098
134.9833,127.996806,37.802027,3553.2236784000006,55.111,-30.837,243.196,0.9543905358916098
135.0,127.996761,37.802005,3549.9266568000003,55.006,-30.729,243.397,0.9543905358916098
135.0166,127.996717,37.801984,3546.6372552000003,54.902,-30.62,243.597,0.9543905358916098
135.0333,127.996672,37.801962,3543.3551688000002,54.797,-30.511,243.798,0.9543905358916098
135.05,127.996627,37.801941,3540.0810072000004,54.693,-30.402,243.997,0.9543905358916098
135.0666,127.996582,37.801919,3536.8141608,54.589,-30.292,244.196,0.9543905358916098
135.0833,127.996537,37.801898,3533.5552392000004,54.485,-30.182,244.395,0.9543905358916098
135.1,127.996491,37.801877,3530.3039375999997,54.382,-30.072,244.594,0.9543905358916098
135.1166,127.996446,37.801856,3527.0605608,54.279,-29.961,244.792,0.9543905358916098
135.1333,127.9964,37.801835,3523.8251088,54.177,-29.85,244.989,0.9543905358916098
135.15,127.996354,37.801814,3520.5975816,54.075,-29.739,245.186,0.9543905358916098
135.1666,127.996308,37.801793,3517.3779792,53.973,-29.628,245.383,0.9543905358916098
135.1833,127.996262,37.801772,3514.1663016,53.871,-29.516,245.58,0.9543905358916098
135.2,127.996215,37.801752,3510.9625488000006,53.77,-29.403,245.775,0.9543905358916098
135.2166,127.996169,37.801732,3507.7673304000004,53.669,-29.291,245.971,0.9543905358916098
135.2333,127.996122,37.801711,3504.579732,53.569,-29.178,246.166,0.9543905358916098
135.25,127.996075,37.801691,3501.400668,53.468,-29.065,246.361,0.9543905358916098
135.2666,127.996028,37.801671,3498.2298336,53.368,-28.951,246.555,0.9543905358916098
135.2833,127.995981,37.801651,3495.0672288,53.269,-28.837,246.749,0.9543905358916098
135.3,127.995934,37.801631,3491.9131584,53.17,-28.723,246.943,0.9543905358916098
135.3166,127.995886,37.801611,3488.7673176,53.071,-28.609,247.136,0.9543905358916098
135.3333,127.995839,37.801592,3485.6297064,52.972,-28.494,247.328,0.9543905358916098
135.35,127.995791,37.801572,3482.5009344000005,52.874,-28.379,247.521,0.9543905358916098
135.3666,127.995743,37.801553,3479.3806968,52.776,-28.263,247.713,0.9543905358916098
135.3833,127.995695,37.801533,3476.2686888000003,52.679,-28.148,247.904,0.9543905358916098
135.4,127.995646,37.801514,3473.1658248000003,52.582,-28.032,248.095,0.9543905358916098
135.4166,127.995598,37.801495,3470.0711904,52.485,-27.915,248.286,0.9543905358916098
135.4333,127.995549,37.801476,3466.9853952000003,52.388,-27.799,248.476,0.9543905358916098
135.45,127.995501,37.801457,3463.9087440000003,52.292,-27.682,248.666,0.9543905358916098
135.4666,127.995452,37.801438,3460.8406272,52.196,-27.564,248.856,0.9543905358916098
135.4833,127.995403,37.80142,3457.7813496,52.101,-27.447,249.045,0.9543905358916098
135.5,127.995353,37.801401,3454.7309112000003,52.006,-27.329,249.233,0.9543905358916098
135.5166,127.995304,37.801383,3451.6896168000003,51.911,-27.211,249.422,0.9543905358916098
135.5333,127.995255,37.801365,3448.6571616,51.816,-27.092,249.609,0.9543905358916098
135.55,127.995205,37.801346,3445.6338504000005,51.722,-26.973,249.797,0.9543905358916098
135.5666,127.995155,37.801328,3442.6196832,51.628,-26.854,249.984,0.9543905358916098
135.5833,127.995105,37.80131,3439.61466,51.535,-26.735,250.171,0.9543905358916098
135.6,127.995055,37.801292,3436.6190856,51.442,-26.615,250.357,0.9543905358916098
135.6166,127.995005,37.801275,3433.6323504,51.349,-26.495,250.543,0.9543905358916098
135.6333,127.994954,37.801257,3430.655064,51.257,-26.375,250.729,0.9543905358916098
135.65,127.994904,37.80124,3427.6872264,51.165,-26.254,250.914,0.9543905358916098
135.6666,127.994853,37.801222,3424.7288376,51.073,-26.133,251.098,0.9543905358916098
135.6833,127.994802,37.801205,3421.7795928,50.981,-26.012,251.283,0.9543905358916098
135.7,127.994751,37.801188,3418.8401016,50.89,-25.891,251.467,0.9543905358916098
135.7166,127.9947,37.801171,3415.9100592,50.8,-25.769,251.65,0.9543905358916098
135.7333,127.994649,37.801154,3412.9894656,50.709,-25.647,251.833,0.9543905358916098
135.75,127.994598,37.801137,3410.0786256,50.619,-25.525,252.016,0.9543905358916098
135.7666,127.994546,37.80112,3407.1772344,50.529,-25.402,252.199,0.9543905358916098
135.7833,127.994495,37.801104,3404.2859016,50.44,-25.279,252.381,0.9543905358916098
135.8,127.994443,37.801088,3401.4040176,50.351,-25.156,252.562,0.9543905358916098
135.8166,127.994391,37.801071,3398.5321920000006,50.263,-25.033,252.744,0.9543905358916098
135.8333,127.994339,37.801055,3395.67012,50.174,-24.909,252.925,0.9543905358916098
135.85,127.994287,37.801039,3392.8178016,50.086,-24.785,253.105,0.9543905358916098
135.8666,127.994234,37.801023,3389.9755416000003,49.999,-24.661,253.285,0.9543905358916098
135.8833,127.994182,37.801007,3387.14334,49.911,-24.536,253.465,0.9543905358916098
135.9,127.994129,37.800991,3384.3211968,49.824,-24.411,253.644,0.9543905358916098
135.9166,127.994076,37.800976,3381.509112,49.738,-24.286,253.823,0.9543905358916098
135.9333,127.994023,37.80096,3378.7067807999997,49.652,-24.161,254.002,0.9543905358916098
135.95,127.99397,37.800945,3375.9151176,49.566,-24.035,254.18,0.9543905358916098
135.9666,127.993917,37.80093,3373.1335128,49.48,-23.909,254.358,0.9543905358916098
135.9833,127.993864,37.800915,3370.3619664000003,49.395,-23.783,254.536,0.9543905358916098
136.0,127.993811,37.8009,3367.6007832,49.31,-23.657,254.713,0.9543905358916098
136.0166,127.993757,37.800885,3364.8499632000003,49.225,-23.53,254.89,0.9543905358916098
136.0333,127.993703,37.80087,3362.1095064,49.141,-23.403,255.066,0.9543905358916098
136.05,127.99365,37.800855,3359.3797176,49.057,-23.276,255.242,0.9543905358916098
136.0666,127.993596,37.800841,3356.6602920000005,48.974,-23.149,255.418,0.9543905358916098
136.0833,127.993542,37.800827,3353.9512296000003,48.89,-23.021,255.593,0.9543905358916098
136.1,127.993487,37.800812,3351.2528352000004,48.807,-22.893,255.768,0.9543905358916098
136.1166,127.993433,37.800798,3348.5651088,48.725,-22.765,255.943,0.9543905358916098
136.1333,127.993379,37.800784,3345.8877456,48.643,-22.636,256.117,0.9543905358916098
136.15,127.993324,37.80077,3343.2213552000003,48.561,-22.507,256.291,0.9543905358916098
136.1666,127.993269,37.800757,3340.5656328000005,48.479,-22.378,256.464,0.9543905358916098
136.1833,127.993215,37.800743,3337.9205784000005,48.398,-22.249,256.638,0.9543905358916098
136.2,127.99316,37.800729,3335.2864968,48.317,-22.12,256.811,0.9543905358916098
136.2166,127.993105,37.800716,3332.6630832,48.237,-21.99,256.983,0.9543905358916098
136.2333,127.993049,37.800703,3330.0509472,48.157,-21.86,257.155,0.9543905358916098
136.25,127.992994,37.80069,3327.4494792,48.077,-21.73,257.327,0.9543905358916098
136.2666,127.992939,37.800677,3324.858984,47.997,-21.599,257.498,0.9543905358916098
136.2833,127.992883,37.800664,3322.2794616,47.918,-21.468,257.67,0.9543905358916098
136.3,127.992828,37.800651,3319.7112168000003,47.839,-21.337,257.84,0.9543905358916098
136.3166,127.992772,37.800638,3317.1539448,47.761,-21.206,258.011,0.9543905358916098
136.3333,127.992716,37.800626,3314.6079504000004,47.682,-21.075,258.181,0.9543905358916098
136.35,127.99266,37.800613,3312.0729287999998,47.604,-20.943,258.35,0.9543905358916098
136.3666,127.992604,37.800601,3309.5494896000005,47.527,-20.811,258.52,0.9543905358916098
136.3833,127.992548,37.800589,3307.0370232000005,47.45,-20.679,258.689,0.9543905358916098
136.4,127.992491,37.800577,3304.5361392000004,47.373,-20.546,258.858,0.9543905358916098
136.4166,127.992435,37.800565,3302.046228,47.296,-20.414,259.026,0.9543905358916098
136.4333,127.992378,37.800553,3299.568204,47.22,-20.281,259.194,0.9543905358916098
136.45,127.992322,37.800542,3297.1011528000004,47.144,-20.148,259.362,0.9543905358916098
136.4666,127.992265,37.80053,3294.6459888000004,47.068,-20.014,259.529,0.9543905358916098
136.4833,127.992208,37.800519,3292.2021024,46.993,-19.881,259.696,0.9543905358916098
136.5,127.992151,37.800508,3289.7697984,46.918,-19.747,259.863,0.9543905358916098
136.5166,127.992094,37.800497,3287.3493816,46.843,-19.613,260.029,0.9543905358916098
136.5333,127.992037,37.800486,3284.9402424,46.769,-19.479,260.196,0.9543905358916098
136.55,127.991979,37.800475,3282.5429904000002,46.695,-19.344,260.361,0.9543905358916098
136.5666,127.991922,37.800464,3280.1573208000004,46.621,-19.21,260.527,0.9543905358916098
136.5833,127.991864,37.800453,3277.7835384,46.548,-19.075,260.692,0.9543905358916098
136.6,127.991807,37.800443,3275.4216432000003,46.474,-18.94,260.857,0.9543905358916098
136.6166,127.991749,37.800433,3273.0713304000005,46.402,-18.804,261.021,0.9543905358916098
136.6333,127.991691,37.800422,3270.7332096000005,46.329,-18.669,261.185,0.9543905358916098
136.65,127.991633,37.800412,3268.4066712000003,46.257,-18.533,261.349,0.9543905358916098
136.6666,127.991575,37.800402,3266.0923248,46.185,-18.397,261.513,0.9543905358916098
136.6833,127.991517,37.800392,3263.7898656,46.114,-18.261,261.676,0.9543905358916098
136.7,127.991459,37.800383,3261.4995984,46.042,-18.124,261.839,0.9543905358916098
136.7166,127.991401,37.800373,3259.2212184,45.971,-17.988,262.001,0.9543905358916098
136.7333,127.991342,37.800364,3256.9550304000004,45.901,-17.851,262.164,0.9543905358916098
136.75,127.991284,37.800354,3254.7010344,45.83,-17.714,262.326,0.9543905358916098
136.7666,127.991225,37.800345,3252.4592304000003,45.76,-17.577,262.487,0.9543905358916098
136.7833,127.991166,37.800336,3250.2296184,45.691,-17.439,262.649,0.9543905358916098
136.8,127.991107,37.800327,3248.0121984,45.621,-17.302,262.81,0.9543905358916098
136.8166,127.991049,37.800318,3245.8069704,45.552,-17.164,262.971,0.9543905358916098
136.8333,127.99099,37.80031,3243.6142392,45.483,-17.026,263.131,0.9543905358916098
136.85,127.99093,37.800301,3241.4340048000004,45.415,-16.887,263.291,0.9543905358916098
136.8666,127.990871,37.800293,3239.2659624000003,45.346,-16.749,263.451,0.9543905358916098
136.8833,127.990812,37.800285,3237.1104168,45.278,-16.61,263.611,0.9543905358916098
136.9,127.990753,37.800276,3234.967368,45.211,-16.471,263.77,0.9543905358916098
136.9166,127.990693,37.800268,3232.836816,45.143,-16.332,263.929,0.9543905358916098
136.9333,127.990634,37.800261,3230.7187608,45.076,-16.193,264.088,0.9543905358916098
136.95,127.990574,37.800253,3228.6135072,45.009,-16.054,264.246,0.9543905358916098
136.9666,127.990514,37.800245,3226.5207504000005,44.943,-15.914,264.404,0.9543905358916098
136.9833,127.990455,37.800238,3224.4404904,44.876,-15.774,264.562,0.9543905358916098
137.0,127.990395,37.80023,3222.3733368000003,44.81,-15.634,264.72,0.9543905358916098
137.0166,127.990335,37.800223,3220.3186800000003,44.745,-15.494,264.877,0.9543905358916098
137.0333,127.990275,37.800216,3218.27652,44.679,-15.354,265.034,0.9543905358916098
137.05,127.990215,37.800209,3216.2474664,44.614,-15.213,265.191,0.9543905358916098
137.0666,127.990154,37.800202,3214.2312144,44.549,-15.072,265.347,0.9543905358916098
137.0833,127.990094,37.800196,3212.227764,44.485,-14.931,265.503,0.9543905358916098
137.1,127.990034,37.800189,3210.23742,44.42,-14.79,265.659,0.9543905358916098
137.1166,127.989973,37.800183,3208.2595728,44.356,-14.649,265.815,0.9543905358916098
137.1333,127.989913,37.800176,3206.2951368000004,44.293,-14.507,265.97,0.9543905358916098
137.15,127.989852,37.80017,3204.3435024,44.229,-14.366,266.125,0.9543905358916098
137.1666,127.989791,37.800164,3202.4049744,44.166,-14.224,266.28,0.9543905358916098
137.1833,127.989731,37.800158,3200.4795528000004,44.103,-14.082,266.434,0.9543905358916098
137.2,127.98967,37.800152,3198.5669328000004,44.04,-13.94,266.589,0.9543905358916098
137.2166,127.989609,37.800147,3196.667724,43.977,-13.797,266.743,0.9543905358916098
137.2333,127.989548,37.800141,3194.7816216,43.915,-13.655,266.896,0.9543905358916098
137.25,127.989487,37.800136,3192.9086256000005,43.853,-13.512,267.05,0.9543905358916098
137.2666,127.989426,37.800131,3191.0490408,43.791,-13.369,267.203,0.9543905358916098
137.2833,127.989365,37.800125,3189.2025624000003,43.73,-13.226,267.356,0.9543905358916098
137.3,127.989303,37.80012,3187.3694952,43.669,-13.083,267.508,0.9543905358916098
137.3166,127.989242,37.800116,3185.5498392000004,43.608,-12.939,267.661,0.9543905358916098
137.3333,127.989181,37.800111,3183.7432896000005,43.547,-12.796,267.813,0.9543905358916098
137.35,127.989119,37.800106,3181.9501511999997,43.486,-12.652,267.965,0.9543905358916098
137.3666,127.989058,37.800102,3180.1707288,43.426,-12.508,268.116,0.9543905358916098
137.3833,127.988996,37.800097,3178.4044128,43.366,-12.364,268.268,0.9543905358916098
137.4,127.988935,37.800093,3176.6518128,43.306,-12.22,268.419,0.9543905358916098
137.4166,127.988873,37.800089,3174.912624,43.246,-12.075,268.57,0.9543905358916098
137.4333,127.988811,37.800085,3173.1868464000004,43.187,-11.931,268.72,0.9543905358916098
137.45,127.988749,37.800081,3171.4747848,43.128,-11.786,268.871,0.9543905358916098
137.4666,127.988687,37.800078,3169.7764392000004,43.069,-11.641,269.021,0.9543905358916098
137.4833,127.988625,37.800074,3168.0915048,43.01,-11.496,269.171,0.9543905358916098
137.5,127.988563,37.800071,3166.4202864000004,42.952,-11.351,269.32,0.9543905358916098
137.5166,127.988501,37.800068,3164.762784,42.893,-11.205,269.47,0.9543905358916098
137.5333,127.988439,37.800064,3163.1189976,42.835,-11.06,269.619,0.9543905358916098
137.55,127.988377,37.800061,3161.4889272,42.777,-10.914,269.768,0.9543905358916098
137.5666,127.988315,37.800059,3159.8728776000003,42.72,-10.768,269.916,0.9543905358916098
137.5833,127.988252,37.800056,3158.2702392,42.662,-10.622,270.065,0.9543905358916098
137.6,127.98819,37.800053,3156.6816215999997,42.605,-10.476,270.213,0.9543905358916098
137.6166,127.988128,37.800051,3155.1070248,42.548,-10.33,270.361,0.9543905358916098
137.6333,127.988065,37.800048,3153.5461440000004,42.491,-10.183,270.509,0.9543905358916098
137.65,127.988003,37.800046,3151.9989792,42.435,-10.036,270.656,0.9543905358916098
137.6666,127.98794,37.800044,3150.46614,42.378,-9.89,270.803,0.9543905358916098
137.6833,127.987878,37.800042,3148.9470168000003,42.322,-9.743,270.95,0.9543905358916098
137.7,127.987815,37.80004,3147.4419144000003,42.266,-9.596,271.097,0.9543905358916098
137.7166,127.987752,37.800039,3145.9508328,42.211,-9.448,271.244,0.9543905358916098
137.7333,127.98769,37.800037,3144.473772,42.155,-9.301,271.39,0.9543905358916098
137.75,127.987627,37.800036,3143.0110368,42.1,-9.154,271.536,0.9543905358916098
137.7666,127.987564,37.800034,3141.5620176,42.044,-9.006,271.682,0.9543905358916098
137.7833,127.987501,37.800033,3140.1276288,41.989,-8.858,271.828,0.9543905358916098
137.8,127.987438,37.800032,3138.706956,41.934,-8.71,271.973,0.9543905358916098
137.8166,127.987375,37.800031,3137.3006088,41.88,-8.562,272.118,0.9543905358916098
137.8333,127.987312,37.80003,3135.9085872000005,41.825,-8.414,272.263,0.9543905358916098
137.85,127.987249,37.80003,3134.5305864,41.771,-8.265,272.408,0.9543905358916098
137.8666,127.987186,37.800029,3133.1669112,41.717,-8.117,272.552,0.9543905358916098
137.8833,127.987123,37.800029,3131.8175616000003,41.663,-7.968,272.697,0.9543905358916098
137.9,127.98706,37.800029,3130.4825376,41.609,-7.819,272.841,0.9543905358916098
137.9166,127.986997,37.800029,3129.1615344,41.555,-7.67,272.985,0.9543905358916098
137.9333,127.986933,37.800029,3127.8551616000004,41.502,-7.521,273.128,0.9543905358916098
137.95,127.98687,37.800029,3126.5631144000004,41.448,-7.372,273.272,0.9543905358916098
137.9666,127.986807,37.800029,3125.2856976000003,41.395,-7.223,273.415,0.9543905358916098
137.9833,127.986743,37.800029,3124.0223016,41.342,-7.073,273.558,0.9543905358916098
138.0,127.98668,37.80003,3122.773536,41.289,-6.924,273.701,0.9543905358916098
138.0166,127.986617,37.800031,3121.5394008000003,41.236,-6.774,273.843,0.9543905358916098
138.0333,127.986553,37.800031,3120.3195912,41.183,-6.624,273.986,0.9543905358916098
138.05,127.98649,37.800032,3119.1141072,41.131,-6.474,274.128,0.9543905358916098
138.0666,127.986426,37.800033,3117.9235584,41.078,-6.324,274.27,0.9543905358916098
138.0833,127.986363,37.800035,3116.7473352000006,41.026,-6.174,274.411,0.9543905358916098
138.1,127.986299,37.800036,3115.5857424,40.974,-6.023,274.553,0.9543905358916098
138.1166,127.986236,37.800037,3114.4384752,40.922,-5.873,274.694,0.9543905358916098
138.1333,127.986172,37.800039,3113.3061432,40.87,-5.722,274.835,0.9543905358916098
138.15,127.986109,37.800041,3112.1884416000003,40.818,-5.571,274.976,0.9543905358916098
138.1666,127.986045,37.800042,3111.0853704,40.767,-5.42,275.117,0.9543905358916098
138.1833,127.985981,37.800044,3109.9969296000004,40.715,-5.269,275.258,0.9543905358916098
138.2,127.985918,37.800046,3108.9231192,40.664,-5.118,275.398,0.9543905358916098
138.2166,127.985854,37.800049,3107.8642440000003,40.612,-4.967,275.538,0.9543905358916098
138.2333,127.98579,37.800051,3106.8199992,40.561,-4.815,275.678,0.9543905358916098
138.25,127.985726,37.800054,3105.7906896000004,40.51,-4.664,275.818,0.9543905358916098
138.2666,127.985663,37.800056,3104.7760104,40.459,-4.512,275.957,0.9543905358916098
138.2833,127.985599,37.800059,3103.7759616000003,40.408,-4.36,276.096,0.9543905358916098
138.3,127.985535,37.800062,3102.7911528000004,40.357,-4.208,276.236,0.9543905358916098
138.3166,127.985471,37.800065,3101.8206695999997,40.306,-4.056,276.375,0.9543905358916098
138.3333,127.985407,37.800068,3100.8654264,40.256,-3.904,276.513,0.9543905358916098
138.35,127.985344,37.800071,3099.9251184000004,40.205,-3.752,276.652,0.9543905358916098
138.3666,127.98528,37.800075,3098.9994408000002,40.154,-3.599,276.79,0.9543905358916098
138.3833,127.985216,37.800078,3098.0890032,40.104,-3.447,276.928,0.9543905358916098
138.4,127.985152,37.800082,3097.193196,40.054,-3.294,277.066,0.9543905358916098
138.4166,127.985088,37.800085,3096.312324,40.003,-3.141,277.204,0.9543905358916098
138.4333,127.985024,37.800089,3095.4466920000004,39.953,-2.988,277.342,0.9543905358916098
138.45,127.98496,37.800093,3094.5959952000003,39.903,-2.835,277.479,0.9543905358916098
138.4666,127.984896,37.800097,3093.7602336,39.853,-2.682,277.616,0.9543905358916098
138.4833,127.984833,37.800102,3092.9394072000005,39.802,-2.529,277.753,0.9543905358916098
138.5,127.984769,37.800106,3092.1338208,39.752,-2.376,277.89,0.9543905358916098
138.5166,127.984705,37.800111,3091.3431696,39.702,-2.222,278.027,0.9543905358916098
138.5333,127.984641,37.800115,3090.5674536,39.652,-2.069,278.163,0.9543905358916098
138.55,127.984577,37.80012,3089.8069776,39.602,-1.915,278.299,0.9543905358916098
138.5666,127.984513,37.800125,3089.0617416000005,39.552,-1.761,278.435,0.9543905358916098
138.5833,127.984449,37.80013,3088.3314408,39.502,-1.607,278.571,0.9543905358916098
138.6,127.984385,37.800135,3087.6163800000004,39.452,-1.453,278.707,0.9543905358916098
138.6166,127.984321,37.80014,3086.9165592000004,39.402,-1.299,278.843,0.9543905358916098
138.6333,127.984257,37.800146,3086.2316736000002,39.352,-1.144,278.978,0.9543905358916098
138.65,127.984193,37.800151,3085.5623328000006,39.302,-0.99,279.113,0.9543905358916098
138.6666,127.984129,37.800157,3084.9079272000004,39.252,-0.835,279.248,0.9543905358916098
138.6833,127.984065,37.800163,3084.2687616000003,39.202,-0.681,279.383,0.9543905358916098
138.7,127.984001,37.800169,3083.644836,39.152,-0.526,279.517,0.9543905358916098
138.7166,127.983938,37.800175,3083.0361504,39.102,-0.371,279.652,0.9543905358916098
138.7333,127.983874,37.800181,3082.4427048000002,39.052,-0.216,279.786,0.9543905358916098
138.75,127.98381,37.800187,3081.8644992,39.002,-0.061,279.92,0.9543905358916098
138.7666,127.983746,37.800193,3081.3015336,38.952,0.093,280.054,0.9543905358916098
138.7833,127.983682,37.8002,3080.7541128,38.901,0.248,280.188,0.9543905358916098
138.8,127.983618,37.800207,3080.2219320000004,38.851,0.404,280.321,0.9543905358916098
138.8166,127.983554,37.800213,3079.7049912,38.801,0.559,280.455,0.9543905358916098
138.8333,127.98349,37.80022,3079.2032904000002,38.75,0.715,280.588,0.9543905358916098
138.85,127.983427,37.800227,3078.7171344000003,38.7,0.871,280.721,0.9543905358916098
138.8666,127.983363,37.800234,3078.2462184,38.649,1.027,280.854,0.9543905358916098
138.8833,127.983299,37.800242,3077.7905424,38.598,1.183,280.986,0.9543905358916098
138.9,127.983235,37.800249,3077.3507160000004,38.547,1.339,281.119,0.9543905358916098
138.9166,127.983171,37.800256,3076.9258248,38.497,1.495,281.251,0.9543905358916098
138.9333,127.983108,37.800264,3076.5164784000003,38.446,1.651,281.383,0.9543905358916098
138.95,127.983044,37.800272,3076.1226768,38.394,1.808,281.515,0.9543905358916098
138.9666,127.98298,37.80028,3075.74442,38.343,1.964,281.647,0.9543905358916098
138.9833,127.982917,37.800288,3075.3814032000005,38.292,2.121,281.778,0.9543905358916098
139.0,127.982853,37.800296,3075.0336264,38.24,2.278,281.91,0.9543905358916098
139.0166,127.982789,37.800304,3074.7016992,38.189,2.435,282.041,0.9543905358916098
139.0333,127.982726,37.800312,3074.385012,38.137,2.592,282.172,0.9543905358916098
139.05,127.982662,37.800321,3074.0841744,38.085,2.749,282.303,0.9543905358916098
139.0666,127.982598,37.800329,3073.7985768,38.033,2.906,282.433,0.9543905358916098
139.0833,127.982535,37.800338,3073.528524,37.98,3.063,282.564,0.9543905358916098
139.1,127.982471,37.800347,3073.2737112,37.928,3.221,282.694,0.9543905358916098
139.1166,127.982408,37.800355,3073.034748,37.876,3.378,282.824,0.9543905358916098
139.1333,127.982344,37.800364,3072.8113296,37.823,3.536,282.954,0.9543905358916098
139.15,127.982281,37.800374,3072.603456,37.769,3.694,283.084,0.9543905358916098
139.1666,127.982217,37.800383,3072.4111272,37.716,3.852,283.214,0.9543905358916098
139.1833,127.982154,37.800392,3072.2343432000002,37.662,4.01,283.343,0.9543905358916098
139.2,127.982091,37.800402,3072.073104,37.608,4.168,283.472,0.9543905358916098
139.2166,127.982027,37.800411,3071.9274096000004,37.555,4.326,283.601,0.9543905358916098
139.2333,127.981964,37.800421,3071.7972600000003,37.5,4.484,283.73,0.9543905358916098
139.25,127.981901,37.800431,3071.6829600000005,37.446,4.643,283.859,0.9543905358916098
139.2666,127.981838,37.800441,3071.5839,37.391,4.801,283.987,0.9543905358916098
139.2833,127.981774,37.800451,3071.5009944,37.335,4.96,284.115,0.9543905358916098
139.3,127.981711,37.800461,3071.4333288,37.28,5.119,284.243,0.9543905358916098
139.3166,127.981648,37.800471,3071.381208,37.225,5.278,284.371,0.9543905358916098
139.3333,127.981585,37.800482,3071.3449368,37.169,5.437,284.499,0.9543905358916098
139.35,127.981522,37.800492,3071.3245152,37.112,5.596,284.627,0.9543905358916098
139.3666,127.981459,37.800503,3071.3193336,37.055,5.755,284.754,0.9543905358916098
139.3833,127.981396,37.800514,3071.3300016,36.998,5.915,284.881,0.9543905358916098
139.4,127.981333,37.800525,3071.3565192000005,36.94,6.074,285.008,0.9543905358916098
139.4166,127.98127,37.800536,3071.3982768,36.883,6.234,285.135,0.9543905358916098
139.4333,127.981207,37.800547,3071.4561888000003,36.825,6.394,285.262,0.9543905358916098
139.45,127.981144,37.800558,3071.5296456,36.766,6.553,285.388,0.9543905358916098
139.4666,127.981082,37.800569,3071.6186472,36.706,6.714,285.514,0.9543905358916098
139.4833,127.981019,37.80058,3071.7234984,36.646,6.874,285.64,0.9543905358916098
139.5,127.980956,37.800592,3071.8441992,36.586,7.034,285.766,0.9543905358916098
139.5166,127.980894,37.800604,3071.98014,36.526,7.194,285.891,0.9543905358916098
139.5333,127.980831,37.800615,3072.1322352000007,36.465,7.355,286.017,0.9543905358916098
139.55,127.980769,37.800627,3072.2998752000003,36.403,7.515,286.142,0.9543905358916098
139.5666,127.980706,37.800639,3072.4833648,36.341,7.676,286.267,0.9543905358916098
139.5833,127.980644,37.800651,3072.682704,36.278,7.837,286.392,0.9543905358916098
139.6,127.980581,37.800663,3072.897588,36.215,7.998,286.516,0.9543905358916098
139.6166,127.980519,37.800676,3073.1283215999997,36.151,8.159,286.641,0.9543905358916098
139.6333,127.980457,37.800688,3073.3749048000004,36.087,8.32,286.765,0.9543905358916098
139.65,127.980394,37.8007,3073.6370328000003,36.021,8.482,286.889,0.9543905358916098
139.6666,127.980332,37.800713,3073.9150104,35.955,8.643,287.012,0.9543905358916098
139.6833,127.98027,37.800726,3074.2088375999997,35.888,8.805,287.136,0.9543905358916098
139.7,127.980208,37.800739,3074.5185144,35.821,8.967,287.259,0.9543905358916098
139.7166,127.980146,37.800751,3074.8437360000003,35.754,9.128,287.382,0.9543905358916098
139.7333,127.980084,37.800764,3075.1848072000003,35.685,9.29,287.505,0.9543905358916098
139.75,127.980022,37.800778,3075.541728,35.615,9.453,287.627,0.9543905358916098
139.7666,127.97996,37.800791,3075.9144984000004,35.545,9.615,287.75,0.9543905358916098
139.7833,127.979899,37.800804,3076.3031184,35.473,9.778,287.872,0.9543905358916098
139.8,127.979837,37.800817,3076.707588,35.401,9.94,287.994,0.9543905358916098
139.8166,127.979775,37.800831,3077.1276024000003,35.329,10.103,288.115,0.9543905358916098
139.8333,127.979714,37.800845,3077.5637712000002,35.255,10.266,288.237,0.9543905358916098
139.85,127.979652,37.800858,3078.0154848,35.18,10.429,288.358,0.9543905358916098
139.8666,127.979591,37.800872,3078.4833528000004,35.104,10.592,288.478,0.9543905358916098
139.8833,127.979529,37.800886,3078.9667656,35.027,10.756,288.599,0.9543905358916098
139.9,127.979468,37.8009,3079.4660280000003,34.949,10.919,288.719,0.9543905358916098
139.9166,127.979407,37.800914,3079.98114,34.871,11.083,288.84,0.9543905358916098
139.9333,127.979346,37.800928,3080.5121016,34.791,11.247,288.959,0.9543905358916098
139.95,127.979284,37.800943,3081.0592176,34.71,11.411,289.079,0.9543905358916098
139.9666,127.979223,37.800957,3081.6218784000002,34.627,11.575,289.198,0.9543905358916098
139.9833,127.979162,37.800972,3082.2003888000004,34.543,11.739,289.317,0.9543905358916098
140.0,127.979101,37.800986,3082.7950536,34.458,11.904,289.436,0.9543905358916098
140.0166,127.979041,37.801001,3083.4052632000003,34.373,12.069,289.554,0.9543905358916098
140.0333,127.97898,37.801016,3084.0316272,34.285,12.233,289.672,0.9543905358916098
140.05,127.978919,37.801031,3084.6735360000002,34.195,12.399,289.79,0.9543905358916098
140.0666,127.978858,37.801046,3085.3315992,34.104,12.564,289.907,0.9543905358916098
140.0833,127.978798,37.801061,3086.005512,34.011,12.729,290.024,0.9543905358916098
140.1,127.978737,37.801076,3086.6952744,33.917,12.895,290.141,0.9543905358916098
140.1166,127.978677,37.801091,3087.4008864,33.823,13.061,290.258,0.9543905358916098
140.1333,127.978617,37.801106,3088.1226528,33.726,13.227,290.374,0.9543905358916098
140.15,127.978556,37.801122,3088.8602688,33.626,13.393,290.49,0.9543905358916098
140.1666,127.978496,37.801137,3089.6137344000003,33.524,13.56,290.605,0.9543905358916098
140.1833,127.978436,37.801153,3090.3830496,33.421,13.726,290.72,0.9543905358916098
140.2,127.978376,37.801169,3091.1682144,33.316,13.893,290.835,0.9543905358916098
140.2166,127.978316,37.801184,3091.9695336,33.21,14.06,290.949,0.9543905358916098
140.2333,127.978256,37.8012,3092.7867024,33.101,14.227,291.063,0.9543905358916098
140.25,127.978196,37.801216,3093.6197208000003,32.988,14.395,291.177,0.9543905358916098
140.2666,127.978136,37.801232,3094.4688936000002,32.873,14.563,291.289,0.9543905358916098
140.2833,127.978077,37.801248,3095.333916,32.755,14.731,291.402,0.9543905358916098
140.3,127.978017,37.801265,3096.2150928,32.636,14.899,291.514,0.9543905358916098
140.3166,127.977958,37.801281,3097.1118144,32.516,15.067,291.627,0.9543905358916098
140.3333,127.977898,37.801297,3098.0249952,32.391,15.236,291.738,0.9543905358916098
140.35,127.977839,37.801314,3098.9540256000005,32.262,15.405,291.849,0.9543905358916098
140.3666,127.97778,37.80133,3099.8992104,32.129,15.575,291.959,0.9543905358916098
140.3833,127.977721,37.801347,3100.8602448,31.993,15.745,292.068,0.9543905358916098
140.4,127.977662,37.801364,3101.8371288,31.856,15.914,292.178,0.9543905358916098
140.4166,127.977603,37.801381,3102.8301672,31.717,16.084,292.287,0.9543905358916098
140.4333,127.977544,37.801398,3103.8393600000004,31.571,16.255,292.395,0.9543905358916098
140.45,127.977485,37.801415,3104.8647072000003,31.42,16.426,292.503,0.9543905358916098
140.4666,127.977426,37.801432,3105.9062088,31.264,16.597,292.61,0.9543905358916098
140.4833,127.977368,37.801449,3106.9635600000006,31.104,16.769,292.716,0.9543905358916098
140.5,127.977309,37.801466,3108.0367608,30.942,16.94,292.822,0.9543905358916098
140.5166,127.977251,37.801483,3109.1264208000002,30.777,17.112,292.928,0.9543905358916098
140.5333,127.977192,37.801501,3110.2316256000004,30.599,17.263,293.018,0.9543905358916098
140.55,127.977134,37.801518,3111.3523752,30.407,17.379,293.086,0.9543905358916098
140.5666,127.977076,37.801535,3112.4883648,30.203,17.472,293.139,0.9543905358916098
140.5833,127.977018,37.801553,3113.6398992,29.992,17.561,293.189,0.9543905358916098
140.6,127.97696,37.801571,3114.8066736000005,29.779,17.657,293.242,0.9543905358916098
140.6166,127.976902,37.801588,3115.988688,29.564,17.762,293.301,0.9543905358916098
140.6333,127.976844,37.801606,3117.1850280000003,29.341,17.857,293.353,0.9543905358916098
140.65,127.976786,37.801624,3118.3959984000003,29.109,17.93,293.392,0.9543905358916098
140.6666,127.976728,37.801642,3119.6212944,28.871,17.988,293.421,0.9543905358916098
140.6833,127.976671,37.80166,3120.8606112,28.63,18.045,293.45,0.9543905358916098
140.7,127.976613,37.801678,3122.1139488000003,28.388,18.11,293.481,0.9543905358916098
140.7166,127.976556,37.801696,3123.3813072000003,28.146,18.185,293.519,0.9543905358916098
140.7333,127.976499,37.801714,3124.6614672,27.909,18.251,293.552,0.9543905358916098
140.75,127.976441,37.801732,3125.9550384,27.676,18.307,293.579,0.9543905358916098
140.7666,127.976384,37.80175,3127.2614112,27.447,18.36,293.605,0.9543905358916098
140.7833,127.976327,37.801769,3128.5808904,27.222,18.416,293.631,0.9543905358916098
140.8,127.97627,37.801787,3129.9131712000003,27.002,18.48,293.661,0.9543905358916098
140.8166,127.976213,37.801805,3131.2576440000003,26.785,18.552,293.694,0.9543905358916098
140.8333,127.976156,37.801824,3132.614004,26.577,18.616,293.724,0.9543905358916098
140.85,127.976099,37.801842,3133.982556,26.379,18.673,293.75,0.9543905358916098
140.8666,127.976042,37.801861,3135.3626904000002,26.188,18.727,293.775,0.9543905358916098
140.8833,127.975985,37.801879,3136.7550168000002,26.005,18.784,293.801,0.9543905358916098
140.9,127.975929,37.801898,3138.1586208000003,25.827,18.848,293.829,0.9543905358916098
140.9166,127.975872,37.801917,3139.5741120000002,25.653,18.918,293.86,0.9543905358916098
140.9333,127.975816,37.801935,3141.0002712000005,25.487,18.979,293.886,0.9543905358916098
140.95,127.975759,37.801954,3142.4374032000005,25.328,19.031,293.909,0.9543905358916098
140.9666,127.975703,37.801973,3143.885508,25.174,19.08,293.93,0.9543905358916098
140.9833,127.975646,37.801992,3145.3445856,25.026,19.132,293.953,0.9543905358916098
141.0,127.97559,37.802011,3146.8143312,24.882,19.19,293.977,0.9543905358916098
141.0166,127.975534,37.802029,3148.29444,24.742,19.254,294.004,0.9543905358916098
141.0333,127.975478,37.802048,3149.7846072,24.607,19.309,294.027,0.9543905358916098
141.05,127.975421,37.802067,3151.2851376,24.477,19.355,294.046,0.9543905358916098
141.0666,127.975365,37.802086,3152.7957264,24.35,19.398,294.064,0.9543905358916098
141.0833,127.975309,37.802105,3154.3160688000003,24.227,19.444,294.082,0.9543905358916098
141.1,127.975253,37.802124,3155.8464696,24.108,19.495,294.103,0.9543905358916098
141.1166,127.975197,37.802143,3157.3866239999998,23.992,19.552,294.126,0.9543905358916098
141.1333,127.975142,37.802163,3158.9356176,23.88,19.601,294.146,0.9543905358916098
141.15,127.975086,37.802182,3160.4940600000004,23.77,19.642,294.162,0.9543905358916098
141.1666,127.97503,37.802201,3162.0616464000004,23.664,19.68,294.177,0.9543905358916098
141.1833,127.974974,37.80222,3163.6383768,23.561,19.721,294.193,0.9543905358916098
141.2,127.974919,37.802239,3165.2242512,23.461,19.766,294.211,0.9543905358916098
141.2166,127.974863,37.802259,3166.8189648,23.364,19.817,294.232,0.9543905358916098
141.2333,127.974807,37.802278,3168.421908,23.269,19.861,294.249,0.9543905358916098
141.25,127.974752,37.802297,3170.0333855999997,23.176,19.898,294.263,0.9543905358916098
141.2666,127.974697,37.802317,3171.6533976,23.085,19.932,294.277,0.9543905358916098
141.2833,127.974641,37.802336,3173.2816392000004,22.998,19.968,294.291,0.9543905358916098
141.3,127.974586,37.802355,3174.9181104,22.912,20.009,294.307,0.9543905358916098
141.3166,127.97453,37.802375,3176.5628112,22.829,20.054,294.325,0.9543905358916098
141.3333,127.974475,37.802394,3178.2151320000003,22.747,20.094,294.34,0.9543905358916098
141.35,127.97442,37.802414,3179.8750728,22.667,20.127,294.353,0.9543905358916098
141.3666,127.974365,37.802433,3181.5429384,22.587,20.158,294.365,0.9543905358916098
141.3833,127.97431,37.802453,3183.218424,22.51,20.19,294.378,0.9543905358916098
141.4,127.974255,37.802472,3184.9012248,22.435,20.227,294.392,0.9543905358916098
141.4166,127.9742,37.802492,3186.5916456,22.361,20.268,294.408,0.9543905358916098
141.4333,127.974145,37.802511,3188.2890768,22.288,20.304,294.422,0.9543905358916098
141.45,127.97409,37.802531,3189.9935184,22.216,20.333,294.434,0.9543905358916098
141.4666,127.974035,37.802551,3191.7049704,22.144,20.361,294.444,0.9543905358916098
141.4833,127.97398,37.80257,3193.4234328000002,22.073,20.39,294.456,0.9543905358916098
141.5,127.973925,37.80259,3195.1489056000005,22.005,20.423,294.469,0.9543905358916098
141.5166,127.97387,37.80261,3196.8807792000002,21.937,20.46,294.483,0.9543905358916098
141.5333,127.973815,37.802629,3198.6193584,21.87,20.492,294.496,0.9543905358916098
141.55,127.973761,37.802649,3200.3643384,21.802,20.519,294.506,0.9543905358916098
141.5666,127.973706,37.802669,3202.116024,21.734,20.543,294.516,0.9543905358916098
141.5833,127.973651,37.802689,3203.8738056,21.668,20.57,294.526,0.9543905358916098
141.6,127.973597,37.802708,3205.637988,21.602,20.599,294.538,0.9543905358916098
141.6166,127.973542,37.802728,3207.4082664000002,21.538,20.632,294.551,0.9543905358916098
141.6333,127.973488,37.802748,3209.1846408,21.474,20.667,294.565,0.9543905358916098
141.65,127.973433,37.802768,3210.9668064,21.41,20.701,294.579,0.9543905358916098
141.6666,127.973379,37.802788,3212.7553728000003,21.346,20.736,294.593,0.9543905358916098
141.6833,127.973324,37.802808,3214.5494256,21.282,20.773,294.608,0.9543905358916098
141.7,127.97327,37.802827,3216.3495744,21.219,20.811,294.623,0.9543905358916098
141.7166,127.973215,37.802847,3218.1555144000004,21.157,20.851,294.64,0.9543905358916098
141.7333,127.973161,37.802867,3219.9669408,21.09,20.879,294.651,0.9543905358916098
141.75,127.973107,37.802887,3221.7838536,21.018,20.894,294.657,0.9543905358916098
141.7666,127.973052,37.802907,3223.6065576000005,20.944,20.905,294.661,0.9543905358916098
141.7833,127.972998,37.802927,3225.4341384,20.868,20.917,294.665,0.9543905358916098
141.8,127.972944,37.802947,3227.2672056000006,20.792,20.933,294.672,0.9543905358916098
141.8166,127.97289,37.802967,3229.1057592,20.717,20.953,294.68,0.9543905358916098
141.8333,127.972836,37.802987,3230.9494944,20.642,20.989,294.694,0.9543905358916098
141.85,127.972781,37.803007,3232.7987160000002,20.568,21.038,294.714,0.9543905358916098
141.8666,127.972727,37.803027,3234.6528144000004,20.493,21.094,294.737,0.9543905358916098
141.8833,127.972673,37.803047,3236.5123992,20.418,21.151,294.76,0.9543905358916098
141.9,127.972619,37.803067,3238.3771656,20.343,21.206,294.783,0.9543905358916098
141.9166,127.972565,37.803087,3240.2471136000004,20.267,21.259,294.804,0.9543905358916098
141.9333,127.972511,37.803107,3242.1219384,20.178,21.287,294.815,0.9543905358916098
141.95,127.972457,37.803128,3244.00164,20.076,21.288,294.815,0.9543905358916098
141.9666,127.972403,37.803148,3245.8862184000004,19.966,21.276,294.81,0.9543905358916098
141.9833,127.97235,37.803168,3247.7756736000006,19.849,21.263,294.804,0.9543905358916098
142.0,127.972296,37.803188,3249.6693960000002,19.731,21.256,294.802,0.9543905358916098
142.0166,127.972242,37.803208,3251.5676904,19.612,21.257,294.803,0.9543905358916098
142.0333,127.972188,37.803228,3253.4711664,19.494,21.287,294.815,0.9543905358916098
142.05,127.972134,37.803248,3255.3792144000004,19.377,21.344,294.837,0.9543905358916098
142.0666,127.972081,37.803269,3257.2918344000004,19.261,21.414,294.864,0.9543905358916098
142.0833,127.972027,37.803289,3259.2090264,19.145,21.484,294.892,0.9543905358916098
142.1,127.971973,37.803309,3261.1307904,19.027,21.55,294.917,0.9543905358916098
142.1166,127.971919,37.803329,3263.0574312,18.908,21.61,294.94,0.9543905358916098
142.1333,127.971866,37.80335,3264.9889488000003,18.768,21.642,294.952,0.9543905358916098
142.15,127.971812,37.80337,3266.9247336,18.606,21.636,294.949,0.9543905358916098
142.1666,127.971759,37.80339,3268.8647856,18.428,21.606,294.937,0.9543905358916098
142.1833,127.971705,37.80341,3270.8088000000002,18.239,21.571,294.924,0.9543905358916098
142.2,127.971651,37.803431,3272.7570816,18.044,21.542,294.914,0.9543905358916098
142.2166,127.971598,37.803451,3274.7090208000004,17.847,21.523,294.908,0.9543905358916098
142.2333,127.971544,37.803471,3276.6652272,17.658,21.538,294.915,0.9543905358916098
142.25,127.971491,37.803491,3278.6257008000002,17.476,21.591,294.935,0.9543905358916098
142.2666,127.971438,37.803512,3280.5901368000004,17.301,21.666,294.962,0.9543905358916098
142.2833,127.971384,37.803532,3282.5585352000003,17.13,21.746,294.99,0.9543905358916098
142.3,127.971331,37.803552,3284.5312008000005,16.96,21.82,295.017,0.9543905358916098
142.3166,127.971277,37.803573,3286.5078288,16.79,21.886,295.04,0.9543905358916098
142.3333,127.971224,37.803593,3288.4884192000004,16.611,21.922,295.052,0.9543905358916098
142.35,127.971171,37.803613,3290.4726671999997,16.423,21.919,295.052,0.9543905358916098
142.3666,127.971117,37.803634,3292.4608776000005,16.228,21.893,295.045,0.9543905358916098
142.3833,127.971064,37.803654,3294.4524408,16.029,21.863,295.036,0.9543905358916098
142.4,127.971011,37.803674,3296.4479664000005,15.829,21.839,295.03,0.9543905358916098
142.4166,127.970957,37.803695,3298.44654,15.629,21.824,295.026,0.9543905358916098
142.4333,127.970904,37.803715,3300.4496856,15.424,21.831,295.029,0.9543905358916098
142.45,127.970851,37.803736,3302.456184,15.213,21.856,295.037,0.9543905358916098
142.4666,127.970798,37.803756,3304.4660352000005,14.997,21.889,295.047,0.9543905358916098
142.4833,127.970745,37.803776,3306.4795440000003,14.778,21.923,295.058,0.9543905358916098
142.5,127.970691,37.803797,3308.4964056000003,14.556,21.954,295.068,0.9543905358916098
142.5166,127.970638,37.803817,3310.5169248,14.333,21.982,295.077,0.9543905358916098
142.5333,127.970585,37.803838,3312.5411016,14.112,22.027,295.091,0.9543905358916098
142.55,127.970532,37.803858,3314.568936,13.894,22.087,295.109,0.9543905358916098
142.5666,127.970479,37.803878,3316.600428,13.679,22.157,295.13,0.9543905358916098
142.5833,127.970426,37.803899,3318.6355776,13.465,22.226,295.15,0.9543905358916098
142.6,127.970373,37.803919,3320.6746896000004,13.251,22.293,295.169,0.9543905358916098
142.6166,127.97032,37.80394,3322.7177640000004,13.038,22.355,295.186,0.9543905358916098
142.6333,127.970267,37.80396,3324.7651056000004,12.743,22.389,295.192,0.9543905358916098
142.65,127.970214,37.803981,3326.8164096000005,12.368,22.374,295.18,0.9543905358916098
142.6666,127.970161,37.804001,3328.8728952,11.93,22.319,295.158,0.9543905358916098
142.6833,127.970108,37.804021,3330.9324288,11.446,22.251,295.137,0.9543905358916098
142.7,127.970055,37.804042,3332.99562,10.932,22.186,295.121,0.9543905358916098
142.7166,127.970002,37.804062,3335.0621640000004,10.402,22.132,295.111,0.9543905358916098
142.7333,127.969949,37.804083,3337.1311464000005,9.907,22.114,295.112,0.9543905358916098
142.75,127.969897,37.804103,3339.202872,9.453,22.15,295.125,0.9543905358916098
142.7666,127.969844,37.804124,3341.2773408000003,9.033,22.221,295.144,0.9543905358916098
142.7833,127.969791,37.804144,3343.3551624000006,8.638,22.303,295.163,0.9543905358916098
142.8,127.969738,37.804164,3345.436032,8.258,22.381,295.179,0.9543905358916098
142.8166,127.969685,37.804185,3347.5202544000003,7.887,22.448,295.191,0.9543905358916098
142.8333,127.969632,37.804205,3349.6090488000004,7.484,22.5,295.197,0.9543905358916098
142.85,127.96958,37.804226,3351.7021104,7.047,22.539,295.199,0.9543905358916098
142.8666,127.969527,37.804246,3353.7988296000003,6.583,22.573,295.2,0.9543905358916098
142.8833,127.969474,37.804267,3355.8995112000002,6.098,22.607,295.203,0.9543905358916098
142.9,127.969422,37.804287,3358.0038504000004,5.599,22.643,295.207,0.9543905358916098
142.9166,127.969369,37.804308,3360.1118472,5.092,22.681,295.212,0.9543905358916098
142.9333,127.969316,37.804328,3362.221368,4.733,22.695,295.225,0.9543905358916098
142.95,127.969264,37.804348,3364.3324128,4.516,22.671,295.243,0.9543905358916098
142.9666,127.969211,37.804369,3366.4449816,4.415,22.621,295.259,0.9543905358916098
142.9833,127.969158,37.804389,3368.5578552,4.4,22.564,295.267,0.9543905358916098
143.0,127.969105,37.80441,3370.6725576000003,4.442,22.512,295.268,0.9543905358916098
143.0166,127.969053,37.80443,3372.7890888,4.517,22.469,295.264,0.9543905358916098
143.0333,127.969,37.80445,3374.9068392000004,4.607,22.435,295.259,0.9543905358916098
143.05,127.968947,37.804471,3377.0264184000002,4.704,22.404,295.255,0.9543905358916098
143.0666,127.968895,37.804491,3379.1475216,4.801,22.376,295.254,0.9543905358916098
143.0833,127.968842,37.804512,3381.2695392000005,4.899,22.348,295.253,0.9543905358916098
143.1,127.968789,37.804532,3383.3930808,4.998,22.321,295.252,0.9543905358916098
143.1166,127.968737,37.804552,3385.5178416000003,5.098,22.296,295.251,0.9543905358916098
143.1333,127.968684,37.804573,3387.6456504000002,5.019,22.299,295.24,0.9543905358916098
143.15,127.968632,37.804593,3389.7765072,4.773,22.345,295.222,0.9543905358916098
143.1666,127.968579,37.804614,3391.9110216,4.358,22.419,295.204,0.9543905358916098
143.1833,127.968526,37.804634,3394.0494984,3.78,22.501,295.191,0.9543905358916098
143.2,127.968474,37.804654,3396.1925472000003,3.048,22.579,295.182,0.9543905358916098
143.2166,127.968421,37.804675,3398.3404728,2.174,22.648,295.175,0.9543905358916098
143.2333,127.968369,37.804695,3400.4905320000003,1.5,22.685,295.189,0.9543905358916098
143.25,127.968316,37.804716,3402.6430296000003,1.05,22.678,295.223,0.9543905358916098
143.2666,127.968264,37.804736,3404.7979656,0.792,22.645,295.259,0.9543905358916098
143.2833,127.968211,37.804756,3406.9544256000004,0.686,22.605,295.282,0.9543905358916098
143.3,127.968159,37.804777,3409.1121048000005,0.685,22.569,295.291,0.9543905358916098
143.3166,127.968106,37.804797,3411.2700888000004,0.743,22.542,295.288,0.9543905358916098
143.3333,127.968054,37.804817,3413.427768,0.833,22.522,295.283,0.9543905358916098
143.35,127.968001,37.804838,3415.587276,0.932,22.505,295.279,0.9543905358916098
143.3666,127.967949,37.804858,3417.7470888000003,1.032,22.49,295.278,0.9543905358916098
143.3833,127.967896,37.804878,3419.9075112,1.132,22.476,295.28,0.9543905358916098
143.4,127.967844,37.804899,3422.0685432,1.233,22.461,295.281,0.9543905358916098
143.4166,127.967791,37.804919,3424.2301848,1.338,22.447,295.282,0.9543905358916098
143.4333,127.967739,37.804939,3426.3939600000003,1.263,22.437,295.27,0.9543905358916098
143.45,127.967686,37.804959,3428.5592592000003,1.016,22.432,295.247,0.9543905358916098
143.4666,127.967634,37.80498,3430.7269968,0.601,22.428,295.222,0.9543905358916098
143.4833,127.967582,37.805,3432.8974776000005,0.019,22.426,295.2,0.9543905358916098
143.5,127.967529,37.80502,3435.0710064,-0.717,22.425,295.185,0.9543905358916098
143.5166,127.967477,37.805041,3437.2481928,-1.598,22.423,295.173,0.9543905358916098
143.5333,127.967424,37.805061,3439.4269032,-2.533,22.436,295.167,0.9543905358916098
143.55,127.967372,37.805081,3441.6077472,-3.485,22.464,295.166,0.9543905358916098
143.5666,127.96732,37.805101,3443.7898104,-4.436,22.499,295.168,0.9543905358916098
143.5833,127.967267,37.805122,3445.9737024,-5.378,22.534,295.169,0.9543905358916098
143.6,127.967215,37.805142,3448.1597280000005,-6.308,22.567,295.168,0.9543905358916098
143.6166,127.967163,37.805162,3450.3472776000003,-7.229,22.598,295.165,0.9543905358916098
143.6333,127.96711,37.805182,3452.5348272,-7.896,22.611,295.178,0.9543905358916098
143.65,127.967058,37.805202,3454.7226816,-8.321,22.608,295.209,0.9543905358916098
143.6666,127.967006,37.805223,3456.9102312,-8.556,22.596,295.242,0.9543905358916098
143.6833,127.966953,37.805243,3459.0971712000005,-8.649,22.582,295.265,0.9543905358916098
143.7,127.966901,37.805263,3461.2831968,-8.646,22.569,295.275,0.9543905358916098
143.7166,127.966848,37.805283,3463.4695272000004,-8.591,22.558,295.275,0.9543905358916098
143.7333,127.966796,37.805303,3465.6558576,-8.508,22.549,295.272,0.9543905358916098
143.75,127.966744,37.805324,3467.8424928,-8.415,22.541,295.271,0.9543905358916098
143.7666,127.966691,37.805344,3470.029128,-8.321,22.534,295.271,0.9543905358916098
143.7833,127.966639,37.805364,3472.2157632,-8.226,22.526,295.273,0.9543905358916098
143.8,127.966587,37.805384,3474.4027032000004,-8.13,22.519,295.275,0.9543905358916098
143.8166,127.966534,37.805404,3476.5896432,-8.032,22.512,295.276,0.9543905358916098
143.8333,127.966482,37.805424,3478.776888,-7.933,22.505,295.277,0.9543905358916098
143.85,127.966429,37.805444,3480.9638280000004,-7.833,22.499,295.277,0.9543905358916098
143.8666,127.966377,37.805465,3483.1510728000003,-7.734,22.493,295.277,0.9543905358916098
143.8833,127.966325,37.805485,3485.3383176,-7.637,22.487,295.276,0.9543905358916098
143.9,127.966272,37.805505,3487.5255624000006,-7.541,22.482,295.276,0.9543905358916098
143.9166,127.96622,37.805525,3489.7128072,-7.446,22.478,295.275,0.9543905358916098
143.9333,127.966167,37.805545,3491.9018808,-7.534,22.481,295.262,0.9543905358916098
143.95,127.966115,37.805565,3494.0921736000005,-7.794,22.492,295.237,0.9543905358916098
143.9666,127.966063,37.805585,3496.2842952,-8.225,22.508,295.208,0.9543905358916098
143.9833,127.96601,37.805605,3498.4788552000005,-8.821,22.526,295.182,0.9543905358916098
144.0,127.965958,37.805625,3500.6761584,-9.575,22.542,295.162,0.9543905358916098
144.0166,127.965906,37.805645,3502.8768144000005,-10.471,22.557,295.146,0.9543905358916098
144.0333,127.965853,37.805665,3505.0777752000004,-11.17,22.567,295.154,0.9543905358916098
144.05,127.965801,37.805685,3507.2802600000005,-11.645,22.57,295.184,0.9543905358916098
144.0666,127.965749,37.805705,3509.4836592,-11.927,22.57,295.22,0.9543905358916098
144.0833,127.965696,37.805725,3511.6873632,-12.055,22.568,295.244,0.9543905358916098
144.1,127.965644,37.805745,3513.8907624000003,-12.075,22.565,295.253,0.9543905358916098
144.1166,127.965592,37.805765,3516.0935520000003,-12.034,22.562,295.251,0.9526140927080511
144.1333,127.965539,37.805785,3518.2951224000003,-11.962,22.559,295.245,0.9508370942108374
144.15,127.965487,37.805805,3520.4969976,-11.881,22.558,295.24,0.9490602617872465
144.1666,127.965435,37.805825,3522.6982632,-11.801,22.557,295.237,0.9472828093585411
144.1833,127.965382,37.805845,3524.8995288,-11.723,22.557,295.236,0.9455047053131947
144.2,127.96533,37.805865,3527.1001848000005,-11.645,22.557,295.236,0.9437264232449478
144.2166,127.965278,37.805885,3529.3008408,-11.565,22.556,295.235,0.941947429176429
144.2333,127.965225,37.805905,3531.5008872000003,-11.484,22.555,295.234,0.9401680718256147
144.25,127.965173,37.805925,3533.7009336,-11.402,22.554,295.231,0.9383883193208391
144.2666,127.965121,37.805945,3535.9006752,-11.322,22.553,295.229,0.9366078904108827
144.2833,127.965068,37.805965,3538.1001120000005,-11.243,22.552,295.227,0.9348270094395518
144.3,127.965016,37.805984,3540.2992440000003,-11.165,22.551,295.224,0.9330460264307847
144.3166,127.964963,37.806004,3542.4980712,-11.089,22.55,295.222,0.9312642821830991
144.3333,127.964911,37.806024,3544.6965936,-11.014,22.549,295.22,0.9294821276486671
144.35,127.964859,37.806044,3546.8948112000003,-10.94,22.548,295.217,0.9276994107196782
144.3666,127.964806,37.806064,3549.092724,-10.867,22.547,295.215,0.9259161054598887
144.3833,127.964754,37.806084,3551.290332,-10.795,22.546,295.212,0.9241326892110434
144.4,127.964702,37.806104,3553.4876352000006,-10.724,22.546,295.209,0.920329796785133
144.4166,127.964649,37.806124,3555.6846336,-10.654,22.545,295.207,0.9165242397041251
144.4333,127.964597,37.806143,3557.8813272,-10.585,22.544,295.204,0.9127179350747308
144.45,127.964544,37.806163,3560.0777160000002,-10.518,22.543,295.201,0.9089077439822822
144.4666,127.964492,37.806183,3562.2738000000004,-10.453,22.542,295.198,0.9050965999136678
144.4833,127.96444,37.806203,3564.4695792,-10.388,22.54,295.195,0.9012838962564785
144.5,127.964387,37.806223,3566.6650535999997,-10.324,22.539,295.192,0.8974680242100742
144.5166,127.964335,37.806243,3568.8602232000003,-10.261,22.538,295.189,0.893650908156198
144.5333,127.964282,37.806263,3571.0553928,-10.2,22.537,295.186,0.8898319491014146
144.55,127.96423,37.806282,3573.2499528000003,-10.14,22.536,295.183,0.8860125766516663
144.5666,127.964178,37.806302,3575.444208,-10.082,22.535,295.18,0.8821891714358152
144.5833,127.964125,37.806322,3577.6381584,-10.024,22.534,295.176,0.8783636588906469
144.6,127.964073,37.806342,3579.831804,-9.967,22.533,295.173,0.8745364654718455
144.6166,127.96402,37.806362,3582.0251448,-9.911,22.532,295.17,0.870706991800074
144.6333,127.963968,37.806381,3584.2181808,-9.856,22.53,295.166,0.8668781887705334
144.65,127.963915,37.806401,3586.4109120000003,-9.803,22.529,295.163,0.8630449516992994
144.6666,127.963863,37.806421,3588.6036432,-9.751,22.528,295.16,0.8592107402763782
144.6833,127.963811,37.806441,3590.7957647999997,-9.7,22.527,295.156,0.8553739740193818
144.7,127.963758,37.80646,3592.9875816000003,-9.65,22.525,295.153,0.8515350904440672
144.7166,127.963706,37.80648,3595.1790936,-9.6,22.524,295.149,0.8476940217055151
144.7333,127.963653,37.8065,3597.3703008,-9.551,22.523,295.146,0.843851697132282
144.75,127.963601,37.80652,3599.5612032000004,-9.504,22.522,295.142,0.8400070418097441
144.7666,127.963548,37.806539,3601.7518008,-9.458,22.52,295.138,0.8361609845199744
144.7833,127.963496,37.806559,3603.9420936,-9.413,22.519,295.135,0.8323124637305371
144.8,127.963444,37.806579,3606.1320816,-9.368,22.517,295.131,0.8284614117679392
144.8166,127.963391,37.806599,3608.3217648,-9.324,22.516,295.128,0.82460876541073
144.8333,127.963339,37.806618,3610.5111432000003,-9.281,22.515,295.124,0.8207544625654283
144.85,127.963286,37.806638,3612.7002168000004,-9.239,22.513,295.12,0.8168974346463993
144.8666,127.963234,37.806658,3614.8889856,-9.197,22.512,295.116,0.8130391396819524
144.8833,127.963181,37.806678,3617.0771448,-9.157,22.51,295.113,0.8091789944035471
144.9,127.963129,37.806697,3619.265304,-9.117,22.509,295.109,0.8053184603265554
144.9166,127.963076,37.806717,3621.4531584,-9.078,22.507,295.105,0.8014539771327918
144.9333,127.963024,37.806737,3623.640708,-9.039,22.506,295.102,0.7975874811502786
144.95,127.962971,37.806756,3625.8279528000003,-9.002,22.504,295.098,0.7937189322647791
144.9666,127.962919,37.806776,3628.0148928,-8.965,22.502,295.094,0.7898488122205444
144.9833,127.962867,37.806796,3630.2015280000005,-8.928,22.501,295.09,0.7859765478715575
145.0,127.962814,37.806816,3632.3875536,-8.893,22.499,295.086,0.7821010996930369
145.0166,127.962762,37.806835,3634.5735792,-8.857,22.498,295.083,0.7782264722942882
145.0333,127.962709,37.806855,3636.7593,-8.822,22.496,295.079,0.7743485778294773
145.05,127.962657,37.806875,3638.9444112,-8.789,22.494,295.076,0.7704698883549487
145.0666,127.962604,37.806894,3641.1295224,-8.756,22.493,295.072,0.7665888339897898
145.0833,127.962552,37.806914,3643.3143288,-8.723,22.491,295.069,0.7627059128576973
145.1,127.962499,37.806934,3645.4985256000004,-8.69,22.489,295.066,0.7588195609058221
145.1166,127.962447,37.806953,3647.6827224000003,-8.657,22.488,295.062,0.7549322542740246
145.1333,127.962394,37.806973,3649.8669192,-8.631,22.491,295.058,0.751042973981327
145.15,127.962342,37.806992,3652.0508112,-8.612,22.498,295.054,0.7471526693679837
145.1666,127.962289,37.807012,3654.2343984000004,-8.598,22.508,295.05,0.7432587816217204
145.1833,127.962237,37.807032,3656.4179856,-8.587,22.517,295.046,0.7393638027603349
145.2,127.962184,37.807051,3658.6015728,-8.578,22.526,295.042,0.7354677041564798
145.2166,127.962132,37.807071,3660.7848552000005,-8.569,22.534,295.039,0.7315694723085846
145.2333,127.962079,37.807091,3662.9672232000003,-8.556,22.537,295.037,0.7276685357779933
145.25,127.962027,37.80711,3665.1495912,-8.539,22.535,295.036,0.7237679197264854
145.2666,127.961974,37.80713,3667.3316544,-8.518,22.531,295.037,0.7198635334678668
145.2833,127.961922,37.807149,3669.5137176,-8.493,22.526,295.037,0.7159594098663435
145.3,127.961869,37.807169,3671.6951712000005,-8.467,22.522,295.036,0.7120514716906534
145.3166,127.961817,37.807189,3673.8766248,-8.439,22.518,295.035,0.7081422162799194
145.3333,127.961764,37.807208,3676.0577736000005,-8.411,22.515,295.035,0.704231627639152
145.35,127.961712,37.807228,3678.2386176,-8.384,22.512,295.034,0.7003186842270521
145.3666,127.961659,37.807247,3680.4191568,-8.358,22.509,295.034,0.6964043553280561
145.3833,127.961607,37.807267,3682.5993912000004,-8.332,22.506,295.034,0.6924876323268758
145.4,127.961554,37.807287,3684.7793208000003,-8.306,22.503,295.034,0.6885694837835185
145.4166,127.961502,37.807306,3686.9592504,-8.28,22.501,295.033,0.6846508717115009
145.4333,127.961449,37.807326,3689.1385704000004,-8.255,22.498,295.033,0.6807298165727734
145.45,127.961397,37.807345,3691.3178904,-8.23,22.495,295.034,0.6768073010440981
145.4666,127.961344,37.807365,3693.4966008000006,-8.206,22.493,295.034,0.6728823421479236
145.4833,127.961292,37.807384,3695.6753112,-8.183,22.49,295.034,0.6689559187955287
145.5,127.961239,37.807404,3697.8534120000004,-8.159,22.488,295.034,0.6650264951725474
145.5166,127.961187,37.807423,3700.0315128,-8.135,22.485,295.034,0.661097167520802
145.5333,127.961134,37.807443,3702.2090040000003,-8.112,22.483,295.035,0.6571638736095228
145.55,127.961082,37.807462,3704.3864952,-8.09,22.481,295.035,0.6532307081888125
145.5666,127.961029,37.807482,3706.5633768000002,-8.068,22.478,295.035,0.6492936043316874
145.5833,127.960977,37.807502,3708.7402584,-8.046,22.476,295.036,0.6453576177940088
145.6,127.960924,37.807521,3710.9165304000003,-8.025,22.474,295.036,0.6414186820476816
145.6166,127.960872,37.807541,3713.0928024000004,-8.004,22.471,295.036,0.6374773673191677
145.6333,127.960819,37.80756,3715.2675504000003,-7.923,22.487,295.037,0.633534661224187
145.65,127.960767,37.80758,3717.4410792,-7.784,22.519,295.04,0.6295895934897061
145.6666,127.960714,37.807599,3719.6133888000004,-7.598,22.56,295.042,0.6256425672107071
145.6833,127.960661,37.807619,3721.7856984000005,-7.377,22.602,295.041,0.6216947229656679
145.7,127.960609,37.807638,3723.9577032,-7.132,22.64,295.038,0.617745496746924
145.7166,127.960556,37.807658,3726.1294032000005,-6.872,22.674,295.033,0.6137923675560182
145.7333,127.960504,37.807677,3728.3017128,-6.666,22.687,295.025,0.6098404018514457
145.75,127.960451,37.807697,3730.4746320000004,-6.517,22.681,295.017,0.6058845661289896
145.7666,127.960399,37.807716,3732.6493800000003,-6.415,22.665,295.009,0.6019274152204733
145.7833,127.960346,37.807736,3734.8235184000005,-6.351,22.648,295.005,0.6001042285328111
145.8,127.960294,37.807755,3736.9982664000004,-6.312,22.632,295.004,0.5982809653020148
145.8166,127.960241,37.807775,3739.1730144000003,-6.287,22.62,295.005,0.5964567530726955
145.8333,127.960189,37.807794,3741.3480672,-6.272,22.61,295.007,0.5946322271544844
145.85,127.960136,37.807814,3743.5228152,-6.261,22.601,295.009,0.5928071510169203
145.8666,127.960084,37.807833,3745.6975632,-6.252,22.594,295.012,0.5909820159113879
145.8833,127.960031,37.807853,3747.8723112000002,-6.243,22.586,295.014,0.5891559487315262
145.9,127.959978,37.807872,3750.0470592,-6.233,22.579,295.015,0.5873295857161677
145.9166,127.959926,37.807891,3752.2215024,-6.223,22.572,295.017,0.5855026863338447
145.9333,127.959873,37.807911,3754.3959456000002,-6.214,22.566,295.018,0.5836748634913566
145.95,127.959821,37.80793,3756.570084,-6.205,22.559,295.02,0.5818473880839841
145.9666,127.959768,37.80795,3758.7439176000003,-6.197,22.553,295.022,0.5800189965322115
145.9833,127.959716,37.807969,3760.918056,-6.188,22.548,295.024,0.5781903238649045
146.0,127.959663,37.807989,3763.0915848000004,-6.18,22.542,295.025,0.5763607408993031
146.0166,127.959611,37.808008,3765.2651136000004,-6.171,22.537,295.027,0.5745308820308566
146.0333,127.959558,37.808028,3767.4383376,-6.163,22.532,295.028,0.5727003605292498
146.05,127.959506,37.808047,3769.6115616,-6.154,22.527,295.03,0.5708695682467295
146.0666,127.959453,37.808066,3771.7841760000006,-6.146,22.522,295.031,0.569037875046029
146.0833,127.9594,37.808086,3773.9567904,-6.137,22.517,295.032,0.5672056733052503
146.1,127.959348,37.808105,3776.1291,-6.129,22.513,295.034,0.5653734508530986
146.1166,127.959295,37.808125,3778.3014096,-6.121,22.508,295.035,0.5635407252489002
146.1333,127.959243,37.808144,3780.4731096000005,-6.114,22.504,295.036,0.5617077419682478
146.15,127.95919,37.808164,3782.6448096000004,-6.107,22.5,295.037,0.5598738677985404
146.1666,127.959138,37.808183,3784.8162048000004,-6.1,22.496,295.039,0.5580397396864902
146.1833,127.959085,37.808202,3786.9872952,-6.093,22.492,295.04,0.5562049674521772
146.2,127.959033,37.808222,3789.1580808,-6.086,22.488,295.041,0.5543697040407882
146.2166,127.95898,37.808241,3791.3285616000003,-6.079,22.484,295.042,0.5525338006118069
146.2333,127.958927,37.808261,3793.4987376,-6.073,22.48,295.043,0.550697410633501
146.25,127.958875,37.80828,3795.6686088,-6.067,22.476,295.045,0.5488607760432287
146.2666,127.958822,37.808299,3797.8381752,-6.061,22.473,295.046,0.5470235066437983
146.2833,127.95877,37.808319,3800.0077416000004,-6.056,22.469,295.047,0.5451857558703181
146.3,127.958717,37.808338,3802.1766984000005,-6.051,22.466,295.048,0.5433473743710219
146.3166,127.958665,37.808358,3804.3453504000004,-6.045,22.462,295.049,0.5415085161053191
146.3333,127.958612,37.808377,3806.513088,-6.011,22.482,295.05,0.5396690305228226
146.35,127.958559,37.808397,3808.6805208,-5.948,22.53,295.049,0.5378286743483985
146.3666,127.958507,37.808416,3810.8476488000006,-5.862,22.595,295.046,0.5359883242633584
146.3833,127.958454,37.808435,3813.0150816,-5.759,22.664,295.042,0.5341471070804014
146.4,127.958402,37.808455,3815.1822096000005,-5.643,22.729,295.037,0.5323054199337878
146.4166,127.958349,37.808474,3817.350252,-5.519,22.789,295.031,0.5304631118053796
146.4333,127.958297,37.808493,3819.5185992,-5.422,22.819,295.025,0.5286203403889325
146.45,127.958244,37.808513,3821.6881656,-5.353,22.818,295.021,0.5267767120153033
146.4666,127.958191,37.808532,3823.8580368000003,-5.307,22.798,295.019,0.5249328663793597
146.4833,127.958139,37.808552,3826.0285176,-5.279,22.773,295.019,0.523088806065643
146.5,127.958086,37.808571,3828.1993032000005,-5.265,22.749,295.02,0.5212441401948331
146.5166,127.958034,37.80859,3830.3703936,-5.259,22.73,295.022,0.5193990269398451
146.5333,127.957981,37.80861,3832.5417888,-5.258,22.714,295.025,0.5175530746867599
146.55,127.957929,37.808629,3834.713184,-5.26,22.701,295.027,0.5157069177523872
146.5666,127.957876,37.808648,3836.884884,-5.263,22.689,295.03,0.513859923992718
146.5833,127.957824,37.808668,3839.0565840000004,-5.266,22.678,295.032,0.5120124913637845
146.6,127.957771,37.808687,3841.2282840000003,-5.269,22.666,295.034,0.5101644660206944
146.6166,127.957718,37.808706,3843.399984,-5.273,22.655,295.035,0.508315849575143
146.6333,127.957666,37.808726,3845.571684,-5.277,22.645,295.037,0.5064668012044782
146.65,127.957613,37.808745,3847.7430792,-5.28,22.635,295.039,0.5046171636416713
146.6666,127.957561,37.808764,3849.9147792,-5.284,22.626,295.041,0.5046171636416713
146.6833,127.957508,37.808784,3852.0861744,-5.288,22.617,295.042,0.5046171636416713
146.7,127.957456,37.808803,3854.2575696,-5.292,22.608,295.044,0.5046171636416713
146.7166,127.957403,37.808822,3856.4289648,-5.296,22.6,295.045,0.5046171636416713
146.7333,127.95735,37.808842,3858.6000552000005,-5.3,22.592,295.047,0.5046171636416713
146.75,127.957298,37.808861,3860.7708408000003,-5.304,22.585,295.048,0.5046171636416713
146.7666,127.957245,37.80888,3862.9416264,-5.308,22.577,295.05,0.5046171636416713
146.7833,127.957193,37.8089,3865.1124120000004,-5.312,22.57,295.051,0.5046171636416713
146.8,127.95714,37.808919,3867.282588,-5.316,22.564,295.052,0.5046171636416713
146.8166,127.957088,37.808938,3869.452764,-5.321,22.557,295.053,0.5046171636416713
146.8333,127.957035,37.808958,3871.62294,-5.325,22.551,295.054,0.5046171636416713
146.85,127.956982,37.808977,3873.7925064,-5.33,22.545,295.055,0.5046171636416713
146.8666,127.95693,37.808996,3875.9620728,-5.334,22.539,295.056,0.5046171636416713
146.8833,127.956877,37.809016,3878.1313344000005,-5.339,22.533,295.057,0.5046171636416713
146.9,127.956825,37.809035,3880.3005960000005,-5.344,22.528,295.058,0.5046171636416713
146.9166,127.956772,37.809054,3882.4692480000003,-5.349,22.522,295.059,0.5046171636416713
146.9333,127.956719,37.809074,3884.6379,-5.355,22.517,295.06,0.5046171636416713
146.95,127.956667,37.809093,3886.8059424,-5.36,22.512,295.061,0.5046171636416713
146.9666,127.956614,37.809112,3888.9739848000004,-5.366,22.507,295.061,0.5046171636416713
146.9833,127.956562,37.809132,3891.1417224,-5.372,22.502,295.062,0.5046171636416713
147.0,127.956509,37.809151,3893.3091552000005,-5.378,22.497,295.063,0.5046171636416713
147.0166,127.956457,37.80917,3895.4762832,-5.384,22.492,295.063,0.5046171636416713
147.0333,127.956404,37.80919,3897.6431064000003,-5.39,22.487,295.064,0.5046171636416713
147.05,127.956351,37.809209,3899.8096248,-5.397,22.483,295.064,0.5046171636416713
147.0666,127.956299,37.809228,3901.9758384,-5.404,22.478,295.065,0.5046171636416713
147.0833,127.956246,37.809248,3904.1417472000003,-5.411,22.474,295.065,0.5046171636416713
147.1,127.956194,37.809267,3906.3073512,-5.418,22.469,295.066,0.5046171636416713
147.1166,127.956141,37.809286,3908.4726504000005,-5.425,22.465,295.066,0.5046171636416713
147.1333,127.956088,37.809305,3910.6382544000003,-5.432,22.479,295.065,0.5046171636416713
147.15,127.956036,37.809325,3912.8035535999998,-5.44,22.511,295.061,0.5046171636416713
147.1666,127.955983,37.809344,3914.9688528,-5.447,22.552,295.057,0.5046171636416713
147.1833,127.95593,37.809363,3917.134152,-5.453,22.594,295.053,0.5046171636416713
147.2,127.955878,37.809383,3919.299756,-5.46,22.634,295.048,0.5046171636416713
147.2166,127.955825,37.809402,3921.4653600000006,-5.466,22.669,295.045,0.5046171636416713
147.2333,127.955773,37.809421,3923.6309640000004,-5.472,22.684,295.043,0.5046171636416713
147.25,127.95572,37.809441,3925.7962632,-5.478,22.68,295.043,0.5046171636416713
147.2666,127.955667,37.80946,3927.9618672,-5.485,22.665,295.044,0.5046171636416713
147.2833,127.955615,37.809479,3930.1277760000003,-5.493,22.647,295.045,0.5046171636416713
147.3,127.955562,37.809498,3932.2933800000005,-5.502,22.631,295.046,0.5046171636416713
147.3166,127.95551,37.809518,3934.4592888,-5.511,22.617,295.047,0.5046171636416713
147.3333,127.955457,37.809537,3936.6248928,-5.52,22.606,295.048,0.5046171636416713
147.35,127.955404,37.809556,3938.7904968,-5.53,22.596,295.049,0.5046171636416713
147.3666,127.955352,37.809576,3940.9561008000005,-5.54,22.586,295.05,0.5046171636416713
147.3833,127.955299,37.809595,3943.1214,-5.551,22.577,295.05,0.5046171636416713
147.4,127.955247,37.809614,3945.2866992,-5.561,22.568,295.051,0.5046171636416713
147.4166,127.955194,37.809633,3947.4519984000003,-5.572,22.559,295.051,0.5046171636416713
147.4333,127.955141,37.809653,3949.6169928,-5.583,22.551,295.052,0.5046171636416713
147.45,127.955089,37.809672,3951.7816824,-5.594,22.542,295.052,0.5046171636416713
147.4666,127.955036,37.809691,3953.946372,-5.605,22.535,295.052,0.5046171636416713
147.4833,127.954983,37.80971,3956.1107568,-5.617,22.527,295.053,0.5046171636416713
147.5,127.954931,37.80973,3958.2751416000006,-5.628,22.52,295.053,0.5046171636416713
147.5166,127.954878,37.809749,3960.4389168000002,-5.64,22.513,295.053,0.5046171636416713
147.5333,127.954826,37.809768,3962.6026920000004,-5.652,22.506,295.054,0.5046171636416713
147.55,127.954773,37.809788,3964.7661624000007,-5.663,22.499,295.054,0.5046171636416713
147.5666,127.95472,37.809807,3966.9296328000005,-5.675,22.493,295.054,0.5046171636416713
147.5833,127.954668,37.809826,3969.0924936,-5.687,22.487,295.054,0.5046171636416713
147.6,127.954615,37.809845,3971.2550496,-5.7,22.48,295.054,0.5046171636416713
147.6166,127.954562,37.809865,3973.4176056000006,-5.712,22.475,295.054,0.5046171636416713
147.6333,127.95451,37.809884,3975.5783328,-5.7,22.469,295.056,0.5046171636416713
147.65,127.954457,37.809903,3977.7387552000005,-5.665,22.464,295.059,0.5046171636416713
147.6666,127.954404,37.809922,3979.898568,-5.611,22.459,295.062,0.5046171636416713
147.6833,127.954352,37.809942,3982.0577712000004,-5.542,22.455,295.064,0.5046171636416713
147.7,127.954299,37.809961,3984.2166696,-5.464,22.45,295.065,0.5046171636416713
147.7166,127.954246,37.80998,3986.3749584,-5.379,22.445,295.065,0.5046171636416713
147.7333,127.954194,37.809999,3988.5347712000003,-5.314,22.456,295.062,0.5046171636416713
147.75,127.954141,37.810019,3990.6942792,-5.27,22.484,295.055,0.5046171636416713
147.7666,127.954088,37.810038,3992.8540920000005,-5.244,22.521,295.048,0.5046171636416713
147.7833,127.954036,37.810057,3995.0142096000004,-5.232,22.558,295.041,0.5046171636416713
147.8,127.953983,37.810076,3997.1743272000003,-5.229,22.593,295.035,0.5046171636416713
147.8166,127.953931,37.810096,3999.3347496,-5.232,22.626,295.031,0.5046171636416713
147.8333,127.953878,37.810115,4001.4948672,-5.239,22.638,295.029,0.5046171636416713
147.85,127.953825,37.810134,4003.6552896000003,-5.249,22.633,295.029,0.5046171636416713
147.8666,127.953773,37.810153,4005.8157120000005,-5.261,22.618,295.03,0.5046171636416713
147.8833,127.95372,37.810173,4007.9761344000003,-5.274,22.601,295.031,0.5046171636416713
147.9,127.953667,37.810192,4010.1365568,-5.287,22.584,295.032,0.5046171636416713
147.9166,127.953615,37.810211,4012.2969792,-5.301,22.571,295.033,0.5046171636416713
147.9333,127.953562,37.81023,4014.4577064,-5.317,22.559,295.034,0.5046171636416713
147.95,127.953509,37.81025,4016.617824,-5.332,22.549,295.034,0.5046171636416713
147.9666,127.953457,37.810269,4018.7782464000006,-5.349,22.539,295.035,0.5046171636416713
147.9833,127.953404,37.810288,4020.938364,-5.366,22.529,295.036,0.5046171636416713
148.0,127.953351,37.810307,4023.0984816,-5.382,22.52,295.036,0.5046171636416713
148.0166,127.953299,37.810327,4025.2582944,-5.399,22.511,295.037,0.5046171636416713
148.0333,127.953246,37.810346,4027.4181072,-5.416,22.502,295.037,0.5046171636416713
148.05,127.953193,37.810365,4029.5776152,-5.433,22.493,295.038,0.5046171636416713
148.0666,127.953141,37.810384,4031.7371232000005,-5.449,22.485,295.038,0.5046171636416713
148.0833,127.953088,37.810404,4033.8963264,-5.466,22.477,295.039,0.5046171636416713
148.1,127.953035,37.810423,4036.0552248000004,-5.482,22.47,295.039,0.5046171636416713
148.1166,127.952983,37.810442,4038.2138184,-5.499,22.462,295.039,0.5046171636416713
148.1333,127.95293,37.810461,4040.3711928000002,-5.464,22.456,295.043,0.5046171636416713
148.15,127.952877,37.81048,4042.5267384000003,-5.379,22.45,295.049,0.5046171636416713
148.1666,127.952824,37.8105,4044.6816744000002,-5.255,22.443,295.056,0.5046171636416713
148.1833,127.952772,37.810519,4046.8356960000006,-5.099,22.437,295.061,0.5046171636416713
148.2,127.952719,37.810538,4048.9894128,-4.922,22.431,295.064,0.5046171636416713
148.2166,127.952666,37.810557,4051.1422152,-4.731,22.425,295.065,0.5046171636416713
148.2333,127.952614,37.810577,4053.2962368000003,-4.582,22.432,295.06,0.5046171636416713
148.25,127.952561,37.810596,4055.4508680000004,-4.476,22.454,295.05,0.5046171636416713
148.2666,127.952508,37.810615,4057.6061088,-4.406,22.483,295.04,0.5046171636416713
148.2833,127.952455,37.810634,4059.7616544,-4.365,22.513,295.031,0.5046171636416713
148.3,127.952403,37.810654,4061.9172000000003,-4.345,22.542,295.025,0.5046171636416713
148.3166,127.95235,37.810673,4064.0733552,-4.338,22.567,295.022,0.5046171636416713
148.3333,127.952297,37.810692,4066.2292056000006,-4.341,22.577,295.02,0.5046171636416713
148.35,127.952245,37.810711,4068.385056,-4.35,22.57,295.02,0.5046171636416713
148.3666,127.952192,37.810731,4070.5412112000004,-4.362,22.556,295.021,0.5046171636416713
148.3833,127.952139,37.81075,4072.6973664,-4.377,22.539,295.022,0.5046171636416713
148.4,127.952086,37.810769,4074.8535216,-4.393,22.523,295.023,0.5046171636416713
148.4166,127.952034,37.810788,4077.0096768000003,-4.41,22.51,295.024,0.5046171636416713
148.4333,127.951981,37.810807,4079.165832,-4.428,22.499,295.024,0.5046171636416713
148.45,127.951928,37.810827,4081.3219872000004,-4.447,22.488,295.025,0.5046171636416713
148.4666,127.951876,37.810846,4083.4778376,-4.466,22.478,295.026,0.5046171636416713
148.4833,127.951823,37.810865,4085.6339928,-4.486,22.469,295.027,0.5046171636416713
148.5,127.95177,37.810884,4087.7895384000003,-4.506,22.459,295.028,0.5046171636416713
148.5166,127.951717,37.810904,4089.9450840000004,-4.525,22.45,295.029,0.5046171636416713
148.5333,127.951665,37.810923,4092.0994104,-4.473,22.442,295.034,0.5046171636416713
148.55,127.951612,37.810942,4094.2519079999997,-4.352,22.433,295.043,0.5046171636416713
148.5666,127.951559,37.810961,4096.4028816,-4.175,22.425,295.053,0.5046171636416713
148.5833,127.951506,37.81098,4098.5532456,-3.954,22.416,295.061,0.5046171636416713
148.6,127.951454,37.811,4100.703,-3.704,22.408,295.065,0.5046171636416713
148.6166,127.951401,37.811019,4102.8521448,-3.434,22.399,295.066,0.5046171636416713
148.6333,127.951348,37.811038,4105.0018992,-3.223,22.407,295.06,0.5046171636416713
148.65,127.951295,37.811057,4107.152568,-3.073,22.432,295.048,0.5046171636416713
148.6666,127.951243,37.811077,4109.304456,-2.977,22.465,295.036,0.5046171636416713
148.6833,127.95119,37.811096,4111.4566488,-2.921,22.5,295.025,0.5046171636416713
148.7,127.951137,37.811115,4113.6091464,-2.896,22.532,295.019,0.5046171636416713
148.7166,127.951084,37.811134,4115.7622536,-2.888,22.562,295.015,0.5046171636416713
148.7333,127.951031,37.811154,4117.9153608,-2.894,22.572,295.014,0.5046171636416713
148.75,127.950979,37.811173,4120.068468,-2.907,22.565,295.015,0.5046171636416713
148.7666,127.950926,37.811192,4122.222184800001,-2.922,22.548,295.016,0.5046171636416713
148.7833,127.950873,37.811211,4124.3755968,-2.94,22.529,295.017,0.5046171636416713
148.8,127.95082,37.81123,4126.5293136,-2.958,22.511,295.018,0.5046171636416713
148.8166,127.950768,37.81125,4128.6830304000005,-2.977,22.496,295.019,0.5046171636416713
148.8333,127.950715,37.811269,4130.8355280000005,-2.83,22.483,295.038,0.5046171636416713
148.85,127.950662,37.811288,4132.9868064,-2.527,22.472,295.075,0.5046171636416713
148.8666,127.950609,37.811307,4135.136256,-2.063,22.462,295.118,0.5046171636416713
148.8833,127.950556,37.811327,4137.283572,-1.44,22.451,295.158,0.5046171636416713
148.9,127.950503,37.811346,4139.4284496,-0.662,22.44,295.192,0.5046171636416713
148.9166,127.950451,37.811365,4141.5702792,0.257,22.428,295.221,0.5046171636416713
148.9333,127.950398,37.811384,4143.708756,1.306,22.415,295.246,0.5046171636416713
148.95,127.950345,37.811404,4145.8435752000005,2.473,22.4,295.271,0.5046171636416713
148.9666,127.950292,37.811423,4147.9741272,3.749,22.384,295.295,0.5046171636416713
148.9833,127.950239,37.811442,4150.101936,5.126,22.365,295.319,0.5046171636416713
149.0,127.950186,37.811462,4152.226087200001,6.598,22.345,295.343,0.5046171636416713
149.0166,127.950133,37.811481,4154.3468856,8.159,22.323,295.364,0.5046171636416713
149.0333,127.95008,37.8115,4156.4643312,9.804,22.299,295.384,0.5046171636416713
149.05,127.950027,37.81152,4158.578424,11.525,22.273,295.403,0.5046171636416713
149.0666,127.949973,37.811539,4160.6897736,13.318,22.245,295.419,0.5046171636416713
149.0833,127.94992,37.811558,4162.7977704,15.178,22.215,295.434,0.5046171636416713
149.1,127.949867,37.811578,4164.9027192,17.101,22.183,295.447,0.5046171636416713
149.1166,127.949814,37.811597,4167.0049248000005,19.083,22.148,295.458,0.5046171636416713
149.1333,127.949761,37.811617,4169.1040824,21.119,22.113,295.467,0.5046171636416713
149.15,127.949707,37.811636,4171.2004968,23.206,22.076,295.474,0.5046171636416713
149.1666,127.949654,37.811655,4173.2938632000005,25.342,22.037,295.479,0.5046171636416713
149.1833,127.949601,37.811675,4175.3847912,27.523,21.998,295.482,0.5046171636416713
149.2,127.949547,37.811694,4177.472976,29.747,21.957,295.482,0.5046171636416713
149.2166,127.949494,37.811714,4179.5584176,32.011,21.915,295.481,0.5046171636416713
149.2333,127.949441,37.811733,4181.6417256,34.317,21.892,295.49,0.5046171636416713
149.25,127.949387,37.811752,4183.7235096,36.669,21.904,295.525,0.5046171636416713
149.2666,127.949334,37.811772,4185.8037696,39.071,21.964,295.6,0.5026666991119947
149.2833,127.94928,37.811791,4187.8825056000005,41.516,22.053,295.703,0.5007154215457771
149.3,127.949227,37.811811,4189.9600224000005,43.996,22.15,295.819,0.49876312523322286
149.3166,127.949173,37.81183,4192.03632,46.5,22.239,295.931,0.4968100320055129
149.3333,127.94912,37.81185,4194.1126176,49.033,22.331,296.059,0.4948563509289481
149.35,127.949066,37.811869,4196.1886104,51.599,22.439,296.219,0.49290189337425633
149.3666,127.949013,37.811889,4198.2652128,54.205,22.571,296.432,0.4909468717688069
149.3833,127.948959,37.811908,4200.3418152,56.85,22.721,296.69,0.48899089888815206
149.4,127.948906,37.811928,4202.419332,59.525,22.87,296.971,0.4870343910514044
149.4166,127.948853,37.811947,4204.4971536,62.22,23.004,297.251,0.48253879688647394
149.4333,127.948799,37.811967,4206.5761944,64.94,23.13,297.551,0.4780386920883476
149.45,127.948746,37.811987,4208.6564544,67.692,23.254,297.888,0.4735366396504732
149.4666,127.948692,37.812007,4210.7379336,70.483,23.379,298.283,0.46903183128350234
149.4833,127.948639,37.812026,4212.8203272,73.309,23.494,298.714,0.4645251661632405
149.5,127.948586,37.812046,4214.9036352,76.157,23.591,299.155,0.46001417239902626
149.5166,127.948533,37.812066,4216.9878576,79.019,23.663,299.581,0.45549889422995327
149.5333,127.94848,37.812086,4219.072689600001,81.88,23.709,299.992,0.4509802258439073
149.55,127.948426,37.812107,4221.1581312,84.736,23.732,300.387,0.44645985323531934
149.5666,127.948373,37.812127,4223.243268,87.588,23.731,300.765,0.4419386634793299
149.5833,127.94832,37.812147,4225.3277952,90.438,23.707,301.128,0.43741252408230225
149.6,127.948267,37.812167,4227.4117128,93.29,23.662,301.475,0.4328839769316938
149.6166,127.948215,37.812188,4229.4938016,96.145,23.598,301.809,0.42835220094115956
149.6333,127.948162,37.812209,4231.5725376,98.706,23.536,302.132,0.4238164099012353
149.65,127.948109,37.812229,4233.6482256,100.992,23.476,302.448,0.4192782775916774
149.6666,127.948056,37.81225,4235.7214752,103.003,23.408,302.755,0.41473615034307754
149.6833,127.948004,37.812271,4237.7910672,104.745,23.326,303.053,0.410191686498093
149.7,127.947951,37.812292,4239.856087200001,106.242,23.227,303.342,0.405644077316975
149.7166,127.947899,37.812314,4241.91684,107.556,23.111,303.622,0.40109245077422667
149.7333,127.947846,37.812335,4243.9714968,108.652,22.987,303.894,0.3965385106061056
149.75,127.947794,37.812356,4246.0203624000005,109.553,22.858,304.162,0.3919805104172457
149.7666,127.947742,37.812378,4248.0625224000005,110.276,22.726,304.425,0.38741928485499083
149.7833,127.94769,37.8124,4250.0979768,110.863,22.59,304.681,0.3828531449651317
149.8,127.947638,37.812422,4252.1264208,111.349,22.448,304.93,0.3782845695978115
149.8166,127.947586,37.812444,4254.14694,111.762,22.3,305.173,0.37371100170539867
149.8333,127.947534,37.812466,4256.1604488,112.118,22.148,305.41,0.36913491659266806
149.85,127.947482,37.812489,4258.1663376,112.436,21.995,305.642,0.3645537606531671
149.8666,127.94743,37.812511,4260.1646064,112.729,21.842,305.87,0.35997087811969825
149.8833,127.947379,37.812534,4262.1549504,113.005,21.688,306.095,0.35538284249233953
149.9,127.947327,37.812557,4264.1376744,113.269,21.534,306.315,0.35078969700093016
149.9166,127.947276,37.81258,4266.1124736,113.524,21.381,306.533,0.34619383466856374
149.9333,127.947224,37.812603,4268.0790432,113.767,21.228,306.748,0.3415927839851416
149.95,127.947173,37.812626,4270.0373832,114.0,21.077,306.959,0.3369872778652534
149.9666,127.947122,37.81265,4271.987493600001,114.224,20.926,307.168,0.33237649811530484
149.9833,127.947071,37.812674,4273.9293744,114.441,20.775,307.374,0.3277620492920713
150.0,127.94702,37.812697,4275.863025600001,114.65,20.625,307.578,0.32314312158122904
150.0166,127.946969,37.812721,4277.7878376,114.854,20.475,307.779,0.3185187922937929
150.0333,127.946918,37.812745,4279.70442,115.049,20.325,307.978,0.3138890149461763
150.05,127.946868,37.812769,4281.6118584,115.238,20.176,308.175,0.309256270929524
150.0666,127.946817,37.812794,4283.5107624,115.421,20.028,308.37,0.3046163297733184
150.0833,127.946766,37.812818,4285.4008272,115.598,19.88,308.563,0.29997257036221847
150.1,127.946716,37.812843,4287.2820528,115.77,19.733,308.755,0.2953240593050998
150.1166,127.946666,37.812868,4289.1544392000005,115.937,19.585,308.945,0.2906691062878169
150.1333,127.946615,37.812893,4291.0173768,116.098,19.438,309.133,0.28600856393756796
150.15,127.946565,37.812918,4292.8714752000005,116.254,19.292,309.321,0.28134401822256566
150.1666,127.946515,37.812943,4294.7164296,116.404,19.146,309.507,0.2766728755841314
150.1833,127.946465,37.812968,4296.5519352,116.55,19.0,309.692,0.27199599137997943
150.2,127.946415,37.812994,4298.3782968,116.691,18.855,309.876,0.2673133202867355
150.2166,127.946365,37.813019,4300.1952096,116.829,18.71,310.059,0.26262572827758895
150.2333,127.946316,37.813045,4302.002978400001,116.961,18.565,310.241,0.2579313476206607
150.25,127.946266,37.813071,4303.800993600001,117.089,18.42,310.422,0.25323031493384773
150.2666,127.946217,37.813097,4305.58956,117.212,18.276,310.602,0.2485242183836264
150.2833,127.946167,37.813123,4307.3683728000005,117.331,18.133,310.782,0.24381138187850082
150.3,127.946118,37.813149,4309.1377368,117.447,17.989,310.96,0.23909339686930073
150.3166,127.946069,37.813176,4310.897652000001,117.559,17.845,311.138,0.23436858941336638
150.3333,127.94602,37.813203,4312.6475088,117.668,17.702,311.316,0.22963785498908088
150.35,127.945971,37.813229,4314.3879168,117.772,17.56,311.492,0.22490115362436275
150.3666,127.945922,37.813256,4316.118266400001,117.873,17.417,311.668,0.22015588418676552
150.3833,127.945873,37.813283,4317.838862400001,117.97,17.275,311.844,0.21540363314965214
150.4,127.945824,37.81331,4319.5494,118.064,17.133,312.019,0.21064530761173708
150.4166,127.945775,37.813338,4321.250184,118.156,16.992,312.193,0.205880870768328
150.4333,127.945727,37.813365,4322.9409096,118.244,16.85,312.367,0.20111124141106698
150.45,127.945678,37.813393,4324.6218816,118.329,16.709,312.541,0.19633380714763252
150.4666,127.94563,37.81342,4326.2924904,118.411,16.568,312.714,0.19154949932161172
150.4833,127.945582,37.813448,4327.9533456,118.49,16.428,312.887,0.18675732483693697
150.5,127.945534,37.813476,4329.6038376,118.567,16.287,313.059,0.18472445755385414
150.5166,127.945486,37.813504,4331.2442712,118.641,16.147,313.231,0.1826898523661542
150.5333,127.945438,37.813532,4332.8746464000005,118.713,16.007,313.402,0.18065350289594487
150.55,127.94539,37.813561,4334.4946584,118.782,15.868,313.574,0.17861499804042114
150.5666,127.945342,37.813589,4336.104612,118.849,15.729,313.744,0.17657498096327126
150.5833,127.945294,37.813618,4337.7042024,118.914,15.59,313.915,0.17453320035154857
150.6,127.945247,37.813647,4339.2934296,118.977,15.451,314.085,0.1724894957106375
150.6166,127.945199,37.813676,4340.8725984,119.037,15.312,314.255,0.1704438631559935
150.6333,127.945152,37.813705,4342.4410992,119.096,15.174,314.425,0.16839670200508308
150.65,127.945105,37.813734,4343.9995416,119.153,15.036,314.594,0.1675732227380794
150.6666,127.945058,37.813763,4345.547316,119.208,14.898,314.764,0.1667490753890529
150.6833,127.945011,37.813792,4347.0847272,119.261,14.76,314.933,0.16592437401542787
150.7,127.944964,37.813822,4348.6117752,119.312,14.623,315.101,0.1650991176308517
150.7166,127.944917,37.813852,4350.128460000001,119.362,14.486,315.27,0.16427326430771247
150.7333,127.94487,37.813881,4351.6344768,119.41,14.349,315.438,0.1634470020931951
150.75,127.944824,37.813911,4353.130130400001,119.457,14.212,315.606,0.16262006988270938
150.7666,127.944777,37.813941,4354.615116,119.502,14.076,315.774,0.16179254173748728
150.7833,127.944731,37.813972,4356.0897384,119.546,13.94,315.942,0.16179254173748728
150.8,127.944684,37.814002,4357.5536928,119.588,13.804,316.109,0.16179254173748728
150.8166,127.944638,37.814032,4359.0069792,119.629,13.668,316.276,0.16179254173748728
150.8333,127.944592,37.814063,4360.4495976,119.67,13.533,316.444,0.16179254173748728
150.85,127.944546,37.814094,4361.881548,119.711,13.399,316.611,0.16179254173748728
150.8666,127.9445,37.814124,4363.303135200001,119.751,13.265,316.779,0.16179254173748728
150.8833,127.944454,37.814155,4364.7137496000005,119.789,13.131,316.946,0.16179254173748728
150.9,127.944409,37.814186,4366.113696,119.826,12.998,317.114,0.16179254173748728
150.9166,127.944363,37.814218,4367.5029744,119.861,12.865,317.281,0.16179254173748728
150.9333,127.944318,37.814249,4368.8815848,119.895,12.732,317.448,0.16179254173748728
150.95,127.944272,37.81428,4370.249527200001,119.93,12.6,317.615,0.16179254173748728
150.9666,127.944227,37.814312,4371.6064968,119.964,12.468,317.782,0.16179254173748728
150.9833,127.944182,37.814343,4372.952798400001,119.997,12.337,317.95,0.16179254173748728
151.0,127.944137,37.814375,4374.288432,120.028,12.206,318.117,0.16179254173748728
151.0166,127.944092,37.814407,4375.6130928,120.058,12.074,318.283,0.16179254173748728
151.0333,127.944047,37.814439,4376.9270856,120.088,11.944,318.45,0.16179254173748728
151.05,127.944003,37.814471,4378.230105600001,120.118,11.814,318.618,0.16179254173748728
151.0666,127.943958,37.814503,4379.5224576,120.147,11.684,318.785,0.16179254173748728
151.0833,127.943914,37.814536,4380.803532,120.176,11.555,318.952,0.16179254173748728
151.1,127.943869,37.814568,4382.074243200001,120.203,11.426,319.119,0.16179254173748728
151.1166,127.943825,37.814601,4383.3336768,120.228,11.297,319.286,0.16179254173748728
151.1333,127.943781,37.814634,4384.5821376,120.257,11.169,319.454,0.16179254173748728
151.15,127.943737,37.814667,4385.8199304,120.29,11.044,319.622,0.16179254173748728
151.1666,127.943693,37.814699,4387.0464456,120.322,10.92,319.792,0.16179254173748728
151.1833,127.943649,37.814733,4388.2622928,120.353,10.797,319.961,0.16179254173748728
151.2,127.943606,37.814766,4389.4668624000005,120.382,10.673,320.13,0.16179254173748728
151.2166,127.943562,37.814799,4390.660764,120.408,10.549,320.299,0.16179254173748728
151.2333,127.943519,37.814832,4391.8430832,120.441,10.429,320.471,0.16179254173748728
151.25,127.943475,37.814866,4393.0144296,120.481,10.314,320.644,0.16179254173748728
151.2666,127.943432,37.8149,4394.1748032000005,120.524,10.201,320.819,0.16179254173748728
151.2833,127.943389,37.814933,4395.3242040000005,120.564,10.089,320.995,0.16179254173748728
151.3,127.943346,37.814967,4396.462632000001,120.599,9.976,321.169,0.16179254173748728
151.3166,127.943303,37.815001,4397.5900872,120.629,9.862,321.343,0.16179254173748728
151.3333,127.943261,37.815035,4398.7062648,120.656,9.748,321.517,0.16179254173748728
151.35,127.943218,37.81507,4399.8114696,120.682,9.634,321.691,0.16179254173748728
151.3666,127.943176,37.815104,4400.9057016,120.708,9.52,321.865,0.16179254173748728
151.3833,127.943133,37.815138,4401.9889608,120.734,9.406,322.038,0.16179254173748728
151.4,127.943091,37.815173,4403.0609424,120.759,9.292,322.212,0.16179254173748728
151.4166,127.943049,37.815207,4404.1219512,120.783,9.177,322.385,0.16179254173748728
151.4333,127.943007,37.815242,4405.1719872,120.808,9.063,322.558,0.16179254173748728
151.45,127.942965,37.815277,4406.2107456,120.834,8.949,322.731,0.16179254173748728
151.4666,127.942923,37.815312,4407.2385312,120.861,8.836,322.904,0.16179254173748728
151.4833,127.942882,37.815347,4408.255344,120.887,8.722,323.077,0.16179254173748728
151.5,127.94284,37.815382,4409.2608792,120.913,8.608,323.25,0.16179254173748728
151.5166,127.942799,37.815418,4410.2554416,120.938,8.493,323.422,0.16179254173748728
151.5333,127.942758,37.815453,4411.2387264,120.965,8.379,323.595,0.16179254173748728
151.55,127.942716,37.815488,4412.2107336,120.992,8.265,323.767,0.16179254173748728
151.5666,127.942675,37.815524,4413.1720728,121.019,8.151,323.939,0.16179254173748728
151.5833,127.942634,37.81556,4414.121829600001,121.047,8.037,324.111,0.16179254173748728
151.6,127.942594,37.815596,4415.060613600001,121.074,7.923,324.283,0.16179254173748728
151.6166,127.942553,37.815631,4415.9884248,121.101,7.808,324.455,0.16179254173748728
151.6333,127.942513,37.815667,4416.9046536,121.129,7.693,324.626,0.16179254173748728
151.65,127.942472,37.815704,4417.8099096000005,121.158,7.579,324.798,0.16179254173748728
151.6666,127.942432,37.81574,4418.7041928,121.186,7.464,324.969,0.16179254173748728
151.6833,127.942392,37.815776,4419.5871984000005,121.215,7.349,325.14,0.16179254173748728
151.7,127.942352,37.815813,4420.4586216,121.243,7.234,325.311,0.16179254173748728
151.7166,127.942312,37.815849,4421.3193768,121.272,7.119,325.482,0.16179254173748728
151.7333,127.942272,37.815886,4422.1685496,121.301,7.003,325.653,0.16179254173748728
151.75,127.942233,37.815922,4423.0067496,121.33,6.888,325.824,0.16179254173748728
151.7666,127.942193,37.815959,4423.8333672,121.359,6.772,325.994,0.16179254173748728
151.7833,127.942154,37.815996,4424.649012000001,121.388,6.656,326.164,0.16179254173748728
151.8,127.942115,37.816033,4425.4533792,121.417,6.54,326.335,0.16179254173748728
151.8166,127.942076,37.81607,4426.2464688,121.446,6.424,326.504,0.16179254173748728
151.8333,127.942037,37.816108,4427.0282808,121.475,6.307,326.674,0.16179254173748728
151.85,127.941998,37.816145,4427.7988152,121.505,6.19,326.844,0.16179254173748728
151.8666,127.941959,37.816182,4428.558072,121.534,6.074,327.014,0.16179254173748728
151.8833,127.941921,37.81622,4429.3060512,121.563,5.957,327.183,0.16179254173748728
151.9,127.941882,37.816257,4430.042448,121.592,5.839,327.352,0.16179254173748728
151.9166,127.941844,37.816295,4430.767872,121.621,5.722,327.521,0.16179254173748728
151.9333,127.941806,37.816333,4431.4817136,121.65,5.604,327.69,0.16179254173748728
151.95,127.941768,37.816371,4432.1845824,121.679,5.487,327.859,0.16179254173748728
151.9666,127.94173,37.816409,4432.875868800001,121.708,5.369,328.028,0.16179254173748728
151.9833,127.941692,37.816447,4433.555877600001,121.736,5.251,328.197,0.16179254173748728
152.0,127.941655,37.816485,4434.224304,121.765,5.132,328.365,0.16179254173748728
152.0166,127.941617,37.816523,4434.8814528,121.793,5.014,328.534,0.16179254173748728
152.0333,127.94158,37.816562,4435.527324,121.821,4.895,328.702,0.16179254173748728
152.05,127.941543,37.8166,4436.1619176,121.849,4.777,328.87,0.16179254173748728
152.0666,127.941506,37.816639,4436.7849288,121.877,4.658,329.038,0.16179254173748728
152.0833,127.941469,37.816677,4437.396357600001,121.904,4.539,329.206,0.16179254173748728
152.1,127.941432,37.816716,4437.9968136,121.931,4.419,329.374,0.16179254173748728
152.1166,127.941395,37.816755,4438.5853824000005,121.958,4.3,329.541,0.16179254173748728
152.1333,127.941359,37.816794,4439.162978400001,121.985,4.18,329.709,0.16179254173748728
152.15,127.941322,37.816833,4439.7286872,122.011,4.061,329.876,0.16179254173748728
152.1666,127.941286,37.816872,4440.283118400001,122.036,3.941,330.044,0.16179254173748728
152.1833,127.94125,37.816911,4440.826272,122.062,3.821,330.211,0.16179254173748728
152.2,127.941214,37.81695,4441.3575384000005,122.087,3.7,330.378,0.16179254173748728
152.2166,127.941178,37.816989,4441.877832,122.112,3.58,330.545,0.16179254173748728
152.2333,127.941143,37.817029,4442.3862384,122.137,3.46,330.712,0.16179254173748728
152.25,127.941107,37.817068,4442.8833672,122.161,3.339,330.879,0.16179254173748728
152.2666,127.941072,37.817108,4443.3689136,122.184,3.218,331.046,0.16179254173748728
152.2833,127.941037,37.817148,4443.8428776,122.207,3.097,331.213,0.16179254173748728
152.3,127.941002,37.817187,4444.3052592,122.23,2.976,331.379,0.16179254173748728
152.3166,127.940967,37.817227,4444.7563632,122.252,2.855,331.546,0.16179254173748728
152.3333,127.940932,37.817267,4445.1955800000005,122.274,2.734,331.712,0.16179254173748728
152.35,127.940897,37.817307,4445.6235192,122.295,2.612,331.878,0.16179254173748728
152.3666,127.940863,37.817347,4446.039876000001,122.316,2.491,332.045,0.16179254173748728
152.3833,127.940828,37.817387,4446.444650400001,122.336,2.369,332.211,0.16179254173748728
152.4,127.940794,37.817428,4446.8378424,122.356,2.247,332.377,0.16179254173748728
152.4166,127.94076,37.817468,4447.219452,122.376,2.125,332.543,0.16179254173748728
152.4333,127.940726,37.817508,4447.5894792,122.395,2.003,332.709,0.16179254173748728
152.45,127.940692,37.817549,4447.947924,122.413,1.881,332.875,0.16179254173748728
152.4666,127.940659,37.817589,4448.2947864,122.431,1.759,333.041,0.16179254173748728
152.4833,127.940625,37.81763,4448.6300664,122.448,1.636,333.206,0.16179254173748728
152.5,127.940592,37.817671,4448.9534592,122.465,1.514,333.372,0.16179254173748728
152.5166,127.940559,37.817712,4449.2655744,122.481,1.391,333.538,0.16179254173748728
152.5333,127.940526,37.817752,4449.5658024,122.497,1.268,333.703,0.16179254173748728
152.55,127.940493,37.817793,4449.8547528,122.511,1.146,333.869,0.16179254173748728
152.5666,127.94046,37.817834,4450.131816,122.526,1.023,334.034,0.16179254173748728
152.5833,127.940427,37.817876,4450.3972968,122.539,0.9,334.2,0.16179254173748728
152.6,127.940395,37.817917,4450.6508904,122.553,0.777,334.365,0.16179254173748728
152.6166,127.940363,37.817958,4450.8932064,122.566,0.654,334.53,0.16179254173748728
152.6333,127.94033,37.817999,4451.1236352000005,122.578,0.53,334.696,0.16179254173748728
152.65,127.940298,37.818041,4451.342481600001,122.589,0.407,334.861,0.16179254173748728
152.6666,127.940267,37.818082,4451.5494408,122.6,0.284,335.026,0.16179254173748728
152.6833,127.940235,37.818124,4451.7448176,122.61,0.161,335.191,0.16179254173748728
152.7,127.940203,37.818165,4451.928612000001,122.619,0.037,335.356,0.16179254173748728
152.7166,127.940172,37.818207,4452.100824,122.629,-0.086,335.522,0.16179254173748728
152.7333,127.940141,37.818249,4452.2611488,122.637,-0.209,335.687,0.16179254173748728
152.75,127.94011,37.818291,4452.4098912,122.645,-0.333,335.852,0.16179254173748728
152.7666,127.940079,37.818333,4452.5467464,122.651,-0.456,336.017,0.16179254173748728
152.7833,127.940048,37.818375,4452.6720192,122.658,-0.58,336.182,0.16179254173748728
152.8,127.940017,37.818417,4452.785709600001,122.664,-0.704,336.347,0.16179254173748728
152.8166,127.939987,37.818459,4452.8875128,122.669,-0.828,336.512,0.16179254173748728
152.8333,127.939957,37.818501,4452.9774288,122.674,-0.952,336.677,0.16179254173748728
152.85,127.939926,37.818543,4453.0560672,122.677,-1.076,336.842,0.16179254173748728
152.8666,127.939896,37.818585,4453.1225136,122.68,-1.2,337.007,0.16179254173748728
152.8833,127.939866,37.818628,4453.177682400001,122.683,-1.324,337.171,0.16179254173748728
152.9,127.939837,37.81867,4453.2206592,122.685,-1.448,337.336,0.16179254173748728
152.9166,127.939807,37.818713,4453.2523584,122.686,-1.572,337.501,0.16179254173748728
152.9333,127.939778,37.818755,4453.2718656,122.687,-1.696,337.666,0.16179254173748728
152.95,127.939749,37.818798,4453.2797904,122.687,-1.82,337.831,0.16179254173748728
152.9666,127.939719,37.818841,4453.276132800001,122.686,-1.944,337.996,0.16179254173748728
152.9833,127.939691,37.818883,4453.260588,122.684,-2.068,338.161,0.16179254173748728
153.0,127.939662,37.818926,4453.2334608,122.682,-2.192,338.326,0.16179254173748728
153.0166,127.939633,37.818969,4453.194446400001,122.68,-2.316,338.491,0.16179254173748728
153.0333,127.939605,37.819012,4453.1435448,122.676,-2.441,338.656,0.16179254173748728
153.05,127.939576,37.819055,4453.0810608,122.672,-2.565,338.821,0.16179254173748728
153.0666,127.939548,37.819098,4453.0069944,122.668,-2.689,338.986,0.16179254173748728
153.0833,127.93952,37.819141,4452.9210408,122.662,-2.813,339.151,0.16179254173748728
153.1,127.939493,37.819185,4452.8232,122.656,-2.937,339.316,0.16179254173748728
153.1166,127.939465,37.819228,4452.7137768,122.65,-3.061,339.481,0.16179254173748728
153.1333,127.939437,37.819271,4452.5924664,122.643,-3.186,339.646,0.16179254173748728
153.15,127.93941,37.819314,4452.4592688,122.635,-3.31,339.811,0.16179254173748728
153.1666,127.939383,37.819358,4452.314488800001,122.626,-3.434,339.977,0.16179254173748728
153.1833,127.939356,37.819401,4452.1581264,122.617,-3.558,340.142,0.16179254173748728
153.2,127.939329,37.819445,4451.9898768,122.607,-3.682,340.307,0.16179254173748728
153.2166,127.939302,37.819489,4451.80974,122.596,-3.806,340.473,0.16179254173748728
153.2333,127.939276,37.819532,4451.617716000001,122.585,-3.93,340.638,0.16179254173748728
153.25,127.939249,37.819576,4451.4144144,122.573,-4.054,340.803,0.16179254173748728
153.2666,127.939223,37.81962,4451.1989208,122.561,-4.178,340.969,0.16179254173748728
153.2833,127.939197,37.819663,4450.9718448,122.547,-4.302,341.134,0.16179254173748728
153.3,127.939171,37.819707,4450.7331864,122.533,-4.426,341.3,0.16179254173748728
153.3166,127.939145,37.819751,4450.482336,122.519,-4.55,341.466,0.16179254173748728
153.3333,127.93912,37.819795,4450.220208,122.504,-4.674,341.631,0.16179254173748728
153.35,127.939094,37.819839,4449.9461928,122.488,-4.797,341.797,0.16179254173748728
153.3666,127.939069,37.819883,4449.6602904,122.472,-4.921,341.963,0.16179254173748728
153.3833,127.939044,37.819927,4449.362805600001,122.454,-5.045,342.129,0.16179254173748728
153.4,127.939019,37.819972,4449.0534336,122.437,-5.168,342.295,0.16179254173748728
153.4166,127.938995,37.820016,4448.7324792,122.419,-5.292,342.461,0.16179254173748728
153.4333,127.93897,37.82006,4448.3996376,122.4,-5.416,342.627,0.16179254173748728
153.45,127.938946,37.820104,4448.055213600001,122.38,-5.539,342.793,0.16179254173748728
153.4666,127.938921,37.820149,4447.6989024,122.36,-5.663,342.96,0.16179254173748728
153.4833,127.938897,37.820193,4447.3310088,122.339,-5.786,343.126,0.16179254173748728
153.5,127.938873,37.820238,4446.951228000001,122.317,-5.909,343.292,0.16179254173748728
153.5166,127.93885,37.820282,4446.5601696,122.295,-6.033,343.459,0.16179254173748728
153.5333,127.938826,37.820327,4446.156919200001,122.272,-6.156,343.626,0.16179254173748728
153.55,127.938803,37.820371,4445.7420864000005,122.249,-6.279,343.792,0.16179254173748728
153.5666,127.938779,37.820416,4445.3156712,122.225,-6.402,343.959,0.16179254173748728
153.5833,127.938756,37.820461,4444.877673600001,122.2,-6.525,344.126,0.16179254173748728
153.6,127.938733,37.820505,4444.427788800001,122.175,-6.648,344.293,0.16179254173748728
153.6166,127.938711,37.82055,4443.9663216,122.149,-6.771,344.46,0.16179254173748728
153.6333,127.938688,37.820595,4443.4929672,122.122,-6.893,344.627,0.16179254173748728
153.65,127.938666,37.82064,4443.0083352,122.095,-7.016,344.795,0.16179254173748728
153.6666,127.938643,37.820685,4442.511816,122.067,-7.138,344.962,0.16179254173748728
153.6833,127.938621,37.82073,4442.0034096,122.039,-7.261,345.129,0.16179254173748728
153.7,127.938599,37.820775,4441.4837256,122.01,-7.383,345.297,0.16179254173748728
153.7166,127.938578,37.82082,4440.9521544,121.98,-7.505,345.465,0.16179254173748728
153.7333,127.938556,37.820865,4440.4093056,121.95,-7.628,345.633,0.16179254173748728
153.75,127.938535,37.82091,4439.8545696,121.919,-7.75,345.8,0.16179254173748728
153.7666,127.938513,37.820955,4439.2882512,121.888,-7.872,345.969,0.16179254173748728
153.7833,127.938492,37.821,4438.710350400001,121.856,-7.993,346.137,0.16179254173748728
153.8,127.938472,37.821045,4438.1205624,121.823,-8.115,346.305,0.16179254173748728
153.8166,127.938451,37.821091,4437.5194968,121.79,-8.237,346.473,0.16179254173748728
153.8333,127.93843,37.821136,4436.9068488,121.756,-8.358,346.642,0.16179254173748728
153.85,127.93841,37.821181,4436.2826184000005,121.722,-8.48,346.81,0.16179254173748728
153.8666,127.93839,37.821226,4435.6468056,121.686,-8.601,346.979,0.16179254173748728
153.8833,127.93837,37.821272,4434.999105600001,121.651,-8.722,347.148,0.16179254173748728
153.9,127.93835,37.821317,4434.340432800001,121.615,-8.843,347.317,0.16179254173748728
153.9166,127.93833,37.821363,4433.6698728,121.578,-8.964,347.486,0.16179254173748728
153.9333,127.938311,37.821408,4432.9877304,121.54,-9.085,347.655,0.16179254173748728
153.95,127.938291,37.821454,4432.2943104,121.502,-9.206,347.825,0.16179254173748728
153.9666,127.938272,37.821499,4431.589003200001,121.464,-9.326,347.994,0.16179254173748728
153.9833,127.938253,37.821545,4430.8724184,121.424,-9.447,348.164,0.16179254173748728
154.0,127.938234,37.82159,4430.144556,121.385,-9.567,348.334,0.16179254173748728
154.0166,127.938216,37.821636,4429.4048064,121.344,-9.687,348.504,0.16179254173748728
154.0333,127.938197,37.821682,4428.6537792,121.303,-9.807,348.674,0.16179254173748728
154.05,127.938179,37.821727,4427.8914744,121.262,-9.927,348.844,0.16179254173748728
154.0666,127.938161,37.821773,4427.1175872,121.22,-10.047,349.014,0.16179254173748728
154.0833,127.938143,37.821819,4426.3321176,121.177,-10.167,349.185,0.16179254173748728
154.1,127.938125,37.821864,4425.5353704,121.134,-10.286,349.356,0.16179254173748728
154.1166,127.938108,37.82191,4424.7273456,121.09,-10.406,349.526,0.16179254173748728
154.1333,127.93809,37.821956,4423.9077384,121.045,-10.525,349.697,0.16179254173748728
154.15,127.938073,37.822002,4423.076548800001,121.0,-10.644,349.868,0.16179254173748728
154.1666,127.938056,37.822048,4422.2343864,120.955,-10.763,350.04,0.16179254173748728
154.1833,127.938039,37.822093,4421.380641600001,120.908,-10.882,350.211,0.16179254173748728
154.2,127.938022,37.822139,4420.5156192,120.862,-11.0,350.383,0.16179254173748728
154.2166,127.938006,37.822185,4419.639014400001,120.814,-11.119,350.555,0.16179254173748728
154.2333,127.93799,37.822231,4418.7514368,120.766,-11.237,350.726,0.16179254173748728
154.25,127.937973,37.822277,4417.8525816,120.718,-11.355,350.899,0.16179254173748728
154.2666,127.937957,37.822323,4416.942144000001,120.668,-11.473,351.071,0.16179254173748728
154.2833,127.937942,37.822369,4416.0204288,120.619,-11.591,351.243,0.16179254173748728
154.3,127.937926,37.822415,4415.087740800001,120.568,-11.709,351.416,0.16179254173748728
154.3166,127.937911,37.822461,4414.1434704,120.518,-11.826,351.589,0.16179254173748728
154.3333,127.937895,37.822507,4413.1882272,120.466,-11.944,351.762,0.16179254173748728
154.35,127.93788,37.822553,4412.2217064,120.414,-12.061,351.935,0.16179254173748728
154.3666,127.937865,37.822599,4411.243908,120.361,-12.178,352.108,0.16179254173748728
154.3833,127.937851,37.822645,4410.2548320000005,120.308,-12.294,352.282,0.16179254173748728
154.4,127.937836,37.822691,4409.2544784,120.254,-12.411,352.455,0.16179254173748728
154.4166,127.937822,37.822737,4408.243152,120.2,-12.528,352.629,0.16179254173748728
154.4333,127.937807,37.822784,4407.2208528,120.145,-12.644,352.803,0.16179254173748728
154.45,127.937793,37.82283,4406.186971200001,120.089,-12.76,352.978,0.16179254173748728
154.4666,127.93778,37.822876,4405.1424216,120.033,-12.876,353.152,0.16179254173748728
154.4833,127.937766,37.822922,4404.0865944,119.976,-12.992,353.327,0.16179254173748728
154.5,127.937752,37.822968,4403.0194896,119.919,-13.107,353.502,0.16179254173748728
154.5166,127.937739,37.823014,4401.941412,119.861,-13.223,353.677,0.16179254173748728
154.5333,127.937726,37.823061,4400.8523616,119.803,-13.338,353.852,0.16179254173748728
154.55,127.937713,37.823107,4399.752338400001,119.743,-13.453,354.028,0.16179254173748728
154.5666,127.9377,37.823153,4398.6413424,119.684,-13.568,354.203,0.16179254173748728
154.5833,127.937688,37.823199,4397.5190688,119.623,-13.683,354.38,0.16179254173748728
154.6,127.937675,37.823245,4396.3861272,119.562,-13.797,354.556,0.16179254173748728
154.6166,127.937663,37.823292,4395.241908,119.501,-13.912,354.733,0.16179254173748728
154.6333,127.937651,37.823338,4394.086716,119.439,-14.026,354.909,0.16179254173748728
154.65,127.937639,37.823384,4392.920856,119.376,-14.14,355.086,0.16179254173748728
154.6666,127.937628,37.82343,4391.7440232,119.312,-14.253,355.264,0.16179254173748728
154.6833,127.937616,37.823477,4390.5562176,119.248,-14.367,355.441,0.16179254173748728
154.7,127.937605,37.823523,4389.3574392,119.184,-14.481,355.619,0.16179254173748728
154.7166,127.937594,37.823569,4388.1479928,119.118,-14.594,355.797,0.16179254173748728
154.7333,127.937583,37.823616,4386.927573600001,119.053,-14.707,355.976,0.16179254173748728
154.75,127.937572,37.823662,4385.6961816,118.986,-14.82,356.154,0.16179254173748728
154.7666,127.937561,37.823708,4384.4541216,118.919,-14.932,356.333,0.16179254173748728
154.7833,127.937551,37.823754,4383.2013936,118.851,-15.045,356.512,0.16179254173748728
154.8,127.937541,37.823801,4381.9376928,118.783,-15.157,356.691,0.16179254173748728
154.8166,127.937531,37.823847,4380.663324,118.714,-15.269,356.871,0.16179254173748728
154.8333,127.937521,37.823893,4379.3782872,118.644,-15.38,357.05,0.16179254173748728
154.85,127.937511,37.823939,4378.0822776,118.574,-15.492,357.23,0.16179254173748728
154.8666,127.937502,37.823986,4376.775904800001,118.503,-15.603,357.411,0.16179254173748728
154.8833,127.937492,37.824032,4375.4585592,118.432,-15.714,357.591,0.16179254173748728
154.9,127.937483,37.824078,4374.1308504,118.36,-15.825,357.772,0.16179254173748728
154.9166,127.937474,37.824125,4372.792168800001,118.287,-15.936,357.953,0.16179254173748728
154.9333,127.937466,37.824171,4371.443124,118.214,-16.046,358.134,0.16179254173748728
154.95,127.937457,37.824217,4370.0834112,118.14,-16.156,358.315,0.16179254173748728
154.9666,127.937449,37.824263,4368.7133352,118.066,-16.266,358.497,0.16179254173748728
154.9833,127.937441,37.82431,4367.3322864,117.991,-16.376,358.679,0.16179254173748728
155.0,127.937433,37.824356,4365.9408744,117.915,-16.485,358.861,0.16179254173748728
155.0166,127.937425,37.824402,4364.5390992,117.839,-16.594,359.044,0.16179254173748728
155.0333,127.937417,37.824448,4363.126656,117.762,-16.703,359.227,0.16179254173748728
155.05,127.93741,37.824495,4361.7038496000005,117.684,-16.812,359.41,0.16179254173748728
155.0666,127.937402,37.824541,4360.2706800000005,117.606,-16.92,359.593,0.16179254173748728
155.0833,127.937395,37.824587,4358.8268424,117.527,-17.028,359.776,0.16179254173748728
155.1,127.937389,37.824633,4357.372946400001,117.447,-17.136,359.96,0.16179254173748728
155.1166,127.937382,37.824679,4355.9083824,117.367,-17.243,0.144,0.16179254173748728
155.1333,127.937375,37.824726,4354.4334552,117.287,-17.351,0.329,0.16179254173748728
155.15,127.937369,37.824772,4352.9484696,117.205,-17.458,0.513,0.16179254173748728
155.1666,127.937363,37.824818,4351.452816,117.123,-17.565,0.698,0.16179254173748728
155.1833,127.937357,37.824864,4349.947104,117.04,-17.671,0.883,0.16179254173748728
155.2,127.937351,37.82491,4348.4310288,116.957,-17.777,1.068,0.16179254173748728
155.2166,127.937346,37.824956,4346.9045904,116.873,-17.883,1.254,0.16179254173748728
155.2333,127.93734,37.825002,4345.3680936,116.789,-17.989,1.44,0.16179254173748728
155.25,127.937335,37.825049,4343.8215384000005,116.704,-18.095,1.626,0.16179254173748728
155.2666,127.93733,37.825095,4342.26462,116.618,-18.2,1.813,0.16179254173748728
155.2833,127.937325,37.825141,4340.6976432,116.532,-18.305,1.999,0.16179254173748728
155.3,127.93732,37.825187,4339.120608,116.445,-18.409,2.187,0.16179254173748728
155.3166,127.937316,37.825233,4337.5332096,116.357,-18.513,2.374,0.16179254173748728
155.3333,127.937312,37.825279,4335.936057600001,116.269,-18.617,2.561,0.16179254173748728
155.35,127.937308,37.825325,4334.3288472,116.18,-18.721,2.749,0.16179254173748728
155.3666,127.937304,37.825371,4332.711273600001,116.09,-18.824,2.937,0.16179254173748728
155.3833,127.9373,37.825417,4331.0839464,116.0,-18.928,3.126,0.16179254173748728
155.4,127.937297,37.825463,4329.4465608,115.909,-19.03,3.315,0.16179254173748728
155.4166,127.937293,37.825509,4327.7994216,115.818,-19.133,3.504,0.16179254173748728
155.4333,127.93729,37.825554,4326.142224,115.726,-19.235,3.693,0.16179254173748728
155.45,127.937287,37.8256,4324.4752728,115.633,-19.337,3.882,0.16179254173748728
155.4666,127.937284,37.825646,4322.7982632,115.539,-19.438,4.072,0.16179254173748728
155.4833,127.937282,37.825692,4321.1115,115.445,-19.54,4.263,0.16179254173748728
155.5,127.937279,37.825738,4319.4146784,115.351,-19.641,4.453,0.16179254173748728
155.5166,127.937277,37.825784,4317.7084079999995,115.255,-19.741,4.644,0.16179254173748728
155.5333,127.937275,37.825829,4315.992384,115.159,-19.842,4.835,0.16179254173748728
155.55,127.937273,37.825875,4314.2663016,115.063,-19.942,5.026,0.16179254173748728
155.5666,127.937272,37.825921,4312.530770400001,114.965,-20.041,5.218,0.16179254173748728
155.5833,127.93727,37.825966,4310.7854856,114.867,-20.141,5.41,0.16179254173748728
155.6,127.937269,37.826012,4309.030752000001,114.769,-20.24,5.602,0.16179254173748728
155.6166,127.937268,37.826058,4307.265960000001,114.67,-20.338,5.794,0.16179254173748728
155.6333,127.937267,37.826103,4305.492024,114.57,-20.437,5.987,0.16179254173748728
155.65,127.937266,37.826149,4303.7083344,114.469,-20.535,6.18,0.16179254173748728
155.6666,127.937266,37.826195,4301.915196,114.368,-20.632,6.374,0.16179254173748728
155.6833,127.937266,37.82624,4300.112304,114.266,-20.73,6.568,0.16179254173748728
155.7,127.937265,37.826286,4298.300268,114.163,-20.827,6.762,0.16179254173748728
155.7166,127.937265,37.826331,4296.4784784,114.06,-20.923,6.956,0.16179254173748728
155.7333,127.937266,37.826376,4294.64724,113.956,-21.019,7.151,0.16179254173748728
155.75,127.937266,37.826422,4292.8068576000005,113.852,-21.115,7.345,0.16179254173748728
155.7666,127.937267,37.826467,4290.9570264,113.746,-21.211,7.541,0.16179254173748728
155.7833,127.937268,37.826513,4289.097746400001,113.64,-21.306,7.736,0.16179254173748728
155.8,127.937269,37.826558,4287.2293224000005,113.534,-21.401,7.932,0.16179254173748728
155.8166,127.93727,37.826603,4285.351754400001,113.427,-21.495,8.128,0.16179254173748728
155.8333,127.937271,37.826648,4283.4647376,113.319,-21.59,8.325,0.16179254173748728
155.85,127.937273,37.826694,4281.5685768,113.21,-21.683,8.522,0.16179254173748728
155.8666,127.937275,37.826739,4279.663272,113.101,-21.777,8.719,0.16179254173748728
155.8833,127.937276,37.826784,4277.748518400001,112.991,-21.87,8.916,0.16179254173748728
155.9,127.937279,37.826829,4275.8249256,112.881,-21.962,9.114,0.16179254173748728
155.9166,127.937281,37.826874,4273.8921888,112.769,-22.055,9.312,0.16179254173748728
155.9333,127.937283,37.826919,4271.9506128,112.658,-22.146,9.51,0.16179254173748728
155.95,127.937286,37.826964,4269.999588,112.545,-22.238,9.709,0.16179254173748728
155.9666,127.937289,37.827009,4268.039724,112.431,-22.329,9.908,0.16179254173748728
155.9833,127.937292,37.827054,4266.0710208,112.317,-22.42,10.107,0.16179254173748728
156.0,127.937295,37.827099,4264.0934784,112.203,-22.51,10.307,0.16179254173748728
156.0166,127.937299,37.827144,4262.1067920000005,112.088,-22.6,10.507,0.16179254173748728
156.0333,127.937303,37.827188,4260.1112664,111.972,-22.69,10.707,0.16179254173748728
156.05,127.937306,37.827233,4258.1072064,111.855,-22.779,10.908,0.16179254173748728
156.0666,127.937311,37.827278,4256.0940024,111.737,-22.867,11.109,0.16179254173748728
156.0833,127.937315,37.827323,4254.072264,111.619,-22.956,11.31,0.16179254173748728
156.1,127.937319,37.827367,4252.0416864,111.5,-23.044,11.511,0.16179254173748728
156.1166,127.937324,37.827412,4250.0022696,111.381,-23.131,11.713,0.16179254173748728
156.1333,127.937329,37.827456,4247.9543184,111.261,-23.218,11.915,0.16179254173748728
156.15,127.937334,37.827501,4245.8978328,111.14,-23.305,12.118,0.16179254173748728
156.1666,127.937339,37.827545,4243.8328128,111.018,-23.391,12.321,0.16179254173748728
156.1833,127.937344,37.82759,4241.7589536,110.896,-23.477,12.524,0.16179254173748728
156.2,127.93735,37.827634,4239.6768648,110.773,-23.562,12.727,0.16179254173748728
156.2166,127.937355,37.827678,4237.5859368,110.649,-23.647,12.931,0.16179254173748728
156.2333,127.937361,37.827723,4235.4867792000005,110.525,-23.732,13.135,0.16179254173748728
156.25,127.937368,37.827767,4233.379087200001,110.4,-23.816,13.34,0.16179254173748728
156.2666,127.937374,37.827811,4231.2631656,110.274,-23.9,13.544,0.16179254173748728
156.2833,127.93738,37.827855,4229.139014400001,110.147,-23.983,13.749,0.16179254173748728
156.3,127.937387,37.827899,4227.0063288,110.02,-24.066,13.955,0.16179254173748728
156.3166,127.937394,37.827943,4224.8654136000005,109.892,-24.148,14.161,0.16179254173748728
156.3333,127.937401,37.827987,4222.715964,109.763,-24.23,14.367,0.16179254173748728
156.35,127.937408,37.828031,4220.5585896,109.634,-24.311,14.573,0.16179254173748728
156.3666,127.937416,37.828075,4218.3929856,109.504,-24.392,14.78,0.16179254173748728
156.3833,127.937423,37.828119,4216.2194568,109.373,-24.473,14.987,0.16179254173748728
156.4,127.937431,37.828163,4214.0376984,109.241,-24.553,15.194,0.16179254173748728
156.4166,127.937439,37.828206,4211.8477104,109.109,-24.633,15.402,0.16179254173748728
156.4333,127.937447,37.82825,4209.6497976,108.976,-24.712,15.609,0.16179254173748728
156.45,127.937456,37.828294,4207.4439600000005,108.842,-24.79,15.818,0.16179254173748728
156.4666,127.937465,37.828337,4205.2301976,108.708,-24.869,16.026,0.16179254173748728
156.4833,127.937473,37.828381,4203.0085104,108.573,-24.946,16.235,0.16179254173748728
156.5,127.937482,37.828424,4200.778898400001,108.437,-25.024,16.444,0.16179254173748728
156.5166,127.937491,37.828467,4198.5413616000005,108.3,-25.101,16.654,0.16179254173748728
156.5333,127.937501,37.828511,4196.2962048,108.163,-25.177,16.864,0.16179254173748728
156.55,127.93751,37.828554,4194.0431232,108.025,-25.253,17.074,0.16179254173748728
156.5666,127.93752,37.828597,4191.7824216,107.886,-25.328,17.285,0.16179254173748728
156.5833,127.93753,37.82864,4189.5141,107.746,-25.403,17.495,0.16179254173748728
156.6,127.93754,37.828684,4187.2381584,107.606,-25.477,17.706,0.16179254173748728
156.6166,127.93755,37.828727,4184.954292,107.465,-25.551,17.918,0.16179254173748728
156.6333,127.937561,37.82877,4182.6631104,107.323,-25.624,18.13,0.16179254173748728
156.65,127.937572,37.828813,4180.3646136,107.181,-25.697,18.342,0.16179254173748728
156.6666,127.937582,37.828855,4178.058192,107.037,-25.769,18.554,0.16179254173748728
156.6833,127.937594,37.828898,4175.7447600000005,106.893,-25.841,18.767,0.16179254173748728
156.7,127.937605,37.828941,4173.423708,106.748,-25.913,18.98,0.16179254173748728
156.7166,127.937616,37.828984,4171.0953408000005,106.603,-25.983,19.193,0.16179254173748728
156.7333,127.937628,37.829026,4168.7593536,106.457,-26.054,19.407,0.16179254173748728
156.75,127.93764,37.829069,4166.416356,106.31,-26.123,19.621,0.16179254173748728
156.7666,127.937652,37.829111,4164.066348,106.162,-26.193,19.835,0.16179254173748728
156.7833,127.937664,37.829154,4161.7087200000005,106.013,-26.261,20.049,0.16179254173748728
156.8,127.937676,37.829196,4159.3440816,105.864,-26.329,20.264,0.16179254173748728
156.8166,127.937689,37.829238,4156.9724328,105.714,-26.397,20.479,0.16179254173748728
156.8333,127.937702,37.829281,4154.5937736000005,105.563,-26.464,20.695,0.16179254173748728
156.85,127.937715,37.829323,4152.2077992,105.411,-26.531,20.911,0.16179254173748728
156.8666,127.937728,37.829365,4149.8151192000005,105.259,-26.597,21.127,0.16179254173748728
156.8833,127.937741,37.829407,4147.4154288,105.106,-26.662,21.343,0.16179254173748728
156.9,127.937755,37.829449,4145.008728000001,104.952,-26.727,21.56,0.16179254173748728
156.9166,127.937768,37.829491,4142.595016800001,104.797,-26.791,21.777,0.16179254173748728
156.9333,127.937782,37.829533,4140.1749048,104.642,-26.855,21.994,0.16179254173748728
156.95,127.937796,37.829574,4137.747782400001,104.485,-26.918,22.212,0.16179254173748728
156.9666,127.93781,37.829616,4135.3139544000005,104.328,-26.981,22.43,0.16179254173748728
156.9833,127.937825,37.829658,4132.8734208000005,104.17,-27.043,22.648,0.16179254173748728
157.0,127.93784,37.829699,4130.4261816,104.011,-27.104,22.866,0.16179254173748728
157.0166,127.937854,37.829741,4127.9725416,103.852,-27.165,23.085,0.16179254173748728
157.0333,127.937869,37.829782,4125.512196000001,103.692,-27.226,23.304,0.16179254173748728
157.05,127.937885,37.829824,4123.0454496,103.531,-27.285,23.523,0.16179254173748728
157.0666,127.9379,37.829865,4120.5723024,103.369,-27.345,23.743,0.16179254173748728
157.0833,127.937916,37.829906,4118.0924496,103.206,-27.403,23.963,0.16179254173748728
157.1,127.937931,37.829947,4115.6065008000005,103.043,-27.461,24.183,0.16179254173748728
157.1166,127.937947,37.829988,4113.1141512,102.879,-27.519,24.403,0.16179254173748728
157.1333,127.937963,37.830029,4110.6154008,102.714,-27.575,24.624,0.16179254173748728
157.15,127.93798,37.83007,4108.1105544,102.548,-27.632,24.845,0.16179254173748728
157.1666,127.937996,37.830111,4105.599612,102.381,-27.687,25.066,0.16179254173748728
157.1833,127.938013,37.830152,4103.082268800001,102.213,-27.742,25.288,0.16179254173748728
157.2,127.93803,37.830192,4100.5591344,102.045,-27.797,25.509,0.16179254173748728
157.2166,127.938047,37.830233,4098.029904,101.876,-27.85,25.731,0.16179254173748728
157.2333,127.938064,37.830274,4095.4942728,101.706,-27.904,25.954,0.16179254173748728
157.25,127.938082,37.830314,4092.9531552000003,101.535,-27.956,26.176,0.16179254173748728
157.2666,127.938099,37.830354,4090.4059416000005,101.363,-28.008,26.399,0.16179254173748728
157.2833,127.938117,37.830395,4087.8529368000004,101.191,-28.059,26.622,0.16179254173748728
157.3,127.938135,37.830435,4085.2941408,101.018,-28.11,26.845,0.16179254173748728
157.3166,127.938153,37.830475,4082.7292488000003,100.844,-28.16,27.069,0.16179254173748728
157.3333,127.938172,37.830515,4080.1591752000004,100.669,-28.209,27.293,0.16179254173748728
157.35,127.93819,37.830555,4077.5830056000004,100.493,-28.258,27.517,0.16179254173748728
157.3666,127.938209,37.830595,4075.0013496,100.316,-28.306,27.741,0.16179254173748728
157.3833,127.938228,37.830635,4072.4142072000004,100.138,-28.353,27.966,0.16179254173748728
157.4,127.938247,37.830675,4069.8215784000004,99.96,-28.4,28.191,0.16179254173748728
157.4166,127.938266,37.830714,4067.2234632,99.781,-28.446,28.416,0.16179254173748728
157.4333,127.938286,37.830754,4064.6198616,99.601,-28.491,28.641,0.16179254173748728
157.45,127.938306,37.830793,4062.0110784000003,99.42,-28.536,28.866,0.16179254173748728
157.4666,127.938325,37.830833,4059.3968088,99.238,-28.58,29.092,0.16179254173748728
157.4833,127.938345,37.830872,4056.7773576000004,99.055,-28.624,29.318,0.16179254173748728
157.5,127.938366,37.830911,4054.15242,98.871,-28.666,29.544,0.16179254173748728
157.5166,127.938386,37.83095,4051.5226056000006,98.687,-28.708,29.771,0.16179254173748728
157.5333,127.938407,37.83099,4048.8876096000004,98.502,-28.75,29.997,0.16179254173748728
157.55,127.938427,37.831029,4046.2477368000004,98.315,-28.79,30.224,0.16179254173748728
157.5666,127.938448,37.831067,4043.6026824000005,98.127,-28.83,30.451,0.16179254173748728
157.5833,127.93847,37.831106,4040.9527512,97.939,-28.87,30.678,0.16179254173748728
157.6,127.938491,37.831145,4038.2976384000003,97.75,-28.908,30.905,0.16179254173748728
157.6166,127.938512,37.831184,4035.6379536,97.56,-28.946,31.133,0.16179254173748728
157.6333,127.938534,37.831222,4032.9733920000003,97.369,-28.983,31.361,0.16179254173748728
157.65,127.938556,37.831261,4030.3042584,97.177,-29.02,31.589,0.16179254173748728
157.6666,127.938578,37.831299,4027.6302480000004,96.984,-29.055,31.817,0.16179254173748728
157.6833,127.9386,37.831337,4024.9516656,96.79,-29.09,32.045,0.16179254173748728
157.7,127.938623,37.831375,4022.2685112000004,96.595,-29.125,32.274,0.16179254173748728
157.7166,127.938645,37.831414,4019.5807848000004,96.4,-29.158,32.503,0.16179254173748728
157.7333,127.938668,37.831452,4016.8887912000005,96.203,-29.191,32.731,0.16179254173748728
157.75,127.938691,37.83149,4014.1922256000003,96.005,-29.223,32.96,0.16179254173748728
157.7666,127.938714,37.831527,4011.4913928,95.806,-29.254,33.19,0.16179254173748728
157.7833,127.938738,37.831565,4008.785988,95.607,-29.285,33.419,0.16179254173748728
157.8,127.938761,37.831603,4006.0766208000005,95.406,-29.315,33.648,0.16179254173748728
157.8166,127.938785,37.83164,4003.3629864000004,95.205,-29.344,33.878,0.16179254173748728
157.8333,127.938809,37.831678,4000.6450848000004,95.002,-29.372,34.108,0.16179254173748728
157.85,127.938833,37.831715,3997.9232208000003,94.798,-29.4,34.338,0.16179254173748728
157.8666,127.938857,37.831753,3995.1973944,94.593,-29.426,34.568,0.16179254173748728
157.8833,127.938882,37.83179,3992.4676056000003,94.387,-29.452,34.798,0.16179254173748728
157.9,127.938906,37.831827,3989.7338544000004,94.181,-29.477,35.028,0.16179254173748728
157.9166,127.938931,37.831864,3986.9964456000002,93.973,-29.502,35.259,0.16179254173748728
157.9333,127.938956,37.831901,3984.2550744,93.764,-29.526,35.489,0.16179254173748728
157.95,127.938981,37.831938,3981.5100456,93.554,-29.548,35.72,0.16179254173748728
157.9666,127.939006,37.831974,3978.7610544000004,93.342,-29.57,35.95,0.16179254173748728
157.9833,127.939032,37.832011,3976.0087104,93.13,-29.592,36.181,0.16179254173748728
158.0,127.939058,37.832047,3973.2530136,92.917,-29.612,36.412,0.16179254173748728
158.0166,127.939084,37.832084,3970.4936592000004,92.703,-29.632,36.643,0.16179254173748728
158.0333,127.93911,37.83212,3967.7306472,92.487,-29.651,36.874,0.16179254173748728
158.05,127.939136,37.832156,3964.9645872000006,92.27,-29.669,37.105,0.16179254173748728
158.0666,127.939162,37.832193,3962.1951744000003,92.052,-29.686,37.337,0.16179254173748728
158.0833,127.939189,37.832229,3959.4224088,91.832,-29.702,37.568,0.16179254173748728
158.1,127.939216,37.832265,3956.6462904,91.612,-29.718,37.8,0.16179254173748728
158.1166,127.939243,37.8323,3953.8674288,91.39,-29.732,38.031,0.16179254173748728
158.1333,127.93927,37.832336,3951.0852144000005,91.167,-29.746,38.263,0.16179254173748728
158.15,127.939297,37.832372,3948.3002568,90.943,-29.759,38.495,0.16179254173748728
158.1666,127.939324,37.832407,3945.5122512,90.717,-29.771,38.727,0.16179254173748728
158.1833,127.939352,37.832443,3942.7215024,90.489,-29.782,38.959,0.16179254173748728
158.2,127.93938,37.832478,3939.9277056000005,90.261,-29.793,39.191,0.16179254173748728
158.2166,127.939408,37.832513,3937.1314704,90.032,-29.802,39.423,0.16179254173748728
158.2333,127.939436,37.832549,3934.3321872000006,89.801,-29.811,39.655,0.16179254173748728
158.25,127.939465,37.832584,3931.5307704,89.568,-29.819,39.887,0.16179254173748728
158.2666,127.939493,37.832619,3928.7263056000006,89.334,-29.825,40.12,0.16179254173748728
158.2833,127.939522,37.832653,3925.9197072,89.098,-29.831,40.352,0.16179254173748728
158.3,127.939551,37.832688,3923.1106704000003,88.862,-29.836,40.584,0.16179254173748728
158.3166,127.93958,37.832723,3920.2991952,88.624,-29.841,40.816,0.16179254173748728
158.3333,127.939609,37.832757,3917.4855864,88.384,-29.844,41.049,0.16179254173748728
158.35,127.939639,37.832792,3914.6695392,88.142,-29.846,41.281,0.16179254173748728
158.3666,127.939668,37.832826,3911.8516632,87.899,-29.847,41.513,0.16179254173748728
158.3833,127.939698,37.83286,3909.0316536,87.654,-29.847,41.745,0.16179254173748728
158.4,127.939728,37.832894,3906.2095104,87.408,-29.847,41.977,0.16179254173748728
158.4166,127.939758,37.832928,3903.3855384000003,87.161,-29.845,42.21,0.16179254173748728
158.4333,127.939788,37.832962,3900.5597376,86.911,-29.843,42.442,0.16179254173748728
158.45,127.939819,37.832996,3897.732108,86.659,-29.839,42.674,0.16179254173748728
158.4666,127.93985,37.83303,3894.9026496,86.405,-29.835,42.905,0.16179254173748728
158.4833,127.93988,37.833063,3892.0716672,86.15,-29.829,43.137,0.16179254173748728
158.5,127.939911,37.833097,3889.2391608000003,85.893,-29.823,43.369,0.16179254173748728
158.5166,127.939943,37.83313,3886.4051304000004,85.635,-29.816,43.601,0.16179254173748728
158.5333,127.939974,37.833164,3883.5698807999997,85.375,-29.807,43.832,0.16179254173748728
158.55,127.940005,37.833197,3880.7331072,85.111,-29.798,44.063,0.16179254173748728
158.5666,127.940037,37.83323,3877.8951144000002,84.846,-29.787,44.295,0.16179254173748728
158.5833,127.940069,37.833263,3875.0559024000004,84.578,-29.775,44.526,0.16179254173748728
158.6,127.940101,37.833296,3872.2154712000006,84.309,-29.763,44.757,0.16179254173748728
158.6166,127.940133,37.833328,3869.3741256000003,84.039,-29.749,44.988,0.16179254173748728
158.6333,127.940166,37.833361,3866.5318656,83.766,-29.735,45.218,0.16179254173748728
158.65,127.940198,37.833393,3863.6886912000004,83.489,-29.719,45.449,0.16179254173748728
158.6666,127.940231,37.833426,3860.8449072000003,83.209,-29.702,45.679,0.16179254173748728
158.6833,127.940264,37.833458,3858.0002088,82.928,-29.684,45.909,0.16179254173748728
158.7,127.940297,37.83349,3855.1549008,82.645,-29.665,46.139,0.16179254173748728
158.7166,127.94033,37.833522,3852.3089832,82.36,-29.645,46.368,0.16179254173748728
158.7333,127.940364,37.833554,3849.4627608,82.071,-29.623,46.598,0.16179254173748728
158.75,127.940397,37.833586,3846.6162336,81.778,-29.601,46.827,0.16179254173748728
158.7666,127.940431,37.833618,3843.7694016,81.482,-29.577,47.056,0.16179254173748728
158.7833,127.940465,37.83365,3840.9222648,81.184,-29.552,47.284,0.16179254173748728
158.8,127.940499,37.833681,3838.0751280000004,80.883,-29.526,47.513,0.16179254173748728
158.8166,127.940533,37.833713,3835.2276864,80.581,-29.499,47.741,0.16179254173748728
158.8333,127.940568,37.833744,3832.3805496,80.273,-29.471,47.968,0.16179254173748728
158.85,127.940603,37.833775,3829.5337176000003,79.961,-29.441,48.196,0.16179254173748728
158.8666,127.940637,37.833806,3826.6868856,79.644,-29.41,48.423,0.16179254173748728
158.8833,127.940672,37.833837,3823.8403584000002,79.325,-29.378,48.649,0.16179254173748728
158.9,127.940707,37.833868,3820.9944408,79.002,-29.345,48.875,0.16179254173748728
158.9166,127.940743,37.833899,3818.1488280000003,78.678,-29.31,49.101,0.16179254173748728
158.9333,127.940778,37.833929,3815.3041296,78.347,-29.275,49.327,0.16179254173748728
158.95,127.940814,37.83396,3812.4600408,78.01,-29.237,49.552,0.16179254173748728
158.9666,127.94085,37.83399,3809.6168664,77.668,-29.199,49.777,0.16179254173748728
158.9833,127.940886,37.834021,3806.7746064000003,77.321,-29.159,50.001,0.16179254173748728
159.0,127.940922,37.834051,3803.9332608,76.971,-29.118,50.224,0.16179254173748728
159.0166,127.940958,37.834081,3801.0931344,76.619,-29.076,50.448,0.16179254173748728
159.0333,127.940995,37.834111,3798.2542272,76.264,-29.035,50.657,0.16179254173748728
159.05,127.941031,37.834141,3795.4165392000004,75.906,-28.995,50.853,0.16179254173748728
159.0666,127.941068,37.83417,3792.5800704000003,75.545,-28.955,51.042,0.16179254173748728
159.0833,127.941105,37.8342,3789.7454304000003,75.178,-28.915,51.23,0.16179254173748728
159.1,127.941142,37.834229,3786.9120096,74.805,-28.873,51.419,0.16179254173748728
159.1166,127.94118,37.834259,3784.0807224,74.429,-28.829,51.61,0.16179254173748728
159.1333,127.941217,37.834288,3781.2506544000003,74.051,-28.789,51.779,0.16179254173748728
159.15,127.941255,37.834317,3778.4224152,73.68,-28.756,51.913,0.16179254173748728
159.1666,127.941293,37.834346,3775.5960048,73.313,-28.728,52.021,0.16179254173748728
159.1833,127.941331,37.834375,3772.7714232000003,72.943,-28.702,52.121,0.16179254173748728
159.2,127.941369,37.834404,3769.9489752000004,72.566,-28.674,52.225,0.16179254173748728
159.2166,127.941407,37.834433,3767.1286608,72.181,-28.642,52.338,0.16179254173748728
159.2333,127.941445,37.834462,3764.3098704000004,71.798,-28.614,52.436,0.16179254173748728
159.25,127.941484,37.83449,3761.4932136,71.421,-28.591,52.514,0.16179254173748728
159.2666,127.941523,37.834519,3758.6786904,71.046,-28.57,52.582,0.16179254173748728
159.2833,127.941561,37.834547,3755.8663008000003,70.669,-28.549,52.65,0.16179254173748728
159.3,127.941601,37.834575,3753.0560448,70.287,-28.524,52.724,0.16179254173748728
159.3166,127.94164,37.834603,3750.2479224000003,69.9,-28.496,52.807,0.16179254173748728
159.3333,127.941679,37.834631,3747.4416288,69.525,-28.471,52.884,0.16179254173748728
159.35,127.941718,37.83466,3744.6374688000005,69.164,-28.448,52.951,0.16179254173748728
159.3666,127.941758,37.834687,3741.8354424,68.813,-28.426,53.017,0.16179254173748728
159.3833,127.941798,37.834715,3739.0358544,68.467,-28.402,53.085,0.16179254173748728
159.4,127.941837,37.834743,3736.2380952000003,68.124,-28.374,53.159,0.16179254173748728
159.4166,127.941877,37.834771,3733.4430792000003,67.781,-28.344,53.239,0.16179254173748728
159.4333,127.941917,37.834798,3730.6492824,67.455,-28.316,53.313,0.16179254173748728
159.45,127.941958,37.834826,3727.8582288,67.147,-28.292,53.379,0.16179254173748728
159.4666,127.941998,37.834853,3725.0693088000003,66.851,-28.269,53.443,0.16179254173748728
159.4833,127.942038,37.834881,3722.2825224000003,66.563,-28.243,53.51,0.16179254173748728
159.5,127.942079,37.834908,3719.4981744,66.279,-28.215,53.581,0.16179254173748728
159.5166,127.94212,37.834935,3716.7162648,65.998,-28.184,53.657,0.16179254173748728
159.5333,127.94216,37.834962,3713.9358792000003,65.732,-28.157,53.726,0.16179254173748728
159.55,127.942201,37.834989,3711.1582368000004,65.479,-28.133,53.786,0.16179254173748728
159.5666,127.942242,37.835016,3708.3827280000005,65.236,-28.11,53.842,0.16179254173748728
159.5833,127.942284,37.835043,3705.6093528,64.999,-28.087,53.9,0.16179254173748728
159.6,127.942325,37.83507,3702.838416,64.765,-28.06,53.963,0.16179254173748728
159.6166,127.942366,37.835097,3700.0699176,64.531,-28.031,54.032,0.16179254173748728
159.6333,127.942408,37.835124,3697.303248,64.308,-28.005,54.093,0.16179254173748728
159.65,127.942449,37.835151,3694.5390168000004,64.095,-27.984,54.145,0.16179254173748728
159.6666,127.942491,37.835177,3691.7769192000005,63.887,-27.963,54.194,0.16179254173748728
159.6833,127.942533,37.835204,3689.0169552,63.683,-27.942,54.245,0.16179254173748728
159.7,127.942575,37.83523,3686.2594296,63.479,-27.918,54.3,0.16179254173748728
159.7166,127.942617,37.835257,3683.5043424,63.276,-27.891,54.361,0.16179254173748728
159.7333,127.942659,37.835283,3680.751084,63.079,-27.868,54.414,0.16179254173748728
159.75,127.942701,37.835309,3677.9999592000004,62.888,-27.848,54.461,0.16179254173748728
159.7666,127.942743,37.835336,3675.2509680000003,62.701,-27.83,54.504,0.16179254173748728
159.7833,127.942786,37.835362,3672.5044152,62.515,-27.81,54.549,0.16179254173748728
159.8,127.942828,37.835388,3669.7599960000002,62.329,-27.788,54.599,0.16179254173748728
159.8166,127.942871,37.835414,3667.0177104,62.143,-27.764,54.653,0.16179254173748728
159.8333,127.942914,37.83544,3664.2772535999998,61.96,-27.743,54.701,0.16179254173748728
159.85,127.942956,37.835466,3661.5389304000005,61.782,-27.725,54.742,0.16179254173748728
159.8666,127.942999,37.835492,3658.8027408000003,61.605,-27.708,54.781,0.16179254173748728
159.8833,127.943042,37.835518,3656.0686848000005,61.429,-27.69,54.822,0.16179254173748728
159.9,127.943085,37.835544,3653.3367624,61.251,-27.671,54.867,0.16179254173748728
159.9166,127.943129,37.835569,3650.6066688000005,61.073,-27.649,54.916,0.16179254173748728
159.9333,127.943172,37.835595,3647.8787088,60.897,-27.629,54.96,0.16179254173748728
159.95,127.943215,37.835621,3645.1525776000003,60.722,-27.613,54.997,0.16179254173748728
159.9666,127.943259,37.835646,3642.4285800000002,60.548,-27.598,55.032,0.16179254173748728
159.9833,127.943302,37.835672,3639.7064112000003,60.373,-27.582,55.069,0.16179254173748728
160.0,127.943346,37.835697,3636.9863760000003,60.196,-27.564,55.11,0.16179254173748728
160.0166,127.943389,37.835723,3634.2681696,60.018,-27.544,55.154,0.16179254173748728
160.0333,127.943433,37.835748,3631.5517920000007,59.839,-27.526,55.194,0.16179254173748728
160.05,127.943477,37.835774,3628.8372432,59.659,-27.512,55.228,0.16179254173748728
160.0666,127.943521,37.835799,3626.1248280000004,59.478,-27.498,55.26,0.16179254173748728
160.0833,127.943565,37.835824,3623.4142416000004,59.296,-27.483,55.293,0.16179254173748728
160.1,127.943609,37.835849,3620.7051792,59.11,-27.467,55.33,0.16179254173748728
160.1166,127.943653,37.835875,3617.9982504000004,58.923,-27.449,55.371,0.16179254173748728
160.1333,127.943698,37.8359,3615.2931504000003,58.734,-27.433,55.406,0.16179254173748728
160.15,127.943742,37.835925,3612.5895744,58.542,-27.42,55.437,0.16179254173748728
160.1666,127.943786,37.83595,3609.888132,58.347,-27.407,55.466,0.16179254173748728
160.1833,127.943831,37.835975,3607.1882136000004,58.15,-27.394,55.496,0.16179254173748728
160.2,127.943875,37.836,3604.490124,57.95,-27.38,55.529,0.16179254173748728
160.2166,127.94392,37.836025,3601.7938632,57.748,-27.363,55.566,0.16179254173748728
160.2333,127.943965,37.83605,3599.0994312000003,57.539,-27.346,55.603,0.16179254173748728
160.25,127.944009,37.836075,3596.4065232000003,57.325,-27.329,55.639,0.16179254173748728
160.2666,127.944054,37.836099,3593.7157488000003,57.106,-27.312,55.676,0.16179254173748728
160.2833,127.944099,37.836124,3591.0261936,56.882,-27.294,55.714,0.16179254173748728
160.3,127.944144,37.836149,3588.338772,56.656,-27.275,55.755,0.16179254173748728
160.3166,127.944189,37.836174,3585.6528744,56.428,-27.255,55.797,0.16179254173748728
160.3333,127.944234,37.836198,3582.9691104,56.194,-27.241,55.828,0.16179254173748728
160.35,127.94428,37.836223,3580.2865656,55.953,-27.232,55.849,0.16179254173748728
160.3666,127.944325,37.836248,3577.6061544,55.707,-27.226,55.866,0.16179254173748728
160.3833,127.94437,37.836272,3574.9272671999997,55.454,-27.219,55.883,0.16179254173748728
160.4,127.944415,37.836297,3572.2499040000002,55.195,-27.211,55.904,0.16179254173748728
160.4166,127.944461,37.836321,3569.5743696,54.932,-27.2,55.929,0.16179254173748728
160.4333,127.944506,37.836346,3566.9009688000006,54.653,-27.182,55.966,0.16179254173748728
160.45,127.944552,37.83637,3564.2293968,54.36,-27.156,56.013,0.16179254173748728
160.4666,127.944598,37.836394,3561.5593488000004,54.058,-27.127,56.066,0.16179254173748728
160.4833,127.944643,37.836419,3558.8911296,53.751,-27.097,56.121,0.16179254173748728
160.5,127.944689,37.836443,3556.2247392000004,53.44,-27.067,56.175,0.16179254173748728
160.5166,127.944735,37.836467,3553.5601776000003,53.128,-27.038,56.227,0.16179254173748728
160.5333,127.944781,37.836492,3550.8977496,52.801,-27.023,56.257,0.16179254173748728
160.55,127.944827,37.836516,3548.2371504000002,52.461,-27.021,56.263,0.16179254173748728
160.5666,127.944873,37.83654,3545.5783800000004,52.106,-27.027,56.258,0.16179254173748728
160.5833,127.944919,37.836564,3542.9217432,51.736,-27.033,56.254,0.16179254173748728
160.6,127.944965,37.836588,3540.2666304000004,51.353,-27.037,56.255,0.16179254173748728
160.6166,127.945011,37.836613,3537.6133464000004,50.961,-27.038,56.262,0.16179254173748728
160.6333,127.945058,37.836637,3534.9628056000006,50.547,-27.021,56.293,0.16179254173748728
160.65,127.945104,37.836661,3532.3137888,50.115,-26.988,56.345,0.16179254173748728
160.6666,127.945151,37.836685,3529.6669056000005,49.672,-26.946,56.408,0.16179254173748728
160.6833,127.945197,37.836709,3527.0218512,49.224,-26.904,56.472,0.16179254173748728
160.7,127.945244,37.836733,3524.3786256000003,48.775,-26.864,56.533,0.16179254173748728
160.7166,127.94529,37.836757,3521.7378384000003,48.326,-26.826,56.59,0.16179254173748728
160.7333,127.945337,37.83678,3519.0994896,47.854,-26.805,56.622,0.16179254173748728
160.75,127.945383,37.836804,3516.4632744,47.365,-26.807,56.622,0.16179254173748728
160.7666,127.94543,37.836828,3513.8291928,46.857,-26.825,56.603,0.16179254173748728
160.7833,127.945477,37.836852,3511.1975496,46.331,-26.847,56.58,0.16179254173748728
160.8,127.945524,37.836876,3508.5677352000002,45.788,-26.866,56.563,0.16179254173748728
160.8166,127.945571,37.8369,3505.9400544,45.233,-26.88,56.554,0.16179254173748728
160.8333,127.945618,37.836923,3503.3145072,44.67,-26.872,56.572,0.16179254173748728
160.85,127.945665,37.836947,3500.6910936000004,44.1,-26.839,56.619,0.16179254173748728
160.8666,127.945712,37.836971,3498.0695088,43.531,-26.791,56.68,0.16179254173748728
160.8833,127.945759,37.836995,3495.4500576000005,42.966,-26.74,56.744,0.16179254173748728
160.9,127.945806,37.837018,3492.8330448,42.409,-26.692,56.804,0.16179254173748728
160.9166,127.945853,37.837042,3490.2181656000002,41.856,-26.648,56.858,0.16179254173748728
160.9333,127.945901,37.837066,3487.6060296,41.3,-26.626,56.887,0.16179254173748728
160.95,127.945948,37.837089,3484.9960272000003,40.739,-26.624,56.894,0.16179254173748728
160.9666,127.945996,37.837113,3482.3884632,40.17,-26.633,56.891,0.16179254173748728
160.9833,127.946043,37.837136,3479.7833376,39.591,-26.642,56.888,0.16179254173748728
161.0,127.94609,37.83716,3477.1803456000002,39.003,-26.648,56.889,0.16179254173748728
161.0166,127.946138,37.837184,3474.5800968,38.408,-26.649,56.895,0.16179254173748728
161.0333,127.946186,37.837207,3471.9832008000003,37.772,-26.643,56.904,0.16179254173748728
161.05,127.946233,37.837231,3469.3896576,37.097,-26.633,56.914,0.16179254173748728
161.0666,127.946281,37.837254,3466.798248,36.391,-26.621,56.925,0.16179254173748728
161.0833,127.946329,37.837278,3464.2098864,35.663,-26.61,56.938,0.16179254173748728
161.1,127.946377,37.837301,3461.6239632,34.918,-26.6,56.952,0.16179254173748728
161.1166,127.946424,37.837325,3459.0407832,34.164,-26.589,56.967,0.16179254173748728
161.1333,127.946472,37.837348,3456.459432,33.415,-26.559,57.0,0.16179254173748728
161.15,127.94652,37.837371,3453.8814336,32.675,-26.504,57.05,0.16179254173748728
161.1666,127.946568,37.837395,3451.3055688000004,31.944,-26.437,57.109,0.16179254173748728
161.1833,127.946616,37.837418,3448.732752,31.225,-26.366,57.168,0.16179254173748728
161.2,127.946664,37.837442,3446.1629832,30.515,-26.3,57.221,0.16179254173748728
161.2166,127.946713,37.837465,3443.5962624000003,29.812,-26.238,57.269,0.16179254173748728
161.2333,127.946761,37.837489,3441.033504,29.006,-26.2,57.292,0.16179254173748728
161.25,127.946809,37.837512,3438.4744032000003,28.106,-26.205,57.278,0.16179254173748728
161.2666,127.946857,37.837535,3435.920484,27.107,-26.244,57.242,0.16179254173748728
161.2833,127.946906,37.837559,3433.3714416000003,25.999,-26.296,57.202,0.16179254173748728
161.3,127.946954,37.837582,3430.8284952,24.786,-26.346,57.167,0.16179254173748728
161.3166,127.947003,37.837605,3428.2910352000004,23.473,-26.386,57.141,0.16179254173748728
161.3333,127.947051,37.837629,3425.7590616,22.076,-26.398,57.132,0.16179254173748728
161.35,127.9471,37.837652,3423.2307456000003,20.621,-26.386,57.136,0.16179254173748728
161.3666,127.947148,37.837675,3420.7070016,19.131,-26.363,57.149,0.16179254173748728
161.3833,127.947197,37.837699,3418.1869152,17.623,-26.339,57.163,0.16179254173748728
161.4,127.947245,37.837722,3415.6710960000005,16.109,-26.319,57.177,0.16179254173748728
161.4166,127.947294,37.837745,3413.1589344000004,14.594,-26.303,57.188,0.16179254173748728
161.4333,127.947343,37.837769,3410.6504304000005,13.237,-26.268,57.215,0.16179254173748728
161.45,127.947392,37.837792,3408.1452792,12.027,-26.206,57.259,0.16179254173748728
161.4666,127.947441,37.837815,3405.6422616000004,10.943,-26.124,57.306,0.16179254173748728
161.4833,127.947489,37.837839,3403.1410728,9.959,-26.037,57.345,0.16179254173748728
161.5,127.947538,37.837862,3400.6432368,9.046,-25.953,57.373,0.16179254173748728
161.5166,127.947587,37.837885,3398.149668,8.173,-25.876,57.391,0.16179254173748728
161.5333,127.947636,37.837909,3395.656404,7.567,-25.832,57.418,0.16179254173748728
161.55,127.947685,37.837932,3393.1643592,7.203,-25.846,57.453,0.16179254173748728
161.5666,127.947734,37.837956,3390.672924,7.037,-25.898,57.485,0.16179254173748728
161.5833,127.947783,37.837979,3388.181184,7.027,-25.963,57.504,0.16179254173748728
161.6,127.947832,37.838002,3385.6888344000004,7.125,-26.022,57.509,0.16179254173748728
161.6166,127.947881,37.838026,3383.1983136000003,7.282,-26.068,57.505,0.16179254173748728
161.6333,127.94793,37.838049,3380.707488,7.482,-26.103,57.5,0.16179254173748728
161.65,127.947979,37.838073,3378.2175768,7.701,-26.132,57.499,0.16179254173748728
161.6666,127.948028,37.838096,3375.7282752,7.929,-26.16,57.501,0.16179254173748728
161.6833,127.948078,37.83812,3373.2395831999997,8.163,-26.188,57.504,0.16179254173748728
161.7,127.948127,37.838143,3370.7515008000005,8.405,-26.214,57.506,0.16179254173748728
161.7166,127.948176,37.838167,3368.2637232,8.653,-26.24,57.507,0.16179254173748728
161.7333,127.948225,37.83819,3365.778384,8.725,-26.256,57.495,0.16179254173748728
161.75,127.948274,37.838214,3363.2948736000003,8.63,-26.264,57.472,0.16179254173748728
161.7666,127.948323,37.838237,3360.8141064,8.36,-26.266,57.447,0.16179254173748728
161.7833,127.948373,37.838261,3358.3363872000004,7.912,-26.268,57.427,0.16179254173748728
161.8,127.948422,37.838284,3355.8626304000004,7.297,-26.27,57.413,0.16179254173748728
161.8166,127.948471,37.838308,3353.392836,6.53,-26.273,57.404,0.16179254173748728
161.8333,127.948521,37.838331,3350.9285280000004,5.626,-26.263,57.397,0.16179254173748728
161.85,127.94857,37.838355,3348.4697064,4.599,-26.238,57.392,0.16179254173748728
161.8666,127.94862,37.838379,3346.0160664000005,3.458,-26.207,57.385,0.16179254173748728
161.8833,127.948669,37.838402,3343.567608,2.21,-26.175,57.378,0.16179254173748728
161.9,127.948718,37.838426,3341.1243312,0.861,-26.146,57.371,0.16179254173748728
161.9166,127.948768,37.838449,3338.686236,-0.58,-26.119,57.365,0.16179254173748728
161.9333,127.948818,37.838473,3336.2530176,-2.11,-26.102,57.359,0.16179254173748728
161.95,127.948867,37.838497,3333.8249808,-3.72,-26.095,57.354,0.16179254173748728
161.9666,127.948917,37.83852,3331.4021256,-5.404,-26.092,57.348,0.16179254173748728
161.9833,127.948966,37.838544,3328.9841472,-7.156,-26.088,57.343,0.16179254173748728
162.0,127.949016,37.838568,3326.5710456,-8.973,-26.083,57.338,0.16179254173748728
162.0166,127.949065,37.838592,3324.1628208,-10.849,-26.076,57.332,0.16179254173748728
162.0333,127.949115,37.838616,3321.759168,-12.782,-26.073,57.327,0.16179254173748728
162.05,127.949165,37.838639,3319.3603920000005,-14.768,-26.072,57.324,0.16179254173748728
162.0666,127.949214,37.838663,3316.9658832,-16.801,-26.074,57.322,0.16179254173748728
162.0833,127.949264,37.838687,3314.5762512,-18.879,-26.077,57.321,0.16179254173748728
162.1,127.949314,37.838711,3312.1908864,-20.997,-26.078,57.319,0.16179254173748728
162.1166,127.949363,37.838735,3309.8094840000003,-23.154,-26.079,57.317,0.16179254173748728
162.1333,127.949413,37.838759,3307.4311296,-25.274,-26.068,57.315,0.16179254173748728
162.15,127.949463,37.838783,3305.0555184000004,-27.35,-26.048,57.315,0.16179254173748728
162.1666,127.949512,37.838807,3302.6814312,-29.386,-26.023,57.313,0.16179254173748728
162.1833,127.949562,37.838831,3300.3106967999997,-31.386,-26.0,57.308,0.16179254173748728
162.2,127.949612,37.838855,3297.9424008000005,-33.36,-25.981,57.301,0.16179254173748728
162.2166,127.949661,37.83888,3295.5771528000005,-35.318,-25.965,57.292,0.16179254173748728
162.2333,127.949711,37.838904,3293.2155624000006,-37.308,-25.956,57.282,0.16179254173748728
162.25,127.949761,37.838928,3290.8579344000004,-39.335,-25.951,57.272,0.16179254173748728
162.2666,127.94981,37.838952,3288.5024399999998,-41.396,-25.949,57.265,0.16179254173748728
162.2833,127.94986,37.838977,3286.1496888,-43.483,-25.945,57.259,0.16179254173748728
162.3,127.949909,37.839001,3283.7990712000005,-45.586,-25.939,57.254,0.16179254173748728
162.3166,127.949959,37.839026,3281.4505872000004,-47.698,-25.932,57.25,0.16179254173748728
162.3333,127.950009,37.83905,3279.1030176,-49.802,-25.928,57.25,0.16179254173748728
162.35,127.950058,37.839075,3276.7572768,-51.896,-25.927,57.255,0.16179254173748728
162.3666,127.950108,37.839099,3274.4127552000004,-53.98,-25.928,57.26,0.16179254173748728
162.3833,127.950157,37.839124,3272.0694528000004,-56.055,-25.93,57.265,0.16179254173748728
162.4,127.950207,37.839149,3269.7267600000005,-58.127,-25.932,57.268,0.16179254173748728
162.4166,127.950256,37.839174,3267.3849816,-60.197,-25.933,57.269,0.16179254173748728
162.4333,127.950305,37.839199,3265.0441176,-62.259,-25.926,57.256,0.16179254173748728
162.45,127.950355,37.839223,3262.7032536,-64.314,-25.913,57.23,0.16179254173748728
162.4666,127.950404,37.839248,3260.3623896000004,-66.364,-25.898,57.197,0.16179254173748728
162.4833,127.950453,37.839273,3258.0218304000005,-68.412,-25.883,57.164,0.16179254173748728
162.5,127.950503,37.839298,3255.6806616000003,-70.46,-25.871,57.133,0.16179254173748728
162.5166,127.950552,37.839324,3253.3394928000002,-72.507,-25.861,57.105,0.16179254173748728
162.5333,127.950601,37.839349,3250.9971048,-74.556,-25.856,57.092,0.16179254173748728
162.55,127.95065,37.839374,3248.6538024,-76.608,-25.856,57.094,0.16179254173748728
162.5666,127.950699,37.839399,3246.3092808,-78.661,-25.858,57.103,0.16179254173748728
162.5833,127.950748,37.839425,3243.9632352000003,-80.713,-25.861,57.111,0.16179254173748728
162.6,127.950797,37.83945,3241.6156656000003,-82.765,-25.863,57.114,0.16179254173748728
162.6166,127.950846,37.839475,3239.2662672,-84.817,-25.865,57.114,0.16179254173748728
162.6333,127.950895,37.839501,3236.91504,-86.884,-25.866,57.11,0.16179254173748728
162.65,127.950944,37.839526,3234.5610696,-88.964,-25.869,57.105,0.16179254173748728
162.6666,127.950993,37.839552,3232.2046608,-91.056,-25.871,57.099,0.16179254173748728
162.6833,127.951041,37.839578,3229.8455088,-93.155,-25.873,57.092,0.16179254173748728
162.7,127.95109,37.839603,3227.4836136000004,-95.261,-25.875,57.085,0.16179254173748728
162.7166,127.951139,37.839629,3225.1180608,-97.368,-25.877,57.077,0.16179254173748728
162.7333,127.951187,37.839655,3222.7491552,-99.414,-25.876,57.058,0.16179254173748728
162.75,127.951236,37.83968,3220.3765920000005,-101.4,-25.874,57.029,0.16179254173748728
162.7666,127.951285,37.839706,3218.0003712000002,-103.339,-25.874,56.994,0.16179254173748728
162.7833,127.951333,37.839732,3215.6204928,-105.244,-25.877,56.96,0.16179254173748728
162.8,127.951381,37.839758,3213.2363472,-107.127,-25.885,56.928,0.16179254173748728
162.8166,127.95143,37.839784,3210.8479344,-109.0,-25.895,56.899,0.16179254173748728
162.8333,127.951478,37.83981,3208.4540352000004,-110.526,-25.881,56.875,0.16179254173748728
162.85,127.951527,37.839836,3206.0558688,-111.73,-25.844,56.856,0.16179254173748728
162.8666,127.951575,37.839862,3203.6543496,-112.606,-25.801,56.84,0.16179254173748728
162.8833,127.951623,37.839888,3201.2491728,-113.155,-25.766,56.826,0.16179254173748728
162.9,127.951671,37.839914,3198.8403384000003,-113.405,-25.745,56.814,0.16179254173748728
162.9166,127.95172,37.83994,3196.4281512,-113.449,-25.737,56.802,0.16179254173748728
162.9333,127.951768,37.839966,3194.0126112000003,-113.354,-25.738,56.791,0.16179254173748728
162.95,127.951816,37.839992,3191.5934136,-113.183,-25.744,56.78,0.16179254173748728
162.9666,127.951864,37.840018,3189.1699488000004,-112.98,-25.75,56.769,0.16179254173748728
162.9833,127.951913,37.840044,3186.7428264,-112.766,-25.757,56.757,0.16179254173748728
163.0,127.951961,37.84007,3184.3120464000003,-112.552,-25.763,56.744,0.16179254173748728
163.0166,127.952009,37.840096,3181.8769992,-112.34,-25.77,56.731,0.16179254173748728
163.0333,127.952057,37.840122,3179.4385991999998,-112.122,-25.777,56.718,0.16179254173748728
163.05,127.952105,37.840149,3176.9965416000005,-111.899,-25.784,56.704,0.16179254173748728
163.0666,127.952154,37.840175,3174.5508264,-111.672,-25.791,56.69,0.16179254173748728
163.0833,127.952202,37.840201,3172.1014536,-111.443,-25.8,56.675,0.16179254173748728
163.1,127.95225,37.840227,3169.6484232000003,-111.214,-25.809,56.66,0.16179254173748728
163.1166,127.952298,37.840253,3167.1917352000005,-110.986,-25.819,56.645,0.16179254173748728
163.1333,127.952346,37.840279,3164.7313896000005,-110.761,-25.829,56.629,0.16179254173748728
163.15,127.952394,37.840305,3162.2676912,-110.537,-25.84,56.613,0.16179254173748728
163.1666,127.952443,37.840332,3159.8003352000005,-110.316,-25.851,56.597,0.16153814969314703
163.1833,127.952491,37.840358,3157.3296264,-110.097,-25.861,56.581,0.16128409158162385
163.2,127.952539,37.840384,3154.8552600000003,-109.88,-25.873,56.564,0.16103007719458473
163.2166,127.952587,37.84041,3152.3778456,-109.665,-25.884,56.547,0.16077623396556068
163.2333,127.952635,37.840436,3149.8964688,-109.452,-25.896,56.53,0.16052251138896975
163.25,127.952683,37.840463,3147.412044,-109.242,-25.908,56.513,0.16026897638556512
163.2666,127.952731,37.840489,3144.9239616000004,-109.035,-25.921,56.495,0.16001557833214822
163.2833,127.952779,37.840515,3142.4325264,-108.83,-25.933,56.478,0.1597622646362966
163.3,127.952828,37.840541,3139.9380432000003,-108.627,-25.946,56.46,0.15950910425076278
163.3166,127.952876,37.840568,3137.4399024000004,-108.426,-25.959,56.442,0.15925616256440933
163.3333,127.952924,37.840594,3134.9384088,-108.228,-25.972,56.425,0.159003389627043
163.35,127.952972,37.84062,3132.4338672,-108.033,-25.985,56.407,0.15875067470865972
163.3666,127.95302,37.840646,3129.9256680000003,-107.84,-25.998,56.389,0.1584981447056848
163.3833,127.953068,37.840673,3127.4144208000002,-107.649,-26.012,56.371,0.15824562718847618
163.4,127.953116,37.840699,3124.9001256,-107.461,-26.025,56.354,0.15799337129940177
163.4166,127.953164,37.840725,3122.3821728000003,-107.274,-26.039,56.336,0.1577412043689114
163.4333,127.953212,37.840752,3119.861172,-107.092,-26.053,56.318,0.15748913386489172
163.45,127.95326,37.840778,3117.3368184,-106.913,-26.067,56.3,0.1572372292734705
163.4666,127.953308,37.840804,3114.8094168000002,-106.738,-26.081,56.283,0.1569854361691899
163.4833,127.953356,37.840831,3112.2786624000005,-106.566,-26.096,56.265,0.15673364305431126
163.5,127.953404,37.840857,3109.7448600000002,-106.396,-26.11,56.248,0.15648203794223386
163.5166,127.953452,37.840883,3107.2077048,-106.228,-26.124,56.23,0.15623044686003534
163.5333,127.9535,37.84091,3104.6675016,-106.067,-26.139,56.213,0.15597899539692095
163.55,127.953548,37.840936,3102.1242504,-105.912,-26.154,56.195,0.15572769732917693
163.5666,127.953596,37.840963,3099.5776464000005,-105.764,-26.169,56.178,0.15547643423870974
163.5833,127.953644,37.840989,3097.0279944,-105.619,-26.184,56.161,0.15522533879183606
163.6,127.953692,37.841015,3094.4749896000003,-105.477,-26.199,56.143,0.15497429175112765
163.6166,127.95374,37.841042,3091.9189368,-105.338,-26.213,56.126,0.15472336293146252
163.6333,127.953788,37.841068,3089.359836,-105.209,-26.229,56.109,0.154472622165165
163.65,127.953836,37.841095,3086.7976872000004,-105.091,-26.244,56.092,0.15422194829919114
163.6666,127.953884,37.841121,3084.2324904,-104.98,-26.26,56.075,0.1539713560049134
163.6833,127.953932,37.841148,3081.6639408,-104.876,-26.276,56.058,0.1537209049558433
163.7,127.95398,37.841174,3079.0926480000003,-104.776,-26.291,56.041,0.15347054654747094
163.7166,127.954028,37.8412,3076.5180024,-104.678,-26.306,56.024,0.15322022272093405
163.7333,127.954076,37.841227,3073.9403088,-104.596,-26.322,56.007,0.15297005677967399
163.75,127.954124,37.841253,3071.3595672,-104.528,-26.338,55.99,0.15272000054323123
163.7666,127.954171,37.84128,3068.7757776000003,-104.471,-26.355,55.973,0.1524699955933972
163.7833,127.954219,37.841306,3066.18894,-104.422,-26.371,55.956,0.15222005967477148
163.8,127.954267,37.841333,3063.5990544,-104.378,-26.387,55.939,0.15197018777397317
163.8166,127.954315,37.84136,3061.0064256000005,-104.338,-26.402,55.922,0.15172033269384985
163.8333,127.954363,37.841386,3058.4101392000002,-104.316,-26.418,55.905,0.15147068240093256
163.85,127.954411,37.841413,3055.8114144000006,-104.312,-26.435,55.888,0.15122111284226372
163.8666,127.954459,37.841439,3053.2093368,-104.323,-26.453,55.871,0.1509716428841604
163.8833,127.954507,37.841466,3050.6042112,-104.343,-26.47,55.854,0.1507223304786404
163.9,127.954555,37.841492,3047.9960376,-104.37,-26.486,55.837,0.1504731296641107
163.9166,127.954602,37.841519,3045.3851208,-104.4,-26.501,55.82,0.15022391505767888
163.9333,127.95465,37.841546,3042.7708512,-104.452,-26.517,55.802,0.14997482329394124
163.95,127.954698,37.841572,3040.1538384,-104.523,-26.534,55.785,0.14972586034831845
163.9666,127.954746,37.841599,3037.5337776,-104.607,-26.55,55.767,0.14947696574366806
163.9833,127.954794,37.841626,3034.9106688,-104.701,-26.566,55.75,0.14922821090421828
164.0,127.954841,37.841652,3032.284512,-104.801,-26.582,55.732,0.1489796679294093
164.0166,127.954889,37.841679,3029.6556120000005,-104.904,-26.597,55.714,0.14873109300608117
164.0333,127.954937,37.841706,3027.0233592,-105.027,-26.61,55.696,0.1484825578717475
164.05,127.954985,37.841732,3024.3880584,-105.169,-26.623,55.676,0.1482342515634236
164.0666,127.955032,37.841759,3021.7500144000005,-105.322,-26.635,55.657,0.14798604576555677
164.0833,127.95508,37.841786,3019.1089224,-105.481,-26.648,55.638,0.14773778018462236
164.1,127.955128,37.841813,3016.4650872,-105.642,-26.66,55.619,0.1474897599491947
164.1166,127.955176,37.841839,3013.818204,-105.805,-26.673,55.6,0.1472418067224362
164.1333,127.955223,37.841866,3011.1682728,-105.979,-26.685,55.58,0.14699404155480336
164.15,127.955271,37.841893,3008.5152936000004,-106.165,-26.696,55.56,0.14674630513567483
164.1666,127.955319,37.84192,3005.8595712,-106.358,-26.706,55.54,0.1464986498871803
164.1833,127.955367,37.841946,3003.2008008000003,-106.555,-26.717,55.519,0.14625126323606574
164.2,127.955414,37.841973,3000.5392872,-106.753,-26.728,55.499,0.14600396596794624
164.2166,127.955462,37.842,2997.8747256,-106.952,-26.739,55.479,0.14575671539359697
164.2333,127.95551,37.842027,2995.207116,-107.155,-26.75,55.459,0.14550956293519474
164.25,127.955557,37.842054,2992.5367632,-107.362,-26.761,55.438,0.14526258095321481
164.2666,127.955605,37.842081,2989.8633624000004,-107.572,-26.771,55.418,0.14501565901129476
164.2833,127.955653,37.842108,2987.1869136,-107.783,-26.782,55.397,0.14476891648179335
164.3,127.9557,37.842134,2984.5080264,-107.995,-26.792,55.377,0.1445223578837162
164.3166,127.955748,37.842161,2981.8257864,-108.207,-26.804,55.356,0.1445223578837162
164.3333,127.955796,37.842188,2979.1408032000004,-108.419,-26.815,55.336,0.1445223578837162
164.35,127.955843,37.842215,2976.4530768,-108.631,-26.825,55.315,0.1445223578837162
164.3666,127.955891,37.842242,2973.7623024000004,-108.844,-26.836,55.294,0.1445223578837162
164.3833,127.955938,37.842269,2971.0687848000002,-109.056,-26.847,55.273,0.1445223578837162
164.4,127.955986,37.842296,2968.3722192000005,-109.269,-26.858,55.253,0.1445223578837162
164.4166,127.956034,37.842323,2965.6729104,-109.481,-26.87,55.232,0.1445223578837162
164.4333,127.956081,37.84235,2962.9705536,-109.691,-26.881,55.212,0.1445223578837162
164.45,127.956129,37.842377,2960.2654536,-109.9,-26.892,55.191,0.1445223578837162
164.4666,127.956176,37.842404,2957.5573056000003,-110.107,-26.904,55.17,0.1445223578837162
164.4833,127.956224,37.842431,2954.8464144000004,-110.314,-26.915,55.15,0.1445223578837162
164.5,127.956272,37.842458,2952.1327800000004,-110.519,-26.927,55.129,0.1445223578837162
164.5166,127.956319,37.842485,2949.4160976000003,-110.725,-26.94,55.109,0.1445223578837162
164.5333,127.956367,37.842512,2946.696672,-110.928,-26.952,55.089,0.1445223578837162
164.55,127.956414,37.842539,2943.9741984,-111.129,-26.964,55.068,0.1445223578837162
164.5666,127.956462,37.842566,2941.2489816,-111.328,-26.976,55.048,0.1445223578837162
164.5833,127.956509,37.842593,2938.5210216,-111.525,-26.988,55.028,0.1445223578837162
164.6,127.956557,37.84262,2935.7900136000003,-111.722,-27.001,55.008,0.1445223578837162
164.6166,127.956604,37.842647,2933.0562624000004,-111.919,-27.014,54.988,0.1445223578837162
164.6333,127.956652,37.842674,2930.3194632,-112.114,-27.027,54.968,0.1445223578837162
164.65,127.9567,37.842701,2927.5799208000003,-112.306,-27.039,54.947,0.1445223578837162
164.6666,127.956747,37.842728,2924.8373304,-112.497,-27.052,54.927,0.1445223578837162
164.6833,127.956795,37.842755,2922.0923016,-112.686,-27.065,54.907,0.1445223578837162
164.7,127.956842,37.842783,2919.3439200000003,-112.875,-27.078,54.888,0.1445223578837162
164.7166,127.95689,37.84281,2916.5931,-113.063,-27.092,54.868,0.1445223578837162
164.7333,127.956937,37.842837,2913.8392320000003,-113.249,-27.105,54.848,0.1445223578837162
164.75,127.956985,37.842864,2911.0826208000003,-113.433,-27.119,54.828,0.1445223578837162
164.7666,127.957032,37.842891,2908.3229616000003,-113.615,-27.132,54.809,0.1445223578837162
164.7833,127.95708,37.842918,2905.5605592,-113.796,-27.145,54.789,0.1445223578837162
164.8,127.957127,37.842946,2902.7954136000003,-113.977,-27.159,54.77,0.1445223578837162
164.8166,127.957175,37.842973,2900.0275248000003,-114.157,-27.174,54.75,0.1445223578837162
164.8333,127.957222,37.843,2897.256588,-114.335,-27.188,54.731,0.1445223578837162
164.85,127.95727,37.843027,2894.4826032000005,-114.51,-27.201,54.711,0.1445223578837162
164.8666,127.957317,37.843054,2891.70618,-114.684,-27.215,54.692,0.1445223578837162
164.8833,127.957365,37.843082,2888.9267088,-114.857,-27.229,54.673,0.1445223578837162
164.9,127.957412,37.843109,2886.1444944,-115.029,-27.244,54.653,0.1445223578837162
164.9166,127.95746,37.843136,2883.3592320000002,-115.201,-27.259,54.635,0.1445223578837162
164.9333,127.957507,37.843163,2880.5712264,-115.371,-27.273,54.615,0.1445223578837162
164.95,127.957554,37.843191,2877.7804776000003,-115.54,-27.287,54.596,0.1445223578837162
164.9666,127.957602,37.843218,2874.9866807999997,-115.707,-27.301,54.577,0.1445223578837162
164.9833,127.957649,37.843245,2872.1904456,-115.873,-27.315,54.557,0.1445223578837162
165.0,127.957697,37.843273,2869.3911624,-116.038,-27.329,54.538,0.1445223578837162
165.0166,127.957744,37.8433,2866.5888312,-116.202,-27.344,54.52,0.1445223578837162
165.0333,127.957792,37.843327,2863.7837568,-116.364,-27.359,54.501,0.1445223578837162
165.05,127.957839,37.843355,2860.9759392,-116.525,-27.373,54.481,0.1445223578837162
165.0666,127.957887,37.843382,2858.1653784000005,-116.684,-27.386,54.462,0.1445223578837162
165.0833,127.957934,37.843409,2855.3517696,-116.841,-27.4,54.443,0.1445223578837162
165.1,127.957981,37.843437,2852.5357224,-116.998,-27.415,54.424,0.1445223578837162
165.1166,127.958029,37.843464,2849.7163224,-117.154,-27.43,54.405,0.1445223578837162
165.1333,127.958076,37.843491,2846.894484,-117.306,-27.445,54.387,0.1445223578837162
165.15,127.958124,37.843519,2844.0695976,-117.457,-27.459,54.368,0.1445223578837162
165.1666,127.958171,37.843546,2841.2422728,-117.605,-27.473,54.349,0.1445223578837162
165.1833,127.958219,37.843574,2838.4119,-117.751,-27.487,54.33,0.1445223578837162
165.2,127.958266,37.843601,2835.5784792,-117.896,-27.502,54.311,0.1445223578837162
165.2166,127.958313,37.843628,2832.74262,-118.041,-27.517,54.293,0.1445223578837162
165.2333,127.958361,37.843656,2829.9037128,-118.183,-27.532,54.274,0.1445223578837162
165.25,127.958408,37.843683,2827.0620624000003,-118.322,-27.547,54.256,0.1445223578837162
165.2666,127.958456,37.843711,2824.2176688000004,-118.46,-27.561,54.237,0.1445223578837162
165.2833,127.958503,37.843738,2821.3705320000004,-118.596,-27.576,54.218,0.1445223578837162
165.3,127.958551,37.843766,2818.5203472,-118.73,-27.591,54.2,0.1445223578837162
165.3166,127.958598,37.843793,2815.667724,-118.864,-27.606,54.182,0.1445223578837162
165.3333,127.958645,37.843821,2812.8120528000004,-118.996,-27.621,54.164,0.1445223578837162
165.35,127.958693,37.843848,2809.9536384000003,-119.125,-27.636,54.145,0.1445223578837162
165.3666,127.95874,37.843876,2807.0924808,-119.253,-27.651,54.127,0.1445223578837162
165.3833,127.958788,37.843903,2804.2282752,-119.379,-27.666,54.109,0.1445223578837162
165.4,127.958835,37.843931,2801.3616312,-119.504,-27.681,54.091,0.1445223578837162
165.4166,127.958882,37.843958,2798.4919392,-119.629,-27.697,54.073,0.1445223578837162
165.4333,127.95893,37.843986,2795.6198088,-119.699,-27.709,54.054,0.1445223578837162
165.45,127.958977,37.844014,2792.7455448,-119.719,-27.718,54.033,0.1445223578837162
165.4666,127.959025,37.844041,2789.8688424,-119.699,-27.727,54.012,0.1445223578837162
165.4833,127.959072,37.844069,2786.9893968,-119.651,-27.739,53.993,0.1445223578837162
165.5,127.95912,37.844096,2784.107208,-119.587,-27.755,53.976,0.1445223578837162
165.5166,127.959167,37.844124,2781.2222760000004,-119.52,-27.773,53.961,0.1445223578837162
165.5333,127.959214,37.844152,2778.3342960000004,-119.465,-27.79,53.946,0.1445223578837162
165.55,127.959262,37.844179,2775.4435728000003,-119.423,-27.805,53.931,0.1445223578837162
165.5666,127.959309,37.844207,2772.5498016,-119.392,-27.819,53.915,0.1445223578837162
165.5833,127.959357,37.844234,2769.6532872000002,-119.365,-27.832,53.9,0.1445223578837162
165.6,127.959404,37.844262,2766.7543344,-119.338,-27.846,53.884,0.1445223578837162
165.6166,127.959452,37.84429,2763.8523336,-119.309,-27.86,53.868,0.1445223578837162
165.6333,127.959499,37.844317,2760.9481992,-119.236,-27.87,53.851,0.1445223578837162
165.65,127.959547,37.844345,2758.0416264,-119.122,-27.877,53.832,0.1445223578837162
165.6666,127.959594,37.844373,2755.1323104,-118.975,-27.884,53.813,0.1445223578837162
165.6833,127.959641,37.8444,2752.2205559999998,-118.804,-27.894,53.796,0.1445223578837162
165.7,127.959689,37.844428,2749.3060584,-118.62,-27.907,53.78,0.1445223578837162
165.7166,127.959736,37.844456,2746.3888176,-118.433,-27.922,53.767,0.1445223578837162
165.7333,127.959784,37.844484,2743.4694432,-118.221,-27.934,53.753,0.1445223578837162
165.75,127.959831,37.844511,2740.5470208,-117.989,-27.942,53.738,0.1445223578837162
165.7666,127.959879,37.844539,2737.6224647999998,-117.739,-27.949,53.722,0.1445223578837162
165.7833,127.959926,37.844567,2734.6948608,-117.476,-27.958,53.707,0.1445223578837162
165.8,127.959974,37.844595,2731.7648184,-117.203,-27.969,53.694,0.1445223578837162
165.8166,127.960022,37.844622,2728.8320328000004,-116.927,-27.981,53.683,0.1445223578837162
165.8333,127.960069,37.84465,2725.8968088,-116.578,-27.988,53.669,0.1445223578837162
165.85,127.960117,37.844678,2722.9594512,-116.164,-27.99,53.653,0.1445223578837162
165.8666,127.960164,37.844706,2720.0196552,-115.698,-27.99,53.637,0.1445223578837162
165.8833,127.960212,37.844733,2717.0777256,-115.196,-27.995,53.624,0.1445223578837162
165.9,127.960259,37.844761,2714.1330528000003,-114.672,-28.006,53.614,0.1445223578837162
165.9166,127.960307,37.844789,2711.1856368000003,-114.143,-28.019,53.607,0.1445223578837162
165.9333,127.960355,37.844817,2708.2357824,-113.517,-28.023,53.596,0.1445223578837162
165.95,127.960402,37.844845,2705.2834896000004,-112.802,-28.018,53.583,0.1445223578837162
165.9666,127.96045,37.844873,2702.329368,-112.018,-28.011,53.57,0.1445223578837162
165.9833,127.960498,37.8449,2699.372808,-111.182,-28.011,53.561,0.1445223578837162
166.0,127.960545,37.844928,2696.4141144000005,-110.314,-28.018,53.556,0.1445223578837162
166.0166,127.960593,37.844956,2693.4523728000004,-109.439,-28.031,53.553,0.1445223578837162
166.0333,127.960641,37.844984,2690.487888,-108.421,-28.03,53.548,0.1445223578837162
166.05,127.960689,37.845012,2687.5209648,-107.276,-28.015,53.54,0.1445223578837162
166.0666,127.960737,37.84504,2684.5522128,-106.0,-27.995,53.533,0.1445223578837162
166.0833,127.960784,37.845067,2681.5819368,-104.617,-27.983,53.53,0.1445223578837162
166.1,127.960832,37.845095,2678.6089176,-103.166,-27.984,53.532,0.1445223578837162
166.1166,127.96088,37.845123,2675.6334600000005,-101.687,-27.994,53.537,0.1445223578837162
166.1333,127.960928,37.845151,2672.6549544,-100.111,-27.996,53.544,0.1445223578837162
166.15,127.960976,37.845179,2669.6734008000003,-98.455,-27.984,53.552,0.1445223578837162
166.1666,127.961024,37.845207,2666.6897136000002,-96.716,-27.966,53.563,0.1445223578837162
166.1833,127.961072,37.845235,2663.703588,-94.886,-27.95,53.576,0.1445223578837162
166.2,127.96112,37.845262,2660.715024,-92.964,-27.942,53.591,0.1445223578837162
166.2166,127.961168,37.84529,2657.7234120000003,-90.962,-27.94,53.61,0.1445223578837162
166.2333,127.961217,37.845318,2654.728752,-88.898,-27.937,53.632,0.1445223578837162
166.25,127.961265,37.845346,2651.731044,-86.784,-27.93,53.658,0.1445223578837162
166.2666,127.961313,37.845374,2648.730288,-84.62,-27.921,53.689,0.1445223578837162
166.2833,127.961361,37.845402,2645.7267888,-82.405,-27.913,53.723,0.1445223578837162
166.3,127.96141,37.845429,2642.7202416000005,-80.139,-27.908,53.76,0.1445223578837162
166.3166,127.961458,37.845457,2639.7109511999997,-77.825,-27.907,53.799,0.1445223578837162
166.3333,127.961506,37.845485,2636.698308,-75.469,-27.909,53.841,0.1445223578837162
166.35,127.961555,37.845513,2633.6829215999996,-73.078,-27.911,53.886,0.1445223578837162
166.3666,127.961603,37.845541,2630.6644872,-70.654,-27.915,53.934,0.1445223578837162
166.3833,127.961651,37.845569,2627.6430048,-68.197,-27.92,53.985,0.1445223578837162
166.4,127.9617,37.845596,2624.6187792,-65.708,-27.929,54.038,0.1445223578837162
166.4166,127.961748,37.845624,2621.5918103999998,-63.187,-27.94,54.092,0.1445223578837162
166.4333,127.961797,37.845652,2618.5617936000003,-60.637,-27.955,54.148,0.1445223578837162
166.45,127.961845,37.84568,2615.5290336,-58.061,-27.973,54.205,0.1445223578837162
166.4666,127.961894,37.845708,2612.4935304000005,-55.459,-27.994,54.263,0.1445223578837162
166.4833,127.961942,37.845736,2609.4555888,-52.834,-28.017,54.323,0.1445223578837162
166.5,127.961991,37.845764,2606.4145992,-50.184,-28.043,54.383,0.1445223578837162
166.5166,127.96204,37.845792,2603.3711712000004,-47.512,-28.073,54.443,0.1445223578837162
166.5333,127.962088,37.84582,2600.3250000000003,-44.816,-28.106,54.503,0.1445223578837162
166.55,127.962137,37.845848,2597.2766952,-42.099,-28.142,54.563,0.1445223578837162
166.5666,127.962186,37.845876,2594.2253424,-39.36,-28.181,54.622,0.1445223578837162
166.5833,127.962234,37.845904,2591.171856,-36.601,-28.223,54.68,0.1445223578837162
166.6,127.962283,37.845932,2588.1159312,-33.821,-28.268,54.738,0.1445223578837162
166.6166,127.962332,37.845959,2585.0578728,-31.021,-28.316,54.794,0.1445223578837162
166.6333,127.96238,37.845987,2581.9982904,-28.193,-28.342,54.831,0.1445223578837162
166.65,127.962429,37.846016,2578.9365744,-25.339,-28.344,54.853,0.1445223578837162
166.6666,127.962478,37.846044,2575.8733344,-22.462,-28.34,54.869,0.1445223578837162
166.6833,127.962527,37.846072,2572.8079608,-19.57,-28.346,54.889,0.1445223578837162
166.7,127.962576,37.8461,2569.7410632,-16.665,-28.366,54.914,0.1445223578837162
166.7166,127.962624,37.846128,2566.6726416,-13.749,-28.397,54.944,0.1445223578837162
166.7333,127.962673,37.846156,2563.6036104,-10.815,-28.407,54.97,0.1445223578837162
166.75,127.962722,37.846184,2560.5351888,-7.859,-28.364,54.986,0.14430255649602985
166.7666,127.962771,37.846212,2557.4676816,-4.88,-28.249,54.993,0.14408299184242085
166.7833,127.96282,37.84624,2554.4001744,-1.879,-28.1,54.999,0.14386366693930525
166.8,127.962869,37.846268,2551.3335816,1.134,-27.952,55.01,0.14364458585627846
166.8166,127.962918,37.846296,2548.2675984,4.155,-27.841,55.029,0.1434257522492666
166.8333,127.962967,37.846325,2545.2025296,7.176,-27.782,55.054,0.14320707755831244
166.85,127.963016,37.846353,2542.1395944,10.195,-27.753,55.086,0.1429886586368124
166.8666,127.963065,37.846381,2539.078488,13.218,-27.726,55.126,0.1427704987496081
166.8833,127.963115,37.846409,2536.0192104,16.253,-27.689,55.172,0.14255260643298295
166.9,127.963164,37.846437,2532.9620664000004,19.306,-27.642,55.223,0.14233488989797358
166.9166,127.963213,37.846466,2529.9073608,22.374,-27.595,55.275,0.142117345699942
166.9333,127.963263,37.846494,2526.8535696,25.456,-27.58,55.314,0.14190016685828274
166.95,127.963312,37.846522,2523.800388,28.554,-27.626,55.323,0.14168326678818352
166.9666,127.963361,37.84655,2520.7475112,31.672,-27.752,55.286,0.14146645008088207
166.9833,127.963411,37.846579,2517.6946344000003,34.807,-27.923,55.218,0.14124991068849876
167.0,127.963461,37.846607,2514.6414528000005,37.961,-28.104,55.137,0.14103374890259857
167.0166,127.96351,37.846635,2511.5879664000004,41.13,-28.262,55.063,0.14081787311522898
167.0333,127.96356,37.846663,2508.5338704,44.309,-28.37,55.022,0.1406020929218644
167.05,127.963609,37.846692,2505.47886,47.494,-28.439,55.005,0.1403866028924686
167.0666,127.963659,37.84672,2502.4220208,50.685,-28.496,54.989,0.14017130684614673
167.0833,127.963709,37.846748,2499.3639624,53.877,-28.558,54.959,0.1399564032737277
167.1,127.963759,37.846776,2496.30438,57.063,-28.631,54.912,0.13974170174787848
167.1166,127.963808,37.846804,2493.2426640000003,60.24,-28.708,54.86,0.13952720419137984
167.1333,127.963858,37.846833,2490.1797288000002,63.399,-28.769,54.838,0.13931291231723392
167.15,127.963908,37.846861,2487.1149648,66.534,-28.799,54.881,0.13909892195448254
167.1666,127.963958,37.846889,2484.0489816,69.633,-28.788,55.027,0.13888523881188833
167.1833,127.964008,37.846917,2480.982084,72.682,-28.74,55.29,0.13867176972314454
167.2,127.964058,37.846945,2477.9139672,75.691,-28.677,55.632,0.13845860854559508
167.2166,127.964108,37.846973,2474.844936,78.667,-28.619,56.012,0.13824566144741324
167.2333,127.964158,37.847002,2471.7756,81.586,-28.569,56.464,0.1380329283301482
167.25,127.964208,37.84703,2468.7056544,84.447,-28.535,56.993,0.13782059684896286
167.2666,127.964258,37.847057,2465.6338800000003,87.281,-28.523,57.553,0.1376084785168922
167.2833,127.964308,37.847085,2462.5602768,90.124,-28.537,58.094,0.13739648264521684
167.3,127.964359,37.847113,2459.4845400000004,93.0,-28.573,58.571,0.13718469902442848
167.3166,127.964409,37.847141,2456.4060600000003,95.912,-28.63,58.978,0.136973322238532
167.3333,127.96446,37.847169,2453.3248368000004,98.816,-28.707,59.35,0.136762156774441
167.35,127.964511,37.847196,2450.2396512,101.699,-28.805,59.721,0.13655130397674461
167.3666,127.964561,37.847224,2447.1505032,104.56,-28.931,60.126,0.1363407638674778
167.3833,127.964612,37.847251,2444.0558688,107.403,-29.087,60.572,0.13613043875600672
167.4,127.964663,37.847278,2440.9557480000003,110.25,-29.265,61.024,0.13592033266548154
167.4166,127.964714,37.847305,2437.8492264,113.117,-29.456,61.447,0.13571044586799066
167.4333,127.964765,37.847332,2434.733256,115.551,-29.617,61.843,0.1355007792833757
167.45,127.964816,37.847359,2431.6093608,117.579,-29.753,62.223,0.1352914300403182
167.4666,127.964867,37.847386,2428.4781504000002,119.182,-29.9,62.586,0.13508230967941798
167.4833,127.964919,37.847412,2425.3384056,120.36,-30.081,62.93,0.13487341553719795
167.5,127.96497,37.847439,2422.1882976,121.175,-30.295,63.259,0.1346648504939854
167.5166,127.965021,37.847465,2419.0266072000004,121.791,-30.529,63.573,0.1344566139623786
167.5333,127.965073,37.847491,2415.85242,122.135,-30.755,63.885,0.13424851845869953
167.55,127.965124,37.847517,2412.6651264,122.295,-30.96,64.198,0.13404067076266377
167.5666,127.965176,37.847542,2409.4656408,122.341,-31.158,64.504,0.13383307224236687
167.5833,127.965227,37.847567,2406.2533536,122.31,-31.363,64.795,0.13362573135483208
167.6,127.965279,37.847593,2403.0288744000004,122.234,-31.581,65.072,0.1334184621767502
167.6166,127.965331,37.847617,2399.7915936000004,122.152,-31.803,65.341,0.13321155326313064
167.6333,127.965382,37.847642,2396.5409016000003,122.087,-32.021,65.61,0.13300472989500378
167.65,127.965434,37.847667,2393.2767984,122.05,-32.229,65.882,0.13279808589549022
167.6666,127.965486,37.847691,2389.9998936,122.029,-32.428,66.155,0.13259163115636682
167.6833,127.965538,37.847715,2386.7095776,122.008,-32.623,66.427,0.1323854688519423
167.7,127.96559,37.847739,2383.4058504000004,121.975,-32.818,66.695,0.13217941503001873
167.7166,127.965642,37.847763,2380.0893216,121.928,-33.014,66.958,0.1319735688507876
167.7333,127.965694,37.847786,2376.7590768,121.872,-33.21,67.219,0.13176784093864433
167.75,127.965746,37.847809,2373.4154208,121.815,-33.404,67.478,0.1315623345416407
167.7666,127.965798,37.847832,2370.0583536000004,121.759,-33.596,67.738,0.1313568649524806
167.7833,127.96585,37.847855,2366.68818,121.706,-33.784,67.997,0.13115153075168767
167.8,127.965902,37.847878,2363.3042904,121.651,-33.971,68.257,0.1309463425320119
167.8166,127.965954,37.8479,2359.9072944,121.593,-34.157,68.516,0.1307412989378331
167.8333,127.966007,37.847922,2356.4965824,121.53,-34.342,68.773,0.1305363170037176
167.85,127.966059,37.847944,2353.0724592,121.462,-34.526,69.031,0.13033149298623017
167.8666,127.966111,37.847966,2349.6349248,121.391,-34.709,69.288,0.1301267386821898
167.8833,127.966163,37.847988,2346.1839792,121.318,-34.89,69.545,0.12992195983407662
167.9,127.966216,37.848009,2342.7196224,121.243,-35.07,69.802,0.12971734847323957
167.9166,127.966268,37.84803,2339.2418544,121.167,-35.249,70.06,0.12951282287019755
167.9333,127.96632,37.848051,2335.7506752000004,121.087,-35.427,70.318,0.12930838122941704
167.95,127.966373,37.848071,2332.2463896,121.003,-35.604,70.576,0.12910384002295822
167.9666,127.966425,37.848092,2328.7283880000005,120.916,-35.78,70.835,0.12889940109107562
167.9833,127.966477,37.848112,2325.1972800000003,120.826,-35.955,71.094,0.12869497348872685
168.0,127.96653,37.848132,2321.6527608,120.734,-36.129,71.353,0.1284905643512493
168.0166,127.966582,37.848152,2318.0951352,120.639,-36.302,71.613,0.1282861888506848
168.0333,127.966635,37.848171,2314.5237936000003,120.541,-36.473,71.874,0.12808175765069654
168.05,127.966687,37.84819,2310.9396504,120.441,-36.644,72.136,0.12787737830021015
168.0666,127.96674,37.848209,2307.3420960000003,120.338,-36.814,72.398,0.12767277191236684
168.0833,127.966792,37.848228,2303.7314352000003,120.231,-36.982,72.662,0.12746823310379574
168.1,127.966844,37.848247,2300.1073632000002,120.121,-37.15,72.926,0.1272635820323297
168.1166,127.966897,37.848265,2296.4704896000003,120.009,-37.318,73.19,0.1270589173363998
168.1333,127.966949,37.848283,2292.8205096,119.894,-37.484,73.456,0.12685416666638683
168.15,127.967002,37.848301,2289.1571184,119.776,-37.649,73.723,0.12664923969915928
168.1666,127.967054,37.848319,2285.4809256,119.656,-37.812,73.991,0.12644433192147367
168.1833,127.967107,37.848337,2281.7919312000004,119.532,-37.975,74.26,0.12623926304778976
168.2,127.967159,37.848354,2278.0898304,119.406,-38.138,74.529,0.12603422719379798
168.2166,127.967212,37.848371,2274.374928,119.277,-38.3,74.8,0.1258289556786388
168.2333,127.967264,37.848388,2270.6469192,119.145,-38.46,75.072,0.12562364183346494
168.25,127.967317,37.848404,2266.9061088,119.011,-38.619,75.345,0.12541810571950032
168.2666,127.967369,37.84842,2263.1524968000003,118.874,-38.777,75.62,0.1252123641743966
168.2833,127.967422,37.848437,2259.3863880000004,118.735,-38.935,75.895,0.12500641240375002
168.3,127.967474,37.848452,2255.6074776,118.592,-39.091,76.171,0.12480044224816562
168.3166,127.967526,37.848468,2251.8160704,118.446,-39.247,76.449,0.12459409925548255
168.3333,127.967579,37.848484,2248.0118616,118.299,-39.402,76.728,0.12438766445948894
168.35,127.967631,37.848499,2244.195156,118.149,-39.555,77.008,0.12418105615948452
168.3666,127.967684,37.848514,2240.3662584000003,117.997,-39.707,77.29,0.12397418264122975
168.3833,127.967736,37.848528,2236.5245592,117.842,-39.859,77.573,0.12376724913833989
168.4,127.967788,37.848543,2232.670668,117.683,-40.01,77.856,0.12355989405118475
168.4166,127.967841,37.848557,2228.8045848,117.522,-40.16,78.141,0.12335229769111837
168.4333,127.967893,37.848571,2224.9260048,117.359,-40.309,78.428,0.1231445807046834
168.45,127.967945,37.848585,2221.0352328,117.195,-40.456,78.716,0.12293655164217467
168.4666,127.967998,37.848599,2217.1325736,117.028,-40.602,79.005,0.12272821860564674
168.4833,127.96805,37.848612,2213.2177224,116.858,-40.747,79.296,0.12251978782635466
168.5,127.968102,37.848625,2209.2906792,116.685,-40.892,79.587,0.12231090001973914
168.5166,127.968154,37.848638,2205.3520536,116.509,-41.036,79.88,0.12210183242071715
168.5333,127.968206,37.848651,2201.401236,116.332,-41.179,80.175,0.12189240940338718
168.55,127.968258,37.848663,2197.4385312000004,116.153,-41.32,80.471,0.12168274034669375
168.5666,127.968311,37.848676,2193.4639392000004,115.972,-41.459,80.768,0.12147265127922752
168.5833,127.968363,37.848688,2189.4777648,115.788,-41.598,81.067,0.12126233498515235
168.6,127.968415,37.848699,2185.480008,115.601,-41.737,81.367,0.1210517178771119
168.6166,127.968467,37.848711,2181.4706688,115.411,-41.875,81.668,0.12084070892261232
168.6333,127.968519,37.848722,2177.4497472,115.22,-42.011,81.97,0.12062931790702468
168.65,127.968571,37.848733,2173.4175480000004,115.028,-42.145,82.274,0.12041757335686337
168.6666,127.968623,37.848744,2169.3737664,114.834,-42.279,82.58,0.12020546770445568
168.6833,127.968674,37.848755,2165.3187072,114.637,-42.411,82.887,0.11999292877744734
168.7,127.968726,37.848765,2161.2523704,114.437,-42.543,83.195,0.11977994804612321
168.7166,127.968778,37.848775,2157.1747560000003,114.234,-42.674,83.504,0.11956657278291587
168.7333,127.96883,37.848785,2153.085864,114.03,-42.804,83.815,0.11935279474901819
168.75,127.968882,37.848795,2148.986304,113.825,-42.932,84.128,0.11913862615717553
168.7666,127.968933,37.848804,2144.8754664000003,113.618,-43.059,84.442,0.11892407757770829
168.7833,127.968985,37.848813,2140.7536560000003,113.409,-43.185,84.757,0.11870897966963107
168.8,127.969036,37.848822,2136.6211776,113.196,-43.31,85.073,0.11849336364961144
168.8166,127.969088,37.848831,2132.4777264000004,112.982,-43.435,85.391,0.11827729989231094
168.8333,127.969139,37.848839,2128.3236072000004,112.765,-43.558,85.71,0.11806082075251555
168.85,127.969191,37.848848,2124.1591248,112.548,-43.679,86.031,0.1178437597911181
168.8666,127.969242,37.848856,2119.9836696,112.329,-43.8,86.353,0.11762620790644313
168.8833,127.969294,37.848864,2115.7978512,112.108,-43.919,86.676,0.11740809857993964
168.9,127.969345,37.848871,2111.6016696,111.884,-44.038,87.001,0.11718954444823848
168.9166,127.969396,37.848878,2107.3951248,111.658,-44.155,87.327,0.11697045704510124
168.9333,127.969447,37.848886,2103.1782168,111.432,-44.271,87.655,0.11675067092886933
168.95,127.969498,37.848892,2098.9509456,111.205,-44.385,87.984,0.1165304552494033
168.9666,127.969549,37.848899,2094.713616,110.976,-44.497,88.315,0.11630949143730653
168.9833,127.9696,37.848906,2090.4662280000002,110.745,-44.608,88.648,0.11608804646895596
169.0,127.969651,37.848912,2086.2090864,110.509,-44.719,88.981,0.11586603143869748
169.0166,127.969702,37.848918,2081.9418864,110.271,-44.83,89.315,0.11564330724736842
169.0333,127.969753,37.848923,2077.664628,110.033,-44.938,89.651,0.11542006456399706
169.05,127.969804,37.848929,2073.3779208,109.796,-45.044,89.99,0.11519614156576315
169.0666,127.969855,37.848934,2069.0811552,109.557,-45.148,90.329,0.11497162693150267
169.0833,127.969905,37.848939,2064.7749408,109.315,-45.251,90.67,0.11474645969983167
169.1,127.969956,37.848944,2060.4595824,109.07,-45.354,91.012,0.11452055187986472
169.1166,127.970006,37.848948,2056.1344704000003,108.821,-45.456,91.355,0.11429401839404649
169.1333,127.970057,37.848953,2051.7993,108.584,-45.549,91.703,0.11406677175117318
169.15,127.970107,37.848957,2047.4546808000002,108.357,-45.632,92.056,0.11383892904737897
169.1666,127.970157,37.84896,2043.1012224,108.126,-45.711,92.412,0.11361033044877757
169.1833,127.970208,37.848964,2038.7389248,107.88,-45.792,92.767,0.11338098938647237
169.2,127.970258,37.848967,2034.3674832000002,107.617,-45.878,93.121,0.11315091955725137
169.2166,127.970308,37.84897,2029.9872024000001,107.346,-45.966,93.475,0.11292013497479127
169.2333,127.970358,37.848973,2025.5977776000002,107.082,-46.049,93.831,0.11268847762496725
169.25,127.970408,37.848976,2021.1992088,106.829,-46.125,94.191,0.11245613575653542
169.2666,127.970458,37.848978,2016.7924104,106.58,-46.197,94.553,0.1122229521121525
169.2833,127.970508,37.848981,2012.3767728,106.326,-46.269,94.916,0.11198904259423859
169.3,127.970557,37.848982,2007.9529056000001,106.062,-46.343,95.279,0.11175438991609683
169.3166,127.970607,37.848984,2003.520504,105.792,-46.418,95.641,0.11151886927861977
169.3333,127.970657,37.848986,1999.079568,105.521,-46.492,96.005,0.1112825647419746
169.35,127.970706,37.848987,1994.6304024,105.254,-46.563,96.37,0.11104549235196894
169.3666,127.970755,37.848988,1990.173312,104.99,-46.631,96.736,0.11080749658984959
169.3833,127.970805,37.848989,1985.707992,104.727,-46.698,97.104,0.11056859223327405
169.4,127.970854,37.848989,1981.2344424000003,104.461,-46.765,97.473,0.1103289977173088
169.4166,127.970903,37.848989,1976.7532728,104.192,-46.831,97.842,0.11008845723886536
169.4333,127.970952,37.848989,1972.2644832,103.921,-46.896,98.211,0.1098469865113104
169.45,127.971001,37.848989,1967.7674640000002,103.651,-46.96,98.582,0.10960466732098471
169.4666,127.97105,37.848989,1963.2631296000002,103.381,-47.023,98.954,0.10960466732098471
169.4833,127.971099,37.848988,1958.7511752,103.112,-47.084,99.327,0.10960466732098471
169.5,127.971148,37.848987,1954.2319056000001,102.841,-47.144,99.7,0.10960466732098471
169.5166,127.971196,37.848986,1949.7050160000001,102.569,-47.203,100.075,0.10960466732098471
169.5333,127.971245,37.848985,1945.1711160000002,102.296,-47.261,100.45,0.10960466732098471
169.55,127.971293,37.848983,1940.6295960000002,102.023,-47.318,100.826,0.10960466732098471
169.5666,127.971342,37.848981,1936.0813704000002,101.749,-47.374,101.203,0.10960466732098471
169.5833,127.97139,37.848979,1931.5261344000003,101.475,-47.428,101.58,0.10960466732098471
169.6,127.971438,37.848977,1926.9635832000001,101.2,-47.482,101.959,0.10960466732098471
169.6166,127.971486,37.848974,1922.3946312000003,100.925,-47.534,102.338,0.10960466732098471
169.6333,127.971534,37.848971,1917.8186688,100.648,-47.585,102.718,0.10960466732098471
169.65,127.971582,37.848968,1913.2363056000002,100.372,-47.635,103.099,0.10960466732098471
169.6666,127.97163,37.848965,1908.6472368000002,100.094,-47.684,103.481,0.10960466732098471
169.6833,127.971678,37.848961,1904.0517672,99.816,-47.732,103.863,0.10960466732098471
169.7,127.971725,37.848957,1899.4498968,99.538,-47.778,104.246,0.10960466732098471
169.7166,127.971773,37.848953,1894.8416256,99.259,-47.824,104.63,0.10960466732098471
169.7333,127.97182,37.848949,1890.2272584000002,98.979,-47.868,105.014,0.10960466732098471
169.75,127.971868,37.848945,1885.6067952,98.699,-47.911,105.4,0.10960466732098471
169.7666,127.971915,37.84894,1880.980236,98.418,-47.953,105.785,0.10960466732098471
169.7833,127.971962,37.848935,1876.3478856000002,98.137,-47.993,106.172,0.10960466732098471
169.8,127.972009,37.84893,1871.7094392000001,97.855,-48.033,106.559,0.10960466732098471
169.8166,127.972056,37.848924,1867.0655064,97.573,-48.071,106.947,0.10960466732098471
169.8333,127.972103,37.848919,1862.4160872,97.29,-48.108,107.336,0.10960466732098471
169.85,127.972149,37.848913,1857.7608768,97.006,-48.144,107.725,0.10960466732098471
169.8666,127.972196,37.848907,1853.1001800000001,96.722,-48.178,108.114,0.10960466732098471
169.8833,127.972242,37.8489,1848.4343016000003,96.438,-48.212,108.504,0.10960466732098471
169.9,127.972289,37.848894,1843.7629368000003,96.152,-48.244,108.895,0.10960466732098471
169.9166,127.972335,37.848887,1839.0863904,95.867,-48.275,109.287,0.10960466732098471
169.9333,127.972381,37.84888,1834.4049672,95.581,-48.304,109.678,0.10960466732098471
169.95,127.972427,37.848872,1829.7183624000002,95.294,-48.333,110.071,0.10960466732098471
169.9666,127.972473,37.848865,1825.0268808,95.007,-48.36,110.464,0.10960466732098471
169.9833,127.972519,37.848857,1820.3308272000002,94.72,-48.386,110.857,0.10960466732098471
170.0,127.972564,37.848849,1815.6298968,94.432,-48.41,111.251,0.10960466732098471
170.0166,127.97261,37.84884,1810.9243944000002,94.143,-48.434,111.645,0.10960466732098471
170.0333,127.972655,37.848832,1806.21432,93.854,-48.456,112.04,0.10960466732098471
170.05,127.972701,37.848823,1801.4996736,93.565,-48.477,112.435,0.10960466732098471
170.0666,127.972746,37.848814,1796.7810648000002,93.276,-48.496,112.83,0.10960466732098471
170.0833,127.972791,37.848805,1792.057884,92.985,-48.515,113.226,0.10960466732098471
170.1,127.972836,37.848795,1787.3307408,92.695,-48.532,113.622,0.10960466732098471
170.1166,127.97288,37.848786,1782.5996352000002,92.404,-48.548,114.019,0.10960466732098471
170.1333,127.972925,37.848776,1777.8645672000002,92.113,-48.562,114.415,0.10960466732098471
170.15,127.97297,37.848766,1773.1255368000002,91.822,-48.575,114.813,0.10960466732098471
170.1666,127.973014,37.848755,1768.3828488000001,91.53,-48.587,115.21,0.10960466732098471
170.1833,127.973058,37.848744,1763.6365032,91.238,-48.597,115.607,0.10960466732098471
170.2,127.973103,37.848734,1758.8868048000002,90.945,-48.607,116.005,0.10960466732098471
170.2166,127.973147,37.848722,1754.1334488,90.653,-48.615,116.403,0.10960466732098471
170.2333,127.973191,37.848711,1749.3767400000002,90.36,-48.621,116.802,0.10960466732098471
170.25,127.973234,37.848699,1744.6166784000002,90.067,-48.627,117.2,0.10960466732098471
170.2666,127.973278,37.848688,1739.8535688,89.773,-48.631,117.598,0.10960466732098471
170.2833,127.973321,37.848676,1735.0874112000001,89.48,-48.633,117.997,0.10960466732098471
170.3,127.973365,37.848663,1730.3182056,89.186,-48.635,118.396,0.10960466732098471
170.3166,127.973408,37.848651,1725.5462568,88.892,-48.635,118.795,0.10960466732098471
170.3333,127.973451,37.848638,1720.7715648,88.598,-48.634,119.194,0.10960466732098471
170.35,127.973494,37.848625,1715.9941296000002,88.303,-48.631,119.593,0.10960466732098471
170.3666,127.973537,37.848612,1711.2142560000002,88.009,-48.627,119.992,0.10960466732098471
170.3833,127.97358,37.848598,1706.431944,87.715,-48.622,120.391,0.10960466732098471
170.4,127.973622,37.848584,1701.6471936000003,87.42,-48.615,120.79,0.10960466732098471
170.4166,127.973665,37.84857,1696.8600048,87.125,-48.608,121.189,0.10960466732098471
170.4333,127.973707,37.848556,1692.0706824,86.831,-48.598,121.587,0.10960466732098471
170.45,127.973749,37.848542,1687.2795312000003,86.536,-48.588,121.986,0.10960466732098471
170.4666,127.973791,37.848527,1682.4862464,86.241,-48.576,122.385,0.10960466732098471
170.4833,127.973833,37.848512,1677.6911328,85.946,-48.563,122.783,0.10960466732098471
170.5,127.973874,37.848497,1672.8944952,85.651,-48.548,123.182,0.10960466732098471
170.5166,127.973916,37.848482,1668.0960288,85.357,-48.532,123.58,0.10960466732098471
170.5333,127.973957,37.848466,1663.2960384,85.062,-48.515,123.978,0.10960466732098471
170.55,127.973999,37.84845,1658.4945240000002,84.768,-48.496,124.376,0.10960466732098471
170.5666,127.97404,37.848434,1653.6914856,84.473,-48.476,124.774,0.10960466732098471
170.5833,127.974081,37.848418,1648.8875328000001,84.179,-48.455,125.171,0.10960466732098471
170.6,127.974121,37.848401,1644.0823607999998,83.884,-48.433,125.568,0.10960466732098471
170.6166,127.974162,37.848385,1639.2759696,83.59,-48.409,125.965,0.10960466732098471
170.6333,127.974202,37.848368,1634.4689687999999,83.297,-48.384,126.362,0.10960466732098471
170.65,127.974243,37.848351,1629.6607488,83.003,-48.357,126.758,0.10960466732098471
170.6666,127.974283,37.848333,1624.8522240000002,82.709,-48.329,127.153,0.10960466732098471
170.6833,127.974323,37.848315,1620.0427848,82.416,-48.3,127.549,0.10960466732098471
170.7,127.974363,37.848298,1615.232736,82.123,-48.269,127.944,0.10960466732098471
170.7166,127.974402,37.848279,1610.4223823999998,81.83,-48.237,128.339,0.10960466732098471
170.7333,127.974442,37.848261,1605.611724,81.538,-48.204,128.733,0.10960466732098471
170.75,127.974481,37.848242,1600.8010656,81.246,-48.169,129.127,0.10960466732098471
170.7666,127.97452,37.848224,1595.9901024,80.954,-48.133,129.52,0.10960466732098471
170.7833,127.974559,37.848205,1591.1788344000001,80.662,-48.096,129.913,0.10960466732098471
170.8,127.974598,37.848185,1586.368176,80.371,-48.057,130.305,0.10960466732098471
170.8166,127.974637,37.848166,1581.5575176000002,80.081,-48.017,130.697,0.10960466732098471
170.8333,127.974676,37.848146,1576.747164,79.79,-47.976,131.088,0.10960466732098471
170.85,127.974714,37.848126,1571.9371152,79.5,-47.933,131.478,0.10960466732098471
170.8666,127.974752,37.848106,1567.127676,79.211,-47.889,131.868,0.10960466732098471
170.8833,127.97479,37.848086,1562.3188464,78.922,-47.844,132.258,0.10960466732098471
170.9,127.974828,37.848065,1557.5106264,78.633,-47.798,132.646,0.10960466732098471
170.9166,127.974866,37.848044,1552.7033208000003,78.345,-47.75,133.035,0.10960466732098471
170.9333,127.974903,37.848023,1547.8969296,78.057,-47.701,133.422,0.10960466732098471
170.95,127.974941,37.848002,1543.0917576,77.77,-47.65,133.809,0.10960466732098471
170.9666,127.974978,37.84798,1538.2875000000001,77.484,-47.598,134.195,0.10960466732098471
170.9833,127.975015,37.847959,1533.4847664000001,77.198,-47.545,134.58,0.10960466732098471
171.0,127.975052,37.847937,1528.683252,76.912,-47.491,134.965,0.10960466732098471
171.0166,127.975088,37.847914,1523.8829568,76.628,-47.435,135.349,0.10960466732098471
171.0333,127.975125,37.847892,1519.0844904,76.343,-47.378,135.732,0.10960466732098471
171.05,127.975161,37.847869,1514.2875480000002,76.06,-47.32,136.114,0.10960466732098471
171.0666,127.975197,37.847846,1509.4924344,75.777,-47.26,136.496,0.10960466732098471
171.0833,127.975233,37.847823,1504.6994544000001,75.495,-47.199,136.876,0.10960466732098471
171.1,127.975269,37.8478,1499.9083032,75.213,-47.137,137.256,0.10960466732098471
171.1166,127.975304,37.847777,1495.1189808000001,74.932,-47.074,137.635,0.10960466732098471
171.1333,127.97534,37.847753,1490.3320968,74.652,-47.009,138.014,0.10960466732098471
171.15,127.975375,37.847729,1485.5476512,74.372,-46.943,138.391,0.10960466732098471
171.1666,127.97541,37.847705,1480.7653392000002,74.094,-46.876,138.767,0.10960466732098471
171.1833,127.975445,37.84768,1475.9857704,73.816,-46.807,139.143,0.10960466732098471
171.2,127.97548,37.847656,1471.2089448000002,73.538,-46.737,139.517,0.10960466732098471
171.2166,127.975514,37.847631,1466.4345576,73.262,-46.667,139.891,0.10960466732098471
171.2333,127.975548,37.847606,1461.663828,72.96,-46.591,140.262,0.10960466732098471
171.25,127.975582,37.847581,1456.8958416,72.635,-46.51,140.631,0.10960466732098471
171.2666,127.975616,37.847555,1452.1315128,72.289,-46.429,140.999,0.10960466732098471
171.2833,127.97565,37.847529,1447.3702320000002,71.926,-46.349,141.368,0.10960466732098471
171.3,127.975683,37.847503,1442.6126088,71.553,-46.272,141.737,0.10960466732098471
171.3166,127.975717,37.847477,1437.8583384,71.183,-46.193,142.106,0.10960466732098471
171.3333,127.97575,37.847451,1433.1083352,70.778,-46.106,142.471,0.10960466732098471
171.35,127.975783,37.847424,1428.3625992000002,70.341,-46.009,142.831,0.10960466732098471
171.3666,127.975815,37.847398,1423.6211304,69.874,-45.91,143.189,0.10960466732098471
171.3833,127.975848,37.847371,1418.8845384,69.375,-45.815,143.547,0.10960466732098471
171.4,127.97588,37.847343,1414.1522136,68.857,-45.724,143.907,0.10960466732098471
171.4166,127.975912,37.847316,1409.424156,68.339,-45.633,144.268,0.10960466732098471
171.4333,127.975944,37.847288,1404.7018896,67.792,-45.532,144.623,0.10960466732098471
171.45,127.975976,37.84726,1399.9848048000001,67.221,-45.419,144.971,0.10960466732098471
171.4666,127.976008,37.847232,1395.2732064,66.625,-45.302,145.316,0.10960466732098471
171.4833,127.976039,37.847204,1390.567704,65.998,-45.188,145.66,0.10960466732098471
171.5,127.97607,37.847175,1385.8679928,65.346,-45.079,146.007,0.10960466732098471
171.5166,127.976101,37.847146,1381.1740728,64.692,-44.97,146.353,0.10960466732098471
171.5333,127.976132,37.847117,1376.4871632,64.022,-44.852,146.694,0.10960466732098471
171.55,127.976162,37.847088,1371.8066544,63.345,-44.723,147.027,0.10960466732098471
171.5666,127.976193,37.847059,1367.133156,62.656,-44.589,147.354,0.10960466732098471
171.5833,127.976223,37.847029,1362.4669728000001,61.947,-44.455,147.681,0.10960466732098471
171.6,127.976253,37.846999,1357.8084096000002,61.217,-44.324,148.008,0.10960466732098471
171.6166,127.976283,37.846969,1353.1574664000002,60.482,-44.193,148.335,0.10960466732098471
171.6333,127.976312,37.846939,1348.5141432,59.746,-44.056,148.657,0.10960466732098471
171.65,127.976342,37.846908,1343.8790496,59.015,-43.911,148.971,0.10960466732098471
171.6666,127.976371,37.846878,1339.2521856,58.288,-43.761,149.28,0.10960466732098471
171.6833,127.9764,37.846847,1334.6341608,57.553,-43.609,149.586,0.10960466732098471
171.7,127.976429,37.846816,1330.0255848,56.809,-43.457,149.89,0.10960466732098471
171.7166,127.976458,37.846784,1325.425848,56.06,-43.303,150.193,0.10960466732098471
171.7333,127.976486,37.846753,1320.8352552,55.317,-43.147,150.491,0.10960466732098471
171.75,127.976514,37.846721,1316.2541112000001,54.586,-42.986,150.784,0.10960466732098471
171.7666,127.976543,37.846689,1311.6833304,53.866,-42.821,151.072,0.10960466732098471
171.7833,127.976571,37.846656,1307.1226080000001,53.15,-42.652,151.356,0.10960466732098471
171.8,127.976598,37.846624,1302.5722488000001,52.433,-42.481,151.635,0.10960466732098471
171.8166,127.976626,37.846591,1298.0328624,51.714,-42.308,151.911,0.10960466732098471
171.8333,127.976654,37.846558,1293.5038392000001,51.005,-42.133,152.185,0.10960466732098471
171.85,127.976681,37.846525,1288.9860936000002,50.307,-41.957,152.455,0.10960466732098471
171.8666,127.976708,37.846492,1284.4796256,49.621,-41.777,152.721,0.10960466732098471
171.8833,127.976735,37.846458,1279.98474,48.946,-41.593,152.981,0.10960466732098471
171.9,127.976762,37.846425,1275.5017416,48.276,-41.406,153.236,0.10960466732098471
171.9166,127.976789,37.846391,1271.03124,47.607,-41.216,153.487,0.10960466732098471
171.9333,127.976815,37.846357,1266.5723208000002,46.947,-41.026,153.736,0.10960466732098471
171.95,127.976842,37.846322,1262.1262032,46.297,-40.835,153.982,0.10960466732098471
171.9666,127.976868,37.846288,1257.6928872,45.659,-40.642,154.225,0.10960466732098471
171.9833,127.976894,37.846253,1253.2723728,45.033,-40.445,154.462,0.10960466732098471
172.0,127.97692,37.846218,1248.8652696000001,44.414,-40.245,154.694,0.10960466732098471
172.0166,127.976946,37.846183,1244.4715776,43.798,-40.042,154.921,0.10960466732098471
172.0333,127.976971,37.846147,1240.0909920000001,43.192,-39.839,155.147,0.10960466732098471
172.05,127.976997,37.846112,1235.7247320000001,42.595,-39.635,155.37,0.10960466732098471
172.0666,127.977022,37.846076,1231.372188,42.007,-39.43,155.591,0.10960466732098471
172.0833,127.977047,37.84604,1227.0339696,41.431,-39.222,155.806,0.10960466732098471
172.1,127.977072,37.846004,1222.7103816000001,40.864,-39.011,156.016,0.10960466732098471
172.1166,127.977097,37.845967,1218.4017288,40.3,-38.797,156.221,0.10960466732098471
172.1333,127.977122,37.845931,1214.1070968000001,39.746,-38.583,156.425,0.10960466732098471
172.15,127.977147,37.845894,1209.8280096,39.2,-38.369,156.627,0.10960466732098471
172.1666,127.977172,37.845857,1205.5641624,38.663,-38.154,156.827,0.10960466732098471
172.1833,127.977196,37.84582,1201.3155552,38.136,-37.937,157.022,0.10960466732098471
172.2,127.97722,37.845782,1197.0827976,37.619,-37.716,157.211,0.10960466732098471
172.2166,127.977244,37.845745,1192.8658896,37.104,-37.494,157.396,0.10960466732098471
172.2333,127.977268,37.845707,1188.6648312,36.6,-37.271,157.579,0.10960466732098471
172.25,127.977292,37.845669,1184.4799272,36.102,-37.049,157.762,0.10960466732098471
172.2666,127.977316,37.845631,1180.3114824000002,35.613,-36.826,157.942,0.10960466732098471
172.2833,127.97734,37.845592,1176.1594968000002,35.133,-36.6,158.118,0.10960466732098471
172.3,127.977363,37.845554,1172.0242752000001,34.662,-36.372,158.289,0.10960466732098471
172.3166,127.977387,37.845515,1167.9064272,34.195,-36.143,158.456,0.10960466732098471
172.3333,127.97741,37.845476,1163.8050384,33.737,-35.913,158.621,0.10960466732098471
172.35,127.977434,37.845437,1159.7210232,33.285,-35.684,158.786,0.10960466732098471
172.3666,127.977457,37.845398,1155.6546864000002,32.84,-35.454,158.948,0.10960466732098471
172.3833,127.97748,37.845358,1151.6057232,32.405,-35.222,159.107,0.10960466732098471
172.4,127.977503,37.845318,1147.5747432,31.979,-34.988,159.261,0.10960466732098471
172.4166,127.977525,37.845278,1143.5617464,31.555,-34.753,159.411,0.10960466732098471
172.4333,127.977548,37.845238,1139.566428,31.139,-34.518,159.56,0.10960466732098471
172.45,127.977571,37.845198,1135.5897024,30.73,-34.283,159.708,0.10960466732098471
172.4666,127.977593,37.845158,1131.6312648,30.328,-34.047,159.855,0.10960466732098471
172.4833,127.977615,37.845117,1127.69142,29.934,-33.81,159.998,0.10960466732098471
172.5,127.977638,37.845076,1123.770168,29.548,-33.572,160.137,0.10960466732098471
172.5166,127.97766,37.845035,1119.8684232,29.164,-33.332,160.272,0.10960466732098471
172.5333,127.977682,37.844994,1115.9849664,28.789,-33.092,160.406,0.10960466732098471
172.55,127.977704,37.844953,1112.1210168,28.419,-32.853,160.54,0.10960466732098471
172.5666,127.977726,37.844911,1108.2762696000002,28.055,-32.613,160.673,0.10960466732098471
172.5833,127.977747,37.844869,1104.4510296,27.699,-32.372,160.802,0.10960466732098471
172.6,127.977769,37.844828,1100.6456016,27.35,-32.13,160.927,0.10960466732098471
172.6166,127.977791,37.844786,1096.8599856,27.004,-31.886,161.049,0.10960466732098471
172.6333,127.977812,37.844743,1093.0938768,26.665,-31.643,161.17,0.10960466732098471
172.65,127.977834,37.844701,1089.3478848000002,26.33,-31.4,161.292,0.10960466732098471
172.6666,127.977855,37.844658,1085.6223144,26.002,-31.157,161.412,0.10960466732098471
172.6833,127.977876,37.844616,1081.9168608,25.68,-30.912,161.528,0.10960466732098471
172.7,127.977897,37.844573,1078.2321336,25.365,-30.667,161.642,0.10960466732098471
172.7166,127.977918,37.84453,1074.5681328,25.053,-30.421,161.752,0.10960466732098471
172.7333,127.977939,37.844486,1070.9242488,24.747,-30.174,161.862,0.10960466732098471
172.75,127.97796,37.844443,1067.301396,24.445,-29.929,161.972,0.10960466732098471
172.7666,127.977981,37.844399,1063.6995744,24.149,-29.683,162.081,0.10960466732098471
172.7833,127.978002,37.844356,1060.1190888,23.859,-29.436,162.187,0.10960466732098471
172.8,127.978022,37.844312,1056.5596344,23.575,-29.188,162.289,0.10960466732098471
172.8166,127.978043,37.844268,1053.0218208,23.293,-28.939,162.39,0.10960466732098471
172.8333,127.978063,37.844223,1049.5050384,23.017,-28.691,162.489,0.10960466732098471
172.85,127.978083,37.844179,1046.0098968000002,22.745,-28.443,162.589,0.10960466732098471
172.8666,127.978104,37.844134,1042.5367008,22.477,-28.194,162.688,0.10960466732098471
172.8833,127.978124,37.84409,1039.0851456,22.216,-27.945,162.785,0.10960466732098471
172.9,127.978144,37.844045,1035.6558408,21.96,-27.695,162.878,0.10960466732098471
172.9166,127.978164,37.844,1032.2484816,21.706,-27.445,162.969,0.10960466732098471
172.9333,127.978184,37.843955,1028.863068,21.457,-27.195,163.06,0.10960466732098471
172.95,127.978204,37.843909,1025.5002096,21.211,-26.945,163.152,0.10960466732098471
172.9666,127.978224,37.843864,1022.1596016,20.969,-26.695,163.242,0.10960466732098471
172.9833,127.978244,37.843818,1018.8415488,20.734,-26.444,163.33,0.10960466732098471
173.0,127.978263,37.843772,1015.546356,20.503,-26.193,163.415,0.10960466732098471
173.0166,127.978283,37.843727,1012.2737184000001,20.274,-25.941,163.499,0.10960466732098471
173.0333,127.978302,37.84368,1009.0236360000001,20.049,-25.689,163.582,0.10960466732098471
173.05,127.978322,37.843634,1005.7967184000001,19.827,-25.438,163.666,0.10960466732098471
173.0666,127.978341,37.843588,1002.5926608000001,19.609,-25.187,163.749,0.10960466732098471
173.0833,127.978361,37.843541,999.4120728,19.396,-24.935,163.829,0.10960466732098471
173.1,127.97838,37.843495,996.2546496000001,19.188,-24.682,163.908,0.10960466732098471
173.1166,127.978399,37.843448,993.1203912,18.982,-24.429,163.984,0.10960466732098471
173.1333,127.978418,37.843401,990.0096024000001,18.779,-24.176,164.061,0.10960466732098471
173.15,127.978437,37.843354,986.9222832000002,18.579,-23.924,164.138,0.10960466732098471
173.1666,127.978456,37.843307,983.8587384,18.382,-23.671,164.214,0.10960466732098471
173.1833,127.978475,37.843259,980.8186632000001,18.19,-23.418,164.288,0.10960466732098471
173.2,127.978494,37.843212,977.8026672000001,18.002,-23.164,164.361,0.10960466732098471
173.2166,127.978513,37.843164,974.8107504,17.816,-22.911,164.431,0.10960466732098471
173.2333,127.978532,37.843117,971.8423032,17.633,-22.657,164.502,0.10960466732098471
173.25,127.97855,37.843069,968.8982400000001,17.453,-22.404,164.573,0.10960466732098471
173.2666,127.978569,37.843021,965.978256,17.275,-22.15,164.643,0.10960466732098471
173.2833,127.978587,37.842973,963.0823512000001,17.101,-21.896,164.712,0.10960466732098471
173.3,127.978606,37.842924,960.2111352000001,16.932,-21.642,164.779,0.10960466732098471
173.3166,127.978624,37.842876,957.3643032,16.764,-21.387,164.844,0.10960466732098471
173.3333,127.978643,37.842827,954.5415504,16.599,-21.133,164.91,0.10960466732098471
173.35,127.978661,37.842779,951.7437912,16.435,-20.879,164.976,0.10960466732098471
173.3666,127.978679,37.84273,948.9704160000001,16.275,-20.625,165.041,0.10960466732098471
173.3833,127.978697,37.842681,946.2220344,16.118,-20.37,165.105,0.10960466732098471
173.4,127.978716,37.842632,943.4983416000001,15.965,-20.115,165.168,0.10960466732098471
173.4166,127.978734,37.842583,940.7996424,15.814,-19.86,165.229,0.10960466732098471
173.4333,127.978752,37.842534,938.1259368,15.664,-19.605,165.29,0.10960466732098471
173.45,127.97877,37.842485,935.4769200000001,15.517,-19.35,165.351,0.10960466732098471
173.4666,127.978787,37.842435,932.8535064000001,15.371,-19.096,165.413,0.10960466732098471
173.4833,127.978805,37.842385,930.2547816,15.23,-18.841,165.473,0.10960466732098471
173.5,127.978823,37.842336,927.68166,15.092,-18.585,165.531,0.10960466732098471
173.5166,127.978841,37.842286,925.1338368,14.955,-18.33,165.588,0.10960466732098471
173.5333,127.978858,37.842236,922.6113120000001,14.82,-18.074,165.645,0.10960466732098471
173.55,127.978876,37.842186,920.1143904,14.687,-17.819,165.703,0.10960466732098471
173.5666,127.978894,37.842136,917.6427672000001,14.555,-17.564,165.761,0.10960466732098471
173.5833,127.978911,37.842086,915.197052,14.427,-17.308,165.817,0.10960466732098471
173.6,127.978929,37.842035,912.7766352,14.303,-17.053,165.872,0.10960466732098471
173.6166,127.978946,37.841985,910.3821264000001,14.179,-16.797,165.925,0.10960466732098471
173.6333,127.978963,37.841934,908.0135256000001,14.058,-16.541,165.979,0.10960466732098471
173.65,127.978981,37.841884,905.6705280000001,13.937,-16.285,166.034,0.10960466732098471
173.6666,127.978998,37.841833,903.3534384,13.818,-16.03,166.088,0.10960466732098471
173.6833,127.979015,37.841782,901.0625616000001,13.702,-15.774,166.141,0.10960466732098471
173.7,127.979032,37.841731,898.7975928000001,13.59,-15.518,166.193,0.10960466732098471
173.7166,127.979049,37.84168,896.5588368,13.479,-15.262,166.244,0.10960466732098471
173.7333,127.979066,37.841629,894.3459888000001,13.369,-15.006,166.295,0.10960466732098471
173.75,127.979083,37.841578,892.1593536000001,13.26,-14.75,166.346,0.10960466732098471
173.7666,127.9791,37.841526,889.9989312,13.152,-14.494,166.398,0.10960466732098471
173.7833,127.979117,37.841475,887.8650264000001,13.048,-14.238,166.448,0.10960466732098471
173.8,127.979134,37.841423,885.7573344,12.946,-13.982,166.497,0.10960466732098471
173.8166,127.979151,37.841372,883.6758552000001,12.846,-13.725,166.545,0.10960466732098471
173.8333,127.979167,37.84132,881.6236368,12.479,-13.464,166.569,0.10960466732098471
173.85,127.979184,37.841268,879.6006792000001,11.868,-13.197,166.569,0.10960466732098471
173.8666,127.979201,37.841216,877.6082016,10.991,-12.93,166.568,0.10960466732098471
173.8833,127.979217,37.841164,875.647728,9.839,-12.665,166.584,0.10960466732098471
173.9,127.979234,37.841112,873.7192584000001,8.442,-12.403,166.612,0.10960466732098471
173.9166,127.97925,37.84106,871.8243168,6.893,-12.141,166.637,0.10960466732098471
173.9333,127.979267,37.841008,869.9580264000001,5.429,-11.877,166.658,0.10960466732098471
173.95,127.979283,37.840956,868.1216064000001,4.095,-11.611,166.676,0.10960466732098471
173.9666,127.979299,37.840903,866.3135328,2.869,-11.341,166.682,0.10960466732098471
173.9833,127.979316,37.840851,864.5328912,1.711,-11.068,166.667,0.10960466732098471
174.0,127.979332,37.840799,862.7833392,0.572,-10.793,166.636,0.10960466732098471
174.0166,127.979349,37.840746,861.0639624,-0.586,-10.517,166.598,0.10960466732098471
174.0333,127.979365,37.840693,859.3707984,-1.519,-10.241,166.584,0.10960466732098471
174.05,127.979382,37.840641,857.7044568,-2.236,-9.966,166.593,0.10960466732098471
174.0666,127.979398,37.840588,856.0640232000001,-2.769,-9.692,166.594,0.10960466732098471
174.0833,127.979415,37.840535,854.448888,-3.158,-9.42,166.556,0.10960466732098471
174.1,127.979431,37.840482,852.8636232,-3.48,-9.15,166.485,0.10960466732098471
174.1166,127.979448,37.84043,851.3067048000001,-3.835,-8.879,166.406,0.10960466732098471
174.1333,127.979464,37.840377,849.7741704,-4.18,-8.607,166.355,0.10960466732098471
174.15,127.979481,37.840324,848.2669344,-4.513,-8.336,166.337,0.10960466732098471
174.1666,127.979498,37.840271,846.7849968,-4.792,-8.068,166.325,0.10960466732098471
174.1833,127.979515,37.840218,845.3301864,-4.977,-7.803,166.291,0.10960466732098471
174.2,127.979531,37.840164,843.9021984000001,-5.083,-7.539,166.228,0.10960466732098471
174.2166,127.979548,37.840111,842.5025568000001,-5.174,-7.277,166.153,0.10960466732098471
174.2333,127.979565,37.840058,841.1285184000001,-5.289,-7.015,166.091,0.10960466732098471
174.25,127.979582,37.840005,839.7825216,-5.445,-6.753,166.051,0.10960466732098471
174.2666,127.979599,37.839952,838.4630424,-5.612,-6.492,166.022,0.10960466732098471
174.2833,127.979616,37.839898,837.1700808,-5.748,-6.232,165.986,0.10960466732098471
174.3,127.979633,37.839845,835.9042464,-5.835,-5.974,165.936,0.10960466732098471
174.3166,127.97965,37.839792,834.6661488,-5.896,-5.716,165.874,0.10960466732098471
174.3333,127.979667,37.839738,833.4551784,-5.962,-5.459,165.814,0.10960466732098471
174.35,127.979684,37.839685,832.2722496000001,-6.054,-5.201,165.764,0.10960466732098471
174.3666,127.979701,37.839631,831.1164480000001,-6.165,-4.944,165.722,0.10960466732098471
174.3833,127.979718,37.839578,829.9877736,-6.274,-4.687,165.68,0.10960466732098471
174.4,127.979735,37.839524,828.8865312,-6.364,-4.432,165.633,0.10960466732098471
174.4166,127.979753,37.839471,827.8124160000001,-6.435,-4.176,165.579,0.10960466732098471
174.4333,127.97977,37.839417,826.7660376000001,-6.498,-3.921,165.524,0.10960466732098471
174.45,127.979787,37.839364,825.7470912,-6.569,-3.665,165.472,0.10960466732098471
174.4666,127.979805,37.83931,824.7558816,-6.649,-3.41,165.424,0.10960466732098471
174.4833,127.979822,37.839256,823.7917992,-6.732,-3.155,165.378,0.10960466732098471
174.5,127.97984,37.839203,822.8554536,-6.809,-2.901,165.329,0.10960466732098471
174.5166,127.979857,37.839149,821.9465400000001,-6.877,-2.647,165.278,0.10960466732098471
174.5333,127.979875,37.839095,821.0647536000001,-6.937,-2.393,165.226,0.10960466732098471
174.55,127.979893,37.839042,820.2107040000001,-6.995,-2.139,165.176,0.10960466732098471
174.5666,127.97991,37.838988,819.3840864,-7.054,-1.884,165.126,0.10960466732098471
174.5833,127.979928,37.838934,818.5852056,-7.114,-1.631,165.077,0.10960466732098471
174.6,127.979946,37.83888,817.8137568000001,-7.171,-1.377,165.028,0.10960466732098471
174.6166,127.979964,37.838827,817.0700448,-7.225,-1.124,164.977,0.10960466732098471
174.6333,127.979981,37.838773,816.3531552000001,-7.274,-0.871,164.926,0.10960466732098471
174.65,127.979999,37.838719,815.6643071999999,-7.321,-0.618,164.876,0.10960466732098471
174.6666,127.980017,37.838665,815.0025864,-7.366,-0.365,164.827,0.10960466732098471
174.6833,127.980035,37.838612,814.3689072,-7.409,-0.112,164.778,0.10960466732098471
174.7,127.980053,37.838558,813.7623552000001,-7.45,0.14,164.728,0.10960466732098471
174.7166,127.980071,37.838504,813.1835400000001,-7.49,0.393,164.677,0.10960466732098471
174.7333,127.980089,37.83845,812.6321568000001,-7.529,0.645,164.627,0.10960466732098471
174.75,127.980108,37.838396,812.1085104000001,-7.569,0.897,164.577,0.10960466732098471
174.7666,127.980126,37.838343,811.6119911999999,-7.608,1.15,164.528,0.10960466732098471
174.7833,127.980144,37.838289,811.1435136,-7.646,1.403,164.478,0.10960466732098471
174.8,127.980162,37.838235,810.7021632000001,-7.682,1.655,164.428,0.10960466732098471
174.8166,127.980181,37.838181,810.2885496000001,-7.717,1.907,164.378,0.10960466732098471
174.8333,127.980199,37.838128,809.902368,-7.752,2.159,164.328,0.10960466732098471
174.85,127.980218,37.838074,809.5436184000001,-7.788,2.411,164.278,0.10960466732098471
174.8666,127.980236,37.83802,809.2123008000001,-7.823,2.663,164.229,0.10960466732098471
174.8833,127.980255,37.837966,808.90872,-7.859,2.916,164.179,0.10960466732098471
174.9,127.980273,37.837913,808.6322664,-7.893,3.168,164.129,0.10960466732098471
174.9166,127.980292,37.837859,808.3835496,-7.926,3.42,164.079,0.10960466732098471
174.9333,127.98031,37.837805,808.1622648,-7.958,3.671,164.029,0.10960466732098471
174.95,127.980329,37.837752,807.9681072,-7.991,3.923,163.979,0.10960466732098471
174.9666,127.980348,37.837698,807.8016864,-8.022,4.175,163.93,0.10960466732098471
174.9833,127.980367,37.837644,807.6623928000001,-8.053,4.427,163.88,0.10960466732098471
175.0,127.980385,37.837591,807.5505312,-8.082,4.679,163.83,0.10960466732098471
175.0166,127.980404,37.837537,807.4661016,-8.112,4.93,163.78,0.10960466732098471
175.0333,127.980423,37.837483,807.4091040000001,-8.14,5.182,163.73,0.10960466732098471
175.05,127.980442,37.83743,807.3792336,-8.167,5.434,163.681,0.10960466732098471
175.0666,127.980461,37.837376,807.3764904000001,-8.194,5.685,163.632,0.10960466732098471
175.0833,127.98048,37.837323,807.4011792000001,-8.219,5.937,163.582,0.10960466732098471
175.1,127.980499,37.837269,807.4533,-8.243,6.188,163.532,0.10960466732098471
175.1166,127.980518,37.837216,807.5325480000001,-8.266,6.44,163.482,0.10960466732098471
175.1333,127.980538,37.837162,807.6389232,-8.29,6.691,163.432,0.10960466732098471
175.15,127.980557,37.837109,807.7724256,-8.313,6.942,163.383,0.10960466732098471
175.1666,127.980576,37.837056,807.9330552,-8.336,7.194,163.334,0.10960466732098471
175.1833,127.980595,37.837002,808.1211168,-8.358,7.445,163.285,0.10960466732098471
175.2,127.980615,37.836949,808.3360008000001,-8.379,7.696,163.235,0.10960466732098471
175.2166,127.980634,37.836896,808.5780120000001,-8.399,7.947,163.185,0.10960466732098471
175.2333,127.980653,37.836842,808.8474552,-8.42,8.198,163.135,0.10960466732098471
175.25,127.980673,37.836789,809.1437208,-8.442,8.449,163.085,0.10960466732098471
175.2666,127.980692,37.836736,809.4668088000001,-8.464,8.699,163.036,0.10960466732098471
175.2833,127.980712,37.836683,809.8170240000001,-8.487,8.95,162.986,0.10960466732098471
175.3,127.980731,37.83663,810.1943664,-8.509,9.201,162.937,0.10960466732098471
175.3166,127.980751,37.836577,810.5985312,-8.53,9.452,162.887,0.10960466732098471
175.3333,127.98077,37.836524,811.0295184000001,-8.552,9.702,162.837,0.10960466732098471
175.35,127.98079,37.836471,811.4876328,-8.574,9.953,162.787,0.10960466732098471
175.3666,127.98081,37.836418,811.9722648000001,-8.596,10.203,162.737,0.10960466732098471
175.3833,127.98083,37.836365,812.4840240000001,-8.618,10.454,162.688,0.10960466732098471
175.4,127.980849,37.836312,813.0223008000002,-8.64,10.704,162.638,0.10960466732098471
175.4166,127.980869,37.836259,813.5874,-8.662,10.954,162.588,0.10960466732098471
175.4333,127.980889,37.836207,814.1790168,-8.684,11.204,162.538,0.10960466732098471
175.45,127.980909,37.836154,814.797456,-8.705,11.455,162.488,0.10960466732098471
175.4666,127.980929,37.836101,815.4427176,-8.726,11.705,162.438,0.10960466732098471
175.4833,127.980949,37.836049,816.114192,-8.747,11.955,162.388,0.10960466732098471
175.5,127.980969,37.835996,816.8124888000001,-8.768,12.205,162.338,0.10960466732098471
175.5166,127.980989,37.835944,817.5369984,-8.788,12.455,162.288,0.10960466732098471
175.5333,127.981009,37.835891,818.2883304,-8.808,12.705,162.237,0.10960466732098471
175.55,127.981029,37.835839,819.0658752,-8.829,12.954,162.187,0.10960466732098471
175.5666,127.981049,37.835787,819.8699376000001,-8.849,13.204,162.137,0.10960466732098471
175.5833,127.981069,37.835734,820.7002128,-8.868,13.454,162.087,0.10960466732098471
175.6,127.981089,37.835682,821.5567008,-8.887,13.704,162.037,0.10960466732098471
175.6166,127.981109,37.83563,822.4397064000001,-8.906,13.953,161.986,0.10960466732098471
175.6333,127.98113,37.835578,823.3489248,-8.925,14.202,161.936,0.10960466732098471
175.65,127.98115,37.835526,824.284356,-8.946,14.452,161.885,0.10960466732098471
175.6666,127.98117,37.835474,825.2456952,-8.966,14.701,161.835,0.10960466732098471
175.6833,127.98119,37.835422,826.2332472,-8.987,14.951,161.784,0.10960466732098471
175.7,127.981211,37.83537,827.247012,-9.007,15.2,161.733,0.10960466732098471
175.7166,127.981231,37.835319,828.2866848000001,-9.028,15.449,161.682,0.10960466732098471
175.7333,127.981251,37.835267,829.3522656000001,-9.049,15.698,161.631,0.10960466732098471
175.75,127.981272,37.835215,830.4437544,-9.07,15.947,161.58,0.10960466732098471
175.7666,127.981292,37.835164,831.561456,-9.093,16.196,161.529,0.10960466732098471
175.7833,127.981313,37.835112,832.7047608,-9.116,16.445,161.478,0.10960466732098471
175.8,127.981333,37.835061,833.8736688,-9.139,16.693,161.427,0.10960466732098471
175.8166,127.981354,37.83501,835.0684848000001,-9.162,16.942,161.375,0.10960466732098471
175.8333,127.981374,37.834958,836.288904,-9.185,17.191,161.324,0.10960466732098471
175.85,127.981395,37.834907,837.5349264000001,-9.21,17.44,161.273,0.10960466732098471
175.8666,127.981416,37.834856,838.806552,-9.235,17.688,161.222,0.10960466732098471
175.8833,127.981436,37.834805,840.1037808000001,-9.259,17.937,161.171,0.10960466732098471
175.9,127.981457,37.834754,841.4263080000001,-9.283,18.185,161.119,0.10960466732098471
175.9166,127.981478,37.834703,842.7744384,-9.307,18.433,161.067,0.10960466732098471
175.9333,127.981498,37.834653,844.1478672000001,-9.332,18.682,161.015,0.10960466732098471
175.95,127.981519,37.834602,845.5465944000001,-9.358,18.93,160.964,0.10960466732098471
175.9666,127.98154,37.834551,846.9703152,-9.384,19.178,160.912,0.10960466732098471
175.9833,127.981561,37.834501,848.4196392,-9.41,19.426,160.861,0.10960466732098471
176.0,127.981581,37.834451,849.8939568000001,-9.436,19.674,160.808,0.10960466732098471
176.0166,127.981602,37.8344,851.393268,-9.461,19.922,160.756,0.10960466732098471
176.0333,127.981623,37.83435,852.9175728,-9.487,20.169,160.704,0.10960466732098471
176.05,127.981644,37.8343,854.467176,-9.515,20.417,160.651,0.10960466732098471
176.0666,127.981665,37.83425,856.041468,-9.543,20.665,160.599,0.10960466732098471
176.0833,127.981686,37.8342,857.6404488000001,-9.572,20.912,160.546,0.10960466732098471
176.1,127.981707,37.83415,859.2644232,-9.6,21.16,160.493,0.10960466732098471
176.1166,127.981728,37.8341,860.9130864,-9.628,21.407,160.44,0.10960466732098471
176.1333,127.981749,37.83405,862.5867432,-9.658,21.654,160.387,0.10960466732098471
176.15,127.98177,37.834001,864.2847840000001,-9.689,21.901,160.333,0.10960466732098471
176.1666,127.981791,37.833951,866.0072088000001,-9.722,22.148,160.279,0.10960466732098471
176.1833,127.981812,37.833902,867.7543224000001,-9.755,22.395,160.225,0.10960466732098471
176.2,127.981833,37.833852,869.5258200000001,-9.789,22.642,160.171,0.10960466732098471
176.2166,127.981854,37.833803,871.3217016,-9.822,22.889,160.117,0.10960466732098471
176.2333,127.981875,37.833754,873.1419672000001,-9.857,23.136,160.062,0.10960466732098471
176.25,127.981896,37.833705,874.9866168,-9.893,23.382,160.007,0.10960466732098471
176.2666,127.981917,37.833656,876.8553456000001,-9.93,23.629,159.951,0.10960466732098471
176.2833,127.981938,37.833607,878.7481536000001,-9.968,23.875,159.896,0.10960466732098471
176.3,127.981959,37.833558,880.6647360000001,-10.006,24.121,159.84,0.10960466732098471
176.3166,127.981981,37.83351,882.6057024,-10.045,24.367,159.784,0.10960466732098471
176.3333,127.982002,37.833461,884.5704432,-10.085,24.613,159.728,0.10960466732098471
176.35,127.982023,37.833413,886.5592632,-10.126,24.859,159.671,0.10960466732098471
176.3666,127.982044,37.833365,888.5715528000001,-10.168,25.105,159.614,0.10960466732098471
176.3833,127.982065,37.833316,890.6076168,-10.211,25.351,159.557,0.10960466732098471
176.4,127.982086,37.833268,892.6674552000001,-10.255,25.596,159.499,0.10960466732098471
176.4166,127.982108,37.83322,894.7507632,-10.3,25.842,159.442,0.10960466732098471
176.4333,127.982129,37.833172,896.8578456000001,-10.346,26.087,159.384,0.10960466732098471
176.45,127.98215,37.833125,898.9880928000001,-10.393,26.332,159.325,0.10960466732098471
176.4666,127.982172,37.833077,901.1418096,-10.442,26.577,159.266,0.10960466732098471
176.4833,127.982193,37.833029,903.3189960000001,-10.492,26.822,159.206,0.10960466732098471
176.5,127.982214,37.832982,905.5190424,-10.543,27.067,159.147,0.10960466732098471
176.5166,127.982235,37.832935,907.7425584,-10.594,27.311,159.087,0.10960466732098471
176.5333,127.982257,37.832887,909.9889344,-10.648,27.556,159.027,0.10960466732098471
176.55,127.982278,37.83284,912.2584752000001,-10.703,27.8,158.965,0.10960466732098471
176.5666,127.982299,37.832793,914.5511808000001,-10.759,28.045,158.904,0.10960466732098471
176.5833,127.982321,37.832747,916.8664416,-10.818,28.289,158.842,0.10960466732098471
176.6,127.982342,37.8327,919.2045624,-10.877,28.533,158.78,0.10960466732098471
176.6166,127.982363,37.832653,921.5652384,-10.937,28.777,158.718,0.10960466732098471
176.6333,127.982385,37.832607,923.9487744,-10.998,29.02,158.655,0.10960466732098471
176.65,127.982406,37.83256,926.3548656000002,-11.061,29.264,158.591,0.10960466732098471
176.6666,127.982428,37.832514,928.7835120000001,-11.125,29.507,158.526,0.10960466732098471
176.6833,127.982449,37.832468,931.2344088000001,-11.191,29.75,158.462,0.10960466732098471
176.7,127.98247,37.832422,933.7078608,-11.258,29.994,158.397,0.10960466732098471
176.7166,127.982492,37.832376,936.2032584,-11.326,30.237,158.332,0.10960466732098471
176.7333,127.982513,37.83233,938.7212112,-11.396,30.479,158.266,0.10960466732098471
176.75,127.982535,37.832285,941.2608048000001,-11.469,30.722,158.199,0.10960466732098471
176.7666,127.982556,37.832239,943.8229536000001,-11.544,30.964,158.131,0.10960466732098471
176.7833,127.982578,37.832194,946.4067432,-11.621,31.207,158.063,0.10960466732098471
176.8,127.982599,37.832148,949.0124784000001,-11.7,31.449,157.995,0.10960466732098471
176.8166,127.98262,37.832103,951.6398544,-11.779,31.691,157.926,0.10960466732098471
176.8333,127.982642,37.832058,954.289176,-11.862,31.933,157.856,0.10960466732098471
176.85,127.982663,37.832014,956.9601384,-11.95,32.174,157.785,0.10960466732098471
176.8666,127.982685,37.831969,959.6524368,-12.041,32.415,157.713,0.10960466732098471
176.8833,127.982706,37.831924,962.3663760000001,-12.134,32.657,157.641,0.10960466732098471
176.9,127.982728,37.83188,965.1016512000001,-12.23,32.898,157.569,0.10960466732098471
176.9166,127.982749,37.831835,967.8582624000001,-12.327,33.139,157.497,0.10960466732098471
176.9333,127.982771,37.831791,970.6362096,-12.427,33.379,157.423,0.10960466732098471
176.95,127.982792,37.831747,973.435188,-12.532,33.62,157.347,0.10960466732098471
176.9666,127.982814,37.831703,976.2551976,-12.639,33.86,157.27,0.10960466732098471
176.9833,127.982835,37.831659,979.0962384,-12.749,34.1,157.193,0.10960466732098471
177.0,127.982857,37.831616,981.9580056,-12.862,34.34,157.116,0.10960466732098471
177.0166,127.982878,37.831572,984.8404992,-12.975,34.58,157.039,0.10960466732098471
177.0333,127.9829,37.831529,987.7437192,-13.091,34.819,156.96,0.10960466732098471
177.05,127.982921,37.831486,990.6676656000001,-13.209,35.058,156.88,0.10960466732098471
177.0666,127.982943,37.831443,993.6120336,-13.329,35.297,156.798,0.10960466732098471
177.0833,127.982964,37.8314,996.5768232,-13.451,35.536,156.716,0.10960466732098471
177.1,127.982986,37.831357,999.5620344,-13.574,35.774,156.633,0.10960466732098471
177.1166,127.983007,37.831314,1002.5670576000001,-13.699,36.013,156.55,0.10960466732098471
177.1333,127.983029,37.831272,1005.5928072,-13.828,36.251,156.465,0.10960466732098471
177.15,127.98305,37.831229,1008.6383688000001,-13.961,36.488,156.379,0.10960466732098471
177.1666,127.983072,37.831187,1011.7037424,-14.098,36.726,156.291,0.10960466732098471
177.1833,127.983094,37.831145,1014.7892328,-14.236,36.963,156.203,0.10960466732098471
177.2,127.983115,37.831103,1017.8942304,-14.378,37.2,156.115,0.10960466732098471
177.2166,127.983137,37.831061,1021.0190400000001,-14.52,37.436,156.025,0.10960466732098471
177.2333,127.983158,37.83102,1024.1639664,-14.673,37.673,155.933,0.10960466732098471
177.25,127.98318,37.830978,1027.3284,-14.837,37.908,155.839,0.10960466732098471
177.2666,127.983201,37.830937,1030.512036,-15.008,38.144,155.743,0.10960466732098471
177.2833,127.983223,37.830896,1033.7151792000002,-15.186,38.379,155.647,0.10960466732098471
177.3,127.983244,37.830855,1036.9375248,-15.368,38.614,155.55,0.10960466732098471
177.3166,127.983266,37.830814,1040.178768,-15.551,38.849,155.454,0.10960466732098471
177.3333,127.983288,37.830773,1043.4395184,-15.744,39.084,155.353,0.10960466732098471
177.35,127.983309,37.830733,1046.7194712,-15.948,39.318,155.25,0.10960466732098471
177.3666,127.983331,37.830692,1050.0180168,-16.159,39.551,155.144,0.10960466732098471
177.3833,127.983352,37.830652,1053.33546,-16.378,39.784,155.038,0.10960466732098471
177.4,127.983374,37.830612,1056.6711912,-16.601,40.017,154.932,0.10960466732098471
177.4166,127.983396,37.830572,1060.0255152,-16.827,40.25,154.826,0.10960466732098471
177.4333,127.983417,37.830532,1063.3987368,-17.057,40.483,154.716,0.10960466732098471
177.45,127.983439,37.830493,1066.7899416,-17.29,40.715,154.603,0.10960466732098471
177.4666,127.98346,37.830453,1070.1991296,-17.528,40.946,154.488,0.10960466732098471
177.4833,127.983482,37.830414,1073.6269104,-17.769,41.176,154.372,0.10960466732098471
177.5,127.983504,37.830375,1077.0723696000002,-18.014,41.407,154.254,0.10960466732098471
177.5166,127.983525,37.830336,1080.5355072,-18.262,41.637,154.136,0.10960466732098471
177.5333,127.983547,37.830297,1084.0169328,-18.517,41.866,154.014,0.10960466732098471
177.55,127.983569,37.830259,1087.515732,-18.778,42.095,153.89,0.10960466732098471
177.5666,127.98359,37.83022,1091.0322096,-19.045,42.323,153.763,0.10960466732098471
177.5833,127.983612,37.830182,1094.5660608,-19.316,42.55,153.635,0.10960466732098471
177.6,127.983634,37.830144,1098.1172856,-19.591,42.777,153.506,0.10960466732098471
177.6166,127.983655,37.830106,1101.6855792000001,-19.868,43.004,153.374,0.10960466732098471
177.6333,127.983677,37.830068,1105.271856,-20.165,43.23,153.239,0.10960466732098471
177.65,127.983699,37.83003,1108.8748968000002,-20.48,43.454,153.099,0.10960466732098471
177.6666,127.983721,37.829993,1112.4950064000002,-20.809,43.678,152.956,0.10960466732098471
177.6833,127.983742,37.829956,1116.1318800000001,-21.149,43.901,152.813,0.10960466732098471
177.7,127.983764,37.829919,1119.7855176,-21.495,44.125,152.669,0.10960466732098471
177.7166,127.983786,37.829882,1123.4553096,-21.844,44.348,152.523,0.10960466732098471
177.7333,127.983808,37.829845,1127.1424752,-22.207,44.57,152.372,0.10960466732098471
177.75,127.983829,37.829808,1130.8454904,-22.582,44.791,152.216,0.10960466732098471
177.7666,127.983851,37.829772,1134.5649648,-22.968,45.011,152.056,0.10960466732098471
177.7833,127.983873,37.829736,1138.3002888,-23.363,45.23,151.895,0.10960466732098471
177.8,127.983895,37.8297,1142.0514624,-23.764,45.448,151.732,0.10960466732098471
177.8166,127.983917,37.829664,1145.8184856,-24.17,45.666,151.568,0.10960466732098471
177.8333,127.983939,37.829628,1149.6013584,-24.586,45.883,151.399,0.10960466732098471
177.85,127.98396,37.829592,1153.399776,-25.012,46.099,151.224,0.10960466732098471
177.8666,127.983982,37.829557,1157.2134336000001,-25.445,46.313,151.046,0.10960466732098471
177.8833,127.984004,37.829522,1161.0426360000001,-25.885,46.526,150.865,0.10960466732098471
177.9,127.984026,37.829487,1164.8864688,-26.331,46.739,150.682,0.10960466732098471
177.9166,127.984048,37.829452,1168.7455416,-26.782,46.95,150.497,0.10960466732098471
177.9333,127.98407,37.829417,1172.6207688000002,-27.268,47.16,150.304,0.10960466732098471
177.95,127.984092,37.829383,1176.5106264,-27.786,47.367,150.104,0.10960466732098471
177.9666,127.984114,37.829349,1180.4151144000002,-28.329,47.573,149.9,0.10960466732098471
177.9833,127.984137,37.829315,1184.333928,-28.89,47.778,149.694,0.10960466732098471
178.0,127.984159,37.829281,1188.2670672000002,-29.463,47.984,149.488,0.10960466732098471
178.0166,127.984181,37.829247,1192.2142272,-30.041,48.188,149.278,0.10960466732098471
178.0333,127.984203,37.829214,1196.1766272,-30.653,48.39,149.059,0.10960466732098471
178.05,127.984225,37.82918,1200.1527432,-31.296,48.589,148.832,0.10960466732098471
178.0666,127.984248,37.829147,1204.1425752,-31.964,48.786,148.598,0.10960466732098471
178.0833,127.98427,37.829114,1208.1458184,-32.65,48.982,148.363,0.10960466732098471
178.1,127.984292,37.829081,1212.1624728000002,-33.35,49.177,148.125,0.10960466732098471
178.1166,127.984315,37.829049,1216.1919288,-34.057,49.371,147.884,0.10960466732098471
178.1333,127.984337,37.829016,1220.2357104,-34.792,49.563,147.635,0.10960466732098471
178.15,127.98436,37.828984,1224.291684,-35.553,49.751,147.377,0.10960466732098471
178.1666,127.984382,37.828952,1228.3604592000002,-36.333,49.936,147.113,0.10960466732098471
178.1833,127.984405,37.82892,1232.4417312,-37.129,50.119,146.845,0.10960466732098471
178.2,127.984427,37.828889,1236.5351952,-37.938,50.301,146.573,0.10960466732098471
178.2166,127.98445,37.828857,1240.6405464,-38.755,50.482,146.296,0.10960466732098471
178.2333,127.984473,37.828826,1244.759004,-39.638,50.657,146.009,0.10960466732098471
178.25,127.984496,37.828795,1248.8896536000002,-40.582,50.827,145.711,0.10960466732098471
178.2666,127.984518,37.828764,1253.031276,-41.573,50.994,145.406,0.10960466732098471
178.2833,127.984541,37.828734,1257.1844808,-42.596,51.16,145.098,0.10960466732098471
178.3,127.984564,37.828703,1261.3483536,-43.639,51.325,144.787,0.10960466732098471
178.3166,127.984587,37.828673,1265.5231992000001,-44.694,51.487,144.47,0.10960466732098471
178.3333,127.984611,37.828643,1269.7093224,-45.815,51.643,144.14,0.10960466732098471
178.35,127.984634,37.828613,1273.9064184000001,-46.997,51.792,143.798,0.10960466732098471
178.3666,127.984657,37.828584,1278.1129632,-48.226,51.936,143.446,0.10960466732098471
178.3833,127.984681,37.828554,1282.3295664000002,-49.49,52.078,143.09,0.10960466732098471
178.4,127.984704,37.828525,1286.5553136,-50.777,52.218,142.731,0.10960466732098471
178.4166,127.984728,37.828496,1290.7902048,-52.078,52.354,142.365,0.10960466732098471
178.4333,127.984751,37.828467,1295.0345448000003,-53.459,52.482,141.985,0.10960466732098471
178.45,127.984775,37.828439,1299.2883336,-54.912,52.6,141.592,0.10960466732098471
178.4666,127.984799,37.82841,1303.5497424000002,-56.42,52.711,141.19,0.10960466732098471
178.4833,127.984823,37.828382,1307.8187712,-57.97,52.818,140.782,0.10960466732098471
178.5,127.984847,37.828354,1312.0954199999999,-59.547,52.923,140.371,0.10960466732098471
178.5166,127.984871,37.828326,1316.3790792,-61.14,53.022,139.952,0.10960466732098471
178.5333,127.984896,37.828299,1320.6703584000002,-62.826,53.11,139.52,0.10960466732098471
178.55,127.98492,37.828271,1324.9680384,-64.596,53.185,139.076,0.10960466732098471
178.5666,127.984945,37.828244,1329.2715096000002,-66.432,53.25,138.622,0.10960466732098471
178.5833,127.98497,37.828217,1333.5801624,-68.315,53.31,138.164,0.10960466732098471
178.6,127.984994,37.82819,1337.8933872,-70.229,53.366,137.701,0.10960466732098471
178.6166,127.985019,37.828164,1342.2114888,-72.161,53.414,137.233,0.10960466732098471
178.6333,127.985045,37.828138,1346.5338576,-74.177,53.448,136.755,0.10960466732098471
178.65,127.98507,37.828111,1350.8601888,-76.269,53.466,136.267,0.10960466732098471
178.6666,127.985095,37.828085,1355.1889584000003,-78.42,53.472,135.773,0.10960466732098471
178.6833,127.985121,37.82806,1359.5198616,-80.614,53.469,135.275,0.10960466732098471
178.7,127.985147,37.828034,1363.8528984,-82.838,53.459,134.775,0.10960466732098471
178.7166,127.985173,37.828008,1368.1871544,-85.078,53.439,134.271,0.10960466732098471
178.7333,127.985199,37.827983,1372.5223248,-87.364,53.404,133.764,0.10960466732098471
178.75,127.985226,37.827958,1376.8578,-89.689,53.351,133.255,0.10960466732098471
178.7666,127.985252,37.827933,1381.1926656,-92.044,53.284,132.745,0.10960466732098471
178.7833,127.985279,37.827908,1385.5266168,-94.422,53.205,132.235,0.10960466732098471
178.8,127.985306,37.827884,1389.859044,-96.816,53.115,131.727,0.10960466732098471
178.8166,127.985333,37.827859,1394.1893376,-99.219,53.011,131.222,0.10960466732098471
178.8333,127.98536,37.827835,1398.5174976,-101.605,52.895,130.721,0.10960466732098471
178.85,127.985388,37.827811,1402.8423048000002,-103.969,52.765,130.225,0.10960466732098471
178.8666,127.985415,37.827787,1407.1637592000002,-106.315,52.62,129.737,0.10960466732098471
178.8833,127.985443,37.827763,1411.4812512,-108.649,52.459,129.259,0.10960466732098471
178.9,127.985472,37.827739,1415.7938664000003,-110.974,52.284,128.79,0.10960466732098471
178.9166,127.9855,37.827715,1420.1013,-113.295,52.097,128.333,0.10960466732098471
178.9333,127.985528,37.827692,1424.403552,-115.541,51.9,127.885,0.10960466732098471
178.95,127.985557,37.827668,1428.7003176000003,-117.714,51.695,127.447,0.10960466732098471
178.9666,127.985586,37.827645,1432.9909872,-119.828,51.478,127.022,0.10960466732098471
178.9833,127.985615,37.827622,1437.2749512,-121.895,51.246,126.615,0.10960466732098471
179.0,127.985644,37.827599,1441.5519048,-123.931,51.001,126.226,0.10960466732098471
179.0166,127.985674,37.827575,1445.8206288000001,-125.951,50.745,125.854,0.10960466732098471
179.0333,127.985704,37.827553,1450.0820376000001,-127.87,50.485,125.494,0.10960466732098471
179.05,127.985734,37.82753,1454.3361312000002,-129.698,50.222,125.144,0.10960466732098471
179.0666,127.985764,37.827507,1458.5826048000001,-131.45,49.951,124.809,0.10960466732098471
179.0833,127.985794,37.827484,1462.8196296,-133.142,49.671,124.495,0.10960466732098471
179.1,127.985825,37.827461,1467.0478152000003,-134.793,49.381,124.202,0.10960466732098471
179.1166,127.985855,37.827439,1471.2659424,-136.42,49.085,123.928,0.10960466732098471
179.1333,127.985886,37.827416,1475.4752304,-137.955,48.787,123.664,0.10960466732098471
179.15,127.985917,37.827394,1479.6750696000001,-139.408,48.49,123.409,0.10960466732098471
179.1666,127.985949,37.827371,1483.8657648,-140.795,48.19,123.168,0.10960466732098471
179.1833,127.98598,37.827349,1488.0451824,-142.127,47.885,122.946,0.10960466732098471
179.2,127.986012,37.827327,1492.213932,-143.42,47.575,122.741,0.10960466732098471
179.2166,127.986044,37.827304,1496.371404,-144.691,47.263,122.554,0.10960466732098471
179.2333,127.986076,37.827282,1500.5185128,-145.889,46.951,122.375,0.10960466732098471
179.25,127.986108,37.82726,1504.6549536000002,-147.026,46.641,122.203,0.10960466732098471
179.2666,127.986141,37.827238,1508.779812,-148.111,46.331,122.042,0.10960466732098471
179.2833,127.986173,37.827215,1512.8924784,-149.155,46.02,121.894,0.10960466732098471
179.3,127.986206,37.827193,1516.9929528000002,-150.168,45.707,121.761,0.10960466732098471
179.3166,127.986239,37.827171,1521.0803208000002,-151.163,45.393,121.641,0.10960466732098471
179.3333,127.986273,37.827149,1525.1564112,-152.082,45.082,121.525,0.10960466732098471
179.35,127.986306,37.827127,1529.2209192,-152.936,44.774,121.414,0.10960466732098471
179.3666,127.98634,37.827105,1533.2723208000002,-153.736,44.467,121.31,0.10960466732098471
179.3833,127.986374,37.827083,1537.3106160000002,-154.493,44.16,121.217,0.10960466732098471
179.4,127.986408,37.827061,1541.3351952,-155.221,43.853,121.135,0.10960466732098471
179.4166,127.986442,37.827039,1545.3460584000002,-155.932,43.547,121.063,0.10960466732098471
179.4333,127.986476,37.827017,1549.3447296000002,-156.586,43.244,120.993,0.10960466732098471
179.45,127.986511,37.826995,1553.3302944000002,-157.192,42.945,120.926,0.10960466732098471
179.4666,127.986546,37.826973,1557.3015335999999,-157.758,42.648,120.862,0.10960466732098471
179.4833,127.986581,37.826951,1561.2584471999999,-158.292,42.352,120.806,0.10960466732098471
179.5,127.986616,37.826929,1565.2007304,-158.802,42.057,120.757,0.10960466732098471
179.5166,127.986651,37.826908,1569.1283832000001,-159.299,41.764,120.714,0.10960466732098471
179.5333,127.986687,37.826886,1573.0426248,-159.767,41.473,120.674,0.10960466732098471
179.55,127.986722,37.826864,1576.9413216,-160.212,41.185,120.636,0.10960466732098471
179.5666,127.986758,37.826842,1580.8247784,-160.638,40.899,120.599,0.10960466732098471
179.5833,127.986794,37.82682,1584.6933000000001,-161.047,40.615,120.566,0.10960466732098471
179.6,127.986831,37.826798,1588.5459720000001,-161.444,40.332,120.537,0.10960466732098471
179.6166,127.986867,37.826776,1592.3827944000002,-161.832,40.049,120.512,0.10960466732098471
179.6333,127.986904,37.826754,1596.2043767999999,-162.205,39.768,120.488,0.10960466732098471
179.65,127.98694,37.826732,1600.0095000000001,-162.565,39.489,120.465,0.10960466732098471
179.6666,127.986977,37.826711,1603.7987736,-162.916,39.211,120.443,0.10960466732098471
179.6833,127.987015,37.826689,1607.5715880000002,-163.257,38.933,120.424,0.10960466732098471
179.7,127.987052,37.826667,1611.3279432000002,-163.591,38.657,120.407,0.10960466732098471
179.7166,127.987089,37.826645,1615.0675344,-163.919,38.381,120.391,0.10960466732098471
179.7333,127.987127,37.826623,1618.7906664000002,-164.238,38.106,120.377,0.10960466732098471
179.75,127.987165,37.826601,1622.4967296000002,-164.549,37.832,120.364,0.10960466732098471
179.7666,127.987203,37.826579,1626.1857240000002,-164.854,37.559,120.352,0.10960466732098471
179.7833,127.987241,37.826557,1629.8576496,-165.153,37.287,120.342,0.10960466732098471
179.8,127.98728,37.826535,1633.5125064,-165.447,37.015,120.333,0.10960466732098471
179.8166,127.987318,37.826513,1637.1496848,-165.736,36.744,120.325,0.10960466732098471
179.8333,127.987357,37.826491,1640.7694896,-166.019,36.473,120.317,0.10960466732098471
179.85,127.987396,37.826469,1644.3716160000001,-166.298,36.203,120.311,0.10960466732098471
179.8666,127.987435,37.826447,1647.9560640000002,-166.573,35.933,120.306,0.10960466732098471
179.8833,127.987474,37.826425,1651.5225288000001,-166.843,35.664,120.302,0.10960466732098471
179.9,127.987514,37.826403,1655.0713152000003,-167.109,35.396,120.298,0.10960466732098471
179.9166,127.987554,37.826381,1658.6015088,-167.372,35.127,120.296,0.10960466732098471
179.9333,127.987593,37.826359,1662.1137192,-167.631,34.86,120.294,0.10960466732098471
179.95,127.987633,37.826337,1665.6076416,-167.887,34.592,120.293,0.10960466732098471
179.9666,127.987673,37.826315,1669.083276,-168.141,34.325,120.293,0.10960466732098471
179.9833,127.987714,37.826293,1672.5403176000002,-168.391,34.058,120.294,0.10960466732098471
180.0,127.987754,37.826271,1675.9787664000003,-168.639,33.792,120.295,0.10960466732098471
180.0166,127.987795,37.826249,1679.3983176000002,-168.883,33.525,120.297,0.10960466732098471
180.0333,127.987835,37.826227,1682.7989712,-169.126,33.259,120.3,0.10960466732098471
180.05,127.987876,37.826205,1686.1810320000002,-169.367,32.993,120.303,0.10960466732098471
180.0666,127.987917,37.826182,1689.5438904,-169.606,32.728,120.307,0.10960466732098471
180.0833,127.987959,37.82616,1692.8875464,-169.843,32.462,120.312,0.10960466732098471
180.1,127.988,37.826138,1696.212,-170.078,32.197,120.317,0.10960466732098471
180.1166,127.988042,37.826116,1699.5172512000001,-170.31,31.932,120.323,0.10960466732098471
180.1333,127.988083,37.826093,1702.8029952,-170.542,31.667,120.33,0.10960466732098471
180.15,127.988125,37.826071,1706.069232,-170.773,31.403,120.337,0.10960466732098471
180.1666,127.988167,37.826049,1709.3159616,-171.004,31.138,120.346,0.10960466732098471
180.1833,127.988209,37.826026,1712.5428792,-171.233,30.874,120.354,0.10960466732098471
180.2,127.988252,37.826004,1715.7502896,-171.46,30.609,120.363,0.10960466732098471
180.2166,127.988294,37.825982,1718.9378880000002,-171.685,30.345,120.373,0.10960466732098471
180.2333,127.988337,37.825959,1722.1053696000001,-171.911,30.081,120.383,0.10960466732098471
180.25,127.988379,37.825937,1725.2527344000002,-172.138,29.817,120.395,0.10960466732098471
180.2666,127.988422,37.825914,1728.3799824,-172.364,29.553,120.407,0.10960466732098471
180.2833,127.988465,37.825892,1731.4871136000002,-172.589,29.289,120.419,0.10960466732098471
180.3,127.988509,37.825869,1734.574128,-172.814,29.025,120.432,0.10960466732098471
180.3166,127.988552,37.825847,1737.6410256,-173.037,28.761,120.445,0.10960466732098471
180.3333,127.988595,37.825824,1740.6868920000002,-173.261,28.498,120.46,0.10960466732098471
180.35,127.988639,37.825802,1743.7123368000002,-173.487,28.234,120.475,0.10960466732098471
180.3666,127.988683,37.825779,1746.71736,-173.713,27.97,120.491,0.10960466732098471
180.3833,127.988726,37.825756,1749.7019616000002,-173.939,27.707,120.507,0.10960466732098471
180.4,127.98877,37.825734,1752.6655320000002,-174.165,27.443,120.524,0.10960466732098471
180.4166,127.988815,37.825711,1755.6086808000002,-174.389,27.179,120.541,0.10960466732098471
180.4333,127.988859,37.825688,1758.5301888000001,-174.616,26.916,120.56,0.10960466732098471
180.45,127.988903,37.825665,1761.4312752,-174.844,26.652,120.579,0.10960466732098471
180.4666,127.988948,37.825643,1764.3110256,-175.074,26.389,120.599,0.10960466732098471
180.4833,127.988992,37.82562,1767.1700496,-175.304,26.125,120.62,0.10960466732098471
180.5,127.989037,37.825597,1770.0077376000002,-175.534,25.861,120.641,0.10960466732098471
180.5166,127.989082,37.825574,1772.8243944,-175.763,25.598,120.662,0.10960466732098471
180.5333,127.989127,37.825551,1775.6191056,-175.994,25.334,120.685,0.10960466732098471
180.55,127.989172,37.825528,1778.3927856000003,-176.228,25.071,120.709,0.10960466732098471
180.5666,127.989217,37.825505,1781.1451296,-176.464,24.807,120.733,0.10960466732098471
180.5833,127.989263,37.825482,1783.8758328000001,-176.7,24.544,120.758,0.10960466732098471
180.6,127.989308,37.825459,1786.5852,-176.936,24.28,120.784,0.10960466732098471
180.6166,127.989354,37.825436,1789.2729264000002,-177.172,24.017,120.81,0.10960466732098471
180.6333,127.9894,37.825413,1791.9384024,-177.411,23.753,120.838,0.10960466732098471
180.65,127.989445,37.825389,1794.5825424000002,-177.652,23.489,120.866,0.10960466732098471
180.6666,127.989491,37.825366,1797.2047368,-177.895,23.226,120.895,0.10960466732098471
180.6833,127.989537,37.825343,1799.8049856000002,-178.14,22.962,120.925,0.10960466732098471
180.7,127.989584,37.82532,1802.3835936000003,-178.384,22.699,120.956,0.10960466732098471
180.7166,127.98963,37.825296,1804.9399512,-178.628,22.435,120.987,0.10960466732098471
180.7333,127.989676,37.825273,1807.4743632,-178.876,22.172,121.02,0.10960466732098471
180.75,127.989723,37.82525,1809.9865248,-179.126,21.908,121.053,0.10960466732098471
180.7666,127.989769,37.825226,1812.476436,-179.378,21.645,121.088,0.10960466732098471
180.7833,127.989816,37.825203,1814.9444016000002,-179.631,21.382,121.123,0.10960466732098471
180.8,127.989863,37.825179,1817.3901168,-179.884,21.118,121.159,0.10960466732098471
180.8166,127.98991,37.825155,1819.8135816000001,179.862,20.855,121.195,0.10960466732098471
180.8333,127.989957,37.825132,1822.2141864,179.606,20.592,121.233,0.10960466732098471
180.85,127.990004,37.825108,1824.5925408,179.347,20.328,121.272,0.10960466732098471
180.8666,127.990051,37.825084,1826.9486448000002,179.086,20.065,121.312,0.10960466732098471
180.8833,127.990098,37.825061,1829.2818888000002,178.824,19.802,121.352,0.10960466732098471
180.9,127.990146,37.825037,1831.5928824,178.561,19.539,121.394,0.10960466732098471
180.9166,127.990193,37.825013,1833.8813208000001,178.299,19.276,121.436,0.10960466732098471
180.9333,127.990241,37.824989,1836.1468992000002,178.034,19.013,121.48,0.10960466732098471
180.95,127.990288,37.824965,1838.3896176000003,177.766,18.751,121.524,0.10960466732098471
180.9666,127.990336,37.824941,1840.6097808000002,177.496,18.488,121.57,0.10960466732098471
180.9833,127.990384,37.824917,1842.8073888000001,177.225,18.225,121.617,0.10960466732098471
181.0,127.990432,37.824893,1844.9821368000003,176.954,17.963,121.664,0.10960466732098471
181.0166,127.99048,37.824869,1847.13372,176.683,17.7,121.712,0.10960466732098471
181.0333,127.990528,37.824845,1849.2624432,176.409,17.438,121.762,0.10960466732098471
181.05,127.990576,37.824821,1851.3683064,176.133,17.176,121.813,0.10960466732098471
181.0666,127.990624,37.824797,1853.4513096000003,175.855,16.914,121.865,0.10960466732098471
181.0833,127.990672,37.824772,1855.511148,175.576,16.652,121.918,0.10960466732098471
181.1,127.990721,37.824748,1857.5481264000002,175.296,16.391,121.972,0.10960466732098471
181.1166,127.990769,37.824724,1859.5622448000001,175.017,16.129,122.027,0.10960466732098471
181.1333,127.990817,37.824699,1861.5528936000003,174.735,15.868,122.083,0.10960466732098471
181.15,127.990866,37.824675,1863.5203776,174.451,15.606,122.141,0.10960466732098471
181.1666,127.990915,37.82465,1865.4646968000002,174.166,15.346,122.199,0.10960466732098471
181.1833,127.990963,37.824626,1867.3861560000003,173.879,15.085,122.259,0.10960466732098471
181.2,127.991012,37.824601,1869.2841456,173.593,14.824,122.319,0.10960466732098471
181.2166,127.991061,37.824576,1871.1589704,173.306,14.564,122.381,0.10960466732098471
181.2333,127.99111,37.824552,1873.0142880000003,173.186,14.327,122.409,0.10960466732098471
181.25,127.991159,37.824527,1874.8500984,173.22,14.141,122.401,0.10960466732098471
181.2666,127.991208,37.824502,1876.6682304,173.435,14.033,122.374,0.10960466732098471
181.2833,127.991257,37.824477,1878.4705128000003,173.847,14.031,122.342,0.10960466732098471
181.3,127.991306,37.824452,1880.2593840000002,174.451,14.157,122.309,0.10960466732098471
181.3166,127.991355,37.824427,1882.036368,175.227,14.4,122.273,0.10960466732098471
181.3333,127.991404,37.824402,1883.8035984,176.15,14.721,122.232,0.10960466732098471
181.35,127.991453,37.824377,1885.5625992000002,177.206,15.087,122.187,0.10960466732098471
181.3666,127.991502,37.824352,1887.3148944000002,178.388,15.461,122.141,0.10960466732098471
181.3833,127.991552,37.824327,1889.0601792,179.698,15.81,122.1,0.10960466732098471
181.4,127.991601,37.824302,1890.7990632,-178.865,16.102,122.067,0.10960466732098471
181.4166,127.99165,37.824277,1892.5309368000003,-177.308,16.306,122.041,0.10960466732098471
181.4333,127.9917,37.824252,1894.2558000000001,-176.012,16.428,122.066,0.10960466732098471
181.45,127.991749,37.824227,1895.9733480000002,-174.963,16.493,122.136,0.10960466732098471
181.4666,127.991799,37.824202,1897.683276,-174.206,16.529,122.219,0.10960466732098471
181.4833,127.991848,37.824177,1899.385584,-173.774,16.565,122.287,0.10960466732098471
181.5,127.991898,37.824152,1901.0802720000002,-173.655,16.627,122.336,0.10960466732098471
181.5166,127.991947,37.824127,1902.7667304,-173.81,16.715,122.372,0.10960466732098471
181.5333,127.991997,37.824102,1904.4443496,-174.193,16.811,122.407,0.10960466732098471
181.55,127.992047,37.824076,1906.1131296,-174.77,16.899,122.447,0.10960466732098471
181.5666,127.992096,37.824051,1907.7727656,-175.527,16.972,122.492,0.10960466732098471
181.5833,127.992146,37.824026,1909.4226480000002,-176.459,17.032,122.538,0.10960466732098471
181.6,127.992196,37.824001,1911.0624720000003,-177.561,17.083,122.579,0.10960466732098471
181.6166,127.992246,37.823976,1912.6919328000001,-178.823,17.129,122.614,0.10960466732098471
181.6333,127.992296,37.823951,1914.3110304,179.769,17.171,122.645,0.10960466732098471
181.65,127.992345,37.823925,1915.9188504,178.234,17.21,122.673,0.10960466732098471
181.6666,127.992395,37.8239,1917.5153928,176.583,17.243,122.701,0.10960466732098471
181.6833,127.992445,37.823875,1919.1000480000002,174.827,17.271,122.729,0.10960466732098471
181.7,127.992495,37.82385,1920.672816,172.974,17.294,122.755,0.10960466732098471
181.7166,127.992545,37.823824,1922.2330872,171.029,17.312,122.781,0.10960466732098471
181.7333,127.992595,37.823799,1923.7826903999999,168.998,17.325,122.805,0.10960466732098471
181.75,127.992645,37.823774,1925.321016,166.891,17.335,122.828,0.10960466732098471
181.7666,127.992695,37.823748,1926.8486736,164.712,17.341,122.85,0.10960466732098471
181.7833,127.992745,37.823723,1928.3662728000002,162.47,17.343,122.873,0.10960466732098471
181.8,127.992795,37.823697,1929.8738136000002,160.171,17.342,122.895,0.10960466732098471
181.8166,127.992846,37.823672,1931.3716008000001,157.819,17.338,122.918,0.10960466732098471
181.8333,127.992896,37.823647,1932.8599392000003,155.421,17.332,122.941,0.10960466732098471
181.85,127.992946,37.823621,1934.3391336,152.982,17.323,122.964,0.10960466732098471
181.8666,127.992996,37.823595,1935.8094888,150.506,17.312,122.988,0.10960466732098471
181.8833,127.993046,37.82357,1937.2713096000002,148.0,17.3,123.011,0.10960466732098471
181.9,127.993096,37.823544,1938.7245960000002,145.467,17.287,123.035,0.10960466732098471
181.9166,127.993146,37.823519,1940.1699576,142.913,17.273,123.059,0.10960466732098471
181.9333,127.993196,37.823493,1941.6070896,140.341,17.259,123.083,0.10960466732098471
181.95,127.993246,37.823467,1943.0369064,137.755,17.244,123.107,0.10960466732098471
181.9666,127.993296,37.823441,1944.4591032,135.16,17.229,123.132,0.10960466732098471
181.9833,127.993346,37.823416,1945.8742896,132.558,17.214,123.156,0.10960466732098471
182.0,127.993396,37.82339,1947.2827704000001,129.953,17.199,123.18,0.10960466732098471
182.0166,127.993446,37.823364,1948.6842408,127.348,17.184,123.204,0.10960466732098471
182.0333,127.993496,37.823338,1950.0796152000003,124.747,17.169,123.227,0.10960466732098471
182.05,127.993545,37.823312,1951.4688936000002,122.15,17.155,123.25,0.10960466732098471
182.0666,127.993595,37.823286,1952.8520760000001,119.562,17.141,123.272,0.10960466732098471
182.0833,127.993645,37.82326,1954.2297720000001,116.983,17.128,123.293,0.10960466732098471
182.1,127.993695,37.823233,1955.6025912000002,114.417,17.115,123.314,0.10960466732098471
182.1166,127.993745,37.823207,1956.9699240000002,111.864,17.102,123.334,0.10960466732098471
182.1333,127.993794,37.823181,1958.3329896,109.326,17.09,123.353,0.10960466732098471
182.15,127.993844,37.823155,1959.6914832000002,106.805,17.078,123.37,0.10960466732098471
182.1666,127.993894,37.823128,1961.0460144,104.302,17.067,123.387,0.10960466732098471
182.1833,127.993943,37.823102,1962.3965832000001,101.818,17.055,123.403,0.10960466732098471
182.2,127.993993,37.823075,1963.7441039999999,99.353,17.044,123.418,0.10960466732098471
182.2166,127.994042,37.823049,1965.0882720000002,96.908,17.033,123.431,0.10960466732098471
182.2333,127.994091,37.823022,1966.4300016000002,94.485,17.021,123.444,0.10960466732098471
182.25,127.994141,37.822995,1967.7689880000003,92.082,17.01,123.455,0.10960466732098471
182.2666,127.99419,37.822969,1969.1061456000002,89.701,16.999,123.465,0.10960466732098471
182.2833,127.994239,37.822942,1970.4417792,87.342,16.987,123.474,0.10960466732098471
182.3,127.994289,37.822915,1971.7758888,85.004,16.975,123.483,0.10960466732098471
182.3166,127.994338,37.822888,1973.1087792,82.688,16.963,123.49,0.10960466732098471
182.3333,127.994387,37.822861,1974.4413648000002,80.393,16.95,123.496,0.10960466732098471
182.35,127.994436,37.822834,1975.7733408000001,78.12,16.937,123.502,0.10960466732098471
182.3666,127.994485,37.822807,1977.1056216000002,75.867,16.923,123.507,0.10960466732098471
182.3833,127.994534,37.82278,1978.4382072000003,73.636,16.909,123.511,0.10960466732098471
182.4,127.994583,37.822753,1979.7714024000002,71.424,16.894,123.515,0.10960466732098471
182.4166,127.994631,37.822725,1981.105512,69.233,16.879,123.518,0.10960466732098471
182.4333,127.99468,37.822698,1982.4411456,67.06,16.863,123.52,0.10960466732098471
182.45,127.994729,37.822671,1983.778608,64.907,16.847,123.522,0.10960466732098471
182.4666,127.994778,37.822643,1985.1178992000002,62.771,16.83,123.524,0.10960466732098471
182.4833,127.994826,37.822616,1986.4596288000002,60.653,16.812,123.526,0.10960466732098471
182.5,127.994875,37.822588,1987.8037968,58.553,16.793,123.527,0.10960466732098471
182.5166,127.994923,37.822561,1989.1510128000002,56.468,16.775,123.529,0.10960466732098471
182.5333,127.994971,37.822533,1990.5037152000002,54.795,16.716,123.558,0.10960466732098471
182.55,127.99502,37.822506,1991.8585512000002,53.504,16.619,123.615,0.10960466732098471
182.5666,127.995068,37.822478,1993.2139968000001,52.617,16.513,123.679,0.10960466732098471
182.5833,127.995117,37.82245,1994.5712712,52.131,16.414,123.74,0.10960466732098471
182.6,127.995165,37.822423,1995.92946,52.015,16.323,123.798,0.10960466732098471
182.6166,127.995213,37.822395,1997.2882584000001,52.241,16.243,123.852,0.10960466732098471
182.6333,127.995261,37.822367,1998.6470568000002,52.784,16.175,123.9,0.10960466732098471
182.65,127.99531,37.82234,2000.0055504000002,53.617,16.118,123.942,0.10960466732098471
182.6666,127.995358,37.822312,2001.3634344000002,54.707,16.068,123.981,0.10960466732098471
182.6833,127.995406,37.822284,2002.720404,56.022,16.018,124.02,0.10960466732098471
182.7,127.995455,37.822256,2004.0764592,57.54,15.967,124.061,0.10960466732098471
182.7166,127.995503,37.822229,2005.4306856000003,59.246,15.914,124.103,0.10960466732098471
182.7333,127.995551,37.822201,2006.7824736,61.127,15.863,124.144,0.10960466732098471
182.75,127.9956,37.822173,2008.1324328,63.171,15.814,124.184,0.10960466732098471
182.7666,127.995648,37.822145,2009.4796488000002,65.362,15.768,124.222,0.10960466732098471
182.7833,127.995697,37.822118,2010.8241216000001,67.688,15.723,124.257,0.10960466732098471
182.8,127.995746,37.82209,2012.1661560000002,70.133,15.679,124.291,0.10960466732098471
182.8166,127.995794,37.822062,2013.505752,72.685,15.635,124.323,0.10960466732098471
182.8333,127.995843,37.822035,2014.8398616000002,74.936,15.636,124.34,0.10960466732098471
182.85,127.995892,37.822007,2016.172752,76.905,15.681,124.344,0.10960466732098471
182.8666,127.995941,37.821979,2017.5056424000002,78.555,15.737,124.346,0.10960466732098471
182.8833,127.995989,37.821952,2018.8385328000002,79.866,15.776,124.35,0.10960466732098471
182.9,127.996038,37.821924,2020.1705088,80.851,15.792,124.359,0.10960466732098471
182.9166,127.996087,37.821896,2021.5012656000001,81.552,15.794,124.373,0.10960466732098471
182.9333,127.996136,37.821869,2022.8304984,82.014,15.796,124.389,0.10960466732098471
182.95,127.996185,37.821841,2024.1582072,82.268,15.805,124.404,0.10960466732098471
182.9666,127.996234,37.821813,2025.4850016000003,82.328,15.82,124.419,0.10960466732098471
182.9833,127.996283,37.821786,2026.8108816000001,82.201,15.836,124.433,0.10960466732098471
183.0,127.996332,37.821758,2028.1358472,81.895,15.849,124.447,0.10960466732098471
183.0166,127.996381,37.82173,2029.4598984,81.423,15.858,124.461,0.10960466732098471
183.0333,127.996429,37.821702,2030.7830352,80.8,15.864,124.475,0.10960466732098471
183.05,127.996478,37.821674,2032.1052576,80.042,15.869,124.49,0.10960466732098471
183.0666,127.996527,37.821646,2033.4268704,79.162,15.874,124.504,0.10960466732098471
183.0833,127.996576,37.821618,2034.7478736,78.17,15.88,124.518,0.10960466732098471
183.1,127.996624,37.82159,2036.0685720000001,77.076,15.886,124.533,0.10960466732098471
183.1166,127.996673,37.821562,2037.3892704,75.887,15.89,124.548,0.10960466732098471
183.1333,127.996721,37.821534,2038.7096640000002,74.61,15.894,124.563,0.10960466732098471
183.15,127.99677,37.821506,2040.0300576,73.255,15.897,124.578,0.10960466732098471
183.1666,127.996818,37.821478,2041.3510608,71.828,15.899,124.593,0.10960466732098471
183.1833,127.996867,37.82145,2042.672064,70.338,15.901,124.609,0.10960466732098471
183.2,127.996915,37.821421,2043.9939816,68.79,15.903,124.625,0.10960466732098471
183.2166,127.996963,37.821393,2045.3165088,67.189,15.904,124.641,0.10960466732098471
183.2333,127.997012,37.821365,2046.6399504,65.542,15.905,124.656,0.10960466732098471
183.25,127.99706,37.821336,2047.9646112,63.852,15.905,124.672,0.10960466732098471
183.2666,127.997108,37.821308,2049.2907960000002,62.124,15.905,124.687,0.10960466732098471
183.2833,127.997156,37.821279,2050.6185048,60.364,15.904,124.702,0.10960466732098471
183.3,127.997204,37.821251,2051.9480424000003,58.574,15.902,124.716,0.10960466732098471
183.3166,127.997252,37.821222,2053.2797136,56.758,15.9,124.73,0.10960466732098471
183.3333,127.9973,37.821194,2054.6135184,54.919,15.898,124.744,0.10960466732098471
183.35,127.997348,37.821165,2055.9500664,53.061,15.894,124.757,0.10960466732098471
183.3666,127.997395,37.821136,2057.2893576,51.186,15.89,124.769,0.10960466732098471
183.3833,127.997443,37.821108,2058.6313920000002,49.296,15.885,124.781,0.10960466732098471
183.4,127.997491,37.821079,2059.9767792000002,47.394,15.879,124.792,0.10960466732098471
183.4166,127.997539,37.82105,2061.3255192,45.481,15.873,124.803,0.10960466732098471
183.4333,127.997586,37.821021,2062.6797456,43.96,15.832,124.848,0.10960466732098471
183.45,127.997634,37.820993,2064.0361056,42.804,15.76,124.927,0.10960466732098471
183.4666,127.997681,37.820964,2065.3936848,42.036,15.68,125.013,0.10960466732098471
183.4833,127.997729,37.820935,2066.7527880000002,41.658,15.608,125.092,0.10960466732098471
183.5,127.997777,37.820906,2068.1128056000002,41.64,15.545,125.163,0.10960466732098471
183.5166,127.997824,37.820877,2069.473128,41.955,15.493,125.224,0.10960466732098471
183.5333,127.997872,37.820848,2070.8331456,42.574,15.452,125.277,0.10960466732098471
183.55,127.997919,37.820819,2072.1931632,43.462,15.417,125.327,0.10960466732098471
183.5666,127.997967,37.82079,2073.5525712,44.585,15.381,125.377,0.10960466732098471
183.5833,127.998014,37.820762,2074.9104552,45.922,15.343,125.429,0.10960466732098471
183.6,127.998062,37.820733,2076.2665104000002,47.456,15.305,125.482,0.10960466732098471
183.6166,127.99811,37.820704,2077.620432,49.174,15.267,125.534,0.10960466732098471
183.6333,127.998157,37.820675,2078.9716104000004,51.063,15.231,125.583,0.10960466732098471
183.65,127.998205,37.820646,2080.3197408,53.108,15.198,125.63,0.10960466732098471
183.6666,127.998253,37.820617,2081.6648232000002,55.294,15.165,125.674,0.10960466732098471
183.6833,127.998301,37.820588,2083.0065528,57.604,15.132,125.717,0.10960466732098471
183.7,127.998349,37.820559,2084.3449296000003,60.028,15.098,125.757,0.10960466732098471
183.7166,127.998397,37.82053,2085.679344,62.553,15.064,125.795,0.10960466732098471
183.7333,127.998445,37.820502,2087.0085768,64.77,15.071,125.81,0.10960466732098471
183.75,127.998493,37.820473,2088.3353712,66.696,15.118,125.805,0.10960466732098471
183.7666,127.998541,37.820444,2089.6618608,68.3,15.176,125.795,0.10960466732098471
183.7833,127.998589,37.820415,2090.9877408,69.559,15.217,125.79,0.10960466732098471
183.8,127.998637,37.820386,2092.3127064,70.491,15.236,125.794,0.10960466732098471
183.8166,127.998685,37.820357,2093.636148,71.137,15.242,125.805,0.10960466732098471
183.8333,127.998733,37.820329,2094.9580656,71.541,15.248,125.817,0.10960466732098471
183.85,127.998781,37.8203,2096.2784592000003,71.733,15.261,125.828,0.10960466732098471
183.8666,127.99883,37.820271,2097.5982432,71.731,15.28,125.837,0.10960466732098471
183.8833,127.998878,37.820242,2098.9174176,71.539,15.3,125.844,0.10960466732098471
183.9,127.998926,37.820213,2100.2359824,71.168,15.316,125.852,0.10960466732098471
183.9166,127.998974,37.820184,2101.5545472,70.628,15.329,125.861,0.10960466732098471
183.9333,127.999022,37.820155,2102.8725024,69.937,15.338,125.871,0.10960466732098471
183.95,127.99907,37.820126,2104.1907624,69.11,15.347,125.881,0.10960466732098471
183.9666,127.999118,37.820097,2105.5090224,68.161,15.356,125.89,0.10960466732098471
183.9833,127.999166,37.820068,2106.8278920000002,67.1,15.365,125.9,0.10960466732098471
184.0,127.999214,37.820039,2108.1473712,65.936,15.374,125.91,0.10960466732098471
184.0166,127.999262,37.82001,2109.4683744000004,64.676,15.382,125.92,0.10960466732098471
184.0333,127.999309,37.81998,2110.7899872,63.329,15.389,125.93,0.10960466732098471
184.05,127.999357,37.819951,2112.1128192,61.903,15.395,125.941,0.10960466732098471
184.0666,127.999405,37.819922,2113.4371752,60.406,15.401,125.953,0.10960466732098471
184.0833,127.999452,37.819892,2114.7630552,58.844,15.406,125.964,0.10960466732098471
184.1,127.9995,37.819863,2116.0904592,57.225,15.411,125.976,0.10960466732098471
184.1166,127.999547,37.819834,2117.4199968000003,55.553,15.415,125.988,0.10960466732098471
184.1333,127.999595,37.819804,2118.7513632,53.834,15.42,126.0,0.10960466732098471
184.15,127.999642,37.819775,2120.0848632,52.073,15.423,126.012,0.10960466732098471
184.1666,127.99969,37.819745,2121.4211064,50.274,15.426,126.023,0.10960466732098471
184.1833,127.999737,37.819716,2122.7597880000003,48.442,15.428,126.034,0.10960466732098471
184.2,127.999784,37.819686,2124.1012128,46.58,15.429,126.045,0.10960466732098471
184.2166,127.999831,37.819657,2125.4459904,44.692,15.43,126.056,0.10960466732098471
184.2333,127.999878,37.819627,2126.7938160000003,42.782,15.429,126.066,0.10960466732098471
184.25,127.999925,37.819597,2128.1452992000004,40.851,15.428,126.076,0.10960466732098471
184.2666,127.999972,37.819568,2129.5004400000003,38.904,15.426,126.086,0.10960466732098471
184.2833,128.000019,37.819538,2130.8592384,36.941,15.424,126.095,0.10960466732098471
184.3,128.000066,37.819508,2132.222304,34.966,15.42,126.104,0.10960466732098471
184.3166,128.000113,37.819479,2133.5896368000003,32.981,15.416,126.113,0.10960466732098471
184.3333,128.00016,37.819449,2134.9621512000003,31.387,15.385,126.162,0.10960466732098471
184.35,128.000207,37.819419,2136.3377136,30.159,15.332,126.25,0.10960466732098471
184.3666,128.000254,37.819389,2137.7148,29.318,15.272,126.348,0.10960466732098471
184.3833,128.0003,37.81936,2139.0937152,28.867,15.219,126.435,0.10960466732098471
184.4,128.000347,37.81933,2140.4738496,28.777,15.174,126.51,0.10960466732098471
184.4166,128.000394,37.8193,2141.8548984,29.021,15.14,126.572,0.10960466732098471
184.4333,128.000441,37.81927,2143.2359472,29.562,15.113,126.626,0.10960466732098471
184.45,128.000487,37.819241,2144.6166912000003,30.365,15.088,126.678,0.10960466732098471
184.4666,128.000534,37.819211,2145.9968256,31.4,15.062,126.734,0.10960466732098471
184.4833,128.000581,37.819181,2147.3751312000004,32.647,15.035,126.791,0.10960466732098471
184.5,128.000628,37.819151,2148.751608,34.094,15.008,126.849,0.10960466732098471
184.5166,128.000675,37.819122,2150.1253416,35.727,14.983,126.903,0.10960466732098471
184.5333,128.000722,37.819092,2151.4960272000003,37.53,14.958,126.955,0.10960466732098471
184.55,128.000768,37.819062,2152.8630552,39.488,14.935,127.004,0.10960466732098471
184.5666,128.000815,37.819032,2154.2264256,41.585,14.912,127.05,0.10960466732098471
184.5833,128.000862,37.819003,2155.5855288000002,43.807,14.887,127.095,0.10960466732098471
184.6,128.000909,37.818973,2156.94006,46.142,14.862,127.138,0.10960466732098471
184.6166,128.000957,37.818943,2158.2900192,48.578,14.836,127.178,0.10960466732098471
184.6333,128.001004,37.818913,2159.634492,50.707,14.844,127.187,0.10960466732098471
184.65,128.001051,37.818884,2160.9759168,52.546,14.887,127.165,0.10960466732098471
184.6666,128.001098,37.818854,2162.3164272,54.065,14.937,127.136,0.10960466732098471
184.6833,128.001145,37.818824,2163.6557184000003,55.245,14.974,127.116,0.10960466732098471
184.7,128.001193,37.818794,2164.9937904,56.103,14.991,127.109,0.10960466732098471
184.7166,128.00124,37.818765,2166.3303384,56.679,14.998,127.112,0.10960466732098471
184.7333,128.001287,37.818735,2167.6653624,57.016,15.005,127.116,0.10960466732098471
184.75,128.001334,37.818705,2168.9994720000004,57.144,15.018,127.118,0.10960466732098471
184.7666,128.001382,37.818675,2170.3332768,57.077,15.036,127.116,0.10960466732098471
184.7833,128.001429,37.818646,2171.6670816,56.825,15.055,127.112,0.10960466732098471
184.8,128.001476,37.818616,2173.0008864,56.396,15.071,127.11,0.10960466732098471
184.8166,128.001523,37.818586,2174.3356056000002,55.801,15.083,127.109,0.10960466732098471
184.8333,128.00157,37.818556,2175.6706296,55.057,15.093,127.11,0.10960466732098471
184.85,128.001617,37.818526,2177.0071776,54.179,15.102,127.112,0.10960466732098471
184.8666,128.001664,37.818496,2178.3449448,53.179,15.111,127.114,0.10960466732098471
184.8833,128.001711,37.818466,2179.6848456000002,52.069,15.12,127.115,0.10960466732098471
184.9,128.001758,37.818436,2181.0268800000003,50.857,15.129,127.117,0.10960466732098471
184.9166,128.001805,37.818407,2182.3719624,49.55,15.138,127.119,0.10960466732098471
184.9333,128.001852,37.818376,2183.7194832,48.157,15.145,127.123,0.10960466732098471
184.95,128.001899,37.818346,2185.0694424000003,46.686,15.152,127.126,0.10960466732098471
184.9666,128.001946,37.818316,2186.4221448000003,45.143,15.158,127.131,0.10960466732098471
184.9833,128.001992,37.818286,2187.7778952,43.536,15.165,127.136,0.10960466732098471
185.0,128.002039,37.818256,2189.1363888,41.872,15.17,127.141,0.10960466732098471
185.0166,128.002085,37.818226,2190.4982352,40.155,15.176,127.147,0.10960466732098471
185.0333,128.002132,37.818196,2191.8634344,38.391,15.181,127.153,0.10960466732098471
185.05,128.002178,37.818166,2193.2322912,36.584,15.186,127.159,0.10960466732098471
185.0666,128.002225,37.818136,2194.6045008,34.739,15.189,127.165,0.10960466732098471
185.0833,128.002271,37.818105,2195.9806728000003,32.86,15.193,127.171,0.10960466732098471
185.1,128.002317,37.818075,2197.3608072,30.951,15.195,127.177,0.10960466732098471
185.1166,128.002363,37.818045,2198.7452088,29.015,15.196,127.183,0.10960466732098471
185.1333,128.00241,37.818015,2200.1335728,27.056,15.197,127.189,0.10960466732098471
185.15,128.002456,37.817984,2201.5265088,25.076,15.197,127.195,0.10960466732098471
185.1666,128.002502,37.817954,2202.9240168,23.077,15.196,127.202,0.10960466732098471
185.1833,128.002548,37.817924,2204.3264016000003,21.063,15.195,127.208,0.10960466732098471
185.2,128.002594,37.817894,2205.7333584000003,19.036,15.192,127.214,0.10960466732098471
185.2166,128.00264,37.817864,2207.1454968000003,16.996,15.189,127.22,0.10960466732098471
185.2333,128.002686,37.817833,2208.5622072,15.344,15.172,127.272,0.10960466732098471
185.25,128.002732,37.817803,2209.9819656,14.055,15.143,127.368,0.10960466732098471
185.2666,128.002778,37.817773,2211.4044672,13.147,15.111,127.475,0.10960466732098471
185.2833,128.002824,37.817743,2212.8287976,12.626,15.082,127.569,0.10960466732098471
185.3,128.00287,37.817713,2214.254652,12.464,15.06,127.647,0.10960466732098471
185.3166,128.002916,37.817682,2215.6814208,12.631,15.043,127.709,0.10960466732098471
185.3333,128.002961,37.817652,2217.1081896,13.088,15.03,127.765,0.10960466732098471
185.35,128.003007,37.817622,2218.5346536,13.801,15.019,127.82,0.10960466732098471
185.3666,128.003053,37.817592,2219.9602032000003,14.742,15.008,127.879,0.10960466732098471
185.3833,128.003099,37.817562,2221.383924,15.896,14.996,127.94,0.10960466732098471
185.4,128.003145,37.817531,2222.8052064,17.248,14.984,127.999,0.10960466732098471
185.4166,128.003191,37.817501,2224.2234408,18.785,14.973,128.056,0.10960466732098471
185.4333,128.003237,37.817471,2225.6389320000003,20.493,14.962,128.107,0.10960466732098471
185.45,128.003283,37.817441,2227.0501560000002,22.355,14.951,128.153,0.10960466732098471
185.4666,128.003329,37.81741,2228.4574176,24.356,14.94,128.197,0.10960466732098471
185.4833,128.003375,37.81738,2229.8601072,26.479,14.927,128.24,0.10960466732098471
185.5,128.003422,37.81735,2231.2573104000003,28.714,14.912,128.281,0.10960466732098471
185.5166,128.003468,37.81732,2232.6490272,31.05,14.896,128.321,0.10960466732098471
185.5333,128.003514,37.81729,2234.0367816000003,33.475,14.878,128.361,0.10960466732098471
185.55,128.003561,37.817259,2235.4193544,35.983,14.858,128.398,0.10960466732098471
185.5666,128.003607,37.817229,2236.7979648,38.565,14.837,128.434,0.10960466732098471
185.5833,128.003653,37.817199,2238.1720032,41.214,14.814,128.466,0.10960466732098471
185.6,128.0037,37.817169,2239.5420792,43.924,14.79,128.495,0.10960466732098471
185.6166,128.003746,37.817138,2240.9081928,46.687,14.765,128.521,0.10960466732098471
185.6333,128.003793,37.817108,2242.2706488,49.497,14.739,128.545,0.10960466732098471
185.65,128.00384,37.817078,2243.629752,52.349,14.711,128.566,0.10960466732098471
185.6666,128.003887,37.817048,2244.9851976,55.238,14.683,128.584,0.10960466732098471
185.6833,128.003933,37.817017,2246.3379,58.16,14.654,128.6,0.10960466732098471
185.7,128.00398,37.816987,2247.6872496,61.11,14.625,128.614,0.10960466732098471
185.7166,128.004027,37.816957,2249.033856,64.087,14.595,128.624,0.10960466732098471
185.7333,128.004074,37.816927,2250.378024,67.085,14.566,128.633,0.10960466732098471
185.75,128.004121,37.816897,2251.7197536000003,70.103,14.536,128.638,0.10960466732098471
185.7666,128.004168,37.816866,2253.0590448000003,73.137,14.506,128.642,0.10960466732098471
185.7833,128.004215,37.816836,2254.3965072,76.182,14.477,128.643,0.10960466732098471
185.8,128.004262,37.816806,2255.731836,79.232,14.448,128.642,0.10960466732098471
185.8166,128.004309,37.816776,2257.065336,82.284,14.421,128.639,0.10960466732098471
185.8333,128.004357,37.816746,2258.3976168,85.342,14.397,128.662,0.10960466732098471
185.85,128.004404,37.816715,2259.7280688,88.411,14.376,128.738,0.10960466732098471
185.8666,128.004451,37.816685,2261.0573016000003,91.495,14.354,128.89,0.10960466732098471
185.8833,128.004498,37.816655,2262.3853152,94.587,14.326,129.09,0.10960466732098471
185.9,128.004546,37.816625,2263.7121096,97.674,14.291,129.303,0.10960466732098471
185.9166,128.004593,37.816595,2265.0379896,100.745,14.25,129.5,0.10960466732098471
185.9333,128.00464,37.816564,2266.3623456,103.801,14.195,129.702,0.10960466732098471
185.95,128.004688,37.816534,2267.6854824,106.853,14.118,129.934,0.10960466732098471
185.9666,128.004735,37.816504,2269.0061808,109.909,14.009,130.216,0.10960466732098471
185.9833,128.004782,37.816473,2270.3238312000003,112.983,13.858,130.57,0.10960466732098471
186.0,128.00483,37.816443,2271.6384336,116.071,13.663,130.984,0.10960466732098471
186.0166,128.004877,37.816412,2272.9490736000002,119.166,13.433,131.423,0.10960466732098471
186.0333,128.004924,37.816382,2274.2533128,122.128,13.176,131.877,0.10960466732098471
186.05,128.004971,37.816351,2275.5517608,124.955,12.902,132.317,0.10960466732098471
186.0666,128.005019,37.81632,2276.8431984,127.666,12.62,132.716,0.10960466732098471
186.0833,128.005066,37.816289,2278.1267112,130.291,12.333,133.064,0.10960466732098471
186.1,128.005113,37.816259,2279.402604,132.866,12.041,133.366,0.10960466732098471
186.1166,128.00516,37.816228,2280.6693528,135.424,11.745,133.631,0.10960466732098471
186.1333,128.005207,37.816196,2281.9229952,137.616,11.46,133.887,0.10960466732098471
186.15,128.005254,37.816165,2283.1647504000002,139.476,11.185,134.139,0.10960466732098471
186.1666,128.005301,37.816134,2284.3940088,141.005,10.91,134.378,0.10960466732098471
186.1833,128.005347,37.816103,2285.6092464,142.209,10.631,134.594,0.10960466732098471
186.2,128.005394,37.816071,2286.809244,143.111,10.346,134.787,0.10960466732098471
186.2166,128.005441,37.81604,2287.9933920000003,143.773,10.059,134.961,0.10960466732098471
186.2333,128.005488,37.816008,2289.1598616,144.211,9.776,135.128,0.10960466732098471
186.25,128.005534,37.815976,2290.308348,144.499,9.499,135.292,0.10960466732098471
186.2666,128.005581,37.815944,2291.4382416,144.691,9.227,135.449,0.10960466732098471
186.2833,128.005627,37.815912,2292.548628,144.822,8.957,135.599,0.10960466732098471
186.3,128.005673,37.81588,2293.6410312000003,144.916,8.688,135.741,0.10960466732098471
186.3166,128.00572,37.815848,2294.7148416,144.992,8.422,135.879,0.10960466732098471
186.3333,128.005766,37.815815,2295.767316,145.032,8.165,136.02,0.10960466732098471
186.35,128.005812,37.815783,2296.7999784000003,145.042,7.915,136.168,0.10960466732098471
186.3666,128.005858,37.81575,2297.8137432000003,145.022,7.67,136.317,0.10960466732098471
186.3833,128.005904,37.815718,2298.8080008,144.97,7.427,136.464,0.10960466732098471
186.4,128.00595,37.815685,2299.7824464,144.891,7.183,136.605,0.10960466732098471
186.4166,128.005996,37.815652,2300.7379944,144.793,6.94,136.743,0.10960466732098471
186.4333,128.006041,37.815619,2301.6719016,144.677,6.703,136.885,0.10960466732098471
186.45,128.006087,37.815586,2302.5866064,144.55,6.472,137.032,0.10960466732098471
186.4666,128.006133,37.815553,2303.4811944000003,144.408,6.245,137.182,0.10960466732098471
186.4833,128.006178,37.815519,2304.3562752000003,144.248,6.019,137.331,0.10960466732098471
186.5,128.006223,37.815486,2305.2112392000004,144.071,5.795,137.477,0.10960466732098471
186.5166,128.006269,37.815452,2306.0466960000003,143.882,5.57,137.622,0.10960466732098471
186.5333,128.006314,37.815419,2306.8617312,143.678,5.348,137.767,0.10960466732098471
186.55,128.006359,37.815385,2307.6569544,143.465,5.128,137.915,0.10960466732098471
186.5666,128.006404,37.815351,2308.4323656,143.246,4.91,138.063,0.10960466732098471
186.5833,128.006449,37.815317,2309.1882696000002,143.019,4.695,138.213,0.10960466732098471
186.6,128.006494,37.815283,2309.9240568,142.785,4.48,138.362,0.10960466732098471
186.6166,128.006539,37.815249,2310.6403368,142.546,4.267,138.511,0.10960466732098471
186.6333,128.006583,37.815215,2311.3371096,142.3,4.054,138.66,0.10960466732098471
186.65,128.006628,37.81518,2312.0137656,142.048,3.843,138.81,0.10960466732098471
186.6666,128.006672,37.815146,2312.6712192,141.793,3.633,138.96,0.10960466732098471
186.6833,128.006717,37.815111,2313.3088608,141.536,3.425,139.111,0.10960466732098471
186.7,128.006761,37.815077,2313.9273000000003,141.278,3.219,139.263,0.10960466732098471
186.7166,128.006805,37.815042,2314.5259272000003,141.017,3.013,139.416,0.10960466732098471
186.7333,128.006849,37.815007,2315.105352,140.755,2.809,139.569,0.10960466732098471
186.75,128.006893,37.814972,2315.6655744000004,140.492,2.605,139.722,0.10960466732098471
186.7666,128.006937,37.814937,2316.2062896,140.229,2.403,139.876,0.10960466732098471
186.7833,128.006981,37.814902,2316.7281072,139.966,2.202,140.031,0.10960466732098471
186.8,128.007024,37.814867,2317.2304176000002,139.703,2.002,140.188,0.10960466732098471
186.8166,128.007068,37.814831,2317.7135256,139.439,1.804,140.345,0.10960466732098471
186.8333,128.007111,37.814796,2318.1780408,139.176,1.606,140.502,0.10960466732098471
186.85,128.007154,37.81476,2318.6233536,138.914,1.409,140.66,0.10960466732098471
186.8666,128.007197,37.814724,2319.0497688,138.653,1.213,140.818,0.10960466732098471
186.8833,128.00724,37.814689,2319.4572864,138.393,1.018,140.978,0.10960466732098471
186.9,128.007283,37.814653,2319.8459064,138.134,0.825,141.139,0.10960466732098471
186.9166,128.007326,37.814617,2320.2156288,137.874,0.633,141.3,0.10960466732098471
186.9333,128.007369,37.814581,2320.567368,137.606,0.437,141.458,0.10960466732098471
186.95,128.007411,37.814544,2320.9005144000002,137.33,0.238,141.611,0.10960466732098471
186.9666,128.007454,37.814508,2321.215068,137.054,0.038,141.763,0.10960466732098471
186.9833,128.007496,37.814472,2321.5110288,136.786,-0.16,141.916,0.10960466732098471
187.0,128.007538,37.814435,2321.7887016000004,136.528,-0.356,142.073,0.10960466732098471
187.0166,128.00758,37.814399,2322.0477816000002,136.275,-0.548,142.232,0.10960466732098471
187.0333,128.007622,37.814362,2322.2891832,136.025,-0.742,142.391,0.10960466732098471
187.05,128.007664,37.814325,2322.511992,135.774,-0.936,142.548,0.10960466732098471
187.0666,128.007706,37.814288,2322.7168176000005,135.523,-1.13,142.705,0.10960466732098471
187.0833,128.007747,37.814251,2322.9033552,135.275,-1.324,142.863,0.10960466732098471
187.1,128.007789,37.814214,2323.0719096000003,135.029,-1.516,143.023,0.10960466732098471
187.1166,128.00783,37.814177,2323.222176,134.786,-1.705,143.185,0.10960466732098471
187.1333,128.007871,37.81414,2323.3550688,134.547,-1.894,143.347,0.10960466732098471
187.15,128.007912,37.814103,2323.4699784,134.31,-2.083,143.51,0.10960466732098471
187.1666,128.007953,37.814065,2323.5672096000003,134.075,-2.271,143.673,0.10960466732098471
187.1833,128.007993,37.814028,2323.6464576,133.84,-2.459,143.837,0.10960466732098471
187.2,128.008034,37.81399,2323.7077224,133.606,-2.644,144.002,0.10960466732098471
187.2166,128.008075,37.813952,2323.7516136,133.372,-2.829,144.169,0.10960466732098471
187.2333,128.008115,37.813915,2323.7781312,133.143,-3.012,144.337,0.10960466732098471
187.25,128.008155,37.813877,2323.7869704,132.918,-3.193,144.506,0.10960466732098471
187.2666,128.008195,37.813839,2323.7781312,132.694,-3.374,144.677,0.10960466732098471
187.2833,128.008235,37.813801,2323.7522232,132.47,-3.553,144.848,0.10960466732098471
187.3,128.008275,37.813762,2323.7086368,132.244,-3.732,145.02,0.10960466732098471
187.3166,128.008314,37.813724,2323.6479816,132.017,-3.91,145.193,0.10960466732098471
187.3333,128.008354,37.813686,2323.5699528000005,131.798,-4.084,145.369,0.10960466732098471
187.35,128.008393,37.813647,2323.4745504,131.587,-4.254,145.548,0.10960466732098471
187.3666,128.008432,37.813609,2323.3620792,131.377,-4.423,145.73,0.10960466732098471
187.3833,128.008471,37.81357,2323.2325392000002,131.165,-4.59,145.911,0.10960466732098471
187.4,128.00851,37.813531,2323.0862352,130.946,-4.758,146.093,0.10960466732098471
187.4166,128.008549,37.813493,2322.9225576,130.724,-4.926,146.275,0.10960466732098471
187.4333,128.008587,37.813454,2322.740592,130.342,-5.061,146.45,0.10960466732098471
187.45,128.008625,37.813415,2322.5412528,129.813,-5.146,146.599,0.10960466732098471
187.4666,128.008664,37.813376,2322.3260640000003,129.13,-5.176,146.695,0.10960466732098471
187.4833,128.008702,37.813337,2322.0950256,128.288,-5.147,146.711,0.10960466732098471
187.5,128.008739,37.813298,2321.8493568,127.293,-5.048,146.627,0.10960466732098471
187.5166,128.008777,37.813258,2321.5893624,126.158,-4.884,146.446,0.10960466732098471
187.5333,128.008815,37.813219,2321.3156520000002,124.897,-4.676,146.201,0.10960466732098471
187.55,128.008852,37.81318,2321.0288352000002,123.517,-4.445,145.921,0.10960466732098471
187.5666,128.008889,37.81314,2320.7307408,122.019,-4.216,145.634,0.10960466732098471
187.5833,128.008926,37.813101,2320.4219784,120.405,-4.009,145.371,0.10960466732098471
187.6,128.008963,37.813061,2320.1031576,118.675,-3.844,145.16,0.10960466732098471
187.6166,128.009,37.813022,2319.7748880000004,116.833,-3.735,145.029,0.10960466732098471
187.6333,128.009037,37.812982,2319.4377792,114.89,-3.667,144.962,0.10960466732098471
187.65,128.009073,37.812943,2319.0927456,112.858,-3.629,144.939,0.10960466732098471
187.6666,128.00911,37.812903,2318.740092,110.749,-3.605,144.941,0.10960466732098471
187.6833,128.009146,37.812863,2318.3801232,108.576,-3.583,144.944,0.10960466732098471
187.7,128.009182,37.812824,2318.0140584,106.348,-3.556,144.927,0.10960466732098471
187.7166,128.009218,37.812784,2317.6418976,104.072,-3.521,144.886,0.10960466732098471
187.7333,128.009254,37.812744,2317.2642504,101.75,-3.488,144.847,0.10960466732098471
187.75,128.00929,37.812704,2316.8817264000004,99.383,-3.463,144.84,0.10960466732098471
187.7666,128.009326,37.812664,2316.4946304,96.973,-3.449,144.893,0.10960466732098471
187.7833,128.009361,37.812624,2316.1035720000004,94.523,-3.444,145.017,0.10960466732098471
187.8,128.009397,37.812584,2315.708856,92.039,-3.442,145.183,0.10960466732098471
187.8166,128.009432,37.812544,2315.3107872,89.53,-3.437,145.365,0.10960466732098471
187.8333,128.009467,37.812504,2314.91028,87.003,-3.425,145.586,0.10960466732098471
187.85,128.009502,37.812464,2314.5073344,84.463,-3.4,145.871,0.10960466732098471
187.8666,128.009537,37.812424,2314.1031696,81.913,-3.356,146.213,0.10960466732098471
187.8833,128.009571,37.812384,2313.6980904,79.356,-3.296,146.582,0.10960466732098471
187.9,128.009606,37.812344,2313.2930112,76.796,-3.222,146.947,0.10960466732098471
187.9166,128.00964,37.812303,2312.8885416,74.237,-3.14,147.279,0.10960466732098471
187.9333,128.009675,37.812263,2312.4855960000004,71.681,-3.043,147.601,0.10960466732098471
187.95,128.009709,37.812222,2312.0850888,69.125,-2.924,147.935,0.10960466732098471
187.9666,128.009742,37.812182,2311.6882392,66.567,-2.772,148.299,0.10960466732098471
187.9833,128.009776,37.812141,2311.2965712,64.003,-2.583,148.706,0.10960466732098471
188.0,128.009809,37.812101,2310.9103896,61.432,-2.366,149.128,0.10960466732098471
188.0166,128.009843,37.81206,2310.5309136,58.857,-2.135,149.536,0.10960466732098471
188.0333,128.009876,37.812019,2310.1593624,56.278,-1.892,149.922,0.10960466732098471
188.05,128.009909,37.811979,2309.7963456,53.698,-1.641,150.28,0.10960466732098471
188.0666,128.009941,37.811938,2309.4433872,51.114,-1.382,150.608,0.10960466732098471
188.0833,128.009974,37.811897,2309.1014016000004,48.525,-1.116,150.909,0.10960466732098471
188.1,128.010006,37.811856,2308.7713032,45.923,-0.843,151.185,0.10960466732098471
188.1166,128.010038,37.811815,2308.4543112,43.307,-0.564,151.439,0.10960466732098471
188.1333,128.01007,37.811773,2308.1510352,41.065,-0.295,151.691,0.10960466732098471
188.15,128.010102,37.811732,2307.8611704,39.167,-0.035,151.941,0.10960466732098471
188.1666,128.010134,37.811691,2307.5838024,37.584,0.227,152.177,0.10960466732098471
188.1833,128.010165,37.81165,2307.3189312000004,36.242,0.5,152.388,0.10960466732098471
188.2,128.010197,37.811608,2307.0671664,35.06,0.786,152.571,0.10960466732098471
188.2166,128.010228,37.811567,2306.828508,33.962,1.08,152.733,0.10960466732098471
188.2333,128.010259,37.811526,2306.6035656,33.115,1.369,152.893,0.10960466732098471
188.25,128.01029,37.811484,2306.3914248,32.477,1.647,153.057,0.10960466732098471
188.2666,128.010321,37.811443,2306.1911712,31.994,1.919,153.218,0.10960466732098471
188.2833,128.010352,37.811401,2306.0031096000002,31.628,2.189,153.367,0.10960466732098471
188.3,128.010383,37.81136,2305.8269352,31.342,2.46,153.502,0.10960466732098471
188.3166,128.010413,37.811318,2305.6650864000003,31.103,2.729,153.626,0.10960466732098471
188.3333,128.010444,37.811277,2305.5145152,30.916,2.993,153.744,0.10960466732098471
188.35,128.010474,37.811235,2305.3785744,30.764,3.25,153.861,0.10960466732098471
188.3666,128.010505,37.811193,2305.2569592,30.634,3.5,153.976,0.10960466732098471
188.3833,128.010535,37.811152,2305.1493648,30.521,3.746,154.089,0.10960466732098471
188.4,128.010565,37.81111,2305.0560960000003,30.423,3.987,154.198,0.10960466732098471
188.4166,128.010595,37.811068,2304.9780672,30.335,4.225,154.303,0.10960466732098471
188.4333,128.010624,37.811026,2304.914364,30.258,4.46,154.407,0.10960466732098471
188.45,128.010654,37.810985,2304.8659008,30.189,4.691,154.509,0.10960466732098471
188.4666,128.010684,37.810943,2304.8323728,30.126,4.92,154.609,0.10960466732098471
188.4833,128.010713,37.810901,2304.8143896,30.067,5.146,154.709,0.10960466732098471
188.5,128.010742,37.810859,2304.8116464,30.013,5.371,154.808,0.10960466732098471
188.5166,128.010772,37.810817,2304.8244480000003,29.961,5.593,154.906,0.10960466732098471
188.5333,128.010801,37.810775,2304.8524896,29.915,5.813,155.003,0.10960466732098471
188.55,128.01083,37.810733,2304.8963808000003,29.872,6.031,155.1,0.10960466732098471
188.5666,128.010858,37.810691,2304.9558168,29.833,6.249,155.197,0.10960466732098471
188.5833,128.010887,37.810649,2305.0311024000002,29.798,6.464,155.293,0.10960466732098471
188.6,128.010916,37.810607,2305.1219328,29.765,6.679,155.389,0.10960466732098471
188.6166,128.010944,37.810565,2305.2286128,29.736,6.892,155.485,0.10960466732098471
188.6333,128.010973,37.810523,2305.3514472,29.71,7.105,155.581,0.10960466732098471
188.65,128.011001,37.810481,2305.4898264000003,29.687,7.316,155.676,0.10960466732098471
188.6666,128.011029,37.810439,2305.6443600000002,29.667,7.527,155.772,0.10960466732098471
188.6833,128.011057,37.810397,2305.8147432,29.65,7.737,155.868,0.10960466732098471
188.7,128.011085,37.810355,2306.0012808,29.635,7.946,155.965,0.10960466732098471
188.7166,128.011112,37.810313,2306.2039728,29.623,8.155,156.061,0.10960466732098471
188.7333,128.01114,37.81027,2306.4225144,29.614,8.363,156.158,0.10960466732098471
188.75,128.011167,37.810228,2306.6572104,29.608,8.57,156.255,0.10960466732098471
188.7666,128.011195,37.810186,2306.9080608,29.604,8.777,156.352,0.10960466732098471
188.7833,128.011222,37.810144,2307.1750656,29.603,8.984,156.449,0.10960466732098471
188.8,128.011249,37.810102,2307.4582248,29.604,9.19,156.547,0.10960466732098471
188.8166,128.011276,37.810059,2307.7575384,29.608,9.396,156.646,0.10960466732098471
188.8333,128.011303,37.810017,2308.0730064,29.614,9.601,156.745,0.10960466732098471
188.85,128.011329,37.809975,2308.4049336,29.623,9.806,156.844,0.10960466732098471
188.8666,128.011356,37.809933,2308.7530152000004,29.634,10.011,156.944,0.10960466732098471
188.8833,128.011382,37.80989,2309.1169464,29.648,10.216,157.044,0.10960466732098471
188.9,128.011409,37.809848,2309.4976416,29.663,10.42,157.145,0.10960466732098471
188.9166,128.011435,37.809806,2309.8941864000003,29.681,10.624,157.246,0.10960466732098471
188.9333,128.011461,37.809763,2310.3071904,29.702,10.828,157.348,0.10960466732098471
188.95,128.011487,37.809721,2310.7363488,29.724,11.032,157.45,0.10960466732098471
188.9666,128.011512,37.809679,2311.1819664000004,29.749,11.236,157.553,0.10960466732098471
188.9833,128.011538,37.809636,2311.6437384,29.776,11.439,157.656,0.10960466732098471
189.0,128.011564,37.809594,2312.1216648,29.805,11.643,157.761,0.10960466732098471
189.0166,128.011589,37.809552,2312.6157456,29.836,11.846,157.865,0.10960466732098471
189.0333,128.011614,37.809509,2313.1265904,29.87,12.049,157.971,0.10960466732098471
189.05,128.011639,37.809467,2313.6532848,29.905,12.251,158.077,0.10960466732098471
189.0666,128.011664,37.809425,2314.1964384000003,29.943,12.454,158.183,0.10960466732098471
189.0833,128.011689,37.809382,2314.7557464,29.982,12.657,158.291,0.10960466732098471
189.1,128.011714,37.80934,2315.3312088000002,30.024,12.859,158.399,0.10960466732098471
189.1166,128.011738,37.809298,2315.9231304,30.068,13.062,158.507,0.10960466732098471
189.1333,128.011763,37.809255,2316.5312064,30.114,13.264,158.617,0.10960466732098471
189.15,128.011787,37.809213,2317.1557416,30.161,13.466,158.727,0.10960466732098471
189.1666,128.011811,37.809171,2317.7964312000004,30.211,13.668,158.838,0.10960466732098471
189.1833,128.011835,37.809128,2318.4532752,30.263,13.87,158.949,0.10960466732098471
189.2,128.011859,37.809086,2319.1262736,30.316,14.072,159.061,0.10960466732098471
189.2166,128.011883,37.809044,2319.8157312000003,30.372,14.273,159.174,0.10960466732098471
189.2333,128.011907,37.809001,2320.5210384,30.429,14.475,159.288,0.10960466732098471
189.25,128.01193,37.808959,2321.2428048,30.488,14.676,159.402,0.10960466732098471
189.2666,128.011954,37.808916,2321.9807256,30.549,14.878,159.517,0.10960466732098471
189.2833,128.011977,37.808874,2322.7348008,30.612,15.079,159.633,0.10960466732098471
189.3,128.012,37.808832,2323.5053352,30.677,15.28,159.75,0.10960466732098471
189.3166,128.012023,37.808789,2324.2917192,30.744,15.481,159.867,0.10960466732098471
189.3333,128.012046,37.808747,2325.0942576,30.812,15.682,159.985,0.10960466732098471
189.35,128.012068,37.808705,2325.9129504,30.882,15.882,160.104,0.10960466732098471
189.3666,128.012091,37.808662,2326.7477976,30.954,16.083,160.224,0.10960466732098471
189.3833,128.012113,37.80862,2327.5987992,31.028,16.284,160.344,0.10960466732098471
189.4,128.012136,37.808578,2328.4659552,31.103,16.484,160.466,0.10960466732098471
189.4166,128.012158,37.808535,2329.3492656,31.18,16.684,160.588,0.10960466732098471
189.4333,128.01218,37.808493,2330.2484256,31.259,16.884,160.711,0.10960466732098471
189.45,128.012202,37.808451,2331.16374,31.338,17.084,160.835,0.10960466732098471
189.4666,128.012223,37.808409,2332.0952088,31.419,17.283,160.96,0.10960466732098471
189.4833,128.012245,37.808366,2333.0425272,31.502,17.483,161.086,0.10960466732098471
189.5,128.012266,37.808324,2334.0060000000003,31.587,17.682,161.212,0.10960466732098471
189.5166,128.012288,37.808282,2334.9853224,31.674,17.881,161.34,0.10960466732098471
189.5333,128.012309,37.80824,2335.9807992,31.762,18.08,161.469,0.10960466732098471
189.55,128.01233,37.808197,2336.9924304,31.85,18.278,161.599,0.10960466732098471
189.5666,128.012351,37.808155,2338.0196064,31.939,18.476,161.73,0.10960466732098471
189.5833,128.012371,37.808113,2339.0629368000004,32.03,18.674,161.862,0.10960466732098471
189.6,128.012392,37.808071,2340.121812,32.123,18.872,161.995,0.10960466732098471
189.6166,128.012412,37.808028,2341.1968416,32.219,19.069,162.128,0.10960466732098471
189.6333,128.012433,37.807986,2342.2877208,32.315,19.266,162.263,0.10960466732098471
189.65,128.012453,37.807944,2343.3944496,32.411,19.463,162.399,0.10960466732098471
189.6666,128.012473,37.807902,2344.517028,32.509,19.659,162.537,0.10960466732098471
189.6833,128.012493,37.80786,2345.6554560000004,32.608,19.856,162.675,0.10960466732098471
189.7,128.012512,37.807818,2346.8094288,32.709,20.052,162.814,0.10960466732098471
189.7166,128.012532,37.807776,2347.9792512,32.812,20.248,162.954,0.10960466732098471
189.7333,128.012551,37.807734,2349.1649232000004,32.915,20.443,163.094,0.10960466732098471
189.75,128.012571,37.807691,2350.3664448000004,33.018,20.638,163.237,0.10960466732098471
189.7666,128.01259,37.807649,2351.5835112,33.122,20.833,163.38,0.10960466732098471
189.7833,128.012609,37.807607,2352.8164272,33.228,21.027,163.524,0.10960466732098471
189.8,128.012627,37.807565,2354.0648880000003,33.335,21.222,163.669,0.10960466732098471
189.8166,128.012646,37.807523,2355.3288936000004,33.444,21.416,163.815,0.10960466732098471
189.8333,128.012665,37.807481,2356.608444,33.552,21.609,163.962,0.10960466732098471
189.85,128.012683,37.807439,2357.903844,33.661,21.803,164.11,0.10960466732098471
189.8666,128.012701,37.807397,2359.2147888,33.77,21.996,164.259,0.10960466732098471
189.8833,128.012719,37.807356,2360.5409736,33.881,22.189,164.41,0.10960466732098471
189.9,128.012737,37.807314,2361.8827032,33.992,22.381,164.561,0.10960466732098471
189.9166,128.012755,37.807272,2363.2399776,34.105,22.574,164.713,0.10960466732098471
189.9333,128.012773,37.80723,2364.612492,34.218,22.766,164.866,0.10960466732098471
189.95,128.01279,37.807188,2366.0005512000002,34.331,22.958,165.02,0.10960466732098471
189.9666,128.012807,37.807146,2367.4041552,34.444,23.15,165.175,0.10960466732098471
189.9833,128.012825,37.807104,2368.8226944000003,34.557,23.341,165.331,0.10960466732098471
190.0,128.012842,37.807063,2370.2567784000003,34.672,23.532,165.488,0.10960466732098471
190.0166,128.012859,37.807021,2371.7057976,34.788,23.723,165.646,0.10960466732098471
190.0333,128.012875,37.806979,2373.1703616,34.903,23.914,165.805,0.10960466732098471
190.05,128.012892,37.806938,2374.6498608,35.018,24.105,165.965,0.10960466732098471
190.0666,128.012908,37.806896,2376.1449048000004,35.133,24.295,166.126,0.10960466732098471
190.0833,128.012924,37.806854,2377.6545792,35.249,24.485,166.288,0.10960466732098471
190.1,128.01294,37.806813,2379.1794936,35.365,24.675,166.451,0.10960466732098471
190.1166,128.012956,37.806771,2380.7193432,35.482,24.865,166.614,0.10960466732098471
190.1333,128.012972,37.80673,2382.2744328,35.599,25.054,166.779,0.10960466732098471
190.15,128.012988,37.806688,2383.8444576,35.714,25.244,166.944,0.10960466732098471
190.1666,128.013003,37.806647,2385.4294176000003,35.83,25.433,167.111,0.10960466732098471
190.1833,128.013019,37.806605,2387.0293128000003,35.946,25.622,167.278,0.10960466732098471
190.2,128.013034,37.806564,2388.6438384000003,36.062,25.811,167.446,0.10960466732098471
190.2166,128.013049,37.806522,2390.2732992,36.179,25.999,167.615,0.10960466732098471
190.2333,128.013064,37.806481,2391.9173904,36.295,26.188,167.785,0.10960466732098471
190.25,128.013078,37.80644,2393.5764168,36.411,26.376,167.956,0.10960466732098471
190.2666,128.013093,37.806398,2395.2503784,36.526,26.564,168.128,0.10960466732098471
190.2833,128.013107,37.806357,2396.9386656,36.641,26.752,168.3,0.10960466732098471
190.3,128.013121,37.806316,2398.6415832000002,36.756,26.94,168.474,0.10960466732098471
190.3166,128.013135,37.806275,2400.3591312000003,36.872,27.128,168.648,0.10960466732098471
190.3333,128.013149,37.806233,2402.0916144000003,36.986,27.315,168.824,0.10960466732098471
190.35,128.013163,37.806192,2403.8384232000003,37.1,27.503,169.0,0.10960466732098471
190.3666,128.013176,37.806151,2405.5995576,37.213,27.69,169.176,0.10960466732098471
190.3833,128.01319,37.80611,2407.3753224,37.326,27.877,169.354,0.10960466732098471
190.4,128.013203,37.806069,2409.1654128,37.44,28.064,169.533,0.10960466732098471
190.4166,128.013216,37.806028,2410.9698288000004,37.553,28.25,169.713,0.10960466732098471
190.4333,128.013229,37.805987,2412.7888752000003,37.666,28.437,169.893,0.10960466732098471
190.45,128.013242,37.805946,2414.6222472,37.777,28.624,170.074,0.10960466732098471
190.4666,128.013254,37.805906,2416.4696400000003,37.888,28.81,170.256,0.10960466732098471
190.4833,128.013267,37.805865,2418.3313584,37.999,28.996,170.439,0.10960466732098471
190.5,128.013279,37.805824,2420.2070976,38.109,29.182,170.623,0.10960466732098471
190.5166,128.013291,37.805783,2422.0971624,38.22,29.368,170.808,0.10960466732098471
190.5333,128.013303,37.805743,2424.001248,38.33,29.553,170.994,0.10960466732098471
190.55,128.013314,37.805702,2425.9196592000003,38.439,29.739,171.18,0.10960466732098471
190.5666,128.013326,37.805662,2427.8520912000004,38.548,29.924,171.367,0.10960466732098471
190.5833,128.013337,37.805621,2429.7982392000004,38.656,30.11,171.555,0.10960466732098471
190.6,128.013349,37.805581,2431.758408,38.764,30.295,171.744,0.10960466732098471
190.6166,128.01336,37.80554,2433.7325976,38.872,30.48,171.935,0.10960466732098471
190.6333,128.013371,37.8055,2435.720808,38.98,30.664,172.125,0.10960466732098471
190.65,128.013381,37.805459,2437.7230392,39.086,30.849,172.317,0.10960466732098471
190.6666,128.013392,37.805419,2439.7386816000003,39.192,31.034,172.509,0.10960466732098471
190.6833,128.013402,37.805379,2441.7683448000002,39.298,31.218,172.703,0.10960466732098471
190.7,128.013413,37.805339,2443.811724,39.403,31.402,172.897,0.10960466732098471
190.7166,128.013423,37.805299,2445.8685144,39.509,31.586,173.092,0.10960466732098471
190.7333,128.013432,37.805258,2447.9393256,39.614,31.77,173.289,0.10960466732098471
190.75,128.013442,37.805218,2450.023548,39.718,31.954,173.485,0.10960466732098471
190.7666,128.013452,37.805178,2452.1214864000003,39.822,32.137,173.683,0.10960466732098471
190.7833,128.013461,37.805138,2454.2331408,39.925,32.321,173.882,0.10960466732098471
190.8,128.01347,37.805099,2456.3579016000003,40.029,32.504,174.081,0.10960466732098471
190.8166,128.013479,37.805059,2458.4963784,40.132,32.687,174.282,0.10960466732098471
190.8333,128.013488,37.805019,2460.6482664000005,40.235,32.87,174.483,0.10960466732098471
190.85,128.013497,37.804979,2462.8135656,40.337,33.053,174.685,0.10960466732098471
190.8666,128.013506,37.80494,2464.992276,40.439,33.236,174.888,0.10960466732098471
190.8833,128.013514,37.8049,2467.1843976,40.541,33.419,175.092,0.10960466732098471
190.9,128.013522,37.804861,2469.3896256,40.643,33.601,175.297,0.10960466732098471
190.9166,128.01353,37.804821,2471.6079600000003,40.745,33.783,175.503,0.10960466732098471
190.9333,128.013538,37.804782,2473.8397056,40.847,33.965,175.71,0.10960466732098471
190.95,128.013546,37.804742,2476.0848624,40.948,34.148,175.917,0.10960466732098471
190.9666,128.013553,37.804703,2478.3428208,41.048,34.33,176.126,0.10960466732098471
190.9833,128.013561,37.804664,2480.6138856000002,41.149,34.511,176.335,0.10960466732098471
191.0,128.013568,37.804625,2482.8980568,41.25,34.693,176.545,0.10960466732098471
191.0166,128.013575,37.804585,2485.1950296,41.351,34.874,176.757,0.10960466732098471
191.0333,128.013582,37.804546,2487.5054136000003,41.452,35.055,176.969,0.10960466732098471
191.05,128.013588,37.804507,2489.8285992,41.552,35.237,177.182,0.10960466732098471
191.0666,128.013595,37.804469,2492.1645864,41.653,35.418,177.396,0.10960466732098471
191.0833,128.013601,37.80443,2494.5133752,41.753,35.599,177.61,0.10960466732098471
191.1,128.013607,37.804391,2496.8749656,41.854,35.779,177.826,0.10960466732098471
191.1166,128.013613,37.804352,2499.2493576,41.954,35.96,178.043,0.10960466732098471
191.1333,128.013619,37.804314,2501.6365511999998,42.055,36.14,178.26,0.10960466732098471
191.15,128.013625,37.804275,2504.0365464,42.155,36.32,178.478,0.10960466732098471
191.1666,128.01363,37.804236,2506.4490384,42.255,36.499,178.697,0.10960466732098471
191.1833,128.013636,37.804198,2508.8740272,42.355,36.679,178.917,0.10960466732098471
191.2,128.013641,37.80416,2511.3118176,42.455,36.858,179.137,0.10960466732098471
191.2166,128.013646,37.804121,2513.7621048,42.556,37.036,179.358,0.10960466732098471
191.2333,128.013651,37.804083,2516.2248888000004,42.656,37.215,179.581,0.10960466732098471
191.25,128.013655,37.804045,2518.7001695999998,42.757,37.393,179.803,0.10960466732098471
191.2666,128.01366,37.804007,2521.1876423999997,42.857,37.571,180.027,0.10960466732098471
191.2833,128.013664,37.803969,2523.6879168000005,42.957,37.749,180.252,0.10960466732098471
191.3,128.013668,37.803931,2526.2000784000006,43.058,37.926,180.477,0.10960466732098471
191.3166,128.013672,37.803893,2528.7247368000003,43.159,38.104,180.703,0.10960466732098471
191.3333,128.013676,37.803855,2531.2615872,43.26,38.281,180.931,0.10960466732098471
191.35,128.013679,37.803817,2533.8106296,43.36,38.458,181.159,0.10960466732098471
191.3666,128.013683,37.80378,2536.371864,43.462,38.634,181.387,0.10960466732098471
191.3833,128.013686,37.803742,2538.9452904,43.563,38.811,181.617,0.10960466732098471
191.4,128.013689,37.803705,2541.530604,43.665,38.987,181.848,0.10960466732098471
191.4166,128.013692,37.803667,2544.1281096000002,43.767,39.163,182.08,0.10960466732098471
191.4333,128.013695,37.80363,2546.7378072,43.869,39.338,182.312,0.10960466732098471
191.45,128.013698,37.803593,2549.3590872000004,43.972,39.514,182.546,0.10960466732098471
191.4666,128.0137,37.803556,2551.9922544,44.075,39.689,182.78,0.10960466732098471
191.4833,128.013702,37.803519,2554.6376136,44.178,39.864,183.016,0.10960466732098471
191.5,128.013704,37.803482,2557.2945552,44.282,40.039,183.252,0.10960466732098471
191.5166,128.013706,37.803445,2559.9630792000003,44.387,40.213,183.49,0.10960466732098471
191.5333,128.013708,37.803408,2562.6434904,44.492,40.387,183.728,0.10960466732098471
191.55,128.01371,37.803371,2565.3357888,44.597,40.561,183.967,0.10960466732098471
191.5666,128.013711,37.803334,2568.0393648,44.702,40.735,184.208,0.10960466732098471
191.5833,128.013712,37.803298,2570.754828,44.808,40.909,184.449,0.10960466732098471
191.6,128.013713,37.803261,2573.4815688000003,44.915,41.082,184.691,0.10960466732098471
191.6166,128.013714,37.803225,2576.2198920000005,45.023,41.255,184.935,0.10960466732098471
191.6333,128.013715,37.803189,2578.9697976,45.13,41.428,185.179,0.10960466732098471
191.65,128.013716,37.803152,2581.7309808,45.239,41.601,185.425,0.10960466732098471
191.6666,128.013716,37.803116,2584.5037464,45.348,41.773,185.671,0.10960466732098471
191.6833,128.013716,37.80308,2587.2877896000005,45.457,41.945,185.919,0.10960466732098471
191.7,128.013716,37.803044,2590.0831104,45.567,42.117,186.167,0.10960466732098471
191.7166,128.013716,37.803008,2592.889404,45.679,42.288,186.417,0.10960466732098471
191.7333,128.013716,37.802973,2595.7069752,45.79,42.46,186.668,0.10960466732098471
191.75,128.013715,37.802937,2598.535824,45.902,42.631,186.92,0.10960466732098471
191.7666,128.013715,37.802901,2601.3756456,46.015,42.802,187.173,0.10960466732098471
191.7833,128.013714,37.802866,2604.22644,46.129,42.972,187.427,0.10960466732098471
191.8,128.013713,37.802831,2607.0882072000004,46.243,43.143,187.683,0.10960466732098471
191.8166,128.013712,37.802795,2609.9609472,46.359,43.313,187.939,0.10960466732098471
191.8333,128.013711,37.80276,2612.8443552000003,46.474,43.483,188.197,0.10960466732098471
191.85,128.013709,37.802725,2615.7387360000002,46.591,43.652,188.456,0.10960466732098471
191.8666,128.013708,37.80269,2618.6437848000005,46.708,43.821,188.716,0.10960466732098471
191.8833,128.013706,37.802655,2621.5598064,46.827,43.99,188.977,0.10960466732098471
191.9,128.013704,37.80262,2624.4861912,46.946,44.159,189.24,0.10960466732098471
191.9166,128.013702,37.802586,2627.4232440000005,47.066,44.328,189.504,0.10960466732098471
191.9333,128.0137,37.802551,2630.3709648,47.186,44.496,189.769,0.10960466732098471
191.95,128.013698,37.802516,2633.3290488000002,47.308,44.664,190.035,0.10960466732098471
191.9666,128.013695,37.802482,2636.297496,47.43,44.831,190.303,0.10960466732098471
191.9833,128.013692,37.802448,2639.2766112,47.553,44.999,190.572,0.10960466732098471
192.0,128.013689,37.802413,2642.2657848000003,47.677,45.166,190.842,0.10960466732098471
192.0166,128.013686,37.802379,2645.2653216,47.802,45.333,191.114,0.10960466732098471
192.0333,128.013683,37.802345,2648.2752216,47.928,45.499,191.387,0.10960466732098471
192.05,128.01368,37.802312,2651.29518,48.055,45.665,191.661,0.10960466732098471
192.0666,128.013676,37.802278,2654.3251968,48.183,45.831,191.936,0.10960466732098471
192.0833,128.013673,37.802244,2657.3655768,48.311,45.997,192.213,0.10960466732098471
192.1,128.013669,37.80221,2660.4157104,48.441,46.162,192.491,0.10960466732098471
192.1166,128.013665,37.802177,2663.4759024,48.571,46.327,192.771,0.10960466732098471
192.1333,128.013661,37.802144,2666.5461528,48.703,46.491,193.052,0.10960466732098471
192.15,128.013656,37.80211,2669.625852,48.835,46.656,193.335,0.10960466732098471
192.1666,128.013652,37.802077,2672.7156096000003,48.968,46.82,193.618,0.10960466732098471
192.1833,128.013647,37.802044,2675.8151208000004,49.102,46.983,193.904,0.10960466732098471
192.2,128.013642,37.802011,2678.9243856,49.237,47.147,194.191,0.10960466732098471
192.2166,128.013637,37.801979,2682.043404,49.373,47.31,194.479,0.10960466732098471
192.2333,128.013632,37.801946,2685.1718712,49.51,47.472,194.769,0.10960466732098471
192.25,128.013627,37.801913,2688.3097872000003,49.648,47.635,195.06,0.10960466732098471
192.2666,128.013622,37.801881,2691.457152,49.786,47.797,195.353,0.10960466732098471
192.2833,128.013616,37.801849,2694.6142704,49.926,47.958,195.647,0.10960466732098471
192.3,128.01361,37.801816,2697.7805328000004,50.067,48.12,195.943,0.10960466732098471
192.3166,128.013604,37.801784,2700.9562440000004,50.209,48.281,196.24,0.10960466732098471
192.3333,128.013598,37.801752,2704.1410992,50.351,48.441,196.539,0.10960466732098471
192.35,128.013592,37.80172,2707.3350984000003,50.494,48.601,196.84,0.10960466732098471
192.3666,128.013586,37.801689,2710.5385464000005,50.638,48.761,197.142,0.10960466732098471
192.3833,128.013579,37.801657,2713.7508336,50.784,48.921,197.445,0.10960466732098471
192.4,128.013573,37.801625,2716.9722647999997,50.93,49.08,197.751,0.10960466732098471
192.4166,128.013566,37.801594,2720.2025352000005,51.077,49.239,198.058,0.10960466732098471
192.4333,128.013559,37.801563,2723.4419496,51.225,49.397,198.366,0.10960466732098471
192.45,128.013552,37.801532,2726.6902032000003,51.374,49.555,198.677,0.10960466732098471
192.4666,128.013545,37.801501,2729.9476008,51.524,49.713,198.988,0.10960466732098471
192.4833,128.013537,37.80147,2733.2132280000005,51.674,49.87,199.302,0.10960466732098471
192.5,128.01353,37.801439,2736.4879992,51.826,50.027,199.617,0.10960466732098471
192.5166,128.013522,37.801408,2739.7713048,51.979,50.183,199.934,0.10960466732098471
192.5333,128.013514,37.801378,2743.0631448,52.132,50.339,200.253,0.10960466732098471
192.55,128.013506,37.801347,2746.363824,52.286,50.495,200.574,0.10960466732098471
192.5666,128.013498,37.801317,2749.6727328,52.441,50.65,200.896,0.10960466732098471
192.5833,128.01349,37.801287,2752.9901760000002,52.596,50.805,201.22,0.10960466732098471
192.6,128.013481,37.801257,2756.3161536,52.753,50.959,201.545,0.10960466732098471
192.6166,128.013473,37.801227,2759.6503608,52.911,51.113,201.873,0.10960466732098471
192.6333,128.013464,37.801197,2762.9931024,53.069,51.267,202.203,0.10960466732098471
192.65,128.013455,37.801168,2766.3437688000004,53.227,51.42,202.534,0.10960466732098471
192.6666,128.013446,37.801138,2769.7026648,53.386,51.573,202.867,0.10960466732098471
192.6833,128.013437,37.801109,2773.0697904,53.546,51.726,203.201,0.10960466732098471
192.7,128.013427,37.80108,2776.4451456,53.707,51.878,203.538,0.10960466732098471
192.7166,128.013418,37.80105,2779.8284256,53.869,52.029,203.877,0.10960466732098471
192.7333,128.013408,37.801021,2783.2196304000004,54.031,52.18,204.217,0.10960466732098471
192.75,128.013399,37.800993,2786.6187600000003,54.193,52.331,204.56,0.10960466732098471
192.7666,128.013389,37.800964,2790.0258144000004,54.355,52.482,204.904,0.10960466732098471
192.7833,128.013379,37.800935,2793.4407936000002,54.518,52.632,205.25,0.10960466732098471
192.8,128.013369,37.800907,2796.8633928,54.682,52.781,205.598,0.10960466732098471
192.8166,128.013358,37.800879,2800.2936120000004,54.847,52.93,205.948,0.10960466732098471
192.8333,128.013348,37.80085,2803.7314512,55.011,53.079,206.3,0.10960466732098471
192.85,128.013337,37.800822,2807.1772152,55.176,53.227,206.654,0.10960466732098471
192.8666,128.013327,37.800794,2810.6302944,55.34,53.375,207.01,0.10960466732098471
192.8833,128.013316,37.800767,2814.0909936000003,55.504,53.523,207.368,0.10960466732098471
192.9,128.013305,37.800739,2817.5590079999997,55.67,53.67,207.728,0.10960466732098471
192.9166,128.013294,37.800712,2821.0346424,55.836,53.816,208.09,0.10960466732098471
192.9333,128.013282,37.800684,2824.5175920000006,56.001,53.962,208.454,0.10960466732098471
192.95,128.013271,37.800657,2828.007552,56.165,54.108,208.82,0.10960466732098471
192.9666,128.013259,37.80063,2831.5051320000002,56.329,54.254,209.187,0.10960466732098471
192.9833,128.013248,37.800603,2835.0097224,56.492,54.399,209.557,0.10960466732098471
193.0,128.013236,37.800576,2838.5213232,56.656,54.544,209.929,0.10960466732098471
193.0166,128.013224,37.80055,2842.0402392,56.821,54.688,210.304,0.10960466732098471
193.0333,128.013212,37.800523,2845.5661656,56.983,54.832,210.68,0.10960466732098471
193.05,128.0132,37.800497,2849.0991024,57.144,54.976,211.058,0.10960466732098471
193.0666,128.013187,37.800471,2852.6390496,57.303,55.119,211.438,0.10960466732098471
193.0833,128.013175,37.800445,2856.1857024,57.462,55.262,211.82,0.10960466732098471
193.1,128.013162,37.800419,2859.7393656,57.62,55.405,212.205,0.10960466732098471
193.1166,128.01315,37.800393,2863.2997344,57.779,55.547,212.592,0.10960466732098471
193.1333,128.013137,37.800368,2866.8671136000003,57.934,55.689,212.98,0.10960466732098471
193.15,128.013124,37.800342,2870.4408936000004,58.086,55.831,213.371,0.10960466732098471
193.1666,128.013111,37.800317,2874.0213792,58.235,55.973,213.763,0.10960466732098471
193.1833,128.013098,37.800292,2877.6088752,58.382,56.114,214.158,0.10960466732098471
193.2,128.013084,37.800267,2881.2024672,58.529,56.255,214.555,0.10960466732098471
193.2166,128.013071,37.800242,2884.8027647999997,58.675,56.396,214.954,0.10960466732098471
193.2333,128.013057,37.800217,2888.409768,58.807,56.534,215.347,0.10960466732098471
193.25,128.013044,37.800193,2892.023172,58.927,56.669,215.733,0.10960466732098471
193.2666,128.01303,37.800168,2895.642672,59.037,56.804,216.116,0.10960466732098471
193.2833,128.013016,37.800144,2899.2688776000005,59.142,56.937,216.499,0.10960466732098471
193.3,128.013002,37.80012,2902.9011792,59.244,57.07,216.884,0.10960466732098471
193.3166,128.012988,37.800096,2906.5395768,59.344,57.203,217.271,0.10960466732098471
193.3333,128.012973,37.800072,2910.1846800000003,59.41,57.327,217.631,0.10960466732098471
193.35,128.012959,37.800049,2913.8355744,59.416,57.434,217.935,0.10960466732098471
193.3666,128.012945,37.800025,2917.4925648,59.374,57.528,218.194,0.10960466732098471
193.3833,128.01293,37.800002,2921.1553464000003,59.304,57.614,218.429,0.10960466732098471
193.4,128.012915,37.799979,2924.8239192000005,59.221,57.699,218.657,0.10960466732098471
193.4166,128.0129,37.799956,2928.4982832,59.133,57.784,218.888,0.10960466732098471
193.4333,128.012886,37.799933,2932.1784384000002,59.008,57.861,219.09,0.10960466732098471
193.45,128.012871,37.79991,2935.8643848,58.836,57.926,219.251,0.10960466732098471
193.4666,128.012855,37.799888,2939.5555128,58.628,57.983,219.383,0.10960466732098471
193.4833,128.01284,37.799865,2943.2518224,58.401,58.035,219.502,0.10960466732098471
193.5,128.012825,37.799843,2946.9536184000003,58.166,58.088,219.62,0.10960466732098471
193.5166,128.01281,37.799821,2950.6602912000003,57.929,58.143,219.743,0.10960466732098471
193.5333,128.012794,37.799799,2954.3718408,57.678,58.191,219.847,0.10960466732098471
193.55,128.012779,37.799777,2958.0882672,57.415,58.232,219.932,0.10960466732098471
193.5666,128.012763,37.799755,2961.8095704,57.148,58.27,220.009,0.10960466732098471
193.5833,128.012747,37.799734,2965.5357504000003,56.883,58.308,220.084,0.10960466732098471
193.6,128.012732,37.799712,2969.2661976,56.624,58.348,220.162,0.10960466732098471
193.6166,128.012716,37.799691,2973.0012168000003,56.372,58.39,220.246,0.10960466732098471
193.6333,128.0127,37.79967,2976.7405032000006,56.132,58.429,220.322,0.10960466732098471
193.65,128.012684,37.799648,2980.4840568,55.905,58.463,220.392,0.10960466732098471
193.6666,128.012668,37.799627,2984.2318776,55.691,58.496,220.459,0.10960466732098471
193.6833,128.012652,37.799607,2987.9836608,55.491,58.53,220.527,0.10960466732098471
193.7,128.012636,37.799586,2991.7397112000003,55.305,58.566,220.597,0.10960466732098471
193.7166,128.012619,37.799565,2995.499724,55.13,58.605,220.672,0.10960466732098471
193.7333,128.012603,37.799544,2999.2633944,54.972,58.641,220.74,0.10960466732098471
193.75,128.012587,37.799524,3003.0310272,54.827,58.673,220.803,0.10960466732098471
193.7666,128.01257,37.799504,3006.8023176,54.696,58.704,220.865,0.10960466732098471
193.7833,128.012554,37.799483,3010.5775704000002,54.579,58.736,220.927,0.10960466732098471
193.8,128.012537,37.799463,3014.3564808,54.475,58.769,220.991,0.10960466732098471
193.8166,128.012521,37.799443,3018.1387440000003,54.381,58.805,221.058,0.10960466732098471
193.8333,128.012504,37.799423,3021.9246648,54.297,58.837,221.119,0.10960466732098471
193.85,128.012488,37.799403,3025.7139384,54.222,58.866,221.174,0.10960466732098471
193.8666,128.012471,37.799383,3029.5068696,54.156,58.894,221.227,0.10960466732098471
193.8833,128.012454,37.799363,3033.3031536,54.1,58.922,221.279,0.10960466732098471
193.9,128.012437,37.799344,3037.1024856,54.053,58.952,221.334,0.10960466732098471
193.9166,128.012421,37.799324,3040.9054752,54.014,58.983,221.392,0.10960466732098471
193.9333,128.012404,37.799305,3044.7112079999997,53.982,59.011,221.444,0.10960466732098471
193.95,128.012387,37.799285,3048.5202936,53.953,59.036,221.491,0.10960466732098471
193.9666,128.01237,37.799266,3052.3324272,53.931,59.06,221.535,0.10960466732098471
193.9833,128.012353,37.799247,3056.1479136000003,53.915,59.083,221.579,0.10960466732098471
194.0,128.012336,37.799228,3059.9661432000003,53.907,59.108,221.626,0.10960466732098471
194.0166,128.012319,37.799209,3063.787116,53.905,59.134,221.675,0.10960466732098471
194.0333,128.012301,37.79919,3067.6111368,53.906,59.157,221.719,0.10960466732098471
194.05,128.012284,37.799171,3071.437596,53.91,59.178,221.758,0.10960466732098471
194.0666,128.012267,37.799152,3075.2671032000003,53.917,59.198,221.794,0.10960466732098471
194.0833,128.01225,37.799133,3079.0990488,53.929,59.217,221.832,0.10960466732098471
194.1,128.012233,37.799115,3082.9337376,53.948,59.237,221.871,0.10960466732098471
194.1166,128.012215,37.799096,3086.7705600000004,53.971,59.259,221.912,0.10960466732098471
194.1333,128.012198,37.799078,3090.6101256,54.003,59.28,221.957,0.10960466732098471
194.15,128.01218,37.799059,3094.4521296000003,54.042,59.303,222.006,0.10960466732098471
194.1666,128.012163,37.799041,3098.2962672,54.089,59.327,222.057,0.10960466732098471
194.1833,128.012145,37.799022,3102.1428432000002,54.141,59.351,222.112,0.10960466732098471
194.2,128.012128,37.799004,3105.9918576000005,54.199,59.376,222.169,0.10960466732098471
194.2166,128.01211,37.798986,3109.8430056,54.261,59.402,222.229,0.10960466732098471
194.2333,128.012093,37.798968,3113.6962872000004,54.319,59.424,222.28,0.10960466732098471
194.25,128.012075,37.79895,3117.5517024,54.372,59.442,222.321,0.10960466732098471
194.2666,128.012058,37.798932,3121.4089464000003,54.424,59.459,222.358,0.10960466732098471
194.2833,128.01204,37.798914,3125.268324,54.477,59.474,222.394,0.10960466732098471
194.3,128.012022,37.798896,3129.1298352000003,54.533,59.49,222.43,0.10960466732098471
194.3166,128.012004,37.798879,3132.9931752,54.593,59.506,222.468,0.10960466732098471
194.3333,128.011987,37.798861,3136.858344,54.652,59.521,222.502,0.10960466732098471
194.35,128.011969,37.798843,3140.7253416000003,54.71,59.534,222.534,0.10960466732098471
194.3666,128.011951,37.798826,3144.594168,54.769,59.546,222.564,0.10960466732098471
194.3833,128.011933,37.798808,3148.4645184,54.83,59.558,222.594,0.10960466732098471
194.4,128.011915,37.798791,3152.3366976,54.894,59.571,222.626,0.10960466732098471
194.4166,128.011897,37.798773,3156.2104008000006,54.961,59.584,222.66,0.10960466732098471
194.4333,128.011879,37.798756,3160.0859328000006,55.045,59.603,222.712,0.10960466732098471
194.45,128.011861,37.798739,3163.962684,55.145,59.628,222.78,0.10960466732098471
194.4666,128.011843,37.798721,3167.841264,55.256,59.656,222.86,0.10960466732098471
194.4833,128.011825,37.798704,3171.721368,55.374,59.687,222.946,0.10960466732098471
194.5,128.011807,37.798687,3175.602996,55.497,59.718,223.037,0.10960466732098471
194.5166,128.011789,37.79867,3179.4861480000004,55.623,59.75,223.129,0.10960466732098471
194.5333,128.011771,37.798653,3183.3705192,55.726,59.773,223.195,0.10960466732098471
194.55,128.011753,37.798636,3187.2561096000004,55.797,59.783,223.225,0.10960466732098471
194.5666,128.011734,37.798619,3191.143224,55.846,59.783,223.228,0.10960466732098471
194.5833,128.011716,37.798603,3195.0318624000006,55.882,59.779,223.216,0.10960466732098471
194.6,128.011698,37.798586,3198.9214152,55.914,59.772,223.199,0.10960466732098471
194.6166,128.01168,37.798569,3202.8121872,55.947,59.765,223.182,0.10960466732098471
194.6333,128.011661,37.798552,3206.7041784000003,55.987,59.761,223.174,0.10960466732098471
194.65,128.011643,37.798536,3210.5973888000003,56.036,59.762,223.178,0.10960466732098471
194.6666,128.011625,37.798519,3214.4915136,56.09,59.764,223.189,0.10960466732098471
194.6833,128.011606,37.798503,3218.3868576000004,56.149,59.769,223.206,0.10960466732098471
194.7,128.011588,37.798486,3222.283116,56.21,59.774,223.226,0.10960466732098471
194.7166,128.011569,37.79847,3226.1802888,56.273,59.78,223.248,0.10960466732098471
194.7333,128.011551,37.798453,3230.0783760000004,56.362,59.796,223.302,0.10960466732098471
194.75,128.011532,37.798437,3233.9776824000005,56.501,59.832,223.414,0.10960466732098471
194.7666,128.011514,37.798421,3237.8779032,56.688,59.886,223.584,0.10960466732098471
194.7833,128.011495,37.798404,3241.7790384,56.909,59.953,223.792,0.10960466732098471
194.8,128.011477,37.798388,3245.6813928,57.148,60.025,224.022,0.10960466732098471
194.8166,128.011458,37.798372,3249.5849664,57.394,60.1,224.26,0.10960466732098471
194.8333,128.01144,37.798356,3253.4897592,57.613,60.167,224.478,0.10960466732098471
194.85,128.011421,37.79834,3257.3951616000004,57.781,60.22,224.646,0.10960466732098471
194.8666,128.011402,37.798324,3261.3011736000003,57.873,60.248,224.736,0.10960466732098471
194.8833,128.011384,37.798308,3265.2084048,57.892,60.252,224.75,0.10960466732098471
194.9,128.011365,37.798292,3269.1162456,57.862,60.239,224.713,0.10960466732098471
194.9166,128.011346,37.798276,3273.0250008000003,57.806,60.217,224.65,0.10960466732098471
194.9333,128.011327,37.798261,3276.9346704,57.689,60.195,224.569,0.10960466732098471
194.95,128.011309,37.798245,3280.8455592,57.52,60.175,224.48,0.10960466732098471
194.9666,128.01129,37.798229,3284.7570576000003,57.312,60.156,224.389,0.10960466732098471
194.9833,128.011271,37.798214,3288.6694704,57.073,60.137,224.301,0.10960466732098471
195.0,128.011252,37.798198,3292.5824928,56.812,60.116,224.217,0.10960466732098471
195.0166,128.011233,37.798183,3296.4964296000003,56.536,60.095,224.137,0.10960466732098471
195.0333,128.011214,37.798167,3300.4106712000003,56.322,60.079,224.096,0.10960466732098471
195.05,128.011195,37.798152,3304.3252176,56.198,60.076,224.12,0.10960466732098471
195.0666,128.011176,37.798136,3308.2400688000002,56.182,60.1,224.233,0.10960466732098471
195.0833,128.011158,37.798121,3312.1555296,56.295,60.162,224.458,0.10960466732098471
195.1,128.011139,37.798105,3316.0716,56.511,60.253,224.773,0.10960466732098471
195.1166,128.01112,37.79809,3319.9885848000004,56.8,60.365,225.148,0.10960466732098471
195.1333,128.011101,37.798075,3323.906484,57.116,60.488,225.551,0.10960466732098471
195.15,128.011082,37.79806,3327.8256024,57.431,60.612,225.956,0.10960466732098471
195.1666,128.011062,37.798045,3331.7456352000004,57.718,60.727,226.332,0.10960466732098471
195.1833,128.011043,37.79803,3335.6665824,57.951,60.823,226.653,0.10960466732098471
195.2,128.011024,37.798015,3339.5878344000002,58.105,60.893,226.89,0.10960466732098471
195.2166,128.011005,37.798,3343.5100008000004,58.175,60.935,227.037,0.10960466732098471
195.2333,128.010986,37.797985,3347.432472,58.208,60.943,227.093,0.10960466732098471
195.25,128.010967,37.79797,3351.3555528,58.227,60.925,227.086,0.10960466732098471
195.2666,128.010948,37.797955,3355.2792432,58.252,60.895,227.043,0.10960466732098471
195.2833,128.010928,37.79794,3359.203848,58.295,60.86,226.983,0.10960466732098471
195.3,128.010909,37.797925,3363.1287576000004,58.36,60.824,226.916,0.10960466732098471
195.3166,128.01089,37.79791,3367.053972,58.445,60.79,226.847,0.10960466732098471
195.3333,128.010871,37.797896,3370.979796,58.558,60.757,226.778,0.10960466732098471
195.35,128.010851,37.797881,3374.9062296,58.694,60.725,226.711,0.10960466732098471
195.3666,128.010832,37.797866,3378.832968,58.847,60.694,226.646,0.10960466732098471
195.3833,128.010813,37.797852,3382.7600112,59.015,60.665,226.583,0.10960466732098471
195.4,128.010794,37.797837,3386.687664,59.194,60.636,226.521,0.10960466732098471
195.4166,128.010774,37.797822,3390.6153168000005,59.382,60.609,226.459,0.10960466732098471
195.4333,128.010755,37.797808,3394.5435792000003,59.575,60.583,226.399,0.10960466732098471
195.45,128.010736,37.797793,3398.4718416000005,59.774,60.557,226.34,0.10960466732098471
195.4666,128.010716,37.797779,3402.4004088,59.976,60.533,226.283,0.10960466732098471
195.4833,128.010697,37.797764,3406.3292808,60.182,60.509,226.227,0.10960466732098471
195.5,128.010677,37.79775,3410.2581528000005,60.391,60.486,226.172,0.10960466732098471
195.5166,128.010658,37.797735,3414.1873296000003,60.602,60.464,226.119,0.10960466732098471
195.5333,128.010638,37.797721,3418.1168112,60.811,60.443,226.067,0.10960466732098471
195.55,128.010619,37.797706,3422.045988,61.018,60.422,226.016,0.10960466732098471
195.5666,128.010599,37.797692,3425.9754696,61.223,60.402,225.967,0.10960466732098471
195.5833,128.01058,37.797677,3429.9049511999997,61.427,60.383,225.919,0.10960466732098471
195.6,128.01056,37.797663,3433.8344328000003,61.63,60.364,225.872,0.10960466732098471
195.6166,128.010541,37.797649,3437.7639144000004,61.834,60.346,225.827,0.10960466732098471
195.6333,128.010521,37.797634,3441.693396,62.034,60.328,225.783,0.10960466732098471
195.65,128.010502,37.79762,3445.6228776000003,62.231,60.311,225.74,0.10960466732098471
195.6666,128.010482,37.797606,3449.5520544,62.425,60.294,225.698,0.10960466732098471
195.6833,128.010463,37.797591,3453.4812312,62.617,60.278,225.657,0.10960466732098471
195.7,128.010443,37.797577,3457.4101032000003,62.808,60.261,225.618,0.10960466732098471
195.7166,128.010424,37.797563,3461.3389752000003,62.999,60.245,225.579,0.10960466732098471
195.7333,128.010404,37.797549,3465.2672376,63.188,60.23,225.542,0.10960466732098471
195.75,128.010384,37.797535,3469.1955000000003,63.375,60.214,225.505,0.10960466732098471
195.7666,128.010365,37.79752,3473.1234576,63.561,60.199,225.468,0.10960466732098471
195.7833,128.010345,37.797506,3477.0514152,63.746,60.185,225.433,0.10960466732098471
195.8,128.010325,37.797492,3480.9784584,63.931,60.17,225.399,0.10960466732098471
195.8166,128.010306,37.797478,3484.9055016,64.116,60.156,225.365,0.10960466732098471
195.8333,128.010286,37.797464,3488.8322399999997,64.303,60.141,225.333,0.10960466732098471
195.85,128.010266,37.79745,3492.7583688000004,64.491,60.127,225.301,0.10960466732098471
195.8666,128.010246,37.797435,3496.683888,64.68,60.113,225.27,0.10960466732098471
195.8833,128.010227,37.797421,3500.6094072,64.872,60.1,225.239,0.10960466732098471
195.9,128.010207,37.797407,3504.5340120000005,65.064,60.086,225.209,0.10960466732098471
195.9166,128.010187,37.797393,3508.4586168000005,65.258,60.073,225.18,0.10960466732098471
195.9333,128.010167,37.797379,3512.3820024,65.336,60.075,225.156,0.10960466732098471
195.95,128.010148,37.797365,3516.3050832,65.304,60.092,225.136,0.10960466732098471
195.9666,128.010128,37.797351,3520.2275544,65.159,60.117,225.12,0.10960466732098471
195.9833,128.010108,37.797337,3524.1497208,64.899,60.146,225.109,0.10960466732098471
196.0,128.010088,37.797323,3528.0715824000004,64.526,60.174,225.101,0.10960466732098471
196.0166,128.010068,37.797309,3531.9928344000004,64.045,60.2,225.096,0.10960466732098471
196.0333,128.010048,37.797295,3535.9137816,63.46,60.225,225.091,0.10960466732098471
196.05,128.010029,37.797281,3539.8341192000003,62.779,60.247,225.087,0.10960466732098471
196.0666,128.010009,37.797268,3543.754152,62.008,60.269,225.082,0.10960466732098471
196.0833,128.009989,37.797254,3547.6735752000004,61.153,60.289,225.077,0.10960466732098471
196.1,128.009969,37.797241,3551.5926936,60.22,60.308,225.071,0.10960466732098471
196.1166,128.009949,37.797227,3555.5112024,59.214,60.326,225.066,0.10960466732098471
196.1333,128.009929,37.797214,3559.4294064,58.154,60.337,225.052,0.10960466732098471
196.15,128.009909,37.7972,3563.3473056000003,57.059,60.341,225.031,0.10960466732098471
196.1666,128.009889,37.797187,3567.2649,55.942,60.338,225.007,0.10960466732098471
196.1833,128.009869,37.797173,3571.1818848000003,54.815,60.331,224.982,0.10960466732098471
196.2,128.009849,37.79716,3575.09826,53.685,60.321,224.958,0.10960466732098471
196.2166,128.009828,37.797147,3579.0143304000003,52.556,60.311,224.935,0.10960466732098471
196.2333,128.009808,37.797133,3582.9300960000005,51.598,60.296,224.955,0.10960466732098471
196.25,128.009788,37.79712,3586.8455568000004,50.807,60.279,225.015,0.10960466732098471
196.2666,128.009768,37.797107,3590.7601032000002,50.155,60.264,225.099,0.10960466732098471
196.2833,128.009748,37.797093,3594.6737352000005,49.615,60.252,225.19,0.10960466732098471
196.3,128.009728,37.79708,3598.5867576000005,49.162,60.247,225.281,0.10960466732098471
196.3166,128.009708,37.797067,3602.4991704000004,48.773,60.247,225.366,0.10960466732098471
196.3333,128.009688,37.797054,3606.4112784000004,48.311,60.264,225.435,0.10960466732098471
196.35,128.009668,37.79704,3610.3227768,47.778,60.296,225.489,0.10960466732098471
196.3666,128.009648,37.797027,3614.2342752000004,47.169,60.335,225.536,0.10960466732098471
196.3833,128.009628,37.797014,3618.1460784000005,46.485,60.377,225.581,0.10960466732098471
196.4,128.009608,37.797001,3622.0578816,45.727,60.419,225.627,0.10960466732098471
196.4166,128.009588,37.796988,3625.9702944,44.899,60.459,225.673,0.10960466732098471
196.4333,128.009568,37.796975,3629.8827072000004,44.253,60.47,225.736,0.10960466732098471
196.45,128.009547,37.796962,3633.7948152,43.795,60.448,225.813,0.10960466732098471
196.4666,128.009527,37.796949,3637.7069232000003,43.503,60.407,225.89,0.10960466732098471
196.4833,128.009507,37.796936,3641.6184215999997,43.354,60.36,225.957,0.10960466732098471
196.5,128.009487,37.796923,3645.5290056000003,43.322,60.314,226.009,0.10960466732098471
196.5166,128.009467,37.79691,3649.4389800000004,43.38,60.273,226.046,0.10960466732098471
196.5333,128.009447,37.796896,3653.3483448,43.523,60.237,226.071,0.10960466732098471
196.55,128.009427,37.796883,3657.2564904,43.731,60.205,226.089,0.10960466732098471
196.5666,128.009407,37.79687,3661.1643312,43.984,60.176,226.101,0.10960466732098471
196.5833,128.009387,37.796857,3665.0715624000004,44.268,60.15,226.108,0.10960466732098471
196.6,128.009367,37.796844,3668.978184,44.574,60.127,226.112,0.10960466732098471
196.6166,128.009347,37.796831,3672.8841960000004,44.892,60.106,226.112,0.10960466732098471
196.6333,128.009326,37.796818,3676.7895984,45.248,60.084,226.113,0.10960466732098471
196.65,128.009306,37.796805,3680.6940864000003,45.637,60.061,226.115,0.10960466732098471
196.6666,128.009286,37.796792,3684.5979647999998,46.054,60.037,226.118,0.10960466732098471
196.6833,128.009266,37.796779,3688.5009288,46.492,60.015,226.12,0.10960466732098471
196.7,128.009246,37.796766,3692.4032832,46.945,59.994,226.119,0.10960466732098471
196.7166,128.009226,37.796753,3696.3053328000005,47.41,59.974,226.117,0.10960466732098471
196.7333,128.009206,37.796739,3700.2061632,47.901,59.954,226.114,0.10960466732098471
196.75,128.009186,37.796726,3704.1060792000003,48.415,59.933,226.112,0.10960466732098471
196.7666,128.009165,37.796713,3708.0056904000003,48.948,59.912,226.11,0.10960466732098471
196.7833,128.009145,37.7967,3711.9043872,49.496,59.893,226.107,0.10960466732098471
196.8,128.009125,37.796687,3715.8021696,50.053,59.874,226.102,0.10960466732098471
196.8166,128.009105,37.796674,3719.6993424,50.617,59.856,226.095,0.10960466732098471
196.8333,128.009085,37.79666,3723.5956008000003,51.206,59.838,226.089,0.10960466732098471
196.85,128.009065,37.796647,3727.4909448,51.816,59.819,226.084,0.10960466732098471
196.8666,128.009044,37.796634,3731.3853744,52.444,59.8,226.078,0.10960466732098471
196.8833,128.009024,37.796621,3735.2791944,53.086,59.781,226.072,0.10960466732098471
196.9,128.009004,37.796607,3739.1721000000002,53.738,59.764,226.065,0.10960466732098471
196.9166,128.008984,37.796594,3743.064396,54.396,59.748,226.056,0.10960466732098471
196.9333,128.008964,37.796581,3746.9554728000003,54.911,59.745,226.03,0.10960466732098471
196.95,128.008944,37.796568,3750.8462448,55.288,59.755,225.987,0.10960466732098471
196.9666,128.008923,37.796554,3754.7361024,55.528,59.772,225.936,0.10960466732098471
196.9833,128.008903,37.796541,3758.6256552000004,55.634,59.791,225.881,0.10960466732098471
197.0,128.008883,37.796528,3762.5149032000004,55.612,59.811,225.828,0.10960466732098471
197.0166,128.008863,37.796515,3766.4035416,55.467,59.829,225.775,0.10960466732098471
197.0333,128.008843,37.796502,3770.2915704,55.208,59.846,225.728,0.10960466732098471
197.05,128.008822,37.796489,3774.1792944,54.843,59.863,225.684,0.10960466732098471
197.0666,128.008802,37.796476,3778.0667136,54.376,59.878,225.642,0.10960466732098471
197.0833,128.008782,37.796463,3781.953828,53.815,59.894,225.603,0.10960466732098471
197.1,128.008762,37.79645,3785.8403328000004,53.164,59.908,225.565,0.10960466732098471
197.1166,128.008742,37.796437,3789.7265328000003,52.429,59.921,225.528,0.10960466732098471
197.1333,128.008721,37.796424,3793.6121232000005,51.615,59.933,225.493,0.10960466732098471
197.15,128.008701,37.796411,3797.497104,50.728,59.944,225.459,0.10960466732098471
197.1666,128.008681,37.796399,3801.3820848000005,49.772,59.954,225.427,0.10960466732098471
197.1833,128.008661,37.796386,3805.266456,48.752,59.963,225.396,0.10960466732098471
197.2,128.00864,37.796373,3809.1505224,47.672,59.972,225.366,0.10960466732098471
197.2166,128.00862,37.796361,3813.0339792,46.538,59.979,225.338,0.10960466732098471
197.2333,128.0086,37.796348,3816.917436,45.358,59.988,225.319,0.10960466732098471
197.25,128.00858,37.796336,3820.8002832,44.136,59.999,225.307,0.10960466732098471
197.2666,128.008559,37.796323,3824.6831304,42.875,60.012,225.301,0.10960466732098471
197.2833,128.008539,37.796311,3828.5656728000004,41.576,60.026,225.299,0.10960466732098471
197.3,128.008519,37.796298,3832.4479104,40.241,60.039,225.3,0.10960466732098471
197.3166,128.008499,37.796286,3836.3301480000005,38.874,60.052,225.302,0.10960466732098471
197.3333,128.008478,37.796274,3840.2123856,37.481,60.067,225.312,0.10960466732098471
197.35,128.008458,37.796262,3844.0946232,36.067,60.086,225.328,0.10960466732098471
197.3666,128.008438,37.796249,3847.9768608,34.63,60.107,225.349,0.10960466732098471
197.3833,128.008418,37.796237,3851.8594032000005,33.173,60.129,225.372,0.10960466732098471
197.4,128.008398,37.796225,3855.7419456000002,31.697,60.151,225.397,0.10960466732098471
197.4166,128.008378,37.796213,3859.6247928000003,30.205,60.173,225.423,0.10960466732098471
197.4333,128.008358,37.796201,3863.5079448,28.695,60.193,225.448,0.10960466732098471
197.45,128.008338,37.796189,3867.3917064,27.17,60.21,225.47,0.10960466732098471
197.4666,128.008318,37.796177,3871.2754680000003,25.632,60.226,225.491,0.10960466732098471
197.4833,128.008298,37.796165,3875.1601440000004,24.083,60.241,225.511,0.10960466732098471
197.5,128.008278,37.796153,3879.0451248,22.525,60.254,225.531,0.10960466732098471
197.5166,128.008258,37.796142,3882.9307152,20.96,60.267,225.551,0.10960466732098471
197.5333,128.008238,37.79613,3886.81722,19.389,60.278,225.57,0.10960466732098471
197.55,128.008218,37.796118,3890.7040296,17.812,60.287,225.587,0.10913379661179003
197.5666,128.008198,37.796106,3894.5917536,16.231,60.295,225.605,0.10866275714833974
197.5833,128.008178,37.796095,3898.4803920000004,14.647,60.302,225.622,0.10819159082310462
197.6,128.008158,37.796083,3902.3699448,13.061,60.309,225.639,0.10772018305091338
197.6166,128.008139,37.796072,3906.2601072,11.475,60.315,225.656,0.10724867049415358
197.6333,128.008119,37.79606,3910.1511840000003,9.889,60.321,225.674,0.10677686936883336
197.65,128.008099,37.796049,3914.0434800000003,8.304,60.329,225.693,0.10595851586896633
197.6666,128.00808,37.796037,3917.9363856,6.719,60.337,225.711,0.10513938205750166
197.6833,128.00806,37.796026,3921.8305104,5.137,60.345,225.73,0.10431969896433035
197.7,128.008041,37.796014,3925.7258544,3.557,60.353,225.749,0.10349922337426455
197.7166,128.008021,37.796003,3929.621808,1.978,60.361,225.769,0.10267818896620666
197.7333,128.008002,37.795992,3933.5192856,0.403,60.371,225.788,0.10185635268455945
197.75,128.007983,37.79598,3937.4176776000004,-1.169,60.381,225.807,0.10103378864997647
197.7666,128.007963,37.795969,3941.3172888000004,-2.739,60.391,225.825,0.10021049029452132
197.7833,128.007944,37.795958,3945.2178144000004,-4.305,60.403,225.844,0.09938645390010539
197.8,128.007925,37.795946,3949.1195592000004,-5.869,60.414,225.862,0.09856167430347675
197.8166,128.007906,37.795935,3953.0225232000003,-7.43,60.426,225.879,0.09773637817111148
197.8333,128.007887,37.795924,3956.9267064,-8.987,60.437,225.896,0.09691040379269802
197.85,128.007868,37.795913,3960.8321088000002,-10.541,60.449,225.913,0.09608351206357606
197.8666,128.007849,37.795902,3964.7384256000005,-12.092,60.46,225.929,0.09525570008942724
197.8833,128.00783,37.795891,3968.6459616,-13.64,60.472,225.944,0.09442719241396579
197.9,128.007811,37.795879,3972.5547168000003,-15.185,60.483,225.959,0.09359798320578791
197.9166,128.007793,37.795868,3976.4646912000003,-16.727,60.495,225.973,0.09276829561824708
197.9333,128.007774,37.795857,3980.3755800000004,-18.267,60.506,225.986,0.09193773758444283
197.95,128.007756,37.795846,3984.2873832,-19.804,60.518,225.998,0.09110646383133734
197.9666,128.007737,37.795835,3988.2004056000005,-21.339,60.53,226.01,0.09027415023121774
197.9833,128.007719,37.795824,3992.1146472,-22.872,60.541,226.02,0.08944133779182377
198.0,128.0077,37.795813,3996.0294984,-24.403,60.553,226.03,0.08860747745353209
198.0166,128.007682,37.795802,3999.9455688000003,-25.933,60.565,226.039,0.0877729463672407
198.0333,128.007664,37.795791,4003.8625536,-27.462,60.577,226.046,0.08693758053505067
198.05,128.007646,37.79578,4007.7804528,-28.991,60.591,226.051,0.08610137185831461
198.0666,128.007628,37.795769,4011.6989616,-30.519,60.605,226.054,0.08526447608126168
198.0833,128.00761,37.795758,4015.6183848000005,-32.047,60.62,226.056,0.0844265617185972
198.1,128.007592,37.795747,4019.5384176000002,-33.575,60.634,226.056,0.08358778014600325
198.1166,128.007575,37.795736,4023.4590600000006,-35.103,60.649,226.055,0.08274834011403708
198.1333,128.007557,37.795725,4027.3806168000006,-36.632,60.663,226.052,0.08190785001096937
198.15,128.007539,37.795714,4031.3024784000004,-38.161,60.679,226.048,0.08106651999311915
198.1666,128.007522,37.795703,4035.2249496,-39.691,60.694,226.041,0.08022449787822723
198.1833,128.007504,37.795692,4039.1480304000006,-41.222,60.709,226.033,0.0793814460002072
198.2,128.007487,37.795681,4043.071416,-42.754,60.724,226.024,0.0785376756639337
198.2166,128.00747,37.795669,4046.9948016,-44.288,60.738,226.013,0.07769306661593185
198.2333,128.007453,37.795658,4050.9187968,-45.822,60.752,226.002,0.07684760066362063
198.25,128.007436,37.795647,4054.8427920000004,-47.356,60.765,225.991,0.07600143063346192
198.2666,128.007419,37.795636,4058.7667872000006,-48.892,60.778,225.979,0.07515437894714368
198.2833,128.007402,37.795625,4062.6907824000004,-50.43,60.79,225.966,0.07430621717017273
198.3,128.007385,37.795614,4066.6147776000003,-51.969,60.801,225.953,0.073457149345532
198.3166,128.007368,37.795602,4070.538468,-53.51,60.812,225.938,0.07260716156444892
198.3333,128.007351,37.795591,4074.4621584,-55.053,60.822,225.923,0.07175666912192592
198.35,128.007335,37.79558,4078.3852392000003,-56.598,60.832,225.908,0.0709052322791689
198.3666,128.007318,37.795569,4082.3080152,-58.146,60.841,225.892,0.07005283854711919
198.3833,128.007302,37.795557,4086.2301816000004,-59.697,60.85,225.875,0.0691994768817167
198.4,128.007286,37.795546,4090.1517384000003,-61.25,60.858,225.857,0.06834539451542757
198.4166,128.007269,37.795535,4094.0726856,-62.807,60.866,225.839,0.06749015656253321
198.4333,128.007253,37.795523,4097.9927184,-64.367,60.873,225.819,0.06663412106822462
198.45,128.007237,37.795512,4101.911532,-65.932,60.88,225.797,0.06577732165108842
198.4666,128.007221,37.7955,4105.829736,-67.501,60.887,225.774,0.06491932290911283
198.4833,128.007205,37.795489,4109.746416,-69.074,60.894,225.749,0.06406053086910425
198.5,128.007189,37.795477,4113.6621816,-70.651,60.9,225.723,0.06320071778182107
198.5166,128.007173,37.795465,4117.5764232,-72.232,60.905,225.697,0.06234007433964553
198.5333,128.007158,37.795454,4121.4891408,-73.817,60.91,225.669,0.06147836913020317
198.55,128.007142,37.795442,4125.4006392,-75.406,60.914,225.641,0.06061542377103868
198.5666,128.007126,37.79543,4129.3103088,-77.0,60.918,225.611,0.059751588124534696
198.5833,128.007111,37.795418,4133.2181496,-78.597,60.921,225.581,0.05888688299564927
198.6,128.007095,37.795406,4137.1238568,-80.198,60.924,225.55,0.05802107761840843
198.6166,128.00708,37.795394,4141.02804,-81.804,60.926,225.519,0.05715430916588156
198.6333,128.007065,37.795382,4144.929784800001,-83.412,60.927,225.489,0.05628639258855382
198.65,128.007049,37.79537,4148.829396,-85.023,60.928,225.46,0.05541750629850663
198.6666,128.007034,37.795358,4152.7268736000005,-86.637,60.928,225.432,0.054547584001226626
198.6833,128.007019,37.795346,4156.621608,-88.254,60.927,225.405,0.053676646033659646
198.7,128.007004,37.795334,4160.5142088,-89.875,60.926,225.377,0.05280466561707288
198.7166,128.006989,37.795322,4164.4037616000005,-91.5,60.924,225.35,0.0519314124832302
198.7333,128.006974,37.795309,4168.290876,-93.127,60.922,225.324,0.051057066476544004
198.75,128.006959,37.795297,4172.1749424,-94.758,60.919,225.299,0.05018180375012062
198.7666,128.006944,37.795284,4176.0559608,-96.393,60.916,225.274,0.049305394235532256
198.7833,128.006929,37.795272,4179.9339312,-98.031,60.912,225.25,0.048428016552495866
198.8,128.006914,37.795259,4183.8088536,-99.672,60.907,225.226,0.047549439575413986
198.8166,128.0069,37.795247,4187.6804232,-101.317,60.902,225.202,0.04666984293249516
198.8333,128.006885,37.795234,4191.54864,-102.966,60.897,225.179,0.04578867101782279
198.85,128.00687,37.795221,4195.4131992,-104.619,60.891,225.155,0.04490662674454209
198.8666,128.006856,37.795208,4199.2741008,-106.276,60.885,225.132,0.044023477894517944
198.8833,128.006841,37.795196,4203.1316496,-107.937,60.878,225.109,0.043139034034471994
198.9,128.006826,37.795183,4206.9849312,-109.601,60.871,225.086,0.042253433803985135
198.9166,128.006812,37.79517,4210.8345552,-111.269,60.863,225.063,0.04136664836397305
198.9333,128.006797,37.795156,4214.6802168,-112.94,60.855,225.041,0.040478689739600275
198.95,128.006783,37.795143,4218.5216112,-114.614,60.847,225.019,0.03958989712747415
198.9666,128.006768,37.79513,4222.3590432,-116.292,60.838,224.998,0.038699673653198895
198.9833,128.006754,37.795117,4226.1919032000005,-117.973,60.829,224.978,0.037808359890655174
199.0,128.006739,37.795103,4230.020496,-119.657,60.82,224.958,0.03691576232615557
199.0166,128.006725,37.79509,4233.8448216,-121.344,60.811,224.938,0.0360222210613489
199.0333,128.006711,37.795077,4237.6642704000005,-123.034,60.801,224.92,0.03512734347468195
199.05,128.006696,37.795063,4241.4794520000005,-124.726,60.792,224.904,0.0342309001021754
199.0666,128.006682,37.795049,4245.289452,-126.421,60.783,224.888,0.03333343545448076
199.0833,128.006668,37.795036,4249.0951848,-128.119,60.773,224.873,0.03243475896281307
199.1,128.006653,37.795022,4252.895736,-129.818,60.764,224.859,0.031534648505154125
199.1166,128.006639,37.795008,4256.6914104,-131.521,60.754,224.846,0.030633443489230857
199.1333,128.006624,37.794994,4260.482208,-133.224,60.745,224.835,0.02973095784932052
199.15,128.00661,37.79498,4264.2681288,-134.929,60.737,224.826,0.028827335116487333
199.1666,128.006596,37.794966,4268.0485632,-136.634,60.729,224.819,0.027922390748401495
199.1833,128.006581,37.794952,4271.8241208,-138.342,60.722,224.814,0.027015938881455856
199.2,128.006567,37.794938,4275.5941920000005,-140.051,60.715,224.809,0.026108285377645958
199.2166,128.006552,37.794924,4279.3590816000005,-141.762,60.709,224.805,0.025199042940495714
199.2333,128.006538,37.794909,4283.1187896,-143.476,60.702,224.801,0.024288551923530785
199.25,128.006524,37.794895,4286.8730112,-145.191,60.696,224.798,0.023376829358423026
199.2666,128.006509,37.794881,4290.6217464,-146.908,60.689,224.796,0.022463486681519144
199.2833,128.006495,37.794866,4294.3649952000005,-148.627,60.683,224.793,0.021548623582978994
199.3,128.00648,37.794852,4298.102757600001,-150.348,60.677,224.791,0.020632455621340792
199.3166,128.006465,37.794837,4301.8350336,-152.07,60.671,224.788,0.01971491719730603
199.3333,128.006451,37.794823,4305.5630424,-153.763,60.667,224.777,0.018795821197717572
199.35,128.006436,37.794808,4309.2864792,-155.426,60.664,224.755,0.01787514709600596
199.3666,128.006422,37.794793,4313.0065632000005,-157.058,60.661,224.729,0.016953234863278214
199.3833,128.006407,37.794779,4316.721465600001,-158.659,60.658,224.7,0.01602954141823341
199.4,128.006392,37.794764,4320.431796000001,-160.232,60.654,224.673,0.015104364394509908
199.4166,128.006378,37.794749,4324.1375544,-161.779,60.649,224.647,0.014177883156731005
199.4333,128.006363,37.794734,4327.8372168000005,-163.316,60.64,224.625,0.013249547405880576
199.45,128.006348,37.794719,4331.5313928000005,-164.845,60.628,224.608,0.012319851652978681
199.4666,128.006333,37.794704,4335.2203872,-166.371,60.614,224.595,0.011388604668819673
199.4833,128.006318,37.794689,4338.9035904,-167.895,60.599,224.584,0.010455940484443788
199.5,128.006303,37.794674,4342.5813072,-169.421,60.582,224.574,0.00952162520005641
199.5166,128.006288,37.794659,4346.2538424,-170.947,60.565,224.566,0.008585667731864543
199.5333,128.006273,37.794644,4349.9199768,-172.48,60.551,224.561,0.007648203553072053
199.55,128.006258,37.794629,4353.5806248,-174.018,60.541,224.559,0.006709040050207438
199.5666,128.006243,37.794614,4357.2357864000005,-175.564,60.532,224.559,0.005768147940877913
199.5833,128.006228,37.794599,4360.884852,-177.117,60.525,224.56,0.004825659694891956
199.6,128.006213,37.794583,4364.5284312,-178.677,60.52,224.562,0.0038813813091290545
199.6166,128.006197,37.794568,4368.166524,179.753,60.515,224.563,0.002935647350865443
199.6333,128.006182,37.794553,4371.798825600001,178.178,60.514,224.565,0.001988431657854237
199.65,128.006167,37.794537,4375.4259456,176.594,60.518,224.565,0.0010393410304319914
199.6666,128.006151,37.794522,4379.0472744,175.004,60.524,224.565,8.85516221113701e-05
199.6833,128.006136,37.794506,4382.6631168,173.406,60.532,224.564,-0.0008636407971654946
