########## old vs AIP_onecircle ##########
Traceback (most recent call last):
  File "C:\Users\TFX5470H\Desktop\.topgun\강화학습환경\Release\rehearsal_10hz.py", line 112, in <module>
    main()
  File "C:\Users\TFX5470H\Desktop\.topgun\강화학습환경\Release\rehearsal_10hz.py", line 61, in main
    tgt = BTActionProvider(dll_name=tgt_dll)
          ^^^^^^^^^^^^^^^^^^^^^^^^^^^^^^^^^^
  File "C:\Users\TFX5470H\Desktop\.topgun\강화학습환경\Release\src\dogfight\ai\bt_action_provider.py", line 20, in __init__
    self.ai_pilot = ai_pilot if ai_pilot is not None else AIPilot(dll_name)
                                                          ^^^^^^^^^^^^^^^^^
  File "C:\Users\TFX5470H\Desktop\.topgun\강화학습환경\Release\src\dogfight\ai\native_bt.py", line 116, in __init__
    self.AIPilotDLL = ct.cdll.LoadLibrary(self.dll_path)
                      ^^^^^^^^^^^^^^^^^^^^^^^^^^^^^^^^^^
  File "C:\Users\TFX5470H\anaconda3\envs\aip\Lib\ctypes\__init__.py", line 454, in LoadLibrary
    return self._dlltype(name)
           ^^^^^^^^^^^^^^^^^^^
  File "C:\Users\TFX5470H\anaconda3\envs\aip\Lib\ctypes\__init__.py", line 376, in __init__
    self._handle = _dlopen(self._name, mode)
                   ^^^^^^^^^^^^^^^^^^^^^^^^^
OSError: [WinError 193] %1은(는) 올바른 Win32 응용 프로그램이 아닙니다

########## new vs AIP_onecircle ##########


     JSBSim Flight Dynamics Model v1.0.0 May 27 2026 16:13:38
            [JSBSim-ML v2.0]

JSBSim startup beginning ...

total: 2
Behavior Tree Initialized Successfully
Behavior Tree Initialized Successfully
[PURE_ATA] team=2 ata=5.80254 dist=4060.98 leadDist=0 aa=10.2885
[PURE_ATA] team=2 ata=5.80977 dist=4060.5 leadDist=0 aa=10.4105
[PURE_ATA] team=2 ata=5.68967 dist=4060.04 leadDist=0 aa=10.8118
[PURE_ATA] team=2 ata=5.58536 dist=4059.6 leadDist=0 aa=11.2441
[PURE_ATA] team=2 ata=5.46766 dist=4059.59 leadDist=0 aa=11.534
[PURE_ATA] team=2 ata=5.31628 dist=4058.91 leadDist=0 aa=11.5091
[PURE_ATA] team=2 ata=5.05762 dist=4058.52 leadDist=0 aa=11.0876
[PURE_ATA] team=2 ata=4.69523 dist=4058.15 leadDist=0 aa=10.1587
[PURE_ATA] team=2 ata=4.25204 dist=4058.21 leadDist=0 aa=8.56899
[PURE_ATA] team=2 ata=3.76614 dist=4058.03 leadDist=0 aa=6.39508
[PURE_ATA] team=2 ata=3.20625 dist=4057.13 leadDist=0 aa=4.329
[PURE_ATA] team=2 ata=2.66762 dist=4056.99 leadDist=0 aa=2.75633
[PURE_ATA] team=2 ata=2.13803 dist=4056.29 leadDist=0 aa=1.60941
[PURE_ATA] team=2 ata=1.64318 dist=4055.61 leadDist=0 aa=0.51889
[PURE_ATA] team=2 ata=1.20078 dist=4054.53 leadDist=0 aa=1.15835
[PURE_ATA] team=2 ata=0.869704 dist=4053.81 leadDist=0 aa=2.94338
[PURE_ATA] team=2 ata=0.677124 dist=4052.77 leadDist=0 aa=4.53043
[PURE_ATA] team=2 ata=0.807436 dist=4051.69 leadDist=0 aa=6.13076
[PURE_ATA] team=2 ata=1.11585 dist=4050.03 leadDist=0 aa=7.96489
[PURE_ATA] team=2 ata=1.44234 dist=4048.4 leadDist=0 aa=9.46595
[PURE_ATA] team=2 ata=1.68406 dist=4046.77 leadDist=0 aa=10.4377
[PURE_ATA] team=2 ata=1.76423 dist=4044.78 leadDist=0 aa=11.0457
[PURE_ATA] team=2 ata=1.79218 dist=4043.01 leadDist=0 aa=11.4066
[PURE_ATA] team=2 ata=1.77273 dist=4040.86 leadDist=0 aa=11.652
[PURE_ATA] team=2 ata=1.71803 dist=4038.54 leadDist=0 aa=11.8175
[PURE_ATA] team=2 ata=1.58246 dist=4036.05 leadDist=0 aa=11.9336
[PURE_ATA] team=2 ata=1.39246 dist=4033.6 leadDist=0 aa=11.9487
[PURE_ATA] team=2 ata=1.1999 dist=4030.57 leadDist=0 aa=11.8065
[PURE_ATA] team=2 ata=0.983171 dist=4027.37 leadDist=0 aa=11.5265
[SelectTarget] team=1 EnemyN=1 TgtZ=6993.48
[DIST] team=1 EnemyN=1 MyZ=6961.89 TgtZ=6993.48 Dist=4019.8
[ROOT] team=1 status=2 Z=6961.89 VP=(4238.42,451.193,6441.07)
[SelectTarget] team=2 EnemyN=1 TgtZ=6960.64
[DIST] team=2 EnemyN=1 MyZ=6993.48 TgtZ=6960.64 Dist=4024.44
[PURE_ATA] team=2 ata=0.808941 dist=4024.44 leadDist=0 aa=11.1441
[ROOT] team=2 status=2 Z=6993.48 VP=(1140.24,730.23,6960.64)
[PURE_ATA] team=2 ata=0.646906 dist=4021.33 leadDist=0 aa=10.7181
[PURE_ATA] team=2 ata=0.615727 dist=4018.08 leadDist=0 aa=10.1969
[PURE_ATA] team=2 ata=0.715464 dist=4013.83 leadDist=0 aa=9.68669
[PURE_ATA] team=2 ata=0.845823 dist=4010.28 leadDist=0 aa=9.26613
[PURE_ATA] team=2 ata=0.860081 dist=4006.55 leadDist=0 aa=9.03486
[PURE_ATA] team=2 ata=0.814424 dist=4001.89 leadDist=0 aa=8.95917
[SelectTarget] team=1 EnemyN=1 TgtZ=6944.66
[DIST] team=1 EnemyN=1 MyZ=6561.48 TgtZ=6944.66 Dist=3835.69
[ROOT] team=1 status=2 Z=6561.48 VP=(3327.24,689.638,6383.49)
[SelectTarget] team=2 EnemyN=1 TgtZ=6558.34
[DIST] team=2 EnemyN=1 MyZ=6944.66 TgtZ=6558.34 Dist=3839.52
[ROOT] team=2 status=2 Z=6944.66 VP=(509.309,1262.91,6944.66)
[SelectTarget] team=1 EnemyN=1 TgtZ=6890.36
[DIST] team=1 EnemyN=1 MyZ=5864.2 TgtZ=6890.36 Dist=3481.75
[ROOT] team=1 status=2 Z=5864.2 VP=(2476.98,1098.09,6321.7)
[SelectTarget] team=2 EnemyN=1 TgtZ=5859.72
[DIST] team=2 EnemyN=1 MyZ=6890.36 TgtZ=5859.72 Dist=3484.62
[ROOT] team=2 status=2 Z=6890.36 VP=(235.285,1873.42,6890.36)
[SelectTarget] team=1 EnemyN=1 TgtZ=6832.68
[DIST] team=1 EnemyN=1 MyZ=5027.19 TgtZ=6832.68 Dist=3032.3
[ROOT] team=1 status=2 Z=5027.19 VP=(1711.93,1646.16,6243.42)
[SelectTarget] team=2 EnemyN=1 TgtZ=5022.64
[DIST] team=2 EnemyN=1 MyZ=6832.68 TgtZ=5022.64 Dist=3034.64
[ROOT] team=2 status=2 Z=6832.68 VP=(456.872,2408.78,6832.68)
[SelectTarget] team=1 EnemyN=1 TgtZ=6763.55
[DIST] team=1 EnemyN=1 MyZ=4348.93 TgtZ=6763.55 Dist=2718.86
[ROOT] team=1 status=2 Z=4348.93 VP=(1229.4,2432.83,6143.31)
[SelectTarget] team=2 EnemyN=1 TgtZ=4346.29
[DIST] team=2 EnemyN=1 MyZ=6763.55 TgtZ=4346.29 Dist=2720.83
[ROOT] team=2 status=2 Z=6763.55 VP=(1189.72,2742.89,6763.55)
[ONECIRCLE] dist=2697.94 spd=320.033 thr=0.524834
[SelectTarget] team=1 EnemyN=1 TgtZ=6658.28
[DIST] team=1 EnemyN=1 MyZ=4163.87 TgtZ=6658.28 Dist=2706.65
[ROOT] team=1 status=2 Z=4163.87 VP=(1145.89,3301.26,5955.2)
[SelectTarget] team=2 EnemyN=1 TgtZ=4164.52
[DIST] team=2 EnemyN=1 MyZ=6658.28 TgtZ=4164.52 Dist=2708.33
[ROOT] team=2 status=2 Z=6658.28 VP=(2206.73,2941.47,6658.28)
[SelectTarget] team=1 EnemyN=1 TgtZ=6465.62
[DIST] team=1 EnemyN=1 MyZ=4529.75 TgtZ=6465.62 Dist=2675.79
[ROOT] team=1 status=2 Z=4529.75 VP=(1502.36,4087.85,5670.55)
[SelectTarget] team=2 EnemyN=1 TgtZ=4532.91
[DIST] team=2 EnemyN=1 MyZ=6465.62 TgtZ=4532.91 Dist=2676.35
[ROOT] team=2 status=2 Z=6465.62 VP=(3110.84,3215.19,6465.62)
[SelectTarget] team=1 EnemyN=1 TgtZ=6183.3
[DIST] team=1 EnemyN=1 MyZ=5184.19 TgtZ=6183.3 Dist=2258.86
[ROOT] team=1 status=2 Z=5184.19 VP=(1555.44,3980.9,6233.8)
[SelectTarget] team=2 EnemyN=1 TgtZ=5188.11
[DIST] team=2 EnemyN=1 MyZ=6183.3 TgtZ=5188.11 Dist=2257.68
[ROOT] team=2 status=2 Z=6183.3 VP=(3622.1,3676.76,6183.3)
[SelectTarget] team=1 EnemyN=1 TgtZ=5860.87
[DIST] team=1 EnemyN=1 MyZ=5880.2 TgtZ=5860.87 Dist=1371.58
[ROOT] team=1 status=2 Z=5880.2 VP=(2195.35,4546.61,5919.17)
[SelectTarget] team=2 EnemyN=1 TgtZ=5883.74
[DIST] team=2 EnemyN=1 MyZ=5860.87 TgtZ=5883.74 Dist=1369.56
[ROOT] team=2 status=2 Z=5860.87 VP=(3647.05,4196.02,5860.87)
[ONECIRCLE] dist=1165.57 spd=310.619 thr=0.571906
[SelectTarget] team=1 EnemyN=1 TgtZ=5581.48
[DIST] team=1 EnemyN=1 MyZ=6352.45 TgtZ=5581.48 Dist=774.021
[ROOT] team=1 status=2 Z=6352.45 VP=(2936.63,4714.06,5965.44)
[SelectTarget] team=2 EnemyN=1 TgtZ=6353.87
[DIST] team=2 EnemyN=1 MyZ=5581.48 TgtZ=6353.87 Dist=775.186
[ROOT] team=2 status=2 Z=5581.48 VP=(3513.05,4696.37,5581.48)
[CLAMP_DIAG] team=2 rawDist=294.78 offBoresightDeg=10.704 clamped=0
[SelectTarget] team=1 EnemyN=1 TgtZ=5382.43
[DIST] team=1 EnemyN=1 MyZ=6375.35 TgtZ=5382.43 Dist=1867.15
[ROOT] team=1 status=2 Z=6375.35 VP=(4901.4,4486.99,5725.35)
[SelectTarget] team=2 EnemyN=1 TgtZ=6374.3
[DIST] team=2 EnemyN=1 MyZ=5382.43 TgtZ=6374.3 Dist=1869.74
[ROOT] team=2 status=2 Z=5382.43 VP=(2634.26,5172.83,5382.43)
[SelectTarget] team=1 EnemyN=1 TgtZ=4903.06
[DIST] team=1 EnemyN=1 MyZ=6016.36 TgtZ=4903.06 Dist=2932.23
[ROOT] team=1 status=2 Z=6016.36 VP=(5310.4,4869.75,5366.36)
[SelectTarget] team=2 EnemyN=1 TgtZ=6013.54
[DIST] team=2 EnemyN=1 MyZ=4903.06 TgtZ=6013.54 Dist=2932.82
[ROOT] team=2 status=2 Z=4903.06 VP=(2352.2,5807.49,4903.06)
[SelectTarget] team=1 EnemyN=1 TgtZ=4170.48
[DIST] team=1 EnemyN=1 MyZ=5419.2 TgtZ=4170.48 Dist=3161.91
[ROOT] team=1 status=2 Z=5419.2 VP=(5134.56,5495.8,4769.2)
[SelectTarget] team=2 EnemyN=1 TgtZ=5415.56
[DIST] team=2 EnemyN=1 MyZ=4170.48 TgtZ=5415.56 Dist=3158.71
[ROOT] team=2 status=2 Z=4170.48 VP=(2528.12,6350.91,4170.48)
[ONECIRCLE] dist=3087.88 spd=326.618 thr=0.49191
[SelectTarget] team=1 EnemyN=1 TgtZ=3422.5
[DIST] team=1 EnemyN=1 MyZ=4777.19 TgtZ=3422.5 Dist=2469.5
[ROOT] team=1 status=2 Z=4777.19 VP=(5103.06,5836.57,4127.19)
[SelectTarget] team=2 EnemyN=1 TgtZ=4773.9
[DIST] team=2 EnemyN=1 MyZ=3422.5 TgtZ=4773.9 Dist=2464.67
[ROOT] team=2 status=2 Z=3422.5 VP=(3095.62,6581.69,3422.5)
[SelectTarget] team=1 EnemyN=1 TgtZ=2938.17
[DIST] team=1 EnemyN=1 MyZ=4263.88 TgtZ=2938.17 Dist=1412.81
[ROOT] team=1 status=2 Z=4263.88 VP=(4477.69,6330.61,3613.88)
[SelectTarget] team=2 EnemyN=1 TgtZ=4260.92
[DIST] team=2 EnemyN=1 MyZ=2938.17 TgtZ=4260.92 Dist=1408.55
[ROOT] team=2 status=2 Z=2938.17 VP=(3872.02,6428.73,2938.17)
[CLAMP_DIAG] team=2 rawDist=296.898 offBoresightDeg=8.247 clamped=0
[CLAMP_DIAG] team=1 rawDist=604.454 offBoresightDeg=35.3819 clamped=0
[SelectTarget] team=1 EnemyN=1 TgtZ=2786.93
[DIST] team=1 EnemyN=1 MyZ=3510.37 TgtZ=2786.93 Dist=1300.93
[ROOT] team=1 status=2 Z=3510.37 VP=(3547.12,6552.2,2860.37)
[SelectTarget] team=2 EnemyN=1 TgtZ=3505.13
[DIST] team=2 EnemyN=1 MyZ=2786.93 TgtZ=3505.13 Dist=1299.38
[ROOT] team=2 status=2 Z=2786.93 VP=(4470.39,6302.6,2786.93)
[SelectTarget] team=1 EnemyN=1 TgtZ=2540.42
[DIST] team=1 EnemyN=1 MyZ=2547.59 TgtZ=2540.42 Dist=2260.71
[ROOT] team=1 status=2 Z=2547.59 VP=(6033.05,6840.74,7382.88)
[SelectTarget] team=2 EnemyN=1 TgtZ=2542.86
[DIST] team=2 EnemyN=1 MyZ=2540.42 TgtZ=2542.86 Dist=2264.16
[ROOT] team=2 status=2 Z=2540.42 VP=(4841.68,6403.24,2540.42)
[ONECIRCLE] dist=3298.71 spd=323.686 thr=0.506572
[SelectTarget] team=1 EnemyN=1 TgtZ=2166.67
[DIST] team=1 EnemyN=1 MyZ=1978.73 TgtZ=2166.67 Dist=3804.88
[ROOT] team=1 status=2 Z=1978.73 VP=(7028.59,7283.77,6756.58)
[SelectTarget] team=2 EnemyN=1 TgtZ=1977.47
[DIST] team=2 EnemyN=1 MyZ=2166.67 TgtZ=1977.47 Dist=3811
[ROOT] team=2 status=2 Z=2166.67 VP=(5667.98,6733.31,2166.67)
[PURE_ATA] team=2 ata=128.977 dist=4496.56 leadDist=1568.85 aa=2.4197
[PURE_ATA] team=2 ata=128.639 dist=4552.88 leadDist=1569.92 aa=2.43445
[PURE_ATA] team=2 ata=128.4 dist=4608.82 leadDist=1570.7 aa=2.36491
[PURE_ATA] team=2 ata=128.029 dist=4664.86 leadDist=1570.98 aa=1.2057
[PURE_ATA] team=2 ata=127.34 dist=4720.11 leadDist=1570.99 aa=0.53646
[PURE_ATA] team=2 ata=126.292 dist=4776.38 leadDist=1570.89 aa=0.0744495
[PURE_ATA] team=2 ata=125.134 dist=4830.52 leadDist=1570.69 aa=0.665747
[PURE_ATA] team=2 ata=123.959 dist=4885.68 leadDist=1570.35 aa=1.80131
[PURE_ATA] team=2 ata=122.796 dist=4939.22 leadDist=1569.97 aa=2.74364
[PURE_ATA] team=2 ata=121.588 dist=4993.23 leadDist=1569.62 aa=3.23735
[PURE_ATA] team=2 ata=120.364 dist=5045.23 leadDist=1569.31 aa=3.52344
[PURE_ATA] team=2 ata=119.145 dist=5097.68 leadDist=1569.08 aa=3.61265
[PURE_ATA] team=2 ata=117.923 dist=5148.49 leadDist=1568.93 aa=3.72743
[PURE_ATA] team=2 ata=116.7 dist=5198.97 leadDist=1568.89 aa=3.82602
[PURE_ATA] team=2 ata=115.462 dist=5248.17 leadDist=1568.97 aa=3.92377
[PURE_ATA] team=2 ata=114.21 dist=5297.05 leadDist=1569.17 aa=4.0359
[PURE_ATA] team=2 ata=112.922 dist=5343.68 leadDist=1569.52 aa=4.15107
[PURE_ATA] team=2 ata=111.646 dist=5390.16 leadDist=1570.01 aa=4.27943
[SelectTarget] team=1 EnemyN=1 TgtZ=1984.47
[DIST] team=1 EnemyN=1 MyZ=1929.46 TgtZ=1984.47 Dist=5430.77
[ROOT] team=1 status=2 Z=1929.46 VP=(2007.97,3661.98,1500)
[SelectTarget] team=2 EnemyN=1 TgtZ=1929.34
[DIST] team=2 EnemyN=1 MyZ=1984.47 TgtZ=1929.34 Dist=5436.1
[PURE_ATA] team=2 ata=110.354 dist=5436.1 leadDist=1570.66 aa=4.43764
[ROOT] team=2 status=2 Z=1984.47 VP=(6680.77,6990.93,3500)
[PURE_ATA] team=2 ata=109.055 dist=5480.36 leadDist=1571.48 aa=4.62171
[PURE_ATA] team=2 ata=107.76 dist=5523.51 leadDist=1572.47 aa=4.83761
[PURE_ATA] team=2 ata=106.446 dist=5565.13 leadDist=1573.64 aa=5.06264
[PURE_ATA] team=2 ata=105.139 dist=5606.02 leadDist=1575 aa=5.33522
[PURE_ATA] team=2 ata=103.835 dist=5645.2 leadDist=1576.56 aa=5.63584
[PURE_ATA] team=2 ata=102.555 dist=5684.24 leadDist=1578.3 aa=5.97225
[PURE_ATA] team=2 ata=101.256 dist=5721.36 leadDist=1580.26 aa=6.33868
[PURE_ATA] team=2 ata=99.9504 dist=5756.75 leadDist=1582.42 aa=6.75824
[PURE_ATA] team=2 ata=98.6357 dist=5790.81 leadDist=1584.79 aa=7.26701
[PURE_ATA] team=2 ata=97.3346 dist=5824.73 leadDist=1587.38 aa=4.88967
[PURE_ATA] team=2 ata=96.0126 dist=5856.7 leadDist=1590.09 aa=3.46212
[PURE_ATA] team=2 ata=94.6915 dist=5887.93 leadDist=1592.87 aa=14.9562
[PURE_ATA] team=2 ata=93.3733 dist=5918.42 leadDist=1595.72 aa=26.4672
[PURE_ATA] team=2 ata=92.0542 dist=5948.55 leadDist=1598.59 aa=35.83
[PURE_ATA] team=2 ata=90.7245 dist=5977.32 leadDist=1601.33 aa=40.6735
[PURE_ATA] team=2 ata=89.3968 dist=6005.35 leadDist=1603.77 aa=40.7065
[PURE_ATA] team=2 ata=88.0474 dist=6031.4 leadDist=1605.76 aa=37.4016
[PURE_ATA] team=2 ata=86.7115 dist=6057.32 leadDist=1607.35 aa=31.2945
[PURE_ATA] team=2 ata=85.3684 dist=6081.5 leadDist=1608.66 aa=25.1778
[PURE_ATA] team=2 ata=84.0032 dist=6104.07 leadDist=1609.77 aa=20.5645
[PURE_ATA] team=2 ata=82.6513 dist=6126.15 leadDist=1610.72 aa=17.235
[PURE_ATA] team=2 ata=81.2824 dist=6145.85 leadDist=1611.54 aa=11.846
[PURE_ATA] team=2 ata=79.914 dist=6165.19 leadDist=1612.28 aa=5.40841
[PURE_ATA] team=2 ata=78.5288 dist=6181.79 leadDist=1613 aa=1.23302
[PURE_ATA] team=2 ata=77.1553 dist=6198.64 leadDist=1613.75 aa=1.35452
[PURE_ATA] team=2 ata=75.7551 dist=6212.12 leadDist=1614.54 aa=3.37442
[PURE_ATA] team=2 ata=74.3558 dist=6225.23 leadDist=1615.39 aa=5.22948
[PURE_ATA] team=2 ata=72.952 dist=6236.21 leadDist=1616.33 aa=7.06557
[PURE_ATA] team=2 ata=71.5509 dist=6246.46 leadDist=1617.35 aa=8.97496
[SelectTarget] team=1 EnemyN=1 TgtZ=1941.21
[DIST] team=1 EnemyN=1 MyZ=1881.71 TgtZ=1941.21 Dist=6251.84
[ROOT] team=1 status=2 Z=1881.71 VP=(2912.75,3116.65,1500)
[SelectTarget] team=2 EnemyN=1 TgtZ=1881.52
[DIST] team=2 EnemyN=1 MyZ=1941.21 TgtZ=1881.52 Dist=6254.7
[PURE_ATA] team=2 ata=70.1308 dist=6254.7 leadDist=1618.48 aa=10.9831
[ROOT] team=2 status=2 Z=1941.21 VP=(7655.92,6654.15,3500)
[PURE_ATA] team=2 ata=68.7057 dist=6261.19 leadDist=1619.73 aa=13.1844
[PURE_ATA] team=2 ata=67.2733 dist=6265.94 leadDist=1621.1 aa=15.631
[PURE_ATA] team=2 ata=65.8468 dist=6269.56 leadDist=1622.61 aa=18.3717
[PURE_ATA] team=2 ata=64.4124 dist=6271.82 leadDist=1624.26 aa=21.4215
[PURE_ATA] team=2 ata=62.9594 dist=6272.07 leadDist=1626.06 aa=24.8366
[PURE_ATA] team=2 ata=61.5123 dist=6271.21 leadDist=1628.03 aa=28.6567
[PURE_ATA] team=2 ata=60.0594 dist=6268.6 leadDist=1630.16 aa=21.0969
[PURE_ATA] team=2 ata=58.5872 dist=6264.38 leadDist=1632.4 aa=12.1694
[PURE_ATA] team=2 ata=57.1399 dist=6260.66 leadDist=1634.7 aa=44.5264
[PURE_ATA] team=2 ata=55.6626 dist=6254.69 leadDist=1637.05 aa=61.341
[PURE_ATA] team=2 ata=54.1977 dist=6248.99 leadDist=1639.39 aa=69.7546
[PURE_ATA] team=2 ata=52.7154 dist=6241.29 leadDist=1641.59 aa=73.6951
[PURE_ATA] team=2 ata=51.2358 dist=6233.22 leadDist=1643.49 aa=75.2623
[PURE_ATA] team=2 ata=49.746 dist=6224.54 leadDist=1644.95 aa=75.0577
[PURE_ATA] team=2 ata=48.2625 dist=6214.74 leadDist=1645.89 aa=73.6794
[PURE_ATA] team=2 ata=46.7717 dist=6203.57 leadDist=1646.41 aa=70.9337
[PURE_ATA] team=2 ata=45.2729 dist=6191.42 leadDist=1646.64 aa=68.0033
[PURE_ATA] team=2 ata=43.7601 dist=6176.92 leadDist=1646.64 aa=66.7905
[PURE_ATA] team=2 ata=42.2479 dist=6162.45 leadDist=1646.46 aa=67.2307
[PURE_ATA] team=2 ata=40.7332 dist=6146.25 leadDist=1646.13 aa=69.1622
[PURE_ATA] team=2 ata=39.2264 dist=6128.94 leadDist=1645.69 aa=69.459
[PURE_ATA] team=2 ata=37.7033 dist=6110.07 leadDist=1645.18 aa=68.6692
[PURE_ATA] team=2 ata=36.1891 dist=6090.09 leadDist=1644.66 aa=110.175
[PURE_ATA] team=2 ata=34.6712 dist=6069.17 leadDist=1644.17 aa=148.72
[PURE_ATA] team=2 ata=33.1429 dist=6045.95 leadDist=1643.73 aa=144.304
[PURE_ATA] team=2 ata=31.6258 dist=6022.01 leadDist=1643.36 aa=144.41
[PURE_ATA] team=2 ata=30.1086 dist=5997.15 leadDist=1643.09 aa=145.189
[PURE_ATA] team=2 ata=28.599 dist=5970.6 leadDist=1642.92 aa=146.023
[PURE_ATA] team=2 ata=27.1084 dist=5942.97 leadDist=1642.86 aa=146.839
[SelectTarget] team=1 EnemyN=1 TgtZ=1945.35
[DIST] team=1 EnemyN=1 MyZ=1857.09 TgtZ=1945.35 Dist=5914.83
[ROOT] team=1 status=2 Z=1857.09 VP=(3980.46,3451.07,1500)
[SelectTarget] team=2 EnemyN=1 TgtZ=1857.07
[DIST] team=2 EnemyN=1 MyZ=1945.35 TgtZ=1857.07 Dist=5914.43
[PURE_ATA] team=2 ata=25.6267 dist=5914.43 leadDist=1642.93 aa=147.526
[ROOT] team=2 status=2 Z=1945.35 VP=(8308.84,5847.74,3500)
[PURE_ATA] team=2 ata=24.1381 dist=5883.45 leadDist=1643.14 aa=148.043
[PURE_ATA] team=2 ata=22.7031 dist=5853.32 leadDist=1643.49 aa=148.612
[PURE_ATA] team=2 ata=21.2778 dist=5820.4 leadDist=1644.01 aa=149.101
[PURE_ATA] team=2 ata=19.9256 dist=5787.92 leadDist=1644.7 aa=149.706
[PURE_ATA] team=2 ata=18.6019 dist=5753.46 leadDist=1645.56 aa=150.307
[PURE_ATA] team=2 ata=17.362 dist=5717.94 leadDist=1646.6 aa=150.965
[PURE_ATA] team=2 ata=16.2023 dist=5681.42 leadDist=1647.84 aa=151.658
[PURE_ATA] team=2 ata=15.1869 dist=5644.41 leadDist=1649.26 aa=152.368
[PURE_ATA] team=2 ata=14.3267 dist=5606.18 leadDist=1650.87 aa=158.406
[PURE_ATA] team=2 ata=13.6632 dist=5567.55 leadDist=1652.6 aa=178.937
[PURE_ATA] team=2 ata=13.2392 dist=5528.92 leadDist=1654.4 aa=143.173
[PURE_ATA] team=2 ata=13.1109 dist=5490.56 leadDist=1656.24 aa=121.234
[PURE_ATA] team=2 ata=13.291 dist=5451.71 leadDist=1658.09 aa=112.472
[PURE_ATA] team=2 ata=13.7198 dist=5412.12 leadDist=1659.8 aa=110.386
[PURE_ATA] team=2 ata=14.253 dist=5372.72 leadDist=1661.16 aa=111.736
[PURE_ATA] team=2 ata=14.6103 dist=5333.89 leadDist=1662.04 aa=115.351
[PURE_ATA] team=2 ata=14.9054 dist=5293.58 leadDist=1662.5 aa=122.522
[PURE_ATA] team=2 ata=15.2801 dist=5253.47 leadDist=1662.65 aa=131.519
[PURE_ATA] team=2 ata=15.7263 dist=5212.7 leadDist=1662.57 aa=139.89
[PURE_ATA] team=2 ata=16.1924 dist=5171.84 leadDist=1662.31 aa=146.367
[PURE_ATA] team=2 ata=16.6608 dist=5130.34 leadDist=1661.86 aa=153.425
[PURE_ATA] team=2 ata=17.1339 dist=5088.69 leadDist=1661.29 aa=159.992
[PURE_ATA] team=2 ata=17.6107 dist=5046.48 leadDist=1660.62 aa=164.124
[PURE_ATA] team=2 ata=18.0814 dist=5004.14 leadDist=1659.89 aa=166.94
[PURE_ATA] team=2 ata=18.531 dist=4960.82 leadDist=1659.1 aa=169.326
[PURE_ATA] team=2 ata=18.9357 dist=4917.76 leadDist=1658.28 aa=171.687
[PURE_ATA] team=2 ata=19.2747 dist=4872.92 leadDist=1657.43 aa=174.263
[PURE_ATA] team=2 ata=19.5357 dist=4828.33 leadDist=1656.58 aa=176.945
[PURE_ATA] team=2 ata=19.7088 dist=4783.18 leadDist=1655.74 aa=179.39
[SelectTarget] team=1 EnemyN=1 TgtZ=2094.27
[DIST] team=1 EnemyN=1 MyZ=1844.94 TgtZ=2094.27 Dist=4740.15
[ROOT] team=1 status=2 Z=1844.94 VP=(4933.48,3706.19,1801.82)
[SelectTarget] team=2 EnemyN=1 TgtZ=1845.07
[DIST] team=2 EnemyN=1 MyZ=2094.27 TgtZ=1845.07 Dist=4737.83
[PURE_ATA] team=2 ata=19.8119 dist=4737.83 leadDist=1654.93 aa=178.528
[ROOT] team=2 status=2 Z=2094.27 VP=(8415.83,4817.26,3500)
[PURE_ATA] team=2 ata=19.8652 dist=4691.9 leadDist=1654.18 aa=176.799
[PURE_ATA] team=2 ata=19.8759 dist=4644.99 leadDist=1653.49 aa=175.365
[PURE_ATA] team=2 ata=19.8634 dist=4597.51 leadDist=1652.89 aa=174.149
[PURE_ATA] team=2 ata=19.9142 dist=4550.13 leadDist=1652.37 aa=173.089
[PURE_ATA] team=2 ata=19.9605 dist=4501.4 leadDist=1651.96 aa=172.129
[PURE_ATA] team=2 ata=20.0328 dist=4452.59 leadDist=1651.66 aa=171.251
[PURE_ATA] team=2 ata=20.1949 dist=4403.03 leadDist=1651.49 aa=170.48
[PURE_ATA] team=2 ata=20.4198 dist=4353.29 leadDist=1651.44 aa=169.844
[PURE_ATA] team=2 ata=20.6824 dist=4303.27 leadDist=1651.53 aa=169.391
[PURE_ATA] team=2 ata=21.028 dist=4251.97 leadDist=1651.76 aa=169.233
[PURE_ATA] team=2 ata=21.4298 dist=4201.07 leadDist=1652.13 aa=169.366
[PURE_ATA] team=2 ata=21.8854 dist=4149.72 leadDist=1652.63 aa=169.714
[PURE_ATA] team=2 ata=22.3023 dist=4097.67 leadDist=1653.26 aa=170.259
[PURE_ATA] team=2 ata=22.7729 dist=4045.29 leadDist=1654 aa=171.07
[SelectTarget] team=1 EnemyN=1 TgtZ=2335.68
[DIST] team=1 EnemyN=1 MyZ=1826.66 TgtZ=2335.68 Dist=3165.45
[ROOT] team=1 status=2 Z=1826.66 VP=(5772.71,3161.97,2325.48)
[SelectTarget] team=2 EnemyN=1 TgtZ=1826.44
[DIST] team=2 EnemyN=1 MyZ=2335.68 TgtZ=1826.44 Dist=3160.56
[ROOT] team=2 status=2 Z=2335.68 VP=(7881.73,3958.53,2335.68)
[SelectTarget] team=1 EnemyN=1 TgtZ=2348.35
[DIST] team=1 EnemyN=1 MyZ=1878.59 TgtZ=2348.35 Dist=1306.48
[ROOT] team=1 status=2 Z=1878.59 VP=(5430.59,3702.53,2344.16)
[SelectTarget] team=2 EnemyN=1 TgtZ=1879.53
[DIST] team=2 EnemyN=1 MyZ=2348.35 TgtZ=1879.53 Dist=1301.02
[ROOT] team=2 status=2 Z=2348.35 VP=(6940.83,3637.85,2348.35)
[CLAMP_DIAG] team=2 rawDist=371.507 offBoresightDeg=0.254429 clamped=0
[CLAMP_DIAG] team=1 rawDist=895.886 offBoresightDeg=132.637 clamped=1
[SelectTarget] team=1 EnemyN=1 TgtZ=2319.41
[DIST] team=1 EnemyN=1 MyZ=2253.2 TgtZ=2319.41 Dist=669.173
[ROOT] team=1 status=2 Z=2253.2 VP=(7337.59,3347.39,2227.66)
[SelectTarget] team=2 EnemyN=1 TgtZ=2256.58
[DIST] team=2 EnemyN=1 MyZ=2319.41 TgtZ=2256.58 Dist=673.035
[ROOT] team=2 status=2 Z=2319.41 VP=(6033.76,3672.73,2319.41)
[SelectTarget] team=1 EnemyN=1 TgtZ=2340.14
[DIST] team=1 EnemyN=1 MyZ=3003.34 TgtZ=2340.14 Dist=2120.47
[ROOT] team=1 status=2 Z=3003.34 VP=(8003.91,2283.07,2353.34)
[SelectTarget] team=2 EnemyN=1 TgtZ=3007.86
[DIST] team=2 EnemyN=1 MyZ=2340.14 TgtZ=3007.86 Dist=2122.74
[ROOT] team=2 status=2 Z=2340.14 VP=(5541.11,3598.94,2340.14)
[ONECIRCLE] dist=2295.07 spd=311.648 thr=0.566761
[SelectTarget] team=1 EnemyN=1 TgtZ=2281.87
[DIST] team=1 EnemyN=1 MyZ=3720.25 TgtZ=2281.87 Dist=2788.98
[ROOT] team=1 status=2 Z=3720.25 VP=(7686.97,1398.42,3070.25)
[SelectTarget] team=2 EnemyN=1 TgtZ=3723.26
[DIST] team=2 EnemyN=1 MyZ=2281.87 TgtZ=3723.26 Dist=2788.27
[ROOT] team=2 status=2 Z=2281.87 VP=(5592.7,3220.56,2281.87)
[SelectTarget] team=1 EnemyN=1 TgtZ=2077.28
[DIST] team=1 EnemyN=1 MyZ=3972.1 TgtZ=2077.28 Dist=2660.84
[ROOT] team=1 status=2 Z=3972.1 VP=(6710.6,840.48,3322.1)
[SelectTarget] team=2 EnemyN=1 TgtZ=3971.81
[DIST] team=2 EnemyN=1 MyZ=2077.28 TgtZ=3971.81 Dist=2658.06
[ROOT] team=2 status=2 Z=2077.28 VP=(6018.54,2654.33,2077.28)
[SelectTarget] team=1 EnemyN=1 TgtZ=1931.44
[DIST] team=1 EnemyN=1 MyZ=3745.31 TgtZ=1931.44 Dist=2149.36
[ROOT] team=1 status=2 Z=3745.31 VP=(6951.06,1033.67,3095.31)
[SelectTarget] team=2 EnemyN=1 TgtZ=3743.21
[DIST] team=2 EnemyN=1 MyZ=1931.44 TgtZ=3743.21 Dist=2145.92
[ROOT] team=2 status=2 Z=1931.44 VP=(6295.95,1972.71,2000)
[CLAMP_DIAG] team=2 rawDist=893.421 offBoresightDeg=113.799 clamped=1
[SelectTarget] team=1 EnemyN=1 TgtZ=1881.5
[DIST] team=1 EnemyN=1 MyZ=3287.91 TgtZ=1881.5 Dist=1695.14
[ROOT] team=1 status=2 Z=3287.91 VP=(5912.29,815.554,2637.91)
[SelectTarget] team=2 EnemyN=1 TgtZ=3284.74
[DIST] team=2 EnemyN=1 MyZ=1881.5 TgtZ=3284.74 Dist=1691.74
[ROOT] team=2 status=2 Z=1881.5 VP=(6603.38,1321.95,2000)
[ONECIRCLE] dist=1680.23 spd=303.057 thr=0.609717
[SelectTarget] team=1 EnemyN=1 TgtZ=1861.47
[DIST] team=1 EnemyN=1 MyZ=2642.26 TgtZ=1861.47 Dist=1714.97
[ROOT] team=1 status=2 Z=2642.26 VP=(5624.81,-433.582,7441.38)
[SelectTarget] team=2 EnemyN=1 TgtZ=2638.63
[DIST] team=2 EnemyN=1 MyZ=1861.47 TgtZ=2638.63 Dist=1713.09
[ROOT] team=2 status=2 Z=1861.47 VP=(6440.99,702.053,2000)
[SelectTarget] team=1 EnemyN=1 TgtZ=2038.41
[DIST] team=1 EnemyN=1 MyZ=2203.44 TgtZ=2038.41 Dist=2438.04
[ROOT] team=1 status=2 Z=2203.44 VP=(5143.38,3061.6,1885.35)
[SelectTarget] team=2 EnemyN=1 TgtZ=2201.92
[DIST] team=2 EnemyN=1 MyZ=2038.41 TgtZ=2201.92 Dist=2439.67
[ROOT] team=2 status=2 Z=2038.41 VP=(5942.85,-5.06038,2038.41)
[SelectTarget] team=1 EnemyN=1 TgtZ=2341.77
[DIST] team=1 EnemyN=1 MyZ=2001.25 TgtZ=2341.77 Dist=3433.43
[ROOT] team=1 status=2 Z=2001.25 VP=(6071.49,3149.66,2196.93)
[SelectTarget] team=2 EnemyN=1 TgtZ=2000.67
[DIST] team=2 EnemyN=1 MyZ=2341.77 TgtZ=2000.67 Dist=3436.09
[ROOT] team=2 status=2 Z=2341.77 VP=(5186.32,-615.566,2341.77)
[PURE_ATA] team=2 ata=90.0073 dist=4006.66 leadDist=1588.04 aa=62.4494
[PURE_ATA] team=2 ata=89.1169 dist=4024.22 leadDist=1590.07 aa=56.4948
[PURE_ATA] team=2 ata=88.2301 dist=4039.56 leadDist=1591.74 aa=50.7489
[PURE_ATA] team=2 ata=87.3823 dist=4057.11 leadDist=1593.09 aa=46.0468
[PURE_ATA] team=2 ata=86.5659 dist=4072.58 leadDist=1594.14 aa=42.0095
[SelectTarget] team=1 EnemyN=1 TgtZ=2677.7
[DIST] team=1 EnemyN=1 MyZ=1905.2 TgtZ=2677.7 Dist=4085.19
[ROOT] team=1 status=2 Z=1905.2 VP=(6570.56,2378.68,2459.67)
[SelectTarget] team=2 EnemyN=1 TgtZ=1905.09
[DIST] team=2 EnemyN=1 MyZ=2677.7 TgtZ=1905.09 Dist=4087.36
[PURE_ATA] team=2 ata=85.7556 dist=4087.36 leadDist=1594.91 aa=34.5397
[ROOT] team=2 status=2 Z=2677.7 VP=(4202.71,-783.287,3500)
[PURE_ATA] team=2 ata=84.9437 dist=4101.62 leadDist=1595.44 aa=23.9469
[PURE_ATA] team=2 ata=84.1343 dist=4114.02 leadDist=1595.77 aa=15.6331
[PURE_ATA] team=2 ata=83.3075 dist=4126.77 leadDist=1595.94 aa=9.62076
[PURE_ATA] team=2 ata=82.4818 dist=4139.05 leadDist=1595.97 aa=4.50027
[PURE_ATA] team=2 ata=81.6574 dist=4149.31 leadDist=1595.87 aa=0.536811
[PURE_ATA] team=2 ata=80.8268 dist=4160.28 leadDist=1595.65 aa=5.72684
[PURE_ATA] team=2 ata=79.9865 dist=4170.22 leadDist=1595.33 aa=10.8429
[PURE_ATA] team=2 ata=79.1545 dist=4178.36 leadDist=1594.9 aa=16.6152
[PURE_ATA] team=2 ata=78.3242 dist=4185.87 leadDist=1594.39 aa=22.6464
[PURE_ATA] team=2 ata=77.4812 dist=4193.67 leadDist=1593.81 aa=28.7656
[PURE_ATA] team=2 ata=76.6396 dist=4200.85 leadDist=1593.16 aa=34.786
[PURE_ATA] team=2 ata=75.7925 dist=4206.95 leadDist=1592.46 aa=40.6314
[PURE_ATA] team=2 ata=74.9495 dist=4212.43 leadDist=1591.72 aa=46.2454
[PURE_ATA] team=2 ata=74.1054 dist=4217.07 leadDist=1590.93 aa=51.5907
[PURE_ATA] team=2 ata=73.2629 dist=4220.86 leadDist=1590.11 aa=56.7134
[PURE_ATA] team=2 ata=72.425 dist=4224.05 leadDist=1589.27 aa=61.8979
[PURE_ATA] team=2 ata=71.5817 dist=4225.92 leadDist=1588.4 aa=66.9468
[PURE_ATA] team=2 ata=70.7486 dist=4227.45 leadDist=1587.51 aa=71.7709
[PURE_ATA] team=2 ata=69.9043 dist=4228.94 leadDist=1586.59 aa=76.6645
[PURE_ATA] team=2 ata=69.0569 dist=4229.06 leadDist=1585.65 aa=81.5573
[PURE_ATA] team=2 ata=68.2219 dist=4228.86 leadDist=1584.69 aa=86.2541
[PURE_ATA] team=2 ata=67.3856 dist=4227.29 leadDist=1583.71 aa=90.8397
[PURE_ATA] team=2 ata=66.5438 dist=4225.88 leadDist=1582.71 aa=95.302
[PURE_ATA] team=2 ata=65.7095 dist=4223.61 leadDist=1581.69 aa=99.5251
[PURE_ATA] team=2 ata=64.8914 dist=4219.28 leadDist=1580.64 aa=103.419
[PURE_ATA] team=2 ata=64.0436 dist=4216.69 leadDist=1579.58 aa=107.33
[PURE_ATA] team=2 ata=63.2187 dist=4212.59 leadDist=1578.5 aa=110.833
[PURE_ATA] team=2 ata=62.4091 dist=4206.16 leadDist=1577.39 aa=114.026
[PURE_ATA] team=2 ata=61.5784 dist=4200.46 leadDist=1576.26 aa=117.129
[SelectTarget] team=1 EnemyN=1 TgtZ=2966.35
[DIST] team=1 EnemyN=1 MyZ=1924.69 TgtZ=2966.35 Dist=4193.1
[ROOT] team=1 status=2 Z=1924.69 VP=(6369.34,1570.42,2669.16)
[SelectTarget] team=2 EnemyN=1 TgtZ=1924.88
[DIST] team=2 EnemyN=1 MyZ=2966.35 TgtZ=1924.88 Dist=4193.02
[PURE_ATA] team=2 ata=60.7676 dist=4193.02 leadDist=1575.12 aa=119.877
[ROOT] team=2 status=2 Z=2966.35 VP=(3297.76,-371.364,3500)
[PURE_ATA] team=2 ata=59.9367 dist=4186.27 leadDist=1573.95 aa=122.549
[PURE_ATA] team=2 ata=59.111 dist=4178.37 leadDist=1572.77 aa=124.988
[PURE_ATA] team=2 ata=58.2924 dist=4169.35 leadDist=1571.56 aa=127.209
[PURE_ATA] team=2 ata=57.4705 dist=4160.38 leadDist=1570.33 aa=129.277
[PURE_ATA] team=2 ata=56.6418 dist=4150.8 leadDist=1569.08 aa=131.23
[PURE_ATA] team=2 ata=55.8238 dist=4140.4 leadDist=1567.82 aa=132.993
[PURE_ATA] team=2 ata=55.0052 dist=4129.69 leadDist=1566.53 aa=134.645
[PURE_ATA] team=2 ata=54.1999 dist=4117.85 leadDist=1565.22 aa=136.142
[PURE_ATA] team=2 ata=53.3931 dist=4105.35 leadDist=1563.89 aa=137.558
[PURE_ATA] team=2 ata=52.5867 dist=4092.5 leadDist=1562.53 aa=138.888
[PURE_ATA] team=2 ata=51.8112 dist=4078.09 leadDist=1561.16 aa=140.039
[PURE_ATA] team=2 ata=51.0061 dist=4064.47 leadDist=1559.77 aa=141.223
[PURE_ATA] team=2 ata=50.2173 dist=4049.71 leadDist=1558.35 aa=142.295
[PURE_ATA] team=2 ata=49.4441 dist=4033.83 leadDist=1556.92 aa=143.266
[PURE_ATA] team=2 ata=48.6737 dist=4017.55 leadDist=1555.46 aa=144.181
[PURE_ATA] team=2 ata=47.9064 dist=4000.84 leadDist=1553.98 aa=145.044
[SelectTarget] team=1 EnemyN=1 TgtZ=3155.23
[DIST] team=1 EnemyN=1 MyZ=1968.76 TgtZ=3155.23 Dist=3708.58
[ROOT] team=1 status=2 Z=1968.76 VP=(5740.18,1155.36,2673.57)
[SelectTarget] team=2 EnemyN=1 TgtZ=1969.06
[DIST] team=2 EnemyN=1 MyZ=3155.23 TgtZ=1969.06 Dist=3707
[ROOT] team=2 status=2 Z=3155.23 VP=(2879.53,519.572,3155.23)
[ONECIRCLE] dist=3178.8 spd=224.09 thr=1
[SelectTarget] team=1 EnemyN=1 TgtZ=3181.86
[DIST] team=1 EnemyN=1 MyZ=2031.92 TgtZ=3181.86 Dist=2755.28
[ROOT] team=1 status=2 Z=2031.92 VP=(4954.07,1433.7,2578.04)
[SelectTarget] team=2 EnemyN=1 TgtZ=2032.34
[DIST] team=2 EnemyN=1 MyZ=3181.86 TgtZ=2032.34 Dist=2752.49
[ROOT] team=2 status=2 Z=3181.86 VP=(3123.95,1461.49,3181.86)
[SelectTarget] team=1 EnemyN=1 TgtZ=3139.76
[DIST] team=1 EnemyN=1 MyZ=2172.22 TgtZ=3139.76 Dist=1546.34
[ROOT] team=1 status=2 Z=2172.22 VP=(5081.04,1435.08,3140.37)
[SelectTarget] team=2 EnemyN=1 TgtZ=2173.57
[DIST] team=2 EnemyN=1 MyZ=3139.76 TgtZ=2173.57 Dist=1542.5
[ROOT] team=2 status=2 Z=3139.76 VP=(3887.67,2025.04,3139.76)
[SelectTarget] team=1 EnemyN=1 TgtZ=3090.99
[DIST] team=1 EnemyN=1 MyZ=2551.05 TgtZ=3090.99 Dist=643.789
[ROOT] team=1 status=2 Z=2551.05 VP=(4463.83,1796.66,3091.89)
[SelectTarget] team=2 EnemyN=1 TgtZ=2554
[DIST] team=2 EnemyN=1 MyZ=3090.99 TgtZ=2554 Dist=642.971
[ROOT] team=2 status=2 Z=3090.99 VP=(4725.81,2027.72,3090.99)
[CLAMP_DIAG] team=2 rawDist=428.974 offBoresightDeg=95.8394 clamped=1
[SelectTarget] team=1 EnemyN=1 TgtZ=3031.89
[DIST] team=1 EnemyN=1 MyZ=3213.94 TgtZ=3031.89 Dist=1167.31
[ROOT] team=1 status=2 Z=3213.94 VP=(4733.62,3171.31,2720.52)
[SelectTarget] team=2 EnemyN=1 TgtZ=3218.06
[DIST] team=2 EnemyN=1 MyZ=3031.89 TgtZ=3218.06 Dist=1169.21
[ROOT] team=2 status=2 Z=3031.89 VP=(5204.93,1819.75,3031.89)
[ONECIRCLE] dist=1434.65 spd=238.186 thr=0.934071
[SelectTarget] team=1 EnemyN=1 TgtZ=2951.83
[DIST] team=1 EnemyN=1 MyZ=3851.03 TgtZ=2951.83 Dist=1461.92
[ROOT] team=1 status=2 Z=3851.03 VP=(4715.83,3031.61,3201.03)
[SelectTarget] team=2 EnemyN=1 TgtZ=3853.58
[DIST] team=2 EnemyN=1 MyZ=2951.83 TgtZ=3853.58 Dist=1462.08
[ROOT] team=2 status=2 Z=2951.83 VP=(5448.5,2120.3,2951.83)
[CLAMP_DIAG] team=2 rawDist=479.078 offBoresightDeg=49.6057 clamped=0
[SelectTarget] team=1 EnemyN=1 TgtZ=2865.76
[DIST] team=1 EnemyN=1 MyZ=4082.12 TgtZ=2865.76 Dist=1249.18
[ROOT] team=1 status=2 Z=4082.12 VP=(5395.91,3096.25,3457.53)
[SelectTarget] team=2 EnemyN=1 TgtZ=4082
[DIST] team=2 EnemyN=1 MyZ=2865.76 TgtZ=4082 Dist=1248.21
[ROOT] team=2 status=2 Z=2865.76 VP=(5738.99,2865.12,2865.76)
[CLAMP_DIAG] team=1 rawDist=687.375 offBoresightDeg=50.18 clamped=0
[CLAMP_DIAG] team=2 rawDist=849.005 offBoresightDeg=162.347 clamped=1
[SelectTarget] team=1 EnemyN=1 TgtZ=2871.32
[DIST] team=1 EnemyN=1 MyZ=3780.42 TgtZ=2871.32 Dist=1406.91
[ROOT] team=1 status=2 Z=3780.42 VP=(5999.43,2695.97,3130.42)
[SelectTarget] team=2 EnemyN=1 TgtZ=3777.3
[DIST] team=2 EnemyN=1 MyZ=2871.32 TgtZ=3777.3 Dist=1406.42
[ROOT] team=2 status=2 Z=2871.32 VP=(5358.43,3409.75,2871.32)
[SelectTarget] team=1 EnemyN=1 TgtZ=3222.75
[DIST] team=1 EnemyN=1 MyZ=3077.98 TgtZ=3222.75 Dist=1790.82
[ROOT] team=1 status=2 Z=3077.98 VP=(6333.44,2160.37,3137.96)
[SelectTarget] team=2 EnemyN=1 TgtZ=3073.76
[DIST] team=2 EnemyN=1 MyZ=3222.75 TgtZ=3073.76 Dist=1790.37
[ROOT] team=2 status=2 Z=3222.75 VP=(5514.05,3653.95,3222.75)
[ONECIRCLE] dist=1969.33 spd=211.486 thr=1
[SelectTarget] team=1 EnemyN=1 TgtZ=3801.68
[DIST] team=1 EnemyN=1 MyZ=2443.8 TgtZ=3801.68 Dist=2055.82
[ROOT] team=1 status=2 Z=2443.8 VP=(6353.24,1852.76,3686.17)
[SelectTarget] team=2 EnemyN=1 TgtZ=2441.46
[DIST] team=2 EnemyN=1 MyZ=3801.68 TgtZ=2441.46 Dist=2054.85
[ROOT] team=2 status=2 Z=3801.68 VP=(5941.15,3326.56,3801.68)
[SelectTarget] team=1 EnemyN=1 TgtZ=4323.6
[DIST] team=1 EnemyN=1 MyZ=2301.9 TgtZ=4323.6 Dist=2144.88
[ROOT] team=1 status=2 Z=2301.9 VP=(6207.78,1915.27,4227.64)
[SelectTarget] team=2 EnemyN=1 TgtZ=2302.74
[DIST] team=2 EnemyN=1 MyZ=4323.6 TgtZ=2302.74 Dist=2143.09
[ROOT] team=2 status=2 Z=4323.6 VP=(6433.38,2635.54,4323.6)
[CLAMP_DIAG] team=2 rawDist=552.466 offBoresightDeg=92.264 clamped=1
[SelectTarget] team=1 EnemyN=1 TgtZ=4677.85
[DIST] team=1 EnemyN=1 MyZ=2712.22 TgtZ=4677.85 Dist=2090.16
[ROOT] team=1 status=2 Z=2712.22 VP=(6079.87,2257.23,4617.95)
[SelectTarget] team=2 EnemyN=1 TgtZ=2715.71
[DIST] team=2 EnemyN=1 MyZ=4677.85 TgtZ=2715.71 Dist=2087.4
[ROOT] team=2 status=2 Z=4677.85 VP=(6660.47,1947.22,4677.85)
[SelectTarget] team=1 EnemyN=1 TgtZ=4928.38
[DIST] team=1 EnemyN=1 MyZ=3424.02 TgtZ=4928.38 Dist=1891.65
[ROOT] team=1 status=2 Z=3424.02 VP=(6175.22,2699.54,4873.37)
[SelectTarget] team=2 EnemyN=1 TgtZ=3428
[DIST] team=2 EnemyN=1 MyZ=4928.38 TgtZ=3428 Dist=1888.33
[ROOT] team=2 status=2 Z=4928.38 VP=(6576.74,1689.6,4928.38)
[ONECIRCLE] dist=1693.33 spd=168.119 thr=1
[SelectTarget] team=1 EnemyN=1 TgtZ=5162.69
[DIST] team=1 EnemyN=1 MyZ=4043.06 TgtZ=5162.69 Dist=1546.48
[ROOT] team=1 status=2 Z=4043.06 VP=(6511.12,2992.08,5101.29)
[SelectTarget] team=2 EnemyN=1 TgtZ=4046.02
[DIST] team=2 EnemyN=1 MyZ=5162.69 TgtZ=4046.02 Dist=1542.56
[ROOT] team=2 status=2 Z=5162.69 VP=(6438.03,1971.37,5162.69)
[CLAMP_DIAG] team=2 rawDist=804.228 offBoresightDeg=92.4566 clamped=1
[SelectTarget] team=1 EnemyN=1 TgtZ=5390.96
[DIST] team=1 EnemyN=1 MyZ=4544.23 TgtZ=5390.96 Dist=1141.11
[ROOT] team=1 status=2 Z=4544.23 VP=(6934.43,3021.45,5330.56)
[SelectTarget] team=2 EnemyN=1 TgtZ=4546.93
[DIST] team=2 EnemyN=1 MyZ=5390.96 TgtZ=4546.93 Dist=1137.22
[ROOT] team=2 status=2 Z=5390.96 VP=(6508.23,2431.59,5390.96)
[CLAMP_DIAG] team=1 rawDist=801.407 offBoresightDeg=3.32438 clamped=0
[CLAMP_DIAG] team=2 rawDist=554.665 offBoresightDeg=106.55 clamped=1
[SelectTarget] team=1 EnemyN=1 TgtZ=5597.67
[DIST] team=1 EnemyN=1 MyZ=5027.31 TgtZ=5597.67 Dist=784.858
[ROOT] team=1 status=2 Z=5027.31 VP=(7290.15,2799.22,5542.23)
[SelectTarget] team=2 EnemyN=1 TgtZ=5029.95
[DIST] team=2 EnemyN=1 MyZ=5597.67 TgtZ=5029.95 Dist=781.594
[ROOT] team=2 status=2 Z=5597.67 VP=(6817.35,2772.4,5597.67)
[CLAMP_DIAG] team=1 rawDist=536.063 offBoresightDeg=8.98549 clamped=0
[CLAMP_DIAG] team=2 rawDist=504.908 offBoresightDeg=126.777 clamped=1
[SelectTarget] team=1 EnemyN=1 TgtZ=5797.04
[DIST] team=1 EnemyN=1 MyZ=5464.54 TgtZ=5797.04 Dist=607.419
[ROOT] team=1 status=2 Z=5464.54 VP=(7466.75,2420.83,5740.2)
[SelectTarget] team=2 EnemyN=1 TgtZ=5466.67
[DIST] team=2 EnemyN=1 MyZ=5797.04 TgtZ=5466.67 Dist=605.46
[ROOT] team=2 status=2 Z=5797.04 VP=(7247.84,2771.06,5797.04)
[ONECIRCLE] dist=579.649 spd=149.445 thr=1
[CLAMP_DIAG] team=1 rawDist=465.536 offBoresightDeg=19.3068 clamped=0
[CLAMP_DIAG] team=2 rawDist=519.467 offBoresightDeg=127.458 clamped=1
[SelectTarget] team=1 EnemyN=1 TgtZ=6034.51
[DIST] team=1 EnemyN=1 MyZ=5781.24 TgtZ=6034.51 Dist=578.32
[ROOT] team=1 status=2 Z=5781.24 VP=(7450.82,2030.58,5964.14)
[SelectTarget] team=2 EnemyN=1 TgtZ=5782.65
[DIST] team=2 EnemyN=1 MyZ=6034.51 TgtZ=5782.65 Dist=576.854
[ROOT] team=2 status=2 Z=6034.51 VP=(7555.7,2442.33,6034.51)
[CLAMP_DIAG] team=1 rawDist=458.872 offBoresightDeg=19.6437 clamped=0
[CLAMP_DIAG] team=2 rawDist=466.948 offBoresightDeg=111.259 clamped=1
[SelectTarget] team=1 EnemyN=1 TgtZ=6335.29
[DIST] team=1 EnemyN=1 MyZ=5994.26 TgtZ=6335.29 Dist=567.231
[ROOT] team=1 status=2 Z=5994.26 VP=(7332.73,1726.29,6238.39)
[SelectTarget] team=2 EnemyN=1 TgtZ=5995.3
[DIST] team=2 EnemyN=1 MyZ=6335.29 TgtZ=5995.3 Dist=564.87
[ROOT] team=2 status=2 Z=6335.29 VP=(7611.94,1986.13,6335.29)
[CLAMP_DIAG] team=1 rawDist=440.868 offBoresightDeg=22.0989 clamped=0
[CLAMP_DIAG] team=2 rawDist=57.0629 offBoresightDeg=79.035 clamped=1
[SelectTarget] team=1 EnemyN=1 TgtZ=6673.18
[DIST] team=1 EnemyN=1 MyZ=6191.11 TgtZ=6673.18 Dist=547.821
[ROOT] team=1 status=2 Z=6191.11 VP=(7243.03,1529.12,6526.18)
[SelectTarget] team=2 EnemyN=1 TgtZ=6192.32
[DIST] team=2 EnemyN=1 MyZ=6673.18 TgtZ=6192.32 Dist=545.774
[ROOT] team=2 status=2 Z=6673.18 VP=(7234.06,1444.95,6673.18)
[CLAMP_DIAG] team=1 rawDist=448.077 offBoresightDeg=29.2763 clamped=0
[CLAMP_DIAG] team=2 rawDist=144.099 offBoresightDeg=61.293 clamped=0
[SelectTarget] team=1 EnemyN=1 TgtZ=7004.06
[DIST] team=1 EnemyN=1 MyZ=6440.24 TgtZ=7004.06 Dist=566.242
[ROOT] team=1 status=2 Z=6440.24 VP=(7185.91,1400.47,6892.84)
[SelectTarget] team=2 EnemyN=1 TgtZ=6441.78
[DIST] team=2 EnemyN=1 MyZ=7004.06 TgtZ=6441.78 Dist=564.718
[ROOT] team=2 status=2 Z=7004.06 VP=(7191.62,1184.4,7004.06)
[ONECIRCLE] dist=563.746 spd=113.228 thr=1
[CLAMP_DIAG] team=1 rawDist=486.266 offBoresightDeg=35.6674 clamped=0
[CLAMP_DIAG] team=2 rawDist=273.867 offBoresightDeg=24.092 clamped=0
[SelectTarget] team=1 EnemyN=1 TgtZ=7260.67
[DIST] team=1 EnemyN=1 MyZ=6736.89 TgtZ=7260.67 Dist=547.109
[ROOT] team=1 status=2 Z=6736.89 VP=(7164.72,1233.38,7188.9)
[SelectTarget] team=2 EnemyN=1 TgtZ=6738.6
[DIST] team=2 EnemyN=1 MyZ=7260.67 TgtZ=6738.6 Dist=545.613
[ROOT] team=2 status=2 Z=7260.67 VP=(7166.19,857.935,7260.67)
[CLAMP_DIAG] team=1 rawDist=448.172 offBoresightDeg=37.0635 clamped=0
[CLAMP_DIAG] team=2 rawDist=356.538 offBoresightDeg=131.035 clamped=1
[SelectTarget] team=1 EnemyN=1 TgtZ=7369.97
[DIST] team=1 EnemyN=1 MyZ=7047.72 TgtZ=7369.97 Dist=506.22
[ROOT] team=1 status=2 Z=7047.72 VP=(7124.2,1113.97,7367.31)
[SelectTarget] team=2 EnemyN=1 TgtZ=7049.44
[DIST] team=2 EnemyN=1 MyZ=7369.97 TgtZ=7049.44 Dist=505.361
[ROOT] team=2 status=2 Z=7369.97 VP=(6884.17,1093.85,7369.97)
[CLAMP_DIAG] team=1 rawDist=502.567 offBoresightDeg=56.7717 clamped=0
[CLAMP_DIAG] team=2 rawDist=615.801 offBoresightDeg=122.791 clamped=1
[SelectTarget] team=1 EnemyN=1 TgtZ=7359.17
[DIST] team=1 EnemyN=1 MyZ=7345.07 TgtZ=7359.17 Dist=647.605
[ROOT] team=1 status=2 Z=7345.07 VP=(7150.15,548.896,7368.32)
[SelectTarget] team=2 EnemyN=1 TgtZ=7346.62
[DIST] team=2 EnemyN=1 MyZ=7359.17 TgtZ=7346.62 Dist=647.573
[ROOT] team=2 status=2 Z=7359.17 VP=(6842.3,1020.05,7359.17)
[CLAMP_DIAG] team=1 rawDist=728.848 offBoresightDeg=59.2905 clamped=0
[CLAMP_DIAG] team=2 rawDist=800.896 offBoresightDeg=118.018 clamped=1
[SelectTarget] team=1 EnemyN=1 TgtZ=7271.73
[DIST] team=1 EnemyN=1 MyZ=7588.35 TgtZ=7271.73 Dist=877.612
[ROOT] team=1 status=2 Z=7588.35 VP=(6990.94,158.69,7283.46)
[SelectTarget] team=2 EnemyN=1 TgtZ=7589.47
[DIST] team=2 EnemyN=1 MyZ=7271.73 TgtZ=7589.47 Dist=877.993
[ROOT] team=2 status=2 Z=7271.73 VP=(6865.14,888.559,7271.73)
[ONECIRCLE] dist=1014.27 spd=160.865 thr=1
[CLAMP_DIAG] team=2 rawDist=905.453 offBoresightDeg=113.753 clamped=1
[SelectTarget] team=1 EnemyN=1 TgtZ=7120.67
[DIST] team=1 EnemyN=1 MyZ=7739.16 TgtZ=7120.67 Dist=1107.64
[ROOT] team=1 status=2 Z=7739.16 VP=(6638.69,-124.566,7185.34)
[SelectTarget] team=2 EnemyN=1 TgtZ=7739.68
[DIST] team=2 EnemyN=1 MyZ=7120.67 TgtZ=7739.68 Dist=1107.06
[ROOT] team=2 status=2 Z=7120.67 VP=(6916.31,673.875,7120.67)
[SelectTarget] team=1 EnemyN=1 TgtZ=6890.89
[DIST] team=1 EnemyN=1 MyZ=7762.28 TgtZ=6890.89 Dist=1356.59
[ROOT] team=1 status=2 Z=7762.28 VP=(6165.64,-173.165,7112.28)
[SelectTarget] team=2 EnemyN=1 TgtZ=7761.99
[DIST] team=2 EnemyN=1 MyZ=6890.89 TgtZ=7761.99 Dist=1355.36
[ROOT] team=2 status=2 Z=6890.89 VP=(6957.33,385.395,6890.89)
[SelectTarget] team=1 EnemyN=1 TgtZ=6562.82
[DIST] team=1 EnemyN=1 MyZ=7636.21 TgtZ=6562.82 Dist=1617.11
[ROOT] team=1 status=2 Z=7636.21 VP=(5761.46,86.0143,6986.21)
[SelectTarget] team=2 EnemyN=1 TgtZ=7635.12
[DIST] team=2 EnemyN=1 MyZ=6562.82 TgtZ=7635.12 Dist=1616.16
[ROOT] team=2 status=2 Z=6562.82 VP=(6916.31,60.6864,6562.82)
[SelectTarget] team=1 EnemyN=1 TgtZ=6134.72
[DIST] team=1 EnemyN=1 MyZ=7380.07 TgtZ=6134.72 Dist=1820.21
[ROOT] team=1 status=2 Z=7380.07 VP=(5674.24,546.675,6730.07)
[SelectTarget] team=2 EnemyN=1 TgtZ=7378.34
[DIST] team=2 EnemyN=1 MyZ=6134.72 TgtZ=7378.34 Dist=1818.95
[ROOT] team=2 status=2 Z=6134.72 VP=(6721.78,-223.769,6134.72)
[ONECIRCLE] dist=1869.87 spd=232.836 thr=0.960822
[SelectTarget] team=1 EnemyN=1 TgtZ=5653.93
[DIST] team=1 EnemyN=1 MyZ=7020.87 TgtZ=5653.93 Dist=1867.12
[ROOT] team=1 status=2 Z=7020.87 VP=(6005.78,885.806,6370.87)
[SelectTarget] team=2 EnemyN=1 TgtZ=7018.64
[DIST] team=2 EnemyN=1 MyZ=5653.93 TgtZ=7018.64 Dist=1864.28
[ROOT] team=2 status=2 Z=5653.93 VP=(6377.99,-331.111,5653.93)
[SelectTarget] team=1 EnemyN=1 TgtZ=5195.65
[DIST] team=1 EnemyN=1 MyZ=6592.45 TgtZ=5195.65 Dist=1728.31
[ROOT] team=1 status=2 Z=6592.45 VP=(6534.59,782.524,5942.45)
[SelectTarget] team=2 EnemyN=1 TgtZ=6589.93
[DIST] team=2 EnemyN=1 MyZ=5195.65 TgtZ=6589.93 Dist=1725.37
[ROOT] team=2 status=2 Z=5195.65 VP=(6045.61,-127.161,5195.65)
init ID:1 Lat37.92355643001773 Lon128.18188127777776 Alt(meter)7000.0785355893395 Speed(m/sec)300.0
init ID:1 Lat37.96855377446113 Lon128.18188127777776 Alt(meter)7002.8272734023885 Speed(m/sec)300.0
runner:local/env:0	num_steps=[11999] | total rewards=[38.3837] | termination= [max time out]
[seed 0] reward=    38.38 ownHP=1.0000 tgtHP=1.0000 max time out
total: 2
[PURE_ATA] team=2 ata=20.954 dist=5140.93 leadDist=0 aa=81.0236
[PURE_ATA] team=2 ata=20.6371 dist=5117.59 leadDist=0 aa=80.9304
[PURE_ATA] team=2 ata=20.1445 dist=5094.24 leadDist=0 aa=80.8256
[PURE_ATA] team=2 ata=19.6509 dist=5071.03 leadDist=0 aa=80.572
[PURE_ATA] team=2 ata=19.0771 dist=5048.26 leadDist=0 aa=80.0951
[PURE_ATA] team=2 ata=18.3247 dist=5025.11 leadDist=0 aa=79.3072
[PURE_ATA] team=2 ata=17.3242 dist=5001.63 leadDist=0 aa=78.0917
[PURE_ATA] team=2 ata=16.0478 dist=4979.47 leadDist=0 aa=76.5201
[PURE_ATA] team=2 ata=14.4604 dist=4955.32 leadDist=0 aa=75.3639
[SelectTarget] team=1 EnemyN=1 TgtZ=7005.98
[DIST] team=1 EnemyN=1 MyZ=7250.11 TgtZ=7005.98 Dist=4931
[ROOT] team=1 status=2 Z=7250.11 VP=(4819.14,101.701,7091.68)
[SelectTarget] team=2 EnemyN=1 TgtZ=7249.61
[DIST] team=2 EnemyN=1 MyZ=7005.98 TgtZ=7249.61 Dist=4931.25
[PURE_ATA] team=2 ata=12.6314 dist=4931.25 leadDist=0 aa=75.5448
[ROOT] team=2 status=2 Z=7005.98 VP=(1046.36,1582.25,7249.61)
[PURE_ATA] team=2 ata=10.6987 dist=4907.29 leadDist=0 aa=76.322
[PURE_ATA] team=2 ata=8.8318 dist=4883.02 leadDist=0 aa=76.9012
[PURE_ATA] team=2 ata=7.12194 dist=4858.44 leadDist=0 aa=80.1491
[PURE_ATA] team=2 ata=5.5029 dist=4832.35 leadDist=0 aa=103.527
[PURE_ATA] team=2 ata=4.07003 dist=4807.18 leadDist=0 aa=121.319
[PURE_ATA] team=2 ata=2.93322 dist=4780.12 leadDist=0 aa=114.089
[PURE_ATA] team=2 ata=2.11752 dist=4753.61 leadDist=0 aa=113.128
[PURE_ATA] team=2 ata=1.47743 dist=4726.43 leadDist=0 aa=113.328
[PURE_ATA] team=2 ata=1.16653 dist=4699.39 leadDist=0 aa=113.75
[PURE_ATA] team=2 ata=1.3427 dist=4671.68 leadDist=0 aa=114.19
[PURE_ATA] team=2 ata=1.63869 dist=4643.34 leadDist=0 aa=114.573
[PURE_ATA] team=2 ata=1.85619 dist=4615.1 leadDist=0 aa=115.083
[PURE_ATA] team=2 ata=1.87986 dist=4586.32 leadDist=0 aa=115.584
[PURE_ATA] team=2 ata=1.83434 dist=4556.82 leadDist=0 aa=116.287
[PURE_ATA] team=2 ata=1.75558 dist=4527.15 leadDist=0 aa=117.071
[PURE_ATA] team=2 ata=1.66011 dist=4497.57 leadDist=0 aa=118.011
[PURE_ATA] team=2 ata=1.54654 dist=4467.02 leadDist=0 aa=118.948
[PURE_ATA] team=2 ata=1.44627 dist=4436.23 leadDist=0 aa=119.915
[PURE_ATA] team=2 ata=1.37019 dist=4405.63 leadDist=0 aa=120.904
[PURE_ATA] team=2 ata=1.33476 dist=4373.98 leadDist=0 aa=121.924
[PURE_ATA] team=2 ata=1.35319 dist=4342.23 leadDist=0 aa=123.191
[PURE_ATA] team=2 ata=1.40652 dist=4310.54 leadDist=0 aa=125.305
[PURE_ATA] team=2 ata=1.47665 dist=4278.64 leadDist=0 aa=128.645
[PURE_ATA] team=2 ata=1.55473 dist=4245.85 leadDist=0 aa=133.461
[PURE_ATA] team=2 ata=1.60985 dist=4212.7 leadDist=0 aa=139.431
[PURE_ATA] team=2 ata=1.67575 dist=4179.93 leadDist=0 aa=145.212
[PURE_ATA] team=2 ata=1.70963 dist=4146.37 leadDist=0 aa=149.759
[PURE_ATA] team=2 ata=1.7314 dist=4112.4 leadDist=0 aa=152.413
[PURE_ATA] team=2 ata=1.69147 dist=4078.45 leadDist=0 aa=153.362
[SelectTarget] team=1 EnemyN=1 TgtZ=6998.13
[DIST] team=1 EnemyN=1 MyZ=7099.97 TgtZ=6998.13 Dist=4045.11
[ROOT] team=1 status=2 Z=7099.97 VP=(3827.71,21.3239,6498.26)
[SelectTarget] team=2 EnemyN=1 TgtZ=7098.69
[DIST] team=2 EnemyN=1 MyZ=6998.13 TgtZ=7098.69 Dist=4044.31
[PURE_ATA] team=2 ata=1.60641 dist=4044.31 leadDist=0 aa=153.2
[ROOT] team=2 status=2 Z=6998.13 VP=(810.82,720.837,7098.69)
[PURE_ATA] team=2 ata=1.50776 dist=4009.8 leadDist=0 aa=152.469
[SelectTarget] team=1 EnemyN=1 TgtZ=6949.27
[DIST] team=1 EnemyN=1 MyZ=6798.17 TgtZ=6949.27 Dist=2921.96
[ROOT] team=1 status=2 Z=6798.17 VP=(2945.88,64.4641,6348.43)
[SelectTarget] team=2 EnemyN=1 TgtZ=6796.08
[DIST] team=2 EnemyN=1 MyZ=6949.27 TgtZ=6796.08 Dist=2920.46
[ROOT] team=2 status=2 Z=6949.27 VP=(983.776,-129.845,6949.27)
[ONECIRCLE] dist=1757.4 spd=314.117 thr=0.554415
[SelectTarget] team=1 EnemyN=1 TgtZ=6882.63
[DIST] team=1 EnemyN=1 MyZ=6379.73 TgtZ=6882.63 Dist=1720.24
[ROOT] team=1 status=2 Z=6379.73 VP=(3183.21,80.4765,6883.09)
[SelectTarget] team=2 EnemyN=1 TgtZ=6377.44
[DIST] team=2 EnemyN=1 MyZ=6882.63 TgtZ=6377.44 Dist=1719.02
[ROOT] team=2 status=2 Z=6882.63 VP=(1534.36,-771.211,6882.63)
[SelectTarget] team=1 EnemyN=1 TgtZ=6795.51
[DIST] team=1 EnemyN=1 MyZ=6035.23 TgtZ=6795.51 Dist=999.573
[ROOT] team=1 status=2 Z=6035.23 VP=(1666.58,-1183.08,6473.57)
[SelectTarget] team=2 EnemyN=1 TgtZ=6033.85
[DIST] team=2 EnemyN=1 MyZ=6795.51 TgtZ=6033.85 Dist=1002.38
[ROOT] team=2 status=2 Z=6795.51 VP=(2378.42,-1083.84,6795.51)
[CLAMP_DIAG] team=1 rawDist=874.62 offBoresightDeg=155.634 clamped=1
[CLAMP_DIAG] team=2 rawDist=688.931 offBoresightDeg=70.3284 clamped=0
[SelectTarget] team=1 EnemyN=1 TgtZ=6627.99
[DIST] team=1 EnemyN=1 MyZ=5907.84 TgtZ=6627.99 Dist=1696.71
[ROOT] team=1 status=2 Z=5907.84 VP=(1623.96,-2011.41,6014.46)
[SelectTarget] team=2 EnemyN=1 TgtZ=5907.47
[DIST] team=2 EnemyN=1 MyZ=6627.99 TgtZ=5907.47 Dist=1701.23
[ROOT] team=2 status=2 Z=6627.99 VP=(3301.56,-1332.07,6627.99)
[SelectTarget] team=1 EnemyN=1 TgtZ=6340.13
[DIST] team=1 EnemyN=1 MyZ=5803.38 TgtZ=6340.13 Dist=2311.47
[ROOT] team=1 status=2 Z=5803.38 VP=(2043.62,-2673.14,5491.53)
[SelectTarget] team=2 EnemyN=1 TgtZ=5802.44
[DIST] team=2 EnemyN=1 MyZ=6340.13 TgtZ=5802.44 Dist=2314.34
[ROOT] team=2 status=2 Z=6340.13 VP=(4014.11,-1949.29,6340.13)
[ONECIRCLE] dist=2205.48 spd=301.976 thr=0.615119
[SelectTarget] team=1 EnemyN=1 TgtZ=5981.49
[DIST] team=1 EnemyN=1 MyZ=5538.23 TgtZ=5981.49 Dist=2187.73
[ROOT] team=1 status=2 Z=5538.23 VP=(2882.22,-3057.2,5296.15)
[SelectTarget] team=2 EnemyN=1 TgtZ=5536.23
[DIST] team=2 EnemyN=1 MyZ=5981.49 TgtZ=5536.23 Dist=2189.01
[ROOT] team=2 status=2 Z=5981.49 VP=(4346.49,-2795.94,5981.49)
[SelectTarget] team=1 EnemyN=1 TgtZ=5706.89
[DIST] team=1 EnemyN=1 MyZ=5115.85 TgtZ=5706.89 Dist=1475.35
[ROOT] team=1 status=2 Z=5115.85 VP=(2751.23,-3083.52,5786.71)
[SelectTarget] team=2 EnemyN=1 TgtZ=5113.41
[DIST] team=2 EnemyN=1 MyZ=5706.89 TgtZ=5113.41 Dist=1475.89
[ROOT] team=2 status=2 Z=5706.89 VP=(4215.4,-3654.68,5706.89)
[SelectTarget] team=1 EnemyN=1 TgtZ=5594.01
[DIST] team=1 EnemyN=1 MyZ=4790.73 TgtZ=5594.01 Dist=1147.98
[ROOT] team=1 status=2 Z=4790.73 VP=(4254.36,-4270.81,5245.49)
[SelectTarget] team=2 EnemyN=1 TgtZ=4790.02
[DIST] team=2 EnemyN=1 MyZ=5594.01 TgtZ=4790.02 Dist=1151.59
[ROOT] team=2 status=2 Z=5594.01 VP=(3646.21,-4396.68,5594.01)
[CLAMP_DIAG] team=1 rawDist=787.948 offBoresightDeg=129.686 clamped=1
[SelectTarget] team=1 EnemyN=1 TgtZ=5437.62
[DIST] team=1 EnemyN=1 MyZ=4812.94 TgtZ=5437.62 Dist=1504.84
[ROOT] team=1 status=2 Z=4812.94 VP=(4258.56,-5115.56,4906.36)
[SelectTarget] team=2 EnemyN=1 TgtZ=4813.51
[DIST] team=2 EnemyN=1 MyZ=5437.62 TgtZ=4813.51 Dist=1508.18
[ROOT] team=2 status=2 Z=5437.62 VP=(3151.86,-5228.57,5437.62)
[ONECIRCLE] dist=1467.2 spd=294.723 thr=0.651387
[SelectTarget] team=1 EnemyN=1 TgtZ=5216.77
[DIST] team=1 EnemyN=1 MyZ=4891.68 TgtZ=5216.77 Dist=1453.85
[ROOT] team=1 status=2 Z=4891.68 VP=(3716.16,-5858.93,4782.65)
[SelectTarget] team=2 EnemyN=1 TgtZ=4891.77
[DIST] team=2 EnemyN=1 MyZ=5216.77 TgtZ=4891.77 Dist=1456.32
[ROOT] team=2 status=2 Z=5216.77 VP=(3148.06,-6159.76,5216.77)
[CLAMP_DIAG] team=1 rawDist=408.141 offBoresightDeg=124.684 clamped=1
[SelectTarget] team=1 EnemyN=1 TgtZ=5064.05
[DIST] team=1 EnemyN=1 MyZ=4842.05 TgtZ=5064.05 Dist=1017.36
[ROOT] team=1 status=2 Z=4842.05 VP=(4834.6,-5829,2321.44)
[SelectTarget] team=2 EnemyN=1 TgtZ=4841.68
[DIST] team=2 EnemyN=1 MyZ=5064.05 TgtZ=4841.68 Dist=1019.53
[ROOT] team=2 status=2 Z=5064.05 VP=(3640.71,-6932.62,5064.05)
[CLAMP_DIAG] team=2 rawDist=912.536 offBoresightDeg=14.1097 clamped=0
[SelectTarget] team=1 EnemyN=1 TgtZ=4963.17
[DIST] team=1 EnemyN=1 MyZ=4549.15 TgtZ=4963.17 Dist=987.215
[ROOT] team=1 status=2 Z=4549.15 VP=(4078.98,-7582.63,4673.6)
[SelectTarget] team=2 EnemyN=1 TgtZ=4546.51
[DIST] team=2 EnemyN=1 MyZ=4963.17 TgtZ=4546.51 Dist=992.748
[ROOT] team=2 status=2 Z=4963.17 VP=(4353.68,-7451.89,4963.17)
[CLAMP_DIAG] team=1 rawDist=353.395 offBoresightDeg=120.719 clamped=1
[SelectTarget] team=1 EnemyN=1 TgtZ=4860.32
[DIST] team=1 EnemyN=1 MyZ=4065.2 TgtZ=4860.32 Dist=1235.03
[ROOT] team=1 status=2 Z=4065.2 VP=(4944.35,-7893.4,4749.4)
[SelectTarget] team=2 EnemyN=1 TgtZ=4063.2
[DIST] team=2 EnemyN=1 MyZ=4860.32 TgtZ=4063.2 Dist=1239.94
[ROOT] team=2 status=2 Z=4860.32 VP=(4967.27,-8044.95,4860.32)
[CLAMP_DIAG] team=1 rawDist=583.135 offBoresightDeg=103.632 clamped=1
[ONECIRCLE] dist=1344.49 spd=292.048 thr=0.664762
[SelectTarget] team=1 EnemyN=1 TgtZ=4822.64
[DIST] team=1 EnemyN=1 MyZ=3971.43 TgtZ=4822.64 Dist=1338.94
[ROOT] team=1 status=2 Z=3971.43 VP=(5332.8,-8792.2,4577.42)
[SelectTarget] team=2 EnemyN=1 TgtZ=3972.37
[DIST] team=2 EnemyN=1 MyZ=4822.64 TgtZ=3972.37 Dist=1342.79
[ROOT] team=2 status=2 Z=4822.64 VP=(5497.56,-8866.11,4822.64)
[CLAMP_DIAG] team=1 rawDist=507.146 offBoresightDeg=80.1284 clamped=1
[SelectTarget] team=1 EnemyN=1 TgtZ=4778.46
[DIST] team=1 EnemyN=1 MyZ=4364.31 TgtZ=4778.46 Dist=1069.96
[ROOT] team=1 status=2 Z=4364.31 VP=(7401.13,-8345.9,2081.79)
[SelectTarget] team=2 EnemyN=1 TgtZ=4367.61
[DIST] team=2 EnemyN=1 MyZ=4778.46 TgtZ=4367.61 Dist=1071.62
[ROOT] team=2 status=2 Z=4778.46 VP=(5914.94,-9604.09,4778.46)
[CLAMP_DIAG] team=2 rawDist=841.039 offBoresightDeg=0.330132 clamped=0
[SelectTarget] team=1 EnemyN=1 TgtZ=4739.31
[DIST] team=1 EnemyN=1 MyZ=4962.29 TgtZ=4739.31 Dist=778.008
[ROOT] team=1 status=2 Z=4962.29 VP=(5014.52,-10932.7,2300.44)
[SelectTarget] team=2 EnemyN=1 TgtZ=4965.6
[DIST] team=2 EnemyN=1 MyZ=4739.31 TgtZ=4965.6 Dist=783.12
[ROOT] team=2 status=2 Z=4739.31 VP=(6204.61,-10228,4739.31)
[CLAMP_DIAG] team=1 rawDist=522.268 offBoresightDeg=83.1619 clamped=1
[CLAMP_DIAG] team=2 rawDist=575.253 offBoresightDeg=0.76711 clamped=0
[SelectTarget] team=1 EnemyN=1 TgtZ=4718.93
[DIST] team=1 EnemyN=1 MyZ=5486.71 TgtZ=4718.93 Dist=913.61
[ROOT] team=1 status=2 Z=5486.71 VP=(6637.2,-11301.1,5029.91)
[SelectTarget] team=2 EnemyN=1 TgtZ=5488.55
[DIST] team=2 EnemyN=1 MyZ=4718.93 TgtZ=5488.55 Dist=917.436
[ROOT] team=2 status=2 Z=4718.93 VP=(6447.76,-10886.8,4718.93)
[CLAMP_DIAG] team=1 rawDist=741.15 offBoresightDeg=31.9747 clamped=0
[CLAMP_DIAG] team=2 rawDist=419.25 offBoresightDeg=0.269582 clamped=0
[ONECIRCLE] dist=937.104 spd=325.126 thr=0.49937
[SelectTarget] team=1 EnemyN=1 TgtZ=4681.29
[DIST] team=1 EnemyN=1 MyZ=5534.59 TgtZ=4681.29 Dist=928.842
[ROOT] team=1 status=2 Z=5534.59 VP=(6811.76,-12284.8,5070.17)
[SelectTarget] team=2 EnemyN=1 TgtZ=5533.24
[DIST] team=2 EnemyN=1 MyZ=4681.29 TgtZ=5533.24 Dist=929.281
[ROOT] team=2 status=2 Z=4681.29 VP=(6692.18,-11689.2,4681.29)
[CLAMP_DIAG] team=1 rawDist=610.977 offBoresightDeg=0.920976 clamped=0
[CLAMP_DIAG] team=2 rawDist=299.999 offBoresightDeg=0.149 clamped=0
[SelectTarget] team=1 EnemyN=1 TgtZ=4661.48
[DIST] team=1 EnemyN=1 MyZ=5103.12 TgtZ=4661.48 Dist=468.765
[ROOT] team=1 status=2 Z=5103.12 VP=(6926.84,-12773.7,4868.74)
[SelectTarget] team=2 EnemyN=1 TgtZ=5100.13
[DIST] team=2 EnemyN=1 MyZ=4661.48 TgtZ=5100.13 Dist=467.327
[ROOT] team=2 status=2 Z=4661.48 VP=(6909.31,-12575.9,4661.48)
[CLAMP_DIAG] team=1 rawDist=112.85 offBoresightDeg=17.5223 clamped=0
[CLAMP_DIAG] team=2 rawDist=299.999 offBoresightDeg=0.151 clamped=0
[SelectTarget] team=1 EnemyN=1 TgtZ=4644.53
[DIST] team=1 EnemyN=1 MyZ=4521.47 TgtZ=4644.53 Dist=134.227
[ROOT] team=1 status=2 Z=4521.47 VP=(7062.62,-13388,4642)
[SelectTarget] team=2 EnemyN=1 TgtZ=4518.43
[DIST] team=2 EnemyN=1 MyZ=4644.53 TgtZ=4518.43 Dist=135.549
[ROOT] team=2 status=2 Z=4644.53 VP=(7097.37,-13552.1,4644.53)
[CLAMP_DIAG] team=1 rawDist=595.502 offBoresightDeg=46.6621 clamped=0
[CLAMP_DIAG] team=2 rawDist=299.999 offBoresightDeg=0.169 clamped=0
[SelectTarget] team=1 EnemyN=1 TgtZ=4627.1
[DIST] team=1 EnemyN=1 MyZ=4206.75 TgtZ=4627.1 Dist=448.614
[ROOT] team=1 status=2 Z=4206.75 VP=(7221.7,-14697,4602.36)
[SelectTarget] team=2 EnemyN=1 TgtZ=4206.38
[DIST] team=2 EnemyN=1 MyZ=4627.1 TgtZ=4206.38 Dist=447.747
[ROOT] team=2 status=2 Z=4627.1 VP=(7230.14,-14543.9,4627.1)
[CLAMP_DIAG] team=1 rawDist=671.455 offBoresightDeg=16.1761 clamped=0
[CLAMP_DIAG] team=2 rawDist=299.999 offBoresightDeg=0.117 clamped=0
[ONECIRCLE] dist=322.14 spd=334.746 thr=0.45127
[SelectTarget] team=1 EnemyN=1 TgtZ=4608.66
[DIST] team=1 EnemyN=1 MyZ=4360.74 TgtZ=4608.66 Dist=318.083
[ROOT] team=1 status=2 Z=4360.74 VP=(7257.63,-15098.8,4605.84)
[SelectTarget] team=2 EnemyN=1 TgtZ=4362.67
[DIST] team=2 EnemyN=1 MyZ=4608.66 TgtZ=4362.67 Dist=313.485
[ROOT] team=2 status=2 Z=4608.66 VP=(7309.19,-15545.2,4608.66)
[CLAMP_DIAG] team=1 rawDist=615.63 offBoresightDeg=36.8517 clamped=0
[CLAMP_DIAG] team=2 rawDist=299.999 offBoresightDeg=0.179 clamped=0
[SelectTarget] team=1 EnemyN=1 TgtZ=4597.1
[DIST] team=1 EnemyN=1 MyZ=4774.85 TgtZ=4597.1 Dist=423.325
[ROOT] team=1 status=2 Z=4774.85 VP=(7272.47,-16257.4,4593.57)
[SelectTarget] team=2 EnemyN=1 TgtZ=4776.44
[DIST] team=2 EnemyN=1 MyZ=4597.1 TgtZ=4776.44 Dist=420.658
[ROOT] team=2 status=2 Z=4597.1 VP=(7213.17,-15883.6,4597.1)
[CLAMP_DIAG] team=1 rawDist=394.947 offBoresightDeg=26.6154 clamped=0
[CLAMP_DIAG] team=2 rawDist=405.935 offBoresightDeg=146.43 clamped=1
[SelectTarget] team=1 EnemyN=1 TgtZ=4618.32
[DIST] team=1 EnemyN=1 MyZ=4781.88 TgtZ=4618.32 Dist=450.468
[ROOT] team=1 status=2 Z=4781.88 VP=(6943.18,-17108,4593.56)
[SelectTarget] team=2 EnemyN=1 TgtZ=4780.42
[DIST] team=2 EnemyN=1 MyZ=4618.32 TgtZ=4780.42 Dist=445.164
[ROOT] team=2 status=2 Z=4618.32 VP=(7116.75,-16761.8,4618.32)
[CLAMP_DIAG] team=1 rawDist=413.628 offBoresightDeg=34.0082 clamped=0
[CLAMP_DIAG] team=2 rawDist=532.152 offBoresightDeg=173.559 clamped=1
[SelectTarget] team=1 EnemyN=1 TgtZ=4540.92
[DIST] team=1 EnemyN=1 MyZ=4480.93 TgtZ=4540.92 Dist=617.905
[ROOT] team=1 status=2 Z=4480.93 VP=(6336.19,-17648.6,4548.38)
[SelectTarget] team=2 EnemyN=1 TgtZ=4479.56
[DIST] team=2 EnemyN=1 MyZ=4540.92 TgtZ=4479.56 Dist=614.22
[ROOT] team=2 status=2 Z=4540.92 VP=(6820.31,-17556.8,4540.92)
[CLAMP_DIAG] team=1 rawDist=555.966 offBoresightDeg=30.0367 clamped=0
[CLAMP_DIAG] team=2 rawDist=653.394 offBoresightDeg=127.28 clamped=1
[ONECIRCLE] dist=609.867 spd=314.477 thr=0.552614
[SelectTarget] team=1 EnemyN=1 TgtZ=4082.1
[DIST] team=1 EnemyN=1 MyZ=4302.62 TgtZ=4082.1 Dist=609.253
[ROOT] team=1 status=2 Z=4302.62 VP=(5637.75,-18045.7,4169.06)
[SelectTarget] team=2 EnemyN=1 TgtZ=4301.77
[DIST] team=2 EnemyN=1 MyZ=4082.1 TgtZ=4301.77 Dist=604.535
[ROOT] team=2 status=2 Z=4082.1 VP=(6105.23,-18076.7,4082.1)
[CLAMP_DIAG] team=1 rawDist=391.281 offBoresightDeg=26.2461 clamped=0
[CLAMP_DIAG] team=2 rawDist=327.492 offBoresightDeg=113.295 clamped=1
[SelectTarget] team=1 EnemyN=1 TgtZ=3301.01
[DIST] team=1 EnemyN=1 MyZ=3946.98 TgtZ=3301.01 Dist=726.13
[ROOT] team=1 status=2 Z=3946.98 VP=(5336.82,-18526.7,3583.92)
[SelectTarget] team=2 EnemyN=1 TgtZ=3943.79
[DIST] team=2 EnemyN=1 MyZ=3301.01 TgtZ=3943.79 Dist=722.894
[ROOT] team=2 status=2 Z=3301.01 VP=(5464.39,-19190.7,8264.34)
[CLAMP_DIAG] team=1 rawDist=682.38 offBoresightDeg=55.8884 clamped=0
[SelectTarget] team=1 EnemyN=1 TgtZ=2372.31
[DIST] team=1 EnemyN=1 MyZ=3198.92 TgtZ=2372.31 Dist=1079.53
[ROOT] team=1 status=2 Z=3198.92 VP=(4596.21,-19501.1,8117.51)
[SelectTarget] team=2 EnemyN=1 TgtZ=3194
[DIST] team=2 EnemyN=1 MyZ=2372.31 TgtZ=3194 Dist=1075.58
[ROOT] team=2 status=2 Z=2372.31 VP=(5922.87,-20187.6,7202.14)
[SelectTarget] team=1 EnemyN=1 TgtZ=1830.17
[DIST] team=1 EnemyN=1 MyZ=2413.87 TgtZ=1830.17 Dist=1336.88
[ROOT] team=1 status=2 Z=2413.87 VP=(4482.7,-20710.6,7190.77)
[SelectTarget] team=2 EnemyN=1 TgtZ=2410.7
[DIST] team=2 EnemyN=1 MyZ=1830.17 TgtZ=2410.7 Dist=1334.25
[ROOT] team=2 status=2 Z=1830.17 VP=(6386.69,-21144.9,6609.33)
[SelectTarget] team=1 EnemyN=1 TgtZ=1899.49
[DIST] team=1 EnemyN=1 MyZ=2076.71 TgtZ=1899.49 Dist=1577.28
[ROOT] team=1 status=2 Z=2076.71 VP=(4909.95,-21692.2,6850.53)
[SelectTarget] team=2 EnemyN=1 TgtZ=2075.45
[DIST] team=2 EnemyN=1 MyZ=1899.49 TgtZ=2075.45 Dist=1574.5
[ROOT] team=2 status=2 Z=1899.49 VP=(4629.39,-20237.6,2000)
[SelectTarget] team=1 EnemyN=1 TgtZ=2075.02
[DIST] team=1 EnemyN=1 MyZ=1925.78 TgtZ=2075.02 Dist=970.303
[ROOT] team=1 status=2 Z=1925.78 VP=(5910.91,-22314.1,6706.64)
[SelectTarget] team=2 EnemyN=1 TgtZ=1925.17
[DIST] team=2 EnemyN=1 MyZ=2075.02 TgtZ=1925.17 Dist=965.16
[ROOT] team=2 status=2 Z=2075.02 VP=(4982.49,-21189.6,2075.02)
[CLAMP_DIAG] team=1 rawDist=395.754 offBoresightDeg=66.7739 clamped=0
[CLAMP_DIAG] team=2 rawDist=448.527 offBoresightDeg=137.222 clamped=1
[SelectTarget] team=1 EnemyN=1 TgtZ=2107.23
[DIST] team=1 EnemyN=1 MyZ=2024.95 TgtZ=2107.23 Dist=699.114
[ROOT] team=1 status=2 Z=2024.95 VP=(4385.55,-22183.1,1924.26)
[SelectTarget] team=2 EnemyN=1 TgtZ=2026.34
[DIST] team=2 EnemyN=1 MyZ=2107.23 TgtZ=2026.34 Dist=700.039
[ROOT] team=2 status=2 Z=2107.23 VP=(5679.82,-21897.4,2107.23)
[ONECIRCLE] dist=1019.67 spd=301.925 thr=0.615376
[SelectTarget] team=1 EnemyN=1 TgtZ=1979.16
[DIST] team=1 EnemyN=1 MyZ=2218.06 TgtZ=1979.16 Dist=1952.88
[ROOT] team=1 status=2 Z=2218.06 VP=(3301.07,-21629,1836.46)
[SelectTarget] team=2 EnemyN=1 TgtZ=2218.54
[DIST] team=2 EnemyN=1 MyZ=1979.16 TgtZ=2218.54 Dist=1954.79
[ROOT] team=2 status=2 Z=1979.16 VP=(2751.83,-21533.6,6756.11)
[SelectTarget] team=1 EnemyN=1 TgtZ=1887.23
[DIST] team=1 EnemyN=1 MyZ=2190.49 TgtZ=1887.23 Dist=2894.73
[ROOT] team=1 status=2 Z=2190.49 VP=(2413.8,-22343.7,1540.49)
[SelectTarget] team=2 EnemyN=1 TgtZ=2189.64
[DIST] team=2 EnemyN=1 MyZ=1887.23 TgtZ=2189.64 Dist=2893.93
[ROOT] team=2 status=2 Z=1887.23 VP=(1814.27,-22226.8,6669.39)
[SelectTarget] team=1 EnemyN=1 TgtZ=1845.04
[DIST] team=1 EnemyN=1 MyZ=2006.91 TgtZ=1845.04 Dist=2881.29
[ROOT] team=1 status=2 Z=2006.91 VP=(1998.87,-23107.3,1500)
[SelectTarget] team=2 EnemyN=1 TgtZ=2006.13
[DIST] team=2 EnemyN=1 MyZ=1845.04 TgtZ=2006.13 Dist=2878.44
[ROOT] team=2 status=2 Z=1845.04 VP=(1667.42,-23568,6630.35)
[SelectTarget] team=1 EnemyN=1 TgtZ=1823.97
[DIST] team=1 EnemyN=1 MyZ=1908.69 TgtZ=1823.97 Dist=1886.5
[ROOT] team=1 status=2 Z=1908.69 VP=(2189.98,-23065.6,1818.82)
[SelectTarget] team=2 EnemyN=1 TgtZ=1908.38
[DIST] team=2 EnemyN=1 MyZ=1823.97 TgtZ=1908.38 Dist=1881.83
[ROOT] team=2 status=2 Z=1823.97 VP=(3776.45,-24179.7,2000)
[SelectTarget] team=1 EnemyN=1 TgtZ=1831.34
[DIST] team=1 EnemyN=1 MyZ=1843.9 TgtZ=1831.34 Dist=328.253
[ROOT] team=1 status=2 Z=1843.9 VP=(1547.12,-23196.9,6628.62)
[SelectTarget] team=2 EnemyN=1 TgtZ=1843.48
[DIST] team=2 EnemyN=1 MyZ=1831.34 TgtZ=1843.48 Dist=324.588
[ROOT] team=2 status=2 Z=1831.34 VP=(2853.73,-23815.4,2000)
[CLAMP_DIAG] team=2 rawDist=333.299 offBoresightDeg=17.2543 clamped=0
[ONECIRCLE] dist=352.824 spd=280.01 thr=0.724952
[SelectTarget] team=1 EnemyN=1 TgtZ=2074.87
[DIST] team=1 EnemyN=1 MyZ=1935.8 TgtZ=2074.87 Dist=1556.66
[ROOT] team=1 status=2 Z=1935.8 VP=(3982,-24015.1,2430.24)
[SelectTarget] team=2 EnemyN=1 TgtZ=1937.75
[DIST] team=2 EnemyN=1 MyZ=2074.87 TgtZ=1937.75 Dist=1561.2
[ROOT] team=2 status=2 Z=2074.87 VP=(1914.95,-23468.6,2074.87)
[SelectTarget] team=1 EnemyN=1 TgtZ=2603.27
[DIST] team=1 EnemyN=1 MyZ=2527.64 TgtZ=2603.27 Dist=2603.95
[ROOT] team=1 status=2 Z=2527.64 VP=(3933.83,-23152.8,2821.41)
[SelectTarget] team=2 EnemyN=1 TgtZ=2531.99
[DIST] team=2 EnemyN=1 MyZ=2603.27 TgtZ=2531.99 Dist=2606.86
[ROOT] team=2 status=2 Z=2603.27 VP=(1201.13,-23381.4,2603.27)
[SelectTarget] team=1 EnemyN=1 TgtZ=3106.69
[DIST] team=1 EnemyN=1 MyZ=3357.87 TgtZ=3106.69 Dist=2624.63
[ROOT] team=1 status=2 Z=3357.87 VP=(3271.22,-22812.2,3046.15)
[SelectTarget] team=2 EnemyN=1 TgtZ=3362.27
[DIST] team=2 EnemyN=1 MyZ=3106.69 TgtZ=3362.27 Dist=2624.3
[ROOT] team=2 status=2 Z=3106.69 VP=(1068.35,-23301.6,3106.69)
[SelectTarget] team=1 EnemyN=1 TgtZ=3357.94
[DIST] team=1 EnemyN=1 MyZ=3959.54 TgtZ=3357.94 Dist=1773.6
[ROOT] team=1 status=2 Z=3959.54 VP=(3292.76,-23334.5,3331.69)
[SelectTarget] team=2 EnemyN=1 TgtZ=3961.48
[DIST] team=2 EnemyN=1 MyZ=3357.94 TgtZ=3961.48 Dist=1770.73
[ROOT] team=2 status=2 Z=3357.94 VP=(1522.1,-23188.8,3357.94)
[ONECIRCLE] dist=1510.4 spd=213.75 thr=1
[SelectTarget] team=1 EnemyN=1 TgtZ=3350.59
[DIST] team=1 EnemyN=1 MyZ=4000.84 TgtZ=3350.59 Dist=716.059
[ROOT] team=1 status=2 Z=4000.84 VP=(2830.95,-23216.5,3642.81)
[SelectTarget] team=2 EnemyN=1 TgtZ=3999.41
[DIST] team=2 EnemyN=1 MyZ=3350.59 TgtZ=3999.41 Dist=713.151
[ROOT] team=2 status=2 Z=3350.59 VP=(2233.06,-23185.4,3350.59)
[CLAMP_DIAG] team=1 rawDist=562.431 offBoresightDeg=3.99795 clamped=0
[CLAMP_DIAG] team=2 rawDist=299.977 offBoresightDeg=0.707 clamped=0
[SelectTarget] team=1 EnemyN=1 TgtZ=3292.29
[DIST] team=1 EnemyN=1 MyZ=3491.49 TgtZ=3292.29 Dist=998.254
[ROOT] team=1 status=2 Z=3491.49 VP=(1925.38,-23145.9,3297.8)
[SelectTarget] team=2 EnemyN=1 TgtZ=3487.38
[DIST] team=2 EnemyN=1 MyZ=3292.29 TgtZ=3487.38 Dist=999.094
[ROOT] team=2 status=2 Z=3292.29 VP=(2784.81,-23218.4,3292.29)
[SelectTarget] team=1 EnemyN=1 TgtZ=2989.8
[DIST] team=1 EnemyN=1 MyZ=2675.86 TgtZ=2989.8 Dist=1606.1
[ROOT] team=1 status=2 Z=2675.86 VP=(1683.57,-23166.8,7559.04)
[SelectTarget] team=2 EnemyN=1 TgtZ=2671.42
[DIST] team=2 EnemyN=1 MyZ=2989.8 TgtZ=2671.42 Dist=1605.4
[ROOT] team=2 status=2 Z=2989.8 VP=(2754.78,-23225.1,2989.8)
[SelectTarget] team=1 EnemyN=1 TgtZ=2436.44
[DIST] team=1 EnemyN=1 MyZ=2063.45 TgtZ=2436.44 Dist=1413.36
[ROOT] team=1 status=2 Z=2063.45 VP=(619.224,-23197.6,6833.54)
[SelectTarget] team=2 EnemyN=1 TgtZ=2061.47
[DIST] team=2 EnemyN=1 MyZ=2436.44 TgtZ=2061.47 Dist=1411.06
[ROOT] team=2 status=2 Z=2436.44 VP=(2113.28,-23211.7,2436.44)
[SelectTarget] team=1 EnemyN=1 TgtZ=2104.3
[DIST] team=1 EnemyN=1 MyZ=1930.7 TgtZ=2104.3 Dist=1708.48
[ROOT] team=1 status=2 Z=1930.7 VP=(1445.67,-21668.2,2229.04)
[SelectTarget] team=2 EnemyN=1 TgtZ=1930.51
[DIST] team=2 EnemyN=1 MyZ=2104.3 TgtZ=1930.51 Dist=1707.43
[ROOT] team=2 status=2 Z=2104.3 VP=(2323.68,-20141.7,6875.84)
[ONECIRCLE] dist=2093.84 spd=308.098 thr=0.603896
[SelectTarget] team=1 EnemyN=1 TgtZ=1953.18
[DIST] team=1 EnemyN=1 MyZ=1886.82 TgtZ=1953.18 Dist=2272.14
[ROOT] team=1 status=2 Z=1886.82 VP=(1978.01,-20893.7,2007.24)
[SelectTarget] team=2 EnemyN=1 TgtZ=1886.41
[DIST] team=2 EnemyN=1 MyZ=1953.18 TgtZ=1886.41 Dist=2269.74
[ROOT] team=2 status=2 Z=1953.18 VP=(609.53,-22428.1,2000)
[SelectTarget] team=1 EnemyN=1 TgtZ=1887.79
[DIST] team=1 EnemyN=1 MyZ=1851.85 TgtZ=1887.79 Dist=2671.65
[ROOT] team=1 status=2 Z=1851.85 VP=(3870.82,-20512.9,1678.45)
[SelectTarget] team=2 EnemyN=1 TgtZ=1851.7
[DIST] team=2 EnemyN=1 MyZ=1887.79 TgtZ=1851.7 Dist=2668.57
[ROOT] team=2 status=2 Z=1887.79 VP=(521.149,-21515,2000)
[SelectTarget] team=1 EnemyN=1 TgtZ=1927.43
[DIST] team=1 EnemyN=1 MyZ=1832.52 TgtZ=1927.43 Dist=2862.32
[ROOT] team=1 status=2 Z=1832.52 VP=(2059.7,-19766.5,6618.6)
[SelectTarget] team=2 EnemyN=1 TgtZ=1832.33
[DIST] team=2 EnemyN=1 MyZ=1927.43 TgtZ=1832.33 Dist=2858.34
[ROOT] team=2 status=2 Z=1927.43 VP=(942.334,-20677,2000)
[SelectTarget] team=1 EnemyN=1 TgtZ=1966.36
[DIST] team=1 EnemyN=1 MyZ=1818.78 TgtZ=1966.36 Dist=2760.81
[ROOT] team=1 status=2 Z=1818.78 VP=(4336.37,-22129.3,1500)
[SelectTarget] team=2 EnemyN=1 TgtZ=1818.57
[DIST] team=2 EnemyN=1 MyZ=1966.36 TgtZ=1818.57 Dist=2756.98
[ROOT] team=2 status=2 Z=1966.36 VP=(1744.11,-20151.7,2000)
[SelectTarget] team=1 EnemyN=1 TgtZ=1901.89
[DIST] team=1 EnemyN=1 MyZ=1809.65 TgtZ=1901.89 Dist=2419.4
[ROOT] team=1 status=2 Z=1809.65 VP=(4127.1,-21956.5,1905.97)
[SelectTarget] team=2 EnemyN=1 TgtZ=1809.74
[DIST] team=2 EnemyN=1 MyZ=1901.89 TgtZ=1809.74 Dist=2415.72
[ROOT] team=2 status=2 Z=1901.89 VP=(2720.95,-20082,2000)
[ONECIRCLE] dist=2364.59 spd=289.63 thr=0.676851
[SelectTarget] team=1 EnemyN=1 TgtZ=1899.51
[DIST] team=1 EnemyN=1 MyZ=1815.34 TgtZ=1899.51 Dist=2093.94
[ROOT] team=1 status=2 Z=1815.34 VP=(4535.68,-21613.1,6603.06)
[SelectTarget] team=2 EnemyN=1 TgtZ=1815.12
[DIST] team=2 EnemyN=1 MyZ=1899.51 TgtZ=1815.12 Dist=2090.12
[ROOT] team=2 status=2 Z=1899.51 VP=(3570.93,-20549.6,2000)
[SelectTarget] team=1 EnemyN=1 TgtZ=1850.41
[DIST] team=1 EnemyN=1 MyZ=1826.27 TgtZ=1850.41 Dist=1805.83
[ROOT] team=1 status=2 Z=1826.27 VP=(2879.96,-22624.5,1872.08)
[SelectTarget] team=2 EnemyN=1 TgtZ=1826.13
[DIST] team=2 EnemyN=1 MyZ=1850.41 TgtZ=1826.13 Dist=1802.66
[ROOT] team=2 status=2 Z=1850.41 VP=(4012.42,-21408.3,2000)
[SelectTarget] team=1 EnemyN=1 TgtZ=1891.31
[DIST] team=1 EnemyN=1 MyZ=1827.35 TgtZ=1891.31 Dist=1881.82
[ROOT] team=1 status=2 Z=1827.35 VP=(2092.26,-22127.6,1876.81)
[SelectTarget] team=2 EnemyN=1 TgtZ=1827.38
[DIST] team=2 EnemyN=1 MyZ=1891.31 TgtZ=1827.38 Dist=1880.56
[ROOT] team=2 status=2 Z=1891.31 VP=(3879.63,-22361.6,2000)
[SelectTarget] team=1 EnemyN=1 TgtZ=1910.09
[DIST] team=1 EnemyN=1 MyZ=1821.9 TgtZ=1910.09 Dist=2186.58
[ROOT] team=1 status=2 Z=1821.9 VP=(1993.12,-21336.5,1904.41)
[SelectTarget] team=2 EnemyN=1 TgtZ=1822.19
[DIST] team=2 EnemyN=1 MyZ=1910.09 TgtZ=1822.19 Dist=2186.83
[ROOT] team=2 status=2 Z=1910.09 VP=(3222.06,-23056,2000)
[ONECIRCLE] dist=2324.61 spd=271.11 thr=0.769451
[SelectTarget] team=1 EnemyN=1 TgtZ=1857.6
[DIST] team=1 EnemyN=1 MyZ=1827.95 TgtZ=1857.6 Dist=2533.24
[ROOT] team=1 status=2 Z=1827.95 VP=(911.689,-22849.4,6614.5)
[SelectTarget] team=2 EnemyN=1 TgtZ=1827.66
[DIST] team=2 EnemyN=1 MyZ=1857.6 TgtZ=1827.66 Dist=2533.28
[ROOT] team=2 status=2 Z=1857.6 VP=(2304.84,-23213,2000)
[SelectTarget] team=1 EnemyN=1 TgtZ=1902.42
[DIST] team=1 EnemyN=1 MyZ=1817.29 TgtZ=1902.42 Dist=2904.36
[ROOT] team=1 status=2 Z=1817.29 VP=(408.709,-21825.1,6604.43)
[SelectTarget] team=2 EnemyN=1 TgtZ=1817.06
[DIST] team=2 EnemyN=1 MyZ=1902.42 TgtZ=1817.06 Dist=2904.49
[ROOT] team=2 status=2 Z=1902.42 VP=(1443.02,-22824.6,2000)
[SelectTarget] team=1 EnemyN=1 TgtZ=1884.4
[DIST] team=1 EnemyN=1 MyZ=1813.63 TgtZ=1884.4 Dist=3084.23
[ROOT] team=1 status=2 Z=1813.63 VP=(493.807,-20648,6601.6)
[SelectTarget] team=2 EnemyN=1 TgtZ=1813.43
[DIST] team=2 EnemyN=1 MyZ=1884.4 TgtZ=1813.43 Dist=3084.18
[ROOT] team=2 status=2 Z=1884.4 VP=(900.892,-22024.2,2000)
[SelectTarget] team=1 EnemyN=1 TgtZ=1862.24
[DIST] team=1 EnemyN=1 MyZ=1803.33 TgtZ=1862.24 Dist=3097.37
[ROOT] team=1 status=2 Z=1803.33 VP=(3242.48,-22687.2,1500)
[SelectTarget] team=2 EnemyN=1 TgtZ=1803.25
[DIST] team=2 EnemyN=1 MyZ=1862.24 TgtZ=1803.25 Dist=3098.34
[ROOT] team=2 status=2 Z=1862.24 VP=(864.102,-21039.3,2000)
[ONECIRCLE] dist=2997.15 spd=259.432 thr=0.827839
[SelectTarget] team=1 EnemyN=1 TgtZ=1839.59
[DIST] team=1 EnemyN=1 MyZ=1807.94 TgtZ=1839.59 Dist=2927.26
[ROOT] team=1 status=2 Z=1807.94 VP=(2400.64,-22387.5,1500)
[SelectTarget] team=2 EnemyN=1 TgtZ=1807.98
[DIST] team=2 EnemyN=1 MyZ=1839.59 TgtZ=1807.98 Dist=2928.07
[ROOT] team=2 status=2 Z=1839.59 VP=(1347.03,-20167.2,2000)
[SelectTarget] team=1 EnemyN=1 TgtZ=1824.89
[DIST] team=1 EnemyN=1 MyZ=1809.29 TgtZ=1824.89 Dist=2596.37
[ROOT] team=1 status=2 Z=1809.29 VP=(1919.73,-21650.9,1500)
[SelectTarget] team=2 EnemyN=1 TgtZ=1809.47
[DIST] team=2 EnemyN=1 MyZ=1824.89 TgtZ=1809.47 Dist=2597.28
[ROOT] team=2 status=2 Z=1824.89 VP=(2227.88,-19677.4,2000)
[SelectTarget] team=1 EnemyN=1 TgtZ=1805.54
[DIST] team=1 EnemyN=1 MyZ=1813.74 TgtZ=1805.54 Dist=2173.53
[ROOT] team=1 status=2 Z=1813.74 VP=(2376.98,-20841.6,1500)
[SelectTarget] team=2 EnemyN=1 TgtZ=1813.86
[DIST] team=2 EnemyN=1 MyZ=1805.54 TgtZ=1813.86 Dist=2174.6
[ROOT] team=2 status=2 Z=1805.54 VP=(3244.47,-19716.3,2000)
[SelectTarget] team=1 EnemyN=1 TgtZ=1809.55
[DIST] team=1 EnemyN=1 MyZ=1808.7 TgtZ=1809.55 Dist=1761.62
[ROOT] team=1 status=2 Z=1808.7 VP=(5023.2,-21377.1,6596.65)
[SelectTarget] team=2 EnemyN=1 TgtZ=1808.53
[DIST] team=2 EnemyN=1 MyZ=1809.55 TgtZ=1808.53 Dist=1763.33
[ROOT] team=2 status=2 Z=1809.55 VP=(4113.48,-20267.8,2000)
[CLAMP_DIAG] team=1 rawDist=903.817 offBoresightDeg=111.904 clamped=1
[ONECIRCLE] dist=1529.79 spd=255.368 thr=0.84816
[SelectTarget] team=1 EnemyN=1 TgtZ=1845.02
[DIST] team=1 EnemyN=1 MyZ=1803.33 TgtZ=1845.02 Dist=1507.95
[ROOT] team=1 status=2 Z=1803.33 VP=(3974.11,-20967.7,1563.26)
[SelectTarget] team=2 EnemyN=1 TgtZ=1803.91
[DIST] team=2 EnemyN=1 MyZ=1845.02 TgtZ=1803.91 Dist=1511.4
[ROOT] team=2 status=2 Z=1845.02 VP=(4657.3,-21165.5,2000)
[CLAMP_DIAG] team=1 rawDist=683.358 offBoresightDeg=119.511 clamped=1
[SelectTarget] team=1 EnemyN=1 TgtZ=1872.81
[DIST] team=1 EnemyN=1 MyZ=1880.04 TgtZ=1872.81 Dist=1403.79
[ROOT] team=1 status=2 Z=1880.04 VP=(4450.13,-23605.2,6663.92)
[SelectTarget] team=2 EnemyN=1 TgtZ=1879.68
[DIST] team=2 EnemyN=1 MyZ=1872.81 TgtZ=1879.68 Dist=1407.8
[ROOT] team=2 status=2 Z=1872.81 VP=(4755.83,-22189.9,2000)
runner:local/env:0	num_steps=[11999] | total rewards=[-45.4425] | termination= [max time out]
[seed 1] reward=   -45.44 ownHP=0.9862 tgtHP=1.0000 max time out
total: 2
[PURE_ATA] team=2 ata=24.8463 dist=4843.75 leadDist=0 aa=154.363
[PURE_ATA] team=2 ata=24.9576 dist=4790.78 leadDist=0 aa=153.981
[PURE_ATA] team=2 ata=23.7305 dist=4737.54 leadDist=0 aa=153.113
[PURE_ATA] team=2 ata=22.1018 dist=4684.81 leadDist=0 aa=151.906
[PURE_ATA] team=2 ata=20.8141 dist=4632.15 leadDist=0 aa=150.725
[PURE_ATA] team=2 ata=19.7106 dist=4579.2 leadDist=0 aa=149.869
[PURE_ATA] team=2 ata=18.6526 dist=4526.71 leadDist=0 aa=149.603
[PURE_ATA] team=2 ata=17.6499 dist=4473.94 leadDist=0 aa=150.112
[PURE_ATA] team=2 ata=16.781 dist=4420.91 leadDist=0 aa=151.554
[PURE_ATA] team=2 ata=16.003 dist=4368.29 leadDist=0 aa=153.894
[PURE_ATA] team=2 ata=15.3005 dist=4315.4 leadDist=0 aa=156.643
[PURE_ATA] team=2 ata=14.6264 dist=4261.78 leadDist=0 aa=159.294
[PURE_ATA] team=2 ata=13.986 dist=4208.61 leadDist=0 aa=161.562
[PURE_ATA] team=2 ata=13.3993 dist=4155.55 leadDist=0 aa=163.538
[PURE_ATA] team=2 ata=12.8637 dist=4102.1 leadDist=0 aa=165.38
[PURE_ATA] team=2 ata=12.3722 dist=4048.63 leadDist=0 aa=167.052
[SelectTarget] team=1 EnemyN=1 TgtZ=7038.3
[DIST] team=1 EnemyN=1 MyZ=8421.06 TgtZ=7038.3 Dist=3836.87
[ROOT] team=1 status=2 Z=8421.06 VP=(4484.11,401.299,7771.06)
[SelectTarget] team=2 EnemyN=1 TgtZ=8420.26
[DIST] team=2 EnemyN=1 MyZ=7038.3 TgtZ=8420.26 Dist=3832.76
[ROOT] team=2 status=2 Z=7038.3 VP=(2144.99,1470.89,7038.3)
[SelectTarget] team=1 EnemyN=1 TgtZ=7062.38
[DIST] team=1 EnemyN=1 MyZ=8185.85 TgtZ=7062.38 Dist=2204.43
[ROOT] team=1 status=2 Z=8185.85 VP=(4848.44,221.573,7535.85)
[SelectTarget] team=2 EnemyN=1 TgtZ=8184.04
[DIST] team=2 EnemyN=1 MyZ=7062.38 TgtZ=8184.04 Dist=2199.56
[ROOT] team=2 status=2 Z=7062.38 VP=(3019.93,1375.62,7062.38)
[CLAMP_DIAG] team=2 rawDist=568.629 offBoresightDeg=3.58836 clamped=0
[SelectTarget] team=1 EnemyN=1 TgtZ=7008.66
[DIST] team=1 EnemyN=1 MyZ=7799.81 TgtZ=7008.66 Dist=813.473
[ROOT] team=1 status=2 Z=7799.81 VP=(4034.6,692.612,7393.08)
[SelectTarget] team=2 EnemyN=1 TgtZ=7797
[DIST] team=2 EnemyN=1 MyZ=7008.66 TgtZ=7797 Dist=809.861
[ROOT] team=2 status=2 Z=7008.66 VP=(3657.45,1044.12,7008.66)
[ONECIRCLE] dist=778.956 spd=302.954 thr=0.610231
[CLAMP_DIAG] team=1 rawDist=531.579 offBoresightDeg=77.6031 clamped=1
[SelectTarget] team=1 EnemyN=1 TgtZ=6967.61
[DIST] team=1 EnemyN=1 MyZ=7116.6 TgtZ=6967.61 Dist=1429.39
[ROOT] team=1 status=2 Z=7116.6 VP=(2920.83,2336.74,6627.71)
[SelectTarget] team=2 EnemyN=1 TgtZ=7111.85
[DIST] team=2 EnemyN=1 MyZ=6967.61 TgtZ=7111.85 Dist=1431.35
[ROOT] team=2 status=2 Z=6967.61 VP=(4310.54,534.331,6967.61)
[SelectTarget] team=1 EnemyN=1 TgtZ=6885.09
[DIST] team=1 EnemyN=1 MyZ=6147.93 TgtZ=6885.09 Dist=2624.39
[ROOT] team=1 status=2 Z=6147.93 VP=(2887.16,3127.49,6166.04)
[SelectTarget] team=2 EnemyN=1 TgtZ=6142.13
[DIST] team=2 EnemyN=1 MyZ=6885.09 TgtZ=6142.13 Dist=2626.28
[ROOT] team=2 status=2 Z=6885.09 VP=(4542.7,354.534,6885.09)
[SelectTarget] team=1 EnemyN=1 TgtZ=6631.68
[DIST] team=1 EnemyN=1 MyZ=5130.92 TgtZ=6631.68 Dist=3249.63
[ROOT] team=1 status=2 Z=5130.92 VP=(3236.66,3778.7,5747.92)
[SelectTarget] team=2 EnemyN=1 TgtZ=5125.76
[DIST] team=2 EnemyN=1 MyZ=6631.68 TgtZ=5125.76 Dist=3249.21
[ROOT] team=2 status=2 Z=6631.68 VP=(4462.36,637.648,6631.68)
[SelectTarget] team=1 EnemyN=1 TgtZ=6172.65
[DIST] team=1 EnemyN=1 MyZ=4412.32 TgtZ=6172.65 Dist=3043.24
[ROOT] team=1 status=2 Z=4412.32 VP=(3812.11,4104.89,5152.82)
[SelectTarget] team=2 EnemyN=1 TgtZ=4409.79
[DIST] team=2 EnemyN=1 MyZ=6172.65 TgtZ=4409.79 Dist=3040.13
[ROOT] team=2 status=2 Z=6172.65 VP=(4153.23,1401.12,6172.65)
[ONECIRCLE] dist=2725.83 spd=309.59 thr=0.57705
[SelectTarget] team=1 EnemyN=1 TgtZ=5541.13
[DIST] team=1 EnemyN=1 MyZ=4246.45 TgtZ=5541.13 Dist=2076.01
[ROOT] team=1 status=2 Z=4246.45 VP=(4037.68,4012.49,5660.95)
[SelectTarget] team=2 EnemyN=1 TgtZ=4247.12
[DIST] team=2 EnemyN=1 MyZ=5541.13 TgtZ=4247.12 Dist=2070.47
[ROOT] team=2 status=2 Z=5541.13 VP=(3920.23,2447.7,5541.13)
[SelectTarget] team=1 EnemyN=1 TgtZ=4802.39
[DIST] team=1 EnemyN=1 MyZ=4596.2 TgtZ=4802.39 Dist=910.952
[ROOT] team=1 status=2 Z=4596.2 VP=(4628.44,3888.29,4927.69)
[SelectTarget] team=2 EnemyN=1 TgtZ=4598.76
[DIST] team=2 EnemyN=1 MyZ=4802.39 TgtZ=4598.76 Dist=906.779
[ROOT] team=2 status=2 Z=4802.39 VP=(3951.94,3408.4,4802.39)
[CLAMP_DIAG] team=2 rawDist=854.842 offBoresightDeg=94.6769 clamped=1
[SelectTarget] team=1 EnemyN=1 TgtZ=3978.17
[DIST] team=1 EnemyN=1 MyZ=4950.95 TgtZ=3978.17 Dist=1355.85
[ROOT] team=1 status=2 Z=4950.95 VP=(4933.72,3150.35,4300.95)
[SelectTarget] team=2 EnemyN=1 TgtZ=4952.06
[DIST] team=2 EnemyN=1 MyZ=3978.17 TgtZ=4952.06 Dist=1357.9
[ROOT] team=2 status=2 Z=3978.17 VP=(4425.14,4155.77,3978.17)
[SelectTarget] team=1 EnemyN=1 TgtZ=3012.69
[DIST] team=1 EnemyN=1 MyZ=4976.38 TgtZ=3012.69 Dist=2515.15
[ROOT] team=1 status=2 Z=4976.38 VP=(4197.58,3150.3,4326.38)
[SelectTarget] team=2 EnemyN=1 TgtZ=4975.52
[DIST] team=2 EnemyN=1 MyZ=3012.69 TgtZ=4975.52 Dist=2516.35
[ROOT] team=2 status=2 Z=3012.69 VP=(3766.02,3158.41,7929.88)
[SelectTarget] team=1 EnemyN=1 TgtZ=2207.81
[DIST] team=1 EnemyN=1 MyZ=4618.97 TgtZ=2207.81 Dist=3537.19
[ROOT] team=1 status=2 Z=4618.97 VP=(3003.24,3129.51,3968.97)
[SelectTarget] team=2 EnemyN=1 TgtZ=4615.84
[DIST] team=2 EnemyN=1 MyZ=2207.81 TgtZ=4615.84 Dist=3537.51
[ROOT] team=2 status=2 Z=2207.81 VP=(2503.25,3127.57,6980.59)
[PURE_ATA] team=2 ata=139.869 dist=4023.35 leadDist=214.866 aa=167.26
[PURE_ATA] team=2 ata=139.378 dist=4048.7 leadDist=181.408 aa=169.642
[PURE_ATA] team=2 ata=139.86 dist=4073.7 leadDist=147.111 aa=171.859
[PURE_ATA] team=2 ata=138.001 dist=4098.66 leadDist=111.805 aa=174.031
[PURE_ATA] team=2 ata=137.488 dist=4122.47 leadDist=76.0111 aa=175.965
[PURE_ATA] team=2 ata=136.671 dist=4146.58 leadDist=39.0725 aa=177.9
[PURE_ATA] team=2 ata=135.975 dist=4169.31 leadDist=1.85653 aa=179.612
[PURE_ATA] team=2 ata=135.322 dist=4191.58 leadDist=0 aa=178.762
[PURE_ATA] team=2 ata=134.694 dist=4213.73 leadDist=0 aa=177.229
[PURE_ATA] team=2 ata=134.082 dist=4235 leadDist=0 aa=175.846
[PURE_ATA] team=2 ata=133.484 dist=4255.76 leadDist=0 aa=174.597
[PURE_ATA] team=2 ata=132.885 dist=4276.1 leadDist=0 aa=173.423
[PURE_ATA] team=2 ata=132.282 dist=4296.04 leadDist=0 aa=172.325
[SelectTarget] team=1 EnemyN=1 TgtZ=1989.44
[DIST] team=1 EnemyN=1 MyZ=3873.7 TgtZ=1989.44 Dist=4316.73
[ROOT] team=1 status=2 Z=3873.7 VP=(1994.98,3802.35,3223.7)
[SelectTarget] team=2 EnemyN=1 TgtZ=3868.69
[DIST] team=2 EnemyN=1 MyZ=1989.44 TgtZ=3868.69 Dist=4315.18
[PURE_ATA] team=2 ata=131.687 dist=4315.18 leadDist=0 aa=171.337
[ROOT] team=2 status=2 Z=1989.44 VP=(6629.17,4473.77,3868.69)
[PURE_ATA] team=2 ata=131.09 dist=4334.29 leadDist=0 aa=170.412
[PURE_ATA] team=2 ata=130.497 dist=4352.28 leadDist=0 aa=169.588
[PURE_ATA] team=2 ata=129.909 dist=4369.17 leadDist=0 aa=168.853
[PURE_ATA] team=2 ata=129.311 dist=4386.83 leadDist=0 aa=168.125
[PURE_ATA] team=2 ata=128.725 dist=4402.31 leadDist=0 aa=167.524
[PURE_ATA] team=2 ata=128.14 dist=4418.23 leadDist=0 aa=166.954
[PURE_ATA] team=2 ata=127.538 dist=4433.82 leadDist=0 aa=166.379
[PURE_ATA] team=2 ata=126.954 dist=4448.03 leadDist=0 aa=165.916
[PURE_ATA] team=2 ata=126.366 dist=4461.98 leadDist=0 aa=165.482
[PURE_ATA] team=2 ata=125.786 dist=4474.94 leadDist=0 aa=165.11
[PURE_ATA] team=2 ata=125.203 dist=4487.65 leadDist=0 aa=164.764
[PURE_ATA] team=2 ata=124.614 dist=4499.34 leadDist=8.32056 aa=164.442
[PURE_ATA] team=2 ata=124.023 dist=4510.79 leadDist=40.8491 aa=164.146
[PURE_ATA] team=2 ata=123.443 dist=4521.71 leadDist=73.4875 aa=163.902
[PURE_ATA] team=2 ata=122.871 dist=4531.74 leadDist=106.221 aa=163.709
[PURE_ATA] team=2 ata=122.284 dist=4541.45 leadDist=139.052 aa=167.533
[PURE_ATA] team=2 ata=121.708 dist=4550.28 leadDist=172.001 aa=177.366
[PURE_ATA] team=2 ata=121.132 dist=4559.31 leadDist=205.065 aa=153.223
[PURE_ATA] team=2 ata=120.57 dist=4568.3 leadDist=238.238 aa=133.142
[PURE_ATA] team=2 ata=120.006 dist=4576.73 leadDist=271.465 aa=123.493
[PURE_ATA] team=2 ata=119.454 dist=4584.8 leadDist=304.662 aa=119.857
[PURE_ATA] team=2 ata=118.913 dist=4592.95 leadDist=337.746 aa=118.368
[PURE_ATA] team=2 ata=118.357 dist=4600.43 leadDist=370.679 aa=116.926
[PURE_ATA] team=2 ata=117.812 dist=4607.61 leadDist=403.413 aa=115.666
[PURE_ATA] team=2 ata=117.303 dist=4614.56 leadDist=435.879 aa=114.761
[PURE_ATA] team=2 ata=116.779 dist=4621.27 leadDist=468.046 aa=114.035
[PURE_ATA] team=2 ata=116.266 dist=4627.78 leadDist=499.891 aa=113.352
[PURE_ATA] team=2 ata=115.764 dist=4634.53 leadDist=531.395 aa=112.681
[PURE_ATA] team=2 ata=115.259 dist=4640.44 leadDist=562.533 aa=112.031
[SelectTarget] team=1 EnemyN=1 TgtZ=2293.67
[DIST] team=1 EnemyN=1 MyZ=2911.81 TgtZ=2293.67 Dist=4648.41
[ROOT] team=1 status=2 Z=2911.81 VP=(6319.04,2962.76,7770.57)
[SelectTarget] team=2 EnemyN=1 TgtZ=2906.71
[DIST] team=2 EnemyN=1 MyZ=2293.67 TgtZ=2906.71 Dist=4646.48
[PURE_ATA] team=2 ata=114.778 dist=4646.48 leadDist=593.286 aa=111.371
[ROOT] team=2 status=2 Z=2293.67 VP=(6675.69,4083.31,3500)
[PURE_ATA] team=2 ata=114.296 dist=4652.54 leadDist=623.633 aa=110.724
[PURE_ATA] team=2 ata=113.812 dist=4658.62 leadDist=653.555 aa=110.09
[PURE_ATA] team=2 ata=113.352 dist=4664.49 leadDist=683.033 aa=109.443
[PURE_ATA] team=2 ata=112.891 dist=4670.41 leadDist=712.05 aa=108.807
[PURE_ATA] team=2 ata=112.441 dist=4676.28 leadDist=740.585 aa=108.168
[PURE_ATA] team=2 ata=112 dist=4682.12 leadDist=768.622 aa=107.527
[PURE_ATA] team=2 ata=111.556 dist=4687.59 leadDist=796.144 aa=106.903
[PURE_ATA] team=2 ata=111.096 dist=4693.53 leadDist=823.133 aa=106.295
[PURE_ATA] team=2 ata=110.647 dist=4699.44 leadDist=849.573 aa=105.675
[PURE_ATA] team=2 ata=110.19 dist=4705.41 leadDist=875.447 aa=105.067
[PURE_ATA] team=2 ata=109.736 dist=4711.43 leadDist=900.74 aa=104.459
[PURE_ATA] team=2 ata=109.275 dist=4717.51 leadDist=925.435 aa=103.859
[PURE_ATA] team=2 ata=108.818 dist=4723.24 leadDist=949.517 aa=103.255
[PURE_ATA] team=2 ata=108.355 dist=4729.87 leadDist=972.972 aa=102.659
[PURE_ATA] team=2 ata=107.895 dist=4735.76 leadDist=995.784 aa=102.057
[PURE_ATA] team=2 ata=107.429 dist=4742.12 leadDist=1017.94 aa=101.462
[PURE_ATA] team=2 ata=106.966 dist=4749.02 leadDist=1039.43 aa=100.862
[PURE_ATA] team=2 ata=106.507 dist=4755.66 leadDist=1060.23 aa=100.254
[PURE_ATA] team=2 ata=106.029 dist=4762.24 leadDist=1080.34 aa=99.6694
[PURE_ATA] team=2 ata=105.555 dist=4768.97 leadDist=1099.74 aa=99.0774
[PURE_ATA] team=2 ata=105.084 dist=4775.87 leadDist=1118.42 aa=98.4795
[PURE_ATA] team=2 ata=104.605 dist=4783.23 leadDist=1136.36 aa=97.8916
[PURE_ATA] team=2 ata=104.117 dist=4790.63 leadDist=1153.57 aa=97.3122
[PURE_ATA] team=2 ata=103.621 dist=4797.61 leadDist=1170.02 aa=96.7412
[PURE_ATA] team=2 ata=103.118 dist=4804.6 leadDist=1185.72 aa=96.1796
[PURE_ATA] team=2 ata=102.617 dist=4811.79 leadDist=1200.64 aa=95.6133
[PURE_ATA] team=2 ata=102.107 dist=4818.97 leadDist=1214.79 aa=95.0559
[PURE_ATA] team=2 ata=101.599 dist=4827.22 leadDist=1228.14 aa=94.4963
[PURE_ATA] team=2 ata=101.083 dist=4835.05 leadDist=1240.71 aa=94.067
[SelectTarget] team=1 EnemyN=1 TgtZ=2851.55
[DIST] team=1 EnemyN=1 MyZ=2249.37 TgtZ=2851.55 Dist=4842.46
[ROOT] team=1 status=2 Z=2249.37 VP=(5983.98,1848.78,7019.23)
[SelectTarget] team=2 EnemyN=1 TgtZ=2247.44
[DIST] team=2 EnemyN=1 MyZ=2851.55 TgtZ=2247.44 Dist=4842.18
[PURE_ATA] team=2 ata=100.547 dist=4842.18 leadDist=1252.56 aa=93.2778
[ROOT] team=2 status=2 Z=2851.55 VP=(6430.85,3274.23,3500)
[PURE_ATA] team=2 ata=100.016 dist=4850 leadDist=1263.82 aa=93.6945
[PURE_ATA] team=2 ata=99.4773 dist=4857.39 leadDist=1274.43 aa=95.249
[PURE_ATA] team=2 ata=98.9303 dist=4865.17 leadDist=1284.37 aa=94.3143
[PURE_ATA] team=2 ata=98.3779 dist=4872.53 leadDist=1293.76 aa=92.9818
[PURE_ATA] team=2 ata=97.8208 dist=4879.47 leadDist=1302.66 aa=95.825
[PURE_ATA] team=2 ata=97.2475 dist=4886.05 leadDist=1311.13 aa=99.4382
[PURE_ATA] team=2 ata=96.6705 dist=4892.21 leadDist=1319.25 aa=105.244
[PURE_ATA] team=2 ata=96.1037 dist=4897.97 leadDist=1327.04 aa=112.051
[PURE_ATA] team=2 ata=95.5124 dist=4902.53 leadDist=1334.49 aa=123.251
[PURE_ATA] team=2 ata=94.9274 dist=4907.51 leadDist=1341.65 aa=140.239
[PURE_ATA] team=2 ata=94.3331 dist=4911.27 leadDist=1348.58 aa=154.539
[PURE_ATA] team=2 ata=93.7377 dist=4914.67 leadDist=1355.32 aa=163.865
[PURE_ATA] team=2 ata=93.1436 dist=4917.32 leadDist=1361.87 aa=170.455
[PURE_ATA] team=2 ata=92.5392 dist=4919.14 leadDist=1368.25 aa=175.52
[PURE_ATA] team=2 ata=91.9327 dist=4920.99 leadDist=1374.47 aa=179.552
[PURE_ATA] team=2 ata=91.3214 dist=4921.22 leadDist=1380.53 aa=177.127
[PURE_ATA] team=2 ata=90.6982 dist=4920.95 leadDist=1386.44 aa=174.317
[PURE_ATA] team=2 ata=90.0794 dist=4919.95 leadDist=1392.22 aa=171.922
[PURE_ATA] team=2 ata=89.4522 dist=4918.05 leadDist=1397.87 aa=169.884
[PURE_ATA] team=2 ata=88.8248 dist=4916.19 leadDist=1403.38 aa=168.228
[PURE_ATA] team=2 ata=88.2036 dist=4913.27 leadDist=1408.78 aa=166.917
[PURE_ATA] team=2 ata=87.5616 dist=4909.58 leadDist=1414.06 aa=165.902
[PURE_ATA] team=2 ata=86.925 dist=4905.19 leadDist=1419.22 aa=165.124
[PURE_ATA] team=2 ata=86.283 dist=4899.86 leadDist=1424.28 aa=164.576
[PURE_ATA] team=2 ata=85.6441 dist=4894.23 leadDist=1429.22 aa=164.225
[PURE_ATA] team=2 ata=84.9885 dist=4887.35 leadDist=1434.05 aa=163.928
[PURE_ATA] team=2 ata=84.337 dist=4880.15 leadDist=1438.77 aa=163.867
[PURE_ATA] team=2 ata=83.6783 dist=4872.32 leadDist=1443.38 aa=163.91
[PURE_ATA] team=2 ata=83.0189 dist=4863.15 leadDist=1447.86 aa=163.954
[SelectTarget] team=1 EnemyN=1 TgtZ=3421.2
[DIST] team=1 EnemyN=1 MyZ=2048.49 TgtZ=3421.2 Dist=4855.44
[ROOT] team=1 status=2 Z=2048.49 VP=(2721.22,5711.52,3446.57)
[SelectTarget] team=2 EnemyN=1 TgtZ=2047.77
[DIST] team=2 EnemyN=1 MyZ=3421.2 TgtZ=2047.77 Dist=4853.32
[PURE_ATA] team=2 ata=82.3532 dist=4853.32 leadDist=1452.23 aa=164.01
[ROOT] team=2 status=2 Z=3421.2 VP=(5864.61,2392.68,3500)
[PURE_ATA] team=2 ata=81.6871 dist=4843.86 leadDist=1456.46 aa=164.085
[PURE_ATA] team=2 ata=81.0205 dist=4833.05 leadDist=1460.57 aa=164.16
[PURE_ATA] team=2 ata=80.3498 dist=4821.55 leadDist=1464.55 aa=164.241
[PURE_ATA] team=2 ata=79.6733 dist=4809.35 leadDist=1468.39 aa=164.327
[PURE_ATA] team=2 ata=79.0014 dist=4797.19 leadDist=1472.09 aa=164.419
[PURE_ATA] team=2 ata=78.3208 dist=4783.54 leadDist=1475.65 aa=164.509
[PURE_ATA] team=2 ata=77.6443 dist=4768.83 leadDist=1479.07 aa=164.598
[PURE_ATA] team=2 ata=76.9653 dist=4753.67 leadDist=1482.33 aa=164.69
[PURE_ATA] team=2 ata=76.3028 dist=4739.35 leadDist=1485.45 aa=164.794
[PURE_ATA] team=2 ata=75.6193 dist=4721.52 leadDist=1488.42 aa=164.877
[PURE_ATA] team=2 ata=74.9536 dist=4705.98 leadDist=1491.22 aa=164.978
[PURE_ATA] team=2 ata=74.2732 dist=4687.98 leadDist=1493.87 aa=165.066
[PURE_ATA] team=2 ata=73.6017 dist=4670.01 leadDist=1496.36 aa=165.157
[PURE_ATA] team=2 ata=72.9274 dist=4651.53 leadDist=1498.68 aa=165.245
[PURE_ATA] team=2 ata=72.2548 dist=4632.23 leadDist=1500.84 aa=165.33
[PURE_ATA] team=2 ata=71.57 dist=4611.78 leadDist=1502.82 aa=165.411
[PURE_ATA] team=2 ata=70.8918 dist=4590.19 leadDist=1504.64 aa=165.482
[PURE_ATA] team=2 ata=70.2236 dist=4570.09 leadDist=1506.28 aa=165.569
[PURE_ATA] team=2 ata=69.5456 dist=4547.33 leadDist=1507.74 aa=165.635
[PURE_ATA] team=2 ata=68.8739 dist=4524.88 leadDist=1509.03 aa=165.704
[PURE_ATA] team=2 ata=68.2002 dist=4502.09 leadDist=1510.13 aa=165.773
[PURE_ATA] team=2 ata=67.5276 dist=4478.68 leadDist=1511.05 aa=165.838
[PURE_ATA] team=2 ata=66.8499 dist=4453.69 leadDist=1511.79 aa=165.89
[PURE_ATA] team=2 ata=66.1712 dist=4428.29 leadDist=1512.34 aa=165.94
[PURE_ATA] team=2 ata=65.5058 dist=4402.93 leadDist=1512.7 aa=165.993
[PURE_ATA] team=2 ata=64.8303 dist=4376.43 leadDist=1512.87 aa=166.036
[PURE_ATA] team=2 ata=64.1625 dist=4349 leadDist=1512.85 aa=166.074
[PURE_ATA] team=2 ata=63.4918 dist=4321.35 leadDist=1512.63 aa=166.112
[PURE_ATA] team=2 ata=62.8258 dist=4294.19 leadDist=1512.22 aa=166.154
[SelectTarget] team=1 EnemyN=1 TgtZ=3815.86
[DIST] team=1 EnemyN=1 MyZ=1988.27 TgtZ=3815.86 Dist=4269.46
[ROOT] team=1 status=2 Z=1988.27 VP=(3642.79,5397.42,3518.37)
[SelectTarget] team=2 EnemyN=1 TgtZ=1988.39
[DIST] team=2 EnemyN=1 MyZ=3815.86 TgtZ=1988.39 Dist=4266.33
[PURE_ATA] team=2 ata=62.1665 dist=4266.34 leadDist=1511.61 aa=166.193
[ROOT] team=2 status=2 Z=3815.86 VP=(4872.12,2092.13,3500)
[PURE_ATA] team=2 ata=61.5039 dist=4236.98 leadDist=1510.81 aa=166.216
[PURE_ATA] team=2 ata=60.8392 dist=4206.11 leadDist=1509.81 aa=166.229
[PURE_ATA] team=2 ata=60.1824 dist=4175.71 leadDist=1508.61 aa=166.249
[PURE_ATA] team=2 ata=59.5337 dist=4145.78 leadDist=1507.21 aa=166.275
[PURE_ATA] team=2 ata=58.8767 dist=4113.46 leadDist=1505.6 aa=166.279
[PURE_ATA] team=2 ata=58.2267 dist=4082.81 leadDist=1503.8 aa=166.303
[PURE_ATA] team=2 ata=57.5803 dist=4049.32 leadDist=1501.79 aa=166.298
[PURE_ATA] team=2 ata=56.9367 dist=4016.46 leadDist=1499.57 aa=166.303
[SelectTarget] team=1 EnemyN=1 TgtZ=3947.88
[DIST] team=1 EnemyN=1 MyZ=2101.35 TgtZ=3947.88 Dist=3187.77
[ROOT] team=1 status=2 Z=2101.35 VP=(4073.28,4473.66,3380.99)
[SelectTarget] team=2 EnemyN=1 TgtZ=2102.53
[DIST] team=2 EnemyN=1 MyZ=3947.88 TgtZ=2102.53 Dist=3183.19
[ROOT] team=2 status=2 Z=3947.88 VP=(3943.49,2481.24,3947.88)
[ONECIRCLE] dist=3142.31 spd=273.785 thr=0.756075
[SelectTarget] team=1 EnemyN=1 TgtZ=3913.78
[DIST] team=1 EnemyN=1 MyZ=2436.38 TgtZ=3913.78 Dist=1872.57
[ROOT] team=1 status=2 Z=2436.38 VP=(3823.32,4469.58,3918.07)
[SelectTarget] team=2 EnemyN=1 TgtZ=2439.05
[DIST] team=2 EnemyN=1 MyZ=3913.78 TgtZ=2439.05 Dist=1868.39
[ROOT] team=2 status=2 Z=3913.78 VP=(3471.98,3274.23,3913.78)
[CLAMP_DIAG] team=2 rawDist=745.45 offBoresightDeg=20.004 clamped=0
[SelectTarget] team=1 EnemyN=1 TgtZ=3829.01
[DIST] team=1 EnemyN=1 MyZ=3051.48 TgtZ=3829.01 Dist=869.112
[ROOT] team=1 status=2 Z=3051.48 VP=(3752.56,3710.71,3835.01)
[SelectTarget] team=2 EnemyN=1 TgtZ=3055.56
[DIST] team=2 EnemyN=1 MyZ=3829.01 TgtZ=3055.56 Dist=866.251
[ROOT] team=2 status=2 Z=3829.01 VP=(3502,3953.16,3829.01)
[CLAMP_DIAG] team=1 rawDist=820.541 offBoresightDeg=42.7361 clamped=0
[CLAMP_DIAG] team=2 rawDist=620.989 offBoresightDeg=119.083 clamped=1
[SelectTarget] team=1 EnemyN=1 TgtZ=3703.83
[DIST] team=1 EnemyN=1 MyZ=3824.12 TgtZ=3703.83 Dist=1098.22
[ROOT] team=1 status=2 Z=3824.12 VP=(3170.25,3268.28,3720.18)
[SelectTarget] team=2 EnemyN=1 TgtZ=3828.34
[DIST] team=2 EnemyN=1 MyZ=3703.83 TgtZ=3828.34 Dist=1099.2
[ROOT] team=2 status=2 Z=3703.83 VP=(3717.25,4118.2,3703.83)
[SelectTarget] team=1 EnemyN=1 TgtZ=3492.92
[DIST] team=1 EnemyN=1 MyZ=4454.28 TgtZ=3492.92 Dist=1650.78
[ROOT] team=1 status=2 Z=4454.28 VP=(2482.6,3410.76,3804.28)
[SelectTarget] team=2 EnemyN=1 TgtZ=4456.83
[DIST] team=2 EnemyN=1 MyZ=3492.92 TgtZ=4456.83 Dist=1650.8
[ROOT] team=2 status=2 Z=3492.92 VP=(3706.68,3765.31,3492.92)
[ONECIRCLE] dist=1667.47 spd=251.201 thr=0.868995
[SelectTarget] team=1 EnemyN=1 TgtZ=3184.98
[DIST] team=1 EnemyN=1 MyZ=4720.62 TgtZ=3184.98 Dist=2104.08
[ROOT] team=1 status=2 Z=4720.62 VP=(2172.92,4008.55,4070.62)
[SelectTarget] team=2 EnemyN=1 TgtZ=4721.06
[DIST] team=2 EnemyN=1 MyZ=3184.98 TgtZ=4721.06 Dist=2103.31
[ROOT] team=2 status=2 Z=3184.98 VP=(3343,3274.23,3184.98)
[SelectTarget] team=1 EnemyN=1 TgtZ=2780.5
[DIST] team=1 EnemyN=1 MyZ=4652.88 TgtZ=2780.5 Dist=2452.88
[ROOT] team=1 status=2 Z=4652.88 VP=(2463.4,4572.22,4002.88)
[SelectTarget] team=2 EnemyN=1 TgtZ=4651.81
[DIST] team=2 EnemyN=1 MyZ=2780.5 TgtZ=4651.81 Dist=2451.82
[ROOT] team=2 status=2 Z=2780.5 VP=(2732.37,3047.47,2780.5)
[SelectTarget] team=1 EnemyN=1 TgtZ=2322.13
[DIST] team=1 EnemyN=1 MyZ=4366.37 TgtZ=2322.13 Dist=2612.19
[ROOT] team=1 status=2 Z=4366.37 VP=(3781.73,4107.78,3716.37)
[SelectTarget] team=2 EnemyN=1 TgtZ=4364.23
[DIST] team=2 EnemyN=1 MyZ=2322.13 TgtZ=4364.23 Dist=2610.18
[ROOT] team=2 status=2 Z=2322.13 VP=(4467.94,3809.29,7093.86)
[SelectTarget] team=1 EnemyN=1 TgtZ=2050.41
[DIST] team=1 EnemyN=1 MyZ=3899.84 TgtZ=2050.41 Dist=2576.24
[ROOT] team=1 status=2 Z=3899.84 VP=(4167.55,3308.66,3249.84)
[SelectTarget] team=2 EnemyN=1 TgtZ=3896.89
[DIST] team=2 EnemyN=1 MyZ=2050.41 TgtZ=3896.89 Dist=2573.1
[ROOT] team=2 status=2 Z=2050.41 VP=(2023.63,3794.83,2050.41)
[SelectTarget] team=1 EnemyN=1 TgtZ=1920.2
[DIST] team=1 EnemyN=1 MyZ=3361.28 TgtZ=1920.2 Dist=2386.08
[ROOT] team=1 status=2 Z=3361.28 VP=(4074.7,3516.18,2711.28)
[SelectTarget] team=2 EnemyN=1 TgtZ=3358.56
[DIST] team=2 EnemyN=1 MyZ=1920.2 TgtZ=3358.56 Dist=2382.02
[ONECIRCLE] dist=2382.02 spd=293.539 thr=0.657303
[ROOT] team=2 status=2 Z=1920.2 VP=(2424.94,4131.62,2000)
[SelectTarget] team=1 EnemyN=1 TgtZ=1894.68
[DIST] team=1 EnemyN=1 MyZ=2950.56 TgtZ=1894.68 Dist=2024.44
[ROOT] team=1 status=2 Z=2950.56 VP=(4024.81,2566.06,2300.56)
[SelectTarget] team=2 EnemyN=1 TgtZ=2948.53
[DIST] team=2 EnemyN=1 MyZ=1894.68 TgtZ=2948.53 Dist=2020.11
[ROOT] team=2 status=2 Z=1894.68 VP=(3061.37,3922.3,2000)
[SelectTarget] team=1 EnemyN=1 TgtZ=1869.71
[DIST] team=1 EnemyN=1 MyZ=2555.16 TgtZ=1869.71 Dist=1518.95
[ROOT] team=1 status=2 Z=2555.16 VP=(3415.06,1975.08,1905.16)
[SelectTarget] team=2 EnemyN=1 TgtZ=2552.77
[DIST] team=2 EnemyN=1 MyZ=1869.71 TgtZ=2552.77 Dist=1514.33
[ROOT] team=2 status=2 Z=1869.71 VP=(3436.46,3263.49,2000)
[SelectTarget] team=1 EnemyN=1 TgtZ=1899.92
[DIST] team=1 EnemyN=1 MyZ=2172.28 TgtZ=1899.92 Dist=1087.85
[ROOT] team=1 status=2 Z=2172.28 VP=(2599.99,1916.42,1889.95)
[SelectTarget] team=2 EnemyN=1 TgtZ=2170.99
[DIST] team=2 EnemyN=1 MyZ=1899.92 TgtZ=2170.99 Dist=1084.88
[ROOT] team=2 status=2 Z=1899.92 VP=(3433.08,2415.49,2000)
[SelectTarget] team=1 EnemyN=1 TgtZ=1893.26
[DIST] team=1 EnemyN=1 MyZ=1986.48 TgtZ=1893.26 Dist=1554.43
[ROOT] team=1 status=2 Z=1986.48 VP=(1943.67,3408.85,1537.14)
[SelectTarget] team=2 EnemyN=1 TgtZ=1985.87
[DIST] team=2 EnemyN=1 MyZ=1893.26 TgtZ=1985.87 Dist=1554.94
[ROOT] team=2 status=2 Z=1893.26 VP=(3124.38,1528.58,2000)
[ONECIRCLE] dist=1736.79 spd=271.676 thr=0.766621
[SelectTarget] team=1 EnemyN=1 TgtZ=1855.08
[DIST] team=1 EnemyN=1 MyZ=1884.94 TgtZ=1855.08 Dist=2547.95
[ROOT] team=1 status=2 Z=1884.94 VP=(1163.51,155.531,6667.08)
[SelectTarget] team=2 EnemyN=1 TgtZ=1884.44
[DIST] team=2 EnemyN=1 MyZ=1855.08 TgtZ=1884.44 Dist=2550.01
[ROOT] team=2 status=2 Z=1855.08 VP=(2457.92,818.787,2000)
[SelectTarget] team=1 EnemyN=1 TgtZ=1875.81
[DIST] team=1 EnemyN=1 MyZ=1836.22 TgtZ=1875.81 Dist=3568.73
[ROOT] team=1 status=2 Z=1836.22 VP=(105.034,324.099,6622.32)
[SelectTarget] team=2 EnemyN=1 TgtZ=1835.89
[DIST] team=2 EnemyN=1 MyZ=1875.81 TgtZ=1835.89 Dist=3570.63
[ROOT] team=2 status=2 Z=1875.81 VP=(1540.28,456.509,2000)
[PURE_ATA] team=2 ata=95.5704 dist=4020.76 leadDist=1670.54 aa=17.9729
[PURE_ATA] team=2 ata=94.6082 dist=4041.02 leadDist=1670.61 aa=20.5262
[PURE_ATA] team=2 ata=93.6535 dist=4060.96 leadDist=1670.8 aa=23.0491
[PURE_ATA] team=2 ata=92.7234 dist=4079.84 leadDist=1671.12 aa=25.5688
[PURE_ATA] team=2 ata=91.8218 dist=4098.42 leadDist=1671.58 aa=28.0341
[PURE_ATA] team=2 ata=90.9396 dist=4116.46 leadDist=1672.2 aa=30.4383
[PURE_ATA] team=2 ata=90.1084 dist=4133.71 leadDist=1672.99 aa=32.8218
[PURE_ATA] team=2 ata=89.2986 dist=4150.15 leadDist=1673.95 aa=35.1505
[PURE_ATA] team=2 ata=88.5048 dist=4165.33 leadDist=1675.1 aa=37.3823
[PURE_ATA] team=2 ata=87.6954 dist=4179.48 leadDist=1676.44 aa=30.9169
[PURE_ATA] team=2 ata=86.8602 dist=4195.15 leadDist=1677.89 aa=3.60923
[PURE_ATA] team=2 ata=86.029 dist=4209.03 leadDist=1679.41 aa=28.3778
[PURE_ATA] team=2 ata=85.1901 dist=4223.69 leadDist=1681 aa=49.1022
[SelectTarget] team=1 EnemyN=1 TgtZ=1966.22
[DIST] team=1 EnemyN=1 MyZ=1817.66 TgtZ=1966.22 Dist=4235.98
[ROOT] team=1 status=2 Z=1817.66 VP=(-747.801,1201.11,6605.21)
[SelectTarget] team=2 EnemyN=1 TgtZ=1817.39
[DIST] team=2 EnemyN=1 MyZ=1966.22 TgtZ=1817.39 Dist=4237.88
[PURE_ATA] team=2 ata=84.3507 dist=4237.88 leadDist=1682.61 aa=60.453
[ROOT] team=2 status=2 Z=1966.22 VP=(554.979,597.395,3500)
[PURE_ATA] team=2 ata=83.4945 dist=4252.25 leadDist=1684.15 aa=65.689
[PURE_ATA] team=2 ata=82.6513 dist=4265.2 leadDist=1685.44 aa=67.3662
[PURE_ATA] team=2 ata=81.783 dist=4279.54 leadDist=1686.33 aa=66.1693
[PURE_ATA] team=2 ata=80.9118 dist=4293.09 leadDist=1686.75 aa=62.8104
[PURE_ATA] team=2 ata=80.0467 dist=4304.65 leadDist=1686.74 aa=56.6879
[PURE_ATA] team=2 ata=79.159 dist=4317.54 leadDist=1686.43 aa=49.4364
[PURE_ATA] team=2 ata=78.2694 dist=4329.64 leadDist=1685.89 aa=43.1974
[PURE_ATA] team=2 ata=77.3901 dist=4339.8 leadDist=1685.17 aa=37.8818
[PURE_ATA] team=2 ata=76.501 dist=4350.39 leadDist=1684.28 aa=28.0072
[PURE_ATA] team=2 ata=75.5925 dist=4360.41 leadDist=1683.26 aa=14.3009
[PURE_ATA] team=2 ata=74.7005 dist=4368.84 leadDist=1682.2 aa=4.26419
[PURE_ATA] team=2 ata=73.801 dist=4377.71 leadDist=1681.11 aa=2.48163
[PURE_ATA] team=2 ata=72.8956 dist=4384.83 leadDist=1680.03 aa=7.98901
[PURE_ATA] team=2 ata=71.9824 dist=4392 leadDist=1678.97 aa=13.1115
[PURE_ATA] team=2 ata=71.0746 dist=4398.45 leadDist=1677.94 aa=18.1482
[PURE_ATA] team=2 ata=70.1678 dist=4403.49 leadDist=1676.97 aa=23.1603
[PURE_ATA] team=2 ata=69.2668 dist=4407.48 leadDist=1676.05 aa=28.2893
[PURE_ATA] team=2 ata=68.3588 dist=4411.52 leadDist=1675.21 aa=33.4936
[PURE_ATA] team=2 ata=67.4547 dist=4414.16 leadDist=1674.46 aa=38.629
[PURE_ATA] team=2 ata=66.5595 dist=4416.13 leadDist=1673.81 aa=43.5624
[PURE_ATA] team=2 ata=65.6422 dist=4418.08 leadDist=1673.26 aa=48.3637
[PURE_ATA] team=2 ata=64.7489 dist=4418.69 leadDist=1672.83 aa=52.8647
[PURE_ATA] team=2 ata=63.8331 dist=4418.86 leadDist=1672.53 aa=57.249
[PURE_ATA] team=2 ata=62.9445 dist=4418.11 leadDist=1672.36 aa=61.3129
[PURE_ATA] team=2 ata=62.0489 dist=4416.25 leadDist=1672.33 aa=65.3356
[PURE_ATA] team=2 ata=61.1493 dist=4414 leadDist=1672.44 aa=69.4438
[PURE_ATA] team=2 ata=60.2483 dist=4411.33 leadDist=1672.7 aa=73.3877
[PURE_ATA] team=2 ata=59.3574 dist=4407.29 leadDist=1673.1 aa=77.257
[PURE_ATA] team=2 ata=58.4679 dist=4403.21 leadDist=1673.65 aa=81.0949
[SelectTarget] team=1 EnemyN=1 TgtZ=2130.41
[DIST] team=1 EnemyN=1 MyZ=1825.79 TgtZ=2130.41 Dist=4397.59
[ROOT] team=1 status=2 Z=1825.79 VP=(3542.86,2133.48,1816.29)
[SelectTarget] team=2 EnemyN=1 TgtZ=1825.66
[DIST] team=2 EnemyN=1 MyZ=2130.41 TgtZ=1825.66 Dist=4397.78
[PURE_ATA] team=2 ata=57.5901 dist=4397.78 leadDist=1674.34 aa=84.8182
[ROOT] team=2 status=2 Z=2130.41 VP=(-214.233,1237.42,3500)
[PURE_ATA] team=2 ata=56.6975 dist=4392.44 leadDist=1675.18 aa=88.5683
[PURE_ATA] team=2 ata=55.8182 dist=4385.35 leadDist=1676.17 aa=92.1708
[PURE_ATA] team=2 ata=54.9579 dist=4378.09 leadDist=1677.3 aa=95.5628
[PURE_ATA] team=2 ata=54.0653 dist=4370.56 leadDist=1678.57 aa=94.9043
[PURE_ATA] team=2 ata=53.1909 dist=4362.45 leadDist=1679.94 aa=12.8952
[PURE_ATA] team=2 ata=52.3333 dist=4353.8 leadDist=1681.36 aa=72.3087
[PURE_ATA] team=2 ata=51.4787 dist=4345.07 leadDist=1682.83 aa=79.5092
[PURE_ATA] team=2 ata=50.6133 dist=4336.67 leadDist=1684.29 aa=82.7711
[PURE_ATA] team=2 ata=49.7359 dist=4328.52 leadDist=1685.6 aa=84.5163
[PURE_ATA] team=2 ata=48.8892 dist=4319.42 leadDist=1686.56 aa=85.012
[PURE_ATA] team=2 ata=48.0138 dist=4310.5 leadDist=1687.04 aa=84.3408
[PURE_ATA] team=2 ata=47.1696 dist=4300.66 leadDist=1687.1 aa=83.9701
[PURE_ATA] team=2 ata=46.3119 dist=4290.2 leadDist=1686.85 aa=85.2577
[PURE_ATA] team=2 ata=45.4444 dist=4279.86 leadDist=1686.34 aa=88.1333
[PURE_ATA] team=2 ata=44.5942 dist=4268.2 leadDist=1685.61 aa=92.2093
[PURE_ATA] team=2 ata=43.7506 dist=4256.34 leadDist=1684.67 aa=99.3648
[PURE_ATA] team=2 ata=42.8972 dist=4243.73 leadDist=1683.59 aa=118.183
[PURE_ATA] team=2 ata=42.0663 dist=4230.25 leadDist=1682.42 aa=152.683
[PURE_ATA] team=2 ata=41.2288 dist=4215.98 leadDist=1681.19 aa=178.879
[PURE_ATA] team=2 ata=40.4025 dist=4201.5 leadDist=1679.92 aa=163.904
[PURE_ATA] team=2 ata=39.5871 dist=4185.98 leadDist=1678.64 aa=155.826
[PURE_ATA] team=2 ata=38.7693 dist=4170.01 leadDist=1677.36 aa=150.997
[PURE_ATA] team=2 ata=37.9653 dist=4153.38 leadDist=1676.09 aa=147.747
[PURE_ATA] team=2 ata=37.1899 dist=4135.94 leadDist=1674.84 aa=145.524
[PURE_ATA] team=2 ata=36.4033 dist=4118.16 leadDist=1673.64 aa=143.861
[PURE_ATA] team=2 ata=35.635 dist=4099.69 leadDist=1672.48 aa=142.69
[PURE_ATA] team=2 ata=34.8861 dist=4080.56 leadDist=1671.39 aa=141.937
[PURE_ATA] team=2 ata=34.1591 dist=4060.75 leadDist=1670.37 aa=141.544
[PURE_ATA] team=2 ata=33.4287 dist=4040.02 leadDist=1669.43 aa=141.53
[SelectTarget] team=1 EnemyN=1 TgtZ=2336.89
[DIST] team=1 EnemyN=1 MyZ=1831.28 TgtZ=2336.89 Dist=4020.03
[ROOT] team=1 status=2 Z=1831.28 VP=(2721.49,2030.96,1981.05)
[SelectTarget] team=2 EnemyN=1 TgtZ=1831.42
[DIST] team=2 EnemyN=1 MyZ=2336.89 TgtZ=1831.42 Dist=4019.28
[PURE_ATA] team=2 ata=32.7492 dist=4019.28 leadDist=1668.58 aa=141.674
[ROOT] team=2 status=2 Z=2336.89 VP=(-482.759,2210.2,3500)
[SelectTarget] team=1 EnemyN=1 TgtZ=2423.63
[DIST] team=1 EnemyN=1 MyZ=1813.08 TgtZ=2423.63 Dist=3137.15
[ROOT] team=1 status=2 Z=1813.08 VP=(2180.35,2526.64,1832.85)
[SelectTarget] team=2 EnemyN=1 TgtZ=1813.07
[DIST] team=2 EnemyN=1 MyZ=2423.63 TgtZ=1813.07 Dist=3135.5
[ROOT] team=2 status=2 Z=2423.63 VP=(-102.593,3134.68,2423.63)
[ONECIRCLE] dist=2133.85 spd=251.921 thr=0.865394
[SelectTarget] team=1 EnemyN=1 TgtZ=2390.24
[DIST] team=1 EnemyN=1 MyZ=1832.94 TgtZ=2390.24 Dist=1964.24
[ROOT] team=1 status=2 Z=1832.94 VP=(2318.34,2439.51,2391.65)
[SelectTarget] team=2 EnemyN=1 TgtZ=1833.02
[DIST] team=2 EnemyN=1 MyZ=2390.24 TgtZ=1833.02 Dist=1960.98
[ROOT] team=2 status=2 Z=2390.24 VP=(714.827,3702.25,2390.24)
[SelectTarget] team=1 EnemyN=1 TgtZ=2335.15
[DIST] team=1 EnemyN=1 MyZ=1904.6 TgtZ=2335.15 Dist=683.595
[ROOT] team=1 status=2 Z=1904.6 VP=(1706.77,2976.31,2336.53)
[SelectTarget] team=2 EnemyN=1 TgtZ=1905.45
[DIST] team=2 EnemyN=1 MyZ=2335.15 TgtZ=1905.45 Dist=681.238
[ROOT] team=2 status=2 Z=2335.15 VP=(1689.13,3608.33,2335.15)
[CLAMP_DIAG] team=1 rawDist=643.058 offBoresightDeg=66.988 clamped=0
[CLAMP_DIAG] team=2 rawDist=376.908 offBoresightDeg=60.8835 clamped=0
[SelectTarget] team=1 EnemyN=1 TgtZ=2248.19
[DIST] team=1 EnemyN=1 MyZ=2200.44 TgtZ=2248.19 Dist=1048.58
[ROOT] team=1 status=2 Z=2200.44 VP=(2204.5,4385.18,1897.29)
[SelectTarget] team=2 EnemyN=1 TgtZ=2203.01
[DIST] team=2 EnemyN=1 MyZ=2248.19 TgtZ=2203.01 Dist=1053.32
[ROOT] team=2 status=2 Z=2248.19 VP=(2435.93,3075.64,2248.19)
[SelectTarget] team=1 EnemyN=1 TgtZ=2098.3
[DIST] team=1 EnemyN=1 MyZ=2606.7 TgtZ=2098.3 Dist=1610.78
[ROOT] team=1 status=2 Z=2606.7 VP=(3013.65,4135.48,1956.7)
[SelectTarget] team=2 EnemyN=1 TgtZ=2608.09
[DIST] team=2 EnemyN=1 MyZ=2098.3 TgtZ=2608.09 Dist=1612.56
[ROOT] team=2 status=2 Z=2098.3 VP=(3222.06,3001.85,2098.3)
[ONECIRCLE] dist=1301.71 spd=261.233 thr=0.818837
[SelectTarget] team=1 EnemyN=1 TgtZ=1954.23
[DIST] team=1 EnemyN=1 MyZ=2604.74 TgtZ=1954.23 Dist=1213.67
[ROOT] team=1 status=2 Z=2604.74 VP=(2827.87,4147.2,2023.04)
[SelectTarget] team=2 EnemyN=1 TgtZ=2603.36
[DIST] team=2 EnemyN=1 MyZ=1954.23 TgtZ=2603.36 Dist=1213.1
[ROOT] team=2 status=2 Z=1954.23 VP=(3910.5,3492.94,2000)
[CLAMP_DIAG] team=2 rawDist=668.944 offBoresightDeg=8.9334 clamped=0
[SelectTarget] team=1 EnemyN=1 TgtZ=1927.3
[DIST] team=1 EnemyN=1 MyZ=2236.45 TgtZ=1927.3 Dist=643.205
[ROOT] team=1 status=2 Z=2236.45 VP=(4292.46,5747.16,7006.24)
[SelectTarget] team=2 EnemyN=1 TgtZ=2234.57
[DIST] team=2 EnemyN=1 MyZ=1927.3 TgtZ=2234.57 Dist=645.222
[ROOT] team=2 status=2 Z=1927.3 VP=(4142.24,4259.09,2000)
[CLAMP_DIAG] team=2 rawDist=740.148 offBoresightDeg=37.3215 clamped=0
[CLAMP_DIAG] team=1 rawDist=543.115 offBoresightDeg=113.963 clamped=1
[SelectTarget] team=1 EnemyN=1 TgtZ=1947.38
[DIST] team=1 EnemyN=1 MyZ=2009.35 TgtZ=1947.38 Dist=906.446
[ROOT] team=1 status=2 Z=2009.35 VP=(4532.81,5010.99,1745.22)
[SelectTarget] team=2 EnemyN=1 TgtZ=2008.77
[DIST] team=2 EnemyN=1 MyZ=1947.38 TgtZ=2008.77 Dist=911.784
[ROOT] team=2 status=2 Z=1947.38 VP=(4100.8,5167.46,2000)
[SelectTarget] team=1 EnemyN=1 TgtZ=1939.9
[DIST] team=1 EnemyN=1 MyZ=1890.83 TgtZ=1939.9 Dist=1136.72
[ROOT] team=1 status=2 Z=1890.83 VP=(4159.1,5763.49,1969.72)
[SelectTarget] team=2 EnemyN=1 TgtZ=1890.53
[DIST] team=2 EnemyN=1 MyZ=1939.9 TgtZ=1890.53 Dist=1141.87
[ROOT] team=2 status=2 Z=1939.9 VP=(4023.83,6124.15,2000)
[ONECIRCLE] dist=1301.66 spd=266.223 thr=0.793887
[SelectTarget] team=1 EnemyN=1 TgtZ=1966.48
[DIST] team=1 EnemyN=1 MyZ=1849.78 TgtZ=1966.48 Dist=1321.99
[ROOT] team=1 status=2 Z=1849.78 VP=(4212.29,6607.96,1685.48)
[CLAMP_DIAG] team=1 rawDist=530.752 offBoresightDeg=153.318 clamped=1
[SelectTarget] team=2 EnemyN=1 TgtZ=1849.61
[DIST] team=2 EnemyN=1 MyZ=1966.48 TgtZ=1849.61 Dist=1327.31
[ROOT] team=2 status=2 Z=1966.48 VP=(4165.5,7115.72,2000)
[SelectTarget] team=1 EnemyN=1 TgtZ=1951.01
[DIST] team=1 EnemyN=1 MyZ=1816.82 TgtZ=1951.01 Dist=1481.86
[ROOT] team=1 status=2 Z=1816.82 VP=(5417.85,9217.77,6604.63)
[SelectTarget] team=2 EnemyN=1 TgtZ=1816.7
[DIST] team=2 EnemyN=1 MyZ=1951.01 TgtZ=1816.7 Dist=1487.79
[ROOT] team=2 status=2 Z=1951.01 VP=(4544.82,8079.11,2000)
[CLAMP_DIAG] team=1 rawDist=657.04 offBoresightDeg=142.265 clamped=1
[SelectTarget] team=1 EnemyN=1 TgtZ=1937.55
[DIST] team=1 EnemyN=1 MyZ=1797.18 TgtZ=1937.55 Dist=1564.17
[ROOT] team=1 status=2 Z=1797.18 VP=(6450.27,9618.58,6589.72)
[SelectTarget] team=2 EnemyN=1 TgtZ=1797.06
[DIST] team=2 EnemyN=1 MyZ=1937.55 TgtZ=1797.06 Dist=1570.13
[ROOT] team=2 status=2 Z=1937.55 VP=(5263.28,8841.23,2000)
[SelectTarget] team=1 EnemyN=1 TgtZ=1931.18
[DIST] team=1 EnemyN=1 MyZ=1890.9 TgtZ=1931.18 Dist=1558.3
[ROOT] team=1 status=2 Z=1890.9 VP=(5767.19,8816.98,1619.38)
[SelectTarget] team=2 EnemyN=1 TgtZ=1890.86
[DIST] team=2 EnemyN=1 MyZ=1931.18 TgtZ=1890.86 Dist=1563.66
[ROOT] team=2 status=2 Z=1931.18 VP=(6216.45,9242.42,2000)
[CLAMP_DIAG] team=1 rawDist=667.979 offBoresightDeg=128.706 clamped=1
[ONECIRCLE] dist=1512.36 spd=314.529 thr=0.552357
[SelectTarget] team=1 EnemyN=1 TgtZ=1927.37
[DIST] team=1 EnemyN=1 MyZ=1843 TgtZ=1927.37 Dist=1503.17
[ROOT] team=1 status=2 Z=1843 VP=(8642.59,8734.17,6629.14)
[SelectTarget] team=2 EnemyN=1 TgtZ=1842.66
[DIST] team=2 EnemyN=1 MyZ=1927.37 TgtZ=1842.66 Dist=1508.53
[ROOT] team=2 status=2 Z=1927.37 VP=(7259.26,9136.42,2000)
[CLAMP_DIAG] team=1 rawDist=567.748 offBoresightDeg=143.024 clamped=1
[SelectTarget] team=1 EnemyN=1 TgtZ=1927.2
[DIST] team=1 EnemyN=1 MyZ=1820.94 TgtZ=1927.2 Dist=1505.29
[ROOT] team=1 status=2 Z=1820.94 VP=(9275.65,7687.39,6607.45)
[SelectTarget] team=2 EnemyN=1 TgtZ=1820.83
[DIST] team=2 EnemyN=1 MyZ=1927.2 TgtZ=1820.83 Dist=1510.43
[ROOT] team=2 status=2 Z=1927.2 VP=(8229.76,8676.19,2000)
[SelectTarget] team=1 EnemyN=1 TgtZ=1927.9
[DIST] team=1 EnemyN=1 MyZ=1802.47 TgtZ=1927.9 Dist=1513.16
[ROOT] team=1 status=2 Z=1802.47 VP=(8481.51,8119.14,1630.45)
[SelectTarget] team=2 EnemyN=1 TgtZ=1802.56
[DIST] team=2 EnemyN=1 MyZ=1927.9 TgtZ=1802.56 Dist=1518.77
[ROOT] team=2 status=2 Z=1927.9 VP=(8959.22,7869.79,2000)
[CLAMP_DIAG] team=1 rawDist=564.307 offBoresightDeg=149.694 clamped=1
[SelectTarget] team=1 EnemyN=1 TgtZ=1928.11
[DIST] team=1 EnemyN=1 MyZ=1847.38 TgtZ=1928.11 Dist=1519.92
[ROOT] team=1 status=2 Z=1847.38 VP=(8985.41,7254.8,1634.18)
[SelectTarget] team=2 EnemyN=1 TgtZ=1848.3
[DIST] team=2 EnemyN=1 MyZ=1928.11 TgtZ=1848.3 Dist=1525.94
[ROOT] team=2 status=2 Z=1928.11 VP=(9345.31,6847.36,2000)
[ONECIRCLE] dist=1480.91 spd=323.48 thr=0.507601
[SelectTarget] team=1 EnemyN=1 TgtZ=1927.58
[DIST] team=1 EnemyN=1 MyZ=1864.16 TgtZ=1927.58 Dist=1471.88
[ROOT] team=1 status=2 Z=1864.16 VP=(9107.51,6257.46,1635.38)
[SelectTarget] team=2 EnemyN=1 TgtZ=1864.07
[DIST] team=2 EnemyN=1 MyZ=1927.58 TgtZ=1864.07 Dist=1476.72
[ROOT] team=2 status=2 Z=1927.58 VP=(9232.82,5782,2000)
[CLAMP_DIAG] team=1 rawDist=535.704 offBoresightDeg=137.613 clamped=1
[SelectTarget] team=1 EnemyN=1 TgtZ=1926.65
[DIST] team=1 EnemyN=1 MyZ=1828.08 TgtZ=1926.65 Dist=1455.57
[ROOT] team=1 status=2 Z=1828.08 VP=(7669.46,3841.79,6614.04)
[SelectTarget] team=2 EnemyN=1 TgtZ=1827.81
[DIST] team=2 EnemyN=1 MyZ=1926.65 TgtZ=1827.81 Dist=1461.64
[ROOT] team=2 status=2 Z=1926.65 VP=(8720.72,4826.66,2000)
[CLAMP_DIAG] team=1 rawDist=495.149 offBoresightDeg=144.629 clamped=1
[SelectTarget] team=1 EnemyN=1 TgtZ=1926.03
[DIST] team=1 EnemyN=1 MyZ=1807.72 TgtZ=1926.03 Dist=1457.85
[ROOT] team=1 status=2 Z=1807.72 VP=(6557.86,3581.36,6594.79)
[SelectTarget] team=2 EnemyN=1 TgtZ=1807.58
[DIST] team=2 EnemyN=1 MyZ=1926.03 TgtZ=1807.58 Dist=1462.9
[ROOT] team=2 status=2 Z=1926.03 VP=(7888.5,4126.25,2000)
[SelectTarget] team=1 EnemyN=1 TgtZ=1925.72
[DIST] team=1 EnemyN=1 MyZ=1868.55 TgtZ=1925.72 Dist=1453.56
[ROOT] team=1 status=2 Z=1868.55 VP=(7240.74,4060.48,1638.6)
[SelectTarget] team=2 EnemyN=1 TgtZ=1868.71
[DIST] team=2 EnemyN=1 MyZ=1925.72 TgtZ=1868.71 Dist=1458.46
[ROOT] team=2 status=2 Z=1925.72 VP=(6861.76,3786.78,2000)
[CLAMP_DIAG] team=1 rawDist=490.627 offBoresightDeg=140.679 clamped=1
[ONECIRCLE] dist=1441.37 spd=325.126 thr=0.49937
[SelectTarget] team=1 EnemyN=1 TgtZ=1924.54
[DIST] team=1 EnemyN=1 MyZ=1831.13 TgtZ=1924.54 Dist=1439.59
[ROOT] team=1 status=2 Z=1831.13 VP=(6227.52,4019.19,1645.13)
[SelectTarget] team=2 EnemyN=1 TgtZ=1830.97
[DIST] team=2 EnemyN=1 MyZ=1924.54 TgtZ=1830.97 Dist=1445.19
[ROOT] team=2 status=2 Z=1924.54 VP=(5785.11,3922.3,2000)
[SelectTarget] team=1 EnemyN=1 TgtZ=1924.76
[DIST] team=1 EnemyN=1 MyZ=1812.75 TgtZ=1924.76 Dist=1468.84
[ROOT] team=1 status=2 Z=1812.75 VP=(3688.14,5308.82,6600.83)
[SelectTarget] team=2 EnemyN=1 TgtZ=1812.6
[DIST] team=2 EnemyN=1 MyZ=1924.76 TgtZ=1812.6 Dist=1474.18
[ROOT] team=2 status=2 Z=1924.76 VP=(4798.54,4401.31,2000)
[CLAMP_DIAG] team=1 rawDist=505.895 offBoresightDeg=146.476 clamped=1
[SelectTarget] team=1 EnemyN=1 TgtZ=1924.94
[DIST] team=1 EnemyN=1 MyZ=1811.29 TgtZ=1924.94 Dist=1478.67
[ROOT] team=1 status=2 Z=1811.29 VP=(4493.42,4971.46,1632.98)
[SelectTarget] team=2 EnemyN=1 TgtZ=1811.13
[DIST] team=2 EnemyN=1 MyZ=1924.94 TgtZ=1811.13 Dist=1484.42
[ROOT] team=2 status=2 Z=1924.94 VP=(4073.73,5218.45,2000)
[CLAMP_DIAG] team=1 rawDist=515.305 offBoresightDeg=145.495 clamped=1
[SelectTarget] team=1 EnemyN=1 TgtZ=1924.68
[DIST] team=1 EnemyN=1 MyZ=1805.71 TgtZ=1924.68 Dist=1487.26
[ROOT] team=1 status=2 Z=1805.71 VP=(4024.82,5868.91,1633.8)
[SelectTarget] team=2 EnemyN=1 TgtZ=1805.74
[DIST] team=2 EnemyN=1 MyZ=1924.68 TgtZ=1805.74 Dist=1492.13
[ROOT] team=2 status=2 Z=1924.68 VP=(3724.86,6262.35,2000)
[ONECIRCLE] dist=1490.84 spd=326.052 thr=0.49474
[SelectTarget] team=1 EnemyN=1 TgtZ=1925.19
[DIST] team=1 EnemyN=1 MyZ=1857.38 TgtZ=1925.19 Dist=1478.89
[ROOT] team=1 status=2 Z=1857.38 VP=(3931.05,6878.01,1629.85)
[SelectTarget] team=2 EnemyN=1 TgtZ=1857.49
[DIST] team=2 EnemyN=1 MyZ=1925.19 TgtZ=1857.49 Dist=1485.01
[ROOT] team=2 status=2 Z=1925.19 VP=(3817.89,7355.89,2000)
[CLAMP_DIAG] team=1 rawDist=510.735 offBoresightDeg=140.153 clamped=1
[SelectTarget] team=1 EnemyN=1 TgtZ=1925.73
[DIST] team=1 EnemyN=1 MyZ=1832.46 TgtZ=1925.73 Dist=1449.23
[ROOT] team=1 status=2 Z=1832.46 VP=(5355.29,9350.14,6619.41)
[SelectTarget] team=2 EnemyN=1 TgtZ=1832.28
[DIST] team=2 EnemyN=1 MyZ=1925.73 TgtZ=1832.28 Dist=1454.03
[ROOT] team=2 status=2 Z=1925.73 VP=(4389.2,8284.4,2000)
[SelectTarget] team=1 EnemyN=1 TgtZ=1927.68
[DIST] team=1 EnemyN=1 MyZ=1818.73 TgtZ=1927.68 Dist=1455.7
[ROOT] team=1 status=2 Z=1818.73 VP=(6577.83,9521.72,6606.52)
[SelectTarget] team=2 EnemyN=1 TgtZ=1818.58
[DIST] team=2 EnemyN=1 MyZ=1927.68 TgtZ=1818.58 Dist=1461.14
[ROOT] team=2 status=2 Z=1927.68 VP=(5261.59,8949.92,2000)
[CLAMP_DIAG] team=1 rawDist=496.216 offBoresightDeg=142.586 clamped=1
[SelectTarget] team=1 EnemyN=1 TgtZ=1929.85
[DIST] team=1 EnemyN=1 MyZ=1799.4 TgtZ=1929.85 Dist=1475.95
[ROOT] team=1 status=2 Z=1799.4 VP=(7751.61,9267.23,6590.6)
[SelectTarget] team=2 EnemyN=1 TgtZ=1799.3
[DIST] team=2 EnemyN=1 MyZ=1929.85 TgtZ=1799.3 Dist=1481.4
[ROOT] team=2 status=2 Z=1929.85 VP=(6328.51,9234.37,2000)
[CLAMP_DIAG] team=1 rawDist=538.212 offBoresightDeg=135.945 clamped=1
[ONECIRCLE] dist=1476.77 spd=325.538 thr=0.497312
[SelectTarget] team=1 EnemyN=1 TgtZ=1930.91
[DIST] team=1 EnemyN=1 MyZ=1851.03 TgtZ=1930.91 Dist=1467.13
[ROOT] team=1 status=2 Z=1851.03 VP=(6926.47,8983.34,1632.21)
[SelectTarget] team=2 EnemyN=1 TgtZ=1850.8
[DIST] team=2 EnemyN=1 MyZ=1930.91 TgtZ=1850.8 Dist=1472.28
[ROOT] team=2 status=2 Z=1930.91 VP=(7403.46,9045.18,2000)
[SelectTarget] team=1 EnemyN=1 TgtZ=1930.68
[DIST] team=1 EnemyN=1 MyZ=1838.94 TgtZ=1930.68 Dist=1464.56
[ROOT] team=1 status=2 Z=1838.94 VP=(7841.43,8542.57,1636.35)
[SelectTarget] team=2 EnemyN=1 TgtZ=1839
[DIST] team=2 EnemyN=1 MyZ=1930.68 TgtZ=1839 Dist=1469.82
[ROOT] team=2 status=2 Z=1930.68 VP=(8301.23,8405.16,2000)
runner:local/env:0	num_steps=[11999] | total rewards=[-75.9261] | termination= [max time out]
[seed 2] reward=   -75.93 ownHP=1.0000 tgtHP=1.0000 max time out
total: 2
[PURE_ATA] team=2 ata=33.9776 dist=5153.54 leadDist=118.363 aa=127.404
[PURE_ATA] team=2 ata=33.9322 dist=5111.47 leadDist=135.312 aa=127.121
[PURE_ATA] team=2 ata=32.1125 dist=5069.1 leadDist=152.24 aa=126.562
[PURE_ATA] team=2 ata=29.2106 dist=5027.08 leadDist=168.73 aa=125.87
[PURE_ATA] team=2 ata=27.1272 dist=4984.79 leadDist=185.026 aa=125.285
[PURE_ATA] team=2 ata=25.665 dist=4942.33 leadDist=201.01 aa=125.111
[PURE_ATA] team=2 ata=24.5205 dist=4899.9 leadDist=216.539 aa=125.613
[PURE_ATA] team=2 ata=23.5645 dist=4857.63 leadDist=231.585 aa=127.148
[PURE_ATA] team=2 ata=22.7315 dist=4814.63 leadDist=246.647 aa=129.801
[PURE_ATA] team=2 ata=21.9736 dist=4771.86 leadDist=261.263 aa=133.203
[PURE_ATA] team=2 ata=21.2991 dist=4728.8 leadDist=275.676 aa=136.818
[PURE_ATA] team=2 ata=20.6693 dist=4685.49 leadDist=289.843 aa=140.079
[PURE_ATA] team=2 ata=20.0779 dist=4642.32 leadDist=303.538 aa=143.092
[PURE_ATA] team=2 ata=19.5114 dist=4598.2 leadDist=317.29 aa=146.002
[PURE_ATA] team=2 ata=18.9604 dist=4554 leadDist=330.641 aa=148.528
[PURE_ATA] team=2 ata=18.422 dist=4509.73 leadDist=343.583 aa=150.625
[PURE_ATA] team=2 ata=17.9052 dist=4464.86 leadDist=356.364 aa=152.383
[PURE_ATA] team=2 ata=17.4141 dist=4419.91 leadDist=368.717 aa=153.932
[PURE_ATA] team=2 ata=16.9342 dist=4375.19 leadDist=380.471 aa=155.305
[PURE_ATA] team=2 ata=16.4657 dist=4329.86 leadDist=392.03 aa=156.471
[PURE_ATA] team=2 ata=16.0023 dist=4284.24 leadDist=403.229 aa=157.412
[PURE_ATA] team=2 ata=15.5349 dist=4238.34 leadDist=414.037 aa=158.096
[PURE_ATA] team=2 ata=15.0579 dist=4192.33 leadDist=424.369 aa=158.522
[PURE_ATA] team=2 ata=14.5707 dist=4146.19 leadDist=434.223 aa=158.707
[PURE_ATA] team=2 ata=14.0755 dist=4099.37 leadDist=443.868 aa=158.678
[PURE_ATA] team=2 ata=13.5688 dist=4052.42 leadDist=453.035 aa=158.49
[PURE_ATA] team=2 ata=13.0527 dist=4005.33 leadDist=461.721 aa=158.195
[SelectTarget] team=1 EnemyN=1 TgtZ=7121.84
[DIST] team=1 EnemyN=1 MyZ=9539.87 TgtZ=7121.84 Dist=3866.82
[ROOT] team=1 status=2 Z=9539.87 VP=(4338.94,124.45,8889.87)
[SelectTarget] team=2 EnemyN=1 TgtZ=9538.58
[DIST] team=2 EnemyN=1 MyZ=7121.84 TgtZ=9538.58 Dist=3863.48
[ROOT] team=2 status=2 Z=7121.84 VP=(2127.66,260.61,7121.84)
[SelectTarget] team=1 EnemyN=1 TgtZ=7296.47
[DIST] team=1 EnemyN=1 MyZ=9224.68 TgtZ=7296.47 Dist=2483.34
[ROOT] team=1 status=2 Z=9224.68 VP=(4484.27,65.1947,8574.68)
[SelectTarget] team=2 EnemyN=1 TgtZ=9222.4
[DIST] team=2 EnemyN=1 MyZ=7296.47 TgtZ=9222.4 Dist=2479.22
[ROOT] team=2 status=2 Z=7296.47 VP=(2772.97,-319.035,7296.47)
[CLAMP_DIAG] team=1 rawDist=839.943 offBoresightDeg=52.836 clamped=0
[SelectTarget] team=1 EnemyN=1 TgtZ=7271.5
[DIST] team=1 EnemyN=1 MyZ=8733.75 TgtZ=7271.5 Dist=1529.88
[ROOT] team=1 status=2 Z=8733.75 VP=(3609.54,-86.0254,8083.75)
[SelectTarget] team=2 EnemyN=1 TgtZ=8730.54
[DIST] team=2 EnemyN=1 MyZ=7271.5 TgtZ=8730.54 Dist=1527.41
[ROOT] team=2 status=2 Z=7271.5 VP=(3535.41,-594.098,7271.5)
[CLAMP_DIAG] team=2 rawDist=451.341 offBoresightDeg=65.7225 clamped=0
[ONECIRCLE] dist=1497.85 spd=283.354 thr=0.708232
[SelectTarget] team=1 EnemyN=1 TgtZ=7138.6
[DIST] team=1 EnemyN=1 MyZ=8013.75 TgtZ=7138.6 Dist=1597.38
[ROOT] team=1 status=2 Z=8013.75 VP=(2952.27,-611.067,7363.75)
[SelectTarget] team=2 EnemyN=1 TgtZ=8008.93
[DIST] team=2 EnemyN=1 MyZ=7138.6 TgtZ=8008.93 Dist=1597.2
[ROOT] team=2 status=2 Z=7138.6 VP=(4195.52,-579.338,7138.6)
[SelectTarget] team=1 EnemyN=1 TgtZ=6846.58
[DIST] team=1 EnemyN=1 MyZ=7037.02 TgtZ=6846.58 Dist=2082.47
[ROOT] team=1 status=2 Z=7037.02 VP=(2664.19,-1351.14,6895.27)
[SelectTarget] team=2 EnemyN=1 TgtZ=7031.18
[DIST] team=2 EnemyN=1 MyZ=6846.58 TgtZ=7031.18 Dist=2082.32
[ROOT] team=2 status=2 Z=6846.58 VP=(4477.58,-508.224,6846.58)
[SelectTarget] team=1 EnemyN=1 TgtZ=6377.27
[DIST] team=1 EnemyN=1 MyZ=6000.07 TgtZ=6377.27 Dist=2151.71
[ROOT] team=1 status=2 Z=6000.07 VP=(2798.86,-2057.88,6459.22)
[SelectTarget] team=2 EnemyN=1 TgtZ=5994.68
[DIST] team=2 EnemyN=1 MyZ=6377.27 TgtZ=5994.68 Dist=2150.28
[ROOT] team=2 status=2 Z=6377.27 VP=(4281.37,-607.515,6377.27)
[SelectTarget] team=1 EnemyN=1 TgtZ=5777.74
[DIST] team=1 EnemyN=1 MyZ=5192.53 TgtZ=5777.74 Dist=1647.77
[ROOT] team=1 status=2 Z=5192.53 VP=(3280.07,-2486.84,5880.58)
[SelectTarget] team=2 EnemyN=1 TgtZ=5189.17
[DIST] team=2 EnemyN=1 MyZ=5777.74 TgtZ=5189.17 Dist=1645.78
[ROOT] team=2 status=2 Z=5777.74 VP=(3708.37,-1032.86,5777.74)
[ONECIRCLE] dist=1162.54 spd=310.31 thr=0.573449
[SelectTarget] team=1 EnemyN=1 TgtZ=5109.39
[DIST] team=1 EnemyN=1 MyZ=4805.24 TgtZ=5109.39 Dist=1106.44
[ROOT] team=1 status=2 Z=4805.24 VP=(3889,-2468.65,5217.32)
[SelectTarget] team=2 EnemyN=1 TgtZ=4804.15
[DIST] team=2 EnemyN=1 MyZ=5109.39 TgtZ=4804.15 Dist=1105.49
[ROOT] team=2 status=2 Z=5109.39 VP=(3120.99,-1828.53,5109.39)
[SelectTarget] team=1 EnemyN=1 TgtZ=4342.77
[DIST] team=1 EnemyN=1 MyZ=4653.68 TgtZ=4342.77 Dist=1613.65
[ROOT] team=1 status=2 Z=4653.68 VP=(4375.11,-1836.99,4003.68)
[SelectTarget] team=2 EnemyN=1 TgtZ=4652.35
[DIST] team=2 EnemyN=1 MyZ=4342.77 TgtZ=4652.35 Dist=1615.55
[ROOT] team=2 status=2 Z=4342.77 VP=(2963.68,-2832.17,4342.77)
[SelectTarget] team=1 EnemyN=1 TgtZ=3438.38
[DIST] team=1 EnemyN=1 MyZ=4239.09 TgtZ=3438.38 Dist=2299.04
[ROOT] team=1 status=2 Z=4239.09 VP=(3989.52,-1863.37,3589.09)
[SelectTarget] team=2 EnemyN=1 TgtZ=4235.84
[DIST] team=2 EnemyN=1 MyZ=3438.38 TgtZ=4235.84 Dist=2299.08
[ROOT] team=2 status=2 Z=3438.38 VP=(3310.44,-3672.12,3438.38)
[SelectTarget] team=1 EnemyN=1 TgtZ=2602.65
[DIST] team=1 EnemyN=1 MyZ=3518.39 TgtZ=2602.65 Dist=2395.61
[ROOT] team=1 status=2 Z=3518.39 VP=(3662.8,-1788.31,2868.39)
[SelectTarget] team=2 EnemyN=1 TgtZ=3513.78
[DIST] team=2 EnemyN=1 MyZ=2602.65 TgtZ=3513.78 Dist=2394.34
[ROOT] team=2 status=2 Z=2602.65 VP=(2228.45,-2363.11,7390.01)
[SelectTarget] team=1 EnemyN=1 TgtZ=2171.45
[DIST] team=1 EnemyN=1 MyZ=2694.11 TgtZ=2171.45 Dist=2382.11
[ROOT] team=1 status=2 Z=2694.11 VP=(5629.58,-2901.08,7483.98)
[SelectTarget] team=2 EnemyN=1 TgtZ=2690.32
[DIST] team=2 EnemyN=1 MyZ=2171.45 TgtZ=2690.32 Dist=2382.38
[ROOT] team=2 status=2 Z=2171.45 VP=(1593.87,-3219.07,6942.59)
[SelectTarget] team=1 EnemyN=1 TgtZ=1959.62
[DIST] team=1 EnemyN=1 MyZ=2223.42 TgtZ=1959.62 Dist=3166.19
[ROOT] team=1 status=2 Z=2223.42 VP=(1850.89,-3999.75,1573.42)
[SelectTarget] team=2 EnemyN=1 TgtZ=2221.71
[DIST] team=2 EnemyN=1 MyZ=1959.62 TgtZ=2221.71 Dist=3169.64
[ROOT] team=2 status=2 Z=1959.62 VP=(5216.77,-3139.44,2000)
[PURE_ATA] team=2 ata=110.992 dist=4028.48 leadDist=1441.58 aa=27.4001
[PURE_ATA] team=2 ata=110.91 dist=4070.09 leadDist=1446.36 aa=18.9824
[PURE_ATA] team=2 ata=110.071 dist=4110.79 leadDist=1451.13 aa=12.1828
[PURE_ATA] team=2 ata=109.379 dist=4151.79 leadDist=1455.91 aa=7.58183
[PURE_ATA] team=2 ata=108.721 dist=4192.29 leadDist=1460.8 aa=4.05063
[PURE_ATA] team=2 ata=108.092 dist=4231.81 leadDist=1465.83 aa=1.53984
[PURE_ATA] team=2 ata=107.448 dist=4271.26 leadDist=1471.04 aa=1.92896
[PURE_ATA] team=2 ata=106.816 dist=4310.3 leadDist=1476.5 aa=3.16627
[SelectTarget] team=1 EnemyN=1 TgtZ=1872.85
[DIST] team=1 EnemyN=1 MyZ=2018.79 TgtZ=1872.85 Dist=4344.51
[ROOT] team=1 status=2 Z=2018.79 VP=(6458.33,-949.516,6795.44)
[SelectTarget] team=2 EnemyN=1 TgtZ=2017.84
[DIST] team=2 EnemyN=1 MyZ=1872.85 TgtZ=2017.84 Dist=4348.87
[PURE_ATA] team=2 ata=106.179 dist=4348.87 leadDist=1482.16 aa=2.83104
[ROOT] team=2 status=2 Z=1872.85 VP=(5865.88,-2296.8,3500)
[PURE_ATA] team=2 ata=105.551 dist=4387.49 leadDist=1487.94 aa=12.3507
[PURE_ATA] team=2 ata=104.902 dist=4425.13 leadDist=1493.74 aa=22.132
[PURE_ATA] team=2 ata=104.243 dist=4462.69 leadDist=1499.46 aa=30.5459
[PURE_ATA] team=2 ata=103.575 dist=4499.41 leadDist=1505 aa=36.2571
[PURE_ATA] team=2 ata=102.909 dist=4536.65 leadDist=1510.21 aa=39.3184
[PURE_ATA] team=2 ata=102.21 dist=4573.25 leadDist=1515 aa=40.0256
[PURE_ATA] team=2 ata=101.489 dist=4609.39 leadDist=1519.57 aa=38.2095
[PURE_ATA] team=2 ata=100.765 dist=4646.83 leadDist=1524.08 aa=33.9076
[PURE_ATA] team=2 ata=100.022 dist=4682.83 leadDist=1528.57 aa=26.1939
[PURE_ATA] team=2 ata=99.2873 dist=4719.77 leadDist=1532.98 aa=17.5221
[PURE_ATA] team=2 ata=98.5241 dist=4754.94 leadDist=1537.33 aa=10.9767
[PURE_ATA] team=2 ata=97.8018 dist=4790.64 leadDist=1541.66 aa=6.81882
[PURE_ATA] team=2 ata=97.0727 dist=4825.25 leadDist=1546.02 aa=4.17189
[PURE_ATA] team=2 ata=96.3451 dist=4859.43 leadDist=1550.45 aa=0.647336
[PURE_ATA] team=2 ata=95.6205 dist=4892.84 leadDist=1555.01 aa=0.63964
[PURE_ATA] team=2 ata=94.899 dist=4925.51 leadDist=1559.68 aa=5.23569
[PURE_ATA] team=2 ata=94.16 dist=4957.39 leadDist=1564.38 aa=14.6181
[PURE_ATA] team=2 ata=93.4363 dist=4989.3 leadDist=1569.03 aa=24.2285
[PURE_ATA] team=2 ata=92.6981 dist=5020.07 leadDist=1573.52 aa=32.4766
[PURE_ATA] team=2 ata=91.9554 dist=5050.81 leadDist=1577.72 aa=37.7829
[PURE_ATA] team=2 ata=91.2078 dist=5081.54 leadDist=1581.52 aa=40.5362
[PURE_ATA] team=2 ata=90.4466 dist=5111.1 leadDist=1584.83 aa=41.0387
[PURE_ATA] team=2 ata=89.6958 dist=5141.11 leadDist=1587.86 aa=38.7837
[PURE_ATA] team=2 ata=88.924 dist=5170.96 leadDist=1590.78 aa=33.6636
[PURE_ATA] team=2 ata=88.1486 dist=5200.78 leadDist=1593.57 aa=25.5933
[PURE_ATA] team=2 ata=87.3605 dist=5229.39 leadDist=1596.21 aa=17.912
[PURE_ATA] team=2 ata=86.5731 dist=5257.66 leadDist=1598.69 aa=12.6026
[PURE_ATA] team=2 ata=85.7847 dist=5285.59 leadDist=1601.03 aa=9.17094
[PURE_ATA] team=2 ata=84.9868 dist=5312.31 leadDist=1603.3 aa=4.872
[SelectTarget] team=1 EnemyN=1 TgtZ=1964.52
[DIST] team=1 EnemyN=1 MyZ=1894.83 TgtZ=1964.52 Dist=5334.47
[ROOT] team=1 status=2 Z=1894.83 VP=(3055.24,-5495.96,1567.93)
[SelectTarget] team=2 EnemyN=1 TgtZ=1894.45
[DIST] team=2 EnemyN=1 MyZ=1964.52 TgtZ=1894.45 Dist=5339.3
[PURE_ATA] team=2 ata=84.202 dist=5339.3 leadDist=1605.55 aa=0.466697
[ROOT] team=2 status=2 Z=1964.52 VP=(6144.98,-1250.22,3500)
[PURE_ATA] team=2 ata=83.4084 dist=5365.11 leadDist=1607.82 aa=2.18922
[PURE_ATA] team=2 ata=82.6088 dist=5389.41 leadDist=1610.15 aa=3.80661
[PURE_ATA] team=2 ata=81.7976 dist=5412.8 leadDist=1612.56 aa=5.04273
[PURE_ATA] team=2 ata=80.9945 dist=5435.32 leadDist=1615.09 aa=6.11734
[PURE_ATA] team=2 ata=80.1912 dist=5457.9 leadDist=1617.73 aa=7.08014
[PURE_ATA] team=2 ata=79.3876 dist=5478.69 leadDist=1620.51 aa=7.98489
[PURE_ATA] team=2 ata=78.5834 dist=5499.57 leadDist=1623.45 aa=5.01539
[PURE_ATA] team=2 ata=77.7765 dist=5518.98 leadDist=1626.47 aa=5.85037
[PURE_ATA] team=2 ata=76.9667 dist=5538.77 leadDist=1629.5 aa=19.8486
[PURE_ATA] team=2 ata=76.1456 dist=5556.09 leadDist=1632.44 aa=32.345
[PURE_ATA] team=2 ata=75.3305 dist=5574.79 leadDist=1635.18 aa=41.5727
[PURE_ATA] team=2 ata=74.4979 dist=5591.54 leadDist=1637.58 aa=45.6798
[PURE_ATA] team=2 ata=73.6655 dist=5608.38 leadDist=1639.65 aa=44.0087
[PURE_ATA] team=2 ata=72.8336 dist=5625.33 leadDist=1641.5 aa=38.0505
[PURE_ATA] team=2 ata=71.9791 dist=5640.81 leadDist=1643.11 aa=30.0541
[PURE_ATA] team=2 ata=71.1299 dist=5656.11 leadDist=1644.47 aa=23.4496
[PURE_ATA] team=2 ata=70.2824 dist=5671.51 leadDist=1645.6 aa=18.7797
[PURE_ATA] team=2 ata=69.4347 dist=5685.46 leadDist=1646.56 aa=12.2566
[PURE_ATA] team=2 ata=68.5773 dist=5698.7 leadDist=1647.39 aa=5.2235
[PURE_ATA] team=2 ata=67.7259 dist=5711.83 leadDist=1648.14 aa=0.98378
[PURE_ATA] team=2 ata=66.8616 dist=5722.91 leadDist=1648.86 aa=1.55887
[PURE_ATA] team=2 ata=66.0039 dist=5733.9 leadDist=1649.58 aa=3.528
[PURE_ATA] team=2 ata=65.1355 dist=5742.82 leadDist=1650.31 aa=5.28822
[PURE_ATA] team=2 ata=64.2732 dist=5751.67 leadDist=1651.07 aa=6.95032
[PURE_ATA] team=2 ata=63.4057 dist=5759.79 leadDist=1651.88 aa=8.58785
[PURE_ATA] team=2 ata=62.538 dist=5766.74 leadDist=1652.75 aa=10.2859
[PURE_ATA] team=2 ata=61.6683 dist=5772.74 leadDist=1653.69 aa=11.8927
[PURE_ATA] team=2 ata=60.797 dist=5777.78 leadDist=1654.72 aa=13.618
[PURE_ATA] team=2 ata=59.9204 dist=5780.5 leadDist=1655.85 aa=15.3876
[SelectTarget] team=1 EnemyN=1 TgtZ=2114.73
[DIST] team=1 EnemyN=1 MyZ=1843.13 TgtZ=2114.73 Dist=5781.79
[ROOT] team=1 status=2 Z=1843.13 VP=(4067.19,-5187.43,1707.75)
[SelectTarget] team=2 EnemyN=1 TgtZ=1842.91
[DIST] team=2 EnemyN=1 MyZ=2114.73 TgtZ=1842.91 Dist=5784.81
[PURE_ATA] team=2 ata=59.053 dist=5784.81 leadDist=1657.09 aa=17.1777
[ROOT] team=2 status=2 Z=2114.73 VP=(5862.92,-218.402,3500)
[PURE_ATA] team=2 ata=58.1791 dist=5787.01 leadDist=1658.44 aa=18.9917
[PURE_ATA] team=2 ata=57.3005 dist=5788.46 leadDist=1659.93 aa=20.8637
[PURE_ATA] team=2 ata=56.4175 dist=5787.77 leadDist=1661.55 aa=22.7692
[PURE_ATA] team=2 ata=55.5468 dist=5788.52 leadDist=1663.33 aa=16.4464
[PURE_ATA] team=2 ata=54.6669 dist=5787.32 leadDist=1665.19 aa=6.76055
[PURE_ATA] team=2 ata=53.7764 dist=5784.34 leadDist=1667.06 aa=32.7381
[PURE_ATA] team=2 ata=52.8981 dist=5782.8 leadDist=1668.84 aa=50.3582
[PURE_ATA] team=2 ata=52.0086 dist=5779.44 leadDist=1670.44 aa=60.0652
[PURE_ATA] team=2 ata=51.1132 dist=5775.45 leadDist=1671.71 aa=64.1063
[PURE_ATA] team=2 ata=50.217 dist=5772.03 leadDist=1672.67 aa=63.2697
[PURE_ATA] team=2 ata=49.325 dist=5769.03 leadDist=1673.38 aa=58.8619
[PURE_ATA] team=2 ata=48.4176 dist=5762.9 leadDist=1673.84 aa=52.1462
[PURE_ATA] team=2 ata=47.5158 dist=5758.57 leadDist=1674.02 aa=45.7754
[PURE_ATA] team=2 ata=46.6078 dist=5752.16 leadDist=1673.94 aa=40.5492
[PURE_ATA] team=2 ata=45.6968 dist=5745.05 leadDist=1673.64 aa=36.0927
[PURE_ATA] team=2 ata=44.7909 dist=5738.36 leadDist=1673.15 aa=27.5255
[PURE_ATA] team=2 ata=43.8817 dist=5730.97 leadDist=1672.54 aa=15.2566
[PURE_ATA] team=2 ata=42.9704 dist=5721.46 leadDist=1671.83 aa=5.43462
[PURE_ATA] team=2 ata=42.0577 dist=5711.25 leadDist=1671.07 aa=2.09173
[PURE_ATA] team=2 ata=41.1438 dist=5700.31 leadDist=1670.28 aa=8.89386
[PURE_ATA] team=2 ata=40.2375 dist=5688.4 leadDist=1669.49 aa=15.7389
[PURE_ATA] team=2 ata=39.3204 dist=5674.72 leadDist=1668.71 aa=22.9665
[PURE_ATA] team=2 ata=38.4158 dist=5661.35 leadDist=1667.95 aa=30.6895
[PURE_ATA] team=2 ata=37.5057 dist=5647.46 leadDist=1667.24 aa=38.9008
[PURE_ATA] team=2 ata=36.5946 dist=5631.53 leadDist=1666.59 aa=47.5696
[PURE_ATA] team=2 ata=35.6919 dist=5614.73 leadDist=1666 aa=56.2924
[PURE_ATA] team=2 ata=34.7913 dist=5598.57 leadDist=1665.5 aa=64.7371
[PURE_ATA] team=2 ata=33.8903 dist=5580.44 leadDist=1665.09 aa=72.7005
[PURE_ATA] team=2 ata=32.9986 dist=5561.43 leadDist=1664.79 aa=80.002
[SelectTarget] team=1 EnemyN=1 TgtZ=2243.26
[DIST] team=1 EnemyN=1 MyZ=1835.37 TgtZ=2243.26 Dist=5540.37
[ROOT] team=1 status=2 Z=1835.37 VP=(4523.91,-4210.79,1793.59)
[SelectTarget] team=2 EnemyN=1 TgtZ=1835.39
[DIST] team=2 EnemyN=1 MyZ=2243.26 TgtZ=1835.39 Dist=5541.82
[PURE_ATA] team=2 ata=32.1079 dist=5541.82 leadDist=1664.61 aa=86.6873
[ROOT] team=2 status=2 Z=2243.26 VP=(5045.08,431.015,3500)
[PURE_ATA] team=2 ata=31.2256 dist=5521.42 leadDist=1664.54 aa=92.7511
[PURE_ATA] team=2 ata=30.3499 dist=5500.3 leadDist=1664.61 aa=98.2892
[PURE_ATA] team=2 ata=29.4815 dist=5478.45 leadDist=1664.82 aa=103.338
[PURE_ATA] team=2 ata=28.6268 dist=5455.8 leadDist=1665.16 aa=107.986
[PURE_ATA] team=2 ata=27.7744 dist=5431.22 leadDist=1665.65 aa=112.298
[PURE_ATA] team=2 ata=26.9447 dist=5407.05 leadDist=1666.28 aa=116.164
[PURE_ATA] team=2 ata=26.1259 dist=5380.86 leadDist=1667.06 aa=119.704
[PURE_ATA] team=2 ata=25.3227 dist=5355.27 leadDist=1667.99 aa=122.936
[PURE_ATA] team=2 ata=24.5413 dist=5328.89 leadDist=1669.06 aa=125.886
[PURE_ATA] team=2 ata=23.7846 dist=5301.69 leadDist=1670.28 aa=128.581
[PURE_ATA] team=2 ata=23.0521 dist=5272.41 leadDist=1671.65 aa=131.071
[PURE_ATA] team=2 ata=22.354 dist=5243.62 leadDist=1673.17 aa=133.359
[PURE_ATA] team=2 ata=21.6853 dist=5212.74 leadDist=1674.83 aa=140.11
[PURE_ATA] team=2 ata=21.0599 dist=5183.67 leadDist=1676.6 aa=172.556
[PURE_ATA] team=2 ata=20.4814 dist=5152.4 leadDist=1678.38 aa=125.477
[PURE_ATA] team=2 ata=19.9498 dist=5121.62 leadDist=1680.1 aa=106.689
[PURE_ATA] team=2 ata=19.4776 dist=5088.61 leadDist=1681.65 aa=101.652
[PURE_ATA] team=2 ata=19.0637 dist=5057.35 leadDist=1682.92 aa=101.286
[PURE_ATA] team=2 ata=18.7173 dist=5025.16 leadDist=1683.87 aa=103.297
[PURE_ATA] team=2 ata=18.4447 dist=4993.37 leadDist=1684.56 aa=107.088
[PURE_ATA] team=2 ata=18.2547 dist=4960.62 leadDist=1684.99 aa=114.28
[PURE_ATA] team=2 ata=18.1488 dist=4928.25 leadDist=1685.14 aa=124.309
[PURE_ATA] team=2 ata=18.1364 dist=4894.89 leadDist=1685.05 aa=134.865
[PURE_ATA] team=2 ata=18.2212 dist=4861.89 leadDist=1684.74 aa=144.706
[PURE_ATA] team=2 ata=18.4075 dist=4826.56 leadDist=1684.27 aa=157.647
[PURE_ATA] team=2 ata=18.6701 dist=4791.57 leadDist=1683.67 aa=171.266
[PURE_ATA] team=2 ata=18.9542 dist=4756.89 leadDist=1683 aa=179.842
[PURE_ATA] team=2 ata=19.2477 dist=4721.2 leadDist=1682.28 aa=175.107
[PURE_ATA] team=2 ata=19.5549 dist=4684.47 leadDist=1681.54 aa=171.688
[SelectTarget] team=1 EnemyN=1 TgtZ=2359.52
[DIST] team=1 EnemyN=1 MyZ=1819.07 TgtZ=2359.52 Dist=4647.76
[ROOT] team=1 status=2 Z=1819.07 VP=(4034.83,-3195.29,2013.88)
[SelectTarget] team=2 EnemyN=1 TgtZ=1819.19
[DIST] team=2 EnemyN=1 MyZ=2359.52 TgtZ=1819.19 Dist=4646.69
[PURE_ATA] team=2 ata=19.8702 dist=4646.69 leadDist=1680.81 aa=169.049
[ROOT] team=2 status=2 Z=2359.52 VP=(4024.68,421.623,3500)
[PURE_ATA] team=2 ata=20.175 dist=4610.55 leadDist=1680.1 aa=166.9
[PURE_ATA] team=2 ata=20.4671 dist=4572 leadDist=1679.43 aa=165.054
[PURE_ATA] team=2 ata=20.7442 dist=4532.42 leadDist=1678.81 aa=163.582
[PURE_ATA] team=2 ata=20.9922 dist=4493.1 leadDist=1678.25 aa=162.357
[PURE_ATA] team=2 ata=21.2128 dist=4453.95 leadDist=1677.77 aa=161.413
[PURE_ATA] team=2 ata=21.4235 dist=4412.46 leadDist=1677.37 aa=160.817
[PURE_ATA] team=2 ata=21.6263 dist=4372.52 leadDist=1677.08 aa=160.555
[PURE_ATA] team=2 ata=21.8222 dist=4330.12 leadDist=1676.89 aa=160.548
[PURE_ATA] team=2 ata=22.0034 dist=4289.3 leadDist=1676.81 aa=160.753
[PURE_ATA] team=2 ata=22.1901 dist=4247.3 leadDist=1676.85 aa=161.112
[PURE_ATA] team=2 ata=22.3955 dist=4204.24 leadDist=1676.99 aa=161.64
[PURE_ATA] team=2 ata=22.5748 dist=4160 leadDist=1677.24 aa=162.197
[PURE_ATA] team=2 ata=22.7971 dist=4115.92 leadDist=1677.58 aa=162.77
[PURE_ATA] team=2 ata=23.0276 dist=4073.33 leadDist=1678.02 aa=163.349
[PURE_ATA] team=2 ata=23.2791 dist=4028.28 leadDist=1678.55 aa=163.912
[ONECIRCLE] dist=3891.41 spd=301.462 thr=0.91
[SelectTarget] team=1 EnemyN=1 TgtZ=2520.96
[DIST] team=1 EnemyN=1 MyZ=1807.6 TgtZ=2520.96 Dist=3303.45
[ROOT] team=1 status=2 Z=1807.6 VP=(4513.71,-2273.11,2438.4)
[SelectTarget] team=2 EnemyN=1 TgtZ=1807.45
[DIST] team=2 EnemyN=1 MyZ=2520.96 TgtZ=1807.45 Dist=3299.15
[ROOT] team=2 status=2 Z=2520.96 VP=(3259.27,-215.718,2520.96)
[SelectTarget] team=1 EnemyN=1 TgtZ=2486.83
[DIST] team=1 EnemyN=1 MyZ=1833.79 TgtZ=2486.83 Dist=1618.86
[ROOT] team=1 status=2 Z=1833.79 VP=(3904.24,-2669.23,2492.37)
[SelectTarget] team=2 EnemyN=1 TgtZ=1834.67
[DIST] team=2 EnemyN=1 MyZ=2486.83 TgtZ=1834.67 Dist=1613.05
[ROOT] team=2 status=2 Z=2486.83 VP=(3087.59,-1189.84,2486.83)
[CLAMP_DIAG] team=2 rawDist=299.973 offBoresightDeg=0.769 clamped=0
[SelectTarget] team=1 EnemyN=1 TgtZ=2440.4
[DIST] team=1 EnemyN=1 MyZ=2150.74 TgtZ=2440.4 Dist=428.084
[ROOT] team=1 status=2 Z=2150.74 VP=(3333.31,-1849.86,2441.1)
[SelectTarget] team=2 EnemyN=1 TgtZ=2153.71
[DIST] team=2 EnemyN=1 MyZ=2440.4 TgtZ=2153.71 Dist=428.741
[ROOT] team=2 status=2 Z=2440.4 VP=(3428.85,-2020.4,2440.4)
[CLAMP_DIAG] team=1 rawDist=404.958 offBoresightDeg=95.9803 clamped=1
[SelectTarget] team=1 EnemyN=1 TgtZ=2447.83
[DIST] team=1 EnemyN=1 MyZ=2856.67 TgtZ=2447.83 Dist=1705.11
[ROOT] team=1 status=2 Z=2856.67 VP=(1553.31,-1421.04,2206.67)
[SelectTarget] team=2 EnemyN=1 TgtZ=2861.12
[DIST] team=2 EnemyN=1 MyZ=2447.83 TgtZ=2861.12 Dist=1708.21
[ROOT] team=2 status=2 Z=2447.83 VP=(3704.14,-2463.18,2447.83)
[ONECIRCLE] dist=2199.34 spd=291.482 thr=0.667592
[SelectTarget] team=1 EnemyN=1 TgtZ=2382.17
[DIST] team=1 EnemyN=1 MyZ=3579.34 TgtZ=2382.17 Dist=2351.1
[ROOT] team=1 status=2 Z=3579.34 VP=(1759.27,-1584.24,2929.34)
[SelectTarget] team=2 EnemyN=1 TgtZ=3582.48
[DIST] team=2 EnemyN=1 MyZ=2382.17 TgtZ=3582.48 Dist=2350.78
[ROOT] team=2 status=2 Z=2382.17 VP=(3437.3,-2621.51,2382.17)
[SelectTarget] team=1 EnemyN=1 TgtZ=2169
[DIST] team=1 EnemyN=1 MyZ=3873.3 TgtZ=2169 Dist=2236.4
[ROOT] team=1 status=2 Z=3873.3 VP=(1373.62,-2285.12,3223.3)
[SelectTarget] team=2 EnemyN=1 TgtZ=3873.2
[DIST] team=2 EnemyN=1 MyZ=2169 TgtZ=3873.2 Dist=2233.8
[ROOT] team=2 status=2 Z=2169 VP=(1602.06,-3878.16,6938.85)
[SelectTarget] team=1 EnemyN=1 TgtZ=1962.41
[DIST] team=1 EnemyN=1 MyZ=3614.43 TgtZ=1962.41 Dist=1873.77
[ROOT] team=1 status=2 Z=3614.43 VP=(1548.6,-2989.89,2964.43)
[SelectTarget] team=2 EnemyN=1 TgtZ=3612.1
[DIST] team=2 EnemyN=1 MyZ=1962.41 TgtZ=3612.1 Dist=1870.28
[ROOT] team=2 status=2 Z=1962.41 VP=(2521.25,-4356.94,6739.38)
[CLAMP_DIAG] team=2 rawDist=870.903 offBoresightDeg=119.901 clamped=1
[SelectTarget] team=1 EnemyN=1 TgtZ=1864.6
[DIST] team=1 EnemyN=1 MyZ=3094.26 TgtZ=1864.6 Dist=1574.26
[ROOT] team=1 status=2 Z=3094.26 VP=(2134.34,-3592.38,2444.26)
[SelectTarget] team=2 EnemyN=1 TgtZ=3091.12
[DIST] team=2 EnemyN=1 MyZ=1864.6 TgtZ=3091.12 Dist=1569.85
[ROOT] team=2 status=2 Z=1864.6 VP=(1764.41,-2875.11,2000)
[SelectTarget] team=1 EnemyN=1 TgtZ=1907.43
[DIST] team=1 EnemyN=1 MyZ=2532.08 TgtZ=1907.43 Dist=1310.01
[ROOT] team=1 status=2 Z=2532.08 VP=(3321.55,-4003.26,7319.61)
[SelectTarget] team=2 EnemyN=1 TgtZ=2529.19
[DIST] team=2 EnemyN=1 MyZ=1907.43 TgtZ=2529.19 Dist=1305.82
[ROOT] team=2 status=2 Z=1907.43 VP=(2023.63,-3382.3,2000)
[ONECIRCLE] dist=1187.08 spd=275.277 thr=0.748616
[SelectTarget] team=1 EnemyN=1 TgtZ=2018.65
[DIST] team=1 EnemyN=1 MyZ=2137.22 TgtZ=2018.65 Dist=1063.22
[ROOT] team=1 status=2 Z=2137.22 VP=(4242.97,-3761.59,6907.12)
[SelectTarget] team=2 EnemyN=1 TgtZ=2135.55
[DIST] team=2 EnemyN=1 MyZ=2018.65 TgtZ=2135.55 Dist=1058.86
[ROOT] team=2 status=2 Z=2018.65 VP=(2753.51,-3641.26,2018.65)
[SelectTarget] team=1 EnemyN=1 TgtZ=2110.76
[DIST] team=1 EnemyN=1 MyZ=1942.82 TgtZ=2110.76 Dist=1198.29
[ROOT] team=1 status=2 Z=1942.82 VP=(3501.46,-2419.55,2090.49)
[SelectTarget] team=2 EnemyN=1 TgtZ=1942.13
[DIST] team=2 EnemyN=1 MyZ=2110.76 TgtZ=1942.13 Dist=1196.47
[ROOT] team=2 status=2 Z=2110.76 VP=(3618.3,-3495.01,2110.76)
[SelectTarget] team=1 EnemyN=1 TgtZ=2209.42
[DIST] team=1 EnemyN=1 MyZ=1885.57 TgtZ=2209.42 Dist=1712.87
[ROOT] team=1 status=2 Z=1885.57 VP=(2890.93,-2049.99,2184.84)
[SelectTarget] team=2 EnemyN=1 TgtZ=1885.31
[DIST] team=2 EnemyN=1 MyZ=2209.42 TgtZ=1885.31 Dist=1711.81
[ROOT] team=2 status=2 Z=2209.42 VP=(4245.84,-2857.66,2209.42)
[SelectTarget] team=1 EnemyN=1 TgtZ=2376.24
[DIST] team=1 EnemyN=1 MyZ=1841.42 TgtZ=2376.24 Dist=2141.08
[ROOT] team=1 status=2 Z=1841.42 VP=(2248.7,-2265.69,2337.12)
[SelectTarget] team=2 EnemyN=1 TgtZ=1841.24
[DIST] team=2 EnemyN=1 MyZ=2376.24 TgtZ=1841.24 Dist=2139.78
[ROOT] team=2 status=2 Z=2376.24 VP=(4210.75,-1985.51,2376.24)
[ONECIRCLE] dist=2238.13 spd=230.418 thr=0.972912
[SelectTarget] team=1 EnemyN=1 TgtZ=2634.61
[DIST] team=1 EnemyN=1 MyZ=1840.29 TgtZ=2634.61 Dist=2293.86
[ROOT] team=1 status=2 Z=1840.29 VP=(1999.18,-2837.87,2579.43)
[SelectTarget] team=2 EnemyN=1 TgtZ=1840.53
[DIST] team=2 EnemyN=1 MyZ=2634.61 TgtZ=1840.53 Dist=2291.79
[ROOT] team=2 status=2 Z=2634.61 VP=(3552.33,-1448.81,2634.61)
[SelectTarget] team=1 EnemyN=1 TgtZ=2951.48
[DIST] team=1 EnemyN=1 MyZ=1949.2 TgtZ=2951.48 Dist=2121.07
[ROOT] team=1 status=2 Z=1949.2 VP=(2229.28,-3347.9,2887.55)
[SelectTarget] team=2 EnemyN=1 TgtZ=1950.23
[DIST] team=2 EnemyN=1 MyZ=2951.48 TgtZ=1950.23 Dist=2118.65
[ROOT] team=2 status=2 Z=2951.48 VP=(2745.06,-1592.37,2951.48)
[SelectTarget] team=1 EnemyN=1 TgtZ=3263.52
[DIST] team=1 EnemyN=1 MyZ=2227.14 TgtZ=3263.52 Dist=1681.85
[ROOT] team=1 status=2 Z=2227.14 VP=(2724.53,-3499.91,3202.29)
[SelectTarget] team=2 EnemyN=1 TgtZ=2229.23
[DIST] team=2 EnemyN=1 MyZ=3263.52 TgtZ=2229.23 Dist=1677.7
[ROOT] team=2 status=2 Z=3263.52 VP=(2367.85,-2240.45,3263.52)
[SelectTarget] team=1 EnemyN=1 TgtZ=3518.75
[DIST] team=1 EnemyN=1 MyZ=2685.61 TgtZ=3518.75 Dist=1117.94
[ROOT] team=1 status=2 Z=2685.61 VP=(3176.51,-3246.04,3468.6)
[SelectTarget] team=2 EnemyN=1 TgtZ=2688.49
[DIST] team=2 EnemyN=1 MyZ=3518.75 TgtZ=2688.49 Dist=1113.99
[ROOT] team=2 status=2 Z=3518.75 VP=(2575.06,-2822.78,3518.75)
[ONECIRCLE] dist=906.122 spd=194.098 thr=1
[CLAMP_DIAG] team=2 rawDist=575.535 offBoresightDeg=90.0814 clamped=1
[SelectTarget] team=1 EnemyN=1 TgtZ=3710.38
[DIST] team=1 EnemyN=1 MyZ=3227.7 TgtZ=3710.38 Dist=686.412
[ROOT] team=1 status=2 Z=3227.7 VP=(3348.11,-2738.73,3669.67)
[SelectTarget] team=2 EnemyN=1 TgtZ=3230.69
[DIST] team=2 EnemyN=1 MyZ=3710.38 TgtZ=3230.69 Dist=683.176
[ROOT] team=2 status=2 Z=3710.38 VP=(3033.88,-3007.94,3710.38)
[CLAMP_DIAG] team=1 rawDist=555.623 offBoresightDeg=12.2735 clamped=0
[CLAMP_DIAG] team=2 rawDist=515.784 offBoresightDeg=129.288 clamped=1
[SelectTarget] team=1 EnemyN=1 TgtZ=3898.15
[DIST] team=1 EnemyN=1 MyZ=3696.47 TgtZ=3898.15 Dist=635.659
[ROOT] team=1 status=2 Z=3696.47 VP=(3161.44,-2240.72,3851.58)
[SelectTarget] team=2 EnemyN=1 TgtZ=3698.56
[DIST] team=2 EnemyN=1 MyZ=3898.15 TgtZ=3698.56 Dist=633.348
[ROOT] team=2 status=2 Z=3898.15 VP=(3376.83,-2688.6,3898.15)
[CLAMP_DIAG] team=1 rawDist=542.083 offBoresightDeg=33.8536 clamped=0
[CLAMP_DIAG] team=2 rawDist=653.745 offBoresightDeg=133.359 clamped=1
[SelectTarget] team=1 EnemyN=1 TgtZ=4199.99
[DIST] team=1 EnemyN=1 MyZ=3975.7 TgtZ=4199.99 Dist=727.496
[ROOT] team=1 status=2 Z=3975.7 VP=(2770.49,-1983.73,4118.72)
[SelectTarget] team=2 EnemyN=1 TgtZ=3976.78
[DIST] team=2 EnemyN=1 MyZ=4199.99 TgtZ=3976.78 Dist=725.316
[ROOT] team=2 status=2 Z=4199.99 VP=(3351.04,-2153.23,4199.99)
[CLAMP_DIAG] team=1 rawDist=636.333 offBoresightDeg=34.391 clamped=0
[CLAMP_DIAG] team=2 rawDist=669.419 offBoresightDeg=107.127 clamped=1
[SelectTarget] team=1 EnemyN=1 TgtZ=4636.79
[DIST] team=1 EnemyN=1 MyZ=4137.86 TgtZ=4636.79 Dist=746.52
[ROOT] team=1 status=2 Z=4137.86 VP=(2490.25,-1959.34,4521.99)
[SelectTarget] team=2 EnemyN=1 TgtZ=4138.77
[DIST] team=2 EnemyN=1 MyZ=4636.79 TgtZ=4138.77 Dist=744.549
[ROOT] team=2 status=2 Z=4636.79 VP=(2976.37,-1760.1,4636.79)
[CLAMP_DIAG] team=1 rawDist=653.762 offBoresightDeg=33.9535 clamped=0
[ONECIRCLE] dist=745.163 spd=148.107 thr=1
[CLAMP_DIAG] team=2 rawDist=432.614 offBoresightDeg=71.6962 clamped=0
[SelectTarget] team=1 EnemyN=1 TgtZ=5068.42
[DIST] team=1 EnemyN=1 MyZ=4354.52 TgtZ=5068.42 Dist=762.235
[ROOT] team=1 status=2 Z=4354.52 VP=(2465.19,-1965.83,4957.89)
[SelectTarget] team=2 EnemyN=1 TgtZ=4356.07
[DIST] team=2 EnemyN=1 MyZ=5068.42 TgtZ=4356.07 Dist=760.765
[ROOT] team=2 status=2 Z=5068.42 VP=(2606.58,-1797.66,5068.42)
[CLAMP_DIAG] team=1 rawDist=681.182 offBoresightDeg=42.1391 clamped=0
[CLAMP_DIAG] team=2 rawDist=226.992 offBoresightDeg=40.831 clamped=0
[SelectTarget] team=1 EnemyN=1 TgtZ=5380.61
[DIST] team=1 EnemyN=1 MyZ=4686.15 TgtZ=5380.61 Dist=838.266
[ROOT] team=1 status=2 Z=4686.15 VP=(2493.74,-1920.54,5289.32)
[SelectTarget] team=2 EnemyN=1 TgtZ=4688.2
[DIST] team=2 EnemyN=1 MyZ=5380.61 TgtZ=4688.2 Dist=837.275
[ROOT] team=2 status=2 Z=5380.61 VP=(2177.98,-1778.88,5380.61)
[CLAMP_DIAG] team=1 rawDist=737.29 offBoresightDeg=49.4456 clamped=0
[CLAMP_DIAG] team=2 rawDist=637.664 offBoresightDeg=116.283 clamped=1
[SelectTarget] team=1 EnemyN=1 TgtZ=5597.94
[DIST] team=1 EnemyN=1 MyZ=5069.13 TgtZ=5597.94 Dist=998.949
[ROOT] team=1 status=2 Z=5069.13 VP=(2763.09,-1549.23,5531.26)
[SelectTarget] team=2 EnemyN=1 TgtZ=5071.26
[DIST] team=2 EnemyN=1 MyZ=5597.94 TgtZ=5071.26 Dist=997.82
[ROOT] team=2 status=2 Z=5597.94 VP=(2070.99,-1910.37,5597.94)
[SelectTarget] team=1 EnemyN=1 TgtZ=5810.31
[DIST] team=1 EnemyN=1 MyZ=5432.61 TgtZ=5810.31 Dist=1111.41
[ROOT] team=1 status=2 Z=5432.61 VP=(2793.87,-1226.32,5734.69)
[SelectTarget] team=2 EnemyN=1 TgtZ=5434.46
[DIST] team=2 EnemyN=1 MyZ=5810.31 TgtZ=5434.46 Dist=1110.29
[ROOT] team=2 status=2 Z=5810.31 VP=(2137.38,-1965.39,5810.31)
[ONECIRCLE] dist=1126.28 spd=123.877 thr=1
[SelectTarget] team=1 EnemyN=1 TgtZ=6024.69
[DIST] team=1 EnemyN=1 MyZ=5718.48 TgtZ=6024.69 Dist=1120.66
[ROOT] team=1 status=2 Z=5718.48 VP=(2686.79,-942.953,5945.57)
[SelectTarget] team=2 EnemyN=1 TgtZ=5719.76
[DIST] team=2 EnemyN=1 MyZ=6024.69 TgtZ=5719.76 Dist=1118.71
[ROOT] team=2 status=2 Z=6024.69 VP=(2307.8,-1900.98,6024.69)
[SelectTarget] team=1 EnemyN=1 TgtZ=6230.69
[DIST] team=1 EnemyN=1 MyZ=5891.33 TgtZ=6230.69 Dist=1057.1
[ROOT] team=1 status=2 Z=5891.33 VP=(2476.05,-745.306,6152.29)
[SelectTarget] team=2 EnemyN=1 TgtZ=5891.98
[DIST] team=2 EnemyN=1 MyZ=6230.69 TgtZ=5891.98 Dist=1055.75
[ROOT] team=2 status=2 Z=6230.69 VP=(2502.32,-1702.4,6230.69)
[CLAMP_DIAG] team=2 rawDist=898.95 offBoresightDeg=99.0314 clamped=1
[SelectTarget] team=1 EnemyN=1 TgtZ=6421.27
[DIST] team=1 EnemyN=1 MyZ=5974.94 TgtZ=6421.27 Dist=994.65
[ROOT] team=1 status=2 Z=5974.94 VP=(2204.02,-660.007,6346.02)
[SelectTarget] team=2 EnemyN=1 TgtZ=5975.28
[DIST] team=2 EnemyN=1 MyZ=6421.27 TgtZ=5975.28 Dist=993.722
[ROOT] team=2 status=2 Z=6421.27 VP=(2618.62,-1389.77,6421.27)
[CLAMP_DIAG] team=1 rawDist=908.955 offBoresightDeg=25.0169 clamped=0
[CLAMP_DIAG] team=2 rawDist=831.025 offBoresightDeg=108.091 clamped=1
[SelectTarget] team=1 EnemyN=1 TgtZ=6596.15
[DIST] team=1 EnemyN=1 MyZ=6038.06 TgtZ=6596.15 Dist=1001.49
[ROOT] team=1 status=2 Z=6038.06 VP=(1919.43,-694.928,6524.63)
[SelectTarget] team=2 EnemyN=1 TgtZ=6038.45
[DIST] team=2 EnemyN=1 MyZ=6596.15 TgtZ=6038.45 Dist=1000.55
[ROOT] team=2 status=2 Z=6596.15 VP=(2608.47,-1027.49,6596.15)
[ONECIRCLE] dist=1031.13 spd=112.354 thr=1
[CLAMP_DIAG] team=2 rawDist=889.096 offBoresightDeg=118.903 clamped=1
[SelectTarget] team=1 EnemyN=1 TgtZ=6762.11
[DIST] team=1 EnemyN=1 MyZ=6120.45 TgtZ=6762.11 Dist=1108.06
[ROOT] team=1 status=2 Z=6120.45 VP=(1674.15,-833.826,6688.3)
[SelectTarget] team=2 EnemyN=1 TgtZ=6120.98
[DIST] team=2 EnemyN=1 MyZ=6762.11 TgtZ=6120.98 Dist=1107.3
[ROOT] team=2 status=2 Z=6762.11 VP=(2471.88,-673.262,6762.11)
[SelectTarget] team=1 EnemyN=1 TgtZ=6931.03
[DIST] team=1 EnemyN=1 MyZ=6232.46 TgtZ=6931.03 Dist=1292.79
[ROOT] team=1 status=2 Z=6232.46 VP=(1498.58,-1029.18,6842.09)
[SelectTarget] team=2 EnemyN=1 TgtZ=6233.17
[DIST] team=2 EnemyN=1 MyZ=6931.03 TgtZ=6233.17 Dist=1292.17
[ROOT] team=2 status=2 Z=6931.03 VP=(2222.38,-383.44,6931.03)
[SelectTarget] team=1 EnemyN=1 TgtZ=7116.25
[DIST] team=1 EnemyN=1 MyZ=6371.2 TgtZ=7116.25 Dist=1498.17
[ROOT] team=1 status=2 Z=6371.2 VP=(1385.41,-1260.88,7007.08)
[SelectTarget] team=2 EnemyN=1 TgtZ=6372.03
[DIST] team=2 EnemyN=1 MyZ=7116.25 TgtZ=6372.03 Dist=1498.22
[ROOT] team=2 status=2 Z=7116.25 VP=(1890,-202.301,7116.25)
[SelectTarget] team=1 EnemyN=1 TgtZ=7321.34
[DIST] team=1 EnemyN=1 MyZ=6526.37 TgtZ=7321.34 Dist=1668.59
[ROOT] team=1 status=2 Z=6526.37 VP=(1329.47,-1494.56,7192.91)
[SelectTarget] team=2 EnemyN=1 TgtZ=6527.26
[DIST] team=2 EnemyN=1 MyZ=7321.34 TgtZ=6527.26 Dist=1667.93
[ROOT] team=2 status=2 Z=7321.34 VP=(1519.98,-160.706,7321.34)
[ONECIRCLE] dist=1716.72 spd=95.7373 thr=1
[SelectTarget] team=1 EnemyN=1 TgtZ=7539.4
[DIST] team=1 EnemyN=1 MyZ=6685.74 TgtZ=7539.4 Dist=1763.03
[ROOT] team=1 status=2 Z=6685.74 VP=(1315.3,-1702.94,7398.54)
[SelectTarget] team=2 EnemyN=1 TgtZ=6686.62
[DIST] team=2 EnemyN=1 MyZ=7539.4 TgtZ=6686.62 Dist=1762.81
[ROOT] team=2 status=2 Z=7539.4 VP=(1165.61,-265.364,7539.4)
[SelectTarget] team=1 EnemyN=1 TgtZ=7758.4
[DIST] team=1 EnemyN=1 MyZ=6839.95 TgtZ=7758.4 Dist=1760.22
[ROOT] team=1 status=2 Z=6839.95 VP=(1321.95,-1870.92,7621.42)
[SelectTarget] team=2 EnemyN=1 TgtZ=6840.79
[DIST] team=2 EnemyN=1 MyZ=7758.4 TgtZ=6840.79 Dist=1758.06
[ROOT] team=2 status=2 Z=7758.4 VP=(881.017,-505.541,7758.4)
[SelectTarget] team=1 EnemyN=1 TgtZ=7965.77
[DIST] team=1 EnemyN=1 MyZ=6987.31 TgtZ=7965.77 Dist=1659.32
[ROOT] team=1 status=2 Z=6987.31 VP=(1331.38,-1998.14,7850.37)
[SelectTarget] team=2 EnemyN=1 TgtZ=6988.12
[DIST] team=2 EnemyN=1 MyZ=7965.77 TgtZ=6988.12 Dist=1658.05
[ROOT] team=2 status=2 Z=7965.77 VP=(712.289,-839.642,7965.77)
[SelectTarget] team=1 EnemyN=1 TgtZ=8149.8
[DIST] team=1 EnemyN=1 MyZ=7137.67 TgtZ=8149.8 Dist=1474.8
[ROOT] team=1 status=2 Z=7137.67 VP=(1329.66,-2068.53,8032.22)
[SelectTarget] team=2 EnemyN=1 TgtZ=7138.54
[DIST] team=2 EnemyN=1 MyZ=8149.8 TgtZ=7138.54 Dist=1472.45
[ROOT] team=2 status=2 Z=8149.8 VP=(684.379,-1214,8149.8)
[ONECIRCLE] dist=1379.7 spd=55.9196 thr=1
[SelectTarget] team=1 EnemyN=1 TgtZ=8299.98
[DIST] team=1 EnemyN=1 MyZ=7311.47 TgtZ=8299.98 Dist=1227.41
[ROOT] team=1 status=2 Z=7311.47 VP=(1300.94,-2106.07,8189.28)
[SelectTarget] team=2 EnemyN=1 TgtZ=7312.56
[DIST] team=2 EnemyN=1 MyZ=8299.98 TgtZ=7312.56 Dist=1225
[ROOT] team=2 status=2 Z=8299.98 VP=(784.178,-1558.83,8299.98)
[CLAMP_DIAG] team=2 rawDist=614.769 offBoresightDeg=59.5149 clamped=0
[CLAMP_DIAG] team=1 rawDist=894.955 offBoresightDeg=4.35687 clamped=0
[SelectTarget] team=1 EnemyN=1 TgtZ=8405.15
[DIST] team=1 EnemyN=1 MyZ=7535.02 TgtZ=8405.15 Dist=942.057
[ROOT] team=1 status=2 Z=7535.02 VP=(1232.81,-2125.43,8316.41)
[SelectTarget] team=2 EnemyN=1 TgtZ=7536.41
[DIST] team=2 EnemyN=1 MyZ=8405.15 TgtZ=7536.41 Dist=940.17
[ROOT] team=2 status=2 Z=8405.15 VP=(946.14,-1825.84,8405.15)
[CLAMP_DIAG] team=2 rawDist=271.401 offBoresightDeg=25.221 clamped=0
[CLAMP_DIAG] team=1 rawDist=616.076 offBoresightDeg=7.46701 clamped=0
[SelectTarget] team=1 EnemyN=1 TgtZ=8449.54
[DIST] team=1 EnemyN=1 MyZ=7801.94 TgtZ=8449.54 Dist=659.83
[ROOT] team=1 status=2 Z=7801.94 VP=(1102.42,-2135.68,8397.01)
[SelectTarget] team=2 EnemyN=1 TgtZ=7803.48
[DIST] team=2 EnemyN=1 MyZ=8449.54 TgtZ=7803.48 Dist=658.377
[ROOT] team=2 status=2 Z=8449.54 VP=(711.153,-2046.22,8449.54)
[CLAMP_DIAG] team=2 rawDist=299.916 offBoresightDeg=1.358 clamped=0
[CLAMP_DIAG] team=1 rawDist=431.533 offBoresightDeg=35.0014 clamped=0
[SelectTarget] team=1 EnemyN=1 TgtZ=8414.27
[DIST] team=1 EnemyN=1 MyZ=8071.07 TgtZ=8414.27 Dist=512.201
[ROOT] team=1 status=2 Z=8071.07 VP=(906.321,-2100.14,8411.52)
[SelectTarget] team=2 EnemyN=1 TgtZ=8072.5
[DIST] team=2 EnemyN=1 MyZ=8414.27 TgtZ=8072.5 Dist=511.243
[ROOT] team=2 status=2 Z=8414.27 VP=(1164.34,-2146.53,8414.27)
[CLAMP_DIAG] team=2 rawDist=470.649 offBoresightDeg=160.035 clamped=1
[ONECIRCLE] dist=539.351 spd=95.3257 thr=1
[CLAMP_DIAG] team=1 rawDist=561.166 offBoresightDeg=73.028 clamped=0
[SelectTarget] team=1 EnemyN=1 TgtZ=8288.66
[DIST] team=1 EnemyN=1 MyZ=8315.99 TgtZ=8288.66 Dist=675.333
[ROOT] team=1 status=2 Z=8315.99 VP=(637.185,-2042.78,8331.61)
[SelectTarget] team=2 EnemyN=1 TgtZ=8317.27
[DIST] team=2 EnemyN=1 MyZ=8288.66 TgtZ=8317.27 Dist=675.386
[ROOT] team=2 status=2 Z=8288.66 VP=(1172.38,-2241.79,8288.66)
[CLAMP_DIAG] team=2 rawDist=756.225 offBoresightDeg=122.708 clamped=1
[SelectTarget] team=1 EnemyN=1 TgtZ=8017.27
[DIST] team=1 EnemyN=1 MyZ=8522.66 TgtZ=8017.27 Dist=1033.12
[ROOT] team=1 status=2 Z=8522.66 VP=(322.497,-2036.81,8108.95)
[SelectTarget] team=2 EnemyN=1 TgtZ=8523.66
[DIST] team=2 EnemyN=1 MyZ=8017.27 TgtZ=8523.66 Dist=1033.6
[ROOT] team=2 status=2 Z=8017.27 VP=(1113.18,-2322.3,8017.27)
[SelectTarget] team=1 EnemyN=1 TgtZ=7573.25
[DIST] team=1 EnemyN=1 MyZ=8669.86 TgtZ=7573.25 Dist=1441.14
[ROOT] team=1 status=2 Z=8669.86 VP=(100.898,-2129.63,8019.86)
[SelectTarget] team=2 EnemyN=1 TgtZ=8670.47
[DIST] team=2 EnemyN=1 MyZ=7573.25 TgtZ=8670.47 Dist=1441.07
[ROOT] team=2 status=2 Z=7573.25 VP=(985.89,-2396.1,7573.25)
[CLAMP_DIAG] team=2 rawDist=873.07 offBoresightDeg=68.6361 clamped=0
[SelectTarget] team=1 EnemyN=1 TgtZ=7029.66
[DIST] team=1 EnemyN=1 MyZ=8730.52 TgtZ=7029.66 Dist=1823.45
[ROOT] team=1 status=2 Z=8730.52 VP=(101.586,-2330.23,8080.52)
[SelectTarget] team=2 EnemyN=1 TgtZ=8730.55
[DIST] team=2 EnemyN=1 MyZ=7029.66 TgtZ=8730.55 Dist=1822.87
[ROOT] team=2 status=2 Z=7029.66 VP=(789.253,-2460.5,7029.66)
[CLAMP_DIAG] team=1 rawDist=903.713 offBoresightDeg=36.4071 clamped=0
[CLAMP_DIAG] team=2 rawDist=463.145 offBoresightDeg=43.4241 clamped=0
[ONECIRCLE] dist=1954.42 spd=220.901 thr=1
[SelectTarget] team=1 EnemyN=1 TgtZ=6543.72
[DIST] team=1 EnemyN=1 MyZ=8659.56 TgtZ=6543.72 Dist=2118.64
[ROOT] team=1 status=2 Z=8659.56 VP=(422.962,-2575.05,8009.56)
[SelectTarget] team=2 EnemyN=1 TgtZ=8658.69
[DIST] team=2 EnemyN=1 MyZ=6543.72 TgtZ=8658.69 Dist=2117.76
[ROOT] team=2 status=2 Z=6543.72 VP=(787.538,-2691.9,6543.72)
[CLAMP_DIAG] team=1 rawDist=658.594 offBoresightDeg=42.8952 clamped=0
[CLAMP_DIAG] team=2 rawDist=330.261 offBoresightDeg=164.588 clamped=1
[SelectTarget] team=1 EnemyN=1 TgtZ=6264.68
[DIST] team=1 EnemyN=1 MyZ=8406.88 TgtZ=6264.68 Dist=2316.55
[ROOT] team=1 status=2 Z=8406.88 VP=(1024.45,-2789.52,7756.88)
[SelectTarget] team=2 EnemyN=1 TgtZ=8404.93
[DIST] team=2 EnemyN=1 MyZ=6264.68 TgtZ=8404.93 Dist=2315.21
[ROOT] team=2 status=2 Z=6264.68 VP=(294.488,-2542.35,6264.68)
[SelectTarget] team=1 EnemyN=1 TgtZ=5722.08
[DIST] team=1 EnemyN=1 MyZ=7970.73 TgtZ=5722.08 Dist=2708.14
[ROOT] team=1 status=2 Z=7970.73 VP=(1662.65,-3346.06,7320.73)
[SelectTarget] team=2 EnemyN=1 TgtZ=7967.9
[DIST] team=2 EnemyN=1 MyZ=5722.08 TgtZ=7967.9 Dist=2705.66
[ROOT] team=2 status=2 Z=5722.08 VP=(159.167,-2609.44,5722.08)
runner:local/env:0	num_steps=[11999] | total rewards=[66.3732] | termination= [max time out]
[seed 3] reward=    66.37 ownHP=1.0000 tgtHP=1.0000 max time out
total: 2
[SelectTarget] team=1 EnemyN=1 TgtZ=7004.76
[DIST] team=1 EnemyN=1 MyZ=8178.99 TgtZ=7004.76 Dist=3412.49
[ROOT] team=1 status=2 Z=8178.99 VP=(4819.77,98.4647,7528.99)
[SelectTarget] team=2 EnemyN=1 TgtZ=8177.91
[DIST] team=2 EnemyN=1 MyZ=7004.76 TgtZ=8177.91 Dist=3413.01
[ROOT] team=2 status=2 Z=7004.76 VP=(2926.05,1587.62,7004.76)
[ONECIRCLE] dist=3125.67 spd=297.038 thr=0.639812
[SelectTarget] team=1 EnemyN=1 TgtZ=6978.46
[DIST] team=1 EnemyN=1 MyZ=7900.49 TgtZ=6978.46 Dist=2615.93
[ROOT] team=1 status=2 Z=7900.49 VP=(3924.02,266.532,7250.49)
[SelectTarget] team=2 EnemyN=1 TgtZ=7898.34
[DIST] team=2 EnemyN=1 MyZ=6978.46 TgtZ=7898.34 Dist=2615.69
[ROOT] team=2 status=2 Z=6978.46 VP=(2482.45,834.888,6978.46)
[SelectTarget] team=1 EnemyN=1 TgtZ=6916.39
[DIST] team=1 EnemyN=1 MyZ=7414.76 TgtZ=6916.39 Dist=1670.1
[ROOT] team=1 status=2 Z=7414.76 VP=(4145.11,305,6922.34)
[SelectTarget] team=2 EnemyN=1 TgtZ=7411.57
[DIST] team=2 EnemyN=1 MyZ=6916.39 TgtZ=7411.57 Dist=1669.1
[ROOT] team=2 status=2 Z=6916.39 VP=(2396.18,29.8257,6916.39)
[SelectTarget] team=1 EnemyN=1 TgtZ=6834.45
[DIST] team=1 EnemyN=1 MyZ=6761.36 TgtZ=6834.45 Dist=872.115
[ROOT] team=1 status=2 Z=6761.36 VP=(2512.23,-323.671,6574.04)
[SelectTarget] team=2 EnemyN=1 TgtZ=6757.19
[DIST] team=2 EnemyN=1 MyZ=6834.45 TgtZ=6757.19 Dist=873.645
[ROOT] team=2 status=2 Z=6834.45 VP=(2698.54,-642.401,6834.45)
[CLAMP_DIAG] team=2 rawDist=783.758 offBoresightDeg=36.8878 clamped=0
[CLAMP_DIAG] team=1 rawDist=500.096 offBoresightDeg=121.106 clamped=1
[SelectTarget] team=1 EnemyN=1 TgtZ=6696.19
[DIST] team=1 EnemyN=1 MyZ=5859.93 TgtZ=6696.19 Dist=1139.72
[ROOT] team=1 status=2 Z=5859.93 VP=(2155.15,-1205.5,6270.59)
[SelectTarget] team=2 EnemyN=1 TgtZ=5854.27
[DIST] team=2 EnemyN=1 MyZ=6696.19 TgtZ=5854.27 Dist=1144.92
[ROOT] team=2 status=2 Z=6696.19 VP=(3039.8,-995.287,6696.19)
[CLAMP_DIAG] team=2 rawDist=791.33 offBoresightDeg=73.1109 clamped=0
[ONECIRCLE] dist=1413.61 spd=290.35 thr=0.67325
[SelectTarget] team=1 EnemyN=1 TgtZ=6467.77
[DIST] team=1 EnemyN=1 MyZ=4872.52 TgtZ=6467.77 Dist=1722.62
[ROOT] team=1 status=2 Z=4872.52 VP=(2355.43,-1961.84,5810.71)
[SelectTarget] team=2 EnemyN=1 TgtZ=4867.61
[DIST] team=2 EnemyN=1 MyZ=6467.77 TgtZ=4867.61 Dist=1726.36
[ROOT] team=2 status=2 Z=6467.77 VP=(2886.72,-1349.51,6467.77)
[CLAMP_DIAG] team=2 rawDist=526.612 offBoresightDeg=71.0875 clamped=0
[SelectTarget] team=1 EnemyN=1 TgtZ=6162.35
[DIST] team=1 EnemyN=1 MyZ=4209.22 TgtZ=6162.35 Dist=1955.64
[ROOT] team=1 status=2 Z=4209.22 VP=(2898.05,-2783.91,6014.83)
[SelectTarget] team=2 EnemyN=1 TgtZ=4206.95
[DIST] team=2 EnemyN=1 MyZ=6162.35 TgtZ=4206.95 Dist=1957.96
[ROOT] team=2 status=2 Z=6162.35 VP=(2610.63,-2290.68,6162.35)
[CLAMP_DIAG] team=2 rawDist=311.309 offBoresightDeg=119.982 clamped=1
[SelectTarget] team=1 EnemyN=1 TgtZ=5999.17
[DIST] team=1 EnemyN=1 MyZ=4064.24 TgtZ=5999.17 Dist=2126.79
[ROOT] team=1 status=2 Z=4064.24 VP=(2903.26,-3604.8,5330.67)
[SelectTarget] team=2 EnemyN=1 TgtZ=4064.8
[DIST] team=2 EnemyN=1 MyZ=5999.17 TgtZ=4064.8 Dist=2127.23
[ROOT] team=2 status=2 Z=5999.17 VP=(1921.29,-2930.12,5999.17)
[SelectTarget] team=1 EnemyN=1 TgtZ=5776.54
[DIST] team=1 EnemyN=1 MyZ=4370.89 TgtZ=5776.54 Dist=1702.66
[ROOT] team=1 status=2 Z=4370.89 VP=(2784.16,-3516.74,5812.64)
[SelectTarget] team=2 EnemyN=1 TgtZ=4373.61
[DIST] team=2 EnemyN=1 MyZ=5776.54 TgtZ=4373.61 Dist=1700.85
[ROOT] team=2 status=2 Z=5776.54 VP=(1810.5,-3854.6,5776.54)
[CLAMP_DIAG] team=2 rawDist=832.656 offBoresightDeg=41.2322 clamped=0
[ONECIRCLE] dist=1327.62 spd=294.465 thr=0.652673
[SelectTarget] team=1 EnemyN=1 TgtZ=5512.54
[DIST] team=1 EnemyN=1 MyZ=4965.41 TgtZ=5512.54 Dist=620.718
[ROOT] team=1 status=2 Z=4965.41 VP=(2388.17,-4226.55,5559.89)
[SelectTarget] team=2 EnemyN=1 TgtZ=4969.11
[DIST] team=2 EnemyN=1 MyZ=5512.54 TgtZ=4969.11 Dist=617.246
[ROOT] team=2 status=2 Z=5512.54 VP=(2024.39,-4509.66,5512.54)
[CLAMP_DIAG] team=1 rawDist=436.309 offBoresightDeg=43.3755 clamped=0
[CLAMP_DIAG] team=2 rawDist=299.842 offBoresightDeg=1.862 clamped=0
[SelectTarget] team=1 EnemyN=1 TgtZ=5401.93
[DIST] team=1 EnemyN=1 MyZ=5675.46 TgtZ=5401.93 Dist=866.89
[ROOT] team=1 status=2 Z=5675.46 VP=(1028.86,-5590.81,5242.01)
[SelectTarget] team=2 EnemyN=1 TgtZ=5679.61
[DIST] team=2 EnemyN=1 MyZ=5401.93 TgtZ=5679.61 Dist=869.532
[ROOT] team=2 status=2 Z=5401.93 VP=(2386.88,-4728.09,5401.93)
[SelectTarget] team=1 EnemyN=1 TgtZ=5267.89
[DIST] team=1 EnemyN=1 MyZ=6350.03 TgtZ=5267.89 Dist=1778.72
[ROOT] team=1 status=2 Z=6350.03 VP=(1204.63,-5516.69,5700.03)
[SelectTarget] team=2 EnemyN=1 TgtZ=6353.06
[DIST] team=2 EnemyN=1 MyZ=5267.89 TgtZ=6353.06 Dist=1779.05
[ROOT] team=2 status=2 Z=5267.89 VP=(2438.05,-5038.04,5267.89)
[SelectTarget] team=1 EnemyN=1 TgtZ=4948.77
[DIST] team=1 EnemyN=1 MyZ=6708.68 TgtZ=4948.77 Dist=2178.44
[ROOT] team=1 status=2 Z=6708.68 VP=(1214.83,-6320.42,6058.68)
[SelectTarget] team=2 EnemyN=1 TgtZ=6709.5
[DIST] team=2 EnemyN=1 MyZ=4948.77 TgtZ=6709.5 Dist=2177.1
[ROOT] team=2 status=2 Z=4948.77 VP=(2143.3,-5514.37,4948.77)
[ONECIRCLE] dist=2256.26 spd=294.054 thr=0.654731
[SelectTarget] team=1 EnemyN=1 TgtZ=4459.84
[DIST] team=1 EnemyN=1 MyZ=6617.61 TgtZ=4459.84 Dist=2352.09
[ROOT] team=1 status=2 Z=6617.61 VP=(1679.09,-6873.66,5967.61)
[SelectTarget] team=2 EnemyN=1 TgtZ=6615.96
[DIST] team=2 EnemyN=1 MyZ=4459.84 TgtZ=6615.96 Dist=2349.54
[ROOT] team=2 status=2 Z=4459.84 VP=(1729.73,-5994.72,4459.84)
[CLAMP_DIAG] team=2 rawDist=883.549 offBoresightDeg=101.774 clamped=1
[SelectTarget] team=1 EnemyN=1 TgtZ=3821.17
[DIST] team=1 EnemyN=1 MyZ=6219.38 TgtZ=3821.17 Dist=2549.5
[ROOT] team=1 status=2 Z=6219.38 VP=(2542.83,-6882.79,5569.38)
[SelectTarget] team=2 EnemyN=1 TgtZ=6216.75
[DIST] team=2 EnemyN=1 MyZ=3821.17 TgtZ=6216.75 Dist=2546.51
[ROOT] team=2 status=2 Z=3821.17 VP=(1603.71,-6526.06,3821.17)
[CLAMP_DIAG] team=2 rawDist=872.844 offBoresightDeg=101.572 clamped=1
[SelectTarget] team=1 EnemyN=1 TgtZ=3023.13
[DIST] team=1 EnemyN=1 MyZ=5706.97 TgtZ=3023.13 Dist=2816.63
[ROOT] team=1 status=2 Z=5706.97 VP=(2340.09,-6313.09,5056.97)
[SelectTarget] team=2 EnemyN=1 TgtZ=5703.91
[DIST] team=2 EnemyN=1 MyZ=3023.13 TgtZ=5703.91 Dist=2813.39
[ROOT] team=2 status=2 Z=3023.13 VP=(2505.77,-5531.22,7930.27)
[SelectTarget] team=1 EnemyN=1 TgtZ=2309.65
[DIST] team=1 EnemyN=1 MyZ=5108.52 TgtZ=2309.65 Dist=3001.48
[ROOT] team=1 status=2 Z=5108.52 VP=(2247.54,-4918.68,4458.52)
[SelectTarget] team=2 EnemyN=1 TgtZ=5105.11
[DIST] team=2 EnemyN=1 MyZ=2309.65 TgtZ=5105.11 Dist=2997.73
[ROOT] team=2 status=2 Z=2309.65 VP=(2116.57,-4376.35,7081.31)
[SelectTarget] team=1 EnemyN=1 TgtZ=2021.64
[DIST] team=1 EnemyN=1 MyZ=4547.91 TgtZ=2021.64 Dist=2957.07
[ROOT] team=1 status=2 Z=4547.91 VP=(1544.96,-4088.41,3897.91)
[SelectTarget] team=2 EnemyN=1 TgtZ=4545.21
[DIST] team=2 EnemyN=1 MyZ=2021.64 TgtZ=4545.21 Dist=2952.8
[ROOT] team=2 status=2 Z=2021.64 VP=(2585.63,-6374.44,2021.64)
[SelectTarget] team=1 EnemyN=1 TgtZ=1893.9
[DIST] team=1 EnemyN=1 MyZ=4174.31 TgtZ=1893.9 Dist=2876.66
[ROOT] team=1 status=2 Z=4174.31 VP=(812.606,-3519.7,3524.31)
[SelectTarget] team=2 EnemyN=1 TgtZ=4172.71
[DIST] team=2 EnemyN=1 MyZ=1893.9 TgtZ=4172.71 Dist=2872.51
[ROOT] team=2 status=2 Z=1893.9 VP=(2364.04,-5644.52,2000)
[ONECIRCLE] dist=2744.51 spd=326.721 thr=0.491396
[SelectTarget] team=1 EnemyN=1 TgtZ=1866.38
[DIST] team=1 EnemyN=1 MyZ=3897.82 TgtZ=1866.38 Dist=2663.13
[ROOT] team=1 status=2 Z=3897.82 VP=(-280.8,-3681.05,3247.82)
[SelectTarget] team=2 EnemyN=1 TgtZ=3896.28
[DIST] team=2 EnemyN=1 MyZ=1866.38 TgtZ=3896.28 Dist=2658.9
[ROOT] team=2 status=2 Z=1866.38 VP=(1776.25,-5013.89,2000)
[SelectTarget] team=1 EnemyN=1 TgtZ=1876.9
[DIST] team=1 EnemyN=1 MyZ=3573.35 TgtZ=1876.9 Dist=2150.54
[ROOT] team=1 status=2 Z=3573.35 VP=(-47.3862,-3839.96,2923.35)
[SelectTarget] team=2 EnemyN=1 TgtZ=3571.02
[DIST] team=2 EnemyN=1 MyZ=1876.9 TgtZ=3571.02 Dist=2145.63
[ROOT] team=2 status=2 Z=1876.9 VP=(988.005,-4556.35,2000)
[SelectTarget] team=1 EnemyN=1 TgtZ=1831.66
[DIST] team=1 EnemyN=1 MyZ=3046.23 TgtZ=1831.66 Dist=1552.94
[ROOT] team=1 status=2 Z=3046.23 VP=(-523.686,-4521.75,2396.23)
[SelectTarget] team=2 EnemyN=1 TgtZ=3042.79
[DIST] team=2 EnemyN=1 MyZ=1831.66 TgtZ=3042.79 Dist=1548.24
[ROOT] team=2 status=2 Z=1831.66 VP=(242.897,-4149.79,2000)
[SelectTarget] team=1 EnemyN=1 TgtZ=1917.04
[DIST] team=1 EnemyN=1 MyZ=2439.87 TgtZ=1917.04 Dist=1328.02
[ROOT] team=1 status=2 Z=2439.87 VP=(-1981.32,-4702.99,7215.33)
[SelectTarget] team=2 EnemyN=1 TgtZ=2437.2
[DIST] team=2 EnemyN=1 MyZ=1917.04 TgtZ=2437.2 Dist=1326.44
[ROOT] team=2 status=2 Z=1917.04 VP=(-567.334,-4278.6,2000)
[ONECIRCLE] dist=1990 spd=264.937 thr=0.800317
[SelectTarget] team=1 EnemyN=1 TgtZ=2152.96
[DIST] team=1 EnemyN=1 MyZ=2112.33 TgtZ=2152.96 Dist=2085.93
[ROOT] team=1 status=2 Z=2112.33 VP=(1116.61,-5553.55,2221.67)
[SelectTarget] team=2 EnemyN=1 TgtZ=2111.07
[DIST] team=2 EnemyN=1 MyZ=2152.96 TgtZ=2111.07 Dist=2088.39
[ROOT] team=2 status=2 Z=2152.96 VP=(-1468.06,-4703.94,2152.96)
[SelectTarget] team=1 EnemyN=1 TgtZ=2565.89
[DIST] team=1 EnemyN=1 MyZ=1955.19 TgtZ=2565.89 Dist=2978.81
[ROOT] team=1 status=2 Z=1955.19 VP=(1063.44,-4692.39,2640.39)
[SelectTarget] team=2 EnemyN=1 TgtZ=1954.64
[DIST] team=2 EnemyN=1 MyZ=2565.89 TgtZ=1954.64 Dist=2980.44
[ROOT] team=2 status=2 Z=2565.89 VP=(-2087.15,-5519.74,2565.89)
[SelectTarget] team=1 EnemyN=1 TgtZ=3031.84
[DIST] team=1 EnemyN=1 MyZ=1882.04 TgtZ=3031.84 Dist=3423.71
[ROOT] team=1 status=2 Z=1882.04 VP=(380.992,-4375.49,3018.06)
[SelectTarget] team=2 EnemyN=1 TgtZ=1881.88
[DIST] team=2 EnemyN=1 MyZ=3031.84 TgtZ=1881.88 Dist=3424.17
[ROOT] team=2 status=2 Z=3031.84 VP=(-2034.72,-6524.72,3031.84)
[SelectTarget] team=1 EnemyN=1 TgtZ=3400.31
[DIST] team=1 EnemyN=1 MyZ=1920.52 TgtZ=3400.31 Dist=3352.04
[ROOT] team=1 status=2 Z=1920.52 VP=(-331.819,-4628.31,3157.07)
[SelectTarget] team=2 EnemyN=1 TgtZ=1921.14
[DIST] team=2 EnemyN=1 MyZ=3400.31 TgtZ=1921.14 Dist=3350.95
[ROOT] team=2 status=2 Z=3400.31 VP=(-1340.78,-7222.44,3400.31)
[ONECIRCLE] dist=2907.71 spd=201.043 thr=1
[SelectTarget] team=1 EnemyN=1 TgtZ=3609.22
[DIST] team=1 EnemyN=1 MyZ=2105.47 TgtZ=3609.22 Dist=2841.82
[ROOT] team=1 status=2 Z=2105.47 VP=(-689.104,-5277.98,3153.07)
[SelectTarget] team=2 EnemyN=1 TgtZ=2106.89
[DIST] team=2 EnemyN=1 MyZ=3609.22 TgtZ=2106.89 Dist=2839.4
[ROOT] team=2 status=2 Z=3609.22 VP=(-406.641,-7286.85,3609.22)
[SelectTarget] team=1 EnemyN=1 TgtZ=3681.81
[DIST] team=1 EnemyN=1 MyZ=2424.86 TgtZ=3681.81 Dist=2031.07
[ROOT] team=1 status=2 Z=2424.86 VP=(-423.254,-5228.11,3669.92)
[SelectTarget] team=2 EnemyN=1 TgtZ=2427
[DIST] team=2 EnemyN=1 MyZ=3681.81 TgtZ=2427 Dist=2027.7
[ROOT] team=2 status=2 Z=3681.81 VP=(259.389,-6746.12,3681.81)
[SelectTarget] team=1 EnemyN=1 TgtZ=3675.14
[DIST] team=1 EnemyN=1 MyZ=2867.6 TgtZ=3675.14 Dist=1161.39
[ROOT] team=1 status=2 Z=2867.6 VP=(-541.177,-5820.09,3672.61)
[SelectTarget] team=2 EnemyN=1 TgtZ=2870.35
[DIST] team=2 EnemyN=1 MyZ=3675.14 TgtZ=2870.35 Dist=1157.99
[ROOT] team=2 status=2 Z=3675.14 VP=(312.248,-6014.85,3675.14)
[CLAMP_DIAG] team=2 rawDist=697.815 offBoresightDeg=75.3394 clamped=1
[SelectTarget] team=1 EnemyN=1 TgtZ=3636.86
[DIST] team=1 EnemyN=1 MyZ=3390.83 TgtZ=3636.86 Dist=839.516
[ROOT] team=1 status=2 Z=3390.83 VP=(-255.291,-6369.75,3637.39)
[SelectTarget] team=2 EnemyN=1 TgtZ=3393.77
[DIST] team=2 EnemyN=1 MyZ=3636.86 TgtZ=3393.77 Dist=838.583
[ROOT] team=2 status=2 Z=3636.86 VP=(-145.727,-5641.84,3636.86)
[CLAMP_DIAG] team=1 rawDist=782.679 offBoresightDeg=65.1991 clamped=0
[ONECIRCLE] dist=1276.72 spd=219.151 thr=1
[SelectTarget] team=1 EnemyN=1 TgtZ=3579.41
[DIST] team=1 EnemyN=1 MyZ=3863.74 TgtZ=3579.41 Dist=1336.28
[ROOT] team=1 status=2 Z=3863.74 VP=(326.899,-6617.81,3583.2)
[SelectTarget] team=2 EnemyN=1 TgtZ=3865.92
[DIST] team=2 EnemyN=1 MyZ=3579.41 TgtZ=3865.92 Dist=1336.95
[ROOT] team=2 status=2 Z=3579.41 VP=(-628.651,-5872.62,3579.41)
[SelectTarget] team=1 EnemyN=1 TgtZ=3492.88
[DIST] team=1 EnemyN=1 MyZ=4150.07 TgtZ=3492.88 Dist=1911.7
[ROOT] team=1 status=2 Z=4150.07 VP=(943.515,-6421.45,3502.62)
[SelectTarget] team=2 EnemyN=1 TgtZ=4151.03
[DIST] team=2 EnemyN=1 MyZ=3492.88 TgtZ=4151.03 Dist=1911.41
[ROOT] team=2 status=2 Z=3492.88 VP=(-759.743,-6463,3492.88)
[SelectTarget] team=1 EnemyN=1 TgtZ=3358.44
[DIST] team=1 EnemyN=1 MyZ=4211.48 TgtZ=3358.44 Dist=2338.04
[ROOT] team=1 status=2 Z=4211.48 VP=(1274.75,-5849.44,3561.48)
[SelectTarget] team=2 EnemyN=1 TgtZ=4211.23
[DIST] team=2 EnemyN=1 MyZ=3358.44 TgtZ=4211.23 Dist=2337.56
[ROOT] team=2 status=2 Z=3358.44 VP=(-457.387,-7038.62,3358.44)
[SelectTarget] team=1 EnemyN=1 TgtZ=3163.2
[DIST] team=1 EnemyN=1 MyZ=4085.51 TgtZ=3163.2 Dist=2521.54
[ROOT] team=1 status=2 Z=4085.51 VP=(547.839,-4886.02,3435.51)
[SelectTarget] team=2 EnemyN=1 TgtZ=4084.42
[DIST] team=2 EnemyN=1 MyZ=3163.2 TgtZ=4084.42 Dist=2519.79
[ROOT] team=2 status=2 Z=3163.2 VP=(141.829,-7285.51,3163.2)
[ONECIRCLE] dist=2407.13 spd=245.336 thr=0.898318
[SelectTarget] team=1 EnemyN=1 TgtZ=2917.22
[DIST] team=1 EnemyN=1 MyZ=3838.04 TgtZ=2917.22 Dist=2377.72
[ROOT] team=1 status=2 Z=3838.04 VP=(526.067,-4889.3,3188.04)
[SelectTarget] team=2 EnemyN=1 TgtZ=3836.45
[DIST] team=2 EnemyN=1 MyZ=2917.22 TgtZ=3836.45 Dist=2376.22
[ROOT] team=2 status=2 Z=2917.22 VP=(738.085,-7056.06,2917.22)
[SelectTarget] team=1 EnemyN=1 TgtZ=2661.17
[DIST] team=1 EnemyN=1 MyZ=3532.17 TgtZ=2661.17 Dist=1880.42
[ROOT] team=1 status=2 Z=3532.17 VP=(-96.7152,-5146.08,2882.17)
[SelectTarget] team=2 EnemyN=1 TgtZ=3530.37
[DIST] team=2 EnemyN=1 MyZ=2661.17 TgtZ=3530.37 Dist=1877.6
[ROOT] team=2 status=2 Z=2661.17 VP=(967.707,-6449.58,2661.17)
[SelectTarget] team=1 EnemyN=1 TgtZ=2440.61
[DIST] team=1 EnemyN=1 MyZ=3166.54 TgtZ=2440.61 Dist=1164.38
[ROOT] team=1 status=2 Z=3166.54 VP=(-290.614,-5814.44,2584.35)
[SelectTarget] team=2 EnemyN=1 TgtZ=3164.14
[DIST] team=2 EnemyN=1 MyZ=2440.61 TgtZ=3164.14 Dist=1160.61
[ROOT] team=2 status=2 Z=2440.61 VP=(639.555,-5888.72,2440.61)
[CLAMP_DIAG] team=2 rawDist=836.333 offBoresightDeg=65.6926 clamped=0
[CLAMP_DIAG] team=1 rawDist=629.921 offBoresightDeg=35.4599 clamped=0
[SelectTarget] team=1 EnemyN=1 TgtZ=2254.83
[DIST] team=1 EnemyN=1 MyZ=2671.4 TgtZ=2254.83 Dist=729.887
[ROOT] team=1 status=2 Z=2671.4 VP=(-930.272,-6827.63,7482.35)
[SelectTarget] team=2 EnemyN=1 TgtZ=2668.3
[DIST] team=2 EnemyN=1 MyZ=2254.83 TgtZ=2668.3 Dist=726.628
[ROOT] team=2 status=2 Z=2254.83 VP=(40.7617,-5877.99,2254.83)
[CLAMP_DIAG] team=2 rawDist=634.974 offBoresightDeg=120.76 clamped=1
[SelectTarget] team=1 EnemyN=1 TgtZ=2035.31
[DIST] team=1 EnemyN=1 MyZ=2202.1 TgtZ=2035.31 Dist=1389.26
[ROOT] team=1 status=2 Z=2202.1 VP=(1601.15,-6091.05,1584.73)
[SelectTarget] team=2 EnemyN=1 TgtZ=2200.33
[DIST] team=2 EnemyN=1 MyZ=2035.31 TgtZ=2200.33 Dist=1391.94
[ROOT] team=2 status=2 Z=2035.31 VP=(-442.163,-6391.89,2035.31)
[ONECIRCLE] dist=2217.42 spd=275.791 thr=0.746044
[SelectTarget] team=1 EnemyN=1 TgtZ=1879.24
[DIST] team=1 EnemyN=1 MyZ=1970.77 TgtZ=1879.24 Dist=2709.24
[ROOT] team=1 status=2 Z=1970.77 VP=(2017,-5305.33,1500)
[SelectTarget] team=2 EnemyN=1 TgtZ=1969.89
[DIST] team=2 EnemyN=1 MyZ=1879.24 TgtZ=1969.89 Dist=2712.35
[ROOT] team=2 status=2 Z=1879.24 VP=(-828.672,-7182.19,2000)
[SelectTarget] team=1 EnemyN=1 TgtZ=1841.95
[DIST] team=1 EnemyN=1 MyZ=1861.41 TgtZ=1841.95 Dist=3997.53
[ROOT] team=1 status=2 Z=1861.41 VP=(-416.31,-9497.25,6644.75)
[SelectTarget] team=2 EnemyN=1 TgtZ=1860.92
[DIST] team=2 EnemyN=1 MyZ=1841.95 TgtZ=1860.92 Dist=4000.85
[PURE_ATA] team=2 ata=125.88 dist=4000.85 leadDist=1639.08 aa=9.31334
[ROOT] team=2 status=2 Z=1841.95 VP=(-871.805,-8120.09,3500)
[PURE_ATA] team=2 ata=124.7 dist=4036.9 leadDist=1642.09 aa=0.129571
[PURE_ATA] team=2 ata=123.529 dist=4073.62 leadDist=1645.17 aa=12.8343
[PURE_ATA] team=2 ata=122.327 dist=4109.61 leadDist=1648.24 aa=25.5952
[PURE_ATA] team=2 ata=121.157 dist=4144.73 leadDist=1651.25 aa=36.4112
[PURE_ATA] team=2 ata=120.029 dist=4180.61 leadDist=1654.09 aa=44.6406
[PURE_ATA] team=2 ata=118.924 dist=4215.48 leadDist=1656.67 aa=50.2589
[PURE_ATA] team=2 ata=117.811 dist=4247.75 leadDist=1658.88 aa=53.5059
[PURE_ATA] team=2 ata=116.725 dist=4281.88 leadDist=1660.67 aa=54.3542
[PURE_ATA] team=2 ata=115.668 dist=4316.59 leadDist=1662.17 aa=52.4028
[PURE_ATA] team=2 ata=114.643 dist=4349.77 leadDist=1663.53 aa=47.6898
[PURE_ATA] team=2 ata=113.62 dist=4381.93 leadDist=1664.75 aa=39.6464
[PURE_ATA] team=2 ata=112.61 dist=4415.48 leadDist=1665.78 aa=30.8949
[PURE_ATA] team=2 ata=111.605 dist=4448.63 leadDist=1666.61 aa=23.8441
[PURE_ATA] team=2 ata=110.585 dist=4479.18 leadDist=1667.29 aa=18.4857
[PURE_ATA] team=2 ata=109.559 dist=4509.83 leadDist=1667.86 aa=11.5917
[PURE_ATA] team=2 ata=108.53 dist=4540.36 leadDist=1668.37 aa=3.76145
[PURE_ATA] team=2 ata=107.495 dist=4569.43 leadDist=1668.87 aa=1.70007
[PURE_ATA] team=2 ata=106.453 dist=4597.05 leadDist=1669.39 aa=5.77749
[PURE_ATA] team=2 ata=105.398 dist=4625.06 leadDist=1669.96 aa=9.24285
[PURE_ATA] team=2 ata=104.35 dist=4652.58 leadDist=1670.61 aa=12.3922
[PURE_ATA] team=2 ata=103.282 dist=4677.77 leadDist=1671.35 aa=15.4558
[PURE_ATA] team=2 ata=102.201 dist=4701.99 leadDist=1672.2 aa=18.5646
[PURE_ATA] team=2 ata=101.125 dist=4727.38 leadDist=1673.19 aa=21.6432
[PURE_ATA] team=2 ata=100.037 dist=4750.24 leadDist=1674.33 aa=24.5557
[PURE_ATA] team=2 ata=98.9332 dist=4772.35 leadDist=1675.63 aa=27.2709
[PURE_ATA] team=2 ata=97.8339 dist=4794.32 leadDist=1677.13 aa=23.8367
[PURE_ATA] team=2 ata=96.7263 dist=4813.78 leadDist=1678.77 aa=6.17429
[PURE_ATA] team=2 ata=95.6064 dist=4833.88 leadDist=1680.48 aa=16.5682
[PURE_ATA] team=2 ata=94.4888 dist=4854.1 leadDist=1682.19 aa=36.3334
[SelectTarget] team=1 EnemyN=1 TgtZ=1931.36
[DIST] team=1 EnemyN=1 MyZ=1816.44 TgtZ=1931.36 Dist=4870.18
[ROOT] team=1 status=2 Z=1816.44 VP=(550.997,-10013.1,6603.78)
[SelectTarget] team=2 EnemyN=1 TgtZ=1816.18
[DIST] team=2 EnemyN=1 MyZ=1931.36 TgtZ=1816.18 Dist=4872.34
[PURE_ATA] team=2 ata=93.3503 dist=4872.34 leadDist=1683.82 aa=49.845
[ROOT] team=2 status=2 Z=1931.36 VP=(-441.317,-8973.45,3500)
[PURE_ATA] team=2 ata=92.2036 dist=4889.63 leadDist=1685.27 aa=58.3886
[PURE_ATA] team=2 ata=91.0549 dist=4907.23 leadDist=1686.41 aa=62.4335
[PURE_ATA] team=2 ata=89.8987 dist=4925.29 leadDist=1687.25 aa=61.6507
[PURE_ATA] team=2 ata=88.7351 dist=4942.44 leadDist=1687.87 aa=57.1743
[PURE_ATA] team=2 ata=87.5548 dist=4957.56 leadDist=1688.27 aa=50.3725
[PURE_ATA] team=2 ata=86.3869 dist=4974.26 leadDist=1688.44 aa=43.8352
[PURE_ATA] team=2 ata=85.2137 dist=4987.52 leadDist=1688.39 aa=38.1929
[PURE_ATA] team=2 ata=84.0457 dist=5001.26 leadDist=1688.18 aa=28.843
[PURE_ATA] team=2 ata=82.8818 dist=5014.09 leadDist=1687.85 aa=15.6131
[PURE_ATA] team=2 ata=81.7274 dist=5027.3 leadDist=1687.46 aa=5.3181
[PURE_ATA] team=2 ata=80.5745 dist=5038.34 leadDist=1687.04 aa=2.64242
[PURE_ATA] team=2 ata=79.4142 dist=5047.44 leadDist=1686.63 aa=9.92887
[PURE_ATA] team=2 ata=78.272 dist=5058.12 leadDist=1686.23 aa=17.1259
[PURE_ATA] team=2 ata=77.1205 dist=5065.56 leadDist=1685.88 aa=24.7594
[PURE_ATA] team=2 ata=75.9761 dist=5072.12 leadDist=1685.59 aa=32.655
[PURE_ATA] team=2 ata=74.8377 dist=5079.22 leadDist=1685.39 aa=40.375
[PURE_ATA] team=2 ata=73.6932 dist=5083.05 leadDist=1685.27 aa=47.67
[PURE_ATA] team=2 ata=72.5623 dist=5088.63 leadDist=1685.28 aa=54.1624
[PURE_ATA] team=2 ata=71.4333 dist=5092.14 leadDist=1685.4 aa=59.9368
[PURE_ATA] team=2 ata=70.3067 dist=5093.59 leadDist=1685.67 aa=65.2687
[PURE_ATA] team=2 ata=69.1771 dist=5094.44 leadDist=1686.08 aa=70.2237
[PURE_ATA] team=2 ata=68.0531 dist=5094.52 leadDist=1686.66 aa=74.92
[PURE_ATA] team=2 ata=66.9416 dist=5095.1 leadDist=1687.4 aa=79.5471
[PURE_ATA] team=2 ata=65.8275 dist=5093.75 leadDist=1688.32 aa=84.1324
[PURE_ATA] team=2 ata=64.7099 dist=5090.43 leadDist=1689.4 aa=82.602
[PURE_ATA] team=2 ata=63.6043 dist=5086.3 leadDist=1690.61 aa=27.9003
[PURE_ATA] team=2 ata=62.498 dist=5081.52 leadDist=1691.87 aa=59.1497
[PURE_ATA] team=2 ata=61.3972 dist=5077.34 leadDist=1693.1 aa=74.2722
[PURE_ATA] team=2 ata=60.294 dist=5072.48 leadDist=1694.22 aa=80.0989
[SelectTarget] team=1 EnemyN=1 TgtZ=2143.19
[DIST] team=1 EnemyN=1 MyZ=1805.01 TgtZ=2143.19 Dist=5065.96
[ROOT] team=1 status=2 Z=1805.01 VP=(5.26432,-4849.04,1833.88)
[SelectTarget] team=2 EnemyN=1 TgtZ=1804.88
[DIST] team=2 EnemyN=1 MyZ=2143.19 TgtZ=1804.88 Dist=5066.84
[PURE_ATA] team=2 ata=59.199 dist=5066.84 leadDist=1695.12 aa=83.0616
[ROOT] team=2 status=2 Z=2143.19 VP=(392.172,-9429.66,3500)
[PURE_ATA] team=2 ata=58.099 dist=5060.52 leadDist=1695.69 aa=84.8455
[PURE_ATA] team=2 ata=57.0017 dist=5053.43 leadDist=1695.96 aa=85.1484
[PURE_ATA] team=2 ata=55.9093 dist=5045.59 leadDist=1696.01 aa=84.8957
[PURE_ATA] team=2 ata=54.8216 dist=5039.65 leadDist=1695.83 aa=84.8764
[PURE_ATA] team=2 ata=53.73 dist=5031.64 leadDist=1695.39 aa=86.6761
[PURE_ATA] team=2 ata=52.6434 dist=5021.51 leadDist=1694.71 aa=90.5288
[PURE_ATA] team=2 ata=51.558 dist=5011.95 leadDist=1693.83 aa=96.3833
[PURE_ATA] team=2 ata=50.4704 dist=5002.94 leadDist=1692.77 aa=107.116
[PURE_ATA] team=2 ata=49.3954 dist=4990.47 leadDist=1691.6 aa=131.536
[PURE_ATA] team=2 ata=48.3236 dist=4978.55 leadDist=1690.35 aa=164.873
[PURE_ATA] team=2 ata=47.2533 dist=4964.49 leadDist=1689.06 aa=173.042
[PURE_ATA] team=2 ata=46.1824 dist=4950.94 leadDist=1687.76 aa=161.338
[PURE_ATA] team=2 ata=45.1271 dist=4936.62 leadDist=1686.47 aa=154.621
[PURE_ATA] team=2 ata=44.0697 dist=4921.44 leadDist=1685.21 aa=150.344
[PURE_ATA] team=2 ata=43.0176 dist=4904.06 leadDist=1684 aa=147.367
[PURE_ATA] team=2 ata=41.9747 dist=4885.85 leadDist=1682.85 aa=145.322
[PURE_ATA] team=2 ata=40.9401 dist=4868.13 leadDist=1681.78 aa=143.941
[PURE_ATA] team=2 ata=39.9121 dist=4849.52 leadDist=1680.81 aa=143.182
[PURE_ATA] team=2 ata=38.8899 dist=4828.63 leadDist=1679.95 aa=143.012
[PURE_ATA] team=2 ata=37.8837 dist=4808.25 leadDist=1679.23 aa=143.287
[PURE_ATA] team=2 ata=36.8796 dist=4786.84 leadDist=1678.63 aa=143.911
[PURE_ATA] team=2 ata=35.8965 dist=4764.6 leadDist=1678.18 aa=144.754
[PURE_ATA] team=2 ata=34.9222 dist=4741.36 leadDist=1677.89 aa=145.693
[PURE_ATA] team=2 ata=33.9603 dist=4717.08 leadDist=1677.74 aa=146.884
[PURE_ATA] team=2 ata=33.0194 dist=4691.91 leadDist=1677.74 aa=148.024
[PURE_ATA] team=2 ata=32.0955 dist=4667.06 leadDist=1677.89 aa=149.108
[PURE_ATA] team=2 ata=31.186 dist=4641.05 leadDist=1678.18 aa=150.134
[PURE_ATA] team=2 ata=30.3083 dist=4612.81 leadDist=1678.63 aa=151.074
[PURE_ATA] team=2 ata=29.4477 dist=4586.08 leadDist=1679.22 aa=151.967
[SelectTarget] team=1 EnemyN=1 TgtZ=2340.69
[DIST] team=1 EnemyN=1 MyZ=1820.18 TgtZ=2340.69 Dist=4558.55
[ROOT] team=1 status=2 Z=1820.18 VP=(180.456,-5743.11,1944.12)
[SelectTarget] team=2 EnemyN=1 TgtZ=1820.05
[DIST] team=2 EnemyN=1 MyZ=2340.69 TgtZ=1820.05 Dist=4557
[PURE_ATA] team=2 ata=28.6216 dist=4557 leadDist=1679.95 aa=152.787
[ROOT] team=2 status=2 Z=2340.69 VP=(1328.84,-9298.16,3500)
[PURE_ATA] team=2 ata=27.8193 dist=4527.99 leadDist=1680.83 aa=153.566
[PURE_ATA] team=2 ata=27.0598 dist=4496.63 leadDist=1681.84 aa=154.284
[PURE_ATA] team=2 ata=26.3322 dist=4466.68 leadDist=1683 aa=154.974
[PURE_ATA] team=2 ata=25.6543 dist=4434.24 leadDist=1684.29 aa=158.894
[PURE_ATA] team=2 ata=25.022 dist=4403.28 leadDist=1685.67 aa=171.637
[PURE_ATA] team=2 ata=24.4499 dist=4369.81 leadDist=1687.06 aa=164.683
[PURE_ATA] team=2 ata=23.9379 dist=4336.47 leadDist=1688.4 aa=141.933
[PURE_ATA] team=2 ata=23.4895 dist=4303.14 leadDist=1689.59 aa=128.077
[PURE_ATA] team=2 ata=23.1082 dist=4271.15 leadDist=1690.51 aa=124.007
[PURE_ATA] team=2 ata=22.8154 dist=4236.69 leadDist=1691.13 aa=127.377
[PURE_ATA] team=2 ata=22.6087 dist=4202.16 leadDist=1691.5 aa=134.299
[PURE_ATA] team=2 ata=22.5002 dist=4167.67 leadDist=1691.61 aa=143.731
[PURE_ATA] team=2 ata=22.4992 dist=4133.21 leadDist=1691.46 aa=152.692
[PURE_ATA] team=2 ata=22.6259 dist=4097.39 leadDist=1691.07 aa=159.961
[PURE_ATA] team=2 ata=22.861 dist=4062.68 leadDist=1690.49 aa=168.735
[PURE_ATA] team=2 ata=23.1632 dist=4025.35 leadDist=1689.78 aa=177.451
[SelectTarget] team=1 EnemyN=1 TgtZ=2481.16
[DIST] team=1 EnemyN=1 MyZ=1818.14 TgtZ=2481.16 Dist=3465.45
[ROOT] team=1 status=2 Z=1818.14 VP=(220.433,-6502.4,2206.71)
[SelectTarget] team=2 EnemyN=1 TgtZ=1818.15
[DIST] team=2 EnemyN=1 MyZ=2481.16 TgtZ=1818.15 Dist=3461.77
[ROOT] team=2 status=2 Z=2481.16 VP=(1961.89,-8593.73,2481.16)
[SelectTarget] team=1 EnemyN=1 TgtZ=2449.54
[DIST] team=1 EnemyN=1 MyZ=1808.77 TgtZ=2449.54 Dist=1963.73
[ROOT] team=1 status=2 Z=1808.77 VP=(617.722,-5982.04,2443.45)
[SelectTarget] team=2 EnemyN=1 TgtZ=1809.09
[DIST] team=2 EnemyN=1 MyZ=2449.54 TgtZ=1809.09 Dist=1958.46
[ROOT] team=2 status=2 Z=2449.54 VP=(1941.59,-7662.54,2449.54)
[SelectTarget] team=1 EnemyN=1 TgtZ=2439.82
[DIST] team=1 EnemyN=1 MyZ=2060.11 TgtZ=2439.82 Dist=417.015
[ROOT] team=1 status=2 Z=2060.11 VP=(1095.88,-6601.62,2450.21)
[SelectTarget] team=2 EnemyN=1 TgtZ=2062.68
[DIST] team=2 EnemyN=1 MyZ=2439.82 TgtZ=2062.68 Dist=413.04
[ROOT] team=2 status=2 Z=2439.82 VP=(1507.37,-7037.79,2439.82)
[CLAMP_DIAG] team=2 rawDist=299.994 offBoresightDeg=0.363 clamped=0
[ONECIRCLE] dist=594.863 spd=279.547 thr=0.727267
[SelectTarget] team=1 EnemyN=1 TgtZ=2428.54
[DIST] team=1 EnemyN=1 MyZ=2717.88 TgtZ=2428.54 Dist=1249.23
[ROOT] team=1 status=2 Z=2717.88 VP=(2657.77,-7757.6,2093.26)
[SelectTarget] team=2 EnemyN=1 TgtZ=2722.31
[DIST] team=2 EnemyN=1 MyZ=2428.54 TgtZ=2722.31 Dist=1251.77
[ROOT] team=2 status=2 Z=2428.54 VP=(1048.48,-6528.75,2428.54)
[SelectTarget] team=1 EnemyN=1 TgtZ=2293.38
[DIST] team=1 EnemyN=1 MyZ=3480.84 TgtZ=2293.38 Dist=2181.69
[ROOT] team=1 status=2 Z=3480.84 VP=(2575.61,-7543.85,2830.84)
[SelectTarget] team=2 EnemyN=1 TgtZ=3484.37
[DIST] team=2 EnemyN=1 MyZ=2293.38 TgtZ=3484.37 Dist=2181.52
[ROOT] team=2 status=2 Z=2293.38 VP=(1164.34,-6519.36,2293.38)
[SelectTarget] team=1 EnemyN=1 TgtZ=2031.98
[DIST] team=1 EnemyN=1 MyZ=3862.37 TgtZ=2031.98 Dist=2487.38
[ROOT] team=1 status=2 Z=3862.37 VP=(3200.94,-7155.34,3212.37)
[SelectTarget] team=2 EnemyN=1 TgtZ=3862.87
[DIST] team=2 EnemyN=1 MyZ=2031.98 TgtZ=3862.87 Dist=2485.35
[ROOT] team=2 status=2 Z=2031.98 VP=(4281.81,-5900.08,6803.76)
[SelectTarget] team=1 EnemyN=1 TgtZ=1883.93
[DIST] team=1 EnemyN=1 MyZ=3711.14 TgtZ=1883.93 Dist=2373.96
[ROOT] team=1 status=2 Z=3711.14 VP=(3625.66,-6475.58,3061.14)
[SelectTarget] team=2 EnemyN=1 TgtZ=3709.49
[DIST] team=2 EnemyN=1 MyZ=1883.93 TgtZ=3709.49 Dist=2370.51
[ROOT] team=2 status=2 Z=1883.93 VP=(2339.52,-6951.41,2000)
[SelectTarget] team=1 EnemyN=1 TgtZ=1829.75
[DIST] team=1 EnemyN=1 MyZ=3357.57 TgtZ=1829.75 Dist=2030.95
[ROOT] team=1 status=2 Z=3357.57 VP=(3560.79,-5595.75,2707.57)
[SelectTarget] team=2 EnemyN=1 TgtZ=3355.3
[DIST] team=2 EnemyN=1 MyZ=1829.75 TgtZ=3355.3 Dist=2026.13
[ROOT] team=2 status=2 Z=1829.75 VP=(2921.4,-6642.8,2000)
[ONECIRCLE] dist=1731.14 spd=286.029 thr=0.694857
[SelectTarget] team=1 EnemyN=1 TgtZ=1863.62
[DIST] team=1 EnemyN=1 MyZ=2908.97 TgtZ=1863.62 Dist=1509.19
[ROOT] team=1 status=2 Z=2908.97 VP=(2920.46,-5004.19,2258.97)
[SelectTarget] team=2 EnemyN=1 TgtZ=2906.21
[DIST] team=2 EnemyN=1 MyZ=1863.62 TgtZ=2906.21 Dist=1504.43
[ROOT] team=2 status=2 Z=1863.62 VP=(3154.4,-5997.41,2000)
[SelectTarget] team=1 EnemyN=1 TgtZ=1887.61
[DIST] team=1 EnemyN=1 MyZ=2391.08 TgtZ=1887.61 Dist=966.326
[ROOT] team=1 status=2 Z=2391.08 VP=(2142.05,-5139.83,1907.92)
[SelectTarget] team=2 EnemyN=1 TgtZ=2388.71
[DIST] team=2 EnemyN=1 MyZ=1887.61 TgtZ=2388.71 Dist=962.405
[ROOT] team=2 status=2 Z=1887.61 VP=(2858.81,-5338.6,2000)
[CLAMP_DIAG] team=2 rawDist=822.784 offBoresightDeg=119.509 clamped=1
[CLAMP_DIAG] team=1 rawDist=846.675 offBoresightDeg=58.9658 clamped=0
[SelectTarget] team=1 EnemyN=1 TgtZ=1918.66
[DIST] team=1 EnemyN=1 MyZ=2076.75 TgtZ=1918.66 Dist=1323.14
[ROOT] team=1 status=2 Z=2076.75 VP=(1009.61,-3845,6848.7)
[SelectTarget] team=2 EnemyN=1 TgtZ=2075.38
[DIST] team=2 EnemyN=1 MyZ=1918.66 TgtZ=2075.38 Dist=1323.96
[ROOT] team=2 status=2 Z=1918.66 VP=(2228.72,-4697.23,2000)
[SelectTarget] team=1 EnemyN=1 TgtZ=2020.31
[DIST] team=1 EnemyN=1 MyZ=1909.33 TgtZ=2020.31 Dist=2400.08
[ROOT] team=1 status=2 Z=1909.33 VP=(3055.89,-6750.12,1685.83)
[SelectTarget] team=2 EnemyN=1 TgtZ=1908.78
[DIST] team=2 EnemyN=1 MyZ=2020.31 TgtZ=1908.78 Dist=2403.33
[ROOT] team=2 status=2 Z=2020.31 VP=(1343.64,-4310.8,2020.31)
[ONECIRCLE] dist=3034.1 spd=246.211 thr=0.893945
[SelectTarget] team=1 EnemyN=1 TgtZ=2181.39
[DIST] team=1 EnemyN=1 MyZ=1842.87 TgtZ=2181.39 Dist=3395.14
[ROOT] team=1 status=2 Z=1842.87 VP=(3605.04,-6079.11,1815.6)
[SelectTarget] team=2 EnemyN=1 TgtZ=1842.68
[DIST] team=2 EnemyN=1 MyZ=2181.39 TgtZ=1842.68 Dist=3397.51
[ROOT] team=2 status=2 Z=2181.39 VP=(363.416,-4367.16,2181.39)
[SelectTarget] team=1 EnemyN=1 TgtZ=2349.34
[DIST] team=1 EnemyN=1 MyZ=1828.53 TgtZ=2349.34 Dist=3966.28
[ROOT] team=1 status=2 Z=1828.53 VP=(3445.56,-5270.72,1938.44)
[SelectTarget] team=2 EnemyN=1 TgtZ=1828.54
[DIST] team=2 EnemyN=1 MyZ=2349.34 TgtZ=1828.54 Dist=3967.17
[ROOT] team=2 status=2 Z=2349.34 VP=(-406.641,-4973.64,2349.34)
[PURE_ATA] team=2 ata=77.9783 dist=4001.05 leadDist=1672.19 aa=59.3139
[PURE_ATA] team=2 ata=77.1618 dist=4007.95 leadDist=1672.67 aa=61.971
[PURE_ATA] team=2 ata=76.408 dist=4013.4 leadDist=1673.26 aa=64.5646
[PURE_ATA] team=2 ata=75.6449 dist=4018.15 leadDist=1673.98 aa=67.1531
[PURE_ATA] team=2 ata=74.8606 dist=4022.73 leadDist=1674.82 aa=69.8659
[PURE_ATA] team=2 ata=74.093 dist=4026.44 leadDist=1675.79 aa=72.6404
[PURE_ATA] team=2 ata=73.3461 dist=4029.69 leadDist=1676.88 aa=75.479
[PURE_ATA] team=2 ata=72.6305 dist=4031.86 leadDist=1678.1 aa=78.2971
[PURE_ATA] team=2 ata=71.9234 dist=4034.01 leadDist=1679.44 aa=81.1605
[PURE_ATA] team=2 ata=71.2192 dist=4034.87 leadDist=1680.9 aa=77.7939
[PURE_ATA] team=2 ata=70.5178 dist=4035.27 leadDist=1682.44 aa=31.2855
[PURE_ATA] team=2 ata=69.8181 dist=4035.19 leadDist=1683.99 aa=52.0097
[PURE_ATA] team=2 ata=69.1213 dist=4035.04 leadDist=1685.47 aa=71.4739
[PURE_ATA] team=2 ata=68.4282 dist=4034.37 leadDist=1686.78 aa=78.4902
[PURE_ATA] team=2 ata=67.755 dist=4033.12 leadDist=1687.8 aa=81.4816
[PURE_ATA] team=2 ata=67.0493 dist=4032.68 leadDist=1688.49 aa=82.7718
[PURE_ATA] team=2 ata=66.366 dist=4030.82 leadDist=1688.9 aa=81.6805
[PURE_ATA] team=2 ata=65.6864 dist=4029.26 leadDist=1689.01 aa=81.5798
[PURE_ATA] team=2 ata=64.9944 dist=4027.15 leadDist=1688.82 aa=82.7506
[PURE_ATA] team=2 ata=64.3259 dist=4024.51 leadDist=1688.35 aa=85.0423
[PURE_ATA] team=2 ata=63.6644 dist=4021.34 leadDist=1687.66 aa=88.6733
[PURE_ATA] team=2 ata=62.9753 dist=4017.11 leadDist=1686.78 aa=100.799
[PURE_ATA] team=2 ata=62.3258 dist=4013.32 leadDist=1685.76 aa=153.67
[PURE_ATA] team=2 ata=61.6661 dist=4008.1 leadDist=1684.63 aa=153.832
[PURE_ATA] team=2 ata=60.9883 dist=4001.82 leadDist=1683.42 aa=140.091
[SelectTarget] team=1 EnemyN=1 TgtZ=2498.61
[DIST] team=1 EnemyN=1 MyZ=1818.95 TgtZ=2498.61 Dist=3988.32
[ROOT] team=1 status=2 Z=1818.95 VP=(2649.41,-4881.55,2132.69)
[SelectTarget] team=2 EnemyN=1 TgtZ=1819.18
[DIST] team=2 EnemyN=1 MyZ=2498.61 TgtZ=1819.18 Dist=3988.53
[ROOT] team=2 status=2 Z=2498.61 VP=(-618.08,-5926.29,2498.61)
[SelectTarget] team=1 EnemyN=1 TgtZ=2624.07
[DIST] team=1 EnemyN=1 MyZ=1833.24 TgtZ=2624.07 Dist=3485.24
[ROOT] team=1 status=2 Z=1833.24 VP=(2002.59,-4970.5,2101.91)
[SelectTarget] team=2 EnemyN=1 TgtZ=1833.11
[DIST] team=2 EnemyN=1 MyZ=2624.07 TgtZ=1833.11 Dist=3483.05
[ROOT] team=2 status=2 Z=2624.07 VP=(-171.945,-6774.29,2624.07)
[SelectTarget] team=1 EnemyN=1 TgtZ=2636.69
[DIST] team=1 EnemyN=1 MyZ=1824 TgtZ=2636.69 Dist=2502.1
[ROOT] team=1 status=2 Z=1824 VP=(1628.8,-5687.27,2031.39)
[SelectTarget] team=2 EnemyN=1 TgtZ=1824.23
[DIST] team=2 EnemyN=1 MyZ=2636.69 TgtZ=1824.23 Dist=2499.26
[ROOT] team=2 status=2 Z=2636.69 VP=(725.398,-7103.03,2636.69)
[ONECIRCLE] dist=1972.46 spd=233.864 thr=0.955678
[SelectTarget] team=1 EnemyN=1 TgtZ=2597.74
[DIST] team=1 EnemyN=1 MyZ=1905.87 TgtZ=2597.74 Dist=1238.23
[ROOT] team=1 status=2 Z=1905.87 VP=(1754.48,-5632.62,2598.25)
[SelectTarget] team=2 EnemyN=1 TgtZ=1906.87
[DIST] team=2 EnemyN=1 MyZ=2597.74 TgtZ=1906.87 Dist=1234.02
[ROOT] team=2 status=2 Z=2597.74 VP=(1594.83,-6762.22,2597.74)
[CLAMP_DIAG] team=2 rawDist=299.989 offBoresightDeg=0.493 clamped=0
[SelectTarget] team=1 EnemyN=1 TgtZ=2559.88
[DIST] team=1 EnemyN=1 MyZ=2242.05 TgtZ=2559.88 Dist=590.258
[ROOT] team=1 status=2 Z=2242.05 VP=(1692.18,-6227.5,2591.98)
[SelectTarget] team=2 EnemyN=1 TgtZ=2244.91
[DIST] team=2 EnemyN=1 MyZ=2559.88 TgtZ=2244.91 Dist=591.907
[ROOT] team=2 status=2 Z=2559.88 VP=(1979.23,-6020.22,2559.88)
[SelectTarget] team=1 EnemyN=1 TgtZ=2567.03
[DIST] team=1 EnemyN=1 MyZ=2909.74 TgtZ=2567.03 Dist=1507.37
[ROOT] team=1 status=2 Z=2909.74 VP=(2988.62,-7135.96,2259.74)
[SelectTarget] team=2 EnemyN=1 TgtZ=2913.94
[DIST] team=2 EnemyN=1 MyZ=2567.03 TgtZ=2913.94 Dist=1509.51
[ROOT] team=2 status=2 Z=2567.03 VP=(2029.13,-5551.94,2567.03)
[SelectTarget] team=1 EnemyN=1 TgtZ=2558.94
[DIST] team=1 EnemyN=1 MyZ=3566.14 TgtZ=2558.94 Dist=1791.61
[ROOT] team=1 status=2 Z=3566.14 VP=(2842.02,-7023.52,2916.14)
[SelectTarget] team=2 EnemyN=1 TgtZ=3568.85
[DIST] team=2 EnemyN=1 MyZ=2558.94 TgtZ=3568.85 Dist=1791.41
[ROOT] team=2 status=2 Z=2558.94 VP=(2346.28,-5631.1,2558.94)
[ONECIRCLE] dist=1679.67 spd=246.005 thr=0.894974
[SelectTarget] team=1 EnemyN=1 TgtZ=2515.26
[DIST] team=1 EnemyN=1 MyZ=3791.7 TgtZ=2515.26 Dist=1454.89
[ROOT] team=1 status=2 Z=3791.7 VP=(3354.7,-6531.59,3141.7)
[SelectTarget] team=2 EnemyN=1 TgtZ=3791.29
[DIST] team=2 EnemyN=1 MyZ=2515.26 TgtZ=3791.29 Dist=1452.6
[ROOT] team=2 status=2 Z=2515.26 VP=(2768.74,-6118.17,2515.26)
[CLAMP_DIAG] team=2 rawDist=621.624 offBoresightDeg=70.7347 clamped=0
[CLAMP_DIAG] team=1 rawDist=838.701 offBoresightDeg=34.2666 clamped=0
runner:local/env:0	num_steps=[11999] | total rewards=[-55.8822] | termination= [max time out]
[seed 4] reward=   -55.88 ownHP=1.0000 tgtHP=1.0000 max time out
total: 2
[SelectTarget] team=1 EnemyN=1 TgtZ=7006.54
[DIST] team=1 EnemyN=1 MyZ=8871 TgtZ=7006.54 Dist=2588.46
[ROOT] team=1 status=2 Z=8871 VP=(4511.57,129.796,8221)
[SelectTarget] team=2 EnemyN=1 TgtZ=8869.37
[DIST] team=2 EnemyN=1 MyZ=7006.54 TgtZ=8869.37 Dist=2590.6
[ROOT] team=2 status=2 Z=7006.54 VP=(3784.91,793.293,7006.54)
[SelectTarget] team=1 EnemyN=1 TgtZ=6960.15
[DIST] team=1 EnemyN=1 MyZ=8389.43 TgtZ=6960.15 Dist=2228.26
[ROOT] team=1 status=2 Z=8389.43 VP=(3759.1,692.265,7739.43)
[SelectTarget] team=2 EnemyN=1 TgtZ=8385.73
[DIST] team=2 EnemyN=1 MyZ=6960.15 TgtZ=8385.73 Dist=2228.68
[ROOT] team=2 status=2 Z=6960.15 VP=(3018.66,1026.76,6960.15)
[SelectTarget] team=1 EnemyN=1 TgtZ=6919.97
[DIST] team=1 EnemyN=1 MyZ=7568.58 TgtZ=6919.97 Dist=1474.46
[ROOT] team=1 status=2 Z=7568.58 VP=(4016.45,552.962,6921.71)
[SelectTarget] team=2 EnemyN=1 TgtZ=7563.26
[DIST] team=2 EnemyN=1 MyZ=6919.97 TgtZ=7563.26 Dist=1473.9
[ROOT] team=2 status=2 Z=6919.97 VP=(2508.67,1160.94,6919.97)
[ONECIRCLE] dist=1050.27 spd=309.024 thr=0.579879
[SelectTarget] team=1 EnemyN=1 TgtZ=6895.46
[DIST] team=1 EnemyN=1 MyZ=6532.81 TgtZ=6895.46 Dist=653.089
[ROOT] team=1 status=2 Z=6532.81 VP=(2324.21,1111.08,6852.56)
[SelectTarget] team=2 EnemyN=1 TgtZ=6526.74
[DIST] team=2 EnemyN=1 MyZ=6895.46 TgtZ=6526.74 Dist=656.112
[ROOT] team=2 status=2 Z=6895.46 VP=(2357.28,1158.25,6895.46)
[CLAMP_DIAG] team=2 rawDist=299.998 offBoresightDeg=0.182 clamped=0
[SelectTarget] team=1 EnemyN=1 TgtZ=6873.57
[DIST] team=1 EnemyN=1 MyZ=5456.8 TgtZ=6873.57 Dist=1449.32
[ROOT] team=1 status=2 Z=5456.8 VP=(1023.25,1372.65,6782.48)
[SelectTarget] team=2 EnemyN=1 TgtZ=5451.23
[DIST] team=2 EnemyN=1 MyZ=6873.57 TgtZ=5451.23 Dist=1454.65
[ROOT] team=2 status=2 Z=6873.57 VP=(2158.95,1003.95,6873.57)
[CLAMP_DIAG] team=2 rawDist=471.66 offBoresightDeg=132.473 clamped=1
[SelectTarget] team=1 EnemyN=1 TgtZ=6845.09
[DIST] team=1 EnemyN=1 MyZ=4641.8 TgtZ=6845.09 Dist=2276.79
[ROOT] team=1 status=2 Z=4641.8 VP=(163.535,1136.5,6236.37)
[SelectTarget] team=2 EnemyN=1 TgtZ=4638.61
[DIST] team=2 EnemyN=1 MyZ=6845.09 TgtZ=4638.61 Dist=2278.97
[ROOT] team=2 status=2 Z=6845.09 VP=(1417.22,881.85,6845.09)
[CLAMP_DIAG] team=2 rawDist=502.87 offBoresightDeg=106.214 clamped=1
[SelectTarget] team=1 EnemyN=1 TgtZ=6708.17
[DIST] team=1 EnemyN=1 MyZ=4365.97 TgtZ=6708.17 Dist=2350.25
[ROOT] team=1 status=2 Z=4365.97 VP=(480.806,1115.31,6733.71)
[SelectTarget] team=2 EnemyN=1 TgtZ=4366.16
[DIST] team=2 EnemyN=1 MyZ=6708.17 TgtZ=4366.16 Dist=2349.66
[ROOT] team=2 status=2 Z=6708.17 VP=(-18.6194,798.68,6708.17)
[CLAMP_DIAG] team=2 rawDist=299.762 offBoresightDeg=2.283 clamped=0
[ONECIRCLE] dist=2207.1 spd=304.137 thr=0.604315
[SelectTarget] team=1 EnemyN=1 TgtZ=6600.67
[DIST] team=1 EnemyN=1 MyZ=4665.53 TgtZ=6600.67 Dist=1998.05
[ROOT] team=1 status=2 Z=4665.53 VP=(-308.602,616.963,6619.26)
[SelectTarget] team=2 EnemyN=1 TgtZ=4668.48
[DIST] team=2 EnemyN=1 MyZ=6600.67 TgtZ=4668.48 Dist=1995.42
[ROOT] team=2 status=2 Z=6600.67 VP=(-588.901,901.976,6600.67)
[CLAMP_DIAG] team=2 rawDist=669.233 offBoresightDeg=101.584 clamped=1
[SelectTarget] team=1 EnemyN=1 TgtZ=6531.93
[DIST] team=1 EnemyN=1 MyZ=5334.67 TgtZ=6531.93 Dist=1455.82
[ROOT] team=1 status=2 Z=5334.67 VP=(-1137.05,105.47,6538.33)
[SelectTarget] team=2 EnemyN=1 TgtZ=5338.9
[DIST] team=2 EnemyN=1 MyZ=6531.93 TgtZ=5338.9 Dist=1451.46
[ROOT] team=2 status=2 Z=6531.93 VP=(-1237.59,872.458,6531.93)
[CLAMP_DIAG] team=2 rawDist=825.328 offBoresightDeg=98.6055 clamped=1
[SelectTarget] team=1 EnemyN=1 TgtZ=6340.48
[DIST] team=1 EnemyN=1 MyZ=6060.72 TgtZ=6340.48 Dist=821.907
[ROOT] team=1 status=2 Z=6060.72 VP=(-2005.91,67.9119,6369.06)
[SelectTarget] team=2 EnemyN=1 TgtZ=6064.09
[DIST] team=2 EnemyN=1 MyZ=6340.48 TgtZ=6064.09 Dist=817.967
[ROOT] team=2 status=2 Z=6340.48 VP=(-1559.83,565.192,6340.48)
[CLAMP_DIAG] team=1 rawDist=724.226 offBoresightDeg=17.3488 clamped=0
[CLAMP_DIAG] team=2 rawDist=779.769 offBoresightDeg=126.317 clamped=1
[SelectTarget] team=1 EnemyN=1 TgtZ=5983.3
[DIST] team=1 EnemyN=1 MyZ=6484.52 TgtZ=5983.3 Dist=1060.38
[ROOT] team=1 status=2 Z=6484.52 VP=(-2761.39,431.052,6040.06)
[SelectTarget] team=2 EnemyN=1 TgtZ=6485.81
[DIST] team=2 EnemyN=1 MyZ=5983.3 TgtZ=6485.81 Dist=1059.07
[ROOT] team=2 status=2 Z=5983.3 VP=(-2035.56,100.939,5983.3)
[ONECIRCLE] dist=1354.15 spd=307.532 thr=0.587339
[SelectTarget] team=1 EnemyN=1 TgtZ=5328.14
[DIST] team=1 EnemyN=1 MyZ=6513.59 TgtZ=5328.14 Dist=1732.56
[ROOT] team=1 status=2 Z=6513.59 VP=(-3191.6,954.978,5863.59)
[SelectTarget] team=2 EnemyN=1 TgtZ=6512.69
[DIST] team=2 EnemyN=1 MyZ=5328.14 TgtZ=6512.69 Dist=1730.87
[ROOT] team=2 status=2 Z=5328.14 VP=(-2751.49,-120.453,5328.14)
[SelectTarget] team=1 EnemyN=1 TgtZ=4398.67
[DIST] team=1 EnemyN=1 MyZ=6213.17 TgtZ=4398.67 Dist=2147.03
[ROOT] team=1 status=2 Z=6213.17 VP=(-3358.72,1199.04,5563.17)
[SelectTarget] team=2 EnemyN=1 TgtZ=6210.89
[DIST] team=2 EnemyN=1 MyZ=4398.67 TgtZ=6210.89 Dist=2143.73
[ROOT] team=2 status=2 Z=4398.67 VP=(-3413.71,68.737,4398.67)
[CLAMP_DIAG] team=2 rawDist=567.561 offBoresightDeg=52.5821 clamped=0
[CLAMP_DIAG] team=1 rawDist=883.528 offBoresightDeg=19.2828 clamped=0
[SelectTarget] team=1 EnemyN=1 TgtZ=3493.77
[DIST] team=1 EnemyN=1 MyZ=5728.53 TgtZ=3493.77 Dist=2261.35
[ROOT] team=1 status=2 Z=5728.53 VP=(-3458.88,916.747,5078.53)
[SelectTarget] team=2 EnemyN=1 TgtZ=5725.29
[DIST] team=2 EnemyN=1 MyZ=3493.77 TgtZ=5725.29 Dist=2257.72
[ROOT] team=2 status=2 Z=3493.77 VP=(-3719.45,598.736,3493.77)
[CLAMP_DIAG] team=2 rawDist=656.129 offBoresightDeg=134.127 clamped=1
[CLAMP_DIAG] team=1 rawDist=819.356 offBoresightDeg=47.0848 clamped=0
[SelectTarget] team=1 EnemyN=1 TgtZ=2867.38
[DIST] team=1 EnemyN=1 MyZ=4991.55 TgtZ=2867.38 Dist=2299.08
[ROOT] team=1 status=2 Z=4991.55 VP=(-3752.12,225.003,4341.55)
[SelectTarget] team=2 EnemyN=1 TgtZ=4986.72
[DIST] team=2 EnemyN=1 MyZ=2867.38 TgtZ=4986.72 Dist=2295.17
[ROOT] team=2 status=2 Z=2867.38 VP=(-4750.76,-842.557,7678.23)
[SelectTarget] team=1 EnemyN=1 TgtZ=2313.26
[DIST] team=1 EnemyN=1 MyZ=4084.89 TgtZ=2313.26 Dist=2391.75
[ROOT] team=1 status=2 Z=4084.89 VP=(-4248.93,-359.095,3434.89)
[SelectTarget] team=2 EnemyN=1 TgtZ=4079.96
[DIST] team=2 EnemyN=1 MyZ=2313.26 TgtZ=4079.96 Dist=2386.38
[ROOT] team=2 status=2 Z=2313.26 VP=(-3631.5,906.002,2313.26)
[ONECIRCLE] dist=2373.89 spd=342.874 thr=0.410629
[SelectTarget] team=1 EnemyN=1 TgtZ=2059.84
[DIST] team=1 EnemyN=1 MyZ=3317.78 TgtZ=2059.84 Dist=2345.76
[ROOT] team=1 status=2 Z=3317.78 VP=(-4983.53,-953.206,2667.78)
[SelectTarget] team=2 EnemyN=1 TgtZ=3314.39
[DIST] team=2 EnemyN=1 MyZ=2059.84 TgtZ=3314.39 Dist=2340.26
[ROOT] team=2 status=2 Z=2059.84 VP=(-3837.44,354.534,2059.84)
[SelectTarget] team=1 EnemyN=1 TgtZ=1928.83
[DIST] team=1 EnemyN=1 MyZ=2852.44 TgtZ=1928.83 Dist=2199.23
[ROOT] team=1 status=2 Z=2852.44 VP=(-6018.08,-1230.14,2202.44)
[SelectTarget] team=2 EnemyN=1 TgtZ=2850.17
[DIST] team=2 EnemyN=1 MyZ=1928.83 TgtZ=2850.17 Dist=2193.74
[ROOT] team=2 status=2 Z=1928.83 VP=(-4453.14,-290.857,2000)
[SelectTarget] team=1 EnemyN=1 TgtZ=1861.59
[DIST] team=1 EnemyN=1 MyZ=2449.25 TgtZ=1861.59 Dist=1891.73
[ROOT] team=1 status=2 Z=2449.25 VP=(-6771.76,-1128.71,7220.36)
[SelectTarget] team=2 EnemyN=1 TgtZ=2446.81
[DIST] team=2 EnemyN=1 MyZ=1861.59 TgtZ=2446.81 Dist=1885.84
[ROOT] team=2 status=2 Z=1861.59 VP=(-5342.88,-706.806,2000)
[SelectTarget] team=1 EnemyN=1 TgtZ=1881.63
[DIST] team=1 EnemyN=1 MyZ=2115.42 TgtZ=1881.63 Dist=1514.32
[ROOT] team=1 status=2 Z=2115.42 VP=(-7852.67,-710.952,6888.45)
[SelectTarget] team=2 EnemyN=1 TgtZ=2113.96
[DIST] team=2 EnemyN=1 MyZ=1881.63 TgtZ=2113.96 Dist=1507.86
[ROOT] team=2 status=2 Z=1881.63 VP=(-6377.65,-863.793,2000)
[SelectTarget] team=1 EnemyN=1 TgtZ=1884.3
[DIST] team=1 EnemyN=1 MyZ=1953.93 TgtZ=1884.3 Dist=1250.27
[ROOT] team=1 status=2 Z=1953.93 VP=(-7731.84,566.985,1879.64)
[SelectTarget] team=2 EnemyN=1 TgtZ=1953.51
[DIST] team=2 EnemyN=1 MyZ=1884.3 TgtZ=1953.51 Dist=1246.38
[ROOT] team=2 status=2 Z=1884.3 VP=(-7393.4,-522.984,2000)
[ONECIRCLE] dist=1241.14 spd=301.976 thr=0.615119
[SelectTarget] team=1 EnemyN=1 TgtZ=1854.09
[DIST] team=1 EnemyN=1 MyZ=1885.17 TgtZ=1854.09 Dist=1411.4
[ROOT] team=1 status=2 Z=1885.17 VP=(-7194.52,1246.33,1853.36)
[SelectTarget] team=2 EnemyN=1 TgtZ=1885.08
[DIST] team=2 EnemyN=1 MyZ=1854.09 TgtZ=1885.08 Dist=1409.26
[ROOT] team=2 status=2 Z=1854.09 VP=(-8066.2,288.787,2000)
[SelectTarget] team=1 EnemyN=1 TgtZ=1817.39
[DIST] team=1 EnemyN=1 MyZ=1850.19 TgtZ=1817.39 Dist=1925.65
[ROOT] team=1 status=2 Z=1850.19 VP=(-6361.81,1344.96,1816.2)
[SelectTarget] team=2 EnemyN=1 TgtZ=1850.24
[DIST] team=2 EnemyN=1 MyZ=1817.39 TgtZ=1850.24 Dist=1924.79
[ROOT] team=2 status=2 Z=1817.39 VP=(-8171.92,1312.56,2000)
[SelectTarget] team=1 EnemyN=1 TgtZ=1797.2
[DIST] team=1 EnemyN=1 MyZ=1829.89 TgtZ=1797.2 Dist=2537.06
[ROOT] team=1 status=2 Z=1829.89 VP=(-5249.5,-14.5696,1995.89)
[SelectTarget] team=2 EnemyN=1 TgtZ=1829.97
[DIST] team=2 EnemyN=1 MyZ=1797.2 TgtZ=1829.97 Dist=2536.31
[ROOT] team=2 status=2 Z=1797.2 VP=(-5026.15,-434.175,6620.48)
[SelectTarget] team=1 EnemyN=1 TgtZ=2128.88
[DIST] team=1 EnemyN=1 MyZ=1849.36 TgtZ=2128.88 Dist=3056.26
[ROOT] team=1 status=2 Z=1849.36 VP=(-5800.88,-730.977,2459.21)
[SelectTarget] team=2 EnemyN=1 TgtZ=1849.33
[DIST] team=2 EnemyN=1 MyZ=2128.88 TgtZ=1849.33 Dist=3054.78
[ROOT] team=2 status=2 Z=2128.88 VP=(-6851.7,2693.24,2128.88)
[ONECIRCLE] dist=3097.25 spd=247.291 thr=0.888543
[SelectTarget] team=1 EnemyN=1 TgtZ=2721.39
[DIST] team=1 EnemyN=1 MyZ=1848.34 TgtZ=2721.39 Dist=3016.48
[ROOT] team=1 status=2 Z=1848.34 VP=(-6454.46,-418.013,3028.83)
[SelectTarget] team=2 EnemyN=1 TgtZ=1848.48
[DIST] team=2 EnemyN=1 MyZ=2721.39 TgtZ=1848.48 Dist=3013.41
[ROOT] team=2 status=2 Z=2721.39 VP=(-5891.77,2517.47,2721.39)
[SelectTarget] team=1 EnemyN=1 TgtZ=3254.84
[DIST] team=1 EnemyN=1 MyZ=1947.05 TgtZ=3254.84 Dist=2465.94
[ROOT] team=1 status=2 Z=1947.05 VP=(-5868.2,-253.885,3171.16)
[SelectTarget] team=2 EnemyN=1 TgtZ=1948.1
[DIST] team=2 EnemyN=1 MyZ=3254.84 TgtZ=1948.1 Dist=2461.63
[ROOT] team=2 status=2 Z=3254.84 VP=(-5262.53,1788.89,3254.84)
[SelectTarget] team=1 EnemyN=1 TgtZ=3548.15
[DIST] team=1 EnemyN=1 MyZ=2256.19 TgtZ=3548.15 Dist=1655.59
[ROOT] team=1 status=2 Z=2256.19 VP=(-6057.24,216.144,3509.15)
[SelectTarget] team=2 EnemyN=1 TgtZ=2258.65
[DIST] team=2 EnemyN=1 MyZ=3548.15 TgtZ=2258.65 Dist=1651.59
[ROOT] team=2 status=2 Z=3548.15 VP=(-5200.79,907.344,3548.15)
[CLAMP_DIAG] team=2 rawDist=538.476 offBoresightDeg=88.8638 clamped=1
[SelectTarget] team=1 EnemyN=1 TgtZ=3636.9
[DIST] team=1 EnemyN=1 MyZ=2823.6 TgtZ=3636.9 Dist=985.833
[ROOT] team=1 status=2 Z=2823.6 VP=(-5884.16,777.625,3624.55)
[SelectTarget] team=2 EnemyN=1 TgtZ=2827.32
[DIST] team=2 EnemyN=1 MyZ=3636.9 TgtZ=2827.32 Dist=982.849
[ROOT] team=2 status=2 Z=3636.9 VP=(-5572.5,359.901,3636.9)
[ONECIRCLE] dist=914.159 spd=204.747 thr=1
[SelectTarget] team=1 EnemyN=1 TgtZ=3657.07
[DIST] team=1 EnemyN=1 MyZ=3516.18 TgtZ=3657.07 Dist=1001.11
[ROOT] team=1 status=2 Z=3516.18 VP=(-5374.86,1090.43,3647.67)
[CLAMP_DIAG] team=1 rawDist=911.145 offBoresightDeg=63.7531 clamped=0
[SelectTarget] team=2 EnemyN=1 TgtZ=3519.86
[DIST] team=2 EnemyN=1 MyZ=3657.07 TgtZ=3519.86 Dist=999.895
[ROOT] team=2 status=2 Z=3657.07 VP=(-5958.16,404.18,3657.07)
[SelectTarget] team=1 EnemyN=1 TgtZ=3679.28
[DIST] team=1 EnemyN=1 MyZ=4051.78 TgtZ=3679.28 Dist=1325.12
[ROOT] team=1 status=2 Z=4051.78 VP=(-4785.33,978.97,3667.27)
[SelectTarget] team=2 EnemyN=1 TgtZ=4053.88
[DIST] team=2 EnemyN=1 MyZ=3679.28 TgtZ=4053.88 Dist=1324.42
[ROOT] team=2 status=2 Z=3679.28 VP=(-5959.01,877.825,3679.28)
[SelectTarget] team=1 EnemyN=1 TgtZ=3719.98
[DIST] team=1 EnemyN=1 MyZ=4256.33 TgtZ=3719.98 Dist=1578.84
[ROOT] team=1 status=2 Z=4256.33 VP=(-4421.73,500.763,3703.61)
[SelectTarget] team=2 EnemyN=1 TgtZ=4256.52
[DIST] team=2 EnemyN=1 MyZ=3719.98 TgtZ=4256.52 Dist=1577.6
[ROOT] team=2 status=2 Z=3719.98 VP=(-5526.83,1346.1,3719.98)
[SelectTarget] team=1 EnemyN=1 TgtZ=3790.01
[DIST] team=1 EnemyN=1 MyZ=4163.03 TgtZ=3790.01 Dist=1729.19
[ROOT] team=1 status=2 Z=4163.03 VP=(-4465.87,-96.1265,3767.18)
[SelectTarget] team=2 EnemyN=1 TgtZ=4161.97
[DIST] team=2 EnemyN=1 MyZ=3790.01 TgtZ=4161.97 Dist=1726.89
[ROOT] team=2 status=2 Z=3790.01 VP=(-4879.83,1449.42,3790.01)
[ONECIRCLE] dist=1751.77 spd=202.021 thr=1
[SelectTarget] team=1 EnemyN=1 TgtZ=3896.65
[DIST] team=1 EnemyN=1 MyZ=3938.92 TgtZ=3896.65 Dist=1739.26
[ROOT] team=1 status=2 Z=3938.92 VP=(-4880.78,-508.093,3866.34)
[SelectTarget] team=2 EnemyN=1 TgtZ=3937.68
[DIST] team=2 EnemyN=1 MyZ=3896.65 TgtZ=3937.68 Dist=1737.34
[ROOT] team=2 status=2 Z=3896.65 VP=(-4360.11,1071.04,3896.65)
[SelectTarget] team=1 EnemyN=1 TgtZ=4035.85
[DIST] team=1 EnemyN=1 MyZ=3767.63 TgtZ=4035.85 Dist=1593.38
[ROOT] team=1 status=2 Z=3767.63 VP=(-5446.17,-545.652,3999.56)
[SelectTarget] team=2 EnemyN=1 TgtZ=3767.08
[DIST] team=2 EnemyN=1 MyZ=4035.85 TgtZ=3767.08 Dist=1590.16
[ROOT] team=2 status=2 Z=4035.85 VP=(-4271.73,397.471,4035.85)
[SelectTarget] team=1 EnemyN=1 TgtZ=4194.46
[DIST] team=1 EnemyN=1 MyZ=3758.49 TgtZ=4194.46 Dist=1341.57
[ROOT] team=1 status=2 Z=3758.49 VP=(-5886.98,-216.18,4154.96)
[SelectTarget] team=2 EnemyN=1 TgtZ=3758.93
[DIST] team=2 EnemyN=1 MyZ=4194.46 TgtZ=3758.93 Dist=1338.28
[ROOT] team=2 status=2 Z=4194.46 VP=(-4677.27,-170.098,4194.46)
[SelectTarget] team=1 EnemyN=1 TgtZ=4361.12
[DIST] team=1 EnemyN=1 MyZ=3904.92 TgtZ=4361.12 Dist=1084.31
[ROOT] team=1 status=2 Z=3904.92 VP=(-6012.5,304.476,4320.08)
[SelectTarget] team=2 EnemyN=1 TgtZ=3906.04
[DIST] team=2 EnemyN=1 MyZ=4361.12 TgtZ=3906.04 Dist=1080.6
[ROOT] team=2 status=2 Z=4361.12 VP=(-5325.54,-304.275,4361.12)
[CLAMP_DIAG] team=2 rawDist=900.525 offBoresightDeg=111.404 clamped=1
[ONECIRCLE] dist=964.276 spd=185.764 thr=1
[SelectTarget] team=1 EnemyN=1 TgtZ=4535.76
[DIST] team=1 EnemyN=1 MyZ=4135.56 TgtZ=4535.76 Dist=925.73
[ROOT] team=1 status=2 Z=4135.56 VP=(-5789.84,776.926,4492.31)
[SelectTarget] team=2 EnemyN=1 TgtZ=4136.94
[DIST] team=2 EnemyN=1 MyZ=4535.76 TgtZ=4136.94 Dist=923.035
[ROOT] team=2 status=2 Z=4535.76 VP=(-5835.53,27.1421,4535.76)
[CLAMP_DIAG] team=2 rawDist=819.274 offBoresightDeg=123.123 clamped=1
[CLAMP_DIAG] team=1 rawDist=803.309 offBoresightDeg=24.6064 clamped=0
[SelectTarget] team=1 EnemyN=1 TgtZ=4739.39
[DIST] team=1 EnemyN=1 MyZ=4380.17 TgtZ=4739.39 Dist=908.786
[ROOT] team=1 status=2 Z=4380.17 VP=(-5344.92,1006.14,4686.2)
[SelectTarget] team=2 EnemyN=1 TgtZ=4381.48
[DIST] team=2 EnemyN=1 MyZ=4739.39 TgtZ=4381.48 Dist=906.668
[ROOT] team=2 status=2 Z=4739.39 VP=(-5954.36,586.66,4739.39)
[CLAMP_DIAG] team=2 rawDist=852.497 offBoresightDeg=126.396 clamped=1
[CLAMP_DIAG] team=1 rawDist=822.572 offBoresightDeg=29.5477 clamped=0
[SelectTarget] team=1 EnemyN=1 TgtZ=5011.16
[DIST] team=1 EnemyN=1 MyZ=4603.24 TgtZ=5011.16 Dist=964.878
[ROOT] team=1 status=2 Z=4603.24 VP=(-4896.21,947.674,4939.73)
[SelectTarget] team=2 EnemyN=1 TgtZ=4604.43
[DIST] team=2 EnemyN=1 MyZ=5011.16 TgtZ=4604.43 Dist=962.535
[ROOT] team=2 status=2 Z=5011.16 VP=(-5672.72,1054.94,5011.16)
[CLAMP_DIAG] team=2 rawDist=865.859 offBoresightDeg=117.252 clamped=1
[CLAMP_DIAG] team=1 rawDist=872.585 offBoresightDeg=26.1595 clamped=0
[SelectTarget] team=1 EnemyN=1 TgtZ=5363.52
[DIST] team=1 EnemyN=1 MyZ=4815.86 TgtZ=5363.52 Dist=981.785
[ROOT] team=1 status=2 Z=4815.86 VP=(-4604.46,733.416,5268.92)
[SelectTarget] team=2 EnemyN=1 TgtZ=4817.08
[DIST] team=2 EnemyN=1 MyZ=5363.52 TgtZ=4817.08 Dist=979.281
[ROOT] team=2 status=2 Z=5363.52 VP=(-5171.19,1217.29,5363.52)
[CLAMP_DIAG] team=2 rawDist=745.67 offBoresightDeg=101.009 clamped=1
[CLAMP_DIAG] team=1 rawDist=859.253 offBoresightDeg=17.6619 clamped=0
[ONECIRCLE] dist=950.744 spd=146.461 thr=1
[SelectTarget] team=1 EnemyN=1 TgtZ=5761.88
[DIST] team=1 EnemyN=1 MyZ=5059.83 TgtZ=5761.88 Dist=923.793
[ROOT] team=1 status=2 Z=5059.83 VP=(-4495.54,528.094,5650.05)
[SelectTarget] team=2 EnemyN=1 TgtZ=5061.38
[DIST] team=2 EnemyN=1 MyZ=5761.88 TgtZ=5061.38 Dist=921.32
[ROOT] team=2 status=2 Z=5761.88 VP=(-4705.18,1052.25,5761.88)
[CLAMP_DIAG] team=2 rawDist=479.43 offBoresightDeg=81.8542 clamped=1
[CLAMP_DIAG] team=1 rawDist=777.208 offBoresightDeg=11.9066 clamped=0
[SelectTarget] team=1 EnemyN=1 TgtZ=6149.97
[DIST] team=1 EnemyN=1 MyZ=5385.2 TgtZ=6149.97 Dist=821.753
[ROOT] team=1 status=2 Z=5385.2 VP=(-4510.75,432.547,6034.98)
[SelectTarget] team=2 EnemyN=1 TgtZ=5387.24
[DIST] team=2 EnemyN=1 MyZ=6149.97 TgtZ=5387.24 Dist=819.478
[ROOT] team=2 status=2 Z=6149.97 VP=(-4551.82,556.372,6149.97)
[CLAMP_DIAG] team=2 rawDist=157.53 offBoresightDeg=58.325 clamped=0
[CLAMP_DIAG] team=1 rawDist=672.078 offBoresightDeg=12.7826 clamped=0
[SelectTarget] team=1 EnemyN=1 TgtZ=6472.36
[DIST] team=1 EnemyN=1 MyZ=5771.23 TgtZ=6472.36 Dist=728.637
[ROOT] team=1 status=2 Z=5771.23 VP=(-4563.92,499.47,6372.38)
[SelectTarget] team=2 EnemyN=1 TgtZ=5773.4
[DIST] team=2 EnemyN=1 MyZ=6472.36 TgtZ=5773.4 Dist=726.724
[ROOT] team=2 status=2 Z=6472.36 VP=(-4584.6,789.352,6472.36)
[CLAMP_DIAG] team=2 rawDist=262.515 offBoresightDeg=28.949 clamped=0
[CLAMP_DIAG] team=1 rawDist=604.697 offBoresightDeg=19.1125 clamped=0
[SelectTarget] team=1 EnemyN=1 TgtZ=6686.9
[DIST] team=1 EnemyN=1 MyZ=6147.5 TgtZ=6686.9 Dist=717.309
[ROOT] team=1 status=2 Z=6147.5 VP=(-4581.05,677.969,6654.8)
[SelectTarget] team=2 EnemyN=1 TgtZ=6149.48
[DIST] team=2 EnemyN=1 MyZ=6686.9 TgtZ=6149.48 Dist=715.735
[ROOT] team=2 status=2 Z=6686.9 VP=(-4446.8,351.851,6686.9)
[CLAMP_DIAG] team=2 rawDist=581.482 offBoresightDeg=146.171 clamped=1
[CLAMP_DIAG] team=1 rawDist=469.147 offBoresightDeg=21.6241 clamped=0
[ONECIRCLE] dist=768.042 spd=114.772 thr=1
[SelectTarget] team=1 EnemyN=1 TgtZ=6849.13
[DIST] team=1 EnemyN=1 MyZ=6475.41 TgtZ=6849.13 Dist=808.629
[ROOT] team=1 status=2 Z=6475.41 VP=(-4620.85,998.146,6787.85)
[SelectTarget] team=2 EnemyN=1 TgtZ=6477.04
[DIST] team=2 EnemyN=1 MyZ=6849.13 TgtZ=6477.04 Dist=807.829
[ROOT] team=2 status=2 Z=6849.13 VP=(-4530.95,388.078,6849.13)
[CLAMP_DIAG] team=2 rawDist=776.494 offBoresightDeg=127.215 clamped=1
[CLAMP_DIAG] team=1 rawDist=668.349 offBoresightDeg=24.3642 clamped=0
[SelectTarget] team=1 EnemyN=1 TgtZ=7041.56
[DIST] team=1 EnemyN=1 MyZ=6721.64 TgtZ=7041.56 Dist=881.31
[ROOT] team=1 status=2 Z=6721.64 VP=(-4633.69,1249.11,6931.23)
[SelectTarget] team=2 EnemyN=1 TgtZ=6722.71
[DIST] team=2 EnemyN=1 MyZ=7041.56 TgtZ=6722.71 Dist=880.919
[ROOT] team=2 status=2 Z=7041.56 VP=(-4615.95,553.116,7041.56)
[CLAMP_DIAG] team=2 rawDist=820.268 offBoresightDeg=117.19 clamped=1
[CLAMP_DIAG] team=1 rawDist=736.109 offBoresightDeg=3.85876 clamped=0
[SelectTarget] team=1 EnemyN=1 TgtZ=7265.97
[DIST] team=1 EnemyN=1 MyZ=6861.34 TgtZ=7265.97 Dist=879.94
[ROOT] team=1 status=2 Z=6861.34 VP=(-4621.56,1494.7,7135.3)
[SelectTarget] team=2 EnemyN=1 TgtZ=6861.88
[DIST] team=2 EnemyN=1 MyZ=7265.97 TgtZ=6861.88 Dist=878.504
[ROOT] team=2 status=2 Z=7265.97 VP=(-4677.69,820.128,7265.97)
[CLAMP_DIAG] team=2 rawDist=728.907 offBoresightDeg=107.143 clamped=1
[CLAMP_DIAG] team=1 rawDist=715.096 offBoresightDeg=3.59723 clamped=0
[SelectTarget] team=1 EnemyN=1 TgtZ=7502.99
[DIST] team=1 EnemyN=1 MyZ=6949.68 TgtZ=7502.99 Dist=837.616
[ROOT] team=1 status=2 Z=6949.68 VP=(-4605.29,1684.54,7362.59)
[SelectTarget] team=2 EnemyN=1 TgtZ=6950.22
[DIST] team=2 EnemyN=1 MyZ=7502.99 TgtZ=6950.22 Dist=836.271
[ROOT] team=2 status=2 Z=7502.99 VP=(-4697.57,1140.81,7502.99)
[CLAMP_DIAG] team=2 rawDist=550.81 offBoresightDeg=97.5237 clamped=1
[CLAMP_DIAG] team=1 rawDist=673.657 offBoresightDeg=6.77705 clamped=0
[ONECIRCLE] dist=809.117 spd=83.8023 thr=1
[SelectTarget] team=1 EnemyN=1 TgtZ=7734.78
[DIST] team=1 EnemyN=1 MyZ=7061.75 TgtZ=7734.78 Dist=797.289
[ROOT] team=1 status=2 Z=7061.75 VP=(-4595.47,1824.36,7600.72)
[SelectTarget] team=2 EnemyN=1 TgtZ=7062.47
[DIST] team=2 EnemyN=1 MyZ=7734.78 TgtZ=7062.47 Dist=795.936
[ROOT] team=2 status=2 Z=7734.78 VP=(-4676.42,1452.1,7734.78)
[CLAMP_DIAG] team=2 rawDist=337.914 offBoresightDeg=88.1195 clamped=1
[CLAMP_DIAG] team=1 rawDist=658.642 offBoresightDeg=17.3147 clamped=0
[SelectTarget] team=1 EnemyN=1 TgtZ=7947.72
[DIST] team=1 EnemyN=1 MyZ=7202.17 TgtZ=7947.72 Dist=773.989
[ROOT] team=1 status=2 Z=7202.17 VP=(-4611.84,1923.84,7781.84)
[SelectTarget] team=2 EnemyN=1 TgtZ=7203
[DIST] team=2 EnemyN=1 MyZ=7947.72 TgtZ=7203 Dist=772.842
[ROOT] team=2 status=2 Z=7947.72 VP=(-4636.37,1912.16,7947.72)
[CLAMP_DIAG] team=2 rawDist=73.8055 offBoresightDeg=75.758 clamped=1
[CLAMP_DIAG] team=1 rawDist=658.614 offBoresightDeg=27.3556 clamped=0
[SelectTarget] team=1 EnemyN=1 TgtZ=8133.28
[DIST] team=1 EnemyN=1 MyZ=7354.1 TgtZ=8133.28 Dist=779.22
[ROOT] team=1 status=2 Z=7354.1 VP=(-4591.73,1969.24,8017.64)
[SelectTarget] team=2 EnemyN=1 TgtZ=7354.95
[DIST] team=2 EnemyN=1 MyZ=8133.28 TgtZ=7354.95 Dist=778.385
[ROOT] team=2 status=2 Z=8133.28 VP=(-4751.89,1979.69,8133.28)
[CLAMP_DIAG] team=2 rawDist=182.741 offBoresightDeg=52.473 clamped=0
[CLAMP_DIAG] team=1 rawDist=679.174 offBoresightDeg=41.2974 clamped=0
[SelectTarget] team=1 EnemyN=1 TgtZ=8278.5
[DIST] team=1 EnemyN=1 MyZ=7501.94 TgtZ=8278.5 Dist=802.623
[ROOT] team=1 status=2 Z=7501.94 VP=(-4612.82,1978.95,8183.73)
[SelectTarget] team=2 EnemyN=1 TgtZ=7502.73
[DIST] team=2 EnemyN=1 MyZ=8278.5 TgtZ=7502.73 Dist=801.862
[ROOT] team=2 status=2 Z=8278.5 VP=(-4891.38,2100.16,8278.5)
[CLAMP_DIAG] team=2 rawDist=261.145 offBoresightDeg=29.485 clamped=0
[CLAMP_DIAG] team=1 rawDist=734.092 offBoresightDeg=55.8952 clamped=0
[ONECIRCLE] dist=816.554 spd=52.5758 thr=1
[SelectTarget] team=1 EnemyN=1 TgtZ=8361.84
[DIST] team=1 EnemyN=1 MyZ=7635.72 TgtZ=8361.84 Dist=824.035
[ROOT] team=1 status=2 Z=7635.72 VP=(-4715.27,2002.97,8294.83)
[SelectTarget] team=2 EnemyN=1 TgtZ=7636.42
[DIST] team=2 EnemyN=1 MyZ=8361.84 TgtZ=7636.42 Dist=823.909
[ROOT] team=2 status=2 Z=8361.84 VP=(-4549.98,2352.43,8361.84)
[CLAMP_DIAG] team=2 rawDist=465.623 offBoresightDeg=96.9676 clamped=1
[CLAMP_DIAG] team=1 rawDist=782.632 offBoresightDeg=69.426 clamped=0
[SelectTarget] team=1 EnemyN=1 TgtZ=8373.47
[DIST] team=1 EnemyN=1 MyZ=7754.34 TgtZ=8373.47 Dist=846.895
[ROOT] team=1 status=2 Z=7754.34 VP=(-4866.85,2079.76,8353.36)
[SelectTarget] team=2 EnemyN=1 TgtZ=7754.96
[DIST] team=2 EnemyN=1 MyZ=8373.47 TgtZ=7754.96 Dist=847.041
[ROOT] team=2 status=2 Z=8373.47 VP=(-4526.3,2528.2,8373.47)
[CLAMP_DIAG] team=2 rawDist=648.248 offBoresightDeg=85.2553 clamped=1
[CLAMP_DIAG] team=1 rawDist=843.024 offBoresightDeg=82.5985 clamped=1
[SelectTarget] team=1 EnemyN=1 TgtZ=8315.67
[DIST] team=1 EnemyN=1 MyZ=7860.25 TgtZ=8315.67 Dist=868.451
[ROOT] team=1 status=2 Z=7860.25 VP=(-5058.36,2224.04,8313.07)
[SelectTarget] team=2 EnemyN=1 TgtZ=7860.79
[DIST] team=2 EnemyN=1 MyZ=8315.67 TgtZ=7860.79 Dist=868.779
[ROOT] team=2 status=2 Z=8315.67 VP=(-4510.23,2713.37,8315.67)
[CLAMP_DIAG] team=2 rawDist=788.457 offBoresightDeg=77.9923 clamped=1
[CLAMP_DIAG] team=1 rawDist=739.948 offBoresightDeg=79.6337 clamped=1
[SelectTarget] team=1 EnemyN=1 TgtZ=8209.09
[DIST] team=1 EnemyN=1 MyZ=7948.22 TgtZ=8209.09 Dist=874.888
[ROOT] team=1 status=2 Z=7948.22 VP=(-5219.98,2903.33,8033.58)
[SelectTarget] team=2 EnemyN=1 TgtZ=7948.64
[DIST] team=2 EnemyN=1 MyZ=8209.09 TgtZ=7948.64 Dist=875.29
[ROOT] team=2 status=2 Z=8209.09 VP=(-4507.27,2921.34,8209.09)
[CLAMP_DIAG] team=2 rawDist=845.224 offBoresightDeg=64.8732 clamped=0
[CLAMP_DIAG] team=1 rawDist=687.203 offBoresightDeg=77.8458 clamped=1
[ONECIRCLE] dist=851.81 spd=128.147 thr=1
[SelectTarget] team=1 EnemyN=1 TgtZ=8073.21
[DIST] team=1 EnemyN=1 MyZ=8008.83 TgtZ=8073.21 Dist=819.69
[ROOT] team=1 status=2 Z=8008.83 VP=(-5125.13,3263.5,7893.04)
[SelectTarget] team=2 EnemyN=1 TgtZ=8009.06
[DIST] team=2 EnemyN=1 MyZ=8073.21 TgtZ=8009.06 Dist=819.66
[ROOT] team=2 status=2 Z=8073.21 VP=(-4526.73,3162.86,8073.21)
[CLAMP_DIAG] team=2 rawDist=764.363 offBoresightDeg=48.7776 clamped=0
[CLAMP_DIAG] team=1 rawDist=538.695 offBoresightDeg=65.14 clamped=0
[SelectTarget] team=1 EnemyN=1 TgtZ=7928.35
[DIST] team=1 EnemyN=1 MyZ=8029.41 TgtZ=7928.35 Dist=634.009
[ROOT] team=1 status=2 Z=8029.41 VP=(-5240.75,3203.99,7947.73)
[SelectTarget] team=2 EnemyN=1 TgtZ=8029.38
[DIST] team=2 EnemyN=1 MyZ=7928.35 TgtZ=8029.38 Dist=633.885
[ROOT] team=2 status=2 Z=7928.35 VP=(-4582.54,3447.32,7928.35)
[CLAMP_DIAG] team=2 rawDist=488.708 offBoresightDeg=26.0373 clamped=0
[CLAMP_DIAG] team=1 rawDist=583.962 offBoresightDeg=76.111 clamped=1
[SelectTarget] team=1 EnemyN=1 TgtZ=7798.42
[DIST] team=1 EnemyN=1 MyZ=7996.98 TgtZ=7798.42 Dist=293.991
[ROOT] team=1 status=2 Z=7996.98 VP=(-5014.05,3542.4,7849.99)
[SelectTarget] team=2 EnemyN=1 TgtZ=7996.65
[DIST] team=2 EnemyN=1 MyZ=7798.42 TgtZ=7996.65 Dist=293.917
[ROOT] team=2 status=2 Z=7798.42 VP=(-4632.44,3794.74,7798.42)
[CLAMP_DIAG] team=2 rawDist=299.989 offBoresightDeg=0.496 clamped=0
[CLAMP_DIAG] team=1 rawDist=190.216 offBoresightDeg=102.492 clamped=1
[SelectTarget] team=1 EnemyN=1 TgtZ=7700.46
[DIST] team=1 EnemyN=1 MyZ=7904.56 TgtZ=7700.46 Dist=520.005
[ROOT] team=1 status=2 Z=7904.56 VP=(-4022.65,4284.16,7665.39)
[SelectTarget] team=2 EnemyN=1 TgtZ=7903.82
[DIST] team=2 EnemyN=1 MyZ=7700.46 TgtZ=7903.82 Dist=521.531
[ROOT] team=2 status=2 Z=7700.46 VP=(-4940.3,4073.92,7700.46)
[CLAMP_DIAG] team=2 rawDist=772.577 offBoresightDeg=121.75 clamped=1
[ONECIRCLE] dist=956.375 spd=199.037 thr=1
[SelectTarget] team=1 EnemyN=1 TgtZ=7599.79
[DIST] team=1 EnemyN=1 MyZ=7723.25 TgtZ=7599.79 Dist=1193.15
[ROOT] team=1 status=2 Z=7723.25 VP=(-3870.69,4890,7290.09)
[SelectTarget] team=2 EnemyN=1 TgtZ=7721.85
[DIST] team=2 EnemyN=1 MyZ=7599.79 TgtZ=7721.85 Dist=1194.78
[ROOT] team=2 status=2 Z=7599.79 VP=(-5225.74,4418.76,7599.79)
[SelectTarget] team=1 EnemyN=1 TgtZ=7467.6
[DIST] team=1 EnemyN=1 MyZ=7403.78 TgtZ=7467.6 Dist=1558.59
[ROOT] team=1 status=2 Z=7403.78 VP=(-3819.24,4757.11,7482.51)
[SelectTarget] team=2 EnemyN=1 TgtZ=7401.74
[DIST] team=2 EnemyN=1 MyZ=7467.6 TgtZ=7401.74 Dist=1558.63
[ROOT] team=2 status=2 Z=7467.6 VP=(-5352.6,4852.15,7467.6)
[SelectTarget] team=1 EnemyN=1 TgtZ=7303.81
[DIST] team=1 EnemyN=1 MyZ=7036.68 TgtZ=7303.81 Dist=1351.99
[ROOT] team=1 status=2 Z=7036.68 VP=(-3814,5377.47,7324.02)
[SelectTarget] team=2 EnemyN=1 TgtZ=7034.8
[DIST] team=2 EnemyN=1 MyZ=7303.81 TgtZ=7034.8 Dist=1350.35
[ROOT] team=2 status=2 Z=7303.81 VP=(-5163.15,5302.98,7303.81)
[SelectTarget] team=1 EnemyN=1 TgtZ=7129.56
[DIST] team=1 EnemyN=1 MyZ=6787.65 TgtZ=7129.56 Dist=655.175
[ROOT] team=1 status=2 Z=6787.65 VP=(-4142.84,5921.25,7148.4)
[SelectTarget] team=2 EnemyN=1 TgtZ=6786.91
[DIST] team=2 EnemyN=1 MyZ=7129.56 TgtZ=6786.91 Dist=652.585
[ROOT] team=2 status=2 Z=7129.56 VP=(-4672.62,5653.19,7129.56)
[CLAMP_DIAG] team=1 rawDist=530.519 offBoresightDeg=35.7894 clamped=0
[CLAMP_DIAG] team=2 rawDist=352.458 offBoresightDeg=101.76 clamped=1
[ONECIRCLE] dist=523.28 spd=228.206 thr=0.983972
[SelectTarget] team=1 EnemyN=1 TgtZ=6947.86
[DIST] team=1 EnemyN=1 MyZ=6790.23 TgtZ=6947.86 Dist=808.551
[ROOT] team=1 status=2 Z=6790.23 VP=(-5445.69,6111.21,6566.86)
[SelectTarget] team=2 EnemyN=1 TgtZ=6790.89
[DIST] team=2 EnemyN=1 MyZ=6947.86 TgtZ=6790.89 Dist=810.764
[ROOT] team=2 status=2 Z=6947.86 VP=(-4085.67,5968.5,6947.86)
[SelectTarget] team=1 EnemyN=1 TgtZ=6622.27
[DIST] team=1 EnemyN=1 MyZ=6963.39 TgtZ=6622.27 Dist=1858.08
[ROOT] team=1 status=2 Z=6963.39 VP=(-5798.14,6123.15,6313.39)
[SelectTarget] team=2 EnemyN=1 TgtZ=6964.5
[DIST] team=2 EnemyN=1 MyZ=6622.27 TgtZ=6964.5 Dist=1860.39
[ROOT] team=2 status=2 Z=6622.27 VP=(-3648.41,6424.7,6622.27)
runner:local/env:0	num_steps=[11999] | total rewards=[133.5925] | termination= [max time out]
[seed 5] reward=   133.59 ownHP=0.9922 tgtHP=1.0000 max time out
total: 2
[SelectTarget] team=1 EnemyN=1 TgtZ=6996.93
[DIST] team=1 EnemyN=1 MyZ=8208.87 TgtZ=6996.93 Dist=2196.91
[ROOT] team=1 status=2 Z=8208.87 VP=(5304.32,67.3998,7558.87)
[SelectTarget] team=2 EnemyN=1 TgtZ=8207.07
[DIST] team=2 EnemyN=1 MyZ=6996.93 TgtZ=8207.07 Dist=2195.18
[ROOT] team=2 status=2 Z=6996.93 VP=(4157.89,1654.71,6996.93)
[SelectTarget] team=1 EnemyN=1 TgtZ=6902.22
[DIST] team=1 EnemyN=1 MyZ=7790.15 TgtZ=6902.22 Dist=1732.39
[ROOT] team=1 status=2 Z=7790.15 VP=(4534.23,450.005,7140.15)
[SelectTarget] team=2 EnemyN=1 TgtZ=7787.26
[DIST] team=2 EnemyN=1 MyZ=6902.22 TgtZ=7787.26 Dist=1732.2
[ROOT] team=2 status=2 Z=6902.22 VP=(4927.52,1948.56,6902.22)
[ONECIRCLE] dist=1740.13 spd=290.504 thr=0.672479
[SelectTarget] team=1 EnemyN=1 TgtZ=6721.17
[DIST] team=1 EnemyN=1 MyZ=7141.97 TgtZ=6721.17 Dist=1824.08
[ROOT] team=1 status=2 Z=7141.97 VP=(3865.92,2025.38,6491.97)
[SelectTarget] team=2 EnemyN=1 TgtZ=7137.51
[DIST] team=2 EnemyN=1 MyZ=6721.17 TgtZ=7137.51 Dist=1825.75
[ROOT] team=2 status=2 Z=6721.17 VP=(5627.8,1923.06,6721.17)
[SelectTarget] team=1 EnemyN=1 TgtZ=6445.91
[DIST] team=1 EnemyN=1 MyZ=6209.82 TgtZ=6445.91 Dist=2057.4
[ROOT] team=1 status=2 Z=6209.82 VP=(4201.85,2717.62,5669.99)
[SelectTarget] team=2 EnemyN=1 TgtZ=6204.12
[DIST] team=2 EnemyN=1 MyZ=6445.91 TgtZ=6204.12 Dist=2058.48
[ROOT] team=2 status=2 Z=6445.91 VP=(5970.76,1835.85,6445.91)
[SelectTarget] team=1 EnemyN=1 TgtZ=6085.05
[DIST] team=1 EnemyN=1 MyZ=5188.06 TgtZ=6085.05 Dist=1946.36
[ROOT] team=1 status=2 Z=5188.06 VP=(4235.59,2678.74,6147.14)
[SelectTarget] team=2 EnemyN=1 TgtZ=5182.74
[DIST] team=2 EnemyN=1 MyZ=6085.05 TgtZ=5182.74 Dist=1946.6
[ROOT] team=2 status=2 Z=6085.05 VP=(5818.1,1936.48,6085.05)
[SelectTarget] team=1 EnemyN=1 TgtZ=5668.43
[DIST] team=1 EnemyN=1 MyZ=4406.41 TgtZ=5668.43 Dist=1562.88
[ROOT] team=1 status=2 Z=4406.41 VP=(4875.11,3129.04,5736.49)
[SelectTarget] team=2 EnemyN=1 TgtZ=4403.32
[DIST] team=2 EnemyN=1 MyZ=5668.43 TgtZ=4403.32 Dist=1563.33
[ROOT] team=2 status=2 Z=5668.43 VP=(5199.85,2285.34,5668.43)
[CLAMP_DIAG] team=2 rawDist=826.255 offBoresightDeg=101.469 clamped=1
[ONECIRCLE] dist=1565.37 spd=306.812 thr=0.59094
[SelectTarget] team=1 EnemyN=1 TgtZ=5175.41
[DIST] team=1 EnemyN=1 MyZ=4051.75 TgtZ=5175.41 Dist=1732.14
[ROOT] team=1 status=2 Z=4051.75 VP=(6271.55,3047.79,4282.4)
[SelectTarget] team=2 EnemyN=1 TgtZ=4050.3
[DIST] team=2 EnemyN=1 MyZ=5175.41 TgtZ=4050.3 Dist=1734.73
[ROOT] team=2 status=2 Z=5175.41 VP=(4465.32,2933.42,5175.41)
[SelectTarget] team=1 EnemyN=1 TgtZ=4442.08
[DIST] team=1 EnemyN=1 MyZ=3768.42 TgtZ=4442.08 Dist=2397.06
[ROOT] team=1 status=2 Z=3768.42 VP=(6565.01,2968.41,3376.82)
[SelectTarget] team=2 EnemyN=1 TgtZ=3766.54
[DIST] team=2 EnemyN=1 MyZ=4442.08 TgtZ=3766.54 Dist=2399.7
[ROOT] team=2 status=2 Z=4442.08 VP=(4209.05,3874,4442.08)
[SelectTarget] team=1 EnemyN=1 TgtZ=3496.13
[DIST] team=1 EnemyN=1 MyZ=3338.02 TgtZ=3496.13 Dist=2724.37
[ROOT] team=1 status=2 Z=3338.02 VP=(6077.65,2808.81,2688.02)
[SelectTarget] team=2 EnemyN=1 TgtZ=3335.08
[DIST] team=2 EnemyN=1 MyZ=3496.13 TgtZ=3335.08 Dist=2725.67
[ROOT] team=2 status=2 Z=3496.13 VP=(4548.62,4716.63,3496.13)
[SelectTarget] team=1 EnemyN=1 TgtZ=2623.38
[DIST] team=1 EnemyN=1 MyZ=2719.63 TgtZ=2623.38 Dist=2387.7
[ROOT] team=1 status=2 Z=2719.63 VP=(6697.87,5234.53,7511.54)
[SelectTarget] team=2 EnemyN=1 TgtZ=2715.94
[DIST] team=2 EnemyN=1 MyZ=2623.38 TgtZ=2715.94 Dist=2386.67
[ROOT] team=2 status=2 Z=2623.38 VP=(4455.01,3334.98,7419.19)
[SelectTarget] team=1 EnemyN=1 TgtZ=2183.91
[DIST] team=1 EnemyN=1 MyZ=2261.03 TgtZ=2183.91 Dist=2362.38
[ROOT] team=1 status=2 Z=2261.03 VP=(7738.47,5073.21,7030.78)
[SelectTarget] team=2 EnemyN=1 TgtZ=2259.38
[DIST] team=2 EnemyN=1 MyZ=2183.91 TgtZ=2259.38 Dist=2365.65
[ROOT] team=2 status=2 Z=2183.91 VP=(6245.63,5129.9,2183.91)
[SelectTarget] team=1 EnemyN=1 TgtZ=1991.36
[DIST] team=1 EnemyN=1 MyZ=2063.39 TgtZ=1991.36 Dist=3110.5
[ROOT] team=1 status=2 Z=2063.39 VP=(8601.02,4287.43,6838.21)
[SelectTarget] team=2 EnemyN=1 TgtZ=2062.38
[DIST] team=2 EnemyN=1 MyZ=1991.36 TgtZ=2062.38 Dist=3114.88
[ROOT] team=2 status=2 Z=1991.36 VP=(7256.72,4900.45,2000)
[ONECIRCLE] dist=3597.44 spd=335.466 thr=0.447668
[PURE_ATA] team=2 ata=88.8672 dist=4028.13 leadDist=1560.51 aa=31.135
[PURE_ATA] team=2 ata=88.2583 dist=4060.33 leadDist=1563.83 aa=32.3129
[SelectTarget] team=1 EnemyN=1 TgtZ=1902.65
[DIST] team=1 EnemyN=1 MyZ=1933.73 TgtZ=1902.65 Dist=4087.63
[ROOT] team=1 status=2 Z=1933.73 VP=(4294.7,5878.24,1500)
[SelectTarget] team=2 EnemyN=1 TgtZ=1933.27
[DIST] team=2 EnemyN=1 MyZ=1902.65 TgtZ=1933.27 Dist=4092.39
[PURE_ATA] team=2 ata=87.6849 dist=4092.39 leadDist=1566.73 aa=32.5409
[ROOT] team=2 status=2 Z=1902.65 VP=(8146.88,4328.86,3500)
[PURE_ATA] team=2 ata=87.1478 dist=4124.49 leadDist=1569.27 aa=30.3983
[PURE_ATA] team=2 ata=86.6134 dist=4156.86 leadDist=1571.45 aa=26.5051
[PURE_ATA] team=2 ata=86.1175 dist=4188.24 leadDist=1573.31 aa=19.7364
[PURE_ATA] team=2 ata=85.6321 dist=4219.47 leadDist=1575 aa=12.1088
[PURE_ATA] team=2 ata=85.117 dist=4250.1 leadDist=1576.6 aa=6.47779
[PURE_ATA] team=2 ata=84.5909 dist=4280.44 leadDist=1578.2 aa=3.09615
[PURE_ATA] team=2 ata=84.0268 dist=4310.32 leadDist=1579.85 aa=1.08449
[PURE_ATA] team=2 ata=83.486 dist=4339.83 leadDist=1581.58 aa=1.50114
[PURE_ATA] team=2 ata=82.9035 dist=4367.72 leadDist=1583.44 aa=4.21212
[PURE_ATA] team=2 ata=82.3443 dist=4396.13 leadDist=1585.48 aa=5.84992
[PURE_ATA] team=2 ata=81.7806 dist=4423.59 leadDist=1587.73 aa=6.79738
[PURE_ATA] team=2 ata=81.194 dist=4450.13 leadDist=1590.21 aa=7.46595
[PURE_ATA] team=2 ata=80.6172 dist=4476.5 leadDist=1592.93 aa=5.67613
[PURE_ATA] team=2 ata=80.0522 dist=4502.77 leadDist=1595.78 aa=1.39238
[PURE_ATA] team=2 ata=79.464 dist=4528.5 leadDist=1598.71 aa=11.0072
[PURE_ATA] team=2 ata=78.8517 dist=4554.05 leadDist=1601.7 aa=20.613
[PURE_ATA] team=2 ata=78.25 dist=4579.9 leadDist=1604.69 aa=28.5544
[PURE_ATA] team=2 ata=77.6439 dist=4605.22 leadDist=1607.57 aa=32.3543
[PURE_ATA] team=2 ata=77.0153 dist=4630.31 leadDist=1610.16 aa=31.4036
[PURE_ATA] team=2 ata=76.3809 dist=4655.23 leadDist=1612.36 aa=27.3921
[PURE_ATA] team=2 ata=75.7447 dist=4679.21 leadDist=1614.22 aa=20.4521
[PURE_ATA] team=2 ata=75.1202 dist=4703.58 leadDist=1615.86 aa=13.6202
[PURE_ATA] team=2 ata=74.4788 dist=4726.88 leadDist=1617.38 aa=8.89162
[PURE_ATA] team=2 ata=73.8368 dist=4749.66 leadDist=1618.84 aa=5.93688
[PURE_ATA] team=2 ata=73.1957 dist=4771.53 leadDist=1620.26 aa=2.25933
[PURE_ATA] team=2 ata=72.5537 dist=4793.28 leadDist=1621.7 aa=1.48385
[PURE_ATA] team=2 ata=71.9134 dist=4814.16 leadDist=1623.23 aa=3.67216
[PURE_ATA] team=2 ata=71.2588 dist=4834.3 leadDist=1624.87 aa=4.92279
[PURE_ATA] team=2 ata=70.6347 dist=4854.85 leadDist=1626.64 aa=5.81968
[SelectTarget] team=1 EnemyN=1 TgtZ=1896.5
[DIST] team=1 EnemyN=1 MyZ=1871.76 TgtZ=1896.5 Dist=4869.21
[ROOT] team=1 status=2 Z=1871.76 VP=(5339.9,6394.56,1500)
[SelectTarget] team=2 EnemyN=1 TgtZ=1871.42
[DIST] team=2 EnemyN=1 MyZ=1896.5 TgtZ=1871.42 Dist=4873.29
[PURE_ATA] team=2 ata=69.9878 dist=4873.29 leadDist=1628.58 aa=6.57828
[ROOT] team=2 status=2 Z=1896.5 VP=(8747.36,3440.61,3500)
[PURE_ATA] team=2 ata=69.3407 dist=4891.64 leadDist=1630.68 aa=7.25673
[PURE_ATA] team=2 ata=68.6851 dist=4908.49 leadDist=1632.96 aa=4.9148
[PURE_ATA] team=2 ata=68.0406 dist=4926.29 leadDist=1635.34 aa=3.63846
[PURE_ATA] team=2 ata=67.3857 dist=4942.96 leadDist=1637.78 aa=15.039
[PURE_ATA] team=2 ata=66.7288 dist=4959.91 leadDist=1640.24 aa=25.9095
[PURE_ATA] team=2 ata=66.0826 dist=4977.86 leadDist=1642.68 aa=34.2656
[PURE_ATA] team=2 ata=65.4121 dist=4994.27 leadDist=1644.94 aa=38.0202
[PURE_ATA] team=2 ata=64.7312 dist=5009.49 leadDist=1646.85 aa=36.8084
[PURE_ATA] team=2 ata=64.0607 dist=5025.71 leadDist=1648.31 aa=32.2201
[PURE_ATA] team=2 ata=63.3783 dist=5041.08 leadDist=1649.37 aa=24.7886
[PURE_ATA] team=2 ata=62.6999 dist=5056.02 leadDist=1650.17 aa=17.915
[PURE_ATA] team=2 ata=62.0107 dist=5070.09 leadDist=1650.78 aa=13.1263
[PURE_ATA] team=2 ata=61.3262 dist=5083.73 leadDist=1651.26 aa=9.92165
[PURE_ATA] team=2 ata=60.6406 dist=5097.64 leadDist=1651.62 aa=5.5611
[PURE_ATA] team=2 ata=59.9573 dist=5109.33 leadDist=1651.93 aa=0.941202
[PURE_ATA] team=2 ata=59.2716 dist=5121.63 leadDist=1652.23 aa=1.88332
[PURE_ATA] team=2 ata=58.5854 dist=5132.05 leadDist=1652.57 aa=3.58122
[PURE_ATA] team=2 ata=57.9026 dist=5142.44 leadDist=1652.96 aa=4.84559
[PURE_ATA] team=2 ata=57.2121 dist=5151.93 leadDist=1653.42 aa=5.93125
[PURE_ATA] team=2 ata=56.5185 dist=5160.18 leadDist=1653.98 aa=6.92017
[PURE_ATA] team=2 ata=55.8313 dist=5168.09 leadDist=1654.64 aa=7.84724
[PURE_ATA] team=2 ata=55.1495 dist=5176 leadDist=1655.41 aa=8.71751
[PURE_ATA] team=2 ata=54.4648 dist=5182.68 leadDist=1656.31 aa=9.56324
[PURE_ATA] team=2 ata=53.7812 dist=5187.84 leadDist=1657.34 aa=10.3904
[PURE_ATA] team=2 ata=53.0975 dist=5193.62 leadDist=1658.52 aa=11.2092
[PURE_ATA] team=2 ata=52.4012 dist=5197.22 leadDist=1659.86 aa=12.03
[PURE_ATA] team=2 ata=51.7286 dist=5201.21 leadDist=1661.36 aa=12.8753
[PURE_ATA] team=2 ata=51.0391 dist=5203.6 leadDist=1663.02 aa=8.87379
[PURE_ATA] team=2 ata=50.3537 dist=5206.32 leadDist=1664.79 aa=5.07093
[SelectTarget] team=1 EnemyN=1 TgtZ=1970.12
[DIST] team=1 EnemyN=1 MyZ=1833.7 TgtZ=1970.12 Dist=5206.23
[ROOT] team=1 status=2 Z=1833.7 VP=(8433.94,987.298,6619.99)
[SelectTarget] team=2 EnemyN=1 TgtZ=1833.39
[DIST] team=2 EnemyN=1 MyZ=1970.12 TgtZ=1833.39 Dist=5209.37
[PURE_ATA] team=2 ata=49.6716 dist=5209.37 leadDist=1666.61 aa=22.5901
[ROOT] team=2 status=2 Z=1970.12 VP=(8820.1,2375.24,3500)
[PURE_ATA] team=2 ata=48.9733 dist=5210.74 leadDist=1668.46 aa=37.1477
[PURE_ATA] team=2 ata=48.2877 dist=5213.44 leadDist=1670.29 aa=46.8038
[PURE_ATA] team=2 ata=47.5842 dist=5214.7 leadDist=1671.92 aa=50.6891
[PURE_ATA] team=2 ata=46.8869 dist=5215.98 leadDist=1673.19 aa=49.522
[PURE_ATA] team=2 ata=46.1848 dist=5218.09 leadDist=1673.97 aa=44.8301
[PURE_ATA] team=2 ata=45.481 dist=5219.2 leadDist=1674.31 aa=36.9112
[PURE_ATA] team=2 ata=44.7786 dist=5219.03 leadDist=1674.36 aa=29.2264
[PURE_ATA] team=2 ata=44.0677 dist=5218.36 leadDist=1674.19 aa=23.4585
[PURE_ATA] team=2 ata=43.3561 dist=5216.66 leadDist=1673.83 aa=19.1913
[PURE_ATA] team=2 ata=42.646 dist=5215.52 leadDist=1673.31 aa=12.5322
[PURE_ATA] team=2 ata=41.9404 dist=5213.09 leadDist=1672.68 aa=4.92849
[PURE_ATA] team=2 ata=41.2399 dist=5210.99 leadDist=1672.01 aa=0.0465964
[PURE_ATA] team=2 ata=40.5327 dist=5206.76 leadDist=1671.32 aa=2.99584
[PURE_ATA] team=2 ata=39.8322 dist=5202.86 leadDist=1670.65 aa=5.33758
[PURE_ATA] team=2 ata=39.1379 dist=5197.7 leadDist=1670 aa=7.41266
[PURE_ATA] team=2 ata=38.4288 dist=5191.08 leadDist=1669.4 aa=9.37033
[PURE_ATA] team=2 ata=37.7345 dist=5184.32 leadDist=1668.85 aa=11.2795
[PURE_ATA] team=2 ata=37.0379 dist=5176.99 leadDist=1668.37 aa=13.166
[PURE_ATA] team=2 ata=36.3469 dist=5168.62 leadDist=1667.98 aa=15.0905
[PURE_ATA] team=2 ata=35.6577 dist=5159.43 leadDist=1667.67 aa=17.0786
[PURE_ATA] team=2 ata=34.9719 dist=5149.42 leadDist=1667.47 aa=19.1549
[PURE_ATA] team=2 ata=34.2854 dist=5138.79 leadDist=1667.38 aa=21.3284
[PURE_ATA] team=2 ata=33.6144 dist=5128.3 leadDist=1667.41 aa=23.619
[PURE_ATA] team=2 ata=32.9485 dist=5116.98 leadDist=1667.57 aa=25.99
[PURE_ATA] team=2 ata=32.2782 dist=5103.84 leadDist=1667.86 aa=28.4683
[PURE_ATA] team=2 ata=31.6213 dist=5091.04 leadDist=1668.3 aa=31.0239
[PURE_ATA] team=2 ata=30.9628 dist=5076.39 leadDist=1668.89 aa=33.6953
[PURE_ATA] team=2 ata=30.3193 dist=5062.09 leadDist=1669.64 aa=36.5865
[PURE_ATA] team=2 ata=29.6799 dist=5045.72 leadDist=1670.55 aa=39.662
[SelectTarget] team=1 EnemyN=1 TgtZ=2082.51
[DIST] team=1 EnemyN=1 MyZ=1828.57 TgtZ=2082.51 Dist=5029.36
[ROOT] team=1 status=2 Z=1828.57 VP=(6991.21,5313.12,1666.54)
[SelectTarget] team=2 EnemyN=1 TgtZ=1828.38
[DIST] team=2 EnemyN=1 MyZ=2082.51 TgtZ=1828.38 Dist=5031.11
[PURE_ATA] team=2 ata=29.0588 dist=5031.11 leadDist=1671.62 aa=42.7708
[ROOT] team=2 status=2 Z=2082.51 VP=(8307.15,1456.13,3500)
[PURE_ATA] team=2 ata=28.4319 dist=5013.55 leadDist=1672.86 aa=46.087
[PURE_ATA] team=2 ata=27.824 dist=4996.33 leadDist=1674.25 aa=36.87
[PURE_ATA] team=2 ata=27.2219 dist=4978.57 leadDist=1675.74 aa=4.90849
[PURE_ATA] team=2 ata=26.6374 dist=4959.92 leadDist=1677.29 aa=44.645
[PURE_ATA] team=2 ata=26.0616 dist=4942.09 leadDist=1678.87 aa=62.0767
[PURE_ATA] team=2 ata=25.5049 dist=4924.77 leadDist=1680.43 aa=70.1244
[PURE_ATA] team=2 ata=24.9624 dist=4908.09 leadDist=1681.8 aa=73.2288
[PURE_ATA] team=2 ata=24.4231 dist=4889.66 leadDist=1682.8 aa=72.9642
[PURE_ATA] team=2 ata=23.9063 dist=4871.54 leadDist=1683.3 aa=70.4846
[PURE_ATA] team=2 ata=23.4052 dist=4852.61 leadDist=1683.35 aa=66.0826
[PURE_ATA] team=2 ata=22.9214 dist=4833.01 leadDist=1683.1 aa=61.7985
[PURE_ATA] team=2 ata=22.4517 dist=4812.84 leadDist=1682.6 aa=58.6865
[PURE_ATA] team=2 ata=22.0131 dist=4792.98 leadDist=1681.89 aa=56.1346
[PURE_ATA] team=2 ata=21.5984 dist=4772.43 leadDist=1681 aa=48.012
[PURE_ATA] team=2 ata=21.2068 dist=4749.86 leadDist=1679.97 aa=29.815
[PURE_ATA] team=2 ata=20.8529 dist=4729.03 leadDist=1678.88 aa=8.32606
[PURE_ATA] team=2 ata=20.5298 dist=4706.17 leadDist=1677.76 aa=12.9301
[PURE_ATA] team=2 ata=20.2418 dist=4682.56 leadDist=1676.64 aa=35.2574
[PURE_ATA] team=2 ata=19.997 dist=4659.39 leadDist=1675.52 aa=56.9435
[PURE_ATA] team=2 ata=19.7955 dist=4634.05 leadDist=1674.43 aa=75.0118
[PURE_ATA] team=2 ata=19.6348 dist=4609.44 leadDist=1673.38 aa=88.6443
[PURE_ATA] team=2 ata=19.5271 dist=4583.86 leadDist=1672.38 aa=98.4543
[PURE_ATA] team=2 ata=19.4656 dist=4557.66 leadDist=1671.45 aa=105.736
[PURE_ATA] team=2 ata=19.4594 dist=4530.56 leadDist=1670.59 aa=111.176
[PURE_ATA] team=2 ata=19.5104 dist=4502.66 leadDist=1669.82 aa=115.457
[PURE_ATA] team=2 ata=19.6182 dist=4475.24 leadDist=1669.14 aa=118.998
[PURE_ATA] team=2 ata=19.7833 dist=4447.07 leadDist=1668.57 aa=122.099
[PURE_ATA] team=2 ata=19.9964 dist=4418.06 leadDist=1668.12 aa=124.929
[PURE_ATA] team=2 ata=20.2323 dist=4388.2 leadDist=1667.78 aa=127.59
[SelectTarget] team=1 EnemyN=1 TgtZ=2233.66
[DIST] team=1 EnemyN=1 MyZ=1832.41 TgtZ=2233.66 Dist=4358.29
[ROOT] team=1 status=2 Z=1832.41 VP=(6813.49,4241.69,1918.44)
[SelectTarget] team=2 EnemyN=1 TgtZ=1832.43
[DIST] team=2 EnemyN=1 MyZ=2233.66 TgtZ=1832.43 Dist=4357.48
[PURE_ATA] team=2 ata=20.4794 dist=4357.48 leadDist=1667.57 aa=130.076
[ROOT] team=2 status=2 Z=2233.66 VP=(7370.05,1005.29,3500)
[PURE_ATA] team=2 ata=20.7413 dist=4325.96 leadDist=1667.48 aa=132.453
[PURE_ATA] team=2 ata=21.0113 dist=4296.22 leadDist=1667.52 aa=134.867
[PURE_ATA] team=2 ata=21.2833 dist=4264.32 leadDist=1667.69 aa=137.122
[PURE_ATA] team=2 ata=21.5517 dist=4231.48 leadDist=1667.98 aa=139.19
[PURE_ATA] team=2 ata=21.8104 dist=4199.13 leadDist=1668.39 aa=141.117
[PURE_ATA] team=2 ata=22.0594 dist=4165.87 leadDist=1668.92 aa=142.889
[PURE_ATA] team=2 ata=22.2975 dist=4133.04 leadDist=1669.57 aa=144.526
[PURE_ATA] team=2 ata=22.5278 dist=4098.03 leadDist=1670.34 aa=146.051
[PURE_ATA] team=2 ata=22.7481 dist=4064.71 leadDist=1671.22 aa=147.434
[PURE_ATA] team=2 ata=22.9665 dist=4029.17 leadDist=1672.2 aa=148.72
[SelectTarget] team=1 EnemyN=1 TgtZ=2394.99
[DIST] team=1 EnemyN=1 MyZ=1817.55 TgtZ=2394.99 Dist=3259.88
[ROOT] team=1 status=2 Z=1817.55 VP=(7082.19,3432.59,1867.45)
[SelectTarget] team=2 EnemyN=1 TgtZ=1817.89
[DIST] team=2 EnemyN=1 MyZ=2394.99 TgtZ=1817.89 Dist=3257.97
[ROOT] team=2 status=2 Z=2394.99 VP=(6365.72,1222.66,2394.99)
[SelectTarget] team=1 EnemyN=1 TgtZ=2373.46
[DIST] team=1 EnemyN=1 MyZ=1850.07 TgtZ=2373.46 Dist=1856.29
[ROOT] team=1 status=2 Z=1850.07 VP=(6684.52,3690.54,2374.17)
[SelectTarget] team=2 EnemyN=1 TgtZ=1850.12
[DIST] team=2 EnemyN=1 MyZ=2373.46 TgtZ=1850.12 Dist=1852.99
[ROOT] team=2 status=2 Z=2373.46 VP=(5691.66,1974.05,2373.46)
[SelectTarget] team=1 EnemyN=1 TgtZ=2314.67
[DIST] team=1 EnemyN=1 MyZ=1921.46 TgtZ=2314.67 Dist=566.995
[ROOT] team=1 status=2 Z=1921.46 VP=(6119.61,2864.83,2316.64)
[SelectTarget] team=2 EnemyN=1 TgtZ=1922.38
[DIST] team=2 EnemyN=1 MyZ=2314.67 TgtZ=1922.38 Dist=566.952
[ROOT] team=2 status=2 Z=2314.67 VP=(5654.44,2966.96,2314.67)
[CLAMP_DIAG] team=1 rawDist=698.339 offBoresightDeg=149.643 clamped=1
[CLAMP_DIAG] team=2 rawDist=562.272 offBoresightDeg=98.2806 clamped=1
[ONECIRCLE] dist=1359.66 spd=305.269 thr=0.598656
[SelectTarget] team=1 EnemyN=1 TgtZ=2169.62
[DIST] team=1 EnemyN=1 MyZ=2243.58 TgtZ=2169.62 Dist=1430.53
[ROOT] team=1 status=2 Z=2243.58 VP=(4362.4,2878.86,1620.93)
[SelectTarget] team=2 EnemyN=1 TgtZ=2246.02
[DIST] team=2 EnemyN=1 MyZ=2169.62 TgtZ=2246.02 Dist=1434
[ROOT] team=2 status=2 Z=2169.62 VP=(5940.31,3837.77,2169.62)
[SelectTarget] team=1 EnemyN=1 TgtZ=1989.16
[DIST] team=1 EnemyN=1 MyZ=2586.59 TgtZ=1989.16 Dist=2166.69
[ROOT] team=1 status=2 Z=2586.59 VP=(3732.14,3652.7,1936.59)
[SelectTarget] team=2 EnemyN=1 TgtZ=2587.64
[DIST] team=2 EnemyN=1 MyZ=1989.16 TgtZ=2587.64 Dist=2167.86
[ROOT] team=2 status=2 Z=1989.16 VP=(5657.4,4620.02,2000)
[SelectTarget] team=1 EnemyN=1 TgtZ=1903.75
[DIST] team=1 EnemyN=1 MyZ=2590.63 TgtZ=1903.75 Dist=1818.54
[ROOT] team=1 status=2 Z=2590.63 VP=(3832.9,3661.47,1940.63)
[SelectTarget] team=2 EnemyN=1 TgtZ=2589.67
[DIST] team=2 EnemyN=1 MyZ=1903.75 TgtZ=2589.67 Dist=1816.22
[ROOT] team=2 status=2 Z=1903.75 VP=(4900.88,5015.84,2000)
[SelectTarget] team=1 EnemyN=1 TgtZ=1839.25
[DIST] team=1 EnemyN=1 MyZ=2272.21 TgtZ=1839.25 Dist=560.053
[ROOT] team=1 status=2 Z=2272.21 VP=(3784.63,4545.58,1992.19)
[SelectTarget] team=2 EnemyN=1 TgtZ=2270.22
[DIST] team=2 EnemyN=1 MyZ=1839.25 TgtZ=2270.22 Dist=555.62
[ROOT] team=2 status=2 Z=1839.25 VP=(4133.78,4802.5,2000)
[CLAMP_DIAG] team=2 rawDist=330.508 offBoresightDeg=14.8139 clamped=0
[SelectTarget] team=1 EnemyN=1 TgtZ=2045.72
[DIST] team=1 EnemyN=1 MyZ=2034.91 TgtZ=2045.72 Dist=1390.46
[ROOT] team=1 status=2 Z=2034.91 VP=(4688.87,5826.74,2631.43)
[SelectTarget] team=2 EnemyN=1 TgtZ=2034.46
[DIST] team=2 EnemyN=1 MyZ=2045.72 TgtZ=2034.46 Dist=1395.94
[ROOT] team=2 status=2 Z=2045.72 VP=(3467.33,4226.88,2045.72)
[ONECIRCLE] dist=2100.8 spd=270.544 thr=0.77228
[SelectTarget] team=1 EnemyN=1 TgtZ=2700.46
[DIST] team=1 EnemyN=1 MyZ=2201.25 TgtZ=2700.46 Dist=2700.71
[ROOT] team=1 status=2 Z=2201.25 VP=(5029.74,5246.98,3409.37)
[SelectTarget] team=2 EnemyN=1 TgtZ=2203.56
[DIST] team=2 EnemyN=1 MyZ=2700.46 TgtZ=2203.56 Dist=2705.06
[ROOT] team=2 status=2 Z=2700.46 VP=(2723.49,3765.31,2700.46)
[SelectTarget] team=1 EnemyN=1 TgtZ=3361.6
[DIST] team=1 EnemyN=1 MyZ=2815.42 TgtZ=3361.6 Dist=3011.22
[ROOT] team=1 status=2 Z=2815.42 VP=(4503.19,4718.85,3715.71)
[SelectTarget] team=2 EnemyN=1 TgtZ=2819.59
[DIST] team=2 EnemyN=1 MyZ=3361.6 TgtZ=2819.59 Dist=3012.08
[ROOT] team=2 status=2 Z=3361.6 VP=(2163.6,3679.44,3361.6)
[SelectTarget] team=1 EnemyN=1 TgtZ=3664.45
[DIST] team=1 EnemyN=1 MyZ=3541.97 TgtZ=3664.45 Dist=2321.3
[ROOT] team=1 status=2 Z=3541.97 VP=(4155.94,5234.27,3631.93)
[SelectTarget] team=2 EnemyN=1 TgtZ=3545.38
[DIST] team=2 EnemyN=1 MyZ=3664.45 TgtZ=3545.38 Dist=2318.58
[ROOT] team=2 status=2 Z=3664.45 VP=(2141.19,3879.37,3664.45)
[SelectTarget] team=1 EnemyN=1 TgtZ=3666.39
[DIST] team=1 EnemyN=1 MyZ=3926.4 TgtZ=3666.39 Dist=1118.07
[ROOT] team=1 status=2 Z=3926.4 VP=(3762.56,4951.05,3669.04)
[SelectTarget] team=2 EnemyN=1 TgtZ=3927.06
[DIST] team=2 EnemyN=1 MyZ=3666.39 TgtZ=3927.06 Dist=1114.42
[ROOT] team=2 status=2 Z=3666.39 VP=(2581.83,4232.25,3666.39)
[ONECIRCLE] dist=505.113 spd=247.909 thr=0.885457
[CLAMP_DIAG] team=2 rawDist=299.995 offBoresightDeg=0.326 clamped=0
[CLAMP_DIAG] team=1 rawDist=142.957 offBoresightDeg=40.7995 clamped=0
[SelectTarget] team=1 EnemyN=1 TgtZ=3626.33
[DIST] team=1 EnemyN=1 MyZ=3819.98 TgtZ=3626.33 Dist=394.055
[ROOT] team=1 status=2 Z=3819.98 VP=(2479.21,4249.38,3624.29)
[SelectTarget] team=2 EnemyN=1 TgtZ=3818.37
[DIST] team=2 EnemyN=1 MyZ=3626.33 TgtZ=3818.37 Dist=396.72
[ROOT] team=2 status=2 Z=3626.33 VP=(3150.59,4616,3626.33)
[SelectTarget] team=1 EnemyN=1 TgtZ=3636.88
[DIST] team=1 EnemyN=1 MyZ=3277.8 TgtZ=3636.88 Dist=1617.89
[ROOT] team=1 status=2 Z=3277.8 VP=(1417.51,4746.96,3387.56)
[SelectTarget] team=2 EnemyN=1 TgtZ=3273.61
[DIST] team=2 EnemyN=1 MyZ=3636.88 TgtZ=3273.61 Dist=1620.41
[ROOT] team=2 status=2 Z=3636.88 VP=(3600.53,4836.05,3636.88)
[SelectTarget] team=1 EnemyN=1 TgtZ=3699.92
[DIST] team=1 EnemyN=1 MyZ=2500.31 TgtZ=3699.92 Dist=2317.78
[ROOT] team=1 status=2 Z=2500.31 VP=(2668.88,6089.06,7322.76)
[SelectTarget] team=2 EnemyN=1 TgtZ=2496.44
[DIST] team=2 EnemyN=1 MyZ=3699.92 TgtZ=2496.44 Dist=2318.53
[ROOT] team=2 status=2 Z=3699.92 VP=(3503.27,5068.17,3699.92)
[SelectTarget] team=1 EnemyN=1 TgtZ=3752.68
[DIST] team=1 EnemyN=1 MyZ=2043.11 TgtZ=3752.68 Dist=2314.61
[ROOT] team=1 status=2 Z=2043.11 VP=(1461.62,5358.58,3738.68)
[SelectTarget] team=2 EnemyN=1 TgtZ=2042.11
[DIST] team=2 EnemyN=1 MyZ=3752.68 TgtZ=2042.11 Dist=2313.41
[ROOT] team=2 status=2 Z=3752.68 VP=(3038.11,5657.21,3752.68)
[ONECIRCLE] dist=2062.28 spd=234.225 thr=0.953877
[CLAMP_DIAG] team=2 rawDist=522.892 offBoresightDeg=3.3298 clamped=0
[SelectTarget] team=1 EnemyN=1 TgtZ=3757.1
[DIST] team=1 EnemyN=1 MyZ=2129.33 TgtZ=3757.1 Dist=1687.01
[ROOT] team=1 status=2 Z=2129.33 VP=(1832.44,5898.42,3750.96)
[SelectTarget] team=2 EnemyN=1 TgtZ=2131.3
[DIST] team=2 EnemyN=1 MyZ=3757.1 TgtZ=2131.3 Dist=1684.41
[ROOT] team=2 status=2 Z=3757.1 VP=(2342.9,6176.48,3757.1)
[CLAMP_DIAG] team=2 rawDist=774.841 offBoresightDeg=144.107 clamped=1
[SelectTarget] team=1 EnemyN=1 TgtZ=3725.3
[DIST] team=1 EnemyN=1 MyZ=2701.1 TgtZ=3725.3 Dist=1325.12
[ROOT] team=1 status=2 Z=2701.1 VP=(2507.48,6248.7,3726.3)
[SelectTarget] team=2 EnemyN=1 TgtZ=2705.18
[DIST] team=2 EnemyN=1 MyZ=3725.3 TgtZ=2705.18 Dist=1323.04
[ROOT] team=2 status=2 Z=3725.3 VP=(1775.82,6305.29,3725.3)
[SelectTarget] team=1 EnemyN=1 TgtZ=3662.62
[DIST] team=1 EnemyN=1 MyZ=3434.73 TgtZ=3662.62 Dist=1439.84
[ROOT] team=1 status=2 Z=3434.73 VP=(3038.5,6763.58,3669.74)
[SelectTarget] team=2 EnemyN=1 TgtZ=3438.31
[DIST] team=2 EnemyN=1 MyZ=3662.62 TgtZ=3438.31 Dist=1437.76
[ROOT] team=2 status=2 Z=3662.62 VP=(1780.47,6293.21,3662.62)
[SelectTarget] team=1 EnemyN=1 TgtZ=3529.18
[DIST] team=1 EnemyN=1 MyZ=3875.63 TgtZ=3529.18 Dist=1398.03
[ROOT] team=1 status=2 Z=3875.63 VP=(3014.65,7484.91,3547.4)
[SelectTarget] team=2 EnemyN=1 TgtZ=3876.81
[DIST] team=2 EnemyN=1 MyZ=3529.18 TgtZ=3876.81 Dist=1395.5
[ROOT] team=2 status=2 Z=3529.18 VP=(2251.56,6434.1,3529.18)
[ONECIRCLE] dist=1340.23 spd=250.275 thr=0.873625
[SelectTarget] team=1 EnemyN=1 TgtZ=3334.23
[DIST] team=1 EnemyN=1 MyZ=3884.85 TgtZ=3334.23 Dist=1293.98
[ROOT] team=1 status=2 Z=3884.85 VP=(2475.85,7938.57,3361)
[SelectTarget] team=2 EnemyN=1 TgtZ=3883.94
[DIST] team=2 EnemyN=1 MyZ=3334.23 TgtZ=3883.94 Dist=1291.77
[ROOT] team=2 status=2 Z=3334.23 VP=(2734.91,6854.07,3334.23)
[SelectTarget] team=1 EnemyN=1 TgtZ=3073.3
[DIST] team=1 EnemyN=1 MyZ=3616.61 TgtZ=3073.3 Dist=1297.87
[ROOT] team=1 status=2 Z=3616.61 VP=(1796.28,7824.55,3111.2)
[SelectTarget] team=2 EnemyN=1 TgtZ=3614.69
[DIST] team=2 EnemyN=1 MyZ=3073.3 TgtZ=3614.69 Dist=1295.41
[ROOT] team=2 status=2 Z=3073.3 VP=(2848.24,7459.21,3073.3)
[SelectTarget] team=1 EnemyN=1 TgtZ=2712.02
[DIST] team=1 EnemyN=1 MyZ=3229.73 TgtZ=2712.02 Dist=1360.75
[ROOT] team=1 status=2 Z=3229.73 VP=(1482.75,7240.02,2767.46)
[SelectTarget] team=2 EnemyN=1 TgtZ=3227.41
[DIST] team=2 EnemyN=1 MyZ=2712.02 TgtZ=3227.41 Dist=1358.2
[ROOT] team=2 status=2 Z=2712.02 VP=(2469.76,7922.12,2712.02)
[SelectTarget] team=1 EnemyN=1 TgtZ=2269.15
[DIST] team=1 EnemyN=1 MyZ=2799.12 TgtZ=2269.15 Dist=1349.57
[ROOT] team=1 status=2 Z=2799.12 VP=(1789.22,6690.53,2350.04)
[SelectTarget] team=2 EnemyN=1 TgtZ=2796.69
[DIST] team=2 EnemyN=1 MyZ=2269.15 TgtZ=2796.69 Dist=1347.4
[ROOT] team=2 status=2 Z=2269.15 VP=(3096.68,5750.78,7039.37)
[SelectTarget] team=1 EnemyN=1 TgtZ=1997.76
[DIST] team=1 EnemyN=1 MyZ=2368.59 TgtZ=1997.76 Dist=1445.68
[ROOT] team=1 status=2 Z=2368.59 VP=(1955.86,5807.53,7142.87)
[SelectTarget] team=2 EnemyN=1 TgtZ=2366.33
[DIST] team=2 EnemyN=1 MyZ=1997.76 TgtZ=2366.33 Dist=1442.07
[ROOT] team=2 status=2 Z=1997.76 VP=(4065.57,6005.47,6770.38)
[ONECIRCLE] dist=1526.84 spd=296.729 thr=0.641355
[SelectTarget] team=1 EnemyN=1 TgtZ=1857.65
[DIST] team=1 EnemyN=1 MyZ=2059.42 TgtZ=1857.65 Dist=1571.82
[ROOT] team=1 status=2 Z=2059.42 VP=(3338.47,6319.6,1865.13)
[SelectTarget] team=2 EnemyN=1 TgtZ=2058.24
[DIST] team=2 EnemyN=1 MyZ=1857.65 TgtZ=2058.24 Dist=1568.26
[ROOT] team=2 status=2 Z=1857.65 VP=(1912.41,6522.65,2000)
[SelectTarget] team=1 EnemyN=1 TgtZ=1872.58
[DIST] team=1 EnemyN=1 MyZ=1909.11 TgtZ=1872.58 Dist=1730.82
[ROOT] team=1 status=2 Z=1909.11 VP=(4040.21,6789.95,1857.92)
[SelectTarget] team=2 EnemyN=1 TgtZ=1908.58
[DIST] team=2 EnemyN=1 MyZ=1872.58 TgtZ=1908.58 Dist=1727.46
[ROOT] team=2 status=2 Z=1872.58 VP=(2615.66,6015.46,2000)
[SelectTarget] team=1 EnemyN=1 TgtZ=1948.27
[DIST] team=1 EnemyN=1 MyZ=1843.63 TgtZ=1948.27 Dist=1809.85
[ROOT] team=1 status=2 Z=1843.63 VP=(4149.31,7588.13,1930.58)
[SelectTarget] team=2 EnemyN=1 TgtZ=1843.35
[DIST] team=2 EnemyN=1 MyZ=1948.27 TgtZ=1843.35 Dist=1807.03
[ROOT] team=2 status=2 Z=1948.27 VP=(3502.43,6002.05,2000)
[SelectTarget] team=1 EnemyN=1 TgtZ=1996.5
[DIST] team=1 EnemyN=1 MyZ=1831.13 TgtZ=1996.5 Dist=1786.31
[ROOT] team=1 status=2 Z=1831.13 VP=(3616.67,8143.74,1986.23)
[SelectTarget] team=2 EnemyN=1 TgtZ=1831.08
[DIST] team=2 EnemyN=1 MyZ=1996.5 TgtZ=1831.08 Dist=1783.61
[ROOT] team=2 status=2 Z=1996.5 VP=(4202.29,6545.46,2000)
[ONECIRCLE] dist=1637.66 spd=258.558 thr=0.832212
[SelectTarget] team=1 EnemyN=1 TgtZ=1953.35
[DIST] team=1 EnemyN=1 MyZ=1801.35 TgtZ=1953.35 Dist=1628.72
[ROOT] team=1 status=2 Z=1801.35 VP=(2876.66,8046.19,1958.55)
[SelectTarget] team=2 EnemyN=1 TgtZ=1801.36
[DIST] team=2 EnemyN=1 MyZ=1953.35 TgtZ=1801.36 Dist=1625.65
[ROOT] team=2 status=2 Z=1953.35 VP=(4296.59,7405.54,2000)
[SelectTarget] team=1 EnemyN=1 TgtZ=1882.4
[DIST] team=1 EnemyN=1 MyZ=1799.17 TgtZ=1882.4 Dist=1523.64
[ROOT] team=1 status=2 Z=1799.17 VP=(2460.66,8663.79,6588.33)
[SelectTarget] team=2 EnemyN=1 TgtZ=1798.99
[DIST] team=2 EnemyN=1 MyZ=1882.4 TgtZ=1798.99 Dist=1520.71
[ROOT] team=2 status=2 Z=1882.4 VP=(3760.8,8063.01,2000)
[SelectTarget] team=1 EnemyN=1 TgtZ=1859.19
[DIST] team=1 EnemyN=1 MyZ=1881.42 TgtZ=1859.19 Dist=1682.28
[ROOT] team=1 status=2 Z=1881.42 VP=(2656.93,6682.03,1857.47)
[SelectTarget] team=2 EnemyN=1 TgtZ=1881.81
[DIST] team=2 EnemyN=1 MyZ=1859.19 TgtZ=1881.81 Dist=1681.75
[ROOT] team=2 status=2 Z=1859.19 VP=(2929.85,8265.61,2000)
[SelectTarget] team=1 EnemyN=1 TgtZ=1817.65
[DIST] team=1 EnemyN=1 MyZ=1863.74 TgtZ=1817.65 Dist=1872.37
[ROOT] team=1 status=2 Z=1863.74 VP=(3326.33,6394.12,1817.86)
[SelectTarget] team=2 EnemyN=1 TgtZ=1863.45
[DIST] team=2 EnemyN=1 MyZ=1817.65 TgtZ=1863.45 Dist=1871.24
[ROOT] team=2 status=2 Z=1817.65 VP=(2221.11,7820.15,2000)
[SelectTarget] team=1 EnemyN=1 TgtZ=1819.61
[DIST] team=1 EnemyN=1 MyZ=1826.97 TgtZ=1819.61 Dist=2087.1
[ROOT] team=1 status=2 Z=1826.97 VP=(3966.73,6740.51,1812.49)
[SelectTarget] team=2 EnemyN=1 TgtZ=1826.87
[DIST] team=2 EnemyN=1 MyZ=1819.61 TgtZ=1826.87 Dist=2086.21
[ROOT] team=2 status=2 Z=1819.61 VP=(1972.46,7003.01,2000)
[ONECIRCLE] dist=2252.5 spd=249.606 thr=0.876969
[SelectTarget] team=1 EnemyN=1 TgtZ=2052.47
[DIST] team=1 EnemyN=1 MyZ=1811.29 TgtZ=2052.47 Dist=2344.19
[ROOT] team=1 status=2 Z=1811.29 VP=(4286.95,7364.79,2001.18)
[SelectTarget] team=2 EnemyN=1 TgtZ=1811.43
[DIST] team=2 EnemyN=1 MyZ=2052.47 TgtZ=1811.43 Dist=2343.47
[ROOT] team=2 status=2 Z=2052.47 VP=(2319.64,6222.1,2052.47)
[SelectTarget] team=1 EnemyN=1 TgtZ=2324.58
[DIST] team=1 EnemyN=1 MyZ=1824.56 TgtZ=2324.58 Dist=2320.24
[ROOT] team=1 status=2 Z=1824.56 VP=(4032.09,7942.25,2275.42)
[SelectTarget] team=2 EnemyN=1 TgtZ=1824.53
[DIST] team=2 EnemyN=1 MyZ=2324.58 TgtZ=1824.53 Dist=2318.38
[ROOT] team=2 status=2 Z=2324.58 VP=(3096.89,5908.12,2324.58)
[SelectTarget] team=1 EnemyN=1 TgtZ=2549.27
[DIST] team=1 EnemyN=1 MyZ=1844.15 TgtZ=2549.27 Dist=1960.1
[ROOT] team=1 status=2 Z=1844.15 VP=(3433.44,8099.03,2508.93)
[SelectTarget] team=2 EnemyN=1 TgtZ=1844.51
[DIST] team=2 EnemyN=1 MyZ=2549.27 TgtZ=1844.51 Dist=1957.1
[ROOT] team=2 status=2 Z=2549.27 VP=(3819.16,6316.02,2549.27)
[SelectTarget] team=1 EnemyN=1 TgtZ=2702.17
[DIST] team=1 EnemyN=1 MyZ=1985.25 TgtZ=2702.17 Dist=1427.49
[ROOT] team=1 status=2 Z=1985.25 VP=(2913.01,7748.29,2675.19)
[SelectTarget] team=2 EnemyN=1 TgtZ=1986.49
[DIST] team=2 EnemyN=1 MyZ=2702.17 TgtZ=1986.49 Dist=1424.35
[ROOT] team=2 status=2 Z=2702.17 VP=(3962.94,7109.01,2702.17)
[ONECIRCLE] dist=1177.16 spd=222.135 thr=1
[SelectTarget] team=1 EnemyN=1 TgtZ=2788.31
[DIST] team=1 EnemyN=1 MyZ=2277.72 TgtZ=2788.31 Dist=1053.32
[ROOT] team=1 status=2 Z=2277.72 VP=(2801.61,7115.65,2771.03)
[SelectTarget] team=2 EnemyN=1 TgtZ=2279.63
[DIST] team=2 EnemyN=1 MyZ=2788.31 TgtZ=2279.63 Dist=1050.88
[ROOT] team=2 status=2 Z=2788.31 VP=(3480.01,7656.45,2788.31)
[SelectTarget] team=1 EnemyN=1 TgtZ=2847.57
[DIST] team=1 EnemyN=1 MyZ=2622.49 TgtZ=2847.57 Dist=1138.28
[ROOT] team=1 status=2 Z=2622.49 VP=(3172.7,6586.06,2832)
[SelectTarget] team=2 EnemyN=1 TgtZ=2624.26
[DIST] team=2 EnemyN=1 MyZ=2847.57 TgtZ=2624.26 Dist=1136.67
[ROOT] team=2 status=2 Z=2847.57 VP=(2830.9,7550.45,2847.57)
[SelectTarget] team=1 EnemyN=1 TgtZ=2923.11
[DIST] team=1 EnemyN=1 MyZ=2880.43 TgtZ=2923.11 Dist=1440.19
[ROOT] team=1 status=2 Z=2880.43 VP=(3808.09,6471.7,2902.29)
[SelectTarget] team=2 EnemyN=1 TgtZ=2881.47
[DIST] team=2 EnemyN=1 MyZ=2923.11 TgtZ=2881.47 Dist=1438.91
[ROOT] team=2 status=2 Z=2923.11 VP=(2553.07,6946.65,2923.11)
[SelectTarget] team=1 EnemyN=1 TgtZ=3045.95
[DIST] team=1 EnemyN=1 MyZ=2995.18 TgtZ=3045.95 Dist=1673.23
[ROOT] team=1 status=2 Z=2995.18 VP=(4335.2,6830.18,3015.28)
[SelectTarget] team=2 EnemyN=1 TgtZ=2995.46
[DIST] team=2 EnemyN=1 MyZ=3045.95 TgtZ=2995.46 Dist=1671.44
[ROOT] team=2 status=2 Z=3045.95 VP=(2838.09,6320.05,3045.95)
[ONECIRCLE] dist=1727.53 spd=218.225 thr=1
[SelectTarget] team=1 EnemyN=1 TgtZ=3225.74
[DIST] team=1 EnemyN=1 MyZ=3008.52 TgtZ=3225.74 Dist=1735.64
[ROOT] team=1 status=2 Z=3008.52 VP=(4462.01,7434.47,3184.53)
[SelectTarget] team=2 EnemyN=1 TgtZ=3008.48
[DIST] team=2 EnemyN=1 MyZ=3225.74 TgtZ=3008.48 Dist=1733.58
[ROOT] team=2 status=2 Z=3225.74 VP=(3496.08,6102.68,3225.74)
[SelectTarget] team=1 EnemyN=1 TgtZ=3450.07
[DIST] team=1 EnemyN=1 MyZ=3019.06 TgtZ=3450.07 Dist=1611.68
[ROOT] team=1 status=2 Z=3019.06 VP=(4152.84,7931.26,3400.88)
[SelectTarget] team=2 EnemyN=1 TgtZ=3019.3
[DIST] team=2 EnemyN=1 MyZ=3450.07 TgtZ=3019.3 Dist=1607.81
[ROOT] team=2 status=2 Z=3450.07 VP=(4106.29,6440.81,3450.07)
[SelectTarget] team=1 EnemyN=1 TgtZ=3693.45
[DIST] team=1 EnemyN=1 MyZ=3120.14 TgtZ=3693.45 Dist=1350.26
[ROOT] team=1 status=2 Z=3120.14 VP=(3614.91,8066.47,3641.34)
[SelectTarget] team=2 EnemyN=1 TgtZ=3121.06
[DIST] team=2 EnemyN=1 MyZ=3693.45 TgtZ=3121.06 Dist=1347.76
[ROOT] team=2 status=2 Z=3693.45 VP=(4288.13,7104.98,3693.45)
[SelectTarget] team=1 EnemyN=1 TgtZ=3934.12
[DIST] team=1 EnemyN=1 MyZ=3349.64 TgtZ=3934.12 Dist=1068.85
[ROOT] team=1 status=2 Z=3349.64 VP=(3145.65,7802.46,3882.09)
[SelectTarget] team=2 EnemyN=1 TgtZ=3351.24
[DIST] team=2 EnemyN=1 MyZ=3934.12 TgtZ=3351.24 Dist=1065.44
[ROOT] team=2 status=2 Z=3934.12 VP=(3973.09,7661.82,3934.12)
[ONECIRCLE] dist=955.847 spd=195.693 thr=1
[CLAMP_DIAG] team=2 rawDist=757.222 offBoresightDeg=112.03 clamped=1
[SelectTarget] team=1 EnemyN=1 TgtZ=4176.02
[DIST] team=1 EnemyN=1 MyZ=3670.14 TgtZ=4176.02 Dist=899.672
[ROOT] team=1 status=2 Z=3670.14 VP=(2971.41,7306.19,4121.53)
[SelectTarget] team=2 EnemyN=1 TgtZ=3672.02
[DIST] team=2 EnemyN=1 MyZ=4176.02 TgtZ=3672.02 Dist=897.145
[ROOT] team=2 status=2 Z=4176.02 VP=(3423.77,7795.99,4176.02)
[CLAMP_DIAG] team=1 rawDist=794.621 offBoresightDeg=18.6616 clamped=0
[CLAMP_DIAG] team=2 rawDist=746.078 offBoresightDeg=121.113 clamped=1
[SelectTarget] team=1 EnemyN=1 TgtZ=4451.33
[DIST] team=1 EnemyN=1 MyZ=4001.65 TgtZ=4451.33 Dist=880.895
[ROOT] team=1 status=2 Z=4001.65 VP=(3142.29,6842.74,4386.43)
[SelectTarget] team=2 EnemyN=1 TgtZ=4003.4
[DIST] team=2 EnemyN=1 MyZ=4451.33 TgtZ=4003.4 Dist=878.197
[ROOT] team=2 status=2 Z=4451.33 VP=(2997.94,7496.78,4451.33)
[CLAMP_DIAG] team=1 rawDist=778.394 offBoresightDeg=24.8739 clamped=0
[CLAMP_DIAG] team=2 rawDist=770.297 offBoresightDeg=114.548 clamped=1
[SelectTarget] team=1 EnemyN=1 TgtZ=4802.25
[DIST] team=1 EnemyN=1 MyZ=4295.67 TgtZ=4802.25 Dist=918.443
[ROOT] team=1 status=2 Z=4295.67 VP=(3499.46,6629.25,4715.75)
[SelectTarget] team=2 EnemyN=1 TgtZ=4297.21
[DIST] team=2 EnemyN=1 MyZ=4802.25 TgtZ=4297.21 Dist=915.866
[ROOT] team=2 status=2 Z=4802.25 VP=(2917.59,7004.35,4802.25)
[CLAMP_DIAG] team=1 rawDist=815.486 offBoresightDeg=24.9091 clamped=0
runner:local/env:0	num_steps=[11999] | total rewards=[-49.1290] | termination= [max time out]
[seed 6] reward=   -49.13 ownHP=1.0000 tgtHP=1.0000 max time out
total: 2
[SelectTarget] team=1 EnemyN=1 TgtZ=7004.76
[DIST] team=1 EnemyN=1 MyZ=7216.85 TgtZ=7004.76 Dist=2583.93
[ROOT] team=1 status=2 Z=7216.85 VP=(4820.43,102.031,7075.04)
[SelectTarget] team=2 EnemyN=1 TgtZ=7215.52
[DIST] team=2 EnemyN=1 MyZ=7004.76 TgtZ=7215.52 Dist=2580.17
[ROOT] team=2 status=2 Z=7004.76 VP=(4350.72,2184.71,7004.76)
[ONECIRCLE] dist=1927.1 spd=295.597 thr=0.647014
[SelectTarget] team=1 EnemyN=1 TgtZ=6982.11
[DIST] team=1 EnemyN=1 MyZ=6973.98 TgtZ=6982.11 Dist=1247.84
[ROOT] team=1 status=2 Z=6973.98 VP=(5031.98,157.191,6982.82)
[SelectTarget] team=2 EnemyN=1 TgtZ=6972.64
[DIST] team=2 EnemyN=1 MyZ=6982.11 TgtZ=6972.64 Dist=1242.71
[ROOT] team=2 status=2 Z=6982.11 VP=(4276.29,1313.9,6982.11)
[CLAMP_DIAG] team=2 rawDist=763.847 offBoresightDeg=21.8116 clamped=0
[CLAMP_DIAG] team=1 rawDist=791.079 offBoresightDeg=155.526 clamped=1
[SelectTarget] team=1 EnemyN=1 TgtZ=6880.31
[DIST] team=1 EnemyN=1 MyZ=6675.06 TgtZ=6880.31 Dist=481.453
[ROOT] team=1 status=2 Z=6675.06 VP=(3928.34,1118.47,6858.47)
[SelectTarget] team=2 EnemyN=1 TgtZ=6672.92
[DIST] team=2 EnemyN=1 MyZ=6880.31 TgtZ=6672.92 Dist=486.603
[ROOT] team=2 status=2 Z=6880.31 VP=(4510.56,459.192,6880.31)
[SelectTarget] team=1 EnemyN=1 TgtZ=6747.04
[DIST] team=1 EnemyN=1 MyZ=6154.08 TgtZ=6747.04 Dist=2147.19
[ROOT] team=1 status=2 Z=6154.08 VP=(3428.21,2227.72,6102.14)
[SelectTarget] team=2 EnemyN=1 TgtZ=6150.23
[DIST] team=2 EnemyN=1 MyZ=6747.04 TgtZ=6150.23 Dist=2151.59
[ROOT] team=2 status=2 Z=6747.04 VP=(4683.94,-343.187,6747.04)
[SelectTarget] team=1 EnemyN=1 TgtZ=6258.98
[DIST] team=1 EnemyN=1 MyZ=5312.36 TgtZ=6258.98 Dist=3285.07
[ROOT] team=1 status=2 Z=5312.36 VP=(2954.87,2359.73,5273.94)
[SelectTarget] team=2 EnemyN=1 TgtZ=5307.02
[DIST] team=2 EnemyN=1 MyZ=6258.98 TgtZ=5307.02 Dist=3287.16
[ROOT] team=2 status=2 Z=6258.98 VP=(4548.62,-870.502,6258.98)
[ONECIRCLE] dist=3517.26 spd=311.03 thr=0.569848
[SelectTarget] team=1 EnemyN=1 TgtZ=5473.9
[DIST] team=1 EnemyN=1 MyZ=4332.93 TgtZ=5473.9 Dist=3459.74
[ROOT] team=1 status=2 Z=4332.93 VP=(2707.11,2041.51,4357.41)
[SelectTarget] team=2 EnemyN=1 TgtZ=4327.75
[DIST] team=2 EnemyN=1 MyZ=5473.9 TgtZ=4327.75 Dist=3459.18
[ROOT] team=2 status=2 Z=5473.9 VP=(4158.73,-881.237,5473.9)
[SelectTarget] team=1 EnemyN=1 TgtZ=4601.66
[DIST] team=1 EnemyN=1 MyZ=3581.41 TgtZ=4601.66 Dist=2526.38
[ROOT] team=1 status=2 Z=3581.41 VP=(2608.87,1178.74,3713.48)
[SelectTarget] team=2 EnemyN=1 TgtZ=3578.62
[DIST] team=2 EnemyN=1 MyZ=4601.66 TgtZ=3578.62 Dist=2522.74
[ROOT] team=2 status=2 Z=4601.66 VP=(3621.26,-302.933,4601.66)
[CLAMP_DIAG] team=2 rawDist=862.908 offBoresightDeg=35.3148 clamped=0
[SelectTarget] team=1 EnemyN=1 TgtZ=3903.85
[DIST] team=1 EnemyN=1 MyZ=3412.37 TgtZ=3903.85 Dist=799.521
[ROOT] team=1 status=2 Z=3412.37 VP=(1006.18,-868.032,1741.27)
[SelectTarget] team=2 EnemyN=1 TgtZ=3413.14
[DIST] team=2 EnemyN=1 MyZ=3903.85 TgtZ=3413.14 Dist=794.345
[ROOT] team=2 status=2 Z=3903.85 VP=(3028.38,588.002,3903.85)
[SelectTarget] team=1 EnemyN=1 TgtZ=3473.49
[DIST] team=1 EnemyN=1 MyZ=3740.76 TgtZ=3473.49 Dist=1300.27
[ROOT] team=1 status=2 Z=3740.76 VP=(3510.25,-366.289,3090.76)
[SelectTarget] team=2 EnemyN=1 TgtZ=3743.6
[DIST] team=2 EnemyN=1 MyZ=3473.49 TgtZ=3743.6 Dist=1305.06
[ROOT] team=2 status=2 Z=3473.49 VP=(2382.65,1336.71,3473.49)
[ONECIRCLE] dist=2249.35 spd=331.814 thr=0.465931
[SelectTarget] team=1 EnemyN=1 TgtZ=2782.9
[DIST] team=1 EnemyN=1 MyZ=4308.86 TgtZ=2782.9 Dist=3022.33
[ROOT] team=1 status=2 Z=4308.86 VP=(4357.86,-143.534,3658.86)
[SelectTarget] team=2 EnemyN=1 TgtZ=4312.17
[DIST] team=2 EnemyN=1 MyZ=2782.9 TgtZ=4312.17 Dist=3025.8
[ROOT] team=2 status=2 Z=2782.9 VP=(4904.75,-458.9,7613.51)
[PURE_ATA] team=2 ata=158.112 dist=4222.89 leadDist=320.227 aa=26.4426
[PURE_ATA] team=2 ata=157.273 dist=4273.91 leadDist=328.615 aa=27.1395
[PURE_ATA] team=2 ata=156.335 dist=4323.72 leadDist=336.962 aa=27.8395
[PURE_ATA] team=2 ata=155.201 dist=4374.61 leadDist=344.055 aa=28.7394
[PURE_ATA] team=2 ata=154.01 dist=4423.62 leadDist=351.324 aa=29.8874
[PURE_ATA] team=2 ata=152.821 dist=4472.38 leadDist=357.976 aa=31.2594
[PURE_ATA] team=2 ata=151.665 dist=4520.42 leadDist=364.258 aa=32.7453
[PURE_ATA] team=2 ata=150.506 dist=4567.87 leadDist=370.061 aa=34.3353
[SelectTarget] team=1 EnemyN=1 TgtZ=2240.88
[DIST] team=1 EnemyN=1 MyZ=4920.32 TgtZ=2240.88 Dist=4612.17
[ROOT] team=1 status=2 Z=4920.32 VP=(5537.63,-181.163,4270.32)
[SelectTarget] team=2 EnemyN=1 TgtZ=4923.64
[DIST] team=2 EnemyN=1 MyZ=2240.88 TgtZ=4923.64 Dist=4614.74
[PURE_ATA] team=2 ata=149.35 dist=4614.74 leadDist=375.389 aa=35.9999
[ROOT] team=2 status=2 Z=2240.88 VP=(1086.96,1257.55,4548.25)
[PURE_ATA] team=2 ata=148.207 dist=4660.57 leadDist=380.475 aa=37.677
[PURE_ATA] team=2 ata=147.085 dist=4705.68 leadDist=385.157 aa=39.3404
[PURE_ATA] team=2 ata=145.97 dist=4749.9 leadDist=389.522 aa=41.0335
[PURE_ATA] team=2 ata=144.868 dist=4793.85 leadDist=393.258 aa=42.7616
[PURE_ATA] team=2 ata=143.778 dist=4836.78 leadDist=396.735 aa=44.5102
[PURE_ATA] team=2 ata=142.698 dist=4878.7 leadDist=399.942 aa=46.2928
[PURE_ATA] team=2 ata=141.628 dist=4920.36 leadDist=402.51 aa=48.1499
[PURE_ATA] team=2 ata=140.561 dist=4960.39 leadDist=405.115 aa=50.0765
[PURE_ATA] team=2 ata=139.493 dist=5000.22 leadDist=407.043 aa=52.143
[PURE_ATA] team=2 ata=138.444 dist=5039.32 leadDist=408.555 aa=54.2409
[PURE_ATA] team=2 ata=137.394 dist=5077.18 leadDist=409.9 aa=56.4697
[PURE_ATA] team=2 ata=136.35 dist=5114.07 leadDist=410.94 aa=58.7942
[PURE_ATA] team=2 ata=135.302 dist=5150.05 leadDist=411.649 aa=61.2602
[PURE_ATA] team=2 ata=134.252 dist=5185.43 leadDist=411.864 aa=63.8714
[PURE_ATA] team=2 ata=133.204 dist=5220.19 leadDist=411.587 aa=66.62
[PURE_ATA] team=2 ata=132.164 dist=5253.33 leadDist=411.318 aa=69.431
[PURE_ATA] team=2 ata=131.125 dist=5285.55 leadDist=410.706 aa=72.37
[PURE_ATA] team=2 ata=130.089 dist=5317.16 leadDist=409.587 aa=75.4236
[PURE_ATA] team=2 ata=129.058 dist=5348.16 leadDist=407.963 aa=78.5885
[PURE_ATA] team=2 ata=128.028 dist=5377.57 leadDist=406.319 aa=81.7996
[PURE_ATA] team=2 ata=127.009 dist=5406.4 leadDist=404.147 aa=85.0468
[PURE_ATA] team=2 ata=125.988 dist=5433.97 leadDist=401.791 aa=88.3394
[PURE_ATA] team=2 ata=124.969 dist=5460.59 leadDist=399.087 aa=91.6523
[PURE_ATA] team=2 ata=123.954 dist=5486.59 leadDist=395.87 aa=94.9633
[PURE_ATA] team=2 ata=122.943 dist=5511.04 leadDist=392.612 aa=98.2141
[PURE_ATA] team=2 ata=121.936 dist=5534.87 leadDist=388.839 aa=101.419
[PURE_ATA] team=2 ata=120.927 dist=5558.01 leadDist=384.593 aa=104.574
[PURE_ATA] team=2 ata=119.913 dist=5579.35 leadDist=380.43 aa=107.585
[PURE_ATA] team=2 ata=118.889 dist=5600.08 leadDist=375.753 aa=110.497
[SelectTarget] team=1 EnemyN=1 TgtZ=2272.35
[DIST] team=1 EnemyN=1 MyZ=5450.6 TgtZ=2272.35 Dist=5619.88
[ROOT] team=1 status=2 Z=5450.6 VP=(6388.37,253.606,4800.6)
[SelectTarget] team=2 EnemyN=1 TgtZ=5453.02
[DIST] team=2 EnemyN=1 MyZ=2272.35 TgtZ=5453.02 Dist=5619.87
[PURE_ATA] team=2 ata=117.856 dist=5619.87 leadDist=370.731 aa=113.297
[ROOT] team=2 status=2 Z=2272.35 VP=(961.786,647.04,5082.29)
[PURE_ATA] team=2 ata=116.818 dist=5638.7 leadDist=365.368 aa=115.973
[PURE_ATA] team=2 ata=115.777 dist=5656.01 leadDist=359.948 aa=118.502
[PURE_ATA] team=2 ata=114.731 dist=5672.93 leadDist=353.906 aa=120.918
[PURE_ATA] team=2 ata=113.682 dist=5688.34 leadDist=347.806 aa=123.19
[PURE_ATA] team=2 ata=112.63 dist=5702.8 leadDist=341.37 aa=125.334
[PURE_ATA] team=2 ata=111.574 dist=5716.3 leadDist=334.599 aa=127.355
[PURE_ATA] team=2 ata=110.512 dist=5728.5 leadDist=327.672 aa=129.252
[PURE_ATA] team=2 ata=109.454 dist=5739.92 leadDist=320.334 aa=131.036
[PURE_ATA] team=2 ata=108.385 dist=5750.22 leadDist=312.754 aa=132.711
[PURE_ATA] team=2 ata=107.315 dist=5759.04 leadDist=305.113 aa=134.278
[PURE_ATA] team=2 ata=106.244 dist=5767.28 leadDist=296.977 aa=135.755
[PURE_ATA] team=2 ata=105.161 dist=5774.37 leadDist=288.625 aa=137.139
[PURE_ATA] team=2 ata=104.081 dist=5780.36 leadDist=280.041 aa=138.436
[PURE_ATA] team=2 ata=102.995 dist=5785.06 leadDist=271.326 aa=139.651
[PURE_ATA] team=2 ata=101.898 dist=5788.96 leadDist=262.248 aa=140.796
[PURE_ATA] team=2 ata=100.804 dist=5791.78 leadDist=252.944 aa=141.871
[PURE_ATA] team=2 ata=99.7019 dist=5792.96 leadDist=243.703 aa=142.877
[PURE_ATA] team=2 ata=98.5991 dist=5793.92 leadDist=233.828 aa=143.832
[PURE_ATA] team=2 ata=97.4836 dist=5793.35 leadDist=223.98 aa=144.726
[PURE_ATA] team=2 ata=96.3627 dist=5791.84 leadDist=213.87 aa=145.571
[PURE_ATA] team=2 ata=95.2404 dist=5788.96 leadDist=203.726 aa=146.367
[PURE_ATA] team=2 ata=94.109 dist=5785.24 leadDist=193.287 aa=147.118
[PURE_ATA] team=2 ata=92.9777 dist=5780.53 leadDist=182.645 aa=147.831
[PURE_ATA] team=2 ata=91.8335 dist=5774.62 leadDist=171.908 aa=148.498
[PURE_ATA] team=2 ata=90.6846 dist=5767.8 leadDist=160.945 aa=149.121
[PURE_ATA] team=2 ata=89.5309 dist=5760.09 leadDist=149.765 aa=149.697
[PURE_ATA] team=2 ata=88.363 dist=5751.16 leadDist=138.533 aa=150.231
[PURE_ATA] team=2 ata=87.188 dist=5740.97 leadDist=127.291 aa=150.734
[PURE_ATA] team=2 ata=86.0044 dist=5729.53 leadDist=116.048 aa=151.21
[SelectTarget] team=1 EnemyN=1 TgtZ=2788.48
[DIST] team=1 EnemyN=1 MyZ=5750.86 TgtZ=2788.48 Dist=5720.05
[ROOT] team=1 status=2 Z=5750.86 VP=(6544.03,815.943,5100.86)
[SelectTarget] team=2 EnemyN=1 TgtZ=5751.71
[DIST] team=2 EnemyN=1 MyZ=2788.48 TgtZ=5751.71 Dist=5717.89
[PURE_ATA] team=2 ata=84.8238 dist=5717.89 leadDist=104.288 aa=151.677
[ROOT] team=2 status=2 Z=2788.48 VP=(1330.11,55.3193,5647.42)
[PURE_ATA] team=2 ata=83.622 dist=5704.72 leadDist=92.6993 aa=152.114
[PURE_ATA] team=2 ata=82.4114 dist=5690.3 leadDist=81.1488 aa=152.533
[PURE_ATA] team=2 ata=81.1998 dist=5675.35 leadDist=69.2919 aa=152.946
[PURE_ATA] team=2 ata=79.9676 dist=5659.21 leadDist=57.4846 aa=153.337
[PURE_ATA] team=2 ata=78.7353 dist=5642.2 leadDist=45.5752 aa=153.72
[PURE_ATA] team=2 ata=77.4988 dist=5624.35 leadDist=33.5718 aa=154.088
[PURE_ATA] team=2 ata=76.2611 dist=5605.28 leadDist=21.6737 aa=154.446
[PURE_ATA] team=2 ata=75.0223 dist=5585.38 leadDist=9.71045 aa=154.795
[PURE_ATA] team=2 ata=73.769 dist=5564.61 leadDist=0 aa=155.127
[PURE_ATA] team=2 ata=72.5219 dist=5542.69 leadDist=0 aa=155.456
[PURE_ATA] team=2 ata=71.2593 dist=5519.9 leadDist=0 aa=155.771
[PURE_ATA] team=2 ata=69.9938 dist=5496.67 leadDist=0 aa=156.083
[PURE_ATA] team=2 ata=68.7221 dist=5472.26 leadDist=0 aa=156.385
[PURE_ATA] team=2 ata=67.439 dist=5447.01 leadDist=0 aa=156.678
[PURE_ATA] team=2 ata=66.1481 dist=5420.59 leadDist=0 aa=156.963
[PURE_ATA] team=2 ata=64.8476 dist=5393.7 leadDist=0 aa=157.242
[PURE_ATA] team=2 ata=63.5386 dist=5365.66 leadDist=0 aa=157.514
[PURE_ATA] team=2 ata=62.2251 dist=5337.22 leadDist=0 aa=157.784
[PURE_ATA] team=2 ata=60.8919 dist=5307.87 leadDist=0 aa=158.043
[PURE_ATA] team=2 ata=59.5553 dist=5277.83 leadDist=0 aa=158.302
[PURE_ATA] team=2 ata=58.1987 dist=5246.95 leadDist=0 aa=158.554
[PURE_ATA] team=2 ata=56.8202 dist=5214.87 leadDist=0 aa=158.796
[PURE_ATA] team=2 ata=55.432 dist=5182.79 leadDist=0 aa=159.04
[PURE_ATA] team=2 ata=54.0283 dist=5149.6 leadDist=0 aa=159.28
[PURE_ATA] team=2 ata=52.6061 dist=5115.96 leadDist=0 aa=159.516
[PURE_ATA] team=2 ata=51.1633 dist=5081.49 leadDist=0 aa=159.746
[PURE_ATA] team=2 ata=49.7154 dist=5046.79 leadDist=0 aa=159.981
[PURE_ATA] team=2 ata=48.2372 dist=5010.79 leadDist=0 aa=160.207
[PURE_ATA] team=2 ata=46.7399 dist=4974.71 leadDist=0 aa=160.439
[SelectTarget] team=1 EnemyN=1 TgtZ=3531.5
[DIST] team=1 EnemyN=1 MyZ=5769.78 TgtZ=3531.5 Dist=4941.3
[ROOT] team=1 status=2 Z=5769.78 VP=(5969.46,1018.63,5119.78)
[SelectTarget] team=2 EnemyN=1 TgtZ=5769.25
[DIST] team=2 EnemyN=1 MyZ=3531.5 TgtZ=5769.25 Dist=4937.68
[PURE_ATA] team=2 ata=45.2326 dist=4937.68 leadDist=0 aa=160.686
[ROOT] team=2 status=2 Z=3531.5 VP=(2007.56,-186.199,5769.25)
[PURE_ATA] team=2 ata=43.6968 dist=4900.1 leadDist=0 aa=160.938
[PURE_ATA] team=2 ata=42.1551 dist=4861.97 leadDist=0 aa=161.203
[PURE_ATA] team=2 ata=40.5925 dist=4823.65 leadDist=0 aa=161.465
[PURE_ATA] team=2 ata=39.0238 dist=4784.41 leadDist=0 aa=161.718
[PURE_ATA] team=2 ata=37.45 dist=4744.63 leadDist=0 aa=161.948
[PURE_ATA] team=2 ata=35.8967 dist=4704.55 leadDist=0 aa=162.162
[PURE_ATA] team=2 ata=34.3593 dist=4663.83 leadDist=0 aa=162.363
[PURE_ATA] team=2 ata=32.827 dist=4622.69 leadDist=0 aa=162.545
[PURE_ATA] team=2 ata=31.3077 dist=4581.28 leadDist=0 aa=162.704
[PURE_ATA] team=2 ata=29.786 dist=4538.71 leadDist=0 aa=162.831
[PURE_ATA] team=2 ata=28.2755 dist=4496.24 leadDist=0 aa=162.947
[PURE_ATA] team=2 ata=26.7636 dist=4453.36 leadDist=0 aa=163.063
[PURE_ATA] team=2 ata=25.2558 dist=4409.84 leadDist=0 aa=163.195
[PURE_ATA] team=2 ata=23.7535 dist=4366.06 leadDist=0 aa=163.349
[PURE_ATA] team=2 ata=22.2448 dist=4321.48 leadDist=0 aa=163.506
[PURE_ATA] team=2 ata=20.732 dist=4276.86 leadDist=0 aa=163.665
[PURE_ATA] team=2 ata=19.2317 dist=4232.14 leadDist=0 aa=163.838
[PURE_ATA] team=2 ata=17.7148 dist=4186.84 leadDist=0 aa=164.014
[PURE_ATA] team=2 ata=16.1977 dist=4140.91 leadDist=0 aa=164.195
[PURE_ATA] team=2 ata=14.6822 dist=4094.72 leadDist=0 aa=164.368
[PURE_ATA] team=2 ata=13.1687 dist=4048.66 leadDist=0 aa=164.53
[PURE_ATA] team=2 ata=11.6442 dist=4001.82 leadDist=0 aa=164.685
[SelectTarget] team=1 EnemyN=1 TgtZ=4117.57
[DIST] team=1 EnemyN=1 MyZ=5609.37 TgtZ=4117.57 Dist=3624.64
[ROOT] team=1 status=2 Z=5609.37 VP=(5202.48,906.076,4959.37)
[SelectTarget] team=2 EnemyN=1 TgtZ=5608.13
[DIST] team=2 EnemyN=1 MyZ=4117.57 TgtZ=5608.13 Dist=3620.53
[ROOT] team=2 status=2 Z=4117.57 VP=(2719.68,-31.8958,4117.57)
[SelectTarget] team=1 EnemyN=1 TgtZ=4287.6
[DIST] team=1 EnemyN=1 MyZ=5327.54 TgtZ=4287.6 Dist=2164.97
[ROOT] team=1 status=2 Z=5327.54 VP=(5615.3,440.041,4677.54)
[SelectTarget] team=2 EnemyN=1 TgtZ=5325.7
[DIST] team=2 EnemyN=1 MyZ=4287.6 TgtZ=5325.7 Dist=2160.68
[ROOT] team=2 status=2 Z=4287.6 VP=(3430.12,268.661,4287.6)
[CLAMP_DIAG] team=2 rawDist=778.989 offBoresightDeg=0.496496 clamped=0
[SelectTarget] team=1 EnemyN=1 TgtZ=4268.36
[DIST] team=1 EnemyN=1 MyZ=4949.22 TgtZ=4268.36 Dist=773.12
[ROOT] team=1 status=2 Z=4949.22 VP=(4828.89,410.104,4562.66)
[SelectTarget] team=2 EnemyN=1 TgtZ=4946.7
[DIST] team=2 EnemyN=1 MyZ=4268.36 TgtZ=4946.7 Dist=768.743
[ROOT] team=2 status=2 Z=4268.36 VP=(4218.36,449.8,4268.36)
[CLAMP_DIAG] team=1 rawDist=292.825 offBoresightDeg=27.7697 clamped=0
[CLAMP_DIAG] team=2 rawDist=750.394 offBoresightDeg=156.242 clamped=1
[SelectTarget] team=1 EnemyN=1 TgtZ=4243.85
[DIST] team=1 EnemyN=1 MyZ=4304.43 TgtZ=4243.85 Dist=1096.63
[ROOT] team=1 status=2 Z=4304.43 VP=(3201.87,1142.7,4109.94)
[SelectTarget] team=2 EnemyN=1 TgtZ=4299.75
[DIST] team=2 EnemyN=1 MyZ=4243.85 TgtZ=4299.75 Dist=1098.89
[ROOT] team=2 status=2 Z=4243.85 VP=(4889.88,418.939,4243.85)
[ONECIRCLE] dist=1861.66 spd=259.484 thr=0.827582
[SelectTarget] team=1 EnemyN=1 TgtZ=4282.38
[DIST] team=1 EnemyN=1 MyZ=3358.13 TgtZ=4282.38 Dist=2109.29
[ROOT] team=1 status=2 Z=3358.13 VP=(4804.34,1162.32,8308.09)
[SelectTarget] team=2 EnemyN=1 TgtZ=3352.67
[DIST] team=2 EnemyN=1 MyZ=4282.38 TgtZ=3352.67 Dist=2110.92
[ROOT] team=2 status=2 Z=4282.38 VP=(5100.9,523.597,4282.38)
[SelectTarget] team=1 EnemyN=1 TgtZ=4303.65
[DIST] team=1 EnemyN=1 MyZ=2497.61 TgtZ=4303.65 Dist=2478.87
[ROOT] team=1 status=2 Z=2497.61 VP=(4179.18,2300.93,7283.43)
[SelectTarget] team=2 EnemyN=1 TgtZ=2493.97
[DIST] team=2 EnemyN=1 MyZ=4303.65 TgtZ=2493.97 Dist=2478.88
[ROOT] team=2 status=2 Z=4303.65 VP=(4851.83,1024.08,4303.65)
[SelectTarget] team=1 EnemyN=1 TgtZ=4289.98
[DIST] team=1 EnemyN=1 MyZ=2160.04 TgtZ=4289.98 Dist=2218.53
[ROOT] team=1 status=2 Z=2160.04 VP=(3834.16,2288.89,4288.23)
[SelectTarget] team=2 EnemyN=1 TgtZ=2160.06
[DIST] team=2 EnemyN=1 MyZ=4289.98 TgtZ=2160.06 Dist=2216.85
[ROOT] team=2 status=2 Z=4289.98 VP=(4366.36,1880.13,4289.98)
[CLAMP_DIAG] team=2 rawDist=428.84 offBoresightDeg=178.073 clamped=1
[SelectTarget] team=1 EnemyN=1 TgtZ=4272.17
[DIST] team=1 EnemyN=1 MyZ=2472.39 TgtZ=4272.17 Dist=2005.13
[ROOT] team=1 status=2 Z=2472.39 VP=(4539.08,2341.42,4271.79)
[SelectTarget] team=2 EnemyN=1 TgtZ=2475.63
[DIST] team=2 EnemyN=1 MyZ=4272.17 TgtZ=2475.63 Dist=2003.91
[ROOT] team=2 status=2 Z=4272.17 VP=(3827.2,2642.25,4272.17)
[ONECIRCLE] dist=2216.79 spd=235.768 thr=0.946161
[SelectTarget] team=1 EnemyN=1 TgtZ=4518.13
[DIST] team=1 EnemyN=1 MyZ=3211.75 TgtZ=4518.13 Dist=2308.8
[ROOT] team=1 status=2 Z=3211.75 VP=(5219.04,2289.24,4447.67)
[SelectTarget] team=2 EnemyN=1 TgtZ=3216.35
[DIST] team=2 EnemyN=1 MyZ=4518.13 TgtZ=3216.35 Dist=2306.66
[ROOT] team=2 status=2 Z=4518.13 VP=(3582.35,3090.4,4518.13)
[SelectTarget] team=1 EnemyN=1 TgtZ=4984.88
[DIST] team=1 EnemyN=1 MyZ=3979.37 TgtZ=4984.88 Dist=2230.14
[ROOT] team=1 status=2 Z=3979.37 VP=(5655.81,2467.5,4889.14)
[SelectTarget] team=2 EnemyN=1 TgtZ=3982.85
[DIST] team=2 EnemyN=1 MyZ=4984.88 TgtZ=3982.85 Dist=2226.43
[ROOT] team=2 status=2 Z=4984.88 VP=(3817.05,3168.23,4984.88)
[SelectTarget] team=1 EnemyN=1 TgtZ=5440.74
[DIST] team=1 EnemyN=1 MyZ=4416.1 TgtZ=5440.74 Dist=1669.37
[ROOT] team=1 status=2 Z=4416.1 VP=(5746.69,2813.86,5353.61)
[SelectTarget] team=2 EnemyN=1 TgtZ=4418.2
[DIST] team=2 EnemyN=1 MyZ=5440.74 TgtZ=4418.2 Dist=1664.99
[ROOT] team=2 status=2 Z=5440.74 VP=(4412.46,3019.29,5440.74)
[SelectTarget] team=1 EnemyN=1 TgtZ=5750.63
[DIST] team=1 EnemyN=1 MyZ=4868.5 TgtZ=5750.63 Dist=1008.91
[ROOT] team=1 status=2 Z=4868.5 VP=(5518.11,3167.08,5695.64)
[SelectTarget] team=2 EnemyN=1 TgtZ=4871.49
[DIST] team=2 EnemyN=1 MyZ=5750.63 TgtZ=4871.49 Dist=1005.22
[ROOT] team=2 status=2 Z=5750.63 VP=(5007.44,2985.75,5750.63)
[CLAMP_DIAG] team=2 rawDist=400.726 offBoresightDeg=56.2912 clamped=0
[ONECIRCLE] dist=673.198 spd=180.671 thr=1
[CLAMP_DIAG] team=1 rawDist=521.031 offBoresightDeg=15.5666 clamped=0
[SelectTarget] team=1 EnemyN=1 TgtZ=5901.87
[DIST] team=1 EnemyN=1 MyZ=5460.78 TgtZ=5901.87 Dist=629.642
[ROOT] team=1 status=2 Z=5460.78 VP=(5062.67,3372.39,5869.27)
[SelectTarget] team=2 EnemyN=1 TgtZ=5464.14
[DIST] team=2 EnemyN=1 MyZ=5901.87 TgtZ=5464.14 Dist=627.305
[ROOT] team=2 status=2 Z=5901.87 VP=(5332.64,3153.47,5901.87)
[CLAMP_DIAG] team=2 rawDist=510.153 offBoresightDeg=143.306 clamped=1
[CLAMP_DIAG] team=1 rawDist=680.838 offBoresightDeg=55.4113 clamped=0
[SelectTarget] team=1 EnemyN=1 TgtZ=5966.87
[DIST] team=1 EnemyN=1 MyZ=6003.01 TgtZ=5966.87 Dist=849.567
[ROOT] team=1 status=2 Z=6003.01 VP=(4530.59,3349.34,5947.38)
[SelectTarget] team=2 EnemyN=1 TgtZ=6005.55
[DIST] team=2 EnemyN=1 MyZ=5966.87 TgtZ=6005.55 Dist=848.605
[ROOT] team=2 status=2 Z=5966.87 VP=(5262.02,3421.82,5966.87)
[CLAMP_DIAG] team=2 rawDist=888.658 offBoresightDeg=146.179 clamped=1
[SelectTarget] team=1 EnemyN=1 TgtZ=6069.12
[DIST] team=1 EnemyN=1 MyZ=6356.2 TgtZ=6069.12 Dist=1140.98
[ROOT] team=1 status=2 Z=6356.2 VP=(4075.77,3068.2,6034)
[SelectTarget] team=2 EnemyN=1 TgtZ=6357.54
[DIST] team=2 EnemyN=1 MyZ=6069.12 TgtZ=6357.54 Dist=1140.07
[ROOT] team=2 status=2 Z=6069.12 VP=(4897.5,3625.77,6069.12)
[SelectTarget] team=1 EnemyN=1 TgtZ=6276.38
[DIST] team=1 EnemyN=1 MyZ=6485.1 TgtZ=6276.38 Dist=1276.89
[ROOT] team=1 status=2 Z=6485.1 VP=(3801.86,2654.01,6215.37)
[SelectTarget] team=2 EnemyN=1 TgtZ=6485.23
[DIST] team=2 EnemyN=1 MyZ=6276.38 TgtZ=6485.23 Dist=1275.48
[ROOT] team=2 status=2 Z=6276.38 VP=(4385.82,3655.29,6276.38)
[ONECIRCLE] dist=1282.56 spd=162.46 thr=1
[SelectTarget] team=1 EnemyN=1 TgtZ=6600.56
[DIST] team=1 EnemyN=1 MyZ=6434.24 TgtZ=6600.56 Dist=1270.71
[ROOT] team=1 status=2 Z=6434.24 VP=(3714.66,2265.37,6509.54)
[SelectTarget] team=2 EnemyN=1 TgtZ=6433.7
[DIST] team=2 EnemyN=1 MyZ=6600.56 TgtZ=6433.7 Dist=1269.12
[ROOT] team=2 status=2 Z=6600.56 VP=(3889.36,3436.58,6600.56)
[SelectTarget] team=1 EnemyN=1 TgtZ=6988.57
[DIST] team=1 EnemyN=1 MyZ=6353.16 TgtZ=6988.57 Dist=1203.06
[ROOT] team=1 status=2 Z=6353.16 VP=(3737.26,2014.62,6877.31)
[SelectTarget] team=2 EnemyN=1 TgtZ=6352.97
[DIST] team=2 EnemyN=1 MyZ=6988.57 TgtZ=6352.97 Dist=1201.14
[ROOT] team=2 status=2 Z=6988.57 VP=(3557.4,2979.04,6988.57)
[SelectTarget] team=1 EnemyN=1 TgtZ=7370.26
[DIST] team=1 EnemyN=1 MyZ=6405.27 TgtZ=7370.26 Dist=1136.98
[ROOT] team=1 status=2 Z=6405.27 VP=(3784.73,1920.78,7253.78)
[SelectTarget] team=2 EnemyN=1 TgtZ=6406.09
[DIST] team=2 EnemyN=1 MyZ=7370.26 TgtZ=6406.09 Dist=1135.29
[ROOT] team=2 