########## dtfix_orbit vs AIP_v7.dll ##########


     JSBSim Flight Dynamics Model v1.0.0 May 27 2026 16:13:38
            [JSBSim-ML v2.0]

JSBSim startup beginning ...

total: 2
Behavior Tree Initialized Successfully
Behavior Tree Initialized Successfully
[ACTIVE] [RED] LeadPredict dist=3831.89 dV=-11.1634 thr=1 om=0.148667 lt=3
[ACTIVE] [RED] LeadPredict dist=3835.26 tgtRoll=-140.129
[ACTIVE] [RED] LeadPredict dist=2708.81 dV=-7.66516 thr=1 om=0.707742 lt=3
[ACTIVE] [RED] LeadPredict dist=2710.59 tgtRoll=-55.441
[ACTIVE] [RED] LeadPredict dist=1678.13 dV=-19.2401 thr=0.599247 om=1.22631 lt=3
[ACTIVE] [RED] LeadPredict dist=1680.8 tgtRoll=53.006
[ACTIVE] [RED] LeadPredict dist=773.724 dV=-56.7427 thr=0.722558 om=1.18481 lt=2.37864
[ACTIVE] [RED] LeadPredict dist=773.834 tgtRoll=97.226
[ACTIVE] [RED] LeadPredict dist=268.186 dV=-57.1543 thr=0.787931 om=1.27322 lt=0.865398
[ACTIVE] [RED] LeadPredict dist=264.398 tgtRoll=134.833
[ACTIVE] [RED] LeadPredict dist=378.136 dV=-45.5794 thr=0.841715 om=1.18736 lt=1.27214
[ACTIVE] [RED] LeadPredict dist=374.087 tgtRoll=-170.497
[ACTIVE] [RED] LeadPredict dist=718.484 dV=-37.5541 thr=0.820945 om=1.45645 lt=2.37806
[ACTIVE] [RED] LeadPredict dist=713.64 tgtRoll=-37.292
[ACTIVE] [RED] LeadPredict dist=945.334 dV=-47.9973 thr=0.782902 om=0.752832 lt=3
[ACTIVE] [RED] LeadPredict dist=940.558 tgtRoll=-127.493
[ACTIVE] [RED] LeadPredict dist=1112.21 dV=-13.1697 thr=0.775031 om=0.150875 lt=3
[ACTIVE] [RED] LeadPredict dist=1107.35 tgtRoll=-1.715
[ACTIVE] [RED] LeadPredict dist=1180.64 dV=-28.6543 thr=1 om=0.356948 lt=3
[DUTY] team=1 ticks=600 v27종말조준=4.16667% v21뱅크예측=88.5% v17궤도조건=78.3333% v17슬롯적용=44.1667% 상승클램프=0% 강하클램프=6.5% v23b조건=57.1667% v23b실제적용=57.1667%
[ACTIVE] [RED] LeadPredict dist=1175.98 tgtRoll=-176.23
[ACTIVE] [RED] LeadPredict dist=1272.98 dV=-26.2365 thr=1 om=1.28902 lt=3
[ACTIVE] [RED] LeadPredict dist=1267.97 tgtRoll=167.833
[ACTIVE] [RED] LeadPredict dist=1313.48 dV=-6.9964 thr=1 om=1.4204 lt=3
[ACTIVE] [RED] ClimbOut Z=2257.06
[ACTIVE] [RED] ClimbOut Z=2147.3
[ACTIVE] [RED] ClimbOut Z=2707.03
[ACTIVE] [RED] LeadPredict dist=1014.61 dV=33.953 thr=0.64363 om=0.362551 lt=2.95073
[ACTIVE] [RED] LeadPredict dist=1043.68 tgtRoll=3.503
[ACTIVE] [RED] LeadPredict dist=888.495 dV=7.97382 thr=0.904314 om=1.25293 lt=3
[ACTIVE] [RED] LeadPredict dist=877.026 tgtRoll=164.003
[ACTIVE] [RED] LeadPredict dist=814.72 dV=6.4305 thr=0.922834 om=1.25828 lt=3
[ACTIVE] [RED] LeadPredict dist=798.383 tgtRoll=125.994
[ACTIVE] [RED] LeadPredict dist=851.927 dV=-18.0569 thr=1 om=1.42464 lt=0.245178
[ACTIVE] [RED] LeadPredict dist=869.99 tgtRoll=-117.024
[ACTIVE] [RED] LeadPredict dist=954.625 dV=-21.6579 thr=1 om=0.532619 lt=3
[ACTIVE] [RED] LeadPredict dist=992.542 tgtRoll=-77.849
[ACTIVE] [RED] ClimbOut Z=2342.5
[ACTIVE] [RED] ClimbOut Z=3289.33
[ACTIVE] [RED] ClimbOut Z=1731.86
[ACTIVE] [RED] ClimbOut Z=2402.8
[ACTIVE] [RED] LeadPredict dist=825.719 dV=15.0731 thr=0.72 om=7.85373 lt=2.22959
[ACTIVE] [RED] ClimbOut Z=1892.36
[ACTIVE] [RED] ClimbOut Z=2646.83
[ACTIVE] [RED] LeadPredict dist=1326.94 dV=21.1435 thr=0.724745 om=1.30702 lt=3
[ACTIVE] [RED] LeadPredict dist=1347.36 tgtRoll=-7.034
[ACTIVE] [RED] LeadPredict dist=763.196 dV=2.05777 thr=0.975307 om=1.42019 lt=2.75138
[DUTY] team=1 ticks=1200 v27종말조준=6.75% v21뱅크예측=82.3333% v17궤도조건=89% v17슬롯적용=71.9167% 상승클램프=0% 강하클램프=11.0833% v23b조건=43.5% v23b실제적용=42%
[ACTIVE] [RED] LeadPredict dist=1038.96 tgtRoll=177.851
[ACTIVE] [RED] LeadPredict dist=1075.96 dV=-2.52075 thr=1 om=1.41039 lt=3
[ACTIVE] [RED] LeadPredict dist=863.682 tgtRoll=-27.009
[ACTIVE] [RED] LeadPredict dist=943.133 dV=21.9151 thr=0.935906 om=1.15766 lt=3
[ACTIVE] [RED] LeadPredict dist=932.353 tgtRoll=90.01
[ACTIVE] [RED] LeadPredict dist=615.627 dV=4.16696 thr=0.949996 om=1.3664 lt=3
[ACTIVE] [RED] LeadPredict dist=732.348 tgtRoll=-95.491
[ACTIVE] [RED] LeadPredict dist=1293.24 dV=-42.8528 thr=1 om=0.880417 lt=3
[ACTIVE] [RED] LeadPredict dist=1403.2 tgtRoll=-159.098
[ACTIVE] [RED] LeadPredict dist=1340.56 dV=-29.5289 thr=1 om=0.866922 lt=3
[ACTIVE] [RED] LeadPredict dist=1251.11 tgtRoll=82.6
[ACTIVE] [RED] LeadPredict dist=1159.42 dV=33.7987 thr=1 om=0.78826 lt=3
[ACTIVE] [RED] LeadPredict dist=1185.95 tgtRoll=26.57
[ACTIVE] [RED] LeadPredict dist=1376.08 dV=65.4368 thr=1 om=1.05448 lt=3
[ACTIVE] [RED] LeadPredict dist=1436 tgtRoll=44.181
[ACTIVE] [RED] LeadPredict dist=1358.68 dV=66.7743 thr=1 om=0.757286 lt=3
[ACTIVE] [RED] LeadPredict dist=1219.88 tgtRoll=83.226
[ACTIVE] [RED] LeadPredict dist=678.85 dV=26.185 thr=0.856 om=0.913368 lt=3
[ACTIVE] [RED] LeadPredict dist=492.73 tgtRoll=85.74
[ACTIVE] [RED] LeadPredict dist=833.311 dV=-52.1128 thr=1 om=0.807839 lt=3
[DUTY] team=1 ticks=1800 v27종말조준=5.11111% v21뱅크예측=87.3333% v17궤도조건=92.6667% v17슬롯적용=81.1111% 상승클램프=0% 강하클램프=11.3889% v23b조건=29% v23b실제적용=28%
[ACTIVE] [RED] LeadPredict dist=1151.28 tgtRoll=152.539
[ACTIVE] [RED] LeadPredict dist=2005.2 dV=-136.944 thr=1 om=0.948837 lt=3
[ACTIVE] [RED] LeadPredict dist=2324.5 tgtRoll=171.182
init ID:1 Lat37.92355643001773 Lon128.18188127777776 Alt(meter)7000.0785355893395 Speed(m/sec)300.0
init ID:1 Lat37.96855377446113 Lon128.18188127777776 Alt(meter)7002.8272734023885 Speed(m/sec)300.0
runner:local/env:0	num_steps=[11999] | total rewards=[549.0395] | termination= [max time out]
[seed 0] reward=   549.04 ownHP=1.0000 tgtHP=0.9986 max time out
total: 2
[ACTIVE] [RED] LeadPredict dist=5070.06 dV=1.49188 thr=1 om=0 lt=3
[ACTIVE] [RED] LeadPredict dist=4645.83 tgtRoll=102.025
[ACTIVE] [RED] LeadPredict dist=3152.58 dV=-12.9124 thr=1 om=0.458165 lt=3
[ACTIVE] [RED] LeadPredict dist=2416.33 tgtRoll=95.615
[ACTIVE] [RED] LeadPredict dist=133.437 dV=-11.2148 thr=0.96 om=1.58942 lt=0.40059
[ACTIVE] [RED] LeadPredict dist=557.895 tgtRoll=-122.825
[ACTIVE] [RED] LeadPredict dist=1341.51 dV=-11.6778 thr=0.632917 om=1.21962 lt=3
[ACTIVE] [RED] LeadPredict dist=1068.48 tgtRoll=-64.632
[ACTIVE] [RED] LeadPredict dist=975.681 dV=-25.6705 thr=0.604494 om=1.47192 lt=2.7635
[ACTIVE] [RED] LeadPredict dist=1193.79 tgtRoll=108.334
[ACTIVE] [RED] ClimbOut Z=2928.81
[ACTIVE] [RED] ClimbOut Z=2467.1
[ACTIVE] [RED] ClimbOut Z=2199.78
[ACTIVE] [RED] LeadPredict dist=581.608 dV=-7.2536 thr=0.629419 om=1.36566 lt=1.67516
[ACTIVE] [RED] ClimbOut Z=2679.02
[ACTIVE] [RED] LeadPredict dist=1116.27 dV=-10.2888 thr=0.834719 om=1.42675 lt=3
[ACTIVE] [RED] LeadPredict dist=788.312 tgtRoll=-79.54
[ACTIVE] [RED] LeadPredict dist=1066.71 dV=-51.5469 thr=1 om=1.17836 lt=3
[ACTIVE] [RED] LeadPredict dist=1182.96 tgtRoll=173.33
[ACTIVE] [RED] LeadPredict dist=1087.62 dV=-19.4973 thr=1 om=1.46856 lt=3
[DUTY] team=1 ticks=2400 v27종말조준=3.83333% v21뱅크예측=87.4167% v17궤도조건=90% v17슬롯적용=71.125% 상승클램프=0% 강하클램프=19.4583% v23b조건=32.2083% v23b실제적용=31.4583%
[ACTIVE] [RED] LeadPredict dist=1084.46 tgtRoll=-9.604
[ACTIVE] [RED] LeadPredict dist=1237.48 dV=8.12816 thr=1 om=1.44719 lt=3
[ACTIVE] [RED] LeadPredict dist=1184.98 tgtRoll=-136.734
[ACTIVE] [RED] LeadPredict dist=1028.14 dV=-27.0081 thr=1 om=1.26287 lt=3
[ACTIVE] [RED] LeadPredict dist=1049.5 tgtRoll=148.198
[ACTIVE] [RED] LeadPredict dist=1293.41 dV=-73.7707 thr=1 om=1.30529 lt=3
[ACTIVE] [RED] LeadPredict dist=1374.9 tgtRoll=-157.591
[ACTIVE] [RED] LeadPredict dist=1607.88 dV=-52.833 thr=1 om=1.49648 lt=3
[ACTIVE] [RED] LeadPredict dist=1653.65 tgtRoll=-74.152
[ACTIVE] [RED] LeadPredict dist=1668.67 dV=-5.45306 thr=1 om=1.53548 lt=3
[ACTIVE] [RED] LeadPredict dist=1619.75 tgtRoll=-52.215
[ACTIVE] [RED] LeadPredict dist=1344.96 dV=3.90974 thr=1 om=1.65642 lt=3
[ACTIVE] [RED] LeadPredict dist=1250.79 tgtRoll=-83.536
[ACTIVE] [RED] LeadPredict dist=1155.12 dV=-33.1299 thr=1 om=1.61947 lt=3
[ACTIVE] [RED] LeadPredict dist=1198.73 tgtRoll=-112.072
[ACTIVE] [RED] ClimbOut Z=2610.38
[ACTIVE] [RED] LeadPredict dist=1424.91 dV=-36.1651 thr=1 om=1.33616 lt=3
[ACTIVE] [RED] ClimbOut Z=2410.88
[ACTIVE] [RED] ClimbOut Z=2796.45
[ACTIVE] [RED] LeadPredict dist=1556.28 dV=12.3466 thr=0.797551 om=1.43775 lt=3
[ACTIVE] [RED] LeadPredict dist=1398.45 tgtRoll=-2.69
[ACTIVE] [RED] LeadPredict dist=1252.53 dV=32.0496 thr=1 om=1.68051 lt=3
[DUTY] team=1 ticks=3000 v27종말조준=3.06667% v21뱅크예측=86.9667% v17궤도조건=92% v17슬롯적용=76.9% 상승클램프=0% 강하클램프=21.9333% v23b조건=28.6333% v23b실제적용=28.0333%
[ACTIVE] [RED] LeadPredict dist=978.622 tgtRoll=167.792
[ACTIVE] [RED] LeadPredict dist=1014.78 dV=-25.259 thr=1 om=2.32573 lt=3
[ACTIVE] [RED] LeadPredict dist=1082.27 tgtRoll=-106.719
[ACTIVE] [RED] LeadPredict dist=1119.88 dV=-32.0496 thr=1 om=1.53493 lt=3
[ACTIVE] [RED] ClimbOut Z=2447.62
[ACTIVE] [RED] ClimbOut Z=2940.01
[ACTIVE] [RED] ClimbOut Z=2101.73
[ACTIVE] [RED] ClimbOut Z=2270.97
[ACTIVE] [RED] LeadPredict dist=1079.98 dV=20.6805 thr=0.692386 om=5.69831 lt=3
[ACTIVE] [RED] ClimbOut Z=2378.27
[ACTIVE] [RED] LeadPredict dist=1261.14 tgtRoll=6.391
[ACTIVE] [RED] LeadPredict dist=1276.63 dV=25.6191 thr=0.836905 om=1.74515 lt=3
[ACTIVE] [RED] LeadPredict dist=971.819 tgtRoll=154.542
[ACTIVE] [RED] LeadPredict dist=1080.78 dV=-37.5541 thr=1 om=1.41794 lt=3
[ACTIVE] [RED] LeadPredict dist=1292 tgtRoll=-40.052
[ACTIVE] [RED] LeadPredict dist=1273.95 dV=-12.7581 thr=1 om=1.50047 lt=3
[ACTIVE] [RED] LeadPredict dist=1027.36 tgtRoll=59.784
[ACTIVE] [RED] LeadPredict dist=1001.33 dV=13.0668 thr=1 om=1.74505 lt=3
[ACTIVE] [RED] LeadPredict dist=998.093 tgtRoll=-175.792
[ACTIVE] [RED] LeadPredict dist=1025.75 dV=-30.8664 thr=1 om=0.763889 lt=3
[ACTIVE] [RED] LeadPredict dist=1177.59 tgtRoll=130.135
[ACTIVE] [RED] LeadPredict dist=1196.66 dV=-37.1425 thr=1 om=1.48553 lt=3
[ACTIVE] [RED] ClimbOut Z=2867.07
[ACTIVE] [RED] ClimbOut Z=2120.72
[ACTIVE] [RED] ClimbOut Z=2502.28
[ACTIVE] [RED] ClimbOut Z=1985.52
[ACTIVE] [RED] LeadPredict dist=1059.98 dV=18.3141 thr=1 om=6.65111 lt=3
[DUTY] team=1 ticks=3600 v27종말조준=2.55556% v21뱅크예측=85.9167% v17궤도조건=93.3333% v17슬롯적용=80.75% 상승클램프=0% 강하클램프=21.2222% v23b조건=27.2778% v23b실제적용=26.7778%
[ACTIVE] [RED] ClimbOut Z=2507.46
[ACTIVE] [RED] LeadPredict dist=986.028 tgtRoll=3.82
[ACTIVE] [RED] LeadPredict dist=981.919 dV=21.6065 thr=0.851601 om=1.69328 lt=3
[ACTIVE] [RED] LeadPredict dist=955.028 tgtRoll=165.337
[ACTIVE] [RED] LeadPredict dist=952.346 dV=-7.40793 thr=1 om=1.70885 lt=3
[ACTIVE] [RED] LeadPredict dist=921.231 tgtRoll=132.113
[ACTIVE] [RED] LeadPredict dist=929.557 dV=-16.565 thr=1 om=0.665446 lt=3
runner:local/env:0	num_steps=[11999] | total rewards=[403.2575] | termination= [max time out]
[seed 1] reward=   403.26 ownHP=1.0000 tgtHP=1.0000 max time out
total: 2
[ACTIVE] [RED] LeadPredict dist=2894.68 tgtRoll=-112.236
[ACTIVE] [RED] LeadPredict dist=2730.67 dV=12.1922 thr=1 om=0.889042 lt=3
[ACTIVE] [RED] LeadPredict dist=772.147 tgtRoll=177.834
[ACTIVE] [RED] LeadPredict dist=920.759 dV=45.425 thr=0.59 om=0.838847 lt=2.74219
[ACTIVE] [RED] LeadPredict dist=3795.68 tgtRoll=33.385
[ACTIVE] [RED] LeadPredict dist=3914 dV=119.762 thr=1 om=1.2846 lt=3
[ACTIVE] [RED] LeadPredict dist=5079.32 tgtRoll=10.348
[ACTIVE] [RED] LeadPredict dist=5073.6 dV=167.399 thr=1 om=1.36009 lt=3
[ACTIVE] [RED] LeadPredict dist=3867.77 tgtRoll=2.415
[ACTIVE] [RED] LeadPredict dist=3764.01 dV=105.717 thr=1 om=0.954777 lt=3
[ACTIVE] [RED] LeadPredict dist=1416.68 tgtRoll=109.867
[ACTIVE] [RED] LeadPredict dist=1311.93 dV=12.9639 thr=1 om=1.15225 lt=3
[ACTIVE] [RED] LeadPredict dist=1391.26 tgtRoll=161.217
[ACTIVE] [RED] LeadPredict dist=1485.27 dV=-85.86 thr=1 om=0.891401 lt=3
[DUTY] team=1 ticks=4200 v27종말조준=2.19048% v21뱅크예측=86.5238% v17궤도조건=88.9048% v17슬롯적용=77.2619% 상승클램프=0% 강하클램프=20.7619% v23b조건=26.0238% v23b실제적용=25.0238%
[ACTIVE] [RED] LeadPredict dist=2785.36 tgtRoll=-102.292
[ACTIVE] [RED] LeadPredict dist=2816.29 dV=-112.354 thr=1 om=0.947266 lt=3
[ACTIVE] [RED] LeadPredict dist=2489.77 tgtRoll=59.371
[ACTIVE] [RED] LeadPredict dist=2434.36 dV=-51.1353 thr=1 om=0.880617 lt=3
[ACTIVE] [RED] LeadPredict dist=908.613 tgtRoll=46.872
[ACTIVE] [RED] LeadPredict dist=869.321 dV=42.4927 thr=0.613501 om=1.08467 lt=2.76343
[ACTIVE] [RED] LeadPredict dist=1829.8 tgtRoll=-6.652
[ACTIVE] [RED] LeadPredict dist=1860.35 dV=89.564 thr=0.789024 om=1.24797 lt=3
[ACTIVE] [RED] LeadPredict dist=1209.03 tgtRoll=5.084
[ACTIVE] [RED] LeadPredict dist=1124.78 dV=41.3095 thr=1 om=0.0560244 lt=3
[ACTIVE] [RED] LeadPredict dist=792.066 tgtRoll=-166.607
[ACTIVE] [RED] LeadPredict dist=1017.42 dV=-14.8159 thr=1 om=1.12386 lt=3
[ACTIVE] [RED] LeadPredict dist=1100.77 tgtRoll=179.458
[ACTIVE] [RED] LeadPredict dist=940.089 dV=-0.514435 thr=1 om=1.2397 lt=3
[ACTIVE] [RED] LeadPredict dist=445.097 tgtRoll=-14.784
[ACTIVE] [RED] LeadPredict dist=705.412 dV=55.9711 thr=0.55 om=0.650991 lt=3
[ACTIVE] [RED] LeadPredict dist=1585.3 tgtRoll=15.379
[ACTIVE] [RED] LeadPredict dist=1631.59 dV=66.3113 thr=1 om=0.938109 lt=3
[ACTIVE] [RED] LeadPredict dist=1267.29 tgtRoll=14.638
[ACTIVE] [RED] LeadPredict dist=1108.04 dV=2.10919 thr=1 om=0.155418 lt=3
[DUTY] team=1 ticks=4800 v27종말조준=1.91667% v21뱅크예측=86.7292% v17궤도조건=88.1875% v17슬롯적용=74.1042% 상승클램프=0% 강하클램프=23.75% v23b조건=25.4167% v23b실제적용=24.1458%
[ACTIVE] [RED] Evade Z=10174.7
[ACTIVE] [RED] LeadPredict dist=372.8 tgtRoll=48.009
[ACTIVE] [RED] LeadPredict dist=705.725 dV=-59.5207 thr=1 om=0.697307 lt=3
[ACTIVE] [RED] LeadPredict dist=734.299 tgtRoll=175.036
[ACTIVE] [RED] LeadPredict dist=455.707 dV=-23.6128 thr=1 om=0.525022 lt=2.93224
[ACTIVE] [RED] LeadPredict dist=385.784 tgtRoll=-151.693
[ACTIVE] [RED] LeadPredict dist=1125.34 dV=47.5857 thr=1 om=1.66346 lt=3
[ACTIVE] [RED] LeadPredict dist=1329.48 tgtRoll=11.36
[ACTIVE] [RED] LeadPredict dist=1626.81 dV=56.6398 thr=1 om=1.04705 lt=3
[ACTIVE] [RED] LeadPredict dist=1560.38 tgtRoll=8.678
[ACTIVE] [RED] LeadPredict dist=891.262 dV=-8.69405 thr=1 om=0.349397 lt=3
[ACTIVE] [RED] LeadPredict dist=652.161 tgtRoll=-5.831
[ACTIVE] [RED] LeadPredict dist=469.678 dV=-81.4873 thr=1 om=0.885019 lt=3
[ACTIVE] [RED] LeadPredict dist=749.758 tgtRoll=88.714
[ACTIVE] [RED] LeadPredict dist=1395.64 dV=-81.4359 thr=1 om=0.705717 lt=3
[ACTIVE] [RED] LeadPredict dist=1424.89 tgtRoll=158.809
[ACTIVE] [RED] LeadPredict dist=1197.34 dV=-28.037 thr=1 om=0.511007 lt=3
[ACTIVE] [RED] LeadPredict dist=1115.8 tgtRoll=-104.994
[ACTIVE] [RED] LeadPredict dist=1121.64 dV=45.5794 thr=1 om=0.34254 lt=3
[ACTIVE] [RED] LeadPredict dist=1205.06 tgtRoll=-20.974
[ACTIVE] [RED] LeadPredict dist=1637.93 dV=77.8862 thr=1 om=0.719702 lt=3
[DUTY] team=1 ticks=5400 v27종말조준=1.7963% v21뱅크예측=86.8333% v17궤도조건=89.5% v17슬롯적용=73.6852% 상승클램프=0% 강하클램프=25.8333% v23b조건=22.5926% v23b실제적용=21.463%
[ACTIVE] [RED] LeadPredict dist=1730 tgtRoll=-25.02
[ACTIVE] [RED] LeadPredict dist=1889.83 dV=83.1335 thr=1 om=0.578623 lt=3
[ACTIVE] [RED] LeadPredict dist=1872.08 tgtRoll=-35.257
[ACTIVE] [RED] LeadPredict dist=1576.07 dV=48.4088 thr=1 om=0.697842 lt=3
[ACTIVE] [RED] LeadPredict dist=1448.06 tgtRoll=-50.972
[ACTIVE] [RED] LeadPredict dist=776.131 dV=-21.2978 thr=1 om=0.0956934 lt=3
[ACTIVE] [RED] Evade Z=12461.6
[ACTIVE] [RED] LeadPredict dist=587.59 tgtRoll=-59.725
[ACTIVE] [RED] LeadPredict dist=614.632 tgtRoll=101.212
[ACTIVE] [RED] LeadPredict dist=862.129 dV=-83.6994 thr=1 om=0.552095 lt=3
[ACTIVE] [RED] LeadPredict dist=1104.61 tgtRoll=108.884
[ACTIVE] [RED] LeadPredict dist=1095.89 dV=-61.4756 thr=1 om=0.578829 lt=3
runner:local/env:0	num_steps=[11999] | total rewards=[5.8139] | termination= [max time out]
[seed 2] reward=     5.81 ownHP=1.0000 tgtHP=1.0000 max time out
total: 2
[ACTIVE] [RED] LeadPredict dist=4465.41 tgtRoll=103.441
[ACTIVE] [RED] LeadPredict dist=3477.84 dV=18.0054 thr=1 om=0.724227 lt=3
[ACTIVE] [RED] LeadPredict dist=1491.54 tgtRoll=85.18
[ACTIVE] [RED] LeadPredict dist=456.672 dV=70.7869 thr=0.648 om=1.27 lt=1.36193
[ACTIVE] [RED] LeadPredict dist=1691.26 tgtRoll=-61.629
[ACTIVE] [RED] LeadPredict dist=2496.94 dV=137.253 thr=0.596186 om=1.05482 lt=3
[ACTIVE] [RED] LeadPredict dist=3134.81 tgtRoll=-24.576
[ACTIVE] [RED] LeadPredict dist=3105.99 dV=131.697 thr=1 om=1.46839 lt=3
[ACTIVE] [RED] LeadPredict dist=2488.26 tgtRoll=-20.134
[ACTIVE] [RED] LeadPredict dist=1840.14 dV=55.9711 thr=0.788805 om=0.334065 lt=3
[DUTY] team=1 ticks=6000 v27종말조준=1.61667% v21뱅크예측=87.8167% v17궤도조건=88% v17슬롯적용=71.7% 상승클램프=0% 강하클램프=27.3667% v23b조건=21.8667% v23b실제적용=20.4%
[ACTIVE] [RED] LeadPredict dist=526.06 tgtRoll=-106.322
[ACTIVE] [RED] LeadPredict dist=366.147 dV=-18.2112 thr=1 om=0.892578 lt=1.44692
[ACTIVE] [RED] LeadPredict dist=1407.15 tgtRoll=152.498
[ACTIVE] [RED] LeadPredict dist=1599.62 dV=-39.3547 thr=1 om=1.15127 lt=3
[ACTIVE] [RED] LeadPredict dist=1223.26 tgtRoll=157.079
[ACTIVE] [RED] LeadPredict dist=749.567 dV=1.69766 thr=0.984 om=0.725047 lt=3
[ACTIVE] [RED] LeadPredict dist=724.76 tgtRoll=-75.878
[ACTIVE] [RED] LeadPredict dist=1286.64 dV=56.1768 thr=1 om=0.73317 lt=3
[ACTIVE] [RED] LeadPredict dist=2108.61 tgtRoll=-31.663
[ACTIVE] [RED] LeadPredict dist=2452.25 dV=92.7535 thr=1 om=0.530632 lt=3
[ACTIVE] [RED] LeadPredict dist=2693.48 tgtRoll=-43.398
[ACTIVE] [RED] LeadPredict dist=2661.24 dV=91.5703 thr=1 om=0.792637 lt=3
[ACTIVE] [RED] LeadPredict dist=2357.37 tgtRoll=-65.312
[ACTIVE] [RED] LeadPredict dist=2041.59 dV=45.0135 thr=1 om=0.791249 lt=3
[ACTIVE] [RED] LeadPredict dist=1395.11 tgtRoll=-79.653
[ACTIVE] [RED] Evade Z=11059.5
[ACTIVE] [RED] Evade Z=11284.4
[ACTIVE] [RED] LeadPredict dist=284.897 tgtRoll=-141.426
[ACTIVE] [RED] LeadPredict dist=250.573 dV=-58.7491 thr=1 om=2.20039 lt=2.29754
[ACTIVE] [RED] LeadPredict dist=987.988 tgtRoll=93.834
[ACTIVE] [RED] LeadPredict dist=1054.45 dV=-69.2951 thr=1 om=0.672135 lt=3
[ACTIVE] [RED] LeadPredict dist=1315.29 tgtRoll=85.239
[ACTIVE] [RED] LeadPredict dist=1290.36 dV=-41.8754 thr=1 om=0.774096 lt=3
[DUTY] team=1 ticks=6600 v27종말조준=1.4697% v21뱅크예측=88.7121% v17궤도조건=87.8939% v17슬롯적용=69.8939% 상승클램프=0% 강하클램프=28.0909% v23b조건=20.1818% v23b실제적용=18.8485%
[ACTIVE] [RED] LeadPredict dist=556.374 tgtRoll=24.635
[ACTIVE] [RED] LeadPredict dist=513.501 dV=-2.5722 thr=1 om=1.05924 lt=2.62954
[ACTIVE] [RED] LeadPredict dist=1510.86 tgtRoll=-98.509
[ACTIVE] [RED] LeadPredict dist=1602.63 dV=-6.79062 thr=1 om=1.09338 lt=3
[ACTIVE] [RED] LeadPredict dist=1569.63 tgtRoll=-70.287
[ACTIVE] [RED] LeadPredict dist=1469.79 dV=-25.2076 thr=1 om=0.885727 lt=3
[ACTIVE] [RED] LeadPredict dist=920.975 tgtRoll=177.417
[ACTIVE] [RED] LeadPredict dist=1064.6 dV=-20.5262 thr=1 om=1.6837 lt=3
[ACTIVE] [RED] LeadPredict dist=2021.25 tgtRoll=9.498
[ACTIVE] [RED] LeadPredict dist=1997.96 dV=-12.398 thr=0.785963 om=0.972321 lt=3
[ACTIVE] [RED] LeadPredict dist=749.064 tgtRoll=-131.624
[ACTIVE] [RED] LeadPredict dist=766.777 dV=-33.6958 thr=0.709003 om=1.31284 lt=2.33439
[ACTIVE] [RED] LeadPredict dist=1646.01 tgtRoll=36.67
[ACTIVE] [RED] LeadPredict dist=1585.69 dV=-37.3484 thr=0.61805 om=1.33422 lt=3
[ACTIVE] [RED] ClimbOut Z=2620.62
[ACTIVE] [RED] ClimbOut Z=2225.84
[ACTIVE] [RED] ClimbOut Z=2663.87
[ACTIVE] [RED] ClimbOut Z=2621.11
[ACTIVE] [RED] LeadPredict dist=2758.23 dV=11.935 thr=0.831376 om=1.33109 lt=3
[ACTIVE] [RED] LeadPredict dist=3003.34 tgtRoll=-42.9
[ACTIVE] [RED] LeadPredict dist=2982.02 dV=42.6471 thr=1 om=1.49504 lt=3
[ACTIVE] [RED] LeadPredict dist=646.147 tgtRoll=97.099
[ACTIVE] [RED] LeadPredict dist=618.97 dV=-18.5198 thr=1 om=1.27582 lt=2.18842
[DUTY] team=1 ticks=7200 v27종말조준=1.34722% v21뱅크예측=88.6528% v17궤도조건=87.75% v17슬롯적용=70.4583% 상승클램프=0% 강하클램프=27.8611% v23b조건=21.75% v23b실제적용=20.5278%
[ACTIVE] [RED] LeadPredict dist=2191.32 dV=-102.837 thr=1 om=1.3235 lt=3
[ACTIVE] [RED] ClimbOut Z=2672.42
[ACTIVE] [RED] ClimbOut Z=2491.92
[ACTIVE] [RED] LeadPredict dist=1592.06 dV=-28.3971 thr=1 om=1.28995 lt=3
[ACTIVE] [RED] ClimbOut Z=2937.72
[ACTIVE] [RED] LeadPredict dist=1114.66 tgtRoll=-11.17
[ACTIVE] [RED] LeadPredict dist=1183.02 dV=34.4675 thr=0.767816 om=1.57039 lt=3
[ACTIVE] [RED] LeadPredict dist=1268.26 tgtRoll=-1.38
[ACTIVE] [RED] LeadPredict dist=571.068 dV=-7.20218 thr=1 om=1.61424 lt=2.06988
[ACTIVE] [RED] LeadPredict dist=836.289 tgtRoll=-165.116
[ACTIVE] [RED] LeadPredict dist=875.614 dV=-16.102 thr=1 om=0.883217 lt=3
[ACTIVE] [RED] LeadPredict dist=839.317 tgtRoll=24.691
[ACTIVE] [RED] LeadPredict dist=930.825 dV=2.05777 thr=1 om=1.691 lt=3
[ACTIVE] [RED] LeadPredict dist=801.276 tgtRoll=-108.573
[ACTIVE] [RED] LeadPredict dist=1049.89 dV=-42.1841 thr=1 om=1.43091 lt=3
[ACTIVE] [RED] LeadPredict dist=1059.57 tgtRoll=166.052
runner:local/env:0	num_steps=[11999] | total rewards=[39.7450] | termination= [max time out]
[seed 3] reward=    39.75 ownHP=1.0000 tgtHP=0.9942 max time out
total: 2
[ACTIVE] [RED] LeadPredict dist=3035.48 dV=3.18951 thr=1 om=0.503416 lt=3
[ACTIVE] [RED] LeadPredict dist=2519.33 tgtRoll=110.405
[ACTIVE] [RED] LeadPredict dist=1069.03 dV=11.4206 thr=1 om=0.97835 lt=3
[ACTIVE] [RED] LeadPredict dist=600.577 tgtRoll=92.333
[ACTIVE] [RED] LeadPredict dist=1112 dV=24.1272 thr=0.591813 om=1.09659 lt=3
[DUTY] team=1 ticks=7800 v27종말조준=1.32051% v21뱅크예측=88.1026% v17궤도조건=88.1538% v17슬롯적용=71.2949% 상승클램프=0% 강하클램프=28.2564% v23b조건=21.6538% v23b실제적용=20.3205%
[ACTIVE] [RED] LeadPredict dist=1185.37 tgtRoll=-12.251
[ACTIVE] [RED] LeadPredict dist=981.45 dV=1.44043 thr=0.620017 om=1.07361 lt=2.8089
[ACTIVE] [RED] LeadPredict dist=766.728 tgtRoll=6.614
[ACTIVE] [RED] LeadPredict dist=695.97 dV=-58.9034 thr=0.795802 om=1.25471 lt=2.2593
[ACTIVE] [RED] LeadPredict dist=1021.82 tgtRoll=174.043
[ACTIVE] [RED] LeadPredict dist=791.254 dV=-35.4449 thr=0.774813 om=0.904547 lt=2.52809
[ACTIVE] [RED] LeadPredict dist=957.516 tgtRoll=-8.245
[ACTIVE] [RED] LeadPredict dist=1019.15 dV=-28.037 thr=0.91563 om=1.32165 lt=3
[ACTIVE] [RED] LeadPredict dist=886.797 tgtRoll=141.791
[ACTIVE] [RED] LeadPredict dist=1176.46 dV=-43.9846 thr=0.999461 om=0.778314 lt=3
[ACTIVE] [RED] LeadPredict dist=1172.84 tgtRoll=21.187
[ACTIVE] [RED] LeadPredict dist=1251.33 dV=-7.09927 thr=0.74639 om=0.875206 lt=3
[ACTIVE] [RED] LeadPredict dist=1279.12 tgtRoll=-10.401
[ACTIVE] [RED] LeadPredict dist=1270.68 dV=-36.9368 thr=0.849368 om=0.628803 lt=3
[ACTIVE] [RED] LeadPredict dist=1334.92 tgtRoll=-163.888
[ACTIVE] [RED] LeadPredict dist=1445.58 dV=-40.898 thr=1 om=0.683704 lt=3
[ACTIVE] [RED] ClimbOut Z=2193.59
[ACTIVE] [RED] ClimbOut Z=1880.3
[ACTIVE] [RED] ClimbOut Z=2490.17
[ACTIVE] [RED] ClimbOut Z=2321.2
[ACTIVE] [RED] LeadPredict dist=1220.1 dV=24.2301 thr=0.577165 om=1.32395 lt=3
[ACTIVE] [RED] LeadPredict dist=1254.3 tgtRoll=3.797
[ACTIVE] [RED] LeadPredict dist=1188.92 dV=17.4395 thr=0.995744 om=1.57051 lt=3
[DUTY] team=1 ticks=8400 v27종말조준=1.27381% v21뱅크예측=87.6786% v17궤도조건=88.9881% v17슬롯적용=72.381% 상승클램프=0% 강하클램프=27.9286% v23b조건=25.4286% v23b실제적용=24.1905%
[ACTIVE] [RED] LeadPredict dist=1043.51 tgtRoll=-179.049
[ACTIVE] [RED] LeadPredict dist=1151.39 dV=-30.0433 thr=1 om=1.58854 lt=3
[ACTIVE] [RED] LeadPredict dist=1192.89 tgtRoll=79.722
[ACTIVE] [RED] LeadPredict dist=1172.32 dV=-18.2112 thr=0.92 om=1.26358 lt=3
[ACTIVE] [RED] LeadPredict dist=1185.49 tgtRoll=-132.758
[ACTIVE] [RED] ClimbOut Z=2788.26
[ACTIVE] [RED] LeadPredict dist=1217.9 dV=-17.4395 thr=0.885504 om=1.37144 lt=3
[ACTIVE] [RED] ClimbOut Z=2087.98
[ACTIVE] [RED] ClimbOut Z=2709.61
[ACTIVE] [RED] ClimbOut Z=2031.88
[ACTIVE] [RED] ClimbOut Z=2605.99
[ACTIVE] [RED] LeadPredict dist=1126.15 dV=26.648 thr=0.694791 om=0.512988 lt=3
[ACTIVE] [RED] LeadPredict dist=937.063 tgtRoll=-85.038
[ACTIVE] [RED] LeadPredict dist=882.659 dV=-0.874542 thr=1 om=1.05304 lt=3
[ACTIVE] [RED] LeadPredict dist=1101.16 tgtRoll=177.594
[ACTIVE] [RED] LeadPredict dist=989.809 dV=4.6814 thr=1 om=1.68004 lt=3
[ACTIVE] [RED] LeadPredict dist=1003.74 tgtRoll=33.889
[ACTIVE] [RED] LeadPredict dist=996.503 dV=14.25 thr=1 om=1.37204 lt=3
[ACTIVE] [RED] LeadPredict dist=880.365 tgtRoll=145.935
[ACTIVE] [RED] LeadPredict dist=951.956 dV=-5.29874 thr=1 om=1.28961 lt=3
[ACTIVE] [RED] LeadPredict dist=1107.3 tgtRoll=148.431
[ACTIVE] [RED] LeadPredict dist=1094.11 dV=-3.29242 thr=1 om=0.765713 lt=3
[ACTIVE] [RED] LeadPredict dist=1009.06 tgtRoll=29.988
[ACTIVE] [RED] LeadPredict dist=1004.05 dV=36.0108 thr=1 om=0.700138 lt=3
[DUTY] team=1 ticks=9000 v27종말조준=1.18889% v21뱅크예측=87.3778% v17궤도조건=89.7111% v17슬롯적용=74.2111% 상승클램프=0% 강하클램프=26.5% v23b조건=25.1222% v23b실제적용=23.9667%
[ACTIVE] [RED] LeadPredict dist=1076.51 tgtRoll=14.109
[ACTIVE] [RED] LeadPredict dist=1126.31 dV=40.0234 thr=1 om=1.0551 lt=3
[ACTIVE] [RED] LeadPredict dist=1239.49 tgtRoll=90.442
[ACTIVE] [RED] LeadPredict dist=1238.38 dV=36.9368 thr=1 om=0.542396 lt=3
[ACTIVE] [RED] LeadPredict dist=1102.38 tgtRoll=141.59
[ACTIVE] [RED] LeadPredict dist=1032.26 dV=21.8123 thr=1 om=0.75582 lt=3
[ACTIVE] [RED] LeadPredict dist=667.455 tgtRoll=139.153
[ACTIVE] [RED] LeadPredict dist=555.332 dV=-13.2726 thr=1 om=0.989599 lt=3
[ACTIVE] [RED] LeadPredict dist=564.727 tgtRoll=-60.073
[ACTIVE] [RED] LeadPredict dist=739.146 dV=-45.5279 thr=1 om=1.20643 lt=3
[ACTIVE] [RED] LeadPredict dist=1475.2 tgtRoll=-104.89
[ACTIVE] [RED] LeadPredict dist=1625.77 dV=-66.9801 thr=1 om=1.08003 lt=3
[ACTIVE] [RED] LeadPredict dist=1640.07 tgtRoll=-84.691
[ACTIVE] [RED] LeadPredict dist=1483.15 dV=-39.7148 thr=1 om=1.2362 lt=3
[ACTIVE] [RED] LeadPredict dist=807.052 tgtRoll=-60.762
[ACTIVE] [RED] LeadPredict dist=857.575 dV=6.7906 thr=0.918513 om=1.46231 lt=3
[ACTIVE] [RED] LeadPredict dist=1507.41 tgtRoll=-62.075
[ACTIVE] [RED] LeadPredict dist=1581.32 dV=7.45938 thr=1 om=1.34108 lt=3
runner:local/env:0	num_steps=[11999] | total rewards=[374.8970] | termination= [max time out]
[seed 4] reward=   374.90 ownHP=1.0000 tgtHP=1.0000 max time out
total: 2
[ACTIVE] [RED] LeadPredict dist=2663.84 tgtRoll=26.081
[ACTIVE] [RED] LeadPredict dist=2589.13 dV=12.1408 thr=1 om=1.06922 lt=3
[DUTY] team=1 ticks=9600 v27종말조준=1.23958% v21뱅크예측=87.9896% v17궤도조건=90.1771% v17슬롯적용=74.9167% 상승클램프=0% 강하클램프=26.8021% v23b조건=23.7396% v23b실제적용=22.6562%
[ACTIVE] [RED] LeadPredict dist=1782.99 tgtRoll=152.448
[ACTIVE] [RED] LeadPredict dist=1472.96 dV=42.3384 thr=1 om=1.28993 lt=3
[ACTIVE] [RED] LeadPredict dist=1119.72 tgtRoll=-3.042
[ACTIVE] [RED] LeadPredict dist=1619.09 dV=41.0009 thr=0.473312 om=0.199169 lt=3
[ACTIVE] [RED] LeadPredict dist=1771.49 tgtRoll=-3.342
[ACTIVE] [RED] LeadPredict dist=1419.42 dV=-33.7987 thr=0.611272 om=0.155702 lt=3
[ACTIVE] [RED] LeadPredict dist=556.187 tgtRoll=-0.59
[ACTIVE] [RED] LeadPredict dist=995.618 dV=-100.161 thr=0.768253 om=1.70367 lt=3
[ACTIVE] [RED] LeadPredict dist=1777.05 tgtRoll=-176.354
[ACTIVE] [RED] LeadPredict dist=1534.84 dV=-77.5261 thr=0.94488 om=1.22259 lt=3
[ACTIVE] [RED] LeadPredict dist=1158.24 tgtRoll=-6.262
[ACTIVE] [RED] LeadPredict dist=1513.53 dV=-1.0289 thr=0.753167 om=1.18651 lt=3
[ACTIVE] [RED] LeadPredict dist=1796.83 tgtRoll=-0.35
[ACTIVE] [RED] LeadPredict dist=1480 dV=-15.6904 thr=1 om=1.14024 lt=3
[ACTIVE] [RED] LeadPredict dist=1156.82 tgtRoll=164.197
[ACTIVE] [RED] LeadPredict dist=1562.52 dV=-93.4223 thr=1 om=1.00549 lt=3
[ACTIVE] [RED] LeadPredict dist=2104.25 tgtRoll=-130.054
[ACTIVE] [RED] LeadPredict dist=2242.64 dV=-87.0432 thr=1 om=0.97516 lt=3
[ACTIVE] [RED] LeadPredict dist=2071.79 tgtRoll=-23.564
[ACTIVE] [RED] LeadPredict dist=1852.66 dV=1.69763 thr=0.82663 om=0.968398 lt=3
[DUTY] team=1 ticks=10200 v27종말조준=1.20588% v21뱅크예측=87.8922% v17궤도조건=90.4902% v17슬롯적용=74.5294% 상승클램프=0% 강하클램프=27.4706% v23b조건=25.3824% v23b실제적용=24.3627%
[ACTIVE] [RED] LeadPredict dist=1586.75 tgtRoll=-5.879
[ACTIVE] [RED] LeadPredict dist=1481.72 dV=37.9142 thr=1 om=1.41059 lt=3
[ACTIVE] [RED] LeadPredict dist=1494.91 tgtRoll=-89.316
[ACTIVE] [RED] LeadPredict dist=1457.16 dV=26.8538 thr=1 om=0.80265 lt=3
[ACTIVE] [RED] LeadPredict dist=1280.88 tgtRoll=-75.61
[ACTIVE] [RED] LeadPredict dist=1187.27 dV=33.5415 thr=1 om=0.555298 lt=3
[ACTIVE] [RED] LeadPredict dist=1086.32 tgtRoll=-173.43
[ACTIVE] [RED] LeadPredict dist=1002.47 dV=31.1236 thr=1 om=0.735808 lt=3
[ACTIVE] [RED] LeadPredict dist=909.713 tgtRoll=126.056
[ACTIVE] [RED] LeadPredict dist=904.791 dV=5.9675 thr=0.92839 om=1.39052 lt=2.52153
[ACTIVE] [RED] LeadPredict dist=909.99 tgtRoll=123.505
[ACTIVE] [RED] LeadPredict dist=901.678 dV=-7.76804 thr=1 om=0.574455 lt=3
[ACTIVE] [RED] LeadPredict dist=883.929 tgtRoll=166.088
[ACTIVE] [RED] LeadPredict dist=918.896 dV=-7.56227 thr=1 om=0.573552 lt=3
[ACTIVE] [RED] LeadPredict dist=1073.19 tgtRoll=-59.184
[ACTIVE] [RED] LeadPredict dist=1183.91 dV=-34.1588 thr=1 om=0.974266 lt=3
[ACTIVE] [RED] LeadPredict dist=1286.22 tgtRoll=-79.675
[ACTIVE] [RED] LeadPredict dist=1355.02 dV=-59.0063 thr=1 om=0.979055 lt=3
[ACTIVE] [RED] LeadPredict dist=1525.12 tgtRoll=-134.977
[ACTIVE] [RED] LeadPredict dist=1717.9 dV=-26.3393 thr=1 om=1.14006 lt=3
[DUTY] team=1 ticks=10800 v27종말조준=1.5% v21뱅크예측=88.2593% v17궤도조건=91.0093% v17슬롯적용=75.9352% 상승클램프=0% 강하클램프=26.6759% v23b조건=24.3611% v23b실제적용=23.3981%
[ACTIVE] [RED] LeadPredict dist=1929.08 tgtRoll=0.166
[ACTIVE] [RED] LeadPredict dist=1936.74 dV=26.0307 thr=1 om=1.28255 lt=3
[ACTIVE] [RED] LeadPredict dist=1702.44 tgtRoll=-31.233
[ACTIVE] [RED] LeadPredict dist=1474.97 dV=37.8628 thr=1 om=1.47412 lt=3
[ACTIVE] [RED] LeadPredict dist=1346.57 tgtRoll=-85.805
[ACTIVE] [RED] LeadPredict dist=1443.35 dV=2.36642 thr=1 om=0.986327 lt=3
[ACTIVE] [RED] LeadPredict dist=1547.87 tgtRoll=-122.321
[ACTIVE] [RED] LeadPredict dist=1514.85 dV=-9.87726 thr=0.780934 om=0.99488 lt=3
[ACTIVE] [RED] LeadPredict dist=1350.92 tgtRoll=-21.627
[ACTIVE] [RED] LeadPredict dist=1210.33 dV=4.99005 thr=0.640351 om=1.27836 lt=3
[ACTIVE] [RED] LeadPredict dist=1117.99 tgtRoll=-56.852
[ACTIVE] [RED] LeadPredict dist=1087.96 dV=-20.4747 thr=0.621329 om=1.54991 lt=3
[ACTIVE] [RED] ClimbOut Z=2476.82
[ACTIVE] [RED] ClimbOut Z=2784.34
[ACTIVE] [RED] ClimbOut Z=1833.34
[ACTIVE] [RED] ClimbOut Z=1971.62
[ACTIVE] [RED] LeadPredict dist=3436.58 dV=24.6931 thr=1 om=1.38761 lt=3
[ACTIVE] [RED] ClimbOut Z=2723.86
[ACTIVE] [RED] LeadPredict dist=3847.29 tgtRoll=60.294
[ACTIVE] [RED] LeadPredict dist=3725.45 dV=55.4052 thr=1 om=1.61594 lt=3
[ACTIVE] [RED] LeadPredict dist=1166.08 tgtRoll=5.528
[ACTIVE] [RED] Evade Z=3419.3
[ACTIVE] [RED] LeadPredict dist=135.622 dV=-3.44675 thr=0.872 om=3.69239 lt=0.457375
[ACTIVE] [RED] ClimbOut Z=2324.48
[ACTIVE] [RED] LeadPredict dist=3202.26 dV=-105.666 thr=1 om=1.39943 lt=3
[DUTY] team=1 ticks=11400 v27종말조준=1.42105% v21뱅크예측=87.7982% v17궤도조건=90.3596% v17슬롯적용=75.6228% 상승클램프=0% 강하클램프=27.0789% v23b조건=24.9474% v23b실제적용=24.0088%
[ACTIVE] [RED] ClimbOut Z=1714.93
[ACTIVE] [RED] ClimbOut Z=1774.3
[ACTIVE] [RED] LeadPredict dist=3721.87 dV=-103.711 thr=1 om=1.36881 lt=3
[ACTIVE] [RED] ClimbOut Z=2428.97
[ACTIVE] [RED] LeadPredict dist=1682.91 tgtRoll=-158.937
[ACTIVE] [RED] LeadPredict dist=1165.98 dV=-10.1859 thr=1 om=0.530682 lt=3
runner:local/env:0	num_steps=[11999] | total rewards=[211.3853] | termination= [max time out]
[seed 5] reward=   211.39 ownHP=1.0000 tgtHP=1.0000 max time out
total: 2
[ACTIVE] [RED] LeadPredict dist=1763.64 tgtRoll=-108.731
[ACTIVE] [RED] LeadPredict dist=1660.11 dV=19.343 thr=0.76082 om=0.956796 lt=3
[ACTIVE] [RED] LeadPredict dist=2142.28 tgtRoll=-179.537
[ACTIVE] [RED] LeadPredict dist=2254.31 dV=33.9531 thr=0.642318 om=0.946684 lt=3
[ACTIVE] [RED] LeadPredict dist=1966.67 tgtRoll=0.126
[ACTIVE] [RED] LeadPredict dist=1740.95 dV=17.5938 thr=0.595312 om=1.20866 lt=3
[ACTIVE] [RED] LeadPredict dist=1178.01 tgtRoll=-123.447
[ACTIVE] [RED] LeadPredict dist=1279.01 dV=-37.5027 thr=0.685827 om=1.31862 lt=3
[ACTIVE] [RED] ClimbOut Z=2822.6
[ACTIVE] [RED] ClimbOut Z=3158.78
[ACTIVE] [RED] ClimbOut Z=2813.85
[ACTIVE] [RED] ClimbOut Z=2385.4
[ACTIVE] [RED] LeadPredict dist=1646.55 dV=16.7708 thr=0.60996 om=1.48558 lt=3
[ACTIVE] [RED] LeadPredict dist=1677.55 tgtRoll=37.748
[ACTIVE] [RED] LeadPredict dist=624.096 dV=-32.2039 thr=0.829035 om=1.1459 lt=2.07875
[ACTIVE] [RED] LeadPredict dist=555.162 tgtRoll=63.004
[ACTIVE] [RED] LeadPredict dist=951.422 dV=-48.1516 thr=1 om=1.22805 lt=3
[ACTIVE] [RED] LeadPredict dist=933.681 tgtRoll=-157.912
[ACTIVE] [RED] LeadPredict dist=1098.33 dV=-10.9576 thr=1 om=1.55644 lt=3
[DUTY] team=1 ticks=12000 v27종말조준=1.38333% v21뱅크예측=87.2083% v17궤도조건=89.9167% v17슬롯적용=74.3% 상승클램프=0% 강하클램프=28.4333% v23b조건=26.5333% v23b실제적용=25.6417%
[ACTIVE] [RED] LeadPredict dist=1099.05 tgtRoll=28.022
[ACTIVE] [RED] LeadPredict dist=1018.9 dV=-64.768 thr=1 om=0.913392 lt=3
[ACTIVE] [RED] LeadPredict dist=1034.64 tgtRoll=172.172
[ACTIVE] [RED] LeadPredict dist=1428.33 dV=-55.8167 thr=1 om=1.39182 lt=3
[ACTIVE] [RED] LeadPredict dist=1429.77 tgtRoll=-104.978
[ACTIVE] [RED] ClimbOut Z=2403.58
[ACTIVE] [RED] ClimbOut Z=1814.91
[ACTIVE] [RED] LeadPredict dist=1458.72 dV=-8.74548 thr=1 om=2.63705 lt=3
[ACTIVE] [RED] ClimbOut Z=1958.74
[ACTIVE] [RED] ClimbOut Z=2216.7
[ACTIVE] [RED] ClimbOut Z=2679.96
[ACTIVE] [RED] LeadPredict dist=1214.58 dV=24.4359 thr=0.716874 om=1.56052 lt=3
[ACTIVE] [RED] LeadPredict dist=1060.95 tgtRoll=127.659
[ACTIVE] [RED] LeadPredict dist=962.871 dV=4.88718 thr=1 om=1.65331 lt=3
[ACTIVE] [RED] LeadPredict dist=1179.44 tgtRoll=173.533
[ACTIVE] [RED] LeadPredict dist=991.743 dV=13.2726 thr=1 om=1.16729 lt=3
[ACTIVE] [RED] LeadPredict dist=967.346 tgtRoll=-16.91
[ACTIVE] [RED] LeadPredict dist=1012.61 dV=5.76172 thr=1 om=1.13298 lt=3
[ACTIVE] [RED] LeadPredict dist=934.853 tgtRoll=-98.507
[ACTIVE] [RED] LeadPredict dist=973.572 dV=2.82942 thr=1 om=0.964387 lt=3
[ACTIVE] [RED] LeadPredict dist=1043.81 tgtRoll=-175.491
[ACTIVE] [RED] LeadPredict dist=1110.59 dV=-12.6552 thr=1 om=0.718815 lt=3
[ACTIVE] [RED] LeadPredict dist=1219.35 tgtRoll=-93.745
[ACTIVE] [RED] LeadPredict dist=1308.88 dV=16.4106 thr=1 om=0.548261 lt=3
[DUTY] team=1 ticks=12600 v27종말조준=1.31746% v21뱅크예측=86.9603% v17궤도조건=90.381% v17슬롯적용=75.5079% 상승클램프=0% 강하클램프=27.6349% v23b조건=26.0317% v23b실제적용=25.1825%
[ACTIVE] [RED] LeadPredict dist=1365.78 tgtRoll=-48.991
[ACTIVE] [RED] LeadPredict dist=1364.44 dV=49.592 thr=1 om=0.553042 lt=3
[ACTIVE] [RED] LeadPredict dist=1306.45 tgtRoll=-29.103
[ACTIVE] [RED] LeadPredict dist=1245.74 dV=50.8267 thr=1 om=0.552832 lt=3
[ACTIVE] [RED] LeadPredict dist=1193.32 tgtRoll=-3.879
[ACTIVE] [RED] LeadPredict dist=1149.7 dV=27.3168 thr=1 om=0.484844 lt=3
[ACTIVE] [RED] LeadPredict dist=1076.14 tgtRoll=133.642
[ACTIVE] [RED] LeadPredict dist=1004.02 dV=-17.9025 thr=1 om=0.685603 lt=3
[ACTIVE] [RED] LeadPredict dist=921.595 tgtRoll=164.436
[ACTIVE] [RED] LeadPredict dist=909.58 dV=-64.4079 thr=1 om=0.589934 lt=3
[ACTIVE] [RED] LeadPredict dist=1033.53 tgtRoll=-113.368
[ACTIVE] [RED] LeadPredict dist=1245.32 dV=-70.6841 thr=1 om=0.866755 lt=3
[ACTIVE] [RED] LeadPredict dist=1577.02 tgtRoll=-69.776
[ACTIVE] [RED] LeadPredict dist=1864.97 dV=-54.2734 thr=1 om=1.0083 lt=3
[ACTIVE] [RED] LeadPredict dist=2164.81 tgtRoll=-63.307
[ACTIVE] [RED] LeadPredict dist=2310.13 dV=-37.9657 thr=1 om=1.18045 lt=3
[ACTIVE] [RED] LeadPredict dist=2311.96 tgtRoll=-65.132
[ACTIVE] [RED] LeadPredict dist=2158.17 dV=-29.426 thr=1 om=1.28294 lt=3
[ACTIVE] [RED] LeadPredict dist=1820.81 tgtRoll=-76.377
[ACTIVE] [RED] LeadPredict dist=1554.9 dV=-22.4296 thr=1 om=1.29366 lt=3
[DUTY] team=1 ticks=13200 v27종말조준=1.25758% v21뱅크예측=87.5379% v17궤도조건=90.8182% v17슬롯적용=76.6212% 상승클램프=0% 강하클램프=26.7273% v23b조건=24.8485% v23b실제적용=24.0379%
[ACTIVE] [RED] LeadPredict dist=1482.04 tgtRoll=-87.514
[ACTIVE] [RED] LeadPredict dist=1641.87 dV=-17.1823 thr=1 om=1.2881 lt=3
[ACTIVE] [RED] LeadPredict dist=1828.33 tgtRoll=-72.78
[ACTIVE] [RED] LeadPredict dist=1806.45 dV=-24.4359 thr=0.849368 om=1.10469 lt=3
[ACTIVE] [RED] LeadPredict dist=1549.71 tgtRoll=-81.881
[ACTIVE] [RED] LeadPredict dist=1383.98 dV=-30.9178 thr=0.72234 om=1.42334 lt=3
[ACTIVE] [RED] ClimbOut Z=2577.09
[ACTIVE] [RED] ClimbOut Z=2502.39
[ACTIVE] [RED] ClimbOut Z=2553.72
runner:local/env:0	num_steps=[11999] | total rewards=[112.2600] | termination= [max time out]
[seed 6] reward=   112.26 ownHP=1.0000 tgtHP=1.0000 max time out
total: 2
[ACTIVE] [RED] LeadPredict dist=2353.69 tgtRoll=82.882
[ACTIVE] [RED] LeadPredict dist=2276.73 dV=3.60107 thr=0.809794 om=1.33052 lt=3
[ACTIVE] [RED] LeadPredict dist=830.971 tgtRoll=-127.869
[ACTIVE] [RED] LeadPredict dist=930.545 dV=-13.8384 thr=0.79121 om=1.21581 lt=3
[ACTIVE] [RED] LeadPredict dist=2818.36 tgtRoll=-119.798
[ACTIVE] [RED] LeadPredict dist=2821.38 dV=-25.8763 thr=1 om=1.20669 lt=3
[ACTIVE] [RED] LeadPredict dist=758.281 tgtRoll=-37.81
[ACTIVE] [RED] LeadPredict dist=650.221 dV=-9.15704 thr=0.59072 om=1.31378 lt=1.82492
[ACTIVE] [RED] ClimbOut Z=2493.35
[ACTIVE] [RED] LeadPredict dist=3315.1 tgtRoll=-2.562
[ACTIVE] [RED] LeadPredict dist=5479.51 dV=69.0893 thr=1 om=1.29698 lt=3
[ACTIVE] [RED] LeadPredict dist=5702.7 tgtRoll=46.682
[ACTIVE] [RED] LeadPredict dist=4684.78 dV=34.3132 thr=1 om=0.64074 lt=3
[ACTIVE] [RED] LeadPredict dist=3906.07 tgtRoll=111.213
[ACTIVE] [RED] LeadPredict dist=1439.1 dV=-33.2328 thr=1 om=0.223769 lt=3
[DUTY] team=1 ticks=13800 v27종말조준=1.24638% v21뱅크예측=87.7899% v17궤도조건=89.8261% v17슬롯적용=75.8261% 상승클램프=0% 강하클램프=27.4058% v23b조건=25.6739% v23b실제적용=24.8986%
[ACTIVE] [RED] LeadPredict dist=529.291 tgtRoll=139.152
[ACTIVE] [RED] LeadPredict dist=2068.88 dV=-54.5306 thr=0.804984 om=1.36736 lt=3
[ACTIVE] [RED] LeadPredict dist=2069.26 tgtRoll=-140.288
[ACTIVE] [RED] ClimbOut Z=2413.82
[ACTIVE] [RED] ClimbOut Z=2877.87
[ACTIVE] [RED] ClimbOut Z=2258.42
[ACTIVE] [RED] ClimbOut Z=2183.87
[ACTIVE] [RED] ClimbOut Z=2775.61
[ACTIVE] [RED] LeadPredict dist=1974.71 dV=20.2175 thr=0.685609 om=1.15686 lt=3
[ACTIVE] [RED] LeadPredict dist=2171.67 tgtRoll=73.261
[ACTIVE] [RED] LeadPredict dist=1615.39 dV=2.5722 thr=1 om=1.62222 lt=3
[ACTIVE] [RED] LeadPredict dist=588.697 tgtRoll=-123.143
[ACTIVE] [RED] LeadPredict dist=1230.48 dV=-77.7319 thr=1 om=1.39877 lt=3
[ACTIVE] [RED] ClimbOut Z=2522.12
[ACTIVE] [RED] LeadPredict dist=2106.43 dV=-93.4737 thr=1 om=1.28178 lt=3
[ACTIVE] [RED] ClimbOut Z=2305.64
[ACTIVE] [RED] ClimbOut Z=2692.45
[ACTIVE] [RED] LeadPredict dist=968.535 dV=4.37274 thr=0.853959 om=1.49214 lt=3
[ACTIVE] [RED] LeadPredict dist=914.687 tgtRoll=-2.175
[ACTIVE] [RED] LeadPredict dist=1128.44 dV=18.4169 thr=1 om=1.73998 lt=3
[ACTIVE] [RED] LeadPredict dist=845.796 tgtRoll=90.521
[ACTIVE] [RED] LeadPredict dist=1141.64 dV=-22.018 thr=1 om=1.5131 lt=3
[ACTIVE] [RED] LeadPredict dist=1241.8 tgtRoll=168.565
[ACTIVE] [RED] LeadPredict dist=902.21 dV=18.7256 thr=0.984 om=1.23759 lt=3
[ACTIVE] [RED] LeadPredict dist=863.668 tgtRoll=-6.975
[ACTIVE] [RED] LeadPredict dist=1124.26 dV=21.9151 thr=1 om=1.02731 lt=3
[DUTY] team=1 ticks=14400 v27종말조준=1.19444% v21뱅크예측=87.2917% v17궤도조건=90.25% v17슬롯적용=75.9722% 상승클램프=0% 강하클램프=27.8264% v23b조건=25.9444% v23b실제적용=25.2014%
[ACTIVE] [RED] LeadPredict dist=1089.41 tgtRoll=-76.278
[ACTIVE] [RED] LeadPredict dist=831.85 dV=4.06409 thr=0.951231 om=1.13738 lt=3
[ACTIVE] [RED] LeadPredict dist=835.634 tgtRoll=146.825
[ACTIVE] [RED] LeadPredict dist=1081.39 dV=-33.2328 thr=1 om=0.869155 lt=3
[ACTIVE] [RED] LeadPredict dist=1170.56 tgtRoll=-164.679
[ACTIVE] [RED] LeadPredict dist=1339.85 dV=-20.4747 thr=1 om=0.701527 lt=3
[ACTIVE] [RED] LeadPredict dist=1370.3 tgtRoll=-86.226
[ACTIVE] [RED] LeadPredict dist=1422.49 dV=35.9079 thr=1 om=0.608729 lt=3
[ACTIVE] [RED] LeadPredict dist=1433.79 tgtRoll=-32.882
[ACTIVE] [RED] LeadPredict dist=1452.22 dV=69.1922 thr=1 om=0.871328 lt=3
[ACTIVE] [RED] LeadPredict dist=1442.89 tgtRoll=-31.989
[ACTIVE] [RED] LeadPredict dist=1343.09 dV=68.6263 thr=1 om=0.536646 lt=3
[ACTIVE] [RED] LeadPredict dist=1268.81 tgtRoll=-60.344
[ACTIVE] [RED] LeadPredict dist=984.852 dV=39.1489 thr=1 om=0.61993 lt=3
[ACTIVE] [RED] LeadPredict dist=863.616 tgtRoll=-145.392
[ACTIVE] [RED] LeadPredict dist=641.903 dV=-15.3818 thr=1 om=0.655133 lt=3
[ACTIVE] [RED] LeadPredict dist=666.899 tgtRoll=-120.005
[ACTIVE] [RED] LeadPredict dist=1068.93 dV=-66.0026 thr=1 om=0.769578 lt=3
[ACTIVE] [RED] LeadPredict dist=1285.05 tgtRoll=-81.048
[ACTIVE] [RED] LeadPredict dist=1951.93 dV=-90.5414 thr=1 om=0.825303 lt=3
[DUTY] team=1 ticks=15000 v27종말조준=1.14667% v21뱅크예측=87.8% v17궤도조건=90.64% v17슬롯적용=76.54% 상승클램프=0% 강하클램프=27.1067% v23b조건=24.9067% v23b실제적용=24.1933%
[ACTIVE] [RED] LeadPredict dist=2204.53 tgtRoll=-60.339
[ACTIVE] [RED] LeadPredict dist=2855.12 dV=-81.4873 thr=1 om=0.9439 lt=3
[ACTIVE] [RED] LeadPredict dist=3052.83 tgtRoll=-80.507
[ACTIVE] [RED] LeadPredict dist=3345.89 dV=-47.4314 thr=1 om=1.10653 lt=3
[ACTIVE] [RED] LeadPredict dist=3336.81 tgtRoll=-81.305
[ACTIVE] [RED] LeadPredict dist=2914.14 dV=-7.76804 thr=1 om=1.18589 lt=3
[ACTIVE] [RED] LeadPredict dist=2599 tgtRoll=-62.014
[ACTIVE] [RED] LeadPredict dist=1329.21 dV=8.1796 thr=1 om=1.2707 lt=3
[ACTIVE] [RED] Evade Z=7691.76
[ACTIVE] [RED] LeadPredict dist=772.798 tgtRoll=-110.382
runner:local/env:0	num_steps=[11999] | total rewards=[10.6987] | termination= [max time out]
[seed 7] reward=    10.70 ownHP=1.0000 tgtHP=1.0000 max time out
total: 2
[ACTIVE] [RED] LeadPredict dist=1616.3 tgtRoll=29.182
[ACTIVE] [RED] LeadPredict dist=1604.48 dV=2.52075 thr=0.81854 om=0 lt=3
[ACTIVE] [RED] LeadPredict dist=857.139 tgtRoll=116.825
[ACTIVE] [RED] Evade Z=6716.97
[ACTIVE] [RED] LeadPredict dist=743.04 dV=28.3971 thr=0.623734 om=1.01309 lt=2.13191
[ACTIVE] [RED] LeadPredict dist=1092.83 tgtRoll=-13.364
[ACTIVE] [RED] LeadPredict dist=1092.28 dV=-1.1832 thr=0.666369 om=0.384255 lt=3
[ACTIVE] [RED] LeadPredict dist=701.906 tgtRoll=-9.666
[ACTIVE] [RED] LeadPredict dist=179.648 dV=-63.6877 thr=0.791866 om=0.874972 lt=0.581435
[ACTIVE] [RED] LeadPredict dist=319.266 tgtRoll=-173.805
[ACTIVE] [RED] LeadPredict dist=649 dV=-37.2455 thr=0.778967 om=1.29544 lt=2.08007
[ACTIVE] [RED] LeadPredict dist=559.426 tgtRoll=-5.478
[ACTIVE] [RED] LeadPredict dist=837.842 dV=-58.4918 thr=0.826411 om=1.08709 lt=2.78497
[DUTY] team=1 ticks=15600 v27종말조준=1.17949% v21뱅크예측=88.0769% v17궤도조건=89.8654% v17슬롯적용=74.6218% 상승클램프=0% 강하클램프=27.9423% v23b조건=25.5513% v23b실제적용=24.8654%
[ACTIVE] [RED] LeadPredict dist=887.566 tgtRoll=-130.774
[ACTIVE] [RED] LeadPredict dist=1013.72 dV=-35.2906 thr=0.811637 om=1.35591 lt=3
[ACTIVE] [RED] LeadPredict dist=1029.51 tgtRoll=-175.705
[ACTIVE] [RED] LeadPredict dist=1225.6 dV=-48.203 thr=1 om=1.31232 lt=3
[ACTIVE] [RED] ClimbOut Z=2564.78
[ACTIVE] [RED] ClimbOut Z=2419.79
[ACTIVE] [RED] LeadPredict dist=1239 dV=13.0668 thr=0.84 om=1.43792 lt=3
[ACTIVE] [RED] LeadPredict dist=1112.95 tgtRoll=0.215
[ACTIVE] [RED] LeadPredict dist=1129.25 dV=2.41788 thr=1 om=1.46268 lt=3
[ACTIVE] [RED] LeadPredict dist=1129.13 tgtRoll=-153.411
[ACTIVE] [RED] LeadPredict dist=1148.62 dV=-10.1859 thr=1 om=1.51157 lt=3
[ACTIVE] [RED] LeadPredict dist=1137.96 tgtRoll=-130.889
[ACTIVE] [RED] LeadPredict dist=1144.46 dV=-10.3917 thr=1 om=0.878097 lt=3
[ACTIVE] [RED] LeadPredict dist=1165.95 tgtRoll=173.916
[ACTIVE] [RED] LeadPredict dist=1199.38 dV=-23.407 thr=1 om=0.806937 lt=3
[ACTIVE] [RED] ClimbOut Z=2974.62
[ACTIVE] [RED] ClimbOut Z=2092.5
[ACTIVE] [RED] ClimbOut Z=2749.08
[ACTIVE] [RED] LeadPredict dist=1133.54 dV=5.14438 thr=0.497534 om=5.43291 lt=2.98974
[ACTIVE] [RED] ClimbOut Z=1939.2
[ACTIVE] [RED] ClimbOut Z=2533.07
[ACTIVE] [RED] LeadPredict dist=1020.44 tgtRoll=-4.598
[ACTIVE] [RED] LeadPredict dist=1193.86 dV=17.8511 thr=0.704411 om=1.54631 lt=3
[ACTIVE] [RED] LeadPredict dist=883.001 tgtRoll=85.878
[ACTIVE] [RED] LeadPredict dist=1011.19 dV=-7.71661 thr=1 om=1.21592 lt=3
[DUTY] team=1 ticks=16200 v27종말조준=1.16667% v21뱅크예측=87.4506% v17궤도조건=90.1605% v17슬롯적용=75.4815% 상승클램프=0% 강하클램프=27.7593% v23b조건=26.2099% v23b실제적용=25.5494%
[ACTIVE] [RED] LeadPredict dist=982.165 tgtRoll=124.263
[ACTIVE] [RED] LeadPredict dist=1034.13 dV=6.32759 thr=1 om=1.4259 lt=3
[ACTIVE] [RED] LeadPredict dist=957.688 tgtRoll=32.9
[ACTIVE] [RED] LeadPredict dist=974.493 dV=-12.2951 thr=1 om=1.5595 lt=3
[ACTIVE] [RED] LeadPredict dist=1166.55 tgtRoll=155.497
[ACTIVE] [RED] LeadPredict dist=1222.68 dV=-19.2915 thr=1 om=1.28179 lt=3
[ACTIVE] [RED] LeadPredict dist=1249.55 tgtRoll=24.121
[ACTIVE] [RED] LeadPredict dist=1243.3 dV=33.8502 thr=1 om=0.973162 lt=3
[ACTIVE] [RED] LeadPredict dist=1203.88 tgtRoll=6.647
[ACTIVE] [RED] LeadPredict dist=1207.42 dV=32.7698 thr=1 om=1.63593 lt=3
[ACTIVE] [RED] LeadPredict dist=1165.92 tgtRoll=-177.644
[ACTIVE] [RED] LeadPredict dist=1097.21 dV=21.1949 thr=1 om=0.446748 lt=3
[ACTIVE] [RED] LeadPredict dist=950.067 tgtRoll=91.842
[ACTIVE] [RED] LeadPredict dist=919.32 dV=23.4585 thr=1 om=0.498364 lt=3
[ACTIVE] [RED] LeadPredict dist=932.611 tgtRoll=84.452
[ACTIVE] [RED] LeadPredict dist=956.564 dV=23.6128 thr=1 om=0.354797 lt=3
[ACTIVE] [RED] LeadPredict dist=972.034 tgtRoll=76.231
[ACTIVE] [RED] LeadPredict dist=952.91 dV=31.0207 thr=1 om=0.524717 lt=3
[ACTIVE] [RED] LeadPredict dist=831.241 tgtRoll=57.746
[ACTIVE] [RED] LeadPredict dist=742.104 dV=23.7157 thr=0.715412 om=0.800537 lt=3
[DUTY] team=1 ticks=16800 v27종말조준=1.125% v21뱅크예측=87.4464% v17궤도조건=90.5119% v17슬롯적용=76.3571% 상승클램프=0% 강하클램프=26.7679% v23b조건=25.2738% v23b실제적용=24.6369%
[ACTIVE] [RED] LeadPredict dist=500.809 tgtRoll=29.329
[ACTIVE] [RED] LeadPredict dist=419.768 dV=-10.8032 thr=1 om=1.00926 lt=3
[ACTIVE] [RED] LeadPredict dist=561.704 tgtRoll=-67.405
[ACTIVE] [RED] LeadPredict dist=693.106 dV=-45.4251 thr=1 om=0.663162 lt=3
[ACTIVE] [RED] LeadPredict dist=698.916 tgtRoll=-96.638
[ACTIVE] [RED] LeadPredict dist=561.905 dV=-42.0297 thr=1 om=0.911367 lt=3
[ACTIVE] [RED] LeadPredict dist=794.592 tgtRoll=139.702
[ACTIVE] [RED] LeadPredict dist=1105.57 dV=21.2464 thr=1 om=1.17135 lt=3
[ACTIVE] [RED] LeadPredict dist=1351.68 tgtRoll=12.339
[ACTIVE] [RED] LeadPredict dist=1239.29 dV=30.6606 thr=1 om=1.63722 lt=3
[ACTIVE] [RED] LeadPredict dist=917.604 tgtRoll=-59.532
[ACTIVE] [RED] LeadPredict dist=939.134 dV=-40.6922 thr=1 om=1.21443 lt=3
[ACTIVE] [RED] LeadPredict dist=1299.07 tgtRoll=-150.837
runner:local/env:0	num_steps=[11999] | total rewards=[441.8402] | termination= [max time out]
[seed 8] reward=   441.84 ownHP=1.0000 tgtHP=0.9991 max time out
total: 2
[ACTIVE] [RED] LeadPredict dist=3048.34 dV=0.82309 thr=1 om=0 lt=3
[ACTIVE] [RED] LeadPredict dist=1305.33 tgtRoll=-119.387
[ACTIVE] [RED] LeadPredict dist=1086.02 dV=31.5866 thr=0.766286 om=0.891497 lt=3
[ACTIVE] [RED] LeadPredict dist=2487.7 tgtRoll=-120.476
[ACTIVE] [RED] LeadPredict dist=3257.43 dV=107.724 thr=1 om=1.26314 lt=3
[ACTIVE] [RED] LeadPredict dist=4567.86 tgtRoll=-22.938
[ACTIVE] [RED] LeadPredict dist=4937.68 dV=179.848 thr=1 om=0.994859 lt=3
[DUTY] team=1 ticks=17400 v27종말조준=1.08621% v21뱅크예측=87.6207% v17궤도조건=90.2989% v17슬롯적용=75.9713% 상승클램프=0% 강하클램프=27.1034% v23b조건=24.9195% v23b실제적용=24.3046%
[ACTIVE] [RED] LeadPredict dist=5143.76 tgtRoll=-23.463
[ACTIVE] [RED] LeadPredict dist=4963.41 dV=152.84 thr=1 om=1.25915 lt=3
[ACTIVE] [RED] LeadPredict dist=4063.54 tgtRoll=-69.12
[ACTIVE] [RED] LeadPredict dist=3457.35 dV=59.675 thr=1 om=1.14142 lt=3
[ACTIVE] [RED] LeadPredict dist=1805.67 tgtRoll=-138.048
[ACTIVE] [RED] LeadPredict dist=951.442 dV=3.7554 thr=1 om=1.13923 lt=3
[ACTIVE] [RED] LeadPredict dist=1105.14 tgtRoll=118.37
[ACTIVE] [RED] LeadPredict dist=1835.03 dV=-3.90973 thr=1 om=1.30009 lt=3
[ACTIVE] [RED] LeadPredict dist=2424.65 tgtRoll=58.198
[ACTIVE] [RED] LeadPredict dist=2117.64 dV=-13.324 thr=0.767379 om=1.01688 lt=3
[ACTIVE] [RED] LeadPredict dist=531.402 tgtRoll=93.546
[ACTIVE] [RED] LeadPredict dist=962.732 dV=-18.3655 thr=0.676207 om=1.42976 lt=2.86368
[ACTIVE] [RED] ClimbOut Z=3226.07
[ACTIVE] [RED] ClimbOut Z=2526.95
[ACTIVE] [RED] ClimbOut Z=2342.77
[ACTIVE] [RED] ClimbOut Z=1909.62
[ACTIVE] [RED] ClimbOut Z=2042.07
[ACTIVE] [RED] LeadPredict dist=4221.99 dV=11.009 thr=1 om=1.37677 lt=3
[ACTIVE] [RED] ClimbOut Z=2767.11
[ACTIVE] [RED] LeadPredict dist=3914.19 tgtRoll=-49.805
[ACTIVE] [RED] LeadPredict dist=3339.95 dV=44.3447 thr=1 om=1.55838 lt=3
[ACTIVE] [RED] LeadPredict dist=1772.35 tgtRoll=-140.724
[ACTIVE] [RED] LeadPredict dist=718.831 dV=21.6065 thr=0.740722 om=1.78003 lt=2.37355
[ACTIVE] [RED] LeadPredict dist=1385.75 tgtRoll=158.983
[ACTIVE] [RED] LeadPredict dist=2279.31 dV=-77.7833 thr=1 om=1.24103 lt=3
[DUTY] team=1 ticks=18000 v27종말조준=1.06111% v21뱅크예측=87.3667% v17궤도조건=89.15% v17슬롯적용=74.6389% 상승클램프=0% 강하클램프=26.9889% v23b조건=24.8889% v23b실제적용=24.2222%
[ACTIVE] [RED] ClimbOut Z=2464.78
[ACTIVE] [RED] ClimbOut Z=2196.06
[ACTIVE] [RED] LeadPredict dist=2568.36 dV=-66.1055 thr=1 om=1.28227 lt=3
[ACTIVE] [RED] ClimbOut Z=2529.16
[ACTIVE] [RED] LeadPredict dist=336.715 dV=50.0036 thr=0.55 om=1.31562 lt=1.02462
[ACTIVE] [RED] LeadPredict dist=1042.27 tgtRoll=-2.36
[ACTIVE] [RED] LeadPredict dist=1757.36 dV=78.8636 thr=0.777218 om=1.60694 lt=3
[ACTIVE] [RED] LeadPredict dist=1437.86 tgtRoll=1.839
[ACTIVE] [RED] LeadPredict dist=90.6009 dV=-22.3267 thr=0.976 om=1.80396 lt=0.357232
[ACTIVE] [RED] LeadPredict dist=722.069 tgtRoll=-37.278
[ACTIVE] [RED] LeadPredict dist=1308.69 dV=-18.6227 thr=1 om=1.38682 lt=3
[ACTIVE] [RED] LeadPredict dist=1049.54 tgtRoll=-170.814
[ACTIVE] [RED] LeadPredict dist=358.501 dV=14.9188 thr=0.848 om=1.01634 lt=1.7832
[ACTIVE] [RED] LeadPredict dist=824.33 tgtRoll=15.978
[ACTIVE] [RED] LeadPredict dist=1596.43 dV=52.37 thr=1 om=1.00314 lt=3
[ACTIVE] [RED] LeadPredict dist=1640.12 tgtRoll=-3.203
[ACTIVE] [RED] LeadPredict dist=1145.21 dV=9.92868 thr=1 om=0.914655 lt=3
[ACTIVE] [RED] LeadPredict dist=789.678 tgtRoll=-177.995
[ACTIVE] [RED] Evade Z=7775.57
[ACTIVE] [RED] LeadPredict dist=653.933 tgtRoll=-78.444
[ACTIVE] [RED] LeadPredict dist=794.93 dV=-45.425 thr=1 om=0.635432 lt=3
[ACTIVE] [RED] LeadPredict dist=1593.22 tgtRoll=-123.754
[ACTIVE] [RED] LeadPredict dist=1650.66 dV=-50.7752 thr=1 om=0.580604 lt=3
[DUTY] team=1 ticks=18600 v27종말조준=1.05914% v21뱅크예측=86.914% v17궤도조건=89.1613% v17슬롯적용=73.6183% 상승클램프=0% 강하클램프=27.129% v23b조건=24.629% v23b실제적용=23.8441%
[ACTIVE] [RED] LeadPredict dist=1744.26 tgtRoll=-130.966
[ACTIVE] [RED] LeadPredict dist=1716.49 dV=-34.0559 thr=1 om=0.559373 lt=3
[ACTIVE] [RED] LeadPredict dist=1264.28 tgtRoll=-82.068
[ACTIVE] [RED] LeadPredict dist=1184.29 dV=10.2374 thr=1 om=0.685787 lt=3
[ACTIVE] [RED] LeadPredict dist=675.299 tgtRoll=3.612
[ACTIVE] [RED] LeadPredict dist=674.576 dV=32.7184 thr=0.695999 om=0.707113 lt=3
[ACTIVE] [RED] LeadPredict dist=1391.39 tgtRoll=38.389
[ACTIVE] [RED] LeadPredict dist=1538.35 dV=2.36642 thr=1 om=1.01905 lt=3
[ACTIVE] [RED] LeadPredict dist=2699.15 tgtRoll=72.864
[ACTIVE] [RED] LeadPredict dist=2830.17 dV=-43.5731 thr=1 om=1.01615 lt=3
[ACTIVE] [RED] LeadPredict dist=3306.29 tgtRoll=81.959
[ACTIVE] [RED] LeadPredict dist=3278.4 dV=-67.2888 thr=1 om=1.14138 lt=3
[ACTIVE] [RED] LeadPredict dist=2385.22 tgtRoll=88.394
[ACTIVE] [RED] LeadPredict dist=2204.23 dV=-35.5478 thr=1 om=0.740584 lt=3
[ACTIVE] [RED] LeadPredict dist=634.692 tgtRoll=87.802
[ACTIVE] [RED] LeadPredict dist=443.033 dV=4.01263 thr=0.957531 om=1.24142 lt=1.87502
[ACTIVE] [RED] LeadPredict dist=1150.83 tgtRoll=-43.528
runner:local/env:0	num_steps=[11999] | total rewards=[-10.7460] | termination= [max time out]
[seed 9] reward=   -10.75 ownHP=1.0000 tgtHP=1.0000 max time out
total: 2
[ACTIVE] [RED] LeadPredict dist=1243.85 dV=0.61734 thr=0.826411 om=0 lt=3
[ACTIVE] [RED] LeadPredict dist=1819.91 tgtRoll=-94.783
[ACTIVE] [RED] LeadPredict dist=2143.18 dV=27.2653 thr=0.778967 om=0.99187 lt=3
[DUTY] team=1 ticks=19200 v27종말조준=1.02604% v21뱅크예측=86.8646% v17궤도조건=88.7865% v17슬롯적용=72.9062% 상승클램프=0% 강하클램프=27.5573% v23b조건=24.2031% v23b실제적용=23.4427%
[ACTIVE] [RED] LeadPredict dist=4167.61 tgtRoll=-57.449
[ACTIVE] [RED] LeadPredict dist=4317.37 dV=98.258 thr=1 om=1.26867 lt=3
[ACTIVE] [RED] LeadPredict dist=4348.32 tgtRoll=-39.057
[ACTIVE] [RED] LeadPredict dist=4224.09 dV=125.266 thr=1 om=1.06852 lt=3
[ACTIVE] [RED] LeadPredict dist=2597.23 tgtRoll=-48.927
[ACTIVE] [RED] LeadPredict dist=2326.09 dV=74.0794 thr=0.860518 om=1.07498 lt=3
[ACTIVE] [RED] LeadPredict dist=166.182 tgtRoll=-152.838
[ACTIVE] [RED] LeadPredict dist=368.664 dV=-13.1697 thr=1 om=1.50577 lt=1.56881
[ACTIVE] [RED] LeadPredict dist=2647.55 tgtRoll=-171.931
[ACTIVE] [RED] LeadPredict dist=2901.47 dV=-130.153 thr=1 om=0.872921 lt=3
[ACTIVE] [RED] LeadPredict dist=3956.36 tgtRoll=125.142
[ACTIVE] [RED] LeadPredict dist=3967.27 dV=-135.503 thr=1 om=0.957183 lt=3
[ACTIVE] [RED] LeadPredict dist=3190.12 tgtRoll=-25.58
[ACTIVE] [RED] LeadPredict dist=2997.05 dV=-59.0577 thr=1 om=0.99046 lt=3
[ACTIVE] [RED] LeadPredict dist=837.681 tgtRoll=-174.843
[ACTIVE] [RED] LeadPredict dist=502.457 dV=53.9133 thr=0.928 om=0.548586 lt=0.320795
[ACTIVE] [RED] LeadPredict dist=1866.19 tgtRoll=-17.448
[ACTIVE] [RED] LeadPredict dist=2048.02 dV=119.453 thr=0.748576 om=1.10033 lt=3
[ACTIVE] [RED] LeadPredict dist=2415.12 tgtRoll=-4.959
[ACTIVE] [RED] LeadPredict dist=2346.61 dV=93.9368 thr=0.857239 om=0.185964 lt=3
[DUTY] team=1 ticks=19800 v27종말조준=1.0404% v21뱅크예측=86.9293% v17궤도조건=87.5404% v17슬롯적용=71.3283% 상승클램프=0% 강하클램프=27.9899% v23b조건=24.1364% v23b실제적용=23.2778%
[ACTIVE] [RED] LeadPredict dist=1330.84 tgtRoll=-154.111
[ACTIVE] [RED] LeadPredict dist=1166.2 dV=3.18953 thr=1 om=1.3845 lt=3
[ACTIVE] [RED] Evade Z=9232.57
[ACTIVE] [RED] LeadPredict dist=793.047 tgtRoll=124.676
[ACTIVE] [RED] LeadPredict dist=1081.25 dV=-9.51714 thr=1 om=0.831822 lt=3
[ACTIVE] [RED] LeadPredict dist=1127.78 tgtRoll=129.462
[ACTIVE] [RED] LeadPredict dist=908.741 dV=11.8321 thr=0.992 om=0.937188 lt=3
[ACTIVE] [RED] LeadPredict dist=492.072 tgtRoll=99.196
[ACTIVE] [RED] LeadPredict dist=399.298 dV=33.49 thr=0.593762 om=0.567965 lt=2.22274
[ACTIVE] [RED] LeadPredict dist=670.139 tgtRoll=-86.241
[ACTIVE] [RED] LeadPredict dist=931.845 dV=33.4386 thr=0.912686 om=0.664129 lt=3
[ACTIVE] [RED] LeadPredict dist=867.833 tgtRoll=-48.322
[ACTIVE] [RED] LeadPredict dist=597.446 dV=11.1119 thr=0.866657 om=0.853092 lt=2.88822
[ACTIVE] [RED] LeadPredict dist=494.745 tgtRoll=-2.969
[ACTIVE] [RED] Evade Z=9758.84
[DUTY_EV] team=1 evadeTicks=300 v31?섍컯?섏꽑(>3000m)=100% 以묎컙(2200~3000)=0% ?곸듅(<2200)=0%
[ACTIVE] [RED] LeadPredict dist=313.656 tgtRoll=141.955
[ACTIVE] [RED] LeadPredict dist=242.847 dV=-19.4973 thr=1 om=0.591784 lt=1.18668
[ACTIVE] [RED] Evade Z=9687.09
[ACTIVE] [RED] LeadPredict dist=132.079 tgtRoll=-126.883
[ACTIVE] [RED] LeadPredict dist=500.344 dV=-10.083 thr=1 om=0.0505018 lt=1.97683
[ACTIVE] [RED] LeadPredict dist=469.315 tgtRoll=-7.281
[ACTIVE] [RED] LeadPredict dist=228.877 dV=-45.888 thr=1 om=0.203337 lt=0.881697
[ACTIVE] [RED] LeadPredict dist=461.593 tgtRoll=143.816
[ACTIVE] [RED] LeadPredict dist=519.804 dV=-30.4034 thr=0.842809 om=0.461368 lt=1.75026
[DUTY] team=1 ticks=20400 v27종말조준=1.05882% v21뱅크예측=87.098% v17궤도조건=87.8137% v17슬롯적용=69.9363% 상승클램프=0% 강하클램프=27.9755% v23b조건=23.4608% v23b실제적용=22.6275%
[ACTIVE] [RED] LeadPredict dist=657.384 tgtRoll=-25.341
[ACTIVE] [RED] LeadPredict dist=658.99 dV=-37.5027 thr=0.726275 om=1.39495 lt=2.03137
[ACTIVE] [RED] LeadPredict dist=817.865 tgtRoll=164.961
[ACTIVE] [RED] LeadPredict dist=905.026 dV=-32.667 thr=0.625046 om=1.56742 lt=2.59897
[ACTIVE] [RED] LeadPredict dist=935.742 tgtRoll=31.896
[ACTIVE] [RED] LeadPredict dist=1106.45 dV=-46.814 thr=1 om=1.53635 lt=2.96455
[ACTIVE] [RED] ClimbOut Z=2599.75
[ACTIVE] [RED] ClimbOut Z=3095.65
[ACTIVE] [RED] ClimbOut Z=1887.3
[ACTIVE] [RED] ClimbOut Z=2139.96
[ACTIVE] [RED] ClimbOut Z=2182.06
[ACTIVE] [RED] LeadPredict dist=1733.32 dV=12.9639 thr=0.494738 om=2.12305 lt=3
[ACTIVE] [RED] LeadPredict dist=1820.97 tgtRoll=-61.79
[ACTIVE] [RED] LeadPredict dist=1892.5 dV=9.87726 thr=0.725619 om=1.32352 lt=3
[ACTIVE] [RED] LeadPredict dist=1784.76 tgtRoll=0.731
[ACTIVE] [RED] LeadPredict dist=1299.82 dV=-39.9205 thr=1 om=1.47268 lt=3
[ACTIVE] [RED] LeadPredict dist=1252.04 tgtRoll=-154.747
[ACTIVE] [RED] LeadPredict dist=1417.11 dV=-79.018 thr=1 om=1.53372 lt=3
[ACTIVE] [RED] ClimbOut Z=2953.5
[ACTIVE] [RED] ClimbOut Z=1942.23
[ACTIVE] [RED] ClimbOut Z=1473.8
[ACTIVE] [RED] ClimbOut Z=2546.92
[ACTIVE] [RED] ClimbOut Z=1807.57
[ACTIVE] [RED] LeadPredict dist=1534.77 dV=-1.44043 thr=0.650408 om=1.93393 lt=3
[ACTIVE] [RED] ClimbOut Z=2655.34
[ACTIVE] [RED] LeadPredict dist=1585.86 tgtRoll=-54.999
[ACTIVE] [RED] LeadPredict dist=1884.55 dV=26.2364 thr=0.740049 om=1.50789 lt=3
runner:local/env:0	num_steps=[11999] | total rewards=[145.6769] | termination= [max time out]
[seed 10] reward=   145.68 ownHP=1.0000 tgtHP=0.9816 max time out
total: 2
[ACTIVE] [RED] LeadPredict dist=2334.72 tgtRoll=99.819
[ACTIVE] [RED] LeadPredict dist=1964.69 dV=-10.083 thr=1 om=0.289318 lt=3
[DUTY] team=1 ticks=21000 v27종말조준=1.07143% v21뱅크예측=86.8286% v17궤도조건=88.1% v17슬롯적용=70.519% 상승클램프=0% 강하클램프=27.9143% v23b조건=24.7667% v23b실제적용=23.9571%
[ACTIVE] [RED] LeadPredict dist=1207.06 tgtRoll=67.656
[ACTIVE] [RED] LeadPredict dist=948.819 dV=-7.87094 thr=0.724526 om=1.04372 lt=2.92108
[ACTIVE] [RED] LeadPredict dist=1008.59 tgtRoll=-55.861
[ACTIVE] [RED] LeadPredict dist=709.068 dV=-28.5 thr=0.749888 om=0.820625 lt=2.22383
[ACTIVE] [RED] LeadPredict dist=407.595 tgtRoll=-72.013
[ACTIVE] [RED] Evade Z=5401.87
[ACTIVE] [RED] Evade Z=5311.42
[ACTIVE] [RED] LeadPredict dist=197.933 tgtRoll=19.233
[ACTIVE] [RED] LeadPredict dist=379.981 dV=-38.4287 thr=0.729992 om=1.33631 lt=1.17448
[ACTIVE] [RED] LeadPredict dist=197.307 tgtRoll=-168.655
[ACTIVE] [RED] LeadPredict dist=340.989 dV=-46.2996 thr=0.723433 om=1.27675 lt=1.04895
[ACTIVE] [RED] LeadPredict dist=469.605 tgtRoll=-8.05
[ACTIVE] [RED] LeadPredict dist=415.184 dV=-34.1588 thr=0.872881 om=1.13796 lt=1.26817
[ACTIVE] [RED] LeadPredict dist=642.176 tgtRoll=-179.802
[ACTIVE] [RED] LeadPredict dist=679.2 dV=-22.481 thr=0.670304 om=1.22052 lt=2.01199
[ACTIVE] [RED] LeadPredict dist=1033.05 tgtRoll=18.332
[ACTIVE] [RED] LeadPredict dist=863.888 dV=-31.2265 thr=0.859773 om=1.41418 lt=2.71904
[ACTIVE] [RED] LeadPredict dist=1042.26 tgtRoll=152.2
[ACTIVE] [RED] LeadPredict dist=1060.15 dV=-28.4485 thr=0.777436 om=1.177 lt=3
[ACTIVE] [RED] LeadPredict dist=1185.79 tgtRoll=-10.538
[ACTIVE] [RED] LeadPredict dist=1202.31 dV=-14.0442 thr=1 om=1.40092 lt=3
[ACTIVE] [RED] LeadPredict dist=1227.46 tgtRoll=-162.692
[ACTIVE] [RED] LeadPredict dist=1343.7 dV=-42.8529 thr=1 om=1.24905 lt=3
[DUTY] team=1 ticks=21600 v27종말조준=1.09722% v21뱅크예측=86.9583% v17궤도조건=88.4213% v17슬롯적용=70.1759% 상승클램프=0% 강하클램프=27.5463% v23b조건=26.1296% v23b실제적용=25.3426%
[ACTIVE] [RED] LeadPredict dist=1420.94 tgtRoll=121.636
[ACTIVE] [RED] LeadPredict dist=1439.44 dV=-35.4964 thr=1 om=1.42833 lt=3
[ACTIVE] [RED] ClimbOut Z=2371.19
[ACTIVE] [RED] ClimbOut Z=2897.35
[ACTIVE] [RED] ClimbOut Z=1824.67
[ACTIVE] [RED] ClimbOut Z=2028.03
[ACTIVE] [RED] LeadPredict dist=999.675 dV=35.1363 thr=0.554208 om=1.3131 lt=2.73964
[ACTIVE] [RED] ClimbOut Z=2787.42
[ACTIVE] [RED] LeadPredict dist=1225.46 dV=19.1886 thr=0.798207 om=1.5301 lt=3
[ACTIVE] [RED] LeadPredict dist=1122.72 tgtRoll=0.688
[ACTIVE] [RED] LeadPredict dist=1110.56 dV=-4.01263 thr=1 om=1.36051 lt=3
[ACTIVE] [RED] LeadPredict dist=1113.71 tgtRoll=175.06
[ACTIVE] [RED] LeadPredict dist=973.516 dV=9.62003 thr=1 om=2.28132 lt=3
[ACTIVE] [RED] LeadPredict dist=976.982 tgtRoll=-29.308
[ACTIVE] [RED] LeadPredict dist=947.303 dV=-2.72653 thr=1 om=1.44784 lt=3
[ACTIVE] [RED] LeadPredict dist=976.73 tgtRoll=165.681
[ACTIVE] [RED] LeadPredict dist=1106.65 dV=2.57219 thr=1 om=0.916844 lt=3
[ACTIVE] [RED] LeadPredict dist=1109.7 tgtRoll=-88.309
[ACTIVE] [RED] LeadPredict dist=1127 dV=44.7563 thr=1 om=0.794675 lt=3
[ACTIVE] [RED] LeadPredict dist=1150.56 tgtRoll=-1.211
[ACTIVE] [RED] LeadPredict dist=1233.1 dV=46.6083 thr=1 om=0.84466 lt=3
[ACTIVE] [RED] LeadPredict dist=1186.65 tgtRoll=71.248
[ACTIVE] [RED] LeadPredict dist=681.141 dV=8.89981 thr=0.893202 om=0.934678 lt=3
[DUTY] team=1 ticks=22200 v27종말조준=1.06757% v21뱅크예측=86.8468% v17궤도조건=88.7297% v17슬롯적용=70.9775% 상승클램프=0% 강하클램프=26.991% v23b조건=25.8423% v23b실제적용=25.0766%
[ACTIVE] [RED] LeadPredict dist=642.244 tgtRoll=34.634
[ACTIVE] [RED] LeadPredict dist=1072.12 dV=-61.527 thr=1 om=0.774242 lt=3
[ACTIVE] [RED] LeadPredict dist=1189.21 tgtRoll=-164.589
[ACTIVE] [RED] LeadPredict dist=1885.92 dV=-106.129 thr=1 om=0.787802 lt=3
[ACTIVE] [RED] LeadPredict dist=1965.68 tgtRoll=155.874
[ACTIVE] [RED] LeadPredict dist=2241.41 dV=-72.9476 thr=1 om=0.773414 lt=3
[ACTIVE] [RED] LeadPredict dist=2248.12 tgtRoll=71.798
[ACTIVE] [RED] LeadPredict dist=2162.29 dV=-6.73917 thr=1 om=0.732909 lt=3
[ACTIVE] [RED] LeadPredict dist=2131.65 tgtRoll=46.277
[ACTIVE] [RED] LeadPredict dist=1904.67 dV=40.3321 thr=1 om=0.710165 lt=3
[ACTIVE] [RED] LeadPredict dist=1863.88 tgtRoll=36.019
[ACTIVE] [RED] LeadPredict dist=1689.22 dV=45.6308 thr=1 om=0.677423 lt=3
[ACTIVE] [RED] LeadPredict dist=1677.17 tgtRoll=54.2
[ACTIVE] [RED] LeadPredict dist=1766.74 dV=16.7707 thr=1 om=0.811605 lt=3
[ACTIVE] [RED] LeadPredict dist=1799.62 tgtRoll=81.446
[ACTIVE] [RED] LeadPredict dist=2104.09 dV=-35.4449 thr=1 om=1.05951 lt=3
[ACTIVE] [RED] LeadPredict dist=2152.22 tgtRoll=99.8
[ACTIVE] [RED] LeadPredict dist=2343.31 dV=-77.5776 thr=1 om=1.18152 lt=3
[ACTIVE] [RED] LeadPredict dist=2333.64 tgtRoll=98.906
[ACTIVE] [RED] LeadPredict dist=2195.13 dV=-76.8059 thr=1 om=0.967974 lt=3
[DUTY] team=1 ticks=22800 v27종말조준=1.03947% v21뱅크예측=87.193% v17궤도조건=89.0263% v17슬롯적용=71.7412% 상승클램프=0% 강하클램프=27.2895% v23b조건=25.1623% v23b실제적용=24.4167%
[ACTIVE] [RED] LeadPredict dist=2197.39 tgtRoll=117.597
[ACTIVE] [RED] LeadPredict dist=2474.96 dV=-23.5614 thr=1 om=1.13025 lt=3
runner:local/env:0	num_steps=[11999] | total rewards=[242.3671] | termination= [max time out]
[seed 11] reward=   242.37 ownHP=1.0000 tgtHP=0.9932 max time out
total: 2
[ACTIVE] [RED] LeadPredict dist=3461.4 tgtRoll=63.582
[ACTIVE] [RED] LeadPredict dist=3975.26 dV=3.03519 thr=1 om=0.91046 lt=3
[ACTIVE] [RED] LeadPredict dist=3881.4 tgtRoll=102.838
[ACTIVE] [RED] LeadPredict dist=2389.86 dV=-0.360107 thr=1 om=0.856765 lt=3
[ACTIVE] [RED] LeadPredict dist=2088.28 tgtRoll=56.361
[ACTIVE] [RED] LeadPredict dist=913.303 dV=-13.6327 thr=0.697852 om=1.15344 lt=2.75844
[ACTIVE] [RED] LeadPredict dist=1040.21 tgtRoll=-97.166
[ACTIVE] [RED] LeadPredict dist=895.213 dV=-24.7446 thr=0.841465 om=0.903428 lt=2.73182
[ACTIVE] [RED] LeadPredict dist=677.181 tgtRoll=-58.79
[ACTIVE] [RED] LeadPredict dist=370.516 dV=-20.0632 thr=0.696103 om=1.25909 lt=1.11768
[ACTIVE] [RED] LeadPredict dist=255.498 tgtRoll=81.638
[ACTIVE] [RED] LeadPredict dist=59.7043 dV=-23.4585 thr=0.715562 om=0.939427 lt=0.182623
[ACTIVE] [RED] LeadPredict dist=218.305 tgtRoll=87.104
[ACTIVE] [RED] LeadPredict dist=451.51 dV=-26.9566 thr=0.753605 om=1.6923 lt=1.41995
[ACTIVE] [RED] LeadPredict dist=406.824 tgtRoll=-4.238
[ACTIVE] [RED] LeadPredict dist=550.258 dV=-37.5027 thr=1 om=1.29765 lt=0.262732
[ACTIVE] [RED] LeadPredict dist=527.668 tgtRoll=116.344
[ACTIVE] [RED] LeadPredict dist=698.645 dV=-39.6119 thr=1 om=1.40877 lt=2.41349
[DUTY] team=1 ticks=23400 v27종말조준=1.08547% v21뱅크예측=87.4188% v17궤도조건=88.8162% v17슬롯적용=70.9017% 상승클램프=0% 강하클램프=26.9017% v23b조건=25.7863% v23b실제적용=25.0598%
[ACTIVE] [RED] LeadPredict dist=724.167 tgtRoll=-19.525
[ACTIVE] [RED] LeadPredict dist=909.919 dV=-24.1272 thr=0.782246 om=1.13139 lt=2.92356
[ACTIVE] [RED] LeadPredict dist=920.676 tgtRoll=-42.673
[ACTIVE] [RED] LeadPredict dist=1199.58 dV=-8.5397 thr=0.804547 om=1.41101 lt=3
[ACTIVE] [RED] LeadPredict dist=1163.51 tgtRoll=14.011
[ACTIVE] [RED] LeadPredict dist=1180.92 dV=-47.7401 thr=1 om=1.27175 lt=3
[ACTIVE] [RED] LeadPredict dist=1198.43 tgtRoll=160.654
[ACTIVE] [RED] LeadPredict dist=1242.67 dV=4.06409 thr=1 om=1.19539 lt=3
[ACTIVE] [RED] LeadPredict dist=1224.34 tgtRoll=7.934
[ACTIVE] [RED] LeadPredict dist=1121.44 dV=11.7807 thr=1 om=1.22519 lt=3
[ACTIVE] [RED] LeadPredict dist=1096.98 tgtRoll=168.153
[ACTIVE] [RED] LeadPredict dist=1134.2 dV=-19.7545 thr=1 om=0.429452 lt=3
[ACTIVE] [RED] LeadPredict dist=1139.46 tgtRoll=167.406
[ACTIVE] [RED] LeadPredict dist=1174.26 dV=-17.6967 thr=1 om=1.39419 lt=3
[ACTIVE] [RED] LeadPredict dist=1168.47 tgtRoll=-177.617
[ACTIVE] [RED] ClimbOut Z=2526.24
[ACTIVE] [RED] LeadPredict dist=1151.67 dV=14.3014 thr=1 om=1.39086 lt=3
[ACTIVE] [RED] ClimbOut Z=2551.64
[ACTIVE] [RED] LeadPredict dist=1001.07 dV=12.5523 thr=0.693963 om=0.901828 lt=2.9614
[ACTIVE] [RED] LeadPredict dist=972.693 tgtRoll=40.027
[ACTIVE] [RED] LeadPredict dist=964.329 dV=6.89349 thr=1 om=1.60562 lt=3
[DUTY] team=1 ticks=24000 v27종말조준=1.05833% v21뱅크예측=87.225% v17궤도조건=89.0792% v17슬롯적용=71.6125% 상승클램프=0% 강하클램프=26.4875% v23b조건=26.1417% v23b실제적용=25.4333%
[ACTIVE] [RED] LeadPredict dist=947.48 tgtRoll=97.001
[ACTIVE] [RED] LeadPredict dist=981.125 dV=-14.3014 thr=1 om=1.42267 lt=3
[ACTIVE] [RED] LeadPredict dist=992.914 tgtRoll=76.374
[ACTIVE] [RED] LeadPredict dist=1036.83 dV=-21.8123 thr=1 om=0.992108 lt=3
[ACTIVE] [RED] LeadPredict dist=1067.93 tgtRoll=173.263
[ACTIVE] [RED] ClimbOut Z=2745.83
[ACTIVE] [RED] LeadPredict dist=1117.45 dV=-11.4206 thr=0.91 om=1.70484 lt=2.98825
[ACTIVE] [RED] ClimbOut Z=3131.95
[ACTIVE] [RED] ClimbOut Z=2023.1
[ACTIVE] [RED] ClimbOut Z=2092
[ACTIVE] [RED] ClimbOut Z=2822.43
[ACTIVE] [RED] LeadPredict dist=1213.29 dV=30.3005 thr=0.609086 om=0.267007 lt=3
[ACTIVE] [RED] LeadPredict dist=1433.78 tgtRoll=-8.601
[ACTIVE] [RED] LeadPredict dist=935.827 dV=4.6814 thr=0.846744 om=0.98625 lt=3
[ACTIVE] [RED] LeadPredict dist=990.399 tgtRoll=-178.33
[ACTIVE] [RED] LeadPredict dist=1238.79 dV=-37.9657 thr=1 om=0.922933 lt=3
[ACTIVE] [RED] LeadPredict dist=1202.72 tgtRoll=6.67
[ACTIVE] [RED] LeadPredict dist=1159.23 dV=12.7067 thr=1 om=1.50922 lt=3
[ACTIVE] [RED] LeadPredict dist=1085.49 tgtRoll=10.925
[ACTIVE] [RED] LeadPredict dist=1099.01 dV=0.411545 thr=1 om=1.75687 lt=3
[ACTIVE] [RED] LeadPredict dist=1065.92 tgtRoll=38.409
[ACTIVE] [RED] LeadPredict dist=1003.99 dV=20.4233 thr=1 om=1.32638 lt=3
[ACTIVE] [RED] LeadPredict dist=931.597 tgtRoll=-171.799
[ACTIVE] [RED] LeadPredict dist=920.352 dV=-1.49187 thr=1 om=0.266585 lt=3
[DUTY] team=1 ticks=24600 v27종말조준=1.03252% v21뱅크예측=87.1992% v17궤도조건=89.3415% v17슬롯적용=72.3008% 상승클램프=0% 강하클램프=25.9797% v23b조건=26.0691% v23b실제적용=25.378%
[ACTIVE] [RED] LeadPredict dist=950.623 tgtRoll=101.666
[ACTIVE] [RED] LeadPredict dist=972.497 dV=-19.703 thr=1 om=1.17571 lt=3
[ACTIVE] [RED] LeadPredict dist=1018.28 tgtRoll=-131.35
[ACTIVE] [RED] LeadPredict dist=1135.73 dV=-32.6669 thr=1 om=1.11626 lt=3
[ACTIVE] [RED] LeadPredict dist=1228.88 tgtRoll=109.853
[ACTIVE] [RED] LeadPredict dist=1371.64 dV=-35.4964 thr=0.813293 om=1.15358 lt=3
[ACTIVE] [RED] LeadPredict dist=1427.75 tgtRoll=57.7
runner:local/env:0	num_steps=[11999] | total rewards=[798.8923] | termination= [max time out]
[seed 12] reward=   798.89 ownHP=1.0000 tgtHP=0.9785 max time out
total: 2
[ACTIVE] [RED] LeadPredict dist=4266.93 dV=3.4982 thr=1 om=1.33538 lt=3
[ACTIVE] [RED] LeadPredict dist=3542.92 tgtRoll=-94.976
[ACTIVE] [RED] LeadPredict dist=2563.14 dV=12.861 thr=1 om=0.946319 lt=3
[ACTIVE] [RED] LeadPredict dist=1803.28 tgtRoll=-89.719
[ACTIVE] [RED] LeadPredict dist=1397.87 dV=2.10922 thr=0.721246 om=1.16193 lt=3
[ACTIVE] [RED] LeadPredict dist=1677.67 tgtRoll=-99.83
[ACTIVE] [RED] LeadPredict dist=1872.35 dV=-22.4296 thr=0.666806 om=1.24406 lt=3
[ACTIVE] [RED] LeadPredict dist=1566.01 tgtRoll=-85.416
[ACTIVE] [RED] LeadPredict dist=1461.51 dV=-17.1309 thr=0.600996 om=1.45564 lt=3
[ACTIVE] [RED] ClimbOut Z=3537.42
[ACTIVE] [RED] ClimbOut Z=2811.45
[ACTIVE] [RED] ClimbOut Z=2552.09
[ACTIVE] [RED] LeadPredict dist=2483.19 tgtRoll=-7.364
[ACTIVE] [RED] LeadPredict dist=2581.08 dV=49.3348 thr=1 om=1.43071 lt=3
[ACTIVE] [RED] LeadPredict dist=2255.74 tgtRoll=-46.275
[ACTIVE] [RED] LeadPredict dist=1305.66 dV=3.85831 thr=0.901013 om=1.53718 lt=3
[DUTY] team=1 ticks=25200 v27종말조준=1.00794% v21뱅크예측=87.3254% v17궤도조건=89.0913% v17슬롯적용=72.4563% 상승클램프=0% 강하클램프=26.5794% v23b조건=26.6071% v23b실제적용=25.9325%
[ACTIVE] [RED] LeadPredict dist=1058.78 tgtRoll=170.197
[ACTIVE] [RED] LeadPredict dist=1389.33 dV=-63.8934 thr=1 om=1.23343 lt=3
[ACTIVE] [RED] LeadPredict dist=1477.77 tgtRoll=-158.468
[ACTIVE] [RED] ClimbOut Z=2954.12
[ACTIVE] [RED] LeadPredict dist=1453.36 dV=-23.7157 thr=1 om=1.20979 lt=3
[ACTIVE] [RED] LeadPredict dist=1320.96 tgtRoll=9.266
[ACTIVE] [RED] LeadPredict dist=1266.97 dV=15.2789 thr=0.814386 om=1.38113 lt=3
[ACTIVE] [RED] LeadPredict dist=1179.2 tgtRoll=85.643
[ACTIVE] [RED] LeadPredict dist=1148.04 dV=12.0379 thr=1 om=1.62919 lt=3
[ACTIVE] [RED] LeadPredict dist=1020.47 tgtRoll=171.079
[ACTIVE] [RED] LeadPredict dist=1016.9 dV=-6.94493 thr=1 om=2.11703 lt=3
[ACTIVE] [RED] LeadPredict dist=1000.98 tgtRoll=-126
[ACTIVE] [RED] LeadPredict dist=1029.52 dV=-15.5361 thr=1 om=1.43705 lt=3
[ACTIVE] [RED] LeadPredict dist=1068.61 tgtRoll=89.603
[ACTIVE] [RED] LeadPredict dist=1122.75 dV=-22.5839 thr=0.780716 om=1.25296 lt=3
[ACTIVE] [RED] ClimbOut Z=2479.31
[ACTIVE] [RED] ClimbOut Z=3202.44
[ACTIVE] [RED] ClimbOut Z=1950.34
[ACTIVE] [RED] ClimbOut Z=2408.63
[ACTIVE] [RED] ClimbOut Z=2145.37
[ACTIVE] [RED] LeadPredict dist=999.588 dV=26.5966 thr=0.589846 om=1.33103 lt=2.80384
[ACTIVE] [RED] ClimbOut Z=2886.18
[ACTIVE] [RED] LeadPredict dist=1298.47 tgtRoll=5.948
[ACTIVE] [RED] LeadPredict dist=1260.86 dV=17.5938 thr=0.811981 om=1.57764 lt=3
[ACTIVE] [RED] LeadPredict dist=1052.38 tgtRoll=153.473
[ACTIVE] [RED] LeadPredict dist=1241.79 dV=-25.7735 thr=1 om=1.34724 lt=3
[DUTY] team=1 ticks=25800 v27종말조준=0.984496% v21뱅크예측=87.2984% v17궤도조건=89.3411% v17슬롯적용=73.093% 상승클램프=0% 강하클램프=26.5659% v23b조건=26.7364% v23b실제적용=26.0775%
[ACTIVE] [RED] LeadPredict dist=1133.81 tgtRoll=-59.126
[ACTIVE] [RED] LeadPredict dist=1046.91 dV=16.0505 thr=1 om=1.51395 lt=3
[ACTIVE] [RED] LeadPredict dist=1051.59 tgtRoll=-69.648
[ACTIVE] [RED] LeadPredict dist=1094.09 dV=8.02525 thr=1 om=1.03931 lt=3
[ACTIVE] [RED] LeadPredict dist=963.897 tgtRoll=62.386
[ACTIVE] [RED] LeadPredict dist=970.069 dV=-2.00632 thr=1 om=1.09405 lt=3
[ACTIVE] [RED] LeadPredict dist=1118.16 tgtRoll=105.47
[ACTIVE] [RED] LeadPredict dist=1127.12 dV=-13.8384 thr=1 om=0.947379 lt=3
[ACTIVE] [RED] LeadPredict dist=1037.03 tgtRoll=-40.047
[ACTIVE] [RED] LeadPredict dist=1037.5 dV=-6.22473 thr=1 om=1.05139 lt=3
[ACTIVE] [RED] LeadPredict dist=1144.87 tgtRoll=-86.85
[ACTIVE] [RED] LeadPredict dist=1230.41 dV=-38.2229 thr=1 om=1.30814 lt=3
[ACTIVE] [RED] LeadPredict dist=1464.38 tgtRoll=-112.082
[ACTIVE] [RED] LeadPredict dist=1533.93 dV=-76.2914 thr=1 om=1.28026 lt=3
[ACTIVE] [RED] LeadPredict dist=1618.86 tgtRoll=-112.126
[ACTIVE] [RED] LeadPredict dist=1663.24 dV=-48.5631 thr=1 om=1.37339 lt=3
[ACTIVE] [RED] LeadPredict dist=1814.3 tgtRoll=-31.899
[ACTIVE] [RED] LeadPredict dist=1851.68 dV=28.2942 thr=1 om=1.30979 lt=3
[ACTIVE] [RED] LeadPredict dist=1807.66 tgtRoll=-36.076
[ACTIVE] [RED] LeadPredict dist=1766.77 dV=49.0261 thr=1 om=1.16306 lt=3
[DUTY] team=1 ticks=26400 v27종말조준=0.962121% v21뱅크예측=87.5417% v17궤도조건=89.5833% v17슬롯적용=73.7045% 상승클램프=0% 강하클램프=26.375% v23b조건=26.1288% v23b실제적용=25.4848%
[ACTIVE] [RED] LeadPredict dist=1660.27 tgtRoll=-90.232
[ACTIVE] [RED] LeadPredict dist=1615 dV=13.4783 thr=1 om=1.4191 lt=3
[ACTIVE] [RED] LeadPredict dist=1496.9 tgtRoll=-116.906
[ACTIVE] [RED] LeadPredict dist=1474.19 dV=-44.7563 thr=1 om=1.43126 lt=3
[ACTIVE] [RED] LeadPredict dist=1472.57 tgtRoll=-117.027
[ACTIVE] [RED] LeadPredict dist=1525.72 dV=-54.6335 thr=1 om=1.33347 lt=3
[ACTIVE] [RED] LeadPredict dist=1787.8 tgtRoll=-40.177
[ACTIVE] [RED] LeadPredict dist=1866.86 dV=-13.8384 thr=1 om=1.45323 lt=3
[ACTIVE] [RED] LeadPredict dist=1754.84 tgtRoll=-56.165
[ACTIVE] [RED] LeadPredict dist=1619.46 dV=-17.2852 thr=1 om=1.39963 lt=3
runner:local/env:0	num_steps=[11999] | total rewards=[336.9902] | termination= [max time out]
[seed 13] reward=   336.99 ownHP=1.0000 tgtHP=1.0000 max time out
total: 2
[ACTIVE] [RED] LeadPredict dist=5351.33 tgtRoll=102.725
[ACTIVE] [RED] LeadPredict dist=4980.98 dV=10.0316 thr=1 om=0.899448 lt=3
[ACTIVE] [RED] LeadPredict dist=3194.43 tgtRoll=91.659
[ACTIVE] [RED] LeadPredict dist=2269.62 dV=20.0632 thr=1 om=0.26036 lt=3
[ACTIVE] [RED] LeadPredict dist=535.817 tgtRoll=122.144
[ACTIVE] [RED] LeadPredict dist=1408.37 dV=25.8763 thr=0.647347 om=1.09413 lt=3
[ACTIVE] [RED] LeadPredict dist=3113.28 tgtRoll=-47.425
[ACTIVE] [RED] LeadPredict dist=3293.45 dV=34.8276 thr=1 om=1.09775 lt=3
[ACTIVE] [RED] LeadPredict dist=2149.03 tgtRoll=4.401
[ACTIVE] [RED] LeadPredict dist=1198.11 dV=-5.45306 thr=0.566233 om=1.34202 lt=3
[DUTY] team=1 ticks=27000 v27종말조준=0.940741% v21뱅크예측=87.7667% v17궤도조건=89.1963% v17슬롯적용=73.5222% 상승클램프=0% 강하클램프=26.6889% v23b조건=25.863% v23b실제적용=25.2259%
[ACTIVE] [RED] LeadPredict dist=1499.22 tgtRoll=-161.198
[ACTIVE] [RED] LeadPredict dist=2144.76 dV=-57.9774 thr=0.682548 om=1.62408 lt=3
[ACTIVE] [RED] ClimbOut Z=2180.18
[ACTIVE] [RED] ClimbOut Z=1897.5
[ACTIVE] [RED] ClimbOut Z=2529.85
[ACTIVE] [RED] ClimbOut Z=2399.88
[ACTIVE] [RED] LeadPredict dist=1956.31 dV=15.9991 thr=0.597498 om=1.5808 lt=3
[ACTIVE] [RED] LeadPredict dist=1894.89 dV=28.2942 thr=0.750107 om=1.55431 lt=3
[ACTIVE] [RED] LeadPredict dist=1914.21 tgtRoll=4.216
[ACTIVE] [RED] LeadPredict dist=1377.86 dV=0.925995 thr=1 om=1.60206 lt=3
[ACTIVE] [RED] LeadPredict dist=1252.36 tgtRoll=-134.563
[ACTIVE] [RED] LeadPredict dist=1156.55 dV=-60.1895 thr=1 om=1.27739 lt=3
[ACTIVE] [RED] LeadPredict dist=1212.19 tgtRoll=166.438
[ACTIVE] [RED] ClimbOut Z=2727.67
[ACTIVE] [RED] LeadPredict dist=1584.23 dV=-56.0225 thr=0.823787 om=1.49761 lt=3
[ACTIVE] [RED] ClimbOut Z=1951.83
[ACTIVE] [RED] ClimbOut Z=1806.65
[ACTIVE] [RED] ClimbOut Z=2328.02
[ACTIVE] [RED] ClimbOut Z=2185.69
[ACTIVE] [RED] LeadPredict dist=1020.33 dV=31.741 thr=0.628326 om=1.47299 lt=2.9366
[ACTIVE] [RED] LeadPredict dist=1230.83 tgtRoll=-7.599
[ACTIVE] [RED] LeadPredict dist=1118.28 dV=15.8448 thr=0.936307 om=1.5734 lt=3
[ACTIVE] [RED] LeadPredict dist=1026.12 tgtRoll=-165.669
[ACTIVE] [RED] LeadPredict dist=1119.01 dV=-8.5397 thr=1 om=1.46678 lt=3
[ACTIVE] [RED] LeadPredict dist=968.644 tgtRoll=26.698
[ACTIVE] [RED] LeadPredict dist=967.605 dV=14.9702 thr=1 om=1.13284 lt=3
[DUTY] team=1 ticks=27600 v27종말조준=0.92029% v21뱅크예측=87.413% v17궤도조건=89.3225% v17슬롯적용=73.8152% 상승클램프=0% 강하클램프=26.779% v23b조건=26.279% v23b실제적용=25.6558%
[ACTIVE] [RED] LeadPredict dist=927.809 tgtRoll=88.978
[ACTIVE] [RED] LeadPredict dist=880.176 dV=10.2888 thr=0.904 om=1.26654 lt=3
[ACTIVE] [RED] LeadPredict dist=975.19 tgtRoll=154.682
[ACTIVE] [RED] LeadPredict dist=1047.87 dV=-38.6344 thr=1 om=1.44853 lt=3
[ACTIVE] [RED] LeadPredict dist=1095.38 tgtRoll=-112.625
[ACTIVE] [RED] LeadPredict dist=1106.27 dV=-31.9467 thr=1 om=1.54217 lt=3
[ACTIVE] [RED] LeadPredict dist=1143.15 tgtRoll=-158.968
[ACTIVE] [RED] LeadPredict dist=1212.38 dV=-30.6606 thr=1 om=1.39262 lt=3
[ACTIVE] [RED] LeadPredict dist=1307.26 tgtRoll=-56.119
[ACTIVE] [RED] LeadPredict dist=1307.03 dV=-28.3456 thr=0.805422 om=1.33214 lt=3
[ACTIVE] [RED] ClimbOut Z=2792.57
[ACTIVE] [RED] ClimbOut Z=2122.74
[ACTIVE] [RED] ClimbOut Z=2129.92
[ACTIVE] [RED] ClimbOut Z=2435.65
[ACTIVE] [RED] LeadPredict dist=1332.06 dV=8.4368 thr=0.630512 om=5.07245 lt=3
[ACTIVE] [RED] ClimbOut Z=2754.58
[ACTIVE] [RED] LeadPredict dist=1441.12 tgtRoll=-5.959
[ACTIVE] [RED] LeadPredict dist=1449.75 dV=25.3105 thr=0.770658 om=1.60247 lt=3
[ACTIVE] [RED] LeadPredict dist=1098.87 tgtRoll=-175.359
[ACTIVE] [RED] LeadPredict dist=1119.84 dV=-19.3944 thr=1 om=0.873658 lt=3
[ACTIVE] [RED] LeadPredict dist=1305.52 tgtRoll=-102.587
[ACTIVE] [RED] LeadPredict dist=1313.55 dV=-5.40161 thr=0.96 om=1.33445 lt=3
[ACTIVE] [RED] LeadPredict dist=1218.32 tgtRoll=-175.43
[ACTIVE] [RED] LeadPredict dist=1217.75 dV=-18.4684 thr=0.79449 om=1.32127 lt=3
[DUTY] team=1 ticks=28200 v27종말조준=0.900709% v21뱅크예측=87.422% v17궤도조건=89.5461% v17슬롯적용=74.3688% 상승클램프=0% 강하클램프=26.7624% v23b조건=26.422% v23b실제적용=25.8121%
[ACTIVE] [RED] ClimbOut Z=2361.55
[ACTIVE] [RED] ClimbOut Z=1914.62
[ACTIVE] [RED] LeadPredict dist=1179.69 dV=2.26355 thr=1 om=3.92996 lt=3
[ACTIVE] [RED] ClimbOut Z=2271.41
[ACTIVE] [RED] ClimbOut Z=2233.87
[ACTIVE] [RED] LeadPredict dist=1130.65 dV=12.9124 thr=0.748357 om=1.619 lt=3
[ACTIVE] [RED] LeadPredict dist=1058.51 tgtRoll=-1.887
[ACTIVE] [RED] LeadPredict dist=1129.07 dV=-12.861 thr=1 om=1.12075 lt=3
[ACTIVE] [RED] LeadPredict dist=1147.7 tgtRoll=-175.002
[ACTIVE] [RED] LeadPredict dist=1125.87 dV=3.49818 thr=1 om=1.99094 lt=3
[ACTIVE] [RED] LeadPredict dist=1102.06 tgtRoll=52.818
[ACTIVE] [RED] LeadPredict dist=1024 dV=-18.3655 thr=1 om=1.73517 lt=3
[ACTIVE] [RED] LeadPredict dist=1088.51 tgtRoll=169.279
[ACTIVE] [RED] LeadPredict dist=1269.67 dV=-47.0198 thr=1 om=1.75511 lt=3
[ACTIVE] [RED] LeadPredict dist=1314.81 tgtRoll=-111.494
runner:local/env:0	num_steps=[11999] | total rewards=[553.3089] | termination= [max time out]
[seed 14] reward=   553.31 ownHP=1.0000 tgtHP=0.9910 max time out
Remove Space Complete.

[rehearsal own_rep=6 tgt_rep=6 seeds=15]
SUMMARY dealt=0.0638 taken=0.0000 mean_reward=281.03
tacview log saved (last episode)

########## dtfix_orbit vs AIP_sync.dll ##########


     JSBSim Flight Dynamics Model v1.0.0 May 27 2026 16:13:38
            [JSBSim-ML v2.0]

JSBSim startup beginning ...

total: 2
Behavior Tree Initialized Successfully
Behavior Tree Initialized Successfully
[ACTIVE] [RED] Pure Z=6993.48 VPZ=6960.64
[ACTIVE] [RED] LeadPredict dist=3838.62 dV=0.82309 thr=1 om=1.47935 lt=3
[ACTIVE] [RED] LeadPredict dist=3133.93 dV=11.4206 thr=1 om=1.1263 lt=3
[ACTIVE] [RED] LeadPredict dist=2294.23 dV=4.42419 thr=0.6 om=1.44733 lt=3
[ACTIVE] [RED] LeadPredict dist=1718.12 dV=-35.3935 thr=0.664182 om=1.26786 lt=3
[ACTIVE] [RED] LeadPredict dist=1929.92 dV=4.21841 thr=0.667462 om=1.30226 lt=3
[ACTIVE] [RED] LeadPredict dist=1829.5 dV=9.41428 thr=0.75273 om=1.46425 lt=3
[ACTIVE] [RED] ClimbOut Z=2326.8
[ACTIVE] [RED] LeadPredict dist=1467.1 dV=-26.0307 thr=1 om=0.859227 lt=3
[ACTIVE] [RED] LeadPredict dist=1251.65 dV=13.0668 thr=0.702006 om=2.24317 lt=3
[ACTIVE] [RED] LeadPredict dist=2274.94 dV=20.3204 thr=0.690856 om=2.1976 lt=3
[ACTIVE] [RED] ClimbOut Z=1839.58
[ACTIVE] [RED] LeadPredict dist=3631.1 dV=32.7184 thr=1 om=1.64412 lt=3
[DUTY] team=1 ticks=600 v27종말조준=0% v21뱅크예측=95.3333% v17궤도조건=63.1667% v17슬롯적용=63.1667% 상승클램프=0% 강하클램프=0% v23b조건=55.5% v23b실제적용=55.5%
[ACTIVE] [RED] LeadPredict dist=3202.36 dV=36.9882 thr=1 om=1.55501 lt=3
[ACTIVE] [RED] ClimbOut Z=1825.11
[ACTIVE] [RED] ClimbOut Z=1962.68
[ACTIVE] [RED] LeadPredict dist=2422.87 dV=14.1985 thr=0.675989 om=1.4054 lt=3
[ACTIVE] [RED] LeadPredict dist=3044.08 dV=28.5514 thr=1 om=2.08704 lt=3
[ACTIVE] [RED] ClimbOut Z=1837.02
[ACTIVE] [RED] LeadPredict dist=3565.35 dV=24.4359 thr=1 om=0.628249 lt=3
[ACTIVE] [RED] LeadPredict dist=3555.15 dV=23.6642 thr=1 om=2.11519 lt=3
[ACTIVE] [RED] ClimbOut Z=1808.48
[ACTIVE] [RED] LeadPredict dist=2906.31 dV=22.944 thr=1 om=1.14513 lt=3
[ACTIVE] [RED] LeadPredict dist=2789.92 dV=18.6227 thr=1 om=1.45309 lt=3
[ACTIVE] [RED] ClimbOut Z=1856.03
[ACTIVE] [RED] LeadPredict dist=3196.89 dV=27.2653 thr=1 om=1.53674 lt=3
[ACTIVE] [RED] ClimbOut Z=1853.42
[ACTIVE] [RED] LeadPredict dist=3141.34 dV=25.0018 thr=1 om=2.08987 lt=3
[ACTIVE] [RED] ClimbOut Z=1807.36
[ACTIVE] [RED] LeadPredict dist=2325.53 dV=20.5262 thr=1 om=1.48547 lt=3
[DUTY] team=1 ticks=1200 v27종말조준=0% v21뱅크예측=97.6667% v17궤도조건=35.8333% v17슬롯적용=34.5% 상승클램프=0% 강하클램프=0% v23b조건=30.6667% v23b실제적용=30.6667%
[ACTIVE] [RED] ClimbOut Z=1806.58
[ACTIVE] [RED] LeadPredict dist=1879.4 dV=25.7735 thr=1 om=1.37105 lt=3
[ACTIVE] [RED] LeadPredict dist=2534.95 dV=-14.5072 thr=0.988389 om=1.7809 lt=3
[ACTIVE] [RED] LeadPredict dist=2087.29 dV=-20.0631 thr=1 om=2.05119 lt=3
[ACTIVE] [RED] LeadPredict dist=1084.16 dV=49.3348 thr=0.799518 om=1.77617 lt=3
[ACTIVE] [RED] LeadPredict dist=1340.14 dV=75.9313 thr=0.864672 om=1.55018 lt=3
[ACTIVE] [RED] LeadPredict dist=2165.96 dV=-2.31497 thr=1 om=1.61133 lt=3
[ACTIVE] [RED] LeadPredict dist=1828.13 dV=3.2924 thr=1 om=1.62184 lt=3
[ACTIVE] [RED] LeadPredict dist=664.603 dV=78.6579 thr=0.848 om=1.35426 lt=2.31938
[ACTIVE] [RED] LeadPredict dist=1612.31 dV=73.9765 thr=1 om=1.3855 lt=3
init ID:1 Lat37.92355643001773 Lon128.18188127777776 Alt(meter)7000.0785355893395 Speed(m/sec)300.0
init ID:1 Lat37.96855377446113 Lon128.18188127777776 Alt(meter)7002.8272734023885 Speed(m/sec)300.0
runner:local/env:0	num_steps=[11999] | total rewards=[-7.3641] | termination= [max time out]
[seed 0] reward=    -7.36 ownHP=1.0000 tgtHP=1.0000 max time out
total: 2
[ACTIVE] [RED] LeadPredict dist=4671.95 dV=2.62366 thr=1 om=1.02649 lt=3
[DUTY] team=1 ticks=1800 v27종말조준=0% v21뱅크예측=95.9444% v17궤도조건=54.1111% v17슬롯적용=46.7222% 상승클램프=0% 강하클램프=13.4444% v23b조건=27.5% v23b실제적용=26.4444%
[ACTIVE] [RED] Pure Z=7009.94 VPZ=7199.46
[ACTIVE] [RED] LeadPredict dist=2521.76 dV=1.13174 thr=1 om=1.15981 lt=3
[ACTIVE] [RED] LeadPredict dist=812.1 dV=-8.07672 thr=0.714687 om=1.08949 lt=2.48248
[ACTIVE] [RED] LeadPredict dist=2653.34 dV=-3.85831 thr=0.794723 om=1.11847 lt=3
[ACTIVE] [RED] LeadPredict dist=3750.95 dV=45.6823 thr=1 om=1.11323 lt=3
[ACTIVE] [RED] LeadPredict dist=2916.38 dV=37.657 thr=1 om=1.34312 lt=3
[ACTIVE] [RED] LeadPredict dist=1276.65 dV=-18.417 thr=0.803891 om=0.823681 lt=3
[ACTIVE] [RED] LeadPredict dist=1479.79 dV=-47.6371 thr=0.855271 om=1.42704 lt=3
[ACTIVE] [RED] ClimbOut Z=2733.02
[ACTIVE] [RED] ClimbOut Z=2088.08
[ACTIVE] [RED] LeadPredict dist=1573.83 dV=-9.15701 thr=1 om=1.35087 lt=3
[ACTIVE] [RED] LeadPredict dist=1100.12 dV=42.4413 thr=0.746827 om=1.5921 lt=3
[ACTIVE] [RED] LeadPredict dist=1316.65 dV=14.1986 thr=1 om=1.71668 lt=3
[DUTY] team=1 ticks=2400 v27종말조준=0% v21뱅크예측=92.3333% v17궤도조건=57.2917% v17슬롯적용=49.1667% 상승클램프=0% 강하클램프=16.6667% v23b조건=32.4583% v23b실제적용=31.6667%
[ACTIVE] [RED] LeadPredict dist=1486.44 dV=-21.5036 thr=1 om=1.7054 lt=3
[ACTIVE] [RED] LeadPredict dist=1200.15 dV=40.898 thr=0.96 om=1.64922 lt=3
[ACTIVE] [RED] ClimbOut Z=2660.12
[ACTIVE] [RED] LeadPredict dist=1507.22 dV=96.8176 thr=0.95992 om=1.46706 lt=3
[ACTIVE] [RED] LeadPredict dist=1880.65 dV=24.2301 thr=1 om=1.54728 lt=3
[ACTIVE] [RED] LeadPredict dist=1514.02 dV=-4.11551 thr=1 om=1.62763 lt=3
[ACTIVE] [RED] ClimbOut Z=2395.59
[ACTIVE] [RED] LeadPredict dist=1681.37 dV=99.5441 thr=0.810232 om=1.70515 lt=3
[ACTIVE] [RED] LeadPredict dist=2470.61 dV=65.4368 thr=1 om=1.70825 lt=3
[ACTIVE] [RED] ClimbOut Z=2322.41
[ACTIVE] [RED] LeadPredict dist=2178.19 dV=1.90341 thr=1 om=1.39675 lt=3
[ACTIVE] [RED] LeadPredict dist=1312.44 dV=53.3989 thr=0.81526 om=1.75469 lt=3
[ACTIVE] [RED] LeadPredict dist=1121.2 dV=60.138 thr=0.92 om=1.69567 lt=3
[DUTY] team=1 ticks=3000 v27종말조준=0% v21뱅크예측=90.1% v17궤도조건=65.8333% v17슬롯적용=59.3333% 상승클램프=0% 강하클램프=19.7667% v23b조건=32.2667% v23b실제적용=30.7%
[ACTIVE] [RED] LeadPredict dist=2220.22 dV=10.9061 thr=1 om=1.69554 lt=3
[ACTIVE] [RED] LeadPredict dist=2070.92 dV=22.1209 thr=1 om=1.63713 lt=3
[ACTIVE] [RED] LeadPredict dist=807.783 dV=74.851 thr=0.952 om=1.64136 lt=2.92351
[ACTIVE] [RED] LeadPredict dist=1381.48 dV=12.7581 thr=1 om=1.63082 lt=3
[ACTIVE] [RED] LeadPredict dist=2205.09 dV=-18.4684 thr=1 om=1.65288 lt=3
[ACTIVE] [RED] LeadPredict dist=1822.64 dV=24.796 thr=1 om=1.51173 lt=3
[ACTIVE] [RED] LeadPredict dist=778.539 dV=80.87 thr=0.904 om=1.36722 lt=2.95177
[ACTIVE] [RED] LeadPredict dist=1152.08 dV=27.4711 thr=1 om=1.50592 lt=3
[ACTIVE] [RED] LeadPredict dist=1802.11 dV=-30.352 thr=1 om=1.53782 lt=3
[ACTIVE] [RED] LeadPredict dist=1686.4 dV=8.69403 thr=1 om=1.52909 lt=3
[DUTY] team=1 ticks=3600 v27종말조준=0% v21뱅크예측=91.75% v17궤도조건=71.5278% v17슬롯적용=66.1111% 상승클램프=0% 강하클램프=23.8611% v23b조건=26.8889% v23b실제적용=25.5833%
[ACTIVE] [RED] LeadPredict dist=847.156 dV=80.7671 thr=0.944 om=1.40378 lt=3
[ACTIVE] [RED] LeadPredict dist=1109.86 dV=57.4115 thr=1 om=1.46179 lt=3
runner:local/env:0	num_steps=[11999] | total rewards=[55.6938] | termination= [max time out]
[seed 1] reward=    55.69 ownHP=1.0000 tgtHP=1.0000 max time out
total: 2
[ACTIVE] [RED] Pure Z=7016.53 VPZ=8449.92
[ACTIVE] [RED] LeadPredict dist=1702.71 dV=30.7121 thr=1 om=0.931517 lt=3
[ACTIVE] [RED] LeadPredict dist=2599.17 dV=83.2364 thr=0.747576 om=1.44319 lt=3
[ACTIVE] [RED] Pure Z=8453.2 VPZ=7417.11
[ACTIVE] [RED] LeadPredict dist=5401.59 dV=96.7662 thr=1 om=1.21667 lt=3
[ACTIVE] [RED] Pure Z=8141.81 VPZ=6915.39
[ACTIVE] [RED] Pure Z=7605.85 VPZ=6294.7
[ACTIVE] [RED] LeadPredict dist=6563.6 dV=80.87 thr=1 om=1.1999 lt=3
[ACTIVE] [RED] Pure Z=6960.57 VPZ=5862.6
[ACTIVE] [RED] Pure Z=6369.84 VPZ=5475.65
[ACTIVE] [RED] LeadPredict dist=5170.68 dV=53.296 thr=1 om=0.990836 lt=3
[ACTIVE] [RED] LeadPredict dist=1855.64 dV=20.6805 thr=0.96 om=1.09557 lt=3
[ACTIVE] [RED] LeadPredict dist=1765.64 dV=-21.9666 thr=0.681017 om=1.27195 lt=3
[ACTIVE] [RED] Pure Z=3196.55 VPZ=3500
[ACTIVE] [RED] ClimbOut Z=2830.79
[ACTIVE] [RED] Pure Z=3751.44 VPZ=3500
[ACTIVE] [RED] ClimbOut Z=2125.8
[ACTIVE] [RED] LeadPredict dist=5259.55 dV=77.2689 thr=1 om=6.74604 lt=3
[DUTY] team=1 ticks=4200 v27종말조준=0% v21뱅크예측=92.0238% v17궤도조건=68% v17슬롯적용=61.5952% 상승클램프=0% 강하클램프=24.6429% v23b조건=25.6667% v23b실제적용=24.0952%
[ACTIVE] [RED] Pure Z=4530.6 VPZ=3500
[ACTIVE] [RED] Pure Z=5265.5 VPZ=4225
[ACTIVE] [RED] LeadPredict dist=4528.11 dV=93.5252 thr=1 om=1.56093 lt=3
[ACTIVE] [RED] Pure Z=5688.02 VPZ=4812.21
[ACTIVE] [RED] LeadPredict dist=1751.55 dV=49.6435 thr=1 om=0.929562 lt=3
[ACTIVE] [RED] LeadPredict dist=2031.8 dV=-50.3637 thr=1 om=1.36099 lt=3
[ACTIVE] [RED] LeadPredict dist=4332.84 dV=-67.4431 thr=1 om=1.49748 lt=3
[ACTIVE] [RED] Pure Z=2308.71 VPZ=4592.42
[ACTIVE] [RED] Pure Z=2302.61 VPZ=4823.47
[ACTIVE] [RED] LeadPredict dist=5040.78 dV=-36.4738 thr=1 om=1.75959 lt=3
[ACTIVE] [RED] Pure Z=2638.87 VPZ=5110.74
[ACTIVE] [RED] Pure Z=3110.67 VPZ=5221.93
[ACTIVE] [RED] LeadPredict dist=3424.54 dV=26.185 thr=1 om=1.02084 lt=3
[ACTIVE] [RED] LeadPredict dist=792.686 dV=76.6001 thr=0.968 om=0.461559 lt=2.75598
[ACTIVE] [RED] LeadPredict dist=1890.92 dV=86.3745 thr=1 om=1.31545 lt=3
[ACTIVE] [RED] LeadPredict dist=3247.09 dV=56.7427 thr=1 om=1.23473 lt=3
[ACTIVE] [RED] LeadPredict dist=3168.35 dV=19.6002 thr=1 om=1.30378 lt=3
[DUTY] team=1 ticks=4800 v27종말조준=0% v21뱅크예측=92.9375% v17궤도조건=63.75% v17슬롯적용=56.125% 상승클램프=0% 강하클램프=26.9792% v23b조건=23.125% v23b실제적용=21.125%
[ACTIVE] [RED] LeadPredict dist=1752.04 dV=12.0379 thr=1 om=0.99884 lt=3
[ACTIVE] [RED] LeadPredict dist=844.901 dV=10.083 thr=0.88 om=1.57794 lt=3
[ACTIVE] [RED] LeadPredict dist=1857.79 dV=48.0487 thr=0.817009 om=1.6557 lt=3
[ACTIVE] [RED] LeadPredict dist=2513.83 dV=79.3781 thr=1 om=1.50476 lt=3
[ACTIVE] [RED] LeadPredict dist=1978.82 dV=26.1335 thr=1 om=1.68906 lt=3
[ACTIVE] [RED] LeadPredict dist=900.352 dV=0.0514221 thr=0.999383 om=1.55953 lt=3
[ACTIVE] [RED] ClimbOut Z=2417.55
[ACTIVE] [RED] LeadPredict dist=3652.28 dV=29.1173 thr=1 om=1.29849 lt=3
[ACTIVE] [RED] ClimbOut Z=1876.21
[ACTIVE] [RED] Pure Z=2066.94 VPZ=3500
[ACTIVE] [RED] Pure Z=2161.23 VPZ=3500
[ACTIVE] [RED] LeadPredict dist=5445.43 dV=32.4612 thr=1 om=2.03995 lt=3
[ACTIVE] [RED] Pure Z=2441.25 VPZ=3500
[ACTIVE] [RED] Pure Z=2771.09 VPZ=3500
[ACTIVE] [RED] LeadPredict dist=4120.98 dV=48.8203 thr=1 om=1.54542 lt=3
[ACTIVE] [RED] LeadPredict dist=1154.71 dV=18.1083 thr=0.684078 om=0.798377 lt=3
[DUTY] team=1 ticks=5400 v27종말조준=0% v21뱅크예측=93.6852% v17궤도조건=63.537% v17슬롯적용=56.5185% 상승클램프=0% 강하클램프=24.6296% v23b조건=23.1852% v23b실제적용=21.4074%
[ACTIVE] [RED] ClimbOut Z=2177.23
[ACTIVE] [RED] LeadPredict dist=1887.72 dV=-42.1326 thr=0.848275 om=0.593872 lt=3
[ACTIVE] [RED] LeadPredict dist=2658.48 dV=-3.13806 thr=1 om=1.45905 lt=3
runner:local/env:0	num_steps=[11999] | total rewards=[39.6822] | termination= [max time out]
[seed 2] reward=    39.68 ownHP=1.0000 tgtHP=1.0000 max time out
total: 2
[ACTIVE] [RED] LeadPredict dist=5029.97 dV=1.23465 thr=1 om=0 lt=3
[ACTIVE] [RED] Pure Z=7022.16 VPZ=9321.26
[ACTIVE] [RED] LeadPredict dist=2177.11 dV=39.2518 thr=1 om=1.24029 lt=3
[ACTIVE] [RED] LeadPredict dist=1058.05 dV=98.721 thr=0.653469 om=0.703832 lt=3
[ACTIVE] [RED] LeadPredict dist=3380.23 dV=162.666 thr=1 om=0.757602 lt=3
[ACTIVE] [RED] Pure Z=9713.35 VPZ=8844.5
[ACTIVE] [RED] LeadPredict dist=4593.16 dV=194.561 thr=1 om=1.00441 lt=3
[ACTIVE] [RED] Pure Z=10139.2 VPZ=9212.46
[ACTIVE] [RED] Pure Z=10432.7 VPZ=9532.17
[ACTIVE] [RED] LeadPredict dist=4197.96 dV=166.679 thr=1 om=0.851047 lt=3
[ACTIVE] [RED] Pure Z=10569.7 VPZ=9766.37
[ACTIVE] [RED] LeadPredict dist=2703.7 dV=85.2427 thr=1 om=0.957575 lt=3
[ACTIVE] [RED] LeadPredict dist=1206.71 dV=21.8123 thr=1 om=1.07006 lt=3
[DUTY] team=1 ticks=6000 v27종말조준=0% v21뱅크예측=93.3% v17궤도조건=61.8333% v17슬롯적용=54.6667% 상승클램프=0% 강하클램프=25.1167% v23b조건=23.5333% v23b실제적용=21.4667%
[ACTIVE] [RED] LeadPredict dist=1353.63 dV=-30.0433 thr=1 om=0.977318 lt=3
[ACTIVE] [RED] LeadPredict dist=2527.43 dV=-12.3466 thr=1 om=1.07231 lt=3
[ACTIVE] [RED] LeadPredict dist=3191.05 dV=31.7924 thr=1 om=0.875807 lt=3
[ACTIVE] [RED] LeadPredict dist=2999.39 dV=82.7734 thr=1 om=0.893283 lt=3
[ACTIVE] [RED] LeadPredict dist=2089.56 dV=101.55 thr=1 om=0.555742 lt=3
[ACTIVE] [RED] LeadPredict dist=1068.93 dV=47.0713 thr=1 om=1.08263 lt=3
[ACTIVE] [RED] LeadPredict dist=1128.91 dV=-23.9215 thr=1 om=1.06856 lt=3
[ACTIVE] [RED] LeadPredict dist=1927.54 dV=-8.02527 thr=1 om=1.11135 lt=3
[ACTIVE] [RED] LeadPredict dist=2244.12 dV=48.1001 thr=1 om=1.03217 lt=3
[ACTIVE] [RED] LeadPredict dist=1854.04 dV=97.2292 thr=1 om=1.21405 lt=3
[DUTY] team=1 ticks=6600 v27종말조준=0% v21뱅크예측=93.3788% v17궤도조건=62.9091% v17슬롯적용=56.3939% 상승클램프=0% 강하클램프=26.6212% v23b조건=21.3939% v23b실제적용=19.5152%
[ACTIVE] [RED] LeadPredict dist=1200.49 dV=56.074 thr=1 om=1.25673 lt=3
[ACTIVE] [RED] LeadPredict dist=1084.9 dV=-13.4269 thr=1 om=1.23566 lt=3
[ACTIVE] [RED] LeadPredict dist=1532.46 dV=5.29874 thr=1 om=1.25643 lt=3
[ACTIVE] [RED] LeadPredict dist=1686.18 dV=66.1055 thr=1 om=1.1495 lt=3
[ACTIVE] [RED] LeadPredict dist=1467.12 dV=102.322 thr=1 om=1.16654 lt=3
[ACTIVE] [RED] LeadPredict dist=1157.75 dV=48.3574 thr=1 om=1.25769 lt=3
[ACTIVE] [RED] LeadPredict dist=1035.48 dV=-10.9576 thr=1 om=1.23528 lt=3
[ACTIVE] [RED] LeadPredict dist=1146.29 dV=10.083 thr=1 om=1.28837 lt=3
[ACTIVE] [RED] LeadPredict dist=1176.93 dV=64.5108 thr=1 om=1.19495 lt=3
[ACTIVE] [RED] LeadPredict dist=1105.93 dV=84.8826 thr=1 om=1.06841 lt=3
[DUTY] team=1 ticks=7200 v27종말조준=0% v21뱅크예측=92.2639% v17궤도조건=66% v17슬롯적용=60.0278% 상승클램프=0% 강하클램프=26.6806% v23b조건=19.6111% v23b실제적용=17.8889%
[ACTIVE] [RED] LeadPredict dist=902.075 dV=42.6985 thr=0.968 om=1.19815 lt=3
[ACTIVE] [RED] LeadPredict dist=829.068 dV=-1.95488 thr=1 om=1.2145 lt=3
[ACTIVE] [RED] LeadPredict dist=989.861 dV=6.17329 thr=1 om=1.30293 lt=3
[ACTIVE] [RED] LeadPredict dist=979.667 dV=49.1805 thr=1 om=1.26372 lt=3
[ACTIVE] [RED] LeadPredict dist=818.256 dV=64.8194 thr=0.711999 om=1.1187 lt=3
[ACTIVE] [RED] LeadPredict dist=701.599 dV=19.8059 thr=0.762329 om=1.19533 lt=3
runner:local/env:0	num_steps=[11999] | total rewards=[185.1880] | termination= [max time out]
[seed 3] reward=   185.19 ownHP=1.0000 tgtHP=1.0000 max time out
total: 2
[ACTIVE] [RED] LeadPredict dist=2541.63 dV=18.7256 thr=1 om=1.26598 lt=3
[ACTIVE] [RED] LeadPredict dist=975.194 dV=12.5009 thr=0.743813 om=1.03925 lt=2.97729
[ACTIVE] [RED] LeadPredict dist=1078.57 dV=-0.874573 thr=0.620455 om=1.1459 lt=3
[ACTIVE] [RED] LeadPredict dist=1554.92 dV=14.1985 thr=0.594874 om=1.13558 lt=3
[DUTY] team=1 ticks=7800 v27종말조준=0.0512821% v21뱅크예측=90.7821% v17궤도조건=68.0385% v17슬롯적용=62.5256% 상승클램프=0% 강하클램프=26.7949% v23b조건=20.2821% v23b실제적용=18.6923%
[ACTIVE] [RED] LeadPredict dist=1567.57 dV=22.7897 thr=1 om=1.21091 lt=3
[ACTIVE] [RED] LeadPredict dist=1207.91 dV=19.4973 thr=0.851991 om=1.42234 lt=3
[ACTIVE] [RED] LeadPredict dist=1148.84 dV=-16.565 thr=1 om=1.24025 lt=3
[ACTIVE] [RED] LeadPredict dist=1512.78 dV=-6.53339 thr=0.76563 om=1.18268 lt=3
[ACTIVE] [RED] LeadPredict dist=1799.19 dV=25.4133 thr=0.676426 om=1.28417 lt=3
[ACTIVE] [RED] LeadPredict dist=1622.81 dV=35.4964 thr=0.789898 om=1.60139 lt=3
[ACTIVE] [RED] LeadPredict dist=1085.88 dV=-3.7554 thr=1 om=1.56796 lt=3
[ACTIVE] [RED] ClimbOut Z=2551.88
[ACTIVE] [RED] LeadPredict dist=1272.57 dV=-21.7608 thr=0.846088 om=1.32727 lt=3
[ACTIVE] [RED] ClimbOut Z=2630.79
[ACTIVE] [RED] ClimbOut Z=1990.37
[ACTIVE] [RED] LeadPredict dist=3291.37 dV=35.5478 thr=1 om=2.30198 lt=3
[ACTIVE] [RED] ClimbOut Z=2221.03
[ACTIVE] [RED] LeadPredict dist=3722.6 dV=19.703 thr=1 om=2.2354 lt=3
[DUTY] team=1 ticks=8400 v27종말조준=0.047619% v21뱅크예측=91.0357% v17궤도조건=69.2262% v17슬롯적용=64.1071% 상승클램프=0% 강하클램프=26.3571% v23b조건=22.381% v23b실제적용=20.9048%
[ACTIVE] [RED] ClimbOut Z=1806.72
[ACTIVE] [RED] LeadPredict dist=2992.23 dV=24.4874 thr=1 om=2.00276 lt=3
[ACTIVE] [RED] LeadPredict dist=1886.11 dV=14.5072 thr=0.687576 om=1.43463 lt=3
[ACTIVE] [RED] ClimbOut Z=1834.93
[ACTIVE] [RED] LeadPredict dist=2983.53 dV=17.491 thr=1 om=1.52445 lt=3
[ACTIVE] [RED] LeadPredict dist=4179.75 dV=25.3619 thr=1 om=1.85769 lt=3
[ACTIVE] [RED] Pure Z=2065.33 VPZ=3500
[ACTIVE] [RED] Pure Z=2422.76 VPZ=3500
[ACTIVE] [RED] LeadPredict dist=3831.5 dV=45.2707 thr=1 om=1.52257 lt=3
[ACTIVE] [RED] LeadPredict dist=1822.89 dV=48.5631 thr=0.728243 om=1.60064 lt=3
[ACTIVE] [RED] LeadPredict dist=1303.56 dV=14.8159 thr=1 om=1.64651 lt=3
[ACTIVE] [RED] LeadPredict dist=2122.27 dV=-33.5929 thr=1 om=0.794218 lt=3
[ACTIVE] [RED] LeadPredict dist=1587.36 dV=18.4169 thr=1 om=1.43756 lt=3
[ACTIVE] [RED] LeadPredict dist=910.642 dV=66.0027 thr=0.984 om=1.29738 lt=3
[DUTY] team=1 ticks=9000 v27종말조준=0.0444444% v21뱅크예측=91.4667% v17궤도조건=68.3889% v17슬롯적용=63.3% 상승클램프=0% 강하클램프=25.7444% v23b조건=22.5667% v23b실제적용=21.1889%
[ACTIVE] [RED] LeadPredict dist=958.074 dV=21.5036 thr=1 om=1.36977 lt=3
[ACTIVE] [RED] LeadPredict dist=1193.21 dV=-22.0695 thr=1 om=1.43078 lt=3
[ACTIVE] [RED] LeadPredict dist=1196.93 dV=6.94493 thr=1 om=1.4788 lt=3
[ACTIVE] [RED] LeadPredict dist=926.961 dV=62.2472 thr=1 om=1.38846 lt=3
[ACTIVE] [RED] LeadPredict dist=874.75 dV=49.9521 thr=0.55 om=1.34897 lt=3
[ACTIVE] [RED] LeadPredict dist=1004.14 dV=-7.56227 thr=1 om=1.41267 lt=3
[ACTIVE] [RED] LeadPredict dist=1025.54 dV=-3.4982 thr=1 om=1.45846 lt=3
runner:local/env:0	num_steps=[11999] | total rewards=[125.4070] | termination= [max time out]
[seed 4] reward=   125.41 ownHP=1.0000 tgtHP=1.0000 max time out
total: 2
[ACTIVE] [RED] LeadPredict dist=2438.19 dV=17.1308 thr=0.769565 om=1.51964 lt=3
[ACTIVE] [RED] LeadPredict dist=2306.1 dV=37.5027 thr=0.660684 om=0.901992 lt=3
[ACTIVE] [RED] LeadPredict dist=2558.19 dV=62.8131 thr=1 om=0.984944 lt=3
[DUTY] team=1 ticks=9600 v27종말조준=0.0416667% v21뱅크예측=90.0729% v17궤도조건=69.7917% v17슬롯적용=64.6667% 상승클램프=0% 강하클램프=26.4062% v23b조건=22.2083% v23b실제적용=20.9167%
[ACTIVE] [RED] LeadPredict dist=2041.48 dV=31.0207 thr=0.729117 om=1.09357 lt=3
[ACTIVE] [RED] LeadPredict dist=1723.82 dV=-36.731 thr=1 om=1.00632 lt=3
[ACTIVE] [RED] LeadPredict dist=2319.11 dV=-27.8312 thr=0.864235 om=1.03602 lt=3
[ACTIVE] [RED] LeadPredict dist=2813.68 dV=37.0397 thr=1 om=1.18 lt=3
[ACTIVE] [RED] LeadPredict dist=2635.33 dV=104.586 thr=1 om=1.57148 lt=3
[ACTIVE] [RED] LeadPredict dist=1713.99 dV=80.0983 thr=0.83931 om=1.44636 lt=3
[ACTIVE] [RED] LeadPredict dist=1535.99 dV=-2.88087 thr=1 om=1.39486 lt=3
[ACTIVE] [RED] LeadPredict dist=1715.58 dV=18.3655 thr=1 om=1.14462 lt=3
[ACTIVE] [RED] LeadPredict dist=1344.17 dV=79.3781 thr=1 om=1.29231 lt=3
[ACTIVE] [RED] LeadPredict dist=1084.36 dV=52.3186 thr=1 om=1.25486 lt=3
[DUTY] team=1 ticks=10200 v27종말조준=0.0392157% v21뱅크예측=89.8333% v17궤도조건=70.3039% v17슬롯적용=65.4804% 상승클램프=0% 강하클램프=26.6078% v23b조건=22.5294% v23b실제적용=21.3137%
[ACTIVE] [RED] LeadPredict dist=1422.28 dV=-28.6029 thr=1 om=1.13374 lt=3
[ACTIVE] [RED] LeadPredict dist=1773.35 dV=-18.7256 thr=1 om=0.910555 lt=3
[ACTIVE] [RED] LeadPredict dist=1626.48 dV=45.0649 thr=1 om=0.955133 lt=3
[ACTIVE] [RED] LeadPredict dist=1142.65 dV=92.4963 thr=1 om=0.941216 lt=3
[ACTIVE] [RED] LeadPredict dist=882.525 dV=62.5045 thr=0.824 om=1.17253 lt=3
[ACTIVE] [RED] LeadPredict dist=1217.19 dV=-16.8736 thr=1 om=1.13921 lt=3
[ACTIVE] [RED] LeadPredict dist=1697.86 dV=-34.7761 thr=1 om=1.01898 lt=3
[ACTIVE] [RED] LeadPredict dist=1752.74 dV=15.4846 thr=1 om=1.03855 lt=3
[ACTIVE] [RED] LeadPredict dist=1272.69 dV=76.6516 thr=1 om=0.979883 lt=3
[ACTIVE] [RED] LeadPredict dist=765.532 dV=91.3645 thr=0.816 om=0.958737 lt=3
[DUTY] team=1 ticks=10800 v27종말조준=0.037037% v21뱅크예측=89.8704% v17궤도조건=71.9537% v17슬롯적용=67.3981% 상승클램프=0% 강하클램프=27.4722% v23b조건=21.2778% v23b실제적용=20.1296%
[ACTIVE] [RED] LeadPredict dist=790.751 dV=28.8601 thr=0.653679 om=1.16042 lt=3
[ACTIVE] [RED] LeadPredict dist=1178.03 dV=-23.1498 thr=1 om=1.12127 lt=3
[ACTIVE] [RED] LeadPredict dist=1429.94 dV=-12.8096 thr=1 om=1.13966 lt=3
[ACTIVE] [RED] LeadPredict dist=1208.9 dV=37.2969 thr=1 om=1.16092 lt=3
[ACTIVE] [RED] LeadPredict dist=850.274 dV=91.9819 thr=0.848 om=1.04505 lt=3
[ACTIVE] [RED] LeadPredict dist=913.247 dV=58.8519 thr=0.55 om=1.08739 lt=3
[ACTIVE] [RED] LeadPredict dist=1039.54 dV=7.81949 thr=1 om=1.20239 lt=3
[ACTIVE] [RED] LeadPredict dist=1085.94 dV=-8.33392 thr=1 om=1.18677 lt=3
[ACTIVE] [RED] LeadPredict dist=1078.49 dV=21.7608 thr=1 om=1.28566 lt=3
[ACTIVE] [RED] LeadPredict dist=1051.37 dV=74.5424 thr=1 om=1.19111 lt=3
[DUTY] team=1 ticks=11400 v27종말조준=0.0350877% v21뱅크예측=87.9561% v17궤도조건=73.4298% v17슬롯적용=69.114% 상승클램프=0% 강하클램프=27.8158% v23b조건=20.1579% v23b실제적용=19.0702%
runner:local/env:0	num_steps=[11999] | total rewards=[76.7361] | termination= [max time out]
[seed 5] reward=    76.74 ownHP=1.0000 tgtHP=1.0000 max time out
total: 2
[ACTIVE] [RED] LeadPredict dist=2569.86 dV=9.10559 thr=1 om=0.719562 lt=3
[ACTIVE] [RED] LeadPredict dist=1890.15 dV=32.9242 thr=0.734146 om=0.86809 lt=3
[ACTIVE] [RED] LeadPredict dist=2936.29 dV=61.2184 thr=1 om=0.543729 lt=3
[ACTIVE] [RED] LeadPredict dist=3030.83 dV=42.8014 thr=1 om=0.720889 lt=3
[ACTIVE] [RED] LeadPredict dist=1760.06 dV=-29.4774 thr=0.707035 om=1.03806 lt=3
[ACTIVE] [RED] LeadPredict dist=1876.12 dV=-49.2319 thr=0.846307 om=1.25037 lt=3
[ACTIVE] [RED] LeadPredict dist=2390.59 dV=1.13177 thr=0.747702 om=1.24304 lt=3
[ACTIVE] [RED] LeadPredict dist=2449.18 dV=63.5848 thr=0.670741 om=1.59543 lt=3
[ACTIVE] [RED] LeadPredict dist=1790.18 dV=36.7825 thr=0.816791 om=1.67464 lt=3
[ACTIVE] [RED] LeadPredict dist=1185.62 dV=-14.3015 thr=1 om=1.42711 lt=3
[DUTY] team=1 ticks=12000 v27종말조준=0.0333333% v21뱅크예측=87.7167% v17궤도조건=73.6667% v17슬롯적용=69.1583% 상승클램프=0% 강하클램프=27.9417% v23b조건=22.3167% v23b실제적용=21.2833%
[ACTIVE] [RED] LeadPredict dist=1530.76 dV=44.9106 thr=0.82816 om=1.71935 lt=3
[ACTIVE] [RED] LeadPredict dist=1841.99 dV=81.8474 thr=1 om=1.54487 lt=3
[ACTIVE] [RED] LeadPredict dist=1583.05 dV=7.15071 thr=1 om=1.46835 lt=3
[ACTIVE] [RED] LeadPredict dist=1223.95 dV=-6.94495 thr=1 om=1.38831 lt=3
[ACTIVE] [RED] LeadPredict dist=1267.97 dV=48.6146 thr=1 om=1.26505 lt=3
[ACTIVE] [RED] LeadPredict dist=1295.78 dV=57.9259 thr=1 om=1.22287 lt=3
[ACTIVE] [RED] LeadPredict dist=1147.44 dV=4.06409 thr=1 om=1.31936 lt=3
[ACTIVE] [RED] LeadPredict dist=1030.65 dV=-20.1146 thr=1 om=1.39638 lt=3
[ACTIVE] [RED] LeadPredict dist=1132.91 dV=23.0469 thr=1 om=1.42852 lt=3
[ACTIVE] [RED] LeadPredict dist=1143.01 dV=66.62 thr=1 om=1.29645 lt=3
[DUTY] team=1 ticks=12600 v27종말조준=0.031746% v21뱅크예측=88.1825% v17궤도조건=74.9206% v17슬롯적용=70.627% 상승클램프=0% 강하클램프=27.5159% v23b조건=21.8889% v23b실제적용=20.9048%
[ACTIVE] [RED] LeadPredict dist=837.184 dV=49.3348 thr=0.88 om=1.33653 lt=3
[ACTIVE] [RED] LeadPredict dist=806.413 dV=-9.0027 thr=1 om=1.39322 lt=3
[ACTIVE] [RED] LeadPredict dist=1022.69 dV=-1.69766 thr=1 om=1.45559 lt=3
[ACTIVE] [RED] LeadPredict dist=941.742 dV=47.7915 thr=1 om=1.41177 lt=3
[ACTIVE] [RED] LeadPredict dist=700.85 dV=51.2382 thr=0.567999 om=1.31784 lt=3
[ACTIVE] [RED] LeadPredict dist=692.176 dV=0 thr=1 om=1.39777 lt=3
[ACTIVE] [RED] LeadPredict dist=818.596 dV=-10.1345 thr=1 om=1.41955 lt=3
[ACTIVE] [RED] LeadPredict dist=901.02 dV=21.4521 thr=0.742574 om=1.48256 lt=3
[ACTIVE] [RED] LeadPredict dist=782.83 dV=40.0749 thr=0.55 om=1.3509 lt=3
[ACTIVE] [RED] LeadPredict dist=729.018 dV=9.77437 thr=0.882708 om=1.3778 lt=3
[DUTY] team=1 ticks=13200 v27종말조준=0.030303% v21뱅크예측=86.9318% v17궤도조건=76.0606% v17슬롯적용=71.9621% 상승클램프=0% 강하클램프=27.2652% v23b조건=20.8939% v23b실제적용=19.9545%
[ACTIVE] [RED] LeadPredict dist=815.329 dV=-19.8059 thr=1 om=1.39016 lt=3
[ACTIVE] [RED] LeadPredict dist=947.74 dV=0.308655 thr=1 om=1.45572 lt=3
[ACTIVE] [RED] LeadPredict dist=909.278 dV=45.7337 thr=0.984 om=1.42631 lt=3
[ACTIVE] [RED] LeadPredict dist=694.731 dV=44.5505 thr=0.55 om=1.3432 lt=3
runner:local/env:0	num_steps=[11999] | total rewards=[308.3839] | termination= [max time out]
[seed 6] reward=   308.38 ownHP=1.0000 tgtHP=1.0000 max time out
total: 2
[ACTIVE] [RED] LeadPredict dist=1178.93 dV=14.4043 thr=0.816353 om=0.973398 lt=3
[ACTIVE] [RED] LeadPredict dist=1546.66 dV=2.31497 thr=0.84412 om=1.01518 lt=3
[ACTIVE] [RED] LeadPredict dist=2495.16 dV=-14.8673 thr=0.8345 om=0.957845 lt=3
[ACTIVE] [RED] LeadPredict dist=3077.73 dV=-6.01895 thr=1 om=1.06963 lt=3
[ACTIVE] [RED] LeadPredict dist=2883.96 dV=12.4494 thr=1 om=1.14428 lt=3
[ACTIVE] [RED] LeadPredict dist=1953.23 dV=18.9828 thr=0.639039 om=1.20673 lt=3
[DUTY] team=1 ticks=13800 v27종말조준=0.0289855% v21뱅크예측=86.442% v17궤도조건=75.942% v17슬롯적용=72.0217% 상승클램프=0% 강하클램프=27.6232% v23b조건=21.4058% v23b실제적용=20.5072%
[ACTIVE] [RED] LeadPredict dist=1333.9 dV=5.0415 thr=0.715343 om=1.22079 lt=3
[ACTIVE] [RED] LeadPredict dist=1939.44 dV=-1.33755 thr=0.732397 om=1.23926 lt=3
[ACTIVE] [RED] LeadPredict dist=2527.59 dV=3.75543 thr=0.93059 om=1.33159 lt=3
[ACTIVE] [RED] ClimbOut Z=2301.41
[ACTIVE] [RED] ClimbOut Z=2271.61
[ACTIVE] [RED] LeadPredict dist=2258.74 dV=1.33755 thr=0.695885 om=0.507446 lt=3
[ACTIVE] [RED] LeadPredict dist=1960.92 dV=-9.51712 thr=0.753605 om=1.43238 lt=3
[ACTIVE] [RED] LeadPredict dist=1414.21 dV=1.13174 thr=0.715562 om=0.535285 lt=3
[ACTIVE] [RED] ClimbOut Z=1822.54
[ACTIVE] [RED] LeadPredict dist=1729.15 dV=7.97382 thr=0.719935 om=2.1959 lt=3
[ACTIVE] [RED] LeadPredict dist=2697.47 dV=9.56857 thr=1 om=1.85319 lt=3
[ACTIVE] [RED] ClimbOut Z=1811.4
[ACTIVE] [RED] LeadPredict dist=2957.91 dV=30.1462 thr=1 om=2.24548 lt=3
[ACTIVE] [RED] ClimbOut Z=1803.07
[ACTIVE] [RED] LeadPredict dist=2652.16 dV=32.8213 thr=1 om=2.79177 lt=3
[DUTY] team=1 ticks=14400 v27종말조준=0.0277778% v21뱅크예측=87.0069% v17궤도조건=75.7986% v17슬롯적용=72.0417% 상승클램프=0% 강하클램프=26.5972% v23b조건=23.3056% v23b실제적용=22.4444%
[ACTIVE] [RED] LeadPredict dist=2958.81 dV=37.6056 thr=1 om=1.66189 lt=3
[ACTIVE] [RED] ClimbOut Z=1821.45
[ACTIVE] [RED] LeadPredict dist=3297.99 dV=33.2842 thr=1 om=1.26658 lt=3
[ACTIVE] [RED] LeadPredict dist=3446.62 dV=22.0695 thr=1 om=1.14392 lt=3
[ACTIVE] [RED] ClimbOut Z=1841.51
[ACTIVE] [RED] LeadPredict dist=3166.26 dV=18.8285 thr=1 om=0.623337 lt=3
[ACTIVE] [RED] ClimbOut Z=1816.35
[ACTIVE] [RED] LeadPredict dist=2781.5 dV=17.9025 thr=1 om=0.784476 lt=3
[ACTIVE] [RED] LeadPredict dist=3022.32 dV=19.3944 thr=1 om=1.48622 lt=3
[ACTIVE] [RED] ClimbOut Z=1878.11
[ACTIVE] [RED] LeadPredict dist=2972.45 dV=19.5487 thr=1 om=1.03491 lt=3
[ACTIVE] [RED] LeadPredict dist=2631.51 dV=21.0406 thr=1 om=1.48346 lt=3
[ACTIVE] [RED] ClimbOut Z=1813.11
[ACTIVE] [RED] LeadPredict dist=2059.97 dV=25.8763 thr=1 om=1.48377 lt=3
[ACTIVE] [RED] ClimbOut Z=1860.39
[ACTIVE] [RED] LeadPredict dist=1287.98 dV=31.2265 thr=1 om=2.39836 lt=3
[DUTY] team=1 ticks=15000 v27종말조준=0.0266667% v21뱅크예측=87.5267% v17궤도조건=73.48% v17슬롯적용=69.16% 상승클램프=0% 강하클램프=25.5333% v23b조건=22.3733% v23b실제적용=21.5467%
[ACTIVE] [RED] ClimbOut Z=1802.16
[ACTIVE] [RED] ClimbOut Z=1926.11
[ACTIVE] [RED] LeadPredict dist=1331.54 dV=22.018 thr=0.611709 om=1.48732 lt=3
[ACTIVE] [RED] LeadPredict dist=994.795 dV=11.1119 thr=0.689544 om=1.32135 lt=2.98694
[ACTIVE] [RED] LeadPredict dist=906.438 dV=16.8737 thr=0.944 om=1.13087 lt=1.93432
runner:local/env:0	num_steps=[11999] | total rewards=[-1.2201] | termination= [max time out]
[seed 7] reward=    -1.22 ownHP=1.0000 tgtHP=0.9515 max time out
total: 2
[ACTIVE] [RED] LeadPredict dist=1278.89 dV=21.1435 thr=0.769565 om=1.02637 lt=3
[ACTIVE] [RED] LeadPredict dist=1342.83 dV=29.6317 thr=0.722558 om=0.885258 lt=3
[ACTIVE] [RED] LeadPredict dist=1555.34 dV=34.0045 thr=0.814823 om=1.06566 lt=3
[ACTIVE] [RED] LeadPredict dist=1457.75 dV=42.75 thr=1 om=1.26278 lt=3
[ACTIVE] [RED] LeadPredict dist=1120.5 dV=14.1471 thr=1 om=1.21203 lt=3
[ACTIVE] [RED] LeadPredict dist=1154.19 dV=-14.1985 thr=1 om=1.19608 lt=3
[ACTIVE] [RED] LeadPredict dist=1347.22 dV=20.1146 thr=1 om=1.16948 lt=3
[DUTY] team=1 ticks=15600 v27종말조준=0.0833333% v21뱅크예측=87.6667% v17궤도조건=74.4231% v17슬롯적용=69.2308% 상승클램프=0% 강하클램프=25.0897% v23b조건=23.3846% v23b실제적용=22.5897%
[ACTIVE] [RED] LeadPredict dist=1390.08 dV=88.175 thr=0.863798 om=0.988597 lt=3
[ACTIVE] [RED] LeadPredict dist=1517.48 dV=122.385 thr=1 om=0.875604 lt=3
[ACTIVE] [RED] LeadPredict dist=1510.77 dV=84.3682 thr=1 om=1.01858 lt=3
[ACTIVE] [RED] LeadPredict dist=1302.93 dV=23.9729 thr=1 om=1.06613 lt=3
[ACTIVE] [RED] LeadPredict dist=1099.66 dV=2.46931 thr=1 om=1.07909 lt=3
[ACTIVE] [RED] LeadPredict dist=1186.98 dV=25.6706 thr=1 om=1.14067 lt=3
[ACTIVE] [RED] LeadPredict dist=1397.49 dV=88.5866 thr=0.85221 om=1.01236 lt=3
[ACTIVE] [RED] LeadPredict dist=1634.27 dV=123.311 thr=1 om=0.911877 lt=3
[ACTIVE] [RED] LeadPredict dist=1588.6 dV=89.4097 thr=1 om=1.0138 lt=3
[ACTIVE] [RED] LeadPredict dist=1264.69 dV=34.879 thr=1 om=1.09221 lt=3
[DUTY] team=1 ticks=16200 v27종말조준=0.0802469% v21뱅크예측=87.0309% v17궤도조건=75.3704% v17슬롯적용=70.3704% 상승클램프=0% 강하클램프=24.679% v23b조건=23.1111% v23b실제적용=22.3457%
[ACTIVE] [RED] LeadPredict dist=1013.07 dV=5.71028 thr=1 om=1.11211 lt=3
[ACTIVE] [RED] LeadPredict dist=1181.34 dV=26.5451 thr=1 om=1.17686 lt=3
[ACTIVE] [RED] LeadPredict dist=1423.46 dV=88.8952 thr=0.845651 om=1.04173 lt=3
[ACTIVE] [RED] LeadPredict dist=1628.98 dV=118.167 thr=1 om=0.937285 lt=3
[ACTIVE] [RED] LeadPredict dist=1517.07 dV=77.7833 thr=1 om=1.08601 lt=3
[ACTIVE] [RED] LeadPredict dist=1170.27 dV=25.9278 thr=1 om=1.10257 lt=3
[ACTIVE] [RED] LeadPredict dist=1007.71 dV=5.29874 thr=1 om=1.17532 lt=3
[ACTIVE] [RED] LeadPredict dist=1241.34 dV=39.4061 thr=1 om=1.20235 lt=3
[ACTIVE] [RED] LeadPredict dist=1541.67 dV=101.55 thr=0.831877 om=1.03595 lt=3
[ACTIVE] [RED] LeadPredict dist=1775.01 dV=116.726 thr=1 om=0.99802 lt=3
[DUTY] team=1 ticks=16800 v27종말조준=0.077381% v21뱅크예측=86.2083% v17궤도조건=76.25% v17슬롯적용=71.4286% 상승클램프=0% 강하클램프=24.619% v23b조건=23.0595% v23b실제적용=22.3214%
[ACTIVE] [RED] LeadPredict dist=1629.32 dV=59.675 thr=1 om=1.12374 lt=3
[ACTIVE] [RED] LeadPredict dist=1251.74 dV=11.8321 thr=1 om=1.15151 lt=3
[ACTIVE] [RED] LeadPredict dist=1083.62 dV=12.861 thr=1 om=1.24078 lt=3
[ACTIVE] [RED] LeadPredict dist=1476.2 dV=72.1245 thr=0.825755 om=1.19711 lt=3
[ACTIVE] [RED] LeadPredict dist=2069.93 dV=125.986 thr=0.800612 om=1.03386 lt=3
[ACTIVE] [RED] LeadPredict dist=2317.84 dV=113.074 thr=1 om=1.10714 lt=3
runner:local/env:0	num_steps=[11999] | total rewards=[230.2887] | termination= [max time out]
[seed 8] reward=   230.29 ownHP=1.0000 tgtHP=1.0000 max time out
total: 2
[ACTIVE] [RED] LeadPredict dist=1581.17 dV=17.028 thr=0.7993 om=0.723526 lt=3
[ACTIVE] [RED] LeadPredict dist=2041.85 dV=82.1561 thr=0.708784 om=1.28433 lt=3
[ACTIVE] [RED] LeadPredict dist=4013.74 dV=165.958 thr=1 om=0.91639 lt=3
[ACTIVE] [RED] Pure Z=9682.22 VPZ=8799.39
[ACTIVE] [RED] Pure Z=9949.35 VPZ=8999.49
[ACTIVE] [RED] LeadPredict dist=4780.3 dV=174.292 thr=1 om=0.857908 lt=3
[DUTY] team=1 ticks=17400 v27종말조준=0.0747126% v21뱅크예측=85.8563% v17궤도조건=76.3621% v17슬롯적용=71.5% 상승클램프=0% 강하클램프=24.546% v23b조건=23.4253% v23b실제적용=22.7126%
[ACTIVE] [RED] Pure Z=10049.5 VPZ=9104.47
[ACTIVE] [RED] Pure Z=10016 VPZ=9137.09
[ACTIVE] [RED] LeadPredict dist=4206.91 dV=121.768 thr=1 om=0.807102 lt=3
[ACTIVE] [RED] LeadPredict dist=2709.71 dV=44.3962 thr=1 om=0.58225 lt=3
[ACTIVE] [RED] LeadPredict dist=1283.25 dV=16.1534 thr=1 om=1.85918 lt=3
[ACTIVE] [RED] LeadPredict dist=1231.94 dV=0.102875 thr=1 om=0.963364 lt=3
[ACTIVE] [RED] LeadPredict dist=2237.12 dV=-16.2563 thr=1 om=0.849685 lt=3
[ACTIVE] [RED] LeadPredict dist=3096.3 dV=-5.09296 thr=1 om=0.847124 lt=3
[ACTIVE] [RED] LeadPredict dist=3388.26 dV=24.2816 thr=1 om=0.714471 lt=3
[ACTIVE] [RED] LeadPredict dist=3010.4 dV=52.9873 thr=1 om=0.789359 lt=3
[ACTIVE] [RED] LeadPredict dist=2093.33 dV=63.8934 thr=1 om=0.651565 lt=3
[ACTIVE] [RED] LeadPredict dist=1305.16 dV=35.0334 thr=1 om=1.06942 lt=3
[DUTY] team=1 ticks=18000 v27종말조준=0.0722222% v21뱅크예측=86.2778% v17궤도조건=75.3278% v17슬롯적용=70.6278% 상승클램프=0% 강하클램프=24.1944% v23b조건=22.6444% v23b실제적용=21.9556%
[ACTIVE] [RED] LeadPredict dist=1067.58 dV=-18.3141 thr=1 om=1.02112 lt=3
[ACTIVE] [RED] LeadPredict dist=1543.7 dV=-20.1146 thr=1 om=1.116 lt=3
[ACTIVE] [RED] LeadPredict dist=2031.98 dV=17.8511 thr=1 om=1.05009 lt=3
[ACTIVE] [RED] LeadPredict dist=2018.98 dV=59.7265 thr=1 om=1.01407 lt=3
[ACTIVE] [RED] LeadPredict dist=1449.72 dV=72.0216 thr=1 om=1.10173 lt=3
[ACTIVE] [RED] LeadPredict dist=928.685 dV=27.2139 thr=1 om=1.18244 lt=3
[ACTIVE] [RED] LeadPredict dist=1187.55 dV=-15.2274 thr=1 om=1.1639 lt=3
[ACTIVE] [RED] LeadPredict dist=1660.08 dV=9.10559 thr=1 om=1.20381 lt=3
[ACTIVE] [RED] LeadPredict dist=1668.41 dV=56.7427 thr=1 om=1.07913 lt=3
[ACTIVE] [RED] LeadPredict dist=1173.24 dV=84.5739 thr=1 om=1.1153 lt=3
[DUTY] team=1 ticks=18600 v27종말조준=0.0698925% v21뱅크예측=86.7204% v17궤도조건=76.1237% v17슬롯적용=71.5753% 상승클램프=0% 강하클램프=24.5645% v23b조건=21.914% v23b실제적용=21.2473%
[ACTIVE] [RED] LeadPredict dist=800.821 dV=42.5956 thr=0.76 om=1.21017 lt=3
[ACTIVE] [RED] LeadPredict dist=1064.26 dV=-15.7933 thr=1 om=1.18813 lt=3
[ACTIVE] [RED] LeadPredict dist=1430 dV=-3.60107 thr=1 om=1.23794 lt=3
[ACTIVE] [RED] LeadPredict dist=1358.05 dV=44.5505 thr=1 om=1.16192 lt=3
[ACTIVE] [RED] LeadPredict dist=939.106 dV=84.9855 thr=1 om=1.04563 lt=3
[ACTIVE] [RED] LeadPredict dist=710.676 dV=46.0938 thr=0.55 om=1.13226 lt=3
[ACTIVE] [RED] LeadPredict dist=837.424 dV=-8.02527 thr=1 om=1.17216 lt=3
[ACTIVE] [RED] LeadPredict dist=1036.22 dV=-9.72292 thr=1 om=1.15807 lt=3
[ACTIVE] [RED] LeadPredict dist=1050.59 dV=25.6191 thr=1 om=1.24172 lt=3
runner:local/env:0	num_steps=[11999] | total rewards=[232.9716] | termination= [max time out]
[seed 9] reward=   232.97 ownHP=1.0000 tgtHP=1.0000 max time out
total: 2
[ACTIVE] [RED] LeadPredict dist=805.998 dV=5.86459 thr=0.822913 om=0.289193 lt=2.67181
[DUTY] team=1 ticks=19200 v27종말조준=0.0677083% v21뱅크예측=86.5% v17궤도조건=76.8073% v17슬롯적용=72.401% 상승클램프=0% 강하클램프=24.8333% v23b조건=21.3229% v23b실제적용=20.6771%
[ACTIVE] [RED] LeadPredict dist=2570.97 dV=45.425 thr=0.833501 om=0.968151 lt=3
[ACTIVE] [RED] Pure Z=8575.61 VPZ=7718.14
[ACTIVE] [RED] LeadPredict dist=4675.65 dV=121.459 thr=1 om=0.953197 lt=3
[ACTIVE] [RED] Pure Z=9116.97 VPZ=8110.3
[ACTIVE] [RED] Pure Z=9575.74 VPZ=8489.75
[ACTIVE] [RED] LeadPredict dist=5498.24 dV=162.872 thr=1 om=0.805541 lt=3
[ACTIVE] [RED] Pure Z=9923 VPZ=8825.47
[ACTIVE] [RED] Pure Z=10152.6 VPZ=9102.17
[ACTIVE] [RED] LeadPredict dist=5059 dV=154.846 thr=1 om=0.757584 lt=3
[ACTIVE] [RED] Pure Z=10267.1 VPZ=9312.88
[ACTIVE] [RED] Pure Z=10273.8 VPZ=9457.74
[ACTIVE] [RED] LeadPredict dist=3702.42 dV=104.328 thr=1 om=0.352472 lt=3
[ACTIVE] [RED] LeadPredict dist=1829.16 dV=40.2292 thr=1 om=0.665586 lt=3
[ACTIVE] [RED] LeadPredict dist=858.092 dV=-37.1426 thr=1 om=1.09235 lt=3
[ACTIVE] [RED] LeadPredict dist=2142.4 dV=-40.0234 thr=1 om=1.17113 lt=3
[ACTIVE] [RED] LeadPredict dist=2846.84 dV=17.491 thr=1 om=0.958269 lt=3
[ACTIVE] [RED] LeadPredict dist=2410.04 dV=80.87 thr=1 om=1.31271 lt=3
[DUTY] team=1 ticks=19800 v27종말조준=0.0656566% v21뱅크예측=86.8182% v17궤도조건=75.6162% v17슬롯적용=71.1566% 상승클램프=0% 강하클램프=24.7929% v23b조건=20.9697% v23b실제적용=20.3434%
[ACTIVE] [RED] LeadPredict dist=1340.85 dV=71.8673 thr=1 om=1.18023 lt=3
[ACTIVE] [RED] LeadPredict dist=1061 dV=-8.38538 thr=1 om=1.25044 lt=3
[ACTIVE] [RED] LeadPredict dist=1576.09 dV=5.0415 thr=1 om=1.19658 lt=3
[ACTIVE] [RED] LeadPredict dist=1782.96 dV=73.8221 thr=1 om=1.30683 lt=3
[ACTIVE] [RED] LeadPredict dist=1583.05 dV=95.2743 thr=1 om=1.46367 lt=3
[ACTIVE] [RED] LeadPredict dist=1387.89 dV=8.02525 thr=1 om=1.4007 lt=3
[ACTIVE] [RED] LeadPredict dist=1396.74 dV=-2.52075 thr=1 om=1.18546 lt=3
[ACTIVE] [RED] LeadPredict dist=1330.12 dV=64.305 thr=1 om=1.28081 lt=3
[ACTIVE] [RED] LeadPredict dist=1234.98 dV=74.1823 thr=1 om=1.34632 lt=3
[ACTIVE] [RED] LeadPredict dist=1315.46 dV=-4.11551 thr=1 om=1.28846 lt=3
[DUTY] team=1 ticks=20400 v27종말조준=0.0637255% v21뱅크예측=86.6716% v17궤도조건=76.3333% v17슬롯적용=72.0049% 상승클램프=0% 강하클램프=24.8529% v23b조건=20.3529% v23b실제적용=19.7451%
[ACTIVE] [RED] LeadPredict dist=1540.99 dV=-27.1624 thr=1 om=1.1551 lt=3
[ACTIVE] [RED] LeadPredict dist=1492.82 dV=28.6029 thr=1 om=1.13036 lt=3
[ACTIVE] [RED] LeadPredict dist=1126.34 dV=76.703 thr=1 om=1.03345 lt=3
[ACTIVE] [RED] LeadPredict dist=805.248 dV=59.4693 thr=0.792 om=1.11036 lt=3
[ACTIVE] [RED] LeadPredict dist=868.954 dV=-5.04152 thr=1 om=1.20525 lt=3
[ACTIVE] [RED] LeadPredict dist=1146.92 dV=-25.1047 thr=1 om=1.16296 lt=3
[ACTIVE] [RED] LeadPredict dist=1218.24 dV=12.9124 thr=1 om=1.22212 lt=3
[ACTIVE] [RED] LeadPredict dist=941.501 dV=67.9061 thr=1 om=1.13863 lt=3
[ACTIVE] [RED] LeadPredict dist=719.904 dV=57.823 thr=0.559999 om=1.09268 lt=3
[ACTIVE] [RED] LeadPredict dist=714.132 dV=6.12183 thr=0.926538 om=1.22263 lt=3
[DUTY] team=1 ticks=21000 v27종말조준=0.0619048% v21뱅크예측=86.2381% v17궤도조건=77.0095% v17슬롯적용=72.8048% 상승클램프=0% 강하클램프=25.1048% v23b조건=19.7714% v23b실제적용=19.181%
[ACTIVE] [RED] LeadPredict dist=820.136 dV=-13.3754 thr=1 om=1.18874 lt=3
[ACTIVE] [RED] LeadPredict dist=959.29 dV=9.00269 thr=1 om=1.28274 lt=3
[ACTIVE] [RED] LeadPredict dist=906.271 dV=49.7978 thr=0.976 om=1.24781 lt=3
runner:local/env:0	num_steps=[11999] | total rewards=[165.7650] | termination= [max time out]
[seed 10] reward=   165.76 ownHP=1.0000 tgtHP=1.0000 max time out
total: 2
[ACTIVE] [RED] LeadPredict dist=2620.65 dV=-4.16696 thr=1 om=1.06904 lt=3
[ACTIVE] [RED] LeadPredict dist=2513.63 dV=-7.92236 thr=1 om=1.11555 lt=3
[ACTIVE] [RED] LeadPredict dist=2015.98 dV=-9.98013 thr=1 om=1.34105 lt=3
[ACTIVE] [RED] LeadPredict dist=1501 dV=0.668793 thr=0.641444 om=1.34289 lt=3
[ACTIVE] [RED] LeadPredict dist=1772.77 dV=36.7824 thr=0.632698 om=1.41959 lt=3
[ACTIVE] [RED] LeadPredict dist=2089.01 dV=29.2716 thr=0.783995 om=1.67655 lt=3
[ACTIVE] [RED] LeadPredict dist=1581.95 dV=-30.5577 thr=1 om=1.63229 lt=3
[DUTY] team=1 ticks=21600 v27종말조준=0.0601852% v21뱅크예측=85.9907% v17궤도조건=77.213% v17슬롯적용=73.0093% 상승클램프=0% 강하클램프=25.3843% v23b조건=20.4769% v23b실제적용=19.9028%
[ACTIVE] [RED] ClimbOut Z=2458.07
[ACTIVE] [RED] LeadPredict dist=1524.27 dV=9.92868 thr=1 om=2.02041 lt=3
[ACTIVE] [RED] ClimbOut Z=2288.34
[ACTIVE] [RED] LeadPredict dist=1055.08 dV=32.4612 thr=0.770221 om=1.74631 lt=3
[ACTIVE] [RED] ClimbOut Z=2514.72
[ACTIVE] [RED] LeadPredict dist=1205.98 dV=-3.13809 thr=1 om=0.630142 lt=3
[ACTIVE] [RED] LeadPredict dist=1481.62 dV=15.639 thr=0.834938 om=1.66932 lt=3
[ACTIVE] [RED] LeadPredict dist=979.831 dV=31.7409 thr=0.962106 om=1.86466 lt=3
[ACTIVE] [RED] LeadPredict dist=1108.15 dV=1.54333 thr=1 om=1.6023 lt=3
[ACTIVE] [RED] LeadPredict dist=1753.81 dV=43.3158 thr=0.859644 om=1.80698 lt=3
[ACTIVE] [RED] LeadPredict dist=1588.04 dV=29.7861 thr=1 om=1.79256 lt=3
[ACTIVE] [RED] ClimbOut Z=2064.49
[ACTIVE] [RED] LeadPredict dist=1049.67 dV=10.5975 thr=1 om=1.55265 lt=3
[ACTIVE] [RED] ClimbOut Z=1935.07
[ACTIVE] [RED] LeadPredict dist=1744.73 dV=32.6155 thr=0.962106 om=1.84423 lt=3
[DUTY] team=1 ticks=22200 v27종말조준=0.0585586% v21뱅크예측=86.2252% v17궤도조건=77.8288% v17슬롯적용=73.7387% 상승클램프=0% 강하클램프=24.8153% v23b조건=20.9099% v23b실제적용=20.3514%
[ACTIVE] [RED] LeadPredict dist=2281.14 dV=38.3258 thr=1 om=1.80592 lt=3
[ACTIVE] [RED] ClimbOut Z=1803.42
[ACTIVE] [RED] LeadPredict dist=1717.48 dV=41.5668 thr=1 om=1.72674 lt=3
[ACTIVE] [RED] LeadPredict dist=1381.85 dV=40.3321 thr=1 om=1.72399 lt=3
[ACTIVE] [RED] LeadPredict dist=1846.13 dV=18.6227 thr=1 om=1.77887 lt=3
[ACTIVE] [RED] LeadPredict dist=1881.3 dV=25.1561 thr=1 om=1.82807 lt=3
[ACTIVE] [RED] LeadPredict dist=1541.43 dV=28.963 thr=1 om=1.80231 lt=3
[ACTIVE] [RED] ClimbOut Z=1795.4
[ACTIVE] [RED] LeadPredict dist=1978.15 dV=26.2879 thr=1 om=1.76892 lt=3
[ACTIVE] [RED] LeadPredict dist=2087.94 dV=44.8592 thr=1 om=1.69239 lt=3
[ACTIVE] [RED] LeadPredict dist=1507.26 dV=31.2265 thr=1 om=1.72906 lt=3
[ACTIVE] [RED] LeadPredict dist=1510.51 dV=1.2861 thr=1 om=1.96909 lt=3
[DUTY] team=1 ticks=22800 v27종말조준=0.0570175% v21뱅크예측=86.5877% v17궤도조건=78.4123% v17슬롯적용=74.4298% 상승클램프=0% 강하클램프=24.1623% v23b조건=20.443% v23b실제적용=19.8991%
[ACTIVE] [RED] LeadPredict dist=2129.18 dV=35.2391 thr=1 om=2.81592 lt=3
[ACTIVE] [RED] LeadPredict dist=1906.35 dV=26.6994 thr=1 om=1.81844 lt=3
[ACTIVE] [RED] ClimbOut Z=1907.58
[ACTIVE] [RED] LeadPredict dist=1363.8 dV=12.1922 thr=1 om=2.35045 lt=3
[ACTIVE] [RED] ClimbOut Z=1811.16
runner:local/env:0	num_steps=[11999] | total rewards=[39.1284] | termination= [max time out]
[seed 11] reward=    39.13 ownHP=1.0000 tgtHP=1.0000 max time out
total: 2
[ACTIVE] [RED] LeadPredict dist=3338.19 dV=0 thr=1 om=0 lt=3
[ACTIVE] [RED] Pure Z=6812.06 VPZ=6473.74
[ACTIVE] [RED] LeadPredict dist=4687.45 dV=-7.30505 thr=1 om=0.937201 lt=3
[ACTIVE] [RED] Pure Z=6526.76 VPZ=6029.27
[ACTIVE] [RED] LeadPredict dist=3431.68 dV=-3.03519 thr=1 om=1.38187 lt=3
[ACTIVE] [RED] LeadPredict dist=1235.95 dV=-20.7319 thr=0.69501 om=0.571269 lt=3
[ACTIVE] [RED] LeadPredict dist=1638.09 dV=-14.713 thr=0.66134 om=1.31888 lt=3
[ACTIVE] [RED] LeadPredict dist=2516.59 dV=26.8538 thr=0.706738 om=1.28269 lt=3
[ACTIVE] [RED] LeadPredict dist=2430.67 dV=31.2265 thr=0.68 om=1.39881 lt=3
[DUTY] team=1 ticks=23400 v27종말조준=0.0555556% v21뱅크예측=86.8675% v17궤도조건=78.1282% v17슬롯적용=74.2479% 상승클램프=0% 강하클램프=23.8504% v23b조건=20.5726% v23b실제적용=20.0427%
[ACTIVE] [RED] ClimbOut Z=2555.58
[ACTIVE] [RED] LeadPredict dist=1574.27 dV=-27.3167 thr=0.793615 om=1.49409 lt=3
[ACTIVE] [RED] LeadPredict dist=1478.9 dV=5.14441 thr=1 om=1.33926 lt=3
[ACTIVE] [RED] LeadPredict dist=1136.15 dV=13.324 thr=0.707254 om=1.46151 lt=3
[ACTIVE] [RED] LeadPredict dist=1214.82 dV=-6.43051 thr=0.773063 om=1.64557 lt=3
[ACTIVE] [RED] ClimbOut Z=1954.95
[ACTIVE] [RED] ClimbOut Z=2036.1
[ACTIVE] [RED] LeadPredict dist=1409.68 dV=8.69406 thr=0.761257 om=1.53595 lt=3
[ACTIVE] [RED] LeadPredict dist=1257.83 dV=1.49188 thr=0.850117 om=1.74566 lt=3
[ACTIVE] [RED] LeadPredict dist=1082.66 dV=6.73917 thr=0.778092 om=1.55197 lt=3
[ACTIVE] [RED] LeadPredict dist=1265.35 dV=7.35648 thr=0.807171 om=1.58694 lt=3
[ACTIVE] [RED] LeadPredict dist=1773.35 dV=4.73285 thr=0.816791 om=0.8059 lt=3
[ACTIVE] [RED] ClimbOut Z=1854.03
[ACTIVE] [RED] ClimbOut Z=1852.01
[ACTIVE] [RED] LeadPredict dist=2141.13 dV=13.8384 thr=0.783121 om=2.45677 lt=3
[DUTY] team=1 ticks=24000 v27종말조준=0.0541667% v21뱅크예측=87.1458% v17궤도조건=78.675% v17슬롯적용=74.8917% 상승클램프=0% 강하클램프=23.2542% v23b조건=22.2417% v23b실제적용=21.725%
[ACTIVE] [RED] LeadPredict dist=1938.23 dV=20.2175 thr=0.779404 om=2.28618 lt=3
[ACTIVE] [RED] ClimbOut Z=1823.1
[ACTIVE] [RED] LeadPredict dist=2170.4 dV=21.8637 thr=0.773719 om=2.29178 lt=3
[ACTIVE] [RED] LeadPredict dist=2622.74 dV=27.7283 thr=1 om=2.34432 lt=3
[ACTIVE] [RED] LeadPredict dist=2893.25 dV=33.1299 thr=1 om=1.63836 lt=3
[ACTIVE] [RED] ClimbOut Z=1810.8
[ACTIVE] [RED] LeadPredict dist=3163.39 dV=40.7951 thr=1 om=1.62737 lt=3
[ACTIVE] [RED] LeadPredict dist=2861.41 dV=37.4512 thr=1 om=2.19232 lt=3
[ACTIVE] [RED] ClimbOut Z=1809.92
[ACTIVE] [RED] ClimbOut Z=1842.41
[ACTIVE] [RED] LeadPredict dist=2617.17 dV=29.426 thr=1 om=2.04242 lt=3
[ACTIVE] [RED] LeadPredict dist=2476.13 dV=26.9052 thr=1 om=2.47106 lt=3
[ACTIVE] [RED] ClimbOut Z=1902.18
[ACTIVE] [RED] ClimbOut Z=1798.44
[ACTIVE] [RED] LeadPredict dist=2214.44 dV=32.5126 thr=1 om=1.51115 lt=3
[ACTIVE] [RED] LeadPredict dist=2084.49 dV=17.6967 thr=0.815916 om=1.93675 lt=3
[DUTY] team=1 ticks=24600 v27종말조준=0.0528455% v21뱅크예측=87.4065% v17궤도조건=77.9146% v17슬롯적용=73.7073% 상승클램프=0% 강하클램프=22.687% v23b조건=22.5366% v23b실제적용=22.0325%
[ACTIVE] [RED] LeadPredict dist=2289.36 dV=-7.35651 thr=1 om=1.63924 lt=3
[ACTIVE] [RED] LeadPredict dist=1605.28 dV=41.9268 thr=1 om=1.46772 lt=3
[ACTIVE] [RED] LeadPredict dist=864.917 dV=14.6615 thr=0.912 om=1.44629 lt=3
runner:local/env:0	num_steps=[11999] | total rewards=[121.1784] | termination= [max time out]
[seed 12] reward=   121.18 ownHP=1.0000 tgtHP=1.0000 max time out
total: 2
[ACTIVE] [RED] Pure Z=7004.09 VPZ=8013.43
[ACTIVE] [RED] LeadPredict dist=4339.94 dV=2.88086 thr=1 om=1.2784 lt=3
[ACTIVE] [RED] LeadPredict dist=2807.55 dV=25.8249 thr=1 om=0.842077 lt=3
[ACTIVE] [RED] LeadPredict dist=1560.52 dV=45.7852 thr=0.771096 om=1.1568 lt=3
[ACTIVE] [RED] LeadPredict dist=2099.51 dV=14.9702 thr=0.834719 om=1.01231 lt=3
[ACTIVE] [RED] LeadPredict dist=3414.1 dV=-15.0731 thr=1 om=0.923238 lt=3
[ACTIVE] [RED] Pure Z=5018.03 VPZ=6895.04
[ACTIVE] [RED] LeadPredict dist=4247.67 dV=-9.98013 thr=1 om=1.13488 lt=3
[ACTIVE] [RED] Pure Z=4467.38 VPZ=6291.03
[ACTIVE] [RED] Pure Z=4046.23 VPZ=5549.34
[ACTIVE] [RED] LeadPredict dist=3690.77 dV=10.8033 thr=1 om=0.952183 lt=3
[DUTY] team=1 ticks=25200 v27종말조준=0.0515873% v21뱅크예측=87.5833% v17궤도조건=77.4524% v17슬롯적용=73.3413% 상승클램프=0% 강하클램프=22.9603% v23b조건=22.5516% v23b실제적용=22.0595%
[ACTIVE] [RED] LeadPredict dist=2034.99 dV=31.278 thr=0.551584 om=1.3125 lt=3
[ACTIVE] [RED] LeadPredict dist=1635.76 dV=-21.0406 thr=0.674458 om=1.12298 lt=3
[ACTIVE] [RED] ClimbOut Z=2619.39
[ACTIVE] [RED] LeadPredict dist=2883.66 dV=2.77798 thr=1 om=1.29277 lt=3
[ACTIVE] [RED] LeadPredict dist=3274.11 dV=37.7085 thr=1 om=1.40422 lt=3
[ACTIVE] [RED] ClimbOut Z=1886.27
[ACTIVE] [RED] LeadPredict dist=1913.1 dV=7.81949 thr=0.662652 om=0.931087 lt=3
[ACTIVE] [RED] LeadPredict dist=1342.8 dV=-17.9025 thr=0.747483 om=0.659787 lt=3
[ACTIVE] [RED] ClimbOut Z=1888.51
[ACTIVE] [RED] LeadPredict dist=1951.46 dV=-0.308655 thr=0.745078 om=0.946418 lt=3
[ACTIVE] [RED] ClimbOut Z=1830.82
[ACTIVE] [RED] LeadPredict dist=2557.46 dV=2.72653 thr=1 om=0.575424 lt=3
[ACTIVE] [RED] LeadPredict dist=2603.57 dV=26.4937 thr=1 om=1.57757 lt=3
[ACTIVE] [RED] ClimbOut Z=1807.6
[ACTIVE] [RED] LeadPredict dist=2776.57 dV=25.722 thr=1 om=1.47 lt=3
[DUTY] team=1 ticks=25800 v27종말조준=0.0503876% v21뱅크예측=87.814% v17궤도조건=76.7907% v17슬롯적용=72.7752% 상승클램프=0% 강하클램프=22.7946% v23b조건=23.1667% v23b실제적용=22.686%
[ACTIVE] [RED] LeadPredict dist=3180.15 dV=41.4124 thr=1 om=1.5537 lt=3
[ACTIVE] [RED] ClimbOut Z=1839.82
[ACTIVE] [RED] LeadPredict dist=3007.93 dV=31.7409 thr=1 om=0.502227 lt=3
[ACTIVE] [RED] ClimbOut Z=1885.24
[ACTIVE] [RED] LeadPredict dist=3310.75 dV=18.417 thr=1 om=1.33108 lt=3
[ACTIVE] [RED] LeadPredict dist=3486.06 dV=16.102 thr=1 om=1.45304 lt=3
[ACTIVE] [RED] ClimbOut Z=1914.01
[ACTIVE] [RED] LeadPredict dist=2853.91 dV=23.4585 thr=1 om=1.53271 lt=3
[ACTIVE] [RED] ClimbOut Z=1805.32
[ACTIVE] [RED] LeadPredict dist=2778.09 dV=22.018 thr=1 om=1.85713 lt=3
[ACTIVE] [RED] LeadPredict dist=3135.6 dV=17.5939 thr=1 om=1.413 lt=3
[ACTIVE] [RED] ClimbOut Z=2019.61
[ACTIVE] [RED] LeadPredict dist=2455.82 dV=31.2265 thr=1 om=2.34165 lt=3
[ACTIVE] [RED] ClimbOut Z=1824.33
[ACTIVE] [RED] LeadPredict dist=1672.32 dV=33.6444 thr=1 om=2.28342 lt=3
[ACTIVE] [RED] LeadPredict dist=1242.08 dV=20.3718 thr=0.732615 om=1.66326 lt=3
[DUTY] team=1 ticks=26400 v27종말조준=0.0492424% v21뱅크예측=88.0758% v17궤도조건=75.5076% v17슬롯적용=71.1212% 상승클램프=0% 강하클램프=22.3636% v23b조건=22.7538% v23b실제적용=22.2841%
[ACTIVE] [RED] LeadPredict dist=1823.64 dV=-24.9503 thr=1 om=0.924724 lt=3
[ACTIVE] [RED] LeadPredict dist=1881.58 dV=-9.56857 thr=1 om=1.54999 lt=3
runner:local/env:0	num_steps=[11999] | total rewards=[-67.9778] | termination= [max time out]
[seed 13] reward=   -67.98 ownHP=1.0000 tgtHP=1.0000 max time out
total: 2
[ACTIVE] [RED] LeadPredict dist=5521.01 dV=0 thr=1 om=0 lt=3
[ACTIVE] [RED] Pure Z=7047.99 VPZ=8913.79
[ACTIVE] [RED] Pure Z=7131.06 VPZ=8616.82
[ACTIVE] [RED] LeadPredict dist=4228.6 dV=18.8285 thr=1 om=0.877135 lt=3
[ACTIVE] [RED] LeadPredict dist=1211.59 dV=36.0623 thr=1 om=1.04089 lt=3
[ACTIVE] [RED] LeadPredict dist=1851.01 dV=25.5162 thr=0.678394 om=0.809243 lt=3
[ACTIVE] [RED] LeadPredict dist=3645.79 dV=36.7825 thr=1 om=0.833444 lt=3
[ACTIVE] [RED] Pure Z=7165.73 VPZ=6316.55
[ACTIVE] [RED] LeadPredict dist=4232.24 dV=29.9919 thr=1 om=1.04341 lt=3
[ACTIVE] [RED] Pure Z=6782.39 VPZ=5961.43
[ACTIVE] [RED] LeadPredict dist=2974.59 dV=4.47562 thr=1 om=1.14233 lt=3
[ACTIVE] [RED] ClimbOut Z=3475.15
[ACTIVE] [RED] LeadPredict dist=1342.84 dV=-35.0848 thr=0.582412 om=0.733749 lt=3
[DUTY] team=1 ticks=27000 v27종말조준=0.0481481% v21뱅크예측=88.2222% v17궤도조건=75.0519% v17슬롯적용=70.5519% 상승클램프=0% 강하클램프=22.6963% v23b조건=22.8259% v23b실제적용=22.2778%
[ACTIVE] [RED] ClimbOut Z=2548.34
[ACTIVE] [RED] ClimbOut Z=3033.22
[ACTIVE] [RED] LeadPredict dist=2935.97 dV=24.1272 thr=0.980824 om=1.40996 lt=3
[ACTIVE] [RED] ClimbOut Z=2109.59
[ACTIVE] [RED] LeadPredict dist=3633.28 dV=19.1886 thr=1 om=1.96104 lt=3
[ACTIVE] [RED] LeadPredict dist=2779.07 dV=7.40796 thr=1 om=1.33943 lt=3
[ACTIVE] [RED] ClimbOut Z=1875.9
[ACTIVE] [RED] LeadPredict dist=1462.18 dV=10.1345 thr=0.628982 om=1.4406 lt=3
[ACTIVE] [RED] ClimbOut Z=1799.33
[ACTIVE] [RED] LeadPredict dist=1965.06 dV=7.97382 thr=0.69829 om=2.14509 lt=3
[ACTIVE] [RED] LeadPredict dist=3295.65 dV=13.787 thr=1 om=1.4762 lt=3
[ACTIVE] [RED] ClimbOut Z=1813.73
[ACTIVE] [RED] LeadPredict dist=3620.21 dV=29.3231 thr=1 om=2.05895 lt=3
[ACTIVE] [RED] LeadPredict dist=2481.77 dV=34.5189 thr=0.92 om=2.20083 lt=3
[ACTIVE] [RED] ClimbOut Z=1822.13
[ACTIVE] [RED] LeadPredict dist=2419.42 dV=12.1408 thr=0.705286 om=1.65986 lt=3
[ACTIVE] [RED] LeadPredict dist=3710.64 dV=28.1399 thr=1 om=2.1237 lt=3
[DUTY] team=1 ticks=27600 v27종말조준=0.0471014% v21뱅크예측=88.3514% v17궤도조건=74.3152% v17슬롯적용=69.913% 상승클램프=0% 강하클램프=22.3623% v23b조건=23.1558% v23b실제적용=22.6196%
[ACTIVE] [RED] ClimbOut Z=1816.52
[ACTIVE] [RED] LeadPredict dist=3878.44 dV=23.8186 thr=1 om=1.49133 lt=3
[ACTIVE] [RED] ClimbOut Z=1844.88
[ACTIVE] [RED] LeadPredict dist=2767.53 dV=21.1435 thr=1 om=1.18798 lt=3
[ACTIVE] [RED] ClimbOut Z=1792.42
[ACTIVE] [RED] LeadPredict dist=2125.21 dV=7.92236 thr=0.710533 om=1.48022 lt=3
[ACTIVE] [RED] LeadPredict dist=3148.97 dV=28.6543 thr=1 om=2.19222 lt=3
[ACTIVE] [RED] ClimbOut Z=1840.43
[ACTIVE] [RED] LeadPredict dist=3359.28 dV=23.87 thr=1 om=2.12095 lt=3
[ACTIVE] [RED] ClimbOut Z=1874.69
[ACTIVE] [RED] ClimbOut Z=1801.23
[ACTIVE] [RED] LeadPredict dist=1674.8 dV=18.9828 thr=1 om=1.76157 lt=3
[ACTIVE] [RED] LeadPredict dist=918.909 dV=7.66516 thr=0.821164 om=1.9644 lt=3
[ACTIVE] [RED] LeadPredict dist=1916.97 dV=-29.9404 thr=1 om=1.67771 lt=3
[ACTIVE] [RED] LeadPredict dist=1216.74 dV=21.3493 thr=1 om=1.05429 lt=3
[ACTIVE] [RED] LeadPredict dist=1016.1 dV=56.8971 thr=1 om=1.40866 lt=3
[DUTY] team=1 ticks=28200 v27종말조준=0.0460993% v21뱅크예측=88.5% v17궤도조건=73.9468% v17슬롯적용=69.0142% 상승클램프=0% 강하클램프=22.266% v23b조건=23.1525% v23b실제적용=22.6277%
[ACTIVE] [RED] LeadPredict dist=1205.3 dV=4.57851 thr=1 om=1.50562 lt=3
runner:local/env:0	num_steps=[11999] | total rewards=[-48.6609] | termination= [max time out]
[seed 14] reward=   -48.66 ownHP=1.0000 tgtHP=1.0000 max time out
Remove Space Complete.

[rehearsal own_rep=6 tgt_rep=6 seeds=15]
SUMMARY dealt=0.0485 taken=0.0000 mean_reward=97.01
tacview log saved (last episode)

########## dtfix_orbit vs SEARCH ##########


     JSBSim Flight Dynamics Model v1.0.0 May 27 2026 16:13:38
            [JSBSim-ML v2.0]

JSBSim startup beginning ...

total: 2
Behavior Tree Initialized Successfully
[ACTIVE] [RED] LeadPredict dist=3968.49 dV=10.1345 thr=1 om=0.853222 lt=3
[ACTIVE] [RED] LeadPredict dist=3239.54 dV=16.4106 thr=1 om=0.376545 lt=3
[ACTIVE] [RED] LeadPredict dist=2395.94 dV=-20.6291 thr=0.608867 om=0.175404 lt=3
[ACTIVE] [RED] LeadPredict dist=4263.84 dV=-68.2662 thr=1 om=1.43852 lt=3
[ACTIVE] [RED] LeadPredict dist=5932.93 dV=-114.772 thr=1 om=1.04205 lt=3
[ACTIVE] [RED] LeadPredict dist=7077.58 dV=-98.4124 thr=1 om=1.38817 lt=3
[ACTIVE] [RED] LeadPredict dist=5779.44 dV=4.32129 thr=1 om=1.30143 lt=3
[ACTIVE] [RED] LeadPredict dist=3865.79 dV=41.2581 thr=1 om=0.106467 lt=3
[ACTIVE] [RED] LeadPredict dist=2804.76 dV=54.2734 thr=1 om=0.0811893 lt=3
[ACTIVE] [RED] LeadPredict dist=2232.76 dV=52.1642 thr=1 om=0.0476399 lt=3
[DUTY] team=1 ticks=600 v27종말조준=0% v21뱅크예측=90.5% v17궤도조건=7.33333% v17슬롯적용=2.16667% 상승클램프=0% 강하클램프=29.6667% v23b조건=6.66667% v23b실제적용=6.66667%
[ACTIVE] [RED] LeadPredict dist=1847.29 dV=51.4954 thr=1 om=0.0157027 lt=3
[ACTIVE] [RED] LeadPredict dist=1469.5 dV=77.6804 thr=1 om=1.05685 lt=3
[ACTIVE] [RED] LeadPredict dist=926.854 dV=78.8637 thr=1 om=0.896391 lt=3
[ACTIVE] [RED] LeadPredict dist=898.342 dV=36.0622 thr=0.567253 om=1.06775 lt=3
[ACTIVE] [RED] LeadPredict dist=950.358 dV=57.2057 thr=1 om=1.00756 lt=3
[ACTIVE] [RED] LeadPredict dist=1098.99 dV=114.309 thr=0.783995 om=1.43143 lt=3
[ACTIVE] [RED] LeadPredict dist=1835.38 dV=113.125 thr=0.718841 om=1.31445 lt=3
[ACTIVE] [RED] LeadPredict dist=2006.06 dV=78.9151 thr=0.697415 om=2.8048 lt=3
[ACTIVE] [RED] LeadPredict dist=1628.06 dV=26.648 thr=0.69501 om=0.852453 lt=3
[ACTIVE] [RED] LeadPredict dist=1858.93 dV=8.5397 thr=0.684515 om=1.35476 lt=3
[DUTY] team=1 ticks=1200 v27종말조준=0% v21뱅크예측=84.4167% v17궤도조건=47.0833% v17슬롯적용=35.75% 상승클램프=0% 강하클램프=23.9167% v23b조건=26.1667% v23b실제적용=25.25%
[ACTIVE] [RED] ClimbOut Z=2512.04
[ACTIVE] [RED] LeadPredict dist=3472.16 dV=49.2319 thr=0.778982 om=5.43946 lt=3
[ACTIVE] [RED] LeadPredict dist=5621.37 dV=73.6678 thr=1 om=0.744815 lt=3
[ACTIVE] [RED] LeadPredict dist=4875.91 dV=51.3411 thr=1 om=0.631892 lt=3
[ACTIVE] [RED] LeadPredict dist=3318.18 dV=55.5595 thr=1 om=0.131355 lt=3
[ACTIVE] [RED] LeadPredict dist=2122.84 dV=62.8646 thr=1 om=0.094656 lt=3
[ACTIVE] [RED] LeadPredict dist=1222.66 dV=91.9304 thr=1 om=0.690544 lt=3
[ACTIVE] [RED] LeadPredict dist=734.203 dV=73.3077 thr=0.8 om=0.603254 lt=3
[ACTIVE] [RED] LeadPredict dist=494.34 dV=46.9169 thr=0.55 om=0.0948671 lt=2.81385
[ACTIVE] [RED] LeadPredict dist=362.272 dV=33.3357 thr=0.55 om=0.225456 lt=2.34345
[ACTIVE] [RED] LeadPredict dist=298.298 dV=22.0695 thr=0.615166 om=0.135758 lt=2.34567
[DUTY] team=1 ticks=1800 v27종말조준=0% v21뱅크예측=82.5556% v17궤도조건=52.1667% v17슬롯적용=42.8889% 상승클램프=0% 강하클램프=19% v23b조건=20.5% v23b실제적용=19.8889%
[ACTIVE] [RED] LeadPredict dist=300.982 dV=11.1119 thr=0.746657 om=0.295208 lt=3
[ACTIVE] [RED] LeadPredict dist=218.242 dV=-3.80685 thr=0.925682 om=0.438287 lt=2.75475
init ID:1 Lat37.92355643001773 Lon128.18188127777776 Alt(meter)7000.0785355893395 Speed(m/sec)300.0
init ID:1 Lat37.96855377446113 Lon128.18188127777776 Alt(meter)7002.8272734023885 Speed(m/sec)300.0
runner:local/env:0	num_steps=[11999] | total rewards=[205.2596] | termination= [max time out]
[seed 0] reward=   205.26 ownHP=1.0000 tgtHP=1.0000 max time out
total: 2
[ACTIVE] [RED] LeadPredict dist=4571.61 dV=-0.565887 thr=1 om=1.19622 lt=3
[ACTIVE] [RED] LeadPredict dist=2240.75 dV=-23.3041 thr=1 om=0.193663 lt=3
[ACTIVE] [RED] LeadPredict dist=1394.95 dV=-49.3862 thr=0.703537 om=1.18353 lt=3
[ACTIVE] [RED] LeadPredict dist=2913.47 dV=-28.6029 thr=1 om=0.621723 lt=3
[ACTIVE] [RED] LeadPredict dist=1793.97 dV=-17.2852 thr=0.558362 om=1.3573 lt=3
[ACTIVE] [RED] LeadPredict dist=1723.77 dV=4.62997 thr=0.654562 om=1.4438 lt=3
[ACTIVE] [RED] LeadPredict dist=1648.9 dV=33.1814 thr=1 om=2.33572 lt=3
[ACTIVE] [RED] LeadPredict dist=1028.75 dV=88.0721 thr=1 om=0.258707 lt=3
[DUTY] team=1 ticks=2400 v27종말조준=0% v21뱅크예측=83.7083% v17궤도조건=57.7917% v17슬롯적용=42.9167% 상승클램프=0% 강하클램프=18.7083% v23b조건=23.1667% v23b실제적용=22.7083%
[ACTIVE] [RED] LeadPredict dist=727.148 dV=30.9178 thr=0.628986 om=1.4311 lt=3
[ACTIVE] [RED] LeadPredict dist=748.45 dV=31.0207 thr=0.627751 om=1.31125 lt=3
[ACTIVE] [RED] LeadPredict dist=633.61 dV=28.0884 thr=0.662939 om=0.222458 lt=0
[ACTIVE] [RED] LeadPredict dist=504.657 dV=66.0541 thr=0.55 om=1.38947 lt=1.81294
[ACTIVE] [RED] LeadPredict dist=464.059 dV=54.1191 thr=0.55 om=0.616958 lt=2.24674
[ACTIVE] [RED] LeadPredict dist=272.517 dV=26.185 thr=0.56578 om=0.132339 lt=1.65801
[ACTIVE] [RED] LeadPredict dist=211.4 dV=4.99007 thr=0.820119 om=0.165789 lt=1.66978
[ACTIVE] [RED] LeadPredict dist=188.54 dV=-0.66877 thr=0.888025 om=0.314836 lt=1.5355
[ACTIVE] [RED] LeadPredict dist=207.795 dV=-2.16064 thr=0.905928 om=0.659791 lt=0.48366
[ACTIVE] [RED] LeadPredict dist=256.025 dV=-3.8583 thr=0.9263 om=0.317092 lt=3
[DUTY] team=1 ticks=3000 v27종말조준=4.96667% v21뱅크예측=84.0667% v17궤도조건=66.1333% v17슬롯적용=45.7667% 상승클램프=0% 강하클램프=16.8667% v23b조건=18.5333% v23b실제적용=18.1667%
[ACTIVE] [RED] LeadPredict dist=299.983 dV=-6.4305 thr=0.957166 om=0.527092 lt=3
[ACTIVE] [RED] LeadPredict dist=329.341 dV=-7.66516 thr=0.971982 om=0.467794 lt=3
[ACTIVE] [RED] LeadPredict dist=327.506 dV=-13.2211 thr=1 om=1.12803 lt=3
[ACTIVE] [RED] LeadPredict dist=353.846 dV=-5.09296 thr=0.941115 om=0.0699268 lt=3
[ACTIVE] [RED] LeadPredict dist=447.766 dV=1.85197 thr=0.977776 om=0.36173 lt=3
[ACTIVE] [RED] LeadPredict dist=505.091 dV=4.99007 thr=0.940119 om=0.442093 lt=3
[ACTIVE] [RED] LeadPredict dist=505.471 dV=3.80687 thr=0.954318 om=0.406318 lt=3
[ACTIVE] [RED] LeadPredict dist=480.802 dV=1.80054 thr=0.978393 om=0.319254 lt=0.326548
[ACTIVE] [RED] LeadPredict dist=451.379 dV=8.23103 thr=0.901228 om=0.029824 lt=2.28111
[ACTIVE] [RED] LeadPredict dist=426.747 dV=7.81949 thr=0.906166 om=0.550895 lt=3
[DUTY] team=1 ticks=3600 v27종말조준=7.58333% v21뱅크예측=76.1111% v17궤도조건=71.2222% v17슬롯적용=47.4444% 상승클램프=0% 강하클램프=14.0556% v23b조건=15.4444% v23b실제적용=15.1389%
[ACTIVE] [RED] LeadPredict dist=409.072 dV=7.45938 thr=0.910487 om=1.06092 lt=3
[ACTIVE] [RED] LeadPredict dist=333.677 dV=-17.1309 thr=1 om=1.40836 lt=3
[ACTIVE] [RED] LeadPredict dist=50.1176 dV=-37.2455 thr=1 om=1.20585 lt=0.446478
[ACTIVE] [RED] LeadPredict dist=97.2248 dV=0.874557 thr=0.710786 om=0.849604 lt=0.565843
[ACTIVE] [RED] LeadPredict dist=116.675 dV=19.5487 thr=0.55 om=0.383079 lt=0.618826
runner:local/env:0	num_steps=[11999] | total rewards=[712.8243] | termination= [max time out]
[seed 1] reward=   712.82 ownHP=1.0000 tgtHP=0.4789 max time out
total: 2
[ACTIVE] [RED] LeadPredict dist=2864.31 dV=12.2437 thr=1 om=1.28114 lt=3
[ACTIVE] [RED] LeadPredict dist=725.931 dV=81.2301 thr=0.55 om=1.31342 lt=2.22994
[ACTIVE] [RED] LeadPredict dist=3150.34 dV=131.079 thr=1 om=1.30908 lt=3
[ACTIVE] [RED] LeadPredict dist=3468.7 dV=112.714 thr=1 om=0.510877 lt=3
[ACTIVE] [RED] LeadPredict dist=1364.05 dV=31.0208 thr=0.673146 om=1.63168 lt=3
[DUTY] team=1 ticks=4200 v27종말조준=6.69048% v21뱅크예측=76.881% v17궤도조건=70.2143% v17슬롯적용=44.1429% 상승클램프=0% 강하클램프=16.5% v23b조건=15.5% v23b실제적용=14.6429%
[ACTIVE] [RED] LeadPredict dist=1618.88 dV=-4.01263 thr=0.789024 om=1.24782 lt=3
[ACTIVE] [RED] LeadPredict dist=1285.32 dV=4.11551 thr=0.682766 om=1.30186 lt=3
[ACTIVE] [RED] ClimbOut Z=3286.78
[ACTIVE] [RED] ClimbOut Z=2460.31
[ACTIVE] [RED] LeadPredict dist=1618.47 dV=58.9034 thr=0.774594 om=0.0697673 lt=3
[ACTIVE] [RED] LeadPredict dist=1339.8 dV=62.0415 thr=1 om=1.35636 lt=3
[ACTIVE] [RED] LeadPredict dist=918.051 dV=47.0198 thr=1 om=1.16498 lt=3
[ACTIVE] [RED] LeadPredict dist=816.592 dV=26.5451 thr=0.681459 om=1.26254 lt=3
[ACTIVE] [RED] LeadPredict dist=776.695 dV=41.5153 thr=0.55 om=2.00183 lt=3
[ACTIVE] [RED] LeadPredict dist=585.349 dV=64.768 thr=0.55 om=1.11464 lt=2.39242
[ACTIVE] [RED] LeadPredict dist=349.449 dV=53.9133 thr=0.55 om=0.957982 lt=0.55523
[ACTIVE] [RED] LeadPredict dist=125.767 dV=29.426 thr=0.55 om=0.352727 lt=0.836093
[DUTY] team=1 ticks=4800 v27종말조준=7.14583% v21뱅크예측=78.6667% v17궤도조건=73.9375% v17슬롯적용=50.1042% 상승클램프=0% 강하클램프=17.5833% v23b조건=17.75% v23b실제적용=17%
[ACTIVE] [RED] LeadPredict dist=32.7865 dV=8.5397 thr=0.597524 om=1.0238 lt=0.291149
[ACTIVE] [RED] LeadPredict dist=367.995 dV=-23.0469 thr=1 om=1.23481 lt=3
[ACTIVE] [RED] LeadPredict dist=752.439 dV=-26.1336 thr=1 om=1.08657 lt=3
[ACTIVE] [RED] LeadPredict dist=849.245 dV=20.629 thr=0.792 om=1.25617 lt=2.98182
[ACTIVE] [RED] LeadPredict dist=670.698 dV=76.0857 thr=0.55 om=1.16765 lt=2.48996
[ACTIVE] [RED] LeadPredict dist=311.032 dV=73.4106 thr=0.55 om=1.22139 lt=0.459642
[ACTIVE] [RED] LeadPredict dist=36.0226 dV=34.9819 thr=0.55 om=1.70238 lt=0.229734
[ACTIVE] [RED] Evade Z=5234.05
[ACTIVE] [RED] LeadPredict dist=261.23 dV=13.9413 thr=0.712704 om=0.341707 lt=1.78049
[ACTIVE] [RED] LeadPredict dist=70.8647 dV=-1.74908 thr=0.762494 om=1.36408 lt=0.476153
[ACTIVE] [RED] LeadPredict dist=190.762 dV=12.0893 thr=0.762985 om=0.972388 lt=1.03551
[DUTY] team=1 ticks=5400 v27종말조준=7.42593% v21뱅크예측=80.3333% v17궤도조건=76.7963% v17슬롯적용=48.9074% 상승클램프=0% 강하클램프=19.8519% v23b조건=15.7778% v23b실제적용=15.1111%
[ACTIVE] [RED] LeadPredict dist=253.472 dV=47.7915 thr=0.55 om=0.861062 lt=1.15824
[ACTIVE] [RED] LeadPredict dist=619.392 dV=53.0388 thr=0.55 om=1.1927 lt=3
[ACTIVE] [RED] LeadPredict dist=223.991 dV=-6.37904 thr=0.956549 om=1.48844 lt=1.538
[ACTIVE] [RED] LeadPredict dist=822.625 dV=-22.9955 thr=1 om=1.54864 lt=3
[ACTIVE] [RED] LeadPredict dist=1336.07 dV=-41.0009 thr=1 om=1.24954 lt=3
[ACTIVE] [RED] LeadPredict dist=1474.85 dV=13.9413 thr=1 om=1.28263 lt=3
[ACTIVE] [RED] LeadPredict dist=1028.84 dV=65.7454 thr=1 om=0.229568 lt=3
runner:local/env:0	num_steps=[11999] | total rewards=[498.8763] | termination= [max time out]
[seed 2] reward=   498.88 ownHP=1.0000 tgtHP=0.9999 max time out
total: 2
[ACTIVE] [RED] LeadPredict dist=4443.44 dV=4.06406 thr=1 om=0.763908 lt=3
[ACTIVE] [RED] LeadPredict dist=1832.36 dV=51.0324 thr=0.732834 om=1.00812 lt=3
[ACTIVE] [RED] LeadPredict dist=2107.3 dV=99.5441 thr=0.631168 om=1.45832 lt=3
[DUTY] team=1 ticks=6000 v27종말조준=6.83333% v21뱅크예측=80.0667% v17궤도조건=78.0167% v17슬롯적용=49.5667% 상승클램프=0% 강하클램프=22.95% v23b조건=15.5167% v23b실제적용=14.7833%
[ACTIVE] [RED] LeadPredict dist=2231.54 dV=84.471 thr=0.541746 om=1.85999 lt=3
[ACTIVE] [RED] LeadPredict dist=804.48 dV=31.741 thr=0.615207 om=1.21626 lt=2.29498
[ACTIVE] [RED] ClimbOut Z=2841.32
[ACTIVE] [RED] ClimbOut Z=2085.23
[ACTIVE] [RED] LeadPredict dist=1508.94 dV=19.1372 thr=0.92 om=0 lt=3
[ACTIVE] [RED] LeadPredict dist=1428.26 dV=34.4675 thr=1 om=1.30685 lt=3
[ACTIVE] [RED] LeadPredict dist=1049.15 dV=73.2562 thr=1 om=0.272255 lt=3
[ACTIVE] [RED] LeadPredict dist=590.53 dV=80.87 thr=0.655999 om=1.2179 lt=2.2785
[ACTIVE] [RED] LeadPredict dist=610.564 dV=48.5117 thr=0.55 om=1.71304 lt=2.54908
[ACTIVE] [RED] LeadPredict dist=485.468 dV=49.2834 thr=0.55 om=1.28807 lt=1.86979
[ACTIVE] [RED] LeadPredict dist=698.158 dV=36.8339 thr=0.557993 om=1.29139 lt=2.83858
[ACTIVE] [RED] LeadPredict dist=593.943 dV=58.5433 thr=0.55 om=0.883389 lt=2.82146
[DUTY] team=1 ticks=6600 v27종말조준=6.21212% v21뱅크예측=81.0455% v17궤도조건=79.4242% v17슬롯적용=53.303% 상승클램프=0% 강하클램프=22.8636% v23b조건=17.0758% v23b실제적용=16.2121%
[ACTIVE] [RED] LeadPredict dist=396.844 dV=26.9566 thr=0.661755 om=0.396902 lt=0.436535
[ACTIVE] [RED] LeadPredict dist=275.031 dV=15.1245 thr=0.698506 om=0.164773 lt=2.11146
[ACTIVE] [RED] LeadPredict dist=208.99 dV=7.20216 thr=0.793574 om=0.202883 lt=1.28084
[ACTIVE] [RED] LeadPredict dist=190.055 dV=0.56588 thr=0.873209 om=0.555222 lt=2.18715
[ACTIVE] [RED] LeadPredict dist=197.855 dV=-1.54332 thr=0.89852 om=0.465608 lt=3
[ACTIVE] [RED] LeadPredict dist=238.422 dV=-4.01263 thr=0.928152 om=0.135613 lt=3
[ACTIVE] [RED] LeadPredict dist=290.88 dV=-1.64621 thr=0.899754 om=0.166272 lt=3
[ACTIVE] [RED] LeadPredict dist=346.036 dV=13.5298 thr=0.723451 om=0.682338 lt=3
[ACTIVE] [RED] LeadPredict dist=459.81 dV=24.9503 thr=0.700596 om=1.64713 lt=3
[ACTIVE] [RED] Evade Z=7262.03
[ACTIVE] [RED] LeadPredict dist=530.755 dV=6.48193 thr=0.923477 om=1.84063 lt=2.7839
[DUTY] team=1 ticks=7200 v27종말조준=7.97222% v21뱅크예측=81.9861% v17궤도조건=79.75% v17슬롯적용=50.2639% 상승클램프=0% 강하클램프=20.9583% v23b조건=15.6528% v23b실제적용=14.8611%
[ACTIVE] [RED] LeadPredict dist=854.889 dV=42.5956 thr=0.55 om=0.620633 lt=3
[ACTIVE] [RED] LeadPredict dist=692.832 dV=37.2455 thr=0.824 om=0.673113 lt=3
[ACTIVE] [RED] LeadPredict dist=594.973 dV=21.4521 thr=0.742574 om=1.07296 lt=3
[ACTIVE] [RED] LeadPredict dist=683.986 dV=10.6489 thr=0.872213 om=0.827896 lt=3
[ACTIVE] [RED] LeadPredict dist=467.89 dV=21.1949 thr=0.745661 om=0.843366 lt=3
[ACTIVE] [RED] LeadPredict dist=1906.97 dV=54.0162 thr=1 om=0.955816 lt=3
[ACTIVE] [RED] LeadPredict dist=2820.85 dV=77.7833 thr=1 om=1.1394 lt=3
[ACTIVE] [RED] LeadPredict dist=2256.59 dV=51.8041 thr=1 om=1.44242 lt=3
[ACTIVE] [RED] LeadPredict dist=723.585 dV=-17.3366 thr=1 om=1.57125 lt=3
runner:local/env:0	num_steps=[11999] | total rewards=[444.1480] | termination= [max time out]
[seed 3] reward=   444.15 ownHP=1.0000 tgtHP=0.9372 max time out
total: 2
[ACTIVE] [RED] LeadPredict dist=2524.55 dV=9.5686 thr=1 om=1.73794 lt=3
[DUTY] team=1 ticks=7800 v27종말조준=7.35897% v21뱅크예측=82.5513% v17궤도조건=79.7308% v17슬롯적용=49.4103% 상승클램프=0% 강하클램프=20.7051% v23b조건=14.4487% v23b실제적용=13.7179%
[ACTIVE] [RED] Evade Z=7184.94
[ACTIVE] [RED] LeadPredict dist=988.031 dV=45.8366 thr=0.63 om=1.28641 lt=2.84997
[ACTIVE] [RED] LeadPredict dist=2895.51 dV=54.8907 thr=1 om=0.95323 lt=3
[ACTIVE] [RED] LeadPredict dist=2312.04 dV=13.4269 thr=0.72 om=0.178042 lt=3
[ACTIVE] [RED] LeadPredict dist=1468.86 dV=-46.2482 thr=0.831221 om=1.22173 lt=3
[ACTIVE] [RED] LeadPredict dist=2031.7 dV=-46.8655 thr=0.782027 om=1.36205 lt=3
[ACTIVE] [RED] ClimbOut Z=2683.59
[ACTIVE] [RED] LeadPredict dist=2229.85 dV=12.1922 thr=0.62767 om=1.28698 lt=3
[ACTIVE] [RED] LeadPredict dist=1636.8 dV=64.5622 thr=1 om=0.998179 lt=3
[ACTIVE] [RED] LeadPredict dist=1059.64 dV=89.6154 thr=0.838873 om=0.106486 lt=3
[ACTIVE] [RED] LeadPredict dist=608.341 dV=68.1119 thr=0.639999 om=1.29605 lt=2.3904
[ACTIVE] [RED] LeadPredict dist=596.54 dV=44.3447 thr=0.55 om=1.21835 lt=2.44898
[DUTY] team=1 ticks=8400 v27종말조준=6.83333% v21뱅크예측=83.5714% v17궤도조건=80.2857% v17슬롯적용=51.4048% 상승클램프=0% 강하클램프=21.119% v23b조건=16.5238% v23b실제적용=15.6071%
[ACTIVE] [RED] LeadPredict dist=408.356 dV=67.0315 thr=0.55 om=1.54307 lt=1.45729
[ACTIVE] [RED] LeadPredict dist=251.201 dV=14.0442 thr=0.711469 om=1.01661 lt=0.858324
[ACTIVE] [RED] LeadPredict dist=200.869 dV=35.7021 thr=0.55 om=1.57191 lt=0.65701
[ACTIVE] [RED] LeadPredict dist=677.924 dV=58.2346 thr=0.55 om=0.703366 lt=2.75056
[ACTIVE] [RED] LeadPredict dist=473.957 dV=33.4386 thr=0.598737 om=0.236036 lt=2.04092
[ACTIVE] [RED] LeadPredict dist=326.534 dV=13.4269 thr=0.718877 om=0.0847002 lt=1.01218
[ACTIVE] [RED] LeadPredict dist=279.046 dV=4.2184 thr=0.829379 om=0.0950777 lt=1.90861
[ACTIVE] [RED] LeadPredict dist=275.695 dV=0.10289 thr=0.878765 om=0.112113 lt=1.47641
[ACTIVE] [RED] LeadPredict dist=282.555 dV=-1.44044 thr=0.897285 om=0.138988 lt=2.17978
[ACTIVE] [RED] LeadPredict dist=290.363 dV=-0.925987 thr=0.891112 om=0.186577 lt=3
[DUTY] team=1 ticks=9000 v27종말조준=9.17778% v21뱅크예측=84.2778% v17궤도조건=81.6% v17슬롯적용=49.9667% 상승클램프=0% 강하클램프=21.2% v23b조건=16.4222% v23b실제적용=14.5667%
[ACTIVE] [RED] LeadPredict dist=301.276 dV=-0.720215 thr=0.888643 om=0.354024 lt=2.3821
[ACTIVE] [RED] LeadPredict dist=325.246 dV=-3.44675 thr=0.921361 om=0.628643 lt=3
[ACTIVE] [RED] LeadPredict dist=313.713 dV=-23.407 thr=1 om=0.999842 lt=3
[ACTIVE] [RED] LeadPredict dist=382.633 dV=-40.9494 thr=1 om=0.133401 lt=3
[ACTIVE] [RED] LeadPredict dist=599.98 dV=-19.0857 thr=1 om=0.267968 lt=3
[ACTIVE] [RED] LeadPredict dist=790.513 dV=5.86461 thr=0.929625 om=0.365506 lt=3
[ACTIVE] [RED] LeadPredict dist=894.365 dV=9.20848 thr=0.889498 om=0.72634 lt=3
[ACTIVE] [RED] LeadPredict dist=831.542 dV=3.60109 thr=0.956787 om=0.59956 lt=3
[ACTIVE] [RED] LeadPredict dist=858.023 dV=8.43682 thr=0.898758 om=0.0923861 lt=3
[ACTIVE] [RED] LeadPredict dist=875.307 dV=13.787 thr=0.834556 om=0.0986881 lt=3
[DUTY] team=1 ticks=9600 v27종말조준=9.38542% v21뱅크예측=83.4062% v17궤도조건=82.5312% v17슬롯적용=51.8021% 상승클램프=0% 강하클램프=19.875% v23b조건=15.3958% v23b실제적용=13.6562%
[ACTIVE] [RED] LeadPredict dist=855.679 dV=18.7771 thr=0.774675 om=0.111635 lt=3
runner:local/env:0	num_steps=[11999] | total rewards=[818.8577] | termination= [max time out]
[seed 4] reward=   818.86 ownHP=1.0000 tgtHP=0.9835 max time out
total: 2
[ACTIVE] [RED] LeadPredict dist=2642.48 dV=4.21841 thr=1 om=0 lt=3
[ACTIVE] [RED] LeadPredict dist=1949.45 dV=47.8943 thr=0.714469 om=0.928952 lt=3
[ACTIVE] [RED] LeadPredict dist=1256.81 dV=92.0847 thr=0.594 om=2.51097 lt=3
[ACTIVE] [RED] LeadPredict dist=1921.93 dV=103.865 thr=0.89958 om=1.3837 lt=3
[ACTIVE] [RED] LeadPredict dist=1592.21 dV=-5.29871 thr=0.747264 om=0.126453 lt=3
[ACTIVE] [RED] LeadPredict dist=1798.27 dV=-42.8014 thr=0.711626 om=0.949424 lt=3
[ACTIVE] [RED] ClimbOut Z=2658.75
[ACTIVE] [RED] LeadPredict dist=4009.74 dV=37.194 thr=0.994884 om=4.09402 lt=3
[ACTIVE] [RED] LeadPredict dist=5598.26 dV=80.2012 thr=1 om=1.75131 lt=3
[ACTIVE] [RED] LeadPredict dist=3285.51 dV=40.2807 thr=1 om=0.989785 lt=3
[DUTY] team=1 ticks=10200 v27종말조준=8.83333% v21뱅크예측=83.402% v17궤도조건=81.7255% v17슬롯적용=50.7745% 상승클램프=0% 강하클램프=20.6078% v23b조건=17.2941% v23b실제적용=15.6569%
[ACTIVE] [RED] LeadPredict dist=395.447 dV=18.2626 thr=0.660848 om=1.49594 lt=1.21514
[ACTIVE] [RED] ClimbOut Z=2827.85
[ACTIVE] [RED] ClimbOut Z=2197.69
[ACTIVE] [RED] LeadPredict dist=5299.54 dV=68.3177 thr=1 om=1.29424 lt=3
[ACTIVE] [RED] LeadPredict dist=6202.86 dV=95.0685 thr=1 om=0.204159 lt=3
[ACTIVE] [RED] LeadPredict dist=5439.74 dV=72.8961 thr=1 om=0.10467 lt=3
[ACTIVE] [RED] LeadPredict dist=4473.46 dV=84.4711 thr=1 om=0.100097 lt=3
[ACTIVE] [RED] LeadPredict dist=3560.32 dV=94.3483 thr=1 om=0.103188 lt=3
[ACTIVE] [RED] LeadPredict dist=2692.48 dV=100.11 thr=1 om=0.136762 lt=3
[ACTIVE] [RED] LeadPredict dist=1857.2 dV=96.9205 thr=1 om=0.190261 lt=3
[ACTIVE] [RED] LeadPredict dist=1171.04 dV=92.9593 thr=1 om=0.280899 lt=3
[ACTIVE] [RED] LeadPredict dist=725.041 dV=61.7328 thr=0.76 om=0.552617 lt=3
[DUTY] team=1 ticks=10800 v27종말조준=8.53704% v21뱅크예측=84.1481% v17궤도조건=79.4537% v17슬롯적용=49.9815% 상승클램프=0% 강하클램프=19.6759% v23b조건=16.8611% v23b실제적용=15.2685%
[ACTIVE] [RED] LeadPredict dist=562.738 dV=17.954 thr=0.784553 om=0.370124 lt=0.741066
[ACTIVE] [RED] LeadPredict dist=507.146 dV=8.79692 thr=0.894437 om=0.614416 lt=2.32571
[ACTIVE] [RED] LeadPredict dist=502.162 dV=9.36281 thr=0.887646 om=0.898274 lt=2.752
[ACTIVE] [RED] LeadPredict dist=610.811 dV=19.2401 thr=0.769119 om=1.0534 lt=2.89664
[ACTIVE] [RED] LeadPredict dist=806.398 dV=9.25992 thr=0.888881 om=1.48684 lt=3
[ACTIVE] [RED] LeadPredict dist=1139.67 dV=3.85831 thr=1 om=1.3937 lt=3
[ACTIVE] [RED] LeadPredict dist=961.781 dV=50.2093 thr=0.850461 om=2.79406 lt=3
[ACTIVE] [RED] LeadPredict dist=1013.88 dV=74.4395 thr=0.681017 om=1.60853 lt=3
[ACTIVE] [RED] LeadPredict dist=894.99 dV=49.1805 thr=0.55 om=1.42496 lt=2.61693
[ACTIVE] [RED] ClimbOut Z=2492.62
[ACTIVE] [RED] ClimbOut Z=1885.06
[ACTIVE] [RED] LeadPredict dist=1877.18 dV=86.2201 thr=0.704411 om=0.281611 lt=3
[DUTY] team=1 ticks=11400 v27종말조준=8.9386% v21뱅크예측=84.5789% v17궤도조건=80.4298% v17슬롯적용=52.2632% 상승클램프=0% 강하클램프=19.7368% v23b조건=17.5439% v23b실제적용=15.4825%
[ACTIVE] [RED] LeadPredict dist=1823.45 dV=76.9088 thr=1 om=1.47195 lt=3
[ACTIVE] [RED] LeadPredict dist=1204 dV=56.6913 thr=1 om=1.46273 lt=3
runner:local/env:0	num_steps=[11999] | total rewards=[289.4993] | termination= [max time out]
[seed 5] reward=   289.50 ownHP=1.0000 tgtHP=0.9391 max time out
total: 2
[ACTIVE] [RED] LeadPredict dist=2585.29 dV=13.0153 thr=1 om=1.19223 lt=3
[ACTIVE] [RED] LeadPredict dist=2593.8 dV=19.703 thr=0.86311 om=0.201666 lt=3
[ACTIVE] [RED] LeadPredict dist=4332.7 dV=43.4702 thr=1 om=1.05804 lt=3
[ACTIVE] [RED] LeadPredict dist=3377.23 dV=47.5857 thr=1 om=0.658317 lt=3
[ACTIVE] [RED] LeadPredict dist=1576.39 dV=-16.2049 thr=0.465878 om=0.0981727 lt=3
[ACTIVE] [RED] ClimbOut Z=2539.86
runner:local/env:0	num_steps=[1856] | total rewards=[-32.8288] | termination= [target altitude below min]
[seed 6] reward=   -32.83 ownHP=1.0000 tgtHP=1.0000 target altitude below min
total: 2
[ACTIVE] [RED] LeadPredict dist=1353.32 dV=12.0379 thr=0.963074 om=1.16853 lt=3
[ACTIVE] [RED] LeadPredict dist=1472.22 dV=19.2401 thr=0.764537 om=1.97114 lt=3
[ACTIVE] [RED] LeadPredict dist=2265.93 dV=24.0758 thr=0.652157 om=0.692404 lt=3
[DUTY] team=1 ticks=12000 v27종말조준=8.49167% v21뱅크예측=84.9833% v17궤도조건=79.9167% v17슬롯적용=52.975% 상승클램프=0% 강하클램프=20.425% v23b조건=18.9917% v23b실제적용=16.8083%
[ACTIVE] [RED] LeadPredict dist=1277.45 dV=5.91605 thr=0.606462 om=1.05608 lt=3
[ACTIVE] [RED] ClimbOut Z=2654.17
[ACTIVE] [RED] LeadPredict dist=4298.5 dV=53.6046 thr=1 om=1.39314 lt=3
[ACTIVE] [RED] LeadPredict dist=3909.71 dV=61.7842 thr=1 om=0.0737619 lt=3
[ACTIVE] [RED] LeadPredict dist=3112.37 dV=49.3348 thr=1 om=0.210574 lt=3
[ACTIVE] [RED] LeadPredict dist=2555.83 dV=54.4278 thr=1 om=0.1804 lt=3
[ACTIVE] [RED] LeadPredict dist=2059.39 dV=59.1606 thr=1 om=0.10763 lt=3
[ACTIVE] [RED] LeadPredict dist=1550.27 dV=82.9792 thr=1 om=0.868679 lt=3
[ACTIVE] [RED] LeadPredict dist=1029.99 dV=52.5243 thr=1 om=0.998856 lt=3
[ACTIVE] [RED] LeadPredict dist=873.697 dV=8.95126 thr=0.892585 om=0.496366 lt=3
[ACTIVE] [RED] LeadPredict dist=1058.71 dV=0.977448 thr=1 om=0.878632 lt=3
[DUTY] team=1 ticks=12600 v27종말조준=8.0873% v21뱅크예측=85.2302% v17궤도조건=79.0238% v17슬롯적용=53.3016% 상승클램프=0% 강하클램프=20.254% v23b조건=18.6746% v23b실제적용=16.5952%
[ACTIVE] [RED] LeadPredict dist=1055.4 dV=29.1173 thr=1 om=2.31221 lt=3
[ACTIVE] [RED] LeadPredict dist=825.607 dV=72.1759 thr=0.55 om=1.7929 lt=2.69997
[ACTIVE] [RED] LeadPredict dist=517.785 dV=87.6091 thr=0.55 om=1.33777 lt=1.54966
[ACTIVE] [RED] LeadPredict dist=310.994 dV=86.8889 thr=0.55 om=1.77969 lt=0.884978
[ACTIVE] [RED] ClimbOut Z=3122.69
[ACTIVE] [RED] ClimbOut Z=2317.38
[ACTIVE] [RED] LeadPredict dist=2069.27 dV=109.37 thr=0.71425 om=1.64921 lt=3
[ACTIVE] [RED] LeadPredict dist=1944.67 dV=99.0297 thr=1 om=0.332019 lt=3
[ACTIVE] [RED] LeadPredict dist=1386.4 dV=88.7409 thr=1 om=0.0863815 lt=3
[ACTIVE] [RED] LeadPredict dist=837.536 dV=92.4963 thr=0.936 om=1.06012 lt=3
[ACTIVE] [RED] LeadPredict dist=551.739 dV=60.0352 thr=0.55 om=1.56434 lt=2.69068
[ACTIVE] [RED] LeadPredict dist=410.338 dV=26.9566 thr=0.67652 om=1.14678 lt=1.70401
[DUTY] team=1 ticks=13200 v27종말조준=7.88636% v21뱅크예측=85.4621% v17궤도조건=79.9621% v17슬롯적용=54.7121% 상승클램프=0% 강하클램프=20.8106% v23b조건=19.7348% v23b실제적용=16.697%
[ACTIVE] [RED] LeadPredict dist=445.703 dV=22.8411 thr=0.725906 om=1.49567 lt=2.02996
[ACTIVE] [RED] LeadPredict dist=381.308 dV=37.3998 thr=0.55 om=1.06485 lt=1.4983
[ACTIVE] [RED] LeadPredict dist=271.172 dV=35.1877 thr=0.55 om=1.28847 lt=1.04962
[ACTIVE] [RED] LeadPredict dist=72.6681 dV=61.1155 thr=0.55 om=0.845931 lt=0.272749
[ACTIVE] [RED] LeadPredict dist=807.131 dV=95.3257 thr=0.55 om=0.580174 lt=3
[ACTIVE] [RED] LeadPredict dist=416.767 dV=37.7599 thr=0.55 om=0.975225 lt=2.17779
[ACTIVE] [RED] LeadPredict dist=636.907 dV=25.4133 thr=0.69504 om=1.00723 lt=3
[ACTIVE] [RED] LeadPredict dist=258.03 dV=7.97382 thr=0.808238 om=0.739557 lt=1.91368
[ACTIVE] [RED] LeadPredict dist=1504 dV=10.8032 thr=1 om=1.43011 lt=3
runner:local/env:0	num_steps=[11999] | total rewards=[355.0453] | termination= [max time out]
[seed 7] reward=   355.05 ownHP=1.0000 tgtHP=0.9910 max time out
total: 2
[ACTIVE] [RED] LeadPredict dist=1126.49 dV=18.7256 thr=0.767597 om=0.0733622 lt=3
[DUTY] team=1 ticks=13800 v27종말조준=7.73188% v21뱅크예측=85.5507% v17궤도조건=80.7174% v17슬롯적용=54.1594% 상승클램프=0% 강하클램프=21.8188% v23b조건=19.3116% v23b실제적용=16.4058%
[ACTIVE] [RED] LeadPredict dist=701.959 dV=-13.2726 thr=0.756666 om=0.167359 lt=2.2126
[ACTIVE] [RED] LeadPredict dist=959.463 dV=-59.4693 thr=0.780278 om=0.167118 lt=3
[ACTIVE] [RED] LeadPredict dist=864.033 dV=-63.6362 thr=0.726712 om=1.03414 lt=2.66428
[ACTIVE] [RED] LeadPredict dist=1412.35 dV=-58.7491 thr=1 om=1.81605 lt=3
[ACTIVE] [RED] LeadPredict dist=1185.6 dV=18.6742 thr=0.56 om=1.4416 lt=3
[ACTIVE] [RED] LeadPredict dist=1226.18 dV=37.2455 thr=0.782293 om=1.22468 lt=3
[ACTIVE] [RED] LeadPredict dist=947.486 dV=67.8546 thr=1 om=1.64943 lt=3
[ACTIVE] [RED] LeadPredict dist=611.766 dV=64.9738 thr=0.551999 om=1.08842 lt=2.53829
[ACTIVE] [RED] LeadPredict dist=487.752 dV=45.3222 thr=0.55 om=1.21447 lt=2.06608
[ACTIVE] [RED] LeadPredict dist=262.089 dV=75.8799 thr=0.55 om=1.98633 lt=0.952625
[DUTY] team=1 ticks=14400 v27종말조준=7.5% v21뱅크예측=85.9514% v17궤도조건=81.5069% v17슬롯적용=55.1875% 상승클램프=0% 강하클램프=22.2917% v23b조건=20.5556% v23b실제적용=17.7708%
[ACTIVE] [RED] LeadPredict dist=562.936 dV=85.1913 thr=0.55 om=1.33411 lt=1.85469
[ACTIVE] [RED] LeadPredict dist=1104.25 dV=83.3907 thr=0.839966 om=1.34708 lt=3
[ACTIVE] [RED] LeadPredict dist=932.977 dV=97.1777 thr=1 om=0.441321 lt=3
[ACTIVE] [RED] LeadPredict dist=456.212 dV=67.6488 thr=0.55 om=0.22423 lt=2.2115
[ACTIVE] [RED] LeadPredict dist=145.765 dV=39.8176 thr=0.55 om=0.129314 lt=0.868895
[ACTIVE] [RED] LeadPredict dist=165.262 dV=9.05415 thr=0.657892 om=1.07618 lt=1.3363
[ACTIVE] [RED] LeadPredict dist=484.32 dV=-15.9991 thr=1 om=1.10924 lt=3
[ACTIVE] [RED] LeadPredict dist=785.461 dV=-8.5397 thr=1 om=1.0215 lt=3
[ACTIVE] [RED] LeadPredict dist=752.48 dV=34.3646 thr=0.602618 om=1.65489 lt=3
[ACTIVE] [RED] LeadPredict dist=637.77 dV=19.1886 thr=0.772899 om=2.07579 lt=2.35244
[DUTY] team=1 ticks=15000 v27종말조준=7.60667% v21뱅크예측=86.36% v17궤도조건=82.24% v17슬롯적용=55.3267% 상승클램프=0% 강하클램프=22.8933% v23b조건=20.4667% v23b실제적용=17.3333%
[ACTIVE] [RED] ClimbOut Z=2840.32
[ACTIVE] [RED] LeadPredict dist=1036.86 dV=88.7409 thr=0.788587 om=1.49349 lt=3
[ACTIVE] [RED] LeadPredict dist=1515.81 dV=98.4638 thr=1 om=0.827448 lt=3
[ACTIVE] [RED] LeadPredict dist=1129.16 dV=66.7229 thr=1 om=0.134163 lt=3
[ACTIVE] [RED] LeadPredict dist=788.154 dV=45.9395 thr=0.808 om=1.74257 lt=3
[ACTIVE] [RED] LeadPredict dist=698.718 dV=30.4548 thr=0.634542 om=1.3271 lt=3
[ACTIVE] [RED] LeadPredict dist=621.135 dV=57.9259 thr=0.55 om=1.20856 lt=2.47469
[ACTIVE] [RED] LeadPredict dist=337.516 dV=57.3086 thr=0.55 om=1.19695 lt=0.186028
[ACTIVE] [RED] LeadPredict dist=77.0717 dV=35.7536 thr=0.55 om=0.243807 lt=0.437677
[ACTIVE] [RED] LeadPredict dist=152.604 dV=7.87094 thr=0.628758 om=1.21837 lt=1.14577
[ACTIVE] [RED] LeadPredict dist=393.386 dV=-9.36281 thr=0.992354 om=1.30745 lt=2.49084
[DUTY] team=1 ticks=15600 v27종말조준=7.94231% v21뱅크예측=85.8397% v17궤도조건=82.8974% v17슬롯적용=55.9359% 상승클램프=0% 강하클램프=22.891% v23b조건=20.1603% v23b실제적용=16.9872%
[ACTIVE] [RED] LeadPredict dist=513.454 dV=16.2049 thr=0.805542 om=0.85611 lt=0.766789
runner:local/env:0	num_steps=[11999] | total rewards=[747.1480] | termination= [max time out]
[seed 8] reward=   747.15 ownHP=1.0000 tgtHP=1.0000 max time out
total: 2
[ACTIVE] [RED] LeadPredict dist=2111.3 dV=9.51715 thr=0.803017 om=1.71271 lt=3
[ACTIVE] [RED] LeadPredict dist=2258 dV=36.5767 thr=0.72868 om=1.16547 lt=3
[ACTIVE] [RED] LeadPredict dist=2534.64 dV=51.5469 thr=1 om=1.23537 lt=3
[ACTIVE] [RED] LeadPredict dist=1764.29 dV=45.425 thr=0.560767 om=1.23411 lt=3
[ACTIVE] [RED] ClimbOut Z=3406.98
[ACTIVE] [RED] ClimbOut Z=2416.72
[ACTIVE] [RED] LeadPredict dist=3377.5 dV=113.074 thr=1 om=1.41026 lt=3
[ACTIVE] [RED] LeadPredict dist=2963.54 dV=92.6506 thr=1 om=1.52072 lt=3
[ACTIVE] [RED] LeadPredict dist=1614.66 dV=19.8059 thr=1 om=1.27287 lt=3
[ACTIVE] [RED] LeadPredict dist=1319.44 dV=-13.4783 thr=1 om=1.30822 lt=3
[ACTIVE] [RED] ClimbOut Z=2835.17
[ACTIVE] [RED] ClimbOut Z=2136.32
[ACTIVE] [RED] LeadPredict dist=886.824 dV=35.1363 thr=0.578365 om=1.27549 lt=2.64356
[DUTY] team=1 ticks=16200 v27종말조준=7.80864% v21뱅크예측=85.784% v17궤도조건=82.4136% v17슬롯적용=56.4321% 상승클램프=0% 강하클램프=24.3272% v23b조건=20.8457% v23b실제적용=17.6728%
[ACTIVE] [RED] LeadPredict dist=1216.42 dV=31.1751 thr=1 om=0.130924 lt=3
[ACTIVE] [RED] LeadPredict dist=954.361 dV=54.8393 thr=1 om=0.192444 lt=3
[ACTIVE] [RED] LeadPredict dist=762.723 dV=33.1814 thr=0.623999 om=0.631602 lt=3
[ACTIVE] [RED] LeadPredict dist=679.418 dV=19.1886 thr=0.769737 om=1.20046 lt=3
[ACTIVE] [RED] LeadPredict dist=686.468 dV=23.0469 thr=0.723437 om=1.09924 lt=2.95025
[ACTIVE] [RED] LeadPredict dist=618.165 dV=21.7608 thr=0.73887 om=1.70375 lt=2.37993
[ACTIVE] [RED] ClimbOut Z=2461.6
[ACTIVE] [RED] LeadPredict dist=868.807 dV=91.2617 thr=0.55 om=6.5004 lt=2.74207
[ACTIVE] [RED] LeadPredict dist=1307.6 dV=84.5739 thr=1 om=1.13173 lt=3
[ACTIVE] [RED] LeadPredict dist=968.585 dV=75.314 thr=1 om=1.49389 lt=3
[ACTIVE] [RED] LeadPredict dist=586.923 dV=63.842 thr=0.591999 om=0.181171 lt=2.74849
[DUTY] team=1 ticks=16800 v27종말조준=7.72619% v21뱅크예측=85.8036% v17궤도조건=83.0119% v17슬롯적용=57.9583% 상승클램프=0% 강하클램프=24.0298% v23b조건=20.7798% v23b실제적용=17.5833%
[ACTIVE] [RED] LeadPredict dist=519.52 dV=20.0117 thr=0.759859 om=0.171174 lt=3
[ACTIVE] [RED] LeadPredict dist=427.507 dV=7.09927 thr=0.914809 om=0.109427 lt=1.58426
[ACTIVE] [RED] LeadPredict dist=385.519 dV=7.51083 thr=0.78987 om=0.0787181 lt=1.96658
[ACTIVE] [RED] LeadPredict dist=351.628 dV=3.49818 thr=0.838022 om=0.0701842 lt=1.46712
[ACTIVE] [RED] LeadPredict dist=322.283 dV=4.78429 thr=0.822589 om=0.076271 lt=1.28125
[ACTIVE] [RED] LeadPredict dist=287.764 dV=6.07039 thr=0.807155 om=0.0875207 lt=0.835239
[ACTIVE] [RED] LeadPredict dist=246.88 dV=7.30505 thr=0.792339 om=0.0934291 lt=0.533537
[ACTIVE] [RED] LeadPredict dist=202.368 dV=7.40793 thr=0.791105 om=0.0899341 lt=0.239357
[ACTIVE] [RED] LeadPredict dist=157.817 dV=7.61371 thr=0.788635 om=0.0754622 lt=0.062799
[ACTIVE] [RED] LeadPredict dist=127.088 dV=9.0027 thr=0.591968 om=0.943963 lt=0.682623
[DUTY] team=1 ticks=17400 v27종말조준=10.1724% v21뱅크예측=86.2816% v17궤도조건=83.5862% v17슬롯적용=56.8391% 상승클램프=0% 강하클램프=23.2011% v23b조건=20.0632% v23b실제적용=16.977%
[ACTIVE] [RED] LeadPredict dist=450.087 dV=3.90974 thr=0.953083 om=1.10933 lt=2.52498
[ACTIVE] [RED] LeadPredict dist=630.153 dV=25.5677 thr=0.693188 om=0.885177 lt=2.9403
runner:local/env:0	num_steps=[11999] | total rewards=[922.1636] | termination= [max time out]
[seed 9] reward=   922.16 ownHP=1.0000 tgtHP=1.0000 max time out
total: 2
[ACTIVE] [RED] LeadPredict dist=769.86 dV=4.26984 thr=0.817447 om=1.68102 lt=2.54118
[ACTIVE] [RED] LeadPredict dist=2616.59 dV=11.009 thr=0.873386 om=0.175335 lt=3
[ACTIVE] [RED] LeadPredict dist=3669.39 dV=-19.8574 thr=1 om=0.135121 lt=3
[ACTIVE] [RED] LeadPredict dist=3466.64 dV=-57.1028 thr=1 om=0.136496 lt=3
[ACTIVE] [RED] LeadPredict dist=3762.37 dV=-71.4043 thr=1 om=0.945766 lt=3
runner:local/env:0	num_steps=[1836] | total rewards=[-44.4339] | termination= [target altitude below min]
[seed 10] reward=   -44.43 ownHP=1.0000 tgtHP=1.0000 target altitude below min
total: 2
[ACTIVE] [RED] LeadPredict dist=2384.19 dV=5.35019 thr=0.834719 om=1.01566 lt=3
[ACTIVE] [RED] LeadPredict dist=2177.59 dV=9.87726 thr=0.863579 om=1.6051 lt=3
[ACTIVE] [RED] LeadPredict dist=693.866 dV=-10.0316 thr=1 om=1.69814 lt=2.47619
[DUTY] team=1 ticks=18000 v27종말조준=9.83333% v21뱅크예측=86.45% v17궤도조건=82.6556% v17슬롯적용=56.0722% 상승클램프=0% 강하클램프=24.5333% v23b조건=20.2611% v23b실제적용=17.2778%
[ACTIVE] [RED] LeadPredict dist=1696.08 dV=-36.6796 thr=1 om=1.2442 lt=3
[ACTIVE] [RED] LeadPredict dist=2581.04 dV=-55.4052 thr=1 om=1.20285 lt=3
[ACTIVE] [RED] LeadPredict dist=3464.57 dV=-94.2454 thr=1 om=0.147559 lt=3
[ACTIVE] [RED] LeadPredict dist=4263.93 dV=-108.29 thr=1 om=0.834797 lt=3
runner:local/env:0	num_steps=[2526] | total rewards=[-55.2600] | termination= [target altitude below min]
[seed 11] reward=   -55.26 ownHP=1.0000 tgtHP=1.0000 target altitude below min
total: 2
[ACTIVE] [RED] LeadPredict dist=3747.47 dV=7.2536 thr=1 om=1.07916 lt=3
[ACTIVE] [RED] LeadPredict dist=4707.88 dV=26.3908 thr=1 om=1.50888 lt=3
[ACTIVE] [RED] LeadPredict dist=3939.52 dV=33.9016 thr=1 om=1.27056 lt=3
[ACTIVE] [RED] LeadPredict dist=2240.84 dV=38.8402 thr=0.732615 om=1.45543 lt=3
[ACTIVE] [RED] LeadPredict dist=1505.18 dV=7.81949 thr=0.84893 om=1.30868 lt=3
[ACTIVE] [RED] LeadPredict dist=1501.94 dV=18.0568 thr=1 om=1.9874 lt=3
[DUTY] team=1 ticks=18600 v27종말조준=9.51613% v21뱅크예측=86.5968% v17궤도조건=81.3065% v17슬롯적용=55.4624% 상승클램프=0% 강하클램프=25.1022% v23b조건=20.0376% v23b실제적용=17.1505%
[ACTIVE] [RED] LeadPredict dist=1267.67 dV=57.463 thr=1 om=1.65395 lt=3
[ACTIVE] [RED] LeadPredict dist=881.513 dV=67.2373 thr=0.952 om=1.71149 lt=2.09837
[ACTIVE] [RED] LeadPredict dist=432.756 dV=65.231 thr=0.434832 om=0.837815 lt=1.10121
[ACTIVE] [RED] ClimbOut Z=2916.23
[ACTIVE] [RED] ClimbOut Z=2143.59
[ACTIVE] [RED] Evade Z=2068.36
[ACTIVE] [RED] LeadPredict dist=968.547 dV=60.5496 thr=0.562297 om=1.63342 lt=2.66826
[ACTIVE] [RED] LeadPredict dist=722.559 dV=21.5036 thr=0.741957 om=1.24489 lt=2.50769
[ACTIVE] [RED] LeadPredict dist=1572.43 dV=0.668777 thr=1 om=1.62737 lt=3
[ACTIVE] [RED] LeadPredict dist=3332 dV=-54.0162 thr=1 om=1.82303 lt=3
[ACTIVE] [RED] LeadPredict dist=3059.14 dV=-27.6254 thr=1 om=1.63113 lt=3
[ACTIVE] [RED] LeadPredict dist=421.066 dV=130.462 thr=0.592 om=2.16427 lt=1.34488
[ACTIVE] [RED] LeadPredict dist=2911.79 dV=165.032 thr=1 om=0.128497 lt=3
[DUTY] team=1 ticks=19200 v27종말조준=9.41667% v21뱅크예측=86.6927% v17궤도조건=81.2448% v17슬롯적용=55.1562% 상승클램프=0% 강하클램프=25.7448% v23b조건=20.4323% v23b실제적용=17.4844%
[ACTIVE] [RED] LeadPredict dist=3688.69 dV=144.146 thr=1 om=0.157718 lt=3
[ACTIVE] [RED] LeadPredict dist=2666.57 dV=112.765 thr=1 om=0.196054 lt=3
[ACTIVE] [RED] LeadPredict dist=1474.89 dV=101.448 thr=1 om=0.23998 lt=3
[ACTIVE] [RED] LeadPredict dist=819.496 dV=73.462 thr=0.904 om=1.3068 lt=3
[ACTIVE] [RED] LeadPredict dist=856.348 dV=5.65884 thr=0.932094 om=1.14628 lt=3
[ACTIVE] [RED] LeadPredict dist=1219.46 dV=13.1182 thr=1 om=1.04005 lt=3
[ACTIVE] [RED] LeadPredict dist=1077.83 dV=50.5694 thr=1 om=1.0855 lt=3
[ACTIVE] [RED] LeadPredict dist=742.405 dV=79.1723 thr=0.55 om=1.31213 lt=2.44682
[ACTIVE] [RED] LeadPredict dist=745.236 dV=43.8303 thr=0.55 om=1.77874 lt=2.58178
[ACTIVE] [RED] LeadPredict dist=1263.17 dV=37.2455 thr=0.807608 om=1.6388 lt=3
[DUTY] team=1 ticks=19800 v27종말조준=9.13131% v21뱅크예측=86.9848% v17궤도조건=81.1717% v17슬롯적용=55.8737% 상승클램프=0% 강하클램프=25.8636% v23b조건=20.4444% v23b실제적용=17.1364%
[ACTIVE] [RED] ClimbOut Z=2720.37
[ACTIVE] [RED] ClimbOut Z=2041.26
[ACTIVE] [RED] LeadPredict dist=3764.04 dV=133.549 thr=1 om=1.05218 lt=3
[ACTIVE] [RED] LeadPredict dist=2821.11 dV=96.9719 thr=1 om=0.124137 lt=3
[ACTIVE] [RED] LeadPredict dist=1491.7 dV=94.9142 thr=1 om=1.01127 lt=3
[ACTIVE] [RED] LeadPredict dist=839.71 dV=94.8627 thr=0.936 om=1.06904 lt=3
[ACTIVE] [RED] LeadPredict dist=507.193 dV=55.7139 thr=0.55 om=0.888785 lt=2.65244
runner:local/env:0	num_steps=[11999] | total rewards=[342.3900] | termination= [max time out]
[seed 12] reward=   342.39 ownHP=1.0000 tgtHP=1.0000 max time out
total: 2
[ACTIVE] [RED] LeadPredict dist=4127.9 dV=6.17328 thr=1 om=1.81514 lt=3
[ACTIVE] [RED] LeadPredict dist=3541.54 dV=-21.6065 thr=1 om=0.187933 lt=3
[ACTIVE] [RED] LeadPredict dist=3593.67 dV=-42.6985 thr=1 om=0.161465 lt=3
[ACTIVE] [RED] LeadPredict dist=4175.95 dV=-57.4115 thr=1 om=0.151226 lt=3
[ACTIVE] [RED] LeadPredict dist=5212.82 dV=-49.3348 thr=1 om=1.61059 lt=3
[DUTY] team=1 ticks=20400 v27종말조준=8.86275% v21뱅크예측=87.2549% v17궤도조건=79.8186% v17슬롯적용=55.2647% 상승클램프=0% 강하클램프=26.4216% v23b조건=19.902% v23b실제적용=16.6912%
[ACTIVE] [RED] LeadPredict dist=4348.35 dV=34.879 thr=1 om=1.13314 lt=3
[ACTIVE] [RED] LeadPredict dist=1276.71 dV=116.366 thr=1 om=0.965972 lt=2.91353
[ACTIVE] [RED] LeadPredict dist=2460.93 dV=149.599 thr=0.391104 om=1.89939 lt=3
[ACTIVE] [RED] LeadPredict dist=3536.21 dV=103.094 thr=1 om=0.425842 lt=3
[ACTIVE] [RED] LeadPredict dist=2631.36 dV=77.2689 thr=1 om=0.733499 lt=3
[ACTIVE] [RED] LeadPredict dist=1673.5 dV=84.5739 thr=1 om=1.64083 lt=3
[ACTIVE] [RED] LeadPredict dist=1042.35 dV=88.9467 thr=1 om=0.288968 lt=3
[ACTIVE] [RED] LeadPredict dist=674.339 dV=48.4088 thr=0.631999 om=1.13641 lt=3
[ACTIVE] [RED] LeadPredict dist=884.511 dV=7.76805 thr=0.906783 om=1.02375 lt=3
[ACTIVE] [RED] LeadPredict dist=1068.67 dV=30.2491 thr=1 om=1.6554 lt=3
[DUTY] team=1 ticks=21000 v27종말조준=8.64286% v21뱅크예측=87.5143% v17궤도조건=79.3095% v17슬롯적용=55.2762% 상승클램프=0% 강하클램프=26.6952% v23b조건=19.6048% v23b실제적용=16.4857%
[ACTIVE] [RED] LeadPredict dist=834.752 dV=68.2662 thr=0.84 om=0.936042 lt=3
[ACTIVE] [RED] LeadPredict dist=902.762 dV=67.3402 thr=0.55 om=1.70961 lt=3
[ACTIVE] [RED] LeadPredict dist=1147.8 dV=61.4241 thr=0.822475 om=1.39765 lt=3
[ACTIVE] [RED] LeadPredict dist=1075.65 dV=88.8438 thr=0.692386 om=0.477906 lt=3
[ACTIVE] [RED] LeadPredict dist=1355.34 dV=32.8213 thr=0.615207 om=1.38598 lt=3
[ACTIVE] [RED] LeadPredict dist=1129.23 dV=3.90976 thr=1 om=1.30749 lt=3
[ACTIVE] [RED] LeadPredict dist=993.453 dV=39.8177 thr=0.760601 om=1.23901 lt=3
[ACTIVE] [RED] LeadPredict dist=741.392 dV=41.2581 thr=0.55 om=2.00653 lt=1.96479
[ACTIVE] [RED] LeadPredict dist=528.5 dV=36.8854 thr=0.557376 om=1.25475 lt=2.34205
[ACTIVE] [RED] LeadPredict dist=454.116 dV=40.7437 thr=0.55 om=1.79595 lt=1.94307
[DUTY] team=1 ticks=21600 v27종말조준=8.61574% v21뱅크예측=87.6296% v17궤도조건=79.8796% v17슬롯적용=56.2778% 상승클램프=0% 강하클램프=26.5602% v23b조건=20.3148% v23b실제적용=17.2083%
[ACTIVE] [RED] LeadPredict dist=478.907 dV=47.6886 thr=0.55 om=1.3279 lt=1.82786
[ACTIVE] [RED] LeadPredict dist=870.892 dV=47.2256 thr=0.55 om=0.688351 lt=3
[ACTIVE] [RED] LeadPredict dist=740.072 dV=45.0135 thr=0.55 om=0.948355 lt=3
[ACTIVE] [RED] LeadPredict dist=574.537 dV=26.5451 thr=0.681459 om=0.0538078 lt=3
[ACTIVE] [RED] LeadPredict dist=573.228 dV=6.37906 thr=0.923451 om=0.0835402 lt=2.64644
[ACTIVE] [RED] LeadPredict dist=528.853 dV=11.7292 thr=0.859249 om=0.0861818 lt=2.05127
[ACTIVE] [RED] LeadPredict dist=463.917 dV=10.3402 thr=0.875917 om=0.0943415 lt=2.27614
[ACTIVE] [RED] LeadPredict dist=396.257 dV=11.3177 thr=0.83157 om=0.106599 lt=1.86078
runner:local/env:0	num_steps=[11999] | total rewards=[660.5368] | termination= [max time out]
[seed 13] reward=   660.54 ownHP=1.0000 tgtHP=0.9451 max time out
total: 2
[ACTIVE] [RED] LeadPredict dist=5477.85 dV=5.9675 thr=1 om=1.27751 lt=3
[ACTIVE] [RED] LeadPredict dist=4610.28 dV=22.1724 thr=1 om=0.0202234 lt=3
[DUTY] team=1 ticks=22200 v27종말조준=9.65315% v21뱅크예측=87.8423% v17궤도조건=80.0766% v17슬롯적용=57.0631% 상승클램프=0% 강하클램프=26.4189% v23b조건=19.7658% v23b실제적용=16.7432%
[ACTIVE] [RED] LeadPredict dist=3193.68 dV=12.0379 thr=1 om=0.213971 lt=3
[ACTIVE] [RED] LeadPredict dist=2461.14 dV=2.82941 thr=0.76 om=0.181125 lt=3
[ACTIVE] [RED] LeadPredict dist=2248.02 dV=18.1597 thr=0.478559 om=1.27227 lt=3
[ACTIVE] [RED] LeadPredict dist=2234.87 dV=20.7834 thr=0.452542 om=1.44327 lt=3
[ACTIVE] [RED] LeadPredict dist=1766.2 dV=36.0108 thr=1 om=1.47644 lt=3
[ACTIVE] [RED] LeadPredict dist=1098.87 dV=63.2247 thr=0.52491 om=1.25357 lt=2.95566
[ACTIVE] [RED] LeadPredict dist=706.591 dV=85.0369 thr=0.55 om=1.48856 lt=2.35554
[ACTIVE] [RED] LeadPredict dist=435.421 dV=41.2066 thr=0.55 om=2.02923 lt=0.938879
[ACTIVE] [RED] LeadPredict dist=195.785 dV=41.5668 thr=0.55 om=1.34182 lt=0.800617
[ACTIVE] [RED] LeadPredict dist=357.638 dV=36.0623 thr=0.55 om=1.03212 lt=1.44172
[DUTY] team=1 ticks=22800 v27종말조준=9.67544% v21뱅크예측=88.0307% v17궤도조건=80.0965% v17슬롯적용=57.3246% 상승클램프=0% 강하클램프=27.4518% v23b조건=20.1886% v23b실제적용=17.1623%
[ACTIVE] [RED] LeadPredict dist=245.674 dV=62.6588 thr=0.55 om=0.978507 lt=0.932182
[ACTIVE] [RED] LeadPredict dist=210.07 dV=30.0433 thr=0.55 om=1.67107 lt=0.971329
[ACTIVE] [RED] Evade Z=4858.14
[ACTIVE] [RED] LeadPredict dist=473.793 dV=33.6958 thr=0.59565 om=0.293155 lt=2.67963
[ACTIVE] [RED] LeadPredict dist=1044.13 dV=18.5713 thr=1 om=0.279484 lt=3
[ACTIVE] [RED] LeadPredict dist=690.076 dV=13.4269 thr=0.84 om=0.287646 lt=3
[ACTIVE] [RED] LeadPredict dist=879.693 dV=31.9982 thr=0.616022 om=1.17908 lt=3
[ACTIVE] [RED] LeadPredict dist=759.038 dV=13.9928 thr=0.904 om=1.256 lt=3
[ACTIVE] [RED] LeadPredict dist=1118.24 dV=-29.5289 thr=1 om=1.22293 lt=3
[ACTIVE] [RED] LeadPredict dist=2317.32 dV=-20.4747 thr=1 om=1.1577 lt=3
[ACTIVE] [RED] LeadPredict dist=1284.43 dV=57.9774 thr=1 om=0.959248 lt=3
[DUTY] team=1 ticks=23400 v27종말조준=9.42735% v21뱅크예측=87.9188% v17궤도조건=80.6068% v17슬롯적용=56.8462% 상승클램프=0% 강하클램프=27.5128% v23b조건=19.6709% v23b실제적용=16.7222%
[ACTIVE] [RED] LeadPredict dist=969.336 dV=117.807 thr=0.729999 om=0.685132 lt=3
[ACTIVE] [RED] LeadPredict dist=1915.17 dV=144.403 thr=1 om=1.27316 lt=3
[ACTIVE] [RED] LeadPredict dist=1676.17 dV=128.456 thr=1 om=1.2046 lt=3
[ACTIVE] [RED] LeadPredict dist=760.662 dV=114.874 thr=0.896 om=0.279303 lt=3
[ACTIVE] [RED] LeadPredict dist=637.515 dV=39.9205 thr=0.55 om=0.25774 lt=3
[ACTIVE] [RED] LeadPredict dist=610.996 dV=15.6904 thr=0.811715 om=1.51508 lt=3
[ACTIVE] [RED] LeadPredict dist=507.518 dV=30.5577 thr=0.633307 om=1.98879 lt=2.27681
[ACTIVE] [RED] LeadPredict dist=305.314 dV=59.1606 thr=0.55 om=2.1183 lt=1.18295
[ACTIVE] [RED] LeadPredict dist=432.158 dV=40.0234 thr=0.55 om=1.45031 lt=1.56902
[ACTIVE] [RED] LeadPredict dist=570.978 dV=50.6209 thr=0.55 om=1.34881 lt=2.28516
[DUTY] team=1 ticks=24000 v27종말조준=9.31667% v21뱅크예측=87.8042% v17궤도조건=81.0917% v17슬롯적용=57.5333% 상승클램프=0% 강하클램프=27.5583% v23b조건=19.2875% v23b실제적용=16.4125%
[ACTIVE] [RED] LeadPredict dist=399.841 dV=29.0144 thr=0.635802 om=0.327467 lt=1.15728
runner:local/env:0	num_steps=[11999] | total rewards=[356.5762] | termination= [max time out]
[seed 14] reward=   356.58 ownHP=1.0000 tgtHP=1.0000 max time out
Remove Space Complete.

[rehearsal own_rep=6 tgt_rep=6 seeds=15]
SUMMARY dealt=0.7253 taken=0.0000 mean_reward=414.72
tacview log saved (last episode)

########## dtfix_orbit vs STRAIGHT ##########


     JSBSim Flight Dynamics Model v1.0.0 May 27 2026 16:13:38
            [JSBSim-ML v2.0]

JSBSim startup beginning ...

total: 2
Behavior Tree Initialized Successfully
[ACTIVE] [RED] LeadPredict dist=3888.84 dV=-3.7554 thr=1 om=0.0119635 lt=3
[ACTIVE] [RED] LeadPredict dist=3552.71 dV=11.935 thr=1 om=0.00489946 lt=3
[ACTIVE] [RED] LeadPredict dist=4138.85 dV=17.028 thr=1 om=0.00594438 lt=3
[ACTIVE] [RED] LeadPredict dist=5052.93 dV=-15.9991 thr=1 om=0.00446436 lt=3
[ACTIVE] [RED] LeadPredict dist=5237.67 dV=-55.4566 thr=1 om=0.00307419 lt=3
[ACTIVE] [RED] LeadPredict dist=5332.99 dV=-48.9232 thr=1 om=0.00248219 lt=3
[ACTIVE] [RED] LeadPredict dist=5486.85 dV=-39.7148 thr=1 om=0.00203723 lt=3
[ACTIVE] [RED] LeadPredict dist=5655.25 dV=-32.4612 thr=1 om=0.00169465 lt=3
[ACTIVE] [RED] LeadPredict dist=5803.35 dV=-27.8312 thr=1 om=0.00146258 lt=3
[ACTIVE] [RED] LeadPredict dist=5926.15 dV=-14.1471 thr=1 om=0.00127093 lt=3
[DUTY] team=1 ticks=600 v27종말조준=0% v21뱅크예측=0% v17궤도조건=0% v17슬롯적용=0% 상승클램프=0% 강하클램프=0% v23b조건=0% v23b실제적용=0%
[ACTIVE] [RED] LeadPredict dist=5987.55 dV=-8.74548 thr=1 om=0.00110378 lt=3
[ACTIVE] [RED] LeadPredict dist=6010.22 dV=2.05774 thr=1 om=0.000939818 lt=3
[ACTIVE] [RED] LeadPredict dist=5972.79 dV=7.81949 thr=1 om=0.000859398 lt=3
[ACTIVE] [RED] LeadPredict dist=5887.53 dV=17.0794 thr=1 om=0.000703471 lt=3
[ACTIVE] [RED] LeadPredict dist=5758.21 dV=28.3456 thr=1 om=0.000750944 lt=3
[ACTIVE] [RED] LeadPredict dist=5590.25 dV=35.5478 thr=1 om=0.00055866 lt=3
[ACTIVE] [RED] LeadPredict dist=5387.52 dV=40.1778 thr=1 om=0.000559112 lt=3
[ACTIVE] [RED] LeadPredict dist=5157.5 dV=41.7725 thr=1 om=0.00049352 lt=3
[ACTIVE] [RED] LeadPredict dist=4913.99 dV=34.9305 thr=1 om=0.00043618 lt=3
[ACTIVE] [RED] LeadPredict dist=4678.96 dV=42.1841 thr=1 om=0.000509214 lt=3
[DUTY] team=1 ticks=1200 v27종말조준=0% v21뱅크예측=0% v17궤도조건=0% v17슬롯적용=0% 상승클램프=0% 강하클램프=0% v23b조건=0% v23b실제적용=0%
[ACTIVE] [RED] LeadPredict dist=4460.95 dV=36.5767 thr=1 om=0.000509214 lt=3
[ACTIVE] [RED] LeadPredict dist=4222.63 dV=35.0848 thr=1 om=0.000469105 lt=3
[ACTIVE] [RED] LeadPredict dist=4007.01 dV=43.6245 thr=1 om=0.000470342 lt=3
[ACTIVE] [RED] LeadPredict dist=3784.15 dV=34.2102 thr=1 om=0.000445393 lt=3
[ACTIVE] [RED] LeadPredict dist=3551.15 dV=37.9657 thr=1 om=0.000444087 lt=3
[ACTIVE] [RED] LeadPredict dist=3343.17 dV=40.898 thr=1 om=0.000445393 lt=3
[ACTIVE] [RED] LeadPredict dist=3112.2 dV=33.3357 thr=1 om=0.000445393 lt=3
[ACTIVE] [RED] LeadPredict dist=2883.58 dV=39.972 thr=1 om=0.000444087 lt=3
[ACTIVE] [RED] LeadPredict dist=2672.55 dV=37.5027 thr=1 om=0.000445393 lt=3
[ACTIVE] [RED] LeadPredict dist=2436.03 dV=33.5415 thr=1 om=0.000348875 lt=3
[DUTY] team=1 ticks=1800 v27종말조준=0% v21뱅크예측=0% v17궤도조건=0% v17슬롯적용=0% 상승클램프=0% 강하클램프=0% v23b조건=0% v23b실제적용=0%
[ACTIVE] [RED] LeadPredict dist=2212.29 dV=43.6245 thr=1 om=0.000348875 lt=3
[ACTIVE] [RED] LeadPredict dist=1991.47 dV=36.4223 thr=1 om=0.000360916 lt=3
[ACTIVE] [RED] LeadPredict dist=1752.14 dV=35.9079 thr=1 om=0.000359624 lt=3
init ID:1 Lat37.92355643001773 Lon128.18188127777776 Alt(meter)7000.0785355893395 Speed(m/sec)300.0
init ID:1 Lat37.96855377446113 Lon128.18188127777776 Alt(meter)7002.8272734023885 Speed(m/sec)300.0
runner:local/env:0	num_steps=[11999] | total rewards=[8.2021] | termination= [max time out]
[seed 0] reward=     8.20 ownHP=1.0000 tgtHP=1.0000 max time out
total: 2
[ACTIVE] [RED] LeadPredict dist=4053.44 dV=-4.32132 thr=1 om=0.0242641 lt=3
[ACTIVE] [RED] LeadPredict dist=1600.3 dV=-10.7518 thr=1 om=0.00231055 lt=3
[ACTIVE] [RED] LeadPredict dist=2751.33 dV=-24.4359 thr=0.894203 om=0.00629296 lt=3
[ACTIVE] [RED] LeadPredict dist=5642.79 dV=-21.0406 thr=1 om=0.00516711 lt=3
[ACTIVE] [RED] LeadPredict dist=6982.23 dV=-29.8375 thr=1 om=0.00342124 lt=3
[ACTIVE] [RED] LeadPredict dist=7119.54 dV=-49.9521 thr=1 om=0.00264114 lt=3
[ACTIVE] [RED] LeadPredict dist=7275.05 dV=-42.1326 thr=1 om=0.0022096 lt=3
[DUTY] team=1 ticks=2400 v27종말조준=0% v21뱅크예측=0% v17궤도조건=0% v17슬롯적용=0% 상승클램프=0% 강하클램프=0% v23b조건=2.25% v23b실제적용=2.25%
[ACTIVE] [RED] LeadPredict dist=7445.5 dV=-39.6633 thr=1 om=0.00177986 lt=3
[ACTIVE] [RED] LeadPredict dist=7607.4 dV=-28.2428 thr=1 om=0.00163039 lt=3
[ACTIVE] [RED] LeadPredict dist=7695.17 dV=-18.3655 thr=1 om=0.00135469 lt=3
[ACTIVE] [RED] LeadPredict dist=7764.57 dV=-10.4946 thr=1 om=0.00113463 lt=3
[ACTIVE] [RED] LeadPredict dist=7774.76 dV=-2.10922 thr=1 om=0.000975266 lt=3
[ACTIVE] [RED] LeadPredict dist=7758.78 dV=10.5974 thr=1 om=0.000898025 lt=3
[ACTIVE] [RED] LeadPredict dist=7681.72 dV=13.3755 thr=1 om=0.000823498 lt=3
[ACTIVE] [RED] LeadPredict dist=7569.86 dV=18.417 thr=1 om=0.000629182 lt=3
[ACTIVE] [RED] LeadPredict dist=7426.09 dV=25.4648 thr=1 om=0.000681847 lt=3
[ACTIVE] [RED] LeadPredict dist=7254.35 dV=34.1074 thr=1 om=0.000493519 lt=3
[DUTY] team=1 ticks=3000 v27종말조준=0% v21뱅크예측=0% v17궤도조건=0% v17슬롯적용=0% 상승클램프=0% 강하클램프=0% v23b조건=1.8% v23b실제적용=1.8%
[ACTIVE] [RED] LeadPredict dist=7053.55 dV=39.3547 thr=1 om=0.000558073 lt=3
[ACTIVE] [RED] LeadPredict dist=6831.85 dV=43.6245 thr=1 om=0.000559113 lt=3
[ACTIVE] [RED] LeadPredict dist=6607.13 dV=33.1814 thr=1 om=0.000436181 lt=3
[ACTIVE] [RED] LeadPredict dist=6381.55 dV=37.6056 thr=1 om=0.000436181 lt=3
[ACTIVE] [RED] LeadPredict dist=6183.67 dV=35.0848 thr=1 om=0.000390097 lt=3
[ACTIVE] [RED] LeadPredict dist=5962.17 dV=30.9178 thr=1 om=0.000390097 lt=3
[ACTIVE] [RED] LeadPredict dist=5756.09 dV=41.2066 thr=1 om=0.000390097 lt=3
[ACTIVE] [RED] LeadPredict dist=5550.45 dV=32.4097 thr=1 om=0.000359624 lt=3
[ACTIVE] [RED] LeadPredict dist=5327.21 dV=35.6507 thr=1 om=0.000359624 lt=3
[ACTIVE] [RED] LeadPredict dist=5130.28 dV=39.3032 thr=1 om=0.000360916 lt=3
[DUTY] team=1 ticks=3600 v27종말조준=0% v21뱅크예측=0% v17궤도조건=0% v17슬롯적용=0% 상승클램프=0% 강하클램프=0% v23b조건=1.5% v23b실제적용=1.5%
[ACTIVE] [RED] LeadPredict dist=4908.35 dV=31.7409 thr=1 om=0.000359624 lt=3
[ACTIVE] [RED] LeadPredict dist=4687.92 dV=39.509 thr=1 om=0.000359624 lt=3
[ACTIVE] [RED] LeadPredict dist=4481.52 dV=36.1651 thr=1 om=0.000350207 lt=3
[ACTIVE] [RED] LeadPredict dist=4250.37 dV=33.4386 thr=1 om=0.000435428 lt=3
[ACTIVE] [RED] LeadPredict dist=4034.45 dV=43.5731 thr=1 om=0.000445393 lt=3
[ACTIVE] [RED] LeadPredict dist=3814.22 dV=34.9305 thr=1 om=0.00043676 lt=3
runner:local/env:0	num_steps=[11999] | total rewards=[-119.9900] | termination= [max time out]
[seed 1] reward=  -119.99 ownHP=1.0000 tgtHP=1.0000 max time out
total: 2
[ACTIVE] [RED] LeadPredict dist=3857.57 dV=0.102905 thr=1 om=0.0416277 lt=3
[ACTIVE] [RED] LeadPredict dist=1314.43 dV=-3.85828 thr=0.749669 om=0.00282624 lt=3
[ACTIVE] [RED] LeadPredict dist=2685.69 dV=1.08032 thr=0.844182 om=0.0060315 lt=3
[ACTIVE] [RED] LeadPredict dist=3855.61 dV=1.64621 thr=1 om=0.00560212 lt=3
[DUTY] team=1 ticks=4200 v27종말조준=0% v21뱅크예측=0% v17궤도조건=0% v17슬롯적용=0% 상승클램프=0% 강하클램프=2.21429% v23b조건=3.38095% v23b실제적용=3.38095%
[ACTIVE] [RED] LeadPredict dist=3816 dV=-17.9025 thr=1 om=0.00385555 lt=3
[ACTIVE] [RED] LeadPredict dist=3796.33 dV=-16.9251 thr=1 om=0.00281424 lt=3
[ACTIVE] [RED] LeadPredict dist=3812.24 dV=-10.8547 thr=1 om=0.0022956 lt=3
[ACTIVE] [RED] LeadPredict dist=3824.91 dV=1.08032 thr=1 om=0.00195131 lt=3
[ACTIVE] [RED] LeadPredict dist=3792.79 dV=5.29874 thr=1 om=0.00169437 lt=3
[ACTIVE] [RED] LeadPredict dist=3725 dV=18.5713 thr=1 om=0.00135469 lt=3
[ACTIVE] [RED] LeadPredict dist=3599 dV=23.7671 thr=1 om=0.0011869 lt=3
[ACTIVE] [RED] LeadPredict dist=3436.57 dV=31.1751 thr=1 om=0.00102136 lt=3
[ACTIVE] [RED] LeadPredict dist=3224.84 dV=40.0234 thr=1 om=0.000939819 lt=3
[ACTIVE] [RED] LeadPredict dist=2947.34 dV=54.3249 thr=1 om=0.000859398 lt=3
[DUTY] team=1 ticks=4800 v27종말조준=0% v21뱅크예측=0% v17궤도조건=0% v17슬롯적용=0% 상승클램프=0% 강하클램프=1.9375% v23b조건=2.95833% v23b실제적용=2.95833%
[ACTIVE] [RED] LeadPredict dist=2618.86 dV=61.9386 thr=1 om=0.000750944 lt=3
[ACTIVE] [RED] LeadPredict dist=2266.58 dV=65.1795 thr=1 om=0.000629182 lt=3
[ACTIVE] [RED] LeadPredict dist=1917.67 dV=53.7075 thr=1 om=0.000617371 lt=3
[ACTIVE] [RED] LeadPredict dist=1576.32 dV=55.4566 thr=1 om=0.000493519 lt=3
[ACTIVE] [RED] LeadPredict dist=1272.56 dV=57.1029 thr=1 om=0.000558073 lt=2.45041
[ACTIVE] [RED] LeadPredict dist=949.037 dV=58.6976 thr=1 om=0.000509213 lt=1.81289
[ACTIVE] [RED] LeadPredict dist=648.253 dV=47.0198 thr=0.567999 om=0.000470341 lt=0.530072
runner:local/env:0	num_steps=[7476] | total rewards=[365.9781] | termination= [target destroyed]
[seed 2] reward=   365.98 ownHP=1.0000 tgtHP=-0.0072 target destroyed
total: 2
[ACTIVE] [RED] LeadPredict dist=3761.53 dV=-0.41153 thr=1 om=0.0284523 lt=3
[ACTIVE] [RED] LeadPredict dist=1826.08 dV=2.36642 thr=0.70463 om=0.00121555 lt=3
[ACTIVE] [RED] LeadPredict dist=2930.85 dV=16.7707 thr=1 om=0.00638002 lt=3
[DUTY] team=1 ticks=5400 v27종말조준=1.48148% v21뱅크예측=0% v17궤도조건=0% v17슬롯적용=0% 상승클램프=0% 강하클램프=4.09259% v23b조건=3.96296% v23b실제적용=3.96296%
[ACTIVE] [RED] LeadPredict dist=3785.3 dV=14.4557 thr=1 om=0.00525407 lt=3
[ACTIVE] [RED] LeadPredict dist=3675.77 dV=-6.79059 thr=1 om=0.0035949 lt=3
[ACTIVE] [RED] LeadPredict dist=3637.44 dV=-4.32132 thr=1 om=0.00264114 lt=3
[ACTIVE] [RED] LeadPredict dist=3613.93 dV=6.48193 thr=1 om=0.00229559 lt=3
[ACTIVE] [RED] LeadPredict dist=3571.13 dV=6.12183 thr=1 om=0.00186551 lt=3
[ACTIVE] [RED] LeadPredict dist=3498.19 dV=13.7356 thr=1 om=0.001524 lt=3
[ACTIVE] [RED] LeadPredict dist=3398.04 dV=24.9503 thr=1 om=0.00127057 lt=3
[ACTIVE] [RED] LeadPredict dist=3250.99 dV=27.0596 thr=1 om=0.00121564 lt=3
[ACTIVE] [RED] LeadPredict dist=3063.69 dV=32.6155 thr=1 om=0.00102136 lt=3
[ACTIVE] [RED] LeadPredict dist=2843.2 dV=37.2455 thr=1 om=0.00085994 lt=3
[DUTY] team=1 ticks=6000 v27종말조준=1.33333% v21뱅크예측=0% v17궤도조건=0% v17슬롯적용=0% 상승클램프=0% 강하클램프=3.68333% v23b조건=3.56667% v23b실제적용=3.56667%
[ACTIVE] [RED] LeadPredict dist=2593.19 dV=42.6985 thr=1 om=0.000823497 lt=3
[ACTIVE] [RED] LeadPredict dist=2324.51 dV=47.0198 thr=1 om=0.000750944 lt=3
[ACTIVE] [RED] LeadPredict dist=2075.87 dV=42.287 thr=1 om=0.000629182 lt=3
[ACTIVE] [RED] LeadPredict dist=1814.28 dV=37.8628 thr=1 om=0.00061737 lt=3
[ACTIVE] [RED] LeadPredict dist=1575.77 dV=46.6597 thr=1 om=0.000559112 lt=3
[ACTIVE] [RED] LeadPredict dist=1313.18 dV=49.0776 thr=1 om=0.00049352 lt=2.5652
[ACTIVE] [RED] LeadPredict dist=1063.11 dV=40.4864 thr=1 om=0.00043618 lt=2.10164
[ACTIVE] [RED] LeadPredict dist=798.412 dV=45.9395 thr=0.792 om=0.000470341 lt=0.175744
runner:local/env:0	num_steps=[7651] | total rewards=[404.4130] | termination= [target destroyed]
[seed 3] reward=   404.41 ownHP=1.0000 tgtHP=-0.0058 target destroyed
total: 2
[ACTIVE] [RED] LeadPredict dist=3237.94 dV=3.13809 thr=1 om=0.0453795 lt=3
[ACTIVE] [RED] LeadPredict dist=1227.59 dV=6.07037 thr=1 om=0.00342122 lt=3
[DUTY] team=1 ticks=6600 v27종말조준=2.24242% v21뱅크예측=0% v17궤도조건=0% v17슬롯적용=0% 상승클램프=0% 강하클램프=4.28788% v23b조건=3.24242% v23b실제적용=3.24242%
[ACTIVE] [RED] LeadPredict dist=2101.3 dV=16.3592 thr=0.587878 om=0.00612415 lt=3
[ACTIVE] [RED] LeadPredict dist=3246.76 dV=5.0415 thr=1 om=0.00550894 lt=3
[ACTIVE] [RED] LeadPredict dist=2774.92 dV=-31.4323 thr=1 om=0.00376865 lt=3
[ACTIVE] [RED] LeadPredict dist=2620.98 dV=-40.7951 thr=1 om=0.00290101 lt=3
[ACTIVE] [RED] LeadPredict dist=2736.7 dV=-36.0623 thr=1 om=0.0022956 lt=3
[ACTIVE] [RED] LeadPredict dist=2885.28 dV=-25.6191 thr=1 om=0.00186576 lt=3
[ACTIVE] [RED] LeadPredict dist=2983.94 dV=-7.71661 thr=1 om=0.00160908 lt=3
[ACTIVE] [RED] LeadPredict dist=3021.68 dV=-4.42416 thr=1 om=0.00146298 lt=3
[ACTIVE] [RED] LeadPredict dist=3012.02 dV=3.85831 thr=1 om=0.0011869 lt=3
[ACTIVE] [RED] LeadPredict dist=2956.65 dV=15.9476 thr=1 om=0.00102182 lt=3
[DUTY] team=1 ticks=7200 v27종말조준=2.05556% v21뱅크예측=0% v17궤도조건=0% v17슬롯적용=0% 상승클램프=0% 강하클램프=3.93056% v23b조건=3.84722% v23b실제적용=3.84722%
[ACTIVE] [RED] LeadPredict dist=2857.59 dV=22.5839 thr=1 om=0.000859399 lt=3
[ACTIVE] [RED] LeadPredict dist=2712.85 dV=26.4422 thr=1 om=0.000780451 lt=3
[ACTIVE] [RED] LeadPredict dist=2532.23 dV=31.278 thr=1 om=0.000703471 lt=3
[ACTIVE] [RED] LeadPredict dist=2322.98 dV=35.8565 thr=1 om=0.000616428 lt=3
[ACTIVE] [RED] LeadPredict dist=2091.35 dV=34.3132 thr=1 om=0.000558659 lt=3
[ACTIVE] [RED] LeadPredict dist=1881.78 dV=42.3899 thr=1 om=0.000558073 lt=3
[ACTIVE] [RED] LeadPredict dist=1644.54 dV=45.4765 thr=1 om=0.000509213 lt=3
[ACTIVE] [RED] LeadPredict dist=1410.29 dV=36.4738 thr=1 om=0.000509213 lt=2.81285
[ACTIVE] [RED] LeadPredict dist=1170.51 dV=36.3709 thr=1 om=0.00043618 lt=2.3246
[ACTIVE] [RED] LeadPredict dist=956.411 dV=42.5442 thr=1 om=0.000390097 lt=1.86904
[DUTY] team=1 ticks=7800 v27종말조준=1.89744% v21뱅크예측=0% v17궤도조건=0% v17슬롯적용=0% 상승클램프=0% 강하클램프=3.62821% v23b조건=3.55128% v23b실제적용=3.55128%
[ACTIVE] [RED] LeadPredict dist=701.856 dV=43.7788 thr=0.591999 om=0.000391289 lt=0
runner:local/env:0	num_steps=[8174] | total rewards=[470.6544] | termination= [target destroyed]
[seed 4] reward=   470.65 ownHP=1.0000 tgtHP=-0.0021 target destroyed
total: 2
[ACTIVE] [RED] LeadPredict dist=2439.2 dV=6.48196 thr=0.762787 om=0.0249621 lt=3
[ACTIVE] [RED] LeadPredict dist=1036.36 dV=11.6778 thr=0.658716 om=0.0021394 lt=3
[ACTIVE] [RED] LeadPredict dist=1155.31 dV=-4.57852 thr=0.658716 om=0.00629294 lt=3
[ACTIVE] [RED] LeadPredict dist=1661.99 dV=-37.657 thr=0.738956 om=0.00516054 lt=3
[ACTIVE] [RED] LeadPredict dist=1324.7 dV=-56.8971 thr=0.765192 om=0.00350806 lt=3
[ACTIVE] [RED] LeadPredict dist=1520.32 dV=-54.8907 thr=1 om=0.00272766 lt=3
[ACTIVE] [RED] LeadPredict dist=1796.01 dV=-45.7852 thr=1 om=0.00220959 lt=3
[ACTIVE] [RED] LeadPredict dist=2021.18 dV=-33.6444 thr=1 om=0.00186551 lt=3
[ACTIVE] [RED] LeadPredict dist=2188.61 dV=-19.8574 thr=1 om=0.001524 lt=3
[DUTY] team=1 ticks=8400 v27종말조준=2.61905% v21뱅크예측=0% v17궤도조건=0% v17슬롯적용=0% 상승클램프=0% 강하클램프=4.35714% v23b조건=6.42857% v23b실제적용=6.42857%
[ACTIVE] [RED] LeadPredict dist=2271.92 dV=-10.1345 thr=1 om=0.00137994 lt=3
[ACTIVE] [RED] LeadPredict dist=2294.88 dV=0.771667 thr=1 om=0.0011869 lt=3
[ACTIVE] [RED] LeadPredict dist=2267.23 dV=13.7356 thr=1 om=0.00102136 lt=3
[ACTIVE] [RED] LeadPredict dist=2184.33 dV=17.491 thr=1 om=0.000859399 lt=3
[ACTIVE] [RED] LeadPredict dist=2056.6 dV=23.3041 thr=1 om=0.000780451 lt=3
[ACTIVE] [RED] LeadPredict dist=1892.36 dV=28.9115 thr=1 om=0.000750944 lt=3
[ACTIVE] [RED] LeadPredict dist=1698.32 dV=29.7861 thr=1 om=0.000629922 lt=3
[ACTIVE] [RED] LeadPredict dist=1526.78 dV=36.8339 thr=1 om=0.00061737 lt=3
[ACTIVE] [RED] LeadPredict dist=1316.92 dV=40.1778 thr=1 om=0.00049352 lt=2.63121
[ACTIVE] [RED] LeadPredict dist=1096.59 dV=31.4837 thr=1 om=0.00043618 lt=2.21721
[DUTY] team=1 ticks=9000 v27종말조준=2.44444% v21뱅크예측=0% v17궤도조건=0% v17슬롯적용=0% 상승클램프=0% 강하클램프=4.06667% v23b조건=6% v23b실제적용=6%
[ACTIVE] [RED] LeadPredict dist=879.82 dV=36.8853 thr=0.92 om=0.000508072 lt=0
[ACTIVE] [RED] LeadPredict dist=659.403 dV=34.0045 thr=0.591946 om=0.000509214 lt=0
runner:local/env:0	num_steps=[7630] | total rewards=[736.8905] | termination= [target destroyed]
[seed 5] reward=   736.89 ownHP=1.0000 tgtHP=-0.0001 target destroyed
total: 2
[ACTIVE] [RED] LeadPredict dist=2320.14 dV=1.95486 thr=0.796676 om=0.0342104 lt=3
[ACTIVE] [RED] LeadPredict dist=2926.5 dV=6.9964 thr=1 om=0.000750803 lt=3
[ACTIVE] [RED] LeadPredict dist=4742.34 dV=24.0758 thr=1 om=0.00621122 lt=3
[ACTIVE] [RED] LeadPredict dist=5213.99 dV=2.62363 thr=1 om=0.00533469 lt=3
[ACTIVE] [RED] LeadPredict dist=5086.94 dV=-10.0316 thr=1 om=0.00368176 lt=3
[ACTIVE] [RED] LeadPredict dist=5063.83 dV=-9.00272 thr=1 om=0.00272767 lt=3
[ACTIVE] [RED] LeadPredict dist=5069.13 dV=-1.5433 thr=1 om=0.0022956 lt=3
[ACTIVE] [RED] LeadPredict dist=5030.66 dV=3.39532 thr=1 om=0.00186576 lt=3
[DUTY] team=1 ticks=9600 v27종말조준=3.36458% v21뱅크예측=0% v17궤도조건=0% v17슬롯적용=0% 상승클램프=0% 강하클램프=4.52083% v23b조건=6.17708% v23b실제적용=6.17708%
[ACTIVE] [RED] LeadPredict dist=4982.04 dV=9.77435 thr=1 om=0.00160907 lt=3
[ACTIVE] [RED] LeadPredict dist=4890.25 dV=23.7671 thr=1 om=0.00135469 lt=3
[ACTIVE] [RED] LeadPredict dist=4751.68 dV=25.6191 thr=1 om=0.00110378 lt=3
[ACTIVE] [RED] LeadPredict dist=4567.19 dV=32.0496 thr=1 om=0.00105462 lt=3
[ACTIVE] [RED] LeadPredict dist=4348.82 dV=36.9883 thr=1 om=0.000898671 lt=3
[ACTIVE] [RED] LeadPredict dist=4103.7 dV=43.8817 thr=1 om=0.000822792 lt=3
[ACTIVE] [RED] LeadPredict dist=3834.67 dV=48.6146 thr=1 om=0.000703471 lt=3
[ACTIVE] [RED] LeadPredict dist=3582.22 dV=40.898 thr=1 om=0.000680996 lt=3
[ACTIVE] [RED] LeadPredict dist=3315.87 dV=43.5731 thr=1 om=0.000558659 lt=3
[ACTIVE] [RED] LeadPredict dist=3031.76 dV=44.5505 thr=1 om=0.00061737 lt=3
[DUTY] team=1 ticks=10200 v27종말조준=3.16667% v21뱅크예측=0% v17궤도조건=0% v17슬롯적용=0% 상승클램프=0% 강하클램프=4.2549% v23b조건=5.81373% v23b실제적용=5.81373%
[ACTIVE] [RED] LeadPredict dist=2777.2 dV=49.9007 thr=1 om=0.000559112 lt=3
[ACTIVE] [RED] LeadPredict dist=2512.14 dV=39.4061 thr=1 om=0.00043618 lt=3
[ACTIVE] [RED] LeadPredict dist=2251.22 dV=43.676 thr=1 om=0.00043618 lt=3
[ACTIVE] [RED] LeadPredict dist=2016.63 dV=42.7499 thr=1 om=0.000390097 lt=3
[ACTIVE] [RED] LeadPredict dist=1764.43 dV=36.0108 thr=1 om=0.000391289 lt=3
[ACTIVE] [RED] LeadPredict dist=1521.24 dV=42.4413 thr=1 om=0.000390097 lt=2.95264
[ACTIVE] [RED] LeadPredict dist=1297.91 dV=39.1489 thr=1 om=0.000390097 lt=2.52827
[ACTIVE] [RED] LeadPredict dist=1056.16 dV=33.6958 thr=1 om=0.000360916 lt=2.07397
[ACTIVE] [RED] LeadPredict dist=834.475 dV=34.6733 thr=0.84 om=0.000359624 lt=0
[ACTIVE] [RED] LeadPredict dist=651.703 dV=26.3908 thr=0.683311 om=0.000359624 lt=0
[DUTY] team=1 ticks=10800 v27종말조준=3.73148% v21뱅크예측=0% v17궤도조건=0% v17슬롯적용=0% 상승클램프=0% 강하클램프=4.01852% v23b조건=5.49074% v23b실제적용=5.49074%
runner:local/env:0	num_steps=[10003] | total rewards=[445.9273] | termination= [target destroyed]
[seed 6] reward=   445.93 ownHP=1.0000 tgtHP=-0.0027 target destroyed
total: 2
[ACTIVE] [RED] LeadPredict dist=1463.87 dV=-3.03519 thr=0.803235 om=0.0249621 lt=3
[ACTIVE] [RED] LeadPredict dist=555.513 dV=-21.6579 thr=0.800393 om=0.0021394 lt=1.80969
[ACTIVE] [RED] LeadPredict dist=1006.17 dV=-39.6633 thr=0.807827 om=0.00629294 lt=3
[ACTIVE] [RED] LeadPredict dist=1081.69 dV=-37.2969 thr=1 om=0.00516054 lt=3
[ACTIVE] [RED] LeadPredict dist=1255.23 dV=-27.6254 thr=1 om=0.00350806 lt=3
[ACTIVE] [RED] LeadPredict dist=1395.46 dV=-18.7256 thr=1 om=0.00272766 lt=3
[ACTIVE] [RED] LeadPredict dist=1473.69 dV=-9.00272 thr=1 om=0.00220959 lt=3
[ACTIVE] [RED] LeadPredict dist=1497.42 dV=1.64621 thr=1 om=0.00186551 lt=3
[ACTIVE] [RED] LeadPredict dist=1458.54 dV=10.7518 thr=1 om=0.001524 lt=3
[ACTIVE] [RED] LeadPredict dist=1367.22 dV=19.9088 thr=1 om=0.00137994 lt=3
[DUTY] team=1 ticks=11400 v27종말조준=3.7193% v21뱅크예측=0% v17궤도조건=0.0175439% v17슬롯적용=0.0175439% 상승클램프=0% 강하클램프=3.80702% v23b조건=6.78947% v23b실제적용=6.78947%
[ACTIVE] [RED] LeadPredict dist=1224.72 dV=27.6769 thr=1 om=0.0011869 lt=2.68973
[ACTIVE] [RED] LeadPredict dist=1034.84 dV=35.3935 thr=1 om=0.00102136 lt=2.20448
[ACTIVE] [RED] LeadPredict dist=804.767 dV=40.1778 thr=0.776 om=0.000859399 lt=0
[ACTIVE] [RED] LeadPredict dist=586.602 dV=34.6218 thr=0.584538 om=0.000780451 lt=0
runner:local/env:0	num_steps=[4971] | total rewards=[737.8671] | termination= [target destroyed]
[seed 7] reward=   737.87 ownHP=1.0000 tgtHP=-0.0048 target destroyed
total: 2
[ACTIVE] [RED] LeadPredict dist=1157.57 dV=-0.565887 thr=0.777655 om=0.0184185 lt=3
[ACTIVE] [RED] LeadPredict dist=747.066 dV=-9.87723 thr=0.736551 om=0.00386448 lt=2.32017
[ACTIVE] [RED] LeadPredict dist=1302.56 dV=-35.5992 thr=0.779185 om=0.00611863 lt=3
[ACTIVE] [RED] LeadPredict dist=861.248 dV=-51.2897 thr=0.786182 om=0.00481233 lt=2.77544
[ACTIVE] [RED] LeadPredict dist=1021.13 dV=-50.4666 thr=1 om=0.00316091 lt=3
[ACTIVE] [RED] LeadPredict dist=1273.6 dV=-38.8402 thr=1 om=0.00255466 lt=3
[DUTY] team=1 ticks=12000 v27종말조준=4.35% v21뱅크예측=0% v17궤도조건=0.0333333% v17슬롯적용=0.0166667% 상승클램프=0% 강하클램프=3.775% v23b조건=8.41667% v23b실제적용=8.41667%
[ACTIVE] [RED] LeadPredict dist=1464.62 dV=-27.3168 thr=1 om=0.00203723 lt=3
[ACTIVE] [RED] LeadPredict dist=1586.55 dV=-15.2789 thr=1 om=0.00177986 lt=3
[ACTIVE] [RED] LeadPredict dist=1650.16 dV=-4.93863 thr=1 om=0.001524 lt=3
[ACTIVE] [RED] LeadPredict dist=1645.9 dV=5.55594 thr=1 om=0.00137994 lt=3
[ACTIVE] [RED] LeadPredict dist=1585.85 dV=14.7644 thr=1 om=0.00110379 lt=3
[ACTIVE] [RED] LeadPredict dist=1471.25 dV=23.2527 thr=1 om=0.000939818 lt=3
[ACTIVE] [RED] LeadPredict dist=1308.02 dV=31.3294 thr=1 om=0.000859398 lt=2.77003
[ACTIVE] [RED] LeadPredict dist=1098.69 dV=38.6859 thr=1 om=0.000781047 lt=2.26721
[ACTIVE] [RED] LeadPredict dist=847.294 dV=45.2193 thr=0.872 om=0.000681847 lt=0
[ACTIVE] [RED] LeadPredict dist=574.045 dV=41.6182 thr=0.55 om=0.000629183 lt=0
[DUTY] team=1 ticks=12600 v27종말조준=4.74603% v21뱅크예측=0% v17궤도조건=0.031746% v17슬롯적용=0.015873% 상승클램프=0% 강하클램프=3.59524% v23b조건=8.01587% v23b실제적용=8.01587%
runner:local/env:0	num_steps=[5696] | total rewards=[738.9506] | termination= [target destroyed]
[seed 8] reward=   738.95 ownHP=1.0000 tgtHP=-0.0051 target destroyed
total: 2
[ACTIVE] [RED] LeadPredict dist=1624.08 dV=-2.98376 thr=0.773501 om=0.0119635 lt=3
[ACTIVE] [RED] LeadPredict dist=3291.88 dV=7.40793 thr=1 om=0.00489946 lt=3
[ACTIVE] [RED] LeadPredict dist=4319.61 dV=10.1859 thr=1 om=0.00594438 lt=3
[ACTIVE] [RED] LeadPredict dist=4253.76 dV=-7.20218 thr=1 om=0.00446436 lt=3
[ACTIVE] [RED] LeadPredict dist=4194.55 dV=-4.26987 thr=1 om=0.00307419 lt=3
[ACTIVE] [RED] LeadPredict dist=4154.94 dV=-0.61731 thr=1 om=0.00248219 lt=3
[ACTIVE] [RED] LeadPredict dist=4105.84 dV=12.2437 thr=1 om=0.00203723 lt=3
[ACTIVE] [RED] LeadPredict dist=4012.4 dV=16.0505 thr=1 om=0.00169465 lt=3
[ACTIVE] [RED] LeadPredict dist=3878.18 dV=25.722 thr=1 om=0.00146258 lt=3
[ACTIVE] [RED] LeadPredict dist=3706.76 dV=31.3809 thr=1 om=0.00127093 lt=3
[DUTY] team=1 ticks=13200 v27종말조준=4.5303% v21뱅크예측=0% v17궤도조건=0.030303% v17슬롯적용=0.0151515% 상승클램프=0% 강하클램프=4.12121% v23b조건=8.24242% v23b실제적용=8.24242%
[ACTIVE] [RED] LeadPredict dist=3489.89 dV=37.0397 thr=1 om=0.00110378 lt=3
[ACTIVE] [RED] LeadPredict dist=3242.9 dV=43.0586 thr=1 om=0.000939818 lt=3
[ACTIVE] [RED] LeadPredict dist=2967.71 dV=48.4088 thr=1 om=0.000859398 lt=3
[ACTIVE] [RED] LeadPredict dist=2672.85 dV=52.1128 thr=1 om=0.000703471 lt=3
[ACTIVE] [RED] LeadPredict dist=2398.49 dV=45.3221 thr=1 om=0.000750944 lt=3
[ACTIVE] [RED] LeadPredict dist=2110.49 dV=47.1227 thr=1 om=0.00055866 lt=3
[ACTIVE] [RED] LeadPredict dist=1812.46 dV=44.2418 thr=1 om=0.000559112 lt=3
[ACTIVE] [RED] LeadPredict dist=1538.62 dV=51.9584 thr=1 om=0.00049352 lt=2.99776
[ACTIVE] [RED] LeadPredict dist=1270.86 dV=42.9043 thr=1 om=0.00043618 lt=2.50723
[ACTIVE] [RED] LeadPredict dist=1000.85 dV=40.1778 thr=1 om=0.000509214 lt=1.97595
[DUTY] team=1 ticks=13800 v27종말조준=4.33333% v21뱅크예측=0% v17궤도조건=0.0289855% v17슬롯적용=0.0144928% 상승클램프=0% 강하클램프=3.94203% v23b조건=7.88406% v23b실제적용=7.88406%
[ACTIVE] [RED] LeadPredict dist=756.908 dV=41.7211 thr=0.695999 om=0.000509214 lt=0.0490776
runner:local/env:0	num_steps=[7891] | total rewards=[420.7404] | termination= [target destroyed]
[seed 9] reward=   420.74 ownHP=1.0000 tgtHP=-0.0008 target destroyed
total: 2
[ACTIVE] [RED] LeadPredict dist=1333.41 dV=0.102875 thr=0.84 om=0 lt=3
[ACTIVE] [RED] LeadPredict dist=2026.47 dV=-8.2825 thr=0.790336 om=0.00943486 lt=3
[ACTIVE] [RED] LeadPredict dist=3925.16 dV=-2.00632 thr=1 om=0.00534114 lt=3
[ACTIVE] [RED] LeadPredict dist=4373.74 dV=-12.2951 thr=1 om=0.00585726 lt=3
[ACTIVE] [RED] LeadPredict dist=4201.52 dV=-20.3204 thr=1 om=0.00429038 lt=3
[ACTIVE] [RED] LeadPredict dist=4190.24 dV=-23.0469 thr=1 om=0.00307419 lt=3
[ACTIVE] [RED] LeadPredict dist=4235.37 dV=-11.2662 thr=1 om=0.00246825 lt=3
[ACTIVE] [RED] LeadPredict dist=4249.81 dV=-5.65884 thr=1 om=0.00205382 lt=3
[ACTIVE] [RED] LeadPredict dist=4237 dV=5.09296 thr=1 om=0.00171462 lt=3
[DUTY] team=1 ticks=14400 v27종말조준=4.80556% v21뱅크예측=0% v17궤도조건=0.0416667% v17슬롯적용=0.0277778% 상승클램프=0% 강하클램프=3.77778% v23b조건=8.08333% v23b실제적용=8.08333%
[ACTIVE] [RED] LeadPredict dist=4178.71 dV=11.5749 thr=1 om=0.001524 lt=3
[ACTIVE] [RED] LeadPredict dist=4070.79 dV=23.3041 thr=1 om=0.00121563 lt=3
[ACTIVE] [RED] LeadPredict dist=3915.47 dV=29.5803 thr=1 om=0.00102136 lt=3
[ACTIVE] [RED] LeadPredict dist=3719.44 dV=34.2617 thr=1 om=0.000939821 lt=3
[ACTIVE] [RED] LeadPredict dist=3491.55 dV=38.6344 thr=1 om=0.000780451 lt=3
[ACTIVE] [RED] LeadPredict dist=3235.88 dV=42.287 thr=1 om=0.000823498 lt=3
[ACTIVE] [RED] LeadPredict dist=2958.36 dV=45.7337 thr=1 om=0.000629922 lt=3
[ACTIVE] [RED] LeadPredict dist=2709.61 dV=44.9106 thr=1 om=0.000681847 lt=3
[ACTIVE] [RED] LeadPredict dist=2436.21 dV=47.2256 thr=1 om=0.00055866 lt=3
[ACTIVE] [RED] LeadPredict dist=2157.64 dV=40.5893 thr=1 om=0.000559112 lt=3
[DUTY] team=1 ticks=15000 v27종말조준=4.61333% v21뱅크예측=0% v17궤도조건=0.04% v17슬롯적용=0.0266667% 상승클램프=0% 강하클램프=3.62667% v23b조건=7.76% v23b실제적용=7.76%
[ACTIVE] [RED] LeadPredict dist=1889.66 dV=46.5054 thr=1 om=0.000508072 lt=3
[ACTIVE] [RED] LeadPredict dist=1644.26 dV=42.0812 thr=1 om=0.000509214 lt=3
[ACTIVE] [RED] LeadPredict dist=1384.81 dV=36.9883 thr=1 om=0.00043618 lt=2.73899
[ACTIVE] [RED] LeadPredict dist=1140.62 dV=44.3962 thr=1 om=0.000390097 lt=2.21544
[ACTIVE] [RED] LeadPredict dist=875.47 dV=45.5794 thr=0.936 om=0.000390097 lt=0
[ACTIVE] [RED] LeadPredict dist=641.908 dV=34.3131 thr=0.588242 om=0.000390097 lt=0
runner:local/env:0	num_steps=[8866] | total rewards=[437.1483] | termination= [target destroyed]
[seed 10] reward=   437.15 ownHP=1.0000 tgtHP=-0.0015 target destroyed
total: 2
[ACTIVE] [RED] LeadPredict dist=2398.16 dV=-8.12814 thr=0.840841 om=0.035083 lt=3
[ACTIVE] [RED] LeadPredict dist=1752.75 dV=-34.5189 thr=0.871887 om=0.000975755 lt=3
[ACTIVE] [RED] LeadPredict dist=364.938 dV=-59.3149 thr=1 om=0.00620575 lt=1.29262
[ACTIVE] [RED] LeadPredict dist=691.66 dV=-57.9774 thr=1 om=0.00542813 lt=0
[DUTY] team=1 ticks=15600 v27종말조준=5.42308% v21뱅크예측=0% v17궤도조건=0.0512821% v17슬롯적용=0.025641% 상승클램프=0% 강하클램프=3.48718% v23b조건=8.01282% v23b실제적용=8.01282%
[ACTIVE] [RED] LeadPredict dist=974.55 dV=-40.2292 thr=1 om=0.00368177 lt=2.96045
[ACTIVE] [RED] LeadPredict dist=1176.06 dV=-22.8926 thr=1 om=0.00281424 lt=3
[ACTIVE] [RED] LeadPredict dist=1297.64 dV=-15.1245 thr=1 om=0.00229559 lt=3
[ACTIVE] [RED] LeadPredict dist=1351.59 dV=-5.55594 thr=1 om=0.00186551 lt=3
[ACTIVE] [RED] LeadPredict dist=1350.57 dV=5.76172 thr=1 om=0.00163039 lt=3
[ACTIVE] [RED] LeadPredict dist=1301.27 dV=15.9477 thr=1 om=0.00135469 lt=2.99242
[ACTIVE] [RED] LeadPredict dist=1200.77 dV=19.3944 thr=1 om=0.00113463 lt=2.695
[ACTIVE] [RED] LeadPredict dist=1061.17 dV=24.6417 thr=1 om=0.00102136 lt=2.32007
[ACTIVE] [RED] LeadPredict dist=892.924 dV=26.8538 thr=0.936 om=0.000859399 lt=0.226987
runner:local/env:0	num_steps=[4624] | total rewards=[710.1801] | termination= [target destroyed]
[seed 11] reward=   710.18 ownHP=1.0000 tgtHP=-0.0016 target destroyed
total: 2
[ACTIVE] [RED] LeadPredict dist=4124.92 dV=-5.81317 thr=1 om=0.027753 lt=3
[DUTY] team=1 ticks=16200 v27종말조준=5.7037% v21뱅크예측=0% v17궤도조건=0.0493827% v17슬롯적용=0.0246914% 상승클램프=0% 강하클램프=3.35802% v23b조건=7.71605% v23b실제적용=7.71605%
[ACTIVE] [RED] LeadPredict dist=4538.56 dV=-13.0154 thr=1 om=0.00137987 lt=3
[ACTIVE] [RED] LeadPredict dist=3454.41 dV=-26.9052 thr=1 om=0.00638001 lt=3
[ACTIVE] [RED] LeadPredict dist=2493.96 dV=-30.4034 thr=0.96 om=0.00524762 lt=3
[ACTIVE] [RED] LeadPredict dist=2269.63 dV=-29.2716 thr=1 om=0.00350805 lt=3
[ACTIVE] [RED] LeadPredict dist=2303.39 dV=-18.8799 thr=1 om=0.00272767 lt=3
[ACTIVE] [RED] LeadPredict dist=2347.32 dV=-6.63629 thr=1 om=0.00222495 lt=3
[ACTIVE] [RED] LeadPredict dist=2340.44 dV=4.26984 thr=1 om=0.00186551 lt=3
[ACTIVE] [RED] LeadPredict dist=2282.75 dV=13.2726 thr=1 om=0.00163003 lt=3
[ACTIVE] [RED] LeadPredict dist=2175.24 dV=22.0695 thr=1 om=0.00135469 lt=3
[ACTIVE] [RED] LeadPredict dist=2019.7 dV=29.8375 thr=1 om=0.00118729 lt=3
[DUTY] team=1 ticks=16800 v27종말조준=5.5% v21뱅크예측=0% v17궤도조건=0.047619% v17슬롯적용=0.0238095% 상승클램프=0% 강하클램프=3.2381% v23b조건=7.53571% v23b실제적용=7.53571%
[ACTIVE] [RED] LeadPredict dist=1818.17 dV=37.2969 thr=1 om=0.00105407 lt=3
[ACTIVE] [RED] LeadPredict dist=1574.52 dV=44.1904 thr=1 om=0.000898672 lt=3
[ACTIVE] [RED] LeadPredict dist=1290.39 dV=50.9296 thr=1 om=0.000750943 lt=2.60336
[ACTIVE] [RED] LeadPredict dist=964.244 dV=58.3889 thr=1 om=0.000629182 lt=1.89924
[ACTIVE] [RED] LeadPredict dist=594.778 dV=61.4756 thr=0.583999 om=0.000681847 lt=0
runner:local/env:0	num_steps=[5647] | total rewards=[516.1760] | termination= [target destroyed]
[seed 12] reward=   516.18 ownHP=1.0000 tgtHP=-0.0061 target destroyed
total: 2
[ACTIVE] [RED] LeadPredict dist=3744.32 dV=-5.0415 thr=1 om=0.0165844 lt=3
[ACTIVE] [RED] LeadPredict dist=3303.72 dV=-6.63629 thr=1 om=0.00421136 lt=3
[ACTIVE] [RED] LeadPredict dist=3128.82 dV=5.9675 thr=1 om=0.00611862 lt=3
[ACTIVE] [RED] LeadPredict dist=2986.9 dV=18.4684 thr=1 om=0.0047253 lt=3
[ACTIVE] [RED] LeadPredict dist=2817.2 dV=29.5289 thr=1 om=0.00316092 lt=3
[DUTY] team=1 ticks=17400 v27종말조준=5.64943% v21뱅크예측=0% v17궤도조건=0.045977% v17슬롯적용=0.0229885% 상승클램프=0% 강하클램프=3.60345% v23b조건=7.27586% v23b실제적용=7.27586%
[ACTIVE] [RED] LeadPredict dist=2601.54 dV=38.8917 thr=1 om=0.00246824 lt=3
[ACTIVE] [RED] LeadPredict dist=2340.58 dV=46.7626 thr=1 om=0.00203723 lt=3
[ACTIVE] [RED] LeadPredict dist=2038.5 dV=53.5017 thr=1 om=0.00177986 lt=3
[ACTIVE] [RED] LeadPredict dist=1701.02 dV=59.3149 thr=1 om=0.001524 lt=3
[ACTIVE] [RED] LeadPredict dist=1330.69 dV=64.4593 thr=1 om=0.00129701 lt=2.73405
[ACTIVE] [RED] LeadPredict dist=930.66 dV=69.6037 thr=1 om=0.00110378 lt=1.86579
[ACTIVE] [RED] LeadPredict dist=517.067 dV=66.6714 thr=0.55 om=0.00102182 lt=0.0466561
[ACTIVE] [RED] LeadPredict dist=235.017 dV=32.2554 thr=0.55 om=0.000859399 lt=0.0175814
[ACTIVE] [RED] LeadPredict dist=143.196 dV=1.2861 thr=0.684567 om=0.000823498 lt=0.257212
runner:local/env:0	num_steps=[5204] | total rewards=[572.8524] | termination= [target destroyed]
[seed 13] reward=   572.85 ownHP=1.0000 tgtHP=-0.0004 target destroyed
total: 2
[ACTIVE] [RED] LeadPredict dist=5393.72 dV=-0.154327 thr=1 om=0.0359556 lt=3
[DUTY] team=1 ticks=18000 v27종말조준=6.53889% v21뱅크예측=0% v17궤도조건=0.0444444% v17슬롯적용=0.0222222% 상승클램프=0% 강하클램프=3.62222% v23b조건=7.03333% v23b실제적용=7.03333%
[ACTIVE] [RED] LeadPredict dist=4176.51 dV=-4.88718 thr=1 om=0.00121555 lt=3
[ACTIVE] [RED] LeadPredict dist=2615.95 dV=3.60107 thr=1 om=0.0062113 lt=3
[ACTIVE] [RED] LeadPredict dist=1859.2 dV=4.21841 thr=0.728914 om=0.00542177 lt=3
[ACTIVE] [RED] LeadPredict dist=1628.13 dV=15.4846 thr=1 om=0.00376865 lt=3
[ACTIVE] [RED] LeadPredict dist=1468.06 dV=26.9052 thr=1 om=0.00272767 lt=3
[ACTIVE] [RED] LeadPredict dist=1269.48 dV=36.8853 thr=1 om=0.0022956 lt=2.95958
[ACTIVE] [RED] LeadPredict dist=1021.83 dV=44.6534 thr=1 om=0.00195131 lt=2.28836
[ACTIVE] [RED] LeadPredict dist=742.545 dV=46.2996 thr=0.703999 om=0.00160908 lt=0
[ACTIVE] [RED] LeadPredict dist=504.947 dV=35.2906 thr=0.576513 om=0.00137994 lt=0.309818
runner:local/env:0	num_steps=[3439] | total rewards=[462.2700] | termination= [target destroyed]
[seed 14] reward=   462.27 ownHP=1.0000 tgtHP=-0.0017 target destroyed
Remove Space Complete.

[rehearsal own_rep=6 tgt_rep=6 seeds=15]
SUMMARY dealt=13.0398 taken=0.0000 mean_reward=460.55
tacview log saved (last episode)

########## dtfix_full vs AIP_v7.dll ##########


     JSBSim Flight Dynamics Model v1.0.0 May 27 2026 16:13:38
            [JSBSim-ML v2.0]

JSBSim startup beginning ...

total: 2
Behavior Tree Initialized Successfully
Behavior Tree Initialized Successfully
[ACTIVE] [RED] LeadPredict dist=3828.56 dV=-11.2662 thr=1 om=0.0526629 lt=3
[ACTIVE] [RED] LeadPredict dist=3832.69 tgtRoll=-126.328
[ACTIVE] [RED] LeadPredict dist=2677.88 dV=-9.20847 thr=1 om=0.10128 lt=3
[ACTIVE] [RED] LeadPredict dist=2678.99 tgtRoll=-64.939
[ACTIVE] [RED] LeadPredict dist=1562.61 dV=-17.6453 thr=0.61324 om=0.199757 lt=3
[ACTIVE] [RED] LeadPredict dist=1565.02 tgtRoll=47.19
[ACTIVE] [RED] LeadPredict dist=582.515 dV=-58.8519 thr=0.747483 om=0.063049 lt=1.82369
[ACTIVE] [RED] LeadPredict dist=582.351 tgtRoll=134.028
[ACTIVE] [RED] LeadPredict dist=234.124 dV=-52.9873 thr=0.783995 om=0.204074 lt=0.753236
[ACTIVE] [RED] LeadPredict dist=229.987 tgtRoll=88.252
[ACTIVE] [RED] LeadPredict dist=411.098 dV=-46.351 thr=0.834282 om=0.22149 lt=1.37495
[ACTIVE] [RED] LeadPredict dist=407.335 tgtRoll=177.456
[ACTIVE] [RED] LeadPredict dist=708.349 dV=-51.7527 thr=0.88 om=0.120797 lt=2.27067
[ACTIVE] [RED] LeadPredict dist=704.354 tgtRoll=69.13
[ACTIVE] [RED] LeadPredict dist=998.299 dV=-36.4738 thr=1 om=0.176554 lt=2.80955
[ACTIVE] [RED] LeadPredict dist=992.16 tgtRoll=-150.023
[ACTIVE] [RED] ClimbOut Z=2979.15
[ACTIVE] [RED] LeadPredict dist=1023.66 dV=11.7292 thr=0.66 om=0.0529255 lt=2.84021
[ACTIVE] [RED] LeadPredict dist=997.014 tgtRoll=-141.115
[ACTIVE] [RED] LeadPredict dist=995.822 dV=2.93231 thr=1 om=0.197727 lt=3
[DUTY] team=1 ticks=600 v27종말조준=10.8333% v21뱅크예측=69.8333% v17궤도조건=69.8333% v17슬롯적용=37.6667% 상승클램프=0% 강하클램프=6.33333% v23b조건=40.1667% v23b실제적용=40.1667%
[ACTIVE] [RED] LeadPredict dist=974.147 tgtRoll=171.32
[ACTIVE] [RED] LeadPredict dist=982.933 dV=-7.56226 thr=1 om=0.205147 lt=3
[ACTIVE] [RED] LeadPredict dist=1011.06 tgtRoll=-111.036
[ACTIVE] [RED] LeadPredict dist=1050.23 dV=-18.8285 thr=1 om=0.249718 lt=3
[ACTIVE] [RED] ClimbOut Z=2522.92
[ACTIVE] [RED] LeadPredict dist=1035.45 dV=18.6227 thr=0.96 om=0.280693 lt=2.63452
[ACTIVE] [RED] ClimbOut Z=2778.89
[ACTIVE] [RED] LeadPredict dist=978.881 tgtRoll=1.876
[ACTIVE] [RED] LeadPredict dist=1007.47 dV=5.55594 thr=0.799533 om=0.266297 lt=2.9931
[ACTIVE] [RED] LeadPredict dist=983.654 tgtRoll=-168.99
[ACTIVE] [RED] LeadPredict dist=1018.74 dV=-11.3691 thr=1 om=0.210761 lt=3
[ACTIVE] [RED] LeadPredict dist=1040.77 tgtRoll=146.496
[ACTIVE] [RED] LeadPredict dist=1087.85 dV=-22.6354 thr=1 om=0.0484516 lt=3
[ACTIVE] [RED] LeadPredict dist=1125.38 tgtRoll=-165.552
[ACTIVE] [RED] LeadPredict dist=1194.5 dV=-30.8664 thr=0.690419 om=0.106103 lt=3
[ACTIVE] [RED] LeadPredict dist=1275.5 tgtRoll=92.52
[ACTIVE] [RED] LeadPredict dist=1356.52 dV=-29.1173 thr=0.640272 om=0.261129 lt=3
[ACTIVE] [RED] ClimbOut Z=2349.1
[ACTIVE] [RED] ClimbOut Z=1972.77
[ACTIVE] [RED] ClimbOut Z=2611.56
[ACTIVE] [RED] ClimbOut Z=2417.7
[ACTIVE] [RED] LeadPredict dist=1079.63 dV=17.0794 thr=0.620017 om=0.0848709 lt=3
[ACTIVE] [RED] LeadPredict dist=1022.29 tgtRoll=5.794
[ACTIVE] [RED] LeadPredict dist=1027.07 dV=-10.8547 thr=0.835812 om=0.209195 lt=3
[DUTY] team=1 ticks=1200 v27종말조준=5.41667% v21뱅크예측=67.1667% v17궤도조건=77.9167% v17슬롯적용=61.8333% 상승클램프=0% 강하클램프=12.75% v23b조건=35.5% v23b실제적용=35.5%
[ACTIVE] [RED] LeadPredict dist=1117.17 tgtRoll=172.056
[ACTIVE] [RED] LeadPredict dist=1136.32 dV=-3.03519 thr=1 om=0.0295923 lt=3
[ACTIVE] [RED] LeadPredict dist=1127.65 tgtRoll=39.599
[ACTIVE] [RED] LeadPredict dist=1109.04 dV=-17.0794 thr=1 om=0.0641057 lt=3
[ACTIVE] [RED] LeadPredict dist=1223.91 tgtRoll=-175.37
[ACTIVE] [RED] LeadPredict dist=1299.49 dV=-42.6471 thr=1 om=0.213396 lt=3
[ACTIVE] [RED] LeadPredict dist=1362.37 tgtRoll=147.772
[ACTIVE] [RED] LeadPredict dist=1471.12 dV=-39.9205 thr=0.758196 om=0.229793 lt=3
[ACTIVE] [RED] ClimbOut Z=2669.59
[ACTIVE] [RED] ClimbOut Z=2043.25
[ACTIVE] [RED] ClimbOut Z=2855.57
[ACTIVE] [RED] ClimbOut Z=2184.59
[ACTIVE] [RED] LeadPredict dist=1389.19 dV=8.89981 thr=0.576727 om=0.747326 lt=3
[ACTIVE] [RED] ClimbOut Z=2930.24
[ACTIVE] [RED] LeadPredict dist=1278.97 tgtRoll=1.53
[ACTIVE] [RED] LeadPredict dist=1329.58 dV=13.1697 thr=0.75601 om=0.248519 lt=3
[ACTIVE] [RED] LeadPredict dist=1140.13 tgtRoll=179.862
[ACTIVE] [RED] LeadPredict dist=1234.16 dV=-20.5776 thr=1 om=0.0864948 lt=3
[ACTIVE] [RED] LeadPredict dist=1396.46 tgtRoll=167.501
[ACTIVE] [RED] LeadPredict dist=1400.36 dV=-4.68143 thr=0.848275 om=0.244332 lt=3
[ACTIVE] [RED] LeadPredict dist=1303.89 tgtRoll=-156.85
[ACTIVE] [RED] LeadPredict dist=1271.93 dV=-16.1534 thr=0.760601 om=0.219195 lt=3
[ACTIVE] [RED] ClimbOut Z=2098.92
[ACTIVE] [RED] ClimbOut Z=2854.02
[ACTIVE] [RED] ClimbOut Z=1691.37
[ACTIVE] [RED] ClimbOut Z=2169.71
[ACTIVE] [RED] LeadPredict dist=1132.66 dV=11.2148 thr=0.57629 om=1.01959 lt=3
[DUTY] team=1 ticks=1800 v27종말조준=3.61111% v21뱅크예측=69.5% v17궤도조건=82.2778% v17슬롯적용=71.5556% 상승클램프=0% 강하클램프=16.6111% v23b조건=37.5556% v23b실제적용=37.5556%
[ACTIVE] [RED] ClimbOut Z=2085.7
[ACTIVE] [RED] ClimbOut Z=2958.99
[ACTIVE] [RED] LeadPredict dist=1407.7 tgtRoll=-6.675
[ACTIVE] [RED] LeadPredict dist=1426.24 dV=23.3556 thr=0.748795 om=0.281145 lt=3
init ID:1 Lat37.92355643001773 Lon128.18188127777776 Alt(meter)7000.0785355893395 Speed(m/sec)300.0
init ID:1 Lat37.96855377446113 Lon128.18188127777776 Alt(meter)7002.8272734023885 Speed(m/sec)300.0
runner:local/env:0	num_steps=[11999] | total rewards=[922.6631] | termination= [max time out]
[seed 0] reward=   922.66 ownHP=1.0000 tgtHP=0.9716 max time out
total: 2
[ACTIVE] [RED] LeadPredict dist=4017.87 tgtRoll=102.713
[ACTIVE] [RED] LeadPredict dist=3949.23 dV=-7.66516 thr=1 om=0.0764813 lt=3
[ACTIVE] [RED] LeadPredict dist=1461.09 tgtRoll=66.66
[ACTIVE] [RED] LeadPredict dist=1364.93 dV=-16.2049 thr=1 om=0.206212 lt=3
[ACTIVE] [RED] LeadPredict dist=1234.34 tgtRoll=-106.858
[ACTIVE] [RED] LeadPredict dist=1359.26 dV=-10.1859 thr=0.648222 om=0.198697 lt=3
[ACTIVE] [RED] LeadPredict dist=341.899 tgtRoll=-38.567
[ACTIVE] [RED] LeadPredict dist=242.926 dV=-23.0984 thr=0.623516 om=0.292634 lt=0.696893
[ACTIVE] [RED] ClimbOut Z=2316.48
[ACTIVE] [RED] ClimbOut Z=2332.14
[ACTIVE] [RED] LeadPredict dist=180.034 dV=-14.6615 thr=0.580444 om=0.295809 lt=0.50188
[ACTIVE] [RED] ClimbOut Z=2331.08
[ACTIVE] [RED] LeadPredict dist=1119.98 tgtRoll=-55.084
[ACTIVE] [RED] LeadPredict dist=1138.63 dV=-9.51715 thr=0.770221 om=0.249519 lt=3
[ACTIVE] [RED] LeadPredict dist=666.055 tgtRoll=122.272
[ACTIVE] [RED] LeadPredict dist=781.437 dV=-37.6056 thr=1 om=0.216376 lt=2.9122
[ACTIVE] [RED] LeadPredict dist=999.77 tgtRoll=-103.486
[ACTIVE] [RED] LeadPredict dist=1000.58 dV=-30.5063 thr=1 om=0.25661 lt=3
[ACTIVE] [RED] LeadPredict dist=1192.98 tgtRoll=10.324
[ACTIVE] [RED] LeadPredict dist=1190.78 dV=-4.73285 thr=1 om=0.292866 lt=3
[DUTY] team=1 ticks=2400 v27종말조준=2.70833% v21뱅크예측=72.25% v17궤도조건=83.0417% v17슬롯적용=68.6667% 상승클램프=0% 강하클램프=18.4583% v23b조건=41.625% v23b실제적용=41.625%
[ACTIVE] [RED] LeadPredict dist=1055.56 tgtRoll=155.74
[ACTIVE] [RED] LeadPredict dist=1069.62 dV=-45.8366 thr=1 om=0.241259 lt=3
[ACTIVE] [RED] LeadPredict dist=1326.94 tgtRoll=-131.55
[ACTIVE] [RED] LeadPredict dist=1371.26 dV=-67.4945 thr=1 om=0.257612 lt=3
[ACTIVE] [RED] LeadPredict dist=1759.98 tgtRoll=-78.347
[ACTIVE] [RED] LeadPredict dist=1801.49 dV=-69.0893 thr=1 om=0.206563 lt=3
[ACTIVE] [RED] LeadPredict dist=1990.71 tgtRoll=-59.558
[ACTIVE] [RED] LeadPredict dist=1990.06 dV=-54.0162 thr=1 om=0.208603 lt=3
[ACTIVE] [RED] LeadPredict dist=1674.32 tgtRoll=-60.197
[ACTIVE] [RED] LeadPredict dist=1624.4 dV=-9.62003 thr=0.813949 om=0.208386 lt=3
[ACTIVE] [RED] LeadPredict dist=1252.39 tgtRoll=-61.569
[ACTIVE] [RED] LeadPredict dist=1245.75 dV=0.82309 thr=0.856583 om=0.297632 lt=3
[ACTIVE] [RED] LeadPredict dist=1201.47 tgtRoll=158.181
[ACTIVE] [RED] LeadPredict dist=1210.59 dV=-37.2455 thr=1 om=0.165415 lt=3
[ACTIVE] [RED] ClimbOut Z=2979.91
[ACTIVE] [RED] ClimbOut Z=2270.23
[ACTIVE] [RED] ClimbOut Z=2143.1
[ACTIVE] [RED] LeadPredict dist=1316.33 dV=9.51712 thr=0.651283 om=0.66065 lt=3
[ACTIVE] [RED] ClimbOut Z=2645.19
[ACTIVE] [RED] LeadPredict dist=1275.47 dV=18.5713 thr=0.817665 om=0.317312 lt=3
[ACTIVE] [RED] LeadPredict dist=1236.99 tgtRoll=-30.82
[ACTIVE] [RED] LeadPredict dist=1087.84 dV=-3.29242 thr=1 om=0.224902 lt=3
[DUTY] team=1 ticks=3000 v27종말조준=2.16667% v21뱅크예측=74.9333% v17궤도조건=85.9333% v17슬롯적용=74.4333% 상승클램프=0% 강하클램프=21.4667% v23b조건=38.5667% v23b실제적용=38.5667%
[ACTIVE] [RED] LeadPredict dist=1082.99 tgtRoll=-127.933
[ACTIVE] [RED] LeadPredict dist=1138.39 dV=-24.8474 thr=1 om=0.258402 lt=3
[ACTIVE] [RED] LeadPredict dist=1145.49 tgtRoll=154.822
[ACTIVE] [RED] LeadPredict dist=1322.34 dV=-40.6922 thr=0.75273 om=0.265406 lt=3
[ACTIVE] [RED] ClimbOut Z=2762.34
[ACTIVE] [RED] ClimbOut Z=2864.82
[ACTIVE] [RED] LeadPredict dist=1142.07 dV=18.3655 thr=0.613896 om=0.213404 lt=3
[ACTIVE] [RED] LeadPredict dist=1120.48 tgtRoll=2.256
[ACTIVE] [RED] LeadPredict dist=1037.21 dV=3.85828 thr=0.84 om=0.0720062 lt=3
[ACTIVE] [RED] LeadPredict dist=1014.89 tgtRoll=-177.444
[ACTIVE] [RED] LeadPredict dist=1117.78 dV=-34.8276 thr=1 om=0.037038 lt=3
[ACTIVE] [RED] LeadPredict dist=1135.64 tgtRoll=-156.973
[ACTIVE] [RED] LeadPredict dist=1207.69 dV=-28.6543 thr=1 om=0.114759 lt=3
[ACTIVE] [RED] LeadPredict dist=1213.83 tgtRoll=149.284
[ACTIVE] [RED] ClimbOut Z=2440.81
[ACTIVE] [RED] ClimbOut Z=2988.59
[ACTIVE] [RED] ClimbOut Z=2296.77
[ACTIVE] [RED] LeadPredict dist=1098.76 dV=24.5388 thr=0.92 om=0.300198 lt=2.8816
[ACTIVE] [RED] ClimbOut Z=2867.32
[ACTIVE] [RED] LeadPredict dist=1024.43 dV=5.86462 thr=0.981454 om=0.229955 lt=3
[ACTIVE] [RED] LeadPredict dist=989.536 tgtRoll=169.258
[ACTIVE] [RED] LeadPredict dist=998.329 dV=1.38901 thr=0.92 om=0.26646 lt=3
[ACTIVE] [RED] LeadPredict dist=994.936 tgtRoll=103.227
[ACTIVE] [RED] LeadPredict dist=1062.14 dV=-22.8412 thr=1 om=0.220912 lt=3
[DUTY] team=1 ticks=3600 v27종말조준=1.80556% v21뱅크예측=72.4167% v17궤도조건=85.5833% v17슬롯적용=76% 상승클램프=0% 강하클램프=20.5278% v23b조건=37.3611% v23b실제적용=37.3611%
[ACTIVE] [RED] LeadPredict dist=1076.2 tgtRoll=108.094
[ACTIVE] [RED] LeadPredict dist=1149.24 dV=-25.9792 thr=1 om=0.146893 lt=3
[ACTIVE] [RED] LeadPredict dist=1181.22 tgtRoll=-117.727
[ACTIVE] [RED] ClimbOut Z=2384.32
[ACTIVE] [RED] ClimbOut Z=2672.97
[ACTIVE] [RED] ClimbOut Z=2381.87
[ACTIVE] [RED] LeadPredict dist=1024.42 dV=24.5902 thr=0.64 om=0.302316 lt=2.68772
runner:local/env:0	num_steps=[11999] | total rewards=[740.3908] | termination= [max time out]
[seed 1] reward=   740.39 ownHP=1.0000 tgtHP=0.9615 max time out
total: 2
[ACTIVE] [RED] LeadPredict dist=4848.18 dV=0 thr=1 om=0 lt=3
[ACTIVE] [RED] LeadPredict dist=3994.99 tgtRoll=-102.909
[ACTIVE] [RED] LeadPredict dist=1542.13 dV=21.6579 thr=1 om=0.0324164 lt=3
[ACTIVE] [RED] LeadPredict dist=674.689 tgtRoll=-113.103
[ACTIVE] [RED] LeadPredict dist=2014.09 dV=59.0063 thr=0.637071 om=0.154052 lt=3
[ACTIVE] [RED] LeadPredict dist=2756.68 tgtRoll=77.527
[ACTIVE] [RED] LeadPredict dist=3876.75 dV=96.4061 thr=1 om=0.184843 lt=3
[ACTIVE] [RED] LeadPredict dist=3852.35 tgtRoll=16.788
[ACTIVE] [RED] LeadPredict dist=2669 dV=56.7427 thr=1 om=0.222156 lt=3
[ACTIVE] [RED] LeadPredict dist=1961.36 tgtRoll=-0.34
[ACTIVE] [RED] LeadPredict dist=615.837 dV=-47.9973 thr=1 om=0.164041 lt=2.15849
[ACTIVE] [RED] LeadPredict dist=1257.16 tgtRoll=133.166
[ACTIVE] [RED] LeadPredict dist=2634.16 dV=-96.9205 thr=1 om=0.182514 lt=3
[ACTIVE] [RED] LeadPredict dist=2701.36 tgtRoll=-161.248
[ACTIVE] [RED] LeadPredict dist=1924.99 dV=-33.0785 thr=0.92 om=0.164514 lt=3
[DUTY] team=1 ticks=4200 v27종말조준=1.54762% v21뱅크예측=73.7143% v17궤도조건=82.2857% v17슬롯적용=72.1429% 상승클램프=0% 강하클램프=23.8571% v23b조건=36.119% v23b실제적용=35.4762%
[ACTIVE] [RED] LeadPredict dist=1398.17 tgtRoll=161.556
[ACTIVE] [RED] LeadPredict dist=1050.93 dV=43.4187 thr=0.730429 om=0.325399 lt=3
[ACTIVE] [RED] LeadPredict dist=1453.21 tgtRoll=6.962
[ACTIVE] [RED] LeadPredict dist=1517.08 dV=48.666 thr=0.822475 om=0.13105 lt=3
[ACTIVE] [RED] LeadPredict dist=1117.81 tgtRoll=2.551
[ACTIVE] [RED] LeadPredict dist=162.227 dV=-26.8023 thr=1 om=0.0993524 lt=0.576715
[ACTIVE] [RED] LeadPredict dist=434.18 tgtRoll=-165.678
[ACTIVE] [RED] LeadPredict dist=364.716 dV=-24.4359 thr=0.853959 om=0.0402399 lt=1.239
[ACTIVE] [RED] LeadPredict dist=599.527 tgtRoll=8.109
[ACTIVE] [RED] LeadPredict dist=472.583 dV=-29.6832 thr=0.951923 om=0.188083 lt=0.0407212
[ACTIVE] [RED] LeadPredict dist=533.191 tgtRoll=-106.503
[ACTIVE] [RED] LeadPredict dist=1005.44 dV=-44.9106 thr=0.790117 om=0.18584 lt=3
[ACTIVE] [RED] LeadPredict dist=818.394 tgtRoll=175.697
[ACTIVE] [RED] LeadPredict dist=1117.47 dV=-19.2915 thr=0.677738 om=0.231795 lt=3
[ACTIVE] [RED] LeadPredict dist=1053.53 tgtRoll=0.579
[ACTIVE] [RED] LeadPredict dist=1069.76 dV=-49.3348 thr=0.708347 om=0.248566 lt=3
[ACTIVE] [RED] LeadPredict dist=1124.25 tgtRoll=-115.253
[ACTIVE] [RED] ClimbOut Z=2966.6
[ACTIVE] [RED] LeadPredict dist=1193.52 dV=1.02887 thr=0.610179 om=0.220096 lt=3
[ACTIVE] [RED] LeadPredict dist=1433.71 tgtRoll=-0.076
[ACTIVE] [RED] LeadPredict dist=1370.61 dV=-1.44043 thr=0.969289 om=0.2299 lt=3
[DUTY] team=1 ticks=4800 v27종말조준=1.58333% v21뱅크예측=73.6042% v17궤도조건=82.8958% v17슬롯적용=72.9167% 상승클램프=0% 강하클램프=25.1667% v23b조건=41.25% v23b실제적용=40.2292%
[ACTIVE] [RED] LeadPredict dist=1236.23 tgtRoll=172.164
[ACTIVE] [RED] LeadPredict dist=1278.97 dV=-47.0713 thr=1 om=0.0504623 lt=3
[ACTIVE] [RED] ClimbOut Z=2943.2
[ACTIVE] [RED] LeadPredict dist=1428.35 dV=-31.5352 thr=1 om=0.243493 lt=3
[ACTIVE] [RED] ClimbOut Z=2207.57
[ACTIVE] [RED] ClimbOut Z=2138.5
[ACTIVE] [RED] ClimbOut Z=2725.37
[ACTIVE] [RED] LeadPredict dist=1123.2 dV=30.2491 thr=0.632261 om=0.182893 lt=3
[ACTIVE] [RED] LeadPredict dist=1124.63 tgtRoll=5.488
[ACTIVE] [RED] LeadPredict dist=991.132 dV=3.13809 thr=0.899482 om=0.0832046 lt=3
[ACTIVE] [RED] LeadPredict dist=987.318 tgtRoll=152.589
[ACTIVE] [RED] LeadPredict dist=1083.73 dV=-14.6615 thr=1 om=0.27963 lt=3
[ACTIVE] [RED] LeadPredict dist=1079.83 tgtRoll=170.269
[ACTIVE] [RED] LeadPredict dist=1168.26 dV=-32.4097 thr=0.797113 om=0.278322 lt=3
[ACTIVE] [RED] ClimbOut Z=2399.67
[ACTIVE] [RED] ClimbOut Z=3074.23
[ACTIVE] [RED] ClimbOut Z=1973.7
[ACTIVE] [RED] ClimbOut Z=2261.38
[ACTIVE] [RED] ClimbOut Z=2270.55
[ACTIVE] [RED] LeadPredict dist=915.074 dV=30.4548 thr=0.64 om=0.219518 lt=2.53785
[ACTIVE] [RED] LeadPredict dist=918.398 tgtRoll=-1.182
[ACTIVE] [RED] LeadPredict dist=1003.9 dV=13.324 thr=0.837827 om=0.252028 lt=3
[ACTIVE] [RED] LeadPredict dist=828.852 tgtRoll=111.682
[ACTIVE] [RED] LeadPredict dist=921.848 dV=4.62994 thr=1 om=0.144332 lt=3
[ACTIVE] [RED] LeadPredict dist=858.926 tgtRoll=29.758
[ACTIVE] [RED] LeadPredict dist=830.716 dV=5.65883 thr=0.932094 om=0.284488 lt=3
[DUTY] team=1 ticks=5400 v27종말조준=1.66667% v21뱅크예측=73.1481% v17궤도조건=84.1481% v17슬롯적용=75.2778% 상승클램프=0% 강하클램프=24.2778% v23b조건=40.5741% v23b실제적용=39.5556%
[ACTIVE] [RED] LeadPredict dist=818.508 tgtRoll=172.983
[ACTIVE] [RED] LeadPredict dist=781.056 dV=5.76173 thr=0.930859 om=0.210407 lt=1.30816
[ACTIVE] [RED] LeadPredict dist=765.251 tgtRoll=-73.05
[ACTIVE] [RED] LeadPredict dist=878.331 dV=-22.7382 thr=1 om=0.201597 lt=3
[ACTIVE] [RED] LeadPredict dist=907.402 tgtRoll=-169.543
[ACTIVE] [RED] LeadPredict dist=1089.36 dV=-11.8836 thr=1 om=0.219475 lt=3
[ACTIVE] [RED] LeadPredict dist=1061.42 tgtRoll=-33.995
[ACTIVE] [RED] LeadPredict dist=921.555 dV=-20.3718 thr=1 om=0.253414 lt=3
[ACTIVE] [RED] LeadPredict dist=976.733 tgtRoll=131.665
[ACTIVE] [RED] LeadPredict dist=1165.33 dV=-43.213 thr=1 om=0.256451 lt=3
[ACTIVE] [RED] LeadPredict dist=1229.86 tgtRoll=2.243
runner:local/env:0	num_steps=[11999] | total rewards=[521.4802] | termination= [max time out]
[seed 2] reward=   521.48 ownHP=1.0000 tgtHP=0.9602 max time out
total: 2
[ACTIVE] [RED] LeadPredict dist=3527.15 dV=17.2852 thr=1 om=0.130684 lt=3
[ACTIVE] [RED] LeadPredict dist=2516.69 tgtRoll=131.487
[ACTIVE] [RED] LeadPredict dist=516.034 dV=68.4205 thr=0.728 om=0.203113 lt=1.54394
[ACTIVE] [RED] LeadPredict dist=812.083 tgtRoll=-123.612
[ACTIVE] [RED] LeadPredict dist=2440.49 dV=136.121 thr=0.59881 om=0.175857 lt=3
[ACTIVE] [RED] LeadPredict dist=2905.65 tgtRoll=-32.17
[ACTIVE] [RED] LeadPredict dist=3138.08 dV=134.012 thr=1 om=0.248568 lt=3
[ACTIVE] [RED] LeadPredict dist=2923.79 tgtRoll=-13.175
[ACTIVE] [RED] LeadPredict dist=1934.86 dV=61.1155 thr=0.780278 om=0.0615777 lt=3
[DUTY] team=1 ticks=6000 v27종말조준=1.93333% v21뱅크예측=75.0667% v17궤도조건=83.0833% v17슬롯적용=74.2333% 상승클램프=0% 강하클램프=24.7333% v23b조건=38% v23b실제적용=36.6333%
[ACTIVE] [RED] LeadPredict dist=1300.12 tgtRoll=-37.751
[ACTIVE] [RED] LeadPredict dist=261.653 dV=-16.4621 thr=1 om=0.151707 lt=1.02938
[ACTIVE] [RED] LeadPredict dist=903.932 tgtRoll=119.742
[ACTIVE] [RED] LeadPredict dist=1569.32 dV=-36.8853 thr=1 om=0.191056 lt=3
[ACTIVE] [RED] LeadPredict dist=1491.24 tgtRoll=148.71
[ACTIVE] [RED] LeadPredict dist=771.428 dV=0.0514374 thr=0.999383 om=0.120361 lt=3
[ACTIVE] [RED] LeadPredict dist=464.625 tgtRoll=-121.973
[ACTIVE] [RED] LeadPredict dist=1213.65 dV=55.148 thr=0.975382 om=0.11919 lt=3
[ACTIVE] [RED] LeadPredict dist=1684.39 tgtRoll=-36.216
[ACTIVE] [RED] LeadPredict dist=2431.12 dV=94.1425 thr=1 om=0.0881739 lt=3
[ACTIVE] [RED] LeadPredict dist=2622 tgtRoll=-37.519
[ACTIVE] [RED] LeadPredict dist=2691.73 dV=94.4512 thr=1 om=0.130727 lt=3
[ACTIVE] [RED] LeadPredict dist=2581.54 tgtRoll=-57.87
[ACTIVE] [RED] LeadPredict dist=2096.58 dV=48.4603 thr=1 om=0.128783 lt=3
[ACTIVE] [RED] LeadPredict dist=1781.25 tgtRoll=-74.609
[ACTIVE] [RED] LeadPredict dist=621.617 tgtRoll=-96.928
[ACTIVE] [RED] Evade Z=11176.4
[ACTIVE] [RED] LeadPredict dist=268.797 dV=-56.9485 thr=1 om=0.366272 lt=2.42574
[ACTIVE] [RED] LeadPredict dist=681.725 tgtRoll=-179.463
[ACTIVE] [RED] LeadPredict dist=1035.16 dV=-69.0378 thr=1 om=0.122904 lt=3
[ACTIVE] [RED] LeadPredict dist=1341.64 tgtRoll=95.001
[ACTIVE] [RED] LeadPredict dist=1306.86 dV=-45.4765 thr=1 om=0.13454 lt=3
[DUTY] team=1 ticks=6600 v27종말조준=1.75758% v21뱅크예측=76.8333% v17궤도조건=83.1364% v17슬롯적용=71.8182% 상승클램프=0% 강하클램프=25.7424% v23b조건=34.8939% v23b실제적용=33.6515%
[ACTIVE] [RED] LeadPredict dist=858.322 tgtRoll=67.831
[ACTIVE] [RED] LeadPredict dist=505.223 dV=-8.07672 thr=1 om=0.180997 lt=2.59193
[ACTIVE] [RED] LeadPredict dist=1068.54 tgtRoll=-74.581
[ACTIVE] [RED] LeadPredict dist=1494.41 dV=-4.26985 thr=1 om=0.184129 lt=3
[ACTIVE] [RED] LeadPredict dist=1471.87 tgtRoll=-61.225
[ACTIVE] [RED] LeadPredict dist=1009.79 dV=-25.9278 thr=1 om=0.144433 lt=3
[ACTIVE] [RED] LeadPredict dist=836.922 tgtRoll=152.976
[ACTIVE] [RED] LeadPredict dist=1426.86 dV=-23.3041 thr=1 om=0.160976 lt=3
[ACTIVE] [RED] LeadPredict dist=1686.59 tgtRoll=27.098
[ACTIVE] [RED] LeadPredict dist=1284.68 dV=-28.0884 thr=0.740924 om=0.180002 lt=3
[ACTIVE] [RED] LeadPredict dist=1055.62 tgtRoll=-160.385
[ACTIVE] [RED] LeadPredict dist=1618.37 dV=-39.4061 thr=0.636853 om=0.239599 lt=3
[ACTIVE] [RED] ClimbOut Z=2911.03
[ACTIVE] [RED] ClimbOut Z=2133.22
[ACTIVE] [RED] ClimbOut Z=2396.45
[ACTIVE] [RED] ClimbOut Z=2156.07
[ACTIVE] [RED] LeadPredict dist=2267.34 dV=-1.59476 thr=0.541308 om=0.754618 lt=3
[ACTIVE] [RED] ClimbOut Z=2871.38
[ACTIVE] [RED] LeadPredict dist=3926.81 tgtRoll=-64.889
[ACTIVE] [RED] LeadPredict dist=4039.31 dV=42.8529 thr=1 om=0.231431 lt=3
[ACTIVE] [RED] LeadPredict dist=2985.85 tgtRoll=-52.528
[ACTIVE] [RED] LeadPredict dist=2281.33 dV=30.8664 thr=1 om=0.248964 lt=3
[ACTIVE] [RED] LeadPredict dist=378.212 tgtRoll=51.079
[ACTIVE] [RED] LeadPredict dist=1622.84 dV=-64.0992 thr=1 om=0.223724 lt=3
[DUTY] team=1 ticks=7200 v27종말조준=1.76389% v21뱅크예측=77.4444% v17궤도조건=82.8056% v17슬롯적용=71.7639% 상승클램프=0% 강하클램프=25.9861% v23b조건=34.4167% v23b실제적용=33.2778%
[ACTIVE] [RED] ClimbOut Z=2291.76
[ACTIVE] [RED] ClimbOut Z=1936.95
[ACTIVE] [RED] LeadPredict dist=3312.9 dV=-103.197 thr=1 om=0.232043 lt=3
[ACTIVE] [RED] ClimbOut Z=2268.78
[ACTIVE] [RED] LeadPredict dist=1419.6 dV=-15.5361 thr=1 om=0.223564 lt=3
[ACTIVE] [RED] LeadPredict dist=326.402 tgtRoll=-55.748
[ACTIVE] [RED] LeadPredict dist=1703.17 dV=59.9837 thr=0.736988 om=0.273927 lt=3
[ACTIVE] [RED] LeadPredict dist=2111.1 tgtRoll=12.529
[ACTIVE] [RED] LeadPredict dist=1506.05 dV=22.6354 thr=0.959264 om=0.0137579 lt=3
[ACTIVE] [RED] LeadPredict dist=426.257 tgtRoll=102.497
[ACTIVE] [RED] LeadPredict dist=749.618 dV=-23.1498 thr=1 om=0.195456 lt=2.96712
[ACTIVE] [RED] LeadPredict dist=1264.27 tgtRoll=-172.548
[ACTIVE] [RED] LeadPredict dist=874.255 dV=-15.1245 thr=1 om=0.229941 lt=3
[ACTIVE] [RED] LeadPredict dist=347.037 tgtRoll=96.512
[ACTIVE] [RED] LeadPredict dist=1110.94 dV=38.8917 thr=1 om=0.164579 lt=3
runner:local/env:0	num_steps=[11999] | total rewards=[-15.8139] | termination= [max time out]
[seed 3] reward=   -15.81 ownHP=1.0000 tgtHP=1.0000 max time out
total: 2
[ACTIVE] [RED] LeadPredict dist=3454.07 tgtRoll=63.93
[ACTIVE] [RED] LeadPredict dist=2615.83 dV=-0.20578 thr=1 om=0.0426909 lt=3
[ACTIVE] [RED] LeadPredict dist=1641.07 tgtRoll=100.446
[ACTIVE] [RED] LeadPredict dist=654.432 dV=15.7419 thr=0.92 om=0.162996 lt=1.94218
[ACTIVE] [RED] LeadPredict dist=825.793 tgtRoll=-108.679
[ACTIVE] [RED] LeadPredict dist=1195.65 dV=23.3556 thr=0.576946 om=0.181693 lt=3
[DUTY] team=1 ticks=7800 v27종말조준=1.71795% v21뱅크예측=76.7179% v17궤도조건=82% v17슬롯적용=68.8077% 상승클램프=0% 강하클램프=27.3462% v23b조건=33.7821% v23b실제적용=32.4359%
[ACTIVE] [RED] LeadPredict dist=1082.61 tgtRoll=15.051
[ACTIVE] [RED] LeadPredict dist=820.964 dV=-11.009 thr=0.656093 om=0.0886645 lt=2.40809
[ACTIVE] [RED] LeadPredict dist=273.312 tgtRoll=-8.911
[ACTIVE] [RED] LeadPredict dist=1028.16 dV=-63.7391 thr=0.811762 om=0.23218 lt=3
[ACTIVE] [RED] LeadPredict dist=996.724 tgtRoll=175.686
[ACTIVE] [RED] LeadPredict dist=838.904 dV=-22.0695 thr=0.740049 om=0.213142 lt=2.61207
[ACTIVE] [RED] LeadPredict dist=1069.53 tgtRoll=11.787
[ACTIVE] [RED] LeadPredict dist=870.964 dV=-38.0171 thr=0.788587 om=0.199674 lt=2.81188
[ACTIVE] [RED] LeadPredict dist=1158.36 tgtRoll=177.346
[ACTIVE] [RED] LeadPredict dist=1174.59 dV=-31.2779 thr=0.778967 om=0.213255 lt=3
[ACTIVE] [RED] LeadPredict dist=1243.67 tgtRoll=-53.338
[ACTIVE] [RED] ClimbOut Z=2953.17
[ACTIVE] [RED] LeadPredict dist=1284.99 dV=-24.6931 thr=1 om=0.269787 lt=3
[ACTIVE] [RED] ClimbOut Z=2358.65
[ACTIVE] [RED] ClimbOut Z=2445.21
[ACTIVE] [RED] LeadPredict dist=1162.09 dV=29.4774 thr=0.76 om=0.215773 lt=3
[ACTIVE] [RED] LeadPredict dist=976.894 tgtRoll=-63.461
[ACTIVE] [RED] LeadPredict dist=974.982 dV=16.565 thr=1 om=0.0298779 lt=3
[ACTIVE] [RED] LeadPredict dist=931.636 tgtRoll=-17.148
[ACTIVE] [RED] LeadPredict dist=940.035 dV=-1.59476 thr=1 om=0.271862 lt=3
[ACTIVE] [RED] LeadPredict dist=951.606 tgtRoll=74.767
[ACTIVE] [RED] LeadPredict dist=955.396 dV=-8.02527 thr=1 om=0.239871 lt=3
[DUTY] team=1 ticks=8400 v27종말조준=1.66667% v21뱅크예측=76.8095% v17궤도조건=82.8214% v17슬롯적용=69.75% 상승클램프=0% 강하클램프=26.5714% v23b조건=35.1667% v23b실제적용=33.9167%
[ACTIVE] [RED] LeadPredict dist=1025.88 tgtRoll=-76.972
[ACTIVE] [RED] LeadPredict dist=1038.54 dV=-24.6417 thr=1 om=0.174975 lt=3
[ACTIVE] [RED] LeadPredict dist=1151.02 tgtRoll=81.636
[ACTIVE] [RED] LeadPredict dist=1164.95 dV=-21.8637 thr=1 om=0.164618 lt=3
[ACTIVE] [RED] ClimbOut Z=2879.89
[ACTIVE] [RED] ClimbOut Z=2290.41
[ACTIVE] [RED] ClimbOut Z=2466.05
[ACTIVE] [RED] LeadPredict dist=1097.43 dV=22.944 thr=0.49933 om=0.202452 lt=2.90476
[ACTIVE] [RED] LeadPredict dist=1172.43 dV=12.6552 thr=0.84234 om=0.23848 lt=3
[ACTIVE] [RED] LeadPredict dist=1150.13 tgtRoll=-2.645
[ACTIVE] [RED] LeadPredict dist=1143.33 dV=-37.2455 thr=1 om=0.0890698 lt=3
[ACTIVE] [RED] LeadPredict dist=1146.19 tgtRoll=-111.428
[ACTIVE] [RED] LeadPredict dist=1279.73 dV=-39.5605 thr=1 om=0.250724 lt=3
[ACTIVE] [RED] LeadPredict dist=1278.87 tgtRoll=169.124
[ACTIVE] [RED] ClimbOut Z=2807.68
[ACTIVE] [RED] ClimbOut Z=2384.18
[ACTIVE] [RED] LeadPredict dist=1291.24 dV=4.73285 thr=0.92 om=0.231123 lt=3
[ACTIVE] [RED] ClimbOut Z=2670.81
[ACTIVE] [RED] LeadPredict dist=1114.77 dV=11.7292 thr=0.706598 om=0.2024 lt=3
[ACTIVE] [RED] LeadPredict dist=1083.96 tgtRoll=38.392
[ACTIVE] [RED] LeadPredict dist=1060.32 dV=-10.546 thr=1 om=0.0138325 lt=3
[ACTIVE] [RED] LeadPredict dist=1084.17 tgtRoll=-135.875
[ACTIVE] [RED] LeadPredict dist=1069.47 dV=-5.65884 thr=0.776124 om=0.102231 lt=3
[DUTY] team=1 ticks=9000 v27종말조준=1.55556% v21뱅크예측=75.8111% v17궤도조건=83.1222% v17슬롯적용=70.9222% 상승클램프=0% 강하클램프=26.0667% v23b조건=35.3111% v23b실제적용=34.1444%
[ACTIVE] [RED] LeadPredict dist=1075.08 tgtRoll=162.511
[ACTIVE] [RED] LeadPredict dist=1147.09 dV=-21.555 thr=1 om=0.242211 lt=3
[ACTIVE] [RED] LeadPredict dist=1163.54 tgtRoll=116.701
[ACTIVE] [RED] ClimbOut Z=2486.3
[ACTIVE] [RED] ClimbOut Z=3127.14
[ACTIVE] [RED] ClimbOut Z=1937.84
[ACTIVE] [RED] LeadPredict dist=1077.71 dV=12.398 thr=0.68 om=0.671667 lt=2.78209
[ACTIVE] [RED] ClimbOut Z=2210.46
[ACTIVE] [RED] ClimbOut Z=2191.76
[ACTIVE] [RED] LeadPredict dist=1309.5 dV=28.8086 thr=0.671397 om=0.248779 lt=3
[ACTIVE] [RED] LeadPredict dist=1105.19 tgtRoll=-20.283
[ACTIVE] [RED] LeadPredict dist=945.365 dV=-3.13809 thr=0.865328 om=0.254725 lt=3
[ACTIVE] [RED] LeadPredict dist=1178.3 tgtRoll=-176.671
[ACTIVE] [RED] LeadPredict dist=948.656 dV=8.74548 thr=1 om=0.0687101 lt=3
[ACTIVE] [RED] LeadPredict dist=1084.41 tgtRoll=26.657
[ACTIVE] [RED] LeadPredict dist=909.45 dV=6.12184 thr=0.992 om=0.280688 lt=3
[ACTIVE] [RED] LeadPredict dist=834.069 tgtRoll=-170.716
[ACTIVE] [RED] LeadPredict dist=1075.73 dV=-34.8276 thr=1 om=0.245981 lt=3
[ACTIVE] [RED] LeadPredict dist=1151.14 tgtRoll=108.031
[ACTIVE] [RED] LeadPredict dist=1065.79 dV=10.0316 thr=1 om=0.184346 lt=3
[ACTIVE] [RED] LeadPredict dist=1014.64 tgtRoll=-40.735
[ACTIVE] [RED] LeadPredict dist=1062.29 dV=15.8448 thr=1 om=0.102937 lt=3
[ACTIVE] [RED] LeadPredict dist=1114.33 tgtRoll=-87.059
runner:local/env:0	num_steps=[11999] | total rewards=[800.4056] | termination= [max time out]
[seed 4] reward=   800.41 ownHP=1.0000 tgtHP=0.9948 max time out
total: 2
[ACTIVE] [RED] LeadPredict dist=2554.34 dV=13.6841 thr=1 om=0.173826 lt=3
[DUTY] team=1 ticks=9600 v27종말조준=1.45833% v21뱅크예측=76.0729% v17궤도조건=83.7708% v17슬롯적용=72.3333% 상승클램프=0% 강하클램프=25.0938% v23b조건=34.3542% v23b실제적용=33.2604%
[ACTIVE] [RED] LeadPredict dist=2137.77 tgtRoll=164.949
[ACTIVE] [RED] LeadPredict dist=1384.38 dV=41.6696 thr=1 om=0.0357294 lt=3
[ACTIVE] [RED] Evade Z=7040.11
[ACTIVE] [RED] LeadPredict dist=871.578 tgtRoll=-77.194
[ACTIVE] [RED] LeadPredict dist=1593.45 dV=39.6633 thr=0.488398 om=0.0993058 lt=3
[ACTIVE] [RED] LeadPredict dist=1694.2 tgtRoll=-2.215
[ACTIVE] [RED] LeadPredict dist=1231.44 dV=-33.1814 thr=0.636853 om=0.010353 lt=3
[ACTIVE] [RED] LeadPredict dist=895.189 tgtRoll=5.476
[ACTIVE] [RED] LeadPredict dist=834.304 dV=-74.2337 thr=0.758196 om=0.211121 lt=2.63274
[ACTIVE] [RED] LeadPredict dist=1087.9 tgtRoll=159.812
[ACTIVE] [RED] LeadPredict dist=938.367 dV=-43.4187 thr=0.726494 om=0.0649173 lt=2.89303
[ACTIVE] [RED] LeadPredict dist=1090.52 tgtRoll=-35.182
[ACTIVE] [RED] LeadPredict dist=1180.43 dV=-40.2292 thr=0.910705 om=0.232921 lt=3
[ACTIVE] [RED] LeadPredict dist=1110.53 tgtRoll=140.089
[ACTIVE] [RED] LeadPredict dist=1373.96 dV=-62.1443 thr=0.941913 om=0.284827 lt=3
[ACTIVE] [RED] ClimbOut Z=2974.54
[ACTIVE] [RED] ClimbOut Z=2583.74
[ACTIVE] [RED] LeadPredict dist=1394.87 dV=-2.10919 thr=0.76 om=0.230729 lt=3
[ACTIVE] [RED] ClimbOut Z=2932.22
[ACTIVE] [RED] LeadPredict dist=1311.43 tgtRoll=12.595
[ACTIVE] [RED] LeadPredict dist=1222.65 dV=13.2211 thr=0.737644 om=0.290395 lt=3
[ACTIVE] [RED] LeadPredict dist=1187.63 tgtRoll=-42.805
[ACTIVE] [RED] LeadPredict dist=1150.42 dV=-13.324 thr=1 om=0.185547 lt=3
[DUTY] team=1 ticks=10200 v27종말조준=1.39216% v21뱅크예측=75.4412% v17궤도조건=83.4608% v17슬롯적용=71.7255% 상승클램프=0% 강하클램프=25.4902% v23b조건=36.3137% v23b실제적용=35.2843%
[ACTIVE] [RED] LeadPredict dist=1178.83 tgtRoll=-158.09
[ACTIVE] [RED] LeadPredict dist=1205.79 dV=-19.2401 thr=1 om=0.19395 lt=3
[ACTIVE] [RED] LeadPredict dist=1204.19 tgtRoll=148.974
[ACTIVE] [RED] LeadPredict dist=1301.37 dV=-35.2391 thr=0.787415 om=0.233672 lt=3
[ACTIVE] [RED] ClimbOut Z=2307.59
[ACTIVE] [RED] ClimbOut Z=2192.65
[ACTIVE] [RED] LeadPredict dist=1082.92 dV=24.8475 thr=0.79 om=0.294775 lt=2.91274
[ACTIVE] [RED] ClimbOut Z=2770.49
[ACTIVE] [RED] LeadPredict dist=1060.03 tgtRoll=4.014
[ACTIVE] [RED] LeadPredict dist=1086.63 dV=9.36279 thr=0.893329 om=0.234997 lt=3
[ACTIVE] [RED] LeadPredict dist=1020.86 tgtRoll=-171.668
[ACTIVE] [RED] LeadPredict dist=1118.57 dV=-18.417 thr=1 om=0.223547 lt=3
[ACTIVE] [RED] LeadPredict dist=1148.63 tgtRoll=43.341
[ACTIVE] [RED] LeadPredict dist=1127.69 dV=-18.6742 thr=1 om=0.162112 lt=3
[ACTIVE] [RED] LeadPredict dist=1131.6 tgtRoll=173.587
[ACTIVE] [RED] LeadPredict dist=1223.43 dV=-36.731 thr=1 om=0.207484 lt=3
[ACTIVE] [RED] LeadPredict dist=1314.28 tgtRoll=-56.364
[ACTIVE] [RED] LeadPredict dist=1355.53 dV=-14.8673 thr=1 om=0.238245 lt=3
[ACTIVE] [RED] ClimbOut Z=2713.39
[ACTIVE] [RED] ClimbOut Z=2927.74
[ACTIVE] [RED] LeadPredict dist=1112.21 dV=23.3556 thr=0.62286 om=0.0485503 lt=3
[ACTIVE] [RED] LeadPredict dist=1099.74 tgtRoll=-6.354
[ACTIVE] [RED] LeadPredict dist=1043.13 dV=-9.62003 thr=1 om=0.208641 lt=3
[DUTY] team=1 ticks=10800 v27종말조준=1.31481% v21뱅크예측=74.963% v17궤도조건=83.8056% v17슬롯적용=72.7222% 상승클램프=0% 강하클램프=25.4167% v23b조건=36.2222% v23b실제적용=35.25%
[ACTIVE] [RED] LeadPredict dist=1064.63 tgtRoll=-134.974
[ACTIVE] [RED] LeadPredict dist=1109.57 dV=-12.4495 thr=1 om=0.204707 lt=3
[ACTIVE] [RED] LeadPredict dist=1115.71 tgtRoll=118.348
[ACTIVE] [RED] LeadPredict dist=1147.81 dV=-22.944 thr=1 om=0.144759 lt=3
[ACTIVE] [RED] ClimbOut Z=2583.34
[ACTIVE] [RED] LeadPredict dist=1129.69 dV=13.4783 thr=0.7 om=0.236612 lt=3
[ACTIVE] [RED] ClimbOut Z=2798.91
[ACTIVE] [RED] LeadPredict dist=1037.92 tgtRoll=3.099
[ACTIVE] [RED] LeadPredict dist=1009.1 dV=14.3529 thr=1 om=0.265864 lt=3
[ACTIVE] [RED] LeadPredict dist=967.552 tgtRoll=148.448
[ACTIVE] [RED] LeadPredict dist=964.933 dV=-1.59476 thr=0.84 om=0.284375 lt=3
[ACTIVE] [RED] LeadPredict dist=965.735 tgtRoll=136.364
[ACTIVE] [RED] LeadPredict dist=1009.19 dV=-16.5649 thr=1 om=0.21553 lt=3
[ACTIVE] [RED] LeadPredict dist=1057.77 tgtRoll=-77.595
[ACTIVE] [RED] LeadPredict dist=1202.1 dV=-34.6732 thr=0.794021 om=0.11724 lt=3
[ACTIVE] [RED] LeadPredict dist=1169.48 tgtRoll=-10.662
[ACTIVE] [RED] LeadPredict dist=1146.47 dV=12.2437 thr=0.583505 om=0.221097 lt=3
[ACTIVE] [RED] LeadPredict dist=1108.49 tgtRoll=113.728
[ACTIVE] [RED] LeadPredict dist=1102.51 dV=-4.21841 thr=1 om=0.0771309 lt=3
[ACTIVE] [RED] LeadPredict dist=1114.88 tgtRoll=135.087
[ACTIVE] [RED] LeadPredict dist=1113 dV=-10.7003 thr=1 om=0.234205 lt=3
[DUTY] team=1 ticks=11400 v27종말조준=1.24561% v21뱅크예측=74.4825% v17궤도조건=83.9386% v17슬롯적용=73.4386% 상승클램프=0% 강하클램프=24.886% v23b조건=35.6579% v23b실제적용=34.7368%
[ACTIVE] [RED] LeadPredict dist=1141.85 tgtRoll=104.904
[ACTIVE] [RED] LeadPredict dist=1158.65 dV=-16.7708 thr=1 om=0.25894 lt=3
[ACTIVE] [RED] ClimbOut Z=2877.31
[ACTIVE] [RED] ClimbOut Z=3054
[ACTIVE] [RED] ClimbOut Z=2347.38
[ACTIVE] [RED] ClimbOut Z=2617.98
[ACTIVE] [RED] LeadPredict dist=985.925 dV=30.6092 thr=0.492333 om=0.198179 lt=2.59829
runner:local/env:0	num_steps=[11999] | total rewards=[1049.8021] | termination= [max time out]
[seed 5] reward=  1049.80 ownHP=1.0000 tgtHP=0.9836 max time out
total: 2
[ACTIVE] [RED] LeadPredict dist=1863.99 tgtRoll=-106.878
[ACTIVE] [RED] LeadPredict dist=1680.35 dV=18.5713 thr=0.765192 om=0.157824 lt=3
[ACTIVE] [RED] LeadPredict dist=2055.68 tgtRoll=-174.454
[ACTIVE] [RED] LeadPredict dist=2222.83 dV=33.6958 thr=0.648222 om=0.156504 lt=3
[ACTIVE] [RED] LeadPredict dist=2082.47 tgtRoll=3.81
[ACTIVE] [RED] LeadPredict dist=1811.16 dV=19.8059 thr=0.592906 om=0.194969 lt=3
[ACTIVE] [RED] LeadPredict dist=1124.18 tgtRoll=-117.644
[ACTIVE] [RED] LeadPredict dist=1249.66 dV=-35.7021 thr=0.683422 om=0.217983 lt=3
[ACTIVE] [RED] ClimbOut Z=2765.01
[ACTIVE] [RED] ClimbOut Z=2895.28
[ACTIVE] [RED] ClimbOut Z=2900.23
[ACTIVE] [RED] LeadPredict dist=1385.52 dV=11.7807 thr=0.605587 om=0.227403 lt=3
[ACTIVE] [RED] LeadPredict dist=1499.42 tgtRoll=37.472
[ACTIVE] [RED] LeadPredict dist=788.472 dV=-26.8538 thr=0.803017 om=0.190867 lt=2.57377
[ACTIVE] [RED] LeadPredict dist=624.881 tgtRoll=54.021
[ACTIVE] [RED] LeadPredict dist=905.628 dV=-48.1516 thr=1 om=0.20615 lt=3
[ACTIVE] [RED] LeadPredict dist=879.665 tgtRoll=-157.372
[ACTIVE] [RED] LeadPredict dist=1139.83 dV=-20.6805 thr=1 om=0.257058 lt=3
[DUTY] team=1 ticks=12000 v27종말조준=1.20833% v21뱅크예측=74.6417% v17궤도조건=84.35% v17슬롯적용=72.6833% 상승클램프=0% 강하클램프=25.4833% v23b조건=36.9333% v23b실제적용=36.0583%
[ACTIVE] [RED] LeadPredict dist=1182.52 tgtRoll=49.212
[ACTIVE] [RED] LeadPredict dist=1030.09 dV=-48.9747 thr=1 om=0.247507 lt=3
[ACTIVE] [RED] LeadPredict dist=1042.56 tgtRoll=-141.866
[ACTIVE] [RED] LeadPredict dist=1432.88 dV=-83.4936 thr=1 om=0.225091 lt=3
[ACTIVE] [RED] LeadPredict dist=1459.43 tgtRoll=55.613
[ACTIVE] [RED] ClimbOut Z=2155.79
[ACTIVE] [RED] ClimbOut Z=3015.01
[ACTIVE] [RED] ClimbOut Z=1519.14
[ACTIVE] [RED] ClimbOut Z=2164.07
[ACTIVE] [RED] ClimbOut Z=1621.06
[ACTIVE] [RED] ClimbOut Z=1794.16
[ACTIVE] [RED] ClimbOut Z=2329.51
[ACTIVE] [RED] LeadPredict dist=3359.02 dV=27.8312 thr=1 om=0 lt=3
[ACTIVE] [RED] LeadPredict dist=3396.09 dV=38.8917 thr=1 om=0.281598 lt=3
[ACTIVE] [RED] LeadPredict dist=3146.85 tgtRoll=88.777
[ACTIVE] [RED] LeadPredict dist=126.828 tgtRoll=-84.988
[ACTIVE] [RED] LeadPredict dist=536.771 dV=-14.25 thr=1 om=0.63029 lt=1.93654
[ACTIVE] [RED] ClimbOut Z=2773.7
[ACTIVE] [RED] LeadPredict dist=3598.3 dV=-120.019 thr=1 om=0.22469 lt=3
[ACTIVE] [RED] ClimbOut Z=1974.37
[ACTIVE] [RED] ClimbOut Z=1704.13
[ACTIVE] [RED] LeadPredict dist=4606.23 dV=-129.948 thr=1 om=0.224484 lt=3
[ACTIVE] [RED] ClimbOut Z=2092.37
[ACTIVE] [RED] ClimbOut Z=2899.51
[ACTIVE] [RED] LeadPredict dist=2500.53 dV=-33.2328 thr=1 om=0.162458 lt=3
[ACTIVE] [RED] LeadPredict dist=2496.99 tgtRoll=176.615
[ACTIVE] [RED] Evade Z=5181.31
[ACTIVE] [RED] LeadPredict dist=692.198 tgtRoll=175.5
[ACTIVE] [RED] LeadPredict dist=1379.99 dV=68.0604 thr=0.794271 om=0.259805 lt=3
[ACTIVE] [RED] LeadPredict dist=3265.17 tgtRoll=6.053
[ACTIVE] [RED] LeadPredict dist=3553.42 dV=129.176 thr=1 om=0.225703 lt=3
[DUTY] team=1 ticks=12600 v27종말조준=1.15079% v21뱅크예측=74.2937% v17궤도조건=82.8651% v17슬롯적용=71.0794% 상승클램프=0% 강하클램프=26.5952% v23b조건=35.8095% v23b실제적용=34.8333%
[ACTIVE] [RED] LeadPredict dist=3243.48 tgtRoll=4.529
[ACTIVE] [RED] LeadPredict dist=2832.67 dV=55.0965 thr=1 om=0.00466658 lt=3
[ACTIVE] [RED] LeadPredict dist=832.081 tgtRoll=-164.099
[ACTIVE] [RED] LeadPredict dist=317.647 dV=-38.6859 thr=1 om=0.285686 lt=1.23369
[ACTIVE] [RED] LeadPredict dist=2119.52 tgtRoll=-144.338
[ACTIVE] [RED] LeadPredict dist=2561.06 dV=-124.803 thr=1 om=0.212605 lt=3
[ACTIVE] [RED] ClimbOut Z=2798.49
[ACTIVE] [RED] LeadPredict dist=2485.29 dV=-84.1109 thr=1 om=0.214925 lt=3
[ACTIVE] [RED] LeadPredict dist=1266.83 tgtRoll=-130.725
[ACTIVE] [RED] LeadPredict dist=393.524 dV=18.6742 thr=0.65591 om=0.141287 lt=1.23301
[ACTIVE] [RED] LeadPredict dist=1508.73 tgtRoll=-8.586
[ACTIVE] [RED] LeadPredict dist=1695.36 dV=37.1426 thr=0.797113 om=0.253454 lt=3
[ACTIVE] [RED] LeadPredict dist=816.667 tgtRoll=83.889
[ACTIVE] [RED] LeadPredict dist=40.8228 dV=-28.3456 thr=1 om=0.0226918 lt=0.144437
[ACTIVE] [RED] LeadPredict dist=491.281 tgtRoll=178.835
[ACTIVE] [RED] LeadPredict dist=272.598 dV=-17.0794 thr=0.88 om=0.106838 lt=0.930289
[ACTIVE] [RED] LeadPredict dist=859.896 tgtRoll=-12.39
[ACTIVE] [RED] LeadPredict dist=636.366 dV=-21.7608 thr=0.803891 om=0.129145 lt=2.07865
[ACTIVE] [RED] LeadPredict dist=729.136 tgtRoll=-179.678
[ACTIVE] [RED] LeadPredict dist=1181.45 dV=-59.9323 thr=0.851773 om=0.212261 lt=3
[DUTY] team=1 ticks=13200 v27종말조준=1.21212% v21뱅크예측=74.0076% v17궤도조건=82.2197% v17슬롯적용=69.6742% 상승클램프=0% 강하클램프=27.4091% v23b조건=35.8182% v23b실제적용=34.7955%
[ACTIVE] [RED] LeadPredict dist=833.687 tgtRoll=56.095
[ACTIVE] [RED] LeadPredict dist=985.947 dV=-15.2789 thr=0.738081 om=0.23561 lt=3
[ACTIVE] [RED] LeadPredict dist=894.087 tgtRoll=31.017
[ACTIVE] [RED] LeadPredict dist=1014.37 dV=-41.361 thr=0.736114 om=0.150201 lt=3
[ACTIVE] [RED] LeadPredict dist=1048.82 tgtRoll=28.148
[ACTIVE] [RED] LeadPredict dist=1075.26 dV=-0.514435 thr=0.690419 om=0.156744 lt=3
runner:local/env:0	num_steps=[11999] | total rewards=[144.5048] | termination= [max time out]
[seed 6] reward=   144.50 ownHP=1.0000 tgtHP=0.9380 max time out
total: 2
[ACTIVE] [RED] LeadPredict dist=1601.38 tgtRoll=75.306
[ACTIVE] [RED] LeadPredict dist=422.127 dV=-5.81317 thr=0.84 om=0.140128 lt=1.38211
[ACTIVE] [RED] LeadPredict dist=1674.71 tgtRoll=-142.267
[ACTIVE] [RED] LeadPredict dist=2545.57 dV=-27.2653 thr=0.805734 om=0.192594 lt=3
[ACTIVE] [RED] LeadPredict dist=2670.43 tgtRoll=-78.29
[ACTIVE] [RED] LeadPredict dist=1821.54 dV=-14.9188 thr=0.594656 om=0.215741 lt=3
[ACTIVE] [RED] LeadPredict dist=578.989 tgtRoll=-151.482
[ACTIVE] [RED] ClimbOut Z=2518.44
[ACTIVE] [RED] LeadPredict dist=4365.7 tgtRoll=21.479
[ACTIVE] [RED] LeadPredict dist=4678.55 dV=67.3402 thr=1 om=0.199083 lt=3
[ACTIVE] [RED] LeadPredict dist=5563.42 tgtRoll=71.264
[ACTIVE] [RED] LeadPredict dist=5431.58 dV=53.8104 thr=1 om=0.238989 lt=3
[ACTIVE] [RED] LeadPredict dist=2970.64 tgtRoll=112.085
[ACTIVE] [RED] LeadPredict dist=2627.86 dV=-22.7897 thr=1 om=0.047842 lt=3
[ACTIVE] [RED] LeadPredict dist=648.217 tgtRoll=-116.069
[ACTIVE] [RED] LeadPredict dist=979.691 dV=-64.305 thr=1 om=0.228884 lt=3
[DUTY] team=1 ticks=13800 v27종말조준=1.21014% v21뱅크예측=74.2826% v17궤도조건=81.5072% v17슬롯적용=69.0145% 상승클램프=0% 강하클램프=27.6232% v23b조건=36.4348% v23b실제적용=35.4565%
[ACTIVE] [RED] ClimbOut Z=2784.3
[ACTIVE] [RED] LeadPredict dist=3305.45 dV=-95.1714 thr=1 om=0.242197 lt=3
[ACTIVE] [RED] ClimbOut Z=1954.34
[ACTIVE] [RED] ClimbOut Z=1826.74
[ACTIVE] [RED] LeadPredict dist=1881.02 dV=-32.0496 thr=0.735458 om=0.238874 lt=3
[ACTIVE] [RED] ClimbOut Z=2405.58
[ACTIVE] [RED] ClimbOut Z=2919.37
[ACTIVE] [RED] ClimbOut Z=2222.53
[ACTIVE] [RED] LeadPredict dist=1790.03 tgtRoll=-2.543
[ACTIVE] [RED] LeadPredict dist=2550.33 dV=53.4503 thr=1 om=0.276921 lt=3
[ACTIVE] [RED] LeadPredict dist=2506.6 tgtRoll=-6.029
[ACTIVE] [RED] LeadPredict dist=355.632 dV=-18.9828 thr=1 om=0.15997 lt=1.34337
[ACTIVE] [RED] LeadPredict dist=301.67 tgtRoll=-176.624
[ACTIVE] [RED] LeadPredict dist=1656.69 dV=-17.6453 thr=1 om=0.254185 lt=3
[ACTIVE] [RED] LeadPredict dist=1659.88 tgtRoll=118.02
[ACTIVE] [RED] LeadPredict dist=488.989 dV=-8.48825 thr=1 om=0.233828 lt=2.48829
[ACTIVE] [RED] LeadPredict dist=441.607 tgtRoll=79.081
[ACTIVE] [RED] LeadPredict dist=1754.71 dV=-50.6209 thr=1 om=0.269052 lt=3
[ACTIVE] [RED] LeadPredict dist=1809.7 tgtRoll=-93.551
[ACTIVE] [RED] LeadPredict dist=2460.56 dV=-86.2202 thr=1 om=0.236361 lt=3
[ACTIVE] [RED] LeadPredict dist=2447.41 tgtRoll=-105.011
[ACTIVE] [RED] LeadPredict dist=1452.17 dV=-23.0984 thr=1 om=0.2483 lt=3
[ACTIVE] [RED] LeadPredict dist=1404.34 tgtRoll=-142.998
[ACTIVE] [RED] LeadPredict dist=1040.52 dV=51.444 thr=0.993999 om=0.200723 lt=3
[DUTY] team=1 ticks=14400 v27종말조준=1.1875% v21뱅크예측=74.4306% v17궤도조건=81.4792% v17슬롯적용=68.4375% 상승클램프=0% 강하클램프=28.6181% v23b조건=35.1944% v23b실제적용=34.2569%
[ACTIVE] [RED] LeadPredict dist=1086.34 tgtRoll=-17.634
[ACTIVE] [RED] LeadPredict dist=2558.36 dV=59.0063 thr=1 om=0.147598 lt=3
[ACTIVE] [RED] LeadPredict dist=2594.81 tgtRoll=-37.943
[ACTIVE] [RED] LeadPredict dist=2737.44 dV=49.0776 thr=1 om=0.147992 lt=3
[ACTIVE] [RED] LeadPredict dist=2711.96 tgtRoll=-144.202
[ACTIVE] [RED] LeadPredict dist=1691.87 dV=50.7752 thr=1 om=0.185861 lt=3
[ACTIVE] [RED] LeadPredict dist=1646.84 tgtRoll=-31.966
[ACTIVE] [RED] LeadPredict dist=512.09 dV=-4.62996 thr=1 om=0.189894 lt=3
[ACTIVE] [RED] LeadPredict dist=500.535 tgtRoll=-15.331
[ACTIVE] [RED] LeadPredict dist=1596.34 dV=-105.1 thr=1 om=0.17043 lt=3
[ACTIVE] [RED] LeadPredict dist=1649.12 tgtRoll=172.259
[ACTIVE] [RED] LeadPredict dist=2864.35 dV=-139.722 thr=1 om=0.22558 lt=3
[ACTIVE] [RED] LeadPredict dist=2892 tgtRoll=110.06
[ACTIVE] [RED] LeadPredict dist=3132.26 dV=-79.3266 thr=1 om=0.197456 lt=3
[ACTIVE] [RED] LeadPredict dist=3123.7 tgtRoll=89.015
[ACTIVE] [RED] LeadPredict dist=2443.04 dV=1.2861 thr=1 om=0.201847 lt=3
[ACTIVE] [RED] LeadPredict dist=2405.93 tgtRoll=82.468
[ACTIVE] [RED] LeadPredict dist=1101.63 dV=28.7057 thr=1 om=0.189294 lt=3
[ACTIVE] [RED] LeadPredict dist=1047.46 tgtRoll=59.616
[ACTIVE] [RED] Evade Z=7130.28
[ACTIVE] [RED] LeadPredict dist=729.155 tgtRoll=-80.451
[ACTIVE] [RED] LeadPredict dist=991.411 dV=41.824 thr=0.879999 om=0.194721 lt=3
[DUTY] team=1 ticks=15000 v27종말조준=1.14% v21뱅크예측=75.18% v17궤도조건=80.76% v17슬롯적용=67.16% 상승클램프=0% 강하클램프=29% v23b조건=33.7867% v23b실제적용=32.8867%
[ACTIVE] [RED] LeadPredict dist=922.379 tgtRoll=12.038
[ACTIVE] [RED] LeadPredict dist=803.324 dV=36.8339 thr=0.856 om=0.178641 lt=2.8035
[ACTIVE] [RED] LeadPredict dist=83.1828 tgtRoll=-133.579
[ACTIVE] [RED] LeadPredict dist=331.921 dV=-36.9368 thr=1 om=0.0865002 lt=1.24558
[ACTIVE] [RED] LeadPredict dist=291.819 tgtRoll=-112.401
[ACTIVE] [RED] LeadPredict dist=490.211 dV=-11.009 thr=0.841934 om=0.280919 lt=1.64948
[ACTIVE] [RED] LeadPredict dist=383.054 tgtRoll=-96.932
[ACTIVE] [RED] LeadPredict dist=648.199 dV=-40.8465 thr=0.859644 om=0.180767 lt=2.21209
runner:local/env:0	num_steps=[11999] | total rewards=[30.5299] | termination= [max time out]
[seed 7] reward=    30.53 ownHP=1.0000 tgtHP=1.0000 max time out
total: 2
[ACTIVE] [RED] LeadPredict dist=1588.5 tgtRoll=100.608
[ACTIVE] [RED] LeadPredict dist=1411.58 dV=8.5397 thr=1 om=0.16522 lt=3
[ACTIVE] [RED] LeadPredict dist=722.567 tgtRoll=103.705
[ACTIVE] [RED] Evade Z=6554.4
[ACTIVE] [RED] LeadPredict dist=1081.07 dV=26.7509 thr=0.615207 om=0.159081 lt=3
[ACTIVE] [RED] LeadPredict dist=1142.59 tgtRoll=-4.232
[ACTIVE] [RED] LeadPredict dist=727.958 dV=-30.0433 thr=0.732834 om=0.0223226 lt=2.2547
[ACTIVE] [RED] LeadPredict dist=511.378 tgtRoll=0.407
[ACTIVE] [RED] LeadPredict dist=664.627 dV=-71.9187 thr=0.811762 om=0.176172 lt=2.18418
[ACTIVE] [RED] LeadPredict dist=659.08 tgtRoll=176.081
[ACTIVE] [RED] LeadPredict dist=1032.83 dV=-32.6669 thr=0.739612 om=0.233665 lt=3
[ACTIVE] [RED] LeadPredict dist=1118.35 tgtRoll=-17.15
[ACTIVE] [RED] LeadPredict dist=777.557 dV=-58.0803 thr=0.805203 om=0.0175899 lt=2.54241
[DUTY] team=1 ticks=15600 v27종말조준=1.21795% v21뱅크예측=74.9744% v17궤도조건=80.5321% v17슬롯적용=66.2051% 상승클램프=0% 강하클램프=29.2115% v23b조건=34.8782% v23b실제적용=34.0128%
[ACTIVE] [RED] LeadPredict dist=901.942 tgtRoll=-154.76
[ACTIVE] [RED] LeadPredict dist=1316.93 dV=-59.4178 thr=1 om=0.147434 lt=3
[ACTIVE] [RED] LeadPredict dist=1289.46 tgtRoll=39.547
[ACTIVE] [RED] LeadPredict dist=1423.96 dV=-34.7247 thr=1 om=0.237924 lt=3
[ACTIVE] [RED] LeadPredict dist=1408.76 tgtRoll=143.403
[ACTIVE] [RED] ClimbOut Z=2680.29
[ACTIVE] [RED] LeadPredict dist=1483.72 dV=-40.4864 thr=0.592032 om=0.259995 lt=3
[ACTIVE] [RED] ClimbOut Z=1966.49
[ACTIVE] [RED] ClimbOut Z=2068.73
[ACTIVE] [RED] ClimbOut Z=2359.55
[ACTIVE] [RED] ClimbOut Z=2825.96
[ACTIVE] [RED] LeadPredict dist=1107.81 dV=20.9377 thr=0.614114 om=0.0105833 lt=3
[ACTIVE] [RED] LeadPredict dist=1267.95 tgtRoll=-3.874
[ACTIVE] [RED] LeadPredict dist=1000.93 dV=-1.5433 thr=0.839966 om=0.141666 lt=3
[ACTIVE] [RED] LeadPredict dist=1052.13 tgtRoll=-175.894
[ACTIVE] [RED] LeadPredict dist=1186.61 dV=-26.5966 thr=1 om=0.245459 lt=3
[ACTIVE] [RED] LeadPredict dist=1221.41 tgtRoll=-49.809
[ACTIVE] [RED] LeadPredict dist=1228.47 dV=-22.2238 thr=1 om=0.203145 lt=3
[ACTIVE] [RED] LeadPredict dist=1256.81 tgtRoll=131.47
[ACTIVE] [RED] LeadPredict dist=1299.1 dV=-19.1886 thr=0.65325 om=0.225159 lt=3
[ACTIVE] [RED] ClimbOut Z=2319.25
[ACTIVE] [RED] ClimbOut Z=2051.03
[ACTIVE] [RED] ClimbOut Z=2558.86
[ACTIVE] [RED] ClimbOut Z=2483.24
[ACTIVE] [RED] LeadPredict dist=1049.84 dV=28.3971 thr=0.615426 om=0.202319 lt=2.99535
[ACTIVE] [RED] LeadPredict dist=1218.98 tgtRoll=7.107
[ACTIVE] [RED] LeadPredict dist=1000.95 dV=8.2825 thr=0.864016 om=0.22606 lt=3
[DUTY] team=1 ticks=16200 v27종말조준=1.17284% v21뱅크예측=74.7716% v17궤도조건=80.9938% v17슬롯적용=67.1975% 상승클램프=0% 강하클램프=29.1667% v23b조건=35.4568% v23b실제적용=34.6235%
[ACTIVE] [RED] LeadPredict dist=1038.39 tgtRoll=179.712
[ACTIVE] [RED] LeadPredict dist=1101.74 dV=-24.8989 thr=1 om=0.316909 lt=3
[ACTIVE] [RED] LeadPredict dist=1124.21 tgtRoll=20.897
[ACTIVE] [RED] LeadPredict dist=1139.13 dV=-22.2238 thr=1 om=0.234996 lt=3
[ACTIVE] [RED] LeadPredict dist=1192.24 tgtRoll=-112.877
[ACTIVE] [RED] LeadPredict dist=1216.6 dV=-16.9765 thr=0.96 om=0.229281 lt=3
[ACTIVE] [RED] ClimbOut Z=2677.26
[ACTIVE] [RED] ClimbOut Z=2039.42
[ACTIVE] [RED] ClimbOut Z=2605.61
[ACTIVE] [RED] ClimbOut Z=2095.24
[ACTIVE] [RED] ClimbOut Z=2756.16
[ACTIVE] [RED] LeadPredict dist=967.57 dV=34.3132 thr=0.606025 om=0.187836 lt=2.74332
[ACTIVE] [RED] LeadPredict dist=1206.09 tgtRoll=3.136
[ACTIVE] [RED] LeadPredict dist=1038.6 dV=12.1408 thr=1 om=0.264688 lt=3
[ACTIVE] [RED] LeadPredict dist=1203.78 tgtRoll=-175.973
[ACTIVE] [RED] LeadPredict dist=1214.94 dV=-5.81317 thr=1 om=0.241031 lt=3
[ACTIVE] [RED] LeadPredict dist=955.446 tgtRoll=23.921
[ACTIVE] [RED] LeadPredict dist=1021.1 dV=19.2915 thr=1 om=0.289877 lt=3
[ACTIVE] [RED] LeadPredict dist=834.769 tgtRoll=-74.414
[ACTIVE] [RED] LeadPredict dist=839.226 dV=-5.65884 thr=1 om=0.115969 lt=3
[ACTIVE] [RED] LeadPredict dist=1174.75 tgtRoll=162.026
[ACTIVE] [RED] LeadPredict dist=1215.7 dV=-40.898 thr=1 om=0.189038 lt=3
[ACTIVE] [RED] LeadPredict dist=1177.04 tgtRoll=-59.751
[ACTIVE] [RED] LeadPredict dist=1165.55 dV=2.93231 thr=1 om=0.182582 lt=3
[DUTY] team=1 ticks=16800 v27종말조준=1.13095% v21뱅크예측=75.0774% v17궤도조건=81.5714% v17슬롯적용=68.2679% 상승클램프=0% 강하클램프=28.4048% v23b조건=34.8155% v23b실제적용=34.0119%
[ACTIVE] [RED] LeadPredict dist=1171.12 tgtRoll=-66.45
[ACTIVE] [RED] LeadPredict dist=1193.08 dV=4.57851 thr=1 om=0.195521 lt=3
[ACTIVE] [RED] LeadPredict dist=1305.88 tgtRoll=-96.849
[ACTIVE] [RED] LeadPredict dist=1345.61 dV=-34.9819 thr=1 om=0.23152 lt=3
[ACTIVE] [RED] LeadPredict dist=1451.55 tgtRoll=-121.712
[ACTIVE] [RED] LeadPredict dist=1472.35 dV=-66.1055 thr=1 om=0.221381 lt=3
[ACTIVE] [RED] LeadPredict dist=1568.39 tgtRoll=19.83
[ACTIVE] [RED] LeadPredict dist=1600.63 dV=-21.4007 thr=1 om=0.21502 lt=3
[ACTIVE] [RED] LeadPredict dist=1588.96 tgtRoll=-13.305
[ACTIVE] [RED] LeadPredict dist=1557.54 dV=41.8754 thr=1 om=0.209997 lt=3
runner:local/env:0	num_steps=[11999] | total rewards=[487.8474] | termination= [max time out]
[seed 8] reward=   487.85 ownHP=1.0000 tgtHP=1.0000 max time out
total: 2
[ACTIVE] [RED] LeadPredict dist=2853.73 tgtRoll=-11.403
[ACTIVE] [RED] LeadPredict dist=2259.49 dV=8.12814 thr=0.807389 om=0.157723 lt=3
[ACTIVE] [RED] LeadPredict dist=1148.55 tgtRoll=-126.253
[ACTIVE] [RED] LeadPredict dist=1519.19 dV=47.6886 thr=0.735676 om=0.163543 lt=3
[ACTIVE] [RED] LeadPredict dist=3416.49 tgtRoll=-65.113
[ACTIVE] [RED] LeadPredict dist=3875.83 dV=135.555 thr=1 om=0.179174 lt=3
[ACTIVE] [RED] LeadPredict dist=4994.63 tgtRoll=-19.247
[ACTIVE] [RED] LeadPredict dist=5122.76 dV=183.089 thr=1 om=0.176486 lt=3
[ACTIVE] [RED] LeadPredict dist=4896.85 tgtRoll=-34.473
[ACTIVE] [RED] LeadPredict dist=4661.23 dV=128.404 thr=1 om=0.200376 lt=3
[DUTY] team=1 ticks=17400 v27종말조준=1.09195% v21뱅크예측=75.6034% v17궤도조건=81.2241% v17슬롯적용=68.1897% 상승클램프=0% 강하클램프=28.3793% v23b조건=34.1322% v23b실제적용=33.3563%
[ACTIVE] [RED] LeadPredict dist=3302.84 tgtRoll=-122.664
[ACTIVE] [RED] LeadPredict dist=2814.15 dV=35.9079 thr=1 om=0.191392 lt=3
[ACTIVE] [RED] LeadPredict dist=762.954 tgtRoll=-178.745
[ACTIVE] [RED] LeadPredict dist=353.499 dV=-1.59476 thr=0.976 om=0.0865755 lt=1.36016
[ACTIVE] [RED] LeadPredict dist=1947.09 tgtRoll=120.222
[ACTIVE] [RED] LeadPredict dist=2248.04 dV=-10.083 thr=1 om=0.183026 lt=3
[ACTIVE] [RED] LeadPredict dist=1923.52 tgtRoll=43.373
[ACTIVE] [RED] LeadPredict dist=1461.9 dV=-21.9151 thr=0.7512 om=0.179991 lt=3
[ACTIVE] [RED] LeadPredict dist=1259.47 tgtRoll=-166.903
[ACTIVE] [RED] LeadPredict dist=1767.53 dV=-14.8673 thr=0.64844 om=0.250553 lt=3
[ACTIVE] [RED] ClimbOut Z=2991.61
[ACTIVE] [RED] ClimbOut Z=2284.68
[ACTIVE] [RED] ClimbOut Z=2121.28
[ACTIVE] [RED] ClimbOut Z=1718.16
[ACTIVE] [RED] ClimbOut Z=1926.05
[ACTIVE] [RED] LeadPredict dist=4967.48 dV=24.0243 thr=1 om=0.221867 lt=3
[ACTIVE] [RED] ClimbOut Z=2700.21
[ACTIVE] [RED] LeadPredict dist=4041.33 tgtRoll=-32.875
[ACTIVE] [RED] LeadPredict dist=3414.58 dV=48.7175 thr=1 om=0.260604 lt=3
[ACTIVE] [RED] LeadPredict dist=1130.08 tgtRoll=-55.834
[ACTIVE] [RED] LeadPredict dist=565.842 dV=9.25992 thr=0.79449 om=0.238519 lt=1.83503
[ACTIVE] [RED] ClimbOut Z=2377.47
[ACTIVE] [RED] LeadPredict dist=3526.65 dV=-91.416 thr=1 om=0.221786 lt=3
[ACTIVE] [RED] ClimbOut Z=1824.95
[ACTIVE] [RED] ClimbOut Z=1913.76
[ACTIVE] [RED] LeadPredict dist=3773.66 dV=-88.5351 thr=1 om=0.223623 lt=3
[DUTY] team=1 ticks=18000 v27종말조준=1.05556% v21뱅크예측=75.2056% v17궤도조건=80.2333% v17슬롯적용=66.9778% 상승클램프=0% 강하클램프=28.7333% v23b조건=33.7556% v23b실제적용=32.9556%
[ACTIVE] [RED] ClimbOut Z=2560.51
[ACTIVE] [RED] LeadPredict dist=2274.69 tgtRoll=-160
[ACTIVE] [RED] LeadPredict dist=1146.3 dV=5.24728 thr=1 om=0.0563339 lt=3
[ACTIVE] [RED] Evade Z=4660.76
[ACTIVE] [RED] LeadPredict dist=961.653 tgtRoll=-27.698
[ACTIVE] [RED] LeadPredict dist=2484.83 dV=111.994 thr=0.667243 om=0.256045 lt=3
[ACTIVE] [RED] LeadPredict dist=2725.1 tgtRoll=-11.472
[ACTIVE] [RED] LeadPredict dist=2165.31 dV=43.0586 thr=0.743329 om=0.0645074 lt=3
[ACTIVE] [RED] LeadPredict dist=1424.05 tgtRoll=-6.681
[ACTIVE] [RED] LeadPredict dist=290.103 dV=-46.6597 thr=1 om=0.176441 lt=1.04604
[ACTIVE] [RED] LeadPredict dist=1294.13 tgtRoll=-167.81
[ACTIVE] [RED] LeadPredict dist=2123.26 dV=-83.6994 thr=1 om=0.185527 lt=3
[ACTIVE] [RED] LeadPredict dist=1952.64 tgtRoll=137.885
[ACTIVE] [RED] LeadPredict dist=1205.81 dV=-10.546 thr=1 om=0.214441 lt=3
[ACTIVE] [RED] LeadPredict dist=1004.81 tgtRoll=8.044
[ACTIVE] [RED] LeadPredict dist=1436.89 dV=34.6218 thr=1 om=0.21522 lt=3
[ACTIVE] [RED] LeadPredict dist=1381.43 tgtRoll=20.731
[ACTIVE] [RED] LeadPredict dist=810.491 dV=3.90974 thr=0.953083 om=0.214984 lt=3
[ACTIVE] [RED] LeadPredict dist=893.534 tgtRoll=157.038
[ACTIVE] [RED] LeadPredict dist=1627.36 dV=-73.5649 thr=1 om=0.228941 lt=3
[ACTIVE] [RED] LeadPredict dist=2103.46 tgtRoll=164.401
[ACTIVE] [RED] LeadPredict dist=2767.45 dV=-118.218 thr=1 om=0.188599 lt=3
[DUTY] team=1 ticks=18600 v27종말조준=1.03763% v21뱅크예측=75.1774% v17궤도조건=80.1183% v17슬롯적용=66.7957% 상승클램프=0% 강하클램프=29.0484% v23b조건=33.2903% v23b실제적용=32.4086%
[ACTIVE] [RED] LeadPredict dist=3017.65 tgtRoll=-123.402
[ACTIVE] [RED] LeadPredict dist=3118.82 dV=-85.6543 thr=1 om=0.194573 lt=3
[ACTIVE] [RED] LeadPredict dist=2917.87 tgtRoll=-61.65
[ACTIVE] [RED] LeadPredict dist=2037.86 dV=-2.57219 thr=1 om=0.232756 lt=3
[ACTIVE] [RED] LeadPredict dist=1293.11 tgtRoll=3.371
[ACTIVE] [RED] LeadPredict dist=558.713 dV=30.0433 thr=0.784 om=0.216068 lt=2.36873
[ACTIVE] [RED] LeadPredict dist=1187.61 tgtRoll=31.718
[ACTIVE] [RED] LeadPredict dist=2407.88 dV=-54.2734 thr=1 om=0.230904 lt=3
[ACTIVE] [RED] LeadPredict dist=2994.12 tgtRoll=148.323
[ACTIVE] [RED] LeadPredict dist=3623.85 dV=-128.713 thr=1 om=0.192843 lt=3
[ACTIVE] [RED] LeadPredict dist=3746.42 tgtRoll=-156.272
[ACTIVE] [RED] LeadPredict dist=3564.68 dV=-118.167 thr=1 om=0.208663 lt=3
[ACTIVE] [RED] LeadPredict dist=3232.76 tgtRoll=-101.966
[ACTIVE] [RED] LeadPredict dist=2312.1 dV=-28.037 thr=1 om=0.221105 lt=3
[ACTIVE] [RED] LeadPredict dist=1647.62 tgtRoll=-76.551
runner:local/env:0	num_steps=[11999] | total rewards=[20.8985] | termination= [max time out]
[seed 9] reward=    20.90 ownHP=1.0000 tgtHP=0.9677 max time out
total: 2
[ACTIVE] [RED] LeadPredict dist=757.555 dV=8.59116 thr=0.81373 om=0.152265 lt=2.49337
[ACTIVE] [RED] LeadPredict dist=1634.4 tgtRoll=-99.351
[ACTIVE] [RED] LeadPredict dist=3327.71 dV=55.8167 thr=1 om=0.179663 lt=3
[ACTIVE] [RED] LeadPredict dist=4068.66 tgtRoll=-59.572
[ACTIVE] [RED] LeadPredict dist=4574.8 dV=122.848 thr=1 om=0.176086 lt=3
[DUTY] team=1 ticks=19200 v27종말조준=1.00521% v21뱅크예측=75.4688% v17궤도조건=78.8385% v17슬롯적용=65.474% 상승클램프=0% 강하클램프=30.0365% v23b조건=32.6302% v23b실제적용=31.776%
[ACTIVE] [RED] LeadPredict dist=4415.94 tgtRoll=-39.777
[ACTIVE] [RED] LeadPredict dist=3528.83 dV=106.232 thr=1 om=0.199564 lt=3
[ACTIVE] [RED] LeadPredict dist=2757.4 tgtRoll=-47.684
[ACTIVE] [RED] LeadPredict dist=1196.21 dV=40.3321 thr=1 om=0.225822 lt=3
[ACTIVE] [RED] LeadPredict dist=241.67 tgtRoll=-128.793
[ACTIVE] [RED] LeadPredict dist=1556.81 dV=-72.6904 thr=1 om=0.297611 lt=3
[ACTIVE] [RED] LeadPredict dist=2480.59 tgtRoll=177.077
[ACTIVE] [RED] LeadPredict dist=3630.9 dV=-143.117 thr=1 om=0.154948 lt=3
[ACTIVE] [RED] LeadPredict dist=3905.15 tgtRoll=147.793
[ACTIVE] [RED] LeadPredict dist=3692.56 dV=-101.653 thr=1 om=0.157306 lt=3
[ACTIVE] [RED] LeadPredict dist=3228.78 tgtRoll=-68.302
[ACTIVE] [RED] LeadPredict dist=1949 dV=-8.33392 thr=1 om=0.152951 lt=3
[ACTIVE] [RED] LeadPredict dist=926.259 tgtRoll=-170.816
[ACTIVE] [RED] LeadPredict dist=948.261 dV=88.3294 thr=0.59 om=0.2858 lt=2.97017
[ACTIVE] [RED] LeadPredict dist=1700.51 tgtRoll=15.171
[ACTIVE] [RED] LeadPredict dist=2183.03 dV=109.884 thr=0.788587 om=0.161107 lt=3
[ACTIVE] [RED] LeadPredict dist=2040.18 tgtRoll=5.685
[ACTIVE] [RED] LeadPredict dist=1376.5 dV=35.4449 thr=1 om=0.203934 lt=3
[ACTIVE] [RED] LeadPredict dist=914.159 tgtRoll=144.44
[ACTIVE] [RED] LeadPredict dist=570.911 dV=2.26353 thr=0.972838 om=0.17034 lt=2.6735
[DUTY] team=1 ticks=19800 v27종말조준=1.01515% v21뱅크예측=75.5354% v17궤도조건=78.0909% v17슬롯적용=64.3586% 상승클램프=0% 강하클램프=30.3939% v23b조건=32.2828% v23b실제적용=31.3131%
[ACTIVE] [RED] LeadPredict dist=783.61 tgtRoll=-138.919
[ACTIVE] [RED] LeadPredict dist=950.873 dV=3.29242 thr=1 om=0.117145 lt=3
[ACTIVE] [RED] LeadPredict dist=841.863 tgtRoll=-125.394
[ACTIVE] [RED] LeadPredict dist=266.052 dV=29.1687 thr=0.761787 om=0.533005 lt=1.48654
[ACTIVE] [RED] LeadPredict dist=269.164 tgtRoll=-128.804
[ACTIVE] [RED] LeadPredict dist=1015.95 dV=46.7112 thr=0.94 om=0.137918 lt=3
[ACTIVE] [RED] LeadPredict dist=1018.3 tgtRoll=51.385
[ACTIVE] [RED] LeadPredict dist=834.497 dV=11.1119 thr=0.92 om=0.23721 lt=3
[ACTIVE] [RED] LeadPredict dist=836.044 tgtRoll=43.136
[ACTIVE] [RED] Evade Z=9461.79
[ACTIVE] [RED] LeadPredict dist=413.498 tgtRoll=134.617
[ACTIVE] [RED] Evade Z=9539.08
[ACTIVE] [RED] Evade Z=9393.22
[ACTIVE] [RED] LeadPredict dist=324.289 tgtRoll=-143.928
[ACTIVE] [RED] LeadPredict dist=484.273 dV=4.93863 thr=0.940736 om=0.0667904 lt=1.8626
[ACTIVE] [RED] LeadPredict dist=808.993 tgtRoll=1.407
[ACTIVE] [RED] LeadPredict dist=751.544 dV=-26.6994 thr=1 om=0.026092 lt=2.68301
[ACTIVE] [RED] LeadPredict dist=335.362 tgtRoll=-1.014
[ACTIVE] [RED] LeadPredict dist=755.239 dV=-83.4422 thr=1 om=0.139824 lt=2.77993
[ACTIVE] [RED] LeadPredict dist=1290.05 tgtRoll=169.955
[ACTIVE] [RED] LeadPredict dist=1174.23 dV=-66.7228 thr=1 om=0.150952 lt=3
[ACTIVE] [RED] LeadPredict dist=1133.6 tgtRoll=6.809
[ACTIVE] [RED] LeadPredict dist=1321.77 dV=-38.1714 thr=0.776124 om=0.194185 lt=3
[ACTIVE] [RED] LeadPredict dist=1257.68 tgtRoll=169.601
[ACTIVE] [RED] LeadPredict dist=1398.05 dV=-60.8582 thr=0.730429 om=0.066979 lt=3
[DUTY] team=1 ticks=20400 v27종말조준=1% v21뱅크예측=75.7108% v17궤도조건=78.2157% v17슬롯적용=63.5735% 상승클램프=0% 강하클램프=30.2598% v23b조건=31.7843% v23b실제적용=30.8431%
[ACTIVE] [RED] LeadPredict dist=1600.88 tgtRoll=-128.214
[ACTIVE] [RED] LeadPredict dist=1684.79 dV=-43.4702 thr=0.836623 om=0.234849 lt=3
[ACTIVE] [RED] LeadPredict dist=1444.75 tgtRoll=-22.291
[ACTIVE] [RED] LeadPredict dist=1293.85 dV=12.1408 thr=0.575556 om=0.26619 lt=3
[ACTIVE] [RED] LeadPredict dist=1221.19 tgtRoll=174.859
[ACTIVE] [RED] LeadPredict dist=1231.6 dV=-14.8673 thr=1 om=0.218224 lt=3
[ACTIVE] [RED] ClimbOut Z=2773.57
[ACTIVE] [RED] ClimbOut Z=2915.36
[ACTIVE] [RED] LeadPredict dist=1109.18 dV=38.0685 thr=0.96 om=0.236509 lt=2.73686
[ACTIVE] [RED] LeadPredict dist=1022 tgtRoll=0.958
[ACTIVE] [RED] LeadPredict dist=958.634 dV=15.0217 thr=1 om=0.190791 lt=2.63908
[ACTIVE] [RED] LeadPredict dist=920.232 tgtRoll=92.884
[ACTIVE] [RED] LeadPredict dist=864.435 dV=10.1859 thr=0.877769 om=0.105287 lt=0.466425
[ACTIVE] [RED] LeadPredict dist=842.141 tgtRoll=152.579
[ACTIVE] [RED] LeadPredict dist=803.501 dV=12.9639 thr=0.726285 om=0.176246 lt=2.2164
[ACTIVE] [RED] LeadPredict dist=775.374 tgtRoll=-113.951
[ACTIVE] [RED] LeadPredict dist=768.726 dV=-1.2861 thr=1 om=0.0241619 lt=0.155894
[ACTIVE] [RED] LeadPredict dist=770.568 tgtRoll=-179.682
runner:local/env:0	num_steps=[11999] | total rewards=[475.4689] | termination= [max time out]
[seed 10] reward=   475.47 ownHP=0.9878 tgtHP=0.4677 max time out
total: 2
[ACTIVE] [RED] LeadPredict dist=2235.2 dV=1.02887 thr=0.823569 om=0 lt=3
[ACTIVE] [RED] LeadPredict dist=2353.15 tgtRoll=95.97
[ACTIVE] [RED] LeadPredict dist=1788.73 dV=-15.3817 thr=1 om=0.0454985 lt=3
[DUTY] team=1 ticks=21000 v27종말조준=1.74286% v21뱅크예측=75.4095% v17궤도조건=78.2333% v17슬롯적용=63.8238% 상승클램프=0% 강하클램프=29.9238% v23b조건=31.5238% v23b실제적용=30.6095%
[ACTIVE] [RED] LeadPredict dist=1333.7 tgtRoll=75.75
[ACTIVE] [RED] Evade Z=5943.02
[DUTY_EV] team=1 evadeTicks=300 v31?섍컯?섏꽑(>3000m)=100% 以묎컙(2200~3000)=0% ?곸듅(<2200)=0%
[ACTIVE] [RED] LeadPredict dist=993.401 dV=-8.59116 thr=0.725401 om=0.17235 lt=3
[ACTIVE] [RED] LeadPredict dist=1009.14 tgtRoll=-68.227
[ACTIVE] [RED] LeadPredict dist=599.851 dV=-38.12 thr=0.774813 om=0.129759 lt=1.91655
[ACTIVE] [RED] LeadPredict dist=540.284 tgtRoll=-59.238
[ACTIVE] [RED] LeadPredict dist=25.6853 tgtRoll=81.778
[ACTIVE] [RED] LeadPredict dist=206.793 dV=-41.7725 thr=0.809576 om=0.231127 lt=0.678441
[ACTIVE] [RED] LeadPredict dist=208.186 tgtRoll=113.681
[ACTIVE] [RED] LeadPredict dist=310.897 dV=-41.1038 thr=0.781372 om=0.270879 lt=0.99825
[ACTIVE] [RED] LeadPredict dist=403.057 tgtRoll=-70.905
[ACTIVE] [RED] LeadPredict dist=403.925 dV=-25.8763 thr=0.828565 om=0.255357 lt=1.20057
[ACTIVE] [RED] ClimbOut Z=2964.78
[ACTIVE] [RED] ClimbOut Z=2799.65
[ACTIVE] [RED] LeadPredict dist=877.901 dV=9.36279 thr=0.556139 om=0.721772 lt=2.38874
[ACTIVE] [RED] LeadPredict dist=995.528 tgtRoll=18.229
[ACTIVE] [RED] LeadPredict dist=960.957 dV=-16.6164 thr=0.909497 om=0.136153 lt=3
[ACTIVE] [RED] LeadPredict dist=914.764 tgtRoll=-150.632
[ACTIVE] [RED] LeadPredict dist=1133.61 dV=-23.3556 thr=0.834282 om=0.137466 lt=3
[ACTIVE] [RED] LeadPredict dist=1150.22 tgtRoll=-54.532
[ACTIVE] [RED] LeadPredict dist=1185.87 dV=-30.9693 thr=1 om=0.0185468 lt=3
[ACTIVE] [RED] ClimbOut Z=2755.54
[ACTIVE] [RED] ClimbOut Z=2283.83
[ACTIVE] [RED] LeadPredict dist=1232.23 dV=4.62997 thr=0.79 om=0.288663 lt=3
[DUTY] team=1 ticks=21600 v27종말조준=1.75% v21뱅크예측=75.6296% v17궤도조건=78.6759% v17슬롯적용=63.5648% 상승클램프=0% 강하클램프=29.7824% v23b조건=32.5694% v23b실제적용=31.6806%
[ACTIVE] [RED] ClimbOut Z=2512.71
[ACTIVE] [RED] LeadPredict dist=1142.4 tgtRoll=3.969
[ACTIVE] [RED] LeadPredict dist=1136.44 dV=15.0731 thr=0.836999 om=0.301048 lt=3
[ACTIVE] [RED] LeadPredict dist=1050.21 tgtRoll=-165.933
[ACTIVE] [RED] LeadPredict dist=1059.26 dV=-12.861 thr=1 om=0.0510217 lt=3
[ACTIVE] [RED] LeadPredict dist=1130.32 tgtRoll=151.415
[ACTIVE] [RED] LeadPredict dist=1174.6 dV=-20.6291 thr=1 om=0.299366 lt=3
[ACTIVE] [RED] LeadPredict dist=1177.03 tgtRoll=119.863
[ACTIVE] [RED] LeadPredict dist=1227.3 dV=-23.0469 thr=1 om=0.230674 lt=3
[ACTIVE] [RED] ClimbOut Z=2723.82
[ACTIVE] [RED] ClimbOut Z=2199.57
[ACTIVE] [RED] ClimbOut Z=2928.33
[ACTIVE] [RED] LeadPredict dist=1052.38 dV=26.7509 thr=0.99 om=0.329365 lt=2.79733
[ACTIVE] [RED] ClimbOut Z=2424.03
[ACTIVE] [RED] LeadPredict dist=1031.96 tgtRoll=3.429
[ACTIVE] [RED] LeadPredict dist=1021.69 dV=11.3691 thr=0.872339 om=0.236749 lt=3
[ACTIVE] [RED] LeadPredict dist=1004.85 tgtRoll=-169.259
[ACTIVE] [RED] LeadPredict dist=999.695 dV=-1.0289 thr=1 om=0.269543 lt=3
[ACTIVE] [RED] LeadPredict dist=940.531 tgtRoll=105.786
[ACTIVE] [RED] LeadPredict dist=926.197 dV=-0.308685 thr=1 om=0.259099 lt=3
[ACTIVE] [RED] LeadPredict dist=950.809 tgtRoll=57.798
[ACTIVE] [RED] LeadPredict dist=978.356 dV=-11.4206 thr=1 om=0.227228 lt=3
[ACTIVE] [RED] LeadPredict dist=1013.43 tgtRoll=-72.878
[ACTIVE] [RED] LeadPredict dist=1053.68 dV=-15.8448 thr=1 om=0.234071 lt=3
[DUTY] team=1 ticks=22200 v27종말조준=1.7027% v21뱅크예측=75.5586% v17궤도조건=79.018% v17슬롯적용=64.3153% 상승클램프=0% 강하클램프=29.2523% v23b조건=32.536% v23b실제적용=31.6712%
[ACTIVE] [RED] ClimbOut Z=2786.78
[ACTIVE] [RED] ClimbOut Z=2925.99
[ACTIVE] [RED] ClimbOut Z=2071.95
[ACTIVE] [RED] ClimbOut Z=2156.7
[ACTIVE] [RED] LeadPredict dist=1056.88 dV=-0.82312 thr=0.553115 om=0.825966 lt=2.89436
[ACTIVE] [RED] ClimbOut Z=2899.58
[ACTIVE] [RED] LeadPredict dist=1229.37 tgtRoll=-4.027
[ACTIVE] [RED] LeadPredict dist=1364.7 dV=15.176 thr=0.727368 om=0.241925 lt=3
[ACTIVE] [RED] LeadPredict dist=977.367 tgtRoll=148.823
[ACTIVE] [RED] LeadPredict dist=1068.64 dV=-22.018 thr=1 om=0.27788 lt=3
[ACTIVE] [RED] LeadPredict dist=1275.67 tgtRoll=91.065
[ACTIVE] [RED] LeadPredict dist=1255.62 dV=-8.59113 thr=1 om=0.213459 lt=3
[ACTIVE] [RED] LeadPredict dist=1134.68 tgtRoll=-84.366
[ACTIVE] [RED] LeadPredict dist=1105.85 dV=-9.92871 thr=1 om=0.255962 lt=3
[ACTIVE] [RED] LeadPredict dist=1111.18 tgtRoll=114.823
[ACTIVE] [RED] LeadPredict dist=1181.05 dV=-36.8853 thr=1 om=0.227447 lt=3
[ACTIVE] [RED] ClimbOut Z=2212.35
[ACTIVE] [RED] ClimbOut Z=3149.92
[ACTIVE] [RED] ClimbOut Z=1883.99
[ACTIVE] [RED] ClimbOut Z=2383.72
[ACTIVE] [RED] LeadPredict dist=1155.36 dV=4.11551 thr=0.725608 om=0.903881 lt=3
[ACTIVE] [RED] ClimbOut Z=2312.46
[ACTIVE] [RED] LeadPredict dist=1252.97 tgtRoll=4.148
[ACTIVE] [RED] LeadPredict dist=1304.85 dV=23.8186 thr=0.733053 om=0.29592 lt=3
[ACTIVE] [RED] LeadPredict dist=979.972 tgtRoll=168.466
[ACTIVE] [RED] LeadPredict dist=1042.75 dV=-14.6615 thr=1 om=0.279266 lt=3
runner:local/env:0	num_steps=[11999] | total rewards=[748.3519] | termination= [max time out]
[seed 11] reward=   748.35 ownHP=1.0000 tgtHP=0.9964 max time out
total: 2
[ACTIVE] [RED] LeadPredict dist=3842.29 tgtRoll=105.417
[ACTIVE] [RED] LeadPredict dist=3922.31 dV=1.44043 thr=1 om=0.169432 lt=3
[DUTY] team=1 ticks=22800 v27종말조준=1.65789% v21뱅크예측=75.4474% v17궤도조건=79.2763% v17슬롯적용=64.9605% 상승클램프=0% 강하클램프=28.9605% v23b조건=32.8553% v23b실제적용=32.0132%
[ACTIVE] [RED] LeadPredict dist=3506.26 tgtRoll=96.077
[ACTIVE] [RED] LeadPredict dist=3339.65 dV=5.71027 thr=1 om=0.0655373 lt=3
[ACTIVE] [RED] LeadPredict dist=1425.11 tgtRoll=47.605
[ACTIVE] [RED] LeadPredict dist=1227.67 dV=-1.23465 thr=1 om=0.185366 lt=3
[ACTIVE] [RED] LeadPredict dist=1262.33 tgtRoll=-112.056
[ACTIVE] [RED] LeadPredict dist=1280.15 dV=-27.111 thr=0.726931 om=0.198855 lt=3
[ACTIVE] [RED] LeadPredict dist=265.605 tgtRoll=-13.108
[ACTIVE] [RED] LeadPredict dist=259.663 dV=-14.1985 thr=0.8 om=0.208605 lt=0.766745
[ACTIVE] [RED] LeadPredict dist=188.931 tgtRoll=-75.457
[ACTIVE] [RED] LeadPredict dist=247.267 dV=-28.2942 thr=0.714687 om=0.248748 lt=0.755861
[ACTIVE] [RED] LeadPredict dist=418.244 tgtRoll=30.052
[ACTIVE] [RED] LeadPredict dist=404.67 dV=-18.1597 thr=0.715125 om=0.204404 lt=1.23741
[ACTIVE] [RED] LeadPredict dist=283.589 tgtRoll=136.633
[ACTIVE] [RED] LeadPredict dist=327.195 dV=-31.0722 thr=0.762132 om=0.250968 lt=1.03553
[ACTIVE] [RED] LeadPredict dist=519.354 tgtRoll=-24.347
[ACTIVE] [RED] LeadPredict dist=507.022 dV=-19.0857 thr=0.763225 om=0.285583 lt=1.60597
[ACTIVE] [RED] LeadPredict dist=572.553 tgtRoll=-70.844
[ACTIVE] [RED] LeadPredict dist=586.702 dV=-16.8736 thr=0.75273 om=0.182803 lt=1.84392
[ACTIVE] [RED] LeadPredict dist=706.665 tgtRoll=-159.754
[ACTIVE] [RED] LeadPredict dist=740.274 dV=-28.3456 thr=0.846744 om=0.177349 lt=2.50042
[DUTY] team=1 ticks=23400 v27종말조준=1.73077% v21뱅크예측=75.9145% v17궤도조건=79.4231% v17슬롯적용=64.265% 상승클램프=0% 강하클램프=28.2906% v23b조건=33.7393% v23b실제적용=32.9188%
[ACTIVE] [RED] LeadPredict dist=870.433 tgtRoll=-65.897
[ACTIVE] [RED] LeadPredict dist=891.87 dV=-27.1624 thr=0.810232 om=0.211538 lt=2.92751
[ACTIVE] [RED] LeadPredict dist=1041.21 tgtRoll=-45.075
[ACTIVE] [RED] LeadPredict dist=1050.93 dV=-7.15073 thr=1 om=0.208267 lt=3
[ACTIVE] [RED] LeadPredict dist=1031.62 tgtRoll=-145.668
[ACTIVE] [RED] LeadPredict dist=1038.25 dV=-4.57852 thr=1 om=0.126504 lt=3
[ACTIVE] [RED] LeadPredict dist=1041.11 tgtRoll=-100.715
[ACTIVE] [RED] LeadPredict dist=1047.84 dV=-8.59116 thr=1 om=0.246394 lt=3
[ACTIVE] [RED] ClimbOut Z=2911.73
[ACTIVE] [RED] LeadPredict dist=1058.95 dV=8.64258 thr=1 om=0.229259 lt=2.83103
[ACTIVE] [RED] ClimbOut Z=2824.35
[ACTIVE] [RED] LeadPredict dist=942.209 tgtRoll=3.403
[ACTIVE] [RED] LeadPredict dist=927.901 dV=15.1245 thr=0.96148 om=0.179718 lt=2.67256
[ACTIVE] [RED] LeadPredict dist=881.314 tgtRoll=-99.148
[ACTIVE] [RED] LeadPredict dist=882.759 dV=-0.154327 thr=0.891408 om=0.199299 lt=1.71108
[ACTIVE] [RED] LeadPredict dist=924.971 tgtRoll=-161.386
[ACTIVE] [RED] LeadPredict dist=954.205 dV=-16.1534 thr=1 om=0.186495 lt=2.88422
[ACTIVE] [RED] LeadPredict dist=982.245 tgtRoll=-123.187
[ACTIVE] [RED] LeadPredict dist=995.095 dV=-8.48828 thr=1 om=0.156225 lt=2.79365
[ACTIVE] [RED] ClimbOut Z=2693.54
[ACTIVE] [RED] LeadPredict dist=953.044 dV=25.1561 thr=0.68 om=0.236689 lt=2.41254
[DUTY] team=1 ticks=24000 v27종말조준=2.09583% v21뱅크예측=75.7542% v17궤도조건=79.65% v17슬롯적용=64.8708% 상승클램프=0% 강하클램프=27.6958% v23b조건=33.15% v23b실제적용=32.35%
[ACTIVE] [RED] ClimbOut Z=2766.02
[ACTIVE] [RED] LeadPredict dist=875.512 tgtRoll=-2.144
[ACTIVE] [RED] LeadPredict dist=882.824 dV=3.90976 thr=0.953083 om=0.146633 lt=0.160655
[ACTIVE] [RED] LeadPredict dist=875.036 tgtRoll=-125.281
[ACTIVE] [RED] LeadPredict dist=889.314 dV=-5.60742 thr=0.89792 om=0.210251 lt=2.19745
[ACTIVE] [RED] LeadPredict dist=945.95 tgtRoll=-161.581
[ACTIVE] [RED] LeadPredict dist=988.828 dV=-21.2464 thr=1 om=0.19223 lt=3
[ACTIVE] [RED] LeadPredict dist=1035.24 tgtRoll=-105.096
[ACTIVE] [RED] LeadPredict dist=1053.68 dV=-12.5523 thr=1 om=0.225382 lt=3
[ACTIVE] [RED] LeadPredict dist=1071.02 tgtRoll=-152.56
[ACTIVE] [RED] LeadPredict dist=1092.84 dV=-6.37906 thr=0.99 om=0.298651 lt=2.84001
[ACTIVE] [RED] ClimbOut Z=2543.22
[ACTIVE] [RED] ClimbOut Z=2367.4
[ACTIVE] [RED] ClimbOut Z=2498.27
[ACTIVE] [RED] ClimbOut Z=2953.35
[ACTIVE] [RED] LeadPredict dist=977.045 dV=27.4711 thr=0.567326 om=0.0520712 lt=2.70047
[ACTIVE] [RED] LeadPredict dist=846.277 tgtRoll=-21.723
[ACTIVE] [RED] LeadPredict dist=904.216 dV=-4.47562 thr=0.847181 om=0.201503 lt=3
[ACTIVE] [RED] LeadPredict dist=903.096 tgtRoll=-27.076
[ACTIVE] [RED] LeadPredict dist=904.549 dV=-10.546 thr=1 om=0.23671 lt=3
[ACTIVE] [RED] LeadPredict dist=947.824 tgtRoll=139.032
[ACTIVE] [RED] LeadPredict dist=987.346 dV=-26.648 thr=1 om=0.266293 lt=3
[ACTIVE] [RED] LeadPredict dist=1038.16 tgtRoll=163.415
[ACTIVE] [RED] LeadPredict dist=1125.4 dV=-31.0208 thr=1 om=0.231558 lt=3
[DUTY] team=1 ticks=24600 v27종말조준=2.38618% v21뱅크예측=75.5772% v17궤도조건=79.8171% v17슬롯적용=65.3984% 상승클램프=0% 강하클램프=27.2724% v23b조건=33.0366% v23b실제적용=32.2561%
[ACTIVE] [RED] ClimbOut Z=2133.61
[ACTIVE] [RED] ClimbOut Z=2612.95
[ACTIVE] [RED] ClimbOut Z=1913.11
[ACTIVE] [RED] LeadPredict dist=987.827 dV=20.5262 thr=0.52491 om=0.358005 lt=2.65698
[ACTIVE] [RED] ClimbOut Z=2472.65
[ACTIVE] [RED] LeadPredict dist=1158.6 tgtRoll=10.291
runner:local/env:0	num_steps=[11999] | total rewards=[1056.2889] | termination= [max time out]
[seed 12] reward=  1056.29 ownHP=1.0000 tgtHP=0.7677 max time out
total: 2
[ACTIVE] [RED] LeadPredict dist=4143.62 dV=4.42419 thr=1 om=0.183048 lt=3
[ACTIVE] [RED] LeadPredict dist=3192.13 tgtRoll=-93.633
[ACTIVE] [RED] LeadPredict dist=2413.71 dV=13.787 thr=1 om=0.157859 lt=3
[ACTIVE] [RED] LeadPredict dist=1554.05 tgtRoll=-90.839
[ACTIVE] [RED] LeadPredict dist=1421.47 dV=0.154358 thr=0.717967 om=0.200194 lt=3
[ACTIVE] [RED] LeadPredict dist=1814.4 tgtRoll=-99.794
[ACTIVE] [RED] LeadPredict dist=1842.24 dV=-23.7157 thr=0.661558 om=0.207749 lt=3
[ACTIVE] [RED] LeadPredict dist=1430.35 tgtRoll=-116.934
[ACTIVE] [RED] LeadPredict dist=1507.9 dV=-18.1083 thr=0.594437 om=0.159384 lt=3
[ACTIVE] [RED] ClimbOut Z=2849.93
[ACTIVE] [RED] ClimbOut Z=3113.56
[ACTIVE] [RED] ClimbOut Z=2966.49
[ACTIVE] [RED] ClimbOut Z=2276.31
[ACTIVE] [RED] LeadPredict dist=2619.42 tgtRoll=-23.04
[ACTIVE] [RED] LeadPredict dist=2516.35 dV=48.5631 thr=1 om=0.242702 lt=3
[ACTIVE] [RED] LeadPredict dist=1974.9 tgtRoll=-4.444
[ACTIVE] [RED] LeadPredict dist=1218.34 dV=-3.34387 thr=1 om=0.238905 lt=3
[ACTIVE] [RED] LeadPredict dist=1061.81 tgtRoll=-179.068
[ACTIVE] [RED] LeadPredict dist=1431.12 dV=-64.2021 thr=1 om=0.204946 lt=3
[ACTIVE] [RED] LeadPredict dist=1493.77 tgtRoll=57.026
[ACTIVE] [RED] LeadPredict dist=1428.12 dV=-15.639 thr=0.92 om=0.200207 lt=3
[DUTY] team=1 ticks=25200 v27종말조준=2.32937% v21뱅크예측=75.6746% v17궤도조건=79.754% v17슬롯적용=65.6786% 상승클램프=0% 강하클램프=27.8333% v23b조건=33.5159% v23b실제적용=32.754%
[ACTIVE] [RED] LeadPredict dist=1264.38 tgtRoll=10.713
[ACTIVE] [RED] LeadPredict dist=1244.34 dV=15.6904 thr=0.808701 om=0.160164 lt=3
[ACTIVE] [RED] LeadPredict dist=1142.06 tgtRoll=-172.143
[ACTIVE] [RED] LeadPredict dist=1109.14 dV=7.56226 thr=1 om=0.0321424 lt=3
[ACTIVE] [RED] LeadPredict dist=1079.61 tgtRoll=-148.056
[ACTIVE] [RED] LeadPredict dist=1083.19 dV=-11.8321 thr=1 om=0.229275 lt=3
[ACTIVE] [RED] LeadPredict dist=1119.65 tgtRoll=-179.276
[ACTIVE] [RED] LeadPredict dist=1139.49 dV=-19.8574 thr=0.76 om=0.0490529 lt=3
[ACTIVE] [RED] ClimbOut Z=2870.65
[ACTIVE] [RED] ClimbOut Z=2349.35
[ACTIVE] [RED] ClimbOut Z=2585.56
[ACTIVE] [RED] LeadPredict dist=1108.54 dV=26.2364 thr=0.523817 om=0.470853 lt=2.9796
[ACTIVE] [RED] ClimbOut Z=2531.42
[ACTIVE] [RED] LeadPredict dist=1185.94 tgtRoll=-3.303
[ACTIVE] [RED] LeadPredict dist=1157.47 dV=15.6904 thr=0.81715 om=0.247808 lt=3
[ACTIVE] [RED] LeadPredict dist=1108.26 tgtRoll=-172.809
[ACTIVE] [RED] LeadPredict dist=1111.04 dV=-10.4431 thr=1 om=0.244904 lt=3
[ACTIVE] [RED] LeadPredict dist=1045.64 tgtRoll=-171.841
[ACTIVE] [RED] LeadPredict dist=1043.09 dV=-9.31137 thr=0.956031 om=0.0486042 lt=3
[ACTIVE] [RED] LeadPredict dist=1098.45 tgtRoll=142.758
[ACTIVE] [RED] LeadPredict dist=1127.77 dV=-29.9919 thr=0.999117 om=0.126814 lt=3
[ACTIVE] [RED] ClimbOut Z=2784.96
[ACTIVE] [RED] ClimbOut Z=2554.34
[ACTIVE] [RED] LeadPredict dist=1126.15 dV=14.8159 thr=0.530595 om=0.228819 lt=3
[DUTY] team=1 ticks=25800 v27종말조준=2.27519% v21뱅크예측=75.6202% v17궤도조건=80.0116% v17슬롯적용=66.2636% 상승클램프=0% 강하클램프=27.593% v23b조건=33.7442% v23b실제적용=33%
[ACTIVE] [RED] LeadPredict dist=1026.84 dV=8.74548 thr=1 om=0.261455 lt=3
[ACTIVE] [RED] LeadPredict dist=1017.75 tgtRoll=4.255
[ACTIVE] [RED] LeadPredict dist=1001.97 dV=3.29242 thr=1 om=0.160793 lt=3
[ACTIVE] [RED] LeadPredict dist=994.671 tgtRoll=-18.274
[ACTIVE] [RED] LeadPredict dist=950.589 dV=2.26355 thr=1 om=0.197619 lt=3
[ACTIVE] [RED] LeadPredict dist=944.353 tgtRoll=-174.555
[ACTIVE] [RED] LeadPredict dist=942.731 dV=-9.72293 thr=1 om=0.01684 lt=2.79777
[ACTIVE] [RED] LeadPredict dist=940.548 tgtRoll=-99.453
[ACTIVE] [RED] LeadPredict dist=1029.63 dV=-14.1471 thr=1 om=0.277859 lt=2.79651
[ACTIVE] [RED] LeadPredict dist=1025.07 tgtRoll=9.334
[ACTIVE] [RED] LeadPredict dist=1030.15 dV=19.1371 thr=0.432646 om=0.238029 lt=2.61794
[ACTIVE] [RED] LeadPredict dist=1026.62 tgtRoll=3.09
[ACTIVE] [RED] LeadPredict dist=1063.27 dV=-9.82581 thr=0.8 om=0.0750802 lt=3
[ACTIVE] [RED] LeadPredict dist=1061.33 tgtRoll=164.376
[ACTIVE] [RED] LeadPredict dist=1114.78 dV=-11.6263 thr=1 om=0.244211 lt=3
[ACTIVE] [RED] LeadPredict dist=1106.96 tgtRoll=113.097
[ACTIVE] [RED] LeadPredict dist=1174.85 dV=-19.2915 thr=1 om=0.302572 lt=3
[ACTIVE] [RED] LeadPredict dist=1170.04 tgtRoll=112.005
[ACTIVE] [RED] ClimbOut Z=2992.92
[ACTIVE] [RED] ClimbOut Z=2425.99
[ACTIVE] [RED] LeadPredict dist=1112.88 dV=26.9052 thr=0.88 om=0.2273 lt=2.80654
[DUTY] team=1 ticks=26400 v27종말조준=2.22348% v21뱅크예측=75.3295% v17궤도조건=80.0833% v17슬롯적용=66.6477% 상승클램프=0% 강하클램프=27.1856% v23b조건=33.4773% v23b실제적용=32.75%
[ACTIVE] [RED] ClimbOut Z=2661.23
[ACTIVE] [RED] LeadPredict dist=974.775 dV=2.98373 thr=1 om=0.0412411 lt=2.88538
[ACTIVE] [RED] LeadPredict dist=963.941 tgtRoll=179.623
[ACTIVE] [RED] LeadPredict dist=963.132 dV=-7.56229 thr=1 om=0.258611 lt=3
[ACTIVE] [RED] LeadPredict dist=961.095 tgtRoll=170.399
[ACTIVE] [RED] LeadPredict dist=1033.7 dV=-22.944 thr=1 om=0.0514266 lt=3
[ACTIVE] [RED] LeadPredict dist=1053.79 tgtRoll=132.11
runner:local/env:0	num_steps=[11999] | total rewards=[1039.7945] | termination= [max time out]
[seed 13] reward=  1039.79 ownHP=1.0000 tgtHP=0.8880 max time out
total: 2
[ACTIVE] [RED] LeadPredict dist=5381.8 dV=5.35016 thr=1 om=0.197911 lt=3
[ACTIVE] [RED] LeadPredict dist=5136.16 tgtRoll=97.807
[ACTIVE] [RED] LeadPredict dist=3301.6 dV=22.018 thr=1 om=0.0946667 lt=3
[ACTIVE] [RED] LeadPredict dist=2601.36 tgtRoll=89.821
[ACTIVE] [RED] LeadPredict dist=364.423 dV=28.7057 thr=0.55 om=0.154758 lt=1.06589
[ACTIVE] [RED] LeadPredict dist=919.116 tgtRoll=-170.924
[ACTIVE] [RED] LeadPredict dist=2411.95 dV=22.3267 thr=0.566014 om=0.186782 lt=3
[ACTIVE] [RED] LeadPredict dist=2390.01 tgtRoll=-18.149
[ACTIVE] [RED] LeadPredict dist=606.46 dV=-16.6678 thr=0.583942 om=0.252545 lt=1.69451
[ACTIVE] [RED] LeadPredict dist=341.11 tgtRoll=98.732
[ACTIVE] [RED] ClimbOut Z=2464.54
[ACTIVE] [RED] ClimbOut Z=1912.96
[ACTIVE] [RED] ClimbOut Z=2534.67
[ACTIVE] [RED] LeadPredict dist=2272.3 dV=-12.6552 thr=0.56996 om=0.814592 lt=3
[ACTIVE] [RED] ClimbOut Z=2175.08
[ACTIVE] [RED] ClimbOut Z=2996.5
[ACTIVE] [RED] LeadPredict dist=2413.06 dV=23.4584 thr=0.649096 om=0.219725 lt=3
[DUTY] team=1 ticks=27000 v27종말조준=2.17407% v21뱅크예측=75.1667% v17궤도조건=79.8037% v17슬롯적용=66.2407% 상승클램프=0% 강하클램프=27.563% v23b조건=33.7963% v23b실제적용=33.0148%
[ACTIVE] [RED] LeadPredict dist=2062.49 tgtRoll=-39.988
[ACTIVE] [RED] LeadPredict dist=1611.84 dV=10.1859 thr=0.843027 om=0.242858 lt=3
[ACTIVE] [RED] LeadPredict dist=1420.11 tgtRoll=163.363
[ACTIVE] [RED] LeadPredict dist=1454.13 dV=-60.601 thr=1 om=0.218294 lt=3
[ACTIVE] [RED] LeadPredict dist=1624.16 tgtRoll=-124.982
[ACTIVE] [RED] LeadPredict dist=1916.89 dV=-97.6407 thr=1 om=0.187249 lt=3
[ACTIVE] [RED] ClimbOut Z=2268.57
[ACTIVE] [RED] ClimbOut Z=2068.09
[ACTIVE] [RED] LeadPredict dist=2037.25 dV=-45.2707 thr=1 om=0.218417 lt=3
[ACTIVE] [RED] ClimbOut Z=2509.6
[ACTIVE] [RED] LeadPredict dist=1234.9 dV=28.5514 thr=0.778967 om=0.252796 lt=3
[ACTIVE] [RED] LeadPredict dist=1176.51 tgtRoll=-4.449
[ACTIVE] [RED] LeadPredict dist=1208.48 dV=18.9828 thr=1 om=0.258402 lt=3
[ACTIVE] [RED] LeadPredict dist=1068.27 tgtRoll=-130.341
[ACTIVE] [RED] LeadPredict dist=1073.21 dV=-0.668777 thr=1 om=0.0933692 lt=3
[ACTIVE] [RED] LeadPredict dist=1070.95 tgtRoll=-133.362
[ACTIVE] [RED] LeadPredict dist=955.188 dV=37.8113 thr=1 om=0.21919 lt=3
[ACTIVE] [RED] LeadPredict dist=912.444 tgtRoll=24.477
[ACTIVE] [RED] LeadPredict dist=796.297 dV=24.3845 thr=0.707386 om=0.111851 lt=3
[ACTIVE] [RED] LeadPredict dist=756.686 tgtRoll=-114.05
[ACTIVE] [RED] LeadPredict dist=720.869 dV=8.1796 thr=0.901845 om=0.10673 lt=0
[DUTY] team=1 ticks=27600 v27종말조준=2.32609% v21뱅크예측=75.1522% v17궤도조건=80.0688% v17슬롯적용=66.8007% 상승클램프=0% 강하클램프=27.3841% v23b조건=33.5471% v23b실제적용=32.7826%
[ACTIVE] [RED] LeadPredict dist=701.936 tgtRoll=-154.297
[ACTIVE] [RED] LeadPredict dist=687.797 dV=7.51083 thr=0.90987 om=0.212403 lt=3
[ACTIVE] [RED] LeadPredict dist=707.341 tgtRoll=52.04
[ACTIVE] [RED] LeadPredict dist=716.457 dV=0 thr=1 om=0.113114 lt=3
[ACTIVE] [RED] LeadPredict dist=678.163 tgtRoll=71.164
[ACTIVE] [RED] LeadPredict dist=505.234 dV=-29.4774 thr=1 om=0.148003 lt=3
[ACTIVE] [RED] LeadPredict dist=475.829 tgtRoll=70.436
[ACTIVE] [RED] LeadPredict dist=810.665 dV=-64.7166 thr=1 om=0.21296 lt=3
[ACTIVE] [RED] LeadPredict dist=1047.8 tgtRoll=-130.341
[ACTIVE] [RED] LeadPredict dist=1663.53 dV=-90.953 thr=1 om=0.157612 lt=3
[ACTIVE] [RED] LeadPredict dist=1781.06 tgtRoll=-94.429
[ACTIVE] [RED] LeadPredict dist=1673.83 dV=-62.453 thr=1 om=0.189668 lt=3
[ACTIVE] [RED] LeadPredict dist=1545.5 tgtRoll=-94.46
[ACTIVE] [RED] LeadPredict dist=1453.96 dV=17.5938 thr=1 om=0.193542 lt=3
[ACTIVE] [RED] LeadPredict dist=1553.28 tgtRoll=-29.051
[ACTIVE] [RED] LeadPredict dist=1975.94 dV=68.935 thr=1 om=0.15351 lt=3
[ACTIVE] [RED] LeadPredict dist=2129.68 tgtRoll=-34.193
[ACTIVE] [RED] LeadPredict dist=2462.79 dV=64.4593 thr=1 om=0.107247 lt=3
[ACTIVE] [RED] LeadPredict dist=2524.72 tgtRoll=-70.383
[ACTIVE] [RED] LeadPredict dist=2492.66 dV=52.5758 thr=1 om=0.0783506 lt=3
[DUTY] team=1 ticks=28200 v27종말조준=2.32979% v21뱅크예측=75.4184% v17궤도조건=80.3085% v17슬롯적용=67.2908% 상승클램프=0% 강하클램프=27.3014% v23b조건=32.8333% v23b실제적용=32.0851%
[ACTIVE] [RED] LeadPredict dist=2402.47 tgtRoll=-132.757
[ACTIVE] [RED] LeadPredict dist=2059.52 dV=77.166 thr=1 om=0.109716 lt=3
[ACTIVE] [RED] LeadPredict dist=1904.6 tgtRoll=-13.358
[ACTIVE] [RED] LeadPredict dist=1459.21 dV=94.9656 thr=1 om=0.0984171 lt=3
[ACTIVE] [RED] LeadPredict dist=1289.89 tgtRoll=-27.136
[ACTIVE] [RED] LeadPredict dist=880.115 dV=64.8194 thr=0.96 om=0.14195 lt=3
[ACTIVE] [RED] LeadPredict dist=782.367 tgtRoll=-114.158
[ACTIVE] [RED] LeadPredict dist=858.329 dV=-24.2816 thr=1 om=0.114733 lt=3
[ACTIVE] [RED] LeadPredict dist=1005.24 tgtRoll=-141.836
[ACTIVE] [RED] LeadPredict dist=1549.47 dV=-103.3 thr=1 om=0.109911 lt=3
[ACTIVE] [RED] LeadPredict dist=1749.84 tgtRoll=-161.234
[ACTIVE] [RED] LeadPredict dist=2181.69 dV=-109.01 thr=1 om=0.135371 lt=3
[ACTIVE] [RED] LeadPredict dist=2280.21 tgtRoll=83.071
runner:local/env:0	num_steps=[11999] | total rewards=[297.7684] | termination= [max time out]
[seed 14] reward=   297.77 ownHP=1.0000 tgtHP=0.8773 max time out
Remove Space Complete.

[rehearsal own_rep=6 tgt_rep=6 seeds=15]
SUMMARY dealt=1.2253 taken=0.0122 mean_reward=554.69
tacview log saved (last episode)

########## dtfix_full vs AIP_sync.dll ##########


     JSBSim Flight Dynamics Model v1.0.0 May 27 2026 16:13:38
            [JSBSim-ML v2.0]

JSBSim startup beginning ...

total: 2
Behavior Tree Initialized Successfully
Behavior Tree Initialized Successfully
[ACTIVE] [RED] Pure Z=6993.48 VPZ=6961.03
[ACTIVE] [RED] LeadPredict dist=3835.51 dV=-0.154327 thr=1 om=0.245866 lt=3
[ACTIVE] [RED] LeadPredict dist=3168.05 dV=9.92868 thr=1 om=0.186986 lt=3
[ACTIVE] [RED] LeadPredict dist=2406.71 dV=6.94495 thr=0.84 om=0.236766 lt=3
[ACTIVE] [RED] LeadPredict dist=1656.93 dV=-33.1299 thr=0.654344 om=0.193115 lt=3
[ACTIVE] [RED] LeadPredict dist=1752.38 dV=1.49185 thr=0.668336 om=0.220225 lt=3
[ACTIVE] [RED] LeadPredict dist=1526.02 dV=4.93863 thr=0.760601 om=0.240327 lt=3
[ACTIVE] [RED] ClimbOut Z=2283.42
[ACTIVE] [RED] LeadPredict dist=1276.17 dV=-20.166 thr=0.941163 om=0.13119 lt=3
[ACTIVE] [RED] LeadPredict dist=1149.73 dV=10.4946 thr=0.728024 om=0.242282 lt=3
[ACTIVE] [RED] LeadPredict dist=1096.51 dV=6.73917 thr=0.74792 om=0.405106 lt=3
[ACTIVE] [RED] LeadPredict dist=1562.12 dV=9.87726 thr=0.755791 om=0.384321 lt=3
[DUTY] team=1 ticks=600 v27종말조준=0% v21뱅크예측=91.5% v17궤도조건=70.5% v17슬롯적용=70.5% 상승클램프=0% 강하클램프=1.66667% v23b조건=64.3333% v23b실제적용=64.3333%
[ACTIVE] [RED] LeadPredict dist=2017.68 dV=11.5235 thr=0.763662 om=0.258786 lt=3
[ACTIVE] [RED] ClimbOut Z=1821.03
[ACTIVE] [RED] LeadPredict dist=2057.94 dV=17.2852 thr=0.751418 om=0.36427 lt=3
[ACTIVE] [RED] ClimbOut Z=1811.41
[ACTIVE] [RED] LeadPredict dist=2135.63 dV=18.1597 thr=0.757103 om=0.275175 lt=3
[ACTIVE] [RED] ClimbOut Z=1820.56
[ACTIVE] [RED] LeadPredict dist=2444.41 dV=20.0117 thr=0.763225 om=0.402689 lt=3
[ACTIVE] [RED] LeadPredict dist=2925.2 dV=29.2716 thr=1 om=0.278786 lt=3
[ACTIVE] [RED] ClimbOut Z=1815.7
[ACTIVE] [RED] LeadPredict dist=3051.4 dV=42.8014 thr=1 om=0.376211 lt=3
[ACTIVE] [RED] LeadPredict dist=3042.98 dV=28.5 thr=1 om=0.100762 lt=3
[ACTIVE] [RED] LeadPredict dist=3113.12 dV=23.7671 thr=1 om=0.247194 lt=3
[ACTIVE] [RED] ClimbOut Z=1949.16
[ACTIVE] [RED] LeadPredict dist=2668.12 dV=31.6895 thr=1 om=0.247961 lt=3
[ACTIVE] [RED] ClimbOut Z=1817.17
[ACTIVE] [RED] ClimbOut Z=1808.3
[ACTIVE] [RED] LeadPredict dist=2536.33 dV=31.1236 thr=1 om=0.230982 lt=3
[DUTY] team=1 ticks=1200 v27종말조준=0% v21뱅크예측=95.75% v17궤도조건=56.0833% v17슬롯적용=56.0833% 상승클램프=0% 강하클램프=4.08333% v23b조건=53% v23b실제적용=53%
[ACTIVE] [RED] LeadPredict dist=2254.94 dV=24.0758 thr=0.791866 om=0.322459 lt=3
[ACTIVE] [RED] LeadPredict dist=2387.63 dV=7.09927 thr=1 om=0.292689 lt=3
[ACTIVE] [RED] LeadPredict dist=1828.56 dV=35.7536 thr=1 om=0.236578 lt=3
[ACTIVE] [RED] LeadPredict dist=993.419 dV=12.7067 thr=1 om=0.239713 lt=3
[ACTIVE] [RED] LeadPredict dist=1238.17 dV=-43.4702 thr=1 om=0.233014 lt=3
[ACTIVE] [RED] LeadPredict dist=1932.97 dV=-14.1471 thr=1 om=0.224722 lt=3
[ACTIVE] [RED] LeadPredict dist=1948.08 dV=55.3537 thr=1 om=0.197405 lt=3
[ACTIVE] [RED] LeadPredict dist=1211.59 dV=88.5866 thr=1 om=0.196299 lt=3
[ACTIVE] [RED] LeadPredict dist=759.875 dV=33.4901 thr=0.695999 om=0.217738 lt=3
[ACTIVE] [RED] LeadPredict dist=1410.26 dV=-30.1462 thr=1 om=0.220979 lt=3
[DUTY] team=1 ticks=1800 v27종말조준=0% v21뱅크예측=96.0556% v17궤도조건=70.3333% v17슬롯적용=67.3889% 상승클램프=0% 강하클램프=9.77778% v23b조건=39.6667% v23b실제적용=39.6667%
init ID:1 Lat37.92355643001773 Lon128.18188127777776 Alt(meter)7000.0785355893395 Speed(m/sec)300.0
init ID:1 Lat37.96855377446113 Lon128.18188127777776 Alt(meter)7002.8272734023885 Speed(m/sec)300.0
runner:local/env:0	num_steps=[11999] | total rewards=[53.9102] | termination= [max time out]
[seed 0] reward=    53.91 ownHP=1.0000 tgtHP=1.0000 max time out
total: 2
[ACTIVE] [RED] LeadPredict dist=4614.97 dV=1.49188 thr=1 om=0.121175 lt=3
[ACTIVE] [RED] Pure Z=7009.94 VPZ=7199.46
[ACTIVE] [RED] LeadPredict dist=2435.07 dV=1.13177 thr=1 om=0.189158 lt=3
[ACTIVE] [RED] LeadPredict dist=834.638 dV=-7.92236 thr=0.716655 om=0.10859 lt=2.55499
[ACTIVE] [RED] LeadPredict dist=2721.55 dV=-1.95486 thr=0.885816 om=0.184873 lt=3
[ACTIVE] [RED] LeadPredict dist=3778.07 dV=46.9684 thr=1 om=0.182202 lt=3
[ACTIVE] [RED] LeadPredict dist=2940.77 dV=39.4576 thr=1 om=0.223355 lt=3
[ACTIVE] [RED] LeadPredict dist=1241.9 dV=-17.6967 thr=0.787275 om=0.000361918 lt=3
[ACTIVE] [RED] LeadPredict dist=1576.14 dV=-37.5027 thr=0.865765 om=0.211281 lt=3
[ACTIVE] [RED] ClimbOut Z=2496.89
[ACTIVE] [RED] LeadPredict dist=1990 dV=-15.9991 thr=0.758852 om=0.219054 lt=3
[ACTIVE] [RED] LeadPredict dist=1507.98 dV=42.8528 thr=0.705067 om=0.255081 lt=3
[DUTY] team=1 ticks=2400 v27종말조준=0% v21뱅크예측=89.6667% v17궤도조건=67.5417% v17슬롯적용=63.0833% 상승클램프=0% 강하클램프=16.2917% v23b조건=40% v23b실제적용=40%
[ACTIVE] [RED] LeadPredict dist=967.143 dV=41.361 thr=1 om=0.280643 lt=3
[ACTIVE] [RED] LeadPredict dist=1466.88 dV=-20.5776 thr=1 om=0.282563 lt=3
[ACTIVE] [RED] LeadPredict dist=1713.54 dV=6.94492 thr=1 om=0.281298 lt=3
[ACTIVE] [RED] LeadPredict dist=1269.1 dV=79.6867 thr=0.854615 om=0.247949 lt=3
[ACTIVE] [RED] LeadPredict dist=1260.95 dV=71.9701 thr=1 om=0.244334 lt=3
[ACTIVE] [RED] LeadPredict dist=1530.26 dV=-8.33392 thr=1 om=0.260142 lt=3
[ACTIVE] [RED] LeadPredict dist=1432.34 dV=3.44675 thr=1 om=0.269056 lt=3
[ACTIVE] [RED] LeadPredict dist=998.045 dV=71.8158 thr=1 om=0.249123 lt=3
[ACTIVE] [RED] LeadPredict dist=1206.31 dV=75.4169 thr=1 om=0.243473 lt=3
[ACTIVE] [RED] LeadPredict dist=1428.08 dV=0.565887 thr=1 om=0.257134 lt=3
[DUTY] team=1 ticks=3000 v27종말조준=0% v21뱅크예측=91.3667% v17궤도조건=74.0333% v17슬롯적용=70.4667% 상승클램프=0% 강하클램프=19.2% v23b조건=35% v23b실제적용=35%
[ACTIVE] [RED] LeadPredict dist=1241.13 dV=9.51715 thr=1 om=0.269695 lt=3
[ACTIVE] [RED] ClimbOut Z=2619.95
[ACTIVE] [RED] LeadPredict dist=1216 dV=92.0848 thr=1 om=0.241603 lt=3
[ACTIVE] [RED] LeadPredict dist=1475.85 dV=44.8592 thr=1 om=0.250615 lt=3
[ACTIVE] [RED] LeadPredict dist=1226.93 dV=0.0514374 thr=1 om=0.27008 lt=3
[ACTIVE] [RED] ClimbOut Z=2791.69
[ACTIVE] [RED] ClimbOut Z=2123.4
[ACTIVE] [RED] LeadPredict dist=3720.08 dV=25.9792 thr=1 om=0.48999 lt=3
[ACTIVE] [RED] Pure Z=1981.63 VPZ=3500
[ACTIVE] [RED] ClimbOut Z=1810.31
[ACTIVE] [RED] Pure Z=2362.5 VPZ=3500
[ACTIVE] [RED] LeadPredict dist=5137.82 dV=48.0487 thr=1 om=0.278801 lt=3
[ACTIVE] [RED] Pure Z=3064.65 VPZ=3500
[ACTIVE] [RED] LeadPredict dist=2876.5 dV=79.8411 thr=1 om=0.284576 lt=3
[ACTIVE] [RED] LeadPredict dist=476.669 dV=17.491 thr=0.738004 om=0.299774 lt=1.64667
[ACTIVE] [RED] ClimbOut Z=2630.81
[ACTIVE] [RED] ClimbOut Z=2016.06
[ACTIVE] [RED] LeadPredict dist=2449.05 dV=-57.0514 thr=1 om=0.239126 lt=3
[ACTIVE] [RED] LeadPredict dist=1832.69 dV=8.5397 thr=0.817665 om=0.262197 lt=3
[DUTY] team=1 ticks=3600 v27종말조준=0% v21뱅크예측=88.7778% v17궤도조건=73.9722% v17슬롯적용=69.8333% 상승클램프=0% 강하클램프=22.1667% v23b조건=31.1111% v23b실제적용=30.5%
[ACTIVE] [RED] LeadPredict dist=804.853 dV=88.9467 thr=0.55 om=0.291194 lt=2.42938
[ACTIVE] [RED] LeadPredict dist=2724.08 dV=45.425 thr=1 om=0.285628 lt=3
runner:local/env:0	num_steps=[11999] | total rewards=[39.6435] | termination= [max time out]
[seed 1] reward=    39.64 ownHP=1.0000 tgtHP=1.0000 max time out
total: 2
[ACTIVE] [RED] Pure Z=7007.97 VPZ=8465.12
[ACTIVE] [RED] LeadPredict dist=2105.4 dV=25.2076 thr=1 om=0.166419 lt=3
[ACTIVE] [RED] LeadPredict dist=2213.88 dV=80.9214 thr=0.68539 om=0.268843 lt=3
[ACTIVE] [RED] Pure Z=8436.5 VPZ=7432.03
[ACTIVE] [RED] LeadPredict dist=5137.52 dV=94.657 thr=1 om=0.207763 lt=3
[ACTIVE] [RED] Pure Z=8113.47 VPZ=6908.72
[ACTIVE] [RED] Pure Z=7550.85 VPZ=6300.68
[ACTIVE] [RED] LeadPredict dist=6507.63 dV=77.8862 thr=1 om=0.197196 lt=3
[ACTIVE] [RED] Pure Z=6875.25 VPZ=5934.8
[ACTIVE] [RED] Pure Z=6260.61 VPZ=5522.97
[ACTIVE] [RED] LeadPredict dist=5326.3 dV=48.7689 thr=1 om=0.159015 lt=3
[ACTIVE] [RED] Pure Z=5833.39 VPZ=5159.51
[ACTIVE] [RED] LeadPredict dist=2078.25 dV=19.3944 thr=1 om=0.191665 lt=3
[ACTIVE] [RED] LeadPredict dist=1451.82 dV=-13.787 thr=0.669867 om=0.206565 lt=3
[ACTIVE] [RED] ClimbOut Z=2581.54
[ACTIVE] [RED] Pure Z=3428.12 VPZ=3500
[ACTIVE] [RED] LeadPredict dist=5785.59 dV=34.3131 thr=1 om=0.193782 lt=3
[DUTY] team=1 ticks=4200 v27종말조준=0% v21뱅크예측=88.7857% v17궤도조건=69.7619% v17슬롯적용=63.7381% 상승클램프=0% 강하클램프=23.2143% v23b조건=31.5714% v23b실제적용=29.8333%
[ACTIVE] [RED] Pure Z=3634.74 VPZ=3500
[ACTIVE] [RED] Pure Z=3916.18 VPZ=3500
[ACTIVE] [RED] LeadPredict dist=6294.39 dV=33.5929 thr=1 om=0.206376 lt=3
[ACTIVE] [RED] Pure Z=4148.68 VPZ=3500
[ACTIVE] [RED] Pure Z=4223.71 VPZ=3500
[ACTIVE] [RED] LeadPredict dist=4523.36 dV=25.259 thr=1 om=0.208735 lt=3
[ACTIVE] [RED] LeadPredict dist=1438.2 dV=-10.3917 thr=0.710315 om=0.283673 lt=3
[ACTIVE] [RED] ClimbOut Z=2469.35
[ACTIVE] [RED] LeadPredict dist=1600.84 dV=-33.7473 thr=0.783777 om=0.249239 lt=3
[ACTIVE] [RED] ClimbOut Z=2615.1
[ACTIVE] [RED] LeadPredict dist=2781.16 dV=26.648 thr=1 om=0.374183 lt=3
[ACTIVE] [RED] ClimbOut Z=1868.51
[ACTIVE] [RED] LeadPredict dist=2757.91 dV=27.2653 thr=1 om=0.353099 lt=3
[ACTIVE] [RED] LeadPredict dist=2380.68 dV=-2.88089 thr=0.695447 om=0.0780281 lt=3
[ACTIVE] [RED] ClimbOut Z=1804.02
[ACTIVE] [RED] LeadPredict dist=2058.2 dV=-0.720215 thr=0.729773 om=0.238808 lt=3
[ACTIVE] [RED] ClimbOut Z=1831.63
[ACTIVE] [RED] LeadPredict dist=2220.75 dV=12.398 thr=0.741798 om=0.259157 lt=3
[ACTIVE] [RED] LeadPredict dist=2623.52 dV=11.2662 thr=1 om=0.378836 lt=3
[DUTY] team=1 ticks=4800 v27종말조준=0% v21뱅크예측=89.9583% v17궤도조건=67.8333% v17슬롯적용=62.5625% 상승클램프=0% 강하클램프=20.8125% v23b조건=34.4167% v23b실제적용=32.8958%
[ACTIVE] [RED] ClimbOut Z=1796.79
[ACTIVE] [RED] LeadPredict dist=3061.41 dV=24.4873 thr=1 om=0.467474 lt=3
[ACTIVE] [RED] LeadPredict dist=3052.46 dV=38.583 thr=1 om=0.390183 lt=3
[ACTIVE] [RED] LeadPredict dist=2564.47 dV=42.3384 thr=1 om=0.39024 lt=3
[ACTIVE] [RED] ClimbOut Z=1829.75
[ACTIVE] [RED] LeadPredict dist=3192.08 dV=21.8123 thr=1 om=0.250027 lt=3
[ACTIVE] [RED] ClimbOut Z=1849.05
[ACTIVE] [RED] Pure Z=1833.93 VPZ=3500
[ACTIVE] [RED] LeadPredict dist=4031.07 dV=18.2112 thr=1 om=0.215108 lt=3
[ACTIVE] [RED] Pure Z=1932.93 VPZ=3500
[ACTIVE] [RED] ClimbOut Z=1826.92
[ACTIVE] [RED] LeadPredict dist=3439.89 dV=29.3231 thr=1 om=0.355415 lt=3
[ACTIVE] [RED] LeadPredict dist=1815.24 dV=8.12817 thr=0.677738 om=0.196304 lt=3
[ACTIVE] [RED] LeadPredict dist=2786.67 dV=0 thr=1 om=0.242333 lt=3
[ACTIVE] [RED] ClimbOut Z=1947.93
[ACTIVE] [RED] LeadPredict dist=3910.3 dV=27.8312 thr=1 om=0.391706 lt=3
[ACTIVE] [RED] ClimbOut Z=1941.51
[ACTIVE] [RED] LeadPredict dist=3473.37 dV=20.2689 thr=1 om=0.350929 lt=3
[DUTY] team=1 ticks=5400 v27종말조준=0% v21뱅크예측=91.0741% v17궤도조건=61.6667% v17슬롯적용=56.1481% 상승클램프=0% 강하클램프=18.5% v23b조건=31.963% v23b실제적용=30.6111%
[ACTIVE] [RED] ClimbOut Z=1819.83
runner:local/env:0	num_steps=[11999] | total rewards=[-68.7904] | termination= [max time out]
[seed 2] reward=   -68.79 ownHP=1.0000 tgtHP=1.0000 max time out
total: 2
[ACTIVE] [RED] LeadPredict dist=4287.33 dV=8.64261 thr=1 om=0.131407 lt=3
[ACTIVE] [RED] Pure Z=7088.67 VPZ=9114.92
[ACTIVE] [RED] LeadPredict dist=1323.58 dV=56.537 thr=1 om=0.187313 lt=3
[ACTIVE] [RED] LeadPredict dist=1755.66 dV=109.576 thr=0.62767 om=0.306734 lt=3
[ACTIVE] [RED] LeadPredict dist=3873.35 dV=180.157 thr=1 om=0.118062 lt=3
[ACTIVE] [RED] Pure Z=9894.82 VPZ=8992.61
[ACTIVE] [RED] LeadPredict dist=4638.47 dV=191.938 thr=1 om=0.155781 lt=3
[ACTIVE] [RED] Pure Z=10272.6 VPZ=9346.95
[ACTIVE] [RED] Pure Z=10502.9 VPZ=9634.19
[ACTIVE] [RED] LeadPredict dist=3838.95 dV=149.239 thr=1 om=0.0637219 lt=3
[ACTIVE] [RED] LeadPredict dist=2229.27 dV=59.5721 thr=1 om=0.176145 lt=3
[ACTIVE] [RED] LeadPredict dist=920.1 dV=-0.257233 thr=1 om=0.196585 lt=3
[ACTIVE] [RED] LeadPredict dist=1751.71 dV=-24.6931 thr=1 om=0.153937 lt=3
[ACTIVE] [RED] LeadPredict dist=2884.24 dV=4.57852 thr=1 om=0.143916 lt=3
[DUTY] team=1 ticks=6000 v27종말조준=0% v21뱅크예측=90.5833% v17궤도조건=59.7167% v17슬롯적용=53.9% 상승클램프=0% 강하클램프=19.8167% v23b조건=29.8833% v23b실제적용=28.2%
[ACTIVE] [RED] LeadPredict dist=3358.08 dV=48.3574 thr=1 om=0.119607 lt=3
[ACTIVE] [RED] LeadPredict dist=3047.21 dV=80.0983 thr=1 om=0.103978 lt=3
[ACTIVE] [RED] LeadPredict dist=2249.6 dV=94.9656 thr=1 om=0.0562216 lt=3
[ACTIVE] [RED] LeadPredict dist=1429.94 dV=77.166 thr=1 om=0.0413526 lt=3
[ACTIVE] [RED] LeadPredict dist=1022.77 dV=28.7572 thr=1 om=0.155536 lt=3
[ACTIVE] [RED] LeadPredict dist=1062.68 dV=-29.6832 thr=1 om=0.146418 lt=3
[ACTIVE] [RED] LeadPredict dist=1455.21 dV=-37.194 thr=1 om=0.13876 lt=3
[ACTIVE] [RED] LeadPredict dist=1779.65 dV=0.925995 thr=1 om=0.15127 lt=3
[ACTIVE] [RED] LeadPredict dist=1784.67 dV=44.8592 thr=1 om=0.135494 lt=3
[ACTIVE] [RED] LeadPredict dist=1413.65 dV=81.0757 thr=1 om=0.129112 lt=3
[DUTY] team=1 ticks=6600 v27종말조준=0% v21뱅크예측=90.9242% v17궤도조건=60.3939% v17슬롯적용=55.1061% 상승클램프=0% 강하클램프=20.5455% v23b조건=27.1667% v23b실제적용=25.6364%
[ACTIVE] [RED] LeadPredict dist=926.012 dV=87.5062 thr=1 om=0.148634 lt=3
[ACTIVE] [RED] LeadPredict dist=756.88 dV=28.2942 thr=0.66047 om=0.18094 lt=3
[ACTIVE] [RED] LeadPredict dist=1097.04 dV=-22.9955 thr=1 om=0.158418 lt=3
[ACTIVE] [RED] LeadPredict dist=1510.56 dV=-17.7482 thr=1 om=0.159929 lt=3
[ACTIVE] [RED] LeadPredict dist=1600.94 dV=23.1498 thr=1 om=0.162067 lt=3
[ACTIVE] [RED] LeadPredict dist=1271.59 dV=78.1949 thr=1 om=0.142147 lt=3
[ACTIVE] [RED] LeadPredict dist=856.595 dV=92.7021 thr=0.92 om=0.134513 lt=3
[ACTIVE] [RED] LeadPredict dist=625.144 dV=47.0713 thr=0.55 om=0.166666 lt=3
[ACTIVE] [RED] LeadPredict dist=702.048 dV=-2.88086 thr=1 om=0.172311 lt=3
[ACTIVE] [RED] LeadPredict dist=906.546 dV=-13.4269 thr=1 om=0.16137 lt=3
[DUTY] team=1 ticks=7200 v27종말조준=0% v21뱅크예측=90.0417% v17궤도조건=63.6944% v17슬롯적용=58.8472% 상승클램프=0% 강하클램프=21.0833% v23b조건=24.9028% v23b실제적용=23.5%
[ACTIVE] [RED] LeadPredict dist=1034.75 dV=10.7004 thr=1 om=0.173665 lt=3
[ACTIVE] [RED] LeadPredict dist=930.969 dV=59.212 thr=1 om=0.167683 lt=3
[ACTIVE] [RED] LeadPredict dist=825.979 dV=78.8122 thr=0.567999 om=0.143019 lt=3
runner:local/env:0	num_steps=[11999] | total rewards=[334.8947] | termination= [max time out]
[seed 3] reward=   334.89 ownHP=1.0000 tgtHP=1.0000 max time out
total: 2
[ACTIVE] [RED] LeadPredict dist=3598.94 dV=0 thr=1 om=0 lt=3
[ACTIVE] [RED] LeadPredict dist=2074.43 dV=21.5551 thr=0.75754 om=0.185788 lt=3
[ACTIVE] [RED] LeadPredict dist=803.244 dV=9.87726 thr=0.678831 om=0.182294 lt=2.39368
[ACTIVE] [RED] LeadPredict dist=1225.77 dV=1.69763 thr=0.601215 om=0.194209 lt=3
[ACTIVE] [RED] LeadPredict dist=1582.43 dV=17.2852 thr=0.620673 om=0.184717 lt=3
[ACTIVE] [RED] LeadPredict dist=1452.42 dV=28.1399 thr=1 om=0.218601 lt=3
[ACTIVE] [RED] LeadPredict dist=1126.82 dV=5.65884 thr=1 om=0.230839 lt=3
[DUTY] team=1 ticks=7800 v27종말조준=0.0512821% v21뱅크예측=88.8846% v17궤도조건=65.9103% v17슬롯적용=61.4359% 상승클램프=0% 강하클램프=21.7692% v23b조건=26.1667% v23b실제적용=24.8718%
[ACTIVE] [RED] LeadPredict dist=1226.86 dV=-17.4909 thr=0.88 om=0.199838 lt=3
[ACTIVE] [RED] LeadPredict dist=1599.86 dV=2.00632 thr=0.715125 om=0.20033 lt=3
[ACTIVE] [RED] LeadPredict dist=1751.41 dV=31.2265 thr=0.688232 om=0.227499 lt=3
[ACTIVE] [RED] LeadPredict dist=1414.2 dV=24.2816 thr=0.854178 om=0.279575 lt=3
[ACTIVE] [RED] LeadPredict dist=1018.81 dV=-14.9188 thr=1 om=0.246976 lt=3
[ACTIVE] [RED] ClimbOut Z=2593.03
[ACTIVE] [RED] ClimbOut Z=2524.2
[ACTIVE] [RED] LeadPredict dist=1699.44 dV=24.4359 thr=0.729336 om=0.260647 lt=3
[ACTIVE] [RED] LeadPredict dist=2184.55 dV=47.0198 thr=0.786838 om=0.291002 lt=3
[ACTIVE] [RED] LeadPredict dist=1642.8 dV=16.8736 thr=1 om=0.305175 lt=3
[ACTIVE] [RED] ClimbOut Z=2883.67
[ACTIVE] [RED] LeadPredict dist=1147.08 dV=-11.6778 thr=1 om=0.272803 lt=3
[ACTIVE] [RED] ClimbOut Z=2223.5
[ACTIVE] [RED] LeadPredict dist=1912.56 dV=33.3871 thr=0.78487 om=0.279069 lt=3
[DUTY] team=1 ticks=8400 v27종말조준=0.047619% v21뱅크예측=88.9643% v17궤도조건=68.3452% v17슬롯적용=64.1905% 상승클램프=0% 강하클램프=21.7024% v23b조건=28.6905% v23b실제적용=27.4881%
[ACTIVE] [RED] ClimbOut Z=2289.1
[ACTIVE] [RED] LeadPredict dist=2194.27 dV=3.13809 thr=0.835812 om=0.140427 lt=3
[ACTIVE] [RED] LeadPredict dist=1971.04 dV=-6.0704 thr=1 om=0.101467 lt=3
[ACTIVE] [RED] LeadPredict dist=1208.05 dV=9.77435 thr=0.761694 om=0.100746 lt=3
[ACTIVE] [RED] ClimbOut Z=1841.44
[ACTIVE] [RED] LeadPredict dist=1791.84 dV=7.61371 thr=0.769565 om=0.270443 lt=3
[ACTIVE] [RED] ClimbOut Z=1828.89
[ACTIVE] [RED] LeadPredict dist=2894.1 dV=18.8285 thr=1 om=0.269771 lt=3
[ACTIVE] [RED] LeadPredict dist=2982.06 dV=34.879 thr=1 om=0.277575 lt=3
[ACTIVE] [RED] ClimbOut Z=1799.41
[ACTIVE] [RED] LeadPredict dist=2620.49 dV=42.4927 thr=1 om=0.390397 lt=3
[ACTIVE] [RED] LeadPredict dist=2918.58 dV=40.1263 thr=1 om=0.423196 lt=3
[ACTIVE] [RED] ClimbOut Z=1812.79
[ACTIVE] [RED] LeadPredict dist=3418.14 dV=30.2491 thr=1 om=0.252333 lt=3
[ACTIVE] [RED] LeadPredict dist=3062.19 dV=23.6128 thr=1 om=0.243921 lt=3
[DUTY] team=1 ticks=9000 v27종말조준=0.0444444% v21뱅크예측=89.7% v17궤도조건=66.8111% v17슬롯적용=62.9333% 상승클램프=0% 강하클램프=20.2556% v23b조건=29.3667% v23b실제적용=28.2444%
[ACTIVE] [RED] ClimbOut Z=1807.22
[ACTIVE] [RED] ClimbOut Z=1839.27
[ACTIVE] [RED] LeadPredict dist=2408 dV=19.7545 thr=0.620892 om=0.296437 lt=3
[ACTIVE] [RED] ClimbOut Z=1808.66
[ACTIVE] [RED] LeadPredict dist=2440.35 dV=19.1886 thr=0.632698 om=0.354594 lt=3
[ACTIVE] [RED] LeadPredict dist=2787.08 dV=7.40796 thr=1 om=0.333141 lt=3
runner:local/env:0	num_steps=[11999] | total rewards=[97.0529] | termination= [max time out]
[seed 4] reward=    97.05 ownHP=1.0000 tgtHP=1.0000 max time out
total: 2
[ACTIVE] [RED] LeadPredict dist=2612.27 dV=10.7518 thr=1 om=0.231908 lt=3
[ACTIVE] [RED] LeadPredict dist=2284.92 dV=28.6028 thr=0.702225 om=0.149163 lt=3
[ACTIVE] [RED] LeadPredict dist=2520.02 dV=51.8556 thr=0.766956 om=0.179652 lt=3
[ACTIVE] [RED] LeadPredict dist=2300.65 dV=53.3989 thr=0.654781 om=0.173963 lt=3
[ACTIVE] [RED] LeadPredict dist=1701.37 dV=-17.1823 thr=0.851335 om=0.167972 lt=3
[ACTIVE] [RED] LeadPredict dist=2076.09 dV=-39.7148 thr=1 om=0.171521 lt=3
[ACTIVE] [RED] LeadPredict dist=2705.17 dV=10.5975 thr=1 om=0.186647 lt=3
[DUTY] team=1 ticks=9600 v27종말조준=0.0416667% v21뱅크예측=89.2188% v17궤도조건=66.4896% v17슬롯적용=61.5833% 상승클램프=0% 강하클램프=20.9792% v23b조건=30.6667% v23b실제적용=29.6146%
[ACTIVE] [RED] LeadPredict dist=2847.47 dV=83.2364 thr=1 om=0.235972 lt=3
[ACTIVE] [RED] LeadPredict dist=2044.07 dV=101.653 thr=0.745296 om=0.276835 lt=3
[ACTIVE] [RED] LeadPredict dist=1410.98 dV=20.629 thr=1 om=0.232626 lt=3
[ACTIVE] [RED] LeadPredict dist=1711.67 dV=-0.823105 thr=1 om=0.207397 lt=3
[ACTIVE] [RED] LeadPredict dist=1533.17 dV=63.0703 thr=1 om=0.232116 lt=3
[ACTIVE] [RED] LeadPredict dist=1116.59 dV=73.1019 thr=1 om=0.21115 lt=3
[ACTIVE] [RED] LeadPredict dist=1242.2 dV=-8.69403 thr=1 om=0.201148 lt=3
[ACTIVE] [RED] LeadPredict dist=1684.04 dV=-29.6317 thr=1 om=0.165086 lt=3
[ACTIVE] [RED] LeadPredict dist=1696.5 dV=27.9855 thr=1 om=0.158529 lt=3
[ACTIVE] [RED] LeadPredict dist=1261.04 dV=86.7346 thr=1 om=0.169962 lt=3
[DUTY] team=1 ticks=10200 v27종말조준=0.0392157% v21뱅크예측=89.3627% v17궤도조건=67.549% v17슬롯적용=62.9314% 상승클램프=0% 강하클램프=21.6569% v23b조건=29.402% v23b실제적용=28.4118%
[ACTIVE] [RED] LeadPredict dist=892.132 dV=71.8673 thr=0.928 om=0.192763 lt=3
[ACTIVE] [RED] LeadPredict dist=1122.83 dV=-7.51082 thr=1 om=0.197799 lt=3
[ACTIVE] [RED] LeadPredict dist=1620.48 dV=-35.6507 thr=1 om=0.180038 lt=3
[ACTIVE] [RED] LeadPredict dist=1738.81 dV=11.6264 thr=1 om=0.180947 lt=3
[ACTIVE] [RED] LeadPredict dist=1294.87 dV=72.7418 thr=1 om=0.171576 lt=3
[ACTIVE] [RED] LeadPredict dist=775.21 dV=89.7183 thr=0.832 om=0.166854 lt=3
[ACTIVE] [RED] LeadPredict dist=797.86 dV=25.8249 thr=0.690102 om=0.197386 lt=3
[ACTIVE] [RED] LeadPredict dist=1190.53 dV=-23.87 thr=1 om=0.191811 lt=3
[ACTIVE] [RED] LeadPredict dist=1419.24 dV=-9.87726 thr=1 om=0.197021 lt=3
[ACTIVE] [RED] LeadPredict dist=1139.34 dV=46.4539 thr=1 om=0.198996 lt=3
[DUTY] team=1 ticks=10800 v27종말조준=0.037037% v21뱅크예측=88.0926% v17궤도조건=69.3519% v17슬롯적용=64.9907% 상승클램프=0% 강하클램프=22.7593% v23b조건=27.7685% v23b실제적용=26.8333%
[ACTIVE] [RED] LeadPredict dist=844.832 dV=91.3645 thr=0.768 om=0.179083 lt=3
[ACTIVE] [RED] LeadPredict dist=962.4 dV=51.0839 thr=1 om=0.190035 lt=3
[ACTIVE] [RED] LeadPredict dist=1089.86 dV=0.411545 thr=1 om=0.203508 lt=3
[ACTIVE] [RED] LeadPredict dist=1097.35 dV=-1.33755 thr=1 om=0.209498 lt=3
[ACTIVE] [RED] LeadPredict dist=1076.44 dV=34.2617 thr=1 om=0.218888 lt=3
[ACTIVE] [RED] LeadPredict dist=1087.57 dV=87.1976 thr=1 om=0.194841 lt=3
[ACTIVE] [RED] LeadPredict dist=1138.99 dV=77.4747 thr=1 om=0.193511 lt=3
runner:local/env:0	num_steps=[11999] | total rewards=[62.4775] | termination= [max time out]
[seed 5] reward=    62.48 ownHP=1.0000 tgtHP=1.0000 max time out
total: 2
[ACTIVE] [RED] LeadPredict dist=1825.67 dV=24.6931 thr=0.77044 om=0.167125 lt=3
[ACTIVE] [RED] LeadPredict dist=2569.51 dV=53.8618 thr=0.783307 om=0.193342 lt=3
[ACTIVE] [RED] LeadPredict dist=3191.15 dV=59.6236 thr=1 om=0.16185 lt=3
[DUTY] team=1 ticks=11400 v27종말조준=0.0350877% v21뱅크예측=87.0439% v17궤도조건=70.2281% v17슬롯적용=65.6667% 상승클램프=0% 강하클램프=22.886% v23b조건=27.114% v23b실제적용=26.2281%
[ACTIVE] [RED] LeadPredict dist=2215.02 dV=-2.67508 thr=0.618268 om=0.0952142 lt=3
[ACTIVE] [RED] LeadPredict dist=1716.7 dV=-51.5983 thr=0.822038 om=0.21334 lt=3
[ACTIVE] [RED] LeadPredict dist=2231.02 dV=-22.2752 thr=0.80083 om=0.197416 lt=3
[ACTIVE] [RED] LeadPredict dist=2501.18 dV=45.7337 thr=0.860798 om=0.245062 lt=3
[ACTIVE] [RED] LeadPredict dist=2080.19 dV=64.3564 thr=0.740924 om=0.30709 lt=3
[ACTIVE] [RED] LeadPredict dist=1256 dV=-8.33392 thr=1 om=0.245278 lt=3
[ACTIVE] [RED] LeadPredict dist=1341.16 dV=18.1083 thr=1 om=0.268184 lt=3
[ACTIVE] [RED] LeadPredict dist=1736.16 dV=84.8312 thr=0.851773 om=0.257278 lt=3
[ACTIVE] [RED] LeadPredict dist=1680.77 dV=40.2807 thr=1 om=0.246557 lt=3
[ACTIVE] [RED] LeadPredict dist=1356.24 dV=-14.0957 thr=1 om=0.229304 lt=3
[DUTY] team=1 ticks=12000 v27종말조준=0.0333333% v21뱅크예측=86.9667% v17궤도조건=71.2417% v17슬롯적용=66.9083% 상승클램프=0% 강하클램프=22.875% v23b조건=28.6167% v23b실제적용=27.775%
[ACTIVE] [RED] LeadPredict dist=1309.89 dV=36.6796 thr=1 om=0.204998 lt=3
[ACTIVE] [RED] LeadPredict dist=1304.72 dV=69.7581 thr=1 om=0.194977 lt=3
[ACTIVE] [RED] LeadPredict dist=1164.18 dV=27.9855 thr=1 om=0.21388 lt=3
[ACTIVE] [RED] LeadPredict dist=1115.98 dV=-25.259 thr=1 om=0.214754 lt=3
[ACTIVE] [RED] LeadPredict dist=1152.5 dV=-4.26985 thr=1 om=0.222741 lt=3
[ACTIVE] [RED] LeadPredict dist=1181.61 dV=50.5694 thr=1 om=0.214102 lt=3
[ACTIVE] [RED] LeadPredict dist=942.875 dV=62.9675 thr=1 om=0.206261 lt=3
[ACTIVE] [RED] LeadPredict dist=741.561 dV=14.7644 thr=0.822827 om=0.222538 lt=3
[ACTIVE] [RED] LeadPredict dist=919.891 dV=-18.6742 thr=1 om=0.224999 lt=3
[ACTIVE] [RED] LeadPredict dist=1043.21 dV=13.5298 thr=1 om=0.233768 lt=3
[DUTY] team=1 ticks=12600 v27종말조준=0.031746% v21뱅크예측=87.1032% v17궤도조건=72.6111% v17슬롯적용=68.4841% 상승클램프=0% 강하클램프=23.1111% v23b조건=27.254% v23b실제적용=26.4524%
[ACTIVE] [RED] LeadPredict dist=841.571 dV=61.4241 thr=0.864 om=0.217261 lt=3
[ACTIVE] [RED] LeadPredict dist=666.111 dV=34.4675 thr=0.58639 om=0.214342 lt=3
[ACTIVE] [RED] LeadPredict dist=704.846 dV=-7.09927 thr=1 om=0.226458 lt=3
[ACTIVE] [RED] LeadPredict dist=852.713 dV=-5.55595 thr=1 om=0.231799 lt=3
[ACTIVE] [RED] LeadPredict dist=896.714 dV=30.4548 thr=0.872 om=0.238192 lt=3
[ACTIVE] [RED] LeadPredict dist=741.906 dV=44.4991 thr=0.55 om=0.214193 lt=3
[ACTIVE] [RED] LeadPredict dist=697.597 dV=8.07671 thr=0.90308 om=0.223966 lt=3
[ACTIVE] [RED] LeadPredict dist=800.446 dV=-17.9025 thr=1 om=0.225859 lt=3
[ACTIVE] [RED] LeadPredict dist=939.392 dV=4.7843 thr=1 om=0.239017 lt=3
[ACTIVE] [RED] LeadPredict dist=873.139 dV=48.5117 thr=0.896 om=0.231728 lt=3
[DUTY] team=1 ticks=13200 v27종말조준=0.030303% v21뱅크예측=85.4318% v17궤도조건=73.8561% v17슬롯적용=69.9167% 상승클램프=0% 강하클램프=23.1061% v23b조건=26.0152% v23b실제적용=25.25%
runner:local/env:0	num_steps=[11999] | total rewards=[312.4496] | termination= [max time out]
[seed 6] reward=   312.45 ownHP=1.0000 tgtHP=1.0000 max time out
total: 2
[ACTIVE] [RED] LeadPredict dist=1716.58 dV=10.1859 thr=0.813074 om=0.262844 lt=3
[ACTIVE] [RED] LeadPredict dist=1247.87 dV=9.98016 thr=0.828378 om=0.174221 lt=3
[ACTIVE] [RED] LeadPredict dist=2157.09 dV=-10.3402 thr=0.846963 om=0.159271 lt=3
[ACTIVE] [RED] LeadPredict dist=2934.8 dV=-12.4495 thr=1 om=0.172654 lt=3
[ACTIVE] [RED] LeadPredict dist=3059.78 dV=4.11554 thr=1 om=0.190462 lt=3
[ACTIVE] [RED] LeadPredict dist=2338.66 dV=20.9377 thr=0.607992 om=0.193617 lt=3
[ACTIVE] [RED] LeadPredict dist=1431.73 dV=12.8095 thr=0.684515 om=0.20382 lt=3
[ACTIVE] [RED] LeadPredict dist=1661.52 dV=0.668762 thr=0.734802 om=0.209147 lt=3
[ACTIVE] [RED] LeadPredict dist=2382.81 dV=-4.83572 thr=0.735895 om=0.214797 lt=3
[ACTIVE] [RED] LeadPredict dist=2452.8 dV=13.324 thr=0.670304 om=0.24991 lt=3
[DUTY] team=1 ticks=13800 v27종말조준=0.0289855% v21뱅크예측=85.7754% v17궤도조건=73.6087% v17슬롯적용=69.8406% 상승클램프=0% 강하클램프=23.3623% v23b조건=27.6957% v23b실제적용=26.9638%
[ACTIVE] [RED] ClimbOut Z=1896.03
[ACTIVE] [RED] LeadPredict dist=2303.96 dV=4.37274 thr=0.694573 om=0.381263 lt=3
[ACTIVE] [RED] LeadPredict dist=2450.61 dV=6.12183 thr=0.720591 om=0.257081 lt=3
[ACTIVE] [RED] ClimbOut Z=1806.97
[ACTIVE] [RED] LeadPredict dist=2742.19 dV=26.3393 thr=1 om=0.366746 lt=3
[ACTIVE] [RED] LeadPredict dist=3218.42 dV=26.1335 thr=1 om=0.245859 lt=3
[ACTIVE] [RED] ClimbOut Z=1862.63
[ACTIVE] [RED] LeadPredict dist=3192.15 dV=42.2355 thr=1 om=0.38365 lt=3
[ACTIVE] [RED] ClimbOut Z=2066.66
[ACTIVE] [RED] LeadPredict dist=2886.16 dV=29.6317 thr=1 om=0.264015 lt=3
[ACTIVE] [RED] ClimbOut Z=1799.92
[ACTIVE] [RED] LeadPredict dist=3437.19 dV=21.4521 thr=1 om=0.445328 lt=3
[ACTIVE] [RED] LeadPredict dist=3380.97 dV=26.3393 thr=1 om=0.399269 lt=3
[ACTIVE] [RED] LeadPredict dist=2611.97 dV=24.8989 thr=1 om=0.244079 lt=3
[ACTIVE] [RED] ClimbOut Z=1817.5
[ACTIVE] [RED] ClimbOut Z=1839.77
[ACTIVE] [RED] LeadPredict dist=2535.02 dV=15.8448 thr=0.784229 om=0.315798 lt=3
[DUTY] team=1 ticks=14400 v27종말조준=0.0277778% v21뱅크예측=86.3681% v17궤도조건=71.7708% v17슬롯적용=67.8472% 상승클램프=0% 강하클램프=22.3889% v23b조건=27.7708% v23b실제적용=27.0694%
[ACTIVE] [RED] LeadPredict dist=2822.3 dV=14.5587 thr=1 om=0.240817 lt=3
[ACTIVE] [RED] LeadPredict dist=2979.34 dV=-15.8962 thr=1 om=0.260451 lt=3
[ACTIVE] [RED] LeadPredict dist=1934.11 dV=9.41423 thr=1 om=0.136654 lt=3
[ACTIVE] [RED] LeadPredict dist=1033.69 dV=31.6381 thr=1 om=0.266996 lt=3
[ACTIVE] [RED] LeadPredict dist=1208.63 dV=-17.0794 thr=1 om=0.266522 lt=3
[ACTIVE] [RED] LeadPredict dist=1878.71 dV=7.56226 thr=1 om=0.269851 lt=3
[ACTIVE] [RED] LeadPredict dist=1779.31 dV=69.6037 thr=0.857895 om=0.258539 lt=3
[ACTIVE] [RED] LeadPredict dist=1420.05 dV=71.7644 thr=1 om=0.270993 lt=3
[ACTIVE] [RED] LeadPredict dist=1538.89 dV=-3.9612 thr=1 om=0.28646 lt=3
[ACTIVE] [RED] LeadPredict dist=1666.18 dV=4.26984 thr=1 om=0.291552 lt=3
[DUTY] team=1 ticks=15000 v27종말조준=0.0266667% v21뱅크예측=86.7667% v17궤도조건=71.8933% v17슬롯적용=68.1267% 상승클램프=0% 강하클램프=22.4333% v23b조건=26.98% v23b실제적용=26.3067%
[ACTIVE] [RED] ClimbOut Z=3030.14
runner:local/env:0	num_steps=[11999] | total rewards=[-51.6842] | termination= [max time out]
[seed 7] reward=   -51.68 ownHP=1.0000 tgtHP=1.0000 max time out
total: 2
[ACTIVE] [RED] LeadPredict dist=1465.92 dV=9.87726 thr=0.803235 om=0.22742 lt=3
[ACTIVE] [RED] LeadPredict dist=1281.42 dV=28.2942 thr=0.733927 om=0.15357 lt=3
[ACTIVE] [RED] LeadPredict dist=1537.9 dV=33.6444 thr=0.751418 om=0.150858 lt=3
[ACTIVE] [RED] LeadPredict dist=1649.34 dV=48.2545 thr=1 om=0.220795 lt=3
[ACTIVE] [RED] LeadPredict dist=1337.45 dV=39.6119 thr=1 om=0.196942 lt=3
[ACTIVE] [RED] LeadPredict dist=1091.02 dV=-5.35017 thr=1 om=0.194237 lt=3
[ACTIVE] [RED] LeadPredict dist=1253.72 dV=-7.56227 thr=1 om=0.195421 lt=3
[ACTIVE] [RED] LeadPredict dist=1396.15 dV=42.5956 thr=1 om=0.18464 lt=3
[ACTIVE] [RED] LeadPredict dist=1391 dV=105.46 thr=1 om=0.150283 lt=3
[ACTIVE] [RED] LeadPredict dist=1435.95 dV=117.087 thr=1 om=0.147603 lt=3
[DUTY] team=1 ticks=15600 v27종말조준=0.025641% v21뱅크예측=86.3333% v17궤도조건=72.8846% v17슬롯적용=68.8782% 상승클램프=0% 강하클램프=22.359% v23b조건=27.2564% v23b실제적용=26.609%
[ACTIVE] [RED] LeadPredict dist=1307.9 dV=62.5559 thr=1 om=0.176583 lt=3
[ACTIVE] [RED] LeadPredict dist=1112.34 dV=12.9639 thr=1 om=0.17129 lt=3
[ACTIVE] [RED] LeadPredict dist=1048.54 dV=8.12814 thr=1 om=0.181808 lt=3
[ACTIVE] [RED] LeadPredict dist=1211.34 dV=39.6633 thr=1 om=0.185919 lt=3
[ACTIVE] [RED] LeadPredict dist=1326.13 dV=96.9719 thr=0.869701 om=0.157881 lt=3
[ACTIVE] [RED] LeadPredict dist=1380.13 dV=112.199 thr=1 om=0.148973 lt=3
[ACTIVE] [RED] LeadPredict dist=1162.8 dV=66.2599 thr=1 om=0.173115 lt=3
[ACTIVE] [RED] LeadPredict dist=889.142 dV=25.3619 thr=0.936 om=0.178298 lt=3
[ACTIVE] [RED] LeadPredict dist=936.63 dV=2.21208 thr=1 om=0.181847 lt=3
[ACTIVE] [RED] LeadPredict dist=1105.34 dV=28.7572 thr=1 om=0.191528 lt=3
[DUTY] team=1 ticks=16200 v27종말조준=0.0246914% v21뱅크예측=85.9321% v17궤도조건=73.8889% v17슬롯적용=70.0309% 상승클램프=0% 강하클램프=22.4815% v23b조건=26.4074% v23b실제적용=25.784%
[ACTIVE] [RED] LeadPredict dist=1027.85 dV=75.5712 thr=1 om=0.166426 lt=3
[ACTIVE] [RED] LeadPredict dist=834.137 dV=74.2337 thr=0.824 om=0.154659 lt=3
[ACTIVE] [RED] LeadPredict dist=640.372 dV=28.3456 thr=0.659852 om=0.182412 lt=3
[ACTIVE] [RED] LeadPredict dist=652.828 dV=-4.93863 thr=1 om=0.179185 lt=3
[ACTIVE] [RED] LeadPredict dist=836.957 dV=-1.74908 thr=1 om=0.184817 lt=3
[ACTIVE] [RED] LeadPredict dist=919.805 dV=29.9404 thr=1 om=0.192297 lt=3
[ACTIVE] [RED] LeadPredict dist=784.932 dV=54.8907 thr=0.551999 om=0.166062 lt=3
[ACTIVE] [RED] LeadPredict dist=644.086 dV=33.953 thr=0.592563 om=0.159115 lt=3
[ACTIVE] [RED] LeadPredict dist=608.754 dV=3.13808 thr=0.962343 om=0.1823 lt=3
[ACTIVE] [RED] LeadPredict dist=692.409 dV=-16.0505 thr=1 om=0.177517 lt=3
[DUTY] team=1 ticks=16800 v27종말조준=0.25% v21뱅크예측=85.256% v17궤도조건=74.8214% v17슬롯적용=71.1012% 상승클램프=0% 강하클램프=22.1131% v23b조건=25.4643% v23b실제적용=24.8631%
[ACTIVE] [RED] LeadPredict dist=920.625 dV=-7.87093 thr=1 om=0.1824 lt=3
[ACTIVE] [RED] LeadPredict dist=1005.81 dV=28.7057 thr=1 om=0.188724 lt=3
[ACTIVE] [RED] LeadPredict dist=826.88 dV=64.8194 thr=0.808 om=0.166247 lt=3
runner:local/env:0	num_steps=[11999] | total rewards=[673.5824] | termination= [max time out]
[seed 8] reward=   673.58 ownHP=1.0000 tgtHP=1.0000 max time out
total: 2
[ACTIVE] [RED] LeadPredict dist=2858.86 dV=2.26352 thr=1 om=0 lt=3
[ACTIVE] [RED] LeadPredict dist=1130.07 dV=41.9783 thr=0.76082 om=0.15892 lt=3
[ACTIVE] [RED] LeadPredict dist=3133.8 dV=129.639 thr=1 om=0.182459 lt=3
[ACTIVE] [RED] Pure Z=9578.84 VPZ=8725.02
[ACTIVE] [RED] LeadPredict dist=4585.45 dV=180.26 thr=1 om=0.150825 lt=3
[ACTIVE] [RED] Pure Z=9895.32 VPZ=8954.76
[ACTIVE] [RED] Pure Z=10038.8 VPZ=9084.24
[ACTIVE] [RED] LeadPredict dist=4646.51 dV=153.2 thr=1 om=0.134291 lt=3
[ACTIVE] [RED] Pure Z=10038.7 VPZ=9134.84
[ACTIVE] [RED] LeadPredict dist=3533.42 dV=80.6127 thr=1 om=0.144271 lt=3
[ACTIVE] [RED] LeadPredict dist=1907.25 dV=22.5839 thr=1 om=0.074529 lt=3
[DUTY] team=1 ticks=17400 v27종말조준=0.241379% v21뱅크예측=84.7414% v17궤도조건=74.2126% v17슬롯적용=70.4138% 상승클램프=0% 강하클램프=22.2184% v23b조건=25.1322% v23b실제적용=24.5517%
[ACTIVE] [RED] LeadPredict dist=1042.72 dV=7.51082 thr=1 om=0.1664 lt=3
[ACTIVE] [RED] LeadPredict dist=1671.96 dV=-13.4783 thr=1 om=0.151177 lt=3
[ACTIVE] [RED] LeadPredict dist=2645.3 dV=-12.6038 thr=1 om=0.146107 lt=3
[ACTIVE] [RED] LeadPredict dist=3196.58 dV=14.1471 thr=1 om=0.131967 lt=3
[ACTIVE] [RED] LeadPredict dist=3080.21 dV=46.0938 thr=1 om=0.12951 lt=3
[ACTIVE] [RED] LeadPredict dist=2356.71 dV=65.3853 thr=1 om=0.143859 lt=3
[ACTIVE] [RED] LeadPredict dist=1533.75 dV=46.7626 thr=1 om=0.264318 lt=3
[ACTIVE] [RED] LeadPredict dist=1119.18 dV=-3.2924 thr=1 om=0.177602 lt=3
[ACTIVE] [RED] LeadPredict dist=1291.76 dV=-28.8601 thr=1 om=0.174886 lt=3
[ACTIVE] [RED] LeadPredict dist=1725.67 dV=2.88086 thr=1 om=0.179772 lt=3
[DUTY] team=1 ticks=18000 v27종말조준=0.233333% v21뱅크예측=85.1% v17궤도조건=73.9667% v17슬롯적용=70.2944% 상승클램프=0% 강하클램프=22.3389% v23b조건=24.2944% v23b실제적용=23.7333%
[ACTIVE] [RED] LeadPredict dist=1884.62 dV=50.8781 thr=1 om=0.157092 lt=3
[ACTIVE] [RED] LeadPredict dist=1543.25 dV=85.9629 thr=1 om=0.164252 lt=3
[ACTIVE] [RED] LeadPredict dist=991.907 dV=69.4494 thr=1 om=0.185498 lt=3
[ACTIVE] [RED] LeadPredict dist=896.895 dV=0.30867 thr=0.996296 om=0.182163 lt=3
[ACTIVE] [RED] LeadPredict dist=1316.3 dV=-16.4621 thr=1 om=0.187855 lt=3
[ACTIVE] [RED] LeadPredict dist=1601.29 dV=19.1886 thr=1 om=0.186236 lt=3
[ACTIVE] [RED] LeadPredict dist=1369.67 dV=68.1118 thr=1 om=0.164734 lt=3
[ACTIVE] [RED] LeadPredict dist=893.176 dV=89.7698 thr=0.968 om=0.16103 lt=3
[ACTIVE] [RED] LeadPredict dist=710.671 dV=35.6507 thr=0.572192 om=0.186753 lt=3
[ACTIVE] [RED] LeadPredict dist=945.887 dV=-14.5072 thr=1 om=0.180059 lt=3
[DUTY] team=1 ticks=18600 v27종말조준=0.225806% v21뱅크예측=85.5806% v17궤도조건=74.8065% v17슬롯적용=71.2527% 상승클램프=0% 강하클램프=22.3978% v23b조건=23.5108% v23b실제적용=22.9677%
[ACTIVE] [RED] LeadPredict dist=1203.58 dV=-9.98013 thr=1 om=0.183228 lt=3
[ACTIVE] [RED] LeadPredict dist=1129.66 dV=33.6958 thr=1 om=0.189309 lt=3
[ACTIVE] [RED] LeadPredict dist=897.984 dV=89.2553 thr=0.92 om=0.163631 lt=3
[ACTIVE] [RED] LeadPredict dist=961.227 dV=81.1272 thr=1 om=0.160531 lt=3
[ACTIVE] [RED] LeadPredict dist=943.308 dV=37.8628 thr=1 om=0.188492 lt=3
[ACTIVE] [RED] LeadPredict dist=897.184 dV=5.86461 thr=0.929625 om=0.180919 lt=3
[ACTIVE] [RED] LeadPredict dist=958.96 dV=13.0153 thr=1 om=0.199335 lt=3
runner:local/env:0	num_steps=[11999] | total rewards=[263.2947] | termination= [max time out]
[seed 9] reward=   263.29 ownHP=1.0000 tgtHP=1.0000 max time out
total: 2
[ACTIVE] [RED] LeadPredict dist=1380.13 dV=-2.05777 thr=0.809357 om=0.140317 lt=3
[ACTIVE] [RED] LeadPredict dist=3771.87 dV=45.4765 thr=1 om=0.146927 lt=3
[ACTIVE] [RED] Pure Z=7626.3 VPZ=6822.72
[ACTIVE] [RED] Pure Z=8207.54 VPZ=7230.38
[ACTIVE] [RED] LeadPredict dist=5287.46 dV=116.006 thr=1 om=0.192052 lt=3
[DUTY] team=1 ticks=19200 v27종말조준=0.21875% v21뱅크예측=85.2865% v17궤도조건=74.9583% v17슬롯적용=71.349% 상승클램프=0% 강하클램프=22.6667% v23b조건=23.1667% v23b실제적용=22.6406%
[ACTIVE] [RED] Pure Z=8868.26 VPZ=7797.45
[ACTIVE] [RED] Pure Z=9446.1 VPZ=8371.19
[ACTIVE] [RED] LeadPredict dist=5139.81 dV=151.76 thr=1 om=0.14883 lt=3
[ACTIVE] [RED] Pure Z=9862.92 VPZ=8857.25
[ACTIVE] [RED] Pure Z=10098.4 VPZ=9213.82
[ACTIVE] [RED] LeadPredict dist=3839.92 dV=121.716 thr=1 om=0.111199 lt=3
[ACTIVE] [RED] LeadPredict dist=2004.44 dV=53.0388 thr=1 om=0.0456871 lt=3
[ACTIVE] [RED] LeadPredict dist=820.062 dV=-36.7825 thr=1 om=0.185211 lt=3
[ACTIVE] [RED] LeadPredict dist=2060.64 dV=-35.1877 thr=1 om=0.171634 lt=3
[ACTIVE] [RED] LeadPredict dist=3030.53 dV=29.3231 thr=1 om=0.149952 lt=3
[ACTIVE] [RED] LeadPredict dist=3048.22 dV=98.0008 thr=1 om=0.134559 lt=3
[ACTIVE] [RED] LeadPredict dist=2216.57 dV=128.404 thr=1 om=0.117039 lt=3
[ACTIVE] [RED] LeadPredict dist=1146.46 dV=104.071 thr=1 om=0.166312 lt=3
[ACTIVE] [RED] LeadPredict dist=880.25 dV=8.64259 thr=0.896289 om=0.165011 lt=3
[DUTY] team=1 ticks=19800 v27종말조준=0.212121% v21뱅크예측=85.1061% v17궤도조건=74.1313% v17슬롯적용=70.6313% 상승클램프=0% 강하클램프=22.5354% v23b조건=22.4646% v23b실제적용=21.9545%
[ACTIVE] [RED] LeadPredict dist=1808.2 dV=-44.7048 thr=1 om=0.151386 lt=3
[ACTIVE] [RED] LeadPredict dist=2574.69 dV=-14.1985 thr=1 om=0.149199 lt=3
[ACTIVE] [RED] LeadPredict dist=2668.34 dV=47.3285 thr=1 om=0.143576 lt=3
[ACTIVE] [RED] LeadPredict dist=1983.41 dV=100.985 thr=1 om=0.132777 lt=3
[ACTIVE] [RED] LeadPredict dist=1001 dV=129.279 thr=1 om=0.151426 lt=3
[ACTIVE] [RED] LeadPredict dist=819.781 dV=57 thr=0.567999 om=0.185382 lt=3
[ACTIVE] [RED] LeadPredict dist=1574.08 dV=-23.9215 thr=1 om=0.166547 lt=3
[ACTIVE] [RED] LeadPredict dist=2272.82 dV=-30.1462 thr=1 om=0.176724 lt=3
[ACTIVE] [RED] LeadPredict dist=2369.63 dV=20.4747 thr=1 om=0.177029 lt=3
[ACTIVE] [RED] LeadPredict dist=1742.59 dV=74.7996 thr=1 om=0.14744 lt=3
[DUTY] team=1 ticks=20400 v27종말조준=0.205882% v21뱅크예측=84.6961% v17궤도조건=74.451% v17슬롯적용=71.0539% 상승클램프=0% 강하클램프=23.5392% v23b조건=21.8039% v23b실제적용=21.3088%
[ACTIVE] [RED] LeadPredict dist=928.353 dV=104.483 thr=1 om=0.174694 lt=3
[ACTIVE] [RED] LeadPredict dist=1007.2 dV=39.4061 thr=0.983999 om=0.200823 lt=3
[ACTIVE] [RED] LeadPredict dist=1645.75 dV=-22.4296 thr=1 om=0.200841 lt=3
[ACTIVE] [RED] LeadPredict dist=2054.19 dV=-14.9187 thr=1 om=0.226029 lt=3
[ACTIVE] [RED] LeadPredict dist=1897.79 dV=36.8339 thr=1 om=0.206505 lt=3
[ACTIVE] [RED] LeadPredict dist=1352.47 dV=92.0848 thr=1 om=0.20779 lt=3
[ACTIVE] [RED] LeadPredict dist=1284.31 dV=84.5225 thr=1 om=0.220346 lt=3
[ACTIVE] [RED] LeadPredict dist=1690.17 dV=0.462997 thr=1 om=0.236463 lt=3
[ACTIVE] [RED] LeadPredict dist=1806.33 dV=-11.1119 thr=1 om=0.237529 lt=3
[ACTIVE] [RED] LeadPredict dist=1409.88 dV=54.4792 thr=1 om=0.226699 lt=3
[DUTY] team=1 ticks=21000 v27종말조준=0.2% v21뱅크예측=85.0619% v17궤도조건=75.181% v17슬롯적용=71.881% 상승클램프=0% 강하클램프=24.1286% v23b조건=21.181% v23b실제적용=20.7%
runner:local/env:0	num_steps=[11999] | total rewards=[31.0512] | termination= [max time out]
[seed 10] reward=    31.05 ownHP=1.0000 tgtHP=1.0000 max time out
total: 2
[ACTIVE] [RED] LeadPredict dist=2427.51 dV=-6.01895 thr=0.840185 om=0.210073 lt=3
[ACTIVE] [RED] LeadPredict dist=2667.61 dV=-5.50452 thr=1 om=0.177942 lt=3
[ACTIVE] [RED] LeadPredict dist=2250.86 dV=-16.4106 thr=0.731522 om=0.183219 lt=3
[ACTIVE] [RED] LeadPredict dist=1718.14 dV=-4.42419 thr=0.649096 om=0.221546 lt=3
[ACTIVE] [RED] LeadPredict dist=1507.82 dV=14.5072 thr=0.633136 om=0.214121 lt=3
[ACTIVE] [RED] ClimbOut Z=2744.21
[ACTIVE] [RED] LeadPredict dist=2030.74 dV=42.9043 thr=0.69654 om=0.263428 lt=3
[ACTIVE] [RED] LeadPredict dist=1900.64 dV=1.02887 thr=0.991669 om=0.270171 lt=3
[ACTIVE] [RED] ClimbOut Z=2518.56
[ACTIVE] [RED] LeadPredict dist=1566.27 dV=-27.8312 thr=1 om=0.219573 lt=3
[ACTIVE] [RED] ClimbOut Z=1984.47
[ACTIVE] [RED] LeadPredict dist=1148.51 dV=36.3709 thr=0.707472 om=0.227669 lt=3
[ACTIVE] [RED] LeadPredict dist=1114.03 dV=10.083 thr=0.960794 om=0.286701 lt=3
[DUTY] team=1 ticks=21600 v27종말조준=0.194444% v21뱅크예측=85.1898% v17궤도조건=75.3981% v17슬롯적용=72.088% 상승클램프=0% 강하클램프=24.3009% v23b조건=22.2315% v23b실제적용=21.7639%
[ACTIVE] [RED] LeadPredict dist=1529.41 dV=-7.45938 thr=1 om=0.266848 lt=3
[ACTIVE] [RED] LeadPredict dist=1197.11 dV=38.3258 thr=0.811762 om=0.312565 lt=3
[ACTIVE] [RED] LeadPredict dist=912.912 dV=13.787 thr=0.834556 om=0.303138 lt=3
[ACTIVE] [RED] ClimbOut Z=2347.03
[ACTIVE] [RED] ClimbOut Z=2397.75
[ACTIVE] [RED] LeadPredict dist=1481.91 dV=21.8123 thr=1 om=0.498888 lt=3
[ACTIVE] [RED] LeadPredict dist=1499.42 dV=46.7626 thr=1 om=0.285901 lt=3
[ACTIVE] [RED] LeadPredict dist=1084.84 dV=16.9251 thr=1 om=0.293572 lt=3
[ACTIVE] [RED] LeadPredict dist=1097.19 dV=26.5965 thr=1 om=0.488091 lt=3
[ACTIVE] [RED] ClimbOut Z=1883.89
[ACTIVE] [RED] LeadPredict dist=1704 dV=32.0496 thr=1 om=0.303049 lt=3
[ACTIVE] [RED] LeadPredict dist=1836.97 dV=37.3998 thr=0.8603 om=0.660159 lt=3
[ACTIVE] [RED] ClimbOut Z=1888.28
[ACTIVE] [RED] LeadPredict dist=1883.61 dV=50.1065 thr=0.962106 om=0.290331 lt=3
[DUTY] team=1 ticks=22200 v27종말조준=0.189189% v21뱅크예측=85.5901% v17궤도조건=76.0631% v17슬롯적용=72.8423% 상승클램프=0% 강하클램프=23.6441% v23b조건=22.1351% v23b실제적용=21.6667%
[ACTIVE] [RED] LeadPredict dist=1721.98 dV=58.0803 thr=1 om=0.266402 lt=3
[ACTIVE] [RED] LeadPredict dist=1516.52 dV=26.648 thr=1 om=0.270933 lt=3
[ACTIVE] [RED] LeadPredict dist=1430.59 dV=0.514435 thr=1 om=0.285871 lt=3
[ACTIVE] [RED] LeadPredict dist=1544.11 dV=35.9079 thr=1 om=0.278824 lt=3
[ACTIVE] [RED] LeadPredict dist=1751.69 dV=37.2969 thr=1 om=0.275706 lt=3
[ACTIVE] [RED] LeadPredict dist=1384.41 dV=2.21207 thr=1 om=0.235465 lt=3
[ACTIVE] [RED] LeadPredict dist=1116.38 dV=24.0243 thr=1 om=0.515372 lt=3
[ACTIVE] [RED] ClimbOut Z=1863.53
[ACTIVE] [RED] LeadPredict dist=2349.72 dV=35.1877 thr=1 om=0.308424 lt=3
[ACTIVE] [RED] LeadPredict dist=2376.23 dV=42.6985 thr=0.859862 om=0.290468 lt=3
[ACTIVE] [RED] ClimbOut Z=1820.61
[ACTIVE] [RED] LeadPredict dist=1331.99 dV=37.5027 thr=1 om=0.296195 lt=3
[DUTY] team=1 ticks=22800 v27종말조준=0.184211% v21뱅크예측=85.9693% v17궤도조건=76.5395% v17슬롯적용=73.4035% 상승클램프=0% 강하클램프=23.0219% v23b조건=21.8421% v23b실제적용=21.386%
[ACTIVE] [RED] LeadPredict dist=1718.56 dV=15.1245 thr=1 om=0.272305 lt=3
runner:local/env:0	num_steps=[11999] | total rewards=[51.2696] | termination= [max time out]
[seed 11] reward=    51.27 ownHP=1.0000 tgtHP=1.0000 max time out
total: 2
[ACTIVE] [RED] Pure Z=6894.43 VPZ=6623.32
[ACTIVE] [RED] LeadPredict dist=4495.07 dV=-10.083 thr=1 om=0.165616 lt=3
[ACTIVE] [RED] Pure Z=6662.87 VPZ=6284.43
[ACTIVE] [RED] Pure Z=6318.92 VPZ=5802.17
[ACTIVE] [RED] LeadPredict dist=4031.36 dV=-3.60107 thr=1 om=0.160586 lt=3
[ACTIVE] [RED] LeadPredict dist=1522.47 dV=-16.5135 thr=0.953859 om=0.205489 lt=3
[ACTIVE] [RED] LeadPredict dist=1460.24 dV=-20.8863 thr=0.674239 om=0.220217 lt=3
[ACTIVE] [RED] LeadPredict dist=2362.01 dV=26.2364 thr=0.599684 om=0.209469 lt=3
[ACTIVE] [RED] LeadPredict dist=2581.05 dV=30.8149 thr=1 om=0.227928 lt=3
[ACTIVE] [RED] ClimbOut Z=2843.21
[ACTIVE] [RED] LeadPredict dist=1743.08 dV=-18.2626 thr=0.777218 om=0.0203246 lt=3
[ACTIVE] [RED] ClimbOut Z=2137.86
[ACTIVE] [RED] LeadPredict dist=1542.27 dV=-4.42419 thr=1 om=0.239201 lt=3
[ACTIVE] [RED] LeadPredict dist=1193.5 dV=12.0379 thr=0.685171 om=0.239213 lt=3
[DUTY] team=1 ticks=23400 v27종말조준=0.179487% v21뱅크예측=86.1709% v17궤도조건=76.265% v17슬롯적용=73.2094% 상승클램프=0% 강하클램프=22.7479% v23b조건=22.3248% v23b실제적용=21.8803%
[ACTIVE] [RED] LeadPredict dist=1202.09 dV=-2.16064 thr=0.748357 om=0.255249 lt=3
[ACTIVE] [RED] ClimbOut Z=1897.03
[ACTIVE] [RED] LeadPredict dist=1594.37 dV=3.96118 thr=0.740049 om=0.22202 lt=3
[ACTIVE] [RED] LeadPredict dist=1894.25 dV=5.29874 thr=0.7512 om=0.25406 lt=3
[ACTIVE] [RED] ClimbOut Z=1823.75
[ACTIVE] [RED] ClimbOut Z=1818.9
[ACTIVE] [RED] LeadPredict dist=1982.61 dV=11.8321 thr=0.741361 om=0.369834 lt=3
[ACTIVE] [RED] LeadPredict dist=2115.29 dV=16.102 thr=0.754479 om=0.265305 lt=3
[ACTIVE] [RED] LeadPredict dist=2515.8 dV=15.2788 thr=0.850601 om=0.261389 lt=3
[ACTIVE] [RED] ClimbOut Z=1824.8
[ACTIVE] [RED] LeadPredict dist=2967.54 dV=23.0469 thr=1 om=0.25858 lt=3
[ACTIVE] [RED] ClimbOut Z=1838.98
[ACTIVE] [RED] LeadPredict dist=3021.27 dV=39.509 thr=1 om=0.266057 lt=3
[ACTIVE] [RED] LeadPredict dist=3203.66 dV=29.7346 thr=1 om=0.223073 lt=3
[ACTIVE] [RED] ClimbOut Z=1802.44
[ACTIVE] [RED] LeadPredict dist=3269.21 dV=22.6868 thr=1 om=0.266734 lt=3
[DUTY] team=1 ticks=24000 v27종말조준=0.175% v21뱅크예측=86.5167% v17궤도조건=75.8458% v17슬롯적용=72.8667% 상승클램프=0% 강하클램프=22.1792% v23b조건=23.2542% v23b실제적용=22.8208%
[ACTIVE] [RED] LeadPredict dist=2825.41 dV=24.6931 thr=1 om=0.160855 lt=3
[ACTIVE] [RED] ClimbOut Z=1857.53
[ACTIVE] [RED] ClimbOut Z=1817.79
[ACTIVE] [RED] LeadPredict dist=2661.35 dV=21.4521 thr=1 om=0.269106 lt=3
[ACTIVE] [RED] LeadPredict dist=2729.07 dV=22.481 thr=1 om=0.30041 lt=3
[ACTIVE] [RED] LeadPredict dist=2609.73 dV=25.1561 thr=1 om=0.235572 lt=3
[ACTIVE] [RED] LeadPredict dist=2534.97 dV=13.0153 thr=1 om=0.0402485 lt=3
[ACTIVE] [RED] LeadPredict dist=1941.28 dV=13.4269 thr=1 om=0.283484 lt=3
[ACTIVE] [RED] LeadPredict dist=1054.41 dV=19.8059 thr=1 om=0.260842 lt=3
[ACTIVE] [RED] LeadPredict dist=1250.94 dV=-28.1913 thr=1 om=0.255161 lt=3
[ACTIVE] [RED] LeadPredict dist=1989.74 dV=-15.5875 thr=1 om=0.266604 lt=3
[ACTIVE] [RED] LeadPredict dist=2032.35 dV=32.0496 thr=1 om=0.247567 lt=3
[DUTY] team=1 ticks=24600 v27종말조준=0.170732% v21뱅크예측=86.7561% v17궤도조건=75.2033% v17슬롯적용=72.2967% 상승클램프=0% 강하클램프=22.0935% v23b조건=22.687% v23b실제적용=22.2642%
[ACTIVE] [RED] LeadPredict dist=1267.73 dV=73.4106 thr=1 om=0.256448 lt=3
runner:local/env:0	num_steps=[11999] | total rewards=[10.1519] | termination= [max time out]
[seed 12] reward=    10.15 ownHP=1.0000 tgtHP=1.0000 max time out
total: 2
[ACTIVE] [RED] Pure Z=7026.05 VPZ=7962.39
[ACTIVE] [RED] LeadPredict dist=3370.74 dV=12.5523 thr=1 om=0.137938 lt=3
[ACTIVE] [RED] LeadPredict dist=1890.93 dV=44.6534 thr=0.751856 om=0.242928 lt=3
[ACTIVE] [RED] LeadPredict dist=1695.24 dV=31.4837 thr=0.813293 om=0.188701 lt=3
[ACTIVE] [RED] LeadPredict dist=2942.5 dV=-9.10559 thr=1 om=0.149531 lt=3
[ACTIVE] [RED] LeadPredict dist=4053.41 dV=-12.2951 thr=1 om=0.172984 lt=3
[ACTIVE] [RED] Pure Z=4715.37 VPZ=6597.73
[ACTIVE] [RED] Pure Z=4217.72 VPZ=5912.62
[ACTIVE] [RED] LeadPredict dist=4082.69 dV=1.33755 thr=1 om=0.200892 lt=3
[ACTIVE] [RED] LeadPredict dist=2711.43 dV=28.1913 thr=1 om=0.20367 lt=3
[ACTIVE] [RED] LeadPredict dist=1428.09 dV=1.95486 thr=0.637946 om=0.225736 lt=3
[ACTIVE] [RED] ClimbOut Z=2687.42
[ACTIVE] [RED] LeadPredict dist=2539.33 dV=-14.4043 thr=0.743422 om=0.22765 lt=3
[DUTY] team=1 ticks=25200 v27종말조준=0.166667% v21뱅크예측=86.9048% v17궤도조건=74.623% v17슬롯적용=71.7857% 상승클램프=0% 강하클램프=22.6905% v23b조건=23.0913% v23b실제적용=22.6786%
[ACTIVE] [RED] ClimbOut Z=2685.92
[ACTIVE] [RED] LeadPredict dist=3502.34 dV=34.5704 thr=1 om=0.244949 lt=3
[ACTIVE] [RED] ClimbOut Z=1883.13
[ACTIVE] [RED] LeadPredict dist=2741.71 dV=15.176 thr=1 om=0.167758 lt=3
[ACTIVE] [RED] ClimbOut Z=1944.15
[ACTIVE] [RED] LeadPredict dist=1972.31 dV=-4.88721 thr=0.692386 om=0.266927 lt=3
[ACTIVE] [RED] LeadPredict dist=1560.03 dV=-3.54965 thr=0.752512 om=0.24313 lt=3
[ACTIVE] [RED] ClimbOut Z=1863.46
[ACTIVE] [RED] LeadPredict dist=2272.02 dV=12.2437 thr=0.751637 om=0.38225 lt=3
[ACTIVE] [RED] LeadPredict dist=3081.67 dV=18.3655 thr=1 om=0.278464 lt=3
[ACTIVE] [RED] ClimbOut Z=1824.28
[ACTIVE] [RED] LeadPredict dist=3247.01 dV=39.2518 thr=1 om=0.371725 lt=3
[ACTIVE] [RED] LeadPredict dist=2634.55 dV=33.027 thr=1 om=0.124102 lt=3
[ACTIVE] [RED] ClimbOut Z=1797.77
[ACTIVE] [RED] LeadPredict dist=2931.78 dV=23.0469 thr=1 om=0.246485 lt=3
[ACTIVE] [RED] LeadPredict dist=3420.61 dV=32.6155 thr=1 om=0.320279 lt=3
[DUTY] team=1 ticks=25800 v27종말조준=0.162791% v21뱅크예측=87.2093% v17궤도조건=73.6124% v17슬롯적용=70.8411% 상승클램프=0% 강하클램프=22.3217% v23b조건=23.2791% v23b실제적용=22.876%
[ACTIVE] [RED] ClimbOut Z=1825.06
[ACTIVE] [RED] ClimbOut Z=1858.8
[ACTIVE] [RED] LeadPredict dist=3173.39 dV=26.6994 thr=1 om=0.270509 lt=3
[ACTIVE] [RED] LeadPredict dist=2337.46 dV=25.3619 thr=1 om=0.238998 lt=3
[ACTIVE] [RED] ClimbOut Z=1798.77
[ACTIVE] [RED] LeadPredict dist=2165.25 dV=7.97382 thr=0.771314 om=0.209492 lt=3
[ACTIVE] [RED] LeadPredict dist=2574.79 dV=-20.3718 thr=1 om=0.226217 lt=3
[ACTIVE] [RED] LeadPredict dist=2035.26 dV=-6.37906 thr=1 om=0.344378 lt=3
[ACTIVE] [RED] LeadPredict dist=993.789 dV=40.5893 thr=1 om=0.255291 lt=3
[ACTIVE] [RED] LeadPredict dist=1208.3 dV=-21.7094 thr=1 om=0.256359 lt=3
[ACTIVE] [RED] LeadPredict dist=2101.26 dV=-26.5966 thr=1 om=0.271863 lt=3
[ACTIVE] [RED] LeadPredict dist=2242.53 dV=19.9603 thr=1 om=0.265011 lt=3
[ACTIVE] [RED] LeadPredict dist=1402.73 dV=65.5911 thr=1 om=0.257576 lt=3
[DUTY] team=1 ticks=26400 v27종말조준=0.159091% v21뱅크예측=87.4735% v17궤도조건=73.6742% v17슬롯적용=70.553% 상승클램프=0% 강하클램프=22.3409% v23b조건=23.0795% v23b실제적용=22.6856%
[ACTIVE] [RED] LeadPredict dist=1171.17 dV=61.3213 thr=1 om=0.282633 lt=3
runner:local/env:0	num_steps=[11999] | total rewards=[-60.2431] | termination= [max time out]
[seed 13] reward=   -60.24 ownHP=1.0000 tgtHP=1.0000 max time out
total: 2
[ACTIVE] [RED] Pure Z=7017.84 VPZ=9007.96
[ACTIVE] [RED] LeadPredict dist=4975.95 dV=11.2148 thr=1 om=0.148136 lt=3
[ACTIVE] [RED] Pure Z=7088.71 VPZ=8769.87
[ACTIVE] [RED] LeadPredict dist=2275.34 dV=30.8664 thr=0.8 om=0.242631 lt=3
[ACTIVE] [RED] LeadPredict dist=1133.58 dV=25.2076 thr=0.683422 om=0.164906 lt=3
[ACTIVE] [RED] LeadPredict dist=3102.13 dV=31.6895 thr=1 om=0.135769 lt=3
[ACTIVE] [RED] Pure Z=7228.42 VPZ=6404.3
[ACTIVE] [RED] LeadPredict dist=4208.04 dV=38.7373 thr=1 om=0.189346 lt=3
[ACTIVE] [RED] Pure Z=7026.25 VPZ=6184.34
[ACTIVE] [RED] LeadPredict dist=3560.16 dV=5.91605 thr=1 om=0.177581 lt=3
[ACTIVE] [RED] LeadPredict dist=1496.22 dV=-6.01892 thr=0.88 om=0.0745677 lt=3
[ACTIVE] [RED] LeadPredict dist=1749.93 dV=-8.38538 thr=0.561423 om=0.232052 lt=3
[ACTIVE] [RED] ClimbOut Z=2742.07
[ACTIVE] [RED] Pure Z=2291.81 VPZ=3500
[ACTIVE] [RED] ClimbOut Z=2018.5
[ACTIVE] [RED] Pure Z=2258.18 VPZ=3500
[ACTIVE] [RED] LeadPredict dist=4266 dV=20.9377 thr=1 om=0.341578 lt=3
[DUTY] team=1 ticks=27000 v27종말조준=0.155556% v21뱅크예측=87.5926% v17궤도조건=72.9556% v17슬롯적용=69.8185% 상승클램프=0% 강하클램프=22.5222% v23b조건=23.1593% v23b실제적용=22.6852%
[ACTIVE] [RED] Pure Z=2327.95 VPZ=3500
[ACTIVE] [RED] LeadPredict dist=1220.96 dV=0.20578 thr=0.606681 om=0.0632903 lt=3
[ACTIVE] [RED] LeadPredict dist=1571.05 dV=-12.7067 thr=0.733709 om=0.247544 lt=3
[ACTIVE] [RED] ClimbOut Z=1880.07
[ACTIVE] [RED] ClimbOut Z=1834.65
[ACTIVE] [RED] LeadPredict dist=2224.39 dV=0.257233 thr=0.764537 om=0.159688 lt=3
[ACTIVE] [RED] ClimbOut Z=1864.96
[ACTIVE] [RED] LeadPredict dist=1881.06 dV=15.9476 thr=0.795802 om=0.391256 lt=3
[ACTIVE] [RED] LeadPredict dist=1707.73 dV=20.9891 thr=0.840404 om=0.307865 lt=3
[ACTIVE] [RED] LeadPredict dist=2332.69 dV=17.8511 thr=1 om=0.304935 lt=3
[ACTIVE] [RED] ClimbOut Z=1921.63
[ACTIVE] [RED] LeadPredict dist=2044.67 dV=38.2229 thr=1 om=0.301513 lt=3
[ACTIVE] [RED] LeadPredict dist=1416.86 dV=29.1688 thr=1 om=0.30116 lt=3
[ACTIVE] [RED] LeadPredict dist=1985.34 dV=20.4747 thr=1 om=0.208785 lt=3
[ACTIVE] [RED] ClimbOut Z=1789.23
[ACTIVE] [RED] LeadPredict dist=2830.35 dV=28.4485 thr=1 om=0.300802 lt=3
[DUTY] team=1 ticks=27600 v27종말조준=0.152174% v21뱅크예측=87.837% v17궤도조건=73.2717% v17슬롯적용=70.0797% 상승클램프=0% 강하클램프=22.0326% v23b조건=23.8116% v23b실제적용=23.3478%
[ACTIVE] [RED] LeadPredict dist=1608.05 dV=59.0063 thr=1 om=0.274762 lt=3
[ACTIVE] [RED] LeadPredict dist=1138.57 dV=48.4088 thr=1 om=0.164614 lt=3
[ACTIVE] [RED] LeadPredict dist=1510.89 dV=-4.93863 thr=1 om=0.26937 lt=3
[ACTIVE] [RED] LeadPredict dist=1430.14 dV=30.7121 thr=1 om=0.240896 lt=3
[ACTIVE] [RED] LeadPredict dist=1045.19 dV=59.5207 thr=1 om=0.230314 lt=3
[ACTIVE] [RED] LeadPredict dist=1091.07 dV=-11.009 thr=1 om=0.231468 lt=3
[ACTIVE] [RED] LeadPredict dist=1522.73 dV=-27.8826 thr=1 om=0.213743 lt=3
[ACTIVE] [RED] LeadPredict dist=1493.37 dV=36.0622 thr=1 om=0.213621 lt=3
[ACTIVE] [RED] LeadPredict dist=1010.58 dV=79.3781 thr=1 om=0.204123 lt=3
[ACTIVE] [RED] LeadPredict dist=844.398 dV=24.9503 thr=0.700596 om=0.229041 lt=3
[DUTY] team=1 ticks=28200 v27종말조준=0.148936% v21뱅크예측=87.9574% v17궤도조건=73.7376% v17슬롯적용=70.6135% 상승클램프=0% 강하클램프=21.8865% v23b조건=23.305% v23b실제적용=22.8511%
[ACTIVE] [RED] LeadPredict dist=1237.47 dV=-27.8312 thr=1 om=0.230731 lt=3
runner:local/env:0	num_steps=[11999] | total rewards=[-62.4402] | termination= [max time out]
[seed 14] reward=   -62.44 ownHP=1.0000 tgtHP=1.0000 max time out
Remove Space Complete.

[rehearsal own_rep=6 tgt_rep=6 seeds=15]
SUMMARY dealt=0.0000 taken=0.0000 mean_reward=112.44
tacview log saved (last episode)

########## dtfix_full vs SEARCH ##########


     JSBSim Flight Dynamics Model v1.0.0 May 27 2026 16:13:38
            [JSBSim-ML v2.0]

JSBSim startup beginning ...

total: 2
Behavior Tree Initialized Successfully
[ACTIVE] [RED] LeadPredict dist=3967.72 dV=9.67148 thr=1 om=0.142416 lt=3
[ACTIVE] [RED] LeadPredict dist=3221.34 dV=13.5298 thr=1 om=0.0628097 lt=3
[ACTIVE] [RED] LeadPredict dist=2388.17 dV=-21.6065 thr=0.613021 om=0.0293332 lt=3
[ACTIVE] [RED] LeadPredict dist=3980.44 dV=-45.4765 thr=1 om=0.230356 lt=3
[ACTIVE] [RED] LeadPredict dist=3326.36 dV=-45.0649 thr=1 om=0.246215 lt=3
[ACTIVE] [RED] LeadPredict dist=2042.79 dV=8.95126 thr=0.598154 om=0.231288 lt=3
[ACTIVE] [RED] LeadPredict dist=4011.88 dV=37.7084 thr=1 om=0.0528693 lt=3
[ACTIVE] [RED] LeadPredict dist=3471.07 dV=37.5027 thr=1 om=0.033241 lt=3
[ACTIVE] [RED] LeadPredict dist=2459.19 dV=48.9747 thr=1 om=0.0198352 lt=3
[ACTIVE] [RED] LeadPredict dist=1864.63 dV=64.2536 thr=1 om=0.333731 lt=3
[DUTY] team=1 ticks=600 v27종말조준=0% v21뱅크예측=57.3333% v17궤도조건=10.6667% v17슬롯적용=5.66667% 상승클램프=0% 강하클램프=12% v23b조건=10.5% v23b실제적용=10.5%
[ACTIVE] [RED] LeadPredict dist=1259.6 dV=87.1461 thr=1 om=0.103001 lt=3
[ACTIVE] [RED] LeadPredict dist=834.642 dV=46.7626 thr=0.84 om=0.159502 lt=3
[ACTIVE] [RED] LeadPredict dist=1039.81 dV=-9.72292 thr=1 om=0.206298 lt=3
[ACTIVE] [RED] LeadPredict dist=1372.68 dV=-3.60107 thr=1 om=0.176375 lt=3
[ACTIVE] [RED] LeadPredict dist=1259.46 dV=32.2554 thr=1 om=0.224257 lt=3
[ACTIVE] [RED] LeadPredict dist=900.669 dV=84.7797 thr=0.984 om=0.487008 lt=1.4474
[ACTIVE] [RED] LeadPredict dist=296.782 dV=108.701 thr=0.47681 om=0.265141 lt=0.774678
[ACTIVE] [RED] ClimbOut Z=2985.5
[ACTIVE] [RED] LeadPredict dist=1156.61 dV=138.384 thr=0.720591 om=0.223507 lt=3
[ACTIVE] [RED] LeadPredict dist=775.055 dV=104.586 thr=0.936 om=0.22146 lt=2.92373
[ACTIVE] [RED] LeadPredict dist=778.71 dV=100.47 thr=0.55 om=0.023241 lt=3
[DUTY] team=1 ticks=1200 v27종말조준=1.83333% v21뱅크예측=71.8333% v17궤도조건=51.1667% v17슬롯적용=40.3333% 상승클램프=0% 강하클램프=28.8333% v23b조건=15.75% v23b실제적용=15.4167%
[ACTIVE] [RED] LeadPredict dist=1103.5 dV=61.2698 thr=1 om=0.0182501 lt=3
[ACTIVE] [RED] LeadPredict dist=389.237 dV=54.7364 thr=0.679999 om=0.0229584 lt=2.24052
[ACTIVE] [RED] LeadPredict dist=253.561 dV=29.5289 thr=0.55 om=0.148329 lt=1.98106
[ACTIVE] [RED] LeadPredict dist=642.234 dV=-10.9061 thr=1 om=0.18895 lt=3
[ACTIVE] [RED] LeadPredict dist=1144.34 dV=-56.4341 thr=1 om=0.181231 lt=3
[ACTIVE] [RED] LeadPredict dist=1598.65 dV=-37.8628 thr=1 om=0.17281 lt=3
[ACTIVE] [RED] LeadPredict dist=1509.3 dV=26.3908 thr=1 om=0.30327 lt=3
[ACTIVE] [RED] LeadPredict dist=1141.57 dV=76.2915 thr=1 om=0.368558 lt=3
[ACTIVE] [RED] LeadPredict dist=695.388 dV=71.3014 thr=0.55 om=0.2175 lt=2.09995
[ACTIVE] [RED] LeadPredict dist=264.329 dV=79.481 thr=0.55 om=0.280699 lt=0.794526
[DUTY] team=1 ticks=1800 v27종말조준=4.16667% v21뱅크예측=71.2222% v17궤도조건=58.2778% v17슬롯적용=46.1667% 상승클램프=0% 강하클램프=34.7222% v23b조건=12.6111% v23b실제적용=10.2778%
[ACTIVE] [RED] LeadPredict dist=449.246 dV=99.647 thr=0.55 om=0.181034 lt=1.63933
[ACTIVE] [RED] LeadPredict dist=164.285 dV=58.1832 thr=0.55 om=0.218438 lt=0.793014
init ID:1 Lat37.92355643001773 Lon128.18188127777776 Alt(meter)7000.0785355893395 Speed(m/sec)300.0
init ID:1 Lat37.96855377446113 Lon128.18188127777776 Alt(meter)7002.8272734023885 Speed(m/sec)300.0
runner:local/env:0	num_steps=[11999] | total rewards=[316.9224] | termination= [max time out]
[seed 0] reward=   316.92 ownHP=1.0000 tgtHP=1.0000 max time out
total: 2
[ACTIVE] [RED] LeadPredict dist=3785.55 dV=-10.7518 thr=1 om=0.0360739 lt=3
[ACTIVE] [RED] LeadPredict dist=819.253 dV=-15.176 thr=1 om=0.101465 lt=2.50041
[ACTIVE] [RED] LeadPredict dist=2624.05 dV=-33.1299 thr=0.747232 om=0.0243618 lt=3
[ACTIVE] [RED] LeadPredict dist=3333.14 dV=-41.8754 thr=1 om=0.0139671 lt=3
[ACTIVE] [RED] LeadPredict dist=2940.15 dV=-22.5839 thr=1 om=0.116637 lt=3
[ACTIVE] [RED] LeadPredict dist=2737.69 dV=22.2238 thr=1 om=0.246803 lt=3
[ACTIVE] [RED] LeadPredict dist=1646 dV=63.5333 thr=0.509824 om=0.181295 lt=3
[ACTIVE] [RED] LeadPredict dist=983.553 dV=84.5739 thr=0.799737 om=0.135729 lt=3
[DUTY] team=1 ticks=2400 v27종말조준=3.125% v21뱅크예측=69.3333% v17궤도조건=54.9167% v17슬롯적용=40.4583% 상승클램프=0% 강하클램프=30% v23b조건=16.4583% v23b실제적용=12.75%
[ACTIVE] [RED] LeadPredict dist=1020.96 dV=16.9251 thr=1 om=0.228379 lt=3
[ACTIVE] [RED] LeadPredict dist=1267.17 dV=26.0307 thr=1 om=0.30111 lt=3
[ACTIVE] [RED] ClimbOut Z=3498.96
[ACTIVE] [RED] ClimbOut Z=2517.73
[ACTIVE] [RED] LeadPredict dist=1250.02 dV=130.256 thr=0.8 om=0 lt=3
[ACTIVE] [RED] LeadPredict dist=1705.02 dV=108.65 thr=0.822694 om=0.258463 lt=3
[ACTIVE] [RED] LeadPredict dist=1313.18 dV=85.397 thr=1 om=0.0125656 lt=3
[ACTIVE] [RED] LeadPredict dist=702.631 dV=110.399 thr=0.84 om=0.144491 lt=0
[ACTIVE] [RED] LeadPredict dist=117.762 dV=84.1624 thr=0.55 om=0.0114235 lt=0.362372
[ACTIVE] [RED] LeadPredict dist=541.672 dV=54.0676 thr=0.55 om=0.182381 lt=2.60112
[ACTIVE] [RED] LeadPredict dist=449.265 dV=60.0351 thr=0.55 om=0.0916131 lt=2.28137
[ACTIVE] [RED] LeadPredict dist=1120.47 dV=65.231 thr=1 om=0.0578199 lt=3
[DUTY] team=1 ticks=3000 v27종말조준=4.73333% v21뱅크예측=68.5667% v17궤도조건=58.2333% v17슬롯적용=41.4% 상승클램프=0% 강하클램프=29.5667% v23b조건=16.7% v23b실제적용=13.5333%
[ACTIVE] [RED] LeadPredict dist=1370.69 dV=46.5568 thr=1 om=0.0376142 lt=3
[ACTIVE] [RED] LeadPredict dist=969.011 dV=8.5397 thr=1 om=0.0946623 lt=3
[ACTIVE] [RED] Evade Z=9248.84
[ACTIVE] [RED] LeadPredict dist=293.047 dV=-26.4422 thr=1 om=0.0538598 lt=3
[ACTIVE] [RED] LeadPredict dist=1409.89 dV=-20.9377 thr=1 om=0.0582815 lt=3
[ACTIVE] [RED] LeadPredict dist=2424.27 dV=-22.1209 thr=1 om=0.0608136 lt=3
[ACTIVE] [RED] LeadPredict dist=3022.82 dV=-20.629 thr=1 om=0.0682579 lt=3
[ACTIVE] [RED] LeadPredict dist=2869.18 dV=-8.74548 thr=1 om=0.0802046 lt=3
[ACTIVE] [RED] LeadPredict dist=1858.18 dV=12.9124 thr=1 om=0.0951686 lt=3
[ACTIVE] [RED] LeadPredict dist=740.457 dV=27.9341 thr=0.872 om=0.115443 lt=3
[ACTIVE] [RED] LeadPredict dist=1670.96 dV=23.3041 thr=1 om=0.121383 lt=3
[DUTY] team=1 ticks=3600 v27종말조준=3.94444% v21뱅크예측=69.5833% v17궤도조건=57.0278% v17슬롯적용=40.8889% 상승클램프=0% 강하클램프=24.8611% v23b조건=13.9167% v23b실제적용=11.2778%
[ACTIVE] [RED] LeadPredict dist=2909 dV=20.4233 thr=1 om=0.135549 lt=3
[ACTIVE] [RED] LeadPredict dist=3682.86 dV=-5.19583 thr=1 om=0.177846 lt=3
[ACTIVE] [RED] LeadPredict dist=3573.52 dV=-39.3032 thr=1 om=0.335749 lt=3
[ACTIVE] [RED] LeadPredict dist=3414.98 dV=-81.1272 thr=1 om=0.0178986 lt=3
runner:local/env:0	num_steps=[11999] | total rewards=[192.8189] | termination= [max time out]
[seed 1] reward=   192.82 ownHP=1.0000 tgtHP=0.7059 max time out
total: 2
[ACTIVE] [RED] LeadPredict dist=1954.15 dV=32.5641 thr=1 om=0.166405 lt=3
[ACTIVE] [RED] LeadPredict dist=1412.28 dV=103.865 thr=0.695666 om=0.375752 lt=3
[ACTIVE] [RED] LeadPredict dist=3586.23 dV=134.783 thr=1 om=0.21797 lt=3
[ACTIVE] [RED] LeadPredict dist=2995.46 dV=80.6128 thr=1 om=0.0149009 lt=3
[ACTIVE] [RED] LeadPredict dist=865.697 dV=6.79062 thr=0.735021 om=0.199978 lt=2.6856
[ACTIVE] [RED] LeadPredict dist=1716.21 dV=-7.15073 thr=0.772626 om=0.295483 lt=3
[DUTY] team=1 ticks=4200 v27종말조준=3.38095% v21뱅크예측=72.2619% v17궤도조건=54.5714% v17슬롯적용=39.7857% 상승클램프=0% 강하클램프=29.6667% v23b조건=16.0476% v23b실제적용=13.1905%
[ACTIVE] [RED] ClimbOut Z=3383.62
[ACTIVE] [RED] ClimbOut Z=2528.16
[ACTIVE] [RED] LeadPredict dist=1283.37 dV=46.8141 thr=0.6292 om=0.183478 lt=3
[ACTIVE] [RED] LeadPredict dist=1611.69 dV=44.2418 thr=0.853522 om=0.0218678 lt=3
[ACTIVE] [RED] LeadPredict dist=1148.45 dV=69.8609 thr=1 om=0.219392 lt=3
[ACTIVE] [RED] LeadPredict dist=789.933 dV=25.9278 thr=0.743999 om=0.220334 lt=3
[ACTIVE] [RED] LeadPredict dist=885.975 dV=22.1209 thr=0.737119 om=0.239935 lt=3
[ACTIVE] [RED] LeadPredict dist=779.789 dV=45.5794 thr=0.55 om=0.157107 lt=2.93022
[ACTIVE] [RED] LeadPredict dist=480.305 dV=80.5099 thr=0.55 om=0.19538 lt=0.601339
[ACTIVE] [RED] LeadPredict dist=121.106 dV=48.1001 thr=0.55 om=0.0816655 lt=0.668405
[ACTIVE] [RED] LeadPredict dist=138.388 dV=14.4043 thr=0.55 om=0.107014 lt=1.04105
[ACTIVE] [RED] LeadPredict dist=306.788 dV=-8.84837 thr=0.98618 om=0.196823 lt=2.83303
[DUTY] team=1 ticks=4800 v27종말조준=4.77083% v21뱅크예측=73.125% v17궤도조건=58.8333% v17슬롯적용=43.3125% 상승클램프=0% 강하클램프=28.7708% v23b조건=16.6042% v23b실제적용=14.1042%
[ACTIVE] [RED] LeadPredict dist=517.345 dV=-14.4558 thr=1 om=0.251432 lt=3
[ACTIVE] [RED] LeadPredict dist=541.993 dV=25.5677 thr=0.741404 om=0.321984 lt=2.52531
[ACTIVE] [RED] LeadPredict dist=367.052 dV=31.4323 thr=0.55 om=0.194189 lt=1.48677
[ACTIVE] [RED] LeadPredict dist=431.652 dV=5.55597 thr=0.864016 om=0.0169464 lt=1.47828
[ACTIVE] [RED] ClimbOut Z=2324.74
[ACTIVE] [RED] ClimbOut Z=1930.2
runner:local/env:0	num_steps=[8019] | total rewards=[318.6267] | termination= [target altitude below min]
[seed 2] reward=   318.63 ownHP=1.0000 tgtHP=1.0000 target altitude below min
total: 2
[ACTIVE] [RED] LeadPredict dist=4401.98 dV=3.90976 thr=1 om=0.110307 lt=3
[ACTIVE] [RED] LeadPredict dist=1792.2 dV=52.1642 thr=0.731304 om=0.165456 lt=3
[ACTIVE] [RED] LeadPredict dist=2134.28 dV=99.8528 thr=0.6292 om=0.242973 lt=3
[ACTIVE] [RED] LeadPredict dist=2212.17 dV=83.9052 thr=0.542401 om=0.266389 lt=3
[ACTIVE] [RED] LeadPredict dist=809.959 dV=30.1976 thr=0.616957 om=0.224598 lt=2.31332
[ACTIVE] [RED] ClimbOut Z=2775.89
[ACTIVE] [RED] ClimbOut Z=2057.2
[ACTIVE] [RED] LeadPredict dist=1514.76 dV=18.9314 thr=0.88 om=0 lt=3
[DUTY] team=1 ticks=5400 v27종말조준=4.72222% v21뱅크예측=74.4444% v17궤도조건=61.037% v17슬롯적용=45.6852% 상승클램프=0% 강하클램프=34.1296% v23b조건=19.5% v23b실제적용=17.037%
[ACTIVE] [RED] LeadPredict dist=1422.34 dV=35.7536 thr=1 om=0.20324 lt=3
[ACTIVE] [RED] LeadPredict dist=1039.81 dV=71.9187 thr=1 om=0.0400872 lt=3
[ACTIVE] [RED] LeadPredict dist=595.645 dV=81.333 thr=0.639999 om=0.203919 lt=2.33438
[ACTIVE] [RED] LeadPredict dist=646.372 dV=44.2933 thr=0.55 om=0.208874 lt=2.735
[ACTIVE] [RED] LeadPredict dist=481.966 dV=36.4738 thr=0.562314 om=0.21057 lt=1.81782
[ACTIVE] [RED] LeadPredict dist=285.21 dV=65.9512 thr=0.55 om=0.247155 lt=0.966204
[ACTIVE] [RED] LeadPredict dist=1175.25 dV=127.118 thr=1 om=0.242004 lt=3
[ACTIVE] [RED] LeadPredict dist=981.279 dV=93.7824 thr=1 om=0.19735 lt=3
[ACTIVE] [RED] LeadPredict dist=594.413 dV=53.296 thr=0.567999 om=0.157076 lt=2.98491
[ACTIVE] [RED] LeadPredict dist=791.696 dV=7.56227 thr=0.909253 om=0.197537 lt=3
[DUTY] team=1 ticks=6000 v27종말조준=4.56667% v21뱅크예측=76.0333% v17궤도조건=64.1333% v17슬롯적용=49.6% 상승클램프=0% 강하클램프=33.4833% v23b조건=19.2167% v23b실제적용=16.3333%
[ACTIVE] [RED] LeadPredict dist=1054.33 dV=11.7807 thr=1 om=0.252674 lt=3
[ACTIVE] [RED] LeadPredict dist=819.417 dV=75.2626 thr=0.55 om=0.229638 lt=2.8132
[ACTIVE] [RED] LeadPredict dist=604.24 dV=68.1633 thr=0.55 om=0.126738 lt=2.52539
[ACTIVE] [RED] LeadPredict dist=397.529 dV=22.7383 thr=0.695708 om=0.0196756 lt=0.768299
[ACTIVE] [RED] LeadPredict dist=331.359 dV=1.7491 thr=0.859011 om=0.0205337 lt=0
[ACTIVE] [RED] LeadPredict dist=323.164 dV=-1.85198 thr=0.902224 om=0.0520393 lt=0
runner:local/env:0	num_steps=[8104] | total rewards=[562.1128] | termination= [target destroyed]
[seed 3] reward=   562.11 ownHP=1.0000 tgtHP=-0.0069 target destroyed
total: 2
[ACTIVE] [RED] LeadPredict dist=1981.45 dV=20.7319 thr=1 om=0.295064 lt=3
[ACTIVE] [RED] LeadPredict dist=1217.3 dV=58.0803 thr=0.609523 om=0.198245 lt=3
[ACTIVE] [RED] Evade Z=4105.57
[ACTIVE] [RED] LeadPredict dist=780.44 dV=52.6272 thr=0.487961 om=0.202382 lt=2.0512
[ACTIVE] [RED] ClimbOut Z=2898.08
[ACTIVE] [RED] ClimbOut Z=2119.49
[ACTIVE] [RED] LeadPredict dist=1734 dV=41.8754 thr=0.88 om=0.198891 lt=3
[DUTY] team=1 ticks=6600 v27종말조준=6.5% v21뱅크예측=74.8182% v17궤도조건=64.4848% v17슬롯적용=48.8788% 상승클램프=0% 강하클램프=32.6515% v23b조건=19.5% v23b실제적용=16.3182%
[ACTIVE] [RED] LeadPredict dist=1846.07 dV=24.8989 thr=0.796895 om=0.245661 lt=3
[ACTIVE] [RED] LeadPredict dist=750.32 dV=43.676 thr=0.952 om=0.250967 lt=2.92054
[ACTIVE] [RED] LeadPredict dist=1596.89 dV=-10.083 thr=1 om=0.250489 lt=3
[ACTIVE] [RED] LeadPredict dist=2727.8 dV=-38.5316 thr=1 om=0.256258 lt=3
[ACTIVE] [RED] LeadPredict dist=2084.61 dV=6.17328 thr=1 om=0.248912 lt=3
[ACTIVE] [RED] LeadPredict dist=825.688 dV=98.4124 thr=0.896 om=0.0388593 lt=3
[ACTIVE] [RED] LeadPredict dist=1441.36 dV=96.7147 thr=1 om=0.078307 lt=3
[ACTIVE] [RED] LeadPredict dist=1047.76 dV=47.3285 thr=1 om=0.0136074 lt=3
[ACTIVE] [RED] LeadPredict dist=630.925 dV=39.7662 thr=0.639999 om=0.0309645 lt=0.0957954
runner:local/env:0	num_steps=[5597] | total rewards=[221.5939] | termination= [target destroyed]
[seed 4] reward=   221.59 ownHP=1.0000 tgtHP=-0.0021 target destroyed
total: 2
[ACTIVE] [RED] LeadPredict dist=2661.47 dV=0.720215 thr=1 om=0 lt=3
[DUTY] team=1 ticks=7200 v27종말조준=7.36111% v21뱅크예측=72.8333% v17궤도조건=64% v17슬롯적용=48.4861% 상승클램프=0% 강하클램프=32.4722% v23b조건=18.9167% v23b실제적용=16%
[ACTIVE] [RED] LeadPredict dist=2037.38 dV=41.0009 thr=0.724089 om=0.269979 lt=3
[ACTIVE] [RED] LeadPredict dist=1178.71 dV=89.4611 thr=0.597498 om=0.349683 lt=3
[ACTIVE] [RED] LeadPredict dist=1939.15 dV=107.518 thr=0.889799 om=0.241931 lt=3
[ACTIVE] [RED] LeadPredict dist=1592.12 dV=2.26355 thr=0.744203 om=0.0206279 lt=3
[ACTIVE] [RED] LeadPredict dist=1888.59 dV=-48.8203 thr=0.729773 om=0.285911 lt=3
[ACTIVE] [RED] ClimbOut Z=2787.26
[ACTIVE] [RED] ClimbOut Z=2140.95
[ACTIVE] [RED] LeadPredict dist=3779.38 dV=38.4286 thr=0.726634 om=0.758951 lt=3
[ACTIVE] [RED] LeadPredict dist=5547.89 dV=83.185 thr=1 om=0.291215 lt=3
[ACTIVE] [RED] LeadPredict dist=3322.73 dV=43.3159 thr=1 om=0.150989 lt=3
[ACTIVE] [RED] LeadPredict dist=391.382 dV=17.1823 thr=0.673813 om=0.270863 lt=1.20914
[ACTIVE] [RED] ClimbOut Z=2340.94
[ACTIVE] [RED] LeadPredict dist=5292.93 dV=67.3402 thr=1 om=0.209584 lt=3
[DUTY] team=1 ticks=7800 v27종말조준=6.79487% v21뱅크예측=73.2564% v17궤도조건=63.2436% v17슬롯적용=46.8846% 상승클램프=0% 강하클램프=32.7051% v23b조건=21.859% v23b실제적용=19.1154%
[ACTIVE] [RED] LeadPredict dist=6194.7 dV=93.6795 thr=1 om=0.0339491 lt=3
[ACTIVE] [RED] LeadPredict dist=5434.9 dV=74.0279 thr=1 om=0.0174293 lt=3
[ACTIVE] [RED] LeadPredict dist=4451.85 dV=87.3519 thr=1 om=0.0166588 lt=3
[ACTIVE] [RED] LeadPredict dist=3527.68 dV=98.3095 thr=1 om=0.01718 lt=3
[ACTIVE] [RED] LeadPredict dist=2654.43 dV=104.894 thr=1 om=0.0227549 lt=3
[ACTIVE] [RED] LeadPredict dist=1821.72 dV=107.775 thr=1 om=0.0316915 lt=3
[ACTIVE] [RED] LeadPredict dist=1026.68 dV=104.946 thr=1 om=0.0420201 lt=3
[ACTIVE] [RED] LeadPredict dist=425.527 dV=90.4385 thr=0.583999 om=0.0595993 lt=2.22656
[ACTIVE] [RED] LeadPredict dist=713.171 dV=32.1525 thr=0.61417 om=0.0909887 lt=3
[ACTIVE] [RED] LeadPredict dist=1088.15 dV=-11.8836 thr=1 om=0.0698146 lt=3
[DUTY] team=1 ticks=8400 v27종말조준=6.52381% v21뱅크예측=70.2024% v17궤도조건=60.3452% v17슬롯적용=44.9167% 상승클램프=0% 강하클램프=31.3333% v23b조건=20.2976% v23b실제적용=17.75%
[ACTIVE] [RED] LeadPredict dist=1431.5 dV=-7.97383 thr=1 om=0.143655 lt=3
[ACTIVE] [RED] LeadPredict dist=1757.22 dV=27.4711 thr=1 om=0.16481 lt=3
[ACTIVE] [RED] LeadPredict dist=1587.37 dV=20.2175 thr=1 om=0.262726 lt=3
[ACTIVE] [RED] LeadPredict dist=1178.4 dV=36.1651 thr=1 om=0.274643 lt=3
[ACTIVE] [RED] LeadPredict dist=1160.99 dV=60.2409 thr=0.703755 om=0.173683 lt=3
[ACTIVE] [RED] LeadPredict dist=810.487 dV=78.7093 thr=0.55 om=0.251555 lt=2.26459
[ACTIVE] [RED] LeadPredict dist=414.443 dV=51.4955 thr=0.55 om=0.120056 lt=1.13467
[ACTIVE] [RED] ClimbOut Z=2616.06
[ACTIVE] [RED] LeadPredict dist=957.611 dV=101.705 thr=0.597717 om=0.266202 lt=2.70012
[ACTIVE] [RED] LeadPredict dist=1791.19 dV=96.2517 thr=0.79121 om=0.0276002 lt=3
[ACTIVE] [RED] LeadPredict dist=1271.16 dV=73.0505 thr=1 om=0.133343 lt=3
[DUTY] team=1 ticks=9000 v27종말조준=6.15556% v21뱅크예측=70.7333% v17궤도조건=62.2% v17슬롯적용=46.7111% 상승클램프=0% 강하클램프=32.9333% v23b조건=22.1556% v23b실제적용=18.3889%
[ACTIVE] [RED] LeadPredict dist=695.037 dV=67.4945 thr=0.719999 om=0.28906 lt=1.59073
runner:local/env:0	num_steps=[11999] | total rewards=[159.1611] | termination= [max time out]
[seed 5] reward=   159.16 ownHP=1.0000 tgtHP=0.9349 max time out
total: 2
[ACTIVE] [RED] LeadPredict dist=2147.09 dV=29.9404 thr=0.788149 om=0.254455 lt=3
[ACTIVE] [RED] LeadPredict dist=3298.15 dV=19.7545 thr=1 om=0.0367006 lt=3
[ACTIVE] [RED] LeadPredict dist=4411.58 dV=48.7175 thr=1 om=0.177405 lt=3
[ACTIVE] [RED] LeadPredict dist=2730.15 dV=48.9747 thr=1 om=0.213873 lt=3
[ACTIVE] [RED] LeadPredict dist=1388.73 dV=31.7924 thr=0.459975 om=0.223502 lt=3
[ACTIVE] [RED] ClimbOut Z=2455.93
[ACTIVE] [RED] LeadPredict dist=2226.61 dV=54.9937 thr=0.582193 om=0.212787 lt=3
[ACTIVE] [RED] LeadPredict dist=2156.07 dV=53.8104 thr=0.808045 om=0.226656 lt=3
[ACTIVE] [RED] LeadPredict dist=1774.66 dV=92.4449 thr=1 om=0.176566 lt=3
[ACTIVE] [RED] LeadPredict dist=1060.84 dV=73.4106 thr=1 om=0.152553 lt=3
[DUTY] team=1 ticks=9600 v27종말조준=5.91667% v21뱅크예측=70.3646% v17궤도조건=62.2812% v17슬롯적용=47.7604% 상승클램프=0% 강하클램프=32.3958% v23b조건=23.1146% v23b실제적용=19.5833%
[ACTIVE] [RED] LeadPredict dist=796.999 dV=35.8565 thr=0.671999 om=0.209194 lt=3
[ACTIVE] [RED] LeadPredict dist=847.184 dV=30.9693 thr=0.628369 om=0.181207 lt=3
[ACTIVE] [RED] LeadPredict dist=703.483 dV=26.9052 thr=0.677137 om=0.302393 lt=2.6522
[ACTIVE] [RED] LeadPredict dist=617.092 dV=66.8258 thr=0.55 om=0.227918 lt=2.1528
[ACTIVE] [RED] LeadPredict dist=695.575 dV=86.323 thr=0.55 om=0.152777 lt=2.76617
[ACTIVE] [RED] LeadPredict dist=384.58 dV=51.9584 thr=0.55 om=0.19366 lt=1.4201
[ACTIVE] [RED] LeadPredict dist=141.371 dV=28.0884 thr=0.55 om=0.345976 lt=0.713117
[ACTIVE] [RED] LeadPredict dist=236.327 dV=2.26353 thr=0.852838 om=0.222404 lt=2.11309
[ACTIVE] [RED] LeadPredict dist=388.102 dV=-14.0957 thr=1 om=0.196472 lt=3
[ACTIVE] [RED] LeadPredict dist=524.602 dV=-9.25992 thr=1 om=0.186593 lt=2.98872
[DUTY] team=1 ticks=10200 v27종말조준=6.58824% v21뱅크예측=71.0784% v17궤도조건=63.8627% v17슬롯적용=49.3235% 상승클램프=0% 강하클램프=32.0392% v23b조건=21.7549% v23b실제적용=18.4314%
[ACTIVE] [RED] LeadPredict dist=552.571 dV=35.342 thr=0.639974 om=0.317072 lt=2.36435
[ACTIVE] [RED] LeadPredict dist=430.477 dV=34.0559 thr=0.591329 om=0.209147 lt=1.67626
[ACTIVE] [RED] LeadPredict dist=656.228 dV=35.1362 thr=0.578365 om=0.247837 lt=2.45594
[ACTIVE] [RED] LeadPredict dist=563.791 dV=43.1615 thr=0.55 om=0.186153 lt=1.42659
[ACTIVE] [RED] LeadPredict dist=398.846 dV=22.4296 thr=0.723462 om=0.0292641 lt=1.31483
runner:local/env:0	num_steps=[8902] | total rewards=[650.4428] | termination= [target destroyed]
[seed 6] reward=   650.44 ownHP=1.0000 tgtHP=-0.0077 target destroyed
total: 2
[ACTIVE] [RED] LeadPredict dist=1861.08 dV=6.0704 thr=0.813074 om=0.311903 lt=3
[ACTIVE] [RED] LeadPredict dist=1097.38 dV=21.6065 thr=0.781372 om=0.201996 lt=3
[ACTIVE] [RED] LeadPredict dist=2284.79 dV=24.1787 thr=0.676426 om=0.15708 lt=3
[ACTIVE] [RED] LeadPredict dist=1414.46 dV=7.45938 thr=0.614552 om=0.214439 lt=3
[ACTIVE] [RED] ClimbOut Z=2653.92
[ACTIVE] [RED] LeadPredict dist=4047.94 dV=45.3736 thr=1 om=0.248022 lt=3
[DUTY] team=1 ticks=10800 v27종말조준=7.34259% v21뱅크예측=70.9167% v17궤도조건=65.0741% v17슬롯적용=51.0833% 상승클램프=0% 강하클램프=32.7315% v23b조건=22.5185% v23b실제적용=19.1296%
[ACTIVE] [RED] LeadPredict dist=4072.38 dV=65.7454 thr=1 om=0.0138463 lt=3
[ACTIVE] [RED] LeadPredict dist=3265.5 dV=56.2283 thr=1 om=0.0206746 lt=3
[ACTIVE] [RED] LeadPredict dist=2598.22 dV=65.694 thr=1 om=0.0213953 lt=3
[ACTIVE] [RED] LeadPredict dist=2049.07 dV=70.4783 thr=1 om=0.370063 lt=3
[ACTIVE] [RED] LeadPredict dist=1356.41 dV=80.3555 thr=1 om=0.0893633 lt=3
[ACTIVE] [RED] LeadPredict dist=978.376 dV=26.0821 thr=1 om=0.101785 lt=3
[ACTIVE] [RED] LeadPredict dist=989.061 dV=-7.81949 thr=1 om=0.177721 lt=3
[ACTIVE] [RED] LeadPredict dist=1139.38 dV=15.639 thr=1 om=0.364863 lt=3
[ACTIVE] [RED] LeadPredict dist=990.11 dV=49.6949 thr=0.82969 om=0.419974 lt=3
[ACTIVE] [RED] LeadPredict dist=599.139 dV=83.9052 thr=0.55 om=0.264868 lt=1.77564
[DUTY] team=1 ticks=11400 v27종말조준=7.07018% v21뱅크예측=70.5702% v17궤도조건=64.7281% v17슬롯적용=51.4737% 상승클램프=0% 강하클램프=32.5439% v23b조건=21.7807% v23b실제적용=18.3947%
[ACTIVE] [RED] LeadPredict dist=943.83 dV=103.968 thr=0.546774 om=0.308944 lt=2.57426
[ACTIVE] [RED] ClimbOut Z=2934.8
[ACTIVE] [RED] LeadPredict dist=2904.64 dV=113.948 thr=0.863781 om=0.40114 lt=3
[ACTIVE] [RED] LeadPredict dist=3354.18 dV=130.05 thr=1 om=0.135769 lt=3
[ACTIVE] [RED] LeadPredict dist=2379.53 dV=108.598 thr=1 om=0.0147585 lt=3
[ACTIVE] [RED] LeadPredict dist=1458.34 dV=112.611 thr=1 om=0.0178513 lt=3
[ACTIVE] [RED] LeadPredict dist=632.426 dV=125.472 thr=0.832 om=0.0977363 lt=2.39406
[ACTIVE] [RED] LeadPredict dist=315.255 dV=63.4305 thr=0.55 om=0.285457 lt=1.58431
[ACTIVE] [RED] LeadPredict dist=402.058 dV=24.1272 thr=0.61183 om=0.180379 lt=2.12723
[ACTIVE] [RED] LeadPredict dist=457.689 dV=27.6254 thr=0.671632 om=0.115035 lt=1.73501
[ACTIVE] [RED] LeadPredict dist=262.468 dV=60.138 thr=0.55 om=0.187573 lt=1.08025
[DUTY] team=1 ticks=12000 v27종말조준=6.81667% v21뱅크예측=70.5333% v17궤도조건=64.5333% v17슬롯적용=50.625% 상승클램프=0% 강하클램프=32.4083% v23b조건=21.6167% v23b실제적용=18.125%
[ACTIVE] [RED] LeadPredict dist=142.236 dV=55.4052 thr=0.55 om=0.201485 lt=0.659404
[ACTIVE] [RED] LeadPredict dist=225.982 dV=30.6606 thr=0.55 om=0.156011 lt=1.2035
[ACTIVE] [RED] Evade Z=6221.32
[ACTIVE] [RED] LeadPredict dist=328.669 dV=10.1345 thr=0.758386 om=0.101281 lt=2.23465
[ACTIVE] [RED] Evade Z=7399.31
[ACTIVE] [RED] Evade Z=7741.52
[ACTIVE] [RED] LeadPredict dist=387.431 dV=-5.65884 thr=0.947906 om=0.0473441 lt=3
[ACTIVE] [RED] LeadPredict dist=355.427 dV=-5.76173 thr=0.949141 om=0.127725 lt=3
[ACTIVE] [RED] LeadPredict dist=430.725 dV=15.2274 thr=0.817271 om=0.0214055 lt=3
runner:local/env:0	num_steps=[11999] | total rewards=[234.3124] | termination= [max time out]
[seed 7] reward=   234.31 ownHP=0.9647 tgtHP=0.9630 max time out
total: 2
[ACTIVE] [RED] LeadPredict dist=1558.18 dV=10.2888 thr=0.806734 om=0.16653 lt=3
[ACTIVE] [RED] LeadPredict dist=837.439 dV=14.3015 thr=0.746608 om=0.0339672 lt=2.62009
[ACTIVE] [RED] LeadPredict dist=907.916 dV=-30.4034 thr=0.776124 om=0.0288232 lt=2.90369
[ACTIVE] [RED] LeadPredict dist=1007.95 dV=-72.3303 thr=0.777218 om=0.0272551 lt=3
[DUTY] team=1 ticks=12600 v27종말조준=6.49206% v21뱅크예측=70.1905% v17궤도조건=64.6349% v17슬롯적용=48.4127% 상승클램프=0% 강하클램프=31.6032% v23b조건=22.1667% v23b실제적용=18.8413%
[ACTIVE] [RED] LeadPredict dist=1116.83 dV=-89.7698 thr=0.661777 om=0.0261054 lt=3
[ACTIVE] [RED] LeadPredict dist=1833.66 dV=-95.6858 thr=0.562735 om=0.265277 lt=3
[ACTIVE] [RED] LeadPredict dist=1462.67 dV=-8.1796 thr=0.52 om=0.246322 lt=3
[ACTIVE] [RED] LeadPredict dist=1428.38 dV=41.361 thr=0.707691 om=0.231057 lt=3
[ACTIVE] [RED] LeadPredict dist=1690.61 dV=23.0984 thr=1 om=0.268315 lt=3
[ACTIVE] [RED] LeadPredict dist=1767.32 dV=-8.64258 thr=1 om=0.396702 lt=3
[ACTIVE] [RED] LeadPredict dist=1575.22 dV=37.2969 thr=0.755135 om=0.232654 lt=3
[ACTIVE] [RED] LeadPredict dist=1377.44 dV=52.4729 thr=0.681455 om=0.251231 lt=3
[ACTIVE] [RED] LeadPredict dist=946.65 dV=69.7581 thr=0.831221 om=0.25743 lt=3
[ACTIVE] [RED] LeadPredict dist=587.204 dV=60.1895 thr=0.55 om=0.169232 lt=1.34766
[DUTY] team=1 ticks=13200 v27종말조준=6.25% v21뱅크예측=70.3712% v17궤도조건=65.4697% v17슬롯적용=49.9848% 상승클램프=0% 강하클램프=32.3333% v23b조건=24.197% v23b실제적용=21%
[ACTIVE] [RED] LeadPredict dist=274.055 dV=52.9359 thr=0.55 om=0.134481 lt=0.374397
[ACTIVE] [RED] LeadPredict dist=96.4961 dV=27.3682 thr=0.55 om=0.160732 lt=0.690121
[ACTIVE] [RED] LeadPredict dist=155.132 dV=4.21841 thr=0.755798 om=0.110173 lt=1.69699
[ACTIVE] [RED] LeadPredict dist=156.202 dV=-9.4657 thr=0.94692 om=0.179955 lt=2.21632
[ACTIVE] [RED] LeadPredict dist=291.458 dV=-20.0632 thr=1 om=0.185893 lt=2.75829
[ACTIVE] [RED] LeadPredict dist=566.157 dV=-9.72292 thr=1 om=0.25465 lt=3
[ACTIVE] [RED] LeadPredict dist=504.334 dV=36.9368 thr=0.599999 om=0.119844 lt=2.20404
[ACTIVE] [RED] LeadPredict dist=786.452 dV=29.6317 thr=0.644419 om=0.166592 lt=3
[ACTIVE] [RED] LeadPredict dist=1142.06 dV=-6.4305 thr=1 om=0.225521 lt=3
[ACTIVE] [RED] LeadPredict dist=1729.02 dV=-26.7509 thr=1 om=0.295618 lt=3
[DUTY] team=1 ticks=13800 v27종말조준=6.68841% v21뱅크예측=71.2754% v17궤도조건=66.8261% v17슬롯적용=50.4203% 상승클램프=0% 강하클램프=32.2754% v23b조건=23.1449% v23b실제적용=20.087%
[ACTIVE] [RED] LeadPredict dist=1645.03 dV=14.0442 thr=1 om=0.269567 lt=3
[ACTIVE] [RED] LeadPredict dist=1359.29 dV=100.624 thr=0.857895 om=0.145639 lt=3
[ACTIVE] [RED] LeadPredict dist=1414.28 dV=90.9016 thr=1 om=0.0602859 lt=3
[ACTIVE] [RED] LeadPredict dist=999.554 dV=54.9422 thr=1 om=0.00956439 lt=3
[ACTIVE] [RED] LeadPredict dist=607.73 dV=56.3312 thr=0.623999 om=0.213205 lt=2.76791
[ACTIVE] [RED] LeadPredict dist=623.94 dV=26.648 thr=0.680224 om=0.211978 lt=2.88294
[ACTIVE] [RED] LeadPredict dist=657.87 dV=41.824 thr=0.55 om=0.156329 lt=2.67198
[ACTIVE] [RED] LeadPredict dist=587.761 dV=32.2039 thr=0.616502 om=0.252976 lt=2.23717
[ACTIVE] [RED] LeadPredict dist=623.798 dV=45.5794 thr=0.55 om=0.219511 lt=2.48428
[ACTIVE] [RED] LeadPredict dist=428.685 dV=43.1615 thr=0.55 om=0.0753606 lt=1.02171
[DUTY] team=1 ticks=14400 v27종말조준=6.72917% v21뱅크예측=71.1528% v17궤도조건=67.7083% v17슬롯적용=51.9861% 상승클램프=0% 강하클램프=31.9444% v23b조건=22.4375% v23b실제적용=19.5069%
runner:local/env:0	num_steps=[11999] | total rewards=[435.5488] | termination= [max time out]
[seed 8] reward=   435.55 ownHP=1.0000 tgtHP=1.0000 max time out
total: 2
[ACTIVE] [RED] LeadPredict dist=1815.56 dV=26.648 thr=0.774813 om=0.196216 lt=3
[ACTIVE] [RED] LeadPredict dist=2563.23 dV=43.3159 thr=1 om=0.233462 lt=3
[ACTIVE] [RED] LeadPredict dist=2124.51 dV=56.5884 thr=0.572573 om=0.218675 lt=3
[ACTIVE] [RED] ClimbOut Z=3045.03
[ACTIVE] [RED] ClimbOut Z=2194.97
[ACTIVE] [RED] LeadPredict dist=2991.85 dV=106.643 thr=1 om=0 lt=3
[ACTIVE] [RED] LeadPredict dist=3326.6 dV=115.595 thr=1 om=0.252634 lt=3
[ACTIVE] [RED] LeadPredict dist=2357.3 dV=56.6398 thr=0.87145 om=0.258907 lt=3
[ACTIVE] [RED] LeadPredict dist=1250.42 dV=-17.3881 thr=0.865547 om=0.281495 lt=3
[ACTIVE] [RED] ClimbOut Z=2588.21
[ACTIVE] [RED] LeadPredict dist=914.879 dV=27.0596 thr=0.819999 om=0.227712 lt=2.6126
[ACTIVE] [RED] LeadPredict dist=1310 dV=54.5306 thr=0.764099 om=0.115892 lt=3
[ACTIVE] [RED] LeadPredict dist=1270.26 dV=32.3068 thr=1 om=0.0201811 lt=3
[DUTY] team=1 ticks=15000 v27종말조준=6.46667% v21뱅크예측=71.24% v17궤도조건=67.4267% v17슬롯적용=52.3333% 상승클램프=0% 강하클램프=32.6% v23b조건=23.4133% v23b실제적용=20.4867%
[ACTIVE] [RED] LeadPredict dist=896.117 dV=82.1561 thr=0.976 om=0.103575 lt=3
[ACTIVE] [RED] LeadPredict dist=760.376 dV=27.3168 thr=0.672199 om=0.182249 lt=3
[ACTIVE] [RED] LeadPredict dist=719.551 dV=13.9413 thr=0.837126 om=0.198946 lt=3
[ACTIVE] [RED] LeadPredict dist=770.627 dV=20.8863 thr=0.749365 om=0.256872 lt=3
[ACTIVE] [RED] LeadPredict dist=653.767 dV=32.564 thr=0.609232 om=0.325744 lt=2.59618
[ACTIVE] [RED] LeadPredict dist=739.875 dV=36.268 thr=0.582939 om=0.27786 lt=2.68574
[ACTIVE] [RED] LeadPredict dist=894.502 dV=64.5622 thr=0.55 om=0.239001 lt=3
[ACTIVE] [RED] LeadPredict dist=799.815 dV=46.1453 thr=0.55 om=0.28923 lt=0
[ACTIVE] [RED] LeadPredict dist=557.975 dV=29.889 thr=0.641332 om=0.0573931 lt=2.79552
runner:local/env:0	num_steps=[7716] | total rewards=[484.8201] | termination= [target destroyed]
[seed 9] reward=   484.82 ownHP=1.0000 tgtHP=-0.0028 target destroyed
total: 2
[ACTIVE] [RED] LeadPredict dist=881.941 dV=0.41156 thr=0.824006 om=0.121028 lt=2.92605
[DUTY] team=1 ticks=15600 v27종말조준=6.71154% v21뱅크예측=71.0705% v17궤도조건=68.0833% v17슬롯적용=53.5705% 상승클램프=0% 강하클램프=31.9615% v23b조건=22.6154% v23b실제적용=19.8013%
[ACTIVE] [RED] LeadPredict dist=2363.97 dV=15.5361 thr=0.760382 om=0.104424 lt=3
[ACTIVE] [RED] LeadPredict dist=3629.29 dV=-14.6615 thr=1 om=0.0225743 lt=3
[ACTIVE] [RED] LeadPredict dist=3481.25 dV=-55.6624 thr=1 om=0.0227535 lt=3
[ACTIVE] [RED] LeadPredict dist=3680.28 dV=-80.5099 thr=1 om=0.0600712 lt=3
runner:local/env:0	num_steps=[1836] | total rewards=[-44.4339] | termination= [target altitude below min]
[seed 10] reward=   -44.43 ownHP=1.0000 tgtHP=1.0000 target altitude below min
total: 2
[ACTIVE] [RED] LeadPredict dist=2290.58 dV=-0.0514221 thr=0.826848 om=0 lt=3
[ACTIVE] [RED] LeadPredict dist=2308.06 dV=10.1345 thr=0.859644 om=0.257634 lt=3
[ACTIVE] [RED] LeadPredict dist=828.626 dV=-10.2374 thr=1 om=0.0644275 lt=2.90222
[ACTIVE] [RED] LeadPredict dist=1793.19 dV=-74.2337 thr=1 om=0.0247793 lt=3
[ACTIVE] [RED] LeadPredict dist=2915.54 dV=-139.413 thr=1 om=0.0259117 lt=3
[ACTIVE] [RED] LeadPredict dist=3745.41 dV=-116.469 thr=1 om=0.256606 lt=3
[DUTY] team=1 ticks=16200 v27종말조준=6.46296% v21뱅크예측=70.037% v17궤도조건=66.7037% v17슬롯적용=52.2963% 상승클램프=0% 강하클램프=32.7716% v23b조건=22.642% v23b실제적용=19.9321%
[ACTIVE] [RED] LeadPredict dist=4449.79 dV=-60.3953 thr=1 om=0.239607 lt=3
[ACTIVE] [RED] LeadPredict dist=3273.22 dV=16.5135 thr=1 om=0.217617 lt=3
[ACTIVE] [RED] LeadPredict dist=687.062 dV=119.402 thr=0.509169 om=0.282454 lt=1.82978
[ACTIVE] [RED] LeadPredict dist=1870.56 dV=101.911 thr=0.59881 om=0.0220569 lt=3
[ACTIVE] [RED] LeadPredict dist=1973.99 dV=42.75 thr=0.7512 om=0.0135065 lt=3
[ACTIVE] [RED] LeadPredict dist=1310.2 dV=3.03519 thr=0.806734 om=0.0307007 lt=3
[ACTIVE] [RED] LeadPredict dist=1141.23 dV=-8.33392 thr=1 om=0.0337982 lt=3
[ACTIVE] [RED] LeadPredict dist=965.769 dV=22.018 thr=0.62767 om=0.202444 lt=2.77834
[ACTIVE] [RED] ClimbOut Z=3548.03
[ACTIVE] [RED] ClimbOut Z=2531.27
[ACTIVE] [RED] LeadPredict dist=863.58 dV=46.7112 thr=0.8 om=0.922442 lt=2.27279
[ACTIVE] [RED] LeadPredict dist=1058.4 dV=43.5731 thr=0.689325 om=0.275473 lt=3
[DUTY] team=1 ticks=16800 v27종말조준=6.23214% v21뱅크예측=69.6964% v17궤도조건=65.7262% v17슬롯적용=51.7857% 상승클램프=0% 강하클램프=32.994% v23b조건=24.0417% v23b실제적용=21.4286%
[ACTIVE] [RED] LeadPredict dist=1011.14 dV=41.1552 thr=1 om=0.299654 lt=3
[ACTIVE] [RED] LeadPredict dist=730.312 dV=33.0785 thr=0.639999 om=0.186376 lt=3
[ACTIVE] [RED] LeadPredict dist=725.676 dV=6.99638 thr=0.916043 om=0.207285 lt=3
[ACTIVE] [RED] LeadPredict dist=749.994 dV=18.5713 thr=0.777145 om=0.175911 lt=2.94284
[ACTIVE] [RED] LeadPredict dist=739.872 dV=58.286 thr=0.55 om=0.244927 lt=2.56502
[ACTIVE] [RED] LeadPredict dist=633.367 dV=77.2689 thr=0.55 om=0.22057 lt=2.36856
[ACTIVE] [RED] LeadPredict dist=417.46 dV=42.0812 thr=0.55 om=0.0240005 lt=0
[ACTIVE] [RED] LeadPredict dist=187.868 dV=27.8312 thr=0.55 om=0.0274604 lt=0
[ACTIVE] [RED] LeadPredict dist=152.82 dV=1.38898 thr=0.863332 om=0.218606 lt=1.19206
[ACTIVE] [RED] LeadPredict dist=245.65 dV=4.06408 thr=0.831231 om=0.104896 lt=2.32251
[DUTY] team=1 ticks=17400 v27종말조준=6.63218% v21뱅크예측=69.4138% v17궤도조건=66.2299% v17슬롯적용=52.2414% 상승클램프=0% 강하클램프=32.1494% v23b조건=23.5115% v23b실제적용=20.9138%
[ACTIVE] [RED] LeadPredict dist=336.05 dV=-5.60739 thr=0.947289 om=0.0593887 lt=3
[ACTIVE] [RED] LeadPredict dist=311.587 dV=-12.9639 thr=1 om=0.0746646 lt=3
[ACTIVE] [RED] LeadPredict dist=397.388 dV=-8.69404 thr=0.984328 om=0.0790389 lt=3
[ACTIVE] [RED] LeadPredict dist=529.319 dV=2.10921 thr=0.97469 om=0.0117334 lt=3
[ACTIVE] [RED] LeadPredict dist=776.87 dV=28.3971 thr=0.659235 om=0.203633 lt=3
[ACTIVE] [RED] LeadPredict dist=1258.9 dV=36.5252 thr=1 om=0.0995516 lt=3
[ACTIVE] [RED] LeadPredict dist=1827.27 dV=38.1714 thr=1 om=0.0890761 lt=3
runner:local/env:0	num_steps=[11999] | total rewards=[476.2038] | termination= [max time out]
[seed 11] reward=   476.20 ownHP=1.0000 tgtHP=0.6149 max time out
total: 2
[ACTIVE] [RED] LeadPredict dist=4423.19 dV=18.2626 thr=1 om=0.247456 lt=3
[ACTIVE] [RED] LeadPredict dist=4537.45 dV=30.4034 thr=1 om=0.278037 lt=3
[ACTIVE] [RED] LeadPredict dist=3079.84 dV=33.4901 thr=1 om=0.252258 lt=3
[DUTY] team=1 ticks=18000 v27종말조준=6.41111% v21뱅크예측=69.0944% v17궤도조건=65.4778% v17슬롯적용=51.05% 상승클램프=0% 강하클램프=31.0778% v23b조건=22.7278% v23b실제적용=20.2167%
[ACTIVE] [RED] LeadPredict dist=1659.65 dV=21.8637 thr=0.788368 om=0.272014 lt=3
[ACTIVE] [RED] LeadPredict dist=1515.3 dV=0.308655 thr=1 om=0.142658 lt=3
[ACTIVE] [RED] LeadPredict dist=1346.29 dV=28.7572 thr=1 om=0.245637 lt=3
[ACTIVE] [RED] LeadPredict dist=1111.5 dV=48.4088 thr=0.690824 om=0.361193 lt=3
[ACTIVE] [RED] ClimbOut Z=3541.55
[ACTIVE] [RED] ClimbOut Z=2511.95
[ACTIVE] [RED] LeadPredict dist=4657.16 dV=12.5009 thr=1 om=0.132326 lt=3
[ACTIVE] [RED] ClimbOut Z=1902.98
[ACTIVE] [RED] LeadPredict dist=6686.22 dV=6.73917 thr=1 om=0.255829 lt=3
[ACTIVE] [RED] LeadPredict dist=5429.75 dV=60.2409 thr=1 om=0.252343 lt=3
[ACTIVE] [RED] LeadPredict dist=3949.36 dV=75.7256 thr=1 om=0.00532987 lt=3
[ACTIVE] [RED] LeadPredict dist=2897.85 dV=80.6642 thr=1 om=0.017139 lt=3
[ACTIVE] [RED] LeadPredict dist=2164.49 dV=100.419 thr=1 om=0.0698065 lt=3
[DUTY] team=1 ticks=18600 v27종말조준=6.2043% v21뱅크예측=69.3548% v17궤도조건=64.8817% v17슬롯적용=50.9086% 상승클램프=0% 강하클램프=30.8548% v23b조건=22.629% v23b실제적용=20.1989%
[ACTIVE] [RED] LeadPredict dist=1550.01 dV=84.3167 thr=1 om=0.0168909 lt=3
[ACTIVE] [RED] LeadPredict dist=1035.57 dV=84.6254 thr=1 om=0.370121 lt=3
[ACTIVE] [RED] LeadPredict dist=636.471 dV=56.6913 thr=0.615999 om=0.199445 lt=2.36515
[ACTIVE] [RED] LeadPredict dist=1082.99 dV=43.0586 thr=1 om=0.235537 lt=3
[ACTIVE] [RED] LeadPredict dist=599.149 dV=83.6479 thr=0.55 om=0.185286 lt=1.86465
[ACTIVE] [RED] LeadPredict dist=602.254 dV=104.689 thr=0.55 om=0.430712 lt=1.72288
[ACTIVE] [RED] ClimbOut Z=2573.37
[ACTIVE] [RED] LeadPredict dist=1579.23 dV=71.7644 thr=0.524254 om=0.108397 lt=3
[ACTIVE] [RED] LeadPredict dist=727.077 dV=18.3141 thr=0.625702 om=0.22988 lt=2.08888
[ACTIVE] [RED] LeadPredict dist=1328.96 dV=26.5451 thr=0.768472 om=0.253922 lt=3
[ACTIVE] [RED] LeadPredict dist=1298.07 dV=17.4395 thr=1 om=0.0861386 lt=3
[DUTY] team=1 ticks=19200 v27종말조준=6.01562% v21뱅크예측=69.3438% v17궤도조건=65.3177% v17슬롯적용=50.9167% 상승클램프=0% 강하클램프=30.7396% v23b조건=23.4896% v23b실제적용=20.5885%
[ACTIVE] [RED] LeadPredict dist=931.915 dV=75.314 thr=1 om=0.144072 lt=3
[ACTIVE] [RED] LeadPredict dist=622.351 dV=30.7635 thr=0.630838 om=0.0350286 lt=0.561274
[ACTIVE] [RED] LeadPredict dist=490.008 dV=13.1697 thr=0.841964 om=0.310332 lt=0.659865
[ACTIVE] [RED] LeadPredict dist=451.998 dV=22.018 thr=0.735784 om=0.252458 lt=1.96428
[ACTIVE] [RED] LeadPredict dist=503.972 dV=34.3131 thr=0.588242 om=0.195024 lt=1.95539
[ACTIVE] [RED] LeadPredict dist=310.562 dV=42.3384 thr=0.55 om=0.182489 lt=1.14901
runner:local/env:0	num_steps=[11338] | total rewards=[660.9098] | termination= [target destroyed]
[seed 12] reward=   660.91 ownHP=1.0000 tgtHP=-0.0007 target destroyed
total: 2
[ACTIVE] [RED] LeadPredict dist=4345.01 dV=-0.308685 thr=1 om=0.121331 lt=3
[ACTIVE] [RED] LeadPredict dist=3610.6 dV=-13.9413 thr=1 om=0.0304164 lt=3
[ACTIVE] [RED] LeadPredict dist=3541.09 dV=-36.6281 thr=1 om=0.0278345 lt=3
[ACTIVE] [RED] LeadPredict dist=4011.4 dV=-52.7301 thr=1 om=0.025546 lt=3
[DUTY] team=1 ticks=19800 v27종말조준=6.57071% v21뱅크예측=69.0101% v17궤도조건=65.0152% v17슬롯적용=50.8737% 상승클램프=0% 강하클램프=31.5% v23b조건=22.7778% v23b실제적용=19.9646%
[ACTIVE] [RED] LeadPredict dist=5039.57 dV=-55.4566 thr=1 om=0.152639 lt=3
[ACTIVE] [RED] LeadPredict dist=4841.52 dV=23.6128 thr=1 om=0.252868 lt=3
[ACTIVE] [RED] LeadPredict dist=2122.64 dV=114.566 thr=1 om=0.25811 lt=3
[ACTIVE] [RED] ClimbOut Z=3339.81
[ACTIVE] [RED] LeadPredict dist=4293.87 dV=156.338 thr=1 om=0.00512098 lt=3
[ACTIVE] [RED] LeadPredict dist=3932.78 dV=97.4864 thr=1 om=0.0239212 lt=3
[ACTIVE] [RED] LeadPredict dist=2888.84 dV=94.9142 thr=1 om=0.0227893 lt=3
[ACTIVE] [RED] LeadPredict dist=2108.67 dV=96.509 thr=1 om=0.00851395 lt=3
[ACTIVE] [RED] LeadPredict dist=1334.56 dV=119.607 thr=1 om=0.160826 lt=3
[ACTIVE] [RED] LeadPredict dist=770.773 dV=79.9954 thr=0.816 om=0.152495 lt=3
[ACTIVE] [RED] LeadPredict dist=951.064 dV=5.5045 thr=1 om=0.0275622 lt=3
[DUTY] team=1 ticks=20400 v27종말조준=6.37745% v21뱅크예측=68.5049% v17궤도조건=64.049% v17슬롯적용=50.3235% 상승클램프=0% 강하클램프=31.5784% v23b조건=22.1176% v23b실제적용=19.3873%
[ACTIVE] [RED] LeadPredict dist=1424.54 dV=-2.41786 thr=1 om=0.272844 lt=3
[ACTIVE] [RED] LeadPredict dist=1446.31 dV=13.5298 thr=1 om=0.33593 lt=3
[ACTIVE] [RED] LeadPredict dist=1199.89 dV=66.4656 thr=1 om=0.282704 lt=3
[ACTIVE] [RED] LeadPredict dist=693.006 dV=106.798 thr=0.752 om=0.24604 lt=1.09535
[ACTIVE] [RED] LeadPredict dist=192.194 dV=69.0893 thr=0.332291 om=0.026225 lt=0.460777
[ACTIVE] [RED] ClimbOut Z=3680.62
[ACTIVE] [RED] ClimbOut Z=2677.26
[ACTIVE] [RED] ClimbOut Z=2066.85
runner:local/env:0	num_steps=[7442] | total rewards=[158.7541] | termination= [target altitude below min]
[seed 13] reward=   158.75 ownHP=1.0000 tgtHP=0.9832 target altitude below min
total: 2
[ACTIVE] [RED] LeadPredict dist=5335.08 dV=22.5325 thr=1 om=0.267929 lt=3
[ACTIVE] [RED] LeadPredict dist=4143.02 dV=16.6164 thr=1 om=0.0305836 lt=3
[ACTIVE] [RED] LeadPredict dist=2877.73 dV=8.64258 thr=1 om=0.033788 lt=3
[ACTIVE] [RED] LeadPredict dist=2400.32 dV=-6.79059 thr=0.517258 om=0.0288316 lt=3
[ACTIVE] [RED] LeadPredict dist=2565.22 dV=-7.56226 thr=0.837903 om=0.235521 lt=3
[DUTY] team=1 ticks=21000 v27종말조준=6.4% v21뱅크예측=68.1286% v17궤도조건=63.7095% v17슬롯적용=50.2429% 상승클램프=0% 강하클램프=33.5333% v23b조건=22.0429% v23b실제적용=19.3905%
[ACTIVE] [RED] LeadPredict dist=3383.87 dV=-36.7825 thr=1 om=0.0207288 lt=3
[ACTIVE] [RED] LeadPredict dist=3556.04 dV=22.1209 thr=1 om=0.170105 lt=3
[ACTIVE] [RED] ClimbOut Z=2254.98
[ACTIVE] [RED] LeadPredict dist=1056.89 dV=102.219 thr=0.624 om=0.281035 lt=2.36034
[ACTIVE] [RED] LeadPredict dist=2950.04 dV=38.1714 thr=1 om=0.0140773 lt=3
[ACTIVE] [RED] LeadPredict dist=2558.64 dV=10.0316 thr=1 om=0.00844984 lt=3
[ACTIVE] [RED] LeadPredict dist=1868.12 dV=15.4846 thr=1 om=0.000784801 lt=3
[ACTIVE] [RED] LeadPredict dist=1581.11 dV=18.3141 thr=1 om=0.0203972 lt=3
[ACTIVE] [RED] LeadPredict dist=1395.57 dV=40.435 thr=1 om=0.151574 lt=3
[ACTIVE] [RED] LeadPredict dist=1062.58 dV=54.4278 thr=1 om=0.143977 lt=3
[ACTIVE] [RED] LeadPredict dist=920.367 dV=19.8574 thr=1 om=0.145004 lt=3
[DUTY] team=1 ticks=21600 v27종말조준=6.22222% v21뱅크예측=67.3241% v17궤도조건=62.7361% v17슬롯적용=49.5046% 상승클램프=0% 강하클램프=33.3472% v23b조건=21.8241% v23b실제적용=19.2454%
[ACTIVE] [RED] LeadPredict dist=1071.52 dV=-4.52708 thr=1 om=0.141333 lt=3
[ACTIVE] [RED] LeadPredict dist=1238.66 dV=6.22472 thr=1 om=0.190534 lt=3
[ACTIVE] [RED] LeadPredict dist=1105.99 dV=38.2743 thr=1 om=0.42123 lt=3
[ACTIVE] [RED] LeadPredict dist=736.454 dV=80.6127 thr=0.55 om=0.283517 lt=2.15176
[ACTIVE] [RED] LeadPredict dist=490.898 dV=86.786 thr=0.531251 om=0.185212 lt=1.3257
[ACTIVE] [RED] ClimbOut Z=2360.62
[ACTIVE] [RED] LeadPredict dist=652.175 dV=62.916 thr=0.472438 om=0.470102 lt=1.69779
[ACTIVE] [RED] LeadPredict dist=749.019 dV=39.5604 thr=0.55 om=0.214256 lt=2.14748
[ACTIVE] [RED] LeadPredict dist=1182.76 dV=20.7319 thr=0.990138 om=0.0156682 lt=3
[ACTIVE] [RED] LeadPredict dist=703.062 dV=21.2978 thr=0.791671 om=0.242919 lt=1.27342
[ACTIVE] [RED] LeadPredict dist=732.502 dV=14.8159 thr=0.82221 om=0.0689221 lt=3
[DUTY] team=1 ticks=22200 v27종말조준=6.16216% v21뱅크예측=67.5045% v17궤도조건=63.4279% v17슬롯적용=49.955% 상승클램프=0% 강하클램프=33.6847% v23b조건=22.3559% v23b실제적용=19.4369%
[ACTIVE] [RED] LeadPredict dist=896.708 dV=-7.04782 thr=1 om=0.22108 lt=3
[ACTIVE] [RED] LeadPredict dist=925.932 dV=5.81317 thr=1 om=0.2142 lt=3
[ACTIVE] [RED] LeadPredict dist=908.294 dV=52.1128 thr=0.984 om=0.215191 lt=3
[ACTIVE] [RED] LeadPredict dist=658.561 dV=85.7571 thr=0.55 om=0.183365 lt=2.26776
[ACTIVE] [RED] LeadPredict dist=355.435 dV=94.1425 thr=0.55 om=0.156485 lt=1.39523
[ACTIVE] [RED] LeadPredict dist=201.459 dV=54.8393 thr=0.55 om=0.175823 lt=1.0881
[ACTIVE] [RED] LeadPredict dist=119.521 dV=27.574 thr=0.55 om=0.18727 lt=0.844234
runner:local/env:0	num_steps=[11999] | total rewards=[384.8396] | termination= [max time out]
[seed 14] reward=   384.84 ownHP=1.0000 tgtHP=0.9434 max time out
Remove Space Complete.

[rehearsal own_rep=6 tgt_rep=6 seeds=15]
SUMMARY dealt=5.8750 taken=0.0353 mean_reward=347.51
tacview log saved (last episode)

########## dtfix_full vs STRAIGHT ##########


     JSBSim Flight Dynamics Model v1.0.0 May 27 2026 16:13:38
            [JSBSim-ML v2.0]

JSBSim startup beginning ...

total: 2
Behavior Tree Initialized Successfully
[ACTIVE] [RED] LeadPredict dist=3888.84 dV=-3.7554 thr=1 om=0.00199449 lt=3
[ACTIVE] [RED] LeadPredict dist=3552.71 dV=11.935 thr=1 om=0.000817454 lt=3
[ACTIVE] [RED] LeadPredict dist=4138.85 dV=17.028 thr=1 om=0.000993011 lt=3
[ACTIVE] [RED] LeadPredict dist=5052.93 dV=-15.9991 thr=1 om=0.00074203 lt=3
[ACTIVE] [RED] LeadPredict dist=5237.67 dV=-55.4566 thr=1 om=0.000513689 lt=3
[ACTIVE] [RED] LeadPredict dist=5332.99 dV=-48.9232 thr=1 om=0.000415597 lt=3
[ACTIVE] [RED] LeadPredict dist=5486.85 dV=-39.7148 thr=1 om=0.000340979 lt=3
[ACTIVE] [RED] LeadPredict dist=5655.25 dV=-32.4612 thr=1 om=0.000283698 lt=3
[ACTIVE] [RED] LeadPredict dist=5803.35 dV=-27.8312 thr=1 om=0.000244791 lt=3
[ACTIVE] [RED] LeadPredict dist=5926.15 dV=-14.1471 thr=1 om=0.000212728 lt=3
[DUTY] team=1 ticks=600 v27종말조준=0% v21뱅크예측=0% v17궤도조건=0% v17슬롯적용=0% 상승클램프=0% 강하클램프=0% v23b조건=0% v23b실제적용=0%
[ACTIVE] [RED] LeadPredict dist=5987.55 dV=-8.74548 thr=1 om=0.000184739 lt=3
[ACTIVE] [RED] LeadPredict dist=6010.22 dV=2.05774 thr=1 om=0.00015734 lt=3
[ACTIVE] [RED] LeadPredict dist=5972.79 dV=7.81949 thr=1 om=0.000143838 lt=3
[ACTIVE] [RED] LeadPredict dist=5887.53 dV=17.0794 thr=1 om=0.000117683 lt=3
[ACTIVE] [RED] LeadPredict dist=5758.21 dV=28.3456 thr=1 om=0.000125645 lt=3
[ACTIVE] [RED] LeadPredict dist=5590.25 dV=35.5478 thr=1 om=9.34896e-05 lt=3
[ACTIVE] [RED] LeadPredict dist=5387.52 dV=40.1778 thr=1 om=9.35494e-05 lt=3
[ACTIVE] [RED] LeadPredict dist=5157.5 dV=41.7725 thr=1 om=8.25832e-05 lt=3
[ACTIVE] [RED] LeadPredict dist=4913.99 dV=34.9305 thr=1 om=7.29639e-05 lt=3
[ACTIVE] [RED] LeadPredict dist=4678.96 dV=42.1841 thr=1 om=8.51932e-05 lt=3
[DUTY] team=1 ticks=1200 v27종말조준=0% v21뱅크예측=0% v17궤도조건=0% v17슬롯적용=0% 상승클램프=0% 강하클램프=0% v23b조건=0% v23b실제적용=0%
[ACTIVE] [RED] LeadPredict dist=4460.95 dV=36.5767 thr=1 om=8.5225e-05 lt=3
[ACTIVE] [RED] LeadPredict dist=4222.63 dV=35.0848 thr=1 om=7.84754e-05 lt=3
[ACTIVE] [RED] LeadPredict dist=4007.01 dV=43.6245 thr=1 om=7.87158e-05 lt=3
[ACTIVE] [RED] LeadPredict dist=3784.15 dV=34.2102 thr=1 om=7.45107e-05 lt=3
[ACTIVE] [RED] LeadPredict dist=3551.15 dV=37.9657 thr=1 om=7.43065e-05 lt=3
[ACTIVE] [RED] LeadPredict dist=3343.17 dV=40.898 thr=1 om=7.45388e-05 lt=3
[ACTIVE] [RED] LeadPredict dist=3112.2 dV=33.3357 thr=1 om=7.45137e-05 lt=3
[ACTIVE] [RED] LeadPredict dist=2883.58 dV=39.972 thr=1 om=7.4315e-05 lt=3
[ACTIVE] [RED] LeadPredict dist=2672.55 dV=37.5027 thr=1 om=7.45469e-05 lt=3
[ACTIVE] [RED] LeadPredict dist=2436.03 dV=33.5415 thr=1 om=5.83636e-05 lt=3
[DUTY] team=1 ticks=1800 v27종말조준=0% v21뱅크예측=0% v17궤도조건=0% v17슬롯적용=0% 상승클램프=0% 강하클램프=0% v23b조건=0% v23b실제적용=0%
[ACTIVE] [RED] LeadPredict dist=2212.29 dV=43.6245 thr=1 om=5.83769e-05 lt=3
[ACTIVE] [RED] LeadPredict dist=1991.47 dV=36.4223 thr=1 om=6.03981e-05 lt=3
[ACTIVE] [RED] LeadPredict dist=1752.14 dV=35.9079 thr=1 om=6.01551e-05 lt=3
init ID:1 Lat37.92355643001773 Lon128.18188127777776 Alt(meter)7000.0785355893395 Speed(m/sec)300.0
init ID:1 Lat37.96855377446113 Lon128.18188127777776 Alt(meter)7002.8272734023885 Speed(m/sec)300.0
runner:local/env:0	num_steps=[11999] | total rewards=[8.2021] | termination= [max time out]
[seed 0] reward=     8.20 ownHP=1.0000 tgtHP=1.0000 max time out
total: 2
[ACTIVE] [RED] LeadPredict dist=4053.44 dV=-4.32132 thr=1 om=0.00404573 lt=3
[ACTIVE] [RED] LeadPredict dist=1600.3 dV=-10.7518 thr=1 om=0.000385544 lt=3
[ACTIVE] [RED] LeadPredict dist=2751.33 dV=-24.4359 thr=0.894203 om=0.00105286 lt=3
[ACTIVE] [RED] LeadPredict dist=5642.79 dV=-21.0406 thr=1 om=0.000860883 lt=3
[ACTIVE] [RED] LeadPredict dist=6982.23 dV=-29.8375 thr=1 om=0.000570359 lt=3
[ACTIVE] [RED] LeadPredict dist=7119.54 dV=-49.9521 thr=1 om=0.00044161 lt=3
[ACTIVE] [RED] LeadPredict dist=7275.05 dV=-42.1326 thr=1 om=0.000369795 lt=3
[DUTY] team=1 ticks=2400 v27종말조준=0% v21뱅크예측=0% v17궤도조건=0% v17슬롯적용=0% 상승클램프=0% 강하클램프=0% v23b조건=2.25% v23b실제적용=2.25%
[ACTIVE] [RED] LeadPredict dist=7445.5 dV=-39.6633 thr=1 om=0.000297937 lt=3
[ACTIVE] [RED] LeadPredict dist=7607.4 dV=-28.2428 thr=1 om=0.000272955 lt=3
[ACTIVE] [RED] LeadPredict dist=7695.17 dV=-18.3655 thr=1 om=0.000226666 lt=3
[ACTIVE] [RED] LeadPredict dist=7764.57 dV=-10.4946 thr=1 om=0.000189918 lt=3
[ACTIVE] [RED] LeadPredict dist=7774.76 dV=-2.10922 thr=1 om=0.000163219 lt=3
[ACTIVE] [RED] LeadPredict dist=7758.78 dV=10.5974 thr=1 om=0.000150291 lt=3
[ACTIVE] [RED] LeadPredict dist=7681.72 dV=13.3755 thr=1 om=0.00013779 lt=3
[ACTIVE] [RED] LeadPredict dist=7569.86 dV=18.417 thr=1 om=0.000105284 lt=3
[ACTIVE] [RED] LeadPredict dist=7426.09 dV=25.4648 thr=1 om=0.000114066 lt=3
[ACTIVE] [RED] LeadPredict dist=7254.35 dV=34.1074 thr=1 om=8.25822e-05 lt=3
[DUTY] team=1 ticks=3000 v27종말조준=0% v21뱅크예측=0% v17궤도조건=0% v17슬롯적용=0% 상승클램프=0% 강하클램프=0% v23b조건=1.8% v23b실제적용=1.8%
[ACTIVE] [RED] LeadPredict dist=7053.55 dV=39.3547 thr=1 om=9.33785e-05 lt=3
[ACTIVE] [RED] LeadPredict dist=6831.85 dV=43.6245 thr=1 om=9.35523e-05 lt=3
[ACTIVE] [RED] LeadPredict dist=6607.13 dV=33.1814 thr=1 om=7.29787e-05 lt=3
[ACTIVE] [RED] LeadPredict dist=6381.55 dV=37.6056 thr=1 om=7.29669e-05 lt=3
[ACTIVE] [RED] LeadPredict dist=6183.67 dV=35.0848 thr=1 om=6.5289e-05 lt=3
[ACTIVE] [RED] LeadPredict dist=5962.17 dV=30.9178 thr=1 om=6.52599e-05 lt=3
[ACTIVE] [RED] LeadPredict dist=5756.09 dV=41.2066 thr=1 om=6.52639e-05 lt=3
[ACTIVE] [RED] LeadPredict dist=5550.45 dV=32.4097 thr=1 om=6.01794e-05 lt=3
[ACTIVE] [RED] LeadPredict dist=5327.21 dV=35.6507 thr=1 om=6.01591e-05 lt=3
[ACTIVE] [RED] LeadPredict dist=5130.28 dV=39.3032 thr=1 om=6.03977e-05 lt=3
[DUTY] team=1 ticks=3600 v27종말조준=0% v21뱅크예측=0% v17궤도조건=0% v17슬롯적용=0% 상승클램프=0% 강하클램프=0% v23b조건=1.5% v23b실제적용=1.5%
[ACTIVE] [RED] LeadPredict dist=4908.35 dV=31.7409 thr=1 om=6.01597e-05 lt=3
[ACTIVE] [RED] LeadPredict dist=4687.92 dV=39.509 thr=1 om=6.01823e-05 lt=3
[ACTIVE] [RED] LeadPredict dist=4481.52 dV=36.1651 thr=1 om=5.85976e-05 lt=3
[ACTIVE] [RED] LeadPredict dist=4250.37 dV=33.4386 thr=1 om=7.28499e-05 lt=3
[ACTIVE] [RED] LeadPredict dist=4034.45 dV=43.5731 thr=1 om=7.45417e-05 lt=3
[ACTIVE] [RED] LeadPredict dist=3814.22 dV=34.9305 thr=1 om=7.30759e-05 lt=3
runner:local/env:0	num_steps=[11999] | total rewards=[-119.9900] | termination= [max time out]
[seed 1] reward=  -119.99 ownHP=1.0000 tgtHP=1.0000 max time out
total: 2
[ACTIVE] [RED] LeadPredict dist=3857.57 dV=0.102905 thr=1 om=0.00696951 lt=3
[ACTIVE] [RED] LeadPredict dist=1314.43 dV=-3.85828 thr=0.749669 om=0.000472882 lt=3
[ACTIVE] [RED] LeadPredict dist=2685.69 dV=1.08032 thr=0.844182 om=0.00100559 lt=3
[ACTIVE] [RED] LeadPredict dist=3855.61 dV=1.64621 thr=1 om=0.000934943 lt=3
[DUTY] team=1 ticks=4200 v27종말조준=0% v21뱅크예측=0% v17궤도조건=0% v17슬롯적용=0% 상승클램프=0% 강하클램프=2.21429% v23b조건=3.38095% v23b실제적용=3.38095%
[ACTIVE] [RED] LeadPredict dist=3816 dV=-17.9025 thr=1 om=0.000645135 lt=3
[ACTIVE] [RED] LeadPredict dist=3796.33 dV=-16.9251 thr=1 om=0.000471098 lt=3
[ACTIVE] [RED] LeadPredict dist=3812.24 dV=-10.8547 thr=1 om=0.000384259 lt=3
[ACTIVE] [RED] LeadPredict dist=3824.91 dV=1.08032 thr=1 om=0.000326559 lt=3
[ACTIVE] [RED] LeadPredict dist=3792.79 dV=5.29874 thr=1 om=0.00028356 lt=3
[ACTIVE] [RED] LeadPredict dist=3725 dV=18.5713 thr=1 om=0.000226743 lt=3
[ACTIVE] [RED] LeadPredict dist=3599 dV=23.7671 thr=1 om=0.000198699 lt=3
[ACTIVE] [RED] LeadPredict dist=3436.57 dV=31.1751 thr=1 om=0.000170988 lt=3
[ACTIVE] [RED] LeadPredict dist=3224.84 dV=40.0234 thr=1 om=0.000157299 lt=3
[ACTIVE] [RED] LeadPredict dist=2947.34 dV=54.3249 thr=1 om=0.000143822 lt=3
[DUTY] team=1 ticks=4800 v27종말조준=0% v21뱅크예측=0% v17궤도조건=0% v17슬롯적용=0% 상승클램프=0% 강하클램프=1.9375% v23b조건=2.95833% v23b실제적용=2.95833%
[ACTIVE] [RED] LeadPredict dist=2618.86 dV=61.9386 thr=1 om=0.000125661 lt=3
[ACTIVE] [RED] LeadPredict dist=2266.58 dV=65.1795 thr=1 om=0.000105272 lt=3
[ACTIVE] [RED] LeadPredict dist=1917.67 dV=53.7075 thr=1 om=0.000103292 lt=3
[ACTIVE] [RED] LeadPredict dist=1576.32 dV=55.4566 thr=1 om=8.2553e-05 lt=3
[ACTIVE] [RED] LeadPredict dist=1272.56 dV=57.1029 thr=1 om=9.33913e-05 lt=2.45041
[ACTIVE] [RED] LeadPredict dist=949.037 dV=58.6976 thr=1 om=8.51999e-05 lt=1.81289
[ACTIVE] [RED] LeadPredict dist=648.253 dV=47.0198 thr=0.567999 om=7.86935e-05 lt=0.530072
runner:local/env:0	num_steps=[7476] | total rewards=[365.9781] | termination= [target destroyed]
[seed 2] reward=   365.98 ownHP=1.0000 tgtHP=-0.0072 target destroyed
total: 2
[ACTIVE] [RED] LeadPredict dist=3761.53 dV=-0.41153 thr=1 om=0.00474624 lt=3
[ACTIVE] [RED] LeadPredict dist=1826.08 dV=2.36642 thr=0.70463 om=0.000203332 lt=3
[ACTIVE] [RED] LeadPredict dist=2930.85 dV=16.7707 thr=1 om=0.00106428 lt=3
[DUTY] team=1 ticks=5400 v27종말조준=1.48148% v21뱅크예측=0% v17궤도조건=0% v17슬롯적용=0% 상승클램프=0% 강하클램프=4.09259% v23b조건=3.96296% v23b실제적용=3.96296%
[ACTIVE] [RED] LeadPredict dist=3785.3 dV=14.4557 thr=1 om=0.000876551 lt=3
[ACTIVE] [RED] LeadPredict dist=3675.77 dV=-6.79059 thr=1 om=0.000601739 lt=3
[ACTIVE] [RED] LeadPredict dist=3637.44 dV=-4.32132 thr=1 om=0.000442161 lt=3
[ACTIVE] [RED] LeadPredict dist=3613.93 dV=6.48193 thr=1 om=0.000384298 lt=3
[ACTIVE] [RED] LeadPredict dist=3571.13 dV=6.12183 thr=1 om=0.000312257 lt=3
[ACTIVE] [RED] LeadPredict dist=3498.19 dV=13.7356 thr=1 om=0.00025495 lt=3
[ACTIVE] [RED] LeadPredict dist=3398.04 dV=24.9503 thr=1 om=0.000212622 lt=3
[ACTIVE] [RED] LeadPredict dist=3250.99 dV=27.0596 thr=1 om=0.000203474 lt=3
[ACTIVE] [RED] LeadPredict dist=3063.69 dV=32.6155 thr=1 om=0.000170924 lt=3
[ACTIVE] [RED] LeadPredict dist=2843.2 dV=37.2455 thr=1 om=0.000143885 lt=3
[DUTY] team=1 ticks=6000 v27종말조준=1.33333% v21뱅크예측=0% v17궤도조건=0% v17슬롯적용=0% 상승클램프=0% 강하클램프=3.68333% v23b조건=3.56667% v23b실제적용=3.56667%
[ACTIVE] [RED] LeadPredict dist=2593.19 dV=42.6985 thr=1 om=0.000137752 lt=3
[ACTIVE] [RED] LeadPredict dist=2324.51 dV=47.0198 thr=1 om=0.000125645 lt=3
[ACTIVE] [RED] LeadPredict dist=2075.87 dV=42.287 thr=1 om=0.000105296 lt=3
[ACTIVE] [RED] LeadPredict dist=1814.28 dV=37.8628 thr=1 om=0.000103276 lt=3
[ACTIVE] [RED] LeadPredict dist=1575.77 dV=46.6597 thr=1 om=9.35738e-05 lt=3
[ACTIVE] [RED] LeadPredict dist=1313.18 dV=49.0776 thr=1 om=8.25867e-05 lt=2.5652
[ACTIVE] [RED] LeadPredict dist=1063.11 dV=40.4864 thr=1 om=7.30034e-05 lt=2.10164
[ACTIVE] [RED] LeadPredict dist=798.412 dV=45.9395 thr=0.792 om=7.87062e-05 lt=0.175744
runner:local/env:0	num_steps=[7651] | total rewards=[404.4130] | termination= [target destroyed]
[seed 3] reward=   404.41 ownHP=1.0000 tgtHP=-0.0058 target destroyed
total: 2
[ACTIVE] [RED] LeadPredict dist=3237.94 dV=3.13809 thr=1 om=0.00758696 lt=3
[ACTIVE] [RED] LeadPredict dist=1227.59 dV=6.07037 thr=1 om=0.000570169 lt=3
[DUTY] team=1 ticks=6600 v27종말조준=2.24242% v21뱅크예측=0% v17궤도조건=0% v17슬롯적용=0% 상승클램프=0% 강하클램프=4.28788% v23b조건=3.24242% v23b실제적용=3.24242%
[ACTIVE] [RED] LeadPredict dist=2101.3 dV=16.3592 thr=0.587878 om=0.00102093 lt=3
[ACTIVE] [RED] LeadPredict dist=3246.76 dV=5.0415 thr=1 om=0.00091896 lt=3
[ACTIVE] [RED] LeadPredict dist=2774.92 dV=-31.4323 thr=1 om=0.000630366 lt=3
[ACTIVE] [RED] LeadPredict dist=2620.98 dV=-40.7951 thr=1 om=0.000485479 lt=3
[ACTIVE] [RED] LeadPredict dist=2736.7 dV=-36.0623 thr=1 om=0.000384345 lt=3
[ACTIVE] [RED] LeadPredict dist=2885.28 dV=-25.6191 thr=1 om=0.000312258 lt=3
[ACTIVE] [RED] LeadPredict dist=2983.94 dV=-7.71661 thr=1 om=0.00026938 lt=3
[ACTIVE] [RED] LeadPredict dist=3021.68 dV=-4.42416 thr=1 om=0.000244821 lt=3
[ACTIVE] [RED] LeadPredict dist=3012.02 dV=3.85831 thr=1 om=0.000198664 lt=3
[ACTIVE] [RED] LeadPredict dist=2956.65 dV=15.9476 thr=1 om=0.000170965 lt=3
[DUTY] team=1 ticks=7200 v27종말조준=2.05556% v21뱅크예측=0% v17궤도조건=0% v17슬롯적용=0% 상승클램프=0% 강하클램프=3.93056% v23b조건=3.84722% v23b실제적용=3.84722%
[ACTIVE] [RED] LeadPredict dist=2857.59 dV=22.5839 thr=1 om=0.000143805 lt=3
[ACTIVE] [RED] LeadPredict dist=2712.85 dV=26.4422 thr=1 om=0.000130603 lt=3
[ACTIVE] [RED] LeadPredict dist=2532.23 dV=31.278 thr=1 om=0.000117718 lt=3
[ACTIVE] [RED] LeadPredict dist=2322.98 dV=35.8565 thr=1 om=0.000103165 lt=3
[ACTIVE] [RED] LeadPredict dist=2091.35 dV=34.3132 thr=1 om=9.34528e-05 lt=3
[ACTIVE] [RED] LeadPredict dist=1881.78 dV=42.3899 thr=1 om=9.34048e-05 lt=3
[ACTIVE] [RED] LeadPredict dist=1644.54 dV=45.4765 thr=1 om=8.52e-05 lt=3
[ACTIVE] [RED] LeadPredict dist=1410.29 dV=36.4738 thr=1 om=8.52018e-05 lt=2.81285
[ACTIVE] [RED] LeadPredict dist=1170.51 dV=36.3709 thr=1 om=7.29693e-05 lt=2.3246
[ACTIVE] [RED] LeadPredict dist=956.411 dV=42.5442 thr=1 om=6.52825e-05 lt=1.86904
[DUTY] team=1 ticks=7800 v27종말조준=1.89744% v21뱅크예측=0% v17궤도조건=0% v17슬롯적용=0% 상승클램프=0% 강하클램프=3.62821% v23b조건=3.55128% v23b실제적용=3.55128%
[ACTIVE] [RED] LeadPredict dist=701.856 dV=43.7788 thr=0.591999 om=6.54607e-05 lt=0
runner:local/env:0	num_steps=[8174] | total rewards=[470.6544] | termination= [target destroyed]
[seed 4] reward=   470.65 ownHP=1.0000 tgtHP=-0.0021 target destroyed
total: 2
[ACTIVE] [RED] LeadPredict dist=2439.2 dV=6.48196 thr=0.762787 om=0.00417063 lt=3
[ACTIVE] [RED] LeadPredict dist=1036.36 dV=11.6778 thr=0.658716 om=0.000356529 lt=3
[ACTIVE] [RED] LeadPredict dist=1155.31 dV=-4.57852 thr=0.658716 om=0.00104839 lt=3
[ACTIVE] [RED] LeadPredict dist=1661.99 dV=-37.657 thr=0.738956 om=0.000862305 lt=3
[ACTIVE] [RED] LeadPredict dist=1324.7 dV=-56.8971 thr=0.765192 om=0.000586859 lt=3
[ACTIVE] [RED] LeadPredict dist=1520.32 dV=-54.8907 thr=1 om=0.000456631 lt=3
[ACTIVE] [RED] LeadPredict dist=1796.01 dV=-45.7852 thr=1 om=0.000369848 lt=3
[ACTIVE] [RED] LeadPredict dist=2021.18 dV=-33.6444 thr=1 om=0.000312198 lt=3
[ACTIVE] [RED] LeadPredict dist=2188.61 dV=-19.8574 thr=1 om=0.000255124 lt=3
[DUTY] team=1 ticks=8400 v27종말조준=2.61905% v21뱅크예측=0% v17궤도조건=0% v17슬롯적용=0% 상승클램프=0% 강하클램프=4.35714% v23b조건=6.42857% v23b실제적용=6.42857%
[ACTIVE] [RED] LeadPredict dist=2271.92 dV=-10.1345 thr=1 om=0.000230939 lt=3
[ACTIVE] [RED] LeadPredict dist=2294.88 dV=0.771667 thr=1 om=0.000198568 lt=3
[ACTIVE] [RED] LeadPredict dist=2267.23 dV=13.7356 thr=1 om=0.000170931 lt=3
[ACTIVE] [RED] LeadPredict dist=2184.33 dV=17.491 thr=1 om=0.000143836 lt=3
[ACTIVE] [RED] LeadPredict dist=2056.6 dV=23.3041 thr=1 om=0.000130589 lt=3
[ACTIVE] [RED] LeadPredict dist=1892.36 dV=28.9115 thr=1 om=0.000125685 lt=3
[ACTIVE] [RED] LeadPredict dist=1698.32 dV=29.7861 thr=1 om=0.00010539 lt=3
[ACTIVE] [RED] LeadPredict dist=1526.78 dV=36.8339 thr=1 om=0.000103331 lt=3
[ACTIVE] [RED] LeadPredict dist=1316.92 dV=40.1778 thr=1 om=8.2582e-05 lt=2.63121
[ACTIVE] [RED] LeadPredict dist=1096.59 dV=31.4837 thr=1 om=7.29829e-05 lt=2.21721
[DUTY] team=1 ticks=9000 v27종말조준=2.44444% v21뱅크예측=0% v17궤도조건=0% v17슬롯적용=0% 상승클램프=0% 강하클램프=4.06667% v23b조건=6% v23b실제적용=6%
[ACTIVE] [RED] LeadPredict dist=879.82 dV=36.8853 thr=0.92 om=8.50076e-05 lt=0
[ACTIVE] [RED] LeadPredict dist=659.403 dV=34.0045 thr=0.591946 om=8.51805e-05 lt=0
runner:local/env:0	num_steps=[7630] | total rewards=[736.8905] | termination= [target destroyed]
[seed 5] reward=   736.89 ownHP=1.0000 tgtHP=-0.0001 target destroyed
total: 2
[ACTIVE] [RED] LeadPredict dist=2320.14 dV=1.95486 thr=0.796676 om=0.00571587 lt=3
[ACTIVE] [RED] LeadPredict dist=2926.5 dV=6.9964 thr=1 om=0.000125599 lt=3
[ACTIVE] [RED] LeadPredict dist=4742.34 dV=24.0758 thr=1 om=0.00103535 lt=3
[ACTIVE] [RED] LeadPredict dist=5213.99 dV=2.62363 thr=1 om=0.000890188 lt=3
[ACTIVE] [RED] LeadPredict dist=5086.94 dV=-10.0316 thr=1 om=0.000616031 lt=3
[ACTIVE] [RED] LeadPredict dist=5063.83 dV=-9.00272 thr=1 om=0.000456545 lt=3
[ACTIVE] [RED] LeadPredict dist=5069.13 dV=-1.5433 thr=1 om=0.000384234 lt=3
[ACTIVE] [RED] LeadPredict dist=5030.66 dV=3.39532 thr=1 om=0.000312329 lt=3
[DUTY] team=1 ticks=9600 v27종말조준=3.36458% v21뱅크예측=0% v17궤도조건=0% v17슬롯적용=0% 상승클램프=0% 강하클램프=4.52083% v23b조건=6.17708% v23b실제적용=6.17708%
[ACTIVE] [RED] LeadPredict dist=4982.04 dV=9.77435 thr=1 om=0.000269284 lt=3
[ACTIVE] [RED] LeadPredict dist=4890.25 dV=23.7671 thr=1 om=0.000226705 lt=3
[ACTIVE] [RED] LeadPredict dist=4751.68 dV=25.6191 thr=1 om=0.000184755 lt=3
[ACTIVE] [RED] LeadPredict dist=4567.19 dV=32.0496 thr=1 om=0.000176488 lt=3
[ACTIVE] [RED] LeadPredict dist=4348.82 dV=36.9883 thr=1 om=0.000150348 lt=3
[ACTIVE] [RED] LeadPredict dist=4103.7 dV=43.8817 thr=1 om=0.000137666 lt=3
[ACTIVE] [RED] LeadPredict dist=3834.67 dV=48.6146 thr=1 om=0.00011769 lt=3
[ACTIVE] [RED] LeadPredict dist=3582.22 dV=40.898 thr=1 om=0.000113952 lt=3
[ACTIVE] [RED] LeadPredict dist=3315.87 dV=43.5731 thr=1 om=9.3481e-05 lt=3
[ACTIVE] [RED] LeadPredict dist=3031.76 dV=44.5505 thr=1 om=0.000103293 lt=3
[DUTY] team=1 ticks=10200 v27종말조준=3.16667% v21뱅크예측=0% v17궤도조건=0% v17슬롯적용=0% 상승클램프=0% 강하클램프=4.2549% v23b조건=5.81373% v23b실제적용=5.81373%
[ACTIVE] [RED] LeadPredict dist=2777.2 dV=49.9007 thr=1 om=9.35505e-05 lt=3
[ACTIVE] [RED] LeadPredict dist=2512.14 dV=39.4061 thr=1 om=7.29783e-05 lt=3
[ACTIVE] [RED] LeadPredict dist=2251.22 dV=43.676 thr=1 om=7.29895e-05 lt=3
[ACTIVE] [RED] LeadPredict dist=2016.63 dV=42.7499 thr=1 om=6.52831e-05 lt=3
[ACTIVE] [RED] LeadPredict dist=1764.43 dV=36.0108 thr=1 om=6.54523e-05 lt=3
[ACTIVE] [RED] LeadPredict dist=1521.24 dV=42.4413 thr=1 om=6.52587e-05 lt=2.95264
[ACTIVE] [RED] LeadPredict dist=1297.91 dV=39.1489 thr=1 om=6.52744e-05 lt=2.52827
[ACTIVE] [RED] LeadPredict dist=1056.16 dV=33.6958 thr=1 om=6.03813e-05 lt=2.07397
[ACTIVE] [RED] LeadPredict dist=834.475 dV=34.6733 thr=0.84 om=6.0177e-05 lt=0
[ACTIVE] [RED] LeadPredict dist=651.703 dV=26.3908 thr=0.683311 om=6.01782e-05 lt=0
[DUTY] team=1 ticks=10800 v27종말조준=3.73148% v21뱅크예측=0% v17궤도조건=0% v17슬롯적용=0% 상승클램프=0% 강하클램프=4.01852% v23b조건=5.49074% v23b실제적용=5.49074%
runner:local/env:0	num_steps=[10003] | total rewards=[445.9273] | termination= [target destroyed]
[seed 6] reward=   445.93 ownHP=1.0000 tgtHP=-0.0027 target destroyed
total: 2
[ACTIVE] [RED] LeadPredict dist=1463.71 dV=-3.03519 thr=0.803235 om=0.00415703 lt=3
[ACTIVE] [RED] LeadPredict dist=556.839 dV=-21.6065 thr=0.800174 om=0.000356393 lt=1.8137
[ACTIVE] [RED] LeadPredict dist=1007.07 dV=-39.6633 thr=0.807827 om=0.00105171 lt=3
[ACTIVE] [RED] LeadPredict dist=1083.12 dV=-37.3484 thr=1 om=0.000863691 lt=3
[ACTIVE] [RED] LeadPredict dist=1256.9 dV=-27.5226 thr=1 om=0.000587386 lt=3
[ACTIVE] [RED] LeadPredict dist=1396.01 dV=-18.9828 thr=1 om=0.000456696 lt=3
[ACTIVE] [RED] LeadPredict dist=1473.18 dV=-8.5397 thr=1 om=0.00036986 lt=3
[ACTIVE] [RED] LeadPredict dist=1496.17 dV=1.54333 thr=1 om=0.000312251 lt=3
[ACTIVE] [RED] LeadPredict dist=1456.85 dV=10.9576 thr=1 om=0.00025506 lt=3
[ACTIVE] [RED] LeadPredict dist=1365.1 dV=19.8574 thr=1 om=0.000230903 lt=3
[DUTY] team=1 ticks=11400 v27종말조준=3.7193% v21뱅크예측=0% v17궤도조건=0% v17슬롯적용=0% 상승클램프=0% 강하클램프=3.80702% v23b조건=6.78947% v23b실제적용=6.78947%
[ACTIVE] [RED] LeadPredict dist=1222.6 dV=27.6769 thr=1 om=0.000198657 lt=2.68508
[ACTIVE] [RED] LeadPredict dist=1033.15 dV=35.3935 thr=1 om=0.000170944 lt=2.20088
[ACTIVE] [RED] LeadPredict dist=802.673 dV=40.1778 thr=0.776 om=0.000143809 lt=0
runner:local/env:0	num_steps=[4756] | total rewards=[695.3289] | termination= [target destroyed]
[seed 7] reward=   695.33 ownHP=1.0000 tgtHP=-0.0006 target destroyed
total: 2
[ACTIVE] [RED] LeadPredict dist=1495.03 dV=0.82309 thr=0.802798 om=0.00586398 lt=3
[ACTIVE] [RED] LeadPredict dist=504.5 dV=-1.44043 thr=0.96 om=0.000162677 lt=1.56084
[ACTIVE] [RED] LeadPredict dist=1249.15 dV=-25.9278 thr=0.763225 om=0.00103585 lt=3
[ACTIVE] [RED] LeadPredict dist=1008.69 dV=-47.3285 thr=0.792741 om=0.000907235 lt=3
[ACTIVE] [RED] LeadPredict dist=918.753 dV=-53.5018 thr=0.980002 om=0.000616109 lt=2.9082
[ACTIVE] [RED] LeadPredict dist=1176.7 dV=-44.2419 thr=1 om=0.000471027 lt=3
[ACTIVE] [RED] LeadPredict dist=1394.59 dV=-31.0207 thr=1 om=0.000384221 lt=3
[DUTY] team=1 ticks=12000 v27종말조준=4.05% v21뱅크예측=0% v17궤도조건=0% v17슬롯적용=0% 상승클램프=0% 강하클램프=3.775% v23b조건=8.41667% v23b실제적용=8.41667%
[ACTIVE] [RED] LeadPredict dist=1546.46 dV=-19.0343 thr=1 om=0.00031224 lt=3
[ACTIVE] [RED] LeadPredict dist=1632.76 dV=-9.77438 thr=1 om=0.000272917 lt=3
[ACTIVE] [RED] LeadPredict dist=1655.26 dV=1.9549 thr=1 om=0.000226725 lt=3
[ACTIVE] [RED] LeadPredict dist=1617.56 dV=10.8547 thr=1 om=0.000189941 lt=3
[ACTIVE] [RED] LeadPredict dist=1524.11 dV=20.0117 thr=1 om=0.000170971 lt=3
[ACTIVE] [RED] LeadPredict dist=1379.92 dV=28.3456 thr=1 om=0.000143813 lt=2.95481
[ACTIVE] [RED] LeadPredict dist=1188.33 dV=35.7021 thr=1 om=0.000150292 lt=2.47743
[ACTIVE] [RED] LeadPredict dist=955.089 dV=42.4413 thr=1 om=0.000125656 lt=1.94486
[ACTIVE] [RED] LeadPredict dist=674.25 dV=47.8943 thr=0.591999 om=9.34657e-05 lt=0
runner:local/env:0	num_steps=[5824] | total rewards=[765.2850] | termination= [target destroyed]
[seed 8] reward=   765.29 ownHP=1.0000 tgtHP=-0.0038 target destroyed
total: 2
[ACTIVE] [RED] LeadPredict dist=2551.55 dV=1.1832 thr=1 om=0.00957985 lt=3
[DUTY] team=1 ticks=12600 v27종말조준=4.61905% v21뱅크예측=0% v17궤도조건=0% v17슬롯적용=0% 상승클램프=0% 강하클램프=3.71429% v23b조건=8.01587% v23b실제적용=8.01587%
[ACTIVE] [RED] LeadPredict dist=1911.13 dV=-2.05774 thr=0.748795 om=0.000760543 lt=3
[ACTIVE] [RED] LeadPredict dist=3685.21 dV=11.0605 thr=1 om=0.000990803 lt=3
[ACTIVE] [RED] LeadPredict dist=4348 dV=4.26987 thr=1 om=0.000949149 lt=3
[ACTIVE] [RED] LeadPredict dist=4228.49 dV=-7.97382 thr=1 om=0.000675713 lt=3
[ACTIVE] [RED] LeadPredict dist=4183.12 dV=-0.0514221 thr=1 om=0.000485479 lt=3
[ACTIVE] [RED] LeadPredict dist=4143.39 dV=1.23465 thr=1 om=0.000384232 lt=3
[ACTIVE] [RED] LeadPredict dist=4080.19 dV=11.7292 thr=1 om=0.000329505 lt=3
[ACTIVE] [RED] LeadPredict dist=3983.53 dV=17.9539 thr=1 om=0.000272858 lt=3
[ACTIVE] [RED] LeadPredict dist=3839.77 dV=26.9052 thr=1 om=0.000240803 lt=3
[ACTIVE] [RED] LeadPredict dist=3661.11 dV=34.0559 thr=1 om=0.000217191 lt=3
[DUTY] team=1 ticks=13200 v27종말조준=4.40909% v21뱅크예측=0% v17궤도조건=0% v17슬롯적용=0% 상승클램프=0% 강하클램프=4.12121% v23b조건=8.24242% v23b실제적용=8.24242%
[ACTIVE] [RED] LeadPredict dist=3438.11 dV=38.5316 thr=1 om=0.0001709 lt=3
[ACTIVE] [RED] LeadPredict dist=3186.35 dV=42.5956 thr=1 om=0.000157248 lt=3
[ACTIVE] [RED] LeadPredict dist=2907.56 dV=45.888 thr=1 om=0.000130666 lt=3
[ACTIVE] [RED] LeadPredict dist=2610.9 dV=48.5631 thr=1 om=0.000125627 lt=3
[ACTIVE] [RED] LeadPredict dist=2346.23 dV=47.1741 thr=1 om=0.00010529 lt=3
[ACTIVE] [RED] LeadPredict dist=2058.36 dV=49.6434 thr=1 om=0.000103298 lt=3
[ACTIVE] [RED] LeadPredict dist=1766.4 dV=42.6985 thr=1 om=8.25821e-05 lt=3
[ACTIVE] [RED] LeadPredict dist=1486.85 dV=47.9458 thr=1 om=8.25822e-05 lt=2.91559
[ACTIVE] [RED] LeadPredict dist=1232.39 dV=43.8817 thr=1 om=8.51984e-05 lt=2.42371
[ACTIVE] [RED] LeadPredict dist=966.561 dV=37.4512 thr=1 om=7.8689e-05 lt=1.91642
[DUTY] team=1 ticks=13800 v27종말조준=4.21739% v21뱅크예측=0% v17궤도조건=0% v17슬롯적용=0% 상승클램프=0% 강하클램프=3.94203% v23b조건=7.88406% v23b실제적용=7.88406%
[ACTIVE] [RED] LeadPredict dist=725.616 dV=42.0812 thr=0.623999 om=8.52032e-05 lt=0.508471
runner:local/env:0	num_steps=[7850] | total rewards=[405.4765] | termination= [target destroyed]
[seed 9] reward=   405.48 ownHP=1.0000 tgtHP=-0.0066 target destroyed
total: 2
[ACTIVE] [RED] LeadPredict dist=749.69 dV=-3.7554 thr=0.822257 om=0.0058556 lt=2.48388
[ACTIVE] [RED] LeadPredict dist=2837.46 dV=-8.28247 thr=1 om=0.000162569 lt=3
[ACTIVE] [RED] LeadPredict dist=4231.45 dV=-3.03522 thr=1 om=0.00103523 lt=3
[ACTIVE] [RED] LeadPredict dist=4270.34 dV=-19.2401 thr=1 om=0.000907602 lt=3
[ACTIVE] [RED] LeadPredict dist=4157.92 dV=-22.018 thr=1 om=0.000615967 lt=3
[ACTIVE] [RED] LeadPredict dist=4176.08 dV=-18.2112 thr=1 om=0.000470927 lt=3
[ACTIVE] [RED] LeadPredict dist=4203.27 dV=-10.7003 thr=1 om=0.000384272 lt=3
[ACTIVE] [RED] LeadPredict dist=4220.63 dV=0.925995 thr=1 om=0.000312261 lt=3
[ACTIVE] [RED] LeadPredict dist=4191.79 dV=4.99005 thr=1 om=0.000272863 lt=3
[DUTY] team=1 ticks=14400 v27종말조준=4.60417% v21뱅크예측=0% v17궤도조건=0% v17슬롯적용=0% 상승클램프=0% 강하클램프=3.79167% v23b조건=8.08333% v23b실제적용=8.08333%
[ACTIVE] [RED] LeadPredict dist=4136.1 dV=12.2437 thr=1 om=0.00022676 lt=3
[ACTIVE] [RED] LeadPredict dist=4023.43 dV=23.9729 thr=1 om=0.000189848 lt=3
[ACTIVE] [RED] LeadPredict dist=3861.36 dV=30.9178 thr=1 om=0.00017093 lt=3
[ACTIVE] [RED] LeadPredict dist=3656.18 dV=35.4449 thr=1 om=0.000143775 lt=3
[ACTIVE] [RED] LeadPredict dist=3419.08 dV=40.6922 thr=1 om=0.000150223 lt=3
[ACTIVE] [RED] LeadPredict dist=3151.99 dV=45.7337 thr=1 om=0.000125635 lt=3
[ACTIVE] [RED] LeadPredict dist=2864.12 dV=49.5406 thr=1 om=9.3473e-05 lt=3
[ACTIVE] [RED] LeadPredict dist=2600.96 dV=45.1164 thr=1 om=0.000103156 lt=3
[ACTIVE] [RED] LeadPredict dist=2323.6 dV=39.972 thr=1 om=9.35241e-05 lt=3
[ACTIVE] [RED] LeadPredict dist=2068.99 dV=48.203 thr=1 om=7.29948e-05 lt=3
[DUTY] team=1 ticks=15000 v27종말조준=4.42% v21뱅크예측=0% v17궤도조건=0% v17슬롯적용=0% 상승클램프=0% 강하클램프=3.64% v23b조건=7.76% v23b실제적용=7.76%
[ACTIVE] [RED] LeadPredict dist=1821.63 dV=40.0749 thr=1 om=8.51958e-05 lt=3
[ACTIVE] [RED] LeadPredict dist=1564.13 dV=38.9946 thr=1 om=8.51855e-05 lt=3
[ACTIVE] [RED] LeadPredict dist=1331.12 dV=45.6823 thr=1 om=8.50148e-05 lt=2.58468
[ACTIVE] [RED] LeadPredict dist=1098.21 dV=36.8339 thr=1 om=7.86853e-05 lt=2.162
[ACTIVE] [RED] LeadPredict dist=857.629 dV=40.6408 thr=0.88 om=7.86898e-05 lt=0.12024
[ACTIVE] [RED] LeadPredict dist=612.179 dV=36.8853 thr=0.557376 om=7.84971e-05 lt=0
runner:local/env:0	num_steps=[8944] | total rewards=[450.3689] | termination= [target destroyed]
[seed 10] reward=   450.37 ownHP=1.0000 tgtHP=-0.0060 target destroyed
total: 2
[ACTIVE] [RED] LeadPredict dist=2414.66 dV=-12.0893 thr=0.846963 om=0.00463976 lt=3
[ACTIVE] [RED] LeadPredict dist=1507.92 dV=-38.8917 thr=1 om=0.000230227 lt=3
[ACTIVE] [RED] LeadPredict dist=370.226 dV=-63.1732 thr=1 om=0.00106551 lt=1.31144
[ACTIVE] [RED] LeadPredict dist=739.19 dV=-52.4214 thr=1 om=0.000878668 lt=0
[DUTY] team=1 ticks=15600 v27종말조준=5.28205% v21뱅크예측=0% v17궤도조건=0% v17슬롯적용=0% 상승클램프=0% 강하클램프=3.5% v23b조건=8.01282% v23b실제적용=8.01282%
runner:local/env:0	num_steps=[1294] | total rewards=[198.5416] | termination= [target destroyed]
[seed 11] reward=   198.54 ownHP=1.0000 tgtHP=-0.0010 target destroyed
total: 2
[ACTIVE] [RED] LeadPredict dist=4489.23 dV=-9.82581 thr=1 om=0.00209864 lt=3
[ACTIVE] [RED] LeadPredict dist=4236.16 dV=-15.8448 thr=1 om=0.000803637 lt=3
[ACTIVE] [RED] LeadPredict dist=2963.57 dV=-29.1173 thr=1 om=0.000990236 lt=3
[ACTIVE] [RED] LeadPredict dist=2342.6 dV=-32.9756 thr=0.975942 om=0.000745982 lt=3
[ACTIVE] [RED] LeadPredict dist=2272.58 dV=-25.6191 thr=1 om=0.000528748 lt=3
[ACTIVE] [RED] LeadPredict dist=2325.48 dV=-13.8899 thr=1 om=0.000413239 lt=3
[ACTIVE] [RED] LeadPredict dist=2351.34 dV=-1.90344 thr=1 om=0.000340996 lt=3
[ACTIVE] [RED] LeadPredict dist=2323.41 dV=7.92236 thr=1 om=0.000283661 lt=3
[ACTIVE] [RED] LeadPredict dist=2246.03 dV=16.8736 thr=1 om=0.000240802 lt=3
[ACTIVE] [RED] LeadPredict dist=2118.55 dV=25.2076 thr=1 om=0.000212646 lt=3
[DUTY] team=1 ticks=16200 v27종말조준=5.09259% v21뱅크예측=0% v17궤도조건=0% v17슬롯적용=0% 상승클램프=0% 강하클램프=3.37037% v23b조건=7.81481% v23b실제적용=7.81481%
[ACTIVE] [RED] LeadPredict dist=1944.72 dV=32.9756 thr=1 om=0.000176377 lt=3
[ACTIVE] [RED] LeadPredict dist=1726.37 dV=40.1263 thr=1 om=0.000176502 lt=3
[ACTIVE] [RED] LeadPredict dist=1465.81 dV=46.9169 thr=1 om=0.000150391 lt=3
[ACTIVE] [RED] LeadPredict dist=1167.85 dV=52.833 thr=1 om=0.000137795 lt=2.33818
[ACTIVE] [RED] LeadPredict dist=820.451 dV=61.6299 thr=0.88 om=0.000105371 lt=0
[ACTIVE] [RED] LeadPredict dist=497.094 dV=43.5731 thr=0.55 om=0.000114025 lt=0.159282
runner:local/env:0	num_steps=[5878] | total rewards=[559.3061] | termination= [target destroyed]
[seed 12] reward=   559.31 ownHP=1.0000 tgtHP=-0.0084 target destroyed
total: 2
[ACTIVE] [RED] LeadPredict dist=3932.58 dV=-3.39529 thr=1 om=0.00415552 lt=3
[ACTIVE] [RED] LeadPredict dist=3366.6 dV=-8.4368 thr=1 om=0.000356522 lt=3
[ACTIVE] [RED] LeadPredict dist=3162.16 dV=2.82941 thr=1 om=0.00105168 lt=3
[ACTIVE] [RED] LeadPredict dist=3021.68 dV=15.7419 thr=1 om=0.000863579 lt=3
[DUTY] team=1 ticks=16800 v27종말조준=5.48214% v21뱅크예측=0% v17궤도조건=0% v17슬롯적용=0% 상승클램프=0% 강하클램프=3.74405% v23b조건=7.53571% v23b실제적용=7.53571%
[ACTIVE] [RED] LeadPredict dist=2860.55 dV=27.0081 thr=1 om=0.000587064 lt=3
[ACTIVE] [RED] LeadPredict dist=2655.9 dV=36.8339 thr=1 om=0.000456402 lt=3
[ACTIVE] [RED] LeadPredict dist=2405.77 dV=45.0135 thr=1 om=0.000369859 lt=3
[ACTIVE] [RED] LeadPredict dist=2112.48 dV=52.1128 thr=1 om=0.000312166 lt=3
[ACTIVE] [RED] LeadPredict dist=1782.74 dV=57.9774 thr=1 om=0.000254998 lt=3
[ACTIVE] [RED] LeadPredict dist=1419.97 dV=63.2761 thr=1 om=0.000230958 lt=2.93485
[ACTIVE] [RED] LeadPredict dist=1026.6 dV=68.3691 thr=1 om=0.000198643 lt=2.06967
[ACTIVE] [RED] LeadPredict dist=608.429 dV=69.0378 thr=0.647999 om=0.000170892 lt=0.0104214
runner:local/env:0	num_steps=[4470] | total rewards=[415.8943] | termination= [target destroyed]
[seed 13] reward=   415.89 ownHP=1.0000 tgtHP=-0.0119 target destroyed
total: 2
[ACTIVE] [RED] LeadPredict dist=5475.3 dV=1.54333 thr=1 om=0.0106741 lt=3
[ACTIVE] [RED] LeadPredict dist=4482.26 dV=-4.01263 thr=1 om=0.000818584 lt=3
[DUTY] team=1 ticks=17400 v27종말조준=5.81034% v21뱅크예측=0% v17궤도조건=0% v17슬롯적용=0% 상승클램프=0% 강하클램프=4.04023% v23b조건=7.27586% v23b실제적용=7.27586%
[ACTIVE] [RED] LeadPredict dist=2848.51 dV=1.74908 thr=1 om=0.000977259 lt=3
[ACTIVE] [RED] LeadPredict dist=1939.74 dV=4.9386 thr=0.582631 om=0.000933722 lt=3
[ACTIVE] [RED] LeadPredict dist=1657.78 dV=13.2726 thr=1 om=0.000673989 lt=3
[ACTIVE] [RED] LeadPredict dist=1499.1 dV=24.8989 thr=1 om=0.000485333 lt=3
[ACTIVE] [RED] LeadPredict dist=1309.24 dV=35.1877 thr=1 om=0.000398647 lt=3
[ACTIVE] [RED] LeadPredict dist=1070.35 dV=43.4702 thr=1 om=0.000326626 lt=2.41258
[ACTIVE] [RED] LeadPredict dist=793.395 dV=47.4828 thr=0.792 om=0.000283536 lt=0
[ACTIVE] [RED] LeadPredict dist=539.643 dV=33.2843 thr=0.600589 om=0.000244698 lt=0
runner:local/env:0	num_steps=[3462] | total rewards=[466.8608] | termination= [target destroyed]
[seed 14] reward=   466.86 ownHP=1.0000 tgtHP=-0.0004 target destroyed
Remove Space Complete.

[rehearsal own_rep=6 tgt_rep=6 seeds=15]
SUMMARY dealt=13.0564 taken=0.0000 mean_reward=417.94
tacview log saved (last episode)

=== 諛곗튂 E �셿猷� ===
