########## dtfix_orbit vs AIP_kwon.dll ##########


     JSBSim Flight Dynamics Model v1.0.0 May 27 2026 16:13:38
            [JSBSim-ML v2.0]

JSBSim startup beginning ...

total: 2
Behavior Tree Initialized Successfully
Behavior Tree Initialized Successfully
[ACTIVE] [RED] LeadPredict dist=3832.3 dV=-6.84207 thr=1 om=0.321063 lt=3
[ACTIVE] [RED] LeadPredict dist=2780.22 dV=-7.2536 thr=1 om=0.11947 lt=3
[ACTIVE] [RED] LeadPredict dist=1840.83 dV=-35.8564 thr=0.580444 om=1.3228 lt=3
[ACTIVE] [RED] LeadPredict dist=2005.78 dV=-29.426 thr=0.562953 om=4.72345 lt=3
[ACTIVE] [RED] LeadPredict dist=1925.1 dV=-29.7346 thr=1 om=1.08517 lt=3
[ACTIVE] [RED] LeadPredict dist=1809.2 dV=-75.8285 thr=1 om=1.3286 lt=3
[ACTIVE] [RED] LeadPredict dist=668.706 dV=-52.7815 thr=1 om=0.394951 lt=2.85247
[ACTIVE] [RED] LeadPredict dist=2003.05 dV=46.1453 thr=1 om=1.43775 lt=3
[ACTIVE] [RED] LeadPredict dist=2253.71 dV=38.583 thr=1 om=0.196137 lt=3
[ACTIVE] [RED] LeadPredict dist=1713.18 dV=-26.5965 thr=1 om=1.33548 lt=3
[DUTY] team=1 ticks=600 v27종말조준=0% v21뱅크예측=93% v17궤도조건=77.6667% v17슬롯적용=24.8333% 상승클램프=0% 강하클램프=13.1667% v23b조건=25.3333% v23b실제적용=25.3333%
[ACTIVE] [RED] LeadPredict dist=1263.17 dV=-54.8393 thr=1 om=0.11158 lt=3
[ACTIVE] [RED] LeadPredict dist=2251.67 dV=-102.013 thr=1 om=0.0844626 lt=3
[ACTIVE] [RED] LeadPredict dist=3036.54 dV=-123.929 thr=1 om=0.995811 lt=3
[ACTIVE] [RED] LeadPredict dist=3539.84 dV=-106.952 thr=1 om=1.59632 lt=3
[ACTIVE] [RED] LeadPredict dist=2009.11 dV=-23.0984 thr=0.829909 om=1.39284 lt=3
[ACTIVE] [RED] ClimbOut Z=2893.69
[ACTIVE] [RED] LeadPredict dist=1772.06 dV=65.694 thr=0.697634 om=1.76059 lt=3
[ACTIVE] [RED] LeadPredict dist=2038.47 dV=41.8754 thr=1 om=0.18015 lt=3
[ACTIVE] [RED] LeadPredict dist=1122.41 dV=0.823105 thr=1 om=1.52642 lt=3
[ACTIVE] [RED] LeadPredict dist=1257.47 dV=-38.9431 thr=1 om=0.094598 lt=3
[ACTIVE] [RED] LeadPredict dist=1371.87 dV=-6.37906 thr=1 om=0.887073 lt=3
[DUTY] team=1 ticks=1200 v27종말조준=0% v21뱅크예측=88.5% v17궤도조건=74.6667% v17슬롯적용=44.25% 상승클램프=0% 강하클램프=28.3333% v23b조건=23.0833% v23b실제적용=22.4167%
[ACTIVE] [RED] LeadPredict dist=1399.64 dV=-25.8249 thr=1 om=0.00689838 lt=3
[ACTIVE] [RED] LeadPredict dist=1252.87 dV=23.4585 thr=0.640132 om=0.220493 lt=3
[ACTIVE] [RED] LeadPredict dist=1318.72 dV=-5.55597 thr=1 om=0.0178096 lt=3
[ACTIVE] [RED] LeadPredict dist=1333.25 dV=-5.9675 thr=1 om=0.329207 lt=3
[ACTIVE] [RED] LeadPredict dist=1352.48 dV=-7.25363 thr=1 om=0.138816 lt=3
[ACTIVE] [RED] LeadPredict dist=1370.37 dV=-6.53339 thr=1 om=0.23484 lt=3
[ACTIVE] [RED] LeadPredict dist=1388.76 dV=-1.85199 thr=1 om=0.28995 lt=3
[ACTIVE] [RED] LeadPredict dist=1400.1 dV=-8.02527 thr=1 om=0.237412 lt=3
[ACTIVE] [RED] LeadPredict dist=1420.94 dV=-6.94495 thr=1 om=0.208847 lt=3
[ACTIVE] [RED] LeadPredict dist=1428.33 dV=-1.59476 thr=1 om=0.400938 lt=2.94648
[DUTY] team=1 ticks=1800 v27종말조준=0% v21뱅크예측=75.2222% v17궤도조건=71.2222% v17슬롯적용=50.9444% 상승클램프=0% 강하클램프=25.1111% v23b조건=18.3333% v23b실제적용=17.8889%
[ACTIVE] [RED] LeadPredict dist=1416.84 dV=2.00632 thr=1 om=0.736532 lt=2.87129
[ACTIVE] [RED] LeadPredict dist=1446.84 dV=1.49188 thr=1 om=0.215667 lt=3
init ID:1 Lat37.92355643001773 Lon128.18188127777776 Alt(meter)7000.0785355893395 Speed(m/sec)300.0
init ID:1 Lat37.96855377446113 Lon128.18188127777776 Alt(meter)7002.8272734023885 Speed(m/sec)300.0
runner:local/env:0	num_steps=[11999] | total rewards=[525.6955] | termination= [max time out]
[seed 0] reward=   525.70 ownHP=1.0000 tgtHP=1.0000 max time out
total: 2
[ACTIVE] [RED] LeadPredict dist=4556.77 dV=0.514435 thr=1 om=0.405955 lt=3
[ACTIVE] [RED] LeadPredict dist=2345.92 dV=-6.89349 thr=1 om=0.459588 lt=3
[ACTIVE] [RED] LeadPredict dist=1499.1 dV=-8.59116 thr=0.718623 om=1.08774 lt=3
[ACTIVE] [RED] LeadPredict dist=2930.82 dV=-8.02527 thr=1 om=1.2092 lt=3
[ACTIVE] [RED] LeadPredict dist=1169.51 dV=-6.27618 thr=0.84 om=1.25293 lt=3
[ACTIVE] [RED] ClimbOut Z=2203.76
[ACTIVE] [RED] LeadPredict dist=3743.82 dV=-13.787 thr=1 om=2.12532 lt=3
[ACTIVE] [RED] LeadPredict dist=6367.75 dV=40.5379 thr=1 om=1.52593 lt=3
[ACTIVE] [RED] LeadPredict dist=4791.66 dV=20.4747 thr=1 om=0.0785224 lt=3
[DUTY] team=1 ticks=2400 v27종말조준=0% v21뱅크예측=79.125% v17궤도조건=66.875% v17슬롯적용=48.2083% 상승클램프=0% 강하클램프=20.7917% v23b조건=18.6667% v23b실제적용=18.3333%
[ACTIVE] [RED] LeadPredict dist=2033.71 dV=11.3177 thr=1 om=1.36907 lt=3
[ACTIVE] [RED] LeadPredict dist=1259.54 dV=-27.7798 thr=1 om=0.210735 lt=3
[ACTIVE] [RED] LeadPredict dist=1573.67 dV=-39.6119 thr=1 om=1.33963 lt=3
[ACTIVE] [RED] LeadPredict dist=1487.8 dV=-21.092 thr=0.821741 om=1.35872 lt=3
[ACTIVE] [RED] ClimbOut Z=2881.91
[ACTIVE] [RED] LeadPredict dist=1240.43 dV=19.4973 thr=0.747264 om=2.06016 lt=3
[ACTIVE] [RED] LeadPredict dist=1008.63 dV=-17.2852 thr=1 om=1.02048 lt=3
[ACTIVE] [RED] ClimbOut Z=2739.18
[ACTIVE] [RED] LeadPredict dist=871.636 dV=36.8853 thr=0.68 om=2.73256 lt=2.65862
[ACTIVE] [RED] LeadPredict dist=765.601 dV=12.7067 thr=0.84752 om=1.78236 lt=2.71029
[ACTIVE] [RED] LeadPredict dist=1207.11 dV=-27.7797 thr=1 om=1.38946 lt=3
[ACTIVE] [RED] LeadPredict dist=998.677 dV=28.2942 thr=0.840622 om=0.735592 lt=3
[DUTY] team=1 ticks=3000 v27종말조준=0.266667% v21뱅크예측=78.5667% v17궤도조건=71.1% v17슬롯적용=56.1667% 상승클램프=0% 강하클램프=20.9% v23b조건=22.6667% v23b실제적용=20.6667%
[ACTIVE] [RED] LeadPredict dist=994.307 dV=2.16064 thr=1 om=0.142838 lt=3
[ACTIVE] [RED] LeadPredict dist=953.734 dV=7.5108 thr=1 om=0.017327 lt=2.9251
[ACTIVE] [RED] LeadPredict dist=909.68 dV=7.45938 thr=0.952 om=0.00865456 lt=0
[ACTIVE] [RED] LeadPredict dist=864.943 dV=7.76804 thr=0.906784 om=0.00484888 lt=0
[ACTIVE] [RED] LeadPredict dist=818.731 dV=11.3691 thr=0.86357 om=0.00524728 lt=0.445766
runner:local/env:0	num_steps=[8735] | total rewards=[616.3002] | termination= [target destroyed]
[seed 1] reward=   616.30 ownHP=1.0000 tgtHP=-0.0020 target destroyed
total: 2
[ACTIVE] [RED] LeadPredict dist=2799.61 dV=9.05414 thr=1 om=1.01119 lt=3
[ACTIVE] [RED] LeadPredict dist=1983.36 dV=31.5866 thr=0.737644 om=1.0013 lt=3
[ACTIVE] [RED] LeadPredict dist=1826.33 dV=38.9431 thr=0.724526 om=0.946976 lt=3
[ACTIVE] [RED] LeadPredict dist=1630.85 dV=3.03522 thr=0.81526 om=0.00611102 lt=3
[ACTIVE] [RED] LeadPredict dist=1752.26 dV=-20.0631 thr=1 om=0.00680985 lt=3
[DUTY] team=1 ticks=3600 v27종말조준=4.22222% v21뱅크예측=72.75% v17궤도조건=65.9167% v17슬롯적용=53.4722% 상승클램프=0% 강하클램프=19.6667% v23b조건=24.8611% v23b실제적용=23.1944%
[ACTIVE] [RED] LeadPredict dist=1861.31 dV=-14.6101 thr=1 om=0.000922108 lt=3
[ACTIVE] [RED] LeadPredict dist=1949.14 dV=-15.0216 thr=1 om=0.0314358 lt=3
[ACTIVE] [RED] LeadPredict dist=2035.82 dV=-14.8159 thr=1 om=0.0355442 lt=3
[ACTIVE] [RED] LeadPredict dist=2120.93 dV=-13.5812 thr=1 om=0.0333377 lt=3
[ACTIVE] [RED] LeadPredict dist=2198.11 dV=-12.2437 thr=1 om=0.0305445 lt=3
[ACTIVE] [RED] LeadPredict dist=2268.19 dV=-11.1633 thr=1 om=0.0308935 lt=3
[ACTIVE] [RED] LeadPredict dist=2330.49 dV=-9.87723 thr=1 om=0.0315038 lt=3
[ACTIVE] [RED] LeadPredict dist=2385.6 dV=-8.48825 thr=1 om=0.031067 lt=3
[ACTIVE] [RED] LeadPredict dist=2432.55 dV=-7.15073 thr=1 om=0.0301944 lt=3
[ACTIVE] [RED] LeadPredict dist=2471.62 dV=-5.86459 thr=1 om=0.0300202 lt=3
[DUTY] team=1 ticks=4200 v27종말조준=3.61905% v21뱅크예측=62.3571% v17궤도조건=56.5% v17슬롯적용=45.8333% 상승클램프=0% 강하클램프=16.8571% v23b조건=21.3095% v23b실제적용=19.881%
[ACTIVE] [RED] LeadPredict dist=2502.38 dV=-4.42419 thr=1 om=0.0296712 lt=3
[ACTIVE] [RED] LeadPredict dist=2524.63 dV=-3.18954 thr=1 om=0.0275117 lt=3
[ACTIVE] [RED] LeadPredict dist=2540.02 dV=-2.05774 thr=1 om=0.0160608 lt=3
[ACTIVE] [RED] LeadPredict dist=2548.56 dV=-0.720215 thr=1 om=0.0257473 lt=3
[ACTIVE] [RED] LeadPredict dist=2548.92 dV=0.514435 thr=1 om=0.0279275 lt=3
[ACTIVE] [RED] LeadPredict dist=2542.32 dV=1.69766 thr=1 om=0.0329873 lt=3
[ACTIVE] [RED] LeadPredict dist=2528.76 dV=2.93231 thr=1 om=0.000634127 lt=3
[ACTIVE] [RED] LeadPredict dist=2507.41 dV=4.16696 thr=1 om=0.00183471 lt=3
[ACTIVE] [RED] LeadPredict dist=2478.32 dV=5.65884 thr=1 om=0.00856767 lt=3
[ACTIVE] [RED] LeadPredict dist=2438.14 dV=7.92239 thr=1 om=0.0011378 lt=3
[DUTY] team=1 ticks=4800 v27종말조준=3.16667% v21뱅크예측=54.5625% v17궤도조건=49.4375% v17슬롯적용=40.1042% 상승클램프=0% 강하클램프=14.75% v23b조건=18.6458% v23b실제적용=17.3958%
[ACTIVE] [RED] LeadPredict dist=2384.35 dV=10.1859 thr=1 om=0.00148607 lt=3
[ACTIVE] [RED] LeadPredict dist=2316.09 dV=12.2951 thr=1 om=0.00236259 lt=3
[ACTIVE] [RED] LeadPredict dist=2236.27 dV=14.3014 thr=1 om=0.00261941 lt=3
[ACTIVE] [RED] LeadPredict dist=2145.01 dV=16.1534 thr=1 om=0.00314282 lt=3
[ACTIVE] [RED] LeadPredict dist=2042.78 dV=17.6967 thr=1 om=0.00357797 lt=3
[ACTIVE] [RED] LeadPredict dist=1931.48 dV=19.1372 thr=1 om=0.00392701 lt=3
[ACTIVE] [RED] LeadPredict dist=1812.86 dV=20.3204 thr=1 om=0.00418875 lt=3
[ACTIVE] [RED] LeadPredict dist=1686.39 dV=21.4521 thr=1 om=0.00715586 lt=3
runner:local/env:0	num_steps=[11999] | total rewards=[666.7563] | termination= [max time out]
[seed 2] reward=   666.76 ownHP=1.0000 tgtHP=1.0000 max time out
total: 2
[ACTIVE] [RED] LeadPredict dist=4269.92 dV=5.60742 thr=1 om=1.11334 lt=3
[ACTIVE] [RED] LeadPredict dist=2022.92 dV=44.5505 thr=0.672272 om=1.00317 lt=3
[DUTY] team=1 ticks=5400 v27종말조준=2.81481% v21뱅크예측=49.7963% v17궤도조건=44.3148% v17슬롯적용=36.0185% 상승클램프=0% 강하클램프=14.6296% v23b조건=16.8889% v23b실제적용=15.7778%
[ACTIVE] [RED] LeadPredict dist=1118.65 dV=64.2535 thr=0.597061 om=0.964854 lt=3
[ACTIVE] [RED] LeadPredict dist=1439.82 dV=51.1353 thr=0.613458 om=0.0678297 lt=3
[ACTIVE] [RED] LeadPredict dist=1639.24 dV=-3.65253 thr=0.750325 om=0.0516738 lt=3
[ACTIVE] [RED] LeadPredict dist=1366.06 dV=-17.1308 thr=0.849368 om=0.810967 lt=3
[ACTIVE] [RED] LeadPredict dist=1711.24 dV=-24.1787 thr=1 om=0.0574691 lt=3
[ACTIVE] [RED] LeadPredict dist=2022.61 dV=-36.268 thr=1 om=0.00418967 lt=3
[ACTIVE] [RED] LeadPredict dist=2217.5 dV=-32.7698 thr=1 om=0.0020368 lt=3
[ACTIVE] [RED] LeadPredict dist=2402.27 dV=-29.5289 thr=1 om=0.0147491 lt=3
[ACTIVE] [RED] LeadPredict dist=2573.88 dV=-28.5 thr=1 om=0.00615343 lt=3
[ACTIVE] [RED] LeadPredict dist=2743.33 dV=-27.6768 thr=1 om=0.00184748 lt=3
[DUTY] team=1 ticks=6000 v27종말조준=2.53333% v21뱅크예측=49.3% v17궤도조건=44.4667% v17슬롯적용=37% 상승클램프=0% 강하클램프=14.1% v23b조건=19.6833% v23b실제적용=18.6833%
[ACTIVE] [RED] LeadPredict dist=2901.12 dV=-25.3619 thr=1 om=0.00590444 lt=3
[ACTIVE] [RED] LeadPredict dist=3050.74 dV=-24.4873 thr=1 om=0.00835789 lt=3
[ACTIVE] [RED] LeadPredict dist=3189.45 dV=-21.7094 thr=1 om=0.000933803 lt=3
[ACTIVE] [RED] LeadPredict dist=3316.5 dV=-20.9377 thr=1 om=0.00605143 lt=3
[ACTIVE] [RED] LeadPredict dist=3433.95 dV=-18.4684 thr=1 om=0.0129567 lt=3
[ACTIVE] [RED] LeadPredict dist=3544.29 dV=-17.8511 thr=1 om=0.0169942 lt=3
[ACTIVE] [RED] LeadPredict dist=3642.41 dV=-16.5135 thr=1 om=0.0091267 lt=3
[ACTIVE] [RED] LeadPredict dist=3731.03 dV=-12.5523 thr=1 om=0.0936319 lt=3
[ACTIVE] [RED] LeadPredict dist=3819.2 dV=-10.8033 thr=1 om=0.0138413 lt=3
[ACTIVE] [RED] LeadPredict dist=3880.03 dV=-8.48825 thr=1 om=0.112609 lt=3
[DUTY] team=1 ticks=6600 v27종말조준=2.30303% v21뱅크예측=45.7424% v17궤도조건=40.4242% v17슬롯적용=33.6364% 상승클램프=0% 강하클램프=12.8182% v23b조건=17.8939% v23b실제적용=16.9848%
[ACTIVE] [RED] LeadPredict dist=3941.31 dV=-7.35648 thr=1 om=0.0172268 lt=3
[ACTIVE] [RED] LeadPredict dist=3988.95 dV=-9.82578 thr=1 om=0.0192328 lt=3
[ACTIVE] [RED] LeadPredict dist=4041.48 dV=-8.5397 thr=1 om=0.0405144 lt=3
[ACTIVE] [RED] LeadPredict dist=4112.7 dV=-11.6264 thr=1 om=0.0463707 lt=3
[ACTIVE] [RED] LeadPredict dist=4187.55 dV=-13.6841 thr=1 om=0.0364428 lt=3
[ACTIVE] [RED] LeadPredict dist=4270.4 dV=-15.2274 thr=1 om=0.0312364 lt=3
[ACTIVE] [RED] LeadPredict dist=4351.53 dV=-14.713 thr=1 om=0.0191024 lt=3
[ACTIVE] [RED] LeadPredict dist=4428.01 dV=-12.7067 thr=1 om=0.0204371 lt=3
[ACTIVE] [RED] LeadPredict dist=4494.77 dV=-11.009 thr=1 om=0.0195283 lt=3
[ACTIVE] [RED] LeadPredict dist=4550.11 dV=-8.64258 thr=1 om=0.0168653 lt=3
[DUTY] team=1 ticks=7200 v27종말조준=2.11111% v21뱅크예측=43.25% v17궤도조건=37.0556% v17슬롯적용=30.8333% 상승클램프=0% 강하클램프=11.75% v23b조건=16.4028% v23b실제적용=15.5694%
[ACTIVE] [RED] LeadPredict dist=4595.79 dV=-6.48193 thr=1 om=0.0309482 lt=3
runner:local/env:0	num_steps=[11999] | total rewards=[38.2293] | termination= [max time out]
[seed 3] reward=    38.23 ownHP=1.0000 tgtHP=1.0000 max time out
total: 2
[ACTIVE] [RED] LeadPredict dist=3578.24 dV=0.41153 thr=1 om=0 lt=3
[ACTIVE] [RED] LeadPredict dist=1933.07 dV=26.9052 thr=1 om=1.05024 lt=3
[ACTIVE] [RED] LeadPredict dist=1778.75 dV=52.9359 thr=0.647566 om=1.11642 lt=3
[ACTIVE] [RED] LeadPredict dist=2620.45 dV=41.1038 thr=1 om=1.04593 lt=3
[ACTIVE] [RED] LeadPredict dist=1553.77 dV=-3.24097 thr=0.573448 om=1.31244 lt=3
[ACTIVE] [RED] ClimbOut Z=2694.49
[ACTIVE] [RED] LeadPredict dist=2275.19 dV=-18.777 thr=0.612146 om=5.13569 lt=3
[ACTIVE] [RED] LeadPredict dist=2498.89 dV=7.76804 thr=1 om=1.43495 lt=3
[ACTIVE] [RED] LeadPredict dist=1427.67 dV=-26.4937 thr=0.827285 om=1.20365 lt=3
[ACTIVE] [RED] LeadPredict dist=1937.76 dV=-66.7743 thr=1 om=0.297009 lt=3
[DUTY] team=1 ticks=7800 v27종말조준=1.94872% v21뱅크예측=45.9103% v17궤도조건=38.7308% v17슬롯적용=29.4744% 상승클램프=0% 강하클램프=12.0641% v23b조건=17.6282% v23b실제적용=16.859%
[ACTIVE] [RED] LeadPredict dist=1159.11 dV=-48.7689 thr=1 om=0.135255 lt=3
[ACTIVE] [RED] LeadPredict dist=1720.86 dV=-3.96118 thr=1 om=0.172855 lt=3
[ACTIVE] [RED] LeadPredict dist=1660.31 dV=-16.8736 thr=1 om=0.742378 lt=3
[ACTIVE] [RED] LeadPredict dist=1670.16 dV=-72.3303 thr=1 om=0.0198364 lt=3
[ACTIVE] [RED] LeadPredict dist=2088.29 dV=-70.4268 thr=0.795802 om=0.0104334 lt=3
[ACTIVE] [RED] LeadPredict dist=2360.44 dV=-41.0523 thr=0.957186 om=0.110674 lt=3
[ACTIVE] [RED] LeadPredict dist=2313.12 dV=-3.54962 thr=1 om=0.00507303 lt=3
[ACTIVE] [RED] LeadPredict dist=2306.93 dV=-0.565887 thr=1 om=0.0207631 lt=3
[ACTIVE] [RED] LeadPredict dist=2300.74 dV=0.514435 thr=1 om=0.0459874 lt=3
[ACTIVE] [RED] LeadPredict dist=2301.54 dV=5.29874 thr=1 om=0.113895 lt=3
[DUTY] team=1 ticks=8400 v27종말조준=1.80952% v21뱅크예측=45.631% v17궤도조건=39.619% v17슬롯적용=31.0238% 상승클램프=0% 강하클램프=14.0833% v23b조건=17.25% v23b실제적용=16.5357%
[ACTIVE] [RED] LeadPredict dist=2190.19 dV=22.481 thr=1 om=1.07863 lt=3
[ACTIVE] [RED] LeadPredict dist=2114.51 dV=2.26355 thr=1 om=0.264884 lt=3
[ACTIVE] [RED] LeadPredict dist=2095.83 dV=5.14441 thr=1 om=0.224707 lt=3
[ACTIVE] [RED] LeadPredict dist=2061.89 dV=8.79694 thr=1 om=0.312076 lt=3
[ACTIVE] [RED] LeadPredict dist=1993.88 dV=16.4106 thr=1 om=0.113501 lt=3
[ACTIVE] [RED] LeadPredict dist=1914.75 dV=14.1985 thr=1 om=0.117066 lt=3
[ACTIVE] [RED] LeadPredict dist=1880.73 dV=-26.8023 thr=1 om=0.644829 lt=3
[ACTIVE] [RED] LeadPredict dist=2169.32 dV=-53.3474 thr=1 om=0.367408 lt=3
[ACTIVE] [RED] LeadPredict dist=2437.36 dV=-23.5614 thr=1 om=0.789162 lt=3
[ACTIVE] [RED] LeadPredict dist=2431.5 dV=14.9188 thr=1 om=1.09047 lt=3
[DUTY] team=1 ticks=9000 v27종말조준=1.68889% v21뱅크예측=48.4444% v17궤도조건=43.2889% v17슬롯적용=35.2667% 상승클램프=0% 강하클램프=13.1444% v23b조건=16.1111% v23b실제적용=15.4444%
[ACTIVE] [RED] LeadPredict dist=2332.11 dV=15.5876 thr=1 om=0.045178 lt=3
[ACTIVE] [RED] LeadPredict dist=2265.48 dV=7.40796 thr=1 om=0.0567832 lt=3
[ACTIVE] [RED] LeadPredict dist=2227.1 dV=5.91605 thr=1 om=0.066201 lt=3
[ACTIVE] [RED] LeadPredict dist=2299.57 dV=-28.5 thr=1 om=0.518047 lt=3
runner:local/env:0	num_steps=[11999] | total rewards=[461.8619] | termination= [max time out]
[seed 4] reward=   461.86 ownHP=1.0000 tgtHP=1.0000 max time out
total: 2
[ACTIVE] [RED] LeadPredict dist=2590.16 dV=11.6778 thr=1 om=0.961488 lt=3
[ACTIVE] [RED] LeadPredict dist=1701.38 dV=64.5108 thr=1 om=1.23574 lt=3
[ACTIVE] [RED] LeadPredict dist=2227.59 dV=91.0559 thr=0.535842 om=1.13782 lt=3
[ACTIVE] [RED] LeadPredict dist=2955.31 dV=49.4377 thr=1 om=0.99784 lt=3
[ACTIVE] [RED] LeadPredict dist=2372.61 dV=0.82309 thr=1 om=1.22671 lt=3
[ACTIVE] [RED] LeadPredict dist=2064.59 dV=-22.7897 thr=0.677738 om=1.34019 lt=3
[DUTY] team=1 ticks=9600 v27종말조준=1.58333% v21뱅크예측=50.8854% v17궤도조건=45.1042% v17슬롯적용=35.5417% 상승클램프=0% 강하클램프=12.8021% v23b조건=16.3333% v23b실제적용=15.7083%
[ACTIVE] [RED] ClimbOut Z=2910.68
[ACTIVE] [RED] ClimbOut Z=2203.7
[ACTIVE] [RED] LeadPredict dist=2401.91 dV=3.34387 thr=1 om=1.25629 lt=3
[ACTIVE] [RED] LeadPredict dist=1468.17 dV=-41.4124 thr=1 om=1.29832 lt=3
[ACTIVE] [RED] LeadPredict dist=1403.13 dV=-23.5099 thr=1 om=1.59693 lt=3
[ACTIVE] [RED] LeadPredict dist=944.489 dV=16.8736 thr=1 om=1.08566 lt=3
[ACTIVE] [RED] LeadPredict dist=1661.38 dV=83.9566 thr=1 om=1.07423 lt=3
[ACTIVE] [RED] LeadPredict dist=2291.8 dV=108.701 thr=1 om=1.26482 lt=3
[ACTIVE] [RED] LeadPredict dist=2117.86 dV=4.62996 thr=1 om=0.160752 lt=3
[ACTIVE] [RED] LeadPredict dist=2206.76 dV=-83.0821 thr=1 om=0.912535 lt=3
[ACTIVE] [RED] LeadPredict dist=2180.7 dV=-104.02 thr=1 om=0.979188 lt=3
[ACTIVE] [RED] LeadPredict dist=2145.27 dV=-62.7617 thr=1 om=1.73037 lt=3
[DUTY] team=1 ticks=10200 v27종말조준=1.4902% v21뱅크예측=53.4706% v17궤도조건=48.3333% v17슬롯적용=36.0098% 상승클램프=0% 강하클램프=13.9706% v23b조건=15.549% v23b실제적용=14.9608%
[ACTIVE] [RED] LeadPredict dist=2000.28 dV=-21.2978 thr=1 om=0.0346569 lt=3
[ACTIVE] [RED] LeadPredict dist=1948.22 dV=-35.805 thr=1 om=0.144355 lt=3
[ACTIVE] [RED] LeadPredict dist=2140.52 dV=-29.3745 thr=1 om=0.027392 lt=3
[ACTIVE] [RED] LeadPredict dist=2310.62 dV=-27.2139 thr=1 om=0.0832288 lt=3
[ACTIVE] [RED] LeadPredict dist=2476.75 dV=-19.9603 thr=1 om=0.0286098 lt=3
[ACTIVE] [RED] LeadPredict dist=2598.58 dV=-18.1597 thr=1 om=0.00452928 lt=3
[ACTIVE] [RED] LeadPredict dist=2698.1 dV=-14.9188 thr=1 om=0.0309807 lt=3
[ACTIVE] [RED] LeadPredict dist=2777.95 dV=-12.0894 thr=1 om=0.038474 lt=3
[ACTIVE] [RED] LeadPredict dist=2842.73 dV=-9.87726 thr=1 om=0.0252107 lt=3
[ACTIVE] [RED] LeadPredict dist=2895.48 dV=-7.2536 thr=1 om=0.0291891 lt=3
[DUTY] team=1 ticks=10800 v27종말조준=1.40741% v21뱅크예측=51.9907% v17궤도조건=47.2685% v17슬롯적용=35.6296% 상승클램프=0% 강하클램프=13.1944% v23b조건=14.6852% v23b실제적용=14.1296%
[ACTIVE] [RED] LeadPredict dist=2931.2 dV=-5.09296 thr=1 om=0.0361285 lt=3
[ACTIVE] [RED] LeadPredict dist=2954.72 dV=-2.62366 thr=1 om=0.0352072 lt=3
[ACTIVE] [RED] LeadPredict dist=2961.36 dV=0.0514526 thr=1 om=0.0372644 lt=3
[ACTIVE] [RED] LeadPredict dist=2953.86 dV=2.31497 thr=1 om=0.00239194 lt=3
[ACTIVE] [RED] LeadPredict dist=2933.28 dV=4.47562 thr=1 om=0.000584292 lt=3
[ACTIVE] [RED] LeadPredict dist=2898.88 dV=6.79059 thr=1 om=0.00307214 lt=3
[ACTIVE] [RED] LeadPredict dist=2850.07 dV=9.05414 thr=1 om=0.00375257 lt=3
runner:local/env:0	num_steps=[11999] | total rewards=[76.2448] | termination= [max time out]
[seed 5] reward=    76.24 ownHP=1.0000 tgtHP=1.0000 max time out
total: 2
[ACTIVE] [RED] LeadPredict dist=2065.42 dV=11.472 thr=0.790992 om=0.886889 lt=3
[ACTIVE] [RED] LeadPredict dist=1902.72 dV=38.3258 thr=0.69501 om=0.983573 lt=3
[ACTIVE] [RED] LeadPredict dist=2660.57 dV=57.5658 thr=1 om=1.02078 lt=3
[DUTY] team=1 ticks=11400 v27종말조준=1.33333% v21뱅크예측=50.5% v17궤도조건=45.7368% v17슬롯적용=34.1667% 상승클램프=0% 강하클램프=13.114% v23b조건=14.8421% v23b실제적용=14.3158%
[ACTIVE] [RED] LeadPredict dist=1780.51 dV=-3.90973 thr=0.633136 om=1.23419 lt=3
[ACTIVE] [RED] LeadPredict dist=1713.88 dV=-49.6949 thr=0.815479 om=1.22742 lt=3
[ACTIVE] [RED] LeadPredict dist=2430.02 dV=-43.9332 thr=0.792522 om=0.120987 lt=3
[ACTIVE] [RED] LeadPredict dist=1973.45 dV=-36.9368 thr=0.687576 om=0.425314 lt=3
[ACTIVE] [RED] LeadPredict dist=1824.19 dV=-23.0984 thr=0.735239 om=1.33659 lt=3
[ACTIVE] [RED] LeadPredict dist=2213.73 dV=-34.4675 thr=0.822694 om=1.37671 lt=3
[ACTIVE] [RED] LeadPredict dist=2257.06 dV=-54.4792 thr=0.852429 om=1.34347 lt=3
[ACTIVE] [RED] LeadPredict dist=1872.88 dV=-2.52075 thr=1 om=1.62316 lt=3
[ACTIVE] [RED] LeadPredict dist=1418.32 dV=-12.4494 thr=0.78273 om=1.29008 lt=3
[ACTIVE] [RED] LeadPredict dist=1303.45 dV=26.0307 thr=1 om=1.05533 lt=3
[DUTY] team=1 ticks=12000 v27종말조준=1.26667% v21뱅크예측=52.4167% v17궤도조건=48.3% v17슬롯적용=36.65% 상승클램프=0% 강하클램프=13.4333% v23b조건=17.6333% v23b실제적용=17.1333%
[ACTIVE] [RED] LeadPredict dist=1127.69 dV=0.720215 thr=1 om=0.963085 lt=3
[ACTIVE] [RED] LeadPredict dist=979.34 dV=29.1687 thr=1 om=1.32202 lt=2.74942
[ACTIVE] [RED] LeadPredict dist=858.495 dV=1.85199 thr=0.909429 om=1.36575 lt=0.826417
[ACTIVE] [RED] LeadPredict dist=796.472 dV=10.9576 thr=0.763199 om=1.56517 lt=2.47757
[ACTIVE] [RED] LeadPredict dist=1051.33 dV=-11.1634 thr=0.957561 om=1.55723 lt=3
[ACTIVE] [RED] ClimbOut Z=2689.26
[ACTIVE] [RED] LeadPredict dist=1368.93 dV=9.77435 thr=0.754479 om=0.178693 lt=3
[ACTIVE] [RED] LeadPredict dist=1328.8 dV=5.35016 thr=1 om=1.48536 lt=3
[ACTIVE] [RED] LeadPredict dist=1210.53 dV=-2.4693 thr=1 om=0.0194533 lt=3
[ACTIVE] [RED] LeadPredict dist=1241.35 dV=-5.55594 thr=1 om=0.0668443 lt=3
[ACTIVE] [RED] LeadPredict dist=1278.49 dV=-5.29874 thr=1 om=0.0490425 lt=3
[DUTY] team=1 ticks=12600 v27종말조준=1.30159% v21뱅크예측=53.2381% v17궤도조건=50.0159% v17슬롯적용=38.9206% 상승클램프=0% 강하클램프=13.0635% v23b조건=18.5238% v23b실제적용=17.9683%
[ACTIVE] [RED] LeadPredict dist=1294.44 dV=0.20578 thr=1 om=0.0165959 lt=3
[ACTIVE] [RED] LeadPredict dist=1295.34 dV=0.257202 thr=1 om=0.033869 lt=3
[ACTIVE] [RED] LeadPredict dist=1281.85 dV=2.41788 thr=1 om=0.0110799 lt=3
[ACTIVE] [RED] LeadPredict dist=1263.6 dV=4.73285 thr=1 om=0.00680673 lt=3
[ACTIVE] [RED] LeadPredict dist=1230.99 dV=5.9675 thr=1 om=0.00419144 lt=3
[ACTIVE] [RED] LeadPredict dist=1190.43 dV=7.40793 thr=1 om=0.00905845 lt=3
[ACTIVE] [RED] LeadPredict dist=1141.37 dV=8.95123 thr=1 om=0.00198756 lt=3
[ACTIVE] [RED] LeadPredict dist=1083.79 dV=10.2374 thr=1 om=0.000649336 lt=3
[ACTIVE] [RED] LeadPredict dist=1018.58 dV=11.1119 thr=1 om=0.00104696 lt=3
[ACTIVE] [RED] LeadPredict dist=948.367 dV=12.2437 thr=1 om=0.00218269 lt=3
[DUTY] team=1 ticks=13200 v27종말조준=1.24242% v21뱅크예측=50.8333% v17궤도조건=47.7576% v17슬롯적용=37.1667% 상승클램프=0% 강하클램프=12.4697% v23b조건=17.6818% v23b실제적용=17.1515%
runner:local/env:0	num_steps=[11999] | total rewards=[1034.2492] | termination= [max time out]
[seed 6] reward=  1034.25 ownHP=1.0000 tgtHP=0.6016 max time out
total: 2
[ACTIVE] [RED] LeadPredict dist=1111.15 dV=-9.67148 thr=0.982142 om=0.786642 lt=3
[ACTIVE] [RED] LeadPredict dist=1767.1 dV=-12.9124 thr=0.800174 om=0.170942 lt=3
[ACTIVE] [RED] LeadPredict dist=2414.75 dV=-25.5162 thr=0.795146 om=1.05875 lt=3
[ACTIVE] [RED] LeadPredict dist=1648.21 dV=-16.7193 thr=0.767379 om=0.86472 lt=3
[ACTIVE] [RED] LeadPredict dist=1688.97 dV=-0.41156 thr=1 om=0.0752244 lt=3
[ACTIVE] [RED] LeadPredict dist=1705.56 dV=-2.16068 thr=1 om=0.048525 lt=3
[ACTIVE] [RED] LeadPredict dist=1713.88 dV=1.1832 thr=1 om=0.00872096 lt=3
[ACTIVE] [RED] LeadPredict dist=1691.95 dV=5.55595 thr=1 om=0.046357 lt=3
[ACTIVE] [RED] LeadPredict dist=1648.57 dV=8.79692 thr=1 om=0.0371755 lt=3
[ACTIVE] [RED] LeadPredict dist=1584.11 dV=12.5523 thr=1 om=0.0290599 lt=3
[DUTY] team=1 ticks=13800 v27종말조준=1.18841% v21뱅크예측=49.8333% v17궤도조건=47.6812% v17슬롯적용=37.5507% 상승클램프=0% 강하클램프=11.9275% v23b조건=18.4783% v23b실제적용=17.971%
[ACTIVE] [RED] LeadPredict dist=1497.21 dV=16.102 thr=1 om=0.023825 lt=3
[ACTIVE] [RED] LeadPredict dist=1388.08 dV=19.1372 thr=1 om=0.0127411 lt=3
[ACTIVE] [RED] LeadPredict dist=1260.08 dV=21.092 thr=1 om=0.0112574 lt=3
[ACTIVE] [RED] LeadPredict dist=1111.71 dV=21.9666 thr=1 om=0.222531 lt=3
[ACTIVE] [RED] LeadPredict dist=947.11 dV=11.7292 thr=1 om=0.379 lt=3
[ACTIVE] [RED] LeadPredict dist=800.03 dV=-5.91606 thr=1 om=0.295835 lt=1.86365
[ACTIVE] [RED] LeadPredict dist=708.194 dV=-15.9991 thr=1 om=0.14469 lt=1.48324
[ACTIVE] [RED] LeadPredict dist=691.466 dV=-15.3817 thr=1 om=0.0102978 lt=0.0903867
runner:local/env:0	num_steps=[6666] | total rewards=[904.0952] | termination= [target destroyed]
[seed 7] reward=   904.10 ownHP=1.0000 tgtHP=-0.0001 target destroyed
total: 2
[ACTIVE] [RED] LeadPredict dist=1548.21 dV=7.15073 thr=0.957389 om=1.28731 lt=3
[ACTIVE] [RED] LeadPredict dist=1261.7 dV=41.5153 thr=0.691074 om=1.53512 lt=3
[DUTY] team=1 ticks=14400 v27종말조준=2.61111% v21뱅크예측=48.2014% v17궤도조건=48% v17슬롯적용=37.8472% 상승클램프=0% 강하클램프=11.5208% v23b조건=17.9514% v23b실제적용=17.4653%
[ACTIVE] [RED] LeadPredict dist=1731.72 dV=35.1877 thr=1 om=0.966786 lt=3
[ACTIVE] [RED] LeadPredict dist=1773.73 dV=-8.5397 thr=0.655437 om=1.13372 lt=3
[ACTIVE] [RED] ClimbOut Z=2653.78
[ACTIVE] [RED] LeadPredict dist=1894.87 dV=-8.07669 thr=0.537373 om=5.31458 lt=3
[ACTIVE] [RED] ClimbOut Z=2038.3
[ACTIVE] [RED] LeadPredict dist=2263.68 dV=-4.88718 thr=0.646691 om=1.40231 lt=3
[ACTIVE] [RED] LeadPredict dist=1591.44 dV=-12.4495 thr=0.822913 om=1.42001 lt=3
[ACTIVE] [RED] LeadPredict dist=1581.8 dV=-35.9079 thr=1 om=1.44191 lt=3
[ACTIVE] [RED] LeadPredict dist=2776.17 dV=-86.0144 thr=1 om=1.11751 lt=3
[ACTIVE] [RED] LeadPredict dist=3279.1 dV=-102.476 thr=1 om=1.58543 lt=3
[ACTIVE] [RED] LeadPredict dist=3122.96 dV=-38.1715 thr=1 om=1.00974 lt=3
[ACTIVE] [RED] LeadPredict dist=2786.84 dV=-21.1435 thr=1 om=0.142692 lt=3
[DUTY] team=1 ticks=15000 v27종말조준=2.50667% v21뱅크예측=50.02% v17궤도조건=48.74% v17슬롯적용=36.8467% 상승클램프=0% 강하클램프=12.46% v23b조건=18.8267% v23b실제적용=18.36%
[ACTIVE] [RED] LeadPredict dist=2758.01 dV=-25.3619 thr=1 om=0.0362916 lt=3
[ACTIVE] [RED] LeadPredict dist=2802.9 dV=-18.2626 thr=1 om=0.0468962 lt=3
[ACTIVE] [RED] LeadPredict dist=2906.48 dV=-20.6805 thr=1 om=0.0870248 lt=3
[ACTIVE] [RED] LeadPredict dist=3022.45 dV=-21.555 thr=1 om=0.0624559 lt=3
[ACTIVE] [RED] LeadPredict dist=3148.63 dV=-20.8348 thr=1 om=0.00704104 lt=3
[ACTIVE] [RED] LeadPredict dist=3248.13 dV=-11.0605 thr=1 om=0.172932 lt=3
[ACTIVE] [RED] LeadPredict dist=3360.79 dV=-14.3529 thr=1 om=0.0223306 lt=3
[ACTIVE] [RED] LeadPredict dist=3433.52 dV=-11.1633 thr=1 om=0.00551662 lt=3
[ACTIVE] [RED] LeadPredict dist=3515.06 dV=-14.9188 thr=1 om=0.00516508 lt=3
[ACTIVE] [RED] LeadPredict dist=3591.19 dV=-7.20218 thr=1 om=0.00353504 lt=3
[DUTY] team=1 ticks=15600 v27종말조준=2.41026% v21뱅크예측=49.5513% v17궤도조건=46.8654% v17슬롯적용=35.4295% 상승클램프=0% 강하클램프=11.9808% v23b조건=18.1026% v23b실제적용=17.6538%
[ACTIVE] [RED] LeadPredict dist=3660.2 dV=-10.4431 thr=1 om=0.00425758 lt=3
[ACTIVE] [RED] LeadPredict dist=3723.85 dV=-11.8835 thr=1 om=0.00610555 lt=3
[ACTIVE] [RED] LeadPredict dist=3791.49 dV=-14.1985 thr=1 om=0.0048896 lt=3
[ACTIVE] [RED] LeadPredict dist=3866.14 dV=-13.6327 thr=1 om=0.00141507 lt=3
[ACTIVE] [RED] LeadPredict dist=3946.7 dV=-10.8547 thr=1 om=0.0116887 lt=3
[ACTIVE] [RED] LeadPredict dist=4047.7 dV=-16.4106 thr=1 om=0.0820084 lt=3
[ACTIVE] [RED] LeadPredict dist=4172.56 dV=-24.5902 thr=1 om=0.0266473 lt=3
[ACTIVE] [RED] LeadPredict dist=4329.44 dV=-24.8475 thr=1 om=0.181592 lt=3
[ACTIVE] [RED] LeadPredict dist=4512.08 dV=-38.7888 thr=1 om=0.0513115 lt=3
[ACTIVE] [RED] LeadPredict dist=4768.11 dV=-43.5731 thr=1 om=0.046807 lt=3
[DUTY] team=1 ticks=16200 v27종말조준=2.32099% v21뱅크예측=48.5309% v17궤도조건=45.1296% v17슬롯적용=34.1173% 상승클램프=0% 강하클램프=11.537% v23b조건=17.4321% v23b실제적용=17%
runner:local/env:0	num_steps=[11999] | total rewards=[-101.1923] | termination= [max time out]
[seed 8] reward=  -101.19 ownHP=1.0000 tgtHP=1.0000 max time out
total: 2
[ACTIVE] [RED] LeadPredict dist=2719.97 dV=2.82941 thr=1 om=0 lt=3
[ACTIVE] [RED] LeadPredict dist=1571.2 dV=5.50452 thr=0.752949 om=0.0189991 lt=3
[ACTIVE] [RED] LeadPredict dist=3797.44 dV=60.7039 thr=1 om=0.822748 lt=3
[ACTIVE] [RED] LeadPredict dist=5338.95 dV=97.4864 thr=1 om=0.0955919 lt=3
[ACTIVE] [RED] LeadPredict dist=5094.78 dV=72.4332 thr=1 om=1.67235 lt=3
[ACTIVE] [RED] LeadPredict dist=4026.55 dV=64.2536 thr=1 om=0.773329 lt=3
[ACTIVE] [RED] LeadPredict dist=3054.52 dV=38.4287 thr=1 om=0.0155436 lt=3
[ACTIVE] [RED] LeadPredict dist=2547.12 dV=13.6841 thr=1 om=0.0171132 lt=3
[ACTIVE] [RED] LeadPredict dist=2369.02 dV=2.2121 thr=1 om=0.00614117 lt=3
[ACTIVE] [RED] LeadPredict dist=2322.17 dV=-3.70398 thr=1 om=0.0278381 lt=3
[DUTY] team=1 ticks=16800 v27종말조준=2.2381% v21뱅크예측=48.6012% v17궤도조건=43.9048% v17슬롯적용=33.1786% 상승클램프=0% 강하클램프=11.5952% v23b조건=17.2976% v23b실제적용=16.881%
[ACTIVE] [RED] LeadPredict dist=2330.3 dV=-4.73285 thr=1 om=0.0267038 lt=3
[ACTIVE] [RED] LeadPredict dist=2357.33 dV=-6.27618 thr=1 om=0.0294089 lt=3
[ACTIVE] [RED] LeadPredict dist=2389.16 dV=-5.24728 thr=1 om=0.0315038 lt=3
[ACTIVE] [RED] LeadPredict dist=2417.45 dV=-4.73285 thr=1 om=0.00855604 lt=3
[ACTIVE] [RED] LeadPredict dist=2443.87 dV=-4.01263 thr=1 om=0.0138755 lt=3
[ACTIVE] [RED] LeadPredict dist=2463.46 dV=-2.77795 thr=1 om=0.0119559 lt=3
[ACTIVE] [RED] LeadPredict dist=2477.61 dV=-1.95486 thr=1 om=0.00654555 lt=3
[ACTIVE] [RED] LeadPredict dist=2486.12 dV=-0.82309 thr=1 om=0.00532326 lt=3
[ACTIVE] [RED] LeadPredict dist=2487.15 dV=0.308655 thr=1 om=0.00288111 lt=3
[ACTIVE] [RED] LeadPredict dist=2482.31 dV=1.2861 thr=1 om=0.000872688 lt=3
[DUTY] team=1 ticks=17400 v27종말조준=2.16092% v21뱅크예측=46.9253% v17궤도조건=42.3908% v17슬롯적용=32.0345% 상승클램프=0% 강하클램프=11.1954% v23b조건=16.7011% v23b실제적용=16.2989%
[ACTIVE] [RED] LeadPredict dist=2471.29 dV=2.36642 thr=1 om=0.00130903 lt=3
[ACTIVE] [RED] LeadPredict dist=2453.5 dV=3.4982 thr=1 om=0.00366622 lt=3
[ACTIVE] [RED] LeadPredict dist=2429.22 dV=4.62997 thr=1 om=0.00619654 lt=3
[ACTIVE] [RED] LeadPredict dist=2398.12 dV=5.76172 thr=1 om=0.040152 lt=3
[ACTIVE] [RED] LeadPredict dist=2360.31 dV=6.73914 thr=1 om=0.00131191 lt=3
[ACTIVE] [RED] LeadPredict dist=2316.93 dV=7.76804 thr=1 om=0.000876867 lt=3
[ACTIVE] [RED] LeadPredict dist=2267.45 dV=8.84836 thr=1 om=0.00113443 lt=3
[ACTIVE] [RED] LeadPredict dist=2210.39 dV=10.2374 thr=1 om=0.010996 lt=3
[ACTIVE] [RED] LeadPredict dist=2144 dV=12.0894 thr=1 om=0.000703553 lt=3
[ACTIVE] [RED] LeadPredict dist=2066.28 dV=13.7355 thr=1 om=0.0014861 lt=3
[DUTY] team=1 ticks=18000 v27종말조준=2.08889% v21뱅크예측=45.3611% v17궤도조건=40.9778% v17슬롯적용=30.9667% 상승클램프=0% 강하클램프=10.8222% v23b조건=16.1444% v23b실제적용=15.7556%
[ACTIVE] [RED] LeadPredict dist=1979.57 dV=15.2789 thr=1 om=0.00174739 lt=3
[ACTIVE] [RED] LeadPredict dist=1883.66 dV=16.7193 thr=1 om=0.00183466 lt=3
[ACTIVE] [RED] LeadPredict dist=1780.08 dV=17.954 thr=1 om=0.00209442 lt=3
[ACTIVE] [RED] LeadPredict dist=1669.26 dV=18.9828 thr=1 om=0.00235624 lt=3
runner:local/env:0	num_steps=[11999] | total rewards=[525.3568] | termination= [max time out]
[seed 9] reward=   525.36 ownHP=1.0000 tgtHP=1.0000 max time out
total: 2
[ACTIVE] [RED] LeadPredict dist=1509.85 dV=4.01263 thr=0.796895 om=0.953054 lt=3
[ACTIVE] [RED] LeadPredict dist=4034.67 dV=41.8754 thr=1 om=1.08136 lt=3
[ACTIVE] [RED] LeadPredict dist=5349.77 dV=35.6507 thr=1 om=1.54185 lt=3
[ACTIVE] [RED] LeadPredict dist=4370.29 dV=1.33755 thr=1 om=1.05435 lt=3
[ACTIVE] [RED] LeadPredict dist=3297.67 dV=5.81317 thr=1 om=0.0910396 lt=3
[ACTIVE] [RED] LeadPredict dist=2756.28 dV=-2.41788 thr=1 om=0.0136588 lt=3
[DUTY] team=1 ticks=18600 v27종말조준=2.02151% v21뱅크예측=45.3387% v17궤도조건=39.9677% v17슬롯적용=30.0968% 상승클램프=0% 강하클램프=10.5% v23b조건=16.0161% v23b실제적용=15.6398%
[ACTIVE] [RED] LeadPredict dist=2602.55 dV=-9.51715 thr=1 om=0.00440581 lt=3
[ACTIVE] [RED] LeadPredict dist=2611.78 dV=-15.0731 thr=1 om=0.000974972 lt=3
[ACTIVE] [RED] LeadPredict dist=2682.12 dV=-9.7229 thr=1 om=0.00333437 lt=3
[ACTIVE] [RED] LeadPredict dist=2735.8 dV=-8.79691 thr=1 om=0.00897396 lt=3
[ACTIVE] [RED] LeadPredict dist=2766.51 dV=-4.7843 thr=1 om=0.0243394 lt=3
[ACTIVE] [RED] LeadPredict dist=2783.1 dV=0.82312 thr=1 om=0.024431 lt=3
[ACTIVE] [RED] LeadPredict dist=2775.18 dV=15.9476 thr=1 om=0.33145 lt=3
[ACTIVE] [RED] LeadPredict dist=2750.98 dV=2.77795 thr=1 om=0.085538 lt=3
[ACTIVE] [RED] LeadPredict dist=2803.16 dV=-4.26984 thr=1 om=0.173036 lt=3
[ACTIVE] [RED] LeadPredict dist=2836.76 dV=-7.30502 thr=1 om=0.141873 lt=3
[DUTY] team=1 ticks=19200 v27종말조준=1.95833% v21뱅크예측=45.125% v17궤도조건=38.7188% v17슬롯적용=29.1562% 상승클램프=0% 강하클램프=10.3906% v23b조건=15.5156% v23b실제적용=15.151%
[ACTIVE] [RED] LeadPredict dist=2989.28 dV=-39.7662 thr=1 om=0.280486 lt=3
[ACTIVE] [RED] LeadPredict dist=3331.15 dV=-70.3754 thr=1 om=0.0431067 lt=3
[ACTIVE] [RED] LeadPredict dist=3637.01 dV=-39.4061 thr=1 om=0.0877858 lt=3
[ACTIVE] [RED] LeadPredict dist=3837.81 dV=-27.7283 thr=1 om=0.0300446 lt=3
[ACTIVE] [RED] LeadPredict dist=3922.09 dV=-2.77795 thr=1 om=0.0290639 lt=3
[ACTIVE] [RED] LeadPredict dist=3947.99 dV=-1.0289 thr=1 om=0.333612 lt=3
[ACTIVE] [RED] LeadPredict dist=3913.71 dV=8.33392 thr=1 om=0.298483 lt=3
[ACTIVE] [RED] LeadPredict dist=3960.49 dV=-2.31497 thr=1 om=0.476686 lt=3
[ACTIVE] [RED] LeadPredict dist=3925.38 dV=5.50449 thr=1 om=0.0231433 lt=3
[ACTIVE] [RED] LeadPredict dist=3869.8 dV=9.20847 thr=1 om=0.0595241 lt=3
[DUTY] team=1 ticks=19800 v27종말조준=1.89899% v21뱅크예측=45.7424% v17궤도조건=37.5455% v17슬롯적용=28.2727% 상승클램프=0% 강하클램프=10.0758% v23b조건=15.0455% v23b실제적용=14.6919%
[ACTIVE] [RED] LeadPredict dist=3816.5 dV=6.94495 thr=1 om=0.396624 lt=3
[ACTIVE] [RED] LeadPredict dist=3871.42 dV=-23.87 thr=1 om=0.143134 lt=3
[ACTIVE] [RED] LeadPredict dist=4107.98 dV=-56.537 thr=1 om=0.571324 lt=3
[ACTIVE] [RED] LeadPredict dist=4387.62 dV=-38.6344 thr=1 om=0.533105 lt=3
[ACTIVE] [RED] LeadPredict dist=4625.44 dV=-47.3799 thr=1 om=0.144503 lt=3
[ACTIVE] [RED] LeadPredict dist=4934.4 dV=-37.7599 thr=1 om=0.324183 lt=3
[ACTIVE] [RED] LeadPredict dist=5094.12 dV=-13.7356 thr=1 om=0.480222 lt=3
runner:local/env:0	num_steps=[11999] | total rewards=[-33.2106] | termination= [max time out]
[seed 10] reward=   -33.21 ownHP=1.0000 tgtHP=1.0000 max time out
total: 2
[ACTIVE] [RED] LeadPredict dist=2326.27 dV=-4.06409 thr=0.841497 om=0.907576 lt=3
[ACTIVE] [RED] LeadPredict dist=1403.43 dV=-10.083 thr=0.790117 om=1.2485 lt=3
[ACTIVE] [RED] LeadPredict dist=2097.7 dV=-3.65253 thr=0.684515 om=1.13906 lt=3
[DUTY] team=1 ticks=20400 v27종말조준=1.84314% v21뱅크예측=46.8873% v17궤도조건=37.1176% v17슬롯적용=27.4412% 상승클램프=0% 강하클램프=9.77941% v23b조건=15.098% v23b실제적용=14.7549%
[ACTIVE] [RED] LeadPredict dist=1338.17 dV=-3.65253 thr=0.76 om=1.42075 lt=3
[ACTIVE] [RED] ClimbOut Z=2355.19
[ACTIVE] [RED] ClimbOut Z=1932.29
[ACTIVE] [RED] LeadPredict dist=2207.45 dV=1.80057 thr=0.68 om=2.44174 lt=3
[ACTIVE] [RED] LeadPredict dist=2584.05 dV=-0.0514526 thr=1 om=1.5423 lt=3
[ACTIVE] [RED] LeadPredict dist=969.703 dV=-34.879 thr=1 om=0.164624 lt=3
[ACTIVE] [RED] LeadPredict dist=2328.71 dV=33.7987 thr=1 om=1.54035 lt=3
[ACTIVE] [RED] LeadPredict dist=3097.76 dV=98.6696 thr=1 om=0.161786 lt=3
[ACTIVE] [RED] LeadPredict dist=3637.49 dV=69.8609 thr=1 om=0.762641 lt=3
[ACTIVE] [RED] LeadPredict dist=3254.69 dV=21.092 thr=1 om=1.28134 lt=3
[ACTIVE] [RED] LeadPredict dist=2655.02 dV=25.1047 thr=1 om=0.0112002 lt=3
[ACTIVE] [RED] LeadPredict dist=2301.92 dV=-0.771637 thr=1 om=0.00752906 lt=3
[DUTY] team=1 ticks=21000 v27종말조준=1.79048% v21뱅크예측=47.7381% v17궤도조건=37.3% v17슬롯적용=26.9905% 상승클램프=0% 강하클램프=9.72381% v23b조건=15.0667% v23b실제적용=14.7333%
[ACTIVE] [RED] LeadPredict dist=2205.03 dV=0.360107 thr=1 om=0.024628 lt=3
[ACTIVE] [RED] LeadPredict dist=2167.69 dV=0.61734 thr=1 om=0.00146462 lt=3
[ACTIVE] [RED] LeadPredict dist=2149.81 dV=1.13174 thr=1 om=0.00241079 lt=3
[ACTIVE] [RED] LeadPredict dist=2133.68 dV=2.2121 thr=1 om=0.0443368 lt=3
[ACTIVE] [RED] LeadPredict dist=2117.79 dV=2.62363 thr=1 om=0.0356048 lt=3
[ACTIVE] [RED] LeadPredict dist=2098.87 dV=3.44675 thr=1 om=0.0371765 lt=3
[ACTIVE] [RED] LeadPredict dist=2075.86 dV=4.26987 thr=1 om=0.0357798 lt=3
[ACTIVE] [RED] LeadPredict dist=2046.7 dV=5.24728 thr=1 om=0.0276637 lt=3
[ACTIVE] [RED] LeadPredict dist=2012.41 dV=6.32761 thr=1 om=0.0308062 lt=3
[ACTIVE] [RED] LeadPredict dist=1971.07 dV=7.40796 thr=1 om=0.0303688 lt=3
[DUTY] team=1 ticks=21600 v27종말조준=1.74074% v21뱅크예측=46.412% v17궤도조건=36.2639% v17슬롯적용=26.2407% 상승클램프=0% 강하클램프=9.4537% v23b조건=14.6481% v23b실제적용=14.3241%
[ACTIVE] [RED] LeadPredict dist=1923.81 dV=8.48825 thr=1 om=0.0293218 lt=3
[ACTIVE] [RED] LeadPredict dist=1870.46 dV=9.51715 thr=1 om=0.0287112 lt=3
[ACTIVE] [RED] LeadPredict dist=1809.62 dV=10.5975 thr=1 om=0.0282745 lt=3
[ACTIVE] [RED] LeadPredict dist=1742.38 dV=11.7807 thr=1 om=0.0353606 lt=3
[ACTIVE] [RED] LeadPredict dist=1669.12 dV=12.6038 thr=1 om=0.00517735 lt=3
[ACTIVE] [RED] LeadPredict dist=1590.42 dV=13.7355 thr=1 om=0.00250602 lt=3
[ACTIVE] [RED] LeadPredict dist=1505.63 dV=14.6101 thr=1 om=0.00585254 lt=3
[ACTIVE] [RED] LeadPredict dist=1415.89 dV=15.4332 thr=1 om=0.0367441 lt=3
[ACTIVE] [RED] LeadPredict dist=1320.57 dV=16.3592 thr=1 om=0.00254384 lt=3
runner:local/env:0	num_steps=[11999] | total rewards=[673.0948] | termination= [max time out]
[seed 11] reward=   673.09 ownHP=1.0000 tgtHP=1.0000 max time out
total: 2
[ACTIVE] [RED] LeadPredict dist=3552.19 dV=2.2121 thr=1 om=0 lt=3
[DUTY] team=1 ticks=22200 v27종말조준=1.69369% v21뱅크예측=45.1577% v17궤도조건=35.2838% v17슬롯적용=25.5315% 상승클램프=0% 강하클램프=9.1982% v23b조건=14.2523% v23b실제적용=13.9369%
[ACTIVE] [RED] LeadPredict dist=3798.75 dV=5.81317 thr=1 om=0.894816 lt=3
[ACTIVE] [RED] LeadPredict dist=2028.81 dV=0.308655 thr=1 om=1.08223 lt=3
[ACTIVE] [RED] LeadPredict dist=1730.78 dV=-18.0054 thr=0.680143 om=1.22913 lt=3
[ACTIVE] [RED] ClimbOut Z=3072.53
[ACTIVE] [RED] ClimbOut Z=2180.97
[ACTIVE] [RED] LeadPredict dist=1954.53 dV=-7.97385 thr=0.625921 om=1.2055 lt=3
[ACTIVE] [RED] Evade Z=3903.82
[ACTIVE] [RED] Evade Z=4722.74
[ACTIVE] [RED] Evade Z=5423.5
[ACTIVE] [RED] Evade Z=5791.89
[ACTIVE] [RED] Evade Z=5656.9
[ACTIVE] [RED] Evade Z=5077.49
[ACTIVE] [RED] Evade Z=4235.13
[ACTIVE] [RED] ClimbOut Z=3166.58
[ACTIVE] [RED] ClimbOut Z=2236.15
[ACTIVE] [RED] LeadPredict dist=1547.44 dV=10.1345 thr=1 om=0 lt=3
[ACTIVE] [RED] ClimbOut Z=1871.02
[ACTIVE] [RED] LeadPredict dist=1720.17 dV=7.92236 thr=0.695885 om=1.34438 lt=3
[ACTIVE] [RED] Evade Z=4064.02
[ACTIVE] [RED] LeadPredict dist=324.342 dV=-11.1119 thr=1 om=1.10015 lt=1.21855
[ACTIVE] [RED] LeadPredict dist=1787.79 dV=-3.65253 thr=1 om=1.44756 lt=3
[ACTIVE] [RED] LeadPredict dist=1007.06 dV=-17.5424 thr=1 om=1.6533 lt=3
[ACTIVE] [RED] LeadPredict dist=1271.04 dV=13.324 thr=1 om=0.18214 lt=3
[DUTY] team=1 ticks=22800 v27종말조준=1.64912% v21뱅크예측=46.2018% v17궤도조건=36.3947% v17슬롯적용=25.6053% 상승클램프=0% 강하클램프=9.05702% v23b조건=14.6184% v23b실제적용=14.3114%
[ACTIVE] [RED] LeadPredict dist=1780.7 dV=7.61371 thr=1 om=1.12312 lt=3
[ACTIVE] [RED] LeadPredict dist=1150.37 dV=-16.102 thr=1 om=0.975222 lt=3
[ACTIVE] [RED] LeadPredict dist=1268.92 dV=-35.0848 thr=1 om=0.22307 lt=3
[ACTIVE] [RED] LeadPredict dist=1422.22 dV=-19.9603 thr=1 om=0.116921 lt=3
[ACTIVE] [RED] LeadPredict dist=1511.55 dV=-11.8321 thr=1 om=0.0139721 lt=3
[ACTIVE] [RED] LeadPredict dist=1579.18 dV=-11.4206 thr=1 om=0.0271384 lt=3
[ACTIVE] [RED] LeadPredict dist=1658.4 dV=-12.9639 thr=1 om=0.00929635 lt=3
[ACTIVE] [RED] LeadPredict dist=1753.01 dV=-13.2211 thr=1 om=0.00443539 lt=3
[ACTIVE] [RED] LeadPredict dist=1928.5 dV=-38.7888 thr=0.433302 om=0.00655812 lt=3
[ACTIVE] [RED] LeadPredict dist=2297.61 dV=-67.4945 thr=0.441391 om=0.0290249 lt=3
[DUTY] team=1 ticks=23400 v27종말조준=1.60684% v21뱅크예측=45.9829% v17궤도조건=36.5085% v17슬롯적용=25.9957% 상승클램프=0% 강하클램프=10.3034% v23b조건=14.7265% v23b실제적용=14.4274%
[ACTIVE] [RED] LeadPredict dist=2505.22 dV=-53.5017 thr=1 om=0.0242792 lt=3
[ACTIVE] [RED] LeadPredict dist=2663.84 dV=-20.3204 thr=1 om=0.0122005 lt=3
[ACTIVE] [RED] LeadPredict dist=2817.9 dV=-37.9142 thr=1 om=0.198001 lt=3
[ACTIVE] [RED] LeadPredict dist=2978.63 dV=-5.60742 thr=1 om=0.255564 lt=3
[ACTIVE] [RED] LeadPredict dist=3040.94 dV=-14.7644 thr=1 om=0.61674 lt=3
[ACTIVE] [RED] LeadPredict dist=3212.67 dV=-33.6958 thr=1 om=0.110099 lt=3
runner:local/env:0	num_steps=[11999] | total rewards=[231.9144] | termination= [max time out]
[seed 12] reward=   231.91 ownHP=0.9299 tgtHP=1.0000 max time out
total: 2
[ACTIVE] [RED] LeadPredict dist=4297.56 dV=2.31497 thr=1 om=1.28264 lt=3
[ACTIVE] [RED] LeadPredict dist=2757.93 dV=0.771667 thr=1 om=0.884751 lt=3
[ACTIVE] [RED] LeadPredict dist=1677.85 dV=-16.8222 thr=0.705505 om=0.0670702 lt=3
[ACTIVE] [RED] LeadPredict dist=2366.35 dV=-47.4828 thr=0.659372 om=0.756502 lt=3
[DUTY] team=1 ticks=24000 v27종말조준=1.56667% v21뱅크예측=46.5792% v17궤도조건=36.125% v17슬롯적용=25.875% 상승클램프=0% 강하클램프=11.1917% v23b조건=14.8958% v23b실제적용=14.6042%
[ACTIVE] [RED] LeadPredict dist=2367.92 dV=-2.82941 thr=1 om=1.04929 lt=3
[ACTIVE] [RED] LeadPredict dist=2113.55 dV=2.10919 thr=1 om=0.0125197 lt=3
[ACTIVE] [RED] LeadPredict dist=2060.09 dV=3.96118 thr=1 om=0.018416 lt=3
[ACTIVE] [RED] LeadPredict dist=2018.07 dV=6.68771 thr=1 om=0.0020736 lt=3
[ACTIVE] [RED] LeadPredict dist=1968.35 dV=8.74548 thr=1 om=0.0363905 lt=3
[ACTIVE] [RED] LeadPredict dist=1907.29 dV=11.5749 thr=1 om=0.00410466 lt=3
[ACTIVE] [RED] LeadPredict dist=1830.15 dV=13.6841 thr=1 om=0.044186 lt=3
[ACTIVE] [RED] LeadPredict dist=1741.72 dV=15.7419 thr=1 om=0.046525 lt=3
[ACTIVE] [RED] LeadPredict dist=1639.25 dV=18.0569 thr=1 om=0.000786588 lt=3
[ACTIVE] [RED] LeadPredict dist=1522.44 dV=20.8348 thr=1 om=0.00438724 lt=3
[DUTY] team=1 ticks=24600 v27종말조준=1.52846% v21뱅크예측=45.7358% v17궤도조건=35.5772% v17슬롯적용=25.5772% 상승클램프=0% 강하클램프=10.9187% v23b조건=14.5894% v23b실제적용=14.3049%
[ACTIVE] [RED] LeadPredict dist=1385.19 dV=24.0758 thr=1 om=0.0106469 lt=3
[ACTIVE] [RED] LeadPredict dist=1226.39 dV=27.4196 thr=1 om=0.0113456 lt=3
[ACTIVE] [RED] LeadPredict dist=1044.6 dV=30.1976 thr=1 om=0.0699894 lt=3
[ACTIVE] [RED] LeadPredict dist=842.591 dV=32.8727 thr=0.832 om=0.119994 lt=0
[ACTIVE] [RED] LeadPredict dist=627.009 dV=24.9503 thr=0.700596 om=0.240684 lt=0.00362091
[ACTIVE] [RED] LeadPredict dist=445.276 dV=8.38538 thr=0.899375 om=0.598896 lt=0
[ACTIVE] [RED] LeadPredict dist=374.775 dV=-3.70396 thr=0.924448 om=1.02859 lt=0.593075
[ACTIVE] [RED] LeadPredict dist=414.415 dV=-5.65883 thr=1 om=0.251963 lt=2.198
[ACTIVE] [RED] LeadPredict dist=491.342 dV=-2.77797 thr=1 om=1.06132 lt=2.09131
[ACTIVE] [RED] LeadPredict dist=522.673 dV=1.23465 thr=0.985184 om=0.61352 lt=1.45625
[DUTY] team=1 ticks=25200 v27종말조준=2.59127% v21뱅크예측=45.623% v17궤도조건=36.3175% v17슬롯적용=26.5556% 상승클램프=0% 강하클램프=11.25% v23b조건=14.2421% v23b실제적용=13.9643%
[ACTIVE] [RED] LeadPredict dist=520.092 dV=-0.771637 thr=0.652376 om=0.232706 lt=1.52165
runner:local/env:0	num_steps=[9084] | total rewards=[1112.4380] | termination= [target destroyed]
[seed 13] reward=  1112.44 ownHP=1.0000 tgtHP=-0.0050 target destroyed
total: 2
[ACTIVE] [RED] LeadPredict dist=5514.77 dV=0.874573 thr=1 om=0 lt=3
[ACTIVE] [RED] LeadPredict dist=4685.32 dV=-2.93231 thr=1 om=0.979761 lt=3
[ACTIVE] [RED] LeadPredict dist=3456.12 dV=-46.2996 thr=1 om=0.0157853 lt=3
[ACTIVE] [RED] LeadPredict dist=3494.55 dV=-68.935 thr=1 om=1.39305 lt=3
[ACTIVE] [RED] LeadPredict dist=2541.96 dV=-13.1182 thr=1 om=0.167246 lt=3
[ACTIVE] [RED] LeadPredict dist=2032.26 dV=12.7581 thr=1 om=0.686671 lt=3
[ACTIVE] [RED] LeadPredict dist=1617.3 dV=59.4693 thr=1 om=0.395462 lt=3
[ACTIVE] [RED] LeadPredict dist=1188.51 dV=47.277 thr=1 om=1.50167 lt=2.81812
[ACTIVE] [RED] LeadPredict dist=910.442 dV=26.5966 thr=0.877534 om=1.76294 lt=1.35248
[DUTY] team=1 ticks=25800 v27종말조준=2.70155% v21뱅크예측=45.969% v17궤도조건=36.8295% v17슬롯적용=27.2946% 상승클램프=0% 강하클램프=12.7093% v23b조건=14.2752% v23b실제적용=14.0039%
[ACTIVE] [RED] LeadPredict dist=961.043 dV=-10.0316 thr=0.826519 om=1.48112 lt=2.74766
[ACTIVE] [RED] ClimbOut Z=2548.36
[ACTIVE] [RED] LeadPredict dist=860.547 dV=0.874542 thr=0.700039 om=1.46237 lt=2.60315
[ACTIVE] [RED] LeadPredict dist=952.708 dV=12.0893 thr=0.719935 om=1.99272 lt=2.92334
[ACTIVE] [RED] LeadPredict dist=1017.72 dV=2.05777 thr=1 om=1.608 lt=3
[ACTIVE] [RED] LeadPredict dist=1285.65 dV=-23.2527 thr=0.858988 om=0.88931 lt=3
[ACTIVE] [RED] ClimbOut Z=2513.86
[ACTIVE] [RED] LeadPredict dist=1508.66 dV=33.2328 thr=0.709003 om=0.116603 lt=3
[ACTIVE] [RED] LeadPredict dist=1562.24 dV=2.4693 thr=1 om=1.41737 lt=3
[ACTIVE] [RED] LeadPredict dist=1316.27 dV=-17.9025 thr=1 om=0.0265311 lt=3
[ACTIVE] [RED] LeadPredict dist=1388.68 dV=-5.71027 thr=1 om=0.0184935 lt=3
[ACTIVE] [RED] LeadPredict dist=1410.24 dV=-3.65253 thr=1 om=0.0323188 lt=3
[DUTY] team=1 ticks=26400 v27종말조준=2.65909% v21뱅크예측=46.3598% v17궤도조건=37.6818% v17슬롯적용=28.3636% 상승클램프=0% 강하클램프=12.6402% v23b조건=15.197% v23b실제적용=14.9318%
[ACTIVE] [RED] LeadPredict dist=1418.76 dV=-0.977448 thr=1 om=0.0188366 lt=3
[ACTIVE] [RED] LeadPredict dist=1423.95 dV=0.61734 thr=1 om=0.0340673 lt=3
[ACTIVE] [RED] LeadPredict dist=1418.51 dV=0.82312 thr=1 om=0.00556049 lt=3
[ACTIVE] [RED] LeadPredict dist=1405.41 dV=2.98376 thr=1 om=0.020771 lt=3
[ACTIVE] [RED] LeadPredict dist=1387.21 dV=3.44675 thr=1 om=0.0340077 lt=3
[ACTIVE] [RED] LeadPredict dist=1361.59 dV=5.09296 thr=1 om=0.0241073 lt=3
[ACTIVE] [RED] LeadPredict dist=1329.31 dV=5.86462 thr=1 om=0.0383841 lt=3
[ACTIVE] [RED] LeadPredict dist=1289.05 dV=7.30505 thr=1 om=0.00145166 lt=3
[ACTIVE] [RED] LeadPredict dist=1242.5 dV=7.97382 thr=1 om=0.000476714 lt=3
[ACTIVE] [RED] LeadPredict dist=1193.56 dV=8.4368 thr=1 om=0.00334099 lt=3
[DUTY] team=1 ticks=27000 v27종말조준=2.6% v21뱅크예측=45.3296% v17궤도조건=36.8444% v17슬롯적용=27.7333% 상승클램프=0% 강하클램프=12.3593% v23b조건=14.8593% v23b실제적용=14.6%
[ACTIVE] [RED] LeadPredict dist=1140.57 dV=9.05414 thr=1 om=0.00384065 lt=3
[ACTIVE] [RED] LeadPredict dist=1083.94 dV=9.5686 thr=1 om=0.00506202 lt=3
[ACTIVE] [RED] LeadPredict dist=1025.03 dV=10.0316 thr=1 om=0.00646233 lt=3
[ACTIVE] [RED] LeadPredict dist=962.606 dV=10.7518 thr=1 om=0.0081161 lt=3
runner:local/env:0	num_steps=[11999] | total rewards=[1225.9623] | termination= [max time out]
[seed 14] reward=  1225.96 ownHP=1.0000 tgtHP=0.5964 max time out
Remove Space Complete.

[rehearsal own_rep=6 tgt_rep=6 seeds=15]
SUMMARY dealt=3.8091 taken=0.0701 mean_reward=530.52
tacview log saved (last episode)

########## dtfix_orbit vs AIP_junghwan.dll ##########


     JSBSim Flight Dynamics Model v1.0.0 May 27 2026 16:13:38
            [JSBSim-ML v2.0]

JSBSim startup beginning ...

total: 2
Behavior Tree Initialized Successfully
Behavior Tree Initialized Successfully
[WOBBLE_FIRE] team=2 losTgt=168.67
[WOBBLE_FIRE] team=2 losTgt=168.64
[WOBBLE_FIRE] team=2 losTgt=168.53
[WOBBLE_FIRE] team=2 losTgt=168.47
[WOBBLE_FIRE] team=2 losTgt=168.44
[WOBBLE_FIRE] team=2 losTgt=168.43
[WOBBLE_FIRE] team=2 losTgt=168.45
[WOBBLE_FIRE] team=2 losTgt=168.38
[WOBBLE_FIRE] team=2 losTgt=167.90
[WOBBLE_FIRE] team=2 losTgt=166.70
[WOBBLE_FIRE] team=2 losTgt=164.68
[WOBBLE_FIRE] team=2 losTgt=162.44
[WOBBLE_FIRE] team=2 losTgt=160.68
[WOBBLE_FIRE] team=2 losTgt=159.47
[WOBBLE_FIRE] team=2 losTgt=158.48
[WOBBLE_FIRE] team=2 losTgt=157.41
[WOBBLE_FIRE] team=2 losTgt=156.38
[WOBBLE_FIRE] team=2 losTgt=155.42
[WOBBLE_FIRE] team=2 losTgt=154.51
[WOBBLE_FIRE] team=2 losTgt=153.63
[WOBBLE_FIRE] team=2 losTgt=152.80
[WOBBLE_FIRE] team=2 losTgt=152.02
[WOBBLE_FIRE] team=2 losTgt=151.27
[WOBBLE_FIRE] team=2 losTgt=150.55
[WOBBLE_FIRE] team=2 losTgt=149.85
[WOBBLE_FIRE] team=2 losTgt=149.15
[WOBBLE_FIRE] team=2 losTgt=148.44
[WOBBLE_FIRE] team=2 losTgt=147.73
[WOBBLE_FIRE] team=2 losTgt=147.02
[WOBBLE_FIRE] team=2 losTgt=146.31
[WOBBLE_FIRE] team=2 losTgt=145.59
[WOBBLE_FIRE] team=2 losTgt=144.87
[WOBBLE_FIRE] team=2 losTgt=144.14
[WOBBLE_FIRE] team=2 losTgt=143.42
[WOBBLE_FIRE] team=2 losTgt=142.69
[WOBBLE_FIRE] team=2 losTgt=141.95
[WOBBLE_FIRE] team=2 losTgt=141.21
[WOBBLE_FIRE] team=2 losTgt=140.46
[WOBBLE_FIRE] team=2 losTgt=139.70
[WOBBLE_FIRE] team=2 losTgt=138.95
[WOBBLE_FIRE] team=2 losTgt=138.21
[WOBBLE_FIRE] team=2 losTgt=137.47
[WOBBLE_FIRE] team=2 losTgt=136.73
[WOBBLE_FIRE] team=2 losTgt=135.99
[WOBBLE_FIRE] team=2 losTgt=135.26
[WOBBLE_FIRE] team=2 losTgt=134.53
[WOBBLE_FIRE] team=2 losTgt=133.80
[WOBBLE_FIRE] team=2 losTgt=133.08
[WOBBLE_FIRE] team=2 losTgt=132.36
[WOBBLE_FIRE] team=2 losTgt=131.64
[WOBBLE_FIRE] team=2 losTgt=130.93
[WOBBLE_FIRE] team=2 losTgt=130.21
[WOBBLE_FIRE] team=2 losTgt=129.51
[WOBBLE_FIRE] team=2 losTgt=128.80
[WOBBLE_FIRE] team=2 losTgt=128.10
[WOBBLE_FIRE] team=2 losTgt=127.38
[WOBBLE_FIRE] team=2 losTgt=126.66
[WOBBLE_FIRE] team=2 losTgt=125.92
[WOBBLE_FIRE] team=2 losTgt=125.18
[ACTIVE] [RED] LeadPredict dist=3869.69 dV=-3.80685 thr=1 om=0.599185 lt=3
[WOBBLE_FIRE] team=2 losTgt=124.44
[WOBBLE_FIRE] team=2 losTgt=123.69
[WOBBLE_FIRE] team=2 losTgt=122.95
[WOBBLE_FIRE] team=2 losTgt=122.20
[WOBBLE_FIRE] team=2 losTgt=121.45
[WOBBLE_FIRE] team=2 losTgt=120.70
[WOBBLE_FIRE] team=2 losTgt=119.95
[WOBBLE_FIRE] team=2 losTgt=119.20
[WOBBLE_FIRE] team=2 losTgt=118.44
[WOBBLE_FIRE] team=2 losTgt=117.69
[WOBBLE_FIRE] team=2 losTgt=116.93
[WOBBLE_FIRE] team=2 losTgt=116.17
[WOBBLE_FIRE] team=2 losTgt=115.41
[WOBBLE_FIRE] team=2 losTgt=114.65
[WOBBLE_FIRE] team=2 losTgt=113.89
[WOBBLE_FIRE] team=2 losTgt=113.12
[WOBBLE_FIRE] team=2 losTgt=112.35
[WOBBLE_FIRE] team=2 losTgt=111.59
[WOBBLE_FIRE] team=2 losTgt=110.82
[WOBBLE_FIRE] team=2 losTgt=110.04
[WOBBLE_FIRE] team=2 losTgt=109.27
[WOBBLE_FIRE] team=2 losTgt=108.50
[WOBBLE_FIRE] team=2 losTgt=107.72
[WOBBLE_FIRE] team=2 losTgt=106.94
[WOBBLE_FIRE] team=2 losTgt=106.16
[WOBBLE_FIRE] team=2 losTgt=105.38
[WOBBLE_FIRE] team=2 losTgt=104.60
[WOBBLE_FIRE] team=2 losTgt=103.81
[WOBBLE_FIRE] team=2 losTgt=103.02
[WOBBLE_FIRE] team=2 losTgt=102.23
[WOBBLE_FIRE] team=2 losTgt=101.44
[WOBBLE_FIRE] team=2 losTgt=100.65
[WOBBLE_FIRE] team=2 losTgt=99.85
[WOBBLE_FIRE] team=2 losTgt=99.05
[WOBBLE_FIRE] team=2 losTgt=98.25
[WOBBLE_FIRE] team=2 losTgt=97.45
[WOBBLE_FIRE] team=2 losTgt=96.65
[WOBBLE_FIRE] team=2 losTgt=95.84
[WOBBLE_FIRE] team=2 losTgt=95.03
[WOBBLE_FIRE] team=2 losTgt=94.22
[WOBBLE_FIRE] team=2 losTgt=93.40
[WOBBLE_FIRE] team=2 losTgt=92.58
[WOBBLE_FIRE] team=2 losTgt=91.76
[WOBBLE_FIRE] team=2 losTgt=90.94
[WOBBLE_FIRE] team=2 losTgt=90.11
[WOBBLE_FIRE] team=2 losTgt=89.28
[WOBBLE_FIRE] team=2 losTgt=88.45
[WOBBLE_FIRE] team=2 losTgt=87.62
[WOBBLE_FIRE] team=2 losTgt=86.78
[WOBBLE_FIRE] team=2 losTgt=85.94
[WOBBLE_FIRE] team=2 losTgt=85.10
[WOBBLE_FIRE] team=2 losTgt=84.25
[WOBBLE_FIRE] team=2 losTgt=83.40
[WOBBLE_FIRE] team=2 losTgt=82.55
[WOBBLE_FIRE] team=2 losTgt=81.69
[WOBBLE_FIRE] team=2 losTgt=80.83
[WOBBLE_FIRE] team=2 losTgt=79.96
[WOBBLE_FIRE] team=2 losTgt=79.10
[WOBBLE_FIRE] team=2 losTgt=78.23
[WOBBLE_FIRE] team=2 losTgt=77.35
[ACTIVE] [RED] LeadPredict dist=2798.61 dV=-15.6904 thr=1 om=0.667063 lt=3
[WOBBLE_FIRE] team=2 losTgt=76.48
[WOBBLE_FIRE] team=2 losTgt=75.59
[WOBBLE_FIRE] team=2 losTgt=74.71
[WOBBLE_FIRE] team=2 losTgt=73.82
[WOBBLE_FIRE] team=2 losTgt=72.92
[WOBBLE_FIRE] team=2 losTgt=72.24
[WOBBLE_FIRE] team=2 losTgt=71.55
[WOBBLE_FIRE] team=2 losTgt=70.65
[WOBBLE_FIRE] team=2 losTgt=69.61
[WOBBLE_FIRE] team=2 losTgt=68.55
[WOBBLE_FIRE] team=2 losTgt=67.50
[WOBBLE_FIRE] team=2 losTgt=66.43
[WOBBLE_FIRE] team=2 losTgt=65.35
[WOBBLE_FIRE] team=2 losTgt=64.28
[WOBBLE_FIRE] team=2 losTgt=63.20
[WOBBLE_FIRE] team=2 losTgt=62.12
[WOBBLE_FIRE] team=2 losTgt=61.02
[WOBBLE_FIRE] team=2 losTgt=59.91
[WOBBLE_FIRE] team=2 losTgt=58.79
[WOBBLE_FIRE] team=2 losTgt=57.66
[WOBBLE_FIRE] team=2 losTgt=56.51
[WOBBLE_FIRE] team=2 losTgt=55.34
[WOBBLE_FIRE] team=2 losTgt=54.15
[WOBBLE_FIRE] team=2 losTgt=52.95
[WOBBLE_FIRE] team=2 losTgt=51.72
[WOBBLE_FIRE] team=2 losTgt=50.47
[WOBBLE_FIRE] team=2 losTgt=49.20
[WOBBLE_FIRE] team=2 losTgt=47.90
[WOBBLE_FIRE] team=2 losTgt=46.58
[WOBBLE_FIRE] team=2 losTgt=45.22
[ACTIVE] [RED] LeadPredict dist=464.889 dV=-47.74 thr=0.604494 om=1.21038 lt=1.31674
[WOBBLE_FIRE] team=2 losTgt=50.84
[WOBBLE_FIRE] team=2 losTgt=58.50
[WOBBLE_FIRE] team=2 losTgt=66.35
[WOBBLE_FIRE] team=2 losTgt=74.02
[WOBBLE_FIRE] team=2 losTgt=81.27
[WOBBLE_FIRE] team=2 losTgt=87.91
[WOBBLE_FIRE] team=2 losTgt=93.90
[WOBBLE_FIRE] team=2 losTgt=99.17
[WOBBLE_FIRE] team=2 losTgt=103.82
[WOBBLE_FIRE] team=2 losTgt=107.93
[WOBBLE_FIRE] team=2 losTgt=111.58
[WOBBLE_FIRE] team=2 losTgt=114.83
[WOBBLE_FIRE] team=2 losTgt=117.45
[WOBBLE_FIRE] team=2 losTgt=119.06
[WOBBLE_FIRE] team=2 losTgt=119.68
[WOBBLE_FIRE] team=2 losTgt=119.73
[WOBBLE_FIRE] team=2 losTgt=119.85
[WOBBLE_FIRE] team=2 losTgt=120.01
[WOBBLE_FIRE] team=2 losTgt=120.21
[WOBBLE_FIRE] team=2 losTgt=120.36
[WOBBLE_FIRE] team=2 losTgt=120.45
[WOBBLE_FIRE] team=2 losTgt=120.48
[WOBBLE_FIRE] team=2 losTgt=120.47
[WOBBLE_FIRE] team=2 losTgt=120.41
[WOBBLE_FIRE] team=2 losTgt=120.31
[WOBBLE_FIRE] team=2 losTgt=120.17
[WOBBLE_FIRE] team=2 losTgt=119.99
[WOBBLE_FIRE] team=2 losTgt=119.78
[WOBBLE_FIRE] team=2 losTgt=119.54
[WOBBLE_FIRE] team=2 losTgt=119.27
[WOBBLE_FIRE] team=2 losTgt=118.98
[WOBBLE_FIRE] team=2 losTgt=118.66
[WOBBLE_FIRE] team=2 losTgt=118.32
[WOBBLE_FIRE] team=2 losTgt=117.96
[WOBBLE_FIRE] team=2 losTgt=117.59
[WOBBLE_FIRE] team=2 losTgt=117.20
[WOBBLE_FIRE] team=2 losTgt=116.79
[WOBBLE_FIRE] team=2 losTgt=116.37
[WOBBLE_FIRE] team=2 losTgt=115.94
[WOBBLE_FIRE] team=2 losTgt=115.49
[WOBBLE_FIRE] team=2 losTgt=115.03
[WOBBLE_FIRE] team=2 losTgt=114.56
[WOBBLE_FIRE] team=2 losTgt=114.08
[WOBBLE_FIRE] team=2 losTgt=113.59
[WOBBLE_FIRE] team=2 losTgt=114.06
[WOBBLE_FIRE] team=2 losTgt=116.89
[WOBBLE_FIRE] team=2 losTgt=118.14
[WOBBLE_FIRE] team=2 losTgt=119.43
[WOBBLE_FIRE] team=2 losTgt=120.47
[WOBBLE_FIRE] team=2 losTgt=121.40
[WOBBLE_FIRE] team=2 losTgt=122.28
[WOBBLE_FIRE] team=2 losTgt=123.14
[WOBBLE_FIRE] team=2 losTgt=123.98
[WOBBLE_FIRE] team=2 losTgt=124.82
[WOBBLE_FIRE] team=2 losTgt=125.87
[WOBBLE_FIRE] team=2 losTgt=127.43
[WOBBLE_FIRE] team=2 losTgt=129.49
[WOBBLE_FIRE] team=2 losTgt=131.83
[WOBBLE_FIRE] team=2 losTgt=133.95
[WOBBLE_FIRE] team=2 losTgt=135.97
[WOBBLE_FIRE] team=2 losTgt=137.87
[WOBBLE_FIRE] team=2 losTgt=139.74
[WOBBLE_FIRE] team=2 losTgt=141.56
[WOBBLE_FIRE] team=2 losTgt=143.33
[WOBBLE_FIRE] team=2 losTgt=145.07
[WOBBLE_FIRE] team=2 losTgt=146.77
[WOBBLE_FIRE] team=2 losTgt=148.43
[WOBBLE_FIRE] team=2 losTgt=150.04
[WOBBLE_FIRE] team=2 losTgt=151.62
[WOBBLE_FIRE] team=2 losTgt=153.14
[WOBBLE_FIRE] team=2 losTgt=154.61
[WOBBLE_FIRE] team=2 losTgt=156.03
[ACTIVE] [RED] ClimbOut Z=2418.45
[WOBBLE_FIRE] team=2 losTgt=157.37
[WOBBLE_FIRE] team=2 losTgt=158.63
[WOBBLE_FIRE] team=2 losTgt=159.80
[WOBBLE_FIRE] team=2 losTgt=160.87
[WOBBLE_FIRE] team=2 losTgt=161.82
[WOBBLE_FIRE] team=2 losTgt=162.64
[WOBBLE_FIRE] team=2 losTgt=162.70
[WOBBLE_FIRE] team=2 losTgt=162.02
[WOBBLE_FIRE] team=2 losTgt=162.49
[WOBBLE_FIRE] team=2 losTgt=161.93
[WOBBLE_FIRE] team=2 losTgt=161.69
[WOBBLE_FIRE] team=2 losTgt=162.12
[WOBBLE_FIRE] team=2 losTgt=160.91
[WOBBLE_FIRE] team=2 losTgt=159.02
[WOBBLE_FIRE] team=2 losTgt=158.32
[WOBBLE_FIRE] team=2 losTgt=156.39
[WOBBLE_FIRE] team=2 losTgt=154.82
[WOBBLE_FIRE] team=2 losTgt=153.26
[WOBBLE_FIRE] team=2 losTgt=151.73
[WOBBLE_FIRE] team=2 losTgt=150.23
[WOBBLE_FIRE] team=2 losTgt=148.78
[WOBBLE_FIRE] team=2 losTgt=147.34
[WOBBLE_FIRE] team=2 losTgt=145.93
[WOBBLE_FIRE] team=2 losTgt=144.53
[ACTIVE] [RED] LeadPredict dist=5655.67 dV=33.1299 thr=1 om=1.24601 lt=3
[WOBBLE_FIRE] team=2 losTgt=143.15
[WOBBLE_FIRE] team=2 losTgt=141.78
[WOBBLE_FIRE] team=2 losTgt=140.41
[WOBBLE_FIRE] team=2 losTgt=139.05
[WOBBLE_FIRE] team=2 losTgt=137.70
[WOBBLE_FIRE] team=2 losTgt=136.36
[WOBBLE_FIRE] team=2 losTgt=135.02
[WOBBLE_FIRE] team=2 losTgt=133.69
[WOBBLE_FIRE] team=2 losTgt=132.36
[WOBBLE_FIRE] team=2 losTgt=131.04
[WOBBLE_FIRE] team=2 losTgt=129.72
[WOBBLE_FIRE] team=2 losTgt=128.41
[WOBBLE_FIRE] team=2 losTgt=127.09
[WOBBLE_FIRE] team=2 losTgt=125.78
[WOBBLE_FIRE] team=2 losTgt=124.47
[WOBBLE_FIRE] team=2 losTgt=123.17
[WOBBLE_FIRE] team=2 losTgt=121.86
[WOBBLE_FIRE] team=2 losTgt=120.56
[WOBBLE_FIRE] team=2 losTgt=119.26
[WOBBLE_FIRE] team=2 losTgt=117.96
[WOBBLE_FIRE] team=2 losTgt=116.66
[WOBBLE_FIRE] team=2 losTgt=115.37
[WOBBLE_FIRE] team=2 losTgt=114.07
[WOBBLE_FIRE] team=2 losTgt=112.78
[WOBBLE_FIRE] team=2 losTgt=111.49
[WOBBLE_FIRE] team=2 losTgt=110.21
[WOBBLE_FIRE] team=2 losTgt=108.92
[WOBBLE_FIRE] team=2 losTgt=107.64
[WOBBLE_FIRE] team=2 losTgt=106.36
[WOBBLE_FIRE] team=2 losTgt=105.08
[WOBBLE_FIRE] team=2 losTgt=103.80
[WOBBLE_FIRE] team=2 losTgt=102.52
[WOBBLE_FIRE] team=2 losTgt=101.24
[WOBBLE_FIRE] team=2 losTgt=99.97
[WOBBLE_FIRE] team=2 losTgt=98.70
[WOBBLE_FIRE] team=2 losTgt=97.43
[WOBBLE_FIRE] team=2 losTgt=96.16
[WOBBLE_FIRE] team=2 losTgt=94.89
[WOBBLE_FIRE] team=2 losTgt=93.62
[WOBBLE_FIRE] team=2 losTgt=92.36
[WOBBLE_FIRE] team=2 losTgt=91.09
[WOBBLE_FIRE] team=2 losTgt=89.83
[WOBBLE_FIRE] team=2 losTgt=88.57
[WOBBLE_FIRE] team=2 losTgt=87.31
[WOBBLE_FIRE] team=2 losTgt=86.05
[WOBBLE_FIRE] team=2 losTgt=84.79
[WOBBLE_FIRE] team=2 losTgt=83.53
[WOBBLE_FIRE] team=2 losTgt=82.27
[WOBBLE_FIRE] team=2 losTgt=81.01
[WOBBLE_FIRE] team=2 losTgt=79.75
[WOBBLE_FIRE] team=2 losTgt=78.50
[WOBBLE_FIRE] team=2 losTgt=77.24
[WOBBLE_FIRE] team=2 losTgt=75.98
[WOBBLE_FIRE] team=2 losTgt=74.71
[WOBBLE_FIRE] team=2 losTgt=73.45
[WOBBLE_FIRE] team=2 losTgt=72.20
[WOBBLE_FIRE] team=2 losTgt=70.95
[WOBBLE_FIRE] team=2 losTgt=69.70
[WOBBLE_FIRE] team=2 losTgt=68.45
[WOBBLE_FIRE] team=2 losTgt=67.19
[ACTIVE] [RED] LeadPredict dist=6554.25 dV=56.0225 thr=1 om=1.51454 lt=3
[WOBBLE_FIRE] team=2 losTgt=65.94
[WOBBLE_FIRE] team=2 losTgt=64.68
[WOBBLE_FIRE] team=2 losTgt=63.41
[WOBBLE_FIRE] team=2 losTgt=62.15
[WOBBLE_FIRE] team=2 losTgt=60.88
[WOBBLE_FIRE] team=2 losTgt=59.61
[WOBBLE_FIRE] team=2 losTgt=58.33
[WOBBLE_FIRE] team=2 losTgt=57.06
[WOBBLE_FIRE] team=2 losTgt=55.78
[WOBBLE_FIRE] team=2 losTgt=54.49
[WOBBLE_FIRE] team=2 losTgt=53.21
[WOBBLE_FIRE] team=2 losTgt=51.92
[WOBBLE_FIRE] team=2 losTgt=50.64
[WOBBLE_FIRE] team=2 losTgt=49.35
[WOBBLE_FIRE] team=2 losTgt=48.06
[WOBBLE_FIRE] team=2 losTgt=46.77
[WOBBLE_FIRE] team=2 losTgt=45.48
[ACTIVE] [RED] LeadPredict dist=4434.26 dV=25.259 thr=1 om=1.14686 lt=3
[ACTIVE] [RED] LeadPredict dist=2243.01 dV=21.4521 thr=0.835812 om=0.026125 lt=3
[ACTIVE] [RED] LeadPredict dist=1198.63 dV=-5.9675 thr=1 om=0.0300714 lt=3
[ACTIVE] [RED] LeadPredict dist=950.453 dV=6.22472 thr=1 om=1.41145 lt=3
[ACTIVE] [RED] LeadPredict dist=1124.51 dV=-27.9341 thr=1 om=0.0191867 lt=3
[DUTY] team=1 ticks=600 v27종말조준=0.833333% v21뱅크예측=75.1667% v17궤도조건=30.3333% v17슬롯적용=25% 상승클램프=0% 강하클램프=8.66667% v23b조건=17.6667% v23b실제적용=17.6667%
[ACTIVE] [RED] LeadPredict dist=1585.68 dV=-38.6859 thr=1 om=0.0627102 lt=3
[ACTIVE] [RED] LeadPredict dist=1872.48 dV=-40.4864 thr=0.748576 om=1.34168 lt=3
[ACTIVE] [RED] LeadPredict dist=1723.23 dV=-9.31134 thr=0.619143 om=1.26596 lt=3
[ACTIVE] [RED] LeadPredict dist=1474.87 dV=-6.53339 thr=1 om=0.00478103 lt=3
[ACTIVE] [RED] LeadPredict dist=1487.08 dV=-1.08032 thr=1 om=1.43829 lt=3
[ACTIVE] [RED] LeadPredict dist=1229.54 dV=11.9865 thr=0.546118 om=1.3068 lt=3
[ACTIVE] [RED] LeadPredict dist=1261.75 dV=-12.2437 thr=1 om=0.104279 lt=3
[ACTIVE] [RED] LeadPredict dist=1282.7 dV=16.7707 thr=1 om=1.47581 lt=3
[ACTIVE] [RED] LeadPredict dist=1016.53 dV=29.5289 thr=0.516384 om=1.26658 lt=2.71951
[ACTIVE] [RED] LeadPredict dist=1002.23 dV=0.20578 thr=1 om=0.0241716 lt=2.95673
[DUTY] team=1 ticks=1200 v27종말조준=0.416667% v21뱅크예측=68.0833% v17궤도조건=46.5833% v17슬롯적용=43.9167% 상승클램프=0% 강하클램프=20.9167% v23b조건=24.5% v23b실제적용=24.5%
[ACTIVE] [RED] LeadPredict dist=977.701 dV=2.36642 thr=1 om=1.41781 lt=2.92162
[ACTIVE] [RED] LeadPredict dist=981.886 dV=-12.5523 thr=0.718623 om=1.29151 lt=3
[ACTIVE] [RED] ClimbOut Z=2752.13
[WOBBLE_FIRE] team=2 losTgt=46.16
[WOBBLE_FIRE] team=2 losTgt=47.49
[WOBBLE_FIRE] team=2 losTgt=48.81
[WOBBLE_FIRE] team=2 losTgt=50.11
[WOBBLE_FIRE] team=2 losTgt=51.41
[WOBBLE_FIRE] team=2 losTgt=52.69
[WOBBLE_FIRE] team=2 losTgt=53.96
[ACTIVE] [RED] LeadPredict dist=1119.11 dV=8.79694 thr=0.92 om=6.52819 lt=3
[WOBBLE_FIRE] team=2 losTgt=54.53
[WOBBLE_FIRE] team=2 losTgt=54.20
[WOBBLE_FIRE] team=2 losTgt=55.25
[WOBBLE_FIRE] team=2 losTgt=56.51
[WOBBLE_FIRE] team=2 losTgt=56.60
[WOBBLE_FIRE] team=2 losTgt=56.54
[WOBBLE_FIRE] team=2 losTgt=57.27
[WOBBLE_FIRE] team=2 losTgt=57.31
[WOBBLE_FIRE] team=2 losTgt=57.53
[WOBBLE_FIRE] team=2 losTgt=58.36
[WOBBLE_FIRE] team=2 losTgt=60.31
[WOBBLE_FIRE] team=2 losTgt=59.25
[WOBBLE_FIRE] team=2 losTgt=55.20
[WOBBLE_FIRE] team=2 losTgt=54.51
[WOBBLE_FIRE] team=2 losTgt=57.90
[WOBBLE_FIRE] team=2 losTgt=59.77
[WOBBLE_FIRE] team=2 losTgt=56.64
[WOBBLE_FIRE] team=2 losTgt=53.82
[WOBBLE_FIRE] team=2 losTgt=54.19
[WOBBLE_FIRE] team=2 losTgt=52.58
[WOBBLE_FIRE] team=2 losTgt=51.19
[WOBBLE_FIRE] team=2 losTgt=49.97
[WOBBLE_FIRE] team=2 losTgt=48.88
[WOBBLE_FIRE] team=2 losTgt=47.85
[WOBBLE_FIRE] team=2 losTgt=46.91
[WOBBLE_FIRE] team=2 losTgt=47.10
[WOBBLE_FIRE] team=2 losTgt=49.83
[WOBBLE_FIRE] team=2 losTgt=50.74
[ACTIVE] [RED] ClimbOut Z=2092.26
[WOBBLE_FIRE] team=2 losTgt=51.98
[WOBBLE_FIRE] team=2 losTgt=51.95
[WOBBLE_FIRE] team=2 losTgt=51.83
[WOBBLE_FIRE] team=2 losTgt=51.35
[WOBBLE_FIRE] team=2 losTgt=51.71
[WOBBLE_FIRE] team=2 losTgt=52.38
[WOBBLE_FIRE] team=2 losTgt=52.49
[WOBBLE_FIRE] team=2 losTgt=51.98
[WOBBLE_FIRE] team=2 losTgt=50.94
[WOBBLE_FIRE] team=2 losTgt=49.86
[WOBBLE_FIRE] team=2 losTgt=49.10
[WOBBLE_FIRE] team=2 losTgt=48.54
[WOBBLE_FIRE] team=2 losTgt=48.19
[WOBBLE_FIRE] team=2 losTgt=48.02
[WOBBLE_FIRE] team=2 losTgt=47.98
[WOBBLE_FIRE] team=2 losTgt=48.08
[WOBBLE_FIRE] team=2 losTgt=48.29
[WOBBLE_FIRE] team=2 losTgt=48.62
[WOBBLE_FIRE] team=2 losTgt=49.07
[WOBBLE_FIRE] team=2 losTgt=49.62
[WOBBLE_FIRE] team=2 losTgt=50.26
[WOBBLE_FIRE] team=2 losTgt=50.97
[WOBBLE_FIRE] team=2 losTgt=51.72
[WOBBLE_FIRE] team=2 losTgt=52.50
[WOBBLE_FIRE] team=2 losTgt=53.25
[WOBBLE_FIRE] team=2 losTgt=54.00
[WOBBLE_FIRE] team=2 losTgt=54.74
[WOBBLE_FIRE] team=2 losTgt=55.45
[WOBBLE_FIRE] team=2 losTgt=56.16
[WOBBLE_FIRE] team=2 losTgt=56.82
[WOBBLE_FIRE] team=2 losTgt=57.46
[WOBBLE_FIRE] team=2 losTgt=58.08
[WOBBLE_FIRE] team=2 losTgt=58.68
[WOBBLE_FIRE] team=2 losTgt=59.20
[WOBBLE_FIRE] team=2 losTgt=59.69
[WOBBLE_FIRE] team=2 losTgt=60.07
[WOBBLE_FIRE] team=2 losTgt=60.33
[WOBBLE_FIRE] team=2 losTgt=60.50
[WOBBLE_FIRE] team=2 losTgt=60.60
[WOBBLE_FIRE] team=2 losTgt=60.62
[WOBBLE_FIRE] team=2 losTgt=60.58
[WOBBLE_FIRE] team=2 losTgt=60.47
[WOBBLE_FIRE] team=2 losTgt=60.30
[WOBBLE_FIRE] team=2 losTgt=60.06
[WOBBLE_FIRE] team=2 losTgt=59.78
[WOBBLE_FIRE] team=2 losTgt=59.45
[ACTIVE] [RED] LeadPredict dist=1292.38 dV=36.6281 thr=0.673584 om=1.77663 lt=3
[WOBBLE_FIRE] team=2 losTgt=59.07
[WOBBLE_FIRE] team=2 losTgt=58.65
[WOBBLE_FIRE] team=2 losTgt=58.17
[WOBBLE_FIRE] team=2 losTgt=57.66
[WOBBLE_FIRE] team=2 losTgt=57.10
[WOBBLE_FIRE] team=2 losTgt=56.51
[WOBBLE_FIRE] team=2 losTgt=55.88
[WOBBLE_FIRE] team=2 losTgt=55.21
[WOBBLE_FIRE] team=2 losTgt=54.49
[WOBBLE_FIRE] team=2 losTgt=53.73
[WOBBLE_FIRE] team=2 losTgt=52.92
[WOBBLE_FIRE] team=2 losTgt=52.08
[WOBBLE_FIRE] team=2 losTgt=51.20
[WOBBLE_FIRE] team=2 losTgt=50.29
[WOBBLE_FIRE] team=2 losTgt=49.34
[WOBBLE_FIRE] team=2 losTgt=48.35
[WOBBLE_FIRE] team=2 losTgt=47.33
[WOBBLE_FIRE] team=2 losTgt=46.29
[WOBBLE_FIRE] team=2 losTgt=45.20
[ACTIVE] [RED] LeadPredict dist=996.903 dV=-8.33392 thr=1 om=1.63673 lt=3
[ACTIVE] [RED] LeadPredict dist=1132.95 dV=-27.3682 thr=1 om=0.0648154 lt=3
[ACTIVE] [RED] LeadPredict dist=1168.98 dV=16.0505 thr=1 om=1.35794 lt=3
[ACTIVE] [RED] LeadPredict dist=1004.72 dV=29.1688 thr=1 om=1.43976 lt=3
[ACTIVE] [RED] LeadPredict dist=801.571 dV=30.352 thr=0.635776 om=0.0567996 lt=2.84904
[ACTIVE] [RED] LeadPredict dist=799.256 dV=7.09926 thr=0.914809 om=0.0114138 lt=0
[DUTY] team=1 ticks=1800 v27종말조준=2.66667% v21뱅크예측=68.5556% v17궤도조건=58.0556% v17슬롯적용=56.2778% 상승클램프=0% 강하클램프=18.3333% v23b조건=31.0556% v23b실제적용=29.2778%
[ACTIVE] [RED] LeadPredict dist=740.307 dV=14.8673 thr=0.822877 om=1.69457 lt=3
init ID:1 Lat37.92355643001773 Lon128.18188127777776 Alt(meter)7000.0785355893395 Speed(m/sec)300.0
init ID:1 Lat37.96855377446113 Lon128.18188127777776 Alt(meter)7002.8272734023885 Speed(m/sec)300.0
runner:local/env:0	num_steps=[11999] | total rewards=[826.5413] | termination= [max time out]
[seed 0] reward=   826.54 ownHP=1.0000 tgtHP=0.2361 max time out
total: 2
[WOBBLE_FIRE] team=2 losTgt=98.94
[WOBBLE_FIRE] team=2 losTgt=99.02
[WOBBLE_FIRE] team=2 losTgt=99.01
[WOBBLE_FIRE] team=2 losTgt=99.01
[WOBBLE_FIRE] team=2 losTgt=98.93
[WOBBLE_FIRE] team=2 losTgt=98.67
[WOBBLE_FIRE] team=2 losTgt=98.10
[WOBBLE_FIRE] team=2 losTgt=97.16
[WOBBLE_FIRE] team=2 losTgt=95.78
[WOBBLE_FIRE] team=2 losTgt=94.20
[WOBBLE_FIRE] team=2 losTgt=92.76
[ACTIVE] [RED] LeadPredict dist=4882.95 dV=0.41156 thr=1 om=0 lt=3
[WOBBLE_FIRE] team=2 losTgt=91.56
[WOBBLE_FIRE] team=2 losTgt=90.51
[WOBBLE_FIRE] team=2 losTgt=89.56
[WOBBLE_FIRE] team=2 losTgt=88.67
[WOBBLE_FIRE] team=2 losTgt=87.84
[WOBBLE_FIRE] team=2 losTgt=87.03
[WOBBLE_FIRE] team=2 losTgt=86.26
[WOBBLE_FIRE] team=2 losTgt=85.51
[WOBBLE_FIRE] team=2 losTgt=84.79
[WOBBLE_FIRE] team=2 losTgt=84.08
[WOBBLE_FIRE] team=2 losTgt=83.38
[WOBBLE_FIRE] team=2 losTgt=82.69
[WOBBLE_FIRE] team=2 losTgt=82.01
[WOBBLE_FIRE] team=2 losTgt=81.33
[WOBBLE_FIRE] team=2 losTgt=80.65
[WOBBLE_FIRE] team=2 losTgt=79.95
[WOBBLE_FIRE] team=2 losTgt=79.25
[WOBBLE_FIRE] team=2 losTgt=78.55
[WOBBLE_FIRE] team=2 losTgt=77.85
[WOBBLE_FIRE] team=2 losTgt=77.15
[WOBBLE_FIRE] team=2 losTgt=76.45
[WOBBLE_FIRE] team=2 losTgt=75.75
[WOBBLE_FIRE] team=2 losTgt=75.05
[WOBBLE_FIRE] team=2 losTgt=74.34
[WOBBLE_FIRE] team=2 losTgt=73.63
[WOBBLE_FIRE] team=2 losTgt=72.92
[WOBBLE_FIRE] team=2 losTgt=72.20
[WOBBLE_FIRE] team=2 losTgt=71.48
[WOBBLE_FIRE] team=2 losTgt=70.76
[WOBBLE_FIRE] team=2 losTgt=70.04
[WOBBLE_FIRE] team=2 losTgt=69.31
[WOBBLE_FIRE] team=2 losTgt=68.57
[WOBBLE_FIRE] team=2 losTgt=67.84
[WOBBLE_FIRE] team=2 losTgt=67.10
[WOBBLE_FIRE] team=2 losTgt=66.36
[WOBBLE_FIRE] team=2 losTgt=65.62
[WOBBLE_FIRE] team=2 losTgt=64.87
[WOBBLE_FIRE] team=2 losTgt=64.12
[WOBBLE_FIRE] team=2 losTgt=63.36
[WOBBLE_FIRE] team=2 losTgt=62.61
[WOBBLE_FIRE] team=2 losTgt=61.85
[WOBBLE_FIRE] team=2 losTgt=61.09
[WOBBLE_FIRE] team=2 losTgt=60.32
[WOBBLE_FIRE] team=2 losTgt=59.55
[WOBBLE_FIRE] team=2 losTgt=58.78
[WOBBLE_FIRE] team=2 losTgt=58.00
[WOBBLE_FIRE] team=2 losTgt=57.22
[WOBBLE_FIRE] team=2 losTgt=56.44
[WOBBLE_FIRE] team=2 losTgt=55.65
[WOBBLE_FIRE] team=2 losTgt=54.85
[WOBBLE_FIRE] team=2 losTgt=54.06
[WOBBLE_FIRE] team=2 losTgt=53.26
[WOBBLE_FIRE] team=2 losTgt=52.45
[WOBBLE_FIRE] team=2 losTgt=51.64
[WOBBLE_FIRE] team=2 losTgt=50.83
[WOBBLE_FIRE] team=2 losTgt=50.01
[WOBBLE_FIRE] team=2 losTgt=49.19
[WOBBLE_FIRE] team=2 losTgt=48.36
[WOBBLE_FIRE] team=2 losTgt=47.52
[WOBBLE_FIRE] team=2 losTgt=46.68
[ACTIVE] [RED] LeadPredict dist=3169.26 dV=-4.83572 thr=1 om=0.586848 lt=3
[WOBBLE_FIRE] team=2 losTgt=45.83
[ACTIVE] [RED] LeadPredict dist=945.631 dV=-18.9314 thr=0.723214 om=1.09118 lt=2.90851
[WOBBLE_FIRE] team=2 losTgt=45.54
[WOBBLE_FIRE] team=2 losTgt=48.30
[WOBBLE_FIRE] team=2 losTgt=51.05
[WOBBLE_FIRE] team=2 losTgt=53.75
[WOBBLE_FIRE] team=2 losTgt=56.37
[WOBBLE_FIRE] team=2 losTgt=58.88
[WOBBLE_FIRE] team=2 losTgt=61.29
[WOBBLE_FIRE] team=2 losTgt=63.57
[WOBBLE_FIRE] team=2 losTgt=65.71
[WOBBLE_FIRE] team=2 losTgt=67.70
[WOBBLE_FIRE] team=2 losTgt=69.53
[WOBBLE_FIRE] team=2 losTgt=71.20
[WOBBLE_FIRE] team=2 losTgt=72.70
[WOBBLE_FIRE] team=2 losTgt=74.04
[WOBBLE_FIRE] team=2 losTgt=75.21
[WOBBLE_FIRE] team=2 losTgt=76.23
[WOBBLE_FIRE] team=2 losTgt=77.08
[WOBBLE_FIRE] team=2 losTgt=77.79
[WOBBLE_FIRE] team=2 losTgt=78.37
[WOBBLE_FIRE] team=2 losTgt=78.82
[WOBBLE_FIRE] team=2 losTgt=79.16
[WOBBLE_FIRE] team=2 losTgt=79.40
[WOBBLE_FIRE] team=2 losTgt=79.55
[WOBBLE_FIRE] team=2 losTgt=79.60
[WOBBLE_FIRE] team=2 losTgt=79.57
[WOBBLE_FIRE] team=2 losTgt=79.47
[WOBBLE_FIRE] team=2 losTgt=79.29
[WOBBLE_FIRE] team=2 losTgt=79.04
[WOBBLE_FIRE] team=2 losTgt=78.73
[WOBBLE_FIRE] team=2 losTgt=78.37
[WOBBLE_FIRE] team=2 losTgt=77.95
[WOBBLE_FIRE] team=2 losTgt=77.48
[WOBBLE_FIRE] team=2 losTgt=76.97
[WOBBLE_FIRE] team=2 losTgt=76.41
[WOBBLE_FIRE] team=2 losTgt=75.80
[WOBBLE_FIRE] team=2 losTgt=75.16
[WOBBLE_FIRE] team=2 losTgt=74.48
[WOBBLE_FIRE] team=2 losTgt=73.76
[WOBBLE_FIRE] team=2 losTgt=73.01
[WOBBLE_FIRE] team=2 losTgt=72.23
[WOBBLE_FIRE] team=2 losTgt=71.41
[WOBBLE_FIRE] team=2 losTgt=70.57
[WOBBLE_FIRE] team=2 losTgt=69.70
[WOBBLE_FIRE] team=2 losTgt=68.80
[WOBBLE_FIRE] team=2 losTgt=67.87
[WOBBLE_FIRE] team=2 losTgt=66.93
[WOBBLE_FIRE] team=2 losTgt=65.95
[WOBBLE_FIRE] team=2 losTgt=64.95
[WOBBLE_FIRE] team=2 losTgt=63.93
[WOBBLE_FIRE] team=2 losTgt=62.89
[WOBBLE_FIRE] team=2 losTgt=61.83
[WOBBLE_FIRE] team=2 losTgt=60.74
[WOBBLE_FIRE] team=2 losTgt=59.63
[ACTIVE] [RED] LeadPredict dist=1951.03 dV=-31.0722 thr=0.661121 om=1.32775 lt=3
[WOBBLE_FIRE] team=2 losTgt=58.51
[WOBBLE_FIRE] team=2 losTgt=57.36
[WOBBLE_FIRE] team=2 losTgt=56.19
[WOBBLE_FIRE] team=2 losTgt=55.00
[WOBBLE_FIRE] team=2 losTgt=53.79
[WOBBLE_FIRE] team=2 losTgt=52.56
[WOBBLE_FIRE] team=2 losTgt=51.30
[WOBBLE_FIRE] team=2 losTgt=50.03
[WOBBLE_FIRE] team=2 losTgt=48.74
[WOBBLE_FIRE] team=2 losTgt=47.42
[WOBBLE_FIRE] team=2 losTgt=46.08
[WOBBLE_FIRE] team=2 losTgt=46.84
[WOBBLE_FIRE] team=2 losTgt=49.60
[WOBBLE_FIRE] team=2 losTgt=52.49
[WOBBLE_FIRE] team=2 losTgt=55.17
[WOBBLE_FIRE] team=2 losTgt=57.76
[WOBBLE_FIRE] team=2 losTgt=60.33
[WOBBLE_FIRE] team=2 losTgt=62.91
[WOBBLE_FIRE] team=2 losTgt=65.49
[WOBBLE_FIRE] team=2 losTgt=68.22
[WOBBLE_FIRE] team=2 losTgt=71.55
[WOBBLE_FIRE] team=2 losTgt=75.39
[WOBBLE_FIRE] team=2 losTgt=79.46
[WOBBLE_FIRE] team=2 losTgt=83.26
[WOBBLE_FIRE] team=2 losTgt=86.93
[WOBBLE_FIRE] team=2 losTgt=90.45
[WOBBLE_FIRE] team=2 losTgt=93.89
[WOBBLE_FIRE] team=2 losTgt=97.24
[WOBBLE_FIRE] team=2 losTgt=100.51
[WOBBLE_FIRE] team=2 losTgt=103.70
[WOBBLE_FIRE] team=2 losTgt=106.80
[WOBBLE_FIRE] team=2 losTgt=109.82
[WOBBLE_FIRE] team=2 losTgt=112.75
[WOBBLE_FIRE] team=2 losTgt=115.60
[WOBBLE_FIRE] team=2 losTgt=118.37
[WOBBLE_FIRE] team=2 losTgt=121.05
[ACTIVE] [RED] ClimbOut Z=2534.14
[WOBBLE_FIRE] team=2 losTgt=123.64
[WOBBLE_FIRE] team=2 losTgt=126.15
[WOBBLE_FIRE] team=2 losTgt=128.58
[WOBBLE_FIRE] team=2 losTgt=130.91
[WOBBLE_FIRE] team=2 losTgt=133.15
[WOBBLE_FIRE] team=2 losTgt=135.31
[WOBBLE_FIRE] team=2 losTgt=137.37
[WOBBLE_FIRE] team=2 losTgt=139.35
[WOBBLE_FIRE] team=2 losTgt=141.24
[WOBBLE_FIRE] team=2 losTgt=143.04
[WOBBLE_FIRE] team=2 losTgt=144.74
[WOBBLE_FIRE] team=2 losTgt=146.34
[WOBBLE_FIRE] team=2 losTgt=147.85
[WOBBLE_FIRE] team=2 losTgt=148.40
[WOBBLE_FIRE] team=2 losTgt=147.66
[WOBBLE_FIRE] team=2 losTgt=148.84
[ACTIVE] [RED] LeadPredict dist=2770.99 dV=19.3429 thr=0.677003 om=6.27612 lt=3
[WOBBLE_FIRE] team=2 losTgt=149.99
[WOBBLE_FIRE] team=2 losTgt=150.09
[WOBBLE_FIRE] team=2 losTgt=150.05
[WOBBLE_FIRE] team=2 losTgt=150.44
[WOBBLE_FIRE] team=2 losTgt=149.27
[WOBBLE_FIRE] team=2 losTgt=149.00
[WOBBLE_FIRE] team=2 losTgt=150.19
[WOBBLE_FIRE] team=2 losTgt=149.79
[WOBBLE_FIRE] team=2 losTgt=146.80
[WOBBLE_FIRE] team=2 losTgt=146.36
[WOBBLE_FIRE] team=2 losTgt=147.06
[WOBBLE_FIRE] team=2 losTgt=144.51
[WOBBLE_FIRE] team=2 losTgt=143.03
[WOBBLE_FIRE] team=2 losTgt=142.17
[WOBBLE_FIRE] team=2 losTgt=140.68
[WOBBLE_FIRE] team=2 losTgt=139.37
[WOBBLE_FIRE] team=2 losTgt=138.10
[WOBBLE_FIRE] team=2 losTgt=136.85
[WOBBLE_FIRE] team=2 losTgt=135.62
[WOBBLE_FIRE] team=2 losTgt=134.40
[WOBBLE_FIRE] team=2 losTgt=133.17
[WOBBLE_FIRE] team=2 losTgt=131.95
[WOBBLE_FIRE] team=2 losTgt=130.74
[WOBBLE_FIRE] team=2 losTgt=129.52
[WOBBLE_FIRE] team=2 losTgt=128.30
[WOBBLE_FIRE] team=2 losTgt=127.09
[WOBBLE_FIRE] team=2 losTgt=125.88
[WOBBLE_FIRE] team=2 losTgt=124.67
[WOBBLE_FIRE] team=2 losTgt=123.46
[WOBBLE_FIRE] team=2 losTgt=122.26
[WOBBLE_FIRE] team=2 losTgt=121.05
[WOBBLE_FIRE] team=2 losTgt=119.84
[WOBBLE_FIRE] team=2 losTgt=118.62
[WOBBLE_FIRE] team=2 losTgt=117.41
[WOBBLE_FIRE] team=2 losTgt=116.20
[WOBBLE_FIRE] team=2 losTgt=114.98
[WOBBLE_FIRE] team=2 losTgt=113.76
[WOBBLE_FIRE] team=2 losTgt=112.54
[WOBBLE_FIRE] team=2 losTgt=111.32
[WOBBLE_FIRE] team=2 losTgt=110.10
[WOBBLE_FIRE] team=2 losTgt=108.88
[WOBBLE_FIRE] team=2 losTgt=107.66
[WOBBLE_FIRE] team=2 losTgt=106.43
[WOBBLE_FIRE] team=2 losTgt=105.21
[WOBBLE_FIRE] team=2 losTgt=103.98
[WOBBLE_FIRE] team=2 losTgt=102.76
[WOBBLE_FIRE] team=2 losTgt=101.53
[WOBBLE_FIRE] team=2 losTgt=100.30
[WOBBLE_FIRE] team=2 losTgt=99.07
[WOBBLE_FIRE] team=2 losTgt=97.84
[WOBBLE_FIRE] team=2 losTgt=96.61
[WOBBLE_FIRE] team=2 losTgt=95.38
[WOBBLE_FIRE] team=2 losTgt=94.15
[WOBBLE_FIRE] team=2 losTgt=92.92
[WOBBLE_FIRE] team=2 losTgt=91.69
[WOBBLE_FIRE] team=2 losTgt=90.45
[WOBBLE_FIRE] team=2 losTgt=89.22
[WOBBLE_FIRE] team=2 losTgt=87.98
[WOBBLE_FIRE] team=2 losTgt=86.75
[WOBBLE_FIRE] team=2 losTgt=85.51
[WOBBLE_FIRE] team=2 losTgt=84.27
[WOBBLE_FIRE] team=2 losTgt=83.03
[ACTIVE] [RED] LeadPredict dist=4872.05 dV=56.074 thr=1 om=1.52866 lt=3
[WOBBLE_FIRE] team=2 losTgt=81.79
[WOBBLE_FIRE] team=2 losTgt=80.55
[WOBBLE_FIRE] team=2 losTgt=79.31
[WOBBLE_FIRE] team=2 losTgt=78.07
[WOBBLE_FIRE] team=2 losTgt=76.83
[WOBBLE_FIRE] team=2 losTgt=75.58
[WOBBLE_FIRE] team=2 losTgt=74.33
[WOBBLE_FIRE] team=2 losTgt=73.08
[WOBBLE_FIRE] team=2 losTgt=71.83
[WOBBLE_FIRE] team=2 losTgt=70.58
[WOBBLE_FIRE] team=2 losTgt=69.33
[WOBBLE_FIRE] team=2 losTgt=68.06
[WOBBLE_FIRE] team=2 losTgt=66.79
[WOBBLE_FIRE] team=2 losTgt=65.54
[WOBBLE_FIRE] team=2 losTgt=64.29
[WOBBLE_FIRE] team=2 losTgt=63.04
[WOBBLE_FIRE] team=2 losTgt=61.79
[WOBBLE_FIRE] team=2 losTgt=60.54
[WOBBLE_FIRE] team=2 losTgt=59.27
[WOBBLE_FIRE] team=2 losTgt=58.00
[WOBBLE_FIRE] team=2 losTgt=56.72
[WOBBLE_FIRE] team=2 losTgt=55.43
[WOBBLE_FIRE] team=2 losTgt=54.14
[WOBBLE_FIRE] team=2 losTgt=52.84
[WOBBLE_FIRE] team=2 losTgt=51.53
[WOBBLE_FIRE] team=2 losTgt=50.21
[WOBBLE_FIRE] team=2 losTgt=48.89
[WOBBLE_FIRE] team=2 losTgt=47.56
[WOBBLE_FIRE] team=2 losTgt=46.22
[ACTIVE] [RED] LeadPredict dist=3270.9 dV=29.3745 thr=1 om=1.42585 lt=3
[ACTIVE] [RED] LeadPredict dist=1106.04 dV=16.1534 thr=0.81526 om=0.172652 lt=3
[WOBBLE_FIRE] team=2 losTgt=45.44
[WOBBLE_FIRE] team=2 losTgt=46.05
[WOBBLE_FIRE] team=2 losTgt=46.61
[WOBBLE_FIRE] team=2 losTgt=47.08
[WOBBLE_FIRE] team=2 losTgt=47.48
[WOBBLE_FIRE] team=2 losTgt=47.79
[WOBBLE_FIRE] team=2 losTgt=48.01
[WOBBLE_FIRE] team=2 losTgt=48.14
[WOBBLE_FIRE] team=2 losTgt=48.18
[WOBBLE_FIRE] team=2 losTgt=48.14
[WOBBLE_FIRE] team=2 losTgt=48.01
[WOBBLE_FIRE] team=2 losTgt=47.79
[WOBBLE_FIRE] team=2 losTgt=47.49
[WOBBLE_FIRE] team=2 losTgt=47.10
[WOBBLE_FIRE] team=2 losTgt=46.64
[WOBBLE_FIRE] team=2 losTgt=46.10
[WOBBLE_FIRE] team=2 losTgt=45.49
[ACTIVE] [RED] LeadPredict dist=1446.16 dV=-24.4359 thr=1 om=1.15375 lt=3
[DUTY] team=1 ticks=2400 v27종말조준=4.45833% v21뱅크예측=73.8333% v17궤도조건=57.4167% v17슬롯적용=56.0833% 상승클램프=0% 강하클램프=21.3333% v23b조건=30.8333% v23b실제적용=29.5%
[ACTIVE] [RED] LeadPredict dist=1292.95 dV=-12.0379 thr=1 om=0.111744 lt=3
[ACTIVE] [RED] LeadPredict dist=1370.3 dV=-19.5487 thr=1 om=0.177271 lt=3
[ACTIVE] [RED] LeadPredict dist=1405.15 dV=5.50452 thr=1 om=1.15257 lt=3
[ACTIVE] [RED] LeadPredict dist=1124.62 dV=41.2067 thr=0.483151 om=1.30423 lt=2.94704
[ACTIVE] [RED] LeadPredict dist=959.451 dV=-0.668762 thr=1 om=0.077652 lt=2.88438
[ACTIVE] [RED] LeadPredict dist=978.005 dV=5.81317 thr=1 om=0.857202 lt=2.74965
[ACTIVE] [RED] LeadPredict dist=899.221 dV=3.39529 thr=0.630293 om=1.3553 lt=2.59149
[ACTIVE] [RED] LeadPredict dist=918.82 dV=0.61734 thr=1 om=0.377374 lt=2.79421
[ACTIVE] [RED] LeadPredict dist=912.207 dV=11.8321 thr=0.968 om=0.704681 lt=2.57772
[ACTIVE] [RED] LeadPredict dist=813.768 dV=19.8574 thr=0.701788 om=1.32925 lt=2.46471
[DUTY] team=1 ticks=3000 v27종말조준=4.56667% v21뱅크예측=77.0667% v17궤도조건=64.9333% v17슬롯적용=63.8667% 상승클램프=0% 강하클램프=19.2% v23b조건=29.7333% v23b실제적용=28.6667%
[ACTIVE] [RED] LeadPredict dist=844.202 dV=-6.73917 thr=1 om=0.0268708 lt=0
[ACTIVE] [RED] LeadPredict dist=836.807 dV=6.58484 thr=0.920982 om=0.284202 lt=0
[ACTIVE] [RED] LeadPredict dist=809.554 dV=-2.05777 thr=0.775687 om=1.25168 lt=2.58826
[ACTIVE] [RED] LeadPredict dist=1084.25 dV=-12.0893 thr=0.677738 om=1.46255 lt=3
[ACTIVE] [RED] ClimbOut Z=2677.27
[ACTIVE] [RED] LeadPredict dist=1038.76 dV=21.0406 thr=0.654125 om=1.41753 lt=3
[ACTIVE] [RED] LeadPredict dist=1062.88 dV=-15.1245 thr=0.848056 om=0.163437 lt=3
[ACTIVE] [RED] LeadPredict dist=1162.61 dV=4.01263 thr=1 om=0.11269 lt=3
[ACTIVE] [RED] LeadPredict dist=1132.37 dV=10.2888 thr=1 om=1.51305 lt=3
[ACTIVE] [RED] LeadPredict dist=1095.73 dV=21.2464 thr=0.583724 om=2.13383 lt=3
[ACTIVE] [RED] LeadPredict dist=1012.57 dV=-0.565887 thr=0.747483 om=1.50608 lt=3
[DUTY] team=1 ticks=3600 v27종말조준=6.38889% v21뱅크예측=77.25% v17궤도조건=68.6389% v17슬롯적용=67.75% 상승클램프=0% 강하클램프=17.7222% v23b조건=34.5556% v23b실제적용=33.6667%
[ACTIVE] [RED] LeadPredict dist=1045.68 dV=5.76175 thr=0.720372 om=1.33811 lt=3
[ACTIVE] [RED] LeadPredict dist=953.882 dV=11.6264 thr=0.792085 om=1.67588 lt=3
[ACTIVE] [RED] LeadPredict dist=975.826 dV=-0.82309 thr=1 om=0.0468739 lt=3
runner:local/env:0	num_steps=[11999] | total rewards=[991.6575] | termination= [max time out]
[seed 1] reward=   991.66 ownHP=1.0000 tgtHP=0.5834 max time out
total: 2
[ACTIVE] [RED] LeadPredict dist=4109.75 dV=3.241 thr=1 om=0.948976 lt=3
[ACTIVE] [RED] LeadPredict dist=1225.86 dV=8.38538 thr=0.75273 om=0.789572 lt=3
[WOBBLE_FIRE] team=2 losTgt=45.57
[WOBBLE_FIRE] team=2 losTgt=47.44
[WOBBLE_FIRE] team=2 losTgt=49.35
[WOBBLE_FIRE] team=2 losTgt=51.30
[WOBBLE_FIRE] team=2 losTgt=53.24
[WOBBLE_FIRE] team=2 losTgt=55.18
[WOBBLE_FIRE] team=2 losTgt=57.11
[WOBBLE_FIRE] team=2 losTgt=59.00
[WOBBLE_FIRE] team=2 losTgt=60.85
[WOBBLE_FIRE] team=2 losTgt=62.65
[WOBBLE_FIRE] team=2 losTgt=64.38
[WOBBLE_FIRE] team=2 losTgt=66.04
[WOBBLE_FIRE] team=2 losTgt=67.62
[WOBBLE_FIRE] team=2 losTgt=69.12
[WOBBLE_FIRE] team=2 losTgt=70.53
[WOBBLE_FIRE] team=2 losTgt=71.85
[WOBBLE_FIRE] team=2 losTgt=73.07
[WOBBLE_FIRE] team=2 losTgt=74.19
[WOBBLE_FIRE] team=2 losTgt=75.22
[WOBBLE_FIRE] team=2 losTgt=76.15
[WOBBLE_FIRE] team=2 losTgt=77.00
[WOBBLE_FIRE] team=2 losTgt=77.75
[WOBBLE_FIRE] team=2 losTgt=78.43
[WOBBLE_FIRE] team=2 losTgt=79.01
[WOBBLE_FIRE] team=2 losTgt=79.52
[WOBBLE_FIRE] team=2 losTgt=79.95
[WOBBLE_FIRE] team=2 losTgt=80.31
[WOBBLE_FIRE] team=2 losTgt=80.60
[WOBBLE_FIRE] team=2 losTgt=80.82
[WOBBLE_FIRE] team=2 losTgt=80.98
[WOBBLE_FIRE] team=2 losTgt=81.07
[WOBBLE_FIRE] team=2 losTgt=81.11
[WOBBLE_FIRE] team=2 losTgt=81.10
[WOBBLE_FIRE] team=2 losTgt=81.03
[WOBBLE_FIRE] team=2 losTgt=80.92
[WOBBLE_FIRE] team=2 losTgt=80.76
[WOBBLE_FIRE] team=2 losTgt=80.56
[WOBBLE_FIRE] team=2 losTgt=80.31
[WOBBLE_FIRE] team=2 losTgt=80.03
[WOBBLE_FIRE] team=2 losTgt=79.71
[WOBBLE_FIRE] team=2 losTgt=79.35
[WOBBLE_FIRE] team=2 losTgt=78.96
[WOBBLE_FIRE] team=2 losTgt=78.53
[WOBBLE_FIRE] team=2 losTgt=78.08
[WOBBLE_FIRE] team=2 losTgt=77.60
[WOBBLE_FIRE] team=2 losTgt=77.08
[WOBBLE_FIRE] team=2 losTgt=76.54
[WOBBLE_FIRE] team=2 losTgt=75.98
[WOBBLE_FIRE] team=2 losTgt=75.39
[WOBBLE_FIRE] team=2 losTgt=74.77
[WOBBLE_FIRE] team=2 losTgt=74.13
[WOBBLE_FIRE] team=2 losTgt=73.47
[WOBBLE_FIRE] team=2 losTgt=72.79
[ACTIVE] [RED] LeadPredict dist=2147.64 dV=10.3402 thr=0.638164 om=1.13062 lt=3
[WOBBLE_FIRE] team=2 losTgt=72.09
[WOBBLE_FIRE] team=2 losTgt=71.37
[WOBBLE_FIRE] team=2 losTgt=70.63
[WOBBLE_FIRE] team=2 losTgt=69.86
[WOBBLE_FIRE] team=2 losTgt=69.09
[WOBBLE_FIRE] team=2 losTgt=68.29
[WOBBLE_FIRE] team=2 losTgt=67.47
[WOBBLE_FIRE] team=2 losTgt=66.64
[WOBBLE_FIRE] team=2 losTgt=65.79
[WOBBLE_FIRE] team=2 losTgt=64.93
[WOBBLE_FIRE] team=2 losTgt=64.05
[WOBBLE_FIRE] team=2 losTgt=63.15
[WOBBLE_FIRE] team=2 losTgt=62.24
[WOBBLE_FIRE] team=2 losTgt=61.31
[WOBBLE_FIRE] team=2 losTgt=60.37
[WOBBLE_FIRE] team=2 losTgt=59.41
[WOBBLE_FIRE] team=2 losTgt=58.43
[WOBBLE_FIRE] team=2 losTgt=57.44
[WOBBLE_FIRE] team=2 losTgt=56.44
[WOBBLE_FIRE] team=2 losTgt=55.42
[WOBBLE_FIRE] team=2 losTgt=54.38
[WOBBLE_FIRE] team=2 losTgt=53.33
[WOBBLE_FIRE] team=2 losTgt=52.26
[WOBBLE_FIRE] team=2 losTgt=51.18
[WOBBLE_FIRE] team=2 losTgt=50.08
[WOBBLE_FIRE] team=2 losTgt=48.96
[WOBBLE_FIRE] team=2 losTgt=47.83
[WOBBLE_FIRE] team=2 losTgt=46.68
[WOBBLE_FIRE] team=2 losTgt=45.51
[ACTIVE] [RED] LeadPredict dist=1540.53 dV=-26.8538 thr=0.765749 om=1.38771 lt=3
[ACTIVE] [RED] LeadPredict dist=1505.05 dV=-10.2374 thr=0.604057 om=0.144224 lt=3
[ACTIVE] [RED] LeadPredict dist=1776.85 dV=-30.5577 thr=1 om=0.00715587 lt=3
[ACTIVE] [RED] LeadPredict dist=1936.97 dV=-25.3619 thr=1 om=1.68691 lt=3
[DUTY] team=1 ticks=4200 v27종말조준=5.47619% v21뱅크예측=75.0952% v17궤도조건=69.5714% v17슬롯적용=68.8095% 상승클램프=0% 강하클램프=18.2619% v23b조건=38.4286% v23b실제적용=37.6667%
[ACTIVE] [RED] LeadPredict dist=1611.34 dV=-10.8032 thr=0.88 om=1.00978 lt=3
[ACTIVE] [RED] LeadPredict dist=1545.43 dV=-19.3429 thr=1 om=0.00848765 lt=3
[ACTIVE] [RED] LeadPredict dist=1647.78 dV=-7.20218 thr=1 om=1.71374 lt=3
[ACTIVE] [RED] LeadPredict dist=1285.67 dV=17.028 thr=0.487086 om=1.24695 lt=3
[ACTIVE] [RED] LeadPredict dist=1290.96 dV=-4.01263 thr=1 om=0.605428 lt=3
[ACTIVE] [RED] LeadPredict dist=1272.39 dV=1.28607 thr=1 om=1.51982 lt=3
[ACTIVE] [RED] ClimbOut Z=2629.01
[ACTIVE] [RED] LeadPredict dist=1084.69 dV=35.7021 thr=0.475498 om=2.38368 lt=2.82904
[ACTIVE] [RED] LeadPredict dist=1328.79 dV=13.2211 thr=0.712064 om=0.163828 lt=3
[ACTIVE] [RED] LeadPredict dist=1167.04 dV=-14.0956 thr=1 om=1.44079 lt=3
[ACTIVE] [RED] LeadPredict dist=1268.91 dV=-22.7897 thr=1 om=0.0378255 lt=3
[DUTY] team=1 ticks=4800 v27종말조준=4.79167% v21뱅크예측=76.125% v17궤도조건=72.2083% v17슬롯적용=71.5417% 상승클램프=0% 강하클램프=16.6042% v23b조건=37.0417% v23b실제적용=36.375%
[ACTIVE] [RED] LeadPredict dist=1310.68 dV=0.41156 thr=1 om=0.339563 lt=3
[ACTIVE] [RED] LeadPredict dist=1130.07 dV=21.5036 thr=0.88 om=1.30864 lt=3
[ACTIVE] [RED] LeadPredict dist=1079.43 dV=-5.60742 thr=1 om=0.0555998 lt=3
[ACTIVE] [RED] LeadPredict dist=1087.39 dV=4.37274 thr=1 om=0.0850881 lt=2.95503
[ACTIVE] [RED] LeadPredict dist=952.475 dV=15.4332 thr=0.498674 om=1.47754 lt=2.52005
[ACTIVE] [RED] LeadPredict dist=894.917 dV=8.12817 thr=0.902462 om=1.85229 lt=2.38531
[ACTIVE] [RED] LeadPredict dist=868.853 dV=4.37274 thr=0.923679 om=1.27733 lt=2.64019
[ACTIVE] [RED] LeadPredict dist=848.543 dV=3.70398 thr=0.793834 om=1.54604 lt=2.75046
[ACTIVE] [RED] LeadPredict dist=905.977 dV=-0.257202 thr=1 om=0.0217243 lt=0
[ACTIVE] [RED] LeadPredict dist=898.442 dV=3.4982 thr=0.958022 om=0.0093344 lt=0
[DUTY] team=1 ticks=5400 v27종말조준=6.46296% v21뱅크예측=75% v17궤도조건=73.2222% v17슬롯적용=72.6296% 상승클램프=0% 강하클램프=15.5556% v23b조건=37.3148% v23b실제적용=36.7222%
[ACTIVE] [RED] LeadPredict dist=840.575 dV=8.23105 thr=0.642974 om=1.33121 lt=2.44349
[ACTIVE] [RED] LeadPredict dist=937.406 dV=-9.98013 thr=1 om=0.116637 lt=2.85118
[ACTIVE] [RED] LeadPredict dist=959.266 dV=7.87094 thr=1 om=0.0848774 lt=2.64269
[ACTIVE] [RED] LeadPredict dist=887.771 dV=1.90344 thr=0.565795 om=1.53757 lt=2.45128
[ACTIVE] [RED] ClimbOut Z=2699.35
[ACTIVE] [RED] LeadPredict dist=1053.05 dV=10.7003 thr=0.667024 om=0.209068 lt=3
[ACTIVE] [RED] LeadPredict dist=1049.54 dV=-13.1696 thr=0.845432 om=1.53926 lt=3
runner:local/env:0	num_steps=[11999] | total rewards=[1089.8838] | termination= [max time out]
[seed 2] reward=  1089.88 ownHP=1.0000 tgtHP=0.5040 max time out
total: 2
[WOBBLE_FIRE] team=2 losTgt=54.18
[WOBBLE_FIRE] team=2 losTgt=54.36
[WOBBLE_FIRE] team=2 losTgt=54.51
[WOBBLE_FIRE] team=2 losTgt=54.65
[WOBBLE_FIRE] team=2 losTgt=54.81
[WOBBLE_FIRE] team=2 losTgt=54.93
[WOBBLE_FIRE] team=2 losTgt=54.96
[WOBBLE_FIRE] team=2 losTgt=54.81
[WOBBLE_FIRE] team=2 losTgt=54.42
[WOBBLE_FIRE] team=2 losTgt=53.73
[WOBBLE_FIRE] team=2 losTgt=52.78
[WOBBLE_FIRE] team=2 losTgt=51.77
[WOBBLE_FIRE] team=2 losTgt=50.83
[WOBBLE_FIRE] team=2 losTgt=49.97
[WOBBLE_FIRE] team=2 losTgt=49.18
[WOBBLE_FIRE] team=2 losTgt=48.43
[WOBBLE_FIRE] team=2 losTgt=47.71
[WOBBLE_FIRE] team=2 losTgt=47.01
[WOBBLE_FIRE] team=2 losTgt=46.33
[WOBBLE_FIRE] team=2 losTgt=45.68
[WOBBLE_FIRE] team=2 losTgt=45.04
[ACTIVE] [RED] LeadPredict dist=3222.66 dV=13.3754 thr=1 om=1.06783 lt=3
[WOBBLE_FIRE] team=2 losTgt=45.21
[WOBBLE_FIRE] team=2 losTgt=46.13
[WOBBLE_FIRE] team=2 losTgt=47.16
[WOBBLE_FIRE] team=2 losTgt=48.31
[WOBBLE_FIRE] team=2 losTgt=49.58
[WOBBLE_FIRE] team=2 losTgt=51.01
[WOBBLE_FIRE] team=2 losTgt=52.61
[WOBBLE_FIRE] team=2 losTgt=54.38
[WOBBLE_FIRE] team=2 losTgt=56.33
[WOBBLE_FIRE] team=2 losTgt=58.48
[WOBBLE_FIRE] team=2 losTgt=60.83
[WOBBLE_FIRE] team=2 losTgt=63.37
[WOBBLE_FIRE] team=2 losTgt=66.11
[WOBBLE_FIRE] team=2 losTgt=69.04
[WOBBLE_FIRE] team=2 losTgt=72.15
[WOBBLE_FIRE] team=2 losTgt=75.43
[WOBBLE_FIRE] team=2 losTgt=78.84
[WOBBLE_FIRE] team=2 losTgt=82.36
[WOBBLE_FIRE] team=2 losTgt=85.94
[WOBBLE_FIRE] team=2 losTgt=89.56
[ACTIVE] [RED] LeadPredict dist=744.81 dV=69.5009 thr=0.55 om=1.0451 lt=2.23358
[WOBBLE_FIRE] team=2 losTgt=93.16
[WOBBLE_FIRE] team=2 losTgt=96.70
[WOBBLE_FIRE] team=2 losTgt=100.15
[WOBBLE_FIRE] team=2 losTgt=103.48
[WOBBLE_FIRE] team=2 losTgt=106.65
[WOBBLE_FIRE] team=2 losTgt=109.65
[WOBBLE_FIRE] team=2 losTgt=112.47
[WOBBLE_FIRE] team=2 losTgt=115.14
[WOBBLE_FIRE] team=2 losTgt=117.67
[WOBBLE_FIRE] team=2 losTgt=119.92
[WOBBLE_FIRE] team=2 losTgt=121.94
[WOBBLE_FIRE] team=2 losTgt=123.77
[WOBBLE_FIRE] team=2 losTgt=125.45
[WOBBLE_FIRE] team=2 losTgt=127.00
[WOBBLE_FIRE] team=2 losTgt=128.43
[WOBBLE_FIRE] team=2 losTgt=129.78
[WOBBLE_FIRE] team=2 losTgt=131.04
[WOBBLE_FIRE] team=2 losTgt=132.19
[WOBBLE_FIRE] team=2 losTgt=133.25
[WOBBLE_FIRE] team=2 losTgt=134.21
[WOBBLE_FIRE] team=2 losTgt=135.10
[WOBBLE_FIRE] team=2 losTgt=135.93
[WOBBLE_FIRE] team=2 losTgt=136.69
[WOBBLE_FIRE] team=2 losTgt=137.37
[WOBBLE_FIRE] team=2 losTgt=137.99
[WOBBLE_FIRE] team=2 losTgt=138.54
[WOBBLE_FIRE] team=2 losTgt=139.02
[WOBBLE_FIRE] team=2 losTgt=139.44
[WOBBLE_FIRE] team=2 losTgt=139.79
[WOBBLE_FIRE] team=2 losTgt=140.08
[WOBBLE_FIRE] team=2 losTgt=140.31
[WOBBLE_FIRE] team=2 losTgt=140.49
[WOBBLE_FIRE] team=2 losTgt=140.62
[WOBBLE_FIRE] team=2 losTgt=140.69
[WOBBLE_FIRE] team=2 losTgt=140.72
[WOBBLE_FIRE] team=2 losTgt=140.71
[WOBBLE_FIRE] team=2 losTgt=140.66
[WOBBLE_FIRE] team=2 losTgt=140.56
[WOBBLE_FIRE] team=2 losTgt=140.43
[WOBBLE_FIRE] team=2 losTgt=140.27
[WOBBLE_FIRE] team=2 losTgt=140.08
[WOBBLE_FIRE] team=2 losTgt=139.85
[WOBBLE_FIRE] team=2 losTgt=139.60
[WOBBLE_FIRE] team=2 losTgt=139.32
[WOBBLE_FIRE] team=2 losTgt=139.01
[WOBBLE_FIRE] team=2 losTgt=138.68
[WOBBLE_FIRE] team=2 losTgt=138.33
[WOBBLE_FIRE] team=2 losTgt=137.96
[WOBBLE_FIRE] team=2 losTgt=137.57
[WOBBLE_FIRE] team=2 losTgt=137.16
[WOBBLE_FIRE] team=2 losTgt=136.73
[WOBBLE_FIRE] team=2 losTgt=136.29
[WOBBLE_FIRE] team=2 losTgt=135.83
[WOBBLE_FIRE] team=2 losTgt=135.36
[WOBBLE_FIRE] team=2 losTgt=134.87
[WOBBLE_FIRE] team=2 losTgt=134.37
[WOBBLE_FIRE] team=2 losTgt=133.86
[WOBBLE_FIRE] team=2 losTgt=133.34
[WOBBLE_FIRE] team=2 losTgt=132.80
[WOBBLE_FIRE] team=2 losTgt=132.26
[ACTIVE] [RED] LeadPredict dist=3038.56 dV=151.605 thr=1 om=1.05852 lt=3
[WOBBLE_FIRE] team=2 losTgt=131.70
[WOBBLE_FIRE] team=2 losTgt=131.13
[WOBBLE_FIRE] team=2 losTgt=130.56
[WOBBLE_FIRE] team=2 losTgt=129.98
[WOBBLE_FIRE] team=2 losTgt=129.39
[WOBBLE_FIRE] team=2 losTgt=128.79
[WOBBLE_FIRE] team=2 losTgt=128.19
[WOBBLE_FIRE] team=2 losTgt=127.57
[WOBBLE_FIRE] team=2 losTgt=126.95
[WOBBLE_FIRE] team=2 losTgt=126.33
[WOBBLE_FIRE] team=2 losTgt=125.70
[WOBBLE_FIRE] team=2 losTgt=125.06
[WOBBLE_FIRE] team=2 losTgt=124.42
[WOBBLE_FIRE] team=2 losTgt=123.77
[WOBBLE_FIRE] team=2 losTgt=123.12
[WOBBLE_FIRE] team=2 losTgt=122.46
[WOBBLE_FIRE] team=2 losTgt=121.79
[WOBBLE_FIRE] team=2 losTgt=121.13
[WOBBLE_FIRE] team=2 losTgt=120.46
[WOBBLE_FIRE] team=2 losTgt=119.79
[WOBBLE_FIRE] team=2 losTgt=119.14
[WOBBLE_FIRE] team=2 losTgt=118.50
[WOBBLE_FIRE] team=2 losTgt=117.85
[WOBBLE_FIRE] team=2 losTgt=117.19
[WOBBLE_FIRE] team=2 losTgt=116.51
[WOBBLE_FIRE] team=2 losTgt=115.83
[WOBBLE_FIRE] team=2 losTgt=115.14
[WOBBLE_FIRE] team=2 losTgt=114.46
[WOBBLE_FIRE] team=2 losTgt=113.76
[WOBBLE_FIRE] team=2 losTgt=113.06
[WOBBLE_FIRE] team=2 losTgt=112.36
[WOBBLE_FIRE] team=2 losTgt=111.65
[WOBBLE_FIRE] team=2 losTgt=110.94
[WOBBLE_FIRE] team=2 losTgt=110.23
[WOBBLE_FIRE] team=2 losTgt=109.51
[WOBBLE_FIRE] team=2 losTgt=108.79
[WOBBLE_FIRE] team=2 losTgt=108.06
[WOBBLE_FIRE] team=2 losTgt=107.33
[WOBBLE_FIRE] team=2 losTgt=106.60
[WOBBLE_FIRE] team=2 losTgt=105.86
[WOBBLE_FIRE] team=2 losTgt=105.12
[WOBBLE_FIRE] team=2 losTgt=104.38
[WOBBLE_FIRE] team=2 losTgt=103.63
[WOBBLE_FIRE] team=2 losTgt=102.89
[WOBBLE_FIRE] team=2 losTgt=102.14
[WOBBLE_FIRE] team=2 losTgt=101.38
[WOBBLE_FIRE] team=2 losTgt=100.62
[WOBBLE_FIRE] team=2 losTgt=99.87
[WOBBLE_FIRE] team=2 losTgt=99.11
[WOBBLE_FIRE] team=2 losTgt=98.34
[WOBBLE_FIRE] team=2 losTgt=97.58
[WOBBLE_FIRE] team=2 losTgt=96.81
[WOBBLE_FIRE] team=2 losTgt=96.04
[WOBBLE_FIRE] team=2 losTgt=95.27
[WOBBLE_FIRE] team=2 losTgt=94.50
[WOBBLE_FIRE] team=2 losTgt=93.73
[WOBBLE_FIRE] team=2 losTgt=92.95
[WOBBLE_FIRE] team=2 losTgt=92.18
[WOBBLE_FIRE] team=2 losTgt=91.40
[WOBBLE_FIRE] team=2 losTgt=90.62
[ACTIVE] [RED] LeadPredict dist=4307.06 dV=169.354 thr=1 om=1.08596 lt=3
[DUTY] team=1 ticks=6000 v27종말조준=6.3% v21뱅크예측=76.95% v17궤도조건=73.5667% v17슬롯적용=72.35% 상승클램프=0% 강하클램프=15.8333% v23b조건=38.2833% v23b실제적용=37.4167%
[WOBBLE_FIRE] team=2 losTgt=89.84
[WOBBLE_FIRE] team=2 losTgt=89.06
[WOBBLE_FIRE] team=2 losTgt=88.28
[WOBBLE_FIRE] team=2 losTgt=87.50
[WOBBLE_FIRE] team=2 losTgt=86.71
[WOBBLE_FIRE] team=2 losTgt=85.93
[WOBBLE_FIRE] team=2 losTgt=85.15
[WOBBLE_FIRE] team=2 losTgt=84.36
[WOBBLE_FIRE] team=2 losTgt=83.57
[WOBBLE_FIRE] team=2 losTgt=82.79
[WOBBLE_FIRE] team=2 losTgt=82.00
[WOBBLE_FIRE] team=2 losTgt=81.21
[WOBBLE_FIRE] team=2 losTgt=80.42
[WOBBLE_FIRE] team=2 losTgt=79.63
[WOBBLE_FIRE] team=2 losTgt=78.84
[WOBBLE_FIRE] team=2 losTgt=78.05
[WOBBLE_FIRE] team=2 losTgt=77.26
[WOBBLE_FIRE] team=2 losTgt=76.47
[WOBBLE_FIRE] team=2 losTgt=75.68
[WOBBLE_FIRE] team=2 losTgt=74.89
[WOBBLE_FIRE] team=2 losTgt=74.10
[WOBBLE_FIRE] team=2 losTgt=73.31
[WOBBLE_FIRE] team=2 losTgt=72.52
[WOBBLE_FIRE] team=2 losTgt=71.73
[WOBBLE_FIRE] team=2 losTgt=70.94
[WOBBLE_FIRE] team=2 losTgt=70.15
[WOBBLE_FIRE] team=2 losTgt=69.36
[WOBBLE_FIRE] team=2 losTgt=68.58
[WOBBLE_FIRE] team=2 losTgt=67.79
[WOBBLE_FIRE] team=2 losTgt=67.01
[WOBBLE_FIRE] team=2 losTgt=66.22
[WOBBLE_FIRE] team=2 losTgt=65.44
[WOBBLE_FIRE] team=2 losTgt=64.65
[WOBBLE_FIRE] team=2 losTgt=63.87
[WOBBLE_FIRE] team=2 losTgt=63.09
[WOBBLE_FIRE] team=2 losTgt=62.30
[WOBBLE_FIRE] team=2 losTgt=61.51
[WOBBLE_FIRE] team=2 losTgt=60.73
[WOBBLE_FIRE] team=2 losTgt=59.94
[WOBBLE_FIRE] team=2 losTgt=59.15
[WOBBLE_FIRE] team=2 losTgt=58.36
[WOBBLE_FIRE] team=2 losTgt=57.58
[WOBBLE_FIRE] team=2 losTgt=56.79
[WOBBLE_FIRE] team=2 losTgt=56.00
[WOBBLE_FIRE] team=2 losTgt=55.21
[WOBBLE_FIRE] team=2 losTgt=54.42
[WOBBLE_FIRE] team=2 losTgt=53.63
[WOBBLE_FIRE] team=2 losTgt=52.83
[WOBBLE_FIRE] team=2 losTgt=52.04
[WOBBLE_FIRE] team=2 losTgt=51.24
[WOBBLE_FIRE] team=2 losTgt=50.43
[WOBBLE_FIRE] team=2 losTgt=49.62
[WOBBLE_FIRE] team=2 losTgt=48.82
[WOBBLE_FIRE] team=2 losTgt=48.01
[WOBBLE_FIRE] team=2 losTgt=47.19
[WOBBLE_FIRE] team=2 losTgt=46.38
[WOBBLE_FIRE] team=2 losTgt=45.57
[ACTIVE] [RED] LeadPredict dist=3181.56 dV=110.45 thr=1 om=0.654889 lt=3
[ACTIVE] [RED] LeadPredict dist=1191.77 dV=42.4927 thr=1 om=1.22456 lt=3
[WOBBLE_FIRE] team=2 losTgt=46.00
[WOBBLE_FIRE] team=2 losTgt=48.50
[WOBBLE_FIRE] team=2 losTgt=50.85
[WOBBLE_FIRE] team=2 losTgt=53.02
[WOBBLE_FIRE] team=2 losTgt=54.98
[WOBBLE_FIRE] team=2 losTgt=56.77
[WOBBLE_FIRE] team=2 losTgt=58.54
[WOBBLE_FIRE] team=2 losTgt=60.34
[WOBBLE_FIRE] team=2 losTgt=62.19
[WOBBLE_FIRE] team=2 losTgt=64.13
[WOBBLE_FIRE] team=2 losTgt=66.12
[WOBBLE_FIRE] team=2 losTgt=68.14
[WOBBLE_FIRE] team=2 losTgt=70.14
[WOBBLE_FIRE] team=2 losTgt=72.11
[WOBBLE_FIRE] team=2 losTgt=74.03
[WOBBLE_FIRE] team=2 losTgt=75.86
[WOBBLE_FIRE] team=2 losTgt=77.61
[WOBBLE_FIRE] team=2 losTgt=79.26
[WOBBLE_FIRE] team=2 losTgt=80.81
[WOBBLE_FIRE] team=2 losTgt=82.26
[WOBBLE_FIRE] team=2 losTgt=83.60
[WOBBLE_FIRE] team=2 losTgt=84.83
[WOBBLE_FIRE] team=2 losTgt=85.96
[WOBBLE_FIRE] team=2 losTgt=86.98
[WOBBLE_FIRE] team=2 losTgt=87.90
[WOBBLE_FIRE] team=2 losTgt=88.72
[WOBBLE_FIRE] team=2 losTgt=89.44
[WOBBLE_FIRE] team=2 losTgt=90.06
[WOBBLE_FIRE] team=2 losTgt=90.59
[WOBBLE_FIRE] team=2 losTgt=91.03
[WOBBLE_FIRE] team=2 losTgt=91.38
[WOBBLE_FIRE] team=2 losTgt=91.64
[WOBBLE_FIRE] team=2 losTgt=91.83
[WOBBLE_FIRE] team=2 losTgt=91.93
[WOBBLE_FIRE] team=2 losTgt=91.95
[WOBBLE_FIRE] team=2 losTgt=91.89
[WOBBLE_FIRE] team=2 losTgt=91.76
[WOBBLE_FIRE] team=2 losTgt=91.55
[WOBBLE_FIRE] team=2 losTgt=91.29
[WOBBLE_FIRE] team=2 losTgt=90.99
[WOBBLE_FIRE] team=2 losTgt=90.67
[WOBBLE_FIRE] team=2 losTgt=90.33
[WOBBLE_FIRE] team=2 losTgt=89.97
[WOBBLE_FIRE] team=2 losTgt=89.59
[WOBBLE_FIRE] team=2 losTgt=89.18
[WOBBLE_FIRE] team=2 losTgt=88.75
[WOBBLE_FIRE] team=2 losTgt=88.30
[ACTIVE] [RED] LeadPredict dist=1784.78 dV=-42.8014 thr=1 om=1.18569 lt=3
[WOBBLE_FIRE] team=2 losTgt=87.82
[WOBBLE_FIRE] team=2 losTgt=87.32
[WOBBLE_FIRE] team=2 losTgt=86.79
[WOBBLE_FIRE] team=2 losTgt=86.24
[WOBBLE_FIRE] team=2 losTgt=85.66
[WOBBLE_FIRE] team=2 losTgt=85.06
[WOBBLE_FIRE] team=2 losTgt=84.44
[WOBBLE_FIRE] team=2 losTgt=83.79
[WOBBLE_FIRE] team=2 losTgt=83.13
[WOBBLE_FIRE] team=2 losTgt=82.45
[WOBBLE_FIRE] team=2 losTgt=81.75
[WOBBLE_FIRE] team=2 losTgt=81.03
[WOBBLE_FIRE] team=2 losTgt=80.30
[WOBBLE_FIRE] team=2 losTgt=79.55
[WOBBLE_FIRE] team=2 losTgt=78.79
[WOBBLE_FIRE] team=2 losTgt=78.01
[WOBBLE_FIRE] team=2 losTgt=77.23
[WOBBLE_FIRE] team=2 losTgt=76.43
[WOBBLE_FIRE] team=2 losTgt=75.62
[WOBBLE_FIRE] team=2 losTgt=74.80
[WOBBLE_FIRE] team=2 losTgt=73.97
[WOBBLE_FIRE] team=2 losTgt=73.14
[WOBBLE_FIRE] team=2 losTgt=72.29
[WOBBLE_FIRE] team=2 losTgt=71.44
[WOBBLE_FIRE] team=2 losTgt=70.58
[WOBBLE_FIRE] team=2 losTgt=69.71
[WOBBLE_FIRE] team=2 losTgt=68.83
[WOBBLE_FIRE] team=2 losTgt=67.95
[WOBBLE_FIRE] team=2 losTgt=67.06
[WOBBLE_FIRE] team=2 losTgt=66.17
[WOBBLE_FIRE] team=2 losTgt=65.28
[WOBBLE_FIRE] team=2 losTgt=64.39
[WOBBLE_FIRE] team=2 losTgt=63.51
[WOBBLE_FIRE] team=2 losTgt=62.64
[WOBBLE_FIRE] team=2 losTgt=61.76
[WOBBLE_FIRE] team=2 losTgt=60.88
[WOBBLE_FIRE] team=2 losTgt=59.99
[WOBBLE_FIRE] team=2 losTgt=59.10
[WOBBLE_FIRE] team=2 losTgt=58.20
[WOBBLE_FIRE] team=2 losTgt=57.28
[WOBBLE_FIRE] team=2 losTgt=56.36
[WOBBLE_FIRE] team=2 losTgt=55.42
[WOBBLE_FIRE] team=2 losTgt=54.48
[WOBBLE_FIRE] team=2 losTgt=53.53
[WOBBLE_FIRE] team=2 losTgt=52.56
[WOBBLE_FIRE] team=2 losTgt=51.60
[WOBBLE_FIRE] team=2 losTgt=50.62
[WOBBLE_FIRE] team=2 losTgt=49.63
[WOBBLE_FIRE] team=2 losTgt=48.64
[WOBBLE_FIRE] team=2 losTgt=47.65
[WOBBLE_FIRE] team=2 losTgt=46.65
[WOBBLE_FIRE] team=2 losTgt=45.65
[ACTIVE] [RED] LeadPredict dist=2794.74 dV=-75.8284 thr=1 om=0.200229 lt=3
[ACTIVE] [RED] LeadPredict dist=2750.69 dV=-63.4819 thr=1 om=0.177736 lt=3
[ACTIVE] [RED] LeadPredict dist=2491.47 dV=-4.06406 thr=1 om=0.735453 lt=3
[ACTIVE] [RED] LeadPredict dist=1941.88 dV=54.6335 thr=0.731085 om=0.376768 lt=3
[ACTIVE] [RED] LeadPredict dist=2235.09 dV=53.0388 thr=0.815916 om=0.38039 lt=3
[ACTIVE] [RED] LeadPredict dist=2133.85 dV=37.4512 thr=1 om=1.62456 lt=3
[ACTIVE] [RED] LeadPredict dist=1442.58 dV=6.43051 thr=1 om=0.503517 lt=3
[DUTY] team=1 ticks=6600 v27종말조준=5.72727% v21뱅크예측=78.3636% v17궤도조건=72.197% v17슬롯적용=71.0909% 상승클램프=0% 강하클램프=17.3788% v23b조건=36.7879% v23b실제적용=36%
[ACTIVE] [RED] LeadPredict dist=1666.49 dV=-73.2048 thr=1 om=0.12524 lt=3
[ACTIVE] [RED] LeadPredict dist=2369.52 dV=-97.5893 thr=1 om=0.791477 lt=3
[ACTIVE] [RED] LeadPredict dist=2618.76 dV=-59.212 thr=1 om=0.838081 lt=3
[ACTIVE] [RED] LeadPredict dist=2059.26 dV=-1.23465 thr=1 om=0.119037 lt=3
[ACTIVE] [RED] LeadPredict dist=1849.91 dV=14.25 thr=0.714906 om=0.803836 lt=3
[ACTIVE] [RED] LeadPredict dist=1722.98 dV=5.60739 thr=1 om=0.733658 lt=3
[ACTIVE] [RED] LeadPredict dist=1647.2 dV=-15.4332 thr=1 om=0.103048 lt=3
[ACTIVE] [RED] LeadPredict dist=1814.96 dV=-23.6128 thr=1 om=0.908227 lt=3
[ACTIVE] [RED] LeadPredict dist=1759.36 dV=-6.79059 thr=1 om=0.891427 lt=3
[ACTIVE] [RED] LeadPredict dist=1719.34 dV=-16.8222 thr=1 om=0.021114 lt=3
[DUTY] team=1 ticks=7200 v27종말조준=5.25% v21뱅크예측=78.6111% v17궤도조건=72.1806% v17슬롯적용=71.1667% 상승클램프=0% 강하클램프=19.1389% v23b조건=34.7917% v23b실제적용=34.0694%
[ACTIVE] [RED] LeadPredict dist=1866.21 dV=-19.1886 thr=1 om=1.18474 lt=3
[ACTIVE] [RED] LeadPredict dist=1730.58 dV=-0.20578 thr=1 om=1.14563 lt=3
[ACTIVE] [RED] LeadPredict dist=1698.52 dV=-19.0857 thr=1 om=0.00786272 lt=3
[ACTIVE] [RED] LeadPredict dist=1762.89 dV=-2.10919 thr=1 om=1.33358 lt=3
[ACTIVE] [RED] LeadPredict dist=1515.81 dV=-3.70395 thr=0.52 om=1.13584 lt=3
[ACTIVE] [RED] LeadPredict dist=1824.68 dV=-64.305 thr=0.459538 om=1.71157 lt=3
[ACTIVE] [RED] LeadPredict dist=1225.97 dV=10.1345 thr=0.384764 om=1.63449 lt=3
[ACTIVE] [RED] LeadPredict dist=1369.94 dV=-26.6994 thr=0.681017 om=0.115231 lt=3
[ACTIVE] [RED] LeadPredict dist=1581.28 dV=-19.4458 thr=1 om=0.0283149 lt=3
runner:local/env:0	num_steps=[11999] | total rewards=[461.4080] | termination= [max time out]
[seed 3] reward=   461.41 ownHP=1.0000 tgtHP=1.0000 max time out
total: 2
[WOBBLE_FIRE] team=2 losTgt=96.51
[WOBBLE_FIRE] team=2 losTgt=96.58
[WOBBLE_FIRE] team=2 losTgt=96.58
[WOBBLE_FIRE] team=2 losTgt=96.60
[WOBBLE_FIRE] team=2 losTgt=96.63
[WOBBLE_FIRE] team=2 losTgt=96.58
[WOBBLE_FIRE] team=2 losTgt=96.34
[WOBBLE_FIRE] team=2 losTgt=95.79
[WOBBLE_FIRE] team=2 losTgt=94.87
[WOBBLE_FIRE] team=2 losTgt=93.54
[WOBBLE_FIRE] team=2 losTgt=92.06
[WOBBLE_FIRE] team=2 losTgt=90.74
[WOBBLE_FIRE] team=2 losTgt=89.62
[WOBBLE_FIRE] team=2 losTgt=88.65
[WOBBLE_FIRE] team=2 losTgt=87.75
[WOBBLE_FIRE] team=2 losTgt=86.91
[WOBBLE_FIRE] team=2 losTgt=86.11
[WOBBLE_FIRE] team=2 losTgt=85.35
[WOBBLE_FIRE] team=2 losTgt=84.62
[WOBBLE_FIRE] team=2 losTgt=83.91
[WOBBLE_FIRE] team=2 losTgt=83.21
[WOBBLE_FIRE] team=2 losTgt=82.53
[WOBBLE_FIRE] team=2 losTgt=81.85
[WOBBLE_FIRE] team=2 losTgt=81.17
[ACTIVE] [RED] LeadPredict dist=3090.23 dV=5.14441 thr=1 om=0.831013 lt=3
[DUTY] team=1 ticks=7800 v27종말조준=4.84615% v21뱅크예측=77.1154% v17궤도조건=71.7308% v17슬롯적용=70.7949% 상승클램프=0% 강하클램프=19.9744% v23b조건=34.5256% v23b실제적용=33.859%
[WOBBLE_FIRE] team=2 losTgt=80.51
[WOBBLE_FIRE] team=2 losTgt=79.85
[WOBBLE_FIRE] team=2 losTgt=79.19
[WOBBLE_FIRE] team=2 losTgt=78.54
[WOBBLE_FIRE] team=2 losTgt=77.88
[WOBBLE_FIRE] team=2 losTgt=77.22
[WOBBLE_FIRE] team=2 losTgt=76.56
[WOBBLE_FIRE] team=2 losTgt=75.90
[WOBBLE_FIRE] team=2 losTgt=75.23
[WOBBLE_FIRE] team=2 losTgt=74.57
[WOBBLE_FIRE] team=2 losTgt=73.89
[WOBBLE_FIRE] team=2 losTgt=73.21
[WOBBLE_FIRE] team=2 losTgt=72.53
[WOBBLE_FIRE] team=2 losTgt=71.84
[WOBBLE_FIRE] team=2 losTgt=71.15
[WOBBLE_FIRE] team=2 losTgt=70.45
[WOBBLE_FIRE] team=2 losTgt=69.75
[WOBBLE_FIRE] team=2 losTgt=69.04
[WOBBLE_FIRE] team=2 losTgt=68.32
[WOBBLE_FIRE] team=2 losTgt=67.60
[WOBBLE_FIRE] team=2 losTgt=66.88
[WOBBLE_FIRE] team=2 losTgt=66.15
[WOBBLE_FIRE] team=2 losTgt=65.42
[WOBBLE_FIRE] team=2 losTgt=64.68
[WOBBLE_FIRE] team=2 losTgt=63.93
[WOBBLE_FIRE] team=2 losTgt=63.18
[WOBBLE_FIRE] team=2 losTgt=62.42
[WOBBLE_FIRE] team=2 losTgt=61.66
[WOBBLE_FIRE] team=2 losTgt=60.89
[WOBBLE_FIRE] team=2 losTgt=60.10
[WOBBLE_FIRE] team=2 losTgt=59.31
[WOBBLE_FIRE] team=2 losTgt=58.50
[WOBBLE_FIRE] team=2 losTgt=57.70
[WOBBLE_FIRE] team=2 losTgt=56.88
[WOBBLE_FIRE] team=2 losTgt=56.06
[WOBBLE_FIRE] team=2 losTgt=55.22
[WOBBLE_FIRE] team=2 losTgt=54.38
[WOBBLE_FIRE] team=2 losTgt=53.53
[WOBBLE_FIRE] team=2 losTgt=52.68
[WOBBLE_FIRE] team=2 losTgt=51.81
[WOBBLE_FIRE] team=2 losTgt=50.93
[WOBBLE_FIRE] team=2 losTgt=50.04
[WOBBLE_FIRE] team=2 losTgt=49.14
[WOBBLE_FIRE] team=2 losTgt=48.23
[WOBBLE_FIRE] team=2 losTgt=47.30
[WOBBLE_FIRE] team=2 losTgt=46.36
[WOBBLE_FIRE] team=2 losTgt=45.40
[ACTIVE] [RED] LeadPredict dist=1344.06 dV=-10.4431 thr=0.732834 om=0.0807969 lt=3
[WOBBLE_FIRE] team=2 losTgt=45.43
[WOBBLE_FIRE] team=2 losTgt=50.39
[WOBBLE_FIRE] team=2 losTgt=55.51
[WOBBLE_FIRE] team=2 losTgt=60.52
[WOBBLE_FIRE] team=2 losTgt=65.06
[WOBBLE_FIRE] team=2 losTgt=68.78
[WOBBLE_FIRE] team=2 losTgt=71.57
[WOBBLE_FIRE] team=2 losTgt=73.71
[WOBBLE_FIRE] team=2 losTgt=75.59
[WOBBLE_FIRE] team=2 losTgt=77.36
[WOBBLE_FIRE] team=2 losTgt=79.03
[WOBBLE_FIRE] team=2 losTgt=80.53
[WOBBLE_FIRE] team=2 losTgt=81.85
[WOBBLE_FIRE] team=2 losTgt=82.99
[WOBBLE_FIRE] team=2 losTgt=83.96
[WOBBLE_FIRE] team=2 losTgt=84.77
[WOBBLE_FIRE] team=2 losTgt=85.40
[WOBBLE_FIRE] team=2 losTgt=85.89
[WOBBLE_FIRE] team=2 losTgt=86.24
[WOBBLE_FIRE] team=2 losTgt=86.48
[WOBBLE_FIRE] team=2 losTgt=86.60
[WOBBLE_FIRE] team=2 losTgt=86.61
[WOBBLE_FIRE] team=2 losTgt=86.54
[WOBBLE_FIRE] team=2 losTgt=86.39
[WOBBLE_FIRE] team=2 losTgt=86.16
[WOBBLE_FIRE] team=2 losTgt=85.87
[WOBBLE_FIRE] team=2 losTgt=85.51
[WOBBLE_FIRE] team=2 losTgt=85.11
[WOBBLE_FIRE] team=2 losTgt=84.64
[WOBBLE_FIRE] team=2 losTgt=84.14
[WOBBLE_FIRE] team=2 losTgt=83.58
[WOBBLE_FIRE] team=2 losTgt=83.00
[WOBBLE_FIRE] team=2 losTgt=82.37
[WOBBLE_FIRE] team=2 losTgt=81.70
[ACTIVE] [RED] LeadPredict dist=1389.47 dV=-12.6552 thr=0.670741 om=1.14133 lt=3
[WOBBLE_FIRE] team=2 losTgt=81.01
[WOBBLE_FIRE] team=2 losTgt=80.29
[WOBBLE_FIRE] team=2 losTgt=79.53
[WOBBLE_FIRE] team=2 losTgt=78.75
[WOBBLE_FIRE] team=2 losTgt=77.95
[WOBBLE_FIRE] team=2 losTgt=77.12
[WOBBLE_FIRE] team=2 losTgt=76.26
[WOBBLE_FIRE] team=2 losTgt=75.39
[WOBBLE_FIRE] team=2 losTgt=74.49
[WOBBLE_FIRE] team=2 losTgt=73.57
[WOBBLE_FIRE] team=2 losTgt=72.63
[WOBBLE_FIRE] team=2 losTgt=71.67
[WOBBLE_FIRE] team=2 losTgt=70.70
[WOBBLE_FIRE] team=2 losTgt=69.70
[WOBBLE_FIRE] team=2 losTgt=68.69
[WOBBLE_FIRE] team=2 losTgt=67.66
[WOBBLE_FIRE] team=2 losTgt=66.62
[WOBBLE_FIRE] team=2 losTgt=65.56
[WOBBLE_FIRE] team=2 losTgt=64.48
[WOBBLE_FIRE] team=2 losTgt=63.39
[WOBBLE_FIRE] team=2 losTgt=62.28
[WOBBLE_FIRE] team=2 losTgt=61.15
[WOBBLE_FIRE] team=2 losTgt=60.01
[WOBBLE_FIRE] team=2 losTgt=58.85
[WOBBLE_FIRE] team=2 losTgt=57.66
[WOBBLE_FIRE] team=2 losTgt=56.47
[WOBBLE_FIRE] team=2 losTgt=55.25
[WOBBLE_FIRE] team=2 losTgt=54.02
[WOBBLE_FIRE] team=2 losTgt=52.76
[WOBBLE_FIRE] team=2 losTgt=51.49
[WOBBLE_FIRE] team=2 losTgt=50.19
[WOBBLE_FIRE] team=2 losTgt=48.87
[WOBBLE_FIRE] team=2 losTgt=47.53
[WOBBLE_FIRE] team=2 losTgt=46.16
[ACTIVE] [RED] LeadPredict dist=866.533 dV=-21.5551 thr=0.856082 om=0.424834 lt=1.89737
[WOBBLE_FIRE] team=2 losTgt=46.74
[WOBBLE_FIRE] team=2 losTgt=49.87
[WOBBLE_FIRE] team=2 losTgt=52.94
[WOBBLE_FIRE] team=2 losTgt=55.95
[WOBBLE_FIRE] team=2 losTgt=58.93
[WOBBLE_FIRE] team=2 losTgt=61.80
[WOBBLE_FIRE] team=2 losTgt=64.23
[WOBBLE_FIRE] team=2 losTgt=65.70
[WOBBLE_FIRE] team=2 losTgt=66.47
[WOBBLE_FIRE] team=2 losTgt=66.83
[WOBBLE_FIRE] team=2 losTgt=67.29
[WOBBLE_FIRE] team=2 losTgt=67.77
[WOBBLE_FIRE] team=2 losTgt=68.26
[WOBBLE_FIRE] team=2 losTgt=68.64
[WOBBLE_FIRE] team=2 losTgt=68.89
[WOBBLE_FIRE] team=2 losTgt=69.04
[WOBBLE_FIRE] team=2 losTgt=69.08
[WOBBLE_FIRE] team=2 losTgt=69.02
[WOBBLE_FIRE] team=2 losTgt=68.85
[WOBBLE_FIRE] team=2 losTgt=68.59
[WOBBLE_FIRE] team=2 losTgt=68.24
[WOBBLE_FIRE] team=2 losTgt=67.80
[WOBBLE_FIRE] team=2 losTgt=67.28
[WOBBLE_FIRE] team=2 losTgt=66.67
[WOBBLE_FIRE] team=2 losTgt=66.01
[WOBBLE_FIRE] team=2 losTgt=65.28
[WOBBLE_FIRE] team=2 losTgt=64.48
[WOBBLE_FIRE] team=2 losTgt=63.62
[WOBBLE_FIRE] team=2 losTgt=62.72
[WOBBLE_FIRE] team=2 losTgt=61.76
[WOBBLE_FIRE] team=2 losTgt=60.75
[WOBBLE_FIRE] team=2 losTgt=59.69
[WOBBLE_FIRE] team=2 losTgt=58.59
[WOBBLE_FIRE] team=2 losTgt=57.45
[WOBBLE_FIRE] team=2 losTgt=56.26
[WOBBLE_FIRE] team=2 losTgt=55.03
[WOBBLE_FIRE] team=2 losTgt=53.77
[WOBBLE_FIRE] team=2 losTgt=52.47
[WOBBLE_FIRE] team=2 losTgt=51.13
[WOBBLE_FIRE] team=2 losTgt=49.75
[WOBBLE_FIRE] team=2 losTgt=48.34
[WOBBLE_FIRE] team=2 losTgt=46.90
[WOBBLE_FIRE] team=2 losTgt=45.43
[ACTIVE] [RED] LeadPredict dist=1401.42 dV=-18.8799 thr=0.536061 om=1.95358 lt=3
[ACTIVE] [RED] ClimbOut Z=2678.9
[ACTIVE] [RED] LeadPredict dist=1420.42 dV=3.24097 thr=0.634448 om=0.337442 lt=3
[ACTIVE] [RED] LeadPredict dist=1393.75 dV=-11.7807 thr=0.775687 om=1.33192 lt=3
[ACTIVE] [RED] LeadPredict dist=1291.11 dV=-18.1083 thr=1 om=1.32041 lt=3
[ACTIVE] [RED] LeadPredict dist=1179 dV=26.7509 thr=1 om=1.58761 lt=3
[ACTIVE] [RED] LeadPredict dist=1032.12 dV=19.703 thr=1 om=1.26572 lt=3
[ACTIVE] [RED] LeadPredict dist=927.278 dV=11.0605 thr=0.749888 om=0.774822 lt=2.90819
[DUTY] team=1 ticks=8400 v27종말조준=4.60714% v21뱅크예측=78.0595% v17궤도조건=73.4643% v17슬롯적용=72.3333% 상승클램프=0% 강하클램프=19.3929% v23b조건=36.8095% v23b실제적용=36.1905%
[ACTIVE] [RED] LeadPredict dist=997.611 dV=0.102875 thr=1 om=0.0242479 lt=3
[ACTIVE] [RED] LeadPredict dist=953.094 dV=8.79694 thr=0.8 om=1.34719 lt=2.8459
[ACTIVE] [RED] LeadPredict dist=949.104 dV=-0.925995 thr=0.7383 om=1.26661 lt=2.95141
[ACTIVE] [RED] LeadPredict dist=1009.94 dV=-6.58484 thr=1 om=0.123836 lt=3
[ACTIVE] [RED] LeadPredict dist=969.233 dV=9.56857 thr=1 om=1.40774 lt=2.68767
[ACTIVE] [RED] ClimbOut Z=2426.55
[ACTIVE] [RED] LeadPredict dist=1043.59 dV=25.0532 thr=0.604713 om=1.26344 lt=2.95628
[ACTIVE] [RED] LeadPredict dist=1271.83 dV=-15.3303 thr=0.814823 om=0.868022 lt=3
[ACTIVE] [RED] LeadPredict dist=1099.05 dV=2.93231 thr=1 om=1.31868 lt=3
[ACTIVE] [RED] LeadPredict dist=1166.6 dV=-8.89981 thr=1 om=0.0620773 lt=3
[ACTIVE] [RED] LeadPredict dist=1174.5 dV=3.90973 thr=1 om=0.643222 lt=3
[DUTY] team=1 ticks=9000 v27종말조준=4.3% v21뱅크예측=77.4556% v17궤도조건=73.3778% v17슬롯적용=72.3222% 상승클램프=0% 강하클램프=18.1% v23b조건=36.8778% v23b실제적용=36.3%
[ACTIVE] [RED] LeadPredict dist=1030.63 dV=14.3529 thr=1 om=1.39917 lt=3
[ACTIVE] [RED] LeadPredict dist=1176.39 dV=-20.269 thr=1 om=0.0678474 lt=3
[ACTIVE] [RED] LeadPredict dist=1296.99 dV=-12.9124 thr=0.747483 om=0.528121 lt=3
[ACTIVE] [RED] LeadPredict dist=1236.62 dV=11.8836 thr=1 om=1.25289 lt=3
[ACTIVE] [RED] LeadPredict dist=1172.16 dV=-1.64621 thr=1 om=0.00922456 lt=3
[ACTIVE] [RED] LeadPredict dist=1163.45 dV=8.28247 thr=1 om=1.03413 lt=2.87587
[ACTIVE] [RED] LeadPredict dist=929.073 dV=29.5289 thr=0.459319 om=1.45949 lt=2.39935
[ACTIVE] [RED] LeadPredict dist=927.949 dV=-2.31497 thr=1 om=0.109889 lt=2.66244
[ACTIVE] [RED] LeadPredict dist=930.616 dV=1.69766 thr=1 om=0.361842 lt=2.61944
[ACTIVE] [RED] LeadPredict dist=1097.62 dV=-14.25 thr=0.667899 om=1.69518 lt=3
[DUTY] team=1 ticks=9600 v27종말조준=4.05208% v21뱅크예측=76.6354% v17궤도조건=72.9167% v17슬롯적용=71.9271% 상승클램프=0% 강하클램프=18.6562% v23b조건=36.0729% v23b실제적용=35.5312%
[ACTIVE] [RED] LeadPredict dist=1246.63 dV=2.72653 thr=1 om=1.34877 lt=3
[ACTIVE] [RED] LeadPredict dist=1062.36 dV=19.4458 thr=1 om=0.565386 lt=2.97905
runner:local/env:0	num_steps=[11999] | total rewards=[1101.0511] | termination= [max time out]
[seed 4] reward=  1101.05 ownHP=1.0000 tgtHP=0.6488 max time out
total: 2
[WOBBLE_FIRE] team=2 losTgt=120.43
[WOBBLE_FIRE] team=2 losTgt=120.44
[WOBBLE_FIRE] team=2 losTgt=120.37
[WOBBLE_FIRE] team=2 losTgt=120.27
[WOBBLE_FIRE] team=2 losTgt=120.16
[WOBBLE_FIRE] team=2 losTgt=120.04
[WOBBLE_FIRE] team=2 losTgt=119.93
[WOBBLE_FIRE] team=2 losTgt=119.83
[WOBBLE_FIRE] team=2 losTgt=119.77
[WOBBLE_FIRE] team=2 losTgt=119.74
[WOBBLE_FIRE] team=2 losTgt=119.73
[WOBBLE_FIRE] team=2 losTgt=119.52
[WOBBLE_FIRE] team=2 losTgt=118.86
[WOBBLE_FIRE] team=2 losTgt=117.73
[WOBBLE_FIRE] team=2 losTgt=116.27
[WOBBLE_FIRE] team=2 losTgt=114.52
[WOBBLE_FIRE] team=2 losTgt=112.86
[WOBBLE_FIRE] team=2 losTgt=111.47
[WOBBLE_FIRE] team=2 losTgt=110.32
[WOBBLE_FIRE] team=2 losTgt=109.30
[WOBBLE_FIRE] team=2 losTgt=108.37
[WOBBLE_FIRE] team=2 losTgt=107.53
[WOBBLE_FIRE] team=2 losTgt=106.76
[WOBBLE_FIRE] team=2 losTgt=106.02
[WOBBLE_FIRE] team=2 losTgt=105.30
[WOBBLE_FIRE] team=2 losTgt=104.60
[WOBBLE_FIRE] team=2 losTgt=103.91
[WOBBLE_FIRE] team=2 losTgt=103.24
[WOBBLE_FIRE] team=2 losTgt=102.58
[WOBBLE_FIRE] team=2 losTgt=101.96
[WOBBLE_FIRE] team=2 losTgt=101.35
[WOBBLE_FIRE] team=2 losTgt=100.77
[WOBBLE_FIRE] team=2 losTgt=100.21
[WOBBLE_FIRE] team=2 losTgt=99.67
[WOBBLE_FIRE] team=2 losTgt=99.15
[WOBBLE_FIRE] team=2 losTgt=98.65
[WOBBLE_FIRE] team=2 losTgt=98.15
[WOBBLE_FIRE] team=2 losTgt=97.89
[WOBBLE_FIRE] team=2 losTgt=97.96
[WOBBLE_FIRE] team=2 losTgt=97.90
[WOBBLE_FIRE] team=2 losTgt=97.53
[WOBBLE_FIRE] team=2 losTgt=96.82
[WOBBLE_FIRE] team=2 losTgt=95.90
[WOBBLE_FIRE] team=2 losTgt=94.98
[WOBBLE_FIRE] team=2 losTgt=94.17
[WOBBLE_FIRE] team=2 losTgt=93.46
[WOBBLE_FIRE] team=2 losTgt=92.82
[WOBBLE_FIRE] team=2 losTgt=92.22
[WOBBLE_FIRE] team=2 losTgt=91.91
[WOBBLE_FIRE] team=2 losTgt=92.02
[WOBBLE_FIRE] team=2 losTgt=91.97
[WOBBLE_FIRE] team=2 losTgt=91.63
[WOBBLE_FIRE] team=2 losTgt=90.98
[WOBBLE_FIRE] team=2 losTgt=90.04
[WOBBLE_FIRE] team=2 losTgt=89.03
[WOBBLE_FIRE] team=2 losTgt=88.18
[WOBBLE_FIRE] team=2 losTgt=87.47
[ACTIVE] [RED] LeadPredict dist=2009.89 dV=12.0893 thr=0.72387 om=0.573064 lt=3
[WOBBLE_FIRE] team=2 losTgt=86.86
[WOBBLE_FIRE] team=2 losTgt=86.32
[WOBBLE_FIRE] team=2 losTgt=85.84
[WOBBLE_FIRE] team=2 losTgt=85.65
[WOBBLE_FIRE] team=2 losTgt=85.81
[WOBBLE_FIRE] team=2 losTgt=85.77
[WOBBLE_FIRE] team=2 losTgt=85.36
[WOBBLE_FIRE] team=2 losTgt=84.61
[WOBBLE_FIRE] team=2 losTgt=83.75
[WOBBLE_FIRE] team=2 losTgt=82.97
[WOBBLE_FIRE] team=2 losTgt=82.24
[WOBBLE_FIRE] team=2 losTgt=81.56
[WOBBLE_FIRE] team=2 losTgt=80.92
[WOBBLE_FIRE] team=2 losTgt=80.31
[WOBBLE_FIRE] team=2 losTgt=79.71
[WOBBLE_FIRE] team=2 losTgt=79.13
[WOBBLE_FIRE] team=2 losTgt=78.55
[WOBBLE_FIRE] team=2 losTgt=77.98
[WOBBLE_FIRE] team=2 losTgt=77.40
[WOBBLE_FIRE] team=2 losTgt=76.83
[WOBBLE_FIRE] team=2 losTgt=76.26
[WOBBLE_FIRE] team=2 losTgt=75.68
[WOBBLE_FIRE] team=2 losTgt=75.11
[WOBBLE_FIRE] team=2 losTgt=74.53
[WOBBLE_FIRE] team=2 losTgt=73.95
[WOBBLE_FIRE] team=2 losTgt=73.36
[WOBBLE_FIRE] team=2 losTgt=72.77
[WOBBLE_FIRE] team=2 losTgt=72.17
[WOBBLE_FIRE] team=2 losTgt=71.58
[WOBBLE_FIRE] team=2 losTgt=70.98
[WOBBLE_FIRE] team=2 losTgt=70.38
[WOBBLE_FIRE] team=2 losTgt=69.77
[WOBBLE_FIRE] team=2 losTgt=69.16
[WOBBLE_FIRE] team=2 losTgt=68.55
[WOBBLE_FIRE] team=2 losTgt=67.94
[WOBBLE_FIRE] team=2 losTgt=67.32
[WOBBLE_FIRE] team=2 losTgt=66.70
[WOBBLE_FIRE] team=2 losTgt=66.07
[WOBBLE_FIRE] team=2 losTgt=65.44
[WOBBLE_FIRE] team=2 losTgt=64.80
[WOBBLE_FIRE] team=2 losTgt=64.15
[WOBBLE_FIRE] team=2 losTgt=63.50
[WOBBLE_FIRE] team=2 losTgt=62.84
[WOBBLE_FIRE] team=2 losTgt=62.17
[WOBBLE_FIRE] team=2 losTgt=61.49
[WOBBLE_FIRE] team=2 losTgt=60.79
[WOBBLE_FIRE] team=2 losTgt=60.09
[WOBBLE_FIRE] team=2 losTgt=59.37
[WOBBLE_FIRE] team=2 losTgt=58.64
[WOBBLE_FIRE] team=2 losTgt=57.88
[WOBBLE_FIRE] team=2 losTgt=57.11
[WOBBLE_FIRE] team=2 losTgt=56.31
[WOBBLE_FIRE] team=2 losTgt=55.48
[WOBBLE_FIRE] team=2 losTgt=54.62
[WOBBLE_FIRE] team=2 losTgt=53.73
[WOBBLE_FIRE] team=2 losTgt=52.77
[WOBBLE_FIRE] team=2 losTgt=51.77
[WOBBLE_FIRE] team=2 losTgt=50.68
[WOBBLE_FIRE] team=2 losTgt=49.51
[WOBBLE_FIRE] team=2 losTgt=48.21
[ACTIVE] [RED] LeadPredict dist=339.36 dV=0 thr=0.599684 om=0.519636 lt=0.958125
[WOBBLE_FIRE] team=2 losTgt=46.77
[WOBBLE_FIRE] team=2 losTgt=45.09
[WOBBLE_FIRE] team=2 losTgt=52.81
[WOBBLE_FIRE] team=2 losTgt=84.41
[WOBBLE_FIRE] team=2 losTgt=98.56
[WOBBLE_FIRE] team=2 losTgt=105.46
[WOBBLE_FIRE] team=2 losTgt=109.36
[WOBBLE_FIRE] team=2 losTgt=111.78
[WOBBLE_FIRE] team=2 losTgt=113.37
[WOBBLE_FIRE] team=2 losTgt=114.45
[WOBBLE_FIRE] team=2 losTgt=115.21
[WOBBLE_FIRE] team=2 losTgt=115.70
[WOBBLE_FIRE] team=2 losTgt=116.02
[WOBBLE_FIRE] team=2 losTgt=116.23
[WOBBLE_FIRE] team=2 losTgt=116.28
[WOBBLE_FIRE] team=2 losTgt=115.90
[WOBBLE_FIRE] team=2 losTgt=114.72
[WOBBLE_FIRE] team=2 losTgt=112.91
[WOBBLE_FIRE] team=2 losTgt=110.80
[WOBBLE_FIRE] team=2 losTgt=108.97
[WOBBLE_FIRE] team=2 losTgt=107.42
[WOBBLE_FIRE] team=2 losTgt=106.02
[WOBBLE_FIRE] team=2 losTgt=104.69
[WOBBLE_FIRE] team=2 losTgt=103.41
[WOBBLE_FIRE] team=2 losTgt=102.18
[WOBBLE_FIRE] team=2 losTgt=100.99
[WOBBLE_FIRE] team=2 losTgt=99.80
[WOBBLE_FIRE] team=2 losTgt=98.62
[WOBBLE_FIRE] team=2 losTgt=97.45
[WOBBLE_FIRE] team=2 losTgt=96.27
[WOBBLE_FIRE] team=2 losTgt=95.09
[WOBBLE_FIRE] team=2 losTgt=93.91
[WOBBLE_FIRE] team=2 losTgt=92.72
[WOBBLE_FIRE] team=2 losTgt=91.53
[WOBBLE_FIRE] team=2 losTgt=90.34
[WOBBLE_FIRE] team=2 losTgt=89.14
[WOBBLE_FIRE] team=2 losTgt=87.94
[WOBBLE_FIRE] team=2 losTgt=86.74
[WOBBLE_FIRE] team=2 losTgt=85.55
[WOBBLE_FIRE] team=2 losTgt=84.35
[WOBBLE_FIRE] team=2 losTgt=83.16
[WOBBLE_FIRE] team=2 losTgt=81.93
[WOBBLE_FIRE] team=2 losTgt=80.68
[WOBBLE_FIRE] team=2 losTgt=79.42
[WOBBLE_FIRE] team=2 losTgt=78.17
[WOBBLE_FIRE] team=2 losTgt=76.91
[WOBBLE_FIRE] team=2 losTgt=75.64
[WOBBLE_FIRE] team=2 losTgt=74.37
[WOBBLE_FIRE] team=2 losTgt=73.10
[WOBBLE_FIRE] team=2 losTgt=71.82
[WOBBLE_FIRE] team=2 losTgt=70.53
[WOBBLE_FIRE] team=2 losTgt=69.24
[WOBBLE_FIRE] team=2 losTgt=67.94
[ACTIVE] [RED] LeadPredict dist=883.35 dV=-9.51712 thr=0.514853 om=1.30733 lt=2.36094
[WOBBLE_FIRE] team=2 losTgt=66.63
[WOBBLE_FIRE] team=2 losTgt=65.32
[WOBBLE_FIRE] team=2 losTgt=64.00
[WOBBLE_FIRE] team=2 losTgt=62.67
[WOBBLE_FIRE] team=2 losTgt=61.33
[WOBBLE_FIRE] team=2 losTgt=59.98
[WOBBLE_FIRE] team=2 losTgt=58.61
[WOBBLE_FIRE] team=2 losTgt=57.23
[WOBBLE_FIRE] team=2 losTgt=55.81
[WOBBLE_FIRE] team=2 losTgt=54.36
[WOBBLE_FIRE] team=2 losTgt=52.86
[WOBBLE_FIRE] team=2 losTgt=51.30
[WOBBLE_FIRE] team=2 losTgt=49.64
[WOBBLE_FIRE] team=2 losTgt=47.88
[WOBBLE_FIRE] team=2 losTgt=45.97
[WOBBLE_FIRE] team=2 losTgt=68.70
[WOBBLE_FIRE] team=2 losTgt=91.00
[WOBBLE_FIRE] team=2 losTgt=103.29
[WOBBLE_FIRE] team=2 losTgt=108.27
[WOBBLE_FIRE] team=2 losTgt=112.40
[WOBBLE_FIRE] team=2 losTgt=114.90
[WOBBLE_FIRE] team=2 losTgt=116.71
[WOBBLE_FIRE] team=2 losTgt=118.07
[WOBBLE_FIRE] team=2 losTgt=119.08
[WOBBLE_FIRE] team=2 losTgt=119.80
[WOBBLE_FIRE] team=2 losTgt=120.32
[WOBBLE_FIRE] team=2 losTgt=120.71
[WOBBLE_FIRE] team=2 losTgt=120.70
[WOBBLE_FIRE] team=2 losTgt=119.88
[WOBBLE_FIRE] team=2 losTgt=118.43
[WOBBLE_FIRE] team=2 losTgt=116.45
[WOBBLE_FIRE] team=2 losTgt=116.13
[WOBBLE_FIRE] team=2 losTgt=118.44
[WOBBLE_FIRE] team=2 losTgt=118.24
[WOBBLE_FIRE] team=2 losTgt=118.53
[WOBBLE_FIRE] team=2 losTgt=118.76
[WOBBLE_FIRE] team=2 losTgt=118.92
[WOBBLE_FIRE] team=2 losTgt=119.02
[WOBBLE_FIRE] team=2 losTgt=119.22
[WOBBLE_FIRE] team=2 losTgt=119.80
[WOBBLE_FIRE] team=2 losTgt=121.31
[WOBBLE_FIRE] team=2 losTgt=123.09
[WOBBLE_FIRE] team=2 losTgt=124.89
[WOBBLE_FIRE] team=2 losTgt=126.43
[WOBBLE_FIRE] team=2 losTgt=127.85
[WOBBLE_FIRE] team=2 losTgt=129.17
[WOBBLE_FIRE] team=2 losTgt=130.43
[WOBBLE_FIRE] team=2 losTgt=131.64
[WOBBLE_FIRE] team=2 losTgt=132.82
[WOBBLE_FIRE] team=2 losTgt=133.96
[WOBBLE_FIRE] team=2 losTgt=135.09
[WOBBLE_FIRE] team=2 losTgt=135.01
[WOBBLE_FIRE] team=2 losTgt=132.41
[ACTIVE] [RED] ClimbOut Z=2544.44
[WOBBLE_FIRE] team=2 losTgt=134.17
[WOBBLE_FIRE] team=2 losTgt=138.73
[WOBBLE_FIRE] team=2 losTgt=137.37
[WOBBLE_FIRE] team=2 losTgt=132.29
[WOBBLE_FIRE] team=2 losTgt=133.15
[WOBBLE_FIRE] team=2 losTgt=139.34
[WOBBLE_FIRE] team=2 losTgt=141.65
[WOBBLE_FIRE] team=2 losTgt=136.20
[WOBBLE_FIRE] team=2 losTgt=132.06
[WOBBLE_FIRE] team=2 losTgt=134.28
[WOBBLE_FIRE] team=2 losTgt=136.97
[WOBBLE_FIRE] team=2 losTgt=136.34
[WOBBLE_FIRE] team=2 losTgt=133.38
[WOBBLE_FIRE] team=2 losTgt=133.11
[WOBBLE_FIRE] team=2 losTgt=134.78
[WOBBLE_FIRE] team=2 losTgt=135.60
[WOBBLE_FIRE] team=2 losTgt=133.79
[WOBBLE_FIRE] team=2 losTgt=133.22
[WOBBLE_FIRE] team=2 losTgt=134.15
[WOBBLE_FIRE] team=2 losTgt=134.74
[WOBBLE_FIRE] team=2 losTgt=133.36
[WOBBLE_FIRE] team=2 losTgt=132.55
[WOBBLE_FIRE] team=2 losTgt=132.72
[WOBBLE_FIRE] team=2 losTgt=132.62
[WOBBLE_FIRE] team=2 losTgt=132.00
[WOBBLE_FIRE] team=2 losTgt=131.49
[WOBBLE_FIRE] team=2 losTgt=130.70
[WOBBLE_FIRE] team=2 losTgt=129.65
[WOBBLE_FIRE] team=2 losTgt=127.88
[WOBBLE_FIRE] team=2 losTgt=127.38
[WOBBLE_FIRE] team=2 losTgt=128.82
[WOBBLE_FIRE] team=2 losTgt=128.54
[WOBBLE_FIRE] team=2 losTgt=128.45
[WOBBLE_FIRE] team=2 losTgt=128.32
[WOBBLE_FIRE] team=2 losTgt=128.41
[WOBBLE_FIRE] team=2 losTgt=128.91
[ACTIVE] [RED] LeadPredict dist=2380.75 dV=-18.3141 thr=0.485993 om=3.42254 lt=3
[WOBBLE_FIRE] team=2 losTgt=128.60
[WOBBLE_FIRE] team=2 losTgt=127.76
[WOBBLE_FIRE] team=2 losTgt=127.45
[WOBBLE_FIRE] team=2 losTgt=127.52
[WOBBLE_FIRE] team=2 losTgt=126.48
[WOBBLE_FIRE] team=2 losTgt=126.28
[WOBBLE_FIRE] team=2 losTgt=125.17
[WOBBLE_FIRE] team=2 losTgt=122.92
[WOBBLE_FIRE] team=2 losTgt=121.62
[WOBBLE_FIRE] team=2 losTgt=119.74
[WOBBLE_FIRE] team=2 losTgt=118.04
[WOBBLE_FIRE] team=2 losTgt=116.41
[WOBBLE_FIRE] team=2 losTgt=114.82
[WOBBLE_FIRE] team=2 losTgt=114.52
[WOBBLE_FIRE] team=2 losTgt=116.83
[WOBBLE_FIRE] team=2 losTgt=117.01
[WOBBLE_FIRE] team=2 losTgt=117.41
[WOBBLE_FIRE] team=2 losTgt=117.43
[WOBBLE_FIRE] team=2 losTgt=117.43
[WOBBLE_FIRE] team=2 losTgt=117.57
[WOBBLE_FIRE] team=2 losTgt=117.48
[WOBBLE_FIRE] team=2 losTgt=117.38
[WOBBLE_FIRE] team=2 losTgt=117.32
[WOBBLE_FIRE] team=2 losTgt=116.91
[WOBBLE_FIRE] team=2 losTgt=116.07
[WOBBLE_FIRE] team=2 losTgt=114.37
[WOBBLE_FIRE] team=2 losTgt=112.75
[WOBBLE_FIRE] team=2 losTgt=111.25
[WOBBLE_FIRE] team=2 losTgt=109.86
[WOBBLE_FIRE] team=2 losTgt=108.55
[WOBBLE_FIRE] team=2 losTgt=107.31
[WOBBLE_FIRE] team=2 losTgt=106.15
[WOBBLE_FIRE] team=2 losTgt=105.05
[WOBBLE_FIRE] team=2 losTgt=103.98
[WOBBLE_FIRE] team=2 losTgt=102.93
[WOBBLE_FIRE] team=2 losTgt=101.90
[WOBBLE_FIRE] team=2 losTgt=102.13
[WOBBLE_FIRE] team=2 losTgt=104.91
[WOBBLE_FIRE] team=2 losTgt=105.10
[ACTIVE] [RED] ClimbOut Z=1927.88
[WOBBLE_FIRE] team=2 losTgt=105.51
[WOBBLE_FIRE] team=2 losTgt=105.56
[WOBBLE_FIRE] team=2 losTgt=105.42
[WOBBLE_FIRE] team=2 losTgt=105.37
[WOBBLE_FIRE] team=2 losTgt=105.20
[WOBBLE_FIRE] team=2 losTgt=104.67
[WOBBLE_FIRE] team=2 losTgt=103.99
[WOBBLE_FIRE] team=2 losTgt=103.30
[WOBBLE_FIRE] team=2 losTgt=102.59
[WOBBLE_FIRE] team=2 losTgt=101.88
[WOBBLE_FIRE] team=2 losTgt=101.16
[WOBBLE_FIRE] team=2 losTgt=100.47
[WOBBLE_FIRE] team=2 losTgt=99.82
[WOBBLE_FIRE] team=2 losTgt=99.18
[WOBBLE_FIRE] team=2 losTgt=98.55
[WOBBLE_FIRE] team=2 losTgt=97.91
[WOBBLE_FIRE] team=2 losTgt=97.28
[WOBBLE_FIRE] team=2 losTgt=96.64
[WOBBLE_FIRE] team=2 losTgt=96.00
[WOBBLE_FIRE] team=2 losTgt=95.35
[WOBBLE_FIRE] team=2 losTgt=94.68
[WOBBLE_FIRE] team=2 losTgt=94.00
[WOBBLE_FIRE] team=2 losTgt=93.33
[WOBBLE_FIRE] team=2 losTgt=92.68
[WOBBLE_FIRE] team=2 losTgt=92.05
[WOBBLE_FIRE] team=2 losTgt=91.45
[WOBBLE_FIRE] team=2 losTgt=90.86
[WOBBLE_FIRE] team=2 losTgt=90.28
[WOBBLE_FIRE] team=2 losTgt=89.70
[WOBBLE_FIRE] team=2 losTgt=89.09
[WOBBLE_FIRE] team=2 losTgt=88.48
[WOBBLE_FIRE] team=2 losTgt=87.86
[WOBBLE_FIRE] team=2 losTgt=87.22
[WOBBLE_FIRE] team=2 losTgt=86.57
[ACTIVE] [RED] LeadPredict dist=2043.05 dV=14.9187 thr=0.637509 om=0.921435 lt=3
[WOBBLE_FIRE] team=2 losTgt=85.91
[WOBBLE_FIRE] team=2 losTgt=85.23
[WOBBLE_FIRE] team=2 losTgt=84.47
[WOBBLE_FIRE] team=2 losTgt=83.59
[WOBBLE_FIRE] team=2 losTgt=82.63
[WOBBLE_FIRE] team=2 losTgt=81.65
[WOBBLE_FIRE] team=2 losTgt=80.67
[WOBBLE_FIRE] team=2 losTgt=79.67
[WOBBLE_FIRE] team=2 losTgt=78.69
[WOBBLE_FIRE] team=2 losTgt=77.75
[WOBBLE_FIRE] team=2 losTgt=76.83
[WOBBLE_FIRE] team=2 losTgt=75.93
[WOBBLE_FIRE] team=2 losTgt=75.04
[WOBBLE_FIRE] team=2 losTgt=74.16
[WOBBLE_FIRE] team=2 losTgt=73.28
[WOBBLE_FIRE] team=2 losTgt=72.40
[WOBBLE_FIRE] team=2 losTgt=71.54
[WOBBLE_FIRE] team=2 losTgt=70.69
[WOBBLE_FIRE] team=2 losTgt=69.84
[WOBBLE_FIRE] team=2 losTgt=69.00
[WOBBLE_FIRE] team=2 losTgt=68.14
[WOBBLE_FIRE] team=2 losTgt=67.27
[WOBBLE_FIRE] team=2 losTgt=66.39
[WOBBLE_FIRE] team=2 losTgt=65.50
[WOBBLE_FIRE] team=2 losTgt=64.60
[WOBBLE_FIRE] team=2 losTgt=63.69
[WOBBLE_FIRE] team=2 losTgt=62.77
[WOBBLE_FIRE] team=2 losTgt=61.83
[WOBBLE_FIRE] team=2 losTgt=60.89
[WOBBLE_FIRE] team=2 losTgt=59.95
[WOBBLE_FIRE] team=2 losTgt=58.99
[WOBBLE_FIRE] team=2 losTgt=58.03
[WOBBLE_FIRE] team=2 losTgt=57.06
[WOBBLE_FIRE] team=2 losTgt=56.09
[WOBBLE_FIRE] team=2 losTgt=55.11
[WOBBLE_FIRE] team=2 losTgt=54.12
[WOBBLE_FIRE] team=2 losTgt=53.14
[WOBBLE_FIRE] team=2 losTgt=52.14
[WOBBLE_FIRE] team=2 losTgt=51.14
[WOBBLE_FIRE] team=2 losTgt=50.13
[WOBBLE_FIRE] team=2 losTgt=49.12
[WOBBLE_FIRE] team=2 losTgt=48.10
[WOBBLE_FIRE] team=2 losTgt=47.08
[WOBBLE_FIRE] team=2 losTgt=46.05
[WOBBLE_FIRE] team=2 losTgt=45.01
[ACTIVE] [RED] LeadPredict dist=929.142 dV=-1.90341 thr=0.80083 om=0.138168 lt=3
[WOBBLE_FIRE] team=2 losTgt=46.68
[WOBBLE_FIRE] team=2 losTgt=48.80
[WOBBLE_FIRE] team=2 losTgt=51.03
[WOBBLE_FIRE] team=2 losTgt=53.32
[WOBBLE_FIRE] team=2 losTgt=55.63
[WOBBLE_FIRE] team=2 losTgt=57.94
[WOBBLE_FIRE] team=2 losTgt=60.21
[WOBBLE_FIRE] team=2 losTgt=62.40
[WOBBLE_FIRE] team=2 losTgt=64.50
[WOBBLE_FIRE] team=2 losTgt=66.49
[WOBBLE_FIRE] team=2 losTgt=68.34
[WOBBLE_FIRE] team=2 losTgt=70.06
[WOBBLE_FIRE] team=2 losTgt=71.62
[WOBBLE_FIRE] team=2 losTgt=73.04
[WOBBLE_FIRE] team=2 losTgt=74.31
[WOBBLE_FIRE] team=2 losTgt=75.38
[WOBBLE_FIRE] team=2 losTgt=76.31
[WOBBLE_FIRE] team=2 losTgt=77.10
[WOBBLE_FIRE] team=2 losTgt=77.71
[WOBBLE_FIRE] team=2 losTgt=78.14
[WOBBLE_FIRE] team=2 losTgt=78.44
[WOBBLE_FIRE] team=2 losTgt=78.64
[WOBBLE_FIRE] team=2 losTgt=78.73
[WOBBLE_FIRE] team=2 losTgt=78.74
[WOBBLE_FIRE] team=2 losTgt=78.66
[WOBBLE_FIRE] team=2 losTgt=78.50
[WOBBLE_FIRE] team=2 losTgt=78.27
[WOBBLE_FIRE] team=2 losTgt=77.96
[WOBBLE_FIRE] team=2 losTgt=77.58
[WOBBLE_FIRE] team=2 losTgt=77.13
[WOBBLE_FIRE] team=2 losTgt=76.61
[WOBBLE_FIRE] team=2 losTgt=76.03
[WOBBLE_FIRE] team=2 losTgt=75.38
[WOBBLE_FIRE] team=2 losTgt=74.68
[WOBBLE_FIRE] team=2 losTgt=73.91
[WOBBLE_FIRE] team=2 losTgt=73.09
[WOBBLE_FIRE] team=2 losTgt=72.22
[WOBBLE_FIRE] team=2 losTgt=71.29
[WOBBLE_FIRE] team=2 losTgt=70.32
[WOBBLE_FIRE] team=2 losTgt=69.30
[WOBBLE_FIRE] team=2 losTgt=68.23
[WOBBLE_FIRE] team=2 losTgt=67.12
[WOBBLE_FIRE] team=2 losTgt=65.97
[WOBBLE_FIRE] team=2 losTgt=64.77
[WOBBLE_FIRE] team=2 losTgt=63.54
[WOBBLE_FIRE] team=2 losTgt=62.27
[WOBBLE_FIRE] team=2 losTgt=60.96
[WOBBLE_FIRE] team=2 losTgt=59.61
[WOBBLE_FIRE] team=2 losTgt=58.25
[ACTIVE] [RED] LeadPredict dist=1443.9 dV=-46.4539 thr=1 om=1.22677 lt=3
[WOBBLE_FIRE] team=2 losTgt=56.89
[WOBBLE_FIRE] team=2 losTgt=55.52
[WOBBLE_FIRE] team=2 losTgt=54.14
[WOBBLE_FIRE] team=2 losTgt=52.75
[WOBBLE_FIRE] team=2 losTgt=51.35
[WOBBLE_FIRE] team=2 losTgt=49.93
[WOBBLE_FIRE] team=2 losTgt=48.51
[WOBBLE_FIRE] team=2 losTgt=47.08
[WOBBLE_FIRE] team=2 losTgt=45.63
[ACTIVE] [RED] LeadPredict dist=1184.81 dV=6.48193 thr=1 om=1.5818 lt=3
[DUTY] team=1 ticks=10200 v27종말조준=3.83333% v21뱅크예측=76.7647% v17궤도조건=74.1961% v17슬롯적용=71.5098% 상승클램프=0% 강하클램프=19.5588% v23b조건=37.7745% v23b실제적용=37.2647%
[ACTIVE] [RED] LeadPredict dist=1054.81 dV=7.20216 thr=1 om=0.0902053 lt=3
[ACTIVE] [RED] LeadPredict dist=1102.65 dV=-5.55595 thr=1 om=0.0465018 lt=3
[ACTIVE] [RED] LeadPredict dist=1067.72 dV=14.8673 thr=1 om=1.20269 lt=3
[ACTIVE] [RED] LeadPredict dist=997.34 dV=-14.3014 thr=1 om=0.047404 lt=3
[ACTIVE] [RED] LeadPredict dist=1204.82 dV=-22.2753 thr=1 om=0.0249307 lt=3
[ACTIVE] [RED] LeadPredict dist=1271.93 dV=1.02887 thr=1 om=1.43978 lt=3
[ACTIVE] [RED] LeadPredict dist=1087.28 dV=15.9991 thr=0.821164 om=0.0136016 lt=3
[ACTIVE] [RED] LeadPredict dist=1229.78 dV=-10.3403 thr=1 om=0.0340715 lt=3
[ACTIVE] [RED] LeadPredict dist=1206.14 dV=12.9124 thr=0.580881 om=1.26145 lt=3
[ACTIVE] [RED] LeadPredict dist=1194.94 dV=-5.14441 thr=0.639695 om=0.542167 lt=3
[DUTY] team=1 ticks=10800 v27종말조준=3.62037% v21뱅크예측=75.7407% v17궤도조건=73.3704% v17슬롯적용=70.8333% 상승클램프=0% 강하클램프=19.1667% v23b조건=36.9537% v23b실제적용=36.4722%
[ACTIVE] [RED] LeadPredict dist=1281.29 dV=-6.12183 thr=1 om=0.00520586 lt=3
[ACTIVE] [RED] LeadPredict dist=1241.2 dV=13.0668 thr=1 om=1.43957 lt=3
[ACTIVE] [RED] LeadPredict dist=1054.53 dV=12.0379 thr=0.583068 om=0.682616 lt=2.94479
[ACTIVE] [RED] LeadPredict dist=1099.47 dV=-9.87723 thr=1 om=0.0447875 lt=3
[ACTIVE] [RED] LeadPredict dist=1067.37 dV=15.3817 thr=0.52 om=1.55476 lt=2.83873
[ACTIVE] [RED] LeadPredict dist=1217.43 dV=11.3177 thr=0.599903 om=1.37617 lt=3
[ACTIVE] [RED] LeadPredict dist=1202.18 dV=-5.55594 thr=0.758024 om=0.721924 lt=3
[ACTIVE] [RED] LeadPredict dist=1208.39 dV=14.5587 thr=0.708128 om=1.39834 lt=3
[ACTIVE] [RED] LeadPredict dist=1260 dV=-9.87723 thr=0.83778 om=1.23067 lt=3
[ACTIVE] [RED] LeadPredict dist=1380.56 dV=-9.77435 thr=1 om=0.101374 lt=3
[DUTY] team=1 ticks=11400 v27종말조준=3.42982% v21뱅크예측=75.8333% v17궤도조건=73.9737% v17슬롯적용=71.5702% 상승클램프=0% 강하클램프=18.1579% v23b조건=37.4298% v23b실제적용=36.9737%
[ACTIVE] [RED] LeadPredict dist=1320.13 dV=14.3529 thr=1 om=1.358 lt=3
[ACTIVE] [RED] LeadPredict dist=1099.29 dV=9.25992 thr=0.648659 om=1.28796 lt=3
[ACTIVE] [RED] LeadPredict dist=1142.7 dV=-11.7807 thr=1 om=0.190889 lt=3
[ACTIVE] [RED] LeadPredict dist=1094.53 dV=20.4747 thr=1 om=1.37815 lt=3
runner:local/env:0	num_steps=[11999] | total rewards=[907.2366] | termination= [max time out]
[seed 5] reward=   907.24 ownHP=1.0000 tgtHP=0.9814 max time out
total: 2
[WOBBLE_FIRE] team=2 losTgt=64.79
[WOBBLE_FIRE] team=2 losTgt=65.39
[WOBBLE_FIRE] team=2 losTgt=65.94
[WOBBLE_FIRE] team=2 losTgt=66.54
[WOBBLE_FIRE] team=2 losTgt=67.19
[WOBBLE_FIRE] team=2 losTgt=67.88
[WOBBLE_FIRE] team=2 losTgt=68.61
[WOBBLE_FIRE] team=2 losTgt=69.37
[WOBBLE_FIRE] team=2 losTgt=70.14
[WOBBLE_FIRE] team=2 losTgt=70.78
[WOBBLE_FIRE] team=2 losTgt=71.09
[WOBBLE_FIRE] team=2 losTgt=71.01
[WOBBLE_FIRE] team=2 losTgt=70.52
[WOBBLE_FIRE] team=2 losTgt=69.76
[WOBBLE_FIRE] team=2 losTgt=69.08
[WOBBLE_FIRE] team=2 losTgt=68.68
[WOBBLE_FIRE] team=2 losTgt=68.49
[WOBBLE_FIRE] team=2 losTgt=68.41
[WOBBLE_FIRE] team=2 losTgt=68.44
[WOBBLE_FIRE] team=2 losTgt=68.53
[WOBBLE_FIRE] team=2 losTgt=68.70
[WOBBLE_FIRE] team=2 losTgt=68.96
[WOBBLE_FIRE] team=2 losTgt=69.26
[WOBBLE_FIRE] team=2 losTgt=69.60
[WOBBLE_FIRE] team=2 losTgt=69.96
[WOBBLE_FIRE] team=2 losTgt=70.31
[WOBBLE_FIRE] team=2 losTgt=70.67
[WOBBLE_FIRE] team=2 losTgt=71.04
[WOBBLE_FIRE] team=2 losTgt=71.42
[WOBBLE_FIRE] team=2 losTgt=71.81
[WOBBLE_FIRE] team=2 losTgt=72.21
[WOBBLE_FIRE] team=2 losTgt=72.65
[WOBBLE_FIRE] team=2 losTgt=73.11
[WOBBLE_FIRE] team=2 losTgt=73.58
[WOBBLE_FIRE] team=2 losTgt=74.07
[WOBBLE_FIRE] team=2 losTgt=74.58
[ACTIVE] [RED] LeadPredict dist=2008.4 dV=10.5975 thr=0.790117 om=0.932754 lt=3
[WOBBLE_FIRE] team=2 losTgt=75.09
[WOBBLE_FIRE] team=2 losTgt=75.62
[WOBBLE_FIRE] team=2 losTgt=76.17
[WOBBLE_FIRE] team=2 losTgt=76.73
[WOBBLE_FIRE] team=2 losTgt=77.31
[WOBBLE_FIRE] team=2 losTgt=77.90
[WOBBLE_FIRE] team=2 losTgt=78.49
[WOBBLE_FIRE] team=2 losTgt=79.11
[WOBBLE_FIRE] team=2 losTgt=79.73
[WOBBLE_FIRE] team=2 losTgt=80.37
[WOBBLE_FIRE] team=2 losTgt=81.03
[WOBBLE_FIRE] team=2 losTgt=81.69
[WOBBLE_FIRE] team=2 losTgt=82.36
[WOBBLE_FIRE] team=2 losTgt=83.04
[WOBBLE_FIRE] team=2 losTgt=83.73
[WOBBLE_FIRE] team=2 losTgt=84.43
[WOBBLE_FIRE] team=2 losTgt=85.13
[WOBBLE_FIRE] team=2 losTgt=85.84
[WOBBLE_FIRE] team=2 losTgt=86.56
[WOBBLE_FIRE] team=2 losTgt=87.28
[WOBBLE_FIRE] team=2 losTgt=88.00
[WOBBLE_FIRE] team=2 losTgt=88.73
[WOBBLE_FIRE] team=2 losTgt=89.46
[WOBBLE_FIRE] team=2 losTgt=90.19
[WOBBLE_FIRE] team=2 losTgt=90.93
[WOBBLE_FIRE] team=2 losTgt=91.65
[WOBBLE_FIRE] team=2 losTgt=92.38
[WOBBLE_FIRE] team=2 losTgt=93.10
[WOBBLE_FIRE] team=2 losTgt=93.81
[WOBBLE_FIRE] team=2 losTgt=94.52
[WOBBLE_FIRE] team=2 losTgt=95.21
[WOBBLE_FIRE] team=2 losTgt=96.05
[WOBBLE_FIRE] team=2 losTgt=96.97
[WOBBLE_FIRE] team=2 losTgt=97.64
[WOBBLE_FIRE] team=2 losTgt=98.00
[WOBBLE_FIRE] team=2 losTgt=98.24
[WOBBLE_FIRE] team=2 losTgt=98.55
[WOBBLE_FIRE] team=2 losTgt=98.93
[WOBBLE_FIRE] team=2 losTgt=99.34
[WOBBLE_FIRE] team=2 losTgt=99.76
[WOBBLE_FIRE] team=2 losTgt=100.20
[WOBBLE_FIRE] team=2 losTgt=100.66
[WOBBLE_FIRE] team=2 losTgt=101.13
[WOBBLE_FIRE] team=2 losTgt=101.60
[WOBBLE_FIRE] team=2 losTgt=102.05
[WOBBLE_FIRE] team=2 losTgt=102.47
[WOBBLE_FIRE] team=2 losTgt=102.85
[WOBBLE_FIRE] team=2 losTgt=103.19
[WOBBLE_FIRE] team=2 losTgt=103.49
[WOBBLE_FIRE] team=2 losTgt=103.75
[WOBBLE_FIRE] team=2 losTgt=103.97
[WOBBLE_FIRE] team=2 losTgt=104.14
[WOBBLE_FIRE] team=2 losTgt=104.27
[WOBBLE_FIRE] team=2 losTgt=104.36
[WOBBLE_FIRE] team=2 losTgt=104.41
[WOBBLE_FIRE] team=2 losTgt=104.42
[WOBBLE_FIRE] team=2 losTgt=104.39
[WOBBLE_FIRE] team=2 losTgt=104.32
[WOBBLE_FIRE] team=2 losTgt=104.22
[WOBBLE_FIRE] team=2 losTgt=104.09
[ACTIVE] [RED] LeadPredict dist=1962.33 dV=24.1273 thr=0.690856 om=1.02097 lt=3
[WOBBLE_FIRE] team=2 losTgt=103.92
[WOBBLE_FIRE] team=2 losTgt=103.72
[WOBBLE_FIRE] team=2 losTgt=103.49
[WOBBLE_FIRE] team=2 losTgt=103.24
[WOBBLE_FIRE] team=2 losTgt=102.96
[WOBBLE_FIRE] team=2 losTgt=102.65
[WOBBLE_FIRE] team=2 losTgt=102.32
[WOBBLE_FIRE] team=2 losTgt=101.96
[WOBBLE_FIRE] team=2 losTgt=101.58
[WOBBLE_FIRE] team=2 losTgt=101.18
[WOBBLE_FIRE] team=2 losTgt=100.76
[WOBBLE_FIRE] team=2 losTgt=100.32
[WOBBLE_FIRE] team=2 losTgt=99.86
[WOBBLE_FIRE] team=2 losTgt=99.38
[WOBBLE_FIRE] team=2 losTgt=98.88
[WOBBLE_FIRE] team=2 losTgt=98.37
[WOBBLE_FIRE] team=2 losTgt=97.84
[WOBBLE_FIRE] team=2 losTgt=97.30
[WOBBLE_FIRE] team=2 losTgt=96.74
[WOBBLE_FIRE] team=2 losTgt=96.17
[WOBBLE_FIRE] team=2 losTgt=95.58
[WOBBLE_FIRE] team=2 losTgt=94.98
[WOBBLE_FIRE] team=2 losTgt=94.36
[WOBBLE_FIRE] team=2 losTgt=93.74
[WOBBLE_FIRE] team=2 losTgt=93.11
[WOBBLE_FIRE] team=2 losTgt=92.47
[WOBBLE_FIRE] team=2 losTgt=91.82
[WOBBLE_FIRE] team=2 losTgt=91.16
[WOBBLE_FIRE] team=2 losTgt=90.49
[WOBBLE_FIRE] team=2 losTgt=89.80
[WOBBLE_FIRE] team=2 losTgt=89.09
[WOBBLE_FIRE] team=2 losTgt=88.37
[WOBBLE_FIRE] team=2 losTgt=87.63
[WOBBLE_FIRE] team=2 losTgt=86.88
[WOBBLE_FIRE] team=2 losTgt=86.13
[WOBBLE_FIRE] team=2 losTgt=85.37
[WOBBLE_FIRE] team=2 losTgt=84.61
[WOBBLE_FIRE] team=2 losTgt=83.84
[WOBBLE_FIRE] team=2 losTgt=83.07
[WOBBLE_FIRE] team=2 losTgt=82.31
[WOBBLE_FIRE] team=2 losTgt=81.53
[WOBBLE_FIRE] team=2 losTgt=80.75
[WOBBLE_FIRE] team=2 losTgt=79.96
[WOBBLE_FIRE] team=2 losTgt=79.17
[WOBBLE_FIRE] team=2 losTgt=78.37
[WOBBLE_FIRE] team=2 losTgt=77.57
[WOBBLE_FIRE] team=2 losTgt=76.77
[WOBBLE_FIRE] team=2 losTgt=75.97
[WOBBLE_FIRE] team=2 losTgt=75.16
[WOBBLE_FIRE] team=2 losTgt=74.34
[WOBBLE_FIRE] team=2 losTgt=73.53
[WOBBLE_FIRE] team=2 losTgt=72.71
[WOBBLE_FIRE] team=2 losTgt=71.88
[WOBBLE_FIRE] team=2 losTgt=71.05
[WOBBLE_FIRE] team=2 losTgt=70.22
[WOBBLE_FIRE] team=2 losTgt=69.38
[WOBBLE_FIRE] team=2 losTgt=68.53
[WOBBLE_FIRE] team=2 losTgt=67.68
[WOBBLE_FIRE] team=2 losTgt=66.83
[WOBBLE_FIRE] team=2 losTgt=65.96
[ACTIVE] [RED] LeadPredict dist=1977.1 dV=13.787 thr=0.591595 om=1.17719 lt=3
[WOBBLE_FIRE] team=2 losTgt=65.09
[WOBBLE_FIRE] team=2 losTgt=64.21
[WOBBLE_FIRE] team=2 losTgt=63.33
[WOBBLE_FIRE] team=2 losTgt=62.44
[WOBBLE_FIRE] team=2 losTgt=61.54
[WOBBLE_FIRE] team=2 losTgt=60.63
[WOBBLE_FIRE] team=2 losTgt=59.71
[WOBBLE_FIRE] team=2 losTgt=58.78
[WOBBLE_FIRE] team=2 losTgt=57.84
[WOBBLE_FIRE] team=2 losTgt=56.89
[WOBBLE_FIRE] team=2 losTgt=55.92
[WOBBLE_FIRE] team=2 losTgt=54.95
[WOBBLE_FIRE] team=2 losTgt=53.96
[WOBBLE_FIRE] team=2 losTgt=52.95
[WOBBLE_FIRE] team=2 losTgt=51.93
[WOBBLE_FIRE] team=2 losTgt=50.89
[WOBBLE_FIRE] team=2 losTgt=49.83
[WOBBLE_FIRE] team=2 losTgt=48.75
[WOBBLE_FIRE] team=2 losTgt=47.65
[WOBBLE_FIRE] team=2 losTgt=46.52
[WOBBLE_FIRE] team=2 losTgt=45.36
[WOBBLE_FIRE] team=2 losTgt=49.92
[WOBBLE_FIRE] team=2 losTgt=55.50
[WOBBLE_FIRE] team=2 losTgt=60.89
[WOBBLE_FIRE] team=2 losTgt=66.01
[WOBBLE_FIRE] team=2 losTgt=70.51
[WOBBLE_FIRE] team=2 losTgt=74.02
[WOBBLE_FIRE] team=2 losTgt=76.51
[WOBBLE_FIRE] team=2 losTgt=78.65
[WOBBLE_FIRE] team=2 losTgt=80.66
[WOBBLE_FIRE] team=2 losTgt=82.43
[WOBBLE_FIRE] team=2 losTgt=83.95
[WOBBLE_FIRE] team=2 losTgt=85.20
[ACTIVE] [RED] LeadPredict dist=762.897 dV=-34.2617 thr=0.641444 om=0.138055 lt=2.21537
[WOBBLE_FIRE] team=2 losTgt=86.22
[WOBBLE_FIRE] team=2 losTgt=87.06
[WOBBLE_FIRE] team=2 losTgt=87.70
[WOBBLE_FIRE] team=2 losTgt=88.15
[WOBBLE_FIRE] team=2 losTgt=88.41
[WOBBLE_FIRE] team=2 losTgt=88.53
[WOBBLE_FIRE] team=2 losTgt=88.51
[WOBBLE_FIRE] team=2 losTgt=88.36
[WOBBLE_FIRE] team=2 losTgt=88.10
[WOBBLE_FIRE] team=2 losTgt=87.74
[WOBBLE_FIRE] team=2 losTgt=87.29
[WOBBLE_FIRE] team=2 losTgt=86.75
[WOBBLE_FIRE] team=2 losTgt=86.14
[WOBBLE_FIRE] team=2 losTgt=85.47
[WOBBLE_FIRE] team=2 losTgt=84.74
[WOBBLE_FIRE] team=2 losTgt=83.94
[WOBBLE_FIRE] team=2 losTgt=83.10
[WOBBLE_FIRE] team=2 losTgt=82.21
[WOBBLE_FIRE] team=2 losTgt=81.27
[WOBBLE_FIRE] team=2 losTgt=80.30
[WOBBLE_FIRE] team=2 losTgt=79.28
[WOBBLE_FIRE] team=2 losTgt=78.21
[WOBBLE_FIRE] team=2 losTgt=77.09
[WOBBLE_FIRE] team=2 losTgt=75.94
[WOBBLE_FIRE] team=2 losTgt=74.75
[WOBBLE_FIRE] team=2 losTgt=73.54
[WOBBLE_FIRE] team=2 losTgt=72.30
[WOBBLE_FIRE] team=2 losTgt=71.03
[WOBBLE_FIRE] team=2 losTgt=69.74
[WOBBLE_FIRE] team=2 losTgt=68.41
[WOBBLE_FIRE] team=2 losTgt=67.07
[WOBBLE_FIRE] team=2 losTgt=65.70
[WOBBLE_FIRE] team=2 losTgt=64.30
[WOBBLE_FIRE] team=2 losTgt=62.88
[WOBBLE_FIRE] team=2 losTgt=61.44
[WOBBLE_FIRE] team=2 losTgt=59.96
[WOBBLE_FIRE] team=2 losTgt=58.47
[WOBBLE_FIRE] team=2 losTgt=56.95
[WOBBLE_FIRE] team=2 losTgt=55.40
[WOBBLE_FIRE] team=2 losTgt=53.83
[WOBBLE_FIRE] team=2 losTgt=52.23
[WOBBLE_FIRE] team=2 losTgt=51.54
[WOBBLE_FIRE] team=2 losTgt=53.28
[WOBBLE_FIRE] team=2 losTgt=53.64
[WOBBLE_FIRE] team=2 losTgt=53.92
[WOBBLE_FIRE] team=2 losTgt=53.99
[WOBBLE_FIRE] team=2 losTgt=53.92
[WOBBLE_FIRE] team=2 losTgt=53.69
[WOBBLE_FIRE] team=2 losTgt=53.59
[WOBBLE_FIRE] team=2 losTgt=54.11
[WOBBLE_FIRE] team=2 losTgt=55.08
[WOBBLE_FIRE] team=2 losTgt=56.17
[WOBBLE_FIRE] team=2 losTgt=57.19
[WOBBLE_FIRE] team=2 losTgt=58.11
[WOBBLE_FIRE] team=2 losTgt=59.02
[WOBBLE_FIRE] team=2 losTgt=59.94
[WOBBLE_FIRE] team=2 losTgt=60.85
[WOBBLE_FIRE] team=2 losTgt=61.77
[WOBBLE_FIRE] team=2 losTgt=62.69
[WOBBLE_FIRE] team=2 losTgt=63.62
[WOBBLE_FIRE] team=2 losTgt=64.57
[WOBBLE_FIRE] team=2 losTgt=65.53
[ACTIVE] [RED] ClimbOut Z=2668.98
[WOBBLE_FIRE] team=2 losTgt=66.51
[WOBBLE_FIRE] team=2 losTgt=67.52
[WOBBLE_FIRE] team=2 losTgt=68.55
[WOBBLE_FIRE] team=2 losTgt=69.60
[WOBBLE_FIRE] team=2 losTgt=70.68
[WOBBLE_FIRE] team=2 losTgt=71.79
[WOBBLE_FIRE] team=2 losTgt=72.92
[WOBBLE_FIRE] team=2 losTgt=74.10
[WOBBLE_FIRE] team=2 losTgt=75.31
[WOBBLE_FIRE] team=2 losTgt=76.57
[WOBBLE_FIRE] team=2 losTgt=77.87
[WOBBLE_FIRE] team=2 losTgt=79.21
[WOBBLE_FIRE] team=2 losTgt=80.61
[WOBBLE_FIRE] team=2 losTgt=82.07
[WOBBLE_FIRE] team=2 losTgt=83.58
[WOBBLE_FIRE] team=2 losTgt=85.16
[WOBBLE_FIRE] team=2 losTgt=86.81
[WOBBLE_FIRE] team=2 losTgt=87.48
[WOBBLE_FIRE] team=2 losTgt=85.71
[WOBBLE_FIRE] team=2 losTgt=87.74
[WOBBLE_FIRE] team=2 losTgt=92.56
[WOBBLE_FIRE] team=2 losTgt=92.53
[WOBBLE_FIRE] team=2 losTgt=89.26
[WOBBLE_FIRE] team=2 losTgt=91.37
[WOBBLE_FIRE] team=2 losTgt=98.30
[WOBBLE_FIRE] team=2 losTgt=101.67
[WOBBLE_FIRE] team=2 losTgt=98.52
[WOBBLE_FIRE] team=2 losTgt=97.50
[WOBBLE_FIRE] team=2 losTgt=101.77
[WOBBLE_FIRE] team=2 losTgt=105.88
[WOBBLE_FIRE] team=2 losTgt=106.79
[WOBBLE_FIRE] team=2 losTgt=108.91
[WOBBLE_FIRE] team=2 losTgt=113.76
[WOBBLE_FIRE] team=2 losTgt=117.21
[WOBBLE_FIRE] team=2 losTgt=119.06
[WOBBLE_FIRE] team=2 losTgt=123.63
[WOBBLE_FIRE] team=2 losTgt=128.39
[WOBBLE_FIRE] team=2 losTgt=131.80
[WOBBLE_FIRE] team=2 losTgt=135.21
[WOBBLE_FIRE] team=2 losTgt=137.77
[WOBBLE_FIRE] team=2 losTgt=140.33
[WOBBLE_FIRE] team=2 losTgt=142.00
[WOBBLE_FIRE] team=2 losTgt=143.20
[WOBBLE_FIRE] team=2 losTgt=143.74
[WOBBLE_FIRE] team=2 losTgt=143.75
[ACTIVE] [RED] LeadPredict dist=418.804 dV=14.8159 thr=0.572355 om=1.52677 lt=1.16134
[WOBBLE_FIRE] team=2 losTgt=143.25
[WOBBLE_FIRE] team=2 losTgt=142.38
[WOBBLE_FIRE] team=2 losTgt=141.20
[WOBBLE_FIRE] team=2 losTgt=139.81
[WOBBLE_FIRE] team=2 losTgt=138.27
[WOBBLE_FIRE] team=2 losTgt=136.67
[WOBBLE_FIRE] team=2 losTgt=135.03
[WOBBLE_FIRE] team=2 losTgt=133.38
[WOBBLE_FIRE] team=2 losTgt=131.76
[WOBBLE_FIRE] team=2 losTgt=130.17
[WOBBLE_FIRE] team=2 losTgt=128.63
[WOBBLE_FIRE] team=2 losTgt=127.12
[WOBBLE_FIRE] team=2 losTgt=125.65
[WOBBLE_FIRE] team=2 losTgt=124.23
[WOBBLE_FIRE] team=2 losTgt=122.83
[WOBBLE_FIRE] team=2 losTgt=121.47
[WOBBLE_FIRE] team=2 losTgt=120.13
[WOBBLE_FIRE] team=2 losTgt=118.81
[WOBBLE_FIRE] team=2 losTgt=117.52
[WOBBLE_FIRE] team=2 losTgt=116.24
[WOBBLE_FIRE] team=2 losTgt=114.97
[WOBBLE_FIRE] team=2 losTgt=113.72
[WOBBLE_FIRE] team=2 losTgt=112.49
[WOBBLE_FIRE] team=2 losTgt=111.27
[WOBBLE_FIRE] team=2 losTgt=110.06
[WOBBLE_FIRE] team=2 losTgt=108.86
[WOBBLE_FIRE] team=2 losTgt=107.67
[WOBBLE_FIRE] team=2 losTgt=106.50
[WOBBLE_FIRE] team=2 losTgt=105.33
[WOBBLE_FIRE] team=2 losTgt=104.17
[WOBBLE_FIRE] team=2 losTgt=103.01
[WOBBLE_FIRE] team=2 losTgt=101.86
[WOBBLE_FIRE] team=2 losTgt=100.71
[WOBBLE_FIRE] team=2 losTgt=99.57
[WOBBLE_FIRE] team=2 losTgt=98.43
[WOBBLE_FIRE] team=2 losTgt=97.28
[WOBBLE_FIRE] team=2 losTgt=96.09
[WOBBLE_FIRE] team=2 losTgt=94.88
[WOBBLE_FIRE] team=2 losTgt=93.67
[WOBBLE_FIRE] team=2 losTgt=92.45
[WOBBLE_FIRE] team=2 losTgt=91.25
[WOBBLE_FIRE] team=2 losTgt=90.05
[WOBBLE_FIRE] team=2 losTgt=88.85
[WOBBLE_FIRE] team=2 losTgt=87.64
[WOBBLE_FIRE] team=2 losTgt=86.43
[WOBBLE_FIRE] team=2 losTgt=85.21
[WOBBLE_FIRE] team=2 losTgt=83.98
[WOBBLE_FIRE] team=2 losTgt=82.74
[WOBBLE_FIRE] team=2 losTgt=81.49
[WOBBLE_FIRE] team=2 losTgt=80.23
[WOBBLE_FIRE] team=2 losTgt=78.96
[WOBBLE_FIRE] team=2 losTgt=77.69
[WOBBLE_FIRE] team=2 losTgt=76.35
[WOBBLE_FIRE] team=2 losTgt=75.04
[WOBBLE_FIRE] team=2 losTgt=73.72
[WOBBLE_FIRE] team=2 losTgt=72.36
[WOBBLE_FIRE] team=2 losTgt=70.96
[WOBBLE_FIRE] team=2 losTgt=69.54
[WOBBLE_FIRE] team=2 losTgt=68.10
[WOBBLE_FIRE] team=2 losTgt=66.65
[ACTIVE] [RED] LeadPredict dist=1342.43 dV=-6.84204 thr=0.817009 om=1.43281 lt=3
[DUTY] team=1 ticks=12000 v27종말조준=3.25833% v21뱅크예측=76.225% v17궤도조건=74.8833% v17슬롯적용=71.325% 상승클램프=0% 강하클램프=18.7833% v23b조건=38.9333% v23b실제적용=38.5%
[WOBBLE_FIRE] team=2 losTgt=65.19
[WOBBLE_FIRE] team=2 losTgt=63.72
[WOBBLE_FIRE] team=2 losTgt=62.23
[WOBBLE_FIRE] team=2 losTgt=60.73
[WOBBLE_FIRE] team=2 losTgt=59.22
[WOBBLE_FIRE] team=2 losTgt=57.70
[WOBBLE_FIRE] team=2 losTgt=56.15
[WOBBLE_FIRE] team=2 losTgt=54.59
[WOBBLE_FIRE] team=2 losTgt=53.03
[WOBBLE_FIRE] team=2 losTgt=51.45
[WOBBLE_FIRE] team=2 losTgt=49.85
[WOBBLE_FIRE] team=2 losTgt=48.23
[WOBBLE_FIRE] team=2 losTgt=46.58
[WOBBLE_FIRE] team=2 losTgt=47.26
[WOBBLE_FIRE] team=2 losTgt=57.41
[WOBBLE_FIRE] team=2 losTgt=66.35
[WOBBLE_FIRE] team=2 losTgt=75.11
[WOBBLE_FIRE] team=2 losTgt=83.43
[WOBBLE_FIRE] team=2 losTgt=90.94
[WOBBLE_FIRE] team=2 losTgt=97.48
[WOBBLE_FIRE] team=2 losTgt=103.06
[WOBBLE_FIRE] team=2 losTgt=107.78
[WOBBLE_FIRE] team=2 losTgt=111.79
[WOBBLE_FIRE] team=2 losTgt=115.22
[WOBBLE_FIRE] team=2 losTgt=118.02
[WOBBLE_FIRE] team=2 losTgt=119.92
[WOBBLE_FIRE] team=2 losTgt=120.64
[WOBBLE_FIRE] team=2 losTgt=120.16
[WOBBLE_FIRE] team=2 losTgt=119.07
[WOBBLE_FIRE] team=2 losTgt=117.93
[WOBBLE_FIRE] team=2 losTgt=116.89
[WOBBLE_FIRE] team=2 losTgt=115.92
[WOBBLE_FIRE] team=2 losTgt=114.97
[WOBBLE_FIRE] team=2 losTgt=114.02
[WOBBLE_FIRE] team=2 losTgt=113.06
[WOBBLE_FIRE] team=2 losTgt=112.09
[ACTIVE] [RED] LeadPredict dist=1022.39 dV=-32.3583 thr=1 om=1.8473 lt=3
[WOBBLE_FIRE] team=2 losTgt=111.11
[WOBBLE_FIRE] team=2 losTgt=110.10
[WOBBLE_FIRE] team=2 losTgt=109.08
[WOBBLE_FIRE] team=2 losTgt=108.03
[WOBBLE_FIRE] team=2 losTgt=106.96
[WOBBLE_FIRE] team=2 losTgt=105.88
[WOBBLE_FIRE] team=2 losTgt=104.77
[WOBBLE_FIRE] team=2 losTgt=103.64
[WOBBLE_FIRE] team=2 losTgt=102.49
[WOBBLE_FIRE] team=2 losTgt=101.33
[WOBBLE_FIRE] team=2 losTgt=100.15
[WOBBLE_FIRE] team=2 losTgt=98.96
[WOBBLE_FIRE] team=2 losTgt=97.75
[WOBBLE_FIRE] team=2 losTgt=96.53
[WOBBLE_FIRE] team=2 losTgt=95.30
[WOBBLE_FIRE] team=2 losTgt=94.06
[WOBBLE_FIRE] team=2 losTgt=92.81
[WOBBLE_FIRE] team=2 losTgt=91.55
[WOBBLE_FIRE] team=2 losTgt=90.27
[WOBBLE_FIRE] team=2 losTgt=88.99
[WOBBLE_FIRE] team=2 losTgt=87.70
[WOBBLE_FIRE] team=2 losTgt=86.40
[WOBBLE_FIRE] team=2 losTgt=85.10
[WOBBLE_FIRE] team=2 losTgt=83.79
[WOBBLE_FIRE] team=2 losTgt=82.48
[WOBBLE_FIRE] team=2 losTgt=81.17
[WOBBLE_FIRE] team=2 losTgt=79.85
[WOBBLE_FIRE] team=2 losTgt=78.53
[WOBBLE_FIRE] team=2 losTgt=77.20
[WOBBLE_FIRE] team=2 losTgt=75.86
[WOBBLE_FIRE] team=2 losTgt=74.53
[WOBBLE_FIRE] team=2 losTgt=73.18
[WOBBLE_FIRE] team=2 losTgt=71.84
[WOBBLE_FIRE] team=2 losTgt=70.48
[WOBBLE_FIRE] team=2 losTgt=69.11
[WOBBLE_FIRE] team=2 losTgt=67.73
[WOBBLE_FIRE] team=2 losTgt=66.35
[WOBBLE_FIRE] team=2 losTgt=64.95
[WOBBLE_FIRE] team=2 losTgt=63.55
[WOBBLE_FIRE] team=2 losTgt=62.14
[WOBBLE_FIRE] team=2 losTgt=60.72
[WOBBLE_FIRE] team=2 losTgt=59.29
[WOBBLE_FIRE] team=2 losTgt=57.86
[WOBBLE_FIRE] team=2 losTgt=56.42
[WOBBLE_FIRE] team=2 losTgt=54.97
[WOBBLE_FIRE] team=2 losTgt=53.51
[WOBBLE_FIRE] team=2 losTgt=52.05
[WOBBLE_FIRE] team=2 losTgt=50.58
[WOBBLE_FIRE] team=2 losTgt=49.10
[WOBBLE_FIRE] team=2 losTgt=47.62
[WOBBLE_FIRE] team=2 losTgt=46.13
[ACTIVE] [RED] LeadPredict dist=1732.21 dV=-33.3357 thr=1 om=0.602269 lt=3
[WOBBLE_FIRE] team=2 losTgt=46.44
[WOBBLE_FIRE] team=2 losTgt=47.66
[WOBBLE_FIRE] team=2 losTgt=48.46
[WOBBLE_FIRE] team=2 losTgt=49.03
[WOBBLE_FIRE] team=2 losTgt=49.57
[WOBBLE_FIRE] team=2 losTgt=50.19
[WOBBLE_FIRE] team=2 losTgt=50.90
[WOBBLE_FIRE] team=2 losTgt=51.71
[WOBBLE_FIRE] team=2 losTgt=52.62
[WOBBLE_FIRE] team=2 losTgt=53.62
[ACTIVE] [RED] LeadPredict dist=841.027 dV=25.1047 thr=0.88 om=0.950959 lt=3
[WOBBLE_FIRE] team=2 losTgt=54.67
[WOBBLE_FIRE] team=2 losTgt=55.76
[WOBBLE_FIRE] team=2 losTgt=56.88
[WOBBLE_FIRE] team=2 losTgt=58.02
[WOBBLE_FIRE] team=2 losTgt=59.18
[WOBBLE_FIRE] team=2 losTgt=60.33
[WOBBLE_FIRE] team=2 losTgt=61.47
[WOBBLE_FIRE] team=2 losTgt=62.58
[WOBBLE_FIRE] team=2 losTgt=63.65
[WOBBLE_FIRE] team=2 losTgt=64.66
[WOBBLE_FIRE] team=2 losTgt=65.63
[WOBBLE_FIRE] team=2 losTgt=66.54
[WOBBLE_FIRE] team=2 losTgt=67.39
[WOBBLE_FIRE] team=2 losTgt=68.18
[WOBBLE_FIRE] team=2 losTgt=68.91
[WOBBLE_FIRE] team=2 losTgt=69.59
[WOBBLE_FIRE] team=2 losTgt=70.20
[WOBBLE_FIRE] team=2 losTgt=70.76
[WOBBLE_FIRE] team=2 losTgt=71.25
[WOBBLE_FIRE] team=2 losTgt=71.70
[WOBBLE_FIRE] team=2 losTgt=72.09
[WOBBLE_FIRE] team=2 losTgt=72.43
[WOBBLE_FIRE] team=2 losTgt=72.73
[WOBBLE_FIRE] team=2 losTgt=72.97
[WOBBLE_FIRE] team=2 losTgt=73.17
[WOBBLE_FIRE] team=2 losTgt=73.33
[WOBBLE_FIRE] team=2 losTgt=73.45
[WOBBLE_FIRE] team=2 losTgt=73.53
[WOBBLE_FIRE] team=2 losTgt=73.58
[WOBBLE_FIRE] team=2 losTgt=73.58
[WOBBLE_FIRE] team=2 losTgt=73.56
[WOBBLE_FIRE] team=2 losTgt=73.50
[WOBBLE_FIRE] team=2 losTgt=73.41
[WOBBLE_FIRE] team=2 losTgt=73.30
[WOBBLE_FIRE] team=2 losTgt=73.16
[WOBBLE_FIRE] team=2 losTgt=72.99
[WOBBLE_FIRE] team=2 losTgt=72.80
[WOBBLE_FIRE] team=2 losTgt=72.58
[WOBBLE_FIRE] team=2 losTgt=72.34
[WOBBLE_FIRE] team=2 losTgt=72.09
[WOBBLE_FIRE] team=2 losTgt=71.82
[WOBBLE_FIRE] team=2 losTgt=71.52
[WOBBLE_FIRE] team=2 losTgt=71.21
[WOBBLE_FIRE] team=2 losTgt=70.88
[WOBBLE_FIRE] team=2 losTgt=70.53
[WOBBLE_FIRE] team=2 losTgt=70.17
[WOBBLE_FIRE] team=2 losTgt=69.79
[WOBBLE_FIRE] team=2 losTgt=69.39
[WOBBLE_FIRE] team=2 losTgt=68.98
[WOBBLE_FIRE] team=2 losTgt=68.56
[WOBBLE_FIRE] team=2 losTgt=68.13
[WOBBLE_FIRE] team=2 losTgt=67.68
[WOBBLE_FIRE] team=2 losTgt=67.22
[WOBBLE_FIRE] team=2 losTgt=66.75
[WOBBLE_FIRE] team=2 losTgt=66.27
[WOBBLE_FIRE] team=2 losTgt=65.77
[WOBBLE_FIRE] team=2 losTgt=65.27
[WOBBLE_FIRE] team=2 losTgt=64.75
[WOBBLE_FIRE] team=2 losTgt=64.22
[WOBBLE_FIRE] team=2 losTgt=63.68
[ACTIVE] [RED] LeadPredict dist=1646.76 dV=17.2337 thr=1 om=0.839862 lt=3
[WOBBLE_FIRE] team=2 losTgt=63.13
[WOBBLE_FIRE] team=2 losTgt=62.57
[WOBBLE_FIRE] team=2 losTgt=62.00
[WOBBLE_FIRE] team=2 losTgt=61.42
[WOBBLE_FIRE] team=2 losTgt=60.83
[WOBBLE_FIRE] team=2 losTgt=60.24
[WOBBLE_FIRE] team=2 losTgt=59.63
[WOBBLE_FIRE] team=2 losTgt=59.02
[WOBBLE_FIRE] team=2 losTgt=58.39
[WOBBLE_FIRE] team=2 losTgt=57.76
[WOBBLE_FIRE] team=2 losTgt=57.13
[WOBBLE_FIRE] team=2 losTgt=56.48
[WOBBLE_FIRE] team=2 losTgt=55.83
[WOBBLE_FIRE] team=2 losTgt=55.17
[WOBBLE_FIRE] team=2 losTgt=54.51
[WOBBLE_FIRE] team=2 losTgt=53.84
[WOBBLE_FIRE] team=2 losTgt=53.16
[WOBBLE_FIRE] team=2 losTgt=52.47
[WOBBLE_FIRE] team=2 losTgt=51.78
[WOBBLE_FIRE] team=2 losTgt=51.09
[WOBBLE_FIRE] team=2 losTgt=50.38
[WOBBLE_FIRE] team=2 losTgt=49.67
[WOBBLE_FIRE] team=2 losTgt=48.96
[WOBBLE_FIRE] team=2 losTgt=48.23
[WOBBLE_FIRE] team=2 losTgt=47.51
[WOBBLE_FIRE] team=2 losTgt=46.77
[WOBBLE_FIRE] team=2 losTgt=46.03
[WOBBLE_FIRE] team=2 losTgt=45.29
[ACTIVE] [RED] LeadPredict dist=1560 dV=-5.29872 thr=1 om=0.278821 lt=3
[ACTIVE] [RED] LeadPredict dist=1091.14 dV=3.60107 thr=1 om=0.959009 lt=3
[WOBBLE_FIRE] team=2 losTgt=45.17
[WOBBLE_FIRE] team=2 losTgt=45.80
[WOBBLE_FIRE] team=2 losTgt=46.40
[WOBBLE_FIRE] team=2 losTgt=46.98
[WOBBLE_FIRE] team=2 losTgt=47.55
[WOBBLE_FIRE] team=2 losTgt=48.10
[WOBBLE_FIRE] team=2 losTgt=48.63
[WOBBLE_FIRE] team=2 losTgt=49.15
[WOBBLE_FIRE] team=2 losTgt=49.64
[WOBBLE_FIRE] team=2 losTgt=50.12
[WOBBLE_FIRE] team=2 losTgt=50.57
[WOBBLE_FIRE] team=2 losTgt=50.99
[WOBBLE_FIRE] team=2 losTgt=51.39
[WOBBLE_FIRE] team=2 losTgt=51.76
[WOBBLE_FIRE] team=2 losTgt=52.10
[WOBBLE_FIRE] team=2 losTgt=52.42
[WOBBLE_FIRE] team=2 losTgt=52.69
[WOBBLE_FIRE] team=2 losTgt=52.95
[ACTIVE] [RED] LeadPredict dist=1106.98 dV=-29.0144 thr=1 om=1.5896 lt=3
[WOBBLE_FIRE] team=2 losTgt=53.17
[WOBBLE_FIRE] team=2 losTgt=53.37
[WOBBLE_FIRE] team=2 losTgt=53.53
[WOBBLE_FIRE] team=2 losTgt=53.66
[WOBBLE_FIRE] team=2 losTgt=53.77
[WOBBLE_FIRE] team=2 losTgt=53.84
[WOBBLE_FIRE] team=2 losTgt=53.89
[WOBBLE_FIRE] team=2 losTgt=53.91
[WOBBLE_FIRE] team=2 losTgt=53.90
[WOBBLE_FIRE] team=2 losTgt=53.85
[WOBBLE_FIRE] team=2 losTgt=53.78
[WOBBLE_FIRE] team=2 losTgt=53.68
[WOBBLE_FIRE] team=2 losTgt=53.55
[WOBBLE_FIRE] team=2 losTgt=53.40
[WOBBLE_FIRE] team=2 losTgt=53.21
[WOBBLE_FIRE] team=2 losTgt=53.01
[WOBBLE_FIRE] team=2 losTgt=52.78
[WOBBLE_FIRE] team=2 losTgt=52.52
[WOBBLE_FIRE] team=2 losTgt=52.24
[WOBBLE_FIRE] team=2 losTgt=51.94
[WOBBLE_FIRE] team=2 losTgt=51.62
[WOBBLE_FIRE] team=2 losTgt=51.27
[WOBBLE_FIRE] team=2 losTgt=50.91
[WOBBLE_FIRE] team=2 losTgt=50.52
[WOBBLE_FIRE] team=2 losTgt=50.12
[WOBBLE_FIRE] team=2 losTgt=49.69
[WOBBLE_FIRE] team=2 losTgt=49.24
[WOBBLE_FIRE] team=2 losTgt=48.76
[WOBBLE_FIRE] team=2 losTgt=48.27
[WOBBLE_FIRE] team=2 losTgt=47.76
[WOBBLE_FIRE] team=2 losTgt=47.22
[WOBBLE_FIRE] team=2 losTgt=46.68
[WOBBLE_FIRE] team=2 losTgt=46.10
[WOBBLE_FIRE] team=2 losTgt=45.51
[ACTIVE] [RED] LeadPredict dist=1642.35 dV=-51.907 thr=1 om=0.299717 lt=3
[ACTIVE] [RED] LeadPredict dist=1754.24 dV=-36.0622 thr=1 om=0.799373 lt=3
[ACTIVE] [RED] LeadPredict dist=1531.91 dV=4.06407 thr=1 om=0.7804 lt=3
[DUTY] team=1 ticks=12600 v27종말조준=3.14286% v21뱅크예측=76.9921% v17궤도조건=76.0794% v17슬롯적용=72.373% 상승클램프=0% 강하클램프=17.9841% v23b조건=37.1667% v23b실제적용=36.754%
[ACTIVE] [RED] LeadPredict dist=1500.3 dV=-3.39531 thr=1 om=0.129219 lt=3
[ACTIVE] [RED] LeadPredict dist=1625.17 dV=-17.2852 thr=1 om=1.02436 lt=3
[ACTIVE] [RED] LeadPredict dist=1535.25 dV=-34.0045 thr=1 om=0.139764 lt=3
[ACTIVE] [RED] LeadPredict dist=1841.35 dV=-79.1723 thr=1 om=0.0697429 lt=3
[ACTIVE] [RED] LeadPredict dist=2172.24 dV=-55.0965 thr=1 om=0.997268 lt=3
[ACTIVE] [RED] LeadPredict dist=1995.56 dV=-14.4558 thr=1 om=0.966868 lt=3
[ACTIVE] [RED] LeadPredict dist=1837.79 dV=-10.546 thr=1 om=0.057003 lt=3
[ACTIVE] [RED] LeadPredict dist=1720.34 dV=10.6489 thr=1 om=0.985706 lt=3
[ACTIVE] [RED] LeadPredict dist=1431.85 dV=2.16064 thr=0.783121 om=0.941789 lt=3
[ACTIVE] [RED] LeadPredict dist=1514.08 dV=-22.2238 thr=1 om=0.0440917 lt=3
[DUTY] team=1 ticks=13200 v27종말조준=3% v21뱅크예측=76.9924% v17궤도조건=76.1742% v17슬롯적용=72.6364% 상승클램프=0% 강하클램프=18.5152% v23b조건=36.1894% v23b실제적용=35.7955%
[ACTIVE] [RED] LeadPredict dist=1524.91 dV=-18.1597 thr=1 om=1.14271 lt=3
[ACTIVE] [RED] LeadPredict dist=1506.92 dV=-20.1146 thr=0.636634 om=0.592 lt=3
[ACTIVE] [RED] LeadPredict dist=1856.5 dV=-65.1281 thr=0.610835 om=0.914165 lt=3
[ACTIVE] [RED] LeadPredict dist=1648.6 dV=-10.4946 thr=1 om=1.54417 lt=3
[ACTIVE] [RED] LeadPredict dist=1424.11 dV=-11.7292 thr=1 om=0.493662 lt=3
[ACTIVE] [RED] LeadPredict dist=1482.48 dV=-4.99008 thr=1 om=0.50089 lt=3
runner:local/env:0	num_steps=[11999] | total rewards=[506.3323] | termination= [max time out]
[seed 6] reward=   506.33 ownHP=1.0000 tgtHP=1.0000 max time out
total: 2
[WOBBLE_FIRE] team=2 losTgt=54.16
[WOBBLE_FIRE] team=2 losTgt=53.89
[WOBBLE_FIRE] team=2 losTgt=53.00
[ACTIVE] [RED] LeadPredict dist=2791.15 dV=0.720215 thr=1 om=0 lt=3
[WOBBLE_FIRE] team=2 losTgt=52.06
[WOBBLE_FIRE] team=2 losTgt=51.10
[WOBBLE_FIRE] team=2 losTgt=50.02
[WOBBLE_FIRE] team=2 losTgt=48.72
[WOBBLE_FIRE] team=2 losTgt=47.21
[WOBBLE_FIRE] team=2 losTgt=45.72
[WOBBLE_FIRE] team=2 losTgt=46.18
[ACTIVE] [RED] LeadPredict dist=592.481 dV=-4.37274 thr=0.803235 om=0.17261 lt=1.93433
[WOBBLE_FIRE] team=2 losTgt=49.88
[WOBBLE_FIRE] team=2 losTgt=53.80
[WOBBLE_FIRE] team=2 losTgt=57.92
[WOBBLE_FIRE] team=2 losTgt=62.11
[WOBBLE_FIRE] team=2 losTgt=66.32
[WOBBLE_FIRE] team=2 losTgt=70.41
[WOBBLE_FIRE] team=2 losTgt=74.35
[WOBBLE_FIRE] team=2 losTgt=78.06
[WOBBLE_FIRE] team=2 losTgt=81.48
[WOBBLE_FIRE] team=2 losTgt=84.61
[WOBBLE_FIRE] team=2 losTgt=87.43
[WOBBLE_FIRE] team=2 losTgt=89.94
[WOBBLE_FIRE] team=2 losTgt=92.16
[WOBBLE_FIRE] team=2 losTgt=94.11
[WOBBLE_FIRE] team=2 losTgt=95.79
[WOBBLE_FIRE] team=2 losTgt=97.26
[WOBBLE_FIRE] team=2 losTgt=98.50
[WOBBLE_FIRE] team=2 losTgt=99.53
[WOBBLE_FIRE] team=2 losTgt=100.35
[WOBBLE_FIRE] team=2 losTgt=101.00
[WOBBLE_FIRE] team=2 losTgt=101.53
[WOBBLE_FIRE] team=2 losTgt=101.95
[WOBBLE_FIRE] team=2 losTgt=102.28
[WOBBLE_FIRE] team=2 losTgt=102.52
[WOBBLE_FIRE] team=2 losTgt=102.67
[WOBBLE_FIRE] team=2 losTgt=102.76
[WOBBLE_FIRE] team=2 losTgt=102.77
[WOBBLE_FIRE] team=2 losTgt=102.71
[WOBBLE_FIRE] team=2 losTgt=102.59
[WOBBLE_FIRE] team=2 losTgt=102.41
[WOBBLE_FIRE] team=2 losTgt=102.20
[WOBBLE_FIRE] team=2 losTgt=101.94
[WOBBLE_FIRE] team=2 losTgt=101.64
[WOBBLE_FIRE] team=2 losTgt=101.30
[WOBBLE_FIRE] team=2 losTgt=100.94
[WOBBLE_FIRE] team=2 losTgt=100.54
[WOBBLE_FIRE] team=2 losTgt=100.12
[WOBBLE_FIRE] team=2 losTgt=99.67
[WOBBLE_FIRE] team=2 losTgt=99.19
[WOBBLE_FIRE] team=2 losTgt=98.68
[WOBBLE_FIRE] team=2 losTgt=98.15
[WOBBLE_FIRE] team=2 losTgt=97.60
[WOBBLE_FIRE] team=2 losTgt=97.01
[WOBBLE_FIRE] team=2 losTgt=96.42
[WOBBLE_FIRE] team=2 losTgt=95.80
[WOBBLE_FIRE] team=2 losTgt=95.16
[WOBBLE_FIRE] team=2 losTgt=94.51
[WOBBLE_FIRE] team=2 losTgt=93.83
[WOBBLE_FIRE] team=2 losTgt=93.15
[WOBBLE_FIRE] team=2 losTgt=92.45
[WOBBLE_FIRE] team=2 losTgt=91.74
[WOBBLE_FIRE] team=2 losTgt=91.01
[WOBBLE_FIRE] team=2 losTgt=90.28
[WOBBLE_FIRE] team=2 losTgt=89.53
[WOBBLE_FIRE] team=2 losTgt=88.77
[WOBBLE_FIRE] team=2 losTgt=88.01
[WOBBLE_FIRE] team=2 losTgt=87.23
[WOBBLE_FIRE] team=2 losTgt=86.44
[WOBBLE_FIRE] team=2 losTgt=85.65
[WOBBLE_FIRE] team=2 losTgt=84.85
[ACTIVE] [RED] LeadPredict dist=2366.29 dV=-17.7996 thr=0.774594 om=1.06174 lt=3
[WOBBLE_FIRE] team=2 losTgt=84.04
[WOBBLE_FIRE] team=2 losTgt=83.23
[WOBBLE_FIRE] team=2 losTgt=82.41
[WOBBLE_FIRE] team=2 losTgt=81.58
[WOBBLE_FIRE] team=2 losTgt=80.75
[WOBBLE_FIRE] team=2 losTgt=79.92
[WOBBLE_FIRE] team=2 losTgt=79.08
[WOBBLE_FIRE] team=2 losTgt=78.23
[WOBBLE_FIRE] team=2 losTgt=77.37
[WOBBLE_FIRE] team=2 losTgt=76.50
[WOBBLE_FIRE] team=2 losTgt=75.61
[WOBBLE_FIRE] team=2 losTgt=74.71
[WOBBLE_FIRE] team=2 losTgt=73.80
[WOBBLE_FIRE] team=2 losTgt=72.88
[WOBBLE_FIRE] team=2 losTgt=71.96
[WOBBLE_FIRE] team=2 losTgt=71.02
[WOBBLE_FIRE] team=2 losTgt=70.09
[WOBBLE_FIRE] team=2 losTgt=69.14
[WOBBLE_FIRE] team=2 losTgt=68.19
[WOBBLE_FIRE] team=2 losTgt=67.23
[WOBBLE_FIRE] team=2 losTgt=66.27
[WOBBLE_FIRE] team=2 losTgt=65.30
[WOBBLE_FIRE] team=2 losTgt=64.32
[WOBBLE_FIRE] team=2 losTgt=63.33
[WOBBLE_FIRE] team=2 losTgt=62.34
[WOBBLE_FIRE] team=2 losTgt=61.34
[WOBBLE_FIRE] team=2 losTgt=60.34
[WOBBLE_FIRE] team=2 losTgt=59.33
[WOBBLE_FIRE] team=2 losTgt=58.31
[WOBBLE_FIRE] team=2 losTgt=57.28
[WOBBLE_FIRE] team=2 losTgt=56.25
[WOBBLE_FIRE] team=2 losTgt=55.20
[WOBBLE_FIRE] team=2 losTgt=54.15
[WOBBLE_FIRE] team=2 losTgt=53.10
[WOBBLE_FIRE] team=2 losTgt=52.03
[WOBBLE_FIRE] team=2 losTgt=50.95
[WOBBLE_FIRE] team=2 losTgt=49.86
[WOBBLE_FIRE] team=2 losTgt=48.77
[WOBBLE_FIRE] team=2 losTgt=47.66
[WOBBLE_FIRE] team=2 losTgt=46.55
[WOBBLE_FIRE] team=2 losTgt=45.42
[ACTIVE] [RED] LeadPredict dist=1547.14 dV=-27.111 thr=0.701788 om=0.0641591 lt=3
[DUTY] team=1 ticks=13800 v27종말조준=2.86957% v21뱅크예측=77.2464% v17궤도조건=76.6377% v17슬롯적용=72.913% 상승클램프=0% 강하클램프=19.2681% v23b조건=37.1087% v23b실제적용=36.7319%
[WOBBLE_FIRE] team=2 losTgt=46.05
[WOBBLE_FIRE] team=2 losTgt=48.17
[WOBBLE_FIRE] team=2 losTgt=50.26
[WOBBLE_FIRE] team=2 losTgt=52.28
[WOBBLE_FIRE] team=2 losTgt=54.24
[WOBBLE_FIRE] team=2 losTgt=56.11
[WOBBLE_FIRE] team=2 losTgt=57.90
[WOBBLE_FIRE] team=2 losTgt=59.57
[WOBBLE_FIRE] team=2 losTgt=61.12
[WOBBLE_FIRE] team=2 losTgt=62.54
[WOBBLE_FIRE] team=2 losTgt=63.80
[WOBBLE_FIRE] team=2 losTgt=64.91
[WOBBLE_FIRE] team=2 losTgt=65.88
[WOBBLE_FIRE] team=2 losTgt=66.70
[WOBBLE_FIRE] team=2 losTgt=67.38
[WOBBLE_FIRE] team=2 losTgt=67.91
[WOBBLE_FIRE] team=2 losTgt=68.32
[WOBBLE_FIRE] team=2 losTgt=68.61
[WOBBLE_FIRE] team=2 losTgt=68.79
[WOBBLE_FIRE] team=2 losTgt=68.86
[WOBBLE_FIRE] team=2 losTgt=68.85
[WOBBLE_FIRE] team=2 losTgt=68.74
[WOBBLE_FIRE] team=2 losTgt=68.55
[WOBBLE_FIRE] team=2 losTgt=68.28
[WOBBLE_FIRE] team=2 losTgt=67.94
[WOBBLE_FIRE] team=2 losTgt=67.53
[WOBBLE_FIRE] team=2 losTgt=67.06
[WOBBLE_FIRE] team=2 losTgt=66.53
[WOBBLE_FIRE] team=2 losTgt=65.94
[WOBBLE_FIRE] team=2 losTgt=65.30
[ACTIVE] [RED] LeadPredict dist=1465.52 dV=-16.6678 thr=0.653906 om=1.33056 lt=3
[WOBBLE_FIRE] team=2 losTgt=64.62
[WOBBLE_FIRE] team=2 losTgt=63.89
[WOBBLE_FIRE] team=2 losTgt=63.11
[WOBBLE_FIRE] team=2 losTgt=62.29
[WOBBLE_FIRE] team=2 losTgt=61.43
[WOBBLE_FIRE] team=2 losTgt=60.53
[WOBBLE_FIRE] team=2 losTgt=59.60
[WOBBLE_FIRE] team=2 losTgt=58.63
[WOBBLE_FIRE] team=2 losTgt=57.63
[WOBBLE_FIRE] team=2 losTgt=56.59
[WOBBLE_FIRE] team=2 losTgt=55.52
[WOBBLE_FIRE] team=2 losTgt=54.42
[WOBBLE_FIRE] team=2 losTgt=53.29
[WOBBLE_FIRE] team=2 losTgt=52.13
[WOBBLE_FIRE] team=2 losTgt=50.94
[WOBBLE_FIRE] team=2 losTgt=49.72
[WOBBLE_FIRE] team=2 losTgt=48.46
[WOBBLE_FIRE] team=2 losTgt=47.18
[WOBBLE_FIRE] team=2 losTgt=45.87
[ACTIVE] [RED] LeadPredict dist=1186.2 dV=-19.806 thr=0.657623 om=1.34778 lt=3
[ACTIVE] [RED] ClimbOut Z=2556.3
[ACTIVE] [RED] LeadPredict dist=1579.74 dV=2.93231 thr=0.632917 om=2.25831 lt=3
[ACTIVE] [RED] LeadPredict dist=1292.08 dV=-2.10922 thr=0.759508 om=1.53493 lt=3
[ACTIVE] [RED] LeadPredict dist=1447.5 dV=-21.4007 thr=1 om=0.101868 lt=3
[ACTIVE] [RED] LeadPredict dist=1552.37 dV=-11.3177 thr=1 om=0.0299025 lt=3
[ACTIVE] [RED] LeadPredict dist=1348.85 dV=23.3041 thr=1 om=1.38884 lt=3
[ACTIVE] [RED] LeadPredict dist=1164.75 dV=-9.05414 thr=1 om=0.0343862 lt=3
[ACTIVE] [RED] LeadPredict dist=1212.02 dV=-0.514465 thr=1 om=0.0595879 lt=3
[ACTIVE] [RED] LeadPredict dist=1075.17 dV=6.12183 thr=0.559892 om=1.43495 lt=2.95737
[DUTY] team=1 ticks=14400 v27종말조준=2.75% v21뱅크예측=77.2917% v17궤도조건=77.0347% v17슬롯적용=73.4653% 상승클램프=0% 강하클램프=18.4722% v23b조건=37.7778% v23b실제적용=37.4167%
[ACTIVE] [RED] LeadPredict dist=1158.54 dV=17.6453 thr=0.675551 om=1.72495 lt=3
[ACTIVE] [RED] LeadPredict dist=1075.17 dV=-15.176 thr=1 om=1.15867 lt=3
[ACTIVE] [RED] LeadPredict dist=969.324 dV=21.4521 thr=0.749232 om=1.55326 lt=3
[ACTIVE] [RED] LeadPredict dist=928.645 dV=4.21838 thr=1 om=0.187357 lt=3
[ACTIVE] [RED] LeadPredict dist=846.406 dV=14.6615 thr=0.824062 om=1.03912 lt=0.470049
[ACTIVE] [RED] LeadPredict dist=804.299 dV=12.2951 thr=0.732178 om=1.42454 lt=2.48996
[ACTIVE] [RED] LeadPredict dist=849.24 dV=0.565887 thr=0.993209 om=0.195869 lt=0
[ACTIVE] [RED] LeadPredict dist=809.719 dV=8.69403 thr=0.895672 om=1.19032 lt=0.785302
[ACTIVE] [RED] LeadPredict dist=836.43 dV=1.74911 thr=0.69173 om=1.25057 lt=2.51532
[ACTIVE] [RED] LeadPredict dist=852.684 dV=-3.34387 thr=1 om=0.140778 lt=1.52575
[DUTY] team=1 ticks=15000 v27종말조준=3.84667% v21뱅크예측=78.06% v17궤도조건=77.8933% v17슬롯적용=74.4667% 상승클램프=0% 강하클램프=17.7333% v23b조건=38.4467% v23b실제적용=38.1%
[ACTIVE] [RED] LeadPredict dist=886.729 dV=-1.44043 thr=0.802813 om=0.470152 lt=1.59621
[ACTIVE] [RED] LeadPredict dist=926.698 dV=13.9413 thr=0.719716 om=1.44865 lt=2.84307
[ACTIVE] [RED] LeadPredict dist=1076.37 dV=-5.96753 thr=1 om=0.0873551 lt=3
[ACTIVE] [RED] LeadPredict dist=1116.85 dV=-2.93228 thr=1 om=0.523811 lt=3
[ACTIVE] [RED] LeadPredict dist=998.782 dV=-2.46933 thr=0.76563 om=1.31332 lt=3
[ACTIVE] [RED] LeadPredict dist=1138.46 dV=-14.6101 thr=0.887691 om=1.44132 lt=3
[ACTIVE] [RED] LeadPredict dist=1037.15 dV=15.5875 thr=0.613896 om=0.413074 lt=2.95612
[ACTIVE] [RED] LeadPredict dist=888.983 dV=18.6742 thr=0.736332 om=1.50092 lt=2.76048
[ACTIVE] [RED] LeadPredict dist=903.987 dV=0.977417 thr=0.988271 om=0.153392 lt=0.401002
runner:local/env:0	num_steps=[11999] | total rewards=[1142.8363] | termination= [max time out]
[seed 7] reward=  1142.84 ownHP=1.0000 tgtHP=0.3557 max time out
total: 2
[WOBBLE_FIRE] team=2 losTgt=123.94
[WOBBLE_FIRE] team=2 losTgt=123.89
[WOBBLE_FIRE] team=2 losTgt=123.76
[WOBBLE_FIRE] team=2 losTgt=123.65
[WOBBLE_FIRE] team=2 losTgt=123.59
[WOBBLE_FIRE] team=2 losTgt=123.53
[ACTIVE] [RED] LeadPredict dist=1597.56 dV=3.85831 thr=0.813074 om=0 lt=3
[DUTY] team=1 ticks=15600 v27종말조준=4.60897% v21뱅크예측=78.0256% v17궤도조건=78.3205% v17슬롯적용=75.0256% 상승클램프=0% 강하클램프=17.3462% v23b조건=38.641% v23b실제적용=38.3077%
[WOBBLE_FIRE] team=2 losTgt=123.34
[WOBBLE_FIRE] team=2 losTgt=122.85
[WOBBLE_FIRE] team=2 losTgt=121.94
[WOBBLE_FIRE] team=2 losTgt=120.54
[WOBBLE_FIRE] team=2 losTgt=118.86
[WOBBLE_FIRE] team=2 losTgt=117.29
[WOBBLE_FIRE] team=2 losTgt=115.97
[WOBBLE_FIRE] team=2 losTgt=114.85
[WOBBLE_FIRE] team=2 losTgt=113.87
[WOBBLE_FIRE] team=2 losTgt=112.96
[WOBBLE_FIRE] team=2 losTgt=112.11
[WOBBLE_FIRE] team=2 losTgt=111.30
[WOBBLE_FIRE] team=2 losTgt=110.55
[WOBBLE_FIRE] team=2 losTgt=109.84
[WOBBLE_FIRE] team=2 losTgt=109.17
[WOBBLE_FIRE] team=2 losTgt=108.52
[WOBBLE_FIRE] team=2 losTgt=107.90
[WOBBLE_FIRE] team=2 losTgt=107.29
[WOBBLE_FIRE] team=2 losTgt=106.71
[WOBBLE_FIRE] team=2 losTgt=106.15
[WOBBLE_FIRE] team=2 losTgt=105.61
[WOBBLE_FIRE] team=2 losTgt=105.08
[WOBBLE_FIRE] team=2 losTgt=104.58
[WOBBLE_FIRE] team=2 losTgt=104.12
[WOBBLE_FIRE] team=2 losTgt=103.69
[WOBBLE_FIRE] team=2 losTgt=103.25
[WOBBLE_FIRE] team=2 losTgt=102.84
[WOBBLE_FIRE] team=2 losTgt=102.43
[WOBBLE_FIRE] team=2 losTgt=102.03
[WOBBLE_FIRE] team=2 losTgt=101.63
[WOBBLE_FIRE] team=2 losTgt=101.27
[WOBBLE_FIRE] team=2 losTgt=100.94
[WOBBLE_FIRE] team=2 losTgt=100.65
[WOBBLE_FIRE] team=2 losTgt=100.39
[WOBBLE_FIRE] team=2 losTgt=100.16
[WOBBLE_FIRE] team=2 losTgt=99.95
[WOBBLE_FIRE] team=2 losTgt=99.77
[WOBBLE_FIRE] team=2 losTgt=99.59
[WOBBLE_FIRE] team=2 losTgt=99.42
[WOBBLE_FIRE] team=2 losTgt=99.27
[WOBBLE_FIRE] team=2 losTgt=99.14
[WOBBLE_FIRE] team=2 losTgt=99.02
[WOBBLE_FIRE] team=2 losTgt=98.91
[WOBBLE_FIRE] team=2 losTgt=98.82
[WOBBLE_FIRE] team=2 losTgt=98.74
[WOBBLE_FIRE] team=2 losTgt=98.67
[WOBBLE_FIRE] team=2 losTgt=98.62
[WOBBLE_FIRE] team=2 losTgt=98.59
[WOBBLE_FIRE] team=2 losTgt=98.57
[WOBBLE_FIRE] team=2 losTgt=98.58
[WOBBLE_FIRE] team=2 losTgt=98.60
[WOBBLE_FIRE] team=2 losTgt=98.65
[WOBBLE_FIRE] team=2 losTgt=98.72
[WOBBLE_FIRE] team=2 losTgt=98.82
[WOBBLE_FIRE] team=2 losTgt=98.94
[WOBBLE_FIRE] team=2 losTgt=99.09
[WOBBLE_FIRE] team=2 losTgt=99.26
[WOBBLE_FIRE] team=2 losTgt=99.46
[WOBBLE_FIRE] team=2 losTgt=99.68
[WOBBLE_FIRE] team=2 losTgt=99.94
[ACTIVE] [RED] LeadPredict dist=783.471 dV=-1.80054 thr=0.73196 om=0.882266 lt=2.42509
[WOBBLE_FIRE] team=2 losTgt=100.22
[WOBBLE_FIRE] team=2 losTgt=100.53
[WOBBLE_FIRE] team=2 losTgt=100.88
[WOBBLE_FIRE] team=2 losTgt=101.26
[WOBBLE_FIRE] team=2 losTgt=101.67
[WOBBLE_FIRE] team=2 losTgt=102.12
[WOBBLE_FIRE] team=2 losTgt=102.61
[WOBBLE_FIRE] team=2 losTgt=103.15
[WOBBLE_FIRE] team=2 losTgt=103.73
[WOBBLE_FIRE] team=2 losTgt=104.35
[WOBBLE_FIRE] team=2 losTgt=105.03
[WOBBLE_FIRE] team=2 losTgt=105.77
[WOBBLE_FIRE] team=2 losTgt=106.56
[WOBBLE_FIRE] team=2 losTgt=107.42
[WOBBLE_FIRE] team=2 losTgt=108.34
[WOBBLE_FIRE] team=2 losTgt=109.32
[WOBBLE_FIRE] team=2 losTgt=110.38
[WOBBLE_FIRE] team=2 losTgt=111.50
[WOBBLE_FIRE] team=2 losTgt=112.69
[WOBBLE_FIRE] team=2 losTgt=113.97
[WOBBLE_FIRE] team=2 losTgt=115.32
[WOBBLE_FIRE] team=2 losTgt=116.79
[WOBBLE_FIRE] team=2 losTgt=118.35
[WOBBLE_FIRE] team=2 losTgt=120.50
[WOBBLE_FIRE] team=2 losTgt=124.29
[WOBBLE_FIRE] team=2 losTgt=127.76
[WOBBLE_FIRE] team=2 losTgt=131.06
[WOBBLE_FIRE] team=2 losTgt=134.46
[WOBBLE_FIRE] team=2 losTgt=137.85
[WOBBLE_FIRE] team=2 losTgt=141.04
[WOBBLE_FIRE] team=2 losTgt=144.17
[WOBBLE_FIRE] team=2 losTgt=147.31
[WOBBLE_FIRE] team=2 losTgt=150.52
[WOBBLE_FIRE] team=2 losTgt=153.76
[WOBBLE_FIRE] team=2 losTgt=157.00
[WOBBLE_FIRE] team=2 losTgt=160.27
[WOBBLE_FIRE] team=2 losTgt=163.48
[WOBBLE_FIRE] team=2 losTgt=166.52
[WOBBLE_FIRE] team=2 losTgt=169.32
[WOBBLE_FIRE] team=2 losTgt=171.82
[WOBBLE_FIRE] team=2 losTgt=174.10
[WOBBLE_FIRE] team=2 losTgt=175.90
[WOBBLE_FIRE] team=2 losTgt=176.56
[WOBBLE_FIRE] team=2 losTgt=175.67
[WOBBLE_FIRE] team=2 losTgt=174.09
[WOBBLE_FIRE] team=2 losTgt=172.58
[WOBBLE_FIRE] team=2 losTgt=171.34
[WOBBLE_FIRE] team=2 losTgt=170.34
[WOBBLE_FIRE] team=2 losTgt=169.37
[WOBBLE_FIRE] team=2 losTgt=168.08
[WOBBLE_FIRE] team=2 losTgt=166.90
[ACTIVE] [RED] Evade Z=5085.28
[WOBBLE_FIRE] team=2 losTgt=165.80
[WOBBLE_FIRE] team=2 losTgt=164.87
[WOBBLE_FIRE] team=2 losTgt=164.08
[WOBBLE_FIRE] team=2 losTgt=163.44
[WOBBLE_FIRE] team=2 losTgt=163.01
[WOBBLE_FIRE] team=2 losTgt=162.77
[WOBBLE_FIRE] team=2 losTgt=162.76
[WOBBLE_FIRE] team=2 losTgt=162.80
[WOBBLE_FIRE] team=2 losTgt=162.86
[WOBBLE_FIRE] team=2 losTgt=162.54
[WOBBLE_FIRE] team=2 losTgt=162.34
[WOBBLE_FIRE] team=2 losTgt=162.27
[WOBBLE_FIRE] team=2 losTgt=162.34
[WOBBLE_FIRE] team=2 losTgt=162.60
[WOBBLE_FIRE] team=2 losTgt=163.16
[WOBBLE_FIRE] team=2 losTgt=164.03
[WOBBLE_FIRE] team=2 losTgt=164.90
[WOBBLE_FIRE] team=2 losTgt=165.81
[WOBBLE_FIRE] team=2 losTgt=166.29
[WOBBLE_FIRE] team=2 losTgt=166.79
[WOBBLE_FIRE] team=2 losTgt=167.32
[WOBBLE_FIRE] team=2 losTgt=167.88
[WOBBLE_FIRE] team=2 losTgt=168.51
[WOBBLE_FIRE] team=2 losTgt=169.24
[WOBBLE_FIRE] team=2 losTgt=170.06
[WOBBLE_FIRE] team=2 losTgt=171.00
[WOBBLE_FIRE] team=2 losTgt=171.96
[WOBBLE_FIRE] team=2 losTgt=172.85
[WOBBLE_FIRE] team=2 losTgt=173.68
[WOBBLE_FIRE] team=2 losTgt=174.49
[ACTIVE] [RED] Evade Z=3953.96
[WOBBLE_FIRE] team=2 losTgt=175.25
[WOBBLE_FIRE] team=2 losTgt=175.90
[WOBBLE_FIRE] team=2 losTgt=176.42
[WOBBLE_FIRE] team=2 losTgt=176.74
[WOBBLE_FIRE] team=2 losTgt=176.88
[WOBBLE_FIRE] team=2 losTgt=176.86
[WOBBLE_FIRE] team=2 losTgt=176.68
[WOBBLE_FIRE] team=2 losTgt=176.25
[WOBBLE_FIRE] team=2 losTgt=174.78
[WOBBLE_FIRE] team=2 losTgt=172.85
[WOBBLE_FIRE] team=2 losTgt=171.13
[WOBBLE_FIRE] team=2 losTgt=169.68
[WOBBLE_FIRE] team=2 losTgt=168.50
[WOBBLE_FIRE] team=2 losTgt=167.55
[WOBBLE_FIRE] team=2 losTgt=166.76
[WOBBLE_FIRE] team=2 losTgt=166.14
[WOBBLE_FIRE] team=2 losTgt=165.65
[WOBBLE_FIRE] team=2 losTgt=165.24
[ACTIVE] [RED] ClimbOut Z=3252.53
[WOBBLE_FIRE] team=2 losTgt=164.93
[WOBBLE_FIRE] team=2 losTgt=164.68
[WOBBLE_FIRE] team=2 losTgt=164.50
[WOBBLE_FIRE] team=2 losTgt=164.35
[WOBBLE_FIRE] team=2 losTgt=164.23
[WOBBLE_FIRE] team=2 losTgt=164.15
[WOBBLE_FIRE] team=2 losTgt=164.07
[WOBBLE_FIRE] team=2 losTgt=163.99
[WOBBLE_FIRE] team=2 losTgt=163.93
[WOBBLE_FIRE] team=2 losTgt=163.84
[WOBBLE_FIRE] team=2 losTgt=163.76
[WOBBLE_FIRE] team=2 losTgt=163.66
[WOBBLE_FIRE] team=2 losTgt=163.58
[WOBBLE_FIRE] team=2 losTgt=163.48
[WOBBLE_FIRE] team=2 losTgt=163.39
[WOBBLE_FIRE] team=2 losTgt=163.28
[WOBBLE_FIRE] team=2 losTgt=163.18
[WOBBLE_FIRE] team=2 losTgt=163.08
[WOBBLE_FIRE] team=2 losTgt=162.98
[WOBBLE_FIRE] team=2 losTgt=162.88
[WOBBLE_FIRE] team=2 losTgt=162.78
[WOBBLE_FIRE] team=2 losTgt=162.67
[WOBBLE_FIRE] team=2 losTgt=162.57
[WOBBLE_FIRE] team=2 losTgt=162.47
[WOBBLE_FIRE] team=2 losTgt=162.36
[WOBBLE_FIRE] team=2 losTgt=162.27
[WOBBLE_FIRE] team=2 losTgt=162.16
[WOBBLE_FIRE] team=2 losTgt=162.05
[WOBBLE_FIRE] team=2 losTgt=161.95
[WOBBLE_FIRE] team=2 losTgt=161.85
[ACTIVE] [RED] ClimbOut Z=2373.93
[WOBBLE_FIRE] team=2 losTgt=161.74
[WOBBLE_FIRE] team=2 losTgt=161.64
[WOBBLE_FIRE] team=2 losTgt=161.53
[WOBBLE_FIRE] team=2 losTgt=161.42
[WOBBLE_FIRE] team=2 losTgt=161.31
[WOBBLE_FIRE] team=2 losTgt=162.51
[WOBBLE_FIRE] team=2 losTgt=166.33
[WOBBLE_FIRE] team=2 losTgt=164.82
[WOBBLE_FIRE] team=2 losTgt=160.54
[WOBBLE_FIRE] team=2 losTgt=163.27
[WOBBLE_FIRE] team=2 losTgt=170.22
[WOBBLE_FIRE] team=2 losTgt=170.09
[WOBBLE_FIRE] team=2 losTgt=163.04
[WOBBLE_FIRE] team=2 losTgt=159.90
[WOBBLE_FIRE] team=2 losTgt=166.01
[WOBBLE_FIRE] team=2 losTgt=170.04
[WOBBLE_FIRE] team=2 losTgt=166.37
[WOBBLE_FIRE] team=2 losTgt=162.94
[WOBBLE_FIRE] team=2 losTgt=165.69
[WOBBLE_FIRE] team=2 losTgt=167.30
[WOBBLE_FIRE] team=2 losTgt=164.56
[WOBBLE_FIRE] team=2 losTgt=163.14
[WOBBLE_FIRE] team=2 losTgt=166.44
[WOBBLE_FIRE] team=2 losTgt=167.42
[WOBBLE_FIRE] team=2 losTgt=164.54
[WOBBLE_FIRE] team=2 losTgt=163.13
[WOBBLE_FIRE] team=2 losTgt=160.23
[WOBBLE_FIRE] team=2 losTgt=157.72
[WOBBLE_FIRE] team=2 losTgt=155.13
[WOBBLE_FIRE] team=2 losTgt=152.66
[WOBBLE_FIRE] team=2 losTgt=150.25
[WOBBLE_FIRE] team=2 losTgt=147.87
[WOBBLE_FIRE] team=2 losTgt=145.53
[WOBBLE_FIRE] team=2 losTgt=143.18
[WOBBLE_FIRE] team=2 losTgt=140.86
[WOBBLE_FIRE] team=2 losTgt=138.55
[WOBBLE_FIRE] team=2 losTgt=136.29
[WOBBLE_FIRE] team=2 losTgt=134.06
[WOBBLE_FIRE] team=2 losTgt=131.87
[WOBBLE_FIRE] team=2 losTgt=129.73
[WOBBLE_FIRE] team=2 losTgt=127.63
[WOBBLE_FIRE] team=2 losTgt=125.57
[WOBBLE_FIRE] team=2 losTgt=123.56
[WOBBLE_FIRE] team=2 losTgt=121.59
[WOBBLE_FIRE] team=2 losTgt=119.67
[WOBBLE_FIRE] team=2 losTgt=117.78
[WOBBLE_FIRE] team=2 losTgt=115.94
[WOBBLE_FIRE] team=2 losTgt=114.13
[WOBBLE_FIRE] team=2 losTgt=112.37
[WOBBLE_FIRE] team=2 losTgt=110.64
[WOBBLE_FIRE] team=2 losTgt=108.95
[WOBBLE_FIRE] team=2 losTgt=107.29
[WOBBLE_FIRE] team=2 losTgt=105.66
[WOBBLE_FIRE] team=2 losTgt=104.06
[WOBBLE_FIRE] team=2 losTgt=102.49
[WOBBLE_FIRE] team=2 losTgt=100.95
[WOBBLE_FIRE] team=2 losTgt=99.44
[WOBBLE_FIRE] team=2 losTgt=97.96
[WOBBLE_FIRE] team=2 losTgt=96.50
[WOBBLE_FIRE] team=2 losTgt=95.07
[WOBBLE_FIRE] team=2 losTgt=93.67
[WOBBLE_FIRE] team=2 losTgt=92.28
[ACTIVE] [RED] LeadPredict dist=504.766 dV=-4.62997 thr=0.607992 om=1.38253 lt=1.43303
[WOBBLE_FIRE] team=2 losTgt=90.92
[WOBBLE_FIRE] team=2 losTgt=89.58
[WOBBLE_FIRE] team=2 losTgt=88.27
[WOBBLE_FIRE] team=2 losTgt=86.97
[WOBBLE_FIRE] team=2 losTgt=85.70
[WOBBLE_FIRE] team=2 losTgt=84.44
[WOBBLE_FIRE] team=2 losTgt=83.21
[WOBBLE_FIRE] team=2 losTgt=81.99
[WOBBLE_FIRE] team=2 losTgt=80.77
[WOBBLE_FIRE] team=2 losTgt=79.56
[WOBBLE_FIRE] team=2 losTgt=78.34
[WOBBLE_FIRE] team=2 losTgt=77.13
[WOBBLE_FIRE] team=2 losTgt=75.91
[WOBBLE_FIRE] team=2 losTgt=74.69
[WOBBLE_FIRE] team=2 losTgt=73.46
[WOBBLE_FIRE] team=2 losTgt=72.24
[WOBBLE_FIRE] team=2 losTgt=71.02
[WOBBLE_FIRE] team=2 losTgt=69.79
[WOBBLE_FIRE] team=2 losTgt=68.55
[WOBBLE_FIRE] team=2 losTgt=67.29
[WOBBLE_FIRE] team=2 losTgt=65.97
[WOBBLE_FIRE] team=2 losTgt=64.60
[WOBBLE_FIRE] team=2 losTgt=63.44
[WOBBLE_FIRE] team=2 losTgt=62.30
[WOBBLE_FIRE] team=2 losTgt=60.94
[WOBBLE_FIRE] team=2 losTgt=59.35
[WOBBLE_FIRE] team=2 losTgt=57.50
[WOBBLE_FIRE] team=2 losTgt=55.68
[WOBBLE_FIRE] team=2 losTgt=53.93
[WOBBLE_FIRE] team=2 losTgt=52.14
[WOBBLE_FIRE] team=2 losTgt=50.26
[WOBBLE_FIRE] team=2 losTgt=48.27
[WOBBLE_FIRE] team=2 losTgt=46.18
[WOBBLE_FIRE] team=2 losTgt=45.30
[WOBBLE_FIRE] team=2 losTgt=52.03
[WOBBLE_FIRE] team=2 losTgt=58.40
[WOBBLE_FIRE] team=2 losTgt=64.38
[WOBBLE_FIRE] team=2 losTgt=69.93
[WOBBLE_FIRE] team=2 losTgt=74.89
[WOBBLE_FIRE] team=2 losTgt=79.17
[WOBBLE_FIRE] team=2 losTgt=82.79
[WOBBLE_FIRE] team=2 losTgt=85.84
[WOBBLE_FIRE] team=2 losTgt=88.26
[WOBBLE_FIRE] team=2 losTgt=89.98
[WOBBLE_FIRE] team=2 losTgt=90.96
[ACTIVE] [RED] LeadPredict dist=453.659 dV=-14.1471 thr=1 om=1.03638 lt=1.59871
[WOBBLE_FIRE] team=2 losTgt=91.25
[WOBBLE_FIRE] team=2 losTgt=90.91
[WOBBLE_FIRE] team=2 losTgt=90.06
[WOBBLE_FIRE] team=2 losTgt=88.93
[WOBBLE_FIRE] team=2 losTgt=87.81
[WOBBLE_FIRE] team=2 losTgt=86.76
[WOBBLE_FIRE] team=2 losTgt=85.73
[WOBBLE_FIRE] team=2 losTgt=84.68
[WOBBLE_FIRE] team=2 losTgt=83.62
[WOBBLE_FIRE] team=2 losTgt=82.55
[WOBBLE_FIRE] team=2 losTgt=81.48
[WOBBLE_FIRE] team=2 losTgt=80.38
[WOBBLE_FIRE] team=2 losTgt=79.26
[WOBBLE_FIRE] team=2 losTgt=78.08
[WOBBLE_FIRE] team=2 losTgt=76.87
[WOBBLE_FIRE] team=2 losTgt=75.62
[WOBBLE_FIRE] team=2 losTgt=74.32
[WOBBLE_FIRE] team=2 losTgt=72.98
[WOBBLE_FIRE] team=2 losTgt=71.60
[WOBBLE_FIRE] team=2 losTgt=70.18
[WOBBLE_FIRE] team=2 losTgt=68.72
[WOBBLE_FIRE] team=2 losTgt=67.22
[WOBBLE_FIRE] team=2 losTgt=65.67
[WOBBLE_FIRE] team=2 losTgt=64.08
[WOBBLE_FIRE] team=2 losTgt=62.47
[WOBBLE_FIRE] team=2 losTgt=60.83
[WOBBLE_FIRE] team=2 losTgt=59.14
[WOBBLE_FIRE] team=2 losTgt=57.41
[WOBBLE_FIRE] team=2 losTgt=55.64
[WOBBLE_FIRE] team=2 losTgt=53.82
[WOBBLE_FIRE] team=2 losTgt=51.97
[WOBBLE_FIRE] team=2 losTgt=50.10
[WOBBLE_FIRE] team=2 losTgt=48.22
[WOBBLE_FIRE] team=2 losTgt=46.33
[ACTIVE] [RED] LeadPredict dist=443.316 dV=-7.04782 thr=1 om=0.410617 lt=1.88236
[WOBBLE_FIRE] team=2 losTgt=45.66
[WOBBLE_FIRE] team=2 losTgt=48.80
[WOBBLE_FIRE] team=2 losTgt=51.95
[WOBBLE_FIRE] team=2 losTgt=55.08
[WOBBLE_FIRE] team=2 losTgt=58.16
[WOBBLE_FIRE] team=2 losTgt=61.14
[WOBBLE_FIRE] team=2 losTgt=63.90
[WOBBLE_FIRE] team=2 losTgt=66.19
[WOBBLE_FIRE] team=2 losTgt=67.77
[WOBBLE_FIRE] team=2 losTgt=68.43
[WOBBLE_FIRE] team=2 losTgt=68.37
[WOBBLE_FIRE] team=2 losTgt=68.01
[WOBBLE_FIRE] team=2 losTgt=67.67
[WOBBLE_FIRE] team=2 losTgt=67.39
[WOBBLE_FIRE] team=2 losTgt=67.14
[WOBBLE_FIRE] team=2 losTgt=66.86
[WOBBLE_FIRE] team=2 losTgt=66.56
[WOBBLE_FIRE] team=2 losTgt=66.22
[WOBBLE_FIRE] team=2 losTgt=65.85
[WOBBLE_FIRE] team=2 losTgt=65.46
[WOBBLE_FIRE] team=2 losTgt=65.02
[WOBBLE_FIRE] team=2 losTgt=64.56
[WOBBLE_FIRE] team=2 losTgt=64.04
[WOBBLE_FIRE] team=2 losTgt=63.50
[WOBBLE_FIRE] team=2 losTgt=62.92
[WOBBLE_FIRE] team=2 losTgt=62.31
[WOBBLE_FIRE] team=2 losTgt=61.65
[WOBBLE_FIRE] team=2 losTgt=60.97
[WOBBLE_FIRE] team=2 losTgt=60.25
[WOBBLE_FIRE] team=2 losTgt=59.51
[WOBBLE_FIRE] team=2 losTgt=58.73
[WOBBLE_FIRE] team=2 losTgt=57.93
[WOBBLE_FIRE] team=2 losTgt=57.10
[WOBBLE_FIRE] team=2 losTgt=56.24
[WOBBLE_FIRE] team=2 losTgt=55.35
[WOBBLE_FIRE] team=2 losTgt=54.45
[WOBBLE_FIRE] team=2 losTgt=53.51
[WOBBLE_FIRE] team=2 losTgt=52.56
[WOBBLE_FIRE] team=2 losTgt=51.58
[WOBBLE_FIRE] team=2 losTgt=50.57
[WOBBLE_FIRE] team=2 losTgt=49.55
[WOBBLE_FIRE] team=2 losTgt=48.50
[WOBBLE_FIRE] team=2 losTgt=47.44
[WOBBLE_FIRE] team=2 losTgt=46.34
[WOBBLE_FIRE] team=2 losTgt=45.23
[ACTIVE] [RED] LeadPredict dist=715.348 dV=0.360107 thr=0.995679 om=0.241479 lt=3
[WOBBLE_FIRE] team=2 losTgt=47.01
[WOBBLE_FIRE] team=2 losTgt=49.11
[WOBBLE_FIRE] team=2 losTgt=51.10
[WOBBLE_FIRE] team=2 losTgt=53.00
[WOBBLE_FIRE] team=2 losTgt=54.81
[WOBBLE_FIRE] team=2 losTgt=56.58
[WOBBLE_FIRE] team=2 losTgt=58.33
[WOBBLE_FIRE] team=2 losTgt=60.13
[WOBBLE_FIRE] team=2 losTgt=62.07
[WOBBLE_FIRE] team=2 losTgt=64.16
[WOBBLE_FIRE] team=2 losTgt=66.36
[WOBBLE_FIRE] team=2 losTgt=68.48
[WOBBLE_FIRE] team=2 losTgt=70.31
[WOBBLE_FIRE] team=2 losTgt=71.65
[WOBBLE_FIRE] team=2 losTgt=72.41
[WOBBLE_FIRE] team=2 losTgt=72.60
[WOBBLE_FIRE] team=2 losTgt=72.40
[WOBBLE_FIRE] team=2 losTgt=72.05
[WOBBLE_FIRE] team=2 losTgt=71.65
[WOBBLE_FIRE] team=2 losTgt=71.26
[WOBBLE_FIRE] team=2 losTgt=70.90
[WOBBLE_FIRE] team=2 losTgt=70.57
[WOBBLE_FIRE] team=2 losTgt=70.26
[WOBBLE_FIRE] team=2 losTgt=69.96
[WOBBLE_FIRE] team=2 losTgt=69.66
[WOBBLE_FIRE] team=2 losTgt=69.35
[WOBBLE_FIRE] team=2 losTgt=69.01
[WOBBLE_FIRE] team=2 losTgt=68.64
[WOBBLE_FIRE] team=2 losTgt=68.25
[WOBBLE_FIRE] team=2 losTgt=67.83
[WOBBLE_FIRE] team=2 losTgt=67.37
[WOBBLE_FIRE] team=2 losTgt=66.88
[ACTIVE] [RED] LeadPredict dist=862.333 dV=-34.879 thr=1 om=1.28048 lt=3
[WOBBLE_FIRE] team=2 losTgt=66.37
[WOBBLE_FIRE] team=2 losTgt=65.82
[WOBBLE_FIRE] team=2 losTgt=65.25
[WOBBLE_FIRE] team=2 losTgt=64.65
[WOBBLE_FIRE] team=2 losTgt=64.03
[WOBBLE_FIRE] team=2 losTgt=63.39
[WOBBLE_FIRE] team=2 losTgt=62.71
[WOBBLE_FIRE] team=2 losTgt=62.01
[WOBBLE_FIRE] team=2 losTgt=61.28
[WOBBLE_FIRE] team=2 losTgt=60.53
[WOBBLE_FIRE] team=2 losTgt=59.75
[WOBBLE_FIRE] team=2 losTgt=58.95
[WOBBLE_FIRE] team=2 losTgt=58.12
[WOBBLE_FIRE] team=2 losTgt=57.27
[WOBBLE_FIRE] team=2 losTgt=56.40
[WOBBLE_FIRE] team=2 losTgt=55.51
[WOBBLE_FIRE] team=2 losTgt=54.59
[WOBBLE_FIRE] team=2 losTgt=53.66
[WOBBLE_FIRE] team=2 losTgt=52.70
[WOBBLE_FIRE] team=2 losTgt=51.73
[WOBBLE_FIRE] team=2 losTgt=50.74
[WOBBLE_FIRE] team=2 losTgt=49.73
[WOBBLE_FIRE] team=2 losTgt=48.70
[WOBBLE_FIRE] team=2 losTgt=47.66
[WOBBLE_FIRE] team=2 losTgt=46.60
[WOBBLE_FIRE] team=2 losTgt=45.52
[ACTIVE] [RED] LeadPredict dist=1109.79 dV=-13.4269 thr=1 om=1.2728 lt=3
[ACTIVE] [RED] LeadPredict dist=896.339 dV=36.2166 thr=0.888 om=0.768998 lt=3
[WOBBLE_FIRE] team=2 losTgt=45.03
[WOBBLE_FIRE] team=2 losTgt=45.07
[WOBBLE_FIRE] team=2 losTgt=45.09
[WOBBLE_FIRE] team=2 losTgt=45.09
[WOBBLE_FIRE] team=2 losTgt=45.08
[WOBBLE_FIRE] team=2 losTgt=45.04
[ACTIVE] [RED] LeadPredict dist=1116.89 dV=8.07671 thr=1 om=0.493164 lt=3
[ACTIVE] [RED] LeadPredict dist=1247 dV=-22.481 thr=1 om=1.42555 lt=3
[DUTY] team=1 ticks=16200 v27종말조준=4.45679% v21뱅크예측=78.1605% v17궤도조건=78.9938% v17슬롯적용=74.821% 상승클램프=0% 강하클램프=17.0247% v23b조건=38.142% v23b실제적용=37.821%
[ACTIVE] [RED] LeadPredict dist=1127.31 dV=-5.91606 thr=1 om=0.844788 lt=3
[ACTIVE] [RED] LeadPredict dist=1390.4 dV=-24.7446 thr=1 om=0.15648 lt=3
[ACTIVE] [RED] LeadPredict dist=1506.91 dV=-27.9855 thr=1 om=1.26991 lt=3
[ACTIVE] [RED] LeadPredict dist=1306.49 dV=0.771637 thr=1 om=0.197776 lt=3
[ACTIVE] [RED] LeadPredict dist=1672.84 dV=-12.5523 thr=0.815307 om=1.11381 lt=3
[ACTIVE] [RED] LeadPredict dist=1521.98 dV=14.6101 thr=1 om=1.0782 lt=3
[ACTIVE] [RED] LeadPredict dist=1354.24 dV=10.546 thr=1 om=0.00437434 lt=3
[ACTIVE] [RED] LeadPredict dist=1311 dV=7.40793 thr=1 om=1.3782 lt=3
[ACTIVE] [RED] LeadPredict dist=1204.24 dV=4.26984 thr=1 om=1.14599 lt=3
[ACTIVE] [RED] LeadPredict dist=1282.2 dV=-17.5424 thr=1 om=0.0654477 lt=3
[DUTY] team=1 ticks=16800 v27종말조준=4.29762% v21뱅크예측=78.2679% v17궤도조건=79.1012% v17슬롯적용=75.0774% 상승클램프=0% 강하클램프=16.9048% v23b조건=37.1429% v23b실제적용=36.8333%
[ACTIVE] [RED] LeadPredict dist=1359.59 dV=-6.32761 thr=1 om=1.23253 lt=3
[ACTIVE] [RED] LeadPredict dist=1310.89 dV=-5.65884 thr=0.72 om=1.11475 lt=3
[ACTIVE] [RED] LeadPredict dist=1387.76 dV=-20.2689 thr=1 om=0.00231244 lt=3
[ACTIVE] [RED] LeadPredict dist=1620.07 dV=-22.1209 thr=0.535624 om=1.53746 lt=3
[ACTIVE] [RED] LeadPredict dist=1321.68 dV=19.1886 thr=0.463255 om=0.486533 lt=3
[ACTIVE] [RED] LeadPredict dist=1325.57 dV=-8.79694 thr=1 om=0.0264714 lt=3
[ACTIVE] [RED] LeadPredict dist=1318.02 dV=10.9061 thr=1 om=1.69277 lt=3
[ACTIVE] [RED] LeadPredict dist=1212.43 dV=4.32132 thr=1 om=1.47445 lt=3
[ACTIVE] [RED] LeadPredict dist=1042.57 dV=12.1408 thr=1 om=1.52434 lt=2.96374
[ACTIVE] [RED] LeadPredict dist=1004.96 dV=19.5487 thr=0.72 om=1.37419 lt=2.73064
[DUTY] team=1 ticks=17400 v27종말조준=4.14943% v21뱅크예측=78.3678% v17궤도조건=79.2126% v17슬롯적용=75.3276% 상승클램프=0% 강하클램프=17.3103% v23b조건=37.0632% v23b실제적용=36.7644%
runner:local/env:0	num_steps=[11999] | total rewards=[686.0019] | termination= [max time out]
[seed 8] reward=   686.00 ownHP=1.0000 tgtHP=0.9866 max time out
total: 2
[ACTIVE] [RED] LeadPredict dist=3096.88 dV=0.360107 thr=1 om=0 lt=3
[WOBBLE_FIRE] team=2 losTgt=45.38
[WOBBLE_FIRE] team=2 losTgt=46.55
[WOBBLE_FIRE] team=2 losTgt=47.74
[WOBBLE_FIRE] team=2 losTgt=48.96
[WOBBLE_FIRE] team=2 losTgt=50.19
[WOBBLE_FIRE] team=2 losTgt=51.43
[WOBBLE_FIRE] team=2 losTgt=52.69
[WOBBLE_FIRE] team=2 losTgt=53.97
[WOBBLE_FIRE] team=2 losTgt=55.27
[WOBBLE_FIRE] team=2 losTgt=56.58
[WOBBLE_FIRE] team=2 losTgt=57.90
[WOBBLE_FIRE] team=2 losTgt=59.23
[WOBBLE_FIRE] team=2 losTgt=60.58
[WOBBLE_FIRE] team=2 losTgt=61.94
[WOBBLE_FIRE] team=2 losTgt=63.29
[WOBBLE_FIRE] team=2 losTgt=64.65
[WOBBLE_FIRE] team=2 losTgt=66.00
[WOBBLE_FIRE] team=2 losTgt=67.35
[WOBBLE_FIRE] team=2 losTgt=68.70
[WOBBLE_FIRE] team=2 losTgt=70.03
[WOBBLE_FIRE] team=2 losTgt=71.35
[WOBBLE_FIRE] team=2 losTgt=72.64
[WOBBLE_FIRE] team=2 losTgt=73.93
[WOBBLE_FIRE] team=2 losTgt=75.18
[ACTIVE] [RED] LeadPredict dist=1553.85 dV=6.84204 thr=0.767816 om=0.859068 lt=3
[WOBBLE_FIRE] team=2 losTgt=76.42
[WOBBLE_FIRE] team=2 losTgt=77.62
[WOBBLE_FIRE] team=2 losTgt=78.80
[WOBBLE_FIRE] team=2 losTgt=79.95
[WOBBLE_FIRE] team=2 losTgt=81.07
[WOBBLE_FIRE] team=2 losTgt=82.15
[WOBBLE_FIRE] team=2 losTgt=83.19
[WOBBLE_FIRE] team=2 losTgt=84.20
[WOBBLE_FIRE] team=2 losTgt=85.17
[WOBBLE_FIRE] team=2 losTgt=86.11
[WOBBLE_FIRE] team=2 losTgt=87.00
[WOBBLE_FIRE] team=2 losTgt=87.86
[WOBBLE_FIRE] team=2 losTgt=88.68
[WOBBLE_FIRE] team=2 losTgt=89.46
[WOBBLE_FIRE] team=2 losTgt=90.20
[WOBBLE_FIRE] team=2 losTgt=90.91
[WOBBLE_FIRE] team=2 losTgt=91.58
[WOBBLE_FIRE] team=2 losTgt=92.21
[WOBBLE_FIRE] team=2 losTgt=92.80
[WOBBLE_FIRE] team=2 losTgt=93.36
[WOBBLE_FIRE] team=2 losTgt=93.87
[WOBBLE_FIRE] team=2 losTgt=94.35
[WOBBLE_FIRE] team=2 losTgt=94.80
[WOBBLE_FIRE] team=2 losTgt=95.20
[WOBBLE_FIRE] team=2 losTgt=95.56
[WOBBLE_FIRE] team=2 losTgt=95.89
[WOBBLE_FIRE] team=2 losTgt=96.18
[WOBBLE_FIRE] team=2 losTgt=96.42
[WOBBLE_FIRE] team=2 losTgt=96.63
[WOBBLE_FIRE] team=2 losTgt=96.80
[WOBBLE_FIRE] team=2 losTgt=96.93
[WOBBLE_FIRE] team=2 losTgt=97.02
[WOBBLE_FIRE] team=2 losTgt=97.08
[WOBBLE_FIRE] team=2 losTgt=97.09
[WOBBLE_FIRE] team=2 losTgt=97.07
[WOBBLE_FIRE] team=2 losTgt=97.01
[WOBBLE_FIRE] team=2 losTgt=96.92
[WOBBLE_FIRE] team=2 losTgt=96.81
[WOBBLE_FIRE] team=2 losTgt=96.65
[WOBBLE_FIRE] team=2 losTgt=96.47
[WOBBLE_FIRE] team=2 losTgt=96.26
[WOBBLE_FIRE] team=2 losTgt=96.03
[WOBBLE_FIRE] team=2 losTgt=95.76
[WOBBLE_FIRE] team=2 losTgt=95.47
[WOBBLE_FIRE] team=2 losTgt=95.15
[WOBBLE_FIRE] team=2 losTgt=94.81
[WOBBLE_FIRE] team=2 losTgt=94.44
[WOBBLE_FIRE] team=2 losTgt=94.05
[WOBBLE_FIRE] team=2 losTgt=93.63
[WOBBLE_FIRE] team=2 losTgt=93.19
[WOBBLE_FIRE] team=2 losTgt=92.74
[WOBBLE_FIRE] team=2 losTgt=92.26
[WOBBLE_FIRE] team=2 losTgt=91.76
[WOBBLE_FIRE] team=2 losTgt=91.24
[WOBBLE_FIRE] team=2 losTgt=90.71
[WOBBLE_FIRE] team=2 losTgt=90.15
[WOBBLE_FIRE] team=2 losTgt=89.58
[WOBBLE_FIRE] team=2 losTgt=88.99
[WOBBLE_FIRE] team=2 losTgt=88.39
[WOBBLE_FIRE] team=2 losTgt=87.77
[ACTIVE] [RED] LeadPredict dist=3413.09 dV=40.898 thr=1 om=1.13651 lt=3
[WOBBLE_FIRE] team=2 losTgt=87.13
[WOBBLE_FIRE] team=2 losTgt=86.48
[WOBBLE_FIRE] team=2 losTgt=85.82
[WOBBLE_FIRE] team=2 losTgt=85.15
[WOBBLE_FIRE] team=2 losTgt=84.46
[WOBBLE_FIRE] team=2 losTgt=83.76
[WOBBLE_FIRE] team=2 losTgt=83.04
[WOBBLE_FIRE] team=2 losTgt=82.32
[WOBBLE_FIRE] team=2 losTgt=81.58
[WOBBLE_FIRE] team=2 losTgt=80.84
[WOBBLE_FIRE] team=2 losTgt=80.08
[WOBBLE_FIRE] team=2 losTgt=79.31
[WOBBLE_FIRE] team=2 losTgt=78.53
[WOBBLE_FIRE] team=2 losTgt=77.74
[WOBBLE_FIRE] team=2 losTgt=76.94
[WOBBLE_FIRE] team=2 losTgt=76.14
[WOBBLE_FIRE] team=2 losTgt=75.32
[WOBBLE_FIRE] team=2 losTgt=74.49
[WOBBLE_FIRE] team=2 losTgt=73.66
[WOBBLE_FIRE] team=2 losTgt=72.81
[WOBBLE_FIRE] team=2 losTgt=71.95
[WOBBLE_FIRE] team=2 losTgt=71.09
[WOBBLE_FIRE] team=2 losTgt=70.22
[WOBBLE_FIRE] team=2 losTgt=69.33
[WOBBLE_FIRE] team=2 losTgt=68.44
[WOBBLE_FIRE] team=2 losTgt=67.54
[WOBBLE_FIRE] team=2 losTgt=66.63
[WOBBLE_FIRE] team=2 losTgt=65.71
[WOBBLE_FIRE] team=2 losTgt=64.79
[WOBBLE_FIRE] team=2 losTgt=63.85
[WOBBLE_FIRE] team=2 losTgt=62.91
[WOBBLE_FIRE] team=2 losTgt=61.95
[WOBBLE_FIRE] team=2 losTgt=60.99
[WOBBLE_FIRE] team=2 losTgt=60.02
[WOBBLE_FIRE] team=2 losTgt=59.04
[WOBBLE_FIRE] team=2 losTgt=58.06
[WOBBLE_FIRE] team=2 losTgt=57.06
[WOBBLE_FIRE] team=2 losTgt=56.06
[WOBBLE_FIRE] team=2 losTgt=55.04
[WOBBLE_FIRE] team=2 losTgt=54.02
[WOBBLE_FIRE] team=2 losTgt=52.99
[WOBBLE_FIRE] team=2 losTgt=51.96
[WOBBLE_FIRE] team=2 losTgt=50.91
[WOBBLE_FIRE] team=2 losTgt=49.85
[WOBBLE_FIRE] team=2 losTgt=48.79
[WOBBLE_FIRE] team=2 losTgt=47.72
[WOBBLE_FIRE] team=2 losTgt=46.64
[WOBBLE_FIRE] team=2 losTgt=45.55
[ACTIVE] [RED] LeadPredict dist=3479.9 dV=23.0469 thr=1 om=0.282829 lt=3
[ACTIVE] [RED] LeadPredict dist=1943.74 dV=7.20215 thr=0.92 om=1.20461 lt=3
[ACTIVE] [RED] LeadPredict dist=1795.76 dV=-29.3231 thr=1 om=0.0165017 lt=3
[ACTIVE] [RED] LeadPredict dist=1985.23 dV=-32.9756 thr=1 om=0.00299883 lt=3
[ACTIVE] [RED] LeadPredict dist=1914.73 dV=-7.97382 thr=1 om=1.42706 lt=3
[ACTIVE] [RED] LeadPredict dist=1676.18 dV=-18.7256 thr=1 om=1.34417 lt=3
[ACTIVE] [RED] LeadPredict dist=1714.19 dV=-13.1182 thr=1 om=0.605527 lt=3
[DUTY] team=1 ticks=18000 v27종말조준=4.01111% v21뱅크예측=77.9611% v17궤도조건=78.4611% v17슬롯적용=74.6444% 상승클램프=0% 강하클램프=17.3056% v23b조건=36.9333% v23b실제적용=36.6444%
[ACTIVE] [RED] LeadPredict dist=1594.76 dV=11.6263 thr=1 om=1.59659 lt=3
[ACTIVE] [RED] ClimbOut Z=2286.81
[ACTIVE] [RED] LeadPredict dist=1171.94 dV=28.8601 thr=0.573885 om=1.47999 lt=3
[ACTIVE] [RED] LeadPredict dist=1100.48 dV=-16.9251 thr=0.850773 om=1.52655 lt=3
[ACTIVE] [RED] LeadPredict dist=1049.65 dV=13.0154 thr=0.701788 om=1.3161 lt=3
[ACTIVE] [RED] LeadPredict dist=1018.25 dV=-3.90976 thr=1 om=0.174709 lt=3
[ACTIVE] [RED] LeadPredict dist=1010.62 dV=5.45306 thr=1 om=1.16718 lt=2.98105
[ACTIVE] [RED] LeadPredict dist=877.647 dV=18.3141 thr=0.695666 om=1.35467 lt=2.64664
[ACTIVE] [RED] LeadPredict dist=904.396 dV=-3.241 thr=1 om=0.0734402 lt=0
[ACTIVE] [RED] LeadPredict dist=916.678 dV=1.74908 thr=1 om=0.919464 lt=2.81411
[ACTIVE] [RED] LeadPredict dist=1028.59 dV=-4.32129 thr=0.739612 om=1.28117 lt=3
[DUTY] team=1 ticks=18600 v27종말조준=4.23118% v21뱅크예측=78.4731% v17궤도조건=79.0108% v17슬롯적용=75.3172% 상승클램프=0% 강하클램프=16.7473% v23b조건=37.1452% v23b실제적용=36.8656%
[ACTIVE] [RED] LeadPredict dist=1344.74 dV=-23.3556 thr=0.825286 om=0.299565 lt=3
[ACTIVE] [RED] LeadPredict dist=1339.85 dV=5.45306 thr=0.804874 om=1.26074 lt=3
[ACTIVE] [RED] LeadPredict dist=1113.97 dV=13.8899 thr=0.654344 om=1.14356 lt=3
[ACTIVE] [RED] LeadPredict dist=1129.8 dV=-7.66516 thr=1 om=0.0120369 lt=3
[ACTIVE] [RED] LeadPredict dist=1143.91 dV=2.05774 thr=1 om=1.08627 lt=3
[ACTIVE] [RED] LeadPredict dist=978.62 dV=13.1696 thr=0.564046 om=1.38298 lt=2.69907
[ACTIVE] [RED] LeadPredict dist=991.736 dV=0.565887 thr=1 om=0.177103 lt=2.82917
[ACTIVE] [RED] LeadPredict dist=967.796 dV=2.67508 thr=1 om=0.337009 lt=2.67452
[ACTIVE] [RED] LeadPredict dist=918.795 dV=6.94495 thr=0.604713 om=1.36001 lt=2.60276
[ACTIVE] [RED] LeadPredict dist=962.784 dV=-9.7229 thr=1 om=0.0732096 lt=2.82408
[DUTY] team=1 ticks=19200 v27종말조준=4.09896% v21뱅크예측=78.4062% v17궤도조건=79.2604% v17슬롯적용=75.6823% 상승클램프=0% 강하클램프=16.3073% v23b조건=37.1875% v23b실제적용=36.9167%
[ACTIVE] [RED] LeadPredict dist=975.365 dV=5.55594 thr=1 om=0.57175 lt=2.67529
[ACTIVE] [RED] LeadPredict dist=951.379 dV=10.4946 thr=0.639913 om=1.45527 lt=2.75981
[ACTIVE] [RED] LeadPredict dist=1063.79 dV=-3.6525 thr=1 om=0.313967 lt=3
runner:local/env:0	num_steps=[11999] | total rewards=[1188.1651] | termination= [max time out]
[seed 9] reward=  1188.17 ownHP=1.0000 tgtHP=0.4902 max time out
total: 2
[ACTIVE] [RED] LeadPredict dist=1426.82 dV=0.102905 thr=0.92 om=0 lt=3
[WOBBLE_FIRE] team=2 losTgt=46.19
[WOBBLE_FIRE] team=2 losTgt=49.44
[WOBBLE_FIRE] team=2 losTgt=52.97
[WOBBLE_FIRE] team=2 losTgt=56.67
[WOBBLE_FIRE] team=2 losTgt=60.49
[WOBBLE_FIRE] team=2 losTgt=64.35
[WOBBLE_FIRE] team=2 losTgt=68.18
[WOBBLE_FIRE] team=2 losTgt=71.90
[WOBBLE_FIRE] team=2 losTgt=75.44
[WOBBLE_FIRE] team=2 losTgt=78.77
[WOBBLE_FIRE] team=2 losTgt=81.88
[WOBBLE_FIRE] team=2 losTgt=84.80
[WOBBLE_FIRE] team=2 losTgt=87.51
[WOBBLE_FIRE] team=2 losTgt=90.00
[WOBBLE_FIRE] team=2 losTgt=92.32
[WOBBLE_FIRE] team=2 losTgt=94.43
[WOBBLE_FIRE] team=2 losTgt=96.37
[WOBBLE_FIRE] team=2 losTgt=98.12
[WOBBLE_FIRE] team=2 losTgt=99.70
[WOBBLE_FIRE] team=2 losTgt=101.13
[WOBBLE_FIRE] team=2 losTgt=102.41
[WOBBLE_FIRE] team=2 losTgt=103.55
[WOBBLE_FIRE] team=2 losTgt=104.58
[WOBBLE_FIRE] team=2 losTgt=105.48
[WOBBLE_FIRE] team=2 losTgt=106.25
[WOBBLE_FIRE] team=2 losTgt=106.90
[WOBBLE_FIRE] team=2 losTgt=107.45
[WOBBLE_FIRE] team=2 losTgt=107.89
[WOBBLE_FIRE] team=2 losTgt=108.24
[WOBBLE_FIRE] team=2 losTgt=108.52
[WOBBLE_FIRE] team=2 losTgt=108.71
[WOBBLE_FIRE] team=2 losTgt=108.85
[WOBBLE_FIRE] team=2 losTgt=108.92
[WOBBLE_FIRE] team=2 losTgt=108.94
[WOBBLE_FIRE] team=2 losTgt=108.91
[WOBBLE_FIRE] team=2 losTgt=108.83
[WOBBLE_FIRE] team=2 losTgt=108.70
[WOBBLE_FIRE] team=2 losTgt=108.54
[WOBBLE_FIRE] team=2 losTgt=108.34
[WOBBLE_FIRE] team=2 losTgt=108.11
[WOBBLE_FIRE] team=2 losTgt=107.85
[ACTIVE] [RED] LeadPredict dist=1966.8 dV=8.1796 thr=0.784214 om=1.24674 lt=3
[WOBBLE_FIRE] team=2 losTgt=107.56
[WOBBLE_FIRE] team=2 losTgt=107.24
[WOBBLE_FIRE] team=2 losTgt=106.91
[WOBBLE_FIRE] team=2 losTgt=106.55
[WOBBLE_FIRE] team=2 losTgt=106.16
[WOBBLE_FIRE] team=2 losTgt=105.77
[WOBBLE_FIRE] team=2 losTgt=105.35
[WOBBLE_FIRE] team=2 losTgt=104.92
[WOBBLE_FIRE] team=2 losTgt=104.46
[WOBBLE_FIRE] team=2 losTgt=103.98
[WOBBLE_FIRE] team=2 losTgt=103.47
[WOBBLE_FIRE] team=2 losTgt=102.96
[WOBBLE_FIRE] team=2 losTgt=102.42
[WOBBLE_FIRE] team=2 losTgt=101.87
[WOBBLE_FIRE] team=2 losTgt=101.30
[WOBBLE_FIRE] team=2 losTgt=100.73
[WOBBLE_FIRE] team=2 losTgt=100.14
[WOBBLE_FIRE] team=2 losTgt=99.54
[WOBBLE_FIRE] team=2 losTgt=98.93
[WOBBLE_FIRE] team=2 losTgt=98.30
[WOBBLE_FIRE] team=2 losTgt=97.67
[WOBBLE_FIRE] team=2 losTgt=97.02
[WOBBLE_FIRE] team=2 losTgt=96.36
[WOBBLE_FIRE] team=2 losTgt=95.70
[WOBBLE_FIRE] team=2 losTgt=95.02
[WOBBLE_FIRE] team=2 losTgt=94.33
[WOBBLE_FIRE] team=2 losTgt=93.63
[WOBBLE_FIRE] team=2 losTgt=92.92
[WOBBLE_FIRE] team=2 losTgt=92.21
[WOBBLE_FIRE] team=2 losTgt=91.48
[WOBBLE_FIRE] team=2 losTgt=90.75
[WOBBLE_FIRE] team=2 losTgt=90.01
[WOBBLE_FIRE] team=2 losTgt=89.26
[WOBBLE_FIRE] team=2 losTgt=88.50
[WOBBLE_FIRE] team=2 losTgt=87.74
[WOBBLE_FIRE] team=2 losTgt=86.97
[WOBBLE_FIRE] team=2 losTgt=86.19
[WOBBLE_FIRE] team=2 losTgt=85.41
[WOBBLE_FIRE] team=2 losTgt=84.62
[WOBBLE_FIRE] team=2 losTgt=83.82
[WOBBLE_FIRE] team=2 losTgt=83.02
[WOBBLE_FIRE] team=2 losTgt=82.21
[WOBBLE_FIRE] team=2 losTgt=81.40
[WOBBLE_FIRE] team=2 losTgt=80.58
[WOBBLE_FIRE] team=2 losTgt=79.76
[WOBBLE_FIRE] team=2 losTgt=78.93
[WOBBLE_FIRE] team=2 losTgt=78.09
[WOBBLE_FIRE] team=2 losTgt=77.25
[WOBBLE_FIRE] team=2 losTgt=76.40
[WOBBLE_FIRE] team=2 losTgt=75.55
[WOBBLE_FIRE] team=2 losTgt=74.69
[WOBBLE_FIRE] team=2 losTgt=73.83
[WOBBLE_FIRE] team=2 losTgt=72.97
[WOBBLE_FIRE] team=2 losTgt=72.10
[WOBBLE_FIRE] team=2 losTgt=71.22
[WOBBLE_FIRE] team=2 losTgt=70.34
[WOBBLE_FIRE] team=2 losTgt=69.45
[WOBBLE_FIRE] team=2 losTgt=68.56
[WOBBLE_FIRE] team=2 losTgt=67.67
[WOBBLE_FIRE] team=2 losTgt=66.77
[ACTIVE] [RED] LeadPredict dist=3156.58 dV=20.0632 thr=1 om=1.04252 lt=3
[WOBBLE_FIRE] team=2 losTgt=65.87
[WOBBLE_FIRE] team=2 losTgt=64.96
[WOBBLE_FIRE] team=2 losTgt=64.05
[WOBBLE_FIRE] team=2 losTgt=63.13
[WOBBLE_FIRE] team=2 losTgt=62.21
[WOBBLE_FIRE] team=2 losTgt=61.28
[WOBBLE_FIRE] team=2 losTgt=60.35
[WOBBLE_FIRE] team=2 losTgt=59.41
[WOBBLE_FIRE] team=2 losTgt=58.48
[WOBBLE_FIRE] team=2 losTgt=57.53
[WOBBLE_FIRE] team=2 losTgt=56.58
[WOBBLE_FIRE] team=2 losTgt=55.63
[WOBBLE_FIRE] team=2 losTgt=54.68
[WOBBLE_FIRE] team=2 losTgt=53.72
[WOBBLE_FIRE] team=2 losTgt=52.75
[WOBBLE_FIRE] team=2 losTgt=51.78
[WOBBLE_FIRE] team=2 losTgt=50.81
[WOBBLE_FIRE] team=2 losTgt=49.83
[WOBBLE_FIRE] team=2 losTgt=48.85
[WOBBLE_FIRE] team=2 losTgt=47.87
[WOBBLE_FIRE] team=2 losTgt=46.88
[WOBBLE_FIRE] team=2 losTgt=45.88
[ACTIVE] [RED] LeadPredict dist=1417.17 dV=-27.4711 thr=0.963354 om=1.3268 lt=3
[WOBBLE_FIRE] team=2 losTgt=45.67
[WOBBLE_FIRE] team=2 losTgt=47.27
[WOBBLE_FIRE] team=2 losTgt=48.79
[WOBBLE_FIRE] team=2 losTgt=50.23
[WOBBLE_FIRE] team=2 losTgt=51.55
[WOBBLE_FIRE] team=2 losTgt=52.74
[WOBBLE_FIRE] team=2 losTgt=53.80
[WOBBLE_FIRE] team=2 losTgt=54.74
[WOBBLE_FIRE] team=2 losTgt=55.54
[WOBBLE_FIRE] team=2 losTgt=56.23
[WOBBLE_FIRE] team=2 losTgt=56.79
[WOBBLE_FIRE] team=2 losTgt=57.24
[WOBBLE_FIRE] team=2 losTgt=57.57
[WOBBLE_FIRE] team=2 losTgt=57.81
[WOBBLE_FIRE] team=2 losTgt=57.93
[WOBBLE_FIRE] team=2 losTgt=57.97
[WOBBLE_FIRE] team=2 losTgt=57.91
[WOBBLE_FIRE] team=2 losTgt=57.77
[WOBBLE_FIRE] team=2 losTgt=57.55
[WOBBLE_FIRE] team=2 losTgt=57.25
[WOBBLE_FIRE] team=2 losTgt=56.89
[WOBBLE_FIRE] team=2 losTgt=56.45
[WOBBLE_FIRE] team=2 losTgt=55.95
[WOBBLE_FIRE] team=2 losTgt=55.39
[WOBBLE_FIRE] team=2 losTgt=54.77
[WOBBLE_FIRE] team=2 losTgt=54.10
[WOBBLE_FIRE] team=2 losTgt=53.37
[WOBBLE_FIRE] team=2 losTgt=52.59
[WOBBLE_FIRE] team=2 losTgt=51.77
[WOBBLE_FIRE] team=2 losTgt=50.90
[WOBBLE_FIRE] team=2 losTgt=49.99
[WOBBLE_FIRE] team=2 losTgt=49.03
[WOBBLE_FIRE] team=2 losTgt=48.04
[WOBBLE_FIRE] team=2 losTgt=46.99
[WOBBLE_FIRE] team=2 losTgt=45.92
[ACTIVE] [RED] LeadPredict dist=1586.11 dV=-30.0433 thr=0.675114 om=1.29106 lt=3
[ACTIVE] [RED] LeadPredict dist=1421.78 dV=-27.2653 thr=0.625702 om=1.4853 lt=3
[WOBBLE_FIRE] team=2 losTgt=46.27
[WOBBLE_FIRE] team=2 losTgt=48.62
[WOBBLE_FIRE] team=2 losTgt=50.94
[WOBBLE_FIRE] team=2 losTgt=53.33
[WOBBLE_FIRE] team=2 losTgt=55.73
[WOBBLE_FIRE] team=2 losTgt=58.12
[WOBBLE_FIRE] team=2 losTgt=60.48
[WOBBLE_FIRE] team=2 losTgt=62.81
[WOBBLE_FIRE] team=2 losTgt=64.35
[WOBBLE_FIRE] team=2 losTgt=64.95
[WOBBLE_FIRE] team=2 losTgt=66.95
[WOBBLE_FIRE] team=2 losTgt=69.27
[WOBBLE_FIRE] team=2 losTgt=70.46
[WOBBLE_FIRE] team=2 losTgt=71.18
[WOBBLE_FIRE] team=2 losTgt=72.74
[WOBBLE_FIRE] team=2 losTgt=73.53
[WOBBLE_FIRE] team=2 losTgt=74.66
[WOBBLE_FIRE] team=2 losTgt=75.60
[WOBBLE_FIRE] team=2 losTgt=76.72
[WOBBLE_FIRE] team=2 losTgt=77.72
[WOBBLE_FIRE] team=2 losTgt=77.96
[WOBBLE_FIRE] team=2 losTgt=78.78
[WOBBLE_FIRE] team=2 losTgt=80.46
[WOBBLE_FIRE] team=2 losTgt=82.07
[WOBBLE_FIRE] team=2 losTgt=81.60
[WOBBLE_FIRE] team=2 losTgt=81.24
[WOBBLE_FIRE] team=2 losTgt=82.73
[WOBBLE_FIRE] team=2 losTgt=85.14
[WOBBLE_FIRE] team=2 losTgt=85.14
[WOBBLE_FIRE] team=2 losTgt=82.10
[WOBBLE_FIRE] team=2 losTgt=81.47
[WOBBLE_FIRE] team=2 losTgt=84.41
[ACTIVE] [RED] ClimbOut Z=2294.9
[WOBBLE_FIRE] team=2 losTgt=85.81
[WOBBLE_FIRE] team=2 losTgt=83.39
[WOBBLE_FIRE] team=2 losTgt=81.98
[WOBBLE_FIRE] team=2 losTgt=82.51
[WOBBLE_FIRE] team=2 losTgt=80.65
[WOBBLE_FIRE] team=2 losTgt=79.69
[WOBBLE_FIRE] team=2 losTgt=78.72
[WOBBLE_FIRE] team=2 losTgt=77.83
[WOBBLE_FIRE] team=2 losTgt=78.09
[WOBBLE_FIRE] team=2 losTgt=80.94
[WOBBLE_FIRE] team=2 losTgt=81.93
[WOBBLE_FIRE] team=2 losTgt=83.05
[WOBBLE_FIRE] team=2 losTgt=83.29
[WOBBLE_FIRE] team=2 losTgt=83.28
[WOBBLE_FIRE] team=2 losTgt=83.08
[WOBBLE_FIRE] team=2 losTgt=82.95
[WOBBLE_FIRE] team=2 losTgt=83.24
[WOBBLE_FIRE] team=2 losTgt=84.07
[WOBBLE_FIRE] team=2 losTgt=84.18
[WOBBLE_FIRE] team=2 losTgt=83.75
[WOBBLE_FIRE] team=2 losTgt=82.77
[WOBBLE_FIRE] team=2 losTgt=81.17
[WOBBLE_FIRE] team=2 losTgt=79.82
[WOBBLE_FIRE] team=2 losTgt=78.65
[WOBBLE_FIRE] team=2 losTgt=77.58
[WOBBLE_FIRE] team=2 losTgt=76.60
[WOBBLE_FIRE] team=2 losTgt=75.70
[WOBBLE_FIRE] team=2 losTgt=74.85
[WOBBLE_FIRE] team=2 losTgt=74.05
[WOBBLE_FIRE] team=2 losTgt=73.28
[WOBBLE_FIRE] team=2 losTgt=72.51
[WOBBLE_FIRE] team=2 losTgt=71.77
[WOBBLE_FIRE] team=2 losTgt=71.05
[WOBBLE_FIRE] team=2 losTgt=70.34
[WOBBLE_FIRE] team=2 losTgt=69.64
[WOBBLE_FIRE] team=2 losTgt=68.95
[WOBBLE_FIRE] team=2 losTgt=68.27
[WOBBLE_FIRE] team=2 losTgt=67.58
[WOBBLE_FIRE] team=2 losTgt=66.88
[WOBBLE_FIRE] team=2 losTgt=66.17
[WOBBLE_FIRE] team=2 losTgt=65.45
[WOBBLE_FIRE] team=2 losTgt=64.73
[WOBBLE_FIRE] team=2 losTgt=64.00
[WOBBLE_FIRE] team=2 losTgt=63.27
[WOBBLE_FIRE] team=2 losTgt=62.53
[WOBBLE_FIRE] team=2 losTgt=61.79
[WOBBLE_FIRE] team=2 losTgt=61.04
[ACTIVE] [RED] LeadPredict dist=2429.29 dV=37.0397 thr=0.635541 om=1.71261 lt=3
[DUTY] team=1 ticks=19800 v27종말조준=3.97475% v21뱅크예측=78.798% v17궤도조건=79.3788% v17슬롯적용=75.7222% 상승클램프=0% 강하클램프=16.0657% v23b조건=37.7475% v23b실제적용=37.4848%
[WOBBLE_FIRE] team=2 losTgt=60.28
[WOBBLE_FIRE] team=2 losTgt=59.52
[WOBBLE_FIRE] team=2 losTgt=58.76
[WOBBLE_FIRE] team=2 losTgt=57.98
[WOBBLE_FIRE] team=2 losTgt=57.21
[WOBBLE_FIRE] team=2 losTgt=56.43
[WOBBLE_FIRE] team=2 losTgt=55.64
[WOBBLE_FIRE] team=2 losTgt=54.85
[WOBBLE_FIRE] team=2 losTgt=54.06
[WOBBLE_FIRE] team=2 losTgt=53.26
[WOBBLE_FIRE] team=2 losTgt=52.45
[WOBBLE_FIRE] team=2 losTgt=51.65
[WOBBLE_FIRE] team=2 losTgt=50.83
[WOBBLE_FIRE] team=2 losTgt=50.02
[WOBBLE_FIRE] team=2 losTgt=49.19
[WOBBLE_FIRE] team=2 losTgt=48.37
[WOBBLE_FIRE] team=2 losTgt=47.54
[WOBBLE_FIRE] team=2 losTgt=46.71
[WOBBLE_FIRE] team=2 losTgt=45.87
[WOBBLE_FIRE] team=2 losTgt=45.03
[ACTIVE] [RED] LeadPredict dist=1532.98 dV=5.7103 thr=0.767597 om=1.27452 lt=3
[ACTIVE] [RED] LeadPredict dist=1206.51 dV=-34.2103 thr=1 om=0.38274 lt=3
[ACTIVE] [RED] LeadPredict dist=1069 dV=36.1137 thr=0.8 om=3.21061 lt=3
[ACTIVE] [RED] LeadPredict dist=857.644 dV=33.4386 thr=0.72 om=1.87758 lt=2.92892
[ACTIVE] [RED] LeadPredict dist=965.546 dV=-8.79692 thr=1 om=0.0621856 lt=3
[ACTIVE] [RED] LeadPredict dist=1066.47 dV=-2.2121 thr=1 om=0.00740757 lt=3
[ACTIVE] [RED] LeadPredict dist=1050.15 dV=3.08664 thr=1 om=1.51082 lt=3
[ACTIVE] [RED] LeadPredict dist=965.385 dV=-1.64621 thr=0.797113 om=0.513067 lt=3
[ACTIVE] [RED] LeadPredict dist=1055.03 dV=-6.94495 thr=1 om=0.375394 lt=3
[ACTIVE] [RED] LeadPredict dist=1013.35 dV=13.0154 thr=1 om=1.38443 lt=2.84819
[DUTY] team=1 ticks=20400 v27종말조준=3.87745% v21뱅크예측=78.3725% v17궤도조건=79.3235% v17슬롯적용=75.7745% 상승클램프=0% 강하클램프=15.8088% v23b조건=37.652% v23b실제적용=37.348%
[ACTIVE] [RED] LeadPredict dist=988.451 dV=7.71661 thr=0.714031 om=1.31425 lt=3
[ACTIVE] [RED] LeadPredict dist=1056.28 dV=-6.79062 thr=1 om=0.0896131 lt=3
[ACTIVE] [RED] LeadPredict dist=1049.08 dV=12.7067 thr=1 om=1.23365 lt=3
[ACTIVE] [RED] LeadPredict dist=938.11 dV=8.48828 thr=0.719497 om=1.15562 lt=2.87763
[ACTIVE] [RED] LeadPredict dist=1056.71 dV=-11.2662 thr=1 om=0.0221772 lt=3
[ACTIVE] [RED] LeadPredict dist=1073.25 dV=2.4693 thr=1 om=1.28358 lt=3
[ACTIVE] [RED] LeadPredict dist=985.97 dV=8.2825 thr=0.724089 om=1.18619 lt=3
[ACTIVE] [RED] LeadPredict dist=1024.62 dV=-6.73917 thr=1 om=0.0174943 lt=3
[ACTIVE] [RED] LeadPredict dist=1040.48 dV=6.89349 thr=1 om=1.3631 lt=3
[ACTIVE] [RED] LeadPredict dist=990.928 dV=-6.89349 thr=0.718404 om=1.24562 lt=3
[DUTY] team=1 ticks=21000 v27종말조준=3.76667% v21뱅크예측=78.319% v17궤도조건=79.2905% v17슬롯적용=75.8429% 상승클램프=0% 강하클램프=15.3571% v23b조건=37.9% v23b실제적용=37.6048%
[ACTIVE] [RED] LeadPredict dist=1179.88 dV=-16.7708 thr=0.843745 om=0.0346757 lt=3
[ACTIVE] [RED] LeadPredict dist=1174.75 dV=13.2211 thr=0.817268 om=1.51308 lt=3
[ACTIVE] [RED] LeadPredict dist=1007.82 dV=-0.565887 thr=0.682766 om=0.37713 lt=3
[ACTIVE] [RED] LeadPredict dist=1060.54 dV=-5.55594 thr=1 om=0.00784479 lt=3
[ACTIVE] [RED] LeadPredict dist=1043.17 dV=12.7067 thr=1 om=1.54721 lt=2.83129
[ACTIVE] [RED] LeadPredict dist=924.688 dV=4.57852 thr=0.615645 om=0.651848 lt=2.63868
runner:local/env:0	num_steps=[11999] | total rewards=[1084.7135] | termination= [max time out]
[seed 10] reward=  1084.71 ownHP=1.0000 tgtHP=0.7779 max time out
total: 2
[WOBBLE_FIRE] team=2 losTgt=150.27
[WOBBLE_FIRE] team=2 losTgt=149.63
[WOBBLE_FIRE] team=2 losTgt=147.42
[WOBBLE_FIRE] team=2 losTgt=144.92
[WOBBLE_FIRE] team=2 losTgt=142.72
[WOBBLE_FIRE] team=2 losTgt=140.79
[WOBBLE_FIRE] team=2 losTgt=139.14
[WOBBLE_FIRE] team=2 losTgt=137.68
[WOBBLE_FIRE] team=2 losTgt=136.33
[WOBBLE_FIRE] team=2 losTgt=135.03
[WOBBLE_FIRE] team=2 losTgt=133.76
[WOBBLE_FIRE] team=2 losTgt=132.53
[WOBBLE_FIRE] team=2 losTgt=131.33
[WOBBLE_FIRE] team=2 losTgt=130.18
[WOBBLE_FIRE] team=2 losTgt=129.07
[WOBBLE_FIRE] team=2 losTgt=128.00
[WOBBLE_FIRE] team=2 losTgt=126.93
[WOBBLE_FIRE] team=2 losTgt=125.86
[WOBBLE_FIRE] team=2 losTgt=124.81
[WOBBLE_FIRE] team=2 losTgt=123.79
[WOBBLE_FIRE] team=2 losTgt=122.79
[WOBBLE_FIRE] team=2 losTgt=121.82
[WOBBLE_FIRE] team=2 losTgt=120.87
[WOBBLE_FIRE] team=2 losTgt=119.95
[WOBBLE_FIRE] team=2 losTgt=119.05
[WOBBLE_FIRE] team=2 losTgt=118.17
[WOBBLE_FIRE] team=2 losTgt=117.30
[WOBBLE_FIRE] team=2 losTgt=116.44
[WOBBLE_FIRE] team=2 losTgt=115.58
[WOBBLE_FIRE] team=2 losTgt=114.74
[WOBBLE_FIRE] team=2 losTgt=113.92
[WOBBLE_FIRE] team=2 losTgt=113.11
[ACTIVE] [RED] LeadPredict dist=2313.08 dV=-4.83572 thr=0.842371 om=0.773502 lt=3
[WOBBLE_FIRE] team=2 losTgt=112.32
[WOBBLE_FIRE] team=2 losTgt=111.54
[WOBBLE_FIRE] team=2 losTgt=110.77
[WOBBLE_FIRE] team=2 losTgt=110.00
[WOBBLE_FIRE] team=2 losTgt=109.23
[WOBBLE_FIRE] team=2 losTgt=108.46
[WOBBLE_FIRE] team=2 losTgt=107.69
[WOBBLE_FIRE] team=2 losTgt=106.90
[WOBBLE_FIRE] team=2 losTgt=106.10
[WOBBLE_FIRE] team=2 losTgt=105.31
[WOBBLE_FIRE] team=2 losTgt=104.55
[WOBBLE_FIRE] team=2 losTgt=103.83
[WOBBLE_FIRE] team=2 losTgt=103.16
[WOBBLE_FIRE] team=2 losTgt=102.50
[WOBBLE_FIRE] team=2 losTgt=101.85
[WOBBLE_FIRE] team=2 losTgt=101.20
[WOBBLE_FIRE] team=2 losTgt=100.55
[WOBBLE_FIRE] team=2 losTgt=99.90
[WOBBLE_FIRE] team=2 losTgt=99.24
[WOBBLE_FIRE] team=2 losTgt=98.58
[WOBBLE_FIRE] team=2 losTgt=97.94
[WOBBLE_FIRE] team=2 losTgt=97.29
[WOBBLE_FIRE] team=2 losTgt=96.66
[WOBBLE_FIRE] team=2 losTgt=96.03
[WOBBLE_FIRE] team=2 losTgt=95.40
[WOBBLE_FIRE] team=2 losTgt=94.80
[WOBBLE_FIRE] team=2 losTgt=94.20
[WOBBLE_FIRE] team=2 losTgt=93.60
[WOBBLE_FIRE] team=2 losTgt=93.02
[WOBBLE_FIRE] team=2 losTgt=92.44
[WOBBLE_FIRE] team=2 losTgt=91.88
[WOBBLE_FIRE] team=2 losTgt=91.31
[WOBBLE_FIRE] team=2 losTgt=90.76
[WOBBLE_FIRE] team=2 losTgt=90.21
[WOBBLE_FIRE] team=2 losTgt=89.66
[WOBBLE_FIRE] team=2 losTgt=89.12
[WOBBLE_FIRE] team=2 losTgt=88.59
[WOBBLE_FIRE] team=2 losTgt=88.06
[WOBBLE_FIRE] team=2 losTgt=87.53
[WOBBLE_FIRE] team=2 losTgt=87.02
[WOBBLE_FIRE] team=2 losTgt=86.50
[WOBBLE_FIRE] team=2 losTgt=86.00
[WOBBLE_FIRE] team=2 losTgt=85.50
[WOBBLE_FIRE] team=2 losTgt=85.00
[WOBBLE_FIRE] team=2 losTgt=84.52
[WOBBLE_FIRE] team=2 losTgt=84.03
[WOBBLE_FIRE] team=2 losTgt=83.56
[WOBBLE_FIRE] team=2 losTgt=83.08
[WOBBLE_FIRE] team=2 losTgt=82.57
[WOBBLE_FIRE] team=2 losTgt=82.00
[WOBBLE_FIRE] team=2 losTgt=81.39
[WOBBLE_FIRE] team=2 losTgt=80.80
[WOBBLE_FIRE] team=2 losTgt=80.20
[WOBBLE_FIRE] team=2 losTgt=79.58
[WOBBLE_FIRE] team=2 losTgt=78.94
[WOBBLE_FIRE] team=2 losTgt=78.30
[WOBBLE_FIRE] team=2 losTgt=77.67
[WOBBLE_FIRE] team=2 losTgt=77.06
[WOBBLE_FIRE] team=2 losTgt=76.47
[WOBBLE_FIRE] team=2 losTgt=75.88
[ACTIVE] [RED] LeadPredict dist=1149.78 dV=-36.731 thr=0.815916 om=0.662698 lt=3
[WOBBLE_FIRE] team=2 losTgt=75.30
[WOBBLE_FIRE] team=2 losTgt=74.72
[WOBBLE_FIRE] team=2 losTgt=74.14
[WOBBLE_FIRE] team=2 losTgt=73.55
[WOBBLE_FIRE] team=2 losTgt=72.96
[WOBBLE_FIRE] team=2 losTgt=72.37
[WOBBLE_FIRE] team=2 losTgt=71.78
[WOBBLE_FIRE] team=2 losTgt=71.18
[WOBBLE_FIRE] team=2 losTgt=70.58
[WOBBLE_FIRE] team=2 losTgt=69.98
[WOBBLE_FIRE] team=2 losTgt=69.38
[WOBBLE_FIRE] team=2 losTgt=68.77
[WOBBLE_FIRE] team=2 losTgt=68.15
[WOBBLE_FIRE] team=2 losTgt=67.55
[WOBBLE_FIRE] team=2 losTgt=66.94
[WOBBLE_FIRE] team=2 losTgt=66.32
[WOBBLE_FIRE] team=2 losTgt=65.70
[WOBBLE_FIRE] team=2 losTgt=65.09
[WOBBLE_FIRE] team=2 losTgt=64.47
[WOBBLE_FIRE] team=2 losTgt=63.85
[WOBBLE_FIRE] team=2 losTgt=63.22
[WOBBLE_FIRE] team=2 losTgt=62.58
[WOBBLE_FIRE] team=2 losTgt=61.95
[WOBBLE_FIRE] team=2 losTgt=61.30
[WOBBLE_FIRE] team=2 losTgt=60.65
[WOBBLE_FIRE] team=2 losTgt=59.98
[WOBBLE_FIRE] team=2 losTgt=59.30
[WOBBLE_FIRE] team=2 losTgt=58.61
[WOBBLE_FIRE] team=2 losTgt=57.87
[WOBBLE_FIRE] team=2 losTgt=57.07
[WOBBLE_FIRE] team=2 losTgt=56.22
[WOBBLE_FIRE] team=2 losTgt=55.23
[WOBBLE_FIRE] team=2 losTgt=54.01
[WOBBLE_FIRE] team=2 losTgt=52.73
[WOBBLE_FIRE] team=2 losTgt=51.44
[WOBBLE_FIRE] team=2 losTgt=112.89
[WOBBLE_FIRE] team=2 losTgt=115.42
[WOBBLE_FIRE] team=2 losTgt=116.01
[WOBBLE_FIRE] team=2 losTgt=116.04
[WOBBLE_FIRE] team=2 losTgt=115.84
[WOBBLE_FIRE] team=2 losTgt=115.60
[WOBBLE_FIRE] team=2 losTgt=115.28
[WOBBLE_FIRE] team=2 losTgt=114.94
[WOBBLE_FIRE] team=2 losTgt=114.57
[WOBBLE_FIRE] team=2 losTgt=114.17
[WOBBLE_FIRE] team=2 losTgt=113.46
[WOBBLE_FIRE] team=2 losTgt=111.88
[WOBBLE_FIRE] team=2 losTgt=109.57
[WOBBLE_FIRE] team=2 losTgt=107.02
[WOBBLE_FIRE] team=2 losTgt=104.79
[WOBBLE_FIRE] team=2 losTgt=103.02
[WOBBLE_FIRE] team=2 losTgt=101.54
[WOBBLE_FIRE] team=2 losTgt=100.22
[WOBBLE_FIRE] team=2 losTgt=98.96
[WOBBLE_FIRE] team=2 losTgt=97.75
[WOBBLE_FIRE] team=2 losTgt=96.57
[WOBBLE_FIRE] team=2 losTgt=95.41
[WOBBLE_FIRE] team=2 losTgt=94.26
[WOBBLE_FIRE] team=2 losTgt=93.11
[ACTIVE] [RED] LeadPredict dist=726.258 dV=-38.4801 thr=0.746608 om=1.19148 lt=2.27224
[WOBBLE_FIRE] team=2 losTgt=91.97
[WOBBLE_FIRE] team=2 losTgt=90.81
[WOBBLE_FIRE] team=2 losTgt=89.66
[WOBBLE_FIRE] team=2 losTgt=88.50
[WOBBLE_FIRE] team=2 losTgt=87.34
[WOBBLE_FIRE] team=2 losTgt=86.16
[WOBBLE_FIRE] team=2 losTgt=84.99
[WOBBLE_FIRE] team=2 losTgt=83.79
[WOBBLE_FIRE] team=2 losTgt=82.60
[WOBBLE_FIRE] team=2 losTgt=81.39
[WOBBLE_FIRE] team=2 losTgt=80.19
[WOBBLE_FIRE] team=2 losTgt=78.98
[WOBBLE_FIRE] team=2 losTgt=77.76
[WOBBLE_FIRE] team=2 losTgt=76.54
[WOBBLE_FIRE] team=2 losTgt=75.31
[WOBBLE_FIRE] team=2 losTgt=74.09
[WOBBLE_FIRE] team=2 losTgt=72.86
[WOBBLE_FIRE] team=2 losTgt=71.64
[WOBBLE_FIRE] team=2 losTgt=70.40
[WOBBLE_FIRE] team=2 losTgt=69.18
[WOBBLE_FIRE] team=2 losTgt=67.86
[WOBBLE_FIRE] team=2 losTgt=66.46
[WOBBLE_FIRE] team=2 losTgt=64.97
[WOBBLE_FIRE] team=2 losTgt=63.43
[WOBBLE_FIRE] team=2 losTgt=61.87
[WOBBLE_FIRE] team=2 losTgt=60.33
[WOBBLE_FIRE] team=2 losTgt=58.78
[WOBBLE_FIRE] team=2 losTgt=57.23
[WOBBLE_FIRE] team=2 losTgt=55.64
[WOBBLE_FIRE] team=2 losTgt=54.02
[WOBBLE_FIRE] team=2 losTgt=52.36
[WOBBLE_FIRE] team=2 losTgt=50.65
[WOBBLE_FIRE] team=2 losTgt=48.87
[WOBBLE_FIRE] team=2 losTgt=47.03
[WOBBLE_FIRE] team=2 losTgt=45.10
[WOBBLE_FIRE] team=2 losTgt=52.79
[WOBBLE_FIRE] team=2 losTgt=61.31
[WOBBLE_FIRE] team=2 losTgt=69.15
[WOBBLE_FIRE] team=2 losTgt=75.92
[WOBBLE_FIRE] team=2 losTgt=81.57
[WOBBLE_FIRE] team=2 losTgt=86.18
[WOBBLE_FIRE] team=2 losTgt=89.89
[WOBBLE_FIRE] team=2 losTgt=92.64
[WOBBLE_FIRE] team=2 losTgt=94.15
[ACTIVE] [RED] LeadPredict dist=446.945 dV=-1.02887 thr=0.664619 om=1.37973 lt=1.31876
[DUTY] team=1 ticks=21600 v27종말조준=3.66204% v21뱅크예측=78.1759% v17궤도조건=79.3935% v17슬롯적용=75.4861% 상승클램프=0% 강하클램프=15.4028% v23b조건=38.5926% v23b실제적용=38.3056%
[WOBBLE_FIRE] team=2 losTgt=94.46
[WOBBLE_FIRE] team=2 losTgt=94.16
[WOBBLE_FIRE] team=2 losTgt=93.81
[WOBBLE_FIRE] team=2 losTgt=93.59
[WOBBLE_FIRE] team=2 losTgt=93.34
[WOBBLE_FIRE] team=2 losTgt=93.02
[WOBBLE_FIRE] team=2 losTgt=92.64
[WOBBLE_FIRE] team=2 losTgt=92.18
[WOBBLE_FIRE] team=2 losTgt=91.67
[WOBBLE_FIRE] team=2 losTgt=91.10
[WOBBLE_FIRE] team=2 losTgt=90.46
[WOBBLE_FIRE] team=2 losTgt=89.77
[WOBBLE_FIRE] team=2 losTgt=89.02
[WOBBLE_FIRE] team=2 losTgt=88.22
[WOBBLE_FIRE] team=2 losTgt=87.39
[WOBBLE_FIRE] team=2 losTgt=86.51
[WOBBLE_FIRE] team=2 losTgt=85.60
[WOBBLE_FIRE] team=2 losTgt=84.67
[WOBBLE_FIRE] team=2 losTgt=83.70
[WOBBLE_FIRE] team=2 losTgt=82.71
[WOBBLE_FIRE] team=2 losTgt=81.69
[WOBBLE_FIRE] team=2 losTgt=80.66
[WOBBLE_FIRE] team=2 losTgt=79.60
[WOBBLE_FIRE] team=2 losTgt=78.52
[WOBBLE_FIRE] team=2 losTgt=77.42
[WOBBLE_FIRE] team=2 losTgt=76.31
[WOBBLE_FIRE] team=2 losTgt=75.18
[WOBBLE_FIRE] team=2 losTgt=74.04
[WOBBLE_FIRE] team=2 losTgt=72.88
[WOBBLE_FIRE] team=2 losTgt=71.70
[WOBBLE_FIRE] team=2 losTgt=70.50
[WOBBLE_FIRE] team=2 losTgt=69.27
[WOBBLE_FIRE] team=2 losTgt=68.03
[WOBBLE_FIRE] team=2 losTgt=66.77
[WOBBLE_FIRE] team=2 losTgt=65.49
[WOBBLE_FIRE] team=2 losTgt=64.20
[WOBBLE_FIRE] team=2 losTgt=62.89
[WOBBLE_FIRE] team=2 losTgt=61.55
[WOBBLE_FIRE] team=2 losTgt=60.19
[WOBBLE_FIRE] team=2 losTgt=58.81
[WOBBLE_FIRE] team=2 losTgt=57.40
[WOBBLE_FIRE] team=2 losTgt=55.96
[WOBBLE_FIRE] team=2 losTgt=54.49
[WOBBLE_FIRE] team=2 losTgt=52.98
[WOBBLE_FIRE] team=2 losTgt=51.43
[WOBBLE_FIRE] team=2 losTgt=49.84
[WOBBLE_FIRE] team=2 losTgt=48.20
[WOBBLE_FIRE] team=2 losTgt=46.51
[ACTIVE] [RED] LeadPredict dist=330.413 dV=-19.0857 thr=0.659154 om=0.203626 lt=0.971233
[WOBBLE_FIRE] team=2 losTgt=47.61
[WOBBLE_FIRE] team=2 losTgt=56.26
[WOBBLE_FIRE] team=2 losTgt=62.84
[WOBBLE_FIRE] team=2 losTgt=69.53
[WOBBLE_FIRE] team=2 losTgt=75.35
[WOBBLE_FIRE] team=2 losTgt=80.38
[WOBBLE_FIRE] team=2 losTgt=84.36
[WOBBLE_FIRE] team=2 losTgt=86.95
[WOBBLE_FIRE] team=2 losTgt=88.56
[WOBBLE_FIRE] team=2 losTgt=89.53
[WOBBLE_FIRE] team=2 losTgt=90.28
[WOBBLE_FIRE] team=2 losTgt=90.76
[WOBBLE_FIRE] team=2 losTgt=90.99
[WOBBLE_FIRE] team=2 losTgt=91.01
[WOBBLE_FIRE] team=2 losTgt=90.86
[WOBBLE_FIRE] team=2 losTgt=90.58
[WOBBLE_FIRE] team=2 losTgt=90.20
[WOBBLE_FIRE] team=2 losTgt=89.73
[WOBBLE_FIRE] team=2 losTgt=89.15
[WOBBLE_FIRE] team=2 losTgt=88.51
[WOBBLE_FIRE] team=2 losTgt=87.78
[WOBBLE_FIRE] team=2 losTgt=87.01
[WOBBLE_FIRE] team=2 losTgt=86.17
[WOBBLE_FIRE] team=2 losTgt=85.29
[WOBBLE_FIRE] team=2 losTgt=84.38
[WOBBLE_FIRE] team=2 losTgt=83.44
[WOBBLE_FIRE] team=2 losTgt=82.46
[WOBBLE_FIRE] team=2 losTgt=81.47
[WOBBLE_FIRE] team=2 losTgt=80.47
[WOBBLE_FIRE] team=2 losTgt=79.44
[WOBBLE_FIRE] team=2 losTgt=78.38
[WOBBLE_FIRE] team=2 losTgt=77.30
[WOBBLE_FIRE] team=2 losTgt=76.19
[WOBBLE_FIRE] team=2 losTgt=75.06
[WOBBLE_FIRE] team=2 losTgt=73.91
[WOBBLE_FIRE] team=2 losTgt=72.65
[WOBBLE_FIRE] team=2 losTgt=71.34
[WOBBLE_FIRE] team=2 losTgt=69.95
[WOBBLE_FIRE] team=2 losTgt=68.50
[WOBBLE_FIRE] team=2 losTgt=67.02
[WOBBLE_FIRE] team=2 losTgt=65.56
[WOBBLE_FIRE] team=2 losTgt=64.11
[WOBBLE_FIRE] team=2 losTgt=62.66
[WOBBLE_FIRE] team=2 losTgt=61.22
[WOBBLE_FIRE] team=2 losTgt=59.78
[WOBBLE_FIRE] team=2 losTgt=58.33
[WOBBLE_FIRE] team=2 losTgt=56.88
[WOBBLE_FIRE] team=2 losTgt=55.43
[WOBBLE_FIRE] team=2 losTgt=54.87
[WOBBLE_FIRE] team=2 losTgt=56.82
[WOBBLE_FIRE] team=2 losTgt=57.43
[WOBBLE_FIRE] team=2 losTgt=57.98
[WOBBLE_FIRE] team=2 losTgt=58.37
[ACTIVE] [RED] ClimbOut Z=2450.18
[WOBBLE_FIRE] team=2 losTgt=58.50
[WOBBLE_FIRE] team=2 losTgt=58.27
[WOBBLE_FIRE] team=2 losTgt=57.79
[WOBBLE_FIRE] team=2 losTgt=57.38
[WOBBLE_FIRE] team=2 losTgt=57.21
[WOBBLE_FIRE] team=2 losTgt=57.21
[WOBBLE_FIRE] team=2 losTgt=57.31
[WOBBLE_FIRE] team=2 losTgt=57.11
[WOBBLE_FIRE] team=2 losTgt=56.97
[WOBBLE_FIRE] team=2 losTgt=56.91
[WOBBLE_FIRE] team=2 losTgt=56.04
[WOBBLE_FIRE] team=2 losTgt=55.65
[WOBBLE_FIRE] team=2 losTgt=56.45
[WOBBLE_FIRE] team=2 losTgt=56.85
[WOBBLE_FIRE] team=2 losTgt=54.76
[WOBBLE_FIRE] team=2 losTgt=53.16
[WOBBLE_FIRE] team=2 losTgt=54.19
[WOBBLE_FIRE] team=2 losTgt=55.67
[WOBBLE_FIRE] team=2 losTgt=53.69
[ACTIVE] [RED] LeadPredict dist=809.984 dV=3.34384 thr=0.652813 om=3.29365 lt=2.37052
[WOBBLE_FIRE] team=2 losTgt=50.03
[WOBBLE_FIRE] team=2 losTgt=50.45
[WOBBLE_FIRE] team=2 losTgt=51.81
[WOBBLE_FIRE] team=2 losTgt=48.80
[WOBBLE_FIRE] team=2 losTgt=45.39
[WOBBLE_FIRE] team=2 losTgt=45.74
[WOBBLE_FIRE] team=2 losTgt=45.01
[WOBBLE_FIRE] team=2 losTgt=45.03
[WOBBLE_FIRE] team=2 losTgt=48.16
[WOBBLE_FIRE] team=2 losTgt=50.18
[WOBBLE_FIRE] team=2 losTgt=52.11
[WOBBLE_FIRE] team=2 losTgt=53.56
[WOBBLE_FIRE] team=2 losTgt=54.64
[WOBBLE_FIRE] team=2 losTgt=55.36
[WOBBLE_FIRE] team=2 losTgt=55.92
[WOBBLE_FIRE] team=2 losTgt=57.39
[WOBBLE_FIRE] team=2 losTgt=58.94
[WOBBLE_FIRE] team=2 losTgt=60.16
[WOBBLE_FIRE] team=2 losTgt=61.16
[WOBBLE_FIRE] team=2 losTgt=62.39
[WOBBLE_FIRE] team=2 losTgt=63.77
[WOBBLE_FIRE] team=2 losTgt=65.25
[WOBBLE_FIRE] team=2 losTgt=66.81
[WOBBLE_FIRE] team=2 losTgt=68.35
[WOBBLE_FIRE] team=2 losTgt=69.86
[WOBBLE_FIRE] team=2 losTgt=71.29
[WOBBLE_FIRE] team=2 losTgt=72.61
[WOBBLE_FIRE] team=2 losTgt=73.79
[WOBBLE_FIRE] team=2 losTgt=74.82
[WOBBLE_FIRE] team=2 losTgt=75.67
[WOBBLE_FIRE] team=2 losTgt=76.36
[WOBBLE_FIRE] team=2 losTgt=76.90
[WOBBLE_FIRE] team=2 losTgt=77.30
[WOBBLE_FIRE] team=2 losTgt=77.56
[WOBBLE_FIRE] team=2 losTgt=77.72
[WOBBLE_FIRE] team=2 losTgt=77.76
[WOBBLE_FIRE] team=2 losTgt=77.70
[WOBBLE_FIRE] team=2 losTgt=77.56
[WOBBLE_FIRE] team=2 losTgt=77.33
[WOBBLE_FIRE] team=2 losTgt=77.04
[WOBBLE_FIRE] team=2 losTgt=76.67
[WOBBLE_FIRE] team=2 losTgt=76.25
[WOBBLE_FIRE] team=2 losTgt=75.77
[WOBBLE_FIRE] team=2 losTgt=75.24
[WOBBLE_FIRE] team=2 losTgt=74.65
[WOBBLE_FIRE] team=2 losTgt=73.99
[WOBBLE_FIRE] team=2 losTgt=73.30
[WOBBLE_FIRE] team=2 losTgt=72.56
[WOBBLE_FIRE] team=2 losTgt=71.79
[WOBBLE_FIRE] team=2 losTgt=70.97
[WOBBLE_FIRE] team=2 losTgt=70.12
[WOBBLE_FIRE] team=2 losTgt=69.23
[WOBBLE_FIRE] team=2 losTgt=68.32
[WOBBLE_FIRE] team=2 losTgt=67.37
[WOBBLE_FIRE] team=2 losTgt=66.40
[WOBBLE_FIRE] team=2 losTgt=65.39
[WOBBLE_FIRE] team=2 losTgt=64.36
[WOBBLE_FIRE] team=2 losTgt=63.30
[WOBBLE_FIRE] team=2 losTgt=62.22
[WOBBLE_FIRE] team=2 losTgt=61.11
[WOBBLE_FIRE] team=2 losTgt=59.97
[WOBBLE_FIRE] team=2 losTgt=58.80
[WOBBLE_FIRE] team=2 losTgt=57.62
[WOBBLE_FIRE] team=2 losTgt=56.40
[WOBBLE_FIRE] team=2 losTgt=55.15
[WOBBLE_FIRE] team=2 losTgt=53.88
[ACTIVE] [RED] LeadPredict dist=1186.38 dV=23.7671 thr=0.776562 om=1.53603 lt=3
[WOBBLE_FIRE] team=2 losTgt=52.59
[WOBBLE_FIRE] team=2 losTgt=51.26
[WOBBLE_FIRE] team=2 losTgt=49.90
[WOBBLE_FIRE] team=2 losTgt=48.51
[WOBBLE_FIRE] team=2 losTgt=47.09
[WOBBLE_FIRE] team=2 losTgt=45.64
[WOBBLE_FIRE] team=2 losTgt=46.27
[WOBBLE_FIRE] team=2 losTgt=49.16
[WOBBLE_FIRE] team=2 losTgt=51.67
[WOBBLE_FIRE] team=2 losTgt=53.77
[WOBBLE_FIRE] team=2 losTgt=55.58
[WOBBLE_FIRE] team=2 losTgt=56.84
[WOBBLE_FIRE] team=2 losTgt=57.53
[WOBBLE_FIRE] team=2 losTgt=58.12
[WOBBLE_FIRE] team=2 losTgt=58.77
[WOBBLE_FIRE] team=2 losTgt=59.43
[WOBBLE_FIRE] team=2 losTgt=60.04
[WOBBLE_FIRE] team=2 losTgt=60.56
[WOBBLE_FIRE] team=2 losTgt=61.00
[WOBBLE_FIRE] team=2 losTgt=61.31
[WOBBLE_FIRE] team=2 losTgt=61.49
[WOBBLE_FIRE] team=2 losTgt=61.55
[WOBBLE_FIRE] team=2 losTgt=61.48
[WOBBLE_FIRE] team=2 losTgt=61.29
[WOBBLE_FIRE] team=2 losTgt=60.96
[WOBBLE_FIRE] team=2 losTgt=60.52
[WOBBLE_FIRE] team=2 losTgt=59.96
[ACTIVE] [RED] LeadPredict dist=853.878 dV=-19.9603 thr=1 om=1.65064 lt=3
[WOBBLE_FIRE] team=2 losTgt=59.29
[WOBBLE_FIRE] team=2 losTgt=58.52
[WOBBLE_FIRE] team=2 losTgt=57.66
[WOBBLE_FIRE] team=2 losTgt=56.71
[WOBBLE_FIRE] team=2 losTgt=55.68
[WOBBLE_FIRE] team=2 losTgt=54.56
[WOBBLE_FIRE] team=2 losTgt=53.37
[WOBBLE_FIRE] team=2 losTgt=52.11
[WOBBLE_FIRE] team=2 losTgt=50.77
[WOBBLE_FIRE] team=2 losTgt=49.37
[WOBBLE_FIRE] team=2 losTgt=47.93
[WOBBLE_FIRE] team=2 losTgt=46.45
[ACTIVE] [RED] LeadPredict dist=929.578 dV=21.0406 thr=1 om=1.60272 lt=3
[ACTIVE] [RED] LeadPredict dist=1056.11 dV=19.1886 thr=1 om=1.4521 lt=3
[ACTIVE] [RED] LeadPredict dist=988.399 dV=18.1597 thr=1 om=0.0237312 lt=3
[ACTIVE] [RED] LeadPredict dist=863.313 dV=17.9539 thr=0.816 om=1.09186 lt=3
[ACTIVE] [RED] LeadPredict dist=846.187 dV=-4.93861 thr=1 om=0.875094 lt=3
[ACTIVE] [RED] LeadPredict dist=1115.78 dV=-23.0984 thr=1 om=0.0375446 lt=3
[DUTY] team=1 ticks=22200 v27종말조준=3.64414% v21뱅크예측=78.3108% v17궤도조건=79.5315% v17슬롯적용=75.473% 상승클램프=0% 강하클램프=15.3784% v23b조건=38.4595% v23b실제적용=38.1486%
[ACTIVE] [RED] LeadPredict dist=1186.35 dV=7.97383 thr=1 om=1.42849 lt=3
[ACTIVE] [RED] LeadPredict dist=1027.68 dV=35.7021 thr=0.812418 om=0.00901334 lt=3
[ACTIVE] [RED] LeadPredict dist=1119.42 dV=2.05774 thr=1 om=0.319037 lt=3
[ACTIVE] [RED] LeadPredict dist=1098.48 dV=3.18954 thr=1 om=1.23232 lt=3
[ACTIVE] [RED] LeadPredict dist=1052.94 dV=-4.16696 thr=0.663089 om=0.302546 lt=3
[ACTIVE] [RED] LeadPredict dist=1137.51 dV=-9.00272 thr=1 om=0.00460376 lt=3
[ACTIVE] [RED] LeadPredict dist=1107.07 dV=15.2274 thr=1 om=1.41874 lt=2.89831
[ACTIVE] [RED] LeadPredict dist=990.011 dV=-2.16064 thr=0.894265 om=0.325324 lt=2.79107
[ACTIVE] [RED] LeadPredict dist=1009.29 dV=5.19586 thr=1 om=0.143513 lt=2.70796
[ACTIVE] [RED] LeadPredict dist=957.977 dV=12.6038 thr=0.8 om=1.50346 lt=2.5243
[DUTY] team=1 ticks=22800 v27종말조준=3.54825% v21뱅크예측=78.1491% v17궤도조건=79.4912% v17슬롯적용=75.5395% 상승클램프=0% 강하클램프=15.6667% v23b조건=38.1053% v23b실제적용=37.8026%
[ACTIVE] [RED] LeadPredict dist=989.251 dV=-4.57849 thr=0.643849 om=0.964115 lt=2.8774
[ACTIVE] [RED] LeadPredict dist=1019.21 dV=-4.32132 thr=1 om=0.12794 lt=2.9641
[ACTIVE] [RED] LeadPredict dist=981.557 dV=11.5749 thr=0.72 om=1.43984 lt=2.6828
[ACTIVE] [RED] LeadPredict dist=983.602 dV=2.16064 thr=0.656749 om=1.1949 lt=2.88645
[ACTIVE] [RED] LeadPredict dist=1031.14 dV=-1.80054 thr=1 om=0.26122 lt=2.95241
[ACTIVE] [RED] LeadPredict dist=983.421 dV=17.3881 thr=0.88 om=1.4381 lt=2.67511
[ACTIVE] [RED] LeadPredict dist=898.214 dV=0.41156 thr=0.703537 om=0.807586 lt=2.72387
[ACTIVE] [RED] LeadPredict dist=933.727 dV=3.13806 thr=1 om=0.506656 lt=2.70417
[ACTIVE] [RED] LeadPredict dist=900.782 dV=3.18954 thr=0.820119 om=1.54951 lt=2.55657
runner:local/env:0	num_steps=[11999] | total rewards=[1035.7039] | termination= [max time out]
[seed 11] reward=  1035.70 ownHP=1.0000 tgtHP=0.5203 max time out
total: 2
[WOBBLE_FIRE] team=2 losTgt=172.24
[WOBBLE_FIRE] team=2 losTgt=171.61
[WOBBLE_FIRE] team=2 losTgt=170.40
[WOBBLE_FIRE] team=2 losTgt=168.92
[WOBBLE_FIRE] team=2 losTgt=167.22
[WOBBLE_FIRE] team=2 losTgt=165.26
[WOBBLE_FIRE] team=2 losTgt=163.16
[WOBBLE_FIRE] team=2 losTgt=161.20
[WOBBLE_FIRE] team=2 losTgt=159.46
[WOBBLE_FIRE] team=2 losTgt=157.86
[WOBBLE_FIRE] team=2 losTgt=156.35
[WOBBLE_FIRE] team=2 losTgt=154.90
[WOBBLE_FIRE] team=2 losTgt=153.51
[WOBBLE_FIRE] team=2 losTgt=152.16
[WOBBLE_FIRE] team=2 losTgt=150.86
[WOBBLE_FIRE] team=2 losTgt=149.59
[WOBBLE_FIRE] team=2 losTgt=148.32
[WOBBLE_FIRE] team=2 losTgt=147.06
[WOBBLE_FIRE] team=2 losTgt=145.81
[WOBBLE_FIRE] team=2 losTgt=144.58
[WOBBLE_FIRE] team=2 losTgt=143.37
[WOBBLE_FIRE] team=2 losTgt=142.19
[WOBBLE_FIRE] team=2 losTgt=141.02
[WOBBLE_FIRE] team=2 losTgt=139.88
[WOBBLE_FIRE] team=2 losTgt=138.74
[WOBBLE_FIRE] team=2 losTgt=137.63
[WOBBLE_FIRE] team=2 losTgt=136.52
[WOBBLE_FIRE] team=2 losTgt=135.42
[WOBBLE_FIRE] team=2 losTgt=134.32
[WOBBLE_FIRE] team=2 losTgt=133.23
[WOBBLE_FIRE] team=2 losTgt=132.16
[WOBBLE_FIRE] team=2 losTgt=131.10
[WOBBLE_FIRE] team=2 losTgt=130.05
[WOBBLE_FIRE] team=2 losTgt=129.01
[WOBBLE_FIRE] team=2 losTgt=127.98
[WOBBLE_FIRE] team=2 losTgt=126.96
[WOBBLE_FIRE] team=2 losTgt=125.95
[ACTIVE] [RED] LeadPredict dist=3991.58 dV=2.10919 thr=1 om=0.963566 lt=3
[DUTY] team=1 ticks=23400 v27종말조준=3.50855% v21뱅크예측=78.5897% v17궤도조건=79.8248% v17슬롯적용=75.9744% 상승클램프=0% 강하클램프=15.265% v23b조건=38.1026% v23b실제적용=37.8077%
[WOBBLE_FIRE] team=2 losTgt=124.95
[WOBBLE_FIRE] team=2 losTgt=123.96
[WOBBLE_FIRE] team=2 losTgt=122.97
[WOBBLE_FIRE] team=2 losTgt=122.00
[WOBBLE_FIRE] team=2 losTgt=121.04
[WOBBLE_FIRE] team=2 losTgt=120.08
[WOBBLE_FIRE] team=2 losTgt=119.13
[WOBBLE_FIRE] team=2 losTgt=118.19
[WOBBLE_FIRE] team=2 losTgt=117.26
[WOBBLE_FIRE] team=2 losTgt=116.34
[WOBBLE_FIRE] team=2 losTgt=115.43
[WOBBLE_FIRE] team=2 losTgt=114.52
[WOBBLE_FIRE] team=2 losTgt=113.63
[WOBBLE_FIRE] team=2 losTgt=112.74
[WOBBLE_FIRE] team=2 losTgt=111.86
[WOBBLE_FIRE] team=2 losTgt=110.99
[WOBBLE_FIRE] team=2 losTgt=110.13
[WOBBLE_FIRE] team=2 losTgt=109.28
[WOBBLE_FIRE] team=2 losTgt=108.44
[WOBBLE_FIRE] team=2 losTgt=107.60
[WOBBLE_FIRE] team=2 losTgt=106.77
[WOBBLE_FIRE] team=2 losTgt=105.95
[WOBBLE_FIRE] team=2 losTgt=105.14
[WOBBLE_FIRE] team=2 losTgt=104.33
[WOBBLE_FIRE] team=2 losTgt=103.52
[WOBBLE_FIRE] team=2 losTgt=102.72
[WOBBLE_FIRE] team=2 losTgt=101.92
[WOBBLE_FIRE] team=2 losTgt=101.13
[WOBBLE_FIRE] team=2 losTgt=100.33
[WOBBLE_FIRE] team=2 losTgt=99.54
[WOBBLE_FIRE] team=2 losTgt=98.74
[WOBBLE_FIRE] team=2 losTgt=97.96
[WOBBLE_FIRE] team=2 losTgt=97.20
[WOBBLE_FIRE] team=2 losTgt=96.46
[WOBBLE_FIRE] team=2 losTgt=95.71
[WOBBLE_FIRE] team=2 losTgt=94.96
[WOBBLE_FIRE] team=2 losTgt=94.21
[WOBBLE_FIRE] team=2 losTgt=93.46
[WOBBLE_FIRE] team=2 losTgt=92.70
[WOBBLE_FIRE] team=2 losTgt=91.95
[WOBBLE_FIRE] team=2 losTgt=91.20
[WOBBLE_FIRE] team=2 losTgt=90.44
[WOBBLE_FIRE] team=2 losTgt=89.67
[WOBBLE_FIRE] team=2 losTgt=88.91
[WOBBLE_FIRE] team=2 losTgt=88.14
[WOBBLE_FIRE] team=2 losTgt=87.37
[WOBBLE_FIRE] team=2 losTgt=86.60
[WOBBLE_FIRE] team=2 losTgt=85.83
[WOBBLE_FIRE] team=2 losTgt=85.07
[WOBBLE_FIRE] team=2 losTgt=84.30
[WOBBLE_FIRE] team=2 losTgt=83.53
[WOBBLE_FIRE] team=2 losTgt=82.77
[WOBBLE_FIRE] team=2 losTgt=82.01
[WOBBLE_FIRE] team=2 losTgt=81.24
[WOBBLE_FIRE] team=2 losTgt=80.48
[WOBBLE_FIRE] team=2 losTgt=79.71
[WOBBLE_FIRE] team=2 losTgt=78.94
[WOBBLE_FIRE] team=2 losTgt=78.17
[WOBBLE_FIRE] team=2 losTgt=77.39
[WOBBLE_FIRE] team=2 losTgt=76.62
[ACTIVE] [RED] LeadPredict dist=3215.32 dV=-11.8321 thr=1 om=0.626606 lt=3
[WOBBLE_FIRE] team=2 losTgt=75.84
[WOBBLE_FIRE] team=2 losTgt=75.05
[WOBBLE_FIRE] team=2 losTgt=74.27
[WOBBLE_FIRE] team=2 losTgt=73.48
[WOBBLE_FIRE] team=2 losTgt=72.69
[WOBBLE_FIRE] team=2 losTgt=71.90
[WOBBLE_FIRE] team=2 losTgt=71.10
[WOBBLE_FIRE] team=2 losTgt=70.30
[WOBBLE_FIRE] team=2 losTgt=69.50
[WOBBLE_FIRE] team=2 losTgt=68.69
[WOBBLE_FIRE] team=2 losTgt=67.88
[WOBBLE_FIRE] team=2 losTgt=67.07
[WOBBLE_FIRE] team=2 losTgt=66.25
[WOBBLE_FIRE] team=2 losTgt=65.43
[WOBBLE_FIRE] team=2 losTgt=64.61
[WOBBLE_FIRE] team=2 losTgt=63.78
[WOBBLE_FIRE] team=2 losTgt=62.96
[WOBBLE_FIRE] team=2 losTgt=62.12
[WOBBLE_FIRE] team=2 losTgt=61.29
[WOBBLE_FIRE] team=2 losTgt=60.45
[WOBBLE_FIRE] team=2 losTgt=59.60
[WOBBLE_FIRE] team=2 losTgt=58.75
[WOBBLE_FIRE] team=2 losTgt=57.90
[WOBBLE_FIRE] team=2 losTgt=57.04
[WOBBLE_FIRE] team=2 losTgt=56.17
[WOBBLE_FIRE] team=2 losTgt=55.26
[WOBBLE_FIRE] team=2 losTgt=54.32
[WOBBLE_FIRE] team=2 losTgt=53.37
[WOBBLE_FIRE] team=2 losTgt=52.40
[WOBBLE_FIRE] team=2 losTgt=51.41
[WOBBLE_FIRE] team=2 losTgt=50.37
[WOBBLE_FIRE] team=2 losTgt=49.30
[WOBBLE_FIRE] team=2 losTgt=48.20
[WOBBLE_FIRE] team=2 losTgt=47.11
[WOBBLE_FIRE] team=2 losTgt=46.00
[ACTIVE] [RED] LeadPredict dist=933.618 dV=-48.2545 thr=0.807358 om=1.28289 lt=2.80542
[WOBBLE_FIRE] team=2 losTgt=47.62
[WOBBLE_FIRE] team=2 losTgt=53.76
[WOBBLE_FIRE] team=2 losTgt=60.00
[WOBBLE_FIRE] team=2 losTgt=66.14
[WOBBLE_FIRE] team=2 losTgt=72.09
[WOBBLE_FIRE] team=2 losTgt=77.60
[WOBBLE_FIRE] team=2 losTgt=82.30
[WOBBLE_FIRE] team=2 losTgt=85.93
[WOBBLE_FIRE] team=2 losTgt=88.52
[WOBBLE_FIRE] team=2 losTgt=90.34
[WOBBLE_FIRE] team=2 losTgt=91.97
[WOBBLE_FIRE] team=2 losTgt=93.54
[WOBBLE_FIRE] team=2 losTgt=94.97
[WOBBLE_FIRE] team=2 losTgt=96.21
[WOBBLE_FIRE] team=2 losTgt=97.27
[WOBBLE_FIRE] team=2 losTgt=98.12
[WOBBLE_FIRE] team=2 losTgt=98.79
[WOBBLE_FIRE] team=2 losTgt=99.27
[WOBBLE_FIRE] team=2 losTgt=99.60
[WOBBLE_FIRE] team=2 losTgt=99.77
[WOBBLE_FIRE] team=2 losTgt=99.81
[WOBBLE_FIRE] team=2 losTgt=99.74
[WOBBLE_FIRE] team=2 losTgt=99.56
[WOBBLE_FIRE] team=2 losTgt=99.28
[WOBBLE_FIRE] team=2 losTgt=98.93
[WOBBLE_FIRE] team=2 losTgt=98.50
[WOBBLE_FIRE] team=2 losTgt=98.01
[WOBBLE_FIRE] team=2 losTgt=97.46
[WOBBLE_FIRE] team=2 losTgt=96.86
[WOBBLE_FIRE] team=2 losTgt=96.22
[WOBBLE_FIRE] team=2 losTgt=95.53
[WOBBLE_FIRE] team=2 losTgt=94.80
[WOBBLE_FIRE] team=2 losTgt=94.03
[WOBBLE_FIRE] team=2 losTgt=93.22
[WOBBLE_FIRE] team=2 losTgt=92.39
[WOBBLE_FIRE] team=2 losTgt=91.53
[WOBBLE_FIRE] team=2 losTgt=90.64
[WOBBLE_FIRE] team=2 losTgt=89.72
[WOBBLE_FIRE] team=2 losTgt=88.79
[WOBBLE_FIRE] team=2 losTgt=87.83
[WOBBLE_FIRE] team=2 losTgt=86.85
[WOBBLE_FIRE] team=2 losTgt=85.85
[WOBBLE_FIRE] team=2 losTgt=84.84
[WOBBLE_FIRE] team=2 losTgt=83.81
[WOBBLE_FIRE] team=2 losTgt=82.77
[WOBBLE_FIRE] team=2 losTgt=81.70
[WOBBLE_FIRE] team=2 losTgt=80.61
[WOBBLE_FIRE] team=2 losTgt=79.48
[ACTIVE] [RED] LeadPredict dist=2104.18 dV=-45.3736 thr=0.705067 om=1.39325 lt=3
[WOBBLE_FIRE] team=2 losTgt=78.33
[WOBBLE_FIRE] team=2 losTgt=77.16
[WOBBLE_FIRE] team=2 losTgt=75.99
[WOBBLE_FIRE] team=2 losTgt=74.80
[WOBBLE_FIRE] team=2 losTgt=73.61
[WOBBLE_FIRE] team=2 losTgt=72.40
[WOBBLE_FIRE] team=2 losTgt=71.18
[WOBBLE_FIRE] team=2 losTgt=69.95
[WOBBLE_FIRE] team=2 losTgt=68.71
[WOBBLE_FIRE] team=2 losTgt=67.47
[WOBBLE_FIRE] team=2 losTgt=66.21
[WOBBLE_FIRE] team=2 losTgt=64.95
[WOBBLE_FIRE] team=2 losTgt=63.68
[WOBBLE_FIRE] team=2 losTgt=62.40
[WOBBLE_FIRE] team=2 losTgt=61.11
[WOBBLE_FIRE] team=2 losTgt=59.82
[WOBBLE_FIRE] team=2 losTgt=58.51
[WOBBLE_FIRE] team=2 losTgt=57.20
[WOBBLE_FIRE] team=2 losTgt=55.87
[WOBBLE_FIRE] team=2 losTgt=54.53
[WOBBLE_FIRE] team=2 losTgt=53.18
[WOBBLE_FIRE] team=2 losTgt=51.81
[WOBBLE_FIRE] team=2 losTgt=50.43
[WOBBLE_FIRE] team=2 losTgt=49.04
[WOBBLE_FIRE] team=2 losTgt=47.63
[WOBBLE_FIRE] team=2 losTgt=46.20
[ACTIVE] [RED] LeadPredict dist=1171.44 dV=-19.4458 thr=0.663526 om=1.41312 lt=3
[WOBBLE_FIRE] team=2 losTgt=45.44
[WOBBLE_FIRE] team=2 losTgt=46.41
[WOBBLE_FIRE] team=2 losTgt=47.28
[WOBBLE_FIRE] team=2 losTgt=48.08
[WOBBLE_FIRE] team=2 losTgt=48.79
[WOBBLE_FIRE] team=2 losTgt=49.42
[WOBBLE_FIRE] team=2 losTgt=49.97
[WOBBLE_FIRE] team=2 losTgt=50.44
[WOBBLE_FIRE] team=2 losTgt=50.83
[WOBBLE_FIRE] team=2 losTgt=51.16
[WOBBLE_FIRE] team=2 losTgt=51.41
[WOBBLE_FIRE] team=2 losTgt=51.61
[WOBBLE_FIRE] team=2 losTgt=51.75
[WOBBLE_FIRE] team=2 losTgt=51.83
[WOBBLE_FIRE] team=2 losTgt=51.87
[WOBBLE_FIRE] team=2 losTgt=51.86
[WOBBLE_FIRE] team=2 losTgt=51.79
[WOBBLE_FIRE] team=2 losTgt=51.68
[WOBBLE_FIRE] team=2 losTgt=51.53
[WOBBLE_FIRE] team=2 losTgt=51.33
[WOBBLE_FIRE] team=2 losTgt=51.08
[WOBBLE_FIRE] team=2 losTgt=50.79
[WOBBLE_FIRE] team=2 losTgt=50.45
[WOBBLE_FIRE] team=2 losTgt=50.07
[WOBBLE_FIRE] team=2 losTgt=49.64
[WOBBLE_FIRE] team=2 losTgt=49.16
[WOBBLE_FIRE] team=2 losTgt=48.65
[WOBBLE_FIRE] team=2 losTgt=48.09
[WOBBLE_FIRE] team=2 losTgt=47.50
[WOBBLE_FIRE] team=2 losTgt=46.86
[WOBBLE_FIRE] team=2 losTgt=46.18
[WOBBLE_FIRE] team=2 losTgt=45.47
[ACTIVE] [RED] LeadPredict dist=1522.07 dV=3.39529 thr=0.681455 om=0.603861 lt=3
[ACTIVE] [RED] LeadPredict dist=1313.83 dV=-22.8926 thr=0.825755 om=1.26306 lt=3
[ACTIVE] [RED] LeadPredict dist=1329.11 dV=-17.0794 thr=1 om=0.143589 lt=3
[ACTIVE] [RED] LeadPredict dist=1398.11 dV=-6.43051 thr=1 om=0.0176223 lt=3
[ACTIVE] [RED] LeadPredict dist=1279.71 dV=23.9729 thr=1 om=1.29184 lt=3
[ACTIVE] [RED] LeadPredict dist=1092.79 dV=-0.977417 thr=0.684734 om=0.0926552 lt=3
[DUTY] team=1 ticks=24000 v27종말조준=3.43333% v21뱅크예측=78.7083% v17궤도조건=79.6792% v17슬롯적용=75.7917% 상승클램프=0% 강하클램프=15.1542% v23b조건=38.5917% v23b실제적용=38.3042%
[ACTIVE] [RED] LeadPredict dist=1153.6 dV=-1.80054 thr=1 om=0.0277766 lt=3
[ACTIVE] [RED] LeadPredict dist=1099.69 dV=-4.52707 thr=0.608867 om=1.50261 lt=3
[ACTIVE] [RED] ClimbOut Z=2743.21
[WOBBLE_FIRE] team=2 losTgt=45.94
[WOBBLE_FIRE] team=2 losTgt=49.73
[WOBBLE_FIRE] team=2 losTgt=53.84
[WOBBLE_FIRE] team=2 losTgt=57.70
[WOBBLE_FIRE] team=2 losTgt=61.40
[WOBBLE_FIRE] team=2 losTgt=64.99
[WOBBLE_FIRE] team=2 losTgt=68.54
[WOBBLE_FIRE] team=2 losTgt=72.05
[WOBBLE_FIRE] team=2 losTgt=75.53
[WOBBLE_FIRE] team=2 losTgt=78.97
[WOBBLE_FIRE] team=2 losTgt=82.36
[WOBBLE_FIRE] team=2 losTgt=85.69
[WOBBLE_FIRE] team=2 losTgt=88.98
[WOBBLE_FIRE] team=2 losTgt=92.20
[WOBBLE_FIRE] team=2 losTgt=95.35
[WOBBLE_FIRE] team=2 losTgt=98.44
[WOBBLE_FIRE] team=2 losTgt=101.46
[WOBBLE_FIRE] team=2 losTgt=103.25
[WOBBLE_FIRE] team=2 losTgt=102.51
[WOBBLE_FIRE] team=2 losTgt=105.48
[WOBBLE_FIRE] team=2 losTgt=110.80
[WOBBLE_FIRE] team=2 losTgt=111.40
[WOBBLE_FIRE] team=2 losTgt=108.99
[WOBBLE_FIRE] team=2 losTgt=111.29
[WOBBLE_FIRE] team=2 losTgt=117.16
[WOBBLE_FIRE] team=2 losTgt=119.75
[WOBBLE_FIRE] team=2 losTgt=117.09
[WOBBLE_FIRE] team=2 losTgt=116.14
[WOBBLE_FIRE] team=2 losTgt=118.74
[WOBBLE_FIRE] team=2 losTgt=120.69
[WOBBLE_FIRE] team=2 losTgt=120.76
[WOBBLE_FIRE] team=2 losTgt=120.92
[WOBBLE_FIRE] team=2 losTgt=122.31
[WOBBLE_FIRE] team=2 losTgt=123.32
[WOBBLE_FIRE] team=2 losTgt=123.87
[WOBBLE_FIRE] team=2 losTgt=125.05
[WOBBLE_FIRE] team=2 losTgt=125.56
[WOBBLE_FIRE] team=2 losTgt=126.06
[WOBBLE_FIRE] team=2 losTgt=126.40
[WOBBLE_FIRE] team=2 losTgt=126.41
[WOBBLE_FIRE] team=2 losTgt=125.81
[WOBBLE_FIRE] team=2 losTgt=126.24
[ACTIVE] [RED] ClimbOut Z=2097.1
[WOBBLE_FIRE] team=2 losTgt=128.03
[WOBBLE_FIRE] team=2 losTgt=128.44
[WOBBLE_FIRE] team=2 losTgt=129.19
[WOBBLE_FIRE] team=2 losTgt=129.63
[WOBBLE_FIRE] team=2 losTgt=130.31
[WOBBLE_FIRE] team=2 losTgt=130.49
[WOBBLE_FIRE] team=2 losTgt=130.63
[WOBBLE_FIRE] team=2 losTgt=131.40
[WOBBLE_FIRE] team=2 losTgt=131.37
[WOBBLE_FIRE] team=2 losTgt=131.66
[WOBBLE_FIRE] team=2 losTgt=131.31
[WOBBLE_FIRE] team=2 losTgt=130.15
[WOBBLE_FIRE] team=2 losTgt=128.96
[WOBBLE_FIRE] team=2 losTgt=127.62
[WOBBLE_FIRE] team=2 losTgt=126.27
[WOBBLE_FIRE] team=2 losTgt=124.98
[WOBBLE_FIRE] team=2 losTgt=123.69
[WOBBLE_FIRE] team=2 losTgt=122.41
[WOBBLE_FIRE] team=2 losTgt=122.36
[WOBBLE_FIRE] team=2 losTgt=124.66
[WOBBLE_FIRE] team=2 losTgt=124.83
[WOBBLE_FIRE] team=2 losTgt=125.32
[WOBBLE_FIRE] team=2 losTgt=125.16
[WOBBLE_FIRE] team=2 losTgt=125.08
[WOBBLE_FIRE] team=2 losTgt=124.87
[WOBBLE_FIRE] team=2 losTgt=124.85
[WOBBLE_FIRE] team=2 losTgt=124.63
[WOBBLE_FIRE] team=2 losTgt=124.01
[WOBBLE_FIRE] team=2 losTgt=122.77
[WOBBLE_FIRE] team=2 losTgt=121.12
[WOBBLE_FIRE] team=2 losTgt=119.59
[WOBBLE_FIRE] team=2 losTgt=118.12
[WOBBLE_FIRE] team=2 losTgt=116.73
[WOBBLE_FIRE] team=2 losTgt=115.36
[WOBBLE_FIRE] team=2 losTgt=114.02
[WOBBLE_FIRE] team=2 losTgt=112.69
[ACTIVE] [RED] LeadPredict dist=4348.75 dV=28.9115 thr=1 om=1.49299 lt=3
[WOBBLE_FIRE] team=2 losTgt=111.39
[WOBBLE_FIRE] team=2 losTgt=110.11
[WOBBLE_FIRE] team=2 losTgt=108.83
[WOBBLE_FIRE] team=2 losTgt=107.57
[WOBBLE_FIRE] team=2 losTgt=107.51
[WOBBLE_FIRE] team=2 losTgt=109.84
[WOBBLE_FIRE] team=2 losTgt=109.91
[WOBBLE_FIRE] team=2 losTgt=110.20
[WOBBLE_FIRE] team=2 losTgt=109.50
[WOBBLE_FIRE] team=2 losTgt=108.69
[WOBBLE_FIRE] team=2 losTgt=108.22
[WOBBLE_FIRE] team=2 losTgt=107.54
[WOBBLE_FIRE] team=2 losTgt=106.43
[WOBBLE_FIRE] team=2 losTgt=105.03
[WOBBLE_FIRE] team=2 losTgt=103.61
[WOBBLE_FIRE] team=2 losTgt=102.23
[WOBBLE_FIRE] team=2 losTgt=100.90
[WOBBLE_FIRE] team=2 losTgt=99.58
[WOBBLE_FIRE] team=2 losTgt=98.27
[WOBBLE_FIRE] team=2 losTgt=96.98
[WOBBLE_FIRE] team=2 losTgt=95.72
[WOBBLE_FIRE] team=2 losTgt=94.48
[WOBBLE_FIRE] team=2 losTgt=93.25
[WOBBLE_FIRE] team=2 losTgt=92.04
[WOBBLE_FIRE] team=2 losTgt=90.83
[WOBBLE_FIRE] team=2 losTgt=89.63
[WOBBLE_FIRE] team=2 losTgt=88.43
[WOBBLE_FIRE] team=2 losTgt=87.24
[WOBBLE_FIRE] team=2 losTgt=86.06
[WOBBLE_FIRE] team=2 losTgt=84.88
[WOBBLE_FIRE] team=2 losTgt=83.71
[WOBBLE_FIRE] team=2 losTgt=82.55
[WOBBLE_FIRE] team=2 losTgt=81.39
[WOBBLE_FIRE] team=2 losTgt=80.22
[WOBBLE_FIRE] team=2 losTgt=79.05
[WOBBLE_FIRE] team=2 losTgt=77.89
[WOBBLE_FIRE] team=2 losTgt=76.73
[WOBBLE_FIRE] team=2 losTgt=75.57
[WOBBLE_FIRE] team=2 losTgt=74.41
[WOBBLE_FIRE] team=2 losTgt=73.24
[WOBBLE_FIRE] team=2 losTgt=72.06
[WOBBLE_FIRE] team=2 losTgt=70.88
[WOBBLE_FIRE] team=2 losTgt=69.70
[WOBBLE_FIRE] team=2 losTgt=68.50
[WOBBLE_FIRE] team=2 losTgt=67.30
[WOBBLE_FIRE] team=2 losTgt=66.10
[WOBBLE_FIRE] team=2 losTgt=64.88
[WOBBLE_FIRE] team=2 losTgt=63.66
[WOBBLE_FIRE] team=2 losTgt=62.43
[WOBBLE_FIRE] team=2 losTgt=61.19
[WOBBLE_FIRE] team=2 losTgt=59.95
[WOBBLE_FIRE] team=2 losTgt=58.70
[WOBBLE_FIRE] team=2 losTgt=57.44
[WOBBLE_FIRE] team=2 losTgt=56.17
[WOBBLE_FIRE] team=2 losTgt=54.89
[WOBBLE_FIRE] team=2 losTgt=53.60
[WOBBLE_FIRE] team=2 losTgt=52.30
[WOBBLE_FIRE] team=2 losTgt=51.00
[WOBBLE_FIRE] team=2 losTgt=49.68
[WOBBLE_FIRE] team=2 losTgt=48.36
[WOBBLE_FIRE] team=2 losTgt=47.02
[WOBBLE_FIRE] team=2 losTgt=45.68
[ACTIVE] [RED] LeadPredict dist=4224.24 dV=50.8781 thr=1 om=0.996948 lt=3
[ACTIVE] [RED] LeadPredict dist=2157.39 dV=35.4449 thr=0.713594 om=1.42958 lt=3
[ACTIVE] [RED] LeadPredict dist=1301.92 dV=-4.37274 thr=0.778311 om=1.29421 lt=3
[ACTIVE] [RED] LeadPredict dist=1378.68 dV=-2.05774 thr=1 om=0.725453 lt=3
[ACTIVE] [RED] LeadPredict dist=1339 dV=3.60107 thr=1 om=1.26767 lt=3
[ACTIVE] [RED] LeadPredict dist=1102.83 dV=12.7067 thr=0.713375 om=1.1803 lt=3
[ACTIVE] [RED] LeadPredict dist=1115.86 dV=0.257233 thr=1 om=0.0302876 lt=3
[DUTY] team=1 ticks=24600 v27종말조준=3.34959% v21뱅크예측=78.4268% v17궤도조건=79.2317% v17슬롯적용=75.3862% 상승클램프=0% 강하클램프=14.9187% v23b조건=38.5122% v23b실제적용=38.2317%
[ACTIVE] [RED] LeadPredict dist=993.954 dV=16.7708 thr=0.6 om=1.41678 lt=2.78081
[ACTIVE] [RED] LeadPredict dist=975.237 dV=-2.93231 thr=1 om=0.339881 lt=2.94642
[ACTIVE] [RED] LeadPredict dist=976.321 dV=4.57852 thr=1 om=0.230042 lt=2.73857
[ACTIVE] [RED] LeadPredict dist=880.908 dV=20.9377 thr=0.572573 om=1.42736 lt=2.44309
[ACTIVE] [RED] LeadPredict dist=873.563 dV=-3.24097 thr=1 om=0.0570544 lt=0.341182
[ACTIVE] [RED] LeadPredict dist=849.838 dV=3.29242 thr=0.960491 om=0.108857 lt=0
[ACTIVE] [RED] LeadPredict dist=783.379 dV=14.0442 thr=0.644068 om=1.30348 lt=2.27893
[ACTIVE] [RED] LeadPredict dist=802.424 dV=1.38898 thr=0.983332 om=0.189524 lt=2.23457
[ACTIVE] [RED] LeadPredict dist=805.801 dV=5.19583 thr=0.93765 om=0.015548 lt=0
runner:local/env:0	num_steps=[11023] | total rewards=[1042.6836] | termination= [target destroyed]
[seed 12] reward=  1042.68 ownHP=1.0000 tgtHP=-0.0006 target destroyed
total: 2
[ACTIVE] [RED] LeadPredict dist=3280.14 dV=3.18951 thr=1 om=0.914195 lt=3
[DUTY] team=1 ticks=25200 v27종말조준=3.92063% v21뱅크예측=78.5397% v17궤도조건=79.1865% v17슬롯적용=75.4325% 상승클램프=0% 강하클램프=14.7897% v23b조건=38.2817% v23b실제적용=38.0079%
[ACTIVE] [RED] LeadPredict dist=1786.83 dV=-7.45938 thr=0.718623 om=0.0747018 lt=3
[ACTIVE] [RED] LeadPredict dist=2120.65 dV=-37.5541 thr=0.676207 om=0.155225 lt=3
[ACTIVE] [RED] LeadPredict dist=2207.97 dV=-42.5442 thr=0.96 om=1.38406 lt=3
[ACTIVE] [RED] LeadPredict dist=2028.58 dV=-43.4187 thr=0.578476 om=1.50056 lt=3
[ACTIVE] [RED] LeadPredict dist=1629.01 dV=-4.83572 thr=0.776451 om=1.58241 lt=3
[ACTIVE] [RED] LeadPredict dist=1482.36 dV=22.1724 thr=1 om=1.33713 lt=3
[ACTIVE] [RED] LeadPredict dist=1231.77 dV=8.48825 thr=1 om=0.0395973 lt=3
[ACTIVE] [RED] LeadPredict dist=1239.15 dV=-3.34387 thr=1 om=0.138607 lt=3
[ACTIVE] [RED] LeadPredict dist=1129.62 dV=14.3529 thr=1 om=1.29261 lt=3
[ACTIVE] [RED] LeadPredict dist=1124.17 dV=-14.713 thr=1 om=0.036056 lt=3
[DUTY] team=1 ticks=25800 v27종말조준=3.82946% v21뱅크예측=78.5465% v17궤도조건=79.3488% v17슬롯적용=75.6822% 상승클램프=0% 강하클램프=15.2016% v23b조건=38.4225% v23b실제적용=38.155%
[ACTIVE] [RED] LeadPredict dist=1189.97 dV=-6.53339 thr=1 om=0.113132 lt=3
[ACTIVE] [RED] LeadPredict dist=1091.47 dV=21.6065 thr=1 om=1.48951 lt=2.74437
[ACTIVE] [RED] LeadPredict dist=941.834 dV=14.6616 thr=0.776888 om=1.81645 lt=2.65371
[ACTIVE] [RED] LeadPredict dist=903.263 dV=1.5433 thr=0.98148 om=0.0596157 lt=2.65029
[ACTIVE] [RED] LeadPredict dist=881.62 dV=6.53339 thr=0.685827 om=1.42663 lt=2.64019
[ACTIVE] [RED] LeadPredict dist=932.5 dV=-9.10559 thr=1 om=0.111763 lt=2.9633
[ACTIVE] [RED] LeadPredict dist=960.225 dV=0.308655 thr=1 om=0.19181 lt=2.78008
[ACTIVE] [RED] LeadPredict dist=872.864 dV=13.9928 thr=0.612803 om=1.35321 lt=2.48605
[ACTIVE] [RED] LeadPredict dist=922.248 dV=-4.57852 thr=0.829221 om=0.13079 lt=2.81565
[ACTIVE] [RED] LeadPredict dist=965.277 dV=0.565887 thr=1 om=0.278872 lt=2.75329
[DUTY] team=1 ticks=26400 v27종말조준=3.84848% v21뱅크예측=78.7424% v17궤도조건=79.6932% v17슬롯적용=76.1098% 상승클램프=0% 강하클램프=14.8939% v23b조건=38.3902% v23b실제적용=38.1288%
[ACTIVE] [RED] LeadPredict dist=856.116 dV=29.3745 thr=0.704 om=1.27203 lt=2.38351
[ACTIVE] [RED] LeadPredict dist=816.996 dV=5.09296 thr=0.774375 om=0.475724 lt=2.60948
[ACTIVE] [RED] LeadPredict dist=853.583 dV=2.93228 thr=0.964813 om=0.012881 lt=0
[ACTIVE] [RED] LeadPredict dist=817.906 dV=11.2148 thr=0.806515 om=1.30226 lt=2.67704
[ACTIVE] [RED] LeadPredict dist=872.317 dV=0.61734 thr=0.992592 om=1.10207 lt=3
[ACTIVE] [RED] LeadPredict dist=949.337 dV=-5.91605 thr=1 om=0.0550143 lt=3
[ACTIVE] [RED] LeadPredict dist=892.699 dV=9.92868 thr=0.612584 om=1.34184 lt=2.54217
[ACTIVE] [RED] LeadPredict dist=1021.93 dV=0.925995 thr=0.608867 om=1.3597 lt=2.90294
[ACTIVE] [RED] LeadPredict dist=1180.99 dV=-15.6904 thr=1 om=0.199867 lt=3
[ACTIVE] [RED] LeadPredict dist=1214.85 dV=-4.32129 thr=1 om=1.36281 lt=3
[DUTY] team=1 ticks=27000 v27종말조준=4.11111% v21뱅크예측=78.5963% v17궤도조건=79.6852% v17슬롯적용=76.1815% 상승클램프=0% 강하클램프=14.6037% v23b조건=38.5481% v23b실제적용=38.2926%
[ACTIVE] [RED] LeadPredict dist=1125.37 dV=-5.65881 thr=1 om=0.266733 lt=3
[ACTIVE] [RED] LeadPredict dist=1123.46 dV=5.65884 thr=1 om=0.088147 lt=3
runner:local/env:0	num_steps=[11999] | total rewards=[1324.1766] | termination= [max time out]
[seed 13] reward=  1324.18 ownHP=1.0000 tgtHP=0.1002 max time out
total: 2
[WOBBLE_FIRE] team=2 losTgt=91.91
[WOBBLE_FIRE] team=2 losTgt=91.79
[WOBBLE_FIRE] team=2 losTgt=91.46
[WOBBLE_FIRE] team=2 losTgt=91.08
[WOBBLE_FIRE] team=2 losTgt=90.62
[WOBBLE_FIRE] team=2 losTgt=90.01
[WOBBLE_FIRE] team=2 losTgt=89.19
[WOBBLE_FIRE] team=2 losTgt=88.10
[WOBBLE_FIRE] team=2 losTgt=86.76
[WOBBLE_FIRE] team=2 losTgt=85.39
[WOBBLE_FIRE] team=2 losTgt=84.13
[WOBBLE_FIRE] team=2 losTgt=82.97
[WOBBLE_FIRE] team=2 losTgt=81.91
[WOBBLE_FIRE] team=2 losTgt=80.90
[WOBBLE_FIRE] team=2 losTgt=79.93
[WOBBLE_FIRE] team=2 losTgt=78.99
[WOBBLE_FIRE] team=2 losTgt=78.08
[WOBBLE_FIRE] team=2 losTgt=77.21
[WOBBLE_FIRE] team=2 losTgt=76.35
[WOBBLE_FIRE] team=2 losTgt=75.51
[WOBBLE_FIRE] team=2 losTgt=74.69
[WOBBLE_FIRE] team=2 losTgt=73.88
[WOBBLE_FIRE] team=2 losTgt=73.09
[WOBBLE_FIRE] team=2 losTgt=72.31
[WOBBLE_FIRE] team=2 losTgt=71.55
[WOBBLE_FIRE] team=2 losTgt=70.80
[WOBBLE_FIRE] team=2 losTgt=70.07
[WOBBLE_FIRE] team=2 losTgt=69.34
[WOBBLE_FIRE] team=2 losTgt=68.61
[WOBBLE_FIRE] team=2 losTgt=67.89
[WOBBLE_FIRE] team=2 losTgt=67.18
[WOBBLE_FIRE] team=2 losTgt=66.46
[WOBBLE_FIRE] team=2 losTgt=65.74
[WOBBLE_FIRE] team=2 losTgt=65.03
[WOBBLE_FIRE] team=2 losTgt=64.31
[WOBBLE_FIRE] team=2 losTgt=63.58
[ACTIVE] [RED] LeadPredict dist=5071.04 dV=4.7843 thr=1 om=0.125673 lt=3
[WOBBLE_FIRE] team=2 losTgt=62.86
[WOBBLE_FIRE] team=2 losTgt=62.14
[WOBBLE_FIRE] team=2 losTgt=61.40
[WOBBLE_FIRE] team=2 losTgt=60.67
[WOBBLE_FIRE] team=2 losTgt=59.94
[WOBBLE_FIRE] team=2 losTgt=59.20
[WOBBLE_FIRE] team=2 losTgt=58.45
[WOBBLE_FIRE] team=2 losTgt=57.70
[WOBBLE_FIRE] team=2 losTgt=56.95
[WOBBLE_FIRE] team=2 losTgt=56.20
[WOBBLE_FIRE] team=2 losTgt=55.44
[WOBBLE_FIRE] team=2 losTgt=54.68
[WOBBLE_FIRE] team=2 losTgt=53.91
[WOBBLE_FIRE] team=2 losTgt=53.15
[WOBBLE_FIRE] team=2 losTgt=52.39
[WOBBLE_FIRE] team=2 losTgt=51.63
[WOBBLE_FIRE] team=2 losTgt=50.87
[WOBBLE_FIRE] team=2 losTgt=50.11
[WOBBLE_FIRE] team=2 losTgt=49.35
[WOBBLE_FIRE] team=2 losTgt=48.59
[WOBBLE_FIRE] team=2 losTgt=47.83
[WOBBLE_FIRE] team=2 losTgt=47.07
[WOBBLE_FIRE] team=2 losTgt=46.30
[WOBBLE_FIRE] team=2 losTgt=45.52
[ACTIVE] [RED] LeadPredict dist=2980.64 dV=12.0894 thr=1 om=0.73718 lt=3
[WOBBLE_FIRE] team=2 losTgt=46.20
[WOBBLE_FIRE] team=2 losTgt=50.57
[WOBBLE_FIRE] team=2 losTgt=54.80
[WOBBLE_FIRE] team=2 losTgt=58.79
[WOBBLE_FIRE] team=2 losTgt=62.49
[WOBBLE_FIRE] team=2 losTgt=65.99
[WOBBLE_FIRE] team=2 losTgt=69.55
[WOBBLE_FIRE] team=2 losTgt=73.29
[WOBBLE_FIRE] team=2 losTgt=77.05
[WOBBLE_FIRE] team=2 losTgt=80.71
[WOBBLE_FIRE] team=2 losTgt=84.22
[WOBBLE_FIRE] team=2 losTgt=87.54
[ACTIVE] [RED] LeadPredict dist=781.655 dV=62.3501 thr=0.55 om=0.722597 lt=2.24303
[WOBBLE_FIRE] team=2 losTgt=90.65
[WOBBLE_FIRE] team=2 losTgt=93.54
[WOBBLE_FIRE] team=2 losTgt=96.19
[WOBBLE_FIRE] team=2 losTgt=98.60
[WOBBLE_FIRE] team=2 losTgt=100.78
[WOBBLE_FIRE] team=2 losTgt=102.74
[WOBBLE_FIRE] team=2 losTgt=104.49
[WOBBLE_FIRE] team=2 losTgt=106.07
[WOBBLE_FIRE] team=2 losTgt=107.46
[WOBBLE_FIRE] team=2 losTgt=108.70
[WOBBLE_FIRE] team=2 losTgt=109.77
[WOBBLE_FIRE] team=2 losTgt=110.69
[WOBBLE_FIRE] team=2 losTgt=111.47
[WOBBLE_FIRE] team=2 losTgt=112.12
[WOBBLE_FIRE] team=2 losTgt=112.68
[WOBBLE_FIRE] team=2 losTgt=113.13
[WOBBLE_FIRE] team=2 losTgt=113.50
[WOBBLE_FIRE] team=2 losTgt=113.79
[WOBBLE_FIRE] team=2 losTgt=114.01
[WOBBLE_FIRE] team=2 losTgt=114.16
[WOBBLE_FIRE] team=2 losTgt=114.25
[WOBBLE_FIRE] team=2 losTgt=114.29
[WOBBLE_FIRE] team=2 losTgt=114.27
[WOBBLE_FIRE] team=2 losTgt=114.22
[WOBBLE_FIRE] team=2 losTgt=114.12
[WOBBLE_FIRE] team=2 losTgt=113.99
[WOBBLE_FIRE] team=2 losTgt=113.82
[WOBBLE_FIRE] team=2 losTgt=113.62
[WOBBLE_FIRE] team=2 losTgt=113.39
[WOBBLE_FIRE] team=2 losTgt=113.14
[WOBBLE_FIRE] team=2 losTgt=112.86
[WOBBLE_FIRE] team=2 losTgt=112.56
[WOBBLE_FIRE] team=2 losTgt=112.24
[WOBBLE_FIRE] team=2 losTgt=111.90
[WOBBLE_FIRE] team=2 losTgt=111.55
[WOBBLE_FIRE] team=2 losTgt=111.17
[WOBBLE_FIRE] team=2 losTgt=110.79
[WOBBLE_FIRE] team=2 losTgt=110.39
[WOBBLE_FIRE] team=2 losTgt=109.97
[WOBBLE_FIRE] team=2 losTgt=109.54
[WOBBLE_FIRE] team=2 losTgt=109.11
[WOBBLE_FIRE] team=2 losTgt=108.66
[WOBBLE_FIRE] team=2 losTgt=108.20
[WOBBLE_FIRE] team=2 losTgt=107.73
[WOBBLE_FIRE] team=2 losTgt=107.25
[WOBBLE_FIRE] team=2 losTgt=106.77
[WOBBLE_FIRE] team=2 losTgt=106.28
[WOBBLE_FIRE] team=2 losTgt=105.78
[WOBBLE_FIRE] team=2 losTgt=105.27
[WOBBLE_FIRE] team=2 losTgt=104.75
[WOBBLE_FIRE] team=2 losTgt=104.23
[WOBBLE_FIRE] team=2 losTgt=103.69
[WOBBLE_FIRE] team=2 losTgt=103.15
[WOBBLE_FIRE] team=2 losTgt=102.61
[WOBBLE_FIRE] team=2 losTgt=102.06
[WOBBLE_FIRE] team=2 losTgt=101.51
[WOBBLE_FIRE] team=2 losTgt=100.95
[WOBBLE_FIRE] team=2 losTgt=100.39
[WOBBLE_FIRE] team=2 losTgt=99.83
[WOBBLE_FIRE] team=2 losTgt=99.27
[ACTIVE] [RED] LeadPredict dist=3003.26 dV=82.6191 thr=1 om=1.22891 lt=3
[WOBBLE_FIRE] team=2 losTgt=98.71
[WOBBLE_FIRE] team=2 losTgt=98.15
[WOBBLE_FIRE] team=2 losTgt=97.59
[WOBBLE_FIRE] team=2 losTgt=97.02
[WOBBLE_FIRE] team=2 losTgt=96.46
[WOBBLE_FIRE] team=2 losTgt=95.90
[WOBBLE_FIRE] team=2 losTgt=95.33
[WOBBLE_FIRE] team=2 losTgt=94.77
[WOBBLE_FIRE] team=2 losTgt=94.20
[WOBBLE_FIRE] team=2 losTgt=93.64
[WOBBLE_FIRE] team=2 losTgt=93.08
[WOBBLE_FIRE] team=2 losTgt=92.52
[WOBBLE_FIRE] team=2 losTgt=91.96
[WOBBLE_FIRE] team=2 losTgt=91.40
[WOBBLE_FIRE] team=2 losTgt=90.84
[WOBBLE_FIRE] team=2 losTgt=90.29
[WOBBLE_FIRE] team=2 losTgt=89.73
[WOBBLE_FIRE] team=2 losTgt=89.18
[WOBBLE_FIRE] team=2 losTgt=88.62
[WOBBLE_FIRE] team=2 losTgt=88.07
[WOBBLE_FIRE] team=2 losTgt=87.52
[WOBBLE_FIRE] team=2 losTgt=86.97
[WOBBLE_FIRE] team=2 losTgt=86.43
[WOBBLE_FIRE] team=2 losTgt=85.89
[WOBBLE_FIRE] team=2 losTgt=85.34
[WOBBLE_FIRE] team=2 losTgt=84.80
[WOBBLE_FIRE] team=2 losTgt=84.27
[WOBBLE_FIRE] team=2 losTgt=83.73
[WOBBLE_FIRE] team=2 losTgt=83.20
[WOBBLE_FIRE] team=2 losTgt=82.67
[WOBBLE_FIRE] team=2 losTgt=82.14
[WOBBLE_FIRE] team=2 losTgt=81.62
[WOBBLE_FIRE] team=2 losTgt=81.10
[WOBBLE_FIRE] team=2 losTgt=80.58
[WOBBLE_FIRE] team=2 losTgt=80.06
[WOBBLE_FIRE] team=2 losTgt=79.55
[WOBBLE_FIRE] team=2 losTgt=79.04
[WOBBLE_FIRE] team=2 losTgt=78.53
[WOBBLE_FIRE] team=2 losTgt=78.02
[WOBBLE_FIRE] team=2 losTgt=77.51
[WOBBLE_FIRE] team=2 losTgt=77.01
[WOBBLE_FIRE] team=2 losTgt=76.51
[WOBBLE_FIRE] team=2 losTgt=76.02
[WOBBLE_FIRE] team=2 losTgt=75.54
[WOBBLE_FIRE] team=2 losTgt=75.06
[WOBBLE_FIRE] team=2 losTgt=74.59
[WOBBLE_FIRE] team=2 losTgt=74.12
[WOBBLE_FIRE] team=2 losTgt=73.64
[WOBBLE_FIRE] team=2 losTgt=73.14
[WOBBLE_FIRE] team=2 losTgt=72.61
[WOBBLE_FIRE] team=2 losTgt=72.08
[WOBBLE_FIRE] team=2 losTgt=71.54
[WOBBLE_FIRE] team=2 losTgt=71.00
[WOBBLE_FIRE] team=2 losTgt=70.46
[WOBBLE_FIRE] team=2 losTgt=69.92
[WOBBLE_FIRE] team=2 losTgt=69.38
[WOBBLE_FIRE] team=2 losTgt=68.84
[WOBBLE_FIRE] team=2 losTgt=68.30
[WOBBLE_FIRE] team=2 losTgt=67.77
[WOBBLE_FIRE] team=2 losTgt=67.24
[ACTIVE] [RED] LeadPredict dist=2920.73 dV=74.9025 thr=1 om=0.174766 lt=3
[WOBBLE_FIRE] team=2 losTgt=66.72
[WOBBLE_FIRE] team=2 losTgt=66.19
[WOBBLE_FIRE] team=2 losTgt=65.67
[WOBBLE_FIRE] team=2 losTgt=65.15
[WOBBLE_FIRE] team=2 losTgt=64.62
[WOBBLE_FIRE] team=2 losTgt=64.09
[WOBBLE_FIRE] team=2 losTgt=63.56
[WOBBLE_FIRE] team=2 losTgt=63.03
[WOBBLE_FIRE] team=2 losTgt=62.49
[WOBBLE_FIRE] team=2 losTgt=61.94
[WOBBLE_FIRE] team=2 losTgt=61.38
[WOBBLE_FIRE] team=2 losTgt=60.82
[WOBBLE_FIRE] team=2 losTgt=60.27
[WOBBLE_FIRE] team=2 losTgt=59.72
[WOBBLE_FIRE] team=2 losTgt=59.17
[WOBBLE_FIRE] team=2 losTgt=58.62
[WOBBLE_FIRE] team=2 losTgt=58.08
[WOBBLE_FIRE] team=2 losTgt=57.54
[WOBBLE_FIRE] team=2 losTgt=57.00
[WOBBLE_FIRE] team=2 losTgt=56.47
[WOBBLE_FIRE] team=2 losTgt=55.94
[WOBBLE_FIRE] team=2 losTgt=55.39
[WOBBLE_FIRE] team=2 losTgt=54.84
[WOBBLE_FIRE] team=2 losTgt=54.32
[WOBBLE_FIRE] team=2 losTgt=53.80
[WOBBLE_FIRE] team=2 losTgt=53.28
[WOBBLE_FIRE] team=2 losTgt=52.74
[WOBBLE_FIRE] team=2 losTgt=52.16
[WOBBLE_FIRE] team=2 losTgt=51.58
[WOBBLE_FIRE] team=2 losTgt=51.01
[WOBBLE_FIRE] team=2 losTgt=50.42
[WOBBLE_FIRE] team=2 losTgt=49.79
[WOBBLE_FIRE] team=2 losTgt=49.12
[WOBBLE_FIRE] team=2 losTgt=48.43
[WOBBLE_FIRE] team=2 losTgt=47.71
[WOBBLE_FIRE] team=2 losTgt=46.99
[WOBBLE_FIRE] team=2 losTgt=46.25
[WOBBLE_FIRE] team=2 losTgt=45.51
[ACTIVE] [RED] LeadPredict dist=1390.12 dV=15.3818 thr=1 om=0.206415 lt=3
[WOBBLE_FIRE] team=2 losTgt=46.05
[WOBBLE_FIRE] team=2 losTgt=49.88
[WOBBLE_FIRE] team=2 losTgt=53.58
[WOBBLE_FIRE] team=2 losTgt=56.92
[WOBBLE_FIRE] team=2 losTgt=59.74
[WOBBLE_FIRE] team=2 losTgt=62.13
[WOBBLE_FIRE] team=2 losTgt=64.34
[WOBBLE_FIRE] team=2 losTgt=66.47
[WOBBLE_FIRE] team=2 losTgt=68.55
[WOBBLE_FIRE] team=2 losTgt=70.58
[WOBBLE_FIRE] team=2 losTgt=72.51
[WOBBLE_FIRE] team=2 losTgt=74.34
[WOBBLE_FIRE] team=2 losTgt=76.04
[WOBBLE_FIRE] team=2 losTgt=77.62
[WOBBLE_FIRE] team=2 losTgt=79.05
[WOBBLE_FIRE] team=2 losTgt=80.30
[WOBBLE_FIRE] team=2 losTgt=81.38
[WOBBLE_FIRE] team=2 losTgt=82.29
[WOBBLE_FIRE] team=2 losTgt=83.06
[WOBBLE_FIRE] team=2 losTgt=83.70
[WOBBLE_FIRE] team=2 losTgt=84.23
[WOBBLE_FIRE] team=2 losTgt=84.65
[WOBBLE_FIRE] team=2 losTgt=84.97
[WOBBLE_FIRE] team=2 losTgt=85.22
[WOBBLE_FIRE] team=2 losTgt=85.39
[WOBBLE_FIRE] team=2 losTgt=85.49
[WOBBLE_FIRE] team=2 losTgt=85.53
[WOBBLE_FIRE] team=2 losTgt=85.49
[WOBBLE_FIRE] team=2 losTgt=85.38
[WOBBLE_FIRE] team=2 losTgt=85.20
[ACTIVE] [RED] LeadPredict dist=1223.55 dV=-28.5514 thr=1 om=0.713004 lt=3
[WOBBLE_FIRE] team=2 losTgt=84.97
[WOBBLE_FIRE] team=2 losTgt=84.68
[WOBBLE_FIRE] team=2 losTgt=84.34
[WOBBLE_FIRE] team=2 losTgt=83.96
[WOBBLE_FIRE] team=2 losTgt=83.54
[WOBBLE_FIRE] team=2 losTgt=83.08
[WOBBLE_FIRE] team=2 losTgt=82.59
[WOBBLE_FIRE] team=2 losTgt=82.07
[WOBBLE_FIRE] team=2 losTgt=81.52
[WOBBLE_FIRE] team=2 losTgt=80.94
[WOBBLE_FIRE] team=2 losTgt=80.33
[WOBBLE_FIRE] team=2 losTgt=79.66
[WOBBLE_FIRE] team=2 losTgt=78.97
[WOBBLE_FIRE] team=2 losTgt=78.24
[WOBBLE_FIRE] team=2 losTgt=77.50
[WOBBLE_FIRE] team=2 losTgt=76.73
[WOBBLE_FIRE] team=2 losTgt=75.97
[WOBBLE_FIRE] team=2 losTgt=75.18
[WOBBLE_FIRE] team=2 losTgt=74.39
[WOBBLE_FIRE] team=2 losTgt=73.58
[WOBBLE_FIRE] team=2 losTgt=72.76
[WOBBLE_FIRE] team=2 losTgt=71.93
[WOBBLE_FIRE] team=2 losTgt=71.08
[WOBBLE_FIRE] team=2 losTgt=70.22
[WOBBLE_FIRE] team=2 losTgt=69.35
[WOBBLE_FIRE] team=2 losTgt=68.46
[WOBBLE_FIRE] team=2 losTgt=67.56
[WOBBLE_FIRE] team=2 losTgt=66.65
[WOBBLE_FIRE] team=2 losTgt=65.72
[WOBBLE_FIRE] team=2 losTgt=64.78
[WOBBLE_FIRE] team=2 losTgt=63.84
[WOBBLE_FIRE] team=2 losTgt=62.88
[WOBBLE_FIRE] team=2 losTgt=61.90
[WOBBLE_FIRE] team=2 losTgt=60.92
[WOBBLE_FIRE] team=2 losTgt=59.92
[WOBBLE_FIRE] team=2 losTgt=58.92
[WOBBLE_FIRE] team=2 losTgt=57.90
[WOBBLE_FIRE] team=2 losTgt=56.88
[WOBBLE_FIRE] team=2 losTgt=55.84
[WOBBLE_FIRE] team=2 losTgt=54.79
[WOBBLE_FIRE] team=2 losTgt=53.73
[WOBBLE_FIRE] team=2 losTgt=52.67
[WOBBLE_FIRE] team=2 losTgt=51.59
[WOBBLE_FIRE] team=2 losTgt=50.50
[WOBBLE_FIRE] team=2 losTgt=49.40
[WOBBLE_FIRE] team=2 losTgt=48.29
[WOBBLE_FIRE] team=2 losTgt=47.18
[WOBBLE_FIRE] team=2 losTgt=46.05
[ACTIVE] [RED] LeadPredict dist=1987.17 dV=-57.6173 thr=1 om=0.698412 lt=3
[DUTY] team=1 ticks=27600 v27종말조준=4.03261% v21뱅크예측=78.9493% v17궤도조건=79.3587% v17슬롯적용=75.7319% 상승클램프=0% 강하클램프=14.8949% v23b조건=38.1703% v23b실제적용=37.8406%
[ACTIVE] [RED] LeadPredict dist=1676.51 dV=-30.0948 thr=0.92 om=0.719633 lt=3
[ACTIVE] [RED] LeadPredict dist=2110.38 dV=-24.4359 thr=0.799737 om=1.34319 lt=3
[ACTIVE] [RED] LeadPredict dist=2184.26 dV=-36.6796 thr=1 om=0.892805 lt=3
[ACTIVE] [RED] LeadPredict dist=1960.52 dV=-18.9828 thr=0.723651 om=0.902564 lt=3
[ACTIVE] [RED] LeadPredict dist=2176.99 dV=-25.4648 thr=0.753386 om=0.0201326 lt=3
[ACTIVE] [RED] LeadPredict dist=2384.01 dV=-28.963 thr=1 om=0.987786 lt=3
[ACTIVE] [RED] LeadPredict dist=2162.28 dV=-23.87 thr=1 om=0.98735 lt=3
[ACTIVE] [RED] LeadPredict dist=2033.19 dV=-53.0902 thr=0.683422 om=0.0149979 lt=3
[ACTIVE] [RED] LeadPredict dist=2413.51 dV=-59.6236 thr=0.627233 om=1.3047 lt=3
[ACTIVE] [RED] LeadPredict dist=2052.59 dV=-15.9476 thr=1 om=0.955163 lt=3
[DUTY] team=1 ticks=28200 v27종말조준=3.94681% v21뱅크예측=78.9929% v17궤도조건=79.4255% v17슬롯적용=75.8759% 상승클램프=0% 강하클램프=15.234% v23b조건=38.5426% v23b실제적용=38.2199%
[ACTIVE] [RED] LeadPredict dist=1919.08 dV=-29.2716 thr=1 om=0.0135373 lt=3
[ACTIVE] [RED] LeadPredict dist=2018.38 dV=-8.4368 thr=1 om=1.11686 lt=3
[ACTIVE] [RED] LeadPredict dist=1713.74 dV=-1.69766 thr=1 om=1.04168 lt=3
[ACTIVE] [RED] LeadPredict dist=1663.21 dV=-40.1263 thr=0.724307 om=0.020648 lt=3
[ACTIVE] [RED] LeadPredict dist=1932.62 dV=-36.7825 thr=1 om=1.3395 lt=3
[ACTIVE] [RED] LeadPredict dist=1730.95 dV=-27.9341 thr=0.5459 om=1.40538 lt=3
[ACTIVE] [RED] LeadPredict dist=1883.22 dV=-59.9837 thr=0.703068 om=0.652517 lt=3
[ACTIVE] [RED] LeadPredict dist=2006.12 dV=-19.7031 thr=1 om=1.59798 lt=3
[ACTIVE] [RED] LeadPredict dist=1621.19 dV=-10.4431 thr=1 om=0.0624893 lt=3
[ACTIVE] [RED] LeadPredict dist=1696.14 dV=-20.0117 thr=1 om=0.0422135 lt=3
[DUTY] team=1 ticks=28800 v27종말조준=3.86458% v21뱅크예측=78.559% v17궤도조건=79.1181% v17슬롯적용=75.6424% 상승클램프=0% 강하클램프=15.4653% v23b조건=38.3368% v23b실제적용=38.0208%
[ACTIVE] [RED] LeadPredict dist=1717.92 dV=6.48193 thr=1 om=1.58103 lt=3
[ACTIVE] [RED] LeadPredict dist=1317.69 dV=-3.49817 thr=0.589595 om=0.0227512 lt=3
[ACTIVE] [RED] LeadPredict dist=1384.67 dV=-6.12183 thr=1 om=0.0442812 lt=3
[ACTIVE] [RED] LeadPredict dist=1355.45 dV=10.083 thr=1 om=1.60293 lt=3
[ACTIVE] [RED] ClimbOut Z=2896.63
[WOBBLE_FIRE] team=2 losTgt=46.68
[WOBBLE_FIRE] team=2 losTgt=49.01
[WOBBLE_FIRE] team=2 losTgt=51.34
[WOBBLE_FIRE] team=2 losTgt=53.66
[WOBBLE_FIRE] team=2 losTgt=55.97
[WOBBLE_FIRE] team=2 losTgt=58.27
[WOBBLE_FIRE] team=2 losTgt=60.54
[WOBBLE_FIRE] team=2 losTgt=62.80
[WOBBLE_FIRE] team=2 losTgt=63.95
[WOBBLE_FIRE] team=2 losTgt=63.49
[WOBBLE_FIRE] team=2 losTgt=65.62
[WOBBLE_FIRE] team=2 losTgt=68.45
[WOBBLE_FIRE] team=2 losTgt=68.87
[WOBBLE_FIRE] team=2 losTgt=68.34
[WOBBLE_FIRE] team=2 losTgt=69.73
[WOBBLE_FIRE] team=2 losTgt=71.11
[WOBBLE_FIRE] team=2 losTgt=72.36
[WOBBLE_FIRE] team=2 losTgt=72.23
[WOBBLE_FIRE] team=2 losTgt=73.45
[WOBBLE_FIRE] team=2 losTgt=75.71
[WOBBLE_FIRE] team=2 losTgt=77.02
[WOBBLE_FIRE] team=2 losTgt=76.61
[WOBBLE_FIRE] team=2 losTgt=77.24
[WOBBLE_FIRE] team=2 losTgt=77.27
[WOBBLE_FIRE] team=2 losTgt=76.19
[WOBBLE_FIRE] team=2 losTgt=77.56
[WOBBLE_FIRE] team=2 losTgt=78.82
[WOBBLE_FIRE] team=2 losTgt=79.79
[ACTIVE] [RED] LeadPredict dist=1772.72 dV=5.24731 thr=0.466097 om=6.16653 lt=3
[WOBBLE_FIRE] team=2 losTgt=81.07
[WOBBLE_FIRE] team=2 losTgt=81.14
[WOBBLE_FIRE] team=2 losTgt=81.44
[WOBBLE_FIRE] team=2 losTgt=82.06
[WOBBLE_FIRE] team=2 losTgt=81.42
[WOBBLE_FIRE] team=2 losTgt=81.58
[WOBBLE_FIRE] team=2 losTgt=82.83
[WOBBLE_FIRE] team=2 losTgt=84.25
[WOBBLE_FIRE] team=2 losTgt=83.09
[WOBBLE_FIRE] team=2 losTgt=82.16
runner:local/env:0	num_steps=[11999] | total rewards=[547.5125] | termination= [max time out]
[seed 14] reward=   547.51 ownHP=1.0000 tgtHP=1.0000 max time out
Remove Space Complete.

[rehearsal own_rep=6 tgt_rep=6 seeds=15]
SUMMARY dealt=5.8161 taken=0.0000 mean_reward=929.06
tacview log saved (last episode)

########## dtfix_orbit vs ACE ##########


     JSBSim Flight Dynamics Model v1.0.0 May 27 2026 16:13:38
            [JSBSim-ML v2.0]

JSBSim startup beginning ...

total: 2
Behavior Tree Initialized Successfully
[ACTIVE] [RED] LeadPredict dist=3833.26 dV=-8.74548 thr=1 om=0.354759 lt=3
[ACTIVE] [RED] LeadPredict dist=2748.79 dV=-7.97382 thr=1 om=0.654471 lt=3
[ACTIVE] [RED] LeadPredict dist=1130.37 dV=-5.45306 thr=1 om=1.34108 lt=3
[ACTIVE] [RED] LeadPredict dist=1291.39 dV=7.20215 thr=1 om=0.68203 lt=3
[ACTIVE] [RED] Evade Z=3530.16
[ACTIVE] [RED] Evade Z=4386.59
[ACTIVE] [RED] Evade Z=5143.99
[ACTIVE] [RED] Evade Z=5518.54
[ACTIVE] [RED] Evade Z=5564.58
[ACTIVE] [RED] Evade Z=5563.06
[ACTIVE] [RED] Evade Z=5115.99
[ACTIVE] [RED] LeadPredict dist=932.734 dV=-0.360107 thr=1 om=0 lt=2.81932
[ACTIVE] [RED] Evade Z=3618.36
[ACTIVE] [RED] ClimbOut Z=3262.57
[ACTIVE] [RED] ClimbOut Z=2372.96
[ACTIVE] [RED] LeadPredict dist=883.052 dV=-3.03519 thr=0.576071 om=0.679811 lt=2.45464
[ACTIVE] [RED] Evade Z=3228.55
[ACTIVE] [RED] LeadPredict dist=357.888 dV=-36.268 thr=0.834938 om=0.986707 lt=1.1976
[ACTIVE] [RED] LeadPredict dist=198.277 dV=-6.17328 thr=0.954079 om=0.984572 lt=0.706161
[ACTIVE] [RED] LeadPredict dist=166.354 dV=-21.1949 thr=0.976314 om=0.237063 lt=0.694519
[ACTIVE] [RED] LeadPredict dist=318.38 dV=-4.99007 thr=0.968 om=2.01397 lt=1.38392
[DUTY] team=1 ticks=600 v27종말조준=0.5% v21뱅크예측=82.5% v17궤도조건=72.6667% v17슬롯적용=5.16667% 상승클램프=0% 강하클램프=5.16667% v23b조건=12.8333% v23b실제적용=12.8333%
[ACTIVE] [RED] LeadPredict dist=304.322 dV=-22.9955 thr=1 om=1.03014 lt=1.38896
[ACTIVE] [RED] LeadPredict dist=765.08 dV=-28.8086 thr=1 om=1.65378 lt=3
[ACTIVE] [RED] LeadPredict dist=760.745 dV=2.72653 thr=0.967282 om=1.59577 lt=2.98503
[ACTIVE] [RED] LeadPredict dist=1063.34 dV=0.0514221 thr=1 om=1.52765 lt=3
[ACTIVE] [RED] LeadPredict dist=1421.78 dV=1.85199 thr=0.792522 om=0.677629 lt=3
[ACTIVE] [RED] LeadPredict dist=1524.58 dV=9.05414 thr=0.69982 om=1.3818 lt=3
[ACTIVE] [RED] LeadPredict dist=1095.31 dV=23.87 thr=0.763225 om=1.58562 lt=3
[ACTIVE] [RED] LeadPredict dist=1048.48 dV=3.6011 thr=1 om=1.62535 lt=3
[ACTIVE] [RED] LeadPredict dist=949.929 dV=5.45306 thr=1 om=1.56742 lt=3
[ACTIVE] [RED] LeadPredict dist=1050.3 dV=14.7644 thr=0.820726 om=1.56603 lt=3
[DUTY] team=1 ticks=1200 v27종말조준=0.25% v21뱅크예측=91% v17궤도조건=86.3333% v17슬롯적용=49.75% 상승클램프=0% 강하클램프=9% v23b조건=24.9167% v23b실제적용=24.9167%
[ACTIVE] [RED] LeadPredict dist=1045.64 dV=23.7157 thr=0.865547 om=1.1495 lt=3
[ACTIVE] [RED] LeadPredict dist=1002.57 dV=2.05777 thr=1 om=1.41857 lt=3
[ACTIVE] [RED] LeadPredict dist=1529.45 dV=5.40161 thr=1 om=0.90771 lt=3
[ACTIVE] [RED] LeadPredict dist=1405.59 dV=17.6967 thr=1 om=1.63818 lt=3
[ACTIVE] [RED] LeadPredict dist=1009.92 dV=16.7193 thr=0.811106 om=0.819583 lt=3
[ACTIVE] [RED] LeadPredict dist=908.065 dV=32.1525 thr=0.674479 om=1.61854 lt=2.85855
[ACTIVE] [RED] LeadPredict dist=1189.99 dV=26.9052 thr=0.847619 om=2.04681 lt=3
init ID:1 Lat37.92355643001773 Lon128.18188127777776 Alt(meter)7000.0785355893395 Speed(m/sec)300.0
init ID:1 Lat37.96855377446113 Lon128.18188127777776 Alt(meter)7002.8272734023885 Speed(m/sec)300.0
runner:local/env:0	num_steps=[11999] | total rewards=[134.4834] | termination= [max time out]
[seed 0] reward=   134.48 ownHP=1.0000 tgtHP=0.9991 max time out
total: 2
[ACTIVE] [RED] LeadPredict dist=4279.16 dV=-7.97385 thr=1 om=0.219773 lt=3
[ACTIVE] [RED] LeadPredict dist=1834.79 dV=-16.3592 thr=1 om=0.771856 lt=3
[ACTIVE] [RED] LeadPredict dist=1301.9 dV=1.44043 thr=0.62767 om=1.18474 lt=3
[DUTY] team=1 ticks=1800 v27종말조준=0.166667% v21뱅크예측=92.9444% v17궤도조건=86.5556% v17슬롯적용=59.7222% 상승클램프=0% 강하클램프=8.44444% v23b조건=32.1667% v23b실제적용=30.2222%
[ACTIVE] [RED] LeadPredict dist=460.429 dV=-11.3691 thr=0.7811 om=2.19331 lt=1.22219
[ACTIVE] [RED] ClimbOut Z=2548.49
[ACTIVE] [RED] Evade Z=2059.16
[DUTY_EV] team=1 evadeTicks=300 v31?섍컯?섏꽑(>3000m)=93.6667% 以묎컙(2200~3000)=5.66667% ?곸듅(<2200)=0.666667%
[ACTIVE] [RED] ClimbOut Z=1960.99
[ACTIVE] [RED] LeadPredict dist=1170.19 dV=-13.9928 thr=0.66615 om=0.412732 lt=3
[ACTIVE] [RED] Evade Z=3385.52
[ACTIVE] [RED] LeadPredict dist=521.505 dV=-29.5288 thr=1 om=0.777475 lt=1.82228
[ACTIVE] [RED] LeadPredict dist=629.598 dV=-3.13806 thr=1 om=1.17032 lt=2.27651
[ACTIVE] [RED] LeadPredict dist=629.804 dV=-35.7536 thr=1 om=1.13245 lt=2.51283
[ACTIVE] [RED] LeadPredict dist=691.345 dV=9.25992 thr=0.914444 om=1.74785 lt=2.49236
[ACTIVE] [RED] LeadPredict dist=219.148 dV=-29.3745 thr=1 om=0.689632 lt=0.820955
[ACTIVE] [RED] LeadPredict dist=1138.61 dV=-40.1778 thr=1 om=0.140721 lt=3
[ACTIVE] [RED] LeadPredict dist=938.528 dV=-6.17328 thr=0.795583 om=1.268 lt=3
[ACTIVE] [RED] LeadPredict dist=1084.42 dV=-13.1696 thr=0.735895 om=1.20362 lt=3
[DUTY] team=1 ticks=2400 v27종말조준=0.416667% v21뱅크예측=89.0833% v17궤도조건=89.8333% v17슬롯적용=54.0833% 상승클램프=0% 강하클램프=13.9167% v23b조건=33.9167% v23b실제적용=32.4583%
[ACTIVE] [RED] LeadPredict dist=1066.02 dV=11.1119 thr=0.657623 om=1.36499 lt=3
[ACTIVE] [RED] LeadPredict dist=1246.25 dV=20.5776 thr=0.789243 om=1.60045 lt=3
[ACTIVE] [RED] LeadPredict dist=1114.1 dV=14.1985 thr=0.864235 om=1.57378 lt=3
[ACTIVE] [RED] LeadPredict dist=1031.48 dV=5.35019 thr=0.88 om=1.5264 lt=3
[ACTIVE] [RED] LeadPredict dist=1053.24 dV=19.1886 thr=0.787493 om=1.55381 lt=3
[ACTIVE] [RED] LeadPredict dist=1026.22 dV=29.5288 thr=0.849805 om=1.77001 lt=3
[ACTIVE] [RED] LeadPredict dist=982.42 dV=10.3402 thr=1 om=1.4241 lt=3
[ACTIVE] [RED] LeadPredict dist=1338.84 dV=8.23102 thr=0.869264 om=1.6141 lt=3
[ACTIVE] [RED] LeadPredict dist=907.592 dV=21.1435 thr=0.746278 om=1.74172 lt=3
[ACTIVE] [RED] LeadPredict dist=1117.24 dV=9.31137 thr=1 om=1.33459 lt=3
[DUTY] team=1 ticks=3000 v27종말조준=0.333333% v21뱅크예측=91.1667% v17궤도조건=91.8667% v17슬롯적용=63.2667% 상승클램프=0% 강하클램프=11.1333% v23b조건=39.3% v23b실제적용=37.7333%
[ACTIVE] [RED] LeadPredict dist=1279.1 dV=-5.45306 thr=1 om=1.46244 lt=3
[ACTIVE] [RED] LeadPredict dist=1341.02 dV=4.26987 thr=1 om=1.69586 lt=3
[ACTIVE] [RED] LeadPredict dist=1052.48 dV=29.1173 thr=0.804766 om=1.67328 lt=3
[ACTIVE] [RED] LeadPredict dist=910.06 dV=10.5975 thr=0.96 om=1.5988 lt=3
[ACTIVE] [RED] LeadPredict dist=966.163 dV=12.861 thr=0.957561 om=1.59148 lt=3
[ACTIVE] [RED] LeadPredict dist=1096.6 dV=20.9892 thr=0.847837 om=1.91197 lt=3
[ACTIVE] [RED] LeadPredict dist=833.331 dV=1.5433 thr=0.98148 om=1.57555 lt=2.95275
[ACTIVE] [RED] LeadPredict dist=1045.2 dV=1.64621 thr=1 om=1.20581 lt=3
runner:local/env:0	num_steps=[11999] | total rewards=[263.2239] | termination= [max time out]
[seed 1] reward=   263.22 ownHP=1.0000 tgtHP=0.9925 max time out
total: 2
[ACTIVE] [RED] LeadPredict dist=3411.3 dV=8.38538 thr=1 om=0.571864 lt=3
[ACTIVE] [RED] LeadPredict dist=468.129 dV=25.8763 thr=0.689484 om=1.47153 lt=1.44281
[DUTY] team=1 ticks=3600 v27종말조준=0.277778% v21뱅크예측=92.0833% v17궤도조건=92% v17슬롯적용=68.1667% 상승클램프=0% 강하클램프=11.7222% v23b조건=40.2778% v23b실제적용=36.3333%
[ACTIVE] [RED] LeadPredict dist=3170.61 dV=51.2897 thr=1 om=1.05111 lt=3
[ACTIVE] [RED] LeadPredict dist=3263.42 dV=43.1101 thr=1 om=1.04143 lt=3
[ACTIVE] [RED] LeadPredict dist=582.972 dV=-12.6038 thr=0.592688 om=1.11398 lt=1.63831
[ACTIVE] [RED] LeadPredict dist=2338.94 dV=-26.8538 thr=0.657842 om=1.41973 lt=3
[ACTIVE] [RED] ClimbOut Z=2637.4
[ACTIVE] [RED] LeadPredict dist=1339.03 dV=35.9594 thr=0.649534 om=1.53106 lt=3
[ACTIVE] [RED] LeadPredict dist=409.35 dV=7.61371 thr=0.836249 om=1.5701 lt=1.37122
[ACTIVE] [RED] LeadPredict dist=956.01 dV=-10.083 thr=1 om=1.46028 lt=3
[ACTIVE] [RED] LeadPredict dist=930.282 dV=26.7509 thr=0.779999 om=1.83069 lt=3
[ACTIVE] [RED] LeadPredict dist=247.729 dV=-28.6543 thr=1 om=0.853164 lt=0.906536
[ACTIVE] [RED] LeadPredict dist=886.439 dV=-36.268 thr=1 om=0.423932 lt=3
[DUTY] team=1 ticks=4200 v27종말조준=0.238095% v21뱅크예측=93.0714% v17궤도조건=90.881% v17슬롯적용=65.0238% 상승클램프=0% 강하클램프=15.2619% v23b조건=40.7619% v23b실제적용=36.8571%
[ACTIVE] [RED] LeadPredict dist=1110.52 dV=-2.98373 thr=0.793834 om=1.64048 lt=3
[ACTIVE] [RED] LeadPredict dist=1015.38 dV=9.62003 thr=0.82335 om=1.57629 lt=3
[ACTIVE] [RED] LeadPredict dist=1395.45 dV=4.47562 thr=1 om=2.11624 lt=3
[ACTIVE] [RED] LeadPredict dist=1121.91 dV=11.6778 thr=1 om=1.60942 lt=3
[ACTIVE] [RED] LeadPredict dist=1278.14 dV=10.0316 thr=0.981174 om=1.56558 lt=3
[ACTIVE] [RED] LeadPredict dist=952.718 dV=25.3619 thr=0.858988 om=1.7365 lt=3
[ACTIVE] [RED] LeadPredict dist=930.275 dV=6.12186 thr=1 om=1.39373 lt=3
[ACTIVE] [RED] LeadPredict dist=1197.86 dV=14.713 thr=0.862705 om=1.63283 lt=3
[ACTIVE] [RED] LeadPredict dist=963.039 dV=20.5262 thr=0.823569 om=1.53747 lt=3
[ACTIVE] [RED] LeadPredict dist=835.641 dV=31.4837 thr=0.622195 om=1.63544 lt=2.68358
[DUTY] team=1 ticks=4800 v27종말조준=0.208333% v21뱅크예측=93.8333% v17궤도조건=91.9792% v17슬롯적용=69.3542% 상승클램프=0% 강하클램프=13.7917% v23b조건=43.1042% v23b실제적용=39.125%
[ACTIVE] [RED] LeadPredict dist=1137.34 dV=12.7067 thr=0.864672 om=1.94061 lt=3
[ACTIVE] [RED] LeadPredict dist=1026.79 dV=-4.21838 thr=1 om=0.771809 lt=3
[ACTIVE] [RED] LeadPredict dist=1338.72 dV=8.69403 thr=1 om=1.60086 lt=3
[ACTIVE] [RED] LeadPredict dist=1090.38 dV=20.9377 thr=0.789461 om=0.227542 lt=3
[ACTIVE] [RED] LeadPredict dist=880.271 dV=42.8014 thr=0.55 om=1.64641 lt=2.73037
[ACTIVE] [RED] LeadPredict dist=1024.98 dV=15.5875 thr=0.856583 om=1.99486 lt=3
[ACTIVE] [RED] LeadPredict dist=1062.8 dV=4.7843 thr=0.843464 om=1.57012 lt=3
[ACTIVE] [RED] LeadPredict dist=861.643 dV=14.5587 thr=0.817447 om=1.2769 lt=2.84414
[ACTIVE] [RED] LeadPredict dist=1049.2 dV=-9.36279 thr=1 om=0.531541 lt=3
[ACTIVE] [RED] LeadPredict dist=910.485 dV=35.5478 thr=0.591637 om=1.63432 lt=2.85599
[DUTY] team=1 ticks=5400 v27종말조준=0.185185% v21뱅크예측=94.4074% v17궤도조건=92.8519% v17슬롯적용=72.7407% 상승클램프=0% 강하클램프=12.2593% v23b조건=44.9259% v23b실제적용=39.4815%
[ACTIVE] [RED] LeadPredict dist=1226.98 dV=19.3944 thr=0.826192 om=1.74824 lt=3
runner:local/env:0	num_steps=[11999] | total rewards=[268.2828] | termination= [max time out]
[seed 2] reward=   268.28 ownHP=1.0000 tgtHP=0.9765 max time out
total: 2
[ACTIVE] [RED] LeadPredict dist=3453.51 dV=16.8222 thr=1 om=0.542787 lt=3
[ACTIVE] [RED] LeadPredict dist=734.195 dV=48.666 thr=0.55 om=0.298615 lt=2.22752
[ACTIVE] [RED] LeadPredict dist=2949.04 dV=107.364 thr=0.98111 om=1.31885 lt=3
[ACTIVE] [RED] LeadPredict dist=3721.33 dV=128.507 thr=1 om=1.25362 lt=3
[ACTIVE] [RED] LeadPredict dist=1531.21 dV=28.7572 thr=1 om=0.696256 lt=3
[ACTIVE] [RED] Evade Z=5649.25
[ACTIVE] [RED] LeadPredict dist=1727.82 dV=-37.657 thr=0.828597 om=1.01737 lt=3
[ACTIVE] [RED] LeadPredict dist=875.757 dV=0.82309 thr=0.771752 om=0.0945422 lt=2.79165
[ACTIVE] [RED] LeadPredict dist=1516.97 dV=41.9783 thr=0.625046 om=1.22049 lt=3
[ACTIVE] [RED] LeadPredict dist=594.983 dV=-12.1408 thr=0.699601 om=0.769588 lt=1.79926
[DUTY] team=1 ticks=6000 v27종말조준=0.166667% v21뱅크예측=94.1667% v17궤도조건=90.6667% v17슬롯적용=69.7167% 상승클램프=0% 강하클램프=15% v23b조건=46.4833% v23b실제적용=40.8667%
[ACTIVE] [RED] LeadPredict dist=1060.97 dV=-34.416 thr=0.808483 om=1.20056 lt=3
[ACTIVE] [RED] ClimbOut Z=2705.12
[ACTIVE] [RED] LeadPredict dist=1004.81 dV=19.1371 thr=0.646035 om=1.53448 lt=2.92702
[ACTIVE] [RED] LeadPredict dist=802.525 dV=-8.48828 thr=0.72387 om=1.32738 lt=2.46952
[ACTIVE] [RED] LeadPredict dist=1034.41 dV=15.8448 thr=0.782027 om=1.51606 lt=3
[ACTIVE] [RED] LeadPredict dist=1001.46 dV=7.15073 thr=1 om=1.68101 lt=3
[ACTIVE] [RED] LeadPredict dist=953.476 dV=-7.1507 thr=1 om=1.7084 lt=3
[ACTIVE] [RED] LeadPredict dist=964.209 dV=-6.53339 thr=1 om=0.0923628 lt=3
[ACTIVE] [RED] LeadPredict dist=897.158 dV=23.8186 thr=0.714177 om=1.67517 lt=3
[ACTIVE] [RED] LeadPredict dist=935.48 dV=24.1787 thr=0.868866 om=1.67813 lt=3
[ACTIVE] [RED] LeadPredict dist=882.385 dV=16.8222 thr=0.928 om=1.7126 lt=3
[DUTY] team=1 ticks=6600 v27종말조준=0.227273% v21뱅크예측=94.5152% v17궤도조건=91.5152% v17슬롯적용=71.697% 상승클램프=0% 강하클램프=14.9091% v23b조건=47.0152% v23b실제적용=41.3939%
[ACTIVE] [RED] LeadPredict dist=1192.24 dV=5.24731 thr=1 om=1.70488 lt=3
[ACTIVE] [RED] LeadPredict dist=978.128 dV=32.8213 thr=0.977999 om=1.11183 lt=3
[ACTIVE] [RED] LeadPredict dist=806.388 dV=16.6678 thr=0.936 om=1.37304 lt=2.98971
[ACTIVE] [RED] LeadPredict dist=1160.68 dV=-7.76807 thr=1 om=1.70087 lt=3
[ACTIVE] [RED] LeadPredict dist=1035.17 dV=7.25363 thr=1 om=2.08789 lt=3
[ACTIVE] [RED] LeadPredict dist=1190.01 dV=7.20215 thr=1 om=1.60157 lt=3
[ACTIVE] [RED] LeadPredict dist=913.461 dV=31.3809 thr=0.788597 om=1.75642 lt=3
[ACTIVE] [RED] LeadPredict dist=829.195 dV=8.4368 thr=0.900018 om=1.6643 lt=2.95859
[ACTIVE] [RED] LeadPredict dist=1258.78 dV=-0.565887 thr=0.88 om=1.69251 lt=3
[ACTIVE] [RED] LeadPredict dist=921.204 dV=17.5424 thr=0.85702 om=1.69146 lt=3
[DUTY] team=1 ticks=7200 v27종말조준=0.319444% v21뱅크예측=94.9167% v17궤도조건=92.2222% v17슬롯적용=74.0556% 상승클램프=0% 강하클램프=13.6667% v23b조건=44.7222% v23b실제적용=39.0972%
[ACTIVE] [RED] LeadPredict dist=1043.81 dV=-1.85199 thr=1 om=1.28273 lt=3
[ACTIVE] [RED] LeadPredict dist=1291.85 dV=7.92236 thr=0.849805 om=1.51415 lt=3
[ACTIVE] [RED] LeadPredict dist=1173.02 dV=20.4747 thr=0.825318 om=1.57941 lt=3
[ACTIVE] [RED] LeadPredict dist=1013.67 dV=13.8899 thr=0.924766 om=1.61329 lt=3
runner:local/env:0	num_steps=[11999] | total rewards=[282.1903] | termination= [max time out]
[seed 3] reward=   282.19 ownHP=1.0000 tgtHP=0.9934 max time out
total: 2
[ACTIVE] [RED] LeadPredict dist=2209.18 dV=3.34384 thr=1 om=0.34379 lt=3
[ACTIVE] [RED] LeadPredict dist=1080.17 dV=30.9693 thr=0.617394 om=1.08863 lt=3
[ACTIVE] [RED] LeadPredict dist=935.554 dV=2.62366 thr=0.903229 om=0.575566 lt=2.58874
[ACTIVE] [RED] Evade Z=4052.68
[ACTIVE] [RED] ClimbOut Z=2550.11
[ACTIVE] [RED] LeadPredict dist=834.577 dV=8.02527 thr=0.581975 om=0.411867 lt=2.32889
[ACTIVE] [RED] Evade Z=3376.91
[ACTIVE] [RED] LeadPredict dist=472.827 dV=-24.7446 thr=0.806952 om=1.25804 lt=1.5481
[ACTIVE] [RED] LeadPredict dist=470.504 dV=17.028 thr=0.795665 om=1.82471 lt=1.58591
[DUTY] team=1 ticks=7800 v27종말조준=0.294872% v21뱅크예측=93.9487% v17궤도조건=92.1923% v17슬롯적용=72.0385% 상승클램프=0% 강하클램프=13.5769% v23b조건=45.6538% v23b실제적용=40.3205%
[ACTIVE] [RED] LeadPredict dist=158.539 dV=-12.8095 thr=0.942 om=0.386485 lt=0.604387
[ACTIVE] [RED] LeadPredict dist=210.861 dV=-6.68771 thr=0.960253 om=0.162149 lt=0.867849
[ACTIVE] [RED] LeadPredict dist=679.787 dV=17.028 thr=0.795664 om=0.802499 lt=2.64388
[ACTIVE] [RED] LeadPredict dist=664.291 dV=-25.9792 thr=1 om=1.22744 lt=2.78295
[ACTIVE] [RED] LeadPredict dist=559.495 dV=12.0894 thr=0.883451 om=1.7728 lt=2.07633
[ACTIVE] [RED] LeadPredict dist=505.031 dV=-2.88086 thr=1 om=0.421718 lt=1.76186
[ACTIVE] [RED] LeadPredict dist=813.808 dV=-22.8926 thr=0.8603 om=1.05134 lt=2.77873
[ACTIVE] [RED] LeadPredict dist=677.582 dV=12.5009 thr=0.693698 om=1.33956 lt=2.04047
[ACTIVE] [RED] LeadPredict dist=532.361 dV=-12.8096 thr=0.672928 om=1.40071 lt=1.5799
[ACTIVE] [RED] ClimbOut Z=2346.99
[ACTIVE] [RED] LeadPredict dist=569.823 dV=22.018 thr=0.637727 om=0.446661 lt=1.65051
[DUTY] team=1 ticks=8400 v27종말조준=0.321429% v21뱅크예측=92.6667% v17궤도조건=92.6905% v17슬롯적용=68.881% 상승클램프=0% 강하클램프=15.6429% v23b조건=44.7024% v23b실제적용=39.4524%
[ACTIVE] [RED] LeadPredict dist=119.459 dV=-21.0406 thr=0.89817 om=1.22475 lt=0.0957014
[ACTIVE] [RED] LeadPredict dist=1270.68 dV=-24.0243 thr=1 om=1.4227 lt=3
[ACTIVE] [RED] LeadPredict dist=868.875 dV=22.5325 thr=0.808 om=1.9159 lt=3
[ACTIVE] [RED] LeadPredict dist=774.797 dV=-20.7319 thr=1 om=1.5542 lt=3
[ACTIVE] [RED] LeadPredict dist=1270.97 dV=-20.6805 thr=1 om=1.76248 lt=3
[ACTIVE] [RED] LeadPredict dist=1429.45 dV=-3.80685 thr=1 om=1.53133 lt=3
[ACTIVE] [RED] LeadPredict dist=1310.38 dV=25.8249 thr=1 om=1.5865 lt=3
[ACTIVE] [RED] LeadPredict dist=901.577 dV=50.1579 thr=0.552074 om=1.79078 lt=2.85244
[ACTIVE] [RED] LeadPredict dist=1123.72 dV=20.9377 thr=1 om=1.79846 lt=3
[ACTIVE] [RED] LeadPredict dist=1225.52 dV=2.88086 thr=1 om=1.66711 lt=3
[DUTY] team=1 ticks=9000 v27종말조준=0.377778% v21뱅크예측=92.5889% v17궤도조건=93.1667% v17슬롯적용=70.1222% 상승클램프=0% 강하클램프=16.4778% v23b조건=43.5444% v23b실제적용=38.3889%
[ACTIVE] [RED] LeadPredict dist=809.329 dV=20.8863 thr=0.749365 om=1.71908 lt=2.67101
[ACTIVE] [RED] LeadPredict dist=993.665 dV=5.55594 thr=1 om=1.05479 lt=3
[ACTIVE] [RED] LeadPredict dist=1095 dV=-1.85199 thr=1 om=1.63387 lt=3
[ACTIVE] [RED] LeadPredict dist=1031 dV=5.55597 thr=0.867077 om=2.02131 lt=3
[ACTIVE] [RED] LeadPredict dist=982.566 dV=9.25992 thr=0.834282 om=1.6121 lt=3
runner:local/env:0	num_steps=[11999] | total rewards=[66.9758] | termination= [max time out]
[seed 4] reward=    66.98 ownHP=1.0000 tgtHP=0.9900 max time out
total: 2
[ACTIVE] [RED] LeadPredict dist=2307.68 dV=22.1209 thr=1 om=0.324406 lt=3
[ACTIVE] [RED] Evade Z=6595.84
[ACTIVE] [RED] LeadPredict dist=1003.1 dV=67.4431 thr=1 om=3.00591 lt=2.62894
[ACTIVE] [RED] LeadPredict dist=1292.37 dV=31.0722 thr=1 om=0.266153 lt=3
[ACTIVE] [RED] Evade Z=3827.6
[ACTIVE] [RED] ClimbOut Z=2548.57
[ACTIVE] [RED] Evade Z=2320.81
[ACTIVE] [RED] LeadPredict dist=1039.01 dV=14.9188 thr=0.68 om=0.667878 lt=2.70266
[ACTIVE] [RED] LeadPredict dist=520.821 dV=-25.6706 thr=0.763443 om=1.38183 lt=1.64994
[DUTY] team=1 ticks=9600 v27종말조준=0.354167% v21뱅크예측=91.9271% v17궤도조건=93.1458% v17슬롯적용=69.0729% 상승클램프=0% 강하클램프=16.1979% v23b조건=43.2708% v23b실제적용=37.9167%
[ACTIVE] [RED] Evade Z=4706.06
[ACTIVE] [RED] LeadPredict dist=405.016 dV=1.54333 thr=0.85855 om=1.46841 lt=1.38098
[ACTIVE] [RED] LeadPredict dist=235.116 dV=-21.8637 thr=1 om=1.1976 lt=0.832937
[ACTIVE] [RED] LeadPredict dist=421.257 dV=6.73917 thr=0.866421 om=1.68585 lt=1.44548
[ACTIVE] [RED] LeadPredict dist=224.307 dV=-13.6841 thr=1 om=1.46737 lt=0.775562
[ACTIVE] [RED] LeadPredict dist=6.46438 dV=8.43683 thr=0.598758 om=0.119295 lt=0.0211262
[ACTIVE] [RED] LeadPredict dist=309.5 dV=1.95486 thr=0.780934 om=0.307815 lt=0.993436
[ACTIVE] [RED] LeadPredict dist=124.412 dV=-1.1832 thr=0.714198 om=0.0958589 lt=0.395356
[ACTIVE] [RED] LeadPredict dist=175.735 dV=-9.36279 thr=0.739659 om=0.170528 lt=0.5356
[ACTIVE] [RED] LeadPredict dist=147.031 dV=5.65884 thr=0.632094 om=0.126959 lt=0.432386
[ACTIVE] [RED] LeadPredict dist=76.6216 dV=-16.102 thr=0.691074 om=1.66242 lt=0.230311
[DUTY] team=1 ticks=10200 v27종말조준=0.333333% v21뱅크예측=90.2157% v17궤도조건=93.4118% v17슬롯적용=65.0098% 상승클램프=0% 강하클램프=17.4608% v23b조건=45.1667% v23b실제적용=39.4118%
[ACTIVE] [RED] LeadPredict dist=788.113 dV=17.5938 thr=0.682548 om=0.636918 lt=2.35472
[ACTIVE] [RED] LeadPredict dist=416.08 dV=-38.7373 thr=1 om=0.655846 lt=1.48459
[ACTIVE] [RED] LeadPredict dist=958.954 dV=-42.0812 thr=1 om=0.568068 lt=3
[ACTIVE] [RED] LeadPredict dist=1111.4 dV=-0.0514526 thr=1 om=1.69002 lt=3
[ACTIVE] [RED] LeadPredict dist=1304.8 dV=-22.7897 thr=1 om=1.54294 lt=3
[ACTIVE] [RED] LeadPredict dist=1266.55 dV=-15.5361 thr=1 om=1.4917 lt=3
[ACTIVE] [RED] LeadPredict dist=1184.23 dV=19.343 thr=1 om=1.57779 lt=3
[ACTIVE] [RED] LeadPredict dist=878.8 dV=41.1552 thr=0.55 om=1.78435 lt=2.86477
[ACTIVE] [RED] LeadPredict dist=1026.96 dV=14.3529 thr=1 om=1.76318 lt=3
[ACTIVE] [RED] LeadPredict dist=1180.21 dV=2.98373 thr=1 om=1.61197 lt=3
[DUTY] team=1 ticks=10800 v27종말조준=0.342593% v21뱅크예측=89.8611% v17궤도조건=93.7685% v17슬롯적용=65.9074% 상승클램프=0% 강하클램프=17.5556% v23b조건=44.3889% v23b실제적용=38.6296%
[ACTIVE] [RED] LeadPredict dist=868.619 dV=21.6579 thr=0.740105 om=0.475771 lt=2.9177
[ACTIVE] [RED] LeadPredict dist=854.667 dV=-0.20578 thr=1 om=1.22499 lt=3
[ACTIVE] [RED] LeadPredict dist=1235.69 dV=1.90341 thr=1 om=1.64185 lt=3
[ACTIVE] [RED] LeadPredict dist=963.997 dV=1.23465 thr=1 om=1.56574 lt=3
[ACTIVE] [RED] LeadPredict dist=901.73 dV=10.0316 thr=0.984 om=1.5814 lt=1.92238
runner:local/env:0	num_steps=[11999] | total rewards=[81.0064] | termination= [max time out]
[seed 5] reward=    81.01 ownHP=1.0000 tgtHP=0.9919 max time out
total: 2
[ACTIVE] [RED] LeadPredict dist=2417.68 dV=11.7807 thr=1 om=1.04706 lt=3
[ACTIVE] [RED] LeadPredict dist=1666.66 dV=47.3799 thr=0.719279 om=1.11587 lt=3
[ACTIVE] [RED] LeadPredict dist=2372.72 dV=64.768 thr=0.604932 om=1.1095 lt=3
[ACTIVE] [RED] LeadPredict dist=1234.54 dV=21.9666 thr=1 om=1.02706 lt=3
[ACTIVE] [RED] LeadPredict dist=903.118 dV=-9.36279 thr=0.674239 om=1.15443 lt=2.68267
[DUTY] team=1 ticks=11400 v27종말조준=0.350877% v21뱅크예측=90.0877% v17궤도조건=93.9298% v17슬롯적용=66.2105% 상승클램프=0% 강하클램프=17.5263% v23b조건=45.2105% v23b실제적용=39.1667%
[ACTIVE] [RED] ClimbOut Z=3143.92
[ACTIVE] [RED] ClimbOut Z=2347.09
[ACTIVE] [RED] LeadPredict dist=831.361 dV=-0.20578 thr=0.669429 om=0.204892 lt=2.46124
[ACTIVE] [RED] LeadPredict dist=723.486 dV=-31.9982 thr=0.870575 om=1.328 lt=2.49089
[ACTIVE] [RED] LeadPredict dist=767.513 dV=0.565887 thr=0.840404 om=1.42181 lt=2.57942
[ACTIVE] [RED] LeadPredict dist=1106.65 dV=-11.7807 thr=1 om=1.43331 lt=3
[ACTIVE] [RED] LeadPredict dist=1498.75 dV=-19.2401 thr=0.935651 om=1.43273 lt=3
[ACTIVE] [RED] LeadPredict dist=1241.31 dV=18.9314 thr=0.701569 om=1.45288 lt=3
[ACTIVE] [RED] LeadPredict dist=1019.62 dV=25.7735 thr=0.820726 om=1.41169 lt=3
[ACTIVE] [RED] LeadPredict dist=923.988 dV=15.4332 thr=1 om=1.61897 lt=3
[ACTIVE] [RED] LeadPredict dist=1343.17 dV=6.68771 thr=0.88 om=1.71315 lt=3
[ACTIVE] [RED] LeadPredict dist=920.503 dV=27.4197 thr=0.822257 om=1.69515 lt=3
[DUTY] team=1 ticks=12000 v27종말조준=0.375% v21뱅크예측=90.3583% v17궤도조건=94.2333% v17슬롯적용=67.2583% 상승클램프=0% 강하클램프=17.175% v23b조건=45.7917% v23b실제적용=40.05%
[ACTIVE] [RED] LeadPredict dist=1190.33 dV=23.87 thr=1 om=1.69656 lt=3
[ACTIVE] [RED] LeadPredict dist=1077.85 dV=-12.6552 thr=1 om=1.61683 lt=3
[ACTIVE] [RED] LeadPredict dist=926.018 dV=11.1634 thr=1 om=1.51265 lt=3
[ACTIVE] [RED] LeadPredict dist=1189.41 dV=1.85199 thr=1 om=1.63849 lt=3
[ACTIVE] [RED] LeadPredict dist=1082.22 dV=9.2085 thr=0.863142 om=1.60376 lt=3
[ACTIVE] [RED] LeadPredict dist=964.713 dV=14.7644 thr=0.867733 om=0.609268 lt=3
[ACTIVE] [RED] LeadPredict dist=900.046 dV=-4.6814 thr=1 om=0.196952 lt=3
[ACTIVE] [RED] LeadPredict dist=990.11 dV=8.59116 thr=1 om=1.19315 lt=3
[ACTIVE] [RED] LeadPredict dist=851.712 dV=5.24728 thr=0.865765 om=1.00741 lt=2.92098
[ACTIVE] [RED] LeadPredict dist=862.757 dV=11.4206 thr=0.854396 om=1.25437 lt=2.93196
[DUTY] team=1 ticks=12600 v27종말조준=0.373016% v21뱅크예측=90.754% v17궤도조건=94.5% v17슬롯적용=68.8095% 상승클램프=0% 강하클램프=16.3571% v23b조건=45.0556% v23b실제적용=39.3175%
[ACTIVE] [RED] LeadPredict dist=915.408 dV=0.308685 thr=0.952704 om=0.526704 lt=3
[ACTIVE] [RED] LeadPredict dist=809.37 dV=26.5451 thr=0.681459 om=1.63443 lt=2.62567
[ACTIVE] [RED] LeadPredict dist=1006.1 dV=18.417 thr=0.850242 om=1.32262 lt=3
[ACTIVE] [RED] LeadPredict dist=1232.44 dV=-8.69403 thr=1 om=1.58937 lt=3
[ACTIVE] [RED] LeadPredict dist=869.605 dV=13.4783 thr=0.835812 om=0.908081 lt=2.91196
[ACTIVE] [RED] LeadPredict dist=1075.53 dV=0.925995 thr=1 om=1.59119 lt=3
[ACTIVE] [RED] LeadPredict dist=1010.12 dV=45.0135 thr=0.736332 om=1.68137 lt=3
[ACTIVE] [RED] LeadPredict dist=1039.04 dV=26.0307 thr=1 om=1.27192 lt=3
runner:local/env:0	num_steps=[11999] | total rewards=[262.8533] | termination= [max time out]
[seed 6] reward=   262.85 ownHP=1.0000 tgtHP=0.9582 max time out
total: 2
[ACTIVE] [RED] LeadPredict dist=960.994 dV=6.9964 thr=1 om=1.12835 lt=3
[ACTIVE] [RED] LeadPredict dist=2112.16 dV=-8.38538 thr=0.771752 om=1.03332 lt=3
[DUTY] team=1 ticks=13200 v27종말조준=0.515152% v21뱅크예측=91.0455% v17궤도조건=94.6591% v17슬롯적용=69.8561% 상승클램프=0% 강하클램프=15.9167% v23b조건=46.1136% v23b실제적용=40.1288%
[ACTIVE] [RED] LeadPredict dist=2287.15 dV=6.32764 thr=0.68 om=1.13366 lt=3
[ACTIVE] [RED] LeadPredict dist=1023.88 dV=6.27615 thr=0.585473 om=1.68293 lt=2.86371
[ACTIVE] [RED] ClimbOut Z=2694.76
[ACTIVE] [RED] ClimbOut Z=1996.81
[ACTIVE] [RED] LeadPredict dist=1007.51 dV=14.6616 thr=0.6 om=0.892612 lt=2.84041
[ACTIVE] [RED] LeadPredict dist=321.929 dV=-14.5072 thr=0.867296 om=0.608055 lt=1.10543
[ACTIVE] [RED] Evade Z=3413.6
[ACTIVE] [RED] LeadPredict dist=100.719 dV=-7.04782 thr=0.94613 om=0.483152 lt=0.400952
[ACTIVE] [RED] LeadPredict dist=110.588 dV=-10.9576 thr=0.973292 om=0.397853 lt=0.501325
[ACTIVE] [RED] LeadPredict dist=278.264 dV=2.36642 thr=0.875628 om=0.321662 lt=1.368
[ACTIVE] [RED] LeadPredict dist=647.97 dV=9.67148 thr=0.883942 om=0.996608 lt=3
[ACTIVE] [RED] LeadPredict dist=215.313 dV=-23.9215 thr=1 om=1.52705 lt=1.11491
[ACTIVE] [RED] LeadPredict dist=720.293 dV=-1.95486 thr=1 om=0.84637 lt=3
[DUTY] team=1 ticks=13800 v27종말조준=0.521739% v21뱅크예측=91.3768% v17궤도조건=94.6087% v17슬롯적용=67.6159% 상승클램프=0% 강하클램프=16.4855% v23b조건=45.3986% v23b실제적용=39.6739%
[ACTIVE] [RED] LeadPredict dist=835.039 dV=6.7906 thr=0.918513 om=1.9915 lt=3
[ACTIVE] [RED] LeadPredict dist=201.818 dV=-19.1886 thr=1 om=0.896171 lt=0.736726
[ACTIVE] [RED] LeadPredict dist=1033.54 dV=-25.3619 thr=0.825536 om=1.07161 lt=3
[ACTIVE] [RED] ClimbOut Z=2589.2
[ACTIVE] [RED] LeadPredict dist=1146.5 dV=-0.925964 thr=0.615207 om=1.89075 lt=3
[ACTIVE] [RED] LeadPredict dist=1291.02 dV=12.9124 thr=0.724745 om=1.37579 lt=3
[ACTIVE] [RED] LeadPredict dist=828.683 dV=-3.60107 thr=1 om=0.783938 lt=2.97753
[ACTIVE] [RED] LeadPredict dist=1383.01 dV=-20.1146 thr=1 om=1.65874 lt=3
[ACTIVE] [RED] LeadPredict dist=1310.43 dV=-18.7771 thr=1 om=1.21275 lt=3
[ACTIVE] [RED] LeadPredict dist=1118.07 dV=-6.73917 thr=1 om=1.52715 lt=3
[ACTIVE] [RED] LeadPredict dist=1094.86 dV=14.9702 thr=0.8 om=1.52497 lt=3
[DUTY] team=1 ticks=14400 v27종말조준=0.541667% v21뱅크예측=91.625% v17궤도조건=94.8056% v17슬롯적용=68.4514% 상승클램프=0% 강하클램프=16.5764% v23b조건=44.8889% v23b실제적용=39.4028%
[ACTIVE] [RED] LeadPredict dist=898.857 dV=31.8438 thr=0.617874 om=1.70552 lt=2.93656
[ACTIVE] [RED] LeadPredict dist=983.367 dV=8.38538 thr=1 om=1.71984 lt=3
[ACTIVE] [RED] LeadPredict dist=1211.97 dV=5.65881 thr=1 om=1.69991 lt=3
[ACTIVE] [RED] LeadPredict dist=838.094 dV=25.0533 thr=0.699361 om=1.4843 lt=2.78676
[ACTIVE] [RED] LeadPredict dist=1016.86 dV=11.7292 thr=1 om=1.13398 lt=3
[ACTIVE] [RED] LeadPredict dist=1266.44 dV=-16.2048 thr=1 om=1.57646 lt=3
[ACTIVE] [RED] LeadPredict dist=892.896 dV=14.1985 thr=0.829617 om=1.61649 lt=3
[ACTIVE] [RED] LeadPredict dist=1016.05 dV=-4.37274 thr=1 om=1.93767 lt=3
[ACTIVE] [RED] LeadPredict dist=891.316 dV=18.4169 thr=0.778997 om=1.67318 lt=3
runner:local/env:0	num_steps=[11999] | total rewards=[181.8504] | termination= [max time out]
[seed 7] reward=   181.85 ownHP=1.0000 tgtHP=0.9967 max time out
total: 2
[ACTIVE] [RED] LeadPredict dist=1502.89 dV=6.84207 thr=0.924766 om=0.537627 lt=3
[DUTY] team=1 ticks=15000 v27종말조준=0.52% v21뱅크예측=91.86% v17궤도조건=94.9333% v17슬롯적용=69.5667% 상승클램프=0% 강하클램프=16.02% v23b조건=45.0533% v23b실제적용=39.12%
[ACTIVE] [RED] Evade Z=6732.47
[DUTY_EV] team=1 evadeTicks=600 v31?섍컯?섏꽑(>3000m)=89.6667% 以묎컙(2200~3000)=7.16667% ?곸듅(<2200)=3.16667%
[ACTIVE] [RED] LeadPredict dist=1059.22 dV=27.2139 thr=0.596405 om=1.05489 lt=2.98403
[ACTIVE] [RED] Evade Z=4138.17
[ACTIVE] [RED] Evade Z=3432.19
[ACTIVE] [RED] ClimbOut Z=3078.46
[ACTIVE] [RED] LeadPredict dist=925.163 dV=7.2536 thr=0.528409 om=0.489971 lt=2.49395
[ACTIVE] [RED] LeadPredict dist=454.687 dV=-25.8249 thr=0.793834 om=1.19989 lt=1.47382
[ACTIVE] [RED] Evade Z=4497.08
[ACTIVE] [RED] LeadPredict dist=621.284 dV=8.12814 thr=0.901669 om=1.46706 lt=2.14281
[ACTIVE] [RED] LeadPredict dist=373.307 dV=-23.2012 thr=1 om=1.43981 lt=1.41536
[ACTIVE] [RED] LeadPredict dist=332.834 dV=0.257202 thr=0.95544 om=2.04627 lt=1.25506
[ACTIVE] [RED] LeadPredict dist=298.331 dV=-15.176 thr=1 om=0.421862 lt=1.10041
[ACTIVE] [RED] LeadPredict dist=804.468 dV=-32.8727 thr=1 om=1.10845 lt=3
[ACTIVE] [RED] LeadPredict dist=851.242 dV=9.7229 thr=0.76716 om=1.33808 lt=2.70419
[ACTIVE] [RED] LeadPredict dist=845.783 dV=-26.9052 thr=0.76235 om=1.45848 lt=2.67723
[DUTY] team=1 ticks=15600 v27종말조준=0.544872% v21뱅크예측=91.3205% v17궤도조건=95.0256% v17슬롯적용=68.0897% 상승클램프=0% 강하클램프=16.4551% v23b조건=44.9487% v23b실제적용=39.2436%
[ACTIVE] [RED] ClimbOut Z=3058.84
[ACTIVE] [RED] ClimbOut Z=2354.08
[ACTIVE] [RED] LeadPredict dist=1350.17 dV=23.5614 thr=0.654781 om=1.36161 lt=3
[ACTIVE] [RED] LeadPredict dist=929.48 dV=11.2662 thr=0.81526 om=1.61937 lt=3
[ACTIVE] [RED] LeadPredict dist=1046.63 dV=-18.2112 thr=1 om=1.50803 lt=3
[ACTIVE] [RED] LeadPredict dist=1050.14 dV=3.49817 thr=1 om=1.75144 lt=3
[ACTIVE] [RED] LeadPredict dist=973.513 dV=-12.4495 thr=1 om=1.73013 lt=3
[ACTIVE] [RED] LeadPredict dist=1371.8 dV=-11.2662 thr=1 om=1.82677 lt=3
[ACTIVE] [RED] LeadPredict dist=981.425 dV=33.6444 thr=0.871231 om=1.56739 lt=3
[ACTIVE] [RED] LeadPredict dist=1057.94 dV=14.9702 thr=1 om=1.99206 lt=3
[ACTIVE] [RED] LeadPredict dist=902.943 dV=13.0668 thr=0.843199 om=0.814451 lt=3
[ACTIVE] [RED] LeadPredict dist=947.565 dV=19.3944 thr=1 om=1.20254 lt=3
[DUTY] team=1 ticks=16200 v27종말조준=0.524691% v21뱅크예측=91.5617% v17궤도조건=95.2099% v17슬롯적용=69.1852% 상승클램프=0% 강하클램프=16.2407% v23b조건=44.1975% v23b실제적용=38.7037%
[ACTIVE] [RED] LeadPredict dist=1154.68 dV=18.3655 thr=1 om=1.8765 lt=3
[ACTIVE] [RED] LeadPredict dist=988.626 dV=-9.98013 thr=1 om=1.75211 lt=3
[ACTIVE] [RED] LeadPredict dist=905.853 dV=-0.61731 thr=1 om=1.13484 lt=3
[ACTIVE] [RED] LeadPredict dist=944.694 dV=11.1634 thr=0.836905 om=1.68956 lt=3
[ACTIVE] [RED] LeadPredict dist=962.602 dV=25.6706 thr=0.824662 om=0.941321 lt=3
[ACTIVE] [RED] LeadPredict dist=782.099 dV=6.27615 thr=0.924686 om=1.61253 lt=2.72161
[ACTIVE] [RED] LeadPredict dist=1122.25 dV=4.7843 thr=1 om=1.23138 lt=3
[ACTIVE] [RED] LeadPredict dist=1012.53 dV=2.41788 thr=0.902325 om=1.56833 lt=3
[ACTIVE] [RED] LeadPredict dist=1041.01 dV=1.44043 thr=1 om=1.66914 lt=3
runner:local/env:0	num_steps=[11999] | total rewards=[128.2282] | termination= [max time out]
[seed 8] reward=   128.23 ownHP=1.0000 tgtHP=0.9448 max time out
total: 2
[ACTIVE] [RED] LeadPredict dist=2765.6 dV=4.11554 thr=1 om=0 lt=3
[DUTY] team=1 ticks=16800 v27종말조준=0.547619% v21뱅크예측=91.75% v17궤도조건=95.3095% v17슬롯적용=70.2143% 상승클램프=0% 강하클램프=15.7202% v23b조건=43.7798% v23b실제적용=38.0536%
[ACTIVE] [RED] LeadPredict dist=1339.4 dV=31.7924 thr=0.755572 om=1.25457 lt=3
[ACTIVE] [RED] LeadPredict dist=3224.24 dV=95.583 thr=1 om=1.35156 lt=3
[ACTIVE] [RED] LeadPredict dist=3074.36 dV=112.611 thr=1 om=1.26663 lt=3
[ACTIVE] [RED] LeadPredict dist=643.133 dV=8.23105 thr=0.779185 om=0.913109 lt=2.06161
[ACTIVE] [RED] LeadPredict dist=2364.83 dV=-63.6877 thr=1 om=0.942598 lt=3
[ACTIVE] [RED] LeadPredict dist=2384.52 dV=-36.2166 thr=1 om=0.984436 lt=3
[ACTIVE] [RED] LeadPredict dist=671.612 dV=47.1227 thr=0.55 om=1.27159 lt=2.06864
[ACTIVE] [RED] LeadPredict dist=908.928 dV=38.6344 thr=0.693272 om=1.11625 lt=2.81926
[ACTIVE] [RED] LeadPredict dist=1049.95 dV=-21.6065 thr=0.811981 om=1.0008 lt=3
[ACTIVE] [RED] LeadPredict dist=635.152 dV=1.33752 thr=0.694573 om=1.31538 lt=1.91388
[DUTY] team=1 ticks=17400 v27종말조준=0.574713% v21뱅크예측=91.3046% v17궤도조건=94.5632% v17슬롯적용=69.6839% 상승클램프=0% 강하클램프=16.9885% v23b조건=44.1034% v23b실제적용=38.2931%
[ACTIVE] [RED] LeadPredict dist=790.02 dV=-4.7843 thr=0.639695 om=0.657405 lt=2.29139
[ACTIVE] [RED] ClimbOut Z=2206.56
[ACTIVE] [RED] LeadPredict dist=1232.62 dV=24.0758 thr=0.588315 om=2.0263 lt=3
[ACTIVE] [RED] LeadPredict dist=1298.43 dV=17.1823 thr=0.755354 om=1.5526 lt=3
[ACTIVE] [RED] LeadPredict dist=1192.69 dV=-29.4774 thr=1 om=1.45439 lt=3
[ACTIVE] [RED] LeadPredict dist=1362.49 dV=-22.1724 thr=1 om=1.7385 lt=3
[ACTIVE] [RED] LeadPredict dist=1174.03 dV=27.9855 thr=0.688669 om=1.4887 lt=3
[ACTIVE] [RED] LeadPredict dist=971.972 dV=30.7635 thr=0.800174 om=0.981251 lt=3
[ACTIVE] [RED] LeadPredict dist=853.282 dV=16.3592 thr=0.80369 om=1.58948 lt=2.90636
[ACTIVE] [RED] LeadPredict dist=1160.06 dV=4.52707 thr=0.920955 om=1.359 lt=3
[ACTIVE] [RED] LeadPredict dist=1117.27 dV=17.9539 thr=0.842809 om=1.78094 lt=3
[DUTY] team=1 ticks=18000 v27종말조준=0.555556% v21뱅크예측=91.55% v17궤도조건=94.7389% v17슬롯적용=70.6889% 상승클램프=0% 강하클램프=16.55% v23b조건=44.9111% v23b실제적용=39.0611%
[ACTIVE] [RED] LeadPredict dist=854.842 dV=0.257233 thr=0.996913 om=1.58106 lt=3
[ACTIVE] [RED] LeadPredict dist=1214.13 dV=4.6814 thr=1 om=1.41314 lt=3
[ACTIVE] [RED] LeadPredict dist=1019.1 dV=1.23465 thr=1 om=1.59098 lt=3
[ACTIVE] [RED] LeadPredict dist=964.512 dV=5.7103 thr=0.917457 om=1.58669 lt=3
[ACTIVE] [RED] LeadPredict dist=967.351 dV=21.3493 thr=0.856583 om=0.867692 lt=3
[ACTIVE] [RED] LeadPredict dist=870.309 dV=4.16696 thr=0.949996 om=1.47606 lt=3
[ACTIVE] [RED] LeadPredict dist=1231.08 dV=6.94495 thr=1 om=1.70379 lt=3
[ACTIVE] [RED] LeadPredict dist=999.86 dV=1.08032 thr=1 om=1.60243 lt=3
[ACTIVE] [RED] LeadPredict dist=967.067 dV=8.38538 thr=0.905869 om=1.59068 lt=3
[ACTIVE] [RED] LeadPredict dist=1023.02 dV=20.629 thr=0.851335 om=0.983089 lt=3
[DUTY] team=1 ticks=18600 v27종말조준=0.537634% v21뱅크예측=91.7849% v17궤도조건=94.9086% v17슬롯적용=71.6344% 상승클램프=0% 강하클램프=16.0161% v23b조건=44.8925% v23b실제적용=38.7849%
[ACTIVE] [RED] LeadPredict dist=823.788 dV=2.82944 thr=0.966047 om=1.63432 lt=2.90306
[ACTIVE] [RED] LeadPredict dist=1121.87 dV=8.07672 thr=0.86817 om=1.23882 lt=3
runner:local/env:0	num_steps=[11999] | total rewards=[213.9238] | termination= [max time out]
[seed 9] reward=   213.92 ownHP=1.0000 tgtHP=1.0000 max time out
total: 2
[ACTIVE] [RED] LeadPredict dist=789.263 dV=-6.63629 thr=0.816572 om=0.519875 lt=2.60346
[ACTIVE] [RED] LeadPredict dist=2550.79 dV=3.24097 thr=0.865515 om=1.02743 lt=3
[ACTIVE] [RED] LeadPredict dist=1526.43 dV=4.06409 thr=0.659372 om=0.742565 lt=3
[ACTIVE] [RED] LeadPredict dist=1412.47 dV=-21.1949 thr=0.654125 om=1.33952 lt=3
[ACTIVE] [RED] ClimbOut Z=2580.2
[ACTIVE] [RED] LeadPredict dist=1365.98 dV=-5.71027 thr=0.528846 om=4.88188 lt=3
[ACTIVE] [RED] ClimbOut Z=1986.05
[ACTIVE] [RED] LeadPredict dist=943.191 dV=31.6895 thr=0.627233 om=1.41742 lt=2.71258
[ACTIVE] [RED] LeadPredict dist=391.319 dV=-4.62997 thr=0.952794 om=1.55058 lt=1.36959
[ACTIVE] [RED] LeadPredict dist=1278.98 dV=-35.342 thr=1 om=0.467653 lt=3
[DUTY] team=1 ticks=19200 v27종말조준=0.520833% v21뱅크예측=91.8854% v17궤도조건=94.8333% v17슬롯적용=71.875% 상승클램프=0% 강하클램프=16.4323% v23b조건=45.4635% v23b실제적용=39.4948%
[ACTIVE] [RED] LeadPredict dist=1024.94 dV=-0.823105 thr=1 om=1.64844 lt=3
[ACTIVE] [RED] LeadPredict dist=962.582 dV=-10.4431 thr=1 om=1.60042 lt=3
[ACTIVE] [RED] LeadPredict dist=999.097 dV=-6.58484 thr=1 om=0.113449 lt=3
[ACTIVE] [RED] LeadPredict dist=923.167 dV=27.3168 thr=0.842809 om=1.72009 lt=3
[ACTIVE] [RED] LeadPredict dist=931.65 dV=27.6254 thr=0.766888 om=1.66149 lt=3
[ACTIVE] [RED] LeadPredict dist=895.491 dV=14.0957 thr=0.968 om=1.61264 lt=3
[ACTIVE] [RED] LeadPredict dist=1176.34 dV=-6.99637 thr=1 om=2.35918 lt=3
[ACTIVE] [RED] LeadPredict dist=903.36 dV=25.5162 thr=0.984 om=1.60166 lt=3
[ACTIVE] [RED] LeadPredict dist=1066.55 dV=2.36642 thr=1 om=1.75733 lt=3
[ACTIVE] [RED] LeadPredict dist=962.684 dV=-2.00632 thr=1 om=1.05238 lt=3
[DUTY] team=1 ticks=19800 v27종말조준=0.505051% v21뱅크예측=92.1162% v17궤도조건=94.9899% v17슬롯적용=72.7273% 상승클램프=0% 강하클램프=15.9899% v23b조건=44.303% v23b실제적용=38.3939%
[ACTIVE] [RED] LeadPredict dist=843.529 dV=19.3944 thr=0.912 om=1.65305 lt=3
[ACTIVE] [RED] LeadPredict dist=1137.26 dV=0.360107 thr=1 om=2.15096 lt=3
[ACTIVE] [RED] LeadPredict dist=1075.46 dV=-0.668762 thr=1 om=1.93819 lt=3
[ACTIVE] [RED] LeadPredict dist=828.529 dV=18.7256 thr=0.856 om=1.80056 lt=2.91343
[ACTIVE] [RED] LeadPredict dist=937.261 dV=-1.38901 thr=1 om=1.34716 lt=3
[ACTIVE] [RED] LeadPredict dist=851.298 dV=14.5072 thr=0.825914 om=1.60704 lt=2.91647
[ACTIVE] [RED] LeadPredict dist=1131.86 dV=15.6904 thr=1 om=1.7558 lt=3
[ACTIVE] [RED] LeadPredict dist=982.064 dV=-11.4206 thr=1 om=0.883324 lt=3
[ACTIVE] [RED] LeadPredict dist=924.143 dV=12.0894 thr=0.863142 om=1.36039 lt=3
[ACTIVE] [RED] LeadPredict dist=876.639 dV=-2.05777 thr=1 om=0.401457 lt=3
[DUTY] team=1 ticks=20400 v27종말조준=0.495098% v21뱅크예측=92.3186% v17궤도조건=95.1324% v17슬롯적용=73.5245% 상승클램프=0% 강하클램프=15.5196% v23b조건=43.2941% v23b실제적용=37.348%
[ACTIVE] [RED] LeadPredict dist=795.843 dV=24.796 thr=0.702448 om=1.65557 lt=2.61231
[ACTIVE] [RED] LeadPredict dist=1103.68 dV=13.8384 thr=1 om=1.62264 lt=3
[ACTIVE] [RED] LeadPredict dist=1135.07 dV=-3.85831 thr=1 om=2.09612 lt=3
[ACTIVE] [RED] LeadPredict dist=901.152 dV=4.47565 thr=0.860081 om=1.75703 lt=3
runner:local/env:0	num_steps=[11999] | total rewards=[301.2822] | termination= [max time out]
[seed 10] reward=   301.28 ownHP=1.0000 tgtHP=0.9925 max time out
total: 2
[ACTIVE] [RED] LeadPredict dist=2311.88 dV=1.44043 thr=0.829253 om=0.939397 lt=3
[ACTIVE] [RED] LeadPredict dist=1631.27 dV=-16.4106 thr=1 om=0.491382 lt=3
[ACTIVE] [RED] Evade Z=5447.9
[ACTIVE] [RED] LeadPredict dist=897.036 dV=-9.15701 thr=0.803032 om=0.708558 lt=2.60801
[ACTIVE] [RED] ClimbOut Z=2955.94
[ACTIVE] [RED] ClimbOut Z=2158.49
[ACTIVE] [RED] Evade Z=2068.94
[ACTIVE] [RED] LeadPredict dist=1050.64 dV=-4.6814 thr=0.620017 om=0.483976 lt=3
[ACTIVE] [RED] LeadPredict dist=591.897 dV=-25.5677 thr=0.854834 om=1.16528 lt=2.01218
[ACTIVE] [RED] LeadPredict dist=555.329 dV=15.8448 thr=0.84 om=1.77381 lt=1.92421
[DUTY] team=1 ticks=21000 v27종말조준=0.495238% v21뱅크예측=92.1619% v17궤도조건=95.1905% v17슬롯적용=72.7857% 상승클램프=0% 강하클램프=15.1762% v23b조건=43.4762% v23b실제적용=37.5048%
[ACTIVE] [RED] Evade Z=5026.25
[ACTIVE] [RED] LeadPredict dist=277.905 dV=-19.2401 thr=1 om=0.72962 lt=1.04834
[ACTIVE] [RED] LeadPredict dist=117.946 dV=-6.01895 thr=0.954773 om=0.272418 lt=0.454903
[ACTIVE] [RED] LeadPredict dist=222.584 dV=-4.16696 thr=0.930004 om=0.193937 lt=0.833986
[ACTIVE] [RED] LeadPredict dist=60.5477 dV=0 thr=0.830841 om=0.302095 lt=0.217272
[ACTIVE] [RED] LeadPredict dist=246.939 dV=-2.4693 thr=0.866249 om=0.187895 lt=0.827186
[ACTIVE] [RED] LeadPredict dist=179.163 dV=-0.41156 thr=0.750107 om=0.199161 lt=0.561995
[ACTIVE] [RED] LeadPredict dist=221.561 dV=-6.32764 thr=0.665275 om=0.254746 lt=0.654037
[ACTIVE] [RED] ClimbOut Z=2571.28
[ACTIVE] [RED] LeadPredict dist=1086.17 dV=48.666 thr=0.575416 om=0.821598 lt=3
[ACTIVE] [RED] Evade Z=2829.5
[ACTIVE] [RED] LeadPredict dist=240.521 dV=-16.8736 thr=0.787056 om=1.52005 lt=0.775612
[ACTIVE] [RED] LeadPredict dist=169.902 dV=-4.6814 thr=0.861174 om=0.722033 lt=0.580534
[DUTY] team=1 ticks=21600 v27종말조준=0.490741% v21뱅크예측=91.1296% v17궤도조건=95.2731% v17슬롯적용=70.9444% 상승클램프=0% 강하클램프=15.8796% v23b조건=43.7269% v23b실제적용=37.6991%
[ACTIVE] [RED] LeadPredict dist=545.673 dV=5.65884 thr=0.821164 om=0.176785 lt=1.80639
[ACTIVE] [RED] LeadPredict dist=520.731 dV=-7.81949 thr=0.844558 om=0.655013 lt=1.75582
[ACTIVE] [RED] LeadPredict dist=663.543 dV=28.5514 thr=0.657383 om=1.1671 lt=2.02105
[ACTIVE] [RED] LeadPredict dist=491.878 dV=-5.76172 thr=0.728243 om=1.24932 lt=1.51841
[ACTIVE] [RED] ClimbOut Z=2432.12
[ACTIVE] [RED] LeadPredict dist=687.857 dV=2.98373 thr=0.786619 om=0.31106 lt=2.21741
[ACTIVE] [RED] LeadPredict dist=448.423 dV=-10.0316 thr=1 om=0.718528 lt=1.56973
[ACTIVE] [RED] LeadPredict dist=428.973 dV=5.45306 thr=0.934563 om=0.896008 lt=1.48851
[ACTIVE] [RED] LeadPredict dist=306.173 dV=-8.23102 thr=0.978772 om=0.778525 lt=1.09203
[ACTIVE] [RED] LeadPredict dist=202.54 dV=0 thr=0.88 om=0.590032 lt=0.699678
[ACTIVE] [RED] LeadPredict dist=266.847 dV=-7.71658 thr=0.972599 om=0.248492 lt=0.951245
[DUTY] team=1 ticks=22200 v27종말조준=0.477477% v21뱅크예측=90.5495% v17궤도조건=95.3694% v17슬롯적용=69.1081% 상승클램프=0% 강하클램프=16.4414% v23b조건=44.4234% v23b실제적용=37.7477%
[ACTIVE] [RED] LeadPredict dist=512.822 dV=10.8033 thr=0.790117 om=0.708811 lt=1.65756
[ACTIVE] [RED] LeadPredict dist=513.641 dV=-2.10919 thr=0.739612 om=1.2302 lt=1.59879
[ACTIVE] [RED] ClimbOut Z=2521.81
[ACTIVE] [RED] LeadPredict dist=251.606 dV=13.0154 thr=0.69501 om=1.31706 lt=0.758392
runner:local/env:0	num_steps=[11999] | total rewards=[-108.2281] | termination= [max time out]
[seed 11] reward=  -108.23 ownHP=0.9978 tgtHP=1.0000 max time out
total: 2
[ACTIVE] [RED] LeadPredict dist=4014.87 dV=9.41428 thr=1 om=0.982037 lt=3
[ACTIVE] [RED] LeadPredict dist=3058.72 dV=6.43048 thr=1 om=0.338306 lt=3
[ACTIVE] [RED] Evade Z=4962.96
[ACTIVE] [RED] LeadPredict dist=684.736 dV=-11.3177 thr=0.76 om=2.22792 lt=1.98721
[ACTIVE] [RED] ClimbOut Z=2915.45
[ACTIVE] [RED] ClimbOut Z=2205.06
[ACTIVE] [RED] LeadPredict dist=1163.2 dV=-14.4557 thr=0.552021 om=1.73885 lt=3
[ACTIVE] [RED] LeadPredict dist=725.018 dV=-14.5072 thr=0.71578 om=1.16525 lt=2.21803
[ACTIVE] [RED] LeadPredict dist=750.739 dV=-29.2716 thr=1 om=1.13864 lt=2.75346
[ACTIVE] [RED] LeadPredict dist=1287.45 dV=-59.8294 thr=1 om=1.96413 lt=3
[DUTY] team=1 ticks=22800 v27종말조준=0.473684% v21뱅크예측=90.364% v17궤도조건=94.9825% v17슬롯적용=68.1491% 상승클램프=0% 강하클램프=16.5307% v23b조건=44.7939% v23b실제적용=37.9605%
[ACTIVE] [RED] LeadPredict dist=1297.64 dV=-31.2779 thr=1 om=1.34738 lt=3
[ACTIVE] [RED] LeadPredict dist=1268.06 dV=-21.1949 thr=0.941554 om=1.76642 lt=3
[ACTIVE] [RED] LeadPredict dist=1135.71 dV=21.8637 thr=0.705723 om=1.45894 lt=3
[ACTIVE] [RED] LeadPredict dist=954.24 dV=25.6706 thr=0.817884 om=0.963525 lt=3
[ACTIVE] [RED] LeadPredict dist=869.941 dV=14.8673 thr=0.821592 om=1.59826 lt=2.98877
[ACTIVE] [RED] LeadPredict dist=1270.31 dV=2.67508 thr=0.860737 om=1.51536 lt=3
[ACTIVE] [RED] LeadPredict dist=980.252 dV=23.9215 thr=0.843246 om=1.04653 lt=3
[ACTIVE] [RED] LeadPredict dist=958.199 dV=4.57852 thr=1 om=1.22401 lt=3
[ACTIVE] [RED] LeadPredict dist=1338.57 dV=-2.62363 thr=1 om=1.66425 lt=3
[ACTIVE] [RED] LeadPredict dist=984.855 dV=1.13177 thr=1 om=1.98829 lt=3
[DUTY] team=1 ticks=23400 v27종말조준=0.461538% v21뱅크예측=90.5897% v17궤도조건=95.1111% v17슬롯적용=68.9658% 상승클램프=0% 강하클램프=16.1068% v23b조건=44.6026% v23b실제적용=37.8547%
[ACTIVE] [RED] LeadPredict dist=970.109 dV=5.29874 thr=0.975708 om=1.59601 lt=3
[ACTIVE] [RED] LeadPredict dist=880.835 dV=21.8123 thr=0.738253 om=1.67906 lt=2.98141
[ACTIVE] [RED] LeadPredict dist=903.301 dV=3.85828 thr=0.984 om=1.53861 lt=3
[ACTIVE] [RED] LeadPredict dist=1175.65 dV=1.08032 thr=1 om=0.833827 lt=3
[ACTIVE] [RED] LeadPredict dist=1028.27 dV=11.5235 thr=0.828816 om=0.0592471 lt=3
[ACTIVE] [RED] LeadPredict dist=845.352 dV=37.7084 thr=0.55 om=1.65318 lt=2.67151
[ACTIVE] [RED] LeadPredict dist=1001.83 dV=11.4206 thr=0.870357 om=2.09199 lt=3
[ACTIVE] [RED] LeadPredict dist=1114 dV=-6.01895 thr=1 om=2.03001 lt=3
[ACTIVE] [RED] LeadPredict dist=935.951 dV=7.1507 thr=0.85221 om=1.74779 lt=3
[ACTIVE] [RED] LeadPredict dist=953.063 dV=0.925995 thr=0.988826 om=1.58284 lt=3
[DUTY] team=1 ticks=24000 v27종말조준=0.45% v21뱅크예측=90.7958% v17궤도조건=95.225% v17슬롯적용=69.7333% 상승클램프=0% 강하클램프=15.7042% v23b조건=44.5458% v23b실제적용=37.4875%
[ACTIVE] [RED] LeadPredict dist=1197.05 dV=23.407 thr=0.828597 om=2.0802 lt=3
[ACTIVE] [RED] LeadPredict dist=915.881 dV=-2.72653 thr=1 om=0.926242 lt=3
[ACTIVE] [RED] LeadPredict dist=1034.57 dV=5.9675 thr=0.96 om=1.29628 lt=3
[ACTIVE] [RED] LeadPredict dist=1123.9 dV=5.55597 thr=0.901669 om=1.60951 lt=3
[ACTIVE] [RED] LeadPredict dist=1013.96 dV=0.925995 thr=1 om=1.60206 lt=3
runner:local/env:0	num_steps=[11999] | total rewards=[398.7798] | termination= [max time out]
[seed 12] reward=   398.78 ownHP=1.0000 tgtHP=0.9560 max time out
total: 2
[ACTIVE] [RED] LeadPredict dist=3878.3 dV=12.3466 thr=1 om=0.939589 lt=3
[ACTIVE] [RED] LeadPredict dist=1991.64 dV=40.1778 thr=0.740924 om=1.06742 lt=3
[ACTIVE] [RED] LeadPredict dist=1514.62 dV=21.555 thr=0.742236 om=1.26558 lt=3
[ACTIVE] [RED] LeadPredict dist=2001.55 dV=-1.18323 thr=0.712282 om=1.03153 lt=3
[ACTIVE] [RED] LeadPredict dist=1342.38 dV=-21.6065 thr=0.63729 om=1.27093 lt=3
[DUTY] team=1 ticks=24600 v27종말조준=0.439024% v21뱅크예측=90.9553% v17궤도조건=95.0285% v17슬롯적용=70.1585% 상승클램프=0% 강하클램프=15.9268% v23b조건=44.9106% v23b실제적용=37.8455%
[ACTIVE] [RED] LeadPredict dist=1416.46 dV=-3.18951 thr=0.950938 om=1.45226 lt=3
[ACTIVE] [RED] ClimbOut Z=2331.46
[ACTIVE] [RED] LeadPredict dist=1438.9 dV=35.0334 thr=0.588097 om=1.38598 lt=3
[ACTIVE] [RED] LeadPredict dist=1673.38 dV=24.8474 thr=0.787056 om=1.55344 lt=3
[ACTIVE] [RED] LeadPredict dist=1228.47 dV=11.3691 thr=0.858988 om=1.50571 lt=3
[ACTIVE] [RED] LeadPredict dist=1674.47 dV=-6.89352 thr=0.854615 om=1.74909 lt=3
[ACTIVE] [RED] ClimbOut Z=2215.02
[ACTIVE] [RED] LeadPredict dist=1711.61 dV=-7.66516 thr=0.685827 om=2.79069 lt=3
[ACTIVE] [RED] ClimbOut Z=1870.79
[ACTIVE] [RED] LeadPredict dist=1119.61 dV=38.3772 thr=0.721465 om=1.42369 lt=3
[ACTIVE] [RED] LeadPredict dist=928.08 dV=6.17328 thr=1 om=1.98814 lt=3
[ACTIVE] [RED] LeadPredict dist=1211.39 dV=-20.1146 thr=1 om=1.4612 lt=3
[ACTIVE] [RED] LeadPredict dist=1178.86 dV=19.1372 thr=0.96 om=1.69545 lt=3
[DUTY] team=1 ticks=25200 v27종말조준=0.428571% v21뱅크예측=91.1349% v17궤도조건=95.1468% v17슬롯적용=70.869% 상승클램프=0% 강하클램프=16.1905% v23b조건=45.3651% v23b실제적용=38.4683%
[ACTIVE] [RED] LeadPredict dist=911.591 dV=36.6796 thr=0.559845 om=1.72813 lt=3
[ACTIVE] [RED] LeadPredict dist=994.393 dV=5.35016 thr=1 om=1.33741 lt=3
[ACTIVE] [RED] LeadPredict dist=1250.93 dV=5.0415 thr=1 om=1.81671 lt=3
[ACTIVE] [RED] LeadPredict dist=833.124 dV=21.8637 thr=0.84 om=1.83664 lt=2.94397
[ACTIVE] [RED] LeadPredict dist=1115.2 dV=10.8547 thr=1 om=1.56315 lt=3
[ACTIVE] [RED] LeadPredict dist=1205.66 dV=-5.45306 thr=1 om=2.05571 lt=3
[ACTIVE] [RED] LeadPredict dist=1339.98 dV=0.154327 thr=1 om=0.542454 lt=3
[ACTIVE] [RED] LeadPredict dist=1105.56 dV=40.0234 thr=0.774157 om=1.6862 lt=3
[ACTIVE] [RED] LeadPredict dist=949.884 dV=18.1597 thr=0.855708 om=1.83037 lt=3
[ACTIVE] [RED] LeadPredict dist=1042.14 dV=14.4043 thr=0.841497 om=1.69899 lt=3
[DUTY] team=1 ticks=25800 v27종말조준=0.44186% v21뱅크예측=91.3256% v17궤도조건=95.2597% v17슬롯적용=71.5465% 상승클램프=0% 강하클램프=15.814% v23b조건=44.9767% v23b실제적용=38.0581%
[ACTIVE] [RED] LeadPredict dist=845.14 dV=9.56857 thr=0.854178 om=1.58394 lt=2.87159
[ACTIVE] [RED] LeadPredict dist=741.77 dV=9.00272 thr=0.858758 om=1.58883 lt=2.50026
[ACTIVE] [RED] LeadPredict dist=1053.05 dV=17.5424 thr=0.85221 om=1.81129 lt=3
[ACTIVE] [RED] LeadPredict dist=979.592 dV=-12.2951 thr=1 om=1.20754 lt=3
[ACTIVE] [RED] LeadPredict dist=862.163 dV=12.1408 thr=0.84259 om=1.48147 lt=2.90254
[ACTIVE] [RED] LeadPredict dist=951.518 dV=-8.33392 thr=1 om=0.814415 lt=3
[ACTIVE] [RED] LeadPredict dist=892.81 dV=25.3104 thr=0.696275 om=1.64851 lt=2.90703
runner:local/env:0	num_steps=[11999] | total rewards=[283.7635] | termination= [max time out]
[seed 13] reward=   283.76 ownHP=1.0000 tgtHP=0.9771 max time out
total: 2
[ACTIVE] [RED] LeadPredict dist=5185.77 dV=13.5298 thr=1 om=0.925021 lt=3
[ACTIVE] [RED] LeadPredict dist=2747.8 dV=30.0433 thr=1 om=0.15098 lt=3
[ACTIVE] [RED] LeadPredict dist=1383.43 dV=46.7112 thr=0.606243 om=1.07968 lt=3
[DUTY] team=1 ticks=26400 v27종말조준=0.507576% v21뱅크예측=91.4508% v17궤도조건=95% v17슬롯적용=71.7538% 상승클램프=0% 강하클램프=15.9015% v23b조건=45.1288% v23b실제적용=38.0189%
[ACTIVE] [RED] LeadPredict dist=3145.34 dV=45.6823 thr=1 om=1.05594 lt=3
[ACTIVE] [RED] LeadPredict dist=725.698 dV=-5.60739 thr=0.678409 om=0.652654 lt=0
[ACTIVE] [RED] LeadPredict dist=2570.89 dV=-32.2039 thr=0.758601 om=1.47512 lt=3
[ACTIVE] [RED] LeadPredict dist=570.037 dV=30.4548 thr=0.587878 om=4.44432 lt=1.59688
[ACTIVE] [RED] LeadPredict dist=1020.04 dV=15.639 thr=0.791694 om=0.408884 lt=3
[ACTIVE] [RED] Evade Z=3279.33
[ACTIVE] [RED] LeadPredict dist=753.211 dV=-13.8384 thr=1 om=0.850789 lt=2.73313
[ACTIVE] [RED] LeadPredict dist=600.745 dV=27.2139 thr=0.673434 om=1.39064 lt=2.03621
[ACTIVE] [RED] LeadPredict dist=369.693 dV=-7.51083 thr=0.859206 om=0.458266 lt=1.2612
[ACTIVE] [RED] Evade Z=4427.35
[DUTY_EV] team=1 evadeTicks=900 v31?섍컯?섏꽑(>3000m)=87.5556% 以묎컙(2200~3000)=8.33333% ?곸듅(<2200)=4.11111%
[ACTIVE] [RED] LeadPredict dist=484.388 dV=6.37906 thr=0.722777 om=0.531574 lt=1.48938
[ACTIVE] [RED] ClimbOut Z=3038.35
[ACTIVE] [RED] ClimbOut Z=2346.79
[ACTIVE] [RED] LeadPredict dist=902.869 dV=35.0334 thr=0.5796 om=1.8113 lt=2.53327
[DUTY] team=1 ticks=27000 v27종말조준=0.522222% v21뱅크예측=91.1667% v17궤도조건=94.7519% v17슬롯적용=70.4333% 상승클램프=0% 강하클램프=16.337% v23b조건=45.6% v23b실제적용=38.4481%
[ACTIVE] [RED] LeadPredict dist=196.838 dV=-5.86462 thr=0.772407 om=1.999 lt=0.627771
[ACTIVE] [RED] LeadPredict dist=293.298 dV=16.5135 thr=0.681838 om=2.29057 lt=0.948004
[ACTIVE] [RED] Evade Z=3581.25
[ACTIVE] [RED] LeadPredict dist=495.697 dV=-11.2662 thr=0.849368 om=1.46811 lt=1.67781
[ACTIVE] [RED] LeadPredict dist=523.851 dV=20.9377 thr=0.715343 om=1.51367 lt=1.6021
[ACTIVE] [RED] LeadPredict dist=372.784 dV=-2.41785 thr=0.702444 om=1.24621 lt=1.1296
[ACTIVE] [RED] LeadPredict dist=678.549 dV=-2.36642 thr=0.794927 om=1.01962 lt=2.20128
[ACTIVE] [RED] LeadPredict dist=1164.95 dV=-50.981 thr=1 om=1.27528 lt=3
[ACTIVE] [RED] LeadPredict dist=880.213 dV=-13.9413 thr=1 om=1.56551 lt=3
[ACTIVE] [RED] LeadPredict dist=1310.31 dV=-18.7771 thr=1 om=1.65268 lt=3
[ACTIVE] [RED] LeadPredict dist=1413.9 dV=-29.8375 thr=1 om=1.30915 lt=3
[DUTY] team=1 ticks=27600 v27종말조준=0.521739% v21뱅크예측=90.8442% v17궤도조건=94.8551% v17슬롯적용=69.663% 상승클램프=0% 강하클램프=16.5362% v23b조건=45.9058% v23b실제적용=38.721%
[ACTIVE] [RED] LeadPredict dist=1230.56 dV=-12.398 thr=1 om=1.39704 lt=3
[ACTIVE] [RED] LeadPredict dist=1071.52 dV=38.1714 thr=0.74639 om=1.64082 lt=3
[ACTIVE] [RED] LeadPredict dist=939.64 dV=32.8727 thr=0.75 om=1.13785 lt=3
[ACTIVE] [RED] LeadPredict dist=802.119 dV=17.028 thr=0.872 om=1.63142 lt=2.78579
[ACTIVE] [RED] LeadPredict dist=1007.62 dV=10.0316 thr=1 om=1.12291 lt=3
[ACTIVE] [RED] LeadPredict dist=1187.16 dV=15.8448 thr=0.855489 om=1.67651 lt=3
[ACTIVE] [RED] LeadPredict dist=922.525 dV=-10.2374 thr=1 om=1.38538 lt=3
runner:local/env:0	num_steps=[11999] | total rewards=[81.6211] | termination= [max time out]
[seed 14] reward=    81.62 ownHP=0.9835 tgtHP=0.9754 max time out
Remove Space Complete.

[rehearsal own_rep=6 tgt_rep=6 seeds=15]
SUMMARY dealt=0.2559 taken=0.0187 mean_reward=189.35
tacview log saved (last episode)

########## dtfix_orbit vs AIP_onecircle.dll ##########


     JSBSim Flight Dynamics Model v1.0.0 May 27 2026 16:13:38
            [JSBSim-ML v2.0]

JSBSim startup beginning ...

total: 2
Behavior Tree Initialized Successfully
Behavior Tree Initialized Successfully
[ACTIVE] [RED] Pure Z=6993.48 VPZ=6960.64
[ACTIVE] [RED] LeadPredict dist=3835.69 dV=-0.925995 thr=1 om=0.254218 lt=3
[ACTIVE] [RED] LeadPredict dist=3032.3 dV=26.8023 thr=1 om=0.456505 lt=3
[ACTIVE] [RED] LeadPredict dist=2706.65 dV=37.7085 thr=1 om=0.915233 lt=3
[ACTIVE] [RED] LeadPredict dist=2258.76 dV=-3.13806 thr=0.799081 om=0.947137 lt=3
[ACTIVE] [RED] LeadPredict dist=790.314 dV=-49.4377 thr=1 om=0.541789 lt=3
[ACTIVE] [RED] LeadPredict dist=2944.85 dV=-46.7626 thr=1 om=1.19756 lt=3
[ACTIVE] [RED] LeadPredict dist=2544.99 dV=-20.7834 thr=1 om=1.21071 lt=3
[ACTIVE] [RED] LeadPredict dist=1485.8 dV=19.1886 thr=0.652813 om=1.47563 lt=3
[ACTIVE] [RED] ClimbOut Z=2518.26
[ACTIVE] [RED] ClimbOut Z=2000.75
[ACTIVE] [RED] Pure Z=1979.86 VPZ=3500
[ACTIVE] [RED] Pure Z=2009.89 VPZ=3500
[ACTIVE] [RED] ClimbOut Z=1841.56
[ACTIVE] [RED] Pure Z=2055.84 VPZ=3500
[ACTIVE] [RED] LeadPredict dist=7790.14 dV=53.296 thr=1 om=2.15901 lt=3
[ACTIVE] [RED] Pure Z=2090.51 VPZ=3500
[ACTIVE] [RED] Pure Z=2189.29 VPZ=3500
[ACTIVE] [RED] LeadPredict dist=7132.44 dV=32.3068 thr=1 om=0.381467 lt=3
[DUTY] team=1 ticks=600 v27종말조준=0% v21뱅크예측=96.6667% v17궤도조건=31.3333% v17슬롯적용=24.8333% 상승클램프=0% 강하클램프=34.5% v23b조건=15.3333% v23b실제적용=15.3333%
[ACTIVE] [RED] Pure Z=2329.54 VPZ=3500
[ACTIVE] [RED] Pure Z=2491.58 VPZ=3500
[ACTIVE] [RED] LeadPredict dist=3880.42 dV=-1.44043 thr=1 om=0.209039 lt=3
[ACTIVE] [RED] LeadPredict dist=326.691 dV=-0.257233 thr=0.70616 om=0.116853 lt=0.992564
[ACTIVE] [RED] ClimbOut Z=2511.19
[ACTIVE] [RED] LeadPredict dist=3099.39 dV=-71.3528 thr=1 om=0.683389 lt=3
[ACTIVE] [RED] ClimbOut Z=1985.36
[ACTIVE] [RED] LeadPredict dist=3725.75 dV=-73.7707 thr=1 om=0.556481 lt=3
[ACTIVE] [RED] LeadPredict dist=2656.34 dV=-10.2888 thr=1 om=1.50497 lt=3
[ACTIVE] [RED] ClimbOut Z=2703.36
[ACTIVE] [RED] LeadPredict dist=2342.71 dV=68.7292 thr=0.619143 om=5.87844 lt=3
[ACTIVE] [RED] ClimbOut Z=2072.23
[ACTIVE] [RED] Pure Z=2393.35 VPZ=3500
[ACTIVE] [RED] LeadPredict dist=5024.35 dV=108.804 thr=1 om=1.73187 lt=3
[ACTIVE] [RED] Pure Z=2648.03 VPZ=3500
[ACTIVE] [RED] Pure Z=2820.48 VPZ=3500
[ACTIVE] [RED] Pure Z=2897.47 VPZ=3500
[ACTIVE] [RED] LeadPredict dist=3959.34 dV=98.4124 thr=1 om=0.499108 lt=3
[ACTIVE] [RED] LeadPredict dist=1181.8 dV=51.9584 thr=0.84 om=0.952991 lt=3
[ACTIVE] [RED] LeadPredict dist=1904.2 dV=2.62363 thr=1 om=1.63794 lt=3
[DUTY] team=1 ticks=1200 v27종말조준=0% v21뱅크예측=98.1667% v17궤도조건=34.5% v17슬롯적용=24.4167% 상승클램프=0% 강하클램프=35.75% v23b조건=20.6667% v23b실제적용=18.4167%
[ACTIVE] [RED] LeadPredict dist=1980.77 dV=-20.629 thr=1 om=1.78638 lt=3
[ACTIVE] [RED] LeadPredict dist=1462.25 dV=8.12814 thr=1 om=1.84975 lt=3
[ACTIVE] [RED] ClimbOut Z=2534.95
[ACTIVE] [RED] ClimbOut Z=2041.78
[ACTIVE] [RED] LeadPredict dist=2479.27 dV=33.6444 thr=0.744203 om=1.06349 lt=3
[ACTIVE] [RED] ClimbOut Z=1916.42
[ACTIVE] [RED] LeadPredict dist=3945.66 dV=58.9034 thr=1 om=0.723773 lt=3
[ACTIVE] [RED] LeadPredict dist=3285.69 dV=78.8636 thr=1 om=2.0084 lt=3
[ACTIVE] [RED] ClimbOut Z=1798.97
[ACTIVE] [RED] LeadPredict dist=824.396 dV=99.184 thr=0.904 om=5.01695 lt=2.35352
[ACTIVE] [RED] ClimbOut Z=1802.39
[ACTIVE] [RED] LeadPredict dist=1617.83 dV=65.694 thr=1 om=1.44653 lt=3
[ACTIVE] [RED] ClimbOut Z=1958.54
init ID:1 Lat37.92355643001773 Lon128.18188127777776 Alt(meter)7000.0785355893395 Speed(m/sec)300.0
init ID:1 Lat37.96855377446113 Lon128.18188127777776 Alt(meter)7002.8272734023885 Speed(m/sec)300.0
runner:local/env:0	num_steps=[11999] | total rewards=[-93.1395] | termination= [max time out]
[seed 0] reward=   -93.14 ownHP=1.0000 tgtHP=1.0000 max time out
total: 2
[ACTIVE] [RED] Pure Z=7003.32 VPZ=7261.93
[ACTIVE] [RED] LeadPredict dist=4954.25 dV=3.70395 thr=1 om=0 lt=3
[ACTIVE] [RED] Pure Z=7000.79 VPZ=7128.3
[ACTIVE] [RED] LeadPredict dist=2961.33 dV=-2.67511 thr=1 om=0.558156 lt=3
[ACTIVE] [RED] LeadPredict dist=1001.76 dV=19.4973 thr=0.718841 om=1.00712 lt=3
[DUTY] team=1 ticks=1800 v27종말조준=0% v21뱅크예측=97.8889% v17궤도조건=44.4444% v17슬롯적용=30.3889% 상승클램프=0% 강하클램프=33% v23b조건=17.4444% v23b실제적용=15.6111%
[ACTIVE] [RED] LeadPredict dist=2337.11 dV=18.7256 thr=0.745296 om=1.06349 lt=3
[ACTIVE] [RED] LeadPredict dist=1538.1 dV=30.9178 thr=1 om=0.808912 lt=3
[ACTIVE] [RED] LeadPredict dist=1516.36 dV=24.2816 thr=0.743547 om=1.12952 lt=3
[ACTIVE] [RED] Evade Z=4756.56
[ACTIVE] [RED] LeadPredict dist=931.768 dV=27.111 thr=1 om=4.58896 lt=2.92889
[ACTIVE] [RED] LeadPredict dist=1306.76 dV=34.7247 thr=0.71906 om=0.540295 lt=3
[ACTIVE] [RED] Evade Z=4630.08
[ACTIVE] [RED] LeadPredict dist=931.857 dV=-33.4386 thr=1 om=0.325807 lt=3
[ACTIVE] [RED] LeadPredict dist=229.586 dV=-13.8899 thr=0.765411 om=0.183045 lt=0.72839
[ACTIVE] [RED] LeadPredict dist=1007.91 dV=7.81949 thr=0.679705 om=1.28373 lt=3
[ACTIVE] [RED] LeadPredict dist=772.302 dV=-12.1408 thr=0.83297 om=1.23043 lt=2.58035
[ACTIVE] [RED] LeadPredict dist=1300.82 dV=-28.1399 thr=1 om=1.53039 lt=3
[DUTY] team=1 ticks=2400 v27종말조준=0% v21뱅크예측=97.9583% v17궤도조건=58.3333% v17슬롯적용=28.625% 상승클램프=0% 강하클램프=29.625% v23b조건=28.8333% v23b실제적용=27.4583%
[ACTIVE] [RED] ClimbOut Z=3016.13
[ACTIVE] [RED] LeadPredict dist=1917.86 dV=-35.0334 thr=0.803017 om=1.30719 lt=3
[ACTIVE] [RED] ClimbOut Z=2232.95
[ACTIVE] [RED] ClimbOut Z=2391.41
[ACTIVE] [RED] LeadPredict dist=1442.39 dV=27.0081 thr=0.84 om=3.25719 lt=3
[ACTIVE] [RED] ClimbOut Z=1794.09
[ACTIVE] [RED] LeadPredict dist=2238.12 dV=51.7012 thr=0.655437 om=1.47289 lt=3
[ACTIVE] [RED] ClimbOut Z=1858.09
[ACTIVE] [RED] LeadPredict dist=2755.74 dV=96.3546 thr=1 om=1.67348 lt=3
[ACTIVE] [RED] LeadPredict dist=1395.61 dV=88.4322 thr=0.8603 om=1.49754 lt=3
[ACTIVE] [RED] LeadPredict dist=1088.17 dV=32.3068 thr=1 om=1.35109 lt=3
[ACTIVE] [RED] LeadPredict dist=1683.67 dV=17.4395 thr=1 om=1.33305 lt=3
[ACTIVE] [RED] LeadPredict dist=1706.39 dV=39.8177 thr=1 om=1.2345 lt=3
[ACTIVE] [RED] LeadPredict dist=1229.57 dV=46.9169 thr=1 om=1.12199 lt=3
[ACTIVE] [RED] LeadPredict dist=884.269 dV=41.7211 thr=0.912 om=1.02863 lt=3
[DUTY] team=1 ticks=3000 v27종말조준=0% v21뱅크예측=96.8% v17궤도조건=64.3667% v17슬롯적용=40.6% 상승클램프=0% 강하클램프=27.2667% v23b조건=28.8333% v23b실제적용=27.7333%
[ACTIVE] [RED] LeadPredict dist=861.176 dV=32.9242 thr=0.60491 om=0.904194 lt=3
[ACTIVE] [RED] LeadPredict dist=876.5 dV=31.6381 thr=0.620343 om=0.849166 lt=3
[ACTIVE] [RED] LeadPredict dist=948.113 dV=22.018 thr=1 om=0.681481 lt=3
[ACTIVE] [RED] LeadPredict dist=1059.99 dV=1.08032 thr=1 om=0.457202 lt=3
[ACTIVE] [RED] LeadPredict dist=1309.97 dV=-33.2843 thr=1 om=0.534587 lt=3
[ACTIVE] [RED] LeadPredict dist=1770.46 dV=-63.9963 thr=1 om=0.691656 lt=3
[ACTIVE] [RED] LeadPredict dist=2407.92 dV=-77.1146 thr=1 om=0.874964 lt=3
[ACTIVE] [RED] LeadPredict dist=3027.16 dV=-75.4684 thr=1 om=1.00252 lt=3
[ACTIVE] [RED] LeadPredict dist=3179.21 dV=-59.5721 thr=1 om=1.21731 lt=3
runner:local/env:0	num_steps=[11999] | total rewards=[-27.0596] | termination= [max time out]
[seed 1] reward=   -27.06 ownHP=0.9872 tgtHP=1.0000 max time out
total: 2
[ACTIVE] [RED] LeadPredict dist=2583.55 dV=11.7807 thr=1 om=0.552041 lt=3
[DUTY] team=1 ticks=3600 v27종말조준=0% v21뱅크예측=97% v17궤도조건=65.5278% v17슬롯적용=44.8889% 상승클램프=0% 강하클램프=28.3333% v23b조건=24.0278% v23b실제적용=23.1111%
[ACTIVE] [RED] LeadPredict dist=1150.73 dV=27.8312 thr=0.702225 om=1.2176 lt=3
[ACTIVE] [RED] LeadPredict dist=3243.44 dV=62.7102 thr=1 om=1.03218 lt=3
[ACTIVE] [RED] LeadPredict dist=2439.68 dV=48.7689 thr=0.92 om=1.01799 lt=3
[ACTIVE] [RED] LeadPredict dist=1041.71 dV=-12.5523 thr=0.74311 om=1.32225 lt=3
[ACTIVE] [RED] ClimbOut Z=2632.96
[ACTIVE] [RED] LeadPredict dist=3422.11 dV=-40.0749 thr=1 om=1.37019 lt=3
[ACTIVE] [RED] ClimbOut Z=2046.26
[ACTIVE] [RED] Pure Z=2011.46 VPZ=3879.08
[ACTIVE] [RED] Pure Z=2277.52 VPZ=3500
[ACTIVE] [RED] ClimbOut Z=2627.76
[ACTIVE] [RED] Pure Z=2932.22 VPZ=3500
[ACTIVE] [RED] LeadPredict dist=5219.15 dV=56.8456 thr=1 om=1.35278 lt=3
[ACTIVE] [RED] Pure Z=3682.18 VPZ=3500
[ACTIVE] [RED] Pure Z=4246.41 VPZ=3500
[ACTIVE] [RED] LeadPredict dist=4046.74 dV=80.8185 thr=1 om=1.64432 lt=3
[ACTIVE] [RED] LeadPredict dist=1347.84 dV=48.666 thr=0.767597 om=0.289303 lt=3
[ACTIVE] [RED] LeadPredict dist=1326.65 dV=-6.53339 thr=1 om=1.53171 lt=3
[ACTIVE] [RED] LeadPredict dist=1428.23 dV=10.083 thr=1 om=1.45897 lt=3
[DUTY] team=1 ticks=4200 v27종말조준=0% v21뱅크예측=96.4048% v17궤도조건=64.1429% v17슬롯적용=44.7619% 상승클램프=0% 강하클램프=28.1429% v23b조건=25.5952% v23b실제적용=24.5%
[ACTIVE] [RED] LeadPredict dist=1399.33 dV=34.6218 thr=1 om=1.27404 lt=3
[ACTIVE] [RED] LeadPredict dist=1358.07 dV=38.0171 thr=1 om=1.03749 lt=3
[ACTIVE] [RED] LeadPredict dist=1188.37 dV=40.9494 thr=1 om=0.838014 lt=3
[ACTIVE] [RED] LeadPredict dist=959.61 dV=45.5279 thr=1 om=0.647827 lt=3
[ACTIVE] [RED] LeadPredict dist=790.824 dV=36.6796 thr=0.623999 om=0.442102 lt=3
[ACTIVE] [RED] LeadPredict dist=709.015 dV=27.0595 thr=0.675285 om=0.525224 lt=3
[ACTIVE] [RED] LeadPredict dist=677.278 dV=26.4937 thr=0.682076 om=0.764188 lt=3
[ACTIVE] [RED] LeadPredict dist=678.356 dV=6.4305 thr=0.922834 om=1.16735 lt=3
[ACTIVE] [RED] LeadPredict dist=830.415 dV=-33.3872 thr=1 om=0.738408 lt=3
[ACTIVE] [RED] LeadPredict dist=970.921 dV=-46.0938 thr=1 om=0.818686 lt=3
[DUTY] team=1 ticks=4800 v27종말조준=0% v21뱅크예측=96.8542% v17궤도조건=68.625% v17슬롯적용=49.4167% 상승클램프=0% 강하클램프=24.8542% v23b조건=22.3958% v23b실제적용=21.4375%
[ACTIVE] [RED] LeadPredict dist=499.374 dV=-32.4612 thr=1 om=0.900051 lt=2.94602
[ACTIVE] [RED] LeadPredict dist=960.454 dV=18.6742 thr=0.982 om=1.01007 lt=3
[ACTIVE] [RED] LeadPredict dist=882.728 dV=16.2049 thr=0.88 om=0.424142 lt=3
[ACTIVE] [RED] LeadPredict dist=1646.16 dV=-18.1083 thr=1 om=1.29093 lt=3
[ACTIVE] [RED] LeadPredict dist=805.131 dV=-34.3132 thr=1 om=1.28898 lt=3
[ACTIVE] [RED] LeadPredict dist=1905.89 dV=-6.58482 thr=1 om=1.2393 lt=3
[ACTIVE] [RED] LeadPredict dist=3001.76 dV=54.9936 thr=1 om=1.16416 lt=3
[ACTIVE] [RED] LeadPredict dist=2581.8 dV=80.9729 thr=1 om=1.11001 lt=3
[ACTIVE] [RED] LeadPredict dist=1679.05 dV=41.2066 thr=1 om=1.03462 lt=3
[ACTIVE] [RED] LeadPredict dist=1248.3 dV=10.6489 thr=1 om=1.01901 lt=3
[DUTY] team=1 ticks=5400 v27종말조준=0% v21뱅크예측=96.963% v17궤도조건=70.2037% v17슬롯적용=50.1296% 상승클램프=0% 강하클램프=24.5% v23b조건=19.9074% v23b실제적용=19.0556%
[ACTIVE] [RED] LeadPredict dist=1145.05 dV=4.52708 thr=1 om=0.940633 lt=3
[ACTIVE] [RED] LeadPredict dist=1161.65 dV=10.9061 thr=1 om=0.789467 lt=3
runner:local/env:0	num_steps=[11999] | total rewards=[135.5818] | termination= [max time out]
[seed 2] reward=   135.58 ownHP=1.0000 tgtHP=1.0000 max time out
total: 2
[ACTIVE] [RED] Pure Z=7044.17 VPZ=9231.76
[ACTIVE] [RED] LeadPredict dist=2483.34 dV=24.333 thr=0.96 om=0.837293 lt=3
[ACTIVE] [RED] LeadPredict dist=1647.52 dV=52.1642 thr=0.679487 om=1.12868 lt=3
[ACTIVE] [RED] LeadPredict dist=2351.41 dV=67.6489 thr=0.570824 om=1.11672 lt=3
[ACTIVE] [RED] LeadPredict dist=1255.79 dV=41.7725 thr=0.59881 om=1.15277 lt=3
[ACTIVE] [RED] LeadPredict dist=2307.17 dV=3.85828 thr=0.681455 om=1.275 lt=3
[ACTIVE] [RED] ClimbOut Z=2491.75
[ACTIVE] [RED] ClimbOut Z=2823.04
[ACTIVE] [RED] ClimbOut Z=2140.92
[ACTIVE] [RED] LeadPredict dist=4299.42 dV=33.3357 thr=1 om=2.84729 lt=3
[ACTIVE] [RED] Pure Z=1863.63 VPZ=3500
[ACTIVE] [RED] Pure Z=1863 VPZ=3500
[ACTIVE] [RED] Pure Z=1928.9 VPZ=3500
[ACTIVE] [RED] ClimbOut Z=1834.4
[ACTIVE] [RED] LeadPredict dist=5479.73 dV=43.0586 thr=1 om=2.17513 lt=3
[ACTIVE] [RED] Pure Z=2040.35 VPZ=3500
[ACTIVE] [RED] Pure Z=2234.2 VPZ=3500
[ACTIVE] [RED] LeadPredict dist=3411.19 dV=30.0948 thr=1 om=1.39132 lt=3
[DUTY] team=1 ticks=6000 v27종말조준=0% v21뱅크예측=96.55% v17궤도조건=69.3667% v17슬롯적용=50.5% 상승클램프=0% 강하클램프=26.0667% v23b조건=22.1% v23b실제적용=21.3333%
[ACTIVE] [RED] LeadPredict dist=899.84 dV=15.639 thr=0.755572 om=1.68087 lt=2.83403
[ACTIVE] [RED] ClimbOut Z=2108.25
[ACTIVE] [RED] LeadPredict dist=2386.95 dV=-13.4269 thr=0.901887 om=1.84568 lt=3
[ACTIVE] [RED] ClimbOut Z=2309.22
[ACTIVE] [RED] LeadPredict dist=1147.45 dV=40.435 thr=0.760164 om=2.08306 lt=3
[ACTIVE] [RED] LeadPredict dist=2902.6 dV=74.1308 thr=1 om=1.60955 lt=3
[ACTIVE] [RED] LeadPredict dist=1278.45 dV=11.1634 thr=1 om=0.33789 lt=3
[ACTIVE] [RED] Evade Z=3810.59
[ACTIVE] [RED] ClimbOut Z=2454.69
[ACTIVE] [RED] LeadPredict dist=2511.82 dV=62.7617 thr=1 om=7.51556 lt=3
[ACTIVE] [RED] LeadPredict dist=1339.02 dV=30.7635 thr=1 om=2.24182 lt=3
[ACTIVE] [RED] LeadPredict dist=1209.68 dV=-15.8448 thr=1 om=1.68468 lt=3
[ACTIVE] [RED] LeadPredict dist=1937.45 dV=-32.6669 thr=1 om=1.74122 lt=3
[ACTIVE] [RED] LeadPredict dist=2313.94 dV=-18.2626 thr=1 om=1.79517 lt=3
[DUTY] team=1 ticks=6600 v27종말조준=0% v21뱅크예측=96.4697% v17궤도조건=71.1061% v17슬롯적용=51.8182% 상승클램프=0% 강하클램프=26.9848% v23b조건=23.2424% v23b실제적용=22.3333%
[ACTIVE] [RED] LeadPredict dist=1352.44 dV=4.7843 thr=1 om=1.84295 lt=3
[ACTIVE] [RED] ClimbOut Z=2418.27
[ACTIVE] [RED] ClimbOut Z=1968.77
[ACTIVE] [RED] LeadPredict dist=3734.53 dV=73.5135 thr=1 om=3.38403 lt=3
[ACTIVE] [RED] Pure Z=1905.58 VPZ=3500
[ACTIVE] [RED] ClimbOut Z=1837.84
[ACTIVE] [RED] Pure Z=2071.23 VPZ=3500
[ACTIVE] [RED] LeadPredict dist=4482.32 dV=84.2138 thr=1 om=0.364665 lt=3
[ACTIVE] [RED] Pure Z=2260.65 VPZ=3500
[ACTIVE] [RED] LeadPredict dist=2906.97 dV=48.4602 thr=1 om=0.807384 lt=3
[ACTIVE] [RED] LeadPredict dist=610.528 dV=31.4837 thr=0.622195 om=1.57997 lt=1.85754
[ACTIVE] [RED] ClimbOut Z=2165.71
[ACTIVE] [RED] LeadPredict dist=1951.85 dV=-0.41156 thr=0.827067 om=1.71705 lt=3
[ACTIVE] [RED] LeadPredict dist=1408.66 dV=24.6931 thr=0.783558 om=1.80229 lt=3
[ACTIVE] [RED] LeadPredict dist=1792.43 dV=50.3122 thr=1 om=1.82341 lt=3
[ACTIVE] [RED] LeadPredict dist=977.229 dV=27.4196 thr=0.806889 om=1.82586 lt=3
[ACTIVE] [RED] LeadPredict dist=905.644 dV=6.89349 thr=0.992 om=1.32021 lt=3
[DUTY] team=1 ticks=7200 v27종말조준=0% v21뱅크예측=96.7222% v17궤도조건=71.4583% v17슬롯적용=50.75% 상승클램프=0% 강하클램프=26.8611% v23b조건=24.5% v23b실제적용=22.8889%
[ACTIVE] [RED] ClimbOut Z=2647.61
runner:local/env:0	num_steps=[11999] | total rewards=[-108.9734] | termination= [max time out]
[seed 3] reward=  -108.97 ownHP=0.8756 tgtHP=1.0000 max time out
total: 2
[ACTIVE] [RED] LeadPredict dist=2117.8 dV=15.5361 thr=1 om=0.823894 lt=3
[ACTIVE] [RED] LeadPredict dist=1056.11 dV=60.3953 thr=0.609304 om=1.0881 lt=3
[ACTIVE] [RED] LeadPredict dist=1927.52 dV=66.4656 thr=0.581756 om=0.440617 lt=3
[ACTIVE] [RED] LeadPredict dist=1808.87 dV=28.963 thr=0.735676 om=1.0823 lt=3
[ACTIVE] [RED] LeadPredict dist=743.968 dV=-27.111 thr=1 om=1.25307 lt=2.74572
[ACTIVE] [RED] LeadPredict dist=2193.93 dV=-71.8673 thr=1 om=1.31889 lt=3
[ACTIVE] [RED] LeadPredict dist=2593.71 dV=-73.8221 thr=1 om=1.38054 lt=3
[ACTIVE] [RED] ClimbOut Z=2763.78
[ACTIVE] [RED] LeadPredict dist=3129.69 dV=-74.7996 thr=1 om=1.24887 lt=3
[ACTIVE] [RED] ClimbOut Z=2152.96
[ACTIVE] [RED] LeadPredict dist=3064.76 dV=-49.6949 thr=1 om=0.53917 lt=3
[ACTIVE] [RED] LeadPredict dist=2485.63 dV=10.083 thr=0.96 om=1.61098 lt=3
[DUTY] team=1 ticks=7800 v27종말조준=0% v21뱅크예측=96.0897% v17궤도조건=70.6538% v17슬롯적용=49.3205% 상승클램프=0% 강하클램프=29.4103% v23b조건=24.8974% v23b실제적용=23.2436%
[ACTIVE] [RED] ClimbOut Z=2878.5
[ACTIVE] [RED] LeadPredict dist=1612.04 dV=77.1146 thr=0.609523 om=5.27583 lt=3
[ACTIVE] [RED] ClimbOut Z=2138
[ACTIVE] [RED] LeadPredict dist=4132.19 dV=115.595 thr=1 om=1.63681 lt=3
[ACTIVE] [RED] Pure Z=2595.78 VPZ=3500
[ACTIVE] [RED] Pure Z=2804.19 VPZ=3500
[ACTIVE] [RED] LeadPredict dist=3587.89 dV=113.022 thr=1 om=1.53824 lt=3
[ACTIVE] [RED] LeadPredict dist=1319.03 dV=83.3393 thr=0.761476 om=1.09949 lt=3
[ACTIVE] [RED] LeadPredict dist=1482.25 dV=14.9702 thr=1 om=1.63398 lt=3
[ACTIVE] [RED] LeadPredict dist=1671.13 dV=-14.8673 thr=1 om=1.58067 lt=3
[ACTIVE] [RED] LeadPredict dist=1344.87 dV=13.787 thr=1 om=1.55118 lt=3
[ACTIVE] [RED] LeadPredict dist=1468.94 dV=31.2265 thr=1 om=1.53751 lt=3
[ACTIVE] [RED] LeadPredict dist=1497.78 dV=23.0469 thr=1 om=1.52126 lt=3
[ACTIVE] [RED] LeadPredict dist=1283.47 dV=16.3077 thr=1 om=1.49067 lt=3
[DUTY] team=1 ticks=8400 v27종말조준=0% v21뱅크예측=96.369% v17궤도조건=71.0952% v17슬롯적용=50.7976% 상승클램프=0% 강하클램프=29% v23b조건=24.4881% v23b실제적용=22.7381%
[ACTIVE] [RED] LeadPredict dist=1035.61 dV=14.1985 thr=1 om=1.432 lt=3
[ACTIVE] [RED] LeadPredict dist=1076.72 dV=19.6516 thr=1 om=1.30164 lt=3
[ACTIVE] [RED] LeadPredict dist=1085.08 dV=38.0171 thr=1 om=1.22159 lt=3
[ACTIVE] [RED] LeadPredict dist=910.432 dV=38.7888 thr=0.984 om=1.1901 lt=3
[ACTIVE] [RED] LeadPredict dist=807.531 dV=20.7319 thr=0.751217 om=0.785183 lt=3
[ACTIVE] [RED] LeadPredict dist=831.548 dV=18.4684 thr=0.778379 om=0.616375 lt=3
[ACTIVE] [RED] LeadPredict dist=950.058 dV=24.2816 thr=1 om=0.452752 lt=3
[ACTIVE] [RED] LeadPredict dist=1095.85 dV=38.6344 thr=1 om=0.317616 lt=3
[ACTIVE] [RED] LeadPredict dist=1272.2 dV=43.9846 thr=1 om=0.43689 lt=3
[ACTIVE] [RED] LeadPredict dist=1598.83 dV=27.6769 thr=1 om=0.441911 lt=3
[DUTY] team=1 ticks=9000 v27종말조준=0% v21뱅크예측=96.6111% v17궤도조건=73.0222% v17슬롯적용=54.0778% 상승클램프=0% 강하클램프=27.0667% v23b조건=22.8556% v23b실제적용=21.2222%
[ACTIVE] [RED] LeadPredict dist=2217.81 dV=-2.16064 thr=1 om=0.467043 lt=3
[ACTIVE] [RED] LeadPredict dist=3078.31 dV=-24.6931 thr=1 om=0.711825 lt=3
runner:local/env:0	num_steps=[11999] | total rewards=[-52.0014] | termination= [max time out]
[seed 4] reward=   -52.00 ownHP=1.0000 tgtHP=1.0000 max time out
total: 2
[ACTIVE] [RED] LeadPredict dist=2457.2 dV=18.3141 thr=0.84 om=0.386658 lt=3
[ACTIVE] [RED] Evade Z=7101.21
[ACTIVE] [RED] LeadPredict dist=648.782 dV=53.3474 thr=0.936 om=0.226863 lt=1.77651
[ACTIVE] [RED] LeadPredict dist=2265.66 dV=63.3275 thr=0.526878 om=1.01955 lt=3
[ACTIVE] [RED] LeadPredict dist=1950.24 dV=23.4585 thr=0.706816 om=0.916049 lt=3
[ACTIVE] [RED] LeadPredict dist=804.68 dV=-24.9503 thr=1 om=1.04856 lt=2.92699
[ACTIVE] [RED] LeadPredict dist=1942.02 dV=-63.379 thr=1 om=1.16545 lt=3
[ACTIVE] [RED] LeadPredict dist=2468.11 dV=-69.9124 thr=1 om=1.20708 lt=3
[ACTIVE] [RED] ClimbOut Z=2751.23
[ACTIVE] [RED] LeadPredict dist=2639.12 dV=-31.9982 thr=1 om=0.544262 lt=3
[DUTY] team=1 ticks=9600 v27종말조준=0% v21뱅크예측=96.1875% v17궤도조건=73.2604% v17슬롯적용=53.9792% 상승클램프=0% 강하클램프=27.8854% v23b조건=23.4479% v23b실제적용=21.9062%
[ACTIVE] [RED] ClimbOut Z=2093.43
[ACTIVE] [RED] LeadPredict dist=2322.81 dV=11.8321 thr=1 om=0.336033 lt=3
[ACTIVE] [RED] ClimbOut Z=2192.39
[ACTIVE] [RED] LeadPredict dist=1423.4 dV=54.3763 thr=0.564046 om=1.61954 lt=3
[ACTIVE] [RED] LeadPredict dist=2366.86 dV=51.8556 thr=0.642974 om=1.63392 lt=3
[ACTIVE] [RED] ClimbOut Z=1841.57
[ACTIVE] [RED] LeadPredict dist=3316.62 dV=85.9115 thr=1 om=2.574 lt=3
[ACTIVE] [RED] LeadPredict dist=2520.84 dV=102.785 thr=1 om=1.70377 lt=3
[ACTIVE] [RED] LeadPredict dist=1418.19 dV=85.0884 thr=0.762569 om=1.69087 lt=3
[ACTIVE] [RED] LeadPredict dist=1976.47 dV=62.8646 thr=0.856801 om=1.70761 lt=3
[ACTIVE] [RED] ClimbOut Z=2072.88
[ACTIVE] [RED] LeadPredict dist=2710.48 dV=83.8537 thr=1 om=3.01871 lt=3
[ACTIVE] [RED] ClimbOut Z=1828.24
[ACTIVE] [RED] LeadPredict dist=2526.72 dV=84.5225 thr=1 om=1.09828 lt=3
[ACTIVE] [RED] LeadPredict dist=1464.9 dV=60.4981 thr=1 om=2.0112 lt=3
[DUTY] team=1 ticks=10200 v27종말조준=0% v21뱅크예측=96.4118% v17궤도조건=72.5392% v17슬롯적용=53.0686% 상승클램프=0% 강하클램프=27.1275% v23b조건=24.5294% v23b실제적용=23.0784%
[ACTIVE] [RED] ClimbOut Z=1881.19
[ACTIVE] [RED] LeadPredict dist=1305.74 dV=58.7491 thr=1 om=1.6205 lt=3
[ACTIVE] [RED] ClimbOut Z=1817.98
[ACTIVE] [RED] LeadPredict dist=1466.11 dV=36.1651 thr=1 om=0.745289 lt=3
[ACTIVE] [RED] ClimbOut Z=1892.12
[ACTIVE] [RED] ClimbOut Z=1816.22
[ACTIVE] [RED] LeadPredict dist=1522.16 dV=44.3447 thr=1 om=1.93823 lt=3
[ACTIVE] [RED] ClimbOut Z=1847.53
[ACTIVE] [RED] LeadPredict dist=1489.2 dV=43.6245 thr=1 om=1.31385 lt=3
[ACTIVE] [RED] ClimbOut Z=1802.73
[ACTIVE] [RED] LeadPredict dist=1483.64 dV=43.8303 thr=1 om=1.35368 lt=3
[ACTIVE] [RED] ClimbOut Z=1834.64
[ACTIVE] [RED] ClimbOut Z=1897.08
[ACTIVE] [RED] LeadPredict dist=1478.53 dV=44.8077 thr=1 om=1.56782 lt=3
[ACTIVE] [RED] ClimbOut Z=1815.72
[ACTIVE] [RED] LeadPredict dist=1552.05 dV=45.888 thr=1 om=1.0075 lt=3
[ACTIVE] [RED] ClimbOut Z=1799.02
[ACTIVE] [RED] LeadPredict dist=1492.09 dV=44.7563 thr=1 om=1.17601 lt=3
[ACTIVE] [RED] ClimbOut Z=1834.19
runner:local/env:0	num_steps=[11999] | total rewards=[-80.4238] | termination= [max time out]
[seed 5] reward=   -80.42 ownHP=0.9944 tgtHP=1.0000 max time out
total: 2
[ACTIVE] [RED] LeadPredict dist=1801.96 dV=21.9151 thr=0.773282 om=0.98314 lt=3
[ACTIVE] [RED] LeadPredict dist=2047.57 dV=47.3799 thr=0.660465 om=1.02158 lt=3
[DUTY] team=1 ticks=10800 v27종말조준=0% v21뱅크예측=96.5% v17궤도조건=73.8981% v17슬롯적용=50.6019% 상승클램프=0% 강하클램프=26.6574% v23b조건=24.037% v23b실제적용=22.6667%
[ACTIVE] [RED] LeadPredict dist=1691.52 dV=54.7364 thr=0.589627 om=1.04065 lt=3
[ACTIVE] [RED] LeadPredict dist=2241.03 dV=22.6868 thr=0.660465 om=1.22341 lt=3
[ACTIVE] [RED] ClimbOut Z=3145.9
[ACTIVE] [RED] LeadPredict dist=2845.02 dV=4.6814 thr=1 om=1.29701 lt=3
[ACTIVE] [RED] ClimbOut Z=2403.78
[ACTIVE] [RED] ClimbOut Z=2405.25
[ACTIVE] [RED] ClimbOut Z=1920.39
[ACTIVE] [RED] LeadPredict dist=4461.57 dV=38.583 thr=1 om=1.90112 lt=3
[ACTIVE] [RED] Pure Z=1880.48 VPZ=3500
[ACTIVE] [RED] Pure Z=1929.91 VPZ=3500
[ACTIVE] [RED] Pure Z=2034.39 VPZ=3500
[ACTIVE] [RED] LeadPredict dist=4900.02 dV=36.9882 thr=1 om=1.39697 lt=3
[ACTIVE] [RED] Pure Z=2169.56 VPZ=3500
[ACTIVE] [RED] LeadPredict dist=2798.24 dV=40.2292 thr=1 om=0.994825 lt=3
[ACTIVE] [RED] LeadPredict dist=870.091 dV=35.9594 thr=0.568488 om=1.53288 lt=2.57237
[ACTIVE] [RED] ClimbOut Z=1929.31
[ACTIVE] [RED] LeadPredict dist=1683.53 dV=2.46933 thr=0.788368 om=1.10787 lt=3
[ACTIVE] [RED] ClimbOut Z=2179.14
[ACTIVE] [RED] ClimbOut Z=1855.99
[ACTIVE] [RED] Evade Z=1829.9
[ACTIVE] [RED] Evade Z=1828.25
[ACTIVE] [RED] LeadPredict dist=1142.74 dV=54.4792 thr=1 om=0 lt=3
[ACTIVE] [RED] ClimbOut Z=1907.98
[ACTIVE] [RED] LeadPredict dist=1360.27 dV=37.6056 thr=1 om=0.950779 lt=3
[DUTY] team=1 ticks=11400 v27종말조준=0% v21뱅크예측=96.4386% v17궤도조건=73.114% v17슬롯적용=48.9123% 상승클램프=0% 강하클램프=26.1491% v23b조건=24.9737% v23b실제적용=23.2982%
[ACTIVE] [RED] ClimbOut Z=1812.29
[ACTIVE] [RED] LeadPredict dist=1477.73 dV=36.9368 thr=1 om=0.715796 lt=3
[ACTIVE] [RED] ClimbOut Z=1828.47
[ACTIVE] [RED] ClimbOut Z=1798.93
[ACTIVE] [RED] LeadPredict dist=1468.3 dV=38.8917 thr=1 om=1.74721 lt=3
[ACTIVE] [RED] ClimbOut Z=1828.17
[ACTIVE] [RED] LeadPredict dist=1466.04 dV=39.4061 thr=1 om=1.23219 lt=3
[ACTIVE] [RED] ClimbOut Z=1790.1
[ACTIVE] [RED] ClimbOut Z=1829.34
[ACTIVE] [RED] LeadPredict dist=1468.96 dV=40.3835 thr=1 om=1.15221 lt=3
[ACTIVE] [RED] ClimbOut Z=1797.63
[ACTIVE] [RED] LeadPredict dist=1514.54 dV=34.0045 thr=1 om=0.699697 lt=3
[ACTIVE] [RED] ClimbOut Z=1859.29
[ACTIVE] [RED] LeadPredict dist=1467.32 dV=35.3935 thr=1 om=0.894615 lt=3
[ACTIVE] [RED] ClimbOut Z=1816.9
[ACTIVE] [RED] ClimbOut Z=1799.42
[ACTIVE] [RED] LeadPredict dist=1531.55 dV=45.9395 thr=1 om=1.47096 lt=3
[ACTIVE] [RED] ClimbOut Z=1886.68
[ACTIVE] [RED] LeadPredict dist=1472.36 dV=43.213 thr=1 om=1.61472 lt=3
[ACTIVE] [RED] ClimbOut Z=1806.07
[ACTIVE] [RED] LeadPredict dist=1494.25 dV=42.8528 thr=1 om=1.41669 lt=3
[ACTIVE] [RED] ClimbOut Z=1844.67
[ACTIVE] [RED] LeadPredict dist=1539.86 dV=41.5153 thr=1 om=0.74654 lt=3
[DUTY] team=1 ticks=12000 v27종말조준=0% v21뱅크예측=96.6167% v17궤도조건=74.4583% v17슬롯적용=46.4667% 상승클램프=0% 강하클램프=24.8417% v23b조건=23.725% v23b실제적용=22.1333%
[ACTIVE] [RED] ClimbOut Z=1888.27
runner:local/env:0	num_steps=[11999] | total rewards=[-119.9900] | termination= [max time out]
[seed 6] reward=  -119.99 ownHP=1.0000 tgtHP=1.0000 max time out
total: 2
[ACTIVE] [RED] LeadPredict dist=2150.54 dV=7.66516 thr=0.81045 om=1.32744 lt=3
[ACTIVE] [RED] LeadPredict dist=1852.42 dV=29.0144 thr=0.722777 om=1.43071 lt=3
[ACTIVE] [RED] LeadPredict dist=3758.64 dV=40.6922 thr=1 om=1.05269 lt=3
[ACTIVE] [RED] LeadPredict dist=1647.63 dV=37.4512 thr=1 om=1.11311 lt=3
[ACTIVE] [RED] Evade Z=3326.73
[ACTIVE] [RED] LeadPredict dist=2669.41 dV=-7.92239 thr=0.865078 om=1.40491 lt=3
[ACTIVE] [RED] ClimbOut Z=2454.21
[ACTIVE] [RED] Pure Z=2217.67 VPZ=4787.28
[ACTIVE] [RED] LeadPredict dist=5241.11 dV=-80.5613 thr=1 om=1.43765 lt=3
[ACTIVE] [RED] Pure Z=2157.83 VPZ=4911.55
[ACTIVE] [RED] Pure Z=2407.43 VPZ=4926.61
[ACTIVE] [RED] LeadPredict dist=4929.73 dV=-66.5171 thr=1 om=1.51633 lt=3
[ACTIVE] [RED] LeadPredict dist=2582.85 dV=22.4296 thr=1 om=1.45502 lt=3
[ACTIVE] [RED] LeadPredict dist=1760.33 dV=43.3673 thr=0.714469 om=1.60148 lt=3
[ACTIVE] [RED] ClimbOut Z=3259.04
[ACTIVE] [RED] ClimbOut Z=2483.77
[ACTIVE] [RED] ClimbOut Z=2120.51
[ACTIVE] [RED] LeadPredict dist=2726 dV=32.9756 thr=0.829799 om=1.69379 lt=3
[DUTY] team=1 ticks=12600 v27종말조준=0% v21뱅크예측=96.5397% v17궤도조건=73.2857% v17슬롯적용=45.7619% 상승클램프=0% 강하클램프=25.8651% v23b조건=24.2857% v23b실제적용=22.5397%
[ACTIVE] [RED] ClimbOut Z=1856.15
[ACTIVE] [RED] LeadPredict dist=3381.61 dV=58.3889 thr=1 om=2.25533 lt=3
[ACTIVE] [RED] LeadPredict dist=2464.07 dV=61.4241 thr=0.88 om=1.69807 lt=3
[ACTIVE] [RED] ClimbOut Z=1874.35
[ACTIVE] [RED] LeadPredict dist=1921.27 dV=53.3474 thr=0.694573 om=1.71569 lt=3
[ACTIVE] [RED] ClimbOut Z=1829.62
[ACTIVE] [RED] LeadPredict dist=3027 dV=62.8131 thr=1 om=1.84974 lt=3
[ACTIVE] [RED] ClimbOut Z=1798.38
[ACTIVE] [RED] LeadPredict dist=3283.16 dV=82.6191 thr=1 om=1.84254 lt=3
[ACTIVE] [RED] ClimbOut Z=1797.8
[ACTIVE] [RED] LeadPredict dist=2171.13 dV=83.3393 thr=0.92 om=2.14818 lt=3
[ACTIVE] [RED] ClimbOut Z=1804.21
[ACTIVE] [RED] LeadPredict dist=1504.18 dV=101.55 thr=1 om=2.75536 lt=3
[ACTIVE] [RED] ClimbOut Z=1854.2
[ACTIVE] [RED] LeadPredict dist=1577.17 dV=70.9927 thr=1 om=1.43084 lt=3
[ACTIVE] [RED] ClimbOut Z=1905.98
[ACTIVE] [RED] LeadPredict dist=1539.56 dV=48.5631 thr=1 om=1.50088 lt=3
[ACTIVE] [RED] ClimbOut Z=1812.44
[ACTIVE] [RED] LeadPredict dist=1509.15 dV=41.2066 thr=1 om=1.44765 lt=3
[DUTY] team=1 ticks=13200 v27종말조준=0% v21뱅크예측=96.6515% v17궤도조건=72.6591% v17슬롯적용=44.5909% 상승클램프=0% 강하클램프=25% v23b조건=23.9848% v23b실제적용=22.3182%
[ACTIVE] [RED] ClimbOut Z=1818.21
[ACTIVE] [RED] ClimbOut Z=1802.83
[ACTIVE] [RED] LeadPredict dist=1478.74 dV=42.0298 thr=1 om=1.418 lt=3
[ACTIVE] [RED] ClimbOut Z=1833.56
[ACTIVE] [RED] LeadPredict dist=1478.52 dV=43.3673 thr=1 om=1.31418 lt=3
[ACTIVE] [RED] ClimbOut Z=1793.96
[ACTIVE] [RED] LeadPredict dist=1437.5 dV=41.5153 thr=1 om=1.85619 lt=3
[ACTIVE] [RED] ClimbOut Z=1829.7
[ACTIVE] [RED] ClimbOut Z=1800.72
[ACTIVE] [RED] LeadPredict dist=1476.76 dV=36.731 thr=1 om=0.702309 lt=3
[ACTIVE] [RED] ClimbOut Z=1816.69
[ACTIVE] [RED] LeadPredict dist=1511.53 dV=42.4927 thr=1 om=0.719216 lt=3
[ACTIVE] [RED] ClimbOut Z=1822.34
runner:local/env:0	num_steps=[11999] | total rewards=[-106.5797] | termination= [max time out]
[seed 7] reward=  -106.58 ownHP=1.0000 tgtHP=1.0000 max time out
total: 2
[ACTIVE] [RED] LeadPredict dist=1393.74 dV=14.8159 thr=1 om=0.959522 lt=3
[ACTIVE] [RED] LeadPredict dist=1425.95 dV=59.8294 thr=0.61805 om=1.0563 lt=3
[ACTIVE] [RED] LeadPredict dist=1530.46 dV=23.407 thr=0.731085 om=0.0751315 lt=3
[ACTIVE] [RED] LeadPredict dist=65.6803 dV=-32.7184 thr=1 om=0.0660795 lt=0.234866
[ACTIVE] [RED] LeadPredict dist=1321.9 dV=-60.6525 thr=1 om=1.05352 lt=3
[DUTY] team=1 ticks=13800 v27종말조준=0% v21뱅크예측=96.2899% v17궤도조건=73.4493% v17슬롯적용=42.9783% 상승클램프=0% 강하클램프=24.5725% v23b조건=24.0652% v23b실제적용=22.4058%
[ACTIVE] [RED] LeadPredict dist=1719.37 dV=-52.9359 thr=1 om=1.13703 lt=3
[ACTIVE] [RED] LeadPredict dist=1955.12 dV=-18.1597 thr=0.750981 om=1.1667 lt=3
[ACTIVE] [RED] ClimbOut Z=2419.49
[ACTIVE] [RED] LeadPredict dist=2087.67 dV=-8.95126 thr=1 om=1.37444 lt=3
[ACTIVE] [RED] LeadPredict dist=1780.74 dV=43.9846 thr=1 om=1.66758 lt=3
[ACTIVE] [RED] ClimbOut Z=1907.14
[ACTIVE] [RED] ClimbOut Z=2154.78
[ACTIVE] [RED] LeadPredict dist=1475.62 dV=73.8221 thr=0.556831 om=1.6758 lt=3
[ACTIVE] [RED] LeadPredict dist=2188.31 dV=91.9819 thr=0.705067 om=1.68444 lt=3
[ACTIVE] [RED] LeadPredict dist=1815.99 dV=100.573 thr=0.856146 om=1.49929 lt=3
[ACTIVE] [RED] LeadPredict dist=1166.72 dV=58.1317 thr=1 om=1.1844 lt=3
[ACTIVE] [RED] LeadPredict dist=1050.8 dV=33.49 thr=1 om=1.07251 lt=3
[ACTIVE] [RED] LeadPredict dist=1086.78 dV=48.666 thr=1 om=1.02061 lt=3
[DUTY] team=1 ticks=14400 v27종말조준=0% v21뱅크예측=96.0833% v17궤도조건=74.5486% v17슬롯적용=45.3472% 상승클램프=0% 강하클램프=25.2292% v23b조건=24.7708% v23b실제적용=23.1806%
[ACTIVE] [RED] LeadPredict dist=971.006 dV=63.7391 thr=1 om=1.04806 lt=3
[ACTIVE] [RED] LeadPredict dist=810.519 dV=49.4891 thr=0.663999 om=0.85975 lt=3
[ACTIVE] [RED] LeadPredict dist=873.862 dV=20.4233 thr=0.754921 om=0.351062 lt=3
[ACTIVE] [RED] LeadPredict dist=1132.85 dV=21.0406 thr=1 om=0.212966 lt=3
[ACTIVE] [RED] LeadPredict dist=1445.19 dV=38.8402 thr=1 om=0.0456291 lt=3
[ACTIVE] [RED] LeadPredict dist=1689.78 dV=60.2409 thr=1 om=0.154046 lt=3
[ACTIVE] [RED] LeadPredict dist=1679.77 dV=76.1886 thr=1 om=0.360346 lt=3
[ACTIVE] [RED] LeadPredict dist=1247.11 dV=77.0631 thr=1 om=0.475596 lt=3
[ACTIVE] [RED] LeadPredict dist=688.304 dV=44.6534 thr=0.76 om=0.643022 lt=3
[ACTIVE] [RED] LeadPredict dist=1121.82 dV=-13.6841 thr=1 om=0.595176 lt=3
[DUTY] team=1 ticks=15000 v27종말조준=0% v21뱅크예측=95.8333% v17궤도조건=75.3267% v17슬롯적용=47.2933% 상승클램프=0% 강하클램프=24.22% v23b조건=23.78% v23b실제적용=22.2533%
[ACTIVE] [RED] LeadPredict dist=1856.83 dV=-46.6083 thr=1 om=0.804226 lt=3
[ACTIVE] [RED] LeadPredict dist=2359.58 dV=-44.7048 thr=1 om=0.921855 lt=3
[ACTIVE] [RED] LeadPredict dist=2472.1 dV=-25.3104 thr=1 om=1.01538 lt=3
[ACTIVE] [RED] LeadPredict dist=2006.84 dV=-14.5072 thr=1 om=1.17237 lt=3
[ACTIVE] [RED] LeadPredict dist=1070.39 dV=-10.9061 thr=1 om=1.27746 lt=3
[ACTIVE] [RED] LeadPredict dist=1234.12 dV=-1.85199 thr=1 om=1.50329 lt=3
[ACTIVE] [RED] LeadPredict dist=1802.3 dV=-8.23103 thr=1 om=1.5407 lt=3
runner:local/env:0	num_steps=[11999] | total rewards=[16.1980] | termination= [max time out]
[seed 8] reward=    16.20 ownHP=1.0000 tgtHP=1.0000 max time out
total: 2
[ACTIVE] [RED] LeadPredict dist=2630.89 dV=4.06409 thr=1 om=1.06385 lt=3
[ACTIVE] [RED] LeadPredict dist=1653.15 dV=27.9341 thr=0.749888 om=1.06641 lt=3
[ACTIVE] [RED] LeadPredict dist=3092.27 dV=46.7626 thr=1 om=1.05276 lt=3
[DUTY] team=1 ticks=15600 v27종말조준=0% v21뱅크예측=95.9167% v17궤도조건=75.9744% v17슬롯적용=48.9231% 상승클램프=0% 강하클램프=24.2436% v23b조건=23.4167% v23b실제적용=21.9487%
[ACTIVE] [RED] LeadPredict dist=1832.1 dV=37.3484 thr=0.539559 om=1.10688 lt=3
[ACTIVE] [RED] LeadPredict dist=1521.42 dV=16.0505 thr=0.597935 om=0.746884 lt=3
[ACTIVE] [RED] ClimbOut Z=2446.37
[ACTIVE] [RED] ClimbOut Z=2948.04
[ACTIVE] [RED] Pure Z=2087.82 VPZ=3500
[ACTIVE] [RED] ClimbOut Z=2194.8
[ACTIVE] [RED] Pure Z=2146.68 VPZ=3500
[ACTIVE] [RED] Pure Z=2609.12 VPZ=3500
[ACTIVE] [RED] LeadPredict dist=7174.84 dV=43.0586 thr=1 om=1.30063 lt=3
[ACTIVE] [RED] Pure Z=3248.53 VPZ=3500
[ACTIVE] [RED] Pure Z=3811.95 VPZ=3500
[ACTIVE] [RED] LeadPredict dist=7095.57 dV=65.5397 thr=1 om=1.5061 lt=3
[ACTIVE] [RED] Pure Z=4088.87 VPZ=3500
[ACTIVE] [RED] Pure Z=4043.55 VPZ=3500
[ACTIVE] [RED] LeadPredict dist=4137.42 dV=56.1254 thr=1 om=0.139939 lt=3
[ACTIVE] [RED] LeadPredict dist=765.746 dV=18.6227 thr=0.720153 om=0.0784222 lt=2.35002
[ACTIVE] [RED] LeadPredict dist=2228.2 dV=-15.8962 thr=1 om=1.34566 lt=3
[ACTIVE] [RED] LeadPredict dist=1529.07 dV=-0.720215 thr=1 om=1.54625 lt=3
[ACTIVE] [RED] LeadPredict dist=902.505 dV=23.9215 thr=0.712942 om=1.39478 lt=3
[ACTIVE] [RED] LeadPredict dist=2248.35 dV=30.6606 thr=1 om=1.21174 lt=3
[DUTY] team=1 ticks=16200 v27종말조준=0% v21뱅크예측=95.9568% v17궤도조건=75.2963% v17슬롯적용=48.9074% 상승클램프=0% 강하클램프=24.1049% v23b조건=23.3827% v23b실제적용=21.9691%
[ACTIVE] [RED] LeadPredict dist=2548.72 dV=48.0487 thr=1 om=1.04493 lt=3
[ACTIVE] [RED] LeadPredict dist=1832.17 dV=62.9675 thr=1 om=0.960642 lt=3
[ACTIVE] [RED] LeadPredict dist=959.457 dV=49.6949 thr=1 om=0.83522 lt=3
[ACTIVE] [RED] LeadPredict dist=1004.54 dV=6.01894 thr=1 om=0.69212 lt=3
[ACTIVE] [RED] LeadPredict dist=1361.41 dV=7.7166 thr=1 om=0.557906 lt=3
[ACTIVE] [RED] LeadPredict dist=1452.07 dV=44.9106 thr=1 om=0.440574 lt=3
[ACTIVE] [RED] LeadPredict dist=1302.41 dV=73.7193 thr=1 om=0.421602 lt=3
[ACTIVE] [RED] LeadPredict dist=1014.26 dV=75.9828 thr=1 om=0.744953 lt=3
[ACTIVE] [RED] LeadPredict dist=753.974 dV=40.0234 thr=0.671999 om=0.176902 lt=3
[ACTIVE] [RED] LeadPredict dist=890.375 dV=-20.629 thr=1 om=0.61709 lt=3
[DUTY] team=1 ticks=16800 v27종말조준=0% v21뱅크예측=95.9405% v17궤도조건=75.881% v17슬롯적용=50.4345% 상승클램프=0% 강하클램프=23.244% v23b조건=22.5476% v23b실제적용=21.1845%
[ACTIVE] [RED] LeadPredict dist=1256.84 dV=-54.4792 thr=1 om=0.706362 lt=3
[ACTIVE] [RED] LeadPredict dist=1611.91 dV=-42.0812 thr=1 om=0.825903 lt=3
[ACTIVE] [RED] LeadPredict dist=1812.73 dV=-21.1949 thr=1 om=0.926918 lt=3
[ACTIVE] [RED] LeadPredict dist=1755.44 dV=-12.1408 thr=1 om=1.04263 lt=3
[ACTIVE] [RED] LeadPredict dist=1552.62 dV=-10.546 thr=1 om=1.18299 lt=3
[ACTIVE] [RED] LeadPredict dist=1505.2 dV=-10.8547 thr=1 om=1.33656 lt=3
[ACTIVE] [RED] LeadPredict dist=1659.5 dV=-15.0217 thr=1 om=1.47694 lt=3
[ACTIVE] [RED] LeadPredict dist=1610.63 dV=-18.4684 thr=1 om=1.38727 lt=3
[ACTIVE] [RED] LeadPredict dist=1559.45 dV=-13.0668 thr=1 om=1.35791 lt=3
[ACTIVE] [RED] LeadPredict dist=1626.89 dV=0.668793 thr=0.740486 om=1.327 lt=3
[DUTY] team=1 ticks=17400 v27종말조준=0% v21뱅크예측=96.0805% v17궤도조건=76.7126% v17슬롯적용=52.1437% 상승클램프=0% 강하클램프=23.2931% v23b조건=22.0575% v23b실제적용=20.7414%
[ACTIVE] [RED] ClimbOut Z=2809.95
runner:local/env:0	num_steps=[11999] | total rewards=[9.0778] | termination= [max time out]
[seed 9] reward=     9.08 ownHP=1.0000 tgtHP=1.0000 max time out
total: 2
[ACTIVE] [RED] LeadPredict dist=1363.46 dV=14.9188 thr=0.802361 om=1.03011 lt=3
[ACTIVE] [RED] LeadPredict dist=3584.07 dV=35.1877 thr=1 om=1.08146 lt=3
[ACTIVE] [RED] LeadPredict dist=3051.71 dV=34.2617 thr=1 om=1.10125 lt=3
[ACTIVE] [RED] LeadPredict dist=525.024 dV=18.0568 thr=0.62439 om=0.564274 lt=1.50705
[ACTIVE] [RED] ClimbOut Z=2653.29
[ACTIVE] [RED] ClimbOut Z=2309.31
[ACTIVE] [RED] Pure Z=2129.4 VPZ=3500
[ACTIVE] [RED] LeadPredict dist=6376.69 dV=30.4548 thr=1 om=2.11969 lt=3
[ACTIVE] [RED] ClimbOut Z=1967.35
[ACTIVE] [RED] Pure Z=2277.07 VPZ=3500
[ACTIVE] [RED] Pure Z=2573.37 VPZ=3500
[ACTIVE] [RED] LeadPredict dist=8116.95 dV=44.6534 thr=1 om=1.93797 lt=3
[ACTIVE] [RED] Pure Z=2865.53 VPZ=3500
[ACTIVE] [RED] Pure Z=3042.34 VPZ=3500
[ACTIVE] [RED] LeadPredict dist=6128.89 dV=40.0749 thr=1 om=1.37837 lt=3
[ACTIVE] [RED] Pure Z=3077.27 VPZ=3500
[ACTIVE] [RED] Pure Z=3090.09 VPZ=3500
[ACTIVE] [RED] LeadPredict dist=2437.45 dV=32.8213 thr=1 om=0.154223 lt=3
[ACTIVE] [RED] LeadPredict dist=1265.33 dV=0.360107 thr=0.78159 om=1.31205 lt=3
[ACTIVE] [RED] LeadPredict dist=2374.41 dV=-14.6615 thr=1 om=1.57163 lt=3
[DUTY] team=1 ticks=18000 v27종말조준=0% v21뱅크예측=96.0667% v17궤도조건=75.6056% v17슬롯적용=51.2389% 상승클램프=0% 강하클램프=23.1444% v23b조건=22.4944% v23b실제적용=21.2056%
[ACTIVE] [RED] LeadPredict dist=757.181 dV=30.5063 thr=0.944 om=1.53239 lt=2.88769
[ACTIVE] [RED] LeadPredict dist=1704.61 dV=45.0649 thr=1 om=1.38262 lt=3
[ACTIVE] [RED] LeadPredict dist=2739.8 dV=59.675 thr=1 om=1.1919 lt=3
[ACTIVE] [RED] LeadPredict dist=2331.38 dV=67.9575 thr=1 om=1.09163 lt=3
[ACTIVE] [RED] LeadPredict dist=1242.89 dV=73.2563 thr=1 om=1.00676 lt=3
[ACTIVE] [RED] LeadPredict dist=836.224 dV=25.8763 thr=0.695999 om=0.844177 lt=3
[ACTIVE] [RED] LeadPredict dist=1185.96 dV=13.2726 thr=1 om=0.694573 lt=3
[ACTIVE] [RED] LeadPredict dist=1270.65 dV=49.6435 thr=1 om=0.563238 lt=3
[ACTIVE] [RED] LeadPredict dist=1133.72 dV=76.0342 thr=1 om=0.672565 lt=3
[ACTIVE] [RED] LeadPredict dist=925.246 dV=64.6651 thr=1 om=0.530305 lt=3
[DUTY] team=1 ticks=18600 v27종말조준=0% v21뱅크예측=96.0914% v17궤도조건=76.0054% v17슬롯적용=52.4247% 상승클램프=0% 강하클램프=22.6022% v23b조건=21.7688% v23b실제적용=20.5215%
[ACTIVE] [RED] LeadPredict dist=934.577 dV=16.7193 thr=1 om=0.199603 lt=3
[ACTIVE] [RED] LeadPredict dist=1048.55 dV=-2.5722 thr=1 om=0.269124 lt=3
[ACTIVE] [RED] LeadPredict dist=1111.34 dV=15.9991 thr=1 om=0.217576 lt=3
[ACTIVE] [RED] LeadPredict dist=1144.12 dV=38.3772 thr=1 om=0.108877 lt=3
[ACTIVE] [RED] LeadPredict dist=1066.82 dV=44.8077 thr=1 om=0.201573 lt=3
[ACTIVE] [RED] LeadPredict dist=824.326 dV=34.9305 thr=0.84 om=0.24604 lt=3
[ACTIVE] [RED] LeadPredict dist=676.168 dV=18.8799 thr=0.773441 om=0.157099 lt=3
[ACTIVE] [RED] LeadPredict dist=629.716 dV=15.176 thr=0.817888 om=0.319061 lt=3
[ACTIVE] [RED] LeadPredict dist=579.056 dV=15.9476 thr=0.808628 om=0.111613 lt=3
[ACTIVE] [RED] LeadPredict dist=669.849 dV=6.4305 thr=0.922834 om=0.315649 lt=3
[DUTY] team=1 ticks=19200 v27종말조준=0.1875% v21뱅크예측=95.6927% v17궤도조건=76.6979% v17슬롯적용=53.8542% 상승클램프=0% 강하클램프=21.8958% v23b조건=21.0885% v23b실제적용=19.8802%
[ACTIVE] [RED] LeadPredict dist=676.134 dV=-4.21841 thr=1 om=0.371935 lt=3
[ACTIVE] [RED] LeadPredict dist=549.173 dV=-11.5235 thr=1 om=0.405462 lt=3
runner:local/env:0	num_steps=[11999] | total rewards=[236.4279] | termination= [max time out]
[seed 10] reward=   236.43 ownHP=1.0000 tgtHP=1.0000 max time out
total: 2
[ACTIVE] [RED] LeadPredict dist=2349.74 dV=2.16064 thr=0.83931 om=1.0976 lt=3
[ACTIVE] [RED] LeadPredict dist=1484.59 dV=7.87094 thr=1 om=1.24903 lt=3
[ACTIVE] [RED] LeadPredict dist=1213.32 dV=-1.85196 thr=1 om=1.09855 lt=3
[ACTIVE] [RED] Evade Z=6666.21
[ACTIVE] [RED] Evade Z=6602.47
[ACTIVE] [RED] Evade Z=6107.32
[DUTY_EV] team=1 evadeTicks=300 v31?섍컯?섏꽑(>3000m)=70.6667% 以묎컙(2200~3000)=2% ?곸듅(<2200)=27.3333%
[ACTIVE] [RED] LeadPredict dist=1246.35 dV=42.4413 thr=0.706379 om=0.308643 lt=3
[ACTIVE] [RED] LeadPredict dist=1398.8 dV=9.77435 thr=0.777873 om=0.0504616 lt=3
[ACTIVE] [RED] LeadPredict dist=311.681 dV=-51.8556 thr=1 om=0.0745442 lt=1.17439
[ACTIVE] [RED] LeadPredict dist=1618.49 dV=-72.6904 thr=1 om=1.03451 lt=3
[ACTIVE] [RED] LeadPredict dist=1849.33 dV=-51.3925 thr=1 om=1.19015 lt=3
[DUTY] team=1 ticks=19800 v27종말조준=0.181818% v21뱅크예측=95.4596% v17궤도조건=77.0707% v17슬롯적용=53.6869% 상승클램프=0% 강하클램프=21.8081% v23b조건=21.404% v23b실제적용=20.1768%
[ACTIVE] [RED] LeadPredict dist=1826.13 dV=-22.8411 thr=1 om=1.1567 lt=3
[ACTIVE] [RED] LeadPredict dist=1796.51 dV=-8.48825 thr=0.724526 om=1.43585 lt=3
[ACTIVE] [RED] ClimbOut Z=2465.86
[ACTIVE] [RED] LeadPredict dist=2048.97 dV=2.93231 thr=0.620017 om=0.366928 lt=3
[ACTIVE] [RED] ClimbOut Z=1999.82
[ACTIVE] [RED] LeadPredict dist=1881.44 dV=38.8402 thr=1 om=1.54271 lt=3
[ACTIVE] [RED] LeadPredict dist=1133.45 dV=61.3727 thr=0.552896 om=1.53788 lt=3
[ACTIVE] [RED] LeadPredict dist=1222.5 dV=56.8971 thr=0.671616 om=1.61767 lt=3
[ACTIVE] [RED] LeadPredict dist=1348.57 dV=82.0532 thr=0.789243 om=1.38181 lt=3
[ACTIVE] [RED] LeadPredict dist=1437.21 dV=42.4928 thr=1 om=1.442 lt=3
[ACTIVE] [RED] LeadPredict dist=930.105 dV=31.1751 thr=1 om=1.31278 lt=3
[ACTIVE] [RED] LeadPredict dist=1689.32 dV=32.6155 thr=1 om=1.14603 lt=3
[DUTY] team=1 ticks=20400 v27종말조준=0.176471% v21뱅크예측=95.3775% v17궤도조건=77.7451% v17슬롯적용=55.049% 상승클램프=0% 강하클램프=22.1471% v23b조건=22.2353% v23b실제적용=21.0441%
[ACTIVE] [RED] LeadPredict dist=1985.48 dV=48.0487 thr=1 om=1.00534 lt=3
[ACTIVE] [RED] LeadPredict dist=1571.61 dV=60.8068 thr=1 om=0.906467 lt=3
[ACTIVE] [RED] LeadPredict dist=1005.09 dV=48.2545 thr=1 om=0.772312 lt=3
[ACTIVE] [RED] LeadPredict dist=890.358 dV=18.7256 thr=0.775293 om=0.543586 lt=3
[ACTIVE] [RED] LeadPredict dist=990.125 dV=23.6642 thr=1 om=0.390865 lt=3
[ACTIVE] [RED] LeadPredict dist=942.876 dV=48.8718 thr=1 om=0.341071 lt=3
[ACTIVE] [RED] LeadPredict dist=820.367 dV=50.6723 thr=0.631999 om=0.902128 lt=3
[ACTIVE] [RED] LeadPredict dist=695.509 dV=11.7807 thr=0.858632 om=0.347718 lt=3
[ACTIVE] [RED] LeadPredict dist=709.033 dV=-48.203 thr=1 om=0.761955 lt=3
[ACTIVE] [RED] LeadPredict dist=1000.09 dV=-98.8239 thr=1 om=0.922109 lt=3
[DUTY] team=1 ticks=21000 v27종말조준=0.171429% v21뱅크예측=95.3952% v17궤도조건=78.381% v17슬롯적용=56.3333% 상승클램프=0% 강하클램프=21.5143% v23b조건=21.6% v23b실제적용=20.4429%
[ACTIVE] [RED] LeadPredict dist=1416.11 dV=-96.7147 thr=1 om=1.08893 lt=3
[ACTIVE] [RED] LeadPredict dist=1871.4 dV=-58.5947 thr=1 om=1.26358 lt=3
[ACTIVE] [RED] LeadPredict dist=1835.92 dV=-24.6417 thr=1 om=1.37331 lt=3
[ACTIVE] [RED] LeadPredict dist=1224.68 dV=-8.69405 thr=1 om=1.46953 lt=3
runner:local/env:0	num_steps=[11999] | total rewards=[70.9118] | termination= [max time out]
[seed 11] reward=    70.91 ownHP=1.0000 tgtHP=1.0000 max time out
total: 2
[ACTIVE] [RED] LeadPredict dist=3766.64 dV=4.99008 thr=1 om=1.36642 lt=3
[ACTIVE] [RED] LeadPredict dist=3624.23 dV=22.7383 thr=1 om=0.928341 lt=3
[ACTIVE] [RED] LeadPredict dist=2033.86 dV=32.6669 thr=0.693042 om=1.0605 lt=3
[ACTIVE] [RED] LeadPredict dist=1934.18 dV=18.5713 thr=0.792741 om=1.14631 lt=3
[ACTIVE] [RED] LeadPredict dist=1506.97 dV=-12.2951 thr=1 om=1.11444 lt=3
[ACTIVE] [RED] LeadPredict dist=1135.7 dV=-10.3917 thr=1 om=1.21694 lt=3
[DUTY] team=1 ticks=21600 v27종말조준=0.166667% v21뱅크예측=95.4444% v17궤도조건=78.4213% v17슬롯적용=56.4352% 상승클램프=0% 강하클램프=21.8472% v23b조건=21.4676% v23b실제적용=20.3426%
[ACTIVE] [RED] LeadPredict dist=302.167 dV=26.3908 thr=0.726802 om=1.99676 lt=0.955696
[ACTIVE] [RED] LeadPredict dist=2240.51 dV=56.9485 thr=0.646691 om=1.40209 lt=3
[ACTIVE] [RED] LeadPredict dist=1551.8 dV=40.5893 thr=0.713813 om=1.16833 lt=3
[ACTIVE] [RED] LeadPredict dist=2109.42 dV=-20.8863 thr=1 om=1.40607 lt=3
[ACTIVE] [RED] LeadPredict dist=2062.45 dV=-59.7779 thr=1 om=1.44348 lt=3
[ACTIVE] [RED] ClimbOut Z=2247.93
[ACTIVE] [RED] LeadPredict dist=2566.56 dV=-50.3122 thr=1 om=0.71558 lt=3
[ACTIVE] [RED] LeadPredict dist=2571.25 dV=-15.8962 thr=1 om=1.4946 lt=3
[ACTIVE] [RED] ClimbOut Z=1855.93
[ACTIVE] [RED] ClimbOut Z=2077.55
[ACTIVE] [RED] LeadPredict dist=1673.68 dV=34.7761 thr=0.68386 om=1.59784 lt=3
[ACTIVE] [RED] LeadPredict dist=3356.91 dV=52.1128 thr=1 om=1.71889 lt=3
[ACTIVE] [RED] ClimbOut Z=1826.25
[ACTIVE] [RED] Pure Z=1854.02 VPZ=3500
[ACTIVE] [RED] LeadPredict dist=4121.18 dV=65.0767 thr=1 om=2.407 lt=3
[DUTY] team=1 ticks=22200 v27종말조준=0.162162% v21뱅크예측=95.5045% v17궤도조건=78.2658% v17슬롯적용=56.3333% 상승클램프=0% 강하클램프=22.2072% v23b조건=22.009% v23b실제적용=20.8243%
[ACTIVE] [RED] Pure Z=2025.76 VPZ=3500
[ACTIVE] [RED] LeadPredict dist=2648.95 dV=87.3005 thr=1 om=2.55857 lt=3
[ACTIVE] [RED] Evade Z=1893.45
[ACTIVE] [RED] LeadPredict dist=1054.76 dV=85.86 thr=0.668774 om=1.81673 lt=3
[ACTIVE] [RED] ClimbOut Z=2104.06
[ACTIVE] [RED] ClimbOut Z=1859.37
[ACTIVE] [RED] LeadPredict dist=1491.32 dV=68.7292 thr=1 om=1.1792 lt=3
[ACTIVE] [RED] ClimbOut Z=1819.36
[ACTIVE] [RED] LeadPredict dist=1460.01 dV=47.9458 thr=1 om=0.823112 lt=3
[ACTIVE] [RED] ClimbOut Z=1826.66
[ACTIVE] [RED] ClimbOut Z=1838.59
[ACTIVE] [RED] LeadPredict dist=1370.88 dV=44.1389 thr=1 om=2.07661 lt=3
[ACTIVE] [RED] ClimbOut Z=1872.99
[ACTIVE] [RED] LeadPredict dist=1355.25 dV=42.5956 thr=1 om=2.08348 lt=3
[ACTIVE] [RED] ClimbOut Z=1794.17
[ACTIVE] [RED] ClimbOut Z=1794.77
[ACTIVE] [RED] LeadPredict dist=1353.62 dV=43.213 thr=1 om=1.55882 lt=3
[ACTIVE] [RED] ClimbOut Z=1800.95
[ACTIVE] [RED] LeadPredict dist=1303.16 dV=41.824 thr=1 om=1.77343 lt=3
[ACTIVE] [RED] ClimbOut Z=1802.69
[ACTIVE] [RED] ClimbOut Z=1807.44
[ACTIVE] [RED] LeadPredict dist=1324.1 dV=42.5956 thr=1 om=1.56316 lt=3
[ACTIVE] [RED] ClimbOut Z=1818.09
[ACTIVE] [RED] LeadPredict dist=1279.23 dV=34.879 thr=1 om=1.58381 lt=3
[DUTY] team=1 ticks=22800 v27종말조준=0.157895% v21뱅크예측=95.6228% v17궤도조건=78.557% v17슬롯적용=54.9693% 상승클램프=0% 강하클램프=21.6228% v23b조건=21.5833% v23b실제적용=20.364%
[ACTIVE] [RED] ClimbOut Z=1843.86
runner:local/env:0	num_steps=[11999] | total rewards=[-101.4767] | termination= [max time out]
[seed 12] reward=  -101.48 ownHP=1.0000 tgtHP=1.0000 max time out
total: 2
[ACTIVE] [RED] Pure Z=7028.77 VPZ=7954.26
[ACTIVE] [RED] LeadPredict dist=3396.66 dV=14.0956 thr=1 om=0.992397 lt=3
[ACTIVE] [RED] LeadPredict dist=1601.78 dV=30.8664 thr=0.737426 om=1.00781 lt=3
[ACTIVE] [RED] LeadPredict dist=1716.5 dV=26.2879 thr=0.708566 om=1.17295 lt=3
[ACTIVE] [RED] LeadPredict dist=2386.33 dV=11.4206 thr=0.654562 om=1.14611 lt=3
[ACTIVE] [RED] LeadPredict dist=1230.9 dV=15.9991 thr=0.625046 om=1.32268 lt=3
[ACTIVE] [RED] ClimbOut Z=2322.57
[ACTIVE] [RED] ClimbOut Z=2648.77
[ACTIVE] [RED] ClimbOut Z=2042.9
[ACTIVE] [RED] Pure Z=1964.69 VPZ=3500
[ACTIVE] [RED] LeadPredict dist=6218.72 dV=34.7247 thr=1 om=2.2648 lt=3
[ACTIVE] [RED] Pure Z=2130.52 VPZ=3500
[ACTIVE] [RED] Pure Z=2300.77 VPZ=3500
[ACTIVE] [RED] LeadPredict dist=7834.49 dV=41.7211 thr=1 om=1.39961 lt=3
[ACTIVE] [RED] Pure Z=2398.61 VPZ=3500
[ACTIVE] [RED] Pure Z=2437.88 VPZ=3500
[ACTIVE] [RED] LeadPredict dist=5569.68 dV=28.2428 thr=1 om=0.362194 lt=3
[ACTIVE] [RED] Pure Z=2533.39 VPZ=3500
[ACTIVE] [RED] LeadPredict dist=1865.75 dV=15.6904 thr=1 om=0.10524 lt=3
[ACTIVE] [RED] LeadPredict dist=1744.81 dV=-17.7482 thr=0.836031 om=1.33422 lt=3
[DUTY] team=1 ticks=23400 v27종말조준=0.153846% v21뱅크예측=95.6667% v17궤도조건=77.8846% v17슬롯적용=54.7521% 상승클램프=0% 강하클램프=21.7863% v23b조건=22.2094% v23b실제적용=21.0214%
[ACTIVE] [RED] LeadPredict dist=2525.2 dV=-32.7184 thr=1 om=1.52436 lt=3
[ACTIVE] [RED] LeadPredict dist=1039.46 dV=24.5388 thr=1 om=1.70268 lt=3
[ACTIVE] [RED] LeadPredict dist=1499.68 dV=59.7265 thr=0.81373 om=1.72045 lt=3
[ACTIVE] [RED] ClimbOut Z=2176.92
[ACTIVE] [RED] LeadPredict dist=2340.09 dV=64.4594 thr=0.737426 om=2.88901 lt=3
[ACTIVE] [RED] ClimbOut Z=2413.59
[ACTIVE] [RED] LeadPredict dist=3212.85 dV=38.4287 thr=1 om=1.66697 lt=3
[ACTIVE] [RED] ClimbOut Z=1820.08
[ACTIVE] [RED] Pure Z=1868.36 VPZ=3500
[ACTIVE] [RED] LeadPredict dist=4107.66 dV=50.2608 thr=1 om=1.62238 lt=3
[ACTIVE] [RED] Pure Z=1986.6 VPZ=3500
[ACTIVE] [RED] LeadPredict dist=2964.93 dV=75.2626 thr=1 om=2.53049 lt=3
[ACTIVE] [RED] LeadPredict dist=896.49 dV=85.1398 thr=0.984 om=2.74634 lt=2.62014
[ACTIVE] [RED] ClimbOut Z=1843.98
[ACTIVE] [RED] LeadPredict dist=1860.01 dV=77.2689 thr=1 om=0.67831 lt=3
[ACTIVE] [RED] ClimbOut Z=1866.68
[ACTIVE] [RED] ClimbOut Z=1828.62
[ACTIVE] [RED] LeadPredict dist=1473.95 dV=55.0451 thr=1 om=2.16416 lt=3
[DUTY] team=1 ticks=24000 v27종말조준=0.15% v21뱅크예측=95.7458% v17궤도조건=77.5833% v17슬롯적용=54.4125% 상승클램프=0% 강하클램프=21.7792% v23b조건=22.3042% v23b실제적용=21.0917%
[ACTIVE] [RED] ClimbOut Z=1838.87
[ACTIVE] [RED] LeadPredict dist=1369.88 dV=50.8781 thr=1 om=1.69979 lt=3
[ACTIVE] [RED] ClimbOut Z=1808.23
[ACTIVE] [RED] ClimbOut Z=1832.89
[ACTIVE] [RED] LeadPredict dist=1341.2 dV=45.7337 thr=1 om=1.45483 lt=3
[ACTIVE] [RED] ClimbOut Z=1833.38
[ACTIVE] [RED] LeadPredict dist=1342.32 dV=42.6471 thr=1 om=0.776736 lt=3
[ACTIVE] [RED] ClimbOut Z=1810.37
[ACTIVE] [RED] ClimbOut Z=1844.63
[ACTIVE] [RED] LeadPredict dist=1322.03 dV=42.6985 thr=1 om=1.86187 lt=3
[ACTIVE] [RED] ClimbOut Z=1856.84
[ACTIVE] [RED] LeadPredict dist=1326.89 dV=44.7048 thr=1 om=1.87415 lt=3
[ACTIVE] [RED] ClimbOut Z=1865.37
runner:local/env:0	num_steps=[11999] | total rewards=[-75.2258] | termination= [max time out]
[seed 13] reward=   -75.23 ownHP=1.0000 tgtHP=1.0000 max time out
total: 2
[ACTIVE] [RED] Pure Z=7038.93 VPZ=8943.98
[ACTIVE] [RED] LeadPredict dist=5282.66 dV=7.15073 thr=1 om=0.960752 lt=3
[ACTIVE] [RED] Pure Z=7118.22 VPZ=8662.66
[ACTIVE] [RED] LeadPredict dist=2971.22 dV=29.8889 thr=1 om=0.922233 lt=3
[ACTIVE] [RED] LeadPredict dist=622.344 dV=35.7021 thr=0.571575 om=0.146906 lt=1.8461
[ACTIVE] [RED] LeadPredict dist=3214.68 dV=65.694 thr=1 om=1.10161 lt=3
[ACTIVE] [RED] LeadPredict dist=2738.53 dV=65.4882 thr=1 om=1.07375 lt=3
[DUTY] team=1 ticks=24600 v27종말조준=0.146341% v21뱅크예측=95.7724% v17궤도조건=77.3862% v17슬롯적용=53.2683% 상승클램프=0% 강하클램프=21.8252% v23b조건=22.0163% v23b실제적용=20.7195%
[ACTIVE] [RED] LeadPredict dist=964.554 dV=-1.74908 thr=0.729773 om=1.31049 lt=2.98086
[ACTIVE] [RED] ClimbOut Z=3365.53
[ACTIVE] [RED] LeadPredict dist=3424.13 dV=-65.4882 thr=1 om=1.32874 lt=3
[ACTIVE] [RED] ClimbOut Z=2475.68
[ACTIVE] [RED] Pure Z=2055.04 VPZ=4498.38
[ACTIVE] [RED] LeadPredict dist=5142.51 dV=-53.0902 thr=1 om=1.35194 lt=3
[ACTIVE] [RED] Pure Z=2333.59 VPZ=4955.69
[ACTIVE] [RED] Pure Z=2930.41 VPZ=4793.87
[ACTIVE] [RED] LeadPredict dist=4597.56 dV=22.944 thr=1 om=1.59259 lt=3
[ACTIVE] [RED] Pure Z=3571.94 VPZ=4225.98
[ACTIVE] [RED] LeadPredict dist=1942.6 dV=77.0631 thr=1 om=0.562048 lt=3
[ACTIVE] [RED] LeadPredict dist=1447.47 dV=29.1173 thr=0.856583 om=0.115208 lt=3
[ACTIVE] [RED] LeadPredict dist=3661.75 dV=-64.6651 thr=1 om=0.294392 lt=3
[ACTIVE] [RED] ClimbOut Z=2913.92
[ACTIVE] [RED] ClimbOut Z=2114.32
[ACTIVE] [RED] LeadPredict dist=4830.06 dV=-95.0685 thr=1 om=1.3115 lt=3
[ACTIVE] [RED] ClimbOut Z=1753.45
[ACTIVE] [RED] Pure Z=2256 VPZ=4419.7
[ACTIVE] [RED] LeadPredict dist=3722.18 dV=6.0704 thr=1 om=1.58252 lt=3
[ACTIVE] [RED] LeadPredict dist=865.064 dV=94.657 thr=0.641028 om=1.52437 lt=2.65315
[DUTY] team=1 ticks=25200 v27종말조준=0.142857% v21뱅크예측=95.2778% v17궤도조건=76.373% v17슬롯적용=52.5238% 상승클램프=0% 강하클램프=22.9722% v23b조건=22.0675% v23b실제적용=20.6905%
[ACTIVE] [RED] ClimbOut Z=3475.23
[ACTIVE] [RED] ClimbOut Z=2429.92
[ACTIVE] [RED] ClimbOut Z=1726.43
[ACTIVE] [RED] ClimbOut Z=1771.32
[ACTIVE] [RED] LeadPredict dist=3063 dV=68.4205 thr=1 om=0.238177 lt=3
[ACTIVE] [RED] LeadPredict dist=1784.58 dV=-8.48825 thr=0.88 om=0.77348 lt=3
[ACTIVE] [RED] LeadPredict dist=1788.25 dV=0.308655 thr=0.844558 om=1.5776 lt=3
[ACTIVE] [RED] ClimbOut Z=1963
[ACTIVE] [RED] ClimbOut Z=2414.11
[ACTIVE] [RED] ClimbOut Z=1944.02
[ACTIVE] [RED] LeadPredict dist=1078.91 dV=49.9521 thr=0.673802 om=2.66037 lt=3
[ACTIVE] [RED] Evade Z=1837.59
[ACTIVE] [RED] ClimbOut Z=1825.74
[ACTIVE] [RED] LeadPredict dist=1383.28 dV=52.2157 thr=1 om=1.00562 lt=3
[ACTIVE] [RED] ClimbOut Z=1882.82
[ACTIVE] [RED] LeadPredict dist=1478.5 dV=46.0424 thr=1 om=1.34228 lt=3
[ACTIVE] [RED] ClimbOut Z=1808.34
[ACTIVE] [RED] ClimbOut Z=1838.66
[ACTIVE] [RED] LeadPredict dist=1501.44 dV=45.9909 thr=1 om=1.17578 lt=3
[ACTIVE] [RED] ClimbOut Z=1797.74
[ACTIVE] [RED] LeadPredict dist=1490.73 dV=36.6281 thr=1 om=0.991122 lt=3
[ACTIVE] [RED] ClimbOut Z=1837.6
[ACTIVE] [RED] LeadPredict dist=1476.76 dV=42.75 thr=1 om=1.27025 lt=3
[ACTIVE] [RED] ClimbOut Z=1800.77
[ACTIVE] [RED] ClimbOut Z=1827.81
[ACTIVE] [RED] LeadPredict dist=1465.35 dV=46.351 thr=1 om=1.34354 lt=3
[DUTY] team=1 ticks=25800 v27종말조준=0.139535% v21뱅크예측=95.3411% v17궤도조건=76.7364% v17슬롯적용=51.7519% 상승클램프=0% 강하클램프=22.9884% v23b조건=22.0271% v23b실제적용=20.5116%
[ACTIVE] [RED] ClimbOut Z=1876.75
runner:local/env:0	num_steps=[11999] | total rewards=[-95.3038] | termination= [max time out]
[seed 14] reward=   -95.30 ownHP=1.0000 tgtHP=1.0000 max time out
Remove Space Complete.

[rehearsal own_rep=6 tgt_rep=6 seeds=15]
SUMMARY dealt=0.0000 taken=0.1428 mean_reward=-26.13
tacview log saved (last episode)

########## dtfix_orbit vs AIP_jink.dll ##########


     JSBSim Flight Dynamics Model v1.0.0 May 27 2026 16:13:38
            [JSBSim-ML v2.0]

JSBSim startup beginning ...

total: 2
Behavior Tree Initialized Successfully
Behavior Tree Initialized Successfully
[ACTIVE] [RED] LeadPredict dist=3922.08 dV=15.3303 thr=1 om=0.119461 lt=3
[ACTIVE] [RED] LeadPredict dist=3214.33 dV=40.7951 thr=1 om=0.613484 lt=3
[JINK] sign=-1 next=2.11667 dist=3216.17 spd=313.706
[ACTIVE] [RED] LeadPredict dist=2350.4 dV=12.6038 thr=0.563828 om=0.197289 lt=3
[ACTIVE] [RED] LeadPredict dist=3077.91 dV=-19.4458 thr=1 om=1.28393 lt=3
[JINK] sign=-1 next=6.84999 dist=3076.84 spd=351.62
[ACTIVE] [RED] LeadPredict dist=2591.87 dV=-10.8032 thr=1 om=0.18321 lt=3
[ACTIVE] [RED] ClimbOut Z=2299.97
[ACTIVE] [RED] LeadPredict dist=2010.19 dV=8.48828 thr=1 om=1.65131 lt=3
[JINK] sign=-1 next=6.84999 dist=1881.07 spd=328.521
[ACTIVE] [RED] LeadPredict dist=1640.97 dV=53.6561 thr=1 om=0.176942 lt=3
[ACTIVE] [RED] LeadPredict dist=1288.55 dV=56.2797 thr=1 om=0.0721099 lt=3
[JINK] sign=-1 next=11.3833 dist=1067.26 spd=334.129
[ACTIVE] [RED] LeadPredict dist=903.136 dV=71.147 thr=0.984 om=0.814968 lt=0
[ACTIVE] [RED] LeadPredict dist=427.67 dV=80.3555 thr=0.55 om=0.693136 lt=0.694531
[DUTY] team=1 ticks=600 v27종말조준=10.3333% v21뱅크예측=89.6667% v17궤도조건=52.8333% v17슬롯적용=52.8333% 상승클램프=0% 강하클램프=8.16667% v23b조건=10.1667% v23b실제적용=10.1667%
[JINK] sign=-1 next=11.3833 dist=182.026 spd=297.398
[ACTIVE] [RED] LeadPredict dist=32.9627 dV=69.8095 thr=0.55 om=0.603208 lt=0.0908477
[ACTIVE] [RED] LeadPredict dist=263.9 dV=24.9503 thr=0.580596 om=0.0501845 lt=0.777486
[JINK] sign=-1 next=16.2166 dist=563.354 spd=324.612
[ACTIVE] [RED] LeadPredict dist=410.291 dV=-2.2121 thr=0.777655 om=0.425196 lt=1.3137
[ACTIVE] [RED] LeadPredict dist=616.642 dV=2.26355 thr=0.822257 om=0.348414 lt=2.04306
[JINK] sign=-1 next=16.2166 dist=440.187 spd=294.208
[ACTIVE] [RED] LeadPredict dist=461.651 dV=10.1859 thr=0.877769 om=0.161411 lt=1.53268
[ACTIVE] [RED] LeadPredict dist=338.583 dV=34.3131 thr=0.55 om=0.230752 lt=0.969296
[JINK] sign=1 next=18.1333 dist=229.403 spd=299.095
[ACTIVE] [RED] LeadPredict dist=208.337 dV=9.15701 thr=0.732397 om=0.987213 lt=0.645076
[ACTIVE] [RED] LeadPredict dist=203.617 dV=13.5812 thr=0.633354 om=0.407319 lt=0.588032
[JINK] sign=-1 next=20.2499 dist=165.72 spd=325.332
[ACTIVE] [RED] LeadPredict dist=144.717 dV=18.1083 thr=0.65169 om=0.402371 lt=0.139677
[ACTIVE] [RED] LeadPredict dist=43.8586 dV=27.6254 thr=0.55 om=0.373977 lt=0.133003
[DUTY] team=1 ticks=1200 v27종말조준=21.8333% v21뱅크예측=90.5833% v17궤도조건=74.5833% v17슬롯적용=38.75% 상승클램프=0% 강하클램프=4.66667% v23b조건=35.3333% v23b실제적용=25.1667%
[JINK] sign=1 next=21.5666 dist=191.546 spd=310.567
[ACTIVE] [RED] LeadPredict dist=58.6566 dV=-2.10919 thr=0.72531 om=0.834507 lt=0.183342
[ACTIVE] [RED] LeadPredict dist=310.58 dV=-15.3303 thr=0.893891 om=0.907797 lt=0.531427
[JINK] sign=-1 next=24.9832 dist=549.678 spd=313.037
[ACTIVE] [RED] LeadPredict dist=601.667 dV=-4.11551 thr=0.91007 om=1.19218 lt=1.73244
[ACTIVE] [RED] LeadPredict dist=501.563 dV=31.8438 thr=0.617874 om=0.120696 lt=0
[JINK] sign=-1 next=24.9832 dist=389.819 spd=289.938
[ACTIVE] [RED] LeadPredict dist=279.882 dV=41.5153 thr=0.55 om=0.503639 lt=0.677346
[ACTIVE] [RED] LeadPredict dist=150.043 dV=8.89981 thr=0.743003 om=0.758064 lt=0.352182
[JINK] sign=1 next=26.6999 dist=142.787 spd=330.27
[ACTIVE] [RED] LeadPredict dist=182.205 dV=3.4982 thr=0.709659 om=0.726633 lt=0.554968
[ACTIVE] [RED] LeadPredict dist=83.5038 dV=25.3619 thr=0.55 om=0.279459 lt=0.252363
[JINK] sign=-1 next=29.5166 dist=186.616 spd=298.375
[ACTIVE] [RED] LeadPredict dist=111.867 dV=29.0144 thr=0.55 om=0.377736 lt=0.347372
[ACTIVE] [RED] LeadPredict dist=347.361 dV=-13.787 thr=0.847837 om=0.728653 lt=1.1743
[DUTY] team=1 ticks=1800 v27종말조준=25.5% v21뱅크예측=90.4444% v17궤도조건=81.3333% v17슬롯적용=35.6111% 상승클램프=0% 강하클램프=3.72222% v23b조건=43.7222% v23b실제적용=26.2778%
[JINK] sign=1 next=30.6332 dist=173.8 spd=326.001
[ACTIVE] [RED] LeadPredict dist=286.192 dV=-15.0731 thr=0.805203 om=0.398325 lt=0.935774
init ID:1 Lat37.92355643001773 Lon128.18188127777776 Alt(meter)7000.0785355893395 Speed(m/sec)300.0
init ID:1 Lat37.96855377446113 Lon128.18188127777776 Alt(meter)7002.8272734023885 Speed(m/sec)300.0
runner:local/env:0	num_steps=[11388] | total rewards=[1012.3255] | termination= [target destroyed]
[seed 0] reward=  1012.33 ownHP=1.0000 tgtHP=-0.0044 target destroyed
total: 2
[ACTIVE] [RED] LeadPredict dist=4466.64 dV=-0.82309 thr=1 om=0.344102 lt=3
[JINK] sign=-1 next=34.1665 dist=2548.72 spd=307.429
[ACTIVE] [RED] LeadPredict dist=2377.66 dV=10.9061 thr=1 om=0.263809 lt=3
[ACTIVE] [RED] LeadPredict dist=2077.65 dV=4.42419 thr=0.723433 om=0.168989 lt=3
[JINK] sign=1 next=35.4832 dist=3902.31 spd=353.112
[ACTIVE] [RED] LeadPredict dist=4022.64 dV=-10.4431 thr=1 om=0.295212 lt=3
[ACTIVE] [RED] LeadPredict dist=4279.86 dV=-4.93863 thr=1 om=1.5637 lt=3
[ACTIVE] [RED] ClimbOut Z=2638.28
[ACTIVE] [RED] LeadPredict dist=3808.29 dV=16.2048 thr=1 om=0.838394 lt=3
[JINK] sign=-1 next=38.8999 dist=3637.36 spd=338.347
[ACTIVE] [RED] LeadPredict dist=3557.48 dV=52.5243 thr=1 om=1.41091 lt=3
[ACTIVE] [RED] ClimbOut Z=2090.97
[ACTIVE] [RED] LeadPredict dist=2315.41 dV=88.5351 thr=0.79 om=0.538039 lt=3
[JINK] sign=1 next=40.6165 dist=1630.37 spd=331.196
[ACTIVE] [RED] LeadPredict dist=1575.15 dV=51.907 thr=1 om=0.426697 lt=3
[DUTY] team=1 ticks=2400 v27종말조준=20.5% v21뱅크예측=89.7917% v17궤도조건=70.375% v17슬롯적용=31.4167% 상승클램프=0% 강하클램프=12.2083% v23b조건=38.75% v23b실제적용=25.6667%
[ACTIVE] [RED] LeadPredict dist=1296.68 dV=51.8556 thr=1 om=0.403562 lt=3
[JINK] sign=-1 next=43.4332 dist=992.252 spd=307.378
[ACTIVE] [RED] LeadPredict dist=916.607 dV=74.2852 thr=1 om=0.368631 lt=2.41692
[ACTIVE] [RED] LeadPredict dist=495.605 dV=64.0478 thr=0.55 om=0.403982 lt=0.748536
[JINK] sign=1 next=44.5498 dist=255.72 spd=314.632
[ACTIVE] [RED] LeadPredict dist=228.998 dV=28.3456 thr=0.55 om=0.0675271 lt=0.652986
[ACTIVE] [RED] LeadPredict dist=149.033 dV=18.2626 thr=0.676434 om=0.249867 lt=0.0642686
[JINK] sign=-1 next=48.2665 dist=67.8423 spd=307.224
[ACTIVE] [RED] LeadPredict dist=123.983 dV=32.8213 thr=0.55 om=0.357463 lt=0.366885
[ACTIVE] [RED] LeadPredict dist=229.154 dV=21.9666 thr=0.616401 om=0.635985 lt=0.729637
[JINK] sign=-1 next=48.2665 dist=354.207 spd=283.971
[ACTIVE] [RED] LeadPredict dist=290.314 dV=22.5325 thr=0.60961 om=0.333378 lt=0.936336
[ACTIVE] [RED] LeadPredict dist=496.584 dV=-37.9657 thr=1 om=0.110133 lt=1.73645
[ACTIVE] [RED] ClimbOut Z=2370.05
[JINK] sign=1 next=50.1831 dist=517.826 spd=331.814
[ACTIVE] [RED] LeadPredict dist=831.979 dV=-25.5162 thr=0.894063 om=0.147584 lt=2.56539
[DUTY] team=1 ticks=3000 v27종말조준=21.1% v21뱅크예측=90.2333% v17궤도조건=75.5667% v17슬롯적용=33.6333% 상승클램프=0% 강하클램프=12.5667% v23b조건=40.3% v23b실제적용=23.1667%
[ACTIVE] [RED] LeadPredict dist=852.083 dV=13.0668 thr=0.88 om=0.912487 lt=0
[JINK] sign=-1 next=52.2998 dist=806.78 spd=304.343
[ACTIVE] [RED] LeadPredict dist=690.353 dV=24.6417 thr=0.7043 om=0.236213 lt=0.627726
[ACTIVE] [RED] LeadPredict dist=589.1 dV=12.3466 thr=0.851841 om=0.0463526 lt=0.863238
[JINK] sign=-1 next=57.0331 dist=556.4 spd=325.126
[ACTIVE] [RED] LeadPredict dist=464.131 dV=26.9566 thr=0.67652 om=1.44404 lt=0.899466
[ACTIVE] [RED] LeadPredict dist=397.769 dV=25.1561 thr=0.578127 om=1.56661 lt=1.24791
[JINK] sign=-1 next=57.0331 dist=451.886 spd=288.344
[ACTIVE] [RED] LeadPredict dist=655.655 dV=26.0307 thr=0.687632 om=1.66989 lt=2.15433
[ACTIVE] [RED] LeadPredict dist=791.769 dV=-5.60739 thr=0.92 om=0.194927 lt=2.69637
[JINK] sign=1 next=58.7498 dist=800.701 spd=307.532
[ACTIVE] [RED] LeadPredict dist=863.431 dV=-11.3691 thr=1 om=0.949122 lt=0.116823
[ACTIVE] [RED] LeadPredict dist=878.681 dV=10.6489 thr=0.872213 om=0.277409 lt=0
[JINK] sign=-1 next=61.5664 dist=837.468 spd=304.343
[ACTIVE] [RED] LeadPredict dist=702.437 dV=42.4413 thr=0.55 om=0.0776668 lt=0
[DUTY] team=1 ticks=3600 v27종말조준=28.3056% v21뱅크예측=90.8056% v17궤도조건=79% v17슬롯적용=44.0556% 상승클램프=0% 강하클램프=10.4722% v23b조건=38.4167% v23b실제적용=20.3889%
[ACTIVE] [RED] LeadPredict dist=386.455 dV=53.5017 thr=0.55 om=1.02992 lt=0
[JINK] sign=1 next=62.6831 dist=302.071 spd=302.594
[ACTIVE] [RED] LeadPredict dist=220.593 dV=8.95126 thr=0.772585 om=0.446886 lt=0.0628554
runner:local/env:0	num_steps=[11491] | total rewards=[1153.5787] | termination= [target destroyed]
[seed 1] reward=  1153.58 ownHP=1.0000 tgtHP=-0.0107 target destroyed
total: 2
[ACTIVE] [RED] Pure Z=7003.44 VPZ=8480.78
[ACTIVE] [RED] LeadPredict dist=4583.95 dV=1.23465 thr=1 om=0 lt=3
[JINK] sign=-1 next=65.7997 dist=3212.88 spd=295.546
[ACTIVE] [RED] LeadPredict dist=1576.55 dV=19.2915 thr=0.769347 om=0.201193 lt=3
[ACTIVE] [RED] LeadPredict dist=2045.25 dV=30.1462 thr=0.684515 om=0.339218 lt=3
[JINK] sign=1 next=67.1164 dist=2788.06 spd=318.49
[ACTIVE] [RED] LeadPredict dist=3304.44 dV=17.3366 thr=1 om=0.330273 lt=3
[ACTIVE] [RED] LeadPredict dist=2899.84 dV=17.1823 thr=1 om=1.2728 lt=3
[JINK] sign=-1 next=70.5331 dist=2541.33 spd=350.591
[ACTIVE] [RED] LeadPredict dist=2154.23 dV=33.1299 thr=1 om=0.120898 lt=3
[ACTIVE] [RED] ClimbOut Z=2549.38
[ACTIVE] [RED] LeadPredict dist=1822.07 dV=59.4178 thr=1 om=0.165974 lt=3
[ACTIVE] [RED] LeadPredict dist=1165.42 dV=107.055 thr=1 om=0.300242 lt=2.65521
[DUTY] team=1 ticks=4200 v27종말조준=28.0238% v21뱅크예측=90.4524% v17궤도조건=77.4524% v17슬롯적용=45.2381% 상승클램프=0% 강하클램프=13.7857% v23b조건=35.3095% v23b실제적용=19.7619%
[JINK] sign=1 next=72.2497 dist=1031.93 spd=328.213
[ACTIVE] [RED] LeadPredict dist=625.035 dV=91.7246 thr=0.425431 om=1.60037 lt=1.5816
[ACTIVE] [RED] LeadPredict dist=847.373 dV=61.7328 thr=0.55 om=1.62685 lt=2.46436
[JINK] sign=-1 next=75.0664 dist=747.531 spd=281.09
[ACTIVE] [RED] LeadPredict dist=690.706 dV=35.805 thr=0.57034 om=0.294527 lt=2.23698
[ACTIVE] [RED] LeadPredict dist=601.192 dV=30.352 thr=0.635776 om=0.122924 lt=1.56091
[JINK] sign=-1 next=75.0664 dist=568.278 spd=261.696
[ACTIVE] [RED] LeadPredict dist=494.435 dV=3.96118 thr=0.854834 om=0.356582 lt=1.68086
[ACTIVE] [RED] LeadPredict dist=509.558 dV=11.0605 thr=0.867274 om=0.346801 lt=0.0544071
[JINK] sign=-1 next=79.8997 dist=488.676 spd=302.336
[ACTIVE] [RED] LeadPredict dist=394.761 dV=25.8763 thr=0.664867 om=0.102922 lt=1.23034
[ACTIVE] [RED] LeadPredict dist=218.643 dV=31.8438 thr=0.55 om=0.650837 lt=0.150486
[JINK] sign=-1 next=79.8997 dist=182.266 spd=290.504
[ACTIVE] [RED] LeadPredict dist=95.3866 dV=23.7671 thr=0.55 om=0.147306 lt=0.304814
[ACTIVE] [RED] LeadPredict dist=147.88 dV=-1.59476 thr=0.719137 om=0.947678 lt=0.473026
[DUTY] team=1 ticks=4800 v27종말조준=29.0417% v21뱅크예측=90.8333% v17궤도조건=80.0833% v17슬롯적용=48.6875% 상승클램프=0% 강하클램프=12.0625% v23b조건=37.7708% v23b실제적용=18.8125%
[JINK] sign=1 next=81.8163 dist=309.663 spd=309.281
[ACTIVE] [RED] LeadPredict dist=818.424 dV=12.6552 thr=0.82488 om=1.71121 lt=2.71717
[ACTIVE] [RED] LeadPredict dist=858.723 dV=11.3691 thr=0.863571 om=0.170919 lt=2.69311
[JINK] sign=-1 next=83.933 dist=845.658 spd=273.682
[ACTIVE] [RED] LeadPredict dist=723.723 dV=36.1651 thr=0.566018 om=0.238216 lt=0
[ACTIVE] [RED] LeadPredict dist=541.124 dV=10.8032 thr=0.870361 om=0.212724 lt=1.75458
[JINK] sign=1 next=85.2497 dist=534.622 spd=304.703
[ACTIVE] [RED] LeadPredict dist=511.036 dV=14.6101 thr=0.824679 om=0.293058 lt=1.28844
[ACTIVE] [RED] LeadPredict dist=390.732 dV=24.8475 thr=0.671682 om=0.0859024 lt=0.0239933
[JINK] sign=-1 next=88.6663 dist=353.996 spd=294.928
[ACTIVE] [RED] LeadPredict dist=234.383 dV=28.6543 thr=0.55 om=0.241362 lt=0.726994
[ACTIVE] [RED] LeadPredict dist=62.8714 dV=27.0596 thr=0.55 om=0.589986 lt=0.195135
[JINK] sign=1 next=90.383 dist=60.5501 spd=304.188
[ACTIVE] [RED] LeadPredict dist=108.584 dV=7.87094 thr=0.605549 om=2.51598 lt=0.342149
[ACTIVE] [RED] LeadPredict dist=214.837 dV=10.3917 thr=0.7553 om=1.93005 lt=0.724016
[DUTY] team=1 ticks=5400 v27종말조준=31.463% v21뱅크예측=91.1852% v17궤도조건=82.1852% v17슬롯적용=49.3704% 상승클램프=0% 강하클램프=11.1111% v23b조건=38.1667% v23b실제적용=18.2778%
[JINK] sign=-1 next=93.1996 dist=172.675 spd=285.926
[ACTIVE] [RED] LeadPredict dist=102.663 dV=16.8736 thr=0.55 om=0.0709547 lt=0.351777
[ACTIVE] [RED] LeadPredict dist=46.6571 dV=27.1624 thr=0.55 om=0.213621 lt=0.160041
[JINK] sign=-1 next=93.1996 dist=56.4473 spd=263.29
[ACTIVE] [RED] LeadPredict dist=146.74 dV=-9.7229 thr=0.816675 om=0.314667 lt=0.518716
[ACTIVE] [RED] LeadPredict dist=265.713 dV=-17.9025 thr=0.96 om=0.377454 lt=0.915796
[JINK] sign=-1 next=98.033 dist=287.338 spd=306.4
[ACTIVE] [RED] LeadPredict dist=311.827 dV=2.46933 thr=0.850368 om=0.364669 lt=0.175391
runner:local/env:0	num_steps=[11816] | total rewards=[1144.7804] | termination= [target destroyed]
[seed 2] reward=  1144.78 ownHP=1.0000 tgtHP=-0.0055 target destroyed
total: 2
[ACTIVE] [RED] LeadPredict dist=4196.29 dV=10.546 thr=1 om=0.200609 lt=3
[JINK] sign=-1 next=98.7829 dist=3147.01 spd=290.041
[ACTIVE] [RED] LeadPredict dist=1737.42 dV=36.0108 thr=0.736988 om=0.202509 lt=3
[ACTIVE] [RED] LeadPredict dist=2723.56 dV=55.3023 thr=0.864125 om=0.538155 lt=3
[JINK] sign=1 next=100.1 dist=3417.15 spd=304.085
[ACTIVE] [RED] LeadPredict dist=4096.48 dV=45.0135 thr=1 om=0.307103 lt=3
[ACTIVE] [RED] LeadPredict dist=3641.91 dV=31.0722 thr=1 om=0.203139 lt=3
[DUTY] team=1 ticks=6000 v27종말조준=30.2667% v21뱅크예측=91.0333% v17궤도조건=80.6833% v17슬롯적용=46.3% 상승클램프=0% 강하클램프=12.2833% v23b조건=36.85% v23b실제적용=18.0667%
[JINK] sign=-1 next=103.516 dist=3285.46 spd=344.366
[ACTIVE] [RED] LeadPredict dist=2647.62 dV=38.8917 thr=1 om=0.728532 lt=3
[ACTIVE] [RED] ClimbOut Z=3144.28
[ACTIVE] [RED] LeadPredict dist=1984.08 dV=26.4937 thr=0.466534 om=1.05145 lt=3
[ACTIVE] [RED] ClimbOut Z=2358.08
[ACTIVE] [RED] LeadPredict dist=1570.71 dV=79.018 thr=1 om=2.33094 lt=3
[JINK] sign=1 next=105.283 dist=1501.94 spd=340.662
[ACTIVE] [RED] ClimbOut Z=2268.19
[ACTIVE] [RED] LeadPredict dist=1039.41 dV=75.0568 thr=0.506545 om=1.62871 lt=2.76361
[JINK] sign=-1 next=108.1 dist=961.295 spd=285.206
[ACTIVE] [RED] LeadPredict dist=914.073 dV=51.5984 thr=1 om=0.747554 lt=2.72939
[ACTIVE] [RED] LeadPredict dist=652.094 dV=49.6949 thr=0.55 om=0.076534 lt=0.0987693
[JINK] sign=-1 next=108.1 dist=332.629 spd=263.188
[ACTIVE] [RED] LeadPredict dist=283.321 dV=68.5234 thr=0.55 om=0.0650221 lt=0.43496
[ACTIVE] [RED] LeadPredict dist=106.104 dV=10.9061 thr=0.569126 om=0.204007 lt=0.33101
[JINK] sign=-1 next=112.933 dist=63.6474 spd=301.41
[ACTIVE] [RED] LeadPredict dist=85.9044 dV=3.34387 thr=0.659874 om=0.132125 lt=0.282979
[ACTIVE] [RED] LeadPredict dist=83.7006 dV=11.4206 thr=0.562953 om=0.289385 lt=0.274233
[DUTY] team=1 ticks=6600 v27종말조준=29.3788% v21뱅크예측=91.1364% v17궤도조건=81.3485% v17슬롯적용=47.2879% 상승클램프=0% 강하클램프=13.1515% v23b조건=37.8939% v23b실제적용=18.4697%
[JINK] sign=-1 next=112.933 dist=164.311 spd=293.025
[ACTIVE] [RED] LeadPredict dist=107.135 dV=13.9928 thr=0.55 om=0.922907 lt=0.349011
[ACTIVE] [RED] LeadPredict dist=486.465 dV=3.29242 thr=0.814604 om=1.14386 lt=1.6022
[JINK] sign=1 next=114.85 dist=348.766 spd=305.423
[ACTIVE] [RED] LeadPredict dist=562.814 dV=1.33755 thr=0.816791 om=1.61716 lt=1.85681
[ACTIVE] [RED] LeadPredict dist=2248.87 dV=15.8448 thr=0.848712 om=1.75951 lt=3
[JINK] sign=-1 next=116.966 dist=2287.96 spd=272.55
[ACTIVE] [RED] LeadPredict dist=2220.76 dV=24.0758 thr=1 om=0.190067 lt=3
[ACTIVE] [RED] LeadPredict dist=1825.71 dV=47.6371 thr=1 om=0.218094 lt=3
[JINK] sign=1 next=118.283 dist=1617.42 spd=310.104
[ACTIVE] [RED] LeadPredict dist=1575.03 dV=33.1814 thr=1 om=0.136062 lt=3
[ACTIVE] [RED] LeadPredict dist=1250.73 dV=70.7869 thr=1 om=0.169635 lt=3
[JINK] sign=-1 next=121.7 dist=902.567 spd=294.671
[ACTIVE] [RED] LeadPredict dist=809.752 dV=73.0505 thr=0.88 om=0.281135 lt=0.252515
[ACTIVE] [RED] LeadPredict dist=314.947 dV=86.1687 thr=0.55 om=0.711224 lt=0
[DUTY] team=1 ticks=7200 v27종말조준=28.0278% v21뱅크예측=91.4028% v17궤도조건=82.8056% v17슬롯적용=49.2778% 상승클램프=0% 강하클램프=12.0556% v23b조건=38.4167% v23b실제적용=19.125%
[JINK] sign=1 next=123.416 dist=109.665 spd=304.754
[ACTIVE] [RED] LeadPredict dist=216.973 dV=44.4476 thr=0.55 om=0.241113 lt=0.594872
[ACTIVE] [RED] ClimbOut Z=2142.56
[ACTIVE] [RED] LeadPredict dist=672.093 dV=42.0812 thr=0.55 om=1.63941 lt=2.02834
[JINK] sign=-1 next=126.233 dist=364.263 spd=285.514
[ACTIVE] [RED] LeadPredict dist=589.9 dV=12.3466 thr=0.851841 om=0.151509 lt=2.03855
[ACTIVE] [RED] LeadPredict dist=377.77 dV=32.6669 thr=0.55 om=0.31816 lt=1.26675
[JINK] sign=-1 next=126.233 dist=524.082 spd=262.313
[ACTIVE] [RED] LeadPredict dist=438.681 dV=-8.02527 thr=1 om=0.353434 lt=1.54425
[ACTIVE] [RED] LeadPredict dist=577.798 dV=-1.49188 thr=1 om=0.303177 lt=1.46719
[JINK] sign=-1 next=131.066 dist=568.051 spd=303.777
runner:local/env:0	num_steps=[11652] | total rewards=[801.3912] | termination= [target destroyed]
[seed 3] reward=   801.39 ownHP=1.0000 tgtHP=-0.0023 target destroyed
total: 2
[ACTIVE] [RED] LeadPredict dist=3578.24 dV=0.61731 thr=1 om=0 lt=3
[ACTIVE] [RED] LeadPredict dist=1931.1 dV=21.7608 thr=1 om=0.201762 lt=3
[JINK] sign=-1 next=130.883 dist=1368.99 spd=300.176
[ACTIVE] [RED] LeadPredict dist=1415.16 dV=32.9242 thr=0.651283 om=0.364274 lt=3
[ACTIVE] [RED] LeadPredict dist=3099.02 dV=21.5036 thr=1 om=0.078876 lt=3
[DUTY] team=1 ticks=7800 v27종말조준=27.3846% v21뱅크예측=91.2179% v17궤도조건=83.0128% v17슬롯적용=48.7949% 상승클램프=0% 강하클램프=12.5128% v23b조건=38.5769% v23b실제적용=18.8205%
[JINK] sign=1 next=132.199 dist=3180.54 spd=352.751
[ACTIVE] [RED] LeadPredict dist=2409.63 dV=17.6967 thr=0.84 om=0.705839 lt=3
[ACTIVE] [RED] LeadPredict dist=1535.62 dV=-9.00269 thr=0.653032 om=1.098 lt=3
[ACTIVE] [RED] ClimbOut Z=2806.32
[JINK] sign=-1 next=135.616 dist=1506.51 spd=348.276
[ACTIVE] [RED] LeadPredict dist=1492.55 dV=25.9792 thr=1 om=1.29058 lt=3
[ACTIVE] [RED] LeadPredict dist=1044.86 dV=52.6787 thr=0.507857 om=0.135447 lt=2.78037
[JINK] sign=1 next=137.333 dist=744.979 spd=296.369
[ACTIVE] [RED] LeadPredict dist=728.052 dV=57.8231 thr=0.55 om=1.67544 lt=2.07178
[ACTIVE] [RED] LeadPredict dist=896.799 dV=41.6182 thr=0.55 om=0.861875 lt=2.8295
[JINK] sign=-1 next=140.149 dist=735.101 spd=267.509
[ACTIVE] [RED] LeadPredict dist=744.19 dV=24.5902 thr=0.704917 om=0.799294 lt=2.55809
[ACTIVE] [RED] LeadPredict dist=592.578 dV=35.6507 thr=0.572192 om=0.105434 lt=0.213556
[JINK] sign=1 next=141.266 dist=475.146 spd=284.948
[ACTIVE] [RED] LeadPredict dist=477.437 dV=1.80054 thr=0.978394 om=0.281474 lt=0.0579601
[ACTIVE] [RED] LeadPredict dist=467.725 dV=7.30505 thr=0.912339 om=0.0776018 lt=0.124351
[DUTY] team=1 ticks=8400 v27종말조준=27.1429% v21뱅크예측=91.3571% v17궤도조건=83.4881% v17슬롯적용=51.7143% 상승클램프=0% 강하클램프=11.6548% v23b조건=38.5119% v23b실제적용=18.5238%
[JINK] sign=-1 next=144.983 dist=352.518 spd=294.877
[ACTIVE] [RED] LeadPredict dist=336.131 dV=37.5541 thr=0.55 om=0.500984 lt=0.885117
[ACTIVE] [RED] LeadPredict dist=130.452 dV=33.8502 thr=0.55 om=0.912339 lt=0.32116
[JINK] sign=-1 next=144.983 dist=156.757 spd=289.784
[ACTIVE] [RED] LeadPredict dist=164.713 dV=26.5451 thr=0.561459 om=0.587853 lt=0.52138
[ACTIVE] [RED] LeadPredict dist=317.07 dV=-10.3917 thr=0.831658 om=1.39373 lt=1.05827
[JINK] sign=1 next=146.899 dist=416.377 spd=330.322
[ACTIVE] [RED] LeadPredict dist=451.915 dV=-32.2554 thr=0.850461 om=1.20658 lt=1.53095
[ACTIVE] [RED] LeadPredict dist=532.484 dV=-7.2536 thr=1 om=1.51452 lt=0.952201
[JINK] sign=-1 next=149.016 dist=553.012 spd=295.854
[ACTIVE] [RED] LeadPredict dist=556.472 dV=11.5749 thr=0.861101 om=1.5627 lt=1.82044
[ACTIVE] [RED] LeadPredict dist=541.403 dV=7.87091 thr=0.905549 om=1.18513 lt=0.467026
[JINK] sign=-1 next=153.749 dist=538.88 spd=315.918
[ACTIVE] [RED] LeadPredict dist=542.42 dV=6.89349 thr=0.917278 om=1.18874 lt=0.524732
[ACTIVE] [RED] LeadPredict dist=511.778 dV=22.5325 thr=0.747715 om=0.32167 lt=0.810144
[DUTY] team=1 ticks=9000 v27종말조준=28% v21뱅크예측=91.4667% v17궤도조건=84.4% v17슬롯적용=52.4667% 상승클램프=0% 강하클램프=10.9333% v23b조건=38.6778% v23b실제적용=18.7222%
[JINK] sign=-1 next=153.749 dist=359.085 spd=286.44
[ACTIVE] [RED] LeadPredict dist=349.451 dV=30.0433 thr=0.55 om=0.090575 lt=1.10813
[ACTIVE] [RED] LeadPredict dist=137.569 dV=45.888 thr=0.55 om=0.196886 lt=0
[JINK] sign=1 next=155.466 dist=64.7991 spd=314.94
[ACTIVE] [RED] LeadPredict dist=32.6239 dV=1.08032 thr=0.687036 om=0.348622 lt=0.102185
[ACTIVE] [RED] LeadPredict dist=204.178 dV=-8.48825 thr=0.755354 om=0.0619898 lt=0.642951
[JINK] sign=-1 next=158.283 dist=216.904 spd=311.288
[ACTIVE] [RED] LeadPredict dist=208.759 dV=4.7843 thr=0.822588 om=0.648455 lt=0.663721
[ACTIVE] [RED] LeadPredict dist=109.564 dV=24.5388 thr=0.55 om=1.45797 lt=0.338327
[JINK] sign=1 next=159.399 dist=54.4848 spd=307.326
[ACTIVE] [RED] LeadPredict dist=61.8586 dV=9.72293 thr=0.583325 om=0.276011 lt=0.191992
[ACTIVE] [RED] LeadPredict dist=192.803 dV=-8.79694 thr=0.798644 om=0.683833 lt=0.627251
[JINK] sign=-1 next=163.116 dist=165.077 spd=298.324
[ACTIVE] [RED] LeadPredict dist=155.975 dV=17.1308 thr=0.67443 om=0.282824 lt=0.257296
[ACTIVE] [RED] LeadPredict dist=41.177 dV=20.0117 thr=0.55 om=0.209717 lt=0.135207
[DUTY] team=1 ticks=9600 v27종말조준=27.9062% v21뱅크예측=91.5208% v17궤도조건=85.2083% v17슬롯적용=49.9479% 상승클램프=0% 강하클램프=10.3646% v23b조건=40.4375% v23b실제적용=19.3646%
runner:local/env:0	num_steps=[11999] | total rewards=[1091.0509] | termination= [max time out]
[seed 4] reward=  1091.05 ownHP=1.0000 tgtHP=0.7806 max time out
total: 2
[JINK] sign=-1 next=164.216 dist=2461.17 spd=294.671
[ACTIVE] [RED] LeadPredict dist=2384.29 dV=22.3781 thr=0.758633 om=0.274533 lt=3
[ACTIVE] [RED] LeadPredict dist=1035.54 dV=43.7274 thr=0.639695 om=0.225618 lt=3
[JINK] sign=1 next=165.533 dist=1376.98 spd=326.206
[ACTIVE] [RED] LeadPredict dist=1561.09 dV=30.4034 thr=0.574322 om=0.166981 lt=3
[ACTIVE] [RED] LeadPredict dist=2216.8 dV=-1.80057 thr=0.62439 om=0.293938 lt=3
[JINK] sign=-1 next=168.949 dist=1443.75 spd=345.704
[ACTIVE] [RED] LeadPredict dist=1446.61 dV=-16.3077 thr=0.705723 om=0.259335 lt=3
[ACTIVE] [RED] ClimbOut Z=3023.38
[ACTIVE] [RED] LeadPredict dist=1832.65 dV=-25.6706 thr=0.727368 om=1.11485 lt=3
[ACTIVE] [RED] ClimbOut Z=2210.33
[ACTIVE] [RED] LeadPredict dist=1692.21 dV=25.0018 thr=1 om=0.367407 lt=3
[JINK] sign=1 next=170.666 dist=1480.72 spd=333.923
[ACTIVE] [RED] LeadPredict dist=1298.38 dV=79.3266 thr=1 om=1.48207 lt=3
[ACTIVE] [RED] LeadPredict dist=783.678 dV=70.8384 thr=0.55 om=0.499377 lt=2.16386
[JINK] sign=-1 next=173.483 dist=661.912 spd=282.839
[ACTIVE] [RED] LeadPredict dist=590.977 dV=44.2933 thr=0.55 om=0.552297 lt=1.82956
[DUTY] team=1 ticks=10200 v27종말조준=26.3333% v21뱅크예측=91.4118% v17궤도조건=85.598% v17슬롯적용=51.3137% 상승클램프=0% 강하클램프=11.598% v23b조건=42.2451% v23b실제적용=21.3529%
[ACTIVE] [RED] LeadPredict dist=434.858 dV=38.7888 thr=0.55 om=0.22 lt=1.17551
[JINK] sign=-1 next=173.483 dist=280.973 spd=263.239
[ACTIVE] [RED] LeadPredict dist=251.935 dV=16.6679 thr=0.679985 om=0.232165 lt=0.854224
[ACTIVE] [RED] LeadPredict dist=224.392 dV=0.102905 thr=0.841852 om=0.357295 lt=0.721806
[JINK] sign=-1 next=178.316 dist=194.676 spd=300.947
[ACTIVE] [RED] LeadPredict dist=173.333 dV=16.6678 thr=0.679986 om=0.294603 lt=0.263043
[ACTIVE] [RED] LeadPredict dist=59.3303 dV=24.9503 thr=0.55 om=0.397239 lt=0.18689
[JINK] sign=-1 next=178.316 dist=121.57 spd=291.687
[ACTIVE] [RED] LeadPredict dist=138.373 dV=28.1913 thr=0.55 om=0.329477 lt=0.432579
[ACTIVE] [RED] ClimbOut Z=2100.63
[JINK] sign=1 next=180.233 dist=1014.76 spd=278.518
[ACTIVE] [RED] LeadPredict dist=1137.6 dV=48.5117 thr=0.722121 om=2.66223 lt=3
[ACTIVE] [RED] LeadPredict dist=2569.22 dV=52.3185 thr=1 om=1.88076 lt=3
[JINK] sign=-1 next=182.349 dist=1959.79 spd=258.763
[ACTIVE] [RED] LeadPredict dist=1659.82 dV=52.4729 thr=0.826895 om=1.54697 lt=3
[ACTIVE] [RED] LeadPredict dist=1180.99 dV=41.5153 thr=1 om=0.321418 lt=3
[DUTY] team=1 ticks=10800 v27종말조준=26.537% v21뱅크예측=91.5833% v17궤도조건=86.2037% v17슬롯적용=50.5648% 상승클램프=0% 강하클램프=11.3333% v23b조건=42.6667% v23b실제적용=21.3426%
[JINK] sign=1 next=183.666 dist=1039.22 spd=306.04
[ACTIVE] [RED] LeadPredict dist=977.498 dV=33.1299 thr=1 om=0.044155 lt=2.83389
[ACTIVE] [RED] LeadPredict dist=722.385 dV=46.0938 thr=0.655999 om=0.0872007 lt=0
[JINK] sign=-1 next=187.083 dist=545.344 spd=284.074
[ACTIVE] [RED] LeadPredict dist=459.809 dV=41.9269 thr=0.55 om=0.0926865 lt=0.187425
[ACTIVE] [RED] LeadPredict dist=175.572 dV=48.6146 thr=0.55 om=0.0895695 lt=0.193099
[JINK] sign=1 next=188.799 dist=27.6956 spd=305.011
[ACTIVE] [RED] LeadPredict dist=8.61385 dV=5.29874 thr=0.636415 om=0.390866 lt=0.0267692
[ACTIVE] [RED] ClimbOut Z=2099.34
[ACTIVE] [RED] LeadPredict dist=748.078 dV=20.7319 thr=0.724526 om=0.65324 lt=2.30307
[JINK] sign=-1 next=191.616 dist=586.699 spd=296.215
[ACTIVE] [RED] LeadPredict dist=595.023 dV=16.8222 thr=0.798134 om=0.336851 lt=1.94787
[ACTIVE] [RED] LeadPredict dist=903.607 dV=16.6164 thr=0.968672 om=0.351228 lt=1.2542
[JINK] sign=-1 next=191.616 dist=825.991 spd=270.39
[ACTIVE] [RED] LeadPredict dist=788.432 dV=6.94495 thr=0.916661 om=0.641753 lt=0
[ACTIVE] [RED] LeadPredict dist=816.159 dV=-2.98373 thr=1 om=0.372593 lt=0.376995
[DUTY] team=1 ticks=11400 v27종말조준=27.5263% v21뱅크예측=91.614% v17궤도조건=86.7807% v17슬롯적용=51.6053% 상승클램프=0% 강하클램프=11.0614% v23b조건=42.5614% v23b실제적용=20.9474%
[JINK] sign=-1 next=196.449 dist=793.527 spd=305.011
runner:local/env:0	num_steps=[11379] | total rewards=[1034.2287] | termination= [target destroyed]
[seed 5] reward=  1034.23 ownHP=1.0000 tgtHP=-0.0011 target destroyed
total: 2
[ACTIVE] [RED] LeadPredict dist=2369.97 dV=10.7003 thr=0.798425 om=0.299393 lt=3
[ACTIVE] [RED] LeadPredict dist=2747.7 dV=23.9729 thr=1 om=0.194223 lt=3
[JINK] sign=-1 next=195.833 dist=3619.41 spd=310.207
[ACTIVE] [RED] LeadPredict dist=4279.67 dV=33.6444 thr=1 om=0.184682 lt=3
[ACTIVE] [RED] LeadPredict dist=4146.52 dV=4.26987 thr=1 om=0.148691 lt=3
[JINK] sign=-1 next=200.566 dist=3666.42 spd=363.555
[ACTIVE] [RED] ClimbOut Z=3273.18
[ACTIVE] [RED] LeadPredict dist=3381.08 dV=19.1372 thr=1 om=0.988792 lt=3
[ACTIVE] [RED] ClimbOut Z=2388.88
[ACTIVE] [RED] LeadPredict dist=3083.73 dV=69.8095 thr=1 om=1.674 lt=3
[ACTIVE] [RED] LeadPredict dist=1917.7 dV=99.4927 thr=0.919999 om=1.37224 lt=3
[JINK] sign=1 next=202.283 dist=1230.33 spd=312.471
[ACTIVE] [RED] LeadPredict dist=1510.06 dV=56.5884 thr=0.486868 om=0.900439 lt=3
[ACTIVE] [RED] LeadPredict dist=1303.61 dV=11.9865 thr=0.736301 om=0.195391 lt=3
[JINK] sign=-1 next=205.099 dist=1268.55 spd=327.801
[ACTIVE] [RED] LeadPredict dist=1163.03 dV=40.3835 thr=1 om=0.696302 lt=3
[DUTY] team=1 ticks=12000 v27종말조준=26.45% v21뱅크예측=91.4583% v17궤도조건=84.85% v17슬롯적용=51.3667% 상승클램프=0% 강하클램프=13.1917% v23b조건=41.85% v23b실제적용=21.3167%
[ACTIVE] [RED] LeadPredict dist=800.338 dV=77.8862 thr=0.872 om=0.93034 lt=0.137633
[JINK] sign=-1 next=205.099 dist=630.978 spd=299.147
[ACTIVE] [RED] LeadPredict dist=321.148 dV=77.0631 thr=0.55 om=1.18411 lt=0.707809
[ACTIVE] [RED] LeadPredict dist=46.5512 dV=25.8763 thr=0.55 om=0.635403 lt=0.133721
[JINK] sign=-1 next=209.933 dist=94.1131 spd=314.683
[ACTIVE] [RED] LeadPredict dist=168.489 dV=16.7707 thr=0.678751 om=0.414014 lt=0.527067
[ACTIVE] [RED] LeadPredict dist=166.578 dV=12.9639 thr=0.724433 om=0.351962 lt=0.550313
[JINK] sign=-1 next=209.933 dist=163.488 spd=285.874
[ACTIVE] [RED] LeadPredict dist=212.148 dV=5.29874 thr=0.816415 om=0.331253 lt=0.741835
[ACTIVE] [RED] LeadPredict dist=126.329 dV=-0.102875 thr=0.701235 om=0.377653 lt=0.432945
[JINK] sign=1 next=211.849 dist=149.096 spd=305.68
[ACTIVE] [RED] LeadPredict dist=243.682 dV=-21.092 thr=1 om=0.489672 lt=0.633068
[ACTIVE] [RED] LeadPredict dist=294.567 dV=12.9639 thr=0.724433 om=0.0325654 lt=0.869151
[JINK] sign=-1 next=213.966 dist=248.666 spd=320.085
[ACTIVE] [RED] LeadPredict dist=176.825 dV=22.6354 thr=0.608375 om=0.484859 lt=0.356705
[DUTY] team=1 ticks=12600 v27종말조준=26.8333% v21뱅크예측=91.4603% v17궤도조건=85.4365% v17슬롯적용=49.8413% 상승클램프=0% 강하클램프=13.0317% v23b조건=41.7302% v23b실제적용=20.7302%
[ACTIVE] [RED] LeadPredict dist=70.4382 dV=14.9188 thr=0.55 om=0.684587 lt=0.215591
[JINK] sign=1 next=215.282 dist=56.7059 spd=323.326
[ACTIVE] [RED] ClimbOut Z=2008.06
[ACTIVE] [RED] LeadPredict dist=497.54 dV=18.2626 thr=0.742236 om=0.971549 lt=1.55166
[ACTIVE] [RED] LeadPredict dist=886.391 dV=6.48193 thr=0.815916 om=1.44247 lt=2.92236
[JINK] sign=-1 next=218.699 dist=1217.18 spd=294.054
[ACTIVE] [RED] LeadPredict dist=2468.85 dV=13.8384 thr=0.849368 om=1.643 lt=3
[JINK] sign=1 next=220.416 dist=2781.07 spd=274.557
[ACTIVE] [RED] LeadPredict dist=2765.06 dV=46.9684 thr=1 om=2.21201 lt=3
[ACTIVE] [RED] LeadPredict dist=2600.86 dV=72.7932 thr=1 om=1.86183 lt=3
[JINK] sign=-1 next=223.232 dist=1847.82 spd=277.952
[ACTIVE] [RED] LeadPredict dist=1796.95 dV=56.8971 thr=1 om=0.247436 lt=3
[ACTIVE] [RED] LeadPredict dist=1329.69 dV=72.1759 thr=1 om=0.3465 lt=3
[JINK] sign=-1 next=223.232 dist=902.306 spd=275.688
[ACTIVE] [RED] LeadPredict dist=872.194 dV=75.8284 thr=0.952 om=0.464078 lt=0.901797
[ACTIVE] [RED] LeadPredict dist=498.696 dV=39.2518 thr=0.55 om=0.568775 lt=1.08421
[DUTY] team=1 ticks=13200 v27종말조준=26.1667% v21뱅크예측=91.6591% v17궤도조건=85.1212% v17슬롯적용=49.8561% 상승클램프=0% 강하클램프=12.5303% v23b조건=41.5152% v23b실제적용=20.7273%
[JINK] sign=-1 next=228.066 dist=400.309 spd=317.307
[ACTIVE] [RED] LeadPredict dist=409.66 dV=20.1146 thr=0.675989 om=0.369836 lt=1.21836
[ACTIVE] [RED] LeadPredict dist=287.175 dV=36.5252 thr=0.55 om=0.319749 lt=0.403531
[JINK] sign=-1 next=228.066 dist=90.9558 spd=290.607
[ACTIVE] [RED] LeadPredict dist=76.0154 dV=39.4061 thr=0.55 om=0.974103 lt=0.230916
runner:local/env:0	num_steps=[11999] | total rewards=[829.1227] | termination= [max time out]
[seed 6] reward=   829.12 ownHP=1.0000 tgtHP=0.2685 max time out
total: 2
[ACTIVE] [RED] LeadPredict dist=1132.89 dV=7.92239 thr=0.926077 om=0.410718 lt=3
[JINK] sign=-1 next=229.166 dist=1690.01 spd=308.51
[ACTIVE] [RED] LeadPredict dist=1857.15 dV=-1.64621 thr=0.794927 om=0.065278 lt=3
[ACTIVE] [RED] LeadPredict dist=3117.51 dV=-14.4557 thr=1 om=0.232688 lt=3
[JINK] sign=-1 next=233.899 dist=2726.04 spd=358.719
[ACTIVE] [RED] LeadPredict dist=2667.84 dV=-9.4657 thr=1 om=0.808289 lt=3
[ACTIVE] [RED] ClimbOut Z=3210.19
[ACTIVE] [RED] LeadPredict dist=2245.95 dV=10.9061 thr=0.538466 om=0.543753 lt=3
[ACTIVE] [RED] ClimbOut Z=2400.87
[ACTIVE] [RED] LeadPredict dist=1948.04 dV=38.8402 thr=0.950641 om=1.31591 lt=3
[ACTIVE] [RED] ClimbOut Z=2555.4
[JINK] sign=-1 next=233.899 dist=1442.52 spd=321.885
[ACTIVE] [RED] LeadPredict dist=1096.24 dV=74.6452 thr=0.456696 om=0.46353 lt=2.82656
[DUTY] team=1 ticks=13800 v27종말조준=25.5145% v21뱅크예측=91.6449% v17궤도조건=84.8406% v17슬롯적용=50.2391% 상승클램프=0% 강하클램프=13.942% v23b조건=42.1232% v23b실제적용=21.7899%
[ACTIVE] [RED] LeadPredict dist=886.488 dV=35.1877 thr=0.792 om=0.122957 lt=1.96431
[JINK] sign=1 next=235.616 dist=807.034 spd=333.769
[ACTIVE] [RED] LeadPredict dist=722.121 dV=32.2039 thr=0.613553 om=0.303485 lt=0
[ACTIVE] [RED] LeadPredict dist=538.281 dV=44.1904 thr=0.55 om=0.746652 lt=1.52729
[JINK] sign=-1 next=238.432 dist=411.118 spd=301.976
[ACTIVE] [RED] LeadPredict dist=286.369 dV=50.6209 thr=0.55 om=0.431191 lt=0.825907
[ACTIVE] [RED] LeadPredict dist=103.159 dV=16.9765 thr=0.55 om=0.453789 lt=0.314205
[JINK] sign=1 next=239.549 dist=88.3005 spd=321.937
[ACTIVE] [RED] LeadPredict dist=115.765 dV=-0.463013 thr=0.705556 om=1.06416 lt=0.367999
[ACTIVE] [RED] LeadPredict dist=103.251 dV=14.4043 thr=0.55 om=0.261152 lt=0.327684
[JINK] sign=-1 next=243.266 dist=128.978 spd=295.391
[ACTIVE] [RED] LeadPredict dist=37.2296 dV=17.6453 thr=0.55 om=0.332382 lt=0.121221
[ACTIVE] [RED] LeadPredict dist=387.65 dV=26.2879 thr=0.564546 om=0.136508 lt=1.27265
[JINK] sign=1 next=245.182 dist=340.479 spd=285.926
[ACTIVE] [RED] LeadPredict dist=200.945 dV=-27.8312 thr=1 om=0.200459 lt=0.710199
[DUTY] team=1 ticks=14400 v27종말조준=25.6944% v21뱅크예측=91.6389% v17궤도조건=85.3681% v17슬롯적용=49.7083% 상승클램프=0% 강하클램프=13.4653% v23b조건=42.7222% v23b실제적용=21.1528%
[ACTIVE] [RED] LeadPredict dist=405.535 dV=-30.6092 thr=1 om=0.255136 lt=0.756746
[JINK] sign=-1 next=247.299 dist=439.642 spd=327.544
[ACTIVE] [RED] LeadPredict dist=431.577 dV=22.2238 thr=0.820913 om=0.253952 lt=1.15783
[ACTIVE] [RED] LeadPredict dist=210.774 dV=45.425 thr=0.55 om=0.467764 lt=0.599349
[JINK] sign=1 next=248.616 dist=109.218 spd=311.956
[ACTIVE] [RED] LeadPredict dist=91.4323 dV=17.2852 thr=0.55 om=0.730232 lt=0.265232
[ACTIVE] [RED] LeadPredict dist=410.02 dV=19.5487 thr=0.689119 om=3.08082 lt=1.2473
[JINK] sign=-1 next=252.032 dist=577.389 spd=306.915
[ACTIVE] [RED] ClimbOut Z=1983.43
[ACTIVE] [RED] LeadPredict dist=2304.7 dV=40.3321 thr=0.713375 om=2.26865 lt=3
[JINK] sign=-1 next=252.032 dist=3119.52 spd=275.946
[ACTIVE] [RED] LeadPredict dist=3199.07 dV=56.4341 thr=1 om=0.989811 lt=3
[ACTIVE] [RED] LeadPredict dist=3206.84 dV=75.3654 thr=1 om=1.92908 lt=3
[JINK] sign=1 next=253.749 dist=2453.18 spd=247.034
[ACTIVE] [RED] LeadPredict dist=1978.1 dV=76.2914 thr=0.878164 om=0.917957 lt=3
[ACTIVE] [RED] LeadPredict dist=1172.4 dV=54.8907 thr=1 om=0.580554 lt=3
[DUTY] team=1 ticks=15000 v27종말조준=25.64% v21뱅크예측=91.7867% v17궤도조건=84.84% v17슬롯적용=49.08% 상승클램프=0% 강하클램프=13.1533% v23b조건=42.5133% v23b실제적용=21.3533%
[JINK] sign=-1 next=256.566 dist=787.433 spd=270.03
[ACTIVE] [RED] LeadPredict dist=753.454 dV=73.2563 thr=0.55 om=1.79097 lt=2.20474
[ACTIVE] [RED] LeadPredict dist=1106.18 dV=51.6497 thr=0.744859 om=1.62427 lt=3
[JINK] sign=-1 next=261.399 dist=1062.26 spd=304.446
[ACTIVE] [RED] LeadPredict dist=1028.92 dV=11.8321 thr=0.768909 om=0.302508 lt=3
[ACTIVE] [RED] LeadPredict dist=930.322 dV=38.5316 thr=1 om=0.30152 lt=2.87461
[JINK] sign=-1 next=261.399 dist=665.557 spd=273.888
[ACTIVE] [RED] LeadPredict dist=641.39 dV=48.7689 thr=0.551999 om=0.328399 lt=0.0499921
runner:local/env:0	num_steps=[11999] | total rewards=[836.2058] | termination= [max time out]
[seed 7] reward=   836.21 ownHP=1.0000 tgtHP=0.4814 max time out
total: 2
[ACTIVE] [RED] LeadPredict dist=1471.1 dV=9.56857 thr=0.801049 om=0.250294 lt=3
[ACTIVE] [RED] Evade Z=6528.42
[JINK] sign=-1 next=262.499 dist=532.793 spd=304.651
[ACTIVE] [RED] LeadPredict dist=562.732 dV=35.4964 thr=0.574044 om=0.268371 lt=1.6324
[ACTIVE] [RED] LeadPredict dist=1620.32 dV=13.1182 thr=0.603401 om=0.14212 lt=3
[JINK] sign=1 next=263.816 dist=1080.26 spd=360.365
[ACTIVE] [RED] LeadPredict dist=678.308 dV=-34.7761 thr=0.805067 om=0.342011 lt=2.09258
[ACTIVE] [RED] LeadPredict dist=1654.83 dV=-45.425 thr=0.813511 om=0.240924 lt=3
[DUTY] team=1 ticks=15600 v27종말조준=25.1859% v21뱅크예측=91.75% v17궤도조건=85.2564% v17슬롯적용=49.9679% 상승클램프=0% 강하클램프=13.1603% v23b조건=43.4808% v23b실제적용=22.5385%
[ACTIVE] [RED] ClimbOut Z=3155.5
[ACTIVE] [RED] LeadPredict dist=1667.33 dV=-11.1633 thr=0.67249 om=0.343874 lt=3
[ACTIVE] [RED] ClimbOut Z=2339.67
[JINK] sign=-1 next=267.232 dist=1608.62 spd=348.636
[ACTIVE] [RED] LeadPredict dist=1367.55 dV=45.5279 thr=1 om=1.35637 lt=3
[ACTIVE] [RED] LeadPredict dist=981.183 dV=65.231 thr=0.88 om=1.58934 lt=2.65121
[JINK] sign=1 next=268.949 dist=821.448 spd=294.928
[ACTIVE] [RED] LeadPredict dist=777.693 dV=53.759 thr=0.55 om=0.549705 lt=2.33147
[ACTIVE] [RED] LeadPredict dist=671.618 dV=31.9982 thr=0.616022 om=0.36076 lt=2.21464
[JINK] sign=-1 next=271.766 dist=701.848 spd=268.178
[ACTIVE] [RED] LeadPredict dist=624.295 dV=32.2554 thr=0.612935 om=0.649213 lt=0
[ACTIVE] [RED] LeadPredict dist=457.999 dV=16.3078 thr=0.804307 om=0.28227 lt=1.5774
[JINK] sign=1 next=272.882 dist=445.317 spd=291.636
[ACTIVE] [RED] LeadPredict dist=447.587 dV=3.18954 thr=0.961725 om=0.413138 lt=1.19282
[ACTIVE] [RED] LeadPredict dist=376.102 dV=22.3267 thr=0.686134 om=0.305648 lt=1.1828
[JINK] sign=-1 next=276.599 dist=322.783 spd=293.539
[ACTIVE] [RED] LeadPredict dist=188.528 dV=31.4837 thr=0.55 om=0.262391 lt=0.584858
[DUTY] team=1 ticks=16200 v27종말조준=25.4074% v21뱅크예측=91.858% v17궤도조건=85.7654% v17슬롯적용=51.5% 상승클램프=0% 강하클램프=13.2654% v23b조건=43.5988% v23b실제적용=22.3333%
[ACTIVE] [RED] LeadPredict dist=30.0374 dV=37.1426 thr=0.55 om=0.536064 lt=0.091936
[JINK] sign=-1 next=276.599 dist=78.0353 spd=288.961
[ACTIVE] [RED] ClimbOut Z=2202.99
[ACTIVE] [RED] LeadPredict dist=174.538 dV=10.3402 thr=0.755917 om=0.106695 lt=0.541891
[ACTIVE] [RED] LeadPredict dist=556.336 dV=-25.5677 thr=0.811543 om=0.0426101 lt=1.82799
[JINK] sign=1 next=278.516 dist=480.391 spd=329.087
[ACTIVE] [RED] LeadPredict dist=525.432 dV=-0.771637 thr=1 om=0.338252 lt=0
runner:local/env:0	num_steps=[6835] | total rewards=[610.5258] | termination= [target destroyed]
[seed 8] reward=   610.53 ownHP=1.0000 tgtHP=-0.0078 target destroyed
total: 2
[ACTIVE] [RED] LeadPredict dist=1591.84 dV=14.8159 thr=0.774813 om=0.097187 lt=3
[JINK] sign=-1 next=281.499 dist=1641.03 spd=298.787
[ACTIVE] [RED] LeadPredict dist=3022.25 dV=31.6381 thr=1 om=0.517816 lt=3
[ACTIVE] [RED] LeadPredict dist=3489.27 dV=14.4043 thr=1 om=0.257752 lt=3
[JINK] sign=1 next=282.816 dist=3446.42 spd=352.186
[ACTIVE] [RED] LeadPredict dist=2845.98 dV=26.4937 thr=1 om=0.388489 lt=3
[ACTIVE] [RED] ClimbOut Z=2695.75
[ACTIVE] [RED] LeadPredict dist=2250.78 dV=34.5189 thr=0.436362 om=1.46966 lt=3
[JINK] sign=-1 next=286.232 dist=1928.77 spd=348.224
[ACTIVE] [RED] LeadPredict dist=1842.89 dV=77.5775 thr=1 om=1.43215 lt=3
[DUTY] team=1 ticks=16800 v27종말조준=24.8095% v21뱅크예측=91.7679% v17궤도조건=85.1131% v17슬롯적용=51.0774% 상승클램프=0% 강하클램프=14.8155% v23b조건=43.875% v23b실제적용=22.8095%
[ACTIVE] [RED] LeadPredict dist=1141.85 dV=67.5974 thr=0.475061 om=1.08607 lt=2.97734
[JINK] sign=1 next=287.949 dist=993.5 spd=327.184
[ACTIVE] [RED] LeadPredict dist=923.836 dV=32.1525 thr=1 om=0.664271 lt=2.54833
[ACTIVE] [RED] LeadPredict dist=720.079 dV=38.9945 thr=0.55 om=0.479177 lt=0.898365
[JINK] sign=-1 next=290.766 dist=602.248 spd=309.076
[ACTIVE] [RED] LeadPredict dist=531.447 dV=35.805 thr=0.57034 om=0.490396 lt=1.15278
[ACTIVE] [RED] LeadPredict dist=310.6 dV=46.8141 thr=0.55 om=0.52328 lt=0.915625
[JINK] sign=1 next=291.882 dist=151.592 spd=305.577
[ACTIVE] [RED] LeadPredict dist=105.197 dV=17.1823 thr=0.55 om=0.216493 lt=0.314405
[ACTIVE] [RED] LeadPredict dist=104.89 dV=5.76175 thr=0.630859 om=0.459484 lt=0.327959
[JINK] sign=-1 next=295.599 dist=95.604 spd=306.195
[ACTIVE] [RED] LeadPredict dist=106.79 dV=6.53339 thr=0.621599 om=0.455884 lt=0.346206
[ACTIVE] [RED] LeadPredict dist=104.205 dV=19.9088 thr=0.55 om=0.373649 lt=0.333927
[JINK] sign=-1 next=295.599 dist=174.426 spd=286.132
[ACTIVE] [RED] LeadPredict dist=69.4765 dV=15.1245 thr=0.55 om=1.39815 lt=0.233696
[DUTY] team=1 ticks=17400 v27종말조준=25.1379% v21뱅크예측=91.7644% v17궤도조건=85.5057% v17슬롯적용=50.9598% 상승클램프=0% 강하클램프=14.4885% v23b조건=44.0632% v23b실제적용=22.3333%
[ACTIVE] [RED] LeadPredict dist=139.738 dV=-19.6002 thr=0.935202 om=0.210512 lt=0.467846
[JINK] sign=1 next=297.515 dist=262.173 spd=330.631
[ACTIVE] [RED] LeadPredict dist=322.829 dV=-15.5876 thr=1 om=0.30478 lt=0.48213
[ACTIVE] [RED] LeadPredict dist=286.91 dV=19.7031 thr=0.643563 om=0.232897 lt=0.254406
[JINK] sign=-1 next=299.632 dist=223.31 spd=300.896
[ACTIVE] [RED] LeadPredict dist=209.286 dV=23.87 thr=0.59356 om=0.429565 lt=0.651333
[ACTIVE] [RED] LeadPredict dist=156.24 dV=-6.58484 thr=0.72868 om=0.207364 lt=0.48246
[JINK] sign=-1 next=304.365 dist=190.633 spd=331.917
[ACTIVE] [RED] LeadPredict dist=191.77 dV=11.7292 thr=0.672709 om=0.697685 lt=0.569035
[ACTIVE] [RED] LeadPredict dist=139.549 dV=22.3267 thr=0.579538 om=1.47137 lt=0.0808941
[JINK] sign=-1 next=304.365 dist=179.365 spd=295.906
[ACTIVE] [RED] LeadPredict dist=291.944 dV=21.6579 thr=0.620105 om=1.59932 lt=0.940034
[ACTIVE] [RED] LeadPredict dist=564.624 dV=11.6778 thr=0.843902 om=0.632819 lt=1.90283
[JINK] sign=1 next=306.082 dist=532.488 spd=304.085
[ACTIVE] [RED] LeadPredict dist=648.001 dV=-18.1083 thr=0.842153 om=1.1045 lt=2.18079
[DUTY] team=1 ticks=18000 v27종말조준=25.25% v21뱅크예측=91.8389% v17궤도조건=85.8889% v17슬롯적용=49.9056% 상승클램프=0% 강하클램프=14.0056% v23b조건=44.7111% v23b실제적용=22.5556%
[ACTIVE] [RED] LeadPredict dist=766.839 dV=6.12186 thr=0.963061 om=1.12118 lt=1.16406
[JINK] sign=-1 next=308.899 dist=683.912 spd=307.172
[ACTIVE] [RED] LeadPredict dist=614.884 dV=33.6958 thr=0.59565 om=1.00811 lt=0
[ACTIVE] [RED] LeadPredict dist=421.907 dV=39.8177 thr=0.55 om=0.315142 lt=0.374747
[JINK] sign=1 next=310.015 dist=244.937 spd=296.523
[ACTIVE] [RED] LeadPredict dist=178.549 dV=22.3781 thr=0.611462 om=0.523861 lt=0
[ACTIVE] [RED] LeadPredict dist=99.6588 dV=15.7419 thr=0.55 om=1.46523 lt=0.152956
[JINK] sign=-1 next=313.732 dist=29.9603 spd=304.497
[ACTIVE] [RED] LeadPredict dist=140.771 dV=14.8159 thr=0.55 om=0.0353034 lt=0.445886
[ACTIVE] [RED] ClimbOut Z=2263.31
runner:local/env:0	num_steps=[11999] | total rewards=[1105.3127] | termination= [max time out]
[seed 9] reward=  1105.31 ownHP=1.0000 tgtHP=0.1963 max time out
total: 2
[ACTIVE] [RED] LeadPredict dist=1333.56 dV=0.977448 thr=0.84 om=0 lt=3
[JINK] sign=-1 next=314.832 dist=774.238 spd=297.089
[ACTIVE] [RED] LeadPredict dist=1988.68 dV=11.2148 thr=0.779841 om=0.132969 lt=3
[ACTIVE] [RED] LeadPredict dist=3551.94 dV=26.2879 thr=1 om=0.362959 lt=3
[JINK] sign=1 next=316.149 dist=3565.21 spd=330.116
[ACTIVE] [RED] LeadPredict dist=3062.63 dV=4.42419 thr=1 om=0.447017 lt=3
[DUTY] team=1 ticks=18600 v27종말조준=25.8011% v21뱅크예측=91.8333% v17궤도조건=85.6505% v17슬롯적용=49.5269% 상승클램프=0% 강하클램프=13.7957% v23b조건=44.4247% v23b실제적용=22.2473%
[ACTIVE] [RED] ClimbOut Z=3362.97
[ACTIVE] [RED] LeadPredict dist=2060.36 dV=19.6002 thr=0.52 om=1.08661 lt=3
[ACTIVE] [RED] ClimbOut Z=2478.82
[ACTIVE] [RED] LeadPredict dist=1817.75 dV=35.9079 thr=1 om=1.32495 lt=3
[JINK] sign=-1 next=319.565 dist=1659.73 spd=361.188
[ACTIVE] [RED] LeadPredict dist=1176.16 dV=73.7192 thr=0.61 om=1.38597 lt=2.98511
[ACTIVE] [RED] LeadPredict dist=868.907 dV=26.4937 thr=0.682076 om=0.212962 lt=0
[JINK] sign=1 next=321.282 dist=850.346 spd=322.245
[ACTIVE] [RED] LeadPredict dist=764.657 dV=13.4783 thr=0.83826 om=0.160596 lt=0
[ACTIVE] [RED] LeadPredict dist=619.557 dV=36.5767 thr=0.56108 om=0.164008 lt=0.996861
[JINK] sign=-1 next=324.099 dist=599.994 spd=315.815
[ACTIVE] [RED] LeadPredict dist=391.725 dV=37.2455 thr=0.55 om=0.206257 lt=0
[ACTIVE] [RED] LeadPredict dist=139.601 dV=44.8077 thr=0.55 om=0.370332 lt=0.0186593
[JINK] sign=1 next=325.215 dist=117.292 spd=293.539
[ACTIVE] [RED] LeadPredict dist=136.949 dV=9.2085 thr=0.589498 om=0.595142 lt=0.414527
[ACTIVE] [RED] LeadPredict dist=278.724 dV=-0.977417 thr=0.803017 om=0.0238501 lt=0.909825
[DUTY] team=1 ticks=19200 v27종말조준=26.2604% v21뱅크예측=91.8021% v17궤도조건=85.8542% v17슬롯적용=50.0521% 상승클램프=0% 강하클램프=14.0312% v23b조건=44.099% v23b실제적용=22.3229%
[JINK] sign=-1 next=328.932 dist=296.044 spd=306.452
[ACTIVE] [RED] LeadPredict dist=175.075 dV=18.2626 thr=0.660849 om=0.384153 lt=0
[ACTIVE] [RED] LeadPredict dist=47.9894 dV=28.0884 thr=0.55 om=0.509789 lt=0.154241
[JINK] sign=-1 next=328.932 dist=53.4091 spd=282.53
[ACTIVE] [RED] LeadPredict dist=429.671 dV=23.9729 thr=0.712325 om=0.059715 lt=1.39903
[ACTIVE] [RED] LeadPredict dist=228.65 dV=-34.3131 thr=1 om=0.301799 lt=0.80199
[JINK] sign=1 next=330.849 dist=243.11 spd=321.628
[ACTIVE] [RED] LeadPredict dist=474.382 dV=-33.6444 thr=0.971335 om=0.405658 lt=0.361408
[ACTIVE] [RED] LeadPredict dist=544.302 dV=6.12183 thr=0.85765 om=0.357332 lt=1.71039
[JINK] sign=-1 next=332.965 dist=539.961 spd=311.288
[ACTIVE] [RED] LeadPredict dist=468.393 dV=16.4621 thr=0.802455 om=0.453562 lt=0
runner:local/env:0	num_steps=[7343] | total rewards=[741.6168] | termination= [target destroyed]
[seed 10] reward=   741.62 ownHP=1.0000 tgtHP=-0.0021 target destroyed
total: 2
[ACTIVE] [RED] LeadPredict dist=2243.96 dV=-4.21841 thr=0.848056 om=0.0971977 lt=3
[JINK] sign=-1 next=335.232 dist=2189.71 spd=300.587
[ACTIVE] [RED] LeadPredict dist=624.546 dV=-19.9603 thr=0.855271 om=0.350286 lt=2.12392
[ACTIVE] [RED] LeadPredict dist=1983.44 dV=-58.8519 thr=0.867515 om=0.175568 lt=3
[DUTY] team=1 ticks=19800 v27종말조준=26.202% v21뱅크예측=91.7222% v17궤도조건=86.1162% v17슬롯적용=49.5606% 상승클램프=0% 강하클램프=13.9091% v23b조건=44.8333% v23b실제적용=23.1162%
[JINK] sign=1 next=336.549 dist=2105.88 spd=351.98
[ACTIVE] [RED] LeadPredict dist=2757.4 dV=-40.1263 thr=1 om=0.289004 lt=3
[ACTIVE] [RED] LeadPredict dist=2248.2 dV=-5.55597 thr=0.673584 om=0.207999 lt=3
[JINK] sign=-1 next=339.965 dist=2232.22 spd=342.154
[ACTIVE] [RED] ClimbOut Z=2852
[ACTIVE] [RED] LeadPredict dist=2118.13 dV=15.0731 thr=0.596405 om=0.815096 lt=3
[ACTIVE] [RED] ClimbOut Z=2236.87
[ACTIVE] [RED] LeadPredict dist=1685.42 dV=70.4268 thr=1 om=0.184684 lt=3
[ACTIVE] [RED] ClimbOut Z=2494.59
[JINK] sign=1 next=341.682 dist=1283.95 spd=334.335
[ACTIVE] [RED] LeadPredict dist=1211.06 dV=66.4657 thr=1 om=0.826337 lt=3
[ACTIVE] [RED] LeadPredict dist=829.487 dV=73.2563 thr=0.904 om=0.731327 lt=0.25209
[JINK] sign=-1 next=344.499 dist=430.227 spd=310.207
[ACTIVE] [RED] LeadPredict dist=342.859 dV=81.333 thr=0.47 om=0.753987 lt=0.882625
[ACTIVE] [RED] LeadPredict dist=160.615 dV=58.1317 thr=0.55 om=1.37677 lt=0.455718
[JINK] sign=1 next=345.615 dist=218.065 spd=310.362
[ACTIVE] [RED] LeadPredict dist=230.133 dV=8.89981 thr=0.743547 om=0.896648 lt=0.718398
[ACTIVE] [RED] LeadPredict dist=155.893 dV=5.45306 thr=0.777873 om=0.24999 lt=0.499233
[DUTY] team=1 ticks=20400 v27종말조준=25.7941% v21뱅크예측=91.7157% v17궤도조건=86.1176% v17슬롯적용=49.7647% 상승클램프=0% 강하클램프=14.7108% v23b조건=44.9265% v23b실제적용=23.5294%
[JINK] sign=-1 next=349.332 dist=381.829 spd=297.295
[ACTIVE] [RED] LeadPredict dist=290.267 dV=1.80054 thr=0.858394 om=0.144344 lt=0.985914
[ACTIVE] [RED] LeadPredict dist=236.709 dV=17.1309 thr=0.67443 om=0.137768 lt=0.789652
[JINK] sign=-1 next=349.332 dist=129.407 spd=277.798
[ACTIVE] [RED] LeadPredict dist=65.2768 dV=28.2428 thr=0.55 om=0.511754 lt=0.21283
[ACTIVE] [RED] LeadPredict dist=92.9929 dV=-19.7545 thr=0.847794 om=0.348322 lt=0.311128
[JINK] sign=1 next=351.249 dist=191.553 spd=332.946
[ACTIVE] [RED] LeadPredict dist=253.678 dV=-19.6516 thr=1 om=0.489818 lt=0.440256
[ACTIVE] [RED] LeadPredict dist=264.743 dV=11.2148 thr=0.745423 om=0.411483 lt=0.401455
[JINK] sign=-1 next=353.365 dist=236.871 spd=307.481
[ACTIVE] [RED] LeadPredict dist=197.996 dV=20.3204 thr=0.636155 om=1.24642 lt=0.31312
[ACTIVE] [RED] LeadPredict dist=163.339 dV=-8.33392 thr=0.748576 om=0.0941378 lt=0.511779
[JINK] sign=-1 next=358.099 dist=157.931 spd=322.554
[ACTIVE] [RED] LeadPredict dist=117.549 dV=23.5613 thr=0.595703 om=0.571947 lt=0.114756
[ACTIVE] [RED] LeadPredict dist=43.6049 dV=27.9341 thr=0.55 om=0.306313 lt=0.133064
[DUTY] team=1 ticks=21000 v27종말조준=26.2238% v21뱅크예측=91.7429% v17궤도조건=86.4333% v17슬롯적용=48.3952% 상승클램프=0% 강하클램프=14.4667% v23b조건=45.1571% v23b실제적용=23.4381%
[JINK] sign=-1 next=358.099 dist=172.722 spd=292.356
[ACTIVE] [RED] LeadPredict dist=313.378 dV=13.9928 thr=0.712087 om=0.277807 lt=1.04042
[ACTIVE] [RED] LeadPredict dist=362.924 dV=-3.44675 thr=0.855927 om=0.206631 lt=1.23486
[JINK] sign=1 next=359.815 dist=235.405 spd=315.763
[ACTIVE] [RED] LeadPredict dist=303.199 dV=-20.0631 thr=1 om=0.579572 lt=0.691889
[ACTIVE] [RED] LeadPredict dist=384.703 dV=3.24097 thr=0.841108 om=0.320413 lt=1.20207
runner:local/env:0	num_steps=[9899] | total rewards=[859.3544] | termination= [target destroyed]
[seed 11] reward=   859.35 ownHP=1.0000 tgtHP=-0.0021 target destroyed
total: 2
[JINK] sign=-1 next=362.732 dist=3880.32 spd=296.883
[ACTIVE] [RED] LeadPredict dist=4294.37 dV=4.26984 thr=1 om=0.77677 lt=3
[ACTIVE] [RED] LeadPredict dist=3811.17 dV=3.96118 thr=1 om=0.333694 lt=3
[JINK] sign=1 next=364.049 dist=2676.49 spd=345.086
[ACTIVE] [RED] LeadPredict dist=1670.68 dV=-24.2301 thr=0.72 om=0.0129535 lt=3
[ACTIVE] [RED] ClimbOut Z=2918.64
[ACTIVE] [RED] LeadPredict dist=1802.19 dV=-57.6173 thr=0.656967 om=0.662348 lt=3
[ACTIVE] [RED] ClimbOut Z=2237.19
[ACTIVE] [RED] LeadPredict dist=2086.48 dV=0.41156 thr=1 om=0.668693 lt=3
[JINK] sign=-1 next=367.465 dist=2018.66 spd=340.096
[ACTIVE] [RED] LeadPredict dist=1615.46 dV=65.1281 thr=1 om=1.38827 lt=3
[DUTY] team=1 ticks=21600 v27종말조준=25.6991% v21뱅크예측=91.662% v17궤도조건=86.037% v17슬롯적용=48.162% 상승클램프=0% 강하클램프=14.875% v23b조건=45.162% v23b실제적용=23.5278%
[ACTIVE] [RED] LeadPredict dist=947.391 dV=58.5433 thr=0.599247 om=1.54054 lt=2.67402
[JINK] sign=1 next=369.182 dist=991.024 spd=302.028
[ACTIVE] [RED] LeadPredict dist=950.308 dV=10.6489 thr=1 om=0.274961 lt=2.86576
[ACTIVE] [RED] LeadPredict dist=967.745 dV=6.89349 thr=1 om=0.1739 lt=2.9256
[JINK] sign=-1 next=371.999 dist=933.648 spd=316.689
[ACTIVE] [RED] LeadPredict dist=837.017 dV=38.2229 thr=0.784 om=0.284276 lt=0
[ACTIVE] [RED] LeadPredict dist=555.599 dV=49.3862 thr=0.55 om=0.328118 lt=1.61823
[JINK] sign=-1 next=371.999 dist=474.487 spd=290.298
[ACTIVE] [RED] LeadPredict dist=337.301 dV=32.8727 thr=0.55 om=0.0904059 lt=0.99208
[ACTIVE] [RED] LeadPredict dist=211.789 dV=24.6417 thr=0.5843 om=0.124506 lt=0.222883
[JINK] sign=-1 next=376.832 dist=147.096 spd=312.882
[ACTIVE] [RED] LeadPredict dist=38.9968 dV=31.8438 thr=0.55 om=0.318243 lt=0.115927
[ACTIVE] [RED] ClimbOut Z=2160.95
[ACTIVE] [RED] LeadPredict dist=453.038 dV=43.9846 thr=0.55 om=0.165434 lt=1.35296
[JINK] sign=-1 next=376.832 dist=464.2 spd=290.247
[ACTIVE] [RED] LeadPredict dist=174.595 dV=22.6868 thr=0.607758 om=0.338632 lt=0.574749
[DUTY] team=1 ticks=22200 v27종말조준=25.7072% v21뱅크예측=91.6982% v17궤도조건=86.3423% v17슬롯적용=48.482% 상승클램프=0% 강하클램프=14.5766% v23b조건=45.4324% v23b실제적용=23.4595%
[ACTIVE] [RED] LeadPredict dist=275.197 dV=-20.5776 thr=0.850461 om=0.434626 lt=0.932284
[JINK] sign=1 next=378.748 dist=271.808 spd=315.763
[ACTIVE] [RED] LeadPredict dist=651.975 dV=-40.2806 thr=0.854834 om=0.355785 lt=2.21642
[ACTIVE] [RED] LeadPredict dist=854.315 dV=-6.0704 thr=1 om=0.230583 lt=0
[JINK] sign=-1 next=380.865 dist=849.327 spd=314.117
[ACTIVE] [RED] LeadPredict dist=748.219 dV=34.2617 thr=0.593826 om=0.460929 lt=0.890141
[ACTIVE] [RED] LeadPredict dist=647.187 dV=21.4007 thr=0.743191 om=1.58021 lt=1.61605
[JINK] sign=1 next=382.182 dist=641.728 spd=313.294
[ACTIVE] [RED] LeadPredict dist=520.183 dV=27.4711 thr=0.670347 om=1.4858 lt=1.61993
[ACTIVE] [RED] LeadPredict dist=1037.6 dV=23.407 thr=0.803454 om=1.63542 lt=3
[JINK] sign=-1 next=385.598 dist=1033.33 spd=282.839
[ACTIVE] [RED] LeadPredict dist=1336.22 dV=32.4097 thr=0.823131 om=1.77829 lt=3
[ACTIVE] [RED] LeadPredict dist=1034.51 dV=28.5514 thr=0.856583 om=0.610327 lt=3
[JINK] sign=1 next=387.315 dist=1029.95 spd=265.194
[ACTIVE] [RED] LeadPredict dist=1005.86 dV=4.57849 thr=1 om=0.96171 lt=3
[DUTY] team=1 ticks=22800 v27종말조준=25.7588% v21뱅크예측=91.7939% v17궤도조건=86.6535% v17슬롯적용=49.4912% 상승클램프=0% 강하클램프=14.3465% v23b조건=45.6623% v23b실제적용=23.9561%
[ACTIVE] [RED] LeadPredict dist=979.186 dV=20.0632 thr=1 om=1.01118 lt=2.94827
[JINK] sign=-1 next=390.132 dist=973.917 spd=312.059
[ACTIVE] [RED] LeadPredict dist=707.345 dV=58.6976 thr=0.679999 om=0.530823 lt=0
[ACTIVE] [RED] LeadPredict dist=348.037 dV=68.1633 thr=0.55 om=0.0889078 lt=0.665953
[JINK] sign=-1 next=390.132 dist=342.672 spd=285.617
[ACTIVE] [RED] LeadPredict dist=86.6281 dV=23.6128 thr=0.55 om=0.259504 lt=0.259385
[ACTIVE] [RED] LeadPredict dist=67.4321 dV=13.7356 thr=0.55 om=0.931263 lt=0.204683
[JINK] sign=-1 next=394.965 dist=63.4047 spd=315.712
[ACTIVE] [RED] LeadPredict dist=83.4077 dV=19.6516 thr=0.55 om=0.182583 lt=0.259954
[ACTIVE] [RED] LeadPredict dist=218.347 dV=12.398 thr=0.731224 om=0.36836 lt=0.722569
[JINK] sign=-1 next=394.965 dist=218.259 spd=289.784
runner:local/env:0	num_steps=[11999] | total rewards=[949.1952] | termination= [max time out]
[seed 12] reward=   949.20 ownHP=1.0000 tgtHP=0.0822 max time out
total: 2
[ACTIVE] [RED] LeadPredict dist=3627.09 dV=7.71661 thr=1 om=1.13795 lt=3
[ACTIVE] [RED] LeadPredict dist=2935.49 dV=7.40796 thr=1 om=0.879876 lt=3
[JINK] sign=-1 next=396.182 dist=2879.79 spd=321.834
[ACTIVE] [RED] LeadPredict dist=2713.94 dV=0 thr=1 om=0.131516 lt=3
[DUTY] team=1 ticks=23400 v27종말조준=25.6068% v21뱅크예측=91.7863% v17궤도조건=86.2137% v17슬롯적용=48.9658% 상승클램프=0% 강하클램프=15.0726% v23b조건=45.4316% v23b실제적용=23.3803%
[ACTIVE] [RED] LeadPredict dist=2872.37 dV=27.7283 thr=1 om=0.111556 lt=3
[JINK] sign=-1 next=400.915 dist=2890.65 spd=359.336
[ACTIVE] [RED] LeadPredict dist=2996.83 dV=64.9223 thr=1 om=0.792642 lt=3
[ACTIVE] [RED] ClimbOut Z=2358.04
[ACTIVE] [RED] LeadPredict dist=2382.53 dV=88.6895 thr=0.68 om=1.47917 lt=3
[JINK] sign=-1 next=400.915 dist=1318.41 spd=315.352
[ACTIVE] [RED] ClimbOut Z=2765.39
[ACTIVE] [RED] LeadPredict dist=2311.71 dV=70.787 thr=0.444671 om=0.272471 lt=3
[ACTIVE] [RED] LeadPredict dist=1715.4 dV=34.1074 thr=0.869949 om=1.72494 lt=3
[JINK] sign=1 next=402.632 dist=1624.87 spd=319.93
[ACTIVE] [RED] LeadPredict dist=1166.19 dV=23.5614 thr=0.947737 om=1.00205 lt=3
[ACTIVE] [RED] LeadPredict dist=951.55 dV=29.8889 thr=0.743985 om=1.56893 lt=2.97138
[JINK] sign=-1 next=405.448 dist=947.648 spd=289.578
[ACTIVE] [RED] LeadPredict dist=1214.11 dV=30.6092 thr=0.785744 om=0.697882 lt=3
[ACTIVE] [RED] LeadPredict dist=1341.5 dV=-3.90973 thr=1 om=0.223842 lt=3
[JINK] sign=-1 next=410.282 dist=1332.84 spd=314.066
[ACTIVE] [RED] LeadPredict dist=1233.92 dV=37.4512 thr=1 om=0.327689 lt=3
[DUTY] team=1 ticks=24000 v27종말조준=24.9667% v21뱅크예측=91.8542% v17궤도조건=85.7583% v17슬롯적용=49.4375% 상승클램프=0% 강하클램프=15.5833% v23b조건=45.5542% v23b실제적용=24.0542%
[ACTIVE] [RED] LeadPredict dist=907.216 dV=62.5045 thr=0.984 om=0.472222 lt=1.61445
[JINK] sign=-1 next=410.282 dist=883.623 spd=281.45
[ACTIVE] [RED] LeadPredict dist=511.61 dV=76.4972 thr=0.55 om=0.461339 lt=0.408784
[ACTIVE] [RED] LeadPredict dist=70.94 dV=55.9196 thr=0.55 om=0.598126 lt=0.208273
[JINK] sign=1 next=412.198 dist=58.8074 spd=287.315
[ACTIVE] [RED] LeadPredict dist=167.2 dV=-12.1408 thr=0.772189 om=0.187701 lt=0.533158
[ACTIVE] [RED] LeadPredict dist=164.728 dV=-8.02527 thr=0.92 om=0.313851 lt=0.514555
[JINK] sign=-1 next=414.315 dist=161.726 spd=327.801
[ACTIVE] [RED] LeadPredict dist=169.595 dV=13.8384 thr=0.728289 om=0.828044 lt=0.30628
[ACTIVE] [RED] LeadPredict dist=111.875 dV=2.4693 thr=0.670368 om=0.103899 lt=0.347951
[JINK] sign=1 next=415.632 dist=105.673 spd=319.724
[ACTIVE] [RED] LeadPredict dist=947.16 dV=29.0659 thr=0.732397 om=2.01963 lt=2.9327
[JINK] sign=-1 next=419.048 dist=904.175 spd=281.399
[ACTIVE] [RED] LeadPredict dist=860.818 dV=22.6353 thr=0.728376 om=0.841576 lt=2.83468
[ACTIVE] [RED] LeadPredict dist=917.34 dV=21.6579 thr=1 om=0.782837 lt=3
[DUTY] team=1 ticks=24600 v27종말조준=24.9837% v21뱅크예측=91.8496% v17궤도조건=86.0488% v17슬롯적용=49.3049% 상승클램프=0% 강하클램프=15.3821% v23b조건=45.8659% v23b실제적용=24.1951%
[JINK] sign=-1 next=419.048 dist=695.357 spd=262.004
[ACTIVE] [RED] LeadPredict dist=673.044 dV=54.8393 thr=0.55 om=0.135173 lt=0.0747502
[ACTIVE] [RED] LeadPredict dist=390.515 dV=29.5289 thr=0.553773 om=0.257379 lt=0.644012
[JINK] sign=1 next=420.765 dist=341.102 spd=327.647
[ACTIVE] [RED] LeadPredict dist=352.846 dV=-5.35016 thr=0.730429 om=0.328946 lt=1.09095
[ACTIVE] [RED] LeadPredict dist=314.069 dV=24.5902 thr=0.591192 om=0.378443 lt=0.442821
[JINK] sign=-1 next=423.582 dist=122.322 spd=307.841
[ACTIVE] [RED] LeadPredict dist=106.246 dV=42.9043 thr=0.55 om=0.590943 lt=0.142157
[ACTIVE] [RED] ClimbOut Z=2239.95
[ACTIVE] [RED] LeadPredict dist=259.872 dV=36.6796 thr=0.55 om=1.82569 lt=0.767713
[JINK] sign=1 next=424.698 dist=714.896 spd=283.971
[ACTIVE] [RED] LeadPredict dist=935.026 dV=42.8014 thr=0.74311 om=1.39802 lt=2.9179
[ACTIVE] [RED] LeadPredict dist=735.909 dV=23.7671 thr=0.714795 om=0.0889132 lt=2.53007
[JINK] sign=-1 next=428.415 dist=1043.76 spd=261.438
[ACTIVE] [RED] LeadPredict dist=944.115 dV=23.0984 thr=1 om=0.2058 lt=3
runner:local/env:0	num_steps=[11999] | total rewards=[777.9843] | termination= [max time out]
[seed 13] reward=   777.98 ownHP=1.0000 tgtHP=0.2023 max time out
total: 2
[ACTIVE] [RED] Pure Z=7003.22 VPZ=9064.89
[ACTIVE] [RED] Pure Z=7059.91 VPZ=8872.65
[ACTIVE] [RED] LeadPredict dist=4621.54 dV=15.0731 thr=1 om=0.886288 lt=3
[DUTY] team=1 ticks=25200 v27종말조준=25.3016% v21뱅크예측=91.8452% v17궤도조건=86.1429% v17슬롯적용=49.373% 상승클램프=0% 강하클램프=15.3056% v23b조건=45.5952% v23b실제적용=23.7778%
[ACTIVE] [RED] LeadPredict dist=1781.25 dV=33.7473 thr=0.806436 om=0.194256 lt=3
[JINK] sign=-1 next=430.298 dist=575.45 spd=296.06
[ACTIVE] [RED] LeadPredict dist=1720.22 dV=46.0938 thr=0.62439 om=0.369155 lt=3
[ACTIVE] [RED] LeadPredict dist=3543.25 dV=33.1299 thr=1 om=0.561327 lt=3
[JINK] sign=1 next=431.615 dist=3576.24 spd=352.803
[ACTIVE] [RED] LeadPredict dist=3116.44 dV=18.417 thr=1 om=1.4482 lt=3
[ACTIVE] [RED] LeadPredict dist=2027.4 dV=41.2067 thr=0.92 om=0.239001 lt=3
[ACTIVE] [RED] ClimbOut Z=2831.04
[JINK] sign=-1 next=435.032 dist=1689.56 spd=348.019
[ACTIVE] [RED] LeadPredict dist=1636.97 dV=65.0252 thr=1 om=0.817811 lt=3
[ACTIVE] [RED] LeadPredict dist=1122.54 dV=92.9079 thr=1 om=0.549335 lt=2.65394
[ACTIVE] [RED] LeadPredict dist=581.101 dV=91.2102 thr=0.430022 om=1.61233 lt=1.47445
[JINK] sign=1 next=436.748 dist=545.255 spd=299.404
[ACTIVE] [RED] LeadPredict dist=660.739 dV=62.2987 thr=0.55 om=1.74853 lt=1.93228
[ACTIVE] [RED] LeadPredict dist=506.2 dV=34.879 thr=0.581452 om=0.209908 lt=1.65849
[DUTY] team=1 ticks=25800 v27종말조준=24.7403% v21뱅크예측=91.8333% v17궤도조건=85.7403% v17슬롯적용=49.655% 상승클램프=0% 강하클램프=15.5% v23b조건=45.4806% v23b실제적용=23.7132%
[JINK] sign=-1 next=439.565 dist=517.826 spd=268.589
[ACTIVE] [RED] LeadPredict dist=334.413 dV=26.7509 thr=0.558989 om=0.118356 lt=1.16081
[ACTIVE] [RED] LeadPredict dist=224.393 dV=-2.31497 thr=0.90778 om=0.429958 lt=0.617472
[JINK] sign=1 next=440.682 dist=221.505 spd=292.768
[ACTIVE] [RED] LeadPredict dist=243.028 dV=1.18323 thr=0.865801 om=0.357236 lt=0.0213596
[ACTIVE] [RED] LeadPredict dist=136.956 dV=25.9278 thr=0.55 om=0.0664918 lt=0.426367
[JINK] sign=-1 next=444.398 dist=112.364 spd=294.157
[ACTIVE] [RED] LeadPredict dist=72.3418 dV=34.3131 thr=0.55 om=0.535465 lt=0.221732
[ACTIVE] [RED] LeadPredict dist=218.564 dV=30.3005 thr=0.55 om=1.0887 lt=0.681298
[JINK] sign=-1 next=444.398 dist=220.222 spd=290.504
[ACTIVE] [RED] LeadPredict dist=200.543 dV=-17.0794 thr=0.837561 om=1.12655 lt=0.672464
[ACTIVE] [RED] ClimbOut Z=2270.43
[JINK] sign=1 next=446.315 dist=174.671 spd=329.499
[ACTIVE] [RED] LeadPredict dist=209.791 dV=-23.0469 thr=0.95 om=0.529356 lt=0.688626
[ACTIVE] [RED] LeadPredict dist=274.872 dV=12.5523 thr=0.795288 om=1.02216 lt=0.638766
[JINK] sign=-1 next=448.432 dist=170.688 spd=296.78
[ACTIVE] [RED] LeadPredict dist=146.992 dV=30.0947 thr=0.55 om=1.11728 lt=0.233294
[DUTY] team=1 ticks=26400 v27종말조준=25.1742% v21뱅크예측=91.8523% v17궤도조건=86.0265% v17슬롯적용=48.7614% 상승클램프=0% 강하클램프=15.3182% v23b조건=45.4508% v23b실제적용=23.5341%
[ACTIVE] [RED] LeadPredict dist=114.957 dV=-12.6038 thr=0.851245 om=0.252628 lt=0.17105
[JINK] sign=-1 next=453.165 dist=174.06 spd=318.85
[ACTIVE] [RED] LeadPredict dist=181.696 dV=0.874542 thr=0.869505 om=0.348974 lt=0.354935
[ACTIVE] [RED] LeadPredict dist=121.195 dV=27.2139 thr=0.589668 om=0.374918 lt=0.370769
[JINK] sign=-1 next=453.165 dist=45.6237 spd=292.871
[ACTIVE] [RED] LeadPredict dist=83.8945 dV=17.2337 thr=0.55 om=0.435067 lt=0.271302
[ACTIVE] [RED] LeadPredict dist=407.552 dV=-0.102875 thr=0.787056 om=0.120845 lt=1.31424
[JINK] sign=1 next=454.882 dist=153.809 spd=324.457
[ACTIVE] [RED] LeadPredict dist=338.242 dV=-37.4512 thr=0.853741 om=0.597583 lt=1.14886
[ACTIVE] [RED] LeadPredict dist=461.298 dV=-0.308685 thr=1 om=0.473208 lt=0.342941
[JINK] sign=-1 next=457.698 dist=402.467 spd=310.67
[ACTIVE] [RED] LeadPredict dist=333.49 dV=25.5162 thr=0.573805 om=1.52359 lt=0.811212
[ACTIVE] [RED] LeadPredict dist=444.229 dV=23.8186 thr=0.714177 om=1.62418 lt=1.43418
[JINK] sign=1 next=458.815 dist=433.096 spd=305.886
[ACTIVE] [RED] LeadPredict dist=488.95 dV=-11.2148 thr=0.808483 om=0.291784 lt=1.60278
[DUTY] team=1 ticks=27000 v27종말조준=25.6222% v21뱅크예측=91.8852% v17궤도조건=86.2778% v17슬롯적용=48.5% 상승클램프=0% 강하클램프=15.1111% v23b조건=45.5148% v23b실제적용=23.5037%
[ACTIVE] [RED] LeadPredict dist=558.915 dV=10.2888 thr=0.890444 om=0.666424 lt=0.945837
[JINK] sign=-1 next=462.531 dist=469.643 spd=291.996
runner:local/env:0	num_steps=[11999] | total rewards=[1107.1003] | termination= [max time out]
[seed 14] reward=  1107.10 ownHP=1.0000 tgtHP=0.1075 max time out
Remove Space Complete.

[rehearsal own_rep=6 tgt_rep=6 seeds=15]
SUMMARY dealt=12.9172 taken=0.0000 mean_reward=936.92
tacview log saved (last episode)

########## dtfix_full vs AIP_kwon.dll ##########


     JSBSim Flight Dynamics Model v1.0.0 May 27 2026 16:13:38
            [JSBSim-ML v2.0]

JSBSim startup beginning ...

total: 2
Behavior Tree Initialized Successfully
Behavior Tree Initialized Successfully
[ACTIVE] [RED] LeadPredict dist=3828.29 dV=-8.12814 thr=1 om=0.0539637 lt=3
[ACTIVE] [RED] LeadPredict dist=2769.06 dV=-10.9576 thr=1 om=0.0381069 lt=3
[ACTIVE] [RED] LeadPredict dist=1898.42 dV=-34.2617 thr=0.601652 om=0.228271 lt=3
[ACTIVE] [RED] ClimbOut Z=2328.93
[ACTIVE] [RED] LeadPredict dist=2273.89 dV=-28.5 thr=0.72 om=0.298029 lt=3
[ACTIVE] [RED] LeadPredict dist=2045.8 dV=-37.194 thr=1 om=0.242484 lt=3
[ACTIVE] [RED] LeadPredict dist=1768.07 dV=-81.5902 thr=1 om=0.215583 lt=3
[ACTIVE] [RED] LeadPredict dist=1735.52 dV=-88.6895 thr=1 om=0.221228 lt=3
[ACTIVE] [RED] LeadPredict dist=962.21 dV=-17.4395 thr=1 om=0.0156829 lt=3
[ACTIVE] [RED] LeadPredict dist=2267.17 dV=2.52075 thr=1 om=0.224557 lt=3
[ACTIVE] [RED] LeadPredict dist=2019.86 dV=18.7256 thr=1 om=0.184328 lt=3
[DUTY] team=1 ticks=600 v27종말조준=0% v21뱅크예측=70.3333% v17궤도조건=60.5% v17슬롯적용=21.3333% 상승클램프=0% 강하클램프=18.6667% v23b조건=22.8333% v23b실제적용=22.8333%
[ACTIVE] [RED] LeadPredict dist=1308.3 dV=-6.89349 thr=1 om=0.130309 lt=3
[ACTIVE] [RED] LeadPredict dist=1258.31 dV=-34.0045 thr=1 om=0.00206131 lt=3
[ACTIVE] [RED] LeadPredict dist=1365.94 dV=-17.2337 thr=1 om=0.00325868 lt=3
[ACTIVE] [RED] LeadPredict dist=1427.32 dV=-8.95126 thr=1 om=0.000804218 lt=3
[ACTIVE] [RED] LeadPredict dist=1470.41 dV=-7.35651 thr=1 om=0.00534795 lt=3
[ACTIVE] [RED] LeadPredict dist=1511.71 dV=-6.99637 thr=1 om=3.26734e-05 lt=3
[ACTIVE] [RED] LeadPredict dist=1550.66 dV=-5.91608 thr=1 om=0.000497762 lt=3
[ACTIVE] [RED] LeadPredict dist=1581.46 dV=-4.57849 thr=1 om=0.00182652 lt=3
[ACTIVE] [RED] LeadPredict dist=1605.49 dV=-3.54965 thr=1 om=0.000788892 lt=3
[ACTIVE] [RED] LeadPredict dist=1623.23 dV=-2.46933 thr=1 om=0.000452992 lt=3
[DUTY] team=1 ticks=1200 v27종말조준=0% v21뱅크예측=40.5833% v17궤도조건=35.6667% v17슬롯적용=16.0833% 상승클램프=0% 강하클램프=9.33333% v23b조건=11.4167% v23b실제적용=11.4167%
[ACTIVE] [RED] LeadPredict dist=1635.47 dV=-1.69766 thr=1 om=4.61906e-05 lt=3
[ACTIVE] [RED] LeadPredict dist=1643.5 dV=-1.02887 thr=1 om=0.000146046 lt=3
[ACTIVE] [RED] LeadPredict dist=1648.14 dV=-0.41156 thr=1 om=0.00166589 lt=3
[ACTIVE] [RED] LeadPredict dist=1649.83 dV=-0.20578 thr=1 om=0.00112232 lt=3
[ACTIVE] [RED] LeadPredict dist=1648.9 dV=-0.360107 thr=1 om=0.000701343 lt=3
[ACTIVE] [RED] LeadPredict dist=1643.95 dV=1.74911 thr=1 om=0.0016793 lt=3
[ACTIVE] [RED] LeadPredict dist=1640.94 dV=0.154327 thr=1 om=0.000719442 lt=3
[ACTIVE] [RED] LeadPredict dist=1644.92 dV=-1.33755 thr=1 om=0.0144162 lt=3
[ACTIVE] [RED] LeadPredict dist=1607.04 dV=10.0316 thr=1 om=0.00437805 lt=3
[ACTIVE] [RED] LeadPredict dist=1558.71 dV=11.3177 thr=1 om=0.018058 lt=2.92688
[DUTY] team=1 ticks=1800 v27종말조준=0% v21뱅크예측=27.0556% v17궤도조건=23.7778% v17슬롯적용=10.7222% 상승클램프=0% 강하클램프=6.22222% v23b조건=7.61111% v23b실제적용=7.61111%
[ACTIVE] [RED] LeadPredict dist=1504.16 dV=9.00269 thr=1 om=0.00538134 lt=2.78704
[ACTIVE] [RED] LeadPredict dist=1441.28 dV=16.462 thr=1 om=0.0138437 lt=2.61055
init ID:1 Lat37.92355643001773 Lon128.18188127777776 Alt(meter)7000.0785355893395 Speed(m/sec)300.0
init ID:1 Lat37.96855377446113 Lon128.18188127777776 Alt(meter)7002.8272734023885 Speed(m/sec)300.0
runner:local/env:0	num_steps=[11999] | total rewards=[977.2251] | termination= [max time out]
[seed 0] reward=   977.23 ownHP=1.0000 tgtHP=1.0000 max time out
total: 2
[ACTIVE] [RED] LeadPredict dist=4726.43 dV=2.62366 thr=1 om=0.176811 lt=3
[ACTIVE] [RED] LeadPredict dist=2585.47 dV=-8.23102 thr=1 om=0.034837 lt=3
[ACTIVE] [RED] LeadPredict dist=1330.92 dV=-8.4368 thr=0.726494 om=0.17977 lt=3
[ACTIVE] [RED] LeadPredict dist=2940.52 dV=-8.02527 thr=1 om=0.198881 lt=3
[ACTIVE] [RED] LeadPredict dist=1429.56 dV=-3.4982 thr=1 om=0.214255 lt=3
[ACTIVE] [RED] ClimbOut Z=2145.63
[ACTIVE] [RED] LeadPredict dist=3153.44 dV=-22.7897 thr=0.865967 om=0.540304 lt=3
[ACTIVE] [RED] LeadPredict dist=6632.53 dV=26.9566 thr=1 om=0.234446 lt=3
[ACTIVE] [RED] LeadPredict dist=5490.84 dV=-7.04782 thr=1 om=0.0166487 lt=3
[DUTY] team=1 ticks=2400 v27종말조준=0% v21뱅크예측=36.0417% v17궤도조건=24.5833% v17슬롯적용=11.2917% 상승클램프=0% 강하클램프=6.58333% v23b조건=10.2917% v23b실제적용=10.2917%
[ACTIVE] [RED] LeadPredict dist=2295.7 dV=-56.074 thr=1 om=0.157145 lt=3
[ACTIVE] [RED] LeadPredict dist=1696.72 dV=10.5975 thr=0.724089 om=0.152925 lt=3
[ACTIVE] [RED] ClimbOut Z=2661.79
[ACTIVE] [RED] LeadPredict dist=4441.73 dV=75.1082 thr=1 om=0.136078 lt=3
[ACTIVE] [RED] LeadPredict dist=3311.78 dV=41.5153 thr=1 om=0.216943 lt=3
[ACTIVE] [RED] LeadPredict dist=1626.29 dV=16.102 thr=0.88 om=0.0304245 lt=3
[ACTIVE] [RED] LeadPredict dist=1419.83 dV=-20.6291 thr=1 om=0.00211892 lt=3
[ACTIVE] [RED] LeadPredict dist=1471.49 dV=-6.43051 thr=1 om=0.000968554 lt=3
[ACTIVE] [RED] LeadPredict dist=1502.26 dV=-6.99637 thr=1 om=0.00851202 lt=3
[ACTIVE] [RED] LeadPredict dist=1475.38 dV=9.41425 thr=1 om=0.0167114 lt=3
[ACTIVE] [RED] LeadPredict dist=1376.82 dV=9.31134 thr=1 om=0.147848 lt=3
[DUTY] team=1 ticks=3000 v27종말조준=0.233333% v21뱅크예측=35.9% v17궤도조건=24.1% v17슬롯적용=12.2333% 상승클램프=0% 강하클램프=6.26667% v23b조건=10.7% v23b실제적용=10.7%
[ACTIVE] [RED] LeadPredict dist=1332.89 dV=12.5009 thr=1 om=0.00549418 lt=3
[ACTIVE] [RED] LeadPredict dist=1299.69 dV=5.19583 thr=1 om=0.00303139 lt=2.84892
[ACTIVE] [RED] LeadPredict dist=1277.45 dV=-2.05777 thr=1 om=0.0365265 lt=2.7387
[ACTIVE] [RED] LeadPredict dist=1262.38 dV=-1.90344 thr=1 om=0.018774 lt=2.65715
[ACTIVE] [RED] LeadPredict dist=1250.54 dV=2.41788 thr=1 om=0.0101173 lt=2.57754
[ACTIVE] [RED] LeadPredict dist=1336.17 dV=-21.3493 thr=1 om=0.00499797 lt=2.91574
[ACTIVE] [RED] LeadPredict dist=1411.24 dV=0 thr=1 om=0.0474378 lt=3
[ACTIVE] [RED] LeadPredict dist=1422.79 dV=2.82941 thr=1 om=0.0215773 lt=3
[ACTIVE] [RED] LeadPredict dist=1387.93 dV=6.84207 thr=1 om=0.00694796 lt=3
[ACTIVE] [RED] LeadPredict dist=1332.92 dV=7.76804 thr=1 om=0.000789088 lt=2.81906
[DUTY] team=1 ticks=3600 v27종말조준=0.194444% v21뱅크예측=30.8889% v17궤도조건=21.0833% v17슬롯적용=11.1944% 상승클램프=0% 강하클램프=5.22222% v23b조건=8.91667% v23b실제적용=8.91667%
[ACTIVE] [RED] LeadPredict dist=1325.11 dV=-5.65884 thr=1 om=0.0184661 lt=2.7886
[ACTIVE] [RED] LeadPredict dist=1273.64 dV=16.102 thr=1 om=0.00164738 lt=2.5938
[ACTIVE] [RED] LeadPredict dist=1228.34 dV=-1.18323 thr=1 om=0.0261713 lt=2.56276
[ACTIVE] [RED] LeadPredict dist=1227.63 dV=-4.26984 thr=1 om=0.0243721 lt=2.56763
runner:local/env:0	num_steps=[11999] | total rewards=[967.6807] | termination= [max time out]
[seed 1] reward=   967.68 ownHP=1.0000 tgtHP=1.0000 max time out
total: 2
[ACTIVE] [RED] LeadPredict dist=4795.21 dV=-0.0514221 thr=1 om=0 lt=3
[ACTIVE] [RED] LeadPredict dist=2223.99 dV=2.62363 thr=0.772626 om=0.164664 lt=3
[ACTIVE] [RED] LeadPredict dist=2313.62 dV=0.41156 thr=0.71272 om=0.163142 lt=3
[ACTIVE] [RED] LeadPredict dist=2053.33 dV=-6.27618 thr=1 om=0.00302049 lt=3
[ACTIVE] [RED] LeadPredict dist=2024.58 dV=-10.7003 thr=1 om=0.000632822 lt=3
[ACTIVE] [RED] LeadPredict dist=2070.19 dV=-11.5749 thr=1 om=0.000320256 lt=3
[DUTY] team=1 ticks=4200 v27종말조준=0.166667% v21뱅크예측=30.9286% v17궤도조건=22% v17슬롯적용=13.5238% 상승클램프=0% 강하클램프=11.6667% v23b조건=9.59524% v23b실제적용=9.59524%
[ACTIVE] [RED] LeadPredict dist=2145.76 dV=-12.2951 thr=1 om=0.00160692 lt=3
[ACTIVE] [RED] LeadPredict dist=2257.51 dV=-33.8502 thr=0.268012 om=0.00370118 lt=3
[ACTIVE] [RED] LeadPredict dist=2488.97 dV=-48.9747 thr=1 om=0.00690911 lt=3
[ACTIVE] [RED] LeadPredict dist=2682.28 dV=-20.9892 thr=1 om=0.0759832 lt=3
[ACTIVE] [RED] LeadPredict dist=2737.23 dV=-10.9576 thr=1 om=0.00495526 lt=3
[ACTIVE] [RED] LeadPredict dist=2836.22 dV=-21.092 thr=1 om=0.0511206 lt=3
[ACTIVE] [RED] LeadPredict dist=2945.62 dV=-15.2789 thr=1 om=0.00771157 lt=3
[ACTIVE] [RED] LeadPredict dist=3053.26 dV=-8.23105 thr=1 om=0.00871497 lt=3
[ACTIVE] [RED] LeadPredict dist=3095.25 dV=6.68771 thr=1 om=0.1739 lt=3
[ACTIVE] [RED] LeadPredict dist=2967.48 dV=35.0848 thr=1 om=0.284496 lt=3
[DUTY] team=1 ticks=4800 v27종말조준=0.145833% v21뱅크예측=28.7292% v17궤도조건=19.5833% v17슬롯적용=12.1667% 상승클램프=0% 강하클램프=14.25% v23b조건=9.85417% v23b실제적용=9.85417%
[ACTIVE] [RED] LeadPredict dist=2712.56 dV=38.7373 thr=1 om=0.0161236 lt=3
[ACTIVE] [RED] LeadPredict dist=2494.83 dV=39.6633 thr=1 om=0.00233206 lt=3
[ACTIVE] [RED] LeadPredict dist=2287.3 dV=36.268 thr=1 om=0.0146048 lt=3
[ACTIVE] [RED] LeadPredict dist=2094.15 dV=27.7798 thr=1 om=0.0170527 lt=3
[ACTIVE] [RED] LeadPredict dist=1904.09 dV=34.1074 thr=1 om=0.00678642 lt=3
[ACTIVE] [RED] LeadPredict dist=1745.65 dV=19.8574 thr=1 om=0.023307 lt=3
[ACTIVE] [RED] LeadPredict dist=1652.44 dV=8.69403 thr=1 om=0.0390583 lt=3
[ACTIVE] [RED] LeadPredict dist=1558.88 dV=15.6904 thr=1 om=0.0206543 lt=3
[ACTIVE] [RED] LeadPredict dist=1473.74 dV=12.2437 thr=1 om=0.0115866 lt=2.96067
[ACTIVE] [RED] LeadPredict dist=1411.87 dV=12.8095 thr=1 om=0.0447521 lt=2.80736
[DUTY] team=1 ticks=5400 v27종말조준=0.12963% v21뱅크예측=27.4444% v17궤도조건=18.5926% v17슬롯적용=12% 상승클램프=0% 강하클램프=12.6667% v23b조건=8.75926% v23b실제적용=8.75926%
[ACTIVE] [RED] LeadPredict dist=1377.07 dV=7.81949 thr=1 om=0.0776683 lt=2.94223
[ACTIVE] [RED] LeadPredict dist=1299.22 dV=18.9828 thr=1 om=0.0182409 lt=2.73707
[ACTIVE] [RED] LeadPredict dist=1272.7 dV=4.6814 thr=1 om=0.0619906 lt=2.68179
[ACTIVE] [RED] LeadPredict dist=1246.69 dV=7.45938 thr=1 om=0.0250206 lt=2.56961
[ACTIVE] [RED] LeadPredict dist=1215.08 dV=4.78427 thr=1 om=0.0441114 lt=2.45958
[ACTIVE] [RED] LeadPredict dist=1202.18 dV=-13.4269 thr=1 om=0.028161 lt=2.51791
[ACTIVE] [RED] LeadPredict dist=1348.89 dV=-25.8763 thr=1 om=0.0229166 lt=3
[ACTIVE] [RED] LeadPredict dist=1507.06 dV=-19.8059 thr=1 om=0.00637963 lt=3
runner:local/env:0	num_steps=[11999] | total rewards=[806.3476] | termination= [max time out]
[seed 2] reward=   806.35 ownHP=1.0000 tgtHP=0.9960 max time out
total: 2
[ACTIVE] [RED] LeadPredict dist=3532.54 dV=4.01263 thr=1 om=0.169948 lt=3
[ACTIVE] [RED] LeadPredict dist=2477.51 dV=18.3655 thr=0.8 om=0.162597 lt=3
[DUTY] team=1 ticks=6000 v27종말조준=0.116667% v21뱅크예측=28.8% v17궤도조건=19.8833% v17슬롯적용=13.95% 상승클램프=0% 강하클램프=13.1% v23b조건=8.01667% v23b실제적용=8.01667%
[ACTIVE] [RED] LeadPredict dist=1812.33 dV=12.0379 thr=0.5682 om=0.00429409 lt=3
[ACTIVE] [RED] LeadPredict dist=1626.63 dV=-9.87726 thr=0.51223 om=0.0105779 lt=3
[ACTIVE] [RED] LeadPredict dist=1637.01 dV=-27.7283 thr=0.457789 om=0.0113159 lt=3
[ACTIVE] [RED] LeadPredict dist=1519.73 dV=0.102905 thr=1 om=0.122081 lt=3
[ACTIVE] [RED] LeadPredict dist=1528.53 dV=-5.9675 thr=1 om=0.151309 lt=3
[ACTIVE] [RED] LeadPredict dist=1462.52 dV=0.41153 thr=1 om=0.0209144 lt=3
[ACTIVE] [RED] LeadPredict dist=1442.81 dV=4.37274 thr=1 om=0.00550566 lt=3
[ACTIVE] [RED] LeadPredict dist=1456.13 dV=-3.39532 thr=1 om=0.0056499 lt=3
[ACTIVE] [RED] LeadPredict dist=1452.13 dV=2.10919 thr=1 om=0.00745835 lt=3
[ACTIVE] [RED] LeadPredict dist=1474.68 dV=-17.4395 thr=1 om=0.0437131 lt=3
[DUTY] team=1 ticks=6600 v27종말조준=0.106061% v21뱅크예측=27.7424% v17궤도조건=19.7727% v17슬롯적용=14.3788% 상승클램프=0% 강하클램프=16.3788% v23b조건=10.2879% v23b실제적용=10.2879%
[ACTIVE] [RED] LeadPredict dist=1599.75 dV=-27.7798 thr=1 om=0.0439478 lt=3
[ACTIVE] [RED] LeadPredict dist=1750.96 dV=-25.9278 thr=1 om=0.0525498 lt=3
[ACTIVE] [RED] LeadPredict dist=1855.73 dV=-12.5523 thr=1 om=0.024712 lt=3
[ACTIVE] [RED] LeadPredict dist=1829.54 dV=14.5587 thr=1 om=0.0366528 lt=3
[ACTIVE] [RED] LeadPredict dist=1645.74 dV=38.4286 thr=1 om=0.133569 lt=3
[ACTIVE] [RED] LeadPredict dist=1516.27 dV=2.62366 thr=1 om=0.131507 lt=3
[ACTIVE] [RED] LeadPredict dist=1610.98 dV=-28.6543 thr=1 om=0.011509 lt=3
[ACTIVE] [RED] LeadPredict dist=1894.56 dV=-49.3862 thr=1 om=0.00766531 lt=3
[ACTIVE] [RED] LeadPredict dist=2203.51 dV=-48.0487 thr=1 om=0.00760445 lt=3
[ACTIVE] [RED] LeadPredict dist=2500.15 dV=-44.9621 thr=1 om=0.00792589 lt=3
[DUTY] team=1 ticks=7200 v27종말조준=0.0972222% v21뱅크예측=27.2222% v17궤도조건=20.1111% v17슬롯적용=15.1667% 상승클램프=0% 강하클램프=15.0139% v23b조건=9.54167% v23b실제적용=9.54167%
[ACTIVE] [RED] LeadPredict dist=2749.21 dV=-38.7888 thr=1 om=0.0133008 lt=3
[ACTIVE] [RED] LeadPredict dist=2942.83 dV=-22.5839 thr=1 om=0.220951 lt=3
[ACTIVE] [RED] LeadPredict dist=2923.2 dV=17.6967 thr=1 om=0.124179 lt=3
[ACTIVE] [RED] LeadPredict dist=2844.59 dV=16.7708 thr=1 om=0.00743834 lt=3
[ACTIVE] [RED] LeadPredict dist=2810.32 dV=-5.71027 thr=1 om=0.021404 lt=3
[ACTIVE] [RED] LeadPredict dist=2865.35 dV=-7.61374 thr=1 om=0.00612276 lt=3
[ACTIVE] [RED] LeadPredict dist=2911.34 dV=-12.4495 thr=1 om=0.0184149 lt=3
[ACTIVE] [RED] LeadPredict dist=2979.59 dV=-11.4206 thr=1 om=0.0480537 lt=3
[ACTIVE] [RED] LeadPredict dist=3049.75 dV=-14.5587 thr=1 om=0.0500734 lt=3
[ACTIVE] [RED] LeadPredict dist=3078.41 dV=-13.1182 thr=1 om=0.0634844 lt=3
[DUTY] team=1 ticks=7800 v27종말조준=0.0897436% v21뱅크예측=26.1795% v17궤도조건=18.5641% v17슬롯적용=14% 상승클램프=0% 강하클램프=13.9487% v23b조건=8.80769% v23b실제적용=8.80769%
[ACTIVE] [RED] LeadPredict dist=3145.5 dV=-14.3529 thr=1 om=0.124383 lt=3
runner:local/env:0	num_steps=[11999] | total rewards=[624.2934] | termination= [max time out]
[seed 3] reward=   624.29 ownHP=1.0000 tgtHP=1.0000 max time out
total: 2
[ACTIVE] [RED] LeadPredict dist=3115.29 dV=8.89981 thr=1 om=0.150439 lt=3
[ACTIVE] [RED] LeadPredict dist=1519.09 dV=39.046 thr=1 om=0.193449 lt=3
[ACTIVE] [RED] LeadPredict dist=2230.03 dV=52.3186 thr=0.616738 om=0.174346 lt=3
[ACTIVE] [RED] LeadPredict dist=2370.84 dV=30.9693 thr=1 om=0.179349 lt=3
[ACTIVE] [RED] LeadPredict dist=1602.39 dV=-25.1561 thr=0.625046 om=0.240954 lt=3
[ACTIVE] [RED] ClimbOut Z=2442.36
[ACTIVE] [RED] LeadPredict dist=2558.84 dV=-10.3402 thr=0.78401 om=0.208114 lt=3
[ACTIVE] [RED] LeadPredict dist=2028.71 dV=1.49185 thr=1 om=0.238235 lt=3
[ACTIVE] [RED] LeadPredict dist=1658.32 dV=-35.342 thr=1 om=0.204983 lt=3
[ACTIVE] [RED] LeadPredict dist=1591.21 dV=-73.462 thr=1 om=0.266907 lt=3
[DUTY] team=1 ticks=8400 v27종말조준=0.0833333% v21뱅크예측=30.5357% v17궤도조건=21.5476% v17슬롯적용=14.0714% 상승클램프=0% 강하클램프=14.0119% v23b조건=10.5595% v23b실제적용=10.5595%
[ACTIVE] [RED] LeadPredict dist=968.446 dV=2.72653 thr=1 om=0.0440633 lt=3
[ACTIVE] [RED] LeadPredict dist=1348.4 dV=-12.6552 thr=1 om=0.360933 lt=3
[ACTIVE] [RED] LeadPredict dist=1129.87 dV=-18.6227 thr=1 om=0.00332204 lt=3
[ACTIVE] [RED] LeadPredict dist=1213.34 dV=-10.3403 thr=1 om=0.000784334 lt=3
[ACTIVE] [RED] LeadPredict dist=1239.05 dV=-1.69766 thr=1 om=0.000322335 lt=3
[ACTIVE] [RED] LeadPredict dist=1244.21 dV=-0.874542 thr=1 om=0.00352734 lt=3
[ACTIVE] [RED] LeadPredict dist=1245.09 dV=0.41153 thr=1 om=0.00453053 lt=3
[ACTIVE] [RED] LeadPredict dist=1239.9 dV=0.82309 thr=1 om=0.00081568 lt=3
[ACTIVE] [RED] LeadPredict dist=1234.72 dV=1.13177 thr=1 om=0.00377081 lt=3
[ACTIVE] [RED] LeadPredict dist=1227.2 dV=1.1832 thr=1 om=9.29896e-05 lt=2.85519
[DUTY] team=1 ticks=9000 v27종말조준=0.0777778% v21뱅크예측=29.8% v17궤도조건=21.4222% v17슬롯적용=14.4444% 상승클램프=0% 강하클램프=13.4333% v23b조건=9.85556% v23b실제적용=9.85556%
[ACTIVE] [RED] LeadPredict dist=1218.27 dV=1.13174 thr=1 om=0.00174743 lt=2.71921
[ACTIVE] [RED] LeadPredict dist=1212.96 dV=6.63629 thr=1 om=0.0135651 lt=2.58307
[ACTIVE] [RED] LeadPredict dist=1180.31 dV=4.83572 thr=1 om=0.0272206 lt=2.43305
[ACTIVE] [RED] LeadPredict dist=1111.18 dV=-3.34387 thr=1 om=0.0246382 lt=2.29224
[ACTIVE] [RED] LeadPredict dist=1081.99 dV=9.62003 thr=1 om=0.0132885 lt=2.19384
[ACTIVE] [RED] LeadPredict dist=1029.62 dV=-4.37274 thr=1 om=0.036084 lt=2.11456
[ACTIVE] [RED] LeadPredict dist=1094.65 dV=-0.874542 thr=1 om=0.00711471 lt=2.33163
[ACTIVE] [RED] LeadPredict dist=1107.29 dV=-3.44675 thr=1 om=0.0121523 lt=2.46555
[ACTIVE] [RED] LeadPredict dist=1186.13 dV=-17.954 thr=1 om=0.00340495 lt=2.90569
[ACTIVE] [RED] LeadPredict dist=1230.6 dV=0.154327 thr=1 om=0.00916808 lt=2.85727
[DUTY] team=1 ticks=9600 v27종말조준=0.0729167% v21뱅크예측=28.3542% v17궤도조건=20.5% v17슬롯적용=13.9583% 상승클램프=0% 강하클램프=12.5938% v23b조건=9.23958% v23b실제적용=9.23958%
[ACTIVE] [RED] LeadPredict dist=1191.97 dV=16.2563 thr=1 om=0.0247023 lt=2.6611
[ACTIVE] [RED] LeadPredict dist=1012.59 dV=37.8113 thr=1 om=0.0429933 lt=2.1752
[ACTIVE] [RED] LeadPredict dist=740.762 dV=44.7563 thr=0.703999 om=0.00430859 lt=0
runner:local/env:0	num_steps=[11739] | total rewards=[1324.2578] | termination= [target destroyed]
[seed 4] reward=  1324.26 ownHP=1.0000 tgtHP=-0.0003 target destroyed
total: 2
[ACTIVE] [RED] LeadPredict dist=2604.13 dV=10.3917 thr=1 om=0.216916 lt=3
[ACTIVE] [RED] LeadPredict dist=1714.97 dV=62.5559 thr=1 om=0.202734 lt=3
[ACTIVE] [RED] LeadPredict dist=2175.33 dV=92.2391 thr=0.536498 om=0.193635 lt=3
[ACTIVE] [RED] LeadPredict dist=2915.61 dV=51.0324 thr=1 om=0.162105 lt=3
[ACTIVE] [RED] LeadPredict dist=2379.07 dV=2.315 thr=1 om=0.204267 lt=3
[ACTIVE] [RED] LeadPredict dist=2075.87 dV=-22.944 thr=0.673802 om=0.224002 lt=3
[ACTIVE] [RED] ClimbOut Z=2509.52
[ACTIVE] [RED] LeadPredict dist=2427.55 dV=-2.31497 thr=0.967945 om=0.228151 lt=3
[DUTY] team=1 ticks=10200 v27종말조준=0.872549% v21뱅크예측=30.3039% v17궤도조건=21.8824% v17슬롯적용=13.2451% 상승클램프=0% 강하클램프=12.3039% v23b조건=10.3431% v23b실제적용=10.3431%
[ACTIVE] [RED] LeadPredict dist=1395.85 dV=-40.7437 thr=1 om=0.229189 lt=3
[ACTIVE] [RED] LeadPredict dist=1341.46 dV=-16.4106 thr=1 om=0.266191 lt=3
[ACTIVE] [RED] LeadPredict dist=960.199 dV=11.4206 thr=1 om=0.18827 lt=3
[ACTIVE] [RED] LeadPredict dist=2004.76 dV=76.4458 thr=1 om=0.219823 lt=3
[ACTIVE] [RED] LeadPredict dist=2631.7 dV=75.0054 thr=1 om=0.244248 lt=3
[ACTIVE] [RED] LeadPredict dist=2308.23 dV=-23.0469 thr=1 om=0.0423378 lt=3
[ACTIVE] [RED] LeadPredict dist=1622.57 dV=-88.8952 thr=1 om=0.206544 lt=3
[ACTIVE] [RED] ClimbOut Z=2601.91
[ACTIVE] [RED] LeadPredict dist=1901.33 dV=-5.9675 thr=0.863142 om=0.325231 lt=3
[ACTIVE] [RED] LeadPredict dist=1905 dV=-9.10559 thr=1 om=0.260383 lt=3
[ACTIVE] [RED] LeadPredict dist=1703.93 dV=-20.4232 thr=1 om=0.206331 lt=3
[DUTY] team=1 ticks=10800 v27종말조준=0.824074% v21뱅크예측=32.7222% v17궤도조건=25.1852% v17슬롯적용=14.6204% 상승클램프=0% 강하클램프=12.7315% v23b조건=10.2037% v23b실제적용=10.2037%
[ACTIVE] [RED] LeadPredict dist=1697.88 dV=-4.01263 thr=1 om=0.0305985 lt=3
[ACTIVE] [RED] LeadPredict dist=1712.14 dV=1.90341 thr=1 om=0.216007 lt=3
[ACTIVE] [RED] LeadPredict dist=1738.37 dV=-12.6552 thr=1 om=0.0215035 lt=3
[ACTIVE] [RED] LeadPredict dist=1851.68 dV=-24.5388 thr=1 om=0.00348196 lt=3
[ACTIVE] [RED] LeadPredict dist=2010.16 dV=-28.0884 thr=1 om=0.0229747 lt=3
[ACTIVE] [RED] LeadPredict dist=2164.35 dV=-25.4648 thr=1 om=0.0464068 lt=3
[ACTIVE] [RED] LeadPredict dist=2305.13 dV=-28.2942 thr=1 om=0.0566899 lt=3
[ACTIVE] [RED] LeadPredict dist=2457.56 dV=-25.259 thr=1 om=0.0611384 lt=3
[ACTIVE] [RED] LeadPredict dist=2604.22 dV=-26.2879 thr=1 om=0.0629205 lt=3
[ACTIVE] [RED] LeadPredict dist=2882.03 dV=-54.4792 thr=1 om=0.039718 lt=3
[DUTY] team=1 ticks=11400 v27종말조준=0.780702% v21뱅크예측=31.8947% v17궤도조건=24.7719% v17슬롯적용=14.7632% 상승클램프=0% 강하클램프=12.0614% v23b조건=9.69298% v23b실제적용=9.69298%
[ACTIVE] [RED] LeadPredict dist=3204.22 dV=-53.3989 thr=1 om=0.142963 lt=3
[ACTIVE] [RED] LeadPredict dist=3378.27 dV=-6.73917 thr=1 om=0.211396 lt=3
[ACTIVE] [RED] LeadPredict dist=3393.24 dV=-4.52707 thr=1 om=0.066972 lt=3
[ACTIVE] [RED] LeadPredict dist=3355.61 dV=13.4269 thr=1 om=0.0252801 lt=3
[ACTIVE] [RED] LeadPredict dist=3188.14 dV=38.8917 thr=1 om=0.0665012 lt=3
[ACTIVE] [RED] LeadPredict dist=2974.31 dV=39.7148 thr=1 om=0.0332168 lt=3
runner:local/env:0	num_steps=[11999] | total rewards=[230.6403] | termination= [max time out]
[seed 5] reward=   230.64 ownHP=1.0000 tgtHP=1.0000 max time out
total: 2
[ACTIVE] [RED] LeadPredict dist=2632.42 dV=-2.00632 thr=0.953938 om=0.172631 lt=3
[ACTIVE] [RED] LeadPredict dist=3812.51 dV=-2.36642 thr=1 om=0.191352 lt=3
[ACTIVE] [RED] LeadPredict dist=2834 dV=-23.2527 thr=1 om=0.00144653 lt=3
[ACTIVE] [RED] LeadPredict dist=2545.18 dV=-31.1751 thr=1 om=0.241071 lt=3
[DUTY] team=1 ticks=12000 v27종말조준=0.741667% v21뱅크예측=32.7083% v17궤도조건=23.8% v17슬롯적용=14.2917% 상승클램프=0% 강하클램프=13.4333% v23b조건=9.475% v23b실제적용=9.475%
[ACTIVE] [RED] LeadPredict dist=1189.2 dV=11.4206 thr=0.492989 om=0.274986 lt=3
[ACTIVE] [RED] LeadPredict dist=1390.55 dV=-15.5361 thr=0.921376 om=0.156145 lt=3
[ACTIVE] [RED] LeadPredict dist=1383.39 dV=4.6814 thr=1 om=0.00430451 lt=3
[ACTIVE] [RED] LeadPredict dist=1346.04 dV=11.6778 thr=1 om=0.197991 lt=3
[ACTIVE] [RED] LeadPredict dist=1215.47 dV=26.2879 thr=1 om=0.0138106 lt=3
[ACTIVE] [RED] LeadPredict dist=1138.83 dV=8.38538 thr=1 om=0.00153851 lt=2.90477
[ACTIVE] [RED] LeadPredict dist=1095.56 dV=4.73285 thr=1 om=0.0158394 lt=2.6947
[ACTIVE] [RED] LeadPredict dist=1007.59 dV=16.5135 thr=1 om=0.0840169 lt=2.35325
[ACTIVE] [RED] LeadPredict dist=920.304 dV=12.9124 thr=1 om=0.0902101 lt=2.07799
[ACTIVE] [RED] LeadPredict dist=897.645 dV=4.42419 thr=0.94691 om=0.0479885 lt=0.0708866
[DUTY] team=1 ticks=12600 v27종말조준=1.05556% v21뱅크예측=32.6746% v17궤도조건=24.5556% v17슬롯적용=15.5% 상승클램프=0% 강하클램프=13.2381% v23b조건=9.85714% v23b실제적용=9.85714%
[ACTIVE] [RED] LeadPredict dist=937.923 dV=-13.5298 thr=1 om=0.0474554 lt=2.1916
[ACTIVE] [RED] LeadPredict dist=1019.7 dV=-10.9061 thr=1 om=0.0255482 lt=2.44681
[ACTIVE] [RED] LeadPredict dist=1105.08 dV=-12.1922 thr=1 om=0.0279742 lt=2.69221
[ACTIVE] [RED] LeadPredict dist=1142.66 dV=-3.80685 thr=1 om=0.0177796 lt=2.67095
[ACTIVE] [RED] LeadPredict dist=1145.81 dV=-1.08032 thr=1 om=0.0366966 lt=2.57104
[ACTIVE] [RED] LeadPredict dist=1134.79 dV=4.99008 thr=1 om=0.101294 lt=2.45178
[ACTIVE] [RED] LeadPredict dist=1164.27 dV=-8.95126 thr=1 om=0.0453807 lt=2.55612
[ACTIVE] [RED] LeadPredict dist=1196.18 dV=0.82309 thr=1 om=0.0304874 lt=2.56278
[ACTIVE] [RED] LeadPredict dist=1260.44 dV=-11.6778 thr=1 om=0.0134245 lt=2.79726
[ACTIVE] [RED] LeadPredict dist=1322.07 dV=-4.26984 thr=1 om=0.0119504 lt=2.85865
[DUTY] team=1 ticks=13200 v27종말조준=1.30303% v21뱅크예측=32.2197% v17궤도조건=24.6364% v17슬롯적용=15.9924% 상승클램프=0% 강하클램프=12.6364% v23b조건=9.40909% v23b실제적용=9.40909%
[ACTIVE] [RED] LeadPredict dist=1347.85 dV=-2.5722 thr=1 om=0.0114535 lt=2.84077
[ACTIVE] [RED] LeadPredict dist=1365.48 dV=5.81317 thr=1 om=0.0288424 lt=2.79872
[ACTIVE] [RED] LeadPredict dist=1210.66 dV=41.9268 thr=0.95 om=0.28107 lt=2.53076
[ACTIVE] [RED] LeadPredict dist=1044.56 dV=20.6291 thr=1 om=0.140321 lt=2.37733
[ACTIVE] [RED] LeadPredict dist=960.836 dV=16.7708 thr=1 om=0.0799453 lt=2.24406
[ACTIVE] [RED] LeadPredict dist=905.755 dV=4.93863 thr=0.940736 om=0.00293245 lt=0.0658825
[ACTIVE] [RED] LeadPredict dist=849.329 dV=14.0442 thr=0.831469 om=0.0102462 lt=0
[ACTIVE] [RED] LeadPredict dist=726.79 dV=16.1534 thr=0.806159 om=0.0694388 lt=0
runner:local/env:0	num_steps=[11722] | total rewards=[1638.4800] | termination= [target destroyed]
[seed 6] reward=  1638.48 ownHP=1.0000 tgtHP=-0.0017 target destroyed
total: 2
[ACTIVE] [RED] LeadPredict dist=2091.14 dV=-2.46933 thr=0.813511 om=0.00354303 lt=3
[ACTIVE] [RED] LeadPredict dist=1070.15 dV=-5.24731 thr=0.78968 om=0.216419 lt=3
[DUTY] team=1 ticks=13800 v27종말조준=2.46377% v21뱅크예측=32.1522% v17궤도조건=25.0652% v17슬롯적용=16.7319% 상승클램프=0% 강하클램프=12.2391% v23b조건=9.66667% v23b실제적용=9.66667%
[ACTIVE] [RED] LeadPredict dist=3270.3 dV=-21.4007 thr=1 om=0.0344045 lt=3
[ACTIVE] [RED] LeadPredict dist=3383.99 dV=-62.2987 thr=1 om=0.112678 lt=3
[ACTIVE] [RED] LeadPredict dist=2244.77 dV=-32.7184 thr=0.56 om=0.268417 lt=3
[ACTIVE] [RED] LeadPredict dist=1741.17 dV=25.6706 thr=0.583068 om=0.0248561 lt=3
[ACTIVE] [RED] LeadPredict dist=1988.43 dV=4.62994 thr=0.840404 om=0.102146 lt=3
[ACTIVE] [RED] LeadPredict dist=1279.75 dV=-18.7256 thr=1 om=0.148966 lt=3
[ACTIVE] [RED] LeadPredict dist=1359.03 dV=-18.2112 thr=1 om=0.00558571 lt=3
[ACTIVE] [RED] LeadPredict dist=1454.11 dV=-7.09927 thr=1 om=0.00126091 lt=3
[ACTIVE] [RED] LeadPredict dist=1488.96 dV=-6.99637 thr=1 om=0.00425385 lt=3
[ACTIVE] [RED] LeadPredict dist=1524.7 dV=-5.86459 thr=1 om=0.00544332 lt=3
[DUTY] team=1 ticks=14400 v27종말조준=2.36111% v21뱅크예측=32.3611% v17궤도조건=25.3681% v17슬롯적용=17.1597% 상승클램프=0% 강하클램프=13.1597% v23b조건=10.4375% v23b실제적용=10.4375%
[ACTIVE] [RED] LeadPredict dist=1554.83 dV=-3.44675 thr=1 om=0.00361769 lt=3
[ACTIVE] [RED] LeadPredict dist=1574.2 dV=-3.44675 thr=1 om=0.00106416 lt=3
[ACTIVE] [RED] LeadPredict dist=1588.17 dV=-1.1832 thr=1 om=0.00511659 lt=3
[ACTIVE] [RED] LeadPredict dist=1594.87 dV=-1.33755 thr=1 om=0.00071282 lt=3
[ACTIVE] [RED] LeadPredict dist=1599.93 dV=0.154327 thr=1 om=0.00430995 lt=3
[ACTIVE] [RED] LeadPredict dist=1595.6 dV=0.82309 thr=1 om=0.00422287 lt=3
[ACTIVE] [RED] LeadPredict dist=1587.81 dV=1.74908 thr=1 om=0.00570287 lt=3
[ACTIVE] [RED] LeadPredict dist=1573.7 dV=2.98373 thr=1 om=0.00465564 lt=3
[ACTIVE] [RED] LeadPredict dist=1553.02 dV=3.80685 thr=1 om=0.00518658 lt=3
[ACTIVE] [RED] LeadPredict dist=1527.17 dV=4.88718 thr=1 om=0.00463189 lt=3
[DUTY] team=1 ticks=15000 v27종말조준=2.26667% v21뱅크예측=31.0667% v17궤도조건=24.3533% v17슬롯적용=16.4733% 상승클램프=0% 강하클램프=12.6333% v23b조건=10.02% v23b실제적용=10.02%
[ACTIVE] [RED] LeadPredict dist=1493.48 dV=5.9675 thr=1 om=0.00426897 lt=3
[ACTIVE] [RED] LeadPredict dist=1454.41 dV=6.89349 thr=1 om=0.006826 lt=3
[ACTIVE] [RED] LeadPredict dist=1410.6 dV=7.76804 thr=1 om=0.00666967 lt=3
[ACTIVE] [RED] LeadPredict dist=1361.22 dV=8.59116 thr=1 om=0.00650889 lt=3
[ACTIVE] [RED] LeadPredict dist=1307.17 dV=9.4657 thr=1 om=0.00036403 lt=3
[ACTIVE] [RED] LeadPredict dist=1247.92 dV=10.2374 thr=1 om=0.00049536 lt=3
[ACTIVE] [RED] LeadPredict dist=1184.79 dV=10.8547 thr=1 om=0.000323313 lt=2.94434
[ACTIVE] [RED] LeadPredict dist=1117.24 dV=11.7292 thr=1 om=0.000291861 lt=2.79577
[ACTIVE] [RED] LeadPredict dist=1043.93 dV=12.861 thr=1 om=0.000378963 lt=2.6402
[ACTIVE] [RED] LeadPredict dist=963.083 dV=13.8899 thr=1 om=0.000481236 lt=2.47272
[DUTY] team=1 ticks=15600 v27종말조준=2.17949% v21뱅크예측=29.8718% v17궤도조건=23.4167% v17슬롯적용=15.8397% 상승클램프=0% 강하클램프=12.1474% v23b조건=9.63462% v23b실제적용=9.63462%
[ACTIVE] [RED] LeadPredict dist=877.16 dV=14.3014 thr=0.828383 om=0.000597698 lt=0
runner:local/env:0	num_steps=[11999] | total rewards=[1390.2022] | termination= [max time out]
[seed 7] reward=  1390.20 ownHP=1.0000 tgtHP=0.1519 max time out
total: 2
[ACTIVE] [RED] LeadPredict dist=1490.2 dV=9.05414 thr=1 om=0.162376 lt=3
[ACTIVE] [RED] LeadPredict dist=1386.68 dV=43.3158 thr=0.684515 om=0.166855 lt=3
[ACTIVE] [RED] LeadPredict dist=1673.27 dV=32.6155 thr=1 om=0.16193 lt=3
[ACTIVE] [RED] LeadPredict dist=1843.5 dV=-10.7003 thr=0.654125 om=0.188501 lt=3
[ACTIVE] [RED] ClimbOut Z=3479.01
[ACTIVE] [RED] ClimbOut Z=2521.95
[ACTIVE] [RED] ClimbOut Z=2007.45
[ACTIVE] [RED] LeadPredict dist=2143.04 dV=-10.083 thr=0.529502 om=0.374951 lt=3
[ACTIVE] [RED] LeadPredict dist=2534.91 dV=1.80057 thr=1 om=0.227368 lt=3
[ACTIVE] [RED] LeadPredict dist=1943.94 dV=-3.44675 thr=0.792303 om=0.236137 lt=3
[ACTIVE] [RED] LeadPredict dist=1338.53 dV=-33.4386 thr=1 om=0.203126 lt=3
[ACTIVE] [RED] LeadPredict dist=2760.19 dV=-87.6606 thr=1 om=0.21435 lt=3
[DUTY] team=1 ticks=16200 v27종말조준=2.49383% v21뱅크예측=31.6914% v17궤도조건=25.0988% v17슬롯적용=15.858% 상승클램프=0% 강하클램프=12.0679% v23b조건=10.7654% v23b실제적용=10.7654%
[ACTIVE] [RED] LeadPredict dist=3813.5 dV=-107.209 thr=1 om=0.195204 lt=3
[ACTIVE] [RED] LeadPredict dist=3820.22 dV=-59.3149 thr=1 om=0.2353 lt=3
[ACTIVE] [RED] LeadPredict dist=3491 dV=-38.7373 thr=1 om=0.00410003 lt=3
[ACTIVE] [RED] LeadPredict dist=3338.78 dV=-19.3944 thr=1 om=0.000938814 lt=3
[ACTIVE] [RED] LeadPredict dist=3298.91 dV=-8.64261 thr=1 om=0.00251461 lt=3
[ACTIVE] [RED] LeadPredict dist=3284.1 dV=7.2536 thr=1 om=0.0238912 lt=3
[ACTIVE] [RED] LeadPredict dist=3214.91 dV=7.71658 thr=1 om=0.0829357 lt=3
[ACTIVE] [RED] LeadPredict dist=3159.84 dV=4.6814 thr=1 om=0.00974353 lt=3
[ACTIVE] [RED] LeadPredict dist=3109.61 dV=8.59116 thr=1 om=0.0186246 lt=3
[ACTIVE] [RED] LeadPredict dist=3063.31 dV=13.4783 thr=1 om=0.0194107 lt=3
[DUTY] team=1 ticks=16800 v27종말조준=2.40476% v21뱅크예측=31.3512% v17궤도조건=24.2024% v17슬롯적용=15.2917% 상승클램프=0% 강하클램프=12.869% v23b조건=10.381% v23b실제적용=10.381%
[ACTIVE] [RED] LeadPredict dist=2996.3 dV=9.05414 thr=1 om=0.00565287 lt=3
[ACTIVE] [RED] LeadPredict dist=2945.7 dV=-5.19583 thr=1 om=0.0316222 lt=3
[ACTIVE] [RED] LeadPredict dist=2962.42 dV=-2.82944 thr=1 om=0.0195648 lt=3
[ACTIVE] [RED] LeadPredict dist=2989.28 dV=0.514435 thr=1 om=0.0480608 lt=3
[ACTIVE] [RED] LeadPredict dist=3028.99 dV=-23.5099 thr=1 om=0.0152525 lt=3
[ACTIVE] [RED] LeadPredict dist=3302.19 dV=-69.0378 thr=1 om=0.0164011 lt=3
[ACTIVE] [RED] LeadPredict dist=3734.17 dV=-75.4684 thr=1 om=0.0466108 lt=3
[ACTIVE] [RED] LeadPredict dist=4139.52 dV=-53.8619 thr=1 om=0.0340537 lt=3
[ACTIVE] [RED] LeadPredict dist=4365.85 dV=-16.0505 thr=1 om=0.112716 lt=3
[ACTIVE] [RED] LeadPredict dist=4413.12 dV=-1.74911 thr=1 om=0.0972565 lt=3
[DUTY] team=1 ticks=17400 v27종말조준=2.32184% v21뱅크예측=31.1149% v17궤도조건=23.3678% v17슬롯적용=14.7644% 상승클램프=0% 강하클램프=12.4253% v23b조건=10.023% v23b실제적용=10.023%
[ACTIVE] [RED] LeadPredict dist=4366.86 dV=19.6002 thr=1 om=0.0524898 lt=3
[ACTIVE] [RED] LeadPredict dist=4252.96 dV=19.4973 thr=1 om=0.00308155 lt=3
[ACTIVE] [RED] LeadPredict dist=4106.67 dV=24.0758 thr=1 om=0.000516701 lt=3
runner:local/env:0	num_steps=[11999] | total rewards=[-116.6250] | termination= [max time out]
[seed 8] reward=  -116.63 ownHP=1.0000 tgtHP=1.0000 max time out
total: 2
[ACTIVE] [RED] LeadPredict dist=2585.93 dV=2.93228 thr=1 om=0.195352 lt=3
[ACTIVE] [RED] LeadPredict dist=1753.88 dV=11.3691 thr=0.747702 om=0.154077 lt=3
[ACTIVE] [RED] LeadPredict dist=3390.87 dV=30.4034 thr=1 om=0.156724 lt=3
[ACTIVE] [RED] LeadPredict dist=3563.4 dV=7.20215 thr=1 om=0.0270371 lt=3
[ACTIVE] [RED] LeadPredict dist=2173.47 dV=-0.154327 thr=1 om=0.180622 lt=3
[ACTIVE] [RED] ClimbOut Z=2645.93
[ACTIVE] [RED] LeadPredict dist=2236.27 dV=8.69403 thr=0.4849 om=0.593744 lt=3
[ACTIVE] [RED] LeadPredict dist=3265.71 dV=15.9991 thr=1 om=0.0334832 lt=3
[DUTY] team=1 ticks=18000 v27종말조준=2.24444% v21뱅크예측=31.3833% v17궤도조건=23.4444% v17슬롯적용=15.05% 상승클램프=0% 강하클램프=13.1889% v23b조건=10.4889% v23b실제적용=10.4889%
[ACTIVE] [RED] LeadPredict dist=2671.92 dV=22.8411 thr=1 om=0.209725 lt=3
[ACTIVE] [RED] LeadPredict dist=1968.29 dV=-24.0244 thr=0.664838 om=0.00705143 lt=3
[ACTIVE] [RED] LeadPredict dist=1970.4 dV=-35.805 thr=1 om=0.189728 lt=3
[ACTIVE] [RED] LeadPredict dist=2159.71 dV=-25.259 thr=1 om=0.0320089 lt=3
[ACTIVE] [RED] LeadPredict dist=2250.39 dV=-14.0957 thr=1 om=0.000651636 lt=3
[ACTIVE] [RED] LeadPredict dist=2334.98 dV=-6.58484 thr=1 om=0.00209657 lt=3
[ACTIVE] [RED] LeadPredict dist=2358.79 dV=3.65253 thr=1 om=0.005288 lt=3
[ACTIVE] [RED] LeadPredict dist=2373.87 dV=-1.2861 thr=1 om=0.00754179 lt=3
[ACTIVE] [RED] LeadPredict dist=2366.43 dV=3.34387 thr=1 om=0.0430506 lt=3
[ACTIVE] [RED] LeadPredict dist=2302.01 dV=15.2789 thr=1 om=0.0244371 lt=3
[DUTY] team=1 ticks=18600 v27종말조준=2.17204% v21뱅크예측=30.957% v17궤도조건=23.0269% v17슬롯적용=14.9032% 상승클램프=0% 강하클램프=12.7634% v23b조건=10.3817% v23b실제적용=10.3817%
[ACTIVE] [RED] LeadPredict dist=2208.57 dV=11.7807 thr=1 om=0.00252103 lt=3
[ACTIVE] [RED] LeadPredict dist=2113.5 dV=13.2211 thr=1 om=0.0873994 lt=3
[ACTIVE] [RED] LeadPredict dist=2033.69 dV=13.6327 thr=1 om=0.0204865 lt=3
[ACTIVE] [RED] LeadPredict dist=1958.98 dV=10.1345 thr=1 om=0.0444109 lt=3
[ACTIVE] [RED] LeadPredict dist=1915.49 dV=2.98376 thr=1 om=0.0511262 lt=3
[ACTIVE] [RED] LeadPredict dist=1797.42 dV=23.6642 thr=1 om=0.07149 lt=3
[ACTIVE] [RED] LeadPredict dist=1540.9 dV=25.8763 thr=0.96 om=0.297886 lt=3
[ACTIVE] [RED] LeadPredict dist=1466.9 dV=20.166 thr=0.68 om=0.0853235 lt=3
[ACTIVE] [RED] LeadPredict dist=1520.82 dV=-21.9666 thr=0.772326 om=0.249365 lt=3
[ACTIVE] [RED] LeadPredict dist=1596.65 dV=-13.5812 thr=1 om=0.0826783 lt=3
[DUTY] team=1 ticks=19200 v27종말조준=2.10417% v21뱅크예측=31.0208% v17궤도조건=23.6875% v17슬롯적용=15.8177% 상승클램프=0% 강하클램프=12.4271% v23b조건=10.3646% v23b실제적용=10.3646%
[ACTIVE] [RED] LeadPredict dist=1660.24 dV=-13.5812 thr=1 om=0.0433029 lt=3
[ACTIVE] [RED] LeadPredict dist=1722.49 dV=-12.7581 thr=1 om=0.0475073 lt=3
[ACTIVE] [RED] LeadPredict dist=1817.46 dV=-13.8899 thr=1 om=0.0362119 lt=3
[ACTIVE] [RED] LeadPredict dist=1901.91 dV=-17.7996 thr=1 om=0.0396861 lt=3
[ACTIVE] [RED] LeadPredict dist=2046.68 dV=-25.722 thr=1 om=0.236088 lt=3
[ACTIVE] [RED] LeadPredict dist=2073.7 dV=6.73917 thr=1 om=0.175548 lt=3
runner:local/env:0	num_steps=[11999] | total rewards=[695.9208] | termination= [max time out]
[seed 9] reward=   695.92 ownHP=1.0000 tgtHP=1.0000 max time out
total: 2
[ACTIVE] [RED] LeadPredict dist=883.653 dV=-2.77795 thr=0.823787 om=0.105565 lt=2.93123
[ACTIVE] [RED] LeadPredict dist=2451.84 dV=9.72293 thr=0.767597 om=0.170293 lt=3
[ACTIVE] [RED] LeadPredict dist=3786.59 dV=24.6931 thr=1 om=0.0397589 lt=3
[ACTIVE] [RED] LeadPredict dist=3294.27 dV=7.81949 thr=1 om=0.192913 lt=3
[DUTY] team=1 ticks=19800 v27종말조준=2.0404% v21뱅크예측=31.1465% v17궤도조건=23.7727% v17슬롯적용=15.9747% 상승클램프=0% 강하클램프=12.0707% v23b조건=10.4444% v23b실제적용=10.4444%
[ACTIVE] [RED] LeadPredict dist=2423.2 dV=2.21207 thr=0.72 om=0.0900291 lt=3
[ACTIVE] [RED] LeadPredict dist=2082.04 dV=-31.0722 thr=1 om=0.00244698 lt=3
[ACTIVE] [RED] LeadPredict dist=2337.42 dV=-54.7878 thr=0.418434 om=0.0078925 lt=3
[ACTIVE] [RED] LeadPredict dist=2384.72 dV=-41.8754 thr=0.403785 om=0.0174471 lt=3
[ACTIVE] [RED] LeadPredict dist=2457.14 dV=-35.0848 thr=1 om=0.00919805 lt=3
[ACTIVE] [RED] LeadPredict dist=2576.74 dV=-22.1724 thr=1 om=0.00370828 lt=3
[ACTIVE] [RED] LeadPredict dist=2702.73 dV=-16.565 thr=1 om=0.00204987 lt=3
[ACTIVE] [RED] LeadPredict dist=2825.83 dV=-18.8285 thr=1 om=0.00621108 lt=3
[ACTIVE] [RED] LeadPredict dist=2868.39 dV=2.82941 thr=1 om=0.0245558 lt=3
[ACTIVE] [RED] LeadPredict dist=2904.87 dV=-22.481 thr=1 om=0.0171992 lt=3
[DUTY] team=1 ticks=20400 v27종말조준=1.98039% v21뱅크예측=30.8873% v17궤도조건=23.4069% v17슬롯적용=15.8382% 상승클램프=0% 강하클램프=12.7255% v23b조건=10.6422% v23b실제적용=10.6422%
[ACTIVE] [RED] LeadPredict dist=3028.36 dV=-19.0857 thr=1 om=0.123796 lt=3
[ACTIVE] [RED] LeadPredict dist=3211.52 dV=-53.9133 thr=1 om=0.0503494 lt=3
[ACTIVE] [RED] LeadPredict dist=3576.03 dV=-60.9097 thr=1 om=0.0826843 lt=3
[ACTIVE] [RED] LeadPredict dist=3908.04 dV=-52.6272 thr=1 om=0.0204412 lt=3
[ACTIVE] [RED] LeadPredict dist=4176.02 dV=-36.7825 thr=1 om=0.0202731 lt=3
[ACTIVE] [RED] LeadPredict dist=4369.14 dV=-43.6759 thr=1 om=0.0375124 lt=3
[ACTIVE] [RED] LeadPredict dist=4527.44 dV=-32.8213 thr=1 om=0.0382357 lt=3
[ACTIVE] [RED] LeadPredict dist=4634.92 dV=-36.2166 thr=1 om=0.0103642 lt=3
[ACTIVE] [RED] LeadPredict dist=4748.72 dV=-17.7482 thr=1 om=0.0302388 lt=3
[ACTIVE] [RED] LeadPredict dist=4845 dV=-29.3745 thr=1 om=0.0742539 lt=3
[DUTY] team=1 ticks=21000 v27종말조준=1.92381% v21뱅크예측=31.3524% v17궤도조건=22.7381% v17슬롯적용=15.3857% 상승클램프=0% 강하클램프=12.3619% v23b조건=10.3381% v23b실제적용=10.3381%
[ACTIVE] [RED] LeadPredict dist=5047.39 dV=-35.5993 thr=1 om=0.064142 lt=3
[ACTIVE] [RED] LeadPredict dist=5290.69 dV=-59.3149 thr=1 om=0.074124 lt=3
[ACTIVE] [RED] LeadPredict dist=5693.37 dV=-77.2689 thr=1 om=0.0408031 lt=3
[ACTIVE] [RED] LeadPredict dist=6150.72 dV=-70.9927 thr=1 om=0.0103834 lt=3
[ACTIVE] [RED] LeadPredict dist=6511.71 dV=-41.6182 thr=1 om=0.0444017 lt=3
[ACTIVE] [RED] LeadPredict dist=6631.94 dV=-6.32761 thr=1 om=0.0719203 lt=3
[ACTIVE] [RED] LeadPredict dist=6613.61 dV=-1.0289 thr=1 om=0.0368314 lt=3
[ACTIVE] [RED] LeadPredict dist=6600.07 dV=7.30505 thr=1 om=0.076645 lt=3
[ACTIVE] [RED] LeadPredict dist=6660.11 dV=-27.6254 thr=1 om=0.0272802 lt=3
[ACTIVE] [RED] LeadPredict dist=6854.65 dV=-34.5189 thr=1 om=0.00690463 lt=3
[DUTY] team=1 ticks=21600 v27종말조준=1.87037% v21뱅크예측=31.5139% v17궤도조건=22.1065% v17슬롯적용=14.9583% 상승클램프=0% 강하클램프=12.0324% v23b조건=10.0509% v23b실제적용=10.0509%
runner:local/env:0	num_steps=[11999] | total rewards=[-13.0176] | termination= [max time out]
[seed 10] reward=   -13.02 ownHP=1.0000 tgtHP=1.0000 max time out
total: 2
[ACTIVE] [RED] LeadPredict dist=1982.94 dV=-5.19583 thr=1 om=0.147879 lt=3
[ACTIVE] [RED] LeadPredict dist=1555.96 dV=-5.40164 thr=0.754917 om=0.189827 lt=3
[ACTIVE] [RED] LeadPredict dist=1840.08 dV=-0.41153 thr=1 om=0.190352 lt=3
[ACTIVE] [RED] ClimbOut Z=2123.76
[ACTIVE] [RED] LeadPredict dist=1957.69 dV=-23.9729 thr=0.567107 om=0.571036 lt=3
[ACTIVE] [RED] LeadPredict dist=2354.33 dV=-2.16064 thr=0.680143 om=0.210585 lt=3
[ACTIVE] [RED] LeadPredict dist=1459.16 dV=-35.4964 thr=1 om=0.29994 lt=3
[ACTIVE] [RED] LeadPredict dist=1577.12 dV=-28.3456 thr=1 om=0.25863 lt=3
[ACTIVE] [RED] LeadPredict dist=2858.61 dV=10.9061 thr=1 om=0.0560933 lt=3
[ACTIVE] [RED] LeadPredict dist=3185.44 dV=4.26985 thr=1 om=0.021677 lt=3
[ACTIVE] [RED] LeadPredict dist=2951.66 dV=14.8673 thr=1 om=0.223789 lt=3
[DUTY] team=1 ticks=22200 v27종말조준=1.81982% v21뱅크예측=32.6351% v17궤도조건=23.3288% v17슬롯적용=14.7072% 상승클램프=0% 강하클램프=11.8514% v23b조건=10.8243% v23b실제적용=10.8243%
[ACTIVE] [RED] LeadPredict dist=2297.43 dV=-16.3078 thr=1 om=0.0069145 lt=3
[ACTIVE] [RED] LeadPredict dist=2052.23 dV=-28.5 thr=1 om=0.00365322 lt=3
[ACTIVE] [RED] LeadPredict dist=2088.18 dV=-26.9567 thr=1 om=0.000655069 lt=3
[ACTIVE] [RED] LeadPredict dist=2193.6 dV=-22.6353 thr=1 om=0.00156353 lt=3
[ACTIVE] [RED] LeadPredict dist=2304.09 dV=-19.0343 thr=1 om=0.00232338 lt=3
[ACTIVE] [RED] LeadPredict dist=2405.75 dV=-16.5649 thr=1 om=0.00147695 lt=3
[ACTIVE] [RED] LeadPredict dist=2503.42 dV=-14.8673 thr=1 om=0.00336529 lt=3
[ACTIVE] [RED] LeadPredict dist=2526.79 dV=-2.10922 thr=1 om=0.00385975 lt=3
[ACTIVE] [RED] LeadPredict dist=2517.22 dV=-0.462982 thr=1 om=0.0218839 lt=3
[ACTIVE] [RED] LeadPredict dist=2479.49 dV=3.24097 thr=1 om=0.0519316 lt=3
[DUTY] team=1 ticks=22800 v27종말조준=1.77193% v21뱅크예측=31.9518% v17궤도조건=22.7675% v17슬롯적용=14.3728% 상승클램프=0% 강하클램프=12.1447% v23b조건=10.5395% v23b실제적용=10.5395%
[ACTIVE] [RED] LeadPredict dist=2449.16 dV=-4.32129 thr=1 om=0.0340625 lt=3
[ACTIVE] [RED] LeadPredict dist=2526.19 dV=-23.1498 thr=1 om=0.013041 lt=3
[ACTIVE] [RED] LeadPredict dist=2646.14 dV=-16.7193 thr=1 om=0.0670548 lt=3
[ACTIVE] [RED] LeadPredict dist=2718.01 dV=-13.1697 thr=1 om=0.0919654 lt=3
[ACTIVE] [RED] LeadPredict dist=2819.39 dV=-27.3682 thr=1 om=0.0144721 lt=3
[ACTIVE] [RED] LeadPredict dist=2891.45 dV=12.6552 thr=1 om=0.109467 lt=3
[ACTIVE] [RED] LeadPredict dist=2811.14 dV=-0.463013 thr=1 om=0.00449605 lt=3
[ACTIVE] [RED] LeadPredict dist=2938.41 dV=-33.6958 thr=1 om=0.00906487 lt=3
[ACTIVE] [RED] LeadPredict dist=3183.66 dV=-36.6281 thr=1 om=0.0422022 lt=3
[ACTIVE] [RED] LeadPredict dist=3347.13 dV=-30.0433 thr=1 om=0.033007 lt=3
[DUTY] team=1 ticks=23400 v27종말조준=1.7265% v21뱅크예측=31.4402% v17궤도조건=22.2009% v17슬롯적용=14.0214% 상승클램프=0% 강하클램프=11.8376% v23b조건=10.2692% v23b실제적용=10.2692%
[ACTIVE] [RED] LeadPredict dist=3504.55 dV=-28.7057 thr=1 om=0.0488652 lt=3
[ACTIVE] [RED] LeadPredict dist=3642.51 dV=-18.9828 thr=1 om=0.0472116 lt=3
runner:local/env:0	num_steps=[11999] | total rewards=[148.1564] | termination= [max time out]
[seed 11] reward=   148.16 ownHP=1.0000 tgtHP=1.0000 max time out
total: 2
[ACTIVE] [RED] LeadPredict dist=3849.14 dV=1.59476 thr=1 om=0.177254 lt=3
[ACTIVE] [RED] LeadPredict dist=3463.34 dV=8.38538 thr=1 om=0.145313 lt=3
[ACTIVE] [RED] LeadPredict dist=1595.49 dV=-3.85828 thr=1 om=0.19326 lt=3
[ACTIVE] [RED] LeadPredict dist=2060.14 dV=-21.6065 thr=0.673146 om=0.20794 lt=3
[ACTIVE] [RED] ClimbOut Z=3215.15
[ACTIVE] [RED] ClimbOut Z=2251.16
[ACTIVE] [RED] LeadPredict dist=1801.34 dV=-19.2915 thr=0.689763 om=0.279004 lt=3
[ACTIVE] [RED] Evade Z=3612.44
[ACTIVE] [RED] Evade Z=4797.91
[ACTIVE] [RED] Evade Z=4976.89
[ACTIVE] [RED] Evade Z=4602.6
[ACTIVE] [RED] Evade Z=3842.24
[ACTIVE] [RED] ClimbOut Z=3318.94
[ACTIVE] [RED] ClimbOut Z=2418.45
[ACTIVE] [RED] LeadPredict dist=1461.4 dV=16.8222 thr=0.6 om=0 lt=3
[ACTIVE] [RED] LeadPredict dist=1184.27 dV=12.5009 thr=0.682548 om=0.220263 lt=3
[ACTIVE] [RED] LeadPredict dist=798.076 dV=-19.343 thr=1 om=0.0227195 lt=2.89269
[DUTY] team=1 ticks=24000 v27종말조준=1.68333% v21뱅크예측=32.2667% v17궤도조건=22.8375% v17슬롯적용=13.8333% 상승클램프=0% 강하클램프=11.6% v23b조건=10.8458% v23b실제적용=10.8458%
[ACTIVE] [RED] LeadPredict dist=363.885 dV=-8.59116 thr=0.983094 om=0.0416123 lt=1.50819
[ACTIVE] [RED] LeadPredict dist=306.883 dV=11.8836 thr=0.737397 om=0.0996304 lt=1.32124
[ACTIVE] [RED] LeadPredict dist=204.218 dV=0.20578 thr=0.880668 om=0.029595 lt=0.104699
[ACTIVE] [RED] LeadPredict dist=127.744 dV=21.1435 thr=0.604332 om=0.326941 lt=0.557512
[ACTIVE] [RED] LeadPredict dist=90.9573 dV=1.95486 thr=0.676542 om=0.22809 lt=0.39387
[ACTIVE] [RED] LeadPredict dist=139.932 dV=7.66516 thr=0.608018 om=0.0239845 lt=0.539379
[ACTIVE] [RED] LeadPredict dist=111.655 dV=2.52078 thr=0.669751 om=0.0277683 lt=0.389384
[ACTIVE] [RED] LeadPredict dist=116.233 dV=2.88086 thr=0.66543 om=0.0381525 lt=0.373086
[ACTIVE] [RED] LeadPredict dist=263.212 dV=4.62997 thr=0.71097 om=0.0195998 lt=0.802459
[ACTIVE] [RED] ClimbOut Z=2355.4
[ACTIVE] [RED] LeadPredict dist=177.754 dV=20.1661 thr=0.638007 om=0.239754 lt=0.52987
[DUTY] team=1 ticks=24600 v27종말조준=1.9065% v21뱅크예측=32.4512% v17궤도조건=23.2764% v17슬롯적용=13.5407% 상승클램프=0% 강하클램프=12.4146% v23b조건=11.2561% v23b실제적용=10.8699%
[ACTIVE] [RED] LeadPredict dist=396.181 dV=3.18954 thr=0.841725 om=0.0791879 lt=1.35014
[ACTIVE] [RED] LeadPredict dist=768.727 dV=-11.8321 thr=1 om=0.0178113 lt=2.914
[ACTIVE] [RED] LeadPredict dist=778.399 dV=25.7734 thr=0.690719 om=0.0666704 lt=2.68328
[ACTIVE] [RED] LeadPredict dist=764.259 dV=11.3177 thr=0.864188 om=0.246768 lt=2.87742
[ACTIVE] [RED] LeadPredict dist=970.576 dV=-5.0415 thr=1 om=0.00274224 lt=3
[ACTIVE] [RED] LeadPredict dist=995.232 dV=0.41153 thr=1 om=0.000539452 lt=3
[ACTIVE] [RED] LeadPredict dist=961.821 dV=7.04782 thr=1 om=0.00129542 lt=2.89643
[ACTIVE] [RED] LeadPredict dist=933.051 dV=10.0316 thr=1 om=0.00210069 lt=2.59363
runner:local/env:0	num_steps=[11053] | total rewards=[503.5470] | termination= [target destroyed]
[seed 12] reward=   503.55 ownHP=0.9936 tgtHP=-0.0004 target destroyed
total: 2
[ACTIVE] [RED] LeadPredict dist=3861.67 dV=5.29874 thr=1 om=0.155082 lt=3
[ACTIVE] [RED] LeadPredict dist=2110 dV=11.8321 thr=0.739831 om=0.144178 lt=3
[DUTY] team=1 ticks=25200 v27종말조준=1.92857% v21뱅크예측=32.6905% v17궤도조건=23.4643% v17슬롯적용=13.75% 상승클램프=0% 강하클램프=12.4603% v23b조건=11.3254% v23b실제적용=10.754%
[ACTIVE] [RED] LeadPredict dist=1618.87 dV=-5.14441 thr=0.705505 om=0.0282463 lt=3
[ACTIVE] [RED] LeadPredict dist=2580.69 dV=-27.111 thr=1 om=0.279077 lt=3
[ACTIVE] [RED] LeadPredict dist=2285.26 dV=-7.5108 thr=1 om=0.181749 lt=3
[ACTIVE] [RED] LeadPredict dist=2010.41 dV=8.07672 thr=1 om=0.0065565 lt=3
[ACTIVE] [RED] LeadPredict dist=1909.83 dV=8.1796 thr=1 om=0.000187833 lt=3
[ACTIVE] [RED] LeadPredict dist=1840.46 dV=10.3402 thr=1 om=0.000492433 lt=3
[ACTIVE] [RED] LeadPredict dist=1771.16 dV=11.2662 thr=1 om=0.00290828 lt=3
[ACTIVE] [RED] LeadPredict dist=1694.81 dV=13.8899 thr=1 om=0.000123657 lt=3
[ACTIVE] [RED] LeadPredict dist=1607.65 dV=15.176 thr=1 om=0.00367646 lt=3
[ACTIVE] [RED] LeadPredict dist=1510.84 dV=17.0794 thr=1 om=0.00624473 lt=3
[DUTY] team=1 ticks=25800 v27종말조준=1.88372% v21뱅크예측=32.2984% v17궤도조건=23.3256% v17슬롯적용=13.8372% 상승클램프=0% 강하클램프=12.2636% v23b조건=11.5039% v23b실제적용=10.9457%
[ACTIVE] [RED] LeadPredict dist=1400.99 dV=19.0857 thr=1 om=0.00161618 lt=3
[ACTIVE] [RED] LeadPredict dist=1280.11 dV=21.4007 thr=1 om=0.00109515 lt=3
[ACTIVE] [RED] LeadPredict dist=1141.78 dV=23.9215 thr=1 om=0.00211266 lt=3
[ACTIVE] [RED] LeadPredict dist=985.311 dV=26.5451 thr=1 om=0.00192083 lt=3
[ACTIVE] [RED] LeadPredict dist=813.227 dV=28.3456 thr=0.719999 om=0.00848699 lt=0
runner:local/env:0	num_steps=[6188] | total rewards=[731.7901] | termination= [target destroyed]
[seed 13] reward=   731.79 ownHP=1.0000 tgtHP=-0.0037 target destroyed
total: 2
[ACTIVE] [RED] LeadPredict dist=5366.42 dV=6.84204 thr=1 om=0.148208 lt=3
[ACTIVE] [RED] LeadPredict dist=3326.84 dV=42.5956 thr=1 om=0.0780164 lt=3
[ACTIVE] [RED] LeadPredict dist=939.008 dV=52.2671 thr=0.747483 om=0.0270115 lt=2.93977
[ACTIVE] [RED] LeadPredict dist=2667.47 dV=35.5478 thr=1 om=0.190847 lt=3
[ACTIVE] [RED] LeadPredict dist=3909.62 dV=-26.8538 thr=1 om=0.0780549 lt=3
[DUTY] team=1 ticks=26400 v27종말조준=2.11742% v21뱅크예측=32.2197% v17궤도조건=22.9508% v17슬롯적용=13.5303% 상승클램프=0% 강하클램프=12.4015% v23b조건=11.6136% v23b실제적용=11.0682%
[ACTIVE] [RED] LeadPredict dist=4077.9 dV=-117.858 thr=1 om=0.0141579 lt=3
[ACTIVE] [RED] LeadPredict dist=4410.72 dV=-141.78 thr=1 om=0.144205 lt=3
[ACTIVE] [RED] LeadPredict dist=4930.72 dV=-139.516 thr=1 om=0.011318 lt=3
[ACTIVE] [RED] LeadPredict dist=5646.18 dV=-138.539 thr=1 om=0.0146925 lt=3
[ACTIVE] [RED] LeadPredict dist=6501.66 dV=-138.076 thr=1 om=0.020795 lt=3
[ACTIVE] [RED] LeadPredict dist=7382.37 dV=-135.606 thr=1 om=0.0096335 lt=3
[ACTIVE] [RED] LeadPredict dist=8153.5 dV=-112.714 thr=1 om=0.0745054 lt=3
[ACTIVE] [RED] LeadPredict dist=7960.7 dV=-38.0171 thr=1 om=0.298585 lt=3
[ACTIVE] [RED] LeadPredict dist=6908.69 dV=11.8321 thr=1 om=0.0070311 lt=3
[ACTIVE] [RED] LeadPredict dist=6126.87 dV=18.3141 thr=1 om=0.00230675 lt=3
[DUTY] team=1 ticks=27000 v27종말조준=2.07037% v21뱅크예측=32% v17궤도조건=22.4407% v17슬롯적용=13.2296% 상승클램프=0% 강하클램프=14.3481% v23b조건=11.3556% v23b실제적용=10.8222%
[ACTIVE] [RED] LeadPredict dist=5646.15 dV=25.3619 thr=1 om=0.0278409 lt=3
[ACTIVE] [RED] LeadPredict dist=5002.07 dV=65.5911 thr=1 om=0.0225975 lt=3
[ACTIVE] [RED] LeadPredict dist=4371.24 dV=77.5775 thr=1 om=0.0256872 lt=3
[ACTIVE] [RED] LeadPredict dist=3747.24 dV=78.1949 thr=1 om=0.0143398 lt=3
[ACTIVE] [RED] LeadPredict dist=2993.19 dV=85.4999 thr=1 om=0.0183294 lt=3
[ACTIVE] [RED] LeadPredict dist=2217.37 dV=80.407 thr=0.15 om=0.0783206 lt=3
[ACTIVE] [RED] LeadPredict dist=1695.06 dV=12.4495 thr=0.96 om=0.0370369 lt=3
[ACTIVE] [RED] LeadPredict dist=1739.21 dV=-31.9467 thr=1 om=0.0822173 lt=3
[ACTIVE] [RED] LeadPredict dist=2007.01 dV=-57.36 thr=1 om=0.0252933 lt=3
[ACTIVE] [RED] LeadPredict dist=2367.46 dV=-61.7842 thr=1 om=0.0426993 lt=3
[DUTY] team=1 ticks=27600 v27종말조준=2.02536% v21뱅크예측=31.6884% v17궤도조건=22.1667% v17슬롯적용=13.1558% 상승클램프=0% 강하클램프=15.4746% v23b조건=11.2572% v23b실제적용=10.7355%
[ACTIVE] [RED] LeadPredict dist=2645.32 dV=-43.1101 thr=1 om=0.012199 lt=3
[ACTIVE] [RED] LeadPredict dist=2943.44 dV=-66.4656 thr=1 om=0.0910739 lt=3
[ACTIVE] [RED] LeadPredict dist=3358.14 dV=-68.2662 thr=1 om=0.0483849 lt=3
[ACTIVE] [RED] LeadPredict dist=3747.5 dV=-61.7842 thr=1 om=0.0543283 lt=3
[ACTIVE] [RED] LeadPredict dist=4004.87 dV=-21.6065 thr=1 om=0.198453 lt=3
[ACTIVE] [RED] LeadPredict dist=3987.46 dV=16.9765 thr=1 om=0.072399 lt=3
[ACTIVE] [RED] LeadPredict dist=3889.62 dV=16.9765 thr=1 om=0.0230555 lt=3
[ACTIVE] [RED] LeadPredict dist=3791.2 dV=17.9025 thr=1 om=0.0173628 lt=3
runner:local/env:0	num_steps=[11999] | total rewards=[35.8057] | termination= [max time out]
[seed 14] reward=    35.81 ownHP=1.0000 tgtHP=1.0000 max time out
Remove Space Complete.

[rehearsal own_rep=6 tgt_rep=6 seeds=15]
SUMMARY dealt=4.8582 taken=0.0064 mean_reward=662.98
tacview log saved (last episode)

########## dtfix_full vs AIP_junghwan.dll ##########


     JSBSim Flight Dynamics Model v1.0.0 May 27 2026 16:13:38
            [JSBSim-ML v2.0]

JSBSim startup beginning ...

total: 2
Behavior Tree Initialized Successfully
Behavior Tree Initialized Successfully
[WOBBLE_FIRE] team=2 losTgt=168.67
[WOBBLE_FIRE] team=2 losTgt=168.64
[WOBBLE_FIRE] team=2 losTgt=168.53
[WOBBLE_FIRE] team=2 losTgt=168.47
[WOBBLE_FIRE] team=2 losTgt=168.44
[WOBBLE_FIRE] team=2 losTgt=168.43
[WOBBLE_FIRE] team=2 losTgt=168.45
[WOBBLE_FIRE] team=2 losTgt=168.38
[WOBBLE_FIRE] team=2 losTgt=167.90
[WOBBLE_FIRE] team=2 losTgt=166.70
[WOBBLE_FIRE] team=2 losTgt=164.68
[WOBBLE_FIRE] team=2 losTgt=162.44
[WOBBLE_FIRE] team=2 losTgt=160.68
[WOBBLE_FIRE] team=2 losTgt=159.47
[WOBBLE_FIRE] team=2 losTgt=158.48
[WOBBLE_FIRE] team=2 losTgt=157.41
[WOBBLE_FIRE] team=2 losTgt=156.38
[WOBBLE_FIRE] team=2 losTgt=155.42
[WOBBLE_FIRE] team=2 losTgt=154.51
[WOBBLE_FIRE] team=2 losTgt=153.63
[WOBBLE_FIRE] team=2 losTgt=152.80
[WOBBLE_FIRE] team=2 losTgt=152.02
[WOBBLE_FIRE] team=2 losTgt=151.27
[WOBBLE_FIRE] team=2 losTgt=150.55
[WOBBLE_FIRE] team=2 losTgt=149.85
[WOBBLE_FIRE] team=2 losTgt=149.15
[WOBBLE_FIRE] team=2 losTgt=148.44
[WOBBLE_FIRE] team=2 losTgt=147.73
[WOBBLE_FIRE] team=2 losTgt=147.02
[WOBBLE_FIRE] team=2 losTgt=146.31
[WOBBLE_FIRE] team=2 losTgt=145.59
[WOBBLE_FIRE] team=2 losTgt=144.87
[WOBBLE_FIRE] team=2 losTgt=144.14
[WOBBLE_FIRE] team=2 losTgt=143.42
[WOBBLE_FIRE] team=2 losTgt=142.69
[WOBBLE_FIRE] team=2 losTgt=141.95
[WOBBLE_FIRE] team=2 losTgt=141.21
[WOBBLE_FIRE] team=2 losTgt=140.46
[WOBBLE_FIRE] team=2 losTgt=139.70
[WOBBLE_FIRE] team=2 losTgt=138.95
[WOBBLE_FIRE] team=2 losTgt=138.21
[WOBBLE_FIRE] team=2 losTgt=137.47
[WOBBLE_FIRE] team=2 losTgt=136.73
[WOBBLE_FIRE] team=2 losTgt=135.99
[WOBBLE_FIRE] team=2 losTgt=135.26
[WOBBLE_FIRE] team=2 losTgt=134.53
[WOBBLE_FIRE] team=2 losTgt=133.80
[WOBBLE_FIRE] team=2 losTgt=133.08
[WOBBLE_FIRE] team=2 losTgt=132.36
[WOBBLE_FIRE] team=2 losTgt=131.64
[WOBBLE_FIRE] team=2 losTgt=130.93
[WOBBLE_FIRE] team=2 losTgt=130.21
[WOBBLE_FIRE] team=2 losTgt=129.51
[WOBBLE_FIRE] team=2 losTgt=128.80
[WOBBLE_FIRE] team=2 losTgt=128.10
[WOBBLE_FIRE] team=2 losTgt=127.38
[WOBBLE_FIRE] team=2 losTgt=126.66
[WOBBLE_FIRE] team=2 losTgt=125.92
[WOBBLE_FIRE] team=2 losTgt=125.18
[ACTIVE] [RED] LeadPredict dist=3869.69 dV=-3.80685 thr=1 om=0.0999844 lt=3
[WOBBLE_FIRE] team=2 losTgt=124.44
[WOBBLE_FIRE] team=2 losTgt=123.69
[WOBBLE_FIRE] team=2 losTgt=122.95
[WOBBLE_FIRE] team=2 losTgt=122.20
[WOBBLE_FIRE] team=2 losTgt=121.45
[WOBBLE_FIRE] team=2 losTgt=120.70
[WOBBLE_FIRE] team=2 losTgt=119.95
[WOBBLE_FIRE] team=2 losTgt=119.20
[WOBBLE_FIRE] team=2 losTgt=118.44
[WOBBLE_FIRE] team=2 losTgt=117.69
[WOBBLE_FIRE] team=2 losTgt=116.93
[WOBBLE_FIRE] team=2 losTgt=116.17
[WOBBLE_FIRE] team=2 losTgt=115.41
[WOBBLE_FIRE] team=2 losTgt=114.65
[WOBBLE_FIRE] team=2 losTgt=113.89
[WOBBLE_FIRE] team=2 losTgt=113.12
[WOBBLE_FIRE] team=2 losTgt=112.35
[WOBBLE_FIRE] team=2 losTgt=111.59
[WOBBLE_FIRE] team=2 losTgt=110.82
[WOBBLE_FIRE] team=2 losTgt=110.04
[WOBBLE_FIRE] team=2 losTgt=109.27
[WOBBLE_FIRE] team=2 losTgt=108.50
[WOBBLE_FIRE] team=2 losTgt=107.72
[WOBBLE_FIRE] team=2 losTgt=106.94
[WOBBLE_FIRE] team=2 losTgt=106.16
[WOBBLE_FIRE] team=2 losTgt=105.38
[WOBBLE_FIRE] team=2 losTgt=104.60
[WOBBLE_FIRE] team=2 losTgt=103.81
[WOBBLE_FIRE] team=2 losTgt=103.02
[WOBBLE_FIRE] team=2 losTgt=102.23
[WOBBLE_FIRE] team=2 losTgt=101.44
[WOBBLE_FIRE] team=2 losTgt=100.65
[WOBBLE_FIRE] team=2 losTgt=99.85
[WOBBLE_FIRE] team=2 losTgt=99.05
[WOBBLE_FIRE] team=2 losTgt=98.25
[WOBBLE_FIRE] team=2 losTgt=97.45
[WOBBLE_FIRE] team=2 losTgt=96.65
[WOBBLE_FIRE] team=2 losTgt=95.84
[WOBBLE_FIRE] team=2 losTgt=95.03
[WOBBLE_FIRE] team=2 losTgt=94.22
[WOBBLE_FIRE] team=2 losTgt=93.40
[WOBBLE_FIRE] team=2 losTgt=92.58
[WOBBLE_FIRE] team=2 losTgt=91.76
[WOBBLE_FIRE] team=2 losTgt=90.94
[WOBBLE_FIRE] team=2 losTgt=90.11
[WOBBLE_FIRE] team=2 losTgt=89.28
[WOBBLE_FIRE] team=2 losTgt=88.45
[WOBBLE_FIRE] team=2 losTgt=87.62
[WOBBLE_FIRE] team=2 losTgt=86.78
[WOBBLE_FIRE] team=2 losTgt=85.94
[WOBBLE_FIRE] team=2 losTgt=85.10
[WOBBLE_FIRE] team=2 losTgt=84.25
[WOBBLE_FIRE] team=2 losTgt=83.40
[WOBBLE_FIRE] team=2 losTgt=82.55
[WOBBLE_FIRE] team=2 losTgt=81.69
[WOBBLE_FIRE] team=2 losTgt=80.83
[WOBBLE_FIRE] team=2 losTgt=79.96
[WOBBLE_FIRE] team=2 losTgt=79.10
[WOBBLE_FIRE] team=2 losTgt=78.23
[WOBBLE_FIRE] team=2 losTgt=77.35
[ACTIVE] [RED] LeadPredict dist=2798.61 dV=-15.6904 thr=1 om=0.111297 lt=3
[WOBBLE_FIRE] team=2 losTgt=76.48
[WOBBLE_FIRE] team=2 losTgt=75.59
[WOBBLE_FIRE] team=2 losTgt=74.71
[WOBBLE_FIRE] team=2 losTgt=73.82
[WOBBLE_FIRE] team=2 losTgt=72.92
[WOBBLE_FIRE] team=2 losTgt=72.24
[WOBBLE_FIRE] team=2 losTgt=71.55
[WOBBLE_FIRE] team=2 losTgt=70.65
[WOBBLE_FIRE] team=2 losTgt=69.61
[WOBBLE_FIRE] team=2 losTgt=68.55
[WOBBLE_FIRE] team=2 losTgt=67.50
[WOBBLE_FIRE] team=2 losTgt=66.43
[WOBBLE_FIRE] team=2 losTgt=65.35
[WOBBLE_FIRE] team=2 losTgt=64.28
[WOBBLE_FIRE] team=2 losTgt=63.20
[WOBBLE_FIRE] team=2 losTgt=62.12
[WOBBLE_FIRE] team=2 losTgt=61.02
[WOBBLE_FIRE] team=2 losTgt=59.91
[WOBBLE_FIRE] team=2 losTgt=58.79
[WOBBLE_FIRE] team=2 losTgt=57.66
[WOBBLE_FIRE] team=2 losTgt=56.51
[WOBBLE_FIRE] team=2 losTgt=55.34
[WOBBLE_FIRE] team=2 losTgt=54.15
[WOBBLE_FIRE] team=2 losTgt=52.95
[WOBBLE_FIRE] team=2 losTgt=51.72
[WOBBLE_FIRE] team=2 losTgt=50.47
[WOBBLE_FIRE] team=2 losTgt=49.20
[WOBBLE_FIRE] team=2 losTgt=47.90
[WOBBLE_FIRE] team=2 losTgt=46.58
[WOBBLE_FIRE] team=2 losTgt=45.22
[ACTIVE] [RED] LeadPredict dist=379.25 dV=-45.6308 thr=0.533 om=0.160308 lt=1.02533
[WOBBLE_FIRE] team=2 losTgt=52.84
[WOBBLE_FIRE] team=2 losTgt=65.74
[WOBBLE_FIRE] team=2 losTgt=77.36
[WOBBLE_FIRE] team=2 losTgt=87.75
[WOBBLE_FIRE] team=2 losTgt=96.36
[WOBBLE_FIRE] team=2 losTgt=103.17
[WOBBLE_FIRE] team=2 losTgt=108.12
[WOBBLE_FIRE] team=2 losTgt=111.50
[WOBBLE_FIRE] team=2 losTgt=113.47
[WOBBLE_FIRE] team=2 losTgt=114.33
[WOBBLE_FIRE] team=2 losTgt=114.64
[WOBBLE_FIRE] team=2 losTgt=114.98
[WOBBLE_FIRE] team=2 losTgt=115.30
[WOBBLE_FIRE] team=2 losTgt=115.55
[WOBBLE_FIRE] team=2 losTgt=115.70
[WOBBLE_FIRE] team=2 losTgt=115.76
[WOBBLE_FIRE] team=2 losTgt=115.75
[WOBBLE_FIRE] team=2 losTgt=115.69
[WOBBLE_FIRE] team=2 losTgt=115.58
[WOBBLE_FIRE] team=2 losTgt=115.41
[WOBBLE_FIRE] team=2 losTgt=115.19
[WOBBLE_FIRE] team=2 losTgt=115.95
[WOBBLE_FIRE] team=2 losTgt=119.11
[WOBBLE_FIRE] team=2 losTgt=120.53
[WOBBLE_FIRE] team=2 losTgt=122.03
[WOBBLE_FIRE] team=2 losTgt=123.32
[WOBBLE_FIRE] team=2 losTgt=124.47
[WOBBLE_FIRE] team=2 losTgt=125.56
[WOBBLE_FIRE] team=2 losTgt=126.62
[WOBBLE_FIRE] team=2 losTgt=127.66
[WOBBLE_FIRE] team=2 losTgt=128.66
[WOBBLE_FIRE] team=2 losTgt=129.59
[WOBBLE_FIRE] team=2 losTgt=130.59
[WOBBLE_FIRE] team=2 losTgt=131.94
[WOBBLE_FIRE] team=2 losTgt=134.22
[WOBBLE_FIRE] team=2 losTgt=136.76
[WOBBLE_FIRE] team=2 losTgt=139.35
[WOBBLE_FIRE] team=2 losTgt=141.71
[WOBBLE_FIRE] team=2 losTgt=143.92
[WOBBLE_FIRE] team=2 losTgt=145.99
[WOBBLE_FIRE] team=2 losTgt=148.02
[WOBBLE_FIRE] team=2 losTgt=150.01
[WOBBLE_FIRE] team=2 losTgt=151.96
[WOBBLE_FIRE] team=2 losTgt=153.87
[WOBBLE_FIRE] team=2 losTgt=155.75
[WOBBLE_FIRE] team=2 losTgt=157.59
[WOBBLE_FIRE] team=2 losTgt=159.41
[WOBBLE_FIRE] team=2 losTgt=159.99
[WOBBLE_FIRE] team=2 losTgt=157.93
[WOBBLE_FIRE] team=2 losTgt=160.24
[WOBBLE_FIRE] team=2 losTgt=165.47
[WOBBLE_FIRE] team=2 losTgt=165.38
[WOBBLE_FIRE] team=2 losTgt=160.92
[ACTIVE] [RED] ClimbOut Z=2347.28
[WOBBLE_FIRE] team=2 losTgt=161.20
[WOBBLE_FIRE] team=2 losTgt=166.30
[WOBBLE_FIRE] team=2 losTgt=168.30
[WOBBLE_FIRE] team=2 losTgt=166.44
[WOBBLE_FIRE] team=2 losTgt=164.29
[WOBBLE_FIRE] team=2 losTgt=165.64
[WOBBLE_FIRE] team=2 losTgt=164.70
[WOBBLE_FIRE] team=2 losTgt=164.53
[WOBBLE_FIRE] team=2 losTgt=165.31
[WOBBLE_FIRE] team=2 losTgt=164.51
[WOBBLE_FIRE] team=2 losTgt=161.57
[WOBBLE_FIRE] team=2 losTgt=161.37
[WOBBLE_FIRE] team=2 losTgt=160.38
[WOBBLE_FIRE] team=2 losTgt=157.95
[WOBBLE_FIRE] team=2 losTgt=157.23
[WOBBLE_FIRE] team=2 losTgt=155.45
[WOBBLE_FIRE] team=2 losTgt=153.97
[WOBBLE_FIRE] team=2 losTgt=153.87
[WOBBLE_FIRE] team=2 losTgt=155.52
[WOBBLE_FIRE] team=2 losTgt=155.07
[WOBBLE_FIRE] team=2 losTgt=154.91
[WOBBLE_FIRE] team=2 losTgt=153.91
[WOBBLE_FIRE] team=2 losTgt=152.96
[WOBBLE_FIRE] team=2 losTgt=152.24
[WOBBLE_FIRE] team=2 losTgt=151.29
[WOBBLE_FIRE] team=2 losTgt=149.86
[WOBBLE_FIRE] team=2 losTgt=148.17
[WOBBLE_FIRE] team=2 losTgt=146.52
[WOBBLE_FIRE] team=2 losTgt=144.90
[WOBBLE_FIRE] team=2 losTgt=143.35
[WOBBLE_FIRE] team=2 losTgt=141.81
[WOBBLE_FIRE] team=2 losTgt=140.28
[WOBBLE_FIRE] team=2 losTgt=138.77
[WOBBLE_FIRE] team=2 losTgt=137.28
[WOBBLE_FIRE] team=2 losTgt=135.80
[WOBBLE_FIRE] team=2 losTgt=134.34
[WOBBLE_FIRE] team=2 losTgt=132.88
[WOBBLE_FIRE] team=2 losTgt=131.43
[WOBBLE_FIRE] team=2 losTgt=129.99
[WOBBLE_FIRE] team=2 losTgt=128.56
[ACTIVE] [RED] LeadPredict dist=5780.75 dV=31.6895 thr=1 om=0.213573 lt=3
[WOBBLE_FIRE] team=2 losTgt=127.13
[WOBBLE_FIRE] team=2 losTgt=125.71
[WOBBLE_FIRE] team=2 losTgt=124.29
[WOBBLE_FIRE] team=2 losTgt=122.88
[WOBBLE_FIRE] team=2 losTgt=121.47
[WOBBLE_FIRE] team=2 losTgt=120.07
[WOBBLE_FIRE] team=2 losTgt=118.67
[WOBBLE_FIRE] team=2 losTgt=117.27
[WOBBLE_FIRE] team=2 losTgt=115.87
[WOBBLE_FIRE] team=2 losTgt=114.48
[WOBBLE_FIRE] team=2 losTgt=113.09
[WOBBLE_FIRE] team=2 losTgt=111.71
[WOBBLE_FIRE] team=2 losTgt=110.32
[WOBBLE_FIRE] team=2 losTgt=108.94
[WOBBLE_FIRE] team=2 losTgt=107.56
[WOBBLE_FIRE] team=2 losTgt=106.18
[WOBBLE_FIRE] team=2 losTgt=104.81
[WOBBLE_FIRE] team=2 losTgt=103.44
[WOBBLE_FIRE] team=2 losTgt=102.07
[WOBBLE_FIRE] team=2 losTgt=100.70
[WOBBLE_FIRE] team=2 losTgt=99.33
[WOBBLE_FIRE] team=2 losTgt=97.97
[WOBBLE_FIRE] team=2 losTgt=96.61
[WOBBLE_FIRE] team=2 losTgt=95.26
[WOBBLE_FIRE] team=2 losTgt=93.90
[WOBBLE_FIRE] team=2 losTgt=92.55
[WOBBLE_FIRE] team=2 losTgt=91.20
[WOBBLE_FIRE] team=2 losTgt=89.85
[WOBBLE_FIRE] team=2 losTgt=88.50
[WOBBLE_FIRE] team=2 losTgt=87.16
[WOBBLE_FIRE] team=2 losTgt=85.82
[WOBBLE_FIRE] team=2 losTgt=84.48
[WOBBLE_FIRE] team=2 losTgt=83.14
[WOBBLE_FIRE] team=2 losTgt=81.80
[WOBBLE_FIRE] team=2 losTgt=80.46
[WOBBLE_FIRE] team=2 losTgt=79.12
[WOBBLE_FIRE] team=2 losTgt=77.79
[WOBBLE_FIRE] team=2 losTgt=76.46
[WOBBLE_FIRE] team=2 losTgt=75.12
[WOBBLE_FIRE] team=2 losTgt=73.79
[WOBBLE_FIRE] team=2 losTgt=72.46
[WOBBLE_FIRE] team=2 losTgt=71.13
[WOBBLE_FIRE] team=2 losTgt=69.80
[WOBBLE_FIRE] team=2 losTgt=68.47
[WOBBLE_FIRE] team=2 losTgt=67.14
[WOBBLE_FIRE] team=2 losTgt=65.81
[WOBBLE_FIRE] team=2 losTgt=64.48
[WOBBLE_FIRE] team=2 losTgt=63.14
[WOBBLE_FIRE] team=2 losTgt=61.80
[WOBBLE_FIRE] team=2 losTgt=60.45
[WOBBLE_FIRE] team=2 losTgt=59.12
[WOBBLE_FIRE] team=2 losTgt=57.79
[WOBBLE_FIRE] team=2 losTgt=56.46
[WOBBLE_FIRE] team=2 losTgt=55.12
[WOBBLE_FIRE] team=2 losTgt=53.78
[WOBBLE_FIRE] team=2 losTgt=52.44
[WOBBLE_FIRE] team=2 losTgt=51.09
[WOBBLE_FIRE] team=2 losTgt=49.73
[WOBBLE_FIRE] team=2 losTgt=48.38
[WOBBLE_FIRE] team=2 losTgt=47.01
[ACTIVE] [RED] LeadPredict dist=5800.39 dV=32.5126 thr=1 om=0.22781 lt=3
[WOBBLE_FIRE] team=2 losTgt=45.65
[ACTIVE] [RED] LeadPredict dist=3211.85 dV=7.56229 thr=1 om=0.218779 lt=3
[WOBBLE_FIRE] team=2 losTgt=48.01
[WOBBLE_FIRE] team=2 losTgt=54.81
[WOBBLE_FIRE] team=2 losTgt=62.07
[WOBBLE_FIRE] team=2 losTgt=69.48
[WOBBLE_FIRE] team=2 losTgt=76.69
[WOBBLE_FIRE] team=2 losTgt=83.41
[WOBBLE_FIRE] team=2 losTgt=89.45
[WOBBLE_FIRE] team=2 losTgt=94.74
[ACTIVE] [RED] LeadPredict dist=545.826 dV=-10.1345 thr=0.677956 om=0.222278 lt=1.62557
[WOBBLE_FIRE] team=2 losTgt=99.26
[WOBBLE_FIRE] team=2 losTgt=103.09
[WOBBLE_FIRE] team=2 losTgt=106.27
[WOBBLE_FIRE] team=2 losTgt=108.93
[WOBBLE_FIRE] team=2 losTgt=111.11
[WOBBLE_FIRE] team=2 losTgt=112.93
[WOBBLE_FIRE] team=2 losTgt=114.45
[WOBBLE_FIRE] team=2 losTgt=115.67
[WOBBLE_FIRE] team=2 losTgt=116.65
[WOBBLE_FIRE] team=2 losTgt=117.42
[WOBBLE_FIRE] team=2 losTgt=118.02
[WOBBLE_FIRE] team=2 losTgt=118.47
[WOBBLE_FIRE] team=2 losTgt=118.80
[WOBBLE_FIRE] team=2 losTgt=119.01
[WOBBLE_FIRE] team=2 losTgt=119.13
[WOBBLE_FIRE] team=2 losTgt=119.16
[WOBBLE_FIRE] team=2 losTgt=119.12
[WOBBLE_FIRE] team=2 losTgt=119.01
[WOBBLE_FIRE] team=2 losTgt=118.84
[WOBBLE_FIRE] team=2 losTgt=118.62
[WOBBLE_FIRE] team=2 losTgt=118.35
[WOBBLE_FIRE] team=2 losTgt=118.04
[WOBBLE_FIRE] team=2 losTgt=118.62
[WOBBLE_FIRE] team=2 losTgt=121.64
[WOBBLE_FIRE] team=2 losTgt=123.19
[WOBBLE_FIRE] team=2 losTgt=124.44
[WOBBLE_FIRE] team=2 losTgt=125.04
[WOBBLE_FIRE] team=2 losTgt=125.28
[WOBBLE_FIRE] team=2 losTgt=125.41
[WOBBLE_FIRE] team=2 losTgt=125.58
[WOBBLE_FIRE] team=2 losTgt=125.89
[WOBBLE_FIRE] team=2 losTgt=126.38
[WOBBLE_FIRE] team=2 losTgt=126.53
[WOBBLE_FIRE] team=2 losTgt=126.23
[WOBBLE_FIRE] team=2 losTgt=125.38
[WOBBLE_FIRE] team=2 losTgt=124.14
[WOBBLE_FIRE] team=2 losTgt=122.99
[WOBBLE_FIRE] team=2 losTgt=121.92
[WOBBLE_FIRE] team=2 losTgt=120.88
[WOBBLE_FIRE] team=2 losTgt=119.86
[WOBBLE_FIRE] team=2 losTgt=118.88
[WOBBLE_FIRE] team=2 losTgt=117.93
[WOBBLE_FIRE] team=2 losTgt=116.98
[WOBBLE_FIRE] team=2 losTgt=116.03
[WOBBLE_FIRE] team=2 losTgt=115.08
[WOBBLE_FIRE] team=2 losTgt=114.12
[WOBBLE_FIRE] team=2 losTgt=113.16
[WOBBLE_FIRE] team=2 losTgt=112.20
[WOBBLE_FIRE] team=2 losTgt=111.23
[WOBBLE_FIRE] team=2 losTgt=110.26
[WOBBLE_FIRE] team=2 losTgt=109.29
[WOBBLE_FIRE] team=2 losTgt=108.31
[WOBBLE_FIRE] team=2 losTgt=107.33
[WOBBLE_FIRE] team=2 losTgt=106.35
[WOBBLE_FIRE] team=2 losTgt=105.36
[WOBBLE_FIRE] team=2 losTgt=104.37
[WOBBLE_FIRE] team=2 losTgt=103.37
[WOBBLE_FIRE] team=2 losTgt=102.36
[WOBBLE_FIRE] team=2 losTgt=101.35
[WOBBLE_FIRE] team=2 losTgt=100.34
[WOBBLE_FIRE] team=2 losTgt=99.32
[WOBBLE_FIRE] team=2 losTgt=98.30
[WOBBLE_FIRE] team=2 losTgt=97.27
[WOBBLE_FIRE] team=2 losTgt=96.24
[WOBBLE_FIRE] team=2 losTgt=95.21
[WOBBLE_FIRE] team=2 losTgt=94.17
[WOBBLE_FIRE] team=2 losTgt=93.13
[WOBBLE_FIRE] team=2 losTgt=92.09
[ACTIVE] [RED] LeadPredict dist=3412.96 dV=32.3583 thr=1 om=0.257867 lt=3
[WOBBLE_FIRE] team=2 losTgt=91.04
[WOBBLE_FIRE] team=2 losTgt=89.98
[WOBBLE_FIRE] team=2 losTgt=88.92
[WOBBLE_FIRE] team=2 losTgt=87.86
[WOBBLE_FIRE] team=2 losTgt=86.79
[WOBBLE_FIRE] team=2 losTgt=85.72
[WOBBLE_FIRE] team=2 losTgt=84.64
[WOBBLE_FIRE] team=2 losTgt=83.56
[WOBBLE_FIRE] team=2 losTgt=82.47
[WOBBLE_FIRE] team=2 losTgt=81.38
[WOBBLE_FIRE] team=2 losTgt=80.29
[WOBBLE_FIRE] team=2 losTgt=79.19
[WOBBLE_FIRE] team=2 losTgt=78.08
[WOBBLE_FIRE] team=2 losTgt=76.98
[WOBBLE_FIRE] team=2 losTgt=75.87
[WOBBLE_FIRE] team=2 losTgt=74.75
[WOBBLE_FIRE] team=2 losTgt=73.63
[WOBBLE_FIRE] team=2 losTgt=72.51
[WOBBLE_FIRE] team=2 losTgt=71.39
[WOBBLE_FIRE] team=2 losTgt=70.26
[WOBBLE_FIRE] team=2 losTgt=69.12
[WOBBLE_FIRE] team=2 losTgt=67.99
[WOBBLE_FIRE] team=2 losTgt=66.85
[WOBBLE_FIRE] team=2 losTgt=65.71
[WOBBLE_FIRE] team=2 losTgt=64.56
[WOBBLE_FIRE] team=2 losTgt=63.41
[WOBBLE_FIRE] team=2 losTgt=62.25
[WOBBLE_FIRE] team=2 losTgt=61.10
[WOBBLE_FIRE] team=2 losTgt=59.93
[WOBBLE_FIRE] team=2 losTgt=58.77
[WOBBLE_FIRE] team=2 losTgt=57.60
[WOBBLE_FIRE] team=2 losTgt=56.42
[WOBBLE_FIRE] team=2 losTgt=55.25
[WOBBLE_FIRE] team=2 losTgt=54.09
[WOBBLE_FIRE] team=2 losTgt=52.92
[WOBBLE_FIRE] team=2 losTgt=51.74
[WOBBLE_FIRE] team=2 losTgt=50.58
[WOBBLE_FIRE] team=2 losTgt=49.41
[WOBBLE_FIRE] team=2 losTgt=48.19
[WOBBLE_FIRE] team=2 losTgt=46.93
[WOBBLE_FIRE] team=2 losTgt=45.64
[ACTIVE] [RED] LeadPredict dist=2470.71 dV=20.1146 thr=0.96 om=0.0125972 lt=3
[WOBBLE_FIRE] team=2 losTgt=45.23
[WOBBLE_FIRE] team=2 losTgt=46.65
[WOBBLE_FIRE] team=2 losTgt=48.07
[WOBBLE_FIRE] team=2 losTgt=49.46
[WOBBLE_FIRE] team=2 losTgt=50.81
[WOBBLE_FIRE] team=2 losTgt=52.08
[WOBBLE_FIRE] team=2 losTgt=53.29
[WOBBLE_FIRE] team=2 losTgt=54.38
[WOBBLE_FIRE] team=2 losTgt=55.38
[WOBBLE_FIRE] team=2 losTgt=56.27
[WOBBLE_FIRE] team=2 losTgt=57.05
[WOBBLE_FIRE] team=2 losTgt=57.71
[WOBBLE_FIRE] team=2 losTgt=58.27
[ACTIVE] [RED] LeadPredict dist=1151.73 dV=-4.78427 thr=0.806078 om=0.297751 lt=3
[DUTY] team=1 ticks=600 v27종말조준=0% v21뱅크예측=82.3333% v17궤도조건=31.6667% v17슬롯적용=24.5% 상승클램프=0% 강하클램프=6.66667% v23b조건=32.5% v23b실제적용=32.5%
[WOBBLE_FIRE] team=2 losTgt=58.70
[WOBBLE_FIRE] team=2 losTgt=59.02
[WOBBLE_FIRE] team=2 losTgt=59.23
[WOBBLE_FIRE] team=2 losTgt=59.35
[WOBBLE_FIRE] team=2 losTgt=59.36
[WOBBLE_FIRE] team=2 losTgt=59.27
[WOBBLE_FIRE] team=2 losTgt=59.10
[WOBBLE_FIRE] team=2 losTgt=58.84
[WOBBLE_FIRE] team=2 losTgt=58.49
[WOBBLE_FIRE] team=2 losTgt=58.06
[WOBBLE_FIRE] team=2 losTgt=57.55
[WOBBLE_FIRE] team=2 losTgt=56.98
[WOBBLE_FIRE] team=2 losTgt=56.33
[WOBBLE_FIRE] team=2 losTgt=55.62
[WOBBLE_FIRE] team=2 losTgt=54.84
[WOBBLE_FIRE] team=2 losTgt=54.00
[WOBBLE_FIRE] team=2 losTgt=53.10
[WOBBLE_FIRE] team=2 losTgt=52.15
[WOBBLE_FIRE] team=2 losTgt=51.16
[WOBBLE_FIRE] team=2 losTgt=50.11
[WOBBLE_FIRE] team=2 losTgt=49.02
[WOBBLE_FIRE] team=2 losTgt=47.88
[WOBBLE_FIRE] team=2 losTgt=46.70
[WOBBLE_FIRE] team=2 losTgt=45.48
[ACTIVE] [RED] LeadPredict dist=1474.68 dV=-22.5325 thr=1 om=0.236598 lt=3
[ACTIVE] [RED] LeadPredict dist=1583.74 dV=-32.9756 thr=1 om=0.0645369 lt=3
[ACTIVE] [RED] LeadPredict dist=1714.39 dV=-31.0722 thr=1 om=0.00320971 lt=3
[ACTIVE] [RED] LeadPredict dist=1804.25 dV=-6.01895 thr=1 om=0.224788 lt=3
[ACTIVE] [RED] LeadPredict dist=1490.23 dV=9.87723 thr=0.76 om=0.179321 lt=3
[ACTIVE] [RED] LeadPredict dist=1444.87 dV=-11.1119 thr=1 om=0.00542724 lt=3
[ACTIVE] [RED] LeadPredict dist=1469.43 dV=-6.17328 thr=1 om=0.239886 lt=3
[ACTIVE] [RED] LeadPredict dist=1275.47 dV=-13.1182 thr=0.599466 om=0.208481 lt=3
[ACTIVE] [RED] ClimbOut Z=2810.03
[ACTIVE] [RED] LeadPredict dist=1163.52 dV=19.6516 thr=0.601433 om=0.0404639 lt=3
[ACTIVE] [RED] LeadPredict dist=1178.26 dV=1.80057 thr=0.789024 om=0.243093 lt=3
[DUTY] team=1 ticks=1200 v27종말조준=0% v21뱅크예측=70.5% v17궤도조건=47.6667% v17슬롯적용=44.0833% 상승클램프=0% 강하클램프=5.91667% v23b조건=32.3333% v23b실제적용=32.3333%
[ACTIVE] [RED] LeadPredict dist=1138.76 dV=-15.639 thr=1 om=0.0113778 lt=3
[ACTIVE] [RED] LeadPredict dist=1180.07 dV=1.95486 thr=1 om=0.0397285 lt=3
[ACTIVE] [RED] LeadPredict dist=1075.79 dV=7.40793 thr=0.88 om=0.248917 lt=2.95616
[ACTIVE] [RED] ClimbOut Z=2565.11
[WOBBLE_FIRE] team=2 losTgt=47.12
[WOBBLE_FIRE] team=2 losTgt=49.85
[WOBBLE_FIRE] team=2 losTgt=52.60
[WOBBLE_FIRE] team=2 losTgt=55.35
[WOBBLE_FIRE] team=2 losTgt=58.07
[WOBBLE_FIRE] team=2 losTgt=60.77
[WOBBLE_FIRE] team=2 losTgt=62.32
[WOBBLE_FIRE] team=2 losTgt=62.18
[WOBBLE_FIRE] team=2 losTgt=64.81
[WOBBLE_FIRE] team=2 losTgt=68.25
[WOBBLE_FIRE] team=2 losTgt=68.66
[WOBBLE_FIRE] team=2 losTgt=68.20
[WOBBLE_FIRE] team=2 losTgt=70.22
[WOBBLE_FIRE] team=2 losTgt=72.73
[WOBBLE_FIRE] team=2 losTgt=73.83
[WOBBLE_FIRE] team=2 losTgt=73.34
[WOBBLE_FIRE] team=2 losTgt=73.97
[WOBBLE_FIRE] team=2 losTgt=74.65
[WOBBLE_FIRE] team=2 losTgt=75.34
[WOBBLE_FIRE] team=2 losTgt=76.61
[WOBBLE_FIRE] team=2 losTgt=77.74
[WOBBLE_FIRE] team=2 losTgt=78.54
[WOBBLE_FIRE] team=2 losTgt=78.61
[WOBBLE_FIRE] team=2 losTgt=79.71
[WOBBLE_FIRE] team=2 losTgt=80.73
[WOBBLE_FIRE] team=2 losTgt=81.51
[WOBBLE_FIRE] team=2 losTgt=81.53
[WOBBLE_FIRE] team=2 losTgt=82.29
[WOBBLE_FIRE] team=2 losTgt=82.05
[WOBBLE_FIRE] team=2 losTgt=80.47
[WOBBLE_FIRE] team=2 losTgt=81.02
[WOBBLE_FIRE] team=2 losTgt=82.68
[WOBBLE_FIRE] team=2 losTgt=82.85
[WOBBLE_FIRE] team=2 losTgt=80.73
[WOBBLE_FIRE] team=2 losTgt=80.92
[WOBBLE_FIRE] team=2 losTgt=82.84
[WOBBLE_FIRE] team=2 losTgt=81.15
[WOBBLE_FIRE] team=2 losTgt=77.61
[WOBBLE_FIRE] team=2 losTgt=77.80
[WOBBLE_FIRE] team=2 losTgt=76.87
[WOBBLE_FIRE] team=2 losTgt=74.52
[WOBBLE_FIRE] team=2 losTgt=73.72
[WOBBLE_FIRE] team=2 losTgt=72.77
[WOBBLE_FIRE] team=2 losTgt=75.36
[WOBBLE_FIRE] team=2 losTgt=76.31
[WOBBLE_FIRE] team=2 losTgt=76.96
[WOBBLE_FIRE] team=2 losTgt=77.33
[WOBBLE_FIRE] team=2 losTgt=77.23
[WOBBLE_FIRE] team=2 losTgt=77.28
[WOBBLE_FIRE] team=2 losTgt=77.45
[WOBBLE_FIRE] team=2 losTgt=77.87
[WOBBLE_FIRE] team=2 losTgt=77.88
[WOBBLE_FIRE] team=2 losTgt=76.80
[WOBBLE_FIRE] team=2 losTgt=77.72
[WOBBLE_FIRE] team=2 losTgt=78.27
[WOBBLE_FIRE] team=2 losTgt=76.07
[WOBBLE_FIRE] team=2 losTgt=74.89
[WOBBLE_FIRE] team=2 losTgt=72.92
[WOBBLE_FIRE] team=2 losTgt=71.39
[WOBBLE_FIRE] team=2 losTgt=70.02
[WOBBLE_FIRE] team=2 losTgt=68.73
[WOBBLE_FIRE] team=2 losTgt=67.54
[WOBBLE_FIRE] team=2 losTgt=66.44
[WOBBLE_FIRE] team=2 losTgt=65.43
[WOBBLE_FIRE] team=2 losTgt=65.57
[WOBBLE_FIRE] team=2 losTgt=68.31
[ACTIVE] [RED] ClimbOut Z=1978.27
[WOBBLE_FIRE] team=2 losTgt=68.97
[WOBBLE_FIRE] team=2 losTgt=70.03
[WOBBLE_FIRE] team=2 losTgt=70.12
[WOBBLE_FIRE] team=2 losTgt=70.05
[WOBBLE_FIRE] team=2 losTgt=70.04
[WOBBLE_FIRE] team=2 losTgt=70.35
[WOBBLE_FIRE] team=2 losTgt=70.36
[WOBBLE_FIRE] team=2 losTgt=69.81
[WOBBLE_FIRE] team=2 losTgt=68.65
[WOBBLE_FIRE] team=2 losTgt=67.20
[WOBBLE_FIRE] team=2 losTgt=66.04
[WOBBLE_FIRE] team=2 losTgt=65.07
[ACTIVE] [RED] LeadPredict dist=1641.7 dV=38.0686 thr=0.570387 om=0.321503 lt=3
[WOBBLE_FIRE] team=2 losTgt=64.22
[WOBBLE_FIRE] team=2 losTgt=63.50
[WOBBLE_FIRE] team=2 losTgt=62.89
[WOBBLE_FIRE] team=2 losTgt=62.36
[WOBBLE_FIRE] team=2 losTgt=61.90
[WOBBLE_FIRE] team=2 losTgt=61.47
[WOBBLE_FIRE] team=2 losTgt=61.10
[WOBBLE_FIRE] team=2 losTgt=60.78
[WOBBLE_FIRE] team=2 losTgt=60.51
[WOBBLE_FIRE] team=2 losTgt=60.30
[WOBBLE_FIRE] team=2 losTgt=60.84
[WOBBLE_FIRE] team=2 losTgt=61.51
[WOBBLE_FIRE] team=2 losTgt=61.74
[WOBBLE_FIRE] team=2 losTgt=61.37
[WOBBLE_FIRE] team=2 losTgt=60.86
[WOBBLE_FIRE] team=2 losTgt=60.42
[WOBBLE_FIRE] team=2 losTgt=60.04
[WOBBLE_FIRE] team=2 losTgt=59.70
[WOBBLE_FIRE] team=2 losTgt=59.36
[WOBBLE_FIRE] team=2 losTgt=59.03
[WOBBLE_FIRE] team=2 losTgt=58.71
[WOBBLE_FIRE] team=2 losTgt=58.38
[WOBBLE_FIRE] team=2 losTgt=58.06
[WOBBLE_FIRE] team=2 losTgt=57.74
[WOBBLE_FIRE] team=2 losTgt=57.43
[WOBBLE_FIRE] team=2 losTgt=57.11
[WOBBLE_FIRE] team=2 losTgt=56.79
[WOBBLE_FIRE] team=2 losTgt=56.46
[WOBBLE_FIRE] team=2 losTgt=56.13
[WOBBLE_FIRE] team=2 losTgt=55.78
[WOBBLE_FIRE] team=2 losTgt=55.42
[WOBBLE_FIRE] team=2 losTgt=55.05
[WOBBLE_FIRE] team=2 losTgt=54.65
[WOBBLE_FIRE] team=2 losTgt=54.24
[WOBBLE_FIRE] team=2 losTgt=53.82
[WOBBLE_FIRE] team=2 losTgt=53.37
[WOBBLE_FIRE] team=2 losTgt=52.90
[WOBBLE_FIRE] team=2 losTgt=52.42
[WOBBLE_FIRE] team=2 losTgt=51.92
[WOBBLE_FIRE] team=2 losTgt=51.41
[WOBBLE_FIRE] team=2 losTgt=50.89
[WOBBLE_FIRE] team=2 losTgt=50.35
[WOBBLE_FIRE] team=2 losTgt=49.80
[WOBBLE_FIRE] team=2 losTgt=49.24
[WOBBLE_FIRE] team=2 losTgt=48.67
[WOBBLE_FIRE] team=2 losTgt=48.10
[WOBBLE_FIRE] team=2 losTgt=47.51
[WOBBLE_FIRE] team=2 losTgt=46.92
[WOBBLE_FIRE] team=2 losTgt=46.32
[WOBBLE_FIRE] team=2 losTgt=45.70
[WOBBLE_FIRE] team=2 losTgt=45.07
[ACTIVE] [RED] LeadPredict dist=1301.49 dV=20.4233 thr=0.729117 om=0.0112385 lt=3
[ACTIVE] [RED] LeadPredict dist=904.502 dV=-13.9928 thr=1 om=0.250546 lt=3
[ACTIVE] [RED] LeadPredict dist=1242.87 dV=-17.6967 thr=1 om=0.296311 lt=3
[ACTIVE] [RED] LeadPredict dist=1010.34 dV=35.342 thr=0.715999 om=0.165732 lt=3
[ACTIVE] [RED] LeadPredict dist=1160.59 dV=7.15073 thr=1 om=0.276577 lt=3
[ACTIVE] [RED] LeadPredict dist=1044.8 dV=-14.7644 thr=1 om=0.00582861 lt=3
[DUTY] team=1 ticks=1800 v27종말조준=0% v21뱅크예측=67.7222% v17궤도조건=53.3889% v17슬롯적용=51% 상승클램프=0% 강하클램프=9.66667% v23b조건=37.1667% v23b실제적용=37.1667%
[ACTIVE] [RED] LeadPredict dist=1057.15 dV=14.7644 thr=1 om=0.0207349 lt=3
init ID:1 Lat37.92355643001773 Lon128.18188127777776 Alt(meter)7000.0785355893395 Speed(m/sec)300.0
init ID:1 Lat37.96855377446113 Lon128.18188127777776 Alt(meter)7002.8272734023885 Speed(m/sec)300.0
runner:local/env:0	num_steps=[11999] | total rewards=[546.0156] | termination= [max time out]
[seed 0] reward=   546.02 ownHP=1.0000 tgtHP=0.9459 max time out
total: 2
[WOBBLE_FIRE] team=2 losTgt=98.94
[WOBBLE_FIRE] team=2 losTgt=99.02
[WOBBLE_FIRE] team=2 losTgt=99.01
[WOBBLE_FIRE] team=2 losTgt=99.01
[WOBBLE_FIRE] team=2 losTgt=98.93
[WOBBLE_FIRE] team=2 losTgt=98.67
[WOBBLE_FIRE] team=2 losTgt=98.10
[WOBBLE_FIRE] team=2 losTgt=97.16
[WOBBLE_FIRE] team=2 losTgt=95.78
[WOBBLE_FIRE] team=2 losTgt=94.20
[WOBBLE_FIRE] team=2 losTgt=92.76
[WOBBLE_FIRE] team=2 losTgt=91.56
[WOBBLE_FIRE] team=2 losTgt=90.51
[WOBBLE_FIRE] team=2 losTgt=89.56
[WOBBLE_FIRE] team=2 losTgt=88.67
[WOBBLE_FIRE] team=2 losTgt=87.84
[WOBBLE_FIRE] team=2 losTgt=87.03
[WOBBLE_FIRE] team=2 losTgt=86.26
[WOBBLE_FIRE] team=2 losTgt=85.51
[WOBBLE_FIRE] team=2 losTgt=84.79
[WOBBLE_FIRE] team=2 losTgt=84.08
[WOBBLE_FIRE] team=2 losTgt=83.38
[WOBBLE_FIRE] team=2 losTgt=82.69
[WOBBLE_FIRE] team=2 losTgt=82.01
[WOBBLE_FIRE] team=2 losTgt=81.33
[WOBBLE_FIRE] team=2 losTgt=80.65
[WOBBLE_FIRE] team=2 losTgt=79.95
[WOBBLE_FIRE] team=2 losTgt=79.25
[WOBBLE_FIRE] team=2 losTgt=78.55
[WOBBLE_FIRE] team=2 losTgt=77.85
[WOBBLE_FIRE] team=2 losTgt=77.15
[WOBBLE_FIRE] team=2 losTgt=76.45
[WOBBLE_FIRE] team=2 losTgt=75.75
[WOBBLE_FIRE] team=2 losTgt=75.05
[WOBBLE_FIRE] team=2 losTgt=74.34
[WOBBLE_FIRE] team=2 losTgt=73.63
[WOBBLE_FIRE] team=2 losTgt=72.92
[WOBBLE_FIRE] team=2 losTgt=72.20
[WOBBLE_FIRE] team=2 losTgt=71.48
[WOBBLE_FIRE] team=2 losTgt=70.76
[WOBBLE_FIRE] team=2 losTgt=70.04
[WOBBLE_FIRE] team=2 losTgt=69.31
[WOBBLE_FIRE] team=2 losTgt=68.57
[WOBBLE_FIRE] team=2 losTgt=67.84
[WOBBLE_FIRE] team=2 losTgt=67.10
[WOBBLE_FIRE] team=2 losTgt=66.36
[WOBBLE_FIRE] team=2 losTgt=65.62
[WOBBLE_FIRE] team=2 losTgt=64.87
[WOBBLE_FIRE] team=2 losTgt=64.12
[WOBBLE_FIRE] team=2 losTgt=63.36
[WOBBLE_FIRE] team=2 losTgt=62.61
[ACTIVE] [RED] LeadPredict dist=3799.12 dV=1.49185 thr=1 om=0.118977 lt=3
[WOBBLE_FIRE] team=2 losTgt=61.85
[WOBBLE_FIRE] team=2 losTgt=61.09
[WOBBLE_FIRE] team=2 losTgt=60.32
[WOBBLE_FIRE] team=2 losTgt=59.55
[WOBBLE_FIRE] team=2 losTgt=58.78
[WOBBLE_FIRE] team=2 losTgt=58.00
[WOBBLE_FIRE] team=2 losTgt=57.22
[WOBBLE_FIRE] team=2 losTgt=56.44
[WOBBLE_FIRE] team=2 losTgt=55.65
[WOBBLE_FIRE] team=2 losTgt=54.85
[WOBBLE_FIRE] team=2 losTgt=54.06
[WOBBLE_FIRE] team=2 losTgt=53.26
[WOBBLE_FIRE] team=2 losTgt=52.45
[WOBBLE_FIRE] team=2 losTgt=51.64
[WOBBLE_FIRE] team=2 losTgt=50.83
[WOBBLE_FIRE] team=2 losTgt=50.01
[WOBBLE_FIRE] team=2 losTgt=49.19
[WOBBLE_FIRE] team=2 losTgt=48.36
[WOBBLE_FIRE] team=2 losTgt=47.52
[WOBBLE_FIRE] team=2 losTgt=46.68
[WOBBLE_FIRE] team=2 losTgt=45.83
[ACTIVE] [RED] LeadPredict dist=1653.29 dV=-21.6579 thr=0.877368 om=0.205194 lt=3
[WOBBLE_FIRE] team=2 losTgt=47.32
[WOBBLE_FIRE] team=2 losTgt=50.98
[WOBBLE_FIRE] team=2 losTgt=54.75
[WOBBLE_FIRE] team=2 losTgt=58.45
[WOBBLE_FIRE] team=2 losTgt=61.73
[WOBBLE_FIRE] team=2 losTgt=64.25
[WOBBLE_FIRE] team=2 losTgt=66.15
[WOBBLE_FIRE] team=2 losTgt=67.78
[WOBBLE_FIRE] team=2 losTgt=69.59
[WOBBLE_FIRE] team=2 losTgt=71.61
[WOBBLE_FIRE] team=2 losTgt=73.72
[WOBBLE_FIRE] team=2 losTgt=75.80
[WOBBLE_FIRE] team=2 losTgt=77.76
[WOBBLE_FIRE] team=2 losTgt=79.61
[WOBBLE_FIRE] team=2 losTgt=81.31
[WOBBLE_FIRE] team=2 losTgt=82.86
[WOBBLE_FIRE] team=2 losTgt=84.25
[WOBBLE_FIRE] team=2 losTgt=85.49
[WOBBLE_FIRE] team=2 losTgt=86.57
[WOBBLE_FIRE] team=2 losTgt=87.50
[WOBBLE_FIRE] team=2 losTgt=88.29
[WOBBLE_FIRE] team=2 losTgt=88.93
[WOBBLE_FIRE] team=2 losTgt=89.44
[WOBBLE_FIRE] team=2 losTgt=89.83
[WOBBLE_FIRE] team=2 losTgt=90.10
[WOBBLE_FIRE] team=2 losTgt=90.29
[WOBBLE_FIRE] team=2 losTgt=90.40
[WOBBLE_FIRE] team=2 losTgt=90.43
[WOBBLE_FIRE] team=2 losTgt=90.40
[WOBBLE_FIRE] team=2 losTgt=90.25
[WOBBLE_FIRE] team=2 losTgt=89.99
[WOBBLE_FIRE] team=2 losTgt=89.63
[WOBBLE_FIRE] team=2 losTgt=89.20
[WOBBLE_FIRE] team=2 losTgt=88.75
[WOBBLE_FIRE] team=2 losTgt=88.26
[WOBBLE_FIRE] team=2 losTgt=87.74
[WOBBLE_FIRE] team=2 losTgt=87.20
[ACTIVE] [RED] LeadPredict dist=1840.4 dV=-26.0821 thr=0.663745 om=0.226242 lt=3
[WOBBLE_FIRE] team=2 losTgt=86.61
[WOBBLE_FIRE] team=2 losTgt=85.99
[WOBBLE_FIRE] team=2 losTgt=85.34
[WOBBLE_FIRE] team=2 losTgt=84.66
[WOBBLE_FIRE] team=2 losTgt=83.94
[WOBBLE_FIRE] team=2 losTgt=83.19
[WOBBLE_FIRE] team=2 losTgt=82.42
[WOBBLE_FIRE] team=2 losTgt=81.64
[WOBBLE_FIRE] team=2 losTgt=80.83
[WOBBLE_FIRE] team=2 losTgt=79.99
[WOBBLE_FIRE] team=2 losTgt=79.12
[WOBBLE_FIRE] team=2 losTgt=78.22
[WOBBLE_FIRE] team=2 losTgt=77.30
[WOBBLE_FIRE] team=2 losTgt=76.35
[WOBBLE_FIRE] team=2 losTgt=75.39
[WOBBLE_FIRE] team=2 losTgt=74.40
[WOBBLE_FIRE] team=2 losTgt=73.40
[WOBBLE_FIRE] team=2 losTgt=72.37
[WOBBLE_FIRE] team=2 losTgt=71.33
[WOBBLE_FIRE] team=2 losTgt=70.27
[WOBBLE_FIRE] team=2 losTgt=69.20
[WOBBLE_FIRE] team=2 losTgt=68.10
[WOBBLE_FIRE] team=2 losTgt=67.00
[WOBBLE_FIRE] team=2 losTgt=65.87
[WOBBLE_FIRE] team=2 losTgt=64.73
[WOBBLE_FIRE] team=2 losTgt=63.57
[WOBBLE_FIRE] team=2 losTgt=62.40
[WOBBLE_FIRE] team=2 losTgt=61.21
[WOBBLE_FIRE] team=2 losTgt=60.00
[WOBBLE_FIRE] team=2 losTgt=58.78
[WOBBLE_FIRE] team=2 losTgt=57.55
[WOBBLE_FIRE] team=2 losTgt=56.29
[WOBBLE_FIRE] team=2 losTgt=55.02
[WOBBLE_FIRE] team=2 losTgt=53.74
[WOBBLE_FIRE] team=2 losTgt=52.44
[WOBBLE_FIRE] team=2 losTgt=51.12
[WOBBLE_FIRE] team=2 losTgt=49.79
[WOBBLE_FIRE] team=2 losTgt=48.43
[WOBBLE_FIRE] team=2 losTgt=47.06
[WOBBLE_FIRE] team=2 losTgt=45.67
[ACTIVE] [RED] LeadPredict dist=1701.24 dV=-41.9783 thr=0.589627 om=0.173176 lt=3
[WOBBLE_FIRE] team=2 losTgt=45.33
[WOBBLE_FIRE] team=2 losTgt=47.64
[WOBBLE_FIRE] team=2 losTgt=52.97
[WOBBLE_FIRE] team=2 losTgt=56.24
[WOBBLE_FIRE] team=2 losTgt=59.71
[WOBBLE_FIRE] team=2 losTgt=63.28
[WOBBLE_FIRE] team=2 losTgt=66.83
[WOBBLE_FIRE] team=2 losTgt=70.35
[WOBBLE_FIRE] team=2 losTgt=73.84
[WOBBLE_FIRE] team=2 losTgt=77.29
[WOBBLE_FIRE] team=2 losTgt=80.63
[WOBBLE_FIRE] team=2 losTgt=83.84
[WOBBLE_FIRE] team=2 losTgt=87.11
[WOBBLE_FIRE] team=2 losTgt=90.63
[WOBBLE_FIRE] team=2 losTgt=95.04
[WOBBLE_FIRE] team=2 losTgt=99.67
[WOBBLE_FIRE] team=2 losTgt=104.24
[ACTIVE] [RED] ClimbOut Z=2670.25
[WOBBLE_FIRE] team=2 losTgt=108.49
[WOBBLE_FIRE] team=2 losTgt=112.51
[WOBBLE_FIRE] team=2 losTgt=116.31
[WOBBLE_FIRE] team=2 losTgt=119.96
[WOBBLE_FIRE] team=2 losTgt=123.48
[WOBBLE_FIRE] team=2 losTgt=126.87
[WOBBLE_FIRE] team=2 losTgt=130.14
[WOBBLE_FIRE] team=2 losTgt=133.30
[WOBBLE_FIRE] team=2 losTgt=136.34
[WOBBLE_FIRE] team=2 losTgt=139.28
[WOBBLE_FIRE] team=2 losTgt=142.12
[WOBBLE_FIRE] team=2 losTgt=144.87
[WOBBLE_FIRE] team=2 losTgt=147.54
[WOBBLE_FIRE] team=2 losTgt=150.13
[WOBBLE_FIRE] team=2 losTgt=152.64
[WOBBLE_FIRE] team=2 losTgt=155.08
[WOBBLE_FIRE] team=2 losTgt=157.46
[WOBBLE_FIRE] team=2 losTgt=159.78
[WOBBLE_FIRE] team=2 losTgt=162.04
[WOBBLE_FIRE] team=2 losTgt=164.24
[WOBBLE_FIRE] team=2 losTgt=166.40
[WOBBLE_FIRE] team=2 losTgt=168.50
[WOBBLE_FIRE] team=2 losTgt=170.56
[WOBBLE_FIRE] team=2 losTgt=172.57
[WOBBLE_FIRE] team=2 losTgt=174.50
[WOBBLE_FIRE] team=2 losTgt=176.26
[WOBBLE_FIRE] team=2 losTgt=177.69
[WOBBLE_FIRE] team=2 losTgt=178.03
[WOBBLE_FIRE] team=2 losTgt=176.93
[WOBBLE_FIRE] team=2 losTgt=175.35
[WOBBLE_FIRE] team=2 losTgt=173.67
[WOBBLE_FIRE] team=2 losTgt=171.96
[WOBBLE_FIRE] team=2 losTgt=170.25
[WOBBLE_FIRE] team=2 losTgt=168.55
[WOBBLE_FIRE] team=2 losTgt=166.86
[WOBBLE_FIRE] team=2 losTgt=165.19
[WOBBLE_FIRE] team=2 losTgt=163.54
[WOBBLE_FIRE] team=2 losTgt=161.91
[WOBBLE_FIRE] team=2 losTgt=160.29
[WOBBLE_FIRE] team=2 losTgt=158.69
[WOBBLE_FIRE] team=2 losTgt=157.10
[WOBBLE_FIRE] team=2 losTgt=155.53
[WOBBLE_FIRE] team=2 losTgt=153.98
[WOBBLE_FIRE] team=2 losTgt=152.44
[WOBBLE_FIRE] team=2 losTgt=150.91
[WOBBLE_FIRE] team=2 losTgt=149.40
[WOBBLE_FIRE] team=2 losTgt=147.90
[WOBBLE_FIRE] team=2 losTgt=146.41
[WOBBLE_FIRE] team=2 losTgt=144.94
[WOBBLE_FIRE] team=2 losTgt=143.47
[WOBBLE_FIRE] team=2 losTgt=142.03
[WOBBLE_FIRE] team=2 losTgt=140.59
[WOBBLE_FIRE] team=2 losTgt=139.17
[WOBBLE_FIRE] team=2 losTgt=137.75
[WOBBLE_FIRE] team=2 losTgt=136.35
[WOBBLE_FIRE] team=2 losTgt=134.97
[WOBBLE_FIRE] team=2 losTgt=133.59
[WOBBLE_FIRE] team=2 losTgt=132.22
[WOBBLE_FIRE] team=2 losTgt=130.87
[WOBBLE_FIRE] team=2 losTgt=129.52
[ACTIVE] [RED] LeadPredict dist=4645.16 dV=41.9268 thr=1 om=0.221569 lt=3
[WOBBLE_FIRE] team=2 losTgt=128.17
[WOBBLE_FIRE] team=2 losTgt=126.84
[WOBBLE_FIRE] team=2 losTgt=125.52
[WOBBLE_FIRE] team=2 losTgt=124.20
[WOBBLE_FIRE] team=2 losTgt=122.90
[WOBBLE_FIRE] team=2 losTgt=121.60
[WOBBLE_FIRE] team=2 losTgt=120.31
[WOBBLE_FIRE] team=2 losTgt=119.03
[WOBBLE_FIRE] team=2 losTgt=117.76
[WOBBLE_FIRE] team=2 losTgt=116.49
[WOBBLE_FIRE] team=2 losTgt=115.23
[WOBBLE_FIRE] team=2 losTgt=113.99
[WOBBLE_FIRE] team=2 losTgt=112.75
[WOBBLE_FIRE] team=2 losTgt=111.51
[WOBBLE_FIRE] team=2 losTgt=110.29
[WOBBLE_FIRE] team=2 losTgt=109.07
[WOBBLE_FIRE] team=2 losTgt=107.86
[WOBBLE_FIRE] team=2 losTgt=106.66
[WOBBLE_FIRE] team=2 losTgt=105.47
[WOBBLE_FIRE] team=2 losTgt=104.28
[WOBBLE_FIRE] team=2 losTgt=103.10
[WOBBLE_FIRE] team=2 losTgt=101.93
[WOBBLE_FIRE] team=2 losTgt=100.77
[WOBBLE_FIRE] team=2 losTgt=99.61
[WOBBLE_FIRE] team=2 losTgt=98.46
[WOBBLE_FIRE] team=2 losTgt=97.32
[WOBBLE_FIRE] team=2 losTgt=96.19
[WOBBLE_FIRE] team=2 losTgt=95.06
[WOBBLE_FIRE] team=2 losTgt=93.92
[WOBBLE_FIRE] team=2 losTgt=92.76
[WOBBLE_FIRE] team=2 losTgt=91.61
[WOBBLE_FIRE] team=2 losTgt=90.45
[WOBBLE_FIRE] team=2 losTgt=89.28
[WOBBLE_FIRE] team=2 losTgt=88.12
[WOBBLE_FIRE] team=2 losTgt=86.94
[WOBBLE_FIRE] team=2 losTgt=85.73
[WOBBLE_FIRE] team=2 losTgt=84.52
[WOBBLE_FIRE] team=2 losTgt=83.33
[WOBBLE_FIRE] team=2 losTgt=82.16
[WOBBLE_FIRE] team=2 losTgt=80.99
[WOBBLE_FIRE] team=2 losTgt=79.82
[WOBBLE_FIRE] team=2 losTgt=78.65
[WOBBLE_FIRE] team=2 losTgt=77.47
[WOBBLE_FIRE] team=2 losTgt=76.29
[WOBBLE_FIRE] team=2 losTgt=75.11
[WOBBLE_FIRE] team=2 losTgt=73.93
[WOBBLE_FIRE] team=2 losTgt=72.73
[WOBBLE_FIRE] team=2 losTgt=71.51
[WOBBLE_FIRE] team=2 losTgt=70.27
[WOBBLE_FIRE] team=2 losTgt=69.02
[WOBBLE_FIRE] team=2 losTgt=67.76
[WOBBLE_FIRE] team=2 losTgt=66.49
[WOBBLE_FIRE] team=2 losTgt=65.21
[WOBBLE_FIRE] team=2 losTgt=63.93
[WOBBLE_FIRE] team=2 losTgt=62.64
[WOBBLE_FIRE] team=2 losTgt=61.34
[WOBBLE_FIRE] team=2 losTgt=60.03
[WOBBLE_FIRE] team=2 losTgt=58.71
[WOBBLE_FIRE] team=2 losTgt=57.38
[WOBBLE_FIRE] team=2 losTgt=56.04
[ACTIVE] [RED] LeadPredict dist=4527.97 dV=22.1209 thr=1 om=0.104209 lt=3
[WOBBLE_FIRE] team=2 losTgt=54.70
[WOBBLE_FIRE] team=2 losTgt=53.34
[WOBBLE_FIRE] team=2 losTgt=51.98
[WOBBLE_FIRE] team=2 losTgt=50.60
[WOBBLE_FIRE] team=2 losTgt=49.22
[WOBBLE_FIRE] team=2 losTgt=47.82
[WOBBLE_FIRE] team=2 losTgt=46.42
[WOBBLE_FIRE] team=2 losTgt=45.02
[ACTIVE] [RED] LeadPredict dist=2436.13 dV=27.3168 thr=1 om=0.275702 lt=3
[ACTIVE] [RED] LeadPredict dist=1072.25 dV=-8.89981 thr=1 om=0.0459071 lt=3
[WOBBLE_FIRE] team=2 losTgt=45.17
[WOBBLE_FIRE] team=2 losTgt=45.85
[WOBBLE_FIRE] team=2 losTgt=46.47
[WOBBLE_FIRE] team=2 losTgt=47.03
[WOBBLE_FIRE] team=2 losTgt=47.53
[WOBBLE_FIRE] team=2 losTgt=47.99
[WOBBLE_FIRE] team=2 losTgt=48.36
[WOBBLE_FIRE] team=2 losTgt=48.68
[WOBBLE_FIRE] team=2 losTgt=48.95
[WOBBLE_FIRE] team=2 losTgt=49.12
[WOBBLE_FIRE] team=2 losTgt=49.19
[WOBBLE_FIRE] team=2 losTgt=49.17
[WOBBLE_FIRE] team=2 losTgt=49.06
[WOBBLE_FIRE] team=2 losTgt=48.88
[WOBBLE_FIRE] team=2 losTgt=48.64
[WOBBLE_FIRE] team=2 losTgt=48.34
[WOBBLE_FIRE] team=2 losTgt=47.97
[WOBBLE_FIRE] team=2 losTgt=47.55
[WOBBLE_FIRE] team=2 losTgt=47.08
[WOBBLE_FIRE] team=2 losTgt=46.56
[WOBBLE_FIRE] team=2 losTgt=45.98
[WOBBLE_FIRE] team=2 losTgt=45.37
[ACTIVE] [RED] LeadPredict dist=1440.74 dV=-26.185 thr=0.994339 om=0.245914 lt=3
[DUTY] team=1 ticks=2400 v27종말조준=0% v21뱅크예측=66.625% v17궤도조건=48.625% v17슬롯적용=46.125% 상승클램프=0% 강하클램프=16.7083% v23b조건=35.8333% v23b실제적용=35.8333%
[ACTIVE] [RED] LeadPredict dist=1221.62 dV=-1.90341 thr=0.71425 om=0.203255 lt=3
[ACTIVE] [RED] LeadPredict dist=1494.97 dV=-17.3366 thr=0.83097 om=0.0279689 lt=3
[ACTIVE] [RED] LeadPredict dist=1581.05 dV=-2.72653 thr=1 om=0.252763 lt=3
[ACTIVE] [RED] LeadPredict dist=1324.46 dV=20.2689 thr=0.96 om=0.202508 lt=3
[ACTIVE] [RED] LeadPredict dist=1267.2 dV=-6.27615 thr=1 om=0.003139 lt=3
[ACTIVE] [RED] LeadPredict dist=1272.96 dV=-2.31497 thr=1 om=0.285648 lt=3
[ACTIVE] [RED] LeadPredict dist=1156.46 dV=-9.82581 thr=0.600996 om=0.223723 lt=3
[ACTIVE] [RED] ClimbOut Z=3011.05
[WOBBLE_FIRE] team=2 losTgt=46.02
[WOBBLE_FIRE] team=2 losTgt=47.35
[WOBBLE_FIRE] team=2 losTgt=48.07
[WOBBLE_FIRE] team=2 losTgt=48.44
[WOBBLE_FIRE] team=2 losTgt=49.36
[WOBBLE_FIRE] team=2 losTgt=49.77
[WOBBLE_FIRE] team=2 losTgt=50.35
[WOBBLE_FIRE] team=2 losTgt=51.78
[WOBBLE_FIRE] team=2 losTgt=52.19
[WOBBLE_FIRE] team=2 losTgt=50.07
[WOBBLE_FIRE] team=2 losTgt=49.36
[WOBBLE_FIRE] team=2 losTgt=51.46
[WOBBLE_FIRE] team=2 losTgt=53.34
[WOBBLE_FIRE] team=2 losTgt=51.56
[WOBBLE_FIRE] team=2 losTgt=49.96
[WOBBLE_FIRE] team=2 losTgt=51.82
[WOBBLE_FIRE] team=2 losTgt=52.41
[WOBBLE_FIRE] team=2 losTgt=50.50
[WOBBLE_FIRE] team=2 losTgt=50.90
[WOBBLE_FIRE] team=2 losTgt=51.97
[WOBBLE_FIRE] team=2 losTgt=51.10
[WOBBLE_FIRE] team=2 losTgt=51.02
[WOBBLE_FIRE] team=2 losTgt=50.83
[WOBBLE_FIRE] team=2 losTgt=50.08
[WOBBLE_FIRE] team=2 losTgt=48.79
[WOBBLE_FIRE] team=2 losTgt=47.46
[WOBBLE_FIRE] team=2 losTgt=46.31
[WOBBLE_FIRE] team=2 losTgt=45.31
[WOBBLE_FIRE] team=2 losTgt=45.19
[ACTIVE] [RED] ClimbOut Z=2153.13
[WOBBLE_FIRE] team=2 losTgt=45.58
[WOBBLE_FIRE] team=2 losTgt=46.04
[WOBBLE_FIRE] team=2 losTgt=45.94
[WOBBLE_FIRE] team=2 losTgt=45.57
[WOBBLE_FIRE] team=2 losTgt=45.35
[WOBBLE_FIRE] team=2 losTgt=45.33
[ACTIVE] [RED] LeadPredict dist=1204.87 dV=31.9467 thr=0.58591 om=0.0270041 lt=3
[ACTIVE] [RED] LeadPredict dist=1216.6 dV=-5.09296 thr=0.92 om=0.235974 lt=3
[ACTIVE] [RED] LeadPredict dist=1115.89 dV=-26.648 thr=1 om=0.00887215 lt=3
[DUTY] team=1 ticks=3000 v27종말조준=0% v21뱅크예측=65.0333% v17궤도조건=51.4% v17슬롯적용=49.4% 상승클램프=0% 강하클램프=15.2333% v23b조건=37.9% v23b실제적용=37.9%
[ACTIVE] [RED] LeadPredict dist=1237.41 dV=-5.09296 thr=0.775906 om=0.187553 lt=3
[ACTIVE] [RED] LeadPredict dist=1131.84 dV=16.7708 thr=1 om=0.239294 lt=3
[ACTIVE] [RED] LeadPredict dist=940.267 dV=11.009 thr=0.679268 om=0.0752977 lt=2.80287
[ACTIVE] [RED] LeadPredict dist=971.464 dV=6.9964 thr=1 om=0.0554549 lt=2.84696
[ACTIVE] [RED] LeadPredict dist=891.313 dV=27.574 thr=0.912 om=0.238438 lt=2.02337
[ACTIVE] [RED] LeadPredict dist=762.537 dV=15.9991 thr=0.688232 om=0.206018 lt=2.28745
[ACTIVE] [RED] LeadPredict dist=773.214 dV=1.33752 thr=0.98395 om=0.0233627 lt=0
[ACTIVE] [RED] LeadPredict dist=724.282 dV=10.5975 thr=0.87283 om=0.229078 lt=2.16168
[ACTIVE] [RED] LeadPredict dist=871.333 dV=-6.99637 thr=0.714906 om=0.217787 lt=2.66397
[ACTIVE] [RED] LeadPredict dist=985.583 dV=13.6841 thr=0.645161 om=0.212017 lt=2.86931
[DUTY] team=1 ticks=3600 v27종말조준=3.27778% v21뱅크예측=61.8889% v17궤도조건=52.6667% v17슬롯적용=51% 상승클램프=0% 강하클램프=14.7222% v23b조건=38.3611% v23b실제적용=38.3611%
[ACTIVE] [RED] LeadPredict dist=957.167 dV=8.43683 thr=0.700476 om=0.220211 lt=2.89633
[ACTIVE] [RED] LeadPredict dist=1081.44 dV=-6.99637 thr=0.772845 om=0.00458818 lt=3
runner:local/env:0	num_steps=[11932] | total rewards=[977.3088] | termination= [target destroyed]
[seed 1] reward=   977.31 ownHP=1.0000 tgtHP=-0.0000 target destroyed
total: 2
[ACTIVE] [RED] LeadPredict dist=4056.84 dV=3.54965 thr=1 om=0.167619 lt=3
[ACTIVE] [RED] LeadPredict dist=1201.35 dV=8.43683 thr=0.750762 om=0.12394 lt=3
[WOBBLE_FIRE] team=2 losTgt=45.57
[WOBBLE_FIRE] team=2 losTgt=47.44
[WOBBLE_FIRE] team=2 losTgt=49.36
[WOBBLE_FIRE] team=2 losTgt=51.30
[WOBBLE_FIRE] team=2 losTgt=53.24
[WOBBLE_FIRE] team=2 losTgt=55.19
[WOBBLE_FIRE] team=2 losTgt=57.11
[WOBBLE_FIRE] team=2 losTgt=59.01
[WOBBLE_FIRE] team=2 losTgt=60.85
[WOBBLE_FIRE] team=2 losTgt=62.65
[WOBBLE_FIRE] team=2 losTgt=64.38
[WOBBLE_FIRE] team=2 losTgt=66.04
[WOBBLE_FIRE] team=2 losTgt=67.62
[WOBBLE_FIRE] team=2 losTgt=69.13
[WOBBLE_FIRE] team=2 losTgt=70.53
[WOBBLE_FIRE] team=2 losTgt=71.85
[WOBBLE_FIRE] team=2 losTgt=73.07
[WOBBLE_FIRE] team=2 losTgt=74.19
[WOBBLE_FIRE] team=2 losTgt=75.22
[WOBBLE_FIRE] team=2 losTgt=76.16
[WOBBLE_FIRE] team=2 losTgt=77.00
[WOBBLE_FIRE] team=2 losTgt=77.76
[WOBBLE_FIRE] team=2 losTgt=78.43
[WOBBLE_FIRE] team=2 losTgt=79.02
[WOBBLE_FIRE] team=2 losTgt=79.52
[WOBBLE_FIRE] team=2 losTgt=79.95
[WOBBLE_FIRE] team=2 losTgt=80.31
[WOBBLE_FIRE] team=2 losTgt=80.60
[WOBBLE_FIRE] team=2 losTgt=80.82
[WOBBLE_FIRE] team=2 losTgt=80.98
[WOBBLE_FIRE] team=2 losTgt=81.07
[WOBBLE_FIRE] team=2 losTgt=81.11
[WOBBLE_FIRE] team=2 losTgt=81.10
[WOBBLE_FIRE] team=2 losTgt=81.04
[WOBBLE_FIRE] team=2 losTgt=80.92
[WOBBLE_FIRE] team=2 losTgt=80.76
[WOBBLE_FIRE] team=2 losTgt=80.56
[WOBBLE_FIRE] team=2 losTgt=80.31
[WOBBLE_FIRE] team=2 losTgt=80.03
[WOBBLE_FIRE] team=2 losTgt=79.71
[WOBBLE_FIRE] team=2 losTgt=79.35
[WOBBLE_FIRE] team=2 losTgt=78.96
[WOBBLE_FIRE] team=2 losTgt=78.54
[WOBBLE_FIRE] team=2 losTgt=78.08
[WOBBLE_FIRE] team=2 losTgt=77.60
[WOBBLE_FIRE] team=2 losTgt=77.08
[WOBBLE_FIRE] team=2 losTgt=76.54
[WOBBLE_FIRE] team=2 losTgt=75.98
[WOBBLE_FIRE] team=2 losTgt=75.39
[WOBBLE_FIRE] team=2 losTgt=74.77
[WOBBLE_FIRE] team=2 losTgt=74.14
[WOBBLE_FIRE] team=2 losTgt=73.48
[WOBBLE_FIRE] team=2 losTgt=72.79
[WOBBLE_FIRE] team=2 losTgt=72.09
[ACTIVE] [RED] LeadPredict dist=2163.19 dV=10.2374 thr=0.636197 om=0.189017 lt=3
[WOBBLE_FIRE] team=2 losTgt=71.37
[WOBBLE_FIRE] team=2 losTgt=70.63
[WOBBLE_FIRE] team=2 losTgt=69.87
[WOBBLE_FIRE] team=2 losTgt=69.09
[WOBBLE_FIRE] team=2 losTgt=68.29
[WOBBLE_FIRE] team=2 losTgt=67.47
[WOBBLE_FIRE] team=2 losTgt=66.64
[WOBBLE_FIRE] team=2 losTgt=65.79
[WOBBLE_FIRE] team=2 losTgt=64.93
[WOBBLE_FIRE] team=2 losTgt=64.05
[WOBBLE_FIRE] team=2 losTgt=63.15
[WOBBLE_FIRE] team=2 losTgt=62.24
[WOBBLE_FIRE] team=2 losTgt=61.31
[WOBBLE_FIRE] team=2 losTgt=60.37
[WOBBLE_FIRE] team=2 losTgt=59.41
[WOBBLE_FIRE] team=2 losTgt=58.44
[WOBBLE_FIRE] team=2 losTgt=57.45
[WOBBLE_FIRE] team=2 losTgt=56.44
[WOBBLE_FIRE] team=2 losTgt=55.42
[WOBBLE_FIRE] team=2 losTgt=54.38
[WOBBLE_FIRE] team=2 losTgt=53.33
[WOBBLE_FIRE] team=2 losTgt=52.26
[WOBBLE_FIRE] team=2 losTgt=51.18
[WOBBLE_FIRE] team=2 losTgt=50.08
[WOBBLE_FIRE] team=2 losTgt=48.97
[WOBBLE_FIRE] team=2 losTgt=47.83
[WOBBLE_FIRE] team=2 losTgt=46.68
[WOBBLE_FIRE] team=2 losTgt=45.52
[ACTIVE] [RED] LeadPredict dist=1504.44 dV=-26.0821 thr=0.893781 om=0.225645 lt=3
[ACTIVE] [RED] LeadPredict dist=1545.8 dV=-24.333 thr=0.601215 om=0.00625919 lt=3
[ACTIVE] [RED] LeadPredict dist=1737.36 dV=-17.6967 thr=1 om=0.0319008 lt=3
[ACTIVE] [RED] LeadPredict dist=1797.42 dV=-10.546 thr=1 om=0.281922 lt=3
[ACTIVE] [RED] LeadPredict dist=1456.95 dV=6.43051 thr=0.72 om=0.222613 lt=3
[DUTY] team=1 ticks=4200 v27종말조준=2.80952% v21뱅크예측=61.7143% v17궤도조건=54.6667% v17슬롯적용=53.2381% 상승클램프=0% 강하클램프=16.2619% v23b조건=40.9048% v23b실제적용=40.9048%
[ACTIVE] [RED] LeadPredict dist=1408.42 dV=-14.6101 thr=1 om=0.0166813 lt=3
[ACTIVE] [RED] LeadPredict dist=1461.87 dV=-1.2861 thr=1 om=0.273632 lt=3
[ACTIVE] [RED] LeadPredict dist=1343.98 dV=-0.565887 thr=0.607337 om=0.227322 lt=3
[ACTIVE] [RED] LeadPredict dist=1382.65 dV=-10.4946 thr=1 om=0.0281715 lt=3
[ACTIVE] [RED] LeadPredict dist=1446.04 dV=0.0514526 thr=1 om=0.27617 lt=3
[ACTIVE] [RED] LeadPredict dist=1184.9 dV=9.36279 thr=0.61324 om=0.22213 lt=3
[ACTIVE] [RED] LeadPredict dist=1124.62 dV=-5.35019 thr=1 om=0.0625426 lt=3
[ACTIVE] [RED] LeadPredict dist=1128.55 dV=9.72293 thr=1 om=0.260609 lt=3
[ACTIVE] [RED] LeadPredict dist=1053.26 dV=-0.257233 thr=0.68692 om=0.219903 lt=3
[ACTIVE] [RED] LeadPredict dist=1074.03 dV=0.668762 thr=1 om=0.0113034 lt=3
[DUTY] team=1 ticks=4800 v27종말조준=2.45833% v21뱅크예측=61.8125% v17궤도조건=55.7083% v17슬롯적용=54.4583% 상승클램프=0% 강하클램프=14.2292% v23b조건=40.625% v23b실제적용=40.625%
[ACTIVE] [RED] LeadPredict dist=1008.09 dV=23.6642 thr=1 om=0.245347 lt=2.7847
[ACTIVE] [RED] LeadPredict dist=845.644 dV=20.2175 thr=0.602089 om=0.223366 lt=2.39135
[ACTIVE] [RED] LeadPredict dist=798.931 dV=0.463013 thr=0.757321 om=0.0496282 lt=2.51949
[ACTIVE] [RED] LeadPredict dist=826.604 dV=6.79062 thr=0.932245 om=0.25027 lt=0.94394
[ACTIVE] [RED] LeadPredict dist=970.099 dV=0.360107 thr=0.744641 om=0.152549 lt=3
[ACTIVE] [RED] LeadPredict dist=990.345 dV=3.4982 thr=1 om=0.0228488 lt=3
[ACTIVE] [RED] LeadPredict dist=986.891 dV=1.95486 thr=1 om=0.187215 lt=2.90663
[ACTIVE] [RED] LeadPredict dist=942.617 dV=4.16696 thr=0.718841 om=0.195191 lt=2.89009
[ACTIVE] [RED] LeadPredict dist=1026.37 dV=-3.18954 thr=1 om=0.0329675 lt=3
[ACTIVE] [RED] LeadPredict dist=1033.8 dV=5.91608 thr=1 om=0.202375 lt=2.95567
[DUTY] team=1 ticks=5400 v27종말조준=3.31481% v21뱅크예측=61.537% v17궤도조건=56.2407% v17슬롯적용=55.1296% 상승클램프=0% 강하클램프=12.6481% v23b조건=40.4259% v23b실제적용=40.4259%
[ACTIVE] [RED] LeadPredict dist=940.37 dV=1.59476 thr=0.643193 om=0.226556 lt=2.73399
[ACTIVE] [RED] LeadPredict dist=967.764 dV=-2.67508 thr=1 om=0.0249341 lt=2.88042
[ACTIVE] [RED] LeadPredict dist=962.557 dV=4.83572 thr=1 om=0.258891 lt=2.76418
[ACTIVE] [RED] LeadPredict dist=997.406 dV=0.154358 thr=0.684734 om=0.217008 lt=2.98463
[ACTIVE] [RED] LeadPredict dist=1063.96 dV=-12.2437 thr=1 om=0.0119572 lt=3
[ACTIVE] [RED] LeadPredict dist=1053.3 dV=9.77435 thr=1 om=0.125891 lt=2.95194
runner:local/env:0	num_steps=[11999] | total rewards=[1249.4453] | termination= [max time out]
[seed 2] reward=  1249.45 ownHP=1.0000 tgtHP=0.4984 max time out
total: 2
[WOBBLE_FIRE] team=2 losTgt=54.18
[WOBBLE_FIRE] team=2 losTgt=54.36
[WOBBLE_FIRE] team=2 losTgt=54.51
[WOBBLE_FIRE] team=2 losTgt=54.65
[WOBBLE_FIRE] team=2 losTgt=54.81
[WOBBLE_FIRE] team=2 losTgt=54.93
[WOBBLE_FIRE] team=2 losTgt=54.96
[WOBBLE_FIRE] team=2 losTgt=54.81
[WOBBLE_FIRE] team=2 losTgt=54.42
[WOBBLE_FIRE] team=2 losTgt=53.73
[WOBBLE_FIRE] team=2 losTgt=52.78
[WOBBLE_FIRE] team=2 losTgt=51.77
[WOBBLE_FIRE] team=2 losTgt=50.83
[WOBBLE_FIRE] team=2 losTgt=49.97
[WOBBLE_FIRE] team=2 losTgt=49.18
[WOBBLE_FIRE] team=2 losTgt=48.43
[WOBBLE_FIRE] team=2 losTgt=47.71
[WOBBLE_FIRE] team=2 losTgt=47.01
[WOBBLE_FIRE] team=2 losTgt=46.33
[WOBBLE_FIRE] team=2 losTgt=45.68
[WOBBLE_FIRE] team=2 losTgt=45.04
[ACTIVE] [RED] LeadPredict dist=2680.18 dV=20.4233 thr=1 om=0.133184 lt=3
[WOBBLE_FIRE] team=2 losTgt=45.90
[WOBBLE_FIRE] team=2 losTgt=46.93
[WOBBLE_FIRE] team=2 losTgt=48.08
[WOBBLE_FIRE] team=2 losTgt=49.37
[WOBBLE_FIRE] team=2 losTgt=50.80
[WOBBLE_FIRE] team=2 losTgt=52.41
[WOBBLE_FIRE] team=2 losTgt=54.20
[WOBBLE_FIRE] team=2 losTgt=56.17
[WOBBLE_FIRE] team=2 losTgt=58.33
[WOBBLE_FIRE] team=2 losTgt=60.69
[WOBBLE_FIRE] team=2 losTgt=63.26
[WOBBLE_FIRE] team=2 losTgt=66.03
[WOBBLE_FIRE] team=2 losTgt=68.98
[WOBBLE_FIRE] team=2 losTgt=72.13
[WOBBLE_FIRE] team=2 losTgt=75.44
[WOBBLE_FIRE] team=2 losTgt=78.88
[WOBBLE_FIRE] team=2 losTgt=82.44
[WOBBLE_FIRE] team=2 losTgt=86.06
[WOBBLE_FIRE] team=2 losTgt=89.71
[WOBBLE_FIRE] team=2 losTgt=93.33
[WOBBLE_FIRE] team=2 losTgt=96.91
[WOBBLE_FIRE] team=2 losTgt=100.38
[WOBBLE_FIRE] team=2 losTgt=103.72
[WOBBLE_FIRE] team=2 losTgt=106.90
[WOBBLE_FIRE] team=2 losTgt=109.91
[WOBBLE_FIRE] team=2 losTgt=112.73
[WOBBLE_FIRE] team=2 losTgt=115.41
[WOBBLE_FIRE] team=2 losTgt=117.93
[WOBBLE_FIRE] team=2 losTgt=120.18
[WOBBLE_FIRE] team=2 losTgt=122.18
[ACTIVE] [RED] LeadPredict dist=975.083 dV=83.4422 thr=0.63 om=0.189906 lt=2.88937
[WOBBLE_FIRE] team=2 losTgt=124.01
[WOBBLE_FIRE] team=2 losTgt=125.68
[WOBBLE_FIRE] team=2 losTgt=127.22
[WOBBLE_FIRE] team=2 losTgt=128.64
[WOBBLE_FIRE] team=2 losTgt=129.97
[WOBBLE_FIRE] team=2 losTgt=131.22
[WOBBLE_FIRE] team=2 losTgt=132.36
[WOBBLE_FIRE] team=2 losTgt=133.40
[WOBBLE_FIRE] team=2 losTgt=134.36
[WOBBLE_FIRE] team=2 losTgt=135.24
[WOBBLE_FIRE] team=2 losTgt=136.05
[WOBBLE_FIRE] team=2 losTgt=136.80
[WOBBLE_FIRE] team=2 losTgt=137.47
[WOBBLE_FIRE] team=2 losTgt=138.08
[WOBBLE_FIRE] team=2 losTgt=138.62
[WOBBLE_FIRE] team=2 losTgt=139.09
[WOBBLE_FIRE] team=2 losTgt=139.50
[WOBBLE_FIRE] team=2 losTgt=139.84
[WOBBLE_FIRE] team=2 losTgt=140.12
[WOBBLE_FIRE] team=2 losTgt=140.34
[WOBBLE_FIRE] team=2 losTgt=140.50
[WOBBLE_FIRE] team=2 losTgt=140.62
[WOBBLE_FIRE] team=2 losTgt=140.69
[WOBBLE_FIRE] team=2 losTgt=140.71
[WOBBLE_FIRE] team=2 losTgt=140.68
[WOBBLE_FIRE] team=2 losTgt=140.62
[WOBBLE_FIRE] team=2 losTgt=140.52
[WOBBLE_FIRE] team=2 losTgt=140.38
[WOBBLE_FIRE] team=2 losTgt=140.21
[WOBBLE_FIRE] team=2 losTgt=140.01
[WOBBLE_FIRE] team=2 losTgt=139.77
[WOBBLE_FIRE] team=2 losTgt=139.51
[WOBBLE_FIRE] team=2 losTgt=139.22
[WOBBLE_FIRE] team=2 losTgt=138.91
[WOBBLE_FIRE] team=2 losTgt=138.57
[WOBBLE_FIRE] team=2 losTgt=138.22
[WOBBLE_FIRE] team=2 losTgt=137.84
[WOBBLE_FIRE] team=2 losTgt=137.44
[WOBBLE_FIRE] team=2 losTgt=137.02
[WOBBLE_FIRE] team=2 losTgt=136.59
[WOBBLE_FIRE] team=2 losTgt=136.14
[WOBBLE_FIRE] team=2 losTgt=135.68
[WOBBLE_FIRE] team=2 losTgt=135.20
[WOBBLE_FIRE] team=2 losTgt=134.71
[WOBBLE_FIRE] team=2 losTgt=134.21
[WOBBLE_FIRE] team=2 losTgt=133.69
[WOBBLE_FIRE] team=2 losTgt=133.16
[WOBBLE_FIRE] team=2 losTgt=132.62
[WOBBLE_FIRE] team=2 losTgt=132.07
[WOBBLE_FIRE] team=2 losTgt=131.51
[WOBBLE_FIRE] team=2 losTgt=130.94
[WOBBLE_FIRE] team=2 losTgt=130.36
[WOBBLE_FIRE] team=2 losTgt=129.78
[WOBBLE_FIRE] team=2 losTgt=129.18
[WOBBLE_FIRE] team=2 losTgt=128.58
[WOBBLE_FIRE] team=2 losTgt=127.97
[WOBBLE_FIRE] team=2 losTgt=127.36
[WOBBLE_FIRE] team=2 losTgt=126.74
[WOBBLE_FIRE] team=2 losTgt=126.11
[WOBBLE_FIRE] team=2 losTgt=125.47
[ACTIVE] [RED] LeadPredict dist=3438.93 dV=162.512 thr=1 om=0.174601 lt=3
[WOBBLE_FIRE] team=2 losTgt=124.83
[WOBBLE_FIRE] team=2 losTgt=124.19
[WOBBLE_FIRE] team=2 losTgt=123.54
[WOBBLE_FIRE] team=2 losTgt=122.88
[WOBBLE_FIRE] team=2 losTgt=122.22
[WOBBLE_FIRE] team=2 losTgt=121.55
[WOBBLE_FIRE] team=2 losTgt=120.88
[WOBBLE_FIRE] team=2 losTgt=120.21
[WOBBLE_FIRE] team=2 losTgt=119.53
[WOBBLE_FIRE] team=2 losTgt=118.88
[WOBBLE_FIRE] team=2 losTgt=118.25
[WOBBLE_FIRE] team=2 losTgt=117.59
[WOBBLE_FIRE] team=2 losTgt=116.93
[WOBBLE_FIRE] team=2 losTgt=116.25
[WOBBLE_FIRE] team=2 losTgt=115.57
[WOBBLE_FIRE] team=2 losTgt=114.88
[WOBBLE_FIRE] team=2 losTgt=114.19
[WOBBLE_FIRE] team=2 losTgt=113.49
[WOBBLE_FIRE] team=2 losTgt=112.79
[WOBBLE_FIRE] team=2 losTgt=112.08
[WOBBLE_FIRE] team=2 losTgt=111.37
[WOBBLE_FIRE] team=2 losTgt=110.66
[WOBBLE_FIRE] team=2 losTgt=109.94
[WOBBLE_FIRE] team=2 losTgt=109.22
[WOBBLE_FIRE] team=2 losTgt=108.50
[WOBBLE_FIRE] team=2 losTgt=107.77
[WOBBLE_FIRE] team=2 losTgt=107.04
[WOBBLE_FIRE] team=2 losTgt=106.30
[WOBBLE_FIRE] team=2 losTgt=105.57
[WOBBLE_FIRE] team=2 losTgt=104.82
[WOBBLE_FIRE] team=2 losTgt=104.08
[WOBBLE_FIRE] team=2 losTgt=103.33
[WOBBLE_FIRE] team=2 losTgt=102.58
[WOBBLE_FIRE] team=2 losTgt=101.82
[WOBBLE_FIRE] team=2 losTgt=101.07
[WOBBLE_FIRE] team=2 losTgt=100.31
[WOBBLE_FIRE] team=2 losTgt=99.55
[WOBBLE_FIRE] team=2 losTgt=98.79
[WOBBLE_FIRE] team=2 losTgt=98.02
[WOBBLE_FIRE] team=2 losTgt=97.25
[WOBBLE_FIRE] team=2 losTgt=96.49
[WOBBLE_FIRE] team=2 losTgt=95.72
[WOBBLE_FIRE] team=2 losTgt=94.94
[WOBBLE_FIRE] team=2 losTgt=94.17
[WOBBLE_FIRE] team=2 losTgt=93.40
[WOBBLE_FIRE] team=2 losTgt=92.62
[WOBBLE_FIRE] team=2 losTgt=91.84
[WOBBLE_FIRE] team=2 losTgt=91.06
[WOBBLE_FIRE] team=2 losTgt=90.28
[WOBBLE_FIRE] team=2 losTgt=89.50
[WOBBLE_FIRE] team=2 losTgt=88.72
[WOBBLE_FIRE] team=2 losTgt=87.93
[WOBBLE_FIRE] team=2 losTgt=87.15
[WOBBLE_FIRE] team=2 losTgt=86.36
[WOBBLE_FIRE] team=2 losTgt=85.58
[WOBBLE_FIRE] team=2 losTgt=84.79
[WOBBLE_FIRE] team=2 losTgt=84.00
[WOBBLE_FIRE] team=2 losTgt=83.22
[WOBBLE_FIRE] team=2 losTgt=82.43
[WOBBLE_FIRE] team=2 losTgt=81.64
[ACTIVE] [RED] LeadPredict dist=4239.96 dV=160.197 thr=1 om=0.17677 lt=3
[DUTY] team=1 ticks=6000 v27종말조준=2.98333% v21뱅크예측=63.35% v17궤도조건=56.7167% v17슬롯적용=55.0333% 상승클램프=0% 강하클램프=13.2167% v23b조건=39.9333% v23b실제적용=39.5833%
[WOBBLE_FIRE] team=2 losTgt=80.85
[WOBBLE_FIRE] team=2 losTgt=80.06
[WOBBLE_FIRE] team=2 losTgt=79.27
[WOBBLE_FIRE] team=2 losTgt=78.47
[WOBBLE_FIRE] team=2 losTgt=77.68
[WOBBLE_FIRE] team=2 losTgt=76.89
[WOBBLE_FIRE] team=2 losTgt=76.10
[WOBBLE_FIRE] team=2 losTgt=75.31
[WOBBLE_FIRE] team=2 losTgt=74.51
[WOBBLE_FIRE] team=2 losTgt=73.72
[WOBBLE_FIRE] team=2 losTgt=72.93
[WOBBLE_FIRE] team=2 losTgt=72.14
[WOBBLE_FIRE] team=2 losTgt=71.34
[WOBBLE_FIRE] team=2 losTgt=70.55
[WOBBLE_FIRE] team=2 losTgt=69.76
[WOBBLE_FIRE] team=2 losTgt=68.97
[WOBBLE_FIRE] team=2 losTgt=68.18
[WOBBLE_FIRE] team=2 losTgt=67.40
[WOBBLE_FIRE] team=2 losTgt=66.61
[WOBBLE_FIRE] team=2 losTgt=65.83
[WOBBLE_FIRE] team=2 losTgt=65.04
[WOBBLE_FIRE] team=2 losTgt=64.25
[WOBBLE_FIRE] team=2 losTgt=63.47
[WOBBLE_FIRE] team=2 losTgt=62.68
[WOBBLE_FIRE] team=2 losTgt=61.89
[WOBBLE_FIRE] team=2 losTgt=61.10
[WOBBLE_FIRE] team=2 losTgt=60.31
[WOBBLE_FIRE] team=2 losTgt=59.52
[WOBBLE_FIRE] team=2 losTgt=58.73
[WOBBLE_FIRE] team=2 losTgt=57.94
[WOBBLE_FIRE] team=2 losTgt=57.15
[WOBBLE_FIRE] team=2 losTgt=56.36
[WOBBLE_FIRE] team=2 losTgt=55.56
[WOBBLE_FIRE] team=2 losTgt=54.77
[WOBBLE_FIRE] team=2 losTgt=53.98
[WOBBLE_FIRE] team=2 losTgt=53.18
[WOBBLE_FIRE] team=2 losTgt=52.38
[WOBBLE_FIRE] team=2 losTgt=51.58
[WOBBLE_FIRE] team=2 losTgt=50.77
[WOBBLE_FIRE] team=2 losTgt=49.96
[WOBBLE_FIRE] team=2 losTgt=49.15
[WOBBLE_FIRE] team=2 losTgt=48.34
[WOBBLE_FIRE] team=2 losTgt=47.52
[WOBBLE_FIRE] team=2 losTgt=46.71
[WOBBLE_FIRE] team=2 losTgt=45.89
[WOBBLE_FIRE] team=2 losTgt=45.07
[ACTIVE] [RED] LeadPredict dist=2828.58 dV=95.0171 thr=1 om=0.0961911 lt=3
[ACTIVE] [RED] LeadPredict dist=877.322 dV=40.0749 thr=0.984 om=0.121446 lt=3
[WOBBLE_FIRE] team=2 losTgt=45.01
[WOBBLE_FIRE] team=2 losTgt=47.65
[WOBBLE_FIRE] team=2 losTgt=50.34
[WOBBLE_FIRE] team=2 losTgt=52.94
[WOBBLE_FIRE] team=2 losTgt=55.36
[WOBBLE_FIRE] team=2 losTgt=57.57
[WOBBLE_FIRE] team=2 losTgt=59.52
[WOBBLE_FIRE] team=2 losTgt=61.33
[WOBBLE_FIRE] team=2 losTgt=63.15
[WOBBLE_FIRE] team=2 losTgt=64.96
[WOBBLE_FIRE] team=2 losTgt=66.78
[WOBBLE_FIRE] team=2 losTgt=68.64
[WOBBLE_FIRE] team=2 losTgt=70.51
[WOBBLE_FIRE] team=2 losTgt=72.38
[WOBBLE_FIRE] team=2 losTgt=74.22
[WOBBLE_FIRE] team=2 losTgt=76.00
[WOBBLE_FIRE] team=2 losTgt=77.69
[WOBBLE_FIRE] team=2 losTgt=79.30
[WOBBLE_FIRE] team=2 losTgt=80.80
[WOBBLE_FIRE] team=2 losTgt=82.20
[WOBBLE_FIRE] team=2 losTgt=83.49
[WOBBLE_FIRE] team=2 losTgt=84.68
[WOBBLE_FIRE] team=2 losTgt=85.76
[WOBBLE_FIRE] team=2 losTgt=86.74
[WOBBLE_FIRE] team=2 losTgt=87.62
[WOBBLE_FIRE] team=2 losTgt=88.40
[WOBBLE_FIRE] team=2 losTgt=89.08
[WOBBLE_FIRE] team=2 losTgt=89.67
[WOBBLE_FIRE] team=2 losTgt=90.16
[WOBBLE_FIRE] team=2 losTgt=90.57
[WOBBLE_FIRE] team=2 losTgt=90.90
[WOBBLE_FIRE] team=2 losTgt=91.14
[WOBBLE_FIRE] team=2 losTgt=91.31
[WOBBLE_FIRE] team=2 losTgt=91.40
[WOBBLE_FIRE] team=2 losTgt=91.43
[WOBBLE_FIRE] team=2 losTgt=91.37
[WOBBLE_FIRE] team=2 losTgt=91.26
[WOBBLE_FIRE] team=2 losTgt=91.07
[WOBBLE_FIRE] team=2 losTgt=90.82
[WOBBLE_FIRE] team=2 losTgt=90.51
[WOBBLE_FIRE] team=2 losTgt=90.15
[WOBBLE_FIRE] team=2 losTgt=89.77
[WOBBLE_FIRE] team=2 losTgt=89.38
[WOBBLE_FIRE] team=2 losTgt=88.97
[WOBBLE_FIRE] team=2 losTgt=88.54
[WOBBLE_FIRE] team=2 losTgt=88.10
[WOBBLE_FIRE] team=2 losTgt=87.64
[WOBBLE_FIRE] team=2 losTgt=87.16
[WOBBLE_FIRE] team=2 losTgt=86.65
[WOBBLE_FIRE] team=2 losTgt=86.12
[WOBBLE_FIRE] team=2 losTgt=85.57
[WOBBLE_FIRE] team=2 losTgt=85.00
[WOBBLE_FIRE] team=2 losTgt=84.41
[WOBBLE_FIRE] team=2 losTgt=83.79
[WOBBLE_FIRE] team=2 losTgt=83.16
[WOBBLE_FIRE] team=2 losTgt=82.51
[WOBBLE_FIRE] team=2 losTgt=81.83
[WOBBLE_FIRE] team=2 losTgt=81.15
[WOBBLE_FIRE] team=2 losTgt=80.44
[ACTIVE] [RED] LeadPredict dist=2074.27 dV=-43.4187 thr=1 om=0.177486 lt=3
[WOBBLE_FIRE] team=2 losTgt=79.72
[WOBBLE_FIRE] team=2 losTgt=78.99
[WOBBLE_FIRE] team=2 losTgt=78.24
[WOBBLE_FIRE] team=2 losTgt=77.48
[WOBBLE_FIRE] team=2 losTgt=76.71
[WOBBLE_FIRE] team=2 losTgt=75.92
[WOBBLE_FIRE] team=2 losTgt=75.13
[WOBBLE_FIRE] team=2 losTgt=74.32
[WOBBLE_FIRE] team=2 losTgt=73.51
[WOBBLE_FIRE] team=2 losTgt=72.68
[WOBBLE_FIRE] team=2 losTgt=71.85
[WOBBLE_FIRE] team=2 losTgt=71.01
[WOBBLE_FIRE] team=2 losTgt=70.16
[WOBBLE_FIRE] team=2 losTgt=69.30
[WOBBLE_FIRE] team=2 losTgt=68.44
[WOBBLE_FIRE] team=2 losTgt=67.56
[WOBBLE_FIRE] team=2 losTgt=66.68
[WOBBLE_FIRE] team=2 losTgt=65.80
[WOBBLE_FIRE] team=2 losTgt=64.91
[WOBBLE_FIRE] team=2 losTgt=64.01
[WOBBLE_FIRE] team=2 losTgt=63.10
[WOBBLE_FIRE] team=2 losTgt=62.19
[WOBBLE_FIRE] team=2 losTgt=61.27
[WOBBLE_FIRE] team=2 losTgt=60.35
[WOBBLE_FIRE] team=2 losTgt=59.42
[WOBBLE_FIRE] team=2 losTgt=58.48
[WOBBLE_FIRE] team=2 losTgt=57.55
[WOBBLE_FIRE] team=2 losTgt=56.61
[WOBBLE_FIRE] team=2 losTgt=55.66
[WOBBLE_FIRE] team=2 losTgt=54.71
[WOBBLE_FIRE] team=2 losTgt=53.75
[WOBBLE_FIRE] team=2 losTgt=52.78
[WOBBLE_FIRE] team=2 losTgt=51.80
[WOBBLE_FIRE] team=2 losTgt=50.82
[WOBBLE_FIRE] team=2 losTgt=49.83
[WOBBLE_FIRE] team=2 losTgt=48.83
[WOBBLE_FIRE] team=2 losTgt=47.81
[WOBBLE_FIRE] team=2 losTgt=46.79
[WOBBLE_FIRE] team=2 losTgt=45.77
[ACTIVE] [RED] LeadPredict dist=2521.7 dV=-52.833 thr=1 om=0.0509325 lt=3
[ACTIVE] [RED] LeadPredict dist=2075.74 dV=-6.48195 thr=1 om=0.197701 lt=3
[ACTIVE] [RED] LeadPredict dist=1710.3 dV=-6.22473 thr=1 om=0.0013139 lt=3
[ACTIVE] [RED] LeadPredict dist=1765.96 dV=-17.7996 thr=1 om=0.00239534 lt=3
[ACTIVE] [RED] LeadPredict dist=1704.41 dV=-0.977448 thr=0.631824 om=0.182872 lt=3
[ACTIVE] [RED] LeadPredict dist=1625.26 dV=-26.6994 thr=0.646473 om=0.00832155 lt=3
[ACTIVE] [RED] LeadPredict dist=1929.07 dV=-59.7265 thr=0.611928 om=0.0018386 lt=3
[DUTY] team=1 ticks=6600 v27종말조준=2.71212% v21뱅크예측=63.3939% v17궤도조건=56.1061% v17슬롯적용=54.5758% 상승클램프=0% 강하클램프=17% v23b조건=38.1818% v23b실제적용=37.8636%
[ACTIVE] [RED] LeadPredict dist=1967.1 dV=-19.8574 thr=1 om=0.23621 lt=3
[ACTIVE] [RED] LeadPredict dist=1601.13 dV=-10.7003 thr=1 om=0.002885 lt=3
[ACTIVE] [RED] LeadPredict dist=1700.53 dV=-25.4133 thr=1 om=0.0122209 lt=3
[ACTIVE] [RED] LeadPredict dist=1687.24 dV=11.1634 thr=1 om=0.162352 lt=3
[ACTIVE] [RED] LeadPredict dist=1407.45 dV=19.9603 thr=0.840185 om=0.132314 lt=3
[ACTIVE] [RED] LeadPredict dist=1382.91 dV=-10.6489 thr=1 om=0.00941379 lt=3
[ACTIVE] [RED] LeadPredict dist=1344.98 dV=-5.45305 thr=1 om=0.186903 lt=3
[ACTIVE] [RED] LeadPredict dist=1316.88 dV=-26.0307 thr=1 om=0.098471 lt=3
[ACTIVE] [RED] LeadPredict dist=1743.79 dV=-53.1931 thr=1 om=0.0105403 lt=3
[ACTIVE] [RED] LeadPredict dist=2400.25 dV=-69.295 thr=0.630731 om=0.019133 lt=3
[DUTY] team=1 ticks=7200 v27종말조준=2.48611% v21뱅크예측=62.5% v17궤도조건=55.8194% v17슬롯적용=54.4167% 상승클램프=0% 강하클램프=18.0833% v23b조건=36.6528% v23b실제적용=36.3611%
[ACTIVE] [RED] LeadPredict dist=2988.59 dV=-67.7518 thr=1 om=0.256558 lt=3
[WOBBLE_FIRE] team=2 losTgt=45.48
[WOBBLE_FIRE] team=2 losTgt=47.57
[WOBBLE_FIRE] team=2 losTgt=49.22
[WOBBLE_FIRE] team=2 losTgt=50.58
[WOBBLE_FIRE] team=2 losTgt=51.78
[WOBBLE_FIRE] team=2 losTgt=52.84
[WOBBLE_FIRE] team=2 losTgt=53.87
[WOBBLE_FIRE] team=2 losTgt=54.82
[WOBBLE_FIRE] team=2 losTgt=55.72
[WOBBLE_FIRE] team=2 losTgt=56.56
[WOBBLE_FIRE] team=2 losTgt=57.40
[WOBBLE_FIRE] team=2 losTgt=58.23
[WOBBLE_FIRE] team=2 losTgt=59.07
[WOBBLE_FIRE] team=2 losTgt=59.74
[WOBBLE_FIRE] team=2 losTgt=60.12
[WOBBLE_FIRE] team=2 losTgt=60.50
[WOBBLE_FIRE] team=2 losTgt=60.83
[WOBBLE_FIRE] team=2 losTgt=61.10
[WOBBLE_FIRE] team=2 losTgt=61.54
[WOBBLE_FIRE] team=2 losTgt=61.92
[WOBBLE_FIRE] team=2 losTgt=62.14
[WOBBLE_FIRE] team=2 losTgt=62.40
[WOBBLE_FIRE] team=2 losTgt=62.67
[WOBBLE_FIRE] team=2 losTgt=62.84
[WOBBLE_FIRE] team=2 losTgt=62.96
[WOBBLE_FIRE] team=2 losTgt=62.79
[WOBBLE_FIRE] team=2 losTgt=62.76
[WOBBLE_FIRE] team=2 losTgt=62.69
[WOBBLE_FIRE] team=2 losTgt=62.32
[WOBBLE_FIRE] team=2 losTgt=62.18
[WOBBLE_FIRE] team=2 losTgt=62.47
[WOBBLE_FIRE] team=2 losTgt=62.10
[WOBBLE_FIRE] team=2 losTgt=61.78
[WOBBLE_FIRE] team=2 losTgt=61.56
[WOBBLE_FIRE] team=2 losTgt=61.66
[WOBBLE_FIRE] team=2 losTgt=61.44
[WOBBLE_FIRE] team=2 losTgt=61.22
[WOBBLE_FIRE] team=2 losTgt=61.03
[WOBBLE_FIRE] team=2 losTgt=60.87
[WOBBLE_FIRE] team=2 losTgt=60.73
[WOBBLE_FIRE] team=2 losTgt=60.58
[WOBBLE_FIRE] team=2 losTgt=60.44
[WOBBLE_FIRE] team=2 losTgt=60.33
[WOBBLE_FIRE] team=2 losTgt=60.23
[WOBBLE_FIRE] team=2 losTgt=60.13
[WOBBLE_FIRE] team=2 losTgt=60.04
[WOBBLE_FIRE] team=2 losTgt=59.93
[WOBBLE_FIRE] team=2 losTgt=59.81
[WOBBLE_FIRE] team=2 losTgt=59.67
[WOBBLE_FIRE] team=2 losTgt=59.54
[ACTIVE] [RED] LeadPredict dist=2120.73 dV=4.11551 thr=0.56 om=0.216077 lt=3
[WOBBLE_FIRE] team=2 losTgt=59.43
[WOBBLE_FIRE] team=2 losTgt=58.94
[WOBBLE_FIRE] team=2 losTgt=57.67
[WOBBLE_FIRE] team=2 losTgt=55.98
[WOBBLE_FIRE] team=2 losTgt=53.94
[WOBBLE_FIRE] team=2 losTgt=52.10
[WOBBLE_FIRE] team=2 losTgt=50.43
[WOBBLE_FIRE] team=2 losTgt=48.85
[WOBBLE_FIRE] team=2 losTgt=47.33
[WOBBLE_FIRE] team=2 losTgt=45.82
[WOBBLE_FIRE] team=2 losTgt=45.96
[WOBBLE_FIRE] team=2 losTgt=51.53
[WOBBLE_FIRE] team=2 losTgt=60.25
[WOBBLE_FIRE] team=2 losTgt=72.99
[WOBBLE_FIRE] team=2 losTgt=89.05
[ACTIVE] [RED] ClimbOut Z=2984.85
[WOBBLE_FIRE] team=2 losTgt=106.09
[WOBBLE_FIRE] team=2 losTgt=120.31
[WOBBLE_FIRE] team=2 losTgt=130.28
[WOBBLE_FIRE] team=2 losTgt=136.60
[WOBBLE_FIRE] team=2 losTgt=140.27
[WOBBLE_FIRE] team=2 losTgt=142.22
[WOBBLE_FIRE] team=2 losTgt=143.12
[WOBBLE_FIRE] team=2 losTgt=143.32
[WOBBLE_FIRE] team=2 losTgt=143.11
[WOBBLE_FIRE] team=2 losTgt=142.61
[WOBBLE_FIRE] team=2 losTgt=141.92
[WOBBLE_FIRE] team=2 losTgt=141.09
[WOBBLE_FIRE] team=2 losTgt=140.15
[WOBBLE_FIRE] team=2 losTgt=139.14
[WOBBLE_FIRE] team=2 losTgt=138.04
[WOBBLE_FIRE] team=2 losTgt=136.90
[WOBBLE_FIRE] team=2 losTgt=135.72
[WOBBLE_FIRE] team=2 losTgt=134.51
[WOBBLE_FIRE] team=2 losTgt=133.28
[WOBBLE_FIRE] team=2 losTgt=132.03
[WOBBLE_FIRE] team=2 losTgt=130.69
[WOBBLE_FIRE] team=2 losTgt=129.38
[WOBBLE_FIRE] team=2 losTgt=128.05
[WOBBLE_FIRE] team=2 losTgt=126.68
[WOBBLE_FIRE] team=2 losTgt=125.28
[WOBBLE_FIRE] team=2 losTgt=123.91
[WOBBLE_FIRE] team=2 losTgt=122.52
[WOBBLE_FIRE] team=2 losTgt=121.13
[WOBBLE_FIRE] team=2 losTgt=119.73
[WOBBLE_FIRE] team=2 losTgt=118.35
[WOBBLE_FIRE] team=2 losTgt=116.97
[WOBBLE_FIRE] team=2 losTgt=115.60
[WOBBLE_FIRE] team=2 losTgt=114.23
[WOBBLE_FIRE] team=2 losTgt=112.88
[WOBBLE_FIRE] team=2 losTgt=111.52
[WOBBLE_FIRE] team=2 losTgt=110.17
[WOBBLE_FIRE] team=2 losTgt=108.83
[WOBBLE_FIRE] team=2 losTgt=107.49
[WOBBLE_FIRE] team=2 losTgt=106.16
[WOBBLE_FIRE] team=2 losTgt=104.83
[WOBBLE_FIRE] team=2 losTgt=103.52
[WOBBLE_FIRE] team=2 losTgt=102.20
[WOBBLE_FIRE] team=2 losTgt=100.90
[WOBBLE_FIRE] team=2 losTgt=99.60
[WOBBLE_FIRE] team=2 losTgt=98.30
[WOBBLE_FIRE] team=2 losTgt=97.01
[WOBBLE_FIRE] team=2 losTgt=95.73
[WOBBLE_FIRE] team=2 losTgt=94.45
[WOBBLE_FIRE] team=2 losTgt=93.18
[WOBBLE_FIRE] team=2 losTgt=91.92
[WOBBLE_FIRE] team=2 losTgt=90.66
[WOBBLE_FIRE] team=2 losTgt=89.41
[WOBBLE_FIRE] team=2 losTgt=88.17
[WOBBLE_FIRE] team=2 losTgt=86.93
[WOBBLE_FIRE] team=2 losTgt=85.70
[WOBBLE_FIRE] team=2 losTgt=84.48
[WOBBLE_FIRE] team=2 losTgt=83.26
[WOBBLE_FIRE] team=2 losTgt=82.05
[ACTIVE] [RED] LeadPredict dist=2191.68 dV=46.1453 thr=0.530158 om=0.225976 lt=3
[WOBBLE_FIRE] team=2 losTgt=80.82
[WOBBLE_FIRE] team=2 losTgt=79.58
[WOBBLE_FIRE] team=2 losTgt=78.36
[WOBBLE_FIRE] team=2 losTgt=77.14
[WOBBLE_FIRE] team=2 losTgt=75.93
[WOBBLE_FIRE] team=2 losTgt=74.72
[WOBBLE_FIRE] team=2 losTgt=73.53
[WOBBLE_FIRE] team=2 losTgt=72.34
[WOBBLE_FIRE] team=2 losTgt=71.16
[WOBBLE_FIRE] team=2 losTgt=69.99
[WOBBLE_FIRE] team=2 losTgt=68.82
[WOBBLE_FIRE] team=2 losTgt=67.66
[WOBBLE_FIRE] team=2 losTgt=66.50
[WOBBLE_FIRE] team=2 losTgt=65.33
[WOBBLE_FIRE] team=2 losTgt=64.17
[WOBBLE_FIRE] team=2 losTgt=63.00
[WOBBLE_FIRE] team=2 losTgt=61.83
[WOBBLE_FIRE] team=2 losTgt=60.65
[WOBBLE_FIRE] team=2 losTgt=59.47
[WOBBLE_FIRE] team=2 losTgt=58.28
[WOBBLE_FIRE] team=2 losTgt=57.08
[WOBBLE_FIRE] team=2 losTgt=55.86
[WOBBLE_FIRE] team=2 losTgt=54.64
[WOBBLE_FIRE] team=2 losTgt=53.41
[WOBBLE_FIRE] team=2 losTgt=52.15
[WOBBLE_FIRE] team=2 losTgt=50.88
[WOBBLE_FIRE] team=2 losTgt=49.60
[WOBBLE_FIRE] team=2 losTgt=48.29
[WOBBLE_FIRE] team=2 losTgt=46.95
[WOBBLE_FIRE] team=2 losTgt=45.60
[ACTIVE] [RED] LeadPredict dist=284.544 dV=-33.3871 thr=0.811762 om=0.062474 lt=0.935105
[WOBBLE_FIRE] team=2 losTgt=51.35
[WOBBLE_FIRE] team=2 losTgt=62.71
[WOBBLE_FIRE] team=2 losTgt=72.31
[WOBBLE_FIRE] team=2 losTgt=80.54
[WOBBLE_FIRE] team=2 losTgt=87.62
[WOBBLE_FIRE] team=2 losTgt=93.40
[WOBBLE_FIRE] team=2 losTgt=97.78
[WOBBLE_FIRE] team=2 losTgt=100.58
[WOBBLE_FIRE] team=2 losTgt=101.91
[WOBBLE_FIRE] team=2 losTgt=102.17
[WOBBLE_FIRE] team=2 losTgt=102.02
[WOBBLE_FIRE] team=2 losTgt=101.85
[WOBBLE_FIRE] team=2 losTgt=101.66
[WOBBLE_FIRE] team=2 losTgt=101.39
[WOBBLE_FIRE] team=2 losTgt=101.00
[WOBBLE_FIRE] team=2 losTgt=100.54
[WOBBLE_FIRE] team=2 losTgt=100.02
[WOBBLE_FIRE] team=2 losTgt=99.45
[WOBBLE_FIRE] team=2 losTgt=98.80
[WOBBLE_FIRE] team=2 losTgt=98.10
[WOBBLE_FIRE] team=2 losTgt=97.33
[WOBBLE_FIRE] team=2 losTgt=96.50
[WOBBLE_FIRE] team=2 losTgt=95.62
[WOBBLE_FIRE] team=2 losTgt=94.68
[WOBBLE_FIRE] team=2 losTgt=93.70
[WOBBLE_FIRE] team=2 losTgt=92.66
[WOBBLE_FIRE] team=2 losTgt=91.59
[WOBBLE_FIRE] team=2 losTgt=90.48
[WOBBLE_FIRE] team=2 losTgt=89.33
[WOBBLE_FIRE] team=2 losTgt=88.14
[WOBBLE_FIRE] team=2 losTgt=86.93
[WOBBLE_FIRE] team=2 losTgt=85.68
[WOBBLE_FIRE] team=2 losTgt=84.40
[WOBBLE_FIRE] team=2 losTgt=83.10
[WOBBLE_FIRE] team=2 losTgt=81.77
[WOBBLE_FIRE] team=2 losTgt=80.41
[WOBBLE_FIRE] team=2 losTgt=79.03
[WOBBLE_FIRE] team=2 losTgt=77.62
[WOBBLE_FIRE] team=2 losTgt=76.18
[WOBBLE_FIRE] team=2 losTgt=74.71
[WOBBLE_FIRE] team=2 losTgt=73.26
[WOBBLE_FIRE] team=2 losTgt=71.80
[WOBBLE_FIRE] team=2 losTgt=70.31
[WOBBLE_FIRE] team=2 losTgt=68.79
[WOBBLE_FIRE] team=2 losTgt=67.25
[WOBBLE_FIRE] team=2 losTgt=65.67
[WOBBLE_FIRE] team=2 losTgt=64.08
[WOBBLE_FIRE] team=2 losTgt=62.46
[WOBBLE_FIRE] team=2 losTgt=60.83
[WOBBLE_FIRE] team=2 losTgt=59.17
[WOBBLE_FIRE] team=2 losTgt=57.50
[WOBBLE_FIRE] team=2 losTgt=55.81
[WOBBLE_FIRE] team=2 losTgt=54.10
[WOBBLE_FIRE] team=2 losTgt=52.37
[WOBBLE_FIRE] team=2 losTgt=50.61
[WOBBLE_FIRE] team=2 losTgt=48.84
[WOBBLE_FIRE] team=2 losTgt=47.05
[WOBBLE_FIRE] team=2 losTgt=45.23
[ACTIVE] [RED] LeadPredict dist=1448.98 dV=-48.1002 thr=1 om=0.192994 lt=3
[WOBBLE_FIRE] team=2 losTgt=45.12
[WOBBLE_FIRE] team=2 losTgt=46.85
[WOBBLE_FIRE] team=2 losTgt=48.64
[ACTIVE] [RED] LeadPredict dist=711.485 dV=35.4964 thr=0.574044 om=0.00644049 lt=2.42339
[WOBBLE_FIRE] team=2 losTgt=50.42
[WOBBLE_FIRE] team=2 losTgt=52.18
[WOBBLE_FIRE] team=2 losTgt=53.92
[WOBBLE_FIRE] team=2 losTgt=55.60
[WOBBLE_FIRE] team=2 losTgt=57.23
[WOBBLE_FIRE] team=2 losTgt=58.78
[WOBBLE_FIRE] team=2 losTgt=60.22
[WOBBLE_FIRE] team=2 losTgt=61.58
[WOBBLE_FIRE] team=2 losTgt=62.82
[WOBBLE_FIRE] team=2 losTgt=63.95
[WOBBLE_FIRE] team=2 losTgt=64.98
[WOBBLE_FIRE] team=2 losTgt=65.88
[WOBBLE_FIRE] team=2 losTgt=66.66
[WOBBLE_FIRE] team=2 losTgt=67.32
[WOBBLE_FIRE] team=2 losTgt=67.87
[WOBBLE_FIRE] team=2 losTgt=68.31
[WOBBLE_FIRE] team=2 losTgt=68.65
[WOBBLE_FIRE] team=2 losTgt=68.93
[WOBBLE_FIRE] team=2 losTgt=69.11
[WOBBLE_FIRE] team=2 losTgt=69.21
[WOBBLE_FIRE] team=2 losTgt=69.23
[WOBBLE_FIRE] team=2 losTgt=69.18
[WOBBLE_FIRE] team=2 losTgt=69.05
[WOBBLE_FIRE] team=2 losTgt=68.86
[WOBBLE_FIRE] team=2 losTgt=68.60
[WOBBLE_FIRE] team=2 losTgt=68.28
[WOBBLE_FIRE] team=2 losTgt=67.91
[WOBBLE_FIRE] team=2 losTgt=67.49
[WOBBLE_FIRE] team=2 losTgt=67.01
[WOBBLE_FIRE] team=2 losTgt=66.49
[WOBBLE_FIRE] team=2 losTgt=65.92
[WOBBLE_FIRE] team=2 losTgt=65.32
[WOBBLE_FIRE] team=2 losTgt=64.67
[WOBBLE_FIRE] team=2 losTgt=63.98
[WOBBLE_FIRE] team=2 losTgt=63.26
[WOBBLE_FIRE] team=2 losTgt=62.50
[WOBBLE_FIRE] team=2 losTgt=61.71
[WOBBLE_FIRE] team=2 losTgt=60.88
[WOBBLE_FIRE] team=2 losTgt=60.03
[WOBBLE_FIRE] team=2 losTgt=59.14
[WOBBLE_FIRE] team=2 losTgt=58.23
[WOBBLE_FIRE] team=2 losTgt=57.29
[WOBBLE_FIRE] team=2 losTgt=56.31
[WOBBLE_FIRE] team=2 losTgt=55.32
[WOBBLE_FIRE] team=2 losTgt=54.29
[WOBBLE_FIRE] team=2 losTgt=53.25
[WOBBLE_FIRE] team=2 losTgt=52.17
[WOBBLE_FIRE] team=2 losTgt=51.06
[WOBBLE_FIRE] team=2 losTgt=49.94
[WOBBLE_FIRE] team=2 losTgt=48.78
[WOBBLE_FIRE] team=2 losTgt=47.60
[WOBBLE_FIRE] team=2 losTgt=46.39
[WOBBLE_FIRE] team=2 losTgt=45.16
[ACTIVE] [RED] LeadPredict dist=1106.21 dV=36.5767 thr=1 om=0.0904464 lt=3
[WOBBLE_FIRE] team=2 losTgt=45.64
[WOBBLE_FIRE] team=2 losTgt=48.62
[WOBBLE_FIRE] team=2 losTgt=51.52
[WOBBLE_FIRE] team=2 losTgt=54.32
[WOBBLE_FIRE] team=2 losTgt=56.99
[WOBBLE_FIRE] team=2 losTgt=59.47
[WOBBLE_FIRE] team=2 losTgt=61.57
[WOBBLE_FIRE] team=2 losTgt=63.08
[WOBBLE_FIRE] team=2 losTgt=63.89
[WOBBLE_FIRE] team=2 losTgt=63.99
[WOBBLE_FIRE] team=2 losTgt=63.49
[WOBBLE_FIRE] team=2 losTgt=62.70
[WOBBLE_FIRE] team=2 losTgt=61.88
[WOBBLE_FIRE] team=2 losTgt=61.11
[ACTIVE] [RED] LeadPredict dist=640.042 dV=-2.77797 thr=1 om=0.293758 lt=2.68426
[WOBBLE_FIRE] team=2 losTgt=60.39
[WOBBLE_FIRE] team=2 losTgt=59.68
[WOBBLE_FIRE] team=2 losTgt=58.98
[WOBBLE_FIRE] team=2 losTgt=58.26
[WOBBLE_FIRE] team=2 losTgt=57.53
[WOBBLE_FIRE] team=2 losTgt=56.78
[WOBBLE_FIRE] team=2 losTgt=56.00
[WOBBLE_FIRE] team=2 losTgt=55.19
[WOBBLE_FIRE] team=2 losTgt=54.34
[WOBBLE_FIRE] team=2 losTgt=53.45
[WOBBLE_FIRE] team=2 losTgt=52.52
[WOBBLE_FIRE] team=2 losTgt=51.55
[WOBBLE_FIRE] team=2 losTgt=50.55
[WOBBLE_FIRE] team=2 losTgt=49.51
[WOBBLE_FIRE] team=2 losTgt=48.43
[WOBBLE_FIRE] team=2 losTgt=47.32
[WOBBLE_FIRE] team=2 losTgt=46.17
runner:local/env:0	num_steps=[11999] | total rewards=[420.1218] | termination= [max time out]
[seed 3] reward=   420.12 ownHP=1.0000 tgtHP=0.9950 max time out
total: 2
[WOBBLE_FIRE] team=2 losTgt=96.51
[WOBBLE_FIRE] team=2 losTgt=96.58
[WOBBLE_FIRE] team=2 losTgt=96.58
[WOBBLE_FIRE] team=2 losTgt=96.60
[WOBBLE_FIRE] team=2 losTgt=96.63
[WOBBLE_FIRE] team=2 losTgt=96.58
[WOBBLE_FIRE] team=2 losTgt=96.34
[WOBBLE_FIRE] team=2 losTgt=95.79
[ACTIVE] [RED] LeadPredict dist=3435.09 dV=2.26352 thr=1 om=0 lt=3
[WOBBLE_FIRE] team=2 losTgt=94.87
[WOBBLE_FIRE] team=2 losTgt=93.54
[WOBBLE_FIRE] team=2 losTgt=92.06
[WOBBLE_FIRE] team=2 losTgt=90.74
[WOBBLE_FIRE] team=2 losTgt=89.62
[WOBBLE_FIRE] team=2 losTgt=88.65
[WOBBLE_FIRE] team=2 losTgt=87.75
[WOBBLE_FIRE] team=2 losTgt=86.91
[WOBBLE_FIRE] team=2 losTgt=86.11
[WOBBLE_FIRE] team=2 losTgt=85.35
[WOBBLE_FIRE] team=2 losTgt=84.62
[WOBBLE_FIRE] team=2 losTgt=83.91
[WOBBLE_FIRE] team=2 losTgt=83.21
[WOBBLE_FIRE] team=2 losTgt=82.53
[WOBBLE_FIRE] team=2 losTgt=81.85
[WOBBLE_FIRE] team=2 losTgt=81.17
[WOBBLE_FIRE] team=2 losTgt=80.51
[WOBBLE_FIRE] team=2 losTgt=79.85
[WOBBLE_FIRE] team=2 losTgt=79.19
[WOBBLE_FIRE] team=2 losTgt=78.54
[WOBBLE_FIRE] team=2 losTgt=77.88
[WOBBLE_FIRE] team=2 losTgt=77.22
[WOBBLE_FIRE] team=2 losTgt=76.56
[WOBBLE_FIRE] team=2 losTgt=75.90
[WOBBLE_FIRE] team=2 losTgt=75.23
[WOBBLE_FIRE] team=2 losTgt=74.57
[WOBBLE_FIRE] team=2 losTgt=73.89
[WOBBLE_FIRE] team=2 losTgt=73.21
[WOBBLE_FIRE] team=2 losTgt=72.53
[WOBBLE_FIRE] team=2 losTgt=71.84
[WOBBLE_FIRE] team=2 losTgt=71.15
[WOBBLE_FIRE] team=2 losTgt=70.45
[WOBBLE_FIRE] team=2 losTgt=69.75
[WOBBLE_FIRE] team=2 losTgt=69.04
[WOBBLE_FIRE] team=2 losTgt=68.32
[WOBBLE_FIRE] team=2 losTgt=67.60
[WOBBLE_FIRE] team=2 losTgt=66.88
[WOBBLE_FIRE] team=2 losTgt=66.15
[WOBBLE_FIRE] team=2 losTgt=65.42
[WOBBLE_FIRE] team=2 losTgt=64.68
[WOBBLE_FIRE] team=2 losTgt=63.93
[WOBBLE_FIRE] team=2 losTgt=63.18
[WOBBLE_FIRE] team=2 losTgt=62.42
[WOBBLE_FIRE] team=2 losTgt=61.66
[WOBBLE_FIRE] team=2 losTgt=60.89
[WOBBLE_FIRE] team=2 losTgt=60.10
[WOBBLE_FIRE] team=2 losTgt=59.31
[WOBBLE_FIRE] team=2 losTgt=58.50
[WOBBLE_FIRE] team=2 losTgt=57.70
[WOBBLE_FIRE] team=2 losTgt=56.88
[WOBBLE_FIRE] team=2 losTgt=56.06
[WOBBLE_FIRE] team=2 losTgt=55.22
[WOBBLE_FIRE] team=2 losTgt=54.38
[WOBBLE_FIRE] team=2 losTgt=53.53
[WOBBLE_FIRE] team=2 losTgt=52.68
[WOBBLE_FIRE] team=2 losTgt=51.81
[WOBBLE_FIRE] team=2 losTgt=50.93
[WOBBLE_FIRE] team=2 losTgt=50.04
[WOBBLE_FIRE] team=2 losTgt=49.14
[WOBBLE_FIRE] team=2 losTgt=48.23
[ACTIVE] [RED] LeadPredict dist=1894.18 dV=-0.61734 thr=0.749451 om=0.081557 lt=3
[DUTY] team=1 ticks=7800 v27종말조준=2.42308% v21뱅크예측=62.7949% v17궤도조건=56.2564% v17슬롯적용=54.0769% 상승클램프=0% 강하클램프=20.0513% v23b조건=36.2949% v23b실제적용=35.7564%
[WOBBLE_FIRE] team=2 losTgt=47.30
[WOBBLE_FIRE] team=2 losTgt=46.36
[WOBBLE_FIRE] team=2 losTgt=45.40
[WOBBLE_FIRE] team=2 losTgt=45.03
[WOBBLE_FIRE] team=2 losTgt=45.56
[WOBBLE_FIRE] team=2 losTgt=45.95
[WOBBLE_FIRE] team=2 losTgt=46.22
[WOBBLE_FIRE] team=2 losTgt=46.39
[WOBBLE_FIRE] team=2 losTgt=45.93
[WOBBLE_FIRE] team=2 losTgt=48.81
[WOBBLE_FIRE] team=2 losTgt=52.79
[WOBBLE_FIRE] team=2 losTgt=56.27
[ACTIVE] [RED] LeadPredict dist=336.075 dV=-0.462982 thr=0.652376 om=0.010778 lt=0.983269
[WOBBLE_FIRE] team=2 losTgt=59.29
[WOBBLE_FIRE] team=2 losTgt=61.86
[WOBBLE_FIRE] team=2 losTgt=64.04
[WOBBLE_FIRE] team=2 losTgt=65.88
[WOBBLE_FIRE] team=2 losTgt=67.41
[WOBBLE_FIRE] team=2 losTgt=68.66
[WOBBLE_FIRE] team=2 losTgt=69.70
[WOBBLE_FIRE] team=2 losTgt=70.53
[WOBBLE_FIRE] team=2 losTgt=71.17
[WOBBLE_FIRE] team=2 losTgt=71.65
[WOBBLE_FIRE] team=2 losTgt=71.96
[WOBBLE_FIRE] team=2 losTgt=72.12
[WOBBLE_FIRE] team=2 losTgt=72.16
[WOBBLE_FIRE] team=2 losTgt=72.09
[WOBBLE_FIRE] team=2 losTgt=71.91
[WOBBLE_FIRE] team=2 losTgt=71.65
[WOBBLE_FIRE] team=2 losTgt=71.32
[WOBBLE_FIRE] team=2 losTgt=70.90
[WOBBLE_FIRE] team=2 losTgt=70.44
[WOBBLE_FIRE] team=2 losTgt=69.91
[WOBBLE_FIRE] team=2 losTgt=69.34
[WOBBLE_FIRE] team=2 losTgt=68.72
[WOBBLE_FIRE] team=2 losTgt=68.07
[WOBBLE_FIRE] team=2 losTgt=67.36
[WOBBLE_FIRE] team=2 losTgt=66.62
[WOBBLE_FIRE] team=2 losTgt=65.85
[WOBBLE_FIRE] team=2 losTgt=65.05
[WOBBLE_FIRE] team=2 losTgt=64.23
[WOBBLE_FIRE] team=2 losTgt=63.37
[WOBBLE_FIRE] team=2 losTgt=62.48
[WOBBLE_FIRE] team=2 losTgt=61.55
[WOBBLE_FIRE] team=2 losTgt=60.60
[WOBBLE_FIRE] team=2 losTgt=59.60
[WOBBLE_FIRE] team=2 losTgt=58.57
[WOBBLE_FIRE] team=2 losTgt=57.51
[WOBBLE_FIRE] team=2 losTgt=56.41
[WOBBLE_FIRE] team=2 losTgt=55.29
[WOBBLE_FIRE] team=2 losTgt=54.12
[WOBBLE_FIRE] team=2 losTgt=52.92
[WOBBLE_FIRE] team=2 losTgt=51.68
[WOBBLE_FIRE] team=2 losTgt=50.40
[WOBBLE_FIRE] team=2 losTgt=49.08
[WOBBLE_FIRE] team=2 losTgt=47.71
[WOBBLE_FIRE] team=2 losTgt=46.30
[ACTIVE] [RED] LeadPredict dist=388.103 dV=-8.02527 thr=0.649534 om=0.177852 lt=1.13327
[WOBBLE_FIRE] team=2 losTgt=46.61
[WOBBLE_FIRE] team=2 losTgt=50.98
[WOBBLE_FIRE] team=2 losTgt=54.79
[WOBBLE_FIRE] team=2 losTgt=57.58
[WOBBLE_FIRE] team=2 losTgt=59.33
[WOBBLE_FIRE] team=2 losTgt=60.53
[WOBBLE_FIRE] team=2 losTgt=61.69
[WOBBLE_FIRE] team=2 losTgt=62.85
[WOBBLE_FIRE] team=2 losTgt=63.88
[WOBBLE_FIRE] team=2 losTgt=64.76
[WOBBLE_FIRE] team=2 losTgt=65.47
[WOBBLE_FIRE] team=2 losTgt=65.98
[WOBBLE_FIRE] team=2 losTgt=66.36
[WOBBLE_FIRE] team=2 losTgt=66.58
[WOBBLE_FIRE] team=2 losTgt=66.66
[WOBBLE_FIRE] team=2 losTgt=66.62
[WOBBLE_FIRE] team=2 losTgt=66.45
[WOBBLE_FIRE] team=2 losTgt=66.17
[WOBBLE_FIRE] team=2 losTgt=65.82
[WOBBLE_FIRE] team=2 losTgt=65.38
[WOBBLE_FIRE] team=2 losTgt=64.86
[WOBBLE_FIRE] team=2 losTgt=64.27
[WOBBLE_FIRE] team=2 losTgt=63.61
[WOBBLE_FIRE] team=2 losTgt=62.90
[WOBBLE_FIRE] team=2 losTgt=62.12
[WOBBLE_FIRE] team=2 losTgt=61.29
[WOBBLE_FIRE] team=2 losTgt=60.40
[WOBBLE_FIRE] team=2 losTgt=59.45
[WOBBLE_FIRE] team=2 losTgt=58.45
[WOBBLE_FIRE] team=2 losTgt=57.38
[WOBBLE_FIRE] team=2 losTgt=56.27
[WOBBLE_FIRE] team=2 losTgt=55.12
[WOBBLE_FIRE] team=2 losTgt=53.91
[WOBBLE_FIRE] team=2 losTgt=52.65
[WOBBLE_FIRE] team=2 losTgt=51.36
[WOBBLE_FIRE] team=2 losTgt=50.02
[WOBBLE_FIRE] team=2 losTgt=48.63
[WOBBLE_FIRE] team=2 losTgt=47.19
[WOBBLE_FIRE] team=2 losTgt=45.72
[ACTIVE] [RED] LeadPredict dist=524.908 dV=-10.4946 thr=0.626139 om=0.0654116 lt=1.5085
[ACTIVE] [RED] LeadPredict dist=529.563 dV=-2.82941 thr=0.58591 om=0.0131375 lt=1.48157
[ACTIVE] [RED] ClimbOut Z=2722.28
[WOBBLE_FIRE] team=2 losTgt=47.05
[WOBBLE_FIRE] team=2 losTgt=49.94
[WOBBLE_FIRE] team=2 losTgt=52.76
[WOBBLE_FIRE] team=2 losTgt=55.38
[WOBBLE_FIRE] team=2 losTgt=57.84
[WOBBLE_FIRE] team=2 losTgt=60.14
[WOBBLE_FIRE] team=2 losTgt=62.28
[WOBBLE_FIRE] team=2 losTgt=64.26
[WOBBLE_FIRE] team=2 losTgt=66.08
[WOBBLE_FIRE] team=2 losTgt=67.76
[WOBBLE_FIRE] team=2 losTgt=69.30
[WOBBLE_FIRE] team=2 losTgt=70.70
[WOBBLE_FIRE] team=2 losTgt=72.23
[WOBBLE_FIRE] team=2 losTgt=73.69
[WOBBLE_FIRE] team=2 losTgt=74.60
[WOBBLE_FIRE] team=2 losTgt=74.84
[WOBBLE_FIRE] team=2 losTgt=74.75
[WOBBLE_FIRE] team=2 losTgt=74.61
[WOBBLE_FIRE] team=2 losTgt=74.43
[WOBBLE_FIRE] team=2 losTgt=74.23
[WOBBLE_FIRE] team=2 losTgt=73.96
[WOBBLE_FIRE] team=2 losTgt=73.64
[WOBBLE_FIRE] team=2 losTgt=73.30
[WOBBLE_FIRE] team=2 losTgt=72.91
[WOBBLE_FIRE] team=2 losTgt=72.50
[WOBBLE_FIRE] team=2 losTgt=72.05
[WOBBLE_FIRE] team=2 losTgt=71.57
[WOBBLE_FIRE] team=2 losTgt=71.07
[WOBBLE_FIRE] team=2 losTgt=70.55
[WOBBLE_FIRE] team=2 losTgt=70.05
[WOBBLE_FIRE] team=2 losTgt=69.54
[WOBBLE_FIRE] team=2 losTgt=69.02
[WOBBLE_FIRE] team=2 losTgt=68.51
[WOBBLE_FIRE] team=2 losTgt=67.99
[WOBBLE_FIRE] team=2 losTgt=67.47
[WOBBLE_FIRE] team=2 losTgt=66.94
[WOBBLE_FIRE] team=2 losTgt=66.39
[WOBBLE_FIRE] team=2 losTgt=65.83
[WOBBLE_FIRE] team=2 losTgt=65.27
[WOBBLE_FIRE] team=2 losTgt=64.69
[ACTIVE] [RED] LeadPredict dist=1158.07 dV=34.3131 thr=0.572573 om=0.229769 lt=3
[WOBBLE_FIRE] team=2 losTgt=64.09
[WOBBLE_FIRE] team=2 losTgt=63.47
[WOBBLE_FIRE] team=2 losTgt=62.84
[WOBBLE_FIRE] team=2 losTgt=62.18
[WOBBLE_FIRE] team=2 losTgt=61.51
[WOBBLE_FIRE] team=2 losTgt=60.80
[WOBBLE_FIRE] team=2 losTgt=60.08
[WOBBLE_FIRE] team=2 losTgt=59.33
[WOBBLE_FIRE] team=2 losTgt=58.57
[WOBBLE_FIRE] team=2 losTgt=57.78
[WOBBLE_FIRE] team=2 losTgt=56.97
[WOBBLE_FIRE] team=2 losTgt=56.13
[WOBBLE_FIRE] team=2 losTgt=55.29
[WOBBLE_FIRE] team=2 losTgt=54.42
[WOBBLE_FIRE] team=2 losTgt=53.53
[WOBBLE_FIRE] team=2 losTgt=52.63
[WOBBLE_FIRE] team=2 losTgt=51.70
[WOBBLE_FIRE] team=2 losTgt=50.77
[WOBBLE_FIRE] team=2 losTgt=49.81
[WOBBLE_FIRE] team=2 losTgt=48.84
[WOBBLE_FIRE] team=2 losTgt=47.86
[WOBBLE_FIRE] team=2 losTgt=46.86
[WOBBLE_FIRE] team=2 losTgt=45.85
[ACTIVE] [RED] LeadPredict dist=710.687 dV=-9.00269 thr=0.771533 om=0.260456 lt=2.26509
[WOBBLE_FIRE] team=2 losTgt=45.34
[WOBBLE_FIRE] team=2 losTgt=47.03
[WOBBLE_FIRE] team=2 losTgt=49.14
[WOBBLE_FIRE] team=2 losTgt=50.27
[WOBBLE_FIRE] team=2 losTgt=50.64
[WOBBLE_FIRE] team=2 losTgt=50.39
[WOBBLE_FIRE] team=2 losTgt=50.22
[WOBBLE_FIRE] team=2 losTgt=50.25
[WOBBLE_FIRE] team=2 losTgt=50.39
[WOBBLE_FIRE] team=2 losTgt=50.54
[WOBBLE_FIRE] team=2 losTgt=50.74
[WOBBLE_FIRE] team=2 losTgt=50.93
[WOBBLE_FIRE] team=2 losTgt=51.05
[WOBBLE_FIRE] team=2 losTgt=51.09
[WOBBLE_FIRE] team=2 losTgt=51.04
[WOBBLE_FIRE] team=2 losTgt=50.89
[WOBBLE_FIRE] team=2 losTgt=50.61
[WOBBLE_FIRE] team=2 losTgt=50.19
[WOBBLE_FIRE] team=2 losTgt=49.66
[WOBBLE_FIRE] team=2 losTgt=49.03
[WOBBLE_FIRE] team=2 losTgt=48.33
[WOBBLE_FIRE] team=2 losTgt=47.55
[WOBBLE_FIRE] team=2 losTgt=46.69
[WOBBLE_FIRE] team=2 losTgt=45.78
[ACTIVE] [RED] LeadPredict dist=1081.95 dV=-15.5361 thr=0.859862 om=0.183291 lt=3
[ACTIVE] [RED] LeadPredict dist=1233.3 dV=9.31134 thr=0.800393 om=0.0100464 lt=3
[ACTIVE] [RED] LeadPredict dist=1211.86 dV=1.69763 thr=1 om=0.245254 lt=3
[ACTIVE] [RED] LeadPredict dist=1109.38 dV=-13.2211 thr=1 om=0.00522768 lt=3
[DUTY] team=1 ticks=8400 v27종말조준=2.25% v21뱅크예측=62.2143% v17궤도조건=56.619% v17슬롯적용=54.1071% 상승클램프=0% 강하클램프=21.1667% v23b조건=39.3571% v23b실제적용=38.8571%
[ACTIVE] [RED] LeadPredict dist=1173.9 dV=-13.4269 thr=1 om=0.0190852 lt=3
[ACTIVE] [RED] LeadPredict dist=1170.55 dV=-1.95486 thr=1 om=0.228625 lt=3
[ACTIVE] [RED] LeadPredict dist=1117.25 dV=-8.89981 thr=0.79602 om=0.0112085 lt=3
[ACTIVE] [RED] LeadPredict dist=1256.71 dV=-13.6327 thr=1 om=0.154665 lt=3
[ACTIVE] [RED] LeadPredict dist=1181.49 dV=16.9765 thr=1 om=0.219711 lt=3
[ACTIVE] [RED] LeadPredict dist=1054.73 dV=1.08032 thr=1 om=0.0399852 lt=3
[ACTIVE] [RED] LeadPredict dist=1017.4 dV=2.93231 thr=1 om=0.0191561 lt=2.83904
[ACTIVE] [RED] LeadPredict dist=974.782 dV=12.1922 thr=0.504577 om=0.241752 lt=2.58858
[ACTIVE] [RED] LeadPredict dist=1185.47 dV=13.6841 thr=0.598591 om=0.0650013 lt=3
[ACTIVE] [RED] LeadPredict dist=1099.84 dV=-18.5198 thr=0.790992 om=0.241057 lt=3
[DUTY] team=1 ticks=9000 v27종말조준=2.1% v21뱅크예측=61.6222% v17궤도조건=56.7% v17슬롯적용=54.3556% 상승클램프=0% 강하클램프=20.4333% v23b조건=39.4111% v23b실제적용=38.9444%
[ACTIVE] [RED] LeadPredict dist=1123.58 dV=4.83572 thr=1 om=0.05866 lt=3
[ACTIVE] [RED] LeadPredict dist=1061.64 dV=14.9188 thr=1 om=0.163318 lt=3
[ACTIVE] [RED] LeadPredict dist=920.121 dV=22.1209 thr=0.665931 om=0.23912 lt=2.71739
[ACTIVE] [RED] LeadPredict dist=931.694 dV=-5.14441 thr=1 om=0.00731258 lt=2.8584
[ACTIVE] [RED] LeadPredict dist=926.019 dV=7.66516 thr=1 om=0.0226997 lt=2.60877
[ACTIVE] [RED] LeadPredict dist=874.891 dV=18.4684 thr=0.646473 om=0.199192 lt=2.54934
[ACTIVE] [RED] LeadPredict dist=837.627 dV=4.26987 thr=0.948762 om=0.000219744 lt=0.191851
[ACTIVE] [RED] LeadPredict dist=812.379 dV=8.02527 thr=0.903697 om=0.00291998 lt=0
runner:local/env:0	num_steps=[10701] | total rewards=[997.7776] | termination= [target destroyed]
[seed 4] reward=   997.78 ownHP=1.0000 tgtHP=-0.0012 target destroyed
total: 2
[WOBBLE_FIRE] team=2 losTgt=120.43
[WOBBLE_FIRE] team=2 losTgt=120.44
[WOBBLE_FIRE] team=2 losTgt=120.37
[WOBBLE_FIRE] team=2 losTgt=120.27
[WOBBLE_FIRE] team=2 losTgt=120.16
[WOBBLE_FIRE] team=2 losTgt=120.04
[WOBBLE_FIRE] team=2 losTgt=119.93
[WOBBLE_FIRE] team=2 losTgt=119.83
[WOBBLE_FIRE] team=2 losTgt=119.77
[WOBBLE_FIRE] team=2 losTgt=119.74
[WOBBLE_FIRE] team=2 losTgt=119.73
[WOBBLE_FIRE] team=2 losTgt=119.52
[WOBBLE_FIRE] team=2 losTgt=118.86
[WOBBLE_FIRE] team=2 losTgt=117.73
[WOBBLE_FIRE] team=2 losTgt=116.27
[WOBBLE_FIRE] team=2 losTgt=114.52
[WOBBLE_FIRE] team=2 losTgt=112.86
[WOBBLE_FIRE] team=2 losTgt=111.47
[WOBBLE_FIRE] team=2 losTgt=110.32
[WOBBLE_FIRE] team=2 losTgt=109.30
[WOBBLE_FIRE] team=2 losTgt=108.37
[WOBBLE_FIRE] team=2 losTgt=107.53
[WOBBLE_FIRE] team=2 losTgt=106.76
[WOBBLE_FIRE] team=2 losTgt=106.02
[WOBBLE_FIRE] team=2 losTgt=105.30
[WOBBLE_FIRE] team=2 losTgt=104.60
[WOBBLE_FIRE] team=2 losTgt=103.91
[WOBBLE_FIRE] team=2 losTgt=103.24
[WOBBLE_FIRE] team=2 losTgt=102.58
[WOBBLE_FIRE] team=2 losTgt=101.96
[WOBBLE_FIRE] team=2 losTgt=101.35
[WOBBLE_FIRE] team=2 losTgt=100.77
[WOBBLE_FIRE] team=2 losTgt=100.21
[WOBBLE_FIRE] team=2 losTgt=99.67
[WOBBLE_FIRE] team=2 losTgt=99.15
[WOBBLE_FIRE] team=2 losTgt=98.65
[WOBBLE_FIRE] team=2 losTgt=98.15
[WOBBLE_FIRE] team=2 losTgt=97.89
[WOBBLE_FIRE] team=2 losTgt=97.96
[WOBBLE_FIRE] team=2 losTgt=97.90
[WOBBLE_FIRE] team=2 losTgt=97.53
[WOBBLE_FIRE] team=2 losTgt=96.82
[WOBBLE_FIRE] team=2 losTgt=95.90
[WOBBLE_FIRE] team=2 losTgt=94.98
[WOBBLE_FIRE] team=2 losTgt=94.17
[WOBBLE_FIRE] team=2 losTgt=93.46
[WOBBLE_FIRE] team=2 losTgt=92.82
[WOBBLE_FIRE] team=2 losTgt=92.22
[WOBBLE_FIRE] team=2 losTgt=91.91
[WOBBLE_FIRE] team=2 losTgt=92.02
[WOBBLE_FIRE] team=2 losTgt=91.97
[WOBBLE_FIRE] team=2 losTgt=91.63
[WOBBLE_FIRE] team=2 losTgt=90.98
[WOBBLE_FIRE] team=2 losTgt=90.04
[WOBBLE_FIRE] team=2 losTgt=89.03
[WOBBLE_FIRE] team=2 losTgt=88.18
[WOBBLE_FIRE] team=2 losTgt=87.47
[WOBBLE_FIRE] team=2 losTgt=86.86
[WOBBLE_FIRE] team=2 losTgt=86.32
[ACTIVE] [RED] LeadPredict dist=1969.21 dV=12.5523 thr=0.719279 om=0.0994868 lt=3
[WOBBLE_FIRE] team=2 losTgt=85.84
[WOBBLE_FIRE] team=2 losTgt=85.65
[WOBBLE_FIRE] team=2 losTgt=85.81
[WOBBLE_FIRE] team=2 losTgt=85.77
[WOBBLE_FIRE] team=2 losTgt=85.36
[WOBBLE_FIRE] team=2 losTgt=84.61
[WOBBLE_FIRE] team=2 losTgt=83.75
[WOBBLE_FIRE] team=2 losTgt=82.97
[WOBBLE_FIRE] team=2 losTgt=82.24
[WOBBLE_FIRE] team=2 losTgt=81.56
[WOBBLE_FIRE] team=2 losTgt=80.92
[WOBBLE_FIRE] team=2 losTgt=80.31
[WOBBLE_FIRE] team=2 losTgt=79.71
[WOBBLE_FIRE] team=2 losTgt=79.13
[WOBBLE_FIRE] team=2 losTgt=78.55
[WOBBLE_FIRE] team=2 losTgt=77.98
[WOBBLE_FIRE] team=2 losTgt=77.40
[WOBBLE_FIRE] team=2 losTgt=76.83
[WOBBLE_FIRE] team=2 losTgt=76.26
[WOBBLE_FIRE] team=2 losTgt=75.68
[WOBBLE_FIRE] team=2 losTgt=75.11
[WOBBLE_FIRE] team=2 losTgt=74.53
[WOBBLE_FIRE] team=2 losTgt=73.95
[WOBBLE_FIRE] team=2 losTgt=73.36
[WOBBLE_FIRE] team=2 losTgt=72.77
[WOBBLE_FIRE] team=2 losTgt=72.17
[WOBBLE_FIRE] team=2 losTgt=71.58
[WOBBLE_FIRE] team=2 losTgt=70.98
[WOBBLE_FIRE] team=2 losTgt=70.38
[WOBBLE_FIRE] team=2 losTgt=69.77
[WOBBLE_FIRE] team=2 losTgt=69.16
[WOBBLE_FIRE] team=2 losTgt=68.55
[WOBBLE_FIRE] team=2 losTgt=67.94
[WOBBLE_FIRE] team=2 losTgt=67.32
[WOBBLE_FIRE] team=2 losTgt=66.70
[WOBBLE_FIRE] team=2 losTgt=66.07
[WOBBLE_FIRE] team=2 losTgt=65.44
[WOBBLE_FIRE] team=2 losTgt=64.80
[WOBBLE_FIRE] team=2 losTgt=64.15
[WOBBLE_FIRE] team=2 losTgt=63.50
[WOBBLE_FIRE] team=2 losTgt=62.84
[WOBBLE_FIRE] team=2 losTgt=62.17
[WOBBLE_FIRE] team=2 losTgt=61.49
[WOBBLE_FIRE] team=2 losTgt=60.79
[WOBBLE_FIRE] team=2 losTgt=60.09
[WOBBLE_FIRE] team=2 losTgt=59.37
[WOBBLE_FIRE] team=2 losTgt=58.64
[WOBBLE_FIRE] team=2 losTgt=57.88
[WOBBLE_FIRE] team=2 losTgt=57.11
[WOBBLE_FIRE] team=2 losTgt=56.31
[WOBBLE_FIRE] team=2 losTgt=55.48
[WOBBLE_FIRE] team=2 losTgt=54.62
[WOBBLE_FIRE] team=2 losTgt=53.73
[WOBBLE_FIRE] team=2 losTgt=52.77
[WOBBLE_FIRE] team=2 losTgt=51.77
[WOBBLE_FIRE] team=2 losTgt=50.68
[WOBBLE_FIRE] team=2 losTgt=49.51
[WOBBLE_FIRE] team=2 losTgt=48.21
[WOBBLE_FIRE] team=2 losTgt=46.77
[WOBBLE_FIRE] team=2 losTgt=45.09
[ACTIVE] [RED] LeadPredict dist=267.541 dV=-1.38898 thr=0.597061 om=0.0737874 lt=0.754041
[DUTY] team=1 ticks=9600 v27종말조준=2.89583% v21뱅크예측=60.7708% v17궤도조건=57.1875% v17슬롯적용=54.5938% 상승클램프=0% 강하클램프=19.9688% v23b조건=39.2812% v23b실제적용=38.7917%
[WOBBLE_FIRE] team=2 losTgt=46.53
[WOBBLE_FIRE] team=2 losTgt=79.96
[WOBBLE_FIRE] team=2 losTgt=95.18
[WOBBLE_FIRE] team=2 losTgt=102.70
[WOBBLE_FIRE] team=2 losTgt=106.98
[WOBBLE_FIRE] team=2 losTgt=109.60
[WOBBLE_FIRE] team=2 losTgt=111.02
[WOBBLE_FIRE] team=2 losTgt=111.15
[WOBBLE_FIRE] team=2 losTgt=110.25
[WOBBLE_FIRE] team=2 losTgt=108.94
[WOBBLE_FIRE] team=2 losTgt=107.81
[WOBBLE_FIRE] team=2 losTgt=106.80
[WOBBLE_FIRE] team=2 losTgt=105.83
[WOBBLE_FIRE] team=2 losTgt=104.87
[WOBBLE_FIRE] team=2 losTgt=103.89
[WOBBLE_FIRE] team=2 losTgt=102.87
[WOBBLE_FIRE] team=2 losTgt=101.82
[WOBBLE_FIRE] team=2 losTgt=100.77
[WOBBLE_FIRE] team=2 losTgt=99.73
[WOBBLE_FIRE] team=2 losTgt=98.69
[WOBBLE_FIRE] team=2 losTgt=97.65
[WOBBLE_FIRE] team=2 losTgt=96.60
[WOBBLE_FIRE] team=2 losTgt=95.54
[WOBBLE_FIRE] team=2 losTgt=94.46
[WOBBLE_FIRE] team=2 losTgt=93.38
[WOBBLE_FIRE] team=2 losTgt=92.28
[WOBBLE_FIRE] team=2 losTgt=91.17
[WOBBLE_FIRE] team=2 losTgt=90.05
[WOBBLE_FIRE] team=2 losTgt=88.92
[WOBBLE_FIRE] team=2 losTgt=87.79
[WOBBLE_FIRE] team=2 losTgt=86.64
[WOBBLE_FIRE] team=2 losTgt=85.49
[WOBBLE_FIRE] team=2 losTgt=84.32
[WOBBLE_FIRE] team=2 losTgt=83.14
[WOBBLE_FIRE] team=2 losTgt=81.95
[WOBBLE_FIRE] team=2 losTgt=80.76
[WOBBLE_FIRE] team=2 losTgt=79.55
[WOBBLE_FIRE] team=2 losTgt=78.34
[WOBBLE_FIRE] team=2 losTgt=77.12
[WOBBLE_FIRE] team=2 losTgt=75.89
[WOBBLE_FIRE] team=2 losTgt=74.65
[WOBBLE_FIRE] team=2 losTgt=73.39
[WOBBLE_FIRE] team=2 losTgt=72.12
[WOBBLE_FIRE] team=2 losTgt=70.85
[WOBBLE_FIRE] team=2 losTgt=69.56
[WOBBLE_FIRE] team=2 losTgt=68.27
[WOBBLE_FIRE] team=2 losTgt=66.96
[WOBBLE_FIRE] team=2 losTgt=65.63
[WOBBLE_FIRE] team=2 losTgt=64.28
[WOBBLE_FIRE] team=2 losTgt=62.91
[WOBBLE_FIRE] team=2 losTgt=61.52
[WOBBLE_FIRE] team=2 losTgt=60.10
[WOBBLE_FIRE] team=2 losTgt=58.66
[ACTIVE] [RED] LeadPredict dist=641.001 dV=-11.3177 thr=0.522505 om=0.217963 lt=1.72149
[WOBBLE_FIRE] team=2 losTgt=57.19
[WOBBLE_FIRE] team=2 losTgt=55.68
[WOBBLE_FIRE] team=2 losTgt=54.13
[WOBBLE_FIRE] team=2 losTgt=52.51
[WOBBLE_FIRE] team=2 losTgt=50.83
[WOBBLE_FIRE] team=2 losTgt=49.04
[WOBBLE_FIRE] team=2 losTgt=47.13
[WOBBLE_FIRE] team=2 losTgt=45.05
[WOBBLE_FIRE] team=2 losTgt=66.78
[WOBBLE_FIRE] team=2 losTgt=82.37
[WOBBLE_FIRE] team=2 losTgt=92.08
[WOBBLE_FIRE] team=2 losTgt=98.28
[WOBBLE_FIRE] team=2 losTgt=102.30
[WOBBLE_FIRE] team=2 losTgt=104.59
[WOBBLE_FIRE] team=2 losTgt=105.08
[WOBBLE_FIRE] team=2 losTgt=104.74
[WOBBLE_FIRE] team=2 losTgt=104.04
[WOBBLE_FIRE] team=2 losTgt=103.30
[WOBBLE_FIRE] team=2 losTgt=102.55
[WOBBLE_FIRE] team=2 losTgt=101.70
[WOBBLE_FIRE] team=2 losTgt=101.90
[WOBBLE_FIRE] team=2 losTgt=104.37
[WOBBLE_FIRE] team=2 losTgt=104.79
[WOBBLE_FIRE] team=2 losTgt=105.62
[WOBBLE_FIRE] team=2 losTgt=106.14
[ACTIVE] [RED] ClimbOut Z=3158.5
[WOBBLE_FIRE] team=2 losTgt=106.54
[WOBBLE_FIRE] team=2 losTgt=106.86
[WOBBLE_FIRE] team=2 losTgt=107.11
[WOBBLE_FIRE] team=2 losTgt=107.45
[WOBBLE_FIRE] team=2 losTgt=108.13
[WOBBLE_FIRE] team=2 losTgt=109.77
[WOBBLE_FIRE] team=2 losTgt=111.64
[WOBBLE_FIRE] team=2 losTgt=113.43
[WOBBLE_FIRE] team=2 losTgt=115.00
[WOBBLE_FIRE] team=2 losTgt=116.45
[WOBBLE_FIRE] team=2 losTgt=117.79
[WOBBLE_FIRE] team=2 losTgt=119.09
[WOBBLE_FIRE] team=2 losTgt=120.34
[WOBBLE_FIRE] team=2 losTgt=121.56
[WOBBLE_FIRE] team=2 losTgt=122.74
[WOBBLE_FIRE] team=2 losTgt=123.91
[WOBBLE_FIRE] team=2 losTgt=125.05
[WOBBLE_FIRE] team=2 losTgt=126.18
[WOBBLE_FIRE] team=2 losTgt=127.29
[WOBBLE_FIRE] team=2 losTgt=128.38
[WOBBLE_FIRE] team=2 losTgt=129.46
[WOBBLE_FIRE] team=2 losTgt=130.53
[WOBBLE_FIRE] team=2 losTgt=131.58
[WOBBLE_FIRE] team=2 losTgt=132.62
[WOBBLE_FIRE] team=2 losTgt=133.65
[WOBBLE_FIRE] team=2 losTgt=133.48
[WOBBLE_FIRE] team=2 losTgt=130.75
[WOBBLE_FIRE] team=2 losTgt=132.53
[WOBBLE_FIRE] team=2 losTgt=137.24
[WOBBLE_FIRE] team=2 losTgt=135.93
[WOBBLE_FIRE] team=2 losTgt=130.75
[WOBBLE_FIRE] team=2 losTgt=131.63
[WOBBLE_FIRE] team=2 losTgt=138.08
[WOBBLE_FIRE] team=2 losTgt=140.38
[WOBBLE_FIRE] team=2 losTgt=134.77
[WOBBLE_FIRE] team=2 losTgt=131.08
[WOBBLE_FIRE] team=2 losTgt=133.51
[WOBBLE_FIRE] team=2 losTgt=135.94
[WOBBLE_FIRE] team=2 losTgt=133.88
[ACTIVE] [RED] ClimbOut Z=2318.01
[WOBBLE_FIRE] team=2 losTgt=130.95
[WOBBLE_FIRE] team=2 losTgt=132.42
[WOBBLE_FIRE] team=2 losTgt=134.88
[WOBBLE_FIRE] team=2 losTgt=133.82
[WOBBLE_FIRE] team=2 losTgt=130.08
[WOBBLE_FIRE] team=2 losTgt=129.94
[WOBBLE_FIRE] team=2 losTgt=132.77
[WOBBLE_FIRE] team=2 losTgt=134.10
[WOBBLE_FIRE] team=2 losTgt=131.79
[WOBBLE_FIRE] team=2 losTgt=131.38
[WOBBLE_FIRE] team=2 losTgt=133.22
[WOBBLE_FIRE] team=2 losTgt=132.92
[WOBBLE_FIRE] team=2 losTgt=130.88
[WOBBLE_FIRE] team=2 losTgt=131.75
[WOBBLE_FIRE] team=2 losTgt=133.56
[WOBBLE_FIRE] team=2 losTgt=132.91
[WOBBLE_FIRE] team=2 losTgt=130.43
[WOBBLE_FIRE] team=2 losTgt=130.95
[WOBBLE_FIRE] team=2 losTgt=133.40
[WOBBLE_FIRE] team=2 losTgt=134.15
[WOBBLE_FIRE] team=2 losTgt=131.85
[WOBBLE_FIRE] team=2 losTgt=130.55
[WOBBLE_FIRE] team=2 losTgt=131.65
[WOBBLE_FIRE] team=2 losTgt=131.62
[WOBBLE_FIRE] team=2 losTgt=131.63
[WOBBLE_FIRE] team=2 losTgt=131.75
[WOBBLE_FIRE] team=2 losTgt=130.30
[WOBBLE_FIRE] team=2 losTgt=128.94
[WOBBLE_FIRE] team=2 losTgt=127.03
[WOBBLE_FIRE] team=2 losTgt=125.40
[WOBBLE_FIRE] team=2 losTgt=125.29
[WOBBLE_FIRE] team=2 losTgt=127.83
[WOBBLE_FIRE] team=2 losTgt=127.97
[WOBBLE_FIRE] team=2 losTgt=128.54
[WOBBLE_FIRE] team=2 losTgt=129.23
[WOBBLE_FIRE] team=2 losTgt=129.71
[WOBBLE_FIRE] team=2 losTgt=129.83
[WOBBLE_FIRE] team=2 losTgt=129.97
[WOBBLE_FIRE] team=2 losTgt=130.93
[WOBBLE_FIRE] team=2 losTgt=132.28
[WOBBLE_FIRE] team=2 losTgt=132.39
[ACTIVE] [RED] LeadPredict dist=1575.86 dV=-4.47562 thr=0.701193 om=0.328983 lt=3
[WOBBLE_FIRE] team=2 losTgt=132.26
[WOBBLE_FIRE] team=2 losTgt=132.86
[WOBBLE_FIRE] team=2 losTgt=133.16
[WOBBLE_FIRE] team=2 losTgt=132.88
[WOBBLE_FIRE] team=2 losTgt=132.24
[WOBBLE_FIRE] team=2 losTgt=131.47
[WOBBLE_FIRE] team=2 losTgt=130.81
[WOBBLE_FIRE] team=2 losTgt=130.24
[WOBBLE_FIRE] team=2 losTgt=129.81
[WOBBLE_FIRE] team=2 losTgt=129.44
[WOBBLE_FIRE] team=2 losTgt=129.13
[WOBBLE_FIRE] team=2 losTgt=128.89
[WOBBLE_FIRE] team=2 losTgt=128.71
[WOBBLE_FIRE] team=2 losTgt=128.60
[WOBBLE_FIRE] team=2 losTgt=128.51
[WOBBLE_FIRE] team=2 losTgt=128.50
[WOBBLE_FIRE] team=2 losTgt=128.52
[WOBBLE_FIRE] team=2 losTgt=128.55
[WOBBLE_FIRE] team=2 losTgt=128.59
[WOBBLE_FIRE] team=2 losTgt=128.62
[WOBBLE_FIRE] team=2 losTgt=128.65
[WOBBLE_FIRE] team=2 losTgt=128.66
[WOBBLE_FIRE] team=2 losTgt=128.65
[WOBBLE_FIRE] team=2 losTgt=128.60
[WOBBLE_FIRE] team=2 losTgt=128.50
[WOBBLE_FIRE] team=2 losTgt=128.36
[WOBBLE_FIRE] team=2 losTgt=128.17
[WOBBLE_FIRE] team=2 losTgt=127.92
[WOBBLE_FIRE] team=2 losTgt=127.60
[WOBBLE_FIRE] team=2 losTgt=127.22
[WOBBLE_FIRE] team=2 losTgt=126.76
[WOBBLE_FIRE] team=2 losTgt=126.24
[WOBBLE_FIRE] team=2 losTgt=125.65
[WOBBLE_FIRE] team=2 losTgt=125.00
[WOBBLE_FIRE] team=2 losTgt=124.29
[WOBBLE_FIRE] team=2 losTgt=123.53
[WOBBLE_FIRE] team=2 losTgt=122.75
[WOBBLE_FIRE] team=2 losTgt=121.95
[WOBBLE_FIRE] team=2 losTgt=121.16
[WOBBLE_FIRE] team=2 losTgt=120.36
[WOBBLE_FIRE] team=2 losTgt=119.57
[WOBBLE_FIRE] team=2 losTgt=118.76
[WOBBLE_FIRE] team=2 losTgt=117.92
[WOBBLE_FIRE] team=2 losTgt=117.07
[WOBBLE_FIRE] team=2 losTgt=116.20
[WOBBLE_FIRE] team=2 losTgt=115.31
[WOBBLE_FIRE] team=2 losTgt=114.41
[WOBBLE_FIRE] team=2 losTgt=113.49
[WOBBLE_FIRE] team=2 losTgt=112.56
[WOBBLE_FIRE] team=2 losTgt=111.61
[WOBBLE_FIRE] team=2 losTgt=110.65
[WOBBLE_FIRE] team=2 losTgt=109.69
[WOBBLE_FIRE] team=2 losTgt=108.72
[WOBBLE_FIRE] team=2 losTgt=107.74
[WOBBLE_FIRE] team=2 losTgt=106.75
[WOBBLE_FIRE] team=2 losTgt=105.77
[WOBBLE_FIRE] team=2 losTgt=104.78
[WOBBLE_FIRE] team=2 losTgt=103.80
[WOBBLE_FIRE] team=2 losTgt=102.81
[WOBBLE_FIRE] team=2 losTgt=101.82
[ACTIVE] [RED] LeadPredict dist=1795.33 dV=8.43683 thr=0.698945 om=0.235905 lt=3
[WOBBLE_FIRE] team=2 losTgt=100.84
[WOBBLE_FIRE] team=2 losTgt=99.85
[WOBBLE_FIRE] team=2 losTgt=98.84
[WOBBLE_FIRE] team=2 losTgt=97.82
[WOBBLE_FIRE] team=2 losTgt=96.80
[WOBBLE_FIRE] team=2 losTgt=95.78
[WOBBLE_FIRE] team=2 losTgt=94.76
[WOBBLE_FIRE] team=2 losTgt=93.74
[WOBBLE_FIRE] team=2 losTgt=92.72
[WOBBLE_FIRE] team=2 losTgt=91.70
[WOBBLE_FIRE] team=2 losTgt=90.68
[WOBBLE_FIRE] team=2 losTgt=89.67
[WOBBLE_FIRE] team=2 losTgt=88.66
[WOBBLE_FIRE] team=2 losTgt=87.66
[WOBBLE_FIRE] team=2 losTgt=86.67
[WOBBLE_FIRE] team=2 losTgt=85.67
[WOBBLE_FIRE] team=2 losTgt=84.68
[WOBBLE_FIRE] team=2 losTgt=83.70
[WOBBLE_FIRE] team=2 losTgt=82.71
[WOBBLE_FIRE] team=2 losTgt=81.71
[WOBBLE_FIRE] team=2 losTgt=80.65
[WOBBLE_FIRE] team=2 losTgt=79.52
[WOBBLE_FIRE] team=2 losTgt=78.34
[WOBBLE_FIRE] team=2 losTgt=77.14
[WOBBLE_FIRE] team=2 losTgt=75.96
[WOBBLE_FIRE] team=2 losTgt=74.81
[WOBBLE_FIRE] team=2 losTgt=73.68
[WOBBLE_FIRE] team=2 losTgt=72.55
[WOBBLE_FIRE] team=2 losTgt=71.42
[WOBBLE_FIRE] team=2 losTgt=70.29
[WOBBLE_FIRE] team=2 losTgt=69.14
[WOBBLE_FIRE] team=2 losTgt=67.98
[WOBBLE_FIRE] team=2 losTgt=66.80
[WOBBLE_FIRE] team=2 losTgt=65.61
[WOBBLE_FIRE] team=2 losTgt=64.39
[WOBBLE_FIRE] team=2 losTgt=63.15
[WOBBLE_FIRE] team=2 losTgt=61.90
[WOBBLE_FIRE] team=2 losTgt=60.63
[WOBBLE_FIRE] team=2 losTgt=59.35
[WOBBLE_FIRE] team=2 losTgt=58.04
[WOBBLE_FIRE] team=2 losTgt=56.72
[WOBBLE_FIRE] team=2 losTgt=55.36
[WOBBLE_FIRE] team=2 losTgt=53.97
[WOBBLE_FIRE] team=2 losTgt=52.56
[WOBBLE_FIRE] team=2 losTgt=51.10
[WOBBLE_FIRE] team=2 losTgt=49.60
[WOBBLE_FIRE] team=2 losTgt=48.06
[WOBBLE_FIRE] team=2 losTgt=46.46
[ACTIVE] [RED] LeadPredict dist=345.506 dV=-21.5036 thr=1 om=0.0522832 lt=1.23595
[WOBBLE_FIRE] team=2 losTgt=48.63
[WOBBLE_FIRE] team=2 losTgt=67.86
[WOBBLE_FIRE] team=2 losTgt=82.09
[WOBBLE_FIRE] team=2 losTgt=91.86
[WOBBLE_FIRE] team=2 losTgt=98.66
[WOBBLE_FIRE] team=2 losTgt=103.51
[WOBBLE_FIRE] team=2 losTgt=107.10
[WOBBLE_FIRE] team=2 losTgt=109.82
[WOBBLE_FIRE] team=2 losTgt=111.93
[WOBBLE_FIRE] team=2 losTgt=113.56
[WOBBLE_FIRE] team=2 losTgt=114.60
[WOBBLE_FIRE] team=2 losTgt=114.86
[WOBBLE_FIRE] team=2 losTgt=114.31
[WOBBLE_FIRE] team=2 losTgt=113.02
[WOBBLE_FIRE] team=2 losTgt=111.39
[WOBBLE_FIRE] team=2 losTgt=109.80
[WOBBLE_FIRE] team=2 losTgt=108.31
[WOBBLE_FIRE] team=2 losTgt=106.93
[WOBBLE_FIRE] team=2 losTgt=105.61
[WOBBLE_FIRE] team=2 losTgt=104.32
[WOBBLE_FIRE] team=2 losTgt=103.02
[WOBBLE_FIRE] team=2 losTgt=101.73
[WOBBLE_FIRE] team=2 losTgt=100.44
[WOBBLE_FIRE] team=2 losTgt=99.14
[WOBBLE_FIRE] team=2 losTgt=97.82
[WOBBLE_FIRE] team=2 losTgt=96.49
[WOBBLE_FIRE] team=2 losTgt=95.15
[WOBBLE_FIRE] team=2 losTgt=93.79
[WOBBLE_FIRE] team=2 losTgt=92.41
[WOBBLE_FIRE] team=2 losTgt=91.02
[WOBBLE_FIRE] team=2 losTgt=89.62
[WOBBLE_FIRE] team=2 losTgt=88.19
[WOBBLE_FIRE] team=2 losTgt=86.74
[WOBBLE_FIRE] team=2 losTgt=85.29
[WOBBLE_FIRE] team=2 losTgt=83.80
[WOBBLE_FIRE] team=2 losTgt=82.30
[WOBBLE_FIRE] team=2 losTgt=80.78
[WOBBLE_FIRE] team=2 losTgt=79.24
[WOBBLE_FIRE] team=2 losTgt=77.69
[WOBBLE_FIRE] team=2 losTgt=76.12
[WOBBLE_FIRE] team=2 losTgt=74.54
[WOBBLE_FIRE] team=2 losTgt=72.94
[WOBBLE_FIRE] team=2 losTgt=71.31
[WOBBLE_FIRE] team=2 losTgt=69.65
[WOBBLE_FIRE] team=2 losTgt=67.98
[WOBBLE_FIRE] team=2 losTgt=66.31
[WOBBLE_FIRE] team=2 losTgt=64.65
[WOBBLE_FIRE] team=2 losTgt=62.98
[WOBBLE_FIRE] team=2 losTgt=61.32
[WOBBLE_FIRE] team=2 losTgt=59.67
[WOBBLE_FIRE] team=2 losTgt=58.01
[ACTIVE] [RED] LeadPredict dist=1068.96 dV=-11.5235 thr=1 om=0.257197 lt=3
[WOBBLE_FIRE] team=2 losTgt=56.35
[WOBBLE_FIRE] team=2 losTgt=54.68
[WOBBLE_FIRE] team=2 losTgt=53.01
[WOBBLE_FIRE] team=2 losTgt=51.33
[WOBBLE_FIRE] team=2 losTgt=49.64
[WOBBLE_FIRE] team=2 losTgt=47.95
[WOBBLE_FIRE] team=2 losTgt=46.24
[WOBBLE_FIRE] team=2 losTgt=48.48
[WOBBLE_FIRE] team=2 losTgt=54.06
[WOBBLE_FIRE] team=2 losTgt=59.69
[WOBBLE_FIRE] team=2 losTgt=65.21
[WOBBLE_FIRE] team=2 losTgt=70.47
[WOBBLE_FIRE] team=2 losTgt=75.35
[WOBBLE_FIRE] team=2 losTgt=79.86
[WOBBLE_FIRE] team=2 losTgt=83.95
[WOBBLE_FIRE] team=2 losTgt=87.55
[WOBBLE_FIRE] team=2 losTgt=90.44
[WOBBLE_FIRE] team=2 losTgt=92.41
[WOBBLE_FIRE] team=2 losTgt=93.54
[WOBBLE_FIRE] team=2 losTgt=93.77
[WOBBLE_FIRE] team=2 losTgt=93.32
[WOBBLE_FIRE] team=2 losTgt=92.60
[WOBBLE_FIRE] team=2 losTgt=91.93
[WOBBLE_FIRE] team=2 losTgt=91.36
[WOBBLE_FIRE] team=2 losTgt=90.81
[WOBBLE_FIRE] team=2 losTgt=90.25
[WOBBLE_FIRE] team=2 losTgt=89.66
[WOBBLE_FIRE] team=2 losTgt=89.07
[ACTIVE] [RED] LeadPredict dist=715.815 dV=10.9061 thr=0.869126 om=0.28195 lt=2.96557
[WOBBLE_FIRE] team=2 losTgt=88.44
[WOBBLE_FIRE] team=2 losTgt=87.80
[WOBBLE_FIRE] team=2 losTgt=87.12
[WOBBLE_FIRE] team=2 losTgt=86.40
[WOBBLE_FIRE] team=2 losTgt=85.65
[WOBBLE_FIRE] team=2 losTgt=84.85
[WOBBLE_FIRE] team=2 losTgt=84.02
[WOBBLE_FIRE] team=2 losTgt=83.14
[WOBBLE_FIRE] team=2 losTgt=82.23
[WOBBLE_FIRE] team=2 losTgt=81.29
[WOBBLE_FIRE] team=2 losTgt=80.33
[WOBBLE_FIRE] team=2 losTgt=79.33
[WOBBLE_FIRE] team=2 losTgt=78.31
[WOBBLE_FIRE] team=2 losTgt=77.28
[WOBBLE_FIRE] team=2 losTgt=76.22
[WOBBLE_FIRE] team=2 losTgt=75.13
[WOBBLE_FIRE] team=2 losTgt=74.04
[WOBBLE_FIRE] team=2 losTgt=72.93
[WOBBLE_FIRE] team=2 losTgt=71.79
[WOBBLE_FIRE] team=2 losTgt=70.61
[WOBBLE_FIRE] team=2 losTgt=69.37
[WOBBLE_FIRE] team=2 losTgt=68.15
[WOBBLE_FIRE] team=2 losTgt=66.94
[WOBBLE_FIRE] team=2 losTgt=65.74
[WOBBLE_FIRE] team=2 losTgt=64.50
[WOBBLE_FIRE] team=2 losTgt=63.25
[WOBBLE_FIRE] team=2 losTgt=61.98
[WOBBLE_FIRE] team=2 losTgt=60.69
[WOBBLE_FIRE] team=2 losTgt=59.39
[WOBBLE_FIRE] team=2 losTgt=58.09
[WOBBLE_FIRE] team=2 losTgt=56.76
[WOBBLE_FIRE] team=2 losTgt=55.44
[WOBBLE_FIRE] team=2 losTgt=54.10
[WOBBLE_FIRE] team=2 losTgt=52.75
[WOBBLE_FIRE] team=2 losTgt=51.38
[WOBBLE_FIRE] team=2 losTgt=50.00
[WOBBLE_FIRE] team=2 losTgt=48.61
[WOBBLE_FIRE] team=2 losTgt=47.21
[WOBBLE_FIRE] team=2 losTgt=45.77
[ACTIVE] [RED] LeadPredict dist=509.837 dV=-6.84206 thr=1 om=0.0928659 lt=2.28038
[WOBBLE_FIRE] team=2 losTgt=47.90
[WOBBLE_FIRE] team=2 losTgt=54.77
[WOBBLE_FIRE] team=2 losTgt=61.44
[WOBBLE_FIRE] team=2 losTgt=68.06
[WOBBLE_FIRE] team=2 losTgt=74.52
[WOBBLE_FIRE] team=2 losTgt=80.68
[WOBBLE_FIRE] team=2 losTgt=86.36
[WOBBLE_FIRE] team=2 losTgt=91.50
[WOBBLE_FIRE] team=2 losTgt=96.07
[WOBBLE_FIRE] team=2 losTgt=100.09
[WOBBLE_FIRE] team=2 losTgt=103.59
[WOBBLE_FIRE] team=2 losTgt=106.66
[WOBBLE_FIRE] team=2 losTgt=109.35
[WOBBLE_FIRE] team=2 losTgt=111.75
[WOBBLE_FIRE] team=2 losTgt=113.86
[WOBBLE_FIRE] team=2 losTgt=115.48
[WOBBLE_FIRE] team=2 losTgt=116.39
[WOBBLE_FIRE] team=2 losTgt=116.32
[WOBBLE_FIRE] team=2 losTgt=115.16
[WOBBLE_FIRE] team=2 losTgt=113.59
[WOBBLE_FIRE] team=2 losTgt=112.06
[WOBBLE_FIRE] team=2 losTgt=110.71
[WOBBLE_FIRE] team=2 losTgt=109.55
[WOBBLE_FIRE] team=2 losTgt=108.50
[WOBBLE_FIRE] team=2 losTgt=107.51
[WOBBLE_FIRE] team=2 losTgt=106.55
[WOBBLE_FIRE] team=2 losTgt=105.61
[WOBBLE_FIRE] team=2 losTgt=104.66
[WOBBLE_FIRE] team=2 losTgt=103.71
[WOBBLE_FIRE] team=2 losTgt=102.76
[WOBBLE_FIRE] team=2 losTgt=101.79
[WOBBLE_FIRE] team=2 losTgt=100.81
[WOBBLE_FIRE] team=2 losTgt=99.82
[WOBBLE_FIRE] team=2 losTgt=98.82
[WOBBLE_FIRE] team=2 losTgt=97.80
[WOBBLE_FIRE] team=2 losTgt=96.77
[WOBBLE_FIRE] team=2 losTgt=95.73
[WOBBLE_FIRE] team=2 losTgt=94.67
[WOBBLE_FIRE] team=2 losTgt=93.61
[WOBBLE_FIRE] team=2 losTgt=92.53
[WOBBLE_FIRE] team=2 losTgt=91.44
[WOBBLE_FIRE] team=2 losTgt=90.34
[WOBBLE_FIRE] team=2 losTgt=89.22
[WOBBLE_FIRE] team=2 losTgt=88.10
[WOBBLE_FIRE] team=2 losTgt=86.95
[WOBBLE_FIRE] team=2 losTgt=85.80
[WOBBLE_FIRE] team=2 losTgt=84.64
[WOBBLE_FIRE] team=2 losTgt=83.47
[ACTIVE] [RED] LeadPredict dist=1448.17 dV=-3.08664 thr=1 om=0.245321 lt=3
[WOBBLE_FIRE] team=2 losTgt=82.28
[WOBBLE_FIRE] team=2 losTgt=81.09
[WOBBLE_FIRE] team=2 losTgt=79.89
[WOBBLE_FIRE] team=2 losTgt=78.69
[WOBBLE_FIRE] team=2 losTgt=77.48
[WOBBLE_FIRE] team=2 losTgt=76.25
[WOBBLE_FIRE] team=2 losTgt=75.02
[WOBBLE_FIRE] team=2 losTgt=73.77
[WOBBLE_FIRE] team=2 losTgt=72.51
[WOBBLE_FIRE] team=2 losTgt=71.24
[WOBBLE_FIRE] team=2 losTgt=69.96
[WOBBLE_FIRE] team=2 losTgt=68.67
[WOBBLE_FIRE] team=2 losTgt=67.38
[WOBBLE_FIRE] team=2 losTgt=66.07
[WOBBLE_FIRE] team=2 losTgt=64.76
[WOBBLE_FIRE] team=2 losTgt=63.45
[WOBBLE_FIRE] team=2 losTgt=62.12
[WOBBLE_FIRE] team=2 losTgt=60.79
[WOBBLE_FIRE] team=2 losTgt=59.45
[WOBBLE_FIRE] team=2 losTgt=58.10
[WOBBLE_FIRE] team=2 losTgt=56.75
[WOBBLE_FIRE] team=2 losTgt=55.40
[WOBBLE_FIRE] team=2 losTgt=54.03
[WOBBLE_FIRE] team=2 losTgt=52.66
[WOBBLE_FIRE] team=2 losTgt=51.28
[WOBBLE_FIRE] team=2 losTgt=49.89
[WOBBLE_FIRE] team=2 losTgt=48.50
[WOBBLE_FIRE] team=2 losTgt=47.10
[WOBBLE_FIRE] team=2 losTgt=45.69
[ACTIVE] [RED] LeadPredict dist=718.702 dV=-4.2184 thr=1 om=0.193434 lt=2.83551
[WOBBLE_FIRE] team=2 losTgt=46.74
[WOBBLE_FIRE] team=2 losTgt=51.45
[WOBBLE_FIRE] team=2 losTgt=56.10
[WOBBLE_FIRE] team=2 losTgt=60.70
[WOBBLE_FIRE] team=2 losTgt=65.17
[WOBBLE_FIRE] team=2 losTgt=69.53
[WOBBLE_FIRE] team=2 losTgt=73.65
[WOBBLE_FIRE] team=2 losTgt=77.38
[WOBBLE_FIRE] team=2 losTgt=80.77
[WOBBLE_FIRE] team=2 losTgt=83.90
[WOBBLE_FIRE] team=2 losTgt=86.81
[WOBBLE_FIRE] team=2 losTgt=89.51
[WOBBLE_FIRE] team=2 losTgt=91.84
[WOBBLE_FIRE] team=2 losTgt=92.81
[WOBBLE_FIRE] team=2 losTgt=92.74
[WOBBLE_FIRE] team=2 losTgt=92.42
[WOBBLE_FIRE] team=2 losTgt=92.09
[WOBBLE_FIRE] team=2 losTgt=91.81
[WOBBLE_FIRE] team=2 losTgt=91.57
[WOBBLE_FIRE] team=2 losTgt=91.29
[WOBBLE_FIRE] team=2 losTgt=90.96
[WOBBLE_FIRE] team=2 losTgt=90.57
[WOBBLE_FIRE] team=2 losTgt=90.12
[WOBBLE_FIRE] team=2 losTgt=89.64
[WOBBLE_FIRE] team=2 losTgt=89.11
[WOBBLE_FIRE] team=2 losTgt=88.54
[WOBBLE_FIRE] team=2 losTgt=87.92
[WOBBLE_FIRE] team=2 losTgt=87.27
[WOBBLE_FIRE] team=2 losTgt=86.58
[WOBBLE_FIRE] team=2 losTgt=85.86
[WOBBLE_FIRE] team=2 losTgt=85.12
[WOBBLE_FIRE] team=2 losTgt=84.36
[WOBBLE_FIRE] team=2 losTgt=83.57
[WOBBLE_FIRE] team=2 losTgt=82.77
[WOBBLE_FIRE] team=2 losTgt=81.94
[WOBBLE_FIRE] team=2 losTgt=81.11
[WOBBLE_FIRE] team=2 losTgt=80.26
[WOBBLE_FIRE] team=2 losTgt=79.41
[WOBBLE_FIRE] team=2 losTgt=78.54
[WOBBLE_FIRE] team=2 losTgt=77.67
[WOBBLE_FIRE] team=2 losTgt=76.79
[WOBBLE_FIRE] team=2 losTgt=75.90
[WOBBLE_FIRE] team=2 losTgt=75.01
[WOBBLE_FIRE] team=2 losTgt=74.11
[ACTIVE] [RED] LeadPredict dist=1111.26 dV=23.5613 thr=0.861393 om=0.252649 lt=3
[DUTY] team=1 ticks=10200 v27종말조준=2.86275% v21뱅크예측=61.7843% v17궤도조건=58.9804% v17슬롯적용=53.7059% 상승클램프=0% 강하클램프=19.6863% v23b조건=38.9706% v23b실제적용=38.5098%
[WOBBLE_FIRE] team=2 losTgt=73.18
[WOBBLE_FIRE] team=2 losTgt=72.24
[WOBBLE_FIRE] team=2 losTgt=71.33
[WOBBLE_FIRE] team=2 losTgt=70.41
[WOBBLE_FIRE] team=2 losTgt=69.45
[WOBBLE_FIRE] team=2 losTgt=68.46
[WOBBLE_FIRE] team=2 losTgt=67.46
[WOBBLE_FIRE] team=2 losTgt=66.47
[WOBBLE_FIRE] team=2 losTgt=65.43
[WOBBLE_FIRE] team=2 losTgt=64.36
[WOBBLE_FIRE] team=2 losTgt=63.26
[WOBBLE_FIRE] team=2 losTgt=62.15
[WOBBLE_FIRE] team=2 losTgt=61.03
[WOBBLE_FIRE] team=2 losTgt=59.91
[WOBBLE_FIRE] team=2 losTgt=58.79
[WOBBLE_FIRE] team=2 losTgt=57.67
[WOBBLE_FIRE] team=2 losTgt=56.55
[WOBBLE_FIRE] team=2 losTgt=55.42
[WOBBLE_FIRE] team=2 losTgt=54.29
[WOBBLE_FIRE] team=2 losTgt=53.15
[WOBBLE_FIRE] team=2 losTgt=51.99
[WOBBLE_FIRE] team=2 losTgt=50.81
[WOBBLE_FIRE] team=2 losTgt=49.61
[WOBBLE_FIRE] team=2 losTgt=49.02
[WOBBLE_FIRE] team=2 losTgt=50.56
[WOBBLE_FIRE] team=2 losTgt=51.67
[WOBBLE_FIRE] team=2 losTgt=52.39
[WOBBLE_FIRE] team=2 losTgt=52.89
[WOBBLE_FIRE] team=2 losTgt=53.20
[WOBBLE_FIRE] team=2 losTgt=53.27
[WOBBLE_FIRE] team=2 losTgt=53.17
[WOBBLE_FIRE] team=2 losTgt=52.92
[WOBBLE_FIRE] team=2 losTgt=52.56
[WOBBLE_FIRE] team=2 losTgt=52.13
[WOBBLE_FIRE] team=2 losTgt=51.70
[WOBBLE_FIRE] team=2 losTgt=51.21
[WOBBLE_FIRE] team=2 losTgt=50.66
[WOBBLE_FIRE] team=2 losTgt=50.04
[WOBBLE_FIRE] team=2 losTgt=49.34
[WOBBLE_FIRE] team=2 losTgt=48.54
[WOBBLE_FIRE] team=2 losTgt=47.62
[WOBBLE_FIRE] team=2 losTgt=46.61
[WOBBLE_FIRE] team=2 losTgt=45.44
[WOBBLE_FIRE] team=2 losTgt=63.43
[WOBBLE_FIRE] team=2 losTgt=76.80
[WOBBLE_FIRE] team=2 losTgt=85.01
[WOBBLE_FIRE] team=2 losTgt=89.92
[WOBBLE_FIRE] team=2 losTgt=92.88
[WOBBLE_FIRE] team=2 losTgt=94.64
[WOBBLE_FIRE] team=2 losTgt=95.55
[WOBBLE_FIRE] team=2 losTgt=95.93
[ACTIVE] [RED] LeadPredict dist=267.933 dV=0.925964 thr=0.720153 om=0.03339 lt=0.822267
[WOBBLE_FIRE] team=2 losTgt=95.97
[WOBBLE_FIRE] team=2 losTgt=95.78
[WOBBLE_FIRE] team=2 losTgt=95.41
[WOBBLE_FIRE] team=2 losTgt=94.91
[WOBBLE_FIRE] team=2 losTgt=94.27
[WOBBLE_FIRE] team=2 losTgt=93.53
[WOBBLE_FIRE] team=2 losTgt=92.72
[WOBBLE_FIRE] team=2 losTgt=91.84
[WOBBLE_FIRE] team=2 losTgt=90.89
[WOBBLE_FIRE] team=2 losTgt=89.88
[WOBBLE_FIRE] team=2 losTgt=88.83
[WOBBLE_FIRE] team=2 losTgt=87.75
[WOBBLE_FIRE] team=2 losTgt=86.63
[WOBBLE_FIRE] team=2 losTgt=85.47
[WOBBLE_FIRE] team=2 losTgt=84.31
[WOBBLE_FIRE] team=2 losTgt=83.12
[WOBBLE_FIRE] team=2 losTgt=81.91
[WOBBLE_FIRE] team=2 losTgt=80.67
[WOBBLE_FIRE] team=2 losTgt=79.42
[WOBBLE_FIRE] team=2 losTgt=78.16
[WOBBLE_FIRE] team=2 losTgt=76.89
[WOBBLE_FIRE] team=2 losTgt=75.61
[WOBBLE_FIRE] team=2 losTgt=74.32
[WOBBLE_FIRE] team=2 losTgt=73.03
[WOBBLE_FIRE] team=2 losTgt=71.72
[WOBBLE_FIRE] team=2 losTgt=70.42
[WOBBLE_FIRE] team=2 losTgt=69.12
[WOBBLE_FIRE] team=2 losTgt=67.82
[WOBBLE_FIRE] team=2 losTgt=66.50
[WOBBLE_FIRE] team=2 losTgt=65.19
[WOBBLE_FIRE] team=2 losTgt=63.87
[WOBBLE_FIRE] team=2 losTgt=62.55
[WOBBLE_FIRE] team=2 losTgt=61.22
[WOBBLE_FIRE] team=2 losTgt=59.89
[WOBBLE_FIRE] team=2 losTgt=58.57
[WOBBLE_FIRE] team=2 losTgt=57.78
[WOBBLE_FIRE] team=2 losTgt=57.31
[WOBBLE_FIRE] team=2 losTgt=56.38
[WOBBLE_FIRE] team=2 losTgt=55.49
[WOBBLE_FIRE] team=2 losTgt=54.79
[WOBBLE_FIRE] team=2 losTgt=54.24
[WOBBLE_FIRE] team=2 losTgt=53.58
[WOBBLE_FIRE] team=2 losTgt=52.86
[WOBBLE_FIRE] team=2 losTgt=51.97
[WOBBLE_FIRE] team=2 losTgt=50.88
[WOBBLE_FIRE] team=2 losTgt=49.55
[WOBBLE_FIRE] team=2 losTgt=48.10
[WOBBLE_FIRE] team=2 losTgt=46.60
[WOBBLE_FIRE] team=2 losTgt=45.64
[WOBBLE_FIRE] team=2 losTgt=45.53
[WOBBLE_FIRE] team=2 losTgt=46.72
[WOBBLE_FIRE] team=2 losTgt=52.41
[WOBBLE_FIRE] team=2 losTgt=57.75
[WOBBLE_FIRE] team=2 losTgt=62.41
[WOBBLE_FIRE] team=2 losTgt=67.27
[WOBBLE_FIRE] team=2 losTgt=73.66
[WOBBLE_FIRE] team=2 losTgt=77.51
[ACTIVE] [RED] ClimbOut Z=2309.66
[WOBBLE_FIRE] team=2 losTgt=80.71
[WOBBLE_FIRE] team=2 losTgt=82.89
[WOBBLE_FIRE] team=2 losTgt=84.38
[WOBBLE_FIRE] team=2 losTgt=85.30
[WOBBLE_FIRE] team=2 losTgt=86.04
[WOBBLE_FIRE] team=2 losTgt=86.72
[WOBBLE_FIRE] team=2 losTgt=87.25
[WOBBLE_FIRE] team=2 losTgt=87.58
[WOBBLE_FIRE] team=2 losTgt=87.58
[WOBBLE_FIRE] team=2 losTgt=87.46
[WOBBLE_FIRE] team=2 losTgt=87.24
[WOBBLE_FIRE] team=2 losTgt=86.91
[ACTIVE] [RED] LeadPredict dist=428.776 dV=15.2789 thr=0.649971 om=0.349277 lt=1.25241
[WOBBLE_FIRE] team=2 losTgt=86.55
[WOBBLE_FIRE] team=2 losTgt=86.17
[WOBBLE_FIRE] team=2 losTgt=85.78
[WOBBLE_FIRE] team=2 losTgt=85.35
[WOBBLE_FIRE] team=2 losTgt=84.90
[WOBBLE_FIRE] team=2 losTgt=84.44
[WOBBLE_FIRE] team=2 losTgt=83.97
[WOBBLE_FIRE] team=2 losTgt=83.48
[WOBBLE_FIRE] team=2 losTgt=83.01
[WOBBLE_FIRE] team=2 losTgt=82.54
[WOBBLE_FIRE] team=2 losTgt=82.07
[WOBBLE_FIRE] team=2 losTgt=81.61
[WOBBLE_FIRE] team=2 losTgt=81.14
[WOBBLE_FIRE] team=2 losTgt=80.67
[WOBBLE_FIRE] team=2 losTgt=80.22
[WOBBLE_FIRE] team=2 losTgt=79.75
[WOBBLE_FIRE] team=2 losTgt=79.29
[WOBBLE_FIRE] team=2 losTgt=78.82
[WOBBLE_FIRE] team=2 losTgt=78.36
[WOBBLE_FIRE] team=2 losTgt=77.90
[WOBBLE_FIRE] team=2 losTgt=77.44
[WOBBLE_FIRE] team=2 losTgt=76.98
[WOBBLE_FIRE] team=2 losTgt=76.53
[WOBBLE_FIRE] team=2 losTgt=76.08
[WOBBLE_FIRE] team=2 losTgt=75.63
[WOBBLE_FIRE] team=2 losTgt=75.16
[WOBBLE_FIRE] team=2 losTgt=74.69
[WOBBLE_FIRE] team=2 losTgt=74.18
[WOBBLE_FIRE] team=2 losTgt=73.65
[WOBBLE_FIRE] team=2 losTgt=73.07
[WOBBLE_FIRE] team=2 losTgt=72.45
[WOBBLE_FIRE] team=2 losTgt=71.78
[WOBBLE_FIRE] team=2 losTgt=71.03
[WOBBLE_FIRE] team=2 losTgt=70.22
[WOBBLE_FIRE] team=2 losTgt=69.35
[WOBBLE_FIRE] team=2 losTgt=68.43
[WOBBLE_FIRE] team=2 losTgt=67.48
[WOBBLE_FIRE] team=2 losTgt=66.53
[WOBBLE_FIRE] team=2 losTgt=65.59
[WOBBLE_FIRE] team=2 losTgt=64.63
[WOBBLE_FIRE] team=2 losTgt=63.63
[WOBBLE_FIRE] team=2 losTgt=62.61
[WOBBLE_FIRE] team=2 losTgt=61.56
[WOBBLE_FIRE] team=2 losTgt=60.49
[WOBBLE_FIRE] team=2 losTgt=59.41
[WOBBLE_FIRE] team=2 losTgt=58.30
[WOBBLE_FIRE] team=2 losTgt=57.16
[WOBBLE_FIRE] team=2 losTgt=56.02
[WOBBLE_FIRE] team=2 losTgt=54.85
[WOBBLE_FIRE] team=2 losTgt=53.65
[WOBBLE_FIRE] team=2 losTgt=52.43
[WOBBLE_FIRE] team=2 losTgt=51.18
[WOBBLE_FIRE] team=2 losTgt=49.91
[WOBBLE_FIRE] team=2 losTgt=48.59
[WOBBLE_FIRE] team=2 losTgt=47.25
[WOBBLE_FIRE] team=2 losTgt=45.86
[ACTIVE] [RED] LeadPredict dist=741.4 dV=4.06409 thr=0.82007 om=0.152352 lt=2.45223
[ACTIVE] [RED] LeadPredict dist=575.823 dV=-8.02527 thr=1 om=0.0132678 lt=2.12475
[ACTIVE] [RED] LeadPredict dist=604.057 dV=5.0415 thr=0.944 om=0.0264195 lt=0
runner:local/env:0	num_steps=[6687] | total rewards=[199.7085] | termination= [target destroyed]
[seed 5] reward=   199.71 ownHP=1.0000 tgtHP=-0.0062 target destroyed
total: 2
[WOBBLE_FIRE] team=2 losTgt=64.79
[WOBBLE_FIRE] team=2 losTgt=65.39
[WOBBLE_FIRE] team=2 losTgt=65.94
[WOBBLE_FIRE] team=2 losTgt=66.54
[WOBBLE_FIRE] team=2 losTgt=67.19
[WOBBLE_FIRE] team=2 losTgt=67.88
[WOBBLE_FIRE] team=2 losTgt=68.61
[WOBBLE_FIRE] team=2 losTgt=69.37
[WOBBLE_FIRE] team=2 losTgt=70.14
[WOBBLE_FIRE] team=2 losTgt=70.78
[WOBBLE_FIRE] team=2 losTgt=71.09
[WOBBLE_FIRE] team=2 losTgt=71.01
[WOBBLE_FIRE] team=2 losTgt=70.52
[WOBBLE_FIRE] team=2 losTgt=69.76
[WOBBLE_FIRE] team=2 losTgt=69.08
[WOBBLE_FIRE] team=2 losTgt=68.68
[WOBBLE_FIRE] team=2 losTgt=68.49
[WOBBLE_FIRE] team=2 losTgt=68.41
[WOBBLE_FIRE] team=2 losTgt=68.44
[WOBBLE_FIRE] team=2 losTgt=68.53
[WOBBLE_FIRE] team=2 losTgt=68.70
[WOBBLE_FIRE] team=2 losTgt=68.96
[WOBBLE_FIRE] team=2 losTgt=69.26
[WOBBLE_FIRE] team=2 losTgt=69.60
[WOBBLE_FIRE] team=2 losTgt=69.96
[WOBBLE_FIRE] team=2 losTgt=70.31
[WOBBLE_FIRE] team=2 losTgt=70.67
[WOBBLE_FIRE] team=2 losTgt=71.04
[WOBBLE_FIRE] team=2 losTgt=71.42
[WOBBLE_FIRE] team=2 losTgt=71.81
[WOBBLE_FIRE] team=2 losTgt=72.21
[WOBBLE_FIRE] team=2 losTgt=72.65
[WOBBLE_FIRE] team=2 losTgt=73.11
[WOBBLE_FIRE] team=2 losTgt=73.58
[WOBBLE_FIRE] team=2 losTgt=74.07
[ACTIVE] [RED] LeadPredict dist=2030.32 dV=10.3917 thr=0.790992 om=0.155644 lt=3
[WOBBLE_FIRE] team=2 losTgt=74.58
[WOBBLE_FIRE] team=2 losTgt=75.09
[WOBBLE_FIRE] team=2 losTgt=75.62
[WOBBLE_FIRE] team=2 losTgt=76.17
[WOBBLE_FIRE] team=2 losTgt=76.73
[WOBBLE_FIRE] team=2 losTgt=77.31
[WOBBLE_FIRE] team=2 losTgt=77.90
[WOBBLE_FIRE] team=2 losTgt=78.49
[WOBBLE_FIRE] team=2 losTgt=79.11
[WOBBLE_FIRE] team=2 losTgt=79.73
[WOBBLE_FIRE] team=2 losTgt=80.37
[WOBBLE_FIRE] team=2 losTgt=81.03
[WOBBLE_FIRE] team=2 losTgt=81.69
[WOBBLE_FIRE] team=2 losTgt=82.36
[WOBBLE_FIRE] team=2 losTgt=83.04
[WOBBLE_FIRE] team=2 losTgt=83.73
[WOBBLE_FIRE] team=2 losTgt=84.43
[WOBBLE_FIRE] team=2 losTgt=85.13
[WOBBLE_FIRE] team=2 losTgt=85.84
[WOBBLE_FIRE] team=2 losTgt=86.56
[WOBBLE_FIRE] team=2 losTgt=87.28
[WOBBLE_FIRE] team=2 losTgt=88.00
[WOBBLE_FIRE] team=2 losTgt=88.73
[WOBBLE_FIRE] team=2 losTgt=89.46
[WOBBLE_FIRE] team=2 losTgt=90.19
[WOBBLE_FIRE] team=2 losTgt=90.93
[WOBBLE_FIRE] team=2 losTgt=91.65
[WOBBLE_FIRE] team=2 losTgt=92.38
[WOBBLE_FIRE] team=2 losTgt=93.10
[WOBBLE_FIRE] team=2 losTgt=93.81
[WOBBLE_FIRE] team=2 losTgt=94.52
[WOBBLE_FIRE] team=2 losTgt=95.21
[WOBBLE_FIRE] team=2 losTgt=96.05
[WOBBLE_FIRE] team=2 losTgt=96.97
[WOBBLE_FIRE] team=2 losTgt=97.64
[WOBBLE_FIRE] team=2 losTgt=98.00
[WOBBLE_FIRE] team=2 losTgt=98.24
[WOBBLE_FIRE] team=2 losTgt=98.55
[WOBBLE_FIRE] team=2 losTgt=98.93
[WOBBLE_FIRE] team=2 losTgt=99.34
[WOBBLE_FIRE] team=2 losTgt=99.76
[WOBBLE_FIRE] team=2 losTgt=100.20
[WOBBLE_FIRE] team=2 losTgt=100.66
[WOBBLE_FIRE] team=2 losTgt=101.13
[WOBBLE_FIRE] team=2 losTgt=101.60
[WOBBLE_FIRE] team=2 losTgt=102.05
[WOBBLE_FIRE] team=2 losTgt=102.47
[WOBBLE_FIRE] team=2 losTgt=102.85
[WOBBLE_FIRE] team=2 losTgt=103.19
[WOBBLE_FIRE] team=2 losTgt=103.49
[WOBBLE_FIRE] team=2 losTgt=103.75
[WOBBLE_FIRE] team=2 losTgt=103.97
[WOBBLE_FIRE] team=2 losTgt=104.14
[WOBBLE_FIRE] team=2 losTgt=104.27
[WOBBLE_FIRE] team=2 losTgt=104.36
[WOBBLE_FIRE] team=2 losTgt=104.41
[WOBBLE_FIRE] team=2 losTgt=104.42
[WOBBLE_FIRE] team=2 losTgt=104.39
[WOBBLE_FIRE] team=2 losTgt=104.32
[WOBBLE_FIRE] team=2 losTgt=104.22
[ACTIVE] [RED] LeadPredict dist=1947.6 dV=23.9729 thr=0.693042 om=0.170833 lt=3
[WOBBLE_FIRE] team=2 losTgt=104.09
[WOBBLE_FIRE] team=2 losTgt=103.92
[WOBBLE_FIRE] team=2 losTgt=103.72
[WOBBLE_FIRE] team=2 losTgt=103.49
[WOBBLE_FIRE] team=2 losTgt=103.24
[WOBBLE_FIRE] team=2 losTgt=102.96
[WOBBLE_FIRE] team=2 losTgt=102.65
[WOBBLE_FIRE] team=2 losTgt=102.32
[WOBBLE_FIRE] team=2 losTgt=101.96
[WOBBLE_FIRE] team=2 losTgt=101.58
[WOBBLE_FIRE] team=2 losTgt=101.18
[WOBBLE_FIRE] team=2 losTgt=100.76
[WOBBLE_FIRE] team=2 losTgt=100.32
[WOBBLE_FIRE] team=2 losTgt=99.86
[WOBBLE_FIRE] team=2 losTgt=99.38
[WOBBLE_FIRE] team=2 losTgt=98.88
[WOBBLE_FIRE] team=2 losTgt=98.37
[WOBBLE_FIRE] team=2 losTgt=97.84
[WOBBLE_FIRE] team=2 losTgt=97.30
[WOBBLE_FIRE] team=2 losTgt=96.74
[WOBBLE_FIRE] team=2 losTgt=96.17
[WOBBLE_FIRE] team=2 losTgt=95.58
[WOBBLE_FIRE] team=2 losTgt=94.98
[WOBBLE_FIRE] team=2 losTgt=94.36
[WOBBLE_FIRE] team=2 losTgt=93.74
[WOBBLE_FIRE] team=2 losTgt=93.11
[WOBBLE_FIRE] team=2 losTgt=92.47
[WOBBLE_FIRE] team=2 losTgt=91.82
[WOBBLE_FIRE] team=2 losTgt=91.16
[WOBBLE_FIRE] team=2 losTgt=90.49
[WOBBLE_FIRE] team=2 losTgt=89.80
[WOBBLE_FIRE] team=2 losTgt=89.09
[WOBBLE_FIRE] team=2 losTgt=88.37
[WOBBLE_FIRE] team=2 losTgt=87.63
[WOBBLE_FIRE] team=2 losTgt=86.88
[WOBBLE_FIRE] team=2 losTgt=86.13
[WOBBLE_FIRE] team=2 losTgt=85.37
[WOBBLE_FIRE] team=2 losTgt=84.61
[WOBBLE_FIRE] team=2 losTgt=83.84
[WOBBLE_FIRE] team=2 losTgt=83.07
[WOBBLE_FIRE] team=2 losTgt=82.31
[WOBBLE_FIRE] team=2 losTgt=81.53
[WOBBLE_FIRE] team=2 losTgt=80.75
[WOBBLE_FIRE] team=2 losTgt=79.96
[WOBBLE_FIRE] team=2 losTgt=79.17
[WOBBLE_FIRE] team=2 losTgt=78.37
[WOBBLE_FIRE] team=2 losTgt=77.57
[WOBBLE_FIRE] team=2 losTgt=76.77
[WOBBLE_FIRE] team=2 losTgt=75.97
[WOBBLE_FIRE] team=2 losTgt=75.16
[WOBBLE_FIRE] team=2 losTgt=74.34
[WOBBLE_FIRE] team=2 losTgt=73.53
[WOBBLE_FIRE] team=2 losTgt=72.71
[WOBBLE_FIRE] team=2 losTgt=71.88
[WOBBLE_FIRE] team=2 losTgt=71.05
[WOBBLE_FIRE] team=2 losTgt=70.22
[WOBBLE_FIRE] team=2 losTgt=69.38
[WOBBLE_FIRE] team=2 losTgt=68.53
[WOBBLE_FIRE] team=2 losTgt=67.68
[WOBBLE_FIRE] team=2 losTgt=66.83
[ACTIVE] [RED] LeadPredict dist=1999.92 dV=14.4043 thr=0.592032 om=0.195514 lt=3
[WOBBLE_FIRE] team=2 losTgt=65.96
[WOBBLE_FIRE] team=2 losTgt=65.09
[WOBBLE_FIRE] team=2 losTgt=64.21
[WOBBLE_FIRE] team=2 losTgt=63.33
[WOBBLE_FIRE] team=2 losTgt=62.44
[WOBBLE_FIRE] team=2 losTgt=61.54
[WOBBLE_FIRE] team=2 losTgt=60.63
[WOBBLE_FIRE] team=2 losTgt=59.71
[WOBBLE_FIRE] team=2 losTgt=58.78
[WOBBLE_FIRE] team=2 losTgt=57.84
[WOBBLE_FIRE] team=2 losTgt=56.89
[WOBBLE_FIRE] team=2 losTgt=55.92
[WOBBLE_FIRE] team=2 losTgt=54.95
[WOBBLE_FIRE] team=2 losTgt=53.96
[WOBBLE_FIRE] team=2 losTgt=52.95
[WOBBLE_FIRE] team=2 losTgt=51.93
[WOBBLE_FIRE] team=2 losTgt=50.89
[WOBBLE_FIRE] team=2 losTgt=49.83
[WOBBLE_FIRE] team=2 losTgt=48.75
[WOBBLE_FIRE] team=2 losTgt=47.65
[WOBBLE_FIRE] team=2 losTgt=46.52
[WOBBLE_FIRE] team=2 losTgt=45.36
[WOBBLE_FIRE] team=2 losTgt=45.12
[WOBBLE_FIRE] team=2 losTgt=51.51
[WOBBLE_FIRE] team=2 losTgt=57.58
[WOBBLE_FIRE] team=2 losTgt=62.88
[WOBBLE_FIRE] team=2 losTgt=67.30
[WOBBLE_FIRE] team=2 losTgt=70.67
[ACTIVE] [RED] LeadPredict dist=467.314 dV=-23.6642 thr=0.581756 om=0.132136 lt=1.30385
[WOBBLE_FIRE] team=2 losTgt=73.04
[WOBBLE_FIRE] team=2 losTgt=74.60
[WOBBLE_FIRE] team=2 losTgt=75.83
[WOBBLE_FIRE] team=2 losTgt=76.89
[WOBBLE_FIRE] team=2 losTgt=77.57
[WOBBLE_FIRE] team=2 losTgt=77.95
[WOBBLE_FIRE] team=2 losTgt=78.17
[WOBBLE_FIRE] team=2 losTgt=78.23
[WOBBLE_FIRE] team=2 losTgt=78.14
[WOBBLE_FIRE] team=2 losTgt=77.91
[WOBBLE_FIRE] team=2 losTgt=77.54
[WOBBLE_FIRE] team=2 losTgt=77.05
[WOBBLE_FIRE] team=2 losTgt=76.44
[WOBBLE_FIRE] team=2 losTgt=75.74
[WOBBLE_FIRE] team=2 losTgt=74.95
[WOBBLE_FIRE] team=2 losTgt=74.08
[WOBBLE_FIRE] team=2 losTgt=73.13
[WOBBLE_FIRE] team=2 losTgt=72.11
[WOBBLE_FIRE] team=2 losTgt=71.03
[WOBBLE_FIRE] team=2 losTgt=69.92
[WOBBLE_FIRE] team=2 losTgt=68.74
[WOBBLE_FIRE] team=2 losTgt=67.52
[WOBBLE_FIRE] team=2 losTgt=67.26
[WOBBLE_FIRE] team=2 losTgt=69.33
[WOBBLE_FIRE] team=2 losTgt=69.89
[WOBBLE_FIRE] team=2 losTgt=70.46
[WOBBLE_FIRE] team=2 losTgt=70.80
[WOBBLE_FIRE] team=2 losTgt=71.05
[WOBBLE_FIRE] team=2 losTgt=71.25
[WOBBLE_FIRE] team=2 losTgt=71.40
[WOBBLE_FIRE] team=2 losTgt=71.51
[WOBBLE_FIRE] team=2 losTgt=71.57
[WOBBLE_FIRE] team=2 losTgt=71.81
[WOBBLE_FIRE] team=2 losTgt=72.66
[WOBBLE_FIRE] team=2 losTgt=74.08
[WOBBLE_FIRE] team=2 losTgt=75.93
[WOBBLE_FIRE] team=2 losTgt=77.56
[WOBBLE_FIRE] team=2 losTgt=79.08
[WOBBLE_FIRE] team=2 losTgt=80.46
[WOBBLE_FIRE] team=2 losTgt=81.84
[WOBBLE_FIRE] team=2 losTgt=83.21
[WOBBLE_FIRE] team=2 losTgt=84.58
[WOBBLE_FIRE] team=2 losTgt=85.94
[WOBBLE_FIRE] team=2 losTgt=87.30
[WOBBLE_FIRE] team=2 losTgt=88.67
[WOBBLE_FIRE] team=2 losTgt=90.04
[ACTIVE] [RED] ClimbOut Z=2600.12
[WOBBLE_FIRE] team=2 losTgt=91.42
[WOBBLE_FIRE] team=2 losTgt=92.80
[WOBBLE_FIRE] team=2 losTgt=94.20
[WOBBLE_FIRE] team=2 losTgt=95.60
[WOBBLE_FIRE] team=2 losTgt=97.02
[WOBBLE_FIRE] team=2 losTgt=98.44
[WOBBLE_FIRE] team=2 losTgt=99.86
[WOBBLE_FIRE] team=2 losTgt=101.30
[WOBBLE_FIRE] team=2 losTgt=102.74
[WOBBLE_FIRE] team=2 losTgt=104.19
[WOBBLE_FIRE] team=2 losTgt=105.66
[WOBBLE_FIRE] team=2 losTgt=107.12
[WOBBLE_FIRE] team=2 losTgt=108.60
[WOBBLE_FIRE] team=2 losTgt=110.07
[WOBBLE_FIRE] team=2 losTgt=111.56
[WOBBLE_FIRE] team=2 losTgt=113.05
[WOBBLE_FIRE] team=2 losTgt=113.33
[WOBBLE_FIRE] team=2 losTgt=111.00
[WOBBLE_FIRE] team=2 losTgt=112.89
[WOBBLE_FIRE] team=2 losTgt=117.46
[WOBBLE_FIRE] team=2 losTgt=117.02
[WOBBLE_FIRE] team=2 losTgt=113.34
[WOBBLE_FIRE] team=2 losTgt=114.70
[WOBBLE_FIRE] team=2 losTgt=119.88
[WOBBLE_FIRE] team=2 losTgt=121.45
[WOBBLE_FIRE] team=2 losTgt=117.47
[WOBBLE_FIRE] team=2 losTgt=115.61
[WOBBLE_FIRE] team=2 losTgt=117.89
[WOBBLE_FIRE] team=2 losTgt=119.56
[WOBBLE_FIRE] team=2 losTgt=119.03
[WOBBLE_FIRE] team=2 losTgt=118.33
[WOBBLE_FIRE] team=2 losTgt=119.44
[WOBBLE_FIRE] team=2 losTgt=120.31
[WOBBLE_FIRE] team=2 losTgt=120.37
[WOBBLE_FIRE] team=2 losTgt=120.65
[WOBBLE_FIRE] team=2 losTgt=121.63
[WOBBLE_FIRE] team=2 losTgt=122.55
[WOBBLE_FIRE] team=2 losTgt=123.61
[WOBBLE_FIRE] team=2 losTgt=124.36
[WOBBLE_FIRE] team=2 losTgt=125.20
[WOBBLE_FIRE] team=2 losTgt=126.01
[WOBBLE_FIRE] team=2 losTgt=126.65
[WOBBLE_FIRE] team=2 losTgt=126.89
[WOBBLE_FIRE] team=2 losTgt=126.87
[WOBBLE_FIRE] team=2 losTgt=126.79
[WOBBLE_FIRE] team=2 losTgt=126.79
[WOBBLE_FIRE] team=2 losTgt=126.81
[WOBBLE_FIRE] team=2 losTgt=126.86
[WOBBLE_FIRE] team=2 losTgt=126.98
[WOBBLE_FIRE] team=2 losTgt=127.18
[WOBBLE_FIRE] team=2 losTgt=127.44
[WOBBLE_FIRE] team=2 losTgt=127.74
[WOBBLE_FIRE] team=2 losTgt=128.08
[WOBBLE_FIRE] team=2 losTgt=128.45
[WOBBLE_FIRE] team=2 losTgt=128.83
[WOBBLE_FIRE] team=2 losTgt=129.17
[WOBBLE_FIRE] team=2 losTgt=129.45
[WOBBLE_FIRE] team=2 losTgt=129.68
[WOBBLE_FIRE] team=2 losTgt=129.80
[WOBBLE_FIRE] team=2 losTgt=129.85
[WOBBLE_FIRE] team=2 losTgt=129.79
[WOBBLE_FIRE] team=2 losTgt=129.62
[WOBBLE_FIRE] team=2 losTgt=129.33
[WOBBLE_FIRE] team=2 losTgt=128.93
[WOBBLE_FIRE] team=2 losTgt=128.42
[ACTIVE] [RED] LeadPredict dist=746.336 dV=16.7193 thr=0.578258 om=0.204497 lt=2.07758
[DUTY] team=1 ticks=10800 v27종말조준=3.22222% v21뱅크예측=62.037% v17궤도조건=59.9907% v17슬롯적용=52.9907% 상승클램프=0% 강하클램프=20.9722% v23b조건=40.9722% v23b실제적용=40.2407%
[WOBBLE_FIRE] team=2 losTgt=127.81
[WOBBLE_FIRE] team=2 losTgt=127.10
[WOBBLE_FIRE] team=2 losTgt=126.31
[WOBBLE_FIRE] team=2 losTgt=125.45
[WOBBLE_FIRE] team=2 losTgt=124.52
[WOBBLE_FIRE] team=2 losTgt=123.53
[WOBBLE_FIRE] team=2 losTgt=122.50
[WOBBLE_FIRE] team=2 losTgt=121.42
[WOBBLE_FIRE] team=2 losTgt=120.32
[WOBBLE_FIRE] team=2 losTgt=119.19
[WOBBLE_FIRE] team=2 losTgt=118.03
[WOBBLE_FIRE] team=2 losTgt=116.87
[WOBBLE_FIRE] team=2 losTgt=115.69
[WOBBLE_FIRE] team=2 losTgt=114.50
[WOBBLE_FIRE] team=2 losTgt=113.31
[WOBBLE_FIRE] team=2 losTgt=112.11
[WOBBLE_FIRE] team=2 losTgt=110.91
[WOBBLE_FIRE] team=2 losTgt=109.73
[WOBBLE_FIRE] team=2 losTgt=108.55
[WOBBLE_FIRE] team=2 losTgt=107.38
[WOBBLE_FIRE] team=2 losTgt=106.22
[WOBBLE_FIRE] team=2 losTgt=105.07
[WOBBLE_FIRE] team=2 losTgt=103.92
[WOBBLE_FIRE] team=2 losTgt=102.78
[WOBBLE_FIRE] team=2 losTgt=101.64
[WOBBLE_FIRE] team=2 losTgt=100.47
[WOBBLE_FIRE] team=2 losTgt=99.33
[WOBBLE_FIRE] team=2 losTgt=98.22
[WOBBLE_FIRE] team=2 losTgt=97.10
[WOBBLE_FIRE] team=2 losTgt=95.93
[WOBBLE_FIRE] team=2 losTgt=94.73
[WOBBLE_FIRE] team=2 losTgt=93.51
[WOBBLE_FIRE] team=2 losTgt=92.28
[WOBBLE_FIRE] team=2 losTgt=91.09
[WOBBLE_FIRE] team=2 losTgt=89.90
[WOBBLE_FIRE] team=2 losTgt=88.74
[WOBBLE_FIRE] team=2 losTgt=87.60
[WOBBLE_FIRE] team=2 losTgt=86.45
[WOBBLE_FIRE] team=2 losTgt=85.35
[WOBBLE_FIRE] team=2 losTgt=84.31
[WOBBLE_FIRE] team=2 losTgt=83.31
[WOBBLE_FIRE] team=2 losTgt=82.35
[WOBBLE_FIRE] team=2 losTgt=81.42
[WOBBLE_FIRE] team=2 losTgt=80.50
[WOBBLE_FIRE] team=2 losTgt=79.61
[WOBBLE_FIRE] team=2 losTgt=78.74
[WOBBLE_FIRE] team=2 losTgt=77.90
[WOBBLE_FIRE] team=2 losTgt=77.02
[WOBBLE_FIRE] team=2 losTgt=76.16
[WOBBLE_FIRE] team=2 losTgt=75.24
[WOBBLE_FIRE] team=2 losTgt=74.25
[WOBBLE_FIRE] team=2 losTgt=73.21
[WOBBLE_FIRE] team=2 losTgt=72.14
[WOBBLE_FIRE] team=2 losTgt=71.08
[WOBBLE_FIRE] team=2 losTgt=70.01
[WOBBLE_FIRE] team=2 losTgt=69.37
[WOBBLE_FIRE] team=2 losTgt=69.25
[WOBBLE_FIRE] team=2 losTgt=69.21
[WOBBLE_FIRE] team=2 losTgt=69.29
[WOBBLE_FIRE] team=2 losTgt=69.50
[ACTIVE] [RED] LeadPredict dist=733.798 dV=-14.4557 thr=0.846525 om=0.0265749 lt=2.47811
[WOBBLE_FIRE] team=2 losTgt=69.73
[WOBBLE_FIRE] team=2 losTgt=69.97
[WOBBLE_FIRE] team=2 losTgt=70.22
[WOBBLE_FIRE] team=2 losTgt=70.50
[WOBBLE_FIRE] team=2 losTgt=70.85
[WOBBLE_FIRE] team=2 losTgt=71.26
[WOBBLE_FIRE] team=2 losTgt=71.72
[WOBBLE_FIRE] team=2 losTgt=72.30
[WOBBLE_FIRE] team=2 losTgt=73.00
[WOBBLE_FIRE] team=2 losTgt=73.76
[WOBBLE_FIRE] team=2 losTgt=74.64
[WOBBLE_FIRE] team=2 losTgt=75.72
[WOBBLE_FIRE] team=2 losTgt=77.01
[WOBBLE_FIRE] team=2 losTgt=78.51
[WOBBLE_FIRE] team=2 losTgt=80.46
[WOBBLE_FIRE] team=2 losTgt=82.95
[WOBBLE_FIRE] team=2 losTgt=85.87
[WOBBLE_FIRE] team=2 losTgt=89.58
[WOBBLE_FIRE] team=2 losTgt=94.02
[WOBBLE_FIRE] team=2 losTgt=98.99
[WOBBLE_FIRE] team=2 losTgt=106.00
[WOBBLE_FIRE] team=2 losTgt=116.60
[WOBBLE_FIRE] team=2 losTgt=129.13
[WOBBLE_FIRE] team=2 losTgt=143.42
[WOBBLE_FIRE] team=2 losTgt=158.10
[WOBBLE_FIRE] team=2 losTgt=170.83
[WOBBLE_FIRE] team=2 losTgt=171.69
[WOBBLE_FIRE] team=2 losTgt=163.34
[WOBBLE_FIRE] team=2 losTgt=155.44
[WOBBLE_FIRE] team=2 losTgt=148.68
[WOBBLE_FIRE] team=2 losTgt=143.11
[WOBBLE_FIRE] team=2 losTgt=138.85
[WOBBLE_FIRE] team=2 losTgt=136.00
[WOBBLE_FIRE] team=2 losTgt=134.45
[WOBBLE_FIRE] team=2 losTgt=133.85
[WOBBLE_FIRE] team=2 losTgt=133.75
[WOBBLE_FIRE] team=2 losTgt=133.60
[WOBBLE_FIRE] team=2 losTgt=133.04
[WOBBLE_FIRE] team=2 losTgt=131.76
[WOBBLE_FIRE] team=2 losTgt=129.64
[WOBBLE_FIRE] team=2 losTgt=126.92
[WOBBLE_FIRE] team=2 losTgt=123.90
[WOBBLE_FIRE] team=2 losTgt=120.81
[WOBBLE_FIRE] team=2 losTgt=117.95
[WOBBLE_FIRE] team=2 losTgt=115.43
[WOBBLE_FIRE] team=2 losTgt=113.16
[WOBBLE_FIRE] team=2 losTgt=111.09
[WOBBLE_FIRE] team=2 losTgt=109.16
[WOBBLE_FIRE] team=2 losTgt=107.32
[WOBBLE_FIRE] team=2 losTgt=105.55
[WOBBLE_FIRE] team=2 losTgt=103.84
[WOBBLE_FIRE] team=2 losTgt=102.16
[WOBBLE_FIRE] team=2 losTgt=100.52
[WOBBLE_FIRE] team=2 losTgt=98.90
[WOBBLE_FIRE] team=2 losTgt=97.32
[WOBBLE_FIRE] team=2 losTgt=95.75
[WOBBLE_FIRE] team=2 losTgt=94.21
[WOBBLE_FIRE] team=2 losTgt=92.68
[WOBBLE_FIRE] team=2 losTgt=91.18
[WOBBLE_FIRE] team=2 losTgt=89.69
[WOBBLE_FIRE] team=2 losTgt=88.22
[WOBBLE_FIRE] team=2 losTgt=86.76
[WOBBLE_FIRE] team=2 losTgt=85.31
[WOBBLE_FIRE] team=2 losTgt=83.89
[WOBBLE_FIRE] team=2 losTgt=82.48
[ACTIVE] [RED] LeadPredict dist=588.357 dV=-0.0514221 thr=1 om=0.253634 lt=2.24076
[WOBBLE_FIRE] team=2 losTgt=81.07
[WOBBLE_FIRE] team=2 losTgt=79.72
[WOBBLE_FIRE] team=2 losTgt=78.42
[WOBBLE_FIRE] team=2 losTgt=77.19
[WOBBLE_FIRE] team=2 losTgt=76.04
[WOBBLE_FIRE] team=2 losTgt=74.94
[WOBBLE_FIRE] team=2 losTgt=73.87
[WOBBLE_FIRE] team=2 losTgt=72.77
[WOBBLE_FIRE] team=2 losTgt=71.68
[WOBBLE_FIRE] team=2 losTgt=70.68
[WOBBLE_FIRE] team=2 losTgt=69.82
[WOBBLE_FIRE] team=2 losTgt=69.05
[WOBBLE_FIRE] team=2 losTgt=68.16
[WOBBLE_FIRE] team=2 losTgt=67.10
[WOBBLE_FIRE] team=2 losTgt=66.01
[WOBBLE_FIRE] team=2 losTgt=64.93
[WOBBLE_FIRE] team=2 losTgt=63.90
[WOBBLE_FIRE] team=2 losTgt=62.93
[WOBBLE_FIRE] team=2 losTgt=62.01
[WOBBLE_FIRE] team=2 losTgt=61.15
[WOBBLE_FIRE] team=2 losTgt=60.32
[WOBBLE_FIRE] team=2 losTgt=59.58
[WOBBLE_FIRE] team=2 losTgt=58.91
[WOBBLE_FIRE] team=2 losTgt=58.37
[WOBBLE_FIRE] team=2 losTgt=57.99
[WOBBLE_FIRE] team=2 losTgt=58.04
[WOBBLE_FIRE] team=2 losTgt=59.44
[WOBBLE_FIRE] team=2 losTgt=61.66
[WOBBLE_FIRE] team=2 losTgt=64.75
[WOBBLE_FIRE] team=2 losTgt=69.26
[WOBBLE_FIRE] team=2 losTgt=78.00
[WOBBLE_FIRE] team=2 losTgt=105.15
[WOBBLE_FIRE] team=2 losTgt=148.81
[WOBBLE_FIRE] team=2 losTgt=141.39
[WOBBLE_FIRE] team=2 losTgt=135.46
[WOBBLE_FIRE] team=2 losTgt=131.92
[WOBBLE_FIRE] team=2 losTgt=129.52
[WOBBLE_FIRE] team=2 losTgt=127.66
[WOBBLE_FIRE] team=2 losTgt=126.25
[WOBBLE_FIRE] team=2 losTgt=125.03
[WOBBLE_FIRE] team=2 losTgt=123.84
[WOBBLE_FIRE] team=2 losTgt=122.21
[WOBBLE_FIRE] team=2 losTgt=119.88
[WOBBLE_FIRE] team=2 losTgt=116.94
[WOBBLE_FIRE] team=2 losTgt=113.86
[WOBBLE_FIRE] team=2 losTgt=111.03
[WOBBLE_FIRE] team=2 losTgt=108.52
[WOBBLE_FIRE] team=2 losTgt=106.32
[WOBBLE_FIRE] team=2 losTgt=104.34
[WOBBLE_FIRE] team=2 losTgt=102.51
[WOBBLE_FIRE] team=2 losTgt=100.81
[WOBBLE_FIRE] team=2 losTgt=99.21
[WOBBLE_FIRE] team=2 losTgt=97.72
[WOBBLE_FIRE] team=2 losTgt=96.29
[WOBBLE_FIRE] team=2 losTgt=94.94
[WOBBLE_FIRE] team=2 losTgt=93.63
[WOBBLE_FIRE] team=2 losTgt=92.39
[WOBBLE_FIRE] team=2 losTgt=91.19
[WOBBLE_FIRE] team=2 losTgt=90.05
[WOBBLE_FIRE] team=2 losTgt=88.96
[ACTIVE] [RED] LeadPredict dist=431.789 dV=17.7482 thr=0.787022 om=0.242471 lt=1.79269
[WOBBLE_FIRE] team=2 losTgt=87.90
[WOBBLE_FIRE] team=2 losTgt=86.89
[WOBBLE_FIRE] team=2 losTgt=85.90
[WOBBLE_FIRE] team=2 losTgt=84.98
[WOBBLE_FIRE] team=2 losTgt=84.08
[WOBBLE_FIRE] team=2 losTgt=83.21
[WOBBLE_FIRE] team=2 losTgt=82.41
[WOBBLE_FIRE] team=2 losTgt=81.64
[WOBBLE_FIRE] team=2 losTgt=80.94
[WOBBLE_FIRE] team=2 losTgt=80.29
[WOBBLE_FIRE] team=2 losTgt=79.71
[WOBBLE_FIRE] team=2 losTgt=79.20
[WOBBLE_FIRE] team=2 losTgt=78.91
[WOBBLE_FIRE] team=2 losTgt=79.00
[WOBBLE_FIRE] team=2 losTgt=79.17
[WOBBLE_FIRE] team=2 losTgt=79.22
[WOBBLE_FIRE] team=2 losTgt=79.07
[WOBBLE_FIRE] team=2 losTgt=78.67
[WOBBLE_FIRE] team=2 losTgt=78.21
[WOBBLE_FIRE] team=2 losTgt=77.84
[WOBBLE_FIRE] team=2 losTgt=77.61
[WOBBLE_FIRE] team=2 losTgt=77.54
[WOBBLE_FIRE] team=2 losTgt=77.70
[WOBBLE_FIRE] team=2 losTgt=78.10
[WOBBLE_FIRE] team=2 losTgt=78.69
[WOBBLE_FIRE] team=2 losTgt=79.55
[WOBBLE_FIRE] team=2 losTgt=80.66
[WOBBLE_FIRE] team=2 losTgt=82.08
[WOBBLE_FIRE] team=2 losTgt=83.98
[WOBBLE_FIRE] team=2 losTgt=86.45
[WOBBLE_FIRE] team=2 losTgt=89.40
[WOBBLE_FIRE] team=2 losTgt=92.88
[WOBBLE_FIRE] team=2 losTgt=96.97
[WOBBLE_FIRE] team=2 losTgt=101.96
[WOBBLE_FIRE] team=2 losTgt=108.01
[WOBBLE_FIRE] team=2 losTgt=115.42
[WOBBLE_FIRE] team=2 losTgt=124.58
[WOBBLE_FIRE] team=2 losTgt=134.76
[WOBBLE_FIRE] team=2 losTgt=145.31
[WOBBLE_FIRE] team=2 losTgt=154.83
[WOBBLE_FIRE] team=2 losTgt=161.50
[WOBBLE_FIRE] team=2 losTgt=163.71
[WOBBLE_FIRE] team=2 losTgt=161.91
[WOBBLE_FIRE] team=2 losTgt=158.36
[WOBBLE_FIRE] team=2 losTgt=154.57
[WOBBLE_FIRE] team=2 losTgt=151.00
[WOBBLE_FIRE] team=2 losTgt=147.81
[WOBBLE_FIRE] team=2 losTgt=145.00
[WOBBLE_FIRE] team=2 losTgt=142.43
[WOBBLE_FIRE] team=2 losTgt=140.19
[WOBBLE_FIRE] team=2 losTgt=138.11
[WOBBLE_FIRE] team=2 losTgt=136.22
[WOBBLE_FIRE] team=2 losTgt=134.52
[WOBBLE_FIRE] team=2 losTgt=132.93
[WOBBLE_FIRE] team=2 losTgt=131.52
[WOBBLE_FIRE] team=2 losTgt=130.21
[WOBBLE_FIRE] team=2 losTgt=129.04
[WOBBLE_FIRE] team=2 losTgt=127.99
[WOBBLE_FIRE] team=2 losTgt=127.01
[WOBBLE_FIRE] team=2 losTgt=126.00
[WOBBLE_FIRE] team=2 losTgt=124.80
[WOBBLE_FIRE] team=2 losTgt=123.20
[WOBBLE_FIRE] team=2 losTgt=121.14
[WOBBLE_FIRE] team=2 losTgt=118.61
[WOBBLE_FIRE] team=2 losTgt=115.76
[ACTIVE] [RED] LeadPredict dist=390.521 dV=4.93863 thr=0.820736 om=0.148138 lt=1.91745
[WOBBLE_FIRE] team=2 losTgt=112.88
[WOBBLE_FIRE] team=2 losTgt=110.18
[WOBBLE_FIRE] team=2 losTgt=107.73
[WOBBLE_FIRE] team=2 losTgt=105.52
[WOBBLE_FIRE] team=2 losTgt=103.52
[WOBBLE_FIRE] team=2 losTgt=101.69
[WOBBLE_FIRE] team=2 losTgt=99.99
[WOBBLE_FIRE] team=2 losTgt=98.42
[WOBBLE_FIRE] team=2 losTgt=96.93
[WOBBLE_FIRE] team=2 losTgt=95.52
[WOBBLE_FIRE] team=2 losTgt=94.20
[WOBBLE_FIRE] team=2 losTgt=92.94
[WOBBLE_FIRE] team=2 losTgt=91.72
[WOBBLE_FIRE] team=2 losTgt=90.53
[WOBBLE_FIRE] team=2 losTgt=89.39
[WOBBLE_FIRE] team=2 losTgt=88.28
[WOBBLE_FIRE] team=2 losTgt=87.19
[WOBBLE_FIRE] team=2 losTgt=86.11
[WOBBLE_FIRE] team=2 losTgt=85.07
[WOBBLE_FIRE] team=2 losTgt=84.03
[WOBBLE_FIRE] team=2 losTgt=83.01
[WOBBLE_FIRE] team=2 losTgt=82.00
[WOBBLE_FIRE] team=2 losTgt=81.00
[WOBBLE_FIRE] team=2 losTgt=80.01
[WOBBLE_FIRE] team=2 losTgt=79.01
[WOBBLE_FIRE] team=2 losTgt=78.05
[WOBBLE_FIRE] team=2 losTgt=77.07
[WOBBLE_FIRE] team=2 losTgt=76.11
[WOBBLE_FIRE] team=2 losTgt=75.16
[WOBBLE_FIRE] team=2 losTgt=74.25
[WOBBLE_FIRE] team=2 losTgt=73.36
[WOBBLE_FIRE] team=2 losTgt=72.47
[WOBBLE_FIRE] team=2 losTgt=71.61
[WOBBLE_FIRE] team=2 losTgt=70.76
[WOBBLE_FIRE] team=2 losTgt=69.92
[WOBBLE_FIRE] team=2 losTgt=69.11
[WOBBLE_FIRE] team=2 losTgt=68.30
[WOBBLE_FIRE] team=2 losTgt=67.50
[WOBBLE_FIRE] team=2 losTgt=66.70
[WOBBLE_FIRE] team=2 losTgt=65.96
[WOBBLE_FIRE] team=2 losTgt=65.28
[WOBBLE_FIRE] team=2 losTgt=64.78
[WOBBLE_FIRE] team=2 losTgt=64.44
[WOBBLE_FIRE] team=2 losTgt=64.23
[WOBBLE_FIRE] team=2 losTgt=64.16
[WOBBLE_FIRE] team=2 losTgt=64.15
[WOBBLE_FIRE] team=2 losTgt=64.18
[WOBBLE_FIRE] team=2 losTgt=64.23
[WOBBLE_FIRE] team=2 losTgt=64.28
[WOBBLE_FIRE] team=2 losTgt=64.37
[WOBBLE_FIRE] team=2 losTgt=64.51
[WOBBLE_FIRE] team=2 losTgt=64.75
[WOBBLE_FIRE] team=2 losTgt=65.07
[WOBBLE_FIRE] team=2 losTgt=65.53
[WOBBLE_FIRE] team=2 losTgt=66.29
[WOBBLE_FIRE] team=2 losTgt=67.41
[WOBBLE_FIRE] team=2 losTgt=69.38
[WOBBLE_FIRE] team=2 losTgt=71.93
[WOBBLE_FIRE] team=2 losTgt=75.41
[WOBBLE_FIRE] team=2 losTgt=80.18
[ACTIVE] [RED] LeadPredict dist=55.2985 dV=7.35649 thr=0.775256 om=0.258016 lt=0.293055
[WOBBLE_FIRE] team=2 losTgt=87.27
[WOBBLE_FIRE] team=2 losTgt=96.89
[WOBBLE_FIRE] team=2 losTgt=108.39
[WOBBLE_FIRE] team=2 losTgt=119.00
[WOBBLE_FIRE] team=2 losTgt=126.57
[WOBBLE_FIRE] team=2 losTgt=130.75
[WOBBLE_FIRE] team=2 losTgt=132.58
[WOBBLE_FIRE] team=2 losTgt=133.03
[WOBBLE_FIRE] team=2 losTgt=132.82
[WOBBLE_FIRE] team=2 losTgt=132.21
[WOBBLE_FIRE] team=2 losTgt=131.45
[WOBBLE_FIRE] team=2 losTgt=130.69
[WOBBLE_FIRE] team=2 losTgt=129.87
[WOBBLE_FIRE] team=2 losTgt=129.11
[WOBBLE_FIRE] team=2 losTgt=128.41
[WOBBLE_FIRE] team=2 losTgt=127.71
[WOBBLE_FIRE] team=2 losTgt=126.96
[WOBBLE_FIRE] team=2 losTgt=126.09
[WOBBLE_FIRE] team=2 losTgt=125.07
[WOBBLE_FIRE] team=2 losTgt=123.86
[WOBBLE_FIRE] team=2 losTgt=122.42
[WOBBLE_FIRE] team=2 losTgt=120.75
[WOBBLE_FIRE] team=2 losTgt=118.87
[WOBBLE_FIRE] team=2 losTgt=116.85
[WOBBLE_FIRE] team=2 losTgt=114.75
[WOBBLE_FIRE] team=2 losTgt=112.74
[WOBBLE_FIRE] team=2 losTgt=110.87
[WOBBLE_FIRE] team=2 losTgt=109.16
[WOBBLE_FIRE] team=2 losTgt=107.58
[WOBBLE_FIRE] team=2 losTgt=106.15
[WOBBLE_FIRE] team=2 losTgt=104.86
[WOBBLE_FIRE] team=2 losTgt=103.71
[WOBBLE_FIRE] team=2 losTgt=102.67
[WOBBLE_FIRE] team=2 losTgt=101.74
[WOBBLE_FIRE] team=2 losTgt=100.92
[WOBBLE_FIRE] team=2 losTgt=100.16
[WOBBLE_FIRE] team=2 losTgt=99.47
[WOBBLE_FIRE] team=2 losTgt=98.83
[WOBBLE_FIRE] team=2 losTgt=98.21
[WOBBLE_FIRE] team=2 losTgt=97.64
[WOBBLE_FIRE] team=2 losTgt=97.09
[WOBBLE_FIRE] team=2 losTgt=96.55
[WOBBLE_FIRE] team=2 losTgt=96.02
[WOBBLE_FIRE] team=2 losTgt=95.51
[WOBBLE_FIRE] team=2 losTgt=95.00
[WOBBLE_FIRE] team=2 losTgt=94.54
[WOBBLE_FIRE] team=2 losTgt=94.05
[WOBBLE_FIRE] team=2 losTgt=93.62
[WOBBLE_FIRE] team=2 losTgt=93.18
[WOBBLE_FIRE] team=2 losTgt=92.77
[WOBBLE_FIRE] team=2 losTgt=92.37
[WOBBLE_FIRE] team=2 losTgt=92.00
[WOBBLE_FIRE] team=2 losTgt=91.65
[WOBBLE_FIRE] team=2 losTgt=91.32
[WOBBLE_FIRE] team=2 losTgt=91.02
[WOBBLE_FIRE] team=2 losTgt=90.71
[WOBBLE_FIRE] team=2 losTgt=90.45
[WOBBLE_FIRE] team=2 losTgt=90.20
[WOBBLE_FIRE] team=2 losTgt=89.98
[WOBBLE_FIRE] team=2 losTgt=89.76
[ACTIVE] [RED] LeadPredict dist=450.083 dV=11.1119 thr=0.866657 om=0.0529672 lt=2.3213
[WOBBLE_FIRE] team=2 losTgt=89.56
[WOBBLE_FIRE] team=2 losTgt=89.37
[WOBBLE_FIRE] team=2 losTgt=89.20
[WOBBLE_FIRE] team=2 losTgt=89.05
[WOBBLE_FIRE] team=2 losTgt=88.88
[WOBBLE_FIRE] team=2 losTgt=88.70
[WOBBLE_FIRE] team=2 losTgt=88.56
[WOBBLE_FIRE] team=2 losTgt=88.42
[WOBBLE_FIRE] team=2 losTgt=88.30
[WOBBLE_FIRE] team=2 losTgt=88.20
[WOBBLE_FIRE] team=2 losTgt=88.14
[WOBBLE_FIRE] team=2 losTgt=88.10
[WOBBLE_FIRE] team=2 losTgt=88.12
[WOBBLE_FIRE] team=2 losTgt=88.16
[WOBBLE_FIRE] team=2 losTgt=88.26
[WOBBLE_FIRE] team=2 losTgt=88.41
[WOBBLE_FIRE] team=2 losTgt=88.60
[WOBBLE_FIRE] team=2 losTgt=88.80
[WOBBLE_FIRE] team=2 losTgt=89.09
[WOBBLE_FIRE] team=2 losTgt=89.44
[WOBBLE_FIRE] team=2 losTgt=89.84
[WOBBLE_FIRE] team=2 losTgt=90.32
[WOBBLE_FIRE] team=2 losTgt=90.91
[WOBBLE_FIRE] team=2 losTgt=91.60
[WOBBLE_FIRE] team=2 losTgt=92.41
[WOBBLE_FIRE] team=2 losTgt=93.36
[WOBBLE_FIRE] team=2 losTgt=94.45
[WOBBLE_FIRE] team=2 losTgt=95.66
[WOBBLE_FIRE] team=2 losTgt=97.04
[WOBBLE_FIRE] team=2 losTgt=98.62
[WOBBLE_FIRE] team=2 losTgt=100.35
[WOBBLE_FIRE] team=2 losTgt=102.32
[WOBBLE_FIRE] team=2 losTgt=104.47
[WOBBLE_FIRE] team=2 losTgt=106.90
[WOBBLE_FIRE] team=2 losTgt=109.61
[WOBBLE_FIRE] team=2 losTgt=112.56
[WOBBLE_FIRE] team=2 losTgt=115.87
[WOBBLE_FIRE] team=2 losTgt=119.64
[WOBBLE_FIRE] team=2 losTgt=124.30
[WOBBLE_FIRE] team=2 losTgt=129.62
[WOBBLE_FIRE] team=2 losTgt=135.29
[WOBBLE_FIRE] team=2 losTgt=141.14
[WOBBLE_FIRE] team=2 losTgt=146.93
[WOBBLE_FIRE] team=2 losTgt=152.51
[WOBBLE_FIRE] team=2 losTgt=157.59
[WOBBLE_FIRE] team=2 losTgt=161.80
[WOBBLE_FIRE] team=2 losTgt=164.69
[WOBBLE_FIRE] team=2 losTgt=165.76
[WOBBLE_FIRE] team=2 losTgt=165.07
[WOBBLE_FIRE] team=2 losTgt=163.13
[WOBBLE_FIRE] team=2 losTgt=160.56
[WOBBLE_FIRE] team=2 losTgt=157.74
[WOBBLE_FIRE] team=2 losTgt=154.94
[WOBBLE_FIRE] team=2 losTgt=152.20
[WOBBLE_FIRE] team=2 losTgt=149.69
[WOBBLE_FIRE] team=2 losTgt=147.26
[WOBBLE_FIRE] team=2 losTgt=145.12
[WOBBLE_FIRE] team=2 losTgt=143.17
[WOBBLE_FIRE] team=2 losTgt=141.41
[WOBBLE_FIRE] team=2 losTgt=139.73
[WOBBLE_FIRE] team=2 losTgt=138.05
[WOBBLE_FIRE] team=2 losTgt=136.22
[WOBBLE_FIRE] team=2 losTgt=134.08
[WOBBLE_FIRE] team=2 losTgt=131.50
[WOBBLE_FIRE] team=2 losTgt=128.50
[WOBBLE_FIRE] team=2 losTgt=125.28
[WOBBLE_FIRE] team=2 losTgt=122.07
[WOBBLE_FIRE] team=2 losTgt=119.10
[WOBBLE_FIRE] team=2 losTgt=116.43
[WOBBLE_FIRE] team=2 losTgt=114.08
[WOBBLE_FIRE] team=2 losTgt=111.96
[ACTIVE] [RED] LeadPredict dist=281.55 dV=6.89349 thr=0.8 om=0.13516 lt=1.37442
[WOBBLE_FIRE] team=2 losTgt=110.02
[WOBBLE_FIRE] team=2 losTgt=108.30
[WOBBLE_FIRE] team=2 losTgt=106.71
[WOBBLE_FIRE] team=2 losTgt=105.25
[WOBBLE_FIRE] team=2 losTgt=103.90
[WOBBLE_FIRE] team=2 losTgt=102.66
[WOBBLE_FIRE] team=2 losTgt=101.51
[WOBBLE_FIRE] team=2 losTgt=100.43
[WOBBLE_FIRE] team=2 losTgt=99.42
[WOBBLE_FIRE] team=2 losTgt=98.47
[WOBBLE_FIRE] team=2 losTgt=97.61
[WOBBLE_FIRE] team=2 losTgt=96.79
[WOBBLE_FIRE] team=2 losTgt=96.02
[WOBBLE_FIRE] team=2 losTgt=95.31
[WOBBLE_FIRE] team=2 losTgt=94.63
[WOBBLE_FIRE] team=2 losTgt=94.01
[WOBBLE_FIRE] team=2 losTgt=93.41
[WOBBLE_FIRE] team=2 losTgt=92.87
[WOBBLE_FIRE] team=2 losTgt=92.38
[WOBBLE_FIRE] team=2 losTgt=91.93
[WOBBLE_FIRE] team=2 losTgt=91.53
[WOBBLE_FIRE] team=2 losTgt=91.21
[WOBBLE_FIRE] team=2 losTgt=90.96
[WOBBLE_FIRE] team=2 losTgt=90.77
[WOBBLE_FIRE] team=2 losTgt=90.64
[WOBBLE_FIRE] team=2 losTgt=90.61
[WOBBLE_FIRE] team=2 losTgt=90.73
[WOBBLE_FIRE] team=2 losTgt=90.93
[WOBBLE_FIRE] team=2 losTgt=91.30
[WOBBLE_FIRE] team=2 losTgt=91.80
[WOBBLE_FIRE] team=2 losTgt=92.54
[WOBBLE_FIRE] team=2 losTgt=93.47
[WOBBLE_FIRE] team=2 losTgt=94.73
[WOBBLE_FIRE] team=2 losTgt=96.36
[WOBBLE_FIRE] team=2 losTgt=98.41
[WOBBLE_FIRE] team=2 losTgt=100.95
[WOBBLE_FIRE] team=2 losTgt=104.08
[WOBBLE_FIRE] team=2 losTgt=107.84
[WOBBLE_FIRE] team=2 losTgt=112.61
[WOBBLE_FIRE] team=2 losTgt=119.00
[WOBBLE_FIRE] team=2 losTgt=126.83
[WOBBLE_FIRE] team=2 losTgt=135.55
[WOBBLE_FIRE] team=2 losTgt=144.57
[WOBBLE_FIRE] team=2 losTgt=153.02
[WOBBLE_FIRE] team=2 losTgt=159.50
[WOBBLE_FIRE] team=2 losTgt=162.87
[WOBBLE_FIRE] team=2 losTgt=162.32
[WOBBLE_FIRE] team=2 losTgt=159.21
[WOBBLE_FIRE] team=2 losTgt=155.35
[WOBBLE_FIRE] team=2 losTgt=151.53
[WOBBLE_FIRE] team=2 losTgt=148.00
[WOBBLE_FIRE] team=2 losTgt=144.75
[WOBBLE_FIRE] team=2 losTgt=141.79
[WOBBLE_FIRE] team=2 losTgt=139.22
[WOBBLE_FIRE] team=2 losTgt=136.87
[WOBBLE_FIRE] team=2 losTgt=134.78
[WOBBLE_FIRE] team=2 losTgt=132.86
[WOBBLE_FIRE] team=2 losTgt=131.14
[WOBBLE_FIRE] team=2 losTgt=129.55
[WOBBLE_FIRE] team=2 losTgt=128.21
[WOBBLE_FIRE] team=2 losTgt=127.01
[WOBBLE_FIRE] team=2 losTgt=125.96
[WOBBLE_FIRE] team=2 losTgt=124.82
[WOBBLE_FIRE] team=2 losTgt=123.41
[WOBBLE_FIRE] team=2 losTgt=121.41
[WOBBLE_FIRE] team=2 losTgt=118.76
[WOBBLE_FIRE] team=2 losTgt=115.88
[ACTIVE] [RED] LeadPredict dist=281.315 dV=6.7906 thr=0.798513 om=0.202071 lt=1.25163
[WOBBLE_FIRE] team=2 losTgt=113.11
[WOBBLE_FIRE] team=2 losTgt=110.61
[WOBBLE_FIRE] team=2 losTgt=108.41
[WOBBLE_FIRE] team=2 losTgt=106.41
[WOBBLE_FIRE] team=2 losTgt=104.65
[WOBBLE_FIRE] team=2 losTgt=103.05
[WOBBLE_FIRE] team=2 losTgt=101.61
[WOBBLE_FIRE] team=2 losTgt=100.33
[WOBBLE_FIRE] team=2 losTgt=99.15
[WOBBLE_FIRE] team=2 losTgt=98.12
[WOBBLE_FIRE] team=2 losTgt=97.19
[WOBBLE_FIRE] team=2 losTgt=96.38
[WOBBLE_FIRE] team=2 losTgt=95.70
[WOBBLE_FIRE] team=2 losTgt=95.13
[WOBBLE_FIRE] team=2 losTgt=94.67
[WOBBLE_FIRE] team=2 losTgt=94.32
[WOBBLE_FIRE] team=2 losTgt=94.02
[WOBBLE_FIRE] team=2 losTgt=93.84
[WOBBLE_FIRE] team=2 losTgt=93.72
[WOBBLE_FIRE] team=2 losTgt=93.73
[WOBBLE_FIRE] team=2 losTgt=93.83
[WOBBLE_FIRE] team=2 losTgt=94.04
[WOBBLE_FIRE] team=2 losTgt=94.44
[WOBBLE_FIRE] team=2 losTgt=95.05
[WOBBLE_FIRE] team=2 losTgt=95.83
[WOBBLE_FIRE] team=2 losTgt=96.87
[WOBBLE_FIRE] team=2 losTgt=98.25
[WOBBLE_FIRE] team=2 losTgt=99.92
[WOBBLE_FIRE] team=2 losTgt=102.00
[WOBBLE_FIRE] team=2 losTgt=104.54
[ACTIVE] [RED] Evade Z=6932.6
[WOBBLE_FIRE] team=2 losTgt=107.87
[WOBBLE_FIRE] team=2 losTgt=112.64
[WOBBLE_FIRE] team=2 losTgt=118.47
[WOBBLE_FIRE] team=2 losTgt=125.09
[WOBBLE_FIRE] team=2 losTgt=132.32
[WOBBLE_FIRE] team=2 losTgt=139.98
[WOBBLE_FIRE] team=2 losTgt=147.82
[WOBBLE_FIRE] team=2 losTgt=155.47
[WOBBLE_FIRE] team=2 losTgt=162.14
[WOBBLE_FIRE] team=2 losTgt=166.25
[WOBBLE_FIRE] team=2 losTgt=166.63
[WOBBLE_FIRE] team=2 losTgt=164.62
[WOBBLE_FIRE] team=2 losTgt=161.10
[WOBBLE_FIRE] team=2 losTgt=156.72
[WOBBLE_FIRE] team=2 losTgt=152.00
[WOBBLE_FIRE] team=2 losTgt=147.16
[WOBBLE_FIRE] team=2 losTgt=142.26
[WOBBLE_FIRE] team=2 losTgt=137.41
[WOBBLE_FIRE] team=2 losTgt=132.98
[WOBBLE_FIRE] team=2 losTgt=128.99
[WOBBLE_FIRE] team=2 losTgt=125.44
[WOBBLE_FIRE] team=2 losTgt=122.33
[WOBBLE_FIRE] team=2 losTgt=119.54
[WOBBLE_FIRE] team=2 losTgt=117.05
[WOBBLE_FIRE] team=2 losTgt=114.82
[WOBBLE_FIRE] team=2 losTgt=112.81
[WOBBLE_FIRE] team=2 losTgt=111.00
[WOBBLE_FIRE] team=2 losTgt=109.38
[WOBBLE_FIRE] team=2 losTgt=107.95
[WOBBLE_FIRE] team=2 losTgt=106.68
[WOBBLE_FIRE] team=2 losTgt=105.58
[WOBBLE_FIRE] team=2 losTgt=104.62
[WOBBLE_FIRE] team=2 losTgt=103.79
[WOBBLE_FIRE] team=2 losTgt=103.14
[WOBBLE_FIRE] team=2 losTgt=102.66
[WOBBLE_FIRE] team=2 losTgt=102.39
[WOBBLE_FIRE] team=2 losTgt=102.34
[WOBBLE_FIRE] team=2 losTgt=102.55
[WOBBLE_FIRE] team=2 losTgt=103.00
[WOBBLE_FIRE] team=2 losTgt=103.72
[ACTIVE] [RED] LeadPredict dist=185.531 dV=2.31497 thr=0.85222 om=0.05476 lt=0.718418
[WOBBLE_FIRE] team=2 losTgt=104.70
[WOBBLE_FIRE] team=2 losTgt=106.01
[WOBBLE_FIRE] team=2 losTgt=107.69
[WOBBLE_FIRE] team=2 losTgt=109.87
[WOBBLE_FIRE] team=2 losTgt=112.91
[WOBBLE_FIRE] team=2 losTgt=117.84
[WOBBLE_FIRE] team=2 losTgt=123.81
[WOBBLE_FIRE] team=2 losTgt=130.30
[WOBBLE_FIRE] team=2 losTgt=136.09
[WOBBLE_FIRE] team=2 losTgt=142.00
[WOBBLE_FIRE] team=2 losTgt=148.62
[WOBBLE_FIRE] team=2 losTgt=155.78
[WOBBLE_FIRE] team=2 losTgt=162.93
[WOBBLE_FIRE] team=2 losTgt=170.01
[WOBBLE_FIRE] team=2 losTgt=176.58
[WOBBLE_FIRE] team=2 losTgt=172.83
[WOBBLE_FIRE] team=2 losTgt=166.19
[WOBBLE_FIRE] team=2 losTgt=160.14
[WOBBLE_FIRE] team=2 losTgt=154.81
[WOBBLE_FIRE] team=2 losTgt=150.26
[WOBBLE_FIRE] team=2 losTgt=146.57
[WOBBLE_FIRE] team=2 losTgt=143.10
[WOBBLE_FIRE] team=2 losTgt=139.20
[WOBBLE_FIRE] team=2 losTgt=134.65
[WOBBLE_FIRE] team=2 losTgt=130.22
[WOBBLE_FIRE] team=2 losTgt=126.36
[WOBBLE_FIRE] team=2 losTgt=123.09
[WOBBLE_FIRE] team=2 losTgt=120.31
[WOBBLE_FIRE] team=2 losTgt=117.89
[WOBBLE_FIRE] team=2 losTgt=115.77
[WOBBLE_FIRE] team=2 losTgt=113.92
[WOBBLE_FIRE] team=2 losTgt=112.23
[WOBBLE_FIRE] team=2 losTgt=110.73
[WOBBLE_FIRE] team=2 losTgt=109.36
[WOBBLE_FIRE] team=2 losTgt=108.10
[WOBBLE_FIRE] team=2 losTgt=106.95
[WOBBLE_FIRE] team=2 losTgt=105.93
[WOBBLE_FIRE] team=2 losTgt=104.99
[WOBBLE_FIRE] team=2 losTgt=104.15
[WOBBLE_FIRE] team=2 losTgt=103.43
[WOBBLE_FIRE] team=2 losTgt=102.81
[WOBBLE_FIRE] team=2 losTgt=102.31
[WOBBLE_FIRE] team=2 losTgt=101.93
[WOBBLE_FIRE] team=2 losTgt=101.71
[WOBBLE_FIRE] team=2 losTgt=101.64
[WOBBLE_FIRE] team=2 losTgt=101.79
[WOBBLE_FIRE] team=2 losTgt=102.14
[WOBBLE_FIRE] team=2 losTgt=102.74
[WOBBLE_FIRE] team=2 losTgt=103.57
[WOBBLE_FIRE] team=2 losTgt=104.70
[WOBBLE_FIRE] team=2 losTgt=106.12
[WOBBLE_FIRE] team=2 losTgt=107.92
[WOBBLE_FIRE] team=2 losTgt=110.11
[WOBBLE_FIRE] team=2 losTgt=112.78
[WOBBLE_FIRE] team=2 losTgt=116.08
[WOBBLE_FIRE] team=2 losTgt=120.52
[WOBBLE_FIRE] team=2 losTgt=127.61
[WOBBLE_FIRE] team=2 losTgt=135.05
[WOBBLE_FIRE] team=2 losTgt=142.65
[WOBBLE_FIRE] team=2 losTgt=150.30
[WOBBLE_FIRE] team=2 losTgt=158.06
[WOBBLE_FIRE] team=2 losTgt=165.65
[WOBBLE_FIRE] team=2 losTgt=172.81
[WOBBLE_FIRE] team=2 losTgt=178.78
[WOBBLE_FIRE] team=2 losTgt=174.71
[WOBBLE_FIRE] team=2 losTgt=168.65
[WOBBLE_FIRE] team=2 losTgt=164.40
[WOBBLE_FIRE] team=2 losTgt=160.85
[WOBBLE_FIRE] team=2 losTgt=156.48
[WOBBLE_FIRE] team=2 losTgt=151.60
[WOBBLE_FIRE] team=2 losTgt=146.88
[WOBBLE_FIRE] team=2 losTgt=142.37
[WOBBLE_FIRE] team=2 losTgt=138.60
[WOBBLE_FIRE] team=2 losTgt=135.47
[WOBBLE_FIRE] team=2 losTgt=132.89
[WOBBLE_FIRE] team=2 losTgt=130.69
[WOBBLE_FIRE] team=2 losTgt=128.81
[WOBBLE_FIRE] team=2 losTgt=127.22
[WOBBLE_FIRE] team=2 losTgt=125.87
[ACTIVE] [RED] LeadPredict dist=203.105 dV=4.99005 thr=0.72868 om=0.183868 lt=0.627178
[DUTY] team=1 ticks=11400 v27종말조준=3.05263% v21뱅크예측=63.3596% v17궤도조건=61.6842% v17슬롯적용=50.386% 상승클램프=0% 강하클램프=20.1754% v23b조건=39.6404% v23b실제적용=38.8772%
[WOBBLE_FIRE] team=2 losTgt=124.77
[WOBBLE_FIRE] team=2 losTgt=123.90
[WOBBLE_FIRE] team=2 losTgt=123.28
[WOBBLE_FIRE] team=2 losTgt=122.92
[WOBBLE_FIRE] team=2 losTgt=122.84
[WOBBLE_FIRE] team=2 losTgt=123.05
[WOBBLE_FIRE] team=2 losTgt=123.57
[WOBBLE_FIRE] team=2 losTgt=124.45
[WOBBLE_FIRE] team=2 losTgt=125.68
[WOBBLE_FIRE] team=2 losTgt=127.24
[WOBBLE_FIRE] team=2 losTgt=129.23
[WOBBLE_FIRE] team=2 losTgt=132.44
[ACTIVE] [RED] Evade Z=4167.38
[WOBBLE_FIRE] team=2 losTgt=138.23
[WOBBLE_FIRE] team=2 losTgt=143.37
[WOBBLE_FIRE] team=2 losTgt=147.92
[WOBBLE_FIRE] team=2 losTgt=152.42
[WOBBLE_FIRE] team=2 losTgt=157.47
[WOBBLE_FIRE] team=2 losTgt=162.92
[WOBBLE_FIRE] team=2 losTgt=168.67
[WOBBLE_FIRE] team=2 losTgt=174.27
[WOBBLE_FIRE] team=2 losTgt=176.44
[WOBBLE_FIRE] team=2 losTgt=172.02
[WOBBLE_FIRE] team=2 losTgt=166.89
[WOBBLE_FIRE] team=2 losTgt=162.32
[WOBBLE_FIRE] team=2 losTgt=158.23
[WOBBLE_FIRE] team=2 losTgt=154.66
[WOBBLE_FIRE] team=2 losTgt=151.55
[WOBBLE_FIRE] team=2 losTgt=148.83
[WOBBLE_FIRE] team=2 losTgt=146.54
[WOBBLE_FIRE] team=2 losTgt=144.40
[WOBBLE_FIRE] team=2 losTgt=142.08
[WOBBLE_FIRE] team=2 losTgt=139.20
[WOBBLE_FIRE] team=2 losTgt=136.19
[WOBBLE_FIRE] team=2 losTgt=133.37
[WOBBLE_FIRE] team=2 losTgt=131.17
[WOBBLE_FIRE] team=2 losTgt=129.42
[WOBBLE_FIRE] team=2 losTgt=128.02
[WOBBLE_FIRE] team=2 losTgt=127.69
[WOBBLE_FIRE] team=2 losTgt=127.91
[WOBBLE_FIRE] team=2 losTgt=128.06
[ACTIVE] [RED] ClimbOut Z=3255.67
[WOBBLE_FIRE] team=2 losTgt=128.05
[WOBBLE_FIRE] team=2 losTgt=128.06
[WOBBLE_FIRE] team=2 losTgt=128.60
[WOBBLE_FIRE] team=2 losTgt=129.69
[WOBBLE_FIRE] team=2 losTgt=131.20
[WOBBLE_FIRE] team=2 losTgt=133.15
[WOBBLE_FIRE] team=2 losTgt=135.58
[WOBBLE_FIRE] team=2 losTgt=138.49
[WOBBLE_FIRE] team=2 losTgt=141.80
[WOBBLE_FIRE] team=2 losTgt=145.59
[WOBBLE_FIRE] team=2 losTgt=149.73
[WOBBLE_FIRE] team=2 losTgt=154.18
[WOBBLE_FIRE] team=2 losTgt=158.92
[WOBBLE_FIRE] team=2 losTgt=163.79
[WOBBLE_FIRE] team=2 losTgt=168.77
[WOBBLE_FIRE] team=2 losTgt=173.66
[WOBBLE_FIRE] team=2 losTgt=178.14
[WOBBLE_FIRE] team=2 losTgt=176.53
[WOBBLE_FIRE] team=2 losTgt=172.31
[WOBBLE_FIRE] team=2 losTgt=168.33
[WOBBLE_FIRE] team=2 losTgt=164.65
[WOBBLE_FIRE] team=2 losTgt=161.31
[WOBBLE_FIRE] team=2 losTgt=158.29
[WOBBLE_FIRE] team=2 losTgt=155.52
[WOBBLE_FIRE] team=2 losTgt=153.07
[WOBBLE_FIRE] team=2 losTgt=150.87
[WOBBLE_FIRE] team=2 losTgt=148.92
[WOBBLE_FIRE] team=2 losTgt=147.11
[WOBBLE_FIRE] team=2 losTgt=144.87
[WOBBLE_FIRE] team=2 losTgt=141.76
[WOBBLE_FIRE] team=2 losTgt=140.41
[WOBBLE_FIRE] team=2 losTgt=139.52
[WOBBLE_FIRE] team=2 losTgt=137.53
[WOBBLE_FIRE] team=2 losTgt=134.94
[ACTIVE] [RED] ClimbOut Z=2423.12
[WOBBLE_FIRE] team=2 losTgt=133.90
[WOBBLE_FIRE] team=2 losTgt=132.84
[WOBBLE_FIRE] team=2 losTgt=131.45
[WOBBLE_FIRE] team=2 losTgt=130.46
[WOBBLE_FIRE] team=2 losTgt=129.73
[WOBBLE_FIRE] team=2 losTgt=127.81
[WOBBLE_FIRE] team=2 losTgt=123.45
[WOBBLE_FIRE] team=2 losTgt=121.73
[WOBBLE_FIRE] team=2 losTgt=123.31
[WOBBLE_FIRE] team=2 losTgt=123.93
[WOBBLE_FIRE] team=2 losTgt=120.93
[WOBBLE_FIRE] team=2 losTgt=118.47
[WOBBLE_FIRE] team=2 losTgt=118.50
[WOBBLE_FIRE] team=2 losTgt=118.42
[WOBBLE_FIRE] team=2 losTgt=117.26
[WOBBLE_FIRE] team=2 losTgt=115.87
[WOBBLE_FIRE] team=2 losTgt=115.67
[WOBBLE_FIRE] team=2 losTgt=115.25
[WOBBLE_FIRE] team=2 losTgt=114.46
[WOBBLE_FIRE] team=2 losTgt=113.55
[WOBBLE_FIRE] team=2 losTgt=111.90
[WOBBLE_FIRE] team=2 losTgt=109.86
[WOBBLE_FIRE] team=2 losTgt=107.88
[WOBBLE_FIRE] team=2 losTgt=106.04
[WOBBLE_FIRE] team=2 losTgt=104.31
[WOBBLE_FIRE] team=2 losTgt=102.66
[WOBBLE_FIRE] team=2 losTgt=101.10
[WOBBLE_FIRE] team=2 losTgt=99.62
[WOBBLE_FIRE] team=2 losTgt=98.21
[WOBBLE_FIRE] team=2 losTgt=96.84
[WOBBLE_FIRE] team=2 losTgt=95.53
[WOBBLE_FIRE] team=2 losTgt=94.27
[WOBBLE_FIRE] team=2 losTgt=93.09
[WOBBLE_FIRE] team=2 losTgt=91.99
[WOBBLE_FIRE] team=2 losTgt=90.94
[WOBBLE_FIRE] team=2 losTgt=89.93
[WOBBLE_FIRE] team=2 losTgt=88.98
[WOBBLE_FIRE] team=2 losTgt=88.09
[ACTIVE] [RED] LeadPredict dist=602.242 dV=-1.49188 thr=0.603401 om=0.206282 lt=1.70453
[WOBBLE_FIRE] team=2 losTgt=87.25
[WOBBLE_FIRE] team=2 losTgt=86.47
[WOBBLE_FIRE] team=2 losTgt=85.73
[WOBBLE_FIRE] team=2 losTgt=85.05
[WOBBLE_FIRE] team=2 losTgt=84.43
[WOBBLE_FIRE] team=2 losTgt=83.85
[WOBBLE_FIRE] team=2 losTgt=83.32
[WOBBLE_FIRE] team=2 losTgt=82.85
[WOBBLE_FIRE] team=2 losTgt=82.42
[WOBBLE_FIRE] team=2 losTgt=82.04
[WOBBLE_FIRE] team=2 losTgt=81.70
[WOBBLE_FIRE] team=2 losTgt=81.42
[WOBBLE_FIRE] team=2 losTgt=81.17
[WOBBLE_FIRE] team=2 losTgt=80.97
[WOBBLE_FIRE] team=2 losTgt=80.80
[WOBBLE_FIRE] team=2 losTgt=80.66
[WOBBLE_FIRE] team=2 losTgt=80.56
[WOBBLE_FIRE] team=2 losTgt=80.48
[WOBBLE_FIRE] team=2 losTgt=80.43
[WOBBLE_FIRE] team=2 losTgt=80.39
[WOBBLE_FIRE] team=2 losTgt=80.37
[WOBBLE_FIRE] team=2 losTgt=80.33
[WOBBLE_FIRE] team=2 losTgt=80.30
[WOBBLE_FIRE] team=2 losTgt=80.27
[WOBBLE_FIRE] team=2 losTgt=80.21
[WOBBLE_FIRE] team=2 losTgt=80.15
[WOBBLE_FIRE] team=2 losTgt=80.04
[WOBBLE_FIRE] team=2 losTgt=79.92
[WOBBLE_FIRE] team=2 losTgt=79.77
[WOBBLE_FIRE] team=2 losTgt=79.57
[WOBBLE_FIRE] team=2 losTgt=79.36
[WOBBLE_FIRE] team=2 losTgt=79.09
[WOBBLE_FIRE] team=2 losTgt=78.78
[WOBBLE_FIRE] team=2 losTgt=78.43
[WOBBLE_FIRE] team=2 losTgt=78.03
[WOBBLE_FIRE] team=2 losTgt=77.57
[WOBBLE_FIRE] team=2 losTgt=77.04
[WOBBLE_FIRE] team=2 losTgt=76.46
[WOBBLE_FIRE] team=2 losTgt=75.82
[WOBBLE_FIRE] team=2 losTgt=75.14
[WOBBLE_FIRE] team=2 losTgt=74.43
[WOBBLE_FIRE] team=2 losTgt=73.65
[WOBBLE_FIRE] team=2 losTgt=72.81
[WOBBLE_FIRE] team=2 losTgt=71.92
[WOBBLE_FIRE] team=2 losTgt=70.99
[WOBBLE_FIRE] team=2 losTgt=70.01
[WOBBLE_FIRE] team=2 losTgt=68.98
[WOBBLE_FIRE] team=2 losTgt=67.91
[WOBBLE_FIRE] team=2 losTgt=66.74
[WOBBLE_FIRE] team=2 losTgt=65.49
[WOBBLE_FIRE] team=2 losTgt=64.17
[WOBBLE_FIRE] team=2 losTgt=62.81
[WOBBLE_FIRE] team=2 losTgt=61.45
[WOBBLE_FIRE] team=2 losTgt=60.06
[WOBBLE_FIRE] team=2 losTgt=58.63
[WOBBLE_FIRE] team=2 losTgt=57.16
[WOBBLE_FIRE] team=2 losTgt=55.65
[WOBBLE_FIRE] team=2 losTgt=54.10
[WOBBLE_FIRE] team=2 losTgt=52.49
[WOBBLE_FIRE] team=2 losTgt=50.85
[ACTIVE] [RED] LeadPredict dist=746.288 dV=-3.03519 thr=0.807608 om=0.240435 lt=2.44469
[WOBBLE_FIRE] team=2 losTgt=49.15
[WOBBLE_FIRE] team=2 losTgt=47.40
[WOBBLE_FIRE] team=2 losTgt=45.58
[ACTIVE] [RED] LeadPredict dist=453.052 dV=-14.4558 thr=1 om=0.0645193 lt=1.71204
[ACTIVE] [RED] LeadPredict dist=463.408 dV=14.6615 thr=0.824061 om=0.036126 lt=1.03673
[ACTIVE] [RED] LeadPredict dist=381.997 dV=1.59477 thr=0.860863 om=0.142731 lt=0.898184
runner:local/env:0	num_steps=[8296] | total rewards=[251.4143] | termination= [target destroyed]
[seed 6] reward=   251.41 ownHP=1.0000 tgtHP=-0.0117 target destroyed
total: 2
[WOBBLE_FIRE] team=2 losTgt=54.16
[WOBBLE_FIRE] team=2 losTgt=53.89
[WOBBLE_FIRE] team=2 losTgt=53.00
[WOBBLE_FIRE] team=2 losTgt=52.06
[WOBBLE_FIRE] team=2 losTgt=51.10
[WOBBLE_FIRE] team=2 losTgt=50.02
[WOBBLE_FIRE] team=2 losTgt=48.72
[WOBBLE_FIRE] team=2 losTgt=47.21
[WOBBLE_FIRE] team=2 losTgt=45.72
[ACTIVE] [RED] LeadPredict dist=2478.47 dV=-1.44046 thr=0.96 om=0.0229483 lt=3
[WOBBLE_FIRE] team=2 losTgt=46.94
[WOBBLE_FIRE] team=2 losTgt=53.24
[WOBBLE_FIRE] team=2 losTgt=59.92
[WOBBLE_FIRE] team=2 losTgt=67.05
[WOBBLE_FIRE] team=2 losTgt=72.84
[WOBBLE_FIRE] team=2 losTgt=77.81
[WOBBLE_FIRE] team=2 losTgt=82.83
[WOBBLE_FIRE] team=2 losTgt=87.62
[WOBBLE_FIRE] team=2 losTgt=92.02
[ACTIVE] [RED] LeadPredict dist=533.757 dV=1.18323 thr=0.77525 om=0.167519 lt=1.70593
[WOBBLE_FIRE] team=2 losTgt=95.91
[WOBBLE_FIRE] team=2 losTgt=99.28
[WOBBLE_FIRE] team=2 losTgt=102.15
[WOBBLE_FIRE] team=2 losTgt=104.60
[WOBBLE_FIRE] team=2 losTgt=106.70
[WOBBLE_FIRE] team=2 losTgt=108.46
[WOBBLE_FIRE] team=2 losTgt=109.89
[WOBBLE_FIRE] team=2 losTgt=111.03
[WOBBLE_FIRE] team=2 losTgt=111.92
[WOBBLE_FIRE] team=2 losTgt=112.65
[WOBBLE_FIRE] team=2 losTgt=113.24
[WOBBLE_FIRE] team=2 losTgt=113.73
[WOBBLE_FIRE] team=2 losTgt=114.11
[WOBBLE_FIRE] team=2 losTgt=114.39
[WOBBLE_FIRE] team=2 losTgt=114.57
[WOBBLE_FIRE] team=2 losTgt=114.66
[WOBBLE_FIRE] team=2 losTgt=114.67
[WOBBLE_FIRE] team=2 losTgt=114.61
[WOBBLE_FIRE] team=2 losTgt=114.49
[WOBBLE_FIRE] team=2 losTgt=114.29
[WOBBLE_FIRE] team=2 losTgt=114.04
[WOBBLE_FIRE] team=2 losTgt=113.74
[WOBBLE_FIRE] team=2 losTgt=113.41
[WOBBLE_FIRE] team=2 losTgt=113.03
[WOBBLE_FIRE] team=2 losTgt=112.62
[WOBBLE_FIRE] team=2 losTgt=112.18
[WOBBLE_FIRE] team=2 losTgt=111.70
[WOBBLE_FIRE] team=2 losTgt=111.20
[WOBBLE_FIRE] team=2 losTgt=110.66
[WOBBLE_FIRE] team=2 losTgt=110.10
[WOBBLE_FIRE] team=2 losTgt=109.51
[WOBBLE_FIRE] team=2 losTgt=108.90
[WOBBLE_FIRE] team=2 losTgt=108.26
[WOBBLE_FIRE] team=2 losTgt=107.61
[WOBBLE_FIRE] team=2 losTgt=106.94
[WOBBLE_FIRE] team=2 losTgt=106.25
[WOBBLE_FIRE] team=2 losTgt=105.55
[WOBBLE_FIRE] team=2 losTgt=104.83
[WOBBLE_FIRE] team=2 losTgt=104.10
[WOBBLE_FIRE] team=2 losTgt=103.36
[WOBBLE_FIRE] team=2 losTgt=102.61
[WOBBLE_FIRE] team=2 losTgt=101.84
[WOBBLE_FIRE] team=2 losTgt=101.06
[WOBBLE_FIRE] team=2 losTgt=100.28
[WOBBLE_FIRE] team=2 losTgt=99.48
[WOBBLE_FIRE] team=2 losTgt=98.68
[WOBBLE_FIRE] team=2 losTgt=97.86
[WOBBLE_FIRE] team=2 losTgt=97.04
[WOBBLE_FIRE] team=2 losTgt=96.21
[WOBBLE_FIRE] team=2 losTgt=95.38
[WOBBLE_FIRE] team=2 losTgt=94.54
[WOBBLE_FIRE] team=2 losTgt=93.69
[WOBBLE_FIRE] team=2 losTgt=92.83
[WOBBLE_FIRE] team=2 losTgt=91.97
[WOBBLE_FIRE] team=2 losTgt=91.10
[WOBBLE_FIRE] team=2 losTgt=90.23
[WOBBLE_FIRE] team=2 losTgt=89.35
[WOBBLE_FIRE] team=2 losTgt=88.46
[WOBBLE_FIRE] team=2 losTgt=87.57
[WOBBLE_FIRE] team=2 losTgt=86.67
[ACTIVE] [RED] LeadPredict dist=2630.95 dV=-14.0442 thr=1 om=0.179206 lt=3
[WOBBLE_FIRE] team=2 losTgt=85.77
[WOBBLE_FIRE] team=2 losTgt=84.86
[WOBBLE_FIRE] team=2 losTgt=83.94
[WOBBLE_FIRE] team=2 losTgt=83.02
[WOBBLE_FIRE] team=2 losTgt=82.09
[WOBBLE_FIRE] team=2 losTgt=81.16
[WOBBLE_FIRE] team=2 losTgt=80.22
[WOBBLE_FIRE] team=2 losTgt=79.28
[WOBBLE_FIRE] team=2 losTgt=78.33
[WOBBLE_FIRE] team=2 losTgt=77.38
[WOBBLE_FIRE] team=2 losTgt=76.42
[WOBBLE_FIRE] team=2 losTgt=75.46
[WOBBLE_FIRE] team=2 losTgt=74.49
[WOBBLE_FIRE] team=2 losTgt=73.52
[WOBBLE_FIRE] team=2 losTgt=72.55
[WOBBLE_FIRE] team=2 losTgt=71.56
[WOBBLE_FIRE] team=2 losTgt=70.58
[WOBBLE_FIRE] team=2 losTgt=69.59
[WOBBLE_FIRE] team=2 losTgt=68.59
[WOBBLE_FIRE] team=2 losTgt=67.59
[WOBBLE_FIRE] team=2 losTgt=66.59
[WOBBLE_FIRE] team=2 losTgt=65.58
[WOBBLE_FIRE] team=2 losTgt=64.56
[WOBBLE_FIRE] team=2 losTgt=63.55
[WOBBLE_FIRE] team=2 losTgt=62.52
[WOBBLE_FIRE] team=2 losTgt=61.49
[WOBBLE_FIRE] team=2 losTgt=60.46
[WOBBLE_FIRE] team=2 losTgt=59.42
[WOBBLE_FIRE] team=2 losTgt=58.37
[WOBBLE_FIRE] team=2 losTgt=57.32
[WOBBLE_FIRE] team=2 losTgt=56.27
[WOBBLE_FIRE] team=2 losTgt=55.20
[WOBBLE_FIRE] team=2 losTgt=54.13
[WOBBLE_FIRE] team=2 losTgt=53.05
[WOBBLE_FIRE] team=2 losTgt=51.96
[WOBBLE_FIRE] team=2 losTgt=50.87
[WOBBLE_FIRE] team=2 losTgt=49.77
[WOBBLE_FIRE] team=2 losTgt=48.66
[WOBBLE_FIRE] team=2 losTgt=47.55
[WOBBLE_FIRE] team=2 losTgt=46.43
[WOBBLE_FIRE] team=2 losTgt=45.30
[ACTIVE] [RED] LeadPredict dist=1472.38 dV=-16.565 thr=0.642537 om=0.00762702 lt=3
[WOBBLE_FIRE] team=2 losTgt=45.56
[WOBBLE_FIRE] team=2 losTgt=48.45
[WOBBLE_FIRE] team=2 losTgt=51.38
[WOBBLE_FIRE] team=2 losTgt=54.71
[WOBBLE_FIRE] team=2 losTgt=57.74
[WOBBLE_FIRE] team=2 losTgt=60.47
[WOBBLE_FIRE] team=2 losTgt=62.19
[WOBBLE_FIRE] team=2 losTgt=60.86
[WOBBLE_FIRE] team=2 losTgt=60.46
[WOBBLE_FIRE] team=2 losTgt=60.92
[WOBBLE_FIRE] team=2 losTgt=61.52
[WOBBLE_FIRE] team=2 losTgt=62.13
[WOBBLE_FIRE] team=2 losTgt=62.67
[WOBBLE_FIRE] team=2 losTgt=63.10
[WOBBLE_FIRE] team=2 losTgt=63.43
[WOBBLE_FIRE] team=2 losTgt=63.64
[WOBBLE_FIRE] team=2 losTgt=63.75
[ACTIVE] [RED] LeadPredict dist=795.62 dV=-10.083 thr=0.614333 om=0.271259 lt=2.26837
[DUTY] team=1 ticks=12000 v27종말조준=3.83333% v21뱅크예측=62.875% v17궤도조건=61.5333% v17슬롯적용=49.5083% 상승클램프=0% 강하클램프=20.4583% v23b조건=40.4083% v23b실제적용=39.6833%
[WOBBLE_FIRE] team=2 losTgt=63.75
[WOBBLE_FIRE] team=2 losTgt=63.65
[WOBBLE_FIRE] team=2 losTgt=63.44
[WOBBLE_FIRE] team=2 losTgt=63.16
[WOBBLE_FIRE] team=2 losTgt=62.78
[WOBBLE_FIRE] team=2 losTgt=62.34
[WOBBLE_FIRE] team=2 losTgt=61.82
[WOBBLE_FIRE] team=2 losTgt=61.23
[WOBBLE_FIRE] team=2 losTgt=60.59
[WOBBLE_FIRE] team=2 losTgt=59.89
[WOBBLE_FIRE] team=2 losTgt=59.13
[WOBBLE_FIRE] team=2 losTgt=58.32
[WOBBLE_FIRE] team=2 losTgt=57.46
[WOBBLE_FIRE] team=2 losTgt=56.55
[WOBBLE_FIRE] team=2 losTgt=55.59
[WOBBLE_FIRE] team=2 losTgt=54.59
[WOBBLE_FIRE] team=2 losTgt=53.55
[WOBBLE_FIRE] team=2 losTgt=52.48
[WOBBLE_FIRE] team=2 losTgt=51.35
[WOBBLE_FIRE] team=2 losTgt=50.20
[WOBBLE_FIRE] team=2 losTgt=49.00
[WOBBLE_FIRE] team=2 losTgt=47.77
[WOBBLE_FIRE] team=2 losTgt=46.50
[WOBBLE_FIRE] team=2 losTgt=45.19
[WOBBLE_FIRE] team=2 losTgt=46.33
[WOBBLE_FIRE] team=2 losTgt=48.44
[WOBBLE_FIRE] team=2 losTgt=50.23
[WOBBLE_FIRE] team=2 losTgt=51.77
[ACTIVE] [RED] LeadPredict dist=716.801 dV=-11.009 thr=0.601433 om=0.171157 lt=2.02612
[WOBBLE_FIRE] team=2 losTgt=53.16
[WOBBLE_FIRE] team=2 losTgt=54.45
[WOBBLE_FIRE] team=2 losTgt=55.63
[WOBBLE_FIRE] team=2 losTgt=56.71
[WOBBLE_FIRE] team=2 losTgt=57.68
[WOBBLE_FIRE] team=2 losTgt=58.50
[WOBBLE_FIRE] team=2 losTgt=59.17
[WOBBLE_FIRE] team=2 losTgt=59.71
[WOBBLE_FIRE] team=2 losTgt=61.26
[WOBBLE_FIRE] team=2 losTgt=65.25
[WOBBLE_FIRE] team=2 losTgt=67.57
[WOBBLE_FIRE] team=2 losTgt=70.03
[WOBBLE_FIRE] team=2 losTgt=72.24
[WOBBLE_FIRE] team=2 losTgt=73.89
[WOBBLE_FIRE] team=2 losTgt=75.22
[WOBBLE_FIRE] team=2 losTgt=76.33
[WOBBLE_FIRE] team=2 losTgt=77.58
[WOBBLE_FIRE] team=2 losTgt=78.97
[WOBBLE_FIRE] team=2 losTgt=80.42
[WOBBLE_FIRE] team=2 losTgt=81.87
[WOBBLE_FIRE] team=2 losTgt=83.35
[WOBBLE_FIRE] team=2 losTgt=84.25
[WOBBLE_FIRE] team=2 losTgt=84.73
[WOBBLE_FIRE] team=2 losTgt=85.92
[WOBBLE_FIRE] team=2 losTgt=86.85
[WOBBLE_FIRE] team=2 losTgt=87.45
[WOBBLE_FIRE] team=2 losTgt=88.19
[WOBBLE_FIRE] team=2 losTgt=88.69
[WOBBLE_FIRE] team=2 losTgt=87.98
[WOBBLE_FIRE] team=2 losTgt=88.13
[WOBBLE_FIRE] team=2 losTgt=89.62
[WOBBLE_FIRE] team=2 losTgt=90.42
[WOBBLE_FIRE] team=2 losTgt=88.64
[WOBBLE_FIRE] team=2 losTgt=87.60
[WOBBLE_FIRE] team=2 losTgt=87.64
[WOBBLE_FIRE] team=2 losTgt=85.48
[WOBBLE_FIRE] team=2 losTgt=84.58
[WOBBLE_FIRE] team=2 losTgt=83.37
[WOBBLE_FIRE] team=2 losTgt=82.22
[WOBBLE_FIRE] team=2 losTgt=81.11
[WOBBLE_FIRE] team=2 losTgt=79.97
[WOBBLE_FIRE] team=2 losTgt=78.81
[WOBBLE_FIRE] team=2 losTgt=77.66
[WOBBLE_FIRE] team=2 losTgt=76.56
[WOBBLE_FIRE] team=2 losTgt=75.50
[ACTIVE] [RED] ClimbOut Z=2068.92
[WOBBLE_FIRE] team=2 losTgt=75.53
[WOBBLE_FIRE] team=2 losTgt=78.06
[WOBBLE_FIRE] team=2 losTgt=78.85
[WOBBLE_FIRE] team=2 losTgt=79.82
[WOBBLE_FIRE] team=2 losTgt=80.05
[WOBBLE_FIRE] team=2 losTgt=79.92
[WOBBLE_FIRE] team=2 losTgt=79.53
[WOBBLE_FIRE] team=2 losTgt=79.55
[WOBBLE_FIRE] team=2 losTgt=79.78
[WOBBLE_FIRE] team=2 losTgt=79.76
[WOBBLE_FIRE] team=2 losTgt=79.25
[WOBBLE_FIRE] team=2 losTgt=78.15
[WOBBLE_FIRE] team=2 losTgt=76.43
[WOBBLE_FIRE] team=2 losTgt=74.73
[WOBBLE_FIRE] team=2 losTgt=73.27
[WOBBLE_FIRE] team=2 losTgt=71.96
[WOBBLE_FIRE] team=2 losTgt=70.72
[WOBBLE_FIRE] team=2 losTgt=69.55
[WOBBLE_FIRE] team=2 losTgt=68.46
[WOBBLE_FIRE] team=2 losTgt=67.41
[WOBBLE_FIRE] team=2 losTgt=66.42
[WOBBLE_FIRE] team=2 losTgt=65.45
[WOBBLE_FIRE] team=2 losTgt=64.52
[WOBBLE_FIRE] team=2 losTgt=63.61
[WOBBLE_FIRE] team=2 losTgt=63.74
[WOBBLE_FIRE] team=2 losTgt=66.30
[WOBBLE_FIRE] team=2 losTgt=66.99
[WOBBLE_FIRE] team=2 losTgt=67.64
[WOBBLE_FIRE] team=2 losTgt=67.38
[WOBBLE_FIRE] team=2 losTgt=66.90
[WOBBLE_FIRE] team=2 losTgt=66.46
[WOBBLE_FIRE] team=2 losTgt=66.29
[WOBBLE_FIRE] team=2 losTgt=65.90
[WOBBLE_FIRE] team=2 losTgt=65.05
[WOBBLE_FIRE] team=2 losTgt=63.76
[WOBBLE_FIRE] team=2 losTgt=62.43
[WOBBLE_FIRE] team=2 losTgt=61.28
[WOBBLE_FIRE] team=2 losTgt=60.25
[WOBBLE_FIRE] team=2 losTgt=59.29
[WOBBLE_FIRE] team=2 losTgt=58.40
[WOBBLE_FIRE] team=2 losTgt=57.59
[WOBBLE_FIRE] team=2 losTgt=56.83
[WOBBLE_FIRE] team=2 losTgt=56.10
[WOBBLE_FIRE] team=2 losTgt=55.40
[WOBBLE_FIRE] team=2 losTgt=54.74
[ACTIVE] [RED] LeadPredict dist=1936.51 dV=28.7057 thr=0.633573 om=0.130264 lt=3
[WOBBLE_FIRE] team=2 losTgt=54.10
[WOBBLE_FIRE] team=2 losTgt=53.51
[WOBBLE_FIRE] team=2 losTgt=52.95
[WOBBLE_FIRE] team=2 losTgt=52.42
[WOBBLE_FIRE] team=2 losTgt=51.92
[WOBBLE_FIRE] team=2 losTgt=51.40
[WOBBLE_FIRE] team=2 losTgt=50.88
[WOBBLE_FIRE] team=2 losTgt=50.35
[WOBBLE_FIRE] team=2 losTgt=49.81
[WOBBLE_FIRE] team=2 losTgt=49.26
[WOBBLE_FIRE] team=2 losTgt=48.71
[WOBBLE_FIRE] team=2 losTgt=48.14
[WOBBLE_FIRE] team=2 losTgt=47.57
[WOBBLE_FIRE] team=2 losTgt=46.98
[WOBBLE_FIRE] team=2 losTgt=46.39
[WOBBLE_FIRE] team=2 losTgt=45.79
[WOBBLE_FIRE] team=2 losTgt=45.20
[ACTIVE] [RED] LeadPredict dist=1454.92 dV=2.82941 thr=0.804766 om=0.263437 lt=3
[ACTIVE] [RED] LeadPredict dist=1079.94 dV=-33.2843 thr=1 om=0.0337936 lt=3
[ACTIVE] [RED] LeadPredict dist=1213.66 dV=2.72653 thr=1 om=0.237651 lt=3
[ACTIVE] [RED] LeadPredict dist=1004.43 dV=29.6832 thr=0.766067 om=0.155334 lt=3
[ACTIVE] [RED] LeadPredict dist=833.77 dV=47.3285 thr=0.788106 om=0.133987 lt=3
[ACTIVE] [RED] LeadPredict dist=762.464 dV=9.82579 thr=0.882091 om=0.00824271 lt=0
runner:local/env:0	num_steps=[4739] | total rewards=[322.5102] | termination= [target destroyed]
[seed 7] reward=   322.51 ownHP=1.0000 tgtHP=-0.0030 target destroyed
total: 2
[WOBBLE_FIRE] team=2 losTgt=123.94
[WOBBLE_FIRE] team=2 losTgt=123.89
[WOBBLE_FIRE] team=2 losTgt=123.76
[WOBBLE_FIRE] team=2 losTgt=123.65
[WOBBLE_FIRE] team=2 losTgt=123.59
[WOBBLE_FIRE] team=2 losTgt=123.53
[WOBBLE_FIRE] team=2 losTgt=123.34
[WOBBLE_FIRE] team=2 losTgt=122.85
[WOBBLE_FIRE] team=2 losTgt=121.94
[WOBBLE_FIRE] team=2 losTgt=120.54
[WOBBLE_FIRE] team=2 losTgt=118.86
[WOBBLE_FIRE] team=2 losTgt=117.29
[WOBBLE_FIRE] team=2 losTgt=115.97
[WOBBLE_FIRE] team=2 losTgt=114.85
[WOBBLE_FIRE] team=2 losTgt=113.87
[WOBBLE_FIRE] team=2 losTgt=112.96
[WOBBLE_FIRE] team=2 losTgt=112.11
[WOBBLE_FIRE] team=2 losTgt=111.30
[WOBBLE_FIRE] team=2 losTgt=110.55
[WOBBLE_FIRE] team=2 losTgt=109.84
[WOBBLE_FIRE] team=2 losTgt=109.16
[WOBBLE_FIRE] team=2 losTgt=108.52
[WOBBLE_FIRE] team=2 losTgt=107.90
[WOBBLE_FIRE] team=2 losTgt=107.29
[WOBBLE_FIRE] team=2 losTgt=106.71
[WOBBLE_FIRE] team=2 losTgt=106.15
[WOBBLE_FIRE] team=2 losTgt=105.61
[WOBBLE_FIRE] team=2 losTgt=105.08
[WOBBLE_FIRE] team=2 losTgt=104.58
[WOBBLE_FIRE] team=2 losTgt=104.12
[WOBBLE_FIRE] team=2 losTgt=103.69
[WOBBLE_FIRE] team=2 losTgt=103.25
[WOBBLE_FIRE] team=2 losTgt=102.84
[WOBBLE_FIRE] team=2 losTgt=102.43
[WOBBLE_FIRE] team=2 losTgt=102.03
[WOBBLE_FIRE] team=2 losTgt=101.63
[ACTIVE] [RED] LeadPredict dist=1305.85 dV=0.102875 thr=0.790117 om=0.104905 lt=3
[WOBBLE_FIRE] team=2 losTgt=101.27
[WOBBLE_FIRE] team=2 losTgt=100.94
[WOBBLE_FIRE] team=2 losTgt=100.65
[WOBBLE_FIRE] team=2 losTgt=100.39
[WOBBLE_FIRE] team=2 losTgt=100.16
[WOBBLE_FIRE] team=2 losTgt=99.95
[WOBBLE_FIRE] team=2 losTgt=99.77
[WOBBLE_FIRE] team=2 losTgt=99.59
[WOBBLE_FIRE] team=2 losTgt=99.42
[WOBBLE_FIRE] team=2 losTgt=99.27
[WOBBLE_FIRE] team=2 losTgt=99.14
[WOBBLE_FIRE] team=2 losTgt=99.02
[WOBBLE_FIRE] team=2 losTgt=98.91
[WOBBLE_FIRE] team=2 losTgt=98.82
[WOBBLE_FIRE] team=2 losTgt=98.74
[WOBBLE_FIRE] team=2 losTgt=98.67
[WOBBLE_FIRE] team=2 losTgt=98.62
[WOBBLE_FIRE] team=2 losTgt=98.59
[WOBBLE_FIRE] team=2 losTgt=98.57
[WOBBLE_FIRE] team=2 losTgt=98.58
[WOBBLE_FIRE] team=2 losTgt=98.60
[WOBBLE_FIRE] team=2 losTgt=98.65
[WOBBLE_FIRE] team=2 losTgt=98.72
[WOBBLE_FIRE] team=2 losTgt=98.82
[WOBBLE_FIRE] team=2 losTgt=98.94
[WOBBLE_FIRE] team=2 losTgt=99.09
[WOBBLE_FIRE] team=2 losTgt=99.26
[WOBBLE_FIRE] team=2 losTgt=99.46
[WOBBLE_FIRE] team=2 losTgt=99.68
[WOBBLE_FIRE] team=2 losTgt=99.94
[WOBBLE_FIRE] team=2 losTgt=100.22
[WOBBLE_FIRE] team=2 losTgt=100.53
[WOBBLE_FIRE] team=2 losTgt=100.88
[WOBBLE_FIRE] team=2 losTgt=101.26
[WOBBLE_FIRE] team=2 losTgt=101.67
[WOBBLE_FIRE] team=2 losTgt=102.12
[WOBBLE_FIRE] team=2 losTgt=102.61
[WOBBLE_FIRE] team=2 losTgt=103.15
[WOBBLE_FIRE] team=2 losTgt=103.73
[WOBBLE_FIRE] team=2 losTgt=104.35
[WOBBLE_FIRE] team=2 losTgt=105.03
[WOBBLE_FIRE] team=2 losTgt=105.77
[WOBBLE_FIRE] team=2 losTgt=106.56
[WOBBLE_FIRE] team=2 losTgt=107.42
[WOBBLE_FIRE] team=2 losTgt=108.34
[WOBBLE_FIRE] team=2 losTgt=109.32
[WOBBLE_FIRE] team=2 losTgt=110.38
[WOBBLE_FIRE] team=2 losTgt=111.50
[WOBBLE_FIRE] team=2 losTgt=112.69
[WOBBLE_FIRE] team=2 losTgt=113.97
[WOBBLE_FIRE] team=2 losTgt=115.32
[WOBBLE_FIRE] team=2 losTgt=116.79
[WOBBLE_FIRE] team=2 losTgt=118.35
[WOBBLE_FIRE] team=2 losTgt=120.50
[WOBBLE_FIRE] team=2 losTgt=124.30
[WOBBLE_FIRE] team=2 losTgt=127.76
[WOBBLE_FIRE] team=2 losTgt=131.06
[WOBBLE_FIRE] team=2 losTgt=134.46
[WOBBLE_FIRE] team=2 losTgt=137.85
[WOBBLE_FIRE] team=2 losTgt=141.03
[WOBBLE_FIRE] team=2 losTgt=144.17
[WOBBLE_FIRE] team=2 losTgt=147.31
[WOBBLE_FIRE] team=2 losTgt=150.52
[WOBBLE_FIRE] team=2 losTgt=153.75
[WOBBLE_FIRE] team=2 losTgt=157.00
[WOBBLE_FIRE] team=2 losTgt=160.27
[WOBBLE_FIRE] team=2 losTgt=163.47
[WOBBLE_FIRE] team=2 losTgt=166.52
[WOBBLE_FIRE] team=2 losTgt=169.32
[WOBBLE_FIRE] team=2 losTgt=171.82
[WOBBLE_FIRE] team=2 losTgt=174.10
[WOBBLE_FIRE] team=2 losTgt=175.93
[WOBBLE_FIRE] team=2 losTgt=176.57
[WOBBLE_FIRE] team=2 losTgt=175.67
[ACTIVE] [RED] Evade Z=5338.4
[WOBBLE_FIRE] team=2 losTgt=174.11
[WOBBLE_FIRE] team=2 losTgt=172.58
[WOBBLE_FIRE] team=2 losTgt=171.34
[WOBBLE_FIRE] team=2 losTgt=170.35
[WOBBLE_FIRE] team=2 losTgt=169.38
[WOBBLE_FIRE] team=2 losTgt=168.08
[WOBBLE_FIRE] team=2 losTgt=166.90
[WOBBLE_FIRE] team=2 losTgt=165.80
[WOBBLE_FIRE] team=2 losTgt=164.87
[WOBBLE_FIRE] team=2 losTgt=164.08
[WOBBLE_FIRE] team=2 losTgt=163.44
[WOBBLE_FIRE] team=2 losTgt=163.01
[WOBBLE_FIRE] team=2 losTgt=162.76
[WOBBLE_FIRE] team=2 losTgt=162.76
[WOBBLE_FIRE] team=2 losTgt=162.80
[WOBBLE_FIRE] team=2 losTgt=162.86
[WOBBLE_FIRE] team=2 losTgt=162.53
[WOBBLE_FIRE] team=2 losTgt=162.34
[WOBBLE_FIRE] team=2 losTgt=162.26
[WOBBLE_FIRE] team=2 losTgt=162.34
[WOBBLE_FIRE] team=2 losTgt=162.61
[WOBBLE_FIRE] team=2 losTgt=163.16
[WOBBLE_FIRE] team=2 losTgt=164.03
[WOBBLE_FIRE] team=2 losTgt=164.92
[WOBBLE_FIRE] team=2 losTgt=165.81
[WOBBLE_FIRE] team=2 losTgt=166.29
[WOBBLE_FIRE] team=2 losTgt=166.79
[WOBBLE_FIRE] team=2 losTgt=167.32
[WOBBLE_FIRE] team=2 losTgt=167.88
[WOBBLE_FIRE] team=2 losTgt=168.51
[ACTIVE] [RED] Evade Z=4224.2
[WOBBLE_FIRE] team=2 losTgt=169.23
[WOBBLE_FIRE] team=2 losTgt=170.05
[WOBBLE_FIRE] team=2 losTgt=171.00
[WOBBLE_FIRE] team=2 losTgt=171.97
[WOBBLE_FIRE] team=2 losTgt=172.86
[WOBBLE_FIRE] team=2 losTgt=173.68
[WOBBLE_FIRE] team=2 losTgt=174.49
[WOBBLE_FIRE] team=2 losTgt=175.26
[WOBBLE_FIRE] team=2 losTgt=175.93
[WOBBLE_FIRE] team=2 losTgt=176.43
[WOBBLE_FIRE] team=2 losTgt=176.76
[WOBBLE_FIRE] team=2 losTgt=176.90
[WOBBLE_FIRE] team=2 losTgt=176.88
[WOBBLE_FIRE] team=2 losTgt=176.70
[WOBBLE_FIRE] team=2 losTgt=176.26
[WOBBLE_FIRE] team=2 losTgt=174.77
[WOBBLE_FIRE] team=2 losTgt=172.84
[WOBBLE_FIRE] team=2 losTgt=171.14
[WOBBLE_FIRE] team=2 losTgt=169.69
[WOBBLE_FIRE] team=2 losTgt=168.51
[WOBBLE_FIRE] team=2 losTgt=167.55
[WOBBLE_FIRE] team=2 losTgt=166.79
[WOBBLE_FIRE] team=2 losTgt=166.16
[WOBBLE_FIRE] team=2 losTgt=165.66
[WOBBLE_FIRE] team=2 losTgt=165.26
[WOBBLE_FIRE] team=2 losTgt=164.94
[WOBBLE_FIRE] team=2 losTgt=164.71
[WOBBLE_FIRE] team=2 losTgt=164.51
[WOBBLE_FIRE] team=2 losTgt=164.36
[WOBBLE_FIRE] team=2 losTgt=164.23
[WOBBLE_FIRE] team=2 losTgt=164.13
[ACTIVE] [RED] ClimbOut Z=3033.61
[WOBBLE_FIRE] team=2 losTgt=164.05
[WOBBLE_FIRE] team=2 losTgt=163.99
[WOBBLE_FIRE] team=2 losTgt=163.90
[WOBBLE_FIRE] team=2 losTgt=163.82
[WOBBLE_FIRE] team=2 losTgt=163.73
[WOBBLE_FIRE] team=2 losTgt=163.64
[WOBBLE_FIRE] team=2 losTgt=163.54
[WOBBLE_FIRE] team=2 losTgt=163.44
[WOBBLE_FIRE] team=2 losTgt=163.34
[WOBBLE_FIRE] team=2 losTgt=163.24
[WOBBLE_FIRE] team=2 losTgt=163.14
[WOBBLE_FIRE] team=2 losTgt=163.04
[WOBBLE_FIRE] team=2 losTgt=162.94
[WOBBLE_FIRE] team=2 losTgt=162.84
[WOBBLE_FIRE] team=2 losTgt=162.73
[WOBBLE_FIRE] team=2 losTgt=162.63
[WOBBLE_FIRE] team=2 losTgt=162.53
[WOBBLE_FIRE] team=2 losTgt=162.43
[WOBBLE_FIRE] team=2 losTgt=162.32
[WOBBLE_FIRE] team=2 losTgt=162.21
[WOBBLE_FIRE] team=2 losTgt=162.11
[WOBBLE_FIRE] team=2 losTgt=162.00
[WOBBLE_FIRE] team=2 losTgt=161.90
[WOBBLE_FIRE] team=2 losTgt=161.81
[WOBBLE_FIRE] team=2 losTgt=161.70
[WOBBLE_FIRE] team=2 losTgt=161.58
[WOBBLE_FIRE] team=2 losTgt=161.48
[WOBBLE_FIRE] team=2 losTgt=161.38
[WOBBLE_FIRE] team=2 losTgt=161.27
[WOBBLE_FIRE] team=2 losTgt=162.47
[WOBBLE_FIRE] team=2 losTgt=166.28
[WOBBLE_FIRE] team=2 losTgt=164.77
[WOBBLE_FIRE] team=2 losTgt=160.49
[WOBBLE_FIRE] team=2 losTgt=163.23
[ACTIVE] [RED] ClimbOut Z=2239
[WOBBLE_FIRE] team=2 losTgt=170.17
[WOBBLE_FIRE] team=2 losTgt=170.04
[WOBBLE_FIRE] team=2 losTgt=162.99
[WOBBLE_FIRE] team=2 losTgt=159.87
[WOBBLE_FIRE] team=2 losTgt=165.97
[WOBBLE_FIRE] team=2 losTgt=170.01
[WOBBLE_FIRE] team=2 losTgt=166.33
[WOBBLE_FIRE] team=2 losTgt=162.90
[WOBBLE_FIRE] team=2 losTgt=165.66
[WOBBLE_FIRE] team=2 losTgt=167.26
[WOBBLE_FIRE] team=2 losTgt=164.53
[WOBBLE_FIRE] team=2 losTgt=163.11
[WOBBLE_FIRE] team=2 losTgt=166.40
[WOBBLE_FIRE] team=2 losTgt=167.37
[WOBBLE_FIRE] team=2 losTgt=164.47
[WOBBLE_FIRE] team=2 losTgt=163.10
[WOBBLE_FIRE] team=2 losTgt=160.17
[WOBBLE_FIRE] team=2 losTgt=157.53
[WOBBLE_FIRE] team=2 losTgt=155.00
[WOBBLE_FIRE] team=2 losTgt=152.56
[WOBBLE_FIRE] team=2 losTgt=150.15
[WOBBLE_FIRE] team=2 losTgt=147.77
[ACTIVE] [RED] LeadPredict dist=332.708 dV=-1.13174 thr=0.768 om=0 lt=0.856721
[DUTY] team=1 ticks=12600 v27종말조준=4.1746% v21뱅크예측=62.5079% v17궤도조건=61.9444% v17슬롯적용=49.7857% 상승클램프=0% 강하클램프=20.5476% v23b조건=41.2619% v23b실제적용=40.5714%
[WOBBLE_FIRE] team=2 losTgt=145.43
[WOBBLE_FIRE] team=2 losTgt=143.09
[WOBBLE_FIRE] team=2 losTgt=140.76
[WOBBLE_FIRE] team=2 losTgt=138.46
[WOBBLE_FIRE] team=2 losTgt=136.20
[WOBBLE_FIRE] team=2 losTgt=133.97
[WOBBLE_FIRE] team=2 losTgt=131.78
[WOBBLE_FIRE] team=2 losTgt=129.64
[WOBBLE_FIRE] team=2 losTgt=127.54
[WOBBLE_FIRE] team=2 losTgt=125.48
[WOBBLE_FIRE] team=2 losTgt=123.47
[WOBBLE_FIRE] team=2 losTgt=121.50
[WOBBLE_FIRE] team=2 losTgt=119.58
[WOBBLE_FIRE] team=2 losTgt=117.70
[WOBBLE_FIRE] team=2 losTgt=115.86
[WOBBLE_FIRE] team=2 losTgt=114.05
[WOBBLE_FIRE] team=2 losTgt=112.28
[WOBBLE_FIRE] team=2 losTgt=110.56
[WOBBLE_FIRE] team=2 losTgt=108.86
[WOBBLE_FIRE] team=2 losTgt=107.20
[WOBBLE_FIRE] team=2 losTgt=105.57
[WOBBLE_FIRE] team=2 losTgt=103.98
[WOBBLE_FIRE] team=2 losTgt=102.41
[WOBBLE_FIRE] team=2 losTgt=100.88
[WOBBLE_FIRE] team=2 losTgt=99.36
[WOBBLE_FIRE] team=2 losTgt=97.88
[WOBBLE_FIRE] team=2 losTgt=96.43
[WOBBLE_FIRE] team=2 losTgt=95.00
[WOBBLE_FIRE] team=2 losTgt=93.59
[WOBBLE_FIRE] team=2 losTgt=92.21
[WOBBLE_FIRE] team=2 losTgt=90.85
[WOBBLE_FIRE] team=2 losTgt=89.51
[WOBBLE_FIRE] team=2 losTgt=88.20
[WOBBLE_FIRE] team=2 losTgt=86.90
[WOBBLE_FIRE] team=2 losTgt=85.63
[WOBBLE_FIRE] team=2 losTgt=84.37
[WOBBLE_FIRE] team=2 losTgt=83.14
[WOBBLE_FIRE] team=2 losTgt=81.92
[WOBBLE_FIRE] team=2 losTgt=80.70
[WOBBLE_FIRE] team=2 losTgt=79.49
[WOBBLE_FIRE] team=2 losTgt=78.27
[WOBBLE_FIRE] team=2 losTgt=77.06
[WOBBLE_FIRE] team=2 losTgt=75.84
[WOBBLE_FIRE] team=2 losTgt=74.62
[WOBBLE_FIRE] team=2 losTgt=73.41
[WOBBLE_FIRE] team=2 losTgt=72.20
[WOBBLE_FIRE] team=2 losTgt=70.97
[WOBBLE_FIRE] team=2 losTgt=69.73
[WOBBLE_FIRE] team=2 losTgt=68.47
[WOBBLE_FIRE] team=2 losTgt=67.17
[WOBBLE_FIRE] team=2 losTgt=65.84
[WOBBLE_FIRE] team=2 losTgt=64.46
[WOBBLE_FIRE] team=2 losTgt=63.31
[WOBBLE_FIRE] team=2 losTgt=62.18
[WOBBLE_FIRE] team=2 losTgt=60.83
[WOBBLE_FIRE] team=2 losTgt=59.25
[WOBBLE_FIRE] team=2 losTgt=57.38
[WOBBLE_FIRE] team=2 losTgt=55.56
[WOBBLE_FIRE] team=2 losTgt=53.81
[WOBBLE_FIRE] team=2 losTgt=52.02
[ACTIVE] [RED] LeadPredict dist=466.027 dV=-13.0154 thr=0.76716 om=0.271818 lt=1.48046
[WOBBLE_FIRE] team=2 losTgt=50.13
[WOBBLE_FIRE] team=2 losTgt=48.13
[WOBBLE_FIRE] team=2 losTgt=46.03
[WOBBLE_FIRE] team=2 losTgt=47.77
[WOBBLE_FIRE] team=2 losTgt=54.45
[WOBBLE_FIRE] team=2 losTgt=59.80
[WOBBLE_FIRE] team=2 losTgt=63.70
[WOBBLE_FIRE] team=2 losTgt=66.28
[WOBBLE_FIRE] team=2 losTgt=67.81
[WOBBLE_FIRE] team=2 losTgt=68.56
[WOBBLE_FIRE] team=2 losTgt=68.85
[WOBBLE_FIRE] team=2 losTgt=68.97
[WOBBLE_FIRE] team=2 losTgt=68.97
[WOBBLE_FIRE] team=2 losTgt=68.81
[WOBBLE_FIRE] team=2 losTgt=68.51
[WOBBLE_FIRE] team=2 losTgt=68.05
[WOBBLE_FIRE] team=2 losTgt=67.49
[WOBBLE_FIRE] team=2 losTgt=66.84
[WOBBLE_FIRE] team=2 losTgt=66.11
[WOBBLE_FIRE] team=2 losTgt=65.31
[WOBBLE_FIRE] team=2 losTgt=64.41
[WOBBLE_FIRE] team=2 losTgt=63.43
[WOBBLE_FIRE] team=2 losTgt=62.37
[WOBBLE_FIRE] team=2 losTgt=61.23
[WOBBLE_FIRE] team=2 losTgt=60.01
[WOBBLE_FIRE] team=2 losTgt=58.72
[WOBBLE_FIRE] team=2 losTgt=57.36
[WOBBLE_FIRE] team=2 losTgt=55.92
[WOBBLE_FIRE] team=2 losTgt=54.41
[WOBBLE_FIRE] team=2 losTgt=52.85
[WOBBLE_FIRE] team=2 losTgt=51.22
[WOBBLE_FIRE] team=2 losTgt=49.52
[WOBBLE_FIRE] team=2 losTgt=47.74
[WOBBLE_FIRE] team=2 losTgt=45.89
[ACTIVE] [RED] LeadPredict dist=501.32 dV=-10.546 thr=1 om=0.0705275 lt=1.95133
[WOBBLE_FIRE] team=2 losTgt=45.40
[WOBBLE_FIRE] team=2 losTgt=48.61
[WOBBLE_FIRE] team=2 losTgt=51.78
[WOBBLE_FIRE] team=2 losTgt=54.87
[WOBBLE_FIRE] team=2 losTgt=57.85
[WOBBLE_FIRE] team=2 losTgt=60.72
[WOBBLE_FIRE] team=2 losTgt=63.36
[WOBBLE_FIRE] team=2 losTgt=65.43
[WOBBLE_FIRE] team=2 losTgt=66.74
[WOBBLE_FIRE] team=2 losTgt=67.27
[WOBBLE_FIRE] team=2 losTgt=67.18
[WOBBLE_FIRE] team=2 losTgt=66.82
[WOBBLE_FIRE] team=2 losTgt=66.49
[WOBBLE_FIRE] team=2 losTgt=66.20
[WOBBLE_FIRE] team=2 losTgt=65.93
[WOBBLE_FIRE] team=2 losTgt=65.65
[WOBBLE_FIRE] team=2 losTgt=65.34
[WOBBLE_FIRE] team=2 losTgt=65.03
[WOBBLE_FIRE] team=2 losTgt=64.70
[WOBBLE_FIRE] team=2 losTgt=64.34
[WOBBLE_FIRE] team=2 losTgt=63.95
[WOBBLE_FIRE] team=2 losTgt=63.52
[WOBBLE_FIRE] team=2 losTgt=63.04
[WOBBLE_FIRE] team=2 losTgt=62.51
[WOBBLE_FIRE] team=2 losTgt=61.93
[WOBBLE_FIRE] team=2 losTgt=61.31
[WOBBLE_FIRE] team=2 losTgt=60.63
[WOBBLE_FIRE] team=2 losTgt=59.91
[WOBBLE_FIRE] team=2 losTgt=59.15
[WOBBLE_FIRE] team=2 losTgt=58.35
[WOBBLE_FIRE] team=2 losTgt=57.50
[WOBBLE_FIRE] team=2 losTgt=56.63
[WOBBLE_FIRE] team=2 losTgt=55.72
[WOBBLE_FIRE] team=2 losTgt=54.77
[WOBBLE_FIRE] team=2 losTgt=53.79
[WOBBLE_FIRE] team=2 losTgt=52.78
[WOBBLE_FIRE] team=2 losTgt=51.74
[WOBBLE_FIRE] team=2 losTgt=50.67
[WOBBLE_FIRE] team=2 losTgt=49.57
[WOBBLE_FIRE] team=2 losTgt=48.44
[ACTIVE] [RED] LeadPredict dist=834.167 dV=1.49188 thr=0.982097 om=0.255751 lt=3
[WOBBLE_FIRE] team=2 losTgt=47.28
[WOBBLE_FIRE] team=2 losTgt=46.10
[ACTIVE] [RED] LeadPredict dist=430.022 dV=-6.27617 thr=1 om=0.0509135 lt=2.2977
[WOBBLE_FIRE] team=2 losTgt=46.35
[WOBBLE_FIRE] team=2 losTgt=48.67
[WOBBLE_FIRE] team=2 losTgt=51.13
[WOBBLE_FIRE] team=2 losTgt=53.63
[WOBBLE_FIRE] team=2 losTgt=56.01
[WOBBLE_FIRE] team=2 losTgt=58.02
[WOBBLE_FIRE] team=2 losTgt=59.47
[WOBBLE_FIRE] team=2 losTgt=60.23
[WOBBLE_FIRE] team=2 losTgt=60.34
[WOBBLE_FIRE] team=2 losTgt=60.06
[WOBBLE_FIRE] team=2 losTgt=59.64
[WOBBLE_FIRE] team=2 losTgt=59.22
[WOBBLE_FIRE] team=2 losTgt=58.86
[WOBBLE_FIRE] team=2 losTgt=58.57
[WOBBLE_FIRE] team=2 losTgt=58.34
[WOBBLE_FIRE] team=2 losTgt=58.14
[WOBBLE_FIRE] team=2 losTgt=57.95
[WOBBLE_FIRE] team=2 losTgt=57.74
[WOBBLE_FIRE] team=2 losTgt=57.53
[WOBBLE_FIRE] team=2 losTgt=57.28
[WOBBLE_FIRE] team=2 losTgt=57.01
[WOBBLE_FIRE] team=2 losTgt=56.72
[WOBBLE_FIRE] team=2 losTgt=56.40
[WOBBLE_FIRE] team=2 losTgt=56.05
[WOBBLE_FIRE] team=2 losTgt=55.67
[WOBBLE_FIRE] team=2 losTgt=55.26
[WOBBLE_FIRE] team=2 losTgt=54.83
[WOBBLE_FIRE] team=2 losTgt=54.37
[WOBBLE_FIRE] team=2 losTgt=53.89
[WOBBLE_FIRE] team=2 losTgt=53.37
[WOBBLE_FIRE] team=2 losTgt=52.84
[WOBBLE_FIRE] team=2 losTgt=52.26
[WOBBLE_FIRE] team=2 losTgt=51.67
[WOBBLE_FIRE] team=2 losTgt=51.04
[WOBBLE_FIRE] team=2 losTgt=50.38
[WOBBLE_FIRE] team=2 losTgt=49.70
[WOBBLE_FIRE] team=2 losTgt=48.99
[WOBBLE_FIRE] team=2 losTgt=48.25
[WOBBLE_FIRE] team=2 losTgt=47.49
[WOBBLE_FIRE] team=2 losTgt=46.69
[WOBBLE_FIRE] team=2 losTgt=45.88
[WOBBLE_FIRE] team=2 losTgt=45.05
[ACTIVE] [RED] LeadPredict dist=813.184 dV=-4.26985 thr=1 om=0.069368 lt=3
[ACTIVE] [RED] LeadPredict dist=657.803 dV=30.3005 thr=0.65353 om=0.0172406 lt=3
[WOBBLE_FIRE] team=2 losTgt=45.09
[WOBBLE_FIRE] team=2 losTgt=45.46
[WOBBLE_FIRE] team=2 losTgt=45.81
[WOBBLE_FIRE] team=2 losTgt=46.16
[WOBBLE_FIRE] team=2 losTgt=46.47
[WOBBLE_FIRE] team=2 losTgt=46.78
[WOBBLE_FIRE] team=2 losTgt=47.06
[WOBBLE_FIRE] team=2 losTgt=47.33
[WOBBLE_FIRE] team=2 losTgt=47.59
[WOBBLE_FIRE] team=2 losTgt=47.82
[WOBBLE_FIRE] team=2 losTgt=48.05
[WOBBLE_FIRE] team=2 losTgt=48.26
[WOBBLE_FIRE] team=2 losTgt=48.45
[WOBBLE_FIRE] team=2 losTgt=48.63
[WOBBLE_FIRE] team=2 losTgt=48.79
[WOBBLE_FIRE] team=2 losTgt=48.93
[WOBBLE_FIRE] team=2 losTgt=49.07
[WOBBLE_FIRE] team=2 losTgt=49.19
[WOBBLE_FIRE] team=2 losTgt=49.30
[WOBBLE_FIRE] team=2 losTgt=49.38
[WOBBLE_FIRE] team=2 losTgt=49.46
[WOBBLE_FIRE] team=2 losTgt=49.53
[WOBBLE_FIRE] team=2 losTgt=49.59
[WOBBLE_FIRE] team=2 losTgt=49.63
[WOBBLE_FIRE] team=2 losTgt=49.65
[WOBBLE_FIRE] team=2 losTgt=49.66
[WOBBLE_FIRE] team=2 losTgt=49.67
[WOBBLE_FIRE] team=2 losTgt=49.65
[WOBBLE_FIRE] team=2 losTgt=49.62
[WOBBLE_FIRE] team=2 losTgt=49.57
[WOBBLE_FIRE] team=2 losTgt=49.51
[WOBBLE_FIRE] team=2 losTgt=49.44
[WOBBLE_FIRE] team=2 losTgt=49.35
[WOBBLE_FIRE] team=2 losTgt=49.26
[WOBBLE_FIRE] team=2 losTgt=49.15
[WOBBLE_FIRE] team=2 losTgt=49.03
[WOBBLE_FIRE] team=2 losTgt=48.89
[WOBBLE_FIRE] team=2 losTgt=48.74
[WOBBLE_FIRE] team=2 losTgt=48.59
[ACTIVE] [RED] LeadPredict dist=909.249 dV=24.1272 thr=0.710473 om=0.251506 lt=3
[WOBBLE_FIRE] team=2 losTgt=48.42
[WOBBLE_FIRE] team=2 losTgt=48.24
[WOBBLE_FIRE] team=2 losTgt=48.05
[WOBBLE_FIRE] team=2 losTgt=47.86
[WOBBLE_FIRE] team=2 losTgt=47.64
[WOBBLE_FIRE] team=2 losTgt=47.43
[WOBBLE_FIRE] team=2 losTgt=47.20
[WOBBLE_FIRE] team=2 losTgt=46.97
[WOBBLE_FIRE] team=2 losTgt=46.73
[WOBBLE_FIRE] team=2 losTgt=46.48
[WOBBLE_FIRE] team=2 losTgt=46.23
[WOBBLE_FIRE] team=2 losTgt=45.97
[WOBBLE_FIRE] team=2 losTgt=45.69
[WOBBLE_FIRE] team=2 losTgt=45.42
[WOBBLE_FIRE] team=2 losTgt=45.14
[ACTIVE] [RED] LeadPredict dist=669.143 dV=-4.16696 thr=1 om=0.0317525 lt=3
[WOBBLE_FIRE] team=2 losTgt=46.74
[WOBBLE_FIRE] team=2 losTgt=48.52
[WOBBLE_FIRE] team=2 losTgt=50.28
[WOBBLE_FIRE] team=2 losTgt=52.00
[WOBBLE_FIRE] team=2 losTgt=53.71
[WOBBLE_FIRE] team=2 losTgt=55.38
[WOBBLE_FIRE] team=2 losTgt=57.01
[ACTIVE] [RED] LeadPredict dist=371.598 dV=-26.3393 thr=1 om=0.168918 lt=3
[WOBBLE_FIRE] team=2 losTgt=58.59
[WOBBLE_FIRE] team=2 losTgt=60.15
[WOBBLE_FIRE] team=2 losTgt=61.66
[WOBBLE_FIRE] team=2 losTgt=63.11
[WOBBLE_FIRE] team=2 losTgt=64.52
[WOBBLE_FIRE] team=2 losTgt=65.87
[WOBBLE_FIRE] team=2 losTgt=67.18
[WOBBLE_FIRE] team=2 losTgt=68.44
[WOBBLE_FIRE] team=2 losTgt=69.66
[WOBBLE_FIRE] team=2 losTgt=70.82
[WOBBLE_FIRE] team=2 losTgt=71.95
[WOBBLE_FIRE] team=2 losTgt=73.03
[WOBBLE_FIRE] team=2 losTgt=74.06
[WOBBLE_FIRE] team=2 losTgt=74.99
[WOBBLE_FIRE] team=2 losTgt=75.83
[WOBBLE_FIRE] team=2 losTgt=76.52
[WOBBLE_FIRE] team=2 losTgt=77.03
[WOBBLE_FIRE] team=2 losTgt=77.37
[WOBBLE_FIRE] team=2 losTgt=77.55
[WOBBLE_FIRE] team=2 losTgt=77.55
[WOBBLE_FIRE] team=2 losTgt=77.35
[WOBBLE_FIRE] team=2 losTgt=76.93
[WOBBLE_FIRE] team=2 losTgt=76.30
[WOBBLE_FIRE] team=2 losTgt=75.47
[WOBBLE_FIRE] team=2 losTgt=74.45
[WOBBLE_FIRE] team=2 losTgt=73.28
[WOBBLE_FIRE] team=2 losTgt=72.00
[WOBBLE_FIRE] team=2 losTgt=70.67
[WOBBLE_FIRE] team=2 losTgt=69.31
[WOBBLE_FIRE] team=2 losTgt=67.97
[WOBBLE_FIRE] team=2 losTgt=66.66
[WOBBLE_FIRE] team=2 losTgt=65.39
[WOBBLE_FIRE] team=2 losTgt=64.18
[WOBBLE_FIRE] team=2 losTgt=63.04
[WOBBLE_FIRE] team=2 losTgt=61.96
[WOBBLE_FIRE] team=2 losTgt=60.95
[WOBBLE_FIRE] team=2 losTgt=60.03
[WOBBLE_FIRE] team=2 losTgt=59.17
[WOBBLE_FIRE] team=2 losTgt=58.38
[WOBBLE_FIRE] team=2 losTgt=57.66
[WOBBLE_FIRE] team=2 losTgt=57.00
[WOBBLE_FIRE] team=2 losTgt=56.38
[WOBBLE_FIRE] team=2 losTgt=55.80
[WOBBLE_FIRE] team=2 losTgt=55.25
[WOBBLE_FIRE] team=2 losTgt=54.72
[WOBBLE_FIRE] team=2 losTgt=54.19
[WOBBLE_FIRE] team=2 losTgt=53.66
[WOBBLE_FIRE] team=2 losTgt=53.12
[WOBBLE_FIRE] team=2 losTgt=52.57
[WOBBLE_FIRE] team=2 losTgt=51.99
[WOBBLE_FIRE] team=2 losTgt=51.39
[WOBBLE_FIRE] team=2 losTgt=50.76
[WOBBLE_FIRE] team=2 losTgt=50.11
[WOBBLE_FIRE] team=2 losTgt=49.42
[WOBBLE_FIRE] team=2 losTgt=48.70
[WOBBLE_FIRE] team=2 losTgt=47.95
[WOBBLE_FIRE] team=2 losTgt=47.17
[WOBBLE_FIRE] team=2 losTgt=46.36
[WOBBLE_FIRE] team=2 losTgt=45.53
[ACTIVE] [RED] LeadPredict dist=918.106 dV=-40.435 thr=1 om=0.0737987 lt=3
[DUTY] team=1 ticks=13200 v27종말조준=4.20455% v21뱅크예측=62.4848% v17궤도조건=62.4773% v17슬롯적용=50.2955% 상승클램프=0% 강하클램프=19.8409% v23b조건=40% v23b실제적용=39.3409%
[ACTIVE] [RED] LeadPredict dist=1015.2 dV=-13.7355 thr=1 om=0.164293 lt=3
[ACTIVE] [RED] LeadPredict dist=1037.94 dV=2.98375 thr=1 om=0.0439557 lt=3
[ACTIVE] [RED] LeadPredict dist=1324.3 dV=-26.0307 thr=1 om=0.00248737 lt=3
[ACTIVE] [RED] LeadPredict dist=1490.75 dV=-11.1119 thr=0.850242 om=0.186592 lt=3
[ACTIVE] [RED] LeadPredict dist=1591.12 dV=-12.5009 thr=0.669648 om=0.0407051 lt=3
[ACTIVE] [RED] LeadPredict dist=1635.42 dV=-5.29874 thr=1 om=0.0182915 lt=3
[ACTIVE] [RED] LeadPredict dist=1482.11 dV=43.1101 thr=0.64 om=0.216714 lt=3
[ACTIVE] [RED] LeadPredict dist=1196.17 dV=24.4359 thr=0.733927 om=0.0252232 lt=3
[ACTIVE] [RED] LeadPredict dist=1174.57 dV=4.42416 thr=1 om=0.0188365 lt=3
[ACTIVE] [RED] LeadPredict dist=1105.66 dV=15.6904 thr=1 om=0.233846 lt=3
[DUTY] team=1 ticks=13800 v27종말조준=4.02174% v21뱅크예측=61.9783% v17궤도조건=62.4203% v17슬롯적용=50.7681% 상승클램프=0% 강하클램프=21.0362% v23b조건=39.4275% v23b실제적용=38.7971%
[ACTIVE] [RED] LeadPredict dist=1090.93 dV=-16.8222 thr=1 om=0.0218319 lt=3
[ACTIVE] [RED] LeadPredict dist=1488.16 dV=-21.3493 thr=0.811325 om=0.00747078 lt=3
[ACTIVE] [RED] LeadPredict dist=1897.59 dV=-33.2843 thr=0.565577 om=0.0149085 lt=3
[WOBBLE_FIRE] team=2 losTgt=45.09
[WOBBLE_FIRE] team=2 losTgt=45.71
[WOBBLE_FIRE] team=2 losTgt=46.42
[WOBBLE_FIRE] team=2 losTgt=46.32
[WOBBLE_FIRE] team=2 losTgt=45.66
[WOBBLE_FIRE] team=2 losTgt=45.23
[ACTIVE] [RED] ClimbOut Z=2736.48
[WOBBLE_FIRE] team=2 losTgt=45.12
[WOBBLE_FIRE] team=2 losTgt=45.37
[WOBBLE_FIRE] team=2 losTgt=45.68
[WOBBLE_FIRE] team=2 losTgt=45.99
[WOBBLE_FIRE] team=2 losTgt=46.34
[WOBBLE_FIRE] team=2 losTgt=46.69
[WOBBLE_FIRE] team=2 losTgt=47.05
[ACTIVE] [RED] LeadPredict dist=1294.58 dV=32.667 thr=0.465831 om=0.872816 lt=3
[WOBBLE_FIRE] team=2 losTgt=47.38
[WOBBLE_FIRE] team=2 losTgt=47.68
[WOBBLE_FIRE] team=2 losTgt=47.94
[WOBBLE_FIRE] team=2 losTgt=48.19
[WOBBLE_FIRE] team=2 losTgt=48.39
[WOBBLE_FIRE] team=2 losTgt=48.54
[WOBBLE_FIRE] team=2 losTgt=48.62
[WOBBLE_FIRE] team=2 losTgt=48.64
[WOBBLE_FIRE] team=2 losTgt=48.61
[WOBBLE_FIRE] team=2 losTgt=48.53
[WOBBLE_FIRE] team=2 losTgt=48.38
[WOBBLE_FIRE] team=2 losTgt=48.19
[WOBBLE_FIRE] team=2 losTgt=47.94
[WOBBLE_FIRE] team=2 losTgt=47.63
[WOBBLE_FIRE] team=2 losTgt=47.26
[WOBBLE_FIRE] team=2 losTgt=46.83
[WOBBLE_FIRE] team=2 losTgt=46.34
[WOBBLE_FIRE] team=2 losTgt=45.80
[WOBBLE_FIRE] team=2 losTgt=45.22
[ACTIVE] [RED] LeadPredict dist=1488.62 dV=-2.67508 thr=0.981282 om=0.231536 lt=3
[ACTIVE] [RED] LeadPredict dist=1234.24 dV=-31.0207 thr=0.845432 om=0.0340188 lt=3
[ACTIVE] [RED] LeadPredict dist=1368.47 dV=-3.24097 thr=1 om=0.211087 lt=3
[ACTIVE] [RED] LeadPredict dist=1106.38 dV=23.8186 thr=0.93287 om=0.252556 lt=3
runner:local/env:0	num_steps=[11999] | total rewards=[475.4727] | termination= [max time out]
[seed 8] reward=   475.47 ownHP=1.0000 tgtHP=1.0000 max time out
total: 2
[ACTIVE] [RED] LeadPredict dist=2906.8 dV=1.23468 thr=1 om=0 lt=3
[WOBBLE_FIRE] team=2 losTgt=45.38
[WOBBLE_FIRE] team=2 losTgt=46.55
[WOBBLE_FIRE] team=2 losTgt=47.74
[WOBBLE_FIRE] team=2 losTgt=48.96
[WOBBLE_FIRE] team=2 losTgt=50.19
[WOBBLE_FIRE] team=2 losTgt=51.43
[WOBBLE_FIRE] team=2 losTgt=52.69
[WOBBLE_FIRE] team=2 losTgt=53.95
[WOBBLE_FIRE] team=2 losTgt=55.20
[WOBBLE_FIRE] team=2 losTgt=56.45
[WOBBLE_FIRE] team=2 losTgt=57.71
[WOBBLE_FIRE] team=2 losTgt=59.01
[WOBBLE_FIRE] team=2 losTgt=60.32
[WOBBLE_FIRE] team=2 losTgt=61.66
[WOBBLE_FIRE] team=2 losTgt=63.00
[WOBBLE_FIRE] team=2 losTgt=64.36
[WOBBLE_FIRE] team=2 losTgt=65.71
[WOBBLE_FIRE] team=2 losTgt=67.06
[WOBBLE_FIRE] team=2 losTgt=68.41
[WOBBLE_FIRE] team=2 losTgt=69.75
[WOBBLE_FIRE] team=2 losTgt=71.08
[WOBBLE_FIRE] team=2 losTgt=72.39
[WOBBLE_FIRE] team=2 losTgt=73.68
[WOBBLE_FIRE] team=2 losTgt=74.95
[WOBBLE_FIRE] team=2 losTgt=76.19
[WOBBLE_FIRE] team=2 losTgt=77.41
[WOBBLE_FIRE] team=2 losTgt=78.60
[WOBBLE_FIRE] team=2 losTgt=79.75
[ACTIVE] [RED] LeadPredict dist=1610.52 dV=8.79694 thr=0.760601 om=0.132586 lt=3
[DUTY] team=1 ticks=14400 v27종말조준=3.85417% v21뱅크예측=61.6944% v17궤도조건=62.5972% v17슬롯적용=51.4306% 상승클램프=0% 강하클램프=22.3333% v23b조건=40.4861% v23b실제적용=39.8611%
[WOBBLE_FIRE] team=2 losTgt=80.87
[WOBBLE_FIRE] team=2 losTgt=81.96
[WOBBLE_FIRE] team=2 losTgt=83.01
[WOBBLE_FIRE] team=2 losTgt=84.03
[WOBBLE_FIRE] team=2 losTgt=85.01
[WOBBLE_FIRE] team=2 losTgt=85.95
[WOBBLE_FIRE] team=2 losTgt=86.85
[WOBBLE_FIRE] team=2 losTgt=87.71
[WOBBLE_FIRE] team=2 losTgt=88.54
[WOBBLE_FIRE] team=2 losTgt=89.33
[WOBBLE_FIRE] team=2 losTgt=90.07
[WOBBLE_FIRE] team=2 losTgt=90.78
[WOBBLE_FIRE] team=2 losTgt=91.46
[WOBBLE_FIRE] team=2 losTgt=92.10
[WOBBLE_FIRE] team=2 losTgt=92.70
[WOBBLE_FIRE] team=2 losTgt=93.26
[WOBBLE_FIRE] team=2 losTgt=93.79
[WOBBLE_FIRE] team=2 losTgt=94.28
[WOBBLE_FIRE] team=2 losTgt=94.74
[WOBBLE_FIRE] team=2 losTgt=95.15
[WOBBLE_FIRE] team=2 losTgt=95.53
[WOBBLE_FIRE] team=2 losTgt=95.87
[WOBBLE_FIRE] team=2 losTgt=96.17
[WOBBLE_FIRE] team=2 losTgt=96.43
[WOBBLE_FIRE] team=2 losTgt=96.64
[WOBBLE_FIRE] team=2 losTgt=96.81
[WOBBLE_FIRE] team=2 losTgt=96.95
[WOBBLE_FIRE] team=2 losTgt=97.04
[WOBBLE_FIRE] team=2 losTgt=97.10
[WOBBLE_FIRE] team=2 losTgt=97.12
[WOBBLE_FIRE] team=2 losTgt=97.10
[WOBBLE_FIRE] team=2 losTgt=97.05
[WOBBLE_FIRE] team=2 losTgt=96.97
[WOBBLE_FIRE] team=2 losTgt=96.86
[WOBBLE_FIRE] team=2 losTgt=96.71
[WOBBLE_FIRE] team=2 losTgt=96.54
[WOBBLE_FIRE] team=2 losTgt=96.33
[WOBBLE_FIRE] team=2 losTgt=96.10
[WOBBLE_FIRE] team=2 losTgt=95.83
[WOBBLE_FIRE] team=2 losTgt=95.54
[WOBBLE_FIRE] team=2 losTgt=95.23
[WOBBLE_FIRE] team=2 losTgt=94.88
[WOBBLE_FIRE] team=2 losTgt=94.52
[WOBBLE_FIRE] team=2 losTgt=94.13
[WOBBLE_FIRE] team=2 losTgt=93.71
[WOBBLE_FIRE] team=2 losTgt=93.27
[WOBBLE_FIRE] team=2 losTgt=92.82
[WOBBLE_FIRE] team=2 losTgt=92.34
[WOBBLE_FIRE] team=2 losTgt=91.84
[WOBBLE_FIRE] team=2 losTgt=91.32
[WOBBLE_FIRE] team=2 losTgt=90.78
[WOBBLE_FIRE] team=2 losTgt=90.23
[WOBBLE_FIRE] team=2 losTgt=89.65
[WOBBLE_FIRE] team=2 losTgt=89.06
[WOBBLE_FIRE] team=2 losTgt=88.45
[WOBBLE_FIRE] team=2 losTgt=87.83
[WOBBLE_FIRE] team=2 losTgt=87.19
[WOBBLE_FIRE] team=2 losTgt=86.54
[WOBBLE_FIRE] team=2 losTgt=85.87
[WOBBLE_FIRE] team=2 losTgt=85.19
[ACTIVE] [RED] LeadPredict dist=3538.71 dV=40.435 thr=1 om=0.182566 lt=3
[WOBBLE_FIRE] team=2 losTgt=84.49
[WOBBLE_FIRE] team=2 losTgt=83.79
[WOBBLE_FIRE] team=2 losTgt=83.07
[WOBBLE_FIRE] team=2 losTgt=82.34
[WOBBLE_FIRE] team=2 losTgt=81.60
[WOBBLE_FIRE] team=2 losTgt=80.84
[WOBBLE_FIRE] team=2 losTgt=80.08
[WOBBLE_FIRE] team=2 losTgt=79.30
[WOBBLE_FIRE] team=2 losTgt=78.52
[WOBBLE_FIRE] team=2 losTgt=77.72
[WOBBLE_FIRE] team=2 losTgt=76.92
[WOBBLE_FIRE] team=2 losTgt=76.11
[WOBBLE_FIRE] team=2 losTgt=75.28
[WOBBLE_FIRE] team=2 losTgt=74.45
[WOBBLE_FIRE] team=2 losTgt=73.60
[WOBBLE_FIRE] team=2 losTgt=72.75
[WOBBLE_FIRE] team=2 losTgt=71.89
[WOBBLE_FIRE] team=2 losTgt=71.01
[WOBBLE_FIRE] team=2 losTgt=70.13
[WOBBLE_FIRE] team=2 losTgt=69.24
[WOBBLE_FIRE] team=2 losTgt=68.34
[WOBBLE_FIRE] team=2 losTgt=67.44
[WOBBLE_FIRE] team=2 losTgt=66.52
[WOBBLE_FIRE] team=2 losTgt=65.59
[WOBBLE_FIRE] team=2 losTgt=64.66
[WOBBLE_FIRE] team=2 losTgt=63.71
[WOBBLE_FIRE] team=2 losTgt=62.76
[WOBBLE_FIRE] team=2 losTgt=61.80
[WOBBLE_FIRE] team=2 losTgt=60.83
[WOBBLE_FIRE] team=2 losTgt=59.85
[WOBBLE_FIRE] team=2 losTgt=58.87
[WOBBLE_FIRE] team=2 losTgt=57.87
[WOBBLE_FIRE] team=2 losTgt=56.87
[WOBBLE_FIRE] team=2 losTgt=55.85
[WOBBLE_FIRE] team=2 losTgt=54.83
[WOBBLE_FIRE] team=2 losTgt=53.80
[WOBBLE_FIRE] team=2 losTgt=52.77
[WOBBLE_FIRE] team=2 losTgt=51.72
[WOBBLE_FIRE] team=2 losTgt=50.67
[WOBBLE_FIRE] team=2 losTgt=49.60
[WOBBLE_FIRE] team=2 losTgt=48.53
[WOBBLE_FIRE] team=2 losTgt=47.45
[WOBBLE_FIRE] team=2 losTgt=46.36
[WOBBLE_FIRE] team=2 losTgt=45.27
[ACTIVE] [RED] LeadPredict dist=3390.42 dV=17.2338 thr=1 om=0.0119975 lt=3
[ACTIVE] [RED] LeadPredict dist=1938.71 dV=8.23102 thr=0.88 om=0.201432 lt=3
[ACTIVE] [RED] LeadPredict dist=1760.79 dV=-22.5839 thr=1 om=0.000453116 lt=3
[ACTIVE] [RED] LeadPredict dist=1888.76 dV=-24.0243 thr=1 om=0.00682272 lt=3
[ACTIVE] [RED] LeadPredict dist=1717.05 dV=-6.17328 thr=1 om=0.24145 lt=3
[ACTIVE] [RED] LeadPredict dist=1539.22 dV=-13.9413 thr=1 om=0.103036 lt=3
[ACTIVE] [RED] LeadPredict dist=1602.82 dV=-4.6814 thr=1 om=0.0548601 lt=3
[ACTIVE] [RED] LeadPredict dist=1397.22 dV=16.5135 thr=1 om=0.246479 lt=3
[ACTIVE] [RED] LeadPredict dist=1220.46 dV=-4.9386 thr=1 om=0.0156572 lt=3
[DUTY] team=1 ticks=15000 v27종말조준=3.7% v21뱅크예측=61.5333% v17궤도조건=61.9667% v17슬롯적용=51.1733% 상승클램프=0% 강하클램프=21.74% v23b조건=39.4467% v23b실제적용=38.8467%
[ACTIVE] [RED] LeadPredict dist=1266.89 dV=-4.47565 thr=1 om=0.0642374 lt=3
[ACTIVE] [RED] LeadPredict dist=1083.01 dV=18.2626 thr=0.516165 om=0.237945 lt=2.89695
[ACTIVE] [RED] LeadPredict dist=1034.35 dV=-2.10919 thr=1 om=0.110265 lt=3
[ACTIVE] [RED] LeadPredict dist=1006.85 dV=12.1408 thr=1 om=0.0347609 lt=2.77222
[ACTIVE] [RED] LeadPredict dist=880.833 dV=16.5135 thr=0.617394 om=0.23994 lt=2.51649
[ACTIVE] [RED] LeadPredict dist=964.537 dV=-11.7292 thr=0.992558 om=0.0261499 lt=2.97844
[ACTIVE] [RED] LeadPredict dist=992.931 dV=6.0704 thr=1 om=0.225237 lt=2.79525
[ACTIVE] [RED] LeadPredict dist=847.782 dV=22.6353 thr=0.624172 om=0.224502 lt=2.43315
[ACTIVE] [RED] LeadPredict dist=876.175 dV=-4.93863 thr=1 om=0.0058484 lt=0
[ACTIVE] [RED] LeadPredict dist=865.357 dV=6.17328 thr=0.925921 om=0.0249543 lt=0
[DUTY] team=1 ticks=15600 v27종말조준=4.10256% v21뱅크예측=61.2949% v17궤도조건=61.8077% v17슬롯적용=51.4295% 상승클램프=0% 강하클램프=20.9038% v23b조건=39.109% v23b실제적용=38.5321%
[ACTIVE] [RED] LeadPredict dist=852.985 dV=7.81949 thr=0.544806 om=0.486069 lt=2.32355
[ACTIVE] [RED] ClimbOut Z=2460.88
[WOBBLE_FIRE] team=2 losTgt=45.17
[WOBBLE_FIRE] team=2 losTgt=46.38
[WOBBLE_FIRE] team=2 losTgt=48.01
[WOBBLE_FIRE] team=2 losTgt=47.14
[WOBBLE_FIRE] team=2 losTgt=46.41
[WOBBLE_FIRE] team=2 losTgt=47.87
[WOBBLE_FIRE] team=2 losTgt=50.57
[WOBBLE_FIRE] team=2 losTgt=49.73
[WOBBLE_FIRE] team=2 losTgt=46.06
[WOBBLE_FIRE] team=2 losTgt=46.14
[WOBBLE_FIRE] team=2 losTgt=48.54
[WOBBLE_FIRE] team=2 losTgt=47.97
[WOBBLE_FIRE] team=2 losTgt=47.11
[WOBBLE_FIRE] team=2 losTgt=48.40
[WOBBLE_FIRE] team=2 losTgt=47.72
[WOBBLE_FIRE] team=2 losTgt=47.58
[WOBBLE_FIRE] team=2 losTgt=47.26
[WOBBLE_FIRE] team=2 losTgt=47.23
[WOBBLE_FIRE] team=2 losTgt=46.90
[WOBBLE_FIRE] team=2 losTgt=46.14
[WOBBLE_FIRE] team=2 losTgt=46.47
[WOBBLE_FIRE] team=2 losTgt=47.01
[WOBBLE_FIRE] team=2 losTgt=47.07
[WOBBLE_FIRE] team=2 losTgt=46.93
[WOBBLE_FIRE] team=2 losTgt=46.95
[WOBBLE_FIRE] team=2 losTgt=47.06
[WOBBLE_FIRE] team=2 losTgt=47.21
[WOBBLE_FIRE] team=2 losTgt=47.32
[WOBBLE_FIRE] team=2 losTgt=47.42
[WOBBLE_FIRE] team=2 losTgt=47.51
[WOBBLE_FIRE] team=2 losTgt=47.58
[WOBBLE_FIRE] team=2 losTgt=47.56
[WOBBLE_FIRE] team=2 losTgt=47.53
[WOBBLE_FIRE] team=2 losTgt=47.45
[WOBBLE_FIRE] team=2 losTgt=47.29
[ACTIVE] [RED] LeadPredict dist=1007.63 dV=18.1083 thr=0.659591 om=0.176119 lt=2.96279
[WOBBLE_FIRE] team=2 losTgt=47.08
[WOBBLE_FIRE] team=2 losTgt=46.79
[WOBBLE_FIRE] team=2 losTgt=46.40
[WOBBLE_FIRE] team=2 losTgt=45.93
[WOBBLE_FIRE] team=2 losTgt=45.40
[ACTIVE] [RED] LeadPredict dist=891.242 dV=-0.0514526 thr=0.831221 om=0.125202 lt=2.97365
[ACTIVE] [RED] LeadPredict dist=1352.03 dV=-21.2978 thr=1 om=0.254842 lt=3
[ACTIVE] [RED] LeadPredict dist=1250.76 dV=-12.1408 thr=0.795364 om=0.124965 lt=3
[ACTIVE] [RED] LeadPredict dist=1317.06 dV=-5.55597 thr=1 om=0.0139984 lt=3
[ACTIVE] [RED] LeadPredict dist=1278.82 dV=17.5938 thr=1 om=0.233209 lt=3
[ACTIVE] [RED] LeadPredict dist=1098.33 dV=5.60739 thr=0.66287 om=0.139435 lt=3
[ACTIVE] [RED] LeadPredict dist=1146.88 dV=-5.0415 thr=1 om=0.00679675 lt=3
[ACTIVE] [RED] LeadPredict dist=1142.63 dV=-1.90344 thr=1 om=0.275816 lt=3
[DUTY] team=1 ticks=16200 v27종말조준=4.10494% v21뱅크예측=61.0864% v17궤도조건=61.784% v17슬롯적용=51.7901% 상승클램프=0% 강하클램프=20.1296% v23b조건=39.4506% v23b실제적용=38.8951%
[ACTIVE] [RED] LeadPredict dist=1036.57 dV=19.703 thr=0.524692 om=0.237236 lt=2.78769
runner:local/env:0	num_steps=[11999] | total rewards=[1128.6398] | termination= [max time out]
[seed 9] reward=  1128.64 ownHP=1.0000 tgtHP=0.4449 max time out
total: 2
[WOBBLE_FIRE] team=2 losTgt=46.17
[WOBBLE_FIRE] team=2 losTgt=49.41
[WOBBLE_FIRE] team=2 losTgt=52.92
[WOBBLE_FIRE] team=2 losTgt=56.65
[ACTIVE] [RED] LeadPredict dist=712.985 dV=-1.33755 thr=0.817228 om=0.0439846 lt=2.35305
[WOBBLE_FIRE] team=2 losTgt=60.43
[WOBBLE_FIRE] team=2 losTgt=64.21
[WOBBLE_FIRE] team=2 losTgt=67.92
[WOBBLE_FIRE] team=2 losTgt=71.52
[WOBBLE_FIRE] team=2 losTgt=74.94
[WOBBLE_FIRE] team=2 losTgt=78.20
[WOBBLE_FIRE] team=2 losTgt=81.26
[WOBBLE_FIRE] team=2 losTgt=84.12
[WOBBLE_FIRE] team=2 losTgt=86.79
[WOBBLE_FIRE] team=2 losTgt=89.26
[WOBBLE_FIRE] team=2 losTgt=91.53
[WOBBLE_FIRE] team=2 losTgt=93.62
[WOBBLE_FIRE] team=2 losTgt=95.51
[WOBBLE_FIRE] team=2 losTgt=97.23
[WOBBLE_FIRE] team=2 losTgt=98.78
[WOBBLE_FIRE] team=2 losTgt=100.17
[WOBBLE_FIRE] team=2 losTgt=101.41
[WOBBLE_FIRE] team=2 losTgt=102.51
[WOBBLE_FIRE] team=2 losTgt=103.51
[WOBBLE_FIRE] team=2 losTgt=104.38
[WOBBLE_FIRE] team=2 losTgt=105.12
[WOBBLE_FIRE] team=2 losTgt=105.74
[WOBBLE_FIRE] team=2 losTgt=106.24
[WOBBLE_FIRE] team=2 losTgt=106.64
[WOBBLE_FIRE] team=2 losTgt=106.96
[WOBBLE_FIRE] team=2 losTgt=107.20
[WOBBLE_FIRE] team=2 losTgt=107.37
[WOBBLE_FIRE] team=2 losTgt=107.48
[WOBBLE_FIRE] team=2 losTgt=107.52
[WOBBLE_FIRE] team=2 losTgt=107.52
[WOBBLE_FIRE] team=2 losTgt=107.46
[WOBBLE_FIRE] team=2 losTgt=107.36
[WOBBLE_FIRE] team=2 losTgt=107.22
[WOBBLE_FIRE] team=2 losTgt=107.04
[WOBBLE_FIRE] team=2 losTgt=106.83
[WOBBLE_FIRE] team=2 losTgt=106.58
[WOBBLE_FIRE] team=2 losTgt=106.30
[WOBBLE_FIRE] team=2 losTgt=106.00
[WOBBLE_FIRE] team=2 losTgt=105.68
[WOBBLE_FIRE] team=2 losTgt=105.33
[WOBBLE_FIRE] team=2 losTgt=104.96
[WOBBLE_FIRE] team=2 losTgt=104.57
[WOBBLE_FIRE] team=2 losTgt=104.16
[WOBBLE_FIRE] team=2 losTgt=103.74
[WOBBLE_FIRE] team=2 losTgt=103.30
[WOBBLE_FIRE] team=2 losTgt=102.83
[WOBBLE_FIRE] team=2 losTgt=102.34
[WOBBLE_FIRE] team=2 losTgt=101.83
[WOBBLE_FIRE] team=2 losTgt=101.31
[WOBBLE_FIRE] team=2 losTgt=100.76
[WOBBLE_FIRE] team=2 losTgt=100.21
[WOBBLE_FIRE] team=2 losTgt=99.64
[WOBBLE_FIRE] team=2 losTgt=99.06
[WOBBLE_FIRE] team=2 losTgt=98.46
[WOBBLE_FIRE] team=2 losTgt=97.85
[WOBBLE_FIRE] team=2 losTgt=97.24
[WOBBLE_FIRE] team=2 losTgt=96.61
[WOBBLE_FIRE] team=2 losTgt=95.97
[WOBBLE_FIRE] team=2 losTgt=95.32
[WOBBLE_FIRE] team=2 losTgt=94.66
[ACTIVE] [RED] LeadPredict dist=2737.81 dV=14.4557 thr=1 om=0.178493 lt=3
[WOBBLE_FIRE] team=2 losTgt=93.99
[WOBBLE_FIRE] team=2 losTgt=93.31
[WOBBLE_FIRE] team=2 losTgt=92.62
[WOBBLE_FIRE] team=2 losTgt=91.91
[WOBBLE_FIRE] team=2 losTgt=91.20
[WOBBLE_FIRE] team=2 losTgt=90.48
[WOBBLE_FIRE] team=2 losTgt=89.76
[WOBBLE_FIRE] team=2 losTgt=89.02
[WOBBLE_FIRE] team=2 losTgt=88.28
[WOBBLE_FIRE] team=2 losTgt=87.53
[WOBBLE_FIRE] team=2 losTgt=86.77
[WOBBLE_FIRE] team=2 losTgt=86.00
[WOBBLE_FIRE] team=2 losTgt=85.23
[WOBBLE_FIRE] team=2 losTgt=84.45
[WOBBLE_FIRE] team=2 losTgt=83.67
[WOBBLE_FIRE] team=2 losTgt=82.88
[WOBBLE_FIRE] team=2 losTgt=82.08
[WOBBLE_FIRE] team=2 losTgt=81.27
[WOBBLE_FIRE] team=2 losTgt=80.46
[WOBBLE_FIRE] team=2 losTgt=79.65
[WOBBLE_FIRE] team=2 losTgt=78.83
[WOBBLE_FIRE] team=2 losTgt=78.00
[WOBBLE_FIRE] team=2 losTgt=77.17
[WOBBLE_FIRE] team=2 losTgt=76.33
[WOBBLE_FIRE] team=2 losTgt=75.49
[WOBBLE_FIRE] team=2 losTgt=74.64
[WOBBLE_FIRE] team=2 losTgt=73.78
[WOBBLE_FIRE] team=2 losTgt=72.93
[WOBBLE_FIRE] team=2 losTgt=72.06
[WOBBLE_FIRE] team=2 losTgt=71.19
[WOBBLE_FIRE] team=2 losTgt=70.32
[WOBBLE_FIRE] team=2 losTgt=69.44
[WOBBLE_FIRE] team=2 losTgt=68.56
[WOBBLE_FIRE] team=2 losTgt=67.67
[WOBBLE_FIRE] team=2 losTgt=66.78
[WOBBLE_FIRE] team=2 losTgt=65.88
[WOBBLE_FIRE] team=2 losTgt=64.98
[WOBBLE_FIRE] team=2 losTgt=64.07
[WOBBLE_FIRE] team=2 losTgt=63.16
[WOBBLE_FIRE] team=2 losTgt=62.24
[WOBBLE_FIRE] team=2 losTgt=61.32
[WOBBLE_FIRE] team=2 losTgt=60.40
[WOBBLE_FIRE] team=2 losTgt=59.47
[WOBBLE_FIRE] team=2 losTgt=58.54
[WOBBLE_FIRE] team=2 losTgt=57.60
[WOBBLE_FIRE] team=2 losTgt=56.66
[WOBBLE_FIRE] team=2 losTgt=55.71
[WOBBLE_FIRE] team=2 losTgt=54.76
[WOBBLE_FIRE] team=2 losTgt=53.80
[WOBBLE_FIRE] team=2 losTgt=52.84
[WOBBLE_FIRE] team=2 losTgt=51.88
[WOBBLE_FIRE] team=2 losTgt=50.91
[WOBBLE_FIRE] team=2 losTgt=49.94
[WOBBLE_FIRE] team=2 losTgt=48.96
[WOBBLE_FIRE] team=2 losTgt=47.98
[WOBBLE_FIRE] team=2 losTgt=46.99
[WOBBLE_FIRE] team=2 losTgt=46.00
[WOBBLE_FIRE] team=2 losTgt=45.00
[ACTIVE] [RED] LeadPredict dist=2583.41 dV=9.20847 thr=1 om=0.118016 lt=3
[WOBBLE_FIRE] team=2 losTgt=46.10
[WOBBLE_FIRE] team=2 losTgt=50.08
[WOBBLE_FIRE] team=2 losTgt=54.13
[ACTIVE] [RED] LeadPredict dist=766.622 dV=-13.2726 thr=0.607118 om=0.0259725 lt=2.17517
[WOBBLE_FIRE] team=2 losTgt=58.21
[WOBBLE_FIRE] team=2 losTgt=62.07
[WOBBLE_FIRE] team=2 losTgt=65.38
[WOBBLE_FIRE] team=2 losTgt=67.89
[WOBBLE_FIRE] team=2 losTgt=69.76
[WOBBLE_FIRE] team=2 losTgt=71.52
[WOBBLE_FIRE] team=2 losTgt=73.26
[WOBBLE_FIRE] team=2 losTgt=74.88
[WOBBLE_FIRE] team=2 losTgt=76.33
[WOBBLE_FIRE] team=2 losTgt=77.61
[WOBBLE_FIRE] team=2 losTgt=78.72
[WOBBLE_FIRE] team=2 losTgt=79.66
[WOBBLE_FIRE] team=2 losTgt=80.46
[WOBBLE_FIRE] team=2 losTgt=81.09
[WOBBLE_FIRE] team=2 losTgt=81.54
[WOBBLE_FIRE] team=2 losTgt=81.85
[WOBBLE_FIRE] team=2 losTgt=82.03
[WOBBLE_FIRE] team=2 losTgt=82.11
[WOBBLE_FIRE] team=2 losTgt=82.07
[WOBBLE_FIRE] team=2 losTgt=81.95
[WOBBLE_FIRE] team=2 losTgt=81.73
[WOBBLE_FIRE] team=2 losTgt=81.43
[WOBBLE_FIRE] team=2 losTgt=81.06
[WOBBLE_FIRE] team=2 losTgt=80.61
[WOBBLE_FIRE] team=2 losTgt=80.10
[WOBBLE_FIRE] team=2 losTgt=79.53
[WOBBLE_FIRE] team=2 losTgt=78.91
[WOBBLE_FIRE] team=2 losTgt=78.23
[WOBBLE_FIRE] team=2 losTgt=77.50
[WOBBLE_FIRE] team=2 losTgt=76.72
[WOBBLE_FIRE] team=2 losTgt=75.91
[WOBBLE_FIRE] team=2 losTgt=75.05
[WOBBLE_FIRE] team=2 losTgt=74.16
[WOBBLE_FIRE] team=2 losTgt=73.23
[WOBBLE_FIRE] team=2 losTgt=72.26
[WOBBLE_FIRE] team=2 losTgt=71.27
[WOBBLE_FIRE] team=2 losTgt=70.24
[WOBBLE_FIRE] team=2 losTgt=69.19
[WOBBLE_FIRE] team=2 losTgt=68.11
[WOBBLE_FIRE] team=2 losTgt=67.00
[WOBBLE_FIRE] team=2 losTgt=65.86
[WOBBLE_FIRE] team=2 losTgt=64.70
[WOBBLE_FIRE] team=2 losTgt=63.52
[WOBBLE_FIRE] team=2 losTgt=62.30
[WOBBLE_FIRE] team=2 losTgt=61.07
[WOBBLE_FIRE] team=2 losTgt=59.82
[WOBBLE_FIRE] team=2 losTgt=58.54
[WOBBLE_FIRE] team=2 losTgt=57.24
[WOBBLE_FIRE] team=2 losTgt=55.92
[WOBBLE_FIRE] team=2 losTgt=54.57
[WOBBLE_FIRE] team=2 losTgt=53.21
[WOBBLE_FIRE] team=2 losTgt=51.81
[WOBBLE_FIRE] team=2 losTgt=50.40
[WOBBLE_FIRE] team=2 losTgt=48.97
[WOBBLE_FIRE] team=2 losTgt=47.51
[WOBBLE_FIRE] team=2 losTgt=46.03
[ACTIVE] [RED] LeadPredict dist=1832.07 dV=-40.9494 thr=0.650845 om=0.113762 lt=3
[WOBBLE_FIRE] team=2 losTgt=46.68
[WOBBLE_FIRE] team=2 losTgt=48.71
[WOBBLE_FIRE] team=2 losTgt=50.77
[WOBBLE_FIRE] team=2 losTgt=53.00
[WOBBLE_FIRE] team=2 losTgt=55.48
[WOBBLE_FIRE] team=2 losTgt=58.15
[ACTIVE] [RED] ClimbOut Z=2741.16
[WOBBLE_FIRE] team=2 losTgt=60.81
[WOBBLE_FIRE] team=2 losTgt=63.52
[WOBBLE_FIRE] team=2 losTgt=65.75
[WOBBLE_FIRE] team=2 losTgt=67.77
[WOBBLE_FIRE] team=2 losTgt=70.12
[WOBBLE_FIRE] team=2 losTgt=71.81
[WOBBLE_FIRE] team=2 losTgt=73.71
[WOBBLE_FIRE] team=2 losTgt=76.22
[WOBBLE_FIRE] team=2 losTgt=77.89
[WOBBLE_FIRE] team=2 losTgt=77.40
[WOBBLE_FIRE] team=2 losTgt=78.00
[WOBBLE_FIRE] team=2 losTgt=81.08
[WOBBLE_FIRE] team=2 losTgt=83.76
[WOBBLE_FIRE] team=2 losTgt=82.80
[WOBBLE_FIRE] team=2 losTgt=80.90
[ACTIVE] [RED] LeadPredict dist=1502.07 dV=11.0605 thr=0.559018 om=0.423067 lt=3
[WOBBLE_FIRE] team=2 losTgt=83.03
[WOBBLE_FIRE] team=2 losTgt=85.59
[WOBBLE_FIRE] team=2 losTgt=84.74
[WOBBLE_FIRE] team=2 losTgt=84.19
[WOBBLE_FIRE] team=2 losTgt=85.78
[WOBBLE_FIRE] team=2 losTgt=85.58
[WOBBLE_FIRE] team=2 losTgt=85.56
[WOBBLE_FIRE] team=2 losTgt=85.01
[WOBBLE_FIRE] team=2 losTgt=84.27
[WOBBLE_FIRE] team=2 losTgt=83.55
[WOBBLE_FIRE] team=2 losTgt=82.91
[WOBBLE_FIRE] team=2 losTgt=82.30
[WOBBLE_FIRE] team=2 losTgt=81.72
[WOBBLE_FIRE] team=2 losTgt=81.19
[WOBBLE_FIRE] team=2 losTgt=80.70
[WOBBLE_FIRE] team=2 losTgt=80.21
[WOBBLE_FIRE] team=2 losTgt=79.72
[WOBBLE_FIRE] team=2 losTgt=80.27
[WOBBLE_FIRE] team=2 losTgt=83.02
[WOBBLE_FIRE] team=2 losTgt=83.43
[WOBBLE_FIRE] team=2 losTgt=83.88
[WOBBLE_FIRE] team=2 losTgt=83.71
[WOBBLE_FIRE] team=2 losTgt=83.28
[WOBBLE_FIRE] team=2 losTgt=82.78
[WOBBLE_FIRE] team=2 losTgt=82.87
[WOBBLE_FIRE] team=2 losTgt=83.03
[WOBBLE_FIRE] team=2 losTgt=82.74
[WOBBLE_FIRE] team=2 losTgt=81.88
[WOBBLE_FIRE] team=2 losTgt=80.63
[WOBBLE_FIRE] team=2 losTgt=79.48
[WOBBLE_FIRE] team=2 losTgt=78.40
[WOBBLE_FIRE] team=2 losTgt=77.36
[WOBBLE_FIRE] team=2 losTgt=76.35
[WOBBLE_FIRE] team=2 losTgt=75.39
[WOBBLE_FIRE] team=2 losTgt=74.46
[WOBBLE_FIRE] team=2 losTgt=73.54
[WOBBLE_FIRE] team=2 losTgt=72.62
[WOBBLE_FIRE] team=2 losTgt=71.70
[WOBBLE_FIRE] team=2 losTgt=70.78
[WOBBLE_FIRE] team=2 losTgt=69.87
[WOBBLE_FIRE] team=2 losTgt=68.96
[WOBBLE_FIRE] team=2 losTgt=68.04
[WOBBLE_FIRE] team=2 losTgt=67.13
[WOBBLE_FIRE] team=2 losTgt=66.21
[WOBBLE_FIRE] team=2 losTgt=65.29
[WOBBLE_FIRE] team=2 losTgt=64.34
[WOBBLE_FIRE] team=2 losTgt=63.38
[WOBBLE_FIRE] team=2 losTgt=62.41
[WOBBLE_FIRE] team=2 losTgt=61.43
[WOBBLE_FIRE] team=2 losTgt=60.44
[WOBBLE_FIRE] team=2 losTgt=59.43
[WOBBLE_FIRE] team=2 losTgt=58.42
[WOBBLE_FIRE] team=2 losTgt=57.40
[WOBBLE_FIRE] team=2 losTgt=56.37
[WOBBLE_FIRE] team=2 losTgt=55.33
[WOBBLE_FIRE] team=2 losTgt=54.29
[WOBBLE_FIRE] team=2 losTgt=53.23
[WOBBLE_FIRE] team=2 losTgt=52.17
[WOBBLE_FIRE] team=2 losTgt=51.10
[WOBBLE_FIRE] team=2 losTgt=50.02
[WOBBLE_FIRE] team=2 losTgt=48.93
[WOBBLE_FIRE] team=2 losTgt=47.83
[WOBBLE_FIRE] team=2 losTgt=46.73
[WOBBLE_FIRE] team=2 losTgt=45.62
[ACTIVE] [RED] LeadPredict dist=2046.48 dV=24.796 thr=0.673365 om=0.104529 lt=3
[ACTIVE] [RED] LeadPredict dist=941.119 dV=-26.4937 thr=0.828816 om=0.0478941 lt=3
[WOBBLE_FIRE] team=2 losTgt=45.09
[WOBBLE_FIRE] team=2 losTgt=45.42
[WOBBLE_FIRE] team=2 losTgt=45.66
[WOBBLE_FIRE] team=2 losTgt=45.80
[WOBBLE_FIRE] team=2 losTgt=45.86
[WOBBLE_FIRE] team=2 losTgt=45.82
[WOBBLE_FIRE] team=2 losTgt=45.68
[WOBBLE_FIRE] team=2 losTgt=45.44
[WOBBLE_FIRE] team=2 losTgt=45.10
[ACTIVE] [RED] LeadPredict dist=1341.21 dV=-12.2951 thr=1 om=0.221452 lt=3
[DUTY] team=1 ticks=16800 v27종말조준=3.95833% v21뱅크예측=61.8571% v17궤도조건=62.2083% v17슬롯적용=52.3512% 상승클램프=0% 강하클램프=20.1786% v23b조건=40.5774% v23b실제적용=40.0417%
[WOBBLE_FIRE] team=2 losTgt=46.61
[WOBBLE_FIRE] team=2 losTgt=48.69
[WOBBLE_FIRE] team=2 losTgt=50.64
[WOBBLE_FIRE] team=2 losTgt=52.13
[ACTIVE] [RED] ClimbOut Z=2489.27
[WOBBLE_FIRE] team=2 losTgt=52.98
[WOBBLE_FIRE] team=2 losTgt=53.31
[WOBBLE_FIRE] team=2 losTgt=53.39
[WOBBLE_FIRE] team=2 losTgt=53.70
[WOBBLE_FIRE] team=2 losTgt=54.25
[WOBBLE_FIRE] team=2 losTgt=54.95
[WOBBLE_FIRE] team=2 losTgt=55.73
[WOBBLE_FIRE] team=2 losTgt=56.56
[WOBBLE_FIRE] team=2 losTgt=57.39
[WOBBLE_FIRE] team=2 losTgt=58.21
[WOBBLE_FIRE] team=2 losTgt=59.00
[WOBBLE_FIRE] team=2 losTgt=59.77
[WOBBLE_FIRE] team=2 losTgt=60.50
[WOBBLE_FIRE] team=2 losTgt=61.19
[WOBBLE_FIRE] team=2 losTgt=61.84
[WOBBLE_FIRE] team=2 losTgt=62.44
[WOBBLE_FIRE] team=2 losTgt=63.00
[WOBBLE_FIRE] team=2 losTgt=63.51
[WOBBLE_FIRE] team=2 losTgt=63.97
[WOBBLE_FIRE] team=2 losTgt=64.37
[WOBBLE_FIRE] team=2 losTgt=64.71
[WOBBLE_FIRE] team=2 losTgt=65.26
[WOBBLE_FIRE] team=2 losTgt=65.65
[WOBBLE_FIRE] team=2 losTgt=65.48
[WOBBLE_FIRE] team=2 losTgt=64.88
[WOBBLE_FIRE] team=2 losTgt=64.28
[WOBBLE_FIRE] team=2 losTgt=63.71
[WOBBLE_FIRE] team=2 losTgt=63.13
[WOBBLE_FIRE] team=2 losTgt=62.57
[WOBBLE_FIRE] team=2 losTgt=62.03
[WOBBLE_FIRE] team=2 losTgt=61.50
[WOBBLE_FIRE] team=2 losTgt=60.97
[WOBBLE_FIRE] team=2 losTgt=60.42
[WOBBLE_FIRE] team=2 losTgt=59.85
[WOBBLE_FIRE] team=2 losTgt=59.25
[WOBBLE_FIRE] team=2 losTgt=58.63
[WOBBLE_FIRE] team=2 losTgt=57.99
[WOBBLE_FIRE] team=2 losTgt=57.32
[WOBBLE_FIRE] team=2 losTgt=56.64
[WOBBLE_FIRE] team=2 losTgt=55.94
[WOBBLE_FIRE] team=2 losTgt=55.21
[WOBBLE_FIRE] team=2 losTgt=54.45
[WOBBLE_FIRE] team=2 losTgt=53.65
[WOBBLE_FIRE] team=2 losTgt=52.84
[WOBBLE_FIRE] team=2 losTgt=52.00
[WOBBLE_FIRE] team=2 losTgt=51.13
[WOBBLE_FIRE] team=2 losTgt=50.24
[WOBBLE_FIRE] team=2 losTgt=49.33
[WOBBLE_FIRE] team=2 losTgt=48.39
[WOBBLE_FIRE] team=2 losTgt=47.43
[WOBBLE_FIRE] team=2 losTgt=46.45
[WOBBLE_FIRE] team=2 losTgt=45.45
[ACTIVE] [RED] LeadPredict dist=1518.83 dV=45.0649 thr=0.72234 om=0.0203505 lt=3
[ACTIVE] [RED] LeadPredict dist=966.853 dV=-5.60739 thr=1 om=0.0691082 lt=3
[ACTIVE] [RED] LeadPredict dist=1215.19 dV=-8.23105 thr=1 om=0.00838738 lt=3
[ACTIVE] [RED] LeadPredict dist=1230.02 dV=-2.16064 thr=1 om=0.0030093 lt=3
[ACTIVE] [RED] LeadPredict dist=1104.99 dV=10.1859 thr=0.76 om=0.222982 lt=3
[ACTIVE] [RED] LeadPredict dist=1149.57 dV=-19.1886 thr=0.749669 om=0.00878035 lt=3
[ACTIVE] [RED] LeadPredict dist=1114.09 dV=20.166 thr=0.64 om=0.180311 lt=3
[ACTIVE] [RED] LeadPredict dist=1012.7 dV=7.04785 thr=0.724963 om=0.244667 lt=3
[ACTIVE] [RED] LeadPredict dist=1027.21 dV=-8.69403 thr=1 om=0.0292745 lt=3
[ACTIVE] [RED] LeadPredict dist=1038.35 dV=1.95486 thr=1 om=0.00143075 lt=2.98141
[DUTY] team=1 ticks=17400 v27종말조준=3.82184% v21뱅크예측=61.408% v17궤도조건=62.0172% v17슬롯적용=52.5% 상승클램프=0% 강하클램프=19.9885% v23b조건=40.8506% v23b실제적용=40.2701%
[ACTIVE] [RED] LeadPredict dist=950.948 dV=14.3014 thr=0.597061 om=0.233139 lt=2.68017
[ACTIVE] [RED] LeadPredict dist=980.646 dV=-8.69403 thr=1 om=0.0300404 lt=2.92817
[ACTIVE] [RED] LeadPredict dist=984.604 dV=5.9675 thr=1 om=0.0170614 lt=2.70865
[ACTIVE] [RED] LeadPredict dist=926.445 dV=0.257233 thr=0.582193 om=0.252395 lt=2.58561
[ACTIVE] [RED] ClimbOut Z=2468.58
[ACTIVE] [RED] LeadPredict dist=1030.23 dV=11.935 thr=0.661558 om=0.296544 lt=3
[ACTIVE] [RED] LeadPredict dist=985.738 dV=-12.6552 thr=0.850554 om=0.194439 lt=3
[ACTIVE] [RED] LeadPredict dist=930.494 dV=14.3014 thr=0.779185 om=0.274112 lt=2.98277
[ACTIVE] [RED] LeadPredict dist=959.857 dV=-0.82309 thr=1 om=0.0208951 lt=3
[ACTIVE] [RED] LeadPredict dist=937.683 dV=3.24097 thr=1 om=0.0241375 lt=2.77347
[ACTIVE] [RED] LeadPredict dist=986.433 dV=2.67511 thr=0.652376 om=0.225857 lt=2.88604
[DUTY] team=1 ticks=18000 v27종말조준=3.69444% v21뱅크예측=61.55% v17궤도조건=62.2333% v17슬롯적용=53.0333% 상승클램프=0% 강하클램프=19.3222% v23b조건=41.2111% v23b실제적용=40.65%
[ACTIVE] [RED] LeadPredict dist=1121.58 dV=1.49188 thr=0.827035 om=0.266424 lt=3
[ACTIVE] [RED] LeadPredict dist=1070.74 dV=-5.91608 thr=1 om=0.024551 lt=3
[ACTIVE] [RED] LeadPredict dist=976.694 dV=28.1913 thr=0.70616 om=0.237151 lt=2.96742
runner:local/env:0	num_steps=[11999] | total rewards=[937.0131] | termination= [max time out]
[seed 10] reward=   937.01 ownHP=1.0000 tgtHP=0.6701 max time out
total: 2
[WOBBLE_FIRE] team=2 losTgt=150.27
[WOBBLE_FIRE] team=2 losTgt=149.63
[WOBBLE_FIRE] team=2 losTgt=147.42
[WOBBLE_FIRE] team=2 losTgt=144.92
[WOBBLE_FIRE] team=2 losTgt=142.72
[WOBBLE_FIRE] team=2 losTgt=140.79
[WOBBLE_FIRE] team=2 losTgt=139.14
[WOBBLE_FIRE] team=2 losTgt=137.68
[WOBBLE_FIRE] team=2 losTgt=136.33
[WOBBLE_FIRE] team=2 losTgt=135.03
[WOBBLE_FIRE] team=2 losTgt=133.76
[WOBBLE_FIRE] team=2 losTgt=132.53
[WOBBLE_FIRE] team=2 losTgt=131.33
[WOBBLE_FIRE] team=2 losTgt=130.18
[WOBBLE_FIRE] team=2 losTgt=129.07
[WOBBLE_FIRE] team=2 losTgt=127.99
[WOBBLE_FIRE] team=2 losTgt=126.92
[ACTIVE] [RED] LeadPredict dist=2338.67 dV=-1.80054 thr=0.833189 om=0.226977 lt=3
[WOBBLE_FIRE] team=2 losTgt=125.86
[WOBBLE_FIRE] team=2 losTgt=124.80
[WOBBLE_FIRE] team=2 losTgt=123.78
[WOBBLE_FIRE] team=2 losTgt=122.78
[WOBBLE_FIRE] team=2 losTgt=121.81
[WOBBLE_FIRE] team=2 losTgt=120.86
[WOBBLE_FIRE] team=2 losTgt=119.94
[WOBBLE_FIRE] team=2 losTgt=119.04
[WOBBLE_FIRE] team=2 losTgt=118.16
[WOBBLE_FIRE] team=2 losTgt=117.29
[WOBBLE_FIRE] team=2 losTgt=116.43
[WOBBLE_FIRE] team=2 losTgt=115.57
[WOBBLE_FIRE] team=2 losTgt=114.73
[WOBBLE_FIRE] team=2 losTgt=113.91
[WOBBLE_FIRE] team=2 losTgt=113.10
[WOBBLE_FIRE] team=2 losTgt=112.31
[WOBBLE_FIRE] team=2 losTgt=111.53
[WOBBLE_FIRE] team=2 losTgt=110.76
[WOBBLE_FIRE] team=2 losTgt=109.99
[WOBBLE_FIRE] team=2 losTgt=109.23
[WOBBLE_FIRE] team=2 losTgt=108.46
[WOBBLE_FIRE] team=2 losTgt=107.68
[WOBBLE_FIRE] team=2 losTgt=106.89
[WOBBLE_FIRE] team=2 losTgt=106.11
[WOBBLE_FIRE] team=2 losTgt=105.34
[WOBBLE_FIRE] team=2 losTgt=104.61
[WOBBLE_FIRE] team=2 losTgt=103.90
[WOBBLE_FIRE] team=2 losTgt=103.21
[WOBBLE_FIRE] team=2 losTgt=102.54
[WOBBLE_FIRE] team=2 losTgt=101.89
[WOBBLE_FIRE] team=2 losTgt=101.24
[WOBBLE_FIRE] team=2 losTgt=100.58
[WOBBLE_FIRE] team=2 losTgt=99.92
[WOBBLE_FIRE] team=2 losTgt=99.26
[WOBBLE_FIRE] team=2 losTgt=98.60
[WOBBLE_FIRE] team=2 losTgt=97.94
[WOBBLE_FIRE] team=2 losTgt=97.30
[WOBBLE_FIRE] team=2 losTgt=96.66
[WOBBLE_FIRE] team=2 losTgt=96.04
[WOBBLE_FIRE] team=2 losTgt=95.42
[WOBBLE_FIRE] team=2 losTgt=94.82
[WOBBLE_FIRE] team=2 losTgt=94.22
[WOBBLE_FIRE] team=2 losTgt=93.63
[WOBBLE_FIRE] team=2 losTgt=93.05
[WOBBLE_FIRE] team=2 losTgt=92.47
[WOBBLE_FIRE] team=2 losTgt=91.91
[WOBBLE_FIRE] team=2 losTgt=91.35
[WOBBLE_FIRE] team=2 losTgt=90.79
[WOBBLE_FIRE] team=2 losTgt=90.25
[WOBBLE_FIRE] team=2 losTgt=89.70
[WOBBLE_FIRE] team=2 losTgt=89.16
[WOBBLE_FIRE] team=2 losTgt=88.63
[WOBBLE_FIRE] team=2 losTgt=88.10
[WOBBLE_FIRE] team=2 losTgt=87.58
[WOBBLE_FIRE] team=2 losTgt=87.06
[WOBBLE_FIRE] team=2 losTgt=86.55
[WOBBLE_FIRE] team=2 losTgt=86.04
[WOBBLE_FIRE] team=2 losTgt=85.54
[WOBBLE_FIRE] team=2 losTgt=85.04
[WOBBLE_FIRE] team=2 losTgt=84.55
[ACTIVE] [RED] LeadPredict dist=1546.15 dV=-29.7861 thr=0.827941 om=0.119206 lt=3
[WOBBLE_FIRE] team=2 losTgt=84.08
[WOBBLE_FIRE] team=2 losTgt=83.60
[WOBBLE_FIRE] team=2 losTgt=83.12
[WOBBLE_FIRE] team=2 losTgt=82.61
[WOBBLE_FIRE] team=2 losTgt=82.04
[WOBBLE_FIRE] team=2 losTgt=81.43
[WOBBLE_FIRE] team=2 losTgt=80.83
[WOBBLE_FIRE] team=2 losTgt=80.23
[WOBBLE_FIRE] team=2 losTgt=79.61
[WOBBLE_FIRE] team=2 losTgt=78.97
[WOBBLE_FIRE] team=2 losTgt=78.33
[WOBBLE_FIRE] team=2 losTgt=77.70
[WOBBLE_FIRE] team=2 losTgt=77.09
[WOBBLE_FIRE] team=2 losTgt=76.50
[WOBBLE_FIRE] team=2 losTgt=75.91
[WOBBLE_FIRE] team=2 losTgt=75.33
[WOBBLE_FIRE] team=2 losTgt=74.74
[WOBBLE_FIRE] team=2 losTgt=74.16
[WOBBLE_FIRE] team=2 losTgt=73.58
[WOBBLE_FIRE] team=2 losTgt=72.99
[WOBBLE_FIRE] team=2 losTgt=72.40
[WOBBLE_FIRE] team=2 losTgt=71.80
[WOBBLE_FIRE] team=2 losTgt=71.21
[WOBBLE_FIRE] team=2 losTgt=70.60
[WOBBLE_FIRE] team=2 losTgt=70.00
[WOBBLE_FIRE] team=2 losTgt=69.39
[WOBBLE_FIRE] team=2 losTgt=68.79
[WOBBLE_FIRE] team=2 losTgt=68.17
[WOBBLE_FIRE] team=2 losTgt=67.57
[WOBBLE_FIRE] team=2 losTgt=66.95
[WOBBLE_FIRE] team=2 losTgt=66.33
[WOBBLE_FIRE] team=2 losTgt=65.72
[WOBBLE_FIRE] team=2 losTgt=65.10
[WOBBLE_FIRE] team=2 losTgt=64.48
[WOBBLE_FIRE] team=2 losTgt=63.86
[WOBBLE_FIRE] team=2 losTgt=63.22
[WOBBLE_FIRE] team=2 losTgt=62.59
[WOBBLE_FIRE] team=2 losTgt=61.95
[WOBBLE_FIRE] team=2 losTgt=61.30
[WOBBLE_FIRE] team=2 losTgt=60.64
[WOBBLE_FIRE] team=2 losTgt=59.96
[WOBBLE_FIRE] team=2 losTgt=59.27
[WOBBLE_FIRE] team=2 losTgt=58.55
[WOBBLE_FIRE] team=2 losTgt=57.82
[WOBBLE_FIRE] team=2 losTgt=57.03
[WOBBLE_FIRE] team=2 losTgt=56.15
[WOBBLE_FIRE] team=2 losTgt=55.14
[WOBBLE_FIRE] team=2 losTgt=53.85
[WOBBLE_FIRE] team=2 losTgt=52.54
[WOBBLE_FIRE] team=2 losTgt=51.00
[WOBBLE_FIRE] team=2 losTgt=112.63
[WOBBLE_FIRE] team=2 losTgt=115.43
[WOBBLE_FIRE] team=2 losTgt=116.11
[WOBBLE_FIRE] team=2 losTgt=116.17
[WOBBLE_FIRE] team=2 losTgt=116.02
[WOBBLE_FIRE] team=2 losTgt=115.76
[WOBBLE_FIRE] team=2 losTgt=115.47
[WOBBLE_FIRE] team=2 losTgt=115.10
[WOBBLE_FIRE] team=2 losTgt=114.74
[ACTIVE] [RED] LeadPredict dist=351.765 dV=-44.7563 thr=0.763225 om=0.215406 lt=1.1142
[WOBBLE_FIRE] team=2 losTgt=114.38
[WOBBLE_FIRE] team=2 losTgt=113.69
[WOBBLE_FIRE] team=2 losTgt=112.17
[WOBBLE_FIRE] team=2 losTgt=109.90
[WOBBLE_FIRE] team=2 losTgt=107.32
[WOBBLE_FIRE] team=2 losTgt=105.08
[WOBBLE_FIRE] team=2 losTgt=103.29
[WOBBLE_FIRE] team=2 losTgt=101.79
[WOBBLE_FIRE] team=2 losTgt=100.46
[WOBBLE_FIRE] team=2 losTgt=99.21
[WOBBLE_FIRE] team=2 losTgt=97.99
[WOBBLE_FIRE] team=2 losTgt=96.81
[WOBBLE_FIRE] team=2 losTgt=95.64
[WOBBLE_FIRE] team=2 losTgt=94.49
[WOBBLE_FIRE] team=2 losTgt=93.34
[WOBBLE_FIRE] team=2 losTgt=92.19
[WOBBLE_FIRE] team=2 losTgt=91.04
[WOBBLE_FIRE] team=2 losTgt=89.89
[WOBBLE_FIRE] team=2 losTgt=88.72
[WOBBLE_FIRE] team=2 losTgt=87.56
[WOBBLE_FIRE] team=2 losTgt=86.38
[WOBBLE_FIRE] team=2 losTgt=85.20
[WOBBLE_FIRE] team=2 losTgt=84.02
[WOBBLE_FIRE] team=2 losTgt=82.81
[WOBBLE_FIRE] team=2 losTgt=81.62
[WOBBLE_FIRE] team=2 losTgt=80.41
[WOBBLE_FIRE] team=2 losTgt=79.19
[WOBBLE_FIRE] team=2 losTgt=77.97
[WOBBLE_FIRE] team=2 losTgt=76.75
[WOBBLE_FIRE] team=2 losTgt=75.53
[WOBBLE_FIRE] team=2 losTgt=74.30
[WOBBLE_FIRE] team=2 losTgt=73.08
[WOBBLE_FIRE] team=2 losTgt=71.85
[WOBBLE_FIRE] team=2 losTgt=70.62
[WOBBLE_FIRE] team=2 losTgt=69.39
[WOBBLE_FIRE] team=2 losTgt=68.08
[WOBBLE_FIRE] team=2 losTgt=66.69
[WOBBLE_FIRE] team=2 losTgt=65.18
[WOBBLE_FIRE] team=2 losTgt=63.63
[WOBBLE_FIRE] team=2 losTgt=62.08
[WOBBLE_FIRE] team=2 losTgt=60.53
[WOBBLE_FIRE] team=2 losTgt=58.98
[WOBBLE_FIRE] team=2 losTgt=57.44
[WOBBLE_FIRE] team=2 losTgt=55.85
[WOBBLE_FIRE] team=2 losTgt=54.24
[WOBBLE_FIRE] team=2 losTgt=52.59
[WOBBLE_FIRE] team=2 losTgt=50.89
[WOBBLE_FIRE] team=2 losTgt=49.13
[WOBBLE_FIRE] team=2 losTgt=47.31
[WOBBLE_FIRE] team=2 losTgt=45.41
[ACTIVE] [RED] LeadPredict dist=300.789 dV=-16.2049 thr=0.6902 om=0.0409209 lt=0.903557
[WOBBLE_FIRE] team=2 losTgt=48.92
[WOBBLE_FIRE] team=2 losTgt=56.45
[WOBBLE_FIRE] team=2 losTgt=63.29
[WOBBLE_FIRE] team=2 losTgt=69.34
[WOBBLE_FIRE] team=2 losTgt=74.44
[WOBBLE_FIRE] team=2 losTgt=78.73
[WOBBLE_FIRE] team=2 losTgt=82.23
[WOBBLE_FIRE] team=2 losTgt=85.12
[WOBBLE_FIRE] team=2 losTgt=87.34
[WOBBLE_FIRE] team=2 losTgt=88.74
[WOBBLE_FIRE] team=2 losTgt=89.02
[WOBBLE_FIRE] team=2 losTgt=88.58
[WOBBLE_FIRE] team=2 losTgt=87.87
[WOBBLE_FIRE] team=2 losTgt=87.29
[WOBBLE_FIRE] team=2 losTgt=86.78
[WOBBLE_FIRE] team=2 losTgt=86.25
[WOBBLE_FIRE] team=2 losTgt=85.67
[WOBBLE_FIRE] team=2 losTgt=85.03
[WOBBLE_FIRE] team=2 losTgt=84.34
[WOBBLE_FIRE] team=2 losTgt=83.61
[WOBBLE_FIRE] team=2 losTgt=82.83
[WOBBLE_FIRE] team=2 losTgt=82.00
[WOBBLE_FIRE] team=2 losTgt=81.12
[WOBBLE_FIRE] team=2 losTgt=80.20
[WOBBLE_FIRE] team=2 losTgt=79.24
[WOBBLE_FIRE] team=2 losTgt=78.24
[WOBBLE_FIRE] team=2 losTgt=77.21
[WOBBLE_FIRE] team=2 losTgt=76.14
[WOBBLE_FIRE] team=2 losTgt=75.05
[WOBBLE_FIRE] team=2 losTgt=73.92
[WOBBLE_FIRE] team=2 losTgt=72.77
[WOBBLE_FIRE] team=2 losTgt=71.59
[WOBBLE_FIRE] team=2 losTgt=70.38
[WOBBLE_FIRE] team=2 losTgt=69.15
[WOBBLE_FIRE] team=2 losTgt=67.89
[WOBBLE_FIRE] team=2 losTgt=66.60
[WOBBLE_FIRE] team=2 losTgt=65.29
[WOBBLE_FIRE] team=2 losTgt=63.95
[WOBBLE_FIRE] team=2 losTgt=62.59
[WOBBLE_FIRE] team=2 losTgt=61.19
[WOBBLE_FIRE] team=2 losTgt=59.76
[WOBBLE_FIRE] team=2 losTgt=58.30
[WOBBLE_FIRE] team=2 losTgt=56.80
[WOBBLE_FIRE] team=2 losTgt=55.27
[WOBBLE_FIRE] team=2 losTgt=53.68
[WOBBLE_FIRE] team=2 losTgt=52.05
[WOBBLE_FIRE] team=2 losTgt=50.37
[WOBBLE_FIRE] team=2 losTgt=48.63
[WOBBLE_FIRE] team=2 losTgt=46.82
[ACTIVE] [RED] LeadPredict dist=517.236 dV=-11.7807 thr=0.628763 om=0.127002 lt=1.48909
[WOBBLE_FIRE] team=2 losTgt=47.04
[WOBBLE_FIRE] team=2 losTgt=51.93
[WOBBLE_FIRE] team=2 losTgt=56.30
[WOBBLE_FIRE] team=2 losTgt=60.08
[WOBBLE_FIRE] team=2 losTgt=63.21
[WOBBLE_FIRE] team=2 losTgt=65.76
[WOBBLE_FIRE] team=2 losTgt=67.75
[WOBBLE_FIRE] team=2 losTgt=69.31
[WOBBLE_FIRE] team=2 losTgt=70.47
[WOBBLE_FIRE] team=2 losTgt=71.31
[WOBBLE_FIRE] team=2 losTgt=71.89
[WOBBLE_FIRE] team=2 losTgt=72.25
[WOBBLE_FIRE] team=2 losTgt=72.40
[WOBBLE_FIRE] team=2 losTgt=72.37
[WOBBLE_FIRE] team=2 losTgt=72.19
[WOBBLE_FIRE] team=2 losTgt=71.89
[WOBBLE_FIRE] team=2 losTgt=71.46
[WOBBLE_FIRE] team=2 losTgt=71.90
[WOBBLE_FIRE] team=2 losTgt=74.28
[WOBBLE_FIRE] team=2 losTgt=75.37
[WOBBLE_FIRE] team=2 losTgt=76.27
[WOBBLE_FIRE] team=2 losTgt=76.80
[WOBBLE_FIRE] team=2 losTgt=77.24
[WOBBLE_FIRE] team=2 losTgt=77.92
[WOBBLE_FIRE] team=2 losTgt=78.95
[WOBBLE_FIRE] team=2 losTgt=80.10
[WOBBLE_FIRE] team=2 losTgt=81.23
[WOBBLE_FIRE] team=2 losTgt=81.55
[WOBBLE_FIRE] team=2 losTgt=80.76
[WOBBLE_FIRE] team=2 losTgt=81.59
[WOBBLE_FIRE] team=2 losTgt=83.05
[WOBBLE_FIRE] team=2 losTgt=82.83
[WOBBLE_FIRE] team=2 losTgt=81.65
[WOBBLE_FIRE] team=2 losTgt=82.13
[WOBBLE_FIRE] team=2 losTgt=83.31
[WOBBLE_FIRE] team=2 losTgt=83.77
[WOBBLE_FIRE] team=2 losTgt=82.70
[WOBBLE_FIRE] team=2 losTgt=82.19
[WOBBLE_FIRE] team=2 losTgt=82.10
[WOBBLE_FIRE] team=2 losTgt=81.20
[WOBBLE_FIRE] team=2 losTgt=81.28
[WOBBLE_FIRE] team=2 losTgt=81.26
[WOBBLE_FIRE] team=2 losTgt=79.16
[WOBBLE_FIRE] team=2 losTgt=77.49
[WOBBLE_FIRE] team=2 losTgt=75.78
[WOBBLE_FIRE] team=2 losTgt=74.15
[WOBBLE_FIRE] team=2 losTgt=72.52
[WOBBLE_FIRE] team=2 losTgt=71.91
[WOBBLE_FIRE] team=2 losTgt=73.47
[WOBBLE_FIRE] team=2 losTgt=73.64
[WOBBLE_FIRE] team=2 losTgt=74.00
[WOBBLE_FIRE] team=2 losTgt=74.03
[WOBBLE_FIRE] team=2 losTgt=73.87
[WOBBLE_FIRE] team=2 losTgt=73.67
[WOBBLE_FIRE] team=2 losTgt=73.71
[WOBBLE_FIRE] team=2 losTgt=74.09
[WOBBLE_FIRE] team=2 losTgt=73.89
[WOBBLE_FIRE] team=2 losTgt=72.97
[WOBBLE_FIRE] team=2 losTgt=73.37
[WOBBLE_FIRE] team=2 losTgt=74.07
[WOBBLE_FIRE] team=2 losTgt=73.69
[WOBBLE_FIRE] team=2 losTgt=72.65
[WOBBLE_FIRE] team=2 losTgt=72.33
[WOBBLE_FIRE] team=2 losTgt=72.07
[WOBBLE_FIRE] team=2 losTgt=71.47
[WOBBLE_FIRE] team=2 losTgt=70.75
[WOBBLE_FIRE] team=2 losTgt=69.68
[WOBBLE_FIRE] team=2 losTgt=68.15
[WOBBLE_FIRE] team=2 losTgt=66.46
[WOBBLE_FIRE] team=2 losTgt=64.80
[WOBBLE_FIRE] team=2 losTgt=63.21
[ACTIVE] [RED] LeadPredict dist=466.779 dV=7.40793 thr=0.615645 om=0.248241 lt=1.33199
[WOBBLE_FIRE] team=2 losTgt=61.65
[WOBBLE_FIRE] team=2 losTgt=60.07
[WOBBLE_FIRE] team=2 losTgt=58.43
[ACTIVE] [RED] ClimbOut Z=2002.29
[WOBBLE_FIRE] team=2 losTgt=56.69
[WOBBLE_FIRE] team=2 losTgt=55.96
[WOBBLE_FIRE] team=2 losTgt=57.57
[WOBBLE_FIRE] team=2 losTgt=57.74
[WOBBLE_FIRE] team=2 losTgt=58.27
[WOBBLE_FIRE] team=2 losTgt=58.57
[WOBBLE_FIRE] team=2 losTgt=58.84
[WOBBLE_FIRE] team=2 losTgt=59.23
[WOBBLE_FIRE] team=2 losTgt=60.12
[WOBBLE_FIRE] team=2 losTgt=61.91
[WOBBLE_FIRE] team=2 losTgt=65.27
[WOBBLE_FIRE] team=2 losTgt=70.66
[WOBBLE_FIRE] team=2 losTgt=77.63
[WOBBLE_FIRE] team=2 losTgt=84.74
[WOBBLE_FIRE] team=2 losTgt=90.74
[WOBBLE_FIRE] team=2 losTgt=95.24
[WOBBLE_FIRE] team=2 losTgt=98.39
[WOBBLE_FIRE] team=2 losTgt=100.56
[WOBBLE_FIRE] team=2 losTgt=102.00
[WOBBLE_FIRE] team=2 losTgt=102.91
[WOBBLE_FIRE] team=2 losTgt=103.45
[WOBBLE_FIRE] team=2 losTgt=103.69
[WOBBLE_FIRE] team=2 losTgt=103.75
[WOBBLE_FIRE] team=2 losTgt=103.61
[WOBBLE_FIRE] team=2 losTgt=103.34
[WOBBLE_FIRE] team=2 losTgt=102.97
[WOBBLE_FIRE] team=2 losTgt=102.53
[WOBBLE_FIRE] team=2 losTgt=102.04
[WOBBLE_FIRE] team=2 losTgt=101.49
[WOBBLE_FIRE] team=2 losTgt=100.92
[WOBBLE_FIRE] team=2 losTgt=100.31
[WOBBLE_FIRE] team=2 losTgt=99.68
[WOBBLE_FIRE] team=2 losTgt=99.02
[WOBBLE_FIRE] team=2 losTgt=98.34
[WOBBLE_FIRE] team=2 losTgt=97.65
[WOBBLE_FIRE] team=2 losTgt=96.92
[WOBBLE_FIRE] team=2 losTgt=96.18
[WOBBLE_FIRE] team=2 losTgt=95.41
[WOBBLE_FIRE] team=2 losTgt=94.62
[WOBBLE_FIRE] team=2 losTgt=93.81
[WOBBLE_FIRE] team=2 losTgt=92.96
[WOBBLE_FIRE] team=2 losTgt=92.08
[WOBBLE_FIRE] team=2 losTgt=91.15
[WOBBLE_FIRE] team=2 losTgt=90.21
[WOBBLE_FIRE] team=2 losTgt=89.22
[WOBBLE_FIRE] team=2 losTgt=88.19
[WOBBLE_FIRE] team=2 losTgt=87.12
[WOBBLE_FIRE] team=2 losTgt=86.01
[WOBBLE_FIRE] team=2 losTgt=84.91
[WOBBLE_FIRE] team=2 losTgt=83.83
[WOBBLE_FIRE] team=2 losTgt=82.72
[WOBBLE_FIRE] team=2 losTgt=81.64
[WOBBLE_FIRE] team=2 losTgt=80.56
[WOBBLE_FIRE] team=2 losTgt=79.45
[WOBBLE_FIRE] team=2 losTgt=78.32
[WOBBLE_FIRE] team=2 losTgt=77.16
[WOBBLE_FIRE] team=2 losTgt=76.03
[WOBBLE_FIRE] team=2 losTgt=74.89
[WOBBLE_FIRE] team=2 losTgt=73.70
[WOBBLE_FIRE] team=2 losTgt=72.49
[WOBBLE_FIRE] team=2 losTgt=71.23
[WOBBLE_FIRE] team=2 losTgt=69.93
[WOBBLE_FIRE] team=2 losTgt=68.60
[WOBBLE_FIRE] team=2 losTgt=67.26
[WOBBLE_FIRE] team=2 losTgt=65.93
[ACTIVE] [RED] LeadPredict dist=914.07 dV=15.7933 thr=0.806515 om=0.265385 lt=2.99179
[DUTY] team=1 ticks=18600 v27종말조준=3.59677% v21뱅크예측=62.1237% v17궤도조건=63.0054% v17슬롯적용=52.8548% 상승클램프=0% 강하클램프=19.5% v23b조건=42.6075% v23b실제적용=41.8871%
[WOBBLE_FIRE] team=2 losTgt=64.57
[WOBBLE_FIRE] team=2 losTgt=63.22
[WOBBLE_FIRE] team=2 losTgt=61.85
[WOBBLE_FIRE] team=2 losTgt=60.47
[WOBBLE_FIRE] team=2 losTgt=59.08
[WOBBLE_FIRE] team=2 losTgt=57.68
[WOBBLE_FIRE] team=2 losTgt=56.26
[WOBBLE_FIRE] team=2 losTgt=54.82
[WOBBLE_FIRE] team=2 losTgt=53.36
[WOBBLE_FIRE] team=2 losTgt=51.85
[WOBBLE_FIRE] team=2 losTgt=50.32
[WOBBLE_FIRE] team=2 losTgt=48.75
[WOBBLE_FIRE] team=2 losTgt=47.11
[WOBBLE_FIRE] team=2 losTgt=45.41
[WOBBLE_FIRE] team=2 losTgt=46.50
[WOBBLE_FIRE] team=2 losTgt=58.65
[WOBBLE_FIRE] team=2 losTgt=69.25
[WOBBLE_FIRE] team=2 losTgt=77.88
[WOBBLE_FIRE] team=2 losTgt=84.66
[WOBBLE_FIRE] team=2 losTgt=89.94
[WOBBLE_FIRE] team=2 losTgt=94.00
[WOBBLE_FIRE] team=2 losTgt=96.87
[WOBBLE_FIRE] team=2 losTgt=98.29
[WOBBLE_FIRE] team=2 losTgt=98.35
[WOBBLE_FIRE] team=2 losTgt=97.62
[WOBBLE_FIRE] team=2 losTgt=96.69
[WOBBLE_FIRE] team=2 losTgt=95.72
[WOBBLE_FIRE] team=2 losTgt=94.76
[WOBBLE_FIRE] team=2 losTgt=93.78
[WOBBLE_FIRE] team=2 losTgt=92.76
[WOBBLE_FIRE] team=2 losTgt=91.69
[WOBBLE_FIRE] team=2 losTgt=90.57
[WOBBLE_FIRE] team=2 losTgt=89.40
[WOBBLE_FIRE] team=2 losTgt=88.17
[WOBBLE_FIRE] team=2 losTgt=86.90
[WOBBLE_FIRE] team=2 losTgt=85.58
[WOBBLE_FIRE] team=2 losTgt=84.23
[WOBBLE_FIRE] team=2 losTgt=82.83
[WOBBLE_FIRE] team=2 losTgt=81.39
[WOBBLE_FIRE] team=2 losTgt=79.92
[WOBBLE_FIRE] team=2 losTgt=78.41
[WOBBLE_FIRE] team=2 losTgt=76.87
[ACTIVE] [RED] LeadPredict dist=727.61 dV=-2.31497 thr=1 om=0.261564 lt=2.81299
[WOBBLE_FIRE] team=2 losTgt=75.29
[WOBBLE_FIRE] team=2 losTgt=73.68
[WOBBLE_FIRE] team=2 losTgt=72.06
[WOBBLE_FIRE] team=2 losTgt=70.45
[WOBBLE_FIRE] team=2 losTgt=68.83
[WOBBLE_FIRE] team=2 losTgt=67.22
[WOBBLE_FIRE] team=2 losTgt=65.58
[WOBBLE_FIRE] team=2 losTgt=63.93
[WOBBLE_FIRE] team=2 losTgt=62.29
[WOBBLE_FIRE] team=2 losTgt=60.64
[WOBBLE_FIRE] team=2 losTgt=58.99
[WOBBLE_FIRE] team=2 losTgt=57.32
[WOBBLE_FIRE] team=2 losTgt=55.63
[WOBBLE_FIRE] team=2 losTgt=53.92
[WOBBLE_FIRE] team=2 losTgt=52.19
[WOBBLE_FIRE] team=2 losTgt=50.44
[WOBBLE_FIRE] team=2 losTgt=48.66
[WOBBLE_FIRE] team=2 losTgt=46.86
[WOBBLE_FIRE] team=2 losTgt=45.02
[WOBBLE_FIRE] team=2 losTgt=50.13
[WOBBLE_FIRE] team=2 losTgt=54.93
[WOBBLE_FIRE] team=2 losTgt=59.06
[WOBBLE_FIRE] team=2 losTgt=62.55
[WOBBLE_FIRE] team=2 losTgt=65.41
[WOBBLE_FIRE] team=2 losTgt=67.74
[WOBBLE_FIRE] team=2 losTgt=69.64
[WOBBLE_FIRE] team=2 losTgt=71.17
[WOBBLE_FIRE] team=2 losTgt=72.37
[WOBBLE_FIRE] team=2 losTgt=73.33
[WOBBLE_FIRE] team=2 losTgt=74.05
[WOBBLE_FIRE] team=2 losTgt=74.59
[ACTIVE] [RED] LeadPredict dist=368.18 dV=18.88 thr=0.696465 om=0.140511 lt=1.58024
[WOBBLE_FIRE] team=2 losTgt=74.97
[WOBBLE_FIRE] team=2 losTgt=75.21
[WOBBLE_FIRE] team=2 losTgt=75.32
[WOBBLE_FIRE] team=2 losTgt=75.31
[WOBBLE_FIRE] team=2 losTgt=75.20
[WOBBLE_FIRE] team=2 losTgt=75.02
[WOBBLE_FIRE] team=2 losTgt=74.75
[WOBBLE_FIRE] team=2 losTgt=74.42
[WOBBLE_FIRE] team=2 losTgt=74.01
[WOBBLE_FIRE] team=2 losTgt=73.55
[WOBBLE_FIRE] team=2 losTgt=73.05
[WOBBLE_FIRE] team=2 losTgt=72.49
[WOBBLE_FIRE] team=2 losTgt=71.91
[WOBBLE_FIRE] team=2 losTgt=71.28
[WOBBLE_FIRE] team=2 losTgt=70.63
[WOBBLE_FIRE] team=2 losTgt=69.95
[WOBBLE_FIRE] team=2 losTgt=69.24
[WOBBLE_FIRE] team=2 losTgt=68.52
[WOBBLE_FIRE] team=2 losTgt=67.77
[WOBBLE_FIRE] team=2 losTgt=67.01
[WOBBLE_FIRE] team=2 losTgt=66.24
[WOBBLE_FIRE] team=2 losTgt=65.45
[WOBBLE_FIRE] team=2 losTgt=64.66
[WOBBLE_FIRE] team=2 losTgt=63.86
[WOBBLE_FIRE] team=2 losTgt=63.06
[WOBBLE_FIRE] team=2 losTgt=62.25
[WOBBLE_FIRE] team=2 losTgt=61.40
[WOBBLE_FIRE] team=2 losTgt=60.51
[WOBBLE_FIRE] team=2 losTgt=59.56
[WOBBLE_FIRE] team=2 losTgt=58.54
[WOBBLE_FIRE] team=2 losTgt=57.47
[WOBBLE_FIRE] team=2 losTgt=56.37
[WOBBLE_FIRE] team=2 losTgt=55.26
[WOBBLE_FIRE] team=2 losTgt=54.13
[WOBBLE_FIRE] team=2 losTgt=53.01
[WOBBLE_FIRE] team=2 losTgt=51.86
[WOBBLE_FIRE] team=2 losTgt=50.69
[WOBBLE_FIRE] team=2 losTgt=49.50
[WOBBLE_FIRE] team=2 losTgt=48.28
[WOBBLE_FIRE] team=2 losTgt=47.03
[WOBBLE_FIRE] team=2 losTgt=45.78
[ACTIVE] [RED] LeadPredict dist=186.989 dV=0.925995 thr=0.868888 om=0.0974486 lt=1.0213
[WOBBLE_FIRE] team=2 losTgt=46.00
[WOBBLE_FIRE] team=2 losTgt=59.77
[WOBBLE_FIRE] team=2 losTgt=72.72
[WOBBLE_FIRE] team=2 losTgt=83.51
[WOBBLE_FIRE] team=2 losTgt=91.96
[WOBBLE_FIRE] team=2 losTgt=98.46
[WOBBLE_FIRE] team=2 losTgt=103.39
[WOBBLE_FIRE] team=2 losTgt=107.21
[WOBBLE_FIRE] team=2 losTgt=110.12
[WOBBLE_FIRE] team=2 losTgt=112.35
[WOBBLE_FIRE] team=2 losTgt=114.09
[WOBBLE_FIRE] team=2 losTgt=115.45
[WOBBLE_FIRE] team=2 losTgt=116.52
[WOBBLE_FIRE] team=2 losTgt=117.33
[WOBBLE_FIRE] team=2 losTgt=117.96
[WOBBLE_FIRE] team=2 losTgt=118.43
[WOBBLE_FIRE] team=2 losTgt=118.78
[WOBBLE_FIRE] team=2 losTgt=119.04
[WOBBLE_FIRE] team=2 losTgt=119.23
[WOBBLE_FIRE] team=2 losTgt=119.37
[WOBBLE_FIRE] team=2 losTgt=119.48
[WOBBLE_FIRE] team=2 losTgt=119.59
[WOBBLE_FIRE] team=2 losTgt=119.70
[WOBBLE_FIRE] team=2 losTgt=119.81
[WOBBLE_FIRE] team=2 losTgt=119.91
[WOBBLE_FIRE] team=2 losTgt=119.89
[WOBBLE_FIRE] team=2 losTgt=119.64
[WOBBLE_FIRE] team=2 losTgt=119.03
[WOBBLE_FIRE] team=2 losTgt=118.01
[WOBBLE_FIRE] team=2 losTgt=116.54
[WOBBLE_FIRE] team=2 losTgt=114.70
[WOBBLE_FIRE] team=2 losTgt=112.70
[WOBBLE_FIRE] team=2 losTgt=110.71
[WOBBLE_FIRE] team=2 losTgt=108.83
[WOBBLE_FIRE] team=2 losTgt=107.10
[WOBBLE_FIRE] team=2 losTgt=105.52
[WOBBLE_FIRE] team=2 losTgt=104.07
[WOBBLE_FIRE] team=2 losTgt=102.73
[WOBBLE_FIRE] team=2 losTgt=101.49
[WOBBLE_FIRE] team=2 losTgt=100.33
[WOBBLE_FIRE] team=2 losTgt=99.25
[WOBBLE_FIRE] team=2 losTgt=98.23
[WOBBLE_FIRE] team=2 losTgt=97.25
[WOBBLE_FIRE] team=2 losTgt=96.31
[WOBBLE_FIRE] team=2 losTgt=95.39
[WOBBLE_FIRE] team=2 losTgt=94.49
[WOBBLE_FIRE] team=2 losTgt=93.61
[WOBBLE_FIRE] team=2 losTgt=92.72
[WOBBLE_FIRE] team=2 losTgt=91.84
[WOBBLE_FIRE] team=2 losTgt=90.96
[WOBBLE_FIRE] team=2 losTgt=90.07
[WOBBLE_FIRE] team=2 losTgt=89.18
[WOBBLE_FIRE] team=2 losTgt=88.28
[ACTIVE] [RED] LeadPredict dist=1051.53 dV=-4.42418 thr=1 om=0.122263 lt=3
[WOBBLE_FIRE] team=2 losTgt=87.38
[WOBBLE_FIRE] team=2 losTgt=86.46
[WOBBLE_FIRE] team=2 losTgt=85.54
[WOBBLE_FIRE] team=2 losTgt=84.60
[WOBBLE_FIRE] team=2 losTgt=83.66
[WOBBLE_FIRE] team=2 losTgt=82.72
[WOBBLE_FIRE] team=2 losTgt=81.76
[WOBBLE_FIRE] team=2 losTgt=80.81
[WOBBLE_FIRE] team=2 losTgt=79.86
[WOBBLE_FIRE] team=2 losTgt=78.90
[WOBBLE_FIRE] team=2 losTgt=77.94
[WOBBLE_FIRE] team=2 losTgt=76.99
[WOBBLE_FIRE] team=2 losTgt=76.03
[WOBBLE_FIRE] team=2 losTgt=75.08
[WOBBLE_FIRE] team=2 losTgt=74.12
[WOBBLE_FIRE] team=2 losTgt=73.15
[WOBBLE_FIRE] team=2 losTgt=72.19
[WOBBLE_FIRE] team=2 losTgt=71.23
[WOBBLE_FIRE] team=2 losTgt=70.28
[WOBBLE_FIRE] team=2 losTgt=69.32
[WOBBLE_FIRE] team=2 losTgt=68.36
[WOBBLE_FIRE] team=2 losTgt=67.41
[WOBBLE_FIRE] team=2 losTgt=66.45
[WOBBLE_FIRE] team=2 losTgt=65.49
[WOBBLE_FIRE] team=2 losTgt=64.52
[WOBBLE_FIRE] team=2 losTgt=63.55
[WOBBLE_FIRE] team=2 losTgt=62.57
[WOBBLE_FIRE] team=2 losTgt=61.60
[WOBBLE_FIRE] team=2 losTgt=60.62
[WOBBLE_FIRE] team=2 losTgt=59.63
[WOBBLE_FIRE] team=2 losTgt=58.63
[WOBBLE_FIRE] team=2 losTgt=57.64
[WOBBLE_FIRE] team=2 losTgt=56.63
[WOBBLE_FIRE] team=2 losTgt=55.63
[WOBBLE_FIRE] team=2 losTgt=54.62
[WOBBLE_FIRE] team=2 losTgt=53.59
[WOBBLE_FIRE] team=2 losTgt=52.57
[WOBBLE_FIRE] team=2 losTgt=51.54
[WOBBLE_FIRE] team=2 losTgt=50.50
[WOBBLE_FIRE] team=2 losTgt=49.46
[WOBBLE_FIRE] team=2 losTgt=48.41
[WOBBLE_FIRE] team=2 losTgt=47.35
[WOBBLE_FIRE] team=2 losTgt=46.28
[WOBBLE_FIRE] team=2 losTgt=45.21
[ACTIVE] [RED] LeadPredict dist=903.13 dV=1.18321 thr=0.992 om=0.0982613 lt=3
[WOBBLE_FIRE] team=2 losTgt=45.23
[WOBBLE_FIRE] team=2 losTgt=47.31
[WOBBLE_FIRE] team=2 losTgt=49.44
[WOBBLE_FIRE] team=2 losTgt=51.60
[WOBBLE_FIRE] team=2 losTgt=53.83
[WOBBLE_FIRE] team=2 losTgt=56.13
[WOBBLE_FIRE] team=2 losTgt=58.49
[WOBBLE_FIRE] team=2 losTgt=60.91
[WOBBLE_FIRE] team=2 losTgt=63.36
[WOBBLE_FIRE] team=2 losTgt=65.85
[WOBBLE_FIRE] team=2 losTgt=68.35
[WOBBLE_FIRE] team=2 losTgt=70.84
[WOBBLE_FIRE] team=2 losTgt=73.33
[WOBBLE_FIRE] team=2 losTgt=75.73
[WOBBLE_FIRE] team=2 losTgt=78.02
[WOBBLE_FIRE] team=2 losTgt=80.11
[WOBBLE_FIRE] team=2 losTgt=81.93
[WOBBLE_FIRE] team=2 losTgt=83.42
[WOBBLE_FIRE] team=2 losTgt=84.51
[WOBBLE_FIRE] team=2 losTgt=85.15
[WOBBLE_FIRE] team=2 losTgt=85.38
[WOBBLE_FIRE] team=2 losTgt=85.37
[WOBBLE_FIRE] team=2 losTgt=85.24
[WOBBLE_FIRE] team=2 losTgt=85.08
[ACTIVE] [RED] LeadPredict dist=600.544 dV=18.5198 thr=0.777762 om=0.0519174 lt=3
[WOBBLE_FIRE] team=2 losTgt=84.94
[WOBBLE_FIRE] team=2 losTgt=84.84
[WOBBLE_FIRE] team=2 losTgt=84.80
[WOBBLE_FIRE] team=2 losTgt=84.83
[WOBBLE_FIRE] team=2 losTgt=84.91
[WOBBLE_FIRE] team=2 losTgt=85.07
[WOBBLE_FIRE] team=2 losTgt=85.27
[WOBBLE_FIRE] team=2 losTgt=85.51
[WOBBLE_FIRE] team=2 losTgt=85.77
[WOBBLE_FIRE] team=2 losTgt=86.03
[WOBBLE_FIRE] team=2 losTgt=86.28
[WOBBLE_FIRE] team=2 losTgt=86.51
[WOBBLE_FIRE] team=2 losTgt=86.71
[WOBBLE_FIRE] team=2 losTgt=86.87
[WOBBLE_FIRE] team=2 losTgt=87.00
[WOBBLE_FIRE] team=2 losTgt=87.08
[WOBBLE_FIRE] team=2 losTgt=87.13
[WOBBLE_FIRE] team=2 losTgt=87.13
[WOBBLE_FIRE] team=2 losTgt=87.09
[WOBBLE_FIRE] team=2 losTgt=87.02
[WOBBLE_FIRE] team=2 losTgt=86.91
[WOBBLE_FIRE] team=2 losTgt=86.77
[WOBBLE_FIRE] team=2 losTgt=86.59
[WOBBLE_FIRE] team=2 losTgt=86.38
[WOBBLE_FIRE] team=2 losTgt=86.16
[WOBBLE_FIRE] team=2 losTgt=85.91
[WOBBLE_FIRE] team=2 losTgt=85.63
[WOBBLE_FIRE] team=2 losTgt=85.33
[WOBBLE_FIRE] team=2 losTgt=85.01
[WOBBLE_FIRE] team=2 losTgt=84.67
[WOBBLE_FIRE] team=2 losTgt=84.31
[WOBBLE_FIRE] team=2 losTgt=83.93
[WOBBLE_FIRE] team=2 losTgt=83.53
[WOBBLE_FIRE] team=2 losTgt=83.11
[WOBBLE_FIRE] team=2 losTgt=82.68
[WOBBLE_FIRE] team=2 losTgt=82.23
[WOBBLE_FIRE] team=2 losTgt=81.77
[WOBBLE_FIRE] team=2 losTgt=81.29
[WOBBLE_FIRE] team=2 losTgt=80.80
[WOBBLE_FIRE] team=2 losTgt=80.29
[WOBBLE_FIRE] team=2 losTgt=79.78
[WOBBLE_FIRE] team=2 losTgt=79.25
[WOBBLE_FIRE] team=2 losTgt=78.71
[WOBBLE_FIRE] team=2 losTgt=78.16
[WOBBLE_FIRE] team=2 losTgt=77.60
[WOBBLE_FIRE] team=2 losTgt=77.03
[WOBBLE_FIRE] team=2 losTgt=76.45
[WOBBLE_FIRE] team=2 losTgt=75.86
[WOBBLE_FIRE] team=2 losTgt=75.27
[WOBBLE_FIRE] team=2 losTgt=74.66
[WOBBLE_FIRE] team=2 losTgt=74.04
[WOBBLE_FIRE] team=2 losTgt=73.41
[WOBBLE_FIRE] team=2 losTgt=72.76
[WOBBLE_FIRE] team=2 losTgt=72.11
[WOBBLE_FIRE] team=2 losTgt=71.46
[WOBBLE_FIRE] team=2 losTgt=70.81
[WOBBLE_FIRE] team=2 losTgt=70.14
[WOBBLE_FIRE] team=2 losTgt=69.48
[WOBBLE_FIRE] team=2 losTgt=68.81
[WOBBLE_FIRE] team=2 losTgt=68.13
[ACTIVE] [RED] LeadPredict dist=1351.83 dV=13.3754 thr=1 om=0.162348 lt=3
[WOBBLE_FIRE] team=2 losTgt=67.44
[WOBBLE_FIRE] team=2 losTgt=66.75
[WOBBLE_FIRE] team=2 losTgt=66.04
[WOBBLE_FIRE] team=2 losTgt=65.32
[WOBBLE_FIRE] team=2 losTgt=64.60
[WOBBLE_FIRE] team=2 losTgt=63.87
[WOBBLE_FIRE] team=2 losTgt=63.13
[WOBBLE_FIRE] team=2 losTgt=62.39
[WOBBLE_FIRE] team=2 losTgt=61.66
[WOBBLE_FIRE] team=2 losTgt=60.91
[WOBBLE_FIRE] team=2 losTgt=60.16
[WOBBLE_FIRE] team=2 losTgt=59.41
[WOBBLE_FIRE] team=2 losTgt=58.66
[WOBBLE_FIRE] team=2 losTgt=57.90
[WOBBLE_FIRE] team=2 losTgt=57.13
[WOBBLE_FIRE] team=2 losTgt=56.36
[WOBBLE_FIRE] team=2 losTgt=55.58
[WOBBLE_FIRE] team=2 losTgt=54.81
[WOBBLE_FIRE] team=2 losTgt=54.02
[WOBBLE_FIRE] team=2 losTgt=53.23
[WOBBLE_FIRE] team=2 losTgt=52.43
[WOBBLE_FIRE] team=2 losTgt=51.63
[WOBBLE_FIRE] team=2 losTgt=50.83
[WOBBLE_FIRE] team=2 losTgt=50.02
[WOBBLE_FIRE] team=2 losTgt=49.19
[WOBBLE_FIRE] team=2 losTgt=48.37
[WOBBLE_FIRE] team=2 losTgt=47.53
[WOBBLE_FIRE] team=2 losTgt=46.68
[WOBBLE_FIRE] team=2 losTgt=45.83
[ACTIVE] [RED] LeadPredict dist=678.055 dV=-7.97382 thr=1 om=0.0249473 lt=3
[WOBBLE_FIRE] team=2 losTgt=45.12
[WOBBLE_FIRE] team=2 losTgt=48.58
[WOBBLE_FIRE] team=2 losTgt=52.05
[WOBBLE_FIRE] team=2 losTgt=55.47
[WOBBLE_FIRE] team=2 losTgt=58.78
[WOBBLE_FIRE] team=2 losTgt=61.99
[WOBBLE_FIRE] team=2 losTgt=65.00
[WOBBLE_FIRE] team=2 losTgt=67.81
[WOBBLE_FIRE] team=2 losTgt=70.46
[WOBBLE_FIRE] team=2 losTgt=72.92
[WOBBLE_FIRE] team=2 losTgt=75.21
[WOBBLE_FIRE] team=2 losTgt=77.34
[WOBBLE_FIRE] team=2 losTgt=79.33
[WOBBLE_FIRE] team=2 losTgt=81.07
[WOBBLE_FIRE] team=2 losTgt=82.41
[WOBBLE_FIRE] team=2 losTgt=83.13
[WOBBLE_FIRE] team=2 losTgt=83.06
[WOBBLE_FIRE] team=2 losTgt=82.28
[WOBBLE_FIRE] team=2 losTgt=81.11
[WOBBLE_FIRE] team=2 losTgt=79.81
[WOBBLE_FIRE] team=2 losTgt=78.58
[WOBBLE_FIRE] team=2 losTgt=77.48
[WOBBLE_FIRE] team=2 losTgt=76.49
[WOBBLE_FIRE] team=2 losTgt=75.57
[WOBBLE_FIRE] team=2 losTgt=74.71
[WOBBLE_FIRE] team=2 losTgt=73.87
[WOBBLE_FIRE] team=2 losTgt=73.06
[WOBBLE_FIRE] team=2 losTgt=72.27
[WOBBLE_FIRE] team=2 losTgt=71.47
[WOBBLE_FIRE] team=2 losTgt=70.68
[WOBBLE_FIRE] team=2 losTgt=69.87
[WOBBLE_FIRE] team=2 losTgt=69.04
[WOBBLE_FIRE] team=2 losTgt=68.22
[WOBBLE_FIRE] team=2 losTgt=67.36
[WOBBLE_FIRE] team=2 losTgt=66.49
[ACTIVE] [RED] LeadPredict dist=799.846 dV=3.54964 thr=0.957404 om=0.186848 lt=3
[WOBBLE_FIRE] team=2 losTgt=65.61
[WOBBLE_FIRE] team=2 losTgt=64.69
[WOBBLE_FIRE] team=2 losTgt=63.76
[WOBBLE_FIRE] team=2 losTgt=62.80
[WOBBLE_FIRE] team=2 losTgt=61.82
[WOBBLE_FIRE] team=2 losTgt=60.82
[WOBBLE_FIRE] team=2 losTgt=59.80
[WOBBLE_FIRE] team=2 losTgt=58.75
[WOBBLE_FIRE] team=2 losTgt=57.67
[WOBBLE_FIRE] team=2 losTgt=56.57
[WOBBLE_FIRE] team=2 losTgt=55.45
[WOBBLE_FIRE] team=2 losTgt=54.30
[WOBBLE_FIRE] team=2 losTgt=53.13
[WOBBLE_FIRE] team=2 losTgt=51.93
[WOBBLE_FIRE] team=2 losTgt=50.71
[WOBBLE_FIRE] team=2 losTgt=49.47
[WOBBLE_FIRE] team=2 losTgt=48.20
[WOBBLE_FIRE] team=2 losTgt=46.90
[WOBBLE_FIRE] team=2 losTgt=45.58
[ACTIVE] [RED] LeadPredict dist=353.802 dV=11.4206 thr=0.810141 om=0.0106946 lt=1.43279
[DUTY] team=1 ticks=19200 v27종말조준=3.60938% v21뱅크예측=62.5156% v17궤도조건=63.4271% v17슬롯적용=52.6719% 상승클램프=0% 강하클램프=19.2135% v23b조건=41.3438% v23b실제적용=40.6458%
[WOBBLE_FIRE] team=2 losTgt=47.75
[WOBBLE_FIRE] team=2 losTgt=50.99
[WOBBLE_FIRE] team=2 losTgt=54.36
[WOBBLE_FIRE] team=2 losTgt=57.70
[WOBBLE_FIRE] team=2 losTgt=60.56
[WOBBLE_FIRE] team=2 losTgt=62.51
[WOBBLE_FIRE] team=2 losTgt=63.22
[WOBBLE_FIRE] team=2 losTgt=63.08
[WOBBLE_FIRE] team=2 losTgt=62.88
[WOBBLE_FIRE] team=2 losTgt=62.81
[WOBBLE_FIRE] team=2 losTgt=62.90
[WOBBLE_FIRE] team=2 losTgt=63.08
[WOBBLE_FIRE] team=2 losTgt=63.31
[WOBBLE_FIRE] team=2 losTgt=63.49
[WOBBLE_FIRE] team=2 losTgt=63.62
[WOBBLE_FIRE] team=2 losTgt=63.68
[WOBBLE_FIRE] team=2 losTgt=63.68
[WOBBLE_FIRE] team=2 losTgt=63.62
[WOBBLE_FIRE] team=2 losTgt=63.49
[WOBBLE_FIRE] team=2 losTgt=63.29
[WOBBLE_FIRE] team=2 losTgt=63.00
[WOBBLE_FIRE] team=2 losTgt=62.64
[WOBBLE_FIRE] team=2 losTgt=62.20
[WOBBLE_FIRE] team=2 losTgt=61.71
[WOBBLE_FIRE] team=2 losTgt=61.15
[WOBBLE_FIRE] team=2 losTgt=60.54
[WOBBLE_FIRE] team=2 losTgt=59.88
[WOBBLE_FIRE] team=2 losTgt=59.17
[WOBBLE_FIRE] team=2 losTgt=58.41
[WOBBLE_FIRE] team=2 losTgt=57.62
[WOBBLE_FIRE] team=2 losTgt=56.78
[WOBBLE_FIRE] team=2 losTgt=55.90
[WOBBLE_FIRE] team=2 losTgt=54.99
[WOBBLE_FIRE] team=2 losTgt=54.03
[WOBBLE_FIRE] team=2 losTgt=53.04
[WOBBLE_FIRE] team=2 losTgt=52.01
[WOBBLE_FIRE] team=2 losTgt=50.95
[WOBBLE_FIRE] team=2 losTgt=49.86
[WOBBLE_FIRE] team=2 losTgt=48.72
[WOBBLE_FIRE] team=2 losTgt=47.56
[WOBBLE_FIRE] team=2 losTgt=46.37
[WOBBLE_FIRE] team=2 losTgt=45.13
[ACTIVE] [RED] LeadPredict dist=529.705 dV=4.83572 thr=0.941971 om=0.0398564 lt=1.98014
[ACTIVE] [RED] LeadPredict dist=365.547 dV=4.37274 thr=0.827527 om=0.156164 lt=1.23
[WOBBLE_FIRE] team=2 losTgt=45.52
[WOBBLE_FIRE] team=2 losTgt=46.41
[WOBBLE_FIRE] team=2 losTgt=47.48
[ACTIVE] [RED] LeadPredict dist=393.072 dV=4.83575 thr=0.689325 om=0.10752 lt=1.18004
[WOBBLE_FIRE] team=2 losTgt=48.49
[WOBBLE_FIRE] team=2 losTgt=49.26
[WOBBLE_FIRE] team=2 losTgt=49.70
[WOBBLE_FIRE] team=2 losTgt=49.85
[WOBBLE_FIRE] team=2 losTgt=49.78
[WOBBLE_FIRE] team=2 losTgt=49.52
[WOBBLE_FIRE] team=2 losTgt=49.15
[WOBBLE_FIRE] team=2 losTgt=48.67
[WOBBLE_FIRE] team=2 losTgt=48.14
[WOBBLE_FIRE] team=2 losTgt=47.57
[WOBBLE_FIRE] team=2 losTgt=46.96
[WOBBLE_FIRE] team=2 losTgt=46.51
[WOBBLE_FIRE] team=2 losTgt=46.07
[WOBBLE_FIRE] team=2 losTgt=45.47
[ACTIVE] [RED] LeadPredict dist=235.324 dV=17.028 thr=0.627014 om=0.0306543 lt=0.676682
[ACTIVE] [RED] LeadPredict dist=154.909 dV=9.92868 thr=0.668118 om=0.158391 lt=0.458188
[WOBBLE_FIRE] team=2 losTgt=45.76
[WOBBLE_FIRE] team=2 losTgt=47.11
[WOBBLE_FIRE] team=2 losTgt=48.01
[WOBBLE_FIRE] team=2 losTgt=48.56
[WOBBLE_FIRE] team=2 losTgt=48.78
[WOBBLE_FIRE] team=2 losTgt=48.72
[WOBBLE_FIRE] team=2 losTgt=48.44
[WOBBLE_FIRE] team=2 losTgt=47.99
[WOBBLE_FIRE] team=2 losTgt=47.38
[WOBBLE_FIRE] team=2 losTgt=46.71
[WOBBLE_FIRE] team=2 losTgt=45.85
[ACTIVE] [RED] LeadPredict dist=89.2376 dV=12.0379 thr=0.555545 om=0.0178166 lt=0.214044
[WOBBLE_FIRE] team=2 losTgt=46.85
[WOBBLE_FIRE] team=2 losTgt=48.23
[WOBBLE_FIRE] team=2 losTgt=49.21
[WOBBLE_FIRE] team=2 losTgt=49.85
[WOBBLE_FIRE] team=2 losTgt=50.16
[WOBBLE_FIRE] team=2 losTgt=50.26
[WOBBLE_FIRE] team=2 losTgt=49.95
[WOBBLE_FIRE] team=2 losTgt=49.34
[WOBBLE_FIRE] team=2 losTgt=48.36
[WOBBLE_FIRE] team=2 losTgt=47.09
[WOBBLE_FIRE] team=2 losTgt=45.53
[WOBBLE_FIRE] team=2 losTgt=45.35
[WOBBLE_FIRE] team=2 losTgt=49.77
[WOBBLE_FIRE] team=2 losTgt=53.60
[WOBBLE_FIRE] team=2 losTgt=56.84
[WOBBLE_FIRE] team=2 losTgt=59.34
[WOBBLE_FIRE] team=2 losTgt=61.23
[WOBBLE_FIRE] team=2 losTgt=62.69
[WOBBLE_FIRE] team=2 losTgt=63.78
[WOBBLE_FIRE] team=2 losTgt=64.48
[WOBBLE_FIRE] team=2 losTgt=65.02
[WOBBLE_FIRE] team=2 losTgt=65.46
[WOBBLE_FIRE] team=2 losTgt=65.77
[WOBBLE_FIRE] team=2 losTgt=66.08
[WOBBLE_FIRE] team=2 losTgt=66.31
[WOBBLE_FIRE] team=2 losTgt=66.57
[WOBBLE_FIRE] team=2 losTgt=66.79
[WOBBLE_FIRE] team=2 losTgt=66.91
[WOBBLE_FIRE] team=2 losTgt=67.00
[WOBBLE_FIRE] team=2 losTgt=67.06
[WOBBLE_FIRE] team=2 losTgt=67.11
[WOBBLE_FIRE] team=2 losTgt=67.15
[ACTIVE] [RED] LeadPredict dist=166.208 dV=5.14438 thr=0.689107 om=0.223601 lt=0.498895
[WOBBLE_FIRE] team=2 losTgt=67.17
[WOBBLE_FIRE] team=2 losTgt=67.08
[WOBBLE_FIRE] team=2 losTgt=66.97
[WOBBLE_FIRE] team=2 losTgt=66.82
[WOBBLE_FIRE] team=2 losTgt=66.60
[WOBBLE_FIRE] team=2 losTgt=66.36
[WOBBLE_FIRE] team=2 losTgt=66.09
[WOBBLE_FIRE] team=2 losTgt=65.79
[WOBBLE_FIRE] team=2 losTgt=65.45
[WOBBLE_FIRE] team=2 losTgt=65.09
[WOBBLE_FIRE] team=2 losTgt=64.73
[WOBBLE_FIRE] team=2 losTgt=64.29
[WOBBLE_FIRE] team=2 losTgt=63.84
[WOBBLE_FIRE] team=2 losTgt=63.38
[WOBBLE_FIRE] team=2 losTgt=62.90
[WOBBLE_FIRE] team=2 losTgt=62.37
[WOBBLE_FIRE] team=2 losTgt=61.78
[WOBBLE_FIRE] team=2 losTgt=61.10
[WOBBLE_FIRE] team=2 losTgt=60.33
[WOBBLE_FIRE] team=2 losTgt=59.46
[WOBBLE_FIRE] team=2 losTgt=58.49
[WOBBLE_FIRE] team=2 losTgt=57.42
[WOBBLE_FIRE] team=2 losTgt=56.26
[WOBBLE_FIRE] team=2 losTgt=55.02
[WOBBLE_FIRE] team=2 losTgt=53.61
[WOBBLE_FIRE] team=2 losTgt=52.09
[WOBBLE_FIRE] team=2 losTgt=50.46
[WOBBLE_FIRE] team=2 losTgt=48.67
[WOBBLE_FIRE] team=2 losTgt=46.74
[ACTIVE] [RED] LeadPredict dist=146.388 dV=6.12183 thr=0.66488 om=0.265031 lt=0.489352
[ACTIVE] [RED] LeadPredict dist=96.8682 dV=17.3366 thr=0.55 om=0.0942726 lt=0.357642
[WOBBLE_FIRE] team=2 losTgt=45.54
[WOBBLE_FIRE] team=2 losTgt=46.63
[WOBBLE_FIRE] team=2 losTgt=47.41
[WOBBLE_FIRE] team=2 losTgt=47.85
[WOBBLE_FIRE] team=2 losTgt=47.91
[WOBBLE_FIRE] team=2 losTgt=47.65
[WOBBLE_FIRE] team=2 losTgt=47.03
[WOBBLE_FIRE] team=2 losTgt=46.04
[WOBBLE_FIRE] team=2 losTgt=49.45
[WOBBLE_FIRE] team=2 losTgt=55.81
[WOBBLE_FIRE] team=2 losTgt=59.96
[WOBBLE_FIRE] team=2 losTgt=62.01
[WOBBLE_FIRE] team=2 losTgt=62.84
[WOBBLE_FIRE] team=2 losTgt=63.20
[WOBBLE_FIRE] team=2 losTgt=63.25
[WOBBLE_FIRE] team=2 losTgt=63.06
[WOBBLE_FIRE] team=2 losTgt=62.62
[WOBBLE_FIRE] team=2 losTgt=61.96
[WOBBLE_FIRE] team=2 losTgt=61.15
[WOBBLE_FIRE] team=2 losTgt=60.13
[WOBBLE_FIRE] team=2 losTgt=58.95
[WOBBLE_FIRE] team=2 losTgt=57.64
[WOBBLE_FIRE] team=2 losTgt=56.19
[WOBBLE_FIRE] team=2 losTgt=54.62
[WOBBLE_FIRE] team=2 losTgt=52.92
[WOBBLE_FIRE] team=2 losTgt=51.08
[WOBBLE_FIRE] team=2 losTgt=49.05
[ACTIVE] [RED] LeadPredict dist=144.659 dV=-3.39531 thr=0.740744 om=0.34993 lt=0.615444
[DUTY] team=1 ticks=19800 v27종말조준=3.82828% v21뱅크예측=61.9697% v17궤도조건=63.2374% v17슬롯적용=51.4899% 상승클램프=0% 강하클램프=19.9343% v23b조건=41.7374% v23b실제적용=40.4596%
[WOBBLE_FIRE] team=2 losTgt=46.84
[WOBBLE_FIRE] team=2 losTgt=53.46
[WOBBLE_FIRE] team=2 losTgt=60.95
[WOBBLE_FIRE] team=2 losTgt=67.12
[WOBBLE_FIRE] team=2 losTgt=72.19
[WOBBLE_FIRE] team=2 losTgt=76.33
[WOBBLE_FIRE] team=2 losTgt=79.74
[WOBBLE_FIRE] team=2 losTgt=82.67
[WOBBLE_FIRE] team=2 losTgt=85.18
[WOBBLE_FIRE] team=2 losTgt=87.30
[WOBBLE_FIRE] team=2 losTgt=88.86
[WOBBLE_FIRE] team=2 losTgt=89.64
[WOBBLE_FIRE] team=2 losTgt=89.56
[WOBBLE_FIRE] team=2 losTgt=88.74
[WOBBLE_FIRE] team=2 losTgt=87.54
[WOBBLE_FIRE] team=2 losTgt=86.28
[WOBBLE_FIRE] team=2 losTgt=85.12
[WOBBLE_FIRE] team=2 losTgt=83.99
[WOBBLE_FIRE] team=2 losTgt=82.90
[WOBBLE_FIRE] team=2 losTgt=81.85
[WOBBLE_FIRE] team=2 losTgt=80.82
[WOBBLE_FIRE] team=2 losTgt=79.79
[WOBBLE_FIRE] team=2 losTgt=78.79
[WOBBLE_FIRE] team=2 losTgt=77.81
[WOBBLE_FIRE] team=2 losTgt=76.83
[WOBBLE_FIRE] team=2 losTgt=75.90
[WOBBLE_FIRE] team=2 losTgt=74.96
[WOBBLE_FIRE] team=2 losTgt=74.04
[WOBBLE_FIRE] team=2 losTgt=73.14
[WOBBLE_FIRE] team=2 losTgt=72.24
[WOBBLE_FIRE] team=2 losTgt=71.36
[WOBBLE_FIRE] team=2 losTgt=70.52
[WOBBLE_FIRE] team=2 losTgt=69.69
[WOBBLE_FIRE] team=2 losTgt=68.88
[WOBBLE_FIRE] team=2 losTgt=68.14
[WOBBLE_FIRE] team=2 losTgt=67.42
[WOBBLE_FIRE] team=2 losTgt=66.71
[WOBBLE_FIRE] team=2 losTgt=66.04
[WOBBLE_FIRE] team=2 losTgt=65.45
[WOBBLE_FIRE] team=2 losTgt=64.86
[WOBBLE_FIRE] team=2 losTgt=64.36
[WOBBLE_FIRE] team=2 losTgt=64.09
[WOBBLE_FIRE] team=2 losTgt=64.45
[ACTIVE] [RED] LeadPredict dist=100.56 dV=0.411545 thr=0.781946 om=0.0649976 lt=0.442053
[WOBBLE_FIRE] team=2 losTgt=65.81
[WOBBLE_FIRE] team=2 losTgt=67.68
[WOBBLE_FIRE] team=2 losTgt=69.93
[WOBBLE_FIRE] team=2 losTgt=72.94
[WOBBLE_FIRE] team=2 losTgt=77.85
[WOBBLE_FIRE] team=2 losTgt=89.38
[WOBBLE_FIRE] team=2 losTgt=125.29
[WOBBLE_FIRE] team=2 losTgt=155.39
[WOBBLE_FIRE] team=2 losTgt=143.49
[WOBBLE_FIRE] team=2 losTgt=136.28
[WOBBLE_FIRE] team=2 losTgt=131.91
[WOBBLE_FIRE] team=2 losTgt=128.76
[WOBBLE_FIRE] team=2 losTgt=126.35
[WOBBLE_FIRE] team=2 losTgt=124.24
[WOBBLE_FIRE] team=2 losTgt=122.33
[WOBBLE_FIRE] team=2 losTgt=120.55
[WOBBLE_FIRE] team=2 losTgt=118.84
[WOBBLE_FIRE] team=2 losTgt=117.30
[WOBBLE_FIRE] team=2 losTgt=115.85
[WOBBLE_FIRE] team=2 losTgt=114.31
[WOBBLE_FIRE] team=2 losTgt=112.59
[WOBBLE_FIRE] team=2 losTgt=110.51
[WOBBLE_FIRE] team=2 losTgt=107.86
[WOBBLE_FIRE] team=2 losTgt=104.89
[WOBBLE_FIRE] team=2 losTgt=101.94
[WOBBLE_FIRE] team=2 losTgt=99.20
[WOBBLE_FIRE] team=2 losTgt=96.71
[WOBBLE_FIRE] team=2 losTgt=94.48
[WOBBLE_FIRE] team=2 losTgt=92.45
[WOBBLE_FIRE] team=2 losTgt=90.55
[WOBBLE_FIRE] team=2 losTgt=88.77
[WOBBLE_FIRE] team=2 losTgt=87.06
[WOBBLE_FIRE] team=2 losTgt=85.43
[WOBBLE_FIRE] team=2 losTgt=83.85
[WOBBLE_FIRE] team=2 losTgt=82.32
[WOBBLE_FIRE] team=2 losTgt=80.84
[WOBBLE_FIRE] team=2 losTgt=79.41
[WOBBLE_FIRE] team=2 losTgt=78.01
[WOBBLE_FIRE] team=2 losTgt=76.65
[WOBBLE_FIRE] team=2 losTgt=75.29
[WOBBLE_FIRE] team=2 losTgt=73.96
[WOBBLE_FIRE] team=2 losTgt=72.66
[WOBBLE_FIRE] team=2 losTgt=71.39
[WOBBLE_FIRE] team=2 losTgt=70.14
[WOBBLE_FIRE] team=2 losTgt=68.89
[WOBBLE_FIRE] team=2 losTgt=67.68
[WOBBLE_FIRE] team=2 losTgt=66.51
[WOBBLE_FIRE] team=2 losTgt=65.37
[WOBBLE_FIRE] team=2 losTgt=64.28
[WOBBLE_FIRE] team=2 losTgt=63.34
[WOBBLE_FIRE] team=2 losTgt=62.66
[WOBBLE_FIRE] team=2 losTgt=62.16
[WOBBLE_FIRE] team=2 losTgt=61.74
[WOBBLE_FIRE] team=2 losTgt=61.47
[WOBBLE_FIRE] team=2 losTgt=61.47
[WOBBLE_FIRE] team=2 losTgt=61.78
[WOBBLE_FIRE] team=2 losTgt=62.31
[WOBBLE_FIRE] team=2 losTgt=62.61
[WOBBLE_FIRE] team=2 losTgt=62.58
[WOBBLE_FIRE] team=2 losTgt=62.34
[WOBBLE_FIRE] team=2 losTgt=62.30
[ACTIVE] [RED] LeadPredict dist=81.7521 dV=6.89349 thr=0.782563 om=0.0822115 lt=0.359943
[WOBBLE_FIRE] team=2 losTgt=62.71
[WOBBLE_FIRE] team=2 losTgt=64.00
[WOBBLE_FIRE] team=2 losTgt=67.31
[WOBBLE_FIRE] team=2 losTgt=77.83
[WOBBLE_FIRE] team=2 losTgt=133.57
[WOBBLE_FIRE] team=2 losTgt=146.50
[WOBBLE_FIRE] team=2 losTgt=138.37
[WOBBLE_FIRE] team=2 losTgt=134.37
[WOBBLE_FIRE] team=2 losTgt=131.97
[WOBBLE_FIRE] team=2 losTgt=130.27
[WOBBLE_FIRE] team=2 losTgt=129.07
[WOBBLE_FIRE] team=2 losTgt=128.13
[WOBBLE_FIRE] team=2 losTgt=127.45
[WOBBLE_FIRE] team=2 losTgt=126.68
[WOBBLE_FIRE] team=2 losTgt=125.62
[WOBBLE_FIRE] team=2 losTgt=123.96
[WOBBLE_FIRE] team=2 losTgt=121.74
[WOBBLE_FIRE] team=2 losTgt=119.14
[WOBBLE_FIRE] team=2 losTgt=116.59
[WOBBLE_FIRE] team=2 losTgt=114.32
[WOBBLE_FIRE] team=2 losTgt=112.31
[WOBBLE_FIRE] team=2 losTgt=110.52
[WOBBLE_FIRE] team=2 losTgt=108.87
[WOBBLE_FIRE] team=2 losTgt=107.34
[WOBBLE_FIRE] team=2 losTgt=105.89
[WOBBLE_FIRE] team=2 losTgt=104.52
[WOBBLE_FIRE] team=2 losTgt=103.20
[WOBBLE_FIRE] team=2 losTgt=101.91
[WOBBLE_FIRE] team=2 losTgt=100.62
[WOBBLE_FIRE] team=2 losTgt=99.34
[WOBBLE_FIRE] team=2 losTgt=98.08
[WOBBLE_FIRE] team=2 losTgt=96.83
[WOBBLE_FIRE] team=2 losTgt=95.60
[WOBBLE_FIRE] team=2 losTgt=94.39
[WOBBLE_FIRE] team=2 losTgt=93.21
[WOBBLE_FIRE] team=2 losTgt=92.02
[WOBBLE_FIRE] team=2 losTgt=90.84
[WOBBLE_FIRE] team=2 losTgt=89.68
[WOBBLE_FIRE] team=2 losTgt=88.51
[WOBBLE_FIRE] team=2 losTgt=87.35
[WOBBLE_FIRE] team=2 losTgt=86.20
[WOBBLE_FIRE] team=2 losTgt=85.05
[WOBBLE_FIRE] team=2 losTgt=83.90
[WOBBLE_FIRE] team=2 losTgt=82.76
[WOBBLE_FIRE] team=2 losTgt=81.63
[WOBBLE_FIRE] team=2 losTgt=80.50
[WOBBLE_FIRE] team=2 losTgt=79.38
[WOBBLE_FIRE] team=2 losTgt=78.27
[WOBBLE_FIRE] team=2 losTgt=77.17
[WOBBLE_FIRE] team=2 losTgt=76.07
[WOBBLE_FIRE] team=2 losTgt=74.98
[WOBBLE_FIRE] team=2 losTgt=73.90
[WOBBLE_FIRE] team=2 losTgt=72.84
[WOBBLE_FIRE] team=2 losTgt=71.78
[WOBBLE_FIRE] team=2 losTgt=70.76
[WOBBLE_FIRE] team=2 losTgt=69.75
[WOBBLE_FIRE] team=2 losTgt=68.70
[WOBBLE_FIRE] team=2 losTgt=67.59
[WOBBLE_FIRE] team=2 losTgt=66.50
[WOBBLE_FIRE] team=2 losTgt=65.42
[ACTIVE] [RED] LeadPredict dist=577.793 dV=2.98375 thr=0.964195 om=0.156286 lt=2.58552
[WOBBLE_FIRE] team=2 losTgt=64.36
[WOBBLE_FIRE] team=2 losTgt=63.33
[WOBBLE_FIRE] team=2 losTgt=62.30
[WOBBLE_FIRE] team=2 losTgt=61.24
[WOBBLE_FIRE] team=2 losTgt=60.16
[WOBBLE_FIRE] team=2 losTgt=59.04
[WOBBLE_FIRE] team=2 losTgt=57.90
[WOBBLE_FIRE] team=2 losTgt=56.75
[WOBBLE_FIRE] team=2 losTgt=55.58
[WOBBLE_FIRE] team=2 losTgt=54.40
[WOBBLE_FIRE] team=2 losTgt=53.20
[WOBBLE_FIRE] team=2 losTgt=51.97
[WOBBLE_FIRE] team=2 losTgt=50.70
[WOBBLE_FIRE] team=2 losTgt=49.37
[WOBBLE_FIRE] team=2 losTgt=47.99
[WOBBLE_FIRE] team=2 losTgt=46.56
[WOBBLE_FIRE] team=2 losTgt=45.03
[WOBBLE_FIRE] team=2 losTgt=54.34
[WOBBLE_FIRE] team=2 losTgt=76.47
[WOBBLE_FIRE] team=2 losTgt=89.77
[WOBBLE_FIRE] team=2 losTgt=97.51
[WOBBLE_FIRE] team=2 losTgt=102.26
[WOBBLE_FIRE] team=2 losTgt=105.37
[WOBBLE_FIRE] team=2 losTgt=107.47
[WOBBLE_FIRE] team=2 losTgt=108.91
[WOBBLE_FIRE] team=2 losTgt=109.77
[WOBBLE_FIRE] team=2 losTgt=109.93
[WOBBLE_FIRE] team=2 losTgt=109.38
[WOBBLE_FIRE] team=2 losTgt=108.10
[WOBBLE_FIRE] team=2 losTgt=106.30
[WOBBLE_FIRE] team=2 losTgt=104.36
[WOBBLE_FIRE] team=2 losTgt=102.44
[WOBBLE_FIRE] team=2 losTgt=100.64
[WOBBLE_FIRE] team=2 losTgt=98.98
[WOBBLE_FIRE] team=2 losTgt=97.40
[WOBBLE_FIRE] team=2 losTgt=95.89
[WOBBLE_FIRE] team=2 losTgt=94.43
[WOBBLE_FIRE] team=2 losTgt=93.00
[WOBBLE_FIRE] team=2 losTgt=91.61
[WOBBLE_FIRE] team=2 losTgt=90.24
[WOBBLE_FIRE] team=2 losTgt=88.91
[WOBBLE_FIRE] team=2 losTgt=87.58
[WOBBLE_FIRE] team=2 losTgt=86.28
[WOBBLE_FIRE] team=2 losTgt=84.98
[WOBBLE_FIRE] team=2 losTgt=83.68
[WOBBLE_FIRE] team=2 losTgt=82.38
[WOBBLE_FIRE] team=2 losTgt=81.07
[ACTIVE] [RED] LeadPredict dist=655.163 dV=-22.5325 thr=1 om=0.267509 lt=2.93647
[WOBBLE_FIRE] team=2 losTgt=79.78
[WOBBLE_FIRE] team=2 losTgt=78.46
[WOBBLE_FIRE] team=2 losTgt=77.13
[WOBBLE_FIRE] team=2 losTgt=75.79
[WOBBLE_FIRE] team=2 losTgt=74.46
[WOBBLE_FIRE] team=2 losTgt=73.11
[WOBBLE_FIRE] team=2 losTgt=71.75
[WOBBLE_FIRE] team=2 losTgt=70.39
[WOBBLE_FIRE] team=2 losTgt=69.02
[WOBBLE_FIRE] team=2 losTgt=67.64
[WOBBLE_FIRE] team=2 losTgt=66.25
[WOBBLE_FIRE] team=2 losTgt=64.85
[WOBBLE_FIRE] team=2 losTgt=63.46
[WOBBLE_FIRE] team=2 losTgt=62.04
[WOBBLE_FIRE] team=2 losTgt=60.59
[WOBBLE_FIRE] team=2 losTgt=59.11
[WOBBLE_FIRE] team=2 losTgt=57.61
[WOBBLE_FIRE] team=2 losTgt=56.12
[WOBBLE_FIRE] team=2 losTgt=54.61
[WOBBLE_FIRE] team=2 losTgt=53.10
[WOBBLE_FIRE] team=2 losTgt=51.57
[WOBBLE_FIRE] team=2 losTgt=50.04
[WOBBLE_FIRE] team=2 losTgt=48.47
[WOBBLE_FIRE] team=2 losTgt=46.89
[WOBBLE_FIRE] team=2 losTgt=45.29
[WOBBLE_FIRE] team=2 losTgt=50.68
[WOBBLE_FIRE] team=2 losTgt=57.09
[WOBBLE_FIRE] team=2 losTgt=63.38
[WOBBLE_FIRE] team=2 losTgt=69.30
[WOBBLE_FIRE] team=2 losTgt=74.70
[WOBBLE_FIRE] team=2 losTgt=79.49
[WOBBLE_FIRE] team=2 losTgt=83.62
[WOBBLE_FIRE] team=2 losTgt=87.11
[WOBBLE_FIRE] team=2 losTgt=90.06
[WOBBLE_FIRE] team=2 losTgt=92.68
[ACTIVE] [RED] LeadPredict dist=341.778 dV=27.9855 thr=0.78953 om=0.312311 lt=1.34952
[WOBBLE_FIRE] team=2 losTgt=94.99
[WOBBLE_FIRE] team=2 losTgt=96.78
[WOBBLE_FIRE] team=2 losTgt=97.59
[WOBBLE_FIRE] team=2 losTgt=97.22
[WOBBLE_FIRE] team=2 losTgt=96.06
[WOBBLE_FIRE] team=2 losTgt=94.73
[WOBBLE_FIRE] team=2 losTgt=93.53
[WOBBLE_FIRE] team=2 losTgt=92.52
[WOBBLE_FIRE] team=2 losTgt=91.64
[WOBBLE_FIRE] team=2 losTgt=90.83
[WOBBLE_FIRE] team=2 losTgt=90.05
[WOBBLE_FIRE] team=2 losTgt=89.28
[WOBBLE_FIRE] team=2 losTgt=88.50
[WOBBLE_FIRE] team=2 losTgt=87.71
[WOBBLE_FIRE] team=2 losTgt=86.92
[WOBBLE_FIRE] team=2 losTgt=86.12
[WOBBLE_FIRE] team=2 losTgt=85.30
[WOBBLE_FIRE] team=2 losTgt=84.46
[WOBBLE_FIRE] team=2 losTgt=83.61
[WOBBLE_FIRE] team=2 losTgt=82.73
[WOBBLE_FIRE] team=2 losTgt=81.84
[WOBBLE_FIRE] team=2 losTgt=80.92
[WOBBLE_FIRE] team=2 losTgt=79.99
[WOBBLE_FIRE] team=2 losTgt=79.05
[WOBBLE_FIRE] team=2 losTgt=78.10
[WOBBLE_FIRE] team=2 losTgt=77.11
[WOBBLE_FIRE] team=2 losTgt=76.13
[WOBBLE_FIRE] team=2 losTgt=75.13
[WOBBLE_FIRE] team=2 losTgt=74.12
[WOBBLE_FIRE] team=2 losTgt=73.09
[WOBBLE_FIRE] team=2 losTgt=72.06
[WOBBLE_FIRE] team=2 losTgt=71.02
[WOBBLE_FIRE] team=2 losTgt=69.96
[WOBBLE_FIRE] team=2 losTgt=68.91
[WOBBLE_FIRE] team=2 losTgt=67.83
[WOBBLE_FIRE] team=2 losTgt=66.74
[WOBBLE_FIRE] team=2 losTgt=65.64
[WOBBLE_FIRE] team=2 losTgt=64.54
[WOBBLE_FIRE] team=2 losTgt=63.43
[WOBBLE_FIRE] team=2 losTgt=62.32
[WOBBLE_FIRE] team=2 losTgt=61.19
[WOBBLE_FIRE] team=2 losTgt=60.05
[WOBBLE_FIRE] team=2 losTgt=58.90
[WOBBLE_FIRE] team=2 losTgt=57.73
[WOBBLE_FIRE] team=2 losTgt=56.55
[WOBBLE_FIRE] team=2 losTgt=55.35
[WOBBLE_FIRE] team=2 losTgt=54.12
[WOBBLE_FIRE] team=2 losTgt=52.87
[WOBBLE_FIRE] team=2 losTgt=51.59
[WOBBLE_FIRE] team=2 losTgt=50.27
[WOBBLE_FIRE] team=2 losTgt=48.92
[WOBBLE_FIRE] team=2 losTgt=47.51
[WOBBLE_FIRE] team=2 losTgt=46.07
[ACTIVE] [RED] LeadPredict dist=348.172 dV=2.72653 thr=0.909329 om=0.0859311 lt=1.37365
[WOBBLE_FIRE] team=2 losTgt=45.54
[WOBBLE_FIRE] team=2 losTgt=57.72
[WOBBLE_FIRE] team=2 losTgt=67.19
[WOBBLE_FIRE] team=2 losTgt=73.50
[WOBBLE_FIRE] team=2 losTgt=77.57
[WOBBLE_FIRE] team=2 losTgt=80.10
[WOBBLE_FIRE] team=2 losTgt=81.72
[WOBBLE_FIRE] team=2 losTgt=82.63
[WOBBLE_FIRE] team=2 losTgt=83.07
[WOBBLE_FIRE] team=2 losTgt=83.14
[WOBBLE_FIRE] team=2 losTgt=82.95
[WOBBLE_FIRE] team=2 losTgt=82.56
[WOBBLE_FIRE] team=2 losTgt=81.99
[WOBBLE_FIRE] team=2 losTgt=81.26
runner:local/env:0	num_steps=[11999] | total rewards=[237.7171] | termination= [max time out]
[seed 11] reward=   237.72 ownHP=1.0000 tgtHP=0.9157 max time out
total: 2
[WOBBLE_FIRE] team=2 losTgt=172.24
[WOBBLE_FIRE] team=2 losTgt=171.61
[WOBBLE_FIRE] team=2 losTgt=170.40
[WOBBLE_FIRE] team=2 losTgt=168.92
[WOBBLE_FIRE] team=2 losTgt=167.22
[WOBBLE_FIRE] team=2 losTgt=165.26
[WOBBLE_FIRE] team=2 losTgt=163.16
[WOBBLE_FIRE] team=2 losTgt=161.20
[WOBBLE_FIRE] team=2 losTgt=159.46
[WOBBLE_FIRE] team=2 losTgt=157.86
[WOBBLE_FIRE] team=2 losTgt=156.35
[WOBBLE_FIRE] team=2 losTgt=154.90
[WOBBLE_FIRE] team=2 losTgt=153.50
[WOBBLE_FIRE] team=2 losTgt=152.16
[WOBBLE_FIRE] team=2 losTgt=150.86
[WOBBLE_FIRE] team=2 losTgt=149.59
[WOBBLE_FIRE] team=2 losTgt=148.32
[WOBBLE_FIRE] team=2 losTgt=147.06
[WOBBLE_FIRE] team=2 losTgt=145.81
[WOBBLE_FIRE] team=2 losTgt=144.58
[WOBBLE_FIRE] team=2 losTgt=143.37
[WOBBLE_FIRE] team=2 losTgt=142.19
[WOBBLE_FIRE] team=2 losTgt=141.03
[WOBBLE_FIRE] team=2 losTgt=139.88
[WOBBLE_FIRE] team=2 losTgt=138.75
[WOBBLE_FIRE] team=2 losTgt=137.63
[WOBBLE_FIRE] team=2 losTgt=136.53
[WOBBLE_FIRE] team=2 losTgt=135.42
[WOBBLE_FIRE] team=2 losTgt=134.32
[WOBBLE_FIRE] team=2 losTgt=133.24
[WOBBLE_FIRE] team=2 losTgt=132.17
[WOBBLE_FIRE] team=2 losTgt=131.10
[WOBBLE_FIRE] team=2 losTgt=130.05
[ACTIVE] [RED] LeadPredict dist=3959.85 dV=1.95486 thr=1 om=0.159997 lt=3
[WOBBLE_FIRE] team=2 losTgt=129.01
[WOBBLE_FIRE] team=2 losTgt=127.99
[WOBBLE_FIRE] team=2 losTgt=126.96
[WOBBLE_FIRE] team=2 losTgt=125.95
[WOBBLE_FIRE] team=2 losTgt=124.95
[WOBBLE_FIRE] team=2 losTgt=123.96
[WOBBLE_FIRE] team=2 losTgt=122.98
[WOBBLE_FIRE] team=2 losTgt=122.00
[WOBBLE_FIRE] team=2 losTgt=121.04
[WOBBLE_FIRE] team=2 losTgt=120.08
[WOBBLE_FIRE] team=2 losTgt=119.14
[WOBBLE_FIRE] team=2 losTgt=118.20
[WOBBLE_FIRE] team=2 losTgt=117.27
[WOBBLE_FIRE] team=2 losTgt=116.34
[WOBBLE_FIRE] team=2 losTgt=115.43
[WOBBLE_FIRE] team=2 losTgt=114.53
[WOBBLE_FIRE] team=2 losTgt=113.63
[WOBBLE_FIRE] team=2 losTgt=112.74
[WOBBLE_FIRE] team=2 losTgt=111.87
[WOBBLE_FIRE] team=2 losTgt=111.00
[WOBBLE_FIRE] team=2 losTgt=110.14
[WOBBLE_FIRE] team=2 losTgt=109.29
[WOBBLE_FIRE] team=2 losTgt=108.44
[WOBBLE_FIRE] team=2 losTgt=107.61
[WOBBLE_FIRE] team=2 losTgt=106.78
[WOBBLE_FIRE] team=2 losTgt=105.96
[WOBBLE_FIRE] team=2 losTgt=105.14
[WOBBLE_FIRE] team=2 losTgt=104.33
[WOBBLE_FIRE] team=2 losTgt=103.53
[WOBBLE_FIRE] team=2 losTgt=102.73
[WOBBLE_FIRE] team=2 losTgt=101.93
[WOBBLE_FIRE] team=2 losTgt=101.13
[WOBBLE_FIRE] team=2 losTgt=100.34
[WOBBLE_FIRE] team=2 losTgt=99.54
[WOBBLE_FIRE] team=2 losTgt=98.75
[WOBBLE_FIRE] team=2 losTgt=97.97
[WOBBLE_FIRE] team=2 losTgt=97.21
[WOBBLE_FIRE] team=2 losTgt=96.46
[WOBBLE_FIRE] team=2 losTgt=95.72
[WOBBLE_FIRE] team=2 losTgt=94.97
[WOBBLE_FIRE] team=2 losTgt=94.22
[WOBBLE_FIRE] team=2 losTgt=93.46
[WOBBLE_FIRE] team=2 losTgt=92.71
[WOBBLE_FIRE] team=2 losTgt=91.95
[WOBBLE_FIRE] team=2 losTgt=91.20
[WOBBLE_FIRE] team=2 losTgt=90.44
[WOBBLE_FIRE] team=2 losTgt=89.68
[WOBBLE_FIRE] team=2 losTgt=88.91
[WOBBLE_FIRE] team=2 losTgt=88.14
[WOBBLE_FIRE] team=2 losTgt=87.37
[WOBBLE_FIRE] team=2 losTgt=86.60
[WOBBLE_FIRE] team=2 losTgt=85.84
[WOBBLE_FIRE] team=2 losTgt=85.07
[WOBBLE_FIRE] team=2 losTgt=84.30
[WOBBLE_FIRE] team=2 losTgt=83.54
[WOBBLE_FIRE] team=2 losTgt=82.77
[WOBBLE_FIRE] team=2 losTgt=82.01
[WOBBLE_FIRE] team=2 losTgt=81.24
[WOBBLE_FIRE] team=2 losTgt=80.48
[WOBBLE_FIRE] team=2 losTgt=79.71
[ACTIVE] [RED] LeadPredict dist=3319.67 dV=-10.3917 thr=1 om=0.103685 lt=3
[WOBBLE_FIRE] team=2 losTgt=78.94
[WOBBLE_FIRE] team=2 losTgt=78.17
[WOBBLE_FIRE] team=2 losTgt=77.40
[WOBBLE_FIRE] team=2 losTgt=76.62
[WOBBLE_FIRE] team=2 losTgt=75.84
[WOBBLE_FIRE] team=2 losTgt=75.06
[WOBBLE_FIRE] team=2 losTgt=74.27
[WOBBLE_FIRE] team=2 losTgt=73.48
[WOBBLE_FIRE] team=2 losTgt=72.69
[WOBBLE_FIRE] team=2 losTgt=71.90
[WOBBLE_FIRE] team=2 losTgt=71.10
[WOBBLE_FIRE] team=2 losTgt=70.30
[WOBBLE_FIRE] team=2 losTgt=69.50
[WOBBLE_FIRE] team=2 losTgt=68.69
[WOBBLE_FIRE] team=2 losTgt=67.88
[WOBBLE_FIRE] team=2 losTgt=67.07
[WOBBLE_FIRE] team=2 losTgt=66.26
[WOBBLE_FIRE] team=2 losTgt=65.44
[WOBBLE_FIRE] team=2 losTgt=64.61
[WOBBLE_FIRE] team=2 losTgt=63.79
[WOBBLE_FIRE] team=2 losTgt=62.96
[WOBBLE_FIRE] team=2 losTgt=62.13
[WOBBLE_FIRE] team=2 losTgt=61.29
[WOBBLE_FIRE] team=2 losTgt=60.45
[WOBBLE_FIRE] team=2 losTgt=59.61
[WOBBLE_FIRE] team=2 losTgt=58.76
[WOBBLE_FIRE] team=2 losTgt=57.90
[WOBBLE_FIRE] team=2 losTgt=57.04
[WOBBLE_FIRE] team=2 losTgt=56.18
[WOBBLE_FIRE] team=2 losTgt=55.26
[WOBBLE_FIRE] team=2 losTgt=54.33
[WOBBLE_FIRE] team=2 losTgt=53.37
[WOBBLE_FIRE] team=2 losTgt=52.40
[WOBBLE_FIRE] team=2 losTgt=51.41
[WOBBLE_FIRE] team=2 losTgt=50.37
[WOBBLE_FIRE] team=2 losTgt=49.30
[WOBBLE_FIRE] team=2 losTgt=48.21
[WOBBLE_FIRE] team=2 losTgt=47.11
[WOBBLE_FIRE] team=2 losTgt=46.00
[ACTIVE] [RED] LeadPredict dist=1121.71 dV=-47.0713 thr=0.674021 om=0.126783 lt=3
[WOBBLE_FIRE] team=2 losTgt=50.33
[WOBBLE_FIRE] team=2 losTgt=57.12
[WOBBLE_FIRE] team=2 losTgt=64.02
[WOBBLE_FIRE] team=2 losTgt=70.83
[WOBBLE_FIRE] team=2 losTgt=77.25
[WOBBLE_FIRE] team=2 losTgt=83.18
[WOBBLE_FIRE] team=2 losTgt=88.52
[WOBBLE_FIRE] team=2 losTgt=93.35
[WOBBLE_FIRE] team=2 losTgt=97.53
[WOBBLE_FIRE] team=2 losTgt=101.19
[WOBBLE_FIRE] team=2 losTgt=104.37
[WOBBLE_FIRE] team=2 losTgt=107.14
[WOBBLE_FIRE] team=2 losTgt=109.57
[WOBBLE_FIRE] team=2 losTgt=111.71
[WOBBLE_FIRE] team=2 losTgt=113.37
[WOBBLE_FIRE] team=2 losTgt=114.27
[WOBBLE_FIRE] team=2 losTgt=114.10
[WOBBLE_FIRE] team=2 losTgt=113.23
[WOBBLE_FIRE] team=2 losTgt=112.23
[WOBBLE_FIRE] team=2 losTgt=111.49
[WOBBLE_FIRE] team=2 losTgt=110.91
[WOBBLE_FIRE] team=2 losTgt=110.39
[WOBBLE_FIRE] team=2 losTgt=109.85
[WOBBLE_FIRE] team=2 losTgt=109.28
[WOBBLE_FIRE] team=2 losTgt=108.66
[WOBBLE_FIRE] team=2 losTgt=108.01
[WOBBLE_FIRE] team=2 losTgt=107.32
[WOBBLE_FIRE] team=2 losTgt=106.58
[WOBBLE_FIRE] team=2 losTgt=105.81
[WOBBLE_FIRE] team=2 losTgt=105.00
[WOBBLE_FIRE] team=2 losTgt=104.15
[WOBBLE_FIRE] team=2 losTgt=103.28
[WOBBLE_FIRE] team=2 losTgt=102.37
[WOBBLE_FIRE] team=2 losTgt=101.43
[WOBBLE_FIRE] team=2 losTgt=100.47
[WOBBLE_FIRE] team=2 losTgt=99.49
[WOBBLE_FIRE] team=2 losTgt=98.48
[WOBBLE_FIRE] team=2 losTgt=97.46
[WOBBLE_FIRE] team=2 losTgt=96.41
[WOBBLE_FIRE] team=2 losTgt=95.35
[WOBBLE_FIRE] team=2 losTgt=94.28
[WOBBLE_FIRE] team=2 losTgt=93.19
[WOBBLE_FIRE] team=2 losTgt=92.09
[ACTIVE] [RED] LeadPredict dist=2136.84 dV=-37.7599 thr=0.657842 om=0.235684 lt=3
[DUTY] team=1 ticks=20400 v27종말조준=3.7598% v21뱅크예측=62.5539% v17궤도조건=63.2598% v17슬롯적용=50.652% 상승클램프=0% 강하클램프=20.0735% v23b조건=40.9265% v23b실제적용=39.6863%
[WOBBLE_FIRE] team=2 losTgt=90.97
[WOBBLE_FIRE] team=2 losTgt=89.85
[WOBBLE_FIRE] team=2 losTgt=88.71
[WOBBLE_FIRE] team=2 losTgt=87.56
[WOBBLE_FIRE] team=2 losTgt=86.40
[WOBBLE_FIRE] team=2 losTgt=85.24
[WOBBLE_FIRE] team=2 losTgt=84.06
[WOBBLE_FIRE] team=2 losTgt=82.87
[WOBBLE_FIRE] team=2 losTgt=81.68
[WOBBLE_FIRE] team=2 losTgt=80.46
[WOBBLE_FIRE] team=2 losTgt=79.21
[WOBBLE_FIRE] team=2 losTgt=77.94
[WOBBLE_FIRE] team=2 losTgt=76.66
[WOBBLE_FIRE] team=2 losTgt=75.38
[WOBBLE_FIRE] team=2 losTgt=74.10
[WOBBLE_FIRE] team=2 losTgt=72.81
[WOBBLE_FIRE] team=2 losTgt=71.51
[WOBBLE_FIRE] team=2 losTgt=70.20
[WOBBLE_FIRE] team=2 losTgt=68.88
[WOBBLE_FIRE] team=2 losTgt=67.56
[WOBBLE_FIRE] team=2 losTgt=66.23
[WOBBLE_FIRE] team=2 losTgt=64.89
[WOBBLE_FIRE] team=2 losTgt=63.54
[WOBBLE_FIRE] team=2 losTgt=62.19
[WOBBLE_FIRE] team=2 losTgt=60.83
[WOBBLE_FIRE] team=2 losTgt=59.46
[WOBBLE_FIRE] team=2 losTgt=58.09
[WOBBLE_FIRE] team=2 losTgt=56.71
[WOBBLE_FIRE] team=2 losTgt=55.32
[WOBBLE_FIRE] team=2 losTgt=53.92
[WOBBLE_FIRE] team=2 losTgt=52.51
[WOBBLE_FIRE] team=2 losTgt=51.10
[WOBBLE_FIRE] team=2 losTgt=49.67
[WOBBLE_FIRE] team=2 losTgt=48.23
[WOBBLE_FIRE] team=2 losTgt=46.78
[WOBBLE_FIRE] team=2 losTgt=45.32
[ACTIVE] [RED] LeadPredict dist=1306.57 dV=-21.5551 thr=0.655702 om=0.212777 lt=3
[WOBBLE_FIRE] team=2 losTgt=45.17
[WOBBLE_FIRE] team=2 losTgt=47.29
[WOBBLE_FIRE] team=2 losTgt=49.42
[WOBBLE_FIRE] team=2 losTgt=51.55
[WOBBLE_FIRE] team=2 losTgt=53.70
[WOBBLE_FIRE] team=2 losTgt=55.82
[WOBBLE_FIRE] team=2 losTgt=57.89
[WOBBLE_FIRE] team=2 losTgt=59.87
[WOBBLE_FIRE] team=2 losTgt=61.77
[WOBBLE_FIRE] team=2 losTgt=63.57
[WOBBLE_FIRE] team=2 losTgt=65.25
[WOBBLE_FIRE] team=2 losTgt=66.81
[WOBBLE_FIRE] team=2 losTgt=68.25
[WOBBLE_FIRE] team=2 losTgt=69.57
[WOBBLE_FIRE] team=2 losTgt=70.76
[WOBBLE_FIRE] team=2 losTgt=71.84
[WOBBLE_FIRE] team=2 losTgt=72.81
[WOBBLE_FIRE] team=2 losTgt=73.67
[WOBBLE_FIRE] team=2 losTgt=74.43
[WOBBLE_FIRE] team=2 losTgt=75.09
[WOBBLE_FIRE] team=2 losTgt=75.66
[WOBBLE_FIRE] team=2 losTgt=76.15
[WOBBLE_FIRE] team=2 losTgt=76.55
[WOBBLE_FIRE] team=2 losTgt=76.88
[WOBBLE_FIRE] team=2 losTgt=77.13
[WOBBLE_FIRE] team=2 losTgt=77.32
[WOBBLE_FIRE] team=2 losTgt=77.44
[WOBBLE_FIRE] team=2 losTgt=77.50
[WOBBLE_FIRE] team=2 losTgt=77.50
[WOBBLE_FIRE] team=2 losTgt=77.44
[WOBBLE_FIRE] team=2 losTgt=77.32
[WOBBLE_FIRE] team=2 losTgt=77.16
[WOBBLE_FIRE] team=2 losTgt=76.94
[WOBBLE_FIRE] team=2 losTgt=76.67
[WOBBLE_FIRE] team=2 losTgt=76.36
[WOBBLE_FIRE] team=2 losTgt=76.00
[WOBBLE_FIRE] team=2 losTgt=75.59
[WOBBLE_FIRE] team=2 losTgt=75.15
[WOBBLE_FIRE] team=2 losTgt=74.66
[WOBBLE_FIRE] team=2 losTgt=74.14
[WOBBLE_FIRE] team=2 losTgt=73.57
[ACTIVE] [RED] LeadPredict dist=1760.08 dV=14.5586 thr=0.659154 om=0.253586 lt=3
[WOBBLE_FIRE] team=2 losTgt=72.98
[WOBBLE_FIRE] team=2 losTgt=72.35
[WOBBLE_FIRE] team=2 losTgt=71.69
[WOBBLE_FIRE] team=2 losTgt=70.99
[WOBBLE_FIRE] team=2 losTgt=70.27
[WOBBLE_FIRE] team=2 losTgt=69.51
[WOBBLE_FIRE] team=2 losTgt=68.74
[WOBBLE_FIRE] team=2 losTgt=67.93
[WOBBLE_FIRE] team=2 losTgt=67.10
[WOBBLE_FIRE] team=2 losTgt=66.25
[WOBBLE_FIRE] team=2 losTgt=65.37
[WOBBLE_FIRE] team=2 losTgt=64.47
[WOBBLE_FIRE] team=2 losTgt=63.55
[WOBBLE_FIRE] team=2 losTgt=62.61
[WOBBLE_FIRE] team=2 losTgt=61.65
[WOBBLE_FIRE] team=2 losTgt=60.66
[WOBBLE_FIRE] team=2 losTgt=59.66
[WOBBLE_FIRE] team=2 losTgt=58.64
[WOBBLE_FIRE] team=2 losTgt=57.60
[WOBBLE_FIRE] team=2 losTgt=56.55
[WOBBLE_FIRE] team=2 losTgt=55.47
[WOBBLE_FIRE] team=2 losTgt=54.39
[WOBBLE_FIRE] team=2 losTgt=53.27
[WOBBLE_FIRE] team=2 losTgt=52.13
[WOBBLE_FIRE] team=2 losTgt=50.96
[WOBBLE_FIRE] team=2 losTgt=49.77
[WOBBLE_FIRE] team=2 losTgt=48.56
[WOBBLE_FIRE] team=2 losTgt=47.33
[WOBBLE_FIRE] team=2 losTgt=46.08
[ACTIVE] [RED] LeadPredict dist=1368.75 dV=-17.0794 thr=0.814386 om=0.226476 lt=3
[ACTIVE] [RED] LeadPredict dist=1317.92 dV=-16.5135 thr=1 om=0.0330517 lt=3
[ACTIVE] [RED] LeadPredict dist=1425.01 dV=-7.35651 thr=1 om=0.0018526 lt=3
[ACTIVE] [RED] LeadPredict dist=1447.08 dV=0.565887 thr=1 om=0.29995 lt=3
[ACTIVE] [RED] LeadPredict dist=1237.28 dV=-1.1832 thr=0.820726 om=0.194852 lt=3
[ACTIVE] [RED] LeadPredict dist=1377.86 dV=-27.5225 thr=0.778967 om=0.00452787 lt=3
[ACTIVE] [RED] LeadPredict dist=1691.61 dV=-26.0821 thr=0.61958 om=0.133355 lt=3
[ACTIVE] [RED] LeadPredict dist=1217.81 dV=33.2328 thr=0.499767 om=0.231135 lt=3
[DUTY] team=1 ticks=21000 v27종말조준=3.65238% v21뱅크예측=62.5714% v17궤도조건=63.3333% v17슬롯적용=51.0524% 상승클램프=0% 강하클램프=20.4238% v23b조건=41.5143% v23b실제적용=40.3095%
[ACTIVE] [RED] LeadPredict dist=1202.48 dV=-15.4332 thr=0.723698 om=0.00701787 lt=3
[ACTIVE] [RED] LeadPredict dist=1261.95 dV=-1.08032 thr=1 om=0.0107549 lt=3
[ACTIVE] [RED] LeadPredict dist=1168.47 dV=-7.87094 thr=0.776405 om=0.252023 lt=3
[ACTIVE] [RED] ClimbOut Z=2324.21
[ACTIVE] [RED] LeadPredict dist=1163.51 dV=20.7834 thr=0.654781 om=0.0336632 lt=3
[ACTIVE] [RED] LeadPredict dist=1137.99 dV=-10.1345 thr=0.8603 om=0.240598 lt=3
[ACTIVE] [RED] LeadPredict dist=1177.18 dV=-25.8249 thr=1 om=0.0461075 lt=3
[ACTIVE] [RED] LeadPredict dist=1135.27 dV=10.1859 thr=1 om=0.00934182 lt=3
[ACTIVE] [RED] LeadPredict dist=1049.67 dV=14.0957 thr=0.72 om=0.217539 lt=2.99314
[ACTIVE] [RED] LeadPredict dist=1135.77 dV=3.65253 thr=0.688232 om=0.17801 lt=3
[ACTIVE] [RED] LeadPredict dist=1196.39 dV=-2.88086 thr=1 om=0.00536094 lt=3
[DUTY] team=1 ticks=21600 v27종말조준=3.55093% v21뱅크예측=62.338% v17궤도조건=63.2778% v17슬롯적용=51.338% 상승클램프=0% 강하클램프=19.9769% v23b조건=41.6481% v23b실제적용=40.4769%
[ACTIVE] [RED] LeadPredict dist=1135.39 dV=-3.70395 thr=0.613677 om=0.253743 lt=3
[ACTIVE] [RED] LeadPredict dist=1064.06 dV=8.64261 thr=0.674895 om=0.217261 lt=3
[ACTIVE] [RED] LeadPredict dist=963.184 dV=-7.76807 thr=0.763443 om=0.199244 lt=3
[ACTIVE] [RED] LeadPredict dist=922.913 dV=21.7094 thr=0.700913 om=0.24338 lt=2.79355
[ACTIVE] [RED] LeadPredict dist=865.109 dV=-2.98373 thr=0.855489 om=0.0641607 lt=2.94252
[ACTIVE] [RED] LeadPredict dist=919.219 dV=1.54333 thr=1 om=0.00271364 lt=2.89225
[ACTIVE] [RED] LeadPredict dist=857.229 dV=10.6489 thr=0.650408 om=0.222075 lt=2.50464
[ACTIVE] [RED] LeadPredict dist=912.883 dV=7.1507 thr=0.691512 om=0.161175 lt=2.74481
[ACTIVE] [RED] LeadPredict dist=939.411 dV=-0.61734 thr=1 om=0.0742677 lt=2.77985
runner:local/env:0	num_steps=[11999] | total rewards=[960.9980] | termination= [max time out]
[seed 12] reward=   961.00 ownHP=1.0000 tgtHP=0.4987 max time out
total: 2
[ACTIVE] [RED] LeadPredict dist=3653.48 dV=3.44675 thr=1 om=0.157558 lt=3
[DUTY] team=1 ticks=22200 v27종말조준=3.75225% v21뱅크예측=62.527% v17궤도조건=63.4234% v17슬롯적용=51.8063% 상승클램프=0% 강하클램프=19.6306% v23b조건=41.7297% v23b실제적용=40.5676%
[ACTIVE] [RED] LeadPredict dist=2035.8 dV=-0.514435 thr=0.728461 om=0.0472108 lt=3
[ACTIVE] [RED] LeadPredict dist=1951.06 dV=-32.2039 thr=0.688451 om=0.0210772 lt=3
[ACTIVE] [RED] LeadPredict dist=2322.82 dV=-49.0776 thr=1 om=0.22636 lt=3
[ACTIVE] [RED] LeadPredict dist=2101.28 dV=-50.0036 thr=0.578695 om=0.259323 lt=3
[ACTIVE] [RED] LeadPredict dist=1653.31 dV=-7.1507 thr=1 om=0.294192 lt=3
[ACTIVE] [RED] LeadPredict dist=1566.89 dV=25.1561 thr=1 om=0.233624 lt=3
[ACTIVE] [RED] LeadPredict dist=1124.3 dV=36.8339 thr=0.523817 om=0.206418 lt=3
[ACTIVE] [RED] LeadPredict dist=1062.75 dV=1.13177 thr=1 om=0.00570022 lt=2.94237
[ACTIVE] [RED] LeadPredict dist=1004.09 dV=5.86462 thr=0.92 om=0.252943 lt=2.71046
[ACTIVE] [RED] LeadPredict dist=978.266 dV=7.15073 thr=0.620236 om=0.22217 lt=2.8002
[DUTY] team=1 ticks=22800 v27종말조준=3.65351% v21뱅크예측=62.5088% v17궤도조건=63.4254% v17슬롯적용=52.114% 상승클램프=0% 강하클램프=20.1754% v23b조건=41.8816% v23b실제적용=40.75%
[ACTIVE] [RED] LeadPredict dist=940.408 dV=-2.72653 thr=1 om=0.179194 lt=2.87741
[ACTIVE] [RED] LeadPredict dist=889.961 dV=20.9891 thr=0.832 om=0.222229 lt=2.59092
[ACTIVE] [RED] LeadPredict dist=864.319 dV=-1.38898 thr=0.767597 om=0.127167 lt=2.74663
[ACTIVE] [RED] LeadPredict dist=934.378 dV=-1.08032 thr=1 om=0.00524719 lt=2.82737
[ACTIVE] [RED] LeadPredict dist=908.976 dV=9.51712 thr=0.61805 om=0.237909 lt=2.59804
[ACTIVE] [RED] LeadPredict dist=1141.24 dV=1.54333 thr=0.708128 om=0.215843 lt=3
[ACTIVE] [RED] LeadPredict dist=1272.18 dV=-6.89349 thr=1 om=0.0307224 lt=3
[ACTIVE] [RED] LeadPredict dist=1242.03 dV=8.1796 thr=1 om=0.230338 lt=3
[ACTIVE] [RED] LeadPredict dist=1096.23 dV=3.54965 thr=0.663963 om=0.212355 lt=3
[ACTIVE] [RED] LeadPredict dist=1130 dV=-9.98013 thr=1 om=0.0333051 lt=3
[DUTY] team=1 ticks=23400 v27종말조준=3.59402% v21뱅크예측=62.7222% v17궤도조건=63.7094% v17슬롯적용=52.688% 상승클램프=0% 강하클램프=19.6581% v23b조건=41.9316% v23b실제적용=40.8291%
[ACTIVE] [RED] LeadPredict dist=1109.41 dV=16.8736 thr=0.622423 om=0.220892 lt=3
[ACTIVE] [RED] LeadPredict dist=1041.24 dV=0.565887 thr=0.759945 om=0.218582 lt=3
[ACTIVE] [RED] LeadPredict dist=1105.29 dV=-9.7229 thr=1 om=0.00583938 lt=3
[ACTIVE] [RED] LeadPredict dist=1080.08 dV=2.98376 thr=1 om=0.244277 lt=3
[WOBBLE_FIRE] team=2 losTgt=46.11
[WOBBLE_FIRE] team=2 losTgt=49.76
[WOBBLE_FIRE] team=2 losTgt=53.46
[WOBBLE_FIRE] team=2 losTgt=57.05
[WOBBLE_FIRE] team=2 losTgt=60.60
[WOBBLE_FIRE] team=2 losTgt=64.07
[WOBBLE_FIRE] team=2 losTgt=67.54
[WOBBLE_FIRE] team=2 losTgt=71.01
[WOBBLE_FIRE] team=2 losTgt=74.45
[WOBBLE_FIRE] team=2 losTgt=77.86
[ACTIVE] [RED] ClimbOut Z=2516.43
[WOBBLE_FIRE] team=2 losTgt=81.21
[WOBBLE_FIRE] team=2 losTgt=84.51
[WOBBLE_FIRE] team=2 losTgt=87.74
[WOBBLE_FIRE] team=2 losTgt=90.92
[WOBBLE_FIRE] team=2 losTgt=94.02
[WOBBLE_FIRE] team=2 losTgt=97.05
[WOBBLE_FIRE] team=2 losTgt=100.00
[WOBBLE_FIRE] team=2 losTgt=101.71
[WOBBLE_FIRE] team=2 losTgt=101.28
[WOBBLE_FIRE] team=2 losTgt=104.15
[WOBBLE_FIRE] team=2 losTgt=108.55
[WOBBLE_FIRE] team=2 losTgt=108.77
[WOBBLE_FIRE] team=2 losTgt=107.06
[WOBBLE_FIRE] team=2 losTgt=109.36
[WOBBLE_FIRE] team=2 losTgt=113.38
[WOBBLE_FIRE] team=2 losTgt=114.68
[WOBBLE_FIRE] team=2 losTgt=113.11
[WOBBLE_FIRE] team=2 losTgt=113.82
[WOBBLE_FIRE] team=2 losTgt=116.69
[WOBBLE_FIRE] team=2 losTgt=118.74
[WOBBLE_FIRE] team=2 losTgt=118.21
[WOBBLE_FIRE] team=2 losTgt=118.06
[WOBBLE_FIRE] team=2 losTgt=119.07
[WOBBLE_FIRE] team=2 losTgt=118.73
[WOBBLE_FIRE] team=2 losTgt=119.42
[WOBBLE_FIRE] team=2 losTgt=119.91
[WOBBLE_FIRE] team=2 losTgt=118.04
[WOBBLE_FIRE] team=2 losTgt=117.35
[WOBBLE_FIRE] team=2 losTgt=116.85
[WOBBLE_FIRE] team=2 losTgt=115.36
[WOBBLE_FIRE] team=2 losTgt=115.96
[WOBBLE_FIRE] team=2 losTgt=117.92
[WOBBLE_FIRE] team=2 losTgt=118.72
[WOBBLE_FIRE] team=2 losTgt=119.55
[WOBBLE_FIRE] team=2 losTgt=120.10
[WOBBLE_FIRE] team=2 losTgt=120.54
[WOBBLE_FIRE] team=2 losTgt=121.19
[WOBBLE_FIRE] team=2 losTgt=122.07
[WOBBLE_FIRE] team=2 losTgt=122.36
[WOBBLE_FIRE] team=2 losTgt=122.28
[WOBBLE_FIRE] team=2 losTgt=122.50
[WOBBLE_FIRE] team=2 losTgt=122.58
[WOBBLE_FIRE] team=2 losTgt=121.78
[WOBBLE_FIRE] team=2 losTgt=120.56
[WOBBLE_FIRE] team=2 losTgt=119.01
[ACTIVE] [RED] LeadPredict dist=3179.53 dV=7.51083 thr=0.831423 om=0.383545 lt=3
[WOBBLE_FIRE] team=2 losTgt=117.60
[WOBBLE_FIRE] team=2 losTgt=116.26
[WOBBLE_FIRE] team=2 losTgt=114.95
[WOBBLE_FIRE] team=2 losTgt=113.65
[WOBBLE_FIRE] team=2 losTgt=112.40
[WOBBLE_FIRE] team=2 losTgt=112.34
[WOBBLE_FIRE] team=2 losTgt=114.77
[WOBBLE_FIRE] team=2 losTgt=115.17
[WOBBLE_FIRE] team=2 losTgt=115.83
[WOBBLE_FIRE] team=2 losTgt=115.71
[WOBBLE_FIRE] team=2 losTgt=115.72
[WOBBLE_FIRE] team=2 losTgt=115.66
[WOBBLE_FIRE] team=2 losTgt=115.73
[WOBBLE_FIRE] team=2 losTgt=115.57
[WOBBLE_FIRE] team=2 losTgt=114.95
[WOBBLE_FIRE] team=2 losTgt=113.69
[WOBBLE_FIRE] team=2 losTgt=112.04
[WOBBLE_FIRE] team=2 losTgt=110.54
[WOBBLE_FIRE] team=2 losTgt=109.11
[WOBBLE_FIRE] team=2 losTgt=107.72
[WOBBLE_FIRE] team=2 losTgt=106.37
[WOBBLE_FIRE] team=2 losTgt=105.07
[WOBBLE_FIRE] team=2 losTgt=103.80
[WOBBLE_FIRE] team=2 losTgt=102.56
[WOBBLE_FIRE] team=2 losTgt=101.33
[WOBBLE_FIRE] team=2 losTgt=100.11
[WOBBLE_FIRE] team=2 losTgt=98.89
[WOBBLE_FIRE] team=2 losTgt=97.69
[WOBBLE_FIRE] team=2 losTgt=96.49
[WOBBLE_FIRE] team=2 losTgt=95.30
[WOBBLE_FIRE] team=2 losTgt=94.11
[WOBBLE_FIRE] team=2 losTgt=92.94
[WOBBLE_FIRE] team=2 losTgt=91.78
[WOBBLE_FIRE] team=2 losTgt=90.63
[WOBBLE_FIRE] team=2 losTgt=89.49
[WOBBLE_FIRE] team=2 losTgt=88.37
[WOBBLE_FIRE] team=2 losTgt=87.25
[WOBBLE_FIRE] team=2 losTgt=86.14
[WOBBLE_FIRE] team=2 losTgt=85.04
[WOBBLE_FIRE] team=2 losTgt=83.95
[WOBBLE_FIRE] team=2 losTgt=82.86
[WOBBLE_FIRE] team=2 losTgt=81.79
[WOBBLE_FIRE] team=2 losTgt=80.72
[WOBBLE_FIRE] team=2 losTgt=79.66
[WOBBLE_FIRE] team=2 losTgt=78.60
[WOBBLE_FIRE] team=2 losTgt=77.55
[WOBBLE_FIRE] team=2 losTgt=76.50
[WOBBLE_FIRE] team=2 losTgt=75.45
[WOBBLE_FIRE] team=2 losTgt=74.41
[WOBBLE_FIRE] team=2 losTgt=73.36
[WOBBLE_FIRE] team=2 losTgt=72.31
[WOBBLE_FIRE] team=2 losTgt=71.26
[WOBBLE_FIRE] team=2 losTgt=70.21
[WOBBLE_FIRE] team=2 losTgt=69.16
[WOBBLE_FIRE] team=2 losTgt=68.10
[WOBBLE_FIRE] team=2 losTgt=67.04
[WOBBLE_FIRE] team=2 losTgt=65.98
[WOBBLE_FIRE] team=2 losTgt=64.94
[WOBBLE_FIRE] team=2 losTgt=63.89
[WOBBLE_FIRE] team=2 losTgt=62.83
[WOBBLE_FIRE] team=2 losTgt=61.77
[WOBBLE_FIRE] team=2 losTgt=60.69
[WOBBLE_FIRE] team=2 losTgt=59.59
[WOBBLE_FIRE] team=2 losTgt=58.49
[WOBBLE_FIRE] team=2 losTgt=57.37
[WOBBLE_FIRE] team=2 losTgt=56.24
[ACTIVE] [RED] LeadPredict dist=3870.19 dV=46.0424 thr=1 om=0.280311 lt=3
[WOBBLE_FIRE] team=2 losTgt=55.10
[WOBBLE_FIRE] team=2 losTgt=53.95
[WOBBLE_FIRE] team=2 losTgt=52.79
[WOBBLE_FIRE] team=2 losTgt=51.61
[WOBBLE_FIRE] team=2 losTgt=50.44
[WOBBLE_FIRE] team=2 losTgt=49.25
[WOBBLE_FIRE] team=2 losTgt=48.05
[WOBBLE_FIRE] team=2 losTgt=46.84
[WOBBLE_FIRE] team=2 losTgt=45.62
[ACTIVE] [RED] LeadPredict dist=2187.74 dV=47.277 thr=0.651501 om=0.268948 lt=3
[ACTIVE] [RED] LeadPredict dist=1378.51 dV=-0.771667 thr=1 om=0.211931 lt=3
[ACTIVE] [RED] LeadPredict dist=1310.73 dV=-0.102875 thr=1 om=0.0266162 lt=3
[ACTIVE] [RED] LeadPredict dist=1256.42 dV=20.4747 thr=1 om=0.230605 lt=3
[DUTY] team=1 ticks=24000 v27종말조준=3.50417% v21뱅크예측=62.7292% v17궤도조건=63.5542% v17슬롯적용=52.7417% 상승클램프=0% 강하클램프=19.3083% v23b조건=41.525% v23b실제적용=40.45%
[ACTIVE] [RED] LeadPredict dist=1065.18 dV=-2.10919 thr=0.9773 om=0.0148503 lt=3
runner:local/env:0	num_steps=[11999] | total rewards=[1067.2277] | termination= [max time out]
[seed 13] reward=  1067.23 ownHP=1.0000 tgtHP=0.9558 max time out
total: 2
[WOBBLE_FIRE] team=2 losTgt=91.91
[WOBBLE_FIRE] team=2 losTgt=91.79
[WOBBLE_FIRE] team=2 losTgt=91.46
[WOBBLE_FIRE] team=2 losTgt=91.08
[WOBBLE_FIRE] team=2 losTgt=90.62
[WOBBLE_FIRE] team=2 losTgt=90.01
[WOBBLE_FIRE] team=2 losTgt=89.19
[WOBBLE_FIRE] team=2 losTgt=88.10
[WOBBLE_FIRE] team=2 losTgt=86.76
[WOBBLE_FIRE] team=2 losTgt=85.39
[WOBBLE_FIRE] team=2 losTgt=84.13
[WOBBLE_FIRE] team=2 losTgt=82.97
[ACTIVE] [RED] LeadPredict dist=5469.43 dV=3.80685 thr=1 om=0.202583 lt=3
[WOBBLE_FIRE] team=2 losTgt=81.91
[WOBBLE_FIRE] team=2 losTgt=80.90
[WOBBLE_FIRE] team=2 losTgt=79.93
[WOBBLE_FIRE] team=2 losTgt=78.99
[WOBBLE_FIRE] team=2 losTgt=78.08
[WOBBLE_FIRE] team=2 losTgt=77.21
[WOBBLE_FIRE] team=2 losTgt=76.35
[WOBBLE_FIRE] team=2 losTgt=75.51
[WOBBLE_FIRE] team=2 losTgt=74.69
[WOBBLE_FIRE] team=2 losTgt=73.88
[WOBBLE_FIRE] team=2 losTgt=73.09
[WOBBLE_FIRE] team=2 losTgt=72.31
[WOBBLE_FIRE] team=2 losTgt=71.55
[WOBBLE_FIRE] team=2 losTgt=70.80
[WOBBLE_FIRE] team=2 losTgt=70.07
[WOBBLE_FIRE] team=2 losTgt=69.34
[WOBBLE_FIRE] team=2 losTgt=68.61
[WOBBLE_FIRE] team=2 losTgt=67.89
[WOBBLE_FIRE] team=2 losTgt=67.18
[WOBBLE_FIRE] team=2 losTgt=66.46
[WOBBLE_FIRE] team=2 losTgt=65.74
[WOBBLE_FIRE] team=2 losTgt=65.03
[WOBBLE_FIRE] team=2 losTgt=64.31
[WOBBLE_FIRE] team=2 losTgt=63.58
[WOBBLE_FIRE] team=2 losTgt=62.86
[WOBBLE_FIRE] team=2 losTgt=62.14
[WOBBLE_FIRE] team=2 losTgt=61.41
[WOBBLE_FIRE] team=2 losTgt=60.68
[WOBBLE_FIRE] team=2 losTgt=59.95
[WOBBLE_FIRE] team=2 losTgt=59.22
[WOBBLE_FIRE] team=2 losTgt=58.48
[WOBBLE_FIRE] team=2 losTgt=57.74
[WOBBLE_FIRE] team=2 losTgt=57.00
[WOBBLE_FIRE] team=2 losTgt=56.25
[WOBBLE_FIRE] team=2 losTgt=55.50
[WOBBLE_FIRE] team=2 losTgt=54.75
[WOBBLE_FIRE] team=2 losTgt=54.00
[WOBBLE_FIRE] team=2 losTgt=53.24
[WOBBLE_FIRE] team=2 losTgt=52.48
[WOBBLE_FIRE] team=2 losTgt=51.71
[WOBBLE_FIRE] team=2 losTgt=50.95
[WOBBLE_FIRE] team=2 losTgt=50.17
[WOBBLE_FIRE] team=2 losTgt=49.40
[WOBBLE_FIRE] team=2 losTgt=48.62
[WOBBLE_FIRE] team=2 losTgt=47.83
[WOBBLE_FIRE] team=2 losTgt=47.05
[WOBBLE_FIRE] team=2 losTgt=46.25
[WOBBLE_FIRE] team=2 losTgt=45.46
[ACTIVE] [RED] LeadPredict dist=3968.23 dV=0.462982 thr=1 om=0.0292322 lt=3
[ACTIVE] [RED] LeadPredict dist=1256.1 dV=47.0713 thr=0.92 om=0.130234 lt=3
[WOBBLE_FIRE] team=2 losTgt=45.04
[WOBBLE_FIRE] team=2 losTgt=49.05
[WOBBLE_FIRE] team=2 losTgt=53.31
[WOBBLE_FIRE] team=2 losTgt=57.78
[WOBBLE_FIRE] team=2 losTgt=62.29
[WOBBLE_FIRE] team=2 losTgt=66.51
[WOBBLE_FIRE] team=2 losTgt=70.32
[WOBBLE_FIRE] team=2 losTgt=73.68
[WOBBLE_FIRE] team=2 losTgt=76.65
[WOBBLE_FIRE] team=2 losTgt=79.57
[WOBBLE_FIRE] team=2 losTgt=82.60
[WOBBLE_FIRE] team=2 losTgt=85.59
[WOBBLE_FIRE] team=2 losTgt=88.46
[WOBBLE_FIRE] team=2 losTgt=91.16
[WOBBLE_FIRE] team=2 losTgt=93.69
[WOBBLE_FIRE] team=2 losTgt=96.04
[WOBBLE_FIRE] team=2 losTgt=98.21
[WOBBLE_FIRE] team=2 losTgt=100.19
[WOBBLE_FIRE] team=2 losTgt=101.99
[WOBBLE_FIRE] team=2 losTgt=103.63
[WOBBLE_FIRE] team=2 losTgt=105.10
[WOBBLE_FIRE] team=2 losTgt=106.41
[WOBBLE_FIRE] team=2 losTgt=107.57
[WOBBLE_FIRE] team=2 losTgt=108.59
[WOBBLE_FIRE] team=2 losTgt=109.47
[WOBBLE_FIRE] team=2 losTgt=110.23
[WOBBLE_FIRE] team=2 losTgt=110.88
[WOBBLE_FIRE] team=2 losTgt=111.43
[WOBBLE_FIRE] team=2 losTgt=111.89
[WOBBLE_FIRE] team=2 losTgt=112.26
[WOBBLE_FIRE] team=2 losTgt=112.56
[WOBBLE_FIRE] team=2 losTgt=112.79
[WOBBLE_FIRE] team=2 losTgt=112.96
[WOBBLE_FIRE] team=2 losTgt=113.06
[WOBBLE_FIRE] team=2 losTgt=113.12
[WOBBLE_FIRE] team=2 losTgt=113.12
[WOBBLE_FIRE] team=2 losTgt=113.08
[WOBBLE_FIRE] team=2 losTgt=113.00
[WOBBLE_FIRE] team=2 losTgt=112.88
[WOBBLE_FIRE] team=2 losTgt=112.73
[WOBBLE_FIRE] team=2 losTgt=112.54
[WOBBLE_FIRE] team=2 losTgt=112.33
[WOBBLE_FIRE] team=2 losTgt=112.09
[WOBBLE_FIRE] team=2 losTgt=111.83
[WOBBLE_FIRE] team=2 losTgt=111.55
[WOBBLE_FIRE] team=2 losTgt=111.24
[WOBBLE_FIRE] team=2 losTgt=110.92
[WOBBLE_FIRE] team=2 losTgt=110.58
[ACTIVE] [RED] LeadPredict dist=2294.45 dV=74.388 thr=0.670741 om=0.191517 lt=3
[WOBBLE_FIRE] team=2 losTgt=110.22
[WOBBLE_FIRE] team=2 losTgt=109.84
[WOBBLE_FIRE] team=2 losTgt=109.46
[WOBBLE_FIRE] team=2 losTgt=109.05
[WOBBLE_FIRE] team=2 losTgt=108.64
[WOBBLE_FIRE] team=2 losTgt=108.21
[WOBBLE_FIRE] team=2 losTgt=107.77
[WOBBLE_FIRE] team=2 losTgt=107.33
[WOBBLE_FIRE] team=2 losTgt=106.87
[WOBBLE_FIRE] team=2 losTgt=106.41
[WOBBLE_FIRE] team=2 losTgt=105.93
[WOBBLE_FIRE] team=2 losTgt=105.45
[WOBBLE_FIRE] team=2 losTgt=104.96
[WOBBLE_FIRE] team=2 losTgt=104.47
[WOBBLE_FIRE] team=2 losTgt=103.96
[WOBBLE_FIRE] team=2 losTgt=103.44
[WOBBLE_FIRE] team=2 losTgt=102.92
[WOBBLE_FIRE] team=2 losTgt=102.39
[WOBBLE_FIRE] team=2 losTgt=101.85
[WOBBLE_FIRE] team=2 losTgt=101.31
[WOBBLE_FIRE] team=2 losTgt=100.76
[WOBBLE_FIRE] team=2 losTgt=100.21
[WOBBLE_FIRE] team=2 losTgt=99.66
[WOBBLE_FIRE] team=2 losTgt=99.11
[WOBBLE_FIRE] team=2 losTgt=98.55
[WOBBLE_FIRE] team=2 losTgt=98.00
[WOBBLE_FIRE] team=2 losTgt=97.44
[WOBBLE_FIRE] team=2 losTgt=96.88
[WOBBLE_FIRE] team=2 losTgt=96.32
[WOBBLE_FIRE] team=2 losTgt=95.77
[WOBBLE_FIRE] team=2 losTgt=95.21
[WOBBLE_FIRE] team=2 losTgt=94.65
[WOBBLE_FIRE] team=2 losTgt=94.09
[WOBBLE_FIRE] team=2 losTgt=93.54
[WOBBLE_FIRE] team=2 losTgt=92.98
[WOBBLE_FIRE] team=2 losTgt=92.42
[WOBBLE_FIRE] team=2 losTgt=91.87
[WOBBLE_FIRE] team=2 losTgt=91.31
[WOBBLE_FIRE] team=2 losTgt=90.76
[WOBBLE_FIRE] team=2 losTgt=90.20
[WOBBLE_FIRE] team=2 losTgt=89.65
[WOBBLE_FIRE] team=2 losTgt=89.10
[WOBBLE_FIRE] team=2 losTgt=88.55
[WOBBLE_FIRE] team=2 losTgt=88.00
[WOBBLE_FIRE] team=2 losTgt=87.46
[WOBBLE_FIRE] team=2 losTgt=86.91
[WOBBLE_FIRE] team=2 losTgt=86.37
[WOBBLE_FIRE] team=2 losTgt=85.83
[WOBBLE_FIRE] team=2 losTgt=85.29
[WOBBLE_FIRE] team=2 losTgt=84.75
[WOBBLE_FIRE] team=2 losTgt=84.21
[WOBBLE_FIRE] team=2 losTgt=83.68
[WOBBLE_FIRE] team=2 losTgt=83.15
[WOBBLE_FIRE] team=2 losTgt=82.62
[WOBBLE_FIRE] team=2 losTgt=82.09
[WOBBLE_FIRE] team=2 losTgt=81.56
[WOBBLE_FIRE] team=2 losTgt=81.04
[WOBBLE_FIRE] team=2 losTgt=80.52
[WOBBLE_FIRE] team=2 losTgt=80.01
[WOBBLE_FIRE] team=2 losTgt=79.49
[ACTIVE] [RED] LeadPredict dist=3288.22 dV=95.7373 thr=1 om=0.165486 lt=3
[WOBBLE_FIRE] team=2 losTgt=78.98
[WOBBLE_FIRE] team=2 losTgt=78.47
[WOBBLE_FIRE] team=2 losTgt=77.96
[WOBBLE_FIRE] team=2 losTgt=77.46
[WOBBLE_FIRE] team=2 losTgt=76.95
[WOBBLE_FIRE] team=2 losTgt=76.45
[WOBBLE_FIRE] team=2 losTgt=75.95
[WOBBLE_FIRE] team=2 losTgt=75.45
[WOBBLE_FIRE] team=2 losTgt=74.97
[WOBBLE_FIRE] team=2 losTgt=74.49
[WOBBLE_FIRE] team=2 losTgt=74.01
[WOBBLE_FIRE] team=2 losTgt=73.54
[WOBBLE_FIRE] team=2 losTgt=73.07
[WOBBLE_FIRE] team=2 losTgt=72.59
[WOBBLE_FIRE] team=2 losTgt=72.08
[WOBBLE_FIRE] team=2 losTgt=71.55
[WOBBLE_FIRE] team=2 losTgt=71.02
[WOBBLE_FIRE] team=2 losTgt=70.48
[WOBBLE_FIRE] team=2 losTgt=69.94
[WOBBLE_FIRE] team=2 losTgt=69.41
[WOBBLE_FIRE] team=2 losTgt=68.87
[WOBBLE_FIRE] team=2 losTgt=68.33
[WOBBLE_FIRE] team=2 losTgt=67.80
[WOBBLE_FIRE] team=2 losTgt=67.27
[WOBBLE_FIRE] team=2 losTgt=66.74
[WOBBLE_FIRE] team=2 losTgt=66.22
[WOBBLE_FIRE] team=2 losTgt=65.69
[WOBBLE_FIRE] team=2 losTgt=65.17
[WOBBLE_FIRE] team=2 losTgt=64.66
[WOBBLE_FIRE] team=2 losTgt=64.14
[WOBBLE_FIRE] team=2 losTgt=63.62
[WOBBLE_FIRE] team=2 losTgt=63.09
[WOBBLE_FIRE] team=2 losTgt=62.56
[WOBBLE_FIRE] team=2 losTgt=62.02
[WOBBLE_FIRE] team=2 losTgt=61.45
[WOBBLE_FIRE] team=2 losTgt=60.87
[WOBBLE_FIRE] team=2 losTgt=60.30
[WOBBLE_FIRE] team=2 losTgt=59.72
[WOBBLE_FIRE] team=2 losTgt=59.16
[WOBBLE_FIRE] team=2 losTgt=58.59
[WOBBLE_FIRE] team=2 losTgt=58.04
[WOBBLE_FIRE] team=2 losTgt=57.48
[WOBBLE_FIRE] team=2 losTgt=56.93
[WOBBLE_FIRE] team=2 losTgt=56.38
[WOBBLE_FIRE] team=2 losTgt=55.83
[WOBBLE_FIRE] team=2 losTgt=55.29
[WOBBLE_FIRE] team=2 losTgt=54.75
[WOBBLE_FIRE] team=2 losTgt=54.21
[WOBBLE_FIRE] team=2 losTgt=53.67
[WOBBLE_FIRE] team=2 losTgt=53.14
[WOBBLE_FIRE] team=2 losTgt=52.62
[WOBBLE_FIRE] team=2 losTgt=52.10
[WOBBLE_FIRE] team=2 losTgt=51.58
[WOBBLE_FIRE] team=2 losTgt=51.04
[WOBBLE_FIRE] team=2 losTgt=50.48
[WOBBLE_FIRE] team=2 losTgt=49.88
[WOBBLE_FIRE] team=2 losTgt=49.27
[WOBBLE_FIRE] team=2 losTgt=48.66
[WOBBLE_FIRE] team=2 losTgt=48.04
[WOBBLE_FIRE] team=2 losTgt=47.38
[ACTIVE] [RED] LeadPredict dist=2201.02 dV=45.6308 thr=0.843464 om=0.0686733 lt=3
[WOBBLE_FIRE] team=2 losTgt=46.68
[WOBBLE_FIRE] team=2 losTgt=45.96
[WOBBLE_FIRE] team=2 losTgt=45.21
[ACTIVE] [RED] LeadPredict dist=550.477 dV=-0.925964 thr=1 om=0.0259731 lt=1.94945
[ACTIVE] [RED] LeadPredict dist=435.195 dV=-7.30505 thr=1 om=0.0245866 lt=1.53364
[ACTIVE] [RED] LeadPredict dist=499.698 dV=-3.96121 thr=0.779623 om=0.0172936 lt=1.60235
[DUTY] team=1 ticks=24600 v27종말조준=3.44309% v21뱅크예측=62.5163% v17궤도조건=62.7236% v17슬롯적용=52.0407% 상승클램프=0% 강하클램프=19.6951% v23b조건=41.2073% v23b실제적용=40.0813%
[WOBBLE_FIRE] team=2 losTgt=45.26
[WOBBLE_FIRE] team=2 losTgt=45.70
[WOBBLE_FIRE] team=2 losTgt=46.15
[WOBBLE_FIRE] team=2 losTgt=46.30
[WOBBLE_FIRE] team=2 losTgt=46.22
[WOBBLE_FIRE] team=2 losTgt=46.16
[WOBBLE_FIRE] team=2 losTgt=46.19
[WOBBLE_FIRE] team=2 losTgt=46.25
[WOBBLE_FIRE] team=2 losTgt=46.33
[WOBBLE_FIRE] team=2 losTgt=46.38
[WOBBLE_FIRE] team=2 losTgt=46.28
[WOBBLE_FIRE] team=2 losTgt=45.79
[ACTIVE] [RED] LeadPredict dist=515.941 dV=-4.37271 thr=0.66615 om=0.00360793 lt=1.52396
[WOBBLE_FIRE] team=2 losTgt=45.07
[WOBBLE_FIRE] team=2 losTgt=45.25
[WOBBLE_FIRE] team=2 losTgt=45.38
[WOBBLE_FIRE] team=2 losTgt=45.53
[WOBBLE_FIRE] team=2 losTgt=45.44
[WOBBLE_FIRE] team=2 losTgt=45.29
[WOBBLE_FIRE] team=2 losTgt=45.04
[ACTIVE] [RED] LeadPredict dist=482.422 dV=-4.73285 thr=0.566233 om=0.0191866 lt=1.33243
[ACTIVE] [RED] LeadPredict dist=507.449 dV=4.62997 thr=0.498893 om=0.010603 lt=1.34279
[WOBBLE_FIRE] team=2 losTgt=45.69
[WOBBLE_FIRE] team=2 losTgt=46.47
[WOBBLE_FIRE] team=2 losTgt=47.22
[WOBBLE_FIRE] team=2 losTgt=47.95
[WOBBLE_FIRE] team=2 losTgt=48.44
[WOBBLE_FIRE] team=2 losTgt=48.89
[WOBBLE_FIRE] team=2 losTgt=49.31
[WOBBLE_FIRE] team=2 losTgt=49.62
[WOBBLE_FIRE] team=2 losTgt=49.87
[WOBBLE_FIRE] team=2 losTgt=49.90
[WOBBLE_FIRE] team=2 losTgt=49.44
[WOBBLE_FIRE] team=2 losTgt=48.07
[WOBBLE_FIRE] team=2 losTgt=46.28
[ACTIVE] [RED] LeadPredict dist=462.655 dV=-3.29239 thr=0.748996 om=0.130407 lt=1.01189
[ACTIVE] [RED] LeadPredict dist=559.172 dV=10.7003 thr=0.921184 om=0.105805 lt=0.798848
[ACTIVE] [RED] ClimbOut Z=2620.68
[ACTIVE] [RED] LeadPredict dist=643.177 dV=13.9413 thr=0.569294 om=0.049752 lt=1.77997
[ACTIVE] [RED] LeadPredict dist=708.696 dV=-5.29874 thr=0.785307 om=0.2408 lt=2.28232
[ACTIVE] [RED] LeadPredict dist=824.897 dV=-3.96118 thr=1 om=0.00452314 lt=0.740282
[ACTIVE] [RED] LeadPredict dist=841.968 dV=3.90976 thr=0.953801 om=0.0390781 lt=0
[ACTIVE] [RED] LeadPredict dist=815.04 dV=6.89349 thr=0.689107 om=0.205119 lt=2.44646
[DUTY] team=1 ticks=25200 v27종말조준=3.90079% v21뱅크예측=62.1111% v17궤도조건=62.5278% v17슬롯적용=52.0992% 상승클램프=0% 강하클램프=20.2381% v23b조건=42% v23b실제적용=40.9008%
[ACTIVE] [RED] LeadPredict dist=936.175 dV=-5.50449 thr=1 om=0.0293342 lt=2.87988
[ACTIVE] [RED] LeadPredict dist=928.943 dV=1.95486 thr=1 om=0.0157368 lt=2.67556
[ACTIVE] [RED] LeadPredict dist=992.842 dV=-4.26987 thr=0.61477 om=0.173979 lt=2.83149
[WOBBLE_FIRE] team=2 losTgt=45.87
[ACTIVE] [RED] ClimbOut Z=2533.18
[WOBBLE_FIRE] team=2 losTgt=46.57
[WOBBLE_FIRE] team=2 losTgt=45.34
[WOBBLE_FIRE] team=2 losTgt=45.02
[WOBBLE_FIRE] team=2 losTgt=46.59
[WOBBLE_FIRE] team=2 losTgt=47.98
[WOBBLE_FIRE] team=2 losTgt=46.32
[WOBBLE_FIRE] team=2 losTgt=46.10
[WOBBLE_FIRE] team=2 losTgt=46.58
[WOBBLE_FIRE] team=2 losTgt=45.03
[WOBBLE_FIRE] team=2 losTgt=45.32
[WOBBLE_FIRE] team=2 losTgt=46.29
[WOBBLE_FIRE] team=2 losTgt=45.51
[WOBBLE_FIRE] team=2 losTgt=45.74
[ACTIVE] [RED] LeadPredict dist=1029.61 dV=25.9792 thr=0.617831 om=0.0315395 lt=2.94241
[ACTIVE] [RED] LeadPredict dist=1158.84 dV=-7.92236 thr=0.96 om=0.23102 lt=3
[ACTIVE] [RED] LeadPredict dist=1087.91 dV=-11.5234 thr=1 om=0.00766311 lt=3
[ACTIVE] [RED] LeadPredict dist=1130.66 dV=-4.78427 thr=1 om=0.0239412 lt=3
[ACTIVE] [RED] LeadPredict dist=1091.08 dV=12.8095 thr=1 om=0.25359 lt=2.99139
[WOBBLE_FIRE] team=2 losTgt=45.08
[WOBBLE_FIRE] team=2 losTgt=49.06
[WOBBLE_FIRE] team=2 losTgt=53.10
[WOBBLE_FIRE] team=2 losTgt=57.01
[ACTIVE] [RED] ClimbOut Z=2601.63
[WOBBLE_FIRE] team=2 losTgt=60.86
[WOBBLE_FIRE] team=2 losTgt=64.62
[WOBBLE_FIRE] team=2 losTgt=68.38
[WOBBLE_FIRE] team=2 losTgt=72.13
[WOBBLE_FIRE] team=2 losTgt=75.86
[WOBBLE_FIRE] team=2 losTgt=79.53
[WOBBLE_FIRE] team=2 losTgt=83.16
[WOBBLE_FIRE] team=2 losTgt=85.55
[WOBBLE_FIRE] team=2 losTgt=85.22
[WOBBLE_FIRE] team=2 losTgt=89.38
[WOBBLE_FIRE] team=2 losTgt=96.67
[WOBBLE_FIRE] team=2 losTgt=98.13
[WOBBLE_FIRE] team=2 losTgt=95.14
[WOBBLE_FIRE] team=2 losTgt=97.80
[WOBBLE_FIRE] team=2 losTgt=106.35
[WOBBLE_FIRE] team=2 losTgt=110.73
[WOBBLE_FIRE] team=2 losTgt=107.13
[WOBBLE_FIRE] team=2 losTgt=105.87
[WOBBLE_FIRE] team=2 losTgt=110.98
[WOBBLE_FIRE] team=2 losTgt=115.42
[WOBBLE_FIRE] team=2 losTgt=114.19
[WOBBLE_FIRE] team=2 losTgt=112.87
[WOBBLE_FIRE] team=2 losTgt=115.24
[WOBBLE_FIRE] team=2 losTgt=116.71
[WOBBLE_FIRE] team=2 losTgt=117.67
[WOBBLE_FIRE] team=2 losTgt=118.87
[WOBBLE_FIRE] team=2 losTgt=117.74
[WOBBLE_FIRE] team=2 losTgt=116.51
[WOBBLE_FIRE] team=2 losTgt=119.64
[WOBBLE_FIRE] team=2 losTgt=122.56
[WOBBLE_FIRE] team=2 losTgt=123.25
[WOBBLE_FIRE] team=2 losTgt=124.17
[WOBBLE_FIRE] team=2 losTgt=124.49
[WOBBLE_FIRE] team=2 losTgt=126.55
[WOBBLE_FIRE] team=2 losTgt=129.34
[WOBBLE_FIRE] team=2 losTgt=129.15
[WOBBLE_FIRE] team=2 losTgt=128.81
[WOBBLE_FIRE] team=2 losTgt=131.16
[WOBBLE_FIRE] team=2 losTgt=132.88
[WOBBLE_FIRE] team=2 losTgt=132.69
[WOBBLE_FIRE] team=2 losTgt=132.86
[WOBBLE_FIRE] team=2 losTgt=132.65
[WOBBLE_FIRE] team=2 losTgt=132.33
[WOBBLE_FIRE] team=2 losTgt=130.96
[WOBBLE_FIRE] team=2 losTgt=130.00
[WOBBLE_FIRE] team=2 losTgt=130.11
[WOBBLE_FIRE] team=2 losTgt=132.52
[WOBBLE_FIRE] team=2 losTgt=133.01
[WOBBLE_FIRE] team=2 losTgt=133.63
[WOBBLE_FIRE] team=2 losTgt=134.24
[WOBBLE_FIRE] team=2 losTgt=135.10
[WOBBLE_FIRE] team=2 losTgt=135.33
[WOBBLE_FIRE] team=2 losTgt=135.49
[WOBBLE_FIRE] team=2 losTgt=135.75
[WOBBLE_FIRE] team=2 losTgt=135.85
[WOBBLE_FIRE] team=2 losTgt=135.46
[WOBBLE_FIRE] team=2 losTgt=134.27
[ACTIVE] [RED] LeadPredict dist=3794.72 dV=13.0153 thr=1 om=0.364504 lt=3
[WOBBLE_FIRE] team=2 losTgt=132.92
[WOBBLE_FIRE] team=2 losTgt=131.64
[WOBBLE_FIRE] team=2 losTgt=130.37
[WOBBLE_FIRE] team=2 losTgt=129.12
[WOBBLE_FIRE] team=2 losTgt=127.87
[WOBBLE_FIRE] team=2 losTgt=127.91
[WOBBLE_FIRE] team=2 losTgt=130.46
[ACTIVE] [RED] ClimbOut Z=1988.99
[WOBBLE_FIRE] team=2 losTgt=130.75
[WOBBLE_FIRE] team=2 losTgt=131.20
[WOBBLE_FIRE] team=2 losTgt=131.30
[WOBBLE_FIRE] team=2 losTgt=131.50
[WOBBLE_FIRE] team=2 losTgt=131.49
[WOBBLE_FIRE] team=2 losTgt=131.59
[WOBBLE_FIRE] team=2 losTgt=131.53
[WOBBLE_FIRE] team=2 losTgt=130.97
[WOBBLE_FIRE] team=2 losTgt=129.88
[WOBBLE_FIRE] team=2 losTgt=128.12
[WOBBLE_FIRE] team=2 losTgt=126.53
[WOBBLE_FIRE] team=2 losTgt=125.03
[WOBBLE_FIRE] team=2 losTgt=123.58
[WOBBLE_FIRE] team=2 losTgt=122.18
[WOBBLE_FIRE] team=2 losTgt=120.82
[WOBBLE_FIRE] team=2 losTgt=119.50
[WOBBLE_FIRE] team=2 losTgt=118.20
[WOBBLE_FIRE] team=2 losTgt=116.91
[WOBBLE_FIRE] team=2 losTgt=115.63
[WOBBLE_FIRE] team=2 losTgt=114.35
[WOBBLE_FIRE] team=2 losTgt=113.08
[WOBBLE_FIRE] team=2 losTgt=111.81
[WOBBLE_FIRE] team=2 losTgt=110.55
[WOBBLE_FIRE] team=2 losTgt=109.29
[WOBBLE_FIRE] team=2 losTgt=108.04
[WOBBLE_FIRE] team=2 losTgt=106.80
[WOBBLE_FIRE] team=2 losTgt=105.56
[WOBBLE_FIRE] team=2 losTgt=105.57
[WOBBLE_FIRE] team=2 losTgt=108.22
[WOBBLE_FIRE] team=2 losTgt=107.99
[WOBBLE_FIRE] team=2 losTgt=106.98
[WOBBLE_FIRE] team=2 losTgt=105.22
[WOBBLE_FIRE] team=2 losTgt=104.23
[WOBBLE_FIRE] team=2 losTgt=102.97
[WOBBLE_FIRE] team=2 losTgt=101.73
[WOBBLE_FIRE] team=2 losTgt=100.47
[WOBBLE_FIRE] team=2 losTgt=99.20
[WOBBLE_FIRE] team=2 losTgt=97.93
[WOBBLE_FIRE] team=2 losTgt=96.68
[WOBBLE_FIRE] team=2 losTgt=95.44
[WOBBLE_FIRE] team=2 losTgt=94.22
[WOBBLE_FIRE] team=2 losTgt=93.01
[WOBBLE_FIRE] team=2 losTgt=91.81
[WOBBLE_FIRE] team=2 losTgt=90.62
[WOBBLE_FIRE] team=2 losTgt=89.43
[WOBBLE_FIRE] team=2 losTgt=88.24
[WOBBLE_FIRE] team=2 losTgt=87.05
[WOBBLE_FIRE] team=2 losTgt=85.86
[WOBBLE_FIRE] team=2 losTgt=84.66
[WOBBLE_FIRE] team=2 losTgt=83.47
[WOBBLE_FIRE] team=2 losTgt=82.28
[WOBBLE_FIRE] team=2 losTgt=81.08
[WOBBLE_FIRE] team=2 losTgt=79.90
[WOBBLE_FIRE] team=2 losTgt=78.72
[WOBBLE_FIRE] team=2 losTgt=77.54
[WOBBLE_FIRE] team=2 losTgt=76.36
[WOBBLE_FIRE] team=2 losTgt=75.17
[WOBBLE_FIRE] team=2 losTgt=73.98
[WOBBLE_FIRE] team=2 losTgt=72.77
[WOBBLE_FIRE] team=2 losTgt=71.56
[WOBBLE_FIRE] team=2 losTgt=70.34
[WOBBLE_FIRE] team=2 losTgt=69.12
[ACTIVE] [RED] LeadPredict dist=5190.03 dV=54.222 thr=1 om=0.285104 lt=3
[DUTY] team=1 ticks=25800 v27종말조준=3.84109% v21뱅크예측=61.8566% v17궤도조건=62.1395% v17슬롯적용=51.907% 상승클램프=0% 강하클램프=19.969% v23b조건=41.9264% v23b실제적용=40.8527%
[WOBBLE_FIRE] team=2 losTgt=67.89
[WOBBLE_FIRE] team=2 losTgt=66.65
[WOBBLE_FIRE] team=2 losTgt=65.41
[WOBBLE_FIRE] team=2 losTgt=64.16
[WOBBLE_FIRE] team=2 losTgt=62.91
[WOBBLE_FIRE] team=2 losTgt=61.65
[WOBBLE_FIRE] team=2 losTgt=60.38
[WOBBLE_FIRE] team=2 losTgt=59.11
[WOBBLE_FIRE] team=2 losTgt=57.83
[WOBBLE_FIRE] team=2 losTgt=56.54
[WOBBLE_FIRE] team=2 losTgt=55.25
[WOBBLE_FIRE] team=2 losTgt=53.95
[WOBBLE_FIRE] team=2 losTgt=52.63
[WOBBLE_FIRE] team=2 losTgt=51.31
[WOBBLE_FIRE] team=2 losTgt=49.98
[WOBBLE_FIRE] team=2 losTgt=48.64
[WOBBLE_FIRE] team=2 losTgt=47.29
[WOBBLE_FIRE] team=2 losTgt=45.94
[ACTIVE] [RED] LeadPredict dist=3136.55 dV=71.61 thr=1 om=0.292735 lt=3
[WOBBLE_FIRE] team=2 losTgt=47.02
[WOBBLE_FIRE] team=2 losTgt=55.61
[WOBBLE_FIRE] team=2 losTgt=63.82
[WOBBLE_FIRE] team=2 losTgt=72.64
[WOBBLE_FIRE] team=2 losTgt=81.62
[WOBBLE_FIRE] team=2 losTgt=90.08
[WOBBLE_FIRE] team=2 losTgt=97.74
[WOBBLE_FIRE] team=2 losTgt=104.22
[WOBBLE_FIRE] team=2 losTgt=109.36
[WOBBLE_FIRE] team=2 losTgt=113.21
[ACTIVE] [RED] LeadPredict dist=510.689 dV=24.2816 thr=0.67 om=0.144943 lt=1.54869
[WOBBLE_FIRE] team=2 losTgt=116.40
[WOBBLE_FIRE] team=2 losTgt=118.76
[WOBBLE_FIRE] team=2 losTgt=120.28
[WOBBLE_FIRE] team=2 losTgt=121.32
[WOBBLE_FIRE] team=2 losTgt=122.04
[WOBBLE_FIRE] team=2 losTgt=122.50
[WOBBLE_FIRE] team=2 losTgt=122.76
[WOBBLE_FIRE] team=2 losTgt=122.82
[WOBBLE_FIRE] team=2 losTgt=122.70
[WOBBLE_FIRE] team=2 losTgt=122.44
[WOBBLE_FIRE] team=2 losTgt=122.07
[WOBBLE_FIRE] team=2 losTgt=121.60
[WOBBLE_FIRE] team=2 losTgt=121.05
[WOBBLE_FIRE] team=2 losTgt=120.41
[WOBBLE_FIRE] team=2 losTgt=119.71
[WOBBLE_FIRE] team=2 losTgt=118.94
[WOBBLE_FIRE] team=2 losTgt=118.11
[WOBBLE_FIRE] team=2 losTgt=117.24
[WOBBLE_FIRE] team=2 losTgt=116.31
[WOBBLE_FIRE] team=2 losTgt=115.35
[WOBBLE_FIRE] team=2 losTgt=114.34
[WOBBLE_FIRE] team=2 losTgt=113.30
[WOBBLE_FIRE] team=2 losTgt=112.22
[WOBBLE_FIRE] team=2 losTgt=111.12
[WOBBLE_FIRE] team=2 losTgt=109.98
[WOBBLE_FIRE] team=2 losTgt=108.81
[WOBBLE_FIRE] team=2 losTgt=107.61
[WOBBLE_FIRE] team=2 losTgt=106.39
[WOBBLE_FIRE] team=2 losTgt=105.14
[WOBBLE_FIRE] team=2 losTgt=103.88
[WOBBLE_FIRE] team=2 losTgt=102.60
[WOBBLE_FIRE] team=2 losTgt=101.30
[WOBBLE_FIRE] team=2 losTgt=99.98
[WOBBLE_FIRE] team=2 losTgt=98.65
[WOBBLE_FIRE] team=2 losTgt=97.29
[WOBBLE_FIRE] team=2 losTgt=95.92
[WOBBLE_FIRE] team=2 losTgt=94.54
[WOBBLE_FIRE] team=2 losTgt=93.15
[WOBBLE_FIRE] team=2 losTgt=91.75
[WOBBLE_FIRE] team=2 losTgt=90.35
[WOBBLE_FIRE] team=2 losTgt=88.93
[WOBBLE_FIRE] team=2 losTgt=87.51
[WOBBLE_FIRE] team=2 losTgt=86.08
[WOBBLE_FIRE] team=2 losTgt=84.64
[WOBBLE_FIRE] team=2 losTgt=83.20
[WOBBLE_FIRE] team=2 losTgt=81.74
[WOBBLE_FIRE] team=2 losTgt=80.28
[WOBBLE_FIRE] team=2 losTgt=78.79
[WOBBLE_FIRE] team=2 losTgt=77.28
[WOBBLE_FIRE] team=2 losTgt=75.72
[WOBBLE_FIRE] team=2 losTgt=74.14
[WOBBLE_FIRE] team=2 losTgt=72.52
[WOBBLE_FIRE] team=2 losTgt=70.91
[WOBBLE_FIRE] team=2 losTgt=69.33
[WOBBLE_FIRE] team=2 losTgt=67.77
[WOBBLE_FIRE] team=2 losTgt=66.21
[WOBBLE_FIRE] team=2 losTgt=64.66
[WOBBLE_FIRE] team=2 losTgt=63.10
[WOBBLE_FIRE] team=2 losTgt=61.53
[WOBBLE_FIRE] team=2 losTgt=59.96
[ACTIVE] [RED] LeadPredict dist=2016.56 dV=-11.7807 thr=1 om=0.235657 lt=3
[WOBBLE_FIRE] team=2 losTgt=58.37
[WOBBLE_FIRE] team=2 losTgt=56.78
[WOBBLE_FIRE] team=2 losTgt=55.17
[WOBBLE_FIRE] team=2 losTgt=53.56
[WOBBLE_FIRE] team=2 losTgt=51.93
[WOBBLE_FIRE] team=2 losTgt=50.29
[WOBBLE_FIRE] team=2 losTgt=48.63
[WOBBLE_FIRE] team=2 losTgt=46.96
[WOBBLE_FIRE] team=2 losTgt=45.27
runner:local/env:0	num_steps=[11999] | total rewards=[611.6746] | termination= [max time out]
[seed 14] reward=   611.67 ownHP=1.0000 tgtHP=0.2909 max time out
Remove Space Complete.

[rehearsal own_rep=6 tgt_rep=6 seeds=15]
SUMMARY dealt=7.8066 taken=0.0000 mean_reward=692.20
tacview log saved (last episode)

########## dtfix_full vs ACE ##########


     JSBSim Flight Dynamics Model v1.0.0 May 27 2026 16:13:38
            [JSBSim-ML v2.0]

JSBSim startup beginning ...

total: 2
Behavior Tree Initialized Successfully
[ACTIVE] [RED] LeadPredict dist=3823.2 dV=-13.8899 thr=1 om=0.0592154 lt=3
[ACTIVE] [RED] LeadPredict dist=2789.75 dV=-14.4557 thr=1 om=0.10545 lt=3
[ACTIVE] [RED] LeadPredict dist=1249.6 dV=-7.40796 thr=1 om=0.211086 lt=3
[ACTIVE] [RED] ClimbOut Z=2207.69
[ACTIVE] [RED] LeadPredict dist=1290.47 dV=5.9675 thr=1 om=0.106151 lt=3
[ACTIVE] [RED] Evade Z=3146.73
[ACTIVE] [RED] Evade Z=3975.65
[ACTIVE] [RED] Evade Z=4738.21
[ACTIVE] [RED] Evade Z=5156.76
[ACTIVE] [RED] LeadPredict dist=759.429 dV=7.71661 thr=0.907401 om=0.137901 lt=2.60725
[ACTIVE] [RED] Evade Z=5419.05
[ACTIVE] [RED] Evade Z=5348.13
[ACTIVE] [RED] Evade Z=4806.7
[ACTIVE] [RED] Evade Z=3550.7
[ACTIVE] [RED] ClimbOut Z=2356.03
[ACTIVE] [RED] Evade Z=2308.47
[ACTIVE] [RED] LeadPredict dist=878.778 dV=5.40161 thr=0.569512 om=0.0794144 lt=2.43233
[ACTIVE] [RED] LeadPredict dist=577.372 dV=-34.2103 thr=0.864672 om=0.196365 lt=1.97837
[ACTIVE] [RED] LeadPredict dist=342.029 dV=-7.66516 thr=0.971982 om=0.306835 lt=1.25705
[ACTIVE] [RED] LeadPredict dist=380.471 dV=-21.4007 thr=1 om=0.307413 lt=1.61446
[ACTIVE] [RED] LeadPredict dist=408.957 dV=3.80685 thr=0.954318 om=0.189049 lt=1.85911
[DUTY] team=1 ticks=600 v27종말조준=0% v21뱅크예측=73.8333% v17궤도조건=63.6667% v17슬롯적용=8.5% 상승클램프=0% 강하클램프=5.83333% v23b조건=13% v23b실제적용=13%
[ACTIVE] [RED] LeadPredict dist=1437.37 dV=40.4864 thr=1 om=0.167777 lt=3
[ACTIVE] [RED] LeadPredict dist=1337.13 dV=18.417 thr=1 om=0.0999533 lt=3
[ACTIVE] [RED] LeadPredict dist=527.904 dV=-33.0271 thr=1 om=0.226243 lt=2.81683
[ACTIVE] [RED] LeadPredict dist=1706.44 dV=-41.7725 thr=1 om=0.184893 lt=3
[ACTIVE] [RED] LeadPredict dist=953.774 dV=4.93863 thr=1 om=0.116112 lt=3
[ACTIVE] [RED] LeadPredict dist=982.083 dV=41.361 thr=0.801999 om=0.156327 lt=3
[ACTIVE] [RED] LeadPredict dist=1065.57 dV=1.95488 thr=1 om=0.186714 lt=3
[ACTIVE] [RED] LeadPredict dist=964.843 dV=-28.8601 thr=1 om=0.188929 lt=3
[ACTIVE] [RED] LeadPredict dist=1459.81 dV=18.7771 thr=1 om=0.152021 lt=3
[ACTIVE] [RED] LeadPredict dist=1316.4 dV=34.1588 thr=1 om=0.201295 lt=3
[DUTY] team=1 ticks=1200 v27종말조준=0.583333% v21뱅크예측=84.0833% v17궤도조건=81.0833% v17슬롯적용=44.1667% 상승클램프=0% 강하클램프=22.25% v23b조건=6.5% v23b실제적용=6.5%
[ACTIVE] [RED] LeadPredict dist=1091.9 dV=-8.59114 thr=1 om=0.163815 lt=3
[ACTIVE] [RED] LeadPredict dist=1292.23 dV=-27.3168 thr=1 om=0.262751 lt=3
[ACTIVE] [RED] LeadPredict dist=1716.39 dV=-3.49818 thr=1 om=0.266178 lt=3
[ACTIVE] [RED] LeadPredict dist=1481.09 dV=4.99008 thr=1 om=0.164306 lt=3
[ACTIVE] [RED] LeadPredict dist=1270.36 dV=1.69763 thr=0.76563 om=0.210813 lt=3
[ACTIVE] [RED] LeadPredict dist=1394.77 dV=2.77798 thr=0.67249 om=0.0802887 lt=3
[ACTIVE] [RED] LeadPredict dist=1362.04 dV=13.6327 thr=0.610398 om=0.233063 lt=3
init ID:1 Lat37.92355643001773 Lon128.18188127777776 Alt(meter)7000.0785355893395 Speed(m/sec)300.0
init ID:1 Lat37.96855377446113 Lon128.18188127777776 Alt(meter)7002.8272734023885 Speed(m/sec)300.0
runner:local/env:0	num_steps=[11999] | total rewards=[8.5032] | termination= [max time out]
[seed 0] reward=     8.50 ownHP=0.9726 tgtHP=1.0000 max time out
total: 2
[ACTIVE] [RED] LeadPredict dist=4278.08 dV=-8.23102 thr=1 om=0.0371367 lt=3
[ACTIVE] [RED] LeadPredict dist=1811.93 dV=-17.9025 thr=1 om=0.128341 lt=3
[ACTIVE] [RED] LeadPredict dist=1351.72 dV=2.41788 thr=0.637071 om=0.195425 lt=3
[DUTY] team=1 ticks=1800 v27종말조준=0.388889% v21뱅크예측=85.5% v17궤도조건=82.9444% v17슬롯적용=55.8333% 상승클램프=0% 강하클램프=18.5% v23b조건=17.0556% v23b실제적용=17.0556%
[ACTIVE] [RED] Evade Z=3326.64
[DUTY_EV] team=1 evadeTicks=300 v31?섍컯?섏꽑(>3000m)=92.3333% 以묎컙(2200~3000)=7.66667% ?곸듅(<2200)=0%
[ACTIVE] [RED] LeadPredict dist=268.561 dV=-15.639 thr=0.805691 om=0.172584 lt=0.726071
[ACTIVE] [RED] ClimbOut Z=2359.11
[ACTIVE] [RED] ClimbOut Z=1917.75
[ACTIVE] [RED] LeadPredict dist=1296.65 dV=-1.69763 thr=0.626795 om=0.0676578 lt=3
[ACTIVE] [RED] Evade Z=3235.15
[ACTIVE] [RED] LeadPredict dist=617.386 dV=-34.0045 thr=0.867077 om=0.191361 lt=2.11959
[ACTIVE] [RED] LeadPredict dist=355.835 dV=12.0379 thr=0.88 om=0.284541 lt=1.25466
[ACTIVE] [RED] LeadPredict dist=334.714 dV=-12.2951 thr=1 om=0.0865394 lt=1.26337
[ACTIVE] [RED] LeadPredict dist=113.779 dV=4.7843 thr=0.904 om=0.0048394 lt=0.42689
[ACTIVE] [RED] LeadPredict dist=115.856 dV=-8.38538 thr=0.946722 om=0.0842367 lt=0.439516
[ACTIVE] [RED] LeadPredict dist=188.326 dV=5.9675 thr=0.882823 om=0.107442 lt=0.659959
[ACTIVE] [RED] LeadPredict dist=40.9153 dV=-8.33392 thr=0.800007 om=0.0121921 lt=0.139484
[ACTIVE] [RED] LeadPredict dist=219.107 dV=6.22473 thr=0.776343 om=0.0750229 lt=0.700862
[DUTY] team=1 ticks=2400 v27종말조준=0.416667% v21뱅크예측=78.0833% v17궤도조건=83.0833% v17슬롯적용=42.375% 상승클램프=0% 강하클램프=22.1667% v23b조건=24% v23b실제적용=21.625%
[ACTIVE] [RED] LeadPredict dist=330.927 dV=6.01895 thr=0.74158 om=0.0939554 lt=1.03155
[ACTIVE] [RED] LeadPredict dist=324.645 dV=-4.88718 thr=0.765848 om=0.0950541 lt=1.03031
[ACTIVE] [RED] LeadPredict dist=449.143 dV=10.5975 thr=0.709877 om=0.129432 lt=1.36824
[ACTIVE] [RED] LeadPredict dist=435.043 dV=-8.89981 thr=0.765192 om=0.134128 lt=1.38
[ACTIVE] [RED] LeadPredict dist=612.311 dV=16.8222 thr=0.69173 om=0.198831 lt=1.84135
[ACTIVE] [RED] Evade Z=4003.04
[ACTIVE] [RED] LeadPredict dist=569.385 dV=-12.0894 thr=0.763225 om=0.181168 lt=1.8035
[ACTIVE] [RED] LeadPredict dist=674.68 dV=22.481 thr=0.675551 om=0.237894 lt=2.00594
[ACTIVE] [RED] LeadPredict dist=468.449 dV=-13.6841 thr=0.747702 om=0.182595 lt=1.46682
[ACTIVE] [RED] LeadPredict dist=418.585 dV=7.40796 thr=0.720372 om=0.134117 lt=1.28481
[ACTIVE] [RED] LeadPredict dist=74.1689 dV=-17.5424 thr=0.789898 om=0.104816 lt=0.239691
[DUTY] team=1 ticks=3000 v27종말조준=0.366667% v21뱅크예측=70.8% v17궤도조건=82.9667% v17슬롯적용=33.9% 상승클램프=0% 강하클램프=26.0667% v23b조건=38.7667% v23b실제적용=34.7%
[ACTIVE] [RED] LeadPredict dist=83.8041 dV=1.74911 thr=0.679654 om=0.0213543 lt=0
[ACTIVE] [RED] LeadPredict dist=63.8595 dV=-8.95123 thr=0.777436 om=0.0434404 lt=0.204437
[ACTIVE] [RED] LeadPredict dist=59.0057 dV=10.2373 thr=0.577152 om=0.0521176 lt=0.12965
[ACTIVE] [RED] LeadPredict dist=205.804 dV=-10.546 thr=0.719497 om=0.121157 lt=0.6313
[ACTIVE] [RED] LeadPredict dist=436.339 dV=24.3845 thr=0.648878 om=0.250077 lt=1.27355
[ACTIVE] [RED] LeadPredict dist=312.393 dV=-7.56226 thr=0.724089 om=0.214388 lt=0.961445
[ACTIVE] [RED] LeadPredict dist=792.795 dV=34.7762 thr=0.582686 om=0.290263 lt=2.43265
[ACTIVE] [RED] LeadPredict dist=370.354 dV=-16.7707 thr=0.843902 om=0.0910052 lt=1.24812
runner:local/env:0	num_steps=[11999] | total rewards=[-102.4329] | termination= [max time out]
[seed 1] reward=  -102.43 ownHP=0.9961 tgtHP=1.0000 max time out
total: 2
[ACTIVE] [RED] LeadPredict dist=2298.03 dV=16.5135 thr=1 om=0.097308 lt=3
[ACTIVE] [RED] LeadPredict dist=1337.32 dV=38.0686 thr=0.699601 om=0.205392 lt=3
[DUTY] team=1 ticks=3600 v27종말조준=0.361111% v21뱅크예측=68.7222% v17궤도조건=82.8056% v17슬롯적용=29.4444% 상승클램프=0% 강하클램프=30.3611% v23b조건=46.6111% v23b실제적용=39.8611%
[ACTIVE] [RED] LeadPredict dist=3665.38 dV=53.8619 thr=1 om=0.166647 lt=3
[ACTIVE] [RED] LeadPredict dist=2382.98 dV=30.2491 thr=0.88 om=0.137594 lt=3
[ACTIVE] [RED] LeadPredict dist=1424.35 dV=-25.259 thr=0.642537 om=0.257312 lt=3
[ACTIVE] [RED] ClimbOut Z=2512.06
[ACTIVE] [RED] Evade Z=2193.3
[ACTIVE] [RED] LeadPredict dist=567.401 dV=21.5036 thr=0.593125 om=0.340025 lt=1.59501
[ACTIVE] [RED] LeadPredict dist=724.645 dV=-8.12817 thr=0.809794 om=0.030641 lt=2.3778
[ACTIVE] [RED] LeadPredict dist=632.136 dV=-17.3366 thr=1 om=0.15347 lt=2.37034
[ACTIVE] [RED] LeadPredict dist=391.148 dV=-7.45938 thr=0.984 om=0.267525 lt=1.61259
[ACTIVE] [RED] LeadPredict dist=329.59 dV=-8.95126 thr=0.992 om=0.21152 lt=1.45344
[ACTIVE] [RED] LeadPredict dist=186.974 dV=2.5722 thr=0.849134 om=0.19105 lt=0.816194
[ACTIVE] [RED] LeadPredict dist=174.281 dV=7.35651 thr=0.80805 om=0.0922177 lt=0.743099
[DUTY] team=1 ticks=4200 v27종말조준=0.380952% v21뱅크예측=69.881% v17궤도조건=81.7857% v17슬롯적용=27.0476% 상승클램프=0% 강하클램프=29.0952% v23b조건=44.7381% v23b실제적용=38.9524%
[ACTIVE] [RED] LeadPredict dist=80.416 dV=-4.83574 thr=0.807899 om=0.0510718 lt=0.330202
[ACTIVE] [RED] LeadPredict dist=26.6124 dV=12.6552 thr=0.782992 om=0.0273305 lt=0.102559
[ACTIVE] [RED] LeadPredict dist=232.526 dV=-3.18954 thr=0.918275 om=0.0220034 lt=0.876306
[ACTIVE] [RED] LeadPredict dist=334.779 dV=-2.26355 thr=0.968 om=0.0672205 lt=1.23602
[ACTIVE] [RED] LeadPredict dist=533.764 dV=22.2238 thr=0.733315 om=0.143239 lt=1.7441
[ACTIVE] [RED] LeadPredict dist=570.715 dV=-9.25992 thr=0.809357 om=0.145509 lt=1.87207
[ACTIVE] [RED] LeadPredict dist=581.226 dV=18.9314 thr=0.654562 om=0.206596 lt=1.70308
[ACTIVE] [RED] LeadPredict dist=554.825 dV=-12.861 thr=0.664619 om=0.196783 lt=1.63707
[ACTIVE] [RED] ClimbOut Z=2838.73
[ACTIVE] [RED] LeadPredict dist=561.243 dV=13.5298 thr=0.589627 om=0.160161 lt=1.57406
[ACTIVE] [RED] LeadPredict dist=482.916 dV=9.31137 thr=0.661121 om=0.532396 lt=1.42145
[DUTY] team=1 ticks=4800 v27종말조준=0.375% v21뱅크예측=66.25% v17궤도조건=81.375% v17슬롯적용=23.6667% 상승클램프=0% 강하클램프=31.1875% v23b조건=46.1042% v23b실제적용=39.7292%
[ACTIVE] [RED] LeadPredict dist=395.253 dV=-14.9702 thr=0.84587 om=0.210583 lt=1.33412
[ACTIVE] [RED] LeadPredict dist=899.141 dV=-22.018 thr=1 om=0.160398 lt=3
[ACTIVE] [RED] LeadPredict dist=926.58 dV=14.25 thr=1 om=0.272675 lt=3
[ACTIVE] [RED] LeadPredict dist=919.253 dV=-24.796 thr=1 om=0.234896 lt=3
[ACTIVE] [RED] LeadPredict dist=1475.68 dV=-26.8023 thr=0.88335 om=0.225571 lt=3
[ACTIVE] [RED] ClimbOut Z=2520.36
[ACTIVE] [RED] LeadPredict dist=1515.98 dV=29.2202 thr=0.686046 om=0.226908 lt=3
[ACTIVE] [RED] LeadPredict dist=1565.97 dV=24.5902 thr=0.850898 om=0.275239 lt=3
[ACTIVE] [RED] LeadPredict dist=1076.05 dV=-3.90976 thr=1 om=0.275254 lt=3
[ACTIVE] [RED] LeadPredict dist=1067.85 dV=-16.565 thr=1 om=0.261805 lt=3
runner:local/env:0	num_steps=[11999] | total rewards=[26.3768] | termination= [max time out]
[seed 2] reward=    26.38 ownHP=0.9707 tgtHP=1.0000 max time out
total: 2
[ACTIVE] [RED] LeadPredict dist=3210.26 dV=19.4973 thr=1 om=0.0930533 lt=3
[DUTY] team=1 ticks=5400 v27종말조준=0.444444% v21뱅크예측=69.3333% v17궤도조건=82.537% v17슬롯적용=30.1296% 상승클램프=0% 강하클램프=30.8519% v23b조건=44.5926% v23b실제적용=38.9259%
[ACTIVE] [RED] LeadPredict dist=739.332 dV=53.0902 thr=0.55 om=0.207519 lt=2.22988
[ACTIVE] [RED] LeadPredict dist=3105.79 dV=111.891 thr=1 om=0.221048 lt=3
[ACTIVE] [RED] LeadPredict dist=3536.19 dV=120.945 thr=1 om=0.172006 lt=3
[ACTIVE] [RED] LeadPredict dist=1154.89 dV=15.8962 thr=1 om=0.155277 lt=3
[ACTIVE] [RED] Evade Z=5655.04
[ACTIVE] [RED] LeadPredict dist=1951.61 dV=-39.5605 thr=0.844339 om=0.168222 lt=3
[ACTIVE] [RED] LeadPredict dist=861.532 dV=4.57852 thr=0.77678 om=0.00980202 lt=2.75671
[ACTIVE] [RED] LeadPredict dist=1039.05 dV=47.6886 thr=0.640569 om=0.208131 lt=3
[ACTIVE] [RED] LeadPredict dist=460.733 dV=-8.89981 thr=0.68058 om=0.227797 lt=1.37468
[ACTIVE] [RED] LeadPredict dist=172.783 dV=11.5749 thr=0.620238 om=0.176961 lt=0.497579
[ACTIVE] [RED] LeadPredict dist=296.409 dV=0.720215 thr=0.607555 om=0.352149 lt=0.841258
[DUTY] team=1 ticks=6000 v27종말조준=0.4% v21뱅크예측=70.15% v17궤도조건=81.3667% v17슬롯적용=29.3333% 상승클램프=0% 강하클램프=32.15% v23b조건=46.8833% v23b실제적용=40.7%
[ACTIVE] [RED] ClimbOut Z=2416.41
[ACTIVE] [RED] Evade Z=2370.15
[ACTIVE] [RED] LeadPredict dist=728.268 dV=-4.42419 thr=0.729773 om=0.196427 lt=2.25064
[ACTIVE] [RED] LeadPredict dist=899.439 dV=-47.4828 thr=1 om=0.199842 lt=3
[ACTIVE] [RED] LeadPredict dist=783.73 dV=-16.3077 thr=1 om=0.180731 lt=2.97493
[ACTIVE] [RED] LeadPredict dist=1080.22 dV=-29.9404 thr=1 om=0.250791 lt=3
[ACTIVE] [RED] LeadPredict dist=1109.12 dV=-16.8736 thr=1 om=0.236755 lt=3
[ACTIVE] [RED] LeadPredict dist=1133.47 dV=-8.59116 thr=0.822694 om=0.313387 lt=3
[ACTIVE] [RED] LeadPredict dist=1010.96 dV=18.2112 thr=0.724963 om=0.248688 lt=3
[ACTIVE] [RED] LeadPredict dist=937.409 dV=23.5613 thr=0.843464 om=0.27509 lt=3
[ACTIVE] [RED] LeadPredict dist=881.019 dV=14.1985 thr=0.848 om=0.275295 lt=3
[ACTIVE] [RED] LeadPredict dist=1366.91 dV=3.54962 thr=1 om=0.292051 lt=3
[DUTY] team=1 ticks=6600 v27종말조준=0.454545% v21뱅크예측=71.9394% v17궤도조건=82.7879% v17슬롯적용=34.0455% 상승클램프=0% 강하클램프=29.9242% v23b조건=46.0455% v23b실제적용=40.4242%
[ACTIVE] [RED] LeadPredict dist=930.316 dV=29.6317 thr=0.814386 om=0.283191 lt=3
[ACTIVE] [RED] LeadPredict dist=1209.14 dV=27.0081 thr=1 om=0.304139 lt=3
[ACTIVE] [RED] LeadPredict dist=1037.56 dV=-11.6778 thr=1 om=0.255052 lt=3
[ACTIVE] [RED] LeadPredict dist=898.711 dV=11.9865 thr=0.88 om=0.252847 lt=3
[ACTIVE] [RED] LeadPredict dist=1192.95 dV=3.18954 thr=1 om=0.271256 lt=3
[ACTIVE] [RED] LeadPredict dist=1006.2 dV=11.2148 thr=0.92 om=0.27192 lt=3
[ACTIVE] [RED] LeadPredict dist=1261.71 dV=28.1399 thr=0.821382 om=0.323157 lt=3
[ACTIVE] [RED] LeadPredict dist=900.535 dV=6.07037 thr=0.927155 om=0.264574 lt=3
[ACTIVE] [RED] LeadPredict dist=1094.93 dV=10.9576 thr=0.855927 om=0.202291 lt=3
[ACTIVE] [RED] LeadPredict dist=1055 dV=2.31497 thr=1 om=0.265502 lt=3
[DUTY] team=1 ticks=7200 v27종말조준=0.416667% v21뱅크예측=74.0833% v17궤도조건=84.0833% v17슬롯적용=39.4028% 상승클램프=0% 강하클램프=27.4306% v23b조건=45.8056% v23b실제적용=40.3889%
[ACTIVE] [RED] LeadPredict dist=1006.63 dV=8.02527 thr=0.845432 om=0.265589 lt=3
runner:local/env:0	num_steps=[11999] | total rewards=[214.3984] | termination= [max time out]
[seed 3] reward=   214.40 ownHP=1.0000 tgtHP=0.9763 max time out
total: 2
[ACTIVE] [RED] LeadPredict dist=3150.87 dV=4.99005 thr=1 om=0.0461709 lt=3
[ACTIVE] [RED] LeadPredict dist=1122.82 dV=13.2726 thr=1 om=0.165388 lt=3
[ACTIVE] [RED] LeadPredict dist=1382.2 dV=29.7346 thr=0.577821 om=0.166119 lt=3
[ACTIVE] [RED] Evade Z=3943.39
[ACTIVE] [RED] ClimbOut Z=2684.04
[ACTIVE] [RED] LeadPredict dist=665.752 dV=14.6101 thr=0.513807 om=0.817115 lt=1.74012
[ACTIVE] [RED] LeadPredict dist=547.328 dV=-21.1435 thr=0.721028 om=0.108115 lt=1.68077
[ACTIVE] [RED] LeadPredict dist=519.054 dV=-19.1372 thr=1 om=0.107925 lt=1.82092
[ACTIVE] [RED] LeadPredict dist=693.871 dV=12.398 thr=0.851224 om=0.247855 lt=2.47484
[ACTIVE] [RED] LeadPredict dist=809.87 dV=-42.9043 thr=1 om=0.259382 lt=3
[ACTIVE] [RED] LeadPredict dist=751.022 dV=-10.8032 thr=1 om=0.160887 lt=0.836365
[DUTY] team=1 ticks=7800 v27종말조준=0.423077% v21뱅크예측=72.8333% v17궤도조건=83.641% v17슬롯적용=38.9359% 상승클램프=0% 강하클램프=27.1282% v23b조건=45.9103% v23b실제적용=40.2949%
[ACTIVE] [RED] LeadPredict dist=867.262 dV=20.5776 thr=0.753069 om=0.251478 lt=3
[ACTIVE] [RED] LeadPredict dist=852.876 dV=-41.4639 thr=1 om=0.0500264 lt=3
[ACTIVE] [RED] LeadPredict dist=1373.13 dV=-37.194 thr=1 om=0.285217 lt=3
[ACTIVE] [RED] LeadPredict dist=1317.89 dV=3.7554 thr=1 om=0.231668 lt=3
[ACTIVE] [RED] LeadPredict dist=1175.81 dV=13.1182 thr=0.787275 om=0.236246 lt=3
[ACTIVE] [RED] LeadPredict dist=1126.84 dV=19.6516 thr=0.8 om=0.229316 lt=3
[ACTIVE] [RED] LeadPredict dist=968.342 dV=27.2139 thr=0.722777 om=0.25901 lt=2.97742
[ACTIVE] [RED] LeadPredict dist=1064.15 dV=11.5749 thr=0.991231 om=0.303233 lt=3
[ACTIVE] [RED] LeadPredict dist=1051.57 dV=6.37906 thr=1 om=0.130846 lt=3
[ACTIVE] [RED] LeadPredict dist=1337.56 dV=-8.48825 thr=1 om=0.23691 lt=3
[DUTY] team=1 ticks=8400 v27종말조준=0.440476% v21뱅크예측=74.25% v17궤도조건=84.5476% v17슬롯적용=43.0357% 상승클램프=0% 강하클램프=27.7619% v23b조건=45.0595% v23b실제적용=39.8452%
[ACTIVE] [RED] LeadPredict dist=1032.8 dV=24.796 thr=0.803017 om=0.275658 lt=3
[ACTIVE] [RED] LeadPredict dist=1124.63 dV=6.0704 thr=1 om=0.265491 lt=3
[ACTIVE] [RED] LeadPredict dist=1261.35 dV=6.37906 thr=0.86511 om=0.31899 lt=3
[ACTIVE] [RED] LeadPredict dist=958.455 dV=6.01895 thr=0.855489 om=0.309051 lt=3
[ACTIVE] [RED] LeadPredict dist=972.662 dV=6.99637 thr=0.837561 om=0.315681 lt=3
[ACTIVE] [RED] LeadPredict dist=866.984 dV=25.0018 thr=0.699979 om=0.277157 lt=2.88036
[ACTIVE] [RED] LeadPredict dist=1002.45 dV=10.9576 thr=1 om=0.220835 lt=3
[ACTIVE] [RED] LeadPredict dist=1241.26 dV=0.0514221 thr=1 om=0.272142 lt=3
[ACTIVE] [RED] LeadPredict dist=939.798 dV=2.2121 thr=0.992106 om=0.326197 lt=3
[ACTIVE] [RED] LeadPredict dist=979.507 dV=7.76804 thr=0.838217 om=0.273104 lt=3
[DUTY] team=1 ticks=9000 v27종말조준=0.411111% v21뱅크예측=75.8% v17궤도조건=85.4667% v17슬롯적용=46.7222% 상승클램프=0% 강하클램프=25.9111% v23b조건=46.2778% v23b실제적용=40.9111%
[ACTIVE] [RED] LeadPredict dist=909.48 dV=24.0244 thr=0.711708 om=0.0711132 lt=3
[ACTIVE] [RED] LeadPredict dist=797.746 dV=3.29242 thr=0.960491 om=0.250642 lt=2.80417
[ACTIVE] [RED] LeadPredict dist=1179.04 dV=3.44675 thr=1 om=0.236833 lt=3
runner:local/env:0	num_steps=[11999] | total rewards=[246.1075] | termination= [max time out]
[seed 4] reward=   246.11 ownHP=1.0000 tgtHP=0.9950 max time out
total: 2
[ACTIVE] [RED] LeadPredict dist=2488.07 dV=17.8511 thr=1 om=0.0758327 lt=3
[ACTIVE] [RED] LeadPredict dist=1225.04 dV=42.2355 thr=1 om=0.13934 lt=3
[ACTIVE] [RED] Evade Z=6921.49
[ACTIVE] [RED] LeadPredict dist=1501.05 dV=64.4593 thr=1 om=0.0441379 lt=3
[ACTIVE] [RED] LeadPredict dist=1139.62 dV=23.0984 thr=1 om=0.135468 lt=2.83825
[ACTIVE] [RED] ClimbOut Z=2767.59
[ACTIVE] [RED] LeadPredict dist=1123.14 dV=2.67508 thr=1 om=0.070812 lt=2.9595
[ACTIVE] [RED] Evade Z=2920.84
[ACTIVE] [RED] Evade Z=3643.66
[ACTIVE] [RED] Evade Z=4272.36
[DUTY_EV] team=1 evadeTicks=600 v31?섍컯?섏꽑(>3000m)=84.8333% 以묎컙(2200~3000)=11.8333% ?곸듅(<2200)=3.33333%
[ACTIVE] [RED] Evade Z=4466.24
[ACTIVE] [RED] Evade Z=4151.93
[ACTIVE] [RED] Evade Z=4029.24
[ACTIVE] [RED] Evade Z=3542.33
[ACTIVE] [RED] ClimbOut Z=2648.46
[ACTIVE] [RED] Evade Z=2205.72
[ACTIVE] [RED] LeadPredict dist=717.694 dV=-5.0415 thr=0.616738 om=0.109894 lt=2.0495
[ACTIVE] [RED] LeadPredict dist=361.02 dV=-32.8213 thr=0.847181 om=0.22115 lt=1.21984
[DUTY] team=1 ticks=9600 v27종말조준=0.40625% v21뱅크예측=75.5208% v17궤도조건=85.3542% v17슬롯적용=45.9792% 상승클램프=0% 강하클램프=24.9792% v23b조건=45.4583% v23b실제적용=39.9375%
[ACTIVE] [RED] LeadPredict dist=320.831 dV=-11.7292 thr=1 om=0.290701 lt=1.2028
[ACTIVE] [RED] LeadPredict dist=337.258 dV=-17.9539 thr=1 om=0.290717 lt=1.46893
[ACTIVE] [RED] LeadPredict dist=1283.27 dV=-30.2491 thr=1 om=0.199039 lt=3
[ACTIVE] [RED] LeadPredict dist=690.591 dV=11.9865 thr=0.891061 om=0.0625678 lt=3
[ACTIVE] [RED] LeadPredict dist=1004.02 dV=46.7626 thr=0.97 om=0.194474 lt=3
[ACTIVE] [RED] LeadPredict dist=264.411 dV=-20.0632 thr=1 om=0.156104 lt=1.43811
[ACTIVE] [RED] LeadPredict dist=1633.7 dV=-53.5532 thr=1 om=0.181048 lt=3
[ACTIVE] [RED] LeadPredict dist=1438.21 dV=-29.426 thr=1 om=0.371434 lt=3
[ACTIVE] [RED] LeadPredict dist=1159.1 dV=29.6832 thr=1 om=0.230745 lt=3
[ACTIVE] [RED] LeadPredict dist=998.148 dV=29.5289 thr=0.825318 om=0.247652 lt=3
[DUTY] team=1 ticks=10200 v27종말조준=0.529412% v21뱅크예측=76.2059% v17궤도조건=85.951% v17슬롯적용=47.5% 상승클램프=0% 강하클램프=25.8922% v23b조건=43.0882% v23b실제적용=37.8922%
[ACTIVE] [RED] LeadPredict dist=1270.24 dV=5.14441 thr=0.718185 om=0.124632 lt=3
[ACTIVE] [RED] ClimbOut Z=3047.97
[ACTIVE] [RED] ClimbOut Z=2290.43
[ACTIVE] [RED] LeadPredict dist=2701.96 dV=6.27615 thr=0.786555 om=0.259776 lt=3
[ACTIVE] [RED] LeadPredict dist=1394.55 dV=15.4846 thr=0.647128 om=0.158178 lt=3
[ACTIVE] [RED] LeadPredict dist=1184.59 dV=3.54962 thr=0.866203 om=0.256224 lt=3
[ACTIVE] [RED] LeadPredict dist=1152.24 dV=-15.8962 thr=1 om=0.264413 lt=3
[ACTIVE] [RED] LeadPredict dist=1030.29 dV=7.40793 thr=0.88 om=0.25404 lt=3
[ACTIVE] [RED] LeadPredict dist=1097.7 dV=8.84836 thr=0.982798 om=0.251044 lt=3
[ACTIVE] [RED] LeadPredict dist=925.298 dV=32.8213 thr=0.792741 om=0.282668 lt=2.99675
[ACTIVE] [RED] LeadPredict dist=1151.24 dV=12.7067 thr=1 om=0.287055 lt=3
[ACTIVE] [RED] LeadPredict dist=1110.33 dV=-3.39529 thr=1 om=0.211786 lt=3
[DUTY] team=1 ticks=10800 v27종말조준=0.5% v21뱅크예측=77.287% v17궤도조건=86.1111% v17슬롯적용=49.7037% 상승클램프=0% 강하클램프=24.9722% v23b조건=43.9815% v23b실제적용=39.0556%
runner:local/env:0	num_steps=[11999] | total rewards=[92.9511] | termination= [max time out]
[seed 5] reward=    92.95 ownHP=0.9992 tgtHP=0.9568 max time out
total: 2
[ACTIVE] [RED] LeadPredict dist=1901.09 dV=23.1498 thr=0.780716 om=0.160753 lt=3
[ACTIVE] [RED] LeadPredict dist=1962.23 dV=56.9999 thr=0.678175 om=0.192695 lt=3
[ACTIVE] [RED] LeadPredict dist=2226.77 dV=58.2346 thr=0.588752 om=0.177376 lt=3
[ACTIVE] [RED] LeadPredict dist=726.893 dV=5.29874 thr=0.936415 om=0.190737 lt=2.09765
[ACTIVE] [RED] LeadPredict dist=711.406 dV=-8.69403 thr=0.656093 om=0.0906618 lt=2.08673
[ACTIVE] [RED] ClimbOut Z=3271.82
[ACTIVE] [RED] ClimbOut Z=2424.77
[ACTIVE] [RED] LeadPredict dist=608.972 dV=-13.0668 thr=0.747264 om=0.19412 lt=1.90621
[ACTIVE] [RED] LeadPredict dist=797.764 dV=-29.8889 thr=1 om=0.088676 lt=2.82879
[ACTIVE] [RED] LeadPredict dist=862.534 dV=1.0289 thr=0.860955 om=0.241119 lt=2.94665
[ACTIVE] [RED] LeadPredict dist=1251.02 dV=-16.102 thr=1 om=0.234204 lt=3
[ACTIVE] [RED] LeadPredict dist=1450.89 dV=-4.37274 thr=1 om=0.226525 lt=3
[DUTY] team=1 ticks=11400 v27종말조준=0.508772% v21뱅크예측=77.886% v17궤도조건=86.5877% v17슬롯적용=50.1667% 상승클램프=0% 강하클램프=25.1316% v23b조건=44.8421% v23b실제적용=40.1754%
[ACTIVE] [RED] LeadPredict dist=1124.21 dV=24.1272 thr=0.720809 om=0.255833 lt=3
[ACTIVE] [RED] LeadPredict dist=1079.78 dV=11.6778 thr=0.870357 om=0.355003 lt=3
[ACTIVE] [RED] LeadPredict dist=958.664 dV=10.1859 thr=1 om=0.266783 lt=3
[ACTIVE] [RED] LeadPredict dist=1297.96 dV=12.6552 thr=0.85068 om=0.258914 lt=3
[ACTIVE] [RED] LeadPredict dist=978.969 dV=29.4774 thr=0.842809 om=0.187095 lt=3
[ACTIVE] [RED] LeadPredict dist=932.847 dV=11.472 thr=1 om=0.204371 lt=3
[ACTIVE] [RED] LeadPredict dist=1273.33 dV=-11.8835 thr=1 om=0.264778 lt=3
[ACTIVE] [RED] LeadPredict dist=886.182 dV=14.1985 thr=0.872 om=0.28582 lt=3
[ACTIVE] [RED] LeadPredict dist=1099.93 dV=-2.41788 thr=1 om=0.225494 lt=3
[ACTIVE] [RED] LeadPredict dist=933.147 dV=22.7383 thr=0.823569 om=0.272555 lt=3
[DUTY] team=1 ticks=12000 v27종말조준=0.483333% v21뱅크예측=78.8667% v17궤도조건=87.1583% v17슬롯적용=52.5583% 상승클램프=0% 강하클램프=23.875% v23b조건=44.5% v23b실제적용=40.0667%
[ACTIVE] [RED] LeadPredict dist=1048.43 dV=7.61371 thr=1 om=0.329268 lt=3
[ACTIVE] [RED] LeadPredict dist=1040.17 dV=-2.26352 thr=1 om=0.346514 lt=3
[ACTIVE] [RED] LeadPredict dist=1135.53 dV=13.2726 thr=1 om=0.266809 lt=3
[ACTIVE] [RED] LeadPredict dist=1083.48 dV=5.7103 thr=1 om=0.274977 lt=3
[ACTIVE] [RED] LeadPredict dist=869.388 dV=30.7635 thr=0.630838 om=0.281948 lt=2.84842
[ACTIVE] [RED] LeadPredict dist=940.913 dV=5.76172 thr=1 om=0.268488 lt=3
[ACTIVE] [RED] LeadPredict dist=1182.84 dV=9.51712 thr=0.856801 om=0.275823 lt=3
[ACTIVE] [RED] LeadPredict dist=957.809 dV=4.32129 thr=0.866203 om=0.264941 lt=3
[ACTIVE] [RED] LeadPredict dist=849.909 dV=11.6263 thr=0.860484 om=0.264579 lt=0.803662
[ACTIVE] [RED] LeadPredict dist=1067.79 dV=18.4684 thr=0.850024 om=0.34636 lt=3
[DUTY] team=1 ticks=12600 v27종말조준=0.563492% v21뱅크예측=79.7698% v17궤도조건=87.6984% v17슬롯적용=54.746% 상승클램프=0% 강하클램프=22.7381% v23b조건=45.2143% v23b실제적용=39.8889%
[ACTIVE] [RED] LeadPredict dist=902.175 dV=-5.45306 thr=1 om=0.0374852 lt=3
[ACTIVE] [RED] LeadPredict dist=919.535 dV=11.2662 thr=0.84893 om=0.210419 lt=3
runner:local/env:0	num_steps=[11999] | total rewards=[297.4081] | termination= [max time out]
[seed 6] reward=   297.41 ownHP=1.0000 tgtHP=0.9748 max time out
total: 2
[ACTIVE] [RED] LeadPredict dist=2723.86 dV=4.01263 thr=1 om=0 lt=3
[ACTIVE] [RED] LeadPredict dist=309.585 dV=3.03519 thr=0.804329 om=0.177808 lt=1.01158
[ACTIVE] [RED] LeadPredict dist=2625.38 dV=-9.25992 thr=0.960325 om=0.17956 lt=3
[ACTIVE] [RED] LeadPredict dist=1433.58 dV=7.40793 thr=0.601215 om=0.0554383 lt=3
[ACTIVE] [RED] ClimbOut Z=2787.29
[ACTIVE] [RED] LeadPredict dist=1989.78 dV=19.4458 thr=0.515728 om=0.309796 lt=3
[ACTIVE] [RED] ClimbOut Z=2028.3
[ACTIVE] [RED] LeadPredict dist=851.474 dV=19.3944 thr=0.651938 om=0.228345 lt=2.49044
[ACTIVE] [RED] LeadPredict dist=570.609 dV=-3.03519 thr=0.901013 om=0.0585727 lt=1.97048
[ACTIVE] [RED] LeadPredict dist=915.465 dV=-15.8962 thr=1 om=0.244226 lt=3
[DUTY] team=1 ticks=13200 v27종말조준=0.590909% v21뱅크예측=80.303% v17궤도조건=87.7045% v17슬롯적용=54.8939% 상승클램프=0% 강하클램프=22.9545% v23b조건=45.9091% v23b실제적용=40.8258%
[ACTIVE] [RED] LeadPredict dist=856.975 dV=21.5036 thr=0.780675 om=0.29904 lt=3
[ACTIVE] [RED] LeadPredict dist=279.176 dV=-22.944 thr=1 om=0.071561 lt=1.19061
[ACTIVE] [RED] LeadPredict dist=956.764 dV=-15.3817 thr=1 om=0.161478 lt=3
[ACTIVE] [RED] LeadPredict dist=868.853 dV=7.92238 thr=0.904931 om=0.252257 lt=3
[ACTIVE] [RED] LeadPredict dist=1056.99 dV=-20.4232 thr=1 om=0.237913 lt=3
[ACTIVE] [RED] LeadPredict dist=1118.48 dV=-1.54333 thr=1 om=0.229796 lt=3
[ACTIVE] [RED] ClimbOut Z=2111.78
[ACTIVE] [RED] LeadPredict dist=1380.9 dV=40.3321 thr=0.69654 om=0.106456 lt=3
[ACTIVE] [RED] LeadPredict dist=1358.48 dV=15.4332 thr=1 om=0.279155 lt=3
[ACTIVE] [RED] LeadPredict dist=1458.46 dV=-17.4395 thr=1 om=0.247994 lt=3
[ACTIVE] [RED] LeadPredict dist=1240.88 dV=-12.398 thr=1 om=0.361644 lt=3
[DUTY] team=1 ticks=13800 v27종말조준=0.637681% v21뱅크예측=81.029% v17궤도조건=88.1594% v17슬롯적용=56.3551% 상승클램프=0% 강하클램프=23.1159% v23b조건=44.7246% v23b실제적용=39.8623%
[ACTIVE] [RED] LeadPredict dist=1055.97 dV=36.268 thr=0.778092 om=0.278504 lt=3
[ACTIVE] [RED] LeadPredict dist=968.974 dV=19.1372 thr=0.908986 om=0.309685 lt=3
[ACTIVE] [RED] LeadPredict dist=863.797 dV=7.45938 thr=0.910487 om=0.0231764 lt=3
[ACTIVE] [RED] LeadPredict dist=849.659 dV=16.7193 thr=0.799368 om=0.21332 lt=2.86292
[ACTIVE] [RED] LeadPredict dist=1176.74 dV=11.6778 thr=1 om=0.257462 lt=3
[ACTIVE] [RED] LeadPredict dist=1084.36 dV=-8.64261 thr=1 om=0.274692 lt=3
[ACTIVE] [RED] LeadPredict dist=909.191 dV=2.05774 thr=0.872325 om=0.339058 lt=3
[ACTIVE] [RED] LeadPredict dist=930.141 dV=4.62997 thr=0.846525 om=0.271846 lt=3
[ACTIVE] [RED] LeadPredict dist=927.317 dV=22.5325 thr=0.806524 om=0.171981 lt=3
[ACTIVE] [RED] LeadPredict dist=845.5 dV=4.32129 thr=0.948145 om=0.247576 lt=2.97742
[DUTY] team=1 ticks=14400 v27종말조준=0.680556% v21뱅크예측=81.6944% v17궤도조건=88.5556% v17슬롯적용=58.0764% 상승클램프=0% 강하클램프=22.1528% v23b조건=44.6389% v23b실제적용=39.2847%
[ACTIVE] [RED] LeadPredict dist=1233.2 dV=3.29242 thr=1 om=0.274091 lt=3
[ACTIVE] [RED] LeadPredict dist=1012.06 dV=2.41788 thr=1 om=0.284451 lt=3
[ACTIVE] [RED] LeadPredict dist=1023.49 dV=7.5108 thr=0.839748 om=0.269376 lt=3
[ACTIVE] [RED] LeadPredict dist=917.14 dV=22.3267 thr=0.770845 om=0.103451 lt=3
runner:local/env:0	num_steps=[11999] | total rewards=[262.4737] | termination= [max time out]
[seed 7] reward=   262.47 ownHP=1.0000 tgtHP=0.9891 max time out
total: 2
[ACTIVE] [RED] LeadPredict dist=1586.72 dV=6.53339 thr=0.807827 om=0 lt=3
[ACTIVE] [RED] Evade Z=6879.2
[ACTIVE] [RED] LeadPredict dist=888.721 dV=24.8474 thr=0.620455 om=0.177845 lt=2.54426
[ACTIVE] [RED] Evade Z=4302.04
[ACTIVE] [RED] Evade Z=3640.73
[ACTIVE] [RED] ClimbOut Z=2584.42
[ACTIVE] [RED] LeadPredict dist=853.525 dV=23.5099 thr=0.576 om=0.152586 lt=2.15668
[ACTIVE] [RED] Evade Z=3383.41
[ACTIVE] [RED] LeadPredict dist=453.549 dV=-21.7094 thr=0.742236 om=0.233548 lt=1.41447
[ACTIVE] [RED] LeadPredict dist=527.013 dV=15.4846 thr=0.814184 om=0.258795 lt=1.75028
[ACTIVE] [RED] LeadPredict dist=302.549 dV=-14.5072 thr=1 om=0.223501 lt=1.10569
[DUTY] team=1 ticks=15000 v27종말조준=0.66% v21뱅크예측=81.4867% v17궤도조건=88.3667% v17슬롯적용=57.6533% 상승클램프=0% 강하클램프=21.4867% v23b조건=45.2333% v23b실제적용=39.54%
[ACTIVE] [RED] LeadPredict dist=67.9237 dV=6.12183 thr=0.877292 om=0.0469034 lt=0.255484
[ACTIVE] [RED] LeadPredict dist=420.167 dV=5.9675 thr=0.92839 om=0.00333365 lt=1.56405
[ACTIVE] [RED] LeadPredict dist=383.57 dV=-7.51083 thr=0.992 om=0.0316296 lt=1.39784
[ACTIVE] [RED] Evade Z=5811.47
[DUTY_EV] team=1 evadeTicks=900 v31?섍컯?섏꽑(>3000m)=86.1111% 以묎컙(2200~3000)=10.3333% ?곸듅(<2200)=3.55556%
[ACTIVE] [RED] LeadPredict dist=581.413 dV=19.9088 thr=0.752512 om=0.122754 lt=1.82701
[ACTIVE] [RED] LeadPredict dist=450.888 dV=-3.90973 thr=0.691949 om=0.099812 lt=1.35613
[ACTIVE] [RED] ClimbOut Z=2861.44
[ACTIVE] [RED] ClimbOut Z=2109.47
[ACTIVE] [RED] LeadPredict dist=385.542 dV=5.55597 thr=0.596842 om=0.193561 lt=1.08646
[ACTIVE] [RED] LeadPredict dist=399.569 dV=-16.0505 thr=0.827941 om=0.217946 lt=1.32975
[ACTIVE] [RED] LeadPredict dist=268.611 dV=-27.6255 thr=1 om=0.0863591 lt=0.247445
[ACTIVE] [RED] LeadPredict dist=342.929 dV=-21.7094 thr=1 om=0.308381 lt=1.29514
[ACTIVE] [RED] LeadPredict dist=817.961 dV=-46.8655 thr=1 om=0.243426 lt=3
[DUTY] team=1 ticks=15600 v27종말조준=0.711538% v21뱅크예측=80.5577% v17궤도조건=88.1923% v17슬롯적용=56.1154% 상승클램프=0% 강하클램프=22% v23b조건=45% v23b실제적용=39.2564%
[ACTIVE] [RED] LeadPredict dist=1010.35 dV=-20.1146 thr=0.834282 om=0.216887 lt=3
[ACTIVE] [RED] LeadPredict dist=1048.51 dV=8.23102 thr=0.96 om=0.323009 lt=3
[ACTIVE] [RED] LeadPredict dist=957.647 dV=14.8159 thr=0.726494 om=0.248002 lt=2.95247
[ACTIVE] [RED] LeadPredict dist=886.599 dV=6.01895 thr=0.927773 om=0.268661 lt=3
[ACTIVE] [RED] LeadPredict dist=866.366 dV=4.88718 thr=0.941354 om=0.25914 lt=3
[ACTIVE] [RED] LeadPredict dist=1066.46 dV=0.41153 thr=0.991497 om=0.254368 lt=3
[ACTIVE] [RED] LeadPredict dist=922.075 dV=27.8312 thr=0.807608 om=0.280533 lt=3
[ACTIVE] [RED] LeadPredict dist=1196.04 dV=11.2148 thr=1 om=0.292392 lt=3
[ACTIVE] [RED] LeadPredict dist=1044.18 dV=3.4982 thr=1 om=0.068036 lt=3
[ACTIVE] [RED] LeadPredict dist=1036.47 dV=18.417 thr=0.833189 om=0.215537 lt=3
[DUTY] team=1 ticks=16200 v27종말조준=0.783951% v21뱅크예측=81.1975% v17궤도조건=88.5679% v17슬롯적용=57.679% 상승클램프=0% 강하클램프=21.2222% v23b조건=45.2654% v23b실제적용=39.4321%
[ACTIVE] [RED] LeadPredict dist=1167.95 dV=4.99008 thr=1 om=0.273874 lt=3
[ACTIVE] [RED] LeadPredict dist=1023.98 dV=10.9061 thr=0.839966 om=0.268021 lt=3
[ACTIVE] [RED] LeadPredict dist=949.092 dV=20.0117 thr=0.848493 om=0.149484 lt=3
runner:local/env:0	num_steps=[11999] | total rewards=[231.8113] | termination= [max time out]
[seed 8] reward=   231.81 ownHP=0.9216 tgtHP=0.9610 max time out
total: 2
[ACTIVE] [RED] LeadPredict dist=2812.1 dV=3.6525 thr=1 om=0 lt=3
[ACTIVE] [RED] LeadPredict dist=1314.96 dV=31.0722 thr=0.756447 om=0.202625 lt=3
[ACTIVE] [RED] LeadPredict dist=3214.46 dV=95.4801 thr=1 om=0.224864 lt=3
[ACTIVE] [RED] LeadPredict dist=3139.7 dV=114.257 thr=1 om=0.213544 lt=3
[ACTIVE] [RED] LeadPredict dist=699.746 dV=13.0153 thr=0.767816 om=0.130018 lt=2.22402
[ACTIVE] [RED] LeadPredict dist=2285.67 dV=-60.9097 thr=1 om=0.156678 lt=3
[ACTIVE] [RED] LeadPredict dist=2351.55 dV=-34.7761 thr=1 om=0.163797 lt=3
[DUTY] team=1 ticks=16800 v27종말조준=0.755952% v21뱅크예측=81.1548% v17궤도조건=87.8333% v17슬롯적용=57.5655% 상승클램프=0% 강하클램프=21.506% v23b조건=45.256% v23b실제적용=39.2976%
[ACTIVE] [RED] LeadPredict dist=729.471 dV=55.4052 thr=0.55 om=0.190416 lt=2.18623
[ACTIVE] [RED] LeadPredict dist=974.271 dV=42.75 thr=0.693261 om=0.17895 lt=2.93301
[ACTIVE] [RED] LeadPredict dist=1004.59 dV=-15.0731 thr=0.733927 om=0.188578 lt=3
[ACTIVE] [RED] LeadPredict dist=418.8 dV=6.48196 thr=0.622204 om=0.283451 lt=1.20037
[ACTIVE] [RED] ClimbOut Z=3276.04
[ACTIVE] [RED] ClimbOut Z=2146.58
[ACTIVE] [RED] LeadPredict dist=999.892 dV=12.861 thr=0.620455 om=0.355721 lt=2.86252
[ACTIVE] [RED] LeadPredict dist=1125.21 dV=2.62366 thr=0.774594 om=0.15132 lt=3
[ACTIVE] [RED] LeadPredict dist=1339.56 dV=-25.1047 thr=1 om=0.248161 lt=3
[ACTIVE] [RED] LeadPredict dist=1268.63 dV=-12.8095 thr=1 om=0.239352 lt=3
[ACTIVE] [RED] LeadPredict dist=1214.07 dV=-2.41788 thr=1 om=0.243502 lt=3
[ACTIVE] [RED] LeadPredict dist=954.4 dV=36.4223 thr=0.754698 om=0.275046 lt=3
[DUTY] team=1 ticks=17400 v27종말조준=0.758621% v21뱅크예측=81.1954% v17궤도조건=88.0632% v17슬롯적용=58.6609% 상승클램프=0% 강하클램프=21.6264% v23b조건=46% v23b실제적용=39.9943%
[ACTIVE] [RED] LeadPredict dist=1038.07 dV=14.25 thr=1 om=0.313675 lt=3
[ACTIVE] [RED] LeadPredict dist=1091.52 dV=2.00632 thr=1 om=0.363581 lt=3
[ACTIVE] [RED] LeadPredict dist=793.244 dV=22.6354 thr=0.728375 om=0.2844 lt=2.62863
[ACTIVE] [RED] LeadPredict dist=1051.32 dV=7.87091 thr=0.99145 om=0.183589 lt=3
[ACTIVE] [RED] LeadPredict dist=1176.65 dV=-2.36642 thr=1 om=0.264742 lt=3
[ACTIVE] [RED] LeadPredict dist=928.406 dV=2.82941 thr=1 om=0.261093 lt=3
[ACTIVE] [RED] LeadPredict dist=903.014 dV=12.0379 thr=0.969812 om=0.262705 lt=1.00247
[ACTIVE] [RED] LeadPredict dist=1103.95 dV=20.166 thr=0.844558 om=0.311036 lt=3
[ACTIVE] [RED] LeadPredict dist=875.626 dV=-3.44675 thr=1 om=0.0919899 lt=3
[ACTIVE] [RED] LeadPredict dist=966.656 dV=6.84207 thr=0.88 om=0.205618 lt=3
[DUTY] team=1 ticks=18000 v27종말조준=0.766667% v21뱅크예측=81.7333% v17궤도조건=88.4% v17슬롯적용=59.9778% 상승클램프=0% 강하클램프=20.9056% v23b조건=45.9944% v23b실제적용=39.6944%
[ACTIVE] [RED] LeadPredict dist=1142.79 dV=4.0126 thr=1 om=0.265717 lt=3
[ACTIVE] [RED] LeadPredict dist=977.243 dV=14.9188 thr=0.84 om=0.270058 lt=3
[ACTIVE] [RED] LeadPredict dist=1229.66 dV=11.3177 thr=0.848712 om=0.2265 lt=3
[ACTIVE] [RED] LeadPredict dist=1043.77 dV=-3.80685 thr=1 om=0.0409207 lt=3
[ACTIVE] [RED] LeadPredict dist=1044.09 dV=17.5938 thr=0.835594 om=0.236225 lt=3
[ACTIVE] [RED] LeadPredict dist=1056.98 dV=5.81317 thr=1 om=0.268108 lt=3
runner:local/env:0	num_steps=[11999] | total rewards=[261.6470] | termination= [max time out]
[seed 9] reward=   261.65 ownHP=1.0000 tgtHP=0.9896 max time out
total: 2
[ACTIVE] [RED] LeadPredict dist=1070.21 dV=-10.9576 thr=0.813074 om=0.099304 lt=3
[ACTIVE] [RED] LeadPredict dist=2604.3 dV=6.84207 thr=1 om=0.1708 lt=3
[ACTIVE] [RED] LeadPredict dist=1091.97 dV=-5.24728 thr=0.93768 om=0.114481 lt=3
[ACTIVE] [RED] LeadPredict dist=1445.49 dV=-21.3493 thr=0.663526 om=0.188875 lt=3
[DUTY] team=1 ticks=18600 v27종말조준=0.741935% v21뱅크예측=82.0806% v17궤도조건=88.3978% v17슬롯적용=60.6828% 상승클램프=0% 강하클램프=20.7419% v23b조건=46.4946% v23b실제적용=40.2419%
[ACTIVE] [RED] LeadPredict dist=1144.4 dV=2.36642 thr=0.67591 om=0.407575 lt=3
[ACTIVE] [RED] LeadPredict dist=1082.09 dV=14.4557 thr=0.681236 om=0.228832 lt=3
[ACTIVE] [RED] LeadPredict dist=1155.69 dV=3.80685 thr=1 om=0.252145 lt=3
[ACTIVE] [RED] LeadPredict dist=1200.93 dV=3.96118 thr=1 om=0.250611 lt=3
[ACTIVE] [RED] LeadPredict dist=1590.43 dV=-0.154358 thr=0.837561 om=0.246387 lt=3
[ACTIVE] [RED] LeadPredict dist=1067.53 dV=32.2554 thr=0.793834 om=0.26177 lt=3
[ACTIVE] [RED] LeadPredict dist=1144.84 dV=9.98013 thr=1 om=0.28247 lt=3
[ACTIVE] [RED] LeadPredict dist=1108.29 dV=7.56226 thr=1 om=0.0997484 lt=3
[ACTIVE] [RED] LeadPredict dist=964.781 dV=20.2689 thr=0.833407 om=0.217039 lt=3
[ACTIVE] [RED] LeadPredict dist=1279.95 dV=13.2726 thr=1 om=0.294317 lt=3
[DUTY] team=1 ticks=19200 v27종말조준=0.71875% v21뱅크예측=82.526% v17궤도조건=88.6615% v17슬롯적용=61.8125% 상승클램프=0% 강하클램프=20.3281% v23b조건=47.2135% v23b실제적용=41.0312%
[ACTIVE] [RED] LeadPredict dist=1023.62 dV=-9.87726 thr=1 om=0.121078 lt=3
[ACTIVE] [RED] LeadPredict dist=1351.79 dV=-7.71658 thr=1 om=0.112583 lt=3
[ACTIVE] [RED] LeadPredict dist=1130.8 dV=26.2364 thr=0.808045 om=0.272837 lt=3
[ACTIVE] [RED] LeadPredict dist=975.006 dV=8.5397 thr=1 om=0.264286 lt=3
[ACTIVE] [RED] LeadPredict dist=890.917 dV=18.5713 thr=0.944 om=0.265202 lt=2.95331
[ACTIVE] [RED] LeadPredict dist=1113.93 dV=21.2464 thr=0.851117 om=0.343929 lt=3
[ACTIVE] [RED] LeadPredict dist=876.018 dV=-1.49188 thr=1 om=0.122851 lt=3
[ACTIVE] [RED] LeadPredict dist=983.241 dV=9.00269 thr=0.92 om=0.196267 lt=3
[ACTIVE] [RED] LeadPredict dist=928.37 dV=0.463013 thr=1 om=0.258871 lt=3
[ACTIVE] [RED] LeadPredict dist=843.433 dV=15.0216 thr=0.81974 om=0.260543 lt=2.82773
[DUTY] team=1 ticks=19800 v27종말조준=0.722222% v21뱅크예측=82.9747% v17궤도조건=88.9444% v17슬롯적용=62.9091% 상승클램프=0% 강하클램프=19.7121% v23b조건=47.1414% v23b실제적용=40.8434%
[ACTIVE] [RED] LeadPredict dist=1126.56 dV=15.5361 thr=0.86992 om=0.278462 lt=3
[ACTIVE] [RED] LeadPredict dist=1026.27 dV=-12.0379 thr=1 om=0.229244 lt=3
[ACTIVE] [RED] LeadPredict dist=887.383 dV=11.8321 thr=0.848056 om=0.238335 lt=3
[ACTIVE] [RED] LeadPredict dist=891.096 dV=-2.52078 thr=1 om=0.194913 lt=3
[ACTIVE] [RED] LeadPredict dist=870.366 dV=12.7067 thr=0.84752 om=0.247708 lt=2.94238
[ACTIVE] [RED] LeadPredict dist=1182.49 dV=15.0217 thr=0.8603 om=0.260047 lt=3
[ACTIVE] [RED] LeadPredict dist=1067.01 dV=-7.2536 thr=1 om=0.263129 lt=3
[ACTIVE] [RED] LeadPredict dist=859.246 dV=16.2049 thr=0.805542 om=0.27114 lt=2.90833
[ACTIVE] [RED] LeadPredict dist=909.731 dV=-5.29874 thr=1 om=0.240238 lt=3
runner:local/env:0	num_steps=[11999] | total rewards=[345.7491] | termination= [max time out]
[seed 10] reward=   345.75 ownHP=1.0000 tgtHP=0.9757 max time out
total: 2
[ACTIVE] [RED] LeadPredict dist=2343.02 dV=0.360107 thr=0.840622 om=0.137107 lt=3
[DUTY] team=1 ticks=20400 v27종말조준=0.70098% v21뱅크예측=83.3186% v17궤도조건=89.1373% v17슬롯적용=63.7843% 상승클램프=0% 강하클램프=19.1324% v23b조건=47.1863% v23b실제적용=40.6373%
[ACTIVE] [RED] LeadPredict dist=1218.87 dV=-20.7319 thr=1 om=0.119215 lt=3
[ACTIVE] [RED] Evade Z=5615.69
[ACTIVE] [RED] ClimbOut Z=3217.17
[ACTIVE] [RED] LeadPredict dist=692.711 dV=-9.41425 thr=0.88 om=0.372278 lt=1.83978
[ACTIVE] [RED] ClimbOut Z=2348.35
[ACTIVE] [RED] Evade Z=2123.08
[ACTIVE] [RED] LeadPredict dist=1030.52 dV=-13.2726 thr=0.670085 om=0.0564632 lt=3
[ACTIVE] [RED] LeadPredict dist=633.075 dV=-32.5126 thr=1 om=0.197946 lt=2.26007
[ACTIVE] [RED] LeadPredict dist=494.252 dV=-0.514435 thr=1 om=0.257795 lt=1.87465
[ACTIVE] [RED] LeadPredict dist=541.992 dV=-21.2464 thr=1 om=0.343323 lt=2.41586
[ACTIVE] [RED] LeadPredict dist=571.946 dV=3.34387 thr=0.959874 om=0.108352 lt=2.84562
[ACTIVE] [RED] LeadPredict dist=1072.77 dV=49.2319 thr=0.761154 om=0.163218 lt=3
[ACTIVE] [RED] LeadPredict dist=1434.61 dV=40.1778 thr=1 om=0.17355 lt=3
[ACTIVE] [RED] Evade Z=7802.6
[ACTIVE] [RED] LeadPredict dist=451.038 dV=-51.8041 thr=1 om=0.257448 lt=3
[DUTY] team=1 ticks=21000 v27종말조준=0.680952% v21뱅크예측=83.3905% v17궤도조건=89.1762% v17슬롯적용=62.7238% 상승클램프=0% 강하클램프=18.9524% v23b조건=46.4% v23b실제적용=40.0381%
[ACTIVE] [RED] LeadPredict dist=1777.02 dV=-68.8321 thr=1 om=0.137968 lt=3
[ACTIVE] [RED] LeadPredict dist=1980.51 dV=-56.2283 thr=1 om=0.125212 lt=3
[ACTIVE] [RED] LeadPredict dist=1146.44 dV=0.360123 thr=1 om=0.0767021 lt=3
[ACTIVE] [RED] LeadPredict dist=731.137 dV=79.8925 thr=0.615999 om=0.149461 lt=3
[ACTIVE] [RED] LeadPredict dist=1716.18 dV=111.428 thr=1 om=0.0897443 lt=3
[ACTIVE] [RED] LeadPredict dist=2445.02 dV=115.8 thr=1 om=0.0239973 lt=3
[ACTIVE] [RED] LeadPredict dist=2755.82 dV=93.5252 thr=1 om=0.137858 lt=3
[ACTIVE] [RED] LeadPredict dist=2856.6 dV=23.407 thr=1 om=0.172246 lt=3
[ACTIVE] [RED] LeadPredict dist=2911.34 dV=-61.7328 thr=1 om=0.0968746 lt=3
[ACTIVE] [RED] LeadPredict dist=2694.55 dV=-95.0171 thr=1 om=0.113622 lt=3
[DUTY] team=1 ticks=21600 v27종말조준=0.662037% v21뱅크예측=83.3102% v17궤도조건=87.9815% v17슬롯적용=61.6806% 상승클램프=0% 강하클램프=19.8148% v23b조건=45.1111% v23b실제적용=38.9259%
[ACTIVE] [RED] LeadPredict dist=2010.78 dV=-65.7969 thr=1 om=0.123332 lt=3
[ACTIVE] [RED] LeadPredict dist=1529.39 dV=-35.0848 thr=1 om=0.206022 lt=3
[ACTIVE] [RED] LeadPredict dist=2041.5 dV=-4.16696 thr=1 om=0.200307 lt=3
[ACTIVE] [RED] LeadPredict dist=2141.26 dV=3.13808 thr=1 om=0.227287 lt=3
[ACTIVE] [RED] LeadPredict dist=1587.79 dV=-37.7085 thr=1 om=0.174141 lt=3
[ACTIVE] [RED] LeadPredict dist=1734.86 dV=-63.5334 thr=1 om=0.164803 lt=3
[ACTIVE] [RED] LeadPredict dist=1883.38 dV=-35.4964 thr=0.88 om=0.169698 lt=3
[ACTIVE] [RED] LeadPredict dist=1637.05 dV=19.2401 thr=1 om=0.200233 lt=3
[ACTIVE] [RED] LeadPredict dist=1259.27 dV=36.4224 thr=0.68 om=0.199621 lt=3
[ACTIVE] [RED] LeadPredict dist=1056.46 dV=18.5198 thr=0.604276 om=0.220801 lt=2.99187
[DUTY] team=1 ticks=22200 v27종말조준=0.644144% v21뱅크예측=83.5315% v17궤도조건=88.1486% v17슬롯적용=62.5586% 상승클램프=0% 강하클램프=20.7072% v23b조건=44.2162% v23b실제적용=38.1982%
runner:local/env:0	num_steps=[11999] | total rewards=[83.0703] | termination= [max time out]
[seed 11] reward=    83.07 ownHP=0.9744 tgtHP=1.0000 max time out
total: 2
[ACTIVE] [RED] LeadPredict dist=3975.42 dV=7.87094 thr=1 om=0.164047 lt=3
[ACTIVE] [RED] LeadPredict dist=3243.01 dV=8.4368 thr=1 om=0.0490653 lt=3
[ACTIVE] [RED] LeadPredict dist=645.57 dV=-12.398 thr=1 om=0.35883 lt=1.8848
[ACTIVE] [RED] ClimbOut Z=3171.26
[ACTIVE] [RED] ClimbOut Z=2361.33
[ACTIVE] [RED] LeadPredict dist=1028.01 dV=-14.1985 thr=0.538247 om=0.488485 lt=2.78859
[ACTIVE] [RED] LeadPredict dist=738.482 dV=-15.176 thr=0.683422 om=0.152256 lt=2.20779
[ACTIVE] [RED] LeadPredict dist=953.444 dV=-17.0794 thr=1 om=0.126977 lt=3
[ACTIVE] [RED] LeadPredict dist=1276.16 dV=-66.4657 thr=1 om=0.0767295 lt=3
[ACTIVE] [RED] LeadPredict dist=1387.51 dV=-34.0559 thr=1 om=0.224082 lt=3
[ACTIVE] [RED] LeadPredict dist=1371.09 dV=-7.61371 thr=1 om=0.232509 lt=3
[ACTIVE] [RED] LeadPredict dist=1066.76 dV=39.7662 thr=0.714031 om=0.267263 lt=3
[DUTY] team=1 ticks=22800 v27종말조준=0.627193% v21뱅크예측=83.7281% v17궤도조건=87.9035% v17슬롯적용=62.557% 상승클램프=0% 강하클램프=20.3728% v23b조건=44.057% v23b실제적용=38.1974%
[ACTIVE] [RED] LeadPredict dist=1025.43 dV=19.1886 thr=0.844995 om=0.301032 lt=3
[ACTIVE] [RED] LeadPredict dist=1048.49 dV=-0.308685 thr=0.866203 om=0.247551 lt=3
[ACTIVE] [RED] LeadPredict dist=840.731 dV=18.5198 thr=0.777762 om=0.254323 lt=2.78173
[ACTIVE] [RED] LeadPredict dist=1172.83 dV=10.8547 thr=1 om=0.232751 lt=3
[ACTIVE] [RED] LeadPredict dist=1140.3 dV=-6.73917 thr=1 om=0.309065 lt=3
[ACTIVE] [RED] LeadPredict dist=982.677 dV=3.85828 thr=1 om=0.277128 lt=3
[ACTIVE] [RED] LeadPredict dist=907.056 dV=8.59116 thr=0.968 om=0.265424 lt=1.89169
[ACTIVE] [RED] LeadPredict dist=1047.08 dV=31.3294 thr=0.810669 om=0.172654 lt=3
[ACTIVE] [RED] LeadPredict dist=934.659 dV=10.9576 thr=1 om=0.243596 lt=3
[ACTIVE] [RED] LeadPredict dist=1320 dV=-1.85199 thr=1 om=0.273343 lt=3
[DUTY] team=1 ticks=23400 v27종말조준=0.636752% v21뱅크예측=84.0812% v17궤도조건=88.1709% v17슬롯적용=63.4744% 상승클램프=0% 강하클램프=19.8504% v23b조건=44.3291% v23b실제적용=38.2778%
[ACTIVE] [RED] LeadPredict dist=907.477 dV=14.5587 thr=0.825296 om=0.270859 lt=3
[ACTIVE] [RED] LeadPredict dist=896.097 dV=5.40161 thr=0.968 om=0.242435 lt=3
[ACTIVE] [RED] LeadPredict dist=884.515 dV=17.7996 thr=0.786405 om=0.235495 lt=2.95883
[ACTIVE] [RED] LeadPredict dist=1182.42 dV=14.8159 thr=1 om=0.283034 lt=3
[ACTIVE] [RED] LeadPredict dist=1000.2 dV=-11.3691 thr=1 om=0.149794 lt=3
[ACTIVE] [RED] LeadPredict dist=943.119 dV=12.7067 thr=0.855489 om=0.22725 lt=3
[ACTIVE] [RED] LeadPredict dist=893.827 dV=-1.23465 thr=1 om=0.165564 lt=3
[ACTIVE] [RED] LeadPredict dist=801.24 dV=24.7446 thr=0.703065 om=0.274665 lt=2.62117
[ACTIVE] [RED] LeadPredict dist=1108.3 dV=14.25 thr=0.96145 om=0.257972 lt=3
[ACTIVE] [RED] LeadPredict dist=1141.64 dV=-8.33392 thr=1 om=0.332363 lt=3
[DUTY] team=1 ticks=24000 v27종말조준=0.620833% v21뱅크예측=84.4042% v17궤도조건=88.4083% v17슬롯적용=64.3292% 상승클램프=0% 강하클램프=19.3542% v23b조건=44.3875% v23b실제적용=38.1167%
[ACTIVE] [RED] LeadPredict dist=872.23 dV=6.0704 thr=0.852429 om=0.0795327 lt=2.95949
[ACTIVE] [RED] LeadPredict dist=872.714 dV=2.77798 thr=0.836249 om=0.180335 lt=2.92338
runner:local/env:0	num_steps=[11999] | total rewards=[292.1522] | termination= [max time out]
[seed 12] reward=   292.15 ownHP=1.0000 tgtHP=0.9763 max time out
total: 2
[ACTIVE] [RED] LeadPredict dist=4066.53 dV=9.56857 thr=1 om=0.151998 lt=3
[ACTIVE] [RED] LeadPredict dist=2221.18 dV=38.9946 thr=0.741142 om=0.174477 lt=3
[ACTIVE] [RED] LeadPredict dist=1390.3 dV=24.8989 thr=0.741361 om=0.231985 lt=3
[ACTIVE] [RED] LeadPredict dist=2039.54 dV=0.257202 thr=0.716874 om=0.170533 lt=3
[ACTIVE] [RED] LeadPredict dist=1247.91 dV=-19.1886 thr=0.632261 om=0.0291152 lt=3
[ACTIVE] [RED] LeadPredict dist=1339.75 dV=-3.70395 thr=0.765254 om=0.248965 lt=3
[ACTIVE] [RED] ClimbOut Z=2496.85
[ACTIVE] [RED] LeadPredict dist=1439.2 dV=34.2103 thr=0.569075 om=0.191082 lt=3
[ACTIVE] [RED] LeadPredict dist=1753.02 dV=26.6995 thr=0.765848 om=0.259429 lt=3
[DUTY] team=1 ticks=24600 v27종말조준=0.605691% v21뱅크예측=84.626% v17궤도조건=88.2846% v17슬롯적용=64.7927% 상승클램프=0% 강하클램프=19.6829% v23b조건=45.0488% v23b실제적용=38.9268%
[ACTIVE] [RED] LeadPredict dist=1317.45 dV=4.6814 thr=1 om=0.247203 lt=3
[ACTIVE] [RED] LeadPredict dist=1636.69 dV=-11.4206 thr=1 om=0.278432 lt=3
[ACTIVE] [RED] LeadPredict dist=1532.54 dV=24.6931 thr=0.79449 om=0.231754 lt=3
[ACTIVE] [RED] LeadPredict dist=1020.36 dV=10.8032 thr=0.858988 om=0.223509 lt=3
[ACTIVE] [RED] LeadPredict dist=948.835 dV=14.3529 thr=0.859206 om=0.263344 lt=3
[ACTIVE] [RED] LeadPredict dist=1030.53 dV=15.5875 thr=0.843027 om=0.241061 lt=3
[ACTIVE] [RED] LeadPredict dist=1140.56 dV=17.5424 thr=1 om=0.291125 lt=3
[ACTIVE] [RED] LeadPredict dist=894.996 dV=1.64621 thr=0.980245 om=0.272051 lt=3
[ACTIVE] [RED] LeadPredict dist=1142.3 dV=2.62366 thr=1 om=0.200118 lt=3
[ACTIVE] [RED] LeadPredict dist=949.299 dV=-0.565887 thr=1 om=0.259086 lt=3
[DUTY] team=1 ticks=25200 v27종말조준=0.59127% v21뱅크예측=84.9286% v17궤도조건=88.5119% v17슬롯적용=65.5794% 상승클램프=0% 강하클램프=19.2262% v23b조건=44.9802% v23b실제적용=38.9127%
[ACTIVE] [RED] LeadPredict dist=836.068 dV=25.5677 thr=0.693188 om=0.270064 lt=2.73189
[ACTIVE] [RED] LeadPredict dist=1145.9 dV=9.10559 thr=1 om=0.350685 lt=3
[ACTIVE] [RED] LeadPredict dist=1068.2 dV=-6.43051 thr=1 om=0.354633 lt=3
[ACTIVE] [RED] LeadPredict dist=849.929 dV=18.4684 thr=0.778379 om=0.284668 lt=2.8783
[ACTIVE] [RED] LeadPredict dist=1082.61 dV=2.82941 thr=1 om=0.228287 lt=3
[ACTIVE] [RED] LeadPredict dist=907.175 dV=16.8736 thr=0.88 om=0.269365 lt=3
[ACTIVE] [RED] LeadPredict dist=1129.46 dV=17.7482 thr=0.901669 om=0.357991 lt=3
[ACTIVE] [RED] LeadPredict dist=889.657 dV=-1.23465 thr=1 om=0.156171 lt=3
[ACTIVE] [RED] LeadPredict dist=1012.96 dV=10.8547 thr=0.864891 om=0.200805 lt=3
[ACTIVE] [RED] LeadPredict dist=948.562 dV=-0.360107 thr=1 om=0.261128 lt=3
[DUTY] team=1 ticks=25800 v27종말조준=0.577519% v21뱅크예측=85.2054% v17궤도조건=88.7209% v17슬롯적용=66.3217% 상승클램프=0% 강하클램프=18.7791% v23b조건=44.9264% v23b실제적용=38.531%
[ACTIVE] [RED] LeadPredict dist=862.476 dV=13.8899 thr=0.833321 om=0.267091 lt=2.89307
[ACTIVE] [RED] LeadPredict dist=1129.47 dV=16.4621 thr=0.867077 om=0.296131 lt=3
[ACTIVE] [RED] LeadPredict dist=949.545 dV=-7.61371 thr=1 om=0.00603854 lt=3
[ACTIVE] [RED] LeadPredict dist=937.301 dV=12.5009 thr=0.850024 om=0.219932 lt=3
[ACTIVE] [RED] LeadPredict dist=900.595 dV=-0.308655 thr=1 om=0.258735 lt=3
runner:local/env:0	num_steps=[11999] | total rewards=[283.1278] | termination= [max time out]
[seed 13] reward=   283.13 ownHP=1.0000 tgtHP=0.9883 max time out
total: 2
[ACTIVE] [RED] LeadPredict dist=5139.89 dV=14.5587 thr=1 om=0.154994 lt=3
[ACTIVE] [RED] LeadPredict dist=2637.71 dV=29.6317 thr=1 om=0.0212815 lt=3
[ACTIVE] [RED] Evade Z=7715.91
[ACTIVE] [RED] LeadPredict dist=1616.53 dV=54.2734 thr=0.56995 om=0.173981 lt=3
[ACTIVE] [RED] LeadPredict dist=2530.22 dV=45.9395 thr=1 om=0.178382 lt=3
[ACTIVE] [RED] LeadPredict dist=451.757 dV=-25.6706 thr=0.596842 om=0.0134125 lt=1.27305
[DUTY] team=1 ticks=26400 v27종말조준=0.57197% v21뱅크예측=85.2462% v17궤도조건=88.3561% v17슬롯적용=66.2727% 상승클램프=0% 강하클램프=18.7386% v23b조건=44.9697% v23b실제적용=38.4735%
[ACTIVE] [RED] LeadPredict dist=2010.02 dV=-40.1778 thr=0.647784 om=0.253207 lt=3
[ACTIVE] [RED] ClimbOut Z=2868.42
[ACTIVE] [RED] LeadPredict dist=1035.8 dV=-14.0956 thr=0.722558 om=0.0970801 lt=3
[ACTIVE] [RED] LeadPredict dist=613.89 dV=-29.3745 thr=1 om=0.196605 lt=2.17124
[ACTIVE] [RED] LeadPredict dist=354.009 dV=3.13809 thr=0.856 om=0.0218303 lt=1.29912
[ACTIVE] [RED] LeadPredict dist=96.5467 dV=-21.7608 thr=0.96113 om=0.309859 lt=0.443358
[ACTIVE] [RED] LeadPredict dist=1215.73 dV=-17.0794 thr=1 om=0.171807 lt=3
[ACTIVE] [RED] LeadPredict dist=486.982 dV=21.4521 thr=0.820296 om=0.127045 lt=2.61138
[ACTIVE] [RED] LeadPredict dist=1117.74 dV=57.8745 thr=1 om=0.16938 lt=3
[ACTIVE] [RED] LeadPredict dist=682.202 dV=7.20216 thr=0.913574 om=0.0141384 lt=3
[ACTIVE] [RED] LeadPredict dist=677.2 dV=-30.7635 thr=1 om=0.100044 lt=3
[DUTY] team=1 ticks=27000 v27종말조준=0.592593% v21뱅크예측=84.8667% v17궤도조건=88.3% v17슬롯적용=65.5556% 상승클램프=0% 강하클램프=18.9593% v23b조건=44.4815% v23b실제적용=38.1296%
[ACTIVE] [RED] LeadPredict dist=866.667 dV=-19.0857 thr=1 om=0.0380678 lt=3
[ACTIVE] [RED] LeadPredict dist=711.194 dV=16.4106 thr=0.856 om=0.221571 lt=3
[ACTIVE] [RED] LeadPredict dist=467.508 dV=-9.10559 thr=1 om=0.160096 lt=2.08482
[ACTIVE] [RED] LeadPredict dist=1182.24 dV=-23.407 thr=1 om=0.222245 lt=3
[ACTIVE] [RED] LeadPredict dist=1066.94 dV=-30.4549 thr=1 om=0.202514 lt=3
[ACTIVE] [RED] LeadPredict dist=1109.28 dV=-9.82581 thr=0.771533 om=0.202128 lt=3
[ACTIVE] [RED] LeadPredict dist=1267.28 dV=-9.00272 thr=0.671397 om=0.204662 lt=3
[ACTIVE] [RED] ClimbOut Z=2632.08
[ACTIVE] [RED] LeadPredict dist=1438.72 dV=26.7509 thr=0.594437 om=0.201449 lt=3
[ACTIVE] [RED] LeadPredict dist=1675.73 dV=27.0595 thr=0.764099 om=0.269358 lt=3
[ACTIVE] [RED] LeadPredict dist=1153.7 dV=8.07672 thr=1 om=0.254645 lt=3
[DUTY] team=1 ticks=27600 v27종말조준=0.608696% v21뱅크예측=85.1014% v17궤도조건=88.4746% v17슬롯적용=66.1232% 상승클램프=0% 강하클램프=19.5% v23b조건=44.3442% v23b실제적용=38.1304%
[ACTIVE] [RED] LeadPredict dist=1169.94 dV=-8.12814 thr=1 om=0.245722 lt=3
[ACTIVE] [RED] LeadPredict dist=1417.56 dV=0.565887 thr=0.96 om=0.238208 lt=3
[ACTIVE] [RED] LeadPredict dist=1041.6 dV=24.2301 thr=0.797332 om=0.276868 lt=3
[ACTIVE] [RED] LeadPredict dist=1048.07 dV=3.60107 thr=1 om=0.272303 lt=3
[ACTIVE] [RED] LeadPredict dist=1133.68 dV=3.44675 thr=1 om=0.0792315 lt=3
[ACTIVE] [RED] LeadPredict dist=1191.25 dV=15.7933 thr=0.811762 om=0.235388 lt=3
[ACTIVE] [RED] LeadPredict dist=1074.72 dV=6.63629 thr=1 om=0.312041 lt=3
runner:local/env:0	num_steps=[11999] | total rewards=[155.7187] | termination= [max time out]
[seed 14] reward=   155.72 ownHP=0.9725 tgtHP=1.0000 max time out
Remove Space Complete.

[rehearsal own_rep=6 tgt_rep=6 seeds=15]
SUMMARY dealt=0.2171 taken=0.1930 mean_reward=179.94
tacview log saved (last episode)

########## dtfix_full vs AIP_onecircle.dll ##########


     JSBSim Flight Dynamics Model v1.0.0 May 27 2026 16:13:38
            [JSBSim-ML v2.0]

JSBSim startup beginning ...

total: 2
Behavior Tree Initialized Successfully
Behavior Tree Initialized Successfully
[ACTIVE] [RED] Pure Z=6993.48 VPZ=6961.03
[ACTIVE] [RED] LeadPredict dist=3833.05 dV=-1.95486 thr=1 om=0.0467601 lt=3
[ACTIVE] [RED] LeadPredict dist=2999.59 dV=23.4585 thr=1 om=0.0852812 lt=3
[ACTIVE] [RED] LeadPredict dist=2511.4 dV=36.0623 thr=1 om=0.151709 lt=3
[ACTIVE] [RED] LeadPredict dist=2079.89 dV=-7.76804 thr=0.825536 om=0.157941 lt=3
[ACTIVE] [RED] LeadPredict dist=928.292 dV=-56.4341 thr=1 om=0.0928123 lt=3
[ACTIVE] [RED] LeadPredict dist=2961.8 dV=-63.0189 thr=1 om=0.199701 lt=3
[ACTIVE] [RED] LeadPredict dist=2579.2 dV=-52.9359 thr=1 om=0.199389 lt=3
[ACTIVE] [RED] LeadPredict dist=1895.87 dV=-0.20578 thr=0.734583 om=0.283961 lt=3
[ACTIVE] [RED] ClimbOut Z=2526.14
[ACTIVE] [RED] ClimbOut Z=2086.3
[ACTIVE] [RED] ClimbOut Z=1959.09
[ACTIVE] [RED] LeadPredict dist=3928.08 dV=33.2328 thr=1 om=0.374935 lt=3
[ACTIVE] [RED] Pure Z=1916.8 VPZ=3500
[ACTIVE] [RED] LeadPredict dist=3658.06 dV=53.9648 thr=1 om=0.284517 lt=3
[DUTY] team=1 ticks=600 v27종말조준=0% v21뱅크예측=84.8333% v17궤도조건=37.1667% v17슬롯적용=27% 상승클램프=0% 강하클램프=39.3333% v23b조건=21.3333% v23b실제적용=21.3333%
[ACTIVE] [RED] LeadPredict dist=1368.61 dV=68.2148 thr=0.728243 om=0.299891 lt=3
[ACTIVE] [RED] LeadPredict dist=1498.46 dV=16.7707 thr=1 om=0.28804 lt=3
[ACTIVE] [RED] LeadPredict dist=2171.62 dV=0.617325 thr=1 om=0.258461 lt=3
[ACTIVE] [RED] LeadPredict dist=1371.47 dV=31.3808 thr=1 om=0.237939 lt=3
[ACTIVE] [RED] LeadPredict dist=1019.4 dV=38.12 thr=1 om=0.22055 lt=3
[ACTIVE] [RED] LeadPredict dist=1722.78 dV=35.7536 thr=1 om=0.19884 lt=3
[ACTIVE] [RED] LeadPredict dist=1711.47 dV=55.611 thr=1 om=0.180172 lt=3
[ACTIVE] [RED] LeadPredict dist=1134.83 dV=61.1155 thr=1 om=0.167823 lt=3
[ACTIVE] [RED] LeadPredict dist=843.174 dV=33.6958 thr=0.743999 om=0.119113 lt=3
[ACTIVE] [RED] LeadPredict dist=899.909 dV=22.7897 thr=0.726524 om=0.0933603 lt=3
[DUTY] team=1 ticks=1200 v27종말조준=0% v21뱅크예측=92.4167% v17궤도조건=65.75% v17슬롯적용=57.4167% 상승클램프=0% 강하클램프=27.3333% v23b조건=15.6667% v23b실제적용=13.3333%
[ACTIVE] [RED] LeadPredict dist=925.486 dV=43.3673 thr=1 om=0.111705 lt=3
[ACTIVE] [RED] LeadPredict dist=949.536 dV=60.3952 thr=1 om=0.117256 lt=3
[ACTIVE] [RED] LeadPredict dist=1006.21 dV=35.1877 thr=1 om=0.0536473 lt=3
[ACTIVE] [RED] LeadPredict dist=1236.73 dV=-17.7996 thr=1 om=0.0699291 lt=3
[ACTIVE] [RED] LeadPredict dist=1694.09 dV=-69.1922 thr=1 om=0.102794 lt=3
[ACTIVE] [RED] LeadPredict dist=2243.2 dV=-89.1525 thr=1 om=0.130675 lt=3
[ACTIVE] [RED] LeadPredict dist=2720.19 dV=-71.61 thr=1 om=0.146557 lt=3
[ACTIVE] [RED] LeadPredict dist=2958.13 dV=-39.046 thr=1 om=0.168934 lt=3
[ACTIVE] [RED] LeadPredict dist=2625.9 dV=-5.81317 thr=1 om=0.191645 lt=3
[ACTIVE] [RED] LeadPredict dist=1491.81 dV=11.7807 thr=1 om=0.20812 lt=3
[DUTY] team=1 ticks=1800 v27종말조준=0% v21뱅크예측=93.8889% v17궤도조건=67.2222% v17슬롯적용=61.6667% 상승클램프=0% 강하클램프=30.4444% v23b조건=10.4444% v23b실제적용=8.88889%
[ACTIVE] [RED] LeadPredict dist=1378.3 dV=7.7166 thr=1 om=0.221944 lt=3
[ACTIVE] [RED] LeadPredict dist=2652.85 dV=4.42419 thr=1 om=0.241449 lt=3
init ID:1 Lat37.92355643001773 Lon128.18188127777776 Alt(meter)7000.0785355893395 Speed(m/sec)300.0
init ID:1 Lat37.96855377446113 Lon128.18188127777776 Alt(meter)7002.8272734023885 Speed(m/sec)300.0
runner:local/env:0	num_steps=[11999] | total rewards=[-52.8849] | termination= [max time out]
[seed 0] reward=   -52.88 ownHP=1.0000 tgtHP=1.0000 max time out
total: 2
[ACTIVE] [RED] Pure Z=7005.98 VPZ=7249.61
[ACTIVE] [RED] Pure Z=6998.15 VPZ=7100.99
[ACTIVE] [RED] LeadPredict dist=3350.12 dV=-5.45306 thr=1 om=0.0756434 lt=3
[ACTIVE] [RED] LeadPredict dist=1104.65 dV=17.028 thr=0.92 om=0.163785 lt=3
[ACTIVE] [RED] LeadPredict dist=2175.14 dV=20.4233 thr=0.738956 om=0.177912 lt=3
[ACTIVE] [RED] LeadPredict dist=1774.04 dV=28.1913 thr=1 om=0.169554 lt=3
[ACTIVE] [RED] LeadPredict dist=1435.36 dV=27.4711 thr=0.729117 om=0.189396 lt=3
[ACTIVE] [RED] LeadPredict dist=1139.3 dV=8.38538 thr=1 om=0.08621 lt=3
[ACTIVE] [RED] Evade Z=4689.38
[ACTIVE] [RED] LeadPredict dist=1290.89 dV=40.7437 thr=0.705723 om=0.12337 lt=3
[ACTIVE] [RED] Evade Z=4881.73
[ACTIVE] [RED] LeadPredict dist=795.716 dV=-21.092 thr=0.848056 om=0.00897334 lt=2.69049
[DUTY] team=1 ticks=2400 v27종말조준=0% v21뱅크예측=92.2917% v17궤도조건=69.8333% v17슬롯적용=51.875% 상승클램프=0% 강하클램프=25.5% v23b조건=17.7917% v23b실제적용=16.625%
[ACTIVE] [RED] LeadPredict dist=467.29 dV=-21.9152 thr=0.78968 om=0.0242336 lt=1.50989
[ACTIVE] [RED] LeadPredict dist=393.882 dV=-4.73285 thr=0.709659 om=0.00888242 lt=1.1997
[ACTIVE] [RED] LeadPredict dist=251.163 dV=-14.9188 thr=1 om=0.00588424 lt=0.0507054
runner:local/env:0	num_steps=[4535] | total rewards=[164.6401] | termination= [target destroyed]
[seed 1] reward=   164.64 ownHP=0.9707 tgtHP=-0.0086 target destroyed
total: 2
[ACTIVE] [RED] LeadPredict dist=3454.5 dV=7.97382 thr=1 om=0.202281 lt=3
[ACTIVE] [RED] LeadPredict dist=727.408 dV=20.4747 thr=0.729336 om=0.0161104 lt=2.24727
[ACTIVE] [RED] LeadPredict dist=2861.43 dV=54.7878 thr=0.996196 om=0.171434 lt=3
[ACTIVE] [RED] LeadPredict dist=2879.74 dV=58.9034 thr=1 om=0.169105 lt=3
[ACTIVE] [RED] LeadPredict dist=789.964 dV=-1.69766 thr=0.713157 om=0.197833 lt=2.41216
[ACTIVE] [RED] ClimbOut Z=3173.51
[ACTIVE] [RED] LeadPredict dist=2881.83 dV=-45.2193 thr=1 om=0.238835 lt=3
[ACTIVE] [RED] ClimbOut Z=2310.71
[ACTIVE] [RED] Pure Z=2002.82 VPZ=3957.21
[ACTIVE] [RED] LeadPredict dist=4667.54 dV=-0.668793 thr=1 om=0.227129 lt=3
[DUTY] team=1 ticks=3000 v27종말조준=1.93333% v21뱅크예측=84.3667% v17궤도조건=61.7% v17슬롯적용=45.0667% 상승클램프=0% 강하클램프=30.0333% v23b조건=24.6667% v23b실제적용=23.6333%
[ACTIVE] [RED] Pure Z=2311.22 VPZ=3500
[ACTIVE] [RED] ClimbOut Z=3016.96
[ACTIVE] [RED] Pure Z=2967.48 VPZ=3500
[ACTIVE] [RED] Pure Z=3678.78 VPZ=3500
[ACTIVE] [RED] LeadPredict dist=4445.77 dV=77.5775 thr=1 om=0.253722 lt=3
[ACTIVE] [RED] Pure Z=4184.92 VPZ=3500
[ACTIVE] [RED] LeadPredict dist=1955.45 dV=66.9801 thr=0.819992 om=0.140647 lt=3
[ACTIVE] [RED] LeadPredict dist=1041.94 dV=-2.62363 thr=1 om=0.256422 lt=3
[ACTIVE] [RED] LeadPredict dist=1385.98 dV=-0.30867 thr=1 om=0.253204 lt=3
[ACTIVE] [RED] LeadPredict dist=1473.25 dV=25.3619 thr=1 om=0.23023 lt=3
[ACTIVE] [RED] LeadPredict dist=1338.04 dV=31.2265 thr=1 om=0.20081 lt=3
[ACTIVE] [RED] LeadPredict dist=1105.58 dV=32.5126 thr=1 om=0.166188 lt=3
[ACTIVE] [RED] LeadPredict dist=931.812 dV=36.1137 thr=1 om=0.127881 lt=3
[ACTIVE] [RED] LeadPredict dist=814.44 dV=31.5352 thr=0.621578 om=0.0982003 lt=3
[ACTIVE] [RED] LeadPredict dist=754.13 dV=24.0758 thr=0.711091 om=0.138539 lt=3
[DUTY] team=1 ticks=3600 v27종말조준=1.61111% v21뱅크예측=86.6111% v17궤도조건=64.7222% v17슬롯적용=50.8611% 상승클램프=0% 강하클램프=25.1944% v23b조건=21.6389% v23b실제적용=20.6389%
[ACTIVE] [RED] LeadPredict dist=822.444 dV=8.38537 thr=0.899376 om=0.0801433 lt=3
[ACTIVE] [RED] LeadPredict dist=1099.06 dV=-21.2464 thr=1 om=0.1434 lt=3
[ACTIVE] [RED] LeadPredict dist=1408.78 dV=-40.4864 thr=1 om=0.0476789 lt=3
[ACTIVE] [RED] LeadPredict dist=1556.05 dV=-31.8438 thr=1 om=0.0730476 lt=3
[ACTIVE] [RED] LeadPredict dist=1514.08 dV=-14.7644 thr=1 om=0.0909314 lt=3
[ACTIVE] [RED] LeadPredict dist=1499.74 dV=-8.12816 thr=1 om=0.105557 lt=3
[ACTIVE] [RED] LeadPredict dist=1705.07 dV=-7.56227 thr=1 om=0.118392 lt=3
[ACTIVE] [RED] LeadPredict dist=2020.21 dV=-8.1796 thr=1 om=0.127372 lt=3
[ACTIVE] [RED] LeadPredict dist=2240.18 dV=-8.12814 thr=1 om=0.137511 lt=3
[ACTIVE] [RED] LeadPredict dist=2226.67 dV=-9.4657 thr=1 om=0.150672 lt=3
[DUTY] team=1 ticks=4200 v27종말조준=1.38095% v21뱅크예측=86.2857% v17궤도조건=67.619% v17슬롯적용=55.7381% 상승클램프=0% 강하클램프=21.5952% v23b조건=18.5476% v23b실제적용=17.6905%
[ACTIVE] [RED] LeadPredict dist=1944.44 dV=-14.6101 thr=1 om=0.157772 lt=3
[ACTIVE] [RED] LeadPredict dist=1512.25 dV=-16.6164 thr=1 om=0.183021 lt=3
[ACTIVE] [RED] LeadPredict dist=1389.75 dV=-20.3204 thr=1 om=0.224426 lt=3
[ACTIVE] [RED] LeadPredict dist=1657.7 dV=-25.6705 thr=1 om=0.224255 lt=3
[ACTIVE] [RED] LeadPredict dist=1659.12 dV=-25.1047 thr=1 om=0.219308 lt=3
[ACTIVE] [RED] LeadPredict dist=1761.3 dV=-4.88718 thr=0.761476 om=0.232193 lt=3
[ACTIVE] [RED] ClimbOut Z=2742.73
runner:local/env:0	num_steps=[11999] | total rewards=[151.2079] | termination= [max time out]
[seed 2] reward=   151.21 ownHP=1.0000 tgtHP=1.0000 max time out
total: 2
[ACTIVE] [RED] Pure Z=7088.93 VPZ=9115.1
[ACTIVE] [RED] LeadPredict dist=3194.26 dV=14.8159 thr=1 om=0.208637 lt=3
[ACTIVE] [RED] LeadPredict dist=1454.46 dV=44.6019 thr=0.708566 om=0.179817 lt=3
[ACTIVE] [RED] LeadPredict dist=2340.94 dV=66.9286 thr=0.593562 om=0.188735 lt=3
[ACTIVE] [RED] LeadPredict dist=1572.39 dV=52.833 thr=0.573448 om=0.187319 lt=3
[DUTY] team=1 ticks=4800 v27종말조준=1.20833% v21뱅크예측=87.4583% v17궤도조건=70.4375% v17슬롯적용=60.0417% 상승클램프=0% 강하클램프=24.8125% v23b조건=20.8333% v23b실제적용=20.0833%
[ACTIVE] [RED] LeadPredict dist=1897.71 dV=10.2374 thr=0.674021 om=0.209422 lt=3
[ACTIVE] [RED] ClimbOut Z=2470.28
[ACTIVE] [RED] LeadPredict dist=2733.52 dV=2.4693 thr=1 om=0.217195 lt=3
[ACTIVE] [RED] ClimbOut Z=3245.48
[ACTIVE] [RED] ClimbOut Z=2463.32
[ACTIVE] [RED] Pure Z=1890.42 VPZ=3500
[ACTIVE] [RED] ClimbOut Z=1938.81
[ACTIVE] [RED] Pure Z=1942.02 VPZ=3500
[ACTIVE] [RED] LeadPredict dist=5665.13 dV=46.351 thr=1 om=0.232514 lt=3
[ACTIVE] [RED] Pure Z=2032.49 VPZ=3500
[ACTIVE] [RED] Pure Z=2150.95 VPZ=3500
[ACTIVE] [RED] LeadPredict dist=4276.36 dV=40.5893 thr=1 om=0.0883913 lt=3
[ACTIVE] [RED] LeadPredict dist=931.878 dV=19.2401 thr=1 om=0.148897 lt=2.8163
[ACTIVE] [RED] LeadPredict dist=2265.05 dV=-11.8321 thr=1 om=0.279027 lt=3
[ACTIVE] [RED] ClimbOut Z=2103.27
[ACTIVE] [RED] LeadPredict dist=2222.46 dV=-37.657 thr=1 om=0.272328 lt=3
[ACTIVE] [RED] ClimbOut Z=2776.54
[ACTIVE] [RED] LeadPredict dist=2375.63 dV=41.0523 thr=0.769565 om=0.664036 lt=3
[ACTIVE] [RED] ClimbOut Z=2136.13
[ACTIVE] [RED] Pure Z=2508.72 VPZ=3500
[ACTIVE] [RED] LeadPredict dist=4353.71 dV=101.448 thr=1 om=0.256603 lt=3
[ACTIVE] [RED] Pure Z=2862.67 VPZ=3500
[ACTIVE] [RED] LeadPredict dist=3072.83 dV=95.0685 thr=1 om=0.165946 lt=3
[DUTY] team=1 ticks=5400 v27종말조준=1.07407% v21뱅크예측=88.3333% v17궤도조건=67.3333% v17슬롯적용=56.1296% 상승클램프=0% 강하클램프=26.3148% v23b조건=21.2222% v23b실제적용=20.4815%
[ACTIVE] [RED] LeadPredict dist=633.935 dV=27.8827 thr=0.720016 om=0.0674329 lt=2.24092
[ACTIVE] [RED] LeadPredict dist=1570.35 dV=-23.1498 thr=1 om=0.282323 lt=3
[ACTIVE] [RED] LeadPredict dist=1713.29 dV=-9.72293 thr=1 om=0.274237 lt=3
[ACTIVE] [RED] LeadPredict dist=1428.55 dV=13.0668 thr=1 om=0.273864 lt=3
[ACTIVE] [RED] LeadPredict dist=1092.75 dV=13.3754 thr=1 om=0.285063 lt=3
[ACTIVE] [RED] ClimbOut Z=2234.61
[ACTIVE] [RED] LeadPredict dist=1422.38 dV=-6.89349 thr=1 om=0.122851 lt=3
[ACTIVE] [RED] ClimbOut Z=2009.95
[ACTIVE] [RED] LeadPredict dist=1571.29 dV=26.4422 thr=0.852647 om=0.528517 lt=3
[ACTIVE] [RED] LeadPredict dist=1182.82 dV=40.3835 thr=0.854615 om=0.638577 lt=3
[ACTIVE] [RED] ClimbOut Z=1799.87
[ACTIVE] [RED] ClimbOut Z=1908.15
[ACTIVE] [RED] LeadPredict dist=2359.84 dV=56.4341 thr=0.853959 om=0.449081 lt=3
[ACTIVE] [RED] LeadPredict dist=2343.71 dV=69.6552 thr=1 om=0.262525 lt=3
[DUTY] team=1 ticks=6000 v27종말조준=0.966667% v21뱅크예측=89.3667% v17궤도조건=69.75% v17슬롯적용=59.6667% 상승클램프=0% 강하클램프=24.8833% v23b조건=21.6667% v23b실제적용=20.9667%
[ACTIVE] [RED] LeadPredict dist=1213.1 dV=56.2797 thr=1 om=0.252462 lt=3
[ACTIVE] [RED] LeadPredict dist=1157.61 dV=23.0469 thr=1 om=0.249129 lt=3
[ACTIVE] [RED] LeadPredict dist=1751.77 dV=22.2238 thr=1 om=0.238288 lt=3
[ACTIVE] [RED] LeadPredict dist=1604.63 dV=40.2292 thr=1 om=0.217947 lt=3
[ACTIVE] [RED] LeadPredict dist=1004.12 dV=46.7112 thr=1 om=0.200975 lt=3
[ACTIVE] [RED] LeadPredict dist=857.989 dV=29.3231 thr=0.648123 om=0.18635 lt=3
runner:local/env:0	num_steps=[11999] | total rewards=[-67.5482] | termination= [max time out]
[seed 3] reward=   -67.55 ownHP=1.0000 tgtHP=1.0000 max time out
total: 2
[ACTIVE] [RED] LeadPredict dist=2462.81 dV=11.6778 thr=1 om=0.0901677 lt=3
[ACTIVE] [RED] LeadPredict dist=858.866 dV=54.222 thr=0.552 om=0.179188 lt=2.47446
[ACTIVE] [RED] LeadPredict dist=1868.46 dV=70.0667 thr=0.572792 om=0.187722 lt=3
[ACTIVE] [RED] LeadPredict dist=2012.88 dV=37.2969 thr=0.698945 om=0.179914 lt=3
[DUTY] team=1 ticks=6600 v27종말조준=0.878788% v21뱅크예측=89.8333% v17궤도조건=71.8485% v17슬롯적용=60.7576% 상승클램프=0% 강하클램프=23.5303% v23b조건=21.6667% v23b실제적용=20.8333%
[ACTIVE] [RED] LeadPredict dist=388.642 dV=-17.028 thr=1 om=0.0887021 lt=1.39282
[ACTIVE] [RED] LeadPredict dist=2072.73 dV=-64.2021 thr=1 om=0.219387 lt=3
[ACTIVE] [RED] LeadPredict dist=2485.08 dV=-74.2337 thr=1 om=0.229686 lt=3
[ACTIVE] [RED] LeadPredict dist=3031.67 dV=-73.8221 thr=1 om=0.254548 lt=3
[ACTIVE] [RED] ClimbOut Z=2415.05
[ACTIVE] [RED] LeadPredict dist=3050.36 dV=-52.4214 thr=1 om=0.207496 lt=3
[ACTIVE] [RED] ClimbOut Z=1945.95
[ACTIVE] [RED] LeadPredict dist=2570.34 dV=-0.360107 thr=1 om=0.271888 lt=3
[ACTIVE] [RED] ClimbOut Z=2607.74
[ACTIVE] [RED] LeadPredict dist=1386.2 dV=64.3564 thr=0.628544 om=0.577143 lt=3
[ACTIVE] [RED] LeadPredict dist=3711.94 dV=119.556 thr=1 om=0.259358 lt=3
[ACTIVE] [RED] LeadPredict dist=3128.96 dV=119.144 thr=1 om=0.241786 lt=3
[ACTIVE] [RED] LeadPredict dist=1060.26 dV=81.1272 thr=0.85068 om=0.232537 lt=3
[DUTY] team=1 ticks=7200 v27종말조준=0.805556% v21뱅크예측=90.0417% v17궤도조건=69.9722% v17슬롯적용=59.0139% 상승클램프=0% 강하클램프=26.375% v23b조건=22.0139% v23b실제적용=21.25%
[ACTIVE] [RED] LeadPredict dist=1530.31 dV=11.0605 thr=1 om=0.244375 lt=3
[ACTIVE] [RED] LeadPredict dist=2400.5 dV=-34.2617 thr=1 om=0.259633 lt=3
[ACTIVE] [RED] LeadPredict dist=2398.52 dV=-27.3168 thr=1 om=0.275736 lt=3
[ACTIVE] [RED] LeadPredict dist=1982.93 dV=-2.26353 thr=1 om=0.286661 lt=3
[ACTIVE] [RED] LeadPredict dist=1417.67 dV=23.407 thr=1 om=0.298011 lt=3
[ACTIVE] [RED] ClimbOut Z=2635.38
[ACTIVE] [RED] ClimbOut Z=1905.09
[ACTIVE] [RED] ClimbOut Z=2045.36
[ACTIVE] [RED] LeadPredict dist=3815.61 dV=71.1985 thr=1 om=0.290504 lt=3
[ACTIVE] [RED] Pure Z=1828.69 VPZ=3500
[ACTIVE] [RED] ClimbOut Z=1814.08
[ACTIVE] [RED] Pure Z=1871.59 VPZ=3500
[ACTIVE] [RED] LeadPredict dist=3745.05 dV=82.6705 thr=1 om=0.303343 lt=3
[ACTIVE] [RED] LeadPredict dist=1230.74 dV=49.7978 thr=1 om=0.26477 lt=3
[ACTIVE] [RED] Evade Z=1856.12
[ACTIVE] [RED] ClimbOut Z=1948.13
[ACTIVE] [RED] LeadPredict dist=1230.01 dV=50.3122 thr=0.99006 om=0.521966 lt=3
[ACTIVE] [RED] ClimbOut Z=1793.59
[ACTIVE] [RED] LeadPredict dist=1380.89 dV=41.6696 thr=1 om=0.168938 lt=3
[DUTY] team=1 ticks=7800 v27종말조준=0.74359% v21뱅크예측=90.8077% v17궤도조건=70.7436% v17슬롯적용=58.4744% 상승클램프=0% 강하클램프=27.7179% v23b조건=21.2949% v23b실제적용=20.2692%
[ACTIVE] [RED] ClimbOut Z=1847.76
[ACTIVE] [RED] ClimbOut Z=1811.63
[ACTIVE] [RED] LeadPredict dist=1445.22 dV=42.1326 thr=1 om=0.130574 lt=3
[ACTIVE] [RED] ClimbOut Z=1899.42
[ACTIVE] [RED] LeadPredict dist=1423.19 dV=40.7437 thr=1 om=0.153167 lt=3
[ACTIVE] [RED] ClimbOut Z=1814.95
[ACTIVE] [RED] ClimbOut Z=1850.1
[ACTIVE] [RED] LeadPredict dist=1432.18 dV=37.9142 thr=1 om=0.166117 lt=3
runner:local/env:0	num_steps=[11999] | total rewards=[-118.9088] | termination= [max time out]
[seed 4] reward=  -118.91 ownHP=0.9991 tgtHP=1.0000 max time out
total: 2
[ACTIVE] [RED] LeadPredict dist=2227.71 dV=20.2689 thr=0.74311 om=0.00942696 lt=3
[ACTIVE] [RED] Evade Z=7100.53
[ACTIVE] [RED] LeadPredict dist=965.247 dV=65.694 thr=0.49605 om=0.00492042 lt=2.54968
[ACTIVE] [RED] LeadPredict dist=2422.49 dV=55.6624 thr=0.547211 om=0.0305592 lt=3
[ACTIVE] [RED] LeadPredict dist=1568.59 dV=1.74911 thr=0.769784 om=0.165949 lt=3
[ACTIVE] [RED] LeadPredict dist=1260.05 dV=-51.1868 thr=1 om=0.190811 lt=3
[ACTIVE] [RED] LeadPredict dist=2698.53 dV=-77.4232 thr=1 om=0.201338 lt=3
[ACTIVE] [RED] ClimbOut Z=2651.45
[ACTIVE] [RED] LeadPredict dist=2771.61 dV=-41.824 thr=1 om=0.145403 lt=3
[DUTY] team=1 ticks=8400 v27종말조준=0.690476% v21뱅크예측=89.5476% v17궤도조건=70.0952% v17슬롯적용=55.9881% 상승클램프=0% 강하클램프=28.0952% v23b조건=22.0714% v23b실제적용=21.119%
[ACTIVE] [RED] LeadPredict dist=1942.53 dV=10.9576 thr=0.641663 om=0.26152 lt=3
[ACTIVE] [RED] ClimbOut Z=1900.97
[ACTIVE] [RED] ClimbOut Z=2723.6
[ACTIVE] [RED] LeadPredict dist=1276.48 dV=90.0784 thr=0.617175 om=0.255862 lt=3
[ACTIVE] [RED] LeadPredict dist=1768.52 dV=98.9268 thr=0.811981 om=0.2719 lt=3
[ACTIVE] [RED] LeadPredict dist=1006.14 dV=48.3059 thr=1 om=0.208409 lt=3
[ACTIVE] [RED] LeadPredict dist=1294.47 dV=16.4621 thr=1 om=0.200964 lt=3
[ACTIVE] [RED] LeadPredict dist=2424.15 dV=18.6227 thr=1 om=0.194627 lt=3
[ACTIVE] [RED] LeadPredict dist=2747.19 dV=34.1588 thr=1 om=0.185473 lt=3
[ACTIVE] [RED] LeadPredict dist=2115.19 dV=41.1038 thr=1 om=0.175945 lt=3
[ACTIVE] [RED] LeadPredict dist=1067.52 dV=36.9368 thr=1 om=0.170604 lt=3
[ACTIVE] [RED] LeadPredict dist=1077.83 dV=8.1796 thr=1 om=0.167573 lt=3
[DUTY] team=1 ticks=9000 v27종말조준=0.644444% v21뱅크예측=90.2444% v17궤도조건=70.8556% v17슬롯적용=57.6889% 상승클램프=0% 강하클램프=27.2% v23b조건=22.4667% v23b실제적용=21.5778%
[ACTIVE] [RED] LeadPredict dist=1707.05 dV=11.009 thr=1 om=0.151729 lt=3
[ACTIVE] [RED] LeadPredict dist=1893.81 dV=44.7563 thr=1 om=0.133303 lt=3
[ACTIVE] [RED] LeadPredict dist=1578.81 dV=69.9124 thr=1 om=0.121257 lt=3
[ACTIVE] [RED] LeadPredict dist=1079.22 dV=68.7292 thr=1 om=0.118827 lt=3
[ACTIVE] [RED] LeadPredict dist=822.244 dV=37.5027 thr=0.727999 om=0.0363344 lt=3
[ACTIVE] [RED] LeadPredict dist=800.108 dV=12.9639 thr=0.844433 om=0.0130078 lt=2.78256
[ACTIVE] [RED] LeadPredict dist=727.346 dV=21.8123 thr=0.738253 om=0.01289 lt=0.227831
[ACTIVE] [RED] LeadPredict dist=637.517 dV=23.7671 thr=0.714794 om=0.0190345 lt=3
[ACTIVE] [RED] LeadPredict dist=567.853 dV=17.7996 thr=0.786404 om=0.134373 lt=3
[ACTIVE] [RED] LeadPredict dist=459.073 dV=-8.64259 thr=1 om=0.0883435 lt=3
[DUTY] team=1 ticks=9600 v27종말조준=1.80208% v21뱅크예측=88.2604% v17궤도조건=70.0833% v17슬롯적용=57.7396% 상승클램프=0% 강하클램프=25.5% v23b조건=21.0625% v23b실제적용=20.2292%
[ACTIVE] [RED] LeadPredict dist=431.226 dV=-41.4639 thr=1 om=0.245929 lt=3
[ACTIVE] [RED] LeadPredict dist=743.263 dV=-55.3023 thr=1 om=0.174155 lt=3
[ACTIVE] [RED] LeadPredict dist=1216.08 dV=-50.981 thr=1 om=0.252903 lt=3
[ACTIVE] [RED] LeadPredict dist=1472.06 dV=-34.1588 thr=1 om=0.2077 lt=3
[ACTIVE] [RED] LeadPredict dist=1446.09 dV=-11.8321 thr=0.802579 om=0.221002 lt=3
runner:local/env:0	num_steps=[11999] | total rewards=[311.2842] | termination= [max time out]
[seed 5] reward=   311.28 ownHP=0.9920 tgtHP=0.9231 max time out
total: 2
[ACTIVE] [RED] LeadPredict dist=2692.8 dV=4.42419 thr=1 om=0 lt=3
[ACTIVE] [RED] LeadPredict dist=1719.05 dV=29.8375 thr=0.743547 om=0.167098 lt=3
[ACTIVE] [RED] LeadPredict dist=2110.16 dV=53.759 thr=0.622204 om=0.170537 lt=3
[ACTIVE] [RED] LeadPredict dist=1524.49 dV=46.8655 thr=0.607774 om=0.184163 lt=3
[ACTIVE] [RED] LeadPredict dist=2694.62 dV=12.0379 thr=0.968555 om=0.198581 lt=3
[DUTY] team=1 ticks=10200 v27종말조준=1.69608% v21뱅크예측=88.4804% v17궤도조건=71.2941% v17슬롯적용=58.5098% 상승클램프=0% 강하클램프=27.3039% v23b조건=22.7157% v23b실제적용=21.9314%
[ACTIVE] [RED] ClimbOut Z=3115.45
[ACTIVE] [RED] ClimbOut Z=2613.62
[ACTIVE] [RED] ClimbOut Z=2387.62
[ACTIVE] [RED] LeadPredict dist=2782.41 dV=22.5839 thr=1 om=0.237502 lt=3
[ACTIVE] [RED] ClimbOut Z=1981.72
[ACTIVE] [RED] Pure Z=1902.61 VPZ=3500
[ACTIVE] [RED] Pure Z=1886.7 VPZ=3500
[ACTIVE] [RED] LeadPredict dist=4927.76 dV=39.2518 thr=1 om=0.31031 lt=3
[ACTIVE] [RED] Pure Z=1956.69 VPZ=3500
[ACTIVE] [RED] Pure Z=2071.22 VPZ=3500
[ACTIVE] [RED] LeadPredict dist=4412.35 dV=38.0171 thr=1 om=0.268117 lt=3
[ACTIVE] [RED] Pure Z=2217.18 VPZ=3500
[ACTIVE] [RED] ClimbOut Z=1816.1
[ACTIVE] [RED] LeadPredict dist=1636.06 dV=33.3357 thr=1 om=0.172466 lt=3
[ACTIVE] [RED] LeadPredict dist=1581.21 dV=14.9702 thr=0.735676 om=0.0716076 lt=3
[ACTIVE] [RED] ClimbOut Z=1927.32
[ACTIVE] [RED] ClimbOut Z=1906.09
[ACTIVE] [RED] LeadPredict dist=971.589 dV=36.2166 thr=0.690957 om=0.3314 lt=2.97845
[ACTIVE] [RED] Evade Z=1834.28
[ACTIVE] [RED] ClimbOut Z=1851.11
[ACTIVE] [RED] LeadPredict dist=1339.69 dV=48.8718 thr=1 om=0.120856 lt=3
[ACTIVE] [RED] ClimbOut Z=1799.96
[ACTIVE] [RED] LeadPredict dist=1470.23 dV=43.9332 thr=1 om=0.148916 lt=3
[ACTIVE] [RED] ClimbOut Z=1794.65
[ACTIVE] [RED] ClimbOut Z=1848.71
[ACTIVE] [RED] LeadPredict dist=1492.19 dV=39.046 thr=1 om=0.142236 lt=3
[ACTIVE] [RED] ClimbOut Z=1810.98
[ACTIVE] [RED] LeadPredict dist=1529.23 dV=37.657 thr=1 om=0.111174 lt=3
[DUTY] team=1 ticks=10800 v27종말조준=1.60185% v21뱅크예측=88.9722% v17궤도조건=70.8519% v17슬롯적용=55.7963% 상승클램프=0% 강하클램프=26.6481% v23b조건=22.4444% v23b실제적용=21.4074%
[ACTIVE] [RED] ClimbOut Z=1825.53
[ACTIVE] [RED] LeadPredict dist=1484.02 dV=39.046 thr=1 om=0.234204 lt=3
[ACTIVE] [RED] ClimbOut Z=1896.36
[ACTIVE] [RED] ClimbOut Z=1812.73
[ACTIVE] [RED] LeadPredict dist=1519.08 dV=48.4603 thr=1 om=0.125544 lt=3
[ACTIVE] [RED] ClimbOut Z=1863.32
[ACTIVE] [RED] LeadPredict dist=1521.87 dV=45.9395 thr=1 om=0.146087 lt=3
[ACTIVE] [RED] ClimbOut Z=1803.12
[ACTIVE] [RED] LeadPredict dist=1527.43 dV=49.6435 thr=1 om=0.22139 lt=3
[ACTIVE] [RED] ClimbOut Z=1828.3
[ACTIVE] [RED] LeadPredict dist=1545.29 dV=42.8014 thr=1 om=0.122013 lt=3
[ACTIVE] [RED] ClimbOut Z=1890.38
[ACTIVE] [RED] ClimbOut Z=1803.52
[ACTIVE] [RED] LeadPredict dist=1550.61 dV=46.1453 thr=1 om=0.100228 lt=3
[ACTIVE] [RED] ClimbOut Z=1827.41
[ACTIVE] [RED] LeadPredict dist=1554.47 dV=48.8203 thr=1 om=0.181128 lt=3
[ACTIVE] [RED] ClimbOut Z=1853.18
[ACTIVE] [RED] LeadPredict dist=1496.91 dV=49.5406 thr=1 om=0.167624 lt=3
[ACTIVE] [RED] ClimbOut Z=1803.11
runner:local/env:0	num_steps=[11999] | total rewards=[-119.9900] | termination= [max time out]
[seed 6] reward=  -119.99 ownHP=1.0000 tgtHP=1.0000 max time out
total: 2
[ACTIVE] [RED] LeadPredict dist=1501.65 dV=11.5235 thr=1 om=0.155549 lt=3
[ACTIVE] [RED] Evade Z=6949.44
[ACTIVE] [RED] LeadPredict dist=2569.81 dV=31.278 thr=0.76944 om=0.186946 lt=3
[DUTY] team=1 ticks=11400 v27종말조준=1.51754% v21뱅크예측=89.2807% v17궤도조건=72.0965% v17슬롯적용=53.2193% 상승클램프=0% 강하클램프=25.2456% v23b조건=21.807% v23b실제적용=20.6579%
[ACTIVE] [RED] LeadPredict dist=3651.13 dV=41.0009 thr=1 om=0.175166 lt=3
[ACTIVE] [RED] LeadPredict dist=386.522 dV=37.2455 thr=0.856 om=0.288616 lt=1.06378
[ACTIVE] [RED] LeadPredict dist=3354.67 dV=-22.6354 thr=1 om=0.225044 lt=3
[ACTIVE] [RED] ClimbOut Z=2372.02
[ACTIVE] [RED] Pure Z=2155.86 VPZ=4818.44
[ACTIVE] [RED] LeadPredict dist=5395.49 dV=-87.1461 thr=1 om=0.225926 lt=3
[ACTIVE] [RED] Pure Z=2225.31 VPZ=4883.29
[ACTIVE] [RED] Pure Z=2575.53 VPZ=4859.5
[ACTIVE] [RED] LeadPredict dist=4356.44 dV=-43.213 thr=1 om=0.266562 lt=3
[ACTIVE] [RED] LeadPredict dist=2048.64 dV=25.722 thr=0.843027 om=0.0483526 lt=3
[ACTIVE] [RED] LeadPredict dist=1332.37 dV=50.7238 thr=0.675114 om=0.266574 lt=3
[ACTIVE] [RED] ClimbOut Z=2104.1
[ACTIVE] [RED] LeadPredict dist=1620.71 dV=28.3971 thr=0.632043 om=0.0822754 lt=3
[ACTIVE] [RED] ClimbOut Z=1992.23
[ACTIVE] [RED] LeadPredict dist=1306.01 dV=33.49 thr=0.72 om=0.273866 lt=3
[ACTIVE] [RED] LeadPredict dist=2137.56 dV=56.4341 thr=0.734802 om=0.303068 lt=3
[DUTY] team=1 ticks=12000 v27종말조준=1.44167% v21뱅크예측=89.3417% v17궤도조건=70.9333% v17슬롯적용=52.7417% 상승클램프=0% 강하클램프=26.1917% v23b조건=23.0667% v23b실제적용=21.8917%
[ACTIVE] [RED] LeadPredict dist=2543.24 dV=86.9404 thr=1 om=0.26028 lt=3
[ACTIVE] [RED] LeadPredict dist=1548.73 dV=72.6389 thr=1 om=0.226942 lt=3
[ACTIVE] [RED] LeadPredict dist=865.21 dV=23.2012 thr=0.848 om=0.213177 lt=3
[ACTIVE] [RED] LeadPredict dist=1257.67 dV=12.861 thr=1 om=0.19872 lt=3
[ACTIVE] [RED] LeadPredict dist=1402.65 dV=45.4251 thr=1 om=0.184765 lt=3
[ACTIVE] [RED] LeadPredict dist=1161.31 dV=57.1028 thr=1 om=0.184446 lt=3
[ACTIVE] [RED] LeadPredict dist=931.173 dV=37.9142 thr=1 om=0.118627 lt=3
[ACTIVE] [RED] LeadPredict dist=845.788 dV=26.8023 thr=0.678372 om=0.0808398 lt=3
[ACTIVE] [RED] LeadPredict dist=855.616 dV=29.1687 thr=0.649975 om=0.0744913 lt=3
[ACTIVE] [RED] LeadPredict dist=913.494 dV=35.0848 thr=0.578982 om=0.101952 lt=3
[DUTY] team=1 ticks=12600 v27종말조준=1.37302% v21뱅크예측=89.8492% v17궤도조건=71.9841% v17슬롯적용=54.6587% 상승클램프=0% 강하클램프=24.9444% v23b조건=22.3254% v23b실제적용=21.2063%
[ACTIVE] [RED] LeadPredict dist=937.372 dV=43.676 thr=1 om=0.15146 lt=3
[ACTIVE] [RED] LeadPredict dist=891.618 dV=5.19585 thr=0.93765 om=0.0777369 lt=3
[ACTIVE] [RED] LeadPredict dist=1012.91 dV=-54.0676 thr=1 om=0.101485 lt=3
[ACTIVE] [RED] LeadPredict dist=1247.92 dV=-102.271 thr=1 om=0.134358 lt=3
[ACTIVE] [RED] LeadPredict dist=1259.6 dV=-107.158 thr=1 om=0.15468 lt=3
[ACTIVE] [RED] LeadPredict dist=1728.24 dV=-59.7265 thr=1 om=0.18761 lt=3
[ACTIVE] [RED] LeadPredict dist=2236.79 dV=-17.028 thr=1 om=0.226298 lt=3
[ACTIVE] [RED] LeadPredict dist=1537.02 dV=-7.92238 thr=1 om=0.252426 lt=3
[ACTIVE] [RED] LeadPredict dist=1015.76 dV=0.925995 thr=1 om=0.272727 lt=3
[ACTIVE] [RED] LeadPredict dist=1464.72 dV=7.04782 thr=0.827285 om=0.254499 lt=3
[DUTY] team=1 ticks=13200 v27종말조준=1.31061% v21뱅크예측=90.3106% v17궤도조건=73.2576% v17슬롯적용=55.6439% 상승클램프=0% 강하클램프=25.2879% v23b조건=21.4697% v23b실제적용=20.4015%
[ACTIVE] [RED] ClimbOut Z=2932.08
runner:local/env:0	num_steps=[11999] | total rewards=[-10.3139] | termination= [max time out]
[seed 7] reward=   -10.31 ownHP=1.0000 tgtHP=1.0000 max time out
total: 2
[ACTIVE] [RED] LeadPredict dist=1522.86 dV=9.00272 thr=0.985421 om=0.230234 lt=3
[ACTIVE] [RED] Evade Z=6906.65
[ACTIVE] [RED] LeadPredict dist=1242.74 dV=58.5433 thr=0.615863 om=0.177238 lt=3
[ACTIVE] [RED] LeadPredict dist=1666.19 dV=37.3998 thr=0.693698 om=0.0796522 lt=3
[ACTIVE] [RED] LeadPredict dist=462.929 dV=-19.7545 thr=0.931013 om=0.0146555 lt=1.5992
[ACTIVE] [RED] LeadPredict dist=987.837 dV=-49.7463 thr=1 om=0.165021 lt=3
[ACTIVE] [RED] LeadPredict dist=1316.58 dV=-35.9079 thr=1 om=0.196889 lt=3
[ACTIVE] [RED] LeadPredict dist=1375.2 dV=-7.35648 thr=0.714906 om=0.192399 lt=3
[ACTIVE] [RED] ClimbOut Z=3100.71
[ACTIVE] [RED] LeadPredict dist=1510.37 dV=-7.45938 thr=1 om=0.231545 lt=3
[ACTIVE] [RED] ClimbOut Z=2329.54
[ACTIVE] [RED] ClimbOut Z=2717.89
[ACTIVE] [RED] LeadPredict dist=1168.9 dV=47.0713 thr=0.79 om=0.242614 lt=3
[ACTIVE] [RED] ClimbOut Z=2054.04
[ACTIVE] [RED] LeadPredict dist=1612.9 dV=74.7996 thr=0.619143 om=0.375436 lt=3
[DUTY] team=1 ticks=13800 v27종말조준=1.25362% v21뱅크예측=89.3768% v17궤도조건=73.5145% v17슬롯적용=55.6667% 상승클램프=0% 강하클램프=26.3478% v23b조건=23.0217% v23b실제적용=21.9348%
[ACTIVE] [RED] LeadPredict dist=1241.07 dV=85.9115 thr=0.792741 om=0.261956 lt=3
[ACTIVE] [RED] LeadPredict dist=1633.84 dV=20.0632 thr=1 om=0.248049 lt=3
[ACTIVE] [RED] LeadPredict dist=1625.5 dV=0.257217 thr=1 om=0.255336 lt=3
[ACTIVE] [RED] LeadPredict dist=1605.44 dV=16.4106 thr=1 om=0.264804 lt=3
[ACTIVE] [RED] LeadPredict dist=1313.17 dV=15.4846 thr=1 om=0.280157 lt=3
[ACTIVE] [RED] ClimbOut Z=2283.42
[ACTIVE] [RED] LeadPredict dist=1286.88 dV=-2.52075 thr=1 om=0.199006 lt=3
[ACTIVE] [RED] ClimbOut Z=1859.48
[ACTIVE] [RED] ClimbOut Z=2052.41
[ACTIVE] [RED] LeadPredict dist=1958.23 dV=31.0722 thr=0.846963 om=0.551348 lt=3
[ACTIVE] [RED] LeadPredict dist=1792.85 dV=50.1579 thr=1 om=0.280602 lt=3
[ACTIVE] [RED] LeadPredict dist=1171.09 dV=44.5505 thr=1 om=0.265066 lt=3
[ACTIVE] [RED] LeadPredict dist=1212.63 dV=29.3231 thr=1 om=0.246633 lt=3
[DUTY] team=1 ticks=14400 v27종말조준=1.20139% v21뱅크예측=89.8194% v17궤도조건=74.6181% v17슬롯적용=57.5139% 상승클램프=0% 강하클램프=25.6319% v23b조건=23.0556% v23b실제적용=22.0139%
[ACTIVE] [RED] LeadPredict dist=1308.54 dV=39.6633 thr=1 om=0.224745 lt=3
[ACTIVE] [RED] LeadPredict dist=1028.29 dV=48.9747 thr=1 om=0.211662 lt=3
[ACTIVE] [RED] LeadPredict dist=766.022 dV=36.8339 thr=0.671999 om=0.18172 lt=3
[ACTIVE] [RED] LeadPredict dist=694.372 dV=23.6128 thr=0.716646 om=0.157194 lt=3
[ACTIVE] [RED] LeadPredict dist=760.91 dV=17.5424 thr=0.789491 om=0.176143 lt=3
[ACTIVE] [RED] LeadPredict dist=893.598 dV=12.2951 thr=0.852459 om=0.0778943 lt=3
[ACTIVE] [RED] LeadPredict dist=1053.24 dV=12.4494 thr=1 om=0.05932 lt=3
[ACTIVE] [RED] LeadPredict dist=1332.32 dV=5.91606 thr=1 om=0.0620646 lt=3
[ACTIVE] [RED] LeadPredict dist=1831.35 dV=-8.59115 thr=1 om=0.0596682 lt=3
[ACTIVE] [RED] LeadPredict dist=2527.86 dV=-19.1372 thr=1 om=0.0811803 lt=3
[DUTY] team=1 ticks=15000 v27종말조준=1.15333% v21뱅크예측=89.7067% v17궤도조건=75.0933% v17슬롯적용=58.4533% 상승클램프=0% 강하클램프=24.6067% v23b조건=22.1333% v23b실제적용=21.1333%
[ACTIVE] [RED] LeadPredict dist=3292.79 dV=-17.4395 thr=1 om=0.102039 lt=3
[ACTIVE] [RED] LeadPredict dist=3884.72 dV=-2.52075 thr=1 om=0.118351 lt=3
runner:local/env:0	num_steps=[11999] | total rewards=[88.8074] | termination= [max time out]
[seed 8] reward=    88.81 ownHP=1.0000 tgtHP=1.0000 max time out
total: 2
[ACTIVE] [RED] LeadPredict dist=1461.47 dV=17.7996 thr=0.78968 om=0.164696 lt=3
[ACTIVE] [RED] LeadPredict dist=2663.17 dV=39.509 thr=0.900856 om=0.182815 lt=3
[ACTIVE] [RED] LeadPredict dist=2752.79 dV=46.9684 thr=1 om=0.17377 lt=3
[ACTIVE] [RED] LeadPredict dist=760.081 dV=24.0758 thr=0.593344 om=0.215952 lt=2.13696
[ACTIVE] [RED] ClimbOut Z=3105.06
[ACTIVE] [RED] ClimbOut Z=2410.84
[ACTIVE] [RED] ClimbOut Z=2321.84
[ACTIVE] [RED] Pure Z=2058.97 VPZ=3500
[ACTIVE] [RED] LeadPredict dist=5786.7 dV=30.0948 thr=1 om=0.197275 lt=3
[ACTIVE] [RED] Pure Z=2354.55 VPZ=3500
[ACTIVE] [RED] Pure Z=2947.68 VPZ=3500
[ACTIVE] [RED] LeadPredict dist=7529.96 dV=58.1317 thr=1 om=0.236633 lt=3
[ACTIVE] [RED] Pure Z=3590.43 VPZ=3500
[ACTIVE] [RED] Pure Z=4033.46 VPZ=3500
[ACTIVE] [RED] LeadPredict dist=5540.61 dV=69.3979 thr=1 om=0.267806 lt=3
[ACTIVE] [RED] Pure Z=4127.64 VPZ=3500
[ACTIVE] [RED] LeadPredict dist=2044.49 dV=31.3808 thr=1 om=0.0216886 lt=3
[DUTY] team=1 ticks=15600 v27종말조준=1.10897% v21뱅크예측=89.8013% v17궤도조건=73.2756% v17슬롯적용=57.0897% 상승클램프=0% 강하클램프=25.0449% v23b조건=22.3782% v23b실제적용=21.4167%
[ACTIVE] [RED] LeadPredict dist=894.545 dV=-56.6399 thr=1 om=0.115849 lt=3
[ACTIVE] [RED] LeadPredict dist=1898.23 dV=-68.3691 thr=1 om=0.245148 lt=3
[ACTIVE] [RED] ClimbOut Z=2821.82
[ACTIVE] [RED] ClimbOut Z=2190.65
[ACTIVE] [RED] LeadPredict dist=2105.31 dV=-37.8113 thr=0.816572 om=0.127213 lt=3
[ACTIVE] [RED] LeadPredict dist=1716.08 dV=25.4648 thr=1 om=0.25845 lt=3
[ACTIVE] [RED] ClimbOut Z=2331.23
[ACTIVE] [RED] LeadPredict dist=2027.67 dV=80.7156 thr=0.634448 om=0.380788 lt=3
[ACTIVE] [RED] LeadPredict dist=2403.72 dV=103.248 thr=0.763881 om=0.258579 lt=3
[ACTIVE] [RED] LeadPredict dist=1669.51 dV=83.4422 thr=1 om=0.221704 lt=3
[ACTIVE] [RED] LeadPredict dist=1082.83 dV=35.0334 thr=1 om=0.204273 lt=3
[ACTIVE] [RED] LeadPredict dist=1311.4 dV=19.6516 thr=1 om=0.198649 lt=3
[ACTIVE] [RED] LeadPredict dist=1497.57 dV=35.9079 thr=1 om=0.178475 lt=3
[DUTY] team=1 ticks=16200 v27종말조준=1.0679% v21뱅크예측=89.6111% v17궤도조건=73.8642% v17슬롯적용=58.1914% 상승클램프=0% 강하클램프=25.4198% v23b조건=22.9198% v23b실제적용=21.9938%
[ACTIVE] [RED] LeadPredict dist=1307.08 dV=53.9648 thr=1 om=0.162826 lt=3
[ACTIVE] [RED] LeadPredict dist=946.8 dV=54.4792 thr=1 om=0.148873 lt=3
[ACTIVE] [RED] LeadPredict dist=761.232 dV=35.5992 thr=0.572809 om=0.100456 lt=3
[ACTIVE] [RED] LeadPredict dist=718.473 dV=29.7346 thr=0.643184 om=0.096476 lt=3
[ACTIVE] [RED] LeadPredict dist=773.69 dV=33.5929 thr=0.596885 om=0.119 lt=3
[ACTIVE] [RED] LeadPredict dist=869.043 dV=25.5677 thr=0.693188 om=0.117245 lt=3
[ACTIVE] [RED] LeadPredict dist=995.477 dV=-4.21841 thr=1 om=0.0742688 lt=3
[ACTIVE] [RED] LeadPredict dist=1188.85 dV=-47.3285 thr=1 om=0.102049 lt=3
[ACTIVE] [RED] LeadPredict dist=1129.39 dV=-75.0053 thr=1 om=0.128387 lt=3
[ACTIVE] [RED] LeadPredict dist=639.237 dV=-66.4142 thr=1 om=0.0572935 lt=3
[DUTY] team=1 ticks=16800 v27종말조준=1.02976% v21뱅크예측=89.9226% v17궤도조건=74.7381% v17슬롯적용=58.631% 상승클램프=0% 강하클램프=24.8333% v23b조건=22.1012% v23b실제적용=21.2083%
[ACTIVE] [RED] LeadPredict dist=1626.53 dV=-17.8511 thr=1 om=0.207259 lt=3
[ACTIVE] [RED] LeadPredict dist=1475.31 dV=18.4684 thr=1 om=0.212333 lt=3
[ACTIVE] [RED] LeadPredict dist=1367.47 dV=-6.12183 thr=1 om=0.229776 lt=3
runner:local/env:0	num_steps=[11999] | total rewards=[22.5720] | termination= [max time out]
[seed 9] reward=    22.57 ownHP=1.0000 tgtHP=1.0000 max time out
total: 2
[ACTIVE] [RED] LeadPredict dist=1287.78 dV=0.668793 thr=0.826848 om=0 lt=3
[ACTIVE] [RED] LeadPredict dist=2059.4 dV=21.0406 thr=0.777655 om=0.185151 lt=3
[ACTIVE] [RED] LeadPredict dist=3796.57 dV=37.8113 thr=1 om=0.175625 lt=3
[ACTIVE] [RED] LeadPredict dist=2305.03 dV=33.2843 thr=0.84 om=0.18733 lt=3
[ACTIVE] [RED] LeadPredict dist=1377.99 dV=16.3592 thr=0.635759 om=0.267139 lt=3
[ACTIVE] [RED] ClimbOut Z=2853.84
[ACTIVE] [RED] ClimbOut Z=2963.64
[ACTIVE] [RED] ClimbOut Z=2228.97
[ACTIVE] [RED] Pure Z=2159.81 VPZ=3500
[ACTIVE] [RED] Pure Z=2246.2 VPZ=3500
[ACTIVE] [RED] LeadPredict dist=7321.57 dV=36.268 thr=1 om=0.286006 lt=3
[ACTIVE] [RED] Pure Z=2593.76 VPZ=3500
[ACTIVE] [RED] Pure Z=3015.99 VPZ=3500
[ACTIVE] [RED] LeadPredict dist=7886 dV=47.8429 thr=1 om=0.234163 lt=3
[DUTY] team=1 ticks=17400 v27종말조준=0.994253% v21뱅크예측=90.069% v17궤도조건=74.1782% v17슬롯적용=58.2874% 상승클램프=0% 강하클램프=24.5632% v23b조건=22.1724% v23b실제적용=21.3046%
[ACTIVE] [RED] Pure Z=3342.61 VPZ=3500
[ACTIVE] [RED] Pure Z=3469.8 VPZ=3500
[ACTIVE] [RED] LeadPredict dist=5258.99 dV=46.0424 thr=1 om=0.22815 lt=3
[ACTIVE] [RED] Pure Z=3444.96 VPZ=3500
[ACTIVE] [RED] LeadPredict dist=1587.19 dV=10.0316 thr=1 om=0.00444598 lt=3
[ACTIVE] [RED] LeadPredict dist=1593.19 dV=-50.518 thr=1 om=0.228948 lt=3
[ACTIVE] [RED] LeadPredict dist=2509.51 dV=-63.0703 thr=1 om=0.253471 lt=3
[ACTIVE] [RED] ClimbOut Z=2739.35
[ACTIVE] [RED] ClimbOut Z=2137.92
[ACTIVE] [RED] LeadPredict dist=2701.96 dV=-66.2599 thr=1 om=0.156272 lt=3
[ACTIVE] [RED] LeadPredict dist=2288.27 dV=-2.16064 thr=0.77044 om=0.265589 lt=3
[ACTIVE] [RED] ClimbOut Z=2484.75
[ACTIVE] [RED] LeadPredict dist=1634.72 dV=66.8772 thr=0.641225 om=0.595372 lt=3
[ACTIVE] [RED] ClimbOut Z=1917.96
[ACTIVE] [RED] LeadPredict dist=3645.96 dV=105.357 thr=1 om=0.388691 lt=3
[ACTIVE] [RED] LeadPredict dist=3208.28 dV=101.602 thr=1 om=0.270057 lt=3
[ACTIVE] [RED] LeadPredict dist=1251.68 dV=87.4034 thr=0.96 om=0.269275 lt=3
[DUTY] team=1 ticks=18000 v27종말조준=0.961111% v21뱅크예측=89.8222% v17궤도조건=72.8611% v17슬롯적용=57.2833% 상승클램프=0% 강하클램프=25.2389% v23b조건=22.0611% v23b실제적용=21.2222%
[ACTIVE] [RED] LeadPredict dist=1532.4 dV=44.0875 thr=1 om=0.274822 lt=3
[ACTIVE] [RED] LeadPredict dist=1809.77 dV=-8.59116 thr=1 om=0.279636 lt=3
[ACTIVE] [RED] LeadPredict dist=1964.32 dV=8.95125 thr=1 om=0.286983 lt=3
[ACTIVE] [RED] ClimbOut Z=2679.74
[ACTIVE] [RED] LeadPredict dist=1997 dV=72.1759 thr=0.865328 om=0.252632 lt=3
[ACTIVE] [RED] LeadPredict dist=1812.05 dV=56.3826 thr=1 om=0.244297 lt=3
[ACTIVE] [RED] LeadPredict dist=1425.78 dV=30.7635 thr=1 om=0.2388 lt=3
[ACTIVE] [RED] LeadPredict dist=1174.61 dV=19.5487 thr=1 om=0.235267 lt=3
[ACTIVE] [RED] LeadPredict dist=1304.25 dV=19.2401 thr=1 om=0.219938 lt=3
[ACTIVE] [RED] LeadPredict dist=1335.35 dV=32.2039 thr=1 om=0.200094 lt=3
[ACTIVE] [RED] LeadPredict dist=1094.58 dV=41.6182 thr=1 om=0.185039 lt=3
[DUTY] team=1 ticks=18600 v27종말조준=0.930108% v21뱅크예측=90.1183% v17궤도조건=73.7043% v17슬롯적용=58.2581% 상승클램프=0% 강하클램프=25.1237% v23b조건=21.8763% v23b실제적용=20.9731%
[ACTIVE] [RED] LeadPredict dist=851.809 dV=37.3484 thr=0.832 om=0.163315 lt=3
[ACTIVE] [RED] LeadPredict dist=750.75 dV=23.87 thr=0.71356 om=0.129751 lt=3
[ACTIVE] [RED] LeadPredict dist=742.533 dV=17.6453 thr=0.788256 om=0.0962468 lt=3
[ACTIVE] [RED] LeadPredict dist=856.022 dV=11.0605 thr=0.867275 om=0.057546 lt=3
runner:local/env:0	num_steps=[11999] | total rewards=[4.9881] | termination= [max time out]
[seed 10] reward=     4.99 ownHP=1.0000 tgtHP=1.0000 max time out
total: 2
[ACTIVE] [RED] LeadPredict dist=2346.57 dV=1.69763 thr=0.8345 om=0.228635 lt=3
[ACTIVE] [RED] LeadPredict dist=1588.85 dV=8.07672 thr=1 om=0.201973 lt=3
[ACTIVE] [RED] LeadPredict dist=1239.52 dV=0.360107 thr=1 om=0.18256 lt=3
[ACTIVE] [RED] Evade Z=6665.63
[ACTIVE] [RED] Evade Z=6612.82
[ACTIVE] [RED] Evade Z=6125.48
[DUTY_EV] team=1 evadeTicks=300 v31?섍컯?섏꽑(>3000m)=70.3333% 以묎컙(2200~3000)=0% ?곸듅(<2200)=29.6667%
[ACTIVE] [RED] LeadPredict dist=1147.52 dV=40.898 thr=0.720372 om=0.0572458 lt=3
[ACTIVE] [RED] LeadPredict dist=1392.96 dV=12.5009 thr=0.773282 om=0.0151353 lt=3
[ACTIVE] [RED] LeadPredict dist=20.0491 dV=-32.8213 thr=1 om=0.00903369 lt=0.070297
[DUTY] team=1 ticks=19200 v27종말조준=0.901042% v21뱅크예측=89.4115% v17궤도조건=73.526% v17슬롯적용=57.5573% 상승클램프=0% 강하클램프=24.3385% v23b조건=22.2031% v23b실제적용=21.2656%
[ACTIVE] [RED] LeadPredict dist=945.707 dV=-37.2969 thr=1 om=0.154505 lt=3
[ACTIVE] [RED] LeadPredict dist=1004.85 dV=29.3745 thr=0.856801 om=0.203591 lt=3
[ACTIVE] [RED] LeadPredict dist=2128.08 dV=83.6479 thr=1 om=0.325283 lt=3
[ACTIVE] [RED] LeadPredict dist=1897.86 dV=64.768 thr=1 om=0.172214 lt=3
[ACTIVE] [RED] LeadPredict dist=720.264 dV=11.7292 thr=0.872 om=0.0889335 lt=3
[ACTIVE] [RED] LeadPredict dist=1496.14 dV=-63.9449 thr=1 om=0.171477 lt=3
[ACTIVE] [RED] LeadPredict dist=2698.98 dV=-121.459 thr=1 om=0.201972 lt=3
[ACTIVE] [RED] LeadPredict dist=3473.56 dV=-122.9 thr=1 om=0.207212 lt=3
[ACTIVE] [RED] LeadPredict dist=3682.25 dV=-80.2526 thr=1 om=0.21985 lt=3
[ACTIVE] [RED] LeadPredict dist=3090.81 dV=-32.9241 thr=1 om=0.221547 lt=3
[DUTY] team=1 ticks=19800 v27종말조준=0.873737% v21뱅크예측=89.5202% v17궤도조건=73.1869% v17슬롯적용=57.6566% 상승클램프=0% 강하클램프=25.2222% v23b조건=21.8081% v23b실제적용=20.8636%
[ACTIVE] [RED] LeadPredict dist=2359.78 dV=5.55594 thr=0.810232 om=0.289315 lt=3
[ACTIVE] [RED] ClimbOut Z=3114.77
[ACTIVE] [RED] LeadPredict dist=2273.1 dV=13.324 thr=0.621111 om=0.219151 lt=3
[ACTIVE] [RED] ClimbOut Z=2238.22
[ACTIVE] [RED] ClimbOut Z=2797.18
[ACTIVE] [RED] LeadPredict dist=1047.92 dV=72.7418 thr=0.618398 om=0.354198 lt=2.70234
[ACTIVE] [RED] LeadPredict dist=1462.03 dV=79.944 thr=0.703318 om=0.336615 lt=3
[ACTIVE] [RED] LeadPredict dist=287.337 dV=48.4603 thr=0.864 om=0.0931468 lt=1.07288
[ACTIVE] [RED] LeadPredict dist=2361.58 dV=-24.3845 thr=1 om=0.281784 lt=3
[ACTIVE] [RED] LeadPredict dist=3711.75 dV=-85.1398 thr=1 om=0.266582 lt=3
[ACTIVE] [RED] ClimbOut Z=2303.38
[ACTIVE] [RED] LeadPredict dist=3848.27 dV=-61.3727 thr=1 om=0.274498 lt=3
[ACTIVE] [RED] LeadPredict dist=3040.92 dV=-29.7861 thr=1 om=0.279179 lt=3
[ACTIVE] [RED] LeadPredict dist=1799.11 dV=25.8249 thr=0.790336 om=0.266688 lt=3
[DUTY] team=1 ticks=20400 v27종말조준=0.882353% v21뱅크예측=89.3775% v17궤도조건=72.6716% v17슬롯적용=57.3529% 상승클램프=0% 강하클램프=26.75% v23b조건=22.1618% v23b실제적용=21.2157%
[ACTIVE] [RED] ClimbOut Z=2809.87
[ACTIVE] [RED] LeadPredict dist=1741.5 dV=116.263 thr=0.701788 om=0.240198 lt=3
[ACTIVE] [RED] LeadPredict dist=1942.98 dV=90.027 thr=1 om=0.230605 lt=3
[ACTIVE] [RED] LeadPredict dist=332 dV=38.3258 thr=0.808 om=0.22595 lt=1.40847
[ACTIVE] [RED] LeadPredict dist=2162.28 dV=7.20216 thr=1 om=0.247393 lt=3
[ACTIVE] [RED] LeadPredict dist=3123.71 dV=-0.617325 thr=1 om=0.258998 lt=3
runner:local/env:0	num_steps=[11999] | total rewards=[-1.4448] | termination= [max time out]
[seed 11] reward=    -1.44 ownHP=1.0000 tgtHP=0.9619 max time out
total: 2
[ACTIVE] [RED] LeadPredict dist=3481.55 dV=2.52075 thr=1 om=0 lt=3
[ACTIVE] [RED] LeadPredict dist=3867.86 dV=16.9765 thr=1 om=0.148264 lt=3
[ACTIVE] [RED] LeadPredict dist=2347.52 dV=31.9467 thr=1 om=0.123895 lt=3
[ACTIVE] [RED] LeadPredict dist=1813.85 dV=25.0532 thr=0.761476 om=0.188994 lt=3
[ACTIVE] [RED] LeadPredict dist=1747.16 dV=-8.4368 thr=1 om=0.188709 lt=3
[DUTY] team=1 ticks=21000 v27종말조준=0.857143% v21뱅크예측=89.5762% v17궤도조건=72.4095% v17슬롯적용=56.6286% 상승클램프=0% 강하클램프=26.7095% v23b조건=22.5333% v23b실제적용=21.6143%
[ACTIVE] [RED] LeadPredict dist=939.685 dV=-14.25 thr=1 om=0.195561 lt=3
[ACTIVE] [RED] LeadPredict dist=980.597 dV=10.8032 thr=0.83144 om=0.196368 lt=3
[ACTIVE] [RED] LeadPredict dist=2034.78 dV=52.9359 thr=0.655437 om=0.232784 lt=3
[ACTIVE] [RED] LeadPredict dist=1695.38 dV=48.1516 thr=0.681673 om=0.226631 lt=3
[ACTIVE] [RED] LeadPredict dist=2065.11 dV=-7.76804 thr=1 om=0.235248 lt=3
[ACTIVE] [RED] LeadPredict dist=2074.06 dV=-60.4982 thr=1 om=0.233095 lt=3
[ACTIVE] [RED] ClimbOut Z=2374.35
[ACTIVE] [RED] LeadPredict dist=2486.01 dV=-58.0288 thr=1 om=0.101278 lt=3
[ACTIVE] [RED] ClimbOut Z=1881.73
[ACTIVE] [RED] LeadPredict dist=2612.35 dV=-23.0984 thr=1 om=0.0828245 lt=3
[ACTIVE] [RED] LeadPredict dist=1678.93 dV=26.9052 thr=0.695447 om=0.260067 lt=3
[ACTIVE] [RED] ClimbOut Z=2015.82
[ACTIVE] [RED] LeadPredict dist=2798.61 dV=44.2418 thr=0.93982 om=0.195787 lt=3
[DUTY] team=1 ticks=21600 v27종말조준=0.833333% v21뱅크예측=89.75% v17궤도조건=72.787% v17슬롯적용=56.7731% 상승클램프=0% 강하클램프=27.1019% v23b조건=23.1204% v23b실제적용=22.1343%
[ACTIVE] [RED] ClimbOut Z=1813.18
[ACTIVE] [RED] LeadPredict dist=3919.83 dV=61.4241 thr=1 om=0.121386 lt=3
[ACTIVE] [RED] LeadPredict dist=3101.61 dV=75.5198 thr=1 om=0.452852 lt=3
[ACTIVE] [RED] LeadPredict dist=1228.15 dV=91.6732 thr=1 om=0.428683 lt=3
[ACTIVE] [RED] Evade Z=1824.41
[ACTIVE] [RED] ClimbOut Z=1825.38
[ACTIVE] [RED] ClimbOut Z=1799.77
[ACTIVE] [RED] LeadPredict dist=1859.43 dV=77.8862 thr=1 om=0.0463677 lt=3
[ACTIVE] [RED] LeadPredict dist=1517.29 dV=57.3086 thr=1 om=0.258383 lt=3
[ACTIVE] [RED] ClimbOut Z=1865.63
[ACTIVE] [RED] ClimbOut Z=1851.04
[ACTIVE] [RED] LeadPredict dist=1407.54 dV=49.5406 thr=1 om=0.277225 lt=3
[ACTIVE] [RED] ClimbOut Z=1875.05
[ACTIVE] [RED] ClimbOut Z=1790.91
[ACTIVE] [RED] LeadPredict dist=1391.48 dV=45.9909 thr=1 om=0.267598 lt=3
[ACTIVE] [RED] ClimbOut Z=1814.32
[ACTIVE] [RED] LeadPredict dist=1372.28 dV=41.824 thr=1 om=0.11083 lt=3
[ACTIVE] [RED] ClimbOut Z=1794.79
[ACTIVE] [RED] ClimbOut Z=1793.11
[ACTIVE] [RED] LeadPredict dist=1305.01 dV=40.9494 thr=1 om=0.251325 lt=3
[ACTIVE] [RED] ClimbOut Z=1799.21
[ACTIVE] [RED] LeadPredict dist=1331.7 dV=41.6182 thr=1 om=0.274724 lt=3
[DUTY] team=1 ticks=22200 v27종말조준=0.810811% v21뱅크예측=89.955% v17궤도조건=72.8333% v17슬롯적용=55.455% 상승클램프=0% 강하클램프=26.3694% v23b조건=22.4955% v23b실제적용=21.536%
[ACTIVE] [RED] ClimbOut Z=1792.92
[ACTIVE] [RED] ClimbOut Z=1815.28
[ACTIVE] [RED] LeadPredict dist=1351.22 dV=44.8592 thr=1 om=0.218204 lt=3
[ACTIVE] [RED] ClimbOut Z=1803
runner:local/env:0	num_steps=[11999] | total rewards=[-102.4798] | termination= [max time out]
[seed 12] reward=  -102.48 ownHP=1.0000 tgtHP=1.0000 max time out
total: 2
[ACTIVE] [RED] Pure Z=7002.81 VPZ=8022.56
[ACTIVE] [RED] LeadPredict dist=3852.56 dV=7.40796 thr=1 om=0.154554 lt=3
[ACTIVE] [RED] LeadPredict dist=2044.77 dV=30.4034 thr=0.741142 om=0.165613 lt=3
[ACTIVE] [RED] LeadPredict dist=1397.62 dV=28.6029 thr=0.719716 om=0.186754 lt=3
[ACTIVE] [RED] LeadPredict dist=2404.76 dV=14.8673 thr=0.669211 om=0.183376 lt=3
[ACTIVE] [RED] LeadPredict dist=1533.78 dV=12.5009 thr=0.630293 om=0.207453 lt=3
[ACTIVE] [RED] ClimbOut Z=2527.13
[ACTIVE] [RED] ClimbOut Z=2698.06
[ACTIVE] [RED] ClimbOut Z=1955.9
[ACTIVE] [RED] ClimbOut Z=2087.14
[ACTIVE] [RED] Pure Z=1932.96 VPZ=3500
[ACTIVE] [RED] LeadPredict dist=4924.87 dV=26.5965 thr=1 om=0.216584 lt=3
[ACTIVE] [RED] Pure Z=2001.48 VPZ=3500
[ACTIVE] [RED] Pure Z=2180.21 VPZ=3500
[ACTIVE] [RED] LeadPredict dist=7769.43 dV=41.2581 thr=1 om=0.315131 lt=3
[ACTIVE] [RED] Pure Z=2337.35 VPZ=3500
[ACTIVE] [RED] Pure Z=2416.29 VPZ=3500
[ACTIVE] [RED] LeadPredict dist=6348.86 dV=36.6281 thr=1 om=0.211826 lt=3
[ACTIVE] [RED] Pure Z=2458.67 VPZ=3500
[ACTIVE] [RED] Pure Z=2575.09 VPZ=3500
[ACTIVE] [RED] LeadPredict dist=2913.32 dV=11.5749 thr=1 om=0.158303 lt=3
[DUTY] team=1 ticks=22800 v27종말조준=0.789474% v21뱅크예측=90.0263% v17궤도조건=72.3202% v17슬롯적용=55.0219% 상승클램프=0% 강하클램프=26.4123% v23b조건=22.9167% v23b실제적용=21.9825%
[ACTIVE] [RED] LeadPredict dist=1515.98 dV=-23.87 thr=0.815698 om=0.26185 lt=3
[ACTIVE] [RED] LeadPredict dist=3485.33 dV=-52.0099 thr=1 om=0.268703 lt=3
[ACTIVE] [RED] LeadPredict dist=2474.66 dV=-34.2103 thr=1 om=0.279508 lt=3
[ACTIVE] [RED] ClimbOut Z=3212.17
[ACTIVE] [RED] ClimbOut Z=2333.49
[ACTIVE] [RED] ClimbOut Z=1825.05
[ACTIVE] [RED] LeadPredict dist=4124.11 dV=55.8167 thr=1 om=0 lt=3
[ACTIVE] [RED] Pure Z=1841.67 VPZ=3500
[ACTIVE] [RED] Pure Z=1932.6 VPZ=3500
[ACTIVE] [RED] LeadPredict dist=4129.29 dV=43.0072 thr=1 om=0.0669953 lt=3
[ACTIVE] [RED] LeadPredict dist=1927.86 dV=21.2464 thr=1 om=0.125898 lt=3
[ACTIVE] [RED] ClimbOut Z=1921.76
[ACTIVE] [RED] LeadPredict dist=2221.96 dV=41.9783 thr=0.663745 om=0.436008 lt=3
[ACTIVE] [RED] ClimbOut Z=1795.34
[ACTIVE] [RED] Evade Z=1925.1
[ACTIVE] [RED] Evade Z=1910.44
[ACTIVE] [RED] LeadPredict dist=1160.23 dV=47.4314 thr=1 om=0.0091696 lt=3
[ACTIVE] [RED] LeadPredict dist=1264.17 dV=10.546 thr=1 om=0.134934 lt=3
[ACTIVE] [RED] Evade Z=2115.62
[ACTIVE] [RED] ClimbOut Z=2057.92
[ACTIVE] [RED] LeadPredict dist=1179.19 dV=9.31134 thr=1 om=0.0248043 lt=3
[DUTY] team=1 ticks=23400 v27종말조준=0.782051% v21뱅크예측=89.6838% v17궤도조건=71.6111% v17슬롯적용=54.0342% 상승클램프=0% 강하클램프=26.735% v23b조건=22.859% v23b실제적용=21.8803%
[ACTIVE] [RED] ClimbOut Z=2230.85
[ACTIVE] [RED] Evade Z=1908.29
[ACTIVE] [RED] Evade Z=1871.65
[ACTIVE] [RED] LeadPredict dist=1112.54 dV=15.2789 thr=1 om=0.0350372 lt=3
[ACTIVE] [RED] ClimbOut Z=2514.81
[ACTIVE] [RED] Evade Z=2129.1
[ACTIVE] [RED] ClimbOut Z=2012.58
[ACTIVE] [RED] Evade Z=1895.5
[ACTIVE] [RED] Evade Z=1870.64
[ACTIVE] [RED] Evade Z=1862.68
[DUTY_EV] team=1 evadeTicks=600 v31?섍컯?섏꽑(>3000m)=38.1667% 以묎컙(2200~3000)=5.16667% ?곸듅(<2200)=56.6667%
[ACTIVE] [RED] LeadPredict dist=1107.56 dV=17.9539 thr=1 om=0 lt=3
[ACTIVE] [RED] LeadPredict dist=1289.38 dV=41.9783 thr=1 om=0.0391489 lt=3
[ACTIVE] [RED] ClimbOut Z=1950.04
runner:local/env:0	num_steps=[11999] | total rewards=[-86.6239] | termination= [max time out]
[seed 13] reward=   -86.62 ownHP=0.8926 tgtHP=1.0000 max time out
total: 2
[ACTIVE] [RED] LeadPredict dist=5512.79 dV=1.49188 thr=1 om=0 lt=3
[ACTIVE] [RED] Pure Z=7006.52 VPZ=9044.71
[ACTIVE] [RED] Pure Z=7069.96 VPZ=8837.09
[ACTIVE] [RED] LeadPredict dist=4098.79 dV=20.0117 thr=1 om=0.144299 lt=3
[ACTIVE] [RED] LeadPredict dist=941.272 dV=36.731 thr=1 om=0.142737 lt=2.78961
[ACTIVE] [RED] LeadPredict dist=2381.39 dV=59.3664 thr=0.595093 om=0.179403 lt=3
[ACTIVE] [RED] LeadPredict dist=3137.47 dV=76.3429 thr=1 om=0.180205 lt=3
[ACTIVE] [RED] LeadPredict dist=1097.13 dV=21.8637 thr=0.65806 om=0.19579 lt=3
[ACTIVE] [RED] ClimbOut Z=3332.84
[ACTIVE] [RED] LeadPredict dist=2673.75 dV=-48.8718 thr=1 om=0.194361 lt=3
[DUTY] team=1 ticks=24000 v27종말조준=0.7625% v21뱅크예측=89.0458% v17궤도조건=70.75% v17슬롯적용=53.0375% 상승클램프=0% 강하클램프=26.9708% v23b조건=23.0333% v23b실제적용=21.9583%
[ACTIVE] [RED] ClimbOut Z=2487.67
[ACTIVE] [RED] Pure Z=2196.88 VPZ=4258.85
[ACTIVE] [RED] LeadPredict dist=4414.74 dV=-69.6552 thr=1 om=0.240137 lt=3
[ACTIVE] [RED] Pure Z=2157.13 VPZ=4490.01
[ACTIVE] [RED] Pure Z=2494.93 VPZ=4844.25
[ACTIVE] [RED] LeadPredict dist=4543.67 dV=2.62363 thr=1 om=0.246884 lt=3
[ACTIVE] [RED] Pure Z=3027.16 VPZ=4106.31
[ACTIVE] [RED] LeadPredict dist=2606.17 dV=78.555 thr=1 om=0.295235 lt=3
[ACTIVE] [RED] LeadPredict dist=1022.14 dV=43.1615 thr=0.71 om=0.334641 lt=3
[ACTIVE] [RED] LeadPredict dist=2401.81 dV=7.8195 thr=1 om=0.284106 lt=3
[ACTIVE] [RED] LeadPredict dist=1333.44 dV=5.86461 thr=1 om=0.274953 lt=3
[ACTIVE] [RED] LeadPredict dist=1432.2 dV=44.9621 thr=0.855708 om=0.285351 lt=3
[ACTIVE] [RED] ClimbOut Z=2187.2
[ACTIVE] [RED] LeadPredict dist=1329.01 dV=28.1913 thr=0.811325 om=0.1619 lt=3
[ACTIVE] [RED] ClimbOut Z=2094.11
[ACTIVE] [RED] ClimbOut Z=1829.51
[ACTIVE] [RED] LeadPredict dist=2501.92 dV=27.3682 thr=0.814651 om=0.35048 lt=3
[ACTIVE] [RED] ClimbOut Z=1806.51
[ACTIVE] [RED] LeadPredict dist=2628.9 dV=58.1317 thr=1 om=0.312214 lt=3
[DUTY] team=1 ticks=24600 v27종말조준=0.743902% v21뱅크예측=89.0447% v17궤도조건=70.3577% v17슬롯적용=52.878% 상승클램프=0% 강하클램프=27.4024% v23b조건=23.2398% v23b실제적용=22.1098%
[ACTIVE] [RED] LeadPredict dist=1783.39 dV=60.8068 thr=0.784432 om=0.450787 lt=3
[ACTIVE] [RED] ClimbOut Z=1804.8
[ACTIVE] [RED] LeadPredict dist=2299.82 dV=68.3176 thr=0.790117 om=0.483258 lt=3
[ACTIVE] [RED] ClimbOut Z=1788.12
[ACTIVE] [RED] LeadPredict dist=2413.12 dV=61.4241 thr=1 om=0.286518 lt=3
[ACTIVE] [RED] ClimbOut Z=1869.45
[ACTIVE] [RED] ClimbOut Z=1792.85
[ACTIVE] [RED] LeadPredict dist=1226.72 dV=58.3889 thr=1 om=0.198372 lt=3
[ACTIVE] [RED] ClimbOut Z=1804.79
[ACTIVE] [RED] LeadPredict dist=1301.74 dV=48.7175 thr=1 om=0.251245 lt=3
[ACTIVE] [RED] ClimbOut Z=1845.6
[ACTIVE] [RED] ClimbOut Z=1849.63
[ACTIVE] [RED] LeadPredict dist=1313.68 dV=42.9043 thr=1 om=0.307836 lt=3
[ACTIVE] [RED] ClimbOut Z=1888.59
[ACTIVE] [RED] ClimbOut Z=1797.97
[ACTIVE] [RED] LeadPredict dist=1332.33 dV=40.9494 thr=1 om=0.293842 lt=3
[ACTIVE] [RED] ClimbOut Z=1810.82
[ACTIVE] [RED] LeadPredict dist=1354.9 dV=41.4124 thr=1 om=0.106715 lt=3
[ACTIVE] [RED] ClimbOut Z=1830.16
[ACTIVE] [RED] ClimbOut Z=1876.22
[ACTIVE] [RED] LeadPredict dist=1264.87 dV=39.5604 thr=1 om=0.305393 lt=3
[ACTIVE] [RED] ClimbOut Z=1791.22
runner:local/env:0	num_steps=[11999] | total rewards=[-109.8611] | termination= [max time out]
[seed 14] reward=  -109.86 ownHP=1.0000 tgtHP=1.0000 max time out
Remove Space Complete.

[rehearsal own_rep=6 tgt_rep=6 seeds=15]
SUMMARY dealt=1.1236 taken=0.1457 mean_reward=4.90
tacview log saved (last episode)

########## dtfix_full vs AIP_jink.dll ##########


     JSBSim Flight Dynamics Model v1.0.0 May 27 2026 16:13:38
            [JSBSim-ML v2.0]

JSBSim startup beginning ...

total: 2
Behavior Tree Initialized Successfully
Behavior Tree Initialized Successfully
[ACTIVE] [RED] LeadPredict dist=3919.04 dV=12.6038 thr=1 om=0.0199929 lt=3
[ACTIVE] [RED] LeadPredict dist=3296.95 dV=36.268 thr=1 om=0.102108 lt=3
[JINK] sign=-1 next=2.11667 dist=3298.36 spd=313.448
[ACTIVE] [RED] LeadPredict dist=2538.72 dV=22.8411 thr=1 om=0.112893 lt=3
[ACTIVE] [RED] LeadPredict dist=2863.62 dV=5.0415 thr=1 om=0.255954 lt=3
[JINK] sign=-1 next=6.84999 dist=2861.98 spd=348.79
[ACTIVE] [RED] LeadPredict dist=1949.2 dV=4.73285 thr=0.642756 om=0.0434474 lt=3
[ACTIVE] [RED] ClimbOut Z=2268.7
[ACTIVE] [RED] LeadPredict dist=1362.94 dV=-3.70398 thr=0.861985 om=0.00978531 lt=3
[JINK] sign=-1 next=6.84999 dist=1301.14 spd=329.55
[ACTIVE] [RED] LeadPredict dist=1187.38 dV=36.4738 thr=1 om=0.0294408 lt=3
[ACTIVE] [RED] LeadPredict dist=966.085 dV=40.3321 thr=1 om=0.0138457 lt=2.57498
[JINK] sign=-1 next=11.3833 dist=807.349 spd=331.968
[ACTIVE] [RED] LeadPredict dist=723.397 dV=47.2256 thr=0.615999 om=0.120368 lt=0.055524
[ACTIVE] [RED] LeadPredict dist=482.316 dV=37.3998 thr=0.551203 om=0.0575921 lt=0.14407
[DUTY] team=1 ticks=600 v27종말조준=18% v21뱅크예측=51.8333% v17궤도조건=34.3333% v17슬롯적용=34.3333% 상승클램프=0% 강하클램프=0% v23b조건=9.83333% v23b실제적용=9.83333%
[JINK] sign=-1 next=11.3833 dist=294.452 spd=294.157
[ACTIVE] [RED] LeadPredict dist=200.766 dV=46.4539 thr=0.55 om=0.07519 lt=0.53645
[ACTIVE] [RED] LeadPredict dist=36.5235 dV=16.9765 thr=0.55 om=0.0414486 lt=0.110828
[JINK] sign=-1 next=16.2166 dist=92.9513 spd=326.104
[ACTIVE] [RED] LeadPredict dist=92.9261 dV=-3.70398 thr=0.744448 om=0.0726565 lt=0.295011
[ACTIVE] [RED] LeadPredict dist=119.445 dV=3.4982 thr=0.658022 om=0.0442012 lt=0.387684
[JINK] sign=-1 next=16.2166 dist=87.0067 spd=297.964
[ACTIVE] [RED] LeadPredict dist=72.0974 dV=8.79691 thr=0.594437 om=0.0286842 lt=0.236536
[ACTIVE] [RED] LeadPredict dist=50.8785 dV=13.787 thr=0.55 om=0.0675948 lt=0.168399
[JINK] sign=1 next=18.1333 dist=199.536 spd=301.668
[ACTIVE] [RED] LeadPredict dist=274.808 dV=-23.8186 thr=0.85221 om=0.0221302 lt=0.932265
[ACTIVE] [RED] LeadPredict dist=328.927 dV=-29.2202 thr=1 om=0.0670627 lt=1.07786
init ID:1 Lat37.92355643001773 Lon128.18188127777776 Alt(meter)7000.0785355893395 Speed(m/sec)300.0
init ID:1 Lat37.96855377446113 Lon128.18188127777776 Alt(meter)7002.8272734023885 Speed(m/sec)300.0
runner:local/env:0	num_steps=[6695] | total rewards=[610.1246] | termination= [target destroyed]
[seed 0] reward=   610.12 ownHP=1.0000 tgtHP=-0.0057 target destroyed
total: 2
[JINK] sign=-1 next=21.1333 dist=4436.51 spd=305.114
[ACTIVE] [RED] LeadPredict dist=4279.44 dV=0.154327 thr=1 om=0.0559539 lt=3
[ACTIVE] [RED] LeadPredict dist=2177.99 dV=10.7518 thr=0.84 om=0.057661 lt=3
[DUTY] team=1 ticks=1200 v27종말조준=22.25% v21뱅크예측=52.9167% v17궤도조건=42% v17슬롯적용=21.5% 상승클램프=0% 강하클램프=6.5% v23b조건=32.3333% v23b실제적용=9.41667%
[JINK] sign=-1 next=21.1333 dist=2056.97 spd=320.856
[ACTIVE] [RED] LeadPredict dist=2196.25 dV=9.10559 thr=0.697634 om=0.0147993 lt=3
[ACTIVE] [RED] LeadPredict dist=3698.92 dV=-6.32761 thr=1 om=0.00612882 lt=3
[JINK] sign=-1 next=25.8666 dist=3407.17 spd=358.719
[ACTIVE] [RED] LeadPredict dist=3318.7 dV=2.31497 thr=1 om=0.158122 lt=3
[ACTIVE] [RED] ClimbOut Z=2862.79
[ACTIVE] [RED] LeadPredict dist=2877.08 dV=39.8691 thr=1 om=0.22679 lt=3
[ACTIVE] [RED] ClimbOut Z=2215.77
[ACTIVE] [RED] LeadPredict dist=2452.7 dV=85.4485 thr=1 om=0.193702 lt=3
[JINK] sign=1 next=27.5832 dist=1586.99 spd=311.391
[ACTIVE] [RED] LeadPredict dist=1468.05 dV=69.7066 thr=0.638007 om=0.19724 lt=3
[ACTIVE] [RED] LeadPredict dist=1117.35 dV=57.4115 thr=1 om=0.125191 lt=2.89403
[JINK] sign=-1 next=30.3999 dist=815.723 spd=324.715
[ACTIVE] [RED] LeadPredict dist=756.108 dV=69.7581 thr=0.8 om=0.123288 lt=0.357872
[ACTIVE] [RED] LeadPredict dist=285.581 dV=85.1913 thr=0.55 om=0.158746 lt=0.219547
[JINK] sign=-1 next=30.3999 dist=142.588 spd=296.06
[ACTIVE] [RED] LeadPredict dist=207.592 dV=64.0992 thr=0.55 om=0.228663 lt=0.580534
[DUTY] team=1 ticks=1800 v27종말조준=19.6111% v21뱅크예측=55.2222% v17궤도조건=40.2222% v17슬롯적용=24.1667% 상승클램프=0% 강하클램프=10.5556% v23b조건=30.2778% v23b실제적용=14.5%
[ACTIVE] [RED] Evade Z=2300.67
[ACTIVE] [RED] Evade Z=2188.38
[JINK] sign=-1 next=35.2332 dist=809.559 spd=314.014
[ACTIVE] [RED] LeadPredict dist=570.514 dV=34.4675 thr=0.60743 om=0.0344792 lt=1.66817
[ACTIVE] [RED] LeadPredict dist=2225.37 dV=27.7798 thr=0.740486 om=0.259898 lt=3
[JINK] sign=-1 next=35.2332 dist=3088.83 spd=287.829
[ACTIVE] [RED] LeadPredict dist=4056.01 dV=64.4079 thr=1 om=0.439625 lt=3
[ACTIVE] [RED] ClimbOut Z=1841.92
[ACTIVE] [RED] LeadPredict dist=4094.73 dV=70.0153 thr=1 om=0.308409 lt=3
[JINK] sign=1 next=37.1499 dist=4068.54 spd=266.583
[ACTIVE] [RED] LeadPredict dist=2065.76 dV=99.8528 thr=1 om=0.0423359 lt=3
[JINK] sign=-1 next=39.2665 dist=910.018 spd=262.21
[ACTIVE] [RED] LeadPredict dist=960.653 dV=65.8483 thr=0.708566 om=0.284023 lt=2.92371
[ACTIVE] [RED] LeadPredict dist=681.674 dV=59.0063 thr=0.55 om=0.29327 lt=2.21474
[JINK] sign=1 next=40.5832 dist=2016.1 spd=292.716
[ACTIVE] [RED] LeadPredict dist=2053.31 dV=-3.54965 thr=0.851335 om=0.0203639 lt=3
[ACTIVE] [RED] LeadPredict dist=1635.34 dV=22.8926 thr=0.88 om=0.136431 lt=3
[JINK] sign=-1 next=43.9998 dist=1437.73 spd=287.521
[ACTIVE] [RED] LeadPredict dist=1413.31 dV=52.5243 thr=1 om=0.119087 lt=3
[DUTY] team=1 ticks=2400 v27종말조준=14.7083% v21뱅크예측=62.6667% v17궤도조건=44.8333% v17슬롯적용=27.25% 상승클램프=0% 강하클램프=7.91667% v23b조건=35.2917% v23b실제적용=19.0833%
[ACTIVE] [RED] LeadPredict dist=961.618 dV=83.7508 thr=1 om=0.0230353 lt=2.67151
[JINK] sign=1 next=45.7165 dist=509.335 spd=279.032
[ACTIVE] [RED] LeadPredict dist=471.17 dV=68.8321 thr=0.559999 om=0.0465067 lt=0
[ACTIVE] [RED] LeadPredict dist=230.11 dV=15.176 thr=0.697888 om=0.0288049 lt=0
[JINK] sign=-1 next=48.5332 dist=162.371 spd=319.827
[ACTIVE] [RED] LeadPredict dist=170.74 dV=16.2563 thr=0.684924 om=0.0106984 lt=0.511236
[ACTIVE] [RED] LeadPredict dist=73.9483 dV=15.7933 thr=0.55 om=0.0338138 lt=0.231399
[JINK] sign=-1 next=48.5332 dist=171.543 spd=299.301
[ACTIVE] [RED] LeadPredict dist=157.425 dV=20.0117 thr=0.639859 om=0.0569423 lt=0.493329
[ACTIVE] [RED] ClimbOut Z=2310.99
[ACTIVE] [RED] LeadPredict dist=282.664 dV=0.0514526 thr=0.752293 om=0.416829 lt=0.888088
[JINK] sign=-1 next=53.3665 dist=295.614 spd=306.298
[ACTIVE] [RED] LeadPredict dist=387.841 dV=6.27618 thr=0.794708 om=0.074782 lt=1.25798
[ACTIVE] [RED] LeadPredict dist=307.677 dV=21.9666 thr=0.616401 om=0.05374 lt=0.29012
runner:local/env:0	num_steps=[11999] | total rewards=[629.5883] | termination= [max time out]
[seed 1] reward=   629.59 ownHP=1.0000 tgtHP=0.1434 max time out
total: 2
[ACTIVE] [RED] Pure Z=7003.44 VPZ=8480.78
[JINK] sign=-1 next=54.1665 dist=3420.5 spd=296.06
[ACTIVE] [RED] LeadPredict dist=2958.1 dV=12.2437 thr=1 om=0.0302664 lt=3
[DUTY] team=1 ticks=3000 v27종말조준=18.3667% v21뱅크예측=59.1333% v17궤도조건=44.4333% v17슬롯적용=26.4% 상승클램프=0% 강하클램프=9.46667% v23b조건=37.5667% v23b실제적용=20.2333%
[ACTIVE] [RED] LeadPredict dist=1113.61 dV=26.4937 thr=0.724307 om=0.067145 lt=3
[JINK] sign=1 next=55.4831 dist=2547.23 spd=315.455
[ACTIVE] [RED] LeadPredict dist=2748.36 dV=25.5677 thr=0.976691 om=0.0577488 lt=3
[ACTIVE] [RED] LeadPredict dist=2962.28 dV=0.771667 thr=1 om=0.0104389 lt=3
[JINK] sign=-1 next=58.8998 dist=2359.46 spd=349.562
[ACTIVE] [RED] LeadPredict dist=2251.74 dV=28.9115 thr=1 om=0.0394428 lt=3
[ACTIVE] [RED] ClimbOut Z=3066.19
[ACTIVE] [RED] LeadPredict dist=1804.14 dV=28.1399 thr=0.40794 om=0.257947 lt=3
[ACTIVE] [RED] ClimbOut Z=2387.83
[ACTIVE] [RED] LeadPredict dist=1291.38 dV=76.7544 thr=1 om=0.268153 lt=3
[ACTIVE] [RED] ClimbOut Z=2276.04
[JINK] sign=1 next=60.6164 dist=1061.37 spd=329.087
[ACTIVE] [RED] LeadPredict dist=855.522 dV=45.425 thr=0.896 om=0.0123875 lt=0.916785
[ACTIVE] [RED] LeadPredict dist=620.589 dV=43.213 thr=0.55 om=0.050561 lt=0.26169
[JINK] sign=-1 next=63.4331 dist=517.804 spd=320.753
[ACTIVE] [RED] LeadPredict dist=347.963 dV=45.3736 thr=0.55 om=0.0352233 lt=0
[ACTIVE] [RED] LeadPredict dist=57.3532 dV=47.8429 thr=0.55 om=0.00765178 lt=0.165361
[DUTY] team=1 ticks=3600 v27종말조준=19.75% v21뱅크예측=56.3611% v17궤도조건=43.6389% v17슬롯적용=27.6667% 상승클램프=0% 강하클램프=13.5% v23b조건=36.1667% v23b실제적용=21.2222%
[JINK] sign=-1 next=63.4331 dist=121.172 spd=294.928
[ACTIVE] [RED] Evade Z=2278.69
[ACTIVE] [RED] LeadPredict dist=400.692 dV=10.1859 thr=0.731085 om=0.166257 lt=1.23948
[ACTIVE] [RED] LeadPredict dist=208.373 dV=-0.360107 thr=0.788805 om=0.0832001 lt=0.672838
[JINK] sign=-1 next=68.2664 dist=234.27 spd=307.069
[ACTIVE] [RED] LeadPredict dist=204.458 dV=17.1823 thr=0.673812 om=0.0645563 lt=0.655296
[ACTIVE] [RED] LeadPredict dist=96.0576 dV=32.7698 thr=0.55 om=0.0577812 lt=0.302875
[JINK] sign=-1 next=68.2664 dist=61.1402 spd=282.839
[ACTIVE] [RED] LeadPredict dist=132.409 dV=28.963 thr=0.55 om=0.0568757 lt=0.432216
[ACTIVE] [RED] LeadPredict dist=152.582 dV=-28.1399 thr=1 om=0.0140259 lt=0.531824
[JINK] sign=1 next=70.1831 dist=122.252 spd=318.541
[ACTIVE] [RED] LeadPredict dist=251.282 dV=-21.555 thr=1 om=0.0473547 lt=0.436706
[ACTIVE] [RED] LeadPredict dist=297.049 dV=13.2726 thr=0.766942 om=0.1383 lt=0.295689
[JINK] sign=-1 next=72.2997 dist=276.872 spd=316.278
[ACTIVE] [RED] LeadPredict dist=146.758 dV=28.2942 thr=0.55 om=0.221336 lt=0.416347
[ACTIVE] [RED] LeadPredict dist=97.2694 dV=-0.61734 thr=0.707408 om=0.239756 lt=0.140707
[DUTY] team=1 ticks=4200 v27종말조준=21.381% v21뱅크예측=56.7857% v17궤도조건=45.881% v17슬롯적용=24.1905% 상승클램프=0% 강하클램프=12.619% v23b조건=39.5476% v23b실제적용=21.3571%
[JINK] sign=1 next=73.6164 dist=95.653 spd=326.001
[ACTIVE] [RED] LeadPredict dist=167.9 dV=1.0289 thr=0.755791 om=0.0711997 lt=0.528885
[ACTIVE] [RED] LeadPredict dist=106.632 dV=14.8673 thr=0.55 om=0.0788741 lt=0.340748
[JINK] sign=-1 next=77.033 dist=96.4209 spd=295.854
[ACTIVE] [RED] LeadPredict dist=59.8886 dV=23.9214 thr=0.55 om=0.0779261 lt=0.193928
[JINK] sign=1 next=78.7497 dist=265.209 spd=292.562
[ACTIVE] [RED] LeadPredict dist=301.197 dV=21.2978 thr=0.624426 om=0.050977 lt=0.952782
[ACTIVE] [RED] LeadPredict dist=201.516 dV=-25.4648 thr=0.818103 om=0.0315674 lt=0.66551
[JINK] sign=-1 next=81.5664 dist=450.063 spd=321.885
[ACTIVE] [RED] LeadPredict dist=468.721 dV=-0.771667 thr=0.744641 om=0.0398171 lt=1.46437
[ACTIVE] [RED] LeadPredict dist=449.729 dV=25.2076 thr=0.688669 om=0.0626362 lt=1.34951
[JINK] sign=-1 next=81.5664 dist=279.368 spd=301.153
[ACTIVE] [RED] LeadPredict dist=275.328 dV=35.8565 thr=0.55 om=0.0625958 lt=0.439679
[ACTIVE] [RED] LeadPredict dist=119.439 dV=15.2274 thr=0.55 om=0.183182 lt=0
[JINK] sign=-1 next=86.3997 dist=103.564 spd=315.352
[ACTIVE] [RED] LeadPredict dist=106.662 dV=7.15073 thr=0.614191 om=0.0574995 lt=0.260137
[DUTY] team=1 ticks=4800 v27종말조준=22.8958% v21뱅크예측=56.4167% v17궤도조건=46.8958% v17슬롯적용=22.75% 상승클램프=0% 강하클램프=12.125% v23b조건=42.125% v23b실제적용=21.7917%
[ACTIVE] [RED] LeadPredict dist=63.5235 dV=10.0316 thr=0.579621 om=0.0605214 lt=0.206836
runner:local/env:0	num_steps=[11999] | total rewards=[1030.1807] | termination= [max time out]
[seed 2] reward=  1030.18 ownHP=1.0000 tgtHP=0.1058 max time out
total: 2
[ACTIVE] [RED] LeadPredict dist=4902.99 dV=3.24097 thr=1 om=0 lt=3
[JINK] sign=-1 next=87.6497 dist=4329.85 spd=296.369
[ACTIVE] [RED] LeadPredict dist=2257.64 dV=30.1976 thr=0.755572 om=0.0206387 lt=3
[ACTIVE] [RED] LeadPredict dist=2012.92 dV=54.685 thr=0.650408 om=0.010996 lt=3
[JINK] sign=-1 next=87.6497 dist=2390.56 spd=289.167
[ACTIVE] [RED] LeadPredict dist=3420.42 dV=51.907 thr=1 om=0.0361024 lt=3
[ACTIVE] [RED] LeadPredict dist=3135.51 dV=26.1335 thr=1 om=0.218087 lt=3
[JINK] sign=-1 next=92.383 dist=2898.93 spd=339.942
[ACTIVE] [RED] LeadPredict dist=2170.64 dV=36.7825 thr=1 om=0.0186678 lt=3
[ACTIVE] [RED] LeadPredict dist=1573.13 dV=55.8682 thr=0.362244 om=0.160909 lt=3
[ACTIVE] [RED] ClimbOut Z=3052.23
[ACTIVE] [RED] ClimbOut Z=2324.48
[ACTIVE] [RED] ClimbOut Z=2884.04
[JINK] sign=-1 next=92.383 dist=1204.23 spd=356.661
[ACTIVE] [RED] LeadPredict dist=1027.29 dV=78.1434 thr=1 om=0.141061 lt=2.42109
[ACTIVE] [RED] LeadPredict dist=798.344 dV=70.2211 thr=0.508731 om=0.254075 lt=2.12556
[DUTY] team=1 ticks=5400 v27종말조준=20.5741% v21뱅크예측=55.3148% v17궤도조건=45.6852% v17슬롯적용=22.8519% 상승클램프=0% 강하클램프=15.1296% v23b조건=42.1481% v23b실제적용=22.2963%
[JINK] sign=-1 next=96.9163 dist=877.745 spd=293.437
[ACTIVE] [RED] LeadPredict dist=719.349 dV=45.0135 thr=0.55 om=0.0358142 lt=1.83194
[ACTIVE] [RED] LeadPredict dist=527.849 dV=38.12 thr=0.55 om=0.051647 lt=0.353572
[JINK] sign=-1 next=96.9163 dist=402.321 spd=268.641
[ACTIVE] [RED] LeadPredict dist=238.36 dV=51.9584 thr=0.55 om=0.06004 lt=0.170998
[ACTIVE] [RED] LeadPredict dist=113.926 dV=-1.2861 thr=0.715433 om=0.0624078 lt=0.373828
[JINK] sign=-1 next=101.75 dist=132.483 spd=309.693
[ACTIVE] [RED] LeadPredict dist=152.931 dV=3.03522 thr=0.742343 om=0.0651304 lt=0.501563
[ACTIVE] [RED] LeadPredict dist=63.7069 dV=26.0307 thr=0.55 om=0.0486918 lt=0.0560084
[JINK] sign=-1 next=101.75 dist=35.1108 spd=293.179
[ACTIVE] [RED] LeadPredict dist=163.775 dV=22.0695 thr=0.615166 om=0.00985376 lt=0.520529
[ACTIVE] [RED] ClimbOut Z=2324
[ACTIVE] [RED] LeadPredict dist=680.461 dV=6.99637 thr=0.767816 om=0.207229 lt=2.16272
[JINK] sign=1 next=103.666 dist=548.824 spd=312.214
[ACTIVE] [RED] LeadPredict dist=697.243 dV=-24.333 thr=0.821601 om=0.223942 lt=2.30893
[ACTIVE] [RED] LeadPredict dist=926.474 dV=-18.2626 thr=0.836249 om=0.0809167 lt=3
[DUTY] team=1 ticks=6000 v27종말조준=21.6% v21뱅크예측=54.75% v17궤도조건=46.1667% v17슬롯적용=23.55% 상승클램프=0% 강하클램프=14.3% v23b조건=44.2% v23b실제적용=22.55%
[JINK] sign=-1 next=105.783 dist=954.876 spd=314.117
[ACTIVE] [RED] LeadPredict dist=994.91 dV=5.7103 thr=1 om=0.0742895 lt=3
[ACTIVE] [RED] LeadPredict dist=861.186 dV=30.7635 thr=0.856 om=0.0197878 lt=0.603857
[JINK] sign=1 next=107.1 dist=832.345 spd=310.465
[ACTIVE] [RED] LeadPredict dist=737.856 dV=12.3466 thr=0.851841 om=0.0857882 lt=0
[ACTIVE] [RED] LeadPredict dist=618.421 dV=35.342 thr=0.575896 om=0.0576767 lt=1.79448
[JINK] sign=-1 next=110.516 dist=587.326 spd=307.121
[ACTIVE] [RED] LeadPredict dist=376.908 dV=43.213 thr=0.55 om=0.0119813 lt=1.10323
[ACTIVE] [RED] LeadPredict dist=96.6543 dV=56.4341 thr=0.55 om=0.0115074 lt=0.277031
[JINK] sign=-1 next=110.516 dist=53.3323 spd=291.276
[ACTIVE] [RED] LeadPredict dist=435.035 dV=33.4386 thr=0.598737 om=0.250945 lt=1.29522
[JINK] sign=-1 next=115.05 dist=1592.59 spd=279.444
[ACTIVE] [RED] LeadPredict dist=1816.79 dV=46.4025 thr=0.726494 om=0.25976 lt=3
[ACTIVE] [RED] LeadPredict dist=1441.82 dV=39.6633 thr=0.797988 om=0.0297883 lt=3
[JINK] sign=-1 next=115.05 dist=1156.83 spd=259.072
[ACTIVE] [RED] LeadPredict dist=1076.86 dV=59.3149 thr=1 om=0.0596104 lt=3
[DUTY] team=1 ticks=6600 v27종말조준=22.9091% v21뱅크예측=55.1364% v17궤도조건=47.3636% v17슬롯적용=25.2273% 상승클램프=0% 강하클램프=13.1667% v23b조건=43.0909% v23b실제적용=21.9394%
[ACTIVE] [RED] LeadPredict dist=696.799 dV=51.0324 thr=0.719999 om=0.0780075 lt=0
runner:local/env:0	num_steps=[11115] | total rewards=[1058.5326] | termination= [target destroyed]
[seed 3] reward=  1058.53 ownHP=1.0000 tgtHP=-0.0050 target destroyed
total: 2
[JINK] sign=-1 next=118.266 dist=3371.3 spd=298.015
[ACTIVE] [RED] LeadPredict dist=3063.83 dV=10.9061 thr=1 om=0.0338493 lt=3
[ACTIVE] [RED] LeadPredict dist=1187.22 dV=30.5577 thr=0.69501 om=0.01611 lt=3
[JINK] sign=1 next=119.583 dist=1453.53 spd=313.191
[ACTIVE] [RED] LeadPredict dist=1766.63 dV=34.4675 thr=0.587878 om=0.0225031 lt=3
[ACTIVE] [RED] LeadPredict dist=2242.6 dV=-3.85831 thr=0.611053 om=0.0148007 lt=3
[JINK] sign=-1 next=123 dist=1597.46 spd=349.305
[ACTIVE] [RED] LeadPredict dist=1460.78 dV=-9.4657 thr=0.665275 om=0.0365015 lt=3
[ACTIVE] [RED] LeadPredict dist=1083.85 dV=20.4747 thr=1 om=0.181737 lt=2.90521
[ACTIVE] [RED] ClimbOut Z=2447.35
[ACTIVE] [RED] LeadPredict dist=811.83 dV=48.8203 thr=0.848 om=0.0346678 lt=0
[ACTIVE] [RED] ClimbOut Z=2315.15
[JINK] sign=1 next=124.716 dist=633.005 spd=338.604
[ACTIVE] [RED] LeadPredict dist=482.13 dV=53.9133 thr=0.517258 om=0.238314 lt=1.29055
[ACTIVE] [RED] LeadPredict dist=1122.9 dV=42.3899 thr=0.689544 om=0.280574 lt=3
[DUTY] team=1 ticks=7200 v27종말조준=22.5139% v21뱅크예측=53.6944% v17궤도조건=46.5556% v17슬롯적용=26.1944% 상승클램프=0% 강하클램프=13.5556% v23b조건=43.9444% v23b실제적용=24.0694%
[JINK] sign=-1 next=127.533 dist=1350.08 spd=284.022
[ACTIVE] [RED] LeadPredict dist=1157.28 dV=41.9268 thr=0.910382 om=0.215984 lt=3
[ACTIVE] [RED] LeadPredict dist=946.571 dV=37.5541 thr=1 om=0.0906182 lt=3
[JINK] sign=-1 next=127.533 dist=816.554 spd=265.091
[ACTIVE] [RED] LeadPredict dist=632.733 dV=50.7752 thr=0.583999 om=0.139303 lt=1.95289
[ACTIVE] [RED] LeadPredict dist=483.726 dV=12.7067 thr=0.84752 om=0.0119868 lt=0.47019
[JINK] sign=-1 next=132.366 dist=427.298 spd=306.04
[ACTIVE] [RED] LeadPredict dist=335.1 dV=29.1173 thr=0.55 om=0.0546322 lt=0
[ACTIVE] [RED] LeadPredict dist=162.909 dV=29.3745 thr=0.55 om=0.0958002 lt=0.321385
[JINK] sign=-1 next=132.366 dist=96.003 spd=291.122
[ACTIVE] [RED] LeadPredict dist=41.0348 dV=26.3907 thr=0.55 om=0.246454 lt=0.129912
[ACTIVE] [RED] LeadPredict dist=481.133 dV=23.407 thr=0.709003 om=0.139821 lt=1.46477
[JINK] sign=1 next=134.283 dist=554.991 spd=312.78
[ACTIVE] [RED] LeadPredict dist=719.182 dV=13.324 thr=0.798863 om=0.280013 lt=2.34012
[ACTIVE] [RED] LeadPredict dist=2189.47 dV=11.6264 thr=1 om=0.0962699 lt=3
[DUTY] team=1 ticks=7800 v27종말조준=23.641% v21뱅크예측=54.0769% v17궤도조건=47.5% v17슬롯적용=26.3077% 상승클램프=0% 강하클램프=12.5128% v23b조건=44.4872% v23b실제적용=24.4487%
[JINK] sign=-1 next=136.399 dist=2187.28 spd=275.586
[ACTIVE] [RED] LeadPredict dist=1804 dV=28.7572 thr=1 om=0.140362 lt=3
[ACTIVE] [RED] LeadPredict dist=1438.05 dV=29.0144 thr=1 om=0.0632309 lt=3
[JINK] sign=1 next=137.716 dist=1385.64 spd=297.912
[ACTIVE] [RED] LeadPredict dist=1287.39 dV=28.6543 thr=1 om=0.0390383 lt=3
[ACTIVE] [RED] LeadPredict dist=991.46 dV=55.1479 thr=1 om=0.0422884 lt=2.80778
[JINK] sign=-1 next=141.133 dist=892.112 spd=296.163
runner:local/env:0	num_steps=[8494] | total rewards=[800.7249] | termination= [target destroyed]
[seed 4] reward=   800.72 ownHP=1.0000 tgtHP=-0.0013 target destroyed
total: 2
[ACTIVE] [RED] LeadPredict dist=2645.4 dV=6.32761 thr=1 om=0 lt=3
[ACTIVE] [RED] LeadPredict dist=1936.12 dV=32.3068 thr=0.710752 om=0.0635655 lt=3
[JINK] sign=-1 next=141.866 dist=1554 spd=297.912
[ACTIVE] [RED] LeadPredict dist=358.569 dV=42.9557 thr=0.55 om=0.0251535 lt=1.02471
[ACTIVE] [RED] LeadPredict dist=1661.84 dV=2.82944 thr=0.630731 om=0.0159173 lt=3
[JINK] sign=1 next=143.183 dist=1749.16 spd=351.105
[ACTIVE] [RED] LeadPredict dist=1189.04 dV=-6.73917 thr=0.658716 om=0.0103453 lt=3
[ACTIVE] [RED] LeadPredict dist=631.18 dV=11.7292 thr=0.58591 om=0.0342944 lt=1.76587
[DUTY] team=1 ticks=8400 v27종말조준=22.5% v21뱅크예측=51.7738% v17궤도조건=45.631% v17슬롯적용=25.7976% 상승클램프=0% 강하클램프=13.2024% v23b조건=44.4643% v23b실제적용=25.5595%
[JINK] sign=-1 next=146.599 dist=656.67 spd=345.755
[ACTIVE] [RED] ClimbOut Z=2914.54
[ACTIVE] [RED] ClimbOut Z=2843.7
[ACTIVE] [RED] LeadPredict dist=427.571 dV=35.2906 thr=0.576513 om=0.263441 lt=0.607339
[ACTIVE] [RED] ClimbOut Z=2158.04
[ACTIVE] [RED] LeadPredict dist=283.331 dV=37.194 thr=0.55 om=0.252768 lt=0.802968
[JINK] sign=1 next=148.349 dist=352.226 spd=304.703
[ACTIVE] [RED] LeadPredict dist=577.473 dV=32.7698 thr=0.606762 om=0.0861498 lt=1.80616
[ACTIVE] [RED] LeadPredict dist=494.002 dV=17.9025 thr=0.78517 om=0.0886596 lt=1.68617
[JINK] sign=-1 next=151.166 dist=480.323 spd=270.75
[ACTIVE] [RED] LeadPredict dist=392.261 dV=25.2076 thr=0.665484 om=0.0331745 lt=1.20212
[ACTIVE] [RED] LeadPredict dist=267.327 dV=4.01263 thr=0.831848 om=0.0335536 lt=0.955761
[JINK] sign=1 next=152.283 dist=267.258 spd=292.819
runner:local/env:0	num_steps=[4404] | total rewards=[417.7780] | termination= [target destroyed]
[seed 5] reward=   417.78 ownHP=1.0000 tgtHP=-0.0078 target destroyed
total: 2
[ACTIVE] [RED] LeadPredict dist=2247.31 dV=11.6778 thr=0.795364 om=0.0348856 lt=3
[ACTIVE] [RED] LeadPredict dist=2853.15 dV=29.0659 thr=1 om=0.121916 lt=3
[JINK] sign=-1 next=154.099 dist=3426.13 spd=310.002
[ACTIVE] [RED] LeadPredict dist=4044.54 dV=34.1074 thr=1 om=0.047889 lt=3
[ACTIVE] [RED] LeadPredict dist=3525.46 dV=6.63626 thr=1 om=0.0895747 lt=3
[DUTY] team=1 ticks=9000 v27종말조준=22.8222% v21뱅크예측=52.1111% v17궤도조건=45.6556% v17슬롯적용=26.2667% 상승클램프=0% 강하클램프=14% v23b조건=44.2556% v23b실제적용=24.9889%
[ACTIVE] [RED] ClimbOut Z=2879.88
[JINK] sign=-1 next=158.833 dist=2763.02 spd=373.844
[ACTIVE] [RED] LeadPredict dist=2765.49 dV=31.5866 thr=1 om=0.163495 lt=3
[ACTIVE] [RED] ClimbOut Z=2276.96
[ACTIVE] [RED] LeadPredict dist=2397.9 dV=77.9377 thr=0.78 om=0.20086 lt=3
[ACTIVE] [RED] ClimbOut Z=2298.09
[ACTIVE] [RED] LeadPredict dist=1278.91 dV=90.5414 thr=0.411656 om=0.362021 lt=3
[JINK] sign=-1 next=158.833 dist=1236.18 spd=304.548
[ACTIVE] [RED] LeadPredict dist=1341.69 dV=30.9178 thr=0.60843 om=0.0930364 lt=3
[ACTIVE] [RED] LeadPredict dist=1114.31 dV=19.6516 thr=1 om=0.094056 lt=3
[JINK] sign=-1 next=163.366 dist=1089.38 spd=327.956
[ACTIVE] [RED] LeadPredict dist=855.935 dV=66.0541 thr=0.92 om=0.0568715 lt=0
[ACTIVE] [RED] LeadPredict dist=467.865 dV=66.4142 thr=0.55 om=0.0746296 lt=1.27877
[JINK] sign=-1 next=163.366 dist=413.342 spd=298.324
[ACTIVE] [RED] LeadPredict dist=119.082 dV=44.4476 thr=0.55 om=0.148584 lt=0.342679
[ACTIVE] [RED] LeadPredict dist=74.0849 dV=0.154327 thr=0.698148 om=0.0426481 lt=0.229463
[JINK] sign=-1 next=168.199 dist=66.6428 spd=320.29
[ACTIVE] [RED] LeadPredict dist=26.379 dV=16.1534 thr=0.55 om=0.0647601 lt=0.0818732
[DUTY] team=1 ticks=9600 v27종말조준=22.4688% v21뱅크예측=53.0938% v17궤도조건=46.3125% v17슬롯적용=27.1146% 상승클램프=0% 강하클램프=14.7396% v23b조건=44.0729% v23b실제적용=24.8125%
[ACTIVE] [RED] LeadPredict dist=181.101 dV=27.8827 thr=0.55 om=0.039029 lt=0.56407
[JINK] sign=-1 next=168.199 dist=195.263 spd=292.974
[ACTIVE] [RED] LeadPredict dist=279.241 dV=6.22473 thr=0.805303 om=0.0257488 lt=0.960209
[ACTIVE] [RED] LeadPredict dist=179.298 dV=-5.50452 thr=0.841278 om=0.150364 lt=0.602993
[JINK] sign=1 next=170.116 dist=177.505 spd=303.365
[ACTIVE] [RED] LeadPredict dist=279.678 dV=-15.5875 thr=1 om=0.0439374 lt=0.309868
[ACTIVE] [RED] LeadPredict dist=314.068 dV=9.98013 thr=0.702225 om=0.0813675 lt=0.951535
[JINK] sign=-1 next=172.233 dist=308.669 spd=319.879
[ACTIVE] [RED] LeadPredict dist=211.199 dV=22.7897 thr=0.606524 om=0.248176 lt=0.445401
[ACTIVE] [RED] LeadPredict dist=165.459 dV=6.79062 thr=0.798513 om=0.0266428 lt=0.0675634
[JINK] sign=1 next=173.549 dist=157.583 spd=313.243
runner:local/env:0	num_steps=[7681] | total rewards=[671.0715] | termination= [target destroyed]
[seed 6] reward=   671.07 ownHP=1.0000 tgtHP=-0.0044 target destroyed
total: 2
[ACTIVE] [RED] LeadPredict dist=1884.33 dV=7.51083 thr=0.811106 om=0.0649026 lt=3
[ACTIVE] [RED] LeadPredict dist=609.415 dV=12.0379 thr=0.756884 om=0.0255742 lt=1.92121
[JINK] sign=-1 next=175.449 dist=632.899 spd=305.372
[ACTIVE] [RED] LeadPredict dist=1478.17 dV=-4.93863 thr=0.721465 om=0.0203937 lt=3
[DUTY] team=1 ticks=10200 v27종말조준=22.9608% v21뱅크예측=53.3725% v17궤도조건=47% v17슬롯적용=26.2549% 상승클램프=0% 강하클램프=14.902% v23b조건=44.8824% v23b실제적용=25.0294%
[ACTIVE] [RED] LeadPredict dist=1172.99 dV=-20.5262 thr=0.655437 om=0.0215268 lt=3
[JINK] sign=-1 next=180.183 dist=1164.06 spd=361.6
[ACTIVE] [RED] LeadPredict dist=1096.18 dV=12.6038 thr=0.562516 om=0.0122405 lt=3
[ACTIVE] [RED] ClimbOut Z=2451.44
[ACTIVE] [RED] ClimbOut Z=2799.28
[ACTIVE] [RED] LeadPredict dist=910.146 dV=38.4287 thr=0.777727 om=0.435509 lt=1.44467
[JINK] sign=-1 next=180.183 dist=845.114 spd=352.031
[ACTIVE] [RED] LeadPredict dist=657.536 dV=35.4964 thr=0.574044 om=0.193703 lt=0.574538
[ACTIVE] [RED] LeadPredict dist=512.759 dV=19.6516 thr=0.774134 om=0.165687 lt=0.395503
[JINK] sign=1 next=181.899 dist=488.175 spd=333.151
[ACTIVE] [RED] LeadPredict dist=380.62 dV=29.6317 thr=0.55 om=0.0719441 lt=1.09287
[ACTIVE] [RED] LeadPredict dist=177.678 dV=44.9106 thr=0.55 om=0.0319644 lt=0.395691
[JINK] sign=-1 next=184.716 dist=134.428 spd=297.809
[ACTIVE] [RED] LeadPredict dist=135.375 dV=39.4061 thr=0.55 om=0.025978 lt=0.412202
[ACTIVE] [RED] LeadPredict dist=311.713 dV=-15.9991 thr=0.814167 om=0.0122841 lt=1.0263
[JINK] sign=1 next=185.833 dist=354.312 spd=321.422
[ACTIVE] [RED] LeadPredict dist=267.361 dV=-10.8033 thr=0.797113 om=0.242035 lt=0.868794
[DUTY] team=1 ticks=10800 v27종말조준=23.4722% v21뱅크예측=53.1296% v17궤도조건=47.1944% v17슬롯적용=26.4167% 상승클램프=0% 강하클램프=15.8796% v23b조건=45.5185% v23b실제적용=25.8426%
[ACTIVE] [RED] LeadPredict dist=255.328 dV=18.1597 thr=0.690951 om=0.250982 lt=0.613671
[JINK] sign=-1 next=189.549 dist=246.236 spd=299.919
[ACTIVE] [RED] LeadPredict dist=469.013 dV=20.629 thr=0.752452 om=0.269108 lt=1.53614
[ACTIVE] [RED] LeadPredict dist=764.522 dV=21.8637 thr=0.737635 om=0.295657 lt=2.62706
[JINK] sign=1 next=191.466 dist=785.631 spd=270.081
[ACTIVE] [RED] LeadPredict dist=795.617 dV=-0.61734 thr=1 om=0.059199 lt=1.01282
[ACTIVE] [RED] LeadPredict dist=832.977 dV=-7.30505 thr=1 om=0.00423313 lt=0
[JINK] sign=-1 next=193.583 dist=832.536 spd=325.383
[ACTIVE] [RED] LeadPredict dist=740.446 dV=28.8087 thr=0.654296 om=0.0525369 lt=0
runner:local/env:0	num_steps=[7099] | total rewards=[779.3079] | termination= [target destroyed]
[seed 7] reward=   779.31 ownHP=1.0000 tgtHP=-0.0016 target destroyed
total: 2
[ACTIVE] [RED] LeadPredict dist=1504.69 dV=9.36279 thr=0.802798 om=0.06394 lt=3
[JINK] sign=-1 next=195.183 dist=1412.39 spd=297.141
[ACTIVE] [RED] LeadPredict dist=496.837 dV=33.3872 thr=0.599354 om=0.0702344 lt=1.45427
[JINK] sign=1 next=196.499 dist=1461.29 spd=336.032
[ACTIVE] [RED] LeadPredict dist=1464.5 dV=12.1408 thr=0.615645 om=0.0252868 lt=3
[ACTIVE] [RED] LeadPredict dist=522.004 dV=-17.9025 thr=0.653032 om=0.0822844 lt=1.52794
[DUTY] team=1 ticks=11400 v27종말조준=24.1579% v21뱅크예측=53.307% v17궤도조건=47.693% v17슬롯적용=27.0088% 상승클램프=0% 강하클램프=15.3333% v23b조건=46% v23b실제적용=26.114%
[JINK] sign=-1 next=199.916 dist=587.949 spd=349.974
[ACTIVE] [RED] LeadPredict dist=616.968 dV=-3.54965 thr=0.634448 om=0.0407974 lt=1.78308
[ACTIVE] [RED] ClimbOut Z=2911.8
[ACTIVE] [RED] ClimbOut Z=2996.6
[ACTIVE] [RED] ClimbOut Z=2268.25
[ACTIVE] [RED] ClimbOut Z=2213.71
[ACTIVE] [RED] LeadPredict dist=920.236 dV=26.8023 thr=0.575416 om=0.22086 lt=2.55691
[JINK] sign=1 next=201.633 dist=1133.54 spd=318.953
[ACTIVE] [RED] LeadPredict dist=1065.88 dV=18.8799 thr=1 om=0.25949 lt=3
[ACTIVE] [RED] LeadPredict dist=1098.72 dV=30.8149 thr=0.759508 om=0.284978 lt=3
[JINK] sign=-1 next=204.449 dist=1481.68 spd=275.586
[ACTIVE] [RED] LeadPredict dist=1465.84 dV=26.2365 thr=0.858597 om=0.0430438 lt=3
[ACTIVE] [RED] LeadPredict dist=1169.61 dV=47.7915 thr=1 om=0.0300864 lt=3
[JINK] sign=-1 next=204.449 dist=859.07 spd=257.734
[ACTIVE] [RED] LeadPredict dist=799.859 dV=64.6651 thr=0.856 om=0.0576518 lt=1.31975
[ACTIVE] [RED] LeadPredict dist=577.127 dV=19.2915 thr=0.768502 om=0.0340303 lt=0.376651
[JINK] sign=-1 next=209.283 dist=470.576 spd=300.279
[ACTIVE] [RED] LeadPredict dist=449.253 dV=24.8475 thr=0.70183 om=0.0603159 lt=0
[ACTIVE] [RED] LeadPredict dist=275.907 dV=40.9494 thr=0.55 om=0.0217945 lt=0.828173
[DUTY] team=1 ticks=12000 v27종말조준=24.5583% v21뱅크예측=53.4083% v17궤도조건=48.075% v17슬롯적용=28.4% 상승클램프=0% 강하클램프=15.2417% v23b조건=46.1833% v23b실제적용=27.2333%
[JINK] sign=-1 next=209.283 dist=90.3757 spd=290.196
[ACTIVE] [RED] LeadPredict dist=111.816 dV=37.0397 thr=0.55 om=0.00945497 lt=0.341808
[ACTIVE] [RED] LeadPredict dist=217.905 dV=22.9955 thr=0.604055 om=0.109061 lt=0.680883
[JINK] sign=1 next=211.199 dist=232.816 spd=318.438
[ACTIVE] [RED] LeadPredict dist=188.668 dV=-21.8637 thr=0.819414 om=0.0639129 lt=0.623715
[ACTIVE] [RED] LeadPredict dist=722.995 dV=-3.60107 thr=0.780716 om=0.067449 lt=2.32029
[JINK] sign=-1 next=213.316 dist=618.316 spd=304.6
[ACTIVE] [RED] LeadPredict dist=789.856 dV=-7.04785 thr=0.872325 om=0.120639 lt=2.72326
[ACTIVE] [RED] LeadPredict dist=742.755 dV=5.35016 thr=0.935798 om=0.121067 lt=0
[JINK] sign=1 next=214.632 dist=745.106 spd=324.354
[ACTIVE] [RED] LeadPredict dist=757.09 dV=8.38538 thr=0.913209 om=0.0715151 lt=0.137791
runner:local/env:0	num_steps=[7877] | total rewards=[655.5740] | termination= [target destroyed]
[seed 8] reward=   655.57 ownHP=1.0000 tgtHP=-0.0033 target destroyed
total: 2
[ACTIVE] [RED] LeadPredict dist=1579.36 dV=13.324 thr=0.785963 om=0.0548662 lt=3
[JINK] sign=-1 next=217.066 dist=2059.61 spd=302.131
[ACTIVE] [RED] LeadPredict dist=2830.51 dV=28.5 thr=1 om=0.0164064 lt=3
[ACTIVE] [RED] LeadPredict dist=3536.83 dV=19.1372 thr=1 om=0.090712 lt=3
[DUTY] team=1 ticks=12600 v27종말조준=24.5317% v21뱅크예측=53.381% v17궤도조건=48.1429% v17슬롯적용=28.2619% 상승클램프=0% 강하클램프=15.6429% v23b조건=46.6984% v23b실제적용=27.746%
[JINK] sign=1 next=218.382 dist=3271.29 spd=361.96
[ACTIVE] [RED] LeadPredict dist=2943.45 dV=23.3041 thr=1 om=0.0357621 lt=3
[ACTIVE] [RED] LeadPredict dist=2290.4 dV=45.5794 thr=0.392198 om=0.0960595 lt=3
[ACTIVE] [RED] ClimbOut Z=2436.24
[ACTIVE] [RED] LeadPredict dist=1968.2 dV=43.4702 thr=0.719262 om=0.12969 lt=3
[JINK] sign=-1 next=221.799 dist=1796.65 spd=338.759
[ACTIVE] [RED] ClimbOut Z=2586.43
[ACTIVE] [RED] LeadPredict dist=1119.14 dV=83.2364 thr=0.393072 om=0.0190586 lt=2.77836
[ACTIVE] [RED] LeadPredict dist=789.562 dV=43.9846 thr=0.632 om=0.0636404 lt=2.09987
[JINK] sign=1 next=223.516 dist=766.569 spd=330.219
[ACTIVE] [RED] LeadPredict dist=583.002 dV=36.9882 thr=0.556141 om=0.163648 lt=0.328054
[ACTIVE] [RED] LeadPredict dist=391.882 dV=31.8953 thr=0.593256 om=0.161565 lt=0.0151849
[JINK] sign=-1 next=226.332 dist=370.263 spd=304.909
[ACTIVE] [RED] LeadPredict dist=168.615 dV=42.1841 thr=0.55 om=0.186998 lt=0.388827
[ACTIVE] [RED] LeadPredict dist=45.0896 dV=3.24097 thr=0.661108 om=0.147901 lt=0.143122
[JINK] sign=1 next=227.449 dist=27.089 spd=313.963
[ACTIVE] [RED] LeadPredict dist=114.423 dV=-3.65253 thr=0.74383 om=0.160479 lt=0.366491
[DUTY] team=1 ticks=13200 v27종말조준=24.8409% v21뱅크예측=54.0076% v17궤도조건=48.697% v17슬롯적용=28.9697% 상승클램프=0% 강하클램프=16.6136% v23b조건=46.2348% v23b실제적용=27.6364%
[ACTIVE] [RED] LeadPredict dist=94.3103 dV=13.1697 thr=0.55 om=0.227103 lt=0.298091
[JINK] sign=-1 next=231.166 dist=88.8174 spd=300.947
[ACTIVE] [RED] LeadPredict dist=182.403 dV=22.1724 thr=0.613932 om=0.0593153 lt=0.579545
[JINK] sign=-1 next=231.166 dist=157.016 spd=281.656
[ACTIVE] [RED] LeadPredict dist=146.841 dV=23.5613 thr=0.55 om=0.077702 lt=0.481427
[ACTIVE] [RED] Evade Z=2277.46
[ACTIVE] [RED] LeadPredict dist=325.128 dV=-8.64258 thr=0.758852 om=0.0373794 lt=1.02648
[JINK] sign=1 next=233.082 dist=173.068 spd=332.483
[ACTIVE] [RED] LeadPredict dist=344.575 dV=-28.2427 thr=0.847181 om=0.0798615 lt=1.16427
[ACTIVE] [RED] LeadPredict dist=397.243 dV=9.67148 thr=0.898216 om=0.180178 lt=0.442764
runner:local/env:0	num_steps=[7201] | total rewards=[602.6402] | termination= [target destroyed]
[seed 9] reward=   602.64 ownHP=1.0000 tgtHP=-0.0017 target destroyed
total: 2
[JINK] sign=-1 next=237.082 dist=1239.03 spd=299.25
[ACTIVE] [RED] LeadPredict dist=846.468 dV=5.76175 thr=0.817665 om=0.0106148 lt=2.79453
[ACTIVE] [RED] LeadPredict dist=2931.01 dV=16.2563 thr=1 om=0.0538998 lt=3
[JINK] sign=-1 next=237.082 dist=3535.33 spd=315.146
[ACTIVE] [RED] LeadPredict dist=3506.06 dV=13.787 thr=1 om=0.0284668 lt=3
[ACTIVE] [RED] LeadPredict dist=2489.56 dV=7.92236 thr=1 om=0.172701 lt=3
[DUTY] team=1 ticks=13800 v27종말조준=24.2174% v21뱅크예측=54.2246% v17궤도조건=48.5797% v17슬롯적용=28.2101% 상승클램프=0% 강하클램프=16.8551% v23b조건=46.9493% v23b실제적용=27.942%
[ACTIVE] [RED] ClimbOut Z=3071.88
[JINK] sign=-1 next=241.816 dist=1874.02 spd=362.886
[ACTIVE] [RED] LeadPredict dist=1865.78 dV=22.8926 thr=0.500251 om=0.247865 lt=3
[ACTIVE] [RED] ClimbOut Z=2293.5
[ACTIVE] [RED] ClimbOut Z=2775.86
[ACTIVE] [RED] LeadPredict dist=1436.46 dV=66.3627 thr=0.76 om=0.517335 lt=3
[ACTIVE] [RED] LeadPredict dist=1122.13 dV=47.5857 thr=0.60515 om=0.242778 lt=3
[JINK] sign=1 next=243.532 dist=1089.4 spd=307.481
[ACTIVE] [RED] LeadPredict dist=939.812 dV=28.0884 thr=1 om=0.0311435 lt=2.6507
[ACTIVE] [RED] LeadPredict dist=774.835 dV=33.1299 thr=0.602441 om=0.0584648 lt=0
[JINK] sign=-1 next=246.349 dist=752.217 spd=324.766
[ACTIVE] [RED] LeadPredict dist=580.756 dV=44.0361 thr=0.55 om=0.0518493 lt=1.64396
[ACTIVE] [RED] LeadPredict dist=338.563 dV=48.4602 thr=0.55 om=0.0607882 lt=0.980949
[JINK] sign=-1 next=246.349 dist=310.162 spd=295.752
[ACTIVE] [RED] LeadPredict dist=107.955 dV=29.5803 thr=0.55 om=0.0131929 lt=0.319843
[ACTIVE] [RED] LeadPredict dist=180.914 dV=3.65253 thr=0.746827 om=0.0258797 lt=0.566117
[JINK] sign=-1 next=251.182 dist=175.564 spd=314.477
[ACTIVE] [RED] LeadPredict dist=197.136 dV=5.86462 thr=0.802361 om=0.0640664 lt=0.643176
[DUTY] team=1 ticks=14400 v27종말조준=24.5208% v21뱅크예측=54.8889% v17궤도조건=49.5833% v17슬롯적용=29.1806% 상승클램프=0% 강하클램프=16.875% v23b조건=46.7778% v23b실제적용=27.8681%
[ACTIVE] [RED] LeadPredict dist=50.6305 dV=24.2816 thr=0.55 om=0.0895119 lt=0.161713
[JINK] sign=-1 next=251.182 dist=23.7562 spd=288.138
[ACTIVE] [RED] LeadPredict dist=198.837 dV=15.4332 thr=0.694802 om=0.072137 lt=0.676076
[ACTIVE] [RED] LeadPredict dist=208.739 dV=-21.1949 thr=1 om=0.0832941 lt=0.743286
[JINK] sign=1 next=253.099 dist=173.382 spd=304.857
[ACTIVE] [RED] LeadPredict dist=336.646 dV=-31.6381 thr=1 om=0.00437506 lt=0
runner:local/env:0	num_steps=[6488] | total rewards=[601.0811] | termination= [target destroyed]
[seed 10] reward=   601.08 ownHP=1.0000 tgtHP=-0.0033 target destroyed
total: 2
[ACTIVE] [RED] LeadPredict dist=2340.32 dV=-2.88086 thr=0.850242 om=0.0614289 lt=3
[JINK] sign=-1 next=255.116 dist=2298.92 spd=298.993
[ACTIVE] [RED] LeadPredict dist=988.709 dV=-15.8447 thr=0.850024 om=0.0155971 lt=3
[ACTIVE] [RED] LeadPredict dist=686.174 dV=-37.8113 thr=0.799518 om=0.0229447 lt=2.23384
[JINK] sign=1 next=256.432 dist=748.166 spd=347.864
[ACTIVE] [RED] LeadPredict dist=822.717 dV=-31.5352 thr=0.722121 om=0.0118785 lt=2.52846
[ACTIVE] [RED] LeadPredict dist=1078.3 dV=0 thr=0.622204 om=0.0158585 lt=3
[JINK] sign=-1 next=259.849 dist=1112.16 spd=353.215
[ACTIVE] [RED] ClimbOut Z=2429.68
[ACTIVE] [RED] ClimbOut Z=2992.48
[ACTIVE] [RED] LeadPredict dist=913.081 dV=28.037 thr=0.668831 om=0.213219 lt=2.52476
[DUTY] team=1 ticks=15000 v27종말조준=23.9% v21뱅크예측=54.04% v17궤도조건=48.96% v17슬롯적용=28.4867% 상승클램프=0% 강하클램프=17.3867% v23b조건=47.7533% v23b실제적용=28.9933%
[ACTIVE] [RED] LeadPredict dist=746.07 dV=32.6155 thr=0.608614 om=0.252211 lt=2.15076
[JINK] sign=1 next=261.566 dist=706.948 spd=308.51
[ACTIVE] [RED] LeadPredict dist=767.026 dV=32.7184 thr=0.607379 om=0.284744 lt=2.40444
[ACTIVE] [RED] LeadPredict dist=835.214 dV=23.6642 thr=0.716029 om=0.0166827 lt=0
[JINK] sign=-1 next=264.382 dist=783.966 spd=272.345
[ACTIVE] [RED] LeadPredict dist=784.114 dV=21.9151 thr=0.737018 om=0.0410723 lt=0
[ACTIVE] [RED] LeadPredict dist=558.451 dV=50.1579 thr=0.55 om=0.0566307 lt=1.73509
[JINK] sign=1 next=265.499 dist=501.621 spd=266.686
[ACTIVE] [RED] LeadPredict dist=379.89 dV=10.0316 thr=0.759621 om=0.0381824 lt=0
[ACTIVE] [RED] LeadPredict dist=314.483 dV=20.5262 thr=0.633686 om=0.0614163 lt=0.879504
[JINK] sign=-1 next=269.216 dist=292.381 spd=296.935
runner:local/env:0	num_steps=[4968] | total rewards=[534.6708] | termination= [target destroyed]
[seed 11] reward=   534.67 ownHP=1.0000 tgtHP=-0.0010 target destroyed
total: 2
[ACTIVE] [RED] LeadPredict dist=4079.04 dV=3.85831 thr=1 om=0.0590645 lt=3
[ACTIVE] [RED] LeadPredict dist=4141.28 dV=4.01263 thr=1 om=0.127114 lt=3
[JINK] sign=-1 next=268.916 dist=3930.02 spd=322.142
[ACTIVE] [RED] LeadPredict dist=2251.26 dV=-11.935 thr=0.72 om=0.0348674 lt=3
[DUTY] team=1 ticks=15600 v27종말조준=24.6538% v21뱅크예측=54.2115% v17궤도조건=48.7949% v17슬롯적용=29.0833% 상승클램프=0% 강하클램프=16.9615% v23b조건=46.8462% v23b실제적용=28.0192%
[ACTIVE] [RED] LeadPredict dist=1006.86 dV=-33.3871 thr=0.63248 om=0.032341 lt=2.90601
[ACTIVE] [RED] ClimbOut Z=3002.98
[ACTIVE] [RED] ClimbOut Z=3136.73
[JINK] sign=-1 next=273.649 dist=924.937 spd=371.323
[ACTIVE] [RED] ClimbOut Z=2271.98
[ACTIVE] [RED] ClimbOut Z=2348.77
[ACTIVE] [RED] LeadPredict dist=1818.89 dV=25.5162 thr=0.588752 om=0.210181 lt=3
[ACTIVE] [RED] LeadPredict dist=2955.47 dV=44.7048 thr=1 om=0.251136 lt=3
[JINK] sign=-1 next=273.649 dist=2957.93 spd=301.256
[ACTIVE] [RED] ClimbOut Z=1839.7
[ACTIVE] [RED] LeadPredict dist=3036.26 dV=69.3465 thr=1 om=0.421349 lt=3
[JINK] sign=1 next=275.366 dist=1916.91 spd=286.492
[ACTIVE] [RED] LeadPredict dist=1396.54 dV=58.8519 thr=0.765379 om=0.254412 lt=3
[ACTIVE] [RED] LeadPredict dist=900.292 dV=66.3628 thr=0.984 om=0.0503363 lt=0
[JINK] sign=-1 next=278.182 dist=659.097 spd=279.392
[ACTIVE] [RED] LeadPredict dist=518.216 dV=65.1281 thr=0.55 om=0.138869 lt=1.24645
[ACTIVE] [RED] LeadPredict dist=181.641 dV=41.2581 thr=0.55 om=0.0262545 lt=0.537256
[JINK] sign=-1 next=283.016 dist=123.574 spd=313.808
[ACTIVE] [RED] LeadPredict dist=131.319 dV=8.12817 thr=0.602462 om=0.05104 lt=0.418674
[ACTIVE] [RED] LeadPredict dist=76.9884 dV=9.62003 thr=0.58456 om=0.0626781 lt=0.255122
[DUTY] team=1 ticks=16200 v27종말조준=24.4198% v21뱅크예측=54.3642% v17궤도조건=48.5926% v17슬롯적용=29.2407% 상승클램프=0% 강하클램프=17.1728% v23b조건=46.9012% v23b실제적용=28.1667%
[JINK] sign=-1 next=283.016 dist=204.409 spd=288.292
[ACTIVE] [RED] LeadPredict dist=71.0749 dV=11.2148 thr=0.565423 om=0.0809482 lt=0.238618
[ACTIVE] [RED] LeadPredict dist=114.201 dV=6.94495 thr=0.616661 om=0.156776 lt=0.39083
[JINK] sign=1 next=284.932 dist=172.961 spd=295.031
[ACTIVE] [RED] LeadPredict dist=182.698 dV=-9.31134 thr=0.83931 om=0.266468 lt=0.613475
[ACTIVE] [RED] LeadPredict dist=297.019 dV=3.39532 thr=0.839256 om=0.289663 lt=1.01788
[JINK] sign=-1 next=287.049 dist=254.439 spd=274.865
[ACTIVE] [RED] LeadPredict dist=215.366 dV=25.8249 thr=0.592552 om=0.0120186 lt=0
[ACTIVE] [RED] LeadPredict dist=70.8488 dV=35.0334 thr=0.55 om=0.0467866 lt=0.238601
[JINK] sign=1 next=288.366 dist=171.158 spd=275.483
[ACTIVE] [RED] LeadPredict dist=51.443 dV=-17.6967 thr=0.912361 om=0.0402713 lt=0.186459
[ACTIVE] [RED] LeadPredict dist=326.549 dV=-31.8438 thr=1 om=0.0632386 lt=0.19732
[JINK] sign=-1 next=291.782 dist=380.503 spd=297.861
[ACTIVE] [RED] LeadPredict dist=376.564 dV=6.94495 thr=0.796661 om=0.044797 lt=0.615695
runner:local/env:0	num_steps=[8532] | total rewards=[702.3948] | termination= [target destroyed]
[seed 12] reward=   702.39 ownHP=1.0000 tgtHP=-0.0017 target destroyed
total: 2
[ACTIVE] [RED] LeadPredict dist=4317.39 dV=4.21838 thr=1 om=0.168109 lt=3
[DUTY] team=1 ticks=16800 v27종말조준=24.6488% v21뱅크예측=54.1845% v17궤도조건=48.6012% v17슬롯적용=28.3869% 상승클램프=0% 강하클램프=16.7321% v23b조건=46.7321% v23b실제적용=27.5595%
[JINK] sign=-1 next=292.732 dist=3509.96 spd=302.285
[ACTIVE] [RED] LeadPredict dist=3293.86 dV=7.76804 thr=1 om=0.0493316 lt=3
[ACTIVE] [RED] LeadPredict dist=2783.17 dV=9.98013 thr=1 om=0.115049 lt=3
[JINK] sign=1 next=294.049 dist=2693.38 spd=355.066
[ACTIVE] [RED] LeadPredict dist=2728.29 dV=6.9964 thr=1 om=0.0227246 lt=3
[ACTIVE] [RED] LeadPredict dist=2894.83 dV=52.7301 thr=1 om=0.00916754 lt=3
[ACTIVE] [RED] LeadPredict dist=2716.29 dV=92.2905 thr=1 om=0.249368 lt=3
[ACTIVE] [RED] ClimbOut Z=2284.94
[JINK] sign=-1 next=297.465 dist=2594.24 spd=351.414
[ACTIVE] [RED] ClimbOut Z=3166.79
[ACTIVE] [RED] LeadPredict dist=2021.2 dV=118.064 thr=0.298402 om=0.804422 lt=3
[ACTIVE] [RED] ClimbOut Z=2145.59
[JINK] sign=1 next=299.182 dist=3345.32 spd=301.616
[ACTIVE] [RED] LeadPredict dist=3182.71 dV=111.891 thr=1 om=0.300994 lt=3
[ACTIVE] [RED] LeadPredict dist=1168.89 dV=94.0911 thr=0.538466 om=0.0499705 lt=3
[JINK] sign=-1 next=301.999 dist=1622.11 spd=273.322
[ACTIVE] [RED] LeadPredict dist=3477.98 dV=53.4503 thr=1 om=0.352327 lt=3
[ACTIVE] [RED] LeadPredict dist=2004.83 dV=57.4115 thr=1 om=0.0683009 lt=3
[DUTY] team=1 ticks=17400 v27종말조준=23.7989% v21뱅크예측=54.6782% v17궤도조건=47.6034% v17슬롯적용=27.8621% 상승클램프=0% 강하클램프=18.6724% v23b조건=45.7011% v23b실제적용=27.1897%
[ACTIVE] [RED] ClimbOut Z=2125.14
[JINK] sign=1 next=303.415 dist=549.036 spd=289.784
[ACTIVE] [RED] ClimbOut Z=2379.42
[ACTIVE] [RED] LeadPredict dist=2027 dV=77.9377 thr=0.631605 om=0.335212 lt=3
[JINK] sign=-1 next=307.132 dist=1268.54 spd=260.255
[ACTIVE] [RED] LeadPredict dist=1066.92 dV=70.6326 thr=0.704849 om=0.0754843 lt=3
[ACTIVE] [RED] LeadPredict dist=583.488 dV=49.0776 thr=0.55 om=0.0313305 lt=1.95051
[JINK] sign=-1 next=307.132 dist=332.508 spd=248.32
[ACTIVE] [RED] LeadPredict dist=282.609 dV=44.0875 thr=0.55 om=0.028949 lt=0.967001
[ACTIVE] [RED] LeadPredict dist=176.156 dV=0.925995 thr=0.868888 om=0.0892561 lt=0.549274
[JINK] sign=1 next=309.049 dist=240.529 spd=319.107
[ACTIVE] [RED] LeadPredict dist=273.058 dV=-21.6065 thr=0.816791 om=0.0412842 lt=0.900861
[ACTIVE] [RED] LeadPredict dist=401.228 dV=3.34387 thr=0.959874 om=0.0623994 lt=0.293361
runner:local/env:0	num_steps=[7064] | total rewards=[342.0234] | termination= [target destroyed]
[seed 13] reward=   342.02 ownHP=1.0000 tgtHP=-0.0035 target destroyed
total: 2
[ACTIVE] [RED] Pure Z=7003.22 VPZ=9064.89
[ACTIVE] [RED] LeadPredict dist=5282.67 dV=7.15073 thr=1 om=0.160618 lt=3
[ACTIVE] [RED] Pure Z=7059.91 VPZ=8872.65
[JINK] sign=-1 next=313.149 dist=3700.89 spd=293.076
[ACTIVE] [RED] LeadPredict dist=3036.33 dV=29.3745 thr=1 om=0.0653114 lt=3
[ACTIVE] [RED] LeadPredict dist=220.384 dV=48.3574 thr=0.55 om=0.0624211 lt=0.637872
[DUTY] team=1 ticks=18000 v27종말조준=23.6889% v21뱅크예측=54.5111% v17궤도조건=47.3056% v17슬롯적용=27.6111% 상승클램프=0% 강하클램프=19.0111% v23b조건=45.6111% v23b실제적용=27.1056%
[JINK] sign=1 next=314.465 dist=1671.27 spd=312.574
[ACTIVE] [RED] LeadPredict dist=1927.76 dV=37.4512 thr=0.577602 om=0.0252989 lt=3
[ACTIVE] [RED] LeadPredict dist=1754.96 dV=-9.00269 thr=0.654562 om=0.0160822 lt=3
[JINK] sign=-1 next=317.882 dist=1272.19 spd=343.337
[ACTIVE] [RED] LeadPredict dist=1194.48 dV=4.62997 thr=0.628544 om=0.0305785 lt=3
[ACTIVE] [RED] LeadPredict dist=941.995 dV=28.963 thr=0.72 om=0.0090598 lt=2.52741
[ACTIVE] [RED] ClimbOut Z=3265.69
[ACTIVE] [RED] ClimbOut Z=2405.05
[JINK] sign=1 next=319.599 dist=753.763 spd=351.465
[ACTIVE] [RED] ClimbOut Z=2429.05
[ACTIVE] [RED] LeadPredict dist=738.391 dV=40.435 thr=0.463473 om=0.223613 lt=1.91173
[ACTIVE] [RED] LeadPredict dist=1011.1 dV=41.0523 thr=0.612584 om=0.258274 lt=2.87934
[JINK] sign=-1 next=322.415 dist=1597.74 spd=292.459
[ACTIVE] [RED] LeadPredict dist=1617.29 dV=38.2229 thr=0.723651 om=0.0619507 lt=3
[ACTIVE] [RED] LeadPredict dist=1301.57 dV=38.2743 thr=0.779623 om=0.0799479 lt=3
[JINK] sign=-1 next=322.415 dist=1169.58 spd=267.303
[ACTIVE] [RED] LeadPredict dist=1049.74 dV=66.9286 thr=1 om=0.0455708 lt=3
[ACTIVE] [RED] LeadPredict dist=689.823 dV=41.3095 thr=0.671999 om=0.0420175 lt=0
[DUTY] team=1 ticks=18600 v27종말조준=23.1935% v21뱅크예측=54.0108% v17궤도조건=47.043% v17슬롯적용=27.9624% 상승클램프=0% 강하클램프=18.9624% v23b조건=46.3978% v23b실제적용=28.3011%
[JINK] sign=-1 next=327.249 dist=551.064 spd=307.944
[ACTIVE] [RED] LeadPredict dist=461.456 dV=48.9747 thr=0.55 om=0.0352597 lt=0.129257
[ACTIVE] [RED] LeadPredict dist=133.454 dV=63.9963 thr=0.55 om=0.0653524 lt=0.372136
[JINK] sign=-1 next=327.249 dist=162.115 spd=293.076
[ACTIVE] [RED] LeadPredict dist=321.24 dV=47.4828 thr=0.55 om=0.0545039 lt=0.943701
[ACTIVE] [RED] ClimbOut Z=2049.07
[ACTIVE] [RED] LeadPredict dist=416.393 dV=26.3907 thr=0.683311 om=0.0699155 lt=1.24793
[JINK] sign=1 next=329.165 dist=386.702 spd=314.22
[ACTIVE] [RED] LeadPredict dist=1091.75 dV=-18.9828 thr=0.780934 om=0.00248097 lt=3
[ACTIVE] [RED] LeadPredict dist=722.643 dV=-3.49817 thr=0.884099 om=0.232544 lt=1.87019
[JINK] sign=-1 next=331.282 dist=677.583 spd=317.77
[ACTIVE] [RED] LeadPredict dist=887.369 dV=5.60739 thr=0.785744 om=0.0451044 lt=2.85867
[ACTIVE] [RED] LeadPredict dist=786.215 dV=12.1408 thr=0.854311 om=0.0381755 lt=0.838668
[JINK] sign=1 next=332.599 dist=772.172 spd=312.574
[ACTIVE] [RED] LeadPredict dist=721.011 dV=16.4621 thr=0.802455 om=0.0655653 lt=0.0531995
runner:local/env:0	num_steps=[8211] | total rewards=[655.9333] | termination= [target destroyed]
[seed 14] reward=   655.93 ownHP=1.0000 tgtHP=-0.0014 target destroyed
Remove Space Complete.

[rehearsal own_rep=6 tgt_rep=6 seeds=15]
SUMMARY dealt=14.7924 taken=0.0000 mean_reward=672.78
tacview log saved (last episode)

=== 諛곗튂 D �셿猷� ===
