########## v32 vs AIP_jh2.dll ##########


     JSBSim Flight Dynamics Model v1.0.0 May 27 2026 16:13:38
            [JSBSim-ML v2.0]

JSBSim startup beginning ...

total: 2
Behavior Tree Initialized Successfully
Behavior Tree Initialized Successfully
[ACTIVE] [RED] LeadPredict dist=3870.29 dV=-1.80054 thr=1 om=0.583138 lt=3
[ACTIVE] [RED] LeadPredict dist=2830.05 dV=-8.48825 thr=1 om=0.146465 lt=3
[ACTIVE] [RED] LeadPredict dist=552.373 dV=-28.1399 thr=0.67072 om=1.43504 lt=1.55524
[ACTIVE] [RED] ClimbOut Z=2350.19
[ACTIVE] [RED] LeadPredict dist=765.7 dV=-2.26355 thr=0.654265 om=3.27291 lt=2.11392
[ACTIVE] [RED] Evade Z=1914.28
[ACTIVE] [RED] Evade Z=1927.82
[ACTIVE] [RED] Evade Z=1968.68
[ACTIVE] [RED] Evade Z=2028.53
[ACTIVE] [RED] Evade Z=2104.98
[ACTIVE] [RED] Evade Z=2199.62
[ACTIVE] [RED] Evade Z=2301.25
[ACTIVE] [RED] Evade Z=2365.71
[ACTIVE] [RED] Evade Z=2357.1
[ACTIVE] [RED] Evade Z=2273.59
[ACTIVE] [RED] Evade Z=2169.47
[ACTIVE] [RED] Evade Z=2066.08
init ID:1 Lat37.92355643001773 Lon128.18188127777776 Alt(meter)7000.0785355893395 Speed(m/sec)300.0
init ID:1 Lat37.96855377446113 Lon128.18188127777776 Alt(meter)7002.8272734023885 Speed(m/sec)300.0
runner:local/env:0	num_steps=[3985] | total rewards=[-147.6854] | termination= [ownship destroyed]
[seed 0] reward=  -147.69 ownHP=-0.0068 tgtHP=0.9975 ownship destroyed
total: 2
[ACTIVE] [RED] LeadPredict dist=3555.32 dV=-0.720215 thr=1 om=0.781315 lt=3
[ACTIVE] [RED] LeadPredict dist=1397.36 dV=-13.3754 thr=0.88 om=0.898362 lt=3
[ACTIVE] [RED] LeadPredict dist=1684.54 dV=-8.2825 thr=0.738519 om=1.11259 lt=3
[ACTIVE] [RED] LeadPredict dist=1317.29 dV=-21.7608 thr=1 om=1.12361 lt=3
[ACTIVE] [RED] LeadPredict dist=1388.74 dV=-15.639 thr=0.744422 om=0.111283 lt=3
[ACTIVE] [RED] LeadPredict dist=1639.48 dV=-19.8574 thr=1 om=0.993382 lt=3
[ACTIVE] [RED] LeadPredict dist=1457.35 dV=17.2852 thr=1 om=1.03746 lt=3
[ACTIVE] [RED] LeadPredict dist=1305.69 dV=3.60107 thr=1 om=0.0124537 lt=3
[ACTIVE] [RED] LeadPredict dist=1234 dV=22.3267 thr=1 om=1.19779 lt=3
[ACTIVE] [RED] LeadPredict dist=927.487 dV=16.3592 thr=1 om=0.706172 lt=3
[ACTIVE] [RED] LeadPredict dist=1055.86 dV=-26.8538 thr=1 om=0.0505976 lt=3
[ACTIVE] [RED] LeadPredict dist=1146.1 dV=2.10919 thr=1 om=0.967458 lt=3
[ACTIVE] [RED] LeadPredict dist=1107.79 dV=18.2626 thr=0.771752 om=0.701023 lt=3
[ACTIVE] [RED] LeadPredict dist=1379.13 dV=-11.4206 thr=0.720372 om=0.304968 lt=3
[ACTIVE] [RED] LeadPredict dist=1414.27 dV=0.771637 thr=1 om=0.997623 lt=3
[ACTIVE] [RED] LeadPredict dist=1220.26 dV=15.0731 thr=1 om=0.929048 lt=3
[ACTIVE] [RED] LeadPredict dist=1178.58 dV=-1.08032 thr=1 om=0.0115929 lt=3
[ACTIVE] [RED] LeadPredict dist=1134.64 dV=13.4269 thr=1 om=1.07425 lt=3
[ACTIVE] [RED] LeadPredict dist=971.137 dV=8.28247 thr=1 om=1.01701 lt=2.71893
[ACTIVE] [RED] LeadPredict dist=1016.93 dV=-8.1796 thr=1 om=0.00878474 lt=2.72996
[ACTIVE] [RED] LeadPredict dist=1053.92 dV=2.41785 thr=1 om=1.41563 lt=2.67241
[ACTIVE] [RED] LeadPredict dist=915.967 dV=4.42419 thr=1 om=0.0497888 lt=2.25953
[ACTIVE] [RED] LeadPredict dist=881.66 dV=18.2626 thr=0.780848 om=0.272281 lt=0
[ACTIVE] [RED] ClimbOut Z=2435.31
[ACTIVE] [RED] ClimbOut Z=1992.18
[ACTIVE] [RED] LeadPredict dist=1449.76 dV=16.8736 thr=0.342786 om=1.82563 lt=3
[ACTIVE] [RED] LeadPredict dist=1063.07 dV=-8.5397 thr=0.596405 om=1.61017 lt=2.99486
[ACTIVE] [RED] ClimbOut Z=1816.91
[ACTIVE] [RED] LeadPredict dist=1664.21 dV=16.8736 thr=0.630512 om=4.49114 lt=3
[ACTIVE] [RED] LeadPredict dist=469.152 dV=-15.2789 thr=0.749232 om=0.272147 lt=1.47068
[ACTIVE] [RED] ClimbOut Z=1938.98
[ACTIVE] [RED] LeadPredict dist=1439.29 dV=-4.42416 thr=0.721902 om=1.45895 lt=3
[ACTIVE] [RED] ClimbOut Z=1799.34
[ACTIVE] [RED] LeadPredict dist=537.566 dV=3.29242 thr=0.717967 om=1.47818 lt=1.64715
[ACTIVE] [RED] ClimbOut Z=1850.01
[ACTIVE] [RED] Evade Z=1801.7
runner:local/env:0	num_steps=[11999] | total rewards=[838.5222] | termination= [max time out]
[seed 1] reward=   838.52 ownHP=0.8806 tgtHP=0.8107 max time out
total: 2
[ACTIVE] [RED] LeadPredict dist=4268.88 dV=2.00632 thr=1 om=0 lt=3
[ACTIVE] [RED] LeadPredict dist=1301.37 dV=9.98013 thr=0.752293 om=0.861135 lt=3
[ACTIVE] [RED] LeadPredict dist=2002.4 dV=10.6489 thr=0.640132 om=1.12721 lt=3
[ACTIVE] [RED] LeadPredict dist=1446.23 dV=-24.8989 thr=0.836842 om=1.40321 lt=3
[ACTIVE] [RED] LeadPredict dist=1415.39 dV=-21.1435 thr=0.601433 om=0.180702 lt=3
[ACTIVE] [RED] LeadPredict dist=1482.88 dV=-3.85831 thr=1 om=1.34962 lt=3
[ACTIVE] [RED] LeadPredict dist=1195.36 dV=7.30505 thr=1 om=0.0218302 lt=3
[ACTIVE] [RED] LeadPredict dist=1196.04 dV=-4.01263 thr=1 om=0.0105314 lt=3
[ACTIVE] [RED] LeadPredict dist=1109.34 dV=15.2789 thr=1 om=1.23249 lt=3
[ACTIVE] [RED] LeadPredict dist=927.085 dV=-3.7554 thr=0.94 om=0.18627 lt=3
[ACTIVE] [RED] LeadPredict dist=999.681 dV=-3.65253 thr=1 om=0.185401 lt=3
[ACTIVE] [RED] LeadPredict dist=925.509 dV=6.32761 thr=1 om=1.26794 lt=2.61226
[ACTIVE] [RED] LeadPredict dist=960.071 dV=-5.76175 thr=0.55552 om=0.217042 lt=2.63334
[ACTIVE] [RED] LeadPredict dist=1124.08 dV=-16.4621 thr=0.525129 om=0.0567615 lt=3
[ACTIVE] [RED] ClimbOut Z=2350.11
[ACTIVE] [RED] ClimbOut Z=1934.45
[ACTIVE] [RED] LeadPredict dist=682.326 dV=18.9314 thr=0.550928 om=2.62801 lt=1.86599
[ACTIVE] [RED] LeadPredict dist=682.153 dV=-10.2888 thr=0.738081 om=0.895146 lt=2.12094
[ACTIVE] [RED] LeadPredict dist=737.396 dV=-0.668762 thr=0.815479 om=0.60767 lt=2.43031
[ACTIVE] [RED] LeadPredict dist=767.498 dV=15.8962 thr=0.809245 om=1.48054 lt=2.80645
[ACTIVE] [RED] LeadPredict dist=766.87 dV=1.59476 thr=0.980863 om=0.00799467 lt=0
runner:local/env:0	num_steps=[6929] | total rewards=[656.8552] | termination= [target destroyed]
[seed 2] reward=   656.86 ownHP=1.0000 tgtHP=-0.0028 target destroyed
total: 2
[ACTIVE] [RED] LeadPredict dist=3697.02 dV=9.77435 thr=1 om=0.984881 lt=3
[ACTIVE] [RED] LeadPredict dist=863.278 dV=59.0577 thr=0.84 om=1.18306 lt=2.61182
[ACTIVE] [RED] LeadPredict dist=2600.59 dV=138.333 thr=0.689028 om=1.13246 lt=3
[ACTIVE] [RED] LeadPredict dist=3997.59 dV=162.975 thr=1 om=1.08961 lt=3
[ACTIVE] [RED] LeadPredict dist=3007.54 dV=104.483 thr=1 om=0.819611 lt=3
[ACTIVE] [RED] LeadPredict dist=1000.06 dV=27.5226 thr=1 om=1.21017 lt=3
[ACTIVE] [RED] LeadPredict dist=2044.6 dV=-65.2824 thr=1 om=0.791635 lt=3
[ACTIVE] [RED] LeadPredict dist=3097.87 dV=-89.3068 thr=1 om=0.846155 lt=3
[ACTIVE] [RED] LeadPredict dist=2374.48 dV=-44.8077 thr=1 om=0.0527235 lt=3
[ACTIVE] [RED] LeadPredict dist=1737.36 dV=20.9377 thr=1 om=0.962595 lt=3
[ACTIVE] [RED] LeadPredict dist=1402.62 dV=23.5613 thr=1 om=0.152274 lt=3
[ACTIVE] [RED] LeadPredict dist=1333.26 dV=3.70395 thr=1 om=0.0238568 lt=3
[ACTIVE] [RED] LeadPredict dist=1221.78 dV=15.6904 thr=1 om=1.09583 lt=3
[ACTIVE] [RED] LeadPredict dist=1074.27 dV=2.2121 thr=1 om=0.190575 lt=2.92225
[ACTIVE] [RED] LeadPredict dist=1135.61 dV=-9.4657 thr=0.464129 om=0.0362222 lt=2.94132
[ACTIVE] [RED] LeadPredict dist=1079.54 dV=18.2626 thr=1 om=1.29017 lt=2.71859
[ACTIVE] [RED] LeadPredict dist=913.476 dV=14.0957 thr=0.992 om=0.0214439 lt=0
[ACTIVE] [RED] LeadPredict dist=861.932 dV=7.45938 thr=0.910487 om=0.0666126 lt=0.0809884
[ACTIVE] [RED] LeadPredict dist=772.185 dV=10.4431 thr=0.874683 om=1.01522 lt=1.1398
[ACTIVE] [RED] LeadPredict dist=822.46 dV=-9.67145 thr=0.850898 om=0.263756 lt=2.78722
[ACTIVE] [RED] LeadPredict dist=947.4 dV=-3.60107 thr=1 om=0.313592 lt=2.80136
[ACTIVE] [RED] LeadPredict dist=887.333 dV=16.5135 thr=0.912 om=1.23827 lt=1.24124
[ACTIVE] [RED] LeadPredict dist=797.439 dV=7.09927 thr=0.914809 om=0.189307 lt=0.0490936
runner:local/env:0	num_steps=[8375] | total rewards=[848.0130] | termination= [target destroyed]
[seed 3] reward=   848.01 ownHP=1.0000 tgtHP=-0.0001 target destroyed
total: 2
[ACTIVE] [RED] LeadPredict dist=3224.34 dV=4.42416 thr=1 om=1.20211 lt=3
[ACTIVE] [RED] LeadPredict dist=1570.78 dV=-4.42419 thr=0.739831 om=0.206784 lt=3
[ACTIVE] [RED] LeadPredict dist=1098.87 dV=-8.5397 thr=0.667243 om=1.13606 lt=3
[ACTIVE] [RED] LeadPredict dist=758.088 dV=-14.7644 thr=0.786082 om=1.25345 lt=2.1541
[ACTIVE] [RED] LeadPredict dist=1147.1 dV=-25.9792 thr=0.566889 om=0.288008 lt=3
[ACTIVE] [RED] ClimbOut Z=2161.63
[ACTIVE] [RED] LeadPredict dist=1850.64 dV=-14.3529 thr=0.590283 om=2.61795 lt=3
[ACTIVE] [RED] LeadPredict dist=845.29 dV=3.60107 thr=0.685609 om=1.40138 lt=2.531
[ACTIVE] [RED] LeadPredict dist=652.286 dV=-7.40793 thr=0.835594 om=0.299764 lt=2.18387
[ACTIVE] [RED] LeadPredict dist=893.029 dV=-2.41788 thr=1 om=1.55004 lt=2.67827
[ACTIVE] [RED] LeadPredict dist=812.148 dV=-6.48193 thr=1 om=0.165417 lt=2.85945
[ACTIVE] [RED] LeadPredict dist=907.867 dV=10.6489 thr=0.92 om=0.38745 lt=1.96849
[ACTIVE] [RED] ClimbOut Z=2302.07
[ACTIVE] [RED] LeadPredict dist=806.258 dV=15.639 thr=0.802708 om=3.54604 lt=2.20864
[ACTIVE] [RED] ClimbOut Z=1956.35
[ACTIVE] [RED] ClimbOut Z=1823.81
[ACTIVE] [RED] LeadPredict dist=396.542 dV=39.8691 thr=0.558591 om=0.882162 lt=1.1107
[ACTIVE] [RED] LeadPredict dist=295.201 dV=8.1796 thr=0.781845 om=1.47759 lt=0.964583
[ACTIVE] [RED] Evade Z=3018.68
[ACTIVE] [RED] Evade Z=3556.44
[ACTIVE] [RED] Evade Z=3765.38
[ACTIVE] [RED] Evade Z=3669.3
[ACTIVE] [RED] Evade Z=3395.73
[ACTIVE] [RED] Evade Z=2896.67
[ACTIVE] [RED] ClimbOut Z=2145.37
[ACTIVE] [RED] Evade Z=2071.18
[ACTIVE] [RED] ClimbOut Z=1860.02
[ACTIVE] [RED] Evade Z=1827.72
[ACTIVE] [RED] Evade Z=1943.17
[ACTIVE] [RED] Evade Z=2133.39
[ACTIVE] [RED] Evade Z=2334.25
runner:local/env:0	num_steps=[7915] | total rewards=[44.3280] | termination= [ownship destroyed]
[seed 4] reward=    44.33 ownHP=-0.0002 tgtHP=0.9688 ownship destroyed
total: 2
[ACTIVE] [RED] LeadPredict dist=2026.94 dV=11.4206 thr=0.725401 om=0.493153 lt=3
[ACTIVE] [RED] LeadPredict dist=358.922 dV=6.2247 thr=0.602745 om=0.722796 lt=1.01542
[ACTIVE] [RED] LeadPredict dist=721.274 dV=-2.05774 thr=0.496269 om=1.30039 lt=1.90548
[ACTIVE] [RED] ClimbOut Z=2952.16
[ACTIVE] [RED] ClimbOut Z=2157.91
[ACTIVE] [RED] LeadPredict dist=1957.4 dV=-22.018 thr=0.552333 om=2.75184 lt=3
[ACTIVE] [RED] ClimbOut Z=1888.56
[ACTIVE] [RED] LeadPredict dist=1889.87 dV=27.4711 thr=1 om=0.994291 lt=3
[ACTIVE] [RED] ClimbOut Z=1798.79
[ACTIVE] [RED] LeadPredict dist=1215.89 dV=20.7834 thr=1 om=1.37118 lt=3
[ACTIVE] [RED] Evade Z=1849.55
[ACTIVE] [RED] Evade Z=1855.12
[ACTIVE] [RED] Evade Z=1922.16
[ACTIVE] [RED] Evade Z=2056.46
[ACTIVE] [RED] Evade Z=2217.89
[ACTIVE] [RED] Evade Z=2372.75
[ACTIVE] [RED] Evade Z=2481.9
[ACTIVE] [RED] Evade Z=2529.02
[ACTIVE] [RED] Evade Z=2502.02
[ACTIVE] [RED] Evade Z=2403.99
[ACTIVE] [RED] ClimbOut Z=2268.59
[ACTIVE] [RED] LeadPredict dist=1274.65 dV=34.2617 thr=1 om=0.470959 lt=3
[ACTIVE] [RED] ClimbOut Z=1912.01
[ACTIVE] [RED] Evade Z=1829.74
[ACTIVE] [RED] ClimbOut Z=1798.61
[ACTIVE] [RED] Evade Z=1863.22
[ACTIVE] [RED] Evade Z=2009.35
[ACTIVE] [RED] Evade Z=2156.99
[ACTIVE] [RED] Evade Z=2283.63
[ACTIVE] [RED] Evade Z=2363.26
[ACTIVE] [RED] Evade Z=2395.86
[ACTIVE] [RED] Evade Z=2351.5
[ACTIVE] [RED] Evade Z=2267.05
[ACTIVE] [RED] Evade Z=2154.53
[ACTIVE] [RED] Evade Z=2052.14
[ACTIVE] [RED] Evade Z=1990.48
[ACTIVE] [RED] Evade Z=1927.42
[ACTIVE] [RED] Evade Z=1873.13
[ACTIVE] [RED] Evade Z=1837.97
runner:local/env:0	num_steps=[8385] | total rewards=[-201.7386] | termination= [ownship destroyed]
[seed 5] reward=  -201.74 ownHP=-0.0030 tgtHP=1.0000 ownship destroyed
total: 2
[ACTIVE] [RED] LeadPredict dist=2331.37 dV=8.48825 thr=0.798207 om=1.02531 lt=3
[ACTIVE] [RED] LeadPredict dist=1752.63 dV=22.944 thr=0.716218 om=1.01573 lt=3
[ACTIVE] [RED] LeadPredict dist=2150.16 dV=19.0857 thr=0.601871 om=1.1156 lt=3
[ACTIVE] [RED] LeadPredict dist=469.338 dV=-18.5713 thr=0.632917 om=0.989544 lt=1.35501
[ACTIVE] [RED] ClimbOut Z=2505.82
[ACTIVE] [RED] Evade Z=1947.09
[ACTIVE] [RED] ClimbOut Z=1923.34
[ACTIVE] [RED] Evade Z=1848.47
[ACTIVE] [RED] Evade Z=1815.38
[ACTIVE] [RED] Evade Z=1820.53
[ACTIVE] [RED] Evade Z=1898.37
[ACTIVE] [RED] Evade Z=2012.1
[ACTIVE] [RED] Evade Z=2153.22
[ACTIVE] [RED] Evade Z=2305.81
[ACTIVE] [RED] Evade Z=2415.22
[ACTIVE] [RED] Evade Z=2469.85
[ACTIVE] [RED] Evade Z=2459.88
[ACTIVE] [RED] Evade Z=2384.08
[ACTIVE] [RED] Evade Z=2251.7
runner:local/env:0	num_steps=[4344] | total rewards=[-159.3136] | termination= [ownship destroyed]
[seed 6] reward=  -159.31 ownHP=-0.0031 tgtHP=1.0000 ownship destroyed
total: 2
[ACTIVE] [RED] LeadPredict dist=2791.15 dV=0.565887 thr=1 om=0 lt=3
[ACTIVE] [RED] LeadPredict dist=635.52 dV=-1.85199 thr=0.802361 om=0.487246 lt=2.07345
[ACTIVE] [RED] LeadPredict dist=2377.89 dV=-7.81949 thr=0.789024 om=1.00016 lt=3
[ACTIVE] [RED] LeadPredict dist=1765.81 dV=-24.6931 thr=0.731522 om=0.415124 lt=3
[ACTIVE] [RED] LeadPredict dist=1234.86 dV=-20.5262 thr=0.709877 om=1.35578 lt=3
[ACTIVE] [RED] LeadPredict dist=1279.97 dV=-29.3745 thr=0.911569 om=1.48004 lt=3
[ACTIVE] [RED] LeadPredict dist=1367.45 dV=-20.7834 thr=0.644942 om=0.115445 lt=3
[ACTIVE] [RED] ClimbOut Z=2580.38
[ACTIVE] [RED] ClimbOut Z=1995.11
[ACTIVE] [RED] LeadPredict dist=677.354 dV=31.3808 thr=0.615645 om=1.62501 lt=1.93289
[ACTIVE] [RED] Evade Z=2545.83
[ACTIVE] [RED] Evade Z=3102.41
[ACTIVE] [RED] Evade Z=3474.37
[ACTIVE] [RED] Evade Z=3525.96
[ACTIVE] [RED] Evade Z=3272.28
[ACTIVE] [RED] Evade Z=2829.39
[ACTIVE] [RED] ClimbOut Z=2318.69
[ACTIVE] [RED] Evade Z=2000.39
[ACTIVE] [RED] Evade Z=1886.96
[ACTIVE] [RED] ClimbOut Z=1855.93
[ACTIVE] [RED] Evade Z=1801.8
[ACTIVE] [RED] Evade Z=1833.89
[ACTIVE] [RED] Evade Z=1906.01
[ACTIVE] [RED] Evade Z=2017.5
[ACTIVE] [RED] Evade Z=2175.92
[ACTIVE] [RED] Evade Z=2313.14
runner:local/env:0	num_steps=[6023] | total rewards=[-131.0979] | termination= [ownship destroyed]
[seed 7] reward=  -131.10 ownHP=-0.0027 tgtHP=1.0000 ownship destroyed
total: 2
[ACTIVE] [RED] LeadPredict dist=1497.08 dV=3.54965 thr=0.803235 om=0.841961 lt=3
[ACTIVE] [RED] LeadPredict dist=497.956 dV=-1.08032 thr=0.895124 om=1.06821 lt=1.50608
[ACTIVE] [RED] Evade Z=5710.55
[ACTIVE] [RED] Evade Z=4642.63
[ACTIVE] [RED] ClimbOut Z=2969.33
[ACTIVE] [RED] Evade Z=2244.66
[ACTIVE] [RED] ClimbOut Z=2194.96
[ACTIVE] [RED] Evade Z=1920.77
[ACTIVE] [RED] Evade Z=1866.21
[ACTIVE] [RED] Evade Z=1850.14
[ACTIVE] [RED] Evade Z=1879.8
[ACTIVE] [RED] Evade Z=1945.38
[ACTIVE] [RED] Evade Z=2017.37
[ACTIVE] [RED] Evade Z=2141.65
[ACTIVE] [RED] Evade Z=2274.61
[ACTIVE] [RED] Evade Z=2384.52
[ACTIVE] [RED] Evade Z=2452.19
[ACTIVE] [RED] Evade Z=2460.18
[ACTIVE] [RED] Evade Z=2394.76
[ACTIVE] [RED] Evade Z=2266.14
[ACTIVE] [RED] Evade Z=2093.75
[ACTIVE] [RED] Evade Z=1920.86
[ACTIVE] [RED] ClimbOut Z=1916.69
[ACTIVE] [RED] Evade Z=1863.61
[ACTIVE] [RED] Evade Z=1856.55
[ACTIVE] [RED] Evade Z=1894.21
[ACTIVE] [RED] Evade Z=1882.89
runner:local/env:0	num_steps=[4880] | total rewards=[-169.2235] | termination= [ownship destroyed]
[seed 8] reward=  -169.22 ownHP=-0.0052 tgtHP=1.0000 ownship destroyed
total: 2
[ACTIVE] [RED] LeadPredict dist=1486.08 dV=5.24728 thr=0.779841 om=0.857923 lt=3
[ACTIVE] [RED] LeadPredict dist=3049.16 dV=31.6895 thr=1 om=1.07863 lt=3
[ACTIVE] [RED] LeadPredict dist=3415.74 dV=20.8863 thr=1 om=0.268065 lt=3
[ACTIVE] [RED] LeadPredict dist=1774.22 dV=2.72653 thr=1 om=1.3298 lt=3
[ACTIVE] [RED] LeadPredict dist=1501.08 dV=-12.2951 thr=1 om=0.00920761 lt=3
[ACTIVE] [RED] LeadPredict dist=1562.78 dV=-11.3691 thr=1 om=0.0404647 lt=3
[ACTIVE] [RED] LeadPredict dist=1835.39 dV=1.5433 thr=0.341474 om=3.78854 lt=3
[ACTIVE] [RED] ClimbOut Z=1996.24
[ACTIVE] [RED] LeadPredict dist=422.82 dV=27.7283 thr=0.568638 om=0.916975 lt=1.16964
[ACTIVE] [RED] LeadPredict dist=859.703 dV=5.45306 thr=0.765192 om=1.42284 lt=2.72706
[ACTIVE] [RED] LeadPredict dist=1114.1 dV=5.7103 thr=0.848493 om=1.49928 lt=3
[ACTIVE] [RED] LeadPredict dist=503.982 dV=-2.72653 thr=1 om=0.828665 lt=1.79822
[ACTIVE] [RED] LeadPredict dist=816.958 dV=-4.32129 thr=1 om=0.159232 lt=2.87015
[ACTIVE] [RED] LeadPredict dist=1377.22 dV=-2.26355 thr=0.787275 om=1.39256 lt=3
[ACTIVE] [RED] ClimbOut Z=2446.56
[ACTIVE] [RED] LeadPredict dist=1545.43 dV=-11.3691 thr=0.694135 om=2.57876 lt=3
[ACTIVE] [RED] ClimbOut Z=1945.67
[ACTIVE] [RED] LeadPredict dist=430.739 dV=22.8926 thr=0.662652 om=2.44803 lt=1.26921
[ACTIVE] [RED] ClimbOut Z=1806.01
[ACTIVE] [RED] ClimbOut Z=1795.68
[ACTIVE] [RED] LeadPredict dist=214.219 dV=13.787 thr=0.765202 om=3.68316 lt=0.641226
[ACTIVE] [RED] Evade Z=2028.38
[ACTIVE] [RED] Evade Z=2196.72
[ACTIVE] [RED] Evade Z=2355.15
runner:local/env:0	num_steps=[7381] | total rewards=[-15.7246] | termination= [ownship destroyed]
[seed 9] reward=   -15.72 ownHP=-0.0024 tgtHP=0.9703 ownship destroyed
total: 2
[ACTIVE] [RED] LeadPredict dist=1407.46 dV=3.85831 thr=0.800174 om=1.73581 lt=3
[ACTIVE] [RED] LeadPredict dist=3101.9 dV=20.166 thr=1 om=1.02859 lt=3
[ACTIVE] [RED] LeadPredict dist=1746.23 dV=-22.4296 thr=0.669476 om=0.826347 lt=3
[ACTIVE] [RED] LeadPredict dist=1376.89 dV=-23.6642 thr=0.670523 om=1.32823 lt=3
[ACTIVE] [RED] LeadPredict dist=1243.99 dV=-17.9025 thr=0.64 om=1.48313 lt=3
[ACTIVE] [RED] ClimbOut Z=2235.77
[ACTIVE] [RED] LeadPredict dist=2760.87 dV=4.37274 thr=1 om=1.57108 lt=3
[ACTIVE] [RED] ClimbOut Z=1842.2
[ACTIVE] [RED] LeadPredict dist=374.287 dV=33.027 thr=0.55 om=0.838968 lt=1.08656
[ACTIVE] [RED] LeadPredict dist=1967.26 dV=-1.95486 thr=0.84412 om=1.47047 lt=3
[ACTIVE] [RED] LeadPredict dist=630.719 dV=-6.79062 thr=1 om=0.453309 lt=2.24918
[ACTIVE] [RED] LeadPredict dist=1260.07 dV=-18.7256 thr=1 om=0.165733 lt=3
[ACTIVE] [RED] LeadPredict dist=1135.58 dV=-17.4395 thr=0.851773 om=1.33987 lt=3
[ACTIVE] [RED] LeadPredict dist=1157.12 dV=-14.8673 thr=0.794271 om=1.4445 lt=3
[ACTIVE] [RED] ClimbOut Z=1954.44
[ACTIVE] [RED] LeadPredict dist=1873.63 dV=14.6101 thr=0.677956 om=1.51717 lt=3
[ACTIVE] [RED] LeadPredict dist=868.321 dV=-8.5397 thr=0.721465 om=1.20266 lt=2.66734
[ACTIVE] [RED] ClimbOut Z=1886.98
[ACTIVE] [RED] ClimbOut Z=1791.51
[ACTIVE] [RED] LeadPredict dist=1030.1 dV=8.5397 thr=0.730648 om=1.63328 lt=3
[ACTIVE] [RED] LeadPredict dist=915.36 dV=-6.84204 thr=0.790992 om=1.48737 lt=2.96062
[ACTIVE] [RED] LeadPredict dist=672.069 dV=0.41156 thr=0.838654 om=0.722343 lt=2.25554
[ACTIVE] [RED] LeadPredict dist=710.758 dV=9.25992 thr=0.888881 om=1.64835 lt=2.51706
[ACTIVE] [RED] LeadPredict dist=695.785 dV=5.9675 thr=0.928466 om=0.0493694 lt=0
[ACTIVE] [RED] LeadPredict dist=647.786 dV=11.7807 thr=0.858632 om=0.241964 lt=2.15028
[ACTIVE] [RED] LeadPredict dist=576.476 dV=10.7003 thr=0.871596 om=0.456862 lt=2.88886
[ACTIVE] [RED] LeadPredict dist=621.075 dV=5.50452 thr=0.948271 om=1.5462 lt=0.0982309
[ACTIVE] [RED] LeadPredict dist=612.413 dV=14.9188 thr=0.820975 om=0.180504 lt=3
[ACTIVE] [RED] LeadPredict dist=514.405 dV=2.88086 thr=0.96543 om=1.01171 lt=3
[ACTIVE] [RED] LeadPredict dist=749.581 dV=-6.94495 thr=1 om=0.964026 lt=3
[ACTIVE] [RED] LeadPredict dist=617.632 dV=36.731 thr=0.601826 om=0.780687 lt=2.87773
[ACTIVE] [RED] LeadPredict dist=737.615 dV=23.7671 thr=0.714795 om=0.879601 lt=3
[ACTIVE] [RED] LeadPredict dist=542.995 dV=0.360107 thr=0.995679 om=0.39069 lt=3
[ACTIVE] [RED] LeadPredict dist=963.963 dV=-27.7798 thr=1 om=0.947774 lt=3
[ACTIVE] [RED] LeadPredict dist=1136.44 dV=-12.1408 thr=1 om=1.53237 lt=3
runner:local/env:0	num_steps=[11999] | total rewards=[586.6579] | termination= [max time out]
[seed 10] reward=   586.66 ownHP=1.0000 tgtHP=0.3622 max time out
total: 2
[ACTIVE] [RED] LeadPredict dist=2235.2 dV=1.02887 thr=0.823569 om=0 lt=3
[ACTIVE] [RED] LeadPredict dist=1834.54 dV=-22.018 thr=0.837999 om=0.706001 lt=3
[ACTIVE] [RED] LeadPredict dist=118.575 dV=-46.5568 thr=0.80892 om=0.297908 lt=0.388822
[ACTIVE] [RED] LeadPredict dist=794.323 dV=-28.8601 thr=0.728461 om=1.1771 lt=2.45244
[ACTIVE] [RED] LeadPredict dist=997.696 dV=5.40164 thr=0.612146 om=1.33374 lt=2.84034
[ACTIVE] [RED] LeadPredict dist=888.839 dV=-22.2753 thr=0.66134 om=1.51192 lt=2.61666
[ACTIVE] [RED] ClimbOut Z=2142.99
[ACTIVE] [RED] Evade Z=1947.32
[ACTIVE] [RED] ClimbOut Z=1830.1
[ACTIVE] [RED] Evade Z=1896.65
[ACTIVE] [RED] Evade Z=2135.16
[ACTIVE] [RED] Evade Z=2381.43
[ACTIVE] [RED] Evade Z=2599.4
[ACTIVE] [RED] Evade Z=2753.37
runner:local/env:0	num_steps=[3451] | total rewards=[-140.8373] | termination= [ownship destroyed]
[seed 11] reward=  -140.84 ownHP=-0.0076 tgtHP=1.0000 ownship destroyed
total: 2
[ACTIVE] [RED] LeadPredict dist=3798.68 dV=1.74908 thr=1 om=1.26061 lt=3
[ACTIVE] [RED] LeadPredict dist=3589.69 dV=-6.53339 thr=1 om=0.598426 lt=3
[ACTIVE] [RED] LeadPredict dist=1687.04 dV=-39.046 thr=0.682766 om=0.174965 lt=3
[ACTIVE] [RED] LeadPredict dist=1327.72 dV=-35.342 thr=0.693261 om=1.38102 lt=3
[ACTIVE] [RED] LeadPredict dist=967.004 dV=-8.38538 thr=0.707841 om=1.44169 lt=2.75135
[ACTIVE] [RED] ClimbOut Z=2746.86
[ACTIVE] [RED] ClimbOut Z=2079.68
[ACTIVE] [RED] LeadPredict dist=1053.52 dV=8.28247 thr=0.578476 om=2.45588 lt=2.9331
[ACTIVE] [RED] ClimbOut Z=1827.77
[ACTIVE] [RED] LeadPredict dist=447.252 dV=5.09296 thr=0.754261 om=0.991374 lt=1.40724
[ACTIVE] [RED] LeadPredict dist=216.927 dV=-10.7518 thr=0.854615 om=0.999683 lt=0.737326
[ACTIVE] [RED] LeadPredict dist=348.129 dV=-10.3917 thr=0.8603 om=0.844487 lt=1.18868
[ACTIVE] [RED] LeadPredict dist=865.442 dV=-12.6038 thr=0.86336 om=1.45404 lt=2.96232
[ACTIVE] [RED] ClimbOut Z=1943.59
[ACTIVE] [RED] LeadPredict dist=408.963 dV=18.8799 thr=0.695447 om=1.86424 lt=1.23308
[ACTIVE] [RED] ClimbOut Z=1812.96
[ACTIVE] [RED] Evade Z=1860.18
[ACTIVE] [RED] Evade Z=1980.45
[ACTIVE] [RED] Evade Z=2128.15
[ACTIVE] [RED] Evade Z=2242.33
[ACTIVE] [RED] Evade Z=2326.81
[ACTIVE] [RED] Evade Z=2367.27
[ACTIVE] [RED] Evade Z=2356.51
[ACTIVE] [RED] Evade Z=2297.4
runner:local/env:0	num_steps=[6182] | total rewards=[-133.3377] | termination= [ownship destroyed]
[seed 12] reward=  -133.34 ownHP=-0.0012 tgtHP=1.0000 ownship destroyed
total: 2
[ACTIVE] [RED] LeadPredict dist=3434.02 dV=3.6011 thr=1 om=0.929642 lt=3
[ACTIVE] [RED] LeadPredict dist=1863.08 dV=-5.45306 thr=0.724089 om=0.136463 lt=3
[ACTIVE] [RED] LeadPredict dist=2029.75 dV=-34.6733 thr=0.679924 om=0.174479 lt=3
[ACTIVE] [RED] LeadPredict dist=2243.59 dV=-44.2933 thr=1 om=1.37621 lt=3
[ACTIVE] [RED] LeadPredict dist=2096.44 dV=-69.6552 thr=0.56667 om=0.045924 lt=3
[ACTIVE] [RED] LeadPredict dist=2603.41 dV=-70.8898 thr=1 om=1.9519 lt=3
[ACTIVE] [RED] ClimbOut Z=2206.82
[ACTIVE] [RED] LeadPredict dist=905.273 dV=23.5099 thr=0.545025 om=1.28382 lt=2.46633
[ACTIVE] [RED] LeadPredict dist=1112.57 dV=-12.0379 thr=1 om=0.0717307 lt=3
[ACTIVE] [RED] LeadPredict dist=1155.71 dV=1.02887 thr=1 om=0.136682 lt=3
[ACTIVE] [RED] LeadPredict dist=905.813 dV=11.1119 thr=0.88 om=2.88823 lt=2.44078
[ACTIVE] [RED] ClimbOut Z=2153.24
[ACTIVE] [RED] ClimbOut Z=1843.25
[ACTIVE] [RED] LeadPredict dist=380.335 dV=36.3709 thr=0.55 om=2.28674 lt=1.06545
[ACTIVE] [RED] LeadPredict dist=282.14 dV=7.35648 thr=0.754698 om=1.25386 lt=0.888019
[ACTIVE] [RED] LeadPredict dist=745.582 dV=-8.1796 thr=0.827941 om=1.5405 lt=2.48127
[ACTIVE] [RED] LeadPredict dist=979.755 dV=-15.1245 thr=0.851335 om=1.53119 lt=3
[ACTIVE] [RED] ClimbOut Z=2025.45
[ACTIVE] [RED] LeadPredict dist=889.187 dV=17.2337 thr=0.737426 om=1.38184 lt=2.76332
[ACTIVE] [RED] LeadPredict dist=882.332 dV=15.5361 thr=0.708784 om=2.69714 lt=2.68577
[ACTIVE] [RED] ClimbOut Z=1816.62
[ACTIVE] [RED] Evade Z=1800.13
[ACTIVE] [RED] ClimbOut Z=1798.91
[ACTIVE] [RED] Evade Z=1848.05
[ACTIVE] [RED] Evade Z=1952.39
[ACTIVE] [RED] Evade Z=2083.05
[ACTIVE] [RED] Evade Z=2194.67
[ACTIVE] [RED] Evade Z=2317.85
runner:local/env:0	num_steps=[7879] | total rewards=[12.8077] | termination= [ownship destroyed]
[seed 13] reward=    12.81 ownHP=-0.0034 tgtHP=1.0000 ownship destroyed
total: 2
[ACTIVE] [RED] LeadPredict dist=4964.1 dV=3.96118 thr=1 om=0.169936 lt=3
[ACTIVE] [RED] LeadPredict dist=2812.32 dV=14.9702 thr=1 om=0.718771 lt=3
[ACTIVE] [RED] LeadPredict dist=884.529 dV=59.5207 thr=0.55 om=0.8295 lt=2.60634
[ACTIVE] [RED] LeadPredict dist=2281.03 dV=82.8763 thr=0.762787 om=1.23654 lt=3
[ACTIVE] [RED] LeadPredict dist=1532.12 dV=41.8754 thr=1 om=0.52977 lt=3
[ACTIVE] [RED] LeadPredict dist=442.131 dV=-7.1507 thr=1 om=0.963546 lt=1.69682
[ACTIVE] [RED] LeadPredict dist=1358.76 dV=-30.0433 thr=1 om=0.886579 lt=3
[ACTIVE] [RED] LeadPredict dist=895.905 dV=-2.67509 thr=1 om=0.922419 lt=3
[ACTIVE] [RED] LeadPredict dist=1490.49 dV=-14.5587 thr=1 om=0.0274543 lt=3
[ACTIVE] [RED] LeadPredict dist=1501.55 dV=-47.8944 thr=1 om=0.938482 lt=3
[ACTIVE] [RED] LeadPredict dist=1409.36 dV=-36.0622 thr=1 om=0.0734251 lt=3
[ACTIVE] [RED] LeadPredict dist=1830.05 dV=-56.7427 thr=0.782465 om=0.0324628 lt=3
[ACTIVE] [RED] LeadPredict dist=2074.06 dV=-41.4639 thr=1 om=1.3502 lt=3
[ACTIVE] [RED] LeadPredict dist=1562.07 dV=-2.62363 thr=1 om=0.0191914 lt=3
[ACTIVE] [RED] LeadPredict dist=1488.55 dV=-3.29242 thr=1 om=0.0169555 lt=3
[ACTIVE] [RED] LeadPredict dist=1264.54 dV=31.6895 thr=1 om=1.29912 lt=3
[ACTIVE] [RED] LeadPredict dist=969.923 dV=11.6263 thr=1 om=0.0878682 lt=2.68384
[ACTIVE] [RED] LeadPredict dist=932.832 dV=8.48825 thr=1 om=0.0103666 lt=2.54534
[ACTIVE] [RED] LeadPredict dist=809.646 dV=12.3466 thr=0.851841 om=1.23126 lt=0.992513
[ACTIVE] [RED] LeadPredict dist=794.594 dV=-0.720215 thr=1 om=0.223476 lt=1.96052
[ACTIVE] [RED] LeadPredict dist=815.472 dV=3.65253 thr=0.95617 om=0.0304267 lt=0
[ACTIVE] [RED] ClimbOut Z=2221.21
[ACTIVE] [RED] LeadPredict dist=317.394 dV=30.8664 thr=0.475108 om=1.10958 lt=0.813622
[ACTIVE] [RED] ClimbOut Z=1896.74
[ACTIVE] [RED] Evade Z=2160.93
[ACTIVE] [RED] Evade Z=2554.95
[ACTIVE] [RED] Evade Z=2632.35
[ACTIVE] [RED] Evade Z=2626.93
[ACTIVE] [RED] Evade Z=2531.07
[ACTIVE] [RED] Evade Z=2355.16
runner:local/env:0	num_steps=[9476] | total rewards=[426.5553] | termination= [ownship destroyed]
[seed 14] reward=   426.56 ownHP=-0.0007 tgtHP=0.1617 ownship destroyed
Remove Space Complete.

[rehearsal own_rep=6 tgt_rep=6 seeds=15]
SUMMARY dealt=3.7318 taken=11.1557 mean_reward=154.32
tacview log saved (last episode)

########## v32 vs AIP_junghwan.dll ##########


     JSBSim Flight Dynamics Model v1.0.0 May 27 2026 16:13:38
            [JSBSim-ML v2.0]

JSBSim startup beginning ...

total: 2
Behavior Tree Initialized Successfully
Behavior Tree Initialized Successfully
[WOBBLE_FIRE] team=2 losTgt=168.67
[WOBBLE_FIRE] team=2 losTgt=168.64
[WOBBLE_FIRE] team=2 losTgt=168.53
[WOBBLE_FIRE] team=2 losTgt=168.47
[WOBBLE_FIRE] team=2 losTgt=168.44
[WOBBLE_FIRE] team=2 losTgt=168.43
[WOBBLE_FIRE] team=2 losTgt=168.45
[WOBBLE_FIRE] team=2 losTgt=168.38
[WOBBLE_FIRE] team=2 losTgt=167.90
[WOBBLE_FIRE] team=2 losTgt=166.70
[WOBBLE_FIRE] team=2 losTgt=164.68
[WOBBLE_FIRE] team=2 losTgt=162.44
[WOBBLE_FIRE] team=2 losTgt=160.68
[WOBBLE_FIRE] team=2 losTgt=159.47
[WOBBLE_FIRE] team=2 losTgt=158.48
[WOBBLE_FIRE] team=2 losTgt=157.41
[WOBBLE_FIRE] team=2 losTgt=156.38
[WOBBLE_FIRE] team=2 losTgt=155.42
[WOBBLE_FIRE] team=2 losTgt=154.51
[WOBBLE_FIRE] team=2 losTgt=153.63
[WOBBLE_FIRE] team=2 losTgt=152.80
[WOBBLE_FIRE] team=2 losTgt=152.02
[WOBBLE_FIRE] team=2 losTgt=151.27
[WOBBLE_FIRE] team=2 losTgt=150.55
[WOBBLE_FIRE] team=2 losTgt=149.85
[WOBBLE_FIRE] team=2 losTgt=149.15
[WOBBLE_FIRE] team=2 losTgt=148.44
[WOBBLE_FIRE] team=2 losTgt=147.73
[WOBBLE_FIRE] team=2 losTgt=147.02
[WOBBLE_FIRE] team=2 losTgt=146.31
[WOBBLE_FIRE] team=2 losTgt=145.59
[WOBBLE_FIRE] team=2 losTgt=144.87
[WOBBLE_FIRE] team=2 losTgt=144.14
[WOBBLE_FIRE] team=2 losTgt=143.42
[WOBBLE_FIRE] team=2 losTgt=142.69
[WOBBLE_FIRE] team=2 losTgt=141.95
[WOBBLE_FIRE] team=2 losTgt=141.21
[WOBBLE_FIRE] team=2 losTgt=140.46
[WOBBLE_FIRE] team=2 losTgt=139.70
[WOBBLE_FIRE] team=2 losTgt=138.95
[WOBBLE_FIRE] team=2 losTgt=138.21
[WOBBLE_FIRE] team=2 losTgt=137.47
[WOBBLE_FIRE] team=2 losTgt=136.73
[WOBBLE_FIRE] team=2 losTgt=135.99
[WOBBLE_FIRE] team=2 losTgt=135.26
[WOBBLE_FIRE] team=2 losTgt=134.53
[WOBBLE_FIRE] team=2 losTgt=133.80
[WOBBLE_FIRE] team=2 losTgt=133.08
[WOBBLE_FIRE] team=2 losTgt=132.36
[WOBBLE_FIRE] team=2 losTgt=131.64
[WOBBLE_FIRE] team=2 losTgt=130.93
[WOBBLE_FIRE] team=2 losTgt=130.21
[WOBBLE_FIRE] team=2 losTgt=129.51
[WOBBLE_FIRE] team=2 losTgt=128.80
[WOBBLE_FIRE] team=2 losTgt=128.10
[WOBBLE_FIRE] team=2 losTgt=127.38
[WOBBLE_FIRE] team=2 losTgt=126.66
[WOBBLE_FIRE] team=2 losTgt=125.92
[WOBBLE_FIRE] team=2 losTgt=125.18
[ACTIVE] [RED] LeadPredict dist=3869.69 dV=-3.80685 thr=1 om=0.599185 lt=3
[WOBBLE_FIRE] team=2 losTgt=124.44
[WOBBLE_FIRE] team=2 losTgt=123.69
[WOBBLE_FIRE] team=2 losTgt=122.95
[WOBBLE_FIRE] team=2 losTgt=122.20
[WOBBLE_FIRE] team=2 losTgt=121.45
[WOBBLE_FIRE] team=2 losTgt=120.70
[WOBBLE_FIRE] team=2 losTgt=119.95
[WOBBLE_FIRE] team=2 losTgt=119.20
[WOBBLE_FIRE] team=2 losTgt=118.44
[WOBBLE_FIRE] team=2 losTgt=117.69
[WOBBLE_FIRE] team=2 losTgt=116.93
[WOBBLE_FIRE] team=2 losTgt=116.17
[WOBBLE_FIRE] team=2 losTgt=115.41
[WOBBLE_FIRE] team=2 losTgt=114.65
[WOBBLE_FIRE] team=2 losTgt=113.89
[WOBBLE_FIRE] team=2 losTgt=113.12
[WOBBLE_FIRE] team=2 losTgt=112.35
[WOBBLE_FIRE] team=2 losTgt=111.59
[WOBBLE_FIRE] team=2 losTgt=110.82
[WOBBLE_FIRE] team=2 losTgt=110.04
[WOBBLE_FIRE] team=2 losTgt=109.27
[WOBBLE_FIRE] team=2 losTgt=108.50
[WOBBLE_FIRE] team=2 losTgt=107.72
[WOBBLE_FIRE] team=2 losTgt=106.94
[WOBBLE_FIRE] team=2 losTgt=106.16
[WOBBLE_FIRE] team=2 losTgt=105.38
[WOBBLE_FIRE] team=2 losTgt=104.60
[WOBBLE_FIRE] team=2 losTgt=103.81
[WOBBLE_FIRE] team=2 losTgt=103.02
[WOBBLE_FIRE] team=2 losTgt=102.23
[WOBBLE_FIRE] team=2 losTgt=101.44
[WOBBLE_FIRE] team=2 losTgt=100.65
[WOBBLE_FIRE] team=2 losTgt=99.85
[WOBBLE_FIRE] team=2 losTgt=99.05
[WOBBLE_FIRE] team=2 losTgt=98.25
[WOBBLE_FIRE] team=2 losTgt=97.45
[WOBBLE_FIRE] team=2 losTgt=96.65
[WOBBLE_FIRE] team=2 losTgt=95.84
[WOBBLE_FIRE] team=2 losTgt=95.03
[WOBBLE_FIRE] team=2 losTgt=94.22
[WOBBLE_FIRE] team=2 losTgt=93.40
[WOBBLE_FIRE] team=2 losTgt=92.58
[WOBBLE_FIRE] team=2 losTgt=91.76
[WOBBLE_FIRE] team=2 losTgt=90.94
[WOBBLE_FIRE] team=2 losTgt=90.11
[WOBBLE_FIRE] team=2 losTgt=89.28
[WOBBLE_FIRE] team=2 losTgt=88.45
[WOBBLE_FIRE] team=2 losTgt=87.62
[WOBBLE_FIRE] team=2 losTgt=86.78
[WOBBLE_FIRE] team=2 losTgt=85.94
[WOBBLE_FIRE] team=2 losTgt=85.10
[WOBBLE_FIRE] team=2 losTgt=84.25
[WOBBLE_FIRE] team=2 losTgt=83.40
[WOBBLE_FIRE] team=2 losTgt=82.55
[WOBBLE_FIRE] team=2 losTgt=81.69
[WOBBLE_FIRE] team=2 losTgt=80.83
[WOBBLE_FIRE] team=2 losTgt=79.96
[WOBBLE_FIRE] team=2 losTgt=79.10
[WOBBLE_FIRE] team=2 losTgt=78.23
[WOBBLE_FIRE] team=2 losTgt=77.35
[ACTIVE] [RED] LeadPredict dist=2798.61 dV=-15.6904 thr=1 om=0.667063 lt=3
[WOBBLE_FIRE] team=2 losTgt=76.48
[WOBBLE_FIRE] team=2 losTgt=75.59
[WOBBLE_FIRE] team=2 losTgt=74.71
[WOBBLE_FIRE] team=2 losTgt=73.82
[WOBBLE_FIRE] team=2 losTgt=72.92
[WOBBLE_FIRE] team=2 losTgt=72.24
[WOBBLE_FIRE] team=2 losTgt=71.55
[WOBBLE_FIRE] team=2 losTgt=70.65
[WOBBLE_FIRE] team=2 losTgt=69.61
[WOBBLE_FIRE] team=2 losTgt=68.55
[WOBBLE_FIRE] team=2 losTgt=67.50
[WOBBLE_FIRE] team=2 losTgt=66.43
[WOBBLE_FIRE] team=2 losTgt=65.35
[WOBBLE_FIRE] team=2 losTgt=64.28
[WOBBLE_FIRE] team=2 losTgt=63.20
[WOBBLE_FIRE] team=2 losTgt=62.12
[WOBBLE_FIRE] team=2 losTgt=61.02
[WOBBLE_FIRE] team=2 losTgt=59.91
[WOBBLE_FIRE] team=2 losTgt=58.79
[WOBBLE_FIRE] team=2 losTgt=57.66
[WOBBLE_FIRE] team=2 losTgt=56.51
[WOBBLE_FIRE] team=2 losTgt=55.34
[WOBBLE_FIRE] team=2 losTgt=54.15
[WOBBLE_FIRE] team=2 losTgt=52.95
[WOBBLE_FIRE] team=2 losTgt=51.72
[WOBBLE_FIRE] team=2 losTgt=50.47
[WOBBLE_FIRE] team=2 losTgt=49.20
[WOBBLE_FIRE] team=2 losTgt=47.90
[WOBBLE_FIRE] team=2 losTgt=46.57
[WOBBLE_FIRE] team=2 losTgt=45.22
[ACTIVE] [RED] LeadPredict dist=446.911 dV=-45.3736 thr=0.594656 om=1.17413 lt=1.25758
[WOBBLE_FIRE] team=2 losTgt=47.73
[WOBBLE_FIRE] team=2 losTgt=55.82
[WOBBLE_FIRE] team=2 losTgt=63.98
[WOBBLE_FIRE] team=2 losTgt=71.95
[WOBBLE_FIRE] team=2 losTgt=79.46
[WOBBLE_FIRE] team=2 losTgt=86.39
[WOBBLE_FIRE] team=2 losTgt=92.49
[WOBBLE_FIRE] team=2 losTgt=97.46
[WOBBLE_FIRE] team=2 losTgt=100.99
[WOBBLE_FIRE] team=2 losTgt=103.42
[WOBBLE_FIRE] team=2 losTgt=105.26
[WOBBLE_FIRE] team=2 losTgt=106.96
[WOBBLE_FIRE] team=2 losTgt=108.45
[WOBBLE_FIRE] team=2 losTgt=109.72
[WOBBLE_FIRE] team=2 losTgt=110.79
[WOBBLE_FIRE] team=2 losTgt=111.68
[WOBBLE_FIRE] team=2 losTgt=112.41
[WOBBLE_FIRE] team=2 losTgt=112.99
[WOBBLE_FIRE] team=2 losTgt=113.45
[WOBBLE_FIRE] team=2 losTgt=113.79
[WOBBLE_FIRE] team=2 losTgt=114.04
[WOBBLE_FIRE] team=2 losTgt=114.20
[WOBBLE_FIRE] team=2 losTgt=114.28
[WOBBLE_FIRE] team=2 losTgt=114.29
[WOBBLE_FIRE] team=2 losTgt=114.24
[WOBBLE_FIRE] team=2 losTgt=114.14
[WOBBLE_FIRE] team=2 losTgt=114.00
[WOBBLE_FIRE] team=2 losTgt=113.81
[WOBBLE_FIRE] team=2 losTgt=113.58
[WOBBLE_FIRE] team=2 losTgt=113.32
[WOBBLE_FIRE] team=2 losTgt=113.03
[WOBBLE_FIRE] team=2 losTgt=112.71
[WOBBLE_FIRE] team=2 losTgt=112.35
[WOBBLE_FIRE] team=2 losTgt=111.98
[WOBBLE_FIRE] team=2 losTgt=111.58
[WOBBLE_FIRE] team=2 losTgt=111.16
[WOBBLE_FIRE] team=2 losTgt=110.73
[WOBBLE_FIRE] team=2 losTgt=110.27
[WOBBLE_FIRE] team=2 losTgt=109.80
[WOBBLE_FIRE] team=2 losTgt=110.28
[WOBBLE_FIRE] team=2 losTgt=113.09
[WOBBLE_FIRE] team=2 losTgt=114.34
[WOBBLE_FIRE] team=2 losTgt=115.60
[WOBBLE_FIRE] team=2 losTgt=116.62
[WOBBLE_FIRE] team=2 losTgt=117.55
[WOBBLE_FIRE] team=2 losTgt=118.33
[WOBBLE_FIRE] team=2 losTgt=119.23
[WOBBLE_FIRE] team=2 losTgt=120.56
[WOBBLE_FIRE] team=2 losTgt=122.15
[WOBBLE_FIRE] team=2 losTgt=123.68
[WOBBLE_FIRE] team=2 losTgt=125.20
[WOBBLE_FIRE] team=2 losTgt=126.63
[WOBBLE_FIRE] team=2 losTgt=128.05
[WOBBLE_FIRE] team=2 losTgt=129.43
[WOBBLE_FIRE] team=2 losTgt=130.76
[WOBBLE_FIRE] team=2 losTgt=132.03
[WOBBLE_FIRE] team=2 losTgt=133.24
[WOBBLE_FIRE] team=2 losTgt=134.40
[WOBBLE_FIRE] team=2 losTgt=135.49
[WOBBLE_FIRE] team=2 losTgt=135.80
[WOBBLE_FIRE] team=2 losTgt=135.19
[WOBBLE_FIRE] team=2 losTgt=135.93
[WOBBLE_FIRE] team=2 losTgt=136.64
[WOBBLE_FIRE] team=2 losTgt=136.63
[WOBBLE_FIRE] team=2 losTgt=136.60
[WOBBLE_FIRE] team=2 losTgt=136.83
[WOBBLE_FIRE] team=2 losTgt=135.64
[WOBBLE_FIRE] team=2 losTgt=135.25
[WOBBLE_FIRE] team=2 losTgt=135.71
[WOBBLE_FIRE] team=2 losTgt=135.96
[WOBBLE_FIRE] team=2 losTgt=135.36
[WOBBLE_FIRE] team=2 losTgt=135.38
[WOBBLE_FIRE] team=2 losTgt=136.04
[WOBBLE_FIRE] team=2 losTgt=135.66
[WOBBLE_FIRE] team=2 losTgt=133.53
[WOBBLE_FIRE] team=2 losTgt=133.26
[ACTIVE] [RED] ClimbOut Z=2343.14
[WOBBLE_FIRE] team=2 losTgt=134.75
[WOBBLE_FIRE] team=2 losTgt=134.49
[WOBBLE_FIRE] team=2 losTgt=131.45
[WOBBLE_FIRE] team=2 losTgt=130.37
[WOBBLE_FIRE] team=2 losTgt=132.18
[WOBBLE_FIRE] team=2 losTgt=132.01
[WOBBLE_FIRE] team=2 losTgt=128.97
[WOBBLE_FIRE] team=2 losTgt=127.90
[WOBBLE_FIRE] team=2 losTgt=126.49
[WOBBLE_FIRE] team=2 losTgt=124.84
[WOBBLE_FIRE] team=2 losTgt=123.31
[WOBBLE_FIRE] team=2 losTgt=121.81
[WOBBLE_FIRE] team=2 losTgt=120.33
[WOBBLE_FIRE] team=2 losTgt=118.86
[WOBBLE_FIRE] team=2 losTgt=117.43
[ACTIVE] [RED] LeadPredict dist=4897.47 dV=24.0758 thr=1 om=1.37208 lt=3
[WOBBLE_FIRE] team=2 losTgt=116.01
[WOBBLE_FIRE] team=2 losTgt=114.60
[WOBBLE_FIRE] team=2 losTgt=113.21
[WOBBLE_FIRE] team=2 losTgt=111.82
[WOBBLE_FIRE] team=2 losTgt=110.44
[WOBBLE_FIRE] team=2 losTgt=109.07
[WOBBLE_FIRE] team=2 losTgt=107.70
[WOBBLE_FIRE] team=2 losTgt=106.33
[WOBBLE_FIRE] team=2 losTgt=104.97
[WOBBLE_FIRE] team=2 losTgt=103.61
[WOBBLE_FIRE] team=2 losTgt=102.25
[WOBBLE_FIRE] team=2 losTgt=100.90
[WOBBLE_FIRE] team=2 losTgt=99.54
[WOBBLE_FIRE] team=2 losTgt=98.18
[WOBBLE_FIRE] team=2 losTgt=96.83
[WOBBLE_FIRE] team=2 losTgt=95.47
[WOBBLE_FIRE] team=2 losTgt=94.12
[WOBBLE_FIRE] team=2 losTgt=92.77
[WOBBLE_FIRE] team=2 losTgt=91.41
[WOBBLE_FIRE] team=2 losTgt=90.06
[WOBBLE_FIRE] team=2 losTgt=88.71
[WOBBLE_FIRE] team=2 losTgt=87.36
[WOBBLE_FIRE] team=2 losTgt=86.01
[WOBBLE_FIRE] team=2 losTgt=84.66
[WOBBLE_FIRE] team=2 losTgt=83.31
[WOBBLE_FIRE] team=2 losTgt=81.96
[WOBBLE_FIRE] team=2 losTgt=80.61
[WOBBLE_FIRE] team=2 losTgt=79.26
[WOBBLE_FIRE] team=2 losTgt=77.90
[WOBBLE_FIRE] team=2 losTgt=76.56
[WOBBLE_FIRE] team=2 losTgt=75.21
[WOBBLE_FIRE] team=2 losTgt=73.85
[WOBBLE_FIRE] team=2 losTgt=72.50
[WOBBLE_FIRE] team=2 losTgt=71.15
[WOBBLE_FIRE] team=2 losTgt=69.80
[WOBBLE_FIRE] team=2 losTgt=68.45
[WOBBLE_FIRE] team=2 losTgt=67.10
[WOBBLE_FIRE] team=2 losTgt=65.74
[WOBBLE_FIRE] team=2 losTgt=64.38
[WOBBLE_FIRE] team=2 losTgt=63.03
[WOBBLE_FIRE] team=2 losTgt=61.67
[WOBBLE_FIRE] team=2 losTgt=60.31
[WOBBLE_FIRE] team=2 losTgt=58.94
[WOBBLE_FIRE] team=2 losTgt=57.57
[WOBBLE_FIRE] team=2 losTgt=56.20
[WOBBLE_FIRE] team=2 losTgt=54.81
[WOBBLE_FIRE] team=2 losTgt=53.42
[WOBBLE_FIRE] team=2 losTgt=52.04
[WOBBLE_FIRE] team=2 losTgt=50.66
[WOBBLE_FIRE] team=2 losTgt=49.28
[WOBBLE_FIRE] team=2 losTgt=47.89
[WOBBLE_FIRE] team=2 losTgt=46.49
[WOBBLE_FIRE] team=2 losTgt=45.08
[ACTIVE] [RED] LeadPredict dist=4455.86 dV=14.9702 thr=1 om=0.416129 lt=3
[ACTIVE] [RED] LeadPredict dist=1012.43 dV=-15.2789 thr=0.64363 om=1.406 lt=2.94438
[WOBBLE_FIRE] team=2 losTgt=50.10
[WOBBLE_FIRE] team=2 losTgt=56.10
[WOBBLE_FIRE] team=2 losTgt=62.16
[WOBBLE_FIRE] team=2 losTgt=68.07
[WOBBLE_FIRE] team=2 losTgt=73.67
[WOBBLE_FIRE] team=2 losTgt=78.84
[WOBBLE_FIRE] team=2 losTgt=83.46
[WOBBLE_FIRE] team=2 losTgt=87.55
[WOBBLE_FIRE] team=2 losTgt=91.09
[WOBBLE_FIRE] team=2 losTgt=94.12
[WOBBLE_FIRE] team=2 losTgt=96.71
[WOBBLE_FIRE] team=2 losTgt=98.87
[WOBBLE_FIRE] team=2 losTgt=100.73
[WOBBLE_FIRE] team=2 losTgt=102.30
[WOBBLE_FIRE] team=2 losTgt=103.58
[WOBBLE_FIRE] team=2 losTgt=104.60
[WOBBLE_FIRE] team=2 losTgt=105.42
[WOBBLE_FIRE] team=2 losTgt=106.05
[WOBBLE_FIRE] team=2 losTgt=106.52
[WOBBLE_FIRE] team=2 losTgt=106.85
[WOBBLE_FIRE] team=2 losTgt=107.05
[WOBBLE_FIRE] team=2 losTgt=107.15
[WOBBLE_FIRE] team=2 losTgt=107.15
[WOBBLE_FIRE] team=2 losTgt=107.08
[WOBBLE_FIRE] team=2 losTgt=106.93
[WOBBLE_FIRE] team=2 losTgt=106.71
[WOBBLE_FIRE] team=2 losTgt=106.43
[WOBBLE_FIRE] team=2 losTgt=106.10
[WOBBLE_FIRE] team=2 losTgt=105.73
[WOBBLE_FIRE] team=2 losTgt=105.31
[WOBBLE_FIRE] team=2 losTgt=104.85
[WOBBLE_FIRE] team=2 losTgt=104.35
[WOBBLE_FIRE] team=2 losTgt=103.82
[WOBBLE_FIRE] team=2 losTgt=103.27
[WOBBLE_FIRE] team=2 losTgt=102.68
[WOBBLE_FIRE] team=2 losTgt=102.07
[WOBBLE_FIRE] team=2 losTgt=101.44
[WOBBLE_FIRE] team=2 losTgt=100.78
[WOBBLE_FIRE] team=2 losTgt=100.11
[WOBBLE_FIRE] team=2 losTgt=99.41
[WOBBLE_FIRE] team=2 losTgt=98.70
[WOBBLE_FIRE] team=2 losTgt=97.97
[WOBBLE_FIRE] team=2 losTgt=97.23
[WOBBLE_FIRE] team=2 losTgt=96.46
[WOBBLE_FIRE] team=2 losTgt=95.69
[WOBBLE_FIRE] team=2 losTgt=94.90
[WOBBLE_FIRE] team=2 losTgt=94.11
[ACTIVE] [RED] LeadPredict dist=2138.53 dV=4.52707 thr=0.728899 om=1.33014 lt=3
[WOBBLE_FIRE] team=2 losTgt=93.29
[WOBBLE_FIRE] team=2 losTgt=92.47
[WOBBLE_FIRE] team=2 losTgt=91.63
[WOBBLE_FIRE] team=2 losTgt=90.78
[WOBBLE_FIRE] team=2 losTgt=89.92
[WOBBLE_FIRE] team=2 losTgt=89.05
[WOBBLE_FIRE] team=2 losTgt=88.16
[WOBBLE_FIRE] team=2 losTgt=87.26
[WOBBLE_FIRE] team=2 losTgt=86.32
[WOBBLE_FIRE] team=2 losTgt=85.36
[WOBBLE_FIRE] team=2 losTgt=84.40
[WOBBLE_FIRE] team=2 losTgt=83.42
[WOBBLE_FIRE] team=2 losTgt=82.45
[WOBBLE_FIRE] team=2 losTgt=81.47
[WOBBLE_FIRE] team=2 losTgt=80.48
[WOBBLE_FIRE] team=2 losTgt=79.50
[WOBBLE_FIRE] team=2 losTgt=78.52
[WOBBLE_FIRE] team=2 losTgt=77.53
[WOBBLE_FIRE] team=2 losTgt=76.56
[WOBBLE_FIRE] team=2 losTgt=75.58
[WOBBLE_FIRE] team=2 losTgt=74.60
[WOBBLE_FIRE] team=2 losTgt=73.62
[WOBBLE_FIRE] team=2 losTgt=72.62
[WOBBLE_FIRE] team=2 losTgt=71.66
[WOBBLE_FIRE] team=2 losTgt=70.70
[WOBBLE_FIRE] team=2 losTgt=69.71
[WOBBLE_FIRE] team=2 losTgt=68.67
[WOBBLE_FIRE] team=2 losTgt=67.60
[WOBBLE_FIRE] team=2 losTgt=66.51
[WOBBLE_FIRE] team=2 losTgt=65.40
[WOBBLE_FIRE] team=2 losTgt=64.28
[WOBBLE_FIRE] team=2 losTgt=63.15
[WOBBLE_FIRE] team=2 losTgt=62.00
[WOBBLE_FIRE] team=2 losTgt=60.84
[WOBBLE_FIRE] team=2 losTgt=59.67
[WOBBLE_FIRE] team=2 losTgt=58.47
[WOBBLE_FIRE] team=2 losTgt=57.25
[WOBBLE_FIRE] team=2 losTgt=56.02
[WOBBLE_FIRE] team=2 losTgt=54.79
[WOBBLE_FIRE] team=2 losTgt=53.54
[WOBBLE_FIRE] team=2 losTgt=52.29
[WOBBLE_FIRE] team=2 losTgt=51.04
[WOBBLE_FIRE] team=2 losTgt=49.79
[WOBBLE_FIRE] team=2 losTgt=48.53
[WOBBLE_FIRE] team=2 losTgt=47.27
[WOBBLE_FIRE] team=2 losTgt=46.01
[ACTIVE] [RED] LeadPredict dist=2003.16 dV=10.0316 thr=0.819633 om=0.325417 lt=3
[ACTIVE] [RED] LeadPredict dist=983.434 dV=-15.5875 thr=1 om=1.31325 lt=3
[ACTIVE] [RED] LeadPredict dist=1099.8 dV=-10.546 thr=1 om=0.030387 lt=3
[ACTIVE] [RED] LeadPredict dist=1158.56 dV=-4.88716 thr=1 om=0.0347161 lt=3
[ACTIVE] [RED] LeadPredict dist=973.539 dV=25.3619 thr=1 om=1.53072 lt=3
[ACTIVE] [RED] LeadPredict dist=860.477 dV=3.54965 thr=0.957404 om=0.0823224 lt=0
[ACTIVE] [RED] LeadPredict dist=818.839 dV=8.1796 thr=0.901845 om=0.116146 lt=0
[ACTIVE] [RED] LeadPredict dist=686.449 dV=21.4521 thr=0.742574 om=1.33333 lt=1.97765
[ACTIVE] [RED] LeadPredict dist=719.732 dV=5.19583 thr=0.93765 om=0.022106 lt=2.52083
[ACTIVE] [RED] LeadPredict dist=715.782 dV=-0.463013 thr=1 om=0.112185 lt=0.195435
[ACTIVE] [RED] LeadPredict dist=639.675 dV=13.0668 thr=0.843198 om=1.3147 lt=2.06142
[ACTIVE] [RED] LeadPredict dist=708.277 dV=2.72653 thr=0.967282 om=0.0254824 lt=2.47491
[ACTIVE] [RED] LeadPredict dist=692.244 dV=4.57852 thr=0.945058 om=0.154156 lt=0
[ACTIVE] [RED] LeadPredict dist=714.466 dV=3.34387 thr=0.679705 om=0.29952 lt=2.13042
init ID:1 Lat37.92355643001773 Lon128.18188127777776 Alt(meter)7000.0785355893395 Speed(m/sec)300.0
init ID:1 Lat37.96855377446113 Lon128.18188127777776 Alt(meter)7002.8272734023885 Speed(m/sec)300.0
runner:local/env:0	num_steps=[8033] | total rewards=[801.5780] | termination= [target destroyed]
[seed 0] reward=   801.58 ownHP=1.0000 tgtHP=-0.0008 target destroyed
total: 2
[WOBBLE_FIRE] team=2 losTgt=98.94
[WOBBLE_FIRE] team=2 losTgt=99.02
[WOBBLE_FIRE] team=2 losTgt=99.01
[WOBBLE_FIRE] team=2 losTgt=99.01
[WOBBLE_FIRE] team=2 losTgt=98.93
[WOBBLE_FIRE] team=2 losTgt=98.67
[WOBBLE_FIRE] team=2 losTgt=98.10
[WOBBLE_FIRE] team=2 losTgt=97.16
[WOBBLE_FIRE] team=2 losTgt=95.78
[WOBBLE_FIRE] team=2 losTgt=94.20
[WOBBLE_FIRE] team=2 losTgt=92.76
[WOBBLE_FIRE] team=2 losTgt=91.56
[WOBBLE_FIRE] team=2 losTgt=90.51
[WOBBLE_FIRE] team=2 losTgt=89.56
[WOBBLE_FIRE] team=2 losTgt=88.67
[WOBBLE_FIRE] team=2 losTgt=87.84
[WOBBLE_FIRE] team=2 losTgt=87.03
[WOBBLE_FIRE] team=2 losTgt=86.26
[WOBBLE_FIRE] team=2 losTgt=85.51
[WOBBLE_FIRE] team=2 losTgt=84.79
[WOBBLE_FIRE] team=2 losTgt=84.08
[ACTIVE] [RED] LeadPredict dist=4633.71 dV=1.1832 thr=1 om=1.30404 lt=3
[WOBBLE_FIRE] team=2 losTgt=83.38
[WOBBLE_FIRE] team=2 losTgt=82.69
[WOBBLE_FIRE] team=2 losTgt=82.01
[WOBBLE_FIRE] team=2 losTgt=81.33
[WOBBLE_FIRE] team=2 losTgt=80.65
[WOBBLE_FIRE] team=2 losTgt=79.95
[WOBBLE_FIRE] team=2 losTgt=79.25
[WOBBLE_FIRE] team=2 losTgt=78.55
[WOBBLE_FIRE] team=2 losTgt=77.85
[WOBBLE_FIRE] team=2 losTgt=77.15
[WOBBLE_FIRE] team=2 losTgt=76.45
[WOBBLE_FIRE] team=2 losTgt=75.75
[WOBBLE_FIRE] team=2 losTgt=75.05
[WOBBLE_FIRE] team=2 losTgt=74.34
[WOBBLE_FIRE] team=2 losTgt=73.63
[WOBBLE_FIRE] team=2 losTgt=72.92
[WOBBLE_FIRE] team=2 losTgt=72.20
[WOBBLE_FIRE] team=2 losTgt=71.48
[WOBBLE_FIRE] team=2 losTgt=70.76
[WOBBLE_FIRE] team=2 losTgt=70.04
[WOBBLE_FIRE] team=2 losTgt=69.31
[WOBBLE_FIRE] team=2 losTgt=68.57
[WOBBLE_FIRE] team=2 losTgt=67.84
[WOBBLE_FIRE] team=2 losTgt=67.10
[WOBBLE_FIRE] team=2 losTgt=66.36
[WOBBLE_FIRE] team=2 losTgt=65.62
[WOBBLE_FIRE] team=2 losTgt=64.87
[WOBBLE_FIRE] team=2 losTgt=64.12
[WOBBLE_FIRE] team=2 losTgt=63.36
[WOBBLE_FIRE] team=2 losTgt=62.61
[WOBBLE_FIRE] team=2 losTgt=61.85
[WOBBLE_FIRE] team=2 losTgt=61.09
[WOBBLE_FIRE] team=2 losTgt=60.32
[WOBBLE_FIRE] team=2 losTgt=59.55
[WOBBLE_FIRE] team=2 losTgt=58.78
[WOBBLE_FIRE] team=2 losTgt=58.00
[WOBBLE_FIRE] team=2 losTgt=57.22
[WOBBLE_FIRE] team=2 losTgt=56.44
[WOBBLE_FIRE] team=2 losTgt=55.65
[WOBBLE_FIRE] team=2 losTgt=54.85
[WOBBLE_FIRE] team=2 losTgt=54.06
[WOBBLE_FIRE] team=2 losTgt=53.26
[WOBBLE_FIRE] team=2 losTgt=52.45
[WOBBLE_FIRE] team=2 losTgt=51.64
[WOBBLE_FIRE] team=2 losTgt=50.83
[WOBBLE_FIRE] team=2 losTgt=50.01
[WOBBLE_FIRE] team=2 losTgt=49.19
[WOBBLE_FIRE] team=2 losTgt=48.36
[WOBBLE_FIRE] team=2 losTgt=47.52
[WOBBLE_FIRE] team=2 losTgt=46.68
[WOBBLE_FIRE] team=2 losTgt=45.83
[ACTIVE] [RED] LeadPredict dist=2825.39 dV=-8.33392 thr=1 om=0.118566 lt=3
[WOBBLE_FIRE] team=2 losTgt=47.38
[ACTIVE] [RED] LeadPredict dist=823.948 dV=-18.6742 thr=0.712282 om=0.159933 lt=2.51435
[WOBBLE_FIRE] team=2 losTgt=50.13
[WOBBLE_FIRE] team=2 losTgt=52.82
[WOBBLE_FIRE] team=2 losTgt=55.45
[WOBBLE_FIRE] team=2 losTgt=57.98
[WOBBLE_FIRE] team=2 losTgt=60.41
[WOBBLE_FIRE] team=2 losTgt=62.71
[WOBBLE_FIRE] team=2 losTgt=64.88
[WOBBLE_FIRE] team=2 losTgt=66.91
[WOBBLE_FIRE] team=2 losTgt=68.78
[WOBBLE_FIRE] team=2 losTgt=70.51
[WOBBLE_FIRE] team=2 losTgt=72.06
[WOBBLE_FIRE] team=2 losTgt=73.45
[WOBBLE_FIRE] team=2 losTgt=74.67
[WOBBLE_FIRE] team=2 losTgt=75.72
[WOBBLE_FIRE] team=2 losTgt=76.62
[WOBBLE_FIRE] team=2 losTgt=77.38
[WOBBLE_FIRE] team=2 losTgt=78.01
[WOBBLE_FIRE] team=2 losTgt=78.52
[WOBBLE_FIRE] team=2 losTgt=78.91
[WOBBLE_FIRE] team=2 losTgt=79.19
[WOBBLE_FIRE] team=2 losTgt=79.37
[WOBBLE_FIRE] team=2 losTgt=79.45
[WOBBLE_FIRE] team=2 losTgt=79.44
[WOBBLE_FIRE] team=2 losTgt=79.36
[WOBBLE_FIRE] team=2 losTgt=79.19
[WOBBLE_FIRE] team=2 losTgt=78.96
[WOBBLE_FIRE] team=2 losTgt=78.67
[WOBBLE_FIRE] team=2 losTgt=78.31
[WOBBLE_FIRE] team=2 losTgt=77.90
[WOBBLE_FIRE] team=2 losTgt=77.43
[WOBBLE_FIRE] team=2 losTgt=76.92
[WOBBLE_FIRE] team=2 losTgt=76.35
[WOBBLE_FIRE] team=2 losTgt=75.75
[WOBBLE_FIRE] team=2 losTgt=75.10
[WOBBLE_FIRE] team=2 losTgt=74.41
[WOBBLE_FIRE] team=2 losTgt=73.69
[WOBBLE_FIRE] team=2 losTgt=72.93
[WOBBLE_FIRE] team=2 losTgt=72.14
[WOBBLE_FIRE] team=2 losTgt=71.32
[WOBBLE_FIRE] team=2 losTgt=70.47
[WOBBLE_FIRE] team=2 losTgt=69.59
[WOBBLE_FIRE] team=2 losTgt=68.69
[WOBBLE_FIRE] team=2 losTgt=67.75
[WOBBLE_FIRE] team=2 losTgt=66.79
[WOBBLE_FIRE] team=2 losTgt=65.81
[WOBBLE_FIRE] team=2 losTgt=64.80
[WOBBLE_FIRE] team=2 losTgt=63.77
[WOBBLE_FIRE] team=2 losTgt=62.72
[WOBBLE_FIRE] team=2 losTgt=61.64
[WOBBLE_FIRE] team=2 losTgt=60.54
[WOBBLE_FIRE] team=2 losTgt=59.42
[WOBBLE_FIRE] team=2 losTgt=58.28
[WOBBLE_FIRE] team=2 losTgt=57.12
[WOBBLE_FIRE] team=2 losTgt=55.93
[WOBBLE_FIRE] team=2 losTgt=54.73
[WOBBLE_FIRE] team=2 losTgt=53.50
[WOBBLE_FIRE] team=2 losTgt=52.25
[WOBBLE_FIRE] team=2 losTgt=50.98
[WOBBLE_FIRE] team=2 losTgt=49.69
[WOBBLE_FIRE] team=2 losTgt=48.38
[ACTIVE] [RED] LeadPredict dist=1907.05 dV=-28.0884 thr=0.638164 om=1.34913 lt=3
[WOBBLE_FIRE] team=2 losTgt=47.04
[WOBBLE_FIRE] team=2 losTgt=45.68
[WOBBLE_FIRE] team=2 losTgt=45.75
[WOBBLE_FIRE] team=2 losTgt=47.71
[WOBBLE_FIRE] team=2 losTgt=49.89
[WOBBLE_FIRE] team=2 losTgt=52.17
[WOBBLE_FIRE] team=2 losTgt=54.55
[WOBBLE_FIRE] team=2 losTgt=56.91
[WOBBLE_FIRE] team=2 losTgt=59.31
[WOBBLE_FIRE] team=2 losTgt=61.70
[WOBBLE_FIRE] team=2 losTgt=64.06
[WOBBLE_FIRE] team=2 losTgt=66.37
[WOBBLE_FIRE] team=2 losTgt=68.62
[ACTIVE] [RED] ClimbOut Z=2678.1
[WOBBLE_FIRE] team=2 losTgt=70.80
[WOBBLE_FIRE] team=2 losTgt=72.92
[WOBBLE_FIRE] team=2 losTgt=74.44
[WOBBLE_FIRE] team=2 losTgt=75.67
[WOBBLE_FIRE] team=2 losTgt=77.32
[WOBBLE_FIRE] team=2 losTgt=78.24
[WOBBLE_FIRE] team=2 losTgt=79.57
[WOBBLE_FIRE] team=2 losTgt=82.11
[WOBBLE_FIRE] team=2 losTgt=83.22
[WOBBLE_FIRE] team=2 losTgt=83.33
[WOBBLE_FIRE] team=2 losTgt=84.07
[WOBBLE_FIRE] team=2 losTgt=86.37
[WOBBLE_FIRE] team=2 losTgt=88.33
[WOBBLE_FIRE] team=2 losTgt=86.77
[WOBBLE_FIRE] team=2 losTgt=85.53
[WOBBLE_FIRE] team=2 losTgt=87.52
[WOBBLE_FIRE] team=2 losTgt=90.39
[WOBBLE_FIRE] team=2 losTgt=90.39
[ACTIVE] [RED] LeadPredict dist=1680.07 dV=22.8926 thr=0.52819 om=4.66065 lt=3
[WOBBLE_FIRE] team=2 losTgt=87.60
[WOBBLE_FIRE] team=2 losTgt=87.54
[WOBBLE_FIRE] team=2 losTgt=90.80
[WOBBLE_FIRE] team=2 losTgt=92.41
[WOBBLE_FIRE] team=2 losTgt=89.79
[WOBBLE_FIRE] team=2 losTgt=88.25
[WOBBLE_FIRE] team=2 losTgt=89.93
[WOBBLE_FIRE] team=2 losTgt=90.07
[WOBBLE_FIRE] team=2 losTgt=88.03
[WOBBLE_FIRE] team=2 losTgt=88.58
[WOBBLE_FIRE] team=2 losTgt=88.40
[WOBBLE_FIRE] team=2 losTgt=86.92
[WOBBLE_FIRE] team=2 losTgt=86.23
[WOBBLE_FIRE] team=2 losTgt=85.38
[WOBBLE_FIRE] team=2 losTgt=84.54
[WOBBLE_FIRE] team=2 losTgt=83.67
[WOBBLE_FIRE] team=2 losTgt=82.80
[WOBBLE_FIRE] team=2 losTgt=81.93
[WOBBLE_FIRE] team=2 losTgt=81.07
[WOBBLE_FIRE] team=2 losTgt=80.22
[WOBBLE_FIRE] team=2 losTgt=79.37
[WOBBLE_FIRE] team=2 losTgt=78.52
[WOBBLE_FIRE] team=2 losTgt=77.67
[WOBBLE_FIRE] team=2 losTgt=76.82
[WOBBLE_FIRE] team=2 losTgt=75.96
[WOBBLE_FIRE] team=2 losTgt=75.10
[WOBBLE_FIRE] team=2 losTgt=74.24
[WOBBLE_FIRE] team=2 losTgt=73.35
[WOBBLE_FIRE] team=2 losTgt=72.45
[WOBBLE_FIRE] team=2 losTgt=71.55
[WOBBLE_FIRE] team=2 losTgt=70.63
[WOBBLE_FIRE] team=2 losTgt=69.71
[WOBBLE_FIRE] team=2 losTgt=68.77
[WOBBLE_FIRE] team=2 losTgt=67.83
[WOBBLE_FIRE] team=2 losTgt=66.88
[WOBBLE_FIRE] team=2 losTgt=65.92
[WOBBLE_FIRE] team=2 losTgt=64.95
[WOBBLE_FIRE] team=2 losTgt=63.97
[WOBBLE_FIRE] team=2 losTgt=62.98
[WOBBLE_FIRE] team=2 losTgt=61.98
[WOBBLE_FIRE] team=2 losTgt=60.97
[WOBBLE_FIRE] team=2 losTgt=59.95
[WOBBLE_FIRE] team=2 losTgt=58.92
[WOBBLE_FIRE] team=2 losTgt=57.89
[WOBBLE_FIRE] team=2 losTgt=56.84
[WOBBLE_FIRE] team=2 losTgt=55.78
[WOBBLE_FIRE] team=2 losTgt=54.72
[WOBBLE_FIRE] team=2 losTgt=53.65
[WOBBLE_FIRE] team=2 losTgt=52.56
[WOBBLE_FIRE] team=2 losTgt=51.47
[WOBBLE_FIRE] team=2 losTgt=50.37
[WOBBLE_FIRE] team=2 losTgt=49.26
[WOBBLE_FIRE] team=2 losTgt=48.15
[WOBBLE_FIRE] team=2 losTgt=47.02
[WOBBLE_FIRE] team=2 losTgt=45.88
[ACTIVE] [RED] LeadPredict dist=1921.11 dV=24.6417 thr=0.68211 om=0.440573 lt=3
[ACTIVE] [RED] LeadPredict dist=1027.49 dV=-28.1399 thr=0.991013 om=0.124956 lt=3
[ACTIVE] [RED] LeadPredict dist=1283.92 dV=-2.00632 thr=1 om=1.46789 lt=3
[ACTIVE] [RED] LeadPredict dist=857.739 dV=33.3357 thr=0.599971 om=1.97424 lt=2.82693
[ACTIVE] [RED] LeadPredict dist=962.798 dV=-13.0153 thr=1 om=0.361795 lt=3
[ACTIVE] [RED] LeadPredict dist=938.457 dV=15.5361 thr=1 om=1.48734 lt=2.99349
[ACTIVE] [RED] LeadPredict dist=753.878 dV=18.3655 thr=0.753167 om=0.306808 lt=2.3701
[ACTIVE] [RED] LeadPredict dist=753.134 dV=7.5108 thr=0.90987 om=0.547223 lt=0.945306
[ACTIVE] [RED] LeadPredict dist=743.376 dV=12.398 thr=0.895382 om=1.26159 lt=0
[ACTIVE] [RED] LeadPredict dist=623.556 dV=15.639 thr=0.772626 om=1.34342 lt=1.98902
[ACTIVE] [RED] LeadPredict dist=645.066 dV=5.9675 thr=0.92839 om=0.0338015 lt=0.360972
[ACTIVE] [RED] LeadPredict dist=578.45 dV=15.639 thr=0.812332 om=0.18486 lt=0
runner:local/env:0	num_steps=[6075] | total rewards=[615.6182] | termination= [target destroyed]
[seed 1] reward=   615.62 ownHP=1.0000 tgtHP=-0.0011 target destroyed
total: 2
[ACTIVE] [RED] LeadPredict dist=1773.67 dV=7.66516 thr=0.774375 om=0.913235 lt=3
[WOBBLE_FIRE] team=2 losTgt=46.93
[WOBBLE_FIRE] team=2 losTgt=48.91
[WOBBLE_FIRE] team=2 losTgt=50.89
[WOBBLE_FIRE] team=2 losTgt=52.85
[WOBBLE_FIRE] team=2 losTgt=54.79
[WOBBLE_FIRE] team=2 losTgt=56.68
[WOBBLE_FIRE] team=2 losTgt=58.53
[WOBBLE_FIRE] team=2 losTgt=60.34
[WOBBLE_FIRE] team=2 losTgt=62.07
[WOBBLE_FIRE] team=2 losTgt=63.73
[WOBBLE_FIRE] team=2 losTgt=65.33
[WOBBLE_FIRE] team=2 losTgt=66.83
[WOBBLE_FIRE] team=2 losTgt=68.25
[WOBBLE_FIRE] team=2 losTgt=69.58
[WOBBLE_FIRE] team=2 losTgt=70.81
[WOBBLE_FIRE] team=2 losTgt=71.95
[WOBBLE_FIRE] team=2 losTgt=73.00
[WOBBLE_FIRE] team=2 losTgt=73.95
[WOBBLE_FIRE] team=2 losTgt=74.81
[WOBBLE_FIRE] team=2 losTgt=75.58
[WOBBLE_FIRE] team=2 losTgt=76.26
[WOBBLE_FIRE] team=2 losTgt=76.86
[WOBBLE_FIRE] team=2 losTgt=77.38
[WOBBLE_FIRE] team=2 losTgt=77.81
[WOBBLE_FIRE] team=2 losTgt=78.18
[WOBBLE_FIRE] team=2 losTgt=78.47
[WOBBLE_FIRE] team=2 losTgt=78.70
[WOBBLE_FIRE] team=2 losTgt=78.86
[WOBBLE_FIRE] team=2 losTgt=78.96
[WOBBLE_FIRE] team=2 losTgt=79.00
[WOBBLE_FIRE] team=2 losTgt=78.99
[WOBBLE_FIRE] team=2 losTgt=78.93
[WOBBLE_FIRE] team=2 losTgt=78.82
[WOBBLE_FIRE] team=2 losTgt=78.66
[WOBBLE_FIRE] team=2 losTgt=78.45
[WOBBLE_FIRE] team=2 losTgt=78.21
[ACTIVE] [RED] LeadPredict dist=1747.85 dV=11.472 thr=0.664182 om=1.13948 lt=3
[WOBBLE_FIRE] team=2 losTgt=77.92
[WOBBLE_FIRE] team=2 losTgt=77.60
[WOBBLE_FIRE] team=2 losTgt=77.24
[WOBBLE_FIRE] team=2 losTgt=76.85
[WOBBLE_FIRE] team=2 losTgt=76.42
[WOBBLE_FIRE] team=2 losTgt=75.96
[WOBBLE_FIRE] team=2 losTgt=75.48
[WOBBLE_FIRE] team=2 losTgt=74.96
[WOBBLE_FIRE] team=2 losTgt=74.42
[WOBBLE_FIRE] team=2 losTgt=73.85
[WOBBLE_FIRE] team=2 losTgt=73.25
[WOBBLE_FIRE] team=2 losTgt=72.63
[WOBBLE_FIRE] team=2 losTgt=71.99
[WOBBLE_FIRE] team=2 losTgt=71.32
[WOBBLE_FIRE] team=2 losTgt=70.63
[WOBBLE_FIRE] team=2 losTgt=69.92
[WOBBLE_FIRE] team=2 losTgt=69.19
[WOBBLE_FIRE] team=2 losTgt=68.44
[WOBBLE_FIRE] team=2 losTgt=67.67
[WOBBLE_FIRE] team=2 losTgt=66.88
[WOBBLE_FIRE] team=2 losTgt=66.08
[WOBBLE_FIRE] team=2 losTgt=65.25
[WOBBLE_FIRE] team=2 losTgt=64.41
[WOBBLE_FIRE] team=2 losTgt=63.55
[WOBBLE_FIRE] team=2 losTgt=62.67
[WOBBLE_FIRE] team=2 losTgt=61.78
[WOBBLE_FIRE] team=2 losTgt=60.87
[WOBBLE_FIRE] team=2 losTgt=59.94
[WOBBLE_FIRE] team=2 losTgt=59.00
[WOBBLE_FIRE] team=2 losTgt=58.04
[WOBBLE_FIRE] team=2 losTgt=57.07
[WOBBLE_FIRE] team=2 losTgt=56.07
[WOBBLE_FIRE] team=2 losTgt=55.07
[WOBBLE_FIRE] team=2 losTgt=54.04
[WOBBLE_FIRE] team=2 losTgt=53.00
[WOBBLE_FIRE] team=2 losTgt=51.94
[WOBBLE_FIRE] team=2 losTgt=50.87
[WOBBLE_FIRE] team=2 losTgt=49.77
[WOBBLE_FIRE] team=2 losTgt=48.66
[WOBBLE_FIRE] team=2 losTgt=47.54
[WOBBLE_FIRE] team=2 losTgt=46.39
[WOBBLE_FIRE] team=2 losTgt=45.23
[ACTIVE] [RED] LeadPredict dist=1721.21 dV=-18.3141 thr=0.594874 om=0.691638 lt=3
[ACTIVE] [RED] LeadPredict dist=1286.12 dV=-5.91608 thr=0.601871 om=0.991105 lt=3
[ACTIVE] [RED] LeadPredict dist=1583.4 dV=-26.9052 thr=1 om=0.00173608 lt=3
[ACTIVE] [RED] LeadPredict dist=1721.11 dV=-24.5388 thr=1 om=0.165758 lt=3
[ACTIVE] [RED] LeadPredict dist=1469.53 dV=1.80054 thr=1 om=1.37995 lt=3
[ACTIVE] [RED] LeadPredict dist=1289.45 dV=-15.5361 thr=1 om=0.486158 lt=3
[ACTIVE] [RED] LeadPredict dist=1292.45 dV=-4.06406 thr=1 om=0.329994 lt=3
[ACTIVE] [RED] LeadPredict dist=1034.61 dV=27.0081 thr=1 om=1.45803 lt=2.69228
[ACTIVE] [RED] LeadPredict dist=886.155 dV=2.62366 thr=0.968516 om=0.176742 lt=0
[ACTIVE] [RED] LeadPredict dist=814.643 dV=12.398 thr=0.851224 om=0.216702 lt=0
[ACTIVE] [RED] LeadPredict dist=687.585 dV=11.935 thr=0.85678 om=1.38812 lt=1.10644
[ACTIVE] [RED] LeadPredict dist=617.449 dV=6.84204 thr=0.917895 om=0.72133 lt=0.421328
[ACTIVE] [RED] LeadPredict dist=605.26 dV=1.44043 thr=0.982715 om=0.374044 lt=0
[ACTIVE] [RED] LeadPredict dist=574.202 dV=-1.02887 thr=0.690777 om=0.826378 lt=1.59141
[ACTIVE] [RED] LeadPredict dist=555.392 dV=9.15704 thr=0.890115 om=0.165625 lt=1.24055
[ACTIVE] [RED] LeadPredict dist=496.949 dV=1.02887 thr=0.987654 om=0.0834525 lt=1.27602
[ACTIVE] [RED] LeadPredict dist=469.354 dV=12.0894 thr=0.854928 om=0.512119 lt=1.36888
[ACTIVE] [RED] LeadPredict dist=396.859 dV=2.16064 thr=0.854072 om=0.0937005 lt=0.787692
[ACTIVE] [RED] LeadPredict dist=417.845 dV=8.48825 thr=0.898166 om=0.193299 lt=1.04954
[ACTIVE] [RED] LeadPredict dist=336.506 dV=7.51083 thr=0.78987 om=0.582336 lt=0.223107
runner:local/env:0	num_steps=[8114] | total rewards=[1192.9722] | termination= [target destroyed]
[seed 2] reward=  1192.97 ownHP=1.0000 tgtHP=-0.0117 target destroyed
total: 2
[WOBBLE_FIRE] team=2 losTgt=54.18
[WOBBLE_FIRE] team=2 losTgt=54.36
[WOBBLE_FIRE] team=2 losTgt=54.51
[WOBBLE_FIRE] team=2 losTgt=54.65
[WOBBLE_FIRE] team=2 losTgt=54.81
[WOBBLE_FIRE] team=2 losTgt=54.93
[WOBBLE_FIRE] team=2 losTgt=54.96
[WOBBLE_FIRE] team=2 losTgt=54.81
[WOBBLE_FIRE] team=2 losTgt=54.42
[WOBBLE_FIRE] team=2 losTgt=53.73
[WOBBLE_FIRE] team=2 losTgt=52.78
[WOBBLE_FIRE] team=2 losTgt=51.77
[WOBBLE_FIRE] team=2 losTgt=50.83
[WOBBLE_FIRE] team=2 losTgt=49.97
[WOBBLE_FIRE] team=2 losTgt=49.18
[WOBBLE_FIRE] team=2 losTgt=48.43
[WOBBLE_FIRE] team=2 losTgt=47.71
[WOBBLE_FIRE] team=2 losTgt=47.01
[WOBBLE_FIRE] team=2 losTgt=46.33
[WOBBLE_FIRE] team=2 losTgt=45.68
[WOBBLE_FIRE] team=2 losTgt=45.04
[ACTIVE] [RED] LeadPredict dist=4049.1 dV=7.81949 thr=1 om=0.327057 lt=3
[WOBBLE_FIRE] team=2 losTgt=45.38
[ACTIVE] [RED] LeadPredict dist=1173.2 dV=48.1001 thr=1 om=1.09354 lt=3
[WOBBLE_FIRE] team=2 losTgt=46.31
[WOBBLE_FIRE] team=2 losTgt=47.36
[WOBBLE_FIRE] team=2 losTgt=48.55
[WOBBLE_FIRE] team=2 losTgt=49.90
[WOBBLE_FIRE] team=2 losTgt=51.42
[WOBBLE_FIRE] team=2 losTgt=53.13
[WOBBLE_FIRE] team=2 losTgt=55.02
[WOBBLE_FIRE] team=2 losTgt=57.12
[WOBBLE_FIRE] team=2 losTgt=59.41
[WOBBLE_FIRE] team=2 losTgt=61.92
[WOBBLE_FIRE] team=2 losTgt=64.63
[WOBBLE_FIRE] team=2 losTgt=67.54
[WOBBLE_FIRE] team=2 losTgt=70.65
[WOBBLE_FIRE] team=2 losTgt=73.92
[WOBBLE_FIRE] team=2 losTgt=77.34
[WOBBLE_FIRE] team=2 losTgt=80.88
[WOBBLE_FIRE] team=2 losTgt=84.50
[WOBBLE_FIRE] team=2 losTgt=88.16
[WOBBLE_FIRE] team=2 losTgt=91.82
[WOBBLE_FIRE] team=2 losTgt=95.42
[WOBBLE_FIRE] team=2 losTgt=98.95
[WOBBLE_FIRE] team=2 losTgt=102.34
[WOBBLE_FIRE] team=2 losTgt=105.60
[WOBBLE_FIRE] team=2 losTgt=108.71
[WOBBLE_FIRE] team=2 losTgt=111.59
[WOBBLE_FIRE] team=2 losTgt=114.25
[WOBBLE_FIRE] team=2 losTgt=116.70
[WOBBLE_FIRE] team=2 losTgt=118.96
[WOBBLE_FIRE] team=2 losTgt=121.04
[WOBBLE_FIRE] team=2 losTgt=122.97
[WOBBLE_FIRE] team=2 losTgt=124.76
[WOBBLE_FIRE] team=2 losTgt=126.44
[WOBBLE_FIRE] team=2 losTgt=127.98
[WOBBLE_FIRE] team=2 losTgt=129.38
[WOBBLE_FIRE] team=2 losTgt=130.65
[WOBBLE_FIRE] team=2 losTgt=131.83
[WOBBLE_FIRE] team=2 losTgt=132.91
[WOBBLE_FIRE] team=2 losTgt=133.91
[WOBBLE_FIRE] team=2 losTgt=134.81
[WOBBLE_FIRE] team=2 losTgt=135.63
[WOBBLE_FIRE] team=2 losTgt=136.36
[WOBBLE_FIRE] team=2 losTgt=137.01
[WOBBLE_FIRE] team=2 losTgt=137.57
[WOBBLE_FIRE] team=2 losTgt=138.06
[WOBBLE_FIRE] team=2 losTgt=138.47
[WOBBLE_FIRE] team=2 losTgt=138.81
[WOBBLE_FIRE] team=2 losTgt=139.08
[WOBBLE_FIRE] team=2 losTgt=139.29
[WOBBLE_FIRE] team=2 losTgt=139.45
[WOBBLE_FIRE] team=2 losTgt=139.55
[WOBBLE_FIRE] team=2 losTgt=139.59
[WOBBLE_FIRE] team=2 losTgt=139.60
[WOBBLE_FIRE] team=2 losTgt=139.55
[WOBBLE_FIRE] team=2 losTgt=139.46
[WOBBLE_FIRE] team=2 losTgt=139.34
[WOBBLE_FIRE] team=2 losTgt=139.18
[WOBBLE_FIRE] team=2 losTgt=138.98
[WOBBLE_FIRE] team=2 losTgt=138.75
[WOBBLE_FIRE] team=2 losTgt=138.49
[WOBBLE_FIRE] team=2 losTgt=138.21
[ACTIVE] [RED] LeadPredict dist=2284.87 dV=128.816 thr=0.608211 om=1.16971 lt=3
[WOBBLE_FIRE] team=2 losTgt=137.89
[WOBBLE_FIRE] team=2 losTgt=137.56
[WOBBLE_FIRE] team=2 losTgt=137.20
[WOBBLE_FIRE] team=2 losTgt=136.81
[WOBBLE_FIRE] team=2 losTgt=136.41
[WOBBLE_FIRE] team=2 losTgt=135.99
[WOBBLE_FIRE] team=2 losTgt=135.55
[WOBBLE_FIRE] team=2 losTgt=135.10
[WOBBLE_FIRE] team=2 losTgt=134.63
[WOBBLE_FIRE] team=2 losTgt=134.14
[WOBBLE_FIRE] team=2 losTgt=133.65
[WOBBLE_FIRE] team=2 losTgt=133.13
[WOBBLE_FIRE] team=2 losTgt=132.61
[WOBBLE_FIRE] team=2 losTgt=132.08
[WOBBLE_FIRE] team=2 losTgt=131.53
[WOBBLE_FIRE] team=2 losTgt=130.98
[WOBBLE_FIRE] team=2 losTgt=130.42
[WOBBLE_FIRE] team=2 losTgt=129.84
[WOBBLE_FIRE] team=2 losTgt=129.26
[WOBBLE_FIRE] team=2 losTgt=128.67
[WOBBLE_FIRE] team=2 losTgt=128.07
[WOBBLE_FIRE] team=2 losTgt=127.46
[WOBBLE_FIRE] team=2 losTgt=126.85
[WOBBLE_FIRE] team=2 losTgt=126.23
[WOBBLE_FIRE] team=2 losTgt=125.60
[WOBBLE_FIRE] team=2 losTgt=124.97
[WOBBLE_FIRE] team=2 losTgt=124.33
[WOBBLE_FIRE] team=2 losTgt=123.68
[WOBBLE_FIRE] team=2 losTgt=123.04
[WOBBLE_FIRE] team=2 losTgt=122.38
[WOBBLE_FIRE] team=2 losTgt=121.72
[WOBBLE_FIRE] team=2 losTgt=121.06
[WOBBLE_FIRE] team=2 losTgt=120.39
[WOBBLE_FIRE] team=2 losTgt=119.72
[WOBBLE_FIRE] team=2 losTgt=119.04
[WOBBLE_FIRE] team=2 losTgt=118.36
[WOBBLE_FIRE] team=2 losTgt=117.71
[WOBBLE_FIRE] team=2 losTgt=117.08
[WOBBLE_FIRE] team=2 losTgt=116.43
[WOBBLE_FIRE] team=2 losTgt=115.77
[WOBBLE_FIRE] team=2 losTgt=115.09
[WOBBLE_FIRE] team=2 losTgt=114.41
[WOBBLE_FIRE] team=2 losTgt=113.72
[WOBBLE_FIRE] team=2 losTgt=113.03
[WOBBLE_FIRE] team=2 losTgt=112.33
[WOBBLE_FIRE] team=2 losTgt=111.63
[WOBBLE_FIRE] team=2 losTgt=110.93
[WOBBLE_FIRE] team=2 losTgt=110.22
[WOBBLE_FIRE] team=2 losTgt=109.51
[WOBBLE_FIRE] team=2 losTgt=108.79
[WOBBLE_FIRE] team=2 losTgt=108.08
[WOBBLE_FIRE] team=2 losTgt=107.35
[WOBBLE_FIRE] team=2 losTgt=106.63
[WOBBLE_FIRE] team=2 losTgt=105.90
[WOBBLE_FIRE] team=2 losTgt=105.16
[WOBBLE_FIRE] team=2 losTgt=104.43
[WOBBLE_FIRE] team=2 losTgt=103.69
[WOBBLE_FIRE] team=2 losTgt=102.95
[WOBBLE_FIRE] team=2 losTgt=102.20
[WOBBLE_FIRE] team=2 losTgt=101.45
[ACTIVE] [RED] LeadPredict dist=4045.04 dV=168.736 thr=1 om=1.08523 lt=3
[WOBBLE_FIRE] team=2 losTgt=100.70
[WOBBLE_FIRE] team=2 losTgt=99.95
[WOBBLE_FIRE] team=2 losTgt=99.20
[WOBBLE_FIRE] team=2 losTgt=98.44
[WOBBLE_FIRE] team=2 losTgt=97.69
[WOBBLE_FIRE] team=2 losTgt=96.93
[WOBBLE_FIRE] team=2 losTgt=96.16
[WOBBLE_FIRE] team=2 losTgt=95.40
[WOBBLE_FIRE] team=2 losTgt=94.64
[WOBBLE_FIRE] team=2 losTgt=93.87
[WOBBLE_FIRE] team=2 losTgt=93.11
[WOBBLE_FIRE] team=2 losTgt=92.34
[WOBBLE_FIRE] team=2 losTgt=91.57
[WOBBLE_FIRE] team=2 losTgt=90.80
[WOBBLE_FIRE] team=2 losTgt=90.03
[WOBBLE_FIRE] team=2 losTgt=89.25
[WOBBLE_FIRE] team=2 losTgt=88.48
[WOBBLE_FIRE] team=2 losTgt=87.71
[WOBBLE_FIRE] team=2 losTgt=86.93
[WOBBLE_FIRE] team=2 losTgt=86.16
[WOBBLE_FIRE] team=2 losTgt=85.38
[WOBBLE_FIRE] team=2 losTgt=84.61
[WOBBLE_FIRE] team=2 losTgt=83.83
[WOBBLE_FIRE] team=2 losTgt=83.05
[WOBBLE_FIRE] team=2 losTgt=82.27
[WOBBLE_FIRE] team=2 losTgt=81.49
[WOBBLE_FIRE] team=2 losTgt=80.71
[WOBBLE_FIRE] team=2 losTgt=79.93
[WOBBLE_FIRE] team=2 losTgt=79.15
[WOBBLE_FIRE] team=2 losTgt=78.37
[WOBBLE_FIRE] team=2 losTgt=77.59
[WOBBLE_FIRE] team=2 losTgt=76.81
[WOBBLE_FIRE] team=2 losTgt=76.03
[WOBBLE_FIRE] team=2 losTgt=75.25
[WOBBLE_FIRE] team=2 losTgt=74.47
[WOBBLE_FIRE] team=2 losTgt=73.69
[WOBBLE_FIRE] team=2 losTgt=72.90
[WOBBLE_FIRE] team=2 losTgt=72.12
[WOBBLE_FIRE] team=2 losTgt=71.35
[WOBBLE_FIRE] team=2 losTgt=70.57
[WOBBLE_FIRE] team=2 losTgt=69.80
[WOBBLE_FIRE] team=2 losTgt=69.02
[WOBBLE_FIRE] team=2 losTgt=68.25
[WOBBLE_FIRE] team=2 losTgt=67.48
[WOBBLE_FIRE] team=2 losTgt=66.70
[WOBBLE_FIRE] team=2 losTgt=65.93
[WOBBLE_FIRE] team=2 losTgt=65.15
[WOBBLE_FIRE] team=2 losTgt=64.38
[WOBBLE_FIRE] team=2 losTgt=63.60
[WOBBLE_FIRE] team=2 losTgt=62.82
[WOBBLE_FIRE] team=2 losTgt=62.04
[WOBBLE_FIRE] team=2 losTgt=61.25
[WOBBLE_FIRE] team=2 losTgt=60.47
[WOBBLE_FIRE] team=2 losTgt=59.68
[WOBBLE_FIRE] team=2 losTgt=58.90
[WOBBLE_FIRE] team=2 losTgt=58.11
[WOBBLE_FIRE] team=2 losTgt=57.33
[WOBBLE_FIRE] team=2 losTgt=56.54
[WOBBLE_FIRE] team=2 losTgt=55.75
[WOBBLE_FIRE] team=2 losTgt=54.96
[ACTIVE] [RED] LeadPredict dist=3364.03 dV=117.087 thr=1 om=0.870464 lt=3
[WOBBLE_FIRE] team=2 losTgt=54.17
[WOBBLE_FIRE] team=2 losTgt=53.37
[WOBBLE_FIRE] team=2 losTgt=52.57
[WOBBLE_FIRE] team=2 losTgt=51.77
[WOBBLE_FIRE] team=2 losTgt=50.96
[WOBBLE_FIRE] team=2 losTgt=50.16
[WOBBLE_FIRE] team=2 losTgt=49.35
[WOBBLE_FIRE] team=2 losTgt=48.53
[WOBBLE_FIRE] team=2 losTgt=47.72
[WOBBLE_FIRE] team=2 losTgt=46.91
[WOBBLE_FIRE] team=2 losTgt=46.09
[WOBBLE_FIRE] team=2 losTgt=45.26
[ACTIVE] [RED] LeadPredict dist=1463.83 dV=42.6471 thr=1 om=1.51585 lt=3
[WOBBLE_FIRE] team=2 losTgt=48.25
[WOBBLE_FIRE] team=2 losTgt=52.04
[WOBBLE_FIRE] team=2 losTgt=55.91
[WOBBLE_FIRE] team=2 losTgt=59.81
[WOBBLE_FIRE] team=2 losTgt=63.67
[WOBBLE_FIRE] team=2 losTgt=67.43
[WOBBLE_FIRE] team=2 losTgt=71.04
[WOBBLE_FIRE] team=2 losTgt=74.46
[WOBBLE_FIRE] team=2 losTgt=77.66
[WOBBLE_FIRE] team=2 losTgt=80.59
[WOBBLE_FIRE] team=2 losTgt=83.24
[WOBBLE_FIRE] team=2 losTgt=85.64
[WOBBLE_FIRE] team=2 losTgt=87.76
[WOBBLE_FIRE] team=2 losTgt=89.65
[WOBBLE_FIRE] team=2 losTgt=91.32
[WOBBLE_FIRE] team=2 losTgt=92.78
[WOBBLE_FIRE] team=2 losTgt=94.04
[WOBBLE_FIRE] team=2 losTgt=95.14
[WOBBLE_FIRE] team=2 losTgt=96.07
[WOBBLE_FIRE] team=2 losTgt=96.85
[WOBBLE_FIRE] team=2 losTgt=97.49
[WOBBLE_FIRE] team=2 losTgt=97.99
[WOBBLE_FIRE] team=2 losTgt=98.38
[WOBBLE_FIRE] team=2 losTgt=98.65
[WOBBLE_FIRE] team=2 losTgt=98.81
[WOBBLE_FIRE] team=2 losTgt=98.86
[WOBBLE_FIRE] team=2 losTgt=98.81
[WOBBLE_FIRE] team=2 losTgt=98.66
[WOBBLE_FIRE] team=2 losTgt=98.43
[WOBBLE_FIRE] team=2 losTgt=98.11
[WOBBLE_FIRE] team=2 losTgt=97.71
[WOBBLE_FIRE] team=2 losTgt=97.23
[ACTIVE] [RED] LeadPredict dist=1444.66 dV=-52.4214 thr=1 om=1.46619 lt=3
[WOBBLE_FIRE] team=2 losTgt=96.69
[WOBBLE_FIRE] team=2 losTgt=96.07
[WOBBLE_FIRE] team=2 losTgt=95.41
[WOBBLE_FIRE] team=2 losTgt=94.68
[WOBBLE_FIRE] team=2 losTgt=93.92
[WOBBLE_FIRE] team=2 losTgt=93.13
[WOBBLE_FIRE] team=2 losTgt=92.33
[WOBBLE_FIRE] team=2 losTgt=91.52
[WOBBLE_FIRE] team=2 losTgt=90.69
[WOBBLE_FIRE] team=2 losTgt=89.85
[WOBBLE_FIRE] team=2 losTgt=89.00
[WOBBLE_FIRE] team=2 losTgt=88.13
[WOBBLE_FIRE] team=2 losTgt=87.25
[WOBBLE_FIRE] team=2 losTgt=86.35
[WOBBLE_FIRE] team=2 losTgt=85.43
[WOBBLE_FIRE] team=2 losTgt=84.49
[WOBBLE_FIRE] team=2 losTgt=83.55
[WOBBLE_FIRE] team=2 losTgt=82.58
[WOBBLE_FIRE] team=2 losTgt=81.60
[WOBBLE_FIRE] team=2 losTgt=80.60
[WOBBLE_FIRE] team=2 losTgt=79.59
[WOBBLE_FIRE] team=2 losTgt=78.57
[WOBBLE_FIRE] team=2 losTgt=77.54
[WOBBLE_FIRE] team=2 losTgt=76.49
[WOBBLE_FIRE] team=2 losTgt=75.43
[WOBBLE_FIRE] team=2 losTgt=74.36
[WOBBLE_FIRE] team=2 losTgt=73.27
[WOBBLE_FIRE] team=2 losTgt=72.18
[WOBBLE_FIRE] team=2 losTgt=71.07
[WOBBLE_FIRE] team=2 losTgt=69.95
[WOBBLE_FIRE] team=2 losTgt=68.82
[WOBBLE_FIRE] team=2 losTgt=67.68
[WOBBLE_FIRE] team=2 losTgt=66.53
[WOBBLE_FIRE] team=2 losTgt=65.37
[WOBBLE_FIRE] team=2 losTgt=64.20
[WOBBLE_FIRE] team=2 losTgt=63.02
[WOBBLE_FIRE] team=2 losTgt=61.82
[WOBBLE_FIRE] team=2 losTgt=60.61
[WOBBLE_FIRE] team=2 losTgt=59.39
[WOBBLE_FIRE] team=2 losTgt=58.21
[WOBBLE_FIRE] team=2 losTgt=57.16
[WOBBLE_FIRE] team=2 losTgt=56.34
[WOBBLE_FIRE] team=2 losTgt=55.76
[WOBBLE_FIRE] team=2 losTgt=55.37
[WOBBLE_FIRE] team=2 losTgt=55.13
[WOBBLE_FIRE] team=2 losTgt=55.00
[WOBBLE_FIRE] team=2 losTgt=54.97
[WOBBLE_FIRE] team=2 losTgt=55.02
[WOBBLE_FIRE] team=2 losTgt=55.13
[WOBBLE_FIRE] team=2 losTgt=55.22
[WOBBLE_FIRE] team=2 losTgt=55.24
[WOBBLE_FIRE] team=2 losTgt=55.16
[WOBBLE_FIRE] team=2 losTgt=55.01
[WOBBLE_FIRE] team=2 losTgt=54.85
[WOBBLE_FIRE] team=2 losTgt=54.73
[WOBBLE_FIRE] team=2 losTgt=54.69
[WOBBLE_FIRE] team=2 losTgt=54.69
[WOBBLE_FIRE] team=2 losTgt=54.70
[WOBBLE_FIRE] team=2 losTgt=54.68
[WOBBLE_FIRE] team=2 losTgt=54.62
[ACTIVE] [RED] LeadPredict dist=2754.26 dV=-89.3068 thr=1 om=0.87224 lt=3
[WOBBLE_FIRE] team=2 losTgt=54.50
[WOBBLE_FIRE] team=2 losTgt=54.37
[WOBBLE_FIRE] team=2 losTgt=54.27
[WOBBLE_FIRE] team=2 losTgt=54.17
[WOBBLE_FIRE] team=2 losTgt=54.07
[WOBBLE_FIRE] team=2 losTgt=53.97
[WOBBLE_FIRE] team=2 losTgt=53.91
[WOBBLE_FIRE] team=2 losTgt=53.88
[WOBBLE_FIRE] team=2 losTgt=53.79
[WOBBLE_FIRE] team=2 losTgt=53.60
[WOBBLE_FIRE] team=2 losTgt=53.36
[WOBBLE_FIRE] team=2 losTgt=53.11
[WOBBLE_FIRE] team=2 losTgt=52.90
[WOBBLE_FIRE] team=2 losTgt=52.77
[WOBBLE_FIRE] team=2 losTgt=52.61
[WOBBLE_FIRE] team=2 losTgt=52.40
[WOBBLE_FIRE] team=2 losTgt=52.15
[WOBBLE_FIRE] team=2 losTgt=51.85
[WOBBLE_FIRE] team=2 losTgt=51.53
[WOBBLE_FIRE] team=2 losTgt=51.17
[WOBBLE_FIRE] team=2 losTgt=50.77
[WOBBLE_FIRE] team=2 losTgt=50.36
[WOBBLE_FIRE] team=2 losTgt=49.93
[WOBBLE_FIRE] team=2 losTgt=49.50
[WOBBLE_FIRE] team=2 losTgt=49.09
[WOBBLE_FIRE] team=2 losTgt=48.69
[WOBBLE_FIRE] team=2 losTgt=48.32
[WOBBLE_FIRE] team=2 losTgt=47.99
[WOBBLE_FIRE] team=2 losTgt=47.69
[WOBBLE_FIRE] team=2 losTgt=47.42
[WOBBLE_FIRE] team=2 losTgt=47.19
[WOBBLE_FIRE] team=2 losTgt=47.02
[WOBBLE_FIRE] team=2 losTgt=46.89
[WOBBLE_FIRE] team=2 losTgt=46.81
[WOBBLE_FIRE] team=2 losTgt=46.76
[WOBBLE_FIRE] team=2 losTgt=46.73
[WOBBLE_FIRE] team=2 losTgt=46.70
[WOBBLE_FIRE] team=2 losTgt=46.46
[WOBBLE_FIRE] team=2 losTgt=45.83
[WOBBLE_FIRE] team=2 losTgt=45.08
[ACTIVE] [RED] LeadPredict dist=2071.76 dV=-38.0685 thr=1 om=0.195377 lt=3
[ACTIVE] [RED] LeadPredict dist=1337.41 dV=29.7861 thr=1 om=1.01294 lt=3
[ACTIVE] [RED] LeadPredict dist=1260.77 dV=2.93231 thr=0.724307 om=0.0116676 lt=3
[ACTIVE] [RED] LeadPredict dist=1300.8 dV=-3.60107 thr=1 om=0.311118 lt=3
[ACTIVE] [RED] LeadPredict dist=1171.79 dV=12.1408 thr=1 om=0.989704 lt=3
[ACTIVE] [RED] LeadPredict dist=1085.11 dV=-1.1832 thr=1 om=0.0533781 lt=3
[ACTIVE] [RED] LeadPredict dist=1112.81 dV=-2.46933 thr=1 om=0.285683 lt=3
[ACTIVE] [RED] LeadPredict dist=944.879 dV=16.3078 thr=1 om=1.25521 lt=2.45157
[ACTIVE] [RED] LeadPredict dist=913.176 dV=-1.85199 thr=1 om=0.0186605 lt=0
[ACTIVE] [RED] LeadPredict dist=1047.95 dV=-17.2337 thr=0.404004 om=0.17588 lt=2.61835
[WOBBLE_FIRE] team=2 losTgt=45.01
[WOBBLE_FIRE] team=2 losTgt=45.34
[WOBBLE_FIRE] team=2 losTgt=45.59
[WOBBLE_FIRE] team=2 losTgt=45.77
[WOBBLE_FIRE] team=2 losTgt=45.86
[WOBBLE_FIRE] team=2 losTgt=45.88
[WOBBLE_FIRE] team=2 losTgt=45.82
[WOBBLE_FIRE] team=2 losTgt=45.69
[WOBBLE_FIRE] team=2 losTgt=45.50
[WOBBLE_FIRE] team=2 losTgt=45.22
[ACTIVE] [RED] LeadPredict dist=1203.16 dV=-0.977448 thr=0.469814 om=0.557796 lt=3
[ACTIVE] [RED] LeadPredict dist=1115.19 dV=-7.92236 thr=1 om=1.40998 lt=3
[ACTIVE] [RED] LeadPredict dist=1057.48 dV=-6.58484 thr=1 om=0.0431744 lt=3
[ACTIVE] [RED] LeadPredict dist=1110.3 dV=-6.27618 thr=1 om=0.185075 lt=3
[ACTIVE] [RED] LeadPredict dist=991.154 dV=14.7644 thr=1 om=1.51707 lt=2.61846
[ACTIVE] [RED] LeadPredict dist=760.044 dV=25.3619 thr=0.695657 om=1.18645 lt=1.0845
[ACTIVE] [RED] LeadPredict dist=624.883 dV=8.5397 thr=0.901895 om=1.0815 lt=1.1201
[ACTIVE] [RED] LeadPredict dist=500.428 dV=19.2401 thr=0.769119 om=0.927528 lt=1.03637
[ACTIVE] [RED] LeadPredict dist=406.813 dV=5.29874 thr=0.936415 om=0.137233 lt=0.599854
[ACTIVE] [RED] LeadPredict dist=380.995 dV=17.5938 thr=0.668874 om=0.110328 lt=1.2675
[ACTIVE] [RED] LeadPredict dist=359.34 dV=15.9991 thr=0.688011 om=1.01137 lt=1.22309
[ACTIVE] [RED] LeadPredict dist=379.89 dV=3.03519 thr=0.843578 om=0.0710873 lt=1.04296
[ACTIVE] [RED] LeadPredict dist=328.323 dV=9.62003 thr=0.76456 om=1.116 lt=0.803639
[ACTIVE] [RED] LeadPredict dist=297.458 dV=9.72293 thr=0.778292 om=1.36369 lt=0
runner:local/env:0	num_steps=[11566] | total rewards=[1349.0053] | termination= [target destroyed]
[seed 3] reward=  1349.01 ownHP=1.0000 tgtHP=-0.0008 target destroyed
total: 2
[WOBBLE_FIRE] team=2 losTgt=96.51
[WOBBLE_FIRE] team=2 losTgt=96.58
[WOBBLE_FIRE] team=2 losTgt=96.58
[WOBBLE_FIRE] team=2 losTgt=96.60
[WOBBLE_FIRE] team=2 losTgt=96.63
[WOBBLE_FIRE] team=2 losTgt=96.58
[WOBBLE_FIRE] team=2 losTgt=96.34
[WOBBLE_FIRE] team=2 losTgt=95.79
[WOBBLE_FIRE] team=2 losTgt=94.87
[WOBBLE_FIRE] team=2 losTgt=93.54
[WOBBLE_FIRE] team=2 losTgt=92.06
[WOBBLE_FIRE] team=2 losTgt=90.74
[WOBBLE_FIRE] team=2 losTgt=89.62
[WOBBLE_FIRE] team=2 losTgt=88.65
[WOBBLE_FIRE] team=2 losTgt=87.75
[WOBBLE_FIRE] team=2 losTgt=86.91
[WOBBLE_FIRE] team=2 losTgt=86.11
[WOBBLE_FIRE] team=2 losTgt=85.35
[WOBBLE_FIRE] team=2 losTgt=84.62
[WOBBLE_FIRE] team=2 losTgt=83.91
[WOBBLE_FIRE] team=2 losTgt=83.21
[WOBBLE_FIRE] team=2 losTgt=82.53
[WOBBLE_FIRE] team=2 losTgt=81.85
[ACTIVE] [RED] LeadPredict dist=3112.59 dV=5.14441 thr=1 om=0.89598 lt=3
[WOBBLE_FIRE] team=2 losTgt=81.17
[WOBBLE_FIRE] team=2 losTgt=80.51
[WOBBLE_FIRE] team=2 losTgt=79.85
[WOBBLE_FIRE] team=2 losTgt=79.19
[WOBBLE_FIRE] team=2 losTgt=78.54
[WOBBLE_FIRE] team=2 losTgt=77.88
[WOBBLE_FIRE] team=2 losTgt=77.22
[WOBBLE_FIRE] team=2 losTgt=76.56
[WOBBLE_FIRE] team=2 losTgt=75.90
[WOBBLE_FIRE] team=2 losTgt=75.23
[WOBBLE_FIRE] team=2 losTgt=74.57
[WOBBLE_FIRE] team=2 losTgt=73.89
[WOBBLE_FIRE] team=2 losTgt=73.21
[WOBBLE_FIRE] team=2 losTgt=72.53
[WOBBLE_FIRE] team=2 losTgt=71.84
[WOBBLE_FIRE] team=2 losTgt=71.15
[WOBBLE_FIRE] team=2 losTgt=70.45
[WOBBLE_FIRE] team=2 losTgt=69.75
[WOBBLE_FIRE] team=2 losTgt=69.04
[WOBBLE_FIRE] team=2 losTgt=68.32
[WOBBLE_FIRE] team=2 losTgt=67.60
[WOBBLE_FIRE] team=2 losTgt=66.88
[WOBBLE_FIRE] team=2 losTgt=66.15
[WOBBLE_FIRE] team=2 losTgt=65.42
[WOBBLE_FIRE] team=2 losTgt=64.68
[WOBBLE_FIRE] team=2 losTgt=63.93
[WOBBLE_FIRE] team=2 losTgt=63.18
[WOBBLE_FIRE] team=2 losTgt=62.42
[WOBBLE_FIRE] team=2 losTgt=61.66
[WOBBLE_FIRE] team=2 losTgt=60.88
[WOBBLE_FIRE] team=2 losTgt=60.10
[WOBBLE_FIRE] team=2 losTgt=59.31
[WOBBLE_FIRE] team=2 losTgt=58.51
[WOBBLE_FIRE] team=2 losTgt=57.70
[WOBBLE_FIRE] team=2 losTgt=56.88
[WOBBLE_FIRE] team=2 losTgt=56.06
[WOBBLE_FIRE] team=2 losTgt=55.23
[WOBBLE_FIRE] team=2 losTgt=54.39
[WOBBLE_FIRE] team=2 losTgt=53.54
[WOBBLE_FIRE] team=2 losTgt=52.68
[WOBBLE_FIRE] team=2 losTgt=51.81
[WOBBLE_FIRE] team=2 losTgt=50.93
[WOBBLE_FIRE] team=2 losTgt=50.05
[WOBBLE_FIRE] team=2 losTgt=49.14
[WOBBLE_FIRE] team=2 losTgt=48.23
[WOBBLE_FIRE] team=2 losTgt=47.31
[WOBBLE_FIRE] team=2 losTgt=46.36
[WOBBLE_FIRE] team=2 losTgt=45.40
[ACTIVE] [RED] LeadPredict dist=1381.04 dV=-9.92871 thr=0.733927 om=0.0995014 lt=3
[WOBBLE_FIRE] team=2 losTgt=49.44
[WOBBLE_FIRE] team=2 losTgt=54.43
[WOBBLE_FIRE] team=2 losTgt=59.13
[WOBBLE_FIRE] team=2 losTgt=63.30
[WOBBLE_FIRE] team=2 losTgt=66.72
[WOBBLE_FIRE] team=2 losTgt=69.22
[WOBBLE_FIRE] team=2 losTgt=71.07
[WOBBLE_FIRE] team=2 losTgt=72.84
[WOBBLE_FIRE] team=2 losTgt=74.54
[WOBBLE_FIRE] team=2 losTgt=76.09
[WOBBLE_FIRE] team=2 losTgt=77.47
[WOBBLE_FIRE] team=2 losTgt=78.66
[WOBBLE_FIRE] team=2 losTgt=79.69
[WOBBLE_FIRE] team=2 losTgt=80.54
[WOBBLE_FIRE] team=2 losTgt=81.23
[WOBBLE_FIRE] team=2 losTgt=81.78
[WOBBLE_FIRE] team=2 losTgt=82.17
[WOBBLE_FIRE] team=2 losTgt=82.45
[WOBBLE_FIRE] team=2 losTgt=82.61
[WOBBLE_FIRE] team=2 losTgt=82.66
[WOBBLE_FIRE] team=2 losTgt=82.63
[WOBBLE_FIRE] team=2 losTgt=82.50
[WOBBLE_FIRE] team=2 losTgt=82.30
[WOBBLE_FIRE] team=2 losTgt=82.03
[WOBBLE_FIRE] team=2 losTgt=81.70
[WOBBLE_FIRE] team=2 losTgt=81.30
[WOBBLE_FIRE] team=2 losTgt=80.85
[WOBBLE_FIRE] team=2 losTgt=80.35
[WOBBLE_FIRE] team=2 losTgt=79.81
[WOBBLE_FIRE] team=2 losTgt=79.22
[WOBBLE_FIRE] team=2 losTgt=78.60
[ACTIVE] [RED] LeadPredict dist=1277.13 dV=-9.51715 thr=0.662215 om=1.1378 lt=3
[WOBBLE_FIRE] team=2 losTgt=77.94
[WOBBLE_FIRE] team=2 losTgt=77.24
[WOBBLE_FIRE] team=2 losTgt=76.51
[WOBBLE_FIRE] team=2 losTgt=75.75
[WOBBLE_FIRE] team=2 losTgt=74.96
[WOBBLE_FIRE] team=2 losTgt=74.15
[WOBBLE_FIRE] team=2 losTgt=73.31
[WOBBLE_FIRE] team=2 losTgt=72.44
[WOBBLE_FIRE] team=2 losTgt=71.55
[WOBBLE_FIRE] team=2 losTgt=70.64
[WOBBLE_FIRE] team=2 losTgt=69.71
[WOBBLE_FIRE] team=2 losTgt=68.76
[WOBBLE_FIRE] team=2 losTgt=67.78
[WOBBLE_FIRE] team=2 losTgt=66.79
[WOBBLE_FIRE] team=2 losTgt=65.77
[WOBBLE_FIRE] team=2 losTgt=64.74
[WOBBLE_FIRE] team=2 losTgt=63.69
[WOBBLE_FIRE] team=2 losTgt=62.62
[WOBBLE_FIRE] team=2 losTgt=61.52
[WOBBLE_FIRE] team=2 losTgt=60.41
[WOBBLE_FIRE] team=2 losTgt=59.28
[WOBBLE_FIRE] team=2 losTgt=58.12
[WOBBLE_FIRE] team=2 losTgt=56.96
[WOBBLE_FIRE] team=2 losTgt=55.76
[WOBBLE_FIRE] team=2 losTgt=54.54
[WOBBLE_FIRE] team=2 losTgt=53.31
[WOBBLE_FIRE] team=2 losTgt=52.05
[WOBBLE_FIRE] team=2 losTgt=50.76
[WOBBLE_FIRE] team=2 losTgt=49.46
[WOBBLE_FIRE] team=2 losTgt=48.12
[WOBBLE_FIRE] team=2 losTgt=46.76
[WOBBLE_FIRE] team=2 losTgt=45.36
[ACTIVE] [RED] LeadPredict dist=707.488 dV=-12.2951 thr=0.737336 om=1.42438 lt=1.99805
[WOBBLE_FIRE] team=2 losTgt=47.80
[WOBBLE_FIRE] team=2 losTgt=51.71
[WOBBLE_FIRE] team=2 losTgt=55.52
[WOBBLE_FIRE] team=2 losTgt=59.24
[WOBBLE_FIRE] team=2 losTgt=62.87
[WOBBLE_FIRE] team=2 losTgt=66.23
[WOBBLE_FIRE] team=2 losTgt=69.01
[WOBBLE_FIRE] team=2 losTgt=70.75
[WOBBLE_FIRE] team=2 losTgt=71.78
[WOBBLE_FIRE] team=2 losTgt=72.47
[WOBBLE_FIRE] team=2 losTgt=73.20
[WOBBLE_FIRE] team=2 losTgt=73.90
[WOBBLE_FIRE] team=2 losTgt=74.56
[WOBBLE_FIRE] team=2 losTgt=75.10
[WOBBLE_FIRE] team=2 losTgt=75.50
[WOBBLE_FIRE] team=2 losTgt=75.78
[WOBBLE_FIRE] team=2 losTgt=75.93
[WOBBLE_FIRE] team=2 losTgt=75.95
[WOBBLE_FIRE] team=2 losTgt=75.87
[WOBBLE_FIRE] team=2 losTgt=75.67
[WOBBLE_FIRE] team=2 losTgt=75.38
[WOBBLE_FIRE] team=2 losTgt=74.99
[WOBBLE_FIRE] team=2 losTgt=74.52
[WOBBLE_FIRE] team=2 losTgt=73.97
[WOBBLE_FIRE] team=2 losTgt=73.34
[WOBBLE_FIRE] team=2 losTgt=72.65
[WOBBLE_FIRE] team=2 losTgt=71.89
[WOBBLE_FIRE] team=2 losTgt=71.08
[WOBBLE_FIRE] team=2 losTgt=70.21
[WOBBLE_FIRE] team=2 losTgt=69.29
[WOBBLE_FIRE] team=2 losTgt=68.32
[WOBBLE_FIRE] team=2 losTgt=67.31
[WOBBLE_FIRE] team=2 losTgt=66.25
[WOBBLE_FIRE] team=2 losTgt=65.16
[WOBBLE_FIRE] team=2 losTgt=64.01
[WOBBLE_FIRE] team=2 losTgt=62.84
[WOBBLE_FIRE] team=2 losTgt=61.62
[WOBBLE_FIRE] team=2 losTgt=60.37
[WOBBLE_FIRE] team=2 losTgt=59.09
[WOBBLE_FIRE] team=2 losTgt=57.77
[WOBBLE_FIRE] team=2 losTgt=56.41
[WOBBLE_FIRE] team=2 losTgt=55.03
[WOBBLE_FIRE] team=2 losTgt=53.60
[WOBBLE_FIRE] team=2 losTgt=52.14
[WOBBLE_FIRE] team=2 losTgt=50.65
[WOBBLE_FIRE] team=2 losTgt=49.12
[WOBBLE_FIRE] team=2 losTgt=47.55
[WOBBLE_FIRE] team=2 losTgt=45.96
[ACTIVE] [RED] LeadPredict dist=1287.88 dV=-20.6291 thr=0.537591 om=1.45985 lt=3
[ACTIVE] [RED] ClimbOut Z=2679.69
[WOBBLE_FIRE] team=2 losTgt=45.36
[WOBBLE_FIRE] team=2 losTgt=48.68
[WOBBLE_FIRE] team=2 losTgt=49.45
[WOBBLE_FIRE] team=2 losTgt=47.91
[WOBBLE_FIRE] team=2 losTgt=49.13
[WOBBLE_FIRE] team=2 losTgt=49.21
[WOBBLE_FIRE] team=2 losTgt=49.45
[WOBBLE_FIRE] team=2 losTgt=49.69
[WOBBLE_FIRE] team=2 losTgt=49.97
[WOBBLE_FIRE] team=2 losTgt=50.28
[WOBBLE_FIRE] team=2 losTgt=50.57
[WOBBLE_FIRE] team=2 losTgt=51.95
[WOBBLE_FIRE] team=2 losTgt=55.88
[WOBBLE_FIRE] team=2 losTgt=57.52
[WOBBLE_FIRE] team=2 losTgt=59.18
[WOBBLE_FIRE] team=2 losTgt=60.07
[WOBBLE_FIRE] team=2 losTgt=60.74
[WOBBLE_FIRE] team=2 losTgt=61.21
[WOBBLE_FIRE] team=2 losTgt=62.19
[WOBBLE_FIRE] team=2 losTgt=63.35
[WOBBLE_FIRE] team=2 losTgt=64.01
[WOBBLE_FIRE] team=2 losTgt=64.09
[WOBBLE_FIRE] team=2 losTgt=63.58
[WOBBLE_FIRE] team=2 losTgt=62.80
[WOBBLE_FIRE] team=2 losTgt=62.17
[WOBBLE_FIRE] team=2 losTgt=61.63
[WOBBLE_FIRE] team=2 losTgt=61.11
[WOBBLE_FIRE] team=2 losTgt=60.64
[WOBBLE_FIRE] team=2 losTgt=60.19
[WOBBLE_FIRE] team=2 losTgt=59.78
[WOBBLE_FIRE] team=2 losTgt=59.37
[WOBBLE_FIRE] team=2 losTgt=58.96
[WOBBLE_FIRE] team=2 losTgt=58.57
[WOBBLE_FIRE] team=2 losTgt=58.18
[WOBBLE_FIRE] team=2 losTgt=57.80
[WOBBLE_FIRE] team=2 losTgt=57.42
[WOBBLE_FIRE] team=2 losTgt=57.06
[WOBBLE_FIRE] team=2 losTgt=56.71
[WOBBLE_FIRE] team=2 losTgt=56.37
[WOBBLE_FIRE] team=2 losTgt=56.00
[WOBBLE_FIRE] team=2 losTgt=55.64
[WOBBLE_FIRE] team=2 losTgt=55.27
[WOBBLE_FIRE] team=2 losTgt=54.91
[WOBBLE_FIRE] team=2 losTgt=54.54
[WOBBLE_FIRE] team=2 losTgt=54.17
[WOBBLE_FIRE] team=2 losTgt=53.80
[ACTIVE] [RED] LeadPredict dist=1540.05 dV=20.0632 thr=0.619143 om=1.27778 lt=3
[WOBBLE_FIRE] team=2 losTgt=53.44
[WOBBLE_FIRE] team=2 losTgt=53.06
[WOBBLE_FIRE] team=2 losTgt=52.69
[WOBBLE_FIRE] team=2 losTgt=52.32
[WOBBLE_FIRE] team=2 losTgt=51.94
[WOBBLE_FIRE] team=2 losTgt=51.57
[WOBBLE_FIRE] team=2 losTgt=51.19
[WOBBLE_FIRE] team=2 losTgt=50.80
[WOBBLE_FIRE] team=2 losTgt=50.41
[WOBBLE_FIRE] team=2 losTgt=50.00
[WOBBLE_FIRE] team=2 losTgt=49.59
[WOBBLE_FIRE] team=2 losTgt=49.16
[WOBBLE_FIRE] team=2 losTgt=48.72
[WOBBLE_FIRE] team=2 losTgt=48.26
[WOBBLE_FIRE] team=2 losTgt=47.79
[WOBBLE_FIRE] team=2 losTgt=47.30
[WOBBLE_FIRE] team=2 losTgt=46.79
[WOBBLE_FIRE] team=2 losTgt=46.26
[WOBBLE_FIRE] team=2 losTgt=45.70
[WOBBLE_FIRE] team=2 losTgt=45.14
[ACTIVE] [RED] LeadPredict dist=1450.5 dV=-6.22473 thr=0.811762 om=1.07659 lt=3
[ACTIVE] [RED] LeadPredict dist=1138.09 dV=-9.87726 thr=1 om=0.983358 lt=3
[ACTIVE] [RED] LeadPredict dist=1166.42 dV=-12.8096 thr=1 om=0.0109541 lt=3
[ACTIVE] [RED] LeadPredict dist=1188.2 dV=1.13177 thr=1 om=0.972668 lt=3
[ACTIVE] [RED] LeadPredict dist=1044.79 dV=3.49817 thr=1 om=1.26924 lt=3
[ACTIVE] [RED] LeadPredict dist=934.03 dV=13.5812 thr=1 om=0.155708 lt=2.56771
[ACTIVE] [RED] LeadPredict dist=844.913 dV=17.4395 thr=0.790726 om=0.855026 lt=0.111426
[ACTIVE] [RED] LeadPredict dist=705.618 dV=13.5298 thr=0.837643 om=1.39951 lt=2.05179
[ACTIVE] [RED] LeadPredict dist=732.334 dV=-3.08664 thr=1 om=0.174917 lt=0
[ACTIVE] [RED] LeadPredict dist=715.515 dV=1.95486 thr=0.976542 om=0.493293 lt=0.465259
[ACTIVE] [RED] LeadPredict dist=624.635 dV=13.7355 thr=0.835174 om=1.32806 lt=0.868095
[ACTIVE] [RED] LeadPredict dist=611.246 dV=6.63626 thr=0.944 om=0.223043 lt=0
[ACTIVE] [RED] LeadPredict dist=509.713 dV=20.1146 thr=0.758625 om=0.139368 lt=0.169791
[ACTIVE] [RED] LeadPredict dist=412.605 dV=6.68771 thr=0.919747 om=0.106152 lt=0.0743735
runner:local/env:0	num_steps=[7471] | total rewards=[965.0524] | termination= [target destroyed]
[seed 4] reward=   965.05 ownHP=1.0000 tgtHP=-0.0014 target destroyed
total: 2
[WOBBLE_FIRE] team=2 losTgt=120.43
[WOBBLE_FIRE] team=2 losTgt=120.44
[WOBBLE_FIRE] team=2 losTgt=120.37
[WOBBLE_FIRE] team=2 losTgt=120.27
[WOBBLE_FIRE] team=2 losTgt=120.16
[WOBBLE_FIRE] team=2 losTgt=120.04
[WOBBLE_FIRE] team=2 losTgt=119.93
[ACTIVE] [RED] LeadPredict dist=2643.72 dV=5.40161 thr=1 om=0 lt=3
[WOBBLE_FIRE] team=2 losTgt=119.83
[WOBBLE_FIRE] team=2 losTgt=119.77
[WOBBLE_FIRE] team=2 losTgt=119.74
[WOBBLE_FIRE] team=2 losTgt=119.73
[WOBBLE_FIRE] team=2 losTgt=119.52
[WOBBLE_FIRE] team=2 losTgt=118.86
[WOBBLE_FIRE] team=2 losTgt=117.73
[WOBBLE_FIRE] team=2 losTgt=116.27
[WOBBLE_FIRE] team=2 losTgt=114.52
[WOBBLE_FIRE] team=2 losTgt=112.86
[WOBBLE_FIRE] team=2 losTgt=111.47
[WOBBLE_FIRE] team=2 losTgt=110.32
[WOBBLE_FIRE] team=2 losTgt=109.30
[WOBBLE_FIRE] team=2 losTgt=108.37
[WOBBLE_FIRE] team=2 losTgt=107.53
[WOBBLE_FIRE] team=2 losTgt=106.76
[WOBBLE_FIRE] team=2 losTgt=106.02
[WOBBLE_FIRE] team=2 losTgt=105.30
[WOBBLE_FIRE] team=2 losTgt=104.60
[WOBBLE_FIRE] team=2 losTgt=103.91
[WOBBLE_FIRE] team=2 losTgt=103.24
[WOBBLE_FIRE] team=2 losTgt=102.58
[WOBBLE_FIRE] team=2 losTgt=101.96
[WOBBLE_FIRE] team=2 losTgt=101.35
[WOBBLE_FIRE] team=2 losTgt=100.77
[WOBBLE_FIRE] team=2 losTgt=100.21
[WOBBLE_FIRE] team=2 losTgt=99.67
[WOBBLE_FIRE] team=2 losTgt=99.15
[WOBBLE_FIRE] team=2 losTgt=98.65
[WOBBLE_FIRE] team=2 losTgt=98.15
[WOBBLE_FIRE] team=2 losTgt=97.89
[WOBBLE_FIRE] team=2 losTgt=97.96
[WOBBLE_FIRE] team=2 losTgt=97.90
[WOBBLE_FIRE] team=2 losTgt=97.53
[WOBBLE_FIRE] team=2 losTgt=96.82
[WOBBLE_FIRE] team=2 losTgt=95.90
[WOBBLE_FIRE] team=2 losTgt=94.98
[WOBBLE_FIRE] team=2 losTgt=94.17
[WOBBLE_FIRE] team=2 losTgt=93.46
[WOBBLE_FIRE] team=2 losTgt=92.82
[WOBBLE_FIRE] team=2 losTgt=92.22
[WOBBLE_FIRE] team=2 losTgt=91.91
[WOBBLE_FIRE] team=2 losTgt=92.02
[WOBBLE_FIRE] team=2 losTgt=91.97
[WOBBLE_FIRE] team=2 losTgt=91.63
[WOBBLE_FIRE] team=2 losTgt=90.98
[WOBBLE_FIRE] team=2 losTgt=90.04
[WOBBLE_FIRE] team=2 losTgt=89.03
[WOBBLE_FIRE] team=2 losTgt=88.18
[WOBBLE_FIRE] team=2 losTgt=87.47
[WOBBLE_FIRE] team=2 losTgt=86.86
[WOBBLE_FIRE] team=2 losTgt=86.32
[WOBBLE_FIRE] team=2 losTgt=85.84
[WOBBLE_FIRE] team=2 losTgt=85.34
[WOBBLE_FIRE] team=2 losTgt=84.84
[WOBBLE_FIRE] team=2 losTgt=84.38
[WOBBLE_FIRE] team=2 losTgt=83.92
[WOBBLE_FIRE] team=2 losTgt=83.43
[WOBBLE_FIRE] team=2 losTgt=82.94
[WOBBLE_FIRE] team=2 losTgt=82.43
[ACTIVE] [RED] LeadPredict dist=1797.3 dV=12.2951 thr=0.701132 om=0.659447 lt=3
[WOBBLE_FIRE] team=2 losTgt=81.89
[WOBBLE_FIRE] team=2 losTgt=81.32
[WOBBLE_FIRE] team=2 losTgt=80.71
[WOBBLE_FIRE] team=2 losTgt=80.10
[WOBBLE_FIRE] team=2 losTgt=79.48
[WOBBLE_FIRE] team=2 losTgt=78.88
[WOBBLE_FIRE] team=2 losTgt=78.28
[WOBBLE_FIRE] team=2 losTgt=77.69
[WOBBLE_FIRE] team=2 losTgt=77.10
[WOBBLE_FIRE] team=2 losTgt=76.51
[WOBBLE_FIRE] team=2 losTgt=75.92
[WOBBLE_FIRE] team=2 losTgt=75.34
[WOBBLE_FIRE] team=2 losTgt=74.75
[WOBBLE_FIRE] team=2 losTgt=74.16
[WOBBLE_FIRE] team=2 losTgt=73.57
[WOBBLE_FIRE] team=2 losTgt=72.98
[WOBBLE_FIRE] team=2 losTgt=72.39
[WOBBLE_FIRE] team=2 losTgt=71.79
[WOBBLE_FIRE] team=2 losTgt=71.19
[WOBBLE_FIRE] team=2 losTgt=70.59
[WOBBLE_FIRE] team=2 losTgt=69.99
[WOBBLE_FIRE] team=2 losTgt=69.38
[WOBBLE_FIRE] team=2 losTgt=68.77
[WOBBLE_FIRE] team=2 losTgt=68.16
[WOBBLE_FIRE] team=2 losTgt=67.54
[WOBBLE_FIRE] team=2 losTgt=66.91
[WOBBLE_FIRE] team=2 losTgt=66.29
[WOBBLE_FIRE] team=2 losTgt=65.65
[WOBBLE_FIRE] team=2 losTgt=65.02
[WOBBLE_FIRE] team=2 losTgt=64.37
[WOBBLE_FIRE] team=2 losTgt=63.72
[WOBBLE_FIRE] team=2 losTgt=63.06
[WOBBLE_FIRE] team=2 losTgt=62.39
[WOBBLE_FIRE] team=2 losTgt=61.71
[WOBBLE_FIRE] team=2 losTgt=61.02
[WOBBLE_FIRE] team=2 losTgt=60.32
[WOBBLE_FIRE] team=2 losTgt=59.60
[WOBBLE_FIRE] team=2 losTgt=58.87
[WOBBLE_FIRE] team=2 losTgt=58.12
[WOBBLE_FIRE] team=2 losTgt=57.35
[WOBBLE_FIRE] team=2 losTgt=56.55
[WOBBLE_FIRE] team=2 losTgt=55.73
[WOBBLE_FIRE] team=2 losTgt=54.88
[WOBBLE_FIRE] team=2 losTgt=53.98
[WOBBLE_FIRE] team=2 losTgt=53.05
[WOBBLE_FIRE] team=2 losTgt=52.06
[WOBBLE_FIRE] team=2 losTgt=51.00
[WOBBLE_FIRE] team=2 losTgt=49.86
[WOBBLE_FIRE] team=2 losTgt=48.61
[WOBBLE_FIRE] team=2 losTgt=47.24
[WOBBLE_FIRE] team=2 losTgt=45.67
[WOBBLE_FIRE] team=2 losTgt=49.83
[ACTIVE] [RED] LeadPredict dist=75.5756 dV=2.00632 thr=0.588752 om=0.224947 lt=0.211836
[WOBBLE_FIRE] team=2 losTgt=82.02
[WOBBLE_FIRE] team=2 losTgt=96.72
[WOBBLE_FIRE] team=2 losTgt=104.26
[WOBBLE_FIRE] team=2 losTgt=108.59
[WOBBLE_FIRE] team=2 losTgt=111.33
[WOBBLE_FIRE] team=2 losTgt=113.21
[WOBBLE_FIRE] team=2 losTgt=114.57
[WOBBLE_FIRE] team=2 losTgt=115.57
[WOBBLE_FIRE] team=2 losTgt=116.33
[WOBBLE_FIRE] team=2 losTgt=116.90
[WOBBLE_FIRE] team=2 losTgt=117.33
[WOBBLE_FIRE] team=2 losTgt=117.66
[WOBBLE_FIRE] team=2 losTgt=117.74
[WOBBLE_FIRE] team=2 losTgt=117.32
[WOBBLE_FIRE] team=2 losTgt=116.02
[WOBBLE_FIRE] team=2 losTgt=114.16
[WOBBLE_FIRE] team=2 losTgt=112.22
[WOBBLE_FIRE] team=2 losTgt=110.58
[WOBBLE_FIRE] team=2 losTgt=109.14
[WOBBLE_FIRE] team=2 losTgt=107.81
[WOBBLE_FIRE] team=2 losTgt=106.53
[WOBBLE_FIRE] team=2 losTgt=105.30
[WOBBLE_FIRE] team=2 losTgt=104.12
[WOBBLE_FIRE] team=2 losTgt=102.94
[WOBBLE_FIRE] team=2 losTgt=101.77
[WOBBLE_FIRE] team=2 losTgt=100.60
[WOBBLE_FIRE] team=2 losTgt=99.43
[WOBBLE_FIRE] team=2 losTgt=98.26
[WOBBLE_FIRE] team=2 losTgt=97.07
[WOBBLE_FIRE] team=2 losTgt=95.89
[WOBBLE_FIRE] team=2 losTgt=94.70
[WOBBLE_FIRE] team=2 losTgt=93.51
[WOBBLE_FIRE] team=2 losTgt=92.30
[WOBBLE_FIRE] team=2 losTgt=91.10
[WOBBLE_FIRE] team=2 losTgt=89.89
[WOBBLE_FIRE] team=2 losTgt=88.67
[WOBBLE_FIRE] team=2 losTgt=87.45
[WOBBLE_FIRE] team=2 losTgt=86.22
[WOBBLE_FIRE] team=2 losTgt=84.98
[WOBBLE_FIRE] team=2 losTgt=83.75
[WOBBLE_FIRE] team=2 losTgt=82.50
[WOBBLE_FIRE] team=2 losTgt=81.25
[WOBBLE_FIRE] team=2 losTgt=79.99
[WOBBLE_FIRE] team=2 losTgt=78.73
[WOBBLE_FIRE] team=2 losTgt=77.47
[WOBBLE_FIRE] team=2 losTgt=76.19
[WOBBLE_FIRE] team=2 losTgt=74.91
[WOBBLE_FIRE] team=2 losTgt=73.63
[WOBBLE_FIRE] team=2 losTgt=72.33
[WOBBLE_FIRE] team=2 losTgt=71.03
[WOBBLE_FIRE] team=2 losTgt=69.72
[WOBBLE_FIRE] team=2 losTgt=68.41
[WOBBLE_FIRE] team=2 losTgt=67.08
[WOBBLE_FIRE] team=2 losTgt=65.75
[WOBBLE_FIRE] team=2 losTgt=64.41
[WOBBLE_FIRE] team=2 losTgt=63.05
[WOBBLE_FIRE] team=2 losTgt=61.69
[WOBBLE_FIRE] team=2 losTgt=60.31
[WOBBLE_FIRE] team=2 losTgt=58.92
[WOBBLE_FIRE] team=2 losTgt=57.52
[ACTIVE] [RED] LeadPredict dist=893.931 dV=-15.7933 thr=0.518351 om=1.32057 lt=2.39449
[WOBBLE_FIRE] team=2 losTgt=56.09
[WOBBLE_FIRE] team=2 losTgt=54.64
[WOBBLE_FIRE] team=2 losTgt=53.16
[WOBBLE_FIRE] team=2 losTgt=51.64
[WOBBLE_FIRE] team=2 losTgt=50.08
[WOBBLE_FIRE] team=2 losTgt=48.46
[WOBBLE_FIRE] team=2 losTgt=46.76
[WOBBLE_FIRE] team=2 losTgt=50.89
[WOBBLE_FIRE] team=2 losTgt=69.80
[WOBBLE_FIRE] team=2 losTgt=82.48
[WOBBLE_FIRE] team=2 losTgt=92.49
[WOBBLE_FIRE] team=2 losTgt=99.22
[WOBBLE_FIRE] team=2 losTgt=104.06
[WOBBLE_FIRE] team=2 losTgt=107.64
[WOBBLE_FIRE] team=2 losTgt=110.35
[WOBBLE_FIRE] team=2 losTgt=112.49
[WOBBLE_FIRE] team=2 losTgt=114.24
[WOBBLE_FIRE] team=2 losTgt=115.36
[WOBBLE_FIRE] team=2 losTgt=115.66
[WOBBLE_FIRE] team=2 losTgt=114.60
[WOBBLE_FIRE] team=2 losTgt=113.31
[WOBBLE_FIRE] team=2 losTgt=112.06
[WOBBLE_FIRE] team=2 losTgt=110.96
[WOBBLE_FIRE] team=2 losTgt=111.08
[WOBBLE_FIRE] team=2 losTgt=113.68
[WOBBLE_FIRE] team=2 losTgt=114.03
[WOBBLE_FIRE] team=2 losTgt=114.98
[WOBBLE_FIRE] team=2 losTgt=115.60
[WOBBLE_FIRE] team=2 losTgt=116.13
[WOBBLE_FIRE] team=2 losTgt=116.59
[WOBBLE_FIRE] team=2 losTgt=117.18
[WOBBLE_FIRE] team=2 losTgt=118.27
[WOBBLE_FIRE] team=2 losTgt=119.75
[WOBBLE_FIRE] team=2 losTgt=121.48
[ACTIVE] [RED] ClimbOut Z=2738.4
[WOBBLE_FIRE] team=2 losTgt=123.00
[WOBBLE_FIRE] team=2 losTgt=124.45
[WOBBLE_FIRE] team=2 losTgt=125.78
[WOBBLE_FIRE] team=2 losTgt=127.08
[WOBBLE_FIRE] team=2 losTgt=128.34
[WOBBLE_FIRE] team=2 losTgt=129.55
[WOBBLE_FIRE] team=2 losTgt=129.58
[WOBBLE_FIRE] team=2 losTgt=127.64
[WOBBLE_FIRE] team=2 losTgt=128.86
[WOBBLE_FIRE] team=2 losTgt=131.32
[WOBBLE_FIRE] team=2 losTgt=130.78
[WOBBLE_FIRE] team=2 losTgt=128.54
[WOBBLE_FIRE] team=2 losTgt=129.05
[WOBBLE_FIRE] team=2 losTgt=130.50
[WOBBLE_FIRE] team=2 losTgt=130.51
[WOBBLE_FIRE] team=2 losTgt=129.08
[WOBBLE_FIRE] team=2 losTgt=128.85
[WOBBLE_FIRE] team=2 losTgt=129.53
[WOBBLE_FIRE] team=2 losTgt=130.18
[WOBBLE_FIRE] team=2 losTgt=129.29
[WOBBLE_FIRE] team=2 losTgt=127.75
[WOBBLE_FIRE] team=2 losTgt=128.27
[WOBBLE_FIRE] team=2 losTgt=128.77
[WOBBLE_FIRE] team=2 losTgt=128.96
[WOBBLE_FIRE] team=2 losTgt=128.12
[WOBBLE_FIRE] team=2 losTgt=128.30
[WOBBLE_FIRE] team=2 losTgt=129.40
[WOBBLE_FIRE] team=2 losTgt=129.64
[WOBBLE_FIRE] team=2 losTgt=128.94
[WOBBLE_FIRE] team=2 losTgt=128.65
[WOBBLE_FIRE] team=2 losTgt=127.94
[WOBBLE_FIRE] team=2 losTgt=125.71
[WOBBLE_FIRE] team=2 losTgt=125.86
[WOBBLE_FIRE] team=2 losTgt=127.13
[WOBBLE_FIRE] team=2 losTgt=126.61
[WOBBLE_FIRE] team=2 losTgt=123.68
[WOBBLE_FIRE] team=2 losTgt=122.90
[WOBBLE_FIRE] team=2 losTgt=124.08
[WOBBLE_FIRE] team=2 losTgt=123.35
[WOBBLE_FIRE] team=2 losTgt=121.36
[WOBBLE_FIRE] team=2 losTgt=121.41
[WOBBLE_FIRE] team=2 losTgt=120.11
[WOBBLE_FIRE] team=2 losTgt=117.56
[WOBBLE_FIRE] team=2 losTgt=117.00
[WOBBLE_FIRE] team=2 losTgt=114.85
[WOBBLE_FIRE] team=2 losTgt=113.48
[ACTIVE] [RED] LeadPredict dist=3415.25 dV=-8.12817 thr=0.956154 om=1.94151 lt=3
[WOBBLE_FIRE] team=2 losTgt=111.93
[WOBBLE_FIRE] team=2 losTgt=110.39
[WOBBLE_FIRE] team=2 losTgt=110.12
[WOBBLE_FIRE] team=2 losTgt=112.32
[WOBBLE_FIRE] team=2 losTgt=111.84
[WOBBLE_FIRE] team=2 losTgt=111.52
[WOBBLE_FIRE] team=2 losTgt=110.87
[WOBBLE_FIRE] team=2 losTgt=110.04
[WOBBLE_FIRE] team=2 losTgt=109.53
[WOBBLE_FIRE] team=2 losTgt=108.85
[WOBBLE_FIRE] team=2 losTgt=107.74
[WOBBLE_FIRE] team=2 losTgt=106.20
[WOBBLE_FIRE] team=2 losTgt=104.54
[WOBBLE_FIRE] team=2 losTgt=102.92
[WOBBLE_FIRE] team=2 losTgt=101.40
[WOBBLE_FIRE] team=2 losTgt=99.88
[WOBBLE_FIRE] team=2 losTgt=98.39
[WOBBLE_FIRE] team=2 losTgt=96.94
[WOBBLE_FIRE] team=2 losTgt=95.51
[WOBBLE_FIRE] team=2 losTgt=94.11
[WOBBLE_FIRE] team=2 losTgt=92.74
[WOBBLE_FIRE] team=2 losTgt=91.38
[WOBBLE_FIRE] team=2 losTgt=90.02
[WOBBLE_FIRE] team=2 losTgt=88.68
[WOBBLE_FIRE] team=2 losTgt=87.34
[WOBBLE_FIRE] team=2 losTgt=86.02
[WOBBLE_FIRE] team=2 losTgt=84.70
[WOBBLE_FIRE] team=2 losTgt=83.40
[WOBBLE_FIRE] team=2 losTgt=82.11
[WOBBLE_FIRE] team=2 losTgt=80.84
[WOBBLE_FIRE] team=2 losTgt=79.58
[WOBBLE_FIRE] team=2 losTgt=78.33
[WOBBLE_FIRE] team=2 losTgt=77.10
[WOBBLE_FIRE] team=2 losTgt=75.86
[WOBBLE_FIRE] team=2 losTgt=74.64
[WOBBLE_FIRE] team=2 losTgt=73.43
[WOBBLE_FIRE] team=2 losTgt=72.22
[WOBBLE_FIRE] team=2 losTgt=71.02
[WOBBLE_FIRE] team=2 losTgt=69.82
[WOBBLE_FIRE] team=2 losTgt=68.62
[WOBBLE_FIRE] team=2 losTgt=67.42
[WOBBLE_FIRE] team=2 losTgt=66.22
[WOBBLE_FIRE] team=2 losTgt=65.02
[WOBBLE_FIRE] team=2 losTgt=63.81
[WOBBLE_FIRE] team=2 losTgt=62.59
[WOBBLE_FIRE] team=2 losTgt=61.37
[WOBBLE_FIRE] team=2 losTgt=60.15
[WOBBLE_FIRE] team=2 losTgt=58.94
[WOBBLE_FIRE] team=2 losTgt=57.74
[WOBBLE_FIRE] team=2 losTgt=56.53
[WOBBLE_FIRE] team=2 losTgt=55.31
[WOBBLE_FIRE] team=2 losTgt=54.08
[WOBBLE_FIRE] team=2 losTgt=52.84
[WOBBLE_FIRE] team=2 losTgt=51.59
[WOBBLE_FIRE] team=2 losTgt=50.32
[WOBBLE_FIRE] team=2 losTgt=49.04
[WOBBLE_FIRE] team=2 losTgt=47.76
[WOBBLE_FIRE] team=2 losTgt=46.45
[WOBBLE_FIRE] team=2 losTgt=45.14
[ACTIVE] [RED] LeadPredict dist=3383.49 dV=24.5902 thr=1 om=0.552214 lt=3
[ACTIVE] [RED] LeadPredict dist=1524.03 dV=26.5965 thr=1 om=1.32287 lt=3
[ACTIVE] [RED] LeadPredict dist=1224 dV=-22.9955 thr=1 om=1.16172 lt=3
[ACTIVE] [RED] LeadPredict dist=1457.2 dV=-6.68771 thr=1 om=0.0736239 lt=3
[ACTIVE] [RED] LeadPredict dist=1297 dV=18.8799 thr=1 om=1.49561 lt=3
[ACTIVE] [RED] LeadPredict dist=1086.2 dV=-10.7518 thr=1 om=0.0876213 lt=3
[ACTIVE] [RED] LeadPredict dist=1148.63 dV=-1.64621 thr=1 om=0.20282 lt=3
[ACTIVE] [RED] LeadPredict dist=980.12 dV=33.953 thr=1 om=1.35092 lt=2.51713
[ACTIVE] [RED] LeadPredict dist=740.032 dV=17.954 thr=0.784552 om=0.0491622 lt=0
[ACTIVE] [RED] LeadPredict dist=706.939 dV=6.27615 thr=0.924686 om=0.0571945 lt=0
[ACTIVE] [RED] LeadPredict dist=616.304 dV=21.0406 thr=0.747513 om=1.19628 lt=0.748526
[ACTIVE] [RED] LeadPredict dist=572.114 dV=9.36282 thr=0.887646 om=0.321937 lt=1.16628
[ACTIVE] [RED] LeadPredict dist=516.819 dV=5.40161 thr=0.935181 om=0.237774 lt=0
[ACTIVE] [RED] LeadPredict dist=476.358 dV=24.4873 thr=0.706152 om=1.47904 lt=1.87939
[ACTIVE] [RED] LeadPredict dist=396.89 dV=2.77797 thr=0.846664 om=0.464955 lt=0.306381
[ACTIVE] [RED] LeadPredict dist=399.387 dV=5.29872 thr=0.922293 om=0.146737 lt=0.471182
[ACTIVE] [RED] LeadPredict dist=330.1 dV=13.2725 thr=0.72073 om=0.622993 lt=1.57929
[ACTIVE] [RED] LeadPredict dist=291.002 dV=5.0415 thr=0.819502 om=0.300572 lt=1.35912
[ACTIVE] [RED] LeadPredict dist=250.762 dV=8.07671 thr=0.78308 om=0.216795 lt=1.01446
[ACTIVE] [RED] LeadPredict dist=269.384 dV=10.2373 thr=0.757152 om=0.553961 lt=0.921263
[WOBBLE_FIRE] team=2 losTgt=45.13
[WOBBLE_FIRE] team=2 losTgt=47.11
[WOBBLE_FIRE] team=2 losTgt=48.67
[WOBBLE_FIRE] team=2 losTgt=49.37
[WOBBLE_FIRE] team=2 losTgt=49.46
[WOBBLE_FIRE] team=2 losTgt=50.03
[WOBBLE_FIRE] team=2 losTgt=51.35
[WOBBLE_FIRE] team=2 losTgt=52.89
[WOBBLE_FIRE] team=2 losTgt=54.31
[WOBBLE_FIRE] team=2 losTgt=55.56
[WOBBLE_FIRE] team=2 losTgt=56.54
[WOBBLE_FIRE] team=2 losTgt=57.25
[WOBBLE_FIRE] team=2 losTgt=57.62
[WOBBLE_FIRE] team=2 losTgt=57.73
[WOBBLE_FIRE] team=2 losTgt=57.64
[WOBBLE_FIRE] team=2 losTgt=57.46
[WOBBLE_FIRE] team=2 losTgt=57.20
[WOBBLE_FIRE] team=2 losTgt=56.93
[WOBBLE_FIRE] team=2 losTgt=56.72
[WOBBLE_FIRE] team=2 losTgt=56.61
[WOBBLE_FIRE] team=2 losTgt=56.68
[WOBBLE_FIRE] team=2 losTgt=56.91
[WOBBLE_FIRE] team=2 losTgt=57.16
[WOBBLE_FIRE] team=2 losTgt=57.34
[WOBBLE_FIRE] team=2 losTgt=57.36
[WOBBLE_FIRE] team=2 losTgt=57.14
[WOBBLE_FIRE] team=2 losTgt=56.65
[WOBBLE_FIRE] team=2 losTgt=55.81
[WOBBLE_FIRE] team=2 losTgt=55.14
[WOBBLE_FIRE] team=2 losTgt=55.88
[WOBBLE_FIRE] team=2 losTgt=56.87
[WOBBLE_FIRE] team=2 losTgt=57.49
[WOBBLE_FIRE] team=2 losTgt=57.81
[WOBBLE_FIRE] team=2 losTgt=57.90
[WOBBLE_FIRE] team=2 losTgt=57.87
[WOBBLE_FIRE] team=2 losTgt=57.65
[WOBBLE_FIRE] team=2 losTgt=57.17
[WOBBLE_FIRE] team=2 losTgt=56.63
[WOBBLE_FIRE] team=2 losTgt=56.10
[WOBBLE_FIRE] team=2 losTgt=55.62
[WOBBLE_FIRE] team=2 losTgt=55.26
[WOBBLE_FIRE] team=2 losTgt=54.98
[WOBBLE_FIRE] team=2 losTgt=54.85
[WOBBLE_FIRE] team=2 losTgt=54.90
[WOBBLE_FIRE] team=2 losTgt=55.16
[WOBBLE_FIRE] team=2 losTgt=55.56
[WOBBLE_FIRE] team=2 losTgt=56.09
[WOBBLE_FIRE] team=2 losTgt=56.69
[WOBBLE_FIRE] team=2 losTgt=57.20
[WOBBLE_FIRE] team=2 losTgt=57.60
[WOBBLE_FIRE] team=2 losTgt=57.92
[WOBBLE_FIRE] team=2 losTgt=58.11
[WOBBLE_FIRE] team=2 losTgt=58.13
[WOBBLE_FIRE] team=2 losTgt=57.99
[WOBBLE_FIRE] team=2 losTgt=57.65
[WOBBLE_FIRE] team=2 losTgt=57.19
[WOBBLE_FIRE] team=2 losTgt=56.64
[WOBBLE_FIRE] team=2 losTgt=55.89
[ACTIVE] [RED] LeadPredict dist=233.229 dV=13.0154 thr=0.699601 om=0.669365 lt=0.705296
[WOBBLE_FIRE] team=2 losTgt=54.84
[WOBBLE_FIRE] team=2 losTgt=53.69
[WOBBLE_FIRE] team=2 losTgt=52.57
[WOBBLE_FIRE] team=2 losTgt=51.50
[WOBBLE_FIRE] team=2 losTgt=50.48
[WOBBLE_FIRE] team=2 losTgt=49.41
[WOBBLE_FIRE] team=2 losTgt=48.18
[WOBBLE_FIRE] team=2 losTgt=46.86
[WOBBLE_FIRE] team=2 losTgt=45.47
[ACTIVE] [RED] LeadPredict dist=69.2244 dV=2.72653 thr=0.667282 om=0.209309 lt=0.209241
[WOBBLE_FIRE] team=2 losTgt=45.93
[WOBBLE_FIRE] team=2 losTgt=47.91
[WOBBLE_FIRE] team=2 losTgt=49.97
[WOBBLE_FIRE] team=2 losTgt=51.62
[WOBBLE_FIRE] team=2 losTgt=52.81
[WOBBLE_FIRE] team=2 losTgt=53.54
[WOBBLE_FIRE] team=2 losTgt=54.11
[WOBBLE_FIRE] team=2 losTgt=54.64
[WOBBLE_FIRE] team=2 losTgt=54.98
[WOBBLE_FIRE] team=2 losTgt=55.24
[WOBBLE_FIRE] team=2 losTgt=55.47
[WOBBLE_FIRE] team=2 losTgt=55.62
[WOBBLE_FIRE] team=2 losTgt=55.86
[WOBBLE_FIRE] team=2 losTgt=56.00
[WOBBLE_FIRE] team=2 losTgt=56.04
[WOBBLE_FIRE] team=2 losTgt=56.07
[WOBBLE_FIRE] team=2 losTgt=56.19
[WOBBLE_FIRE] team=2 losTgt=56.23
[WOBBLE_FIRE] team=2 losTgt=55.92
[WOBBLE_FIRE] team=2 losTgt=55.42
[WOBBLE_FIRE] team=2 losTgt=54.67
[WOBBLE_FIRE] team=2 losTgt=53.85
[WOBBLE_FIRE] team=2 losTgt=53.17
[WOBBLE_FIRE] team=2 losTgt=52.13
[WOBBLE_FIRE] team=2 losTgt=50.61
[WOBBLE_FIRE] team=2 losTgt=48.88
[WOBBLE_FIRE] team=2 losTgt=46.66
[WOBBLE_FIRE] team=2 losTgt=49.58
[WOBBLE_FIRE] team=2 losTgt=58.30
[WOBBLE_FIRE] team=2 losTgt=64.60
[WOBBLE_FIRE] team=2 losTgt=68.83
[WOBBLE_FIRE] team=2 losTgt=71.90
[WOBBLE_FIRE] team=2 losTgt=74.15
[WOBBLE_FIRE] team=2 losTgt=75.87
[WOBBLE_FIRE] team=2 losTgt=77.19
[WOBBLE_FIRE] team=2 losTgt=78.15
[WOBBLE_FIRE] team=2 losTgt=78.83
[WOBBLE_FIRE] team=2 losTgt=79.33
[WOBBLE_FIRE] team=2 losTgt=79.59
[WOBBLE_FIRE] team=2 losTgt=79.73
[WOBBLE_FIRE] team=2 losTgt=79.75
[WOBBLE_FIRE] team=2 losTgt=79.65
[WOBBLE_FIRE] team=2 losTgt=79.49
[WOBBLE_FIRE] team=2 losTgt=79.23
[WOBBLE_FIRE] team=2 losTgt=78.93
[WOBBLE_FIRE] team=2 losTgt=78.53
[ACTIVE] [RED] LeadPredict dist=160.513 dV=11.009 thr=0.653688 om=1.19096 lt=0.470044
[WOBBLE_FIRE] team=2 losTgt=78.11
[WOBBLE_FIRE] team=2 losTgt=77.64
[WOBBLE_FIRE] team=2 losTgt=77.15
[WOBBLE_FIRE] team=2 losTgt=76.67
[WOBBLE_FIRE] team=2 losTgt=76.12
[WOBBLE_FIRE] team=2 losTgt=75.61
[WOBBLE_FIRE] team=2 losTgt=75.02
[WOBBLE_FIRE] team=2 losTgt=74.52
[WOBBLE_FIRE] team=2 losTgt=73.99
[WOBBLE_FIRE] team=2 losTgt=73.49
[WOBBLE_FIRE] team=2 losTgt=73.00
[WOBBLE_FIRE] team=2 losTgt=72.65
[WOBBLE_FIRE] team=2 losTgt=72.38
[WOBBLE_FIRE] team=2 losTgt=72.17
[WOBBLE_FIRE] team=2 losTgt=72.62
[WOBBLE_FIRE] team=2 losTgt=73.99
[WOBBLE_FIRE] team=2 losTgt=80.01
[WOBBLE_FIRE] team=2 losTgt=124.47
[WOBBLE_FIRE] team=2 losTgt=121.21
[WOBBLE_FIRE] team=2 losTgt=115.76
[WOBBLE_FIRE] team=2 losTgt=113.16
[WOBBLE_FIRE] team=2 losTgt=111.55
[WOBBLE_FIRE] team=2 losTgt=110.55
[WOBBLE_FIRE] team=2 losTgt=109.88
[WOBBLE_FIRE] team=2 losTgt=109.06
[WOBBLE_FIRE] team=2 losTgt=107.56
[WOBBLE_FIRE] team=2 losTgt=105.40
[WOBBLE_FIRE] team=2 losTgt=103.10
[WOBBLE_FIRE] team=2 losTgt=101.00
[WOBBLE_FIRE] team=2 losTgt=99.17
[WOBBLE_FIRE] team=2 losTgt=97.60
[WOBBLE_FIRE] team=2 losTgt=96.14
[WOBBLE_FIRE] team=2 losTgt=94.75
[WOBBLE_FIRE] team=2 losTgt=93.40
[WOBBLE_FIRE] team=2 losTgt=92.12
[WOBBLE_FIRE] team=2 losTgt=90.82
[WOBBLE_FIRE] team=2 losTgt=89.56
[WOBBLE_FIRE] team=2 losTgt=88.31
[WOBBLE_FIRE] team=2 losTgt=87.07
[WOBBLE_FIRE] team=2 losTgt=85.86
[WOBBLE_FIRE] team=2 losTgt=84.65
[WOBBLE_FIRE] team=2 losTgt=83.48
[WOBBLE_FIRE] team=2 losTgt=82.31
[WOBBLE_FIRE] team=2 losTgt=81.15
[WOBBLE_FIRE] team=2 losTgt=79.98
[WOBBLE_FIRE] team=2 losTgt=78.82
[WOBBLE_FIRE] team=2 losTgt=77.62
[WOBBLE_FIRE] team=2 losTgt=76.41
[WOBBLE_FIRE] team=2 losTgt=75.18
[WOBBLE_FIRE] team=2 losTgt=74.14
[WOBBLE_FIRE] team=2 losTgt=73.44
[WOBBLE_FIRE] team=2 losTgt=72.88
[WOBBLE_FIRE] team=2 losTgt=72.27
[WOBBLE_FIRE] team=2 losTgt=71.67
[WOBBLE_FIRE] team=2 losTgt=71.10
[WOBBLE_FIRE] team=2 losTgt=70.58
[WOBBLE_FIRE] team=2 losTgt=70.15
[WOBBLE_FIRE] team=2 losTgt=69.66
[WOBBLE_FIRE] team=2 losTgt=69.14
[WOBBLE_FIRE] team=2 losTgt=68.65
[ACTIVE] [RED] LeadPredict dist=249.64 dV=-0.925995 thr=0.674239 om=0.873712 lt=0.741543
[WOBBLE_FIRE] team=2 losTgt=68.13
[WOBBLE_FIRE] team=2 losTgt=67.67
[WOBBLE_FIRE] team=2 losTgt=67.18
[WOBBLE_FIRE] team=2 losTgt=66.63
[WOBBLE_FIRE] team=2 losTgt=66.02
[WOBBLE_FIRE] team=2 losTgt=65.29
[WOBBLE_FIRE] team=2 losTgt=64.28
[WOBBLE_FIRE] team=2 losTgt=63.05
[WOBBLE_FIRE] team=2 losTgt=61.39
[WOBBLE_FIRE] team=2 losTgt=59.03
[WOBBLE_FIRE] team=2 losTgt=55.66
[WOBBLE_FIRE] team=2 losTgt=49.63
[WOBBLE_FIRE] team=2 losTgt=63.25
[WOBBLE_FIRE] team=2 losTgt=86.83
[WOBBLE_FIRE] team=2 losTgt=95.62
[WOBBLE_FIRE] team=2 losTgt=99.95
[WOBBLE_FIRE] team=2 losTgt=102.59
[WOBBLE_FIRE] team=2 losTgt=104.26
[WOBBLE_FIRE] team=2 losTgt=105.23
[WOBBLE_FIRE] team=2 losTgt=105.36
[WOBBLE_FIRE] team=2 losTgt=104.73
[WOBBLE_FIRE] team=2 losTgt=103.67
[WOBBLE_FIRE] team=2 losTgt=102.70
[WOBBLE_FIRE] team=2 losTgt=101.91
[WOBBLE_FIRE] team=2 losTgt=101.21
[WOBBLE_FIRE] team=2 losTgt=100.50
[WOBBLE_FIRE] team=2 losTgt=99.84
[WOBBLE_FIRE] team=2 losTgt=99.17
[WOBBLE_FIRE] team=2 losTgt=98.50
[WOBBLE_FIRE] team=2 losTgt=97.77
[WOBBLE_FIRE] team=2 losTgt=97.04
[WOBBLE_FIRE] team=2 losTgt=96.30
[WOBBLE_FIRE] team=2 losTgt=95.57
[WOBBLE_FIRE] team=2 losTgt=94.84
[WOBBLE_FIRE] team=2 losTgt=94.10
[WOBBLE_FIRE] team=2 losTgt=93.36
[WOBBLE_FIRE] team=2 losTgt=92.61
[WOBBLE_FIRE] team=2 losTgt=91.87
[WOBBLE_FIRE] team=2 losTgt=91.13
[WOBBLE_FIRE] team=2 losTgt=90.41
[WOBBLE_FIRE] team=2 losTgt=89.70
[WOBBLE_FIRE] team=2 losTgt=88.99
[WOBBLE_FIRE] team=2 losTgt=88.29
[WOBBLE_FIRE] team=2 losTgt=87.59
[WOBBLE_FIRE] team=2 losTgt=86.92
[WOBBLE_FIRE] team=2 losTgt=86.26
[WOBBLE_FIRE] team=2 losTgt=85.61
[WOBBLE_FIRE] team=2 losTgt=84.97
[WOBBLE_FIRE] team=2 losTgt=84.36
[WOBBLE_FIRE] team=2 losTgt=83.86
[WOBBLE_FIRE] team=2 losTgt=83.43
[WOBBLE_FIRE] team=2 losTgt=82.93
[WOBBLE_FIRE] team=2 losTgt=82.35
[WOBBLE_FIRE] team=2 losTgt=81.80
[WOBBLE_FIRE] team=2 losTgt=81.29
[WOBBLE_FIRE] team=2 losTgt=80.86
[WOBBLE_FIRE] team=2 losTgt=80.52
[WOBBLE_FIRE] team=2 losTgt=80.26
[ACTIVE] [RED] LeadPredict dist=367.752 dV=6.73917 thr=0.659372 om=1.13101 lt=1.08115
[WOBBLE_FIRE] team=2 losTgt=80.08
[WOBBLE_FIRE] team=2 losTgt=80.01
[WOBBLE_FIRE] team=2 losTgt=80.05
[WOBBLE_FIRE] team=2 losTgt=80.25
[WOBBLE_FIRE] team=2 losTgt=80.64
[WOBBLE_FIRE] team=2 losTgt=81.25
[WOBBLE_FIRE] team=2 losTgt=82.53
[WOBBLE_FIRE] team=2 losTgt=84.66
[WOBBLE_FIRE] team=2 losTgt=86.65
[WOBBLE_FIRE] team=2 losTgt=88.63
[WOBBLE_FIRE] team=2 losTgt=91.09
[WOBBLE_FIRE] team=2 losTgt=95.01
[WOBBLE_FIRE] team=2 losTgt=101.08
[WOBBLE_FIRE] team=2 losTgt=110.23
[WOBBLE_FIRE] team=2 losTgt=124.43
[WOBBLE_FIRE] team=2 losTgt=145.38
[WOBBLE_FIRE] team=2 losTgt=167.26
[WOBBLE_FIRE] team=2 losTgt=173.05
[WOBBLE_FIRE] team=2 losTgt=159.88
[WOBBLE_FIRE] team=2 losTgt=150.37
[WOBBLE_FIRE] team=2 losTgt=143.52
[WOBBLE_FIRE] team=2 losTgt=138.52
[WOBBLE_FIRE] team=2 losTgt=134.68
[WOBBLE_FIRE] team=2 losTgt=131.63
[WOBBLE_FIRE] team=2 losTgt=129.21
[WOBBLE_FIRE] team=2 losTgt=127.22
[WOBBLE_FIRE] team=2 losTgt=125.24
[WOBBLE_FIRE] team=2 losTgt=122.83
[WOBBLE_FIRE] team=2 losTgt=119.93
[WOBBLE_FIRE] team=2 losTgt=116.79
[WOBBLE_FIRE] team=2 losTgt=113.94
[WOBBLE_FIRE] team=2 losTgt=111.55
[WOBBLE_FIRE] team=2 losTgt=109.43
[WOBBLE_FIRE] team=2 losTgt=107.56
[WOBBLE_FIRE] team=2 losTgt=105.83
[WOBBLE_FIRE] team=2 losTgt=104.18
[WOBBLE_FIRE] team=2 losTgt=102.59
[WOBBLE_FIRE] team=2 losTgt=101.07
[WOBBLE_FIRE] team=2 losTgt=99.61
[WOBBLE_FIRE] team=2 losTgt=98.21
[WOBBLE_FIRE] team=2 losTgt=96.85
[WOBBLE_FIRE] team=2 losTgt=95.53
[WOBBLE_FIRE] team=2 losTgt=94.23
[WOBBLE_FIRE] team=2 losTgt=92.96
[WOBBLE_FIRE] team=2 losTgt=91.70
[WOBBLE_FIRE] team=2 losTgt=90.48
[WOBBLE_FIRE] team=2 losTgt=89.24
[WOBBLE_FIRE] team=2 losTgt=88.04
[WOBBLE_FIRE] team=2 losTgt=86.85
[WOBBLE_FIRE] team=2 losTgt=85.64
[WOBBLE_FIRE] team=2 losTgt=84.47
[WOBBLE_FIRE] team=2 losTgt=83.29
[WOBBLE_FIRE] team=2 losTgt=82.12
[WOBBLE_FIRE] team=2 losTgt=80.97
[WOBBLE_FIRE] team=2 losTgt=79.82
[WOBBLE_FIRE] team=2 losTgt=78.69
[WOBBLE_FIRE] team=2 losTgt=77.58
[WOBBLE_FIRE] team=2 losTgt=76.48
[WOBBLE_FIRE] team=2 losTgt=75.37
[WOBBLE_FIRE] team=2 losTgt=74.43
[WOBBLE_FIRE] team=2 losTgt=73.76
[WOBBLE_FIRE] team=2 losTgt=73.27
[WOBBLE_FIRE] team=2 losTgt=72.86
[ACTIVE] [RED] LeadPredict dist=352.693 dV=-4.9386 thr=0.70791 om=0.925492 lt=1.07291
[WOBBLE_FIRE] team=2 losTgt=72.43
[WOBBLE_FIRE] team=2 losTgt=72.06
[WOBBLE_FIRE] team=2 losTgt=71.69
[WOBBLE_FIRE] team=2 losTgt=71.41
[WOBBLE_FIRE] team=2 losTgt=71.22
[WOBBLE_FIRE] team=2 losTgt=71.10
[WOBBLE_FIRE] team=2 losTgt=71.08
[WOBBLE_FIRE] team=2 losTgt=71.21
[WOBBLE_FIRE] team=2 losTgt=71.68
[WOBBLE_FIRE] team=2 losTgt=72.42
[WOBBLE_FIRE] team=2 losTgt=73.82
[WOBBLE_FIRE] team=2 losTgt=76.17
[WOBBLE_FIRE] team=2 losTgt=80.51
[WOBBLE_FIRE] team=2 losTgt=90.79
[WOBBLE_FIRE] team=2 losTgt=123.86
[WOBBLE_FIRE] team=2 losTgt=172.97
[WOBBLE_FIRE] team=2 losTgt=148.39
[WOBBLE_FIRE] team=2 losTgt=137.86
[WOBBLE_FIRE] team=2 losTgt=132.52
[WOBBLE_FIRE] team=2 losTgt=129.50
[WOBBLE_FIRE] team=2 losTgt=127.44
[WOBBLE_FIRE] team=2 losTgt=126.07
[WOBBLE_FIRE] team=2 losTgt=125.08
[WOBBLE_FIRE] team=2 losTgt=124.25
[WOBBLE_FIRE] team=2 losTgt=123.58
[WOBBLE_FIRE] team=2 losTgt=123.06
[WOBBLE_FIRE] team=2 losTgt=122.61
[WOBBLE_FIRE] team=2 losTgt=122.03
[WOBBLE_FIRE] team=2 losTgt=120.88
[WOBBLE_FIRE] team=2 losTgt=119.14
[WOBBLE_FIRE] team=2 losTgt=117.00
[WOBBLE_FIRE] team=2 losTgt=115.08
[WOBBLE_FIRE] team=2 losTgt=113.49
[WOBBLE_FIRE] team=2 losTgt=112.11
[WOBBLE_FIRE] team=2 losTgt=110.86
[WOBBLE_FIRE] team=2 losTgt=109.70
[WOBBLE_FIRE] team=2 losTgt=108.60
[WOBBLE_FIRE] team=2 losTgt=107.53
[WOBBLE_FIRE] team=2 losTgt=106.50
[WOBBLE_FIRE] team=2 losTgt=105.50
[WOBBLE_FIRE] team=2 losTgt=104.50
[WOBBLE_FIRE] team=2 losTgt=103.53
[WOBBLE_FIRE] team=2 losTgt=102.57
[WOBBLE_FIRE] team=2 losTgt=101.62
[WOBBLE_FIRE] team=2 losTgt=100.69
[WOBBLE_FIRE] team=2 losTgt=99.76
[WOBBLE_FIRE] team=2 losTgt=98.84
[WOBBLE_FIRE] team=2 losTgt=97.96
[WOBBLE_FIRE] team=2 losTgt=97.10
[WOBBLE_FIRE] team=2 losTgt=96.24
[WOBBLE_FIRE] team=2 losTgt=95.39
[WOBBLE_FIRE] team=2 losTgt=94.54
[WOBBLE_FIRE] team=2 losTgt=93.72
[WOBBLE_FIRE] team=2 losTgt=92.91
[WOBBLE_FIRE] team=2 losTgt=92.10
[WOBBLE_FIRE] team=2 losTgt=91.30
[WOBBLE_FIRE] team=2 losTgt=90.52
[WOBBLE_FIRE] team=2 losTgt=89.75
[WOBBLE_FIRE] team=2 losTgt=89.02
[WOBBLE_FIRE] team=2 losTgt=88.30
[WOBBLE_FIRE] team=2 losTgt=87.61
[ACTIVE] [RED] LeadPredict dist=777.318 dV=14.5587 thr=0.645379 om=1.17064 lt=2.26333
[WOBBLE_FIRE] team=2 losTgt=86.94
[WOBBLE_FIRE] team=2 losTgt=86.30
[WOBBLE_FIRE] team=2 losTgt=85.68
[WOBBLE_FIRE] team=2 losTgt=85.09
[WOBBLE_FIRE] team=2 losTgt=84.54
[WOBBLE_FIRE] team=2 losTgt=84.02
[WOBBLE_FIRE] team=2 losTgt=83.54
[WOBBLE_FIRE] team=2 losTgt=83.61
[WOBBLE_FIRE] team=2 losTgt=84.54
[WOBBLE_FIRE] team=2 losTgt=84.93
[WOBBLE_FIRE] team=2 losTgt=84.83
[WOBBLE_FIRE] team=2 losTgt=84.31
[WOBBLE_FIRE] team=2 losTgt=83.52
[WOBBLE_FIRE] team=2 losTgt=82.81
[WOBBLE_FIRE] team=2 losTgt=82.45
[WOBBLE_FIRE] team=2 losTgt=82.42
[WOBBLE_FIRE] team=2 losTgt=82.60
[WOBBLE_FIRE] team=2 losTgt=82.99
[WOBBLE_FIRE] team=2 losTgt=83.57
[WOBBLE_FIRE] team=2 losTgt=84.33
[WOBBLE_FIRE] team=2 losTgt=85.23
[WOBBLE_FIRE] team=2 losTgt=86.68
[WOBBLE_FIRE] team=2 losTgt=89.23
[WOBBLE_FIRE] team=2 losTgt=91.25
[WOBBLE_FIRE] team=2 losTgt=92.20
[WOBBLE_FIRE] team=2 losTgt=93.90
[WOBBLE_FIRE] team=2 losTgt=96.28
[WOBBLE_FIRE] team=2 losTgt=100.08
[WOBBLE_FIRE] team=2 losTgt=105.80
[WOBBLE_FIRE] team=2 losTgt=112.66
[WOBBLE_FIRE] team=2 losTgt=121.15
[WOBBLE_FIRE] team=2 losTgt=130.60
[WOBBLE_FIRE] team=2 losTgt=140.85
[WOBBLE_FIRE] team=2 losTgt=151.36
[WOBBLE_FIRE] team=2 losTgt=160.50
[WOBBLE_FIRE] team=2 losTgt=165.18
[WOBBLE_FIRE] team=2 losTgt=163.28
[WOBBLE_FIRE] team=2 losTgt=157.68
[WOBBLE_FIRE] team=2 losTgt=151.42
[WOBBLE_FIRE] team=2 losTgt=145.49
[WOBBLE_FIRE] team=2 losTgt=140.24
[WOBBLE_FIRE] team=2 losTgt=135.76
[WOBBLE_FIRE] team=2 losTgt=131.90
[WOBBLE_FIRE] team=2 losTgt=128.54
[WOBBLE_FIRE] team=2 losTgt=125.50
[WOBBLE_FIRE] team=2 losTgt=122.73
[WOBBLE_FIRE] team=2 losTgt=120.15
[WOBBLE_FIRE] team=2 losTgt=117.73
[WOBBLE_FIRE] team=2 losTgt=115.45
[WOBBLE_FIRE] team=2 losTgt=113.28
[WOBBLE_FIRE] team=2 losTgt=111.21
[WOBBLE_FIRE] team=2 losTgt=109.23
[WOBBLE_FIRE] team=2 losTgt=107.31
[WOBBLE_FIRE] team=2 losTgt=105.47
[WOBBLE_FIRE] team=2 losTgt=103.72
[WOBBLE_FIRE] team=2 losTgt=102.03
[WOBBLE_FIRE] team=2 losTgt=100.40
[WOBBLE_FIRE] team=2 losTgt=98.82
[WOBBLE_FIRE] team=2 losTgt=97.27
[WOBBLE_FIRE] team=2 losTgt=95.75
[WOBBLE_FIRE] team=2 losTgt=94.27
[WOBBLE_FIRE] team=2 losTgt=92.81
[WOBBLE_FIRE] team=2 losTgt=91.37
[WOBBLE_FIRE] team=2 losTgt=89.95
[WOBBLE_FIRE] team=2 losTgt=88.53
[ACTIVE] [RED] LeadPredict dist=637.484 dV=-30.6092 thr=0.704849 om=1.16346 lt=1.93501
[WOBBLE_FIRE] team=2 losTgt=87.12
[WOBBLE_FIRE] team=2 losTgt=85.74
[WOBBLE_FIRE] team=2 losTgt=84.36
[WOBBLE_FIRE] team=2 losTgt=82.97
[WOBBLE_FIRE] team=2 losTgt=81.61
[WOBBLE_FIRE] team=2 losTgt=80.31
[WOBBLE_FIRE] team=2 losTgt=79.37
[WOBBLE_FIRE] team=2 losTgt=78.85
[WOBBLE_FIRE] team=2 losTgt=78.40
[WOBBLE_FIRE] team=2 losTgt=77.88
[WOBBLE_FIRE] team=2 losTgt=77.36
[WOBBLE_FIRE] team=2 losTgt=76.85
[WOBBLE_FIRE] team=2 losTgt=76.42
[WOBBLE_FIRE] team=2 losTgt=75.97
[WOBBLE_FIRE] team=2 losTgt=75.54
[WOBBLE_FIRE] team=2 losTgt=75.15
[WOBBLE_FIRE] team=2 losTgt=74.79
[WOBBLE_FIRE] team=2 losTgt=74.50
[WOBBLE_FIRE] team=2 losTgt=74.36
[WOBBLE_FIRE] team=2 losTgt=74.16
[WOBBLE_FIRE] team=2 losTgt=73.69
[WOBBLE_FIRE] team=2 losTgt=73.38
[WOBBLE_FIRE] team=2 losTgt=73.28
[WOBBLE_FIRE] team=2 losTgt=73.12
[WOBBLE_FIRE] team=2 losTgt=72.92
runner:local/env:0	num_steps=[11999] | total rewards=[963.1044] | termination= [max time out]
[seed 5] reward=   963.10 ownHP=1.0000 tgtHP=0.0235 max time out
total: 2
[WOBBLE_FIRE] team=2 losTgt=64.79
[WOBBLE_FIRE] team=2 losTgt=65.39
[WOBBLE_FIRE] team=2 losTgt=65.94
[WOBBLE_FIRE] team=2 losTgt=66.54
[WOBBLE_FIRE] team=2 losTgt=67.19
[WOBBLE_FIRE] team=2 losTgt=67.88
[WOBBLE_FIRE] team=2 losTgt=68.61
[WOBBLE_FIRE] team=2 losTgt=69.37
[WOBBLE_FIRE] team=2 losTgt=70.14
[WOBBLE_FIRE] team=2 losTgt=70.78
[WOBBLE_FIRE] team=2 losTgt=71.09
[WOBBLE_FIRE] team=2 losTgt=71.01
[WOBBLE_FIRE] team=2 losTgt=70.52
[WOBBLE_FIRE] team=2 losTgt=69.76
[WOBBLE_FIRE] team=2 losTgt=69.08
[WOBBLE_FIRE] team=2 losTgt=68.68
[WOBBLE_FIRE] team=2 losTgt=68.49
[WOBBLE_FIRE] team=2 losTgt=68.41
[WOBBLE_FIRE] team=2 losTgt=68.44
[WOBBLE_FIRE] team=2 losTgt=68.53
[WOBBLE_FIRE] team=2 losTgt=68.70
[WOBBLE_FIRE] team=2 losTgt=68.94
[WOBBLE_FIRE] team=2 losTgt=69.23
[WOBBLE_FIRE] team=2 losTgt=69.56
[WOBBLE_FIRE] team=2 losTgt=69.90
[WOBBLE_FIRE] team=2 losTgt=70.25
[WOBBLE_FIRE] team=2 losTgt=70.61
[WOBBLE_FIRE] team=2 losTgt=70.98
[WOBBLE_FIRE] team=2 losTgt=71.35
[WOBBLE_FIRE] team=2 losTgt=71.74
[WOBBLE_FIRE] team=2 losTgt=72.14
[WOBBLE_FIRE] team=2 losTgt=72.57
[WOBBLE_FIRE] team=2 losTgt=73.02
[WOBBLE_FIRE] team=2 losTgt=73.49
[WOBBLE_FIRE] team=2 losTgt=73.96
[ACTIVE] [RED] LeadPredict dist=2031.07 dV=10.4431 thr=0.790773 om=0.932306 lt=3
[WOBBLE_FIRE] team=2 losTgt=74.46
[WOBBLE_FIRE] team=2 losTgt=74.97
[WOBBLE_FIRE] team=2 losTgt=75.49
[WOBBLE_FIRE] team=2 losTgt=76.03
[WOBBLE_FIRE] team=2 losTgt=76.57
[WOBBLE_FIRE] team=2 losTgt=77.14
[WOBBLE_FIRE] team=2 losTgt=77.71
[WOBBLE_FIRE] team=2 losTgt=78.30
[WOBBLE_FIRE] team=2 losTgt=78.91
[WOBBLE_FIRE] team=2 losTgt=79.52
[WOBBLE_FIRE] team=2 losTgt=80.15
[WOBBLE_FIRE] team=2 losTgt=80.79
[WOBBLE_FIRE] team=2 losTgt=81.45
[WOBBLE_FIRE] team=2 losTgt=82.10
[WOBBLE_FIRE] team=2 losTgt=82.77
[WOBBLE_FIRE] team=2 losTgt=83.45
[WOBBLE_FIRE] team=2 losTgt=84.13
[WOBBLE_FIRE] team=2 losTgt=84.82
[WOBBLE_FIRE] team=2 losTgt=85.52
[WOBBLE_FIRE] team=2 losTgt=86.22
[WOBBLE_FIRE] team=2 losTgt=86.93
[WOBBLE_FIRE] team=2 losTgt=87.64
[WOBBLE_FIRE] team=2 losTgt=88.36
[WOBBLE_FIRE] team=2 losTgt=89.08
[WOBBLE_FIRE] team=2 losTgt=89.80
[WOBBLE_FIRE] team=2 losTgt=90.52
[WOBBLE_FIRE] team=2 losTgt=91.23
[WOBBLE_FIRE] team=2 losTgt=91.94
[WOBBLE_FIRE] team=2 losTgt=92.65
[WOBBLE_FIRE] team=2 losTgt=93.34
[WOBBLE_FIRE] team=2 losTgt=94.03
[WOBBLE_FIRE] team=2 losTgt=94.70
[WOBBLE_FIRE] team=2 losTgt=95.50
[WOBBLE_FIRE] team=2 losTgt=96.33
[WOBBLE_FIRE] team=2 losTgt=96.93
[WOBBLE_FIRE] team=2 losTgt=97.30
[WOBBLE_FIRE] team=2 losTgt=97.61
[WOBBLE_FIRE] team=2 losTgt=97.97
[WOBBLE_FIRE] team=2 losTgt=98.38
[WOBBLE_FIRE] team=2 losTgt=98.81
[WOBBLE_FIRE] team=2 losTgt=99.24
[WOBBLE_FIRE] team=2 losTgt=99.68
[WOBBLE_FIRE] team=2 losTgt=100.14
[WOBBLE_FIRE] team=2 losTgt=100.60
[WOBBLE_FIRE] team=2 losTgt=101.06
[WOBBLE_FIRE] team=2 losTgt=101.50
[WOBBLE_FIRE] team=2 losTgt=101.91
[WOBBLE_FIRE] team=2 losTgt=102.28
[WOBBLE_FIRE] team=2 losTgt=102.62
[WOBBLE_FIRE] team=2 losTgt=102.91
[WOBBLE_FIRE] team=2 losTgt=103.16
[WOBBLE_FIRE] team=2 losTgt=103.37
[WOBBLE_FIRE] team=2 losTgt=103.53
[WOBBLE_FIRE] team=2 losTgt=103.66
[WOBBLE_FIRE] team=2 losTgt=103.74
[WOBBLE_FIRE] team=2 losTgt=103.78
[WOBBLE_FIRE] team=2 losTgt=103.78
[WOBBLE_FIRE] team=2 losTgt=103.75
[WOBBLE_FIRE] team=2 losTgt=103.68
[WOBBLE_FIRE] team=2 losTgt=103.57
[ACTIVE] [RED] LeadPredict dist=1932.97 dV=24.0758 thr=0.691512 om=1.02179 lt=3
[WOBBLE_FIRE] team=2 losTgt=103.43
[WOBBLE_FIRE] team=2 losTgt=103.26
[WOBBLE_FIRE] team=2 losTgt=103.06
[WOBBLE_FIRE] team=2 losTgt=102.83
[WOBBLE_FIRE] team=2 losTgt=102.57
[WOBBLE_FIRE] team=2 losTgt=102.29
[WOBBLE_FIRE] team=2 losTgt=101.98
[WOBBLE_FIRE] team=2 losTgt=101.65
[WOBBLE_FIRE] team=2 losTgt=101.29
[WOBBLE_FIRE] team=2 losTgt=100.91
[WOBBLE_FIRE] team=2 losTgt=100.51
[WOBBLE_FIRE] team=2 losTgt=100.08
[WOBBLE_FIRE] team=2 losTgt=99.64
[WOBBLE_FIRE] team=2 losTgt=99.18
[WOBBLE_FIRE] team=2 losTgt=98.70
[WOBBLE_FIRE] team=2 losTgt=98.20
[WOBBLE_FIRE] team=2 losTgt=97.69
[WOBBLE_FIRE] team=2 losTgt=97.16
[WOBBLE_FIRE] team=2 losTgt=96.62
[WOBBLE_FIRE] team=2 losTgt=96.05
[WOBBLE_FIRE] team=2 losTgt=95.48
[WOBBLE_FIRE] team=2 losTgt=94.89
[WOBBLE_FIRE] team=2 losTgt=94.29
[WOBBLE_FIRE] team=2 losTgt=93.68
[WOBBLE_FIRE] team=2 losTgt=93.05
[WOBBLE_FIRE] team=2 losTgt=92.43
[WOBBLE_FIRE] team=2 losTgt=91.79
[WOBBLE_FIRE] team=2 losTgt=91.14
[WOBBLE_FIRE] team=2 losTgt=90.48
[WOBBLE_FIRE] team=2 losTgt=89.80
[WOBBLE_FIRE] team=2 losTgt=89.10
[WOBBLE_FIRE] team=2 losTgt=88.38
[WOBBLE_FIRE] team=2 losTgt=87.66
[WOBBLE_FIRE] team=2 losTgt=86.91
[WOBBLE_FIRE] team=2 losTgt=86.16
[WOBBLE_FIRE] team=2 losTgt=85.42
[WOBBLE_FIRE] team=2 losTgt=84.68
[WOBBLE_FIRE] team=2 losTgt=83.93
[WOBBLE_FIRE] team=2 losTgt=83.17
[WOBBLE_FIRE] team=2 losTgt=82.40
[WOBBLE_FIRE] team=2 losTgt=81.63
[WOBBLE_FIRE] team=2 losTgt=80.86
[WOBBLE_FIRE] team=2 losTgt=80.08
[WOBBLE_FIRE] team=2 losTgt=79.30
[WOBBLE_FIRE] team=2 losTgt=78.52
[WOBBLE_FIRE] team=2 losTgt=77.73
[WOBBLE_FIRE] team=2 losTgt=76.94
[WOBBLE_FIRE] team=2 losTgt=76.14
[WOBBLE_FIRE] team=2 losTgt=75.34
[WOBBLE_FIRE] team=2 losTgt=74.54
[WOBBLE_FIRE] team=2 losTgt=73.73
[WOBBLE_FIRE] team=2 losTgt=72.91
[WOBBLE_FIRE] team=2 losTgt=72.09
[WOBBLE_FIRE] team=2 losTgt=71.27
[WOBBLE_FIRE] team=2 losTgt=70.44
[WOBBLE_FIRE] team=2 losTgt=69.61
[WOBBLE_FIRE] team=2 losTgt=68.77
[WOBBLE_FIRE] team=2 losTgt=67.92
[WOBBLE_FIRE] team=2 losTgt=67.07
[WOBBLE_FIRE] team=2 losTgt=66.21
[ACTIVE] [RED] LeadPredict dist=1953.46 dV=13.8384 thr=0.591595 om=1.17598 lt=3
[WOBBLE_FIRE] team=2 losTgt=65.34
[WOBBLE_FIRE] team=2 losTgt=64.47
[WOBBLE_FIRE] team=2 losTgt=63.59
[WOBBLE_FIRE] team=2 losTgt=62.70
[WOBBLE_FIRE] team=2 losTgt=61.80
[WOBBLE_FIRE] team=2 losTgt=60.90
[WOBBLE_FIRE] team=2 losTgt=59.98
[WOBBLE_FIRE] team=2 losTgt=59.06
[WOBBLE_FIRE] team=2 losTgt=58.12
[WOBBLE_FIRE] team=2 losTgt=57.18
[WOBBLE_FIRE] team=2 losTgt=56.22
[WOBBLE_FIRE] team=2 losTgt=55.25
[WOBBLE_FIRE] team=2 losTgt=54.27
[WOBBLE_FIRE] team=2 losTgt=53.27
[WOBBLE_FIRE] team=2 losTgt=52.25
[WOBBLE_FIRE] team=2 losTgt=51.22
[WOBBLE_FIRE] team=2 losTgt=50.17
[WOBBLE_FIRE] team=2 losTgt=49.09
[WOBBLE_FIRE] team=2 losTgt=48.00
[WOBBLE_FIRE] team=2 losTgt=46.88
[WOBBLE_FIRE] team=2 losTgt=45.74
[WOBBLE_FIRE] team=2 losTgt=48.85
[WOBBLE_FIRE] team=2 losTgt=54.28
[WOBBLE_FIRE] team=2 losTgt=59.57
[WOBBLE_FIRE] team=2 losTgt=64.52
[WOBBLE_FIRE] team=2 losTgt=69.06
[WOBBLE_FIRE] team=2 losTgt=72.87
[WOBBLE_FIRE] team=2 losTgt=75.85
[WOBBLE_FIRE] team=2 losTgt=78.05
[WOBBLE_FIRE] team=2 losTgt=79.79
[WOBBLE_FIRE] team=2 losTgt=81.26
[WOBBLE_FIRE] team=2 losTgt=82.46
[WOBBLE_FIRE] team=2 losTgt=83.39
[ACTIVE] [RED] LeadPredict dist=751.51 dV=-31.741 thr=0.640351 om=1.08318 lt=2.18067
[WOBBLE_FIRE] team=2 losTgt=84.05
[WOBBLE_FIRE] team=2 losTgt=84.52
[WOBBLE_FIRE] team=2 losTgt=84.84
[WOBBLE_FIRE] team=2 losTgt=85.01
[WOBBLE_FIRE] team=2 losTgt=85.02
[WOBBLE_FIRE] team=2 losTgt=84.92
[WOBBLE_FIRE] team=2 losTgt=84.69
[WOBBLE_FIRE] team=2 losTgt=84.35
[WOBBLE_FIRE] team=2 losTgt=83.91
[WOBBLE_FIRE] team=2 losTgt=83.38
[WOBBLE_FIRE] team=2 losTgt=82.77
[WOBBLE_FIRE] team=2 losTgt=82.09
[WOBBLE_FIRE] team=2 losTgt=81.34
[WOBBLE_FIRE] team=2 losTgt=80.53
[WOBBLE_FIRE] team=2 losTgt=79.66
[WOBBLE_FIRE] team=2 losTgt=78.74
[WOBBLE_FIRE] team=2 losTgt=77.78
[WOBBLE_FIRE] team=2 losTgt=76.76
[WOBBLE_FIRE] team=2 losTgt=75.71
[WOBBLE_FIRE] team=2 losTgt=74.62
[WOBBLE_FIRE] team=2 losTgt=73.49
[WOBBLE_FIRE] team=2 losTgt=72.33
[WOBBLE_FIRE] team=2 losTgt=71.14
[WOBBLE_FIRE] team=2 losTgt=69.92
[WOBBLE_FIRE] team=2 losTgt=68.66
[WOBBLE_FIRE] team=2 losTgt=67.38
[WOBBLE_FIRE] team=2 losTgt=66.07
[WOBBLE_FIRE] team=2 losTgt=64.73
[WOBBLE_FIRE] team=2 losTgt=63.35
[WOBBLE_FIRE] team=2 losTgt=61.96
[WOBBLE_FIRE] team=2 losTgt=60.54
[WOBBLE_FIRE] team=2 losTgt=59.09
[WOBBLE_FIRE] team=2 losTgt=57.61
[WOBBLE_FIRE] team=2 losTgt=56.11
[WOBBLE_FIRE] team=2 losTgt=54.57
[WOBBLE_FIRE] team=2 losTgt=53.01
[WOBBLE_FIRE] team=2 losTgt=51.42
[WOBBLE_FIRE] team=2 losTgt=49.79
[WOBBLE_FIRE] team=2 losTgt=48.13
[WOBBLE_FIRE] team=2 losTgt=46.45
[WOBBLE_FIRE] team=2 losTgt=45.66
[WOBBLE_FIRE] team=2 losTgt=47.29
[ACTIVE] [RED] ClimbOut Z=3229.71
[WOBBLE_FIRE] team=2 losTgt=47.51
[WOBBLE_FIRE] team=2 losTgt=47.67
[WOBBLE_FIRE] team=2 losTgt=47.60
[WOBBLE_FIRE] team=2 losTgt=47.39
[WOBBLE_FIRE] team=2 losTgt=47.09
[WOBBLE_FIRE] team=2 losTgt=46.76
[WOBBLE_FIRE] team=2 losTgt=46.73
[WOBBLE_FIRE] team=2 losTgt=47.51
[WOBBLE_FIRE] team=2 losTgt=48.69
[WOBBLE_FIRE] team=2 losTgt=49.85
[WOBBLE_FIRE] team=2 losTgt=50.89
[WOBBLE_FIRE] team=2 losTgt=51.82
[WOBBLE_FIRE] team=2 losTgt=52.72
[WOBBLE_FIRE] team=2 losTgt=53.64
[WOBBLE_FIRE] team=2 losTgt=54.55
[WOBBLE_FIRE] team=2 losTgt=55.49
[WOBBLE_FIRE] team=2 losTgt=56.43
[WOBBLE_FIRE] team=2 losTgt=57.40
[WOBBLE_FIRE] team=2 losTgt=58.40
[WOBBLE_FIRE] team=2 losTgt=59.43
[WOBBLE_FIRE] team=2 losTgt=60.49
[WOBBLE_FIRE] team=2 losTgt=61.61
[WOBBLE_FIRE] team=2 losTgt=62.76
[WOBBLE_FIRE] team=2 losTgt=63.98
[WOBBLE_FIRE] team=2 losTgt=65.23
[WOBBLE_FIRE] team=2 losTgt=66.56
[WOBBLE_FIRE] team=2 losTgt=67.95
[WOBBLE_FIRE] team=2 losTgt=69.41
[WOBBLE_FIRE] team=2 losTgt=70.94
[WOBBLE_FIRE] team=2 losTgt=72.57
[ACTIVE] [RED] ClimbOut Z=2406.55
[WOBBLE_FIRE] team=2 losTgt=74.28
[WOBBLE_FIRE] team=2 losTgt=76.08
[WOBBLE_FIRE] team=2 losTgt=77.96
[WOBBLE_FIRE] team=2 losTgt=79.95
[WOBBLE_FIRE] team=2 losTgt=82.04
[WOBBLE_FIRE] team=2 losTgt=84.22
[WOBBLE_FIRE] team=2 losTgt=86.49
[WOBBLE_FIRE] team=2 losTgt=88.84
[WOBBLE_FIRE] team=2 losTgt=91.26
[WOBBLE_FIRE] team=2 losTgt=92.69
[WOBBLE_FIRE] team=2 losTgt=92.33
[WOBBLE_FIRE] team=2 losTgt=94.92
[WOBBLE_FIRE] team=2 losTgt=98.62
[WOBBLE_FIRE] team=2 losTgt=99.64
[WOBBLE_FIRE] team=2 losTgt=99.87
[WOBBLE_FIRE] team=2 losTgt=102.16
[WOBBLE_FIRE] team=2 losTgt=104.15
[WOBBLE_FIRE] team=2 losTgt=105.31
[WOBBLE_FIRE] team=2 losTgt=106.89
[WOBBLE_FIRE] team=2 losTgt=107.95
[WOBBLE_FIRE] team=2 losTgt=106.82
[WOBBLE_FIRE] team=2 losTgt=107.34
[WOBBLE_FIRE] team=2 losTgt=108.81
[WOBBLE_FIRE] team=2 losTgt=107.26
[WOBBLE_FIRE] team=2 losTgt=106.74
[WOBBLE_FIRE] team=2 losTgt=107.40
[WOBBLE_FIRE] team=2 losTgt=106.28
[WOBBLE_FIRE] team=2 losTgt=106.03
[WOBBLE_FIRE] team=2 losTgt=105.57
[WOBBLE_FIRE] team=2 losTgt=105.14
[WOBBLE_FIRE] team=2 losTgt=104.72
[WOBBLE_FIRE] team=2 losTgt=104.30
[WOBBLE_FIRE] team=2 losTgt=103.88
[ACTIVE] [RED] LeadPredict dist=671.788 dV=18.0569 thr=0.587003 om=1.35262 lt=1.88083
[WOBBLE_FIRE] team=2 losTgt=103.45
[WOBBLE_FIRE] team=2 losTgt=103.03
[WOBBLE_FIRE] team=2 losTgt=102.59
[WOBBLE_FIRE] team=2 losTgt=102.14
[WOBBLE_FIRE] team=2 losTgt=101.69
[WOBBLE_FIRE] team=2 losTgt=101.25
[WOBBLE_FIRE] team=2 losTgt=100.79
[WOBBLE_FIRE] team=2 losTgt=100.34
[WOBBLE_FIRE] team=2 losTgt=99.88
[WOBBLE_FIRE] team=2 losTgt=99.41
[WOBBLE_FIRE] team=2 losTgt=98.93
[WOBBLE_FIRE] team=2 losTgt=98.42
[WOBBLE_FIRE] team=2 losTgt=97.89
[WOBBLE_FIRE] team=2 losTgt=97.32
[WOBBLE_FIRE] team=2 losTgt=96.72
[WOBBLE_FIRE] team=2 losTgt=96.08
[WOBBLE_FIRE] team=2 losTgt=95.39
[WOBBLE_FIRE] team=2 losTgt=94.68
[WOBBLE_FIRE] team=2 losTgt=93.91
[WOBBLE_FIRE] team=2 losTgt=93.11
[WOBBLE_FIRE] team=2 losTgt=92.31
[WOBBLE_FIRE] team=2 losTgt=91.47
[WOBBLE_FIRE] team=2 losTgt=90.65
[WOBBLE_FIRE] team=2 losTgt=89.84
[WOBBLE_FIRE] team=2 losTgt=89.02
[WOBBLE_FIRE] team=2 losTgt=88.19
[WOBBLE_FIRE] team=2 losTgt=87.35
[WOBBLE_FIRE] team=2 losTgt=86.49
[WOBBLE_FIRE] team=2 losTgt=85.62
[WOBBLE_FIRE] team=2 losTgt=84.73
[WOBBLE_FIRE] team=2 losTgt=83.75
[WOBBLE_FIRE] team=2 losTgt=82.77
[WOBBLE_FIRE] team=2 losTgt=81.75
[WOBBLE_FIRE] team=2 losTgt=80.69
[WOBBLE_FIRE] team=2 losTgt=79.62
[WOBBLE_FIRE] team=2 losTgt=78.50
[WOBBLE_FIRE] team=2 losTgt=77.35
[WOBBLE_FIRE] team=2 losTgt=76.17
[WOBBLE_FIRE] team=2 losTgt=74.98
[WOBBLE_FIRE] team=2 losTgt=73.80
[WOBBLE_FIRE] team=2 losTgt=72.61
[WOBBLE_FIRE] team=2 losTgt=71.41
[WOBBLE_FIRE] team=2 losTgt=70.22
[WOBBLE_FIRE] team=2 losTgt=69.02
[WOBBLE_FIRE] team=2 losTgt=67.83
[WOBBLE_FIRE] team=2 losTgt=66.62
[WOBBLE_FIRE] team=2 losTgt=65.40
[WOBBLE_FIRE] team=2 losTgt=64.18
[WOBBLE_FIRE] team=2 losTgt=62.94
[WOBBLE_FIRE] team=2 losTgt=61.70
[WOBBLE_FIRE] team=2 losTgt=60.44
[WOBBLE_FIRE] team=2 losTgt=59.17
[WOBBLE_FIRE] team=2 losTgt=57.88
[WOBBLE_FIRE] team=2 losTgt=56.56
[WOBBLE_FIRE] team=2 losTgt=55.22
[WOBBLE_FIRE] team=2 losTgt=53.84
[WOBBLE_FIRE] team=2 losTgt=52.44
[WOBBLE_FIRE] team=2 losTgt=50.98
[WOBBLE_FIRE] team=2 losTgt=49.47
[WOBBLE_FIRE] team=2 losTgt=47.91
[ACTIVE] [RED] LeadPredict dist=675.34 dV=-3.29239 thr=0.832314 om=1.19243 lt=2.25523
[WOBBLE_FIRE] team=2 losTgt=46.28
[WOBBLE_FIRE] team=2 losTgt=52.61
[WOBBLE_FIRE] team=2 losTgt=67.06
[WOBBLE_FIRE] team=2 losTgt=80.11
[WOBBLE_FIRE] team=2 losTgt=90.58
[WOBBLE_FIRE] team=2 losTgt=98.49
[WOBBLE_FIRE] team=2 losTgt=104.41
[WOBBLE_FIRE] team=2 losTgt=108.86
[WOBBLE_FIRE] team=2 losTgt=112.25
[WOBBLE_FIRE] team=2 losTgt=114.64
[WOBBLE_FIRE] team=2 losTgt=115.82
[WOBBLE_FIRE] team=2 losTgt=115.66
[WOBBLE_FIRE] team=2 losTgt=114.51
[WOBBLE_FIRE] team=2 losTgt=112.99
[WOBBLE_FIRE] team=2 losTgt=111.55
[WOBBLE_FIRE] team=2 losTgt=110.22
[WOBBLE_FIRE] team=2 losTgt=108.95
[WOBBLE_FIRE] team=2 losTgt=107.70
[WOBBLE_FIRE] team=2 losTgt=106.44
[WOBBLE_FIRE] team=2 losTgt=105.17
[WOBBLE_FIRE] team=2 losTgt=103.88
[WOBBLE_FIRE] team=2 losTgt=102.57
[WOBBLE_FIRE] team=2 losTgt=101.23
[WOBBLE_FIRE] team=2 losTgt=99.86
[WOBBLE_FIRE] team=2 losTgt=98.46
[WOBBLE_FIRE] team=2 losTgt=97.02
[WOBBLE_FIRE] team=2 losTgt=95.55
[WOBBLE_FIRE] team=2 losTgt=94.04
[WOBBLE_FIRE] team=2 losTgt=92.50
[WOBBLE_FIRE] team=2 losTgt=90.96
[WOBBLE_FIRE] team=2 losTgt=89.42
[WOBBLE_FIRE] team=2 losTgt=87.87
[WOBBLE_FIRE] team=2 losTgt=86.32
[WOBBLE_FIRE] team=2 losTgt=84.76
[WOBBLE_FIRE] team=2 losTgt=83.20
[WOBBLE_FIRE] team=2 losTgt=81.61
[WOBBLE_FIRE] team=2 losTgt=80.02
[WOBBLE_FIRE] team=2 losTgt=78.43
[WOBBLE_FIRE] team=2 losTgt=76.83
[WOBBLE_FIRE] team=2 losTgt=75.23
[WOBBLE_FIRE] team=2 losTgt=73.61
[WOBBLE_FIRE] team=2 losTgt=71.98
[WOBBLE_FIRE] team=2 losTgt=70.35
[ACTIVE] [RED] LeadPredict dist=1198.62 dV=-31.4837 thr=1 om=1.42555 lt=3
[WOBBLE_FIRE] team=2 losTgt=68.70
[WOBBLE_FIRE] team=2 losTgt=67.04
[WOBBLE_FIRE] team=2 losTgt=65.37
[WOBBLE_FIRE] team=2 losTgt=63.69
[WOBBLE_FIRE] team=2 losTgt=62.00
[WOBBLE_FIRE] team=2 losTgt=60.29
[WOBBLE_FIRE] team=2 losTgt=58.58
[WOBBLE_FIRE] team=2 losTgt=56.85
[WOBBLE_FIRE] team=2 losTgt=55.11
[WOBBLE_FIRE] team=2 losTgt=53.35
[WOBBLE_FIRE] team=2 losTgt=51.59
[WOBBLE_FIRE] team=2 losTgt=49.80
[WOBBLE_FIRE] team=2 losTgt=47.99
[WOBBLE_FIRE] team=2 losTgt=46.17
[WOBBLE_FIRE] team=2 losTgt=46.74
[WOBBLE_FIRE] team=2 losTgt=49.53
[WOBBLE_FIRE] team=2 losTgt=51.64
[WOBBLE_FIRE] team=2 losTgt=53.06
[WOBBLE_FIRE] team=2 losTgt=54.24
[WOBBLE_FIRE] team=2 losTgt=55.53
[WOBBLE_FIRE] team=2 losTgt=56.97
[WOBBLE_FIRE] team=2 losTgt=58.48
[WOBBLE_FIRE] team=2 losTgt=59.99
[WOBBLE_FIRE] team=2 losTgt=61.45
[ACTIVE] [RED] LeadPredict dist=617.437 dV=22.1209 thr=0.878148 om=0.394581 lt=2.56675
[WOBBLE_FIRE] team=2 losTgt=62.84
[WOBBLE_FIRE] team=2 losTgt=64.13
[WOBBLE_FIRE] team=2 losTgt=65.31
[WOBBLE_FIRE] team=2 losTgt=66.37
[WOBBLE_FIRE] team=2 losTgt=67.31
[WOBBLE_FIRE] team=2 losTgt=68.15
[WOBBLE_FIRE] team=2 losTgt=68.87
[WOBBLE_FIRE] team=2 losTgt=69.50
[WOBBLE_FIRE] team=2 losTgt=70.02
[WOBBLE_FIRE] team=2 losTgt=70.43
[WOBBLE_FIRE] team=2 losTgt=70.71
[WOBBLE_FIRE] team=2 losTgt=70.91
[WOBBLE_FIRE] team=2 losTgt=71.01
[WOBBLE_FIRE] team=2 losTgt=71.01
[WOBBLE_FIRE] team=2 losTgt=70.94
[WOBBLE_FIRE] team=2 losTgt=70.79
[WOBBLE_FIRE] team=2 losTgt=70.57
[WOBBLE_FIRE] team=2 losTgt=70.28
[WOBBLE_FIRE] team=2 losTgt=69.93
[WOBBLE_FIRE] team=2 losTgt=69.53
[WOBBLE_FIRE] team=2 losTgt=69.08
[WOBBLE_FIRE] team=2 losTgt=68.58
[WOBBLE_FIRE] team=2 losTgt=68.04
[WOBBLE_FIRE] team=2 losTgt=67.46
[WOBBLE_FIRE] team=2 losTgt=66.83
[WOBBLE_FIRE] team=2 losTgt=66.17
[WOBBLE_FIRE] team=2 losTgt=65.47
[WOBBLE_FIRE] team=2 losTgt=64.74
[WOBBLE_FIRE] team=2 losTgt=63.98
[WOBBLE_FIRE] team=2 losTgt=63.19
[WOBBLE_FIRE] team=2 losTgt=62.36
[WOBBLE_FIRE] team=2 losTgt=61.51
[WOBBLE_FIRE] team=2 losTgt=60.63
[WOBBLE_FIRE] team=2 losTgt=59.74
[WOBBLE_FIRE] team=2 losTgt=58.82
[WOBBLE_FIRE] team=2 losTgt=57.88
[WOBBLE_FIRE] team=2 losTgt=56.92
[WOBBLE_FIRE] team=2 losTgt=55.94
[WOBBLE_FIRE] team=2 losTgt=54.94
[WOBBLE_FIRE] team=2 losTgt=53.92
[WOBBLE_FIRE] team=2 losTgt=52.89
[WOBBLE_FIRE] team=2 losTgt=51.84
[WOBBLE_FIRE] team=2 losTgt=50.77
[WOBBLE_FIRE] team=2 losTgt=49.69
[WOBBLE_FIRE] team=2 losTgt=48.59
[WOBBLE_FIRE] team=2 losTgt=47.47
[WOBBLE_FIRE] team=2 losTgt=46.33
[WOBBLE_FIRE] team=2 losTgt=45.19
[ACTIVE] [RED] LeadPredict dist=1009.43 dV=13.2726 thr=1 om=0.391814 lt=3
[WOBBLE_FIRE] team=2 losTgt=47.49
[WOBBLE_FIRE] team=2 losTgt=50.15
[WOBBLE_FIRE] team=2 losTgt=52.86
[WOBBLE_FIRE] team=2 losTgt=55.64
[WOBBLE_FIRE] team=2 losTgt=58.45
[WOBBLE_FIRE] team=2 losTgt=61.25
[WOBBLE_FIRE] team=2 losTgt=63.85
[WOBBLE_FIRE] team=2 losTgt=66.04
[WOBBLE_FIRE] team=2 losTgt=67.62
[WOBBLE_FIRE] team=2 losTgt=68.54
[WOBBLE_FIRE] team=2 losTgt=68.87
[WOBBLE_FIRE] team=2 losTgt=68.90
[WOBBLE_FIRE] team=2 losTgt=68.89
[WOBBLE_FIRE] team=2 losTgt=68.97
[WOBBLE_FIRE] team=2 losTgt=69.15
[WOBBLE_FIRE] team=2 losTgt=69.41
[WOBBLE_FIRE] team=2 losTgt=69.69
[WOBBLE_FIRE] team=2 losTgt=69.99
[ACTIVE] [RED] LeadPredict dist=730.496 dV=-19.3429 thr=1 om=0.529865 lt=3
[WOBBLE_FIRE] team=2 losTgt=70.27
[WOBBLE_FIRE] team=2 losTgt=70.51
[WOBBLE_FIRE] team=2 losTgt=70.71
[WOBBLE_FIRE] team=2 losTgt=70.86
[WOBBLE_FIRE] team=2 losTgt=70.96
[WOBBLE_FIRE] team=2 losTgt=71.01
[WOBBLE_FIRE] team=2 losTgt=70.99
[WOBBLE_FIRE] team=2 losTgt=70.91
[WOBBLE_FIRE] team=2 losTgt=70.77
[WOBBLE_FIRE] team=2 losTgt=70.56
[WOBBLE_FIRE] team=2 losTgt=70.28
[WOBBLE_FIRE] team=2 losTgt=69.94
[WOBBLE_FIRE] team=2 losTgt=69.54
[WOBBLE_FIRE] team=2 losTgt=69.09
[WOBBLE_FIRE] team=2 losTgt=68.58
[WOBBLE_FIRE] team=2 losTgt=68.02
[WOBBLE_FIRE] team=2 losTgt=67.42
[WOBBLE_FIRE] team=2 losTgt=66.77
[WOBBLE_FIRE] team=2 losTgt=66.08
[WOBBLE_FIRE] team=2 losTgt=65.36
[WOBBLE_FIRE] team=2 losTgt=64.60
[WOBBLE_FIRE] team=2 losTgt=63.80
[WOBBLE_FIRE] team=2 losTgt=62.97
[WOBBLE_FIRE] team=2 losTgt=62.11
[WOBBLE_FIRE] team=2 losTgt=61.22
[WOBBLE_FIRE] team=2 losTgt=60.31
[WOBBLE_FIRE] team=2 losTgt=59.36
[WOBBLE_FIRE] team=2 losTgt=58.39
[WOBBLE_FIRE] team=2 losTgt=57.39
[WOBBLE_FIRE] team=2 losTgt=56.37
[WOBBLE_FIRE] team=2 losTgt=55.32
[WOBBLE_FIRE] team=2 losTgt=54.25
[WOBBLE_FIRE] team=2 losTgt=53.16
[WOBBLE_FIRE] team=2 losTgt=52.05
[WOBBLE_FIRE] team=2 losTgt=50.91
[WOBBLE_FIRE] team=2 losTgt=49.76
[WOBBLE_FIRE] team=2 losTgt=48.59
[WOBBLE_FIRE] team=2 losTgt=47.39
[WOBBLE_FIRE] team=2 losTgt=46.18
[ACTIVE] [RED] LeadPredict dist=1286.71 dV=-22.8411 thr=1 om=0.439063 lt=3
[ACTIVE] [RED] LeadPredict dist=945.501 dV=49.592 thr=1 om=1.10715 lt=3
[ACTIVE] [RED] LeadPredict dist=806.687 dV=15.6904 thr=0.811715 om=0.0241179 lt=3
[ACTIVE] [RED] LeadPredict dist=797.457 dV=5.45306 thr=0.934563 om=0.223835 lt=0
[ACTIVE] [RED] LeadPredict dist=688.937 dV=13.3754 thr=0.839495 om=1.03533 lt=1.9128
[ACTIVE] [RED] LeadPredict dist=747.462 dV=-4.11552 thr=1 om=0.124254 lt=3
[ACTIVE] [RED] LeadPredict dist=874.542 dV=-4.11552 thr=1 om=0.166633 lt=3
[ACTIVE] [RED] LeadPredict dist=727.096 dV=21.9151 thr=0.737018 om=1.28699 lt=2.51624
[ACTIVE] [RED] LeadPredict dist=988.433 dV=8.23105 thr=0.766286 om=0.170062 lt=3
[ACTIVE] [RED] LeadPredict dist=844.165 dV=4.01263 thr=0.712064 om=1.13552 lt=2.57564
[ACTIVE] [RED] LeadPredict dist=1004.91 dV=0.0514526 thr=0.758852 om=0.0245232 lt=3
[ACTIVE] [RED] LeadPredict dist=1041.7 dV=-2.52075 thr=1 om=0.0152269 lt=3
[ACTIVE] [RED] LeadPredict dist=959.068 dV=6.32761 thr=0.76563 om=1.15789 lt=3
[ACTIVE] [RED] LeadPredict dist=1242.34 dV=-19.1372 thr=0.794708 om=0.0806081 lt=3
[ACTIVE] [RED] LeadPredict dist=1423.74 dV=-14.1985 thr=0.84 om=0.0172755 lt=3
[ACTIVE] [RED] LeadPredict dist=1328.59 dV=14.3529 thr=1 om=1.34915 lt=3
[ACTIVE] [RED] LeadPredict dist=1008.7 dV=16.4106 thr=1 om=0.0431261 lt=2.87967
[ACTIVE] [RED] LeadPredict dist=970.865 dV=-2.36642 thr=1 om=0.0670993 lt=2.90656
[ACTIVE] [RED] LeadPredict dist=920.073 dV=5.76172 thr=1 om=1.2423 lt=2.77329
[ACTIVE] [RED] LeadPredict dist=884.252 dV=-6.37906 thr=1 om=0.114452 lt=1.00453
[ACTIVE] [RED] LeadPredict dist=960.311 dV=-1.44043 thr=1 om=1.58605 lt=2.55189
[ACTIVE] [RED] LeadPredict dist=701.941 dV=27.0081 thr=0.675903 om=1.44679 lt=1.8909
runner:local/env:0	num_steps=[11999] | total rewards=[956.6827] | termination= [max time out]
[seed 6] reward=   956.68 ownHP=1.0000 tgtHP=0.3644 max time out
total: 2
[WOBBLE_FIRE] team=2 losTgt=54.16
[WOBBLE_FIRE] team=2 losTgt=53.89
[WOBBLE_FIRE] team=2 losTgt=53.00
[WOBBLE_FIRE] team=2 losTgt=52.06
[ACTIVE] [RED] LeadPredict dist=2757.47 dV=0.82309 thr=1 om=0 lt=3
[WOBBLE_FIRE] team=2 losTgt=51.10
[WOBBLE_FIRE] team=2 losTgt=50.02
[WOBBLE_FIRE] team=2 losTgt=48.72
[WOBBLE_FIRE] team=2 losTgt=47.21
[WOBBLE_FIRE] team=2 losTgt=45.72
[WOBBLE_FIRE] team=2 losTgt=45.69
[ACTIVE] [RED] LeadPredict dist=571.31 dV=-2.67508 thr=0.799081 om=0.295538 lt=1.85928
[WOBBLE_FIRE] team=2 losTgt=49.90
[WOBBLE_FIRE] team=2 losTgt=54.29
[WOBBLE_FIRE] team=2 losTgt=58.78
[WOBBLE_FIRE] team=2 losTgt=63.25
[WOBBLE_FIRE] team=2 losTgt=67.63
[WOBBLE_FIRE] team=2 losTgt=71.82
[WOBBLE_FIRE] team=2 losTgt=75.76
[WOBBLE_FIRE] team=2 losTgt=79.39
[WOBBLE_FIRE] team=2 losTgt=82.70
[WOBBLE_FIRE] team=2 losTgt=85.69
[WOBBLE_FIRE] team=2 losTgt=88.34
[WOBBLE_FIRE] team=2 losTgt=90.67
[WOBBLE_FIRE] team=2 losTgt=92.72
[WOBBLE_FIRE] team=2 losTgt=94.49
[WOBBLE_FIRE] team=2 losTgt=96.02
[WOBBLE_FIRE] team=2 losTgt=97.32
[WOBBLE_FIRE] team=2 losTgt=98.39
[WOBBLE_FIRE] team=2 losTgt=99.28
[WOBBLE_FIRE] team=2 losTgt=100.00
[WOBBLE_FIRE] team=2 losTgt=100.58
[WOBBLE_FIRE] team=2 losTgt=101.04
[WOBBLE_FIRE] team=2 losTgt=101.40
[WOBBLE_FIRE] team=2 losTgt=101.66
[WOBBLE_FIRE] team=2 losTgt=101.84
[WOBBLE_FIRE] team=2 losTgt=101.93
[WOBBLE_FIRE] team=2 losTgt=101.95
[WOBBLE_FIRE] team=2 losTgt=101.90
[WOBBLE_FIRE] team=2 losTgt=101.80
[WOBBLE_FIRE] team=2 losTgt=101.63
[WOBBLE_FIRE] team=2 losTgt=101.40
[WOBBLE_FIRE] team=2 losTgt=101.14
[WOBBLE_FIRE] team=2 losTgt=100.83
[WOBBLE_FIRE] team=2 losTgt=100.48
[WOBBLE_FIRE] team=2 losTgt=100.10
[WOBBLE_FIRE] team=2 losTgt=99.69
[WOBBLE_FIRE] team=2 losTgt=99.26
[WOBBLE_FIRE] team=2 losTgt=98.79
[WOBBLE_FIRE] team=2 losTgt=98.31
[WOBBLE_FIRE] team=2 losTgt=97.79
[WOBBLE_FIRE] team=2 losTgt=97.26
[WOBBLE_FIRE] team=2 losTgt=96.70
[WOBBLE_FIRE] team=2 losTgt=96.12
[WOBBLE_FIRE] team=2 losTgt=95.52
[WOBBLE_FIRE] team=2 losTgt=94.90
[WOBBLE_FIRE] team=2 losTgt=94.26
[WOBBLE_FIRE] team=2 losTgt=93.60
[WOBBLE_FIRE] team=2 losTgt=92.93
[WOBBLE_FIRE] team=2 losTgt=92.25
[WOBBLE_FIRE] team=2 losTgt=91.54
[WOBBLE_FIRE] team=2 losTgt=90.83
[WOBBLE_FIRE] team=2 losTgt=90.11
[WOBBLE_FIRE] team=2 losTgt=89.37
[WOBBLE_FIRE] team=2 losTgt=88.62
[WOBBLE_FIRE] team=2 losTgt=87.86
[WOBBLE_FIRE] team=2 losTgt=87.09
[WOBBLE_FIRE] team=2 losTgt=86.32
[WOBBLE_FIRE] team=2 losTgt=85.53
[WOBBLE_FIRE] team=2 losTgt=84.73
[WOBBLE_FIRE] team=2 losTgt=83.94
[WOBBLE_FIRE] team=2 losTgt=83.14
[ACTIVE] [RED] LeadPredict dist=2297.54 dV=-16.8736 thr=0.764755 om=1.06607 lt=3
[WOBBLE_FIRE] team=2 losTgt=82.32
[WOBBLE_FIRE] team=2 losTgt=81.49
[WOBBLE_FIRE] team=2 losTgt=80.64
[WOBBLE_FIRE] team=2 losTgt=79.78
[WOBBLE_FIRE] team=2 losTgt=78.91
[WOBBLE_FIRE] team=2 losTgt=78.02
[WOBBLE_FIRE] team=2 losTgt=77.13
[WOBBLE_FIRE] team=2 losTgt=76.23
[WOBBLE_FIRE] team=2 losTgt=75.33
[WOBBLE_FIRE] team=2 losTgt=74.41
[WOBBLE_FIRE] team=2 losTgt=73.49
[WOBBLE_FIRE] team=2 losTgt=72.56
[WOBBLE_FIRE] team=2 losTgt=71.62
[WOBBLE_FIRE] team=2 losTgt=70.68
[WOBBLE_FIRE] team=2 losTgt=69.73
[WOBBLE_FIRE] team=2 losTgt=68.77
[WOBBLE_FIRE] team=2 losTgt=67.80
[WOBBLE_FIRE] team=2 losTgt=66.83
[WOBBLE_FIRE] team=2 losTgt=65.85
[WOBBLE_FIRE] team=2 losTgt=64.87
[WOBBLE_FIRE] team=2 losTgt=63.88
[WOBBLE_FIRE] team=2 losTgt=62.88
[WOBBLE_FIRE] team=2 losTgt=61.87
[WOBBLE_FIRE] team=2 losTgt=60.86
[WOBBLE_FIRE] team=2 losTgt=59.84
[WOBBLE_FIRE] team=2 losTgt=58.81
[WOBBLE_FIRE] team=2 losTgt=57.77
[WOBBLE_FIRE] team=2 losTgt=56.73
[WOBBLE_FIRE] team=2 losTgt=55.67
[WOBBLE_FIRE] team=2 losTgt=54.61
[WOBBLE_FIRE] team=2 losTgt=53.54
[WOBBLE_FIRE] team=2 losTgt=52.46
[WOBBLE_FIRE] team=2 losTgt=51.37
[WOBBLE_FIRE] team=2 losTgt=50.27
[WOBBLE_FIRE] team=2 losTgt=49.16
[WOBBLE_FIRE] team=2 losTgt=48.04
[WOBBLE_FIRE] team=2 losTgt=46.91
[WOBBLE_FIRE] team=2 losTgt=45.77
[ACTIVE] [RED] LeadPredict dist=1350.04 dV=-27.6769 thr=0.692605 om=0.253816 lt=3
[WOBBLE_FIRE] team=2 losTgt=47.10
[WOBBLE_FIRE] team=2 losTgt=49.19
[WOBBLE_FIRE] team=2 losTgt=51.17
[WOBBLE_FIRE] team=2 losTgt=53.05
[WOBBLE_FIRE] team=2 losTgt=54.81
[WOBBLE_FIRE] team=2 losTgt=56.43
[WOBBLE_FIRE] team=2 losTgt=57.92
[WOBBLE_FIRE] team=2 losTgt=59.28
[WOBBLE_FIRE] team=2 losTgt=60.50
[WOBBLE_FIRE] team=2 losTgt=61.58
[WOBBLE_FIRE] team=2 losTgt=62.54
[WOBBLE_FIRE] team=2 losTgt=63.36
[WOBBLE_FIRE] team=2 losTgt=64.04
[WOBBLE_FIRE] team=2 losTgt=64.60
[WOBBLE_FIRE] team=2 losTgt=65.04
[WOBBLE_FIRE] team=2 losTgt=65.33
[WOBBLE_FIRE] team=2 losTgt=65.52
[WOBBLE_FIRE] team=2 losTgt=65.60
[WOBBLE_FIRE] team=2 losTgt=65.58
[WOBBLE_FIRE] team=2 losTgt=65.47
[WOBBLE_FIRE] team=2 losTgt=65.27
[WOBBLE_FIRE] team=2 losTgt=64.99
[WOBBLE_FIRE] team=2 losTgt=64.64
[WOBBLE_FIRE] team=2 losTgt=64.21
[WOBBLE_FIRE] team=2 losTgt=63.72
[WOBBLE_FIRE] team=2 losTgt=63.17
[WOBBLE_FIRE] team=2 losTgt=62.57
[WOBBLE_FIRE] team=2 losTgt=61.90
[WOBBLE_FIRE] team=2 losTgt=61.19
[WOBBLE_FIRE] team=2 losTgt=60.42
[WOBBLE_FIRE] team=2 losTgt=59.62
[ACTIVE] [RED] LeadPredict dist=1416.42 dV=-16.6164 thr=0.650408 om=1.34826 lt=3
[WOBBLE_FIRE] team=2 losTgt=58.76
[WOBBLE_FIRE] team=2 losTgt=57.87
[WOBBLE_FIRE] team=2 losTgt=56.93
[WOBBLE_FIRE] team=2 losTgt=55.96
[WOBBLE_FIRE] team=2 losTgt=54.94
[WOBBLE_FIRE] team=2 losTgt=53.89
[WOBBLE_FIRE] team=2 losTgt=52.80
[WOBBLE_FIRE] team=2 losTgt=51.68
[WOBBLE_FIRE] team=2 losTgt=50.52
[WOBBLE_FIRE] team=2 losTgt=49.33
[WOBBLE_FIRE] team=2 losTgt=48.10
[WOBBLE_FIRE] team=2 losTgt=46.85
[WOBBLE_FIRE] team=2 losTgt=45.55
[ACTIVE] [RED] LeadPredict dist=1065.11 dV=-14.6615 thr=0.655437 om=1.31628 lt=3
[ACTIVE] [RED] LeadPredict dist=1398.23 dV=0.720215 thr=0.658279 om=1.36412 lt=3
[ACTIVE] [RED] LeadPredict dist=1146.58 dV=-12.0894 thr=0.773501 om=1.24009 lt=3
[ACTIVE] [RED] LeadPredict dist=1204.89 dV=-0.514435 thr=1 om=1.29387 lt=3
[ACTIVE] [RED] LeadPredict dist=1105.44 dV=8.74548 thr=1 om=0.82638 lt=3
[ACTIVE] [RED] LeadPredict dist=943.999 dV=26.5451 thr=0.606025 om=1.37152 lt=2.67649
[ACTIVE] [RED] LeadPredict dist=841.32 dV=-1.85199 thr=1 om=1.0212 lt=2.04201
[ACTIVE] [RED] LeadPredict dist=824.312 dV=6.12183 thr=0.926538 om=0.0173372 lt=0
[ACTIVE] [RED] LeadPredict dist=704.931 dV=13.5298 thr=0.837643 om=1.30879 lt=1.01118
[ACTIVE] [RED] LeadPredict dist=670.577 dV=7.45938 thr=0.910487 om=0.249353 lt=0.679173
[ACTIVE] [RED] LeadPredict dist=594.256 dV=18.3141 thr=0.782827 om=0.213251 lt=1.27339
[ACTIVE] [RED] LeadPredict dist=467.764 dV=20.8348 thr=0.749982 om=0.843981 lt=0.529707
[ACTIVE] [RED] LeadPredict dist=418.508 dV=12.1922 thr=0.853693 om=0.165629 lt=0.301352
[ACTIVE] [RED] LeadPredict dist=361.677 dV=-0.257233 thr=0.883087 om=0.0331314 lt=0
runner:local/env:0	num_steps=[6536] | total rewards=[854.3832] | termination= [target destroyed]
[seed 7] reward=   854.38 ownHP=1.0000 tgtHP=-0.0110 target destroyed
total: 2
[WOBBLE_FIRE] team=2 losTgt=123.94
[WOBBLE_FIRE] team=2 losTgt=123.89
[WOBBLE_FIRE] team=2 losTgt=123.76
[WOBBLE_FIRE] team=2 losTgt=123.65
[WOBBLE_FIRE] team=2 losTgt=123.59
[WOBBLE_FIRE] team=2 losTgt=123.53
[WOBBLE_FIRE] team=2 losTgt=123.34
[WOBBLE_FIRE] team=2 losTgt=122.85
[WOBBLE_FIRE] team=2 losTgt=121.94
[WOBBLE_FIRE] team=2 losTgt=120.54
[WOBBLE_FIRE] team=2 losTgt=118.86
[WOBBLE_FIRE] team=2 losTgt=117.29
[WOBBLE_FIRE] team=2 losTgt=115.97
[WOBBLE_FIRE] team=2 losTgt=114.85
[WOBBLE_FIRE] team=2 losTgt=113.87
[WOBBLE_FIRE] team=2 losTgt=112.96
[WOBBLE_FIRE] team=2 losTgt=112.11
[WOBBLE_FIRE] team=2 losTgt=111.30
[WOBBLE_FIRE] team=2 losTgt=110.55
[WOBBLE_FIRE] team=2 losTgt=109.84
[WOBBLE_FIRE] team=2 losTgt=109.17
[WOBBLE_FIRE] team=2 losTgt=108.52
[WOBBLE_FIRE] team=2 losTgt=107.90
[WOBBLE_FIRE] team=2 losTgt=107.29
[WOBBLE_FIRE] team=2 losTgt=106.71
[WOBBLE_FIRE] team=2 losTgt=106.15
[WOBBLE_FIRE] team=2 losTgt=105.61
[WOBBLE_FIRE] team=2 losTgt=105.08
[WOBBLE_FIRE] team=2 losTgt=104.58
[WOBBLE_FIRE] team=2 losTgt=104.12
[WOBBLE_FIRE] team=2 losTgt=103.68
[WOBBLE_FIRE] team=2 losTgt=103.25
[WOBBLE_FIRE] team=2 losTgt=102.84
[WOBBLE_FIRE] team=2 losTgt=102.43
[WOBBLE_FIRE] team=2 losTgt=102.03
[WOBBLE_FIRE] team=2 losTgt=101.63
[WOBBLE_FIRE] team=2 losTgt=101.27
[WOBBLE_FIRE] team=2 losTgt=100.94
[WOBBLE_FIRE] team=2 losTgt=100.65
[WOBBLE_FIRE] team=2 losTgt=100.39
[WOBBLE_FIRE] team=2 losTgt=100.16
[WOBBLE_FIRE] team=2 losTgt=99.95
[WOBBLE_FIRE] team=2 losTgt=99.77
[WOBBLE_FIRE] team=2 losTgt=99.59
[WOBBLE_FIRE] team=2 losTgt=99.42
[WOBBLE_FIRE] team=2 losTgt=99.27
[WOBBLE_FIRE] team=2 losTgt=99.14
[WOBBLE_FIRE] team=2 losTgt=99.02
[WOBBLE_FIRE] team=2 losTgt=98.91
[WOBBLE_FIRE] team=2 losTgt=98.82
[WOBBLE_FIRE] team=2 losTgt=98.74
[WOBBLE_FIRE] team=2 losTgt=98.67
[WOBBLE_FIRE] team=2 losTgt=98.62
[WOBBLE_FIRE] team=2 losTgt=98.59
[ACTIVE] [RED] LeadPredict dist=1004.28 dV=-1.1832 thr=0.758852 om=0.858195 lt=3
[WOBBLE_FIRE] team=2 losTgt=98.57
[WOBBLE_FIRE] team=2 losTgt=98.58
[WOBBLE_FIRE] team=2 losTgt=98.60
[WOBBLE_FIRE] team=2 losTgt=98.65
[WOBBLE_FIRE] team=2 losTgt=98.72
[WOBBLE_FIRE] team=2 losTgt=98.82
[WOBBLE_FIRE] team=2 losTgt=98.94
[WOBBLE_FIRE] team=2 losTgt=99.09
[WOBBLE_FIRE] team=2 losTgt=99.26
[WOBBLE_FIRE] team=2 losTgt=99.46
[WOBBLE_FIRE] team=2 losTgt=99.68
[WOBBLE_FIRE] team=2 losTgt=99.93
[WOBBLE_FIRE] team=2 losTgt=100.22
[WOBBLE_FIRE] team=2 losTgt=100.53
[WOBBLE_FIRE] team=2 losTgt=100.88
[WOBBLE_FIRE] team=2 losTgt=101.26
[WOBBLE_FIRE] team=2 losTgt=101.67
[WOBBLE_FIRE] team=2 losTgt=102.12
[WOBBLE_FIRE] team=2 losTgt=102.61
[WOBBLE_FIRE] team=2 losTgt=103.14
[WOBBLE_FIRE] team=2 losTgt=103.73
[WOBBLE_FIRE] team=2 losTgt=104.35
[WOBBLE_FIRE] team=2 losTgt=105.03
[WOBBLE_FIRE] team=2 losTgt=105.77
[WOBBLE_FIRE] team=2 losTgt=106.56
[WOBBLE_FIRE] team=2 losTgt=107.42
[WOBBLE_FIRE] team=2 losTgt=108.33
[WOBBLE_FIRE] team=2 losTgt=109.32
[WOBBLE_FIRE] team=2 losTgt=110.38
[WOBBLE_FIRE] team=2 losTgt=111.50
[WOBBLE_FIRE] team=2 losTgt=112.69
[WOBBLE_FIRE] team=2 losTgt=113.97
[WOBBLE_FIRE] team=2 losTgt=115.32
[WOBBLE_FIRE] team=2 losTgt=116.78
[WOBBLE_FIRE] team=2 losTgt=118.36
[WOBBLE_FIRE] team=2 losTgt=120.50
[WOBBLE_FIRE] team=2 losTgt=124.29
[WOBBLE_FIRE] team=2 losTgt=127.76
[WOBBLE_FIRE] team=2 losTgt=131.08
[WOBBLE_FIRE] team=2 losTgt=134.46
[WOBBLE_FIRE] team=2 losTgt=137.85
[WOBBLE_FIRE] team=2 losTgt=141.03
[WOBBLE_FIRE] team=2 losTgt=144.19
[WOBBLE_FIRE] team=2 losTgt=147.31
[WOBBLE_FIRE] team=2 losTgt=150.53
[WOBBLE_FIRE] team=2 losTgt=153.75
[WOBBLE_FIRE] team=2 losTgt=157.00
[WOBBLE_FIRE] team=2 losTgt=160.27
[WOBBLE_FIRE] team=2 losTgt=163.48
[WOBBLE_FIRE] team=2 losTgt=166.52
[WOBBLE_FIRE] team=2 losTgt=169.32
[WOBBLE_FIRE] team=2 losTgt=171.84
[WOBBLE_FIRE] team=2 losTgt=174.11
[WOBBLE_FIRE] team=2 losTgt=175.93
[ACTIVE] [RED] Evade Z=5409.47
[WOBBLE_FIRE] team=2 losTgt=176.55
[WOBBLE_FIRE] team=2 losTgt=175.66
[WOBBLE_FIRE] team=2 losTgt=174.11
[WOBBLE_FIRE] team=2 losTgt=172.57
[WOBBLE_FIRE] team=2 losTgt=171.35
[WOBBLE_FIRE] team=2 losTgt=170.35
[WOBBLE_FIRE] team=2 losTgt=169.37
[WOBBLE_FIRE] team=2 losTgt=168.09
[WOBBLE_FIRE] team=2 losTgt=166.87
[WOBBLE_FIRE] team=2 losTgt=165.80
[WOBBLE_FIRE] team=2 losTgt=164.85
[WOBBLE_FIRE] team=2 losTgt=164.06
[WOBBLE_FIRE] team=2 losTgt=163.42
[WOBBLE_FIRE] team=2 losTgt=163.01
[WOBBLE_FIRE] team=2 losTgt=162.76
[WOBBLE_FIRE] team=2 losTgt=162.76
[WOBBLE_FIRE] team=2 losTgt=162.79
[WOBBLE_FIRE] team=2 losTgt=162.86
[WOBBLE_FIRE] team=2 losTgt=162.54
[WOBBLE_FIRE] team=2 losTgt=162.33
[WOBBLE_FIRE] team=2 losTgt=162.27
[WOBBLE_FIRE] team=2 losTgt=162.33
[WOBBLE_FIRE] team=2 losTgt=162.59
[WOBBLE_FIRE] team=2 losTgt=163.16
[WOBBLE_FIRE] team=2 losTgt=164.03
[WOBBLE_FIRE] team=2 losTgt=164.91
[WOBBLE_FIRE] team=2 losTgt=165.80
[WOBBLE_FIRE] team=2 losTgt=166.29
[WOBBLE_FIRE] team=2 losTgt=166.79
[WOBBLE_FIRE] team=2 losTgt=167.32
[ACTIVE] [RED] Evade Z=4300.95
[WOBBLE_FIRE] team=2 losTgt=167.87
[WOBBLE_FIRE] team=2 losTgt=168.51
[WOBBLE_FIRE] team=2 losTgt=169.24
[WOBBLE_FIRE] team=2 losTgt=170.05
[WOBBLE_FIRE] team=2 losTgt=170.99
[WOBBLE_FIRE] team=2 losTgt=171.96
[WOBBLE_FIRE] team=2 losTgt=172.85
[WOBBLE_FIRE] team=2 losTgt=173.69
[WOBBLE_FIRE] team=2 losTgt=174.49
[WOBBLE_FIRE] team=2 losTgt=175.25
[WOBBLE_FIRE] team=2 losTgt=175.92
[WOBBLE_FIRE] team=2 losTgt=176.44
[WOBBLE_FIRE] team=2 losTgt=176.76
[WOBBLE_FIRE] team=2 losTgt=176.88
[WOBBLE_FIRE] team=2 losTgt=176.87
[WOBBLE_FIRE] team=2 losTgt=176.72
[WOBBLE_FIRE] team=2 losTgt=176.26
[WOBBLE_FIRE] team=2 losTgt=174.78
[WOBBLE_FIRE] team=2 losTgt=172.85
[WOBBLE_FIRE] team=2 losTgt=171.14
[WOBBLE_FIRE] team=2 losTgt=169.67
[WOBBLE_FIRE] team=2 losTgt=168.50
[WOBBLE_FIRE] team=2 losTgt=167.54
[WOBBLE_FIRE] team=2 losTgt=166.77
[WOBBLE_FIRE] team=2 losTgt=166.15
[WOBBLE_FIRE] team=2 losTgt=165.63
[WOBBLE_FIRE] team=2 losTgt=165.24
[WOBBLE_FIRE] team=2 losTgt=164.93
[WOBBLE_FIRE] team=2 losTgt=164.68
[ACTIVE] [RED] ClimbOut Z=3178.01
[WOBBLE_FIRE] team=2 losTgt=164.49
[WOBBLE_FIRE] team=2 losTgt=164.35
[WOBBLE_FIRE] team=2 losTgt=164.23
[WOBBLE_FIRE] team=2 losTgt=164.14
[WOBBLE_FIRE] team=2 losTgt=164.05
[WOBBLE_FIRE] team=2 losTgt=163.97
[WOBBLE_FIRE] team=2 losTgt=163.90
[WOBBLE_FIRE] team=2 losTgt=163.82
[WOBBLE_FIRE] team=2 losTgt=163.74
[WOBBLE_FIRE] team=2 losTgt=163.63
[WOBBLE_FIRE] team=2 losTgt=163.55
[WOBBLE_FIRE] team=2 losTgt=163.44
[WOBBLE_FIRE] team=2 losTgt=163.35
[WOBBLE_FIRE] team=2 losTgt=163.25
[WOBBLE_FIRE] team=2 losTgt=163.14
[WOBBLE_FIRE] team=2 losTgt=163.06
[WOBBLE_FIRE] team=2 losTgt=162.94
[WOBBLE_FIRE] team=2 losTgt=162.85
[WOBBLE_FIRE] team=2 losTgt=162.74
[WOBBLE_FIRE] team=2 losTgt=162.65
[WOBBLE_FIRE] team=2 losTgt=162.54
[WOBBLE_FIRE] team=2 losTgt=162.44
[WOBBLE_FIRE] team=2 losTgt=162.34
[WOBBLE_FIRE] team=2 losTgt=162.24
[WOBBLE_FIRE] team=2 losTgt=162.13
[WOBBLE_FIRE] team=2 losTgt=162.03
[WOBBLE_FIRE] team=2 losTgt=161.92
[WOBBLE_FIRE] team=2 losTgt=161.82
[WOBBLE_FIRE] team=2 losTgt=161.71
[WOBBLE_FIRE] team=2 losTgt=161.62
[ACTIVE] [RED] ClimbOut Z=2339.91
[WOBBLE_FIRE] team=2 losTgt=161.51
[WOBBLE_FIRE] team=2 losTgt=161.40
[WOBBLE_FIRE] team=2 losTgt=161.30
[WOBBLE_FIRE] team=2 losTgt=162.49
[WOBBLE_FIRE] team=2 losTgt=166.31
[WOBBLE_FIRE] team=2 losTgt=164.80
[WOBBLE_FIRE] team=2 losTgt=160.52
[WOBBLE_FIRE] team=2 losTgt=163.26
[WOBBLE_FIRE] team=2 losTgt=170.20
[WOBBLE_FIRE] team=2 losTgt=170.08
[WOBBLE_FIRE] team=2 losTgt=163.03
[WOBBLE_FIRE] team=2 losTgt=159.89
[WOBBLE_FIRE] team=2 losTgt=166.00
[WOBBLE_FIRE] team=2 losTgt=170.04
[WOBBLE_FIRE] team=2 losTgt=166.37
[WOBBLE_FIRE] team=2 losTgt=162.92
[WOBBLE_FIRE] team=2 losTgt=165.67
[WOBBLE_FIRE] team=2 losTgt=167.29
[WOBBLE_FIRE] team=2 losTgt=164.55
[WOBBLE_FIRE] team=2 losTgt=163.13
[WOBBLE_FIRE] team=2 losTgt=166.42
[WOBBLE_FIRE] team=2 losTgt=167.40
[WOBBLE_FIRE] team=2 losTgt=164.50
[WOBBLE_FIRE] team=2 losTgt=163.15
[WOBBLE_FIRE] team=2 losTgt=160.22
[WOBBLE_FIRE] team=2 losTgt=157.57
[WOBBLE_FIRE] team=2 losTgt=155.04
[WOBBLE_FIRE] team=2 losTgt=152.59
[WOBBLE_FIRE] team=2 losTgt=150.19
[WOBBLE_FIRE] team=2 losTgt=147.82
[WOBBLE_FIRE] team=2 losTgt=145.48
[WOBBLE_FIRE] team=2 losTgt=143.15
[WOBBLE_FIRE] team=2 losTgt=140.82
[WOBBLE_FIRE] team=2 losTgt=138.52
[WOBBLE_FIRE] team=2 losTgt=136.25
[WOBBLE_FIRE] team=2 losTgt=134.02
[WOBBLE_FIRE] team=2 losTgt=131.85
[WOBBLE_FIRE] team=2 losTgt=129.70
[WOBBLE_FIRE] team=2 losTgt=127.59
[WOBBLE_FIRE] team=2 losTgt=125.54
[WOBBLE_FIRE] team=2 losTgt=123.53
[WOBBLE_FIRE] team=2 losTgt=121.56
[WOBBLE_FIRE] team=2 losTgt=119.64
[WOBBLE_FIRE] team=2 losTgt=117.75
[WOBBLE_FIRE] team=2 losTgt=115.91
[WOBBLE_FIRE] team=2 losTgt=114.12
[WOBBLE_FIRE] team=2 losTgt=112.35
[WOBBLE_FIRE] team=2 losTgt=110.61
[ACTIVE] [RED] LeadPredict dist=433.722 dV=-3.03519 thr=0.541308 om=1.43361 lt=1.17883
[WOBBLE_FIRE] team=2 losTgt=108.92
[WOBBLE_FIRE] team=2 losTgt=107.26
[WOBBLE_FIRE] team=2 losTgt=105.63
[WOBBLE_FIRE] team=2 losTgt=104.03
[WOBBLE_FIRE] team=2 losTgt=102.46
[WOBBLE_FIRE] team=2 losTgt=100.92
[WOBBLE_FIRE] team=2 losTgt=99.42
[WOBBLE_FIRE] team=2 losTgt=97.93
[WOBBLE_FIRE] team=2 losTgt=96.47
[WOBBLE_FIRE] team=2 losTgt=95.05
[WOBBLE_FIRE] team=2 losTgt=93.64
[WOBBLE_FIRE] team=2 losTgt=92.25
[WOBBLE_FIRE] team=2 losTgt=90.89
[WOBBLE_FIRE] team=2 losTgt=89.56
[WOBBLE_FIRE] team=2 losTgt=88.24
[WOBBLE_FIRE] team=2 losTgt=86.95
[WOBBLE_FIRE] team=2 losTgt=85.67
[WOBBLE_FIRE] team=2 losTgt=84.42
[WOBBLE_FIRE] team=2 losTgt=83.18
[WOBBLE_FIRE] team=2 losTgt=81.96
[WOBBLE_FIRE] team=2 losTgt=80.74
[WOBBLE_FIRE] team=2 losTgt=79.53
[WOBBLE_FIRE] team=2 losTgt=78.31
[WOBBLE_FIRE] team=2 losTgt=77.10
[WOBBLE_FIRE] team=2 losTgt=75.88
[WOBBLE_FIRE] team=2 losTgt=74.66
[WOBBLE_FIRE] team=2 losTgt=73.44
[WOBBLE_FIRE] team=2 losTgt=72.21
[WOBBLE_FIRE] team=2 losTgt=70.99
[WOBBLE_FIRE] team=2 losTgt=69.77
[WOBBLE_FIRE] team=2 losTgt=68.53
[WOBBLE_FIRE] team=2 losTgt=67.26
[WOBBLE_FIRE] team=2 losTgt=65.94
[WOBBLE_FIRE] team=2 losTgt=64.57
[WOBBLE_FIRE] team=2 losTgt=63.40
[WOBBLE_FIRE] team=2 losTgt=61.88
[WOBBLE_FIRE] team=2 losTgt=60.22
[WOBBLE_FIRE] team=2 losTgt=58.57
[WOBBLE_FIRE] team=2 losTgt=56.90
[WOBBLE_FIRE] team=2 losTgt=55.18
[WOBBLE_FIRE] team=2 losTgt=53.40
[WOBBLE_FIRE] team=2 losTgt=51.54
[WOBBLE_FIRE] team=2 losTgt=49.60
[WOBBLE_FIRE] team=2 losTgt=47.57
[WOBBLE_FIRE] team=2 losTgt=45.43
[ACTIVE] [RED] LeadPredict dist=220.797 dV=-17.4395 thr=0.864454 om=0.166234 lt=0.756431
[WOBBLE_FIRE] team=2 losTgt=51.47
[WOBBLE_FIRE] team=2 losTgt=58.09
[WOBBLE_FIRE] team=2 losTgt=64.24
[WOBBLE_FIRE] team=2 losTgt=69.77
[WOBBLE_FIRE] team=2 losTgt=74.42
[WOBBLE_FIRE] team=2 losTgt=77.84
[WOBBLE_FIRE] team=2 losTgt=80.01
[WOBBLE_FIRE] team=2 losTgt=81.12
[WOBBLE_FIRE] team=2 losTgt=81.55
[WOBBLE_FIRE] team=2 losTgt=81.78
[WOBBLE_FIRE] team=2 losTgt=81.95
[WOBBLE_FIRE] team=2 losTgt=82.00
[WOBBLE_FIRE] team=2 losTgt=81.94
[WOBBLE_FIRE] team=2 losTgt=81.74
[WOBBLE_FIRE] team=2 losTgt=81.41
[WOBBLE_FIRE] team=2 losTgt=80.96
[WOBBLE_FIRE] team=2 losTgt=80.43
[WOBBLE_FIRE] team=2 losTgt=79.85
[WOBBLE_FIRE] team=2 losTgt=79.19
[WOBBLE_FIRE] team=2 losTgt=78.45
[WOBBLE_FIRE] team=2 losTgt=77.64
[WOBBLE_FIRE] team=2 losTgt=76.74
[WOBBLE_FIRE] team=2 losTgt=75.76
[WOBBLE_FIRE] team=2 losTgt=74.70
[WOBBLE_FIRE] team=2 losTgt=73.57
[WOBBLE_FIRE] team=2 losTgt=72.37
[WOBBLE_FIRE] team=2 losTgt=71.12
[WOBBLE_FIRE] team=2 losTgt=69.81
[WOBBLE_FIRE] team=2 losTgt=68.45
[WOBBLE_FIRE] team=2 losTgt=67.04
[WOBBLE_FIRE] team=2 losTgt=65.58
[WOBBLE_FIRE] team=2 losTgt=64.09
[WOBBLE_FIRE] team=2 losTgt=62.55
[WOBBLE_FIRE] team=2 losTgt=60.97
[WOBBLE_FIRE] team=2 losTgt=59.35
[WOBBLE_FIRE] team=2 losTgt=57.69
[WOBBLE_FIRE] team=2 losTgt=55.98
[WOBBLE_FIRE] team=2 losTgt=54.24
[WOBBLE_FIRE] team=2 losTgt=52.45
[WOBBLE_FIRE] team=2 losTgt=50.64
[WOBBLE_FIRE] team=2 losTgt=48.82
[WOBBLE_FIRE] team=2 losTgt=46.98
[WOBBLE_FIRE] team=2 losTgt=45.12
[ACTIVE] [RED] LeadPredict dist=617.799 dV=-6.01895 thr=1 om=0.870942 lt=2.56606
[WOBBLE_FIRE] team=2 losTgt=46.05
[WOBBLE_FIRE] team=2 losTgt=47.66
[WOBBLE_FIRE] team=2 losTgt=49.01
[WOBBLE_FIRE] team=2 losTgt=50.01
[WOBBLE_FIRE] team=2 losTgt=50.76
[WOBBLE_FIRE] team=2 losTgt=51.42
[WOBBLE_FIRE] team=2 losTgt=52.00
[WOBBLE_FIRE] team=2 losTgt=52.52
[WOBBLE_FIRE] team=2 losTgt=52.99
[WOBBLE_FIRE] team=2 losTgt=53.40
[WOBBLE_FIRE] team=2 losTgt=53.76
[WOBBLE_FIRE] team=2 losTgt=54.07
[WOBBLE_FIRE] team=2 losTgt=54.32
[WOBBLE_FIRE] team=2 losTgt=54.54
[WOBBLE_FIRE] team=2 losTgt=54.67
[WOBBLE_FIRE] team=2 losTgt=54.75
[WOBBLE_FIRE] team=2 losTgt=54.80
[WOBBLE_FIRE] team=2 losTgt=54.78
[WOBBLE_FIRE] team=2 losTgt=54.72
[WOBBLE_FIRE] team=2 losTgt=54.61
[WOBBLE_FIRE] team=2 losTgt=54.45
[WOBBLE_FIRE] team=2 losTgt=54.24
[WOBBLE_FIRE] team=2 losTgt=53.96
[WOBBLE_FIRE] team=2 losTgt=53.63
[WOBBLE_FIRE] team=2 losTgt=53.24
[WOBBLE_FIRE] team=2 losTgt=52.79
[WOBBLE_FIRE] team=2 losTgt=52.28
[WOBBLE_FIRE] team=2 losTgt=51.71
[WOBBLE_FIRE] team=2 losTgt=51.10
[WOBBLE_FIRE] team=2 losTgt=50.43
[WOBBLE_FIRE] team=2 losTgt=49.73
[WOBBLE_FIRE] team=2 losTgt=48.98
[WOBBLE_FIRE] team=2 losTgt=48.19
[WOBBLE_FIRE] team=2 losTgt=47.37
[WOBBLE_FIRE] team=2 losTgt=46.51
[WOBBLE_FIRE] team=2 losTgt=45.61
[ACTIVE] [RED] LeadPredict dist=920.626 dV=-1.13177 thr=1 om=1.06047 lt=3
[ACTIVE] [RED] LeadPredict dist=666.502 dV=-0.565887 thr=1 om=1.13408 lt=3
[WOBBLE_FIRE] team=2 losTgt=45.23
[WOBBLE_FIRE] team=2 losTgt=45.80
[WOBBLE_FIRE] team=2 losTgt=46.38
[WOBBLE_FIRE] team=2 losTgt=46.92
[WOBBLE_FIRE] team=2 losTgt=47.43
[WOBBLE_FIRE] team=2 losTgt=47.90
[WOBBLE_FIRE] team=2 losTgt=48.32
[WOBBLE_FIRE] team=2 losTgt=48.69
[WOBBLE_FIRE] team=2 losTgt=49.01
[WOBBLE_FIRE] team=2 losTgt=49.28
[WOBBLE_FIRE] team=2 losTgt=49.51
[WOBBLE_FIRE] team=2 losTgt=49.68
[WOBBLE_FIRE] team=2 losTgt=49.81
[WOBBLE_FIRE] team=2 losTgt=49.89
[WOBBLE_FIRE] team=2 losTgt=49.92
[WOBBLE_FIRE] team=2 losTgt=49.92
[WOBBLE_FIRE] team=2 losTgt=49.89
[WOBBLE_FIRE] team=2 losTgt=49.82
[WOBBLE_FIRE] team=2 losTgt=49.74
[WOBBLE_FIRE] team=2 losTgt=49.63
[WOBBLE_FIRE] team=2 losTgt=49.49
[WOBBLE_FIRE] team=2 losTgt=49.33
[WOBBLE_FIRE] team=2 losTgt=49.14
[WOBBLE_FIRE] team=2 losTgt=48.93
[WOBBLE_FIRE] team=2 losTgt=48.68
[WOBBLE_FIRE] team=2 losTgt=48.40
[WOBBLE_FIRE] team=2 losTgt=48.09
[WOBBLE_FIRE] team=2 losTgt=47.74
[WOBBLE_FIRE] team=2 losTgt=47.37
[WOBBLE_FIRE] team=2 losTgt=46.96
[WOBBLE_FIRE] team=2 losTgt=46.52
[WOBBLE_FIRE] team=2 losTgt=46.04
[WOBBLE_FIRE] team=2 losTgt=45.54
[WOBBLE_FIRE] team=2 losTgt=45.01
[ACTIVE] [RED] LeadPredict dist=1188.81 dV=-43.5216 thr=1 om=0.416381 lt=3
[ACTIVE] [RED] LeadPredict dist=1417.56 dV=-8.12816 thr=1 om=0.75649 lt=3
[ACTIVE] [RED] LeadPredict dist=1131.93 dV=40.7951 thr=1 om=0.767642 lt=3
[ACTIVE] [RED] LeadPredict dist=884.531 dV=34.3131 thr=0.872 om=0.045107 lt=3
[ACTIVE] [RED] LeadPredict dist=874.134 dV=6.32762 thr=0.924069 om=1.07973 lt=0.92108
[ACTIVE] [RED] LeadPredict dist=773.397 dV=-3.29242 thr=1 om=0.985279 lt=1.98652
[ACTIVE] [RED] LeadPredict dist=867.844 dV=-17.5424 thr=1 om=0.0309918 lt=3
[ACTIVE] [RED] LeadPredict dist=992.353 dV=8.07671 thr=1 om=1.31229 lt=3
[ACTIVE] [RED] LeadPredict dist=918.888 dV=54.0677 thr=0.59 om=0.00756177 lt=3
[WOBBLE_FIRE] team=2 losTgt=45.10
[WOBBLE_FIRE] team=2 losTgt=45.61
[WOBBLE_FIRE] team=2 losTgt=46.10
[WOBBLE_FIRE] team=2 losTgt=46.55
[WOBBLE_FIRE] team=2 losTgt=46.98
[WOBBLE_FIRE] team=2 losTgt=47.37
[WOBBLE_FIRE] team=2 losTgt=47.73
[WOBBLE_FIRE] team=2 losTgt=48.06
[WOBBLE_FIRE] team=2 losTgt=48.36
[WOBBLE_FIRE] team=2 losTgt=48.61
[WOBBLE_FIRE] team=2 losTgt=48.83
[WOBBLE_FIRE] team=2 losTgt=49.01
[WOBBLE_FIRE] team=2 losTgt=49.17
[WOBBLE_FIRE] team=2 losTgt=49.29
[WOBBLE_FIRE] team=2 losTgt=49.38
[WOBBLE_FIRE] team=2 losTgt=49.45
[WOBBLE_FIRE] team=2 losTgt=49.48
[WOBBLE_FIRE] team=2 losTgt=49.48
[WOBBLE_FIRE] team=2 losTgt=49.46
[WOBBLE_FIRE] team=2 losTgt=49.41
[WOBBLE_FIRE] team=2 losTgt=49.32
[WOBBLE_FIRE] team=2 losTgt=49.20
[WOBBLE_FIRE] team=2 losTgt=49.04
[WOBBLE_FIRE] team=2 losTgt=48.84
[WOBBLE_FIRE] team=2 losTgt=48.60
[WOBBLE_FIRE] team=2 losTgt=48.33
[WOBBLE_FIRE] team=2 losTgt=48.00
[WOBBLE_FIRE] team=2 losTgt=47.64
[WOBBLE_FIRE] team=2 losTgt=47.24
[WOBBLE_FIRE] team=2 losTgt=46.79
[WOBBLE_FIRE] team=2 losTgt=46.32
[WOBBLE_FIRE] team=2 losTgt=45.81
[WOBBLE_FIRE] team=2 losTgt=45.26
[ACTIVE] [RED] LeadPredict dist=938.517 dV=24.8989 thr=0.828378 om=0.22024 lt=3
[ACTIVE] [RED] LeadPredict dist=780.165 dV=-9.41425 thr=0.850461 om=0.509523 lt=2.64296
[ACTIVE] [RED] LeadPredict dist=944.794 dV=1.08032 thr=1 om=1.03166 lt=2.875
[ACTIVE] [RED] LeadPredict dist=824.707 dV=21.2978 thr=0.744426 om=1.04814 lt=1.94517
[ACTIVE] [RED] LeadPredict dist=778.126 dV=5.9675 thr=0.92839 om=0.0243565 lt=0
runner:local/env:0	num_steps=[8147] | total rewards=[599.8221] | termination= [target destroyed]
[seed 8] reward=   599.82 ownHP=1.0000 tgtHP=-0.0008 target destroyed
total: 2
[ACTIVE] [RED] LeadPredict dist=2019.28 dV=4.62997 thr=0.805422 om=0.987487 lt=3
[WOBBLE_FIRE] team=2 losTgt=45.71
[WOBBLE_FIRE] team=2 losTgt=46.86
[WOBBLE_FIRE] team=2 losTgt=48.04
[WOBBLE_FIRE] team=2 losTgt=49.25
[WOBBLE_FIRE] team=2 losTgt=50.47
[WOBBLE_FIRE] team=2 losTgt=51.72
[WOBBLE_FIRE] team=2 losTgt=52.98
[WOBBLE_FIRE] team=2 losTgt=54.26
[WOBBLE_FIRE] team=2 losTgt=55.55
[WOBBLE_FIRE] team=2 losTgt=56.85
[WOBBLE_FIRE] team=2 losTgt=58.18
[WOBBLE_FIRE] team=2 losTgt=59.51
[WOBBLE_FIRE] team=2 losTgt=60.85
[WOBBLE_FIRE] team=2 losTgt=62.20
[WOBBLE_FIRE] team=2 losTgt=63.56
[WOBBLE_FIRE] team=2 losTgt=64.91
[WOBBLE_FIRE] team=2 losTgt=66.26
[WOBBLE_FIRE] team=2 losTgt=67.60
[WOBBLE_FIRE] team=2 losTgt=68.93
[WOBBLE_FIRE] team=2 losTgt=70.25
[WOBBLE_FIRE] team=2 losTgt=71.54
[WOBBLE_FIRE] team=2 losTgt=72.82
[WOBBLE_FIRE] team=2 losTgt=74.09
[WOBBLE_FIRE] team=2 losTgt=75.32
[WOBBLE_FIRE] team=2 losTgt=76.53
[WOBBLE_FIRE] team=2 losTgt=77.72
[WOBBLE_FIRE] team=2 losTgt=78.87
[WOBBLE_FIRE] team=2 losTgt=79.99
[WOBBLE_FIRE] team=2 losTgt=81.08
[WOBBLE_FIRE] team=2 losTgt=82.13
[WOBBLE_FIRE] team=2 losTgt=83.15
[WOBBLE_FIRE] team=2 losTgt=84.12
[WOBBLE_FIRE] team=2 losTgt=85.07
[WOBBLE_FIRE] team=2 losTgt=85.97
[WOBBLE_FIRE] team=2 losTgt=86.84
[WOBBLE_FIRE] team=2 losTgt=87.67
[WOBBLE_FIRE] team=2 losTgt=88.45
[WOBBLE_FIRE] team=2 losTgt=89.20
[WOBBLE_FIRE] team=2 losTgt=89.90
[WOBBLE_FIRE] team=2 losTgt=90.56
[WOBBLE_FIRE] team=2 losTgt=91.18
[WOBBLE_FIRE] team=2 losTgt=91.76
[WOBBLE_FIRE] team=2 losTgt=92.29
[WOBBLE_FIRE] team=2 losTgt=92.78
[WOBBLE_FIRE] team=2 losTgt=93.22
[WOBBLE_FIRE] team=2 losTgt=93.61
[WOBBLE_FIRE] team=2 losTgt=93.96
[WOBBLE_FIRE] team=2 losTgt=94.26
[ACTIVE] [RED] LeadPredict dist=2152.13 dV=19.4973 thr=0.716436 om=1.48221 lt=3
[WOBBLE_FIRE] team=2 losTgt=94.53
[WOBBLE_FIRE] team=2 losTgt=94.76
[WOBBLE_FIRE] team=2 losTgt=94.95
[WOBBLE_FIRE] team=2 losTgt=95.09
[WOBBLE_FIRE] team=2 losTgt=95.20
[WOBBLE_FIRE] team=2 losTgt=95.28
[WOBBLE_FIRE] team=2 losTgt=95.31
[WOBBLE_FIRE] team=2 losTgt=95.30
[WOBBLE_FIRE] team=2 losTgt=95.27
[WOBBLE_FIRE] team=2 losTgt=95.19
[WOBBLE_FIRE] team=2 losTgt=95.09
[WOBBLE_FIRE] team=2 losTgt=94.95
[WOBBLE_FIRE] team=2 losTgt=94.78
[WOBBLE_FIRE] team=2 losTgt=94.58
[WOBBLE_FIRE] team=2 losTgt=94.35
[WOBBLE_FIRE] team=2 losTgt=94.09
[WOBBLE_FIRE] team=2 losTgt=93.80
[WOBBLE_FIRE] team=2 losTgt=93.49
[WOBBLE_FIRE] team=2 losTgt=93.15
[WOBBLE_FIRE] team=2 losTgt=92.79
[WOBBLE_FIRE] team=2 losTgt=92.40
[WOBBLE_FIRE] team=2 losTgt=91.99
[WOBBLE_FIRE] team=2 losTgt=91.55
[WOBBLE_FIRE] team=2 losTgt=91.09
[WOBBLE_FIRE] team=2 losTgt=90.62
[WOBBLE_FIRE] team=2 losTgt=90.12
[WOBBLE_FIRE] team=2 losTgt=89.60
[WOBBLE_FIRE] team=2 losTgt=89.06
[WOBBLE_FIRE] team=2 losTgt=88.51
[WOBBLE_FIRE] team=2 losTgt=87.93
[WOBBLE_FIRE] team=2 losTgt=87.33
[WOBBLE_FIRE] team=2 losTgt=86.69
[WOBBLE_FIRE] team=2 losTgt=86.01
[WOBBLE_FIRE] team=2 losTgt=85.31
[WOBBLE_FIRE] team=2 losTgt=84.62
[WOBBLE_FIRE] team=2 losTgt=83.95
[WOBBLE_FIRE] team=2 losTgt=83.28
[WOBBLE_FIRE] team=2 losTgt=82.60
[WOBBLE_FIRE] team=2 losTgt=81.92
[WOBBLE_FIRE] team=2 losTgt=81.23
[WOBBLE_FIRE] team=2 losTgt=80.52
[WOBBLE_FIRE] team=2 losTgt=79.80
[WOBBLE_FIRE] team=2 losTgt=79.07
[WOBBLE_FIRE] team=2 losTgt=78.32
[WOBBLE_FIRE] team=2 losTgt=77.56
[WOBBLE_FIRE] team=2 losTgt=76.79
[WOBBLE_FIRE] team=2 losTgt=76.00
[WOBBLE_FIRE] team=2 losTgt=75.20
[WOBBLE_FIRE] team=2 losTgt=74.39
[WOBBLE_FIRE] team=2 losTgt=73.56
[WOBBLE_FIRE] team=2 losTgt=72.72
[WOBBLE_FIRE] team=2 losTgt=71.87
[WOBBLE_FIRE] team=2 losTgt=71.01
[WOBBLE_FIRE] team=2 losTgt=70.13
[WOBBLE_FIRE] team=2 losTgt=69.24
[WOBBLE_FIRE] team=2 losTgt=68.35
[WOBBLE_FIRE] team=2 losTgt=67.44
[WOBBLE_FIRE] team=2 losTgt=66.51
[WOBBLE_FIRE] team=2 losTgt=65.58
[WOBBLE_FIRE] team=2 losTgt=64.64
[ACTIVE] [RED] LeadPredict dist=3691.92 dV=29.8375 thr=1 om=1.10991 lt=3
[WOBBLE_FIRE] team=2 losTgt=63.68
[WOBBLE_FIRE] team=2 losTgt=62.72
[WOBBLE_FIRE] team=2 losTgt=61.74
[WOBBLE_FIRE] team=2 losTgt=60.76
[WOBBLE_FIRE] team=2 losTgt=59.76
[WOBBLE_FIRE] team=2 losTgt=58.76
[WOBBLE_FIRE] team=2 losTgt=57.74
[WOBBLE_FIRE] team=2 losTgt=56.71
[WOBBLE_FIRE] team=2 losTgt=55.68
[WOBBLE_FIRE] team=2 losTgt=54.63
[WOBBLE_FIRE] team=2 losTgt=53.58
[WOBBLE_FIRE] team=2 losTgt=52.51
[WOBBLE_FIRE] team=2 losTgt=51.44
[WOBBLE_FIRE] team=2 losTgt=50.35
[WOBBLE_FIRE] team=2 losTgt=49.26
[WOBBLE_FIRE] team=2 losTgt=48.15
[WOBBLE_FIRE] team=2 losTgt=47.04
[WOBBLE_FIRE] team=2 losTgt=45.92
[ACTIVE] [RED] LeadPredict dist=2339.69 dV=-1.0289 thr=1 om=1.31939 lt=3
[ACTIVE] [RED] LeadPredict dist=1429.97 dV=22.2238 thr=1 om=0.0194124 lt=3
[ACTIVE] [RED] LeadPredict dist=1347.07 dV=0.668762 thr=1 om=0.269665 lt=3
[ACTIVE] [RED] LeadPredict dist=1267.43 dV=23.0469 thr=1 om=1.52393 lt=3
[ACTIVE] [RED] LeadPredict dist=956.323 dV=16.7708 thr=1 om=0.19169 lt=2.42431
[ACTIVE] [RED] LeadPredict dist=907.758 dV=8.95126 thr=0.936 om=0.0239032 lt=0
[ACTIVE] [RED] LeadPredict dist=825.283 dV=22.1209 thr=0.748585 om=1.51885 lt=0.274103
[ACTIVE] [RED] LeadPredict dist=672.532 dV=9.5686 thr=0.885177 om=0.257468 lt=1.45009
[ACTIVE] [RED] LeadPredict dist=661.135 dV=6.27618 thr=0.924686 om=0.135941 lt=0.669672
[ACTIVE] [RED] LeadPredict dist=602.216 dV=12.1408 thr=0.854311 om=1.35244 lt=0
[ACTIVE] [RED] LeadPredict dist=578.195 dV=7.92236 thr=0.904932 om=1.57098 lt=0
[ACTIVE] [RED] LeadPredict dist=618.105 dV=0.977448 thr=0.556004 om=1.30064 lt=1.66483
[ACTIVE] [RED] LeadPredict dist=622.059 dV=7.04782 thr=0.923603 om=1.32545 lt=0
[ACTIVE] [RED] LeadPredict dist=532.05 dV=15.2274 thr=0.817271 om=0.578648 lt=0.524431
[ACTIVE] [RED] LeadPredict dist=496.56 dV=-1.85199 thr=1 om=0.268552 lt=0.956278
[ACTIVE] [RED] LeadPredict dist=482.994 dV=11.3691 thr=0.86357 om=0.205792 lt=0.500392
[ACTIVE] [RED] LeadPredict dist=410.133 dV=4.06409 thr=0.951231 om=0.532639 lt=1.0334
[ACTIVE] [RED] LeadPredict dist=420.675 dV=3.39529 thr=0.65072 om=0.161531 lt=1.07284
[ACTIVE] [RED] LeadPredict dist=417.271 dV=2.36642 thr=0.604276 om=0.314342 lt=1.1817
[ACTIVE] [RED] LeadPredict dist=421.822 dV=10.9576 thr=0.868509 om=0.394427 lt=0
runner:local/env:0	num_steps=[8091] | total rewards=[1183.2535] | termination= [target destroyed]
[seed 9] reward=  1183.25 ownHP=1.0000 tgtHP=-0.0033 target destroyed
total: 2
[WOBBLE_FIRE] team=2 losTgt=46.02
[WOBBLE_FIRE] team=2 losTgt=49.21
[WOBBLE_FIRE] team=2 losTgt=52.68
[WOBBLE_FIRE] team=2 losTgt=56.40
[WOBBLE_FIRE] team=2 losTgt=60.25
[WOBBLE_FIRE] team=2 losTgt=64.08
[WOBBLE_FIRE] team=2 losTgt=67.84
[WOBBLE_FIRE] team=2 losTgt=71.50
[WOBBLE_FIRE] team=2 losTgt=75.01
[WOBBLE_FIRE] team=2 losTgt=78.36
[WOBBLE_FIRE] team=2 losTgt=81.49
[WOBBLE_FIRE] team=2 losTgt=84.44
[WOBBLE_FIRE] team=2 losTgt=87.18
[WOBBLE_FIRE] team=2 losTgt=89.71
[WOBBLE_FIRE] team=2 losTgt=92.00
[WOBBLE_FIRE] team=2 losTgt=94.07
[WOBBLE_FIRE] team=2 losTgt=95.94
[WOBBLE_FIRE] team=2 losTgt=97.63
[WOBBLE_FIRE] team=2 losTgt=99.15
[WOBBLE_FIRE] team=2 losTgt=100.51
[WOBBLE_FIRE] team=2 losTgt=101.73
[WOBBLE_FIRE] team=2 losTgt=102.82
[WOBBLE_FIRE] team=2 losTgt=103.78
[WOBBLE_FIRE] team=2 losTgt=104.62
[WOBBLE_FIRE] team=2 losTgt=105.33
[WOBBLE_FIRE] team=2 losTgt=105.94
[WOBBLE_FIRE] team=2 losTgt=106.43
[WOBBLE_FIRE] team=2 losTgt=106.84
[WOBBLE_FIRE] team=2 losTgt=107.16
[WOBBLE_FIRE] team=2 losTgt=107.40
[WOBBLE_FIRE] team=2 losTgt=107.57
[WOBBLE_FIRE] team=2 losTgt=107.68
[WOBBLE_FIRE] team=2 losTgt=107.73
[WOBBLE_FIRE] team=2 losTgt=107.73
[WOBBLE_FIRE] team=2 losTgt=107.67
[WOBBLE_FIRE] team=2 losTgt=107.58
[WOBBLE_FIRE] team=2 losTgt=107.44
[WOBBLE_FIRE] team=2 losTgt=107.26
[ACTIVE] [RED] LeadPredict dist=1840.32 dV=6.63629 thr=0.787712 om=1.30287 lt=3
[WOBBLE_FIRE] team=2 losTgt=107.05
[WOBBLE_FIRE] team=2 losTgt=106.81
[WOBBLE_FIRE] team=2 losTgt=106.54
[WOBBLE_FIRE] team=2 losTgt=106.24
[WOBBLE_FIRE] team=2 losTgt=105.92
[WOBBLE_FIRE] team=2 losTgt=105.58
[WOBBLE_FIRE] team=2 losTgt=105.21
[WOBBLE_FIRE] team=2 losTgt=104.83
[WOBBLE_FIRE] team=2 losTgt=104.42
[WOBBLE_FIRE] team=2 losTgt=104.00
[WOBBLE_FIRE] team=2 losTgt=103.56
[WOBBLE_FIRE] team=2 losTgt=103.09
[WOBBLE_FIRE] team=2 losTgt=102.60
[WOBBLE_FIRE] team=2 losTgt=102.10
[WOBBLE_FIRE] team=2 losTgt=101.57
[WOBBLE_FIRE] team=2 losTgt=101.03
[WOBBLE_FIRE] team=2 losTgt=100.47
[WOBBLE_FIRE] team=2 losTgt=99.90
[WOBBLE_FIRE] team=2 losTgt=99.32
[WOBBLE_FIRE] team=2 losTgt=98.73
[WOBBLE_FIRE] team=2 losTgt=98.12
[WOBBLE_FIRE] team=2 losTgt=97.51
[WOBBLE_FIRE] team=2 losTgt=96.88
[WOBBLE_FIRE] team=2 losTgt=96.25
[WOBBLE_FIRE] team=2 losTgt=95.60
[WOBBLE_FIRE] team=2 losTgt=94.94
[WOBBLE_FIRE] team=2 losTgt=94.27
[WOBBLE_FIRE] team=2 losTgt=93.59
[WOBBLE_FIRE] team=2 losTgt=92.90
[WOBBLE_FIRE] team=2 losTgt=92.20
[WOBBLE_FIRE] team=2 losTgt=91.49
[WOBBLE_FIRE] team=2 losTgt=90.77
[WOBBLE_FIRE] team=2 losTgt=90.05
[WOBBLE_FIRE] team=2 losTgt=89.31
[WOBBLE_FIRE] team=2 losTgt=88.57
[WOBBLE_FIRE] team=2 losTgt=87.82
[WOBBLE_FIRE] team=2 losTgt=87.07
[WOBBLE_FIRE] team=2 losTgt=86.30
[WOBBLE_FIRE] team=2 losTgt=85.53
[WOBBLE_FIRE] team=2 losTgt=84.76
[WOBBLE_FIRE] team=2 losTgt=83.97
[WOBBLE_FIRE] team=2 losTgt=83.18
[WOBBLE_FIRE] team=2 losTgt=82.39
[WOBBLE_FIRE] team=2 losTgt=81.59
[WOBBLE_FIRE] team=2 losTgt=80.78
[WOBBLE_FIRE] team=2 losTgt=79.97
[WOBBLE_FIRE] team=2 losTgt=79.15
[WOBBLE_FIRE] team=2 losTgt=78.32
[WOBBLE_FIRE] team=2 losTgt=77.49
[WOBBLE_FIRE] team=2 losTgt=76.66
[WOBBLE_FIRE] team=2 losTgt=75.82
[WOBBLE_FIRE] team=2 losTgt=74.97
[WOBBLE_FIRE] team=2 losTgt=74.12
[WOBBLE_FIRE] team=2 losTgt=73.27
[WOBBLE_FIRE] team=2 losTgt=72.41
[WOBBLE_FIRE] team=2 losTgt=71.54
[WOBBLE_FIRE] team=2 losTgt=70.67
[WOBBLE_FIRE] team=2 losTgt=69.80
[WOBBLE_FIRE] team=2 losTgt=68.92
[WOBBLE_FIRE] team=2 losTgt=68.03
[ACTIVE] [RED] LeadPredict dist=3100.15 dV=19.6002 thr=1 om=1.03619 lt=3
[WOBBLE_FIRE] team=2 losTgt=67.14
[WOBBLE_FIRE] team=2 losTgt=66.25
[WOBBLE_FIRE] team=2 losTgt=65.35
[WOBBLE_FIRE] team=2 losTgt=64.45
[WOBBLE_FIRE] team=2 losTgt=63.54
[WOBBLE_FIRE] team=2 losTgt=62.63
[WOBBLE_FIRE] team=2 losTgt=61.71
[WOBBLE_FIRE] team=2 losTgt=60.79
[WOBBLE_FIRE] team=2 losTgt=59.87
[WOBBLE_FIRE] team=2 losTgt=58.94
[WOBBLE_FIRE] team=2 losTgt=58.00
[WOBBLE_FIRE] team=2 losTgt=57.06
[WOBBLE_FIRE] team=2 losTgt=56.12
[WOBBLE_FIRE] team=2 losTgt=55.18
[WOBBLE_FIRE] team=2 losTgt=54.23
[WOBBLE_FIRE] team=2 losTgt=53.27
[WOBBLE_FIRE] team=2 losTgt=52.31
[WOBBLE_FIRE] team=2 losTgt=51.35
[WOBBLE_FIRE] team=2 losTgt=50.38
[WOBBLE_FIRE] team=2 losTgt=49.41
[WOBBLE_FIRE] team=2 losTgt=48.43
[WOBBLE_FIRE] team=2 losTgt=47.45
[WOBBLE_FIRE] team=2 losTgt=46.46
[WOBBLE_FIRE] team=2 losTgt=45.47
[ACTIVE] [RED] LeadPredict dist=1403.33 dV=-25.259 thr=0.874885 om=1.35439 lt=3
[WOBBLE_FIRE] team=2 losTgt=45.76
[WOBBLE_FIRE] team=2 losTgt=47.91
[WOBBLE_FIRE] team=2 losTgt=49.98
[WOBBLE_FIRE] team=2 losTgt=51.94
[WOBBLE_FIRE] team=2 losTgt=53.80
[WOBBLE_FIRE] team=2 losTgt=55.52
[WOBBLE_FIRE] team=2 losTgt=57.13
[WOBBLE_FIRE] team=2 losTgt=58.61
[WOBBLE_FIRE] team=2 losTgt=59.96
[WOBBLE_FIRE] team=2 losTgt=61.18
[WOBBLE_FIRE] team=2 losTgt=62.25
[WOBBLE_FIRE] team=2 losTgt=63.18
[WOBBLE_FIRE] team=2 losTgt=63.97
[WOBBLE_FIRE] team=2 losTgt=64.62
[WOBBLE_FIRE] team=2 losTgt=65.13
[WOBBLE_FIRE] team=2 losTgt=65.51
[WOBBLE_FIRE] team=2 losTgt=65.78
[WOBBLE_FIRE] team=2 losTgt=65.92
[WOBBLE_FIRE] team=2 losTgt=65.97
[WOBBLE_FIRE] team=2 losTgt=65.92
[WOBBLE_FIRE] team=2 losTgt=65.77
[WOBBLE_FIRE] team=2 losTgt=65.54
[WOBBLE_FIRE] team=2 losTgt=65.23
[WOBBLE_FIRE] team=2 losTgt=64.84
[WOBBLE_FIRE] team=2 losTgt=64.39
[WOBBLE_FIRE] team=2 losTgt=63.86
[WOBBLE_FIRE] team=2 losTgt=63.28
[WOBBLE_FIRE] team=2 losTgt=62.64
[WOBBLE_FIRE] team=2 losTgt=61.94
[WOBBLE_FIRE] team=2 losTgt=61.19
[WOBBLE_FIRE] team=2 losTgt=60.39
[WOBBLE_FIRE] team=2 losTgt=59.54
[WOBBLE_FIRE] team=2 losTgt=58.65
[WOBBLE_FIRE] team=2 losTgt=57.72
[WOBBLE_FIRE] team=2 losTgt=56.75
[ACTIVE] [RED] LeadPredict dist=1596.79 dV=-37.2969 thr=0.665057 om=1.3826 lt=3
[WOBBLE_FIRE] team=2 losTgt=55.73
[WOBBLE_FIRE] team=2 losTgt=54.68
[WOBBLE_FIRE] team=2 losTgt=53.59
[WOBBLE_FIRE] team=2 losTgt=52.46
[WOBBLE_FIRE] team=2 losTgt=51.31
[WOBBLE_FIRE] team=2 losTgt=50.11
[WOBBLE_FIRE] team=2 losTgt=48.88
[WOBBLE_FIRE] team=2 losTgt=47.61
[WOBBLE_FIRE] team=2 losTgt=46.31
[ACTIVE] [RED] LeadPredict dist=1347.13 dV=-13.9928 thr=1 om=1.3844 lt=3
[ACTIVE] [RED] LeadPredict dist=1295.97 dV=0.668762 thr=0.687358 om=0.150187 lt=3
[ACTIVE] [RED] LeadPredict dist=1411.86 dV=-8.89981 thr=1 om=0.0201203 lt=3
[ACTIVE] [RED] LeadPredict dist=1396.3 dV=-2.16064 thr=1 om=1.21931 lt=3
[ACTIVE] [RED] LeadPredict dist=1177.28 dV=-15.7933 thr=1 om=0.355764 lt=3
[ACTIVE] [RED] LeadPredict dist=1415.69 dV=-25.3619 thr=0.65806 om=0.152977 lt=3
[ACTIVE] [RED] LeadPredict dist=1082.4 dV=32.9756 thr=1 om=1.38104 lt=2.83715
[ACTIVE] [RED] LeadPredict dist=847.953 dV=13.4783 thr=0.654999 om=0.282685 lt=2.48538
[ACTIVE] [RED] LeadPredict dist=888.925 dV=3.90976 thr=0.953083 om=0.0232654 lt=1.30549
[ACTIVE] [RED] LeadPredict dist=833.771 dV=9.56857 thr=0.885177 om=1.49729 lt=1.12479
[ACTIVE] [RED] LeadPredict dist=697.06 dV=19.6002 thr=0.764798 om=1.31595 lt=1.05347
[ACTIVE] [RED] LeadPredict dist=595.823 dV=-1.74908 thr=1 om=0.523863 lt=0.433785
[ACTIVE] [RED] LeadPredict dist=516.161 dV=15.9991 thr=0.808011 om=0.657097 lt=0
[ACTIVE] [RED] LeadPredict dist=472.709 dV=-0.565887 thr=1 om=0.149637 lt=0.689292
[ACTIVE] [RED] LeadPredict dist=443.836 dV=11.6263 thr=0.860484 om=0.0924108 lt=1.32491
[ACTIVE] [RED] LeadPredict dist=420.592 dV=-0.82309 thr=1 om=0.841443 lt=0.38669
[ACTIVE] [RED] LeadPredict dist=370.993 dV=10.6489 thr=0.752213 om=0.135288 lt=0.0350983
[ACTIVE] [RED] LeadPredict dist=311.04 dV=2.67511 thr=0.812526 om=0.253494 lt=0.535974
[ACTIVE] [RED] LeadPredict dist=296.562 dV=13.0154 thr=0.723816 om=0.836498 lt=0.64702
[ACTIVE] [RED] LeadPredict dist=222.03 dV=2.82944 thr=0.846047 om=0.255235 lt=0.67479
[ACTIVE] [RED] LeadPredict dist=259.713 dV=6.68774 thr=0.762787 om=0.175741 lt=0.822357
runner:local/env:0	num_steps=[9137] | total rewards=[1232.0334] | termination= [target destroyed]
[seed 10] reward=  1232.03 ownHP=1.0000 tgtHP=-0.0067 target destroyed
total: 2
[WOBBLE_FIRE] team=2 losTgt=150.27
[WOBBLE_FIRE] team=2 losTgt=149.63
[WOBBLE_FIRE] team=2 losTgt=147.42
[WOBBLE_FIRE] team=2 losTgt=144.92
[WOBBLE_FIRE] team=2 losTgt=142.72
[WOBBLE_FIRE] team=2 losTgt=140.79
[WOBBLE_FIRE] team=2 losTgt=139.14
[WOBBLE_FIRE] team=2 losTgt=137.68
[WOBBLE_FIRE] team=2 losTgt=136.33
[WOBBLE_FIRE] team=2 losTgt=135.03
[WOBBLE_FIRE] team=2 losTgt=133.76
[WOBBLE_FIRE] team=2 losTgt=132.53
[WOBBLE_FIRE] team=2 losTgt=131.33
[WOBBLE_FIRE] team=2 losTgt=130.18
[WOBBLE_FIRE] team=2 losTgt=129.07
[WOBBLE_FIRE] team=2 losTgt=128.00
[WOBBLE_FIRE] team=2 losTgt=126.93
[WOBBLE_FIRE] team=2 losTgt=125.86
[WOBBLE_FIRE] team=2 losTgt=124.81
[WOBBLE_FIRE] team=2 losTgt=123.79
[WOBBLE_FIRE] team=2 losTgt=122.79
[WOBBLE_FIRE] team=2 losTgt=121.82
[WOBBLE_FIRE] team=2 losTgt=120.87
[WOBBLE_FIRE] team=2 losTgt=119.95
[WOBBLE_FIRE] team=2 losTgt=119.05
[WOBBLE_FIRE] team=2 losTgt=118.17
[WOBBLE_FIRE] team=2 losTgt=117.30
[WOBBLE_FIRE] team=2 losTgt=116.43
[WOBBLE_FIRE] team=2 losTgt=115.58
[WOBBLE_FIRE] team=2 losTgt=114.74
[WOBBLE_FIRE] team=2 losTgt=113.92
[WOBBLE_FIRE] team=2 losTgt=113.11
[WOBBLE_FIRE] team=2 losTgt=112.32
[WOBBLE_FIRE] team=2 losTgt=111.54
[WOBBLE_FIRE] team=2 losTgt=110.77
[WOBBLE_FIRE] team=2 losTgt=110.00
[WOBBLE_FIRE] team=2 losTgt=109.23
[WOBBLE_FIRE] team=2 losTgt=108.46
[WOBBLE_FIRE] team=2 losTgt=107.69
[ACTIVE] [RED] LeadPredict dist=2247.78 dV=-8.28247 thr=0.845432 om=0.436718 lt=3
[WOBBLE_FIRE] team=2 losTgt=106.90
[WOBBLE_FIRE] team=2 losTgt=106.10
[WOBBLE_FIRE] team=2 losTgt=105.31
[WOBBLE_FIRE] team=2 losTgt=104.55
[WOBBLE_FIRE] team=2 losTgt=103.83
[WOBBLE_FIRE] team=2 losTgt=103.16
[WOBBLE_FIRE] team=2 losTgt=102.50
[WOBBLE_FIRE] team=2 losTgt=101.85
[WOBBLE_FIRE] team=2 losTgt=101.20
[WOBBLE_FIRE] team=2 losTgt=100.55
[WOBBLE_FIRE] team=2 losTgt=99.90
[WOBBLE_FIRE] team=2 losTgt=99.24
[WOBBLE_FIRE] team=2 losTgt=98.58
[WOBBLE_FIRE] team=2 losTgt=97.94
[WOBBLE_FIRE] team=2 losTgt=97.29
[WOBBLE_FIRE] team=2 losTgt=96.66
[WOBBLE_FIRE] team=2 losTgt=96.03
[WOBBLE_FIRE] team=2 losTgt=95.41
[WOBBLE_FIRE] team=2 losTgt=94.80
[WOBBLE_FIRE] team=2 losTgt=94.20
[WOBBLE_FIRE] team=2 losTgt=93.60
[WOBBLE_FIRE] team=2 losTgt=93.02
[WOBBLE_FIRE] team=2 losTgt=92.44
[WOBBLE_FIRE] team=2 losTgt=91.88
[WOBBLE_FIRE] team=2 losTgt=91.32
[WOBBLE_FIRE] team=2 losTgt=90.76
[WOBBLE_FIRE] team=2 losTgt=90.21
[WOBBLE_FIRE] team=2 losTgt=89.66
[WOBBLE_FIRE] team=2 losTgt=89.12
[WOBBLE_FIRE] team=2 losTgt=88.59
[WOBBLE_FIRE] team=2 losTgt=88.06
[WOBBLE_FIRE] team=2 losTgt=87.54
[WOBBLE_FIRE] team=2 losTgt=87.02
[WOBBLE_FIRE] team=2 losTgt=86.51
[WOBBLE_FIRE] team=2 losTgt=86.00
[WOBBLE_FIRE] team=2 losTgt=85.45
[WOBBLE_FIRE] team=2 losTgt=84.88
[WOBBLE_FIRE] team=2 losTgt=84.29
[WOBBLE_FIRE] team=2 losTgt=83.70
[WOBBLE_FIRE] team=2 losTgt=83.10
[WOBBLE_FIRE] team=2 losTgt=82.51
[WOBBLE_FIRE] team=2 losTgt=81.89
[WOBBLE_FIRE] team=2 losTgt=81.25
[WOBBLE_FIRE] team=2 losTgt=80.60
[WOBBLE_FIRE] team=2 losTgt=79.96
[WOBBLE_FIRE] team=2 losTgt=79.35
[WOBBLE_FIRE] team=2 losTgt=78.74
[WOBBLE_FIRE] team=2 losTgt=78.14
[WOBBLE_FIRE] team=2 losTgt=77.54
[WOBBLE_FIRE] team=2 losTgt=76.95
[WOBBLE_FIRE] team=2 losTgt=76.35
[WOBBLE_FIRE] team=2 losTgt=75.75
[WOBBLE_FIRE] team=2 losTgt=75.14
[WOBBLE_FIRE] team=2 losTgt=74.54
[WOBBLE_FIRE] team=2 losTgt=73.92
[WOBBLE_FIRE] team=2 losTgt=73.31
[WOBBLE_FIRE] team=2 losTgt=72.69
[WOBBLE_FIRE] team=2 losTgt=72.07
[WOBBLE_FIRE] team=2 losTgt=71.45
[WOBBLE_FIRE] team=2 losTgt=70.82
[ACTIVE] [RED] LeadPredict dist=939.555 dV=-41.1552 thr=0.813074 om=0.63716 lt=3
[WOBBLE_FIRE] team=2 losTgt=70.20
[WOBBLE_FIRE] team=2 losTgt=69.56
[WOBBLE_FIRE] team=2 losTgt=68.93
[WOBBLE_FIRE] team=2 losTgt=68.30
[WOBBLE_FIRE] team=2 losTgt=67.65
[WOBBLE_FIRE] team=2 losTgt=67.01
[WOBBLE_FIRE] team=2 losTgt=66.36
[WOBBLE_FIRE] team=2 losTgt=65.72
[WOBBLE_FIRE] team=2 losTgt=65.07
[WOBBLE_FIRE] team=2 losTgt=64.42
[WOBBLE_FIRE] team=2 losTgt=63.74
[WOBBLE_FIRE] team=2 losTgt=63.08
[WOBBLE_FIRE] team=2 losTgt=62.40
[WOBBLE_FIRE] team=2 losTgt=61.71
[WOBBLE_FIRE] team=2 losTgt=61.01
[WOBBLE_FIRE] team=2 losTgt=60.29
[WOBBLE_FIRE] team=2 losTgt=59.56
[WOBBLE_FIRE] team=2 losTgt=58.80
[WOBBLE_FIRE] team=2 losTgt=58.02
[WOBBLE_FIRE] team=2 losTgt=57.19
[WOBBLE_FIRE] team=2 losTgt=56.29
[WOBBLE_FIRE] team=2 losTgt=55.34
[WOBBLE_FIRE] team=2 losTgt=54.26
[WOBBLE_FIRE] team=2 losTgt=52.97
[WOBBLE_FIRE] team=2 losTgt=51.31
[WOBBLE_FIRE] team=2 losTgt=48.90
[WOBBLE_FIRE] team=2 losTgt=95.42
[WOBBLE_FIRE] team=2 losTgt=114.18
[WOBBLE_FIRE] team=2 losTgt=117.00
[WOBBLE_FIRE] team=2 losTgt=117.67
[WOBBLE_FIRE] team=2 losTgt=117.81
[WOBBLE_FIRE] team=2 losTgt=117.81
[WOBBLE_FIRE] team=2 losTgt=117.69
[WOBBLE_FIRE] team=2 losTgt=117.47
[WOBBLE_FIRE] team=2 losTgt=117.21
[WOBBLE_FIRE] team=2 losTgt=116.90
[WOBBLE_FIRE] team=2 losTgt=116.57
[WOBBLE_FIRE] team=2 losTgt=116.22
[WOBBLE_FIRE] team=2 losTgt=115.68
[WOBBLE_FIRE] team=2 losTgt=114.58
[WOBBLE_FIRE] team=2 losTgt=112.57
[WOBBLE_FIRE] team=2 losTgt=110.04
[WOBBLE_FIRE] team=2 losTgt=107.60
[WOBBLE_FIRE] team=2 losTgt=105.63
[WOBBLE_FIRE] team=2 losTgt=103.99
[WOBBLE_FIRE] team=2 losTgt=102.58
[WOBBLE_FIRE] team=2 losTgt=101.30
[WOBBLE_FIRE] team=2 losTgt=100.07
[WOBBLE_FIRE] team=2 losTgt=98.88
[WOBBLE_FIRE] team=2 losTgt=97.71
[WOBBLE_FIRE] team=2 losTgt=96.55
[WOBBLE_FIRE] team=2 losTgt=95.41
[WOBBLE_FIRE] team=2 losTgt=94.27
[WOBBLE_FIRE] team=2 losTgt=93.13
[WOBBLE_FIRE] team=2 losTgt=91.98
[WOBBLE_FIRE] team=2 losTgt=90.84
[WOBBLE_FIRE] team=2 losTgt=89.70
[WOBBLE_FIRE] team=2 losTgt=88.55
[ACTIVE] [RED] LeadPredict dist=928.603 dV=-40.6408 thr=0.750107 om=1.19125 lt=2.91282
[WOBBLE_FIRE] team=2 losTgt=87.39
[WOBBLE_FIRE] team=2 losTgt=86.23
[WOBBLE_FIRE] team=2 losTgt=85.06
[WOBBLE_FIRE] team=2 losTgt=83.88
[WOBBLE_FIRE] team=2 losTgt=82.70
[WOBBLE_FIRE] team=2 losTgt=81.51
[WOBBLE_FIRE] team=2 losTgt=80.32
[WOBBLE_FIRE] team=2 losTgt=79.12
[WOBBLE_FIRE] team=2 losTgt=77.85
[WOBBLE_FIRE] team=2 losTgt=76.52
[WOBBLE_FIRE] team=2 losTgt=75.12
[WOBBLE_FIRE] team=2 losTgt=73.70
[WOBBLE_FIRE] team=2 losTgt=72.29
[WOBBLE_FIRE] team=2 losTgt=70.89
[WOBBLE_FIRE] team=2 losTgt=69.51
[WOBBLE_FIRE] team=2 losTgt=68.12
[WOBBLE_FIRE] team=2 losTgt=66.72
[WOBBLE_FIRE] team=2 losTgt=65.32
[WOBBLE_FIRE] team=2 losTgt=63.90
[WOBBLE_FIRE] team=2 losTgt=62.47
[WOBBLE_FIRE] team=2 losTgt=61.02
[WOBBLE_FIRE] team=2 losTgt=59.54
[WOBBLE_FIRE] team=2 losTgt=58.04
[WOBBLE_FIRE] team=2 losTgt=56.52
[WOBBLE_FIRE] team=2 losTgt=54.97
[WOBBLE_FIRE] team=2 losTgt=53.39
[WOBBLE_FIRE] team=2 losTgt=51.77
[WOBBLE_FIRE] team=2 losTgt=50.11
[WOBBLE_FIRE] team=2 losTgt=48.42
[WOBBLE_FIRE] team=2 losTgt=46.66
[WOBBLE_FIRE] team=2 losTgt=46.52
[WOBBLE_FIRE] team=2 losTgt=54.12
[WOBBLE_FIRE] team=2 losTgt=61.24
[WOBBLE_FIRE] team=2 losTgt=67.65
[WOBBLE_FIRE] team=2 losTgt=73.29
[WOBBLE_FIRE] team=2 losTgt=78.15
[WOBBLE_FIRE] team=2 losTgt=82.35
[WOBBLE_FIRE] team=2 losTgt=85.95
[WOBBLE_FIRE] team=2 losTgt=89.11
[WOBBLE_FIRE] team=2 losTgt=91.78
[ACTIVE] [RED] LeadPredict dist=523.424 dV=2.31497 thr=0.62286 om=0.34279 lt=1.5009
[WOBBLE_FIRE] team=2 losTgt=93.82
[WOBBLE_FIRE] team=2 losTgt=94.98
[WOBBLE_FIRE] team=2 losTgt=95.16
[WOBBLE_FIRE] team=2 losTgt=94.68
[WOBBLE_FIRE] team=2 losTgt=94.17
[WOBBLE_FIRE] team=2 losTgt=93.71
[WOBBLE_FIRE] team=2 losTgt=93.24
[WOBBLE_FIRE] team=2 losTgt=92.77
[WOBBLE_FIRE] team=2 losTgt=92.21
[WOBBLE_FIRE] team=2 losTgt=91.59
[WOBBLE_FIRE] team=2 losTgt=90.92
[WOBBLE_FIRE] team=2 losTgt=90.20
[WOBBLE_FIRE] team=2 losTgt=89.44
[WOBBLE_FIRE] team=2 losTgt=88.65
[WOBBLE_FIRE] team=2 losTgt=87.81
[WOBBLE_FIRE] team=2 losTgt=86.94
[WOBBLE_FIRE] team=2 losTgt=86.04
[WOBBLE_FIRE] team=2 losTgt=85.11
[WOBBLE_FIRE] team=2 losTgt=84.15
[WOBBLE_FIRE] team=2 losTgt=83.16
[WOBBLE_FIRE] team=2 losTgt=82.15
[WOBBLE_FIRE] team=2 losTgt=81.09
[WOBBLE_FIRE] team=2 losTgt=80.00
[WOBBLE_FIRE] team=2 losTgt=78.88
[WOBBLE_FIRE] team=2 losTgt=77.75
[WOBBLE_FIRE] team=2 losTgt=76.60
[WOBBLE_FIRE] team=2 losTgt=75.43
[WOBBLE_FIRE] team=2 losTgt=74.25
[WOBBLE_FIRE] team=2 losTgt=73.04
[WOBBLE_FIRE] team=2 losTgt=71.82
[WOBBLE_FIRE] team=2 losTgt=70.58
[WOBBLE_FIRE] team=2 losTgt=69.31
[WOBBLE_FIRE] team=2 losTgt=68.03
[WOBBLE_FIRE] team=2 losTgt=66.74
[WOBBLE_FIRE] team=2 losTgt=65.41
[WOBBLE_FIRE] team=2 losTgt=64.08
[WOBBLE_FIRE] team=2 losTgt=62.72
[WOBBLE_FIRE] team=2 losTgt=61.34
[WOBBLE_FIRE] team=2 losTgt=59.94
[WOBBLE_FIRE] team=2 losTgt=58.51
[WOBBLE_FIRE] team=2 losTgt=57.05
[WOBBLE_FIRE] team=2 losTgt=55.58
[WOBBLE_FIRE] team=2 losTgt=54.07
[WOBBLE_FIRE] team=2 losTgt=52.53
[WOBBLE_FIRE] team=2 losTgt=50.96
[WOBBLE_FIRE] team=2 losTgt=49.35
[WOBBLE_FIRE] team=2 losTgt=47.70
[WOBBLE_FIRE] team=2 losTgt=45.99
[ACTIVE] [RED] LeadPredict dist=487.72 dV=-16.2563 thr=0.635541 om=0.0513038 lt=1.41059
[WOBBLE_FIRE] team=2 losTgt=47.24
[WOBBLE_FIRE] team=2 losTgt=52.53
[WOBBLE_FIRE] team=2 losTgt=56.53
[WOBBLE_FIRE] team=2 losTgt=59.71
[WOBBLE_FIRE] team=2 losTgt=62.43
[WOBBLE_FIRE] team=2 losTgt=64.66
[WOBBLE_FIRE] team=2 losTgt=66.41
[WOBBLE_FIRE] team=2 losTgt=67.72
[WOBBLE_FIRE] team=2 losTgt=68.66
[WOBBLE_FIRE] team=2 losTgt=69.31
[WOBBLE_FIRE] team=2 losTgt=69.69
[WOBBLE_FIRE] team=2 losTgt=69.86
[WOBBLE_FIRE] team=2 losTgt=69.87
[WOBBLE_FIRE] team=2 losTgt=69.73
[WOBBLE_FIRE] team=2 losTgt=69.46
[WOBBLE_FIRE] team=2 losTgt=69.09
[WOBBLE_FIRE] team=2 losTgt=68.62
[WOBBLE_FIRE] team=2 losTgt=68.05
[WOBBLE_FIRE] team=2 losTgt=67.41
[WOBBLE_FIRE] team=2 losTgt=66.70
[WOBBLE_FIRE] team=2 losTgt=66.90
[WOBBLE_FIRE] team=2 losTgt=69.52
[WOBBLE_FIRE] team=2 losTgt=70.63
[WOBBLE_FIRE] team=2 losTgt=71.80
[WOBBLE_FIRE] team=2 losTgt=72.74
[WOBBLE_FIRE] team=2 losTgt=73.42
[WOBBLE_FIRE] team=2 losTgt=73.76
[WOBBLE_FIRE] team=2 losTgt=73.96
[WOBBLE_FIRE] team=2 losTgt=74.36
[WOBBLE_FIRE] team=2 losTgt=75.03
[WOBBLE_FIRE] team=2 losTgt=75.79
[WOBBLE_FIRE] team=2 losTgt=76.04
[WOBBLE_FIRE] team=2 losTgt=75.83
[WOBBLE_FIRE] team=2 losTgt=76.34
[WOBBLE_FIRE] team=2 losTgt=76.64
[WOBBLE_FIRE] team=2 losTgt=76.62
[WOBBLE_FIRE] team=2 losTgt=76.68
[WOBBLE_FIRE] team=2 losTgt=77.04
[WOBBLE_FIRE] team=2 losTgt=76.38
[WOBBLE_FIRE] team=2 losTgt=75.96
[WOBBLE_FIRE] team=2 losTgt=76.40
[WOBBLE_FIRE] team=2 losTgt=77.31
[WOBBLE_FIRE] team=2 losTgt=76.26
[WOBBLE_FIRE] team=2 losTgt=73.41
[WOBBLE_FIRE] team=2 losTgt=73.05
[WOBBLE_FIRE] team=2 losTgt=74.99
[WOBBLE_FIRE] team=2 losTgt=75.05
[WOBBLE_FIRE] team=2 losTgt=71.75
[WOBBLE_FIRE] team=2 losTgt=70.06
[WOBBLE_FIRE] team=2 losTgt=70.30
[WOBBLE_FIRE] team=2 losTgt=67.74
[WOBBLE_FIRE] team=2 losTgt=65.71
[WOBBLE_FIRE] team=2 losTgt=64.55
[WOBBLE_FIRE] team=2 losTgt=62.96
[WOBBLE_FIRE] team=2 losTgt=62.50
[ACTIVE] [RED] ClimbOut Z=2118.72
[WOBBLE_FIRE] team=2 losTgt=64.77
[WOBBLE_FIRE] team=2 losTgt=65.39
[WOBBLE_FIRE] team=2 losTgt=66.09
[WOBBLE_FIRE] team=2 losTgt=66.17
[WOBBLE_FIRE] team=2 losTgt=65.90
[WOBBLE_FIRE] team=2 losTgt=65.42
[WOBBLE_FIRE] team=2 losTgt=65.01
[WOBBLE_FIRE] team=2 losTgt=64.94
[WOBBLE_FIRE] team=2 losTgt=65.38
[WOBBLE_FIRE] team=2 losTgt=65.28
[WOBBLE_FIRE] team=2 losTgt=64.71
[WOBBLE_FIRE] team=2 losTgt=63.60
[WOBBLE_FIRE] team=2 losTgt=61.84
[WOBBLE_FIRE] team=2 losTgt=60.30
[WOBBLE_FIRE] team=2 losTgt=59.00
[WOBBLE_FIRE] team=2 losTgt=57.87
[WOBBLE_FIRE] team=2 losTgt=56.90
[WOBBLE_FIRE] team=2 losTgt=56.09
[WOBBLE_FIRE] team=2 losTgt=55.42
[ACTIVE] [RED] LeadPredict dist=807.624 dV=16.0505 thr=0.627233 om=1.32481 lt=2.32269
[WOBBLE_FIRE] team=2 losTgt=54.86
[WOBBLE_FIRE] team=2 losTgt=54.45
[WOBBLE_FIRE] team=2 losTgt=54.18
[WOBBLE_FIRE] team=2 losTgt=54.05
[WOBBLE_FIRE] team=2 losTgt=54.10
[WOBBLE_FIRE] team=2 losTgt=54.29
[WOBBLE_FIRE] team=2 losTgt=54.64
[WOBBLE_FIRE] team=2 losTgt=55.13
[WOBBLE_FIRE] team=2 losTgt=55.72
[WOBBLE_FIRE] team=2 losTgt=56.43
[WOBBLE_FIRE] team=2 losTgt=57.22
[WOBBLE_FIRE] team=2 losTgt=58.11
[WOBBLE_FIRE] team=2 losTgt=59.06
[WOBBLE_FIRE] team=2 losTgt=60.07
[WOBBLE_FIRE] team=2 losTgt=61.12
[WOBBLE_FIRE] team=2 losTgt=62.19
[WOBBLE_FIRE] team=2 losTgt=63.26
[WOBBLE_FIRE] team=2 losTgt=64.32
[WOBBLE_FIRE] team=2 losTgt=65.34
[WOBBLE_FIRE] team=2 losTgt=66.29
[WOBBLE_FIRE] team=2 losTgt=67.16
[WOBBLE_FIRE] team=2 losTgt=67.94
[WOBBLE_FIRE] team=2 losTgt=68.62
[WOBBLE_FIRE] team=2 losTgt=69.20
[WOBBLE_FIRE] team=2 losTgt=69.69
[WOBBLE_FIRE] team=2 losTgt=70.08
[WOBBLE_FIRE] team=2 losTgt=70.37
[WOBBLE_FIRE] team=2 losTgt=70.57
[WOBBLE_FIRE] team=2 losTgt=70.67
[WOBBLE_FIRE] team=2 losTgt=70.69
[WOBBLE_FIRE] team=2 losTgt=70.62
[WOBBLE_FIRE] team=2 losTgt=70.48
[WOBBLE_FIRE] team=2 losTgt=70.26
[WOBBLE_FIRE] team=2 losTgt=69.97
[WOBBLE_FIRE] team=2 losTgt=69.60
[WOBBLE_FIRE] team=2 losTgt=69.17
[WOBBLE_FIRE] team=2 losTgt=68.66
[WOBBLE_FIRE] team=2 losTgt=68.11
[WOBBLE_FIRE] team=2 losTgt=67.50
[WOBBLE_FIRE] team=2 losTgt=66.84
[WOBBLE_FIRE] team=2 losTgt=66.14
[WOBBLE_FIRE] team=2 losTgt=65.39
[WOBBLE_FIRE] team=2 losTgt=64.60
[WOBBLE_FIRE] team=2 losTgt=63.77
[WOBBLE_FIRE] team=2 losTgt=62.90
[WOBBLE_FIRE] team=2 losTgt=61.99
[WOBBLE_FIRE] team=2 losTgt=61.05
[WOBBLE_FIRE] team=2 losTgt=60.07
[WOBBLE_FIRE] team=2 losTgt=59.07
[WOBBLE_FIRE] team=2 losTgt=58.02
[WOBBLE_FIRE] team=2 losTgt=56.95
[WOBBLE_FIRE] team=2 losTgt=55.84
[WOBBLE_FIRE] team=2 losTgt=54.70
[WOBBLE_FIRE] team=2 losTgt=53.52
[WOBBLE_FIRE] team=2 losTgt=52.32
[WOBBLE_FIRE] team=2 losTgt=51.08
[WOBBLE_FIRE] team=2 losTgt=49.80
[WOBBLE_FIRE] team=2 losTgt=48.50
[WOBBLE_FIRE] team=2 losTgt=47.16
[WOBBLE_FIRE] team=2 losTgt=45.78
[ACTIVE] [RED] LeadPredict dist=1114.6 dV=20.2689 thr=0.792741 om=1.53738 lt=3
[ACTIVE] [RED] LeadPredict dist=786.76 dV=-21.2464 thr=1 om=0.0626983 lt=2.98994
[ACTIVE] [RED] LeadPredict dist=1016.15 dV=14.6615 thr=1 om=1.61335 lt=3
[ACTIVE] [RED] LeadPredict dist=732.018 dV=32.6155 thr=0.655999 om=0.00737518 lt=2.86883
[ACTIVE] [RED] LeadPredict dist=691.685 dV=10.0316 thr=0.879621 om=0.0191786 lt=0.0886122
[ACTIVE] [RED] LeadPredict dist=603.715 dV=16.6678 thr=0.799986 om=1.15094 lt=2.22852
[ACTIVE] [RED] LeadPredict dist=574.411 dV=5.96751 thr=0.92839 om=0.539355 lt=0.0395652
[ACTIVE] [RED] LeadPredict dist=544.446 dV=9.77435 thr=0.882708 om=0.129971 lt=0.0460603
[ACTIVE] [RED] LeadPredict dist=450.264 dV=9.25992 thr=0.888881 om=0.204394 lt=0.818272
[ACTIVE] [RED] LeadPredict dist=419.336 dV=17.1309 thr=0.839873 om=1.35356 lt=0.3017
[ACTIVE] [RED] LeadPredict dist=371.214 dV=7.15071 thr=0.794191 om=0.380827 lt=1.04099
[ACTIVE] [RED] LeadPredict dist=360.456 dV=0.925995 thr=0.834282 om=0.289505 lt=1.20557
[ACTIVE] [RED] LeadPredict dist=428.929 dV=3.60107 thr=0.687576 om=0.110523 lt=1.2861
[ACTIVE] [RED] LeadPredict dist=434.112 dV=-10.9576 thr=0.772204 om=0.223255 lt=0.938396
[ACTIVE] [RED] LeadPredict dist=471.519 dV=4.26984 thr=0.527753 om=0.80008 lt=1.27054
[WOBBLE_FIRE] team=2 losTgt=46.59
[WOBBLE_FIRE] team=2 losTgt=46.46
[WOBBLE_FIRE] team=2 losTgt=49.74
[WOBBLE_FIRE] team=2 losTgt=49.33
[WOBBLE_FIRE] team=2 losTgt=50.09
[WOBBLE_FIRE] team=2 losTgt=51.39
[WOBBLE_FIRE] team=2 losTgt=51.80
[WOBBLE_FIRE] team=2 losTgt=52.33
[WOBBLE_FIRE] team=2 losTgt=52.85
[WOBBLE_FIRE] team=2 losTgt=53.32
[WOBBLE_FIRE] team=2 losTgt=53.75
[WOBBLE_FIRE] team=2 losTgt=54.16
[WOBBLE_FIRE] team=2 losTgt=54.52
[WOBBLE_FIRE] team=2 losTgt=54.90
[WOBBLE_FIRE] team=2 losTgt=55.23
[WOBBLE_FIRE] team=2 losTgt=55.58
[WOBBLE_FIRE] team=2 losTgt=55.91
[WOBBLE_FIRE] team=2 losTgt=56.25
[WOBBLE_FIRE] team=2 losTgt=56.58
[WOBBLE_FIRE] team=2 losTgt=56.94
[WOBBLE_FIRE] team=2 losTgt=57.28
[WOBBLE_FIRE] team=2 losTgt=57.60
[WOBBLE_FIRE] team=2 losTgt=57.93
[WOBBLE_FIRE] team=2 losTgt=58.25
[WOBBLE_FIRE] team=2 losTgt=58.57
[WOBBLE_FIRE] team=2 losTgt=58.87
[WOBBLE_FIRE] team=2 losTgt=59.17
[WOBBLE_FIRE] team=2 losTgt=59.44
[WOBBLE_FIRE] team=2 losTgt=59.70
[WOBBLE_FIRE] team=2 losTgt=59.94
[WOBBLE_FIRE] team=2 losTgt=60.14
[WOBBLE_FIRE] team=2 losTgt=60.32
[WOBBLE_FIRE] team=2 losTgt=60.46
[WOBBLE_FIRE] team=2 losTgt=60.56
[ACTIVE] [RED] LeadPredict dist=672.259 dV=19.3944 thr=0.635541 om=0.972084 lt=1.94432
[WOBBLE_FIRE] team=2 losTgt=60.61
[WOBBLE_FIRE] team=2 losTgt=60.60
[WOBBLE_FIRE] team=2 losTgt=60.53
[WOBBLE_FIRE] team=2 losTgt=60.42
[WOBBLE_FIRE] team=2 losTgt=60.25
[WOBBLE_FIRE] team=2 losTgt=60.01
[WOBBLE_FIRE] team=2 losTgt=59.70
[WOBBLE_FIRE] team=2 losTgt=59.32
[WOBBLE_FIRE] team=2 losTgt=58.84
[WOBBLE_FIRE] team=2 losTgt=58.26
[WOBBLE_FIRE] team=2 losTgt=57.62
[WOBBLE_FIRE] team=2 losTgt=56.89
[WOBBLE_FIRE] team=2 losTgt=56.12
[WOBBLE_FIRE] team=2 losTgt=55.27
[WOBBLE_FIRE] team=2 losTgt=54.38
[WOBBLE_FIRE] team=2 losTgt=53.43
[WOBBLE_FIRE] team=2 losTgt=52.42
[WOBBLE_FIRE] team=2 losTgt=51.34
[WOBBLE_FIRE] team=2 losTgt=50.19
[WOBBLE_FIRE] team=2 losTgt=48.98
[WOBBLE_FIRE] team=2 losTgt=47.71
[WOBBLE_FIRE] team=2 losTgt=46.38
[ACTIVE] [RED] LeadPredict dist=587.8 dV=-8.84836 thr=1 om=0.57667 lt=2.05837
[WOBBLE_FIRE] team=2 losTgt=45.29
[WOBBLE_FIRE] team=2 losTgt=46.05
[WOBBLE_FIRE] team=2 losTgt=46.72
[WOBBLE_FIRE] team=2 losTgt=47.29
[WOBBLE_FIRE] team=2 losTgt=47.76
[WOBBLE_FIRE] team=2 losTgt=48.13
[WOBBLE_FIRE] team=2 losTgt=48.39
[WOBBLE_FIRE] team=2 losTgt=48.56
[WOBBLE_FIRE] team=2 losTgt=48.62
[WOBBLE_FIRE] team=2 losTgt=48.58
[WOBBLE_FIRE] team=2 losTgt=48.43
[WOBBLE_FIRE] team=2 losTgt=48.16
[WOBBLE_FIRE] team=2 losTgt=47.79
[WOBBLE_FIRE] team=2 losTgt=47.29
[WOBBLE_FIRE] team=2 losTgt=46.70
[WOBBLE_FIRE] team=2 losTgt=46.02
[WOBBLE_FIRE] team=2 losTgt=45.25
[ACTIVE] [RED] LeadPredict dist=882.841 dV=4.37274 thr=0.972914 om=1.71483 lt=1.29463
[ACTIVE] [RED] LeadPredict dist=759.23 dV=5.50452 thr=0.933946 om=0.0542937 lt=2.8887
runner:local/env:0	num_steps=[9379] | total rewards=[909.3950] | termination= [target destroyed]
[seed 11] reward=   909.39 ownHP=1.0000 tgtHP=-0.0004 target destroyed
total: 2
[WOBBLE_FIRE] team=2 losTgt=172.24
[WOBBLE_FIRE] team=2 losTgt=171.61
[WOBBLE_FIRE] team=2 losTgt=170.40
[WOBBLE_FIRE] team=2 losTgt=168.92
[WOBBLE_FIRE] team=2 losTgt=167.22
[WOBBLE_FIRE] team=2 losTgt=165.26
[WOBBLE_FIRE] team=2 losTgt=163.16
[WOBBLE_FIRE] team=2 losTgt=161.20
[WOBBLE_FIRE] team=2 losTgt=159.46
[WOBBLE_FIRE] team=2 losTgt=157.86
[WOBBLE_FIRE] team=2 losTgt=156.35
[WOBBLE_FIRE] team=2 losTgt=154.90
[WOBBLE_FIRE] team=2 losTgt=153.51
[WOBBLE_FIRE] team=2 losTgt=152.16
[WOBBLE_FIRE] team=2 losTgt=150.86
[WOBBLE_FIRE] team=2 losTgt=149.59
[WOBBLE_FIRE] team=2 losTgt=148.32
[WOBBLE_FIRE] team=2 losTgt=147.06
[WOBBLE_FIRE] team=2 losTgt=145.81
[WOBBLE_FIRE] team=2 losTgt=144.58
[WOBBLE_FIRE] team=2 losTgt=143.37
[WOBBLE_FIRE] team=2 losTgt=142.19
[WOBBLE_FIRE] team=2 losTgt=141.02
[WOBBLE_FIRE] team=2 losTgt=139.88
[ACTIVE] [RED] LeadPredict dist=3849.12 dV=1.64621 thr=1 om=1.07534 lt=3
[WOBBLE_FIRE] team=2 losTgt=138.75
[WOBBLE_FIRE] team=2 losTgt=137.63
[WOBBLE_FIRE] team=2 losTgt=136.52
[WOBBLE_FIRE] team=2 losTgt=135.42
[WOBBLE_FIRE] team=2 losTgt=134.32
[WOBBLE_FIRE] team=2 losTgt=133.23
[WOBBLE_FIRE] team=2 losTgt=132.16
[WOBBLE_FIRE] team=2 losTgt=131.10
[WOBBLE_FIRE] team=2 losTgt=130.05
[WOBBLE_FIRE] team=2 losTgt=129.01
[WOBBLE_FIRE] team=2 losTgt=127.98
[WOBBLE_FIRE] team=2 losTgt=126.96
[WOBBLE_FIRE] team=2 losTgt=125.95
[WOBBLE_FIRE] team=2 losTgt=124.95
[WOBBLE_FIRE] team=2 losTgt=123.96
[WOBBLE_FIRE] team=2 losTgt=122.97
[WOBBLE_FIRE] team=2 losTgt=122.00
[WOBBLE_FIRE] team=2 losTgt=121.04
[WOBBLE_FIRE] team=2 losTgt=120.08
[WOBBLE_FIRE] team=2 losTgt=119.13
[WOBBLE_FIRE] team=2 losTgt=118.19
[WOBBLE_FIRE] team=2 losTgt=117.26
[WOBBLE_FIRE] team=2 losTgt=116.34
[WOBBLE_FIRE] team=2 losTgt=115.43
[WOBBLE_FIRE] team=2 losTgt=114.52
[WOBBLE_FIRE] team=2 losTgt=113.63
[WOBBLE_FIRE] team=2 losTgt=112.74
[WOBBLE_FIRE] team=2 losTgt=111.86
[WOBBLE_FIRE] team=2 losTgt=110.99
[WOBBLE_FIRE] team=2 losTgt=110.13
[WOBBLE_FIRE] team=2 losTgt=109.28
[WOBBLE_FIRE] team=2 losTgt=108.44
[WOBBLE_FIRE] team=2 losTgt=107.60
[WOBBLE_FIRE] team=2 losTgt=106.77
[WOBBLE_FIRE] team=2 losTgt=105.95
[WOBBLE_FIRE] team=2 losTgt=105.14
[WOBBLE_FIRE] team=2 losTgt=104.33
[WOBBLE_FIRE] team=2 losTgt=103.52
[WOBBLE_FIRE] team=2 losTgt=102.72
[WOBBLE_FIRE] team=2 losTgt=101.92
[WOBBLE_FIRE] team=2 losTgt=101.13
[WOBBLE_FIRE] team=2 losTgt=100.33
[WOBBLE_FIRE] team=2 losTgt=99.54
[WOBBLE_FIRE] team=2 losTgt=98.74
[WOBBLE_FIRE] team=2 losTgt=97.96
[WOBBLE_FIRE] team=2 losTgt=97.20
[WOBBLE_FIRE] team=2 losTgt=96.46
[WOBBLE_FIRE] team=2 losTgt=95.71
[WOBBLE_FIRE] team=2 losTgt=94.96
[WOBBLE_FIRE] team=2 losTgt=94.21
[WOBBLE_FIRE] team=2 losTgt=93.46
[WOBBLE_FIRE] team=2 losTgt=92.70
[WOBBLE_FIRE] team=2 losTgt=91.95
[WOBBLE_FIRE] team=2 losTgt=91.20
[WOBBLE_FIRE] team=2 losTgt=90.44
[WOBBLE_FIRE] team=2 losTgt=89.67
[WOBBLE_FIRE] team=2 losTgt=88.91
[WOBBLE_FIRE] team=2 losTgt=88.14
[WOBBLE_FIRE] team=2 losTgt=87.37
[WOBBLE_FIRE] team=2 losTgt=86.60
[ACTIVE] [RED] LeadPredict dist=3533.84 dV=-7.30505 thr=1 om=0.492807 lt=3
[WOBBLE_FIRE] team=2 losTgt=85.83
[WOBBLE_FIRE] team=2 losTgt=85.07
[WOBBLE_FIRE] team=2 losTgt=84.30
[WOBBLE_FIRE] team=2 losTgt=83.53
[WOBBLE_FIRE] team=2 losTgt=82.77
[WOBBLE_FIRE] team=2 losTgt=82.01
[WOBBLE_FIRE] team=2 losTgt=81.24
[WOBBLE_FIRE] team=2 losTgt=80.48
[WOBBLE_FIRE] team=2 losTgt=79.71
[WOBBLE_FIRE] team=2 losTgt=78.94
[WOBBLE_FIRE] team=2 losTgt=78.17
[WOBBLE_FIRE] team=2 losTgt=77.39
[WOBBLE_FIRE] team=2 losTgt=76.62
[WOBBLE_FIRE] team=2 losTgt=75.84
[WOBBLE_FIRE] team=2 losTgt=75.05
[WOBBLE_FIRE] team=2 losTgt=74.27
[WOBBLE_FIRE] team=2 losTgt=73.48
[WOBBLE_FIRE] team=2 losTgt=72.69
[WOBBLE_FIRE] team=2 losTgt=71.90
[WOBBLE_FIRE] team=2 losTgt=71.10
[WOBBLE_FIRE] team=2 losTgt=70.30
[WOBBLE_FIRE] team=2 losTgt=69.50
[WOBBLE_FIRE] team=2 losTgt=68.69
[WOBBLE_FIRE] team=2 losTgt=67.88
[WOBBLE_FIRE] team=2 losTgt=67.07
[WOBBLE_FIRE] team=2 losTgt=66.25
[WOBBLE_FIRE] team=2 losTgt=65.43
[WOBBLE_FIRE] team=2 losTgt=64.61
[WOBBLE_FIRE] team=2 losTgt=63.79
[WOBBLE_FIRE] team=2 losTgt=62.96
[WOBBLE_FIRE] team=2 losTgt=62.12
[WOBBLE_FIRE] team=2 losTgt=61.29
[WOBBLE_FIRE] team=2 losTgt=60.45
[WOBBLE_FIRE] team=2 losTgt=59.60
[WOBBLE_FIRE] team=2 losTgt=58.75
[WOBBLE_FIRE] team=2 losTgt=57.90
[WOBBLE_FIRE] team=2 losTgt=57.04
[WOBBLE_FIRE] team=2 losTgt=56.17
[WOBBLE_FIRE] team=2 losTgt=55.26
[WOBBLE_FIRE] team=2 losTgt=54.33
[WOBBLE_FIRE] team=2 losTgt=53.38
[WOBBLE_FIRE] team=2 losTgt=52.42
[WOBBLE_FIRE] team=2 losTgt=51.43
[WOBBLE_FIRE] team=2 losTgt=50.40
[WOBBLE_FIRE] team=2 losTgt=49.34
[WOBBLE_FIRE] team=2 losTgt=48.25
[WOBBLE_FIRE] team=2 losTgt=47.16
[WOBBLE_FIRE] team=2 losTgt=46.05
[ACTIVE] [RED] LeadPredict dist=1550.98 dV=-45.1678 thr=0.681455 om=0.99812 lt=3
[WOBBLE_FIRE] team=2 losTgt=47.10
[WOBBLE_FIRE] team=2 losTgt=52.11
[WOBBLE_FIRE] team=2 losTgt=57.15
[WOBBLE_FIRE] team=2 losTgt=61.84
[WOBBLE_FIRE] team=2 losTgt=66.07
[WOBBLE_FIRE] team=2 losTgt=69.92
[WOBBLE_FIRE] team=2 losTgt=73.41
[WOBBLE_FIRE] team=2 losTgt=76.50
[WOBBLE_FIRE] team=2 losTgt=79.19
[WOBBLE_FIRE] team=2 losTgt=81.51
[WOBBLE_FIRE] team=2 losTgt=83.54
[WOBBLE_FIRE] team=2 losTgt=85.30
[WOBBLE_FIRE] team=2 losTgt=86.80
[WOBBLE_FIRE] team=2 losTgt=88.04
[WOBBLE_FIRE] team=2 losTgt=89.03
[WOBBLE_FIRE] team=2 losTgt=89.81
[WOBBLE_FIRE] team=2 losTgt=90.40
[WOBBLE_FIRE] team=2 losTgt=90.80
[WOBBLE_FIRE] team=2 losTgt=91.05
[WOBBLE_FIRE] team=2 losTgt=91.19
[WOBBLE_FIRE] team=2 losTgt=91.21
[WOBBLE_FIRE] team=2 losTgt=91.13
[WOBBLE_FIRE] team=2 losTgt=90.98
[WOBBLE_FIRE] team=2 losTgt=90.75
[WOBBLE_FIRE] team=2 losTgt=90.40
[WOBBLE_FIRE] team=2 losTgt=89.97
[WOBBLE_FIRE] team=2 losTgt=89.44
[WOBBLE_FIRE] team=2 losTgt=88.85
[WOBBLE_FIRE] team=2 losTgt=88.21
[WOBBLE_FIRE] team=2 losTgt=87.51
[WOBBLE_FIRE] team=2 losTgt=86.77
[WOBBLE_FIRE] team=2 losTgt=85.98
[WOBBLE_FIRE] team=2 losTgt=85.14
[WOBBLE_FIRE] team=2 losTgt=84.25
[ACTIVE] [RED] LeadPredict dist=1582.17 dV=-40.7951 thr=0.698071 om=1.39781 lt=3
[WOBBLE_FIRE] team=2 losTgt=83.32
[WOBBLE_FIRE] team=2 losTgt=82.38
[WOBBLE_FIRE] team=2 losTgt=81.40
[WOBBLE_FIRE] team=2 losTgt=80.41
[WOBBLE_FIRE] team=2 losTgt=79.39
[WOBBLE_FIRE] team=2 losTgt=78.35
[WOBBLE_FIRE] team=2 losTgt=77.29
[WOBBLE_FIRE] team=2 losTgt=76.21
[WOBBLE_FIRE] team=2 losTgt=75.11
[WOBBLE_FIRE] team=2 losTgt=74.00
[WOBBLE_FIRE] team=2 losTgt=72.86
[WOBBLE_FIRE] team=2 losTgt=71.72
[WOBBLE_FIRE] team=2 losTgt=70.56
[WOBBLE_FIRE] team=2 losTgt=69.39
[WOBBLE_FIRE] team=2 losTgt=68.21
[WOBBLE_FIRE] team=2 losTgt=67.02
[WOBBLE_FIRE] team=2 losTgt=65.80
[WOBBLE_FIRE] team=2 losTgt=64.58
[WOBBLE_FIRE] team=2 losTgt=63.35
[WOBBLE_FIRE] team=2 losTgt=62.09
[WOBBLE_FIRE] team=2 losTgt=60.83
[WOBBLE_FIRE] team=2 losTgt=59.54
[WOBBLE_FIRE] team=2 losTgt=58.24
[WOBBLE_FIRE] team=2 losTgt=56.93
[WOBBLE_FIRE] team=2 losTgt=55.59
[WOBBLE_FIRE] team=2 losTgt=54.24
[WOBBLE_FIRE] team=2 losTgt=52.87
[WOBBLE_FIRE] team=2 losTgt=51.48
[WOBBLE_FIRE] team=2 losTgt=50.07
[WOBBLE_FIRE] team=2 losTgt=48.65
[WOBBLE_FIRE] team=2 losTgt=47.20
[WOBBLE_FIRE] team=2 losTgt=45.73
[ACTIVE] [RED] LeadPredict dist=1102.16 dV=-22.5839 thr=0.888279 om=1.5183 lt=3
[ACTIVE] [RED] ClimbOut Z=2781.52
[WOBBLE_FIRE] team=2 losTgt=46.66
[WOBBLE_FIRE] team=2 losTgt=49.26
[WOBBLE_FIRE] team=2 losTgt=54.19
[WOBBLE_FIRE] team=2 losTgt=57.50
[WOBBLE_FIRE] team=2 losTgt=60.42
[WOBBLE_FIRE] team=2 losTgt=62.54
[WOBBLE_FIRE] team=2 losTgt=64.29
[WOBBLE_FIRE] team=2 losTgt=65.91
[WOBBLE_FIRE] team=2 losTgt=67.64
[WOBBLE_FIRE] team=2 losTgt=69.58
[WOBBLE_FIRE] team=2 losTgt=71.60
[WOBBLE_FIRE] team=2 losTgt=73.56
[WOBBLE_FIRE] team=2 losTgt=75.89
[WOBBLE_FIRE] team=2 losTgt=77.44
[WOBBLE_FIRE] team=2 losTgt=78.29
[WOBBLE_FIRE] team=2 losTgt=79.85
[WOBBLE_FIRE] team=2 losTgt=81.33
[WOBBLE_FIRE] team=2 losTgt=81.91
[WOBBLE_FIRE] team=2 losTgt=83.37
[WOBBLE_FIRE] team=2 losTgt=84.73
[WOBBLE_FIRE] team=2 losTgt=85.68
[WOBBLE_FIRE] team=2 losTgt=86.13
[WOBBLE_FIRE] team=2 losTgt=85.85
[WOBBLE_FIRE] team=2 losTgt=85.50
[WOBBLE_FIRE] team=2 losTgt=85.07
[WOBBLE_FIRE] team=2 losTgt=84.63
[WOBBLE_FIRE] team=2 losTgt=84.19
[WOBBLE_FIRE] team=2 losTgt=83.75
[WOBBLE_FIRE] team=2 losTgt=83.28
[WOBBLE_FIRE] team=2 losTgt=82.79
[WOBBLE_FIRE] team=2 losTgt=82.30
[WOBBLE_FIRE] team=2 losTgt=82.81
[WOBBLE_FIRE] team=2 losTgt=84.86
[WOBBLE_FIRE] team=2 losTgt=85.40
[WOBBLE_FIRE] team=2 losTgt=85.47
[WOBBLE_FIRE] team=2 losTgt=85.19
[WOBBLE_FIRE] team=2 losTgt=84.62
[WOBBLE_FIRE] team=2 losTgt=84.41
[WOBBLE_FIRE] team=2 losTgt=84.35
[WOBBLE_FIRE] team=2 losTgt=84.06
[WOBBLE_FIRE] team=2 losTgt=83.35
[WOBBLE_FIRE] team=2 losTgt=82.37
[WOBBLE_FIRE] team=2 losTgt=81.42
[WOBBLE_FIRE] team=2 losTgt=80.49
[WOBBLE_FIRE] team=2 losTgt=79.59
[WOBBLE_FIRE] team=2 losTgt=78.69
[WOBBLE_FIRE] team=2 losTgt=77.77
[WOBBLE_FIRE] team=2 losTgt=76.86
[WOBBLE_FIRE] team=2 losTgt=75.95
[WOBBLE_FIRE] team=2 losTgt=75.04
[WOBBLE_FIRE] team=2 losTgt=74.12
[WOBBLE_FIRE] team=2 losTgt=73.20
[WOBBLE_FIRE] team=2 losTgt=72.27
[WOBBLE_FIRE] team=2 losTgt=71.34
[WOBBLE_FIRE] team=2 losTgt=70.40
[WOBBLE_FIRE] team=2 losTgt=69.46
[WOBBLE_FIRE] team=2 losTgt=68.51
[WOBBLE_FIRE] team=2 losTgt=67.54
[ACTIVE] [RED] LeadPredict dist=2211.5 dV=28.0884 thr=0.635103 om=1.51071 lt=3
[WOBBLE_FIRE] team=2 losTgt=66.55
[WOBBLE_FIRE] team=2 losTgt=65.56
[WOBBLE_FIRE] team=2 losTgt=64.55
[WOBBLE_FIRE] team=2 losTgt=63.53
[WOBBLE_FIRE] team=2 losTgt=62.50
[WOBBLE_FIRE] team=2 losTgt=61.45
[WOBBLE_FIRE] team=2 losTgt=60.40
[WOBBLE_FIRE] team=2 losTgt=59.33
[WOBBLE_FIRE] team=2 losTgt=58.25
[WOBBLE_FIRE] team=2 losTgt=57.16
[WOBBLE_FIRE] team=2 losTgt=56.05
[WOBBLE_FIRE] team=2 losTgt=54.94
[WOBBLE_FIRE] team=2 losTgt=53.81
[WOBBLE_FIRE] team=2 losTgt=52.67
[WOBBLE_FIRE] team=2 losTgt=51.52
[WOBBLE_FIRE] team=2 losTgt=50.35
[WOBBLE_FIRE] team=2 losTgt=49.18
[WOBBLE_FIRE] team=2 losTgt=47.99
[WOBBLE_FIRE] team=2 losTgt=46.79
[WOBBLE_FIRE] team=2 losTgt=45.58
[ACTIVE] [RED] LeadPredict dist=1390.13 dV=-12.5523 thr=0.86083 om=1.45364 lt=3
[ACTIVE] [RED] LeadPredict dist=1124.3 dV=-18.1083 thr=0.888113 om=1.37582 lt=3
[ACTIVE] [RED] ClimbOut Z=2455.15
[ACTIVE] [RED] LeadPredict dist=804.638 dV=34.3646 thr=0.587625 om=1.72589 lt=2.60597
[ACTIVE] [RED] LeadPredict dist=748.399 dV=1.18323 thr=0.985801 om=1.82034 lt=2.79283
[ACTIVE] [RED] LeadPredict dist=907.647 dV=-7.2536 thr=1 om=0.0655785 lt=2.4657
[ACTIVE] [RED] LeadPredict dist=937.013 dV=4.11551 thr=1 om=0.0192494 lt=3
[ACTIVE] [RED] LeadPredict dist=841.326 dV=19.8574 thr=0.832 om=1.41572 lt=1.42742
[ACTIVE] [RED] LeadPredict dist=755.119 dV=5.65884 thr=0.766942 om=0.141085 lt=2.39844
[ACTIVE] [RED] LeadPredict dist=791.567 dV=-2.67508 thr=1 om=0.0904375 lt=0
[ACTIVE] [RED] LeadPredict dist=724.645 dV=13.0153 thr=0.843816 om=1.39026 lt=0.65453
[ACTIVE] [RED] LeadPredict dist=648.916 dV=10.9061 thr=0.869126 om=1.26313 lt=1.70225
[ACTIVE] [RED] LeadPredict dist=601.616 dV=3.65253 thr=0.95617 om=0.278285 lt=1.61574
[ACTIVE] [RED] LeadPredict dist=575.668 dV=15.3303 thr=0.851628 om=1.49189 lt=0.169939
[ACTIVE] [RED] LeadPredict dist=480.997 dV=15.5875 thr=0.81295 om=0.111191 lt=0.745612
[ACTIVE] [RED] LeadPredict dist=420.915 dV=-0.514435 thr=0.792787 om=0.108024 lt=1.33431
[ACTIVE] [RED] LeadPredict dist=380.614 dV=12.7581 thr=0.730758 om=0.642377 lt=0.746088
runner:local/env:0	num_steps=[8233] | total rewards=[1005.6548] | termination= [target destroyed]
[seed 12] reward=  1005.65 ownHP=1.0000 tgtHP=-0.0066 target destroyed
total: 2
[ACTIVE] [RED] LeadPredict dist=4459.7 dV=1.44043 thr=1 om=0 lt=3
[ACTIVE] [RED] LeadPredict dist=2922.21 dV=2.82944 thr=1 om=0.882894 lt=3
[ACTIVE] [RED] LeadPredict dist=1689.2 dV=-14.8159 thr=0.712282 om=0.0188406 lt=3
[ACTIVE] [RED] LeadPredict dist=2199.98 dV=-40.5379 thr=0.673584 om=0.460035 lt=3
[ACTIVE] [RED] LeadPredict dist=2157.15 dV=-31.0722 thr=1 om=1.33836 lt=3
[ACTIVE] [RED] LeadPredict dist=1989.6 dV=-46.351 thr=0.714921 om=1.28639 lt=3
[ACTIVE] [RED] LeadPredict dist=1995.38 dV=-26.3908 thr=1 om=0.31458 lt=3
[ACTIVE] [RED] LeadPredict dist=1651.98 dV=31.278 thr=1 om=1.34456 lt=3
[ACTIVE] [RED] LeadPredict dist=1240.85 dV=15.0216 thr=1 om=0.077169 lt=3
[ACTIVE] [RED] LeadPredict dist=1181.33 dV=1.23465 thr=1 om=0.15057 lt=3
[ACTIVE] [RED] LeadPredict dist=1058.56 dV=5.81317 thr=1 om=1.0845 lt=3
[ACTIVE] [RED] LeadPredict dist=1023.71 dV=-16.4621 thr=1 om=0.119441 lt=3
[ACTIVE] [RED] LeadPredict dist=1289.81 dV=-23.407 thr=0.69982 om=0.111971 lt=3
[ACTIVE] [RED] LeadPredict dist=1199.04 dV=12.7581 thr=1 om=1.27668 lt=3
[ACTIVE] [RED] LeadPredict dist=1017.78 dV=8.84839 thr=1 om=0.464228 lt=2.53677
[ACTIVE] [RED] LeadPredict dist=948.398 dV=8.07672 thr=1 om=0.111342 lt=2.2729
[ACTIVE] [RED] LeadPredict dist=721.801 dV=25.3104 thr=0.696275 om=1.48686 lt=1.55572
[ACTIVE] [RED] LeadPredict dist=697.399 dV=-1.08035 thr=1 om=0.167893 lt=0
[ACTIVE] [RED] LeadPredict dist=676.887 dV=5.86459 thr=0.929625 om=0.163579 lt=0.599511
[ACTIVE] [RED] LeadPredict dist=574.453 dV=10.3402 thr=0.875917 om=1.08915 lt=0.290162
[ACTIVE] [RED] LeadPredict dist=469.055 dV=19.0857 thr=0.770971 om=0.13008 lt=0
[ACTIVE] [RED] LeadPredict dist=396.904 dV=4.47562 thr=0.882884 om=0.205872 lt=0.438719
[ACTIVE] [RED] LeadPredict dist=329.199 dV=19.0343 thr=0.651588 om=0.55265 lt=0.578165
[ACTIVE] [RED] LeadPredict dist=264.32 dV=2.41788 thr=0.850985 om=0.283943 lt=0
[ACTIVE] [RED] LeadPredict dist=212.759 dV=16.8222 thr=0.678134 om=0.0676606 lt=0.0398505
runner:local/env:0	num_steps=[8778] | total rewards=[1221.1082] | termination= [target destroyed]
[seed 13] reward=  1221.11 ownHP=1.0000 tgtHP=-0.0029 target destroyed
total: 2
[WOBBLE_FIRE] team=2 losTgt=91.91
[WOBBLE_FIRE] team=2 losTgt=91.79
[WOBBLE_FIRE] team=2 losTgt=91.46
[WOBBLE_FIRE] team=2 losTgt=91.08
[WOBBLE_FIRE] team=2 losTgt=90.62
[WOBBLE_FIRE] team=2 losTgt=90.01
[WOBBLE_FIRE] team=2 losTgt=89.19
[WOBBLE_FIRE] team=2 losTgt=88.10
[WOBBLE_FIRE] team=2 losTgt=86.76
[WOBBLE_FIRE] team=2 losTgt=85.39
[WOBBLE_FIRE] team=2 losTgt=84.13
[WOBBLE_FIRE] team=2 losTgt=82.97
[WOBBLE_FIRE] team=2 losTgt=81.91
[WOBBLE_FIRE] team=2 losTgt=80.90
[WOBBLE_FIRE] team=2 losTgt=79.93
[WOBBLE_FIRE] team=2 losTgt=78.99
[WOBBLE_FIRE] team=2 losTgt=78.08
[WOBBLE_FIRE] team=2 losTgt=77.21
[WOBBLE_FIRE] team=2 losTgt=76.35
[WOBBLE_FIRE] team=2 losTgt=75.51
[WOBBLE_FIRE] team=2 losTgt=74.69
[WOBBLE_FIRE] team=2 losTgt=73.88
[WOBBLE_FIRE] team=2 losTgt=73.09
[WOBBLE_FIRE] team=2 losTgt=72.31
[WOBBLE_FIRE] team=2 losTgt=71.55
[WOBBLE_FIRE] team=2 losTgt=70.80
[WOBBLE_FIRE] team=2 losTgt=70.07
[WOBBLE_FIRE] team=2 losTgt=69.34
[WOBBLE_FIRE] team=2 losTgt=68.61
[WOBBLE_FIRE] team=2 losTgt=67.89
[WOBBLE_FIRE] team=2 losTgt=67.18
[WOBBLE_FIRE] team=2 losTgt=66.46
[WOBBLE_FIRE] team=2 losTgt=65.74
[WOBBLE_FIRE] team=2 losTgt=65.03
[WOBBLE_FIRE] team=2 losTgt=64.31
[WOBBLE_FIRE] team=2 losTgt=63.59
[WOBBLE_FIRE] team=2 losTgt=62.86
[WOBBLE_FIRE] team=2 losTgt=62.14
[WOBBLE_FIRE] team=2 losTgt=61.40
[WOBBLE_FIRE] team=2 losTgt=60.67
[WOBBLE_FIRE] team=2 losTgt=59.94
[WOBBLE_FIRE] team=2 losTgt=59.20
[WOBBLE_FIRE] team=2 losTgt=58.45
[WOBBLE_FIRE] team=2 losTgt=57.71
[WOBBLE_FIRE] team=2 losTgt=56.95
[WOBBLE_FIRE] team=2 losTgt=56.20
[ACTIVE] [RED] LeadPredict dist=4804.89 dV=1.69766 thr=1 om=0.235192 lt=3
[WOBBLE_FIRE] team=2 losTgt=55.44
[WOBBLE_FIRE] team=2 losTgt=54.68
[WOBBLE_FIRE] team=2 losTgt=53.91
[WOBBLE_FIRE] team=2 losTgt=53.15
[WOBBLE_FIRE] team=2 losTgt=52.39
[WOBBLE_FIRE] team=2 losTgt=51.63
[WOBBLE_FIRE] team=2 losTgt=50.87
[WOBBLE_FIRE] team=2 losTgt=50.11
[WOBBLE_FIRE] team=2 losTgt=49.35
[WOBBLE_FIRE] team=2 losTgt=48.59
[WOBBLE_FIRE] team=2 losTgt=47.83
[WOBBLE_FIRE] team=2 losTgt=47.07
[WOBBLE_FIRE] team=2 losTgt=46.30
[WOBBLE_FIRE] team=2 losTgt=45.52
[ACTIVE] [RED] LeadPredict dist=2503.68 dV=20.0631 thr=1 om=0.742379 lt=3
[WOBBLE_FIRE] team=2 losTgt=45.37
[WOBBLE_FIRE] team=2 losTgt=49.37
[WOBBLE_FIRE] team=2 losTgt=53.56
[WOBBLE_FIRE] team=2 losTgt=57.86
[WOBBLE_FIRE] team=2 losTgt=62.20
[WOBBLE_FIRE] team=2 losTgt=66.49
[WOBBLE_FIRE] team=2 losTgt=70.68
[WOBBLE_FIRE] team=2 losTgt=74.69
[WOBBLE_FIRE] team=2 losTgt=78.48
[WOBBLE_FIRE] team=2 losTgt=82.03
[WOBBLE_FIRE] team=2 losTgt=85.29
[WOBBLE_FIRE] team=2 losTgt=88.26
[WOBBLE_FIRE] team=2 losTgt=90.95
[WOBBLE_FIRE] team=2 losTgt=93.36
[WOBBLE_FIRE] team=2 losTgt=95.52
[WOBBLE_FIRE] team=2 losTgt=97.42
[WOBBLE_FIRE] team=2 losTgt=99.11
[WOBBLE_FIRE] team=2 losTgt=100.60
[WOBBLE_FIRE] team=2 losTgt=101.92
[ACTIVE] [RED] LeadPredict dist=1042.14 dV=59.7265 thr=0.662215 om=1.24763 lt=3
[WOBBLE_FIRE] team=2 losTgt=103.06
[WOBBLE_FIRE] team=2 losTgt=104.05
[WOBBLE_FIRE] team=2 losTgt=104.89
[WOBBLE_FIRE] team=2 losTgt=105.61
[WOBBLE_FIRE] team=2 losTgt=106.20
[WOBBLE_FIRE] team=2 losTgt=106.70
[WOBBLE_FIRE] team=2 losTgt=107.10
[WOBBLE_FIRE] team=2 losTgt=107.42
[WOBBLE_FIRE] team=2 losTgt=107.67
[WOBBLE_FIRE] team=2 losTgt=107.85
[WOBBLE_FIRE] team=2 losTgt=107.97
[WOBBLE_FIRE] team=2 losTgt=108.04
[WOBBLE_FIRE] team=2 losTgt=108.05
[WOBBLE_FIRE] team=2 losTgt=108.03
[WOBBLE_FIRE] team=2 losTgt=107.95
[WOBBLE_FIRE] team=2 losTgt=107.84
[WOBBLE_FIRE] team=2 losTgt=107.71
[WOBBLE_FIRE] team=2 losTgt=107.53
[WOBBLE_FIRE] team=2 losTgt=107.33
[WOBBLE_FIRE] team=2 losTgt=107.10
[WOBBLE_FIRE] team=2 losTgt=106.85
[WOBBLE_FIRE] team=2 losTgt=106.58
[WOBBLE_FIRE] team=2 losTgt=106.29
[WOBBLE_FIRE] team=2 losTgt=105.98
[WOBBLE_FIRE] team=2 losTgt=105.65
[WOBBLE_FIRE] team=2 losTgt=105.31
[WOBBLE_FIRE] team=2 losTgt=104.95
[WOBBLE_FIRE] team=2 losTgt=104.58
[WOBBLE_FIRE] team=2 losTgt=104.20
[WOBBLE_FIRE] team=2 losTgt=103.81
[WOBBLE_FIRE] team=2 losTgt=103.41
[WOBBLE_FIRE] team=2 losTgt=103.00
[WOBBLE_FIRE] team=2 losTgt=102.58
[WOBBLE_FIRE] team=2 losTgt=102.16
[WOBBLE_FIRE] team=2 losTgt=101.73
[WOBBLE_FIRE] team=2 losTgt=101.29
[WOBBLE_FIRE] team=2 losTgt=100.84
[WOBBLE_FIRE] team=2 losTgt=100.39
[WOBBLE_FIRE] team=2 losTgt=99.93
[WOBBLE_FIRE] team=2 losTgt=99.47
[WOBBLE_FIRE] team=2 losTgt=99.01
[WOBBLE_FIRE] team=2 losTgt=98.54
[WOBBLE_FIRE] team=2 losTgt=98.07
[WOBBLE_FIRE] team=2 losTgt=97.60
[WOBBLE_FIRE] team=2 losTgt=97.12
[WOBBLE_FIRE] team=2 losTgt=96.64
[WOBBLE_FIRE] team=2 losTgt=96.16
[WOBBLE_FIRE] team=2 losTgt=95.68
[WOBBLE_FIRE] team=2 losTgt=95.19
[WOBBLE_FIRE] team=2 losTgt=94.71
[WOBBLE_FIRE] team=2 losTgt=94.22
[WOBBLE_FIRE] team=2 losTgt=93.73
[WOBBLE_FIRE] team=2 losTgt=93.24
[WOBBLE_FIRE] team=2 losTgt=92.75
[WOBBLE_FIRE] team=2 losTgt=92.25
[WOBBLE_FIRE] team=2 losTgt=91.76
[WOBBLE_FIRE] team=2 losTgt=91.26
[WOBBLE_FIRE] team=2 losTgt=90.77
[WOBBLE_FIRE] team=2 losTgt=90.28
[WOBBLE_FIRE] team=2 losTgt=89.78
[ACTIVE] [RED] LeadPredict dist=2713.63 dV=84.1109 thr=1 om=1.25521 lt=3
[WOBBLE_FIRE] team=2 losTgt=89.29
[WOBBLE_FIRE] team=2 losTgt=88.79
[WOBBLE_FIRE] team=2 losTgt=88.31
[WOBBLE_FIRE] team=2 losTgt=87.82
[WOBBLE_FIRE] team=2 losTgt=87.33
[WOBBLE_FIRE] team=2 losTgt=86.85
[WOBBLE_FIRE] team=2 losTgt=86.36
[WOBBLE_FIRE] team=2 losTgt=85.88
[WOBBLE_FIRE] team=2 losTgt=85.41
[WOBBLE_FIRE] team=2 losTgt=84.93
[WOBBLE_FIRE] team=2 losTgt=84.46
[WOBBLE_FIRE] team=2 losTgt=83.99
[WOBBLE_FIRE] team=2 losTgt=83.52
[WOBBLE_FIRE] team=2 losTgt=83.06
[WOBBLE_FIRE] team=2 losTgt=82.60
[WOBBLE_FIRE] team=2 losTgt=82.14
[WOBBLE_FIRE] team=2 losTgt=81.69
[WOBBLE_FIRE] team=2 losTgt=81.24
[WOBBLE_FIRE] team=2 losTgt=80.79
[WOBBLE_FIRE] team=2 losTgt=80.34
[WOBBLE_FIRE] team=2 losTgt=79.90
[WOBBLE_FIRE] team=2 losTgt=79.46
[WOBBLE_FIRE] team=2 losTgt=79.02
[WOBBLE_FIRE] team=2 losTgt=78.58
[WOBBLE_FIRE] team=2 losTgt=78.15
[WOBBLE_FIRE] team=2 losTgt=77.75
[WOBBLE_FIRE] team=2 losTgt=77.35
[WOBBLE_FIRE] team=2 losTgt=76.96
[WOBBLE_FIRE] team=2 losTgt=76.56
[WOBBLE_FIRE] team=2 losTgt=76.14
[WOBBLE_FIRE] team=2 losTgt=75.69
[WOBBLE_FIRE] team=2 losTgt=75.22
[WOBBLE_FIRE] team=2 losTgt=74.74
[WOBBLE_FIRE] team=2 losTgt=74.26
[WOBBLE_FIRE] team=2 losTgt=73.78
[WOBBLE_FIRE] team=2 losTgt=73.30
[WOBBLE_FIRE] team=2 losTgt=72.82
[WOBBLE_FIRE] team=2 losTgt=72.35
[WOBBLE_FIRE] team=2 losTgt=71.87
[WOBBLE_FIRE] team=2 losTgt=71.39
[WOBBLE_FIRE] team=2 losTgt=70.90
[WOBBLE_FIRE] team=2 losTgt=70.40
[WOBBLE_FIRE] team=2 losTgt=69.90
[WOBBLE_FIRE] team=2 losTgt=69.40
[WOBBLE_FIRE] team=2 losTgt=68.89
[WOBBLE_FIRE] team=2 losTgt=68.39
[WOBBLE_FIRE] team=2 losTgt=67.88
[WOBBLE_FIRE] team=2 losTgt=67.38
[WOBBLE_FIRE] team=2 losTgt=66.87
[WOBBLE_FIRE] team=2 losTgt=66.37
[WOBBLE_FIRE] team=2 losTgt=65.87
[WOBBLE_FIRE] team=2 losTgt=65.36
[WOBBLE_FIRE] team=2 losTgt=64.85
[WOBBLE_FIRE] team=2 losTgt=64.35
[WOBBLE_FIRE] team=2 losTgt=63.83
[WOBBLE_FIRE] team=2 losTgt=63.31
[WOBBLE_FIRE] team=2 losTgt=62.79
[WOBBLE_FIRE] team=2 losTgt=62.26
[WOBBLE_FIRE] team=2 losTgt=61.73
[WOBBLE_FIRE] team=2 losTgt=61.20
[ACTIVE] [RED] LeadPredict dist=2061.3 dV=51.8556 thr=0.834719 om=0.526717 lt=3
[WOBBLE_FIRE] team=2 losTgt=60.66
[WOBBLE_FIRE] team=2 losTgt=60.11
[WOBBLE_FIRE] team=2 losTgt=59.56
[WOBBLE_FIRE] team=2 losTgt=59.00
[WOBBLE_FIRE] team=2 losTgt=58.44
[WOBBLE_FIRE] team=2 losTgt=57.86
[WOBBLE_FIRE] team=2 losTgt=57.29
[WOBBLE_FIRE] team=2 losTgt=56.71
[WOBBLE_FIRE] team=2 losTgt=56.12
[WOBBLE_FIRE] team=2 losTgt=55.52
[WOBBLE_FIRE] team=2 losTgt=54.92
[WOBBLE_FIRE] team=2 losTgt=54.31
[WOBBLE_FIRE] team=2 losTgt=53.70
[WOBBLE_FIRE] team=2 losTgt=53.07
[WOBBLE_FIRE] team=2 losTgt=52.44
[WOBBLE_FIRE] team=2 losTgt=51.80
[WOBBLE_FIRE] team=2 losTgt=51.16
[WOBBLE_FIRE] team=2 losTgt=50.50
[WOBBLE_FIRE] team=2 losTgt=49.84
[WOBBLE_FIRE] team=2 losTgt=49.17
[WOBBLE_FIRE] team=2 losTgt=48.48
[WOBBLE_FIRE] team=2 losTgt=47.78
[WOBBLE_FIRE] team=2 losTgt=47.07
[WOBBLE_FIRE] team=2 losTgt=46.35
[WOBBLE_FIRE] team=2 losTgt=45.61
[ACTIVE] [RED] LeadPredict dist=414.955 dV=-2.67508 thr=1 om=0.753926 lt=1.51677
[WOBBLE_FIRE] team=2 losTgt=45.16
[WOBBLE_FIRE] team=2 losTgt=50.91
[WOBBLE_FIRE] team=2 losTgt=56.77
[WOBBLE_FIRE] team=2 losTgt=62.67
[WOBBLE_FIRE] team=2 losTgt=68.42
[WOBBLE_FIRE] team=2 losTgt=73.85
[WOBBLE_FIRE] team=2 losTgt=78.81
[WOBBLE_FIRE] team=2 losTgt=83.28
[WOBBLE_FIRE] team=2 losTgt=87.27
[WOBBLE_FIRE] team=2 losTgt=90.81
[WOBBLE_FIRE] team=2 losTgt=93.92
[WOBBLE_FIRE] team=2 losTgt=96.50
[WOBBLE_FIRE] team=2 losTgt=98.32
[WOBBLE_FIRE] team=2 losTgt=99.32
[WOBBLE_FIRE] team=2 losTgt=99.33
[WOBBLE_FIRE] team=2 losTgt=98.62
[WOBBLE_FIRE] team=2 losTgt=97.73
[WOBBLE_FIRE] team=2 losTgt=96.97
[WOBBLE_FIRE] team=2 losTgt=96.38
[WOBBLE_FIRE] team=2 losTgt=95.92
[WOBBLE_FIRE] team=2 losTgt=95.57
[WOBBLE_FIRE] team=2 losTgt=95.27
[WOBBLE_FIRE] team=2 losTgt=95.00
[WOBBLE_FIRE] team=2 losTgt=94.71
[WOBBLE_FIRE] team=2 losTgt=94.38
[WOBBLE_FIRE] team=2 losTgt=94.02
[WOBBLE_FIRE] team=2 losTgt=93.61
[WOBBLE_FIRE] team=2 losTgt=93.16
[WOBBLE_FIRE] team=2 losTgt=92.67
[WOBBLE_FIRE] team=2 losTgt=92.15
[WOBBLE_FIRE] team=2 losTgt=91.58
[WOBBLE_FIRE] team=2 losTgt=90.98
[WOBBLE_FIRE] team=2 losTgt=90.34
[WOBBLE_FIRE] team=2 losTgt=89.67
[WOBBLE_FIRE] team=2 losTgt=88.99
[WOBBLE_FIRE] team=2 losTgt=88.28
[WOBBLE_FIRE] team=2 losTgt=87.55
[WOBBLE_FIRE] team=2 losTgt=86.80
[WOBBLE_FIRE] team=2 losTgt=86.04
[WOBBLE_FIRE] team=2 losTgt=85.26
[WOBBLE_FIRE] team=2 losTgt=84.46
[WOBBLE_FIRE] team=2 losTgt=83.65
[WOBBLE_FIRE] team=2 losTgt=82.83
[WOBBLE_FIRE] team=2 losTgt=81.99
[WOBBLE_FIRE] team=2 losTgt=81.13
[WOBBLE_FIRE] team=2 losTgt=80.27
[WOBBLE_FIRE] team=2 losTgt=79.38
[WOBBLE_FIRE] team=2 losTgt=78.48
[WOBBLE_FIRE] team=2 losTgt=77.57
[WOBBLE_FIRE] team=2 losTgt=76.66
[WOBBLE_FIRE] team=2 losTgt=75.73
[WOBBLE_FIRE] team=2 losTgt=74.79
[WOBBLE_FIRE] team=2 losTgt=73.85
[WOBBLE_FIRE] team=2 losTgt=72.90
[WOBBLE_FIRE] team=2 losTgt=71.93
[ACTIVE] [RED] LeadPredict dist=1579.8 dV=-30.6606 thr=1 om=0.707711 lt=3
[WOBBLE_FIRE] team=2 losTgt=70.96
[WOBBLE_FIRE] team=2 losTgt=69.98
[WOBBLE_FIRE] team=2 losTgt=68.99
[WOBBLE_FIRE] team=2 losTgt=68.00
[WOBBLE_FIRE] team=2 losTgt=66.99
[WOBBLE_FIRE] team=2 losTgt=65.97
[WOBBLE_FIRE] team=2 losTgt=64.95
[WOBBLE_FIRE] team=2 losTgt=63.92
[WOBBLE_FIRE] team=2 losTgt=62.88
[WOBBLE_FIRE] team=2 losTgt=61.83
[WOBBLE_FIRE] team=2 losTgt=60.78
[WOBBLE_FIRE] team=2 losTgt=59.72
[WOBBLE_FIRE] team=2 losTgt=58.65
[WOBBLE_FIRE] team=2 losTgt=57.57
[WOBBLE_FIRE] team=2 losTgt=56.49
[WOBBLE_FIRE] team=2 losTgt=55.40
[WOBBLE_FIRE] team=2 losTgt=54.29
[WOBBLE_FIRE] team=2 losTgt=53.18
[WOBBLE_FIRE] team=2 losTgt=52.07
[WOBBLE_FIRE] team=2 losTgt=50.94
[WOBBLE_FIRE] team=2 losTgt=49.80
[WOBBLE_FIRE] team=2 losTgt=48.66
[WOBBLE_FIRE] team=2 losTgt=47.50
[WOBBLE_FIRE] team=2 losTgt=46.34
[WOBBLE_FIRE] team=2 losTgt=45.16
[ACTIVE] [RED] LeadPredict dist=1266.11 dV=-27.5226 thr=1 om=0.92878 lt=3
[WOBBLE_FIRE] team=2 losTgt=45.33
[WOBBLE_FIRE] team=2 losTgt=46.12
[WOBBLE_FIRE] team=2 losTgt=46.86
[WOBBLE_FIRE] team=2 losTgt=47.56
[WOBBLE_FIRE] team=2 losTgt=48.21
[WOBBLE_FIRE] team=2 losTgt=48.82
[WOBBLE_FIRE] team=2 losTgt=49.38
[WOBBLE_FIRE] team=2 losTgt=49.90
[WOBBLE_FIRE] team=2 losTgt=50.37
[WOBBLE_FIRE] team=2 losTgt=50.80
[WOBBLE_FIRE] team=2 losTgt=51.18
[WOBBLE_FIRE] team=2 losTgt=51.51
[WOBBLE_FIRE] team=2 losTgt=51.81
[WOBBLE_FIRE] team=2 losTgt=52.07
[WOBBLE_FIRE] team=2 losTgt=52.28
[WOBBLE_FIRE] team=2 losTgt=52.46
[WOBBLE_FIRE] team=2 losTgt=52.59
[WOBBLE_FIRE] team=2 losTgt=52.69
[WOBBLE_FIRE] team=2 losTgt=52.75
[ACTIVE] [RED] LeadPredict dist=1449.96 dV=-0.925995 thr=0.80892 om=1.31461 lt=3
[WOBBLE_FIRE] team=2 losTgt=52.78
[WOBBLE_FIRE] team=2 losTgt=52.76
[WOBBLE_FIRE] team=2 losTgt=52.72
[WOBBLE_FIRE] team=2 losTgt=52.64
[WOBBLE_FIRE] team=2 losTgt=52.54
[WOBBLE_FIRE] team=2 losTgt=52.40
[WOBBLE_FIRE] team=2 losTgt=52.24
[WOBBLE_FIRE] team=2 losTgt=52.04
[WOBBLE_FIRE] team=2 losTgt=51.82
[WOBBLE_FIRE] team=2 losTgt=51.57
[WOBBLE_FIRE] team=2 losTgt=51.29
[WOBBLE_FIRE] team=2 losTgt=50.97
[WOBBLE_FIRE] team=2 losTgt=50.62
[WOBBLE_FIRE] team=2 losTgt=50.24
[WOBBLE_FIRE] team=2 losTgt=49.84
[WOBBLE_FIRE] team=2 losTgt=49.41
[WOBBLE_FIRE] team=2 losTgt=48.95
[WOBBLE_FIRE] team=2 losTgt=48.47
[WOBBLE_FIRE] team=2 losTgt=47.97
[WOBBLE_FIRE] team=2 losTgt=47.45
[WOBBLE_FIRE] team=2 losTgt=46.91
[WOBBLE_FIRE] team=2 losTgt=46.35
[WOBBLE_FIRE] team=2 losTgt=45.77
[WOBBLE_FIRE] team=2 losTgt=45.17
[ACTIVE] [RED] LeadPredict dist=1515.52 dV=-19.2915 thr=0.788415 om=1.39905 lt=3
[ACTIVE] [RED] LeadPredict dist=1372.21 dV=-29.6317 thr=0.700257 om=0.0466344 lt=3
[ACTIVE] [RED] LeadPredict dist=2106.16 dV=-72.1245 thr=0.621111 om=1.61861 lt=3
[ACTIVE] [RED] ClimbOut Z=2792.8
[ACTIVE] [RED] LeadPredict dist=1747.39 dV=4.32129 thr=0.526659 om=5.64774 lt=3
[ACTIVE] [RED] LeadPredict dist=1624.87 dV=-7.76804 thr=1 om=0.121131 lt=3
[ACTIVE] [RED] LeadPredict dist=1472.82 dV=5.65884 thr=1 om=1.31512 lt=3
[ACTIVE] [RED] LeadPredict dist=1123.14 dV=3.54962 thr=1 om=0.0565218 lt=3
[ACTIVE] [RED] LeadPredict dist=1146.07 dV=0.308655 thr=1 om=0.0438733 lt=3
[ACTIVE] [RED] LeadPredict dist=1020.03 dV=5.65881 thr=1 om=1.48804 lt=2.78132
[WOBBLE_FIRE] team=2 losTgt=47.01
[WOBBLE_FIRE] team=2 losTgt=50.52
[ACTIVE] [RED] ClimbOut Z=2748.84
[WOBBLE_FIRE] team=2 losTgt=53.97
[WOBBLE_FIRE] team=2 losTgt=57.41
[WOBBLE_FIRE] team=2 losTgt=60.85
[WOBBLE_FIRE] team=2 losTgt=64.28
[WOBBLE_FIRE] team=2 losTgt=67.65
[WOBBLE_FIRE] team=2 losTgt=69.75
[WOBBLE_FIRE] team=2 losTgt=69.66
[WOBBLE_FIRE] team=2 losTgt=73.25
[WOBBLE_FIRE] team=2 losTgt=78.47
[WOBBLE_FIRE] team=2 losTgt=79.06
[WOBBLE_FIRE] team=2 losTgt=77.18
[WOBBLE_FIRE] team=2 losTgt=79.60
[WOBBLE_FIRE] team=2 losTgt=84.69
[WOBBLE_FIRE] team=2 losTgt=87.70
[WOBBLE_FIRE] team=2 losTgt=85.95
[WOBBLE_FIRE] team=2 losTgt=85.16
[WOBBLE_FIRE] team=2 losTgt=87.07
[WOBBLE_FIRE] team=2 losTgt=88.43
[WOBBLE_FIRE] team=2 losTgt=89.78
[WOBBLE_FIRE] team=2 losTgt=89.14
[WOBBLE_FIRE] team=2 losTgt=89.98
[WOBBLE_FIRE] team=2 losTgt=93.81
[WOBBLE_FIRE] team=2 losTgt=97.79
[WOBBLE_FIRE] team=2 losTgt=96.68
[WOBBLE_FIRE] team=2 losTgt=94.01
[WOBBLE_FIRE] team=2 losTgt=95.33
[WOBBLE_FIRE] team=2 losTgt=98.58
[WOBBLE_FIRE] team=2 losTgt=100.79
[WOBBLE_FIRE] team=2 losTgt=99.87
[WOBBLE_FIRE] team=2 losTgt=99.46
[WOBBLE_FIRE] team=2 losTgt=100.21
[WOBBLE_FIRE] team=2 losTgt=99.82
[WOBBLE_FIRE] team=2 losTgt=99.96
[WOBBLE_FIRE] team=2 losTgt=100.59
[WOBBLE_FIRE] team=2 losTgt=100.78
[WOBBLE_FIRE] team=2 losTgt=99.38
[WOBBLE_FIRE] team=2 losTgt=99.10
[WOBBLE_FIRE] team=2 losTgt=98.67
[WOBBLE_FIRE] team=2 losTgt=97.02
[WOBBLE_FIRE] team=2 losTgt=96.14
[WOBBLE_FIRE] team=2 losTgt=94.97
[WOBBLE_FIRE] team=2 losTgt=93.80
[WOBBLE_FIRE] team=2 losTgt=92.60
[WOBBLE_FIRE] team=2 losTgt=91.39
[WOBBLE_FIRE] team=2 losTgt=91.41
[WOBBLE_FIRE] team=2 losTgt=93.85
[WOBBLE_FIRE] team=2 losTgt=94.20
[WOBBLE_FIRE] team=2 losTgt=94.73
[WOBBLE_FIRE] team=2 losTgt=94.78
[WOBBLE_FIRE] team=2 losTgt=94.95
[WOBBLE_FIRE] team=2 losTgt=94.98
[WOBBLE_FIRE] team=2 losTgt=95.10
[WOBBLE_FIRE] team=2 losTgt=95.09
[WOBBLE_FIRE] team=2 losTgt=94.69
[WOBBLE_FIRE] team=2 losTgt=93.75
[WOBBLE_FIRE] team=2 losTgt=92.16
[WOBBLE_FIRE] team=2 losTgt=90.69
[WOBBLE_FIRE] team=2 losTgt=89.28
[WOBBLE_FIRE] team=2 losTgt=87.91
[WOBBLE_FIRE] team=2 losTgt=86.57
[WOBBLE_FIRE] team=2 losTgt=85.22
[ACTIVE] [RED] LeadPredict dist=2412.15 dV=12.3466 thr=0.542401 om=1.51351 lt=3
[WOBBLE_FIRE] team=2 losTgt=83.87
[WOBBLE_FIRE] team=2 losTgt=82.53
[WOBBLE_FIRE] team=2 losTgt=81.22
[WOBBLE_FIRE] team=2 losTgt=81.15
[WOBBLE_FIRE] team=2 losTgt=83.75
[WOBBLE_FIRE] team=2 losTgt=84.10
[WOBBLE_FIRE] team=2 losTgt=84.72
[WOBBLE_FIRE] team=2 losTgt=84.73
[WOBBLE_FIRE] team=2 losTgt=84.59
[WOBBLE_FIRE] team=2 losTgt=84.49
[WOBBLE_FIRE] team=2 losTgt=84.64
[WOBBLE_FIRE] team=2 losTgt=84.58
[WOBBLE_FIRE] team=2 losTgt=84.02
[WOBBLE_FIRE] team=2 losTgt=82.84
[WOBBLE_FIRE] team=2 losTgt=81.01
[WOBBLE_FIRE] team=2 losTgt=79.36
[WOBBLE_FIRE] team=2 losTgt=77.93
[WOBBLE_FIRE] team=2 losTgt=76.62
[WOBBLE_FIRE] team=2 losTgt=75.37
[WOBBLE_FIRE] team=2 losTgt=74.20
[WOBBLE_FIRE] team=2 losTgt=73.10
[WOBBLE_FIRE] team=2 losTgt=72.05
[WOBBLE_FIRE] team=2 losTgt=71.05
[ACTIVE] [RED] ClimbOut Z=1945.16
[WOBBLE_FIRE] team=2 losTgt=70.08
[WOBBLE_FIRE] team=2 losTgt=70.27
[WOBBLE_FIRE] team=2 losTgt=73.07
[WOBBLE_FIRE] team=2 losTgt=73.58
[WOBBLE_FIRE] team=2 losTgt=74.21
[WOBBLE_FIRE] team=2 losTgt=74.05
[WOBBLE_FIRE] team=2 losTgt=73.62
[WOBBLE_FIRE] team=2 losTgt=73.52
[WOBBLE_FIRE] team=2 losTgt=73.20
[WOBBLE_FIRE] team=2 losTgt=72.39
[WOBBLE_FIRE] team=2 losTgt=71.18
[WOBBLE_FIRE] team=2 losTgt=69.95
[WOBBLE_FIRE] team=2 losTgt=68.86
[WOBBLE_FIRE] team=2 losTgt=67.86
[WOBBLE_FIRE] team=2 losTgt=66.89
[WOBBLE_FIRE] team=2 losTgt=65.97
[WOBBLE_FIRE] team=2 losTgt=65.10
[WOBBLE_FIRE] team=2 losTgt=64.28
[WOBBLE_FIRE] team=2 losTgt=63.49
[WOBBLE_FIRE] team=2 losTgt=62.72
[WOBBLE_FIRE] team=2 losTgt=61.97
[WOBBLE_FIRE] team=2 losTgt=61.24
[WOBBLE_FIRE] team=2 losTgt=60.52
[WOBBLE_FIRE] team=2 losTgt=59.82
[WOBBLE_FIRE] team=2 losTgt=59.14
[WOBBLE_FIRE] team=2 losTgt=58.48
[WOBBLE_FIRE] team=2 losTgt=57.80
[WOBBLE_FIRE] team=2 losTgt=57.11
[WOBBLE_FIRE] team=2 losTgt=56.42
[WOBBLE_FIRE] team=2 losTgt=55.71
[WOBBLE_FIRE] team=2 losTgt=54.99
[WOBBLE_FIRE] team=2 losTgt=54.25
[WOBBLE_FIRE] team=2 losTgt=53.50
[WOBBLE_FIRE] team=2 losTgt=52.75
[WOBBLE_FIRE] team=2 losTgt=51.98
[WOBBLE_FIRE] team=2 losTgt=51.20
[WOBBLE_FIRE] team=2 losTgt=50.42
[WOBBLE_FIRE] team=2 losTgt=49.63
[WOBBLE_FIRE] team=2 losTgt=48.83
[WOBBLE_FIRE] team=2 losTgt=48.02
[WOBBLE_FIRE] team=2 losTgt=47.21
[WOBBLE_FIRE] team=2 losTgt=46.40
[WOBBLE_FIRE] team=2 losTgt=45.58
[ACTIVE] [RED] LeadPredict dist=1875.79 dV=33.1814 thr=0.664619 om=0.707853 lt=3
[ACTIVE] [RED] LeadPredict dist=1382.42 dV=-10.8032 thr=0.868608 om=1.49785 lt=3
[ACTIVE] [RED] LeadPredict dist=1212.67 dV=-30.1462 thr=1 om=0.100999 lt=3
[ACTIVE] [RED] LeadPredict dist=1122.29 dV=25.5677 thr=1 om=1.41448 lt=3
[ACTIVE] [RED] LeadPredict dist=888.367 dV=31.3294 thr=0.936 om=1.49191 lt=0.0123772
[ACTIVE] [RED] LeadPredict dist=617.209 dV=21.1949 thr=0.745661 om=0.0149371 lt=2.27747
[ACTIVE] [RED] LeadPredict dist=578.256 dV=12.2951 thr=0.853101 om=0.205625 lt=1.19028
[ACTIVE] [RED] LeadPredict dist=515.966 dV=5.96751 thr=0.92839 om=0.754276 lt=1.60136
[ACTIVE] [RED] LeadPredict dist=471.779 dV=9.4657 thr=0.886412 om=0.146055 lt=0.431097
[ACTIVE] [RED] LeadPredict dist=403.144 dV=2.10922 thr=0.974689 om=0.350252 lt=0.189722
[ACTIVE] [RED] LeadPredict dist=344.333 dV=22.5325 thr=0.667602 om=0.438646 lt=0.50492
[ACTIVE] [RED] LeadPredict dist=264.353 dV=4.11554 thr=0.690856 om=0.173028 lt=0.794475
[WOBBLE_FIRE] team=2 losTgt=45.28
[WOBBLE_FIRE] team=2 losTgt=46.18
[WOBBLE_FIRE] team=2 losTgt=47.37
[WOBBLE_FIRE] team=2 losTgt=48.47
[WOBBLE_FIRE] team=2 losTgt=49.20
[WOBBLE_FIRE] team=2 losTgt=49.55
[WOBBLE_FIRE] team=2 losTgt=49.58
[WOBBLE_FIRE] team=2 losTgt=49.44
[WOBBLE_FIRE] team=2 losTgt=49.22
[WOBBLE_FIRE] team=2 losTgt=48.80
[WOBBLE_FIRE] team=2 losTgt=47.79
[WOBBLE_FIRE] team=2 losTgt=46.11
[ACTIVE] [RED] LeadPredict dist=196.248 dV=13.6841 thr=0.578695 om=0.406968 lt=0.546453
runner:local/env:0	num_steps=[11999] | total rewards=[874.3364] | termination= [max time out]
[seed 14] reward=   874.34 ownHP=1.0000 tgtHP=0.3903 max time out
Remove Space Complete.

[rehearsal own_rep=6 tgt_rep=6 seeds=15]
SUMMARY dealt=14.2693 taken=0.0000 mean_reward=981.60
tacview log saved (last episode)

=== 도전자 검증 완료 ===
