########## v40_OBFM_RED vs AIP_jh2.dll ##########


     JSBSim Flight Dynamics Model v1.0.0 May 27 2026 16:13:38
init ID:1 Lat37.92355643001773 Lon128.18188127777776 Alt(meter)7000.0785355893395 Speed(m/sec)300.0
init ID:1 Lat37.96855377446113 Lon128.18188127777776 Alt(meter)7002.8272734023885 Speed(m/sec)300.0
[match] seed 0 OBFM_RED round1 sep=610m alt=6057m spd=258m/s aoff=30deg
            [JSBSim-ML v2.0]

JSBSim startup beginning ...

total: 2
Behavior Tree Initialized Successfully
Behavior Tree Initialized Successfully
[EVADE_DIAG] team=1 side=-0.47059 turnSign=-1 dist=698.645 trueAta=142.92 headingXAngle=17.7783 aa=176.011
[EVADE_DIAG] team=1 side=-0.411556 turnSign=-1 dist=692.629 trueAta=136.276 headingXAngle=22.6492 aa=170.538
[ACTIVE] [RED] Evade Z=5880.9
[EVADE_DIAG] team=1 side=-0.330334 turnSign=-1 dist=659.429 trueAta=130.74 headingXAngle=26.1554 aa=163.156
[EVADE_DIAG] team=1 side=-0.283886 turnSign=-1 dist=605.214 trueAta=128.47 headingXAngle=33.8896 aa=165.936
[EVADE_DIAG] team=1 side=-0.199124 turnSign=-1 dist=543.346 trueAta=128.987 headingXAngle=30.8958 aa=168.367
[ACTIVE] [RED] Evade Z=5297.37
[EVADE_DIAG] team=1 side=-0.00597327 turnSign=-1 dist=480.153 trueAta=135.669 headingXAngle=32.006 aa=172.097
[EVADE_DIAG] team=1 side=0.143244 turnSign=1 dist=441.635 trueAta=158.035 headingXAngle=15.9034 aa=174.113
[EVADE_DIAG] team=1 side=-0.163231 turnSign=-1 dist=440.685 trueAta=166.073 headingXAngle=12.01 aa=178.838
[ACTIVE] [RED] Evade Z=4501.53
[EVADE_DIAG] team=1 side=0.2023 turnSign=1 dist=448.213 trueAta=167.7 headingXAngle=6.47965 aa=171.978
[EVADE_DIAG] team=1 side=-0.0487437 turnSign=1 dist=460.463 trueAta=168.177 headingXAngle=7.15057 aa=175.398
[EVADE_DIAG] team=1 side=-0.0815832 turnSign=-1 dist=468.872 trueAta=169.088 headingXAngle=5.05992 aa=179.018
[ACTIVE] [RED] Evade Z=3536.59
[EVADE_DIAG] team=1 side=0.168198 turnSign=1 dist=471.606 trueAta=168.809 headingXAngle=5.5583 aa=174.399
[EVADE_DIAG] team=1 side=-0.15796 turnSign=-1 dist=476.101 trueAta=170.837 headingXAngle=5.91974 aa=176.446
[ACTIVE] [RED] ClimbOut Z=1797.93
[EVADE_DIAG] team=1 side=-0.0280756 turnSign=-1 dist=369.292 trueAta=166.049 headingXAngle=20.7929 aa=178.619
[ACTIVE] [RED] Evade Z=1246.71
[EVADE_DIAG] team=1 side=-0.0594776 turnSign=-1 dist=364.388 trueAta=168.575 headingXAngle=15.4359 aa=179.866
[EVADE_DIAG] team=1 side=-0.148496 turnSign=-1 dist=356.084 trueAta=166.276 headingXAngle=26.616 aa=166.02
[ACTIVE] [RED] LeadPredict dist=484.017 dV=-9.25992 thr=0.681892 om=1.39261 lt=1.44548
[EVADE_DIAG] team=1 side=0.246883 turnSign=1 dist=163.637 trueAta=141.851 headingXAngle=37.1757 aa=176.191
[ACTIVE] [RED] Evade Z=2614.92
[EVADE_DIAG] team=1 side=-0.168436 turnSign=-1 dist=129.475 trueAta=157.498 headingXAngle=41.6867 aa=162.669
[ACTIVE] [RED] LeadPredict dist=257.947 dV=7.92239 thr=0.767379 om=1.91237 lt=0.819569
[EVADE_DIAG] team=1 side=0.111455 turnSign=1 dist=187.694 trueAta=161.505 headingXAngle=27.5983 aa=173.73
[EVADE_DIAG] team=1 side=-0.320282 turnSign=-1 dist=213.994 trueAta=136.028 headingXAngle=22.8083 aa=172.719
[ACTIVE] [RED] Evade Z=3171.67
[EVADE_DIAG] team=1 side=0.188904 turnSign=1 dist=185.876 trueAta=161.501 headingXAngle=14.5749 aa=171.609
[EVADE_DIAG] team=1 side=-0.00197519 turnSign=1 dist=196.562 trueAta=174.676 headingXAngle=7.52808 aa=177.034
[EVADE_DIAG] team=1 side=-0.186533 turnSign=-1 dist=218.502 trueAta=168.999 headingXAngle=4.25517 aa=178.947
[ACTIVE] [RED] Evade Z=2940.27
[EVADE_DIAG] team=1 side=0.0763431 turnSign=-1 dist=233.884 trueAta=174.534 headingXAngle=3.07527 aa=179.173
[EVADE_DIAG] team=1 side=-0.0567967 turnSign=-1 dist=249.371 trueAta=176.554 headingXAngle=1.49088 aa=179.269
[EVADE_DIAG] team=1 side=0.0461949 turnSign=-1 dist=257.857 trueAta=176.881 headingXAngle=4.98722 aa=178.79
[ACTIVE] [RED] Evade Z=2635.35
[EVADE_DIAG] team=1 side=0.0429889 turnSign=-1 dist=266.531 trueAta=173.174 headingXAngle=3.59432 aa=170.512
[EVADE_DIAG] team=1 side=0.0819523 turnSign=-1 dist=273.386 trueAta=173.046 headingXAngle=2.28621 aa=178.134
[EVADE_DIAG] team=1 side=-0.12493 turnSign=-1 dist=271.53 trueAta=172.66 headingXAngle=3.70284 aa=176.469
[ACTIVE] [RED] Evade Z=2241.38
[EVADE_DIAG] team=1 side=0.0811019 turnSign=-1 dist=265.214 trueAta=173.091 headingXAngle=4.27567 aa=176.531
[DUTY_EV] team=1 evadeTicks=300 v31?섍컯?섏꽑(>3000m)=59% 以묎컙(2200~3000)=29.6667% ?곸듅(<2200)=11.3333%
[EVADE_DIAG] team=1 side=0.0580878 turnSign=-1 dist=249.329 trueAta=174.638 headingXAngle=1.74534 aa=179.43
[EVADE_DIAG] team=1 side=-0.0106475 turnSign=-1 dist=232.8 trueAta=175.209 headingXAngle=3.19661 aa=179.289
[ACTIVE] [RED] Evade Z=1814.91
[EVADE_DIAG] team=1 side=-0.0388322 turnSign=-1 dist=212.101 trueAta=177.266 headingXAngle=2.33681 aa=179.68
[EVADE_DIAG] team=1 side=0.0534756 turnSign=-1 dist=195.178 trueAta=166.349 headingXAngle=1.10301 aa=167.639
[EVADE_DIAG] team=1 side=-0.130848 turnSign=1 dist=172.2 trueAta=170.175 headingXAngle=9.63618 aa=179.236
[ACTIVE] [RED] Evade Z=1411.06
[EVADE_DIAG] team=1 side=0.0245756 turnSign=1 dist=164.833 trueAta=169.498 headingXAngle=12.6897 aa=178.123
[ACTIVE] [RED] ClimbOut Z=1372.12
[ACTIVE] [RED] LeadPredict dist=237.728 dV=-0.925995 thr=0.613021 om=0 lt=0.677184
[ACTIVE] [RED] LeadPredict dist=288.004 dV=-15.639 thr=0.78006 om=1.45223 lt=0.923827
[ACTIVE] [RED] LeadPredict dist=273.459 dV=-2.26355 thr=0.863579 om=1.71145 lt=0.936186
[ACTIVE] [RED] LeadPredict dist=211.07 dV=3.85831 thr=0.928 om=0.893235 lt=0.7705
[ACTIVE] [RED] LeadPredict dist=753.039 dV=11.3177 thr=0.864188 om=0.587883 lt=2.72945
[ACTIVE] [RED] LeadPredict dist=1087.47 dV=-39.046 thr=1 om=1.44299 lt=3
[ACTIVE] [RED] LeadPredict dist=483.096 dV=26.5966 thr=0.896 om=0.452091 lt=1.81638
[ACTIVE] [RED] LeadPredict dist=461.734 dV=-7.20215 thr=1 om=0.966879 lt=1.8366
[DUTY] team=1 ticks=600 v27종말조준=2.83333% v21뱅크예측=73.5% v17궤도조건=93.6667% v17슬롯적용=33.6667% 상승클램프=0% 강하클램프=25.1667% v23b조건=41% v23b실제적용=34.8333%
[ACTIVE] [RED] LeadPredict dist=720.512 dV=-5.86459 thr=1 om=2.1366 lt=0.695561
[ACTIVE] [RED] LeadPredict dist=786.516 dV=4.01263 thr=0.951848 om=0.561889 lt=2.87059
[ACTIVE] [RED] LeadPredict dist=754.549 dV=2.82941 thr=0.821382 om=1.49197 lt=2.49828
[ACTIVE] [RED] ClimbOut Z=1845.33
[ACTIVE] [RED] ClimbOut Z=1283.36
[ACTIVE] [RED] LeadPredict dist=551.521 dV=25.8249 thr=0.614552 om=2.04002 lt=1.57266
[ACTIVE] [RED] LeadPredict dist=497.303 dV=11.935 thr=0.85678 om=1.81273 lt=1.10248
[ACTIVE] [RED] LeadPredict dist=480.038 dV=1.90341 thr=0.977159 om=0.0650626 lt=1.22356
[ACTIVE] [RED] LeadPredict dist=394.121 dV=23.1498 thr=0.69882 om=0.32533 lt=0.32767
[ACTIVE] [RED] LeadPredict dist=324.099 dV=9.00272 thr=0.771967 om=1.26805 lt=1.03228
[ACTIVE] [RED] LeadPredict dist=254.944 dV=15.8962 thr=0.689245 om=0.173138 lt=0.348471
[ACTIVE] [RED] LeadPredict dist=185.7 dV=3.44675 thr=0.838639 om=0.330265 lt=0
[DUTY] team=1 ticks=1200 v27종말조준=23.25% v21뱅크예측=83.5% v17궤도조건=95.5% v17슬롯적용=58.6667% 상승클램프=0% 강하클램프=19.1667% v23b조건=33.75% v23b실제적용=25.5833%
runner:local/env:0	num_steps=[10213] | total rewards=[568.3520] | termination= [target destroyed]
[seed 0] reward=   568.35 ownHP=0.8488 tgtHP=-0.0026 target destroyed
Remove Space Complete.

[rehearsal own_rep=6 tgt_rep=6 seeds=1]
SUMMARY dealt=1.0026 taken=0.1512 mean_reward=568.35
tacview log saved (last episode)
STAMP v40 AIP_jh2.dll seed0 2026_8_11_20_14_16


     JSBSim Flight Dynamics Model v1.0.0 May 27 2026 16:13:38
init ID:1 Lat37.92355643001773 Lon128.18188127777776 Alt(meter)7000.0785355893395 Speed(m/sec)300.0
init ID:1 Lat37.96855377446113 Lon128.18188127777776 Alt(meter)7002.8272734023885 Speed(m/sec)300.0
[match] seed 3 OBFM_RED round1 sep=610m alt=1799m spd=270m/s aoff=30deg
            [JSBSim-ML v2.0]

JSBSim startup beginning ...

total: 2
Behavior Tree Initialized Successfully
Behavior Tree Initialized Successfully
[EVADE_DIAG] team=1 side=-0.22519 turnSign=-1 dist=673.343 trueAta=146.782 headingXAngle=15.9448 aa=179.216
[EVADE_DIAG] team=1 side=0.189164 turnSign=1 dist=647.332 trueAta=148.204 headingXAngle=18.0586 aa=168.053
[ACTIVE] [RED] Evade Z=1791.97
[EVADE_DIAG] team=1 side=-0.331905 turnSign=-1 dist=606.26 trueAta=147.655 headingXAngle=23.489 aa=176.146
[EVADE_DIAG] team=1 side=0.0682741 turnSign=-1 dist=563.878 trueAta=158.692 headingXAngle=14.6888 aa=178.357
[EVADE_DIAG] team=1 side=-0.126063 turnSign=1 dist=536.158 trueAta=151.735 headingXAngle=17.3851 aa=170.284
[ACTIVE] [RED] Evade Z=1752.48
[EVADE_DIAG] team=1 side=-0.0687463 turnSign=-1 dist=512.624 trueAta=161.96 headingXAngle=10.4709 aa=179.355
[EVADE_DIAG] team=1 side=0.150373 turnSign=1 dist=488.298 trueAta=164.472 headingXAngle=13.4514 aa=179.703
[EVADE_DIAG] team=1 side=-0.202466 turnSign=-1 dist=471.771 trueAta=163.832 headingXAngle=8.58746 aa=168.974
[ACTIVE] [RED] Evade Z=1668.93
[EVADE_DIAG] team=1 side=0.0821948 turnSign=-1 dist=457.346 trueAta=168.739 headingXAngle=8.30389 aa=177.026
[EVADE_DIAG] team=1 side=0.110615 turnSign=-1 dist=437.113 trueAta=173.297 headingXAngle=3.33562 aa=175.762
[EVADE_DIAG] team=1 side=-0.0198459 turnSign=-1 dist=423.374 trueAta=178.096 headingXAngle=4.26381 aa=178.233
[ACTIVE] [RED] Evade Z=1613.99
[EVADE_DIAG] team=1 side=0.0878523 turnSign=-1 dist=409.29 trueAta=168.582 headingXAngle=7.33944 aa=178.11
[EVADE_DIAG] team=1 side=0.0114269 turnSign=-1 dist=388.641 trueAta=174.646 headingXAngle=2.62983 aa=179.283
[EVADE_DIAG] team=1 side=-0.0912972 turnSign=-1 dist=370.063 trueAta=174.335 headingXAngle=2.04749 aa=179.227
[ACTIVE] [RED] Evade Z=1607.49
[EVADE_DIAG] team=1 side=0.0143999 turnSign=-1 dist=345.83 trueAta=161.111 headingXAngle=12.3908 aa=172.71
[EVADE_DIAG] team=1 side=0.13907 turnSign=1 dist=314.794 trueAta=166.535 headingXAngle=5.46899 aa=177.394
[EVADE_DIAG] team=1 side=-0.106014 turnSign=1 dist=295.577 trueAta=173.81 headingXAngle=3.57462 aa=177.668
[ACTIVE] [RED] Evade Z=1671.4
[EVADE_DIAG] team=1 side=-0.044536 turnSign=1 dist=280.557 trueAta=172.224 headingXAngle=7.18585 aa=179.243
[EVADE_DIAG] team=1 side=-0.0193595 turnSign=1 dist=266.524 trueAta=178.283 headingXAngle=1.55182 aa=178.876
[EVADE_DIAG] team=1 side=0.0454359 turnSign=1 dist=258.747 trueAta=177.354 headingXAngle=5.62377 aa=175.175
[ACTIVE] [RED] Evade Z=1744.08
[EVADE_DIAG] team=1 side=-0.0328611 turnSign=1 dist=260.329 trueAta=170.381 headingXAngle=0.397689 aa=175.15
[EVADE_DIAG] team=1 side=-0.0258772 turnSign=-1 dist=259.713 trueAta=170.386 headingXAngle=4.72945 aa=178.758
[EVADE_DIAG] team=1 side=0.0387769 turnSign=-1 dist=250.562 trueAta=176.345 headingXAngle=2.38569 aa=179.509
[ACTIVE] [RED] Evade Z=1790.44
[EVADE_DIAG] team=1 side=-0.0519583 turnSign=-1 dist=242.156 trueAta=170.52 headingXAngle=6.18833 aa=173.709
[EVADE_DIAG] team=1 side=0.129879 turnSign=-1 dist=233.962 trueAta=168.536 headingXAngle=8.63455 aa=168.271
[EVADE_DIAG] team=1 side=-0.239212 turnSign=-1 dist=232.081 trueAta=165.612 headingXAngle=6.84799 aa=173.969
[ACTIVE] [RED] Evade Z=1832.79
[EVADE_DIAG] team=1 side=0.127152 turnSign=-1 dist=225.268 trueAta=167.359 headingXAngle=5.96685 aa=174.989
[EVADE_DIAG] team=1 side=-0.0339933 turnSign=1 dist=216.105 trueAta=170.437 headingXAngle=13.1271 aa=174.555
[EVADE_DIAG] team=1 side=-0.081719 turnSign=1 dist=217.915 trueAta=174.797 headingXAngle=2.24417 aa=179.939
[ACTIVE] [RED] Evade Z=1823.21
[EVADE_DIAG] team=1 side=0.0215419 turnSign=1 dist=222.701 trueAta=178.511 headingXAngle=2.47284 aa=176.214
[DUTY_EV] team=1 evadeTicks=300 v31?섍컯?섏꽑(>3000m)=0% 以묎컙(2200~3000)=0% ?곸듅(<2200)=100%
[EVADE_DIAG] team=1 side=-0.0490388 turnSign=1 dist=230.734 trueAta=172.679 headingXAngle=1.86892 aa=171.915
[EVADE_DIAG] team=1 side=0.0709164 turnSign=1 dist=243.873 trueAta=173.709 headingXAngle=2.63446 aa=177.653
[ACTIVE] [RED] Evade Z=1823.83
[EVADE_DIAG] team=1 side=-0.0345457 turnSign=1 dist=254.925 trueAta=174.449 headingXAngle=7.59459 aa=177.037
[EVADE_DIAG] team=1 side=-0.0683396 turnSign=1 dist=262.667 trueAta=175.678 headingXAngle=1.7158 aa=178.54
[EVADE_DIAG] team=1 side=-0.00328117 turnSign=1 dist=274.73 trueAta=175.842 headingXAngle=3.2919 aa=178.905
[ACTIVE] [RED] Evade Z=1835.89
[EVADE_DIAG] team=1 side=-0.0103418 turnSign=1 dist=284.523 trueAta=178.802 headingXAngle=0.838022 aa=179.987
runner:local/env:0	num_steps=[2233] | total rewards=[-142.8286] | termination= [ownship destroyed]
[seed 3] reward=  -142.83 ownHP=-0.0112 tgtHP=1.0000 ownship destroyed
Remove Space Complete.

[rehearsal own_rep=6 tgt_rep=6 seeds=1]
SUMMARY dealt=0.0000 taken=1.0112 mean_reward=-142.83
tacview log saved (last episode)
STAMP v40 AIP_jh2.dll seed3 2026_8_11_20_14_27


     JSBSim Flight Dynamics Model v1.0.0 May 27 2026 16:13:38
init ID:1 Lat37.92355643001773 Lon128.18188127777776 Alt(meter)7000.0785355893395 Speed(m/sec)300.0
init ID:1 Lat37.96855377446113 Lon128.18188127777776 Alt(meter)7002.8272734023885 Speed(m/sec)300.0
[match] seed 6 OBFM_RED round1 sep=610m alt=4953m spd=256m/s aoff=30deg
            [JSBSim-ML v2.0]

JSBSim startup beginning ...

total: 2
Behavior Tree Initialized Successfully
Behavior Tree Initialized Successfully
[EVADE_DIAG] team=1 side=-0.457387 turnSign=-1 dist=691.386 trueAta=144.391 headingXAngle=17.6196 aa=174.947
[EVADE_DIAG] team=1 side=-0.388779 turnSign=-1 dist=685.184 trueAta=136.467 headingXAngle=22.7926 aa=174.362
[ACTIVE] [RED] Evade Z=4777.34
[EVADE_DIAG] team=1 side=-0.285562 turnSign=-1 dist=649.268 trueAta=129.805 headingXAngle=27.5472 aa=159.878
[EVADE_DIAG] team=1 side=-0.173167 turnSign=-1 dist=591.364 trueAta=125.868 headingXAngle=32.5132 aa=179.586
[EVADE_DIAG] team=1 side=0.245704 turnSign=1 dist=520.166 trueAta=128.643 headingXAngle=31.0213 aa=175.932
[ACTIVE] [RED] Evade Z=4198.31
[EVADE_DIAG] team=1 side=-0.231686 turnSign=-1 dist=460.521 trueAta=147.509 headingXAngle=20.372 aa=177.997
[EVADE_DIAG] team=1 side=0.325655 turnSign=1 dist=434.362 trueAta=151.648 headingXAngle=17.6923 aa=171.252
[EVADE_DIAG] team=1 side=-0.0399121 turnSign=1 dist=425.39 trueAta=163.935 headingXAngle=9.0907 aa=175.606
[ACTIVE] [RED] Evade Z=3415.61
[EVADE_DIAG] team=1 side=-0.0309179 turnSign=-1 dist=429.772 trueAta=165.023 headingXAngle=7.72062 aa=176.6
[EVADE_DIAG] team=1 side=0.048757 turnSign=1 dist=431.144 trueAta=168.264 headingXAngle=6.07292 aa=178.086
[EVADE_DIAG] team=1 side=-0.141706 turnSign=-1 dist=439.338 trueAta=169.464 headingXAngle=4.95181 aa=174.559
[ACTIVE] [RED] ClimbOut Z=1726.06
[ACTIVE] [RED] Evade Z=1286.74
[EVADE_DIAG] team=1 side=0.133128 turnSign=-1 dist=368.151 trueAta=167.352 headingXAngle=14.3385 aa=179.184
[EVADE_DIAG] team=1 side=0.0248775 turnSign=-1 dist=357.224 trueAta=168.192 headingXAngle=20.7668 aa=170.55
[ACTIVE] [RED] LeadPredict dist=414.403 dV=-8.64261 thr=0.7331 om=1.08214 lt=1.25846
[EVADE_DIAG] team=1 side=0.139747 turnSign=-1 dist=200.228 trueAta=130.545 headingXAngle=37.408 aa=173.349
[ACTIVE] [RED] Evade Z=2493.92
[EVADE_DIAG] team=1 side=-0.0844533 turnSign=1 dist=175.163 trueAta=133.406 headingXAngle=36.4211 aa=169.899
[ACTIVE] [RED] LeadPredict dist=257.622 dV=2.98376 thr=0.813949 om=1.65769 lt=0.848064
[EVADE_DIAG] team=1 side=0.21093 turnSign=1 dist=213.365 trueAta=128.696 headingXAngle=28.64 aa=168.494
[EVADE_DIAG] team=1 side=-0.198853 turnSign=-1 dist=173.109 trueAta=163.591 headingXAngle=12.1928 aa=176.911
[ACTIVE] [RED] Evade Z=2886.88
[EVADE_DIAG] team=1 side=-0.117726 turnSign=-1 dist=176.254 trueAta=171.933 headingXAngle=1.82651 aa=178.036
[EVADE_DIAG] team=1 side=-0.0828303 turnSign=-1 dist=181.253 trueAta=165.326 headingXAngle=6.26272 aa=179.408
[EVADE_DIAG] team=1 side=0.0893952 turnSign=1 dist=173.456 trueAta=171.345 headingXAngle=12.8776 aa=174.895
[ACTIVE] [RED] Evade Z=3136.11
[EVADE_DIAG] team=1 side=0.131402 turnSign=1 dist=188.55 trueAta=171.571 headingXAngle=6.52794 aa=177.005
[EVADE_DIAG] team=1 side=-0.218422 turnSign=-1 dist=207.475 trueAta=166.265 headingXAngle=5.15807 aa=176.715
[EVADE_DIAG] team=1 side=0.000417845 turnSign=-1 dist=218.241 trueAta=171.34 headingXAngle=5.10359 aa=176.248
[ACTIVE] [RED] Evade Z=3255.79
[EVADE_DIAG] team=1 side=0.0256566 turnSign=-1 dist=224.415 trueAta=174.521 headingXAngle=3.53479 aa=172.413
[EVADE_DIAG] team=1 side=0.124509 turnSign=1 dist=220.442 trueAta=164.84 headingXAngle=7.44558 aa=173.68
[EVADE_DIAG] team=1 side=-0.142724 turnSign=-1 dist=212.846 trueAta=166.828 headingXAngle=10.7518 aa=179.694
[ACTIVE] [RED] Evade Z=3163.91
[EVADE_DIAG] team=1 side=0.0778512 turnSign=-1 dist=203.161 trueAta=167.606 headingXAngle=10.0794 aa=177.887
[EVADE_DIAG] team=1 side=0.0736646 turnSign=-1 dist=197.226 trueAta=175.749 headingXAngle=2.67541 aa=177.962
[EVADE_DIAG] team=1 side=-0.0127244 turnSign=-1 dist=187.298 trueAta=177.753 headingXAngle=2.32957 aa=178.228
[ACTIVE] [RED] Evade Z=2861.81
[EVADE_DIAG] team=1 side=-0.0320031 turnSign=-1 dist=174.565 trueAta=178.102 headingXAngle=2.75504 aa=176.485
[DUTY_EV] team=1 evadeTicks=300 v31?섍컯?섏꽑(>3000m)=67% 以묎컙(2200~3000)=22% ?곸듅(<2200)=11%
[EVADE_DIAG] team=1 side=0.105036 turnSign=-1 dist=162.717 trueAta=168.563 headingXAngle=2.49661 aa=168.634
[EVADE_DIAG] team=1 side=-0.17735 turnSign=-1 dist=150.048 trueAta=166.401 headingXAngle=8.80051 aa=175.582
[ACTIVE] [RED] Evade Z=2437.03
[EVADE_DIAG] team=1 side=-0.043631 turnSign=-1 dist=140.543 trueAta=174.589 headingXAngle=3.2032 aa=176.816
[EVADE_DIAG] team=1 side=-0.0304848 turnSign=-1 dist=132.794 trueAta=176.171 headingXAngle=4.53689 aa=175.112
[EVADE_DIAG] team=1 side=-0.0406232 turnSign=-1 dist=129.035 trueAta=168.055 headingXAngle=7.55065 aa=177.792
[ACTIVE] [RED] Evade Z=1800.45
[EVADE_DIAG] team=1 side=0.0221215 turnSign=-1 dist=120.13 trueAta=177.142 headingXAngle=5.72666 aa=177.922
[EVADE_DIAG] team=1 side=-0.343405 turnSign=-1 dist=127.201 trueAta=158.951 headingXAngle=11.7821 aa=178.299
[ACTIVE] [RED] ClimbOut Z=1549.74
[ACTIVE] [RED] LeadPredict dist=165.064 dV=-3.03519 thr=0.744203 om=2.1155 lt=0.515524
[EVADE_DIAG] team=1 side=-0.00596223 turnSign=-1 dist=106.916 trueAta=112.432 headingXAngle=45.8783 aa=166.908
[ACTIVE] [RED] Evade Z=2609.46
[EVADE_DIAG] team=1 side=-0.0953765 turnSign=1 dist=107.075 trueAta=159.561 headingXAngle=39.5135 aa=162.017
[ACTIVE] [RED] LeadPredict dist=123.631 dV=5.50452 thr=0.759307 om=0.497397 lt=0.42132
[ACTIVE] [RED] LeadPredict dist=333.557 dV=6.68774 thr=0.799747 om=1.53184 lt=1.17526
[EVADE_DIAG] team=1 side=-0.0715763 turnSign=1 dist=169.63 trueAta=123.157 headingXAngle=46.4563 aa=171.007
[EVADE_DIAG] team=1 side=-0.010131 turnSign=-1 dist=191.44 trueAta=129.962 headingXAngle=39.8257 aa=176.019
[ACTIVE] [RED] LeadPredict dist=312.819 dV=18.0054 thr=0.663935 om=1.84806 lt=0.984101
[ACTIVE] [RED] Evade Z=2301.01
[EVADE_DIAG] team=1 side=-0.0539128 turnSign=1 dist=251.212 trueAta=138.062 headingXAngle=24.0559 aa=174.102
[EVADE_DIAG] team=1 side=0.173262 turnSign=1 dist=222.873 trueAta=164.034 headingXAngle=14.7031 aa=179.393
[EVADE_DIAG] team=1 side=0.0426688 turnSign=1 dist=234.838 trueAta=174.575 headingXAngle=2.49451 aa=177.689
[ACTIVE] [RED] Evade Z=1904.44
[EVADE_DIAG] team=1 side=-0.132027 turnSign=1 dist=250.102 trueAta=172.076 headingXAngle=5.123 aa=177.828
[EVADE_DIAG] team=1 side=0.0385784 turnSign=1 dist=264.83 trueAta=177.503 headingXAngle=4.70539 aa=179.597
[ACTIVE] [RED] ClimbOut Z=1416.8
[EVADE_DIAG] team=1 side=-0.0777357 turnSign=1 dist=300.48 trueAta=172.343 headingXAngle=4.53725 aa=178.586
[ACTIVE] [RED] Evade Z=1286.99
[EVADE_DIAG] team=1 side=-0.163349 turnSign=-1 dist=311.911 trueAta=168.329 headingXAngle=12.6834 aa=173.417
[ACTIVE] [RED] LeadPredict dist=287.362 dV=-13.8384 thr=0.83653 om=0.6987 lt=0.855423
[EVADE_DIAG] team=1 side=0.222032 turnSign=1 dist=192.601 trueAta=150.535 headingXAngle=33.3951 aa=177.525
[EVADE_DIAG] team=1 side=-0.157911 turnSign=-1 dist=150.326 trueAta=146.695 headingXAngle=29.564 aa=177.195
[ACTIVE] [RED] Evade Z=2579.73
[EVADE_DIAG] team=1 side=-0.165654 turnSign=-1 dist=135.289 trueAta=148.086 headingXAngle=24.7191 aa=176.625
[ACTIVE] [RED] LeadPredict dist=161.174 dV=-3.85831 thr=0.888151 om=2.12398 lt=0.531198
[EVADE_DIAG] team=1 side=-0.0429015 turnSign=-1 dist=157.681 trueAta=130.111 headingXAngle=27.4585 aa=159.893
[EVADE_DIAG] team=1 side=-0.0636928 turnSign=1 dist=126.066 trueAta=166.475 headingXAngle=10.8142 aa=179.11
[ACTIVE] [RED] Evade Z=2981.83
[EVADE_DIAG] team=1 side=-0.0505971 turnSign=1 dist=140.47 trueAta=167.927 headingXAngle=1.86085 aa=171.119
[EVADE_DIAG] team=1 side=-0.136822 turnSign=-1 dist=158.727 trueAta=168.096 headingXAngle=6.84692 aa=178.295
[EVADE_DIAG] team=1 side=0.00905624 turnSign=-1 dist=173.228 trueAta=172.641 headingXAngle=6.03646 aa=177.793
[ACTIVE] [RED] Evade Z=3021.56
[EVADE_DIAG] team=1 side=0.132274 turnSign=-1 dist=184.017 trueAta=172.39 headingXAngle=3.80071 aa=177.949
[EVADE_DIAG] team=1 side=-0.068341 turnSign=-1 dist=187.702 trueAta=176.079 headingXAngle=1.75126 aa=179.67
runner:local/env:0	num_steps=[6961] | total rewards=[-189.7704] | termination= [ownship destroyed]
[seed 6] reward=  -189.77 ownHP=-0.0032 tgtHP=1.0000 ownship destroyed
Remove Space Complete.

[rehearsal own_rep=6 tgt_rep=6 seeds=1]
SUMMARY dealt=0.0000 taken=1.0032 mean_reward=-189.77
tacview log saved (last episode)
STAMP v40 AIP_jh2.dll seed6 2026_8_11_20_14_51


     JSBSim Flight Dynamics Model v1.0.0 May 27 2026 16:13:38
init ID:1 Lat37.92355643001773 Lon128.18188127777776 Alt(meter)7000.0785355893395 Speed(m/sec)300.0
init ID:1 Lat37.96855377446113 Lon128.18188127777776 Alt(meter)7002.8272734023885 Speed(m/sec)300.0
[match] seed 9 OBFM_RED round1 sep=610m alt=7962m spd=289m/s aoff=30deg
            [JSBSim-ML v2.0]

JSBSim startup beginning ...

total: 2
Behavior Tree Initialized Successfully
Behavior Tree Initialized Successfully
[EVADE_DIAG] team=1 side=-0.518229 turnSign=-1 dist=683.024 trueAta=130.285 headingXAngle=25.5604 aa=158.598
[EVADE_DIAG] team=1 side=-0.503795 turnSign=-1 dist=629.206 trueAta=131.386 headingXAngle=26.4092 aa=160.764
[ACTIVE] [RED] Evade Z=7603.13
[EVADE_DIAG] team=1 side=-0.383629 turnSign=-1 dist=568.98 trueAta=133.929 headingXAngle=25.9203 aa=172.127
[EVADE_DIAG] team=1 side=-0.285229 turnSign=-1 dist=510.185 trueAta=137.923 headingXAngle=25.7488 aa=174.589
[EVADE_DIAG] team=1 side=-0.18063 turnSign=-1 dist=460.439 trueAta=144.073 headingXAngle=24.1405 aa=178.315
[ACTIVE] [RED] Evade Z=6950.65
[EVADE_DIAG] team=1 side=-0.0636489 turnSign=-1 dist=426.107 trueAta=151.632 headingXAngle=23.4563 aa=179.188
[EVADE_DIAG] team=1 side=0.0502022 turnSign=-1 dist=409.724 trueAta=167.522 headingXAngle=15.3089 aa=177.686
[EVADE_DIAG] team=1 side=0.0456553 turnSign=-1 dist=414.531 trueAta=176.554 headingXAngle=9.99478 aa=177.76
[ACTIVE] [RED] Evade Z=6116.13
[EVADE_DIAG] team=1 side=-0.00255797 turnSign=-1 dist=427.284 trueAta=172.16 headingXAngle=1.0484 aa=178.315
[EVADE_DIAG] team=1 side=-0.197141 turnSign=-1 dist=435.297 trueAta=167.961 headingXAngle=3.74001 aa=179.209
[EVADE_DIAG] team=1 side=0.0598241 turnSign=-1 dist=434.997 trueAta=168.223 headingXAngle=5.80791 aa=179.935
[ACTIVE] [RED] Evade Z=5214.17
[EVADE_DIAG] team=1 side=-0.0268007 turnSign=1 dist=426.549 trueAta=165.177 headingXAngle=13.6215 aa=177.893
[EVADE_DIAG] team=1 side=-0.0820912 turnSign=-1 dist=415.249 trueAta=172.459 headingXAngle=7.2632 aa=175.769
[EVADE_DIAG] team=1 side=0.101597 turnSign=-1 dist=405.16 trueAta=172.368 headingXAngle=5.73146 aa=177.541
[ACTIVE] [RED] Evade Z=4169.12
[EVADE_DIAG] team=1 side=-0.0415893 turnSign=-1 dist=390.682 trueAta=175.234 headingXAngle=2.39573 aa=177.551
[EVADE_DIAG] team=1 side=0.066796 turnSign=-1 dist=371.137 trueAta=173.977 headingXAngle=5.49881 aa=178.035
[EVADE_DIAG] team=1 side=-0.0801348 turnSign=-1 dist=349.01 trueAta=175.08 headingXAngle=3.11857 aa=178.396
[ACTIVE] [RED] Evade Z=3048.43
[EVADE_DIAG] team=1 side=0.160381 turnSign=1 dist=328.219 trueAta=170.73 headingXAngle=3.08722 aa=178.994
[ACTIVE] [RED] ClimbOut Z=1833.52
[ACTIVE] [RED] ClimbOut Z=1202.8
[EVADE_DIAG] team=1 side=0.195787 turnSign=1 dist=335.842 trueAta=166.093 headingXAngle=29.0464 aa=157.579
[ACTIVE] [RED] LeadPredict dist=438.935 dV=13.9413 thr=0.53687 om=2.68755 lt=1.1206
[ACTIVE] [RED] LeadPredict dist=290.198 dV=-5.40161 thr=0.726056 om=1.27936 lt=0.89441
[EVADE_DIAG] team=1 side=-0.143938 turnSign=-1 dist=176.744 trueAta=112.015 headingXAngle=44.4025 aa=166.117
[ACTIVE] [RED] LeadPredict dist=371.878 dV=1.64621 thr=0.920357 om=1.50537 lt=1.30366
[ACTIVE] [RED] Evade Z=4209.9
[EVADE_DIAG] team=1 side=-0.0402558 turnSign=1 dist=127.134 trueAta=133.641 headingXAngle=37.5539 aa=172.555
[EVADE_DIAG] team=1 side=-0.0580436 turnSign=-1 dist=103.568 trueAta=136.469 headingXAngle=53.3267 aa=171.378
[ACTIVE] [RED] LeadPredict dist=295.467 dV=12.7581 thr=0.771137 om=2.1673 lt=1.14252
[ACTIVE] [RED] LeadPredict dist=231.162 dV=-8.23103 thr=0.978772 om=1.34369 lt=1.04088
[EVADE_DIAG] team=1 side=0.088071 turnSign=-1 dist=90.6763 trueAta=115.532 headingXAngle=56.5196 aa=174.939
[ACTIVE] [RED] LeadPredict dist=342.536 dV=18.5199 thr=0.666418 om=1.21394 lt=1.49292
[ACTIVE] [RED] LeadPredict dist=222.422 dV=-1.80054 thr=0.914671 om=1.34217 lt=0.965085
[ACTIVE] [RED] Evade Z=5608.11
[EVADE_DIAG] team=1 side=-0.0943151 turnSign=1 dist=122.956 trueAta=109.147 headingXAngle=61.8471 aa=175.959
[ACTIVE] [RED] LeadPredict dist=476.215 dV=15.176 thr=0.817888 om=1.6093 lt=1.82044
[ACTIVE] [RED] LeadPredict dist=234.322 dV=-13.2726 thr=1 om=1.70641 lt=0.856666
[ACTIVE] [RED] LeadPredict dist=340.572 dV=17.5939 thr=0.668874 om=1.75354 lt=1.08653
[DUTY] team=1 ticks=600 v27종말조준=0% v21뱅크예측=92.8333% v17궤도조건=96% v17슬롯적용=1.5% 상승클램프=0% 강하클램프=13.8333% v23b조건=23.5% v23b실제적용=17.8333%
[EVADE_DIAG] team=1 side=0.0696446 turnSign=1 dist=84.9482 trueAta=151.7 headingXAngle=35.0135 aa=168.402
[ACTIVE] [RED] LeadPredict dist=204.122 dV=-0.20578 thr=0.707035 om=1.11088 lt=0.620559
[EVADE_DIAG] team=1 side=-0.205032 turnSign=-1 dist=104.313 trueAta=143.959 headingXAngle=26.3013 aa=169.028
[ACTIVE] [RED] Evade Z=1640.84
[EVADE_DIAG] team=1 side=-0.227671 turnSign=-1 dist=125.846 trueAta=166.762 headingXAngle=8.99773 aa=178.897
[EVADE_DIAG] team=1 side=0.0171788 turnSign=-1 dist=141.725 trueAta=178.92 headingXAngle=5.11567 aa=175.552
[ACTIVE] [RED] LeadPredict dist=285.948 dV=12.7581 thr=0.573666 om=1.45333 lt=0.793608
[EVADE_DIAG] team=1 side=0.0803972 turnSign=-1 dist=105.697 trueAta=135.053 headingXAngle=37.1813 aa=175.152
[ACTIVE] [RED] LeadPredict dist=182.16 dV=-4.62994 thr=0.800612 om=1.47416 lt=0.593518
[ACTIVE] [RED] Evade Z=2510.55
[EVADE_DIAG] team=1 side=0.00895853 turnSign=1 dist=91.62 trueAta=147.931 headingXAngle=46.6023 aa=165.628
[DUTY_EV] team=1 evadeTicks=300 v31?섍컯?섏꽑(>3000m)=77.6667% 以묎컙(2200~3000)=8.66667% ?곸듅(<2200)=13.6667%
[ACTIVE] [RED] LeadPredict dist=338.026 dV=0.874542 thr=0.869505 om=1.59606 lt=1.16668
[ACTIVE] [RED] LeadPredict dist=331.001 dV=6.79062 thr=0.798513 om=0.530452 lt=1.15164
[EVADE_DIAG] team=1 side=0.321582 turnSign=1 dist=166.789 trueAta=132.507 headingXAngle=41.4157 aa=179.75
[EVADE_DIAG] team=1 side=0.192314 turnSign=1 dist=162.237 trueAta=137.02 headingXAngle=38.5604 aa=175.477
[ACTIVE] [RED] LeadPredict dist=299.748 dV=10.4431 thr=0.734802 om=1.60683 lt=0.92974
[ACTIVE] [RED] Evade Z=2201.78
[EVADE_DIAG] team=1 side=-0.230585 turnSign=-1 dist=200.306 trueAta=142.137 headingXAngle=23.9724 aa=176.202
[EVADE_DIAG] team=1 side=0.072611 turnSign=1 dist=182.864 trueAta=174.75 headingXAngle=11.4369 aa=178.77
[EVADE_DIAG] team=1 side=0.0123103 turnSign=1 dist=202.676 trueAta=160.506 headingXAngle=7.25894 aa=175.914
[ACTIVE] [RED] Evade Z=1974.84
[EVADE_DIAG] team=1 side=0.0043055 turnSign=-1 dist=206.487 trueAta=165.409 headingXAngle=7.30184 aa=174.217
[EVADE_DIAG] team=1 side=0.0186741 turnSign=-1 dist=201.165 trueAta=178.632 headingXAngle=2.23701 aa=178.422
[EVADE_DIAG] team=1 side=-0.0159748 turnSign=-1 dist=199.247 trueAta=172.04 headingXAngle=9.02983 aa=177.347
[ACTIVE] [RED] Evade Z=1746.63
[EVADE_DIAG] team=1 side=0.0331748 turnSign=-1 dist=196.549 trueAta=175.506 headingXAngle=2.22991 aa=178.003
[EVADE_DIAG] team=1 side=0.0165731 turnSign=-1 dist=189.016 trueAta=179.045 headingXAngle=3.01579 aa=179.079
[EVADE_DIAG] team=1 side=-0.0867511 turnSign=-1 dist=176.615 trueAta=170.005 headingXAngle=6.19718 aa=171.989
[ACTIVE] [RED] Evade Z=1566.18
[EVADE_DIAG] team=1 side=0.0989923 turnSign=-1 dist=159.445 trueAta=171.429 headingXAngle=5.80277 aa=177.783
[EVADE_DIAG] team=1 side=-0.0215616 turnSign=-1 dist=143.11 trueAta=178.488 headingXAngle=2.28698 aa=178.889
[EVADE_DIAG] team=1 side=0.0340397 turnSign=-1 dist=133.855 trueAta=173.046 headingXAngle=13.0511 aa=172.284
[ACTIVE] [RED] Evade Z=1498.25
[EVADE_DIAG] team=1 side=0.217346 turnSign=1 dist=130.428 trueAta=153.002 headingXAngle=22.3929 aa=178.166
[EVADE_DIAG] team=1 side=-0.09648 turnSign=1 dist=142.7 trueAta=140.447 headingXAngle=20.1761 aa=164.317
[EVADE_DIAG] team=1 side=0.076325 turnSign=-1 dist=122.939 trueAta=175.275 headingXAngle=6.58784 aa=176.48
[ACTIVE] [RED] Evade Z=1672.33
[EVADE_DIAG] team=1 side=-0.163108 turnSign=-1 dist=130.373 trueAta=167.149 headingXAngle=4.67227 aa=179.373
[EVADE_DIAG] team=1 side=-0.0203486 turnSign=-1 dist=127.801 trueAta=172.067 headingXAngle=12.0096 aa=171.183
[ACTIVE] [RED] LeadPredict dist=170.558 dV=0.0514221 thr=0.74578 om=1.39986 lt=0.521949
[EVADE_DIAG] team=1 side=0.115568 turnSign=1 dist=135.273 trueAta=148.199 headingXAngle=19.287 aa=170.452
[ACTIVE] [RED] Evade Z=1512.1
[EVADE_DIAG] team=1 side=-0.13174 turnSign=-1 dist=129.941 trueAta=171.72 headingXAngle=3.85864 aa=176.439
[EVADE_DIAG] team=1 side=0.000527148 turnSign=-1 dist=135.934 trueAta=165.612 headingXAngle=10.3495 aa=176.247
[EVADE_DIAG] team=1 side=0.0730186 turnSign=-1 dist=143.504 trueAta=175.056 headingXAngle=25.2485 aa=157.252
[ACTIVE] [RED] ClimbOut Z=1302.91
[ACTIVE] [RED] LeadPredict dist=189.174 dV=-6.07037 thr=0.7993 om=2.58817 lt=0.615753
[ACTIVE] [RED] Evade Z=2154.74
[EVADE_DIAG] team=1 side=-0.133671 turnSign=1 dist=100.329 trueAta=132.754 headingXAngle=37.6166 aa=175.449
[EVADE_DIAG] team=1 side=0.252762 turnSign=1 dist=183.929 trueAta=145.41 headingXAngle=28.3942 aa=173.615
[ACTIVE] [RED] LeadPredict dist=222.784 dV=7.97382 thr=0.786859 om=2.13492 lt=0.718775
[EVADE_DIAG] team=1 side=0.00373797 turnSign=1 dist=232.683 trueAta=135.921 headingXAngle=20.6479 aa=175.402
[ACTIVE] [RED] Evade Z=2527.9
[EVADE_DIAG] team=1 side=0.0671531 turnSign=-1 dist=208.871 trueAta=156.795 headingXAngle=17.8235 aa=178.161
[EVADE_DIAG] team=1 side=0.0184251 turnSign=1 dist=212.144 trueAta=177.353 headingXAngle=20.1062 aa=157.77
[EVADE_DIAG] team=1 side=-0.0392949 turnSign=-1 dist=257.412 trueAta=155.972 headingXAngle=11.5286 aa=174.27
[ACTIVE] [RED] Evade Z=2572.93
[EVADE_DIAG] team=1 side=-0.0614493 turnSign=1 dist=255.954 trueAta=171.791 headingXAngle=8.53033 aa=175.561
[DUTY_EV] team=1 evadeTicks=600 v31?섍컯?섏꽑(>3000m)=38.8333% 以묎컙(2200~3000)=18.6667% ?곸듅(<2200)=42.5%
[EVADE_DIAG] team=1 side=-0.0669902 turnSign=1 dist=271.17 trueAta=176.028 headingXAngle=1.30443 aa=179.688
[EVADE_DIAG] team=1 side=0.078431 turnSign=1 dist=287.228 trueAta=174.966 headingXAngle=3.39359 aa=178.433
runner:local/env:0	num_steps=[11201] | total rewards=[-232.1388] | termination= [ownship destroyed]
[seed 9] reward=  -232.14 ownHP=-0.0022 tgtHP=1.0000 ownship destroyed
Remove Space Complete.

[rehearsal own_rep=6 tgt_rep=6 seeds=1]
SUMMARY dealt=0.0000 taken=1.0022 mean_reward=-232.14
tacview log saved (last episode)
STAMP v40 AIP_jh2.dll seed9 2026_8_11_20_15_18


     JSBSim Flight Dynamics Model v1.0.0 May 27 2026 16:13:38
init ID:1 Lat37.92355643001773 Lon128.18188127777776 Alt(meter)7000.0785355893395 Speed(m/sec)300.0
init ID:1 Lat37.96855377446113 Lon128.18188127777776 Alt(meter)7002.8272734023885 Speed(m/sec)300.0
[match] seed 12 OBFM_RED round1 sep=610m alt=5889m spd=248m/s aoff=30deg
            [JSBSim-ML v2.0]

JSBSim startup beginning ...

total: 2
Behavior Tree Initialized Successfully
Behavior Tree Initialized Successfully
[EVADE_DIAG] team=1 side=-0.46075 turnSign=-1 dist=694.456 trueAta=142.445 headingXAngle=18.8135 aa=172.727
[EVADE_DIAG] team=1 side=-0.413116 turnSign=-1 dist=688.421 trueAta=134.265 headingXAngle=23.4526 aa=171.623
[ACTIVE] [RED] Evade Z=5670.41
[EVADE_DIAG] team=1 side=-0.333823 turnSign=-1 dist=638.358 trueAta=126.026 headingXAngle=30.2153 aa=156.798
[EVADE_DIAG] team=1 side=-0.235991 turnSign=-1 dist=573.501 trueAta=123.52 headingXAngle=36.0558 aa=178.598
[EVADE_DIAG] team=1 side=-0.123853 turnSign=-1 dist=500.609 trueAta=124.024 headingXAngle=37.1174 aa=173.805
[ACTIVE] [RED] Evade Z=5063.53
[EVADE_DIAG] team=1 side=0.0305236 turnSign=-1 dist=431.436 trueAta=142.761 headingXAngle=25.5108 aa=175.408
[EVADE_DIAG] team=1 side=0.140339 turnSign=-1 dist=405.147 trueAta=160.731 headingXAngle=14.3326 aa=173.26
[EVADE_DIAG] team=1 side=-0.0348269 turnSign=1 dist=407.421 trueAta=171.81 headingXAngle=8.77507 aa=177.685
[ACTIVE] [RED] Evade Z=4285.62
[EVADE_DIAG] team=1 side=-0.189378 turnSign=-1 dist=422.324 trueAta=167.391 headingXAngle=4.80024 aa=172.622
[EVADE_DIAG] team=1 side=0.129643 turnSign=-1 dist=431.559 trueAta=166.267 headingXAngle=7.90866 aa=176.827
[EVADE_DIAG] team=1 side=-0.0933938 turnSign=1 dist=433.471 trueAta=169.284 headingXAngle=11.5407 aa=179.874
[ACTIVE] [RED] Evade Z=3344.07
[EVADE_DIAG] team=1 side=0.0523709 turnSign=1 dist=439.888 trueAta=176.641 headingXAngle=3.69779 aa=179.12
[EVADE_DIAG] team=1 side=-0.0175881 turnSign=1 dist=450.85 trueAta=178.683 headingXAngle=1.37105 aa=179.848
[ACTIVE] [RED] ClimbOut Z=1874.15
[EVADE_DIAG] team=1 side=0.017786 turnSign=1 dist=486.966 trueAta=165.568 headingXAngle=13.945 aa=178.655
[ACTIVE] [RED] Evade Z=1518.91
[EVADE_DIAG] team=1 side=-0.124196 turnSign=1 dist=485.685 trueAta=165.032 headingXAngle=10.0429 aa=179.163
runner:local/env:0	num_steps=[1328] | total rewards=[-133.6276] | termination= [ownship destroyed]
[seed 12] reward=  -133.63 ownHP=-0.0078 tgtHP=1.0000 ownship destroyed
Remove Space Complete.

[rehearsal own_rep=6 tgt_rep=6 seeds=1]
SUMMARY dealt=0.0000 taken=1.0078 mean_reward=-133.63
tacview log saved (last episode)
STAMP v40 AIP_jh2.dll seed12 2026_8_11_20_15_24


     JSBSim Flight Dynamics Model v1.0.0 May 27 2026 16:13:38
init ID:1 Lat37.92355643001773 Lon128.18188127777776 Alt(meter)7000.0785355893395 Speed(m/sec)300.0
init ID:1 Lat37.96855377446113 Lon128.18188127777776 Alt(meter)7002.8272734023885 Speed(m/sec)300.0
[match] seed 15 OBFM_RED round1 sep=610m alt=6004m spd=217m/s aoff=30deg
            [JSBSim-ML v2.0]

JSBSim startup beginning ...

total: 2
Behavior Tree Initialized Successfully
Behavior Tree Initialized Successfully
[EVADE_DIAG] team=1 side=-0.306537 turnSign=-1 dist=693.641 trueAta=147.493 headingXAngle=14.1968 aa=176.579
[EVADE_DIAG] team=1 side=-0.389594 turnSign=-1 dist=699.409 trueAta=136.693 headingXAngle=27.1931 aa=163.727
[ACTIVE] [RED] Evade Z=5874.08
[EVADE_DIAG] team=1 side=-0.273626 turnSign=-1 dist=683.717 trueAta=128.862 headingXAngle=26.6904 aa=169.344
[EVADE_DIAG] team=1 side=-0.11954 turnSign=-1 dist=583.706 trueAta=120.71 headingXAngle=36.2511 aa=173.335
[EVADE_DIAG] team=1 side=0.366273 turnSign=1 dist=444.478 trueAta=129.301 headingXAngle=30.6792 aa=171.89
[ACTIVE] [RED] Evade Z=4967.68
[EVADE_DIAG] team=1 side=-0.303699 turnSign=-1 dist=396.475 trueAta=147.608 headingXAngle=26.1051 aa=172.65
[EVADE_DIAG] team=1 side=0.321386 turnSign=1 dist=382.884 trueAta=156.138 headingXAngle=16.2401 aa=170.818
[EVADE_DIAG] team=1 side=-0.0266112 turnSign=1 dist=390.663 trueAta=164.542 headingXAngle=8.50143 aa=171.377
[ACTIVE] [RED] Evade Z=4146.3
[EVADE_DIAG] team=1 side=-0.0887325 turnSign=-1 dist=406.094 trueAta=163.04 headingXAngle=8.10132 aa=171.991
[EVADE_DIAG] team=1 side=0.0687713 turnSign=1 dist=409.277 trueAta=165.017 headingXAngle=8.59409 aa=178.109
[EVADE_DIAG] team=1 side=-0.0965719 turnSign=-1 dist=414.517 trueAta=169.209 headingXAngle=6.05853 aa=178.433
[ACTIVE] [RED] Evade Z=3167.36
[EVADE_DIAG] team=1 side=0.118547 turnSign=-1 dist=418.333 trueAta=172.318 headingXAngle=4.01606 aa=177.666
[EVADE_DIAG] team=1 side=-0.103045 turnSign=-1 dist=417.727 trueAta=173.729 headingXAngle=2.77486 aa=179.385
[ACTIVE] [RED] ClimbOut Z=1762.4
[EVADE_DIAG] team=1 side=0.12412 turnSign=-1 dist=352.576 trueAta=166.652 headingXAngle=11.1514 aa=178.185
[ACTIVE] [RED] Evade Z=1183.36
[EVADE_DIAG] team=1 side=0.139941 turnSign=-1 dist=344.466 trueAta=165.124 headingXAngle=25.3595 aa=164.72
[ACTIVE] [RED] LeadPredict dist=545.067 dV=0.925995 thr=0.612584 om=1.1902 lt=1.5522
[EVADE_DIAG] team=1 side=0.114781 turnSign=1 dist=184.12 trueAta=115.186 headingXAngle=40.874 aa=175.584
[ACTIVE] [RED] LeadPredict dist=134.836 dV=-3.7554 thr=0.898545 om=0.345229 lt=0.43999
[EVADE_DIAG] team=1 side=0.165679 turnSign=1 dist=231.23 trueAta=124.307 headingXAngle=38.1022 aa=162.788
[ACTIVE] [RED] Evade Z=3207.14
[EVADE_DIAG] team=1 side=-0.0272199 turnSign=1 dist=198.431 trueAta=172.077 headingXAngle=20.6041 aa=176.11
[EVADE_DIAG] team=1 side=-0.290585 turnSign=-1 dist=243.655 trueAta=135.882 headingXAngle=21.3276 aa=158.399
[EVADE_DIAG] team=1 side=0.0310456 turnSign=1 dist=209.564 trueAta=147.127 headingXAngle=26.5222 aa=177.528
[ACTIVE] [RED] Evade Z=3497.5
[EVADE_DIAG] team=1 side=-0.0325531 turnSign=-1 dist=203.563 trueAta=171.075 headingXAngle=15.6554 aa=178.581
[EVADE_DIAG] team=1 side=-0.119835 turnSign=-1 dist=227.123 trueAta=164.152 headingXAngle=14.0512 aa=174.088
[EVADE_DIAG] team=1 side=0.226245 turnSign=1 dist=245.426 trueAta=162.92 headingXAngle=6.14879 aa=174.153
[ACTIVE] [RED] Evade Z=3262.39
[EVADE_DIAG] team=1 side=-0.186261 turnSign=-1 dist=256.282 trueAta=168.532 headingXAngle=5.79404 aa=174.926
[EVADE_DIAG] team=1 side=0.00830894 turnSign=-1 dist=266.808 trueAta=176.56 headingXAngle=5.68294 aa=177.078
[EVADE_DIAG] team=1 side=-0.068001 turnSign=-1 dist=280.01 trueAta=172.034 headingXAngle=5.04047 aa=170.697
[ACTIVE] [RED] Evade Z=2948.25
[EVADE_DIAG] team=1 side=0.190105 turnSign=1 dist=285.75 trueAta=165.601 headingXAngle=7.65174 aa=173.522
[EVADE_DIAG] team=1 side=-0.177397 turnSign=-1 dist=288.169 trueAta=169.023 headingXAngle=5.26783 aa=176.008
[EVADE_DIAG] team=1 side=0.138655 turnSign=-1 dist=290.023 trueAta=170.463 headingXAngle=5.03255 aa=176.921
[ACTIVE] [RED] Evade Z=2456.99
[EVADE_DIAG] team=1 side=-0.0849389 turnSign=-1 dist=290.548 trueAta=174.009 headingXAngle=3.03842 aa=177.653
[DUTY_EV] team=1 evadeTicks=300 v31?섍컯?섏꽑(>3000m)=74.3333% 以묎컙(2200~3000)=16.3333% ?곸듅(<2200)=9.33333%
[EVADE_DIAG] team=1 side=0.0338611 turnSign=-1 dist=284.521 trueAta=174.109 headingXAngle=2.61232 aa=178.617
[EVADE_DIAG] team=1 side=0.06465 turnSign=-1 dist=274.44 trueAta=175.575 headingXAngle=1.32416 aa=179.375
[ACTIVE] [RED] Evade Z=1899.21
[EVADE_DIAG] team=1 side=-0.135271 turnSign=-1 dist=268.244 trueAta=172.138 headingXAngle=4.70833 aa=168.378
[ACTIVE] [RED] ClimbOut Z=1804.64
[EVADE_DIAG] team=1 side=-0.0757564 turnSign=-1 dist=260.071 trueAta=174.609 headingXAngle=10.7316 aa=174.411
[EVADE_DIAG] team=1 side=-0.0882677 turnSign=-1 dist=262.409 trueAta=174.747 headingXAngle=26.9753 aa=156.486
[ACTIVE] [RED] LeadPredict dist=363.732 dV=3.70398 thr=0.582527 om=1.4994 lt=1.00547
[ACTIVE] [RED] LeadPredict dist=280.86 dV=-14.25 thr=0.804766 om=1.42502 lt=0.918032
[ACTIVE] [RED] Evade Z=2499.65
[EVADE_DIAG] team=1 side=-0.0925375 turnSign=1 dist=62.7362 trueAta=151.052 headingXAngle=44.1998 aa=179.681
[ACTIVE] [RED] LeadPredict dist=134.864 dV=4.32129 thr=0.830047 om=0.733398 lt=0.469393
[EVADE_DIAG] team=1 side=-0.0463543 turnSign=1 dist=142.305 trueAta=117.992 headingXAngle=48.9329 aa=166.925
[ACTIVE] [RED] LeadPredict dist=323.142 dV=18.1083 thr=0.6627 om=1.60277 lt=1.09911
[EVADE_DIAG] team=1 side=0.178729 turnSign=1 dist=230.077 trueAta=131.617 headingXAngle=37.386 aa=169.123
[ACTIVE] [RED] Evade Z=3158.42
[EVADE_DIAG] team=1 side=0.0580452 turnSign=-1 dist=222.891 trueAta=175.743 headingXAngle=22.1815 aa=175.764
[EVADE_DIAG] team=1 side=-0.0422586 turnSign=1 dist=306.827 trueAta=138.525 headingXAngle=20.5725 aa=159.392
[EVADE_DIAG] team=1 side=0.229547 turnSign=1 dist=276.789 trueAta=145.403 headingXAngle=20.1656 aa=171.421
[ACTIVE] [RED] Evade Z=3225.41
[EVADE_DIAG] team=1 side=-0.194386 turnSign=-1 dist=263.972 trueAta=159.322 headingXAngle=13.2164 aa=173.317
[EVADE_DIAG] team=1 side=0.144359 turnSign=1 dist=267.788 trueAta=170.279 headingXAngle=8.65304 aa=177.463
[EVADE_DIAG] team=1 side=-0.042871 turnSign=1 dist=284.814 trueAta=172.302 headingXAngle=6.36408 aa=178.524
[ACTIVE] [RED] Evade Z=2814.6
[EVADE_DIAG] team=1 side=-0.0218566 turnSign=1 dist=303.685 trueAta=176.252 headingXAngle=1.49198 aa=177.606
[EVADE_DIAG] team=1 side=-0.0152241 turnSign=1 dist=326.135 trueAta=174.749 headingXAngle=3.20903 aa=177.907
[EVADE_DIAG] team=1 side=0.0712378 turnSign=1 dist=350.211 trueAta=175.54 headingXAngle=1.84045 aa=178.524
[ACTIVE] [RED] Evade Z=2248.73
[EVADE_DIAG] team=1 side=-0.109063 turnSign=1 dist=376.149 trueAta=173.709 headingXAngle=3.46092 aa=177.739
[EVADE_DIAG] team=1 side=0.133087 turnSign=1 dist=400.793 trueAta=171.44 headingXAngle=3.21171 aa=179.932
[ACTIVE] [RED] ClimbOut Z=1845.91
[EVADE_DIAG] team=1 side=-0.0699738 turnSign=1 dist=433.365 trueAta=163.996 headingXAngle=11.7106 aa=179.741
[ACTIVE] [RED] Evade Z=1372.73
[EVADE_DIAG] team=1 side=-0.0869461 turnSign=1 dist=432.494 trueAta=160.248 headingXAngle=16.4267 aa=179.188
[EVADE_DIAG] team=1 side=-0.0972598 turnSign=1 dist=422.775 trueAta=156.348 headingXAngle=20.6911 aa=179.658
[ACTIVE] [RED] LeadPredict dist=475.007 dV=-9.05414 thr=0.789304 om=0.914594 lt=1.36934
[EVADE_DIAG] team=1 side=0.199423 turnSign=1 dist=393.919 trueAta=126.871 headingXAngle=37.0972 aa=163.946
[ACTIVE] [RED] Evade Z=1582.9
[EVADE_DIAG] team=1 side=0.270967 turnSign=1 dist=318.111 trueAta=154.684 headingXAngle=28.6974 aa=173.535
[EVADE_DIAG] team=1 side=0.0119473 turnSign=1 dist=327.48 trueAta=169.112 headingXAngle=15.5919 aa=179.181
[EVADE_DIAG] team=1 side=-0.122271 turnSign=-1 dist=351.047 trueAta=160.074 headingXAngle=5.0901 aa=177.204
[ACTIVE] [RED] Evade Z=1992.22
[EVADE_DIAG] team=1 side=-0.117316 turnSign=1 dist=344.845 trueAta=160.88 headingXAngle=9.85708 aa=171.057
[EVADE_DIAG] team=1 side=0.114484 turnSign=-1 dist=334.411 trueAta=167.465 headingXAngle=5.9667 aa=179.974
[EVADE_DIAG] team=1 side=-0.09904 turnSign=1 dist=325.864 trueAta=170.59 headingXAngle=4.93617 aa=175.333
[ACTIVE] [RED] Evade Z=2326.91
[EVADE_DIAG] team=1 side=0.0595932 turnSign=1 dist=326.129 trueAta=173.755 headingXAngle=3.70041 aa=179.965
[DUTY_EV] team=1 evadeTicks=600 v31?섍컯?섏꽑(>3000m)=49% 以묎컙(2200~3000)=21.5% ?곸듅(<2200)=29.5%
[EVADE_DIAG] team=1 side=-0.0215049 turnSign=1 dist=328.533 trueAta=175.518 headingXAngle=2.55692 aa=179.189
[EVADE_DIAG] team=1 side=0.00119669 turnSign=1 dist=338.884 trueAta=174.679 headingXAngle=1.8836 aa=177.607
[ACTIVE] [RED] Evade Z=2621.67
[EVADE_DIAG] team=1 side=-0.0280338 turnSign=1 dist=354.001 trueAta=176.203 headingXAngle=3.37274 aa=179.627
runner:local/env:0	num_steps=[6967] | total rewards=[-189.9415] | termination= [ownship destroyed]
[seed 15] reward=  -189.94 ownHP=-0.0015 tgtHP=1.0000 ownship destroyed
Remove Space Complete.

[rehearsal own_rep=6 tgt_rep=6 seeds=1]
SUMMARY dealt=0.0000 taken=1.0015 mean_reward=-189.94
tacview log saved (last episode)
STAMP v40 AIP_jh2.dll seed15 2026_8_11_20_15_42


     JSBSim Flight Dynamics Model v1.0.0 May 27 2026 16:13:38
init ID:1 Lat37.92355643001773 Lon128.18188127777776 Alt(meter)7000.0785355893395 Speed(m/sec)300.0
init ID:1 Lat37.96855377446113 Lon128.18188127777776 Alt(meter)7002.8272734023885 Speed(m/sec)300.0
[match] seed 18 OBFM_RED round1 sep=610m alt=6242m spd=272m/s aoff=30deg
            [JSBSim-ML v2.0]

JSBSim startup beginning ...

total: 2
Behavior Tree Initialized Successfully
Behavior Tree Initialized Successfully
[EVADE_DIAG] team=1 side=-0.50731 turnSign=-1 dist=702.215 trueAta=139.241 headingXAngle=21.2139 aa=174.922
[EVADE_DIAG] team=1 side=-0.433751 turnSign=-1 dist=682.915 trueAta=135.85 headingXAngle=22.8155 aa=172.88
[ACTIVE] [RED] Evade Z=6048.14
[EVADE_DIAG] team=1 side=-0.354946 turnSign=-1 dist=642.712 trueAta=132.782 headingXAngle=26.0373 aa=159.811
[EVADE_DIAG] team=1 side=-0.285854 turnSign=-1 dist=588.882 trueAta=132.584 headingXAngle=29.7604 aa=177.127
[EVADE_DIAG] team=1 side=-0.196427 turnSign=-1 dist=532.835 trueAta=134.609 headingXAngle=30.3672 aa=179.069
[ACTIVE] [RED] Evade Z=5447.27
[EVADE_DIAG] team=1 side=-0.0755798 turnSign=-1 dist=480.677 trueAta=140.266 headingXAngle=30.2185 aa=178.241
[EVADE_DIAG] team=1 side=0.156748 turnSign=1 dist=448.046 trueAta=160.285 headingXAngle=17.3133 aa=177.358
[EVADE_DIAG] team=1 side=-0.10524 turnSign=1 dist=447.593 trueAta=170.715 headingXAngle=10.0486 aa=178.316
[ACTIVE] [RED] Evade Z=4635.46
[EVADE_DIAG] team=1 side=-0.172165 turnSign=-1 dist=459.305 trueAta=169.128 headingXAngle=5.13661 aa=173.394
[EVADE_DIAG] team=1 side=0.10636 turnSign=-1 dist=466.493 trueAta=167.858 headingXAngle=6.39501 aa=175.614
[EVADE_DIAG] team=1 side=-0.0439579 turnSign=1 dist=467.12 trueAta=168.805 headingXAngle=10.6275 aa=178.296
[ACTIVE] [RED] Evade Z=3665.57
[EVADE_DIAG] team=1 side=0.045692 turnSign=1 dist=469.001 trueAta=175.702 headingXAngle=4.44553 aa=177.533
[EVADE_DIAG] team=1 side=-0.034662 turnSign=1 dist=476.274 trueAta=176.906 headingXAngle=2.13479 aa=179.752
[EVADE_DIAG] team=1 side=0.0441884 turnSign=1 dist=485.564 trueAta=177.395 headingXAngle=1.33863 aa=179.806
[ACTIVE] [RED] ClimbOut Z=1905.41
[ACTIVE] [RED] Evade Z=1441.83
[EVADE_DIAG] team=1 side=0.084351 turnSign=1 dist=513.48 trueAta=168.679 headingXAngle=8.77017 aa=178.523
[EVADE_DIAG] team=1 side=-0.0837563 turnSign=1 dist=506.018 trueAta=160.436 headingXAngle=19.7435 aa=179.14
[EVADE_DIAG] team=1 side=-0.107748 turnSign=1 dist=492.968 trueAta=156.181 headingXAngle=26.964 aa=172.011
[ACTIVE] [RED] Evade Z=1412.43
[EVADE_DIAG] team=1 side=-0.347206 turnSign=-1 dist=462.343 trueAta=138.944 headingXAngle=22.3859 aa=176.202
[EVADE_DIAG] team=1 side=-0.190796 turnSign=-1 dist=402.036 trueAta=152.257 headingXAngle=12.6395 aa=179.01
[EVADE_DIAG] team=1 side=0.167864 turnSign=1 dist=371.215 trueAta=164.218 headingXAngle=12.9151 aa=178.68
[ACTIVE] [RED] Evade Z=1868.42
[EVADE_DIAG] team=1 side=-0.0572986 turnSign=1 dist=365.675 trueAta=176.61 headingXAngle=8.14235 aa=178.906
[EVADE_DIAG] team=1 side=-0.0220741 turnSign=1 dist=370.168 trueAta=178.154 headingXAngle=0.843384 aa=179.204
[EVADE_DIAG] team=1 side=0.00457493 turnSign=1 dist=378.404 trueAta=179.608 headingXAngle=4.48119 aa=178.936
[ACTIVE] [RED] Evade Z=2355.77
[EVADE_DIAG] team=1 side=0.0141154 turnSign=1 dist=387.85 trueAta=178.891 headingXAngle=3.52851 aa=176.377
[EVADE_DIAG] team=1 side=-0.0019864 turnSign=1 dist=398.899 trueAta=179.311 headingXAngle=2.21505 aa=179.744
runner:local/env:0	num_steps=[2061] | total rewards=[-140.6770] | termination= [ownship destroyed]
[seed 18] reward=  -140.68 ownHP=-0.0034 tgtHP=1.0000 ownship destroyed
Remove Space Complete.

[rehearsal own_rep=6 tgt_rep=6 seeds=1]
SUMMARY dealt=0.0000 taken=1.0034 mean_reward=-140.68
tacview log saved (last episode)
STAMP v40 AIP_jh2.dll seed18 2026_8_11_20_15_49


     JSBSim Flight Dynamics Model v1.0.0 May 27 2026 16:13:38
init ID:1 Lat37.92355643001773 Lon128.18188127777776 Alt(meter)7000.0785355893395 Speed(m/sec)300.0
init ID:1 Lat37.96855377446113 Lon128.18188127777776 Alt(meter)7002.8272734023885 Speed(m/sec)300.0
[match] seed 21 OBFM_RED round1 sep=610m alt=3325m spd=262m/s aoff=30deg
            [JSBSim-ML v2.0]

JSBSim startup beginning ...

total: 2
Behavior Tree Initialized Successfully
Behavior Tree Initialized Successfully
[EVADE_DIAG] team=1 side=-0.315602 turnSign=-1 dist=683.664 trueAta=144.871 headingXAngle=16.8488 aa=175.42
[EVADE_DIAG] team=1 side=0.266453 turnSign=1 dist=664.275 trueAta=143.547 headingXAngle=20.142 aa=163.894
[ACTIVE] [RED] Evade Z=3246.38
[EVADE_DIAG] team=1 side=-0.267399 turnSign=-1 dist=646.918 trueAta=143.958 headingXAngle=18.5721 aa=177.807
[EVADE_DIAG] team=1 side=0.34112 turnSign=1 dist=619.14 trueAta=147.252 headingXAngle=18.8454 aa=169.992
[EVADE_DIAG] team=1 side=-0.241354 turnSign=-1 dist=606.29 trueAta=151.511 headingXAngle=16.3197 aa=174.221
[ACTIVE] [RED] Evade Z=2967.05
[EVADE_DIAG] team=1 side=0.286261 turnSign=1 dist=599.418 trueAta=153.049 headingXAngle=13.9627 aa=167.022
[EVADE_DIAG] team=1 side=-0.241694 turnSign=-1 dist=597.039 trueAta=157.195 headingXAngle=10.7039 aa=177.191
[EVADE_DIAG] team=1 side=0.154394 turnSign=1 dist=593.434 trueAta=158.507 headingXAngle=10.5366 aa=178.771
[ACTIVE] [RED] Evade Z=2474.04
[EVADE_DIAG] team=1 side=-0.0211943 turnSign=-1 dist=599.358 trueAta=160.442 headingXAngle=9.60739 aa=170.265
[EVADE_DIAG] team=1 side=-0.0566329 turnSign=1 dist=601.064 trueAta=163.288 headingXAngle=8.54084 aa=179.034
[ACTIVE] [RED] ClimbOut Z=1452.44
[EVADE_DIAG] team=1 side=0.175919 turnSign=1 dist=613.988 trueAta=165.49 headingXAngle=10.6942 aa=177.834
[ACTIVE] [RED] Evade Z=1344.81
[EVADE_DIAG] team=1 side=-0.15802 turnSign=-1 dist=606.678 trueAta=160.674 headingXAngle=10.2519 aa=179.348
[EVADE_DIAG] team=1 side=0.179527 turnSign=1 dist=593.527 trueAta=165.476 headingXAngle=6.26618 aa=178.875
[EVADE_DIAG] team=1 side=-0.0950409 turnSign=-1 dist=590.628 trueAta=160.446 headingXAngle=12.0656 aa=179.014
[ACTIVE] [RED] Evade Z=1445.51
[EVADE_DIAG] team=1 side=-0.000913474 turnSign=1 dist=527.439 trueAta=143.643 headingXAngle=23.709 aa=167.658
[EVADE_DIAG] team=1 side=0.153366 turnSign=1 dist=481.519 trueAta=154.939 headingXAngle=15.8629 aa=178.01
[EVADE_DIAG] team=1 side=-0.192148 turnSign=-1 dist=454.017 trueAta=164.087 headingXAngle=9.74721 aa=179.981
[ACTIVE] [RED] Evade Z=1924.06
[EVADE_DIAG] team=1 side=0.177346 turnSign=1 dist=437.689 trueAta=168.815 headingXAngle=12.8244 aa=179.608
[EVADE_DIAG] team=1 side=-0.112104 turnSign=1 dist=430.66 trueAta=172.611 headingXAngle=8.50088 aa=179.293
[EVADE_DIAG] team=1 side=0.0635328 turnSign=1 dist=429.552 trueAta=175.954 headingXAngle=3.43645 aa=179.002
[ACTIVE] [RED] Evade Z=2458.75
[EVADE_DIAG] team=1 side=0.014456 turnSign=1 dist=434.056 trueAta=176.493 headingXAngle=0.554403 aa=179.824
[EVADE_DIAG] team=1 side=-0.0637906 turnSign=1 dist=440.78 trueAta=175.784 headingXAngle=3.49679 aa=179.525
[EVADE_DIAG] team=1 side=0.120798 turnSign=1 dist=449.529 trueAta=172.109 headingXAngle=1.97668 aa=171.31
[ACTIVE] [RED] Evade Z=2955.84
[EVADE_DIAG] team=1 side=-0.154561 turnSign=-1 dist=455.433 trueAta=171.106 headingXAngle=5.37093 aa=179.867
[EVADE_DIAG] team=1 side=0.0856781 turnSign=-1 dist=460.13 trueAta=167.637 headingXAngle=7.48575 aa=176.803
[EVADE_DIAG] team=1 side=0.0242276 turnSign=1 dist=459.632 trueAta=171.1 headingXAngle=4.13704 aa=178.136
[ACTIVE] [RED] Evade Z=3286.49
[EVADE_DIAG] team=1 side=-0.163248 turnSign=-1 dist=461.481 trueAta=168.505 headingXAngle=5.60036 aa=179.95
[EVADE_DIAG] team=1 side=0.196322 turnSign=1 dist=457.135 trueAta=162.59 headingXAngle=9.92663 aa=178.067
[EVADE_DIAG] team=1 side=-0.187479 turnSign=-1 dist=451.947 trueAta=162.05 headingXAngle=10.4853 aa=179.369
[ACTIVE] [RED] Evade Z=3322.24
[EVADE_DIAG] team=1 side=0.149355 turnSign=1 dist=436.401 trueAta=161.836 headingXAngle=11.2353 aa=176.776
[DUTY_EV] team=1 evadeTicks=300 v31?섍컯?섏꽑(>3000m)=38.3333% 以묎컙(2200~3000)=30.6667% ?곸듅(<2200)=31%
[EVADE_DIAG] team=1 side=-0.141956 turnSign=-1 dist=427.045 trueAta=163.801 headingXAngle=6.25357 aa=177.642
[EVADE_DIAG] team=1 side=0.120088 turnSign=1 dist=412.731 trueAta=165.638 headingXAngle=7.79108 aa=179.646
[ACTIVE] [RED] Evade Z=2998.57
[EVADE_DIAG] team=1 side=-0.161127 turnSign=-1 dist=406.847 trueAta=167.634 headingXAngle=7.69952 aa=179.376
[EVADE_DIAG] team=1 side=0.180783 turnSign=1 dist=398.764 trueAta=168.514 headingXAngle=6.42533 aa=179.579
[EVADE_DIAG] team=1 side=-0.156632 turnSign=-1 dist=395.124 trueAta=170.459 headingXAngle=5.4776 aa=178.187
[ACTIVE] [RED] Evade Z=2418.39
[EVADE_DIAG] team=1 side=0.0325703 turnSign=-1 dist=389.184 trueAta=172.64 headingXAngle=4.0914 aa=177.169
[EVADE_DIAG] team=1 side=-0.0244368 turnSign=-1 dist=379.227 trueAta=175.634 headingXAngle=2.55223 aa=177.987
[EVADE_DIAG] team=1 side=0.00959945 turnSign=-1 dist=363.877 trueAta=171.778 headingXAngle=6.09829 aa=178.29
[ACTIVE] [RED] Evade Z=1479.72
[EVADE_DIAG] team=1 side=0.102626 turnSign=-1 dist=348.677 trueAta=167.264 headingXAngle=12.7361 aa=177.724
[ACTIVE] [RED] ClimbOut Z=1338.68
[EVADE_DIAG] team=1 side=0.088956 turnSign=-1 dist=340.175 trueAta=170.746 headingXAngle=11.8664 aa=169.882
[ACTIVE] [RED] LeadPredict dist=449.944 dV=1.49188 thr=0.596623 om=1.88229 lt=1.26776
[EVADE_DIAG] team=1 side=-0.229973 turnSign=-1 dist=242.329 trueAta=142.561 headingXAngle=26.46 aa=178.737
[ACTIVE] [RED] Evade Z=1944.23
[EVADE_DIAG] team=1 side=-0.0119936 turnSign=1 dist=220.67 trueAta=178.809 headingXAngle=15.946 aa=179.551
[EVADE_DIAG] team=1 side=0.0244647 turnSign=1 dist=246.627 trueAta=160.688 headingXAngle=2.66859 aa=176.854
[EVADE_DIAG] team=1 side=0.155641 turnSign=1 dist=255.226 trueAta=158.784 headingXAngle=8.84404 aa=179.218
[ACTIVE] [RED] Evade Z=2621.19
[EVADE_DIAG] team=1 side=-0.181367 turnSign=-1 dist=252.8 trueAta=168.344 headingXAngle=10.6205 aa=179.638
[EVADE_DIAG] team=1 side=0.0119877 turnSign=-1 dist=262.326 trueAta=178.288 headingXAngle=6.79028 aa=177.217
[EVADE_DIAG] team=1 side=-0.00317875 turnSign=-1 dist=274.806 trueAta=174.747 headingXAngle=1.91753 aa=179.74
[ACTIVE] [RED] Evade Z=3187.21
[EVADE_DIAG] team=1 side=0.0585752 turnSign=-1 dist=277.351 trueAta=176.581 headingXAngle=1.93074 aa=177.895
[EVADE_DIAG] team=1 side=0.0901317 turnSign=-1 dist=274.234 trueAta=173.422 headingXAngle=8.52651 aa=179.599
[EVADE_DIAG] team=1 side=-0.109937 turnSign=-1 dist=272.609 trueAta=173.488 headingXAngle=3.52311 aa=170.989
[ACTIVE] [RED] Evade Z=3614.86
[EVADE_DIAG] team=1 side=0.125492 turnSign=-1 dist=269.946 trueAta=168.102 headingXAngle=6.72741 aa=175.293
[EVADE_DIAG] team=1 side=-0.0410961 turnSign=1 dist=262.326 trueAta=164.4 headingXAngle=16.1817 aa=177.747
[EVADE_DIAG] team=1 side=-0.0940721 turnSign=1 dist=256.905 trueAta=160.433 headingXAngle=17.3803 aa=179.309
[ACTIVE] [RED] Evade Z=3782.2
[EVADE_DIAG] team=1 side=0.0320563 turnSign=1 dist=250.64 trueAta=162.798 headingXAngle=15.4337 aa=174.799
[EVADE_DIAG] team=1 side=0.117301 turnSign=1 dist=251.222 trueAta=164.467 headingXAngle=15.6085 aa=177.003
[EVADE_DIAG] team=1 side=0.0848196 turnSign=1 dist=256.287 trueAta=169.063 headingXAngle=15.4362 aa=177.8
[ACTIVE] [RED] Evade Z=3671.49
[EVADE_DIAG] team=1 side=0.0302981 turnSign=1 dist=267.747 trueAta=176.271 headingXAngle=10.1725 aa=179.804
[EVADE_DIAG] team=1 side=0.174833 turnSign=1 dist=281.726 trueAta=169.436 headingXAngle=2.70047 aa=179.632
[EVADE_DIAG] team=1 side=-0.167579 turnSign=-1 dist=292.105 trueAta=169.162 headingXAngle=5.72401 aa=177.046
[ACTIVE] [RED] Evade Z=3396.22
[EVADE_DIAG] team=1 side=0.156386 turnSign=1 dist=299.496 trueAta=163.183 headingXAngle=10.5618 aa=173.218
[DUTY_EV] team=1 evadeTicks=600 v31?섍컯?섏꽑(>3000m)=45.8333% 以묎컙(2200~3000)=28.5% ?곸듅(<2200)=25.6667%
[EVADE_DIAG] team=1 side=-0.0546114 turnSign=1 dist=307.518 trueAta=169.591 headingXAngle=7.11102 aa=177.002
[EVADE_DIAG] team=1 side=-0.107029 turnSign=-1 dist=314.685 trueAta=171.283 headingXAngle=5.10233 aa=179.452
[ACTIVE] [RED] Evade Z=2870.53
[EVADE_DIAG] team=1 side=0.155282 turnSign=1 dist=318.604 trueAta=171.014 headingXAngle=5.11301 aa=176.346
[EVADE_DIAG] team=1 side=-0.0599342 turnSign=1 dist=321.796 trueAta=172.458 headingXAngle=4.09406 aa=179.867
[EVADE_DIAG] team=1 side=0.0419458 turnSign=1 dist=327.592 trueAta=174.939 headingXAngle=2.87775 aa=179.988
[ACTIVE] [RED] ClimbOut Z=1583.17
[ACTIVE] [RED] Evade Z=1529.67
[EVADE_DIAG] team=1 side=-0.0665094 turnSign=-1 dist=347.497 trueAta=170.397 headingXAngle=8.68543 aa=179.43
[EVADE_DIAG] team=1 side=0.0799655 turnSign=-1 dist=342.406 trueAta=168.112 headingXAngle=9.09962 aa=179.894
[EVADE_DIAG] team=1 side=0.0159423 turnSign=-1 dist=328.833 trueAta=162.288 headingXAngle=17.7996 aa=179.635
[ACTIVE] [RED] Evade Z=1419.72
[EVADE_DIAG] team=1 side=-0.0441031 turnSign=-1 dist=316.315 trueAta=127.268 headingXAngle=37.8386 aa=169.045
[EVADE_DIAG] team=1 side=-0.0667693 turnSign=1 dist=256.37 trueAta=167.623 headingXAngle=33.8727 aa=177.475
[ACTIVE] [RED] LeadPredict dist=342.059 dV=-7.40793 thr=0.654999 om=1.41232 lt=1.00259
[EVADE_DIAG] team=1 side=0.171114 turnSign=1 dist=222.944 trueAta=148.565 headingXAngle=18.3478 aa=171.737
[ACTIVE] [RED] Evade Z=1705.79
[EVADE_DIAG] team=1 side=-0.0995465 turnSign=1 dist=201.332 trueAta=173.448 headingXAngle=9.00322 aa=177.746
[EVADE_DIAG] team=1 side=-0.0912729 turnSign=1 dist=207.894 trueAta=168.105 headingXAngle=10.2541 aa=179.45
[EVADE_DIAG] team=1 side=0.0134697 turnSign=1 dist=214.41 trueAta=177.878 headingXAngle=6.63926 aa=172.58
[ACTIVE] [RED] Evade Z=1605.76
[EVADE_DIAG] team=1 side=-0.0332976 turnSign=1 dist=230.096 trueAta=173.588 headingXAngle=1.33515 aa=178.033
[EVADE_DIAG] team=1 side=0.0200473 turnSign=1 dist=240.884 trueAta=171.208 headingXAngle=5.8632 aa=179.156
[EVADE_DIAG] team=1 side=-0.0753528 turnSign=1 dist=249.192 trueAta=175.651 headingXAngle=1.61866 aa=177.612
[ACTIVE] [RED] Evade Z=1528.97
[EVADE_DIAG] team=1 side=0.0726213 turnSign=1 dist=261.028 trueAta=175.678 headingXAngle=1.60853 aa=179.196
[EVADE_DIAG] team=1 side=0.0612878 turnSign=1 dist=269.721 trueAta=164.53 headingXAngle=10.8557 aa=171.396
[EVADE_DIAG] team=1 side=-0.0893333 turnSign=1 dist=273.962 trueAta=174.776 headingXAngle=13.1588 aa=175.737
[ACTIVE] [RED] Evade Z=1486.7
[EVADE_DIAG] team=1 side=-0.0784811 turnSign=1 dist=290.806 trueAta=172.031 headingXAngle=1.3805 aa=178.657
[EVADE_DIAG] team=1 side=-0.0317342 turnSign=-1 dist=304.939 trueAta=172.459 headingXAngle=6.64676 aa=178.603
runner:local/env:0	num_steps=[6261] | total rewards=[-182.7747] | termination= [ownship destroyed]
[seed 21] reward=  -182.77 ownHP=-0.0041 tgtHP=1.0000 ownship destroyed
Remove Space Complete.

[rehearsal own_rep=6 tgt_rep=6 seeds=1]
SUMMARY dealt=0.0000 taken=1.0041 mean_reward=-182.77
tacview log saved (last episode)
STAMP v40 AIP_jh2.dll seed21 2026_8_11_20_16_6


     JSBSim Flight Dynamics Model v1.0.0 May 27 2026 16:13:38
init ID:1 Lat37.92355643001773 Lon128.18188127777776 Alt(meter)7000.0785355893395 Speed(m/sec)300.0
init ID:1 Lat37.96855377446113 Lon128.18188127777776 Alt(meter)7002.8272734023885 Speed(m/sec)300.0
[match] seed 24 OBFM_RED round1 sep=610m alt=4585m spd=280m/s aoff=30deg
            [JSBSim-ML v2.0]

JSBSim startup beginning ...

total: 2
Behavior Tree Initialized Successfully
Behavior Tree Initialized Successfully
[EVADE_DIAG] team=1 side=-0.468677 turnSign=-1 dist=692.447 trueAta=140.672 headingXAngle=20.4346 aa=171.527
[EVADE_DIAG] team=1 side=-0.366694 turnSign=-1 dist=669.188 trueAta=135.535 headingXAngle=23.6796 aa=175.492
[ACTIVE] [RED] Evade Z=4394.04
[EVADE_DIAG] team=1 side=-0.25756 turnSign=-1 dist=620.951 trueAta=131.531 headingXAngle=28.0577 aa=164.277
[EVADE_DIAG] team=1 side=-0.0896863 turnSign=-1 dist=558.879 trueAta=129.391 headingXAngle=29.0435 aa=170.578
[EVADE_DIAG] team=1 side=0.224234 turnSign=1 dist=489.306 trueAta=140.363 headingXAngle=23.0488 aa=178.577
[ACTIVE] [RED] Evade Z=3822.41
[EVADE_DIAG] team=1 side=-0.0398608 turnSign=-1 dist=447.721 trueAta=145.924 headingXAngle=20.8333 aa=179.978
[EVADE_DIAG] team=1 side=0.00278877 turnSign=1 dist=422.721 trueAta=159.699 headingXAngle=10.662 aa=172.802
[EVADE_DIAG] team=1 side=0.0365027 turnSign=-1 dist=417.253 trueAta=162.502 headingXAngle=11.5811 aa=179.037
[ACTIVE] [RED] Evade Z=3051.9
[EVADE_DIAG] team=1 side=0.0616191 turnSign=1 dist=413.978 trueAta=169.127 headingXAngle=5.19669 aa=171.765
[EVADE_DIAG] team=1 side=-0.161515 turnSign=-1 dist=423.434 trueAta=169.617 headingXAngle=6.879 aa=176.008
[ACTIVE] [RED] ClimbOut Z=1719.78
[EVADE_DIAG] team=1 side=-0.0508599 turnSign=-1 dist=446.268 trueAta=177.054 headingXAngle=23.127 aa=179.764
[ACTIVE] [RED] Evade Z=1324.86
[EVADE_DIAG] team=1 side=-0.254349 turnSign=-1 dist=492.78 trueAta=165.22 headingXAngle=13.2848 aa=173.77
[EVADE_DIAG] team=1 side=-0.148726 turnSign=-1 dist=490.268 trueAta=167.544 headingXAngle=31.8064 aa=161.301
[ACTIVE] [RED] LeadPredict dist=645.082 dV=-4.37274 thr=0.768003 om=0.839947 lt=1.90483
[EVADE_DIAG] team=1 side=0.30732 turnSign=1 dist=308.092 trueAta=137.732 headingXAngle=28.422 aa=176.041
[ACTIVE] [RED] Evade Z=2038.26
[EVADE_DIAG] team=1 side=-0.0511881 turnSign=-1 dist=263.909 trueAta=166.676 headingXAngle=17.461 aa=179.336
[EVADE_DIAG] team=1 side=-0.138038 turnSign=-1 dist=269.452 trueAta=172.066 headingXAngle=5.51592 aa=178.772
[EVADE_DIAG] team=1 side=0.142409 turnSign=-1 dist=271.675 trueAta=165.075 headingXAngle=5.72515 aa=177.49
[ACTIVE] [RED] Evade Z=2600.37
[EVADE_DIAG] team=1 side=-0.125631 turnSign=1 dist=263.692 trueAta=168.658 headingXAngle=8.64763 aa=179.093
[EVADE_DIAG] team=1 side=-0.0406135 turnSign=-1 dist=261.505 trueAta=176.942 headingXAngle=8.0547 aa=175.097
[EVADE_DIAG] team=1 side=-0.0618993 turnSign=-1 dist=265.677 trueAta=174.467 headingXAngle=5.14355 aa=178.051
[ACTIVE] [RED] Evade Z=3090.89
[EVADE_DIAG] team=1 side=0.0855723 turnSign=-1 dist=266.035 trueAta=173.955 headingXAngle=1.88333 aa=179.171
[EVADE_DIAG] team=1 side=-0.00276319 turnSign=-1 dist=257.695 trueAta=178.045 headingXAngle=2.21023 aa=179.294
[EVADE_DIAG] team=1 side=0.0880886 turnSign=-1 dist=246.126 trueAta=169.785 headingXAngle=12.0771 aa=178.665
[ACTIVE] [RED] Evade Z=3451.05
[EVADE_DIAG] team=1 side=-0.0889001 turnSign=-1 dist=238.015 trueAta=174.78 headingXAngle=5.177 aa=171.444
[EVADE_DIAG] team=1 side=0.102849 turnSign=-1 dist=231.425 trueAta=168.819 headingXAngle=5.26527 aa=177.945
[EVADE_DIAG] team=1 side=-0.0208135 turnSign=1 dist=215.461 trueAta=160.891 headingXAngle=13.5976 aa=179.976
[ACTIVE] [RED] Evade Z=3622.91
[EVADE_DIAG] team=1 side=-0.104221 turnSign=1 dist=198.699 trueAta=157.803 headingXAngle=13.4742 aa=175.027
[EVADE_DIAG] team=1 side=-0.0493385 turnSign=-1 dist=185.152 trueAta=173.371 headingXAngle=6.24666 aa=177.536
[EVADE_DIAG] team=1 side=-0.0484329 turnSign=-1 dist=177.42 trueAta=176.13 headingXAngle=2.1934 aa=177.019
[ACTIVE] [RED] Evade Z=3542.46
[EVADE_DIAG] team=1 side=0.0301389 turnSign=-1 dist=167.622 trueAta=163.381 headingXAngle=15.9983 aa=179.955
[DUTY_EV] team=1 evadeTicks=300 v31?섍컯?섏꽑(>3000m)=62.6667% 以묎컙(2200~3000)=20% ?곸듅(<2200)=17.3333%
runner:local/env:0	num_steps=[2570] | total rewards=[-146.0948] | termination= [ownship destroyed]
[seed 24] reward=  -146.09 ownHP=-0.0032 tgtHP=1.0000 ownship destroyed
Remove Space Complete.

[rehearsal own_rep=6 tgt_rep=6 seeds=1]
SUMMARY dealt=0.0000 taken=1.0032 mean_reward=-146.09
tacview log saved (last episode)
STAMP v40 AIP_jh2.dll seed24 2026_8_11_20_16_14


     JSBSim Flight Dynamics Model v1.0.0 May 27 2026 16:13:38
init ID:1 Lat37.92355643001773 Lon128.18188127777776 Alt(meter)7000.0785355893395 Speed(m/sec)300.0
init ID:1 Lat37.96855377446113 Lon128.18188127777776 Alt(meter)7002.8272734023885 Speed(m/sec)300.0
[match] seed 27 OBFM_RED round1 sep=610m alt=2472m spd=205m/s aoff=30deg
            [JSBSim-ML v2.0]

JSBSim startup beginning ...

total: 2
Behavior Tree Initialized Successfully
Behavior Tree Initialized Successfully
[EVADE_DIAG] team=1 side=-0.222795 turnSign=-1 dist=681.472 trueAta=151.516 headingXAngle=12.6253 aa=174.476
[EVADE_DIAG] team=1 side=0.290712 turnSign=1 dist=683.622 trueAta=152.06 headingXAngle=14.5565 aa=170.329
[ACTIVE] [RED] Evade Z=2419.79
[EVADE_DIAG] team=1 side=-0.285651 turnSign=-1 dist=679.139 trueAta=151.109 headingXAngle=17.8613 aa=177.507
[EVADE_DIAG] team=1 side=0.183839 turnSign=1 dist=671.962 trueAta=158.757 headingXAngle=17.0157 aa=175.612
[EVADE_DIAG] team=1 side=-0.256379 turnSign=-1 dist=677.23 trueAta=158.612 headingXAngle=11.0099 aa=169.903
[ACTIVE] [RED] Evade Z=2321.71
[EVADE_DIAG] team=1 side=-0.117443 turnSign=-1 dist=690.128 trueAta=162.863 headingXAngle=10.8863 aa=175.994
[EVADE_DIAG] team=1 side=0.117507 turnSign=-1 dist=694.355 trueAta=169.031 headingXAngle=5.76622 aa=179.696
[EVADE_DIAG] team=1 side=0.0892941 turnSign=1 dist=700.125 trueAta=165.132 headingXAngle=8.30028 aa=174.324
[ACTIVE] [RED] Evade Z=2159.07
[EVADE_DIAG] team=1 side=-0.180729 turnSign=-1 dist=710.07 trueAta=166.141 headingXAngle=5.58165 aa=178.358
[EVADE_DIAG] team=1 side=0.0812779 turnSign=-1 dist=713.869 trueAta=168.59 headingXAngle=6.06279 aa=177.123
[EVADE_DIAG] team=1 side=0.0840204 turnSign=1 dist=713.678 trueAta=163.65 headingXAngle=9.6723 aa=176.097
[ACTIVE] [RED] Evade Z=1926.03
[EVADE_DIAG] team=1 side=-0.189671 turnSign=-1 dist=720.231 trueAta=164.128 headingXAngle=7.47728 aa=171.926
[EVADE_DIAG] team=1 side=0.108567 turnSign=-1 dist=720.998 trueAta=166.819 headingXAngle=7.65927 aa=174.41
[EVADE_DIAG] team=1 side=-0.147193 turnSign=1 dist=716.499 trueAta=160.571 headingXAngle=17.0045 aa=177.531
[ACTIVE] [RED] Evade Z=1623.76
[EVADE_DIAG] team=1 side=-0.0840955 turnSign=-1 dist=707.712 trueAta=167.273 headingXAngle=8.22926 aa=175.51
[EVADE_DIAG] team=1 side=0.134411 turnSign=-1 dist=696.686 trueAta=170.709 headingXAngle=6.28626 aa=176.236
[EVADE_DIAG] team=1 side=0.0230578 turnSign=1 dist=688.934 trueAta=166.937 headingXAngle=8.20324 aa=178.778
[ACTIVE] [RED] Evade Z=1183.66
[EVADE_DIAG] team=1 side=0.0525757 turnSign=1 dist=653.492 trueAta=155.765 headingXAngle=15.2885 aa=171.364
[EVADE_DIAG] team=1 side=0.027514 turnSign=1 dist=565.837 trueAta=130.694 headingXAngle=27.3346 aa=178.397
[EVADE_DIAG] team=1 side=0.333066 turnSign=1 dist=489.035 trueAta=141.432 headingXAngle=22.8802 aa=175.032
[ACTIVE] [RED] Evade Z=1729.34
[EVADE_DIAG] team=1 side=-0.162481 turnSign=-1 dist=440.552 trueAta=152.292 headingXAngle=14.1376 aa=177.6
[EVADE_DIAG] team=1 side=0.0123709 turnSign=1 dist=409.339 trueAta=161.017 headingXAngle=9.73503 aa=179.472
[EVADE_DIAG] team=1 side=-0.0881154 turnSign=-1 dist=396.295 trueAta=168.225 headingXAngle=3.80675 aa=179.742
[ACTIVE] [RED] Evade Z=2321.59
[EVADE_DIAG] team=1 side=0.126241 turnSign=-1 dist=385.581 trueAta=172.706 headingXAngle=2.39369 aa=178.809
[EVADE_DIAG] team=1 side=-0.0553289 turnSign=-1 dist=374.362 trueAta=176.7 headingXAngle=1.23815 aa=179.159
[EVADE_DIAG] team=1 side=-0.0216751 turnSign=-1 dist=360.141 trueAta=176.334 headingXAngle=0.642242 aa=178.81
[ACTIVE] [RED] Evade Z=2886.69
[EVADE_DIAG] team=1 side=0.0350711 turnSign=-1 dist=343.892 trueAta=177.677 headingXAngle=0.0780141 aa=179.589
[EVADE_DIAG] team=1 side=-0.0187616 turnSign=-1 dist=324.412 trueAta=178.846 headingXAngle=1.76081 aa=178.282
[EVADE_DIAG] team=1 side=0.0904325 turnSign=-1 dist=301.326 trueAta=172.246 headingXAngle=8.31413 aa=175.566
[ACTIVE] [RED] Evade Z=3362.7
[EVADE_DIAG] team=1 side=0.0248453 turnSign=-1 dist=275.463 trueAta=178.065 headingXAngle=2.81459 aa=178.512
[DUTY_EV] team=1 evadeTicks=300 v31?섍컯?섏꽑(>3000m)=8% 以묎컙(2200~3000)=41.6667% ?곸듅(<2200)=50.3333%
[EVADE_DIAG] team=1 side=0.0446595 turnSign=-1 dist=250.17 trueAta=171.92 headingXAngle=4.5102 aa=176.45
[EVADE_DIAG] team=1 side=0.126015 turnSign=1 dist=222.118 trueAta=162.6 headingXAngle=8.23269 aa=178.753
[ACTIVE] [RED] Evade Z=3655.93
[EVADE_DIAG] team=1 side=-0.155574 turnSign=-1 dist=199.348 trueAta=160.768 headingXAngle=10.9167 aa=174.091
[EVADE_DIAG] team=1 side=0.183338 turnSign=1 dist=173.794 trueAta=160.515 headingXAngle=13.0534 aa=178.298
[EVADE_DIAG] team=1 side=-0.0799134 turnSign=1 dist=159.388 trueAta=162.32 headingXAngle=12.5831 aa=174.646
[ACTIVE] [RED] Evade Z=3549.6
[EVADE_DIAG] team=1 side=-0.04079 turnSign=1 dist=149.486 trueAta=173.179 headingXAngle=7.03385 aa=177.198
[EVADE_DIAG] team=1 side=-0.225242 turnSign=-1 dist=154.894 trueAta=166.98 headingXAngle=3.45829 aa=169.226
[EVADE_DIAG] team=1 side=-0.109392 turnSign=-1 dist=158.763 trueAta=168.532 headingXAngle=6.92708 aa=175.012
[ACTIVE] [RED] Evade Z=3253.85
[EVADE_DIAG] team=1 side=0.0363491 turnSign=-1 dist=157.93 trueAta=173.197 headingXAngle=2.95624 aa=177.934
[EVADE_DIAG] team=1 side=0.0569015 turnSign=-1 dist=154.577 trueAta=171.328 headingXAngle=7.76496 aa=175.46
[EVADE_DIAG] team=1 side=0.171898 turnSign=1 dist=153.231 trueAta=168.832 headingXAngle=7.27101 aa=162.991
[ACTIVE] [RED] Evade Z=2845.8
[EVADE_DIAG] team=1 side=-0.277225 turnSign=-1 dist=160.5 trueAta=162.078 headingXAngle=6.85751 aa=173.695
[EVADE_DIAG] team=1 side=0.0388198 turnSign=-1 dist=159.821 trueAta=168.381 headingXAngle=6.80355 aa=176.484
[EVADE_DIAG] team=1 side=-0.0537141 turnSign=-1 dist=160.364 trueAta=175.931 headingXAngle=2.61855 aa=178.762
[ACTIVE] [RED] Evade Z=2365.19
[EVADE_DIAG] team=1 side=0.0769023 turnSign=-1 dist=158.206 trueAta=175.458 headingXAngle=2.34998 aa=178.451
[EVADE_DIAG] team=1 side=-0.0694445 turnSign=-1 dist=150.689 trueAta=172.872 headingXAngle=1.29601 aa=173.357
[EVADE_DIAG] team=1 side=0.155351 turnSign=1 dist=136.288 trueAta=169.972 headingXAngle=4.21331 aa=177.699
[ACTIVE] [RED] ClimbOut Z=1684.45
[ACTIVE] [RED] Evade Z=1499.55
[EVADE_DIAG] team=1 side=0.329067 turnSign=1 dist=113.625 trueAta=159.81 headingXAngle=10.897 aa=173.77
[ACTIVE] [RED] LeadPredict dist=347.151 dV=0.308685 thr=0.592906 om=1.45987 lt=0.975728
[ACTIVE] [RED] LeadPredict dist=336.09 dV=-13.1697 thr=0.74639 om=1.37372 lt=1.05136
[ACTIVE] [RED] LeadPredict dist=193.463 dV=-8.95126 thr=0.81045 om=1.38512 lt=0.635139
[ACTIVE] [RED] LeadPredict dist=387.676 dV=-5.45306 thr=0.862705 om=0.734836 lt=1.32627
[ACTIVE] [RED] LeadPredict dist=573.381 dV=10.6489 thr=0.776999 om=1.12733 lt=1.83499
[ACTIVE] [RED] LeadPredict dist=1127.22 dV=-22.6354 thr=0.840404 om=1.45384 lt=3
[ACTIVE] [RED] ClimbOut Z=1837.85
[ACTIVE] [RED] LeadPredict dist=140.079 dV=0.308655 thr=0.696296 om=0.182721 lt=0.440105
[ACTIVE] [RED] ClimbOut Z=1599.17
[ACTIVE] [RED] LeadPredict dist=236.545 dV=26.648 thr=0.560224 om=0.794628 lt=0.730207
[ACTIVE] [RED] LeadPredict dist=249.024 dV=-11.1119 thr=0.901736 om=0.162965 lt=0.885276
[ACTIVE] [RED] LeadPredict dist=461.392 dV=0.102875 thr=0.998766 om=0.496397 lt=0.651488
[DUTY] team=1 ticks=600 v27종말조준=1.16667% v21뱅크예측=68% v17궤도조건=93.6667% v17슬롯적용=41.6667% 상승클램프=0% 강하클램프=45.3333% v23b조건=83% v23b실제적용=62.3333%
[ACTIVE] [RED] LeadPredict dist=512.47 dV=5.50452 thr=0.933946 om=0.463498 lt=1.83728
[ACTIVE] [RED] LeadPredict dist=900.935 dV=-12.9639 thr=1 om=1.65463 lt=3
[ACTIVE] [RED] LeadPredict dist=856.455 dV=16.3592 thr=0.80369 om=1.85484 lt=2.8699
[ACTIVE] [RED] LeadPredict dist=751.344 dV=-13.6841 thr=0.867077 om=1.53184 lt=2.57949
[ACTIVE] [RED] ClimbOut Z=1625.17
[ACTIVE] [RED] LeadPredict dist=513.868 dV=-9.56857 thr=0.826848 om=0.641612 lt=1.70867
[ACTIVE] [RED] LeadPredict dist=743.68 dV=-4.21841 thr=0.96 om=1.75775 lt=2.55138
[ACTIVE] [RED] LeadPredict dist=861.776 dV=8.1796 thr=0.901845 om=0.996583 lt=3
[ACTIVE] [RED] LeadPredict dist=809.987 dV=8.23103 thr=0.901228 om=0.0218439 lt=0
[ACTIVE] [RED] LeadPredict dist=748.613 dV=9.62003 thr=0.88456 om=1.46425 lt=1.80294
[ACTIVE] [RED] LeadPredict dist=665.958 dV=5.76173 thr=0.930859 om=1.24867 lt=3
[DUTY] team=1 ticks=1200 v27종말조준=13.75% v21뱅크예측=73.25% v17궤도조건=93% v17슬롯적용=65.0833% 상승클램프=0% 강하클램프=31.9167% v23b조건=61.3333% v23b실제적용=46.4167%
[ACTIVE] [RED] LeadPredict dist=849.931 dV=-16.102 thr=1 om=0.0902497 lt=3
[ACTIVE] [RED] LeadPredict dist=945.913 dV=-6.48195 thr=1 om=1.52804 lt=3
[ACTIVE] [RED] LeadPredict dist=797.507 dV=11.009 thr=0.867892 om=0.165563 lt=2.84344
runner:local/env:0	num_steps=[11999] | total rewards=[324.9647] | termination= [max time out]
[seed 27] reward=   324.96 ownHP=0.8674 tgtHP=0.1017 max time out
Remove Space Complete.

[rehearsal own_rep=6 tgt_rep=6 seeds=1]
SUMMARY dealt=0.8983 taken=0.1326 mean_reward=324.96
tacview log saved (last episode)
STAMP v40 AIP_jh2.dll seed27 2026_8_11_20_16_41


     JSBSim Flight Dynamics Model v1.0.0 May 27 2026 16:13:38
init ID:1 Lat37.92355643001773 Lon128.18188127777776 Alt(meter)7000.0785355893395 Speed(m/sec)300.0
init ID:1 Lat37.96855377446113 Lon128.18188127777776 Alt(meter)7002.8272734023885 Speed(m/sec)300.0
[match] seed 30 OBFM_RED round1 sep=610m alt=2676m spd=228m/s aoff=30deg
            [JSBSim-ML v2.0]

JSBSim startup beginning ...

total: 2
Behavior Tree Initialized Successfully
Behavior Tree Initialized Successfully
[EVADE_DIAG] team=1 side=-0.250847 turnSign=-1 dist=680.828 trueAta=150.186 headingXAngle=12.8725 aa=177.392
[EVADE_DIAG] team=1 side=0.265103 turnSign=1 dist=674.463 trueAta=151.178 headingXAngle=15.3513 aa=173.208
[ACTIVE] [RED] Evade Z=2634.97
[EVADE_DIAG] team=1 side=-0.288229 turnSign=-1 dist=662.789 trueAta=151.924 headingXAngle=18.5563 aa=178.697
[EVADE_DIAG] team=1 side=0.201504 turnSign=1 dist=647.232 trueAta=158.284 headingXAngle=19.6254 aa=177.814
[EVADE_DIAG] team=1 side=-0.283608 turnSign=-1 dist=649.243 trueAta=160.867 headingXAngle=9.87587 aa=169.764
[ACTIVE] [RED] Evade Z=2509.58
[EVADE_DIAG] team=1 side=0.0952499 turnSign=-1 dist=654.615 trueAta=161.907 headingXAngle=14.3301 aa=176.846
[EVADE_DIAG] team=1 side=-0.136754 turnSign=1 dist=654.659 trueAta=165.633 headingXAngle=9.16629 aa=178.756
[EVADE_DIAG] team=1 side=0.00047857 turnSign=-1 dist=664.794 trueAta=167.723 headingXAngle=9.08208 aa=175.203
[ACTIVE] [RED] Evade Z=2239.97
[EVADE_DIAG] team=1 side=0.0591468 turnSign=1 dist=678.449 trueAta=166.947 headingXAngle=2.96909 aa=169.184
[EVADE_DIAG] team=1 side=-0.115549 turnSign=-1 dist=697.492 trueAta=167.07 headingXAngle=6.04759 aa=177.689
[EVADE_DIAG] team=1 side=0.128285 turnSign=1 dist=713.491 trueAta=168.525 headingXAngle=6.53744 aa=178.991
[ACTIVE] [RED] Evade Z=1848.05
[EVADE_DIAG] team=1 side=-0.178521 turnSign=-1 dist=740.229 trueAta=169.584 headingXAngle=4.42006 aa=174.12
[EVADE_DIAG] team=1 side=0.128328 turnSign=1 dist=806.002 trueAta=166.606 headingXAngle=6.34439 aa=173.371
[EVADE_DIAG] team=1 side=0.216004 turnSign=1 dist=815.549 trueAta=156.02 headingXAngle=15.4114 aa=173.933
[ACTIVE] [RED] Evade Z=1203.89
[EVADE_DIAG] team=1 side=-0.0959796 turnSign=1 dist=801.845 trueAta=149.144 headingXAngle=18.8644 aa=170.039
[EVADE_DIAG] team=1 side=-0.0930116 turnSign=1 dist=770.809 trueAta=143.445 headingXAngle=32.4461 aa=179.97
[EVADE_DIAG] team=1 side=0.280221 turnSign=1 dist=720.567 trueAta=133.371 headingXAngle=24.8645 aa=160.297
[ACTIVE] [RED] Evade Z=1533.32
[EVADE_DIAG] team=1 side=0.178903 turnSign=1 dist=659.669 trueAta=140.851 headingXAngle=22.79 aa=178.238
[EVADE_DIAG] team=1 side=-0.353412 turnSign=-1 dist=610.938 trueAta=147.54 headingXAngle=19.817 aa=177.096
[EVADE_DIAG] team=1 side=0.223459 turnSign=1 dist=572.406 trueAta=152.716 headingXAngle=15.1331 aa=179.716
[ACTIVE] [RED] Evade Z=2066.19
[EVADE_DIAG] team=1 side=-0.0602935 turnSign=-1 dist=548.492 trueAta=157.73 headingXAngle=10.2768 aa=179.541
[EVADE_DIAG] team=1 side=-0.0353154 turnSign=1 dist=526.519 trueAta=163.013 headingXAngle=9.61933 aa=179.112
[EVADE_DIAG] team=1 side=-0.00229078 turnSign=-1 dist=514.643 trueAta=168.137 headingXAngle=6.47381 aa=179.341
[ACTIVE] [RED] Evade Z=2665.72
[EVADE_DIAG] team=1 side=0.111173 turnSign=1 dist=499.586 trueAta=170.483 headingXAngle=5.48331 aa=179.268
[EVADE_DIAG] team=1 side=-0.0647363 turnSign=1 dist=489.066 trueAta=175.335 headingXAngle=2.52222 aa=177.978
[EVADE_DIAG] team=1 side=0.00516657 turnSign=1 dist=483.672 trueAta=174.81 headingXAngle=5.66556 aa=179.984
[ACTIVE] [RED] Evade Z=3236.73
[EVADE_DIAG] team=1 side=0.00357326 turnSign=1 dist=482.694 trueAta=179.426 headingXAngle=4.40681 aa=176.323
[EVADE_DIAG] team=1 side=-0.0279143 turnSign=1 dist=492.55 trueAta=176.808 headingXAngle=6.91936 aa=176.607
[EVADE_DIAG] team=1 side=-0.0839272 turnSign=1 dist=501.841 trueAta=175.184 headingXAngle=4.75535 aa=179.97
runner:local/env:0	num_steps=[2190] | total rewards=[-142.1903] | termination= [ownship destroyed]
[seed 30] reward=  -142.19 ownHP=-0.0056 tgtHP=1.0000 ownship destroyed
Remove Space Complete.

[rehearsal own_rep=6 tgt_rep=6 seeds=1]
SUMMARY dealt=0.0000 taken=1.0056 mean_reward=-142.19
tacview log saved (last episode)
STAMP v40 AIP_jh2.dll seed30 2026_8_11_20_16_49


     JSBSim Flight Dynamics Model v1.0.0 May 27 2026 16:13:38
init ID:1 Lat37.92355643001773 Lon128.18188127777776 Alt(meter)7000.0785355893395 Speed(m/sec)300.0
init ID:1 Lat37.96855377446113 Lon128.18188127777776 Alt(meter)7002.8272734023885 Speed(m/sec)300.0
[match] seed 33 OBFM_RED round1 sep=610m alt=5743m spd=211m/s aoff=30deg
            [JSBSim-ML v2.0]

JSBSim startup beginning ...

total: 2
Behavior Tree Initialized Successfully
Behavior Tree Initialized Successfully
[EVADE_DIAG] team=1 side=-0.254069 turnSign=-1 dist=692.676 trueAta=147.789 headingXAngle=13.6066 aa=178.579
[EVADE_DIAG] team=1 side=-0.388436 turnSign=-1 dist=698.162 trueAta=136.85 headingXAngle=27.0929 aa=166.178
[ACTIVE] [RED] Evade Z=5623.12
[EVADE_DIAG] team=1 side=-0.282002 turnSign=-1 dist=682.09 trueAta=129.978 headingXAngle=27.0562 aa=173.739
[EVADE_DIAG] team=1 side=-0.243007 turnSign=-1 dist=648.865 trueAta=123.843 headingXAngle=33.6682 aa=176.469
[EVADE_DIAG] team=1 side=-0.2317 turnSign=-1 dist=494.665 trueAta=118.586 headingXAngle=36.884 aa=161.874
[ACTIVE] [RED] Evade Z=4852.01
[EVADE_DIAG] team=1 side=0.269883 turnSign=1 dist=421.603 trueAta=136.014 headingXAngle=26.1014 aa=173.219
[EVADE_DIAG] team=1 side=-0.144546 turnSign=-1 dist=392.441 trueAta=146.683 headingXAngle=23.077 aa=165.514
[EVADE_DIAG] team=1 side=0.266401 turnSign=1 dist=383.874 trueAta=158.993 headingXAngle=14.691 aa=173.341
[ACTIVE] [RED] Evade Z=4079.37
[EVADE_DIAG] team=1 side=-0.20882 turnSign=-1 dist=395.074 trueAta=163.532 headingXAngle=7.87672 aa=170.985
[EVADE_DIAG] team=1 side=0.186852 turnSign=1 dist=407.717 trueAta=162.226 headingXAngle=9.2164 aa=171.932
[EVADE_DIAG] team=1 side=-0.127481 turnSign=1 dist=412.268 trueAta=166.202 headingXAngle=6.54256 aa=179.835
[ACTIVE] [RED] Evade Z=3138.16
[EVADE_DIAG] team=1 side=0.0328059 turnSign=-1 dist=419.043 trueAta=169.109 headingXAngle=5.57749 aa=177.947
[EVADE_DIAG] team=1 side=0.0807295 turnSign=1 dist=423.411 trueAta=171.329 headingXAngle=5.12935 aa=178.358
[ACTIVE] [RED] ClimbOut Z=1704.46
[ACTIVE] [RED] ClimbOut Z=1113.56
[EVADE_DIAG] team=1 side=-0.142087 turnSign=-1 dist=385.638 trueAta=166.261 headingXAngle=3.25245 aa=179.924
[ACTIVE] [RED] Evade Z=1089.05
[EVADE_DIAG] team=1 side=0.0500608 turnSign=1 dist=379.701 trueAta=164.109 headingXAngle=6.49312 aa=177.477
[ACTIVE] [RED] LeadPredict dist=445.273 dV=-9.77435 thr=0.640788 om=0.297687 lt=1.29244
[EVADE_DIAG] team=1 side=-0.145504 turnSign=-1 dist=173.16 trueAta=160.938 headingXAngle=36.6088 aa=171.294
[ACTIVE] [RED] LeadPredict dist=158.86 dV=-2.36642 thr=0.854992 om=1.55926 lt=0.537984
[EVADE_DIAG] team=1 side=-0.0333601 turnSign=1 dist=194.088 trueAta=116.899 headingXAngle=40.6335 aa=174.688
[ACTIVE] [RED] Evade Z=4159.01
[EVADE_DIAG] team=1 side=0.131702 turnSign=-1 dist=152.549 trueAta=167.114 headingXAngle=22.2699 aa=179.069
[ACTIVE] [RED] LeadPredict dist=243.194 dV=7.97382 thr=0.855736 om=1.55649 lt=0.901135
[EVADE_DIAG] team=1 side=-0.226338 turnSign=-1 dist=168.69 trueAta=129.227 headingXAngle=37.7943 aa=174.447
[EVADE_DIAG] team=1 side=0.0827934 turnSign=-1 dist=156.188 trueAta=164.037 headingXAngle=34.1427 aa=175.94
[ACTIVE] [RED] Evade Z=5339.22
[EVADE_DIAG] team=1 side=0.393257 turnSign=1 dist=243.809 trueAta=133.77 headingXAngle=29.7536 aa=175.373
[EVADE_DIAG] team=1 side=0.197701 turnSign=1 dist=211.02 trueAta=168.357 headingXAngle=21.0873 aa=170.192
[EVADE_DIAG] team=1 side=-0.213013 turnSign=-1 dist=223.742 trueAta=158.706 headingXAngle=20.3959 aa=167.917
[ACTIVE] [RED] Evade Z=5614.97
[EVADE_DIAG] team=1 side=-0.170868 turnSign=-1 dist=237.288 trueAta=141.546 headingXAngle=20.3029 aa=165.598
[EVADE_DIAG] team=1 side=-0.221292 turnSign=-1 dist=223.366 trueAta=132.789 headingXAngle=30.3077 aa=166.197
[EVADE_DIAG] team=1 side=-0.199544 turnSign=-1 dist=195.507 trueAta=137.042 headingXAngle=25.8755 aa=174.514
[ACTIVE] [RED] Evade Z=5444.89
[EVADE_DIAG] team=1 side=-0.153412 turnSign=-1 dist=180.462 trueAta=153.097 headingXAngle=26.5719 aa=177.797
[EVADE_DIAG] team=1 side=-0.0441129 turnSign=-1 dist=196.877 trueAta=170.312 headingXAngle=25.2448 aa=178.238
[ACTIVE] [RED] LeadPredict dist=279.717 dV=10.7004 thr=0.78022 om=4.92949 lt=1.07499
[EVADE_DIAG] team=1 side=0.151866 turnSign=1 dist=311.347 trueAta=145.937 headingXAngle=12.4008 aa=177.298
[ACTIVE] [RED] Evade Z=4568.85
[EVADE_DIAG] team=1 side=-0.293703 turnSign=-1 dist=329.143 trueAta=148.279 headingXAngle=13.9568 aa=169.79
[DUTY_EV] team=1 evadeTicks=300 v31?섍컯?섏꽑(>3000m)=87.6667% 以묎컙(2200~3000)=2.33333% ?곸듅(<2200)=10%
[EVADE_DIAG] team=1 side=0.148231 turnSign=1 dist=327.709 trueAta=155.282 headingXAngle=16.6184 aa=172.967
[EVADE_DIAG] team=1 side=-0.123755 turnSign=-1 dist=339.776 trueAta=168.195 headingXAngle=7.73956 aa=177.758
[ACTIVE] [RED] Evade Z=3809.3
[EVADE_DIAG] team=1 side=0.0464067 turnSign=-1 dist=358.039 trueAta=174.114 headingXAngle=4.27948 aa=176.901
[EVADE_DIAG] team=1 side=0.100322 turnSign=-1 dist=372.832 trueAta=173.894 headingXAngle=4.88335 aa=178.685
[EVADE_DIAG] team=1 side=-0.0749712 turnSign=-1 dist=385.613 trueAta=175.688 headingXAngle=1.77593 aa=178.146
[ACTIVE] [RED] Evade Z=2926.29
[EVADE_DIAG] team=1 side=0.0929051 turnSign=-1 dist=394.18 trueAta=173.202 headingXAngle=3.50418 aa=178.159
[EVADE_DIAG] team=1 side=-0.0341921 turnSign=-1 dist=396.401 trueAta=174.508 headingXAngle=2.67049 aa=177.526
[ACTIVE] [RED] ClimbOut Z=1772.15
[EVADE_DIAG] team=1 side=-0.151301 turnSign=-1 dist=363.967 trueAta=166.297 headingXAngle=8.82299 aa=179.918
[ACTIVE] [RED] Evade Z=1381.26
[EVADE_DIAG] team=1 side=0.121036 turnSign=-1 dist=350.311 trueAta=172.279 headingXAngle=6.51819 aa=177.777
[EVADE_DIAG] team=1 side=0.0825895 turnSign=-1 dist=343.447 trueAta=170.751 headingXAngle=17.9832 aa=168.389
[EVADE_DIAG] team=1 side=0.177788 turnSign=1 dist=268.31 trueAta=132.728 headingXAngle=30.3504 aa=173.511
[ACTIVE] [RED] Evade Z=1752.22
[EVADE_DIAG] team=1 side=-0.0839798 turnSign=-1 dist=218.565 trueAta=170.225 headingXAngle=20.6802 aa=179.95
[EVADE_DIAG] team=1 side=0.0842914 turnSign=-1 dist=253.532 trueAta=143.468 headingXAngle=16.3029 aa=169.037
[EVADE_DIAG] team=1 side=-0.202051 turnSign=-1 dist=229.065 trueAta=158.515 headingXAngle=11.6868 aa=179.733
[ACTIVE] [RED] Evade Z=2444.54
[EVADE_DIAG] team=1 side=0.141647 turnSign=-1 dist=222.545 trueAta=170.859 headingXAngle=7.03647 aa=179.62
[EVADE_DIAG] team=1 side=-0.0488801 turnSign=-1 dist=221.159 trueAta=177.177 headingXAngle=1.06894 aa=176.74
[EVADE_DIAG] team=1 side=-0.0379576 turnSign=-1 dist=220.817 trueAta=175.563 headingXAngle=3.68605 aa=179.383
[ACTIVE] [RED] Evade Z=2846.68
[EVADE_DIAG] team=1 side=-0.0178398 turnSign=-1 dist=220.918 trueAta=175.19 headingXAngle=5.88281 aa=178.966
runner:local/env:0	num_steps=[5317] | total rewards=[-173.6854] | termination= [ownship destroyed]
[seed 33] reward=  -173.69 ownHP=-0.0106 tgtHP=1.0000 ownship destroyed
Remove Space Complete.

[rehearsal own_rep=6 tgt_rep=6 seeds=1]
SUMMARY dealt=0.0000 taken=1.0106 mean_reward=-173.69
tacview log saved (last episode)
STAMP v40 AIP_jh2.dll seed33 2026_8_11_20_17_3


     JSBSim Flight Dynamics Model v1.0.0 May 27 2026 16:13:38
init ID:1 Lat37.92355643001773 Lon128.18188127777776 Alt(meter)7000.0785355893395 Speed(m/sec)300.0
init ID:1 Lat37.96855377446113 Lon128.18188127777776 Alt(meter)7002.8272734023885 Speed(m/sec)300.0
[match] seed 36 OBFM_RED round1 sep=610m alt=1017m spd=299m/s aoff=30deg
            [JSBSim-ML v2.0]

JSBSim startup beginning ...

total: 2
Behavior Tree Initialized Successfully
Behavior Tree Initialized Successfully
[ACTIVE] [RED] LeadPredict dist=660.086 dV=2.77798 thr=0.966664 om=1.28352 lt=2.47993
[ACTIVE] [RED] LeadPredict dist=406.528 dV=4.68141 thr=0.943823 om=1.56395 lt=1.7553
[ACTIVE] [RED] LeadPredict dist=385.799 dV=12.1408 thr=0.734311 om=1.46162 lt=1.7404
[ACTIVE] [RED] LeadPredict dist=522.144 dV=-2.72653 thr=1 om=1.2796 lt=2.54827
[ACTIVE] [RED] LeadPredict dist=510.222 dV=7.81949 thr=0.920473 om=1.90792 lt=2.19086
[ACTIVE] [RED] LeadPredict dist=116.217 dV=-1.13176 thr=0.904 om=0.7318 lt=0.223031
[ACTIVE] [RED] LeadPredict dist=1044.54 dV=-22.0695 thr=1 om=1.61727 lt=3
[ACTIVE] [RED] LeadPredict dist=1169.97 dV=-4.47565 thr=1 om=1.71709 lt=3
[ACTIVE] [RED] ClimbOut Z=1238.25
[ACTIVE] [RED] LeadPredict dist=1102.86 dV=16.4621 thr=0.771096 om=1.61588 lt=3
[ACTIVE] [RED] LeadPredict dist=340.872 dV=-0.514435 thr=0.8603 om=1.33839 lt=1.1639
[DUTY] team=1 ticks=600 v27종말조준=1.33333% v21뱅크예측=93.6667% v17궤도조건=97.8333% v17슬롯적용=44% 상승클램프=0% 강하클램프=11.1667% v23b조건=23.8333% v23b실제적용=23.5%
[ACTIVE] [RED] LeadPredict dist=450.913 dV=9.20847 thr=0.856801 om=0.149395 lt=1.53532
[ACTIVE] [RED] LeadPredict dist=487.439 dV=21.6579 thr=0.740105 om=0.713993 lt=1.51894
[ACTIVE] [RED] LeadPredict dist=601.819 dV=11.4206 thr=0.82335 om=0.765625 lt=1.99565
[ACTIVE] [RED] LeadPredict dist=792.877 dV=-8.74548 thr=1 om=0.326808 lt=2.81608
[ACTIVE] [RED] LeadPredict dist=786.791 dV=16.2563 thr=0.804924 om=0.425775 lt=2.81039
[ACTIVE] [RED] LeadPredict dist=679.557 dV=8.02525 thr=0.903697 om=1.76665 lt=1.78396
[ACTIVE] [RED] LeadPredict dist=692.679 dV=0.874573 thr=0.989505 om=0.0813036 lt=0
runner:local/env:0	num_steps=[6711] | total rewards=[296.0411] | termination= [target destroyed]
[seed 36] reward=   296.04 ownHP=1.0000 tgtHP=-0.0037 target destroyed
Remove Space Complete.

[rehearsal own_rep=6 tgt_rep=6 seeds=1]
SUMMARY dealt=1.0037 taken=0.0000 mean_reward=296.04
tacview log saved (last episode)
STAMP v40 AIP_jh2.dll seed36 2026_8_11_20_17_19


     JSBSim Flight Dynamics Model v1.0.0 May 27 2026 16:13:38
init ID:1 Lat37.92355643001773 Lon128.18188127777776 Alt(meter)7000.0785355893395 Speed(m/sec)300.0
init ID:1 Lat37.96855377446113 Lon128.18188127777776 Alt(meter)7002.8272734023885 Speed(m/sec)300.0
[match] seed 39 OBFM_RED round1 sep=610m alt=4248m spd=230m/s aoff=30deg
            [JSBSim-ML v2.0]

JSBSim startup beginning ...

total: 2
Behavior Tree Initialized Successfully
Behavior Tree Initialized Successfully
[EVADE_DIAG] team=1 side=-0.367056 turnSign=-1 dist=686.613 trueAta=143.084 headingXAngle=18.7818 aa=173.714
[EVADE_DIAG] team=1 side=-0.288915 turnSign=-1 dist=678.138 trueAta=132.549 headingXAngle=27.5488 aa=173.426
[ACTIVE] [RED] Evade Z=3547.99
[EVADE_DIAG] team=1 side=0.155621 turnSign=1 dist=420.063 trueAta=123.392 headingXAngle=37.0566 aa=176.275
[EVADE_DIAG] team=1 side=-0.120544 turnSign=1 dist=360.539 trueAta=143.962 headingXAngle=20.0655 aa=163.573
[EVADE_DIAG] team=1 side=0.205643 turnSign=1 dist=337.63 trueAta=158.538 headingXAngle=15.9132 aa=176.33
[ACTIVE] [RED] Evade Z=2743.48
[EVADE_DIAG] team=1 side=-0.0325982 turnSign=1 dist=341.898 trueAta=166.524 headingXAngle=4.47803 aa=167.785
[ACTIVE] [RED] ClimbOut Z=1652.06
[EVADE_DIAG] team=1 side=0.0356009 turnSign=-1 dist=483.227 trueAta=177.882 headingXAngle=18.1266 aa=177.883
[EVADE_DIAG] team=1 side=-0.154451 turnSign=-1 dist=503.513 trueAta=168.193 headingXAngle=17.1317 aa=175.339
[ACTIVE] [RED] Evade Z=1143.13
[EVADE_DIAG] team=1 side=-0.192928 turnSign=-1 dist=508.075 trueAta=165.126 headingXAngle=28.517 aa=164.827
[ACTIVE] [RED] LeadPredict dist=610.797 dV=5.91605 thr=0.64 om=1.40954 lt=1.77157
[EVADE_DIAG] team=1 side=0.00546493 turnSign=-1 dist=262.036 trueAta=126.634 headingXAngle=37.3686 aa=176.612
[EVADE_DIAG] team=1 side=-0.0889676 turnSign=1 dist=215.623 trueAta=170.963 headingXAngle=22.2487 aa=176.936
[ACTIVE] [RED] LeadPredict dist=253.853 dV=7.51083 thr=0.968 om=4.12646 lt=0.845825
[ACTIVE] [RED] Evade Z=2743.75
[EVADE_DIAG] team=1 side=-0.158056 turnSign=-1 dist=267.519 trueAta=145.052 headingXAngle=15.2042 aa=172.127
[EVADE_DIAG] team=1 side=0.268179 turnSign=1 dist=255.585 trueAta=155.38 headingXAngle=15.0301 aa=177.459
[EVADE_DIAG] team=1 side=-0.182621 turnSign=-1 dist=251.211 trueAta=168.244 headingXAngle=16.6012 aa=174.89
[ACTIVE] [RED] Evade Z=3316
[EVADE_DIAG] team=1 side=-0.0897317 turnSign=-1 dist=259.082 trueAta=174.682 headingXAngle=5.79477 aa=177.262
[EVADE_DIAG] team=1 side=0.0629585 turnSign=-1 dist=268.404 trueAta=164.224 headingXAngle=9.87865 aa=177.841
[EVADE_DIAG] team=1 side=0.0618396 turnSign=1 dist=272.039 trueAta=171.603 headingXAngle=4.22468 aa=175.261
[ACTIVE] [RED] Evade Z=3713.06
[EVADE_DIAG] team=1 side=-0.0528385 turnSign=1 dist=281.666 trueAta=175.896 headingXAngle=2.98708 aa=179.297
[EVADE_DIAG] team=1 side=-0.140531 turnSign=1 dist=291.997 trueAta=162.45 headingXAngle=16.3806 aa=179.334
[EVADE_DIAG] team=1 side=-0.0929869 turnSign=1 dist=291.883 trueAta=162.167 headingXAngle=15.4047 aa=178.038
[ACTIVE] [RED] Evade Z=3868.02
[EVADE_DIAG] team=1 side=0.0114417 turnSign=1 dist=293.42 trueAta=162.213 headingXAngle=14.3186 aa=176.581
[EVADE_DIAG] team=1 side=0.0317911 turnSign=1 dist=297.795 trueAta=164.565 headingXAngle=16.878 aa=179.357
[EVADE_DIAG] team=1 side=0.0321374 turnSign=1 dist=307.887 trueAta=166.128 headingXAngle=15.4325 aa=178.154
[ACTIVE] [RED] Evade Z=3709.57
[EVADE_DIAG] team=1 side=-0.0250135 turnSign=1 dist=322.571 trueAta=168.569 headingXAngle=14.0091 aa=179.849
[EVADE_DIAG] team=1 side=0.0639492 turnSign=1 dist=337.307 trueAta=176.192 headingXAngle=0.496191 aa=179.86
[EVADE_DIAG] team=1 side=-0.0937163 turnSign=1 dist=355.448 trueAta=173.494 headingXAngle=3.31972 aa=177.648
[ACTIVE] [RED] Evade Z=3362.02
[EVADE_DIAG] team=1 side=-0.148146 turnSign=-1 dist=372.025 trueAta=170.688 headingXAngle=3.41311 aa=178.173
[EVADE_DIAG] team=1 side=0.159329 turnSign=1 dist=383.107 trueAta=165.052 headingXAngle=9.35759 aa=175.864
[EVADE_DIAG] team=1 side=-0.146311 turnSign=1 dist=388.041 trueAta=168.644 headingXAngle=6.68885 aa=174.211
[ACTIVE] [RED] Evade Z=2770.11
[EVADE_DIAG] team=1 side=0.00730663 turnSign=-1 dist=393.449 trueAta=170.21 headingXAngle=5.97527 aa=178.689
[DUTY_EV] team=1 evadeTicks=300 v31?섍컯?섏꽑(>3000m)=69.3333% 以묎컙(2200~3000)=19% ?곸듅(<2200)=11.6667%
[EVADE_DIAG] team=1 side=0.030612 turnSign=-1 dist=394.627 trueAta=174.06 headingXAngle=3.22121 aa=178.978
[EVADE_DIAG] team=1 side=-0.0459108 turnSign=-1 dist=391.601 trueAta=174.687 headingXAngle=1.90021 aa=179.386
[ACTIVE] [RED] ClimbOut Z=2158.33
[ACTIVE] [RED] Evade Z=1503.51
[EVADE_DIAG] team=1 side=-0.0665634 turnSign=-1 dist=378.561 trueAta=174.719 headingXAngle=8.50582 aa=179.121
[ACTIVE] [RED] ClimbOut Z=1380.75
[EVADE_DIAG] team=1 side=0.0127685 turnSign=-1 dist=372.004 trueAta=170.968 headingXAngle=16.1804 aa=176.122
[EVADE_DIAG] team=1 side=-0.0718575 turnSign=-1 dist=327.499 trueAta=144.178 headingXAngle=32.1097 aa=176.62
[ACTIVE] [RED] Evade Z=1758.92
[EVADE_DIAG] team=1 side=-0.0392303 turnSign=1 dist=307.212 trueAta=169.649 headingXAngle=21.1613 aa=179.103
[EVADE_DIAG] team=1 side=-0.219001 turnSign=-1 dist=334.522 trueAta=165.446 headingXAngle=7.66545 aa=177.958
[EVADE_DIAG] team=1 side=0.120071 turnSign=1 dist=345.351 trueAta=160.623 headingXAngle=7.07474 aa=177.547
[ACTIVE] [RED] Evade Z=2295.37
[EVADE_DIAG] team=1 side=-0.0569324 turnSign=-1 dist=343.244 trueAta=165.499 headingXAngle=7.90612 aa=175.868
[EVADE_DIAG] team=1 side=-0.000307122 turnSign=1 dist=339.793 trueAta=173.116 headingXAngle=10.2822 aa=179.182
[EVADE_DIAG] team=1 side=0.0374456 turnSign=1 dist=345.898 trueAta=177.349 headingXAngle=3.52616 aa=178.438
[ACTIVE] [RED] Evade Z=2733.11
[EVADE_DIAG] team=1 side=-0.0207464 turnSign=1 dist=358.019 trueAta=175.991 headingXAngle=1.97292 aa=178.949
[EVADE_DIAG] team=1 side=-0.00602477 turnSign=1 dist=370.673 trueAta=178.933 headingXAngle=0.730576 aa=179.866
[EVADE_DIAG] team=1 side=0.00876079 turnSign=1 dist=384.423 trueAta=178.221 headingXAngle=1.55112 aa=179.533
[ACTIVE] [RED] Evade Z=3098.04
[EVADE_DIAG] team=1 side=-0.0919442 turnSign=1 dist=398.624 trueAta=173.494 headingXAngle=5.20221 aa=175.621
[EVADE_DIAG] team=1 side=0.069577 turnSign=1 dist=410.031 trueAta=172.899 headingXAngle=3.15949 aa=178.733
[EVADE_DIAG] team=1 side=-0.168801 turnSign=-1 dist=421.733 trueAta=168.237 headingXAngle=6.60181 aa=177.371
[ACTIVE] [RED] Evade Z=3321.12
[EVADE_DIAG] team=1 side=0.110342 turnSign=-1 dist=428.683 trueAta=166.255 headingXAngle=7.71871 aa=176.46
[EVADE_DIAG] team=1 side=-0.109223 turnSign=1 dist=428.701 trueAta=165.648 headingXAngle=7.83829 aa=177.371
[EVADE_DIAG] team=1 side=0.0842337 turnSign=-1 dist=424.954 trueAta=165.004 headingXAngle=10.4394 aa=176.946
[ACTIVE] [RED] Evade Z=3207.56
[EVADE_DIAG] team=1 side=-0.097511 turnSign=1 dist=419.825 trueAta=165.515 headingXAngle=9.42074 aa=175.314
[EVADE_DIAG] team=1 side=0.0652853 turnSign=-1 dist=415.208 trueAta=168.497 headingXAngle=7.56988 aa=178.831
[EVADE_DIAG] team=1 side=-0.00354567 turnSign=1 dist=410.459 trueAta=170.062 headingXAngle=6.50552 aa=176.845
[ACTIVE] [RED] Evade Z=2769.08
[EVADE_DIAG] team=1 side=-0.113552 turnSign=-1 dist=407.456 trueAta=172.61 headingXAngle=4.97123 aa=178.161
[EVADE_DIAG] team=1 side=0.102637 turnSign=-1 dist=401.129 trueAta=173.919 headingXAngle=2.91656 aa=178.145
[EVADE_DIAG] team=1 side=-0.0867776 turnSign=-1 dist=391.194 trueAta=174.973 headingXAngle=2.44553 aa=177.736
[ACTIVE] [RED] Evade Z=2173.44
[EVADE_DIAG] team=1 side=0.0576485 turnSign=-1 dist=377.122 trueAta=174.013 headingXAngle=2.16307 aa=179.507
[EVADE_DIAG] team=1 side=0.0239198 turnSign=-1 dist=351.591 trueAta=178.596 headingXAngle=2.97368 aa=179.936
[EVADE_DIAG] team=1 side=0.0851979 turnSign=-1 dist=305.38 trueAta=167.727 headingXAngle=10.4607 aa=174.932
[ACTIVE] [RED] Evade Z=1375.97
[EVADE_DIAG] team=1 side=0.137301 turnSign=-1 dist=268.236 trueAta=165.155 headingXAngle=11.468 aa=179.815
[DUTY_EV] team=1 evadeTicks=600 v31?섍컯?섏꽑(>3000m)=49% 以묎컙(2200~3000)=29.3333% ?곸듅(<2200)=21.6667%
[ACTIVE] [RED] ClimbOut Z=1275.37
[ACTIVE] [RED] LeadPredict dist=459.302 dV=-0.41156 thr=0.59553 om=1.21092 lt=1.29319
[EVADE_DIAG] team=1 side=0.00298106 turnSign=-1 dist=135.817 trueAta=116.35 headingXAngle=42.8963 aa=176.611
[ACTIVE] [RED] LeadPredict dist=101.829 dV=-7.04782 thr=0.784574 om=1.1005 lt=0.336579
[EVADE_DIAG] team=1 side=-0.0773322 turnSign=-1 dist=48.5325 trueAta=139.81 headingXAngle=55.7585 aa=167.68
[ACTIVE] [RED] LeadPredict dist=375.617 dV=-9.25992 thr=0.991119 om=1.53852 lt=1.31251
[ACTIVE] [RED] LeadPredict dist=581.849 dV=32.1525 thr=0.61417 om=2.06248 lt=1.96701
[ACTIVE] [RED] LeadPredict dist=232.652 dV=-11.1634 thr=1 om=2.08485 lt=0.90286
[ACTIVE] [RED] LeadPredict dist=362.449 dV=25.6191 thr=0.667061 om=1.57759 lt=1.42133
[ACTIVE] [RED] Evade Z=4641.34
[EVADE_DIAG] team=1 side=0.0786364 turnSign=-1 dist=102.42 trueAta=118.1 headingXAngle=44.6639 aa=169.984
[ACTIVE] [RED] LeadPredict dist=277.014 dV=3.54964 thr=0.870426 om=1.3632 lt=1.17035
[EVADE_DIAG] team=1 side=-0.19178 turnSign=-1 dist=91.731 trueAta=134.632 headingXAngle=60.9899 aa=164.904
[ACTIVE] [RED] LeadPredict dist=427.003 dV=13.2726 thr=0.840729 om=1.50176 lt=1.79622
[DUTY] team=1 ticks=600 v27종말조준=0% v21뱅크예측=85.1667% v17궤도조건=92% v17슬롯적용=1.5% 상승클램프=0% 강하클램프=7.33333% v23b조건=34% v23b실제적용=28.3333%
[ACTIVE] [RED] LeadPredict dist=306.893 dV=1.69765 thr=0.859628 om=1.20331 lt=1.39415
[EVADE_DIAG] team=1 side=-0.0639731 turnSign=1 dist=76.2632 trueAta=115.696 headingXAngle=62.7176 aa=178.984
[ACTIVE] [RED] LeadPredict dist=492.417 dV=15.4332 thr=0.814802 om=1.33024 lt=2.20044
[ACTIVE] [RED] Evade Z=6502.2
[EVADE_DIAG] team=1 side=0.0115965 turnSign=1 dist=94.0634 trueAta=158.314 headingXAngle=43.3519 aa=179.794
[ACTIVE] [RED] LeadPredict dist=353.805 dV=-6.94493 thr=0.963339 om=1.12679 lt=1.66686
[ACTIVE] [RED] LeadPredict dist=445.125 dV=22.8411 thr=0.725906 om=1.51375 lt=2.0533
[ACTIVE] [RED] LeadPredict dist=391.672 dV=-15.176 thr=1 om=0.228323 lt=1.86653
[EVADE_DIAG] team=1 side=-0.00727515 turnSign=1 dist=96.3522 trueAta=158.288 headingXAngle=38.5582 aa=171.081
[ACTIVE] [RED] LeadPredict dist=214.201 dV=-1.08032 thr=0.892964 om=0.654587 lt=1.01803
[ACTIVE] [RED] LeadPredict dist=262.065 dV=-0.205765 thr=0.882469 om=0.776996 lt=1.12753
[ACTIVE] [RED] LeadPredict dist=178.578 dV=4.47562 thr=0.826293 om=0.326707 lt=0.717211
[EVADE_DIAG] team=1 side=-0.1662 turnSign=-1 dist=74.0116 trueAta=130.759 headingXAngle=62.3997 aa=167.736
[ACTIVE] [RED] LeadPredict dist=191.942 dV=-3.44678 thr=0.921361 om=1.00897 lt=0.690814
[ACTIVE] [RED] Evade Z=5185.09
[EVADE_DIAG] team=1 side=-0.0179903 turnSign=1 dist=109.073 trueAta=122.762 headingXAngle=36.8937 aa=179.765
runner:local/env:0	num_steps=[11999] | total rewards=[-139.8374] | termination= [max time out]
[seed 39] reward=  -139.84 ownHP=0.0076 tgtHP=1.0000 max time out
Remove Space Complete.

[rehearsal own_rep=6 tgt_rep=6 seeds=1]
SUMMARY dealt=0.0000 taken=0.9924 mean_reward=-139.84
tacview log saved (last episode)
STAMP v40 AIP_jh2.dll seed39 2026_8_11_20_17_47


     JSBSim Flight Dynamics Model v1.0.0 May 27 2026 16:13:38
init ID:1 Lat37.92355643001773 Lon128.18188127777776 Alt(meter)7000.0785355893395 Speed(m/sec)300.0
init ID:1 Lat37.96855377446113 Lon128.18188127777776 Alt(meter)7002.8272734023885 Speed(m/sec)300.0
[match] seed 42 OBFM_RED round1 sep=610m alt=4792m spd=263m/s aoff=30deg
            [JSBSim-ML v2.0]

JSBSim startup beginning ...

total: 2
Behavior Tree Initialized Successfully
Behavior Tree Initialized Successfully
[EVADE_DIAG] team=1 side=-0.471196 turnSign=-1 dist=691.832 trueAta=142.274 headingXAngle=19.5352 aa=172.646
[EVADE_DIAG] team=1 side=-0.376679 turnSign=-1 dist=677.859 trueAta=135.517 headingXAngle=23.2445 aa=175.591
[ACTIVE] [RED] Evade Z=4603.39
[EVADE_DIAG] team=1 side=-0.274006 turnSign=-1 dist=635.583 trueAta=129.691 headingXAngle=28.1506 aa=159.924
[EVADE_DIAG] team=1 side=-0.132635 turnSign=-1 dist=575.008 trueAta=126.475 headingXAngle=30.7386 aa=168.224
[EVADE_DIAG] team=1 side=0.351824 turnSign=1 dist=501.553 trueAta=133.869 headingXAngle=27.2753 aa=172.644
[ACTIVE] [RED] Evade Z=4023.87
[EVADE_DIAG] team=1 side=-0.286555 turnSign=-1 dist=452.882 trueAta=145.768 headingXAngle=20.5497 aa=172.912
[EVADE_DIAG] team=1 side=0.214156 turnSign=1 dist=425.457 trueAta=155.5 headingXAngle=15.1756 aa=176.52
[EVADE_DIAG] team=1 side=-0.151583 turnSign=-1 dist=420.797 trueAta=161.678 headingXAngle=10.8095 aa=175.28
[ACTIVE] [RED] Evade Z=3241.71
[EVADE_DIAG] team=1 side=0.178612 turnSign=1 dist=419.053 trueAta=166.043 headingXAngle=5.66395 aa=174.961
[EVADE_DIAG] team=1 side=-0.19132 turnSign=-1 dist=425.721 trueAta=168.728 headingXAngle=5.55068 aa=175.546
[EVADE_DIAG] team=1 side=0.119265 turnSign=-1 dist=431.806 trueAta=170.141 headingXAngle=7.10109 aa=176.346
[ACTIVE] [RED] ClimbOut Z=1782.25
[ACTIVE] [RED] Evade Z=1557.74
[EVADE_DIAG] team=1 side=-0.134481 turnSign=1 dist=372.347 trueAta=167.202 headingXAngle=9.7254 aa=179.34
[EVADE_DIAG] team=1 side=0.0333391 turnSign=-1 dist=359.592 trueAta=172.535 headingXAngle=9.22262 aa=178.844
[EVADE_DIAG] team=1 side=0.060966 turnSign=-1 dist=349.901 trueAta=169.965 headingXAngle=11.2679 aa=177.164
[ACTIVE] [RED] Evade Z=1436.14
[EVADE_DIAG] team=1 side=-0.298211 turnSign=-1 dist=377.411 trueAta=121.327 headingXAngle=35.3262 aa=175.27
[EVADE_DIAG] team=1 side=0.0311037 turnSign=1 dist=282.863 trueAta=152.882 headingXAngle=31.9881 aa=173.339
[EVADE_DIAG] team=1 side=0.00409491 turnSign=1 dist=318.886 trueAta=142.14 headingXAngle=13.4064 aa=177.461
[ACTIVE] [RED] Evade Z=1905.36
[EVADE_DIAG] team=1 side=0.268721 turnSign=1 dist=295.983 trueAta=153.527 headingXAngle=15.0193 aa=176.56
[EVADE_DIAG] team=1 side=-0.138865 turnSign=-1 dist=279.806 trueAta=170.283 headingXAngle=14.7251 aa=174.993
[EVADE_DIAG] team=1 side=-0.10292 turnSign=-1 dist=283.888 trueAta=173.255 headingXAngle=2.9369 aa=177.784
[ACTIVE] [RED] Evade Z=2034.97
[EVADE_DIAG] team=1 side=0.098626 turnSign=-1 dist=285.879 trueAta=169.291 headingXAngle=5.57042 aa=175.967
[EVADE_DIAG] team=1 side=0.0450246 turnSign=1 dist=280.453 trueAta=174.298 headingXAngle=7.10964 aa=179.552
[EVADE_DIAG] team=1 side=-0.0770284 turnSign=1 dist=284.807 trueAta=172.318 headingXAngle=2.46993 aa=172.359
[ACTIVE] [RED] Evade Z=2197.47
[EVADE_DIAG] team=1 side=0.0313156 turnSign=1 dist=290.717 trueAta=172.283 headingXAngle=3.75501 aa=179.309
[EVADE_DIAG] team=1 side=0.0120585 turnSign=1 dist=295.542 trueAta=172.632 headingXAngle=2.23467 aa=177.676
[EVADE_DIAG] team=1 side=-0.0283624 turnSign=1 dist=303.139 trueAta=174.226 headingXAngle=1.4655 aa=178.189
[ACTIVE] [RED] Evade Z=2340.79
[EVADE_DIAG] team=1 side=0.0423593 turnSign=1 dist=312.636 trueAta=172.275 headingXAngle=3.03068 aa=179.127
[EVADE_DIAG] team=1 side=-0.083077 turnSign=1 dist=323.956 trueAta=173.128 headingXAngle=1.07415 aa=179.473
[EVADE_DIAG] team=1 side=0.128199 turnSign=1 dist=338.919 trueAta=169.382 headingXAngle=1.37836 aa=170.276
[ACTIVE] [RED] Evade Z=2437.39
[EVADE_DIAG] team=1 side=-0.157857 turnSign=-1 dist=358.307 trueAta=169.585 headingXAngle=5.39918 aa=175.245
[DUTY_EV] team=1 evadeTicks=300 v31?섍컯?섏꽑(>3000m)=32.6667% 以묎컙(2200~3000)=24% ?곸듅(<2200)=43.3333%
[EVADE_DIAG] team=1 side=0.125927 turnSign=-1 dist=373.269 trueAta=172.543 headingXAngle=3.63497 aa=176.562
[EVADE_DIAG] team=1 side=-0.0913718 turnSign=-1 dist=383.825 trueAta=174.238 headingXAngle=3.18348 aa=177.119
[ACTIVE] [RED] Evade Z=2442.73
[EVADE_DIAG] team=1 side=0.111763 turnSign=-1 dist=389.127 trueAta=172.716 headingXAngle=2.9263 aa=177.688
[EVADE_DIAG] team=1 side=-0.0542989 turnSign=-1 dist=386.479 trueAta=173.986 headingXAngle=1.46153 aa=175.153
[EVADE_DIAG] team=1 side=0.0179641 turnSign=-1 dist=375.43 trueAta=173.378 headingXAngle=4.68886 aa=178.899
[ACTIVE] [RED] Evade Z=2396.1
[EVADE_DIAG] team=1 side=0.0043193 turnSign=-1 dist=360.505 trueAta=177.891 headingXAngle=4.34278 aa=179.581
[EVADE_DIAG] team=1 side=0.0675167 turnSign=-1 dist=341.93 trueAta=176.128 headingXAngle=2.19412 aa=177.795
[EVADE_DIAG] team=1 side=-0.11758 turnSign=-1 dist=323.116 trueAta=173.065 headingXAngle=4.30302 aa=179.081
[ACTIVE] [RED] Evade Z=2315.71
[EVADE_DIAG] team=1 side=0.212334 turnSign=1 dist=308.045 trueAta=163.53 headingXAngle=3.35649 aa=162.716
[EVADE_DIAG] team=1 side=-0.255484 turnSign=-1 dist=296.806 trueAta=163.444 headingXAngle=7.4139 aa=174.519
[EVADE_DIAG] team=1 side=0.176485 turnSign=1 dist=276.458 trueAta=167.01 headingXAngle=11.0605 aa=179.539
[ACTIVE] [RED] Evade Z=2238.57
[EVADE_DIAG] team=1 side=0.0694426 turnSign=1 dist=267.647 trueAta=175.975 headingXAngle=5.17898 aa=173.842
[EVADE_DIAG] team=1 side=-0.165404 turnSign=-1 dist=267.942 trueAta=170.138 headingXAngle=3.88544 aa=178.342
[EVADE_DIAG] team=1 side=0.0458581 turnSign=-1 dist=259.652 trueAta=173.05 headingXAngle=4.75351 aa=177.779
[ACTIVE] [RED] Evade Z=2117.01
[EVADE_DIAG] team=1 side=-0.0098051 turnSign=-1 dist=245.553 trueAta=178.781 headingXAngle=2.58193 aa=177.602
[EVADE_DIAG] team=1 side=-0.0125524 turnSign=-1 dist=233.493 trueAta=173.919 headingXAngle=5.06854 aa=172.496
[EVADE_DIAG] team=1 side=0.128147 turnSign=-1 dist=221.222 trueAta=172.49 headingXAngle=3.80564 aa=176.663
[ACTIVE] [RED] Evade Z=2022.58
[EVADE_DIAG] team=1 side=-0.0150677 turnSign=-1 dist=206.698 trueAta=178.717 headingXAngle=4.74325 aa=175.33
[EVADE_DIAG] team=1 side=0.106265 turnSign=-1 dist=186.257 trueAta=172.333 headingXAngle=2.42717 aa=178.109
[EVADE_DIAG] team=1 side=-0.0180436 turnSign=-1 dist=161.292 trueAta=177.123 headingXAngle=1.41944 aa=179.166
[ACTIVE] [RED] Evade Z=1951.47
[EVADE_DIAG] team=1 side=0.171893 turnSign=1 dist=137.211 trueAta=169.651 headingXAngle=2.88753 aa=178.927
[EVADE_DIAG] team=1 side=-0.136182 turnSign=1 dist=115.547 trueAta=171.51 headingXAngle=1.28807 aa=177.459
[EVADE_DIAG] team=1 side=0.115726 turnSign=1 dist=96.5924 trueAta=172.987 headingXAngle=4.67166 aa=178.14
[ACTIVE] [RED] Evade Z=1895.58
[EVADE_DIAG] team=1 side=-0.080436 turnSign=1 dist=81.3444 trueAta=175.306 headingXAngle=3.36306 aa=178.595
[EVADE_DIAG] team=1 side=0.0798765 turnSign=1 dist=73.1581 trueAta=164.66 headingXAngle=4.18092 aa=173.574
[EVADE_DIAG] team=1 side=0.0262256 turnSign=1 dist=60.3656 trueAta=178.195 headingXAngle=5.10708 aa=176.376
[ACTIVE] [RED] Evade Z=1848.18
[EVADE_DIAG] team=1 side=-0.178847 turnSign=-1 dist=56.1531 trueAta=169.597 headingXAngle=7.89627 aa=174.069
[ACTIVE] [RED] LeadPredict dist=63.518 dV=0.0514526 thr=0.984 om=0 lt=0.17511
[EVADE_DIAG] team=1 side=-0.052996 turnSign=-1 dist=72.1902 trueAta=168.45 headingXAngle=17.8966 aa=176.482
[EVADE_DIAG] team=1 side=-0.0175579 turnSign=1 dist=79.888 trueAta=174.366 headingXAngle=13.0681 aa=179.947
[ACTIVE] [RED] Evade Z=1738.12
[EVADE_DIAG] team=1 side=0.432469 turnSign=1 dist=103.072 trueAta=154.362 headingXAngle=5.8014 aa=177.776
[DUTY_EV] team=1 evadeTicks=600 v31?섍컯?섏꽑(>3000m)=16.3333% 以묎컙(2200~3000)=33.8333% ?곸듅(<2200)=49.8333%
[EVADE_DIAG] team=1 side=-0.0484418 turnSign=1 dist=109.06 trueAta=161.656 headingXAngle=17.8853 aa=178.887
[EVADE_DIAG] team=1 side=0.0601683 turnSign=1 dist=125.44 trueAta=165.857 headingXAngle=1.54687 aa=175.29
[ACTIVE] [RED] Evade Z=1646.62
[EVADE_DIAG] team=1 side=-0.0501742 turnSign=-1 dist=139.003 trueAta=166.112 headingXAngle=15.8969 aa=178.605
[EVADE_DIAG] team=1 side=-0.163029 turnSign=-1 dist=159.11 trueAta=170.581 headingXAngle=0.681275 aa=177.603
[EVADE_DIAG] team=1 side=0.138083 turnSign=-1 dist=167.865 trueAta=171.038 headingXAngle=5.23574 aa=177.589
runner:local/env:0	num_steps=[4651] | total rewards=[-167.1121] | termination= [ownship destroyed]
[seed 42] reward=  -167.11 ownHP=-0.0138 tgtHP=1.0000 ownship destroyed
Remove Space Complete.

[rehearsal own_rep=6 tgt_rep=6 seeds=1]
SUMMARY dealt=0.0000 taken=1.0138 mean_reward=-167.11
tacview log saved (last episode)
STAMP v40 AIP_jh2.dll seed42 2026_8_11_20_18_0

########## v40_OBFM_RED vs ACE ##########


     JSBSim Flight Dynamics Model v1.0.0 May 27 2026 16:13:38
init ID:1 Lat37.92355643001773 Lon128.18188127777776 Alt(meter)7000.0785355893395 Speed(m/sec)300.0
init ID:1 Lat37.96855377446113 Lon128.18188127777776 Alt(meter)7002.8272734023885 Speed(m/sec)300.0
[match] seed 0 OBFM_RED round1 sep=610m alt=6057m spd=258m/s aoff=30deg
            [JSBSim-ML v2.0]

JSBSim startup beginning ...

total: 2
Behavior Tree Initialized Successfully
[EVADE_DIAG] team=1 side=-0.565111 turnSign=-1 dist=651.227 trueAta=123.564 headingXAngle=45.4635 aa=178.389
[EVADE_DIAG] team=1 side=-0.490746 turnSign=-1 dist=581.563 trueAta=128.31 headingXAngle=55.3495 aa=176.963
[ACTIVE] [RED] Evade Z=5695.12
[EVADE_DIAG] team=1 side=-0.272513 turnSign=-1 dist=531.695 trueAta=138.567 headingXAngle=58.5368 aa=179.747
[ACTIVE] [RED] LeadPredict dist=711.538 dV=9.36282 thr=0.82488 om=0.861294 lt=2.36231
[EVADE_DIAG] team=1 side=0.238491 turnSign=1 dist=638.052 trueAta=132.868 headingXAngle=27.8018 aa=162.86
[EVADE_DIAG] team=1 side=-0.0460954 turnSign=1 dist=575.488 trueAta=146.795 headingXAngle=29.7959 aa=177.625
[ACTIVE] [RED] Evade Z=3947.33
[EVADE_DIAG] team=1 side=0.218063 turnSign=1 dist=546.542 trueAta=163.19 headingXAngle=27.557 aa=178.773
[EVADE_DIAG] team=1 side=0.0486205 turnSign=1 dist=557.548 trueAta=175.256 headingXAngle=19.1285 aa=179.642
[EVADE_DIAG] team=1 side=-0.197851 turnSign=-1 dist=591.436 trueAta=165.665 headingXAngle=7.59696 aa=179.884
[ACTIVE] [RED] Evade Z=3179.81
[EVADE_DIAG] team=1 side=0.264986 turnSign=1 dist=611.064 trueAta=155.89 headingXAngle=6.59106 aa=179.764
[EVADE_DIAG] team=1 side=-0.261737 turnSign=-1 dist=607.403 trueAta=157.691 headingXAngle=13.1258 aa=179.806
[ACTIVE] [RED] LeadPredict dist=880.49 dV=-0.874542 thr=0.607992 om=0.713552 lt=2.49971
[ACTIVE] [RED] LeadPredict dist=604.383 dV=-37.5027 thr=0.869264 om=1.43929 lt=2.07862
[ACTIVE] [RED] LeadPredict dist=1243.5 dV=-50.6723 thr=1 om=1.32588 lt=3
[ACTIVE] [RED] LeadPredict dist=1428.35 dV=-34.9305 thr=1 om=0.26141 lt=3
[ACTIVE] [RED] LeadPredict dist=1348.1 dV=19.6516 thr=1 om=1.3738 lt=3
[ACTIVE] [RED] LeadPredict dist=828.875 dV=44.8592 thr=0.55 om=1.61653 lt=2.50422
[ACTIVE] [RED] LeadPredict dist=712.78 dV=14.0442 thr=0.831469 om=1.56449 lt=2.43677
[ACTIVE] [RED] LeadPredict dist=1048.59 dV=2.67508 thr=0.854396 om=1.50701 lt=3
[ACTIVE] [RED] LeadPredict dist=859.268 dV=18.6227 thr=0.776527 om=1.15004 lt=2.87834
[DUTY] team=1 ticks=600 v27종말조준=2.66667% v21뱅크예측=92.6667% v17궤도조건=96% v17슬롯적용=79% 상승클램프=0% 강하클램프=0% v23b조건=49% v23b실제적용=29.5%
[ACTIVE] [RED] LeadPredict dist=689.329 dV=-0.41153 thr=1 om=1.54203 lt=2.42702
[ACTIVE] [RED] LeadPredict dist=1063.26 dV=0.257233 thr=1 om=1.37216 lt=3
[ACTIVE] [RED] LeadPredict dist=879.782 dV=0.925995 thr=0.988888 om=1.96123 lt=3
[ACTIVE] [RED] LeadPredict dist=868.316 dV=4.99008 thr=0.855052 om=1.72903 lt=2.9524
[ACTIVE] [RED] LeadPredict dist=701.191 dV=20.6291 thr=0.752451 om=1.22569 lt=2.38082
[ACTIVE] [RED] LeadPredict dist=661.685 dV=-0.0514526 thr=1 om=1.41966 lt=2.37048
[ACTIVE] [RED] LeadPredict dist=1052.11 dV=0.102875 thr=1 om=1.45483 lt=3
[ACTIVE] [RED] LeadPredict dist=873.856 dV=0.0514526 thr=0.999383 om=2.0419 lt=3
[ACTIVE] [RED] LeadPredict dist=875.101 dV=5.0415 thr=0.851991 om=1.72514 lt=2.9682
[ACTIVE] [RED] LeadPredict dist=691.701 dV=20.3204 thr=0.756155 om=1.22453 lt=2.34491
[DUTY] team=1 ticks=1200 v27종말조준=5.25% v21뱅크예측=95.8333% v17궤도조건=98% v17슬롯적용=89.5% 상승클램프=0% 강하클램프=0% v23b조건=44.3333% v23b실제적용=26.4167%
[ACTIVE] [RED] LeadPredict dist=659.98 dV=-0.668762 thr=1 om=1.41133 lt=2.35483
[ACTIVE] [RED] LeadPredict dist=1067.71 dV=1.08032 thr=1 om=1.45573 lt=3
[ACTIVE] [RED] LeadPredict dist=876.512 dV=0.977448 thr=0.988271 om=1.94741 lt=3
[ACTIVE] [RED] LeadPredict dist=852.362 dV=4.52707 thr=0.850461 om=1.72333 lt=2.88755
[ACTIVE] [RED] LeadPredict dist=711.714 dV=20.9377 thr=0.748747 om=0.852767 lt=2.40437
[ACTIVE] [RED] LeadPredict dist=636.556 dV=1.0289 thr=0.987653 om=1.56068 lt=2.25305
[ACTIVE] [RED] LeadPredict dist=989.072 dV=3.13809 thr=1 om=1.26804 lt=3
[ACTIVE] [RED] LeadPredict dist=889.012 dV=1.44043 thr=0.982715 om=1.61434 lt=3
[ACTIVE] [RED] LeadPredict dist=1003.25 dV=-1.59479 thr=1 om=1.53021 lt=3
[ACTIVE] [RED] LeadPredict dist=744.717 dV=9.62003 thr=0.838217 om=1.57424 lt=2.49849
[DUTY] team=1 ticks=1800 v27종말조준=6.11111% v21뱅크예측=96.8889% v17궤도조건=98.6667% v17슬롯적용=93% 상승클램프=0% 강하클램프=0% v23b조건=41.2222% v23b실제적용=24.9444%
[ACTIVE] [RED] LeadPredict dist=711.919 dV=2.88086 thr=0.96543 om=1.57677 lt=0
runner:local/env:0	num_steps=[11999] | total rewards=[408.4076] | termination= [max time out]
[seed 0] reward=   408.41 ownHP=1.0000 tgtHP=0.9226 max time out
Remove Space Complete.

[rehearsal own_rep=6 tgt_rep=6 seeds=1]
SUMMARY dealt=0.0774 taken=0.0000 mean_reward=408.41
tacview log saved (last episode)
STAMP v40 ACE seed0 2026_8_11_20_18_29


     JSBSim Flight Dynamics Model v1.0.0 May 27 2026 16:13:38
init ID:1 Lat37.92355643001773 Lon128.18188127777776 Alt(meter)7000.0785355893395 Speed(m/sec)300.0
init ID:1 Lat37.96855377446113 Lon128.18188127777776 Alt(meter)7002.8272734023885 Speed(m/sec)300.0
[match] seed 3 OBFM_RED round1 sep=610m alt=1799m spd=270m/s aoff=30deg
            [JSBSim-ML v2.0]

JSBSim startup beginning ...

total: 2
Behavior Tree Initialized Successfully
[ACTIVE] [RED] LeadPredict dist=567.999 dV=-20.269 thr=1 om=0.414812 lt=2.38006
[ACTIVE] [RED] LeadPredict dist=562.435 dV=-27.574 thr=1 om=1.91028 lt=2.92325
[ACTIVE] [RED] LeadPredict dist=532.122 dV=-23.5099 thr=1 om=1.40591 lt=3
[ACTIVE] [RED] LeadPredict dist=798.685 dV=-31.8438 thr=1 om=0.786406 lt=3
[ACTIVE] [RED] LeadPredict dist=840.023 dV=-52.1642 thr=1 om=1.2926 lt=3
[ACTIVE] [RED] LeadPredict dist=1004.42 dV=-45.3222 thr=1 om=1.18657 lt=3
[ACTIVE] [RED] LeadPredict dist=1108.3 dV=-28.8601 thr=1 om=1.23898 lt=3
[ACTIVE] [RED] LeadPredict dist=1027.64 dV=-16.4621 thr=1 om=1.39817 lt=3
[ACTIVE] [RED] LeadPredict dist=830.733 dV=0.874542 thr=0.989505 om=0.556187 lt=3
[ACTIVE] [RED] LeadPredict dist=677.833 dV=27.0596 thr=0.675285 om=1.74604 lt=2.30554
[DUTY] team=1 ticks=600 v27종말조준=13.5% v21뱅크예측=96% v17궤도조건=98% v17슬롯적용=87% 상승클램프=0% 강하클램프=23.3333% v23b조건=0% v23b실제적용=0%
[ACTIVE] [RED] LeadPredict dist=764.073 dV=19.1372 thr=0.770354 om=0.874515 lt=2.91397
[ACTIVE] [RED] LeadPredict dist=682.627 dV=15.6904 thr=0.811715 om=1.68028 lt=2.64329
[ACTIVE] [RED] LeadPredict dist=1143.14 dV=-32.5126 thr=1 om=1.93714 lt=3
[ACTIVE] [RED] LeadPredict dist=844.022 dV=13.324 thr=0.872 om=1.73092 lt=2.98682
[ACTIVE] [RED] LeadPredict dist=931.563 dV=-1.85199 thr=1 om=2.1273 lt=3
[ACTIVE] [RED] LeadPredict dist=853.745 dV=-1.23468 thr=1 om=0.910699 lt=3
[ACTIVE] [RED] LeadPredict dist=669.311 dV=19.6002 thr=0.768 om=1.79447 lt=2.39075
[ACTIVE] [RED] LeadPredict dist=998.226 dV=-0.20578 thr=1 om=1.75617 lt=3
[ACTIVE] [RED] LeadPredict dist=880.057 dV=-2.72653 thr=1 om=2.28349 lt=3
[ACTIVE] [RED] LeadPredict dist=645.229 dV=16.1534 thr=0.806159 om=1.84191 lt=2.31238
[DUTY] team=1 ticks=1200 v27종말조준=10.1667% v21뱅크예측=97.5833% v17궤도조건=98.9167% v17슬롯적용=93.4167% 상승클램프=0% 강하클램프=11.6667% v23b조건=0.666667% v23b실제적용=0%
[ACTIVE] [RED] LeadPredict dist=899.504 dV=-0.514435 thr=1 om=1.5556 lt=0.14787
[ACTIVE] [RED] LeadPredict dist=940.349 dV=4.01263 thr=1 om=1.70288 lt=3
[ACTIVE] [RED] LeadPredict dist=787.709 dV=6.27615 thr=0.924686 om=0.451851 lt=2.80388
[ACTIVE] [RED] LeadPredict dist=758.462 dV=-11.009 thr=1 om=1.05433 lt=2.72472
[ACTIVE] [RED] LeadPredict dist=747.234 dV=8.95126 thr=0.868608 om=1.1512 lt=2.56856
[ACTIVE] [RED] LeadPredict dist=673.838 dV=-4.37274 thr=1 om=0.711325 lt=2.33318
[ACTIVE] [RED] LeadPredict dist=692.708 dV=27.574 thr=0.669112 om=1.66094 lt=2.26193
[ACTIVE] [RED] LeadPredict dist=682.34 dV=5.45306 thr=0.934563 om=1.3956 lt=2.38214
[ACTIVE] [RED] LeadPredict dist=1065.1 dV=-3.39532 thr=1 om=1.52011 lt=3
[ACTIVE] [RED] LeadPredict dist=867.177 dV=5.09296 thr=0.859206 om=1.95953 lt=2.95836
[DUTY] team=1 ticks=1800 v27종말조준=9.83333% v21뱅크예측=98.0556% v17궤도조건=99.2222% v17슬롯적용=95.5556% 상승클램프=0% 강하클램프=7.77778% v23b조건=9.33333% v23b실제적용=5.44444%
[ACTIVE] [RED] LeadPredict dist=855.416 dV=-2.93231 thr=1 om=1.59413 lt=2.97621
[ACTIVE] [RED] LeadPredict dist=980.563 dV=18.2112 thr=0.845432 om=1.60173 lt=3
[ACTIVE] [RED] LeadPredict dist=711.345 dV=0.565887 thr=0.993209 om=1.60692 lt=2.50182
runner:local/env:0	num_steps=[11999] | total rewards=[589.1350] | termination= [max time out]
[seed 3] reward=   589.14 ownHP=1.0000 tgtHP=0.9158 max time out
Remove Space Complete.

[rehearsal own_rep=6 tgt_rep=6 seeds=1]
SUMMARY dealt=0.0842 taken=0.0000 mean_reward=589.14
tacview log saved (last episode)
STAMP v40 ACE seed3 2026_8_11_20_18_58


     JSBSim Flight Dynamics Model v1.0.0 May 27 2026 16:13:38
init ID:1 Lat37.92355643001773 Lon128.18188127777776 Alt(meter)7000.0785355893395 Speed(m/sec)300.0
init ID:1 Lat37.96855377446113 Lon128.18188127777776 Alt(meter)7002.8272734023885 Speed(m/sec)300.0
[match] seed 6 OBFM_RED round1 sep=610m alt=4953m spd=256m/s aoff=30deg
            [JSBSim-ML v2.0]

JSBSim startup beginning ...

total: 2
Behavior Tree Initialized Successfully
[EVADE_DIAG] team=1 side=-0.547438 turnSign=-1 dist=665.296 trueAta=126.64 headingXAngle=42.3947 aa=179.556
[EVADE_DIAG] team=1 side=-0.456567 turnSign=-1 dist=603.489 trueAta=127.883 headingXAngle=54.3103 aa=177.639
[ACTIVE] [RED] Evade Z=4659.12
[EVADE_DIAG] team=1 side=-0.230608 turnSign=-1 dist=548.433 trueAta=134.421 headingXAngle=60.8335 aa=179.906
[ACTIVE] [RED] LeadPredict dist=725.516 dV=9.2085 thr=0.889498 om=0.755625 lt=2.39075
[EVADE_DIAG] team=1 side=0.119759 turnSign=-1 dist=670.581 trueAta=127.071 headingXAngle=31.8019 aa=158.868
[EVADE_DIAG] team=1 side=-0.311289 turnSign=-1 dist=601.908 trueAta=142.723 headingXAngle=31.3711 aa=178.087
[ACTIVE] [RED] Evade Z=2944.12
[EVADE_DIAG] team=1 side=0.199275 turnSign=1 dist=561.267 trueAta=158.406 headingXAngle=31.0077 aa=178.203
[EVADE_DIAG] team=1 side=-0.0776977 turnSign=1 dist=568.433 trueAta=175.544 headingXAngle=21.4999 aa=179.776
[EVADE_DIAG] team=1 side=-0.075772 turnSign=1 dist=603.844 trueAta=171.448 headingXAngle=11.2935 aa=165.511
[ACTIVE] [RED] LeadPredict dist=685.932 dV=-0.154327 thr=0.668555 om=0.920622 lt=2.02946
[ACTIVE] [RED] LeadPredict dist=361.817 dV=-31.7924 thr=1 om=0.878046 lt=1.2783
[ACTIVE] [RED] LeadPredict dist=517.274 dV=-13.2726 thr=1 om=1.61352 lt=2.09176
[ACTIVE] [RED] LeadPredict dist=980.398 dV=-5.71028 thr=1 om=1.24572 lt=3
[ACTIVE] [RED] LeadPredict dist=1109.54 dV=-15.2274 thr=1 om=1.27403 lt=3
[ACTIVE] [RED] LeadPredict dist=1007.48 dV=-16.9251 thr=1 om=1.10814 lt=3
[ACTIVE] [RED] LeadPredict dist=896.643 dV=-12.9124 thr=1 om=1.36909 lt=2.86103
[ACTIVE] [RED] LeadPredict dist=835.806 dV=-5.60739 thr=1 om=1.55853 lt=2.95814
[ACTIVE] [RED] LeadPredict dist=797.589 dV=3.4982 thr=0.865984 om=1.49375 lt=2.73584
[DUTY] team=1 ticks=600 v27종말조준=15.3333% v21뱅크예측=87.6667% v17궤도조건=96% v17슬롯적용=74.8333% 상승클램프=0% 강하클램프=24% v23b조건=15.8333% v23b실제적용=15.8333%
[ACTIVE] [RED] LeadPredict dist=789.255 dV=12.9639 thr=0.844434 om=1.42582 lt=1.7166
[ACTIVE] [RED] LeadPredict dist=766.919 dV=21.1949 thr=0.745661 om=1.6061 lt=2.47927
[ACTIVE] [RED] LeadPredict dist=882.284 dV=3.80685 thr=0.954318 om=1.76376 lt=0.481719
[ACTIVE] [RED] LeadPredict dist=840.093 dV=3.90976 thr=0.953083 om=1.75391 lt=3
[ACTIVE] [RED] LeadPredict dist=1210.15 dV=-1.0289 thr=1 om=1.65231 lt=3
[ACTIVE] [RED] LeadPredict dist=746.937 dV=29.0144 thr=0.651827 om=1.81418 lt=2.57574
[ACTIVE] [RED] LeadPredict dist=967.195 dV=4.16696 thr=1 om=1.87119 lt=3
[ACTIVE] [RED] LeadPredict dist=986.143 dV=3.6525 thr=1 om=1.53537 lt=3
[ACTIVE] [RED] LeadPredict dist=693.548 dV=18.1083 thr=0.832 om=1.65793 lt=2.45388
[ACTIVE] [RED] LeadPredict dist=977.152 dV=1.69766 thr=1 om=1.68758 lt=3
[DUTY] team=1 ticks=1200 v27종말조준=12.6667% v21뱅크예측=93.5833% v17궤도조건=98% v17슬롯적용=87.4167% 상승클램프=0% 강하클램프=12.75% v23b조건=17.75% v23b실제적용=13.4167%
[ACTIVE] [RED] LeadPredict dist=1011.08 dV=6.89349 thr=1 om=1.62684 lt=3
[ACTIVE] [RED] LeadPredict dist=767.059 dV=12.9124 thr=0.845744 om=1.59248 lt=1.17305
[ACTIVE] [RED] LeadPredict dist=623.873 dV=36.9882 thr=0.556141 om=1.61879 lt=1.95034
[ACTIVE] [RED] LeadPredict dist=818.447 dV=22.2238 thr=0.733315 om=1.37961 lt=2.72609
[ACTIVE] [RED] LeadPredict dist=1037.65 dV=-8.48828 thr=1 om=1.59878 lt=3
[ACTIVE] [RED] LeadPredict dist=964.884 dV=9.87726 thr=1 om=1.65225 lt=3
[ACTIVE] [RED] LeadPredict dist=671.009 dV=34.3131 thr=0.588242 om=1.64494 lt=2.12055
[ACTIVE] [RED] LeadPredict dist=741.674 dV=10.0316 thr=0.879621 om=1.61039 lt=0
[ACTIVE] [RED] LeadPredict dist=1138.12 dV=1.33755 thr=1 om=1.46594 lt=3
[ACTIVE] [RED] LeadPredict dist=805.727 dV=6.99637 thr=0.831221 om=1.55913 lt=2.68833
[DUTY] team=1 ticks=1800 v27종말조준=13.3333% v21뱅크예측=95.3889% v17궤도조건=98.6667% v17슬롯적용=91.6111% 상승클램프=0% 강하클램프=8.5% v23b조건=25.6667% v23b실제적용=13.6667%
[ACTIVE] [RED] LeadPredict dist=715.964 dV=0.977417 thr=0.988271 om=1.57371 lt=0.125876
runner:local/env:0	num_steps=[11999] | total rewards=[660.6123] | termination= [max time out]
[seed 6] reward=   660.61 ownHP=1.0000 tgtHP=0.7906 max time out
Remove Space Complete.

[rehearsal own_rep=6 tgt_rep=6 seeds=1]
SUMMARY dealt=0.2094 taken=0.0000 mean_reward=660.61
tacview log saved (last episode)
STAMP v40 ACE seed6 2026_8_11_20_19_27


     JSBSim Flight Dynamics Model v1.0.0 May 27 2026 16:13:38
init ID:1 Lat37.92355643001773 Lon128.18188127777776 Alt(meter)7000.0785355893395 Speed(m/sec)300.0
init ID:1 Lat37.96855377446113 Lon128.18188127777776 Alt(meter)7002.8272734023885 Speed(m/sec)300.0
[match] seed 9 OBFM_RED round1 sep=610m alt=7962m spd=289m/s aoff=30deg
            [JSBSim-ML v2.0]

JSBSim startup beginning ...

total: 2
Behavior Tree Initialized Successfully
[EVADE_DIAG] team=1 side=-0.576449 turnSign=-1 dist=602.621 trueAta=128.288 headingXAngle=38.269 aa=177.031
[EVADE_DIAG] team=1 side=-0.477452 turnSign=-1 dist=533.153 trueAta=139.38 headingXAngle=45.856 aa=174.3
[ACTIVE] [RED] Evade Z=7391.17
[EVADE_DIAG] team=1 side=-0.215096 turnSign=-1 dist=509.326 trueAta=155.981 headingXAngle=45.4089 aa=179.221
[ACTIVE] [RED] LeadPredict dist=580.629 dV=4.52707 thr=0.864 om=2.09035 lt=1.81311
[EVADE_DIAG] team=1 side=0.324989 turnSign=1 dist=571.425 trueAta=138.097 headingXAngle=29.824 aa=179.238
[EVADE_DIAG] team=1 side=0.415912 turnSign=1 dist=509.764 trueAta=155.004 headingXAngle=33.521 aa=176.587
[ACTIVE] [RED] Evade Z=5496.16
[EVADE_DIAG] team=1 side=0.0592537 turnSign=1 dist=502.773 trueAta=170.142 headingXAngle=28.9138 aa=179.412
[ACTIVE] [RED] LeadPredict dist=567.996 dV=-11.4206 thr=1 om=0.824494 lt=1.56878
[EVADE_DIAG] team=1 side=-0.328152 turnSign=-1 dist=478.227 trueAta=140.108 headingXAngle=27.1812 aa=178.14
[EVADE_DIAG] team=1 side=-0.188643 turnSign=-1 dist=423.054 trueAta=159.725 headingXAngle=28.4333 aa=175.871
[ACTIVE] [RED] Evade Z=3481.39
[EVADE_DIAG] team=1 side=-0.0788364 turnSign=-1 dist=433.048 trueAta=169.376 headingXAngle=18.9172 aa=178.882
[ACTIVE] [RED] ClimbOut Z=1909.33
[ACTIVE] [RED] LeadPredict dist=1192.46 dV=-5.09296 thr=0.494738 om=1.53239 lt=3
[ACTIVE] [RED] LeadPredict dist=1131.55 dV=-8.84839 thr=0.730866 om=1.32542 lt=3
[ACTIVE] [RED] LeadPredict dist=925.802 dV=-30.7121 thr=1 om=1.43475 lt=3
[ACTIVE] [RED] LeadPredict dist=1005.19 dV=-29.3231 thr=1 om=1.43041 lt=3
[ACTIVE] [RED] LeadPredict dist=931.547 dV=-17.7996 thr=1 om=1.38203 lt=3
[ACTIVE] [RED] LeadPredict dist=902.17 dV=14.6101 thr=0.976 om=1.42041 lt=1.27255
[ACTIVE] [RED] LeadPredict dist=736.959 dV=26.3908 thr=0.683311 om=1.62902 lt=2.39436
[ACTIVE] [RED] LeadPredict dist=737.893 dV=8.89981 thr=0.898216 om=1.65925 lt=2.63815
[DUTY] team=1 ticks=600 v27종말조준=6.16667% v21뱅크예측=96% v17궤도조건=98% v17슬롯적용=69.1667% 상승클램프=0% 강하클램프=0% v23b조건=39% v23b실제적용=29.6667%
[ACTIVE] [RED] LeadPredict dist=1131.57 dV=-12.2951 thr=1 om=1.05416 lt=3
[ACTIVE] [RED] LeadPredict dist=988.856 dV=11.2662 thr=1 om=1.52549 lt=3
[ACTIVE] [RED] LeadPredict dist=913.178 dV=12.861 thr=0.845668 om=0.528785 lt=3
[ACTIVE] [RED] LeadPredict dist=787.008 dV=13.7355 thr=0.835174 om=1.59307 lt=2.70146
[ACTIVE] [RED] LeadPredict dist=1118.45 dV=10.7518 thr=0.858113 om=1.45027 lt=3
[ACTIVE] [RED] LeadPredict dist=870.07 dV=2.62366 thr=0.968516 om=1.87443 lt=3
[ACTIVE] [RED] LeadPredict dist=796.804 dV=4.21841 thr=0.854396 om=1.76598 lt=2.70783
[ACTIVE] [RED] LeadPredict dist=633.939 dV=20.1146 thr=0.758625 om=1.69074 lt=2.13347
[ACTIVE] [RED] LeadPredict dist=839.669 dV=5.76172 thr=0.952 om=1.16744 lt=0.142348
[ACTIVE] [RED] LeadPredict dist=1100.22 dV=-6.48193 thr=1 om=1.61368 lt=3
[DUTY] team=1 ticks=1200 v27종말조준=5.41667% v21뱅크예측=97.5% v17궤도조건=99% v17슬롯적용=84.5833% 상승클램프=0% 강하클램프=0% v23b조건=37.75% v23b실제적용=21.6667%
[ACTIVE] [RED] LeadPredict dist=744.602 dV=3.29242 thr=0.960491 om=0.403149 lt=2.59438
[ACTIVE] [RED] LeadPredict dist=722.389 dV=3.54962 thr=0.853085 om=0.737233 lt=2.45237
[ACTIVE] [RED] LeadPredict dist=614.852 dV=21.1435 thr=0.746278 om=1.67266 lt=2.05889
[ACTIVE] [RED] LeadPredict dist=792.673 dV=5.60739 thr=0.932711 om=1.19216 lt=0.629053
[ACTIVE] [RED] LeadPredict dist=1091.59 dV=-5.55594 thr=1 om=1.58511 lt=3
[ACTIVE] [RED] LeadPredict dist=766.783 dV=1.74908 thr=0.979011 om=0.940048 lt=2.65359
[ACTIVE] [RED] LeadPredict dist=754.721 dV=5.19586 thr=0.838654 om=1.62537 lt=2.53293
[ACTIVE] [RED] LeadPredict dist=615.712 dV=20.2175 thr=0.75739 om=1.72021 lt=2.05752
[ACTIVE] [RED] LeadPredict dist=731.831 dV=-1.59479 thr=1 om=1.19132 lt=2.5632
[ACTIVE] [RED] LeadPredict dist=702.714 dV=12.3466 thr=0.836031 om=1.5088 lt=2.35351
[DUTY] team=1 ticks=1800 v27종말조준=6.72222% v21뱅크예측=98.0556% v17궤도조건=99.3333% v17슬롯적용=89.7222% 상승클램프=0% 강하클램프=0% v23b조건=38.1667% v23b실제적용=21.5556%
[ACTIVE] [RED] LeadPredict dist=978.419 dV=12.6038 thr=0.932325 om=1.64501 lt=3
runner:local/env:0	num_steps=[11999] | total rewards=[468.6985] | termination= [max time out]
[seed 9] reward=   468.70 ownHP=1.0000 tgtHP=0.9496 max time out
Remove Space Complete.

[rehearsal own_rep=6 tgt_rep=6 seeds=1]
SUMMARY dealt=0.0504 taken=0.0000 mean_reward=468.70
tacview log saved (last episode)
STAMP v40 ACE seed9 2026_8_11_20_19_56


     JSBSim Flight Dynamics Model v1.0.0 May 27 2026 16:13:38
init ID:1 Lat37.92355643001773 Lon128.18188127777776 Alt(meter)7000.0785355893395 Speed(m/sec)300.0
init ID:1 Lat37.96855377446113 Lon128.18188127777776 Alt(meter)7002.8272734023885 Speed(m/sec)300.0
[match] seed 12 OBFM_RED round1 sep=610m alt=5889m spd=248m/s aoff=30deg
            [JSBSim-ML v2.0]

JSBSim startup beginning ...

total: 2
Behavior Tree Initialized Successfully
[EVADE_DIAG] team=1 side=-0.535777 turnSign=-1 dist=672.587 trueAta=124.6 headingXAngle=43.4517 aa=179.45
[EVADE_DIAG] team=1 side=-0.459911 turnSign=-1 dist=611.938 trueAta=124.812 headingXAngle=55.825 aa=178.139
[ACTIVE] [RED] Evade Z=5610.43
[EVADE_DIAG] team=1 side=-0.314019 turnSign=-1 dist=551.076 trueAta=130.232 headingXAngle=63.0374 aa=179.792
[ACTIVE] [RED] LeadPredict dist=707.241 dV=6.17328 thr=0.925921 om=0.761014 lt=2.41783
[EVADE_DIAG] team=1 side=-0.0151959 turnSign=-1 dist=651.921 trueAta=123.805 headingXAngle=33.2511 aa=156.957
[EVADE_DIAG] team=1 side=0.0912639 turnSign=1 dist=579.236 trueAta=139.18 headingXAngle=31.012 aa=179.161
[ACTIVE] [RED] Evade Z=3902.96
[EVADE_DIAG] team=1 side=0.195197 turnSign=1 dist=530.841 trueAta=155.679 headingXAngle=30.8866 aa=176.67
[EVADE_DIAG] team=1 side=-0.0157806 turnSign=1 dist=525.643 trueAta=172.583 headingXAngle=23.5274 aa=179.766
[EVADE_DIAG] team=1 side=-0.142233 turnSign=1 dist=557.023 trueAta=169.026 headingXAngle=12.2326 aa=179.721
[ACTIVE] [RED] Evade Z=3153.4
[EVADE_DIAG] team=1 side=0.128751 turnSign=-1 dist=585.583 trueAta=156.927 headingXAngle=2.76079 aa=179.699
[EVADE_DIAG] team=1 side=-0.25402 turnSign=-1 dist=586.677 trueAta=156.669 headingXAngle=9.98384 aa=179.868
[ACTIVE] [RED] LeadPredict dist=985.484 dV=1.08032 thr=0.654125 om=0.393048 lt=2.88675
[ACTIVE] [RED] LeadPredict dist=631.957 dV=-27.2139 thr=0.95992 om=0.569501 lt=2.19756
[ACTIVE] [RED] LeadPredict dist=988.256 dV=-24.0758 thr=1 om=1.41412 lt=3
[ACTIVE] [RED] LeadPredict dist=881.865 dV=0.565857 thr=0.99321 om=1.37648 lt=2.3821
[ACTIVE] [RED] LeadPredict dist=934.391 dV=-3.6011 thr=0.764099 om=1.70745 lt=2.96156
[ACTIVE] [RED] LeadPredict dist=801.691 dV=13.787 thr=0.708566 om=1.42293 lt=2.43992
[ACTIVE] [RED] LeadPredict dist=890.592 dV=19.0857 thr=0.770971 om=1.60415 lt=3
[ACTIVE] [RED] LeadPredict dist=785.789 dV=12.1922 thr=0.853693 om=1.64456 lt=2.77519
[ACTIVE] [RED] LeadPredict dist=1133.67 dV=-2.88086 thr=1 om=0.315956 lt=3
[DUTY] team=1 ticks=600 v27종말조준=8.33333% v21뱅크예측=91.6667% v17궤도조건=96% v17슬롯적용=80.1667% 상승클램프=0% 강하클램프=0% v23b조건=39.3333% v23b실제적용=34.1667%
[ACTIVE] [RED] LeadPredict dist=980.956 dV=27.3167 thr=1 om=1.62271 lt=3
[ACTIVE] [RED] LeadPredict dist=914.014 dV=16.6164 thr=0.813318 om=0.485512 lt=3
[ACTIVE] [RED] LeadPredict dist=731.08 dV=10.8032 thr=0.870361 om=1.63412 lt=2.60851
[ACTIVE] [RED] LeadPredict dist=1064.31 dV=9.51712 thr=1 om=1.55765 lt=3
[ACTIVE] [RED] LeadPredict dist=852.16 dV=-0.874542 thr=1 om=1.95489 lt=3
[ACTIVE] [RED] LeadPredict dist=814.353 dV=1.85199 thr=0.977776 om=2.12916 lt=2.8107
[ACTIVE] [RED] LeadPredict dist=665.77 dV=19.1371 thr=0.770354 om=1.67902 lt=2.26967
[ACTIVE] [RED] LeadPredict dist=734.398 dV=2.2121 thr=0.973455 om=1.27219 lt=2.64953
[ACTIVE] [RED] LeadPredict dist=1065.05 dV=0 thr=1 om=1.68169 lt=3
[ACTIVE] [RED] LeadPredict dist=806.472 dV=-0.977448 thr=1 om=1.91769 lt=2.83844
[DUTY] team=1 ticks=1200 v27종말조준=6.75% v21뱅크예측=95.4167% v17궤도조건=98% v17슬롯적용=90.0833% 상승클램프=0% 강하클램프=0% v23b조건=30.3333% v23b실제적용=19.5%
[ACTIVE] [RED] LeadPredict dist=792.787 dV=2.77795 thr=0.860737 om=2.10331 lt=2.7079
[ACTIVE] [RED] LeadPredict dist=680.129 dV=20.3718 thr=0.755538 om=1.67744 lt=2.30127
[ACTIVE] [RED] LeadPredict dist=664.525 dV=1.1832 thr=0.985802 om=1.42257 lt=2.36974
[ACTIVE] [RED] LeadPredict dist=1050.16 dV=0.82309 thr=1 om=1.52683 lt=3
[ACTIVE] [RED] LeadPredict dist=877.143 dV=1.33755 thr=0.983949 om=2.06417 lt=3
[ACTIVE] [RED] LeadPredict dist=899.245 dV=-7.81949 thr=1 om=1.62737 lt=3
[ACTIVE] [RED] LeadPredict dist=681.846 dV=17.2338 thr=0.793195 om=1.65848 lt=2.3119
[ACTIVE] [RED] LeadPredict dist=688.594 dV=-6.73917 thr=1 om=1.43282 lt=2.3988
[ACTIVE] [RED] LeadPredict dist=662.877 dV=33.1299 thr=0.602441 om=1.02365 lt=2.13017
[ACTIVE] [RED] LeadPredict dist=781.414 dV=7.71661 thr=0.905432 om=0.815155 lt=2.64627
[DUTY] team=1 ticks=1800 v27종말조준=8% v21뱅크예측=96.6111% v17궤도조건=98.6667% v17슬롯적용=93.3889% 상승클램프=0% 강하클램프=0% v23b조건=33.6111% v23b실제적용=19.5%
[ACTIVE] [RED] LeadPredict dist=1134.21 dV=-8.1796 thr=1 om=1.45703 lt=3
runner:local/env:0	num_steps=[11999] | total rewards=[466.3221] | termination= [max time out]
[seed 12] reward=   466.32 ownHP=1.0000 tgtHP=0.9272 max time out
Remove Space Complete.

[rehearsal own_rep=6 tgt_rep=6 seeds=1]
SUMMARY dealt=0.0728 taken=0.0000 mean_reward=466.32
tacview log saved (last episode)
STAMP v40 ACE seed12 2026_8_11_20_20_37


     JSBSim Flight Dynamics Model v1.0.0 May 27 2026 16:13:38
init ID:1 Lat37.92355643001773 Lon128.18188127777776 Alt(meter)7000.0785355893395 Speed(m/sec)300.0
init ID:1 Lat37.96855377446113 Lon128.18188127777776 Alt(meter)7002.8272734023885 Speed(m/sec)300.0
[match] seed 15 OBFM_RED round1 sep=610m alt=6004m spd=217m/s aoff=30deg
            [JSBSim-ML v2.0]

JSBSim startup beginning ...

total: 2
Behavior Tree Initialized Successfully
[EVADE_DIAG] team=1 side=-0.394235 turnSign=-1 dist=695.103 trueAta=132.9 headingXAngle=32.2439 aa=179.846
[EVADE_DIAG] team=1 side=-0.440244 turnSign=-1 dist=666.946 trueAta=128.631 headingXAngle=46.5429 aa=179.652
[ACTIVE] [RED] Evade Z=5838.15
[EVADE_DIAG] team=1 side=-0.299319 turnSign=-1 dist=622.516 trueAta=128.568 headingXAngle=56.4082 aa=175.105
[EVADE_DIAG] team=1 side=-0.166359 turnSign=-1 dist=586.63 trueAta=132.191 headingXAngle=62.4695 aa=179.11
[EVADE_DIAG] team=1 side=-0.0107186 turnSign=-1 dist=579.104 trueAta=138.429 headingXAngle=62.6152 aa=179.992
[ACTIVE] [RED] LeadPredict dist=722.8 dV=9.41425 thr=0.887029 om=0.76837 lt=2.61594
[ACTIVE] [RED] Evade Z=4486.8
[EVADE_DIAG] team=1 side=0.177558 turnSign=1 dist=679.557 trueAta=135.091 headingXAngle=31.8763 aa=179.606
[EVADE_DIAG] team=1 side=0.103661 turnSign=-1 dist=636.255 trueAta=148.329 headingXAngle=31.4905 aa=177.913
[EVADE_DIAG] team=1 side=-0.0822614 turnSign=1 dist=615.621 trueAta=161.631 headingXAngle=27.4557 aa=179.344
[ACTIVE] [RED] Evade Z=3717.61
[EVADE_DIAG] team=1 side=0.0546768 turnSign=-1 dist=627.775 trueAta=173.512 headingXAngle=20.7984 aa=179.609
[EVADE_DIAG] team=1 side=-0.0947729 turnSign=-1 dist=654.182 trueAta=173.366 headingXAngle=12.8327 aa=179.944
[EVADE_DIAG] team=1 side=0.207599 turnSign=1 dist=676.066 trueAta=164.368 headingXAngle=1.9819 aa=179.869
[ACTIVE] [RED] Evade Z=2842.59
[EVADE_DIAG] team=1 side=-0.18975 turnSign=-1 dist=687.699 trueAta=161.701 headingXAngle=5.68745 aa=179.997
[ACTIVE] [RED] ClimbOut Z=1782.81
[ACTIVE] [RED] LeadPredict dist=757.651 dV=-12.3466 thr=0.70791 om=0.624771 lt=2.3048
[ACTIVE] [RED] LeadPredict dist=684.635 dV=-39.509 thr=1 om=1.37362 lt=2.52626
[ACTIVE] [RED] LeadPredict dist=1305.73 dV=-57.6173 thr=1 om=1.35207 lt=3
[ACTIVE] [RED] LeadPredict dist=1280.87 dV=-18.1597 thr=1 om=1.31446 lt=3
[ACTIVE] [RED] LeadPredict dist=1158.44 dV=9.41425 thr=1 om=1.3719 lt=3
[ACTIVE] [RED] LeadPredict dist=814.77 dV=39.972 thr=0.872 om=1.55127 lt=2.41912
[ACTIVE] [RED] LeadPredict dist=828.955 dV=16.6678 thr=0.799986 om=1.80995 lt=2.80776
[ACTIVE] [RED] LeadPredict dist=928.205 dV=-2.46933 thr=1 om=1.57573 lt=3
[ACTIVE] [RED] LeadPredict dist=666.396 dV=18.4684 thr=0.778379 om=1.66761 lt=2.19966
[DUTY] team=1 ticks=600 v27종말조준=4.16667% v21뱅크예측=91.5% v17궤도조건=96% v17슬롯적용=80.1667% 상승클램프=0% 강하클램프=0% v23b조건=40.1667% v23b실제적용=23.5%
[ACTIVE] [RED] LeadPredict dist=905.648 dV=7.30505 thr=0.983231 om=1.10512 lt=2.97379
[ACTIVE] [RED] LeadPredict dist=1083 dV=-7.15073 thr=1 om=1.5633 lt=3
[ACTIVE] [RED] LeadPredict dist=742.29 dV=1.59476 thr=0.980863 om=1.29001 lt=2.567
[ACTIVE] [RED] LeadPredict dist=815.855 dV=-3.65253 thr=1 om=1.87209 lt=2.84621
[ACTIVE] [RED] LeadPredict dist=636.133 dV=10.9576 thr=0.846088 om=0.479457 lt=2.14754
[ACTIVE] [RED] LeadPredict dist=639.391 dV=-4.47562 thr=1 om=1.74338 lt=2.22182
[ACTIVE] [RED] LeadPredict dist=658.341 dV=22.5325 thr=0.72961 om=1.41581 lt=2.20073
[ACTIVE] [RED] LeadPredict dist=621.349 dV=1.95486 thr=0.976542 om=1.53875 lt=2.20565
[ACTIVE] [RED] LeadPredict dist=1003.36 dV=-3.54965 thr=1 om=1.35989 lt=3
[ACTIVE] [RED] LeadPredict dist=892.004 dV=2.77798 thr=0.966664 om=1.77695 lt=3
[DUTY] team=1 ticks=1200 v27종말조준=6% v21뱅크예측=95.1667% v17궤도조건=98% v17슬롯적용=90.0833% 상승클램프=0% 강하클램프=0% v23b조건=38.6667% v23b실제적용=21.4167%
[ACTIVE] [RED] LeadPredict dist=800.031 dV=-3.54965 thr=1 om=1.58825 lt=2.79804
[ACTIVE] [RED] LeadPredict dist=914.054 dV=20.9377 thr=0.790599 om=1.35442 lt=3
[ACTIVE] [RED] LeadPredict dist=683.158 dV=3.39532 thr=0.959256 om=1.61716 lt=2.4053
[ACTIVE] [RED] LeadPredict dist=965.041 dV=6.17328 thr=1 om=1.24326 lt=3
[ACTIVE] [RED] LeadPredict dist=936.614 dV=2.36642 thr=1 om=1.74127 lt=3
[ACTIVE] [RED] LeadPredict dist=1019.38 dV=-1.69766 thr=1 om=1.63457 lt=3
[ACTIVE] [RED] LeadPredict dist=844.107 dV=12.861 thr=0.845668 om=1.58221 lt=0
[ACTIVE] [RED] LeadPredict dist=684.051 dV=29.1173 thr=0.696011 om=1.5921 lt=1.27703
[ACTIVE] [RED] LeadPredict dist=628.494 dV=26.2365 thr=0.685163 om=1.68794 lt=2.09304
[ACTIVE] [RED] LeadPredict dist=621.375 dV=3.54965 thr=0.957404 om=1.60156 lt=2.19652
[DUTY] team=1 ticks=1800 v27종말조준=11.4444% v21뱅크예측=96.5% v17궤도조건=98.6667% v17슬롯적용=93.3889% 상승클램프=0% 강하클램프=0% v23b조건=35.8889% v23b실제적용=17.4444%
runner:local/env:0	num_steps=[11999] | total rewards=[523.7454] | termination= [max time out]
[seed 15] reward=   523.75 ownHP=0.9844 tgtHP=0.7926 max time out
Remove Space Complete.

[rehearsal own_rep=6 tgt_rep=6 seeds=1]
SUMMARY dealt=0.2074 taken=0.0156 mean_reward=523.75
tacview log saved (last episode)
STAMP v40 ACE seed15 2026_8_11_20_21_35


     JSBSim Flight Dynamics Model v1.0.0 May 27 2026 16:13:38
init ID:1 Lat37.92355643001773 Lon128.18188127777776 Alt(meter)7000.0785355893395 Speed(m/sec)300.0
init ID:1 Lat37.96855377446113 Lon128.18188127777776 Alt(meter)7002.8272734023885 Speed(m/sec)300.0
[match] seed 18 OBFM_RED round1 sep=610m alt=6242m spd=272m/s aoff=30deg
            [JSBSim-ML v2.0]

JSBSim startup beginning ...

total: 2
Behavior Tree Initialized Successfully
[EVADE_DIAG] team=1 side=-0.573029 turnSign=-1 dist=629.477 trueAta=124.33 headingXAngle=42.0557 aa=177.218
[EVADE_DIAG] team=1 side=-0.506751 turnSign=-1 dist=554.169 trueAta=131.697 headingXAngle=52.3071 aa=175.761
[ACTIVE] [RED] Evade Z=5809.31
[EVADE_DIAG] team=1 side=-0.248947 turnSign=-1 dist=512.267 trueAta=145.723 headingXAngle=54.1749 aa=179.735
[ACTIVE] [RED] LeadPredict dist=692.56 dV=9.82581 thr=0.778092 om=0.948346 lt=2.21823
[EVADE_DIAG] team=1 side=0.303727 turnSign=1 dist=603.743 trueAta=136.776 headingXAngle=28.7439 aa=175.11
[EVADE_DIAG] team=1 side=-0.226346 turnSign=-1 dist=545.956 trueAta=152.916 headingXAngle=30.0128 aa=176.361
[ACTIVE] [RED] Evade Z=3970.91
[EVADE_DIAG] team=1 side=0.145989 turnSign=1 dist=531.699 trueAta=169.743 headingXAngle=25.5253 aa=179.56
[EVADE_DIAG] team=1 side=0.135462 turnSign=1 dist=559.153 trueAta=170.936 headingXAngle=15.1261 aa=179.784
[EVADE_DIAG] team=1 side=-0.240708 turnSign=-1 dist=594.445 trueAta=158.934 headingXAngle=1.74241 aa=179.855
[ACTIVE] [RED] Evade Z=3200.47
[EVADE_DIAG] team=1 side=0.0510763 turnSign=1 dist=600.039 trueAta=154.142 headingXAngle=10.6214 aa=179.987
[EVADE_DIAG] team=1 side=0.262426 turnSign=1 dist=585.603 trueAta=156.117 headingXAngle=19.0854 aa=179.537
[ACTIVE] [RED] ClimbOut Z=1761.48
[ACTIVE] [RED] LeadPredict dist=824.558 dV=6.73917 thr=0.536498 om=0.955834 lt=2.23422
[ACTIVE] [RED] LeadPredict dist=523.882 dV=-29.6317 thr=0.821382 om=1.60485 lt=1.73455
[ACTIVE] [RED] LeadPredict dist=1219.84 dV=-39.2518 thr=1 om=1.32582 lt=3
[ACTIVE] [RED] LeadPredict dist=1474.8 dV=-27.574 thr=1 om=0.459876 lt=3
[ACTIVE] [RED] LeadPredict dist=1386.4 dV=21.2978 thr=1 om=1.35548 lt=3
[ACTIVE] [RED] LeadPredict dist=847.767 dV=47.3799 thr=0.64 om=1.59484 lt=2.50371
[ACTIVE] [RED] LeadPredict dist=765.666 dV=15.639 thr=0.812332 om=1.58153 lt=0
[ACTIVE] [RED] LeadPredict dist=1028.55 dV=0.82309 thr=0.856146 om=1.63324 lt=3
[ACTIVE] [RED] LeadPredict dist=758.074 dV=21.092 thr=0.746895 om=0.650202 lt=2.51681
[DUTY] team=1 ticks=600 v27종말조준=2.5% v21뱅크예측=90.3333% v17궤도조건=96% v17슬롯적용=78.3333% 상승클램프=0% 강하클램프=0% v23b조건=49.8333% v23b실제적용=30.8333%
[ACTIVE] [RED] LeadPredict dist=743.83 dV=-0.41156 thr=1 om=1.25974 lt=2.62891
[ACTIVE] [RED] LeadPredict dist=1150.68 dV=-6.22473 thr=1 om=1.58924 lt=3
[ACTIVE] [RED] LeadPredict dist=797.103 dV=1.44043 thr=0.982715 om=0.944456 lt=2.76788
[ACTIVE] [RED] LeadPredict dist=801.178 dV=-6.32761 thr=1 om=1.59385 lt=2.81777
[ACTIVE] [RED] LeadPredict dist=672.528 dV=15.4332 thr=0.814802 om=1.64184 lt=2.28549
[ACTIVE] [RED] LeadPredict dist=652.108 dV=-3.96118 thr=1 om=0.0554142 lt=2.27864
[ACTIVE] [RED] LeadPredict dist=627.48 dV=25.722 thr=0.691336 om=1.65958 lt=2.067
[ACTIVE] [RED] LeadPredict dist=749.188 dV=3.54962 thr=0.957405 om=1.06889 lt=2.6188
[ACTIVE] [RED] LeadPredict dist=1109.65 dV=-6.37903 thr=1 om=1.54235 lt=3
[ACTIVE] [RED] LeadPredict dist=823.189 dV=0.925995 thr=0.872325 om=1.86122 lt=2.83818
[DUTY] team=1 ticks=1200 v27종말조준=5.25% v21뱅크예측=94.5% v17궤도조건=97.9167% v17슬롯적용=89.0833% 상승클램프=0% 강하클램프=0% v23b조건=42.5833% v23b실제적용=26.5833%
[ACTIVE] [RED] LeadPredict dist=832.799 dV=-6.89349 thr=1 om=1.95117 lt=2.91107
[ACTIVE] [RED] LeadPredict dist=718.674 dV=22.944 thr=0.724672 om=1.63955 lt=2.40448
[ACTIVE] [RED] LeadPredict dist=709.515 dV=1.33755 thr=0.983949 om=1.31963 lt=2.50992
[ACTIVE] [RED] LeadPredict dist=1020.19 dV=3.34387 thr=1 om=1.56496 lt=3
[ACTIVE] [RED] LeadPredict dist=820.891 dV=2.10919 thr=0.97469 om=1.6299 lt=2.86224
[ACTIVE] [RED] LeadPredict dist=798.701 dV=7.76807 thr=0.845432 om=1.58685 lt=2.69495
[ACTIVE] [RED] LeadPredict dist=866.521 dV=17.028 thr=0.795665 om=1.69928 lt=2.94681
[ACTIVE] [RED] LeadPredict dist=700.956 dV=-4.37274 thr=1 om=0.731436 lt=2.47873
[ACTIVE] [RED] LeadPredict dist=751.512 dV=9.41428 thr=0.847837 om=1.31094 lt=2.54058
[ACTIVE] [RED] LeadPredict dist=712.963 dV=0.720215 thr=0.991357 om=1.53298 lt=2.47438
[DUTY] team=1 ticks=1800 v27종말조준=7.11111% v21뱅크예측=95.9444% v17궤도조건=98.5556% v17슬롯적용=92.6667% 상승클램프=0% 강하클램프=0% v23b조건=41.5% v23b실제적용=24.7778%
[ACTIVE] [RED] LeadPredict dist=674.162 dV=17.2852 thr=0.792578 om=1.6132 lt=2.22794
runner:local/env:0	num_steps=[11999] | total rewards=[404.3773] | termination= [max time out]
[seed 18] reward=   404.38 ownHP=1.0000 tgtHP=0.9347 max time out
Remove Space Complete.

[rehearsal own_rep=6 tgt_rep=6 seeds=1]
SUMMARY dealt=0.0653 taken=0.0000 mean_reward=404.38
tacview log saved (last episode)
STAMP v40 ACE seed18 2026_8_11_20_22_40


     JSBSim Flight Dynamics Model v1.0.0 May 27 2026 16:13:38
init ID:1 Lat37.92355643001773 Lon128.18188127777776 Alt(meter)7000.0785355893395 Speed(m/sec)300.0
init ID:1 Lat37.96855377446113 Lon128.18188127777776 Alt(meter)7002.8272734023885 Speed(m/sec)300.0
[match] seed 21 OBFM_RED round1 sep=610m alt=3325m spd=262m/s aoff=30deg
            [JSBSim-ML v2.0]

JSBSim startup beginning ...

total: 2
Behavior Tree Initialized Successfully
[EVADE_DIAG] team=1 side=0.29585 turnSign=1 dist=654.217 trueAta=132.083 headingXAngle=36.8246 aa=179.907
[EVADE_DIAG] team=1 side=-0.377722 turnSign=-1 dist=599.184 trueAta=141.631 headingXAngle=39.8863 aa=179.361
[ACTIVE] [RED] Evade Z=3199.92
[EVADE_DIAG] team=1 side=0.351425 turnSign=1 dist=568.14 trueAta=152.122 headingXAngle=44.036 aa=176.558
[EVADE_DIAG] team=1 side=-0.0942152 turnSign=1 dist=588.246 trueAta=169.43 headingXAngle=28.8742 aa=179.229
[EVADE_DIAG] team=1 side=-0.114431 turnSign=-1 dist=635.325 trueAta=166.037 headingXAngle=16.4234 aa=179.58
[ACTIVE] [RED] Evade Z=2918.27
[EVADE_DIAG] team=1 side=0.108778 turnSign=1 dist=668.554 trueAta=158.85 headingXAngle=14.6339 aa=179.888
[EVADE_DIAG] team=1 side=-0.0577124 turnSign=-1 dist=686.79 trueAta=159.593 headingXAngle=14.7779 aa=179.921
[EVADE_DIAG] team=1 side=-0.110556 turnSign=1 dist=695.232 trueAta=161.888 headingXAngle=26.1265 aa=175.971
[ACTIVE] [RED] LeadPredict dist=989.083 dV=21.9151 thr=0.717092 om=0.330468 lt=3
[ACTIVE] [RED] Evade Z=3102.23
[EVADE_DIAG] team=1 side=0.396118 turnSign=1 dist=374.206 trueAta=112.927 headingXAngle=57.9038 aa=169.707
[ACTIVE] [RED] LeadPredict dist=448.417 dV=-19.3429 thr=0.901231 om=1.47425 lt=1.54934
[EVADE_DIAG] team=1 side=0.110081 turnSign=1 dist=89.0313 trueAta=113.426 headingXAngle=68.7915 aa=179.81
[ACTIVE] [RED] LeadPredict dist=420.615 dV=12.3466 thr=0.851841 om=1.68537 lt=1.43896
[ACTIVE] [RED] LeadPredict dist=352.121 dV=-25.9278 thr=1 om=1.31082 lt=1.27084
[ACTIVE] [RED] LeadPredict dist=429.033 dV=11.6263 thr=0.824224 om=1.6902 lt=1.42366
[ACTIVE] [RED] LeadPredict dist=352.071 dV=-15.4846 thr=1 om=1.31139 lt=1.23891
[ACTIVE] [RED] LeadPredict dist=279.038 dV=11.0605 thr=0.747275 om=2.02475 lt=0.93054
[ACTIVE] [RED] LeadPredict dist=361.337 dV=-16.0505 thr=0.863142 om=1.19562 lt=1.2366
[ACTIVE] [RED] LeadPredict dist=302.516 dV=16.3592 thr=0.68369 om=1.27247 lt=0.936532
[EVADE_DIAG] team=1 side=0.248834 turnSign=1 dist=41.5739 trueAta=105.418 headingXAngle=52.2061 aa=168.333
[ACTIVE] [RED] LeadPredict dist=376.144 dV=-0.977448 thr=0.759945 om=0.70898 lt=1.18851
[DUTY] team=1 ticks=600 v27종말조준=0.333333% v21뱅크예측=64.3333% v17궤도조건=94.8333% v17슬롯적용=2.16667% 상승클램프=0% 강하클램프=33.5% v23b조건=58.8333% v23b실제적용=28.3333%
[ACTIVE] [RED] LeadPredict dist=244.007 dV=2.77798 thr=0.704411 om=0.643488 lt=0.740423
[ACTIVE] [RED] LeadPredict dist=123.34 dV=12.9639 thr=0.6551 om=1.28023 lt=0.373045
[ACTIVE] [RED] LeadPredict dist=1386.26 dV=35.2906 thr=0.704193 om=1.52698 lt=3
[ACTIVE] [RED] LeadPredict dist=519.499 dV=-24.8989 thr=1 om=1.30148 lt=1.81527
[ACTIVE] [RED] LeadPredict dist=461.633 dV=9.92868 thr=0.92 om=1.10592 lt=1.59359
[ACTIVE] [RED] LeadPredict dist=204.626 dV=-15.3303 thr=1 om=1.76972 lt=0.755489
[ACTIVE] [RED] LeadPredict dist=828.37 dV=-40.7437 thr=1 om=0.544024 lt=3
[ACTIVE] [RED] LeadPredict dist=723.139 dV=-0.720215 thr=1 om=1.48111 lt=1.83088
[ACTIVE] [RED] LeadPredict dist=702.527 dV=12.6552 thr=0.915061 om=1.46145 lt=0.930951
[ACTIVE] [RED] LeadPredict dist=639.105 dV=28.7057 thr=0.655531 om=1.63689 lt=2.05957
[DUTY] team=1 ticks=1200 v27종말조준=8.08333% v21뱅크예측=66.9167% v17궤도조건=97.1667% v17슬롯적용=31.8333% 상승클램프=0% 강하클램프=32.0833% v23b조건=54.0833% v23b실제적용=30.8333%
[ACTIVE] [RED] LeadPredict dist=828.203 dV=5.60739 thr=0.932711 om=1.71732 lt=0
[ACTIVE] [RED] LeadPredict dist=1059.94 dV=-5.29874 thr=1 om=2.05645 lt=3
[ACTIVE] [RED] LeadPredict dist=891.483 dV=9.62003 thr=0.968 om=1.53057 lt=2.90417
[ACTIVE] [RED] LeadPredict dist=957.416 dV=8.33392 thr=0.859862 om=0.534967 lt=3
[ACTIVE] [RED] LeadPredict dist=846.592 dV=2.77798 thr=0.966664 om=1.58687 lt=2.99047
[ACTIVE] [RED] LeadPredict dist=962.142 dV=14.8159 thr=0.96 om=1.32198 lt=3
[ACTIVE] [RED] LeadPredict dist=791.581 dV=2.05777 thr=0.975307 om=1.58595 lt=0
[ACTIVE] [RED] LeadPredict dist=733.711 dV=11.6778 thr=0.859866 om=1.58706 lt=0.792592
[ACTIVE] [RED] LeadPredict dist=926.91 dV=16.565 thr=0.863579 om=2.1047 lt=3
[ACTIVE] [RED] LeadPredict dist=799.08 dV=-8.5397 thr=1 om=0.0738316 lt=2.83552
[DUTY] team=1 ticks=1800 v27종말조준=7.55556% v21뱅크예측=77.5556% v17궤도조건=98.0556% v17슬롯적용=54.5% 상승클램프=0% 강하클램프=21.3889% v23b조건=49.5556% v23b실제적용=25.8333%
[ACTIVE] [RED] LeadPredict dist=729.427 dV=12.5009 thr=0.844558 om=1.48258 lt=2.4595
runner:local/env:0	num_steps=[11999] | total rewards=[268.4362] | termination= [max time out]
[seed 21] reward=   268.44 ownHP=0.9325 tgtHP=0.8385 max time out
Remove Space Complete.

[rehearsal own_rep=6 tgt_rep=6 seeds=1]
SUMMARY dealt=0.1615 taken=0.0675 mean_reward=268.44
tacview log saved (last episode)
STAMP v40 ACE seed21 2026_8_11_20_23_42


     JSBSim Flight Dynamics Model v1.0.0 May 27 2026 16:13:38
init ID:1 Lat37.92355643001773 Lon128.18188127777776 Alt(meter)7000.0785355893395 Speed(m/sec)300.0
init ID:1 Lat37.96855377446113 Lon128.18188127777776 Alt(meter)7002.8272734023885 Speed(m/sec)300.0
[match] seed 24 OBFM_RED round1 sep=610m alt=4585m spd=280m/s aoff=30deg
            [JSBSim-ML v2.0]

JSBSim startup beginning ...

total: 2
Behavior Tree Initialized Successfully
[EVADE_DIAG] team=1 side=-0.509326 turnSign=-1 dist=628.629 trueAta=126.152 headingXAngle=44.2671 aa=178.489
[EVADE_DIAG] team=1 side=-0.369581 turnSign=-1 dist=552.54 trueAta=132.276 headingXAngle=55.6716 aa=175.541
[ACTIVE] [RED] Evade Z=4211.63
[EVADE_DIAG] team=1 side=-0.0812025 turnSign=-1 dist=516.453 trueAta=145.351 headingXAngle=57.9752 aa=179.824
[ACTIVE] [RED] LeadPredict dist=708.007 dV=10.9061 thr=0.761476 om=0.942615 lt=2.23965
[EVADE_DIAG] team=1 side=-0.0207239 turnSign=1 dist=587.885 trueAta=139.588 headingXAngle=32.081 aa=178.197
[EVADE_DIAG] team=1 side=0.249936 turnSign=1 dist=540.608 trueAta=157.084 headingXAngle=31.9293 aa=177.469
[ACTIVE] [RED] Evade Z=2498.61
[EVADE_DIAG] team=1 side=-0.0785447 turnSign=1 dist=547.282 trueAta=175.117 headingXAngle=22.2248 aa=172.056
[ACTIVE] [RED] LeadPredict dist=916.967 dV=7.09927 thr=0.620017 om=0.766705 lt=2.62435
[ACTIVE] [RED] LeadPredict dist=493.596 dV=-33.1299 thr=1 om=1.22377 lt=1.73693
[ACTIVE] [RED] LeadPredict dist=981.127 dV=-41.9269 thr=1 om=1.46417 lt=3
[ACTIVE] [RED] LeadPredict dist=1008.65 dV=-23.9214 thr=1 om=1.40273 lt=3
[ACTIVE] [RED] LeadPredict dist=995.412 dV=-8.02527 thr=1 om=1.41869 lt=3
[ACTIVE] [RED] LeadPredict dist=788.419 dV=23.5614 thr=0.717264 om=1.50617 lt=2.42381
[ACTIVE] [RED] LeadPredict dist=829.878 dV=9.87726 thr=0.881473 om=1.42124 lt=2.87143
[ACTIVE] [RED] LeadPredict dist=776.914 dV=9.31134 thr=0.888264 om=1.65934 lt=2.77613
[ACTIVE] [RED] LeadPredict dist=1162.94 dV=-17.0794 thr=1 om=1.58971 lt=3
[DUTY] team=1 ticks=600 v27종말조준=6% v21뱅크예측=95% v17궤도조건=98% v17슬롯적용=77.8333% 상승클램프=0% 강하클램프=0% v23b조건=30.5% v23b실제적용=20.5%
[ACTIVE] [RED] LeadPredict dist=836.999 dV=20.9892 thr=0.74813 om=1.62782 lt=2.75811
[ACTIVE] [RED] LeadPredict dist=994.726 dV=4.06409 thr=1 om=1.61428 lt=3
[ACTIVE] [RED] LeadPredict dist=1094.33 dV=-0.925995 thr=1 om=1.72183 lt=3
[ACTIVE] [RED] LeadPredict dist=787.154 dV=16.5135 thr=0.801837 om=1.60338 lt=2.66246
[ACTIVE] [RED] LeadPredict dist=881.103 dV=-0.257233 thr=1 om=1.49611 lt=0
[ACTIVE] [RED] LeadPredict dist=860.209 dV=9.87723 thr=0.881473 om=1.55893 lt=2.92534
[ACTIVE] [RED] LeadPredict dist=917.391 dV=14.0442 thr=0.855914 om=1.44846 lt=3
[ACTIVE] [RED] LeadPredict dist=727.702 dV=-1.69766 thr=1 om=1.5803 lt=2.62537
[ACTIVE] [RED] LeadPredict dist=895.758 dV=6.84207 thr=0.984 om=1.20585 lt=3
[ACTIVE] [RED] LeadPredict dist=820.586 dV=-1.13177 thr=1 om=1.57564 lt=0
[DUTY] team=1 ticks=1200 v27종말조준=5.41667% v21뱅크예측=97% v17궤도조건=98.8333% v17슬롯적용=88.75% 상승클램프=0% 강하클램프=0% v23b조건=35.6667% v23b실제적용=19.0833%
[ACTIVE] [RED] LeadPredict dist=753.876 dV=10.1345 thr=0.878386 om=1.58355 lt=0.773354
[ACTIVE] [RED] LeadPredict dist=933.663 dV=14.9702 thr=0.904184 om=2.09492 lt=3
[ACTIVE] [RED] LeadPredict dist=768.659 dV=-5.40161 thr=1 om=0.559995 lt=2.74209
[ACTIVE] [RED] LeadPredict dist=778.389 dV=11.3691 thr=0.854396 om=1.36846 lt=2.64525
[ACTIVE] [RED] LeadPredict dist=837.437 dV=-0.565887 thr=1 om=1.50041 lt=0
[ACTIVE] [RED] LeadPredict dist=893.037 dV=12.7067 thr=0.841497 om=1.53343 lt=3
[ACTIVE] [RED] LeadPredict dist=728.167 dV=3.13809 thr=0.962343 om=1.57229 lt=2.5204
[ACTIVE] [RED] LeadPredict dist=628.495 dV=12.2437 thr=0.853076 om=1.57034 lt=1.40091
[ACTIVE] [RED] LeadPredict dist=873.786 dV=12.0379 thr=0.855545 om=1.51844 lt=3
[ACTIVE] [RED] LeadPredict dist=989.044 dV=-11.0605 thr=1 om=1.79722 lt=3
[DUTY] team=1 ticks=1800 v27종말조준=6.44444% v21뱅크예측=97.5556% v17궤도조건=99.1667% v17슬롯적용=92.4444% 상승클램프=0% 강하클램프=0% v23b조건=41.3889% v23b실제적용=22.2222%
[ACTIVE] [RED] LeadPredict dist=724.573 dV=-0.154327 thr=0.849586 om=1.77603 lt=2.45293
runner:local/env:0	num_steps=[11999] | total rewards=[499.2570] | termination= [max time out]
[seed 24] reward=   499.26 ownHP=1.0000 tgtHP=0.9314 max time out
Remove Space Complete.

[rehearsal own_rep=6 tgt_rep=6 seeds=1]
SUMMARY dealt=0.0686 taken=0.0000 mean_reward=499.26
tacview log saved (last episode)
STAMP v40 ACE seed24 2026_8_11_20_24_42


     JSBSim Flight Dynamics Model v1.0.0 May 27 2026 16:13:38
init ID:1 Lat37.92355643001773 Lon128.18188127777776 Alt(meter)7000.0785355893395 Speed(m/sec)300.0
init ID:1 Lat37.96855377446113 Lon128.18188127777776 Alt(meter)7002.8272734023885 Speed(m/sec)300.0
[match] seed 27 OBFM_RED round1 sep=610m alt=2472m spd=205m/s aoff=30deg
            [JSBSim-ML v2.0]

JSBSim startup beginning ...

total: 2
Behavior Tree Initialized Successfully
[ACTIVE] [RED] LeadPredict dist=560.573 dV=-15.0217 thr=1 om=0.35946 lt=2.8208
[EVADE_DIAG] team=1 side=-0.0435039 turnSign=1 dist=203.548 trueAta=133.788 headingXAngle=54.2884 aa=168.741
[ACTIVE] [RED] LeadPredict dist=440.669 dV=-9.4657 thr=1 om=1.00791 lt=2.44673
[ACTIVE] [RED] LeadPredict dist=304.531 dV=9.10559 thr=0.8 om=1.3958 lt=1.56481
[EVADE_DIAG] team=1 side=-0.0896511 turnSign=-1 dist=106.219 trueAta=132.376 headingXAngle=53.1641 aa=167.574
[ACTIVE] [RED] LeadPredict dist=115.321 dV=-22.018 thr=0.964216 om=1.30684 lt=0.616522
[ACTIVE] [RED] LeadPredict dist=86.2136 dV=-1.69766 thr=0.881978 om=0.663005 lt=0.416676
[ACTIVE] [RED] LeadPredict dist=157.943 dV=-4.16696 thr=0.930004 om=0.379651 lt=0.695086
[ACTIVE] [RED] LeadPredict dist=22.267 dV=-2.98376 thr=0.84383 om=0.876995 lt=0.0857789
[ACTIVE] [RED] LeadPredict dist=350.358 dV=-15.9991 thr=1 om=1.49525 lt=1.2192
[ACTIVE] [RED] LeadPredict dist=394.529 dV=-2.36642 thr=0.730429 om=1.28749 lt=1.21983
[ACTIVE] [RED] LeadPredict dist=865.558 dV=12.0379 thr=0.764537 om=1.07717 lt=2.74429
[DUTY] team=1 ticks=600 v27종말조준=0.5% v21뱅크예측=93.1667% v17궤도조건=97.6667% v17슬롯적용=21.5% 상승클램프=0% 강하클램프=15.6667% v23b조건=18.8333% v23b실제적용=18.8333%
[ACTIVE] [RED] LeadPredict dist=716.42 dV=-2.16064 thr=1 om=1.5348 lt=2.08778
[ACTIVE] [RED] LeadPredict dist=710.014 dV=-13.4783 thr=1 om=1.62229 lt=2.75698
[ACTIVE] [RED] LeadPredict dist=749.554 dV=-10.0316 thr=1 om=1.2209 lt=2.66513
[ACTIVE] [RED] LeadPredict dist=640.166 dV=20.3204 thr=0.756155 om=1.57855 lt=2.05481
[ACTIVE] [RED] LeadPredict dist=778.396 dV=22.0695 thr=0.735166 om=1.80853 lt=2.75559
[ACTIVE] [RED] LeadPredict dist=721.482 dV=16.1534 thr=0.806159 om=1.72332 lt=2.67645
[ACTIVE] [RED] LeadPredict dist=1281.19 dV=-29.9919 thr=1 om=0.81318 lt=3
[ACTIVE] [RED] LeadPredict dist=1139.92 dV=14.9702 thr=1 om=1.60109 lt=3
[ACTIVE] [RED] LeadPredict dist=792.672 dV=17.4395 thr=0.790726 om=0.819789 lt=2.76286
[ACTIVE] [RED] LeadPredict dist=709.31 dV=14.8673 thr=0.821592 om=1.67946 lt=2.48119
[DUTY] team=1 ticks=1200 v27종말조준=14.6667% v21뱅크예측=96.1667% v17궤도조건=98.75% v17슬롯적용=60.6667% 상승클램프=0% 강하클램프=7.83333% v23b조건=19.0833% v23b실제적용=12.1667%
[ACTIVE] [RED] LeadPredict dist=979.995 dV=13.9413 thr=0.863579 om=1.21939 lt=3
[ACTIVE] [RED] LeadPredict dist=996.59 dV=10.9061 thr=1 om=1.72088 lt=3
[ACTIVE] [RED] LeadPredict dist=784.963 dV=-3.54962 thr=1 om=1.61311 lt=2.85902
[ACTIVE] [RED] LeadPredict dist=990.083 dV=3.65253 thr=1 om=1.21642 lt=3
[ACTIVE] [RED] LeadPredict dist=785.009 dV=0.257233 thr=0.996913 om=1.57431 lt=0.882855
[ACTIVE] [RED] LeadPredict dist=671.187 dV=22.2752 thr=0.732697 om=1.60076 lt=2.18286
[ACTIVE] [RED] LeadPredict dist=885.852 dV=7.40793 thr=0.871231 om=1.10055 lt=3
[ACTIVE] [RED] LeadPredict dist=778.342 dV=-4.62994 thr=1 om=0.451542 lt=2.7564
[ACTIVE] [RED] LeadPredict dist=717.053 dV=16.8222 thr=0.798134 om=1.62233 lt=2.4161
[ACTIVE] [RED] LeadPredict dist=956.196 dV=2.72653 thr=1 om=1.57429 lt=3
[DUTY] team=1 ticks=1800 v27종말조준=12.3333% v21뱅크예측=97.1667% v17궤도조건=99.1111% v17슬롯적용=73.7222% 상승클램프=0% 강하클램프=5.22222% v23b조건=22.8333% v23b실제적용=10.9444%
[ACTIVE] [RED] LeadPredict dist=959.451 dV=-3.29242 thr=1 om=1.58859 lt=3
[ACTIVE] [RED] LeadPredict dist=819.618 dV=9.98013 thr=0.862267 om=0.310779 lt=2.803
[ACTIVE] [RED] LeadPredict dist=743.348 dV=-9.05417 thr=1 om=0.385135 lt=2.60026
runner:local/env:0	num_steps=[11999] | total rewards=[479.3370] | termination= [max time out]
[seed 27] reward=   479.34 ownHP=1.0000 tgtHP=0.9194 max time out
Remove Space Complete.

[rehearsal own_rep=6 tgt_rep=6 seeds=1]
SUMMARY dealt=0.0806 taken=0.0000 mean_reward=479.34
tacview log saved (last episode)
STAMP v40 ACE seed27 2026_8_11_20_25_39


     JSBSim Flight Dynamics Model v1.0.0 May 27 2026 16:13:38
init ID:1 Lat37.92355643001773 Lon128.18188127777776 Alt(meter)7000.0785355893395 Speed(m/sec)300.0
init ID:1 Lat37.96855377446113 Lon128.18188127777776 Alt(meter)7002.8272734023885 Speed(m/sec)300.0
[match] seed 30 OBFM_RED round1 sep=610m alt=2676m spd=228m/s aoff=30deg
            [JSBSim-ML v2.0]

JSBSim startup beginning ...

total: 2
Behavior Tree Initialized Successfully
[EVADE_DIAG] team=1 side=-0.210215 turnSign=-1 dist=367.534 trueAta=126.128 headingXAngle=50.9383 aa=176.304
[ACTIVE] [RED] LeadPredict dist=317.737 dV=-25.9278 thr=1 om=0.974985 lt=1.50094
[ACTIVE] [RED] LeadPredict dist=210.607 dV=-19.8574 thr=1 om=0.358724 lt=1.05813
[EVADE_DIAG] team=1 side=-0.204805 turnSign=-1 dist=152.257 trueAta=100.002 headingXAngle=63.6458 aa=166.088
[ACTIVE] [RED] Evade Z=3665.14
[EVADE_DIAG] team=1 side=-0.0475677 turnSign=1 dist=235.054 trueAta=111.383 headingXAngle=61.4808 aa=173.407
[ACTIVE] [RED] LeadPredict dist=195.588 dV=-10.0316 thr=0.911852 om=0.263619 lt=0.842634
[EVADE_DIAG] team=1 side=0.406814 turnSign=1 dist=121.891 trueAta=115.921 headingXAngle=71.896 aa=174.65
[ACTIVE] [RED] LeadPredict dist=116.77 dV=10.083 thr=0.890444 om=1.26089 lt=0.443762
[ACTIVE] [RED] LeadPredict dist=259.181 dV=-4.16696 thr=0.820508 om=1.89158 lt=0.857551
[ACTIVE] [RED] LeadPredict dist=429.362 dV=2.62366 thr=0.825318 om=1.38678 lt=1.42597
[ACTIVE] [RED] LeadPredict dist=432.089 dV=-27.1624 thr=1 om=1.61754 lt=1.71658
[ACTIVE] [RED] LeadPredict dist=946.797 dV=-26.4937 thr=1 om=1.67986 lt=3
[ACTIVE] [RED] LeadPredict dist=833.868 dV=-1.13176 thr=1 om=1.50194 lt=2.62528
[ACTIVE] [RED] LeadPredict dist=741.197 dV=3.08664 thr=0.96296 om=1.77196 lt=2.85587
[DUTY] team=1 ticks=600 v27종말조준=5.33333% v21뱅크예측=91.5% v17궤도조건=97.8333% v17슬롯적용=36.3333% 상승클램프=0% 강하클램프=9.16667% v23b조건=18% v23b실제적용=13.5%
[ACTIVE] [RED] LeadPredict dist=723.006 dV=17.7482 thr=0.824592 om=1.68087 lt=2.07568
[ACTIVE] [RED] LeadPredict dist=720.028 dV=25.3105 thr=0.696275 om=1.69872 lt=2.65485
[ACTIVE] [RED] LeadPredict dist=775.351 dV=8.28249 thr=0.907527 om=1.69246 lt=3
[ACTIVE] [RED] LeadPredict dist=1087.73 dV=-19.7545 thr=1 om=0.711733 lt=3
[ACTIVE] [RED] LeadPredict dist=1089.33 dV=2.00632 thr=1 om=1.63387 lt=3
[ACTIVE] [RED] LeadPredict dist=777.742 dV=9.98013 thr=0.880238 om=0.865331 lt=2.84605
[ACTIVE] [RED] LeadPredict dist=728.142 dV=15.639 thr=0.832592 om=1.76299 lt=2.63282
[ACTIVE] [RED] LeadPredict dist=988.217 dV=12.3466 thr=1 om=1.32287 lt=3
[ACTIVE] [RED] LeadPredict dist=835.401 dV=-0.565887 thr=1 om=1.76798 lt=3
[ACTIVE] [RED] LeadPredict dist=782.933 dV=4.99005 thr=0.940119 om=1.63305 lt=2.72451
[DUTY] team=1 ticks=1200 v27종말조준=8.91667% v21뱅크예측=95.25% v17궤도조건=98.9167% v17슬롯적용=68.1667% 상승클램프=0% 강하클램프=4.58333% v23b조건=9.16667% v23b실제적용=6.75%
[ACTIVE] [RED] LeadPredict dist=778.723 dV=17.4395 thr=0.790726 om=0.271414 lt=2.70116
[ACTIVE] [RED] LeadPredict dist=644.655 dV=1.44043 thr=0.982715 om=1.6745 lt=2.32663
[ACTIVE] [RED] LeadPredict dist=933.85 dV=4.83572 thr=1 om=1.23507 lt=3
[ACTIVE] [RED] LeadPredict dist=887.34 dV=-1.0289 thr=1 om=1.6314 lt=3
[ACTIVE] [RED] LeadPredict dist=874.403 dV=5.86459 thr=0.856801 om=1.59583 lt=2.97726
[ACTIVE] [RED] LeadPredict dist=814.144 dV=18.0054 thr=0.783935 om=0.3693 lt=2.78477
[ACTIVE] [RED] LeadPredict dist=651.151 dV=0.360107 thr=0.995679 om=1.64488 lt=2.30723
[ACTIVE] [RED] LeadPredict dist=946.476 dV=5.19586 thr=1 om=1.1761 lt=3
[ACTIVE] [RED] LeadPredict dist=920.411 dV=1.23465 thr=1 om=1.60345 lt=3
[ACTIVE] [RED] LeadPredict dist=1053.79 dV=-0.925995 thr=1 om=1.5464 lt=3
[DUTY] team=1 ticks=1800 v27종말조준=8.77778% v21뱅크예측=96.5% v17궤도조건=99.2778% v17슬롯적용=78.7778% 상승클램프=0% 강하클램프=3.05556% v23b조건=15.6667% v23b실제적용=8.44444%
[ACTIVE] [RED] LeadPredict dist=768.219 dV=9.77435 thr=0.832533 om=1.59345 lt=2.56583
[ACTIVE] [RED] LeadPredict dist=677.229 dV=1.64621 thr=0.980245 om=1.58043 lt=0
runner:local/env:0	num_steps=[11999] | total rewards=[470.8661] | termination= [max time out]
[seed 30] reward=   470.87 ownHP=0.9697 tgtHP=0.9186 max time out
Remove Space Complete.

[rehearsal own_rep=6 tgt_rep=6 seeds=1]
SUMMARY dealt=0.0814 taken=0.0303 mean_reward=470.87
tacview log saved (last episode)
STAMP v40 ACE seed30 2026_8_11_20_26_36


     JSBSim Flight Dynamics Model v1.0.0 May 27 2026 16:13:38
init ID:1 Lat37.92355643001773 Lon128.18188127777776 Alt(meter)7000.0785355893395 Speed(m/sec)300.0
init ID:1 Lat37.96855377446113 Lon128.18188127777776 Alt(meter)7002.8272734023885 Speed(m/sec)300.0
[match] seed 33 OBFM_RED round1 sep=610m alt=5743m spd=211m/s aoff=30deg
            [JSBSim-ML v2.0]

JSBSim startup beginning ...

total: 2
Behavior Tree Initialized Successfully
[EVADE_DIAG] team=1 side=-0.325594 turnSign=-1 dist=698.288 trueAta=136.769 headingXAngle=27.6493 aa=179.819
[EVADE_DIAG] team=1 side=-0.439353 turnSign=-1 dist=679.192 trueAta=130.538 headingXAngle=43.3933 aa=179.722
[ACTIVE] [RED] Evade Z=5594.01
[EVADE_DIAG] team=1 side=-0.302157 turnSign=-1 dist=641.118 trueAta=129.17 headingXAngle=53.9682 aa=176.877
[EVADE_DIAG] team=1 side=-0.184307 turnSign=-1 dist=606.924 trueAta=131.359 headingXAngle=62.1762 aa=179.318
[EVADE_DIAG] team=1 side=-0.0380907 turnSign=-1 dist=592.794 trueAta=136.415 headingXAngle=62.6859 aa=179.963
[ACTIVE] [RED] Evade Z=4316.89
[EVADE_DIAG] team=1 side=0.36647 turnSign=1 dist=714.452 trueAta=132.437 headingXAngle=30.8147 aa=172.74
[EVADE_DIAG] team=1 side=-0.199619 turnSign=-1 dist=672.753 trueAta=144.589 headingXAngle=31.387 aa=178.147
[EVADE_DIAG] team=1 side=0.286156 turnSign=1 dist=647.817 trueAta=156.722 headingXAngle=29.3684 aa=178.511
[ACTIVE] [RED] Evade Z=3539.89
[EVADE_DIAG] team=1 side=-0.154105 turnSign=-1 dist=650.419 trueAta=169.545 headingXAngle=21.952 aa=179.809
[EVADE_DIAG] team=1 side=0.0672561 turnSign=-1 dist=673.47 trueAta=176.032 headingXAngle=16.4273 aa=179.48
[EVADE_DIAG] team=1 side=-0.127759 turnSign=-1 dist=700.033 trueAta=171.261 headingXAngle=8.94632 aa=179.9
[ACTIVE] [RED] Evade Z=2670.27
[EVADE_DIAG] team=1 side=0.225321 turnSign=1 dist=716.668 trueAta=165.647 headingXAngle=0.657681 aa=179.823
[ACTIVE] [RED] ClimbOut Z=1690.06
[ACTIVE] [RED] LeadPredict dist=786.972 dV=11.8321 thr=0.96 om=0 lt=2.14674
[ACTIVE] [RED] LeadPredict dist=720.161 dV=-16.6678 thr=0.762787 om=0.446244 lt=2.28033
[ACTIVE] [RED] LeadPredict dist=832.945 dV=-48.8203 thr=1 om=0.574598 lt=3
[ACTIVE] [RED] LeadPredict dist=1317.12 dV=-50.055 thr=1 om=1.38265 lt=3
[ACTIVE] [RED] LeadPredict dist=1188.98 dV=-14.3014 thr=1 om=1.34436 lt=3
[ACTIVE] [RED] LeadPredict dist=1095.81 dV=17.0794 thr=1 om=1.40078 lt=3
[ACTIVE] [RED] LeadPredict dist=751.923 dV=39.1489 thr=0.55 om=1.6081 lt=2.30942
[ACTIVE] [RED] LeadPredict dist=800.739 dV=9.82581 thr=0.88209 om=1.62813 lt=0.392392
[ACTIVE] [RED] LeadPredict dist=1071.03 dV=-0.102905 thr=1 om=1.62856 lt=3
[ACTIVE] [RED] LeadPredict dist=746.649 dV=21.5036 thr=0.741957 om=0.994052 lt=2.47972
[DUTY] team=1 ticks=600 v27종말조준=4% v21뱅크예측=91.3333% v17궤도조건=96% v17슬롯적용=82.1667% 상승클램프=0% 강하클램프=0% v23b조건=37.3333% v23b실제적용=19.6667%
[ACTIVE] [RED] LeadPredict dist=769.181 dV=-0.20578 thr=1 om=1.19148 lt=2.69888
[ACTIVE] [RED] LeadPredict dist=837.269 dV=0.20575 thr=0.997531 om=1.48342 lt=1.05236
[ACTIVE] [RED] LeadPredict dist=975.945 dV=13.1182 thr=0.992332 om=1.66996 lt=3
[ACTIVE] [RED] LeadPredict dist=726.039 dV=-1.33755 thr=1 om=1.59311 lt=2.61307
[ACTIVE] [RED] LeadPredict dist=834.431 dV=10.0316 thr=0.944 om=1.31114 lt=2.8841
[ACTIVE] [RED] LeadPredict dist=824.445 dV=-2.05777 thr=1 om=1.5842 lt=0.820433
[ACTIVE] [RED] LeadPredict dist=781.928 dV=8.38535 thr=0.899376 om=1.58393 lt=1.31711
[ACTIVE] [RED] LeadPredict dist=917.036 dV=13.5812 thr=0.863939 om=1.72727 lt=3
[ACTIVE] [RED] LeadPredict dist=722.641 dV=-1.74911 thr=1 om=1.35926 lt=2.59892
[ACTIVE] [RED] LeadPredict dist=825.864 dV=9.62003 thr=0.86664 om=1.28624 lt=2.83433
[DUTY] team=1 ticks=1200 v27종말조준=6% v21뱅크예측=95% v17궤도조건=97.9167% v17슬롯적용=91% 상승클램프=0% 강하클램프=0% v23b조건=33.8333% v23b실제적용=16.5833%
[ACTIVE] [RED] LeadPredict dist=866.419 dV=-1.08032 thr=1 om=1.58574 lt=2.97995
[ACTIVE] [RED] LeadPredict dist=843.389 dV=8.33392 thr=0.853741 om=1.5811 lt=2.86464
[ACTIVE] [RED] LeadPredict dist=906.519 dV=14.3529 thr=0.827766 om=1.69647 lt=3
[ACTIVE] [RED] LeadPredict dist=725.149 dV=-2.46933 thr=1 om=1.12947 lt=2.58072
[ACTIVE] [RED] LeadPredict dist=821.688 dV=9.56857 thr=0.855708 om=1.26272 lt=2.79532
[ACTIVE] [RED] LeadPredict dist=824.134 dV=-0.102875 thr=1 om=1.55554 lt=0
[ACTIVE] [RED] LeadPredict dist=847.189 dV=11.8836 thr=0.83931 om=1.51166 lt=2.84473
[ACTIVE] [RED] LeadPredict dist=930.149 dV=5.29874 thr=0.901669 om=1.74959 lt=3
[ACTIVE] [RED] LeadPredict dist=870.471 dV=-5.65884 thr=1 om=1.59658 lt=3
[ACTIVE] [RED] LeadPredict dist=759.719 dV=19.5487 thr=0.765416 om=0.364821 lt=2.55987
[DUTY] team=1 ticks=1800 v27종말조준=7% v21뱅크예측=96.3333% v17궤도조건=98.6111% v17슬롯적용=94% 상승클램프=0% 강하클램프=0% v23b조건=37.7222% v23b실제적용=19.1111%
runner:local/env:0	num_steps=[11999] | total rewards=[428.0007] | termination= [max time out]
[seed 33] reward=   428.00 ownHP=1.0000 tgtHP=0.9424 max time out
Remove Space Complete.

[rehearsal own_rep=6 tgt_rep=6 seeds=1]
SUMMARY dealt=0.0576 taken=0.0000 mean_reward=428.00
tacview log saved (last episode)
STAMP v40 ACE seed33 2026_8_11_20_27_31


     JSBSim Flight Dynamics Model v1.0.0 May 27 2026 16:13:38
init ID:1 Lat37.92355643001773 Lon128.18188127777776 Alt(meter)7000.0785355893395 Speed(m/sec)300.0
init ID:1 Lat37.96855377446113 Lon128.18188127777776 Alt(meter)7002.8272734023885 Speed(m/sec)300.0
[match] seed 36 OBFM_RED round1 sep=610m alt=1017m spd=299m/s aoff=30deg
            [JSBSim-ML v2.0]

JSBSim startup beginning ...

total: 2
Behavior Tree Initialized Successfully
[ACTIVE] [RED] LeadPredict dist=666.316 dV=-14.3529 thr=1 om=0.49721 lt=2.4985
[ACTIVE] [RED] LeadPredict dist=440.815 dV=-26.2879 thr=1 om=0.372646 lt=2.06627
[ACTIVE] [RED] LeadPredict dist=599.151 dV=1.49188 thr=0.982097 om=1.52999 lt=2.91823
[ACTIVE] [RED] LeadPredict dist=832.317 dV=-9.05415 thr=1 om=1.59985 lt=3
[ACTIVE] [RED] LeadPredict dist=968.711 dV=-11.5749 thr=1 om=0.618224 lt=3
[ACTIVE] [RED] LeadPredict dist=809.57 dV=35.805 thr=0.888 om=1.60829 lt=2.14642
[ACTIVE] [RED] LeadPredict dist=636.25 dV=30.2491 thr=0.637011 om=1.52116 lt=2.51634
[ACTIVE] [RED] LeadPredict dist=635.549 dV=12.861 thr=0.878588 om=1.6351 lt=2.64714
[ACTIVE] [RED] LeadPredict dist=1002.32 dV=-4.42418 thr=1 om=1.04539 lt=3
[ACTIVE] [RED] LeadPredict dist=760.008 dV=28.963 thr=0.808 om=1.62973 lt=2.814
[DUTY] team=1 ticks=600 v27종말조준=8.83333% v21뱅크예측=95.1667% v17궤도조건=98% v17슬롯적용=89.6667% 상승클램프=0% 강하클램프=0% v23b조건=4.33333% v23b실제적용=4.33333%
[ACTIVE] [RED] LeadPredict dist=1101.92 dV=4.62996 thr=1 om=1.37668 lt=3
[ACTIVE] [RED] LeadPredict dist=791.143 dV=9.36281 thr=0.888 om=1.52334 lt=3
[ACTIVE] [RED] LeadPredict dist=743.316 dV=9.05415 thr=0.952 om=1.71586 lt=2.59139
[ACTIVE] [RED] LeadPredict dist=665.671 dV=16.2563 thr=0.804924 om=1.62786 lt=2.59938
[ACTIVE] [RED] LeadPredict dist=654.696 dV=16.1534 thr=0.867061 om=1.69951 lt=2.51261
[ACTIVE] [RED] LeadPredict dist=952.401 dV=2.41788 thr=1 om=1.50609 lt=3
[ACTIVE] [RED] LeadPredict dist=738.327 dV=-1.69766 thr=1 om=1.11712 lt=2.85046
[ACTIVE] [RED] LeadPredict dist=741.509 dV=2.77795 thr=0.966665 om=1.81774 lt=2.73457
[ACTIVE] [RED] LeadPredict dist=591.257 dV=16.8222 thr=0.798134 om=1.85937 lt=2.13114
[ACTIVE] [RED] LeadPredict dist=829.035 dV=3.80685 thr=0.954318 om=1.27946 lt=0
[DUTY] team=1 ticks=1200 v27종말조준=9.83333% v21뱅크예측=97.0833% v17궤도조건=98.9167% v17슬롯적용=94.75% 상승클램프=0% 강하클램프=0% v23b조건=2.16667% v23b실제적용=2.16667%
[ACTIVE] [RED] LeadPredict dist=1095.73 dV=-11.1633 thr=1 om=1.79669 lt=3
[ACTIVE] [RED] LeadPredict dist=704.348 dV=-2.00632 thr=1 om=2.02587 lt=2.6234
[ACTIVE] [RED] LeadPredict dist=726.232 dV=5.19586 thr=0.93765 om=1.70456 lt=2.2973
[ACTIVE] [RED] LeadPredict dist=874.863 dV=20.4233 thr=0.754921 om=1.23893 lt=3
[ACTIVE] [RED] LeadPredict dist=665.469 dV=3.4982 thr=0.958022 om=1.62729 lt=2.36833
[ACTIVE] [RED] LeadPredict dist=884.495 dV=6.79062 thr=0.976 om=1.22011 lt=3
[ACTIVE] [RED] LeadPredict dist=918.384 dV=0.977448 thr=1 om=1.61406 lt=3
[ACTIVE] [RED] LeadPredict dist=943.722 dV=-4.9386 thr=1 om=1.59518 lt=3
[ACTIVE] [RED] LeadPredict dist=769.975 dV=18.1597 thr=0.782083 om=0.86987 lt=2.62952
[ACTIVE] [RED] LeadPredict dist=720.467 dV=0.20575 thr=0.997531 om=1.44775 lt=2.56453
[DUTY] team=1 ticks=1800 v27종말조준=10.2778% v21뱅크예측=97.6111% v17궤도조건=99.2222% v17슬롯적용=96.4444% 상승클램프=0% 강하클램프=0% v23b조건=8.33333% v23b실제적용=2%
[ACTIVE] [RED] LeadPredict dist=1106.23 dV=1.59476 thr=1 om=1.64771 lt=3
[ACTIVE] [RED] LeadPredict dist=832.618 dV=1.2861 thr=0.984567 om=1.81001 lt=2.8912
[ACTIVE] [RED] LeadPredict dist=804.285 dV=4.21841 thr=0.84106 om=1.77885 lt=2.70441
runner:local/env:0	num_steps=[11999] | total rewards=[577.7759] | termination= [max time out]
[seed 36] reward=   577.78 ownHP=1.0000 tgtHP=0.9340 max time out
Remove Space Complete.

[rehearsal own_rep=6 tgt_rep=6 seeds=1]
SUMMARY dealt=0.0660 taken=0.0000 mean_reward=577.78
tacview log saved (last episode)
STAMP v40 ACE seed36 2026_8_11_20_28_29
