########## v29 vs AIP_shrink.dll ##########


     JSBSim Flight Dynamics Model v1.0.0 May 27 2026 16:13:38
            [JSBSim-ML v2.0]

JSBSim startup beginning ...

total: 2
Behavior Tree Initialized Successfully
Behavior Tree Initialized Successfully
[PURE_ATA] team=2 ata=5.80254 dist=4060.98 leadDist=0 aa=10.2885
[PURE_ATA] team=2 ata=5.80977 dist=4060.5 leadDist=0 aa=10.4105
[PURE_ATA] team=2 ata=5.68967 dist=4060.04 leadDist=0 aa=10.8118
[PURE_ATA] team=2 ata=5.58536 dist=4059.6 leadDist=0 aa=11.2441
[PURE_ATA] team=2 ata=5.46766 dist=4059.59 leadDist=0 aa=11.534
[PURE_ATA] team=2 ata=5.31628 dist=4058.91 leadDist=0 aa=11.5091
[PURE_ATA] team=2 ata=5.05762 dist=4058.52 leadDist=0 aa=11.0876
[PURE_ATA] team=2 ata=4.69523 dist=4058.15 leadDist=0 aa=10.1587
[PURE_ATA] team=2 ata=4.25204 dist=4058.21 leadDist=0 aa=8.56899
[PURE_ATA] team=2 ata=3.76614 dist=4058.03 leadDist=0 aa=6.39508
[PURE_ATA] team=2 ata=3.20625 dist=4057.13 leadDist=0 aa=4.329
[PURE_ATA] team=2 ata=2.66762 dist=4056.99 leadDist=0 aa=2.75633
[PURE_ATA] team=2 ata=2.13803 dist=4056.29 leadDist=0 aa=1.60941
[PURE_ATA] team=2 ata=1.64318 dist=4055.61 leadDist=0 aa=0.51889
[PURE_ATA] team=2 ata=1.20078 dist=4054.53 leadDist=0 aa=1.15835
[PURE_ATA] team=2 ata=0.869704 dist=4053.81 leadDist=0 aa=2.94338
[PURE_ATA] team=2 ata=0.677124 dist=4052.77 leadDist=0 aa=4.53043
[PURE_ATA] team=2 ata=0.807436 dist=4051.69 leadDist=0 aa=6.13076
[PURE_ATA] team=2 ata=1.11585 dist=4050.03 leadDist=0 aa=7.96489
[PURE_ATA] team=2 ata=1.44234 dist=4048.4 leadDist=0 aa=9.46595
[PURE_ATA] team=2 ata=1.68406 dist=4046.77 leadDist=0 aa=10.4377
[PURE_ATA] team=2 ata=1.76423 dist=4044.78 leadDist=0 aa=11.0457
[PURE_ATA] team=2 ata=1.79218 dist=4043.01 leadDist=0 aa=11.4066
[PURE_ATA] team=2 ata=1.77273 dist=4040.86 leadDist=0 aa=11.652
[PURE_ATA] team=2 ata=1.71803 dist=4038.54 leadDist=0 aa=11.8175
[PURE_ATA] team=2 ata=1.58246 dist=4036.05 leadDist=0 aa=11.9336
[PURE_ATA] team=2 ata=1.39246 dist=4033.6 leadDist=0 aa=11.9487
[PURE_ATA] team=2 ata=1.1999 dist=4030.57 leadDist=0 aa=11.8065
[PURE_ATA] team=2 ata=0.983171 dist=4027.37 leadDist=0 aa=11.5265
[SelectTarget] team=1 EnemyN=1 TgtZ=6993.48
[DIST] team=1 EnemyN=1 MyZ=6961.89 TgtZ=6993.48 Dist=4019.8
[ROOT] team=1 status=2 Z=6961.89 VP=(4238.42,451.193,6441.07)
[SelectTarget] team=2 EnemyN=1 TgtZ=6960.64
[DIST] team=2 EnemyN=1 MyZ=6993.48 TgtZ=6960.64 Dist=4024.44
[PURE_ATA] team=2 ata=0.808941 dist=4024.44 leadDist=0 aa=11.1441
[ROOT] team=2 status=2 Z=6993.48 VP=(1140.24,730.23,6960.64)
[PURE_ATA] team=2 ata=0.646906 dist=4021.33 leadDist=0 aa=10.7181
[PURE_ATA] team=2 ata=0.615727 dist=4018.08 leadDist=0 aa=10.1969
[PURE_ATA] team=2 ata=0.715464 dist=4013.83 leadDist=0 aa=9.68669
[PURE_ATA] team=2 ata=0.845823 dist=4010.28 leadDist=0 aa=9.26613
[PURE_ATA] team=2 ata=0.860081 dist=4006.55 leadDist=0 aa=9.03486
[PURE_ATA] team=2 ata=0.814424 dist=4001.89 leadDist=0 aa=8.95917
[SelectTarget] team=1 EnemyN=1 TgtZ=6929.54
[DIST] team=1 EnemyN=1 MyZ=6562.29 TgtZ=6929.54 Dist=3832.78
[ROOT] team=1 status=2 Z=6562.29 VP=(3241.51,190.961,6285.65)
[SelectTarget] team=2 EnemyN=1 TgtZ=6559.15
[DIST] team=2 EnemyN=1 MyZ=6929.54 TgtZ=6559.15 Dist=3837.03
[ROOT] team=2 status=2 Z=6929.54 VP=(3383.34,-1078.55,6579.54)
[SelectTarget] team=1 EnemyN=1 TgtZ=6756.48
[DIST] team=1 EnemyN=1 MyZ=5843.22 TgtZ=6756.48 Dist=3619.7
[ROOT] team=1 status=2 Z=5843.22 VP=(2550.87,-216.442,5940.96)
[SelectTarget] team=2 EnemyN=1 TgtZ=5838.43
[DIST] team=2 EnemyN=1 MyZ=6756.48 TgtZ=5838.43 Dist=3622.57
[ROOT] team=2 status=2 Z=6756.48 VP=(2183.6,-961.897,6406.48)
[SelectTarget] team=1 EnemyN=1 TgtZ=6492.95
[DIST] team=1 EnemyN=1 MyZ=4895.46 TgtZ=6492.95 Dist=3679.99
[ROOT] team=1 status=2 Z=4895.46 VP=(1790.66,-787.157,5694.69)
[SelectTarget] team=2 EnemyN=1 TgtZ=4889.94
[DIST] team=2 EnemyN=1 MyZ=6492.95 TgtZ=4889.94 Dist=3681.42
[ROOT] team=2 status=2 Z=6492.95 VP=(1100.57,-974.446,6142.95)
[SelectTarget] team=1 EnemyN=1 TgtZ=6217.29
[DIST] team=1 EnemyN=1 MyZ=3959.33 TgtZ=6217.29 Dist=3619.52
[ROOT] team=1 status=2 Z=3959.33 VP=(811.886,-699.997,5401.02)
[SelectTarget] team=2 EnemyN=1 TgtZ=3954.77
[DIST] team=2 EnemyN=1 MyZ=6217.29 TgtZ=3954.77 Dist=3619.73
[ROOT] team=2 status=2 Z=6217.29 VP=(112.596,-691.569,5867.29)
[SYNCCIRCLE] R=1338.8 dist=3570.23 shrink=0.28 thr=0.551049
[SelectTarget] team=1 EnemyN=1 TgtZ=5924.1
[DIST] team=1 EnemyN=1 MyZ=3348.5 TgtZ=5924.1 Dist=3278.2
[ROOT] team=1 status=2 Z=3348.5 VP=(11.8455,-256.879,4987.6)
[SelectTarget] team=2 EnemyN=1 TgtZ=3346.46
[DIST] team=2 EnemyN=1 MyZ=5924.1 TgtZ=3346.46 Dist=3277
[ROOT] team=2 status=2 Z=5924.1 VP=(-535.481,218.091,5574.1)
[SelectTarget] team=1 EnemyN=1 TgtZ=5600.44
[DIST] team=1 EnemyN=1 MyZ=3223.23 TgtZ=5600.44 Dist=2857.7
[ROOT] team=1 status=2 Z=3223.23 VP=(-475.124,436.688,4652.08)
[SelectTarget] team=2 EnemyN=1 TgtZ=3223.76
[DIST] team=2 EnemyN=1 MyZ=5600.44 TgtZ=3223.76 Dist=2855.93
[ROOT] team=2 status=2 Z=5600.44 VP=(3.74112,1351.48,5250.44)
[SelectTarget] team=1 EnemyN=1 TgtZ=5202.31
[DIST] team=1 EnemyN=1 MyZ=3470.58 TgtZ=5202.31 Dist=2662.7
[ROOT] team=1 status=2 Z=3470.58 VP=(-523.924,1239.83,4243.72)
[SelectTarget] team=2 EnemyN=1 TgtZ=3472.56
[DIST] team=2 EnemyN=1 MyZ=5202.31 TgtZ=3472.56 Dist=2661.23
[ROOT] team=2 status=2 Z=5202.31 VP=(804.479,1454.24,4852.31)
[SelectTarget] team=1 EnemyN=1 TgtZ=4704.07
[DIST] team=1 EnemyN=1 MyZ=3846.41 TgtZ=4704.07 Dist=2806.83
[ROOT] team=1 status=2 Z=3846.41 VP=(-84.4997,1884.4,3679.9)
[SelectTarget] team=2 EnemyN=1 TgtZ=3848.35
[DIST] team=2 EnemyN=1 MyZ=4704.07 TgtZ=3848.35 Dist=2806.29
[ROOT] team=2 status=2 Z=4704.07 VP=(1139.32,1407.29,4354.07)
[SYNCCIRCLE] R=1392.71 dist=2866.87 shrink=0.28 thr=0.537879
[SelectTarget] team=1 EnemyN=1 TgtZ=4133.98
[DIST] team=1 EnemyN=1 MyZ=4105.29 TgtZ=4133.98 Dist=3160.83
[ROOT] team=1 status=2 Z=4105.29 VP=(723.387,2033.22,3455.29)
[SelectTarget] team=2 EnemyN=1 TgtZ=4106.11
[DIST] team=2 EnemyN=1 MyZ=4133.98 TgtZ=4106.11 Dist=3159.49
[ROOT] team=2 status=2 Z=4133.98 VP=(1475,1264.59,4106.11)
[SelectTarget] team=1 EnemyN=1 TgtZ=3621.33
[DIST] team=1 EnemyN=1 MyZ=4137.79 TgtZ=3621.33 Dist=3518.7
[ROOT] team=1 status=2 Z=4137.79 VP=(1657.61,1651,3487.79)
[SelectTarget] team=2 EnemyN=1 TgtZ=4137.33
[DIST] team=2 EnemyN=1 MyZ=3621.33 TgtZ=4137.33 Dist=3517.63
[ROOT] team=2 status=2 Z=3621.33 VP=(1797.56,859.384,3971.33)
[SelectTarget] team=1 EnemyN=1 TgtZ=3307.49
[DIST] team=1 EnemyN=1 MyZ=3950.7 TgtZ=3307.49 Dist=3746.01
[ROOT] team=1 status=2 Z=3950.7 VP=(2244.86,919.237,3300.7)
[SelectTarget] team=2 EnemyN=1 TgtZ=3949.09
[DIST] team=2 EnemyN=1 MyZ=3307.49 TgtZ=3949.09 Dist=3743.84
[ROOT] team=2 status=2 Z=3307.49 VP=(1955.77,237.52,3657.49)
[SelectTarget] team=1 EnemyN=1 TgtZ=3169.77
[DIST] team=1 EnemyN=1 MyZ=3577.68 TgtZ=3169.77 Dist=3736.77
[ROOT] team=1 status=2 Z=3577.68 VP=(2271.3,-39.6583,2927.68)
[SelectTarget] team=2 EnemyN=1 TgtZ=3575.18
[DIST] team=2 EnemyN=1 MyZ=3169.77 TgtZ=3575.18 Dist=3733.93
[ROOT] team=2 status=2 Z=3169.77 VP=(1777.95,-469.342,3519.77)
[SYNCCIRCLE] R=1842.23 dist=3698.63 shrink=0.28 thr=0.630067
[SelectTarget] team=1 EnemyN=1 TgtZ=3146.5
[DIST] team=1 EnemyN=1 MyZ=3078.91 TgtZ=3146.5 Dist=3439.69
[ROOT] team=1 status=2 Z=3078.91 VP=(1865.34,-825.352,2552)
[SelectTarget] team=2 EnemyN=1 TgtZ=3075.96
[DIST] team=2 EnemyN=1 MyZ=3146.5 TgtZ=3075.96 Dist=3436.06
[ROOT] team=2 status=2 Z=3146.5 VP=(1182.67,-1026.52,3075.96)
[SelectTarget] team=1 EnemyN=1 TgtZ=3018.38
[DIST] team=1 EnemyN=1 MyZ=2564.81 TgtZ=3018.38 Dist=2808.96
[ROOT] team=1 status=2 Z=2564.81 VP=(1002.24,-935.472,2216.58)
[SelectTarget] team=2 EnemyN=1 TgtZ=2562.19
[DIST] team=2 EnemyN=1 MyZ=3018.38 TgtZ=2562.19 Dist=2804.64
[ROOT] team=2 status=2 Z=3018.38 VP=(270.21,-1134.36,2668.38)
[SelectTarget] team=1 EnemyN=1 TgtZ=2763.93
[DIST] team=1 EnemyN=1 MyZ=2212.83 TgtZ=2763.93 Dist=1888.24
[ROOT] team=1 status=2 Z=2212.83 VP=(991.595,-854.257,2798.82)
[SelectTarget] team=2 EnemyN=1 TgtZ=2212.16
[DIST] team=2 EnemyN=1 MyZ=2763.93 TgtZ=2212.16 Dist=1883.3
[ROOT] team=2 status=2 Z=2763.93 VP=(-594.445,-468.093,2413.93)
[SelectTarget] team=1 EnemyN=1 TgtZ=2479.24
[DIST] team=1 EnemyN=1 MyZ=2259.56 TgtZ=2479.24 Dist=1179.96
[ROOT] team=1 status=2 Z=2259.56 VP=(167.027,-582.304,2513.02)
[SelectTarget] team=2 EnemyN=1 TgtZ=2260.36
[DIST] team=2 EnemyN=1 MyZ=2479.24 TgtZ=2260.36 Dist=1177.26
[ROOT] team=2 status=2 Z=2479.24 VP=(-156.561,974.127,2260.36)
[SYNCCIRCLE] R=578.316 dist=1163.7 shrink=0.28 thr=0.66793
[SelectTarget] team=1 EnemyN=1 TgtZ=2179.86
[DIST] team=1 EnemyN=1 MyZ=2387.78 TgtZ=2179.86 Dist=1602.54
[ROOT] team=1 status=2 Z=2387.78 VP=(-247.95,158.963,2215.09)
[SelectTarget] team=2 EnemyN=1 TgtZ=2388.16
[DIST] team=2 EnemyN=1 MyZ=2179.86 TgtZ=2388.16 Dist=1603.41
[ROOT] team=2 status=2 Z=2179.86 VP=(-153.948,1776.31,6950.2)
[SelectTarget] team=1 EnemyN=1 TgtZ=2009.81
[DIST] team=1 EnemyN=1 MyZ=2343.12 TgtZ=2009.81 Dist=2576.08
[ROOT] team=1 status=2 Z=2343.12 VP=(492.877,1867.61,1693.12)
[SelectTarget] team=2 EnemyN=1 TgtZ=2342.14
[DIST] team=2 EnemyN=1 MyZ=2009.81 TgtZ=2342.14 Dist=2577.14
[ROOT] team=2 status=2 Z=2009.81 VP=(1342.33,816.345,2342.14)
[SelectTarget] team=1 EnemyN=1 TgtZ=1934.09
[DIST] team=1 EnemyN=1 MyZ=2096.29 TgtZ=1934.09 Dist=3435.95
[ROOT] team=1 status=2 Z=2096.29 VP=(1449.96,1924.2,1500)
[SelectTarget] team=2 EnemyN=1 TgtZ=2095.3
[DIST] team=2 EnemyN=1 MyZ=1934.09 TgtZ=2095.3 Dist=3437.15
[ROOT] team=2 status=2 Z=1934.09 VP=(1681.13,764.022,2095.3)
[PURE_ATA] team=2 ata=124.016 dist=4015.84 leadDist=1528.66 aa=63.7763
[PURE_ATA] team=2 ata=123.903 dist=4043.41 leadDist=1531.56 aa=58.0387
[PURE_ATA] team=2 ata=123.746 dist=4069.58 leadDist=1534.34 aa=54.2161
[PURE_ATA] team=2 ata=123.673 dist=4096.85 leadDist=1537.02 aa=46.8833
[PURE_ATA] team=2 ata=123.43 dist=4123.36 leadDist=1539.65 aa=33.2119
[PURE_ATA] team=2 ata=123.006 dist=4149.43 leadDist=1542.28 aa=19.026
[PURE_ATA] team=2 ata=122.526 dist=4175.39 leadDist=1544.96 aa=6.28367
[PURE_ATA] team=2 ata=121.966 dist=4201.48 leadDist=1547.7 aa=5.90669
[SelectTarget] team=1 EnemyN=1 TgtZ=1864.82
[DIST] team=1 EnemyN=1 MyZ=1949.95 TgtZ=1864.82 Dist=4224.69
[ROOT] team=1 status=2 Z=1949.95 VP=(2265.77,1099.1,1517.52)
[SelectTarget] team=2 EnemyN=1 TgtZ=1949.48
[DIST] team=2 EnemyN=1 MyZ=1864.82 TgtZ=1949.48 Dist=4226.31
[PURE_ATA] team=2 ata=121.384 dist=4226.31 leadDist=1550.52 aa=18.0101
[ROOT] team=2 status=2 Z=1864.82 VP=(-1840.61,-858.426,3500)
[PURE_ATA] team=2 ata=120.738 dist=4250.11 leadDist=1553.45 aa=29.9086
[PURE_ATA] team=2 ata=120.074 dist=4275.16 leadDist=1556.49 aa=41.08
[PURE_ATA] team=2 ata=119.468 dist=4298.23 leadDist=1559.66 aa=50.6937
[PURE_ATA] team=2 ata=118.853 dist=4321.06 leadDist=1562.97 aa=59.1872
[PURE_ATA] team=2 ata=118.227 dist=4344.33 leadDist=1566.44 aa=66.6815
[PURE_ATA] team=2 ata=117.622 dist=4365.05 leadDist=1570.07 aa=56.1042
[PURE_ATA] team=2 ata=116.972 dist=4387.7 leadDist=1573.81 aa=20.2234
[PURE_ATA] team=2 ata=116.34 dist=4408.94 leadDist=1577.63 aa=59.5308
[PURE_ATA] team=2 ata=115.661 dist=4430.98 leadDist=1581.5 aa=70.7849
[PURE_ATA] team=2 ata=114.98 dist=4453.11 leadDist=1585.41 aa=76.2347
[PURE_ATA] team=2 ata=114.299 dist=4474.62 leadDist=1589.25 aa=78.776
[PURE_ATA] team=2 ata=113.607 dist=4496.56 leadDist=1592.87 aa=79.9469
[PURE_ATA] team=2 ata=112.921 dist=4518.27 leadDist=1596.1 aa=79.8726
[PURE_ATA] team=2 ata=112.226 dist=4540.41 leadDist=1598.87 aa=78.7644
[PURE_ATA] team=2 ata=111.54 dist=4561.95 leadDist=1601.15 aa=76.9661
[PURE_ATA] team=2 ata=110.868 dist=4582.93 leadDist=1603.04 aa=73.9462
[PURE_ATA] team=2 ata=110.186 dist=4603.93 leadDist=1604.64 aa=70.1682
[PURE_ATA] team=2 ata=109.52 dist=4623.44 leadDist=1606.03 aa=67.337
[PURE_ATA] team=2 ata=108.828 dist=4643.92 leadDist=1607.25 aa=65.6282
[PURE_ATA] team=2 ata=108.138 dist=4663.86 leadDist=1608.34 aa=64.354
[PURE_ATA] team=2 ata=107.461 dist=4681.98 leadDist=1609.31 aa=59.331
[PURE_ATA] team=2 ata=106.759 dist=4700.64 leadDist=1610.2 aa=47.1814
[PURE_ATA] team=2 ata=106.056 dist=4718.01 leadDist=1611.08 aa=29.9506
[PURE_ATA] team=2 ata=105.372 dist=4734.43 leadDist=1611.96 aa=6.65143
[PURE_ATA] team=2 ata=104.659 dist=4750.54 leadDist=1612.88 aa=25.8178
[PURE_ATA] team=2 ata=103.967 dist=4765.75 leadDist=1613.85 aa=58.1292
[PURE_ATA] team=2 ata=103.249 dist=4781 leadDist=1614.88 aa=80.0188
[PURE_ATA] team=2 ata=102.532 dist=4795.01 leadDist=1615.98 aa=92.9098
[PURE_ATA] team=2 ata=101.835 dist=4807.82 leadDist=1617.17 aa=100.662
[SelectTarget] team=1 EnemyN=1 TgtZ=2021.3
[DIST] team=1 EnemyN=1 MyZ=1881.76 TgtZ=2021.3 Dist=4820.06
[ROOT] team=1 status=2 Z=1881.76 VP=(2551.47,286.594,1764.07)
[SelectTarget] team=2 EnemyN=1 TgtZ=1881.54
[DIST] team=2 EnemyN=1 MyZ=2021.3 TgtZ=1881.54 Dist=4820.99
[PURE_ATA] team=2 ata=101.1 dist=4820.99 leadDist=1618.46 aa=106.305
[ROOT] team=2 status=2 Z=2021.3 VP=(-2437.72,-46.6553,3500)
[PURE_ATA] team=2 ata=100.383 dist=4832.99 leadDist=1619.85 aa=110.224
[PURE_ATA] team=2 ata=99.6866 dist=4843.5 leadDist=1621.36 aa=113.159
[PURE_ATA] team=2 ata=98.9522 dist=4854.27 leadDist=1623 aa=115.902
[PURE_ATA] team=2 ata=98.2229 dist=4863.89 leadDist=1624.77 aa=118.319
[PURE_ATA] team=2 ata=97.502 dist=4873.19 leadDist=1626.69 aa=120.52
[PURE_ATA] team=2 ata=96.7571 dist=4881.12 leadDist=1628.74 aa=122.748
[PURE_ATA] team=2 ata=96.0203 dist=4888.74 leadDist=1630.95 aa=129.058
[PURE_ATA] team=2 ata=95.2932 dist=4896.52 leadDist=1633.25 aa=144.164
[PURE_ATA] team=2 ata=94.5581 dist=4903.04 leadDist=1635.61 aa=93.5718
[PURE_ATA] team=2 ata=93.807 dist=4910.59 leadDist=1638.02 aa=89.7075
[PURE_ATA] team=2 ata=93.0802 dist=4917.3 leadDist=1640.43 aa=89.4414
[PURE_ATA] team=2 ata=92.3498 dist=4924.01 leadDist=1642.71 aa=89.6493
[PURE_ATA] team=2 ata=91.6005 dist=4930.84 leadDist=1644.7 aa=89.7183
[PURE_ATA] team=2 ata=90.844 dist=4937.18 leadDist=1646.24 aa=89.4165
[PURE_ATA] team=2 ata=90.111 dist=4942.78 leadDist=1647.26 aa=89.1889
[PURE_ATA] team=2 ata=89.3576 dist=4948.46 leadDist=1647.83 aa=89.5884
[PURE_ATA] team=2 ata=88.5987 dist=4953.66 leadDist=1648.08 aa=91.4683
[PURE_ATA] team=2 ata=87.8356 dist=4958.38 leadDist=1648.07 aa=95.5713
[PURE_ATA] team=2 ata=87.083 dist=4962.14 leadDist=1647.83 aa=100.75
[PURE_ATA] team=2 ata=86.3116 dist=4965.05 leadDist=1647.38 aa=109.829
[PURE_ATA] team=2 ata=85.538 dist=4967.48 leadDist=1646.78 aa=128.204
[PURE_ATA] team=2 ata=84.7751 dist=4969.42 leadDist=1646.08 aa=149.984
[PURE_ATA] team=2 ata=83.9967 dist=4970.47 leadDist=1645.34 aa=166.265
[PURE_ATA] team=2 ata=83.2318 dist=4970.64 leadDist=1644.56 aa=177.314
[PURE_ATA] team=2 ata=82.451 dist=4970.32 leadDist=1643.77 aa=174.874
[PURE_ATA] team=2 ata=81.671 dist=4969.09 leadDist=1642.98 aa=169.124
[PURE_ATA] team=2 ata=80.8903 dist=4966.97 leadDist=1642.21 aa=164.777
[PURE_ATA] team=2 ata=80.1108 dist=4964.39 leadDist=1641.46 aa=161.283
[PURE_ATA] team=2 ata=79.3328 dist=4960.5 leadDist=1640.75 aa=158.476
[SelectTarget] team=1 EnemyN=1 TgtZ=2293.41
[DIST] team=1 EnemyN=1 MyZ=1859.8 TgtZ=2293.41 Dist=4956.75
[ROOT] team=1 status=2 Z=1859.8 VP=(2009.63,-495.597,2053.38)
[SelectTarget] team=2 EnemyN=1 TgtZ=1859.9
[DIST] team=2 EnemyN=1 MyZ=2293.41 TgtZ=1859.9 Dist=4956.44
[PURE_ATA] team=2 ata=78.5417 dist=4956.44 leadDist=1640.1 aa=156.316
[ROOT] team=2 status=2 Z=2293.41 VP=(-2537.09,966.381,3500)
[PURE_ATA] team=2 ata=77.7535 dist=4951.48 leadDist=1639.51 aa=154.705
[PURE_ATA] team=2 ata=76.9678 dist=4945.21 leadDist=1638.99 aa=153.563
[PURE_ATA] team=2 ata=76.1712 dist=4938.72 leadDist=1638.55 aa=152.837
[PURE_ATA] team=2 ata=75.3925 dist=4931.53 leadDist=1638.2 aa=152.432
[PURE_ATA] team=2 ata=74.6038 dist=4923.28 leadDist=1637.94 aa=152.332
[PURE_ATA] team=2 ata=73.8058 dist=4914.33 leadDist=1637.79 aa=152.395
[PURE_ATA] team=2 ata=73.0118 dist=4904.91 leadDist=1637.73 aa=152.597
[PURE_ATA] team=2 ata=72.224 dist=4894.62 leadDist=1637.78 aa=153.009
[PURE_ATA] team=2 ata=71.428 dist=4883.6 leadDist=1637.94 aa=153.429
[PURE_ATA] team=2 ata=70.6254 dist=4871.42 leadDist=1638.19 aa=153.845
[PURE_ATA] team=2 ata=69.8282 dist=4858.76 leadDist=1638.55 aa=154.242
[PURE_ATA] team=2 ata=69.0373 dist=4846.05 leadDist=1639.01 aa=154.625
[PURE_ATA] team=2 ata=68.2422 dist=4831.74 leadDist=1639.56 aa=154.997
[PURE_ATA] team=2 ata=67.4407 dist=4817.03 leadDist=1640.22 aa=155.364
[PURE_ATA] team=2 ata=66.6474 dist=4801.45 leadDist=1640.98 aa=155.709
[PURE_ATA] team=2 ata=65.8484 dist=4785.45 leadDist=1641.83 aa=156.05
[PURE_ATA] team=2 ata=65.0733 dist=4768.99 leadDist=1642.78 aa=156.355
[PURE_ATA] team=2 ata=64.2661 dist=4751.28 leadDist=1643.82 aa=156.681
[PURE_ATA] team=2 ata=63.47 dist=4732.69 leadDist=1644.96 aa=156.986
[PURE_ATA] team=2 ata=62.683 dist=4714.06 leadDist=1646.19 aa=157.275
[PURE_ATA] team=2 ata=61.8822 dist=4693.68 leadDist=1647.52 aa=157.565
[PURE_ATA] team=2 ata=61.0898 dist=4673.63 leadDist=1648.93 aa=157.841
[PURE_ATA] team=2 ata=60.2825 dist=4652.16 leadDist=1650.43 aa=158.12
[PURE_ATA] team=2 ata=59.503 dist=4630.34 leadDist=1652.01 aa=158.368
[PURE_ATA] team=2 ata=58.7201 dist=4608.37 leadDist=1653.68 aa=158.613
[PURE_ATA] team=2 ata=57.925 dist=4584.9 leadDist=1655.43 aa=158.859
[PURE_ATA] team=2 ata=57.1283 dist=4560.81 leadDist=1657.25 aa=159.096
[PURE_ATA] team=2 ata=56.347 dist=4536.27 leadDist=1659.16 aa=162.776
[PURE_ATA] team=2 ata=55.5773 dist=4512.08 leadDist=1661.12 aa=175.822
[SelectTarget] team=1 EnemyN=1 TgtZ=2551.26
[DIST] team=1 EnemyN=1 MyZ=1837.22 TgtZ=2551.26 Dist=4488.53
[ROOT] team=1 status=2 Z=1837.22 VP=(-886.174,2710.42,6623.14)
[SelectTarget] team=2 EnemyN=1 TgtZ=1836.88
[DIST] team=2 EnemyN=1 MyZ=2551.26 TgtZ=1836.88 Dist=4486.66
[PURE_ATA] team=2 ata=54.7951 dist=4486.66 leadDist=1663.12 aa=161.026
[ROOT] team=2 status=2 Z=2551.26 VP=(-2018.65,1818.41,3500)
[PURE_ATA] team=2 ata=54.0344 dist=4462.55 leadDist=1665.14 aa=139.142
[PURE_ATA] team=2 ata=53.2649 dist=4436.78 leadDist=1667.1 aa=126.474
[PURE_ATA] team=2 ata=52.506 dist=4411.31 leadDist=1668.87 aa=122.405
[PURE_ATA] team=2 ata=51.745 dist=4385.45 leadDist=1670.23 aa=123.835
[PURE_ATA] team=2 ata=50.9933 dist=4359.83 leadDist=1671.06 aa=128.979
[PURE_ATA] team=2 ata=50.2337 dist=4332.4 leadDist=1671.45 aa=137.131
[PURE_ATA] team=2 ata=49.4725 dist=4304.54 leadDist=1671.49 aa=145.616
[PURE_ATA] team=2 ata=48.7339 dist=4277.99 leadDist=1671.24 aa=152.702
[PURE_ATA] team=2 ata=47.9775 dist=4248.88 leadDist=1670.71 aa=158.417
[PURE_ATA] team=2 ata=47.2502 dist=4220.43 leadDist=1669.94 aa=165.928
[PURE_ATA] team=2 ata=46.5012 dist=4190.04 leadDist=1668.97 aa=173.797
[PURE_ATA] team=2 ata=45.7537 dist=4159.5 leadDist=1667.87 aa=178.848
[PURE_ATA] team=2 ata=45.0402 dist=4129.34 leadDist=1666.68 aa=178.022
[PURE_ATA] team=2 ata=44.305 dist=4097.48 leadDist=1665.4 aa=175.744
[PURE_ATA] team=2 ata=43.591 dist=4065.57 leadDist=1664.07 aa=173.885
[PURE_ATA] team=2 ata=42.874 dist=4032.34 leadDist=1662.69 aa=172.257
[SelectTarget] team=1 EnemyN=1 TgtZ=2707.93
[DIST] team=1 EnemyN=1 MyZ=1856 TgtZ=2707.93 Dist=3535.48
[ROOT] team=1 status=2 Z=1856 VP=(277.364,34.6551,2291.94)
[SelectTarget] team=2 EnemyN=1 TgtZ=1856.25
[DIST] team=2 EnemyN=1 MyZ=2707.93 TgtZ=1856.25 Dist=3532.62
[ROOT] team=2 status=2 Z=2707.93 VP=(-215.971,-989.399,2357.93)
[SYNCCIRCLE] R=1476.87 dist=3060.43 shrink=0.28 thr=0.870825
[SelectTarget] team=1 EnemyN=1 TgtZ=2582.58
[DIST] team=1 EnemyN=1 MyZ=1891.83 TgtZ=2582.58 Dist=2590.93
[ROOT] team=1 status=2 Z=1891.83 VP=(-430.929,-435.623,1808.25)
[SelectTarget] team=2 EnemyN=1 TgtZ=1891.8
[DIST] team=2 EnemyN=1 MyZ=2582.58 TgtZ=1891.8 Dist=2586.27
[ROOT] team=2 status=2 Z=2582.58 VP=(-1188.95,-341.155,2232.58)
[SelectTarget] team=1 EnemyN=1 TgtZ=2340
[DIST] team=1 EnemyN=1 MyZ=1893.46 TgtZ=2340 Dist=1770.86
[ROOT] team=1 status=2 Z=1893.46 VP=(-414.785,-300.1,2367.7)
[SelectTarget] team=2 EnemyN=1 TgtZ=1893.83
[DIST] team=2 EnemyN=1 MyZ=2340 TgtZ=1893.83 Dist=1767.04
[ROOT] team=2 status=2 Z=2340 VP=(-1520.52,864.841,2000)
[SelectTarget] team=1 EnemyN=1 TgtZ=2096
[DIST] team=1 EnemyN=1 MyZ=1972.75 TgtZ=2096 Dist=1351.33
[ROOT] team=1 status=2 Z=1972.75 VP=(-949.988,353.991,2119.28)
[SelectTarget] team=2 EnemyN=1 TgtZ=1973.11
[DIST] team=2 EnemyN=1 MyZ=2096 TgtZ=1973.11 Dist=1349.83
[ROOT] team=2 status=2 Z=2096 VP=(-367.892,1825.72,2000)
[SelectTarget] team=1 EnemyN=1 TgtZ=1950.61
[DIST] team=1 EnemyN=1 MyZ=1987.61 TgtZ=1950.61 Dist=1866.36
[ROOT] team=1 status=2 Z=1987.61 VP=(-977.052,1244.81,1955.48)
[SelectTarget] team=2 EnemyN=1 TgtZ=1987.35
[DIST] team=2 EnemyN=1 MyZ=1950.61 TgtZ=1987.35 Dist=1867.27
[ROOT] team=2 status=2 Z=1950.61 VP=(540.439,1476.3,2000)
[SYNCCIRCLE] R=1311.39 dist=2622.79 shrink=0.28 thr=0.682746
[SelectTarget] team=1 EnemyN=1 TgtZ=1896.2
[DIST] team=1 EnemyN=1 MyZ=1900.95 TgtZ=1896.2 Dist=2714.58
[ROOT] team=1 status=2 Z=1900.95 VP=(376.184,2583.51,1500)
[SelectTarget] team=2 EnemyN=1 TgtZ=1900.72
[DIST] team=2 EnemyN=1 MyZ=1896.2 TgtZ=1900.72 Dist=2714.91
[ROOT] team=2 status=2 Z=1896.2 VP=(832.293,1299.78,2000)
[SelectTarget] team=1 EnemyN=1 TgtZ=1847.35
[DIST] team=1 EnemyN=1 MyZ=1852.98 TgtZ=1847.35 Dist=3519.13
[ROOT] team=1 status=2 Z=1852.98 VP=(1317.3,1988.5,1632.31)
[SelectTarget] team=2 EnemyN=1 TgtZ=1852.85
[DIST] team=2 EnemyN=1 MyZ=1847.35 TgtZ=1852.85 Dist=3520.28
[ROOT] team=2 status=2 Z=1847.35 VP=(1146.8,1037.38,2000)
[PURE_ATA] team=2 ata=118.224 dist=4007.11 leadDist=1669.62 aa=90.6225
[PURE_ATA] team=2 ata=117.529 dist=4027.77 leadDist=1669.2 aa=103.654
[PURE_ATA] team=2 ata=116.878 dist=4047.51 leadDist=1668.77 aa=149.908
[PURE_ATA] team=2 ata=116.305 dist=4066.56 leadDist=1668.37 aa=161.069
[PURE_ATA] team=2 ata=115.718 dist=4084.91 leadDist=1668.03 aa=144.583
[PURE_ATA] team=2 ata=115.111 dist=4103.69 leadDist=1667.76 aa=138.218
[PURE_ATA] team=2 ata=114.507 dist=4121.2 leadDist=1667.58 aa=135.085
[PURE_ATA] team=2 ata=113.952 dist=4137.37 leadDist=1667.5 aa=133.136
[PURE_ATA] team=2 ata=113.42 dist=4154.01 leadDist=1667.54 aa=131.904
[SelectTarget] team=1 EnemyN=1 TgtZ=1876.44
[DIST] team=1 EnemyN=1 MyZ=1832.34 TgtZ=1876.44 Dist=4170.08
[ROOT] team=1 status=2 Z=1832.34 VP=(1776.82,1225.01,1500)
[SelectTarget] team=2 EnemyN=1 TgtZ=1832.3
[DIST] team=2 EnemyN=1 MyZ=1876.44 TgtZ=1832.3 Dist=4169.9
[PURE_ATA] team=2 ata=112.861 dist=4169.9 leadDist=1667.7 aa=131.157
[ROOT] team=2 status=2 Z=1876.44 VP=(-2663.53,680.584,3500)
[PURE_ATA] team=2 ata=112.287 dist=4184.98 leadDist=1668.01 aa=130.706
[PURE_ATA] team=2 ata=111.688 dist=4199.68 leadDist=1668.47 aa=130.588
[PURE_ATA] team=2 ata=111.103 dist=4212.8 leadDist=1669.09 aa=130.601
[PURE_ATA] team=2 ata=110.487 dist=4226.35 leadDist=1669.89 aa=130.948
[PURE_ATA] team=2 ata=109.871 dist=4239.14 leadDist=1670.87 aa=131.446
[PURE_ATA] team=2 ata=109.261 dist=4251.2 leadDist=1672.03 aa=136.274
[PURE_ATA] team=2 ata=108.639 dist=4263.29 leadDist=1673.31 aa=170.135
[PURE_ATA] team=2 ata=108.003 dist=4274.99 leadDist=1674.66 aa=111.919
[PURE_ATA] team=2 ata=107.376 dist=4286.82 leadDist=1676.07 aa=96.7894
[PURE_ATA] team=2 ata=106.757 dist=4298.83 leadDist=1677.52 aa=93.4542
[PURE_ATA] team=2 ata=106.109 dist=4310.72 leadDist=1678.91 aa=93.1677
[PURE_ATA] team=2 ata=105.484 dist=4322.15 leadDist=1680.03 aa=94.0734
[PURE_ATA] team=2 ata=104.831 dist=4333.83 leadDist=1680.75 aa=94.6227
[PURE_ATA] team=2 ata=104.183 dist=4344.5 leadDist=1681.1 aa=96.9427
[PURE_ATA] team=2 ata=103.526 dist=4354.76 leadDist=1681.19 aa=101.672
[PURE_ATA] team=2 ata=102.859 dist=4365.05 leadDist=1681.09 aa=108.543
[PURE_ATA] team=2 ata=102.201 dist=4374.36 leadDist=1680.84 aa=116.523
[PURE_ATA] team=2 ata=101.537 dist=4383.28 leadDist=1680.46 aa=130.514
[PURE_ATA] team=2 ata=100.881 dist=4391.29 leadDist=1680.01 aa=153.476
[PURE_ATA] team=2 ata=100.186 dist=4399.08 leadDist=1679.54 aa=172.55
[PURE_ATA] team=2 ata=99.5216 dist=4406.3 leadDist=1679.09 aa=176.009
[PURE_ATA] team=2 ata=98.8531 dist=4412.72 leadDist=1678.67 aa=168.674
[PURE_ATA] team=2 ata=98.1826 dist=4418.75 leadDist=1678.32 aa=163.454
[PURE_ATA] team=2 ata=97.5098 dist=4423.96 leadDist=1678.04 aa=159.399
[PURE_ATA] team=2 ata=96.8176 dist=4428.35 leadDist=1677.85 aa=156.142
[PURE_ATA] team=2 ata=96.1409 dist=4432.34 leadDist=1677.76 aa=153.633
[PURE_ATA] team=2 ata=95.4801 dist=4435.57 leadDist=1677.78 aa=151.416
[PURE_ATA] team=2 ata=94.7848 dist=4438.29 leadDist=1677.92 aa=149.796
[PURE_ATA] team=2 ata=94.09 dist=4440.17 leadDist=1678.2 aa=148.662
[SelectTarget] team=1 EnemyN=1 TgtZ=2003.33
[DIST] team=1 EnemyN=1 MyZ=1821.45 TgtZ=2003.33 Dist=4442.66
[ROOT] team=1 status=2 Z=1821.45 VP=(1525.72,277.349,1690.61)
[SelectTarget] team=2 EnemyN=1 TgtZ=1821.37
[DIST] team=2 EnemyN=1 MyZ=2003.33 TgtZ=1821.37 Dist=4441.85
[PURE_ATA] team=2 ata=93.429 dist=4441.85 leadDist=1678.63 aa=147.886
[ROOT] team=2 status=2 Z=2003.33 VP=(-2741.34,1661.42,3500)
[PURE_ATA] team=2 ata=92.7525 dist=4442.21 leadDist=1679.21 aa=147.488
[PURE_ATA] team=2 ata=92.0605 dist=4442.47 leadDist=1679.95 aa=147.438
[PURE_ATA] team=2 ata=91.3703 dist=4441.91 leadDist=1680.86 aa=147.595
[PURE_ATA] team=2 ata=90.6832 dist=4440.54 leadDist=1681.93 aa=152.741
[PURE_ATA] team=2 ata=90.015 dist=4438.98 leadDist=1683.11 aa=175.985
[PURE_ATA] team=2 ata=89.3153 dist=4437.47 leadDist=1684.35 aa=139.079
[PURE_ATA] team=2 ata=88.6507 dist=4436.04 leadDist=1685.65 aa=114.511
[PURE_ATA] team=2 ata=87.9535 dist=4434.59 leadDist=1686.97 aa=105.749
[PURE_ATA] team=2 ata=87.2762 dist=4432.6 leadDist=1688.21 aa=102.534
[PURE_ATA] team=2 ata=86.6008 dist=4430.66 leadDist=1689.19 aa=101.616
[PURE_ATA] team=2 ata=85.9088 dist=4428.47 leadDist=1689.77 aa=101.705
[PURE_ATA] team=2 ata=85.2351 dist=4426.21 leadDist=1689.84 aa=103.096
[PURE_ATA] team=2 ata=84.5444 dist=4424.08 leadDist=1689.48 aa=106.883
[PURE_ATA] team=2 ata=83.8435 dist=4420.42 leadDist=1688.81 aa=113.328
[PURE_ATA] team=2 ata=83.1608 dist=4417.17 leadDist=1687.9 aa=121.664
[PURE_ATA] team=2 ata=82.4676 dist=4412.8 leadDist=1686.78 aa=130.003
[PURE_ATA] team=2 ata=81.7611 dist=4408.07 leadDist=1685.47 aa=142.931
[PURE_ATA] team=2 ata=81.0782 dist=4403.04 leadDist=1684.03 aa=159.555
[PURE_ATA] team=2 ata=80.3676 dist=4397.2 leadDist=1682.52 aa=171.086
[PURE_ATA] team=2 ata=79.6674 dist=4390.25 leadDist=1680.99 aa=177.941
[PURE_ATA] team=2 ata=78.9731 dist=4383.38 leadDist=1679.45 aa=177.31
[PURE_ATA] team=2 ata=78.2553 dist=4375.21 leadDist=1677.93 aa=173.594
[PURE_ATA] team=2 ata=77.5633 dist=4366.86 leadDist=1676.44 aa=170.423
[PURE_ATA] team=2 ata=76.8476 dist=4357.55 leadDist=1674.99 aa=167.791
[PURE_ATA] team=2 ata=76.1417 dist=4347.93 leadDist=1673.6 aa=165.37
[PURE_ATA] team=2 ata=75.4335 dist=4337.08 leadDist=1672.28 aa=163.287
[PURE_ATA] team=2 ata=74.7324 dist=4326.34 leadDist=1671.05 aa=161.559
[PURE_ATA] team=2 ata=74.0162 dist=4313.76 leadDist=1669.91 aa=160.207
[PURE_ATA] team=2 ata=73.3088 dist=4301.28 leadDist=1668.87 aa=159.192
[SelectTarget] team=1 EnemyN=1 TgtZ=2230.28
[DIST] team=1 EnemyN=1 MyZ=1831.9 TgtZ=2230.28 Dist=4290.33
[ROOT] team=1 status=2 Z=1831.9 VP=(658.077,-143.009,1947.53)
[SelectTarget] team=2 EnemyN=1 TgtZ=1832.05
[DIST] team=2 EnemyN=1 MyZ=2230.28 TgtZ=1832.05 Dist=4288.55
[PURE_ATA] team=2 ata=72.6136 dist=4288.55 leadDist=1667.95 aa=158.467
[ROOT] team=2 status=2 Z=2230.28 VP=(-2296.48,2551.01,3500)
[PURE_ATA] team=2 ata=71.8969 dist=4275.02 leadDist=1667.15 aa=158.048
[PURE_ATA] team=2 ata=71.2025 dist=4260.15 leadDist=1666.47 aa=157.833
[PURE_ATA] team=2 ata=70.484 dist=4244.79 leadDist=1665.93 aa=157.73
[PURE_ATA] team=2 ata=69.7776 dist=4229.53 leadDist=1665.51 aa=157.861
[PURE_ATA] team=2 ata=69.0893 dist=4213.71 leadDist=1665.22 aa=158.032
[PURE_ATA] team=2 ata=68.3687 dist=4196.21 leadDist=1665.06 aa=158.232
[PURE_ATA] team=2 ata=67.6677 dist=4178.13 leadDist=1665.02 aa=158.409
[PURE_ATA] team=2 ata=66.9738 dist=4160.9 leadDist=1665.1 aa=158.579
[PURE_ATA] team=2 ata=66.2861 dist=4142.39 leadDist=1665.31 aa=158.733
[PURE_ATA] team=2 ata=65.571 dist=4122.01 leadDist=1665.64 aa=158.904
[PURE_ATA] team=2 ata=64.8831 dist=4102.57 leadDist=1666.09 aa=159.05
[PURE_ATA] team=2 ata=64.1976 dist=4082.5 leadDist=1666.66 aa=159.189
[PURE_ATA] team=2 ata=63.4997 dist=4061.28 leadDist=1667.34 aa=159.332
[PURE_ATA] team=2 ata=62.808 dist=4039.04 leadDist=1668.13 aa=159.466
[PURE_ATA] team=2 ata=62.1216 dist=4016.13 leadDist=1669.04 aa=159.593
[SelectTarget] team=1 EnemyN=1 TgtZ=2440.98
[DIST] team=1 EnemyN=1 MyZ=1816.93 TgtZ=2440.98 Dist=3663.36
[ROOT] team=1 status=2 Z=1816.93 VP=(-246.218,362.297,2206.97)
[SelectTarget] team=2 EnemyN=1 TgtZ=1817.08
[DIST] team=2 EnemyN=1 MyZ=2440.98 TgtZ=1817.08 Dist=3661.16
[ROOT] team=2 status=2 Z=2440.98 VP=(-663.438,-432.891,2090.98)
[SelectTarget] team=1 EnemyN=1 TgtZ=2317.02
[DIST] team=1 EnemyN=1 MyZ=1853.67 TgtZ=2317.02 Dist=3001.13
[ROOT] team=1 status=2 Z=1853.67 VP=(-827.409,-50.9194,1525.85)
[SelectTarget] team=2 EnemyN=1 TgtZ=1853.51
[DIST] team=2 EnemyN=1 MyZ=2317.02 TgtZ=1853.51 Dist=2997.93
[ROOT] team=2 status=2 Z=2317.02 VP=(-1577.5,156.233,2000)
[SYNCCIRCLE] R=1199.73 dist=2417.66 shrink=0.28 thr=0.708262
[SelectTarget] team=1 EnemyN=1 TgtZ=2120.18
[DIST] team=1 EnemyN=1 MyZ=1833.31 TgtZ=2120.18 Dist=2381.98
[ROOT] team=1 status=2 Z=1833.31 VP=(-807.705,133.892,2138.43)
[SelectTarget] team=2 EnemyN=1 TgtZ=1833.15
[DIST] team=2 EnemyN=1 MyZ=2120.18 TgtZ=1833.15 Dist=2378.98
[ROOT] team=2 status=2 Z=2120.18 VP=(-1948.11,1286.5,2000)
[SelectTarget] team=1 EnemyN=1 TgtZ=2001.15
[DIST] team=1 EnemyN=1 MyZ=1799.06 TgtZ=2001.15 Dist=1939.23
[ROOT] team=1 status=2 Z=1799.06 VP=(403.316,-135.64,6603.14)
[SelectTarget] team=2 EnemyN=1 TgtZ=1799.2
[DIST] team=2 EnemyN=1 MyZ=2001.15 TgtZ=1799.2 Dist=1938.35
[ROOT] team=2 status=2 Z=2001.15 VP=(-1233.67,2423.4,2000)
[SelectTarget] team=1 EnemyN=1 TgtZ=1920.73
[DIST] team=1 EnemyN=1 MyZ=1925.52 TgtZ=1920.73 Dist=2068.58
[ROOT] team=1 status=2 Z=1925.52 VP=(-1284.04,1683.87,1924.72)
[SelectTarget] team=2 EnemyN=1 TgtZ=1926.11
[DIST] team=2 EnemyN=1 MyZ=1920.73 TgtZ=1926.11 Dist=2069.35
[ROOT] team=2 status=2 Z=1920.73 VP=(74.8905,2521.59,2000)
[SelectTarget] team=1 EnemyN=1 TgtZ=1862.83
[DIST] team=1 EnemyN=1 MyZ=1937.67 TgtZ=1862.83 Dist=2454.19
[ROOT] team=1 status=2 Z=1937.67 VP=(-2010.61,-405.093,6716.89)
[SelectTarget] team=2 EnemyN=1 TgtZ=1937.07
[DIST] team=2 EnemyN=1 MyZ=1862.83 TgtZ=1937.07 Dist=2455.59
[ROOT] team=2 status=2 Z=1862.83 VP=(915.949,1845.09,2000)
[SYNCCIRCLE] R=1464.13 dist=2928.37 shrink=0.28 thr=0.823497
[SelectTarget] team=1 EnemyN=1 TgtZ=1840.52
[DIST] team=1 EnemyN=1 MyZ=1861.6 TgtZ=1840.52 Dist=2959.79
[ROOT] team=1 status=2 Z=1861.6 VP=(910.545,1417.9,1500)
[SelectTarget] team=2 EnemyN=1 TgtZ=1861.15
[DIST] team=2 EnemyN=1 MyZ=1840.52 TgtZ=1861.15 Dist=2962.13
[ROOT] team=2 status=2 Z=1840.52 VP=(1196.99,890.533,2000)
[SelectTarget] team=1 EnemyN=1 TgtZ=1860.98
[DIST] team=1 EnemyN=1 MyZ=1824.25 TgtZ=1860.98 Dist=3415.35
[ROOT] team=1 status=2 Z=1824.25 VP=(832.134,469.29,1500)
[SelectTarget] team=2 EnemyN=1 TgtZ=1824.25
[DIST] team=2 EnemyN=1 MyZ=1860.98 TgtZ=1824.25 Dist=3418.26
[ROOT] team=2 status=2 Z=1860.98 VP=(908.044,-106.035,2000)
[SelectTarget] team=1 EnemyN=1 TgtZ=1885.92
[DIST] team=1 EnemyN=1 MyZ=1814.32 TgtZ=1885.92 Dist=3790.21
[ROOT] team=1 status=2 Z=1814.32 VP=(348.76,-347.77,1500)
[SelectTarget] team=2 EnemyN=1 TgtZ=1814.37
[DIST] team=2 EnemyN=1 MyZ=1885.92 TgtZ=1814.37 Dist=3792.54
[ROOT] team=2 status=2 Z=1885.92 VP=(163.569,-875.017,2000)
[PURE_ATA] team=2 ata=76.4098 dist=4009.78 leadDist=1692.85 aa=26.8931
[PURE_ATA] team=2 ata=75.9843 dist=4019.77 leadDist=1691.61 aa=17.6595
[PURE_ATA] team=2 ata=74.5845 dist=4029.57 leadDist=1690.28 aa=6.76299
[PURE_ATA] team=2 ata=73.6772 dist=4038.91 leadDist=1688.91 aa=0.316466
[PURE_ATA] team=2 ata=72.9451 dist=4047.35 leadDist=1687.54 aa=4.76825
[PURE_ATA] team=2 ata=72.3087 dist=4055.99 leadDist=1686.2 aa=8.20135
[PURE_ATA] team=2 ata=71.713 dist=4063.8 leadDist=1684.91 aa=11.2105
[PURE_ATA] team=2 ata=71.1591 dist=4070.76 leadDist=1683.68 aa=13.9875
[SelectTarget] team=1 EnemyN=1 TgtZ=1902.85
[DIST] team=1 EnemyN=1 MyZ=1817.28 TgtZ=1902.85 Dist=4075.32
[ROOT] team=1 status=2 Z=1817.28 VP=(-584.384,-738.002,1500)
[SelectTarget] team=2 EnemyN=1 TgtZ=1817.47
[DIST] team=2 EnemyN=1 MyZ=1902.85 TgtZ=1817.47 Dist=4077.58
[PURE_ATA] team=2 ata=70.6048 dist=4077.58 leadDist=1682.53 aa=16.6073
[ROOT] team=2 status=2 Z=1902.85 VP=(-3105.02,1986.13,3500)
[PURE_ATA] team=2 ata=70.0548 dist=4083.17 leadDist=1681.47 aa=19.1618
[PURE_ATA] team=2 ata=69.531 dist=4089.42 leadDist=1680.52 aa=21.6531
[PURE_ATA] team=2 ata=68.9722 dist=4093.24 leadDist=1679.68 aa=24.1785
[PURE_ATA] team=2 ata=68.4559 dist=4098.21 leadDist=1678.97 aa=26.6333
[PURE_ATA] team=2 ata=67.9011 dist=4101.02 leadDist=1678.4 aa=29.1166
[PURE_ATA] team=2 ata=67.3663 dist=4104.91 leadDist=1677.98 aa=31.5701
[PURE_ATA] team=2 ata=66.8338 dist=4107.26 leadDist=1677.72 aa=33.9659
[PURE_ATA] team=2 ata=66.2746 dist=4108.49 leadDist=1677.63 aa=36.372
[PURE_ATA] team=2 ata=65.7447 dist=4110.24 leadDist=1677.72 aa=38.6704
[PURE_ATA] team=2 ata=65.204 dist=4111.74 leadDist=1678 aa=40.9568
[PURE_ATA] team=2 ata=64.6546 dist=4110.79 leadDist=1678.46 aa=43.3826
[PURE_ATA] team=2 ata=64.1114 dist=4110.46 leadDist=1679.13 aa=45.8166
[PURE_ATA] team=2 ata=63.5624 dist=4109.52 leadDist=1679.98 aa=37.5857
[PURE_ATA] team=2 ata=63.0216 dist=4108.91 leadDist=1680.96 aa=2.17372
[PURE_ATA] team=2 ata=62.4723 dist=4107.97 leadDist=1681.99 aa=19.2394
[PURE_ATA] team=2 ata=61.9244 dist=4106.1 leadDist=1683.04 aa=33.7443
[PURE_ATA] team=2 ata=61.3646 dist=4104.14 leadDist=1684.07 aa=41.2261
[PURE_ATA] team=2 ata=60.8074 dist=4101.24 leadDist=1685.04 aa=25.9422
[PURE_ATA] team=2 ata=60.2641 dist=4098.42 leadDist=1685.99 aa=8.30376
[PURE_ATA] team=2 ata=59.7205 dist=4094.95 leadDist=1686.96 aa=6.05561
[PURE_ATA] team=2 ata=59.1714 dist=4091.09 leadDist=1687.98 aa=16.3916
[PURE_ATA] team=2 ata=58.6223 dist=4086.57 leadDist=1689.07 aa=24.7773
[PURE_ATA] team=2 ata=58.0793 dist=4081.13 leadDist=1690.25 aa=11.3007
[PURE_ATA] team=2 ata=57.5283 dist=4075.52 leadDist=1691.48 aa=28.5307
[PURE_ATA] team=2 ata=56.9855 dist=4070.58 leadDist=1692.76 aa=54.8137
[PURE_ATA] team=2 ata=56.4291 dist=4065.67 leadDist=1694.06 aa=66.1379
[PURE_ATA] team=2 ata=55.8816 dist=4059.83 leadDist=1695.3 aa=71.8587
[PURE_ATA] team=2 ata=55.3202 dist=4053.98 leadDist=1696.34 aa=73.9221
[PURE_ATA] team=2 ata=54.7804 dist=4049.68 leadDist=1697 aa=72.9016
[SelectTarget] team=1 EnemyN=1 TgtZ=1988.48
[DIST] team=1 EnemyN=1 MyZ=1802.81 TgtZ=1988.48 Dist=4041.3
[ROOT] team=1 status=2 Z=1802.81 VP=(-1535.47,-392.904,1595.72)
[SelectTarget] team=2 EnemyN=1 TgtZ=1802.82
[DIST] team=2 EnemyN=1 MyZ=1988.48 TgtZ=1802.82 Dist=4043.75
[PURE_ATA] team=2 ata=54.2274 dist=4043.75 leadDist=1697.18 aa=69.779
[ROOT] team=2 status=2 Z=1988.48 VP=(-2599.68,2860.96,3500)
[PURE_ATA] team=2 ata=53.6664 dist=4037.53 leadDist=1696.94 aa=64.439
[PURE_ATA] team=2 ata=53.1032 dist=4030.78 leadDist=1696.41 aa=58.7928
[PURE_ATA] team=2 ata=52.54 dist=4023.51 leadDist=1695.65 aa=54.0279
[PURE_ATA] team=2 ata=51.9778 dist=4017.09 leadDist=1694.71 aa=49.5262
[PURE_ATA] team=2 ata=51.4134 dist=4008.75 leadDist=1693.61 aa=38.2979
[PURE_ATA] team=2 ata=50.8574 dist=4001.08 leadDist=1692.41 aa=18.3888
[SelectTarget] team=1 EnemyN=1 TgtZ=2067.54
[DIST] team=1 EnemyN=1 MyZ=1816.87 TgtZ=2067.54 Dist=3773.57
[ROOT] team=1 status=2 Z=1816.87 VP=(-264.603,3308.3,6604.3)
[SelectTarget] team=2 EnemyN=1 TgtZ=1816.7
[DIST] team=2 EnemyN=1 MyZ=2067.54 TgtZ=1816.7 Dist=3773.17
[ROOT] team=2 status=2 Z=2067.54 VP=(-2890.51,-155.271,2000)
[SYNCCIRCLE] R=1875.97 dist=3758.82 shrink=0.28 thr=0.629656
[SelectTarget] team=1 EnemyN=1 TgtZ=2000.73
[DIST] team=1 EnemyN=1 MyZ=1827.76 TgtZ=2000.73 Dist=3722.93
[ROOT] team=1 status=2 Z=1827.76 VP=(-3034.56,384.515,1500)
[SelectTarget] team=2 EnemyN=1 TgtZ=1827.65
[DIST] team=2 EnemyN=1 MyZ=2000.73 TgtZ=1827.65 Dist=3722.69
[ROOT] team=2 status=2 Z=2000.73 VP=(-3439.23,778.341,2000)
[SelectTarget] team=1 EnemyN=1 TgtZ=1957.08
[DIST] team=1 EnemyN=1 MyZ=1822.48 TgtZ=1957.08 Dist=3544.73
[ROOT] team=1 status=2 Z=1822.48 VP=(569.869,1115.84,6608.88)
[SelectTarget] team=2 EnemyN=1 TgtZ=1822.28
[DIST] team=2 EnemyN=1 MyZ=1957.08 TgtZ=1822.28 Dist=3543.87
[ROOT] team=2 status=2 Z=1957.08 VP=(-3385.55,1912.44,2000)
[SelectTarget] team=1 EnemyN=1 TgtZ=1934.46
[DIST] team=1 EnemyN=1 MyZ=1826.21 TgtZ=1934.46 Dist=3354.83
[ROOT] team=1 status=2 Z=1826.21 VP=(4.97407,49.6907,6613.46)
[SelectTarget] team=2 EnemyN=1 TgtZ=1826.07
[DIST] team=2 EnemyN=1 MyZ=1934.46 TgtZ=1826.07 Dist=3354.32
[ROOT] team=2 status=2 Z=1934.46 VP=(-2694.57,2858.56,2000)
[SelectTarget] team=1 EnemyN=1 TgtZ=1924.29
[DIST] team=1 EnemyN=1 MyZ=1816.91 TgtZ=1924.29 Dist=3174.05
[ROOT] team=1 status=2 Z=1816.91 VP=(-1965.67,2891.02,1500)
[SelectTarget] team=2 EnemyN=1 TgtZ=1816.97
[DIST] team=2 EnemyN=1 MyZ=1924.29 TgtZ=1816.97 Dist=3173.49
[ROOT] team=2 status=2 Z=1924.29 VP=(-1562.92,3238.19,2000)
[SYNCCIRCLE] R=1549.55 dist=3101.17 shrink=0.28 thr=0.635829
[SelectTarget] team=1 EnemyN=1 TgtZ=1919.91
[DIST] team=1 EnemyN=1 MyZ=1815.46 TgtZ=1919.91 Dist=3045.2
[ROOT] team=1 status=2 Z=1815.46 VP=(-956.415,2822.93,1500)
[SelectTarget] team=2 EnemyN=1 TgtZ=1815.45
[DIST] team=2 EnemyN=1 MyZ=1919.91 TgtZ=1815.45 Dist=3045.88
[ROOT] team=2 status=2 Z=1919.91 VP=(-420.344,2854.96,2000)
[SelectTarget] team=1 EnemyN=1 TgtZ=1917.53
[DIST] team=1 EnemyN=1 MyZ=1795.88 TgtZ=1917.53 Dist=2953.04
[ROOT] team=1 status=2 Z=1795.88 VP=(-3289.44,254.983,6585.5)
[SelectTarget] team=2 EnemyN=1 TgtZ=1795.68
[DIST] team=2 EnemyN=1 MyZ=1917.53 TgtZ=1795.68 Dist=2953.46
[ROOT] team=2 status=2 Z=1917.53 VP=(244.607,1838.72,2000)
[SelectTarget] team=1 EnemyN=1 TgtZ=1915.43
[DIST] team=1 EnemyN=1 MyZ=1948.76 TgtZ=1915.43 Dist=3049.63
[ROOT] team=1 status=2 Z=1948.76 VP=(-18.1001,1152.89,1500)
[SelectTarget] team=2 EnemyN=1 TgtZ=1949.85
[DIST] team=2 EnemyN=1 MyZ=1915.43 TgtZ=1949.85 Dist=3050.42
[ROOT] team=2 status=2 Z=1915.43 VP=(166.235,636.968,2000)
[SelectTarget] team=1 EnemyN=1 TgtZ=1923.78
[DIST] team=1 EnemyN=1 MyZ=2051.43 TgtZ=1923.78 Dist=3089.29
[ROOT] team=1 status=2 Z=2051.43 VP=(-425.728,223.778,1500)
[SelectTarget] team=2 EnemyN=1 TgtZ=2051.35
[DIST] team=2 EnemyN=1 MyZ=1923.78 TgtZ=2051.35 Dist=3090.17
[ROOT] team=2 status=2 Z=1923.78 VP=(-583.009,-285.305,2051.35)
[SYNCCIRCLE] R=1540.21 dist=3081.66 shrink=0.28 thr=0.684803
[SelectTarget] team=1 EnemyN=1 TgtZ=1929.99
[DIST] team=1 EnemyN=1 MyZ=1948.02 TgtZ=1929.99 Dist=3116.83
[ROOT] team=1 status=2 Z=1948.02 VP=(-1304.52,-246.212,1500)
[SelectTarget] team=2 EnemyN=1 TgtZ=1947.58
[DIST] team=2 EnemyN=1 MyZ=1929.99 TgtZ=1947.58 Dist=3118.28
[ROOT] team=2 status=2 Z=1929.99 VP=(-1727.01,-600.017,2000)
[SelectTarget] team=1 EnemyN=1 TgtZ=1920.19
[DIST] team=1 EnemyN=1 MyZ=1879.68 TgtZ=1920.19 Dist=3293.77
[ROOT] team=1 status=2 Z=1879.68 VP=(-2293.43,-174.38,1500)
[SelectTarget] team=2 EnemyN=1 TgtZ=1879.41
[DIST] team=2 EnemyN=1 MyZ=1920.19 TgtZ=1879.41 Dist=3296
[ROOT] team=2 status=2 Z=1920.19 VP=(-2836.48,-226.095,2000)
[SelectTarget] team=1 EnemyN=1 TgtZ=1914.59
[DIST] team=1 EnemyN=1 MyZ=1842.12 TgtZ=1914.59 Dist=3492.43
[ROOT] team=1 status=2 Z=1842.12 VP=(-44.5735,3452.63,6628.01)
[SelectTarget] team=2 EnemyN=1 TgtZ=1841.82
[DIST] team=2 EnemyN=1 MyZ=1914.59 TgtZ=1841.82 Dist=3493.74
[ROOT] team=2 status=2 Z=1914.59 VP=(-3573.67,661.404,2000)
[SelectTarget] team=1 EnemyN=1 TgtZ=1913.41
[DIST] team=1 EnemyN=1 MyZ=1824.82 TgtZ=1913.41 Dist=3654.41
[ROOT] team=1 status=2 Z=1824.82 VP=(-3478.26,1350.02,1500)
[SelectTarget] team=2 EnemyN=1 TgtZ=1824.69
[DIST] team=2 EnemyN=1 MyZ=1913.41 TgtZ=1824.69 Dist=3656.27
[ROOT] team=2 status=2 Z=1913.41 VP=(-3764.1,1792.26,2000)
[SYNCCIRCLE] R=1856.75 dist=3714.44 shrink=0.28 thr=0.621836
[SelectTarget] team=1 EnemyN=1 TgtZ=1914.65
[DIST] team=1 EnemyN=1 MyZ=1819.02 TgtZ=1914.65 Dist=3740.32
[ROOT] team=1 status=2 Z=1819.02 VP=(-3345.02,2348.46,1500)
[SelectTarget] team=2 EnemyN=1 TgtZ=1818.99
[DIST] team=2 EnemyN=1 MyZ=1914.65 TgtZ=1818.99 Dist=3742.06
[ROOT] team=2 status=2 Z=1914.65 VP=(-3367.56,2868.88,2000)
[SelectTarget] team=1 EnemyN=1 TgtZ=1916.93
[DIST] team=1 EnemyN=1 MyZ=1817.45 TgtZ=1916.93 Dist=3742.65
[ROOT] team=1 status=2 Z=1817.45 VP=(-2726.32,3147.11,1500)
[SelectTarget] team=2 EnemyN=1 TgtZ=1817.42
[DIST] team=2 EnemyN=1 MyZ=1916.93 TgtZ=1817.42 Dist=3743.48
[ROOT] team=2 status=2 Z=1916.93 VP=(-2482.28,3603.88,2000)
[SelectTarget] team=1 EnemyN=1 TgtZ=1919.2
[DIST] team=1 EnemyN=1 MyZ=1811.75 TgtZ=1919.2 Dist=3649.77
[ROOT] team=1 status=2 Z=1811.75 VP=(-1783.56,3515.97,1500)
[SelectTarget] team=2 EnemyN=1 TgtZ=1811.92
[DIST] team=2 EnemyN=1 MyZ=1919.2 TgtZ=1811.92 Dist=3649.94
[ROOT] team=2 status=2 Z=1919.2 VP=(-1338.19,3778.52,2000)
[SelectTarget] team=1 EnemyN=1 TgtZ=1920.7
[DIST] team=1 EnemyN=1 MyZ=1808.59 TgtZ=1920.7 Dist=3477.13
[ROOT] team=1 status=2 Z=1808.59 VP=(-786.706,3326.18,1500)
[SelectTarget] team=2 EnemyN=1 TgtZ=1808.58
[DIST] team=2 EnemyN=1 MyZ=1920.7 TgtZ=1808.58 Dist=3475.82
[ROOT] team=2 status=2 Z=1920.7 VP=(-269.331,3307.96,2000)
[SYNCCIRCLE] R=1685.94 dist=3374.12 shrink=0.28 thr=0.599201
[SelectTarget] team=1 EnemyN=1 TgtZ=1920.78
[DIST] team=1 EnemyN=1 MyZ=1866 TgtZ=1920.78 Dist=3313.19
[ROOT] team=1 status=2 Z=1866 VP=(-60.9659,2606.79,1500)
[SelectTarget] team=2 EnemyN=1 TgtZ=1866.96
[DIST] team=2 EnemyN=1 MyZ=1920.78 TgtZ=1866.96 Dist=3312.62
[ROOT] team=2 status=2 Z=1920.78 VP=(358.591,2299.12,2000)
[SelectTarget] team=1 EnemyN=1 TgtZ=1919.45
[DIST] team=1 EnemyN=1 MyZ=1962.85 TgtZ=1919.45 Dist=3134.88
[ROOT] team=1 status=2 Z=1962.85 VP=(124.283,1598.94,1500)
[SelectTarget] team=2 EnemyN=1 TgtZ=1962.8
[DIST] team=2 EnemyN=1 MyZ=1919.45 TgtZ=1962.8 Dist=3134.29
[ROOT] team=2 status=2 Z=1919.45 VP=(289.255,1101.36,2000)
[SelectTarget] team=1 EnemyN=1 TgtZ=1916.43
[DIST] team=1 EnemyN=1 MyZ=1893.94 TgtZ=1916.43 Dist=2942.49
[ROOT] team=1 status=2 Z=1893.94 VP=(-338.216,680.036,1500)
[SelectTarget] team=2 EnemyN=1 TgtZ=1893.62
[DIST] team=2 EnemyN=1 MyZ=1916.43 TgtZ=1893.62 Dist=2942.35
[ROOT] team=2 status=2 Z=1916.43 VP=(-519.451,180.01,2000)
[SelectTarget] team=1 EnemyN=1 TgtZ=1912.25
[DIST] team=1 EnemyN=1 MyZ=1849.96 TgtZ=1912.25 Dist=2909.24
[ROOT] team=1 status=2 Z=1849.96 VP=(-1649.17,3785.54,6634.93)
[SelectTarget] team=2 EnemyN=1 TgtZ=1849.69
[DIST] team=2 EnemyN=1 MyZ=1912.25 TgtZ=1849.69 Dist=2910.3
[ROOT] team=2 status=2 Z=1912.25 VP=(-1738.69,-16.4597,2000)
[SYNCCIRCLE] R=1470.4 dist=2941.74 shrink=0.28 thr=0.672868
init ID:1 Lat37.92355643001773 Lon128.18188127777776 Alt(meter)7000.0785355893395 Speed(m/sec)300.0
init ID:1 Lat37.96855377446113 Lon128.18188127777776 Alt(meter)7002.8272734023885 Speed(m/sec)300.0
runner:local/env:0	num_steps=[11999] | total rewards=[-119.9900] | termination= [max time out]
[seed 0] reward=  -119.99 ownHP=1.0000 tgtHP=1.0000 max time out
total: 2
[PURE_ATA] team=2 ata=20.954 dist=5140.93 leadDist=0 aa=81.0236
[PURE_ATA] team=2 ata=20.6371 dist=5117.59 leadDist=0 aa=80.9304
[PURE_ATA] team=2 ata=20.1445 dist=5094.24 leadDist=0 aa=80.8256
[PURE_ATA] team=2 ata=19.6509 dist=5071.03 leadDist=0 aa=80.572
[PURE_ATA] team=2 ata=19.0771 dist=5048.26 leadDist=0 aa=80.0951
[PURE_ATA] team=2 ata=18.3247 dist=5025.11 leadDist=0 aa=79.3072
[PURE_ATA] team=2 ata=17.3242 dist=5001.63 leadDist=0 aa=78.0917
[PURE_ATA] team=2 ata=16.0478 dist=4979.47 leadDist=0 aa=76.5201
[PURE_ATA] team=2 ata=14.4604 dist=4955.32 leadDist=0 aa=75.3639
[SelectTarget] team=1 EnemyN=1 TgtZ=7005.98
[DIST] team=1 EnemyN=1 MyZ=7250.11 TgtZ=7005.98 Dist=4931
[ROOT] team=1 status=2 Z=7250.11 VP=(4819.14,101.701,7091.68)
[SelectTarget] team=2 EnemyN=1 TgtZ=7249.61
[DIST] team=2 EnemyN=1 MyZ=7005.98 TgtZ=7249.61 Dist=4931.25
[PURE_ATA] team=2 ata=12.6314 dist=4931.25 leadDist=0 aa=75.5448
[ROOT] team=2 status=2 Z=7005.98 VP=(1046.36,1582.25,7249.61)
[PURE_ATA] team=2 ata=10.6987 dist=4907.29 leadDist=0 aa=76.322
[PURE_ATA] team=2 ata=8.8318 dist=4883.02 leadDist=0 aa=76.9012
[PURE_ATA] team=2 ata=7.12194 dist=4858.44 leadDist=0 aa=80.1491
[PURE_ATA] team=2 ata=5.5029 dist=4832.35 leadDist=0 aa=103.527
[PURE_ATA] team=2 ata=4.07003 dist=4807.18 leadDist=0 aa=121.319
[PURE_ATA] team=2 ata=2.93322 dist=4780.12 leadDist=0 aa=114.089
[PURE_ATA] team=2 ata=2.11752 dist=4753.61 leadDist=0 aa=113.128
[PURE_ATA] team=2 ata=1.47743 dist=4726.43 leadDist=0 aa=113.328
[PURE_ATA] team=2 ata=1.16653 dist=4699.39 leadDist=0 aa=113.75
[PURE_ATA] team=2 ata=1.3427 dist=4671.68 leadDist=0 aa=114.19
[PURE_ATA] team=2 ata=1.63869 dist=4643.34 leadDist=0 aa=114.573
[PURE_ATA] team=2 ata=1.85619 dist=4615.1 leadDist=0 aa=115.083
[PURE_ATA] team=2 ata=1.87986 dist=4586.32 leadDist=0 aa=115.584
[PURE_ATA] team=2 ata=1.83434 dist=4556.82 leadDist=0 aa=116.287
[PURE_ATA] team=2 ata=1.75558 dist=4527.15 leadDist=0 aa=117.071
[PURE_ATA] team=2 ata=1.66011 dist=4497.57 leadDist=0 aa=118.011
[PURE_ATA] team=2 ata=1.54654 dist=4467.02 leadDist=0 aa=118.948
[PURE_ATA] team=2 ata=1.44627 dist=4436.23 leadDist=0 aa=119.915
[PURE_ATA] team=2 ata=1.37019 dist=4405.63 leadDist=0 aa=120.904
[PURE_ATA] team=2 ata=1.33476 dist=4373.98 leadDist=0 aa=121.924
[PURE_ATA] team=2 ata=1.35319 dist=4342.23 leadDist=0 aa=123.191
[PURE_ATA] team=2 ata=1.40652 dist=4310.54 leadDist=0 aa=125.305
[PURE_ATA] team=2 ata=1.47665 dist=4278.64 leadDist=0 aa=128.645
[PURE_ATA] team=2 ata=1.55473 dist=4245.85 leadDist=0 aa=133.461
[PURE_ATA] team=2 ata=1.60985 dist=4212.7 leadDist=0 aa=139.431
[PURE_ATA] team=2 ata=1.67575 dist=4179.93 leadDist=0 aa=145.212
[PURE_ATA] team=2 ata=1.70963 dist=4146.37 leadDist=0 aa=149.759
[PURE_ATA] team=2 ata=1.7314 dist=4112.4 leadDist=0 aa=152.413
[PURE_ATA] team=2 ata=1.69147 dist=4078.45 leadDist=0 aa=153.362
[SelectTarget] team=1 EnemyN=1 TgtZ=6998.13
[DIST] team=1 EnemyN=1 MyZ=7099.97 TgtZ=6998.13 Dist=4045.11
[ROOT] team=1 status=2 Z=7099.97 VP=(3827.71,21.3239,6498.26)
[SelectTarget] team=2 EnemyN=1 TgtZ=7098.69
[DIST] team=2 EnemyN=1 MyZ=6998.13 TgtZ=7098.69 Dist=4044.31
[PURE_ATA] team=2 ata=1.60641 dist=4044.31 leadDist=0 aa=153.2
[ROOT] team=2 status=2 Z=6998.13 VP=(810.82,720.837,7098.69)
[PURE_ATA] team=2 ata=1.50776 dist=4009.8 leadDist=0 aa=152.469
[SelectTarget] team=1 EnemyN=1 TgtZ=6946.67
[DIST] team=1 EnemyN=1 MyZ=6801.7 TgtZ=6946.67 Dist=2943.11
[ROOT] team=1 status=2 Z=6801.7 VP=(3084.28,675.781,6249.27)
[SelectTarget] team=2 EnemyN=1 TgtZ=6799.67
[DIST] team=2 EnemyN=1 MyZ=6946.67 TgtZ=6799.67 Dist=2941.94
[ROOT] team=2 status=2 Z=6946.67 VP=(3267.23,1684.93,6799.67)
[SelectTarget] team=1 EnemyN=1 TgtZ=6779.82
[DIST] team=1 EnemyN=1 MyZ=6365.78 TgtZ=6779.82 Dist=2241.25
[ROOT] team=1 status=2 Z=6365.78 VP=(3300.54,569.12,6791.76)
[SelectTarget] team=2 EnemyN=1 TgtZ=6363.18
[DIST] team=2 EnemyN=1 MyZ=6779.82 TgtZ=6363.18 Dist=2240.92
[ROOT] team=2 status=2 Z=6779.82 VP=(1789.55,1523.52,6429.82)
[SelectTarget] team=1 EnemyN=1 TgtZ=6506.64
[DIST] team=1 EnemyN=1 MyZ=5930.59 TgtZ=6506.64 Dist=2285.45
[ROOT] team=1 status=2 Z=5930.59 VP=(2449.74,1107.94,6544.15)
[SelectTarget] team=2 EnemyN=1 TgtZ=5928.33
[DIST] team=2 EnemyN=1 MyZ=6506.64 TgtZ=5928.33 Dist=2287.41
[ROOT] team=2 status=2 Z=6506.64 VP=(849.59,737.475,6156.64)
[SYNCCIRCLE] R=1268.73 dist=2621.45 shrink=0.28 thr=0.630479
[SelectTarget] team=1 EnemyN=1 TgtZ=6166.27
[DIST] team=1 EnemyN=1 MyZ=5480.39 TgtZ=6166.27 Dist=2725.18
[ROOT] team=1 status=2 Z=5480.39 VP=(814.615,818.943,5275.58)
[SelectTarget] team=2 EnemyN=1 TgtZ=5477.39
[DIST] team=2 EnemyN=1 MyZ=6166.27 TgtZ=5477.39 Dist=2727.39
[ROOT] team=2 status=2 Z=6166.27 VP=(601.484,-128.719,5816.27)
[SelectTarget] team=1 EnemyN=1 TgtZ=5770.73
[DIST] team=1 EnemyN=1 MyZ=4844.91 TgtZ=5770.73 Dist=3226.33
[ROOT] team=1 status=2 Z=4844.91 VP=(419.753,78.0116,4855.6)
[SelectTarget] team=2 EnemyN=1 TgtZ=4840.91
[DIST] team=2 EnemyN=1 MyZ=5770.73 TgtZ=4840.91 Dist=3227.48
[ROOT] team=2 status=2 Z=5770.73 VP=(663.844,-841.43,5420.73)
[SelectTarget] team=1 EnemyN=1 TgtZ=5352.89
[DIST] team=1 EnemyN=1 MyZ=4084.16 TgtZ=5352.89 Dist=3488.23
[ROOT] team=1 status=2 Z=4084.16 VP=(497.336,-772.284,4447.81)
[SelectTarget] team=2 EnemyN=1 TgtZ=4079.88
[DIST] team=2 EnemyN=1 MyZ=5352.89 TgtZ=4079.88 Dist=3488.07
[ROOT] team=2 status=2 Z=5352.89 VP=(1013.55,-1473.89,5002.89)
[SelectTarget] team=1 EnemyN=1 TgtZ=4952.48
[DIST] team=1 EnemyN=1 MyZ=3376.74 TgtZ=4952.48 Dist=3370.72
[ROOT] team=1 status=2 Z=3376.74 VP=(1035.27,-1453.45,4079.66)
[SelectTarget] team=2 EnemyN=1 TgtZ=3373.36
[DIST] team=2 EnemyN=1 MyZ=4952.48 TgtZ=3373.36 Dist=3368.71
[ROOT] team=2 status=2 Z=4952.48 VP=(1719.65,-1869.01,4602.48)
[SYNCCIRCLE] R=1253.34 dist=3016.65 shrink=0.28 thr=0.619778
[SelectTarget] team=1 EnemyN=1 TgtZ=4591.29
[DIST] team=1 EnemyN=1 MyZ=2919.1 TgtZ=4591.29 Dist=2904.45
[ROOT] team=1 status=2 Z=2919.1 VP=(1855.74,-1717.61,3739.9)
[SelectTarget] team=2 EnemyN=1 TgtZ=2917.49
[DIST] team=2 EnemyN=1 MyZ=4591.29 TgtZ=2917.49 Dist=2901.87
[ROOT] team=2 status=2 Z=4591.29 VP=(2635.95,-1693.17,4241.29)
[SelectTarget] team=1 EnemyN=1 TgtZ=4252.04
[DIST] team=1 EnemyN=1 MyZ=2784.46 TgtZ=4252.04 Dist=2296.94
[ROOT] team=1 status=2 Z=2784.46 VP=(1853.44,-1696.87,3932.93)
[SelectTarget] team=2 EnemyN=1 TgtZ=2784.64
[DIST] team=2 EnemyN=1 MyZ=4252.04 TgtZ=2784.64 Dist=2294.82
[ROOT] team=2 status=2 Z=4252.04 VP=(3139.73,-731.54,3902.04)
[SelectTarget] team=1 EnemyN=1 TgtZ=3889.72
[DIST] team=1 EnemyN=1 MyZ=2978.76 TgtZ=3889.72 Dist=1899.02
[ROOT] team=1 status=2 Z=2978.76 VP=(2632.39,-1369.24,3928.27)
[SelectTarget] team=2 EnemyN=1 TgtZ=2980.47
[DIST] team=2 EnemyN=1 MyZ=3889.72 TgtZ=2980.47 Dist=1896.81
[ROOT] team=2 status=2 Z=3889.72 VP=(2534.26,198.612,3539.72)
[SelectTarget] team=1 EnemyN=1 TgtZ=3466.2
[DIST] team=1 EnemyN=1 MyZ=3313.41 TgtZ=3466.2 Dist=2025.91
[ROOT] team=1 status=2 Z=3313.41 VP=(2999.21,-637.787,3522.61)
[SelectTarget] team=2 EnemyN=1 TgtZ=3315.18
[DIST] team=2 EnemyN=1 MyZ=3466.2 TgtZ=3315.18 Dist=2024.63
[ROOT] team=2 status=2 Z=3466.2 VP=(1773.12,316.413,3315.18)
[SYNCCIRCLE] R=1165.94 dist=2364.39 shrink=0.28 thr=0.593199
[SelectTarget] team=1 EnemyN=1 TgtZ=3053.46
[DIST] team=1 EnemyN=1 MyZ=3541.42 TgtZ=3053.46 Dist=2457.92
[ROOT] team=1 status=2 Z=3541.42 VP=(2768.37,139.73,3104.52)
[SelectTarget] team=2 EnemyN=1 TgtZ=3542.02
[DIST] team=2 EnemyN=1 MyZ=3053.46 TgtZ=3542.02 Dist=2457.16
[ROOT] team=2 status=2 Z=3053.46 VP=(1208.55,103.228,3403.46)
[SelectTarget] team=1 EnemyN=1 TgtZ=2812.57
[DIST] team=1 EnemyN=1 MyZ=3510.63 TgtZ=2812.57 Dist=2819.01
[ROOT] team=1 status=2 Z=3510.63 VP=(1055.31,498.328,2860.63)
[SelectTarget] team=2 EnemyN=1 TgtZ=3509.7
[DIST] team=2 EnemyN=1 MyZ=2812.57 TgtZ=3509.7 Dist=2817.96
[ROOT] team=2 status=2 Z=2812.57 VP=(783.059,-315.565,3162.57)
[SelectTarget] team=1 EnemyN=1 TgtZ=2723.59
[DIST] team=1 EnemyN=1 MyZ=3225.36 TgtZ=2723.59 Dist=2876.77
[ROOT] team=1 status=2 Z=3225.36 VP=(492.615,-265.539,2575.36)
[SelectTarget] team=2 EnemyN=1 TgtZ=3223.18
[DIST] team=2 EnemyN=1 MyZ=2723.59 TgtZ=3223.18 Dist=2874.54
[ROOT] team=2 status=2 Z=2723.59 VP=(612.996,-971.078,3073.59)
[SelectTarget] team=1 EnemyN=1 TgtZ=2741.3
[DIST] team=1 EnemyN=1 MyZ=2761.96 TgtZ=2741.3 Dist=2577.06
[ROOT] team=1 status=2 Z=2761.96 VP=(510.984,-1147.64,2201.33)
[SelectTarget] team=2 EnemyN=1 TgtZ=2759.1
[DIST] team=2 EnemyN=1 MyZ=2741.3 TgtZ=2759.1 Dist=2573.51
[ROOT] team=2 status=2 Z=2741.3 VP=(922.25,-1719.05,2759.1)
[SYNCCIRCLE] R=1035.99 dist=2094.18 shrink=0.28 thr=0.881937
[SelectTarget] team=1 EnemyN=1 TgtZ=2653.02
[DIST] team=1 EnemyN=1 MyZ=2326.54 TgtZ=2653.02 Dist=1946.82
[ROOT] team=1 status=2 Z=2326.54 VP=(712.469,-958.783,2671.22)
[SelectTarget] team=2 EnemyN=1 TgtZ=2325.07
[DIST] team=2 EnemyN=1 MyZ=2653.02 TgtZ=2325.07 Dist=1942.71
[ROOT] team=2 status=2 Z=2653.02 VP=(1826.14,-2121.14,2325.07)
[SelectTarget] team=1 EnemyN=1 TgtZ=2433.19
[DIST] team=1 EnemyN=1 MyZ=2222.94 TgtZ=2433.19 Dist=1214.68
[ROOT] team=1 status=2 Z=2222.94 VP=(1316.06,-1486.18,2457.92)
[SelectTarget] team=2 EnemyN=1 TgtZ=2223.01
[DIST] team=2 EnemyN=1 MyZ=2433.19 TgtZ=2223.01 Dist=1211.58
[ROOT] team=2 status=2 Z=2433.19 VP=(2904.71,-1280.4,2223.01)
[SelectTarget] team=1 EnemyN=1 TgtZ=2227.16
[DIST] team=1 EnemyN=1 MyZ=2251.68 TgtZ=2227.16 Dist=1176.53
[ROOT] team=1 status=2 Z=2251.68 VP=(2108.96,-1393.49,2248.29)
[SelectTarget] team=2 EnemyN=1 TgtZ=2251.69
[DIST] team=2 EnemyN=1 MyZ=2227.16 TgtZ=2251.69 Dist=1176.12
[ROOT] team=2 status=2 Z=2227.16 VP=(2144.24,162.456,2251.69)
[SelectTarget] team=1 EnemyN=1 TgtZ=2026.03
[DIST] team=1 EnemyN=1 MyZ=2171.25 TgtZ=2026.03 Dist=1851.32
[ROOT] team=1 status=2 Z=2171.25 VP=(2551.77,-728.827,2046.68)
[SelectTarget] team=2 EnemyN=1 TgtZ=2170.29
[DIST] team=2 EnemyN=1 MyZ=2026.03 TgtZ=2170.29 Dist=1852.22
[ROOT] team=2 status=2 Z=2026.03 VP=(2381.65,859.019,6800.27)
[SelectTarget] team=1 EnemyN=1 TgtZ=1911.08
[DIST] team=1 EnemyN=1 MyZ=1974.07 TgtZ=1911.08 Dist=2609.08
[ROOT] team=1 status=2 Z=1974.07 VP=(3313.22,-2952.24,6748.78)
[SelectTarget] team=2 EnemyN=1 TgtZ=1973.02
[DIST] team=2 EnemyN=1 MyZ=1911.08 TgtZ=1973.02 Dist=2609.75
[SYNCCIRCLE] R=1304.51 dist=2609.75 shrink=0.28 thr=0.861359
[ROOT] team=2 status=2 Z=1911.08 VP=(841.367,0.816268,2000)
[SelectTarget] team=1 EnemyN=1 TgtZ=1861.64
[DIST] team=1 EnemyN=1 MyZ=1856.29 TgtZ=1861.64 Dist=3391.95
[ROOT] team=1 status=2 Z=1856.29 VP=(747.645,682.719,1500)
[SelectTarget] team=2 EnemyN=1 TgtZ=1856.03
[DIST] team=2 EnemyN=1 MyZ=1861.64 TgtZ=1856.03 Dist=3393.78
[ROOT] team=2 status=2 Z=1861.64 VP=(411.604,-266.043,2000)
[SelectTarget] team=1 EnemyN=1 TgtZ=1826.52
[DIST] team=1 EnemyN=1 MyZ=1815.49 TgtZ=1826.52 Dist=3895.6
[ROOT] team=1 status=2 Z=1815.49 VP=(333.826,-301.63,1500)
[SelectTarget] team=2 EnemyN=1 TgtZ=1815.39
[DIST] team=2 EnemyN=1 MyZ=1826.52 TgtZ=1815.39 Dist=3896.91
[ROOT] team=2 status=2 Z=1826.52 VP=(147.765,-919.528,2000)
[SelectTarget] team=1 EnemyN=1 TgtZ=1845.37
[DIST] team=1 EnemyN=1 MyZ=1835.92 TgtZ=1845.37 Dist=3972.63
[ROOT] team=1 status=2 Z=1835.92 VP=(487.992,-1211.53,1500)
[SelectTarget] team=2 EnemyN=1 TgtZ=1836.44
[DIST] team=2 EnemyN=1 MyZ=1845.37 TgtZ=1836.44 Dist=3973.11
[ROOT] team=2 status=2 Z=1845.37 VP=(438.538,-1814.76,2000)
[SelectTarget] team=1 EnemyN=1 TgtZ=1878.38
[DIST] team=1 EnemyN=1 MyZ=1843.78 TgtZ=1878.38 Dist=3759.84
[ROOT] team=1 status=2 Z=1843.78 VP=(1004.42,-1965.85,1500)
[SelectTarget] team=2 EnemyN=1 TgtZ=1843.58
[DIST] team=2 EnemyN=1 MyZ=1878.38 TgtZ=1843.58 Dist=3759.07
[ROOT] team=2 status=2 Z=1878.38 VP=(1218.3,-2514.22,2000)
[SYNCCIRCLE] R=1850.97 dist=3702.21 shrink=0.28 thr=0.819381
[SelectTarget] team=1 EnemyN=1 TgtZ=1899.27
[DIST] team=1 EnemyN=1 MyZ=1812.24 TgtZ=1899.27 Dist=3420.21
[ROOT] team=1 status=2 Z=1812.24 VP=(1839.99,-2391.31,1500)
[SelectTarget] team=2 EnemyN=1 TgtZ=1812.21
[DIST] team=2 EnemyN=1 MyZ=1899.27 TgtZ=1812.21 Dist=3419.38
[ROOT] team=2 status=2 Z=1899.27 VP=(2284.8,-2757.62,2000)
[SelectTarget] team=1 EnemyN=1 TgtZ=1910.8
[DIST] team=1 EnemyN=1 MyZ=1818.16 TgtZ=1910.8 Dist=3055.49
[ROOT] team=1 status=2 Z=1818.16 VP=(2796.02,-2308.33,1500)
[SelectTarget] team=2 EnemyN=1 TgtZ=1818.92
[DIST] team=2 EnemyN=1 MyZ=1910.8 TgtZ=1818.92 Dist=3055.02
[ROOT] team=2 status=2 Z=1910.8 VP=(3361.48,-2369.4,2000)
[SelectTarget] team=1 EnemyN=1 TgtZ=1915.75
[DIST] team=1 EnemyN=1 MyZ=1925.28 TgtZ=1915.75 Dist=2799.12
[ROOT] team=1 status=2 Z=1925.28 VP=(3535.46,-1664.97,1500)
[SelectTarget] team=2 EnemyN=1 TgtZ=1925.3
[DIST] team=2 EnemyN=1 MyZ=1915.75 TgtZ=1925.3 Dist=2797.83
[ROOT] team=2 status=2 Z=1915.75 VP=(4022.28,-1375.31,2000)
[SelectTarget] team=1 EnemyN=1 TgtZ=1916.11
[DIST] team=1 EnemyN=1 MyZ=1864.55 TgtZ=1916.11 Dist=2524.66
[ROOT] team=1 status=2 Z=1864.55 VP=(3699.78,-683.953,1500)
[SelectTarget] team=2 EnemyN=1 TgtZ=1864.17
[DIST] team=2 EnemyN=1 MyZ=1916.11 TgtZ=1864.17 Dist=2523.74
[ROOT] team=2 status=2 Z=1916.11 VP=(3876.21,-139.509,2000)
[SYNCCIRCLE] R=1243.21 dist=2487.34 shrink=0.28 thr=0.75024
[SelectTarget] team=1 EnemyN=1 TgtZ=1912.91
[DIST] team=1 EnemyN=1 MyZ=1823.36 TgtZ=1912.91 Dist=2431.98
[ROOT] team=1 status=2 Z=1823.36 VP=(1451.86,-2459.85,6610.53)
[SelectTarget] team=2 EnemyN=1 TgtZ=1823.11
[DIST] team=2 EnemyN=1 MyZ=1912.91 TgtZ=1823.11 Dist=2431.97
[ROOT] team=2 status=2 Z=1912.91 VP=(2888.27,674.55,2000)
[SelectTarget] team=1 EnemyN=1 TgtZ=1908.73
[DIST] team=1 EnemyN=1 MyZ=1799.69 TgtZ=1908.73 Dist=2466.96
[ROOT] team=1 status=2 Z=1799.69 VP=(2440.56,-2980.03,6588.3)
[SelectTarget] team=2 EnemyN=1 TgtZ=1799.5
[DIST] team=2 EnemyN=1 MyZ=1908.73 TgtZ=1799.5 Dist=2467.75
[ROOT] team=2 status=2 Z=1908.73 VP=(1626.1,593.904,2000)
[SelectTarget] team=1 EnemyN=1 TgtZ=1906.17
[DIST] team=1 EnemyN=1 MyZ=1895.47 TgtZ=1906.17 Dist=2662.44
[ROOT] team=1 status=2 Z=1895.47 VP=(1306.52,-77.5647,1500)
[SelectTarget] team=2 EnemyN=1 TgtZ=1896.01
[DIST] team=2 EnemyN=1 MyZ=1906.17 TgtZ=1896.01 Dist=2663.87
[ROOT] team=2 status=2 Z=1906.17 VP=(736.014,-235.655,2000)
[SelectTarget] team=1 EnemyN=1 TgtZ=1906.41
[DIST] team=1 EnemyN=1 MyZ=1882.45 TgtZ=1906.41 Dist=2793.79
[ROOT] team=1 status=2 Z=1882.45 VP=(877.348,-945.14,1500)
[SelectTarget] team=2 EnemyN=1 TgtZ=1882.11
[DIST] team=2 EnemyN=1 MyZ=1906.41 TgtZ=1882.11 Dist=2794.54
[ROOT] team=2 status=2 Z=1906.41 VP=(516.287,-1406.38,2000)
[SYNCCIRCLE] R=1414.67 dist=2829.55 shrink=0.28 thr=0.790572
[SelectTarget] team=1 EnemyN=1 TgtZ=1908.73
[DIST] team=1 EnemyN=1 MyZ=1829.87 TgtZ=1908.73 Dist=2972.91
[ROOT] team=1 status=2 Z=1829.87 VP=(1029.68,-1907.44,1500)
[SelectTarget] team=2 EnemyN=1 TgtZ=1829.73
[DIST] team=2 EnemyN=1 MyZ=1908.73 TgtZ=1829.73 Dist=2974.59
[ROOT] team=2 status=2 Z=1908.73 VP=(994.585,-2484.28,2000)
[SelectTarget] team=1 EnemyN=1 TgtZ=1912.71
[DIST] team=1 EnemyN=1 MyZ=1803.6 TgtZ=1912.71 Dist=3187.47
[ROOT] team=1 status=2 Z=1803.6 VP=(1679.76,-2632.1,1500)
[SelectTarget] team=2 EnemyN=1 TgtZ=1803.47
[DIST] team=2 EnemyN=1 MyZ=1912.71 TgtZ=1803.47 Dist=3189.4
[ROOT] team=2 status=2 Z=1912.71 VP=(1957.33,-3129.73,2000)
[SelectTarget] team=1 EnemyN=1 TgtZ=1917.35
[DIST] team=1 EnemyN=1 MyZ=1880.69 TgtZ=1917.35 Dist=3430.34
[ROOT] team=1 status=2 Z=1880.69 VP=(2606.6,-2920.26,1500)
[SelectTarget] team=2 EnemyN=1 TgtZ=1881.7
[DIST] team=2 EnemyN=1 MyZ=1917.35 TgtZ=1881.7 Dist=3431.84
[ROOT] team=2 status=2 Z=1917.35 VP=(3087.43,-3213.44,2000)
[SelectTarget] team=1 EnemyN=1 TgtZ=1921.65
[DIST] team=1 EnemyN=1 MyZ=1994.47 TgtZ=1921.65 Dist=3551.5
[ROOT] team=1 status=2 Z=1994.47 VP=(3553.87,-2730.24,1500)
[SelectTarget] team=2 EnemyN=1 TgtZ=1994.54
[DIST] team=2 EnemyN=1 MyZ=1921.65 TgtZ=1994.54 Dist=3553.01
[ROOT] team=2 status=2 Z=1921.65 VP=(4110.49,-2751.04,2000)
[SYNCCIRCLE] R=1773.13 dist=3546.95 shrink=0.28 thr=0.700442
[SelectTarget] team=1 EnemyN=1 TgtZ=1924
[DIST] team=1 EnemyN=1 MyZ=1912.61 TgtZ=1924 Dist=3463.42
[ROOT] team=1 status=2 Z=1912.61 VP=(4286.61,-2090.45,1500)
[SelectTarget] team=2 EnemyN=1 TgtZ=1912.12
[DIST] team=2 EnemyN=1 MyZ=1924 TgtZ=1912.12 Dist=3464.84
[ROOT] team=2 status=2 Z=1924 VP=(4773.33,-1828.83,2000)
[SelectTarget] team=1 EnemyN=1 TgtZ=1924.12
[DIST] team=1 EnemyN=1 MyZ=1838.03 TgtZ=1924.12 Dist=3367.67
[ROOT] team=1 status=2 Z=1838.03 VP=(722.331,-803.625,6623.8)
[SelectTarget] team=2 EnemyN=1 TgtZ=1837.63
[DIST] team=2 EnemyN=1 MyZ=1924.12 TgtZ=1837.63 Dist=3367.77
[ROOT] team=2 status=2 Z=1924.12 VP=(4856.3,-673.738,2000)
[SelectTarget] team=1 EnemyN=1 TgtZ=1922.49
[DIST] team=1 EnemyN=1 MyZ=1802.07 TgtZ=1922.49 Dist=3282.38
[ROOT] team=1 status=2 Z=1802.07 VP=(4324.49,-190.652,1500)
[SelectTarget] team=2 EnemyN=1 TgtZ=1801.94
[DIST] team=2 EnemyN=1 MyZ=1922.49 TgtZ=1801.94 Dist=3282.7
[ROOT] team=2 status=2 Z=1922.49 VP=(4295.51,357.868,2000)
[SelectTarget] team=1 EnemyN=1 TgtZ=1919.85
[DIST] team=1 EnemyN=1 MyZ=1824.68 TgtZ=1919.85 Dist=3222.88
[ROOT] team=1 status=2 Z=1824.68 VP=(3579.33,470.027,1500)
[SelectTarget] team=2 EnemyN=1 TgtZ=1825.43
[DIST] team=2 EnemyN=1 MyZ=1919.85 TgtZ=1825.43 Dist=3224.2
[ROOT] team=2 status=2 Z=1919.85 VP=(3252.54,911.213,2000)
[SYNCCIRCLE] R=1614.08 dist=3228.82 shrink=0.28 thr=0.68398
[SelectTarget] team=1 EnemyN=1 TgtZ=1917.27
[DIST] team=1 EnemyN=1 MyZ=1919.47 TgtZ=1917.27 Dist=3181.21
[ROOT] team=1 status=2 Z=1919.47 VP=(2596.75,612.59,1500)
[SelectTarget] team=2 EnemyN=1 TgtZ=1919.45
[DIST] team=2 EnemyN=1 MyZ=1917.27 TgtZ=1919.45 Dist=3181.13
[ROOT] team=2 status=2 Z=1917.27 VP=(2080.98,799.665,2000)
[SelectTarget] team=1 EnemyN=1 TgtZ=1915.11
[DIST] team=1 EnemyN=1 MyZ=1862.58 TgtZ=1915.11 Dist=3045.51
[ROOT] team=1 status=2 Z=1862.58 VP=(1705.07,170.974,1500)
[SelectTarget] team=2 EnemyN=1 TgtZ=1862.26
[DIST] team=2 EnemyN=1 MyZ=1915.11 TgtZ=1862.26 Dist=3045.63
[ROOT] team=2 status=2 Z=1915.11 VP=(1175.11,26.633,2000)
[SelectTarget] team=1 EnemyN=1 TgtZ=1913.64
[DIST] team=1 EnemyN=1 MyZ=1817.33 TgtZ=1913.64 Dist=2971.56
[ROOT] team=1 status=2 Z=1817.33 VP=(4823.7,-1561.06,6603.44)
[SelectTarget] team=2 EnemyN=1 TgtZ=1817.01
[DIST] team=2 EnemyN=1 MyZ=1913.64 TgtZ=1817.01 Dist=2972.23
[ROOT] team=2 status=2 Z=1913.64 VP=(899.765,-1149.87,2000)
[SelectTarget] team=1 EnemyN=1 TgtZ=1913.59
[DIST] team=1 EnemyN=1 MyZ=1799.59 TgtZ=1913.59 Dist=2976.25
[ROOT] team=1 status=2 Z=1799.59 VP=(4874.93,-392.298,6608.03)
[SelectTarget] team=2 EnemyN=1 TgtZ=1799.86
[DIST] team=2 EnemyN=1 MyZ=1913.59 TgtZ=1799.86 Dist=2977.15
[ROOT] team=2 status=2 Z=1913.59 VP=(1381.18,-2265.69,2000)
[SYNCCIRCLE] R=1498.92 dist=2999.37 shrink=0.28 thr=0.701677
[SelectTarget] team=1 EnemyN=1 TgtZ=1915.32
[DIST] team=1 EnemyN=1 MyZ=1898.67 TgtZ=1915.32 Dist=3082
[ROOT] team=1 status=2 Z=1898.67 VP=(2096.66,-2431.32,1500)
[SelectTarget] team=2 EnemyN=1 TgtZ=1898.88
[DIST] team=2 EnemyN=1 MyZ=1915.32 TgtZ=1898.88 Dist=3082.91
[ROOT] team=2 status=2 Z=1915.32 VP=(2396.84,-2897.85,2000)
[SelectTarget] team=1 EnemyN=1 TgtZ=1917.9
[DIST] team=1 EnemyN=1 MyZ=1858.12 TgtZ=1917.9 Dist=3101.39
[ROOT] team=1 status=2 Z=1858.12 VP=(3071.6,-2626.54,1500)
[SelectTarget] team=2 EnemyN=1 TgtZ=1857.86
[DIST] team=2 EnemyN=1 MyZ=1917.9 TgtZ=1857.86 Dist=3102.35
[ROOT] team=2 status=2 Z=1917.9 VP=(3583.9,-2840.92,2000)
[SelectTarget] team=1 EnemyN=1 TgtZ=1920.07
[DIST] team=1 EnemyN=1 MyZ=1817.2 TgtZ=1920.07 Dist=3149.59
[ROOT] team=1 status=2 Z=1817.2 VP=(1781.4,923.674,6604.63)
[SelectTarget] team=2 EnemyN=1 TgtZ=1816.91
[DIST] team=2 EnemyN=1 MyZ=1920.07 TgtZ=1816.91 Dist=3150.73
[ROOT] team=2 status=2 Z=1920.07 VP=(4528.64,-2127.04,2000)
[SelectTarget] team=1 EnemyN=1 TgtZ=1921.31
[DIST] team=1 EnemyN=1 MyZ=1794.98 TgtZ=1921.31 Dist=3200.79
[ROOT] team=1 status=2 Z=1794.98 VP=(907.883,135.752,6591.55)
[SelectTarget] team=2 EnemyN=1 TgtZ=1794.96
[DIST] team=2 EnemyN=1 MyZ=1921.31 TgtZ=1794.96 Dist=3201.15
[ROOT] team=2 status=2 Z=1921.31 VP=(4918.04,-1011.87,2000)
[SYNCCIRCLE] R=1607.84 dist=3217.76 shrink=0.28 thr=0.697562
[SelectTarget] team=1 EnemyN=1 TgtZ=1921.55
[DIST] team=1 EnemyN=1 MyZ=1924.96 TgtZ=1921.55 Dist=3315.97
[ROOT] team=1 status=2 Z=1924.96 VP=(4532.31,-408.301,1500)
[SelectTarget] team=2 EnemyN=1 TgtZ=1925.64
[DIST] team=2 EnemyN=1 MyZ=1921.55 TgtZ=1925.64 Dist=3316.86
[ROOT] team=2 status=2 Z=1921.55 VP=(4660.93,129.537,2000)
[SelectTarget] team=1 EnemyN=1 TgtZ=1920.79
[DIST] team=1 EnemyN=1 MyZ=1939.05 TgtZ=1920.79 Dist=3282.14
[ROOT] team=1 status=2 Z=1939.05 VP=(1389.21,-2235.42,6717.83)
[SelectTarget] team=2 EnemyN=1 TgtZ=1938.45
[DIST] team=2 EnemyN=1 MyZ=1920.79 TgtZ=1938.45 Dist=3282.3
[ROOT] team=2 status=2 Z=1920.79 VP=(3834.44,958.356,2000)
[SelectTarget] team=1 EnemyN=1 TgtZ=1918.84
[DIST] team=1 EnemyN=1 MyZ=1853.62 TgtZ=1918.84 Dist=3214.78
[ROOT] team=1 status=2 Z=1853.62 VP=(3117.24,864.812,1500)
[SelectTarget] team=2 EnemyN=1 TgtZ=1853.34
[DIST] team=2 EnemyN=1 MyZ=1918.84 TgtZ=1853.34 Dist=3215.07
[ROOT] team=2 status=2 Z=1918.84 VP=(2679.01,1196.31,2000)
[SelectTarget] team=1 EnemyN=1 TgtZ=1916.67
[DIST] team=1 EnemyN=1 MyZ=1818.91 TgtZ=1916.67 Dist=3205.6
[ROOT] team=1 status=2 Z=1818.91 VP=(2132.86,713.184,1500)
[SelectTarget] team=2 EnemyN=1 TgtZ=1818.84
[DIST] team=2 EnemyN=1 MyZ=1916.67 TgtZ=1818.84 Dist=3206.84
[ROOT] team=2 status=2 Z=1916.67 VP=(1584.85,743.953,2000)
[SYNCCIRCLE] R=1600.18 dist=3202 shrink=0.28 thr=0.686861
[SelectTarget] team=1 EnemyN=1 TgtZ=1915.31
[DIST] team=1 EnemyN=1 MyZ=1806.63 TgtZ=1915.31 Dist=3188.78
[ROOT] team=1 status=2 Z=1806.63 VP=(4506.71,-2049.5,6595.04)
[SelectTarget] team=2 EnemyN=1 TgtZ=1806.5
[DIST] team=2 EnemyN=1 MyZ=1915.31 TgtZ=1806.5 Dist=3189.14
[ROOT] team=2 status=2 Z=1915.31 VP=(930.527,-245.069,2000)
[SelectTarget] team=1 EnemyN=1 TgtZ=1915.22
[DIST] team=1 EnemyN=1 MyZ=1850.47 TgtZ=1915.22 Dist=3194.55
[ROOT] team=1 status=2 Z=1850.47 VP=(1174.38,-937.365,1500)
[SelectTarget] team=2 EnemyN=1 TgtZ=1850.77
[DIST] team=2 EnemyN=1 MyZ=1915.22 TgtZ=1850.77 Dist=3194.99
[ROOT] team=2 status=2 Z=1915.22 VP=(941.434,-1434.72,2000)
[SelectTarget] team=1 EnemyN=1 TgtZ=1916.35
[DIST] team=1 EnemyN=1 MyZ=1834.27 TgtZ=1916.35 Dist=3146.19
[ROOT] team=1 status=2 Z=1834.27 VP=(1531.91,-1872.89,1500)
[SelectTarget] team=2 EnemyN=1 TgtZ=1834.21
[DIST] team=2 EnemyN=1 MyZ=1916.35 TgtZ=1834.21 Dist=3146.63
[ROOT] team=2 status=2 Z=1916.35 VP=(1623.72,-2415.28,2000)
[SelectTarget] team=1 EnemyN=1 TgtZ=1918.11
[DIST] team=1 EnemyN=1 MyZ=1814.21 TgtZ=1918.11 Dist=3126.03
[ROOT] team=1 status=2 Z=1814.21 VP=(2359.81,-2436.32,1500)
[SelectTarget] team=2 EnemyN=1 TgtZ=1814.17
[DIST] team=2 EnemyN=1 MyZ=1918.11 TgtZ=1814.17 Dist=3126.93
[ROOT] team=2 status=2 Z=1918.11 VP=(2747.4,-2829,2000)
[SYNCCIRCLE] R=1559.81 dist=3121.52 shrink=0.28 thr=0.693035
[SelectTarget] team=1 EnemyN=1 TgtZ=1920.06
[DIST] team=1 EnemyN=1 MyZ=1805.11 TgtZ=1920.06 Dist=3128.29
[ROOT] team=1 status=2 Z=1805.11 VP=(2435.01,1171.14,6593.54)
[SelectTarget] team=2 EnemyN=1 TgtZ=1804.97
[DIST] team=2 EnemyN=1 MyZ=1920.06 TgtZ=1804.97 Dist=3128.78
[ROOT] team=2 status=2 Z=1920.06 VP=(3901.99,-2526.32,2000)
[SelectTarget] team=1 EnemyN=1 TgtZ=1921.64
[DIST] team=1 EnemyN=1 MyZ=1882 TgtZ=1921.64 Dist=3187.66
[ROOT] team=1 status=2 Z=1882 VP=(4173.69,-1847.29,1500)
[SelectTarget] team=2 EnemyN=1 TgtZ=1882.75
[DIST] team=2 EnemyN=1 MyZ=1921.64 TgtZ=1882.75 Dist=3188.55
[ROOT] team=2 status=2 Z=1921.64 VP=(4683.34,-1631.33,2000)
[SelectTarget] team=1 EnemyN=1 TgtZ=1922.4
[DIST] team=1 EnemyN=1 MyZ=1920.51 TgtZ=1922.4 Dist=3168.8
[ROOT] team=1 status=2 Z=1920.51 VP=(4536.52,-919.242,1500)
[SelectTarget] team=2 EnemyN=1 TgtZ=1920.07
[DIST] team=2 EnemyN=1 MyZ=1922.4 TgtZ=1920.07 Dist=3169.73
[ROOT] team=2 status=2 Z=1922.4 VP=(4839.56,-456.794,2000)
[SelectTarget] team=1 EnemyN=1 TgtZ=1921.47
[DIST] team=1 EnemyN=1 MyZ=1847.33 TgtZ=1921.47 Dist=3115.13
[ROOT] team=1 status=2 Z=1847.33 VP=(4308.36,57.0756,1500)
[SelectTarget] team=2 EnemyN=1 TgtZ=1847
[DIST] team=2 EnemyN=1 MyZ=1921.47 TgtZ=1847 Dist=3115.65
[ROOT] team=2 status=2 Z=1921.47 VP=(4292.23,609.366,2000)
[SYNCCIRCLE] R=1559.3 dist=3119.66 shrink=0.28 thr=0.691388
[SelectTarget] team=1 EnemyN=1 TgtZ=1919.36
[DIST] team=1 EnemyN=1 MyZ=1816.93 TgtZ=1919.36 Dist=3139.12
[ROOT] team=1 status=2 Z=1816.93 VP=(3561.18,727.902,1500)
[SelectTarget] team=2 EnemyN=1 TgtZ=1816.94
[DIST] team=2 EnemyN=1 MyZ=1919.36 TgtZ=1816.94 Dist=3140.01
[ROOT] team=2 status=2 Z=1919.36 VP=(3233.85,1172.55,2000)
[SelectTarget] team=1 EnemyN=1 TgtZ=1917.2
[DIST] team=1 EnemyN=1 MyZ=1805.47 TgtZ=1917.2 Dist=3176.76
[ROOT] team=1 status=2 Z=1805.47 VP=(2569.56,856.918,1500)
[SelectTarget] team=2 EnemyN=1 TgtZ=1805.52
[DIST] team=2 EnemyN=1 MyZ=1917.2 TgtZ=1805.52 Dist=3176.94
[ROOT] team=2 status=2 Z=1917.2 VP=(2049.58,1039.45,2000)
[SelectTarget] team=1 EnemyN=1 TgtZ=1915.79
[DIST] team=1 EnemyN=1 MyZ=1839.97 TgtZ=1915.79 Dist=3225.59
[ROOT] team=1 status=2 Z=1839.97 VP=(1679.05,407.749,1500)
[SelectTarget] team=2 EnemyN=1 TgtZ=1840.55
[DIST] team=2 EnemyN=1 MyZ=1915.79 TgtZ=1840.55 Dist=3227
[ROOT] team=2 status=2 Z=1915.79 VP=(1146.03,272.111,2000)
[SelectTarget] team=1 EnemyN=1 TgtZ=1915.67
[DIST] team=1 EnemyN=1 MyZ=1858.88 TgtZ=1915.67 Dist=3211.59
[ROOT] team=1 status=2 Z=1858.88 VP=(4863.97,-1662.92,6643.46)
[SelectTarget] team=2 EnemyN=1 TgtZ=1858.51
[DIST] team=2 EnemyN=1 MyZ=1915.67 TgtZ=1858.51 Dist=3212.02
[ROOT] team=2 status=2 Z=1915.67 VP=(814.105,-863.048,2000)
[SYNCCIRCLE] R=1602.08 dist=3204.85 shrink=0.28 thr=0.687684
[SelectTarget] team=1 EnemyN=1 TgtZ=1916.43
[DIST] team=1 EnemyN=1 MyZ=1823.76 TgtZ=1916.43 Dist=3174.89
[ROOT] team=1 status=2 Z=1823.76 VP=(1254.18,-1455.03,1500)
[SelectTarget] team=2 EnemyN=1 TgtZ=1823.72
[DIST] team=2 EnemyN=1 MyZ=1916.43 TgtZ=1823.72 Dist=3175.3
[ROOT] team=2 status=2 Z=1916.43 VP=(1182.58,-1999.53,2000)
runner:local/env:0	num_steps=[11999] | total rewards=[-119.9900] | termination= [max time out]
[seed 1] reward=  -119.99 ownHP=1.0000 tgtHP=1.0000 max time out
total: 2
[PURE_ATA] team=2 ata=24.8463 dist=4843.75 leadDist=0 aa=154.363
[PURE_ATA] team=2 ata=24.9576 dist=4790.78 leadDist=0 aa=153.981
[PURE_ATA] team=2 ata=23.7305 dist=4737.54 leadDist=0 aa=153.113
[PURE_ATA] team=2 ata=22.1018 dist=4684.81 leadDist=0 aa=151.906
[PURE_ATA] team=2 ata=20.8141 dist=4632.15 leadDist=0 aa=150.725
[PURE_ATA] team=2 ata=19.7106 dist=4579.2 leadDist=0 aa=149.869
[PURE_ATA] team=2 ata=18.6526 dist=4526.71 leadDist=0 aa=149.603
[PURE_ATA] team=2 ata=17.6499 dist=4473.94 leadDist=0 aa=150.112
[PURE_ATA] team=2 ata=16.781 dist=4420.91 leadDist=0 aa=151.554
[PURE_ATA] team=2 ata=16.003 dist=4368.29 leadDist=0 aa=153.894
[PURE_ATA] team=2 ata=15.3005 dist=4315.4 leadDist=0 aa=156.643
[PURE_ATA] team=2 ata=14.6264 dist=4261.78 leadDist=0 aa=159.294
[PURE_ATA] team=2 ata=13.986 dist=4208.61 leadDist=0 aa=161.562
[PURE_ATA] team=2 ata=13.3996 dist=4155.55 leadDist=0 aa=163.538
[PURE_ATA] team=2 ata=12.8634 dist=4102.1 leadDist=0 aa=165.38
[PURE_ATA] team=2 ata=12.373 dist=4048.63 leadDist=0 aa=167.052
[SelectTarget] team=1 EnemyN=1 TgtZ=7038.06
[DIST] team=1 EnemyN=1 MyZ=8421.06 TgtZ=7038.06 Dist=3836.96
[ROOT] team=1 status=2 Z=8421.06 VP=(4528,550.522,7771.06)
[SelectTarget] team=2 EnemyN=1 TgtZ=8420.26
[DIST] team=2 EnemyN=1 MyZ=7038.06 TgtZ=8420.26 Dist=3832.84
[ROOT] team=2 status=2 Z=7038.06 VP=(4465.3,-1128.08,7388.06)
[SelectTarget] team=1 EnemyN=1 TgtZ=7137.23
[DIST] team=1 EnemyN=1 MyZ=8188.13 TgtZ=7137.23 Dist=2262.45
[ROOT] team=1 status=2 Z=8188.13 VP=(4694.45,73.4904,7538.13)
[SelectTarget] team=2 EnemyN=1 TgtZ=8186.39
[DIST] team=2 EnemyN=1 MyZ=7137.23 TgtZ=8186.39 Dist=2257.74
[ROOT] team=2 status=2 Z=7137.23 VP=(3286.67,-760.816,7487.23)
[SelectTarget] team=1 EnemyN=1 TgtZ=7255.94
[DIST] team=1 EnemyN=1 MyZ=7821.99 TgtZ=7255.94 Dist=1267.35
[ROOT] team=1 status=2 Z=7821.99 VP=(3816.12,-135.806,7227.36)
[SelectTarget] team=2 EnemyN=1 TgtZ=7819.55
[DIST] team=2 EnemyN=1 MyZ=7255.94 TgtZ=7819.55 Dist=1262.82
[ROOT] team=2 status=2 Z=7255.94 VP=(2286.55,310.252,7605.94)
[SYNCCIRCLE] R=630.167 dist=1266.12 shrink=0.28 thr=0.859713
[SelectTarget] team=1 EnemyN=1 TgtZ=7353.31
[DIST] team=1 EnemyN=1 MyZ=7306.91 TgtZ=7353.31 Dist=1440.62
[ROOT] team=1 status=2 Z=7306.91 VP=(3023.29,-160.735,7322.54)
[SelectTarget] team=2 EnemyN=1 TgtZ=7303.74
[DIST] team=2 EnemyN=1 MyZ=7353.31 TgtZ=7303.74 Dist=1441.11
[ROOT] team=2 status=2 Z=7353.31 VP=(2809.89,1365.23,7303.74)
[SelectTarget] team=1 EnemyN=1 TgtZ=7340.62
[DIST] team=1 EnemyN=1 MyZ=6693.43 TgtZ=7340.62 Dist=2379.51
[ROOT] team=1 status=2 Z=6693.43 VP=(1517.43,771.521,6658.85)
[SelectTarget] team=2 EnemyN=1 TgtZ=6689.74
[DIST] team=2 EnemyN=1 MyZ=7340.62 TgtZ=6689.74 Dist=2381
[ROOT] team=2 status=2 Z=7340.62 VP=(2978.33,1514.09,6990.62)
[SelectTarget] team=1 EnemyN=1 TgtZ=7134.58
[DIST] team=1 EnemyN=1 MyZ=5992.91 TgtZ=7134.58 Dist=3241.64
[ROOT] team=1 status=2 Z=5992.91 VP=(1426.95,1543.25,6287.78)
[SelectTarget] team=2 EnemyN=1 TgtZ=5988.91
[DIST] team=2 EnemyN=1 MyZ=7134.58 TgtZ=5988.91 Dist=3242.38
[ROOT] team=2 status=2 Z=7134.58 VP=(2929.96,1757.85,6784.58)
[SelectTarget] team=1 EnemyN=1 TgtZ=6760.92
[DIST] team=1 EnemyN=1 MyZ=5301.94 TgtZ=6760.92 Dist=3728.03
[ROOT] team=1 status=2 Z=5301.94 VP=(1693.48,2235.52,5810.77)
[SelectTarget] team=2 EnemyN=1 TgtZ=5298.41
[DIST] team=2 EnemyN=1 MyZ=6760.92 TgtZ=5298.41 Dist=3727.25
[ROOT] team=2 status=2 Z=6760.92 VP=(3036.56,2054.34,6410.92)
[SYNCCIRCLE] R=1729.34 dist=3780.65 shrink=0.28 thr=0.7025
[SelectTarget] team=1 EnemyN=1 TgtZ=6270.97
[DIST] team=1 EnemyN=1 MyZ=4763.13 TgtZ=6270.97 Dist=3738.15
[ROOT] team=1 status=2 Z=4763.13 VP=(2274,2691.97,5274.25)
[SelectTarget] team=2 EnemyN=1 TgtZ=4760.76
[DIST] team=2 EnemyN=1 MyZ=6270.97 TgtZ=4760.76 Dist=3736.18
[ROOT] team=2 status=2 Z=6270.97 VP=(3362.03,2217.79,5920.97)
[SelectTarget] team=1 EnemyN=1 TgtZ=5728.93
[DIST] team=1 EnemyN=1 MyZ=4453.88 TgtZ=5728.93 Dist=3318.63
[ROOT] team=1 status=2 Z=4453.88 VP=(3029.61,2776.98,4734.58)
[SelectTarget] team=2 EnemyN=1 TgtZ=4452.76
[DIST] team=2 EnemyN=1 MyZ=5728.93 TgtZ=4452.76 Dist=3314.65
[ROOT] team=2 status=2 Z=5728.93 VP=(3805.86,2089.61,5378.93)
[SelectTarget] team=1 EnemyN=1 TgtZ=5195.46
[DIST] team=1 EnemyN=1 MyZ=4315.89 TgtZ=5195.46 Dist=2627.13
[ROOT] team=1 status=2 Z=4315.89 VP=(3786.77,2435.01,4293.65)
[SelectTarget] team=2 EnemyN=1 TgtZ=4315.32
[DIST] team=2 EnemyN=1 MyZ=5195.46 TgtZ=4315.32 Dist=2622.39
[ROOT] team=2 status=2 Z=5195.46 VP=(4155.03,1606.64,4845.46)
[SelectTarget] team=1 EnemyN=1 TgtZ=4710.51
[DIST] team=1 EnemyN=1 MyZ=4309.48 TgtZ=4710.51 Dist=1857.65
[ROOT] team=1 status=2 Z=4309.48 VP=(3847.13,2463.88,4787.05)
[SelectTarget] team=2 EnemyN=1 TgtZ=4310.29
[DIST] team=2 EnemyN=1 MyZ=4710.51 TgtZ=4310.29 Dist=1853.12
[ROOT] team=2 status=2 Z=4710.51 VP=(4034.19,864.497,4360.51)
[SYNCCIRCLE] R=732.189 dist=1464.79 shrink=0.28 thr=0.548991
[SelectTarget] team=1 EnemyN=1 TgtZ=4277.98
[DIST] team=1 EnemyN=1 MyZ=4444.98 TgtZ=4277.98 Dist=1413.63
[ROOT] team=1 status=2 Z=4444.98 VP=(4238.5,1715.03,4347.08)
[SelectTarget] team=2 EnemyN=1 TgtZ=4445.35
[DIST] team=2 EnemyN=1 MyZ=4277.98 TgtZ=4445.35 Dist=1409.68
[ROOT] team=2 status=2 Z=4277.98 VP=(3191.84,532.943,4445.35)
[SelectTarget] team=1 EnemyN=1 TgtZ=3939.29
[DIST] team=1 EnemyN=1 MyZ=4391.21 TgtZ=3939.29 Dist=1648.4
[ROOT] team=1 status=2 Z=4391.21 VP=(4149.42,831.507,3984.02)
[SelectTarget] team=2 EnemyN=1 TgtZ=4390.21
[DIST] team=2 EnemyN=1 MyZ=3939.29 TgtZ=4390.21 Dist=1646.6
[ROOT] team=2 status=2 Z=3939.29 VP=(2642.08,1016.14,4289.29)
[SelectTarget] team=1 EnemyN=1 TgtZ=3668.09
[DIST] team=1 EnemyN=1 MyZ=4102.44 TgtZ=3668.09 Dist=2232.85
[ROOT] team=1 status=2 Z=4102.44 VP=(3579.12,130.945,3701.81)
[SelectTarget] team=2 EnemyN=1 TgtZ=4100.29
[DIST] team=2 EnemyN=1 MyZ=3668.09 TgtZ=4100.29 Dist=2232.09
[ROOT] team=2 status=2 Z=3668.09 VP=(2553.62,1231.56,4018.09)
[SelectTarget] team=1 EnemyN=1 TgtZ=3433.77
[DIST] team=1 EnemyN=1 MyZ=3649.28 TgtZ=3433.77 Dist=2777.81
[ROOT] team=1 status=2 Z=3649.28 VP=(1779.56,175.822,2999.28)
[SelectTarget] team=2 EnemyN=1 TgtZ=3646.4
[DIST] team=2 EnemyN=1 MyZ=3433.77 TgtZ=3646.4 Dist=2775.43
[ROOT] team=2 status=2 Z=3433.77 VP=(2354.21,1366.08,3646.4)
[SYNCCIRCLE] R=1517.16 dist=3034.53 shrink=0.28 thr=0.637886
[SelectTarget] team=1 EnemyN=1 TgtZ=3207.53
[DIST] team=1 EnemyN=1 MyZ=3080.29 TgtZ=3207.53 Dist=3086.73
[ROOT] team=1 status=2 Z=3080.29 VP=(1273.84,895.793,2430.29)
[SelectTarget] team=2 EnemyN=1 TgtZ=3076.96
[DIST] team=2 EnemyN=1 MyZ=3207.53 TgtZ=3076.96 Dist=3083.99
[ROOT] team=2 status=2 Z=3207.53 VP=(2191.8,1718.51,3076.96)
[SelectTarget] team=1 EnemyN=1 TgtZ=2906.98
[DIST] team=1 EnemyN=1 MyZ=2503.21 TgtZ=2906.98 Dist=2995.82
[ROOT] team=1 status=2 Z=2503.21 VP=(2607.62,-283.897,7277.03)
[SelectTarget] team=2 EnemyN=1 TgtZ=2500.33
[DIST] team=2 EnemyN=1 MyZ=2906.98 TgtZ=2500.33 Dist=2991.25
[ROOT] team=2 status=2 Z=2906.98 VP=(2347.62,2220.06,2556.98)
[SelectTarget] team=1 EnemyN=1 TgtZ=2526.5
[DIST] team=1 EnemyN=1 MyZ=2145.43 TgtZ=2526.5 Dist=2485.19
[ROOT] team=1 status=2 Z=2145.43 VP=(1556.11,1787.52,2570.35)
[SelectTarget] team=2 EnemyN=1 TgtZ=2144.1
[DIST] team=2 EnemyN=1 MyZ=2526.5 TgtZ=2144.1 Dist=2481.03
[ROOT] team=2 status=2 Z=2526.5 VP=(2993.81,2448.34,2176.5)
[SelectTarget] team=1 EnemyN=1 TgtZ=2172.38
[DIST] team=1 EnemyN=1 MyZ=2079.28 TgtZ=2172.38 Dist=1836.2
[ROOT] team=1 status=2 Z=2079.28 VP=(2098.92,2255.75,2296.39)
[SelectTarget] team=2 EnemyN=1 TgtZ=2079.36
[DIST] team=2 EnemyN=1 MyZ=2172.38 TgtZ=2079.36 Dist=1832.3
[ROOT] team=2 status=2 Z=2172.38 VP=(3751.32,1915.6,2079.36)
[SelectTarget] team=1 EnemyN=1 TgtZ=1986.06
[DIST] team=1 EnemyN=1 MyZ=2077.21 TgtZ=1986.06 Dist=1544.49
[ROOT] team=1 status=2 Z=2077.21 VP=(2965.91,2399.76,2040.36)
[SelectTarget] team=2 EnemyN=1 TgtZ=2076.9
[DIST] team=2 EnemyN=1 MyZ=1986.06 TgtZ=2076.9 Dist=1540.54
[ROOT] team=2 status=2 Z=1986.06 VP=(3760.36,992.139,2076.9)
[SYNCCIRCLE] R=771.674 dist=1546.5 shrink=0.28 thr=0.586854
[SelectTarget] team=1 EnemyN=1 TgtZ=1912.58
[DIST] team=1 EnemyN=1 MyZ=1962.3 TgtZ=1912.58 Dist=1732.01
[ROOT] team=1 status=2 Z=1962.3 VP=(3953.23,2004.1,1915.44)
[SelectTarget] team=2 EnemyN=1 TgtZ=1961.5
[DIST] team=2 EnemyN=1 MyZ=1912.58 TgtZ=1961.5 Dist=1729.78
[ROOT] team=2 status=2 Z=1912.58 VP=(3271.65,640.533,2000)
[SelectTarget] team=1 EnemyN=1 TgtZ=1878.14
[DIST] team=1 EnemyN=1 MyZ=1880.31 TgtZ=1878.14 Dist=2292.47
[ROOT] team=1 status=2 Z=1880.31 VP=(4409.83,1197.17,1877.31)
[SelectTarget] team=2 EnemyN=1 TgtZ=1879.93
[DIST] team=2 EnemyN=1 MyZ=1878.14 TgtZ=1879.93 Dist=2290.45
[ROOT] team=2 status=2 Z=1878.14 VP=(3025.86,599.901,2000)
[SelectTarget] team=1 EnemyN=1 TgtZ=1836.06
[DIST] team=1 EnemyN=1 MyZ=1853.59 TgtZ=1836.06 Dist=2910.68
[ROOT] team=1 status=2 Z=1853.59 VP=(3526.89,-445.486,1647.76)
[SelectTarget] team=2 EnemyN=1 TgtZ=1853.3
[DIST] team=2 EnemyN=1 MyZ=1836.06 TgtZ=1853.3 Dist=2909.09
[ROOT] team=2 status=2 Z=1836.06 VP=(2777.52,541.299,2000)
[SelectTarget] team=1 EnemyN=1 TgtZ=1859.31
[DIST] team=1 EnemyN=1 MyZ=1832.11 TgtZ=1859.31 Dist=3467.53
[ROOT] team=1 status=2 Z=1832.11 VP=(2675.7,-657.189,1500)
[SelectTarget] team=2 EnemyN=1 TgtZ=1832.01
[DIST] team=2 EnemyN=1 MyZ=1859.31 TgtZ=1832.01 Dist=3465.81
[ROOT] team=2 status=2 Z=1859.31 VP=(2434.07,556.321,2000)
[SYNCCIRCLE] R=1837.85 dist=3675.74 shrink=0.28 thr=0.754356
[SelectTarget] team=1 EnemyN=1 TgtZ=1835.02
[DIST] team=1 EnemyN=1 MyZ=1819.76 TgtZ=1835.02 Dist=3759.62
[ROOT] team=1 status=2 Z=1819.76 VP=(1966.26,89.2318,1500)
[SelectTarget] team=2 EnemyN=1 TgtZ=1819.77
[DIST] team=2 EnemyN=1 MyZ=1835.02 TgtZ=1819.77 Dist=3759.08
[ROOT] team=2 status=2 Z=1835.02 VP=(2115.28,972.212,2000)
[SelectTarget] team=1 EnemyN=1 TgtZ=1796.45
[DIST] team=1 EnemyN=1 MyZ=1816.78 TgtZ=1796.45 Dist=3734.12
[ROOT] team=1 status=2 Z=1816.78 VP=(2109.69,1174,1500)
[SelectTarget] team=2 EnemyN=1 TgtZ=1816.84
[DIST] team=2 EnemyN=1 MyZ=1796.45 TgtZ=1816.84 Dist=3732.65
[ROOT] team=2 status=2 Z=1796.45 VP=(1628.43,1548.1,6590.69)
[SelectTarget] team=1 EnemyN=1 TgtZ=1931.25
[DIST] team=1 EnemyN=1 MyZ=1809.66 TgtZ=1931.25 Dist=3583.73
[ROOT] team=1 status=2 Z=1809.66 VP=(1883.34,2004.06,1500)
[SelectTarget] team=2 EnemyN=1 TgtZ=1809.72
[DIST] team=2 EnemyN=1 MyZ=1931.25 TgtZ=1809.72 Dist=3581.23
[ROOT] team=2 status=2 Z=1931.25 VP=(2693.38,2317.89,2000)
[SelectTarget] team=1 EnemyN=1 TgtZ=1955
[DIST] team=1 EnemyN=1 MyZ=1805.1 TgtZ=1955 Dist=3207.36
[ROOT] team=1 status=2 Z=1805.1 VP=(3042.46,2202.28,1500)
[SelectTarget] team=2 EnemyN=1 TgtZ=1805.27
[DIST] team=2 EnemyN=1 MyZ=1955 TgtZ=1805.27 Dist=3205.51
[ROOT] team=2 status=2 Z=1955 VP=(3595.05,2502.45,2000)
[SYNCCIRCLE] R=1357.98 dist=2719.15 shrink=0.28 thr=0.820616
[SelectTarget] team=1 EnemyN=1 TgtZ=1936.48
[DIST] team=1 EnemyN=1 MyZ=1807.16 TgtZ=1936.48 Dist=2688.19
[ROOT] team=1 status=2 Z=1807.16 VP=(3945.36,1983.67,1500)
[SelectTarget] team=2 EnemyN=1 TgtZ=1807.26
[DIST] team=2 EnemyN=1 MyZ=1936.48 TgtZ=1807.26 Dist=2686.05
[ROOT] team=2 status=2 Z=1936.48 VP=(4548.62,1918.31,2000)
[SelectTarget] team=1 EnemyN=1 TgtZ=1921.68
[DIST] team=1 EnemyN=1 MyZ=1841.34 TgtZ=1921.68 Dist=2334.81
[ROOT] team=1 status=2 Z=1841.34 VP=(3777.93,1917.72,1917.66)
[SelectTarget] team=2 EnemyN=1 TgtZ=1842.23
[DIST] team=2 EnemyN=1 MyZ=1921.68 TgtZ=1842.23 Dist=2333.87
[ROOT] team=2 status=2 Z=1921.68 VP=(4838.81,706.338,2000)
[SelectTarget] team=1 EnemyN=1 TgtZ=1911.02
[DIST] team=1 EnemyN=1 MyZ=1961.92 TgtZ=1911.02 Dist=2261.13
[ROOT] team=1 status=2 Z=1961.92 VP=(4273,1237.4,1906.34)
[SelectTarget] team=2 EnemyN=1 TgtZ=1962.2
[DIST] team=2 EnemyN=1 MyZ=1911.02 TgtZ=1962.2 Dist=2261.18
[ROOT] team=2 status=2 Z=1911.02 VP=(4115.47,-364.764,2000)
[SelectTarget] team=1 EnemyN=1 TgtZ=1903.19
[DIST] team=1 EnemyN=1 MyZ=1934.17 TgtZ=1903.19 Dist=2313.89
[ROOT] team=1 status=2 Z=1934.17 VP=(3112.96,2900.69,6714.02)
[SelectTarget] team=2 EnemyN=1 TgtZ=1933.59
[DIST] team=2 EnemyN=1 MyZ=1903.19 TgtZ=1933.59 Dist=2314.81
[ROOT] team=2 status=2 Z=1903.19 VP=(2864.66,-578.048,2000)
[SYNCCIRCLE] R=1276.25 dist=2552.76 shrink=0.28 thr=0.867121
[SelectTarget] team=1 EnemyN=1 TgtZ=1899.02
[DIST] team=1 EnemyN=1 MyZ=1857.69 TgtZ=1899.02 Dist=2576.48
[ROOT] team=1 status=2 Z=1857.69 VP=(2446.96,11.4022,1500)
[SelectTarget] team=2 EnemyN=1 TgtZ=1857.32
[DIST] team=2 EnemyN=1 MyZ=1899.02 TgtZ=1857.32 Dist=2579.61
[ROOT] team=2 status=2 Z=1899.02 VP=(1838.4,66.1585,2000)
[SelectTarget] team=1 EnemyN=1 TgtZ=1899.02
[DIST] team=1 EnemyN=1 MyZ=1825.53 TgtZ=1899.02 Dist=3023.46
[ROOT] team=1 status=2 Z=1825.53 VP=(1835.53,727.689,1500)
[SelectTarget] team=2 EnemyN=1 TgtZ=1825.59
[DIST] team=2 EnemyN=1 MyZ=1899.02 TgtZ=1825.59 Dist=3026.96
[ROOT] team=2 status=2 Z=1899.02 VP=(1363.68,1089.59,2000)
[SelectTarget] team=1 EnemyN=1 TgtZ=1902.89
[DIST] team=1 EnemyN=1 MyZ=1818.9 TgtZ=1902.89 Dist=3491.61
[ROOT] team=1 status=2 Z=1818.9 VP=(1643.57,1656.24,1500)
[SelectTarget] team=2 EnemyN=1 TgtZ=1818.91
[DIST] team=2 EnemyN=1 MyZ=1902.89 TgtZ=1818.91 Dist=3494.17
[ROOT] team=2 status=2 Z=1902.89 VP=(1411.57,2178.08,2000)
[SelectTarget] team=1 EnemyN=1 TgtZ=1908.79
[DIST] team=1 EnemyN=1 MyZ=1820.87 TgtZ=1908.79 Dist=3905.38
[ROOT] team=1 status=2 Z=1820.87 VP=(1889.14,2588.1,1500)
[SelectTarget] team=2 EnemyN=1 TgtZ=1820.95
[DIST] team=2 EnemyN=1 MyZ=1908.79 TgtZ=1820.95 Dist=3907.95
[ROOT] team=2 status=2 Z=1908.79 VP=(1915.82,3135.88,2000)
[PURE_ATA] team=2 ata=76.4479 dist=4003.71 leadDist=1681.62 aa=1.03914
[PURE_ATA] team=2 ata=76.0044 dist=4013.87 leadDist=1682.66 aa=21.8754
[PURE_ATA] team=2 ata=74.6498 dist=4024.55 leadDist=1683.74 aa=32.8251
[PURE_ATA] team=2 ata=73.7854 dist=4035.32 leadDist=1684.81 aa=37.9739
[PURE_ATA] team=2 ata=73.0617 dist=4045.69 leadDist=1685.78 aa=42.2344
[PURE_ATA] team=2 ata=72.4651 dist=4055.44 leadDist=1686.54 aa=37.346
[PURE_ATA] team=2 ata=71.8765 dist=4065.09 leadDist=1687.08 aa=31.1099
[PURE_ATA] team=2 ata=71.3338 dist=4074.06 leadDist=1687.47 aa=25.4096
[PURE_ATA] team=2 ata=70.8049 dist=4082.27 leadDist=1687.73 aa=15.8491
[PURE_ATA] team=2 ata=70.2995 dist=4090.72 leadDist=1687.93 aa=4.3202
[PURE_ATA] team=2 ata=69.7629 dist=4097.66 leadDist=1688.13 aa=3.18409
[PURE_ATA] team=2 ata=69.264 dist=4104.65 leadDist=1688.37 aa=7.79203
[PURE_ATA] team=2 ata=68.7278 dist=4110.89 leadDist=1688.67 aa=11.3396
[PURE_ATA] team=2 ata=68.2129 dist=4116.61 leadDist=1689.06 aa=14.4817
[PURE_ATA] team=2 ata=67.6805 dist=4121.33 leadDist=1689.54 aa=17.4229
[PURE_ATA] team=2 ata=67.1853 dist=4126.29 leadDist=1690.14 aa=20.2415
[PURE_ATA] team=2 ata=66.6556 dist=4130.38 leadDist=1690.85 aa=23.0832
[PURE_ATA] team=2 ata=66.1308 dist=4133.32 leadDist=1691.7 aa=25.9256
[PURE_ATA] team=2 ata=65.5906 dist=4136.03 leadDist=1692.69 aa=28.8596
[PURE_ATA] team=2 ata=65.0703 dist=4138.77 leadDist=1693.83 aa=31.664
[PURE_ATA] team=2 ata=64.5388 dist=4140.45 leadDist=1695.12 aa=25.6516
[SelectTarget] team=1 EnemyN=1 TgtZ=1936.76
[DIST] team=1 EnemyN=1 MyZ=1803.72 TgtZ=1936.76 Dist=4140.61
[ROOT] team=1 status=2 Z=1803.72 VP=(5939.43,-166.949,6591.69)
[SelectTarget] team=2 EnemyN=1 TgtZ=1803.48
[DIST] team=2 EnemyN=1 MyZ=1936.76 TgtZ=1803.48 Dist=4142.63
[PURE_ATA] team=2 ata=64.0259 dist=4142.63 leadDist=1696.52 aa=0.961323
[ROOT] team=2 status=2 Z=1936.76 VP=(5944.96,1268.28,3500)
[PURE_ATA] team=2 ata=63.4816 dist=4144.12 leadDist=1697.97 aa=27.3824
[PURE_ATA] team=2 ata=62.9381 dist=4146.1 leadDist=1699.47 aa=46.7796
[PURE_ATA] team=2 ata=62.4162 dist=4148.22 leadDist=1700.98 aa=58.1533
[PURE_ATA] team=2 ata=61.8776 dist=4150.41 leadDist=1702.4 aa=63.5622
[PURE_ATA] team=2 ata=61.3088 dist=4151.71 leadDist=1703.53 aa=65.9985
[PURE_ATA] team=2 ata=60.7775 dist=4153.68 leadDist=1704.2 aa=67.0167
[PURE_ATA] team=2 ata=60.2134 dist=4155.09 leadDist=1704.27 aa=67.3261
[PURE_ATA] team=2 ata=59.6672 dist=4157.11 leadDist=1703.66 aa=67.25
[PURE_ATA] team=2 ata=59.1061 dist=4158.66 leadDist=1702.36 aa=67.179
[PURE_ATA] team=2 ata=58.5277 dist=4160.08 leadDist=1700.36 aa=67.0185
[PURE_ATA] team=2 ata=57.9333 dist=4161.33 leadDist=1697.57 aa=66.5805
[PURE_ATA] team=2 ata=57.356 dist=4163.22 leadDist=1694.01 aa=65.8096
[PURE_ATA] team=2 ata=56.7489 dist=4163.92 leadDist=1689.77 aa=63.7253
[PURE_ATA] team=2 ata=56.1542 dist=4166.03 leadDist=1684.98 aa=60.4866
[PURE_ATA] team=2 ata=55.5347 dist=4166.52 leadDist=1679.75 aa=54.4482
[PURE_ATA] team=2 ata=54.8967 dist=4167.09 leadDist=1674.18 aa=46.6993
[PURE_ATA] team=2 ata=54.2842 dist=4167.65 leadDist=1668.34 aa=39.4896
[PURE_ATA] team=2 ata=53.6547 dist=4168.28 leadDist=1662.25 aa=34.0165
[PURE_ATA] team=2 ata=53.0173 dist=4167.88 leadDist=1655.93 aa=29.623
[PURE_ATA] team=2 ata=52.3885 dist=4167.17 leadDist=1649.4 aa=22.2354
[PURE_ATA] team=2 ata=51.7523 dist=4165.43 leadDist=1642.69 aa=13.0427
[PURE_ATA] team=2 ata=51.1085 dist=4162.98 leadDist=1635.88 aa=6.56745
[PURE_ATA] team=2 ata=50.4706 dist=4160.59 leadDist=1628.98 aa=2.19621
[PURE_ATA] team=2 ata=49.8118 dist=4156.68 leadDist=1622.02 aa=1.29118
[PURE_ATA] team=2 ata=49.1637 dist=4152.49 leadDist=1615.03 aa=4.43352
[PURE_ATA] team=2 ata=48.5092 dist=4147.54 leadDist=1608.01 aa=7.41382
[PURE_ATA] team=2 ata=47.8636 dist=4142.66 leadDist=1601 aa=10.3404
[PURE_ATA] team=2 ata=47.2305 dist=4137.56 leadDist=1593.99 aa=13.2789
[PURE_ATA] team=2 ata=46.5625 dist=4130.29 leadDist=1587 aa=16.2794
[SelectTarget] team=1 EnemyN=1 TgtZ=2055.29
[DIST] team=1 EnemyN=1 MyZ=1918.79 TgtZ=2055.29 Dist=4122.62
[ROOT] team=1 status=2 Z=1918.79 VP=(3781.09,2952.18,1672.24)
[SelectTarget] team=2 EnemyN=1 TgtZ=1919.94
[DIST] team=2 EnemyN=1 MyZ=2055.29 TgtZ=1919.94 Dist=4123.66
[PURE_ATA] team=2 ata=45.9207 dist=4123.66 leadDist=1580.06 aa=19.3618
[ROOT] team=2 status=2 Z=2055.29 VP=(5846.43,260.61,3500)
[PURE_ATA] team=2 ata=45.2635 dist=4115.35 leadDist=1573.17 aa=22.5132
[PURE_ATA] team=2 ata=44.6135 dist=4107.45 leadDist=1566.34 aa=25.7284
[PURE_ATA] team=2 ata=43.9657 dist=4098.44 leadDist=1559.58 aa=28.9481
[PURE_ATA] team=2 ata=43.3296 dist=4089.56 leadDist=1552.92 aa=32.1446
[PURE_ATA] team=2 ata=42.6611 dist=4078.57 leadDist=1546.35 aa=35.3887
[PURE_ATA] team=2 ata=42.0254 dist=4068.06 leadDist=1539.89 aa=38.5503
[PURE_ATA] team=2 ata=41.367 dist=4056.64 leadDist=1533.54 aa=41.9267
[PURE_ATA] team=2 ata=40.7308 dist=4044.76 leadDist=1527.31 aa=45.3321
[PURE_ATA] team=2 ata=40.0888 dist=4032.61 leadDist=1521.21 aa=48.6361
[PURE_ATA] team=2 ata=39.4398 dist=4018.61 leadDist=1515.25 aa=52.036
[PURE_ATA] team=2 ata=38.802 dist=4005.02 leadDist=1509.42 aa=55.4437
[SelectTarget] team=1 EnemyN=1 TgtZ=2187.72
[DIST] team=1 EnemyN=1 MyZ=2072.69 TgtZ=2187.72 Dist=3695.67
[ROOT] team=1 status=2 Z=2072.69 VP=(4499.73,2574.72,1617.72)
[SelectTarget] team=2 EnemyN=1 TgtZ=2073.2
[DIST] team=2 EnemyN=1 MyZ=2187.72 TgtZ=2073.2 Dist=3696.12
[ROOT] team=2 status=2 Z=2187.72 VP=(5118.13,3132.3,2073.2)
[SYNCCIRCLE] R=1840.33 dist=3682.34 shrink=0.28 thr=0.755591
[SelectTarget] team=1 EnemyN=1 TgtZ=2152.14
[DIST] team=1 EnemyN=1 MyZ=2068.31 TgtZ=2152.14 Dist=3513.82
[ROOT] team=1 status=2 Z=2068.31 VP=(5438.06,2821.72,1569.43)
[SelectTarget] team=2 EnemyN=1 TgtZ=2067.76
[DIST] team=2 EnemyN=1 MyZ=2152.14 TgtZ=2067.76 Dist=3512.92
[ROOT] team=2 status=2 Z=2152.14 VP=(5936.8,2382.83,2067.76)
[SelectTarget] team=1 EnemyN=1 TgtZ=2069.52
[DIST] team=1 EnemyN=1 MyZ=1940.48 TgtZ=2069.52 Dist=3337.61
[ROOT] team=1 status=2 Z=1940.48 VP=(5845.76,1826.77,1500)
[SelectTarget] team=2 EnemyN=1 TgtZ=1939.9
[DIST] team=2 EnemyN=1 MyZ=2069.52 TgtZ=1939.9 Dist=3338.23
[ROOT] team=2 status=2 Z=2069.52 VP=(6248.06,1344.16,2000)
[SelectTarget] team=1 EnemyN=1 TgtZ=1991.23
[DIST] team=1 EnemyN=1 MyZ=1863.37 TgtZ=1991.23 Dist=3226.98
[ROOT] team=1 status=2 Z=1863.37 VP=(2240.42,2014.42,6647.19)
[SelectTarget] team=2 EnemyN=1 TgtZ=1862.93
[DIST] team=2 EnemyN=1 MyZ=1991.23 TgtZ=1862.93 Dist=3227.17
[ROOT] team=2 status=2 Z=1991.23 VP=(5876,245.773,2000)
[SelectTarget] team=1 EnemyN=1 TgtZ=1947.78
[DIST] team=1 EnemyN=1 MyZ=1829.42 TgtZ=1947.78 Dist=3218.5
[ROOT] team=1 status=2 Z=1829.42 VP=(5189.19,36.3067,1500)
[SelectTarget] team=2 EnemyN=1 TgtZ=1829.25
[DIST] team=2 EnemyN=1 MyZ=1947.78 TgtZ=1829.25 Dist=3219.43
[ROOT] team=2 status=2 Z=1947.78 VP=(4929.34,-458.227,2000)
[SYNCCIRCLE] R=1609.41 dist=3221 shrink=0.28 thr=0.676161
[SelectTarget] team=1 EnemyN=1 TgtZ=1925.96
[DIST] team=1 EnemyN=1 MyZ=1819.64 TgtZ=1925.96 Dist=3263.95
[ROOT] team=1 status=2 Z=1819.64 VP=(4245.11,-258.706,1500)
[SelectTarget] team=2 EnemyN=1 TgtZ=1819.72
[DIST] team=2 EnemyN=1 MyZ=1925.96 TgtZ=1819.72 Dist=3264.55
[ROOT] team=2 status=2 Z=1925.96 VP=(3755.7,-504.385,2000)
[SelectTarget] team=1 EnemyN=1 TgtZ=1915.72
[DIST] team=1 EnemyN=1 MyZ=1817.06 TgtZ=1915.72 Dist=3320.32
[ROOT] team=1 status=2 Z=1817.06 VP=(3297.07,33.3282,1500)
[SelectTarget] team=2 EnemyN=1 TgtZ=1817.19
[DIST] team=2 EnemyN=1 MyZ=1915.72 TgtZ=1817.19 Dist=3321.04
[ROOT] team=2 status=2 Z=1915.72 VP=(2761.01,106.453,2000)
[SelectTarget] team=1 EnemyN=1 TgtZ=1911.66
[DIST] team=1 EnemyN=1 MyZ=1816.3 TgtZ=1911.66 Dist=3367.13
[ROOT] team=1 status=2 Z=1816.3 VP=(2667.5,807.443,1500)
[SelectTarget] team=2 EnemyN=1 TgtZ=1816.45
[DIST] team=2 EnemyN=1 MyZ=1911.66 TgtZ=1816.45 Dist=3368.44
[ROOT] team=2 status=2 Z=1911.66 VP=(2265.89,1162.83,2000)
[SelectTarget] team=1 EnemyN=1 TgtZ=1911.09
[DIST] team=1 EnemyN=1 MyZ=1817.77 TgtZ=1911.09 Dist=3400.18
[ROOT] team=1 status=2 Z=1817.77 VP=(2565.31,1806.35,1500)
[SelectTarget] team=2 EnemyN=1 TgtZ=1817.91
[DIST] team=2 EnemyN=1 MyZ=1911.09 TgtZ=1817.91 Dist=3400.46
[ROOT] team=2 status=2 Z=1911.09 VP=(2427.21,2321.35,2000)
[SYNCCIRCLE] R=1700.5 dist=3402.26 shrink=0.28 thr=0.647764
[SelectTarget] team=1 EnemyN=1 TgtZ=1912.47
[DIST] team=1 EnemyN=1 MyZ=1804.2 TgtZ=1912.47 Dist=3406.23
[ROOT] team=1 status=2 Z=1804.2 VP=(3024.71,2702.29,1500)
[SelectTarget] team=2 EnemyN=1 TgtZ=1804.33
[DIST] team=2 EnemyN=1 MyZ=1912.47 TgtZ=1804.33 Dist=3407.06
[ROOT] team=2 status=2 Z=1912.47 VP=(3193.11,3206.5,2000)
[SelectTarget] team=1 EnemyN=1 TgtZ=1914.68
[DIST] team=1 EnemyN=1 MyZ=1809.33 TgtZ=1914.68 Dist=3416.15
[ROOT] team=1 status=2 Z=1809.33 VP=(3899.51,3202.32,1500)
[SelectTarget] team=2 EnemyN=1 TgtZ=1809.42
[DIST] team=2 EnemyN=1 MyZ=1914.68 TgtZ=1809.42 Dist=3416.98
[ROOT] team=2 status=2 Z=1914.68 VP=(4315.18,3531.95,2000)
[SelectTarget] team=1 EnemyN=1 TgtZ=1916.83
[DIST] team=1 EnemyN=1 MyZ=1809.69 TgtZ=1916.83 Dist=3407.69
[ROOT] team=1 status=2 Z=1809.69 VP=(4903.83,3142.44,1500)
[SelectTarget] team=2 EnemyN=1 TgtZ=1809.8
[DIST] team=2 EnemyN=1 MyZ=1916.83 TgtZ=1809.8 Dist=3408.3
[ROOT] team=2 status=2 Z=1916.83 VP=(5431.45,3192.07,2000)
[SelectTarget] team=1 EnemyN=1 TgtZ=1918.11
[DIST] team=1 EnemyN=1 MyZ=1807.87 TgtZ=1918.11 Dist=3375.71
[ROOT] team=1 status=2 Z=1807.87 VP=(5711,2537.73,1500)
[SelectTarget] team=2 EnemyN=1 TgtZ=1807.99
[DIST] team=2 EnemyN=1 MyZ=1918.11 TgtZ=1807.99 Dist=3375.73
[ROOT] team=2 status=2 Z=1918.11 VP=(6178.73,2289.34,2000)
[SYNCCIRCLE] R=1687.23 dist=3376.23 shrink=0.28 thr=0.631302
[SelectTarget] team=1 EnemyN=1 TgtZ=1917.97
[DIST] team=1 EnemyN=1 MyZ=1809.5 TgtZ=1917.97 Dist=3333.56
[ROOT] team=1 status=2 Z=1809.5 VP=(6047.04,1582.94,1500)
[SelectTarget] team=2 EnemyN=1 TgtZ=1809.68
[DIST] team=2 EnemyN=1 MyZ=1917.97 TgtZ=1809.68 Dist=3334.18
[ROOT] team=2 status=2 Z=1917.97 VP=(6297.34,1115.91,2000)
[SelectTarget] team=1 EnemyN=1 TgtZ=1916.4
[DIST] team=1 EnemyN=1 MyZ=1812.98 TgtZ=1916.4 Dist=3289.73
[ROOT] team=1 status=2 Z=1812.98 VP=(5786.6,600.004,1500)
[SelectTarget] team=2 EnemyN=1 TgtZ=1813.16
[DIST] team=2 EnemyN=1 MyZ=1916.4 TgtZ=1813.16 Dist=3290.55
[ROOT] team=2 status=2 Z=1916.4 VP=(5728.51,72.3723,2000)
[SelectTarget] team=1 EnemyN=1 TgtZ=1913.91
[DIST] team=1 EnemyN=1 MyZ=1816.01 TgtZ=1913.91 Dist=3260.71
[ROOT] team=1 status=2 Z=1816.01 VP=(5014.9,-59.4481,1500)
[SelectTarget] team=2 EnemyN=1 TgtZ=1816.17
[DIST] team=2 EnemyN=1 MyZ=1913.91 TgtZ=1816.17 Dist=3261.13
[ROOT] team=2 status=2 Z=1913.91 VP=(4665.72,-460.56,2000)
[SelectTarget] team=1 EnemyN=1 TgtZ=1911.4
[DIST] team=1 EnemyN=1 MyZ=1803.26 TgtZ=1911.4 Dist=3227.77
[ROOT] team=1 status=2 Z=1803.26 VP=(4009.59,-158.551,1500)
[SelectTarget] team=2 EnemyN=1 TgtZ=1803.29
[DIST] team=2 EnemyN=1 MyZ=1911.4 TgtZ=1803.29 Dist=3227.82
[ROOT] team=2 status=2 Z=1911.4 VP=(3492.86,-287.558,2000)
[SYNCCIRCLE] R=1613.26 dist=3228.32 shrink=0.28 thr=0.645294
[SelectTarget] team=1 EnemyN=1 TgtZ=1909.68
[DIST] team=1 EnemyN=1 MyZ=1811.42 TgtZ=1909.68 Dist=3221.3
[ROOT] team=1 status=2 Z=1811.42 VP=(3131.55,339.19,1500)
[SelectTarget] team=2 EnemyN=1 TgtZ=1811.51
[DIST] team=2 EnemyN=1 MyZ=1909.68 TgtZ=1811.51 Dist=3221.86
[ROOT] team=2 status=2 Z=1909.68 VP=(2633.34,529.461,2000)
[SelectTarget] team=1 EnemyN=1 TgtZ=1909.34
[DIST] team=1 EnemyN=1 MyZ=1817.11 TgtZ=1909.34 Dist=3219.01
[ROOT] team=1 status=2 Z=1817.11 VP=(2696.38,1252.02,1500)
[SelectTarget] team=2 EnemyN=1 TgtZ=1817.21
[DIST] team=2 EnemyN=1 MyZ=1909.34 TgtZ=1817.21 Dist=3218.95
[ROOT] team=2 status=2 Z=1909.34 VP=(2397.42,1694.63,2000)
[SelectTarget] team=1 EnemyN=1 TgtZ=1910.38
[DIST] team=1 EnemyN=1 MyZ=1816.78 TgtZ=1910.38 Dist=3226.98
[ROOT] team=1 status=2 Z=1816.78 VP=(2861.72,2250.3,1500)
[SelectTarget] team=2 EnemyN=1 TgtZ=1816.87
[DIST] team=2 EnemyN=1 MyZ=1910.38 TgtZ=1816.87 Dist=3227.67
[ROOT] team=2 status=2 Z=1910.38 VP=(2871.16,2785.46,2000)
[SelectTarget] team=1 EnemyN=1 TgtZ=1912.46
[DIST] team=1 EnemyN=1 MyZ=1813.35 TgtZ=1912.46 Dist=3253.88
[ROOT] team=1 status=2 Z=1813.35 VP=(3566.12,2976.28,1500)
[SelectTarget] team=2 EnemyN=1 TgtZ=1813.48
[DIST] team=2 EnemyN=1 MyZ=1912.46 TgtZ=1813.48 Dist=3254.94
[ROOT] team=2 status=2 Z=1912.46 VP=(3879.96,3411.29,2000)
[SYNCCIRCLE] R=1627.69 dist=3256.85 shrink=0.28 thr=0.654349
[SelectTarget] team=1 EnemyN=1 TgtZ=1914.91
[DIST] team=1 EnemyN=1 MyZ=1811.44 TgtZ=1914.91 Dist=3290.06
[ROOT] team=1 status=2 Z=1811.44 VP=(4554.39,3174.05,1500)
[SelectTarget] team=2 EnemyN=1 TgtZ=1811.59
[DIST] team=2 EnemyN=1 MyZ=1914.91 TgtZ=1811.59 Dist=3290.89
[ROOT] team=2 status=2 Z=1914.91 VP=(5058.4,3357.57,2000)
[SelectTarget] team=1 EnemyN=1 TgtZ=1916.95
[DIST] team=1 EnemyN=1 MyZ=1814.33 TgtZ=1916.95 Dist=3319.29
[ROOT] team=1 status=2 Z=1814.33 VP=(5482.39,2783.78,1500)
[SelectTarget] team=2 EnemyN=1 TgtZ=1814.5
[DIST] team=2 EnemyN=1 MyZ=1916.95 TgtZ=1814.5 Dist=3320.5
[ROOT] team=2 status=2 Z=1916.95 VP=(6002.05,2655.85,2000)
[SelectTarget] team=1 EnemyN=1 TgtZ=1917.85
[DIST] team=1 EnemyN=1 MyZ=1813.82 TgtZ=1917.85 Dist=3323.34
[ROOT] team=1 status=2 Z=1813.82 VP=(6035.57,1939.86,1500)
[SelectTarget] team=2 EnemyN=1 TgtZ=1813.96
[DIST] team=2 EnemyN=1 MyZ=1917.85 TgtZ=1813.96 Dist=3324.05
[ROOT] team=2 status=2 Z=1917.85 VP=(6394.61,1545.19,2000)
[SelectTarget] team=1 EnemyN=1 TgtZ=1917.28
[DIST] team=1 EnemyN=1 MyZ=1814 TgtZ=1917.28 Dist=3310.39
[ROOT] team=1 status=2 Z=1814 VP=(6020.35,925.142,1500)
[SelectTarget] team=2 EnemyN=1 TgtZ=1814.13
[DIST] team=2 EnemyN=1 MyZ=1917.28 TgtZ=1814.13 Dist=3311
[ROOT] team=2 status=2 Z=1917.28 VP=(6095.04,398.211,2000)
[SYNCCIRCLE] R=1654.64 dist=3310.87 shrink=0.28 thr=0.63871
[SelectTarget] team=1 EnemyN=1 TgtZ=1915.47
[DIST] team=1 EnemyN=1 MyZ=1816.97 TgtZ=1915.47 Dist=3295.29
[ROOT] team=1 status=2 Z=1816.97 VP=(5434.77,93.0324,1500)
[SelectTarget] team=2 EnemyN=1 TgtZ=1817.11
[DIST] team=2 EnemyN=1 MyZ=1915.47 TgtZ=1817.11 Dist=3295.92
[ROOT] team=2 status=2 Z=1915.47 VP=(5198.44,-382.638,2000)
[SelectTarget] team=1 EnemyN=1 TgtZ=1913.17
[DIST] team=1 EnemyN=1 MyZ=1822.65 TgtZ=1913.17 Dist=3282.09
[ROOT] team=1 status=2 Z=1822.65 VP=(4483.18,-259.581,1500)
[SelectTarget] team=2 EnemyN=1 TgtZ=1822.78
[DIST] team=2 EnemyN=1 MyZ=1913.17 TgtZ=1822.78 Dist=3282.32
[ROOT] team=2 status=2 Z=1913.17 VP=(4019.4,-516.695,2000)
[SelectTarget] team=1 EnemyN=1 TgtZ=1911.26
[DIST] team=1 EnemyN=1 MyZ=1808.18 TgtZ=1911.26 Dist=3238.3
[ROOT] team=1 status=2 Z=1808.18 VP=(3502.55,-6.33828,1500)
[SelectTarget] team=2 EnemyN=1 TgtZ=1808.32
[DIST] team=2 EnemyN=1 MyZ=1911.26 TgtZ=1808.32 Dist=3238.71
[ROOT] team=2 status=2 Z=1911.26 VP=(2975.42,48.8104,2000)
[SelectTarget] team=1 EnemyN=1 TgtZ=1910.33
[DIST] team=1 EnemyN=1 MyZ=1815.81 TgtZ=1910.33 Dist=3204.24
[ROOT] team=1 status=2 Z=1815.81 VP=(2845.55,768.491,1500)
[SelectTarget] team=2 EnemyN=1 TgtZ=1815.92
[DIST] team=2 EnemyN=1 MyZ=1910.33 TgtZ=1815.92 Dist=3205.4
[ROOT] team=2 status=2 Z=1910.33 VP=(2446.89,1118.51,2000)
runner:local/env:0	num_steps=[11999] | total rewards=[-108.9839] | termination= [max time out]
[seed 2] reward=  -108.98 ownHP=1.0000 tgtHP=1.0000 max time out
total: 2
[PURE_ATA] team=2 ata=33.9776 dist=5153.54 leadDist=118.363 aa=127.404
[PURE_ATA] team=2 ata=33.9326 dist=5111.47 leadDist=135.312 aa=127.121
[PURE_ATA] team=2 ata=32.1139 dist=5069.1 leadDist=152.24 aa=126.562
[PURE_ATA] team=2 ata=29.2121 dist=5027.08 leadDist=168.73 aa=125.87
[PURE_ATA] team=2 ata=27.1287 dist=4984.79 leadDist=185.026 aa=125.285
[PURE_ATA] team=2 ata=25.6662 dist=4942.33 leadDist=201.01 aa=125.111
[PURE_ATA] team=2 ata=24.5216 dist=4899.9 leadDist=216.539 aa=125.613
[PURE_ATA] team=2 ata=23.5653 dist=4857.63 leadDist=231.586 aa=127.148
[PURE_ATA] team=2 ata=22.732 dist=4814.63 leadDist=246.648 aa=129.801
[PURE_ATA] team=2 ata=21.9745 dist=4771.86 leadDist=261.264 aa=133.203
[PURE_ATA] team=2 ata=21.2995 dist=4728.8 leadDist=275.677 aa=136.818
[PURE_ATA] team=2 ata=20.6695 dist=4685.49 leadDist=289.844 aa=140.079
[PURE_ATA] team=2 ata=20.077 dist=4642.32 leadDist=303.539 aa=143.092
[PURE_ATA] team=2 ata=19.5088 dist=4598.2 leadDist=317.292 aa=146.002
[PURE_ATA] team=2 ata=18.9553 dist=4554 leadDist=330.644 aa=148.528
[PURE_ATA] team=2 ata=18.4167 dist=4509.73 leadDist=343.587 aa=150.624
[PURE_ATA] team=2 ata=17.9007 dist=4464.86 leadDist=356.369 aa=152.383
[PURE_ATA] team=2 ata=17.4095 dist=4419.91 leadDist=368.722 aa=153.932
[PURE_ATA] team=2 ata=16.9297 dist=4375.19 leadDist=380.476 aa=155.303
[PURE_ATA] team=2 ata=16.4626 dist=4329.87 leadDist=392.037 aa=156.471
[PURE_ATA] team=2 ata=16.0008 dist=4284.24 leadDist=403.238 aa=157.411
[PURE_ATA] team=2 ata=15.5352 dist=4238.35 leadDist=414.048 aa=158.097
[PURE_ATA] team=2 ata=15.0611 dist=4192.34 leadDist=424.383 aa=158.524
[PURE_ATA] team=2 ata=14.575 dist=4146.2 leadDist=434.239 aa=158.71
[PURE_ATA] team=2 ata=14.082 dist=4099.39 leadDist=443.887 aa=158.682
[PURE_ATA] team=2 ata=13.5764 dist=4052.44 leadDist=453.057 aa=158.495
[PURE_ATA] team=2 ata=13.0624 dist=4005.35 leadDist=461.746 aa=158.199
[SYNCCIRCLE] R=1554.97 dist=3958.47 shrink=0.28 thr=0.665356
[SelectTarget] team=1 EnemyN=1 TgtZ=7121.96
[DIST] team=1 EnemyN=1 MyZ=9539.86 TgtZ=7121.96 Dist=3866.74
[ROOT] team=1 status=2 Z=9539.86 VP=(4343.73,132.265,8889.86)
[SelectTarget] team=2 EnemyN=1 TgtZ=9538.58
[DIST] team=2 EnemyN=1 MyZ=7121.96 TgtZ=9538.58 Dist=3863.4
[ROOT] team=2 status=2 Z=7121.96 VP=(4835.97,1510.68,7471.96)
[SelectTarget] team=1 EnemyN=1 TgtZ=7412.44
[DIST] team=1 EnemyN=1 MyZ=9225.03 TgtZ=7412.44 Dist=2470.43
[ROOT] team=1 status=2 Z=9225.03 VP=(4488.95,180.621,8575.03)
[SelectTarget] team=2 EnemyN=1 TgtZ=9222.75
[DIST] team=2 EnemyN=1 MyZ=7412.44 TgtZ=9222.75 Dist=2466.34
[ROOT] team=2 status=2 Z=7412.44 VP=(3495.6,1463.8,7762.44)
[SelectTarget] team=1 EnemyN=1 TgtZ=7577.63
[DIST] team=1 EnemyN=1 MyZ=8740.54 TgtZ=7577.63 Dist=1746.27
[ROOT] team=1 status=2 Z=8740.54 VP=(3772.72,628.741,8090.54)
[SelectTarget] team=2 EnemyN=1 TgtZ=8737.49
[DIST] team=2 EnemyN=1 MyZ=7577.63 TgtZ=8737.49 Dist=1743.86
[ROOT] team=2 status=2 Z=7577.63 VP=(2199.46,456.445,7927.63)
[SelectTarget] team=1 EnemyN=1 TgtZ=7661.89
[DIST] team=1 EnemyN=1 MyZ=8107.47 TgtZ=7661.89 Dist=2054.56
[ROOT] team=1 status=2 Z=8107.47 VP=(3050.69,940.827,7635.22)
[SelectTarget] team=2 EnemyN=1 TgtZ=8103.48
[DIST] team=2 EnemyN=1 MyZ=7661.89 TgtZ=8103.48 Dist=2055.28
[ROOT] team=2 status=2 Z=7661.89 VP=(2121.91,-314.019,8011.89)
[SYNCCIRCLE] R=1367.37 dist=2755.54 shrink=0.28 thr=0.979063
[SelectTarget] team=1 EnemyN=1 TgtZ=7709.29
[DIST] team=1 EnemyN=1 MyZ=7318.83 TgtZ=7709.29 Dist=2805.96
[ROOT] team=1 status=2 Z=7318.83 VP=(1379.26,428.467,7127.63)
[SelectTarget] team=2 EnemyN=1 TgtZ=7314.06
[DIST] team=2 EnemyN=1 MyZ=7709.29 TgtZ=7314.06 Dist=2806.95
[ROOT] team=2 status=2 Z=7709.29 VP=(2023.45,-682.721,7359.29)
[SelectTarget] team=1 EnemyN=1 TgtZ=7608.44
[DIST] team=1 EnemyN=1 MyZ=6419.39 TgtZ=7608.44 Dist=3448.97
[ROOT] team=1 status=2 Z=6419.39 VP=(1167.25,-262.05,6836.92)
[SelectTarget] team=2 EnemyN=1 TgtZ=6414.36
[DIST] team=2 EnemyN=1 MyZ=7608.44 TgtZ=6414.36 Dist=3449.64
[ROOT] team=2 status=2 Z=7608.44 VP=(1975.84,-1123.24,7258.44)
[SelectTarget] team=1 EnemyN=1 TgtZ=7346.37
[DIST] team=1 EnemyN=1 MyZ=5580.94 TgtZ=7346.37 Dist=3670.74
[ROOT] team=1 status=2 Z=5580.94 VP=(1378.2,-998.418,6500.58)
[SelectTarget] team=2 EnemyN=1 TgtZ=5576.86
[DIST] team=2 EnemyN=1 MyZ=7346.37 TgtZ=5576.86 Dist=3669.46
[ROOT] team=2 status=2 Z=7346.37 VP=(2214.01,-1583.01,6996.37)
[SelectTarget] team=1 EnemyN=1 TgtZ=7004.14
[DIST] team=1 EnemyN=1 MyZ=5009.82 TgtZ=7004.14 Dist=3419.47
[ROOT] team=1 status=2 Z=5009.82 VP=(1907.96,-1540.8,6146.14)
[SelectTarget] team=2 EnemyN=1 TgtZ=5007.66
[DIST] team=2 EnemyN=1 MyZ=7004.14 TgtZ=5007.66 Dist=3416.77
[ROOT] team=2 status=2 Z=7004.14 VP=(2800.76,-1802.36,6654.14)
[SYNCCIRCLE] R=1109.44 dist=2892.18 shrink=0.28 thr=0.813208
[SelectTarget] team=1 EnemyN=1 TgtZ=6637.39
[DIST] team=1 EnemyN=1 MyZ=4804.28 TgtZ=6637.39 Dist=2852.69
[ROOT] team=1 status=2 Z=4804.28 VP=(2618.13,-1766.87,5768.95)
[SelectTarget] team=2 EnemyN=1 TgtZ=4804.07
[DIST] team=2 EnemyN=1 MyZ=6637.39 TgtZ=4804.07 Dist=2849.32
[ROOT] team=2 status=2 Z=6637.39 VP=(3493.18,-1469.86,6287.39)
[SelectTarget] team=1 EnemyN=1 TgtZ=6253.44
[DIST] team=1 EnemyN=1 MyZ=4886.1 TgtZ=6253.44 Dist=2252.23
[ROOT] team=1 status=2 Z=4886.1 VP=(2632.75,-1814.12,6012.22)
[SelectTarget] team=2 EnemyN=1 TgtZ=4887.23
[DIST] team=2 EnemyN=1 MyZ=6253.44 TgtZ=4887.23 Dist=2248.98
[ROOT] team=2 status=2 Z=6253.44 VP=(3680.97,-617.527,5903.44)
[SelectTarget] team=1 EnemyN=1 TgtZ=5825.6
[DIST] team=1 EnemyN=1 MyZ=5179.78 TgtZ=5825.6 Dist=1964.64
[ROOT] team=1 status=2 Z=5179.78 VP=(3368.28,-1566.35,5892.58)
[SelectTarget] team=2 EnemyN=1 TgtZ=5181.69
[DIST] team=2 EnemyN=1 MyZ=5825.6 TgtZ=5181.69 Dist=1962.55
[ROOT] team=2 status=2 Z=5825.6 VP=(3189.61,-18.2223,5475.6)
[SelectTarget] team=1 EnemyN=1 TgtZ=5336.37
[DIST] team=1 EnemyN=1 MyZ=5495.56 TgtZ=5336.37 Dist=2215.13
[ROOT] team=1 status=2 Z=5495.56 VP=(3803.6,-947.894,5420.34)
[SelectTarget] team=2 EnemyN=1 TgtZ=5496.97
[DIST] team=2 EnemyN=1 MyZ=5336.37 TgtZ=5496.97 Dist=2214.1
[ROOT] team=2 status=2 Z=5336.37 VP=(2675.67,111.277,5496.97)
[SYNCCIRCLE] R=1318.27 dist=2735.72 shrink=0.28 thr=0.626534
[SelectTarget] team=1 EnemyN=1 TgtZ=4886.33
[DIST] team=1 EnemyN=1 MyZ=5645.08 TgtZ=4886.33 Dist=2775.78
[ROOT] team=1 status=2 Z=5645.08 VP=(3198.81,505.551,4995.08)
[SelectTarget] team=2 EnemyN=1 TgtZ=5645.26
[DIST] team=2 EnemyN=1 MyZ=4886.33 TgtZ=5645.26 Dist=2774.34
[ROOT] team=2 status=2 Z=4886.33 VP=(2247.25,88.5334,5236.33)
[SelectTarget] team=1 EnemyN=1 TgtZ=4553.76
[DIST] team=1 EnemyN=1 MyZ=5562.86 TgtZ=4553.76 Dist=3304.67
[ROOT] team=1 status=2 Z=5562.86 VP=(2362.81,778.1,4912.86)
[SelectTarget] team=2 EnemyN=1 TgtZ=5561.78
[DIST] team=2 EnemyN=1 MyZ=4553.76 TgtZ=5561.78 Dist=3303.8
[ROOT] team=2 status=2 Z=4553.76 VP=(1816.35,-22.2513,4903.76)
[SelectTarget] team=1 EnemyN=1 TgtZ=4335.52
[DIST] team=1 EnemyN=1 MyZ=5266.74 TgtZ=4335.52 Dist=3612.02
[ROOT] team=1 status=2 Z=5266.74 VP=(1489.88,499.584,4616.74)
[SelectTarget] team=2 EnemyN=1 TgtZ=5264.56
[DIST] team=2 EnemyN=1 MyZ=4335.52 TgtZ=5264.56 Dist=3610.84
[ROOT] team=2 status=2 Z=4335.52 VP=(1388.52,-348.019,4685.52)
[SelectTarget] team=1 EnemyN=1 TgtZ=4229.77
[DIST] team=1 EnemyN=1 MyZ=4801.06 TgtZ=4229.77 Dist=3617.16
[ROOT] team=1 status=2 Z=4801.06 VP=(979.428,-270.995,4151.06)
[SelectTarget] team=2 EnemyN=1 TgtZ=4798.12
[DIST] team=2 EnemyN=1 MyZ=4229.77 TgtZ=4798.12 Dist=3614.15
[ROOT] team=2 status=2 Z=4229.77 VP=(1145.37,-951.674,4579.77)
[SYNCCIRCLE] R=1662.13 dist=3324.64 shrink=0.28 thr=0.811973
[SelectTarget] team=1 EnemyN=1 TgtZ=4223.41
[DIST] team=1 EnemyN=1 MyZ=4236.49 TgtZ=4223.41 Dist=3297.23
[ROOT] team=1 status=2 Z=4236.49 VP=(925.259,-1135.66,3675.82)
[SelectTarget] team=2 EnemyN=1 TgtZ=4233.24
[DIST] team=2 EnemyN=1 MyZ=4223.41 TgtZ=4233.24 Dist=3293.64
[ROOT] team=2 status=2 Z=4223.41 VP=(1313.51,-1703.36,4233.24)
[SelectTarget] team=1 EnemyN=1 TgtZ=4123.72
[DIST] team=1 EnemyN=1 MyZ=3679.05 TgtZ=4123.72 Dist=2655.72
[ROOT] team=1 status=2 Z=3679.05 VP=(1465.04,-1661.97,3323.95)
[SelectTarget] team=2 EnemyN=1 TgtZ=3676.25
[DIST] team=2 EnemyN=1 MyZ=4123.72 TgtZ=3676.25 Dist=2651.89
[ROOT] team=2 status=2 Z=4123.72 VP=(1994.75,-2284.55,3773.72)
[SelectTarget] team=1 EnemyN=1 TgtZ=3881.1
[DIST] team=1 EnemyN=1 MyZ=3322.79 TgtZ=3881.1 Dist=1759.45
[ROOT] team=1 status=2 Z=3322.79 VP=(1557.57,-1610.36,3914.76)
[SelectTarget] team=2 EnemyN=1 TgtZ=3322.07
[DIST] team=2 EnemyN=1 MyZ=3881.1 TgtZ=3322.07 Dist=1755.8
[ROOT] team=2 status=2 Z=3881.1 VP=(3061.59,-2231.07,3531.1)
[SelectTarget] team=1 EnemyN=1 TgtZ=3610.61
[DIST] team=1 EnemyN=1 MyZ=3355.58 TgtZ=3610.61 Dist=1125.96
[ROOT] team=1 status=2 Z=3355.58 VP=(2353.61,-1870.53,3641.86)
[SelectTarget] team=2 EnemyN=1 TgtZ=3356.33
[DIST] team=2 EnemyN=1 MyZ=3610.61 TgtZ=3356.33 Dist=1124.08
[ROOT] team=2 status=2 Z=3610.61 VP=(3456.53,-739.79,3356.33)
[SYNCCIRCLE] R=778.757 dist=1565.6 shrink=0.28 thr=0.766702
[SelectTarget] team=1 EnemyN=1 TgtZ=3303
[DIST] team=1 EnemyN=1 MyZ=3487.76 TgtZ=3303 Dist=1622.85
[ROOT] team=1 status=2 Z=3487.76 VP=(3447.98,-725.519,2837.76)
[SelectTarget] team=2 EnemyN=1 TgtZ=3488.23
[DIST] team=2 EnemyN=1 MyZ=3303 TgtZ=3488.23 Dist=1623.81
[ROOT] team=2 status=2 Z=3303 VP=(2407.25,-134.22,3488.23)
[SelectTarget] team=1 EnemyN=1 TgtZ=3037.62
[DIST] team=1 EnemyN=1 MyZ=3431.29 TgtZ=3037.62 Dist=2538.6
[ROOT] team=1 status=2 Z=3431.29 VP=(2991.53,102.542,2781.29)
[SelectTarget] team=2 EnemyN=1 TgtZ=3430.1
[DIST] team=2 EnemyN=1 MyZ=3037.62 TgtZ=3430.1 Dist=2539.98
[ROOT] team=2 status=2 Z=3037.62 VP=(1935.51,-123.733,3387.62)
[SelectTarget] team=1 EnemyN=1 TgtZ=2877.87
[DIST] team=1 EnemyN=1 MyZ=3057.41 TgtZ=2877.87 Dist=3235.02
[ROOT] team=1 status=2 Z=3057.41 VP=(2136.69,438.529,2407.41)
[SelectTarget] team=2 EnemyN=1 TgtZ=3054.49
[DIST] team=2 EnemyN=1 MyZ=2877.87 TgtZ=3054.49 Dist=3235.77
[ROOT] team=2 status=2 Z=2877.87 VP=(1446.81,-146.89,3054.49)
[SelectTarget] team=1 EnemyN=1 TgtZ=2758.07
[DIST] team=1 EnemyN=1 MyZ=2470.73 TgtZ=2758.07 Dist=3521.09
[ROOT] team=1 status=2 Z=2470.73 VP=(4693.35,-2394.8,7246.96)
[SelectTarget] team=2 EnemyN=1 TgtZ=2467.99
[DIST] team=2 EnemyN=1 MyZ=2758.07 TgtZ=2467.99 Dist=3520.26
[ROOT] team=2 status=2 Z=2758.07 VP=(901.54,-546.41,2467.99)
[SYNCCIRCLE] R=1830.61 dist=3682.79 shrink=0.28 thr=0.83502
[SelectTarget] team=1 EnemyN=1 TgtZ=2520.76
[DIST] team=1 EnemyN=1 MyZ=2124.16 TgtZ=2520.76 Dist=3687.71
[ROOT] team=1 status=2 Z=2124.16 VP=(1169.5,-754.723,1740.2)
[SelectTarget] team=2 EnemyN=1 TgtZ=2122.77
[DIST] team=2 EnemyN=1 MyZ=2520.76 TgtZ=2122.77 Dist=3689.53
[ROOT] team=2 status=2 Z=2520.76 VP=(771.962,-1439.66,2170.76)
[SelectTarget] team=1 EnemyN=1 TgtZ=2268.72
[DIST] team=1 EnemyN=1 MyZ=1938.58 TgtZ=2268.72 Dist=3763.2
[ROOT] team=1 status=2 Z=1938.58 VP=(1436.13,-1664.62,1552.85)
[SelectTarget] team=2 EnemyN=1 TgtZ=1937.93
[DIST] team=2 EnemyN=1 MyZ=2268.72 TgtZ=1937.93 Dist=3765.2
[ROOT] team=2 status=2 Z=2268.72 VP=(1230.5,-2390.76,2000)
[SelectTarget] team=1 EnemyN=1 TgtZ=2094.81
[DIST] team=1 EnemyN=1 MyZ=1854.75 TgtZ=2094.81 Dist=3852.8
[ROOT] team=1 status=2 Z=1854.75 VP=(4824.55,677.457,6639.55)
[SelectTarget] team=2 EnemyN=1 TgtZ=1854.37
[DIST] team=2 EnemyN=1 MyZ=2094.81 TgtZ=1854.37 Dist=3854.59
[ROOT] team=2 status=2 Z=2094.81 VP=(2119.04,-3053.72,2000)
[SelectTarget] team=1 EnemyN=1 TgtZ=2007.09
[DIST] team=1 EnemyN=1 MyZ=1815.02 TgtZ=2007.09 Dist=3881.23
[ROOT] team=1 status=2 Z=1815.02 VP=(3878.21,1383.78,6602.82)
[SelectTarget] team=2 EnemyN=1 TgtZ=1814.76
[DIST] team=2 EnemyN=1 MyZ=2007.09 TgtZ=1814.76 Dist=3882.53
[ROOT] team=2 status=2 Z=2007.09 VP=(3232.63,-3227.11,2000)
[SYNCCIRCLE] R=1913.79 dist=3831.06 shrink=0.28 thr=0.649822
[SelectTarget] team=1 EnemyN=1 TgtZ=1965.07
[DIST] team=1 EnemyN=1 MyZ=1802.6 TgtZ=1965.07 Dist=3824.23
[ROOT] team=1 status=2 Z=1802.6 VP=(3748.65,-2762.61,1500)
[SelectTarget] team=2 EnemyN=1 TgtZ=1802.55
[DIST] team=2 EnemyN=1 MyZ=1965.07 TgtZ=1802.55 Dist=3823.89
[ROOT] team=2 status=2 Z=1965.07 VP=(4298.68,-2841.6,2000)
[SelectTarget] team=1 EnemyN=1 TgtZ=1944.82
[DIST] team=1 EnemyN=1 MyZ=1801 TgtZ=1944.82 Dist=3660.38
[ROOT] team=1 status=2 Z=1801 VP=(4535.28,-2183.78,1500)
[SelectTarget] team=2 EnemyN=1 TgtZ=1801.56
[DIST] team=2 EnemyN=1 MyZ=1944.82 TgtZ=1801.56 Dist=3660.24
[ROOT] team=2 status=2 Z=1944.82 VP=(5037.13,-1967.22,2000)
[SelectTarget] team=1 EnemyN=1 TgtZ=1934.24
[DIST] team=1 EnemyN=1 MyZ=1932.77 TgtZ=1934.24 Dist=3532.85
[ROOT] team=1 status=2 Z=1932.77 VP=(4911.3,-1270.57,1500)
[SelectTarget] team=2 EnemyN=1 TgtZ=1933.16
[DIST] team=2 EnemyN=1 MyZ=1934.24 TgtZ=1933.16 Dist=3532.5
[ROOT] team=2 status=2 Z=1934.24 VP=(5224.56,-826.084,2000)
[SelectTarget] team=1 EnemyN=1 TgtZ=1927.53
[DIST] team=1 EnemyN=1 MyZ=1897.35 TgtZ=1927.53 Dist=3255.84
[ROOT] team=1 status=2 Z=1897.35 VP=(4744.42,-291.15,1500)
[SelectTarget] team=2 EnemyN=1 TgtZ=1896.94
[DIST] team=2 EnemyN=1 MyZ=1927.53 TgtZ=1896.94 Dist=3255.29
[ROOT] team=2 status=2 Z=1927.53 VP=(4761.45,252.301,2000)
[SYNCCIRCLE] R=1525.79 dist=3052.75 shrink=0.28 thr=0.672868
[SelectTarget] team=1 EnemyN=1 TgtZ=1921.68
[DIST] team=1 EnemyN=1 MyZ=1835.98 TgtZ=1921.68 Dist=3043.56
[ROOT] team=1 status=2 Z=1835.98 VP=(4038.2,420.544,1500)
[SelectTarget] team=2 EnemyN=1 TgtZ=1835.82
[DIST] team=2 EnemyN=1 MyZ=1921.68 TgtZ=1835.82 Dist=3043.43
[ROOT] team=2 status=2 Z=1921.68 VP=(3727.3,870.139,2000)
[SelectTarget] team=1 EnemyN=1 TgtZ=1916.42
[DIST] team=1 EnemyN=1 MyZ=1808.43 TgtZ=1916.42 Dist=2935.63
[ROOT] team=1 status=2 Z=1808.43 VP=(3621.29,-2875.5,6596.33)
[SelectTarget] team=2 EnemyN=1 TgtZ=1808.23
[DIST] team=2 EnemyN=1 MyZ=1916.42 TgtZ=1808.23 Dist=2935.37
[ROOT] team=2 status=2 Z=1916.42 VP=(2516.5,725.626,2000)
[SelectTarget] team=1 EnemyN=1 TgtZ=1912.69
[DIST] team=1 EnemyN=1 MyZ=1795.9 TgtZ=1912.69 Dist=2903.41
[ROOT] team=1 status=2 Z=1795.9 VP=(4724.55,-2557.83,6585.93)
[SelectTarget] team=2 EnemyN=1 TgtZ=1795.77
[DIST] team=2 EnemyN=1 MyZ=1912.69 TgtZ=1795.77 Dist=2903.86
[ROOT] team=2 status=2 Z=1912.69 VP=(1650.78,-134.759,2000)
[SelectTarget] team=1 EnemyN=1 TgtZ=1911.38
[DIST] team=1 EnemyN=1 MyZ=1911.37 TgtZ=1911.38 Dist=3020.34
[ROOT] team=1 status=2 Z=1911.37 VP=(1781.71,-866.569,1500)
[SelectTarget] team=2 EnemyN=1 TgtZ=1912.04
[DIST] team=2 EnemyN=1 MyZ=1911.38 TgtZ=1912.04 Dist=3021.36
[ROOT] team=2 status=2 Z=1911.38 VP=(1460.53,-1323.59,2000)
[SYNCCIRCLE] R=1534.93 dist=3069.89 shrink=0.28 thr=0.714024
[SelectTarget] team=1 EnemyN=1 TgtZ=1912.55
[DIST] team=1 EnemyN=1 MyZ=1922.57 TgtZ=1912.55 Dist=3069.28
[ROOT] team=1 status=2 Z=1922.57 VP=(5435.55,-281.386,6703.1)
[SelectTarget] team=2 EnemyN=1 TgtZ=1921.97
[DIST] team=2 EnemyN=1 MyZ=1912.55 TgtZ=1921.97 Dist=3070.02
[ROOT] team=2 status=2 Z=1912.55 VP=(1975.12,-2398.09,2000)
[SelectTarget] team=1 EnemyN=1 TgtZ=1914.85
[DIST] team=1 EnemyN=1 MyZ=1846.05 TgtZ=1914.85 Dist=3148.84
[ROOT] team=1 status=2 Z=1846.05 VP=(2688.7,-2532.54,1500)
[SelectTarget] team=2 EnemyN=1 TgtZ=1845.82
[DIST] team=2 EnemyN=1 MyZ=1914.85 TgtZ=1845.82 Dist=3150.33
[ROOT] team=2 status=2 Z=1914.85 VP=(3002,-2993.45,2000)
[SelectTarget] team=1 EnemyN=1 TgtZ=1917.81
[DIST] team=1 EnemyN=1 MyZ=1812.36 TgtZ=1917.81 Dist=3301.34
[ROOT] team=1 status=2 Z=1812.36 VP=(3657.5,-2718.64,1500)
[SelectTarget] team=2 EnemyN=1 TgtZ=1812.31
[DIST] team=2 EnemyN=1 MyZ=1917.81 TgtZ=1812.31 Dist=3303.65
[ROOT] team=2 status=2 Z=1917.81 VP=(4168.37,-2938.99,2000)
[SelectTarget] team=1 EnemyN=1 TgtZ=1920.78
[DIST] team=1 EnemyN=1 MyZ=1841.2 TgtZ=1920.78 Dist=3466.5
[ROOT] team=1 status=2 Z=1841.2 VP=(4575.54,-2373.18,1500)
[SelectTarget] team=2 EnemyN=1 TgtZ=1841.75
[DIST] team=2 EnemyN=1 MyZ=1920.78 TgtZ=1841.75 Dist=3468.69
[ROOT] team=2 status=2 Z=1920.78 VP=(5125.47,-2303.29,2000)
[SYNCCIRCLE] R=1762.28 dist=3525.1 shrink=0.28 thr=0.688919
[SelectTarget] team=1 EnemyN=1 TgtZ=1922.99
[DIST] team=1 EnemyN=1 MyZ=1857.17 TgtZ=1922.99 Dist=3521.01
[ROOT] team=1 status=2 Z=1857.17 VP=(1602.82,481.683,6641.42)
[SelectTarget] team=2 EnemyN=1 TgtZ=1856.75
[DIST] team=2 EnemyN=1 MyZ=1922.99 TgtZ=1856.75 Dist=3521.99
[ROOT] team=2 status=2 Z=1922.99 VP=(5631.91,-1276.95,2000)
[SelectTarget] team=1 EnemyN=1 TgtZ=1923.44
[DIST] team=1 EnemyN=1 MyZ=1813.66 TgtZ=1923.44 Dist=3502.39
[ROOT] team=1 status=2 Z=1813.66 VP=(5340.99,-639.936,1500)
[SelectTarget] team=2 EnemyN=1 TgtZ=1813.58
[DIST] team=2 EnemyN=1 MyZ=1923.44 TgtZ=1813.58 Dist=3503.33
[ROOT] team=2 status=2 Z=1923.44 VP=(5541.97,-128.481,2000)
[SelectTarget] team=1 EnemyN=1 TgtZ=1922.34
[DIST] team=1 EnemyN=1 MyZ=1802.92 TgtZ=1922.34 Dist=3472.05
[ROOT] team=1 status=2 Z=1802.92 VP=(4959.59,274.204,1500)
[SelectTarget] team=2 EnemyN=1 TgtZ=1803.2
[DIST] team=2 EnemyN=1 MyZ=1922.34 TgtZ=1803.2 Dist=3473.08
[ROOT] team=2 status=2 Z=1922.34 VP=(4864.52,813.645,2000)
[SelectTarget] team=1 EnemyN=1 TgtZ=1920.38
[DIST] team=1 EnemyN=1 MyZ=1842.28 TgtZ=1920.38 Dist=3420.08
[ROOT] team=1 status=2 Z=1842.28 VP=(2666.7,-2665.2,6627.84)
[SelectTarget] team=2 EnemyN=1 TgtZ=1842.03
[DIST] team=2 EnemyN=1 MyZ=1920.38 TgtZ=1842.03 Dist=3420.47
[ROOT] team=2 status=2 Z=1920.38 VP=(3794.36,1263.58,2000)
[SYNCCIRCLE] R=1644.8 dist=3291.4 shrink=0.28 thr=0.676984
[SelectTarget] team=1 EnemyN=1 TgtZ=1918.07
[DIST] team=1 EnemyN=1 MyZ=1808.02 TgtZ=1918.07 Dist=3282.64
[ROOT] team=1 status=2 Z=1808.02 VP=(3168.94,915.428,1500)
[SelectTarget] team=2 EnemyN=1 TgtZ=1807.93
[DIST] team=2 EnemyN=1 MyZ=1918.07 TgtZ=1807.93 Dist=3282.79
[ROOT] team=2 status=2 Z=1918.07 VP=(2642.18,1058.8,2000)
[SelectTarget] team=1 EnemyN=1 TgtZ=1915.89
[DIST] team=1 EnemyN=1 MyZ=1803.8 TgtZ=1915.89 Dist=3159.7
[ROOT] team=1 status=2 Z=1803.8 VP=(2312.95,408.193,1500)
[SelectTarget] team=2 EnemyN=1 TgtZ=1804.28
[DIST] team=2 EnemyN=1 MyZ=1915.89 TgtZ=1804.28 Dist=3160.21
[ROOT] team=2 status=2 Z=1915.89 VP=(1796.68,228.457,2000)
[SelectTarget] team=1 EnemyN=1 TgtZ=1914.71
[DIST] team=1 EnemyN=1 MyZ=1894.98 TgtZ=1914.71 Dist=3105.54
[ROOT] team=1 status=2 Z=1894.98 VP=(1896.39,-501.907,1500)
[SelectTarget] team=2 EnemyN=1 TgtZ=1895.04
[DIST] team=2 EnemyN=1 MyZ=1914.71 TgtZ=1895.04 Dist=3106.2
[ROOT] team=2 status=2 Z=1914.71 VP=(1573.64,-945.115,2000)
[SelectTarget] team=1 EnemyN=1 TgtZ=1914.79
[DIST] team=1 EnemyN=1 MyZ=1852.64 TgtZ=1914.79 Dist=2990.79
[ROOT] team=1 status=2 Z=1852.64 VP=(2085.16,-1487.79,1500)
[SelectTarget] team=2 EnemyN=1 TgtZ=1852.34
[DIST] team=2 EnemyN=1 MyZ=1914.79 TgtZ=1852.34 Dist=2991.11
[ROOT] team=2 status=2 Z=1914.79 VP=(2088.71,-2038.67,2000)
[SYNCCIRCLE] R=1477.59 dist=2956.79 shrink=0.28 thr=0.700031
[SelectTarget] team=1 EnemyN=1 TgtZ=1915.75
[DIST] team=1 EnemyN=1 MyZ=1815 TgtZ=1915.75 Dist=2955.85
[ROOT] team=1 status=2 Z=1815 VP=(4598.25,1089.43,6602.63)
[SelectTarget] team=2 EnemyN=1 TgtZ=1814.74
[DIST] team=2 EnemyN=1 MyZ=1915.75 TgtZ=1814.74 Dist=2955.83
[ROOT] team=2 status=2 Z=1915.75 VP=(3166.1,-2607.76,2000)
[SelectTarget] team=1 EnemyN=1 TgtZ=1917.5
[DIST] team=1 EnemyN=1 MyZ=1798.84 TgtZ=1917.5 Dist=2992.3
[ROOT] team=1 status=2 Z=1798.84 VP=(3457.14,1462.77,6607.42)
[SelectTarget] team=2 EnemyN=1 TgtZ=1799.11
[DIST] team=2 EnemyN=1 MyZ=1917.5 TgtZ=1799.11 Dist=2993.54
[ROOT] team=2 status=2 Z=1917.5 VP=(4361.68,-2422.71,2000)
[SelectTarget] team=1 EnemyN=1 TgtZ=1919.51
[DIST] team=1 EnemyN=1 MyZ=1899.66 TgtZ=1919.51 Dist=3114.84
[ROOT] team=1 status=2 Z=1899.66 VP=(4696,-1776.41,1500)
[SelectTarget] team=2 EnemyN=1 TgtZ=1899.89
[DIST] team=2 EnemyN=1 MyZ=1919.51 TgtZ=1899.89 Dist=3115.16
[ROOT] team=2 status=2 Z=1919.51 VP=(5227.58,-1610.11,2000)
[SelectTarget] team=1 EnemyN=1 TgtZ=1920.73
[DIST] team=1 EnemyN=1 MyZ=1857.22 TgtZ=1920.73 Dist=3130.5
[ROOT] team=1 status=2 Z=1857.22 VP=(5140.51,-887.234,1500)
[SelectTarget] team=2 EnemyN=1 TgtZ=1857.01
[DIST] team=2 EnemyN=1 MyZ=1920.73 TgtZ=1857.01 Dist=3131.24
[ROOT] team=2 status=2 Z=1920.73 VP=(5485.58,-451.01,2000)
[SYNCCIRCLE] R=1592.05 dist=3185.78 shrink=0.28 thr=0.699208
[SelectTarget] team=1 EnemyN=1 TgtZ=1920.44
[DIST] team=1 EnemyN=1 MyZ=1815.87 TgtZ=1920.44 Dist=3188.89
[ROOT] team=1 status=2 Z=1815.87 VP=(5008.34,101.818,1500)
[SelectTarget] team=2 EnemyN=1 TgtZ=1815.7
[DIST] team=2 EnemyN=1 MyZ=1920.44 TgtZ=1815.7 Dist=3190.05
[ROOT] team=2 status=2 Z=1920.44 VP=(5051.32,655.151,2000)
[SelectTarget] team=1 EnemyN=1 TgtZ=1919.2
[DIST] team=1 EnemyN=1 MyZ=1796.48 TgtZ=1919.2 Dist=3261.09
[ROOT] team=1 status=2 Z=1796.48 VP=(1863.84,-2246.86,6584.85)
[SelectTarget] team=2 EnemyN=1 TgtZ=1796.26
[DIST] team=2 EnemyN=1 MyZ=1919.2 TgtZ=1796.26 Dist=3262.13
[ROOT] team=2 status=2 Z=1919.2 VP=(4089.25,1339.25,2000)
[SelectTarget] team=1 EnemyN=1 TgtZ=1917.91
[DIST] team=1 EnemyN=1 MyZ=1915.16 TgtZ=1917.91 Dist=3401.11
[ROOT] team=1 status=2 Z=1915.16 VP=(3406.47,1141.96,1500)
[SelectTarget] team=2 EnemyN=1 TgtZ=1916.18
[DIST] team=2 EnemyN=1 MyZ=1917.91 TgtZ=1916.18 Dist=3403.35
[ROOT] team=2 status=2 Z=1917.91 VP=(2930.96,1419.25,2000)
[SelectTarget] team=1 EnemyN=1 TgtZ=1918.16
[DIST] team=1 EnemyN=1 MyZ=2009.39 TgtZ=1918.16 Dist=3420.99
[ROOT] team=1 status=2 Z=2009.39 VP=(2446.81,885.532,1500)
[SelectTarget] team=2 EnemyN=1 TgtZ=2009.28
[DIST] team=2 EnemyN=1 MyZ=1918.16 TgtZ=2009.28 Dist=3421.3
[ROOT] team=2 status=2 Z=1918.16 VP=(1903.43,897.304,2009.28)
[SYNCCIRCLE] R=1650.41 dist=3300.82 shrink=0.28 thr=0.679453
[SelectTarget] team=1 EnemyN=1 TgtZ=1918.83
[DIST] team=1 EnemyN=1 MyZ=1916.74 TgtZ=1918.83 Dist=3292.35
[ROOT] team=1 status=2 Z=1916.74 VP=(1763.38,196.338,1500)
[SelectTarget] team=2 EnemyN=1 TgtZ=1916.21
[DIST] team=2 EnemyN=1 MyZ=1918.83 TgtZ=1916.21 Dist=3293.04
[ROOT] team=2 status=2 Z=1918.83 VP=(1307.85,-107.43,2000)
[SelectTarget] team=1 EnemyN=1 TgtZ=1917.75
[DIST] team=1 EnemyN=1 MyZ=1841.5 TgtZ=1917.75 Dist=3207.21
[ROOT] team=1 status=2 Z=1841.5 VP=(1578.59,-785.276,1500)
[SelectTarget] team=2 EnemyN=1 TgtZ=1841.17
[DIST] team=2 EnemyN=1 MyZ=1917.75 TgtZ=1841.17 Dist=3207.94
[ROOT] team=2 status=2 Z=1917.75 VP=(1373.31,-1292.19,2000)
[SelectTarget] team=1 EnemyN=1 TgtZ=1917.84
[DIST] team=1 EnemyN=1 MyZ=1810.44 TgtZ=1917.84 Dist=3183.61
[ROOT] team=1 status=2 Z=1810.44 VP=(1985.77,-1703.59,1500)
[SelectTarget] team=2 EnemyN=1 TgtZ=1810.44
[DIST] team=2 EnemyN=1 MyZ=1917.84 TgtZ=1810.44 Dist=3184.31
[ROOT] team=2 status=2 Z=1917.84 VP=(2101.63,-2239.62,2000)
[SelectTarget] team=1 EnemyN=1 TgtZ=1919.15
[DIST] team=1 EnemyN=1 MyZ=1825.33 TgtZ=1919.15 Dist=3195.03
[ROOT] team=1 status=2 Z=1825.33 VP=(2836.75,-2231.28,1500)
[SelectTarget] team=2 EnemyN=1 TgtZ=1825.97
[DIST] team=2 EnemyN=1 MyZ=1919.15 TgtZ=1825.97 Dist=3196.49
[ROOT] team=2 status=2 Z=1919.15 VP=(3235.73,-2610.22,2000)
[SYNCCIRCLE] R=1604.68 dist=3209.58 shrink=0.28 thr=0.688508
[SelectTarget] team=1 EnemyN=1 TgtZ=1921.13
[DIST] team=1 EnemyN=1 MyZ=1881.36 TgtZ=1921.13 Dist=3204.36
[ROOT] team=1 status=2 Z=1881.36 VP=(3831.8,-2198.94,1500)
[SelectTarget] team=2 EnemyN=1 TgtZ=1881.1
[DIST] team=2 EnemyN=1 MyZ=1921.13 TgtZ=1881.1 Dist=3204.97
[ROOT] team=2 status=2 Z=1921.13 VP=(4374.89,-2292.86,2000)
[SelectTarget] team=1 EnemyN=1 TgtZ=1922.46
[DIST] team=1 EnemyN=1 MyZ=1829.04 TgtZ=1922.46 Dist=3145.79
[ROOT] team=1 status=2 Z=1829.04 VP=(1771.47,907.612,6614.89)
[SelectTarget] team=2 EnemyN=1 TgtZ=1828.67
[DIST] team=2 EnemyN=1 MyZ=1922.46 TgtZ=1828.67 Dist=3146.82
[ROOT] team=2 status=2 Z=1922.46 VP=(5138.15,-1380.17,2000)
[SelectTarget] team=1 EnemyN=1 TgtZ=1922.44
[DIST] team=1 EnemyN=1 MyZ=1802.58 TgtZ=1922.44 Dist=3123.67
[ROOT] team=1 status=2 Z=1802.58 VP=(4961.6,-661.941,1500)
[SelectTarget] team=2 EnemyN=1 TgtZ=1802.49
[DIST] team=2 EnemyN=1 MyZ=1922.44 TgtZ=1802.49 Dist=3124.81
[ROOT] team=2 status=2 Z=1922.44 VP=(5242.46,-186.008,2000)
[SelectTarget] team=1 EnemyN=1 TgtZ=1921.12
[DIST] team=1 EnemyN=1 MyZ=1805.17 TgtZ=1921.12 Dist=3122.73
[ROOT] team=1 status=2 Z=1805.17 VP=(4683.45,304.476,1500)
[SelectTarget] team=2 EnemyN=1 TgtZ=1805.86
[DIST] team=2 EnemyN=1 MyZ=1921.12 TgtZ=1805.86 Dist=3123.9
[ROOT] team=2 status=2 Z=1921.12 VP=(4641.43,855.696,2000)
[SYNCCIRCLE] R=1606.07 dist=3212.26 shrink=0.28 thr=0.690977
[SelectTarget] team=1 EnemyN=1 TgtZ=1919.4
[DIST] team=1 EnemyN=1 MyZ=1952.47 TgtZ=1919.4 Dist=3211.97
[ROOT] team=1 status=2 Z=1952.47 VP=(3918.39,950.956,1500)
[SelectTarget] team=2 EnemyN=1 TgtZ=1952.97
[DIST] team=2 EnemyN=1 MyZ=1919.4 TgtZ=1952.97 Dist=3213.02
[ROOT] team=2 status=2 Z=1919.4 VP=(3581.99,1388,2000)
[SelectTarget] team=1 EnemyN=1 TgtZ=1917.63
[DIST] team=1 EnemyN=1 MyZ=1926.5 TgtZ=1917.63 Dist=3152.32
[ROOT] team=1 status=2 Z=1926.5 VP=(2928.26,1065.71,1500)
[SelectTarget] team=2 EnemyN=1 TgtZ=1925.95
[DIST] team=2 EnemyN=1 MyZ=1917.63 TgtZ=1925.95 Dist=3152.14
[ROOT] team=2 status=2 Z=1917.63 VP=(2406.1,1238.25,2000)
runner:local/env:0	num_steps=[11999] | total rewards=[-119.9900] | termination= [max time out]
[seed 3] reward=  -119.99 ownHP=1.0000 tgtHP=1.0000 max time out
total: 2
[SelectTarget] team=1 EnemyN=1 TgtZ=7001.67
[DIST] team=1 EnemyN=1 MyZ=8179 TgtZ=7001.67 Dist=3415.37
[ROOT] team=1 status=2 Z=8179 VP=(4819.79,-104.339,7529)
[SelectTarget] team=2 EnemyN=1 TgtZ=8177.92
[DIST] team=2 EnemyN=1 MyZ=7001.67 TgtZ=8177.92 Dist=3415.54
[ROOT] team=2 status=2 Z=7001.67 VP=(4643.66,-1056.2,7351.67)
[SelectTarget] team=1 EnemyN=1 TgtZ=7026.31
[DIST] team=1 EnemyN=1 MyZ=7910.88 TgtZ=7026.31 Dist=2754.09
[ROOT] team=1 status=2 Z=7910.88 VP=(4223,-936.406,7260.88)
[SelectTarget] team=2 EnemyN=1 TgtZ=7908.93
[DIST] team=2 EnemyN=1 MyZ=7026.31 TgtZ=7908.93 Dist=2752.85
[ROOT] team=2 status=2 Z=7026.31 VP=(3906.47,-1388.98,7376.31)
[SYNCCIRCLE] R=1011.79 dist=2066.48 shrink=0.28 thr=0.84572
[SelectTarget] team=1 EnemyN=1 TgtZ=7116.58
[DIST] team=1 EnemyN=1 MyZ=7497.55 TgtZ=7116.58 Dist=2017.26
[ROOT] team=1 status=2 Z=7497.55 VP=(4419.75,-579.525,7060.76)
[SelectTarget] team=2 EnemyN=1 TgtZ=7494.93
[DIST] team=2 EnemyN=1 MyZ=7116.58 TgtZ=7494.93 Dist=2013.89
[ROOT] team=2 status=2 Z=7116.58 VP=(3277.25,-1963.28,7466.58)
[SelectTarget] team=1 EnemyN=1 TgtZ=7232.36
[DIST] team=1 EnemyN=1 MyZ=7023.72 TgtZ=7232.36 Dist=1182.26
[ROOT] team=1 status=2 Z=7023.72 VP=(3751.81,-1367.98,7209.53)
[SelectTarget] team=2 EnemyN=1 TgtZ=7021.31
[DIST] team=2 EnemyN=1 MyZ=7232.36 TgtZ=7021.31 Dist=1178.77
[ROOT] team=2 status=2 Z=7232.36 VP=(2478.7,-2381.12,7021.31)
[SelectTarget] team=1 EnemyN=1 TgtZ=7122.25
[DIST] team=1 EnemyN=1 MyZ=6747.23 TgtZ=7122.25 Dist=747.452
[ROOT] team=1 status=2 Z=6747.23 VP=(3120.99,-1886.79,7120.96)
[SelectTarget] team=2 EnemyN=1 TgtZ=6746.61
[DIST] team=2 EnemyN=1 MyZ=7122.25 TgtZ=6746.61 Dist=746.73
[ROOT] team=2 status=2 Z=7122.25 VP=(2054.88,-787.445,6772.25)
[SelectTarget] team=1 EnemyN=1 TgtZ=6827.24
[DIST] team=1 EnemyN=1 MyZ=6687.19 TgtZ=6827.24 Dist=1674.8
[ROOT] team=1 status=2 Z=6687.19 VP=(1486.42,-2082.51,6076.28)
[SelectTarget] team=2 EnemyN=1 TgtZ=6686.62
[DIST] team=2 EnemyN=1 MyZ=6827.24 TgtZ=6686.62 Dist=1676.66
[ROOT] team=2 status=2 Z=6827.24 VP=(2696.62,-729.836,6686.62)
[SYNCCIRCLE] R=1370.54 dist=2742.71 shrink=0.28 thr=0.66793
[SelectTarget] team=1 EnemyN=1 TgtZ=6357.63
[DIST] team=1 EnemyN=1 MyZ=6467.52 TgtZ=6357.63 Dist=2812.77
[ROOT] team=1 status=2 Z=6467.52 VP=(1053.63,-1605.02,5817.52)
[SelectTarget] team=2 EnemyN=1 TgtZ=6465.64
[DIST] team=2 EnemyN=1 MyZ=6357.63 TgtZ=6465.64 Dist=2814.49
[ROOT] team=2 status=2 Z=6357.63 VP=(2442.91,-801.736,6465.64)
[SelectTarget] team=1 EnemyN=1 TgtZ=5779.5
[DIST] team=1 EnemyN=1 MyZ=6015 TgtZ=5779.5 Dist=3777.25
[ROOT] team=1 status=2 Z=6015 VP=(931.641,-862.901,5365)
[SelectTarget] team=2 EnemyN=1 TgtZ=6011.88
[DIST] team=2 EnemyN=1 MyZ=5779.5 TgtZ=6011.88 Dist=3778.15
[ROOT] team=2 status=2 Z=5779.5 VP=(2247.12,-590.953,6011.88)
[PURE_ATA] team=2 ata=134.26 dist=4008.2 leadDist=0 aa=120.907
[PURE_ATA] team=2 ata=133.984 dist=4032.07 leadDist=0 aa=122.835
[PURE_ATA] team=2 ata=133.896 dist=4054.71 leadDist=0 aa=124.717
[PURE_ATA] team=2 ata=133.445 dist=4077.45 leadDist=0 aa=126.606
[PURE_ATA] team=2 ata=132.523 dist=4099.78 leadDist=0 aa=128.615
[PURE_ATA] team=2 ata=131.187 dist=4122.22 leadDist=0 aa=130.81
[PURE_ATA] team=2 ata=129.81 dist=4142.37 leadDist=0 aa=133.179
[PURE_ATA] team=2 ata=128.597 dist=4163.48 leadDist=0 aa=135.596
[PURE_ATA] team=2 ata=127.478 dist=4184.47 leadDist=0 aa=137.987
[PURE_ATA] team=2 ata=126.405 dist=4203.4 leadDist=0 aa=140.324
[PURE_ATA] team=2 ata=125.406 dist=4223.33 leadDist=0 aa=142.569
[PURE_ATA] team=2 ata=124.461 dist=4240.94 leadDist=0 aa=144.705
[PURE_ATA] team=2 ata=123.563 dist=4258.68 leadDist=0 aa=146.703
[PURE_ATA] team=2 ata=122.698 dist=4276.33 leadDist=0 aa=148.559
[PURE_ATA] team=2 ata=121.848 dist=4293 leadDist=0 aa=150.275
[PURE_ATA] team=2 ata=121.005 dist=4308.66 leadDist=0 aa=151.86
[PURE_ATA] team=2 ata=120.178 dist=4323.82 leadDist=0 aa=153.337
[PURE_ATA] team=2 ata=119.346 dist=4338.19 leadDist=0 aa=154.7
[PURE_ATA] team=2 ata=118.518 dist=4352.51 leadDist=0 aa=155.975
[PURE_ATA] team=2 ata=117.683 dist=4366.02 leadDist=0 aa=157.148
[PURE_ATA] team=2 ata=116.846 dist=4376.94 leadDist=0 aa=158.241
[SelectTarget] team=1 EnemyN=1 TgtZ=5135.64
[DIST] team=1 EnemyN=1 MyZ=5371.2 TgtZ=5135.64 Dist=4389.04
[ROOT] team=1 status=2 Z=5371.2 VP=(672.191,-261.653,4721.2)
[SelectTarget] team=2 EnemyN=1 TgtZ=5367.29
[DIST] team=2 EnemyN=1 MyZ=5135.64 TgtZ=5367.29 Dist=4388
[PURE_ATA] team=2 ata=116.008 dist=4388 leadDist=0 aa=159.263
[ROOT] team=2 status=2 Z=5135.64 VP=(2943.38,-4447.66,5367.29)
[PURE_ATA] team=2 ata=115.166 dist=4398.04 leadDist=0 aa=160.217
[PURE_ATA] team=2 ata=114.329 dist=4409.23 leadDist=0 aa=161.126
[PURE_ATA] team=2 ata=113.481 dist=4417.01 leadDist=0 aa=161.963
[PURE_ATA] team=2 ata=112.633 dist=4424.95 leadDist=0 aa=162.752
[PURE_ATA] team=2 ata=111.784 dist=4433.05 leadDist=0 aa=163.499
[PURE_ATA] team=2 ata=110.934 dist=4439.93 leadDist=0 aa=164.205
[PURE_ATA] team=2 ata=110.076 dist=4444.73 leadDist=0 aa=164.858
[PURE_ATA] team=2 ata=109.223 dist=4449.35 leadDist=0 aa=165.493
[PURE_ATA] team=2 ata=108.365 dist=4453.1 leadDist=0 aa=166.088
[PURE_ATA] team=2 ata=107.505 dist=4457.2 leadDist=0 aa=166.652
[PURE_ATA] team=2 ata=106.643 dist=4457.45 leadDist=0 aa=167.187
[PURE_ATA] team=2 ata=105.782 dist=4459.27 leadDist=0 aa=167.702
[PURE_ATA] team=2 ata=104.92 dist=4460.04 leadDist=0 aa=168.197
[PURE_ATA] team=2 ata=104.053 dist=4458.51 leadDist=0 aa=168.661
[PURE_ATA] team=2 ata=103.186 dist=4457.32 leadDist=0 aa=169.107
[PURE_ATA] team=2 ata=102.324 dist=4454.77 leadDist=0 aa=169.546
[PURE_ATA] team=2 ata=101.456 dist=4451.46 leadDist=0 aa=169.958
[PURE_ATA] team=2 ata=100.585 dist=4447.23 leadDist=0 aa=170.351
[PURE_ATA] team=2 ata=99.716 dist=4440.53 leadDist=0 aa=170.729
[PURE_ATA] team=2 ata=98.8504 dist=4435.3 leadDist=0 aa=171.104
[PURE_ATA] team=2 ata=97.9807 dist=4426.6 leadDist=0 aa=171.457
[PURE_ATA] team=2 ata=97.1107 dist=4418.23 leadDist=0 aa=171.8
[PURE_ATA] team=2 ata=96.2461 dist=4409.96 leadDist=0 aa=172.141
[PURE_ATA] team=2 ata=95.3774 dist=4399.6 leadDist=0 aa=172.46
[PURE_ATA] team=2 ata=94.5104 dist=4388.17 leadDist=0 aa=172.772
[PURE_ATA] team=2 ata=93.6463 dist=4375.68 leadDist=0 aa=173.079
[PURE_ATA] team=2 ata=92.7799 dist=4363.64 leadDist=0 aa=173.373
[PURE_ATA] team=2 ata=91.916 dist=4349.26 leadDist=0 aa=173.659
[PURE_ATA] team=2 ata=91.0498 dist=4332.73 leadDist=0 aa=173.932
[SelectTarget] team=1 EnemyN=1 TgtZ=4265.65
[DIST] team=1 EnemyN=1 MyZ=4668.35 TgtZ=4265.65 Dist=4320.28
[ROOT] team=1 status=2 Z=4668.35 VP=(1170.39,-314.244,4018.35)
[SelectTarget] team=2 EnemyN=1 TgtZ=4664.62
[DIST] team=2 EnemyN=1 MyZ=4265.65 TgtZ=4664.62 Dist=4316.34
[PURE_ATA] team=2 ata=90.1905 dist=4316.34 leadDist=0 aa=174.206
[ROOT] team=2 status=2 Z=4265.65 VP=(2190.24,-4341.66,4664.62)
[PURE_ATA] team=2 ata=89.3308 dist=4300.39 leadDist=0 aa=174.473
[PURE_ATA] team=2 ata=88.4743 dist=4282.09 leadDist=0 aa=174.736
[PURE_ATA] team=2 ata=87.6177 dist=4262.92 leadDist=0 aa=174.988
[PURE_ATA] team=2 ata=86.763 dist=4242.79 leadDist=0 aa=175.237
[PURE_ATA] team=2 ata=85.9109 dist=4221.7 leadDist=0 aa=175.48
[PURE_ATA] team=2 ata=85.0624 dist=4199.64 leadDist=0 aa=175.723
[PURE_ATA] team=2 ata=84.2166 dist=4176.62 leadDist=0 aa=175.961
[PURE_ATA] team=2 ata=83.3716 dist=4152.71 leadDist=0 aa=176.194
[PURE_ATA] team=2 ata=82.534 dist=4127.77 leadDist=0 aa=176.43
[PURE_ATA] team=2 ata=81.6961 dist=4100.68 leadDist=0 aa=176.658
[PURE_ATA] team=2 ata=80.8663 dist=4073.88 leadDist=0 aa=176.891
[PURE_ATA] team=2 ata=80.0356 dist=4046.23 leadDist=0 aa=177.116
[PURE_ATA] team=2 ata=79.2112 dist=4017.62 leadDist=0 aa=177.344
[SelectTarget] team=1 EnemyN=1 TgtZ=3365.33
[DIST] team=1 EnemyN=1 MyZ=4082.37 TgtZ=3365.33 Dist=3452.49
[ROOT] team=1 status=2 Z=4082.37 VP=(2508.5,-610.598,3432.37)
[SelectTarget] team=2 EnemyN=1 TgtZ=4079.62
[DIST] team=2 EnemyN=1 MyZ=3365.33 TgtZ=4079.62 Dist=3446.73
[ROOT] team=2 status=2 Z=3365.33 VP=(3151.45,-741.806,3715.33)
[SelectTarget] team=1 EnemyN=1 TgtZ=2908.28
[DIST] team=1 EnemyN=1 MyZ=3652.21 TgtZ=2908.28 Dist=2404.38
[ROOT] team=1 status=2 Z=3652.21 VP=(2430.99,-579.449,3002.21)
[SelectTarget] team=2 EnemyN=1 TgtZ=3650.04
[DIST] team=2 EnemyN=1 MyZ=2908.28 TgtZ=3650.04 Dist=2398.41
[ROOT] team=2 status=2 Z=2908.28 VP=(3708.03,-1611.41,3258.28)
[SelectTarget] team=1 EnemyN=1 TgtZ=2925.34
[DIST] team=1 EnemyN=1 MyZ=3280.18 TgtZ=2925.34 Dist=1398.2
[ROOT] team=1 status=2 Z=3280.18 VP=(3229.14,-1139.38,2906.21)
[SelectTarget] team=2 EnemyN=1 TgtZ=3278.1
[DIST] team=2 EnemyN=1 MyZ=2925.34 TgtZ=3278.1 Dist=1392.32
[ROOT] team=2 status=2 Z=2925.34 VP=(3575.11,-2718.25,3275.34)
[SYNCCIRCLE] R=633.149 dist=1302.27 shrink=0.28 thr=0.594262
[CLAMP_DIAG] team=1 rawDist=905.63 offBoresightDeg=20.4443 clamped=0
[SelectTarget] team=1 EnemyN=1 TgtZ=3022.81
[DIST] team=1 EnemyN=1 MyZ=2960.01 TgtZ=3022.81 Dist=891.31
[ROOT] team=1 status=2 Z=2960.01 VP=(3576.21,-1994.64,3006.17)
[SelectTarget] team=2 EnemyN=1 TgtZ=2958.55
[DIST] team=2 EnemyN=1 MyZ=3022.81 TgtZ=2958.55 Dist=887.801
[ROOT] team=2 status=2 Z=3022.81 VP=(2198.57,-2682.76,2958.55)
[SelectTarget] team=1 EnemyN=1 TgtZ=2961.42
[DIST] team=1 EnemyN=1 MyZ=2738.45 TgtZ=2961.42 Dist=1455.57
[ROOT] team=1 status=2 Z=2738.45 VP=(3330.66,-2851.75,2970.52)
[SelectTarget] team=2 EnemyN=1 TgtZ=2737.39
[DIST] team=2 EnemyN=1 MyZ=2961.42 TgtZ=2737.39 Dist=1454.69
[ROOT] team=2 status=2 Z=2961.42 VP=(2235.66,-1862.73,2737.39)
[SelectTarget] team=1 EnemyN=1 TgtZ=2690.64
[DIST] team=1 EnemyN=1 MyZ=2550.97 TgtZ=2690.64 Dist=2189.01
[ROOT] team=1 status=2 Z=2550.97 VP=(2639.54,-3338.33,2729.2)
[SelectTarget] team=2 EnemyN=1 TgtZ=2549.88
[DIST] team=2 EnemyN=1 MyZ=2690.64 TgtZ=2549.88 Dist=2188.22
[ROOT] team=2 status=2 Z=2690.64 VP=(2355.05,-1882.73,2549.88)
[SelectTarget] team=1 EnemyN=1 TgtZ=2276.72
[DIST] team=1 EnemyN=1 MyZ=2323.66 TgtZ=2276.72 Dist=2756.21
[ROOT] team=1 status=2 Z=2323.66 VP=(881.805,-2845.26,2024.57)
[SelectTarget] team=2 EnemyN=1 TgtZ=2322.07
[DIST] team=2 EnemyN=1 MyZ=2276.72 TgtZ=2322.07 Dist=2754.21
[ROOT] team=2 status=2 Z=2276.72 VP=(2274.29,-1823.93,2322.07)
[SYNCCIRCLE] R=1523.24 dist=3046.55 shrink=0.28 thr=0.611136
[SelectTarget] team=1 EnemyN=1 TgtZ=2037.37
[DIST] team=1 EnemyN=1 MyZ=2065.5 TgtZ=2037.37 Dist=3297.48
[ROOT] team=1 status=2 Z=2065.5 VP=(2611.84,-5072.14,6839.58)
[SelectTarget] team=2 EnemyN=1 TgtZ=2064.36
[DIST] team=2 EnemyN=1 MyZ=2037.37 TgtZ=2064.36 Dist=3295.7
[ROOT] team=2 status=2 Z=2037.37 VP=(2026.39,-1622.05,2064.36)
[SelectTarget] team=1 EnemyN=1 TgtZ=1915.33
[DIST] team=1 EnemyN=1 MyZ=1916.89 TgtZ=1915.33 Dist=3762.7
[ROOT] team=1 status=2 Z=1916.89 VP=(642.69,-846.312,1694.74)
[SelectTarget] team=2 EnemyN=1 TgtZ=1916.31
[DIST] team=2 EnemyN=1 MyZ=1915.33 TgtZ=1916.31 Dist=3760.22
[ROOT] team=2 status=2 Z=1915.33 VP=(1923.19,-1237.21,2000)
[PURE_ATA] team=2 ata=132.17 dist=4002.34 leadDist=1636.27 aa=132.107
[PURE_ATA] team=2 ata=131.485 dist=4007.26 leadDist=1638.67 aa=130.064
[PURE_ATA] team=2 ata=130.853 dist=4011.24 leadDist=1640.63 aa=130.799
[PURE_ATA] team=2 ata=130.261 dist=4014.45 leadDist=1642.09 aa=134.247
[SelectTarget] team=1 EnemyN=1 TgtZ=1879.57
[DIST] team=1 EnemyN=1 MyZ=1857.04 TgtZ=1879.57 Dist=4021.2
[ROOT] team=1 status=2 Z=1857.04 VP=(1185.59,-161.524,1500)
[SelectTarget] team=2 EnemyN=1 TgtZ=1856.89
[DIST] team=2 EnemyN=1 MyZ=1879.57 TgtZ=1856.89 Dist=4018.15
[PURE_ATA] team=2 ata=129.678 dist=4018.15 leadDist=1643.11 aa=141.195
[ROOT] team=2 status=2 Z=1879.57 VP=(1919.18,-4713.33,3500)
[PURE_ATA] team=2 ata=129.107 dist=4021.07 leadDist=1643.84 aa=149.41
[PURE_ATA] team=2 ata=128.585 dist=4024.37 leadDist=1644.36 aa=156.453
[PURE_ATA] team=2 ata=128.095 dist=4026.92 leadDist=1644.71 aa=161.685
[PURE_ATA] team=2 ata=127.588 dist=4028.83 leadDist=1644.93 aa=165.596
[PURE_ATA] team=2 ata=127.065 dist=4029.86 leadDist=1645.05 aa=170.878
[PURE_ATA] team=2 ata=126.529 dist=4031.55 leadDist=1645.12 aa=176.183
[PURE_ATA] team=2 ata=125.986 dist=4031.07 leadDist=1645.22 aa=179.433
[PURE_ATA] team=2 ata=125.436 dist=4031.26 leadDist=1645.38 aa=178.621
[PURE_ATA] team=2 ata=124.877 dist=4030.78 leadDist=1645.63 aa=177.226
[PURE_ATA] team=2 ata=124.308 dist=4029.64 leadDist=1645.98 aa=176.091
[PURE_ATA] team=2 ata=123.734 dist=4026.43 leadDist=1646.45 aa=175.107
[PURE_ATA] team=2 ata=123.163 dist=4023.78 leadDist=1647.05 aa=174.208
[PURE_ATA] team=2 ata=122.588 dist=4021.78 leadDist=1647.8 aa=173.366
[PURE_ATA] team=2 ata=121.999 dist=4017.85 leadDist=1648.7 aa=172.577
[PURE_ATA] team=2 ata=121.411 dist=4013.16 leadDist=1649.77 aa=171.851
[PURE_ATA] team=2 ata=120.817 dist=4009.17 leadDist=1651.02 aa=171.207
[PURE_ATA] team=2 ata=120.224 dist=4004.43 leadDist=1652.45 aa=170.651
[SelectTarget] team=1 EnemyN=1 TgtZ=1906.3
[DIST] team=1 EnemyN=1 MyZ=1834.33 TgtZ=1906.3 Dist=3912.41
[ROOT] team=1 status=2 Z=1834.33 VP=(2180.98,103.461,1500)
[SelectTarget] team=2 EnemyN=1 TgtZ=1834.38
[DIST] team=2 EnemyN=1 MyZ=1906.3 TgtZ=1834.38 Dist=3907.26
[ROOT] team=2 status=2 Z=1906.3 VP=(2682.95,-737.627,2000)
[SelectTarget] team=1 EnemyN=1 TgtZ=1911.33
[DIST] team=1 EnemyN=1 MyZ=1823.05 TgtZ=1911.33 Dist=3404.99
[ROOT] team=1 status=2 Z=1823.05 VP=(2948.84,-618.865,1500)
[SelectTarget] team=2 EnemyN=1 TgtZ=1823.16
[DIST] team=2 EnemyN=1 MyZ=1911.33 TgtZ=1823.16 Dist=3400.61
[ROOT] team=2 status=2 Z=1911.33 VP=(3251.68,-1210.57,2000)
[SYNCCIRCLE] R=1387.83 dist=2776.69 shrink=0.28 thr=0.775757
[SelectTarget] team=1 EnemyN=1 TgtZ=1890.71
[DIST] team=1 EnemyN=1 MyZ=1816 TgtZ=1890.71 Dist=2564.69
[ROOT] team=1 status=2 Z=1816 VP=(3081.47,-1638.12,1500)
[SelectTarget] team=2 EnemyN=1 TgtZ=1815.91
[DIST] team=2 EnemyN=1 MyZ=1890.71 TgtZ=1815.91 Dist=2559.6
[ROOT] team=2 status=2 Z=1890.71 VP=(3288.9,-2176.02,2000)
[SelectTarget] team=1 EnemyN=1 TgtZ=1895.84
[DIST] team=1 EnemyN=1 MyZ=1826.02 TgtZ=1895.84 Dist=1691.36
[ROOT] team=1 status=2 Z=1826.02 VP=(2969.6,-1495.9,1889.21)
[SelectTarget] team=2 EnemyN=1 TgtZ=1826.08
[DIST] team=2 EnemyN=1 MyZ=1895.84 TgtZ=1826.08 Dist=1687.43
[ROOT] team=2 status=2 Z=1895.84 VP=(2329.6,-2972.44,2000)
[SelectTarget] team=1 EnemyN=1 TgtZ=1884.54
[DIST] team=1 EnemyN=1 MyZ=1817.02 TgtZ=1884.54 Dist=1325.83
[ROOT] team=1 status=2 Z=1817.02 VP=(2582.47,-2250.36,1881.02)
[SelectTarget] team=2 EnemyN=1 TgtZ=1817.25
[DIST] team=2 EnemyN=1 MyZ=1884.54 TgtZ=1817.25 Dist=1324.82
[ROOT] team=2 status=2 Z=1884.54 VP=(1000.65,-2191.08,2000)
[SelectTarget] team=1 EnemyN=1 TgtZ=1833.85
[DIST] team=1 EnemyN=1 MyZ=1819.31 TgtZ=1833.85 Dist=1916.22
[ROOT] team=1 status=2 Z=1819.31 VP=(887.32,-2135.02,1500)
[SelectTarget] team=2 EnemyN=1 TgtZ=1819.05
[DIST] team=2 EnemyN=1 MyZ=1833.85 TgtZ=1819.05 Dist=1917.45
[ROOT] team=2 status=2 Z=1833.85 VP=(327.059,-1937.6,6620.07)
[SYNCCIRCLE] R=1426.91 dist=2853.99 shrink=0.28 thr=0.834197
[SelectTarget] team=1 EnemyN=1 TgtZ=1843.7
[DIST] team=1 EnemyN=1 MyZ=1808.98 TgtZ=1843.7 Dist=2919.03
[ROOT] team=1 status=2 Z=1808.98 VP=(440.125,-1295.97,1500)
[SelectTarget] team=2 EnemyN=1 TgtZ=1808.91
[DIST] team=2 EnemyN=1 MyZ=1843.7 TgtZ=1808.91 Dist=2921.54
[ROOT] team=2 status=2 Z=1843.7 VP=(1316.22,-614.254,2000)
[SelectTarget] team=1 EnemyN=1 TgtZ=1841.76
[DIST] team=1 EnemyN=1 MyZ=1812.32 TgtZ=1841.76 Dist=3771.58
[ROOT] team=1 status=2 Z=1812.32 VP=(984.133,-436.331,1500)
[SelectTarget] team=2 EnemyN=1 TgtZ=1812.11
[DIST] team=2 EnemyN=1 MyZ=1841.76 TgtZ=1812.11 Dist=3774.05
[ROOT] team=2 status=2 Z=1841.76 VP=(1719.11,-161.621,2000)
[PURE_ATA] team=2 ata=92.7012 dist=4013.77 leadDist=1684.5 aa=2.68447
[PURE_ATA] team=2 ata=91.9764 dist=4031.95 leadDist=1683.59 aa=6.58347
[PURE_ATA] team=2 ata=91.3041 dist=4050.82 leadDist=1682.73 aa=10.0085
[PURE_ATA] team=2 ata=90.6524 dist=4068.23 leadDist=1681.96 aa=13.2271
[PURE_ATA] team=2 ata=90.02 dist=4084.87 leadDist=1681.27 aa=16.3067
[PURE_ATA] team=2 ata=89.378 dist=4101.73 leadDist=1680.69 aa=19.3405
[PURE_ATA] team=2 ata=88.7176 dist=4117.31 leadDist=1680.24 aa=22.3712
[PURE_ATA] team=2 ata=88.043 dist=4131.59 leadDist=1679.91 aa=25.3779
[PURE_ATA] team=2 ata=87.3627 dist=4146.12 leadDist=1679.73 aa=28.3058
[PURE_ATA] team=2 ata=86.6739 dist=4159.37 leadDist=1679.7 aa=31.1325
[PURE_ATA] team=2 ata=85.9834 dist=4172.89 leadDist=1679.84 aa=33.8752
[PURE_ATA] team=2 ata=85.286 dist=4185.14 leadDist=1680.15 aa=36.4947
[PURE_ATA] team=2 ata=84.5773 dist=4196.7 leadDist=1680.65 aa=39.0274
[PURE_ATA] team=2 ata=83.8769 dist=4207.98 leadDist=1681.33 aa=41.4328
[PURE_ATA] team=2 ata=83.1493 dist=4217.85 leadDist=1682.22 aa=43.9719
[PURE_ATA] team=2 ata=82.4493 dist=4228.21 leadDist=1683.3 aa=35.8463
[PURE_ATA] team=2 ata=81.7307 dist=4238.43 leadDist=1684.5 aa=1.49564
[PURE_ATA] team=2 ata=80.9967 dist=4246.63 leadDist=1685.78 aa=34.9784
[PURE_ATA] team=2 ata=80.274 dist=4256.48 leadDist=1687.13 aa=54.7541
[SelectTarget] team=1 EnemyN=1 TgtZ=1845.47
[DIST] team=1 EnemyN=1 MyZ=1811.72 TgtZ=1845.47 Dist=4264.72
[ROOT] team=1 status=2 Z=1811.72 VP=(2856.97,-5088.73,6599.76)
[SelectTarget] team=2 EnemyN=1 TgtZ=1811.49
[DIST] team=2 EnemyN=1 MyZ=1845.47 TgtZ=1811.49 Dist=4266.94
[PURE_ATA] team=2 ata=79.5499 dist=4266.94 leadDist=1688.51 aa=64.7386
[ROOT] team=2 status=2 Z=1845.47 VP=(3708.79,-3935.11,3500)
[PURE_ATA] team=2 ata=78.8073 dist=4275.61 leadDist=1689.84 aa=69.3802
[PURE_ATA] team=2 ata=78.069 dist=4284.63 leadDist=1690.95 aa=70.9002
[PURE_ATA] team=2 ata=77.3196 dist=4293.16 leadDist=1691.69 aa=69.8947
[PURE_ATA] team=2 ata=76.5683 dist=4302.29 leadDist=1691.96 aa=67.1413
[PURE_ATA] team=2 ata=75.8121 dist=4310.66 leadDist=1691.83 aa=61.9794
[PURE_ATA] team=2 ata=75.0506 dist=4318.29 leadDist=1691.41 aa=55.3358
[PURE_ATA] team=2 ata=74.2939 dist=4326.3 leadDist=1690.78 aa=49.2857
[PURE_ATA] team=2 ata=73.5292 dist=4333.78 leadDist=1689.99 aa=43.9959
[PURE_ATA] team=2 ata=72.7656 dist=4340.3 leadDist=1689.06 aa=39.0742
[PURE_ATA] team=2 ata=71.9868 dist=4345.11 leadDist=1688.02 aa=29.4689
[PURE_ATA] team=2 ata=71.2145 dist=4350.32 leadDist=1686.92 aa=14.9883
[PURE_ATA] team=2 ata=70.4495 dist=4355.96 leadDist=1685.81 aa=2.87285
[PURE_ATA] team=2 ata=69.6686 dist=4358.48 leadDist=1684.72 aa=6.26408
[PURE_ATA] team=2 ata=68.8981 dist=4362.83 leadDist=1683.67 aa=13.9926
[PURE_ATA] team=2 ata=68.1137 dist=4364.02 leadDist=1682.68 aa=21.1405
[PURE_ATA] team=2 ata=67.333 dist=4365.84 leadDist=1681.77 aa=27.8988
[PURE_ATA] team=2 ata=66.5664 dist=4367.96 leadDist=1680.96 aa=34.3718
[PURE_ATA] team=2 ata=65.7849 dist=4368.47 leadDist=1680.25 aa=40.6586
[PURE_ATA] team=2 ata=64.9958 dist=4367.16 leadDist=1679.66 aa=46.7412
[PURE_ATA] team=2 ata=64.2174 dist=4366.34 leadDist=1679.2 aa=52.4474
[PURE_ATA] team=2 ata=63.432 dist=4363.7 leadDist=1678.89 aa=57.7707
[PURE_ATA] team=2 ata=62.6479 dist=4361.86 leadDist=1678.73 aa=62.6893
[PURE_ATA] team=2 ata=61.8699 dist=4359.3 leadDist=1678.73 aa=67.139
[PURE_ATA] team=2 ata=61.0768 dist=4353.74 leadDist=1678.91 aa=71.3091
[PURE_ATA] team=2 ata=60.2964 dist=4350.14 leadDist=1679.26 aa=75.0859
[PURE_ATA] team=2 ata=59.5139 dist=4344.66 leadDist=1679.8 aa=78.6647
[PURE_ATA] team=2 ata=58.7246 dist=4338.82 leadDist=1680.53 aa=82.1578
[PURE_ATA] team=2 ata=57.9445 dist=4332.27 leadDist=1681.45 aa=85.3955
[PURE_ATA] team=2 ata=57.1631 dist=4325.23 leadDist=1682.56 aa=81.6125
[SelectTarget] team=1 EnemyN=1 TgtZ=1959.87
[DIST] team=1 EnemyN=1 MyZ=1816.42 TgtZ=1959.87 Dist=4316.29
[ROOT] team=1 status=2 Z=1816.42 VP=(1569.93,-4996.4,6604.03)
[SelectTarget] team=2 EnemyN=1 TgtZ=1816.21
[DIST] team=2 EnemyN=1 MyZ=1959.87 TgtZ=1816.21 Dist=4317.7
[PURE_ATA] team=2 ata=56.3823 dist=4317.7 leadDist=1683.79 aa=15.7045
[ROOT] team=2 status=2 Z=1959.87 VP=(2939.58,-4564.4,3500)
[PURE_ATA] team=2 ata=55.6005 dist=4309.66 leadDist=1685.09 aa=60.9157
[PURE_ATA] team=2 ata=54.8226 dist=4302.42 leadDist=1686.45 aa=73.5674
[PURE_ATA] team=2 ata=54.0389 dist=4294.74 leadDist=1687.84 aa=78.7635
[PURE_ATA] team=2 ata=53.2557 dist=4286.53 leadDist=1689.14 aa=80.9936
[PURE_ATA] team=2 ata=52.4733 dist=4279.1 leadDist=1690.14 aa=81.4524
[PURE_ATA] team=2 ata=51.6826 dist=4269.85 leadDist=1690.71 aa=79.9621
[PURE_ATA] team=2 ata=50.8935 dist=4261.35 leadDist=1690.88 aa=77.9539
[PURE_ATA] team=2 ata=50.1044 dist=4252.27 leadDist=1690.78 aa=76.7044
[PURE_ATA] team=2 ata=49.3173 dist=4242.63 leadDist=1690.47 aa=76.7699
[PURE_ATA] team=2 ata=48.5262 dist=4232.46 leadDist=1689.98 aa=77.6727
[PURE_ATA] team=2 ata=47.7325 dist=4221.75 leadDist=1689.36 aa=77.3179
[PURE_ATA] team=2 ata=46.9355 dist=4209.14 leadDist=1688.64 aa=75.1498
[PURE_ATA] team=2 ata=46.1449 dist=4197.28 leadDist=1687.89 aa=86.0078
[PURE_ATA] team=2 ata=45.3544 dist=4184.84 leadDist=1687.14 aa=118.363
[PURE_ATA] team=2 ata=44.5693 dist=4170.46 leadDist=1686.41 aa=118.451
[PURE_ATA] team=2 ata=43.7821 dist=4156.86 leadDist=1685.72 aa=119.516
[PURE_ATA] team=2 ata=42.9977 dist=4141.31 leadDist=1685.1 aa=120.508
[PURE_ATA] team=2 ata=42.2225 dist=4125.15 leadDist=1684.55 aa=121.238
[PURE_ATA] team=2 ata=41.4483 dist=4108.37 leadDist=1684.08 aa=121.994
[PURE_ATA] team=2 ata=40.6804 dist=4090.98 leadDist=1683.71 aa=122.579
[PURE_ATA] team=2 ata=39.9097 dist=4074.26 leadDist=1683.46 aa=123.248
[PURE_ATA] team=2 ata=39.1538 dist=4055.57 leadDist=1683.32 aa=123.937
[PURE_ATA] team=2 ata=38.4083 dist=4036.23 leadDist=1683.31 aa=124.725
[PURE_ATA] team=2 ata=37.6635 dist=4017.51 leadDist=1683.45 aa=125.654
[SelectTarget] team=1 EnemyN=1 TgtZ=2131.51
[DIST] team=1 EnemyN=1 MyZ=1812.67 TgtZ=2131.51 Dist=3889.45
[ROOT] team=1 status=2 Z=1812.67 VP=(589.718,-4204.61,6600.51)
[SelectTarget] team=2 EnemyN=1 TgtZ=1812.48
[DIST] team=2 EnemyN=1 MyZ=2131.51 TgtZ=1812.48 Dist=3888.99
[ROOT] team=2 status=2 Z=2131.51 VP=(3911.42,-1460.89,2000)
[SelectTarget] team=1 EnemyN=1 TgtZ=2141.87
[DIST] team=1 EnemyN=1 MyZ=1822.95 TgtZ=2141.87 Dist=3381.34
[ROOT] team=1 status=2 Z=1822.95 VP=(4068.18,-1640.75,1978.88)
[SelectTarget] team=2 EnemyN=1 TgtZ=1822.86
[DIST] team=2 EnemyN=1 MyZ=2141.87 TgtZ=1822.86 Dist=3380.34
[ROOT] team=2 status=2 Z=2141.87 VP=(3973.7,-2663.2,2000)
[SelectTarget] team=1 EnemyN=1 TgtZ=2045.46
[DIST] team=1 EnemyN=1 MyZ=1815.48 TgtZ=2045.46 Dist=3126.31
[ROOT] team=1 status=2 Z=1815.48 VP=(3596.67,-3059.84,1500)
[SelectTarget] team=2 EnemyN=1 TgtZ=1815.37
[DIST] team=2 EnemyN=1 MyZ=2045.46 TgtZ=1815.37 Dist=3125.22
[ROOT] team=2 status=2 Z=2045.46 VP=(3635.36,-3707.9,2000)
[SYNCCIRCLE] R=1513.43 dist=3033.74 shrink=0.28 thr=0.765879
[SelectTarget] team=1 EnemyN=1 TgtZ=1976.43
[DIST] team=1 EnemyN=1 MyZ=1807.53 TgtZ=1976.43 Dist=2913.89
[ROOT] team=1 status=2 Z=1807.53 VP=(2929.68,-3832.21,1500)
[SelectTarget] team=2 EnemyN=1 TgtZ=1807.37
[DIST] team=2 EnemyN=1 MyZ=1976.43 TgtZ=1807.37 Dist=2913.72
[ROOT] team=2 status=2 Z=1976.43 VP=(2674.47,-4372.33,2000)
[SelectTarget] team=1 EnemyN=1 TgtZ=1938.66
[DIST] team=1 EnemyN=1 MyZ=1880.51 TgtZ=1938.66 Dist=2879.03
[ROOT] team=1 status=2 Z=1880.51 VP=(2016.37,-4071.8,1500)
[SelectTarget] team=2 EnemyN=1 TgtZ=1881.4
[DIST] team=2 EnemyN=1 MyZ=1938.66 TgtZ=1881.4 Dist=2879.8
[ROOT] team=2 status=2 Z=1938.66 VP=(1477.07,-4285.88,2000)
[SelectTarget] team=1 EnemyN=1 TgtZ=1919.11
[DIST] team=1 EnemyN=1 MyZ=1951.86 TgtZ=1919.11 Dist=2898.23
[ROOT] team=1 status=2 Z=1951.86 VP=(1134.69,-3657.41,1500)
[SelectTarget] team=2 EnemyN=1 TgtZ=1951.63
[DIST] team=2 EnemyN=1 MyZ=1919.11 TgtZ=1951.63 Dist=2898.39
[ROOT] team=2 status=2 Z=1919.11 VP=(586.56,-3497.95,2000)
[SelectTarget] team=1 EnemyN=1 TgtZ=1910.68
[DIST] team=1 EnemyN=1 MyZ=1880.71 TgtZ=1910.68 Dist=2979.32
[ROOT] team=1 status=2 Z=1880.71 VP=(4329.86,-1992.29,6663.79)
[SelectTarget] team=2 EnemyN=1 TgtZ=1880.3
[DIST] team=2 EnemyN=1 MyZ=1910.68 TgtZ=1880.3 Dist=2980.41
[ROOT] team=2 status=2 Z=1910.68 VP=(351.339,-2332.49,2000)
[SYNCCIRCLE] R=1531.67 dist=3063.78 shrink=0.28 thr=0.731309
[SelectTarget] team=1 EnemyN=1 TgtZ=1908.78
[DIST] team=1 EnemyN=1 MyZ=1836.53 TgtZ=1908.78 Dist=3202.37
[ROOT] team=1 status=2 Z=1836.53 VP=(821.954,-1816.94,1500)
[SelectTarget] team=2 EnemyN=1 TgtZ=1836.32
[DIST] team=2 EnemyN=1 MyZ=1908.78 TgtZ=1836.32 Dist=3204.13
[ROOT] team=2 status=2 Z=1908.78 VP=(804.368,-1257.08,2000)
[SelectTarget] team=1 EnemyN=1 TgtZ=1910.72
[DIST] team=1 EnemyN=1 MyZ=1820.67 TgtZ=1910.72 Dist=3465.81
[ROOT] team=1 status=2 Z=1820.67 VP=(1453.96,-1066.02,1500)
[SelectTarget] team=2 EnemyN=1 TgtZ=1820.76
[DIST] team=2 EnemyN=1 MyZ=1910.72 TgtZ=1820.76 Dist=3468.49
[ROOT] team=2 status=2 Z=1910.72 VP=(1726.81,-587.446,2000)
[SelectTarget] team=1 EnemyN=1 TgtZ=1914.26
[DIST] team=1 EnemyN=1 MyZ=1817.85 TgtZ=1914.26 Dist=3692.05
[ROOT] team=1 status=2 Z=1817.85 VP=(2379.19,-731.66,1500)
[SelectTarget] team=2 EnemyN=1 TgtZ=1817.99
[DIST] team=2 EnemyN=1 MyZ=1914.26 TgtZ=1817.99 Dist=3693.23
[ROOT] team=2 status=2 Z=1914.26 VP=(2844.96,-459.014,2000)
[SelectTarget] team=1 EnemyN=1 TgtZ=1917.64
[DIST] team=1 EnemyN=1 MyZ=1809.96 TgtZ=1917.64 Dist=3820.12
[ROOT] team=1 status=2 Z=1809.96 VP=(3354.68,-894.216,1500)
[SelectTarget] team=2 EnemyN=1 TgtZ=1809.9
[DIST] team=2 EnemyN=1 MyZ=1917.64 TgtZ=1809.9 Dist=3820.1
[ROOT] team=2 status=2 Z=1917.64 VP=(3884.89,-884.805,2000)
[SYNCCIRCLE] R=1915.39 dist=3832.69 shrink=0.28 thr=0.626363
[SelectTarget] team=1 EnemyN=1 TgtZ=1919.83
[DIST] team=1 EnemyN=1 MyZ=1863.27 TgtZ=1919.83 Dist=3901.51
[ROOT] team=1 status=2 Z=1863.27 VP=(4131.75,-1517.07,1500)
[SelectTarget] team=2 EnemyN=1 TgtZ=1864.31
[DIST] team=2 EnemyN=1 MyZ=1919.83 TgtZ=1864.31 Dist=3903.02
[ROOT] team=2 status=2 Z=1919.83 VP=(4596.72,-1757.9,2000)
[SelectTarget] team=1 EnemyN=1 TgtZ=1920.88
[DIST] team=1 EnemyN=1 MyZ=2000.37 TgtZ=1920.88 Dist=3885.59
[ROOT] team=1 status=2 Z=2000.37 VP=(4527.03,-2435.69,1500)
[SelectTarget] team=2 EnemyN=1 TgtZ=2000.66
[DIST] team=2 EnemyN=1 MyZ=1920.88 TgtZ=2000.66 Dist=3885.29
[ROOT] team=2 status=2 Z=1920.88 VP=(4816.71,-2865.45,2000.66)
[SelectTarget] team=1 EnemyN=1 TgtZ=1921.41
[DIST] team=1 EnemyN=1 MyZ=1942.73 TgtZ=1921.41 Dist=3678.01
[ROOT] team=1 status=2 Z=1942.73 VP=(4413.47,-3439.5,1500)
[SelectTarget] team=2 EnemyN=1 TgtZ=1942.01
[DIST] team=2 EnemyN=1 MyZ=1921.41 TgtZ=1942.01 Dist=3678.05
[ROOT] team=2 status=2 Z=1921.41 VP=(4452.28,-3953.35,2000)
[SelectTarget] team=1 EnemyN=1 TgtZ=1918.66
[DIST] team=1 EnemyN=1 MyZ=1868.05 TgtZ=1918.66 Dist=3520.57
[ROOT] team=1 status=2 Z=1868.05 VP=(3798.84,-4242.38,1500)
[SelectTarget] team=2 EnemyN=1 TgtZ=1867.91
[DIST] team=2 EnemyN=1 MyZ=1918.66 TgtZ=1867.91 Dist=3520.69
[ROOT] team=2 status=2 Z=1918.66 VP=(3548.55,-4693.31,2000)
[SYNCCIRCLE] R=1734.22 dist=3468.97 shrink=0.28 thr=0.595908
[SelectTarget] team=1 EnemyN=1 TgtZ=1915.1
[DIST] team=1 EnemyN=1 MyZ=1840.13 TgtZ=1915.1 Dist=3411.45
[ROOT] team=1 status=2 Z=1840.13 VP=(2835.47,-4573.88,1500)
[SelectTarget] team=2 EnemyN=1 TgtZ=1840.22
[DIST] team=2 EnemyN=1 MyZ=1915.1 TgtZ=1840.22 Dist=3411.84
[ROOT] team=2 status=2 Z=1915.1 VP=(2377.08,-4813.48,2000)
[SelectTarget] team=1 EnemyN=1 TgtZ=1912.17
[DIST] team=1 EnemyN=1 MyZ=1833.16 TgtZ=1912.17 Dist=3322.91
[ROOT] team=1 status=2 Z=1833.16 VP=(1853.59,-4310.21,1500)
[SelectTarget] team=2 EnemyN=1 TgtZ=1833.24
[DIST] team=2 EnemyN=1 MyZ=1912.17 TgtZ=1833.24 Dist=3322.02
[ROOT] team=2 status=2 Z=1912.17 VP=(1336.56,-4250.27,2000)
[SelectTarget] team=1 EnemyN=1 TgtZ=1910.43
[DIST] team=1 EnemyN=1 MyZ=1817.29 TgtZ=1910.43 Dist=3221.8
[ROOT] team=1 status=2 Z=1817.29 VP=(4551.1,-2057.73,6604.87)
[SelectTarget] team=2 EnemyN=1 TgtZ=1817.1
[DIST] team=2 EnemyN=1 MyZ=1910.43 TgtZ=1817.1 Dist=3221.61
[ROOT] team=2 status=2 Z=1910.43 VP=(806.782,-3183.81,2000)
[SelectTarget] team=1 EnemyN=1 TgtZ=1910.03
[DIST] team=1 EnemyN=1 MyZ=1810 TgtZ=1910.03 Dist=3149.43
[ROOT] team=1 status=2 Z=1810 VP=(4804.22,-3224.58,6597.83)
[SelectTarget] team=2 EnemyN=1 TgtZ=1809.8
[DIST] team=2 EnemyN=1 MyZ=1910.03 TgtZ=1809.8 Dist=3150.13
[ROOT] team=2 status=2 Z=1910.03 VP=(1007.95,-1999.5,2000)
[SYNCCIRCLE] R=1572.25 dist=3146.08 shrink=0.28 thr=0.648175
[SelectTarget] team=1 EnemyN=1 TgtZ=1910.92
[DIST] team=1 EnemyN=1 MyZ=1807.92 TgtZ=1910.92 Dist=3129.52
[ROOT] team=1 status=2 Z=1807.92 VP=(1653.95,-1654.42,1500)
[SelectTarget] team=2 EnemyN=1 TgtZ=1807.73
[DIST] team=2 EnemyN=1 MyZ=1910.92 TgtZ=1807.73 Dist=3130.25
[ROOT] team=2 status=2 Z=1910.92 VP=(1872.03,-1163.36,2000)
[SelectTarget] team=1 EnemyN=1 TgtZ=1912.73
[DIST] team=1 EnemyN=1 MyZ=1806.35 TgtZ=1912.73 Dist=3155.07
[ROOT] team=1 status=2 Z=1806.35 VP=(2586,-1270.45,1500)
[SelectTarget] team=2 EnemyN=1 TgtZ=1806.27
[DIST] team=2 EnemyN=1 MyZ=1912.73 TgtZ=1806.27 Dist=3156.33
[ROOT] team=2 status=2 Z=1912.73 VP=(3052.48,-995.604,2000)
[SelectTarget] team=1 EnemyN=1 TgtZ=1914.69
[DIST] team=1 EnemyN=1 MyZ=1805.93 TgtZ=1914.69 Dist=3197.52
[ROOT] team=1 status=2 Z=1805.93 VP=(3562.39,-1493.78,1500)
[SelectTarget] team=2 EnemyN=1 TgtZ=1805.76
[DIST] team=2 EnemyN=1 MyZ=1914.69 TgtZ=1805.76 Dist=3197.78
[ROOT] team=2 status=2 Z=1914.69 VP=(4103.84,-1534.39,2000)
[SelectTarget] team=1 EnemyN=1 TgtZ=1915.99
[DIST] team=1 EnemyN=1 MyZ=1895.45 TgtZ=1915.99 Dist=3315.79
[ROOT] team=1 status=2 Z=1895.45 VP=(4241.97,-2230.52,1500)
[SelectTarget] team=2 EnemyN=1 TgtZ=1896.4
[DIST] team=2 EnemyN=1 MyZ=1915.99 TgtZ=1896.4 Dist=3316.85
[ROOT] team=2 status=2 Z=1915.99 VP=(4671.72,-2559.37,2000)
[SYNCCIRCLE] R=1675.05 dist=3350.33 shrink=0.28 thr=0.659287
[SelectTarget] team=1 EnemyN=1 TgtZ=1916.55
[DIST] team=1 EnemyN=1 MyZ=1988.92 TgtZ=1916.55 Dist=3350.49
[ROOT] team=1 status=2 Z=1988.92 VP=(4420.69,-3217.35,1500)
[SelectTarget] team=2 EnemyN=1 TgtZ=1988.87
[DIST] team=2 EnemyN=1 MyZ=1916.55 TgtZ=1988.87 Dist=3350.27
[ROOT] team=2 status=2 Z=1916.55 VP=(4600.71,-3722.45,2000)
[SelectTarget] team=1 EnemyN=1 TgtZ=1915.6
[DIST] team=1 EnemyN=1 MyZ=1905.83 TgtZ=1915.6 Dist=3320.21
[ROOT] team=1 status=2 Z=1905.83 VP=(4025.05,-4144.81,1500)
[SelectTarget] team=2 EnemyN=1 TgtZ=1905.5
[DIST] team=2 EnemyN=1 MyZ=1915.6 TgtZ=1905.5 Dist=3321.01
[ROOT] team=2 status=2 Z=1915.6 VP=(3894.17,-4661.38,2000)
[SelectTarget] team=1 EnemyN=1 TgtZ=1913.65
[DIST] team=1 EnemyN=1 MyZ=1855.6 TgtZ=1913.65 Dist=3386.74
[ROOT] team=1 status=2 Z=1855.6 VP=(3178.87,-4698.41,1500)
[SelectTarget] team=2 EnemyN=1 TgtZ=1855.38
[DIST] team=2 EnemyN=1 MyZ=1913.65 TgtZ=1855.38 Dist=3387.89
[ROOT] team=2 status=2 Z=1913.65 VP=(2787.55,-5056.38,2000)
[SelectTarget] team=1 EnemyN=1 TgtZ=1912.05
[DIST] team=1 EnemyN=1 MyZ=1842.18 TgtZ=1912.05 Dist=3480.33
[ROOT] team=1 status=2 Z=1842.18 VP=(2170.64,-4706.58,1500)
[SelectTarget] team=2 EnemyN=1 TgtZ=1842.07
[DIST] team=2 EnemyN=1 MyZ=1912.05 TgtZ=1842.07 Dist=3480.68
[ROOT] team=2 status=2 Z=1912.05 VP=(1652.21,-4799.34,2000)
[SYNCCIRCLE] R=1750.28 dist=3501.54 shrink=0.28 thr=0.62554
[SelectTarget] team=1 EnemyN=1 TgtZ=1911.43
[DIST] team=1 EnemyN=1 MyZ=1831.19 TgtZ=1911.43 Dist=3527.55
[ROOT] team=1 status=2 Z=1831.19 VP=(1310.49,-4178.01,1500)
[SelectTarget] team=2 EnemyN=1 TgtZ=1831.04
[DIST] team=2 EnemyN=1 MyZ=1911.43 TgtZ=1831.04 Dist=3528.28
[ROOT] team=2 status=2 Z=1911.43 VP=(826.011,-3982.75,2000)
[SelectTarget] team=1 EnemyN=1 TgtZ=1911.86
[DIST] team=1 EnemyN=1 MyZ=1824.76 TgtZ=1911.86 Dist=3525.81
[ROOT] team=1 status=2 Z=1824.76 VP=(4746.27,-2319.3,6611.61)
[SelectTarget] team=2 EnemyN=1 TgtZ=1824.58
[DIST] team=2 EnemyN=1 MyZ=1911.86 TgtZ=1824.58 Dist=3526.72
[ROOT] team=2 status=2 Z=1911.86 VP=(556.144,-2848,2000)
[SelectTarget] team=1 EnemyN=1 TgtZ=1913.2
[DIST] team=1 EnemyN=1 MyZ=1824.13 TgtZ=1913.2 Dist=3486.33
[ROOT] team=1 status=2 Z=1824.13 VP=(4741.1,-3540.91,6611.48)
[SelectTarget] team=2 EnemyN=1 TgtZ=1823.94
[DIST] team=2 EnemyN=1 MyZ=1913.2 TgtZ=1823.94 Dist=3486.7
[ROOT] team=2 status=2 Z=1913.2 VP=(937.151,-1738.49,2000)
[SelectTarget] team=1 EnemyN=1 TgtZ=1915.12
[DIST] team=1 EnemyN=1 MyZ=1822.16 TgtZ=1915.12 Dist=3418.37
[ROOT] team=1 status=2 Z=1822.16 VP=(4009.68,-4579.44,6609.62)
[SelectTarget] team=2 EnemyN=1 TgtZ=1821.94
[DIST] team=2 EnemyN=1 MyZ=1915.12 TgtZ=1821.94 Dist=3418.56
[ROOT] team=2 status=2 Z=1915.12 VP=(1867.42,-1012.72,2000)
[SYNCCIRCLE] R=1698.17 dist=3397.66 shrink=0.28 thr=0.610724
[SelectTarget] team=1 EnemyN=1 TgtZ=1917.12
[DIST] team=1 EnemyN=1 MyZ=1817.31 TgtZ=1917.12 Dist=3335.59
[ROOT] team=1 status=2 Z=1817.31 VP=(2805.87,-5036.48,6604.59)
[SelectTarget] team=2 EnemyN=1 TgtZ=1817.07
[DIST] team=2 EnemyN=1 MyZ=1917.12 TgtZ=1817.07 Dist=3335.84
[ROOT] team=2 status=2 Z=1917.12 VP=(3048.71,-930.471,2000)
[SelectTarget] team=1 EnemyN=1 TgtZ=1918.45
[DIST] team=1 EnemyN=1 MyZ=1810.2 TgtZ=1918.45 Dist=3246.79
[ROOT] team=1 status=2 Z=1810.2 VP=(3549.94,-1458.98,1500)
[SelectTarget] team=2 EnemyN=1 TgtZ=1810.03
[DIST] team=2 EnemyN=1 MyZ=1918.45 TgtZ=1810.03 Dist=3247.49
[ROOT] team=2 status=2 Z=1918.45 VP=(4069.46,-1542.74,2000)
[SelectTarget] team=1 EnemyN=1 TgtZ=1918.5
[DIST] team=1 EnemyN=1 MyZ=1808.69 TgtZ=1918.5 Dist=3159.11
[ROOT] team=1 status=2 Z=1808.69 VP=(4166,-2273.1,1500)
[SelectTarget] team=2 EnemyN=1 TgtZ=1808.54
[DIST] team=2 EnemyN=1 MyZ=1918.5 TgtZ=1808.54 Dist=3159
[ROOT] team=2 status=2 Z=1918.5 VP=(4542.6,-2646.58,2000)
[SelectTarget] team=1 EnemyN=1 TgtZ=1917.02
[DIST] team=1 EnemyN=1 MyZ=1880.32 TgtZ=1917.02 Dist=3147.95
[ROOT] team=1 status=2 Z=1880.32 VP=(4181.24,-3294.39,1500)
[SelectTarget] team=2 EnemyN=1 TgtZ=1881.16
[DIST] team=2 EnemyN=1 MyZ=1917.02 TgtZ=1881.16 Dist=3148.33
[ROOT] team=2 status=2 Z=1917.02 VP=(4269.53,-3821.6,2000)
[SYNCCIRCLE] R=1572.73 dist=3145.49 shrink=0.28 thr=0.646941
[SelectTarget] team=1 EnemyN=1 TgtZ=1914.78
[DIST] team=1 EnemyN=1 MyZ=1949.09 TgtZ=1914.78 Dist=3107.25
[ROOT] team=1 status=2 Z=1949.09 VP=(3605.19,-4134.77,1500)
[SelectTarget] team=2 EnemyN=1 TgtZ=1948.88
[DIST] team=2 EnemyN=1 MyZ=1914.78 TgtZ=1948.88 Dist=3106.98
[ROOT] team=2 status=2 Z=1914.78 VP=(3367.48,-4615.26,2000)
[SelectTarget] team=1 EnemyN=1 TgtZ=1912.04
[DIST] team=1 EnemyN=1 MyZ=1881.96 TgtZ=1912.04 Dist=3082.33
[ROOT] team=1 status=2 Z=1881.96 VP=(2645.86,-4466.06,1500)
[SelectTarget] team=2 EnemyN=1 TgtZ=1881.66
[DIST] team=2 EnemyN=1 MyZ=1912.04 TgtZ=1881.66 Dist=3082.68
[ROOT] team=2 status=2 Z=1912.04 VP=(2167.32,-4711.79,2000)
runner:local/env:0	num_steps=[11999] | total rewards=[-95.8761] | termination= [max time out]
[seed 4] reward=   -95.88 ownHP=1.0000 tgtHP=1.0000 max time out
total: 2
[SelectTarget] team=1 EnemyN=1 TgtZ=7006.53
[DIST] team=1 EnemyN=1 MyZ=8870.79 TgtZ=7006.53 Dist=2607.02
[ROOT] team=1 status=2 Z=8870.79 VP=(4539.89,-397.966,8220.79)
[SelectTarget] team=2 EnemyN=1 TgtZ=8869.17
[DIST] team=2 EnemyN=1 MyZ=7006.53 TgtZ=8869.17 Dist=2609.19
[ROOT] team=2 status=2 Z=7006.53 VP=(4401.05,-1140.66,7356.53)
[SelectTarget] team=1 EnemyN=1 TgtZ=7055.74
[DIST] team=1 EnemyN=1 MyZ=8423.8 TgtZ=7055.74 Dist=2511.38
[ROOT] team=1 status=2 Z=8423.8 VP=(3984.75,-970.969,7773.8)
[SelectTarget] team=2 EnemyN=1 TgtZ=8420.54
[DIST] team=2 EnemyN=1 MyZ=7055.74 TgtZ=8420.54 Dist=2512.37
[ROOT] team=2 status=2 Z=7055.74 VP=(3399.97,-1258.81,7405.74)
[SYNCCIRCLE] R=1109.43 dist=2456.72 shrink=0.28 thr=0.811562
[SelectTarget] team=1 EnemyN=1 TgtZ=7203.4
[DIST] team=1 EnemyN=1 MyZ=7729.11 TgtZ=7203.4 Dist=2316.43
[ROOT] team=1 status=2 Z=7729.11 VP=(4134.77,-688.993,7133.78)
[SelectTarget] team=2 EnemyN=1 TgtZ=7724.71
[DIST] team=2 EnemyN=1 MyZ=7203.4 TgtZ=7724.71 Dist=2316.51
[ROOT] team=2 status=2 Z=7203.4 VP=(2573.53,-1566.07,7553.4)
[SelectTarget] team=1 EnemyN=1 TgtZ=7321.49
[DIST] team=1 EnemyN=1 MyZ=6883.71 TgtZ=7321.49 Dist=1971.54
[ROOT] team=1 status=2 Z=6883.71 VP=(3221.48,-1190.73,7303.12)
[SelectTarget] team=2 EnemyN=1 TgtZ=6879
[DIST] team=2 EnemyN=1 MyZ=7321.49 TgtZ=6879 Dist=1970.69
[ROOT] team=2 status=2 Z=7321.49 VP=(1694.27,-1745.93,6971.49)
[SelectTarget] team=1 EnemyN=1 TgtZ=7171.44
[DIST] team=1 EnemyN=1 MyZ=6144.73 TgtZ=7171.44 Dist=1540.34
[ROOT] team=1 status=2 Z=6144.73 VP=(2457.85,-1451.45,6914.9)
[SelectTarget] team=2 EnemyN=1 TgtZ=6141.51
[DIST] team=2 EnemyN=1 MyZ=7171.44 TgtZ=6141.51 Dist=1538.44
[ROOT] team=2 status=2 Z=7171.44 VP=(774.18,-1393.9,6821.44)
[SelectTarget] team=1 EnemyN=1 TgtZ=6897.24
[DIST] team=1 EnemyN=1 MyZ=5789.22 TgtZ=6897.24 Dist=1408.77
[ROOT] team=1 status=2 Z=5789.22 VP=(1592.03,-1477.4,6493.6)
[SelectTarget] team=2 EnemyN=1 TgtZ=5788.45
[DIST] team=2 EnemyN=1 MyZ=6897.24 TgtZ=5788.45 Dist=1409.44
[ROOT] team=2 status=2 Z=6897.24 VP=(1615.35,38.1844,6547.24)
[SYNCCIRCLE] R=637.783 dist=1619.01 shrink=0.28 thr=0.677396
[SelectTarget] team=1 EnemyN=1 TgtZ=6491.42
[DIST] team=1 EnemyN=1 MyZ=5741.85 TgtZ=6491.42 Dist=2123.62
[ROOT] team=1 status=2 Z=5741.85 VP=(255.334,-688.136,5566.18)
[SelectTarget] team=2 EnemyN=1 TgtZ=5741.61
[DIST] team=2 EnemyN=1 MyZ=6491.42 TgtZ=5741.61 Dist=2124.98
[ROOT] team=2 status=2 Z=6491.42 VP=(1953.62,-195.786,6141.42)
[SelectTarget] team=1 EnemyN=1 TgtZ=5902.49
[DIST] team=1 EnemyN=1 MyZ=5629.11 TgtZ=5902.49 Dist=3081.71
[ROOT] team=1 status=2 Z=5629.11 VP=(223.559,-89.0422,4979.11)
[SelectTarget] team=2 EnemyN=1 TgtZ=5627.97
[DIST] team=2 EnemyN=1 MyZ=5902.49 TgtZ=5627.97 Dist=3083.74
[ROOT] team=2 status=2 Z=5902.49 VP=(1804.9,-108.798,5627.97)
[SelectTarget] team=1 EnemyN=1 TgtZ=5190.13
[DIST] team=1 EnemyN=1 MyZ=5313.78 TgtZ=5190.13 Dist=3876.45
[ROOT] team=1 status=2 Z=5313.78 VP=(775.788,411.877,4663.78)
[SelectTarget] team=2 EnemyN=1 TgtZ=5311.42
[DIST] team=2 EnemyN=1 MyZ=5190.13 TgtZ=5311.42 Dist=3877.15
[ROOT] team=2 status=2 Z=5190.13 VP=(1896.65,37.4281,5311.42)
[PURE_ATA] team=2 ata=121.539 dist=4002.2 leadDist=0 aa=112.608
[PURE_ATA] team=2 ata=121.433 dist=4020.66 leadDist=0 aa=114.608
[PURE_ATA] team=2 ata=121.549 dist=4040.92 leadDist=0 aa=116.556
[PURE_ATA] team=2 ata=121.251 dist=4058.99 leadDist=0 aa=118.539
[PURE_ATA] team=2 ata=120.461 dist=4077.56 leadDist=0 aa=120.635
[PURE_ATA] team=2 ata=119.227 dist=4093.97 leadDist=0 aa=122.891
[PURE_ATA] team=2 ata=117.968 dist=4112.22 leadDist=0 aa=125.288
[PURE_ATA] team=2 ata=116.87 dist=4129.66 leadDist=0 aa=127.74
[PURE_ATA] team=2 ata=115.855 dist=4146.27 leadDist=0 aa=130.197
[PURE_ATA] team=2 ata=114.898 dist=4160.75 leadDist=0 aa=132.616
[PURE_ATA] team=2 ata=114.002 dist=4175.74 leadDist=0 aa=134.995
[PURE_ATA] team=2 ata=113.172 dist=4189.93 leadDist=0 aa=137.292
[PURE_ATA] team=2 ata=112.383 dist=4203.27 leadDist=0 aa=139.491
[PURE_ATA] team=2 ata=111.62 dist=4217.16 leadDist=0 aa=141.572
[PURE_ATA] team=2 ata=110.875 dist=4228.9 leadDist=0 aa=143.537
[PURE_ATA] team=2 ata=110.137 dist=4241.16 leadDist=0 aa=145.389
[PURE_ATA] team=2 ata=109.396 dist=4253.87 leadDist=0 aa=147.127
[PURE_ATA] team=2 ata=108.665 dist=4263.17 leadDist=0 aa=148.765
[PURE_ATA] team=2 ata=107.928 dist=4272.92 leadDist=0 aa=150.307
[PURE_ATA] team=2 ata=107.191 dist=4281.85 leadDist=0 aa=151.756
[PURE_ATA] team=2 ata=106.452 dist=4289.97 leadDist=0 aa=153.12
[PURE_ATA] team=2 ata=105.705 dist=4297.13 leadDist=0 aa=154.401
[PURE_ATA] team=2 ata=104.957 dist=4304.87 leadDist=0 aa=155.604
[PURE_ATA] team=2 ata=104.207 dist=4310.41 leadDist=0 aa=156.742
[SelectTarget] team=1 EnemyN=1 TgtZ=4439.56
[DIST] team=1 EnemyN=1 MyZ=4798.04 TgtZ=4439.56 Dist=4315.84
[ROOT] team=1 status=2 Z=4798.04 VP=(1038.25,805.965,4148.04)
[SelectTarget] team=2 EnemyN=1 TgtZ=4794.77
[DIST] team=2 EnemyN=1 MyZ=4439.56 TgtZ=4794.77 Dist=4315.14
[PURE_ATA] team=2 ata=103.456 dist=4315.14 leadDist=0 aa=157.819
[ROOT] team=2 status=2 Z=4439.56 VP=(18.3493,-3512.45,4794.77)
[PURE_ATA] team=2 ata=102.7 dist=4318.98 leadDist=0 aa=158.833
[PURE_ATA] team=2 ata=101.934 dist=4323.13 leadDist=0 aa=159.78
[PURE_ATA] team=2 ata=101.178 dist=4323.98 leadDist=0 aa=160.692
[PURE_ATA] team=2 ata=100.403 dist=4327.71 leadDist=0 aa=161.535
[PURE_ATA] team=2 ata=99.6374 dist=4328.06 leadDist=0 aa=162.346
[PURE_ATA] team=2 ata=98.8655 dist=4327.4 leadDist=0 aa=163.114
[PURE_ATA] team=2 ata=98.0868 dist=4327.11 leadDist=0 aa=163.834
[PURE_ATA] team=2 ata=97.3136 dist=4324.76 leadDist=0 aa=164.531
[PURE_ATA] team=2 ata=96.5314 dist=4322.66 leadDist=0 aa=165.184
[PURE_ATA] team=2 ata=95.7483 dist=4319.65 leadDist=0 aa=165.803
[PURE_ATA] team=2 ata=94.9608 dist=4315.59 leadDist=0 aa=166.393
[PURE_ATA] team=2 ata=94.1734 dist=4310.61 leadDist=0 aa=166.957
[PURE_ATA] team=2 ata=93.3898 dist=4303.48 leadDist=0 aa=167.507
[PURE_ATA] team=2 ata=92.5997 dist=4296.54 leadDist=0 aa=168.022
[PURE_ATA] team=2 ata=91.8043 dist=4289.94 leadDist=0 aa=168.506
[PURE_ATA] team=2 ata=91.0203 dist=4279.94 leadDist=0 aa=168.99
[PURE_ATA] team=2 ata=90.2212 dist=4271.21 leadDist=0 aa=169.433
[PURE_ATA] team=2 ata=89.4323 dist=4258.94 leadDist=0 aa=169.873
[PURE_ATA] team=2 ata=88.6373 dist=4248.38 leadDist=0 aa=170.284
[PURE_ATA] team=2 ata=87.8441 dist=4235.36 leadDist=0 aa=170.684
[PURE_ATA] team=2 ata=87.0489 dist=4222.66 leadDist=0 aa=171.064
[PURE_ATA] team=2 ata=86.2567 dist=4207.49 leadDist=0 aa=171.434
[PURE_ATA] team=2 ata=85.4625 dist=4192.63 leadDist=0 aa=171.787
[PURE_ATA] team=2 ata=84.6669 dist=4176.5 leadDist=0 aa=172.123
[PURE_ATA] team=2 ata=83.875 dist=4159.47 leadDist=0 aa=172.451
[PURE_ATA] team=2 ata=83.0813 dist=4140.98 leadDist=0 aa=172.764
[PURE_ATA] team=2 ata=82.2947 dist=4121.8 leadDist=0 aa=173.073
[PURE_ATA] team=2 ata=81.4935 dist=4103.46 leadDist=0 aa=173.348
[PURE_ATA] team=2 ata=80.7169 dist=4080.55 leadDist=0 aa=173.647
[SelectTarget] team=1 EnemyN=1 TgtZ=3557.49
[DIST] team=1 EnemyN=1 MyZ=4181.85 TgtZ=3557.49 Dist=4063.14
[ROOT] team=1 status=2 Z=4181.85 VP=(1336.16,127.947,3531.85)
[SelectTarget] team=2 EnemyN=1 TgtZ=4178.4
[DIST] team=2 EnemyN=1 MyZ=3557.49 TgtZ=4178.4 Dist=4060.01
[PURE_ATA] team=2 ata=79.9234 dist=4060.01 leadDist=0 aa=173.908
[ROOT] team=2 status=2 Z=3557.49 VP=(-566.912,-2931.46,4178.4)
[PURE_ATA] team=2 ata=79.141 dist=4037.24 leadDist=0 aa=174.175
[PURE_ATA] team=2 ata=78.3541 dist=4014.3 leadDist=0 aa=174.422
[SelectTarget] team=1 EnemyN=1 TgtZ=2856.81
[DIST] team=1 EnemyN=1 MyZ=3596.01 TgtZ=2856.81 Dist=3206.7
[ROOT] team=1 status=2 Z=3596.01 VP=(2371.96,-997.032,2946.01)
[SelectTarget] team=2 EnemyN=1 TgtZ=3592.99
[DIST] team=2 EnemyN=1 MyZ=2856.81 TgtZ=3592.99 Dist=3201.49
[ROOT] team=2 status=2 Z=2856.81 VP=(2430.43,-1527.7,3206.81)
[SYNCCIRCLE] R=1426.31 dist=2931.62 shrink=0.28 thr=0.413591
[SelectTarget] team=1 EnemyN=1 TgtZ=2711.46
[DIST] team=1 EnemyN=1 MyZ=3097.8 TgtZ=2711.46 Dist=2292.02
[ROOT] team=1 status=2 Z=3097.8 VP=(2195.07,-910.833,2710.96)
[SelectTarget] team=2 EnemyN=1 TgtZ=3095.34
[DIST] team=2 EnemyN=1 MyZ=2711.46 TgtZ=3095.34 Dist=2286.88
[ROOT] team=2 status=2 Z=2711.46 VP=(2047.38,-2536.51,3061.46)
[SelectTarget] team=1 EnemyN=1 TgtZ=2790.07
[DIST] team=1 EnemyN=1 MyZ=2816.2 TgtZ=2790.07 Dist=1398.07
[ROOT] team=1 status=2 Z=2816.2 VP=(2173.72,-1861.34,2773.59)
[SelectTarget] team=2 EnemyN=1 TgtZ=2815.26
[DIST] team=2 EnemyN=1 MyZ=2790.07 TgtZ=2815.26 Dist=1392.79
[ROOT] team=2 status=2 Z=2790.07 VP=(971.048,-2932.98,2815.26)
[SelectTarget] team=1 EnemyN=1 TgtZ=2734.78
[DIST] team=1 EnemyN=1 MyZ=2693.89 TgtZ=2734.78 Dist=1074.61
[ROOT] team=1 status=2 Z=2693.89 VP=(1603.41,-2565.36,2740.96)
[SelectTarget] team=2 EnemyN=1 TgtZ=2693.34
[DIST] team=2 EnemyN=1 MyZ=2734.78 TgtZ=2693.34 Dist=1072.24
[ROOT] team=2 status=2 Z=2734.78 VP=(295.523,-1741.69,2693.34)
[SelectTarget] team=1 EnemyN=1 TgtZ=2561.31
[DIST] team=1 EnemyN=1 MyZ=2574.28 TgtZ=2561.31 Dist=1679.28
[ROOT] team=1 status=2 Z=2574.28 VP=(745.171,-2738.97,2582.11)
[SelectTarget] team=2 EnemyN=1 TgtZ=2573.38
[DIST] team=2 EnemyN=1 MyZ=2561.31 TgtZ=2573.38 Dist=1679.03
[ROOT] team=2 status=2 Z=2561.31 VP=(848.631,-1243.29,2573.38)
[SYNCCIRCLE] R=961.373 dist=1922.99 shrink=0.28 thr=0.709497
[SelectTarget] team=1 EnemyN=1 TgtZ=2291.78
[DIST] team=1 EnemyN=1 MyZ=2353.27 TgtZ=2291.78 Dist=2466.88
[ROOT] team=1 status=2 Z=2353.27 VP=(13.8461,-2308.07,2324.48)
[SelectTarget] team=2 EnemyN=1 TgtZ=2351.71
[DIST] team=2 EnemyN=1 MyZ=2291.78 TgtZ=2351.71 Dist=2466.25
[ROOT] team=2 status=2 Z=2291.78 VP=(1000.66,-1163.73,2351.71)
[SelectTarget] team=1 EnemyN=1 TgtZ=2044.43
[DIST] team=1 EnemyN=1 MyZ=2082.21 TgtZ=2044.43 Dist=3224.03
[ROOT] team=1 status=2 Z=2082.21 VP=(-202.433,-528.086,1500)
[SelectTarget] team=2 EnemyN=1 TgtZ=2081.21
[DIST] team=2 EnemyN=1 MyZ=2044.43 TgtZ=2081.21 Dist=3223.81
[ROOT] team=2 status=2 Z=2044.43 VP=(1110.67,-940.855,2081.21)
[SelectTarget] team=1 EnemyN=1 TgtZ=1925.52
[DIST] team=1 EnemyN=1 MyZ=1928.05 TgtZ=1925.52 Dist=4016.7
[ROOT] team=1 status=2 Z=1928.05 VP=(-1008.95,-4539.58,6708.01)
[SelectTarget] team=2 EnemyN=1 TgtZ=1927.33
[DIST] team=2 EnemyN=1 MyZ=1925.52 TgtZ=1927.33 Dist=4015.9
[PURE_ATA] team=2 ata=135.616 dist=4015.9 leadDist=1572.67 aa=107.213
[ROOT] team=2 status=2 Z=1925.52 VP=(448.837,-4435.59,3500)
[PURE_ATA] team=2 ata=134.95 dist=4041.03 leadDist=1577 aa=96.9323
[PURE_ATA] team=2 ata=134.333 dist=4065.47 leadDist=1581.34 aa=94.1278
[PURE_ATA] team=2 ata=133.772 dist=4089.19 leadDist=1585.58 aa=93.2879
[PURE_ATA] team=2 ata=133.221 dist=4112.19 leadDist=1589.54 aa=93.064
[PURE_ATA] team=2 ata=132.693 dist=4135.8 leadDist=1593.06 aa=92.5593
[PURE_ATA] team=2 ata=132.195 dist=4160.15 leadDist=1596.09 aa=91.9112
[PURE_ATA] team=2 ata=131.728 dist=4185.18 leadDist=1598.63 aa=91.736
[PURE_ATA] team=2 ata=131.253 dist=4208.2 leadDist=1600.77 aa=92.4382
[PURE_ATA] team=2 ata=130.752 dist=4231.94 leadDist=1602.63 aa=94.8739
[PURE_ATA] team=2 ata=130.234 dist=4253.72 leadDist=1604.29 aa=100.289
[PURE_ATA] team=2 ata=129.706 dist=4276.23 leadDist=1605.78 aa=107.879
[PURE_ATA] team=2 ata=129.173 dist=4298.14 leadDist=1607.15 aa=116.47
[PURE_ATA] team=2 ata=128.632 dist=4319.46 leadDist=1608.41 aa=131.528
[PURE_ATA] team=2 ata=128.078 dist=4341.52 leadDist=1609.62 aa=155.908
[PURE_ATA] team=2 ata=127.531 dist=4360.35 leadDist=1610.84 aa=174.771
[PURE_ATA] team=2 ata=126.966 dist=4379.91 leadDist=1612.09 aa=174.802
[PURE_ATA] team=2 ata=126.4 dist=4400.28 leadDist=1613.4 aa=168.571
[PURE_ATA] team=2 ata=125.822 dist=4418.68 leadDist=1614.79 aa=164.397
[PURE_ATA] team=2 ata=125.251 dist=4436.62 leadDist=1616.28 aa=161.35
[PURE_ATA] team=2 ata=124.669 dist=4452.6 leadDist=1617.87 aa=159.029
[PURE_ATA] team=2 ata=124.082 dist=4469.38 leadDist=1619.58 aa=157.184
[PURE_ATA] team=2 ata=123.486 dist=4486.92 leadDist=1621.42 aa=155.675
[PURE_ATA] team=2 ata=122.892 dist=4502.61 leadDist=1623.4 aa=154.417
[PURE_ATA] team=2 ata=122.291 dist=4516.35 leadDist=1625.53 aa=153.422
[PURE_ATA] team=2 ata=121.688 dist=4530.92 leadDist=1627.82 aa=152.64
[PURE_ATA] team=2 ata=121.082 dist=4544.92 leadDist=1630.27 aa=158.243
[PURE_ATA] team=2 ata=120.472 dist=4558.37 leadDist=1632.82 aa=172.685
[PURE_ATA] team=2 ata=119.867 dist=4571.36 leadDist=1635.44 aa=130.032
[PURE_ATA] team=2 ata=119.259 dist=4585.21 leadDist=1638.11 aa=110.588
[SelectTarget] team=1 EnemyN=1 TgtZ=1911.49
[DIST] team=1 EnemyN=1 MyZ=1859.66 TgtZ=1911.49 Dist=4598.59
[ROOT] team=1 status=2 Z=1859.66 VP=(-1890.8,-3739.75,6644.28)
[SelectTarget] team=2 EnemyN=1 TgtZ=1859.22
[DIST] team=2 EnemyN=1 MyZ=1911.49 TgtZ=1859.22 Dist=4597.24
[PURE_ATA] team=2 ata=118.655 dist=4597.24 leadDist=1640.78 aa=103.847
[ROOT] team=2 status=2 Z=1911.49 VP=(-563.529,-4313.49,3500)
[PURE_ATA] team=2 ata=118.05 dist=4610.16 leadDist=1643.33 aa=101.423
[PURE_ATA] team=2 ata=117.438 dist=4623.86 leadDist=1645.59 aa=100.61
[PURE_ATA] team=2 ata=116.829 dist=4637.16 leadDist=1647.42 aa=100.597
[PURE_ATA] team=2 ata=116.209 dist=4651.13 leadDist=1648.76 aa=101.755
[PURE_ATA] team=2 ata=115.596 dist=4663.44 leadDist=1649.67 aa=105.199
[PURE_ATA] team=2 ata=114.978 dist=4675.14 leadDist=1650.28 aa=111.545
[PURE_ATA] team=2 ata=114.358 dist=4686.36 leadDist=1650.66 aa=120.439
[PURE_ATA] team=2 ata=113.739 dist=4697.12 leadDist=1650.87 aa=129.655
[PURE_ATA] team=2 ata=113.105 dist=4708.38 leadDist=1650.93 aa=138.197
[PURE_ATA] team=2 ata=112.476 dist=4719.33 leadDist=1650.87 aa=150.577
[PURE_ATA] team=2 ata=111.846 dist=4726.86 leadDist=1650.74 aa=165.05
[PURE_ATA] team=2 ata=111.209 dist=4736.6 leadDist=1650.58 aa=174.662
[PURE_ATA] team=2 ata=110.573 dist=4744.34 leadDist=1650.45 aa=179.618
[PURE_ATA] team=2 ata=109.928 dist=4752.69 leadDist=1650.36 aa=175.74
[PURE_ATA] team=2 ata=109.293 dist=4758.02 leadDist=1650.32 aa=172.784
[PURE_ATA] team=2 ata=108.652 dist=4763.97 leadDist=1650.35 aa=170.412
[PURE_ATA] team=2 ata=107.999 dist=4770.35 leadDist=1650.48 aa=168.412
[PURE_ATA] team=2 ata=107.353 dist=4774.94 leadDist=1650.69 aa=166.649
[PURE_ATA] team=2 ata=106.706 dist=4777.37 leadDist=1651.02 aa=165.093
[PURE_ATA] team=2 ata=106.053 dist=4780.4 leadDist=1651.47 aa=163.757
[PURE_ATA] team=2 ata=105.393 dist=4784.01 leadDist=1652.04 aa=162.663
[PURE_ATA] team=2 ata=104.738 dist=4785.68 leadDist=1652.76 aa=161.78
[PURE_ATA] team=2 ata=104.081 dist=4786.56 leadDist=1653.62 aa=161.138
[PURE_ATA] team=2 ata=103.419 dist=4788.02 leadDist=1654.63 aa=160.712
[PURE_ATA] team=2 ata=102.761 dist=4787.33 leadDist=1655.8 aa=160.46
[PURE_ATA] team=2 ata=102.106 dist=4786.1 leadDist=1657.13 aa=160.305
[PURE_ATA] team=2 ata=101.434 dist=4784.73 leadDist=1658.62 aa=160.328
[PURE_ATA] team=2 ata=100.775 dist=4781.7 leadDist=1660.27 aa=164.8
[PURE_ATA] team=2 ata=100.103 dist=4780.33 leadDist=1662.01 aa=178.501
[SelectTarget] team=1 EnemyN=1 TgtZ=2059.21
[DIST] team=1 EnemyN=1 MyZ=1836.49 TgtZ=2059.21 Dist=4778.31
[ROOT] team=1 status=2 Z=1836.49 VP=(-2137.1,-2465.87,6622.61)
[SelectTarget] team=2 EnemyN=1 TgtZ=1836.19
[DIST] team=2 EnemyN=1 MyZ=2059.21 TgtZ=1836.19 Dist=4777.09
[PURE_ATA] team=2 ata=99.4408 dist=4777.09 leadDist=1663.81 aa=151.323
[ROOT] team=2 status=2 Z=2059.21 VP=(-1368.69,-3685.54,3500)
[PURE_ATA] team=2 ata=98.7883 dist=4773.58 leadDist=1665.66 aa=129.855
[PURE_ATA] team=2 ata=98.1205 dist=4771.7 leadDist=1667.49 aa=119.106
[PURE_ATA] team=2 ata=97.4679 dist=4768.26 leadDist=1669.16 aa=115.946
[PURE_ATA] team=2 ata=96.8019 dist=4764.82 leadDist=1670.47 aa=116.721
[PURE_ATA] team=2 ata=96.1434 dist=4761.15 leadDist=1671.3 aa=120.307
[PURE_ATA] team=2 ata=95.4679 dist=4757.18 leadDist=1671.67 aa=127.458
[PURE_ATA] team=2 ata=94.8121 dist=4751.99 leadDist=1671.74 aa=136.118
[PURE_ATA] team=2 ata=94.1301 dist=4747.49 leadDist=1671.56 aa=144.236
[PURE_ATA] team=2 ata=93.4644 dist=4741.53 leadDist=1671.18 aa=150.835
[PURE_ATA] team=2 ata=92.7988 dist=4734.54 leadDist=1670.61 aa=159.837
[PURE_ATA] team=2 ata=92.1079 dist=4728.16 leadDist=1669.91 aa=169.421
[PURE_ATA] team=2 ata=91.4327 dist=4720.08 leadDist=1669.16 aa=175.404
[PURE_ATA] team=2 ata=90.7564 dist=4710.68 leadDist=1668.38 aa=178.951
[PURE_ATA] team=2 ata=90.0771 dist=4701.79 leadDist=1667.6 aa=178.539
[PURE_ATA] team=2 ata=89.3868 dist=4692.49 leadDist=1666.84 aa=176.521
[PURE_ATA] team=2 ata=88.699 dist=4682.14 leadDist=1666.12 aa=174.788
[PURE_ATA] team=2 ata=88 dist=4671.34 leadDist=1665.44 aa=173.239
[PURE_ATA] team=2 ata=87.3187 dist=4658.62 leadDist=1664.83 aa=171.816
[PURE_ATA] team=2 ata=86.6324 dist=4646.09 leadDist=1664.29 aa=170.511
[PURE_ATA] team=2 ata=85.9373 dist=4633.05 leadDist=1663.83 aa=169.361
[PURE_ATA] team=2 ata=85.2481 dist=4619 leadDist=1663.46 aa=168.379
[PURE_ATA] team=2 ata=84.551 dist=4604.43 leadDist=1663.2 aa=167.582
[PURE_ATA] team=2 ata=83.848 dist=4589.63 leadDist=1663.05 aa=166.961
[PURE_ATA] team=2 ata=83.1496 dist=4573.48 leadDist=1663.01 aa=166.513
[PURE_ATA] team=2 ata=82.4613 dist=4556.33 leadDist=1663.1 aa=166.213
[PURE_ATA] team=2 ata=81.7551 dist=4539.7 leadDist=1663.31 aa=166.019
[PURE_ATA] team=2 ata=81.0587 dist=4522.06 leadDist=1663.65 aa=165.985
[PURE_ATA] team=2 ata=80.3677 dist=4502.74 leadDist=1664.11 aa=166.004
[PURE_ATA] team=2 ata=79.6602 dist=4483.86 leadDist=1664.69 aa=166.039
[SelectTarget] team=1 EnemyN=1 TgtZ=2299.24
[DIST] team=1 EnemyN=1 MyZ=1834.73 TgtZ=2299.24 Dist=4466.75
[ROOT] team=1 status=2 Z=1834.73 VP=(2380.02,-1410.66,2024.49)
[SelectTarget] team=2 EnemyN=1 TgtZ=1834.61
[DIST] team=2 EnemyN=1 MyZ=2299.24 TgtZ=1834.61 Dist=4463.99
[PURE_ATA] team=2 ata=78.9661 dist=4463.99 leadDist=1665.39 aa=166.074
[ROOT] team=2 status=2 Z=2299.24 VP=(-1694.3,-2716.78,3500)
[PURE_ATA] team=2 ata=78.2563 dist=4444.15 leadDist=1666.21 aa=166.117
[PURE_ATA] team=2 ata=77.5583 dist=4422.94 leadDist=1667.13 aa=166.154
[PURE_ATA] team=2 ata=76.8766 dist=4400.76 leadDist=1668.17 aa=166.185
[PURE_ATA] team=2 ata=76.178 dist=4378.54 leadDist=1669.31 aa=166.222
[PURE_ATA] team=2 ata=75.4811 dist=4355.96 leadDist=1670.56 aa=166.257
[PURE_ATA] team=2 ata=74.7985 dist=4332.05 leadDist=1671.9 aa=166.284
[PURE_ATA] team=2 ata=74.1012 dist=4308 leadDist=1673.35 aa=166.316
[PURE_ATA] team=2 ata=73.4211 dist=4283 leadDist=1674.88 aa=168.753
[PURE_ATA] team=2 ata=72.7316 dist=4258.56 leadDist=1676.48 aa=177.109
[PURE_ATA] team=2 ata=72.0579 dist=4232.79 leadDist=1678.12 aa=168.809
[PURE_ATA] team=2 ata=71.3927 dist=4207.41 leadDist=1679.78 aa=153.279
[PURE_ATA] team=2 ata=70.7304 dist=4181.64 leadDist=1681.38 aa=141.838
[PURE_ATA] team=2 ata=70.0753 dist=4156.23 leadDist=1682.78 aa=137.394
[PURE_ATA] team=2 ata=69.423 dist=4130.38 leadDist=1683.77 aa=138.489
[PURE_ATA] team=2 ata=68.7711 dist=4103.66 leadDist=1684.23 aa=143.373
[PURE_ATA] team=2 ata=68.1237 dist=4076.86 leadDist=1684.23 aa=150.549
[PURE_ATA] team=2 ata=67.4624 dist=4049.64 leadDist=1683.89 aa=157.163
[PURE_ATA] team=2 ata=66.8248 dist=4021.93 leadDist=1683.25 aa=162.248
[SelectTarget] team=1 EnemyN=1 TgtZ=2530.44
[DIST] team=1 EnemyN=1 MyZ=1833.83 TgtZ=2530.44 Dist=3664
[ROOT] team=1 status=2 Z=1833.83 VP=(1416.79,-1982.58,2480.6)
[SelectTarget] team=2 EnemyN=1 TgtZ=1834.09
[DIST] team=2 EnemyN=1 MyZ=2530.44 TgtZ=1834.09 Dist=3660.33
[ROOT] team=2 status=2 Z=2530.44 VP=(1967.93,-2724.99,2180.44)
[SelectTarget] team=1 EnemyN=1 TgtZ=2432.02
[DIST] team=1 EnemyN=1 MyZ=1861.38 TgtZ=2432.02 Dist=2736.64
[ROOT] team=1 status=2 Z=1861.38 VP=(1646.64,-2771.27,1656.4)
[SelectTarget] team=2 EnemyN=1 TgtZ=1861.19
[DIST] team=2 EnemyN=1 MyZ=2432.02 TgtZ=1861.19 Dist=2732.07
[ROOT] team=2 status=2 Z=2432.02 VP=(1066.37,-3297.23,2082.02)
[SYNCCIRCLE] R=1135.61 dist=2323.11 shrink=0.28 thr=0.702912
[SelectTarget] team=1 EnemyN=1 TgtZ=2195.61
[DIST] team=1 EnemyN=1 MyZ=1875.87 TgtZ=2195.61 Dist=1833.84
[ROOT] team=1 status=2 Z=1875.87 VP=(1427.54,-2630.27,2222.05)
[SelectTarget] team=2 EnemyN=1 TgtZ=1876.39
[DIST] team=2 EnemyN=1 MyZ=2195.61 TgtZ=1876.39 Dist=1829.87
[ROOT] team=2 status=2 Z=2195.61 VP=(-119.566,-3083.83,2000)
[SelectTarget] team=1 EnemyN=1 TgtZ=2016.42
[DIST] team=1 EnemyN=1 MyZ=1946.9 TgtZ=2016.42 Dist=1311.63
[ROOT] team=1 status=2 Z=1946.9 VP=(576.079,-2805.27,2031.1)
[SelectTarget] team=2 EnemyN=1 TgtZ=1947.07
[DIST] team=2 EnemyN=1 MyZ=2016.42 TgtZ=1947.07 Dist=1308.62
[ROOT] team=2 status=2 Z=2016.42 VP=(-506.037,-1644.19,2000)
[SelectTarget] team=1 EnemyN=1 TgtZ=1911.82
[DIST] team=1 EnemyN=1 MyZ=1919.49 TgtZ=1911.82 Dist=1752.4
[ROOT] team=1 status=2 Z=1919.49 VP=(-218.984,-2392.07,1914.75)
[SelectTarget] team=2 EnemyN=1 TgtZ=1919
[DIST] team=2 EnemyN=1 MyZ=1911.82 TgtZ=1919 Dist=1752.5
[ROOT] team=2 status=2 Z=1911.82 VP=(339.097,-968.456,2000)
[SelectTarget] team=1 EnemyN=1 TgtZ=1854.64
[DIST] team=1 EnemyN=1 MyZ=1854.62 TgtZ=1854.64 Dist=2673.56
[ROOT] team=1 status=2 Z=1854.62 VP=(212.523,-4669.61,6638.82)
[SelectTarget] team=2 EnemyN=1 TgtZ=1854.22
[DIST] team=2 EnemyN=1 MyZ=1854.64 TgtZ=1854.22 Dist=2675.71
[ROOT] team=2 status=2 Z=1854.64 VP=(718.306,-856.482,2000)
[SYNCCIRCLE] R=1771.31 dist=3542.86 shrink=0.28 thr=0.736659
[SelectTarget] team=1 EnemyN=1 TgtZ=1875.9
[DIST] team=1 EnemyN=1 MyZ=1828.1 TgtZ=1875.9 Dist=3654.08
[ROOT] team=1 status=2 Z=1828.1 VP=(-917.379,-4783.87,6614.81)
[SelectTarget] team=2 EnemyN=1 TgtZ=1827.83
[DIST] team=2 EnemyN=1 MyZ=1875.9 TgtZ=1827.83 Dist=3655.64
[ROOT] team=2 status=2 Z=1875.9 VP=(1053.86,-678.555,2000)
[PURE_ATA] team=2 ata=115.275 dist=4004.84 leadDist=1675.63 aa=5.92666
[PURE_ATA] team=2 ata=114.574 dist=4028.38 leadDist=1674.95 aa=7.00616
[PURE_ATA] team=2 ata=113.903 dist=4051.36 leadDist=1674.32 aa=18.1451
[PURE_ATA] team=2 ata=113.271 dist=4073.81 leadDist=1673.75 aa=28.3156
[PURE_ATA] team=2 ata=112.639 dist=4097.07 leadDist=1673.27 aa=37.7603
[PURE_ATA] team=2 ata=112.047 dist=4118.48 leadDist=1672.89 aa=46.4921
[PURE_ATA] team=2 ata=111.498 dist=4138.03 leadDist=1672.62 aa=54.4837
[PURE_ATA] team=2 ata=110.937 dist=4158.42 leadDist=1672.47 aa=61.669
[PURE_ATA] team=2 ata=110.358 dist=4177.01 leadDist=1672.46 aa=67.9354
[PURE_ATA] team=2 ata=109.758 dist=4196.47 leadDist=1672.59 aa=73.3986
[PURE_ATA] team=2 ata=109.144 dist=4214.09 leadDist=1672.89 aa=78.2186
[PURE_ATA] team=2 ata=108.513 dist=4232.54 leadDist=1673.35 aa=82.5185
[PURE_ATA] team=2 ata=107.88 dist=4249.2 leadDist=1673.99 aa=86.3596
[PURE_ATA] team=2 ata=107.241 dist=4265.41 leadDist=1674.82 aa=89.8549
[PURE_ATA] team=2 ata=106.601 dist=4281.2 leadDist=1675.83 aa=93.1094
[PURE_ATA] team=2 ata=105.949 dist=4296.44 leadDist=1677.04 aa=91.0852
[PURE_ATA] team=2 ata=105.295 dist=4311.27 leadDist=1678.36 aa=10.5232
[SelectTarget] team=1 EnemyN=1 TgtZ=1861.75
[DIST] team=1 EnemyN=1 MyZ=1820.48 TgtZ=1861.75 Dist=4324.62
[ROOT] team=1 status=2 Z=1820.48 VP=(-1990.67,-4194,6607.74)
[SelectTarget] team=2 EnemyN=1 TgtZ=1820.24
[DIST] team=2 EnemyN=1 MyZ=1861.75 TgtZ=1820.24 Dist=4325.7
[PURE_ATA] team=2 ata=104.641 dist=4325.7 leadDist=1679.76 aa=67.3675
[ROOT] team=2 status=2 Z=1861.75 VP=(-564.797,-4376.55,3500)
[PURE_ATA] team=2 ata=103.978 dist=4340.98 leadDist=1681.22 aa=76.3744
[PURE_ATA] team=2 ata=103.316 dist=4354.48 leadDist=1682.73 aa=80.3439
[PURE_ATA] team=2 ata=102.646 dist=4370.23 leadDist=1684.18 aa=82.2355
[PURE_ATA] team=2 ata=101.971 dist=4385.52 leadDist=1685.43 aa=82.9277
[PURE_ATA] team=2 ata=101.298 dist=4399.06 leadDist=1686.3 aa=82.3187
[PURE_ATA] team=2 ata=100.616 dist=4413.45 leadDist=1686.72 aa=81.0575
[PURE_ATA] team=2 ata=99.9312 dist=4428.79 leadDist=1686.74 aa=79.076
[PURE_ATA] team=2 ata=99.2441 dist=4442.29 leadDist=1686.46 aa=77.0105
[PURE_ATA] team=2 ata=98.5517 dist=4453.82 leadDist=1685.97 aa=76.3201
[PURE_ATA] team=2 ata=97.8567 dist=4467.74 leadDist=1685.32 aa=76.7053
[PURE_ATA] team=2 ata=97.1643 dist=4478.42 leadDist=1684.53 aa=77.714
[PURE_ATA] team=2 ata=96.4713 dist=4490.11 leadDist=1683.63 aa=77.566
[PURE_ATA] team=2 ata=95.7687 dist=4501.1 leadDist=1682.67 aa=76.1542
[PURE_ATA] team=2 ata=95.069 dist=4511.68 leadDist=1681.69 aa=80.7596
[PURE_ATA] team=2 ata=94.361 dist=4521.55 leadDist=1680.74 aa=129.411
[PURE_ATA] team=2 ata=93.6558 dist=4531.03 leadDist=1679.83 aa=121.325
[PURE_ATA] team=2 ata=92.9458 dist=4538.39 leadDist=1678.99 aa=120.873
[PURE_ATA] team=2 ata=92.2447 dist=4545.57 leadDist=1678.23 aa=121.142
[PURE_ATA] team=2 ata=91.5389 dist=4552.03 leadDist=1677.56 aa=121.607
[PURE_ATA] team=2 ata=90.8371 dist=4558.15 leadDist=1677 aa=122.021
[PURE_ATA] team=2 ata=90.1269 dist=4563.37 leadDist=1676.56 aa=122.482
[PURE_ATA] team=2 ata=89.4182 dist=4568.05 leadDist=1676.26 aa=122.977
[PURE_ATA] team=2 ata=88.7014 dist=4571.81 leadDist=1676.1 aa=123.599
[PURE_ATA] team=2 ata=87.9905 dist=4575.25 leadDist=1676.09 aa=124.283
[PURE_ATA] team=2 ata=87.2791 dist=4577.96 leadDist=1676.25 aa=125.115
[PURE_ATA] team=2 ata=86.5656 dist=4579.95 leadDist=1676.58 aa=126.078
[PURE_ATA] team=2 ata=85.8507 dist=4581.22 leadDist=1677.09 aa=127.153
[PURE_ATA] team=2 ata=85.1359 dist=4581.75 leadDist=1677.78 aa=128.217
[PURE_ATA] team=2 ata=84.4124 dist=4582.67 leadDist=1678.66 aa=129.423
[SelectTarget] team=1 EnemyN=1 TgtZ=1955.35
[DIST] team=1 EnemyN=1 MyZ=1820.47 TgtZ=1955.35 Dist=4581.53
[ROOT] team=1 status=2 Z=1820.47 VP=(-2540.72,-3069.49,6607.73)
[SelectTarget] team=2 EnemyN=1 TgtZ=1820.28
[DIST] team=2 EnemyN=1 MyZ=1955.35 TgtZ=1820.28 Dist=4580.65
[PURE_ATA] team=2 ata=83.7086 dist=4580.65 leadDist=1679.72 aa=134.84
[ROOT] team=2 status=2 Z=1955.35 VP=(-1494.28,-4054.52,3500)
[PURE_ATA] team=2 ata=82.9904 dist=4580.36 leadDist=1680.89 aa=169.584
[PURE_ATA] team=2 ata=82.2835 dist=4578.26 leadDist=1682.14 aa=111.952
[PURE_ATA] team=2 ata=81.5659 dist=4578.1 leadDist=1683.45 aa=97.0932
[PURE_ATA] team=2 ata=80.8511 dist=4577.22 leadDist=1684.78 aa=93.938
[PURE_ATA] team=2 ata=80.137 dist=4575.63 leadDist=1686.04 aa=93.6526
[PURE_ATA] team=2 ata=79.4141 dist=4574.35 leadDist=1687 aa=94.5188
[PURE_ATA] team=2 ata=78.7003 dist=4572.88 leadDist=1687.54 aa=95.1984
[PURE_ATA] team=2 ata=77.9805 dist=4570.14 leadDist=1687.68 aa=97.7168
[PURE_ATA] team=2 ata=77.266 dist=4566.97 leadDist=1687.54 aa=102.666
[PURE_ATA] team=2 ata=76.5483 dist=4562.53 leadDist=1687.2 aa=109.722
[PURE_ATA] team=2 ata=75.8154 dist=4559.64 leadDist=1686.68 aa=117.866
[PURE_ATA] team=2 ata=75.0944 dist=4554.77 leadDist=1686.01 aa=131.941
[PURE_ATA] team=2 ata=74.3744 dist=4548.93 leadDist=1685.25 aa=154.319
[PURE_ATA] team=2 ata=73.6411 dist=4542.73 leadDist=1684.46 aa=172.309
[PURE_ATA] team=2 ata=72.9053 dist=4537.07 leadDist=1683.66 aa=176.96
[PURE_ATA] team=2 ata=72.1819 dist=4529.19 leadDist=1682.89 aa=170.039
[PURE_ATA] team=2 ata=71.4501 dist=4521.23 leadDist=1682.16 aa=165.086
[PURE_ATA] team=2 ata=70.7237 dist=4512.28 leadDist=1681.49 aa=161.259
[PURE_ATA] team=2 ata=70.002 dist=4502.35 leadDist=1680.9 aa=158.11
[PURE_ATA] team=2 ata=69.2711 dist=4491.99 leadDist=1680.38 aa=155.647
[PURE_ATA] team=2 ata=68.5365 dist=4481.81 leadDist=1679.97 aa=153.512
[PURE_ATA] team=2 ata=67.8065 dist=4470.31 leadDist=1679.66 aa=151.825
[PURE_ATA] team=2 ata=67.0816 dist=4457.51 leadDist=1679.48 aa=150.552
[PURE_ATA] team=2 ata=66.3421 dist=4445.68 leadDist=1679.43 aa=149.7
[PURE_ATA] team=2 ata=65.6087 dist=4432.51 leadDist=1679.51 aa=149.155
[PURE_ATA] team=2 ata=64.8985 dist=4417.6 leadDist=1679.75 aa=148.872
[PURE_ATA] team=2 ata=64.1697 dist=4402.93 leadDist=1680.14 aa=148.868
[PURE_ATA] team=2 ata=63.4347 dist=4387.67 leadDist=1680.68 aa=148.958
[PURE_ATA] team=2 ata=62.7297 dist=4371.09 leadDist=1681.39 aa=149.266
[SelectTarget] team=1 EnemyN=1 TgtZ=2128.68
[DIST] team=1 EnemyN=1 MyZ=1817.91 TgtZ=2128.68 Dist=4356.35
[ROOT] team=1 status=2 Z=1817.91 VP=(1567.19,-1986.59,1780.6)
[SelectTarget] team=2 EnemyN=1 TgtZ=1817.75
[DIST] team=2 EnemyN=1 MyZ=2128.68 TgtZ=1817.75 Dist=4354.99
[PURE_ATA] team=2 ata=61.9893 dist=4354.99 leadDist=1682.25 aa=149.695
[ROOT] team=2 status=2 Z=2128.68 VP=(-2108.3,-3274.96,3500)
[PURE_ATA] team=2 ata=61.2793 dist=4337.58 leadDist=1683.27 aa=150.084
[PURE_ATA] team=2 ata=60.5636 dist=4319.21 leadDist=1684.44 aa=154.955
[PURE_ATA] team=2 ata=59.8515 dist=4300.93 leadDist=1685.71 aa=174.585
[PURE_ATA] team=2 ata=59.1387 dist=4282.38 leadDist=1687.04 aa=147.387
[PURE_ATA] team=2 ata=58.4316 dist=4264.27 leadDist=1688.41 aa=121.637
[PURE_ATA] team=2 ata=57.7261 dist=4245.86 leadDist=1689.8 aa=110.993
[PURE_ATA] team=2 ata=57.022 dist=4227.5 leadDist=1691.08 aa=106.986
[PURE_ATA] team=2 ata=56.3379 dist=4208.98 leadDist=1692.08 aa=105.77
[PURE_ATA] team=2 ata=55.6345 dist=4189.93 leadDist=1692.64 aa=106.087
[PURE_ATA] team=2 ata=54.952 dist=4171.09 leadDist=1692.7 aa=108.222
[PURE_ATA] team=2 ata=54.2652 dist=4151.12 leadDist=1692.31 aa=113.403
[PURE_ATA] team=2 ata=53.5663 dist=4131.69 leadDist=1691.61 aa=121.455
[PURE_ATA] team=2 ata=52.8848 dist=4111.37 leadDist=1690.65 aa=130.9
[PURE_ATA] team=2 ata=52.1715 dist=4091.23 leadDist=1689.48 aa=139.706
[PURE_ATA] team=2 ata=51.4955 dist=4069.75 leadDist=1688.12 aa=147.376
[PURE_ATA] team=2 ata=50.8205 dist=4047.48 leadDist=1686.61 aa=157.901
[PURE_ATA] team=2 ata=50.1347 dist=4025.25 leadDist=1684.97 aa=169.529
[PURE_ATA] team=2 ata=49.437 dist=4002.6 leadDist=1683.28 aa=177.327
[SelectTarget] team=1 EnemyN=1 TgtZ=2305.35
[DIST] team=1 EnemyN=1 MyZ=1834.74 TgtZ=2305.35 Dist=3696.18
[ROOT] team=1 status=2 Z=1834.74 VP=(574.146,-2364.27,2093.44)
[SelectTarget] team=2 EnemyN=1 TgtZ=1834.93
[DIST] team=2 EnemyN=1 MyZ=2305.35 TgtZ=1834.93 Dist=3694.2
[ROOT] team=2 status=2 Z=2305.35 VP=(1207.75,-3281.33,2000)
[SelectTarget] team=1 EnemyN=1 TgtZ=2220.22
[DIST] team=1 EnemyN=1 MyZ=1825.61 TgtZ=2220.22 Dist=3034.07
[ROOT] team=1 status=2 Z=1825.61 VP=(-605.078,-493.125,6612.78)
[SelectTarget] team=2 EnemyN=1 TgtZ=1825.3
[DIST] team=2 EnemyN=1 MyZ=2220.22 TgtZ=1825.3 Dist=3031.76
[ROOT] team=2 status=2 Z=2220.22 VP=(161.688,-3770.96,2000)
[SelectTarget] team=1 EnemyN=1 TgtZ=2072.03
[DIST] team=1 EnemyN=1 MyZ=1814.53 TgtZ=2072.03 Dist=2558.93
[ROOT] team=1 status=2 Z=1814.53 VP=(-411.16,-3379.22,1500)
[SelectTarget] team=2 EnemyN=1 TgtZ=1814.44
[DIST] team=2 EnemyN=1 MyZ=2072.03 TgtZ=1814.44 Dist=2557.43
[ROOT] team=2 status=2 Z=2072.03 VP=(-1014.35,-3544.17,2000)
[SelectTarget] team=1 EnemyN=1 TgtZ=1980.56
[DIST] team=1 EnemyN=1 MyZ=1829.55 TgtZ=1980.56 Dist=2301.46
[ROOT] team=1 status=2 Z=1829.55 VP=(-318.136,-3264.44,1983.72)
[SelectTarget] team=2 EnemyN=1 TgtZ=1829.49
[DIST] team=2 EnemyN=1 MyZ=1980.56 TgtZ=1829.49 Dist=2300.25
[ROOT] team=2 status=2 Z=1980.56 VP=(-1714.71,-2464.29,2000)
[SYNCCIRCLE] R=1141.25 dist=2287.26 shrink=0.28 thr=0.746948
[SelectTarget] team=1 EnemyN=1 TgtZ=1929.84
[DIST] team=1 EnemyN=1 MyZ=1824.15 TgtZ=1929.84 Dist=2275.88
[ROOT] team=1 status=2 Z=1824.15 VP=(-1028.47,-2778.49,1929.23)
[SelectTarget] team=2 EnemyN=1 TgtZ=1824.43
[DIST] team=2 EnemyN=1 MyZ=1929.84 TgtZ=1824.43 Dist=2277.11
[ROOT] team=2 status=2 Z=1929.84 VP=(-1374.79,-1208.9,2000)
[SelectTarget] team=1 EnemyN=1 TgtZ=1902.24
[DIST] team=1 EnemyN=1 MyZ=1824.2 TgtZ=1902.24 Dist=2497.59
[ROOT] team=1 status=2 Z=1824.2 VP=(-707.188,-1053.03,1500)
[SelectTarget] team=2 EnemyN=1 TgtZ=1824.2
[DIST] team=2 EnemyN=1 MyZ=1902.24 TgtZ=1824.2 Dist=2499.28
[ROOT] team=2 status=2 Z=1902.24 VP=(-328.58,-581.248,2000)
[SelectTarget] team=1 EnemyN=1 TgtZ=1898.55
[DIST] team=1 EnemyN=1 MyZ=1814.8 TgtZ=1898.55 Dist=2863.39
[ROOT] team=1 status=2 Z=1814.8 VP=(250.434,-912.584,1500)
[SelectTarget] team=2 EnemyN=1 TgtZ=1814.88
[DIST] team=2 EnemyN=1 MyZ=1898.55 TgtZ=1814.88 Dist=2865.34
[ROOT] team=2 status=2 Z=1898.55 VP=(813.069,-717.922,2000)
[SelectTarget] team=1 EnemyN=1 TgtZ=1904.97
[DIST] team=1 EnemyN=1 MyZ=1809.34 TgtZ=1904.97 Dist=3265.04
[ROOT] team=1 status=2 Z=1809.34 VP=(1119.78,-1288.11,1500)
[SelectTarget] team=2 EnemyN=1 TgtZ=1809.41
[DIST] team=2 EnemyN=1 MyZ=1904.97 TgtZ=1809.41 Dist=3267.64
[ROOT] team=2 status=2 Z=1904.97 VP=(1686.11,-1408.67,2000)
[SYNCCIRCLE] R=1646.02 dist=3293.43 shrink=0.28 thr=0.77411
[SelectTarget] team=1 EnemyN=1 TgtZ=1911.3
[DIST] team=1 EnemyN=1 MyZ=1837.76 TgtZ=1911.3 Dist=3659.39
[ROOT] team=1 status=2 Z=1837.76 VP=(1707.8,-2049.33,1500)
[SelectTarget] team=2 EnemyN=1 TgtZ=1838.56
[DIST] team=2 EnemyN=1 MyZ=1911.3 TgtZ=1838.56 Dist=3661.98
[ROOT] team=2 status=2 Z=1911.3 VP=(2137.75,-2405.29,2000)
[SelectTarget] team=1 EnemyN=1 TgtZ=1915.8
[DIST] team=1 EnemyN=1 MyZ=1948.5 TgtZ=1915.8 Dist=3942.69
[ROOT] team=1 status=2 Z=1948.5 VP=(1904.73,-3002.16,1500)
[SelectTarget] team=2 EnemyN=1 TgtZ=1948.72
[DIST] team=2 EnemyN=1 MyZ=1915.8 TgtZ=1948.72 Dist=3944.99
[ROOT] team=2 status=2 Z=1915.8 VP=(2118.03,-3497.36,2000)
[PURE_ATA] team=2 ata=76.5336 dist=4000.51 leadDist=1556.06 aa=61.2505
[PURE_ATA] team=2 ata=76.103 dist=4002.9 leadDist=1558.22 aa=62.7953
[PURE_ATA] team=2 ata=74.8574 dist=4005.02 leadDist=1560.64 aa=64.3259
[PURE_ATA] team=2 ata=74.0704 dist=4006.56 leadDist=1563.31 aa=65.921
[PURE_ATA] team=2 ata=73.4312 dist=4007.9 leadDist=1566.25 aa=67.5678
[PURE_ATA] team=2 ata=72.9068 dist=4008.22 leadDist=1569.44 aa=69.1244
[PURE_ATA] team=2 ata=72.4016 dist=4008.34 leadDist=1572.87 aa=63.6387
[PURE_ATA] team=2 ata=71.9166 dist=4008.65 leadDist=1576.46 aa=28.7376
[PURE_ATA] team=2 ata=71.4614 dist=4008.8 leadDist=1580.15 aa=28.0945
[PURE_ATA] team=2 ata=70.9928 dist=4009.88 leadDist=1583.91 aa=56.2277
[PURE_ATA] team=2 ata=70.5418 dist=4010.41 leadDist=1587.73 aa=67.2421
[PURE_ATA] team=2 ata=70.0887 dist=4011.12 leadDist=1591.54 aa=72.2716
[PURE_ATA] team=2 ata=69.6343 dist=4012.01 leadDist=1595.22 aa=74.5342
[PURE_ATA] team=2 ata=69.1754 dist=4012.65 leadDist=1598.59 aa=74.7778
[PURE_ATA] team=2 ata=68.7151 dist=4013.86 leadDist=1601.57 aa=73.3549
[PURE_ATA] team=2 ata=68.2682 dist=4014.61 leadDist=1604.1 aa=70.548
[SelectTarget] team=1 EnemyN=1 TgtZ=1929.5
[DIST] team=1 EnemyN=1 MyZ=1894.09 TgtZ=1929.5 Dist=4013.9
[ROOT] team=1 status=2 Z=1894.09 VP=(1391.87,-3927.36,1500)
[SelectTarget] team=2 EnemyN=1 TgtZ=1893.75
[DIST] team=2 EnemyN=1 MyZ=1929.5 TgtZ=1893.75 Dist=4015.29
[PURE_ATA] team=2 ata=67.7994 dist=4015.29 leadDist=1606.25 aa=65.3812
[ROOT] team=2 status=2 Z=1929.5 VP=(-2190.33,-3520.5,3500)
[PURE_ATA] team=2 ata=67.3272 dist=4015.69 leadDist=1608.14 aa=58.1356
[PURE_ATA] team=2 ata=66.8708 dist=4015.66 leadDist=1609.86 aa=50.9267
[PURE_ATA] team=2 ata=66.3937 dist=4015.9 leadDist=1611.45 aa=44.401
[PURE_ATA] team=2 ata=65.9333 dist=4015.75 leadDist=1612.94 aa=37.8599
[PURE_ATA] team=2 ata=65.4526 dist=4014.56 leadDist=1614.37 aa=23.7303
[PURE_ATA] team=2 ata=64.989 dist=4013 leadDist=1615.77 aa=2.08009
[PURE_ATA] team=2 ata=64.5259 dist=4011.17 leadDist=1617.22 aa=14.3575
[PURE_ATA] team=2 ata=64.0443 dist=4009.08 leadDist=1618.73 aa=25.2658
[PURE_ATA] team=2 ata=63.5835 dist=4005.85 leadDist=1620.34 aa=33.439
[PURE_ATA] team=2 ata=63.0865 dist=4002.71 leadDist=1622.05 aa=40.3234
[SelectTarget] team=1 EnemyN=1 TgtZ=1983.41
[DIST] team=1 EnemyN=1 MyZ=1852.55 TgtZ=1983.41 Dist=3975.65
[ROOT] team=1 status=2 Z=1852.55 VP=(440.729,-4389.11,1941.5)
[SelectTarget] team=2 EnemyN=1 TgtZ=1852.63
[DIST] team=2 EnemyN=1 MyZ=1983.41 TgtZ=1852.63 Dist=3976.65
[ROOT] team=2 status=2 Z=1983.41 VP=(554.088,-5073.48,2000)
[PURE_ATA] team=2 ata=80.8012 dist=4000.15 leadDist=1644.61 aa=52.773
[PURE_ATA] team=2 ata=79.9469 dist=4003.93 leadDist=1644.49 aa=59.6853
[PURE_ATA] team=2 ata=79.0662 dist=4006.45 leadDist=1644.47 aa=65.7837
[PURE_ATA] team=2 ata=78.369 dist=4007.9 leadDist=1644.58 aa=71.1556
[PURE_ATA] team=2 ata=77.8254 dist=4009.31 leadDist=1644.82 aa=75.7971
[PURE_ATA] team=2 ata=77.3827 dist=4010.7 leadDist=1645.21 aa=79.8541
[PURE_ATA] team=2 ata=76.9653 dist=4011.4 leadDist=1645.74 aa=83.5069
[PURE_ATA] team=2 ata=76.5614 dist=4011.03 leadDist=1646.44 aa=86.8042
[PURE_ATA] team=2 ata=76.1995 dist=4011.42 leadDist=1647.31 aa=89.6003
[PURE_ATA] team=2 ata=75.8087 dist=4009.96 leadDist=1648.36 aa=92.3644
[PURE_ATA] team=2 ata=75.4564 dist=4008.6 leadDist=1649.59 aa=94.7109
[PURE_ATA] team=2 ata=75.0814 dist=4006.41 leadDist=1651.01 aa=97.0187
[PURE_ATA] team=2 ata=74.7219 dist=4003.94 leadDist=1652.62 aa=95.3276
[PURE_ATA] team=2 ata=74.3511 dist=4001.39 leadDist=1654.35 aa=12.8795
[SelectTarget] team=1 EnemyN=1 TgtZ=1968.96
[DIST] team=1 EnemyN=1 MyZ=1835.34 TgtZ=1968.96 Dist=3991.36
[ROOT] team=1 status=2 Z=1835.34 VP=(-11.9954,-5097.83,1500)
[SelectTarget] team=2 EnemyN=1 TgtZ=1835.4
[DIST] team=2 EnemyN=1 MyZ=1968.96 TgtZ=1835.4 Dist=3992.76
[ROOT] team=2 status=2 Z=1968.96 VP=(-542.092,-5227.81,2000)
[SYNCCIRCLE] R=1987.26 dist=3976.27 shrink=0.28 thr=0.586854
[SelectTarget] team=1 EnemyN=1 TgtZ=1949.19
[DIST] team=1 EnemyN=1 MyZ=1825.6 TgtZ=1949.19 Dist=3894.94
[ROOT] team=1 status=2 Z=1825.6 VP=(406.121,-919.163,6612.59)
[SelectTarget] team=2 EnemyN=1 TgtZ=1825.35
[DIST] team=2 EnemyN=1 MyZ=1949.19 TgtZ=1825.35 Dist=3894.94
[ROOT] team=2 status=2 Z=1949.19 VP=(-1595.03,-4818.59,2000)
[SelectTarget] team=1 EnemyN=1 TgtZ=1931.39
[DIST] team=1 EnemyN=1 MyZ=1819 TgtZ=1931.39 Dist=3721.34
[ROOT] team=1 status=2 Z=1819 VP=(1322.16,-1666.68,6606.41)
[SelectTarget] team=2 EnemyN=1 TgtZ=1818.8
[DIST] team=2 EnemyN=1 MyZ=1931.39 TgtZ=1818.8 Dist=3721.55
[ROOT] team=2 status=2 Z=1931.39 VP=(-2308.48,-3920.12,2000)
[SelectTarget] team=1 EnemyN=1 TgtZ=1921.84
[DIST] team=1 EnemyN=1 MyZ=1814.79 TgtZ=1921.84 Dist=3500.51
[ROOT] team=1 status=2 Z=1814.79 VP=(-2194.22,-3209.62,1500)
[SelectTarget] team=2 EnemyN=1 TgtZ=1814.58
[DIST] team=2 EnemyN=1 MyZ=1921.84 TgtZ=1814.58 Dist=3500.27
[ROOT] team=2 status=2 Z=1921.84 VP=(-2440.02,-2758.5,2000)
[SelectTarget] team=1 EnemyN=1 TgtZ=1917.67
[DIST] team=1 EnemyN=1 MyZ=1810.83 TgtZ=1917.67 Dist=3279.2
[ROOT] team=1 status=2 Z=1810.83 VP=(-1943.32,-2219.36,1500)
[SelectTarget] team=2 EnemyN=1 TgtZ=1810.82
[DIST] team=2 EnemyN=1 MyZ=1917.67 TgtZ=1810.82 Dist=3278.77
[ROOT] team=2 status=2 Z=1917.67 VP=(-1884.4,-1705.72,2000)
[SYNCCIRCLE] R=1599.69 dist=3200.86 shrink=0.28 thr=0.605786
[SelectTarget] team=1 EnemyN=1 TgtZ=1916.25
[DIST] team=1 EnemyN=1 MyZ=1808.93 TgtZ=1916.25 Dist=3097.7
[ROOT] team=1 status=2 Z=1808.93 VP=(-1156.29,-1563.32,1500)
[SelectTarget] team=2 EnemyN=1 TgtZ=1808.99
[DIST] team=2 EnemyN=1 MyZ=1916.25 TgtZ=1808.99 Dist=3097.84
[ROOT] team=2 status=2 Z=1916.25 VP=(-795.24,-1181.15,2000)
[SelectTarget] team=1 EnemyN=1 TgtZ=1915.83
[DIST] team=1 EnemyN=1 MyZ=1806.62 TgtZ=1915.83 Dist=2990.1
[ROOT] team=1 status=2 Z=1806.62 VP=(-137.871,-1526.28,1500)
[SelectTarget] team=2 EnemyN=1 TgtZ=1806.75
[DIST] team=2 EnemyN=1 MyZ=1915.83 TgtZ=1806.75 Dist=2990.29
[ROOT] team=2 status=2 Z=1915.83 VP=(392.091,-1442.85,2000)
[SelectTarget] team=1 EnemyN=1 TgtZ=1915.4
[DIST] team=1 EnemyN=1 MyZ=1808.1 TgtZ=1915.4 Dist=2959.51
[ROOT] team=1 status=2 Z=1808.1 VP=(678.732,-2126.6,1500)
[SelectTarget] team=2 EnemyN=1 TgtZ=1808.25
[DIST] team=2 EnemyN=1 MyZ=1915.4 TgtZ=1808.25 Dist=2960.74
[ROOT] team=2 status=2 Z=1915.4 VP=(1157.08,-2389.02,2000)
[SelectTarget] team=1 EnemyN=1 TgtZ=1914.37
[DIST] team=1 EnemyN=1 MyZ=1809.89 TgtZ=1914.37 Dist=2995.8
[ROOT] team=1 status=2 Z=1809.89 VP=(953.096,-3098.13,1500)
[SelectTarget] team=2 EnemyN=1 TgtZ=1810.01
[DIST] team=2 EnemyN=1 MyZ=1914.37 TgtZ=1810.01 Dist=2997.29
[ROOT] team=2 status=2 Z=1914.37 VP=(1178.04,-3601.09,2000)
[SYNCCIRCLE] R=1508.85 dist=3019.55 shrink=0.28 thr=0.692623
[SelectTarget] team=1 EnemyN=1 TgtZ=1912.69
[DIST] team=1 EnemyN=1 MyZ=1813.37 TgtZ=1912.69 Dist=3088.98
[ROOT] team=1 status=2 Z=1813.37 VP=(595.483,-4036.23,1500)
[SelectTarget] team=2 EnemyN=1 TgtZ=1813.48
[DIST] team=2 EnemyN=1 MyZ=1912.69 TgtZ=1813.48 Dist=3089.84
[ROOT] team=2 status=2 Z=1912.69 VP=(480.807,-4575.88,2000)
[SelectTarget] team=1 EnemyN=1 TgtZ=1910.87
[DIST] team=1 EnemyN=1 MyZ=1815.45 TgtZ=1910.87 Dist=3210.42
[ROOT] team=1 status=2 Z=1815.45 VP=(-232.229,-4595,1500)
[SelectTarget] team=2 EnemyN=1 TgtZ=1815.53
[DIST] team=2 EnemyN=1 MyZ=1910.87 TgtZ=1815.53 Dist=3211.82
[ROOT] team=2 status=2 Z=1910.87 VP=(-631.074,-4971.49,2000)
[SelectTarget] team=1 EnemyN=1 TgtZ=1909.6
[DIST] team=1 EnemyN=1 MyZ=1807.58 TgtZ=1909.6 Dist=3306.13
[ROOT] team=1 status=2 Z=1807.58 VP=(-353.814,