########## v32 vs AIP_sync.dll ##########


     JSBSim Flight Dynamics Model v1.0.0 May 27 2026 16:13:38
            [JSBSim-ML v2.0]

JSBSim startup beginning ...

total: 2
Behavior Tree Initialized Successfully
Behavior Tree Initialized Successfully
[PURE_ATA] team=2 ata=5.80254 dist=4060.98 leadDist=0 aa=10.2885
[PURE_ATA] team=2 ata=5.80977 dist=4060.5 leadDist=0 aa=10.4105
[PURE_ATA] team=2 ata=5.68967 dist=4060.04 leadDist=0 aa=10.8118
[PURE_ATA] team=2 ata=5.58536 dist=4059.6 leadDist=0 aa=11.2441
[PURE_ATA] team=2 ata=5.46766 dist=4059.59 leadDist=0 aa=11.534
[PURE_ATA] team=2 ata=5.31628 dist=4058.91 leadDist=0 aa=11.5091
[PURE_ATA] team=2 ata=5.05762 dist=4058.52 leadDist=0 aa=11.0876
[PURE_ATA] team=2 ata=4.69523 dist=4058.15 leadDist=0 aa=10.1587
[PURE_ATA] team=2 ata=4.25204 dist=4058.21 leadDist=0 aa=8.56899
[PURE_ATA] team=2 ata=3.76614 dist=4058.03 leadDist=0 aa=6.39508
[PURE_ATA] team=2 ata=3.20625 dist=4057.13 leadDist=0 aa=4.329
[PURE_ATA] team=2 ata=2.66762 dist=4056.99 leadDist=0 aa=2.75633
[PURE_ATA] team=2 ata=2.13803 dist=4056.29 leadDist=0 aa=1.60941
[PURE_ATA] team=2 ata=1.64318 dist=4055.61 leadDist=0 aa=0.51889
[PURE_ATA] team=2 ata=1.20078 dist=4054.53 leadDist=0 aa=1.15835
[PURE_ATA] team=2 ata=0.869704 dist=4053.81 leadDist=0 aa=2.94338
[PURE_ATA] team=2 ata=0.677124 dist=4052.77 leadDist=0 aa=4.53043
[PURE_ATA] team=2 ata=0.807436 dist=4051.69 leadDist=0 aa=6.13076
[PURE_ATA] team=2 ata=1.11585 dist=4050.03 leadDist=0 aa=7.96489
[PURE_ATA] team=2 ata=1.44234 dist=4048.4 leadDist=0 aa=9.46595
[PURE_ATA] team=2 ata=1.68406 dist=4046.77 leadDist=0 aa=10.4377
[PURE_ATA] team=2 ata=1.76423 dist=4044.78 leadDist=0 aa=11.0457
[PURE_ATA] team=2 ata=1.79218 dist=4043.01 leadDist=0 aa=11.4066
[PURE_ATA] team=2 ata=1.77273 dist=4040.86 leadDist=0 aa=11.652
[PURE_ATA] team=2 ata=1.71803 dist=4038.54 leadDist=0 aa=11.8175
[PURE_ATA] team=2 ata=1.58246 dist=4036.05 leadDist=0 aa=11.9336
[PURE_ATA] team=2 ata=1.39246 dist=4033.6 leadDist=0 aa=11.9487
[PURE_ATA] team=2 ata=1.1999 dist=4030.57 leadDist=0 aa=11.8065
[PURE_ATA] team=2 ata=0.983171 dist=4027.37 leadDist=0 aa=11.5265
[SelectTarget] team=1 EnemyN=1 TgtZ=6993.48
[DIST] team=1 EnemyN=1 MyZ=6961.89 TgtZ=6993.48 Dist=4019.8
[ROOT] team=1 status=2 Z=6961.89 VP=(4238.42,451.193,6441.07)
[SelectTarget] team=2 EnemyN=1 TgtZ=6960.64
[DIST] team=2 EnemyN=1 MyZ=6993.48 TgtZ=6960.64 Dist=4024.44
[PURE_ATA] team=2 ata=0.808941 dist=4024.44 leadDist=0 aa=11.1441
[ROOT] team=2 status=2 Z=6993.48 VP=(1140.24,730.23,6960.64)
[PURE_ATA] team=2 ata=0.646906 dist=4021.33 leadDist=0 aa=10.7181
[PURE_ATA] team=2 ata=0.615727 dist=4018.08 leadDist=0 aa=10.1969
[PURE_ATA] team=2 ata=0.715464 dist=4013.83 leadDist=0 aa=9.68669
[PURE_ATA] team=2 ata=0.845823 dist=4010.28 leadDist=0 aa=9.26613
[PURE_ATA] team=2 ata=0.860081 dist=4006.55 leadDist=0 aa=9.03486
[PURE_ATA] team=2 ata=0.814424 dist=4001.89 leadDist=0 aa=8.95917
[SelectTarget] team=1 EnemyN=1 TgtZ=6899.37
[DIST] team=1 EnemyN=1 MyZ=6557.59 TgtZ=6899.37 Dist=3838.62
[ROOT] team=1 status=2 Z=6557.59 VP=(3218.82,-126.666,6465.03)
[SelectTarget] team=2 EnemyN=1 TgtZ=6554.35
[DIST] team=2 EnemyN=1 MyZ=6899.37 TgtZ=6554.35 Dist=3842.43
[ROOT] team=2 status=2 Z=6899.37 VP=(3975.33,271.062,4566.75)
[SelectTarget] team=1 EnemyN=1 TgtZ=6419.18
[DIST] team=1 EnemyN=1 MyZ=5821.64 TgtZ=6419.18 Dist=3525.06
[ROOT] team=1 status=2 Z=5821.64 VP=(2705.03,-27.9055,5623.9)
[SelectTarget] team=2 EnemyN=1 TgtZ=5816.87
[DIST] team=2 EnemyN=1 MyZ=6419.18 TgtZ=5816.87 Dist=3527.31
[ROOT] team=2 status=2 Z=6419.18 VP=(3977.61,-83.8418,4170.48)
[SelectTarget] team=1 EnemyN=1 TgtZ=5557.22
[DIST] team=1 EnemyN=1 MyZ=4903.71 TgtZ=5557.22 Dist=3133.93
[ROOT] team=1 status=2 Z=4903.71 VP=(3087.47,726.509,4408.95)
[SelectTarget] team=2 EnemyN=1 TgtZ=4898.58
[DIST] team=2 EnemyN=1 MyZ=5557.22 TgtZ=4898.58 Dist=3133.72
[ROOT] team=2 status=2 Z=5557.22 VP=(3556.79,-1003.5,3959.02)
[SelectTarget] team=1 EnemyN=1 TgtZ=4590.98
[DIST] team=1 EnemyN=1 MyZ=4063.36 TgtZ=4590.98 Dist=2794.01
[ROOT] team=1 status=2 Z=4063.36 VP=(2432.25,-466.977,3732.67)
[SelectTarget] team=2 EnemyN=1 TgtZ=4059.32
[DIST] team=2 EnemyN=1 MyZ=4590.98 TgtZ=4059.32 Dist=2791.15
[ROOT] team=2 status=2 Z=4590.98 VP=(1657.84,-1480.2,3734.66)
[SYNC] dist=2722.77 dV=-7.66516 thr=0.826652
[SelectTarget] team=1 EnemyN=1 TgtZ=3819.52
[DIST] team=1 EnemyN=1 MyZ=3469.51 TgtZ=3819.52 Dist=2293.23
[ROOT] team=1 status=2 Z=3469.51 VP=(2446.9,-412.347,3911.16)
[SelectTarget] team=2 EnemyN=1 TgtZ=3467.14
[DIST] team=2 EnemyN=1 MyZ=3819.52 TgtZ=3467.14 Dist=2288.97
[ROOT] team=2 status=2 Z=3819.52 VP=(790,-1014.2,2351.47)
[SelectTarget] team=1 EnemyN=1 TgtZ=3101.21
[DIST] team=1 EnemyN=1 MyZ=3302.77 TgtZ=3101.21 Dist=1719.36
[ROOT] team=1 status=2 Z=3302.77 VP=(1717.32,-822.774,3186.65)
[SelectTarget] team=2 EnemyN=1 TgtZ=3302.63
[DIST] team=2 EnemyN=1 MyZ=3101.21 TgtZ=3302.63 Dist=1713.33
[ROOT] team=2 status=2 Z=3101.21 VP=(778.568,479.35,2099.94)
[SelectTarget] team=1 EnemyN=1 TgtZ=2474.65
[DIST] team=1 EnemyN=1 MyZ=3148.14 TgtZ=2474.65 Dist=1626.5
[ROOT] team=1 status=2 Z=3148.14 VP=(834.242,-907.92,2563.57)
[SelectTarget] team=2 EnemyN=1 TgtZ=3146.45
[DIST] team=2 EnemyN=1 MyZ=2474.65 TgtZ=3146.45 Dist=1621.61
[ROOT] team=2 status=2 Z=2474.65 VP=(210.002,1025.42,3118.16)
[SelectTarget] team=1 EnemyN=1 TgtZ=2241.9
[DIST] team=1 EnemyN=1 MyZ=2725.17 TgtZ=2241.9 Dist=1752.31
[ROOT] team=1 status=2 Z=2725.17 VP=(-112.89,-497.656,2260.07)
[SelectTarget] team=2 EnemyN=1 TgtZ=2722.43
[DIST] team=2 EnemyN=1 MyZ=2241.9 TgtZ=2722.43 Dist=1748.03
[ROOT] team=2 status=2 Z=2241.9 VP=(444.562,1141.18,3704.69)
[SYNC] dist=1825.27 dV=-2.2121 thr=0.772121
[SelectTarget] team=1 EnemyN=1 TgtZ=2387.03
[DIST] team=1 EnemyN=1 MyZ=2279.83 TgtZ=2387.03 Dist=1875.81
[ROOT] team=1 status=2 Z=2279.83 VP=(-672.811,364.937,2359.01)
[SelectTarget] team=2 EnemyN=1 TgtZ=2278.15
[DIST] team=2 EnemyN=1 MyZ=2387.03 TgtZ=2278.15 Dist=1871.66
[ROOT] team=2 status=2 Z=2387.03 VP=(910.944,1499.89,2820.72)
[SelectTarget] team=1 EnemyN=1 TgtZ=2644.17
[DIST] team=1 EnemyN=1 MyZ=2082.68 TgtZ=2644.17 Dist=2007.07
[ROOT] team=1 status=2 Z=2082.68 VP=(-623.193,1269.47,2603.65)
[SelectTarget] team=2 EnemyN=1 TgtZ=2082.17
[DIST] team=2 EnemyN=1 MyZ=2644.17 TgtZ=2082.17 Dist=2002.97
[ROOT] team=2 status=2 Z=2644.17 VP=(1344.46,920.873,2481.28)
[SelectTarget] team=1 EnemyN=1 TgtZ=2714.93
[DIST] team=1 EnemyN=1 MyZ=2092.44 TgtZ=2714.93 Dist=2023.42
[ROOT] team=1 status=2 Z=2092.44 VP=(-28.5199,1976.27,2709.57)
[SelectTarget] team=2 EnemyN=1 TgtZ=2092.99
[DIST] team=2 EnemyN=1 MyZ=2714.93 TgtZ=2092.99 Dist=2018.93
[ROOT] team=2 status=2 Z=2714.93 VP=(1425.85,762.169,2000)
[SelectTarget] team=1 EnemyN=1 TgtZ=2459.58
[DIST] team=1 EnemyN=1 MyZ=2224.96 TgtZ=2459.58 Dist=1868.57
[ROOT] team=1 status=2 Z=2224.96 VP=(830.881,2198.54,2501.25)
[SelectTarget] team=2 EnemyN=1 TgtZ=2225.66
[DIST] team=2 EnemyN=1 MyZ=2459.58 TgtZ=2225.66 Dist=1864.29
[ROOT] team=2 status=2 Z=2459.58 VP=(895.287,502.496,2000)
[SelectTarget] team=1 EnemyN=1 TgtZ=2141.51
[DIST] team=1 EnemyN=1 MyZ=2286.59 TgtZ=2141.51 Dist=1768.2
[ROOT] team=1 status=2 Z=2286.59 VP=(1693.11,1952.82,2180.96)
[SelectTarget] team=2 EnemyN=1 TgtZ=2286.42
[DIST] team=2 EnemyN=1 MyZ=2141.51 TgtZ=2286.42 Dist=1763.42
[ROOT] team=2 status=2 Z=2141.51 VP=(1374.31,-0.325288,2000)
[SYNC] dist=1754.21 dV=18.9314 thr=0.560686
[SelectTarget] team=1 EnemyN=1 TgtZ=1983.6
[DIST] team=1 EnemyN=1 MyZ=2181.7 TgtZ=1983.6 Dist=1676.4
[ROOT] team=1 status=2 Z=2181.7 VP=(2446.1,1350.15,1996.35)
[SelectTarget] team=2 EnemyN=1 TgtZ=2180.97
[DIST] team=2 EnemyN=1 MyZ=1983.6 TgtZ=2180.97 Dist=1671.13
[ROOT] team=2 status=2 Z=1983.6 VP=(1244.02,-253.036,2390.73)
[SelectTarget] team=1 EnemyN=1 TgtZ=1918.53
[DIST] team=1 EnemyN=1 MyZ=2033.3 TgtZ=1918.53 Dist=1446.86
[ROOT] team=1 status=2 Z=2033.3 VP=(2749.27,468.471,1921.09)
[SelectTarget] team=2 EnemyN=1 TgtZ=2032.52
[DIST] team=2 EnemyN=1 MyZ=1918.53 TgtZ=2032.52 Dist=1441.02
[ROOT] team=2 status=2 Z=1918.53 VP=(789.76,36.297,2207.78)
[SelectTarget] team=1 EnemyN=1 TgtZ=1848.92
[DIST] team=1 EnemyN=1 MyZ=1903.67 TgtZ=1848.92 Dist=1160.88
[ROOT] team=1 status=2 Z=1903.67 VP=(2438.16,-379.547,1860.92)
[SelectTarget] team=2 EnemyN=1 TgtZ=1903.19
[DIST] team=2 EnemyN=1 MyZ=1848.92 TgtZ=1903.19 Dist=1155.54
[ROOT] team=2 status=2 Z=1848.92 VP=(487.913,133.05,2084.23)
[SelectTarget] team=1 EnemyN=1 TgtZ=1861.53
[DIST] team=1 EnemyN=1 MyZ=1850.62 TgtZ=1861.53 Dist=1144.85
[ROOT] team=1 status=2 Z=1850.62 VP=(1682.44,-1006.11,1855.18)
[SelectTarget] team=2 EnemyN=1 TgtZ=1850.58
[DIST] team=2 EnemyN=1 MyZ=1861.53 TgtZ=1850.58 Dist=1140.98
[ROOT] team=2 status=2 Z=1861.53 VP=(-159.434,-56.6897,2000)
[SYNC] dist=1396.48 dV=-11.472 thr=0.86472
[SelectTarget] team=1 EnemyN=1 TgtZ=1824.39
[DIST] team=1 EnemyN=1 MyZ=1830.26 TgtZ=1824.39 Dist=1481.85
[ROOT] team=1 status=2 Z=1830.26 VP=(794.367,-984.961,1832.09)
[SelectTarget] team=2 EnemyN=1 TgtZ=1830.27
[DIST] team=2 EnemyN=1 MyZ=1824.39 TgtZ=1830.27 Dist=1478.98
[ROOT] team=2 status=2 Z=1824.39 VP=(686.664,1036.85,2000)
[SelectTarget] team=1 EnemyN=1 TgtZ=1846.13
[DIST] team=1 EnemyN=1 MyZ=1816.94 TgtZ=1846.13 Dist=1979.14
[ROOT] team=1 status=2 Z=1816.94 VP=(-22.9595,-456.689,1839.37)
[SelectTarget] team=2 EnemyN=1 TgtZ=1816.95
[DIST] team=2 EnemyN=1 MyZ=1846.13 TgtZ=1816.95 Dist=1976.64
[ROOT] team=2 status=2 Z=1846.13 VP=(628.302,1473.43,2000)
[SelectTarget] team=1 EnemyN=1 TgtZ=1816.56
[DIST] team=1 EnemyN=1 MyZ=1809.82 TgtZ=1816.56 Dist=2434.66
[ROOT] team=1 status=2 Z=1809.82 VP=(-259.746,389.269,1823.23)
[SelectTarget] team=2 EnemyN=1 TgtZ=1809.74
[DIST] team=2 EnemyN=1 MyZ=1816.56 TgtZ=1809.74 Dist=2432.15
[ROOT] team=2 status=2 Z=1816.56 VP=(1637.68,1085.06,2000)
[SelectTarget] team=1 EnemyN=1 TgtZ=1856.28
[DIST] team=1 EnemyN=1 MyZ=1803.74 TgtZ=1856.28 Dist=2782.46
[ROOT] team=1 status=2 Z=1803.74 VP=(840.203,2024.45,1500)
[SelectTarget] team=2 EnemyN=1 TgtZ=1803.79
[DIST] team=2 EnemyN=1 MyZ=1856.28 TgtZ=1803.79 Dist=2779.34
[ROOT] team=2 status=2 Z=1856.28 VP=(2011.62,1853.63,2000)
[SelectTarget] team=1 EnemyN=1 TgtZ=1859.02
[DIST] team=1 EnemyN=1 MyZ=1805.48 TgtZ=1859.02 Dist=2933.64
[ROOT] team=1 status=2 Z=1805.48 VP=(1840.33,1731.18,1500)
[SelectTarget] team=2 EnemyN=1 TgtZ=1805.6
[DIST] team=2 EnemyN=1 MyZ=1859.02 TgtZ=1805.6 Dist=2930.33
[ROOT] team=2 status=2 Z=1859.02 VP=(2532.94,849.075,2000)
[SYNC] dist=2933.28 dV=-22.6353 thr=0.976353
[SelectTarget] team=1 EnemyN=1 TgtZ=1841.55
[DIST] team=1 EnemyN=1 MyZ=1808.1 TgtZ=1841.55 Dist=2906.74
[ROOT] team=1 status=2 Z=1808.1 VP=(2397.52,851.821,1500)
[SelectTarget] team=2 EnemyN=1 TgtZ=1808.27
[DIST] team=2 EnemyN=1 MyZ=1841.55 TgtZ=1808.27 Dist=2903.31
[ROOT] team=2 status=2 Z=1841.55 VP=(1181.38,-220.57,2000)
[SelectTarget] team=1 EnemyN=1 TgtZ=1837.36
[DIST] team=1 EnemyN=1 MyZ=1810.21 TgtZ=1837.36 Dist=2753.84
[ROOT] team=1 status=2 Z=1810.21 VP=(2259.27,-176.271,1500)
[SelectTarget] team=2 EnemyN=1 TgtZ=1810.25
[DIST] team=2 EnemyN=1 MyZ=1837.36 TgtZ=1810.25 Dist=2750.67
[ROOT] team=2 status=2 Z=1837.36 VP=(411.774,-33.7845,2000)
[SelectTarget] team=1 EnemyN=1 TgtZ=1852.26
[DIST] team=1 EnemyN=1 MyZ=1812.66 TgtZ=1852.26 Dist=2577.86
[ROOT] team=1 status=2 Z=1812.66 VP=(1460.98,-855.245,1500)
[SelectTarget] team=2 EnemyN=1 TgtZ=1812.69
[DIST] team=2 EnemyN=1 MyZ=1852.26 TgtZ=1812.69 Dist=2575.49
[ROOT] team=2 status=2 Z=1852.26 VP=(198.68,491.612,2253.62)
[SelectTarget] team=1 EnemyN=1 TgtZ=1873.08
[DIST] team=1 EnemyN=1 MyZ=1819.63 TgtZ=1873.08 Dist=2508.08
[ROOT] team=1 status=2 Z=1819.63 VP=(385.234,-754.669,1500)
[SelectTarget] team=2 EnemyN=1 TgtZ=1819.63
[DIST] team=2 EnemyN=1 MyZ=1873.08 TgtZ=1819.63 Dist=2505.71
[ROOT] team=2 status=2 Z=1873.08 VP=(379.683,1024.97,2397.15)
[SYNC] dist=2506.02 dV=-33.7987 thr=1
[SelectTarget] team=1 EnemyN=1 TgtZ=1895.48
[DIST] team=1 EnemyN=1 MyZ=1798.87 TgtZ=1895.48 Dist=2577.32
[ROOT] team=1 status=2 Z=1798.87 VP=(3154.87,138.325,6592.01)
[SelectTarget] team=2 EnemyN=1 TgtZ=1798.74
[DIST] team=2 EnemyN=1 MyZ=1895.48 TgtZ=1798.74 Dist=2576.32
[ROOT] team=2 status=2 Z=1895.48 VP=(234.1,1452.56,2000)
[SelectTarget] team=1 EnemyN=1 TgtZ=1908.72
[DIST] team=1 EnemyN=1 MyZ=1910.75 TgtZ=1908.72 Dist=2891.97
[ROOT] team=1 status=2 Z=1910.75 VP=(-193.357,1117,1500)
[SelectTarget] team=2 EnemyN=1 TgtZ=1911.28
[DIST] team=2 EnemyN=1 MyZ=1908.72 TgtZ=1911.28 Dist=2892.44
[ROOT] team=2 status=2 Z=1908.72 VP=(1389.77,1214.33,2643.98)
[SelectTarget] team=1 EnemyN=1 TgtZ=1986.65
[DIST] team=1 EnemyN=1 MyZ=1902.48 TgtZ=1986.65 Dist=3127.42
[ROOT] team=1 status=2 Z=1902.48 VP=(1838.81,-1893.61,6684.3)
[SelectTarget] team=2 EnemyN=1 TgtZ=1901.92
[DIST] team=2 EnemyN=1 MyZ=1986.65 TgtZ=1901.92 Dist=3128.15
[ROOT] team=2 status=2 Z=1986.65 VP=(1649.09,1200.87,2850.71)
[SelectTarget] team=1 EnemyN=1 TgtZ=2098.41
[DIST] team=1 EnemyN=1 MyZ=1855.93 TgtZ=2098.41 Dist=3333.64
[ROOT] team=1 status=2 Z=1855.93 VP=(624.914,-2107.28,6641.06)
[SelectTarget] team=2 EnemyN=1 TgtZ=1855.53
[DIST] team=2 EnemyN=1 MyZ=2098.41 TgtZ=1855.53 Dist=3335.27
[ROOT] team=2 status=2 Z=2098.41 VP=(1923.39,326.683,2299.65)
[SYNC] dist=3338.84 dV=-44.7049 thr=1
[SelectTarget] team=1 EnemyN=1 TgtZ=2073.54
[DIST] team=1 EnemyN=1 MyZ=1831.05 TgtZ=2073.54 Dist=3389.91
[ROOT] team=1 status=2 Z=1831.05 VP=(2148.13,1339.91,1500)
[SelectTarget] team=2 EnemyN=1 TgtZ=1830.78
[DIST] team=2 EnemyN=1 MyZ=2073.54 TgtZ=1830.78 Dist=3390.78
[ROOT] team=2 status=2 Z=2073.54 VP=(1615.93,-296.997,2000)
[SelectTarget] team=1 EnemyN=1 TgtZ=1949.57
[DIST] team=1 EnemyN=1 MyZ=1812.61 TgtZ=1949.57 Dist=3315.48
[ROOT] team=1 status=2 Z=1812.61 VP=(2462.7,262.242,1500)
[SelectTarget] team=2 EnemyN=1 TgtZ=1812.66
[DIST] team=2 EnemyN=1 MyZ=1949.57 TgtZ=1812.66 Dist=3317.04
[ROOT] team=2 status=2 Z=1949.57 VP=(840.556,-444.771,2000)
[SelectTarget] team=1 EnemyN=1 TgtZ=1877.73
[DIST] team=1 EnemyN=1 MyZ=1814.3 TgtZ=1877.73 Dist=3229.58
[ROOT] team=1 status=2 Z=1814.3 VP=(2046.6,-713.851,1597.88)
[SelectTarget] team=2 EnemyN=1 TgtZ=1814.25
[DIST] team=2 EnemyN=1 MyZ=1877.73 TgtZ=1814.25 Dist=3230.58
[ROOT] team=2 status=2 Z=1877.73 VP=(474.013,-468.346,2000)
[SelectTarget] team=1 EnemyN=1 TgtZ=1865.54
[DIST] team=1 EnemyN=1 MyZ=1807.01 TgtZ=1865.54 Dist=3149.59
[ROOT] team=1 status=2 Z=1807.01 VP=(1400.14,-1338.92,1500)
[SelectTarget] team=2 EnemyN=1 TgtZ=1807.23
[DIST] team=2 EnemyN=1 MyZ=1865.54 TgtZ=1807.23 Dist=3150.56
[ROOT] team=2 status=2 Z=1865.54 VP=(208.005,71.1276,2000)
[SYNC] dist=3075.35 dV=-23.87 thr=0.9887
[SelectTarget] team=1 EnemyN=1 TgtZ=1839.87
[DIST] team=1 EnemyN=1 MyZ=1813.96 TgtZ=1839.87 Dist=3080.31
[ROOT] team=1 status=2 Z=1813.96 VP=(275.928,-1398.42,1500)
[SelectTarget] team=2 EnemyN=1 TgtZ=1814.13
[DIST] team=2 EnemyN=1 MyZ=1839.87 TgtZ=1814.13 Dist=3081.43
[ROOT] team=2 status=2 Z=1839.87 VP=(48.0266,361.816,2000)
[SelectTarget] team=1 EnemyN=1 TgtZ=1865.61
[DIST] team=1 EnemyN=1 MyZ=1817.37 TgtZ=1865.61 Dist=3055.85
[ROOT] team=1 status=2 Z=1817.37 VP=(-534.161,-754.125,1500)
[SelectTarget] team=2 EnemyN=1 TgtZ=1817.59
[DIST] team=2 EnemyN=1 MyZ=1865.61 TgtZ=1817.59 Dist=3058.6
[ROOT] team=2 status=2 Z=1865.61 VP=(509.901,804.437,2000)
[SelectTarget] team=1 EnemyN=1 TgtZ=1828
[DIST] team=1 EnemyN=1 MyZ=1815.9 TgtZ=1828 Dist=2990.14
[ROOT] team=1 status=2 Z=1815.9 VP=(-701.791,423.439,1500)
[SelectTarget] team=2 EnemyN=1 TgtZ=1815.85
[DIST] team=2 EnemyN=1 MyZ=1828 TgtZ=1815.85 Dist=2992.33
[ROOT] team=2 status=2 Z=1828 VP=(818.577,1038.1,2000)
[SelectTarget] team=1 EnemyN=1 TgtZ=1852.81
[DIST] team=1 EnemyN=1 MyZ=1812.84 TgtZ=1852.81 Dist=2999.37
[ROOT] team=1 status=2 Z=1812.84 VP=(-453.731,1328.87,1500)
[SelectTarget] team=2 EnemyN=1 TgtZ=1812.77
[DIST] team=2 EnemyN=1 MyZ=1852.81 TgtZ=1812.77 Dist=3001.41
[ROOT] team=2 status=2 Z=1852.81 VP=(1338.12,717.311,2000)
[SelectTarget] team=1 EnemyN=1 TgtZ=1822.04
[DIST] team=1 EnemyN=1 MyZ=1811.93 TgtZ=1822.04 Dist=3009.04
[ROOT] team=1 status=2 Z=1811.93 VP=(2642.97,-1140.71,6599.97)
[SelectTarget] team=2 EnemyN=1 TgtZ=1811.75
[DIST] team=2 EnemyN=1 MyZ=1822.04 TgtZ=1811.75 Dist=3011.55
[ROOT] team=2 status=2 Z=1822.04 VP=(1615.8,526.237,2066.23)
[SYNC] dist=3016.46 dV=-20.4232 thr=0.954232
[SelectTarget] team=1 EnemyN=1 TgtZ=1856.34
[DIST] team=1 EnemyN=1 MyZ=1807.85 TgtZ=1856.34 Dist=3081.62
[ROOT] team=1 status=2 Z=1807.85 VP=(1558.8,1867.8,1500)
[SelectTarget] team=2 EnemyN=1 TgtZ=1807.66
[DIST] team=2 EnemyN=1 MyZ=1856.34 TgtZ=1807.66 Dist=3084.39
[ROOT] team=2 status=2 Z=1856.34 VP=(1702.99,98.9923,2000)
[SelectTarget] team=1 EnemyN=1 TgtZ=1823.68
[DIST] team=1 EnemyN=1 MyZ=1802.4 TgtZ=1823.68 Dist=3072.02
[ROOT] team=1 status=2 Z=1802.4 VP=(2338.41,958.885,1500)
[SelectTarget] team=2 EnemyN=1 TgtZ=1802.24
[DIST] team=2 EnemyN=1 MyZ=1823.68 TgtZ=1802.24 Dist=3074.39
[ROOT] team=2 status=2 Z=1823.68 VP=(1408.7,-370.38,2000)
[SelectTarget] team=1 EnemyN=1 TgtZ=1856
[DIST] team=1 EnemyN=1 MyZ=1914.95 TgtZ=1856 Dist=3122.82
[ROOT] team=1 status=2 Z=1914.95 VP=(2481.19,-19.54,1500)
[SelectTarget] team=2 EnemyN=1 TgtZ=1916.31
[DIST] team=2 EnemyN=1 MyZ=1856 TgtZ=1916.31 Dist=3125.49
[ROOT] team=2 status=2 Z=1856 VP=(1013.26,-399.69,2673.31)
[SelectTarget] team=1 EnemyN=1 TgtZ=1952.99
[DIST] team=1 EnemyN=1 MyZ=2108.94 TgtZ=1952.99 Dist=2967.82
[ROOT] team=1 status=2 Z=2108.94 VP=(1939.39,-933.815,1599.41)
[SelectTarget] team=2 EnemyN=1 TgtZ=2109.49
[DIST] team=2 EnemyN=1 MyZ=1952.99 TgtZ=2109.49 Dist=2969.84
[ROOT] team=2 status=2 Z=1952.99 VP=(464.533,20.7532,2669.69)
[SYNC] dist=2886.4 dV=-16.102 thr=0.91102
[SelectTarget] team=1 EnemyN=1 TgtZ=2118.96
[DIST] team=1 EnemyN=1 MyZ=2065.73 TgtZ=2118.96 Dist=2588.71
[ROOT] team=1 status=2 Z=2065.73 VP=(-1027.97,824.47,6839.91)
[SelectTarget] team=2 EnemyN=1 TgtZ=2064.7
[DIST] team=2 EnemyN=1 MyZ=2118.96 TgtZ=2064.7 Dist=2590.63
[ROOT] team=2 status=2 Z=2118.96 VP=(225.203,337.077,2000)
[SelectTarget] team=1 EnemyN=1 TgtZ=2107.32
[DIST] team=1 EnemyN=1 MyZ=1929.8 TgtZ=2107.32 Dist=2262.48
[ROOT] team=1 status=2 Z=1929.8 VP=(-650.387,1841.1,6710.28)
[SelectTarget] team=2 EnemyN=1 TgtZ=1929.23
[DIST] team=2 EnemyN=1 MyZ=2107.32 TgtZ=1929.23 Dist=2265.4
[ROOT] team=2 status=2 Z=2107.32 VP=(-769.821,-91.7472,2000)
[SelectTarget] team=1 EnemyN=1 TgtZ=1976.71
[DIST] team=1 EnemyN=1 MyZ=1867.15 TgtZ=1976.71 Dist=2057.87
[ROOT] team=1 status=2 Z=1867.15 VP=(-272.561,258.436,1584.16)
[SelectTarget] team=2 EnemyN=1 TgtZ=1867.1
[DIST] team=2 EnemyN=1 MyZ=1976.71 TgtZ=1867.1 Dist=2062.11
[ROOT] team=2 status=2 Z=1976.71 VP=(898.798,1198.52,2486.13)
[SelectTarget] team=1 EnemyN=1 TgtZ=1897.09
[DIST] team=1 EnemyN=1 MyZ=1837.33 TgtZ=1897.09 Dist=1925.93
[ROOT] team=1 status=2 Z=1837.33 VP=(-117.738,1274.76,1549.86)
[SelectTarget] team=2 EnemyN=1 TgtZ=1837.12
[DIST] team=2 EnemyN=1 MyZ=1897.09 TgtZ=1837.12 Dist=1930.95
[ROOT] team=2 status=2 Z=1897.09 VP=(1576.82,1098.49,2000)
[SYNC] dist=1901.25 dV=-35.1877 thr=1
[SelectTarget] team=1 EnemyN=1 TgtZ=1901.11
[DIST] team=1 EnemyN=1 MyZ=1819.12 TgtZ=1901.11 Dist=1824.05
[ROOT] team=1 status=2 Z=1819.12 VP=(626.222,2006.41,1514.63)
[SelectTarget] team=2 EnemyN=1 TgtZ=1818.97
[DIST] team=2 EnemyN=1 MyZ=1901.11 TgtZ=1818.97 Dist=1828.85
[ROOT] team=2 status=2 Z=1901.11 VP=(1880.56,662.654,2232.66)
[CLAMP_DIAG] team=1 rawDist=776.298 offBoresightDeg=114.297 clamped=1
[SelectTarget] team=1 EnemyN=1 TgtZ=1958.54
[DIST] team=1 EnemyN=1 MyZ=1819.06 TgtZ=1958.54 Dist=1674.07
[ROOT] team=1 status=2 Z=1819.06 VP=(1717.77,2045.12,1622.04)
[SelectTarget] team=2 EnemyN=1 TgtZ=1819.08
[DIST] team=2 EnemyN=1 MyZ=1958.54 TgtZ=1819.08 Dist=1678.23
[ROOT] team=2 status=2 Z=1958.54 VP=(2390.62,794.399,2344.34)
[SelectTarget] team=1 EnemyN=1 TgtZ=2003.28
[DIST] team=1 EnemyN=1 MyZ=1816.89 TgtZ=2003.28 Dist=1452.19
[ROOT] team=1 status=2 Z=1816.89 VP=(2500.8,1205.7,1753.23)
[SelectTarget] team=2 EnemyN=1 TgtZ=1817.01
[DIST] team=2 EnemyN=1 MyZ=2003.28 TgtZ=1817.01 Dist=1455.08
[ROOT] team=2 status=2 Z=2003.28 VP=(1374.2,-172.493,2266.92)
[SelectTarget] team=1 EnemyN=1 TgtZ=2013.69
[DIST] team=1 EnemyN=1 MyZ=1820.09 TgtZ=2013.69 Dist=1178.93
[ROOT] team=1 status=2 Z=1820.09 VP=(2605.49,154.385,1764.64)
[SelectTarget] team=2 EnemyN=1 TgtZ=1820.17
[DIST] team=2 EnemyN=1 MyZ=2013.69 TgtZ=1820.17 Dist=1179.74
[ROOT] team=2 status=2 Z=2013.69 VP=(783.341,-170.492,2000)
[SYNC] dist=1103.54 dV=-21.8637 thr=0.968637
[SelectTarget] team=1 EnemyN=1 TgtZ=1961.53
[DIST] team=1 EnemyN=1 MyZ=1796.07 TgtZ=1961.53 Dist=881.528
[ROOT] team=1 status=2 Z=1796.07 VP=(2408.94,-1034.79,6586.19)
[SelectTarget] team=2 EnemyN=1 TgtZ=1795.9
[DIST] team=2 EnemyN=1 MyZ=1961.53 TgtZ=1795.9 Dist=878.755
[ROOT] team=2 status=2 Z=1961.53 VP=(393.242,265.231,2000)
[CLAMP_DIAG] team=1 rawDist=708.913 offBoresightDeg=46.6239 clamped=0
[SelectTarget] team=1 EnemyN=1 TgtZ=1959.5
[DIST] team=1 EnemyN=1 MyZ=1930.44 TgtZ=1959.5 Dist=681.573
[ROOT] team=1 status=2 Z=1930.44 VP=(1976.6,-576.625,1942.62)
[SelectTarget] team=2 EnemyN=1 TgtZ=1931.32
[DIST] team=2 EnemyN=1 MyZ=1959.5 TgtZ=1931.32 Dist=676.557
[ROOT] team=2 status=2 Z=1959.5 VP=(102.797,148.92,2000)
[CLAMP_DIAG] team=1 rawDist=513.606 offBoresightDeg=5.91532 clamped=0
[SelectTarget] team=1 EnemyN=1 TgtZ=2062.92
[DIST] team=1 EnemyN=1 MyZ=1980.43 TgtZ=2062.92 Dist=615.03
[ROOT] team=1 status=2 Z=1980.43 VP=(1259.16,-1071.77,2029.28)
[SelectTarget] team=2 EnemyN=1 TgtZ=1980.41
[DIST] team=2 EnemyN=1 MyZ=2062.92 TgtZ=1980.41 Dist=609.495
[ROOT] team=2 status=2 Z=2062.92 VP=(-486.02,-2203.45,2000)
[CLAMP_DIAG] team=1 rawDist=447.051 offBoresightDeg=1.4338 clamped=0
[SelectTarget] team=1 EnemyN=1 TgtZ=2003.15
[DIST] team=1 EnemyN=1 MyZ=2008.35 TgtZ=2003.15 Dist=537.231
[ROOT] team=1 status=2 Z=2008.35 VP=(436.27,-1599.63,2003.24)
[SelectTarget] team=2 EnemyN=1 TgtZ=2008.14
[DIST] team=2 EnemyN=1 MyZ=2003.15 TgtZ=2008.14 Dist=532.354
[ROOT] team=2 status=2 Z=2003.15 VP=(1717.6,-3057.16,2000)
[CLAMP_DIAG] team=1 rawDist=432.804 offBoresightDeg=13.0114 clamped=0
[SYNC] dist=479.306 dV=-17.028 thr=0.92028
[SelectTarget] team=1 EnemyN=1 TgtZ=1907.4
[DIST] team=1 EnemyN=1 MyZ=1923.51 TgtZ=1907.4 Dist=481.166
[ROOT] team=1 status=2 Z=1923.51 VP=(234.601,-2545.21,1909.35)
[SelectTarget] team=2 EnemyN=1 TgtZ=1923.07
[DIST] team=2 EnemyN=1 MyZ=1907.4 TgtZ=1923.07 Dist=475.878
[ROOT] team=2 status=2 Z=1907.4 VP=(2195.34,-2866.77,2101.32)
[SelectTarget] team=1 EnemyN=1 TgtZ=1876.9
[DIST] team=1 EnemyN=1 MyZ=1865.4 TgtZ=1876.9 Dist=569.921
[ROOT] team=1 status=2 Z=1865.4 VP=(616.072,-3316.73,1875.99)
[SelectTarget] team=2 EnemyN=1 TgtZ=1865.38
[DIST] team=2 EnemyN=1 MyZ=1876.9 TgtZ=1865.38 Dist=565.759
[ROOT] team=2 status=2 Z=1876.9 VP=(2318.13,-2241.47,2025.74)
[CLAMP_DIAG] team=1 rawDist=464.769 offBoresightDeg=42.863 clamped=0
[SelectTarget] team=1 EnemyN=1 TgtZ=1840.63
[DIST] team=1 EnemyN=1 MyZ=1838.38 TgtZ=1840.63 Dist=840.959
[ROOT] team=1 status=2 Z=1838.38 VP=(1468.35,-3623.3,1843.78)
[SelectTarget] team=2 EnemyN=1 TgtZ=1838.39
[DIST] team=2 EnemyN=1 MyZ=1840.63 TgtZ=1838.39 Dist=837.303
[ROOT] team=2 status=2 Z=1840.63 VP=(2023.35,-1695.78,2022.39)
[CLAMP_DIAG] team=1 rawDist=795.909 offBoresightDeg=48.3687 clamped=0
[SelectTarget] team=1 EnemyN=1 TgtZ=1830.89
[DIST] team=1 EnemyN=1 MyZ=1825.72 TgtZ=1830.89 Dist=1137.71
[ROOT] team=1 status=2 Z=1825.72 VP=(2300.85,-3311.36,1830.61)
[SelectTarget] team=2 EnemyN=1 TgtZ=1825.79
[DIST] team=2 EnemyN=1 MyZ=1830.89 TgtZ=1825.79 Dist=1134.59
[ROOT] team=2 status=2 Z=1830.89 VP=(3185.96,-2027.25,6617.16)
[SelectTarget] team=1 EnemyN=1 TgtZ=1834.35
[DIST] team=1 EnemyN=1 MyZ=1817.94 TgtZ=1834.35 Dist=1371.71
[ROOT] team=1 status=2 Z=1817.94 VP=(2697.59,-2512.78,1825.22)
[SelectTarget] team=2 EnemyN=1 TgtZ=1817.94
[DIST] team=2 EnemyN=1 MyZ=1834.35 TgtZ=1817.94 Dist=1367.24
[ROOT] team=2 status=2 Z=1834.35 VP=(762.15,-1962.66,2000)
[SYNC] dist=1378.16 dV=-9.82581 thr=0.848258
[SelectTarget] team=1 EnemyN=1 TgtZ=1817.36
[DIST] team=1 EnemyN=1 MyZ=1809.83 TgtZ=1817.36 Dist=1483.65
[ROOT] team=1 status=2 Z=1809.83 VP=(2415.47,-1685.68,1816.55)
[SelectTarget] team=2 EnemyN=1 TgtZ=1809.74
[DIST] team=2 EnemyN=1 MyZ=1817.36 TgtZ=1809.74 Dist=1480.16
[ROOT] team=2 status=2 Z=1817.36 VP=(608.887,-2556.74,2000.35)
[SelectTarget] team=1 EnemyN=1 TgtZ=1818.79
[DIST] team=1 EnemyN=1 MyZ=1803.29 TgtZ=1818.79 Dist=1477.44
[ROOT] team=1 status=2 Z=1803.29 VP=(1953.52,-874.841,6591.05)
[SelectTarget] team=2 EnemyN=1 TgtZ=1803.09
[DIST] team=2 EnemyN=1 MyZ=1818.79 TgtZ=1803.09 Dist=1473.22
[ROOT] team=2 status=2 Z=1818.79 VP=(1132.98,-3234.92,2000)
[SelectTarget] team=1 EnemyN=1 TgtZ=1823.15
[DIST] team=1 EnemyN=1 MyZ=1864.27 TgtZ=1823.15 Dist=1470.86
[ROOT] team=1 status=2 Z=1864.27 VP=(848.907,-1567.01,1812.17)
[SelectTarget] team=2 EnemyN=1 TgtZ=1864.53
[DIST] team=2 EnemyN=1 MyZ=1823.15 TgtZ=1864.53 Dist=1467.26
[ROOT] team=2 status=2 Z=1823.15 VP=(1719.83,-3374.17,2125.64)
[SelectTarget] team=1 EnemyN=1 TgtZ=1828.31
[DIST] team=1 EnemyN=1 MyZ=1840.93 TgtZ=1828.31 Dist=1483.71
[ROOT] team=1 status=2 Z=1840.93 VP=(517.416,-2335.83,1820.71)
[SelectTarget] team=2 EnemyN=1 TgtZ=1840.73
[DIST] team=2 EnemyN=1 MyZ=1828.31 TgtZ=1840.73 Dist=1481.22
[ROOT] team=2 status=2 Z=1828.31 VP=(2507.86,-2611.26,2000)
[SYNC] dist=1488.09 dV=-17.491 thr=0.92491
[SelectTarget] team=1 EnemyN=1 TgtZ=1816.35
[DIST] team=1 EnemyN=1 MyZ=1811.07 TgtZ=1816.35 Dist=1540.5
[ROOT] team=1 status=2 Z=1811.07 VP=(-194.951,-2903.95,6598.27)
[SelectTarget] team=2 EnemyN=1 TgtZ=1810.84
[DIST] team=2 EnemyN=1 MyZ=1816.35 TgtZ=1810.84 Dist=1537.51
[ROOT] team=2 status=2 Z=1816.35 VP=(2377.46,-1753.88,2206.65)
init ID:1 Lat37.92355643001773 Lon128.18188127777776 Alt(meter)7000.0785355893395 Speed(m/sec)300.0
init ID:1 Lat37.96855377446113 Lon128.18188127777776 Alt(meter)7002.8272734023885 Speed(m/sec)300.0
runner:local/env:0	num_steps=[11999] | total rewards=[79.0340] | termination= [max time out]
[seed 0] reward=    79.03 ownHP=1.0000 tgtHP=0.9769 max time out
total: 2
[PURE_ATA] team=2 ata=20.954 dist=5140.93 leadDist=0 aa=81.0236
[PURE_ATA] team=2 ata=20.6371 dist=5117.59 leadDist=0 aa=80.9304
[PURE_ATA] team=2 ata=20.1445 dist=5094.24 leadDist=0 aa=80.8256
[PURE_ATA] team=2 ata=19.6509 dist=5071.03 leadDist=0 aa=80.572
[PURE_ATA] team=2 ata=19.0771 dist=5048.26 leadDist=0 aa=80.0951
[PURE_ATA] team=2 ata=18.3247 dist=5025.11 leadDist=0 aa=79.3072
[PURE_ATA] team=2 ata=17.3242 dist=5001.63 leadDist=0 aa=78.0917
[PURE_ATA] team=2 ata=16.0478 dist=4979.47 leadDist=0 aa=76.5201
[PURE_ATA] team=2 ata=14.4604 dist=4955.32 leadDist=0 aa=75.3639
[SelectTarget] team=1 EnemyN=1 TgtZ=7005.98
[DIST] team=1 EnemyN=1 MyZ=7250.11 TgtZ=7005.98 Dist=4931
[ROOT] team=1 status=2 Z=7250.11 VP=(4819.14,101.701,7091.68)
[SelectTarget] team=2 EnemyN=1 TgtZ=7249.61
[DIST] team=2 EnemyN=1 MyZ=7005.98 TgtZ=7249.61 Dist=4931.25
[PURE_ATA] team=2 ata=12.6314 dist=4931.25 leadDist=0 aa=75.5448
[ROOT] team=2 status=2 Z=7005.98 VP=(1046.36,1582.25,7249.61)
[PURE_ATA] team=2 ata=10.6987 dist=4907.29 leadDist=0 aa=76.322
[PURE_ATA] team=2 ata=8.8318 dist=4883.02 leadDist=0 aa=76.9012
[PURE_ATA] team=2 ata=7.12194 dist=4858.44 leadDist=0 aa=80.1491
[PURE_ATA] team=2 ata=5.5029 dist=4832.35 leadDist=0 aa=103.527
[PURE_ATA] team=2 ata=4.07003 dist=4807.18 leadDist=0 aa=121.319
[PURE_ATA] team=2 ata=2.93322 dist=4780.12 leadDist=0 aa=114.089
[PURE_ATA] team=2 ata=2.11752 dist=4753.61 leadDist=0 aa=113.128
[PURE_ATA] team=2 ata=1.47743 dist=4726.43 leadDist=0 aa=113.328
[PURE_ATA] team=2 ata=1.16653 dist=4699.39 leadDist=0 aa=113.75
[PURE_ATA] team=2 ata=1.3427 dist=4671.68 leadDist=0 aa=114.19
[PURE_ATA] team=2 ata=1.63869 dist=4643.34 leadDist=0 aa=114.573
[PURE_ATA] team=2 ata=1.85619 dist=4615.1 leadDist=0 aa=115.083
[PURE_ATA] team=2 ata=1.87986 dist=4586.32 leadDist=0 aa=115.584
[PURE_ATA] team=2 ata=1.83434 dist=4556.82 leadDist=0 aa=116.287
[PURE_ATA] team=2 ata=1.75558 dist=4527.15 leadDist=0 aa=117.071
[PURE_ATA] team=2 ata=1.66011 dist=4497.57 leadDist=0 aa=118.011
[PURE_ATA] team=2 ata=1.54654 dist=4467.02 leadDist=0 aa=118.948
[PURE_ATA] team=2 ata=1.44627 dist=4436.23 leadDist=0 aa=119.915
[PURE_ATA] team=2 ata=1.37019 dist=4405.63 leadDist=0 aa=120.904
[PURE_ATA] team=2 ata=1.33476 dist=4373.98 leadDist=0 aa=121.924
[PURE_ATA] team=2 ata=1.35319 dist=4342.23 leadDist=0 aa=123.191
[PURE_ATA] team=2 ata=1.40652 dist=4310.54 leadDist=0 aa=125.305
[PURE_ATA] team=2 ata=1.47665 dist=4278.64 leadDist=0 aa=128.645
[PURE_ATA] team=2 ata=1.55473 dist=4245.85 leadDist=0 aa=133.461
[PURE_ATA] team=2 ata=1.60985 dist=4212.7 leadDist=0 aa=139.431
[PURE_ATA] team=2 ata=1.67575 dist=4179.93 leadDist=0 aa=145.212
[PURE_ATA] team=2 ata=1.70963 dist=4146.37 leadDist=0 aa=149.759
[PURE_ATA] team=2 ata=1.7314 dist=4112.4 leadDist=0 aa=152.413
[PURE_ATA] team=2 ata=1.69147 dist=4078.45 leadDist=0 aa=153.362
[SelectTarget] team=1 EnemyN=1 TgtZ=6998.13
[DIST] team=1 EnemyN=1 MyZ=7099.97 TgtZ=6998.13 Dist=4045.11
[ROOT] team=1 status=2 Z=7099.97 VP=(3827.71,21.3239,6498.26)
[SelectTarget] team=2 EnemyN=1 TgtZ=7098.69
[DIST] team=2 EnemyN=1 MyZ=6998.13 TgtZ=7098.69 Dist=4044.31
[PURE_ATA] team=2 ata=1.60641 dist=4044.31 leadDist=0 aa=153.2
[ROOT] team=2 status=2 Z=6998.13 VP=(810.82,720.837,7098.69)
[PURE_ATA] team=2 ata=1.50776 dist=4009.8 leadDist=0 aa=152.469
[SelectTarget] team=1 EnemyN=1 TgtZ=6887.75
[DIST] team=1 EnemyN=1 MyZ=6796.27 TgtZ=6887.75 Dist=2928.9
[ROOT] team=1 status=2 Z=6796.27 VP=(3068.31,372.995,6174.53)
[SelectTarget] team=2 EnemyN=1 TgtZ=6794.11
[DIST] team=2 EnemyN=1 MyZ=6887.75 TgtZ=6794.11 Dist=2927.39
[ROOT] team=2 status=2 Z=6887.75 VP=(3226.82,-1024.69,5327.34)
[SelectTarget] team=1 EnemyN=1 TgtZ=6427.97
[DIST] team=1 EnemyN=1 MyZ=6341.75 TgtZ=6427.97 Dist=1741.28
[ROOT] team=1 status=2 Z=6341.75 VP=(3252.08,-24.6329,6521.31)
[SelectTarget] team=2 EnemyN=1 TgtZ=6339.19
[DIST] team=2 EnemyN=1 MyZ=6427.97 TgtZ=6339.19 Dist=1738.95
[ROOT] team=2 status=2 Z=6427.97 VP=(3858.83,-621.574,4562.02)
[SYNC] dist=958.629 dV=7.45938 thr=0.675406
[SelectTarget] team=1 EnemyN=1 TgtZ=5605.15
[DIST] team=1 EnemyN=1 MyZ=5922.21 TgtZ=5605.15 Dist=834.749
[ROOT] team=1 status=2 Z=5922.21 VP=(2731.28,-298.062,5757.9)
[SelectTarget] team=2 EnemyN=1 TgtZ=5920.05
[DIST] team=2 EnemyN=1 MyZ=5605.15 TgtZ=5920.05 Dist=831.848
[ROOT] team=2 status=2 Z=5605.15 VP=(2363.67,-8.61154,3974.38)
[CLAMP_DIAG] team=1 rawDist=850.715 offBoresightDeg=79.8807 clamped=1
[SelectTarget] team=1 EnemyN=1 TgtZ=4642.12
[DIST] team=1 EnemyN=1 MyZ=5463.18 TgtZ=4642.12 Dist=1246.49
[ROOT] team=1 status=2 Z=5463.18 VP=(2392.03,-461.995,4839.94)
[SelectTarget] team=2 EnemyN=1 TgtZ=5459.88
[DIST] team=2 EnemyN=1 MyZ=4642.12 TgtZ=5459.88 Dist=1246.02
[ROOT] team=2 status=2 Z=4642.12 VP=(1024.39,-1991.83,4993.58)
[SelectTarget] team=1 EnemyN=1 TgtZ=3955.22
[DIST] team=1 EnemyN=1 MyZ=4707.16 TgtZ=3955.22 Dist=2141.76
[ROOT] team=1 status=2 Z=4707.16 VP=(1798.86,-834.705,4057.16)
[SelectTarget] team=2 EnemyN=1 TgtZ=4702.18
[DIST] team=2 EnemyN=1 MyZ=3955.22 TgtZ=4702.18 Dist=2141.76
[ROOT] team=2 status=2 Z=3955.22 VP=(1352.39,-2666.09,5277.74)
[SelectTarget] team=1 EnemyN=1 TgtZ=3746.02
[DIST] team=1 EnemyN=1 MyZ=3743.22 TgtZ=3746.02 Dist=2943.67
[ROOT] team=1 status=2 Z=3743.22 VP=(855.538,-2751.5,3759.88)
[SelectTarget] team=2 EnemyN=1 TgtZ=3737.71
[DIST] team=2 EnemyN=1 MyZ=3746.02 TgtZ=3737.71 Dist=2942.64
[ROOT] team=2 status=2 Z=3746.02 VP=(1769.54,-2672.84,5359.63)
[SYNC] dist=3359.99 dV=-33.3357 thr=1
[SelectTarget] team=1 EnemyN=1 TgtZ=3984.81
[DIST] team=1 EnemyN=1 MyZ=2848.82 TgtZ=3984.81 Dist=3441.95
[ROOT] team=1 status=2 Z=2848.82 VP=(1030.02,-3768.11,3888.06)
[SelectTarget] team=2 EnemyN=1 TgtZ=2844.86
[DIST] team=2 EnemyN=1 MyZ=3984.81 TgtZ=2844.86 Dist=3438.7
[ROOT] team=2 status=2 Z=3984.81 VP=(2310.3,-3550.78,4553.05)
[SelectTarget] team=1 EnemyN=1 TgtZ=4321.36
[DIST] team=1 EnemyN=1 MyZ=2399.08 TgtZ=4321.36 Dist=3477.12
[ROOT] team=1 status=2 Z=2399.08 VP=(1620.54,-4412.6,4039.43)
[SelectTarget] team=2 EnemyN=1 TgtZ=2398.14
[DIST] team=2 EnemyN=1 MyZ=4321.36 TgtZ=2398.14 Dist=3472.27
[ROOT] team=2 status=2 Z=4321.36 VP=(3036.57,-3171.12,4019.63)
[SelectTarget] team=1 EnemyN=1 TgtZ=4409.49
[DIST] team=1 EnemyN=1 MyZ=2482.06 TgtZ=4409.49 Dist=2991.49
[ROOT] team=1 status=2 Z=2482.06 VP=(2386.13,-4773.83,3839.95)
[SelectTarget] team=2 EnemyN=1 TgtZ=2483.65
[DIST] team=2 EnemyN=1 MyZ=4409.49 TgtZ=2483.65 Dist=2986.36
[ROOT] team=2 status=2 Z=4409.49 VP=(3153.6,-3277.08,2810.96)
[SelectTarget] team=1 EnemyN=1 TgtZ=4025.76
[DIST] team=1 EnemyN=1 MyZ=2792.8 TgtZ=4025.76 Dist=2084.49
[ROOT] team=1 status=2 Z=2792.8 VP=(2426.82,-4266.48,4104)
[SelectTarget] team=2 EnemyN=1 TgtZ=2794.69
[DIST] team=2 EnemyN=1 MyZ=4025.76 TgtZ=2794.69 Dist=2079.72
[ROOT] team=2 status=2 Z=4025.76 VP=(4321.01,-4783.77,2817)
[SYNC] dist=1435.18 dV=10.9061 thr=0.640939
[SelectTarget] team=1 EnemyN=1 TgtZ=3390.81
[DIST] team=1 EnemyN=1 MyZ=3251.08 TgtZ=3390.81 Dist=1360.78
[ROOT] team=1 status=2 Z=3251.08 VP=(3127.96,-4344.37,3488.71)
[SelectTarget] team=2 EnemyN=1 TgtZ=3253.1
[DIST] team=2 EnemyN=1 MyZ=3390.81 TgtZ=3253.1 Dist=1356.05
[ROOT] team=2 status=2 Z=3390.81 VP=(3039.33,-3235.91,2000)
[SelectTarget] team=1 EnemyN=1 TgtZ=2620.22
[DIST] team=1 EnemyN=1 MyZ=3335.42 TgtZ=2620.22 Dist=1301.12
[ROOT] team=1 status=2 Z=3335.42 VP=(3893.96,-4449.26,2723.23)
[SelectTarget] team=2 EnemyN=1 TgtZ=3334.31
[DIST] team=2 EnemyN=1 MyZ=2620.22 TgtZ=3334.31 Dist=1296.52
[ROOT] team=2 status=2 Z=2620.22 VP=(5418.44,-4347.73,7408)
[SelectTarget] team=1 EnemyN=1 TgtZ=2184.7
[DIST] team=1 EnemyN=1 MyZ=2906.05 TgtZ=2184.7 Dist=1422.77
[ROOT] team=1 status=2 Z=2906.05 VP=(4748.83,-4336.74,2256.05)
[SelectTarget] team=2 EnemyN=1 TgtZ=2903.04
[DIST] team=2 EnemyN=1 MyZ=2184.7 TgtZ=2903.04 Dist=1417.25
[ROOT] team=2 status=2 Z=2184.7 VP=(5210,-2423.73,3156.37)
[SelectTarget] team=1 EnemyN=1 TgtZ=2128.84
[DIST] team=1 EnemyN=1 MyZ=2436.67 TgtZ=2128.84 Dist=1341.57
[ROOT] team=1 status=2 Z=2436.67 VP=(5642.47,-3853.23,2119.96)
[SelectTarget] team=2 EnemyN=1 TgtZ=2434.68
[DIST] team=2 EnemyN=1 MyZ=2128.84 TgtZ=2434.68 Dist=1336.05
[ROOT] team=2 status=2 Z=2128.84 VP=(5010.86,-2726.6,3973.63)
[SelectTarget] team=1 EnemyN=1 TgtZ=2516.1
[DIST] team=1 EnemyN=1 MyZ=2261.28 TgtZ=2516.1 Dist=1119.81
[ROOT] team=1 status=2 Z=2261.28 VP=(6138.56,-3095.58,2448.99)
[SelectTarget] team=2 EnemyN=1 TgtZ=2261.52
[DIST] team=2 EnemyN=1 MyZ=2516.1 TgtZ=2261.52 Dist=1114.08
[ROOT] team=2 status=2 Z=2516.1 VP=(4488.85,-2826.07,3317.98)
[SelectTarget] team=1 EnemyN=1 TgtZ=3015.75
[DIST] team=1 EnemyN=1 MyZ=2515.35 TgtZ=3015.75 Dist=888.666
[ROOT] team=1 status=2 Z=2515.35 VP=(6028.85,-2362.41,2950.1)
[SelectTarget] team=2 EnemyN=1 TgtZ=2517.68
[DIST] team=2 EnemyN=1 MyZ=3015.75 TgtZ=2517.68 Dist=882.972
[SYNC] dist=882.972 dV=-33.2328 thr=1
[ROOT] team=2 status=2 Z=3015.75 VP=(4117.3,-2972.2,2362.26)
[CLAMP_DIAG] team=1 rawDist=732.562 offBoresightDeg=14.5085 clamped=0
[SelectTarget] team=1 EnemyN=1 TgtZ=3178.57
[DIST] team=1 EnemyN=1 MyZ=2961.89 TgtZ=3178.57 Dist=806.513
[ROOT] team=1 status=2 Z=2961.89 VP=(5383.29,-1880.9,3175.03)
[SelectTarget] team=2 EnemyN=1 TgtZ=2964.13
[DIST] team=2 EnemyN=1 MyZ=3178.57 TgtZ=2964.13 Dist=802.335
[ROOT] team=2 status=2 Z=3178.57 VP=(4572.5,-3148.78,2000)
[CLAMP_DIAG] team=1 rawDist=715.702 offBoresightDeg=30.5404 clamped=0
[SelectTarget] team=1 EnemyN=1 TgtZ=2837.85
[DIST] team=1 EnemyN=1 MyZ=3197.08 TgtZ=2837.85 Dist=954.545
[ROOT] team=1 status=2 Z=3197.08 VP=(4599.66,-1834.3,2899.89)
[SelectTarget] team=2 EnemyN=1 TgtZ=3197.19
[DIST] team=2 EnemyN=1 MyZ=2837.85 TgtZ=3197.19 Dist=951.14
[ROOT] team=2 status=2 Z=2837.85 VP=(5438.63,-3215.31,2059.98)
[CLAMP_DIAG] team=1 rawDist=755.95 offBoresightDeg=38.9613 clamped=0
[SelectTarget] team=1 EnemyN=1 TgtZ=2300.6
[DIST] team=1 EnemyN=1 MyZ=2982.26 TgtZ=2300.6 Dist=1196.88
[ROOT] team=1 status=2 Z=2982.26 VP=(4071.79,-2201.72,2415.61)
[SelectTarget] team=2 EnemyN=1 TgtZ=2979.88
[DIST] team=2 EnemyN=1 MyZ=2300.6 TgtZ=2979.88 Dist=1192.54
[ROOT] team=2 status=2 Z=2300.6 VP=(4692.04,-4125.46,2300.59)
[SelectTarget] team=1 EnemyN=1 TgtZ=2045.43
[DIST] team=1 EnemyN=1 MyZ=2486 TgtZ=2045.43 Dist=1273.07
[ROOT] team=1 status=2 Z=2486 VP=(3570.38,-2972.39,2067.34)
[SelectTarget] team=2 EnemyN=1 TgtZ=2483.58
[DIST] team=2 EnemyN=1 MyZ=2045.43 TgtZ=2483.58 Dist=1267.98
[ROOT] team=2 status=2 Z=2045.43 VP=(4556.58,-3890.59,3962.85)
[SYNC] dist=1181.59 dV=-20.6291 thr=0.956291
[SelectTarget] team=1 EnemyN=1 TgtZ=2218.31
[DIST] team=1 EnemyN=1 MyZ=2193.01 TgtZ=2218.31 Dist=1138.58
[ROOT] team=1 status=2 Z=2193.01 VP=(3554.38,-3845.19,2172.5)
[SelectTarget] team=2 EnemyN=1 TgtZ=2192.28
[DIST] team=2 EnemyN=1 MyZ=2218.31 TgtZ=2192.28 Dist=1133.17
[ROOT] team=2 status=2 Z=2218.31 VP=(4753.58,-3279.88,3659.88)
[SelectTarget] team=1 EnemyN=1 TgtZ=2730.56
[DIST] team=1 EnemyN=1 MyZ=2271.17 TgtZ=2730.56 Dist=871.162
[ROOT] team=1 status=2 Z=2271.17 VP=(3930.24,-4401.39,2648.33)
[SelectTarget] team=2 EnemyN=1 TgtZ=2272.85
[DIST] team=2 EnemyN=1 MyZ=2730.56 TgtZ=2272.85 Dist=866.724
[ROOT] team=2 status=2 Z=2730.56 VP=(4879.19,-2661.45,2605.9)
[CLAMP_DIAG] team=1 rawDist=705.907 offBoresightDeg=10.2062 clamped=0
[SelectTarget] team=1 EnemyN=1 TgtZ=3101.99
[DIST] team=1 EnemyN=1 MyZ=2711.49 TgtZ=3101.99 Dist=711.093
[ROOT] team=1 status=2 Z=2711.49 VP=(4565.82,-4381.59,3066.68)
[SelectTarget] team=2 EnemyN=1 TgtZ=2714.31
[DIST] team=2 EnemyN=1 MyZ=3101.99 TgtZ=2714.31 Dist=707.353
[ROOT] team=2 status=2 Z=3101.99 VP=(4440.91,-2737.31,2000)
[CLAMP_DIAG] team=1 rawDist=610.551 offBoresightDeg=32.0524 clamped=0
[SelectTarget] team=1 EnemyN=1 TgtZ=3000.86
[DIST] team=1 EnemyN=1 MyZ=3137.71 TgtZ=3000.86 Dist=864.478
[ROOT] team=1 status=2 Z=3137.71 VP=(5102.44,-3877.96,3041.77)
[SelectTarget] team=2 EnemyN=1 TgtZ=3139.25
[DIST] team=2 EnemyN=1 MyZ=3000.86 TgtZ=3139.25 Dist=861.854
[ROOT] team=2 status=2 Z=3000.86 VP=(3655.79,-3462.33,2000)
[CLAMP_DIAG] team=1 rawDist=824.073 offBoresightDeg=42.06 clamped=0
[SelectTarget] team=1 EnemyN=1 TgtZ=2520.22
[DIST] team=1 EnemyN=1 MyZ=3184.76 TgtZ=2520.22 Dist=1140.52
[ROOT] team=1 status=2 Z=3184.76 VP=(5136.08,-3294.71,2631.09)
[SelectTarget] team=2 EnemyN=1 TgtZ=3183.66
[DIST] team=2 EnemyN=1 MyZ=2520.22 TgtZ=3183.66 Dist=1137.35
[ROOT] team=2 status=2 Z=2520.22 VP=(4195.96,-2098.12,7314.9)
[SYNC] dist=1183.56 dV=10.7518 thr=0.668827
[SelectTarget] team=1 EnemyN=1 TgtZ=2137.56
[DIST] team=1 EnemyN=1 MyZ=2799.46 TgtZ=2137.56 Dist=1331.58
[ROOT] team=1 status=2 Z=2799.46 VP=(4670.51,-2767.85,2167.88)
[SelectTarget] team=2 EnemyN=1 TgtZ=2796.64
[DIST] team=2 EnemyN=1 MyZ=2137.56 TgtZ=2796.64 Dist=1327.88
[ROOT] team=2 status=2 Z=2137.56 VP=(3221.84,-3795.99,3531.42)
[SelectTarget] team=1 EnemyN=1 TgtZ=2142.62
[DIST] team=1 EnemyN=1 MyZ=2363.31 TgtZ=2142.62 Dist=1245.79
[ROOT] team=1 status=2 Z=2363.31 VP=(3899.61,-2628.87,2111.58)
[SelectTarget] team=2 EnemyN=1 TgtZ=2361.62
[DIST] team=2 EnemyN=1 MyZ=2142.62 TgtZ=2361.62 Dist=1241.13
[ROOT] team=2 status=2 Z=2142.62 VP=(4214.81,-3952.91,3812.22)
[SelectTarget] team=1 EnemyN=1 TgtZ=2547.67
[DIST] team=1 EnemyN=1 MyZ=2235.62 TgtZ=2547.67 Dist=932.783
[ROOT] team=1 status=2 Z=2235.62 VP=(3323.31,-2930.99,2466.01)
[SelectTarget] team=2 EnemyN=1 TgtZ=2236.04
[DIST] team=2 EnemyN=1 MyZ=2547.67 TgtZ=2236.04 Dist=928.362
[ROOT] team=2 status=2 Z=2547.67 VP=(5038.8,-3783.25,2770.13)
[CLAMP_DIAG] team=1 rawDist=683.835 offBoresightDeg=8.67591 clamped=0
[SelectTarget] team=1 EnemyN=1 TgtZ=2984.8
[DIST] team=1 EnemyN=1 MyZ=2518.97 TgtZ=2984.8 Dist=669.384
[ROOT] team=1 status=2 Z=2518.97 VP=(3276.76,-3447.57,2920.21)
[SelectTarget] team=2 EnemyN=1 TgtZ=2521.44
[DIST] team=2 EnemyN=1 MyZ=2984.8 TgtZ=2521.44 Dist=665.476
[ROOT] team=2 status=2 Z=2984.8 VP=(5162.18,-3347.8,2000)
[SYNC] dist=651.121 dV=-43.213 thr=1
[CLAMP_DIAG] team=1 rawDist=552.791 offBoresightDeg=31.8484 clamped=0
[SelectTarget] team=1 EnemyN=1 TgtZ=3129.05
[DIST] team=1 EnemyN=1 MyZ=2988.41 TgtZ=3129.05 Dist=742.715
[ROOT] team=1 status=2 Z=2988.41 VP=(3704.26,-3902.08,3126.49)
[SelectTarget] team=2 EnemyN=1 TgtZ=2990.78
[DIST] team=2 EnemyN=1 MyZ=3129.05 TgtZ=2990.78 Dist=740.074
[ROOT] team=2 status=2 Z=3129.05 VP=(4572.64,-2768.38,2000)
[CLAMP_DIAG] team=1 rawDist=748.743 offBoresightDeg=42.5514 clamped=0
[SelectTarget] team=1 EnemyN=1 TgtZ=2913.28
[DIST] team=1 EnemyN=1 MyZ=3288.76 TgtZ=2913.28 Dist=1002.71
[ROOT] team=1 status=2 Z=3288.76 VP=(4337.15,-4024.92,2967.45)
[SelectTarget] team=2 EnemyN=1 TgtZ=3289.54
[DIST] team=2 EnemyN=1 MyZ=2913.28 TgtZ=3289.54 Dist=1000.64
[ROOT] team=2 status=2 Z=2913.28 VP=(3663,-2498.93,2219.07)
[SelectTarget] team=1 EnemyN=1 TgtZ=2473.96
[DIST] team=1 EnemyN=1 MyZ=3236.62 TgtZ=2473.96 Dist=1230.86
[ROOT] team=1 status=2 Z=3236.62 VP=(4778.5,-3698.76,2621.19)
[SelectTarget] team=2 EnemyN=1 TgtZ=3235.25
[DIST] team=2 EnemyN=1 MyZ=2473.96 TgtZ=3235.25 Dist=1228.02
[ROOT] team=2 status=2 Z=2473.96 VP=(3034.81,-2692.69,2945.83)
[SelectTarget] team=1 EnemyN=1 TgtZ=2129.9
[DIST] team=1 EnemyN=1 MyZ=2854.14 TgtZ=2129.9 Dist=1295.38
[ROOT] team=1 status=2 Z=2854.14 VP=(4718.87,-3096.41,2206.45)
[SelectTarget] team=2 EnemyN=1 TgtZ=2851.53
[DIST] team=2 EnemyN=1 MyZ=2129.9 TgtZ=2851.53 Dist=1291.75
[ROOT] team=2 status=2 Z=2129.9 VP=(3042.42,-3324.46,3654.41)
[SYNC] dist=1274.82 dV=-8.48827 thr=0.834883
[SelectTarget] team=1 EnemyN=1 TgtZ=2159.21
[DIST] team=1 EnemyN=1 MyZ=2407.91 TgtZ=2159.21 Dist=1137.12
[ROOT] team=1 status=2 Z=2407.91 VP=(4211.66,-2599.95,2123.56)
[SelectTarget] team=2 EnemyN=1 TgtZ=2406
[DIST] team=2 EnemyN=1 MyZ=2159.21 TgtZ=2406 Dist=1132.76
[ROOT] team=2 status=2 Z=2159.21 VP=(3747.93,-3894.09,3839.49)
[CLAMP_DIAG] team=1 rawDist=793.262 offBoresightDeg=4.02513 clamped=0
[SelectTarget] team=1 EnemyN=1 TgtZ=2554.7
[DIST] team=1 EnemyN=1 MyZ=2249.51 TgtZ=2554.7 Dist=834.858
[ROOT] team=1 status=2 Z=2249.51 VP=(3641.5,-2481.16,2467.85)
[SelectTarget] team=2 EnemyN=1 TgtZ=2249.85
[DIST] team=2 EnemyN=1 MyZ=2554.7 TgtZ=2249.85 Dist=830.797
[ROOT] team=2 status=2 Z=2554.7 VP=(4488.26,-4151.23,2898.87)
[CLAMP_DIAG] team=1 rawDist=533.861 offBoresightDeg=11.9515 clamped=0
[SelectTarget] team=1 EnemyN=1 TgtZ=3010.82
[DIST] team=1 EnemyN=1 MyZ=2536.91 TgtZ=3010.82 Dist=619.893
[ROOT] team=1 status=2 Z=2536.91 VP=(3319.85,-2763.11,2931.43)
[SelectTarget] team=2 EnemyN=1 TgtZ=2539.5
[DIST] team=2 EnemyN=1 MyZ=3010.82 TgtZ=2539.5 Dist=616.295
[ROOT] team=2 status=2 Z=3010.82 VP=(4792.8,-4017.21,2000)
[CLAMP_DIAG] team=1 rawDist=515.259 offBoresightDeg=30.7389 clamped=0
[SelectTarget] team=1 EnemyN=1 TgtZ=3237.19
[DIST] team=1 EnemyN=1 MyZ=3036.17 TgtZ=3237.19 Dist=649.215
[ROOT] team=1 status=2 Z=3036.17 VP=(3331.76,-3294.12,3215.52)
[SelectTarget] team=2 EnemyN=1 TgtZ=3038.77
[DIST] team=2 EnemyN=1 MyZ=3237.19 TgtZ=3038.77 Dist=646.383
[ROOT] team=2 status=2 Z=3237.19 VP=(4668.82,-3370.87,2000)
[SYNC] dist=683.506 dV=-12.861 thr=0.87861
[CLAMP_DIAG] team=1 rawDist=691.805 offBoresightDeg=36.2224 clamped=0
[SelectTarget] team=1 EnemyN=1 TgtZ=3114.83
[DIST] team=1 EnemyN=1 MyZ=3382.27 TgtZ=3114.83 Dist=837.256
[ROOT] team=1 status=2 Z=3382.27 VP=(3652.26,-3809.07,3159.48)
[SelectTarget] team=2 EnemyN=1 TgtZ=3383.34
[DIST] team=2 EnemyN=1 MyZ=3114.83 TgtZ=3383.34 Dist=835.608
[ROOT] team=2 status=2 Z=3114.83 VP=(4286.15,-2520.48,2018.49)
[CLAMP_DIAG] team=1 rawDist=860.311 offBoresightDeg=27.4871 clamped=0
[SelectTarget] team=1 EnemyN=1 TgtZ=2707.82
[DIST] team=1 EnemyN=1 MyZ=3385.06 TgtZ=2707.82 Dist=1029.95
[ROOT] team=1 status=2 Z=3385.06 VP=(4137.78,-3996.34,2870.09)
[SelectTarget] team=2 EnemyN=1 TgtZ=3383.98
[DIST] team=2 EnemyN=1 MyZ=2707.82 TgtZ=3383.98 Dist=1027.11
[ROOT] team=2 status=2 Z=2707.82 VP=(3777.89,-2055.74,2789.9)
[CLAMP_DIAG] team=1 rawDist=907.913 offBoresightDeg=17.8052 clamped=0
[SelectTarget] team=1 EnemyN=1 TgtZ=2277.83
[DIST] team=1 EnemyN=1 MyZ=3037.77 TgtZ=2277.83 Dist=1120.38
[ROOT] team=1 status=2 Z=3037.77 VP=(4530.49,-3679.55,2477.58)
[SelectTarget] team=2 EnemyN=1 TgtZ=3035.24
[DIST] team=2 EnemyN=1 MyZ=2277.83 TgtZ=3035.24 Dist=1116.39
[ROOT] team=2 status=2 Z=2277.83 VP=(3234.6,-2330.42,3475.83)
[SelectTarget] team=1 EnemyN=1 TgtZ=2137.47
[DIST] team=1 EnemyN=1 MyZ=2559.76 TgtZ=2137.47 Dist=1045.37
[ROOT] team=1 status=2 Z=2559.76 VP=(4596.52,-3019.19,2131.84)
[SelectTarget] team=2 EnemyN=1 TgtZ=2557.24
[DIST] team=2 EnemyN=1 MyZ=2137.47 TgtZ=2557.24 Dist=1040.52
[ROOT] team=2 status=2 Z=2137.47 VP=(3405.12,-2925.18,4160.2)
[SYNC] dist=998.739 dV=-23.3556 thr=0.983556
[SelectTarget] team=1 EnemyN=1 TgtZ=2409.56
[DIST] team=1 EnemyN=1 MyZ=2263.07 TgtZ=2409.56 Dist=825.446
[ROOT] team=1 status=2 Z=2263.07 VP=(4337.02,-2426.17,2336.15)
[SelectTarget] team=2 EnemyN=1 TgtZ=2262.56
[DIST] team=2 EnemyN=1 MyZ=2409.56 TgtZ=2262.56 Dist=821.612
[ROOT] team=2 status=2 Z=2409.56 VP=(3727.47,-3850.44,3472.72)
[CLAMP_DIAG] team=1 rawDist=699.062 offBoresightDeg=4.09181 clamped=0
[SelectTarget] team=1 EnemyN=1 TgtZ=2898.83
[DIST] team=1 EnemyN=1 MyZ=2425.9 TgtZ=2898.83 Dist=620.19
[ROOT] team=1 status=2 Z=2425.9 VP=(3960.66,-2223.91,2802.3)
[SelectTarget] team=2 EnemyN=1 TgtZ=2428.11
[DIST] team=2 EnemyN=1 MyZ=2898.83 TgtZ=2428.11 Dist=616.047
[ROOT] team=2 status=2 Z=2898.83 VP=(4010.93,-4232.93,2512.22)
[CLAMP_DIAG] team=1 rawDist=495.942 offBoresightDeg=9.87386 clamped=0
[SelectTarget] team=1 EnemyN=1 TgtZ=3287.15
[DIST] team=1 EnemyN=1 MyZ=2924.77 TgtZ=3287.15 Dist=575.013
[ROOT] team=1 status=2 Z=2924.77 VP=(3621.34,-2455.91,3225.75)
[SelectTarget] team=2 EnemyN=1 TgtZ=2927.7
[DIST] team=2 EnemyN=1 MyZ=3287.15 TgtZ=2927.7 Dist=572.211
[ROOT] team=2 status=2 Z=3287.15 VP=(4225.56,-3984.43,2000)
[CLAMP_DIAG] team=1 rawDist=465.5 offBoresightDeg=24.1336 clamped=0
[SelectTarget] team=1 EnemyN=1 TgtZ=3367.35
[DIST] team=1 EnemyN=1 MyZ=3372.77 TgtZ=3367.35 Dist=676.338
[ROOT] team=1 status=2 Z=3372.77 VP=(3429.39,-2980.33,3376.83)
[SelectTarget] team=2 EnemyN=1 TgtZ=3374.61
[DIST] team=2 EnemyN=1 MyZ=3367.35 TgtZ=3374.61 Dist=674.868
[ROOT] team=2 status=2 Z=3367.35 VP=(4470.68,-3181.56,2000)
[CLAMP_DIAG] team=1 rawDist=579.351 offBoresightDeg=29.1908 clamped=0
[SYNC] dist=708.983 dV=0.154327 thr=0.748457
[SelectTarget] team=1 EnemyN=1 TgtZ=3089.93
[DIST] team=1 EnemyN=1 MyZ=3532.27 TgtZ=3089.93 Dist=824.901
[ROOT] team=1 status=2 Z=3532.27 VP=(3485.74,-3541.12,3162.18)
[SelectTarget] team=2 EnemyN=1 TgtZ=3532.1
[DIST] team=2 EnemyN=1 MyZ=3089.93 TgtZ=3532.1 Dist=821.723
[ROOT] team=2 status=2 Z=3089.93 VP=(4553.2,-2320.66,2370.2)
[CLAMP_DIAG] team=1 rawDist=726.681 offBoresightDeg=23.5023 clamped=0
[SelectTarget] team=1 EnemyN=1 TgtZ=2588.67
[DIST] team=1 EnemyN=1 MyZ=3306.26 TgtZ=2588.67 Dist=925.994
[ROOT] team=1 status=2 Z=3306.26 VP=(3813.89,-3811.03,2843.26)
[SelectTarget] team=2 EnemyN=1 TgtZ=3304.05
[DIST] team=2 EnemyN=1 MyZ=2588.67 TgtZ=3304.05 Dist=922.787
[ROOT] team=2 status=2 Z=2588.67 VP=(4236.74,-1843.07,3066.33)
[CLAMP_DIAG] team=1 rawDist=690.729 offBoresightDeg=12.097 clamped=0
[SelectTarget] team=1 EnemyN=1 TgtZ=2195.63
[DIST] team=1 EnemyN=1 MyZ=2827.35 TgtZ=2195.63 Dist=926.41
[ROOT] team=1 status=2 Z=2827.35 VP=(4291.35,-3586.99,2364.15)
[SelectTarget] team=2 EnemyN=1 TgtZ=2824.44
[DIST] team=2 EnemyN=1 MyZ=2195.63 TgtZ=2824.44 Dist=922.766
[ROOT] team=2 status=2 Z=2195.63 VP=(3945.83,-2011.11,3845.71)
[CLAMP_DIAG] team=1 rawDist=750.34 offBoresightDeg=6.31958 clamped=0
[SelectTarget] team=1 EnemyN=1 TgtZ=2214.01
[DIST] team=1 EnemyN=1 MyZ=2350.7 TgtZ=2214.01 Dist=794.98
[ROOT] team=1 status=2 Z=2350.7 VP=(4673.17,-3007.87,2179.04)
[SelectTarget] team=2 EnemyN=1 TgtZ=2348.73
[DIST] team=2 EnemyN=1 MyZ=2214.01 TgtZ=2348.73 Dist=790.811
[ROOT] team=2 status=2 Z=2214.01 VP=(3684.48,-2927.13,4064.24)
[CLAMP_DIAG] team=1 rawDist=672.703 offBoresightDeg=4.6714 clamped=0
[SYNC] dist=722.699 dV=-34.1074 thr=1
[SelectTarget] team=1 EnemyN=1 TgtZ=2638.47
[DIST] team=1 EnemyN=1 MyZ=2259.6 TgtZ=2638.47 Dist=642.111
[ROOT] team=1 status=2 Z=2259.6 VP=(4755.85,-2455.33,2543.43)
[SelectTarget] team=2 EnemyN=1 TgtZ=2260.7
[DIST] team=2 EnemyN=1 MyZ=2638.47 TgtZ=2260.7 Dist=638.049
[ROOT] team=2 status=2 Z=2638.47 VP=(3471.06,-3650.15,3150.6)
[CLAMP_DIAG] team=1 rawDist=519.411 offBoresightDeg=7.92328 clamped=0
[SelectTarget] team=1 EnemyN=1 TgtZ=3165.9
[DIST] team=1 EnemyN=1 MyZ=2659.96 TgtZ=3165.9 Dist=579.351
[ROOT] team=1 status=2 Z=2659.96 VP=(4541.14,-2224.57,3068.18)
[SelectTarget] team=2 EnemyN=1 TgtZ=2662.94
[DIST] team=2 EnemyN=1 MyZ=3165.9 TgtZ=2662.94 Dist=575.916
[ROOT] team=2 status=2 Z=3165.9 VP=(3511.01,-3913.16,2297.54)
[CLAMP_DIAG] team=1 rawDist=463.587 offBoresightDeg=16.9371 clamped=0
[SelectTarget] team=1 EnemyN=1 TgtZ=3497.06
[DIST] team=1 EnemyN=1 MyZ=3198.92 TgtZ=3497.06 Dist=617.389
[ROOT] team=1 status=2 Z=3198.92 VP=(4137.4,-2348.07,3452.03)
[SelectTarget] team=2 EnemyN=1 TgtZ=3201.64
[DIST] team=2 EnemyN=1 MyZ=3497.06 TgtZ=3201.64 Dist=614.528
[ROOT] team=2 status=2 Z=3497.06 VP=(3917.36,-3634.78,2000)
[CLAMP_DIAG] team=1 rawDist=509.596 offBoresightDeg=21.9857 clamped=0
[SelectTarget] team=1 EnemyN=1 TgtZ=3470.19
[DIST] team=1 EnemyN=1 MyZ=3567.01 TgtZ=3470.19 Dist=707.552
[ROOT] team=1 status=2 Z=3567.01 VP=(3718.45,-2724.52,3503.54)
[SelectTarget] team=2 EnemyN=1 TgtZ=3568.22
[DIST] team=2 EnemyN=1 MyZ=3470.19 TgtZ=3568.22 Dist=704.334
[ROOT] team=2 status=2 Z=3470.19 VP=(4589.28,-3024.22,2000)
[CLAMP_DIAG] team=1 rawDist=603.512 offBoresightDeg=19.7087 clamped=0
[SYNC] dist=742.264 dV=9.9287 thr=0.650713
[SelectTarget] team=1 EnemyN=1 TgtZ=3080.05
[DIST] team=1 EnemyN=1 MyZ=3592.41 TgtZ=3080.05 Dist=795.096
[ROOT] team=1 status=2 Z=3592.41 VP=(3502.49,-3176.86,3194.86)
[SelectTarget] team=2 EnemyN=1 TgtZ=3591.41
[DIST] team=2 EnemyN=1 MyZ=3080.05 TgtZ=3591.41 Dist=792.013
[ROOT] team=2 status=2 Z=3080.05 VP=(5071.41,-2396.77,2582.87)
[CLAMP_DIAG] team=1 rawDist=653.469 offBoresightDeg=9.69607 clamped=0
[SelectTarget] team=1 EnemyN=1 TgtZ=2513.39
[DIST] team=1 EnemyN=1 MyZ=3235.51 TgtZ=2513.39 Dist=824.936
[ROOT] team=1 status=2 Z=3235.51 VP=(3674.54,-3454.11,2823.04)
[SelectTarget] team=2 EnemyN=1 TgtZ=3232.76
[DIST] team=2 EnemyN=1 MyZ=2513.39 TgtZ=3232.76 Dist=821.359
[ROOT] team=2 status=2 Z=2513.39 VP=(5121.11,-3528.27,7319.04)
[CLAMP_DIAG] team=1 rawDist=534.345 offBoresightDeg=6.1763 clamped=0
[SelectTarget] team=1 EnemyN=1 TgtZ=2170.36
[DIST] team=1 EnemyN=1 MyZ=2678.73 TgtZ=2170.36 Dist=779.903
[ROOT] team=1 status=2 Z=2678.73 VP=(4240.31,-3460.8,2288.78)
[SelectTarget] team=2 EnemyN=1 TgtZ=2675.61
[DIST] team=2 EnemyN=1 MyZ=2170.36 TgtZ=2675.61 Dist=776.013
[ROOT] team=2 status=2 Z=2170.36 VP=(4864.85,-2363.43,4176.51)
[CLAMP_DIAG] team=1 rawDist=633.031 offBoresightDeg=2.53967 clamped=0
[SelectTarget] team=1 EnemyN=1 TgtZ=2313.01
[DIST] team=1 EnemyN=1 MyZ=2248.35 TgtZ=2313.01 Dist=645.219
[ROOT] team=1 status=2 Z=2248.35 VP=(4886.29,-3209.18,2256.68)
[SelectTarget] team=2 EnemyN=1 TgtZ=2247.2
[DIST] team=2 EnemyN=1 MyZ=2313.01 TgtZ=2247.2 Dist=640.943
[ROOT] team=2 status=2 Z=2313.01 VP=(3976.23,-2988.36,3971.7)
[CLAMP_DIAG] team=1 rawDist=499.844 offBoresightDeg=8.25065 clamped=0
[SYNC] dist=573.577 dV=-33.8502 thr=1
[SelectTarget] team=1 EnemyN=1 TgtZ=2833.75
[DIST] team=1 EnemyN=1 MyZ=2350.29 TgtZ=2833.75 Dist=570.151
[ROOT] team=1 status=2 Z=2350.29 VP=(5228.54,-2902.32,2725.69)
[SelectTarget] team=2 EnemyN=1 TgtZ=2352.41
[DIST] team=2 EnemyN=1 MyZ=2833.75 TgtZ=2352.41 Dist=566.83
[ROOT] team=2 status=2 Z=2833.75 VP=(3401.7,-3299.4,3069.06)
[CLAMP_DIAG] team=1 rawDist=449.483 offBoresightDeg=18.3645 clamped=0
[SelectTarget] team=1 EnemyN=1 TgtZ=3381.12
[DIST] team=1 EnemyN=1 MyZ=2877.03 TgtZ=3381.12 Dist=583.994
[ROOT] team=1 status=2 Z=2877.03 VP=(5136.8,-2710.56,3282.97)
[SelectTarget] team=2 EnemyN=1 TgtZ=2880.36
[DIST] team=2 EnemyN=1 MyZ=3381.12 TgtZ=2880.36 Dist=581.11
[ROOT] team=2 status=2 Z=3381.12 VP=(3381.76,-3419.63,2200.25)
[CLAMP_DIAG] team=1 rawDist=483.398 offBoresightDeg=22.2395 clamped=0
[SelectTarget] team=1 EnemyN=1 TgtZ=3675.09
[DIST] team=1 EnemyN=1 MyZ=3429.69 TgtZ=3675.09 Dist=645.523
[ROOT] team=1 status=2 Z=3429.69 VP=(4714.73,-2674.45,3640.8)
[SelectTarget] team=2 EnemyN=1 TgtZ=3432.25
[DIST] team=2 EnemyN=1 MyZ=3675.09 TgtZ=3432.25 Dist=642.606
[ROOT] team=2 status=2 Z=3675.09 VP=(3977.06,-3323.4,2000)
[CLAMP_DIAG] team=1 rawDist=552.133 offBoresightDeg=18.5209 clamped=0
[SelectTarget] team=1 EnemyN=1 TgtZ=3579.16
[DIST] team=1 EnemyN=1 MyZ=3737.44 TgtZ=3579.16 Dist=714.564
[ROOT] team=1 status=2 Z=3737.44 VP=(4168.82,-2777.64,3629.1)
[SelectTarget] team=2 EnemyN=1 TgtZ=3738.16
[DIST] team=2 EnemyN=1 MyZ=3579.16 TgtZ=3738.16 Dist=711.59
[ROOT] team=2 status=2 Z=3579.16 VP=(4901.64,-3140.66,2000)
[CLAMP_DIAG] team=1 rawDist=619.307 offBoresightDeg=10.1282 clamped=0
[SYNC] dist=746.345 dV=13.787 thr=0.61213
[SelectTarget] team=1 EnemyN=1 TgtZ=3109.01
[DIST] team=1 EnemyN=1 MyZ=3655.86 TgtZ=3109.01 Dist=752.013
[ROOT] team=1 status=2 Z=3655.86 VP=(3779.6,-2973.23,3279.86)
[SelectTarget] team=2 EnemyN=1 TgtZ=3654.2
[DIST] team=2 EnemyN=1 MyZ=3109.01 TgtZ=3654.2 Dist=749.046
[ROOT] team=2 status=2 Z=3109.01 VP=(5597.12,-2901.51,2755.94)
[CLAMP_DIAG] team=1 rawDist=529.255 offBoresightDeg=2.0948 clamped=0
[SelectTarget] team=1 EnemyN=1 TgtZ=2488.1
[DIST] team=1 EnemyN=1 MyZ=3202.56 TgtZ=2488.1 Dist=749.17
[ROOT] team=1 status=2 Z=3202.56 VP=(3831.81,-3178.39,2827.97)
[SelectTarget] team=2 EnemyN=1 TgtZ=3199.2
[DIST] team=2 EnemyN=1 MyZ=2488.1 TgtZ=3199.2 Dist=745.75
[ROOT] team=2 status=2 Z=2488.1 VP=(5143.58,-3795.37,7292.89)
[CLAMP_DIAG] team=1 rawDist=453.808 offBoresightDeg=18.1813 clamped=0
[SelectTarget] team=1 EnemyN=1 TgtZ=2159.01
[DIST] team=1 EnemyN=1 MyZ=2549.44 TgtZ=2159.01 Dist=731.367
[ROOT] team=1 status=2 Z=2549.44 VP=(4878.86,-4285.36,7350.76)
[SelectTarget] team=2 EnemyN=1 TgtZ=2546.15
[DIST] team=2 EnemyN=1 MyZ=2159.01 TgtZ=2546.15 Dist=727.36
[ROOT] team=2 status=2 Z=2159.01 VP=(5421.78,-2951.4,4236.81)
[SelectTarget] team=1 EnemyN=1 TgtZ=2359.59
[DIST] team=1 EnemyN=1 MyZ=2132.9 TgtZ=2359.59 Dist=819.424
[ROOT] team=1 status=2 Z=2132.9 VP=(5058.95,-3544.81,2295.77)
[SelectTarget] team=2 EnemyN=1 TgtZ=2131.36
[DIST] team=2 EnemyN=1 MyZ=2359.59 TgtZ=2131.36 Dist=817.078
[ROOT] team=2 status=2 Z=2359.59 VP=(4866,-2653,3898.91)
[CLAMP_DIAG] team=1 rawDist=749.056 offBoresightDeg=45.1773 clamped=0
runner:local/env:0	num_steps=[11999] | total rewards=[686.2166] | termination= [max time out]
[seed 1] reward=   686.22 ownHP=1.0000 tgtHP=1.0000 max time out
total: 2
[PURE_ATA] team=2 ata=24.8463 dist=4843.75 leadDist=0 aa=154.363
[PURE_ATA] team=2 ata=24.9576 dist=4790.78 leadDist=0 aa=153.981
[PURE_ATA] team=2 ata=23.7305 dist=4737.54 leadDist=0 aa=153.113
[PURE_ATA] team=2 ata=22.1018 dist=4684.81 leadDist=0 aa=151.906
[PURE_ATA] team=2 ata=20.8141 dist=4632.15 leadDist=0 aa=150.725
[PURE_ATA] team=2 ata=19.7106 dist=4579.2 leadDist=0 aa=149.869
[PURE_ATA] team=2 ata=18.6526 dist=4526.71 leadDist=0 aa=149.603
[PURE_ATA] team=2 ata=17.6499 dist=4473.94 leadDist=0 aa=150.112
[PURE_ATA] team=2 ata=16.781 dist=4420.91 leadDist=0 aa=151.554
[PURE_ATA] team=2 ata=16.003 dist=4368.29 leadDist=0 aa=153.894
[PURE_ATA] team=2 ata=15.3005 dist=4315.4 leadDist=0 aa=156.643
[PURE_ATA] team=2 ata=14.6264 dist=4261.78 leadDist=0 aa=159.294
[PURE_ATA] team=2 ata=13.986 dist=4208.61 leadDist=0 aa=161.562
[PURE_ATA] team=2 ata=13.3996 dist=4155.55 leadDist=0 aa=163.538
[PURE_ATA] team=2 ata=12.864 dist=4102.1 leadDist=0 aa=165.38
[PURE_ATA] team=2 ata=12.3739 dist=4048.63 leadDist=0 aa=167.052
[SelectTarget] team=1 EnemyN=1 TgtZ=7038.09
[DIST] team=1 EnemyN=1 MyZ=8421.06 TgtZ=7038.09 Dist=3836.59
[ROOT] team=1 status=2 Z=8421.06 VP=(4526.63,550.725,7771.06)
[SelectTarget] team=2 EnemyN=1 TgtZ=8420.26
[DIST] team=2 EnemyN=1 MyZ=7038.09 TgtZ=8420.26 Dist=3832.47
[ROOT] team=2 status=2 Z=7038.09 VP=(4250.57,-1511.11,6926.88)
[SelectTarget] team=1 EnemyN=1 TgtZ=7227.22
[DIST] team=1 EnemyN=1 MyZ=8182.8 TgtZ=7227.22 Dist=2168.78
[ROOT] team=1 status=2 Z=8182.8 VP=(4739.48,183.489,7532.8)
[SelectTarget] team=2 EnemyN=1 TgtZ=8180.95
[DIST] team=2 EnemyN=1 MyZ=7227.22 TgtZ=8180.95 Dist=2163.9
[ROOT] team=2 status=2 Z=7227.22 VP=(4834.08,1705.37,8932.25)
[SYNC] dist=1992.18 dV=-22.3781 thr=0.973781
[SelectTarget] team=1 EnemyN=1 TgtZ=7559.81
[DIST] team=1 EnemyN=1 MyZ=7791.6 TgtZ=7559.81 Dist=434.849
[ROOT] team=1 status=2 Z=7791.6 VP=(3125.62,-551.877,5292.67)
[SelectTarget] team=2 EnemyN=1 TgtZ=7788.78
[DIST] team=2 EnemyN=1 MyZ=7559.81 TgtZ=7788.78 Dist=429.998
[ROOT] team=2 status=2 Z=7559.81 VP=(4945.14,1238.89,9395.87)
[SelectTarget] team=1 EnemyN=1 TgtZ=8002.95
[DIST] team=1 EnemyN=1 MyZ=7147.22 TgtZ=8002.95 Dist=1358.11
[ROOT] team=1 status=2 Z=7147.22 VP=(3564.4,2025.4,8282.05)
[SelectTarget] team=2 EnemyN=1 TgtZ=7142.85
[DIST] team=2 EnemyN=1 MyZ=8002.95 TgtZ=7142.85 Dist=1363.29
[ROOT] team=2 status=2 Z=8002.95 VP=(4924.37,1102.3,9055.37)
[SelectTarget] team=1 EnemyN=1 TgtZ=8530.52
[DIST] team=1 EnemyN=1 MyZ=6223.34 TgtZ=8530.52 Dist=3008.85
[ROOT] team=1 status=2 Z=6223.34 VP=(3914.17,2010.62,9147.86)
[SelectTarget] team=2 EnemyN=1 TgtZ=6217.65
[DIST] team=2 EnemyN=1 MyZ=8530.52 TgtZ=6217.65 Dist=3013.49
[ROOT] team=2 status=2 Z=8530.52 VP=(3985.78,295.556,9415.67)
[PURE_ATA] team=2 ata=139.326 dist=4036.99 leadDist=2658.87 aa=12.7928
[PURE_ATA] team=2 ata=138.929 dist=4082.11 leadDist=2704.09 aa=12.8456
[PURE_ATA] team=2 ata=138.516 dist=4126.58 leadDist=2749.22 aa=12.8875
[PURE_ATA] team=2 ata=138.103 dist=4169.84 leadDist=2794.36 aa=12.9159
[PURE_ATA] team=2 ata=137.663 dist=4213.13 leadDist=2839.22 aa=12.9451
[PURE_ATA] team=2 ata=137.197 dist=4256.42 leadDist=2883.79 aa=12.9764
[PURE_ATA] team=2 ata=136.716 dist=4299.16 leadDist=2928.17 aa=13.0044
[PURE_ATA] team=2 ata=136.223 dist=4340.9 leadDist=2972.42 aa=13.0335
[PURE_ATA] team=2 ata=135.692 dist=4382.91 leadDist=3016.27 aa=13.0568
[SelectTarget] team=1 EnemyN=1 TgtZ=9140.27
[DIST] team=1 EnemyN=1 MyZ=5200.86 TgtZ=9140.27 Dist=4419.79
[ROOT] team=1 status=2 Z=5200.86 VP=(4304.8,2108.16,9600.31)
[SelectTarget] team=2 EnemyN=1 TgtZ=5195.55
[DIST] team=2 EnemyN=1 MyZ=9140.27 TgtZ=5195.55 Dist=4423.81
[PURE_ATA] team=2 ata=135.148 dist=4423.81 leadDist=3059.95 aa=13.0753
[ROOT] team=2 status=2 Z=9140.27 VP=(4675.49,300.863,8255.5)
[PURE_ATA] team=2 ata=134.571 dist=4464.64 leadDist=3103.26 aa=13.0956
[PURE_ATA] team=2 ata=133.978 dist=4504.78 leadDist=3146.29 aa=13.1063
[PURE_ATA] team=2 ata=133.36 dist=4544.79 leadDist=3188.91 aa=13.1228
[PURE_ATA] team=2 ata=132.748 dist=4583.72 leadDist=3231.3 aa=13.1399
[PURE_ATA] team=2 ata=132.137 dist=4622.05 leadDist=3273.34 aa=13.1647
[PURE_ATA] team=2 ata=131.511 dist=4660.68 leadDist=3314.82 aa=13.2194
[PURE_ATA] team=2 ata=130.911 dist=4698.03 leadDist=3356.04 aa=13.2656
[PURE_ATA] team=2 ata=130.308 dist=4735.29 leadDist=3396.75 aa=13.3497
[PURE_ATA] team=2 ata=129.708 dist=4772.23 leadDist=3436.96 aa=13.4546
[PURE_ATA] team=2 ata=129.118 dist=4808.52 leadDist=3476.74 aa=13.5822
[PURE_ATA] team=2 ata=128.546 dist=4843.63 leadDist=3516.15 aa=13.7127
[PURE_ATA] team=2 ata=127.959 dist=4878.91 leadDist=3554.93 aa=13.8794
[PURE_ATA] team=2 ata=127.373 dist=4913.5 leadDist=3593.21 aa=14.0624
[PURE_ATA] team=2 ata=126.797 dist=4947.04 leadDist=3631.06 aa=14.2527
[PURE_ATA] team=2 ata=126.209 dist=4980.48 leadDist=3668.28 aa=14.4587
[PURE_ATA] team=2 ata=125.617 dist=5013.32 leadDist=3704.94 aa=14.6904
[PURE_ATA] team=2 ata=125.029 dist=5045.39 leadDist=3741.06 aa=14.9276
[PURE_ATA] team=2 ata=124.433 dist=5077.12 leadDist=3776.55 aa=15.1907
[PURE_ATA] team=2 ata=123.841 dist=5108.07 leadDist=3811.47 aa=15.467
[PURE_ATA] team=2 ata=123.243 dist=5138.65 leadDist=3845.72 aa=15.7757
[PURE_ATA] team=2 ata=122.657 dist=5168.22 leadDist=3879.43 aa=16.0971
[PURE_ATA] team=2 ata=122.058 dist=5197.61 leadDist=3912.41 aa=16.4613
[PURE_ATA] team=2 ata=121.462 dist=5226.3 leadDist=3944.74 aa=16.8557
[PURE_ATA] team=2 ata=120.858 dist=5254.55 leadDist=3976.37 aa=17.3039
[PURE_ATA] team=2 ata=120.26 dist=5282.01 leadDist=4007.35 aa=17.7771
[PURE_ATA] team=2 ata=119.656 dist=5308.92 leadDist=4037.61 aa=18.2987
[PURE_ATA] team=2 ata=119.049 dist=5335.21 leadDist=4067.16 aa=18.8847
[PURE_ATA] team=2 ata=118.446 dist=5360.62 leadDist=4096.04 aa=19.4942
[PURE_ATA] team=2 ata=117.821 dist=5385.87 leadDist=4124.11 aa=20.2211
[SelectTarget] team=1 EnemyN=1 TgtZ=9669.01
[DIST] team=1 EnemyN=1 MyZ=4438.32 TgtZ=9669.01 Dist=5408.35
[ROOT] team=1 status=2 Z=4438.32 VP=(4522.61,2069.29,9932.73)
[SelectTarget] team=2 EnemyN=1 TgtZ=4435.48
[DIST] team=2 EnemyN=1 MyZ=9669.01 TgtZ=4435.48 Dist=5410.41
[PURE_ATA] team=2 ata=117.195 dist=5410.41 leadDist=4151.45 aa=21.0249
[ROOT] team=2 status=2 Z=9669.01 VP=(4845.91,1071.04,8586.93)
[PURE_ATA] team=2 ata=116.567 dist=5434.27 leadDist=4178.05 aa=21.9011
[PURE_ATA] team=2 ata=115.937 dist=5457.5 leadDist=4203.9 aa=22.8899
[PURE_ATA] team=2 ata=115.304 dist=5480.14 leadDist=4228.98 aa=24.0035
[PURE_ATA] team=2 ata=114.682 dist=5501.91 leadDist=4253.33 aa=25.2025
[PURE_ATA] team=2 ata=114.039 dist=5523.48 leadDist=4276.82 aa=26.6714
[PURE_ATA] team=2 ata=113.414 dist=5544.02 leadDist=4299.6 aa=28.2448
[PURE_ATA] team=2 ata=112.773 dist=5564.25 leadDist=4321.51 aa=30.1662
[PURE_ATA] team=2 ata=112.136 dist=5583.7 leadDist=4342.65 aa=32.3458
[PURE_ATA] team=2 ata=111.498 dist=5602.51 leadDist=4362.97 aa=34.9068
[PURE_ATA] team=2 ata=110.845 dist=5620.85 leadDist=4382.45 aa=38.0655
[PURE_ATA] team=2 ata=110.204 dist=5638.31 leadDist=4401.15 aa=41.6703
[PURE_ATA] team=2 ata=109.55 dist=5655.28 leadDist=4418.99 aa=46.1752
[PURE_ATA] team=2 ata=108.895 dist=5671.57 leadDist=4436.01 aa=51.5607
[PURE_ATA] team=2 ata=108.238 dist=5687.19 leadDist=4452.19 aa=58.1256
[PURE_ATA] team=2 ata=107.58 dist=5702.16 leadDist=4467.55 aa=65.4376
[PURE_ATA] team=2 ata=106.912 dist=5716.52 leadDist=4482.06 aa=73.6873
[PURE_ATA] team=2 ata=106.237 dist=5730.27 leadDist=4495.72 aa=85.0114
[PURE_ATA] team=2 ata=105.566 dist=5743.29 leadDist=4508.55 aa=99.3269
[PURE_ATA] team=2 ata=104.886 dist=5755.67 leadDist=4520.54 aa=115.768
[PURE_ATA] team=2 ata=104.201 dist=5767.55 leadDist=4531.65 aa=130.953
[PURE_ATA] team=2 ata=103.522 dist=5778.62 leadDist=4541.95 aa=143.521
[PURE_ATA] team=2 ata=102.839 dist=5789.07 leadDist=4551.39 aa=153.054
[PURE_ATA] team=2 ata=102.152 dist=5798.92 leadDist=4559.99 aa=160.145
[PURE_ATA] team=2 ata=101.467 dist=5808.1 leadDist=4567.75 aa=165.518
[PURE_ATA] team=2 ata=100.778 dist=5816.66 leadDist=4574.67 aa=169.64
[PURE_ATA] team=2 ata=100.089 dist=5824.63 leadDist=4580.74 aa=172.864
[PURE_ATA] team=2 ata=99.4069 dist=5831.85 leadDist=4586 aa=175.473
[PURE_ATA] team=2 ata=98.7251 dist=5838.48 leadDist=4590.42 aa=177.537
[PURE_ATA] team=2 ata=98.0437 dist=5844.51 leadDist=4594 aa=179.16
[SelectTarget] team=1 EnemyN=1 TgtZ=10011.2
[DIST] team=1 EnemyN=1 MyZ=4243.73 TgtZ=10011.2 Dist=5850
[ROOT] team=1 status=2 Z=4243.73 VP=(4219.76,973.272,9941.75)
[SelectTarget] team=2 EnemyN=1 TgtZ=4244.45
[DIST] team=2 EnemyN=1 MyZ=10011.2 TgtZ=4244.45 Dist=5849.89
[PURE_ATA] team=2 ata=97.3673 dist=5849.89 leadDist=4596.77 aa=179.516
[ROOT] team=2 status=2 Z=10011.2 VP=(4968.96,2139.09,8841.22)
[PURE_ATA] team=2 ata=96.6904 dist=5854.51 leadDist=4598.74 aa=178.45
[PURE_ATA] team=2 ata=96.0224 dist=5858.65 leadDist=4599.87 aa=177.609
[PURE_ATA] team=2 ata=95.3455 dist=5861.98 leadDist=4600.24 aa=176.988
[PURE_ATA] team=2 ata=94.692 dist=5864.84 leadDist=4599.77 aa=176.465
[PURE_ATA] team=2 ata=94.0379 dist=5867.01 leadDist=4598.52 aa=176.095
[PURE_ATA] team=2 ata=93.3875 dist=5868.62 leadDist=4596.47 aa=175.847
[PURE_ATA] team=2 ata=92.7475 dist=5869.61 leadDist=4593.65 aa=175.681
[PURE_ATA] team=2 ata=92.1159 dist=5870 leadDist=4590.05 aa=175.582
[PURE_ATA] team=2 ata=91.481 dist=5869.73 leadDist=4585.7 aa=175.576
[PURE_ATA] team=2 ata=90.8652 dist=5869.01 leadDist=4580.57 aa=175.589
[PURE_ATA] team=2 ata=90.2457 dist=5867.37 leadDist=4574.76 aa=175.665
[PURE_ATA] team=2 ata=89.6417 dist=5865.35 leadDist=4568.16 aa=175.756
[PURE_ATA] team=2 ata=89.0439 dist=5862.83 leadDist=4560.82 aa=175.874
[PURE_ATA] team=2 ata=88.4439 dist=5859.37 leadDist=4552.83 aa=176.025
[PURE_ATA] team=2 ata=87.8593 dist=5855.58 leadDist=4544.08 aa=176.175
[PURE_ATA] team=2 ata=87.2845 dist=5851.26 leadDist=4534.63 aa=176.322
[PURE_ATA] team=2 ata=86.7097 dist=5846.28 leadDist=4524.51 aa=176.498
[PURE_ATA] team=2 ata=86.1575 dist=5840.94 leadDist=4513.67 aa=176.636
[PURE_ATA] team=2 ata=85.5987 dist=5834.68 leadDist=4502.24 aa=176.799
[PURE_ATA] team=2 ata=85.0464 dist=5827.96 leadDist=4490.13 aa=176.962
[PURE_ATA] team=2 ata=84.5047 dist=5820.76 leadDist=4477.37 aa=177.113
[PURE_ATA] team=2 ata=83.9704 dist=5813.15 leadDist=4463.94 aa=177.26
[PURE_ATA] team=2 ata=83.4418 dist=5804.77 leadDist=4449.95 aa=177.402
[PURE_ATA] team=2 ata=82.9195 dist=5796 leadDist=4435.31 aa=177.538
[PURE_ATA] team=2 ata=82.4039 dist=5786.47 leadDist=4420.12 aa=177.667
[PURE_ATA] team=2 ata=81.8898 dist=5776.59 leadDist=4404.32 aa=177.799
[PURE_ATA] team=2 ata=81.3949 dist=5766.23 leadDist=4387.93 aa=177.899
[PURE_ATA] team=2 ata=80.8978 dist=5755.2 leadDist=4371.01 aa=178.009
[PURE_ATA] team=2 ata=80.4095 dist=5744.2 leadDist=4353.44 aa=178.116
[SelectTarget] team=1 EnemyN=1 TgtZ=10135.3
[DIST] team=1 EnemyN=1 MyZ=4649.81 TgtZ=10135.3 Dist=5734.43
[ROOT] team=1 status=2 Z=4649.81 VP=(4808.32,1053.03,9613.88)
[SelectTarget] team=2 EnemyN=1 TgtZ=4653.39
[DIST] team=2 EnemyN=1 MyZ=10135.3 TgtZ=4653.39 Dist=5732.13
[PURE_ATA] team=2 ata=79.9193 dist=5732.13 leadDist=4335.44 aa=178.221
[ROOT] team=2 status=2 Z=10135.3 VP=(4997.72,3097.11,8988.83)
[PURE_ATA] team=2 ata=79.439 dist=5719.7 leadDist=4316.89 aa=178.314
[PURE_ATA] team=2 ata=78.9596 dist=5707 leadDist=4297.79 aa=178.414
[PURE_ATA] team=2 ata=78.4894 dist=5693.53 leadDist=4278.24 aa=178.495
[PURE_ATA] team=2 ata=78.0175 dist=5679.41 leadDist=4258.24 aa=178.582
[PURE_ATA] team=2 ata=77.5607 dist=5665.34 leadDist=4237.66 aa=178.647
[PURE_ATA] team=2 ata=77.1022 dist=5650.63 leadDist=4216.65 aa=178.721
[PURE_ATA] team=2 ata=76.6487 dist=5635.21 leadDist=4195.24 aa=178.786
[PURE_ATA] team=2 ata=76.2005 dist=5619.54 leadDist=4173.34 aa=178.849
[PURE_ATA] team=2 ata=75.7563 dist=5603.64 leadDist=4150.98 aa=178.91
[PURE_ATA] team=2 ata=75.3132 dist=5586.63 leadDist=4128.34 aa=178.97
[PURE_ATA] team=2 ata=74.8796 dist=5569.82 leadDist=4105.16 aa=179.02
[PURE_ATA] team=2 ata=74.4446 dist=5552.37 leadDist=4081.64 aa=179.077
[PURE_ATA] team=2 ata=74.0206 dist=5534.21 leadDist=4057.79 aa=179.119
[PURE_ATA] team=2 ata=73.5946 dist=5516.39 leadDist=4033.43 aa=179.173
[PURE_ATA] team=2 ata=73.1783 dist=5497.39 leadDist=4008.86 aa=179.214
[PURE_ATA] team=2 ata=72.7614 dist=5478.24 leadDist=3983.9 aa=179.259
[PURE_ATA] team=2 ata=72.3547 dist=5458.93 leadDist=3958.56 aa=179.298
[PURE_ATA] team=2 ata=71.9505 dist=5438.96 leadDist=3932.95 aa=179.336
[PURE_ATA] team=2 ata=71.5484 dist=5418.87 leadDist=3906.98 aa=179.372
[PURE_ATA] team=2 ata=71.1406 dist=5397.61 leadDist=3880.87 aa=179.408
[PURE_ATA] team=2 ata=70.727 dist=5377.29 leadDist=3854.21 aa=179.444
[PURE_ATA] team=2 ata=70.3113 dist=5355.26 leadDist=3827.55 aa=179.472
[PURE_ATA] team=2 ata=69.8885 dist=5333.69 leadDist=3800.45 aa=179.507
[PURE_ATA] team=2 ata=69.467 dist=5311.48 leadDist=3773.16 aa=179.542
[PURE_ATA] team=2 ata=69.0529 dist=5289.19 leadDist=3745.58 aa=179.57
[PURE_ATA] team=2 ata=68.6418 dist=5266.26 leadDist=3717.81 aa=179.599
[PURE_ATA] team=2 ata=68.2326 dist=5242.71 leadDist=3689.87 aa=179.629
[PURE_ATA] team=2 ata=67.8226 dist=5219.1 leadDist=3661.67 aa=179.666
[PURE_ATA] team=2 ata=67.418 dist=5195.44 leadDist=3633.2 aa=179.698
[SelectTarget] team=1 EnemyN=1 TgtZ=10072.9
[DIST] team=1 EnemyN=1 MyZ=5429.25 TgtZ=10072.9 Dist=5174.3
[ROOT] team=1 status=2 Z=5429.25 VP=(5234.12,1312.37,9350.79)
[SelectTarget] team=2 EnemyN=1 TgtZ=5434.08
[DIST] team=2 EnemyN=1 MyZ=10072.9 TgtZ=5434.08 Dist=5171.15
[PURE_ATA] team=2 ata=67.0147 dist=5171.15 leadDist=3604.59 aa=179.731
[ROOT] team=2 status=2 Z=10072.9 VP=(4965.16,3666.02,9038.67)
[PURE_ATA] team=2 ata=66.6099 dist=5146.24 leadDist=3575.85 aa=179.765
[PURE_ATA] team=2 ata=66.2047 dist=5121.3 leadDist=3546.88 aa=179.801
[PURE_ATA] team=2 ata=65.7966 dist=5095.73 leadDist=3517.8 aa=179.837
[PURE_ATA] team=2 ata=65.3817 dist=5070.14 leadDist=3488.5 aa=179.881
[PURE_ATA] team=2 ata=64.9636 dist=5044.56 leadDist=3458.99 aa=179.924
[PURE_ATA] team=2 ata=64.5477 dist=5018.36 leadDist=3429.4 aa=179.961
[PURE_ATA] team=2 ata=64.1355 dist=4991.54 leadDist=3399.74 aa=179.99
[PURE_ATA] team=2 ata=63.7073 dist=4964.09 leadDist=3370.03 aa=179.965
[PURE_ATA] team=2 ata=63.2866 dist=4937.31 leadDist=3340.02 aa=179.931
[PURE_ATA] team=2 ata=62.86 dist=4909.91 leadDist=3309.97 aa=179.893
[PURE_ATA] team=2 ata=62.441 dist=4881.26 leadDist=3280.02 aa=179.866
[PURE_ATA] team=2 ata=62.0165 dist=4853.29 leadDist=3249.79 aa=179.834
[PURE_ATA] team=2 ata=61.5875 dist=4824.69 leadDist=3219.57 aa=179.798
[PURE_ATA] team=2 ata=61.1723 dist=4795.52 leadDist=3189.34 aa=179.776
[PURE_ATA] team=2 ata=60.7453 dist=4767.06 leadDist=3158.87 aa=179.735
[PURE_ATA] team=2 ata=60.3289 dist=4737.33 leadDist=3128.55 aa=179.691
[PURE_ATA] team=2 ata=59.9076 dist=4707.67 leadDist=3098.13 aa=179.619
[PURE_ATA] team=2 ata=59.4901 dist=4677.4 leadDist=3067.76 aa=179.522
[PURE_ATA] team=2 ata=59.0751 dist=4646.54 leadDist=3037.45 aa=179.413
[PURE_ATA] team=2 ata=58.6533 dist=4616.44 leadDist=3006.94 aa=179.307
[PURE_ATA] team=2 ata=58.2346 dist=4585.75 leadDist=2976.49 aa=179.243
[PURE_ATA] team=2 ata=57.824 dist=4554.5 leadDist=2946.13 aa=179.246
[PURE_ATA] team=2 ata=57.4025 dist=4523.32 leadDist=2915.74 aa=179.305
[PURE_ATA] team=2 ata=56.9857 dist=4491.55 leadDist=2885.46 aa=179.426
[PURE_ATA] team=2 ata=56.5719 dist=4459.2 leadDist=2855.29 aa=179.591
[PURE_ATA] team=2 ata=56.167 dist=4426.3 leadDist=2825.25 aa=179.777
[PURE_ATA] team=2 ata=55.749 dist=4394.2 leadDist=2795.08 aa=179.924
[PURE_ATA] team=2 ata=55.3346 dist=4361.53 leadDist=2765.05 aa=179.984
[PURE_ATA] team=2 ata=54.9186 dist=4328.25 leadDist=2735.2 aa=179.967
[SelectTarget] team=1 EnemyN=1 TgtZ=9870.32
[DIST] team=1 EnemyN=1 MyZ=6301.3 TgtZ=9870.32 Dist=4299.76
[ROOT] team=1 status=2 Z=6301.3 VP=(5573.54,1548.13,9084.78)
[SelectTarget] team=2 EnemyN=1 TgtZ=6305.92
[DIST] team=2 EnemyN=1 MyZ=9870.32 TgtZ=6305.92 Dist=4295.19
[PURE_ATA] team=2 ata=54.5086 dist=4295.19 leadDist=2705.36 aa=179.995
[ROOT] team=2 status=2 Z=9870.32 VP=(4947.82,3762.63,9011.28)
[PURE_ATA] team=2 ata=54.0978 dist=4261.53 leadDist=2675.72 aa=179.958
[PURE_ATA] team=2 ata=53.689 dist=4228.05 leadDist=2646.12 aa=179.905
[PURE_ATA] team=2 ata=53.2785 dist=4193.97 leadDist=2616.73 aa=179.849
[PURE_ATA] team=2 ata=52.8691 dist=4159.3 leadDist=2587.56 aa=179.795
[PURE_ATA] team=2 ata=52.4615 dist=4124.82 leadDist=2558.47 aa=179.748
[PURE_ATA] team=2 ata=52.0496 dist=4091.3 leadDist=2529.31 aa=179.704
[PURE_ATA] team=2 ata=51.6504 dist=4055.69 leadDist=2500.7 aa=179.681
[PURE_ATA] team=2 ata=51.2464 dist=4021.06 leadDist=2472.04 aa=179.664
[SYNC] dist=3552.26 dV=-65.5396 thr=1
[SelectTarget] team=1 EnemyN=1 TgtZ=9566.09
[DIST] team=1 EnemyN=1 MyZ=7021.66 TgtZ=9566.09 Dist=3229.22
[ROOT] team=1 status=2 Z=7021.66 VP=(6105.38,2077.36,9150.99)
[SelectTarget] team=2 EnemyN=1 TgtZ=7025.19
[DIST] team=2 EnemyN=1 MyZ=9566.09 TgtZ=7025.19 Dist=3225.37
[ROOT] team=2 status=2 Z=9566.09 VP=(5288.49,2141.51,7318.11)
[SelectTarget] team=1 EnemyN=1 TgtZ=9161.65
[DIST] team=1 EnemyN=1 MyZ=7564.35 TgtZ=9161.65 Dist=2127.53
[ROOT] team=1 status=2 Z=7564.35 VP=(6187.64,1871.21,9257.05)
[SelectTarget] team=2 EnemyN=1 TgtZ=7566.69
[DIST] team=2 EnemyN=1 MyZ=9161.65 TgtZ=7566.69 Dist=2123.52
[ROOT] team=2 status=2 Z=9161.65 VP=(7167.14,3176.58,7473.27)
[SelectTarget] team=1 EnemyN=1 TgtZ=8666
[DIST] team=1 EnemyN=1 MyZ=8014.56 TgtZ=8666 Dist=1144.69
[ROOT] team=1 status=2 Z=8014.56 VP=(6528.16,2210.15,8805.1)
[SelectTarget] team=2 EnemyN=1 TgtZ=8017.11
[DIST] team=2 EnemyN=1 MyZ=8666 TgtZ=8017.11 Dist=1141.49
[ROOT] team=2 status=2 Z=8666 VP=(6960.03,3390.48,6578.49)
[CLAMP_DIAG] team=1 rawDist=879.005 offBoresightDeg=45.7933 clamped=0
[SelectTarget] team=1 EnemyN=1 TgtZ=7995.56
[DIST] team=1 EnemyN=1 MyZ=8425.98 TgtZ=7995.56 Dist=1001.8
[ROOT] team=1 status=2 Z=8425.98 VP=(6893.74,2645.37,8129.83)
[SelectTarget] team=2 EnemyN=1 TgtZ=8427.71
[DIST] team=2 EnemyN=1 MyZ=7995.56 TgtZ=8427.71 Dist=1000.87
[ROOT] team=2 status=2 Z=7995.56 VP=(5424.58,2110.08,7222.06)
[SYNC] dist=1382.27 dV=63.2247 thr=0.25
[SelectTarget] team=1 EnemyN=1 TgtZ=7174.66
[DIST] team=1 EnemyN=1 MyZ=8597.87 TgtZ=7174.66 Dist=1586.79
[ROOT] team=1 status=2 Z=8597.87 VP=(6961.04,2807.76,7947.87)
[SelectTarget] team=2 EnemyN=1 TgtZ=8597.99
[DIST] team=2 EnemyN=1 MyZ=7174.66 TgtZ=8597.99 Dist=1586.59
[ROOT] team=2 status=2 Z=7174.66 VP=(5428.14,1634.75,7048.92)
[SelectTarget] team=1 EnemyN=1 TgtZ=6381.71
[DIST] team=1 EnemyN=1 MyZ=8474.87 TgtZ=6381.71 Dist=2276.77
[ROOT] team=1 status=2 Z=8474.87 VP=(6701.14,2777.83,7824.87)
[SelectTarget] team=2 EnemyN=1 TgtZ=8473.41
[DIST] team=2 EnemyN=1 MyZ=6381.71 TgtZ=8473.41 Dist=2276.2
[ROOT] team=2 status=2 Z=6381.71 VP=(5893.02,921.988,6424.14)
[SelectTarget] team=1 EnemyN=1 TgtZ=5767.31
[DIST] team=1 EnemyN=1 MyZ=8085.66 TgtZ=5767.31 Dist=2849.93
[ROOT] team=1 status=2 Z=8085.66 VP=(6083.57,1558.45,7435.66)
[SelectTarget] team=2 EnemyN=1 TgtZ=8082.78
[DIST] team=2 EnemyN=1 MyZ=5767.31 TgtZ=8082.78 Dist=2848.73
[ROOT] team=2 status=2 Z=5767.31 VP=(6379.8,445.961,6880.05)
[SelectTarget] team=1 EnemyN=1 TgtZ=5461.6
[DIST] team=1 EnemyN=1 MyZ=7449.84 TgtZ=5461.6 Dist=3155.72
[ROOT] team=1 status=2 Z=7449.84 VP=(6051.04,719.008,6799.84)
[SelectTarget] team=2 EnemyN=1 TgtZ=7445.78
[DIST] team=2 EnemyN=1 MyZ=5461.6 TgtZ=7445.78 Dist=3153.5
[ROOT] team=2 status=2 Z=5461.6 VP=(6836.99,592.445,7350.91)
[SYNC] dist=3145.05 dV=-2.62363 thr=0.776236
[SelectTarget] team=1 EnemyN=1 TgtZ=5541.46
[DIST] team=1 EnemyN=1 MyZ=6697.5 TgtZ=5541.46 Dist=3086.9
[ROOT] team=1 status=2 Z=6697.5 VP=(6422.51,117.719,6047.5)
[SelectTarget] team=2 EnemyN=1 TgtZ=6693.41
[DIST] team=2 EnemyN=1 MyZ=5541.46 TgtZ=6693.41 Dist=3084.38
[ROOT] team=2 status=2 Z=5541.46 VP=(7291.44,1094.41,7354.26)
[SelectTarget] team=1 EnemyN=1 TgtZ=5933.21
[DIST] team=1 EnemyN=1 MyZ=6045.06 TgtZ=5933.21 Dist=2654.64
[ROOT] team=1 status=2 Z=6045.06 VP=(7006.88,29.8805,6155.52)
[SelectTarget] team=2 EnemyN=1 TgtZ=6042.05
[DIST] team=2 EnemyN=1 MyZ=5933.21 TgtZ=6042.05 Dist=2649.97
[ROOT] team=2 status=2 Z=5933.21 VP=(7153.56,1786.91,6809.12)
[SelectTarget] team=1 EnemyN=1 TgtZ=6413.57
[DIST] team=1 EnemyN=1 MyZ=5662.03 TgtZ=6413.57 Dist=2002.36
[ROOT] team=1 status=2 Z=5662.03 VP=(6521.04,37.2819,6321.93)
[SelectTarget] team=2 EnemyN=1 TgtZ=5660.93
[DIST] team=2 EnemyN=1 MyZ=6413.57 TgtZ=5660.93 Dist=1998.77
[ROOT] team=2 status=2 Z=6413.57 VP=(8490.5,584.614,5671.87)
[SelectTarget] team=1 EnemyN=1 TgtZ=6702.7
[DIST] team=1 EnemyN=1 MyZ=5668.21 TgtZ=6702.7 Dist=1416.28
[ROOT] team=1 status=2 Z=5668.21 VP=(7030.85,67.2061,6674.14)
[SelectTarget] team=2 EnemyN=1 TgtZ=5669.34
[DIST] team=2 EnemyN=1 MyZ=6702.7 TgtZ=5669.34 Dist=1413.14
[ROOT] team=2 status=2 Z=6702.7 VP=(8155.28,862.771,4757.61)
[SYNC] dist=1183.8 dV=-76.3429 thr=1
[SelectTarget] team=1 EnemyN=1 TgtZ=6625.71
[DIST] team=1 EnemyN=1 MyZ=6018.19 TgtZ=6625.71 Dist=1164.48
[ROOT] team=1 status=2 Z=6018.19 VP=(7620.27,239.309,6672.18)
[SelectTarget] team=2 EnemyN=1 TgtZ=6020.75
[DIST] team=2 EnemyN=1 MyZ=6625.71 TgtZ=6020.75 Dist=1162.68
[ROOT] team=2 status=2 Z=6625.71 VP=(7654.86,471.977,4235.82)
[SelectTarget] team=1 EnemyN=1 TgtZ=6159.92
[DIST] team=1 EnemyN=1 MyZ=6498.29 TgtZ=6159.92 Dist=1399.35
[ROOT] team=1 status=2 Z=6498.29 VP=(8092.48,445.566,6264.67)
[SelectTarget] team=2 EnemyN=1 TgtZ=6500.77
[DIST] team=2 EnemyN=1 MyZ=6159.92 TgtZ=6500.77 Dist=1399.24
[ROOT] team=2 status=2 Z=6159.92 VP=(7232.29,-285.038,4887.75)
[SelectTarget] team=1 EnemyN=1 TgtZ=5447.4
[DIST] team=1 EnemyN=1 MyZ=6816.15 TgtZ=5447.4 Dist=1787.18
[ROOT] team=1 status=2 Z=6816.15 VP=(8242.66,488.83,6166.15)
[SelectTarget] team=2 EnemyN=1 TgtZ=6817
[DIST] team=2 EnemyN=1 MyZ=5447.4 TgtZ=6817 Dist=1786.7
[ROOT] team=2 status=2 Z=5447.4 VP=(7835.4,-1248.27,4885.4)
[SelectTarget] team=1 EnemyN=1 TgtZ=4809.64
[DIST] team=1 EnemyN=1 MyZ=6793.94 TgtZ=4809.64 Dist=2040.14
[ROOT] team=1 status=2 Z=6793.94 VP=(8188.02,137.258,6143.94)
[SelectTarget] team=2 EnemyN=1 TgtZ=6792.87
[DIST] team=2 EnemyN=1 MyZ=4809.64 TgtZ=6792.87 Dist=2039.11
[ROOT] team=2 status=2 Z=4809.64 VP=(8808.01,-1053.38,3654.18)
[CLAMP_DIAG] team=1 rawDist=822.326 offBoresightDeg=68.3079 clamped=0
[SYNC] dist=2241.89 dV=38.4801 thr=0.365199
[SelectTarget] team=1 EnemyN=1 TgtZ=4186.25
[DIST] team=1 EnemyN=1 MyZ=6420.35 TgtZ=4186.25 Dist=2336.72
[ROOT] team=1 status=2 Z=6420.35 VP=(8340.44,-403.25,5770.35)
[SelectTarget] team=2 EnemyN=1 TgtZ=6417.24
[DIST] team=2 EnemyN=1 MyZ=4186.25 TgtZ=6417.24 Dist=2334.66
[ROOT] team=2 status=2 Z=4186.25 VP=(8874.7,-2407.23,4759.84)
[SelectTarget] team=1 EnemyN=1 TgtZ=3823.42
[DIST] team=1 EnemyN=1 MyZ=5706.36 TgtZ=3823.42 Dist=2435.12
[ROOT] team=1 status=2 Z=5706.36 VP=(8544.35,-1097.66,5056.36)
[SelectTarget] team=2 EnemyN=1 TgtZ=5701.79
[DIST] team=2 EnemyN=1 MyZ=3823.42 TgtZ=5701.79 Dist=2431.6
[ROOT] team=2 status=2 Z=3823.42 VP=(9637.23,-1885.4,5783.26)
[SelectTarget] team=1 EnemyN=1 TgtZ=3955.2
[DIST] team=1 EnemyN=1 MyZ=4889.28 TgtZ=3955.2 Dist=2203.24
[ROOT] team=1 status=2 Z=4889.28 VP=(8905.99,-1837.39,4239.28)
[SelectTarget] team=2 EnemyN=1 TgtZ=4885.06
[DIST] team=2 EnemyN=1 MyZ=3955.2 TgtZ=4885.06 Dist=2199.06
[ROOT] team=2 status=2 Z=3955.2 VP=(10256.6,-1093.97,5638.87)
[SelectTarget] team=1 EnemyN=1 TgtZ=4401.42
[DIST] team=1 EnemyN=1 MyZ=4273.71 TgtZ=4401.42 Dist=1749.22
[ROOT] team=1 status=2 Z=4273.71 VP=(9431.19,-2204.28,4319.51)
[SelectTarget] team=2 EnemyN=1 TgtZ=4271.26
[DIST] team=2 EnemyN=1 MyZ=4401.42 TgtZ=4271.26 Dist=1745.53
[ROOT] team=2 status=2 Z=4401.42 VP=(9812.18,-255.4,4568.35)
[SYNC] dist=1416.53 dV=-77.5261 thr=1
[SelectTarget] team=1 EnemyN=1 TgtZ=4807.67
[DIST] team=1 EnemyN=1 MyZ=4041.7 TgtZ=4807.67 Dist=1318.71
[ROOT] team=1 status=2 Z=4041.7 VP=(9951.93,-2037.17,4752.64)
[SelectTarget] team=2 EnemyN=1 TgtZ=4041.59
[DIST] team=2 EnemyN=1 MyZ=4807.67 TgtZ=4041.59 Dist=1315.73
[ROOT] team=2 status=2 Z=4807.67 VP=(9690.96,-252.399,3423.54)
[SelectTarget] team=1 EnemyN=1 TgtZ=4872.76
[DIST] team=1 EnemyN=1 MyZ=4203.54 TgtZ=4872.76 Dist=1294.12
[ROOT] team=1 status=2 Z=4203.54 VP=(10327.2,-1500.66,4889.72)
[SelectTarget] team=2 EnemyN=1 TgtZ=4205.28
[DIST] team=2 EnemyN=1 MyZ=4872.76 TgtZ=4205.28 Dist=1292.59
[ROOT] team=2 status=2 Z=4872.76 VP=(9627.22,-794.811,2711.36)
[SelectTarget] team=1 EnemyN=1 TgtZ=4494.83
[DIST] team=1 EnemyN=1 MyZ=4577.92 TgtZ=4494.83 Dist=1631.97
[ROOT] team=1 status=2 Z=4577.92 VP=(10468,-897.957,4584.29)
[SelectTarget] team=2 EnemyN=1 TgtZ=4580.05
[DIST] team=2 EnemyN=1 MyZ=4494.83 TgtZ=4580.05 Dist=1631.71
[ROOT] team=2 status=2 Z=4494.83 VP=(9917.09,-1678.67,2857.79)
[SelectTarget] team=1 EnemyN=1 TgtZ=3776.8
[DIST] team=1 EnemyN=1 MyZ=4861.21 TgtZ=3776.8 Dist=1953.2
[ROOT] team=1 status=2 Z=4861.21 VP=(10391.3,-635.028,4211.21)
[SelectTarget] team=2 EnemyN=1 TgtZ=4861.96
[DIST] team=2 EnemyN=1 MyZ=3776.8 TgtZ=4861.96 Dist=1952.64
[ROOT] team=2 status=2 Z=3776.8 VP=(10841.3,-2316.66,3183.14)
[SYNC] dist=2035.97 dV=8.64258 thr=0.663574
[SelectTarget] team=1 EnemyN=1 TgtZ=3066.79
[DIST] team=1 EnemyN=1 MyZ=4812.19 TgtZ=3066.79 Dist=2039.07
[ROOT] team=1 status=2 Z=4812.19 VP=(10399.4,-934.673,4162.19)
[SelectTarget] team=2 EnemyN=1 TgtZ=4810.92
[DIST] team=2 EnemyN=1 MyZ=3066.79 TgtZ=4810.92 Dist=2037.49
[ROOT] team=2 status=2 Z=3066.79 VP=(11931.7,-1543.13,2259.24)
[SelectTarget] team=1 EnemyN=1 TgtZ=2506.36
[DIST] team=1 EnemyN=1 MyZ=4419.79 TgtZ=2506.36 Dist=1997.3
[ROOT] team=1 status=2 Z=4419.79 VP=(10883.1,-1250.02,3769.79)
[SelectTarget] team=2 EnemyN=1 TgtZ=4416.67
[DIST] team=2 EnemyN=1 MyZ=2506.36 TgtZ=4416.67 Dist=1994.72
[ROOT] team=2 status=2 Z=2506.36 VP=(12462.1,-882.677,2000)
[SelectTarget] team=1 EnemyN=1 TgtZ=2226.31
[DIST] team=1 EnemyN=1 MyZ=3689.04 TgtZ=2226.31 Dist=1722.37
[ROOT] team=1 status=2 Z=3689.04 VP=(11611.2,-1033.3,3039.04)
[SelectTarget] team=2 EnemyN=1 TgtZ=3684.18
[DIST] team=2 EnemyN=1 MyZ=2226.31 TgtZ=3684.18 Dist=1718.81
[ROOT] team=2 status=2 Z=2226.31 VP=(12744.1,739.113,2534.06)
[SelectTarget] team=1 EnemyN=1 TgtZ=2251.24
[DIST] team=1 EnemyN=1 MyZ=2777.01 TgtZ=2251.24 Dist=1332.29
[ROOT] team=1 status=2 Z=2777.01 VP=(11640.6,-1428.58,7665.24)
[SelectTarget] team=2 EnemyN=1 TgtZ=2772.14
[DIST] team=2 EnemyN=1 MyZ=2251.24 TgtZ=2772.14 Dist=1329.67
[ROOT] team=2 status=2 Z=2251.24 VP=(13410.7,969.978,2000)
[SYNC] dist=1734.86 dV=-39.6119 thr=1
[SelectTarget] team=1 EnemyN=1 TgtZ=2189.14
[DIST] team=1 EnemyN=1 MyZ=2081.98 TgtZ=2189.14 Dist=2046.72
[ROOT] team=1 status=2 Z=2081.98 VP=(12382.5,-2299.34,6852.19)
[SelectTarget] team=2 EnemyN=1 TgtZ=2079.51
[DIST] team=2 EnemyN=1 MyZ=2189.14 TgtZ=2079.51 Dist=2047.96
[ROOT] team=2 status=2 Z=2189.14 VP=(14175.4,1771.27,2000)
[SelectTarget] team=1 EnemyN=1 TgtZ=2094.66
[DIST] team=1 EnemyN=1 MyZ=1888.12 TgtZ=2094.66 Dist=3259.86
[ROOT] team=1 status=2 Z=1888.12 VP=(13379.9,-2585.8,6670.27)
[SelectTarget] team=2 EnemyN=1 TgtZ=1887.56
[DIST] team=2 EnemyN=1 MyZ=2094.66 TgtZ=1887.56 Dist=3260.69
[ROOT] team=2 status=2 Z=2094.66 VP=(11876.6,2547.16,2000)
[PURE_ATA] team=2 ata=172.577 dist=4005.96 leadDist=1647.61 aa=109.963
[PURE_ATA] team=2 ata=172.388 dist=4040.23 leadDist=1648.62 aa=115.529
[PURE_ATA] team=2 ata=172.198 dist=4073.2 leadDist=1649.74 aa=119.433
[PURE_ATA] team=2 ata=171.977 dist=4106.38 leadDist=1650.97 aa=122.358
[PURE_ATA] team=2 ata=171.605 dist=4138.58 leadDist=1652.34 aa=124.761
[PURE_ATA] team=2 ata=171.109 dist=4170.87 leadDist=1653.87 aa=126.773
[PURE_ATA] team=2 ata=170.563 dist=4202.19 leadDist=1655.55 aa=128.852
[PURE_ATA] team=2 ata=170.046 dist=4232.48 leadDist=1657.41 aa=135.59
[PURE_ATA] team=2 ata=169.559 dist=4262.96 leadDist=1659.4 aa=179.841
[PURE_ATA] team=2 ata=169.001 dist=4292.47 leadDist=1661.43 aa=111.906
[SelectTarget] team=1 EnemyN=1 TgtZ=1963.72
[DIST] team=1 EnemyN=1 MyZ=1836.9 TgtZ=1963.72 Dist=4322.82
[ROOT] team=1 status=2 Z=1836.9 VP=(14501.8,-2274.23,6622.42)
[SelectTarget] team=2 EnemyN=1 TgtZ=1836.58
[DIST] team=2 EnemyN=1 MyZ=1963.72 TgtZ=1836.58 Dist=4322.23
[PURE_ATA] team=2 ata=168.437 dist=4322.23 leadDist=1663.42 aa=99.1917
[ROOT] team=2 status=2 Z=1963.72 VP=(13059.9,-2223.01,3500)
[PURE_ATA] team=2 ata=167.844 dist=4352.36 leadDist=1665.28 aa=96.6361
[PURE_ATA] team=2 ata=167.206 dist=4381.45 leadDist=1666.88 aa=96.01
[PURE_ATA] team=2 ata=166.509 dist=4412.19 leadDist=1668.12 aa=96.4975
[PURE_ATA] team=2 ata=165.753 dist=4440.57 leadDist=1669.03 aa=97.3315
[PURE_ATA] team=2 ata=164.953 dist=4469.24 leadDist=1669.69 aa=99.4499
[PURE_ATA] team=2 ata=164.108 dist=4499.61 leadDist=1670.09 aa=103.563
[PURE_ATA] team=2 ata=163.228 dist=4528.97 leadDist=1670.21 aa=109.823
[PURE_ATA] team=2 ata=162.314 dist=4555.99 leadDist=1670.07 aa=117.066
[PURE_ATA] team=2 ata=161.375 dist=4584.68 leadDist=1669.7 aa=128.245
[PURE_ATA] team=2 ata=160.41 dist=4611.04 leadDist=1669.17 aa=143.394
[PURE_ATA] team=2 ata=159.423 dist=4637.76 leadDist=1668.53 aa=155.184
[PURE_ATA] team=2 ata=158.419 dist=4663.48 leadDist=1667.8 aa=162.989
[PURE_ATA] team=2 ata=157.396 dist=4689.56 leadDist=1667.04 aa=168.852
[PURE_ATA] team=2 ata=156.363 dist=4713.3 leadDist=1666.24 aa=173.502
[PURE_ATA] team=2 ata=155.318 dist=4736.06 leadDist=1665.44 aa=177.467
[PURE_ATA] team=2 ata=154.262 dist=4760.49 leadDist=1664.64 aa=179.097
[PURE_ATA] team=2 ata=153.203 dist=4781.28 leadDist=1663.87 aa=176.28
[PURE_ATA] team=2 ata=152.135 dist=4802.41 leadDist=1663.13 aa=174.117
[PURE_ATA] team=2 ata=151.063 dist=4822.55 leadDist=1662.44 aa=172.651
[PURE_ATA] team=2 ata=149.986 dist=4841.68 leadDist=1661.82 aa=171.779
[PURE_ATA] team=2 ata=148.903 dist=4861.16 leadDist=1661.26 aa=171.365
[PURE_ATA] team=2 ata=147.82 dist=4878.32 leadDist=1660.77 aa=171.368
[PURE_ATA] team=2 ata=146.733 dist=4895.79 leadDist=1660.37 aa=171.678
[PURE_ATA] team=2 ata=145.642 dist=4910.91 leadDist=1660.04 aa=172.167
[PURE_ATA] team=2 ata=144.55 dist=4926.38 leadDist=1659.79 aa=172.897
[PURE_ATA] team=2 ata=143.458 dist=4940.87 leadDist=1659.6 aa=173.602
[PURE_ATA] team=2 ata=142.363 dist=4954.33 leadDist=1659.48 aa=174.254
[PURE_ATA] team=2 ata=141.266 dist=4965.39 leadDist=1659.41 aa=174.845
[PURE_ATA] team=2 ata=140.167 dist=4976.8 leadDist=1659.39 aa=175.38
[SelectTarget] team=1 EnemyN=1 TgtZ=2252.28
[DIST] team=1 EnemyN=1 MyZ=1840.59 TgtZ=2252.28 Dist=4990.5
[ROOT] team=1 status=2 Z=1840.59 VP=(12774.5,3535.91,2807.7)
[SelectTarget] team=2 EnemyN=1 TgtZ=1840.58
[DIST] team=2 EnemyN=1 MyZ=2252.28 TgtZ=1840.58 Dist=4988.5
[PURE_ATA] team=2 ata=139.063 dist=4988.5 leadDist=1659.42 aa=175.864
[ROOT] team=2 status=2 Z=2252.28 VP=(14027,-1970.75,3500)
[PURE_ATA] team=2 ata=137.961 dist=4997.85 leadDist=1659.48 aa=176.296
[PURE_ATA] team=2 ata=136.857 dist=5006.16 leadDist=1659.56 aa=176.686
[PURE_ATA] team=2 ata=135.75 dist=5013.37 leadDist=1659.67 aa=177.037
[PURE_ATA] team=2 ata=134.64 dist=5020.93 leadDist=1659.8 aa=177.36
[PURE_ATA] team=2 ata=133.528 dist=5027.45 leadDist=1659.93 aa=177.652
[PURE_ATA] team=2 ata=132.413 dist=5032.85 leadDist=1660.07 aa=177.919
[PURE_ATA] team=2 ata=131.296 dist=5037.22 leadDist=1660.2 aa=178.163
[PURE_ATA] team=2 ata=130.179 dist=5039.23 leadDist=1660.31 aa=178.383
[PURE_ATA] team=2 ata=129.054 dist=5042.74 leadDist=1660.41 aa=178.591
[PURE_ATA] team=2 ata=127.927 dist=5043.72 leadDist=1660.48 aa=178.777
[PURE_ATA] team=2 ata=126.8 dist=5043.73 leadDist=1660.52 aa=178.948
[PURE_ATA] team=2 ata=125.669 dist=5042.7 leadDist=1660.52 aa=179.105
[PURE_ATA] team=2 ata=124.531 dist=5041.83 leadDist=1660.47 aa=179.248
[PURE_ATA] team=2 ata=123.39 dist=5039.81 leadDist=1660.37 aa=179.376
[PURE_ATA] team=2 ata=122.246 dist=5036.63 leadDist=1660.2 aa=179.488
[PURE_ATA] team=2 ata=121.103 dist=5032.3 leadDist=1659.97 aa=179.583
[PURE_ATA] team=2 ata=119.962 dist=5028.18 leadDist=1659.66 aa=179.666
[PURE_ATA] team=2 ata=118.824 dist=5021.51 leadDist=1659.27 aa=179.727
[PURE_ATA] team=2 ata=117.684 dist=5015.06 leadDist=1658.78 aa=179.773
[PURE_ATA] team=2 ata=116.547 dist=5006.15 leadDist=1658.21 aa=179.796
[PURE_ATA] team=2 ata=115.403 dist=4998.6 leadDist=1657.53 aa=179.803
[PURE_ATA] team=2 ata=114.261 dist=4988.6 leadDist=1656.74 aa=179.783
[PURE_ATA] team=2 ata=113.114 dist=4978.55 leadDist=1655.83 aa=179.75
[PURE_ATA] team=2 ata=111.971 dist=4966.27 leadDist=1654.8 aa=179.726
[PURE_ATA] team=2 ata=110.821 dist=4953.81 leadDist=1653.65 aa=179.726
[PURE_ATA] team=2 ata=109.666 dist=4941.52 leadDist=1652.36 aa=179.749
[PURE_ATA] team=2 ata=108.509 dist=4927.88 leadDist=1650.92 aa=179.783
[PURE_ATA] team=2 ata=107.35 dist=4913.01 leadDist=1649.33 aa=179.821
[PURE_ATA] team=2 ata=106.19 dist=4897.04 leadDist=1647.58 aa=179.861
[SelectTarget] team=1 EnemyN=1 TgtZ=2968.68
[DIST] team=1 EnemyN=1 MyZ=1854 TgtZ=2968.68 Dist=4884.22
[ROOT] team=1 status=2 Z=1854 VP=(12324.3,3199.15,3669.74)
[SelectTarget] team=2 EnemyN=1 TgtZ=1854.33
[DIST] team=2 EnemyN=1 MyZ=2968.68 TgtZ=1854.33 Dist=4879.57
[PURE_ATA] team=2 ata=105.026 dist=4879.57 leadDist=1645.67 aa=179.895
[ROOT] team=2 status=2 Z=2968.68 VP=(14555.6,-1142.88,3500)
[PURE_ATA] team=2 ata=103.852 dist=4863.33 leadDist=1643.57 aa=179.929
[PURE_ATA] team=2 ata=102.674 dist=4845.83 leadDist=1641.28 aa=179.957
[PURE_ATA] team=2 ata=101.5 dist=4825.96 leadDist=1638.8 aa=179.975
[PURE_ATA] team=2 ata=100.312 dist=4807.01 leadDist=1636.11 aa=179.986
[PURE_ATA] team=2 ata=99.1268 dist=4785.68 leadDist=1633.2 aa=179.987
[PURE_ATA] team=2 ata=97.9269 dist=4765.22 leadDist=1630.07 aa=179.978
[PURE_ATA] team=2 ata=96.7308 dist=4742.52 leadDist=1626.7 aa=179.961
[PURE_ATA] team=2 ata=95.52 dist=4720.65 leadDist=1623.08 aa=179.935
[PURE_ATA] team=2 ata=94.3076 dist=4696.24 leadDist=1619.21 aa=179.896
[PURE_ATA] team=2 ata=93.0812 dist=4671.56 leadDist=1615.07 aa=179.845
[PURE_ATA] team=2 ata=91.842 dist=4646.88 leadDist=1610.66 aa=179.789
[PURE_ATA] team=2 ata=90.588 dist=4621.89 leadDist=1605.97 aa=179.72
[PURE_ATA] team=2 ata=89.3333 dist=4594.32 leadDist=1600.98 aa=179.638
[PURE_ATA] team=2 ata=88.0578 dist=4567.61 leadDist=1595.69 aa=179.544
[PURE_ATA] team=2 ata=86.7691 dist=4540.68 leadDist=1590.09 aa=179.441
[PURE_ATA] team=2 ata=85.4793 dist=4511.3 leadDist=1584.17 aa=179.325
[PURE_ATA] team=2 ata=84.175 dist=4481.38 leadDist=1577.91 aa=179.192
[PURE_ATA] team=2 ata=82.8503 dist=4452.52 leadDist=1571.32 aa=179.052
[PURE_ATA] team=2 ata=81.5165 dist=4422.04 leadDist=1564.38 aa=178.893
[PURE_ATA] team=2 ata=80.169 dist=4391.26 leadDist=1557.08 aa=178.722
[PURE_ATA] team=2 ata=78.8123 dist=4358.99 leadDist=1549.41 aa=178.535
[PURE_ATA] team=2 ata=77.4362 dist=4327.54 leadDist=1541.37 aa=178.333
[PURE_ATA] team=2 ata=76.0737 dist=4294.56 leadDist=1532.95 aa=178.115
[PURE_ATA] team=2 ata=74.7249 dist=4261.05 leadDist=1524.13 aa=177.875
[PURE_ATA] team=2 ata=73.3942 dist=4226.3 leadDist=1514.91 aa=177.625
[PURE_ATA] team=2 ata=72.0627 dist=4191.8 leadDist=1505.29 aa=177.342
[PURE_ATA] team=2 ata=70.7381 dist=4157.31 leadDist=1495.24 aa=177.049
[PURE_ATA] team=2 ata=69.4256 dist=4121.08 leadDist=1484.77 aa=176.727
[PURE_ATA] team=2 ata=68.1081 dist=4085.49 leadDist=1473.86 aa=176.378
[SelectTarget] team=1 EnemyN=1 TgtZ=3712.37
[DIST] team=1 EnemyN=1 MyZ=2035.57 TgtZ=3712.37 Dist=4054.47
[ROOT] team=1 status=2 Z=2035.57 VP=(12484,2399.67,4061.1)
[SelectTarget] team=2 EnemyN=1 TgtZ=2037.49
[DIST] team=2 EnemyN=1 MyZ=3712.37 TgtZ=2037.49 Dist=4049.39
[PURE_ATA] team=2 ata=66.7912 dist=4049.39 leadDist=1462.51 aa=175.997
[ROOT] team=2 status=2 Z=3712.37 VP=(14421.9,-210.351,3500)
[PURE_ATA] team=2 ata=65.4848 dist=4011.95 leadDist=1450.7 aa=175.588
[SelectTarget] team=1 EnemyN=1 TgtZ=4227.51
[DIST] team=1 EnemyN=1 MyZ=2537.49 TgtZ=4227.51 Dist=2928.02
[ROOT] team=1 status=2 Z=2537.49 VP=(13545.2,1904.36,4508.96)
[SelectTarget] team=2 EnemyN=1 TgtZ=2541.04
[DIST] team=2 EnemyN=1 MyZ=4227.51 TgtZ=2541.04 Dist=2923.26
[ROOT] team=2 status=2 Z=4227.51 VP=(12690.3,739.739,3206.23)
[SelectTarget] team=1 EnemyN=1 TgtZ=4448.16
[DIST] team=1 EnemyN=1 MyZ=3212.44 TgtZ=4448.16 Dist=1743.62
[ROOT] team=1 status=2 Z=3212.44 VP=(12977.8,2220.16,4452.73)
[SelectTarget] team=2 EnemyN=1 TgtZ=3215.78
[DIST] team=2 EnemyN=1 MyZ=4448.16 TgtZ=3215.78 Dist=1739.05
[ROOT] team=2 status=2 Z=4448.16 VP=(12268.3,599.736,5402.45)
[SYNC] dist=1386.05 dV=-60.2924 thr=1
[SelectTarget] team=1 EnemyN=1 TgtZ=4531.6
[DIST] team=1 EnemyN=1 MyZ=3759.8 TgtZ=4531.6 Dist=1050.34
[ROOT] team=1 status=2 Z=3759.8 VP=(12754.3,1333.53,4522.98)
[SelectTarget] team=2 EnemyN=1 TgtZ=3762.92
[DIST] team=2 EnemyN=1 MyZ=4531.6 TgtZ=3762.92 Dist=1047.15
[ROOT] team=2 status=2 Z=4531.6 VP=(14062.1,660.26,2750.22)
[SelectTarget] team=1 EnemyN=1 TgtZ=4263
[DIST] team=1 EnemyN=1 MyZ=4357.35 TgtZ=4263 Dist=1223.53
[ROOT] team=1 status=2 Z=4357.35 VP=(12723.2,619.187,4336.01)
[SelectTarget] team=2 EnemyN=1 TgtZ=4360.5
[DIST] team=2 EnemyN=1 MyZ=4263 TgtZ=4360.5 Dist=1222.38
[ROOT] team=2 status=2 Z=4263 VP=(13512.5,1620.34,2870.27)
[SelectTarget] team=1 EnemyN=1 TgtZ=3570.08
[DIST] team=1 EnemyN=1 MyZ=4765.58 TgtZ=3570.08 Dist=1725.16
[ROOT] team=1 status=2 Z=4765.58 VP=(12915.6,265.326,4115.58)
[SelectTarget] team=2 EnemyN=1 TgtZ=4766.68
[DIST] team=2 EnemyN=1 MyZ=3570.08 TgtZ=4766.68 Dist=1724.11
[ROOT] team=2 status=2 Z=3570.08 VP=(12873.1,2202.93,3506.04)
[SelectTarget] team=1 EnemyN=1 TgtZ=2852.47
[DIST] team=1 EnemyN=1 MyZ=4748.51 TgtZ=2852.47 Dist=2131.15
[ROOT] team=1 status=2 Z=4748.51 VP=(13112.3,521.345,4098.51)
[SelectTarget] team=2 EnemyN=1 TgtZ=4747.31
[DIST] team=2 EnemyN=1 MyZ=2852.47 TgtZ=4747.31 Dist=2129.69
[ROOT] team=2 status=2 Z=2852.47 VP=(11538.7,1755.85,2879.45)
[SYNC] dist=2223.94 dV=28.1399 thr=0.468601
[SelectTarget] team=1 EnemyN=1 TgtZ=2356.56
[DIST] team=1 EnemyN=1 MyZ=4375.74 TgtZ=2356.56 Dist=2346.58
[ROOT] team=1 status=2 Z=4375.74 VP=(12884,1093.84,3725.74)
[SelectTarget] team=2 EnemyN=1 TgtZ=4372.87
[DIST] team=2 EnemyN=1 MyZ=2356.56 TgtZ=4372.87 Dist=2344.37
[ROOT] team=2 status=2 Z=2356.56 VP=(10849.1,826.957,2584.43)
[SelectTarget] team=1 EnemyN=1 TgtZ=2124.29
[DIST] team=1 EnemyN=1 MyZ=3749.86 TgtZ=2124.29 Dist=2303.23
[ROOT] team=1 status=2 Z=3749.86 VP=(12176.2,1367.02,3099.86)
[SelectTarget] team=2 EnemyN=1 TgtZ=3745.93
[DIST] team=2 EnemyN=1 MyZ=2124.29 TgtZ=3745.93 Dist=2300.44
[ROOT] team=2 status=2 Z=2124.29 VP=(11080.1,-372.763,2658.24)
[SelectTarget] team=1 EnemyN=1 TgtZ=2105.16
[DIST] team=1 EnemyN=1 MyZ=3027.47 TgtZ=2105.16 Dist=1966.78
[ROOT] team=1 status=2 Z=3027.47 VP=(11463.5,1024.43,2377.47)
[SelectTarget] team=2 EnemyN=1 TgtZ=3023.58
[DIST] team=2 EnemyN=1 MyZ=2105.16 TgtZ=3023.58 Dist=1963.2
[ROOT] team=2 status=2 Z=2105.16 VP=(12222.6,-881.085,2415.92)
[SelectTarget] team=1 EnemyN=1 TgtZ=2112.56
[DIST] team=1 EnemyN=1 MyZ=2421.5 TgtZ=2112.56 Dist=1558.48
[ROOT] team=1 status=2 Z=2421.5 VP=(11295.6,257.809,2108.89)
[SelectTarget] team=2 EnemyN=1 TgtZ=2418.99
[DIST] team=2 EnemyN=1 MyZ=2112.56 TgtZ=2418.99 Dist=1556.5
[ROOT] team=2 status=2 Z=2112.56 VP=(10995.3,-1282.14,2000)
[SYNC] dist=1645.86 dV=-35.1363 thr=1
[SelectTarget] team=1 EnemyN=1 TgtZ=2025.18
[DIST] team=1 EnemyN=1 MyZ=2090.97 TgtZ=2025.18 Dist=2143.73
[ROOT] team=1 status=2 Z=2090.97 VP=(11701.2,-1510.65,1500)
[SelectTarget] team=2 EnemyN=1 TgtZ=2089.68
[DIST] team=2 EnemyN=1 MyZ=2025.18 TgtZ=2089.68 Dist=2143.88
[ROOT] team=2 status=2 Z=2025.18 VP=(13093.5,-934.663,2000)
[SelectTarget] team=1 EnemyN=1 TgtZ=1913.8
[DIST] team=1 EnemyN=1 MyZ=1921.66 TgtZ=1913.8 Dist=3059.41
[ROOT] team=1 status=2 Z=1921.66 VP=(12808.2,-1681.32,1500)
[SelectTarget] team=2 EnemyN=1 TgtZ=1921.02
[DIST] team=2 EnemyN=1 MyZ=1913.8 TgtZ=1921.02 Dist=3060.16
[ROOT] team=2 status=2 Z=1913.8 VP=(13379.6,-141.571,2000)
[SelectTarget] team=1 EnemyN=1 TgtZ=1861.81
[DIST] team=1 EnemyN=1 MyZ=1836.32 TgtZ=1861.81 Dist=3903.92
[ROOT] team=1 status=2 Z=1836.32 VP=(13705.5,-1214.37,1500)
[SelectTarget] team=2 EnemyN=1 TgtZ=1835.97
[DIST] team=2 EnemyN=1 MyZ=1861.81 TgtZ=1835.97 Dist=3904.39
[ROOT] team=2 status=2 Z=1861.81 VP=(12981,455.56,2000)
[PURE_ATA] team=2 ata=118.673 dist=4000.69 leadDist=1669.94 aa=71.4103
[PURE_ATA] team=2 ata=117.84 dist=4024.7 leadDist=1670.86 aa=68.0148
[PURE_ATA] team=2 ata=117.013 dist=4047.25 leadDist=1671.57 aa=65.545
[PURE_ATA] team=2 ata=116.175 dist=4069.97 leadDist=1672.13 aa=63.4586
[PURE_ATA] team=2 ata=115.377 dist=4091.29 leadDist=1672.57 aa=56.3227
[PURE_ATA] team=2 ata=114.581 dist=4112.43 leadDist=1672.95 aa=37.525
[PURE_ATA] team=2 ata=113.826 dist=4132.56 leadDist=1673.31 aa=6.20102
[PURE_ATA] team=2 ata=113.049 dist=4152.51 leadDist=1673.7 aa=32.1508
[PURE_ATA] team=2 ata=112.306 dist=4171.17 leadDist=1674.13 aa=61.8868
[PURE_ATA] team=2 ata=111.591 dist=4189.63 leadDist=1674.63 aa=79.7868
[PURE_ATA] team=2 ata=110.921 dist=4206.5 leadDist=1675.23 aa=90.1912
[PURE_ATA] team=2 ata=110.235 dist=4224.18 leadDist=1675.93 aa=97.23
[PURE_ATA] team=2 ata=109.582 dist=4239.3 leadDist=1676.75 aa=101.824
[PURE_ATA] team=2 ata=108.899 dist=4255.19 leadDist=1677.71 aa=105.442
[PURE_ATA] team=2 ata=108.233 dist=4269.97 leadDist=1678.82 aa=108.205
[PURE_ATA] team=2 ata=107.544 dist=4283.75 leadDist=1680.1 aa=110.683
[PURE_ATA] team=2 ata=106.873 dist=4296.87 leadDist=1681.56 aa=113.249
[PURE_ATA] team=2 ata=106.162 dist=4309.53 leadDist=1683.16 aa=139.064
[PURE_ATA] team=2 ata=105.47 dist=4321.59 leadDist=1684.8 aa=85.957
[PURE_ATA] team=2 ata=104.761 dist=4333.39 leadDist=1686.42 aa=85.6594
[PURE_ATA] team=2 ata=104.035 dist=4345.28 leadDist=1687.91 aa=87.1055
[PURE_ATA] team=2 ata=103.307 dist=4356.38 leadDist=1689.17 aa=87.9761
[PURE_ATA] team=2 ata=102.579 dist=4367.1 leadDist=1690.08 aa=88.5946
[PURE_ATA] team=2 ata=101.836 dist=4377.93 leadDist=1690.67 aa=88.4499
[PURE_ATA] team=2 ata=101.078 dist=4388.84 leadDist=1691.05 aa=88.2846
[PURE_ATA] team=2 ata=100.339 dist=4399 leadDist=1691.22 aa=88.7277
[SelectTarget] team=1 EnemyN=1 TgtZ=1892.78
[DIST] team=1 EnemyN=1 MyZ=1808.81 TgtZ=1892.78 Dist=4409.62
[ROOT] team=1 status=2 Z=1808.81 VP=(13845.8,-88.113,1500)
[SelectTarget] team=2 EnemyN=1 TgtZ=1808.83
[DIST] team=2 EnemyN=1 MyZ=1892.78 TgtZ=1808.83 Dist=4409.66
[PURE_ATA] team=2 ata=99.5531 dist=4409.66 leadDist=1691.17 aa=91.2867
[ROOT] team=2 status=2 Z=1892.78 VP=(9325.01,244.509,3500)
[PURE_ATA] team=2 ata=98.7863 dist=4419.2 leadDist=1690.91 aa=96.1867
[PURE_ATA] team=2 ata=98.0219 dist=4428.06 leadDist=1690.48 aa=102.905
[PURE_ATA] team=2 ata=97.2434 dist=4435.79 leadDist=1689.92 aa=116.31
[PURE_ATA] team=2 ata=96.439 dist=4443.92 leadDist=1689.29 aa=145.915
[PURE_ATA] team=2 ata=95.657 dist=4450.65 leadDist=1688.64 aa=176.56
[PURE_ATA] team=2 ata=94.8664 dist=4456.65 leadDist=1688 aa=166.528
[PURE_ATA] team=2 ata=94.0842 dist=4461.63 leadDist=1687.41 aa=157.36
[PURE_ATA] team=2 ata=93.2802 dist=4466.53 leadDist=1686.88 aa=151.751
[PURE_ATA] team=2 ata=92.485 dist=4470 leadDist=1686.44 aa=147.939
[PURE_ATA] team=2 ata=91.6847 dist=4473.12 leadDist=1686.1 aa=145.407
[PURE_ATA] team=2 ata=90.8783 dist=4475.05 leadDist=1685.87 aa=143.369
[PURE_ATA] team=2 ata=90.0687 dist=4476.61 leadDist=1685.77 aa=141.892
[PURE_ATA] team=2 ata=89.2707 dist=4477.22 leadDist=1685.82 aa=140.965
[PURE_ATA] team=2 ata=88.4702 dist=4477.07 leadDist=1686.03 aa=140.532
[PURE_ATA] team=2 ata=87.6508 dist=4475.84 leadDist=1686.42 aa=140.553
[PURE_ATA] team=2 ata=86.8453 dist=4474.12 leadDist=1686.98 aa=140.834
[PURE_ATA] team=2 ata=86.0237 dist=4472.12 leadDist=1687.73 aa=141.416
[PURE_ATA] team=2 ata=85.2163 dist=4468.4 leadDist=1688.68 aa=147.111
[PURE_ATA] team=2 ata=84.4106 dist=4464.74 leadDist=1689.77 aa=174.81
[PURE_ATA] team=2 ata=83.5869 dist=4460.32 leadDist=1690.9 aa=133.159
[PURE_ATA] team=2 ata=82.7815 dist=4455.07 leadDist=1692.02 aa=110.799
[PURE_ATA] team=2 ata=81.976 dist=4449.88 leadDist=1693 aa=103.984
[PURE_ATA] team=2 ata=81.1543 dist=4444.29 leadDist=1693.73 aa=102.825
[PURE_ATA] team=2 ata=80.3332 dist=4438.71 leadDist=1694.16 aa=105.266
[PURE_ATA] team=2 ata=79.5133 dist=4432.32 leadDist=1694.35 aa=109.16
[PURE_ATA] team=2 ata=78.6949 dist=4425.54 leadDist=1694.28 aa=116.524
[PURE_ATA] team=2 ata=77.8777 dist=4418.79 leadDist=1693.98 aa=125.674
[PURE_ATA] team=2 ata=77.0472 dist=4410.69 leadDist=1693.47 aa=134.927
[PURE_ATA] team=2 ata=76.2187 dist=4402.62 leadDist=1692.8 aa=148.96
[SelectTarget] team=1 EnemyN=1 TgtZ=2050.54
[DIST] team=1 EnemyN=1 MyZ=1807.84 TgtZ=2050.54 Dist=4394.75
[ROOT] team=1 status=2 Z=1807.84 VP=(13216.8,692.787,1722.62)
[SelectTarget] team=2 EnemyN=1 TgtZ=1807.98
[DIST] team=2 EnemyN=1 MyZ=2050.54 TgtZ=1807.98 Dist=4393.74
[PURE_ATA] team=2 ata=75.3952 dist=4393.74 leadDist=1692.02 aa=165.461
[ROOT] team=2 status=2 Z=2050.54 VP=(9328.39,-755.11,3500)
[PURE_ATA] team=2 ata=74.5763 dist=4384.07 leadDist=1691.19 aa=176.283
[PURE_ATA] team=2 ata=73.7317 dist=4372.8 leadDist=1690.34 aa=177.241
[PURE_ATA] team=2 ata=72.9079 dist=4361.77 leadDist=1689.52 aa=172.611
[PURE_ATA] team=2 ata=72.0752 dist=4349.72 leadDist=1688.73 aa=169.007
[PURE_ATA] team=2 ata=71.2336 dist=4336.62 leadDist=1687.99 aa=165.999
[PURE_ATA] team=2 ata=70.4021 dist=4322.71 leadDist=1687.33 aa=163.374
[PURE_ATA] team=2 ata=69.5767 dist=4308.86 leadDist=1686.76 aa=161.064
[PURE_ATA] team=2 ata=68.7475 dist=4293.52 leadDist=1686.3 aa=159.151
[PURE_ATA] team=2 ata=67.9108 dist=4277.49 leadDist=1685.95 aa=157.68
[PURE_ATA] team=2 ata=67.0691 dist=4260.75 leadDist=1685.73 aa=156.608
[PURE_ATA] team=2 ata=66.222 dist=4243.25 leadDist=1685.66 aa=155.852
[PURE_ATA] team=2 ata=65.4043 dist=4225.36 leadDist=1685.74 aa=155.418
[PURE_ATA] team=2 ata=64.5514 dist=4205.93 leadDist=1685.98 aa=155.312
[PURE_ATA] team=2 ata=63.7276 dist=4186.52 leadDist=1686.39 aa=155.354
[PURE_ATA] team=2 ata=62.9022 dist=4166.34 leadDist=1686.96 aa=155.647
[PURE_ATA] team=2 ata=62.0598 dist=4144.91 leadDist=1687.71 aa=156.05
[PURE_ATA] team=2 ata=61.2352 dist=4122.71 leadDist=1688.61 aa=156.44
[PURE_ATA] team=2 ata=60.4065 dist=4100.46 leadDist=1689.68 aa=160.514
[PURE_ATA] team=2 ata=59.5789 dist=4077.35 leadDist=1690.86 aa=174.601
[PURE_ATA] team=2 ata=58.7685 dist=4053.87 leadDist=1692.07 aa=160.519
[PURE_ATA] team=2 ata=57.9395 dist=4029.75 leadDist=1693.23 aa=138.255
[PURE_ATA] team=2 ata=57.1265 dist=4005.63 leadDist=1694.25 aa=125.431
[SelectTarget] team=1 EnemyN=1 TgtZ=2257.23
[DIST] team=1 EnemyN=1 MyZ=1807.04 TgtZ=2257.23 Dist=3800.23
[ROOT] team=1 status=2 Z=1807.04 VP=(12222.5,700.332,1909.89)
[SelectTarget] team=2 EnemyN=1 TgtZ=1807.2
[DIST] team=2 EnemyN=1 MyZ=2257.23 TgtZ=1807.2 Dist=3797.63
[ROOT] team=2 status=2 Z=2257.23 VP=(12025.2,-1088.84,2540.23)
[SelectTarget] team=1 EnemyN=1 TgtZ=2406.9
[DIST] team=1 EnemyN=1 MyZ=1806.4 TgtZ=2406.9 Dist=2695.83
[ROOT] team=1 status=2 Z=1806.4 VP=(11601,-101.923,1941.31)
[SelectTarget] team=2 EnemyN=1 TgtZ=1806.42
[DIST] team=2 EnemyN=1 MyZ=2406.9 TgtZ=1806.42 Dist=2692.78
[ROOT] team=2 status=2 Z=2406.9 VP=(12762.8,-1574.37,2096.62)
[SYNC] dist=2244.61 dV=-57.5144 thr=1
[SelectTarget] team=1 EnemyN=1 TgtZ=2392.05
[DIST] team=1 EnemyN=1 MyZ=1869.8 TgtZ=2392.05 Dist=1258.26
[ROOT] team=1 status=2 Z=1869.8 VP=(11923.1,-133.963,2401.08)
[SelectTarget] team=2 EnemyN=1 TgtZ=1870.47
[DIST] team=2 EnemyN=1 MyZ=2392.05 TgtZ=1870.47 Dist=1253.93
[ROOT] team=2 status=2 Z=2392.05 VP=(13707.5,-1061.46,2000)
[CLAMP_DIAG] team=1 rawDist=408.493 offBoresightDeg=63.0221 clamped=0
[SelectTarget] team=1 EnemyN=1 TgtZ=2166.13
[DIST] team=1 EnemyN=1 MyZ=2091.83 TgtZ=2166.13 Dist=453.424
[ROOT] team=1 status=2 Z=2091.83 VP=(12351.8,-1227.09,1993.83)
[SelectTarget] team=2 EnemyN=1 TgtZ=2094.03
[DIST] team=2 EnemyN=1 MyZ=2166.13 TgtZ=2094.03 Dist=458.618
[ROOT] team=2 status=2 Z=2166.13 VP=(14001.2,-702.589,2483.71)
[SelectTarget] team=1 EnemyN=1 TgtZ=2012.48
[DIST] team=1 EnemyN=1 MyZ=2534.05 TgtZ=2012.48 Dist=1654.26
[ROOT] team=1 status=2 Z=2534.05 VP=(13119.9,-2235.3,1884.05)
[SelectTarget] team=2 EnemyN=1 TgtZ=2536.2
[DIST] team=2 EnemyN=1 MyZ=2012.48 TgtZ=2536.2 Dist=1656.2
[ROOT] team=2 status=2 Z=2012.48 VP=(11587.1,-3072.58,2000)
[SelectTarget] team=1 EnemyN=1 TgtZ=1924.41
[DIST] team=1 EnemyN=1 MyZ=2795.82 TgtZ=1924.41 Dist=2647.47
[ROOT] team=1 status=2 Z=2795.82 VP=(12847,-3233.23,2145.82)
[SelectTarget] team=2 EnemyN=1 TgtZ=2796.53
[DIST] team=2 EnemyN=1 MyZ=1924.41 TgtZ=2796.53 Dist=2647.34
[ROOT] team=2 status=2 Z=1924.41 VP=(11177.9,-3158.21,2336.12)
[SYNC] dist=3047.9 dV=0.41156 thr=0.745884
[SelectTarget] team=1 EnemyN=1 TgtZ=1957.75
[DIST] team=1 EnemyN=1 MyZ=2790.36 TgtZ=1957.75 Dist=3194.44
[ROOT] team=1 status=2 Z=2790.36 VP=(11863.2,-3574.71,2140.36)
[SelectTarget] team=2 EnemyN=1 TgtZ=2789.63
[DIST] team=2 EnemyN=1 MyZ=1957.75 TgtZ=2789.63 Dist=3191.93
[ROOT] team=2 status=2 Z=1957.75 VP=(11019.8,-2545.48,3202.15)
runner:local/env:0	num_steps=[11999] | total rewards=[-64.5412] | termination= [max time out]
[seed 2] reward=   -64.54 ownHP=1.0000 tgtHP=1.0000 max time out
total: 2
[PURE_ATA] team=2 ata=33.9776 dist=5153.54 leadDist=118.363 aa=127.404
[PURE_ATA] team=2 ata=33.9347 dist=5111.47 leadDist=135.312 aa=127.121
[PURE_ATA] team=2 ata=32.1208 dist=5069.1 leadDist=152.24 aa=126.562
[PURE_ATA] team=2 ata=29.2223 dist=5027.08 leadDist=168.731 aa=125.87
[PURE_ATA] team=2 ata=27.1408 dist=4984.79 leadDist=185.027 aa=125.285
[PURE_ATA] team=2 ata=25.6801 dist=4942.33 leadDist=201.011 aa=125.111
[PURE_ATA] team=2 ata=24.5354 dist=4899.9 leadDist=216.541 aa=125.613
[PURE_ATA] team=2 ata=23.5778 dist=4857.64 leadDist=231.589 aa=127.148
[PURE_ATA] team=2 ata=22.7423 dist=4814.64 leadDist=246.652 aa=129.801
[PURE_ATA] team=2 ata=21.9808 dist=4771.86 leadDist=261.269 aa=133.203
[PURE_ATA] team=2 ata=21.3035 dist=4728.81 leadDist=275.685 aa=136.818
[PURE_ATA] team=2 ata=20.6715 dist=4685.5 leadDist=289.855 aa=140.079
[PURE_ATA] team=2 ata=20.0752 dist=4642.33 leadDist=303.553 aa=143.092
[PURE_ATA] team=2 ata=19.4993 dist=4598.21 leadDist=317.311 aa=146.002
[PURE_ATA] team=2 ata=18.9411 dist=4554.02 leadDist=330.668 aa=148.528
[PURE_ATA] team=2 ata=18.4064 dist=4509.41 leadDist=343.786 aa=150.622
[PURE_ATA] team=2 ata=17.8886 dist=4464.89 leadDist=356.403 aa=152.384
[PURE_ATA] team=2 ata=17.3999 dist=4419.95 leadDist=368.762 aa=153.934
[PURE_ATA] team=2 ata=16.9244 dist=4375.23 leadDist=380.523 aa=155.306
[PURE_ATA] team=2 ata=16.4624 dist=4329.92 leadDist=392.093 aa=156.473
[PURE_ATA] team=2 ata=16.0075 dist=4284.3 leadDist=403.304 aa=157.414
[PURE_ATA] team=2 ata=15.5505 dist=4238.42 leadDist=414.125 aa=158.099
[PURE_ATA] team=2 ata=15.0835 dist=4192.41 leadDist=424.473 aa=158.526
[PURE_ATA] team=2 ata=14.6082 dist=4145.96 leadDist=434.508 aa=158.707
[PURE_ATA] team=2 ata=14.1162 dist=4099.49 leadDist=444.003 aa=158.682
[PURE_ATA] team=2 ata=13.6162 dist=4052.55 leadDist=453.184 aa=158.494
[PURE_ATA] team=2 ata=13.1048 dist=4005.48 leadDist=461.886 aa=158.197
[SelectTarget] team=1 EnemyN=1 TgtZ=7121.55
[DIST] team=1 EnemyN=1 MyZ=9539.86 TgtZ=7121.55 Dist=3867
[ROOT] team=1 status=2 Z=9539.86 VP=(4345.16,122.332,8889.86)
[SelectTarget] team=2 EnemyN=1 TgtZ=9538.58
[DIST] team=2 EnemyN=1 MyZ=7121.55 TgtZ=9538.58 Dist=3863.66
[ROOT] team=2 status=2 Z=7121.55 VP=(4504.61,-1677.61,8328.96)
[SelectTarget] team=1 EnemyN=1 TgtZ=7414.69
[DIST] team=1 EnemyN=1 MyZ=9223.47 TgtZ=7414.69 Dist=2409.73
[ROOT] team=1 status=2 Z=9223.47 VP=(4472.33,-10.1097,8573.47)
[SelectTarget] team=2 EnemyN=1 TgtZ=9221.12
[DIST] team=2 EnemyN=1 MyZ=7414.69 TgtZ=9221.12 Dist=2405.8
[ROOT] team=2 status=2 Z=7414.69 VP=(4238.61,-2033.77,7975.88)
[SelectTarget] team=1 EnemyN=1 TgtZ=7640.13
[DIST] team=1 EnemyN=1 MyZ=8708.02 TgtZ=7640.13 Dist=1088.92
[ROOT] team=1 status=2 Z=8708.02 VP=(3784.76,-415.045,8163.56)
[SelectTarget] team=2 EnemyN=1 TgtZ=8704.67
[DIST] team=2 EnemyN=1 MyZ=7640.13 TgtZ=8704.67 Dist=1085.07
[ROOT] team=2 status=2 Z=7640.13 VP=(4024.71,-2373.99,7390.91)
[CLAMP_DIAG] team=1 rawDist=446.391 offBoresightDeg=56.6189 clamped=0
[SelectTarget] team=1 EnemyN=1 TgtZ=7732.06
[DIST] team=1 EnemyN=1 MyZ=7953.62 TgtZ=7732.06 Dist=993.886
[ROOT] team=1 status=2 Z=7953.62 VP=(3372.03,-1113.14,7719.36)
[SelectTarget] team=2 EnemyN=1 TgtZ=7948.62
[DIST] team=2 EnemyN=1 MyZ=7732.06 TgtZ=7948.62 Dist=994.822
[ROOT] team=2 status=2 Z=7732.06 VP=(3885.1,-2414.62,9469.34)
[SYNC] dist=1454.16 dV=-83.6994 thr=1
[SelectTarget] team=1 EnemyN=1 TgtZ=8037.08
[DIST] team=1 EnemyN=1 MyZ=7003.19 TgtZ=8037.08 Dist=1907.08
[ROOT] team=1 status=2 Z=7003.19 VP=(3327.21,-2447.95,8601.99)
[SelectTarget] team=2 EnemyN=1 TgtZ=6997.95
[DIST] team=2 EnemyN=1 MyZ=8037.08 TgtZ=6997.95 Dist=1909.3
[ROOT] team=2 status=2 Z=8037.08 VP=(3859.06,-1330.2,9429.19)
[SelectTarget] team=1 EnemyN=1 TgtZ=8559.01
[DIST] team=1 EnemyN=1 MyZ=6165.25 TgtZ=8559.01 Dist=2833.06
[ROOT] team=1 status=2 Z=6165.25 VP=(3966.4,-2826.45,8919.12)
[SelectTarget] team=2 EnemyN=1 TgtZ=6161.44
[DIST] team=2 EnemyN=1 MyZ=8559.01 TgtZ=6161.44 Dist=2834.47
[ROOT] team=2 status=2 Z=8559.01 VP=(4465.22,-1250.46,9236)
[SelectTarget] team=1 EnemyN=1 TgtZ=9100.78
[DIST] team=1 EnemyN=1 MyZ=5704.27 TgtZ=9100.78 Dist=3520.54
[ROOT] team=1 status=2 Z=5704.27 VP=(4229.34,-2907.5,9287.02)
[SelectTarget] team=2 EnemyN=1 TgtZ=5703.12
[DIST] team=2 EnemyN=1 MyZ=9100.78 TgtZ=5703.12 Dist=3521.26
[ROOT] team=2 status=2 Z=9100.78 VP=(4964.43,-1340.07,8978.65)
[SelectTarget] team=1 EnemyN=1 TgtZ=9536.08
[DIST] team=1 EnemyN=1 MyZ=5762.18 TgtZ=9536.08 Dist=3900.64
[ROOT] team=1 status=2 Z=5762.18 VP=(4524.98,-2975.49,9566.53)
[SelectTarget] team=2 EnemyN=1 TgtZ=5763.92
[DIST] team=2 EnemyN=1 MyZ=9536.08 TgtZ=5763.92 Dist=3900.1
[ROOT] team=2 status=2 Z=9536.08 VP=(5507.57,-1721.98,8697.1)
[SYNC] dist=3973.93 dV=-166.627 thr=1
[SelectTarget] team=1 EnemyN=1 TgtZ=9794.83
[DIST] team=1 EnemyN=1 MyZ=6273.45 TgtZ=9794.83 Dist=3973.14
[ROOT] team=1 status=2 Z=6273.45 VP=(4871.9,-3000.68,9794.31)
[SelectTarget] team=2 EnemyN=1 TgtZ=6277.2
[DIST] team=2 EnemyN=1 MyZ=9794.83 TgtZ=6277.2 Dist=3971.09
[ROOT] team=2 status=2 Z=9794.83 VP=(5946.81,-2415.57,8398.43)
[SelectTarget] team=1 EnemyN=1 TgtZ=9836.31
[DIST] team=1 EnemyN=1 MyZ=7041.44 TgtZ=9836.31 Dist=3790.28
[ROOT] team=1 status=2 Z=7041.44 VP=(5037.2,-2048.17,9250.57)
[SelectTarget] team=2 EnemyN=1 TgtZ=7046.06
[DIST] team=2 EnemyN=1 MyZ=9836.31 TgtZ=7046.06 Dist=3788.62
[ROOT] team=2 status=2 Z=9836.31 VP=(6390.98,-3273.09,8731.47)
[SelectTarget] team=1 EnemyN=1 TgtZ=9678.11
[DIST] team=1 EnemyN=1 MyZ=7875.12 TgtZ=9678.11 Dist=3387.14
[ROOT] team=1 status=2 Z=7875.12 VP=(5419.8,-2593.62,8903.7)
[SelectTarget] team=2 EnemyN=1 TgtZ=7879.58
[DIST] team=2 EnemyN=1 MyZ=9678.11 TgtZ=7879.58 Dist=3384.62
[ROOT] team=2 status=2 Z=9678.11 VP=(6526.21,-3900.95,8880.25)
[SelectTarget] team=1 EnemyN=1 TgtZ=9423.46
[DIST] team=1 EnemyN=1 MyZ=8580.15 TgtZ=9423.46 Dist=2780.28
[ROOT] team=1 status=2 Z=8580.15 VP=(5820.08,-3176.39,8944.95)
[SelectTarget] team=2 EnemyN=1 TgtZ=8583.31
[DIST] team=2 EnemyN=1 MyZ=9423.46 TgtZ=8583.31 Dist=2777.59
[ROOT] team=2 status=2 Z=9423.46 VP=(6587.91,-4419.18,9172.84)
[SYNC] dist=2395.56 dV=-25.5677 thr=1
[SelectTarget] team=1 EnemyN=1 TgtZ=9205.12
[DIST] team=1 EnemyN=1 MyZ=8969.75 TgtZ=9205.12 Dist=2048.73
[ROOT] team=1 status=2 Z=8969.75 VP=(5960.73,-2767.85,9233.22)
[SelectTarget] team=2 EnemyN=1 TgtZ=8971.04
[DIST] team=2 EnemyN=1 MyZ=9205.12 TgtZ=8971.04 Dist=2044.92
[ROOT] team=2 status=2 Z=9205.12 VP=(7969.99,-3656.41,9006.4)
[SelectTarget] team=1 EnemyN=1 TgtZ=9018.54
[DIST] team=1 EnemyN=1 MyZ=9120.06 TgtZ=9018.54 Dist=1498.49
[ROOT] team=1 status=2 Z=9120.06 VP=(6310.1,-3398.11,9054.52)
[SelectTarget] team=2 EnemyN=1 TgtZ=9120.45
[DIST] team=2 EnemyN=1 MyZ=9018.54 TgtZ=9120.45 Dist=1494.94
[ROOT] team=2 status=2 Z=9018.54 VP=(5321.32,-5172.93,9073.01)
[SelectTarget] team=1 EnemyN=1 TgtZ=8839.07
[DIST] team=1 EnemyN=1 MyZ=9099.78 TgtZ=8839.07 Dist=1249.25
[ROOT] team=1 status=2 Z=9099.78 VP=(6714.88,-3990.83,8857.23)
[SelectTarget] team=2 EnemyN=1 TgtZ=9099.25
[DIST] team=2 EnemyN=1 MyZ=8839.07 TgtZ=9099.25 Dist=1245.73
[ROOT] team=2 status=2 Z=8839.07 VP=(4842.51,-4692.63,9346.77)
[SelectTarget] team=1 EnemyN=1 TgtZ=8697.56
[DIST] team=1 EnemyN=1 MyZ=8948.52 TgtZ=8697.56 Dist=1221.44
[ROOT] team=1 status=2 Z=8948.52 VP=(6736.58,-4620.99,8709.37)
[SelectTarget] team=2 EnemyN=1 TgtZ=8947.44
[DIST] team=2 EnemyN=1 MyZ=8697.56 TgtZ=8947.44 Dist=1218.8
[ROOT] team=2 status=2 Z=8697.56 VP=(4818.65,-4431.8,9548.31)
[SYNC] dist=1290.91 dV=-12.3466 thr=0.873466
[SelectTarget] team=1 EnemyN=1 TgtZ=8651.61
[DIST] team=1 EnemyN=1 MyZ=8730.93 TgtZ=8651.61 Dist=1384.17
[ROOT] team=1 status=2 Z=8730.93 VP=(6464.31,-5200.76,8639.28)
[SelectTarget] team=2 EnemyN=1 TgtZ=8729.66
[DIST] team=2 EnemyN=1 MyZ=8651.61 TgtZ=8729.66 Dist=1382.19
[ROOT] team=2 status=2 Z=8651.61 VP=(4926.78,-4161.01,9502.59)
[SelectTarget] team=1 EnemyN=1 TgtZ=8704.7
[DIST] team=1 EnemyN=1 MyZ=8513.54 TgtZ=8704.7 Dist=1612.16
[ROOT] team=1 status=2 Z=8513.54 VP=(5979.07,-5593.02,8673.77)
[SelectTarget] team=2 EnemyN=1 TgtZ=8512.45
[DIST] team=2 EnemyN=1 MyZ=8704.7 TgtZ=8512.45 Dist=1609.93
[ROOT] team=2 status=2 Z=8704.7 VP=(5158.85,-3885.39,9162.94)
[SelectTarget] team=1 EnemyN=1 TgtZ=8804.39
[DIST] team=1 EnemyN=1 MyZ=8358.79 TgtZ=8804.39 Dist=1804.44
[ROOT] team=1 status=2 Z=8358.79 VP=(5406.45,-5706.51,8769.21)
[SelectTarget] team=2 EnemyN=1 TgtZ=8358.19
[DIST] team=2 EnemyN=1 MyZ=8804.39 TgtZ=8358.19 Dist=1802.71
[ROOT] team=2 status=2 Z=8804.39 VP=(5479.38,-3703.26,8558.16)
[SelectTarget] team=1 EnemyN=1 TgtZ=8855.31
[DIST] team=1 EnemyN=1 MyZ=8303.84 TgtZ=8855.31 Dist=1912.8
[ROOT] team=1 status=2 Z=8303.84 VP=(4871.11,-5524.59,8838.89)
[SelectTarget] team=2 EnemyN=1 TgtZ=8303.82
[DIST] team=2 EnemyN=1 MyZ=8855.31 TgtZ=8303.82 Dist=1910.62
[ROOT] team=2 status=2 Z=8855.31 VP=(5730.61,-3782.92,7884.64)
[SYNC] dist=1927.3 dV=-22.3267 thr=0.973267
[SelectTarget] team=1 EnemyN=1 TgtZ=8764.41
[DIST] team=1 EnemyN=1 MyZ=8340.78 TgtZ=8764.41 Dist=1919.12
[ROOT] team=1 status=2 Z=8340.78 VP=(4477.42,-5109.67,8787.43)
[SelectTarget] team=2 EnemyN=1 TgtZ=8341.15
[DIST] team=2 EnemyN=1 MyZ=8764.41 TgtZ=8341.15 Dist=1916.26
[ROOT] team=2 status=2 Z=8764.41 VP=(5786.96,-4216.47,7117.38)
[SelectTarget] team=1 EnemyN=1 TgtZ=8458.74
[DIST] team=1 EnemyN=1 MyZ=8409.84 TgtZ=8458.74 Dist=1799.31
[ROOT] team=1 status=2 Z=8409.84 VP=(4318.71,-4593.66,8530.02)
[SelectTarget] team=2 EnemyN=1 TgtZ=8410.13
[DIST] team=2 EnemyN=1 MyZ=8458.74 TgtZ=8410.13 Dist=1796.46
[ROOT] team=2 status=2 Z=8458.74 VP=(5601.87,-5050.33,6968.47)
[SelectTarget] team=1 EnemyN=1 TgtZ=7946.72
[DIST] team=1 EnemyN=1 MyZ=8396.62 TgtZ=7946.72 Dist=1551.14
[ROOT] team=1 status=2 Z=8396.62 VP=(4423.29,-4195.97,8046.35)
[SelectTarget] team=2 EnemyN=1 TgtZ=8396.06
[DIST] team=2 EnemyN=1 MyZ=7946.72 TgtZ=8396.06 Dist=1547.91
[ROOT] team=2 status=2 Z=7946.72 VP=(5395.43,-5852.29,7829.85)
[SelectTarget] team=1 EnemyN=1 TgtZ=7364.53
[DIST] team=1 EnemyN=1 MyZ=8187.79 TgtZ=7364.53 Dist=1229.86
[ROOT] team=1 status=2 Z=8187.79 VP=(4726.45,-4099.43,7572.86)
[SelectTarget] team=2 EnemyN=1 TgtZ=8186.01
[DIST] team=2 EnemyN=1 MyZ=7364.53 TgtZ=8186.01 Dist=1226.76
[ROOT] team=2 status=2 Z=7364.53 VP=(5096.28,-6050.6,8199.97)
[SYNC] dist=1074.7 dV=3.44676 thr=0.715532
[CLAMP_DIAG] team=1 rawDist=748.567 offBoresightDeg=8.90981 clamped=0
[SelectTarget] team=1 EnemyN=1 TgtZ=6897.05
[DIST] team=1 EnemyN=1 MyZ=7775.45 TgtZ=6897.05 Dist=1000.62
[ROOT] team=1 status=2 Z=7775.45 VP=(5113.36,-4371.34,7275.14)
[SelectTarget] team=2 EnemyN=1 TgtZ=7772.62
[DIST] team=2 EnemyN=1 MyZ=6897.05 TgtZ=7772.62 Dist=997.642
[ROOT] team=2 status=2 Z=6897.05 VP=(4377.78,-5995.04,8292.84)
[CLAMP_DIAG] team=1 rawDist=818.478 offBoresightDeg=38.3372 clamped=0
[SelectTarget] team=1 EnemyN=1 TgtZ=6661.25
[DIST] team=1 EnemyN=1 MyZ=7191.71 TgtZ=6661.25 Dist=1079.46
[ROOT] team=1 status=2 Z=7191.71 VP=(5369,-4949.44,6675.64)
[SelectTarget] team=2 EnemyN=1 TgtZ=7188.16
[DIST] team=2 EnemyN=1 MyZ=6661.25 TgtZ=7188.16 Dist=1076.97
[ROOT] team=2 status=2 Z=6661.25 VP=(4523.56,-5631.01,8772.57)
[SelectTarget] team=1 EnemyN=1 TgtZ=6739.62
[DIST] team=1 EnemyN=1 MyZ=6558.06 TgtZ=6739.62 Dist=1347.53
[ROOT] team=1 status=2 Z=6558.06 VP=(5421.26,-5619.6,6696.79)
[SelectTarget] team=2 EnemyN=1 TgtZ=6554.8
[DIST] team=2 EnemyN=1 MyZ=6739.62 TgtZ=6554.8 Dist=1345.28
[ROOT] team=2 status=2 Z=6739.62 VP=(4686.85,-5213.53,8343.92)
[SelectTarget] team=1 EnemyN=1 TgtZ=7084.23
[DIST] team=1 EnemyN=1 MyZ=6085.71 TgtZ=7084.23 Dist=1628.74
[ROOT] team=1 status=2 Z=6085.71 VP=(5331.57,-6160.56,6997.22)
[SelectTarget] team=2 EnemyN=1 TgtZ=6083.89
[DIST] team=2 EnemyN=1 MyZ=7084.23 TgtZ=6083.89 Dist=1627.1
[ROOT] team=2 status=2 Z=7084.23 VP=(4850.15,-4851.07,8051.26)
[SYNC] dist=1755.6 dV=-97.0748 thr=1
[SelectTarget] team=1 EnemyN=1 TgtZ=7543.44
[DIST] team=1 EnemyN=1 MyZ=5935.28 TgtZ=7543.44 Dist=1849.05
[ROOT] team=1 status=2 Z=5935.28 VP=(5157.12,-6463.16,7436.86)
[SelectTarget] team=2 EnemyN=1 TgtZ=5935.5
[DIST] team=2 EnemyN=1 MyZ=7543.44 TgtZ=5935.5 Dist=1846.94
[ROOT] team=2 status=2 Z=7543.44 VP=(4972.84,-4604.58,7787.95)
[SelectTarget] team=1 EnemyN=1 TgtZ=7988.63
[DIST] team=1 EnemyN=1 MyZ=6156.92 TgtZ=7988.63 Dist=1963.88
[ROOT] team=1 status=2 Z=6156.92 VP=(4954.52,-6524.09,7881.96)
[SelectTarget] team=2 EnemyN=1 TgtZ=6159.11
[DIST] team=2 EnemyN=1 MyZ=7988.63 TgtZ=6159.11 Dist=1961.63
[ROOT] team=2 status=2 Z=7988.63 VP=(5068.96,-4517.83,7380.65)
[SelectTarget] team=1 EnemyN=1 TgtZ=8334.71
[DIST] team=1 EnemyN=1 MyZ=6675.34 TgtZ=8334.71 Dist=1942.34
[ROOT] team=1 status=2 Z=6675.34 VP=(4763.01,-6384.92,8251.13)
[SelectTarget] team=2 EnemyN=1 TgtZ=6678.73
[DIST] team=2 EnemyN=1 MyZ=8334.71 TgtZ=6678.73 Dist=1940.04
[ROOT] team=2 status=2 Z=8334.71 VP=(5046.24,-4654.43,6862.25)
[SelectTarget] team=1 EnemyN=1 TgtZ=8522.12
[DIST] team=1 EnemyN=1 MyZ=7287.68 TgtZ=8522.12 Dist=1781.7
[ROOT] team=1 status=2 Z=7287.68 VP=(4602.97,-6090.86,8488.48)
[SelectTarget] team=2 EnemyN=1 TgtZ=7290.87
[DIST] team=2 EnemyN=1 MyZ=8522.12 TgtZ=7290.87 Dist=1778.25
[ROOT] team=2 status=2 Z=8522.12 VP=(4842.39,-5106.73,6343.62)
[SYNC] dist=1654.22 dV=-61.2184 thr=1
[SelectTarget] team=1 EnemyN=1 TgtZ=8498.98
[DIST] team=1 EnemyN=1 MyZ=7768.2 TgtZ=8498.98 Dist=1537
[ROOT] team=1 status=2 Z=7768.2 VP=(4482.15,-5689.58,8531.44)
[SelectTarget] team=2 EnemyN=1 TgtZ=7770.32
[DIST] team=2 EnemyN=1 MyZ=8498.98 TgtZ=7770.32 Dist=1533.52
[ROOT] team=2 status=2 Z=8498.98 VP=(4639.62,-5398.39,6114.8)
[SelectTarget] team=1 EnemyN=1 TgtZ=8230.16
[DIST] team=1 EnemyN=1 MyZ=8057.37 TgtZ=8230.16 Dist=1249.76
[ROOT] team=1 status=2 Z=8057.37 VP=(4402.37,-5270.45,8317.23)
[SelectTarget] team=2 EnemyN=1 TgtZ=8058.45
[DIST] team=2 EnemyN=1 MyZ=8230.16 TgtZ=8058.45 Dist=1245.54
[ROOT] team=2 status=2 Z=8230.16 VP=(4731.85,-6408.25,6508.04)
[SelectTarget] team=1 EnemyN=1 TgtZ=7727.42
[DIST] team=1 EnemyN=1 MyZ=8139.41 TgtZ=7727.42 Dist=971.748
[ROOT] team=1 status=2 Z=8139.41 VP=(4371.2,-4979.63,7842.98)
[SelectTarget] team=2 EnemyN=1 TgtZ=8139.12
[DIST] team=2 EnemyN=1 MyZ=7727.42 TgtZ=8139.12 Dist=967.903
[ROOT] team=2 status=2 Z=7727.42 VP=(4749.81,-6842.69,7584.73)
[CLAMP_DIAG] team=1 rawDist=592.671 offBoresightDeg=3.89105 clamped=0
[SelectTarget] team=1 EnemyN=1 TgtZ=7100.13
[DIST] team=1 EnemyN=1 MyZ=7914.39 TgtZ=7100.13 Dist=847.437
[ROOT] team=1 status=2 Z=7914.39 VP=(4398.15,-4968.29,7490.67)
[SelectTarget] team=2 EnemyN=1 TgtZ=7912.16
[DIST] team=2 EnemyN=1 MyZ=7100.13 TgtZ=7912.16 Dist=844.559
[ROOT] team=2 status=2 Z=7100.13 VP=(4511.87,-6940.16,8002.96)
[SYNC] dist=885.636 dV=-2.62364 thr=0.776236
[CLAMP_DIAG] team=1 rawDist=567.914 offBoresightDeg=42.765 clamped=0
[SelectTarget] team=1 EnemyN=1 TgtZ=6558.67
[DIST] team=1 EnemyN=1 MyZ=7351.71 TgtZ=6558.67 Dist=973.873
[ROOT] team=1 status=2 Z=7351.71 VP=(4463.26,-5316.7,6864.77)
[SelectTarget] team=2 EnemyN=1 TgtZ=7347.83
[DIST] team=2 EnemyN=1 MyZ=6558.67 TgtZ=7347.83 Dist=970.718
[ROOT] team=2 status=2 Z=6558.67 VP=(4472.42,-6751.11,8443.33)
[SelectTarget] team=1 EnemyN=1 TgtZ=6318.41
[DIST] team=1 EnemyN=1 MyZ=6609.89 TgtZ=6318.41 Dist=1207.99
[ROOT] team=1 status=2 Z=6609.89 VP=(4532.91,-5939.08,6328.36)
[SelectTarget] team=2 EnemyN=1 TgtZ=6605.83
[DIST] team=2 EnemyN=1 MyZ=6318.41 TgtZ=6605.83 Dist=1205.68
[ROOT] team=2 status=2 Z=6318.41 VP=(4458.96,-6374.06,8578.85)
[SelectTarget] team=1 EnemyN=1 TgtZ=6458.7
[DIST] team=1 EnemyN=1 MyZ=5983.59 TgtZ=6458.7 Dist=1407.23
[ROOT] team=1 status=2 Z=5983.59 VP=(4585.82,-6607.57,6404.53)
[SelectTarget] team=2 EnemyN=1 TgtZ=5980.93
[DIST] team=2 EnemyN=1 MyZ=6458.7 TgtZ=5980.93 Dist=1404.32
[ROOT] team=2 status=2 Z=6458.7 VP=(4394.3,-5950.07,7896.42)
[SelectTarget] team=1 EnemyN=1 TgtZ=6873.96
[DIST] team=1 EnemyN=1 MyZ=5705.38 TgtZ=6873.96 Dist=1529.98
[ROOT] team=1 status=2 Z=5705.38 VP=(4601.58,-7106.3,6776.25)
[SelectTarget] team=2 EnemyN=1 TgtZ=5705.05
[DIST] team=2 EnemyN=1 MyZ=6873.96 TgtZ=5705.05 Dist=1526.77
[ROOT] team=2 status=2 Z=6873.96 VP=(4277.17,-5624.8,7698.56)
[SYNC] dist=1556.82 dV=-100.83 thr=1
[SelectTarget] team=1 EnemyN=1 TgtZ=7386.42
[DIST] team=1 EnemyN=1 MyZ=5866.6 TgtZ=7386.42 Dist=1564.48
[ROOT] team=1 status=2 Z=5866.6 VP=(4570.25,-7347.64,7269.86)
[SelectTarget] team=2 EnemyN=1 TgtZ=5868.67
[DIST] team=2 EnemyN=1 MyZ=7386.42 TgtZ=5868.67 Dist=1561.59
[ROOT] team=2 status=2 Z=7386.42 VP=(4174.21,-5436.13,7358.35)
[SelectTarget] team=1 EnemyN=1 TgtZ=7855
[DIST] team=1 EnemyN=1 MyZ=6399.89 TgtZ=7855 Dist=1499.38
[ROOT] team=1 status=2 Z=6399.89 VP=(4497.46,-7351,7745.5)
[SelectTarget] team=2 EnemyN=1 TgtZ=6403.54
[DIST] team=2 EnemyN=1 MyZ=7855 TgtZ=6403.54 Dist=1496.35
[ROOT] team=2 status=2 Z=7855 VP=(4001.11,-5449.68,6907.76)
[SelectTarget] team=1 EnemyN=1 TgtZ=8194.41
[DIST] team=1 EnemyN=1 MyZ=7081.65 TgtZ=8194.41 Dist=1331.48
[ROOT] team=1 status=2 Z=7081.65 VP=(4379.03,-7174.91,8117.67)
[SelectTarget] team=2 EnemyN=1 TgtZ=7085.29
[DIST] team=2 EnemyN=1 MyZ=8194.41 TgtZ=7085.29 Dist=1328.26
[ROOT] team=2 status=2 Z=8194.41 VP=(3946.04,-5732.2,6383.43)
[SelectTarget] team=1 EnemyN=1 TgtZ=8352.52
[DIST] team=1 EnemyN=1 MyZ=7649.27 TgtZ=8352.52 Dist=1108.91
[ROOT] team=1 status=2 Z=7649.27 VP=(4228.78,-6861.89,8332.25)
[SelectTarget] team=2 EnemyN=1 TgtZ=7651.93
[DIST] team=2 EnemyN=1 MyZ=8352.52 TgtZ=7651.93 Dist=1105.06
[ROOT] team=2 status=2 Z=8352.52 VP=(3854.57,-5885.83,6181.32)
[SYNC] dist=978.787 dV=-52.4729 thr=1
[CLAMP_DIAG] team=1 rawDist=829.245 offBoresightDeg=1.28598 clamped=0
[SelectTarget] team=1 EnemyN=1 TgtZ=8287.04
[DIST] team=1 EnemyN=1 MyZ=8041.25 TgtZ=8287.04 Dist=875.424
[ROOT] team=1 status=2 Z=8041.25 VP=(4061.42,-6465.34,8331.37)
[SelectTarget] team=2 EnemyN=1 TgtZ=8042.92
[DIST] team=2 EnemyN=1 MyZ=8287.04 TgtZ=8042.92 Dist=873.457
[ROOT] team=2 status=2 Z=8287.04 VP=(4253.5,-6934.98,6140.47)
[CLAMP_DIAG] team=1 rawDist=639.134 offBoresightDeg=4.06252 clamped=0
[SelectTarget] team=1 EnemyN=1 TgtZ=7968.74
[DIST] team=1 EnemyN=1 MyZ=8221.99 TgtZ=7968.74 Dist=711.858
[ROOT] team=1 status=2 Z=8221.99 VP=(3904.47,-6081.15,8063.63)
[SelectTarget] team=2 EnemyN=1 TgtZ=8222.19
[DIST] team=2 EnemyN=1 MyZ=7968.74 TgtZ=8222.19 Dist=708.002
[ROOT] team=2 status=2 Z=7968.74 VP=(4429.23,-7429.4,6919.12)
[CLAMP_DIAG] team=1 rawDist=495.799 offBoresightDeg=6.0916 clamped=0
[SelectTarget] team=1 EnemyN=1 TgtZ=7425.99
[DIST] team=1 EnemyN=1 MyZ=8083.08 TgtZ=7425.99 Dist=714.563
[ROOT] team=1 status=2 Z=8083.08 VP=(3807.52,-5855.17,7725.8)
[SelectTarget] team=2 EnemyN=1 TgtZ=8081.32
[DIST] team=2 EnemyN=1 MyZ=7425.99 TgtZ=8081.32 Dist=711.844
[ROOT] team=2 status=2 Z=7425.99 VP=(4544.88,-7674.77,7504.57)
[CLAMP_DIAG] team=1 rawDist=425.471 offBoresightDeg=31.4546 clamped=0
[SelectTarget] team=1 EnemyN=1 TgtZ=6798.46
[DIST] team=1 EnemyN=1 MyZ=7602.52 TgtZ=6798.46 Dist=850.778
[ROOT] team=1 status=2 Z=7602.52 VP=(3828.87,-5928.18,7177.14)
[SelectTarget] team=2 EnemyN=1 TgtZ=7599.04
[DIST] team=2 EnemyN=1 MyZ=6798.46 TgtZ=7599.04 Dist=848.365
[ROOT] team=2 status=2 Z=6798.46 VP=(4573.57,-7667.44,7987.46)
[SYNC] dist=937.493 dV=-7.56227 thr=0.825623
[CLAMP_DIAG] team=1 rawDist=803.469 offBoresightDeg=30.7892 clamped=0
[SelectTarget] team=1 EnemyN=1 TgtZ=6316.72
[DIST] team=1 EnemyN=1 MyZ=6899.85 TgtZ=6316.72 Dist=1011.38
[ROOT] team=1 status=2 Z=6899.85 VP=(3992.95,-6335.37,6394.16)
[SelectTarget] team=2 EnemyN=1 TgtZ=6895.8
[DIST] team=2 EnemyN=1 MyZ=6316.72 TgtZ=6895.8 Dist=1007.91
[ROOT] team=2 status=2 Z=6316.72 VP=(4480.23,-7431.32,8389.53)
[SelectTarget] team=1 EnemyN=1 TgtZ=6184.04
[DIST] team=1 EnemyN=1 MyZ=6254.28 TgtZ=6184.04 Dist=1102.54
[ROOT] team=1 status=2 Z=6254.28 VP=(4248.57,-6951.55,6174.81)
[SelectTarget] team=2 EnemyN=1 TgtZ=6251.43
[DIST] team=2 EnemyN=1 MyZ=6184.04 TgtZ=6251.43 Dist=1099.24
[ROOT] team=2 status=2 Z=6184.04 VP=(4315.81,-7035.21,8251.16)
[SelectTarget] team=1 EnemyN=1 TgtZ=6430.71
[DIST] team=1 EnemyN=1 MyZ=5936.39 TgtZ=6430.71 Dist=1096.62
[ROOT] team=1 status=2 Z=5936.39 VP=(4498.85,-7540.52,6360.42)
[SelectTarget] team=2 EnemyN=1 TgtZ=5935.84
[DIST] team=2 EnemyN=1 MyZ=6430.71 TgtZ=5935.84 Dist=1092.97
[ROOT] team=2 status=2 Z=6430.71 VP=(4150.3,-6626.44,7718.37)
[SelectTarget] team=1 EnemyN=1 TgtZ=6909.32
[DIST] team=1 EnemyN=1 MyZ=6062.11 TgtZ=6909.32 Dist=1014.64
[ROOT] team=1 status=2 Z=6062.11 VP=(4668.36,-7920.73,6801.53)
[SelectTarget] team=2 EnemyN=1 TgtZ=6064.01
[DIST] team=2 EnemyN=1 MyZ=6909.32 TgtZ=6064.01 Dist=1010.75
[ROOT] team=2 status=2 Z=6909.32 VP=(4040.43,-6326.52,7455.89)
[CLAMP_DIAG] team=1 rawDist=833.278 offBoresightDeg=12.282 clamped=0
[SYNC] dist=941.733 dV=-74.0279 thr=1
[SelectTarget] team=1 EnemyN=1 TgtZ=7434.53
[DIST] team=1 EnemyN=1 MyZ=6567.77 TgtZ=7434.53 Dist=872.411
[ROOT] team=1 status=2 Z=6567.77 VP=(4738.33,-8044.6,7316.57)
[SelectTarget] team=2 EnemyN=1 TgtZ=6571.24
[DIST] team=2 EnemyN=1 MyZ=7434.53 TgtZ=6571.24 Dist=868.786
[ROOT] team=2 status=2 Z=7434.53 VP=(4048.64,-6159.77,7056.42)
[CLAMP_DIAG] team=1 rawDist=671.388 offBoresightDeg=2.64768 clamped=0
[SelectTarget] team=1 EnemyN=1 TgtZ=7876.7
[DIST] team=1 EnemyN=1 MyZ=7208.63 TgtZ=7876.7 Dist=699.968
[ROOT] team=1 status=2 Z=7208.63 VP=(4723.36,-7949.64,7775.61)
[SelectTarget] team=2 EnemyN=1 TgtZ=7212.1
[DIST] team=2 EnemyN=1 MyZ=7876.7 TgtZ=7212.1 Dist=696.665
[ROOT] team=2 status=2 Z=7876.7 VP=(4075.78,-6193.46,6627.36)
[CLAMP_DIAG] team=1 rawDist=506.406 offBoresightDeg=2.58824 clamped=0
[SelectTarget] team=1 EnemyN=1 TgtZ=8162.74
[DIST] team=1 EnemyN=1 MyZ=7773.21 TgtZ=8162.74 Dist=554.538
[ROOT] team=1 status=2 Z=7773.21 VP=(4647.35,-7689.33,8104.68)
[SelectTarget] team=2 EnemyN=1 TgtZ=7775.94
[DIST] team=2 EnemyN=1 MyZ=8162.74 TgtZ=7775.94 Dist=551.625
[ROOT] team=2 status=2 Z=8162.74 VP=(4215.3,-6561.79,6108.69)
[CLAMP_DIAG] team=1 rawDist=399.974 offBoresightDeg=4.78872 clamped=0
[SelectTarget] team=1 EnemyN=1 TgtZ=8243.79
[DIST] team=1 EnemyN=1 MyZ=8163.36 TgtZ=8243.79 Dist=495.937
[ROOT] team=1 status=2 Z=8163.36 VP=(4522.7,-7286.13,8240.87)
[SelectTarget] team=2 EnemyN=1 TgtZ=8164.91
[DIST] team=2 EnemyN=1 MyZ=8243.79 TgtZ=8164.91 Dist=492.911
[ROOT] team=2 status=2 Z=8243.79 VP=(4444.8,-7141.7,6166.24)
[CLAMP_DIAG] team=1 rawDist=403.667 offBoresightDeg=12.1673 clamped=0
[SYNC] dist=501.519 dV=-4.01263 thr=0.790126
[SelectTarget] team=1 EnemyN=1 TgtZ=8082.75
[DIST] team=1 EnemyN=1 MyZ=8320.53 TgtZ=8082.75 Dist=528.515
[ROOT] team=1 status=2 Z=8320.53 VP=(4386.81,-6889.9,8149.09)
[SelectTarget] team=2 EnemyN=1 TgtZ=8320.69
[DIST] team=2 EnemyN=1 MyZ=8082.75 TgtZ=8320.69 Dist=527.206
[ROOT] team=2 status=2 Z=8082.75 VP=(4625.91,-7761.73,6589.64)
[CLAMP_DIAG] team=1 rawDist=439.886 offBoresightDeg=12.9699 clamped=0
[SelectTarget] team=1 EnemyN=1 TgtZ=7678.07
[DIST] team=1 EnemyN=1 MyZ=8210.22 TgtZ=7678.07 Dist=615.616
[ROOT] team=1 status=2 Z=8210.22 VP=(4269.66,-6545.68,7902.41)
[SelectTarget] team=2 EnemyN=1 TgtZ=8208.8
[DIST] team=2 EnemyN=1 MyZ=7678.07 TgtZ=8208.8 Dist=613.613
[ROOT] team=2 status=2 Z=7678.07 VP=(4818.85,-8154.93,7110.04)
[CLAMP_DIAG] team=1 rawDist=366.429 offBoresightDeg=5.59289 clamped=0
[SelectTarget] team=1 EnemyN=1 TgtZ=7098.31
[DIST] team=1 EnemyN=1 MyZ=7814.07 TgtZ=7098.31 Dist=715.815
[ROOT] team=1 status=2 Z=7814.07 VP=(4218.21,-6416.91,7456.16)
[SelectTarget] team=2 EnemyN=1 TgtZ=7811.12
[DIST] team=2 EnemyN=1 MyZ=7098.31 TgtZ=7811.12 Dist=712.869
[ROOT] team=2 status=2 Z=7098.31 VP=(4894.85,-8311.21,7578.96)
[CLAMP_DIAG] team=1 rawDist=408.44 offBoresightDeg=18.542 clamped=0
[SelectTarget] team=1 EnemyN=1 TgtZ=6508.5
[DIST] team=1 EnemyN=1 MyZ=7188.91 TgtZ=6508.5 Dist=785.542
[ROOT] team=1 status=2 Z=7188.91 VP=(4280.69,-6611.62,6796.14)
[SelectTarget] team=2 EnemyN=1 TgtZ=7185.1
[DIST] team=2 EnemyN=1 MyZ=6508.5 TgtZ=7185.1 Dist=782.246
[ROOT] team=2 status=2 Z=6508.5 VP=(4885.89,-8219.94,8046.92)
[CLAMP_DIAG] team=1 rawDist=613.801 offBoresightDeg=10.7522 clamped=0
[SYNC] dist=794.555 dV=-9.77437 thr=0.847744
[SelectTarget] team=1 EnemyN=1 TgtZ=6138.08
[DIST] team=1 EnemyN=1 MyZ=6539.79 TgtZ=6138.08 Dist=792.928
[ROOT] team=1 status=2 Z=6539.79 VP=(4459.11,-7115.24,6174.09)
[SelectTarget] team=2 EnemyN=1 TgtZ=6536.66
[DIST] team=2 EnemyN=1 MyZ=6138.08 TgtZ=6536.66 Dist=788.92
[ROOT] team=2 status=2 Z=6138.08 VP=(4795.26,-7903.1,8393.05)
[CLAMP_DIAG] team=1 rawDist=658.421 offBoresightDeg=3.21289 clamped=0
[SelectTarget] team=1 EnemyN=1 TgtZ=6142.99
[DIST] team=1 EnemyN=1 MyZ=6124.42 TgtZ=6142.99 Dist=739.375
[ROOT] team=1 status=2 Z=6124.42 VP=(4693.14,-7751.86,6111.52)
[SelectTarget] team=2 EnemyN=1 TgtZ=6123.12
[DIST] team=2 EnemyN=1 MyZ=6142.99 TgtZ=6123.12 Dist=735.196
[ROOT] team=2 status=2 Z=6142.99 VP=(4621.87,-7478.71,8083.57)
[CLAMP_DIAG] team=1 rawDist=587.37 offBoresightDeg=3.64597 clamped=0
[SelectTarget] team=1 EnemyN=1 TgtZ=6488.51
[DIST] team=1 EnemyN=1 MyZ=6101.33 TgtZ=6488.51 Dist=663.774
[ROOT] team=1 status=2 Z=6101.33 VP=(4896.83,-8288.8,6402.44)
[SelectTarget] team=2 EnemyN=1 TgtZ=6102.37
[DIST] team=2 EnemyN=1 MyZ=6488.51 TgtZ=6102.37 Dist=660.643
[ROOT] team=2 status=2 Z=6488.51 VP=(4474.14,-7085.92,7572.52)
[CLAMP_DIAG] team=1 rawDist=513.054 offBoresightDeg=4.14563 clamped=0
[SelectTarget] team=1 EnemyN=1 TgtZ=7001.37
[DIST] team=1 EnemyN=1 MyZ=6446.05 TgtZ=7001.37 Dist=597.901
[ROOT] team=1 status=2 Z=6446.05 VP=(5015.52,-8584.17,6886.94)
[SelectTarget] team=2 EnemyN=1 TgtZ=6448.65
[DIST] team=2 EnemyN=1 MyZ=7001.37 TgtZ=6448.65 Dist=594.907
[ROOT] team=2 status=2 Z=7001.37 VP=(4400.15,-6821.71,7236.95)
[CLAMP_DIAG] team=1 rawDist=455.436 offBoresightDeg=4.37774 clamped=0
[SYNC] dist=568.134 dV=-27.0081 thr=1
[SelectTarget] team=1 EnemyN=1 TgtZ=7509.18
[DIST] team=1 EnemyN=1 MyZ=6961.1 TgtZ=7509.18 Dist=552.769
[ROOT] team=1 status=2 Z=6961.1 VP=(5044.31,-8628.06,7394.34)
[SelectTarget] team=2 EnemyN=1 TgtZ=6964.05
[DIST] team=2 EnemyN=1 MyZ=7509.18 TgtZ=6964.05 Dist=550.026
[ROOT] team=2 status=2 Z=7509.18 VP=(4387.12,-6738.59,6780.85)
[CLAMP_DIAG] team=1 rawDist=421.852 offBoresightDeg=4.37533 clamped=0
[SelectTarget] team=1 EnemyN=1 TgtZ=7900.74
[DIST] team=1 EnemyN=1 MyZ=7462.8 TgtZ=7900.74 Dist=531.062
[ROOT] team=1 status=2 Z=7462.8 VP=(5005.51,-8464.04,7812.83)
[SelectTarget] team=2 EnemyN=1 TgtZ=7465.33
[DIST] team=2 EnemyN=1 MyZ=7900.74 TgtZ=7465.33 Dist=528.973
[ROOT] team=2 status=2 Z=7900.74 VP=(4501.55,-6884.74,6272.91)
[CLAMP_DIAG] team=1 rawDist=411.446 offBoresightDeg=3.99092 clamped=0
runner:local/env:0	num_steps=[11999] | total rewards=[653.6121] | termination= [max time out]
[seed 3] reward=   653.61 ownHP=1.0000 tgtHP=1.0000 max time out
total: 2
[SelectTarget] team=1 EnemyN=1 TgtZ=6997.12
[DIST] team=1 EnemyN=1 MyZ=8179 TgtZ=6997.12 Dist=3415
[ROOT] team=1 status=2 Z=8179 VP=(4798.85,-5.94395,7529)
[SelectTarget] team=2 EnemyN=1 TgtZ=8177.92
[DIST] team=2 EnemyN=1 MyZ=6997.12 TgtZ=8177.92 Dist=3415.17
[ROOT] team=2 status=2 Z=6997.12 VP=(4642.52,-784.701,5899.23)
[SelectTarget] team=1 EnemyN=1 TgtZ=6838.68
[DIST] team=1 EnemyN=1 MyZ=7904.19 TgtZ=6838.68 Dist=2760.58
[ROOT] team=1 status=2 Z=7904.19 VP=(4023.69,-7.34532,7254.19)
[SelectTarget] team=2 EnemyN=1 TgtZ=7902.11
[DIST] team=2 EnemyN=1 MyZ=6838.68 TgtZ=7902.11 Dist=2759.8
[ROOT] team=2 status=2 Z=6838.68 VP=(5000.3,-1142.82,5514.94)
[SYNC] dist=2418.16 dV=-7.87094 thr=0.828709
[SelectTarget] team=1 EnemyN=1 TgtZ=6319.31
[DIST] team=1 EnemyN=1 MyZ=7440.19 TgtZ=6319.31 Dist=2150.79
[ROOT] team=1 status=2 Z=7440.19 VP=(4282.34,-410.95,6790.19)
[SelectTarget] team=2 EnemyN=1 TgtZ=7437.19
[DIST] team=2 EnemyN=1 MyZ=6319.31 TgtZ=7437.19 Dist=2147.93
[ROOT] team=2 status=2 Z=6319.31 VP=(4824.73,-552.109,4832.17)
[SelectTarget] team=1 EnemyN=1 TgtZ=5460.85
[DIST] team=1 EnemyN=1 MyZ=6850.88 TgtZ=5460.85 Dist=1781.49
[ROOT] team=1 status=2 Z=6850.88 VP=(3868.78,-720.799,6200.88)
[SelectTarget] team=2 EnemyN=1 TgtZ=6847.38
[DIST] team=2 EnemyN=1 MyZ=5460.85 TgtZ=6847.38 Dist=1776.7
[ROOT] team=2 status=2 Z=5460.85 VP=(3854.63,338.516,4196.28)
[SelectTarget] team=1 EnemyN=1 TgtZ=4478.03
[DIST] team=1 EnemyN=1 MyZ=6179.31 TgtZ=4478.03 Dist=1767.03
[ROOT] team=1 status=2 Z=6179.31 VP=(3640.39,-686.398,5529.31)
[SelectTarget] team=2 EnemyN=1 TgtZ=6175.18
[DIST] team=2 EnemyN=1 MyZ=4478.03 TgtZ=6175.18 Dist=1762.79
[ROOT] team=2 status=2 Z=4478.03 VP=(1662.89,-257.273,4614.02)
[CLAMP_DIAG] team=1 rawDist=854.277 offBoresightDeg=49.8732 clamped=0
[SelectTarget] team=1 EnemyN=1 TgtZ=3730.45
[DIST] team=1 EnemyN=1 MyZ=5322.61 TgtZ=3730.45 Dist=1937.36
[ROOT] team=1 status=2 Z=5322.61 VP=(3081.15,-385.162,4672.61)
[SelectTarget] team=2 EnemyN=1 TgtZ=5317.31
[DIST] team=2 EnemyN=1 MyZ=3730.45 TgtZ=5317.31 Dist=1933.38
[ROOT] team=2 status=2 Z=3730.45 VP=(1402.66,-842.314,5280.12)
[SYNC] dist=2051.89 dV=-4.73285 thr=0.797328
[SelectTarget] team=1 EnemyN=1 TgtZ=3465.3
[DIST] team=1 EnemyN=1 MyZ=4347.32 TgtZ=3465.3 Dist=2155.57
[ROOT] team=1 status=2 Z=4347.32 VP=(2146.31,-207.01,3697.32)
[SelectTarget] team=2 EnemyN=1 TgtZ=4342.07
[DIST] team=2 EnemyN=1 MyZ=3465.3 TgtZ=4342.07 Dist=2151.41
[ROOT] team=2 status=2 Z=3465.3 VP=(1478.78,-993.129,5626.99)
[SelectTarget] team=1 EnemyN=1 TgtZ=3736.5
[DIST] team=1 EnemyN=1 MyZ=3537.43 TgtZ=3736.5 Dist=2307.92
[ROOT] team=1 status=2 Z=3537.43 VP=(1188.12,-262.129,3673.23)
[SelectTarget] team=2 EnemyN=1 TgtZ=3533.98
[DIST] team=2 EnemyN=1 MyZ=3736.5 TgtZ=3533.98 Dist=2303.62
[ROOT] team=2 status=2 Z=3736.5 VP=(1672.11,-956.19,5304.72)
[SelectTarget] team=1 EnemyN=1 TgtZ=4371.89
[DIST] team=1 EnemyN=1 MyZ=3183.69 TgtZ=4371.89 Dist=2326.01
[ROOT] team=1 status=2 Z=3183.69 VP=(503.572,-541.297,4263.8)
[SelectTarget] team=2 EnemyN=1 TgtZ=3183.31
[DIST] team=2 EnemyN=1 MyZ=4371.89 TgtZ=3183.31 Dist=2321.27
[ROOT] team=2 status=2 Z=4371.89 VP=(2024.53,-1192.06,5016.25)
[SelectTarget] team=1 EnemyN=1 TgtZ=5064.3
[DIST] team=1 EnemyN=1 MyZ=3379.34 TgtZ=5064.3 Dist=2170.5
[ROOT] team=1 status=2 Z=3379.34 VP=(317.071,-1013.48,4970.14)
[SelectTarget] team=2 EnemyN=1 TgtZ=3381.73
[DIST] team=2 EnemyN=1 MyZ=5064.3 TgtZ=3381.73 Dist=2165.81
[ROOT] team=2 status=2 Z=5064.3 VP=(2258.18,-1533.83,4384.93)
[SYNC] dist=2009.56 dV=-42.5442 thr=1
[SelectTarget] team=1 EnemyN=1 TgtZ=5466.38
[DIST] team=1 EnemyN=1 MyZ=3959.79 TgtZ=5466.38 Dist=1835.69
[ROOT] team=1 status=2 Z=3959.79 VP=(620.984,-1570.07,5431.86)
[SelectTarget] team=2 EnemyN=1 TgtZ=3963.56
[DIST] team=2 EnemyN=1 MyZ=5466.38 TgtZ=3963.56 Dist=1830.97
[ROOT] team=2 status=2 Z=5466.38 VP=(1874.1,-1721.85,3448.23)
[SelectTarget] team=1 EnemyN=1 TgtZ=5336.35
[DIST] team=1 EnemyN=1 MyZ=4611.35 TgtZ=5336.35 Dist=1351.79
[ROOT] team=1 status=2 Z=4611.35 VP=(1191.5,-2066.21,5390.66)
[SelectTarget] team=2 EnemyN=1 TgtZ=4614.48
[DIST] team=2 EnemyN=1 MyZ=5336.35 TgtZ=4614.48 Dist=1347.79
[ROOT] team=2 status=2 Z=5336.35 VP=(1015.12,-1249.16,3156.68)
[SelectTarget] team=1 EnemyN=1 TgtZ=4708.77
[DIST] team=1 EnemyN=1 MyZ=4980.5 TgtZ=4708.77 Dist=908.243
[ROOT] team=1 status=2 Z=4980.5 VP=(1660.86,-2304.07,4817.74)
[SelectTarget] team=2 EnemyN=1 TgtZ=4981.15
[DIST] team=2 EnemyN=1 MyZ=4708.77 TgtZ=4981.15 Dist=904.093
[ROOT] team=2 status=2 Z=4708.77 VP=(467.291,-947.789,4202.95)
[CLAMP_DIAG] team=1 rawDist=562.188 offBoresightDeg=20.3663 clamped=0
[SelectTarget] team=1 EnemyN=1 TgtZ=3902.34
[DIST] team=1 EnemyN=1 MyZ=4802.33 TgtZ=3902.34 Dist=923.042
[ROOT] team=1 status=2 Z=4802.33 VP=(1750.15,-2168.97,4340.81)
[SelectTarget] team=2 EnemyN=1 TgtZ=4799.78
[DIST] team=2 EnemyN=1 MyZ=3902.34 TgtZ=4799.78 Dist=920.5
[ROOT] team=2 status=2 Z=3902.34 VP=(24.3036,-1148.92,4659.73)
[SYNC] dist=1120.45 dV=17.3366 thr=0.576634
[CLAMP_DIAG] team=1 rawDist=886.122 offBoresightDeg=58.9915 clamped=0
[SelectTarget] team=1 EnemyN=1 TgtZ=3304.6
[DIST] team=1 EnemyN=1 MyZ=4141.08 TgtZ=3304.6 Dist=1331.43
[ROOT] team=1 status=2 Z=4141.08 VP=(1397.75,-1735.4,3491.08)
[SelectTarget] team=2 EnemyN=1 TgtZ=4136.55
[DIST] team=2 EnemyN=1 MyZ=3304.6 TgtZ=4136.55 Dist=1329.48
[ROOT] team=2 status=2 Z=3304.6 VP=(18.453,-1361.14,5195.43)
[SelectTarget] team=1 EnemyN=1 TgtZ=3188.46
[DIST] team=1 EnemyN=1 MyZ=3297.42 TgtZ=3188.46 Dist=1751.33
[ROOT] team=1 status=2 Z=3297.42 VP=(710.696,-1252.51,3179.57)
[SelectTarget] team=2 EnemyN=1 TgtZ=3292.96
[DIST] team=2 EnemyN=1 MyZ=3188.46 TgtZ=3292.96 Dist=1749.26
[ROOT] team=2 status=2 Z=3188.46 VP=(308.183,-1681.23,5208.75)
[SelectTarget] team=1 EnemyN=1 TgtZ=3585.06
[DIST] team=1 EnemyN=1 MyZ=2657.6 TgtZ=3585.06 Dist=2040.45
[ROOT] team=1 status=2 Z=2657.6 VP=(4.222,-981.144,3505.07)
[SelectTarget] team=2 EnemyN=1 TgtZ=2655.24
[DIST] team=2 EnemyN=1 MyZ=3585.06 TgtZ=2655.24 Dist=2037.47
[ROOT] team=2 status=2 Z=3585.06 VP=(678.752,-2256.14,4510.59)
[SelectTarget] team=1 EnemyN=1 TgtZ=4207.35
[DIST] team=1 EnemyN=1 MyZ=2509.08 TgtZ=4207.35 Dist=2123.11
[ROOT] team=1 status=2 Z=2509.08 VP=(-423.47,-1106.63,4107.95)
[SelectTarget] team=2 EnemyN=1 TgtZ=2509.84
[DIST] team=2 EnemyN=1 MyZ=4207.35 TgtZ=2509.84 Dist=2119.96
[ROOT] team=2 status=2 Z=4207.35 VP=(845.478,-2675.96,3622.81)
[SYNC] dist=2068.87 dV=-72.1245 thr=1
[SelectTarget] team=1 EnemyN=1 TgtZ=4630.78
[DIST] team=1 EnemyN=1 MyZ=2893.61 TgtZ=4630.78 Dist=1980.32
[ROOT] team=1 status=2 Z=2893.61 VP=(-466.587,-1592.93,4582.91)
[SelectTarget] team=2 EnemyN=1 TgtZ=2896.89
[DIST] team=2 EnemyN=1 MyZ=4630.78 TgtZ=2896.89 Dist=1976.57
[ROOT] team=2 status=2 Z=4630.78 VP=(507.547,-2560.51,2694.13)
[SelectTarget] team=1 EnemyN=1 TgtZ=4613.58
[DIST] team=1 EnemyN=1 MyZ=3562.52 TgtZ=4613.58 Dist=1659.95
[ROOT] team=1 status=2 Z=3562.52 VP=(-252.777,-2213.61,4652.17)
[SelectTarget] team=2 EnemyN=1 TgtZ=3566.23
[DIST] team=2 EnemyN=1 MyZ=4613.58 TgtZ=3566.23 Dist=1655.68
[ROOT] team=2 status=2 Z=4613.58 VP=(-211.879,-1995.92,2238.89)
[SelectTarget] team=1 EnemyN=1 TgtZ=4114.8
[DIST] team=1 EnemyN=1 MyZ=4063.42 TgtZ=4114.8 Dist=1225.35
[ROOT] team=1 status=2 Z=4063.42 VP=(0.294654,-2692.31,4221.99)
[SelectTarget] team=2 EnemyN=1 TgtZ=4064.95
[DIST] team=2 EnemyN=1 MyZ=4114.8 TgtZ=4064.95 Dist=1221.22
[ROOT] team=2 status=2 Z=4114.8 VP=(-747.002,-1194.56,3050.06)
[SelectTarget] team=1 EnemyN=1 TgtZ=3377.91
[DIST] team=1 EnemyN=1 MyZ=4061.61 TgtZ=3377.91 Dist=831.046
[ROOT] team=1 status=2 Z=4061.61 VP=(47.5052,-2731.03,3646.09)
[SelectTarget] team=2 EnemyN=1 TgtZ=4059.96
[DIST] team=2 EnemyN=1 MyZ=3377.91 TgtZ=4059.96 Dist=827.998
[ROOT] team=2 status=2 Z=3377.91 VP=(-885.552,-1021.86,4395.98)
[SYNC] dist=775.411 dV=6.32762 thr=0.686724
[CLAMP_DIAG] team=1 rawDist=394.107 offBoresightDeg=34.7812 clamped=0
[SelectTarget] team=1 EnemyN=1 TgtZ=2889.89
[DIST] team=1 EnemyN=1 MyZ=3512.39 TgtZ=2889.89 Dist=868.989
[ROOT] team=1 status=2 Z=3512.39 VP=(-182.798,-2267.23,3077.89)
[SelectTarget] team=2 EnemyN=1 TgtZ=3508.18
[DIST] team=2 EnemyN=1 MyZ=2889.89 TgtZ=3508.18 Dist=866.958
[ROOT] team=2 status=2 Z=2889.89 VP=(-710.386,-1487.45,5108.95)
[SelectTarget] team=1 EnemyN=1 TgtZ=2975.23
[DIST] team=1 EnemyN=1 MyZ=2713.53 TgtZ=2975.23 Dist=1273.49
[ROOT] team=1 status=2 Z=2713.53 VP=(-488.534,-1528.52,7568.16)
[SelectTarget] team=2 EnemyN=1 TgtZ=2709.35
[DIST] team=2 EnemyN=1 MyZ=2975.23 TgtZ=2709.35 Dist=1272.8
[ROOT] team=2 status=2 Z=2975.23 VP=(-501.87,-2294.98,4553.06)
[SelectTarget] team=1 EnemyN=1 TgtZ=3503
[DIST] team=1 EnemyN=1 MyZ=2162.48 TgtZ=3503 Dist=1684.33
[ROOT] team=1 status=2 Z=2162.48 VP=(-813.6,-1199.78,3395.67)
[SelectTarget] team=2 EnemyN=1 TgtZ=2160.87
[DIST] team=2 EnemyN=1 MyZ=3503 TgtZ=2160.87 Dist=1682.24
[ROOT] team=2 status=2 Z=3503 VP=(-632.657,-2985.65,3917.08)
[SelectTarget] team=1 EnemyN=1 TgtZ=4092.27
[DIST] team=1 EnemyN=1 MyZ=2186.65 TgtZ=4092.27 Dist=1943.97
[ROOT] team=1 status=2 Z=2186.65 VP=(-978.858,-1216.26,3986.32)
[SelectTarget] team=2 EnemyN=1 TgtZ=2188.51
[DIST] team=2 EnemyN=1 MyZ=4092.27 TgtZ=2188.51 Dist=1941.89
[ROOT] team=2 status=2 Z=4092.27 VP=(-485.177,-3109.07,3104.96)
[SYNC] dist=1990.9 dV=-93.0622 thr=1
[SelectTarget] team=1 EnemyN=1 TgtZ=4462.59
[DIST] team=1 EnemyN=1 MyZ=2751.2 TgtZ=4462.59 Dist=1982.52
[ROOT] team=1 status=2 Z=2751.2 VP=(-1023.91,-1580.01,4411.18)
[SelectTarget] team=2 EnemyN=1 TgtZ=2755.26
[DIST] team=2 EnemyN=1 MyZ=4462.59 TgtZ=2755.26 Dist=1979.65
[ROOT] team=2 status=2 Z=4462.59 VP=(-733.309,-2721.13,2374.98)
[SelectTarget] team=1 EnemyN=1 TgtZ=4471.63
[DIST] team=1 EnemyN=1 MyZ=3472.92 TgtZ=4471.63 Dist=1794.61
[ROOT] team=1 status=2 Z=3472.92 VP=(-984.557,-2126.03,4503)
[SelectTarget] team=2 EnemyN=1 TgtZ=3476.4
[DIST] team=2 EnemyN=1 MyZ=4471.63 TgtZ=3476.4 Dist=1790.48
[ROOT] team=2 status=2 Z=4471.63 VP=(-1083.5,-1916.08,2101.14)
[SelectTarget] team=1 EnemyN=1 TgtZ=4071.67
[DIST] team=1 EnemyN=1 MyZ=3905.51 TgtZ=4071.67 Dist=1430.53
[ROOT] team=1 status=2 Z=3905.51 VP=(-924.943,-2626.02,4172.59)
[SelectTarget] team=2 EnemyN=1 TgtZ=3906.83
[DIST] team=2 EnemyN=1 MyZ=4071.67 TgtZ=3906.83 Dist=1426.36
[ROOT] team=2 status=2 Z=4071.67 VP=(-1205.72,-1085.5,2744.07)
[SelectTarget] team=1 EnemyN=1 TgtZ=3401.5
[DIST] team=1 EnemyN=1 MyZ=3947.02 TgtZ=3401.5 Dist=955.65
[ROOT] team=1 status=2 Z=3947.02 VP=(-923.03,-2770.03,3516.55)
[SelectTarget] team=2 EnemyN=1 TgtZ=3946
[DIST] team=2 EnemyN=1 MyZ=3401.5 TgtZ=3946 Dist=952.842
[ROOT] team=2 status=2 Z=3401.5 VP=(-1163.95,-782.949,4118.9)
[CLAMP_DIAG] team=1 rawDist=800.555 offBoresightDeg=1.7987 clamped=0
[SYNC] dist=752.286 dV=-3.80685 thr=0.788069
[SelectTarget] team=1 EnemyN=1 TgtZ=2849.33
[DIST] team=1 EnemyN=1 MyZ=3517.79 TgtZ=2849.33 Dist=724.635
[ROOT] team=1 status=2 Z=3517.79 VP=(-982.398,-2381.17,3155.47)
[SelectTarget] team=2 EnemyN=1 TgtZ=3514.08
[DIST] team=2 EnemyN=1 MyZ=2849.33 TgtZ=3514.08 Dist=722.241
[ROOT] team=2 status=2 Z=2849.33 VP=(-1013.42,-1123.77,4880.64)
[CLAMP_DIAG] team=1 rawDist=512.851 offBoresightDeg=53.4732 clamped=0
[SelectTarget] team=1 EnemyN=1 TgtZ=2798.05
[DIST] team=1 EnemyN=1 MyZ=2734.03 TgtZ=2798.05 Dist=1102.43
[ROOT] team=1 status=2 Z=2734.03 VP=(-1625.77,-1935.32,7641.71)
[SelectTarget] team=2 EnemyN=1 TgtZ=2729.55
[DIST] team=2 EnemyN=1 MyZ=2798.05 TgtZ=2729.55 Dist=1102.66
[ROOT] team=2 status=2 Z=2798.05 VP=(185.758,-917.094,4162.75)
[SelectTarget] team=1 EnemyN=1 TgtZ=3160.7
[DIST] team=1 EnemyN=1 MyZ=2081.48 TgtZ=3160.7 Dist=1698.56
[ROOT] team=1 status=2 Z=2081.48 VP=(-2293.49,-1054.24,6851.54)
[SelectTarget] team=2 EnemyN=1 TgtZ=2079.12
[DIST] team=2 EnemyN=1 MyZ=3160.7 TgtZ=2079.12 Dist=1699.03
[ROOT] team=2 status=2 Z=3160.7 VP=(1146.98,-892.952,2793.97)
[SelectTarget] team=1 EnemyN=1 TgtZ=3313.91
[DIST] team=1 EnemyN=1 MyZ=1942.26 TgtZ=3313.91 Dist=2205.68
[ROOT] team=1 status=2 Z=1942.26 VP=(-388.182,-783.662,3317.08)
[SelectTarget] team=2 EnemyN=1 TgtZ=1942.81
[DIST] team=2 EnemyN=1 MyZ=3313.91 TgtZ=1942.81 Dist=2205.51
[ROOT] team=2 status=2 Z=3313.91 VP=(723.48,-1710.4,2000)
[SYNC] dist=2329.36 dV=-65.6425 thr=1
[SelectTarget] team=1 EnemyN=1 TgtZ=3005.77
[DIST] team=1 EnemyN=1 MyZ=2179.79 TgtZ=3005.77 Dist=2337.79
[ROOT] team=1 status=2 Z=2179.79 VP=(230.673,-762.089,3082.34)
[SelectTarget] team=2 EnemyN=1 TgtZ=2181.6
[DIST] team=2 EnemyN=1 MyZ=3005.77 TgtZ=2181.6 Dist=2336.29
[ROOT] team=2 status=2 Z=3005.77 VP=(-230.185,-1122.49,2000)
[SelectTarget] team=1 EnemyN=1 TgtZ=2383.36
[DIST] team=1 EnemyN=1 MyZ=2484.89 TgtZ=2383.36 Dist=2197.22
[ROOT] team=1 status=2 Z=2484.89 VP=(596.301,-1024.66,2473.51)
[SelectTarget] team=2 EnemyN=1 TgtZ=2486.18
[DIST] team=2 EnemyN=1 MyZ=2383.36 TgtZ=2486.18 Dist=2194.69
[ROOT] team=2 status=2 Z=2383.36 VP=(1514.47,-2236.22,7170.39)
[SelectTarget] team=1 EnemyN=1 TgtZ=2055.72
[DIST] team=1 EnemyN=1 MyZ=2548.13 TgtZ=2055.72 Dist=2298.43
[ROOT] team=1 status=2 Z=2548.13 VP=(1014.43,-1601.57,2080.59)
[SelectTarget] team=2 EnemyN=1 TgtZ=2547.48
[DIST] team=2 EnemyN=1 MyZ=2055.72 TgtZ=2547.48 Dist=2294.15
[ROOT] team=2 status=2 Z=2055.72 VP=(1375.1,-3160.49,6828.71)
[SelectTarget] team=1 EnemyN=1 TgtZ=1965.55
[DIST] team=1 EnemyN=1 MyZ=2353.86 TgtZ=1965.55 Dist=2204.05
[ROOT] team=1 status=2 Z=2353.86 VP=(1186.2,-2419.1,1958.07)
[SelectTarget] team=2 EnemyN=1 TgtZ=2352.61
[DIST] team=2 EnemyN=1 MyZ=1965.55 TgtZ=2352.61 Dist=2200.09
[ROOT] team=2 status=2 Z=1965.55 VP=(-534.506,-3353.32,2975.74)
[SelectTarget] team=1 EnemyN=1 TgtZ=2118.08
[DIST] team=1 EnemyN=1 MyZ=2172.84 TgtZ=2118.08 Dist=1770.63
[ROOT] team=1 status=2 Z=2172.84 VP=(827.454,-3146.2,2082.01)
[SelectTarget] team=2 EnemyN=1 TgtZ=2172.14
[DIST] team=2 EnemyN=1 MyZ=2118.08 TgtZ=2172.14 Dist=1765.06
[ROOT] team=2 status=2 Z=2118.08 VP=(-557.145,-1773.42,2632.36)
[SYNC] dist=1100.87 dV=-52.0099 thr=1
[SelectTarget] team=1 EnemyN=1 TgtZ=2304.62
[DIST] team=1 EnemyN=1 MyZ=2124.32 TgtZ=2304.62 Dist=1082.7
[ROOT] team=1 status=2 Z=2124.32 VP=(86.2303,-3361.3,2278.01)
[SelectTarget] team=2 EnemyN=1 TgtZ=2124.52
[DIST] team=2 EnemyN=1 MyZ=2304.62 TgtZ=2124.52 Dist=1077.5
[ROOT] team=2 status=2 Z=2304.62 VP=(38.9279,-1372.11,2000)
[CLAMP_DIAG] team=1 rawDist=642.956 offBoresightDeg=43.7621 clamped=0
[SelectTarget] team=1 EnemyN=1 TgtZ=2271.38
[DIST] team=1 EnemyN=1 MyZ=2199.78 TgtZ=2271.38 Dist=757.952
[ROOT] team=1 status=2 Z=2199.78 VP=(-584.382,-2945.82,2282.49)
[SelectTarget] team=2 EnemyN=1 TgtZ=2200.2
[DIST] team=2 EnemyN=1 MyZ=2271.38 TgtZ=2200.2 Dist=755.542
[ROOT] team=2 status=2 Z=2271.38 VP=(911.634,-1655.81,2000)
[SelectTarget] team=1 EnemyN=1 TgtZ=2061.28
[DIST] team=1 EnemyN=1 MyZ=2213.98 TgtZ=2061.28 Dist=1422.67
[ROOT] team=1 status=2 Z=2213.98 VP=(-755.14,-2217.04,2129)
[SelectTarget] team=2 EnemyN=1 TgtZ=2213.62
[DIST] team=2 EnemyN=1 MyZ=2061.28 TgtZ=2213.62 Dist=1423.08
[ROOT] team=2 status=2 Z=2061.28 VP=(1219.44,-1687.12,2428.86)
[SelectTarget] team=1 EnemyN=1 TgtZ=2015.63
[DIST] team=1 EnemyN=1 MyZ=2060.94 TgtZ=2015.63 Dist=2205.3
[ROOT] team=1 status=2 Z=2060.94 VP=(-2697.87,-1996.82,6833.61)
[SelectTarget] team=2 EnemyN=1 TgtZ=2059.73
[DIST] team=2 EnemyN=1 MyZ=2015.63 TgtZ=2059.73 Dist=2205.19
[ROOT] team=2 status=2 Z=2015.63 VP=(1486.64,-1911.39,2664.65)
[SelectTarget] team=1 EnemyN=1 TgtZ=2011.97
[DIST] team=1 EnemyN=1 MyZ=1928.89 TgtZ=2011.97 Dist=2915.65
[ROOT] team=1 status=2 Z=1928.89 VP=(1283.1,-1417.39,1500)
[SelectTarget] team=2 EnemyN=1 TgtZ=1928.28
[DIST] team=2 EnemyN=1 MyZ=2011.97 TgtZ=1928.28 Dist=2915.52
[ROOT] team=2 status=2 Z=2011.97 VP=(1960.72,-2353.58,2000)
[SYNC] dist=3070.42 dV=-30.9693 thr=1
[SelectTarget] team=1 EnemyN=1 TgtZ=1946.18
[DIST] team=1 EnemyN=1 MyZ=1864.69 TgtZ=1946.18 Dist=3498.97
[ROOT] team=1 status=2 Z=1864.69 VP=(1638.28,-2223.9,1500)
[SelectTarget] team=2 EnemyN=1 TgtZ=1864.55
[DIST] team=2 EnemyN=1 MyZ=1946.18 TgtZ=1864.55 Dist=3498.33
[ROOT] team=2 status=2 Z=1946.18 VP=(1010.18,-3051.94,2000)
[SelectTarget] team=1 EnemyN=1 TgtZ=1873.71
[DIST] team=1 EnemyN=1 MyZ=1835.12 TgtZ=1873.71 Dist=3862.42
[ROOT] team=1 status=2 Z=1835.12 VP=(1288.63,-3226.29,1500)
[SelectTarget] team=2 EnemyN=1 TgtZ=1835.18
[DIST] team=2 EnemyN=1 MyZ=1873.71 TgtZ=1835.18 Dist=3861.4
[ROOT] team=2 status=2 Z=1873.71 VP=(-209.343,-2999.03,2000)
[SelectTarget] team=1 EnemyN=1 TgtZ=1901.62
[DIST] team=1 EnemyN=1 MyZ=1826.04 TgtZ=1901.62 Dist=3990.2
[ROOT] team=1 status=2 Z=1826.04 VP=(549.19,-3772.69,1500)
[SelectTarget] team=2 EnemyN=1 TgtZ=1826.07
[DIST] team=2 EnemyN=1 MyZ=1901.62 TgtZ=1826.07 Dist=3989.27
[ROOT] team=2 status=2 Z=1901.62 VP=(-522.609,-2195.7,2000)
[SelectTarget] team=1 EnemyN=1 TgtZ=1923.17
[DIST] team=1 EnemyN=1 MyZ=1820.37 TgtZ=1923.17 Dist=3746.64
[ROOT] team=1 status=2 Z=1820.37 VP=(-474.981,-3498.33,1500)
[SelectTarget] team=2 EnemyN=1 TgtZ=1820.32
[DIST] team=2 EnemyN=1 MyZ=1923.17 TgtZ=1820.32 Dist=3744.61
[ROOT] team=2 status=2 Z=1923.17 VP=(-129.515,-1660.07,2264.09)
[SYNC] dist=3547.19 dV=-41.6696 thr=1
[SelectTarget] team=1 EnemyN=1 TgtZ=1922.07
[DIST] team=1 EnemyN=1 MyZ=1813.78 TgtZ=1922.07 Dist=3173.91
[ROOT] team=1 status=2 Z=1813.78 VP=(1763.93,-1423.72,6601.88)
[SelectTarget] team=2 EnemyN=1 TgtZ=1813.61
[DIST] team=2 EnemyN=1 MyZ=1922.07 TgtZ=1813.61 Dist=3170.44
[ROOT] team=2 status=2 Z=1922.07 VP=(489.625,-1524.95,2372.89)
[SelectTarget] team=1 EnemyN=1 TgtZ=1891.14
[DIST] team=1 EnemyN=1 MyZ=1804.46 TgtZ=1891.14 Dist=2434.04
[ROOT] team=1 status=2 Z=1804.46 VP=(-743.035,-2556.63,1890.21)
[SelectTarget] team=2 EnemyN=1 TgtZ=1804.33
[DIST] team=2 EnemyN=1 MyZ=1891.14 TgtZ=1804.33 Dist=2432.44
[ROOT] team=2 status=2 Z=1891.14 VP=(815.232,-1223.62,2000)
[SelectTarget] team=1 EnemyN=1 TgtZ=1840.14
[DIST] team=1 EnemyN=1 MyZ=1829.47 TgtZ=1840.14 Dist=1889
[ROOT] team=1 status=2 Z=1829.47 VP=(-589.156,-1726.27,1858.09)
[SelectTarget] team=2 EnemyN=1 TgtZ=1829.38
[DIST] team=2 EnemyN=1 MyZ=1840.14 TgtZ=1829.38 Dist=1888.47
[ROOT] team=2 status=2 Z=1840.14 VP=(1337.51,-2077.83,2366.31)
[SelectTarget] team=1 EnemyN=1 TgtZ=1903.25
[DIST] team=1 EnemyN=1 MyZ=1815.09 TgtZ=1903.25 Dist=2019.77
[ROOT] team=1 status=2 Z=1815.09 VP=(1133.02,-825.056,1500)
[SelectTarget] team=2 EnemyN=1 TgtZ=1814.99
[DIST] team=2 EnemyN=1 MyZ=1903.25 TgtZ=1814.99 Dist=2021.42
[ROOT] team=2 status=2 Z=1903.25 VP=(1173.28,-2722.41,2159.27)
[SYNC] dist=2370.51 dV=-24.4359 thr=0.994359
[SelectTarget] team=1 EnemyN=1 TgtZ=1905.55
[DIST] team=1 EnemyN=1 MyZ=1795.2 TgtZ=1905.55 Dist=2634.54
[ROOT] team=1 status=2 Z=1795.2 VP=(-1712.67,-3476.83,6591.62)
[SelectTarget] team=2 EnemyN=1 TgtZ=1795.14
[DIST] team=2 EnemyN=1 MyZ=1905.55 TgtZ=1795.14 Dist=2638.6
[ROOT] team=2 status=2 Z=1905.55 VP=(1537.35,-3043.12,2000)
[SelectTarget] team=1 EnemyN=1 TgtZ=1849.92
[DIST] team=1 EnemyN=1 MyZ=1971.14 TgtZ=1849.92 Dist=3333.99
[ROOT] team=1 status=2 Z=1971.14 VP=(1811.42,-2812.84,1507.55)
[SelectTarget] team=2 EnemyN=1 TgtZ=1972.51
[DIST] team=2 EnemyN=1 MyZ=1849.92 TgtZ=1972.51 Dist=3337
[ROOT] team=2 status=2 Z=1849.92 VP=(454.239,-3132.54,2762.59)
[SelectTarget] team=1 EnemyN=1 TgtZ=2005.15
[DIST] team=1 EnemyN=1 MyZ=2196.22 TgtZ=2005.15 Dist=3781.86
[ROOT] team=1 status=2 Z=2196.22 VP=(1215.3,-3594.52,1893.83)
[SelectTarget] team=2 EnemyN=1 TgtZ=2197.24
[DIST] team=2 EnemyN=1 MyZ=2005.15 TgtZ=2197.24 Dist=3784.5
[ROOT] team=2 status=2 Z=2005.15 VP=(293.373,-2707.6,3478.8)
[SelectTarget] team=1 EnemyN=1 TgtZ=2434.44
[DIST] team=1 EnemyN=1 MyZ=2331.87 TgtZ=2434.44 Dist=3826.18
[ROOT] team=1 status=2 Z=2331.87 VP=(410.18,-3520.87,2680.58)
[SelectTarget] team=2 EnemyN=1 TgtZ=2332.42
[DIST] team=2 EnemyN=1 MyZ=2434.44 TgtZ=2332.42 Dist=3827.31
[ROOT] team=2 status=2 Z=2434.44 VP=(647.437,-2490.27,3964.36)
[SYNC] dist=3613.52 dV=-39.8176 thr=1
[SelectTarget] team=1 EnemyN=1 TgtZ=3085.24
[DIST] team=1 EnemyN=1 MyZ=2428.95 TgtZ=3085.24 Dist=3525.83
[ROOT] team=1 status=2 Z=2428.95 VP=(653.174,-2697.68,3672.22)
[SelectTarget] team=2 EnemyN=1 TgtZ=2429.63
[DIST] team=2 EnemyN=1 MyZ=3085.24 TgtZ=2429.63 Dist=3524.69
[ROOT] team=2 status=2 Z=3085.24 VP=(922.842,-3130.85,4661.6)
[SelectTarget] team=1 EnemyN=1 TgtZ=3820.32
[DIST] team=1 EnemyN=1 MyZ=2622.71 TgtZ=3820.32 Dist=3079.29
[ROOT] team=1 status=2 Z=2622.71 VP=(6.8698,-2568.04,4067.3)
[SelectTarget] team=2 EnemyN=1 TgtZ=2624.25
[DIST] team=2 EnemyN=1 MyZ=3820.32 TgtZ=2624.25 Dist=3075.66
[ROOT] team=2 status=2 Z=3820.32 VP=(479.711,-2332.93,5176.58)
[SelectTarget] team=1 EnemyN=1 TgtZ=4485.42
[DIST] team=1 EnemyN=1 MyZ=3019.18 TgtZ=4485.42 Dist=2374.73
[ROOT] team=1 status=2 Z=3019.18 VP=(462.683,-2972.97,4387.09)
[SelectTarget] team=2 EnemyN=1 TgtZ=3022.15
[DIST] team=2 EnemyN=1 MyZ=4485.42 TgtZ=3022.15 Dist=2370.42
[ROOT] team=2 status=2 Z=4485.42 VP=(80.0794,-1021.18,4619.54)
[SelectTarget] team=1 EnemyN=1 TgtZ=5017.24
[DIST] team=1 EnemyN=1 MyZ=3572.18 TgtZ=5017.24 Dist=1623.52
[ROOT] team=1 status=2 Z=3572.18 VP=(223.646,-2579.6,4781.13)
[SelectTarget] team=2 EnemyN=1 TgtZ=3575.7
[DIST] team=2 EnemyN=1 MyZ=5017.24 TgtZ=3575.7 Dist=1619.19
[ROOT] team=2 status=2 Z=5017.24 VP=(351.606,-501.216,3997.73)
[SYNC] dist=1274.7 dV=-21.8122 thr=0.968122
[SelectTarget] team=1 EnemyN=1 TgtZ=5424.82
[DIST] team=1 EnemyN=1 MyZ=4283.49 TgtZ=5424.82 Dist=1177.61
[ROOT] team=1 status=2 Z=4283.49 VP=(166.323,-1904.72,5389.19)
[SelectTarget] team=2 EnemyN=1 TgtZ=4287.76
[DIST] team=2 EnemyN=1 MyZ=5424.82 TgtZ=4287.76 Dist=1173.72
[ROOT] team=2 status=2 Z=5424.82 VP=(754.752,-1059.82,3256.58)
[CLAMP_DIAG] team=1 rawDist=806.795 offBoresightDeg=9.74604 clamped=0
[SelectTarget] team=1 EnemyN=1 TgtZ=5301.85
[DIST] team=1 EnemyN=1 MyZ=4979.77 TgtZ=5301.85 Dist=842.623
[ROOT] team=1 status=2 Z=4979.77 VP=(239.039,-1206.09,5358.1)
[SelectTarget] team=2 EnemyN=1 TgtZ=4982.89
[DIST] team=2 EnemyN=1 MyZ=5301.85 TgtZ=4982.89 Dist=838.955
[ROOT] team=2 status=2 Z=5301.85 VP=(490.634,-1968.3,3194.29)
[CLAMP_DIAG] team=1 rawDist=753.895 offBoresightDeg=35.5409 clamped=0
[SelectTarget] team=1 EnemyN=1 TgtZ=4707.94
[DIST] team=1 EnemyN=1 MyZ=5327.83 TgtZ=4707.94 Dist=882.15
[ROOT] team=1 status=2 Z=5327.83 VP=(361.608,-743.875,4886.75)
[SelectTarget] team=2 EnemyN=1 TgtZ=5328.45
[DIST] team=2 EnemyN=1 MyZ=4707.94 TgtZ=5328.45 Dist=880.741
[ROOT] team=2 status=2 Z=4707.94 VP=(283.147,-2603.81,4458.06)
[CLAMP_DIAG] team=1 rawDist=608.899 offBoresightDeg=48.561 clamped=0
[SelectTarget] team=1 EnemyN=1 TgtZ=3987.32
[DIST] team=1 EnemyN=1 MyZ=5189.67 TgtZ=3987.32 Dist=1227.58
[ROOT] team=1 status=2 Z=5189.67 VP=(454.699,-818.479,4575.88)
[SelectTarget] team=2 EnemyN=1 TgtZ=5187.53
[DIST] team=2 EnemyN=1 MyZ=3987.32 TgtZ=5187.53 Dist=1226.01
[ROOT] team=2 status=2 Z=3987.32 VP=(-132.054,-2608.31,5198.94)
[SYNC] dist=1500.31 dV=9.0027 thr=0.659973
[SelectTarget] team=1 EnemyN=1 TgtZ=3582.49
[DIST] team=1 EnemyN=1 MyZ=4608.54 TgtZ=3582.49 Dist=1570.17
[ROOT] team=1 status=2 Z=4608.54 VP=(433.705,-1398.63,3958.54)
[SelectTarget] team=2 EnemyN=1 TgtZ=4604.48
[DIST] team=2 EnemyN=1 MyZ=3582.49 TgtZ=4604.48 Dist=1567.56
[ROOT] team=2 status=2 Z=3582.49 VP=(-207.449,-2055.48,5802.9)
[SelectTarget] team=1 EnemyN=1 TgtZ=3718.5
[DIST] team=1 EnemyN=1 MyZ=3869.27 TgtZ=3718.5 Dist=1728.36
[ROOT] team=1 status=2 Z=3869.27 VP=(269.259,-2108.28,3662.63)
[SelectTarget] team=2 EnemyN=1 TgtZ=3865.56
[DIST] team=2 EnemyN=1 MyZ=3718.5 TgtZ=3865.56 Dist=1725.42
[ROOT] team=2 status=2 Z=3718.5 VP=(135.333,-1332.82,5661.63)
[SelectTarget] team=1 EnemyN=1 TgtZ=4253.5
[DIST] team=1 EnemyN=1 MyZ=3398.75 TgtZ=4253.5 Dist=1676.56
[ROOT] team=1 status=2 Z=3398.75 VP=(71.6305,-2539.66,4143.64)
[SelectTarget] team=2 EnemyN=1 TgtZ=3397.5
[DIST] team=2 EnemyN=1 MyZ=4253.5 TgtZ=3397.5 Dist=1672.61
[ROOT] team=2 status=2 Z=4253.5 VP=(418.767,-779.974,4655.78)
runner:local/env:0	num_steps=[11999] | total rewards=[139.5736] | termination= [max time out]
[seed 4] reward=   139.57 ownHP=1.0000 tgtHP=1.0000 max time out
total: 2
[SelectTarget] team=1 EnemyN=1 TgtZ=7024.55
[DIST] team=1 EnemyN=1 MyZ=8871.23 TgtZ=7024.55 Dist=2575.95
[ROOT] team=1 status=2 Z=8871.23 VP=(4437.44,-177.134,8221.23)
[SelectTarget] team=2 EnemyN=1 TgtZ=8869.59
[DIST] team=2 EnemyN=1 MyZ=7024.55 TgtZ=8869.59 Dist=2577.84
[ROOT] team=2 status=2 Z=7024.55 VP=(4254.45,-917.491,6102.64)
[SYNC] dist=2377.6 dV=-16.9765 thr=0.919765
[SelectTarget] team=1 EnemyN=1 TgtZ=6901.91
[DIST] team=1 EnemyN=1 MyZ=8388.15 TgtZ=6901.91 Dist=2319.03
[ROOT] team=1 status=2 Z=8388.15 VP=(3791,595.125,7738.15)
[SelectTarget] team=2 EnemyN=1 TgtZ=8384.44
[DIST] team=2 EnemyN=1 MyZ=6901.91 TgtZ=8384.44 Dist=2319.41
[ROOT] team=2 status=2 Z=6901.91 VP=(4682.32,-600.399,5433.31)
[SelectTarget] team=1 EnemyN=1 TgtZ=6367.55
[DIST] team=1 EnemyN=1 MyZ=7569.33 TgtZ=6367.55 Dist=2120.74
[ROOT] team=1 status=2 Z=7569.33 VP=(3952.75,6.97662,6919.33)
[SelectTarget] team=2 EnemyN=1 TgtZ=7564.08
[DIST] team=2 EnemyN=1 MyZ=6367.55 TgtZ=7564.08 Dist=2119.06
[ROOT] team=2 status=2 Z=6367.55 VP=(4372.94,-1669.17,5782.42)
[SelectTarget] team=1 EnemyN=1 TgtZ=5666.62
[DIST] team=1 EnemyN=1 MyZ=6569.69 TgtZ=5666.62 Dist=2011.63
[ROOT] team=1 status=2 Z=6569.69 VP=(3424.71,-384.838,5919.69)
[SelectTarget] team=2 EnemyN=1 TgtZ=6564.09
[DIST] team=2 EnemyN=1 MyZ=5666.62 TgtZ=6564.09 Dist=2008.12
[ROOT] team=2 status=2 Z=5666.62 VP=(3638.32,-2449.08,6332.33)
[SelectTarget] team=1 EnemyN=1 TgtZ=5172.14
[DIST] team=1 EnemyN=1 MyZ=5660.16 TgtZ=5172.14 Dist=1985.61
[ROOT] team=1 status=2 Z=5660.16 VP=(3115.19,-1141.39,5257.58)
[SelectTarget] team=2 EnemyN=1 TgtZ=5655.95
[DIST] team=2 EnemyN=1 MyZ=5172.14 TgtZ=5655.95 Dist=1980.28
[ROOT] team=2 status=2 Z=5172.14 VP=(2046.26,-2462.88,6844.38)
[SYNC] dist=1952.79 dV=-20.1146 thr=0.951146
[SelectTarget] team=1 EnemyN=1 TgtZ=5106.37
[DIST] team=1 EnemyN=1 MyZ=5111.57 TgtZ=5106.37 Dist=1941.6
[ROOT] team=1 status=2 Z=5111.57 VP=(2771.98,-2060.95,5097.65)
[SelectTarget] team=2 EnemyN=1 TgtZ=5109.73
[DIST] team=2 EnemyN=1 MyZ=5106.37 TgtZ=5109.73 Dist=1936.33
[ROOT] team=2 status=2 Z=5106.37 VP=(1091.11,-1801.22,6212.83)
[SelectTarget] team=1 EnemyN=1 TgtZ=5298.48
[DIST] team=1 EnemyN=1 MyZ=4962.56 TgtZ=5298.48 Dist=1820.74
[ROOT] team=1 status=2 Z=4962.56 VP=(2158.97,-2788.47,5247.74)
[SelectTarget] team=2 EnemyN=1 TgtZ=4962.63
[DIST] team=2 EnemyN=1 MyZ=5298.48 TgtZ=4962.63 Dist=1815.47
[ROOT] team=2 status=2 Z=5298.48 VP=(707.894,-1469.97,5421.29)
[SelectTarget] team=1 EnemyN=1 TgtZ=5455.03
[DIST] team=1 EnemyN=1 MyZ=5074.17 TgtZ=5455.03 Dist=1628.09
[ROOT] team=1 status=2 Z=5074.17 VP=(1298.42,-3113.82,5423.27)
[SelectTarget] team=2 EnemyN=1 TgtZ=5075.13
[DIST] team=2 EnemyN=1 MyZ=5455.03 TgtZ=5075.13 Dist=1622.56
[ROOT] team=2 status=2 Z=5455.03 VP=(575.159,-1260,4676.42)
[SelectTarget] team=1 EnemyN=1 TgtZ=5359.16
[DIST] team=1 EnemyN=1 MyZ=5235.68 TgtZ=5359.16 Dist=1401.14
[ROOT] team=1 status=2 Z=5235.68 VP=(396.349,-2992.99,5378.4)
[SelectTarget] team=2 EnemyN=1 TgtZ=5236.33
[DIST] team=2 EnemyN=1 MyZ=5359.16 TgtZ=5236.33 Dist=1395.71
[ROOT] team=2 status=2 Z=5359.16 VP=(742.338,-1248.89,4292.37)
[SYNC] dist=1249.36 dV=-5.29874 thr=0.802987
[SelectTarget] team=1 EnemyN=1 TgtZ=4944.89
[DIST] team=1 EnemyN=1 MyZ=5242.43 TgtZ=4944.89 Dist=1220.81
[ROOT] team=1 status=2 Z=5242.43 VP=(-309.903,-2522.55,5023.59)
[SelectTarget] team=2 EnemyN=1 TgtZ=5241.71
[DIST] team=2 EnemyN=1 MyZ=4944.89 TgtZ=5241.71 Dist=1215.6
[ROOT] team=2 status=2 Z=4944.89 VP=(1021.43,-1349.15,4354.21)
[SelectTarget] team=1 EnemyN=1 TgtZ=4320.3
[DIST] team=1 EnemyN=1 MyZ=4953.61 TgtZ=4320.3 Dist=1156.93
[ROOT] team=1 status=2 Z=4953.61 VP=(-615.25,-1833.27,4427.98)
[SelectTarget] team=2 EnemyN=1 TgtZ=4951.15
[DIST] team=2 EnemyN=1 MyZ=4320.3 TgtZ=4951.15 Dist=1151.13
[ROOT] team=2 status=2 Z=4320.3 VP=(1322.73,-1434.4,4423.79)
[SelectTarget] team=1 EnemyN=1 TgtZ=3685.67
[DIST] team=1 EnemyN=1 MyZ=4392.44 TgtZ=3685.67 Dist=1230.64
[ROOT] team=1 status=2 Z=4392.44 VP=(-373.22,-1130.66,3784.93)
[SelectTarget] team=2 EnemyN=1 TgtZ=4388.82
[DIST] team=2 EnemyN=1 MyZ=3685.67 TgtZ=4388.82 Dist=1225.95
[ROOT] team=2 status=2 Z=3685.67 VP=(1553.21,-1628.29,4528.35)
[SelectTarget] team=1 EnemyN=1 TgtZ=3258.05
[DIST] team=1 EnemyN=1 MyZ=3712.29 TgtZ=3258.05 Dist=1385.43
[ROOT] team=1 status=2 Z=3712.29 VP=(362.609,-666.042,3315.34)
[SelectTarget] team=2 EnemyN=1 TgtZ=3708.59
[DIST] team=2 EnemyN=1 MyZ=3258.05 TgtZ=3708.59 Dist=1380.7
[ROOT] team=2 status=2 Z=3258.05 VP=(1617.08,-1888.92,4718.51)
[SYNC] dist=1500.31 dV=-9.25992 thr=0.842599
[SelectTarget] team=1 EnemyN=1 TgtZ=3177.59
[DIST] team=1 EnemyN=1 MyZ=3142.34 TgtZ=3177.59 Dist=1535.46
[ROOT] team=1 status=2 Z=3142.34 VP=(1329.55,-621.28,3173.92)
[SelectTarget] team=2 EnemyN=1 TgtZ=3139.92
[DIST] team=2 EnemyN=1 MyZ=3177.59 TgtZ=3139.92 Dist=1530.86
[ROOT] team=2 status=2 Z=3177.59 VP=(1472.87,-2200.75,4385.01)
[SelectTarget] team=1 EnemyN=1 TgtZ=3365.22
[DIST] team=1 EnemyN=1 MyZ=2888.11 TgtZ=3365.22 Dist=1608.32
[ROOT] team=1 status=2 Z=2888.11 VP=(2183.79,-1041.63,3322.78)
[SelectTarget] team=2 EnemyN=1 TgtZ=2887.74
[DIST] team=2 EnemyN=1 MyZ=3365.22 TgtZ=2887.74 Dist=1603.69
[ROOT] team=2 status=2 Z=3365.22 VP=(1179.18,-2640.05,3648.5)
[SelectTarget] team=1 EnemyN=1 TgtZ=3523.03
[DIST] team=1 EnemyN=1 MyZ=2977.85 TgtZ=3523.03 Dist=1558.28
[ROOT] team=1 status=2 Z=2977.85 VP=(2629.44,-1844.92,3499.23)
[SelectTarget] team=2 EnemyN=1 TgtZ=2979.02
[DIST] team=2 EnemyN=1 MyZ=3523.03 TgtZ=2979.02 Dist=1553.54
[ROOT] team=2 status=2 Z=3523.03 VP=(947.512,-2867.73,2605.88)
[SelectTarget] team=1 EnemyN=1 TgtZ=3343.26
[DIST] team=1 EnemyN=1 MyZ=3201.15 TgtZ=3343.26 Dist=1386.58
[ROOT] team=1 status=2 Z=3201.15 VP=(2577.96,-2744.5,3379.66)
[SelectTarget] team=2 EnemyN=1 TgtZ=3202.06
[DIST] team=2 EnemyN=1 MyZ=3343.26 TgtZ=3202.06 Dist=1382.31
[ROOT] team=2 status=2 Z=3343.26 VP=(1189.16,-2300.59,2000)
[SelectTarget] team=1 EnemyN=1 TgtZ=2745.23
[DIST] team=1 EnemyN=1 MyZ=3193.18 TgtZ=2745.23 Dist=1177.9
[ROOT] team=1 status=2 Z=3193.18 VP=(2250.02,-3315.8,2966.23)
[SelectTarget] team=2 EnemyN=1 TgtZ=3192.08
[DIST] team=2 EnemyN=1 MyZ=2745.23 TgtZ=3192.08 Dist=1172.54
[ROOT] team=2 status=2 Z=2745.23 VP=(1027.68,-4245.89,7563.71)
[SYNC] dist=1177.82 dV=13.9928 thr=0.626128
[SelectTarget] team=1 EnemyN=1 TgtZ=2252.75
[DIST] team=1 EnemyN=1 MyZ=2815.4 TgtZ=2252.75 Dist=1188.37
[ROOT] team=1 status=2 Z=2815.4 VP=(1500.86,-3864.3,2315.31)
[SelectTarget] team=2 EnemyN=1 TgtZ=2812.56
[DIST] team=2 EnemyN=1 MyZ=2252.75 TgtZ=2812.56 Dist=1182.72
[ROOT] team=2 status=2 Z=2252.75 VP=(-184.738,-2722.21,2519.03)
[SelectTarget] team=1 EnemyN=1 TgtZ=2119.69
[DIST] team=1 EnemyN=1 MyZ=2354.89 TgtZ=2119.69 Dist=1111.48
[ROOT] team=1 status=2 Z=2354.89 VP=(580.965,-4130.04,2126.63)
[SelectTarget] team=2 EnemyN=1 TgtZ=2352.95
[DIST] team=2 EnemyN=1 MyZ=2119.69 TgtZ=2352.95 Dist=1105.93
[ROOT] team=2 status=2 Z=2119.69 VP=(72.9932,-2693.94,3681.44)
[CLAMP_DIAG] team=1 rawDist=861.435 offBoresightDeg=4.20134 clamped=0
[SelectTarget] team=1 EnemyN=1 TgtZ=2348.3
[DIST] team=1 EnemyN=1 MyZ=2171.16 TgtZ=2348.3 Dist=953.742
[ROOT] team=1 status=2 Z=2171.16 VP=(-335.325,-3899.52,2299.53)
[SelectTarget] team=2 EnemyN=1 TgtZ=2171.24
[DIST] team=2 EnemyN=1 MyZ=2348.3 TgtZ=2171.24 Dist=948.012
[ROOT] team=2 status=2 Z=2348.3 VP=(459.669,-2358.92,3151.1)
[CLAMP_DIAG] team=1 rawDist=723.217 offBoresightDeg=7.05879 clamped=0
[SelectTarget] team=1 EnemyN=1 TgtZ=2695.83
[DIST] team=1 EnemyN=1 MyZ=2357.55 TgtZ=2695.83 Dist=813.872
[ROOT] team=1 status=2 Z=2357.55 VP=(-874.15,-3223.5,2644.92)
[SelectTarget] team=2 EnemyN=1 TgtZ=2359.29
[DIST] team=2 EnemyN=1 MyZ=2695.83 TgtZ=2359.29 Dist=808.905
[ROOT] team=2 status=2 Z=2695.83 VP=(848.368,-2178.11,2252.39)
[CLAMP_DIAG] team=1 rawDist=646.205 offBoresightDeg=16.0508 clamped=0
[SYNC] dist=762.015 dV=-15.4846 thr=0.904846
[SelectTarget] team=1 EnemyN=1 TgtZ=2794.65
[DIST] team=1 EnemyN=1 MyZ=2670.59 TgtZ=2794.65 Dist=767.398
[ROOT] team=1 status=2 Z=2670.59 VP=(-856.838,-2339.51,2791.11)
[SelectTarget] team=2 EnemyN=1 TgtZ=2672
[DIST] team=2 EnemyN=1 MyZ=2794.65 TgtZ=2672 Dist=762.275
[ROOT] team=2 status=2 Z=2794.65 VP=(848.548,-2517.64,2000)
[CLAMP_DIAG] team=1 rawDist=697.057 offBoresightDeg=26.186 clamped=0
[SelectTarget] team=1 EnemyN=1 TgtZ=2516.49
[DIST] team=1 EnemyN=1 MyZ=2773.46 TgtZ=2516.49 Dist=857.463
[ROOT] team=1 status=2 Z=2773.46 VP=(-354.867,-1643.76,2562.31)
[SelectTarget] team=2 EnemyN=1 TgtZ=2773.04
[DIST] team=2 EnemyN=1 MyZ=2516.49 TgtZ=2773.04 Dist=852.729
[ROOT] team=2 status=2 Z=2516.49 VP=(1118.08,-1062.5,7295.13)
[CLAMP_DIAG] team=1 rawDist=771.515 offBoresightDeg=23.49 clamped=0
[SelectTarget] team=1 EnemyN=1 TgtZ=2168.55
[DIST] team=1 EnemyN=1 MyZ=2533.68 TgtZ=2168.55 Dist=1013.96
[ROOT] team=1 status=2 Z=2533.68 VP=(434.026,-1295.3,2212.38)
[SelectTarget] team=2 EnemyN=1 TgtZ=2531.63
[DIST] team=2 EnemyN=1 MyZ=2168.55 TgtZ=2531.63 Dist=1008.99
[ROOT] team=2 status=2 Z=2168.55 VP=(1612.77,-2945.87,2520.07)
[CLAMP_DIAG] team=1 rawDist=903.233 offBoresightDeg=2.78128 clamped=0
[SelectTarget] team=1 EnemyN=1 TgtZ=2042.89
[DIST] team=1 EnemyN=1 MyZ=2191.73 TgtZ=2042.89 Dist=1036.47
[ROOT] team=1 status=2 Z=2191.73 VP=(1354.04,-1319.95,2053.99)
[SelectTarget] team=2 EnemyN=1 TgtZ=2190.46
[DIST] team=2 EnemyN=1 MyZ=2042.89 TgtZ=2190.46 Dist=1030.71
[ROOT] team=2 status=2 Z=2042.89 VP=(1364.14,-2828.08,3539)
[CLAMP_DIAG] team=1 rawDist=830.661 offBoresightDeg=3.43876 clamped=0
[SelectTarget] team=1 EnemyN=1 TgtZ=2228.51
[DIST] team=1 EnemyN=1 MyZ=2076.43 TgtZ=2228.51 Dist=920.559
[ROOT] team=1 status=2 Z=2076.43 VP=(2091.03,-1857.64,2187.74)
[SelectTarget] team=2 EnemyN=1 TgtZ=2076.54
[DIST] team=2 EnemyN=1 MyZ=2228.51 TgtZ=2076.54 Dist=915.646
[ROOT] team=2 status=2 Z=2228.51 VP=(726.642,-2987.65,2992.61)
[SYNC] dist=874.06 dV=-27.8312 thr=1
[CLAMP_DIAG] team=1 rawDist=686.927 offBoresightDeg=7.32564 clamped=0
[SelectTarget] team=1 EnemyN=1 TgtZ=2527.29
[DIST] team=1 EnemyN=1 MyZ=2236.79 TgtZ=2527.29 Dist=773.389
[ROOT] team=1 status=2 Z=2236.79 VP=(2297.09,-2667.39,2485.02)
[SelectTarget] team=2 EnemyN=1 TgtZ=2238.27
[DIST] team=2 EnemyN=1 MyZ=2527.29 TgtZ=2238.27 Dist=768.689
[ROOT] team=2 status=2 Z=2527.29 VP=(294.735,-2836.32,2054.44)
[CLAMP_DIAG] team=1 rawDist=610.842 offBoresightDeg=19.8791 clamped=0
[SelectTarget] team=1 EnemyN=1 TgtZ=2576.81
[DIST] team=1 EnemyN=1 MyZ=2497.99 TgtZ=2576.81 Dist=734.249
[ROOT] team=1 status=2 Z=2497.99 VP=(1897.63,-3422.32,2579.8)
[SelectTarget] team=2 EnemyN=1 TgtZ=2499.1
[DIST] team=2 EnemyN=1 MyZ=2576.81 TgtZ=2499.1 Dist=729.578
[ROOT] team=2 status=2 Z=2576.81 VP=(496.36,-2318.89,2000)
[CLAMP_DIAG] team=1 rawDist=717.194 offBoresightDeg=32.9455 clamped=0
[SelectTarget] team=1 EnemyN=1 TgtZ=2306.55
[DIST] team=1 EnemyN=1 MyZ=2556.15 TgtZ=2306.55 Dist=876.164
[ROOT] team=1 status=2 Z=2556.15 VP=(1268.57,-3691.33,2381.5)
[SelectTarget] team=2 EnemyN=1 TgtZ=2555.58
[DIST] team=2 EnemyN=1 MyZ=2306.55 TgtZ=2555.58 Dist=872.741
[ROOT] team=2 status=2 Z=2306.55 VP=(-470.238,-3624.86,7078.25)
[SelectTarget] team=1 EnemyN=1 TgtZ=2058.25
[DIST] team=1 EnemyN=1 MyZ=2324.22 TgtZ=2058.25 Dist=1069.81
[ROOT] team=1 status=2 Z=2324.22 VP=(275.27,-3577.5,2075.82)
[SelectTarget] team=2 EnemyN=1 TgtZ=2322.37
[DIST] team=2 EnemyN=1 MyZ=2058.25 TgtZ=2322.37 Dist=1065.46
[ROOT] team=2 status=2 Z=2058.25 VP=(661.145,-1607.51,2540.62)
[SYNC] dist=1146.51 dV=-6.53339 thr=0.815334
[SelectTarget] team=1 EnemyN=1 TgtZ=1970.41
[DIST] team=1 EnemyN=1 MyZ=2060.65 TgtZ=1970.41 Dist=1191.65
[ROOT] team=1 status=2 Z=2060.65 VP=(-1077.86,-3074.1,6833.27)
[SelectTarget] team=2 EnemyN=1 TgtZ=2059.43
[DIST] team=2 EnemyN=1 MyZ=1970.41 TgtZ=2059.43 Dist=1186.96
[ROOT] team=2 status=2 Z=1970.41 VP=(1120.29,-1673.51,2705.74)
[SelectTarget] team=1 EnemyN=1 TgtZ=2095.86
[DIST] team=1 EnemyN=1 MyZ=1941.9 TgtZ=2095.86 Dist=1316.95
[ROOT] team=1 status=2 Z=1941.9 VP=(-389.12,-2048.83,2069.44)
[SelectTarget] team=2 EnemyN=1 TgtZ=1941.43
[DIST] team=2 EnemyN=1 MyZ=2095.86 TgtZ=1941.43 Dist=1312.02
[ROOT] team=2 status=2 Z=2095.86 VP=(1535.71,-2254.42,2492.42)
[SelectTarget] team=1 EnemyN=1 TgtZ=2213.89
[DIST] team=1 EnemyN=1 MyZ=1901.67 TgtZ=2213.89 Dist=1386.41
[ROOT] team=1 status=2 Z=1901.67 VP=(155.959,-1398.61,2197.44)
[SelectTarget] team=2 EnemyN=1 TgtZ=1901.78
[DIST] team=2 EnemyN=1 MyZ=2213.89 TgtZ=1901.78 Dist=1382.69
[ROOT] team=2 status=2 Z=2213.89 VP=(1417.33,-2965.17,2000)
[SelectTarget] team=1 EnemyN=1 TgtZ=2140.77
[DIST] team=1 EnemyN=1 MyZ=1963.75 TgtZ=2140.77 Dist=1344.66
[ROOT] team=1 status=2 Z=1963.75 VP=(998.483,-1312.45,2153.8)
[SelectTarget] team=2 EnemyN=1 TgtZ=1964.18
[DIST] team=2 EnemyN=1 MyZ=2140.77 TgtZ=1964.18 Dist=1340.47
[ROOT] team=2 status=2 Z=2140.77 VP=(765.139,-3210.88,2000)
[SYNC] dist=1292.71 dV=3.4982 thr=0.715018
[SelectTarget] team=1 EnemyN=1 TgtZ=1991.67
[DIST] team=1 EnemyN=1 MyZ=2012.42 TgtZ=1991.67 Dist=1294.11
[ROOT] team=1 status=2 Z=2012.42 VP=(1719.01,-1800.98,2002.73)
[SelectTarget] team=2 EnemyN=1 TgtZ=2012.47
[DIST] team=2 EnemyN=1 MyZ=1991.67 TgtZ=2012.47 Dist=1289.35
[ROOT] team=2 status=2 Z=1991.67 VP=(517.297,-3402.09,2000)
[SelectTarget] team=1 EnemyN=1 TgtZ=1911.46
[DIST] team=1 EnemyN=1 MyZ=1964.57 TgtZ=1911.46 Dist=1218.15
[ROOT] team=1 status=2 Z=1964.57 VP=(2060.9,-2617.25,1919.48)
[SelectTarget] team=2 EnemyN=1 TgtZ=1964.38
[DIST] team=2 EnemyN=1 MyZ=1911.46 TgtZ=1964.38 Dist=1212.93
[ROOT] team=2 status=2 Z=1911.46 VP=(205.868,-3367.98,2212.12)
[SelectTarget] team=1 EnemyN=1 TgtZ=1894.84
[DIST] team=1 EnemyN=1 MyZ=1897.05 TgtZ=1894.84 Dist=1059.9
[ROOT] team=1 status=2 Z=1897.05 VP=(1873.24,-3483.94,1894.04)
[SelectTarget] team=2 EnemyN=1 TgtZ=1896.74
[DIST] team=2 EnemyN=1 MyZ=1894.84 TgtZ=1896.74 Dist=1054.6
[ROOT] team=2 status=2 Z=1894.84 VP=(22.9087,-2690.78,2000)
[CLAMP_DIAG] team=1 rawDist=873.351 offBoresightDeg=4.65443 clamped=0
[SelectTarget] team=1 EnemyN=1 TgtZ=1859.79
[DIST] team=1 EnemyN=1 MyZ=1851.66 TgtZ=1859.79 Dist=918.247
[ROOT] team=1 status=2 Z=1851.66 VP=(1160.12,-4027.8,1854.54)
[SelectTarget] team=2 EnemyN=1 TgtZ=1851.57
[DIST] team=2 EnemyN=1 MyZ=1859.79 TgtZ=1851.57 Dist=913.655
[ROOT] team=2 status=2 Z=1859.79 VP=(72.1334,-2340.01,2000)
[CLAMP_DIAG] team=1 rawDist=779.246 offBoresightDeg=23.1427 clamped=0
[SelectTarget] team=1 EnemyN=1 TgtZ=1837.4
[DIST] team=1 EnemyN=1 MyZ=1838.13 TgtZ=1837.4 Dist=926.897
[ROOT] team=1 status=2 Z=1838.13 VP=(279.605,-4018.57,1837.94)
[SelectTarget] team=2 EnemyN=1 TgtZ=1838.19
[DIST] team=2 EnemyN=1 MyZ=1837.4 TgtZ=1838.19 Dist=922.794
[ROOT] team=2 status=2 Z=1837.4 VP=(-1009.17,-3136.43,6623.24)
[SYNC] dist=1036.97 dV=-11.2148 thr=0.862148
[SelectTarget] team=1 EnemyN=1 TgtZ=1850.35
[DIST] team=1 EnemyN=1 MyZ=1833.07 TgtZ=1850.35 Dist=1190.71
[ROOT] team=1 status=2 Z=1833.07 VP=(-435.702,-3460.73,1837.53)
[SelectTarget] team=2 EnemyN=1 TgtZ=1833.17
[DIST] team=2 EnemyN=1 MyZ=1850.35 TgtZ=1833.17 Dist=1187.63
[ROOT] team=2 status=2 Z=1850.35 VP=(982.548,-2033.22,2000)
[SelectTarget] team=1 EnemyN=1 TgtZ=1834.62
[DIST] team=1 EnemyN=1 MyZ=1825.11 TgtZ=1834.62 Dist=1532.35
[ROOT] team=1 status=2 Z=1825.11 VP=(-613.446,-2593.98,1834.61)
[SelectTarget] team=2 EnemyN=1 TgtZ=1825.26
[DIST] team=2 EnemyN=1 MyZ=1834.62 TgtZ=1825.26 Dist=1528.65
[ROOT] team=2 status=2 Z=1834.62 VP=(-13.0699,-1154.37,6620.83)
[SelectTarget] team=1 EnemyN=1 TgtZ=1853.91
[DIST] team=1 EnemyN=1 MyZ=1818.93 TgtZ=1853.91 Dist=1878.42
[ROOT] team=1 status=2 Z=1818.93 VP=(-217.857,-1777.54,1842.72)
[SelectTarget] team=2 EnemyN=1 TgtZ=1819.1
[DIST] team=2 EnemyN=1 MyZ=1853.91 TgtZ=1819.1 Dist=1875.02
[ROOT] team=2 status=2 Z=1853.91 VP=(1549.9,-2736.66,2000)
[SelectTarget] team=1 EnemyN=1 TgtZ=1855.51
[DIST] team=1 EnemyN=1 MyZ=1814.69 TgtZ=1855.51 Dist=2099.71
[ROOT] team=1 status=2 Z=1814.69 VP=(586.928,-1424.17,1853.73)
[SelectTarget] team=2 EnemyN=1 TgtZ=1814.84
[DIST] team=2 EnemyN=1 MyZ=1855.51 TgtZ=1814.84 Dist=2096.33
[ROOT] team=2 status=2 Z=1855.51 VP=(1640.9,-3083.8,2000)
[SYNC] dist=2211.41 dV=-11.009 thr=0.86009
[SelectTarget] team=1 EnemyN=1 TgtZ=1846.29
[DIST] team=1 EnemyN=1 MyZ=1815.45 TgtZ=1846.29 Dist=2221.25
[ROOT] team=1 status=2 Z=1815.45 VP=(1446.31,-1683.89,1843.2)
[SelectTarget] team=2 EnemyN=1 TgtZ=1815.56
[DIST] team=2 EnemyN=1 MyZ=1846.29 TgtZ=1815.56 Dist=2217.31
[ROOT] team=2 status=2 Z=1846.29 VP=(1496.06,-3733.94,2000)
[SelectTarget] team=1 EnemyN=1 TgtZ=1866.71
[DIST] team=1 EnemyN=1 MyZ=1819.23 TgtZ=1866.71 Dist=2202.19
[ROOT] team=1 status=2 Z=1819.23 VP=(1951.99,-2407.65,1861.81)
[SelectTarget] team=2 EnemyN=1 TgtZ=1819.14
[DIST] team=2 EnemyN=1 MyZ=1866.71 TgtZ=1819.14 Dist=2198.12
[ROOT] team=2 status=2 Z=1866.71 VP=(349.197,-3651.24,2000)
[SelectTarget] team=1 EnemyN=1 TgtZ=1827.18
[DIST] team=1 EnemyN=1 MyZ=1823.82 TgtZ=1827.18 Dist=2045.44
[ROOT] team=1 status=2 Z=1823.82 VP=(1815.66,-3246.21,1833.2)
[SelectTarget] team=2 EnemyN=1 TgtZ=1823.59
[DIST] team=2 EnemyN=1 MyZ=1827.18 TgtZ=1823.59 Dist=2041.53
[ROOT] team=2 status=2 Z=1827.18 VP=(-156.14,-3140.12,2295.96)
[SelectTarget] team=1 EnemyN=1 TgtZ=1878.12
[DIST] team=1 EnemyN=1 MyZ=1823.55 TgtZ=1878.12 Dist=1908.29
[ROOT] team=1 status=2 Z=1823.55 VP=(2206.33,-3522.71,6610.68)
[SelectTarget] team=2 EnemyN=1 TgtZ=1823.33
[DIST] team=2 EnemyN=1 MyZ=1878.12 TgtZ=1823.33 Dist=1903.91
[ROOT] team=2 status=2 Z=1878.12 VP=(-41.5935,-2435.62,2420.14)
[SelectTarget] team=1 EnemyN=1 TgtZ=1899.19
[DIST] team=1 EnemyN=1 MyZ=1830.27 TgtZ=1899.19 Dist=1785.74
[ROOT] team=1 status=2 Z=1830.27 VP=(325.855,-3939.9,1893.51)
[SelectTarget] team=2 EnemyN=1 TgtZ=1830.1
[DIST] team=2 EnemyN=1 MyZ=1899.19 TgtZ=1830.1 Dist=1782.19
[ROOT] team=2 status=2 Z=1899.19 VP=(600.89,-1984.17,2233.91)
[SYNC] dist=1769.54 dV=-13.3755 thr=0.883755
[SelectTarget] team=1 EnemyN=1 TgtZ=1869.15
[DIST] team=1 EnemyN=1 MyZ=1830.96 TgtZ=1869.15 Dist=1811.35
[ROOT] team=1 status=2 Z=1830.96 VP=(-297.153,-3337.98,1869.52)
[SelectTarget] team=2 EnemyN=1 TgtZ=1830.98
[DIST] team=2 EnemyN=1 MyZ=1869.15 TgtZ=1830.98 Dist=1808.81
[ROOT] team=2 status=2 Z=1869.15 VP=(1318.3,-2172.67,2140.89)
[SelectTarget] team=1 EnemyN=1 TgtZ=1877.4
[DIST] team=1 EnemyN=1 MyZ=1822.66 TgtZ=1877.4 Dist=2106.99
[ROOT] team=1 status=2 Z=1822.66 VP=(-392.954,-2453.98,1862.41)
[SelectTarget] team=2 EnemyN=1 TgtZ=1822.81
[DIST] team=2 EnemyN=1 MyZ=1877.4 TgtZ=1822.81 Dist=2106.17
[ROOT] team=2 status=2 Z=1877.4 VP=(1616.25,-2514.29,2000)
[SelectTarget] team=1 EnemyN=1 TgtZ=1897.61
[DIST] team=1 EnemyN=1 MyZ=1814.88 TgtZ=1897.61 Dist=2455.35
[ROOT] team=1 status=2 Z=1814.88 VP=(108.523,-1744.54,1891.28)
[SelectTarget] team=2 EnemyN=1 TgtZ=1815.07
[DIST] team=2 EnemyN=1 MyZ=1897.61 TgtZ=1815.07 Dist=2453.84
[ROOT] team=2 status=2 Z=1897.61 VP=(1507.65,-2894.81,2000)
[SelectTarget] team=1 EnemyN=1 TgtZ=1888.3
[DIST] team=1 EnemyN=1 MyZ=1815.1 TgtZ=1888.3 Dist=2717.74
[ROOT] team=1 status=2 Z=1815.1 VP=(1868.7,-2113.92,1500)
[SelectTarget] team=2 EnemyN=1 TgtZ=1815.17
[DIST] team=2 EnemyN=1 MyZ=1888.3 TgtZ=1815.17 Dist=2716.32
[ROOT] team=2 status=2 Z=1888.3 VP=(2154.69,-3107.11,2000)
[SYNC] dist=2785.56 dV=-22.4296 thr=0.974296
[SelectTarget] team=1 EnemyN=1 TgtZ=1881.89
[DIST] team=1 EnemyN=1 MyZ=1809.38 TgtZ=1881.89 Dist=2893.82
[ROOT] team=1 status=2 Z=1809.38 VP=(1912.1,-3133.35,1500)
[SelectTarget] team=2 EnemyN=1 TgtZ=1809.4
[DIST] team=2 EnemyN=1 MyZ=1881.89 TgtZ=1809.4 Dist=2892.65
[ROOT] team=2 status=2 Z=1881.89 VP=(897.019,-3897.72,2000)
[SelectTarget] team=1 EnemyN=1 TgtZ=1874.01
[DIST] team=1 EnemyN=1 MyZ=1809.53 TgtZ=1874.01 Dist=2979.24
[ROOT] team=1 status=2 Z=1809.53 VP=(1225.15,-3878.36,1500)
[SelectTarget] team=2 EnemyN=1 TgtZ=1809.61
[DIST] team=2 EnemyN=1 MyZ=1874.01 TgtZ=1809.61 Dist=2978.53
[ROOT] team=2 status=2 Z=1874.01 VP=(-47.1176,-3157.77,2000)
[SelectTarget] team=1 EnemyN=1 TgtZ=1866.83
[DIST] team=1 EnemyN=1 MyZ=1811.34 TgtZ=1866.83 Dist=2990.81
[ROOT] team=1 status=2 Z=1811.34 VP=(217.646,-3942.28,1500)
[SelectTarget] team=2 EnemyN=1 TgtZ=1811.53
[DIST] team=2 EnemyN=1 MyZ=1866.83 TgtZ=1811.53 Dist=2991.3
[ROOT] team=2 status=2 Z=1866.83 VP=(-76.0886,-2155.61,2000)
[SelectTarget] team=1 EnemyN=1 TgtZ=1850.72
[DIST] team=1 EnemyN=1 MyZ=1816.2 TgtZ=1850.72 Dist=2939.58
[ROOT] team=1 status=2 Z=1816.2 VP=(-545.858,-3238.96,1500)
[SelectTarget] team=2 EnemyN=1 TgtZ=1816.4
[DIST] team=2 EnemyN=1 MyZ=1850.72 TgtZ=1816.4 Dist=2939.75
[ROOT] team=2 status=2 Z=1850.72 VP=(525.625,-1755.98,2000)
[SYNC] dist=2912.61 dV=-35.7536 thr=1
[SelectTarget] team=1 EnemyN=1 TgtZ=1812.24
[DIST] team=1 EnemyN=1 MyZ=1818.86 TgtZ=1812.24 Dist=2840.13
[ROOT] team=1 status=2 Z=1818.86 VP=(-568.873,-2194.4,1500)
[SelectTarget] team=2 EnemyN=1 TgtZ=1818.94
[DIST] team=2 EnemyN=1 MyZ=1812.24 TgtZ=1818.94 Dist=2840.76
[ROOT] team=2 status=2 Z=1812.24 VP=(-798.637,-1705.23,6599.59)
[SelectTarget] team=1 EnemyN=1 TgtZ=1849.96
[DIST] team=1 EnemyN=1 MyZ=1815.21 TgtZ=1849.96 Dist=2871.99
[ROOT] team=1 status=2 Z=1815.21 VP=(-192.125,-1246.2,1500)
[SelectTarget] team=2 EnemyN=1 TgtZ=1815.21
[DIST] team=2 EnemyN=1 MyZ=1849.96 TgtZ=1815.21 Dist=2873.45
[ROOT] team=2 status=2 Z=1849.96 VP=(1487.73,-2144.73,2099.7)
[SelectTarget] team=1 EnemyN=1 TgtZ=1880.34
[DIST] team=1 EnemyN=1 MyZ=1818.42 TgtZ=1880.34 Dist=2945.76
[ROOT] team=1 status=2 Z=1818.42 VP=(855.178,-993.859,1500)
[SelectTarget] team=2 EnemyN=1 TgtZ=1818.44
[DIST] team=2 EnemyN=1 MyZ=1880.34 TgtZ=1818.44 Dist=2946.68
[ROOT] team=2 status=2 Z=1880.34 VP=(1485.67,-2790.73,2020.58)
[SelectTarget] team=1 EnemyN=1 TgtZ=1840.44
[DIST] team=1 EnemyN=1 MyZ=1813.47 TgtZ=1840.44 Dist=2978.36
[ROOT] team=1 status=2 Z=1813.47 VP=(1875.31,-1572.34,1500)
[SelectTarget] team=2 EnemyN=1 TgtZ=1813.37
[DIST] team=2 EnemyN=1 MyZ=1840.44 TgtZ=1813.37 Dist=2979.77
[ROOT] team=2 status=2 Z=1840.44 VP=(1449.29,-3156.36,2000)
[SYNC] dist=3039.68 dV=-30.2491 thr=1
[SelectTarget] team=1 EnemyN=1 TgtZ=1873.28
[DIST] team=1 EnemyN=1 MyZ=1805.46 TgtZ=1873.28 Dist=3037.11
[ROOT] team=1 status=2 Z=1805.46 VP=(-721.073,-4384.98,6593.96)
[SelectTarget] team=2 EnemyN=1 TgtZ=1805.29
[DIST] team=2 EnemyN=1 MyZ=1873.28 TgtZ=1805.29 Dist=3039.04
[ROOT] team=2 status=2 Z=1873.28 VP=(817.678,-3351.78,2000)
[SelectTarget] team=1 EnemyN=1 TgtZ=1833.83
[DIST] team=1 EnemyN=1 MyZ=1805.05 TgtZ=1833.83 Dist=2999.65
[ROOT] team=1 status=2 Z=1805.05 VP=(2047.67,-3460.69,1565.18)
[SelectTarget] team=2 EnemyN=1 TgtZ=1804.91
[DIST] team=2 EnemyN=1 MyZ=1833.83 TgtZ=1804.91 Dist=3001.9
[ROOT] team=2 status=2 Z=1833.83 VP=(439.196,-3432.3,2000)
[SelectTarget] team=1 EnemyN=1 TgtZ=1857.17
[DIST] team=1 EnemyN=1 MyZ=1872.58 TgtZ=1857.17 Dist=3009.33
[ROOT] team=1 status=2 Z=1872.58 VP=(1340.77,-4120.05,1500)
[SelectTarget] team=2 EnemyN=1 TgtZ=1873.8
[DIST] team=2 EnemyN=1 MyZ=1857.17 TgtZ=1873.8 Dist=3011.78
[ROOT] team=2 status=2 Z=1857.17 VP=(158.783,-3063.28,2532.26)
[SelectTarget] team=1 EnemyN=1 TgtZ=1915.69
[DIST] team=1 EnemyN=1 MyZ=2049.96 TgtZ=1915.69 Dist=2875.95
[ROOT] team=1 status=2 Z=2049.96 VP=(245.716,-4105.17,1500)
[SelectTarget] team=2 EnemyN=1 TgtZ=2050.45
[DIST] team=2 EnemyN=1 MyZ=1915.69 TgtZ=2050.45 Dist=2878.07
[ROOT] team=2 status=2 Z=1915.69 VP=(261.698,-2326,2507.54)
[SYNC] dist=2572.95 dV=-25.8763 thr=1
[SelectTarget] team=1 EnemyN=1 TgtZ=2015.07
[DIST] team=1 EnemyN=1 MyZ=1992.09 TgtZ=2015.07 Dist=2538.91
[ROOT] team=1 status=2 Z=1992.09 VP=(330.083,-526.063,6769.51)
[SelectTarget] team=2 EnemyN=1 TgtZ=1991.3
[DIST] team=2 EnemyN=1 MyZ=2015.07 TgtZ=1991.3 Dist=2541.04
[ROOT] team=2 status=2 Z=2015.07 VP=(-948.226,-2419.71,2049.33)
[SelectTarget] team=1 EnemyN=1 TgtZ=1965.32
[DIST] team=1 EnemyN=1 MyZ=1898.74 TgtZ=1965.32 Dist=2307.77
[ROOT] team=1 status=2 Z=1898.74 VP=(-492.282,-2339.84,1500)
[SelectTarget] team=2 EnemyN=1 TgtZ=1898.5
[DIST] team=2 EnemyN=1 MyZ=1965.32 TgtZ=1898.5 Dist=2311.46
[ROOT] team=2 status=2 Z=1965.32 VP=(1206.66,-1930.47,2000)
runner:local/env:0	num_steps=[11999] | total rewards=[381.3154] | termination= [max time out]
[seed 5] reward=   381.32 ownHP=1.0000 tgtHP=1.0000 max time out
total: 2
[SelectTarget] team=1 EnemyN=1 TgtZ=7092.73
[DIST] team=1 EnemyN=1 MyZ=8210.38 TgtZ=7092.73 Dist=2242.1
[ROOT] team=1 status=2 Z=8210.38 VP=(5277.95,-10.5859,7560.38)
[SelectTarget] team=2 EnemyN=1 TgtZ=8208.6
[DIST] team=2 EnemyN=1 MyZ=7092.73 TgtZ=8208.6 Dist=2241.58
[ROOT] team=2 status=2 Z=7092.73 VP=(4622.24,1844.92,7969.01)
[SelectTarget] team=1 EnemyN=1 TgtZ=7249.11
[DIST] team=1 EnemyN=1 MyZ=7796.56 TgtZ=7249.11 Dist=1951.35
[ROOT] team=1 status=2 Z=7796.56 VP=(3537.13,727.443,7146.56)
[SelectTarget] team=2 EnemyN=1 TgtZ=7793.69
[DIST] team=2 EnemyN=1 MyZ=7249.11 TgtZ=7793.69 Dist=1953.11
[ROOT] team=2 status=2 Z=7249.11 VP=(4378.72,2176.48,7553.21)
[SYNC] dist=2249.36 dV=-42.3899 thr=1
[SelectTarget] team=1 EnemyN=1 TgtZ=7367.92
[DIST] team=1 EnemyN=1 MyZ=7136.58 TgtZ=7367.92 Dist=2300.92
[ROOT] team=1 status=2 Z=7136.58 VP=(3340.01,1628.2,7099.23)
[SelectTarget] team=2 EnemyN=1 TgtZ=7132.06
[DIST] team=2 EnemyN=1 MyZ=7367.92 TgtZ=7132.06 Dist=2303.54
[ROOT] team=2 status=2 Z=7367.92 VP=(4069.68,2608.38,7704.03)
[SelectTarget] team=1 EnemyN=1 TgtZ=7437.65
[DIST] team=1 EnemyN=1 MyZ=6204.32 TgtZ=7437.65 Dist=2889.02
[ROOT] team=1 status=2 Z=6204.32 VP=(2953.95,2278.19,6851.11)
[SelectTarget] team=2 EnemyN=1 TgtZ=6198.63
[DIST] team=2 EnemyN=1 MyZ=7437.65 TgtZ=6198.63 Dist=2891.83
[ROOT] team=2 status=2 Z=7437.65 VP=(3506.13,3500.82,6939.46)
[SelectTarget] team=1 EnemyN=1 TgtZ=7257.44
[DIST] team=1 EnemyN=1 MyZ=5178.32 TgtZ=7257.44 Dist=3290.41
[ROOT] team=1 status=2 Z=5178.32 VP=(3389.34,3078.39,6455.44)
[SelectTarget] team=2 EnemyN=1 TgtZ=5172.92
[DIST] team=2 EnemyN=1 MyZ=7257.44 TgtZ=5172.92 Dist=3291.94
[ROOT] team=2 status=2 Z=7257.44 VP=(3817.81,4279.68,6670.73)
[SelectTarget] team=1 EnemyN=1 TgtZ=6928.1
[DIST] team=1 EnemyN=1 MyZ=4371.64 TgtZ=6928.1 Dist=3314.99
[ROOT] team=1 status=2 Z=4371.64 VP=(3560.29,3852.12,6009.02)
[SelectTarget] team=2 EnemyN=1 TgtZ=4368.37
[DIST] team=2 EnemyN=1 MyZ=6928.1 TgtZ=4368.37 Dist=3314.59
[ROOT] team=2 status=2 Z=6928.1 VP=(4392.4,4862.82,5902.66)
[SYNC] dist=2953.32 dV=-27.111 thr=1
[SelectTarget] team=1 EnemyN=1 TgtZ=6386.14
[DIST] team=1 EnemyN=1 MyZ=4047.75 TgtZ=6386.14 Dist=2893.73
[ROOT] team=1 status=2 Z=4047.75 VP=(3742.49,4638.27,5427.92)
[SelectTarget] team=2 EnemyN=1 TgtZ=4047.43
[DIST] team=2 EnemyN=1 MyZ=6386.14 TgtZ=4047.43 Dist=2891.26
[ROOT] team=2 status=2 Z=6386.14 VP=(4762.9,5112.77,4656.43)
[SelectTarget] team=1 EnemyN=1 TgtZ=5537.56
[DIST] team=1 EnemyN=1 MyZ=4182.57 TgtZ=5537.56 Dist=2047.23
[ROOT] team=1 status=2 Z=4182.57 VP=(4100.17,4388.66,5766.33)
[SelectTarget] team=2 EnemyN=1 TgtZ=4184.39
[DIST] team=2 EnemyN=1 MyZ=5537.56 TgtZ=4184.39 Dist=2043.21
[ROOT] team=2 status=2 Z=5537.56 VP=(4824.89,6169.68,4335.06)
[SelectTarget] team=1 EnemyN=1 TgtZ=4676.56
[DIST] team=1 EnemyN=1 MyZ=4618.14 TgtZ=4676.56 Dist=1569.15
[ROOT] team=1 status=2 Z=4618.14 VP=(4433.01,4986.14,4765.54)
[SelectTarget] team=2 EnemyN=1 TgtZ=4620.56
[DIST] team=2 EnemyN=1 MyZ=4676.56 TgtZ=4620.56 Dist=1565.69
[ROOT] team=2 status=2 Z=4676.56 VP=(3995.88,4960.16,2681.55)
[SelectTarget] team=1 EnemyN=1 TgtZ=3645.67
[DIST] team=1 EnemyN=1 MyZ=4872.93 TgtZ=3645.67 Dist=1579.15
[ROOT] team=1 status=2 Z=4872.93 VP=(4539.09,5289.95,4222.93)
[SelectTarget] team=2 EnemyN=1 TgtZ=4873.06
[DIST] team=2 EnemyN=1 MyZ=3645.67 TgtZ=4873.06 Dist=1576.59
[ROOT] team=2 status=2 Z=3645.67 VP=(2766.15,4713.78,3316.49)
[CLAMP_DIAG] team=1 rawDist=845.702 offBoresightDeg=37.6174 clamped=0
[SelectTarget] team=1 EnemyN=1 TgtZ=2743.99
[DIST] team=1 EnemyN=1 MyZ=4636.63 TgtZ=2743.99 Dist=1920.53
[ROOT] team=1 status=2 Z=4636.63 VP=(4089.39,5284.94,3986.63)
[SelectTarget] team=2 EnemyN=1 TgtZ=4633.86
[DIST] team=2 EnemyN=1 MyZ=2743.99 TgtZ=4633.86 Dist=1918.68
[ROOT] team=2 status=2 Z=2743.99 VP=(2567.13,5085.79,7533.77)
[SYNC] dist=2253.98 dV=26.3908 thr=0.486092
[SelectTarget] team=1 EnemyN=1 TgtZ=2364.47
[DIST] team=1 EnemyN=1 MyZ=3911.1 TgtZ=2364.47 Dist=2369.62
[ROOT] team=1 status=2 Z=3911.1 VP=(3180.39,5185.71,3261.1)
[SelectTarget] team=2 EnemyN=1 TgtZ=3906.04
[DIST] team=2 EnemyN=1 MyZ=2364.47 TgtZ=3906.04 Dist=2367.61
[ROOT] team=2 status=2 Z=2364.47 VP=(2079.9,5531.25,4488.86)
[SelectTarget] team=1 EnemyN=1 TgtZ=2612.93
[DIST] team=1 EnemyN=1 MyZ=2933.19 TgtZ=2612.93 Dist=2718.94
[ROOT] team=1 status=2 Z=2933.19 VP=(3784.4,6447.33,7844.59)
[SelectTarget] team=2 EnemyN=1 TgtZ=2927.81
[DIST] team=2 EnemyN=1 MyZ=2612.93 TgtZ=2927.81 Dist=2716.75
[ROOT] team=2 status=2 Z=2612.93 VP=(2433.34,4433.22,4745.47)
[SelectTarget] team=1 EnemyN=1 TgtZ=3281.71
[DIST] team=1 EnemyN=1 MyZ=2148.19 TgtZ=3281.71 Dist=3072.82
[ROOT] team=1 status=2 Z=2148.19 VP=(2666.89,6976.62,6920.3)
[SelectTarget] team=2 EnemyN=1 TgtZ=2145.28
[DIST] team=2 EnemyN=1 MyZ=3281.71 TgtZ=2145.28 Dist=3071.12
[ROOT] team=2 status=2 Z=3281.71 VP=(2386,3541.09,3738.09)
[SelectTarget] team=1 EnemyN=1 TgtZ=3921.38
[DIST] team=1 EnemyN=1 MyZ=1932.21 TgtZ=3921.38 Dist=3430.95
[ROOT] team=1 status=2 Z=1932.21 VP=(1101.69,3567.9,3897.88)
[SelectTarget] team=2 EnemyN=1 TgtZ=1932.35
[DIST] team=2 EnemyN=1 MyZ=3921.38 TgtZ=1932.35 Dist=3428.6
[ROOT] team=2 status=2 Z=3921.38 VP=(3214.54,4198.11,3673.75)
[SYNC] dist=3469.99 dV=-77.629 thr=1
[SelectTarget] team=1 EnemyN=1 TgtZ=4251.11
[DIST] team=1 EnemyN=1 MyZ=2081.48 TgtZ=4251.11 Dist=3428.63
[ROOT] team=1 status=2 Z=2081.48 VP=(2100.65,3209.38,3859.81)
[SelectTarget] team=2 EnemyN=1 TgtZ=2082.87
[DIST] team=2 EnemyN=1 MyZ=4251.11 TgtZ=2082.87 Dist=3423.98
[ROOT] team=2 status=2 Z=4251.11 VP=(3179.34,4981.69,3364.13)
[SelectTarget] team=1 EnemyN=1 TgtZ=4233.14
[DIST] team=1 EnemyN=1 MyZ=2378.26 TgtZ=4233.14 Dist=2959.35
[ROOT] team=1 status=2 Z=2378.26 VP=(2775.37,3367.41,3465.04)
[SelectTarget] team=2 EnemyN=1 TgtZ=2380.01
[DIST] team=2 EnemyN=1 MyZ=4233.14 TgtZ=2380.01 Dist=2954.69
[ROOT] team=2 status=2 Z=4233.14 VP=(2414.42,5276.7,2742.17)
[SelectTarget] team=1 EnemyN=1 TgtZ=3819.41
[DIST] team=1 EnemyN=1 MyZ=2668.58 TgtZ=3819.41 Dist=2059.6
[ROOT] team=1 status=2 Z=2668.58 VP=(2766.37,3714.46,3897.65)
[SelectTarget] team=2 EnemyN=1 TgtZ=2670.47
[DIST] team=2 EnemyN=1 MyZ=3819.41 TgtZ=2670.47 Dist=2055.26
[ROOT] team=2 status=2 Z=3819.41 VP=(3103.96,3523.25,2000)
[SelectTarget] team=1 EnemyN=1 TgtZ=3082.53
[DIST] team=1 EnemyN=1 MyZ=3041.15 TgtZ=3082.53 Dist=1172.81
[ROOT] team=1 status=2 Z=3041.15 VP=(3119.5,3882.62,3226.18)
[SelectTarget] team=2 EnemyN=1 TgtZ=3042.51
[DIST] team=2 EnemyN=1 MyZ=3082.53 TgtZ=3042.51 Dist=1168.23
[ROOT] team=2 status=2 Z=3082.53 VP=(3693.64,3606.23,8051.01)
[CLAMP_DIAG] team=1 rawDist=911.174 offBoresightDeg=16.8974 clamped=0
[SelectTarget] team=1 EnemyN=1 TgtZ=2240.95
[DIST] team=1 EnemyN=1 MyZ=3020.25 TgtZ=2240.95 Dist=1064.09
[ROOT] team=1 status=2 Z=3020.25 VP=(3514.96,3746.85,2488.2)
[SelectTarget] team=2 EnemyN=1 TgtZ=3018.28
[DIST] team=2 EnemyN=1 MyZ=2240.95 TgtZ=3018.28 Dist=1059.9
[ROOT] team=2 status=2 Z=2240.95 VP=(4809.91,3097.96,7050.43)
[SelectTarget] team=1 EnemyN=1 TgtZ=1783.12
[DIST] team=1 EnemyN=1 MyZ=2471.93 TgtZ=1783.12 Dist=1093.96
[ROOT] team=1 status=2 Z=2471.93 VP=(4917.23,3028.66,7250.21)
[SelectTarget] team=2 EnemyN=1 TgtZ=2468.89
[DIST] team=2 EnemyN=1 MyZ=1783.12 TgtZ=2468.89 Dist=1088.17
[ROOT] team=2 status=2 Z=1783.12 VP=(5644.69,2619.33,6566.21)
[CLAMP_DIAG] team=1 rawDist=845.256 offBoresightDeg=16.6389 clamped=0
[SelectTarget] team=1 EnemyN=1 TgtZ=1906.04
[DIST] team=1 EnemyN=1 MyZ=2119.56 TgtZ=1906.04 Dist=941.419
[ROOT] team=1 status=2 Z=2119.56 VP=(5112.33,2873.65,1909.53)
[SelectTarget] team=2 EnemyN=1 TgtZ=2118.48
[DIST] team=2 EnemyN=1 MyZ=1906.04 TgtZ=2118.48 Dist=936.296
[ROOT] team=2 status=2 Z=1906.04 VP=(5618.45,3268.78,4029.52)
[SYNC] dist=886.315 dV=-9.20847 thr=0.842085
[SelectTarget] team=1 EnemyN=1 TgtZ=2200.68
[DIST] team=1 EnemyN=1 MyZ=1982.61 TgtZ=2200.68 Dist=857.304
[ROOT] team=1 status=2 Z=1982.61 VP=(5994.72,2580.36,2162.98)
[SelectTarget] team=2 EnemyN=1 TgtZ=1982.39
[DIST] team=2 EnemyN=1 MyZ=2200.68 TgtZ=1982.39 Dist=851.824
[ROOT] team=2 status=2 Z=2200.68 VP=(5961.25,2630.43,3975.84)
[CLAMP_DIAG] team=1 rawDist=654.066 offBoresightDeg=10.7321 clamped=0
[SelectTarget] team=1 EnemyN=1 TgtZ=2796.24
[DIST] team=1 EnemyN=1 MyZ=2244.26 TgtZ=2796.24 Dist=804.114
[ROOT] team=1 status=2 Z=2244.26 VP=(6656.65,2264.85,2703.31)
[SelectTarget] team=2 EnemyN=1 TgtZ=2247.2
[DIST] team=2 EnemyN=1 MyZ=2796.24 TgtZ=2247.2 Dist=798.9
[ROOT] team=2 status=2 Z=2796.24 VP=(5370.36,2737.47,3778.68)
[CLAMP_DIAG] team=1 rawDist=668.578 offBoresightDeg=3.28727 clamped=0
[SelectTarget] team=1 EnemyN=1 TgtZ=3617.77
[DIST] team=1 EnemyN=1 MyZ=2934.02 TgtZ=3617.77 Dist=693.831
[ROOT] team=1 status=2 Z=2934.02 VP=(6867.3,2178.36,3500.25)
[SelectTarget] team=2 EnemyN=1 TgtZ=2938.52
[DIST] team=2 EnemyN=1 MyZ=3617.77 TgtZ=2938.52 Dist=689.052
[ROOT] team=2 status=2 Z=3617.77 VP=(5050.88,3042.16,3144.34)
[CLAMP_DIAG] team=1 rawDist=560.034 offBoresightDeg=4.21203 clamped=0
[SelectTarget] team=1 EnemyN=1 TgtZ=4218.13
[DIST] team=1 EnemyN=1 MyZ=3748.18 TgtZ=4218.13 Dist=607.393
[ROOT] team=1 status=2 Z=3748.18 VP=(6552.69,2327.64,4152.33)
[SelectTarget] team=2 EnemyN=1 TgtZ=3752.31
[DIST] team=2 EnemyN=1 MyZ=4218.13 TgtZ=3752.31 Dist=603.719
[ROOT] team=2 status=2 Z=4218.13 VP=(5328.7,2839.57,2239.98)
[CLAMP_DIAG] team=1 rawDist=487.464 offBoresightDeg=6.16381 clamped=0
[SYNC] dist=591.508 dV=-7.81949 thr=0.828195
[SelectTarget] team=1 EnemyN=1 TgtZ=4279.17
[DIST] team=1 EnemyN=1 MyZ=4283.18 TgtZ=4279.17 Dist=601.711
[ROOT] team=1 status=2 Z=4283.18 VP=(5940.37,2601.82,4308.58)
[SelectTarget] team=2 EnemyN=1 TgtZ=4284.77
[DIST] team=2 EnemyN=1 MyZ=4279.17 TgtZ=4284.77 Dist=598.088
[ROOT] team=2 status=2 Z=4279.17 VP=(6137.13,2441.25,2318.45)
[CLAMP_DIAG] team=1 rawDist=495.409 offBoresightDeg=8.9461 clamped=0
[SelectTarget] team=1 EnemyN=1 TgtZ=3801.06
[DIST] team=1 EnemyN=1 MyZ=4285.18 TgtZ=3801.06 Dist=651.61
[ROOT] team=1 status=2 Z=4285.18 VP=(5414.95,2826,3959.37)
[SelectTarget] team=2 EnemyN=1 TgtZ=4283.59
[DIST] team=2 EnemyN=1 MyZ=3801.06 TgtZ=4283.59 Dist=647.663
[ROOT] team=2 status=2 Z=3801.06 VP=(6893.73,2104.53,3147.96)
[CLAMP_DIAG] team=1 rawDist=462.034 offBoresightDeg=2.7052 clamped=0
[SelectTarget] team=1 EnemyN=1 TgtZ=3061.89
[DIST] team=1 EnemyN=1 MyZ=3767.32 TgtZ=3061.89 Dist=710.37
[ROOT] team=1 status=2 Z=3767.32 VP=(5325.85,2834.23,3412.13)
[SelectTarget] team=2 EnemyN=1 TgtZ=3763.31
[DIST] team=2 EnemyN=1 MyZ=3061.89 TgtZ=3763.31 Dist=706.505
[ROOT] team=2 status=2 Z=3061.89 VP=(7144.52,2103.07,4025.84)
[CLAMP_DIAG] team=1 rawDist=388.348 offBoresightDeg=21.0171 clamped=0
[SelectTarget] team=1 EnemyN=1 TgtZ=2561.13
[DIST] team=1 EnemyN=1 MyZ=2982.84 TgtZ=2561.13 Dist=752.736
[ROOT] team=1 status=2 Z=2982.84 VP=(5786.86,2604.47,2606.48)
[SelectTarget] team=2 EnemyN=1 TgtZ=2978.65
[DIST] team=2 EnemyN=1 MyZ=2561.13 TgtZ=2978.65 Dist=748.657
[ROOT] team=2 status=2 Z=2561.13 VP=(6713.56,2293.66,4762.91)
[CLAMP_DIAG] team=1 rawDist=644.508 offBoresightDeg=19.3879 clamped=0
[SYNC] dist=765.37 dV=-24.8989 thr=0.998989
[SelectTarget] team=1 EnemyN=1 TgtZ=2656.98
[DIST] team=1 EnemyN=1 MyZ=2417.39 TgtZ=2656.98 Dist=795.638
[ROOT] team=1 status=2 Z=2417.39 VP=(6479.4,2295.45,2603.87)
[SelectTarget] team=2 EnemyN=1 TgtZ=2415.66
[DIST] team=2 EnemyN=1 MyZ=2656.98 TgtZ=2415.66 Dist=791.948
[ROOT] team=2 status=2 Z=2656.98 VP=(5879.14,2579.78,4261.61)
[CLAMP_DIAG] team=1 rawDist=693.099 offBoresightDeg=29.9453 clamped=0
[SelectTarget] team=1 EnemyN=1 TgtZ=3224.76
[DIST] team=1 EnemyN=1 MyZ=2415.01 TgtZ=3224.76 Dist=880.144
[ROOT] team=1 status=2 Z=2415.01 VP=(6928.09,2108.98,3112.12)
[SelectTarget] team=2 EnemyN=1 TgtZ=2416.7
[DIST] team=2 EnemyN=1 MyZ=3224.76 TgtZ=2416.7 Dist=876.847
[ROOT] team=2 status=2 Z=3224.76 VP=(5257.41,2837.39,3563.98)
[CLAMP_DIAG] team=1 rawDist=780.641 offBoresightDeg=33.5702 clamped=0
[SelectTarget] team=1 EnemyN=1 TgtZ=3843.32
[DIST] team=1 EnemyN=1 MyZ=2941.85 TgtZ=3843.32 Dist=946.166
[ROOT] team=1 status=2 Z=2941.85 VP=(6933.14,2118.04,3736.58)
[SelectTarget] team=2 EnemyN=1 TgtZ=2945.62
[DIST] team=2 EnemyN=1 MyZ=3843.32 TgtZ=2945.62 Dist=943.025
[ROOT] team=2 status=2 Z=3843.32 VP=(5166.08,2853.02,2716.18)
[CLAMP_DIAG] team=1 rawDist=832.711 offBoresightDeg=23.1763 clamped=0
[SelectTarget] team=1 EnemyN=1 TgtZ=4202.45
[DIST] team=1 EnemyN=1 MyZ=3608.99 TgtZ=4202.45 Dist=932.679
[ROOT] team=1 status=2 Z=3608.99 VP=(6586.93,2279.28,4157.55)
[SelectTarget] team=2 EnemyN=1 TgtZ=3612.26
[DIST] team=2 EnemyN=1 MyZ=4202.45 TgtZ=3612.26 Dist=929.711
[ROOT] team=2 status=2 Z=4202.45 VP=(5635.03,2593.57,2013.19)
[CLAMP_DIAG] team=1 rawDist=812.723 offBoresightDeg=8.8936 clamped=0
[SYNC] dist=903.166 dV=-13.4269 thr=0.884269
[SelectTarget] team=1 EnemyN=1 TgtZ=4160.13
[DIST] team=1 EnemyN=1 MyZ=4035.35 TgtZ=4160.13 Dist=864.809
[ROOT] team=1 status=2 Z=4035.35 VP=(6069.77,2500.28,4202.31)
[SelectTarget] team=2 EnemyN=1 TgtZ=4036.74
[DIST] team=2 EnemyN=1 MyZ=4160.13 TgtZ=4036.74 Dist=861.779
[ROOT] team=2 status=2 Z=4160.13 VP=(6470.38,2241.35,2124.46)
[CLAMP_DIAG] team=1 rawDist=748.477 offBoresightDeg=2.53514 clamped=0
[SelectTarget] team=1 EnemyN=1 TgtZ=3709.5
[DIST] team=1 EnemyN=1 MyZ=4102.45 TgtZ=3709.5 Dist=769.649
[ROOT] team=1 status=2 Z=4102.45 VP=(5633.79,2669.33,3816.42)
[SelectTarget] team=2 EnemyN=1 TgtZ=4101.71
[DIST] team=2 EnemyN=1 MyZ=3709.5 TgtZ=4101.71 Dist=766.143
[ROOT] team=2 status=2 Z=3709.5 VP=(7182.28,1978.25,3126.05)
[CLAMP_DIAG] team=1 rawDist=657.224 offBoresightDeg=4.05404 clamped=0
[SelectTarget] team=1 EnemyN=1 TgtZ=3040.63
[DIST] team=1 EnemyN=1 MyZ=3754.48 TgtZ=3040.63 Dist=718.592
[ROOT] team=1 status=2 Z=3754.48 VP=(5561.81,2675.42,3395.18)
[SelectTarget] team=2 EnemyN=1 TgtZ=3751.39
[DIST] team=2 EnemyN=1 MyZ=3040.63 TgtZ=3751.39 Dist=715.281
[ROOT] team=2 status=2 Z=3040.63 VP=(7415.69,2016.62,3973.12)
[CLAMP_DIAG] team=1 rawDist=363.21 offBoresightDeg=19.8807 clamped=0
[SelectTarget] team=1 EnemyN=1 TgtZ=2555.46
[DIST] team=1 EnemyN=1 MyZ=3049.16 TgtZ=2555.46 Dist=799.395
[ROOT] team=1 status=2 Z=3049.16 VP=(5980.7,2493.33,2649.46)
[SelectTarget] team=2 EnemyN=1 TgtZ=3044.86
[DIST] team=2 EnemyN=1 MyZ=2555.46 TgtZ=3044.86 Dist=796.051
[ROOT] team=2 status=2 Z=2555.46 VP=(7001.57,2198.25,4712.5)
[SYNC] dist=856.349 dV=-23.6642 thr=0.986642
[CLAMP_DIAG] team=1 rawDist=799.309 offBoresightDeg=33.0448 clamped=0
[SelectTarget] team=1 EnemyN=1 TgtZ=2594.67
[DIST] team=1 EnemyN=1 MyZ=2399.48 TgtZ=2594.67 Dist=923.495
[ROOT] team=1 status=2 Z=2399.48 VP=(6652.09,2245.18,2551.55)
[SelectTarget] team=2 EnemyN=1 TgtZ=2397.02
[DIST] team=2 EnemyN=1 MyZ=2594.67 TgtZ=2397.02 Dist=920.078
[ROOT] team=2 status=2 Z=2594.67 VP=(6283.42,2648.26,4290.46)
[CLAMP_DIAG] team=1 rawDist=881.309 offBoresightDeg=33.2825 clamped=0
[SelectTarget] team=1 EnemyN=1 TgtZ=3093.62
[DIST] team=1 EnemyN=1 MyZ=2261.87 TgtZ=3093.62 Dist=1000.29
[ROOT] team=1 status=2 Z=2261.87 VP=(7150.51,2109.76,2986.64)
[SelectTarget] team=2 EnemyN=1 TgtZ=2262.89
[DIST] team=2 EnemyN=1 MyZ=3093.62 TgtZ=2262.89 Dist=996.997
[ROOT] team=2 status=2 Z=3093.62 VP=(5559.64,2727.63,3652.25)
[CLAMP_DIAG] team=1 rawDist=875.689 offBoresightDeg=24.0843 clamped=0
[SelectTarget] team=1 EnemyN=1 TgtZ=3695.57
[DIST] team=1 EnemyN=1 MyZ=2716.82 TgtZ=3695.57 Dist=987.332
[ROOT] team=1 status=2 Z=2716.82 VP=(7248.76,2146.53,3583.35)
[SelectTarget] team=2 EnemyN=1 TgtZ=2720.52
[DIST] team=2 EnemyN=1 MyZ=3695.57 TgtZ=2720.52 Dist=983.808
[ROOT] team=2 status=2 Z=3695.57 VP=(5363.2,2762.1,2846.25)
[CLAMP_DIAG] team=1 rawDist=776.597 offBoresightDeg=8.08708 clamped=0
[SelectTarget] team=1 EnemyN=1 TgtZ=4097.79
[DIST] team=1 EnemyN=1 MyZ=3419.89 TgtZ=4097.79 Dist=878.005
[ROOT] team=1 status=2 Z=3419.89 VP=(6983.79,2302.84,4037.23)
[SelectTarget] team=2 EnemyN=1 TgtZ=3423.53
[DIST] team=2 EnemyN=1 MyZ=4097.79 TgtZ=3423.53 Dist=874.71
[ROOT] team=2 status=2 Z=4097.79 VP=(5792.75,2701.45,2065.13)
[SYNC] dist=806.658 dV=-35.2392 thr=1
[CLAMP_DIAG] team=1 rawDist=641.154 offBoresightDeg=2.57491 clamped=0
[SelectTarget] team=1 EnemyN=1 TgtZ=4139.98
[DIST] team=1 EnemyN=1 MyZ=3928.28 TgtZ=4139.98 Dist=733.239
[ROOT] team=1 status=2 Z=3928.28 VP=(6505.24,2516.27,4164.17)
[SelectTarget] team=2 EnemyN=1 TgtZ=3930.2
[DIST] team=2 EnemyN=1 MyZ=4139.98 TgtZ=3930.2 Dist=729.945
[ROOT] team=2 status=2 Z=4139.98 VP=(6627.13,2409.49,2000)
[CLAMP_DIAG] team=1 rawDist=538.43 offBoresightDeg=4.67346 clamped=0
[SelectTarget] team=1 EnemyN=1 TgtZ=3770.12
[DIST] team=1 EnemyN=1 MyZ=4078.7 TgtZ=3770.12 Dist=637.677
[ROOT] team=1 status=2 Z=4078.7 VP=(6038.01,2707.74,3867.65)
[SelectTarget] team=2 EnemyN=1 TgtZ=4078.27
[DIST] team=2 EnemyN=1 MyZ=3770.12 TgtZ=4078.27 Dist=634.286
[ROOT] team=2 status=2 Z=3770.12 VP=(7414.55,2113.16,2834.52)
[CLAMP_DIAG] team=1 rawDist=344.882 offBoresightDeg=7.88608 clamped=0
[SelectTarget] team=1 EnemyN=1 TgtZ=3120.35
[DIST] team=1 EnemyN=1 MyZ=3757.26 TgtZ=3120.35 Dist=641.423
[ROOT] team=1 status=2 Z=3757.26 VP=(5878.23,2764.77,3436.55)
[SelectTarget] team=2 EnemyN=1 TgtZ=3754.21
[DIST] team=2 EnemyN=1 MyZ=3120.35 TgtZ=3754.21 Dist=638.113
[ROOT] team=2 status=2 Z=3120.35 VP=(7749.87,2033.72,3737.89)
[CLAMP_DIAG] team=1 rawDist=546.341 offBoresightDeg=29.7314 clamped=0
[SelectTarget] team=1 EnemyN=1 TgtZ=2563.1
[DIST] team=1 EnemyN=1 MyZ=3060.78 TgtZ=2563.1 Dist=733.221
[ROOT] team=1 status=2 Z=3060.78 VP=(6209.57,2623.82,2694.17)
[SelectTarget] team=2 EnemyN=1 TgtZ=3056.53
[DIST] team=2 EnemyN=1 MyZ=2563.1 TgtZ=3056.53 Dist=729.396
[ROOT] team=2 status=2 Z=2563.1 VP=(7450.51,2173.92,4546.72)
[SYNC] dist=775.964 dV=-19.0343 thr=0.940343
[SelectTarget] team=1 EnemyN=1 TgtZ=2492.99
[DIST] team=1 EnemyN=1 MyZ=2420.7 TgtZ=2492.99 Dist=817.965
[ROOT] team=1 status=2 Z=2420.7 VP=(6864.21,2366.06,2466.72)
[SelectTarget] team=2 EnemyN=1 TgtZ=2418.32
[DIST] team=2 EnemyN=1 MyZ=2492.99 TgtZ=2418.32 Dist=814.16
[ROOT] team=2 status=2 Z=2492.99 VP=(6718.96,2518.71,4392.81)
[CLAMP_DIAG] team=1 rawDist=720.031 offBoresightDeg=24.0354 clamped=0
[SelectTarget] team=1 EnemyN=1 TgtZ=2936.61
[DIST] team=1 EnemyN=1 MyZ=2305.11 TgtZ=2936.61 Dist=842.837
[ROOT] team=1 status=2 Z=2305.11 VP=(7411.29,2169.48,2836.57)
[SelectTarget] team=2 EnemyN=1 TgtZ=2306.27
[DIST] team=2 EnemyN=1 MyZ=2936.61 TgtZ=2306.27 Dist=839.032
[ROOT] team=2 status=2 Z=2936.61 VP=(5976.75,2762.75,3716.25)
[CLAMP_DIAG] team=1 rawDist=716.107 offBoresightDeg=15.9196 clamped=0
[SelectTarget] team=1 EnemyN=1 TgtZ=3554.12
[DIST] team=1 EnemyN=1 MyZ=2758.07 TgtZ=3554.12 Dist=799.242
[ROOT] team=1 status=2 Z=2758.07 VP=(7566.97,2140.83,3438.02)
[SelectTarget] team=2 EnemyN=1 TgtZ=2761.5
[DIST] team=2 EnemyN=1 MyZ=3554.12 TgtZ=2761.5 Dist=795.646
[ROOT] team=2 status=2 Z=3554.12 VP=(5697.07,2875.25,2930.1)
[CLAMP_DIAG] team=1 rawDist=653.03 offBoresightDeg=3.6906 clamped=0
[SelectTarget] team=1 EnemyN=1 TgtZ=4007.23
[DIST] team=1 EnemyN=1 MyZ=3387.34 TgtZ=4007.23 Dist=713.065
[ROOT] team=1 status=2 Z=3387.34 VP=(7340.15,2263.48,3935.24)
[SelectTarget] team=2 EnemyN=1 TgtZ=3390.63
[DIST] team=2 EnemyN=1 MyZ=4007.23 TgtZ=3390.63 Dist=710.02
[ROOT] team=2 status=2 Z=4007.23 VP=(5999.17,2743.19,2114.3)
[CLAMP_DIAG] team=1 rawDist=570.048 offBoresightDeg=3.22865 clamped=0
[SYNC] dist=669.195 dV=-10.9576 thr=0.859576
[SelectTarget] team=1 EnemyN=1 TgtZ=4110.32
[DIST] team=1 EnemyN=1 MyZ=3884.06 TgtZ=4110.32 Dist=636.243
[ROOT] team=1 status=2 Z=3884.06 VP=(6880.8,2468.64,4121.31)
[SelectTarget] team=2 EnemyN=1 TgtZ=3886.12
[DIST] team=2 EnemyN=1 MyZ=4110.32 TgtZ=3886.12 Dist=633.194
[ROOT] team=2 status=2 Z=4110.32 VP=(6786.88,2435.36,2000)
[CLAMP_DIAG] team=1 rawDist=516.749 offBoresightDeg=4.87873 clamped=0
[SelectTarget] team=1 EnemyN=1 TgtZ=3807.58
[DIST] team=1 EnemyN=1 MyZ=4074.82 TgtZ=3807.58 Dist=621.414
[ROOT] team=1 status=2 Z=4074.82 VP=(6403.13,2668.65,3896.1)
[SelectTarget] team=2 EnemyN=1 TgtZ=4074.74
[DIST] team=2 EnemyN=1 MyZ=3807.58 TgtZ=4074.74 Dist=618.451
[ROOT] team=2 status=2 Z=3807.58 VP=(7601.73,2108.09,2647.83)
[CLAMP_DIAG] team=1 rawDist=506.504 offBoresightDeg=6.91965 clamped=0
[SelectTarget] team=1 EnemyN=1 TgtZ=3203.32
[DIST] team=1 EnemyN=1 MyZ=3844.47 TgtZ=3203.32 Dist=668.131
[ROOT] team=1 status=2 Z=3844.47 VP=(6176.67,2750.47,3510.4)
[SelectTarget] team=2 EnemyN=1 TgtZ=3842.02
[DIST] team=2 EnemyN=1 MyZ=3203.32 TgtZ=3842.02 Dist=665.106
[ROOT] team=2 status=2 Z=3203.32 VP=(8038.55,2010.8,3535.36)
[CLAMP_DIAG] team=1 rawDist=351.277 offBoresightDeg=17.9194 clamped=0
[SelectTarget] team=1 EnemyN=1 TgtZ=2612.35
[DIST] team=1 EnemyN=1 MyZ=3239 TgtZ=2612.35 Dist=745.328
[ROOT] team=1 status=2 Z=3239 VP=(6405.64,2642.78,2866.34)
[SelectTarget] team=2 EnemyN=1 TgtZ=3235.01
[DIST] team=2 EnemyN=1 MyZ=2612.35 TgtZ=3235.01 Dist=741.969
[ROOT] team=2 status=2 Z=2612.35 VP=(7872.42,2143.3,4375.98)
[CLAMP_DIAG] team=1 rawDist=642.412 offBoresightDeg=20.4832 clamped=0
[SYNC] dist=772.148 dV=-9.82581 thr=0.848258
[SelectTarget] team=1 EnemyN=1 TgtZ=2425.68
[DIST] team=1 EnemyN=1 MyZ=2571.09 TgtZ=2425.68 Dist=796.863
[ROOT] team=1 status=2 Z=2571.09 VP=(7007.9,2407.41,2420.62)
[SelectTarget] team=2 EnemyN=1 TgtZ=2568.21
[DIST] team=2 EnemyN=1 MyZ=2425.68 TgtZ=2568.21 Dist=793.153
[ROOT] team=2 status=2 Z=2425.68 VP=(7184.07,2380.54,4567.08)
[CLAMP_DIAG] team=1 rawDist=684.993 offBoresightDeg=15.1178 clamped=0
[SelectTarget] team=1 EnemyN=1 TgtZ=2761.75
[DIST] team=1 EnemyN=1 MyZ=2343.86 TgtZ=2761.75 Dist=782.458
[ROOT] team=1 status=2 Z=2343.86 VP=(7601.45,2187.72,2675.41)
[SelectTarget] team=2 EnemyN=1 TgtZ=2344.37
[DIST] team=2 EnemyN=1 MyZ=2761.75 TgtZ=2344.37 Dist=778.44
[ROOT] team=2 status=2 Z=2761.75 VP=(6404.7,2640.98,3827.76)
[CLAMP_DIAG] team=1 rawDist=641.695 offBoresightDeg=7.27702 clamped=0
[SelectTarget] team=1 EnemyN=1 TgtZ=3358.06
[DIST] team=1 EnemyN=1 MyZ=2693.65 TgtZ=3358.06 Dist=703.876
[ROOT] team=1 status=2 Z=2693.65 VP=(7853.73,2101,3239.87)
[SelectTarget] team=2 EnemyN=1 TgtZ=2696.67
[DIST] team=2 EnemyN=1 MyZ=3358.06 TgtZ=2696.67 Dist=700.225
[ROOT] team=2 status=2 Z=3358.06 VP=(5985.36,2790.51,3124.81)
[CLAMP_DIAG] team=1 rawDist=551.809 offBoresightDeg=3.4655 clamped=0
[SelectTarget] team=1 EnemyN=1 TgtZ=3868.42
[DIST] team=1 EnemyN=1 MyZ=3293.52 TgtZ=3868.42 Dist=611.654
[ROOT] team=1 status=2 Z=3293.52 VP=(7713.05,2160.78,3778.88)
[SelectTarget] team=2 EnemyN=1 TgtZ=3296.89
[DIST] team=2 EnemyN=1 MyZ=3868.42 TgtZ=3296.89 Dist=608.489
[ROOT] team=2 status=2 Z=3868.42 VP=(6135.9,2742.06,2273.36)
[CLAMP_DIAG] team=1 rawDist=475.666 offBoresightDeg=4.64254 clamped=0
[SYNC] dist=580.165 dV=-11.1119 thr=0.861119
[SelectTarget] team=1 EnemyN=1 TgtZ=4075.27
[DIST] team=1 EnemyN=1 MyZ=3821.93 TgtZ=4075.27 Dist=568.33
[ROOT] team=1 status=2 Z=3821.93 VP=(7298.82,2320.27,4061.11)
[SelectTarget] team=2 EnemyN=1 TgtZ=3824.24
[DIST] team=2 EnemyN=1 MyZ=4075.27 TgtZ=3824.24 Dist=565.106
[ROOT] team=2 status=2 Z=4075.27 VP=(6827.28,2477.57,2000)
[CLAMP_DIAG] team=1 rawDist=459.229 offBoresightDeg=7.67219 clamped=0
[SelectTarget] team=1 EnemyN=1 TgtZ=3889.62
[DIST] team=1 EnemyN=1 MyZ=4073.34 TgtZ=3889.62 Dist=587.638
[ROOT] team=1 status=2 Z=4073.34 VP=(6803.82,2507.11,3959.17)
[SelectTarget] team=2 EnemyN=1 TgtZ=4073.72
[DIST] team=2 EnemyN=1 MyZ=3889.62 TgtZ=4073.72 Dist=585.052
[ROOT] team=2 status=2 Z=3889.62 VP=(7699.86,2151.64,2377.43)
[CLAMP_DIAG] team=1 rawDist=499.848 offBoresightDeg=10.2774 clamped=0
[SelectTarget] team=1 EnemyN=1 TgtZ=3360.28
[DIST] team=1 EnemyN=1 MyZ=3934.59 TgtZ=3360.28 Dist=648.46
[ROOT] team=1 status=2 Z=3934.59 VP=(6480.82,2625.99,3610.36)
[SelectTarget] team=2 EnemyN=1 TgtZ=3932.66
[DIST] team=2 EnemyN=1 MyZ=3360.28 TgtZ=3932.66 Dist=645.434
[ROOT] team=2 status=2 Z=3360.28 VP=(8267.46,1949.97,3245.21)
[CLAMP_DIAG] team=1 rawDist=356.899 offBoresightDeg=7.12498 clamped=0
[SelectTarget] team=1 EnemyN=1 TgtZ=2730.01
[DIST] team=1 EnemyN=1 MyZ=3409.29 TgtZ=2730.01 Dist=714.36
[ROOT] team=1 status=2 Z=3409.29 VP=(6568.78,2587.21,3052.11)
[SelectTarget] team=2 EnemyN=1 TgtZ=3405.54
[DIST] team=2 EnemyN=1 MyZ=2730.01 TgtZ=3405.54 Dist=711.038
[ROOT] team=2 status=2 Z=2730.01 VP=(8276.66,1988.49,4107.49)
[CLAMP_DIAG] team=1 rawDist=512.949 offBoresightDeg=23.1688 clamped=0
[SYNC] dist=732.426 dV=-4.26985 thr=0.792699
[SelectTarget] team=1 EnemyN=1 TgtZ=2391.74
[DIST] team=1 EnemyN=1 MyZ=2718.3 TgtZ=2391.74 Dist=745.794
[ROOT] team=1 status=2 Z=2718.3 VP=(7090.26,2394.44,2415.31)
[SelectTarget] team=2 EnemyN=1 TgtZ=2714.89
[DIST] team=2 EnemyN=1 MyZ=2391.74 TgtZ=2714.89 Dist=742.519
[ROOT] team=2 status=2 Z=2391.74 VP=(7710.96,2192.79,4641.48)
[CLAMP_DIAG] team=1 rawDist=627.319 offBoresightDeg=11.6522 clamped=0
[SelectTarget] team=1 EnemyN=1 TgtZ=2582.06
[DIST] team=1 EnemyN=1 MyZ=2352.58 TgtZ=2582.06 Dist=719.189
[ROOT] team=1 status=2 Z=2352.58 VP=(7732.04,2165.12,2516.89)
[SelectTarget] team=2 EnemyN=1 TgtZ=2352.23
[DIST] team=2 EnemyN=1 MyZ=2582.06 TgtZ=2352.23 Dist=715.102
[ROOT] team=2 status=2 Z=2582.06 VP=(6903.94,2472.29,4094.63)
[CLAMP_DIAG] team=1 rawDist=577.429 offBoresightDeg=6.24195 clamped=0
[SelectTarget] team=1 EnemyN=1 TgtZ=3138.51
[DIST] team=1 EnemyN=1 MyZ=2581.18 TgtZ=3138.51 Dist=642.818
[ROOT] team=1 status=2 Z=2581.18 VP=(8106.03,2034.82,3023.51)
[SelectTarget] team=2 EnemyN=1 TgtZ=2583.8
[DIST] team=2 EnemyN=1 MyZ=3138.51 TgtZ=2583.8 Dist=638.941
[ROOT] team=2 status=2 Z=3138.51 VP=(6335.47,2668.87,3338)
[CLAMP_DIAG] team=1 rawDist=492.147 offBoresightDeg=3.84857 clamped=0
[SelectTarget] team=1 EnemyN=1 TgtZ=3704.29
[DIST] team=1 EnemyN=1 MyZ=3155.38 TgtZ=3704.29 Dist=560.961
[ROOT] team=1 status=2 Z=3155.38 VP=(8073.27,2051.02,3600.16)
[SelectTarget] team=2 EnemyN=1 TgtZ=3158.82
[DIST] team=2 EnemyN=1 MyZ=3704.29 TgtZ=3158.82 Dist=557.676
[ROOT] team=2 status=2 Z=3704.29 VP=(6300.39,2677.28,2484.55)
[CLAMP_DIAG] team=1 rawDist=426.001 offBoresightDeg=4.87315 clamped=0
[SYNC] dist=534.084 dV=-13.8899 thr=0.888899
runner:local/env:0	num_steps=[11999] | total rewards=[827.2273] | termination= [max time out]
[seed 6] reward=   827.23 ownHP=1.0000 tgtHP=1.0000 max time out
total: 2
[SelectTarget] team=1 EnemyN=1 TgtZ=6997.56
[DIST] team=1 EnemyN=1 MyZ=7216.81 TgtZ=6997.56 Dist=2585.91
[ROOT] team=1 status=2 Z=7216.81 VP=(4799.13,-5.03549,6967.75)
[SelectTarget] team=2 EnemyN=1 TgtZ=7215.47
[DIST] team=2 EnemyN=1 MyZ=6997.56 TgtZ=7215.47 Dist=2582.14
[ROOT] team=2 status=2 Z=6997.56 VP=(4104.1,-551.646,6159.26)
[SelectTarget] team=1 EnemyN=1 TgtZ=6860.4
[DIST] team=1 EnemyN=1 MyZ=6966.78 TgtZ=6860.4 Dist=1572.5
[ROOT] team=1 status=2 Z=6966.78 VP=(4997.78,-102.437,6887.44)
[SelectTarget] team=2 EnemyN=1 TgtZ=6965.42
[DIST] team=2 EnemyN=1 MyZ=6860.4 TgtZ=6965.42 Dist=1568.35
[ROOT] team=2 status=2 Z=6860.4 VP=(5234.57,-2057.42,6534.28)
[SelectTarget] team=1 EnemyN=1 TgtZ=6579.66
[DIST] team=1 EnemyN=1 MyZ=6790.25 TgtZ=6579.66 Dist=1155.74
[ROOT] team=1 status=2 Z=6790.25 VP=(4222.05,-528.286,6624.95)
[SelectTarget] team=2 EnemyN=1 TgtZ=6789.3
[DIST] team=2 EnemyN=1 MyZ=6579.66 TgtZ=6789.3 Dist=1150.85
[ROOT] team=2 status=2 Z=6579.66 VP=(2562.12,618.267,6738.35)
[SelectTarget] team=1 EnemyN=1 TgtZ=6304.7
[DIST] team=1 EnemyN=1 MyZ=6552.69 TgtZ=6304.7 Dist=1247.19
[ROOT] team=1 status=2 Z=6552.69 VP=(3495.65,-903.622,6355.64)
[SelectTarget] team=2 EnemyN=1 TgtZ=6551.04
[DIST] team=2 EnemyN=1 MyZ=6304.7 TgtZ=6551.04 Dist=1243.16
[ROOT] team=2 status=2 Z=6304.7 VP=(2457.98,829.322,6757.84)
[SYNC] dist=1381.23 dV=-2.88086 thr=0.778809
[SelectTarget] team=1 EnemyN=1 TgtZ=6040.63
[DIST] team=1 EnemyN=1 MyZ=6212.85 TgtZ=6040.63 Dist=1581.35
[ROOT] team=1 status=2 Z=6212.85 VP=(2618.97,-917.944,6084.76)
[SelectTarget] team=2 EnemyN=1 TgtZ=6210.76
[DIST] team=2 EnemyN=1 MyZ=6040.63 TgtZ=6210.76 Dist=1578.63
[ROOT] team=2 status=2 Z=6040.63 VP=(2427.15,1062.03,6637.2)
[SelectTarget] team=1 EnemyN=1 TgtZ=5821.79
[DIST] team=1 EnemyN=1 MyZ=5823.27 TgtZ=5821.79 Dist=1981.34
[ROOT] team=1 status=2 Z=5823.27 VP=(1811.61,-519.342,5852.6)
[SelectTarget] team=2 EnemyN=1 TgtZ=5821.1
[DIST] team=2 EnemyN=1 MyZ=5821.79 TgtZ=5821.1 Dist=1978.52
[ROOT] team=2 status=2 Z=5821.79 VP=(2551.02,1309.29,6310.31)
[SelectTarget] team=1 EnemyN=1 TgtZ=5631.79
[DIST] team=1 EnemyN=1 MyZ=5454.25 TgtZ=5631.79 Dist=2319.23
[ROOT] team=1 status=2 Z=5454.25 VP=(1267.96,220.296,5654.58)
[SelectTarget] team=2 EnemyN=1 TgtZ=5452.39
[DIST] team=2 EnemyN=1 MyZ=5631.79 TgtZ=5452.39 Dist=2315.93
[ROOT] team=2 status=2 Z=5631.79 VP=(2823.33,1499.71,5722.6)
[SelectTarget] team=1 EnemyN=1 TgtZ=5392.77
[DIST] team=1 EnemyN=1 MyZ=5168.61 TgtZ=5392.77 Dist=2506.91
[ROOT] team=1 status=2 Z=5168.61 VP=(1302.57,2038.13,4550.59)
[SelectTarget] team=2 EnemyN=1 TgtZ=5167.32
[DIST] team=2 EnemyN=1 MyZ=5392.77 TgtZ=5167.32 Dist=2502.5
[ROOT] team=2 status=2 Z=5392.77 VP=(3125.71,1506.67,4932.72)
[SYNC] dist=2521.28 dV=-4.88718 thr=0.798872
[SelectTarget] team=1 EnemyN=1 TgtZ=5014.92
[DIST] team=1 EnemyN=1 MyZ=4899.85 TgtZ=5014.92 Dist=2495.56
[ROOT] team=1 status=2 Z=4899.85 VP=(1464.42,1939.95,5080.45)
[SelectTarget] team=2 EnemyN=1 TgtZ=4898.08
[DIST] team=2 EnemyN=1 MyZ=5014.92 TgtZ=4898.08 Dist=2490.65
[ROOT] team=2 status=2 Z=5014.92 VP=(3278.94,1093.23,4650.6)
[SelectTarget] team=1 EnemyN=1 TgtZ=4522.97
[DIST] team=1 EnemyN=1 MyZ=4674.29 TgtZ=4522.97 Dist=2269.02
[ROOT] team=1 status=2 Z=4674.29 VP=(2151.8,2421.32,4601.67)
[SelectTarget] team=2 EnemyN=1 TgtZ=4673.58
[DIST] team=2 EnemyN=1 MyZ=4522.97 TgtZ=4673.58 Dist=2263.81
[ROOT] team=2 status=2 Z=4522.97 VP=(3226.3,966.959,3754.33)
[SelectTarget] team=1 EnemyN=1 TgtZ=3949.11
[DIST] team=1 EnemyN=1 MyZ=4521.04 TgtZ=3949.11 Dist=1915.86
[ROOT] team=1 status=2 Z=4521.04 VP=(2946.35,2383.44,4042.65)
[SelectTarget] team=2 EnemyN=1 TgtZ=4519.76
[DIST] team=2 EnemyN=1 MyZ=3949.11 TgtZ=4519.76 Dist=1910.41
[ROOT] team=2 status=2 Z=3949.11 VP=(2405.5,507.236,3918.37)
[SelectTarget] team=1 EnemyN=1 TgtZ=3342.94
[DIST] team=1 EnemyN=1 MyZ=4168.3 TgtZ=3342.94 Dist=1525.28
[ROOT] team=1 status=2 Z=4168.3 VP=(3486.2,1825.13,3518.3)
[SelectTarget] team=2 EnemyN=1 TgtZ=4165.7
[DIST] team=2 EnemyN=1 MyZ=3342.94 TgtZ=4165.7 Dist=1520.14
[ROOT] team=2 status=2 Z=3342.94 VP=(2006.47,450.127,3909.96)
[SYNC] dist=1370.19 dV=4.32129 thr=0.706787
[SelectTarget] team=1 EnemyN=1 TgtZ=2893.54
[DIST] team=1 EnemyN=1 MyZ=3622.03 TgtZ=2893.54 Dist=1274.28
[ROOT] team=1 status=2 Z=3622.03 VP=(3532,956.33,2984.88)
[SelectTarget] team=2 EnemyN=1 TgtZ=3618.59
[DIST] team=2 EnemyN=1 MyZ=2893.54 TgtZ=3618.59 Dist=1269.07
[ROOT] team=2 status=2 Z=2893.54 VP=(1750.86,538.13,4207.13)
[SelectTarget] team=1 EnemyN=1 TgtZ=2765.08
[DIST] team=1 EnemyN=1 MyZ=2974.44 TgtZ=2765.08 Dist=1342.53
[ROOT] team=1 status=2 Z=2974.44 VP=(3058.15,114.364,2769.9)
[SelectTarget] team=2 EnemyN=1 TgtZ=2970.94
[DIST] team=2 EnemyN=1 MyZ=2765.08 TgtZ=2970.94 Dist=1339.05
[ROOT] team=2 status=2 Z=2765.08 VP=(1710.39,704.581,4359.06)
[SelectTarget] team=1 EnemyN=1 TgtZ=2994.04
[DIST] team=1 EnemyN=1 MyZ=2458.63 TgtZ=2994.04 Dist=1630.4
[ROOT] team=1 status=2 Z=2458.63 VP=(2263.13,-404.218,2942.75)
[SelectTarget] team=2 EnemyN=1 TgtZ=2456.62
[DIST] team=2 EnemyN=1 MyZ=2994.04 TgtZ=2456.62 Dist=1626.85
[ROOT] team=2 status=2 Z=2994.04 VP=(1716.15,1138.63,3722.11)
[SelectTarget] team=1 EnemyN=1 TgtZ=3336.42
[DIST] team=1 EnemyN=1 MyZ=2290.43 TgtZ=3336.42 Dist=1899.49
[ROOT] team=1 status=2 Z=2290.43 VP=(1401.33,-378.493,3281.61)
[SelectTarget] team=2 EnemyN=1 TgtZ=2290.57
[DIST] team=2 EnemyN=1 MyZ=3336.42 TgtZ=2290.57 Dist=1895.84
[ROOT] team=2 status=2 Z=3336.42 VP=(1667.96,1617.67,3078.19)
[SYNC] dist=1967.89 dV=-21.092 thr=0.96092
[SelectTarget] team=1 EnemyN=1 TgtZ=3464.45
[DIST] team=1 EnemyN=1 MyZ=2468.63 TgtZ=3464.45 Dist=1997.03
[ROOT] team=1 status=2 Z=2468.63 VP=(724.737,183.411,3454.89)
[SelectTarget] team=2 EnemyN=1 TgtZ=2470.28
[DIST] team=2 EnemyN=1 MyZ=3464.45 TgtZ=2470.28 Dist=1992.82
[ROOT] team=2 status=2 Z=3464.45 VP=(1552.33,1681.25,2000)
[SelectTarget] team=1 EnemyN=1 TgtZ=3138.28
[DIST] team=1 EnemyN=1 MyZ=2787.51 TgtZ=3138.28 Dist=1866.15
[ROOT] team=1 status=2 Z=2787.51 VP=(415.854,972.329,3198.52)
[SelectTarget] team=2 EnemyN=1 TgtZ=2789.07
[DIST] team=2 EnemyN=1 MyZ=3138.28 TgtZ=2789.07 Dist=1861.89
[ROOT] team=2 status=2 Z=3138.28 VP=(1401.72,942.215,2000)
[SelectTarget] team=1 EnemyN=1 TgtZ=2480.22
[DIST] team=1 EnemyN=1 MyZ=2912.05 TgtZ=2480.22 Dist=1702.01
[ROOT] team=1 status=2 Z=2912.05 VP=(478.489,1684.62,2575.78)
[SelectTarget] team=2 EnemyN=1 TgtZ=2911.62
[DIST] team=2 EnemyN=1 MyZ=2480.22 TgtZ=2911.62 Dist=1697.89
[ROOT] team=2 status=2 Z=2480.22 VP=(863.001,3207.34,7257.84)
[SelectTarget] team=1 EnemyN=1 TgtZ=2137.6
[DIST] team=1 EnemyN=1 MyZ=2678.98 TgtZ=2137.6 Dist=1740.39
[ROOT] team=1 status=2 Z=2678.98 VP=(762.629,2552.47,2165.78)
[SelectTarget] team=2 EnemyN=1 TgtZ=2677.14
[DIST] team=2 EnemyN=1 MyZ=2137.6 TgtZ=2677.14 Dist=1734.71
[ROOT] team=2 status=2 Z=2137.6 VP=(2756.51,2881.73,2167.5)
[SelectTarget] team=1 EnemyN=1 TgtZ=2030.69
[DIST] team=1 EnemyN=1 MyZ=2357.94 TgtZ=2030.69 Dist=1632.42
[ROOT] team=1 status=2 Z=2357.94 VP=(1379.09,3266.17,2030.27)
[SelectTarget] team=2 EnemyN=1 TgtZ=2356.3
[DIST] team=2 EnemyN=1 MyZ=2030.69 TgtZ=2356.3 Dist=1627.64
[ROOT] team=2 status=2 Z=2030.69 VP=(2878.81,2217.61,3223.41)
[SYNC] dist=1415.87 dV=-25.4648 thr=1
[SelectTarget] team=1 EnemyN=1 TgtZ=2210.67
[DIST] team=1 EnemyN=1 MyZ=2157.12 TgtZ=2210.67 Dist=1357.6
[ROOT] team=1 status=2 Z=2157.12 VP=(2272.14,3569.92,2172.76)
[SelectTarget] team=2 EnemyN=1 TgtZ=2156.61
[DIST] team=2 EnemyN=1 MyZ=2210.67 TgtZ=2156.61 Dist=1352.18
[ROOT] team=2 status=2 Z=2210.67 VP=(2542.54,1710.03,2844.43)
[SelectTarget] team=1 EnemyN=1 TgtZ=2447.66
[DIST] team=1 EnemyN=1 MyZ=2192.22 TgtZ=2447.66 Dist=1047.45
[ROOT] team=1 status=2 Z=2192.22 VP=(3113.5,3257.96,2412.84)
[SelectTarget] team=2 EnemyN=1 TgtZ=2193.02
[DIST] team=2 EnemyN=1 MyZ=2447.66 TgtZ=2193.02 Dist=1042.08
[ROOT] team=2 status=2 Z=2447.66 VP=(2188.2,1469.78,2063.84)
[CLAMP_DIAG] team=1 rawDist=778.624 offBoresightDeg=20.0104 clamped=0
[SelectTarget] team=1 EnemyN=1 TgtZ=2453.7
[DIST] team=1 EnemyN=1 MyZ=2357.53 TgtZ=2453.7 Dist=894.668
[ROOT] team=1 status=2 Z=2357.53 VP=(3565.42,2474.39,2458.77)
[SelectTarget] team=2 EnemyN=1 TgtZ=2358.29
[DIST] team=2 EnemyN=1 MyZ=2453.7 TgtZ=2358.29 Dist=889.999
[ROOT] team=2 status=2 Z=2453.7 VP=(1806.7,1755.14,2000)
[CLAMP_DIAG] team=1 rawDist=714.512 offBoresightDeg=41.567 clamped=0
[SelectTarget] team=1 EnemyN=1 TgtZ=2195.84
[DIST] team=1 EnemyN=1 MyZ=2397.64 TgtZ=2195.84 Dist=1045.48
[ROOT] team=1 status=2 Z=2397.64 VP=(3496.22,1734.76,2309.73)
[SelectTarget] team=2 EnemyN=1 TgtZ=2397.21
[DIST] team=2 EnemyN=1 MyZ=2195.84 TgtZ=2397.21 Dist=1041.37
[ROOT] team=2 status=2 Z=2195.84 VP=(1475.81,1806.69,2000)
[SelectTarget] team=1 EnemyN=1 TgtZ=1991.46
[DIST] team=1 EnemyN=1 MyZ=2220.33 TgtZ=1991.46 Dist=1327.95
[ROOT] team=1 status=2 Z=2220.33 VP=(2996.13,956.425,2077.13)
[SelectTarget] team=2 EnemyN=1 TgtZ=2218.83
[DIST] team=2 EnemyN=1 MyZ=1991.46 TgtZ=2218.83 Dist=1323.34
[ROOT] team=2 status=2 Z=1991.46 VP=(1086.68,1784.06,2438.61)
[SYNC] dist=1400.86 dV=0 thr=0.75
[SelectTarget] team=1 EnemyN=1 TgtZ=2006.26
[DIST] team=1 EnemyN=1 MyZ=2010.02 TgtZ=2006.26 Dist=1545.19
[ROOT] team=1 status=2 Z=2010.02 VP=(2312.82,-307.724,6785.46)
[SelectTarget] team=2 EnemyN=1 TgtZ=2009.04
[DIST] team=2 EnemyN=1 MyZ=2006.26 TgtZ=2009.04 Dist=1540.83
[ROOT] team=2 status=2 Z=2006.26 VP=(1265.47,2223.81,2662.33)
[SelectTarget] team=1 EnemyN=1 TgtZ=2163.01
[DIST] team=1 EnemyN=1 MyZ=1929.31 TgtZ=2163.01 Dist=1696.25
[ROOT] team=1 status=2 Z=1929.31 VP=(1144.98,685.429,2135.93)
[SelectTarget] team=2 EnemyN=1 TgtZ=1929.08
[DIST] team=2 EnemyN=1 MyZ=2163.01 TgtZ=1929.08 Dist=1691.66
[ROOT] team=2 status=2 Z=2163.01 VP=(1913.63,2507.53,2303.45)
[SelectTarget] team=1 EnemyN=1 TgtZ=2225.35
[DIST] team=1 EnemyN=1 MyZ=1922.41 TgtZ=2225.35 Dist=1700.5
[ROOT] team=1 status=2 Z=1922.41 VP=(648.884,1424.19,2218.41)
[SelectTarget] team=2 EnemyN=1 TgtZ=1922.62
[DIST] team=2 EnemyN=1 MyZ=2225.35 TgtZ=1922.62 Dist=1696.53
[ROOT] team=2 status=2 Z=2225.35 VP=(2434.72,2305.48,2000)
[SelectTarget] team=1 EnemyN=1 TgtZ=2086.57
[DIST] team=1 EnemyN=1 MyZ=1981.3 TgtZ=2086.57 Dist=1508.25
[ROOT] team=1 status=2 Z=1981.3 VP=(752.797,2229.81,2111.53)
[SelectTarget] team=2 EnemyN=1 TgtZ=1981.57
[DIST] team=2 EnemyN=1 MyZ=2086.57 TgtZ=1981.57 Dist=1503.93
[ROOT] team=2 status=2 Z=2086.57 VP=(1707.27,3595.62,6858.43)
[SYNC] dist=1387.24 dV=-3.39529 thr=0.783953
[SelectTarget] team=1 EnemyN=1 TgtZ=1956.79
[DIST] team=1 EnemyN=1 MyZ=2001.64 TgtZ=1956.79 Dist=1309.58
[ROOT] team=1 status=2 Z=2001.64 VP=(1364.05,2972.46,1962.48)
[SelectTarget] team=2 EnemyN=1 TgtZ=2001.28
[DIST] team=2 EnemyN=1 MyZ=1956.79 TgtZ=2001.28 Dist=1304.31
[ROOT] team=2 status=2 Z=1956.79 VP=(2859.4,3499.68,6735.33)
[SelectTarget] team=1 EnemyN=1 TgtZ=1900.43
[DIST] team=1 EnemyN=1 MyZ=1940.66 TgtZ=1900.43 Dist=1144.72
[ROOT] team=1 status=2 Z=1940.66 VP=(2247.73,3230.75,1896.73)
[SelectTarget] team=2 EnemyN=1 TgtZ=1940.14
[DIST] team=2 EnemyN=1 MyZ=1900.43 TgtZ=1940.14 Dist=1139.44
[ROOT] team=2 status=2 Z=1900.43 VP=(2725.88,1271.81,2020.86)
[SelectTarget] team=1 EnemyN=1 TgtZ=1853.86
[DIST] team=1 EnemyN=1 MyZ=1885.77 TgtZ=1853.86 Dist=1064.06
[ROOT] team=1 status=2 Z=1885.77 VP=(3078.36,2919.51,1866.47)
[SelectTarget] team=2 EnemyN=1 TgtZ=1885.45
[DIST] team=2 EnemyN=1 MyZ=1853.86 TgtZ=1885.45 Dist=1059.65
[ROOT] team=2 status=2 Z=1853.86 VP=(2441.26,1013.89,2149.38)
[SelectTarget] team=1 EnemyN=1 TgtZ=1873.82
[DIST] team=1 EnemyN=1 MyZ=1859.9 TgtZ=1873.82 Dist=1200.13
[ROOT] team=1 status=2 Z=1859.9 VP=(3629.45,2153.15,1868.18)
[SelectTarget] team=2 EnemyN=1 TgtZ=1859.75
[DIST] team=2 EnemyN=1 MyZ=1873.82 TgtZ=1859.75 Dist=1195.54
[ROOT] team=2 status=2 Z=1873.82 VP=(1848.87,1210.59,2000)
[SelectTarget] team=1 EnemyN=1 TgtZ=1836.38
[DIST] team=1 EnemyN=1 MyZ=1844.93 TgtZ=1836.38 Dist=1495.87
[ROOT] team=1 status=2 Z=1844.93 VP=(3548.63,1267,1847.19)
[SelectTarget] team=2 EnemyN=1 TgtZ=1844.88
[DIST] team=2 EnemyN=1 MyZ=1836.38 TgtZ=1844.88 Dist=1492.96
[ROOT] team=2 status=2 Z=1836.38 VP=(1537.48,1416.33,2025.12)
[SYNC] dist=1560.26 dV=-5.45306 thr=0.804531
[SelectTarget] team=1 EnemyN=1 TgtZ=1857.95
[DIST] team=1 EnemyN=1 MyZ=1837.94 TgtZ=1857.95 Dist=1842.99
[ROOT] team=1 status=2 Z=1837.94 VP=(2956.13,539.479,1852.04)
[SelectTarget] team=2 EnemyN=1 TgtZ=1838.04
[DIST] team=2 EnemyN=1 MyZ=1857.95 TgtZ=1838.04 Dist=1839.87
[ROOT] team=2 status=2 Z=1857.95 VP=(1645.99,2066.36,2000)
[SelectTarget] team=1 EnemyN=1 TgtZ=1827.76
[DIST] team=1 EnemyN=1 MyZ=1827.96 TgtZ=1827.76 Dist=2143.75
[ROOT] team=1 status=2 Z=1827.96 VP=(2073.42,396.101,1833.5)
[SelectTarget] team=2 EnemyN=1 TgtZ=1828.06
[DIST] team=2 EnemyN=1 MyZ=1827.76 TgtZ=1828.06 Dist=2140.63
[ROOT] team=2 status=2 Z=1827.76 VP=(1702.67,2384.04,2000)
[SelectTarget] team=1 EnemyN=1 TgtZ=1855.61
[DIST] team=1 EnemyN=1 MyZ=1821.95 TgtZ=1855.61 Dist=2351.41
[ROOT] team=1 status=2 Z=1821.95 VP=(1246.9,794.277,1848.61)
[SelectTarget] team=2 EnemyN=1 TgtZ=1822.07
[DIST] team=2 EnemyN=1 MyZ=1855.61 TgtZ=1822.07 Dist=2347.96
[ROOT] team=2 status=2 Z=1855.61 VP=(2376.28,2445.12,2000)
[SelectTarget] team=1 EnemyN=1 TgtZ=1818.73
[DIST] team=1 EnemyN=1 MyZ=1815.87 TgtZ=1818.73 Dist=2384.88
[ROOT] team=1 status=2 Z=1815.87 VP=(966.504,1521.06,1821.7)
[SelectTarget] team=2 EnemyN=1 TgtZ=1816.01
[DIST] team=2 EnemyN=1 MyZ=1818.73 TgtZ=1816.01 Dist=2381.38
[ROOT] team=2 status=2 Z=1818.73 VP=(1062.47,3181.83,6606.41)
[SYNC] dist=2373.71 dV=-12.0894 thr=0.870894
[SelectTarget] team=1 EnemyN=1 TgtZ=1866.27
[DIST] team=1 EnemyN=1 MyZ=1815.29 TgtZ=1866.27 Dist=2351.49
[ROOT] team=1 status=2 Z=1815.29 VP=(1158,2508.9,1850.9)
[SelectTarget] team=2 EnemyN=1 TgtZ=1815.44
[DIST] team=2 EnemyN=1 MyZ=1866.27 TgtZ=1815.44 Dist=2346.87
[ROOT] team=2 status=2 Z=1866.27 VP=(3018.18,1755.25,2000)
[SelectTarget] team=1 EnemyN=1 TgtZ=1897.82
[DIST] team=1 EnemyN=1 MyZ=1819.1 TgtZ=1897.82 Dist=2168.22
[ROOT] team=1 status=2 Z=1819.1 VP=(1889.53,3000.38,1889.91)
[SelectTarget] team=2 EnemyN=1 TgtZ=1819.31
[DIST] team=2 EnemyN=1 MyZ=1897.82 TgtZ=1819.31 Dist=2164.13
[ROOT] team=2 status=2 Z=1897.82 VP=(2702.28,1188.76,2000)
[SelectTarget] team=1 EnemyN=1 TgtZ=1876.66
[DIST] team=1 EnemyN=1 MyZ=1811.33 TgtZ=1876.66 Dist=1911.29
[ROOT] team=1 status=2 Z=1811.33 VP=(2747.91,2840.03,1876.82)
[SelectTarget] team=2 EnemyN=1 TgtZ=1811.47
[DIST] team=2 EnemyN=1 MyZ=1876.66 TgtZ=1811.47 Dist=1907.6
[ROOT] team=2 status=2 Z=1876.66 VP=(2823.31,1096.58,2000)
[SelectTarget] team=1 EnemyN=1 TgtZ=1849.98
[DIST] team=1 EnemyN=1 MyZ=1814.86 TgtZ=1849.98 Dist=1835.05
[ROOT] team=1 status=2 Z=1814.86 VP=(3294.82,2131.61,1850.35)
[SelectTarget] team=2 EnemyN=1 TgtZ=1814.77
[DIST] team=2 EnemyN=1 MyZ=1849.98 TgtZ=1814.77 Dist=1832.26
[ROOT] team=2 status=2 Z=1849.98 VP=(1946.58,598.205,2000)
[SYNC] dist=1992.59 dV=-10.6489 thr=0.856489
[SelectTarget] team=1 EnemyN=1 TgtZ=1892.12
[DIST] team=1 EnemyN=1 MyZ=1828.98 TgtZ=1892.12 Dist=2039.15
[ROOT] team=1 status=2 Z=1828.98 VP=(3307.69,1249.43,1885.9)
[SelectTarget] team=2 EnemyN=1 TgtZ=1828.79
[DIST] team=2 EnemyN=1 MyZ=1892.12 TgtZ=1828.79 Dist=2037.35
[ROOT] team=2 status=2 Z=1892.12 VP=(1378.23,1522.68,2341.88)
[SelectTarget] team=1 EnemyN=1 TgtZ=1903.56
[DIST] team=1 EnemyN=1 MyZ=1842.13 TgtZ=1903.56 Dist=2349.27
[ROOT] team=1 status=2 Z=1842.13 VP=(2711.06,619.468,1898.19)
[SelectTarget] team=2 EnemyN=1 TgtZ=1842.24
[DIST] team=2 EnemyN=1 MyZ=1903.56 TgtZ=1842.24 Dist=2346.84
[ROOT] team=2 status=2 Z=1903.56 VP=(1540.48,2203.09,2275.15)
[SelectTarget] team=1 EnemyN=1 TgtZ=1869.56
[DIST] team=1 EnemyN=1 MyZ=1825.03 TgtZ=1869.56 Dist=2610.71
[ROOT] team=1 status=2 Z=1825.03 VP=(1022.33,1179.4,1500)
[SelectTarget] team=2 EnemyN=1 TgtZ=1825.17
[DIST] team=2 EnemyN=1 MyZ=1869.56 TgtZ=1825.17 Dist=2609.36
[ROOT] team=2 status=2 Z=1869.56 VP=(2022.88,2372.42,2000)
[SelectTarget] team=1 EnemyN=1 TgtZ=1849.4
[DIST] team=1 EnemyN=1 MyZ=1821.86 TgtZ=1849.4 Dist=2891.47
[ROOT] team=1 status=2 Z=1821.86 VP=(844.394,2242.39,1500)
[SelectTarget] team=2 EnemyN=1 TgtZ=1821.94
[DIST] team=2 EnemyN=1 MyZ=1849.4 TgtZ=1821.94 Dist=2890.65
[ROOT] team=2 status=2 Z=1849.4 VP=(2580.34,2643.28,2000)
[SelectTarget] team=1 EnemyN=1 TgtZ=1943.25
[DIST] team=1 EnemyN=1 MyZ=1818.17 TgtZ=1943.25 Dist=3157.68
[ROOT] team=1 status=2 Z=1818.17 VP=(1394.1,3080.95,1500)
[SelectTarget] team=2 EnemyN=1 TgtZ=1818.28
[DIST] team=2 EnemyN=1 MyZ=1943.25 TgtZ=1818.28 Dist=3157.18
[SYNC] dist=3157.18 dV=-27.8826 thr=1
[ROOT] team=2 status=2 Z=1943.25 VP=(3045.72,2028.83,2000)
[SelectTarget] team=1 EnemyN=1 TgtZ=2031.54
[DIST] team=1 EnemyN=1 MyZ=1813.6 TgtZ=2031.54 Dist=3269.78
[ROOT] team=1 status=2 Z=1813.6 VP=(2477.7,3233.56,1534.03)
[SelectTarget] team=2 EnemyN=1 TgtZ=1813.6
[DIST] team=2 EnemyN=1 MyZ=2031.54 TgtZ=1813.6 Dist=3269.27
[ROOT] team=2 status=2 Z=2031.54 VP=(2878.49,1327.55,2166.5)
[SelectTarget] team=1 EnemyN=1 TgtZ=2071.78
[DIST] team=1 EnemyN=1 MyZ=1811.72 TgtZ=2071.78 Dist=3207.93
[ROOT] team=1 status=2 Z=1811.72 VP=(3307.98,2595.34,1500)
[SelectTarget] team=2 EnemyN=1 TgtZ=1811.78
[DIST] team=2 EnemyN=1 MyZ=2071.78 TgtZ=1811.78 Dist=3207.99
[ROOT] team=2 status=2 Z=2071.78 VP=(2299.17,923.759,2055.5)
[SelectTarget] team=1 EnemyN=1 TgtZ=1996.17
[DIST] team=1 EnemyN=1 MyZ=1810.2 TgtZ=1996.17 Dist=2986.49
[ROOT] team=1 status=2 Z=1810.2 VP=(3427.11,1559.73,1500)
[SelectTarget] team=2 EnemyN=1 TgtZ=1810.14
[DIST] team=2 EnemyN=1 MyZ=1996.17 TgtZ=1810.14 Dist=2986.43
[ROOT] team=2 status=2 Z=1996.17 VP=(1615.17,1025.84,2000)
[SelectTarget] team=1 EnemyN=1 TgtZ=1915.34
[DIST] team=1 EnemyN=1 MyZ=1812.39 TgtZ=1915.34 Dist=2821.67
[ROOT] team=1 status=2 Z=1812.39 VP=(557.771,2759.44,6600.43)
[SelectTarget] team=2 EnemyN=1 TgtZ=1812.28
[DIST] team=2 EnemyN=1 MyZ=1915.34 TgtZ=1812.28 Dist=2821.81
[ROOT] team=2 status=2 Z=1915.34 VP=(1377.66,1150.19,2245.59)
[SYNC] dist=2801.2 dV=-33.9531 thr=1
[SelectTarget] team=1 EnemyN=1 TgtZ=1861.15
[DIST] team=1 EnemyN=1 MyZ=1809.34 TgtZ=1861.15 Dist=2766.83
[ROOT] team=1 status=2 Z=1809.34 VP=(1376.5,3580.84,6597.17)
[SelectTarget] team=2 EnemyN=1 TgtZ=1809.18
[DIST] team=2 EnemyN=1 MyZ=1861.15 TgtZ=1809.18 Dist=2767.75
[ROOT] team=2 status=2 Z=1861.15 VP=(1773.49,-309.101,6644.66)
[SelectTarget] team=1 EnemyN=1 TgtZ=1859.62
[DIST] team=1 EnemyN=1 MyZ=1806.93 TgtZ=1859.62 Dist=2922.85
[ROOT] team=1 status=2 Z=1806.93 VP=(1078.45,192.198,1500)
[SelectTarget] team=2 EnemyN=1 TgtZ=1807.67
[DIST] team=2 EnemyN=1 MyZ=1859.62 TgtZ=1807.67 Dist=2925.71
[ROOT] team=2 status=2 Z=1859.62 VP=(839.714,1222.25,2000)
[SelectTarget] team=1 EnemyN=1 TgtZ=1846.67
[DIST] team=1 EnemyN=1 MyZ=2008.84 TgtZ=1846.67 Dist=3165.79
[ROOT] team=1 status=2 Z=2008.84 VP=(520.733,1231.11,1500)
[SelectTarget] team=2 EnemyN=1 TgtZ=2009.79
[DIST] team=2 EnemyN=1 MyZ=1846.67 TgtZ=2009.79 Dist=3167.87
[ROOT] team=2 status=2 Z=1846.67 VP=(1781.64,2196.9,2719.51)
[SelectTarget] team=1 EnemyN=1 TgtZ=1952.88
[DIST] team=1 EnemyN=1 MyZ=2071.19 TgtZ=1952.88 Dist=3162.66
[ROOT] team=1 status=2 Z=2071.19 VP=(635.693,2262.06,1633.25)
[SelectTarget] team=2 EnemyN=1 TgtZ=2070.8
[DIST] team=2 EnemyN=1 MyZ=1952.88 TgtZ=2070.8 Dist=3163.47
[ROOT] team=2 status=2 Z=1952.88 VP=(2345.54,1991.43,2730.31)
[SYNC] dist=3096.87 dV=-27.9341 thr=1
[SelectTarget] team=1 EnemyN=1 TgtZ=2139.8
[DIST] team=1 EnemyN=1 MyZ=1947.25 TgtZ=2139.8 Dist=3037.47
[ROOT] team=1 status=2 Z=1947.25 VP=(1039.99,3031.22,1655.35)
[SelectTarget] team=2 EnemyN=1 TgtZ=1946.71
[DIST] team=2 EnemyN=1 MyZ=2139.8 TgtZ=1946.71 Dist=3039.46
[ROOT] team=2 status=2 Z=2139.8 VP=(2711.18,1684.39,2000)
[SelectTarget] team=1 EnemyN=1 TgtZ=2108.67
[DIST] team=1 EnemyN=1 MyZ=1869.73 TgtZ=2108.67 Dist=2932.94
[ROOT] team=1 status=2 Z=1869.73 VP=(3679.43,-281.333,6653.25)
[SelectTarget] team=2 EnemyN=1 TgtZ=1869.27
[DIST] team=2 EnemyN=1 MyZ=2108.67 TgtZ=1869.27 Dist=2935.79
[ROOT] team=2 status=2 Z=2108.67 VP=(2671.8,1200.93,2000)
[SelectTarget] team=1 EnemyN=1 TgtZ=1962.05
[DIST] team=1 EnemyN=1 MyZ=1831.29 TgtZ=1962.05 Dist=2816.85
[ROOT] team=1 status=2 Z=1831.29 VP=(3201.25,2297.82,1500)
[SelectTarget] team=2 EnemyN=1 TgtZ=1831.31
[DIST] team=2 EnemyN=1 MyZ=1962.05 TgtZ=1831.31 Dist=2820.09
[ROOT] team=2 status=2 Z=1962.05 VP=(2536.55,748.355,2000)
[SelectTarget] team=1 EnemyN=1 TgtZ=1887.29
[DIST] team=1 EnemyN=1 MyZ=1819.17 TgtZ=1887.29 Dist=2730.91
[ROOT] team=1 status=2 Z=1819.17 VP=(3653.76,1361.95,1539.46)
[SelectTarget] team=2 EnemyN=1 TgtZ=1819.27
[DIST] team=2 EnemyN=1 MyZ=1887.29 TgtZ=1819.27 Dist=2734.48
[ROOT] team=2 status=2 Z=1887.29 VP=(2377.22,417.907,2030.56)
[SYNC] dist=2698.53 dV=-24.2301 thr=0.992301
[SelectTarget] team=1 EnemyN=1 TgtZ=1880.66
[DIST] team=1 EnemyN=1 MyZ=1814.63 TgtZ=1880.66 Dist=2686.88
[ROOT] team=1 status=2 Z=1814.63 VP=(3554.72,396.419,1500)
[SelectTarget] team=2 EnemyN=1 TgtZ=1814.58
[DIST] team=2 EnemyN=1 MyZ=1880.66 TgtZ=1814.58 Dist=2689.84
[ROOT] team=2 status=2 Z=1880.66 VP=(1688.46,688.753,2000)
[SelectTarget] team=1 EnemyN=1 TgtZ=1844.28
[DIST] team=1 EnemyN=1 MyZ=1801.39 TgtZ=1844.28 Dist=2638.37
[ROOT] team=1 status=2 Z=1801.39 VP=(-254.737,1019.05,6590.14)
[SelectTarget] team=2 EnemyN=1 TgtZ=1801.2
[DIST] team=2 EnemyN=1 MyZ=1844.28 TgtZ=1801.2 Dist=2641.89
[ROOT] team=2 status=2 Z=1844.28 VP=(1391.69,826.789,2000)
[SelectTarget] team=1 EnemyN=1 TgtZ=1917.29
[DIST] team=1 EnemyN=1 MyZ=1909.89 TgtZ=1917.29 Dist=2673.66
[ROOT] team=1 status=2 Z=1909.89 VP=(1562.56,-413.237,1579.42)
[SelectTarget] team=2 EnemyN=1 TgtZ=1910.62
[DIST] team=2 EnemyN=1 MyZ=1917.29 TgtZ=1910.62 Dist=2677.55
[ROOT] team=2 status=2 Z=1917.29 VP=(1495.19,1343.21,2395.42)
[SelectTarget] team=1 EnemyN=1 TgtZ=2062.83
[DIST] team=1 EnemyN=1 MyZ=1934.57 TgtZ=2062.83 Dist=2508.99
[ROOT] team=1 status=2 Z=1934.57 VP=(1074.81,3119.54,6714.33)
[SelectTarget] team=2 EnemyN=1 TgtZ=1933.97
[DIST] team=2 EnemyN=1 MyZ=2062.83 TgtZ=1933.97 Dist=2512.14
[ROOT] team=2 status=2 Z=2062.83 VP=(1668.93,1718.48,2000)
[SelectTarget] team=1 EnemyN=1 TgtZ=2067.75
[DIST] team=1 EnemyN=1 MyZ=1863.64 TgtZ=2067.75 Dist=2325
[ROOT] team=1 status=2 Z=1863.64 VP=(540.916,1215.28,1500)
[SelectTarget] team=2 EnemyN=1 TgtZ=1863.41
[DIST] team=2 EnemyN=1 MyZ=2067.75 TgtZ=1863.41 Dist=2327.65
[ROOT] team=2 status=2 Z=2067.75 VP=(927.974,2366.69,2000)
[SYNC] dist=2317.65 dV=-29.8889 thr=1
[SelectTarget] team=1 EnemyN=1 TgtZ=1953.53
[DIST] team=1 EnemyN=1 MyZ=1821.08 TgtZ=1953.53 Dist=2178.54
[ROOT] team=1 status=2 Z=1821.08 VP=(1130.18,2257.91,1804.83)
[SelectTarget] team=2 EnemyN=1 TgtZ=1821.01
[DIST] team=2 EnemyN=1 MyZ=1953.53 TgtZ=1821.01 Dist=2183.52
[ROOT] team=2 status=2 Z=1953.53 VP=(2780.34,1743.56,2000)
[SelectTarget] team=1 EnemyN=1 TgtZ=1905.37
[DIST] team=1 EnemyN=1 MyZ=1801.37 TgtZ=1905.37 Dist=2032.83
[ROOT] team=1 status=2 Z=1801.37 VP=(1963.77,2841.92,1500)
[SelectTarget] team=2 EnemyN=1 TgtZ=1801.22
[DIST] team=2 EnemyN=1 MyZ=1905.37 TgtZ=1801.22 Dist=2037.14
[ROOT] team=2 status=2 Z=1905.37 VP=(2980.8,1264.42,2000)
runner:local/env:0	num_steps=[11999] | total rewards=[138.3663] | termination= [max time out]
[seed 7] reward=   138.37 ownHP=1.0000 tgtHP=1.0000 max time out
total: 2
[SelectTarget] team=1 EnemyN=1 TgtZ=7045.79
[DIST] team=1 EnemyN=1 MyZ=7624.95 TgtZ=7045.79 Dist=1520.19
[ROOT] team=1 status=2 Z=7624.95 VP=(4536.58,45.1543,7202.77)
[SelectTarget] team=2 EnemyN=1 TgtZ=7623.33
[DIST] team=2 EnemyN=1 MyZ=7045.79 TgtZ=7623.33 Dist=1522.77
[ROOT] team=2 status=2 Z=7045.79 VP=(4410.12,-1628.05,6908.54)
[SelectTarget] team=1 EnemyN=1 TgtZ=7072.03
[DIST] team=1 EnemyN=1 MyZ=7202.83 TgtZ=7072.03 Dist=1197.51
[ROOT] team=1 status=2 Z=7202.83 VP=(3697.25,-202.287,6662.44)
[SelectTarget] team=2 EnemyN=1 TgtZ=7199.79
[DIST] team=2 EnemyN=1 MyZ=7072.03 TgtZ=7199.79 Dist=1199.3
[ROOT] team=2 status=2 Z=7072.03 VP=(4562.87,-1734.84,6138.48)
[SYNC] dist=1107.65 dV=-16.4106 thr=0.914106
[SelectTarget] team=1 EnemyN=1 TgtZ=6829.09
[DIST] team=1 EnemyN=1 MyZ=6598.33 TgtZ=6829.09 Dist=923.009
[ROOT] team=1 status=2 Z=6598.33 VP=(3922.87,-335.508,6886.6)
[SelectTarget] team=2 EnemyN=1 TgtZ=6594.91
[DIST] team=2 EnemyN=1 MyZ=6829.09 TgtZ=6594.91 Dist=922.464
[ROOT] team=2 status=2 Z=6829.09 VP=(4366.23,-2310.63,6918.67)
[CLAMP_DIAG] team=1 rawDist=842.295 offBoresightDeg=80.6972 clamped=1
[SelectTarget] team=1 EnemyN=1 TgtZ=6501.41
[DIST] team=1 EnemyN=1 MyZ=6039.42 TgtZ=6501.41 Dist=768.429
[ROOT] team=1 status=2 Z=6039.42 VP=(3389.56,-975.255,6562.47)
[SelectTarget] team=2 EnemyN=1 TgtZ=6036.86
[DIST] team=2 EnemyN=1 MyZ=6501.41 TgtZ=6036.86 Dist=766.131
[ROOT] team=2 status=2 Z=6501.41 VP=(4185.11,-2550.02,7200.33)
[CLAMP_DIAG] team=1 rawDist=689.609 offBoresightDeg=67.876 clamped=0
[SelectTarget] team=1 EnemyN=1 TgtZ=6307.87
[DIST] team=1 EnemyN=1 MyZ=5758.41 TgtZ=6307.87 Dist=748.002
[ROOT] team=1 status=2 Z=5758.41 VP=(3151.93,-1824.95,6348.66)
[SelectTarget] team=2 EnemyN=1 TgtZ=5757.99
[DIST] team=2 EnemyN=1 MyZ=6307.87 TgtZ=5757.99 Dist=745.621
[ROOT] team=2 status=2 Z=6307.87 VP=(2660.37,-2674.28,7740.47)
[CLAMP_DIAG] team=1 rawDist=664.866 offBoresightDeg=50.9049 clamped=0
[SelectTarget] team=1 EnemyN=1 TgtZ=6424.49
[DIST] team=1 EnemyN=1 MyZ=5877.61 TgtZ=6424.49 Dist=824.599
[ROOT] team=1 status=2 Z=5877.61 VP=(2988.77,-2767.77,6377.53)
[SelectTarget] team=2 EnemyN=1 TgtZ=5879.2
[DIST] team=2 EnemyN=1 MyZ=6424.49 TgtZ=5879.2 Dist=820.656
[ROOT] team=2 status=2 Z=6424.49 VP=(1068.62,-2720.6,6657.89)
[SYNC] dist=853.312 dV=-5.71027 thr=0.807103
[CLAMP_DIAG] team=1 rawDist=757.248 offBoresightDeg=38.2292 clamped=0
[SelectTarget] team=1 EnemyN=1 TgtZ=6549.79
[DIST] team=1 EnemyN=1 MyZ=6244.42 TgtZ=6549.79 Dist=941.009
[ROOT] team=1 status=2 Z=6244.42 VP=(2543.06,-3535.04,6525.36)
[SelectTarget] team=2 EnemyN=1 TgtZ=6246.63
[DIST] team=2 EnemyN=1 MyZ=6549.79 TgtZ=6246.63 Dist=937.26
[ROOT] team=2 status=2 Z=6549.79 VP=(944.008,-2995.97,5084.05)
[CLAMP_DIAG] team=1 rawDist=883.346 offBoresightDeg=30.4482 clamped=0
[SelectTarget] team=1 EnemyN=1 TgtZ=6345.46
[DIST] team=1 EnemyN=1 MyZ=6563.41 TgtZ=6345.46 Dist=1081.54
[ROOT] team=1 status=2 Z=6563.41 VP=(1856.01,-4038.18,6392.87)
[SelectTarget] team=2 EnemyN=1 TgtZ=6564.48
[DIST] team=2 EnemyN=1 MyZ=6345.46 TgtZ=6564.48 Dist=1078
[ROOT] team=2 status=2 Z=6345.46 VP=(1704.8,-3357.23,4707.72)
[SelectTarget] team=1 EnemyN=1 TgtZ=5734.68
[DIST] team=1 EnemyN=1 MyZ=6557.38 TgtZ=5734.68 Dist=1234.41
[ROOT] team=1 status=2 Z=6557.38 VP=(1213.54,-4276.1,5940.17)
[SelectTarget] team=2 EnemyN=1 TgtZ=6556.12
[DIST] team=2 EnemyN=1 MyZ=5734.68 TgtZ=6556.12 Dist=1230.1
[ROOT] team=2 status=2 Z=5734.68 VP=(2338.96,-3649.4,4696.91)
[SelectTarget] team=1 EnemyN=1 TgtZ=4840.77
[DIST] team=1 EnemyN=1 MyZ=6119.89 TgtZ=4840.77 Dist=1365.07
[ROOT] team=1 status=2 Z=6119.89 VP=(882.504,-4285.76,5469.89)
[SelectTarget] team=2 EnemyN=1 TgtZ=6116.38
[DIST] team=2 EnemyN=1 MyZ=4840.77 TgtZ=6116.38 Dist=1360.51
[ROOT] team=2 status=2 Z=4840.77 VP=(2716.02,-3950.69,4606.85)
[SYNC] dist=1393.39 dV=22.4296 thr=0.525704
[CLAMP_DIAG] team=1 rawDist=706.589 offBoresightDeg=9.17547 clamped=0
[SelectTarget] team=1 EnemyN=1 TgtZ=3911.14
[DIST] team=1 EnemyN=1 MyZ=5336.75 TgtZ=3911.14 Dist=1457.94
[ROOT] team=1 status=2 Z=5336.75 VP=(1031.26,-4157.59,4686.75)
[SelectTarget] team=2 EnemyN=1 TgtZ=5331.7
[DIST] team=2 EnemyN=1 MyZ=3911.14 TgtZ=5331.7 Dist=1453.06
[ROOT] team=2 status=2 Z=3911.14 VP=(3012.23,-4263.55,4849.68)
[CLAMP_DIAG] team=1 rawDist=780.135 offBoresightDeg=29.0833 clamped=0
[SelectTarget] team=1 EnemyN=1 TgtZ=3254.29
[DIST] team=1 EnemyN=1 MyZ=4386.76 TgtZ=3254.29 Dist=1488.28
[ROOT] team=1 status=2 Z=4386.76 VP=(1687.74,-4020.38,3736.76)
[SelectTarget] team=2 EnemyN=1 TgtZ=4381.53
[DIST] team=2 EnemyN=1 MyZ=3254.29 TgtZ=4381.53 Dist=1483.1
[ROOT] team=2 status=2 Z=3254.29 VP=(3116.64,-4293.51,5152.12)
[SelectTarget] team=1 EnemyN=1 TgtZ=3116.35
[DIST] team=1 EnemyN=1 MyZ=3567.18 TgtZ=3116.35 Dist=1443.82
[ROOT] team=1 status=2 Z=3567.18 VP=(2632.09,-3952.61,3122.69)
[SelectTarget] team=2 EnemyN=1 TgtZ=3563.62
[DIST] team=2 EnemyN=1 MyZ=3116.35 TgtZ=3563.62 Dist=1438.29
[ROOT] team=2 status=2 Z=3116.35 VP=(3057.21,-4157.78,5488.43)
[SelectTarget] team=1 EnemyN=1 TgtZ=3517.38
[DIST] team=1 EnemyN=1 MyZ=3187.46 TgtZ=3517.38 Dist=1342.82
[ROOT] team=1 status=2 Z=3187.46 VP=(3531.5,-3956.44,3437.31)
[SelectTarget] team=2 EnemyN=1 TgtZ=3186.96
[DIST] team=2 EnemyN=1 MyZ=3517.38 TgtZ=3186.96 Dist=1337.61
[ROOT] team=2 status=2 Z=3517.38 VP=(2732.12,-4037.47,4956.44)
[SYNC] dist=1299.94 dV=-28.2942 thr=1
[SelectTarget] team=1 EnemyN=1 TgtZ=4270.42
[DIST] team=1 EnemyN=1 MyZ=3373.02 TgtZ=4270.42 Dist=1208.32
[ROOT] team=1 status=2 Z=3373.02 VP=(4077.97,-4012.12,4155.43)
[SelectTarget] team=2 EnemyN=1 TgtZ=3375.47
[DIST] team=2 EnemyN=1 MyZ=4270.42 TgtZ=3375.47 Dist=1203.39
[ROOT] team=2 status=2 Z=4270.42 VP=(2307.97,-4159.78,4702.16)
[SelectTarget] team=1 EnemyN=1 TgtZ=5052.41
[DIST] team=1 EnemyN=1 MyZ=3998.11 TgtZ=5052.41 Dist=1062.41
[ROOT] team=1 status=2 Z=3998.11 VP=(4087.91,-4118.87,4945.48)
[SelectTarget] team=2 EnemyN=1 TgtZ=4002.37
[DIST] team=2 EnemyN=1 MyZ=5052.41 TgtZ=4002.37 Dist=1058.04
[ROOT] team=2 status=2 Z=5052.41 VP=(2167,-4286.25,3970.19)
[CLAMP_DIAG] team=1 rawDist=837.563 offBoresightDeg=14.1073 clamped=0
[SelectTarget] team=1 EnemyN=1 TgtZ=5494.17
[DIST] team=1 EnemyN=1 MyZ=4795.53 TgtZ=5494.17 Dist=936.087
[ROOT] team=1 status=2 Z=4795.53 VP=(3618.38,-4259.88,5455.01)
[SelectTarget] team=2 EnemyN=1 TgtZ=4799.77
[DIST] team=2 EnemyN=1 MyZ=5494.17 TgtZ=4799.77 Dist=932.652
[ROOT] team=2 status=2 Z=5494.17 VP=(2694.12,-4276.01,3267.81)
[CLAMP_DIAG] team=1 rawDist=797.72 offBoresightDeg=14.9459 clamped=0
[SelectTarget] team=1 EnemyN=1 TgtZ=5416.13
[DIST] team=1 EnemyN=1 MyZ=5394.39 TgtZ=5416.13 Dist=901.914
[ROOT] team=1 status=2 Z=5394.39 VP=(2952.25,-4385.97,5466.55)
[SelectTarget] team=2 EnemyN=1 TgtZ=5396.54
[DIST] team=2 EnemyN=1 MyZ=5416.13 TgtZ=5396.54 Dist=898.942
[ROOT] team=2 status=2 Z=5416.13 VP=(3548.84,-4246,3530.41)
[SYNC] dist=907.301 dV=7.15071 thr=0.678493
[CLAMP_DIAG] team=1 rawDist=812.574 offBoresightDeg=13.2635 clamped=0
[SelectTarget] team=1 EnemyN=1 TgtZ=4872.84
[DIST] team=1 EnemyN=1 MyZ=5529.19 TgtZ=4872.84 Dist=951.578
[ROOT] team=1 status=2 Z=5529.19 VP=(2452.52,-4455.45,5053.4)
[SelectTarget] team=2 EnemyN=1 TgtZ=5528.49
[DIST] team=2 EnemyN=1 MyZ=4872.84 TgtZ=5528.49 Dist=948.246
[ROOT] team=2 status=2 Z=4872.84 VP=(4215.97,-4200.99,4449.36)
[CLAMP_DIAG] team=1 rawDist=521.959 offBoresightDeg=10.4377 clamped=0
[SelectTarget] team=1 EnemyN=1 TgtZ=4143.82
[DIST] team=1 EnemyN=1 MyZ=5160.57 TgtZ=4143.82 Dist=1017.94
[ROOT] team=1 status=2 Z=5160.57 VP=(2429,-4448.46,4651.6)
[SelectTarget] team=2 EnemyN=1 TgtZ=5157.28
[DIST] team=2 EnemyN=1 MyZ=4143.82 TgtZ=5157.28 Dist=1014.54
[ROOT] team=2 status=2 Z=4143.82 VP=(4347.13,-4281.33,5235.29)
[CLAMP_DIAG] team=1 rawDist=762.829 offBoresightDeg=25.3567 clamped=0
[SelectTarget] team=1 EnemyN=1 TgtZ=3661.14
[DIST] team=1 EnemyN=1 MyZ=4440.46 TgtZ=3661.14 Dist=1039.42
[ROOT] team=1 status=2 Z=4440.46 VP=(2935.11,-4386.47,3920.75)
[SelectTarget] team=2 EnemyN=1 TgtZ=4436.14
[DIST] team=2 EnemyN=1 MyZ=3661.14 TgtZ=4436.14 Dist=1035.63
[ROOT] team=2 status=2 Z=3661.14 VP=(3892.33,-4327.54,5872.09)
[SelectTarget] team=1 EnemyN=1 TgtZ=3712.48
[DIST] team=1 EnemyN=1 MyZ=3760.58 TgtZ=3712.48 Dist=1001.15
[ROOT] team=1 status=2 Z=3760.58 VP=(3662.58,-4314.94,3667.25)
[SelectTarget] team=2 EnemyN=1 TgtZ=3757.73
[DIST] team=2 EnemyN=1 MyZ=3712.48 TgtZ=3757.73 Dist=997.226
[ROOT] team=2 status=2 Z=3712.48 VP=(3144.89,-4397.05,5654.86)
[CLAMP_DIAG] team=1 rawDist=883.988 offBoresightDeg=23.575 clamped=0
[SYNC] dist=984.218 dV=-47.74 thr=1
[SelectTarget] team=1 EnemyN=1 TgtZ=4201.79
[DIST] team=1 EnemyN=1 MyZ=3501.06 TgtZ=4201.79 Dist=975.236
[ROOT] team=1 status=2 Z=3501.06 VP=(4188.75,-4273.62,4096.1)
[SelectTarget] team=2 EnemyN=1 TgtZ=3501.17
[DIST] team=2 EnemyN=1 MyZ=4201.79 TgtZ=3501.17 Dist=971.929
[ROOT] team=2 status=2 Z=4201.79 VP=(2531.51,-4461.6,4821.13)
[CLAMP_DIAG] team=1 rawDist=865.738 offBoresightDeg=35.0425 clamped=0
[SelectTarget] team=1 EnemyN=1 TgtZ=4803.13
[DIST] team=1 EnemyN=1 MyZ=3790.35 TgtZ=4803.13 Dist=1014.72
[ROOT] team=1 status=2 Z=3790.35 VP=(4316.76,-4275.2,4687.28)
[SelectTarget] team=2 EnemyN=1 TgtZ=3793.3
[DIST] team=2 EnemyN=1 MyZ=4803.13 TgtZ=3793.3 Dist=1011.91
[ROOT] team=2 status=2 Z=4803.13 VP=(2322.15,-4498.94,4149.71)
[CLAMP_DIAG] team=1 rawDist=911.697 offBoresightDeg=38.8633 clamped=0
[SelectTarget] team=1 EnemyN=1 TgtZ=5252.79
[DIST] team=1 EnemyN=1 MyZ=4450.97 TgtZ=5252.79 Dist=1061.94
[ROOT] team=1 status=2 Z=4450.97 VP=(4093.46,-4318.01,5175.19)
[SelectTarget] team=2 EnemyN=1 TgtZ=4454.95
[DIST] team=2 EnemyN=1 MyZ=5252.79 TgtZ=4454.95 Dist=1059.21
[ROOT] team=2 status=2 Z=5252.79 VP=(2590.67,-4437.49,3442.95)
[SelectTarget] team=1 EnemyN=1 TgtZ=5411.2
[DIST] team=1 EnemyN=1 MyZ=5089.04 TgtZ=5411.2 Dist=1065.3
[ROOT] team=1 status=2 Z=5089.04 VP=(3642.52,-4382.49,5406.35)
[SelectTarget] team=2 EnemyN=1 TgtZ=5091.88
[DIST] team=2 EnemyN=1 MyZ=5411.2 TgtZ=5091.88 Dist=1062.27
[ROOT] team=2 status=2 Z=5411.2 VP=(3292.88,-4333.16,3106.44)
[SYNC] dist=1057.1 dV=-26.9052 thr=1
[SelectTarget] team=1 EnemyN=1 TgtZ=5212.84
[DIST] team=1 EnemyN=1 MyZ=5419.4 TgtZ=5212.84 Dist=1038
[ROOT] team=1 status=2 Z=5419.4 VP=(3121.81,-4441.48,5284.16)
[SelectTarget] team=2 EnemyN=1 TgtZ=5420.12
[DIST] team=2 EnemyN=1 MyZ=5212.84 TgtZ=5420.12 Dist=1034.85
[ROOT] team=2 status=2 Z=5212.84 VP=(4103.19,-4250.11,3745.67)
[SelectTarget] team=1 EnemyN=1 TgtZ=4686.94
[DIST] team=1 EnemyN=1 MyZ=5340.45 TgtZ=4686.94 Dist=967.18
[ROOT] team=1 status=2 Z=5340.45 VP=(2764.37,-4469.2,4856.86)
[SelectTarget] team=2 EnemyN=1 TgtZ=5338.92
[DIST] team=2 EnemyN=1 MyZ=4686.94 TgtZ=5338.92 Dist=963.66
[ROOT] team=2 status=2 Z=4686.94 VP=(4635.52,-4214.88,4508.19)
[CLAMP_DIAG] team=1 rawDist=697.601 offBoresightDeg=0.967777 clamped=0
[SelectTarget] team=1 EnemyN=1 TgtZ=4033.1
[DIST] team=1 EnemyN=1 MyZ=4908.64 TgtZ=4033.1 Dist=878.073
[ROOT] team=1 status=2 Z=4908.64 VP=(2806.88,-4440.64,4469.61)
[SelectTarget] team=2 EnemyN=1 TgtZ=4905.3
[DIST] team=2 EnemyN=1 MyZ=4033.1 TgtZ=4905.3 Dist=874.56
[ROOT] team=2 status=2 Z=4033.1 VP=(4690.43,-4376.02,5242)
[CLAMP_DIAG] team=1 rawDist=456.823 offBoresightDeg=23.673 clamped=0
[SelectTarget] team=1 EnemyN=1 TgtZ=3604.12
[DIST] team=1 EnemyN=1 MyZ=4183.55 TgtZ=3604.12 Dist=874.439
[ROOT] team=1 status=2 Z=4183.55 VP=(3311.74,-4390.03,3746.33)
[SelectTarget] team=2 EnemyN=1 TgtZ=4179.25
[DIST] team=2 EnemyN=1 MyZ=3604.12 TgtZ=4179.25 Dist=870.964
[ROOT] team=2 status=2 Z=3604.12 VP=(4223.48,-4388.41,5836.9)
[SYNC] dist=885.337 dV=-23.6128 thr=0.986128
[CLAMP_DIAG] team=1 rawDist=781.487 offBoresightDeg=24.9437 clamped=0
[SelectTarget] team=1 EnemyN=1 TgtZ=3667.26
[DIST] team=1 EnemyN=1 MyZ=3526.81 TgtZ=3667.26 Dist=939.426
[ROOT] team=1 status=2 Z=3526.81 VP=(4016.46,-4346.95,3621.5)
[SelectTarget] team=2 EnemyN=1 TgtZ=3524.21
[DIST] team=2 EnemyN=1 MyZ=3667.26 TgtZ=3524.21 Dist=936.061
[ROOT] team=2 status=2 Z=3667.26 VP=(3487.73,-4421.84,5418.16)
[CLAMP_DIAG] team=1 rawDist=854.028 offBoresightDeg=32.4849 clamped=0
[SelectTarget] team=1 EnemyN=1 TgtZ=4142.68
[DIST] team=1 EnemyN=1 MyZ=3332.58 TgtZ=4142.68 Dist=1012.45
[ROOT] team=1 status=2 Z=3332.58 VP=(4530,-4328.66,4037.61)
[SelectTarget] team=2 EnemyN=1 TgtZ=3333.15
[DIST] team=2 EnemyN=1 MyZ=4142.68 TgtZ=3333.15 Dist=1009.21
[ROOT] team=2 status=2 Z=4142.68 VP=(2878.34,-4436.13,4781.24)
[CLAMP_DIAG] team=1 rawDist=911.615 offBoresightDeg=32.9449 clamped=0
[SelectTarget] team=1 EnemyN=1 TgtZ=4729.03
[DIST] team=1 EnemyN=1 MyZ=3700.11 TgtZ=4729.03 Dist=1030.24
[ROOT] team=1 status=2 Z=3700.11 VP=(4662.42,-4335.82,4612.74)
[SelectTarget] team=2 EnemyN=1 TgtZ=3703.38
[DIST] team=2 EnemyN=1 MyZ=4729.03 TgtZ=3703.38 Dist=1027.02
[ROOT] team=2 status=2 Z=4729.03 VP=(2655.56,-4437.5,4114.63)
[CLAMP_DIAG] team=1 rawDist=857.942 offBoresightDeg=14.794 clamped=0
[SelectTarget] team=1 EnemyN=1 TgtZ=5174.22
[DIST] team=1 EnemyN=1 MyZ=4365.82 TgtZ=5174.22 Dist=962.159
[ROOT] team=1 status=2 Z=4365.82 VP=(4452.61,-4363.87,5094.63)
[SelectTarget] team=2 EnemyN=1 TgtZ=4369.54
[DIST] team=2 EnemyN=1 MyZ=5174.22 TgtZ=4369.54 Dist=959.039
[ROOT] team=2 status=2 Z=5174.22 VP=(2915.28,-4378.45,3396.99)
[SYNC] dist=926.562 dV=-45.4765 thr=1
[CLAMP_DIAG] team=1 rawDist=751.079 offBoresightDeg=2.76889 clamped=0
[SelectTarget] team=1 EnemyN=1 TgtZ=5339.27
[DIST] team=1 EnemyN=1 MyZ=4930.21 TgtZ=5339.27 Dist=844.577
[ROOT] team=1 status=2 Z=4930.21 VP=(4013.05,-4398.04,5331.55)
[SelectTarget] team=2 EnemyN=1 TgtZ=4932.61
[DIST] team=2 EnemyN=1 MyZ=5339.27 TgtZ=4932.61 Dist=841.572
[ROOT] team=2 status=2 Z=5339.27 VP=(3619.53,-4340.47,2959.41)
[CLAMP_DIAG] team=1 rawDist=641.643 offBoresightDeg=3.01454 clamped=0
[SelectTarget] team=1 EnemyN=1 TgtZ=5155.19
[DIST] team=1 EnemyN=1 MyZ=5218.89 TgtZ=5155.19 Dist=731.097
[ROOT] team=1 status=2 Z=5218.89 VP=(3496.82,-4424.01,5224.24)
[SelectTarget] team=2 EnemyN=1 TgtZ=5219.64
[DIST] team=2 EnemyN=1 MyZ=5155.19 TgtZ=5219.64 Dist=728.218
[ROOT] team=2 status=2 Z=5155.19 VP=(4447.81,-4331.21,3518.24)
[CLAMP_DIAG] team=1 rawDist=558.933 offBoresightDeg=3.42886 clamped=0
[SelectTarget] team=1 EnemyN=1 TgtZ=4643.78
[DIST] team=1 EnemyN=1 MyZ=5161.31 TgtZ=4643.78 Dist=678.442
[ROOT] team=1 status=2 Z=5161.31 VP=(3132.97,-4435.07,4822.09)
[SelectTarget] team=2 EnemyN=1 TgtZ=5159.82
[DIST] team=2 EnemyN=1 MyZ=4643.78 TgtZ=5159.82 Dist=675.394
[ROOT] team=2 status=2 Z=4643.78 VP=(4998.33,-4320.67,4413.45)
[CLAMP_DIAG] team=1 rawDist=357.008 offBoresightDeg=19.8117 clamped=0
[SelectTarget] team=1 EnemyN=1 TgtZ=3995.19
[DIST] team=1 EnemyN=1 MyZ=4703.54 TgtZ=3995.19 Dist=720.741
[ROOT] team=1 status=2 Z=4703.54 VP=(3161.6,-4419.92,4343.17)
[SelectTarget] team=2 EnemyN=1 TgtZ=4700
[DIST] team=2 EnemyN=1 MyZ=3995.19 TgtZ=4700 Dist=717.572
[ROOT] team=2 status=2 Z=3995.19 VP=(5062.23,-4404.44,5160.42)
[SYNC] dist=746.476 dV=-3.4982 thr=0.784982
[CLAMP_DIAG] team=1 rawDist=686.39 offBoresightDeg=24.6254 clamped=0
[SelectTarget] team=1 EnemyN=1 TgtZ=3557.06
[DIST] team=1 EnemyN=1 MyZ=3985.22 TgtZ=3557.06 Dist=823.903
[ROOT] team=1 status=2 Z=3985.22 VP=(3649.35,-4401.09,3599.76)
[SelectTarget] team=2 EnemyN=1 TgtZ=3981.22
[DIST] team=2 EnemyN=1 MyZ=3557.06 TgtZ=3981.22 Dist=820.383
[ROOT] team=2 status=2 Z=3557.06 VP=(4612.66,-4410.46,5765.94)
[CLAMP_DIAG] team=1 rawDist=776.459 offBoresightDeg=20.4286 clamped=0
[SelectTarget] team=1 EnemyN=1 TgtZ=3599.87
[DIST] team=1 EnemyN=1 MyZ=3433.78 TgtZ=3599.87 Dist=896.423
[ROOT] team=1 status=2 Z=3433.78 VP=(4348.54,-4385.13,3557.74)
[SelectTarget] team=2 EnemyN=1 TgtZ=3432.05
[DIST] team=2 EnemyN=1 MyZ=3599.87 TgtZ=3432.05 Dist=893.007
[ROOT] team=2 status=2 Z=3599.87 VP=(3880.68,-4407.87,5346.46)
[CLAMP_DIAG] team=1 rawDist=775.662 offBoresightDeg=10.8803 clamped=0
[SelectTarget] team=1 EnemyN=1 TgtZ=4061.31
[DIST] team=1 EnemyN=1 MyZ=3418.86 TgtZ=4061.31 Dist=884.892
[ROOT] team=1 status=2 Z=3418.86 VP=(4872.38,-4378.37,3957.89)
[SelectTarget] team=2 EnemyN=1 TgtZ=3420.35
[DIST] team=2 EnemyN=1 MyZ=4061.31 TgtZ=3420.35 Dist=881.197
[ROOT] team=2 status=2 Z=4061.31 VP=(3252.93,-4389.29,4751.51)
[CLAMP_DIAG] team=1 rawDist=699.994 offBoresightDeg=2.83067 clamped=0
[SelectTarget] team=1 EnemyN=1 TgtZ=4646.75
[DIST] team=1 EnemyN=1 MyZ=3866.41 TgtZ=4646.75 Dist=798.918
[ROOT] team=1 status=2 Z=3866.41 VP=(5018.82,-4376.92,4529.95)
[SelectTarget] team=2 EnemyN=1 TgtZ=3869.54
[DIST] team=2 EnemyN=1 MyZ=4646.75 TgtZ=3869.54 Dist=795.502
[ROOT] team=2 status=2 Z=4646.75 VP=(3007.67,-4360.41,4080.4)
[SYNC] dist=763.359 dV=-26.185 thr=1
[CLAMP_DIAG] team=1 rawDist=600.625 offBoresightDeg=3.58007 clamped=0
[SelectTarget] team=1 EnemyN=1 TgtZ=5098.65
[DIST] team=1 EnemyN=1 MyZ=4449.25 TgtZ=5098.65 Dist=696.75
[ROOT] team=1 status=2 Z=4449.25 VP=(4816.89,-4373.41,5017.11)
[SelectTarget] team=2 EnemyN=1 TgtZ=4452.43
[DIST] team=2 EnemyN=1 MyZ=5098.65 TgtZ=4452.43 Dist=693.79
[ROOT] team=2 status=2 Z=5098.65 VP=(3252.32,-4356.09,3352.41)
[CLAMP_DIAG] team=1 rawDist=539.436 offBoresightDeg=5.16461 clamped=0
[SelectTarget] team=1 EnemyN=1 TgtZ=5271.84
[DIST] team=1 EnemyN=1 MyZ=4953.87 TgtZ=5271.84 Dist=641.696
[ROOT] team=1 status=2 Z=4953.87 VP=(4384.76,-4369.49,5261.75)
[SelectTarget] team=2 EnemyN=1 TgtZ=4956.15
[DIST] team=2 EnemyN=1 MyZ=5271.84 TgtZ=4956.15 Dist=639.096
[ROOT] team=2 status=2 Z=5271.84 VP=(3955.56,-4371.53,2980.55)
[CLAMP_DIAG] team=1 rawDist=543.405 offBoresightDeg=8.77229 clamped=0
[SelectTarget] team=1 EnemyN=1 TgtZ=5105.4
[DIST] team=1 EnemyN=1 MyZ=5233.82 TgtZ=5105.4 Dist=654.245
[ROOT] team=1 status=2 Z=5233.82 VP=(3882.96,-4366.42,5172.05)
[SelectTarget] team=2 EnemyN=1 TgtZ=5234.56
[DIST] team=2 EnemyN=1 MyZ=5105.4 TgtZ=5234.56 Dist=651.902
[ROOT] team=2 status=2 Z=5105.4 VP=(4793.25,-4379.3,3507.16)
[CLAMP_DIAG] team=1 rawDist=562.346 offBoresightDeg=6.58864 clamped=0
[SelectTarget] team=1 EnemyN=1 TgtZ=4630.86
[DIST] team=1 EnemyN=1 MyZ=5196.77 TgtZ=4630.86 Dist=719.311
[ROOT] team=1 status=2 Z=5196.77 VP=(3522.01,-4364.41,4837.12)
[SelectTarget] team=2 EnemyN=1 TgtZ=5195.58
[DIST] team=2 EnemyN=1 MyZ=4630.86 TgtZ=5195.58 Dist=716.805
[ROOT] team=2 status=2 Z=4630.86 VP=(5355.11,-4382.34,4315.2)
[SYNC] dist=740.227 dV=21.9151 thr=0.530849
[CLAMP_DIAG] team=1 rawDist=399.924 offBoresightDeg=11.1234 clamped=0
[SelectTarget] team=1 EnemyN=1 TgtZ=4014.32
[DIST] team=1 EnemyN=1 MyZ=4812.64 TgtZ=4014.32 Dist=799.212
[ROOT] team=1 status=2 Z=4812.64 VP=(3512.28,-4365.45,4413.03)
[SelectTarget] team=2 EnemyN=1 TgtZ=4809.61
[DIST] team=2 EnemyN=1 MyZ=4014.32 TgtZ=4809.61 Dist=796.244
[ROOT] team=2 status=2 Z=4014.32 VP=(5455.34,-4370.35,5045.04)
[CLAMP_DIAG] team=1 rawDist=618.096 offBoresightDeg=23.922 clamped=0
[SelectTarget] team=1 EnemyN=1 TgtZ=3553.92
[DIST] team=1 EnemyN=1 MyZ=4167.78 TgtZ=3553.92 Dist=856.075
[ROOT] team=1 status=2 Z=4167.78 VP=(3930.6,-4367.92,3739.74)
[SelectTarget] team=2 EnemyN=1 TgtZ=4163.96
[DIST] team=2 EnemyN=1 MyZ=3553.92 TgtZ=4163.96 Dist=852.748
[ROOT] team=2 status=2 Z=3553.92 VP=(5075.52,-4365.67,5662.34)
[CLAMP_DIAG] team=1 rawDist=748.427 offBoresightDeg=12.2604 clamped=0
[SelectTarget] team=1 EnemyN=1 TgtZ=3514.67
[DIST] team=1 EnemyN=1 MyZ=3584.98 TgtZ=3514.67 Dist=857.524
[ROOT] team=1 status=2 Z=3584.98 VP=(4593.42,-4370.82,3487.56)
[SelectTarget] team=2 EnemyN=1 TgtZ=3582.74
[DIST] team=2 EnemyN=1 MyZ=3514.67 TgtZ=3582.74 Dist=853.971
[ROOT] team=2 status=2 Z=3514.67 VP=(4388.55,-4366.2,5556.98)
[CLAMP_DIAG] team=1 rawDist=698.128 offBoresightDeg=7.17657 clamped=0
[SelectTarget] team=1 EnemyN=1 TgtZ=3897.87
[DIST] team=1 EnemyN=1 MyZ=3449.94 TgtZ=3897.87 Dist=801.593
[ROOT] team=1 status=2 Z=3449.94 VP=(5155.35,-4372.45,3804.11)
[SelectTarget] team=2 EnemyN=1 TgtZ=3450.71
[DIST] team=2 EnemyN=1 MyZ=3897.87 TgtZ=3450.71 Dist=798.006
[ROOT] team=2 status=2 Z=3897.87 VP=(3731.11,-4363.33,4824.98)
[SYNC] dist=772.015 dV=-31.1751 thr=1
[CLAMP_DIAG] team=1 rawDist=608.614 offBoresightDeg=3.71078 clamped=0
[SelectTarget] team=1 EnemyN=1 TgtZ=4460.33
[DIST] team=1 EnemyN=1 MyZ=3795.06 TgtZ=4460.33 Dist=708.89
[ROOT] team=1 status=2 Z=3795.06 VP=(5383.91,-4371.56,4342.12)
[SelectTarget] team=2 EnemyN=1 TgtZ=3797.82
[DIST] team=2 EnemyN=1 MyZ=4460.33 TgtZ=3797.82 Dist=705.572
[ROOT] team=2 status=2 Z=4460.33 VP=(3390.61,-4360.04,4214.28)
[CLAMP_DIAG] team=1 rawDist=524.433 offBoresightDeg=4.35556 clamped=0
[SelectTarget] team=1 EnemyN=1 TgtZ=4945
[DIST] team=1 EnemyN=1 MyZ=4343.51 TgtZ=4945 Dist=627.774
[ROOT] team=1 status=2 Z=4343.51 VP=(5266.45,-4369.29,4850.05)
[SelectTarget] team=2 EnemyN=1 TgtZ=4346.62
[DIST] team=2 EnemyN=1 MyZ=4945 TgtZ=4346.62 Dist=624.912
[ROOT] team=2 status=2 Z=4945 VP=(3509.24,-4361.99,3470.46)
[CLAMP_DIAG] team=1 rawDist=485.873 offBoresightDeg=6.08047 clamped=0
[SelectTarget] team=1 EnemyN=1 TgtZ=5190.83
[DIST] team=1 EnemyN=1 MyZ=4850 TgtZ=5190.83 Dist=594.901
[ROOT] team=1 status=2 Z=4850 VP=(4896.46,-4365.41,5159.53)
[SelectTarget] team=2 EnemyN=1 TgtZ=4852.37
[DIST] team=2 EnemyN=1 MyZ=5190.83 TgtZ=4852.37 Dist=592.505
[ROOT] team=2 status=2 Z=5190.83 VP=(4117.78,-4361.28,2966.06)
[CLAMP_DIAG] team=1 rawDist=500.199 offBoresightDeg=8.02327 clamped=0
[SelectTarget] team=1 EnemyN=1 TgtZ=5118.8
[DIST] team=1 EnemyN=1 MyZ=5159.62 TgtZ=5118.8 Dist=614.13
[ROOT] team=1 status=2 Z=5159.62 VP=(4411.19,-4361.2,5166.25)
[SelectTarget] team=2 EnemyN=1 TgtZ=5160.6
[DIST] team=2 EnemyN=1 MyZ=5118.8 TgtZ=5160.6 Dist=611.664
[ROOT] team=2 status=2 Z=5118.8 VP=(4974.19,-4366.8,3276.62)
[SYNC] dist=625.712 dV=16.1534 thr=0.588466
[CLAMP_DIAG] team=1 rawDist=552.864 offBoresightDeg=8.0783 clamped=0
[SelectTarget] team=1 EnemyN=1 TgtZ=4728.14
[DIST] team=1 EnemyN=1 MyZ=5177.14 TgtZ=4728.14 Dist=668.761
[ROOT] team=1 status=2 Z=5177.14 VP=(3999.62,-4359.38,4842.76)
[SelectTarget] team=2 EnemyN=1 TgtZ=5176.29
[DIST] team=2 EnemyN=1 MyZ=4728.14 TgtZ=5176.29 Dist=666.001
[ROOT] team=2 status=2 Z=4728.14 VP=(5646.16,-4373.39,4076.93)
[CLAMP_DIAG] team=1 rawDist=399.972 offBoresightDeg=5.03694 clamped=0
[SelectTarget] team=1 EnemyN=1 TgtZ=4135.17
[DIST] team=1 EnemyN=1 MyZ=4860.33 TgtZ=4135.17 Dist=732.291
[ROOT] team=1 status=2 Z=4860.33 VP=(3877.48,-4358.93,4494.19)
[SelectTarget] team=2 EnemyN=1 TgtZ=4857.69
[DIST] team=2 EnemyN=1 MyZ=4135.17 TgtZ=4857.69 Dist=729.375
[ROOT] team=2 status=2 Z=4135.17 VP=(5885.01,-4364.6,4782.36)
[CLAMP_DIAG] team=1 rawDist=499.834 offBoresightDeg=25.2455 clamped=0
[SelectTarget] team=1 EnemyN=1 TgtZ=3601.99
[DIST] team=1 EnemyN=1 MyZ=4255.06 TgtZ=3601.99 Dist=791.394
[ROOT] team=1 status=2 Z=4255.06 VP=(4179.55,-4360.08,3859.37)
[SelectTarget] team=2 EnemyN=1 TgtZ=4251.24
[DIST] team=2 EnemyN=1 MyZ=3601.99 TgtZ=4251.24 Dist=787.999
[ROOT] team=2 status=2 Z=3601.99 VP=(5632.61,-4363.9,5467.51)
[CLAMP_DIAG] team=1 rawDist=698.666 offBoresightDeg=13.2828 clamped=0
[SelectTarget] team=1 EnemyN=1 TgtZ=3432.13
[DIST] team=1 EnemyN=1 MyZ=3620.92 TgtZ=3432.13 Dist=811.78
[ROOT] team=1 status=2 Z=3620.92 VP=(4806,-4362.67,3428.07)
[SelectTarget] team=2 EnemyN=1 TgtZ=3618.15
[DIST] team=2 EnemyN=1 MyZ=3432.13 TgtZ=3618.15 Dist=808.258
[ROOT] team=2 status=2 Z=3432.13 VP=(4997.08,-4363.64,5616.82)
[SYNC] dist=803.601 dV=-23.8186 thr=0.988186
[CLAMP_DIAG] team=1 rawDist=670.539 offBoresightDeg=8.88901 clamped=0
[SelectTarget] team=1 EnemyN=1 TgtZ=3718.58
[DIST] team=1 EnemyN=1 MyZ=3373.61 TgtZ=3718.58 Dist=777.62
[ROOT] team=1 status=2 Z=3373.61 VP=(5427.89,-4365.46,3639.49)
[SelectTarget] team=2 EnemyN=1 TgtZ=3373.78
[DIST] team=2 EnemyN=1 MyZ=3718.58 TgtZ=3373.78 Dist=774.134
[ROOT] team=2 status=2 Z=3718.58 VP=(4286.09,-4359.3,4951.1)
[CLAMP_DIAG] team=1 rawDist=597.022 offBoresightDeg=3.67656 clamped=0
[SelectTarget] team=1 EnemyN=1 TgtZ=4264.37
[DIST] team=1 EnemyN=1 MyZ=3643.32 TgtZ=4264.37 Dist=700.06
[ROOT] team=1 status=2 Z=3643.32 VP=(5754.85,-4365.82,4147.96)
[SelectTarget] team=2 EnemyN=1 TgtZ=3645.87
[DIST] team=2 EnemyN=1 MyZ=4264.37 TgtZ=3645.87 Dist=696.628
[ROOT] team=2 status=2 Z=4264.37 VP=(3835.35,-4354.11,4350.29)
[CLAMP_DIAG] team=1 rawDist=513.644 offBoresightDeg=3.98156 clamped=0
[SelectTarget] team=1 EnemyN=1 TgtZ=4791.53
[DIST] team=1 EnemyN=1 MyZ=4181.23 TgtZ=4791.53 Dist=617.537
[ROOT] team=1 status=2 Z=4181.23 VP=(5718.09,-4364.76,4686.33)
[SelectTarget] team=2 EnemyN=1 TgtZ=4184.42
[DIST] team=2 EnemyN=1 MyZ=4791.53 TgtZ=4184.42 Dist=614.516
[ROOT] team=2 status=2 Z=4791.53 VP=(3824.27,-4356.93,3607.49)
[CLAMP_DIAG] team=1 rawDist=466.28 offBoresightDeg=5.21053 clamped=0
[SelectTarget] team=1 EnemyN=1 TgtZ=5108.41
[DIST] team=1 EnemyN=1 MyZ=4717.72 TgtZ=5108.41 Dist=575.428
[ROOT] team=1 status=2 Z=4717.72 VP=(5395.15,-4363.66,5058.89)
[SelectTarget] team=2 EnemyN=1 TgtZ=4720.32
[DIST] team=2 EnemyN=1 MyZ=5108.41 TgtZ=4720.32 Dist=572.729
[ROOT] team=2 status=2 Z=5108.41 VP=(4323.29,-4371.15,2968.28)
[SYNC] dist=570.238 dV=-2.10921 thr=0.771092
[CLAMP_DIAG] team=1 rawDist=469.566 offBoresightDeg=7.03003 clamped=0
[SelectTarget] team=1 EnemyN=1 TgtZ=5114.29
[DIST] team=1 EnemyN=1 MyZ=5075.35 TgtZ=5114.29 Dist=583.186
[ROOT] team=1 status=2 Z=5075.35 VP=(4917.24,-4362.16,5143.8)
[SelectTarget] team=2 EnemyN=1 TgtZ=5076.61
[DIST] team=2 EnemyN=1 MyZ=5114.29 TgtZ=5076.61 Dist=580.993
[ROOT] team=2 status=2 Z=5114.29 VP=(5163.79,-4367.05,3109.47)
[CLAMP_DIAG] team=1 rawDist=512.371 offBoresightDeg=7.17895 clamped=0
[SelectTarget] team=1 EnemyN=1 TgtZ=4786.87
[DIST] team=1 EnemyN=1 MyZ=5146.51 TgtZ=4786.87 Dist=628.544
[ROOT] team=1 status=2 Z=5146.51 VP=(4465.17,-4360.62,4882.08)
[SelectTarget] team=2 EnemyN=1 TgtZ=5145.96
[DIST] team=2 EnemyN=1 MyZ=4786.87 TgtZ=5145.96 Dist=625.804
[ROOT] team=2 status=2 Z=4786.87 VP=(5918.19,-4369.05,3849.74)
[CLAMP_DIAG] team=1 rawDist=406.93 offBoresightDeg=3.66968 clamped=0
[SelectTarget] team=1 EnemyN=1 TgtZ=4214.04
[DIST] team=1 EnemyN=1 MyZ=4875.93 TgtZ=4214.04 Dist=685.97
[ROOT] team=1 status=2 Z=4875.93 VP=(4262.88,-4360.22,4532.94)
[SelectTarget] team=2 EnemyN=1 TgtZ=4873.52
[DIST] team=2 EnemyN=1 MyZ=4214.04 TgtZ=4873.52 Dist=682.981
[ROOT] team=2 status=2 Z=4214.04 VP=(6268.21,-4361.1,4570.5)
[CLAMP_DIAG] team=1 rawDist=433.885 offBoresightDeg=24.6021 clamped=0
[SelectTarget] team=1 EnemyN=1 TgtZ=3637.22
[DIST] team=1 EnemyN=1 MyZ=4297.36 TgtZ=3637.22 Dist=748.047
[ROOT] team=1 status=2 Z=4297.36 VP=(4481.19,-4360.38,3923.34)
[SelectTarget] team=2 EnemyN=1 TgtZ=4293.55
[DIST] team=2 EnemyN=1 MyZ=3637.22 TgtZ=4293.55 Dist=744.884
[ROOT] team=2 status=2 Z=3637.22 VP=(6112.58,-4362.9,5300.62)
[SYNC] dist=759.279 dV=-5.55595 thr=0.80556
[CLAMP_DIAG] team=1 rawDist=664.925 offBoresightDeg=13.8242 clamped=0
[SelectTarget] team=1 EnemyN=1 TgtZ=3382.5
[DIST] team=1 EnemyN=1 MyZ=3635.76 TgtZ=3382.5 Dist=780.57
[ROOT] team=1 status=2 Z=3635.76 VP=(5074.55,-4361.61,3393.51)
[SelectTarget] team=2 EnemyN=1 TgtZ=3632.68
[DIST] team=2 EnemyN=1 MyZ=3382.5 TgtZ=3632.68 Dist=776.774
[ROOT] team=2 status=2 Z=3382.5 VP=(5519.01,-4364.45,5605.8)
runner:local/env:0	num_steps=[11999] | total rewards=[911.1975] | termination= [max time out]
[seed 8] reward=   911.20 ownHP=1.0000 tgtHP=1.0000 max time out
total: 2
[SelectTarget] team=1 EnemyN=1 TgtZ=6961.97
[DIST] team=1 EnemyN=1 MyZ=8516.94 TgtZ=6961.97 Dist=2001.69
[ROOT] team=1 status=2 Z=8516.94 VP=(4161.41,17.916,7866.94)
[SelectTarget] team=2 EnemyN=1 TgtZ=8515.54
[DIST] team=2 EnemyN=1 MyZ=6961.97 TgtZ=8515.54 Dist=1998.51
[ROOT] team=2 status=2 Z=6961.97 VP=(4192.22,685.111,9009.51)
[SelectTarget] team=1 EnemyN=1 TgtZ=6981.42
[DIST] team=1 EnemyN=1 MyZ=8143.72 TgtZ=6981.42 Dist=1565.54
[ROOT] team=1 status=2 Z=8143.72 VP=(4416.98,77.752,7493.72)
[SelectTarget] team=2 EnemyN=1 TgtZ=8140.97
[DIST] team=2 EnemyN=1 MyZ=6981.42 TgtZ=8140.97 Dist=1564.04
[ROOT] team=2 status=2 Z=6981.42 VP=(4094.89,940,9192.5)
[SelectTarget] team=1 EnemyN=1 TgtZ=7267.14
[DIST] team=1 EnemyN=1 MyZ=7527.07 TgtZ=7267.14 Dist=2164.7
[ROOT] team=1 status=2 Z=7527.07 VP=(2751.82,722.113,7792.07)
[SelectTarget] team=2 EnemyN=1 TgtZ=7523
[DIST] team=2 EnemyN=1 MyZ=7267.14 TgtZ=7523 Dist=2165.54
[ROOT] team=2 status=2 Z=7267.14 VP=(3825.95,553.508,9459.82)
[SYNC] dist=2450.23 dV=-39.7148 thr=1
[SelectTarget] team=1 EnemyN=1 TgtZ=7809.8
[DIST] team=1 EnemyN=1 MyZ=6726.46 TgtZ=7809.8 Dist=3147.22
[ROOT] team=1 status=2 Z=6726.46 VP=(2534.58,1145.36,8474.22)
[SelectTarget] team=2 EnemyN=1 TgtZ=6721.78
[DIST] team=2 EnemyN=1 MyZ=7809.8 TgtZ=6721.78 Dist=3148.49
[ROOT] team=2 status=2 Z=7809.8 VP=(3957.86,461.772,9016.24)
[PURE_ATA] team=2 ata=128.392 dist=4020.65 leadDist=1735.93 aa=76.2654
[SelectTarget] team=1 EnemyN=1 TgtZ=8500.58
[DIST] team=1 EnemyN=1 MyZ=5916.03 TgtZ=8500.58 Dist=4045.33
[ROOT] team=1 status=2 Z=5916.03 VP=(2899.77,1472.02,9147.05)
[SelectTarget] team=2 EnemyN=1 TgtZ=5911.93
[DIST] team=2 EnemyN=1 MyZ=8500.58 TgtZ=5911.93 Dist=4046.69
[PURE_ATA] team=2 ata=127.858 dist=4046.69 leadDist=1779.31 aa=78.4707
[ROOT] team=2 status=2 Z=8500.58 VP=(4943.59,-1051.64,7691.24)
[PURE_ATA] team=2 ata=127.307 dist=4071.6 leadDist=1822.66 aa=80.8051
[PURE_ATA] team=2 ata=126.725 dist=4097.05 leadDist=1865.61 aa=83.0994
[PURE_ATA] team=2 ata=126.124 dist=4121.5 leadDist=1908.46 aa=85.42
[PURE_ATA] team=2 ata=125.5 dist=4146.07 leadDist=1950.96 aa=87.796
[PURE_ATA] team=2 ata=124.893 dist=4169.87 leadDist=1993.27 aa=90.2335
[PURE_ATA] team=2 ata=124.313 dist=4193.53 leadDist=2035.25 aa=92.7095
[PURE_ATA] team=2 ata=123.764 dist=4216.62 leadDist=2076.96 aa=95.2623
[PURE_ATA] team=2 ata=123.243 dist=4239.55 leadDist=2118.31 aa=97.8417
[PURE_ATA] team=2 ata=122.75 dist=4262.09 leadDist=2159.32 aa=100.408
[PURE_ATA] team=2 ata=122.279 dist=4284.04 leadDist=2200.01 aa=103.02
[PURE_ATA] team=2 ata=121.831 dist=4305.17 leadDist=2240.42 aa=105.619
[PURE_ATA] team=2 ata=121.388 dist=4326.96 leadDist=2280.23 aa=108.26
[PURE_ATA] team=2 ata=120.967 dist=4347.27 leadDist=2319.86 aa=110.829
[PURE_ATA] team=2 ata=120.552 dist=4367.58 leadDist=2359 aa=113.399
[PURE_ATA] team=2 ata=120.148 dist=4387.47 leadDist=2397.71 aa=115.906
[PURE_ATA] team=2 ata=119.756 dist=4406.27 leadDist=2436.11 aa=118.343
[PURE_ATA] team=2 ata=119.356 dist=4426.11 leadDist=2473.77 aa=120.819
[PURE_ATA] team=2 ata=118.973 dist=4444.44 leadDist=2511.17 aa=123.15
[PURE_ATA] team=2 ata=118.595 dist=4462.27 leadDist=2548.12 aa=125.415
[PURE_ATA] team=2 ata=118.222 dist=4479.67 leadDist=2584.57 aa=127.584
[PURE_ATA] team=2 ata=117.846 dist=4497.17 leadDist=2620.41 aa=129.735
[PURE_ATA] team=2 ata=117.477 dist=4513.79 leadDist=2655.83 aa=131.751
[PURE_ATA] team=2 ata=117.105 dist=4530.3 leadDist=2690.65 aa=133.707
[PURE_ATA] team=2 ata=116.735 dist=4546.24 leadDist=2724.96 aa=135.554
[PURE_ATA] team=2 ata=116.366 dist=4561.75 leadDist=2758.73 aa=137.303
[PURE_ATA] team=2 ata=116 dist=4576.66 leadDist=2791.96 aa=138.942
[PURE_ATA] team=2 ata=115.633 dist=4591.29 leadDist=2824.6 aa=140.507
[PURE_ATA] team=2 ata=115.26 dist=4605.92 leadDist=2856.57 aa=142.027
[PURE_ATA] team=2 ata=114.901 dist=4619.17 leadDist=2888.15 aa=143.364
[SelectTarget] team=1 EnemyN=1 TgtZ=9174.69
[DIST] team=1 EnemyN=1 MyZ=5331.33 TgtZ=9174.69 Dist=4632.7
[ROOT] team=1 status=2 Z=5331.33 VP=(3290.33,1189.03,9606.55)
[SelectTarget] team=2 EnemyN=1 TgtZ=5329.16
[DIST] team=2 EnemyN=1 MyZ=9174.69 TgtZ=5329.16 Dist=4632.73
[PURE_ATA] team=2 ata=114.534 dist=4632.73 leadDist=2918.98 aa=144.697
[ROOT] team=2 status=2 Z=9174.69 VP=(4058.93,-1157.64,8248.14)
[PURE_ATA] team=2 ata=114.168 dist=4645.79 leadDist=2949.23 aa=145.941
[PURE_ATA] team=2 ata=113.812 dist=4657.93 leadDist=2978.95 aa=147.071
[PURE_ATA] team=2 ata=113.457 dist=4669.9 leadDist=3008.01 aa=148.167
[PURE_ATA] team=2 ata=113.099 dist=4681.67 leadDist=3036.4 aa=149.224
[PURE_ATA] team=2 ata=112.747 dist=4692.78 leadDist=3064.19 aa=150.195
[PURE_ATA] team=2 ata=112.403 dist=4703.09 leadDist=3091.43 aa=151.085
[PURE_ATA] team=2 ata=112.049 dist=4713.79 leadDist=3117.85 aa=152.005
[PURE_ATA] team=2 ata=111.698 dist=4723.89 leadDist=3143.65 aa=152.853
[PURE_ATA] team=2 ata=111.358 dist=4733.09 leadDist=3168.89 aa=153.619
[PURE_ATA] team=2 ata=111.006 dist=4742.74 leadDist=3193.29 aa=154.424
[PURE_ATA] team=2 ata=110.673 dist=4751.01 leadDist=3217.22 aa=155.105
[PURE_ATA] team=2 ata=110.334 dist=4759.15 leadDist=3240.42 aa=155.776
[PURE_ATA] team=2 ata=109.994 dist=4767.13 leadDist=3262.88 aa=156.438
[PURE_ATA] team=2 ata=109.662 dist=4774.31 leadDist=3284.75 aa=157.044
[PURE_ATA] team=2 ata=109.325 dist=4781.4 leadDist=3305.87 aa=157.645
[PURE_ATA] team=2 ata=108.99 dist=4788.17 leadDist=3326.28 aa=158.234
[PURE_ATA] team=2 ata=108.669 dist=4793.74 leadDist=3346.16 aa=158.731
[PURE_ATA] team=2 ata=108.324 dist=4800.21 leadDist=3365.09 aa=159.317
[PURE_ATA] team=2 ata=107.995 dist=4805.82 leadDist=3383.42 aa=159.848
[PURE_ATA] team=2 ata=107.676 dist=4810.28 leadDist=3401.21 aa=160.283
[PURE_ATA] team=2 ata=107.348 dist=4815.02 leadDist=3418.16 aa=160.759
[PURE_ATA] team=2 ata=107.039 dist=4818.5 leadDist=3434.59 aa=161.151
[PURE_ATA] team=2 ata=106.706 dist=4822.82 leadDist=3450.08 aa=161.627
[PURE_ATA] team=2 ata=106.389 dist=4825.94 leadDist=3465.03 aa=162.021
[PURE_ATA] team=2 ata=106.074 dist=4828.8 leadDist=3479.26 aa=162.413
[PURE_ATA] team=2 ata=105.756 dist=4831.44 leadDist=3492.76 aa=162.807
[PURE_ATA] team=2 ata=105.434 dist=4833.9 leadDist=3505.52 aa=163.201
[PURE_ATA] team=2 ata=105.129 dist=4835.16 leadDist=3517.76 aa=163.518
[PURE_ATA] team=2 ata=104.808 dist=4837.14 leadDist=3529.08 aa=163.916
[SelectTarget] team=1 EnemyN=1 TgtZ=9687.63
[DIST] team=1 EnemyN=1 MyZ=5179.64 TgtZ=9687.63 Dist=4839.18
[ROOT] team=1 status=2 Z=5179.64 VP=(3632.3,746.779,9781.98)
[SelectTarget] team=2 EnemyN=1 TgtZ=5180.17
[DIST] team=2 EnemyN=1 MyZ=9687.63 TgtZ=5180.17 Dist=4837.95
[PURE_ATA] team=2 ata=104.502 dist=4837.95 leadDist=3539.87 aa=164.242
[ROOT] team=2 status=2 Z=9687.63 VP=(3034.73,-932.224,8720.04)
[PURE_ATA] team=2 ata=104.195 dist=4838.53 leadDist=3549.94 aa=164.569
[PURE_ATA] team=2 ata=103.876 dist=4839.35 leadDist=3559.2 aa=164.938
[PURE_ATA] team=2 ata=103.581 dist=4839 leadDist=3567.93 aa=165.233
[PURE_ATA] team=2 ata=103.28 dist=4838.43 leadDist=3575.96 aa=165.525
[PURE_ATA] team=2 ata=102.981 dist=4837.63 leadDist=3583.28 aa=165.822
[PURE_ATA] team=2 ata=102.681 dist=4836.6 leadDist=3589.9 aa=166.124
[PURE_ATA] team=2 ata=102.393 dist=4834.88 leadDist=3595.91 aa=166.388
[PURE_ATA] team=2 ata=102.101 dist=4832.93 leadDist=3601.22 aa=166.659
[PURE_ATA] team=2 ata=101.806 dist=4830.72 leadDist=3605.85 aa=166.932
[PURE_ATA] team=2 ata=101.509 dist=4828.29 leadDist=3609.78 aa=167.211
[PURE_ATA] team=2 ata=101.223 dist=4825.19 leadDist=3613.12 aa=167.455
[PURE_ATA] team=2 ata=100.931 dist=4821.83 leadDist=3615.79 aa=167.702
[PURE_ATA] team=2 ata=100.634 dist=4818.22 leadDist=3617.79 aa=167.951
[PURE_ATA] team=2 ata=100.335 dist=4814.37 leadDist=3619.12 aa=168.208
[PURE_ATA] team=2 ata=100.048 dist=4809.9 leadDist=3619.87 aa=168.433
[PURE_ATA] team=2 ata=99.7543 dist=4805.15 leadDist=3619.98 aa=168.66
[PURE_ATA] team=2 ata=99.4585 dist=4800.14 leadDist=3619.45 aa=168.89
[PURE_ATA] team=2 ata=99.1614 dist=4794.91 leadDist=3618.27 aa=169.123
[PURE_ATA] team=2 ata=98.8633 dist=4789.43 leadDist=3616.47 aa=169.358
[PURE_ATA] team=2 ata=98.5925 dist=4783.02 leadDist=3614.17 aa=169.538
[PURE_ATA] team=2 ata=98.3063 dist=4776.67 leadDist=3611.2 aa=169.75
[PURE_ATA] team=2 ata=98.0035 dist=4770.42 leadDist=3607.55 aa=169.996
[PURE_ATA] team=2 ata=97.7297 dist=4763.22 leadDist=3603.44 aa=170.184
[PURE_ATA] team=2 ata=97.4559 dist=4755.78 leadDist=3598.73 aa=170.373
[PURE_ATA] team=2 ata=97.1702 dist=4748.49 leadDist=3593.35 aa=170.597
[PURE_ATA] team=2 ata=96.8823 dist=4740.87 leadDist=3587.41 aa=170.82
[PURE_ATA] team=2 ata=96.609 dist=4732.68 leadDist=3580.96 aa=171.014
[PURE_ATA] team=2 ata=96.3364 dist=4724.26 leadDist=3573.95 aa=171.206
[PURE_ATA] team=2 ata=96.0662 dist=4715.67 leadDist=3566.36 aa=171.402
[SelectTarget] team=1 EnemyN=1 TgtZ=10001.6
[DIST] team=1 EnemyN=1 MyZ=5499.16 TgtZ=10001.6 Dist=4708.86
[ROOT] team=1 status=2 Z=5499.16 VP=(3766.02,146.814,9711.2)
[SelectTarget] team=2 EnemyN=1 TgtZ=5502.05
[DIST] team=2 EnemyN=1 MyZ=10001.6 TgtZ=5502.05 Dist=4706.38
[PURE_ATA] team=2 ata=95.8076 dist=4706.38 leadDist=3558.31 aa=171.567
[ROOT] team=2 status=2 Z=10001.6 VP=(2169.94,-493.465,9060.36)
[PURE_ATA] team=2 ata=95.5367 dist=4697.23 leadDist=3549.65 aa=171.764
[PURE_ATA] team=2 ata=95.2819 dist=4687.58 leadDist=3540.51 aa=171.935
[PURE_ATA] team=2 ata=95.0261 dist=4677.6 leadDist=3530.85 aa=172.104
[PURE_ATA] team=2 ata=94.7725 dist=4667.49 leadDist=3520.66 aa=172.278
[PURE_ATA] team=2 ata=94.5181 dist=4657.07 leadDist=3509.98 aa=172.45
[PURE_ATA] team=2 ata=94.2645 dist=4646.42 leadDist=3498.79 aa=172.624
[PURE_ATA] team=2 ata=94.0119 dist=4635.55 leadDist=3487.1 aa=172.796
[PURE_ATA] team=2 ata=93.7599 dist=4624.47 leadDist=3474.93 aa=172.968
[PURE_ATA] team=2 ata=93.5053 dist=4612.95 leadDist=3462.32 aa=173.134
[PURE_ATA] team=2 ata=93.2715 dist=4601.23 leadDist=3449.24 aa=173.278
[PURE_ATA] team=2 ata=93.02 dist=4589.41 leadDist=3435.67 aa=173.444
[PURE_ATA] team=2 ata=92.7868 dist=4577.19 leadDist=3421.69 aa=173.586
[PURE_ATA] team=2 ata=92.5356 dist=4564.84 leadDist=3407.24 aa=173.749
[PURE_ATA] team=2 ata=92.3034 dist=4552.24 leadDist=3392.37 aa=173.891
[PURE_ATA] team=2 ata=92.0697 dist=4539.2 leadDist=3377.11 aa=174.025
[PURE_ATA] team=2 ata=91.8051 dist=4526.3 leadDist=3361.36 aa=174.209
[PURE_ATA] team=2 ata=91.5751 dist=4513.02 leadDist=3345.24 aa=174.344
[PURE_ATA] team=2 ata=91.3455 dist=4499.45 leadDist=3328.73 aa=174.472
[PURE_ATA] team=2 ata=91.1176 dist=4485.7 leadDist=3311.82 aa=174.599
[PURE_ATA] team=2 ata=90.8899 dist=4471.65 leadDist=3294.55 aa=174.724
[PURE_ATA] team=2 ata=90.6477 dist=4457.56 leadDist=3276.86 aa=174.872
[PURE_ATA] team=2 ata=90.4243 dist=4443.19 leadDist=3258.82 aa=174.997
[PURE_ATA] team=2 ata=90.2027 dist=4428.67 leadDist=3240.42 aa=175.12
[PURE_ATA] team=2 ata=89.9653 dist=4413.95 leadDist=3221.66 aa=175.262
[PURE_ATA] team=2 ata=89.7473 dist=4398.83 leadDist=3202.59 aa=175.378
[PURE_ATA] team=2 ata=89.5168 dist=4383.65 leadDist=3183.17 aa=175.516
[PURE_ATA] team=2 ata=89.3056 dist=4368.26 leadDist=3163.43 aa=175.637
[PURE_ATA] team=2 ata=89.0972 dist=4352.74 leadDist=3143.35 aa=175.762
[PURE_ATA] team=2 ata=88.8886 dist=4336.94 leadDist=3122.97 aa=175.887
[SelectTarget] team=1 EnemyN=1 TgtZ=10124.4
[DIST] team=1 EnemyN=1 MyZ=6153.74 TgtZ=10124.4 Dist=4324.27
[ROOT] team=1 status=2 Z=6153.74 VP=(3631.46,-403.109,9560.06)
[SelectTarget] team=2 EnemyN=1 TgtZ=6157.95
[DIST] team=2 EnemyN=1 MyZ=10124.4 TgtZ=6157.95 Dist=4321.18
[PURE_ATA] team=2 ata=88.6767 dist=4321.18 leadDist=3102.25 aa=176.018
[ROOT] team=2 status=2 Z=10124.4 VP=(1645.15,-23.8452,9260.2)
[PURE_ATA] team=2 ata=88.422 dist=4305.02 leadDist=3081.27 aa=176.189
[PURE_ATA] team=2 ata=88.1957 dist=4288.69 leadDist=3060 aa=176.316
[PURE_ATA] team=2 ata=87.9494 dist=4272.26 leadDist=3038.42 aa=176.465
[PURE_ATA] team=2 ata=87.722 dist=4255.71 leadDist=3016.56 aa=176.59
[PURE_ATA] team=2 ata=87.4976 dist=4238.9 leadDist=2994.44 aa=176.712
[PURE_ATA] team=2 ata=87.2566 dist=4221.78 leadDist=2972.08 aa=176.849
[PURE_ATA] team=2 ata=87.0003 dist=4204.71 leadDist=2949.42 aa=177.007
[PURE_ATA] team=2 ata=86.7826 dist=4187.43 leadDist=2926.52 aa=177.116
[PURE_ATA] team=2 ata=86.548 dist=4169.83 leadDist=2903.4 aa=177.235
[PURE_ATA] team=2 ata=86.2943 dist=4152.26 leadDist=2880.01 aa=177.371
[PURE_ATA] team=2 ata=86.06 dist=4134.29 leadDist=2856.43 aa=177.474
[PURE_ATA] team=2 ata=85.8226 dist=4116.42 leadDist=2832.57 aa=177.573
[PURE_ATA] team=2 ata=85.5858 dist=4098.1 leadDist=2808.56 aa=177.658
[PURE_ATA] team=2 ata=85.3078 dist=4079.69 leadDist=2784.31 aa=177.78
[PURE_ATA] team=2 ata=85.067 dist=4061.22 leadDist=2759.84 aa=177.851
[PURE_ATA] team=2 ata=84.8048 dist=4042.56 leadDist=2735.18 aa=177.936
[PURE_ATA] team=2 ata=84.5424 dist=4023.63 leadDist=2710.36 aa=178.011
[PURE_ATA] team=2 ata=84.278 dist=4004.64 leadDist=2685.32 aa=178.081
[SelectTarget] team=1 EnemyN=1 TgtZ=10090.8
[DIST] team=1 EnemyN=1 MyZ=6958.72 TgtZ=10090.8 Dist=3769.85
[ROOT] team=1 status=2 Z=6958.72 VP=(3136.32,-833.152,9470.67)
[SelectTarget] team=2 EnemyN=1 TgtZ=6963.3
[DIST] team=2 EnemyN=1 MyZ=10090.8 TgtZ=6963.3 Dist=3766.31
[ROOT] team=2 status=2 Z=10090.8 VP=(3055.92,-2264.71,10388.1)
[SelectTarget] team=1 EnemyN=1 TgtZ=9968.42
[DIST] team=1 EnemyN=1 MyZ=7745.16 TgtZ=9968.42 Dist=3148.91
[ROOT] team=1 status=2 Z=7745.16 VP=(3481.07,-1343.89,9227.62)
[SelectTarget] team=2 EnemyN=1 TgtZ=7749.11
[DIST] team=2 EnemyN=1 MyZ=9968.42 TgtZ=7749.11 Dist=3145.17
[ROOT] team=2 status=2 Z=9968.42 VP=(1602.86,-1519.05,8909.06)
[SYNC] dist=2451.84 dV=-25.1561 thr=1
[SelectTarget] team=1 EnemyN=1 TgtZ=9702.26
[DIST] team=1 EnemyN=1 MyZ=8312.1 TgtZ=9702.26 Dist=2430.31
[ROOT] team=1 status=2 Z=8312.1 VP=(3270.12,-1361.37,9764.06)
[SelectTarget] team=2 EnemyN=1 TgtZ=8314.38
[DIST] team=2 EnemyN=1 MyZ=9702.26 TgtZ=8314.38 Dist=2427.09
[ROOT] team=2 status=2 Z=9702.26 VP=(1530.5,-415.439,8921.71)
[SelectTarget] team=1 EnemyN=1 TgtZ=9316.56
[DIST] team=1 EnemyN=1 MyZ=8691.09 TgtZ=9316.56 Dist=1671.1
[ROOT] team=1 status=2 Z=8691.09 VP=(2895.46,-1730.13,9379.74)
[SelectTarget] team=2 EnemyN=1 TgtZ=8693.21
[DIST] team=2 EnemyN=1 MyZ=9316.56 TgtZ=8693.21 Dist=1667.37
[ROOT] team=2 status=2 Z=9316.56 VP=(1656.24,-2214.72,7340.52)
[SelectTarget] team=1 EnemyN=1 TgtZ=8749.45
[DIST] team=1 EnemyN=1 MyZ=8991.51 TgtZ=8749.45 Dist=1222.71
[ROOT] team=1 status=2 Z=8991.51 VP=(2484.12,-1977.97,8861.69)
[SelectTarget] team=2 EnemyN=1 TgtZ=8992.46
[DIST] team=2 EnemyN=1 MyZ=8749.45 TgtZ=8992.46 Dist=1219.13
[ROOT] team=2 status=2 Z=8749.45 VP=(2889.42,-204.256,8211.45)
[SelectTarget] team=1 EnemyN=1 TgtZ=8072.29
[DIST] team=1 EnemyN=1 MyZ=9010.83 TgtZ=8072.29 Dist=1135.85
[ROOT] team=1 status=2 Z=9010.83 VP=(2253.73,-1925.32,8442.91)
[SelectTarget] team=2 EnemyN=1 TgtZ=9010.06
[DIST] team=2 EnemyN=1 MyZ=8072.29 TgtZ=9010.06 Dist=1134.02
[ROOT] team=2 status=2 Z=8072.29 VP=(3180.67,-142.074,8796.7)
[CLAMP_DIAG] team=1 rawDist=807.72 offBoresightDeg=53.2399 clamped=0
[SYNC] dist=1373.45 dV=20.2175 thr=0.547825
[SelectTarget] team=1 EnemyN=1 TgtZ=7515.72
[DIST] team=1 EnemyN=1 MyZ=8729.66 TgtZ=7515.72 Dist=1386.27
[ROOT] team=1 status=2 Z=8729.66 VP=(2191.49,-1511,8079.66)
[SelectTarget] team=2 EnemyN=1 TgtZ=8727.33
[DIST] team=2 EnemyN=1 MyZ=7515.72 TgtZ=8727.33 Dist=1385.03
[ROOT] team=2 status=2 Z=7515.72 VP=(3797.59,-547.295,8758.16)
[SelectTarget] team=1 EnemyN=1 TgtZ=7217.26
[DIST] team=1 EnemyN=1 MyZ=8192.82 TgtZ=7217.26 Dist=1766.11
[ROOT] team=1 status=2 Z=8192.82 VP=(2387.64,-930.259,7542.82)
[SelectTarget] team=2 EnemyN=1 TgtZ=8189.29
[DIST] team=2 EnemyN=1 MyZ=7217.26 TgtZ=8189.29 Dist=1764.35
[ROOT] team=2 status=2 Z=7217.26 VP=(3819.46,-1009.39,9062.45)
[SelectTarget] team=1 EnemyN=1 TgtZ=7222.92
[DIST] team=1 EnemyN=1 MyZ=7518.59 TgtZ=7222.92 Dist=2084.92
[ROOT] team=1 status=2 Z=7518.59 VP=(2800.9,-396.479,7192.67)
[SelectTarget] team=2 EnemyN=1 TgtZ=7514.82
[DIST] team=2 EnemyN=1 MyZ=7222.92 TgtZ=7514.82 Dist=2083.55
[ROOT] team=2 status=2 Z=7222.92 VP=(3513.98,-1342.87,9113.16)
[SelectTarget] team=1 EnemyN=1 TgtZ=7482.76
[DIST] team=1 EnemyN=1 MyZ=6907.32 TgtZ=7482.76 Dist=2258.56
[ROOT] team=1 status=2 Z=6907.32 VP=(3300.75,-57.2367,7410.25)
[SelectTarget] team=2 EnemyN=1 TgtZ=6904.47
[DIST] team=2 EnemyN=1 MyZ=7482.76 TgtZ=6904.47 Dist=2255.79
[ROOT] team=2 status=2 Z=7482.76 VP=(3413.77,-1705.94,8162.28)
[SYNC] dist=2273.38 dV=-95.8916 thr=1
[SelectTarget] team=1 EnemyN=1 TgtZ=7844.53
[DIST] team=1 EnemyN=1 MyZ=6541.91 TgtZ=7844.53 Dist=2274.95
[ROOT] team=1 status=2 Z=6541.91 VP=(3752.42,-2.72128,7759.94)
[SelectTarget] team=2 EnemyN=1 TgtZ=6540.79
[DIST] team=2 EnemyN=1 MyZ=7844.53 TgtZ=6540.79 Dist=2272.39
[ROOT] team=2 status=2 Z=7844.53 VP=(3412.92,-1981.81,7580.56)
[SelectTarget] team=1 EnemyN=1 TgtZ=8131.52
[DIST] team=1 EnemyN=1 MyZ=6514.51 TgtZ=8131.52 Dist=2156.08
[ROOT] team=1 status=2 Z=6514.51 VP=(4108.89,-225.189,8072.72)
[SelectTarget] team=2 EnemyN=1 TgtZ=6515.31
[DIST] team=2 EnemyN=1 MyZ=8131.52 TgtZ=6515.31 Dist=2153.21
[ROOT] team=2 status=2 Z=8131.52 VP=(3572.09,-1963.65,6770.26)
[SelectTarget] team=1 EnemyN=1 TgtZ=8215.93
[DIST] team=1 EnemyN=1 MyZ=6804.72 TgtZ=8215.93 Dist=1936.3
[ROOT] team=1 status=2 Z=6804.72 VP=(4347.74,-645.225,8217.31)
[SelectTarget] team=2 EnemyN=1 TgtZ=6807.01
[DIST] team=2 EnemyN=1 MyZ=8215.93 TgtZ=6807.01 Dist=1933.44
[ROOT] team=2 status=2 Z=8215.93 VP=(4014.33,-1564.92,6020.51)
[SelectTarget] team=1 EnemyN=1 TgtZ=8015.75
[DIST] team=1 EnemyN=1 MyZ=7271.49 TgtZ=8015.75 Dist=1641.22
[ROOT] team=1 status=2 Z=7271.49 VP=(4474.08,-1142.05,8085.91)
[SelectTarget] team=2 EnemyN=1 TgtZ=7274.12
[DIST] team=2 EnemyN=1 MyZ=8015.75 TgtZ=7274.12 Dist=1639.04
[ROOT] team=2 status=2 Z=8015.75 VP=(4630.27,-850.756,5658.93)
[SYNC] dist=1336.02 dV=-5.35017 thr=0.803502
[SelectTarget] team=1 EnemyN=1 TgtZ=7523.63
[DIST] team=1 EnemyN=1 MyZ=7655.77 TgtZ=7523.63 Dist=1328.23
[ROOT] team=1 status=2 Z=7655.77 VP=(4538.51,-1522.95,7635.8)
[SelectTarget] team=2 EnemyN=1 TgtZ=7657.17
[DIST] team=2 EnemyN=1 MyZ=7523.63 TgtZ=7657.17 Dist=1325.45
[ROOT] team=2 status=2 Z=7523.63 VP=(5055.54,0.739958,6512.27)
[SelectTarget] team=1 EnemyN=1 TgtZ=6875.91
[DIST] team=1 EnemyN=1 MyZ=7714.11 TgtZ=6875.91 Dist=1103.13
[ROOT] team=1 status=2 Z=7714.11 VP=(4629.5,-1585.45,7162.54)
[SelectTarget] team=2 EnemyN=1 TgtZ=7713.28
[DIST] team=2 EnemyN=1 MyZ=6875.91 TgtZ=7713.28 Dist=1100.69
[ROOT] team=2 status=2 Z=6875.91 VP=(5225.47,348.248,7516.32)
[CLAMP_DIAG] team=1 rawDist=566.099 offBoresightDeg=16.1491 clamped=0
[SelectTarget] team=1 EnemyN=1 TgtZ=6325.74
[DIST] team=1 EnemyN=1 MyZ=7359.34 TgtZ=6325.74 Dist=1066.97
[ROOT] team=1 status=2 Z=7359.34 VP=(4804.32,-1269.55,6825.86)
[SelectTarget] team=2 EnemyN=1 TgtZ=7356.35
[DIST] team=2 EnemyN=1 MyZ=6325.74 TgtZ=7356.35 Dist=1064.41
[ROOT] team=2 status=2 Z=6325.74 VP=(4905.49,218.244,8151.32)
[SelectTarget] team=1 EnemyN=1 TgtZ=6087.47
[DIST] team=1 EnemyN=1 MyZ=6704.18 TgtZ=6087.47 Dist=1202.83
[ROOT] team=1 status=2 Z=6704.18 VP=(5018.76,-683.026,6102.76)
[SelectTarget] team=2 EnemyN=1 TgtZ=6700.15
[DIST] team=2 EnemyN=1 MyZ=6087.47 TgtZ=6700.15 Dist=1200.61
[ROOT] team=2 status=2 Z=6087.47 VP=(5066.29,-175.336,8448.1)
[SYNC] dist=1378.97 dV=-48.8203 thr=1
[SelectTarget] team=1 EnemyN=1 TgtZ=6227.94
[DIST] team=1 EnemyN=1 MyZ=6022.74 TgtZ=6227.94 Dist=1386.5
[ROOT] team=1 status=2 Z=6022.74 VP=(5195.12,-42.5218,6173.84)
[SelectTarget] team=2 EnemyN=1 TgtZ=6019.49
[DIST] team=2 EnemyN=1 MyZ=6227.94 TgtZ=6019.49 Dist=1384.23
[ROOT] team=2 status=2 Z=6227.94 VP=(5248.83,-675.404,7879.43)
[SelectTarget] team=1 EnemyN=1 TgtZ=6643.15
[DIST] team=1 EnemyN=1 MyZ=5620.96 TgtZ=6643.15 Dist=1517.88
[ROOT] team=1 status=2 Z=5620.96 VP=(5331.94,426.218,6544.28)
[SelectTarget] team=2 EnemyN=1 TgtZ=5619.91
[DIST] team=2 EnemyN=1 MyZ=6643.15 TgtZ=5619.91 Dist=1514.58
[ROOT] team=2 status=2 Z=6643.15 VP=(5390.35,-1098.21,7461.58)
[SelectTarget] team=1 EnemyN=1 TgtZ=7149.91
[DIST] team=1 EnemyN=1 MyZ=5665.27 TgtZ=7149.91 Dist=1562.31
[ROOT] team=1 status=2 Z=5665.27 VP=(5444.15,630.079,7033.57)
[SelectTarget] team=2 EnemyN=1 TgtZ=5666.8
[DIST] team=2 EnemyN=1 MyZ=7149.91 TgtZ=5666.8 Dist=1559.59
[ROOT] team=2 status=2 Z=7149.91 VP=(5558.13,-1339.8,7043.46)
[SelectTarget] team=1 EnemyN=1 TgtZ=7599.68
[DIST] team=1 EnemyN=1 MyZ=6125.59 TgtZ=7599.68 Dist=1499.93
[ROOT] team=1 status=2 Z=6125.59 VP=(5544.12,590.835,7495.11)
[SelectTarget] team=2 EnemyN=1 TgtZ=6128.95
[DIST] team=2 EnemyN=1 MyZ=7599.68 TgtZ=6128.95 Dist=1497
[ROOT] team=2 status=2 Z=7599.68 VP=(5761.3,-1321.62,6497.51)
[SYNC] dist=1342.67 dV=-72.9476 thr=1
[SelectTarget] team=1 EnemyN=1 TgtZ=7903.99
[DIST] team=1 EnemyN=1 MyZ=6764.71 TgtZ=7903.99 Dist=1339.55
[ROOT] team=1 status=2 Z=6764.71 VP=(5648.06,361.403,7839.53)
[SelectTarget] team=2 EnemyN=1 TgtZ=6768.19
[DIST] team=2 EnemyN=1 MyZ=7903.99 TgtZ=6768.19 Dist=1336.54
[ROOT] team=2 status=2 Z=7903.99 VP=(5862.89,-941.693,5920.91)
[SelectTarget] team=1 EnemyN=1 TgtZ=8008.65
[DIST] team=1 EnemyN=1 MyZ=7313.96 TgtZ=8008.65 Dist=1136.89
[ROOT] team=1 status=2 Z=7313.96 VP=(5756.6,-1.72944,8006.54)
[SelectTarget] team=2 EnemyN=1 TgtZ=7316.51
[DIST] team=2 EnemyN=1 MyZ=8008.65 TgtZ=7316.51 Dist=1134.14
[ROOT] team=2 status=2 Z=8008.65 VP=(5874.48,-372.065,5627.07)
[CLAMP_DIAG] team=1 rawDist=909.163 offBoresightDeg=2.18755 clamped=0
[SelectTarget] team=1 EnemyN=1 TgtZ=7872.33
[DIST] team=1 EnemyN=1 MyZ=7680.38 TgtZ=7872.33 Dist=937.245
[ROOT] team=1 status=2 Z=7680.38 VP=(5868.1,-430.755,7934.05)
[SelectTarget] team=2 EnemyN=1 TgtZ=7681.86
[DIST] team=2 EnemyN=1 MyZ=7872.33 TgtZ=7681.86 Dist=934.291
[ROOT] team=2 status=2 Z=7872.33 VP=(5711.28,375.346,5906.99)
[CLAMP_DIAG] team=1 rawDist=746.161 offBoresightDeg=4.04814 clamped=0
[SelectTarget] team=1 EnemyN=1 TgtZ=7480.16
[DIST] team=1 EnemyN=1 MyZ=7822.29 TgtZ=7480.16 Dist=802.682
[ROOT] team=1 status=2 Z=7822.29 VP=(5966.73,-798.139,7585.6)
[SelectTarget] team=2 EnemyN=1 TgtZ=7822.27
[DIST] team=2 EnemyN=1 MyZ=7480.16 TgtZ=7822.27 Dist=800.133
[ROOT] team=2 status=2 Z=7480.16 VP=(5619.14,829.346,6797.27)
[CLAMP_DIAG] team=1 rawDist=585.188 offBoresightDeg=3.62059 clamped=0
[SYNC] dist=798.407 dV=10.546 thr=0.64454
[SelectTarget] team=1 EnemyN=1 TgtZ=6899.26
[DIST] team=1 EnemyN=1 MyZ=7650.79 TgtZ=6899.26 Dist=803.266
[ROOT] team=1 status=2 Z=7650.79 VP=(6021,-946.325,7249.16)
[SelectTarget] team=2 EnemyN=1 TgtZ=7648.9
[DIST] team=2 EnemyN=1 MyZ=6899.26 TgtZ=7648.9 Dist=800.511
[ROOT] team=2 status=2 Z=6899.26 VP=(5478.96,989.42,7327.17)
[CLAMP_DIAG] team=1 rawDist=450.344 offBoresightDeg=28.0683 clamped=0
[SelectTarget] team=1 EnemyN=1 TgtZ=6303.7
[DIST] team=1 EnemyN=1 MyZ=7156.85 TgtZ=6303.7 Dist=922.94
[ROOT] team=1 status=2 Z=7156.85 VP=(5988.63,-757.222,6695.38)
[SelectTarget] team=2 EnemyN=1 TgtZ=7153.34
[DIST] team=2 EnemyN=1 MyZ=6303.7 TgtZ=7153.34 Dist=920.235
[ROOT] team=2 status=2 Z=6303.7 VP=(5438.49,887.529,7816.61)
[CLAMP_DIAG] team=1 rawDist=849.098 offBoresightDeg=31.1985 clamped=0
[SelectTarget] team=1 EnemyN=1 TgtZ=5924.29
[DIST] team=1 EnemyN=1 MyZ=6461.34 TgtZ=5924.29 Dist=1069.59
[ROOT] team=1 status=2 Z=6461.34 VP=(5852.48,-253.553,5961.79)
[SelectTarget] team=2 EnemyN=1 TgtZ=6457.41
[DIST] team=2 EnemyN=1 MyZ=5924.29 TgtZ=6457.41 Dist=1066.5
[ROOT] team=2 status=2 Z=5924.29 VP=(5540.41,571.023,8170.15)
[SelectTarget] team=1 EnemyN=1 TgtZ=5915.47
[DIST] team=1 EnemyN=1 MyZ=5861.94 TgtZ=5915.47 Dist=1147.8
[ROOT] team=1 status=2 Z=5861.94 VP=(5660.23,391.493,5885.59)
[SelectTarget] team=2 EnemyN=1 TgtZ=5859.5
[DIST] team=2 EnemyN=1 MyZ=5915.47 TgtZ=5859.5 Dist=1145.1
[ROOT] team=2 status=2 Z=5915.47 VP=(5667.51,129.372,7824.29)
[SYNC] dist=1117.02 dV=-56.8456 thr=1
[SelectTarget] team=1 EnemyN=1 TgtZ=6246.63
[DIST] team=1 EnemyN=1 MyZ=5647.45 TgtZ=6246.63 Dist=1118.85
[ROOT] team=1 status=2 Z=5647.45 VP=(5483.99,939.562,6161.84)
[SelectTarget] team=2 EnemyN=1 TgtZ=5647.61
[DIST] team=2 EnemyN=1 MyZ=6246.63 TgtZ=5647.61 Dist=1114.02
[ROOT] team=2 status=2 Z=6246.63 VP=(5764.93,-282.21,7335.33)
[SelectTarget] team=1 EnemyN=1 TgtZ=6746.92
[DIST] team=1 EnemyN=1 MyZ=5903.69 TgtZ=6746.92 Dist=987.427
[ROOT] team=1 status=2 Z=5903.69 VP=(5366.26,1242.82,6633.16)
[SelectTarget] team=2 EnemyN=1 TgtZ=5906.23
[DIST] team=2 EnemyN=1 MyZ=6746.92 TgtZ=5906.23 Dist=983.718
[ROOT] team=2 status=2 Z=6746.92 VP=(5788.17,-564.76,7009.38)
[CLAMP_DIAG] team=1 rawDist=765.09 offBoresightDeg=2.22488 clamped=0
[SelectTarget] team=1 EnemyN=1 TgtZ=7245.3
[DIST] team=1 EnemyN=1 MyZ=6457.57 TgtZ=7245.3 Dist=796.112
[ROOT] team=1 status=2 Z=6457.57 VP=(5310.18,1289.79,7130.59)
[SelectTarget] team=2 EnemyN=1 TgtZ=6460.97
[DIST] team=2 EnemyN=1 MyZ=7245.3 TgtZ=6460.97 Dist=792.569
[ROOT] team=2 status=2 Z=7245.3 VP=(5663.27,-681.513,6534.2)
[CLAMP_DIAG] team=1 rawDist=569.52 offBoresightDeg=2.99857 clamped=0
[SelectTarget] team=1 EnemyN=1 TgtZ=7630.28
[DIST] team=1 EnemyN=1 MyZ=7070.26 TgtZ=7630.28 Dist=612.681
[ROOT] team=1 status=2 Z=7070.26 VP=(5294.07,1123.57,7542.73)
[SelectTarget] team=2 EnemyN=1 TgtZ=7073.52
[DIST] team=2 EnemyN=1 MyZ=7630.28 TgtZ=7073.52 Dist=609.692
[ROOT] team=2 status=2 Z=7630.28 VP=(5583.5,-509.085,6003.38)
[CLAMP_DIAG] team=1 rawDist=428.48 offBoresightDeg=6.40877 clamped=0
[SYNC] dist=516.899 dV=-28.3971 thr=1
[SelectTarget] team=1 EnemyN=1 TgtZ=7839.63
[DIST] team=1 EnemyN=1 MyZ=7585.68 TgtZ=7839.63 Dist=518.686
[ROOT] team=1 status=2 Z=7585.68 VP=(5306.88,801.174,7804.91)
[SelectTarget] team=2 EnemyN=1 TgtZ=7588.04
[DIST] team=2 EnemyN=1 MyZ=7839.63 TgtZ=7588.04 Dist=516.365
[ROOT] team=2 status=2 Z=7839.63 VP=(5506.54,-17.9541,5726.65)
[CLAMP_DIAG] team=1 rawDist=406.063 offBoresightDeg=16.4806 clamped=0
[SelectTarget] team=1 EnemyN=1 TgtZ=7826.52
[DIST] team=1 EnemyN=1 MyZ=7907.21 TgtZ=7826.52 Dist=545.167
[ROOT] team=1 status=2 Z=7907.21 VP=(5343.47,377.847,7858)
[SelectTarget] team=2 EnemyN=1 TgtZ=7908.39
[DIST] team=2 EnemyN=1 MyZ=7826.52 TgtZ=7908.39 Dist=542.707
[ROOT] team=2 status=2 Z=7826.52 VP=(5386.89,664.749,5949.06)
[CLAMP_DIAG] team=1 rawDist=482.571 offBoresightDeg=21.3158 clamped=0
[SelectTarget] team=1 EnemyN=1 TgtZ=7563.85
[DIST] team=1 EnemyN=1 MyZ=7996.07 TgtZ=7563.85 Dist=647.019
[ROOT] team=1 status=2 Z=7996.07 VP=(5390.38,-41.5149,7672.56)
[SelectTarget] team=2 EnemyN=1 TgtZ=7995.84
[DIST] team=2 EnemyN=1 MyZ=7563.85 TgtZ=7995.84 Dist=644.89
[ROOT] team=2 status=2 Z=7563.85 VP=(5263.84,1251.86,6515.39)
[CLAMP_DIAG] team=1 rawDist=481.921 offBoresightDeg=9.45044 clamped=0
[SelectTarget] team=1 EnemyN=1 TgtZ=7078.14
[DIST] team=1 EnemyN=1 MyZ=7814.2 TgtZ=7078.14 Dist=777.329
[ROOT] team=1 status=2 Z=7814.2 VP=(5426.23,-319.3,7425.53)
[SelectTarget] team=2 EnemyN=1 TgtZ=7812.39
[DIST] team=2 EnemyN=1 MyZ=7078.14 TgtZ=7812.39 Dist=774.747
[ROOT] team=2 status=2 Z=7078.14 VP=(5147.19,1566.23,6949.61)
[CLAMP_DIAG] team=1 rawDist=426.166 offBoresightDeg=11.9758 clamped=0
[SYNC] dist=880.767 dV=8.1796 thr=0.668204
[SelectTarget] team=1 EnemyN=1 TgtZ=6480.76
[DIST] team=1 EnemyN=1 MyZ=7354.75 TgtZ=6480.76 Dist=886.606
[ROOT] team=1 status=2 Z=7354.75 VP=(5424.23,-313.22,6911.44)
[SelectTarget] team=2 EnemyN=1 TgtZ=7351.51
[DIST] team=2 EnemyN=1 MyZ=6480.76 TgtZ=7351.51 Dist=883.655
[ROOT] team=2 status=2 Z=6480.76 VP=(5004.14,1597.77,7459.67)
[CLAMP_DIAG] team=1 rawDist=574.137 offBoresightDeg=19.7205 clamped=0
[SelectTarget] team=1 EnemyN=1 TgtZ=5972.69
[DIST] team=1 EnemyN=1 MyZ=6706.03 TgtZ=5972.69 Dist=933.721
[ROOT] team=1 status=2 Z=6706.03 VP=(5347.42,35.808,6239.17)
[SelectTarget] team=2 EnemyN=1 TgtZ=6702.29
[DIST] team=2 EnemyN=1 MyZ=5972.69 TgtZ=6702.29 Dist=929.969
[ROOT] team=2 status=2 Z=5972.69 VP=(5032.41,1388.4,7898.25)
[CLAMP_DIAG] team=1 rawDist=791.41 offBoresightDeg=2.62322 clamped=0
[SelectTarget] team=1 EnemyN=1 TgtZ=5766.57
[DIST] team=1 EnemyN=1 MyZ=6105.94 TgtZ=5766.57 Dist=889.798
[ROOT] team=1 status=2 Z=6105.94 VP=(5211.1,639.394,5771.82)
[SelectTarget] team=2 EnemyN=1 TgtZ=6103.19
[DIST] team=2 EnemyN=1 MyZ=5766.57 TgtZ=6103.19 Dist=886.246
[ROOT] team=2 status=2 Z=5766.57 VP=(5073.86,964.858,8089.02)
[CLAMP_DIAG] team=1 rawDist=716.676 offBoresightDeg=3.69949 clamped=0
[SelectTarget] team=1 EnemyN=1 TgtZ=5939.15
[DIST] team=1 EnemyN=1 MyZ=5782.34 TgtZ=5939.15 Dist=777.23
[ROOT] team=1 status=2 Z=5782.34 VP=(5058.43,1269.81,5879.84)
[SelectTarget] team=2 EnemyN=1 TgtZ=5781.68
[DIST] team=2 EnemyN=1 MyZ=5939.15 TgtZ=5781.68 Dist=772.064
[ROOT] team=2 status=2 Z=5939.15 VP=(5185.6,501.77,7577.46)
[CLAMP_DIAG] team=1 rawDist=591.548 offBoresightDeg=4.09202 clamped=0
[SYNC] dist=660.791 dV=-45.7852 thr=1
[SelectTarget] team=1 EnemyN=1 TgtZ=6379.32
[DIST] team=1 EnemyN=1 MyZ=5887.19 TgtZ=6379.32 Dist=661.389
[ROOT] team=1 status=2 Z=5887.19 VP=(4940.05,1714.28,6276.48)
[SelectTarget] team=2 EnemyN=1 TgtZ=5888.93
[DIST] team=2 EnemyN=1 MyZ=6379.32 TgtZ=5888.93 Dist=658.215
[ROOT] team=2 status=2 Z=6379.32 VP=(5261.14,137.094,7083.47)
[CLAMP_DIAG] team=1 rawDist=490.463 offBoresightDeg=4.6935 clamped=0
[SelectTarget] team=1 EnemyN=1 TgtZ=6899.99
[DIST] team=1 EnemyN=1 MyZ=6328.76 TgtZ=6899.99 Dist=577.94
[ROOT] team=1 status=2 Z=6328.76 VP=(4875.34,1890.22,6781.88)
[SelectTarget] team=2 EnemyN=1 TgtZ=6331.67
[DIST] team=2 EnemyN=1 MyZ=6899.99 TgtZ=6331.67 Dist=574.85
[ROOT] team=2 status=2 Z=6899.99 VP=(5254.58,-64.4779,6670.51)
[CLAMP_DIAG] team=1 rawDist=428.553 offBoresightDeg=6.11399 clamped=0
[SelectTarget] team=1 EnemyN=1 TgtZ=7354.5
[DIST] team=1 EnemyN=1 MyZ=6861.73 TgtZ=7354.5 Dist=531.898
[ROOT] team=1 status=2 Z=6861.73 VP=(4860.4,1821.79,7250.28)
[SelectTarget] team=2 EnemyN=1 TgtZ=6864.59
[DIST] team=2 EnemyN=1 MyZ=7354.5 TgtZ=6864.59 Dist=529.257
[ROOT] team=2 status=2 Z=7354.5 VP=(5165.35,-36.798,6143.1)
[CLAMP_DIAG] team=1 rawDist=404.933 offBoresightDeg=6.55483 clamped=0
[SelectTarget] team=1 EnemyN=1 TgtZ=7655.97
[DIST] team=1 EnemyN=1 MyZ=7323.39 TgtZ=7655.97 Dist=521.057
[ROOT] team=1 status=2 Z=7323.39 VP=(4877.45,1566.59,7593.57)
[SelectTarget] team=2 EnemyN=1 TgtZ=7325.59
[DIST] team=2 EnemyN=1 MyZ=7655.97 TgtZ=7325.59 Dist=518.627
[ROOT] team=2 status=2 Z=7655.97 VP=(5112.5,311.663,5708.32)
[CLAMP_DIAG] team=1 rawDist=409.841 offBoresightDeg=4.18811 clamped=0
[SYNC] dist=529.238 dV=2.05777 thr=0.729422
[SelectTarget] team=1 EnemyN=1 TgtZ=7751.22
[DIST] team=1 EnemyN=1 MyZ=7637.63 TgtZ=7751.22 Dist=532.968
[ROOT] team=1 status=2 Z=7637.63 VP=(4919.4,1188.36,7751.59)
[SelectTarget] team=2 EnemyN=1 TgtZ=7638.88
[DIST] team=2 EnemyN=1 MyZ=7751.22 TgtZ=7638.88 Dist=531.402
[ROOT] team=2 status=2 Z=7751.22 VP=(4954.78,936.978,5643.49)
[CLAMP_DIAG] team=1 rawDist=435.284 offBoresightDeg=3.42028 clamped=0
[SelectTarget] team=1 EnemyN=1 TgtZ=7609.57
[DIST] team=1 EnemyN=1 MyZ=7765.98 TgtZ=7609.57 Dist=560.506
[ROOT] team=1 status=2 Z=7765.98 VP=(4970.38,764.614,7673.5)
[SelectTarget] team=2 EnemyN=1 TgtZ=7766.12
[DIST] team=2 EnemyN=1 MyZ=7609.57 TgtZ=7766.12 Dist=557.937
[ROOT] team=2 status=2 Z=7609.57 VP=(4825.93,1613.7,6011.9)
[CLAMP_DIAG] team=1 rawDist=472.519 offBoresightDeg=3.51985 clamped=0
[SelectTarget] team=1 EnemyN=1 TgtZ=7230.47
[DIST] team=1 EnemyN=1 MyZ=7673.41 TgtZ=7230.47 Dist=601.968
[ROOT] team=1 status=2 Z=7673.41 VP=(5009.09,411.05,7372.42)
[SelectTarget] team=2 EnemyN=1 TgtZ=7672.19
[DIST] team=2 EnemyN=1 MyZ=7230.47 TgtZ=7672.19 Dist=599.269
[ROOT] team=2 status=2 Z=7230.47 VP=(4752.96,2076.76,6638.21)
[CLAMP_DIAG] team=1 rawDist=386.987 offBoresightDeg=3.1479 clamped=0
[SelectTarget] team=1 EnemyN=1 TgtZ=6675.9
[DIST] team=1 EnemyN=1 MyZ=7333.38 TgtZ=6675.9 Dist=662.899
[ROOT] team=1 status=2 Z=7333.38 VP=(5015.3,270.007,7001.93)
[SelectTarget] team=2 EnemyN=1 TgtZ=7330.77
[DIST] team=2 EnemyN=1 MyZ=6675.9 TgtZ=7330.77 Dist=659.98
[ROOT] team=2 status=2 Z=6675.9 VP=(4779.97,2266.88,7124.22)
[CLAMP_DIAG] team=1 rawDist=381.163 offBoresightDeg=21.6049 clamped=0
[SYNC] dist=739.802 dV=-2.2121 thr=0.772121
[SelectTarget] team=1 EnemyN=1 TgtZ=6101.2
[DIST] team=1 EnemyN=1 MyZ=6750.71 TgtZ=6101.2 Dist=745.708
[ROOT] team=1 status=2 Z=6750.71 VP=(4978.62,456.968,6377.86)
[SelectTarget] team=2 EnemyN=1 TgtZ=6746.99
[DIST] team=2 EnemyN=1 MyZ=6101.2 TgtZ=6746.99 Dist=742.472
[ROOT] team=2 status=2 Z=6101.2 VP=(4817.59,2182.6,7616.02)
[CLAMP_DIAG] team=1 rawDist=640.547 offBoresightDeg=16.7148 clamped=0
[SelectTarget] team=1 EnemyN=1 TgtZ=5734.19
[DIST] team=1 EnemyN=1 MyZ=6088.23 TgtZ=5734.19 Dist=803.847
[ROOT] team=1 status=2 Z=6088.23 VP=(4910.57,971.628,5771.08)
[SelectTarget] team=2 EnemyN=1 TgtZ=6084.92
[DIST] team=2 EnemyN=1 MyZ=5734.19 TgtZ=6084.92 Dist=799.997
[ROOT] team=2 status=2 Z=5734.19 VP=(4859.75,1841.24,7935.28)
[CLAMP_DIAG] team=1 rawDist=695.377 offBoresightDeg=8.32845 clamped=0
[SelectTarget] team=1 EnemyN=1 TgtZ=5739.45
[DIST] team=1 EnemyN=1 MyZ=5664.42 TgtZ=5739.45 Dist=804.026
[ROOT] team=1 status=2 Z=5664.42 VP=(4834.44,1636.79,5707.61)
[SelectTarget] team=2 EnemyN=1 TgtZ=5663.25
[DIST] team=2 EnemyN=1 MyZ=5739.45 TgtZ=5663.25 Dist=800.107
[ROOT] team=2 status=2 Z=5739.45 VP=(4894.54,1354.39,7622.4)
[CLAMP_DIAG] team=1 rawDist=657.345 offBoresightDeg=3.04463 clamped=0
[SelectTarget] team=1 EnemyN=1 TgtZ=6087.95
[DIST] team=1 EnemyN=1 MyZ=5669.72 TgtZ=6087.95 Dist=742.699
[ROOT] team=1 status=2 Z=5669.72 VP=(4776.91,2198.13,6000.49)
[SelectTarget] team=2 EnemyN=1 TgtZ=5670.81
[DIST] team=2 EnemyN=1 MyZ=6087.95 TgtZ=5670.81 Dist=739.841
[ROOT] team=2 status=2 Z=6087.95 VP=(4948.44,907.699,7134.37)
[CLAMP_DIAG] team=1 rawDist=578.823 offBoresightDeg=3.19275 clamped=0
[SYNC] dist=659.381 dV=-32.9756 thr=1
[SelectTarget] team=1 EnemyN=1 TgtZ=6602.67
[DIST] team=1 EnemyN=1 MyZ=6006.13 TgtZ=6602.67 Dist=660.078
[ROOT] team=1 status=2 Z=6006.13 VP=(4752.21,2499.76,6487.3)
[SelectTarget] team=2 EnemyN=1 TgtZ=6008.63
[DIST] team=2 EnemyN=1 MyZ=6602.67 TgtZ=6008.63 Dist=656.658
[ROOT] team=2 status=2 Z=6602.67 VP=(5001.58,625.028,6773.32)
[CLAMP_DIAG] team=1 rawDist=503.278 offBoresightDeg=4.26302 clamped=0
[SelectTarget] team=1 EnemyN=1 TgtZ=7105.66
[DIST] team=1 EnemyN=1 MyZ=6511.16 TgtZ=7105.66 Dist=597.491
[ROOT] team=1 status=2 Z=6511.16 VP=(4761.83,2531.12,6992.33)
[SelectTarget] team=2 EnemyN=1 TgtZ=6514.11
[DIST] team=2 EnemyN=1 MyZ=7105.66 TgtZ=6514.11 Dist=594.685
[ROOT] team=2 status=2 Z=7105.66 VP=(5038.62,563.178,6279.04)
[CLAMP_DIAG] team=1 rawDist=461.529 offBoresightDeg=5.41593 clamped=0
[SelectTarget] team=1 EnemyN=1 TgtZ=7481.08
[DIST] team=1 EnemyN=1 MyZ=7016.83 TgtZ=7481.08 Dist=570.66
[ROOT] team=1 status=2 Z=7016.83 VP=(4804.46,2341.45,7399.62)
[SelectTarget] team=2 EnemyN=1 TgtZ=7019.4
[DIST] team=2 EnemyN=1 MyZ=7481.08 TgtZ=7019.4 Dist=568.523
[ROOT] team=2 status=2 Z=7481.08 VP=(5047.37,797.128,5733.32)
[CLAMP_DIAG] team=1 rawDist=455.595 offBoresightDeg=5.83192 clamped=0
runner:local/env:0	num_steps=[11999] | total rewards=[791.0124] | termination= [max time out]
[seed 9] reward=   791.01 ownHP=1.0000 tgtHP=1.0000 max time out
total: 2
[SelectTarget] team=1 EnemyN=1 TgtZ=7006.1
[DIST] team=1 EnemyN=1 MyZ=7396.77 TgtZ=7006.1 Dist=1074.27
[ROOT] team=1 status=2 Z=7396.77 VP=(5817.67,42.5688,6979.87)
[SelectTarget] team=2 EnemyN=1 TgtZ=7396.04
[DIST] team=2 EnemyN=1 MyZ=7006.1 TgtZ=7396.04 Dist=1070.36
[ROOT] team=2 status=2 Z=7006.1 VP=(4811.25,-1611.43,8170.92)
[SYNC] dist=1066.13 dV=-22.0695 thr=0.970695
[SelectTarget] team=1 EnemyN=1 TgtZ=7166.76
[DIST] team=1 EnemyN=1 MyZ=7186.12 TgtZ=7166.76 Dist=1098.42
[ROOT] team=1 status=2 Z=7186.12 VP=(4068.85,-82.7523,7542.11)
[SelectTarget] team=2 EnemyN=1 TgtZ=7184.4
[DIST] team=2 EnemyN=1 MyZ=7166.76 TgtZ=7184.4 Dist=1099.44
[ROOT] team=2 status=2 Z=7166.76 VP=(4494.71,1253.07,8589.26)
[SelectTarget] team=1 EnemyN=1 TgtZ=7531.39
[DIST] team=1 EnemyN=1 MyZ=6834.02 TgtZ=7531.39 Dist=2267
[ROOT] team=1 status=2 Z=6834.02 VP=(3418.37,539.689,7704.02)
[SelectTarget] team=2 EnemyN=1 TgtZ=6831.85
[DIST] team=2 EnemyN=1 MyZ=7531.39 TgtZ=6831.85 Dist=2269.64
[ROOT] team=2 status=2 Z=7531.39 VP=(4619.47,1097.27,8677.7)
[SelectTarget] team=1 EnemyN=1 TgtZ=7993.53
[DIST] team=1 EnemyN=1 MyZ=6418.9 TgtZ=7993.53 Dist=3443.27
[ROOT] team=1 status=2 Z=6418.9 VP=(3381.21,1227.3,8206.24)
[SelectTarget] team=2 EnemyN=1 TgtZ=6416.53
[DIST] team=2 EnemyN=1 MyZ=7993.53 TgtZ=6416.53 Dist=3445.77
[ROOT] team=2 status=2 Z=7993.53 VP=(4871.87,793.705,9015.77)
[PURE_ATA] team=2 ata=136.512 dist=4028.37 leadDist=1309.93 aa=44.4258
[PURE_ATA] team=2 ata=135.895 dist=4059.97 leadDist=1335.2 aa=45.0704
[PURE_ATA] team=2 ata=135.302 dist=4092.51 leadDist=1360.2 aa=45.6813
[PURE_ATA] team=2 ata=134.747 dist=4122.8 leadDist=1385.56 aa=46.4021
[PURE_ATA] team=2 ata=134.226 dist=4153.47 leadDist=1410.77 aa=47.1357
[PURE_ATA] team=2 ata=133.743 dist=4183.79 leadDist=1435.98 aa=47.8161
[PURE_ATA] team=2 ata=133.28 dist=4213.17 leadDist=1461.28 aa=48.5244
[PURE_ATA] team=2 ata=132.83 dist=4243.31 leadDist=1486.36 aa=49.1416
[PURE_ATA] team=2 ata=132.377 dist=4272.74 leadDist=1511.48 aa=49.8364
[PURE_ATA] team=2 ata=131.929 dist=4300.99 leadDist=1536.73 aa=50.6106
[PURE_ATA] team=2 ata=131.478 dist=4329.38 leadDist=1561.85 aa=51.4487
[PURE_ATA] team=2 ata=131.034 dist=4357.47 leadDist=1586.9 aa=52.3328
[PURE_ATA] team=2 ata=130.588 dist=4384.82 leadDist=1611.97 aa=53.3881
[SelectTarget] team=1 EnemyN=1 TgtZ=8532.16
[DIST] team=1 EnemyN=1 MyZ=6014.83 TgtZ=8532.16 Dist=4411.3
[ROOT] team=1 status=2 Z=6014.83 VP=(3859.09,1456.67,8797.68)
[SelectTarget] team=2 EnemyN=1 TgtZ=6012.83
[DIST] team=2 EnemyN=1 MyZ=8532.16 TgtZ=6012.83 Dist=4412.96
[PURE_ATA] team=2 ata=130.15 dist=4412.96 leadDist=1636.74 aa=54.451
[ROOT] team=2 status=2 Z=8532.16 VP=(5570.72,-2147.87,7649.57)
[PURE_ATA] team=2 ata=129.716 dist=4439.26 leadDist=1661.72 aa=55.7433
[PURE_ATA] team=2 ata=129.285 dist=4465.69 leadDist=1686.52 aa=57.1483
[PURE_ATA] team=2 ata=128.862 dist=4492.04 leadDist=1711.17 aa=58.6299
[PURE_ATA] team=2 ata=128.442 dist=4518.5 leadDist=1735.61 aa=60.2149
[PURE_ATA] team=2 ata=128.029 dist=4543.1 leadDist=1760.24 aa=62.0199
[PURE_ATA] team=2 ata=127.621 dist=4569.42 leadDist=1784.34 aa=63.7604
[PURE_ATA] team=2 ata=127.217 dist=4594.05 leadDist=1808.57 aa=65.7376
[PURE_ATA] team=2 ata=126.82 dist=4617.7 leadDist=1832.79 aa=67.8556
[PURE_ATA] team=2 ata=126.422 dist=4642.38 leadDist=1856.59 aa=70.012
[PURE_ATA] team=2 ata=126.035 dist=4664.98 leadDist=1880.58 aa=72.3396
[PURE_ATA] team=2 ata=125.642 dist=4688.79 leadDist=1904.1 aa=74.7304
[PURE_ATA] team=2 ata=125.252 dist=4710.86 leadDist=1927.74 aa=77.3573
[PURE_ATA] team=2 ata=124.863 dist=4733.78 leadDist=1950.96 aa=79.9764
[PURE_ATA] team=2 ata=124.48 dist=4755.73 leadDist=1974.12 aa=82.7101
[PURE_ATA] team=2 ata=124.094 dist=4777.01 leadDist=1997.17 aa=85.6143
[PURE_ATA] team=2 ata=123.71 dist=4799.17 leadDist=2019.78 aa=88.5012
[PURE_ATA] team=2 ata=123.334 dist=4819.4 leadDist=2042.5 aa=91.4986
[PURE_ATA] team=2 ata=122.951 dist=4840.03 leadDist=2064.86 aa=94.6021
[PURE_ATA] team=2 ata=122.574 dist=4860.47 leadDist=2086.99 aa=97.6499
[PURE_ATA] team=2 ata=122.201 dist=4880.06 leadDist=2108.99 aa=100.724
[PURE_ATA] team=2 ata=121.827 dist=4898.93 leadDist=2130.85 aa=103.84
[PURE_ATA] team=2 ata=121.453 dist=4917.9 leadDist=2152.38 aa=106.912
[PURE_ATA] team=2 ata=121.083 dist=4936.82 leadDist=2173.63 aa=109.891
[PURE_ATA] team=2 ata=120.72 dist=4954.76 leadDist=2194.75 aa=112.775
[PURE_ATA] team=2 ata=120.357 dist=4971.96 leadDist=2215.71 aa=115.612
[PURE_ATA] team=2 ata=119.99 dist=4989.37 leadDist=2236.31 aa=118.379
[PURE_ATA] team=2 ata=119.626 dist=5006.74 leadDist=2256.59 aa=121.019
[PURE_ATA] team=2 ata=119.268 dist=5022.41 leadDist=2276.89 aa=123.551
[PURE_ATA] team=2 ata=118.905 dist=5039.11 leadDist=2296.64 aa=125.995
[SelectTarget] team=1 EnemyN=1 TgtZ=9066.94
[DIST] team=1 EnemyN=1 MyZ=5740.68 TgtZ=9066.94 Dist=5054.57
[ROOT] team=1 status=2 Z=5740.68 VP=(4256.74,1379.53,9253.48)
[SelectTarget] team=2 EnemyN=1 TgtZ=5739.73
[DIST] team=2 EnemyN=1 MyZ=9066.94 TgtZ=5739.73 Dist=5054.93
[PURE_ATA] team=2 ata=118.546 dist=5054.93 leadDist=2316.22 aa=128.307
[ROOT] team=2 status=2 Z=9066.94 VP=(4710.58,-2565.16,8055.95)
[PURE_ATA] team=2 ata=118.184 dist=5070.94 leadDist=2335.43 aa=130.537
[PURE_ATA] team=2 ata=117.829 dist=5085.97 leadDist=2354.48 aa=132.606
[PURE_ATA] team=2 ata=117.475 dist=5100.22 leadDist=2373.34 aa=134.566
[PURE_ATA] team=2 ata=117.122 dist=5114.54 leadDist=2391.83 aa=136.424
[PURE_ATA] team=2 ata=116.77 dist=5128.07 leadDist=2410.12 aa=138.173
[PURE_ATA] team=2 ata=116.418 dist=5141.67 leadDist=2428.03 aa=139.842
[PURE_ATA] team=2 ata=116.071 dist=5154.4 leadDist=2445.75 aa=141.39
[PURE_ATA] team=2 ata=115.72 dist=5167.28 leadDist=2463.06 aa=142.877
[PURE_ATA] team=2 ata=115.366 dist=5180.3 leadDist=2479.98 aa=144.309
[PURE_ATA] team=2 ata=115.021 dist=5191.48 leadDist=2496.89 aa=145.597
[PURE_ATA] team=2 ata=114.677 dist=5202.73 leadDist=2513.41 aa=146.814
[PURE_ATA] team=2 ata=114.325 dist=5214.19 leadDist=2529.5 aa=148.002
[PURE_ATA] team=2 ata=113.979 dist=5224.75 leadDist=2545.39 aa=149.1
[PURE_ATA] team=2 ata=113.632 dist=5235.4 leadDist=2560.88 aa=150.144
[PURE_ATA] team=2 ata=113.292 dist=5244.3 leadDist=2576.32 aa=151.094
[PURE_ATA] team=2 ata=112.944 dist=5254.24 leadDist=2591.17 aa=152.037
[PURE_ATA] team=2 ata=112.601 dist=5263.34 leadDist=2605.79 aa=152.918
[PURE_ATA] team=2 ata=112.26 dist=5271.59 leadDist=2620.19 aa=153.74
[PURE_ATA] team=2 ata=111.91 dist=5280.92 leadDist=2633.97 aa=154.568
[PURE_ATA] team=2 ata=111.566 dist=5289.36 leadDist=2647.54 aa=155.335
[PURE_ATA] team=2 ata=111.231 dist=5296.04 leadDist=2661.06 aa=156.014
[PURE_ATA] team=2 ata=110.891 dist=5302.82 leadDist=2674.16 aa=156.679
[PURE_ATA] team=2 ata=110.554 dist=5309.66 leadDist=2686.84 aa=157.313
[PURE_ATA] team=2 ata=110.205 dist=5316.64 leadDist=2699.1 aa=157.947
[PURE_ATA] team=2 ata=109.862 dist=5322.75 leadDist=2711.12 aa=158.529
[PURE_ATA] team=2 ata=109.51 dist=5328.96 leadDist=2722.72 aa=159.103
[PURE_ATA] team=2 ata=109.165 dist=5334.32 leadDist=2734.09 aa=159.625
[PURE_ATA] team=2 ata=108.819 dist=5338.83 leadDist=2745.22 aa=160.113
[PURE_ATA] team=2 ata=108.47 dist=5343.42 leadDist=2755.93 aa=160.594
[SelectTarget] team=1 EnemyN=1 TgtZ=9530.29
[DIST] team=1 EnemyN=1 MyZ=5694 TgtZ=9530.29 Dist=5348.37
[ROOT] team=1 status=2 Z=5694 VP=(4585.69,1095.41,9552.86)
[SelectTarget] team=2 EnemyN=1 TgtZ=5694.45
[DIST] team=2 EnemyN=1 MyZ=9530.29 TgtZ=5694.45 Dist=5348.1
[PURE_ATA] team=2 ata=108.119 dist=5348.1 leadDist=2766.22 aa=161.069
[ROOT] team=2 status=2 Z=9530.29 VP=(3721.9,-2585.29,8460.67)
[PURE_ATA] team=2 ata=107.769 dist=5351.93 leadDist=2776.28 aa=161.512
[PURE_ATA] team=2 ata=107.429 dist=5354.91 leadDist=2786.1 aa=161.916
[PURE_ATA] team=2 ata=107.076 dist=5358.89 leadDist=2795.31 aa=162.346
[PURE_ATA] team=2 ata=106.738 dist=5361.09 leadDist=2804.48 aa=162.712
[PURE_ATA] team=2 ata=106.395 dist=5363.34 leadDist=2813.23 aa=163.078
[PURE_ATA] team=2 ata=106.054 dist=5365.7 leadDist=2821.56 aa=163.442
[PURE_ATA] team=2 ata=105.708 dist=5368.11 leadDist=2829.48 aa=163.802
[PURE_ATA] team=2 ata=105.371 dist=5368.69 leadDist=2837.36 aa=164.112
[PURE_ATA] team=2 ata=105.031 dist=5370.32 leadDist=2844.63 aa=164.441
[PURE_ATA] team=2 ata=104.692 dist=5371.03 leadDist=2851.68 aa=164.747
[PURE_ATA] team=2 ata=104.36 dist=5370.91 leadDist=2858.51 aa=165.022
[PURE_ATA] team=2 ata=104.025 dist=5370.81 leadDist=2864.93 aa=165.304
[PURE_ATA] team=2 ata=103.69 dist=5370.83 leadDist=2870.93 aa=165.581
[PURE_ATA] team=2 ata=103.358 dist=5369.92 leadDist=2876.72 aa=165.84
[PURE_ATA] team=2 ata=103.025 dist=5369.07 leadDist=2882.11 aa=166.097
[PURE_ATA] team=2 ata=102.697 dist=5367.34 leadDist=2887.29 aa=166.329
[PURE_ATA] team=2 ata=102.364 dist=5365.62 leadDist=2892.07 aa=166.567
[PURE_ATA] team=2 ata=102.033 dist=5364.02 leadDist=2896.44 aa=166.804
[PURE_ATA] team=2 ata=101.709 dist=5360.53 leadDist=2900.81 aa=166.995
[PURE_ATA] team=2 ata=101.378 dist=5358.12 leadDist=2904.58 aa=167.209
[PURE_ATA] team=2 ata=101.035 dist=5355.56 leadDist=2907.99 aa=167.43
[PURE_ATA] team=2 ata=100.7 dist=5352.19 leadDist=2911.19 aa=167.626
[PURE_ATA] team=2 ata=100.36 dist=5348.87 leadDist=2914 aa=167.823
[PURE_ATA] team=2 ata=100.023 dist=5344.61 leadDist=2916.63 aa=168
[PURE_ATA] team=2 ata=99.6837 dist=5340.4 leadDist=2918.88 aa=168.176
[PURE_ATA] team=2 ata=99.338 dist=5336.17 leadDist=2920.76 aa=168.351
[PURE_ATA] team=2 ata=99.0012 dist=5331.15 leadDist=2922.43 aa=168.508
[PURE_ATA] team=2 ata=98.668 dist=5325.08 leadDist=2923.95 aa=168.64
[PURE_ATA] team=2 ata=98.3248 dist=5320.01 leadDist=2924.91 aa=168.797
[SelectTarget] team=1 EnemyN=1 TgtZ=9889.27
[DIST] team=1 EnemyN=1 MyZ=5899 TgtZ=9889.27 Dist=5316.04
[ROOT] team=1 status=2 Z=5899 VP=(4768.04,688.866,9711.67)
[SelectTarget] team=2 EnemyN=1 TgtZ=5900.78
[DIST] team=2 EnemyN=1 MyZ=9889.27 TgtZ=5900.78 Dist=5314.06
[PURE_ATA] team=2 ata=97.99 dist=5314.06 leadDist=2925.68 aa=168.932
[ROOT] team=2 status=2 Z=9889.27 VP=(2843.16,-2235.08,8826.46)
[PURE_ATA] team=2 ata=97.6521 dist=5308.08 leadDist=2926.1 aa=169.068
[PURE_ATA] team=2 ata=97.3083 dist=5301.95 leadDist=2926.21 aa=169.205
[PURE_ATA] team=2 ata=96.9762 dist=5295.07 leadDist=2926.11 aa=169.318
[PURE_ATA] team=2 ata=96.6398 dist=5288.13 leadDist=2925.67 aa=169.433
[PURE_ATA] team=2 ata=96.3 dist=5281.15 leadDist=2924.9 aa=169.547
[PURE_ATA] team=2 ata=95.9828 dist=5272.63 leadDist=2924.09 aa=169.621
[PURE_ATA] team=2 ata=95.6371 dist=5265.54 leadDist=2922.66 aa=169.739
[PURE_ATA] team=2 ata=95.3116 dist=5256.81 leadDist=2921.22 aa=169.816
[PURE_ATA] team=2 ata=94.9725 dist=5248.81 leadDist=2919.3 aa=169.919
[PURE_ATA] team=2 ata=94.6413 dist=5239.96 leadDist=2917.21 aa=170.004
[PURE_ATA] team=2 ata=94.3098 dist=5231.18 leadDist=2914.79 aa=170.089
[PURE_ATA] team=2 ata=93.9717 dist=5222.07 leadDist=2912.11 aa=170.178
[PURE_ATA] team=2 ata=93.6461 dist=5212.27 leadDist=2909.25 aa=170.256
[PURE_ATA] team=2 ata=93.3058 dist=5203.15 leadDist=2905.93 aa=170.363
[PURE_ATA] team=2 ata=92.9883 dist=5192.45 leadDist=2902.61 aa=170.437
[PURE_ATA] team=2 ata=92.6578 dist=5182.58 leadDist=2898.81 aa=170.543
[PURE_ATA] team=2 ata=92.3321 dist=5171.46 leadDist=2894.96 aa=170.635
[PURE_ATA] team=2 ata=92.0116 dist=5160.7 leadDist=2890.71 aa=170.736
[PURE_ATA] team=2 ata=91.6743 dist=5150.44 leadDist=2886.07 aa=170.863
[PURE_ATA] team=2 ata=91.3588 dist=5138.5 leadDist=2881.46 aa=170.955
[PURE_ATA] team=2 ata=91.03 dist=5127.2 leadDist=2876.42 aa=171.068
[PURE_ATA] team=2 ata=90.7122 dist=5115.09 leadDist=2871.24 aa=171.165
[PURE_ATA] team=2 ata=90.4077 dist=5102.37 leadDist=2865.88 aa=171.246
[PURE_ATA] team=2 ata=90.0736 dist=5090.62 leadDist=2860.04 aa=171.367
[PURE_ATA] team=2 ata=89.7528 dist=5078.25 leadDist=2854.04 aa=171.474
[PURE_ATA] team=2 ata=89.4443 dist=5065.1 leadDist=2847.9 aa=171.565
[PURE_ATA] team=2 ata=89.1179 dist=5052.19 leadDist=2841.43 aa=171.675
[PURE_ATA] team=2 ata=88.8078 dist=5038.86 leadDist=2834.76 aa=171.769
[PURE_ATA] team=2 ata=88.5054 dist=5024.42 leadDist=2828.03 aa=171.846
[SelectTarget] team=1 EnemyN=1 TgtZ=10135
[DIST] team=1 EnemyN=1 MyZ=6309.22 TgtZ=10135 Dist=5013.85
[ROOT] team=1 status=2 Z=6309.22 VP=(4810.81,285.259,9770.63)
[SelectTarget] team=2 EnemyN=1 TgtZ=6311.94
[DIST] team=2 EnemyN=1 MyZ=10135 TgtZ=6311.94 Dist=5010.91
[PURE_ATA] team=2 ata=88.1931 dist=5010.91 leadDist=2820.84 aa=171.944
[ROOT] team=2 status=2 Z=10135 VP=(2247.33,-1644.7,9132.78)
[PURE_ATA] team=2 ata=87.8754 dist=4996.74 leadDist=2813.51 aa=172.04
[PURE_ATA] team=2 ata=87.5729 dist=4982.2 leadDist=2805.98 aa=172.121
[PURE_ATA] team=2 ata=87.255 dist=4968.01 leadDist=2798.11 aa=172.221
[PURE_ATA] team=2 ata=86.9505 dist=4953.07 leadDist=2790.13 aa=172.303
[PURE_ATA] team=2 ata=86.6291 dist=4938.46 leadDist=2781.82 aa=172.402
[PURE_ATA] team=2 ata=86.3352 dist=4922.51 leadDist=2773.52 aa=172.466
[PURE_ATA] team=2 ata=86.0137 dist=4907.67 leadDist=2764.74 aa=172.566
[PURE_ATA] team=2 ata=85.718 dist=4891.51 leadDist=2755.97 aa=172.632
[PURE_ATA] team=2 ata=85.4078 dist=4875.64 leadDist=2746.9 aa=172.715
[PURE_ATA] team=2 ata=85.0966 dist=4859.65 leadDist=2737.6 aa=172.798
[PURE_ATA] team=2 ata=84.7993 dist=4842.97 leadDist=2728.2 aa=172.865
[PURE_ATA] team=2 ata=84.5014 dist=4825.97 leadDist=2718.62 aa=172.933
[PURE_ATA] team=2 ata=84.2022 dist=4808.87 leadDist=2708.83 aa=172.999
[PURE_ATA] team=2 ata=83.8877 dist=4792.19 leadDist=2698.72 aa=173.083
[PURE_ATA] team=2 ata=83.5882 dist=4774.64 leadDist=2688.55 aa=173.15
[PURE_ATA] team=2 ata=83.2869 dist=4756.97 leadDist=2678.19 aa=173.217
[PURE_ATA] team=2 ata=82.971 dist=4739.71 leadDist=2667.51 aa=173.299
[PURE_ATA] team=2 ata=82.6698 dist=4721.8 leadDist=2656.75 aa=173.363
[PURE_ATA] team=2 ata=82.3822 dist=4702.81 leadDist=2645.99 aa=173.407
[PURE_ATA] team=2 ata=82.065 dist=4685.17 leadDist=2634.75 aa=173.488
[PURE_ATA] team=2 ata=81.776 dist=4665.73 leadDist=2623.65 aa=173.53
[PURE_ATA] team=2 ata=81.4731 dist=4646.89 leadDist=2612.23 aa=173.589
[PURE_ATA] team=2 ata=81.1705 dist=4627.93 leadDist=2600.64 aa=173.649
[PURE_ATA] team=2 ata=80.8676 dist=4608.84 leadDist=2588.87 aa=173.707
[PURE_ATA] team=2 ata=80.5643 dist=4589.39 leadDist=2576.97 aa=173.764
[PURE_ATA] team=2 ata=80.2604 dist=4569.82 leadDist=2564.92 aa=173.818
[PURE_ATA] team=2 ata=79.9721 dist=4549.21 leadDist=2552.88 aa=173.854
[PURE_ATA] team=2 ata=79.6692 dist=4529.39 leadDist=2540.49 aa=173.907
[PURE_ATA] team=2 ata=79.3658 dist=4508.97 leadDist=2528.05 aa=173.957
[SelectTarget] team=1 EnemyN=1 TgtZ=10268
[DIST] team=1 EnemyN=1 MyZ=6851.63 TgtZ=10268 Dist=4492.14
[ROOT] team=1 status=2 Z=6851.63 VP=(4728.57,-95.3789,9755.77)
[SelectTarget] team=2 EnemyN=1 TgtZ=6854.87
[DIST] team=2 EnemyN=1 MyZ=10268 TgtZ=6854.87 Dist=4488.42
[PURE_ATA] team=2 ata=79.0628 dist=4488.42 leadDist=2515.46 aa=174.004
[ROOT] team=2 status=2 Z=10268 VP=(2023.63,-979.186,9370.32)
[PURE_ATA] team=2 ata=78.7604 dist=4467.75 leadDist=2502.71 aa=174.051
[PURE_ATA] team=2 ata=78.4581 dist=4446.7 leadDist=2489.88 aa=174.093
[PURE_ATA] team=2 ata=78.1408 dist=4426.17 leadDist=2476.77 aa=174.151
[PURE_ATA] team=2 ata=77.8557 dist=4404.23 leadDist=2463.78 aa=174.174
[PURE_ATA] team=2 ata=77.5564 dist=4382.81 leadDist=2450.53 aa=174.213
[PURE_ATA] team=2 ata=77.2404 dist=4361.12 leadDist=2437.17 aa=174.259
[PURE_ATA] team=2 ata=76.943 dist=4339.45 leadDist=2423.66 aa=174.296
[PURE_ATA] team=2 ata=76.6457 dist=4316.89 leadDist=2410.18 aa=174.321
[PURE_ATA] team=2 ata=76.3332 dist=4295.06 leadDist=2396.4 aa=174.369
[PURE_ATA] team=2 ata=76.0215 dist=4272.58 leadDist=2382.62 aa=174.408
[PURE_ATA] team=2 ata=75.7125 dist=4249.97 leadDist=2368.72 aa=174.448
[PURE_ATA] team=2 ata=75.4216 dist=4226.91 leadDist=2354.78 aa=174.474
[PURE_ATA] team=2 ata=75.116 dist=4204.04 leadDist=2340.68 aa=174.513
[PURE_ATA] team=2 ata=74.8119 dist=4180.79 leadDist=2326.52 aa=174.549
[PURE_ATA] team=2 ata=74.5104 dist=4157.66 leadDist=2312.21 aa=174.587
[PURE_ATA] team=2 ata=74.2107 dist=4133.89 leadDist=2297.92 aa=174.619
[PURE_ATA] team=2 ata=73.8972 dist=4110.27 leadDist=2283.48 aa=174.664
[PURE_ATA] team=2 ata=73.5844 dist=4086.5 leadDist=2268.95 aa=174.707
[PURE_ATA] team=2 ata=73.2941 dist=4062.35 leadDist=2254.4 aa=174.734
[PURE_ATA] team=2 ata=72.9874 dist=4038.06 leadDist=2239.77 aa=174.767
[PURE_ATA] team=2 ata=72.6842 dist=4013.65 leadDist=2225.06 aa=174.799
[SelectTarget] team=1 EnemyN=1 TgtZ=10294.7
[DIST] team=1 EnemyN=1 MyZ=7443.59 TgtZ=10294.7 Dist=3792.3
[ROOT] team=1 status=2 Z=7443.59 VP=(4441.08,-415.906,9701.17)
[SelectTarget] team=2 EnemyN=1 TgtZ=7446.84
[DIST] team=2 EnemyN=1 MyZ=10294.7 TgtZ=7446.84 Dist=3788.47
[ROOT] team=2 status=2 Z=10294.7 VP=(5403.35,-1100.6,11391.9)
[SelectTarget] team=1 EnemyN=1 TgtZ=10247.5
[DIST] team=1 EnemyN=1 MyZ=8014.92 TgtZ=10247.5 Dist=3021
[ROOT] team=1 status=2 Z=8014.92 VP=(4727.11,-942.376,9637.04)
[SelectTarget] team=2 EnemyN=1 TgtZ=8017.85
[DIST] team=2 EnemyN=1 MyZ=10247.5 TgtZ=8017.85 Dist=3017.15
[ROOT] team=2 status=2 Z=10247.5 VP=(2772.27,-1048.85,9343.25)
[SYNC] dist=2914.35 dV=-72.6389 thr=1
[SelectTarget] team=1 EnemyN=1 TgtZ=10101.9
[DIST] team=1 EnemyN=1 MyZ=8471.57 TgtZ=10101.9 Dist=2223.7
[ROOT] team=1 status=2 Z=8471.57 VP=(4570.28,-799.879,10127.1)
[SelectTarget] team=2 EnemyN=1 TgtZ=8473.92
[DIST] team=2 EnemyN=1 MyZ=10101.9 TgtZ=8473.92 Dist=2220.19
[ROOT] team=2 status=2 Z=10101.9 VP=(3888.27,-2779.02,9176.88)
[SelectTarget] team=1 EnemyN=1 TgtZ=9812.19
[DIST] team=1 EnemyN=1 MyZ=8923.93 TgtZ=9812.19 Dist=1440.8
[ROOT] team=1 status=2 Z=8923.93 VP=(4292.71,-1281.44,9867.89)
[SelectTarget] team=2 EnemyN=1 TgtZ=8926.53
[DIST] team=2 EnemyN=1 MyZ=9812.19 TgtZ=8926.53 Dist=1437.39
[ROOT] team=2 status=2 Z=9812.19 VP=(4277.51,-1416.96,7413.01)
[SelectTarget] team=1 EnemyN=1 TgtZ=9331.93
[DIST] team=1 EnemyN=1 MyZ=9317.82 TgtZ=9331.93 Dist=997.942
[ROOT] team=1 status=2 Z=9317.82 VP=(4077.1,-1706.8,9440.49)
[SelectTarget] team=2 EnemyN=1 TgtZ=9319.49
[DIST] team=2 EnemyN=1 MyZ=9331.93 TgtZ=9319.49 Dist=995.104
[ROOT] team=2 status=2 Z=9331.93 VP=(4259.99,-187.441,8097.38)
[CLAMP_DIAG] team=1 rawDist=884.638 offBoresightDeg=26.5877 clamped=0
[SelectTarget] team=1 EnemyN=1 TgtZ=8670.87
[DIST] team=1 EnemyN=1 MyZ=9485.26 TgtZ=8670.87 Dist=1024
[ROOT] team=1 status=2 Z=9485.26 VP=(3960.14,-1882.7,8973.26)
[SelectTarget] team=2 EnemyN=1 TgtZ=9485.39
[DIST] team=2 EnemyN=1 MyZ=8670.87 TgtZ=9485.39 Dist=1022.77
[ROOT] team=2 status=2 Z=8670.87 VP=(4406.39,71.2468,8925.62)
[SYNC] dist=1060.02 dV=38.583 thr=0.36417
[CLAMP_DIAG] team=1 rawDist=717.2 offBoresightDeg=41.5123 clamped=0
[SelectTarget] team=1 EnemyN=1 TgtZ=8018.83
[DIST] team=1 EnemyN=1 MyZ=9367.67 TgtZ=8018.83 Dist=1397.8
[ROOT] team=1 status=2 Z=9367.67 VP=(3925.31,-1705.74,8717.67)
[SelectTarget] team=2 EnemyN=1 TgtZ=9366.21
[DIST] team=2 EnemyN=1 MyZ=8018.83 TgtZ=9366.21 Dist=1397.05
[ROOT] team=2 status=2 Z=8018.83 VP=(5092.78,-113.08,9000.19)
[CLAMP_DIAG] team=1 rawDist=870.632 offBoresightDeg=73.4899 clamped=0
[SelectTarget] team=1 EnemyN=1 TgtZ=7561.11
[DIST] team=1 EnemyN=1 MyZ=8963.52 TgtZ=7561.11 Dist=1841.81
[ROOT] team=1 status=2 Z=8963.52 VP=(4031.95,-1239.46,8313.52)
[SelectTarget] team=2 EnemyN=1 TgtZ=8960.53
[DIST] team=2 EnemyN=1 MyZ=7561.11 TgtZ=8960.53 Dist=1841.27
[ROOT] team=2 status=2 Z=7561.11 VP=(5441.71,-467.764,9258.5)
[SelectTarget] team=1 EnemyN=1 TgtZ=7397.76
[DIST] team=1 EnemyN=1 MyZ=8328.52 TgtZ=7397.76 Dist=2195.54
[ROOT] team=1 status=2 Z=8328.52 VP=(4323.46,-669.353,7678.52)
[SelectTarget] team=2 EnemyN=1 TgtZ=8324.61
[DIST] team=2 EnemyN=1 MyZ=7397.76 TgtZ=8324.61 Dist=2194.06
[ROOT] team=2 status=2 Z=7397.76 VP=(5493.54,-940.368,9426.28)
[SelectTarget] team=1 EnemyN=1 TgtZ=7524.07
[DIST] team=1 EnemyN=1 MyZ=7635.21 TgtZ=7524.07 Dist=2381.41
[ROOT] team=1 status=2 Z=7635.21 VP=(4741.68,-180.864,7471.21)
[SelectTarget] team=2 EnemyN=1 TgtZ=7631.62
[DIST] team=2 EnemyN=1 MyZ=7524.07 TgtZ=7631.62 Dist=2378.8
[ROOT] team=2 status=2 Z=7524.07 VP=(5346.49,-1349.64,9108.9)
[SYNC] dist=2388.97 dV=-51.444 thr=1
[SelectTarget] team=1 EnemyN=1 TgtZ=7845.94
[DIST] team=1 EnemyN=1 MyZ=7105.04 TgtZ=7845.94 Dist=2368.25
[ROOT] team=1 status=2 Z=7105.04 VP=(5195.07,95.4745,7761.75)
[SelectTarget] team=2 EnemyN=1 TgtZ=7102.89
[DIST] team=2 EnemyN=1 MyZ=7845.94 TgtZ=7102.89 Dist=2365.35
[ROOT] team=2 status=2 Z=7845.94 VP=(5443.43,-1741.84,8167.99)
[SelectTarget] team=1 EnemyN=1 TgtZ=8185.94
[DIST] team=1 EnemyN=1 MyZ=6889.76 TgtZ=8185.94 Dist=2174.16
[ROOT] team=1 status=2 Z=6889.76 VP=(5604.54,85.4234,8108.2)
[SelectTarget] team=2 EnemyN=1 TgtZ=6889.58
[DIST] team=2 EnemyN=1 MyZ=8185.94 TgtZ=6889.58 Dist=2170.71
[ROOT] team=2 status=2 Z=8185.94 VP=(5624.84,-1924.44,7410.52)
[SelectTarget] team=1 EnemyN=1 TgtZ=8383.69
[DIST] team=1 EnemyN=1 MyZ=7028.2 TgtZ=8383.69 Dist=1855.18
[ROOT] team=1 status=2 Z=7028.2 VP=(5955.6,-176.03,8351.31)
[SelectTarget] team=2 EnemyN=1 TgtZ=7029.85
[DIST] team=2 EnemyN=1 MyZ=8383.69 TgtZ=7029.85 Dist=1851.81
[ROOT] team=2 status=2 Z=8383.69 VP=(5857.02,-1678.89,6571.09)
[SelectTarget] team=1 EnemyN=1 TgtZ=8337.04
[DIST] team=1 EnemyN=1 MyZ=7426.4 TgtZ=8337.04 Dist=1472.25
[ROOT] team=1 status=2 Z=7426.4 VP=(6228.78,-597.471,8373.22)
[SelectTarget] team=2 EnemyN=1 TgtZ=7428.94
[DIST] team=2 EnemyN=1 MyZ=8337.04 TgtZ=7428.94 Dist=1468.74
[ROOT] team=2 status=2 Z=8337.04 VP=(6051.79,-910.589,5959.71)
[SYNC] dist=1416.71 dV=-57.9774 thr=1
[SelectTarget] team=1 EnemyN=1 TgtZ=8000.04
[DIST] team=1 EnemyN=1 MyZ=7837.97 TgtZ=8000.04 Dist=1117.16
[ROOT] team=1 status=2 Z=7837.97 VP=(6408.75,-1036.4,8093.07)
[SelectTarget] team=2 EnemyN=1 TgtZ=7839.73
[DIST] team=2 EnemyN=1 MyZ=8000.04 TgtZ=7839.73 Dist=1113.3
[ROOT] team=2 status=2 Z=8000.04 VP=(5947.9,74.4178,6298.86)
[SelectTarget] team=1 EnemyN=1 TgtZ=7417.35
[DIST] team=1 EnemyN=1 MyZ=7991.48 TgtZ=7417.35 Dist=927.941
[ROOT] team=1 status=2 Z=7991.48 VP=(6483.13,-1296.2,7535.09)
[SelectTarget] team=2 EnemyN=1 TgtZ=7991.31
[DIST] team=2 EnemyN=1 MyZ=7417.35 TgtZ=7991.31 Dist=925.283
[ROOT] team=2 status=2 Z=7417.35 VP=(5920.55,569.172,7408.37)
[CLAMP_DIAG] team=1 rawDist=636.533 offBoresightDeg=15.2781 clamped=0
[SelectTarget] team=1 EnemyN=1 TgtZ=6763.39
[DIST] team=1 EnemyN=1 MyZ=7773.29 TgtZ=6763.39 Dist=1012.83
[ROOT] team=1 status=2 Z=7773.29 VP=(6444.38,-1219.09,7266.87)
[SelectTarget] team=2 EnemyN=1 TgtZ=7771.03
[DIST] team=2 EnemyN=1 MyZ=6763.39 TgtZ=7771.03 Dist=1010.64
[ROOT] team=2 status=2 Z=6763.39 VP=(6423.21,735.082,7789.59)
[CLAMP_DIAG] team=1 rawDist=671.664 offBoresightDeg=50.668 clamped=0
[SelectTarget] team=1 EnemyN=1 TgtZ=6282.54
[DIST] team=1 EnemyN=1 MyZ=7209.55 TgtZ=6282.54 Dist=1268.96
[ROOT] team=1 status=2 Z=7209.55 VP=(6357.91,-772.906,6575.07)
[SelectTarget] team=2 EnemyN=1 TgtZ=7205.69
[DIST] team=2 EnemyN=1 MyZ=6282.54 TgtZ=7205.69 Dist=1267.02
[ROOT] team=2 status=2 Z=6282.54 VP=(6595.94,452.268,8319.19)
[SYNC] dist=1302.75 dV=-7.35649 thr=0.823565
[SelectTarget] team=1 EnemyN=1 TgtZ=6154.18
[DIST] team=1 EnemyN=1 MyZ=6478.14 TgtZ=6154.18 Dist=1514.93
[ROOT] team=1 status=2 Z=6478.14 VP=(6298.7,-110.689,6144.14)
[SelectTarget] team=2 EnemyN=1 TgtZ=6474.18
[DIST] team=2 EnemyN=1 MyZ=6154.18 TgtZ=6474.18 Dist=1511.37
[ROOT] team=2 status=2 Z=6154.18 VP=(6742.09,43.2373,8422.96)
[SelectTarget] team=1 EnemyN=1 TgtZ=6391.25
[DIST] team=1 EnemyN=1 MyZ=5883.56 TgtZ=6391.25 Dist=1648.91
[ROOT] team=1 status=2 Z=5883.56 VP=(6302.95,523.624,6321.57)
[SelectTarget] team=2 EnemyN=1 TgtZ=5881.15
[DIST] team=2 EnemyN=1 MyZ=6391.25 TgtZ=5881.15 Dist=1645.79
[ROOT] team=2 status=2 Z=6391.25 VP=(6881.62,-409.216,7608.71)
[SelectTarget] team=1 EnemyN=1 TgtZ=6844.74
[DIST] team=1 EnemyN=1 MyZ=5659.63 TgtZ=6844.74 Dist=1657.12
[ROOT] team=1 status=2 Z=5659.63 VP=(6389.27,939.075,6740.13)
[SelectTarget] team=2 EnemyN=1 TgtZ=5659.64
[DIST] team=2 EnemyN=1 MyZ=6844.74 TgtZ=5659.64 Dist=1654.35
[ROOT] team=2 status=2 Z=6844.74 VP=(7053.39,-715.802,7275.25)
[SelectTarget] team=1 EnemyN=1 TgtZ=7327.27
[DIST] team=1 EnemyN=1 MyZ=5878.97 TgtZ=7327.27 Dist=1558.28
[ROOT] team=1 status=2 Z=5878.97 VP=(6552.82,1084.56,7217.78)
[SelectTarget] team=2 EnemyN=1 TgtZ=5881.31
[DIST] team=2 EnemyN=1 MyZ=7327.27 TgtZ=5881.31 Dist=1554.92
[ROOT] team=2 status=2 Z=7327.27 VP=(7171.41,-831.196,6752.19)
[SYNC] dist=1534.51 dV=-99.9043 thr=1
[SelectTarget] team=1 EnemyN=1 TgtZ=7703.54
[DIST] team=1 EnemyN=1 MyZ=6432.89 TgtZ=7703.54 Dist=1367.9
[ROOT] team=1 status=2 Z=6432.89 VP=(6768.48,995.093,7621.02)
[SelectTarget] team=2 EnemyN=1 TgtZ=6436.42
[DIST] team=2 EnemyN=1 MyZ=7703.54 TgtZ=6436.42 Dist=1364.49
[ROOT] team=2 status=2 Z=7703.54 VP=(7212.6,-635.912,6124.81)
[SelectTarget] team=1 EnemyN=1 TgtZ=7892.85
[DIST] team=1 EnemyN=1 MyZ=7047.08 TgtZ=7892.85 Dist=1124.44
[ROOT] team=1 status=2 Z=7047.08 VP=(7012.91,727.997,7866.16)
[SelectTarget] team=2 EnemyN=1 TgtZ=7050.18
[DIST] team=2 EnemyN=1 MyZ=7892.85 TgtZ=7050.18 Dist=1120.7
[ROOT] team=2 status=2 Z=7892.85 VP=(7056.66,-78.3715,5622.95)
[SelectTarget] team=1 EnemyN=1 TgtZ=7841.96
[DIST] team=1 EnemyN=1 MyZ=7518.27 TgtZ=7841.96 Dist=885.442
[ROOT] team=1 status=2 Z=7518.27 VP=(7259.69,350.913,7882.43)
[SelectTarget] team=2 EnemyN=1 TgtZ=7520.34
[DIST] team=2 EnemyN=1 MyZ=7841.96 TgtZ=7520.34 Dist=882.763
[ROOT] team=2 status=2 Z=7841.96 VP=(6800.63,590.644,5616.41)
[CLAMP_DIAG] team=1 rawDist=780.777 offBoresightDeg=3.32352 clamped=0
[SelectTarget] team=1 EnemyN=1 TgtZ=7522.36
[DIST] team=1 EnemyN=1 MyZ=7756.59 TgtZ=7522.36 Dist=743.241
[ROOT] team=1 status=2 Z=7756.59 VP=(7459.32,-33.3576,7616.18)
[SelectTarget] team=2 EnemyN=1 TgtZ=7757.04
[DIST] team=2 EnemyN=1 MyZ=7522.36 TgtZ=7757.04 Dist=740.383
[ROOT] team=2 status=2 Z=7522.36 VP=(6590.74,1124.11,6453.14)
[CLAMP_DIAG] team=1 rawDist=643.304 offBoresightDeg=8.09037 clamped=0
[SYNC] dist=734.678 dV=-1.44043 thr=0.764404
[SelectTarget] team=1 EnemyN=1 TgtZ=6975.58
[DIST] team=1 EnemyN=1 MyZ=7666.62 TgtZ=6975.58 Dist=771.404
[ROOT] team=1 status=2 Z=7666.62 VP=(7536.92,-274.693,7280.92)
[SelectTarget] team=2 EnemyN=1 TgtZ=7665.15
[DIST] team=2 EnemyN=1 MyZ=6975.58 TgtZ=7665.15 Dist=768.787
[ROOT] team=2 status=2 Z=6975.58 VP=(6580.79,1442.64,7059.97)
[CLAMP_DIAG] team=1 rawDist=486.751 offBoresightDeg=10.3614 clamped=0
[SelectTarget] team=1 EnemyN=1 TgtZ=6352.7
[DIST] team=1 EnemyN=1 MyZ=7238.11 TgtZ=6352.7 Dist=924.528
[ROOT] team=1 status=2 Z=7238.11 VP=(7442.04,-232.126,6775.85)
[SelectTarget] team=2 EnemyN=1 TgtZ=7234.89
[DIST] team=2 EnemyN=1 MyZ=6352.7 TgtZ=7234.89 Dist=921.803
[ROOT] team=2 status=2 Z=6352.7 VP=(6875.72,1580.13,7525.13)
[CLAMP_DIAG] team=1 rawDist=540.152 offBoresightDeg=37.028 clamped=0
[SelectTarget] team=1 EnemyN=1 TgtZ=5886.28
[DIST] team=1 EnemyN=1 MyZ=6568.28 TgtZ=5886.28 Dist=1089.89
[ROOT] team=1 status=2 Z=6568.28 VP=(7217.95,155.457,6023.34)
[SelectTarget] team=2 EnemyN=1 TgtZ=6564.31
[DIST] team=2 EnemyN=1 MyZ=5886.28 TgtZ=6564.31 Dist=1086.17
[ROOT] team=2 status=2 Z=5886.28 VP=(7072.46,1347.61,7955.1)
[SelectTarget] team=1 EnemyN=1 TgtZ=5772.31
[DIST] team=1 EnemyN=1 MyZ=5921.65 TgtZ=5772.31 Dist=1174.82
[ROOT] team=1 status=2 Z=5921.65 VP=(6962.56,768.461,5759.72)
[SelectTarget] team=2 EnemyN=1 TgtZ=5918.75
[DIST] team=2 EnemyN=1 MyZ=5772.31 TgtZ=5918.75 Dist=1170.12
[ROOT] team=2 status=2 Z=5772.31 VP=(7199.36,906.84,7899.39)
[SYNC] dist=1172.57 dV=-34.6732 thr=1
[SelectTarget] team=1 EnemyN=1 TgtZ=6033.15
[DIST] team=1 EnemyN=1 MyZ=5605.89 TgtZ=6033.15 Dist=1136.94
[ROOT] team=1 status=2 Z=5605.89 VP=(6775.12,1365,5959.75)
[SelectTarget] team=2 EnemyN=1 TgtZ=5605.42
[DIST] team=2 EnemyN=1 MyZ=6033.15 TgtZ=5605.42 Dist=1133.21
[ROOT] team=2 status=2 Z=6033.15 VP=(7355.82,463.768,7262.12)
[CLAMP_DIAG] team=1 rawDist=891.04 offBoresightDeg=3.13076 clamped=0
[SelectTarget] team=1 EnemyN=1 TgtZ=6513.37
[DIST] team=1 EnemyN=1 MyZ=5757.18 TgtZ=6513.37 Dist=997.437
[ROOT] team=1 status=2 Z=5757.18 VP=(6706.63,1756.22,6404.52)
[SelectTarget] team=2 EnemyN=1 TgtZ=5759.26
[DIST] team=2 EnemyN=1 MyZ=6513.37 TgtZ=5759.26 Dist=993.177
[ROOT] team=2 status=2 Z=6513.37 VP=(7517.11,177.587,6953.22)
[CLAMP_DIAG] team=1 rawDist=693.212 offBoresightDeg=2.4731 clamped=0
[SelectTarget] team=1 EnemyN=1 TgtZ=7024.25
[DIST] team=1 EnemyN=1 MyZ=6261.27 TgtZ=7024.25 Dist=795.391
[ROOT] team=1 status=2 Z=6261.27 VP=(6758.85,1894.06,6909.25)
[SelectTarget] team=2 EnemyN=1 TgtZ=6264.55
[DIST] team=2 EnemyN=1 MyZ=7024.25 TgtZ=6264.55 Dist=791.898
[ROOT] team=2 status=2 Z=7024.25 VP=(7648.7,90.0536,6463.1)
[CLAMP_DIAG] team=1 rawDist=501.913 offBoresightDeg=4.10526 clamped=0
[SelectTarget] team=1 EnemyN=1 TgtZ=7433.18
[DIST] team=1 EnemyN=1 MyZ=6873.31 TgtZ=7433.18 Dist=607.481
[ROOT] team=1 status=2 Z=6873.31 VP=(6904.84,1811.66,7342.5)
[SelectTarget] team=2 EnemyN=1 TgtZ=6876.66
[DIST] team=2 EnemyN=1 MyZ=7433.18 TgtZ=6876.66 Dist=604.574
[ROOT] team=2 status=2 Z=7433.18 VP=(7601.96,231.176,5911.04)
[SYNC] dist=585.097 dV=-53.5018 thr=1
[CLAMP_DIAG] team=1 rawDist=401.437 offBoresightDeg=11.3898 clamped=0
[SelectTarget] team=1 EnemyN=1 TgtZ=7663.04
[DIST] team=1 EnemyN=1 MyZ=7405.63 TgtZ=7663.04 Dist=515.696
[ROOT] team=1 status=2 Z=7405.63 VP=(7118.81,1565.44,7624.29)
[SelectTarget] team=2 EnemyN=1 TgtZ=7408.09
[DIST] team=2 EnemyN=1 MyZ=7663.04 TgtZ=7408.09 Dist=514.039
[ROOT] team=2 status=2 Z=7663.04 VP=(7376.52,658.234,5592.19)
[CLAMP_DIAG] team=1 rawDist=424.605 offBoresightDeg=20.3971 clamped=0
[SelectTarget] team=1 EnemyN=1 TgtZ=7662.39
[DIST] team=1 EnemyN=1 MyZ=7741.05 TgtZ=7662.39 Dist=544.374
[ROOT] team=1 status=2 Z=7741.05 VP=(7364.13,1210.15,7690.59)
[SelectTarget] team=2 EnemyN=1 TgtZ=7742.27
[DIST] team=2 EnemyN=1 MyZ=7662.39 TgtZ=7742.27 Dist=542.773
[ROOT] team=2 status=2 Z=7662.39 VP=(7048.98,1278.98,5784.63)
[CLAMP_DIAG] team=1 rawDist=521.031 offBoresightDeg=20.5605 clamped=0
[SelectTarget] team=1 EnemyN=1 TgtZ=7403.87
[DIST] team=1 EnemyN=1 MyZ=7835.01 TgtZ=7403.87 Dist=651.09
[ROOT] team=1 status=2 Z=7835.01 VP=(7582.77,833.38,7509.46)
[SelectTarget] team=2 EnemyN=1 TgtZ=7834.78
[DIST] team=2 EnemyN=1 MyZ=7403.87 TgtZ=7834.78 Dist=648.58
[ROOT] team=2 status=2 Z=7403.87 VP=(6781.79,1835.26,6339.54)
[CLAMP_DIAG] team=1 rawDist=457.941 offBoresightDeg=7.61948 clamped=0
[SelectTarget] team=1 EnemyN=1 TgtZ=6915.7
[DIST] team=1 EnemyN=1 MyZ=7649.91 TgtZ=6915.7 Dist=779.728
[ROOT] team=1 status=2 Z=7649.91 VP=(7697.92,567.298,7260.05)
[SelectTarget] team=2 EnemyN=1 TgtZ=7648.07
[DIST] team=2 EnemyN=1 MyZ=6915.7 TgtZ=7648.07 Dist=777.016
[ROOT] team=2 status=2 Z=6915.7 VP=(6690.43,2175.88,6760.46)
[SYNC] dist=793.359 dV=14.25 thr=0.6075
[CLAMP_DIAG] team=1 rawDist=453.471 offBoresightDeg=15.3703 clamped=0
[SelectTarget] team=1 EnemyN=1 TgtZ=6312.65
[DIST] team=1 EnemyN=1 MyZ=7183.13 TgtZ=6312.65 Dist=884.446
[ROOT] team=1 status=2 Z=7183.13 VP=(7650.04,543.452,6740.91)
[SelectTarget] team=2 EnemyN=1 TgtZ=7179.87
[DIST] team=2 EnemyN=1 MyZ=6312.65 TgtZ=7179.87 Dist=881.368
[ROOT] team=2 status=2 Z=6312.65 VP=(6936.45,2374.78,7254.34)
[CLAMP_DIAG] team=1 rawDist=644.635 offBoresightDeg=13.3571 clamped=0
[SelectTarget] team=1 EnemyN=1 TgtZ=5800.63
[DIST] team=1 EnemyN=1 MyZ=6531.97 TgtZ=5800.63 Dist=919.301
[ROOT] team=1 status=2 Z=6531.97 VP=(7457.52,849.171,6072.32)
[SelectTarget] team=2 EnemyN=1 TgtZ=6528.24
[DIST] team=2 EnemyN=1 MyZ=5800.63 TgtZ=6528.24 Dist=916.087
[ROOT] team=2 status=2 Z=5800.63 VP=(7126.28,2211.6,7712.54)
[CLAMP_DIAG] team=1 rawDist=754.246 offBoresightDeg=3.16721 clamped=0
[SelectTarget] team=1 EnemyN=1 TgtZ=5599.05
[DIST] team=1 EnemyN=1 MyZ=5936.35 TgtZ=5599.05 Dist=860.981
[ROOT] team=1 status=2 Z=5936.35 VP=(7197.25,1417.81,5602.65)
[SelectTarget] team=2 EnemyN=1 TgtZ=5933.57
[DIST] team=2 EnemyN=1 MyZ=5599.05 TgtZ=5933.57 Dist=856.032
[ROOT] team=2 status=2 Z=5599.05 VP=(7250.25,1844.36,7905.86)
[CLAMP_DIAG] team=1 rawDist=640.069 offBoresightDeg=4.46188 clamped=0
[SelectTarget] team=1 EnemyN=1 TgtZ=5786.15
[DIST] team=1 EnemyN=1 MyZ=5611.95 TgtZ=5786.15 Dist=748.392
[ROOT] team=1 status=2 Z=5611.95 VP=(6971.4,2027.66,5724.14)
[SelectTarget] team=2 EnemyN=1 TgtZ=5611.34
[DIST] team=2 EnemyN=1 MyZ=5786.15 TgtZ=5611.34 Dist=744.293
[ROOT] team=2 status=2 Z=5786.15 VP=(7418.37,1312.92,7376.03)
[SYNC] dist=730.132 dV=-43.213 thr=1
[CLAMP_DIAG] team=1 rawDist=537.777 offBoresightDeg=4.63904 clamped=0
[SelectTarget] team=1 EnemyN=1 TgtZ=6240.64
[DIST] team=1 EnemyN=1 MyZ=5736.15 TgtZ=6240.64 Dist=649.563
[ROOT] team=1 status=2 Z=5736.15 VP=(6844.53,2458.24,6135.96)
[SelectTarget] team=2 EnemyN=1 TgtZ=5738.01
[DIST] team=2 EnemyN=1 MyZ=6240.64 TgtZ=5738.01 Dist=646.283
[ROOT] team=2 status=2 Z=6240.64 VP=(7586.5,972.087,6871.11)
[CLAMP_DIAG] team=1 rawDist=468.397 offBoresightDeg=5.62766 clamped=0
[SelectTarget] team=1 EnemyN=1 TgtZ=6765.28
[DIST] team=1 EnemyN=1 MyZ=6187.84 TgtZ=6765.28 Dist=583.581
[ROOT] team=1 status=2 Z=6187.84 VP=(6840.77,2632.43,6647.93)
[SelectTarget] team=2 EnemyN=1 TgtZ=6190.76
[DIST] team=2 EnemyN=1 MyZ=6765.28 TgtZ=6190.76 Dist=580.548
[ROOT] team=2 status=2 Z=6765.28 VP=(7756.53,848.198,6412.34)
[CLAMP_DIAG] team=1 rawDist=432.997 offBoresightDeg=5.95542 clamped=0
[SelectTarget] team=1 EnemyN=1 TgtZ=7209.62
[DIST] team=1 EnemyN=1 MyZ=6715.89 TgtZ=7209.62 Dist=548.74
[ROOT] team=1 status=2 Z=6715.89 VP=(6944.13,2578.71,7110.91)
[SelectTarget] team=2 EnemyN=1 TgtZ=6718.7
[DIST] team=2 EnemyN=1 MyZ=7209.62 TgtZ=6718.7 Dist=546.088
[ROOT] team=2 status=2 Z=7209.62 VP=(7848.23,998.543,5854.49)
[CLAMP_DIAG] team=1 rawDist=426.031 offBoresightDeg=4.44796 clamped=0
[SelectTarget] team=1 EnemyN=1 TgtZ=7482.29
[DIST] team=1 EnemyN=1 MyZ=7162.87 TgtZ=7482.29 Dist=540.602
[ROOT] team=1 status=2 Z=7162.87 VP=(7137.02,2358.88,7431.14)
[SelectTarget] team=2 EnemyN=1 TgtZ=7164.95
[DIST] team=2 EnemyN=1 MyZ=7482.29 TgtZ=7164.95 Dist=538.961
[ROOT] team=2 status=2 Z=7482.29 VP=(7682.34,1398.99,5431.91)
[SYNC] dist=539.377 dV=-4.68141 thr=0.796814
[CLAMP_DIAG] team=1 rawDist=439.221 offBoresightDeg=3.69649 clamped=0
[SelectTarget] team=1 EnemyN=1 TgtZ=7531.07
[DIST] team=1 EnemyN=1 MyZ=7454.03 TgtZ=7531.07 Dist=551.387
[ROOT] team=1 status=2 Z=7454.03 VP=(7379.48,2031.59,7545.98)
[SelectTarget] team=2 EnemyN=1 TgtZ=7455.14
[DIST] team=2 EnemyN=1 MyZ=7531.07 TgtZ=7455.14 Dist=549.423
[ROOT] team=2 status=2 Z=7531.07 VP=(7322.75,1984.57,5459.57)
[CLAMP_DIAG] team=1 rawDist=468.747 offBoresightDeg=3.70679 clamped=0
[SelectTarget] team=1 EnemyN=1 TgtZ=7330.71
[DIST] team=1 EnemyN=1 MyZ=7550.73 TgtZ=7330.71 Dist=581.765
[ROOT] team=1 status=2 Z=7550.73 VP=(7624.44,1676.25,7406.92)
[SelectTarget] team=2 EnemyN=1 TgtZ=7550.65
[DIST] team=2 EnemyN=1 MyZ=7330.71 TgtZ=7550.65 Dist=579.017
[ROOT] team=2 status=2 Z=7330.71 VP=(6987.38,2558.19,5934.57)
[CLAMP_DIAG] team=1 rawDist=455.25 offBoresightDeg=2.25482 clamped=0
[SelectTarget] team=1 EnemyN=1 TgtZ=6894.48
[DIST] team=1 EnemyN=1 MyZ=7408.7 TgtZ=6894.48 Dist=627.367
[ROOT] team=1 status=2 Z=7408.7 VP=(7801.24,1410.11,7095.01)
[SelectTarget] team=2 EnemyN=1 TgtZ=7407.19
[DIST] team=2 EnemyN=1 MyZ=6894.48 TgtZ=7407.19 Dist=625.089
[ROOT] team=2 status=2 Z=6894.48 VP=(6841.24,2830.69,6328.03)
[CLAMP_DIAG] team=1 rawDist=348.672 offBoresightDeg=11.9287 clamped=0
[SelectTarget] team=1 EnemyN=1 TgtZ=6311.17
[DIST] team=1 EnemyN=1 MyZ=7009.91 TgtZ=6311.17 Dist=699.079
[ROOT] team=1 status=2 Z=7009.91 VP=(7834.94,1357,6660.37)
[SelectTarget] team=2 EnemyN=1 TgtZ=7006.95
[DIST] team=2 EnemyN=1 MyZ=6311.17 TgtZ=7006.95 Dist=696.187
[ROOT] team=2 status=2 Z=6311.17 VP=(6754.54,3037.52,7062.48)
[SYNC] dist=707.748 dV=5.81317 thr=0.691868
[CLAMP_DIAG] team=1 rawDist=547.629 offBoresightDeg=23.5407 clamped=0
[SelectTarget] team=1 EnemyN=1 TgtZ=5770.64
[DIST] team=1 EnemyN=1 MyZ=6382 TgtZ=5770.64 Dist=780.734
[ROOT] team=1 status=2 Z=6382 VP=(7677.79,1602.63,5991.64)
[SelectTarget] team=2 EnemyN=1 TgtZ=6378.19
[DIST] team=2 EnemyN=1 MyZ=5770.64 TgtZ=6378.19 Dist=777.613
[ROOT] team=2 status=2 Z=5770.64 VP=(6846.31,2889.28,7554.13)
[CLAMP_DIAG] team=1 rawDist=707.671 offBoresightDeg=11.053 clamped=0
[SelectTarget] team=1 EnemyN=1 TgtZ=5506.96
[DIST] team=1 EnemyN=1 MyZ=5748.36 TgtZ=5506.96 Dist=824.225
[ROOT] team=1 status=2 Z=5748.36 VP=(7357.58,2098.39,5522.44)
[SelectTarget] team=2 EnemyN=1 TgtZ=5745.47
[DIST] team=2 EnemyN=1 MyZ=5506.96 TgtZ=5745.47 Dist=820.569
[ROOT] team=2 status=2 Z=5506.96 VP=(7069.72,2529.89,7704.75)
[CLAMP_DIAG] team=1 rawDist=691.207 offBoresightDeg=3.69842 clamped=0
[SelectTarget] team=1 EnemyN=1 TgtZ=5636.93
[DIST] team=1 EnemyN=1 MyZ=5437.32 TgtZ=5636.93 Dist=803.776
[ROOT] team=1 status=2 Z=5437.32 VP=(6998.21,2654.35,5584.07)
[SelectTarget] team=2 EnemyN=1 TgtZ=5436.89
[DIST] team=2 EnemyN=1 MyZ=5636.93 TgtZ=5436.89 Dist=800.587
[ROOT] team=2 status=2 Z=5636.93 VP=(7348.88,2095.26,7284.52)
[CLAMP_DIAG] team=1 rawDist=619.866 offBoresightDeg=3.08905 clamped=0
[SelectTarget] team=1 EnemyN=1 TgtZ=6068
[DIST] team=1 EnemyN=1 MyZ=5560.45 TgtZ=6068 Dist=730.772
[ROOT] team=1 status=2 Z=5560.45 VP=(6732.63,3061.93,5967.11)
[SelectTarget] team=2 EnemyN=1 TgtZ=5562.1
[DIST] team=2 EnemyN=1 MyZ=6068 TgtZ=5562.1 Dist=727.179
[ROOT] team=2 status=2 Z=6068 VP=(7574.25,1739.38,6828.04)
[SYNC] dist=715.025 dV=-33.0271 thr=1
[CLAMP_DIAG] team=1 rawDist=536.888 offBoresightDeg=3.89183 clamped=0
[SelectTarget] team=1 EnemyN=1 TgtZ=6600.78
[DIST] team=1 EnemyN=1 MyZ=5973.41 TgtZ=6600.78 Dist=648.632
[ROOT] team=1 status=2 Z=5973.41 VP=(6620.62,3225.51,6482.61)
[SelectTarget] team=2 EnemyN=1 TgtZ=5976.19
[DIST] team=2 EnemyN=1 MyZ=6600.78 TgtZ=5976.19 Dist=645.48
[ROOT] team=2 status=2 Z=6600.78 VP=(7683.4,1545.08,6389.34)
[CLAMP_DIAG] team=1 rawDist=481.576 offBoresightDeg=4.95077 clamped=0
[SelectTarget] team=1 EnemyN=1 TgtZ=7069.66
[DIST] team=1 EnemyN=1 MyZ=6499.36 TgtZ=7069.66 Dist=595.34
[ROOT] team=1 status=2 Z=6499.36 VP=(6650.84,3163.37,6965.88)
[SelectTarget] team=2 EnemyN=1 TgtZ=6502.27
[DIST] team=2 EnemyN=1 MyZ=7069.66 TgtZ=6502.27 Dist=592.953
[ROOT] team=2 status=2 Z=7069.66 VP=(7649.42,1575.34,5838.95)
[CLAMP_DIAG] team=1 rawDist=465.176 offBoresightDeg=5.90413 clamped=0
[SelectTarget] team=1 EnemyN=1 TgtZ=7373.97
[DIST] team=1 EnemyN=1 MyZ=6978.58 TgtZ=7373.97 Dist=580.273
[ROOT] team=1 status=2 Z=6978.58 VP=(6789.38,2929.66,7314.65)
[SelectTarget] team=2 EnemyN=1 TgtZ=6980.92
[DIST] team=2 EnemyN=1 MyZ=7373.97 TgtZ=6980.92 Dist=577.683
[ROOT] team=2 status=2 Z=7373.97 VP=(7452.41,1897.72,5326.9)
runner:local/env:0	num_steps=[11999] | total rewards=[788.3111] | termination= [max time out]
[seed 10] reward=   788.31 ownHP=1.0000 tgtHP=1.0000 max time out
total: 2
[SelectTarget] team=1 EnemyN=1 TgtZ=6982.36
[DIST] team=1 EnemyN=1 MyZ=6470.27 TgtZ=6982.36 Dist=2369.33
[ROOT] team=1 status=2 Z=6470.27 VP=(4540.59,-63.5064,6327.95)
[SelectTarget] team=2 EnemyN=1 TgtZ=6469.75
[DIST] team=2 EnemyN=1 MyZ=6982.36 TgtZ=6469.75 Dist=2372.68
[ROOT] team=2 status=2 Z=6982.36 VP=(5089.91,-1954.95,6271.2)
[SYNC] dist=2405.04 dV=5.19586 thr=0.698041
[SelectTarget] team=1 EnemyN=1 TgtZ=6794.25
[DIST] team=1 EnemyN=1 MyZ=6302.06 TgtZ=6794.25 Dist=2587.47
[ROOT] team=1 status=2 Z=6302.06 VP=(3874.76,-363.095,5964.68)
[SelectTarget] team=2 EnemyN=1 TgtZ=6300.67
[DIST] team=2 EnemyN=1 MyZ=6794.25 TgtZ=6300.67 Dist=2588.31
[ROOT] team=2 status=2 Z=6794.25 VP=(5270.16,-1931.91,5575.31)
[SelectTarget] team=1 EnemyN=1 TgtZ=6316.23
[DIST] team=1 EnemyN=1 MyZ=5974.28 TgtZ=6316.23 Dist=2682.25
[ROOT] team=1 status=2 Z=5974.28 VP=(3570.13,-906.969,5324.28)
[SelectTarget] team=2 EnemyN=1 TgtZ=5972.07
[DIST] team=2 EnemyN=1 MyZ=6316.23 TgtZ=5972.07 Dist=2681.5
[ROOT] team=2 status=2 Z=6316.23 VP=(5451.38,-1617.59,4919.83)
[SelectTarget] team=1 EnemyN=1 TgtZ=5576.9
[DIST] team=1 EnemyN=1 MyZ=5531.67 TgtZ=5576.9 Dist=2584.57
[ROOT] team=1 status=2 Z=5531.67 VP=(3711.72,-1327.16,4881.67)
[SelectTarget] team=2 EnemyN=1 TgtZ=5529.08
[DIST] team=2 EnemyN=1 MyZ=5576.9 TgtZ=5529.08 Dist=2581.66
[ROOT] team=2 status=2 Z=5576.9 VP=(5489.07,-1157.73,4451.61)
[SelectTarget] team=1 EnemyN=1 TgtZ=4701.46
[DIST] team=1 EnemyN=1 MyZ=5097.93 TgtZ=4701.46 Dist=2305.97
[ROOT] team=1 status=2 Z=5097.93 VP=(4019.2,-1597.51,4858.35)
[SelectTarget] team=2 EnemyN=1 TgtZ=5096.03
[DIST] team=2 EnemyN=1 MyZ=4701.46 TgtZ=5096.03 Dist=2300.6
[ROOT] team=2 status=2 Z=4701.46 VP=(5912.41,-1221.42,4410.71)
[SYNC] dist=2261.67 dV=14.4558 thr=0.605442
[SelectTarget] team=1 EnemyN=1 TgtZ=3919.19
[DIST] team=1 EnemyN=1 MyZ=4788.04 TgtZ=3919.19 Dist=2046.39
[ROOT] team=1 status=2 Z=4788.04 VP=(4612.15,-1640.53,4138.04)
[SelectTarget] team=2 EnemyN=1 TgtZ=4785.96
[DIST] team=2 EnemyN=1 MyZ=3919.19 TgtZ=4785.96 Dist=2040.71
[ROOT] team=2 status=2 Z=3919.19 VP=(4134.59,237.771,3863.11)
[SelectTarget] team=1 EnemyN=1 TgtZ=3193.38
[DIST] team=1 EnemyN=1 MyZ=4360.4 TgtZ=3193.38 Dist=1698.11
[ROOT] team=1 status=2 Z=4360.4 VP=(5096.21,-1157.49,3710.4)
[SelectTarget] team=2 EnemyN=1 TgtZ=4357.61
[DIST] team=2 EnemyN=1 MyZ=3193.38 TgtZ=4357.61 Dist=1692.56
[ROOT] team=2 status=2 Z=3193.38 VP=(3532.76,121.422,3562.7)
[SelectTarget] team=1 EnemyN=1 TgtZ=2645.37
[DIST] team=1 EnemyN=1 MyZ=3773.52 TgtZ=2645.37 Dist=1421.52
[ROOT] team=1 status=2 Z=3773.52 VP=(5061.91,-328.277,3123.52)
[SelectTarget] team=2 EnemyN=1 TgtZ=3769.8
[DIST] team=2 EnemyN=1 MyZ=2645.37 TgtZ=3769.8 Dist=1417.02
[ROOT] team=2 status=2 Z=2645.37 VP=(3247.57,-47.5823,3948.82)
[SelectTarget] team=1 EnemyN=1 TgtZ=2478.61
[DIST] team=1 EnemyN=1 MyZ=3056.13 TgtZ=2478.61 Dist=1372.11
[ROOT] team=1 status=2 Z=3056.13 VP=(4481,444.422,2486.83)
[SelectTarget] team=2 EnemyN=1 TgtZ=3052.04
[DIST] team=2 EnemyN=1 MyZ=2478.61 TgtZ=3052.04 Dist=1367.79
[ROOT] team=2 status=2 Z=2478.61 VP=(3350.8,80.5022,4533.4)
[SYNC] dist=1380.41 dV=-13.8384 thr=0.888384
[SelectTarget] team=1 EnemyN=1 TgtZ=2774.36
[DIST] team=1 EnemyN=1 MyZ=2439.33 TgtZ=2774.36 Dist=1618.1
[ROOT] team=1 status=2 Z=2439.33 VP=(3631.01,891.592,2722.93)
[SelectTarget] team=2 EnemyN=1 TgtZ=2436.9
[DIST] team=2 EnemyN=1 MyZ=2774.36 TgtZ=2436.9 Dist=1614.96
[ROOT] team=2 status=2 Z=2774.36 VP=(3271.24,-755.732,3487.72)
[SelectTarget] team=1 EnemyN=1 TgtZ=3212.86
[DIST] team=1 EnemyN=1 MyZ=2165.09 TgtZ=3212.86 Dist=2018.38
[ROOT] team=1 status=2 Z=2165.09 VP=(2850.61,762.315,3148.65)
[SelectTarget] team=2 EnemyN=1 TgtZ=2164.56
[DIST] team=2 EnemyN=1 MyZ=3212.86 TgtZ=2164.56 Dist=2015.48
[ROOT] team=2 status=2 Z=3212.86 VP=(3766.86,-928.443,3346.23)
[SelectTarget] team=1 EnemyN=1 TgtZ=3530.85
[DIST] team=1 EnemyN=1 MyZ=2241.13 TgtZ=3530.85 Dist=2249.52
[ROOT] team=1 status=2 Z=2241.13 VP=(2393.14,121.398,3495.25)
[SelectTarget] team=2 EnemyN=1 TgtZ=2242.41
[DIST] team=2 EnemyN=1 MyZ=3530.85 TgtZ=2242.41 Dist=2246.27
[ROOT] team=2 status=2 Z=3530.85 VP=(3928.79,-988.861,2388.96)
[SelectTarget] team=1 EnemyN=1 TgtZ=3412.42
[DIST] team=1 EnemyN=1 MyZ=2558.92 TgtZ=3412.42 Dist=2182.5
[ROOT] team=1 status=2 Z=2558.92 VP=(2399.72,-714.267,3449.23)
[SelectTarget] team=2 EnemyN=1 TgtZ=2560.91
[DIST] team=2 EnemyN=1 MyZ=3412.42 TgtZ=2560.91 Dist=2178.85
[ROOT] team=2 status=2 Z=3412.42 VP=(3422.1,-658.872,2000)
[SYNC] dist=2143.14 dV=-9.77438 thr=0.847744
[SelectTarget] team=1 EnemyN=1 TgtZ=2793.76
[DIST] team=1 EnemyN=1 MyZ=2837.28 TgtZ=2793.76 Dist=1801.38
[ROOT] team=1 status=2 Z=2837.28 VP=(2658.18,-1209.18,3043.75)
[SelectTarget] team=2 EnemyN=1 TgtZ=2838.05
[DIST] team=2 EnemyN=1 MyZ=2793.76 TgtZ=2838.05 Dist=1796.28
[ROOT] team=2 status=2 Z=2793.76 VP=(3699.4,-2015.57,7658.54)
[SelectTarget] team=1 EnemyN=1 TgtZ=2225.71
[DIST] team=1 EnemyN=1 MyZ=2765.87 TgtZ=2225.71 Dist=1656.26
[ROOT] team=1 status=2 Z=2765.87 VP=(3264.33,-1636.97,2321)
[SelectTarget] team=2 EnemyN=1 TgtZ=2764.42
[DIST] team=2 EnemyN=1 MyZ=2225.71 TgtZ=2764.42 Dist=1651.51
[ROOT] team=2 status=2 Z=2225.71 VP=(4879.76,-523.87,2022.92)
[SelectTarget] team=1 EnemyN=1 TgtZ=2001.53
[DIST] team=1 EnemyN=1 MyZ=2449.18 TgtZ=2001.53 Dist=1592.05
[ROOT] team=1 status=2 Z=2449.18 VP=(4151.27,-1974.73,2026.39)
[SelectTarget] team=2 EnemyN=1 TgtZ=2447.39
[DIST] team=2 EnemyN=1 MyZ=2001.53 TgtZ=2447.39 Dist=1586.32
[ROOT] team=2 status=2 Z=2001.53 VP=(4992.77,-306.096,3181.62)
[SelectTarget] team=1 EnemyN=1 TgtZ=2073.43
[DIST] team=1 EnemyN=1 MyZ=2178.81 TgtZ=2073.43 Dist=1342.14
[ROOT] team=1 status=2 Z=2178.81 VP=(5063.09,-1813.71,2050.22)
[SelectTarget] team=2 EnemyN=1 TgtZ=2177.75
[DIST] team=2 EnemyN=1 MyZ=2073.43 TgtZ=2177.75 Dist=1336.86
[ROOT] team=2 status=2 Z=2073.43 VP=(4410.64,-92.5688,2967.54)
[SelectTarget] team=1 EnemyN=1 TgtZ=2293.57
[DIST] team=1 EnemyN=1 MyZ=2103.65 TgtZ=2293.57 Dist=999.209
[ROOT] team=1 status=2 Z=2103.65 VP=(5600.09,-1141.57,2258.97)
[SelectTarget] team=2 EnemyN=1 TgtZ=2103.9
[DIST] team=2 EnemyN=1 MyZ=2293.57 TgtZ=2103.9 Dist=993.214
[ROOT] team=2 status=2 Z=2293.57 VP=(3791.39,-263.367,2177.41)
[CLAMP_DIAG] team=1 rawDist=755.782 offBoresightDeg=19.6057 clamped=0
[SYNC] dist=840.255 dV=-25.259 thr=1
[SelectTarget] team=1 EnemyN=1 TgtZ=2341.99
[DIST] team=1 EnemyN=1 MyZ=2206.99 TgtZ=2341.99 Dist=837.686
[ROOT] team=1 status=2 Z=2206.99 VP=(5493.47,-298.373,2342.46)
[SelectTarget] team=2 EnemyN=1 TgtZ=2207.66
[DIST] team=2 EnemyN=1 MyZ=2341.99 TgtZ=2207.66 Dist=832.835
[ROOT] team=2 status=2 Z=2341.99 VP=(3674.04,-963.703,2000)
[CLAMP_DIAG] team=1 rawDist=819.558 offBoresightDeg=45.2333 clamped=0
[SelectTarget] team=1 EnemyN=1 TgtZ=2137.05
[DIST] team=1 EnemyN=1 MyZ=2263.54 TgtZ=2137.05 Dist=1065.72
[ROOT] team=1 status=2 Z=2263.54 VP=(4926.48,138.329,2195.19)
[SelectTarget] team=2 EnemyN=1 TgtZ=2263.34
[DIST] team=2 EnemyN=1 MyZ=2137.05 TgtZ=2263.34 Dist=1062.74
[ROOT] team=2 status=2 Z=2137.05 VP=(3244.31,453.327,6907.6)
[SelectTarget] team=1 EnemyN=1 TgtZ=1949.94
[DIST] team=1 EnemyN=1 MyZ=2129.4 TgtZ=1949.94 Dist=1439.27
[ROOT] team=1 status=2 Z=2129.4 VP=(3847.44,1181.87,6900.48)
[SelectTarget] team=2 EnemyN=1 TgtZ=2128.15
[DIST] team=2 EnemyN=1 MyZ=1949.94 TgtZ=2128.15 Dist=1435.56
[ROOT] team=2 status=2 Z=1949.94 VP=(3932.67,-1820.27,2520.62)
[SelectTarget] team=1 EnemyN=1 TgtZ=1941.82
[DIST] team=1 EnemyN=1 MyZ=1947.63 TgtZ=1941.82 Dist=1718.94
[ROOT] team=1 status=2 Z=1947.63 VP=(2908.21,755.15,6726.77)
[SelectTarget] team=2 EnemyN=1 TgtZ=1946.85
[DIST] team=2 EnemyN=1 MyZ=1941.82 TgtZ=1946.85 Dist=1715.59
[ROOT] team=2 status=2 Z=1941.82 VP=(4829.72,-1622.15,2302.28)
[SelectTarget] team=1 EnemyN=1 TgtZ=1941.8
[DIST] team=1 EnemyN=1 MyZ=1862.04 TgtZ=1941.8 Dist=1877.9
[ROOT] team=1 status=2 Z=1862.04 VP=(3219.57,-1197.88,1939.1)
[SelectTarget] team=2 EnemyN=1 TgtZ=1861.75
[DIST] team=2 EnemyN=1 MyZ=1941.8 TgtZ=1861.75 Dist=1874.66
[ROOT] team=2 status=2 Z=1941.8 VP=(5187.46,-1075.53,2000)
[SYNC] dist=1889.66 dV=-20.3204 thr=0.953204
[SelectTarget] team=1 EnemyN=1 TgtZ=1872.35
[DIST] team=1 EnemyN=1 MyZ=1827 TgtZ=1872.35 Dist=1881.75
[ROOT] team=1 status=2 Z=1827 VP=(3790.26,-1794.55,1878.38)
[SelectTarget] team=2 EnemyN=1 TgtZ=1826.93
[DIST] team=2 EnemyN=1 MyZ=1872.35 TgtZ=1826.93 Dist=1878.78
[ROOT] team=2 status=2 Z=1872.35 VP=(5126.39,-290.823,2000)
[SelectTarget] team=1 EnemyN=1 TgtZ=1842.45
[DIST] team=1 EnemyN=1 MyZ=1810.63 TgtZ=1842.45 Dist=1796.07
[ROOT] team=1 status=2 Z=1810.63 VP=(4610.38,-1870.23,1842.11)
[SelectTarget] team=2 EnemyN=1 TgtZ=1810.71
[DIST] team=2 EnemyN=1 MyZ=1842.45 TgtZ=1810.71 Dist=1792.85
[ROOT] team=2 status=2 Z=1842.45 VP=(4572.78,8.63376,2000)
[SelectTarget] team=1 EnemyN=1 TgtZ=1836.52
[DIST] team=1 EnemyN=1 MyZ=1806.9 TgtZ=1836.52 Dist=1667.75
[ROOT] team=1 status=2 Z=1806.9 VP=(5223.28,-1311.41,1823.36)
[SelectTarget] team=2 EnemyN=1 TgtZ=1807
[DIST] team=2 EnemyN=1 MyZ=1836.52 TgtZ=1807 Dist=1664.58
[ROOT] team=2 status=2 Z=1836.52 VP=(3599.55,-137.709,2000)
[SelectTarget] team=1 EnemyN=1 TgtZ=1860.85
[DIST] team=1 EnemyN=1 MyZ=1827.42 TgtZ=1860.85 Dist=1608.54
[ROOT] team=1 status=2 Z=1827.42 VP=(5235.88,-504.445,1852.74)
[SelectTarget] team=2 EnemyN=1 TgtZ=1827.97
[DIST] team=2 EnemyN=1 MyZ=1860.85 TgtZ=1827.97 Dist=1605.33
[ROOT] team=2 status=2 Z=1860.85 VP=(3359.7,-973.496,2000)
[SYNC] dist=1659.4 dV=-20.5776 thr=0.955776
[SelectTarget] team=1 EnemyN=1 TgtZ=1895.02
[DIST] team=1 EnemyN=1 MyZ=1845.62 TgtZ=1895.02 Dist=1710.36
[ROOT] team=1 status=2 Z=1845.62 VP=(6160.51,-291.173,6630.91)
[SelectTarget] team=2 EnemyN=1 TgtZ=1845.32
[DIST] team=2 EnemyN=1 MyZ=1895.02 TgtZ=1845.32 Dist=1709.42
[ROOT] team=2 status=2 Z=1895.02 VP=(3890.39,-1717.25,2592.21)
[SelectTarget] team=1 EnemyN=1 TgtZ=1994.55
[DIST] team=1 EnemyN=1 MyZ=1829.45 TgtZ=1994.55 Dist=1869.73
[ROOT] team=1 status=2 Z=1829.45 VP=(3880.63,-151.061,1977.22)
[SelectTarget] team=2 EnemyN=1 TgtZ=1829.2
[DIST] team=2 EnemyN=1 MyZ=1994.55 TgtZ=1829.2 Dist=1868.41
[ROOT] team=2 status=2 Z=1994.55 VP=(4862.72,-1759.7,2537.08)
[SelectTarget] team=1 EnemyN=1 TgtZ=2069.24
[DIST] team=1 EnemyN=1 MyZ=1831.56 TgtZ=2069.24 Dist=1990.04
[ROOT] team=1 status=2 Z=1831.56 VP=(3563.02,-829.867,2055.54)
[SelectTarget] team=2 EnemyN=1 TgtZ=1831.61
[DIST] team=2 EnemyN=1 MyZ=2069.24 TgtZ=1831.61 Dist=1988.27
[ROOT] team=2 status=2 Z=2069.24 VP=(5502.18,-1004.92,2349.82)
[SelectTarget] team=1 EnemyN=1 TgtZ=2081.38
[DIST] team=1 EnemyN=1 MyZ=1811.02 TgtZ=2081.38 Dist=1961.16
[ROOT] team=1 status=2 Z=1811.02 VP=(3907.7,-1485.5,2075.63)
[SelectTarget] team=2 EnemyN=1 TgtZ=1810.79
[DIST] team=2 EnemyN=1 MyZ=2081.38 TgtZ=1810.79 Dist=1960.15
[ROOT] team=2 status=2 Z=2081.38 VP=(5230.2,28.1155,2000)
[SYNC] dist=1872.34 dV=-30.7121 thr=1
[SelectTarget] team=1 EnemyN=1 TgtZ=2027.77
[DIST] team=1 EnemyN=1 MyZ=1851.78 TgtZ=2027.77 Dist=1856.46
[ROOT] team=1 status=2 Z=1851.78 VP=(4628.34,-1613.77,2035.35)
[SelectTarget] team=2 EnemyN=1 TgtZ=1852.79
[DIST] team=2 EnemyN=1 MyZ=2027.77 TgtZ=1852.79 Dist=1856.3
[ROOT] team=2 status=2 Z=2027.77 VP=(4286.95,206.188,2000)
[SelectTarget] team=1 EnemyN=1 TgtZ=1939.82
[DIST] team=1 EnemyN=1 MyZ=1981.16 TgtZ=1939.82 Dist=1868.15
[ROOT] team=1 status=2 Z=1981.16 VP=(5163.98,-1115.82,1943.34)
[SelectTarget] team=2 EnemyN=1 TgtZ=1981.44
[DIST] team=2 EnemyN=1 MyZ=1939.82 TgtZ=1981.44 Dist=1867.54
[ROOT] team=2 status=2 Z=1939.82 VP=(3509.82,-174.14,2644.53)
[SelectTarget] team=1 EnemyN=1 TgtZ=2000.23
[DIST] team=1 EnemyN=1 MyZ=1948.54 TgtZ=2000.23 Dist=1853.09
[ROOT] team=1 status=2 Z=1948.54 VP=(5122.5,-383.237,1974.3)
[SelectTarget] team=2 EnemyN=1 TgtZ=1947.94
[DIST] team=2 EnemyN=1 MyZ=2000.23 TgtZ=1947.94 Dist=1852.41
[ROOT] team=2 status=2 Z=2000.23 VP=(3441.66,-1151.19,2727.74)
[SelectTarget] team=1 EnemyN=1 TgtZ=2161.28
[DIST] team=1 EnemyN=1 MyZ=1883.62 TgtZ=2161.28 Dist=1890.99
[ROOT] team=1 status=2 Z=1883.62 VP=(4569.86,42.7897,2131.54)
[SelectTarget] team=2 EnemyN=1 TgtZ=1883.34
[DIST] team=2 EnemyN=1 MyZ=2161.28 TgtZ=1883.34 Dist=1891.07
[ROOT] team=2 status=2 Z=2161.28 VP=(4059.69,-1791.55,2524.8)
[SYNC] dist=1902.51 dV=-42.1326 thr=1
[SelectTarget] team=1 EnemyN=1 TgtZ=2264.81
[DIST] team=1 EnemyN=1 MyZ=1822.11 TgtZ=2264.81 Dist=1898.83
[ROOT] team=1 status=2 Z=1822.11 VP=(3897.72,-117.9,2244.22)
[SelectTarget] team=2 EnemyN=1 TgtZ=1821.79
[DIST] team=2 EnemyN=1 MyZ=2264.81 TgtZ=1821.79 Dist=1898.48
[ROOT] team=2 status=2 Z=2264.81 VP=(5002.83,-1793.3,2005.8)
[SelectTarget] team=1 EnemyN=1 TgtZ=2278.15
[DIST] team=1 EnemyN=1 MyZ=1820.36 TgtZ=2278.15 Dist=1880.09
[ROOT] team=1 status=2 Z=1820.36 VP=(3576.03,-736.197,2278.43)
[SelectTarget] team=2 EnemyN=1 TgtZ=1821.14
[DIST] team=2 EnemyN=1 MyZ=2278.15 TgtZ=1821.14 Dist=1880.43
[ROOT] team=2 status=2 Z=2278.15 VP=(4806.31,-1251.62,2000)
[SelectTarget] team=1 EnemyN=1 TgtZ=2163.64
[DIST] team=1 EnemyN=1 MyZ=2021.67 TgtZ=2163.64 Dist=1970.86
[ROOT] team=1 status=2 Z=2021.67 VP=(3828.07,-1388.09,2182.07)
[SelectTarget] team=2 EnemyN=1 TgtZ=2022.72
[DIST] team=2 EnemyN=1 MyZ=2163.64 TgtZ=2022.72 Dist=1970.98
[ROOT] team=2 status=2 Z=2163.64 VP=(5369.58,-147.295,2411.32)
[SelectTarget] team=1 EnemyN=1 TgtZ=2068.93
[DIST] team=1 EnemyN=1 MyZ=2149.14 TgtZ=2068.93 Dist=1933.6
[ROOT] team=1 status=2 Z=2149.14 VP=(4500.1,-1606.28,2070.64)
[SelectTarget] team=2 EnemyN=1 TgtZ=2149.4
[DIST] team=2 EnemyN=1 MyZ=2068.93 TgtZ=2149.4 Dist=1932.96
[ROOT] team=2 status=2 Z=2068.93 VP=(4526.9,290.563,2825.05)
[SYNC] dist=1853.18 dV=-22.8926 thr=0.978926
[SelectTarget] team=1 EnemyN=1 TgtZ=2135.55
[DIST] team=1 EnemyN=1 MyZ=2110.97 TgtZ=2135.55 Dist=1776.95
[ROOT] team=1 status=2 Z=2110.97 VP=(5114.96,-1244.4,2108.02)
[SelectTarget] team=2 EnemyN=1 TgtZ=2110.32
[DIST] team=2 EnemyN=1 MyZ=2135.55 TgtZ=2110.32 Dist=1776.49
[ROOT] team=2 status=2 Z=2135.55 VP=(3662.04,-78.9953,2851.74)
[SelectTarget] team=1 EnemyN=1 TgtZ=2346.78
[DIST] team=1 EnemyN=1 MyZ=1962.12 TgtZ=2346.78 Dist=1615.48
[ROOT] team=1 status=2 Z=1962.12 VP=(5254.59,-586.923,2302.64)
[SelectTarget] team=2 EnemyN=1 TgtZ=1961.43
[DIST] team=2 EnemyN=1 MyZ=2346.78 TgtZ=1961.43 Dist=1614.82
[ROOT] team=2 status=2 Z=2346.78 VP=(3259.21,-819.433,2110.32)
[SelectTarget] team=1 EnemyN=1 TgtZ=2497.56
[DIST] team=1 EnemyN=1 MyZ=1939.56 TgtZ=2497.56 Dist=1633.38
[ROOT] team=1 status=2 Z=1939.56 VP=(4860.53,-60.9581,2479.64)
[SelectTarget] team=2 EnemyN=1 TgtZ=1939.79
[DIST] team=2 EnemyN=1 MyZ=2497.56 TgtZ=1939.79 Dist=1633.36
[ROOT] team=2 status=2 Z=2497.56 VP=(3698.76,-1698.45,2266.82)
[SelectTarget] team=1 EnemyN=1 TgtZ=2486.83
[DIST] team=1 EnemyN=1 MyZ=2029.49 TgtZ=2486.83 Dist=1728.72
[ROOT] team=1 status=2 Z=2029.49 VP=(4185.7,10.6826,2491.21)
[SelectTarget] team=2 EnemyN=1 TgtZ=2030.22
[DIST] team=2 EnemyN=1 MyZ=2486.83 TgtZ=2030.22 Dist=1729.71
[ROOT] team=2 status=2 Z=2486.83 VP=(4612.48,-1954.84,2000)
[SYNC] dist=1783.37 dV=-22.8411 thr=0.978411
[SelectTarget] team=1 EnemyN=1 TgtZ=2336.87
[DIST] team=1 EnemyN=1 MyZ=2169.98 TgtZ=2336.87 Dist=1811.18
[ROOT] team=1 status=2 Z=2169.98 VP=(3672.33,-440.984,2362.81)
[SelectTarget] team=2 EnemyN=1 TgtZ=2170.7
[DIST] team=2 EnemyN=1 MyZ=2336.87 TgtZ=2170.7 Dist=1810.8
[ROOT] team=2 status=2 Z=2336.87 VP=(5443.04,-1385.29,2049.67)
[SelectTarget] team=1 EnemyN=1 TgtZ=2109.01
[DIST] team=1 EnemyN=1 MyZ=2254.27 TgtZ=2109.01 Dist=1804.8
[ROOT] team=1 status=2 Z=2254.27 VP=(3695.37,-1121.11,2140.25)
[SelectTarget] team=2 EnemyN=1 TgtZ=2254.4
[DIST] team=2 EnemyN=1 MyZ=2109.01 TgtZ=2254.4 Dist=1803.74
[ROOT] team=2 status=2 Z=2109.01 VP=(5558.47,-358.74,2271.76)
[SelectTarget] team=1 EnemyN=1 TgtZ=1932.67
[DIST] team=1 EnemyN=1 MyZ=2203.4 TgtZ=1932.67 Dist=1687.01
[ROOT] team=1 status=2 Z=2203.4 VP=(4261.01,-1524.26,1948.21)
[SelectTarget] team=2 EnemyN=1 TgtZ=2202.69
[DIST] team=2 EnemyN=1 MyZ=1932.67 TgtZ=2202.69 Dist=1686.89
[ROOT] team=2 status=2 Z=1932.67 VP=(4862.47,390.337,2383.5)
[SelectTarget] team=1 EnemyN=1 TgtZ=1886.7
[DIST] team=1 EnemyN=1 MyZ=2022.47 TgtZ=1886.7 Dist=1526.11
[ROOT] team=1 status=2 Z=2022.47 VP=(4951.65,-1338.87,1882.15)
[SelectTarget] team=2 EnemyN=1 TgtZ=2021.49
[DIST] team=2 EnemyN=1 MyZ=1886.7 TgtZ=2021.49 Dist=1525.31
[ROOT] team=2 status=2 Z=1886.7 VP=(4435.78,133.3,2000)
[SYNC] dist=1557.25 dV=-23.8186 thr=0.988186
[SelectTarget] team=1 EnemyN=1 TgtZ=1896.12
[DIST] team=1 EnemyN=1 MyZ=1883.5 TgtZ=1896.12 Dist=1662.42
[ROOT] team=1 status=2 Z=1883.5 VP=(4962.3,137.211,1545.86)
[SelectTarget] team=2 EnemyN=1 TgtZ=1883.01
[DIST] team=2 EnemyN=1 MyZ=1896.12 TgtZ=1883.01 Dist=1663.37
[ROOT] team=2 status=2 Z=1896.12 VP=(3333.49,-444.779,2000)
[SelectTarget] team=1 EnemyN=1 TgtZ=1899.77
[DIST] team=1 EnemyN=1 MyZ=1807.97 TgtZ=1899.77 Dist=2103.91
[ROOT] team=1 status=2 Z=1807.97 VP=(5000.16,-2957.69,6593.89)
[SelectTarget] team=2 EnemyN=1 TgtZ=1807.56
[DIST] team=2 EnemyN=1 MyZ=1899.77 TgtZ=1807.56 Dist=2106.45
[ROOT] team=2 status=2 Z=1899.77 VP=(3561.18,-1491.75,2037.25)
[SelectTarget] team=1 EnemyN=1 TgtZ=1892.73
[DIST] team=1 EnemyN=1 MyZ=1899.52 TgtZ=1892.73 Dist=2576.11
[ROOT] team=1 status=2 Z=1899.52 VP=(3556.69,-467.583,1500)
[SelectTarget] team=2 EnemyN=1 TgtZ=1900.83
[DIST] team=2 EnemyN=1 MyZ=1892.73 TgtZ=1900.83 Dist=2578.32
[ROOT] team=2 status=2 Z=1892.73 VP=(4321.68,-1742.44,2711.82)
[SelectTarget] team=1 EnemyN=1 TgtZ=1989.89
[DIST] team=1 EnemyN=1 MyZ=2084.64 TgtZ=1989.89 Dist=2697
[ROOT] team=1 status=2 Z=2084.64 VP=(3695.61,-1306.09,1902.47)
[SelectTarget] team=2 EnemyN=1 TgtZ=2085.24
[DIST] team=2 EnemyN=1 MyZ=1989.89 TgtZ=2085.24 Dist=2697.95
[ROOT] team=2 status=2 Z=1989.89 VP=(5111.21,-1129.15,3244.17)
[SYNC] dist=2569.63 dV=-40.5379 thr=1
[SelectTarget] team=1 EnemyN=1 TgtZ=2320.03
[DIST] team=1 EnemyN=1 MyZ=2116.57 TgtZ=2320.03 Dist=2395.55
[ROOT] team=1 status=2 Z=2116.57 VP=(3630.87,-965.544,2249.12)
[SelectTarget] team=2 EnemyN=1 TgtZ=2116.42
[DIST] team=2 EnemyN=1 MyZ=2320.03 TgtZ=2116.42 Dist=2395.19
[ROOT] team=2 status=2 Z=2320.03 VP=(4946.23,-369.918,3493.67)
[SelectTarget] team=1 EnemyN=1 TgtZ=2786.13
[DIST] team=1 EnemyN=1 MyZ=2064.11 TgtZ=2786.13 Dist=1852.51
[ROOT] team=1 status=2 Z=2064.11 VP=(3977,-1284.67,2696.72)
[SelectTarget] team=2 EnemyN=1 TgtZ=2063.91
[DIST] team=2 EnemyN=1 MyZ=2786.13 TgtZ=2063.91 Dist=1850.37
[ROOT] team=2 status=2 Z=2786.13 VP=(4344.48,-104.611,3968.18)
[SelectTarget] team=1 EnemyN=1 TgtZ=3275.66
[DIST] team=1 EnemyN=1 MyZ=2147.81 TgtZ=3275.66 Dist=1385.25
[ROOT] team=1 status=2 Z=2147.81 VP=(4263.8,-1264.71,3045.94)
[SelectTarget] team=2 EnemyN=1 TgtZ=2149.23
[DIST] team=2 EnemyN=1 MyZ=3275.66 TgtZ=2149.23 Dist=1382.04
[ROOT] team=2 status=2 Z=3275.66 VP=(5124.92,-73.567,4408.87)
[SelectTarget] team=1 EnemyN=1 TgtZ=3719.51
[DIST] team=1 EnemyN=1 MyZ=2601.53 TgtZ=3719.51 Dist=1128.77
[ROOT] team=1 status=2 Z=2601.53 VP=(4507.33,-818.714,3650.93)
[SelectTarget] team=2 EnemyN=1 TgtZ=2605.08
[DIST] team=2 EnemyN=1 MyZ=3719.51 TgtZ=2605.08 Dist=1125.6
[ROOT] team=2 status=2 Z=3719.51 VP=(4929.86,872.286,2188.78)
[SYNC] dist=1014.1 dV=-33.5415 thr=1
[SelectTarget] team=1 EnemyN=1 TgtZ=3793.71
[DIST] team=1 EnemyN=1 MyZ=3287.88 TgtZ=3793.71 Dist=961.615
[ROOT] team=1 status=2 Z=3287.88 VP=(4758.18,-307.184,3813.17)
[SelectTarget] team=2 EnemyN=1 TgtZ=3291.5
[DIST] team=2 EnemyN=1 MyZ=3793.71 TgtZ=3291.5 Dist=958.367
[ROOT] team=2 status=2 Z=3793.71 VP=(4128.82,21.2203,2000)
[CLAMP_DIAG] team=1 rawDist=868.629 offBoresightDeg=27.3794 clamped=0
[SelectTarget] team=1 EnemyN=1 TgtZ=3421.87
[DIST] team=1 EnemyN=1 MyZ=3782.79 TgtZ=3421.87 Dist=986.766
[ROOT] team=1 status=2 Z=3782.79 VP=(4891.18,226.507,3512.44)
[SelectTarget] team=2 EnemyN=1 TgtZ=3784.45
[DIST] team=2 EnemyN=1 MyZ=3421.87 TgtZ=3784.45 Dist=984.484
[ROOT] team=2 status=2 Z=3421.87 VP=(3488.52,-676.582,2739.29)
[CLAMP_DIAG] team=1 rawDist=910.185 offBoresightDeg=37.1494 clamped=0
[SelectTarget] team=1 EnemyN=1 TgtZ=2823.93
[DIST] team=1 EnemyN=1 MyZ=3846.8 TgtZ=2823.93 Dist=1169.93
[ROOT] team=1 status=2 Z=3846.8 VP=(4702.28,490.95,3261.83)
[SelectTarget] team=2 EnemyN=1 TgtZ=3845.81
[DIST] team=2 EnemyN=1 MyZ=2823.93 TgtZ=3845.81 Dist=1168.1
[ROOT] team=2 status=2 Z=2823.93 VP=(3543.57,-1125.68,3637.95)
[CLAMP_DIAG] team=1 rawDist=794.465 offBoresightDeg=39.7076 clamped=0
[SelectTarget] team=1 EnemyN=1 TgtZ=2408.98
[DIST] team=1 EnemyN=1 MyZ=3472.37 TgtZ=2408.98 Dist=1351.36
[ROOT] team=1 status=2 Z=3472.37 VP=(4207.02,330.991,2822.37)
[SelectTarget] team=2 EnemyN=1 TgtZ=3469.39
[DIST] team=2 EnemyN=1 MyZ=2408.98 TgtZ=3469.39 Dist=1349.23
[ROOT] team=2 status=2 Z=2408.98 VP=(4177.7,-1095.85,4268.58)
[SYNC] dist=1405.46 dV=-9.4657 thr=0.844657
[SelectTarget] team=1 EnemyN=1 TgtZ=2448.19
[DIST] team=1 EnemyN=1 MyZ=2872.91 TgtZ=2448.19 Dist=1416.27
[ROOT] team=1 status=2 Z=2872.91 VP=(3717.28,-162.219,2408.63)
[SelectTarget] team=2 EnemyN=1 TgtZ=2869.56
[DIST] team=2 EnemyN=1 MyZ=2448.19 TgtZ=2869.56 Dist=1413.6
[ROOT] team=2 status=2 Z=2448.19 VP=(4199.68,-245.248,4772.59)
[SelectTarget] team=1 EnemyN=1 TgtZ=2915.46
[DIST] team=1 EnemyN=1 MyZ=2427.35 TgtZ=2915.46 Dist=1307
[ROOT] team=1 status=2 Z=2427.35 VP=(3482.01,-628.22,2811.63)
[SelectTarget] team=2 EnemyN=1 TgtZ=2426.22
[DIST] team=2 EnemyN=1 MyZ=2915.46 TgtZ=2426.22 Dist=1302.83
[ROOT] team=2 status=2 Z=2915.46 VP=(4356.82,707.865,3644.41)
[SelectTarget] team=1 EnemyN=1 TgtZ=3509.04
[DIST] team=1 EnemyN=1 MyZ=2536.91 TgtZ=3509.04 Dist=1083.3
[ROOT] team=1 status=2 Z=2536.91 VP=(3500.43,-760.807,3395.43)
[SelectTarget] team=2 EnemyN=1 TgtZ=2539.21
[DIST] team=2 EnemyN=1 MyZ=3509.04 TgtZ=2539.21 Dist=1079.94
[ROOT] team=2 status=2 Z=3509.04 VP=(4420.43,1015.15,2774.39)
[CLAMP_DIAG] team=1 rawDist=780.595 offBoresightDeg=13.74 clamped=0
[SelectTarget] team=1 EnemyN=1 TgtZ=3923.9
[DIST] team=1 EnemyN=1 MyZ=3132.11 TgtZ=3923.9 Dist=852.855
[ROOT] team=1 status=2 Z=3132.11 VP=(3699.88,-548.082,3859.13)
[SelectTarget] team=2 EnemyN=1 TgtZ=3135.95
[DIST] team=2 EnemyN=1 MyZ=3923.9 TgtZ=3135.95 Dist=849.628
[ROOT] team=2 status=2 Z=3923.9 VP=(4263.02,655.242,2000)
[SYNC] dist=763.733 dV=-34.5704 thr=1
[CLAMP_DIAG] team=1 rawDist=641.898 offBoresightDeg=19.4097 clamped=0
[SelectTarget] team=1 EnemyN=1 TgtZ=3982.77
[DIST] team=1 EnemyN=1 MyZ=3760.71 TgtZ=3982.77 Dist=740.646
[ROOT] team=1 status=2 Z=3760.71 VP=(3991.14,-115.226,4003.1)
[SelectTarget] team=2 EnemyN=1 TgtZ=3763.52
[DIST] team=2 EnemyN=1 MyZ=3982.77 TgtZ=3763.52 Dist=737.001
[ROOT] team=2 status=2 Z=3982.77 VP=(3817.02,-106.82,2000)
[CLAMP_DIAG] team=1 rawDist=689.032 offBoresightDeg=28.9246 clamped=0
[SelectTarget] team=1 EnemyN=1 TgtZ=3623.29
[DIST] team=1 EnemyN=1 MyZ=4078.21 TgtZ=3623.29 Dist=813.139
[ROOT] team=1 status=2 Z=4078.21 VP=(4245.3,328.96,3719.17)
[SelectTarget] team=2 EnemyN=1 TgtZ=4078.79
[DIST] team=2 EnemyN=1 MyZ=3623.29 TgtZ=4078.79 Dist=810.844
[ROOT] team=2 status=2 Z=3623.29 VP=(3413.35,-884.444,2746.89)
[CLAMP_DIAG] team=1 rawDist=545.961 offBoresightDeg=20.6528 clamped=0
[SelectTarget] team=1 EnemyN=1 TgtZ=2980.66
[DIST] team=1 EnemyN=1 MyZ=3946.53 TgtZ=2980.66 Dist=982.604
[ROOT] team=1 status=2 Z=3946.53 VP=(4304.9,495.623,3455.23)
[SelectTarget] team=2 EnemyN=1 TgtZ=3944.47
[DIST] team=2 EnemyN=1 MyZ=2980.66 TgtZ=3944.47 Dist=980.052
[ROOT] team=2 status=2 Z=2980.66 VP=(3405.44,-1304.03,3552.3)
[CLAMP_DIAG] team=1 rawDist=711.436 offBoresightDeg=39.5061 clamped=0
[SelectTarget] team=1 EnemyN=1 TgtZ=2429.75
[DIST] team=1 EnemyN=1 MyZ=3378.29 TgtZ=2429.75 Dist=1126.76
[ROOT] team=1 status=2 Z=3378.29 VP=(4110.36,198.37,2814.91)
[SelectTarget] team=2 EnemyN=1 TgtZ=3374.29
[DIST] team=2 EnemyN=1 MyZ=2429.75 TgtZ=3374.29 Dist=1124.01
[ROOT] team=2 status=2 Z=2429.75 VP=(3695.41,-1093.43,4382.02)
runner:local/env:0	num_steps=[11999] | total rewards=[48.6466] | termination= [max time out]
[seed 11] reward=    48.65 ownHP=1.0000 tgtHP=1.0000 max time out
total: 2
[SYNC] dist=3751.29 dV=-4.01263 thr=0.790126
[PURE_ATA] team=2 ata=109.573 dist=4015.53 leadDist=0 aa=8.28404
[PURE_ATA] team=2 ata=110.5 dist=4045.9 leadDist=0 aa=8.99295
[PURE_ATA] team=2 ata=109.67 dist=4077.66 leadDist=0 aa=9.75322
[PURE_ATA] team=2 ata=108.389 dist=4106.85 leadDist=0 aa=10.5672
[SelectTarget] team=1 EnemyN=1 TgtZ=7039.75
[DIST] team=1 EnemyN=1 MyZ=6712.85 TgtZ=7039.75 Dist=4134.43
[ROOT] team=1 status=2 Z=6712.85 VP=(4180.32,-245.938,6567.29)
[SelectTarget] team=2 EnemyN=1 TgtZ=6712
[DIST] team=2 EnemyN=1 MyZ=7039.75 TgtZ=6712 Dist=4138.75
[PURE_ATA] team=2 ata=107.459 dist=4138.75 leadDist=0 aa=11.3564
[ROOT] team=2 status=2 Z=7039.75 VP=(4818.84,4006.83,6712)
[PURE_ATA] team=2 ata=106.807 dist=4169.35 leadDist=0 aa=12.0596
[PURE_ATA] team=2 ata=106.348 dist=4198.72 leadDist=0 aa=12.6379
[PURE_ATA] team=2 ata=106.02 dist=4228.15 leadDist=0 aa=13.0462
[PURE_ATA] team=2 ata=105.778 dist=4258.92 leadDist=0 aa=13.2041
[PURE_ATA] team=2 ata=105.574 dist=4288.43 leadDist=0 aa=12.9664
[PURE_ATA] team=2 ata=105.399 dist=4318 leadDist=0 aa=12.129
[PURE_ATA] team=2 ata=105.218 dist=4346.31 leadDist=0 aa=10.8759
[PURE_ATA] team=2 ata=104.853 dist=4374.68 leadDist=0 aa=9.95346
[PURE_ATA] team=2 ata=103.821 dist=4401.71 leadDist=0 aa=9.79806
[PURE_ATA] team=2 ata=101.915 dist=4430.12 leadDist=0 aa=10.3042
[PURE_ATA] team=2 ata=99.5987 dist=4457.22 leadDist=0 aa=11.2398
[PURE_ATA] team=2 ata=97.5441 dist=4484.34 leadDist=0 aa=12.4381
[PURE_ATA] team=2 ata=95.9373 dist=4508.78 leadDist=0 aa=13.8123
[PURE_ATA] team=2 ata=94.6427 dist=4534.62 leadDist=0 aa=15.2909
[PURE_ATA] team=2 ata=93.5365 dist=4557.77 leadDist=0 aa=16.8694
[PURE_ATA] team=2 ata=92.519 dist=4580.97 leadDist=0 aa=18.4926
[PURE_ATA] team=2 ata=91.5689 dist=4604.17 leadDist=0 aa=20.1501
[PURE_ATA] team=2 ata=90.6543 dist=4624.73 leadDist=0 aa=21.8013
[PURE_ATA] team=2 ata=89.7687 dist=4646.65 leadDist=0 aa=23.4269
[PURE_ATA] team=2 ata=88.8955 dist=4664.59 leadDist=0 aa=25.0081
[PURE_ATA] team=2 ata=88.041 dist=4683.87 leadDist=0 aa=26.5515
[PURE_ATA] team=2 ata=87.1851 dist=4701.86 leadDist=0 aa=28.034
[PURE_ATA] team=2 ata=86.3339 dist=4718.54 leadDist=0 aa=29.4855
[PURE_ATA] team=2 ata=85.4903 dist=4735.22 leadDist=0 aa=30.9319
[PURE_ATA] team=2 ata=84.6442 dist=4750.59 leadDist=0 aa=32.3741
[PURE_ATA] team=2 ata=83.7976 dist=4764.65 leadDist=0 aa=33.8492
[PURE_ATA] team=2 ata=82.9538 dist=4778.72 leadDist=0 aa=35.3796
[PURE_ATA] team=2 ata=82.1037 dist=4790.16 leadDist=0 aa=36.985
[PURE_ATA] team=2 ata=81.2558 dist=4802.95 leadDist=0 aa=38.6964
[SelectTarget] team=1 EnemyN=1 TgtZ=7030.5
[DIST] team=1 EnemyN=1 MyZ=6477.38 TgtZ=7030.5 Dist=4811.4
[ROOT] team=1 status=2 Z=6477.38 VP=(3386.51,-290.722,6377.48)
[SelectTarget] team=2 EnemyN=1 TgtZ=6475.62
[DIST] team=2 EnemyN=1 MyZ=7030.5 TgtZ=6475.62 Dist=4813.1
[PURE_ATA] team=2 ata=80.4031 dist=4813.1 leadDist=0 aa=40.5355
[ROOT] team=2 status=2 Z=7030.5 VP=(4089.38,4477.79,6475.62)
[PURE_ATA] team=2 ata=79.5517 dist=4823.26 leadDist=0 aa=42.5308
[PURE_ATA] team=2 ata=78.7031 dist=4832.11 leadDist=0 aa=44.7028
[PURE_ATA] team=2 ata=77.8545 dist=4839.63 leadDist=0 aa=47.0807
[PURE_ATA] team=2 ata=77.0052 dist=4847.18 leadDist=0 aa=49.6598
[PURE_ATA] team=2 ata=76.1565 dist=4853.41 leadDist=0 aa=52.4729
[PURE_ATA] team=2 ata=75.3119 dist=4858.32 leadDist=0 aa=55.5289
[PURE_ATA] team=2 ata=74.4685 dist=4861.91 leadDist=0 aa=58.847
[PURE_ATA] team=2 ata=73.6233 dist=4865.52 leadDist=0 aa=62.3943
[PURE_ATA] team=2 ata=72.7809 dist=4867.81 leadDist=0 aa=66.1946
[PURE_ATA] team=2 ata=71.9444 dist=4868.76 leadDist=0 aa=70.2449
[PURE_ATA] team=2 ata=71.1016 dist=4869.75 leadDist=0 aa=74.4537
[PURE_ATA] team=2 ata=70.2592 dist=4869.42 leadDist=0 aa=78.8198
[PURE_ATA] team=2 ata=69.423 dist=4867.75 leadDist=0 aa=83.323
[PURE_ATA] team=2 ata=68.584 dist=4866.1 leadDist=0 aa=87.8622
[PURE_ATA] team=2 ata=67.7398 dist=4863.14 leadDist=0 aa=92.3688
[PURE_ATA] team=2 ata=66.9017 dist=4860.17 leadDist=0 aa=96.8385
[PURE_ATA] team=2 ata=66.0576 dist=4854.57 leadDist=0 aa=101.161
[PURE_ATA] team=2 ata=65.2141 dist=4847.64 leadDist=0 aa=105.314
[PURE_ATA] team=2 ata=64.366 dist=4842.06 leadDist=0 aa=109.273
[PURE_ATA] team=2 ata=63.5227 dist=4833.82 leadDist=0 aa=113.018
[PURE_ATA] team=2 ata=62.679 dist=4825.58 leadDist=0 aa=116.537
[PURE_ATA] team=2 ata=61.8243 dist=4814.71 leadDist=0 aa=119.784
[PURE_ATA] team=2 ata=60.9751 dist=4803.84 leadDist=0 aa=122.823
[PURE_ATA] team=2 ata=60.1214 dist=4792.99 leadDist=0 aa=125.633
[PURE_ATA] team=2 ata=59.2725 dist=4780.8 leadDist=0 aa=128.24
[PURE_ATA] team=2 ata=58.4174 dist=4767.3 leadDist=0 aa=130.636
[PURE_ATA] team=2 ata=57.5638 dist=4753.8 leadDist=0 aa=132.854
[PURE_ATA] team=2 ata=56.704 dist=4738.99 leadDist=0 aa=134.893
[PURE_ATA] team=2 ata=55.848 dist=4721.53 leadDist=0 aa=136.77
[SelectTarget] team=1 EnemyN=1 TgtZ=6875.71
[DIST] team=1 EnemyN=1 MyZ=6099.07 TgtZ=6875.71 Dist=4706.19
[ROOT] team=1 status=2 Z=6099.07 VP=(2686.69,203.413,6085.77)
[SelectTarget] team=2 EnemyN=1 TgtZ=6096.72
[DIST] team=2 EnemyN=1 MyZ=6875.71 TgtZ=6096.72 Dist=4705.39
[PURE_ATA] team=2 ata=54.9936 dist=4705.39 leadDist=0 aa=138.518
[ROOT] team=2 status=2 Z=6875.71 VP=(3249.12,4516.71,6096.72)
[PURE_ATA] team=2 ata=54.1327 dist=4687.94 leadDist=0 aa=140.147
[PURE_ATA] team=2 ata=53.2665 dist=4667.87 leadDist=0 aa=141.658
[PURE_ATA] team=2 ata=52.406 dist=4647.78 leadDist=0 aa=143.079
[PURE_ATA] team=2 ata=51.545 dist=4627.69 leadDist=0 aa=144.41
[PURE_ATA] team=2 ata=50.6796 dist=4607.62 leadDist=0 aa=145.656
[PURE_ATA] team=2 ata=49.8126 dist=4584.9 leadDist=0 aa=146.809
[PURE_ATA] team=2 ata=48.9451 dist=4560.87 leadDist=0 aa=147.88
[PURE_ATA] team=2 ata=48.0835 dist=4538.14 leadDist=0 aa=148.893
[PURE_ATA] team=2 ata=47.2095 dist=4511.49 leadDist=0 aa=149.82
[PURE_ATA] team=2 ata=46.336 dist=4486.15 leadDist=0 aa=150.697
[PURE_ATA] team=2 ata=45.4671 dist=4459.48 leadDist=0 aa=151.513
[PURE_ATA] team=2 ata=44.5933 dist=4432.82 leadDist=0 aa=152.281
[PURE_ATA] team=2 ata=43.7226 dist=4403.51 leadDist=0 aa=152.987
[PURE_ATA] team=2 ata=42.8404 dist=4374.23 leadDist=0 aa=153.653
[PURE_ATA] team=2 ata=41.9648 dist=4344.93 leadDist=0 aa=154.278
[PURE_ATA] team=2 ata=41.0911 dist=4312.99 leadDist=3.23993 aa=154.853
[PURE_ATA] team=2 ata=40.201 dist=4281.09 leadDist=13.874 aa=155.395
[PURE_ATA] team=2 ata=39.3217 dist=4249.16 leadDist=24.3564 aa=155.902
[PURE_ATA] team=2 ata=38.4399 dist=4215.92 leadDist=34.9417 aa=156.375
[PURE_ATA] team=2 ata=37.543 dist=4181.37 leadDist=45.624 aa=156.812
[PURE_ATA] team=2 ata=36.6389 dist=4146.82 leadDist=56.1419 aa=157.22
[PURE_ATA] team=2 ata=35.7285 dist=4110.97 leadDist=66.7542 aa=157.595
[PURE_ATA] team=2 ata=34.8137 dist=4073.79 leadDist=77.4593 aa=157.934
[PURE_ATA] team=2 ata=33.8956 dist=4036.62 leadDist=87.9943 aa=158.247
[SelectTarget] team=1 EnemyN=1 TgtZ=6579.81
[DIST] team=1 EnemyN=1 MyZ=5672.09 TgtZ=6579.81 Dist=3799.76
[ROOT] team=1 status=2 Z=5672.09 VP=(1918.79,735.678,5820.18)
[SelectTarget] team=2 EnemyN=1 TgtZ=5669.83
[DIST] team=2 EnemyN=1 MyZ=6579.81 TgtZ=5669.83 Dist=3797.85
[ROOT] team=2 status=2 Z=6579.81 VP=(1217.01,-246.636,4989.91)
[SelectTarget] team=1 EnemyN=1 TgtZ=6080.5
[DIST] team=1 EnemyN=1 MyZ=5347.95 TgtZ=6080.5 Dist=2445.73
[ROOT] team=1 status=2 Z=5347.95 VP=(2199.77,875.283,6179.91)
[SelectTarget] team=2 EnemyN=1 TgtZ=5346.58
[DIST] team=2 EnemyN=1 MyZ=6080.5 TgtZ=5346.58 Dist=2442.31
[ROOT] team=2 status=2 Z=6080.5 VP=(1493.85,-348.233,4293.3)
[SelectTarget] team=1 EnemyN=1 TgtZ=5326.94
[DIST] team=1 EnemyN=1 MyZ=5278.22 TgtZ=5326.94 Dist=1345.55
[ROOT] team=1 status=2 Z=5278.22 VP=(1555.61,1081.34,5471.9)
[SelectTarget] team=2 EnemyN=1 TgtZ=5278.85
[DIST] team=2 EnemyN=1 MyZ=5326.94 TgtZ=5278.85 Dist=1340.21
[ROOT] team=2 status=2 Z=5326.94 VP=(-240.078,754.462,4265.34)
[SelectTarget] team=1 EnemyN=1 TgtZ=4574.67
[DIST] team=1 EnemyN=1 MyZ=5266.72 TgtZ=4574.67 Dist=1168.45
[ROOT] team=1 status=2 Z=5266.72 VP=(884.209,1043.1,4702.4)
[SelectTarget] team=2 EnemyN=1 TgtZ=5265.53
[DIST] team=2 EnemyN=1 MyZ=4574.67 TgtZ=5265.53 Dist=1164.9
[ROOT] team=2 status=2 Z=4574.67 VP=(957.753,3023.08,4693.44)
[SYNC] dist=1314.64 dV=24.1787 thr=0.508213
[SelectTarget] team=1 EnemyN=1 TgtZ=3853.9
[DIST] team=1 EnemyN=1 MyZ=4868.1 TgtZ=3853.9 Dist=1536.02
[ROOT] team=1 status=2 Z=4868.1 VP=(327.812,1459.98,4218.1)
[SelectTarget] team=2 EnemyN=1 TgtZ=4864.99
[DIST] team=2 EnemyN=1 MyZ=3853.9 TgtZ=4864.99 Dist=1533.32
[ROOT] team=2 status=2 Z=3853.9 VP=(1289.11,3190.15,4764.06)
[SelectTarget] team=1 EnemyN=1 TgtZ=3393.72
[DIST] team=1 EnemyN=1 MyZ=4201.83 TgtZ=3393.72 Dist=2092.7
[ROOT] team=1 status=2 Z=4201.83 VP=(113.268,2302.8,3551.83)
[SelectTarget] team=2 EnemyN=1 TgtZ=4197.68
[DIST] team=2 EnemyN=1 MyZ=3393.72 TgtZ=4197.68 Dist=2089.34
[ROOT] team=2 status=2 Z=3393.72 VP=(1481.97,3224.25,5020.17)
[SelectTarget] team=1 EnemyN=1 TgtZ=3338.81
[DIST] team=1 EnemyN=1 MyZ=3444.27 TgtZ=3338.81 Dist=2573.35
[ROOT] team=1 status=2 Z=3444.27 VP=(1066.73,4184.88,3426.93)
[SelectTarget] team=2 EnemyN=1 TgtZ=3440.26
[DIST] team=2 EnemyN=1 MyZ=3338.81 TgtZ=3440.26 Dist=2569.7
[ROOT] team=2 status=2 Z=3338.81 VP=(1526.32,3134.1,5048.49)
[SelectTarget] team=1 EnemyN=1 TgtZ=3671.43
[DIST] team=1 EnemyN=1 MyZ=2836.68 TgtZ=3671.43 Dist=2840.28
[ROOT] team=1 status=2 Z=2836.68 VP=(1952.87,4427.58,3851.49)
[SelectTarget] team=2 EnemyN=1 TgtZ=2834.18
[DIST] team=2 EnemyN=1 MyZ=3671.43 TgtZ=2834.18 Dist=2836.11
[ROOT] team=2 status=2 Z=3671.43 VP=(1535.02,2884.58,4727.89)
[SYNC] dist=2868.2 dV=-42.6471 thr=1
[SelectTarget] team=1 EnemyN=1 TgtZ=4197.12
[DIST] team=1 EnemyN=1 MyZ=2602.02 TgtZ=4197.12 Dist=2830.46
[ROOT] team=1 status=2 Z=2602.02 VP=(2705.22,4104.63,4302.08)
[SelectTarget] team=2 EnemyN=1 TgtZ=2601.98
[DIST] team=2 EnemyN=1 MyZ=4197.12 TgtZ=2601.98 Dist=2825.6
[ROOT] team=2 status=2 Z=4197.12 VP=(1518.82,2485.29,4523.68)
[SelectTarget] team=1 EnemyN=1 TgtZ=4668.95
[DIST] team=1 EnemyN=1 MyZ=2800.16 TgtZ=4668.95 Dist=2517.47
[ROOT] team=1 status=2 Z=2800.16 VP=(3159.09,3453.63,4521.93)
[SelectTarget] team=2 EnemyN=1 TgtZ=2802.24
[DIST] team=2 EnemyN=1 MyZ=4668.95 TgtZ=2802.24 Dist=2512.35
[ROOT] team=2 status=2 Z=4668.95 VP=(1545.4,2237.55,3797.54)
[SelectTarget] team=1 EnemyN=1 TgtZ=4792.04
[DIST] team=1 EnemyN=1 MyZ=3338.39 TgtZ=4792.04 Dist=1904.43
[ROOT] team=1 status=2 Z=3338.39 VP=(2688.82,3442.94,4798.86)
[SelectTarget] team=2 EnemyN=1 TgtZ=3342.26
[DIST] team=2 EnemyN=1 MyZ=4792.04 TgtZ=3342.26 Dist=1899.33
[ROOT] team=2 status=2 Z=4792.04 VP=(3376.52,2129.47,2930.55)
[SelectTarget] team=1 EnemyN=1 TgtZ=4368.87
[DIST] team=1 EnemyN=1 MyZ=3971.84 TgtZ=4368.87 Dist=1238.39
[ROOT] team=1 status=2 Z=3971.84 VP=(3009.58,2759.3,4451.96)
[SelectTarget] team=2 EnemyN=1 TgtZ=3974.57
[DIST] team=2 EnemyN=1 MyZ=4368.87 TgtZ=3974.57 Dist=1233.43
[ROOT] team=2 status=2 Z=4368.87 VP=(1977.14,3437.47,2465.57)
[SYNC] dist=973.608 dV=11.7292 thr=0.632708
[SelectTarget] team=1 EnemyN=1 TgtZ=3540.08
[DIST] team=1 EnemyN=1 MyZ=4195.95 TgtZ=3540.08 Dist=910.577
[ROOT] team=1 status=2 Z=4195.95 VP=(3078.94,2383.54,3740.67)
[SelectTarget] team=2 EnemyN=1 TgtZ=4195.55
[DIST] team=2 EnemyN=1 MyZ=3540.08 TgtZ=4195.55 Dist=906.895
[ROOT] team=2 status=2 Z=3540.08 VP=(1710.45,3757.85,3530.78)
[CLAMP_DIAG] team=1 rawDist=591.368 offBoresightDeg=38.9726 clamped=0
[SelectTarget] team=1 EnemyN=1 TgtZ=2672.92
[DIST] team=1 EnemyN=1 MyZ=3836.36 TgtZ=2672.92 Dist=1303.2
[ROOT] team=1 status=2 Z=3836.36 VP=(2774.94,2419.37,3186.36)
[SelectTarget] team=2 EnemyN=1 TgtZ=3832.91
[DIST] team=2 EnemyN=1 MyZ=2672.92 TgtZ=3832.91 Dist=1301.17
[ROOT] team=2 status=2 Z=2672.92 VP=(1487.4,2994.69,7492.3)
[SelectTarget] team=1 EnemyN=1 TgtZ=2161.09
[DIST] team=1 EnemyN=1 MyZ=3039.96 TgtZ=2161.09 Dist=1914.68
[ROOT] team=1 status=2 Z=3039.96 VP=(3112.9,1179.74,7987.96)
[SelectTarget] team=2 EnemyN=1 TgtZ=3034.86
[DIST] team=2 EnemyN=1 MyZ=2161.09 TgtZ=3034.86 Dist=1913.37
[ROOT] team=2 status=2 Z=2161.09 VP=(1172.3,3568.52,4246.85)
[SelectTarget] team=1 EnemyN=1 TgtZ=2157.13
[DIST] team=1 EnemyN=1 MyZ=2236.78 TgtZ=2157.13 Dist=2853.06
[ROOT] team=1 status=2 Z=2236.78 VP=(2535.65,-21.0868,7017.44)
[SelectTarget] team=2 EnemyN=1 TgtZ=2233.44
[DIST] team=2 EnemyN=1 MyZ=2157.13 TgtZ=2233.44 Dist=2854.54
[ROOT] team=2 status=2 Z=2157.13 VP=(-652.876,4282.91,2000)
[PURE_ATA] team=2 ata=156.57 dist=4039.99 leadDist=1561.79 aa=49.6497
[PURE_ATA] team=2 ata=157.563 dist=4082.22 leadDist=1564.47 aa=41.2319
[PURE_ATA] team=2 ata=155.061 dist=4126.62 leadDist=1567 aa=33.9775
[SelectTarget] team=1 EnemyN=1 TgtZ=2096.8
[DIST] team=1 EnemyN=1 MyZ=1931 TgtZ=2096.8 Dist=4167.03
[ROOT] team=1 status=2 Z=1931 VP=(-616.423,4412.65,1545.13)
[SelectTarget] team=2 EnemyN=1 TgtZ=1930.61
[DIST] team=2 EnemyN=1 MyZ=2096.8 TgtZ=1930.61 Dist=4169.51
[PURE_ATA] team=2 ata=154.069 dist=4169.51 leadDist=1569.39 aa=28.1215
[ROOT] team=2 status=2 Z=2096.8 VP=(2705.73,435.04,3500)
[PURE_ATA] team=2 ata=153.644 dist=4213.53 leadDist=1571.69 aa=17.7811
[PURE_ATA] team=2 ata=152.948 dist=4254.71 leadDist=1573.93 aa=4.22741
[PURE_ATA] team=2 ata=152.341 dist=4296.78 leadDist=1576.17 aa=4.59018
[PURE_ATA] team=2 ata=151.924 dist=4337.85 leadDist=1578.46 aa=9.93714
[PURE_ATA] team=2 ata=151.643 dist=4377.14 leadDist=1580.8 aa=14.6983
[PURE_ATA] team=2 ata=151.316 dist=4418.43 leadDist=1583.2 aa=19.7501
[PURE_ATA] team=2 ata=150.562 dist=4456.29 leadDist=1585.69 aa=25.3029
[PURE_ATA] team=2 ata=149.283 dist=4495.08 leadDist=1588.27 aa=31.5979
[PURE_ATA] team=2 ata=147.838 dist=4532.62 leadDist=1590.96 aa=38.893
[PURE_ATA] team=2 ata=146.384 dist=4568.91 leadDist=1593.75 aa=47.255
[PURE_ATA] team=2 ata=144.974 dist=4605.04 leadDist=1596.66 aa=56.5295
[PURE_ATA] team=2 ata=143.536 dist=4639.04 leadDist=1599.7 aa=46.2951
[PURE_ATA] team=2 ata=142.064 dist=4672.88 leadDist=1602.83 aa=29.9945
[PURE_ATA] team=2 ata=140.597 dist=4705.69 leadDist=1606 aa=65.3474
[PURE_ATA] team=2 ata=139.123 dist=4739.43 leadDist=1609.22 aa=75.5077
[PURE_ATA] team=2 ata=137.673 dist=4771.02 leadDist=1612.42 aa=80.3106
[PURE_ATA] team=2 ata=136.241 dist=4801.79 leadDist=1615.47 aa=82.7076
[PURE_ATA] team=2 ata=134.795 dist=4833.25 leadDist=1618.2 aa=83.7579
[PURE_ATA] team=2 ata=133.374 dist=4862.74 leadDist=1620.48 aa=83.8544
[PURE_ATA] team=2 ata=131.953 dist=4892.27 leadDist=1622.24 aa=83.6223
[PURE_ATA] team=2 ata=130.532 dist=4921.59 leadDist=1623.55 aa=83.4922
[PURE_ATA] team=2 ata=129.124 dist=4948.47 leadDist=1624.54 aa=84.7715
[PURE_ATA] team=2 ata=127.725 dist=4974.03 leadDist=1625.28 aa=88.9093
[PURE_ATA] team=2 ata=126.338 dist=4998.5 leadDist=1625.82 aa=95.259
[PURE_ATA] team=2 ata=124.948 dist=5022.54 leadDist=1626.17 aa=103.646
[PURE_ATA] team=2 ata=123.578 dist=5044.37 leadDist=1626.37 aa=118.024
[PURE_ATA] team=2 ata=122.212 dist=5064.64 leadDist=1626.45 aa=143.252
[PURE_ATA] team=2 ata=120.844 dist=5084.72 leadDist=1626.49 aa=165.528
[PURE_ATA] team=2 ata=119.49 dist=5102.35 leadDist=1626.5 aa=177.95
[SelectTarget] team=1 EnemyN=1 TgtZ=2180.83
[DIST] team=1 EnemyN=1 MyZ=1873.49 TgtZ=2180.83 Dist=5119.1
[ROOT] team=1 status=2 Z=1873.49 VP=(-1873.52,3729.77,1961.9)
[SelectTarget] team=2 EnemyN=1 TgtZ=1873.48
[DIST] team=2 EnemyN=1 MyZ=2180.83 TgtZ=1873.48 Dist=5118.89
[PURE_ATA] team=2 ata=118.147 dist=5118.89 leadDist=1626.52 aa=175.163
[ROOT] team=2 status=2 Z=2180.83 VP=(1960.2,-266.706,3500)
[PURE_ATA] team=2 ata=116.8 dist=5133.65 leadDist=1626.56 aa=170.915
[PURE_ATA] team=2 ata=115.463 dist=5147.32 leadDist=1626.63 aa=168.093
[PURE_ATA] team=2 ata=114.13 dist=5159.67 leadDist=1626.75 aa=166.044
[PURE_ATA] team=2 ata=112.803 dist=5170.69 leadDist=1626.93 aa=164.473
[PURE_ATA] team=2 ata=111.477 dist=5180.18 leadDist=1627.18 aa=163.267
[PURE_ATA] team=2 ata=110.163 dist=5188.57 leadDist=1627.52 aa=162.429
[PURE_ATA] team=2 ata=108.859 dist=5194.28 leadDist=1627.95 aa=161.93
[PURE_ATA] team=2 ata=107.566 dist=5198.9 leadDist=1628.48 aa=161.733
[PURE_ATA] team=2 ata=106.272 dist=5202.2 leadDist=1629.11 aa=161.826
[PURE_ATA] team=2 ata=104.965 dist=5205.09 leadDist=1629.86 aa=162.153
[PURE_ATA] team=2 ata=103.664 dist=5205.54 leadDist=1630.72 aa=162.637
[PURE_ATA] team=2 ata=102.37 dist=5203.75 leadDist=1631.7 aa=163.257
[PURE_ATA] team=2 ata=101.064 dist=5201.57 leadDist=1632.8 aa=164.029
[PURE_ATA] team=2 ata=99.766 dist=5197.16 leadDist=1634 aa=164.787
[PURE_ATA] team=2 ata=98.4579 dist=5192.57 leadDist=1635.3 aa=165.512
[PURE_ATA] team=2 ata=97.1604 dist=5184.17 leadDist=1636.71 aa=166.206
[PURE_ATA] team=2 ata=95.8462 dist=5176.74 leadDist=1638.21 aa=166.865
[PURE_ATA] team=2 ata=94.5342 dist=5168.22 leadDist=1639.81 aa=167.495
[PURE_ATA] team=2 ata=93.237 dist=5156.11 leadDist=1641.48 aa=168.099
[PURE_ATA] team=2 ata=91.9327 dist=5143.84 leadDist=1643.24 aa=168.676
[PURE_ATA] team=2 ata=90.6249 dist=5130.03 leadDist=1645.07 aa=169.228
[PURE_ATA] team=2 ata=89.3338 dist=5114.23 leadDist=1646.96 aa=169.762
[PURE_ATA] team=2 ata=88.0327 dist=5098.03 leadDist=1648.91 aa=170.279
[PURE_ATA] team=2 ata=86.7414 dist=5079.39 leadDist=1650.92 aa=170.78
[PURE_ATA] team=2 ata=85.4486 dist=5060.81 leadDist=1652.97 aa=171.272
[PURE_ATA] team=2 ata=84.1708 dist=5038.43 leadDist=1655.05 aa=171.748
[PURE_ATA] team=2 ata=82.8838 dist=5017.25 leadDist=1657.16 aa=172.221
[PURE_ATA] team=2 ata=81.6083 dist=4993.62 leadDist=1659.29 aa=172.687
[PURE_ATA] team=2 ata=80.3378 dist=4968.71 leadDist=1661.43 aa=173.149
[SelectTarget] team=1 EnemyN=1 TgtZ=2486.91
[DIST] team=1 EnemyN=1 MyZ=1836.79 TgtZ=2486.91 Dist=4947.81
[ROOT] team=1 status=2 Z=1836.79 VP=(-2402.45,2951.6,2289.09)
[SelectTarget] team=2 EnemyN=1 TgtZ=1836.43
[DIST] team=2 EnemyN=1 MyZ=2486.91 TgtZ=1836.43 Dist=4943.62
[PURE_ATA] team=2 ata=79.0625 dist=4943.62 leadDist=1663.57 aa=175.654
[ROOT] team=2 status=2 Z=2486.91 VP=(963.478,-396.857,3500)
[PURE_ATA] team=2 ata=77.8044 dist=4916.33 leadDist=1665.71 aa=178.035
[PURE_ATA] team=2 ata=76.5393 dist=4888.65 leadDist=1667.86 aa=179.359
[PURE_ATA] team=2 ata=75.279 dist=4859.69 leadDist=1670.03 aa=172.152
[PURE_ATA] team=2 ata=74.0215 dist=4829.21 leadDist=1672.2 aa=162.779
[PURE_ATA] team=2 ata=72.7531 dist=4799.68 leadDist=1674.31 aa=154.169
[PURE_ATA] team=2 ata=71.4945 dist=4767.48 leadDist=1676.2 aa=150.766
[PURE_ATA] team=2 ata=70.2342 dist=4735.26 leadDist=1677.62 aa=152.773
[PURE_ATA] team=2 ata=68.9843 dist=4700.32 leadDist=1678.49 aa=157.239
[PURE_ATA] team=2 ata=67.7333 dist=4665.36 leadDist=1678.87 aa=161.874
[PURE_ATA] team=2 ata=66.4759 dist=4629.93 leadDist=1678.85 aa=165.696
[PURE_ATA] team=2 ata=65.2237 dist=4593.15 leadDist=1678.47 aa=168.726
[PURE_ATA] team=2 ata=63.9829 dist=4555.24 leadDist=1677.77 aa=171.181
[PURE_ATA] team=2 ata=62.7491 dist=4515.99 leadDist=1676.76 aa=174.34
[PURE_ATA] team=2 ata=61.5233 dist=4475.4 leadDist=1675.5 aa=177.388
[PURE_ATA] team=2 ata=60.2935 dist=4434.38 leadDist=1674.08 aa=179.306
[PURE_ATA] team=2 ata=59.0823 dist=4392.49 leadDist=1672.52 aa=179.493
[PURE_ATA] team=2 ata=57.8911 dist=4348.21 leadDist=1670.86 aa=178.632
[PURE_ATA] team=2 ata=56.6886 dist=4304.6 leadDist=1669.11 aa=177.94
[PURE_ATA] team=2 ata=55.5141 dist=4258.83 leadDist=1667.27 aa=177.405
[PURE_ATA] team=2 ata=54.3602 dist=4212.25 leadDist=1665.36 aa=177.212
[PURE_ATA] team=2 ata=53.2038 dist=4165.01 leadDist=1663.38 aa=177.654
[PURE_ATA] team=2 ata=52.0584 dist=4117.82 leadDist=1661.31 aa=178.063
[PURE_ATA] team=2 ata=50.9188 dist=4070.43 leadDist=1659.14 aa=178.457
[PURE_ATA] team=2 ata=49.8093 dist=4020.69 leadDist=1656.89 aa=179.152
[SelectTarget] team=1 EnemyN=1 TgtZ=2761.4
[DIST] team=1 EnemyN=1 MyZ=1858.47 TgtZ=2761.4 Dist=3720.06
[ROOT] team=1 status=2 Z=1858.47 VP=(-2557.25,2021.4,2545.21)
[SelectTarget] team=2 EnemyN=1 TgtZ=1858.96
[DIST] team=2 EnemyN=1 MyZ=2761.4 TgtZ=1858.96 Dist=3714.38
[ROOT] team=2 status=2 Z=2761.4 VP=(-3821.3,2518.97,3152.21)
[SYNC] dist=2289.14 dV=-27.9341 thr=1
[SelectTarget] team=1 EnemyN=1 TgtZ=2851.77
[DIST] team=1 EnemyN=1 MyZ=2135.12 TgtZ=2851.77 Dist=2194.44
[ROOT] team=1 status=2 Z=2135.12 VP=(-2209.67,2203.78,2848.43)
[SelectTarget] team=2 EnemyN=1 TgtZ=2137.21
[DIST] team=2 EnemyN=1 MyZ=2851.77 TgtZ=2137.21 Dist=2189.11
[ROOT] team=2 status=2 Z=2851.77 VP=(-2273.57,93.8103,2108.72)
[SelectTarget] team=1 EnemyN=1 TgtZ=2534.15
[DIST] team=1 EnemyN=1 MyZ=2452.53 TgtZ=2534.15 Dist=963.094
[ROOT] team=1 status=2 Z=2452.53 VP=(-2396.13,1428.68,2618.11)
[SelectTarget] team=2 EnemyN=1 TgtZ=2454.17
[DIST] team=2 EnemyN=1 MyZ=2534.15 TgtZ=2454.17 Dist=959.356
[ROOT] team=2 status=2 Z=2534.15 VP=(-1585,-215.7,2000)
[CLAMP_DIAG] team=1 rawDist=752.466 offBoresightDeg=49.0054 clamped=0
[SelectTarget] team=1 EnemyN=1 TgtZ=2181.7
[DIST] team=1 EnemyN=1 MyZ=2649.72 TgtZ=2181.7 Dist=1526.37
[ROOT] team=1 status=2 Z=2649.72 VP=(-2539.72,347.564,2250.7)
[SelectTarget] team=2 EnemyN=1 TgtZ=2649.95
[DIST] team=2 EnemyN=1 MyZ=2181.7 TgtZ=2649.95 Dist=1526.02
[ROOT] team=2 status=2 Z=2181.7 VP=(-659.919,-423.393,2928.18)
[SelectTarget] team=1 EnemyN=1 TgtZ=2129.57
[DIST] team=1 EnemyN=1 MyZ=2526.89 TgtZ=2129.57 Dist=2423.16
[ROOT] team=1 status=2 Z=2526.89 VP=(-2177.34,-623.943,2123.56)
[SelectTarget] team=2 EnemyN=1 TgtZ=2525.4
[DIST] team=2 EnemyN=1 MyZ=2129.57 TgtZ=2525.4 Dist=2422.78
[ROOT] team=2 status=2 Z=2129.57 VP=(-584.334,-263.133,3739.57)
[SelectTarget] team=1 EnemyN=1 TgtZ=2433.83
[DIST] team=1 EnemyN=1 MyZ=2199.97 TgtZ=2433.83 Dist=3039.95
[ROOT] team=1 status=2 Z=2199.97 VP=(-209.203,-1322.84,2396.8)
[SelectTarget] team=2 EnemyN=1 TgtZ=2198.4
[DIST] team=2 EnemyN=1 MyZ=2433.83 TgtZ=2198.4 Dist=3038.38
[ROOT] team=2 status=2 Z=2433.83 VP=(-332.248,537.374,2353.51)
[SYNC] dist=3141.79 dV=-21.8123 thr=0.968123
[SelectTarget] team=1 EnemyN=1 TgtZ=2764.22
[DIST] team=1 EnemyN=1 MyZ=1995.32 TgtZ=2764.22 Dist=3464.48
[ROOT] team=1 status=2 Z=1995.32 VP=(406.897,-586.169,2382.72)
[SelectTarget] team=2 EnemyN=1 TgtZ=1994.65
[DIST] team=2 EnemyN=1 MyZ=2764.22 TgtZ=1994.65 Dist=3462.49
[ROOT] team=2 status=2 Z=2764.22 VP=(-1185.93,856.43,2457.81)
[SelectTarget] team=1 EnemyN=1 TgtZ=2824.21
[DIST] team=1 EnemyN=1 MyZ=1905.8 TgtZ=2824.21 Dist=3547.01
[ROOT] team=1 status=2 Z=1905.8 VP=(426.115,451.016,2212.81)
[SelectTarget] team=2 EnemyN=1 TgtZ=1905.69
[DIST] team=2 EnemyN=1 MyZ=2824.21 TgtZ=1905.69 Dist=3543.83
[ROOT] team=2 status=2 Z=2824.21 VP=(-1606.59,633.573,2000)
[SelectTarget] team=1 EnemyN=1 TgtZ=2551.61
[DIST] team=1 EnemyN=1 MyZ=1860.17 TgtZ=2551.61 Dist=3193.26
[ROOT] team=1 status=2 Z=1860.17 VP=(-342.696,1001.83,1617.26)
[SelectTarget] team=2 EnemyN=1 TgtZ=1859.95
[DIST] team=2 EnemyN=1 MyZ=2551.61 TgtZ=1859.95 Dist=3189.37
[ROOT] team=2 status=2 Z=2551.61 VP=(-1490.28,641.08,2000)
[SelectTarget] team=1 EnemyN=1 TgtZ=2169
[DIST] team=1 EnemyN=1 MyZ=1826.49 TgtZ=2169 Dist=2619.46
[ROOT] team=1 status=2 Z=1826.49 VP=(-1555.31,1365.24,1681.12)
[SelectTarget] team=2 EnemyN=1 TgtZ=1826.51
[DIST] team=2 EnemyN=1 MyZ=2169 TgtZ=1826.51 Dist=2615.49
[ROOT] team=2 status=2 Z=2169 VP=(-2220.78,-46.498,2000)
[SelectTarget] team=1 EnemyN=1 TgtZ=1962.58
[DIST] team=1 EnemyN=1 MyZ=1821.49 TgtZ=1962.58 Dist=2255.59
[ROOT] team=1 status=2 Z=1821.49 VP=(-1461.57,1372.72,1976.45)
[SelectTarget] team=2 EnemyN=1 TgtZ=1821.71
[DIST] team=2 EnemyN=1 MyZ=1962.58 TgtZ=1821.71 Dist=2251.56
[ROOT] team=2 status=2 Z=1962.58 VP=(-2200.3,-391.653,2000)
[SYNC] dist=2187.18 dV=-2.67508 thr=0.788791
[SelectTarget] team=1 EnemyN=1 TgtZ=1874.02
[DIST] team=1 EnemyN=1 MyZ=1813.44 TgtZ=1874.02 Dist=2093.92
[ROOT] team=1 status=2 Z=1813.44 VP=(-2394.5,1229.84,1875.75)
[SelectTarget] team=2 EnemyN=1 TgtZ=1813.29
[DIST] team=2 EnemyN=1 MyZ=1874.02 TgtZ=1813.29 Dist=2090.42
[ROOT] team=2 status=2 Z=1874.02 VP=(-1935.78,-720.705,2000)
[SelectTarget] team=1 EnemyN=1 TgtZ=1847.44
[DIST] team=1 EnemyN=1 MyZ=1804.01 TgtZ=1847.44 Dist=2073.7
[ROOT] team=1 status=2 Z=1804.01 VP=(-3043.78,563.338,1841.85)
[SelectTarget] team=2 EnemyN=1 TgtZ=1803.95
[DIST] team=2 EnemyN=1 MyZ=1847.44 TgtZ=1803.95 Dist=2070.43
[ROOT] team=2 status=2 Z=1847.44 VP=(-1519.23,-710.522,2000)
[SelectTarget] team=1 EnemyN=1 TgtZ=1855.71
[DIST] team=1 EnemyN=1 MyZ=1799.85 TgtZ=1855.71 Dist=2110.25
[ROOT] team=1 status=2 Z=1799.85 VP=(-3336.53,1402.47,6612.72)
[SelectTarget] team=2 EnemyN=1 TgtZ=1800.15
[DIST] team=2 EnemyN=1 MyZ=1855.71 TgtZ=1800.15 Dist=2107.65
[ROOT] team=2 status=2 Z=1855.71 VP=(-1883.71,-1242.09,2000)
[SelectTarget] team=1 EnemyN=1 TgtZ=1873.79
[DIST] team=1 EnemyN=1 MyZ=1899.82 TgtZ=1873.79 Dist=2260.67
[ROOT] team=1 status=2 Z=1899.82 VP=(-2498.61,-964.347,1866.77)
[SelectTarget] team=2 EnemyN=1 TgtZ=1900.01
[DIST] team=2 EnemyN=1 MyZ=1873.79 TgtZ=1900.01 Dist=2258.95
[ROOT] team=2 status=2 Z=1873.79 VP=(-1326.55,449.119,2745.08)
[SYNC] dist=2287.95 dV=-9.4657 thr=0.844657
[SelectTarget] team=1 EnemyN=1 TgtZ=2000.21
[DIST] team=1 EnemyN=1 MyZ=1861.76 TgtZ=2000.21 Dist=2274.54
[ROOT] team=1 status=2 Z=1861.76 VP=(-1666.83,-965.544,1972.11)
[SelectTarget] team=2 EnemyN=1 TgtZ=1861.53
[DIST] team=2 EnemyN=1 MyZ=2000.21 TgtZ=1861.53 Dist=2273.11
[ROOT] team=2 status=2 Z=2000.21 VP=(-1970.58,970.922,2000)
[SelectTarget] team=1 EnemyN=1 TgtZ=2116.22
[DIST] team=1 EnemyN=1 MyZ=1839.1 TgtZ=2116.22 Dist=2180.87
[ROOT] team=1 status=2 Z=1839.1 VP=(-1144.73,-361.993,2102.32)
[SelectTarget] team=2 EnemyN=1 TgtZ=1838.84
[DIST] team=2 EnemyN=1 MyZ=2116.22 TgtZ=1838.84 Dist=2178.7
[ROOT] team=2 status=2 Z=2116.22 VP=(-2947.87,423.209,2259.97)
[SelectTarget] team=1 EnemyN=1 TgtZ=2137.92
[DIST] team=1 EnemyN=1 MyZ=1827.44 TgtZ=2137.92 Dist=1936.28
[ROOT] team=1 status=2 Z=1827.44 VP=(-1274.9,420.078,2136.11)
[SelectTarget] team=2 EnemyN=1 TgtZ=1827.65
[DIST] team=2 EnemyN=1 MyZ=2137.92 TgtZ=1827.65 Dist=1934.29
[ROOT] team=2 status=2 Z=2137.92 VP=(-3048.29,-527.923,2000)
[SelectTarget] team=1 EnemyN=1 TgtZ=1997.49
[DIST] team=1 EnemyN=1 MyZ=1843.17 TgtZ=1997.49 Dist=1632.67
[ROOT] team=1 status=2 Z=1843.17 VP=(-1892.16,764.683,2039.24)
[SelectTarget] team=2 EnemyN=1 TgtZ=1843.13
[DIST] team=2 EnemyN=1 MyZ=1997.49 TgtZ=1843.13 Dist=1630.78
[ROOT] team=2 status=2 Z=1997.49 VP=(-2690.24,-1096.93,2000)
[SYNC] dist=1580.19 dV=-5.91605 thr=0.80916
[SelectTarget] team=1 EnemyN=1 TgtZ=1886.22
[DIST] team=1 EnemyN=1 MyZ=1813.96 TgtZ=1886.22 Dist=1598.67
[ROOT] team=1 status=2 Z=1813.96 VP=(-2725.42,582.319,1892.06)
[SelectTarget] team=2 EnemyN=1 TgtZ=1813.89
[DIST] team=2 EnemyN=1 MyZ=1886.22 TgtZ=1813.89 Dist=1597.96
[ROOT] team=2 status=2 Z=1886.22 VP=(-2162.71,-1325.74,2000)
[SelectTarget] team=1 EnemyN=1 TgtZ=1845.21
[DIST] team=1 EnemyN=1 MyZ=1806.54 TgtZ=1845.21 Dist=1899
[ROOT] team=1 status=2 Z=1806.54 VP=(-3203.45,-66.4113,1842.56)
[SelectTarget] team=2 EnemyN=1 TgtZ=1806.46
[DIST] team=2 EnemyN=1 MyZ=1845.21 TgtZ=1806.46 Dist=1898.39
[ROOT] team=2 status=2 Z=1845.21 VP=(-1360.39,-742.579,2000)
[SelectTarget] team=1 EnemyN=1 TgtZ=1818.53
[DIST] team=1 EnemyN=1 MyZ=1796.67 TgtZ=1818.53 Dist=2183.91
[ROOT] team=1 status=2 Z=1796.67 VP=(-3650.11,1377.58,6604.59)
[SelectTarget] team=2 EnemyN=1 TgtZ=1796.8
[DIST] team=2 EnemyN=1 MyZ=1818.53 TgtZ=1796.8 Dist=2183.87
[ROOT] team=2 status=2 Z=1818.53 VP=(-1604.5,-358.726,2000)
[SelectTarget] team=1 EnemyN=1 TgtZ=1844.99
[DIST] team=1 EnemyN=1 MyZ=1912.12 TgtZ=1844.99 Dist=2446.18
[ROOT] team=1 status=2 Z=1912.12 VP=(-2280.8,-1124.27,1832.01)
[SelectTarget] team=2 EnemyN=1 TgtZ=1912.51
[DIST] team=2 EnemyN=1 MyZ=1844.99 TgtZ=1912.51 Dist=2446.81
[ROOT] team=2 status=2 Z=1844.99 VP=(-2091.22,525.234,3055.03)
[SYNC] dist=2416.12 dV=-29.1173 thr=1
[SelectTarget] team=1 EnemyN=1 TgtZ=2077.51
[DIST] team=1 EnemyN=1 MyZ=1896.64 TgtZ=2077.51 Dist=2397.03
[ROOT] team=1 status=2 Z=1896.64 VP=(-3789.62,-970.2,6678.05)
[SelectTarget] team=2 EnemyN=1 TgtZ=1896.15
[DIST] team=2 EnemyN=1 MyZ=2077.51 TgtZ=1896.15 Dist=2396.19
[ROOT] team=2 status=2 Z=2077.51 VP=(-2904.64,147.628,3134.65)
[SelectTarget] team=1 EnemyN=1 TgtZ=2434.04
[DIST] team=1 EnemyN=1 MyZ=1872.08 TgtZ=2434.04 Dist=2107.38
[ROOT] team=1 status=2 Z=1872.08 VP=(-1537.11,-159.326,2377.98)
[SelectTarget] team=2 EnemyN=1 TgtZ=1872.12
[DIST] team=2 EnemyN=1 MyZ=2434.04 TgtZ=1872.12 Dist=2105.92
[ROOT] team=2 status=2 Z=2434.04 VP=(-3218.24,-622.1,3028.94)
[SelectTarget] team=1 EnemyN=1 TgtZ=2704.25
[DIST] team=1 EnemyN=1 MyZ=1917.52 TgtZ=2704.25 Dist=1640.67
[ROOT] team=1 status=2 Z=1917.52 VP=(-1982.96,280.735,2655.94)
[SelectTarget] team=2 EnemyN=1 TgtZ=1918.12
[DIST] team=2 EnemyN=1 MyZ=2704.25 TgtZ=1918.12 Dist=1638.96
[ROOT] team=2 status=2 Z=2704.25 VP=(-2952.19,-1360.33,2982.58)
[SelectTarget] team=1 EnemyN=1 TgtZ=2915.88
[DIST] team=1 EnemyN=1 MyZ=2123.55 TgtZ=2915.88 Dist=1278.62
[ROOT] team=1 status=2 Z=2123.55 VP=(-2603.47,217.117,2879.32)
[SelectTarget] team=2 EnemyN=1 TgtZ=2125.28
[DIST] team=2 EnemyN=1 MyZ=2915.88 TgtZ=2125.28 Dist=1277.19
[ROOT] team=2 status=2 Z=2915.88 VP=(-2273.69,-1737.27,3001.53)
[SYNC] dist=1267.02 dV=-34.1588 thr=1
[SelectTarget] team=1 EnemyN=1 TgtZ=3033.42
[DIST] team=1 EnemyN=1 MyZ=2523.18 TgtZ=3033.42 Dist=1283.88
[ROOT] team=1 status=2 Z=2523.18 VP=(-2988.98,-293.226,3014.32)
[SelectTarget] team=2 EnemyN=1 TgtZ=2525.76
[DIST] team=2 EnemyN=1 MyZ=3033.42 TgtZ=2525.76 Dist=1283.14
[ROOT] team=2 status=2 Z=3033.42 VP=(-1440.62,-1570.38,3056.18)
[SelectTarget] team=1 EnemyN=1 TgtZ=3069.07
[DIST] team=1 EnemyN=1 MyZ=2982.93 TgtZ=3069.07 Dist=1524.99
[ROOT] team=1 status=2 Z=2982.93 VP=(-2898.96,-940.661,3060.42)
[SelectTarget] team=2 EnemyN=1 TgtZ=2985.29
[DIST] team=2 EnemyN=1 MyZ=3069.07 TgtZ=2985.29 Dist=1524.85
[ROOT] team=2 status=2 Z=3069.07 VP=(-985.448,-883.797,3730.71)
[SelectTarget] team=1 EnemyN=1 TgtZ=3169.38
[DIST] team=1 EnemyN=1 MyZ=3327.9 TgtZ=3169.38 Dist=1740.76
[ROOT] team=1 status=2 Z=3327.9 VP=(-2396.52,-1340.94,3135.86)
[SelectTarget] team=2 EnemyN=1 TgtZ=3329.31
[DIST] team=2 EnemyN=1 MyZ=3169.38 TgtZ=3329.31 Dist=1739.16
[ROOT] team=2 status=2 Z=3169.38 VP=(-1147.49,-509.204,4727.58)
[SelectTarget] team=1 EnemyN=1 TgtZ=3491.05
[DIST] team=1 EnemyN=1 MyZ=3488.07 TgtZ=3491.05 Dist=1793.56
[ROOT] team=1 status=2 Z=3488.07 VP=(-1846.94,-1356.88,3411.83)
[SelectTarget] team=2 EnemyN=1 TgtZ=3488.48
[DIST] team=2 EnemyN=1 MyZ=3491.05 TgtZ=3488.48 Dist=1792.87
[ROOT] team=2 status=2 Z=3491.05 VP=(-1588.79,-583.979,5336.63)
[SYNC] dist=1666.21 dV=-40.5379 thr=1
[SelectTarget] team=1 EnemyN=1 TgtZ=3979.41
[DIST] team=1 EnemyN=1 MyZ=3515.67 TgtZ=3979.41 Dist=1644.9
[ROOT] team=1 status=2 Z=3515.67 VP=(-1569.17,-1173.16,3869.28)
[SelectTarget] team=2 EnemyN=1 TgtZ=3515.71
[DIST] team=2 EnemyN=1 MyZ=3979.41 TgtZ=3515.71 Dist=1642.85
[ROOT] team=2 status=2 Z=3979.41 VP=(-2154.91,-1082.97,5487.14)
[SelectTarget] team=1 EnemyN=1 TgtZ=4468.86
[DIST] team=1 EnemyN=1 MyZ=3571.29 TgtZ=4468.86 Dist=1335.61
[ROOT] team=1 status=2 Z=3571.29 VP=(-1620.56,-1062.42,4360.83)
[SelectTarget] team=2 EnemyN=1 TgtZ=3572.08
[DIST] team=2 EnemyN=1 MyZ=4468.86 TgtZ=3572.08 Dist=1332.88
[ROOT] team=2 status=2 Z=4468.86 VP=(-2683.81,-2019.15,5506.11)
[SelectTarget] team=1 EnemyN=1 TgtZ=4818.78
[DIST] team=1 EnemyN=1 MyZ=3851.34 TgtZ=4818.78 Dist=985.332
[ROOT] team=1 status=2 Z=3851.34 VP=(-1856.23,-1170.49,4748.51)
[SelectTarget] team=2 EnemyN=1 TgtZ=3853.68
[DIST] team=2 EnemyN=1 MyZ=4818.78 TgtZ=3853.68 Dist=982.691
[ROOT] team=2 status=2 Z=4818.78 VP=(-2673.58,-3075.2,4182.3)
[CLAMP_DIAG] team=1 rawDist=720.529 offBoresightDeg=32.1175 clamped=0
[SelectTarget] team=1 EnemyN=1 TgtZ=4933.34
[DIST] team=1 EnemyN=1 MyZ=4361.67 TgtZ=4933.34 Dist=776.617
[ROOT] team=1 status=2 Z=4361.67 VP=(-2141.51,-1484.53,4929.66)
[SelectTarget] team=2 EnemyN=1 TgtZ=4364.74
[DIST] team=2 EnemyN=1 MyZ=4933.34 TgtZ=4364.74 Dist=774.594
[ROOT] team=2 status=2 Z=4933.34 VP=(-1664.65,-2754.64,3002.29)
[CLAMP_DIAG] team=1 rawDist=784.769 offBoresightDeg=54.5653 clamped=0
[SYNC] dist=886.25 dV=9.25992 thr=0.657401
[SelectTarget] team=1 EnemyN=1 TgtZ=4758.08
[DIST] team=1 EnemyN=1 MyZ=4878.07 TgtZ=4758.08 Dist=914.569
[ROOT] team=1 status=2 Z=4878.07 VP=(-2362.71,-1920.57,4821.23)
[SelectTarget] team=2 EnemyN=1 TgtZ=4880.6
[DIST] team=2 EnemyN=1 MyZ=4758.08 TgtZ=4880.6 Dist=913.081
[ROOT] team=2 status=2 Z=4758.08 VP=(-1010.34,-1914.57,3432.64)
[SelectTarget] team=1 EnemyN=1 TgtZ=4332.48
[DIST] team=1 EnemyN=1 MyZ=5228.18 TgtZ=4332.48 Dist=1261.42
[ROOT] team=1 status=2 Z=5228.18 VP=(-2379.08,-2308.26,4597.47)
[SelectTarget] team=2 EnemyN=1 TgtZ=5229.44
[DIST] team=2 EnemyN=1 MyZ=4332.48 TgtZ=5229.44 Dist=1260.23
[ROOT] team=2 status=2 Z=4332.48 VP=(-488.352,-1713.36,4378.09)
[SelectTarget] team=1 EnemyN=1 TgtZ=3891.75
[DIST] team=1 EnemyN=1 MyZ=5307.08 TgtZ=3891.75 Dist=1590.29
[ROOT] team=1 status=2 Z=5307.08 VP=(-2090.54,-2520.1,4657.08)
[SelectTarget] team=2 EnemyN=1 TgtZ=5306.67
[DIST] team=2 EnemyN=1 MyZ=3891.75 TgtZ=5306.67 Dist=1589.65
[ROOT] team=2 status=2 Z=3891.75 VP=(-607.967,-1348.7,5092.09)
[SelectTarget] team=1 EnemyN=1 TgtZ=3656.88
[DIST] team=1 EnemyN=1 MyZ=5097.1 TgtZ=3656.88 Dist=1784.15
[ROOT] team=1 status=2 Z=5097.1 VP=(-1569.35,-2526.78,4447.1)
[SelectTarget] team=2 EnemyN=1 TgtZ=5095.27
[DIST] team=2 EnemyN=1 MyZ=3656.88 TgtZ=5095.27 Dist=1782.68
[ROOT] team=2 status=2 Z=3656.88 VP=(-1142.13,-1216.35,5553.08)
[SYNC] dist=1813.93 dV=-14.713 thr=0.89713
[SelectTarget] team=1 EnemyN=1 TgtZ=3720.33
[DIST] team=1 EnemyN=1 MyZ=4689.69 TgtZ=3720.33 Dist=1810.13
[ROOT] team=1 status=2 Z=4689.69 VP=(-1013.99,-2332.05,4039.69)
[SelectTarget] team=2 EnemyN=1 TgtZ=4687.11
[DIST] team=2 EnemyN=1 MyZ=3720.33 TgtZ=4687.11 Dist=1808.11
[ROOT] team=2 status=2 Z=3720.33 VP=(-1310.27,-1834.89,6030.8)
[SelectTarget] team=1 EnemyN=1 TgtZ=4069.91
[DIST] team=1 EnemyN=1 MyZ=4226.3 TgtZ=4069.91 Dist=1636.96
[ROOT] team=1 status=2 Z=4226.3 VP=(-619.494,-2055.39,3976.48)
[SelectTarget] team=2 EnemyN=1 TgtZ=4223.96
[DIST] team=2 EnemyN=1 MyZ=4069.91 TgtZ=4223.96 Dist=1633.94
[ROOT] team=2 status=2 Z=4069.91 VP=(-971.253,-2796.41,6015.64)
[SelectTarget] team=1 EnemyN=1 TgtZ=4560.26
[DIST] team=1 EnemyN=1 MyZ=3967.15 TgtZ=4560.26 Dist=1284.07
[ROOT] team=1 status=2 Z=3967.15 VP=(-452.206,-1919.93,4442.44)
[SelectTarget] team=2 EnemyN=1 TgtZ=3966.94
[DIST] team=2 EnemyN=1 MyZ=4560.26 TgtZ=3966.94 Dist=1281.11
[ROOT] team=2 status=2 Z=4560.26 VP=(-1317.93,-3644.35,4684.6)
[SelectTarget] team=1 EnemyN=1 TgtZ=4991.55
[DIST] team=1 EnemyN=1 MyZ=4176.41 TgtZ=4991.55 Dist=893.566
[ROOT] team=1 status=2 Z=4176.41 VP=(-443.466,-2022.63,4894.04)
[SelectTarget] team=2 EnemyN=1 TgtZ=4178.81
[DIST] team=2 EnemyN=1 MyZ=4991.55 TgtZ=4178.81 Dist=890.209
[ROOT] team=2 status=2 Z=4991.55 VP=(-1357.7,-3646.45,3718.12)
[CLAMP_DIAG] team=1 rawDist=708.834 offBoresightDeg=10.9197 clamped=0
[SYNC] dist=647.173 dV=-59.7779 thr=1
[SelectTarget] team=1 EnemyN=1 TgtZ=5231.45
[DIST] team=1 EnemyN=1 MyZ=4717.9 TgtZ=5231.45 Dist=636.554
[ROOT] team=1 status=2 Z=4717.9 VP=(-535.435,-2327.71,5192.21)
[SelectTarget] team=2 EnemyN=1 TgtZ=4721.18
[DIST] team=2 EnemyN=1 MyZ=5231.45 TgtZ=4721.18 Dist=634.03
[ROOT] team=2 status=2 Z=5231.45 VP=(-1109.33,-3101.03,3023.64)
[CLAMP_DIAG] team=1 rawDist=520.54 offBoresightDeg=32.5906 clamped=0
runner:local/env:0	num_steps=[11999] | total rewards=[-11.8319] | termination= [max time out]
[seed 12] reward=   -11.83 ownHP=1.0000 tgtHP=1.0000 max time out
total: 2
[PURE_ATA] team=2 ata=96.9147 dist=4667.44 leadDist=0 aa=170.7
[PURE_ATA] team=2 ata=97.264 dist=4642.58 leadDist=0 aa=170.132
[PURE_ATA] team=2 ata=97.3899 dist=4618.09 leadDist=0 aa=168.884
[PURE_ATA] team=2 ata=97.4655 dist=4593.85 leadDist=0 aa=167.061
[PURE_ATA] team=2 ata=97.4077 dist=4569.91 leadDist=0 aa=164.935
[PURE_ATA] team=2 ata=97.1018 dist=4546.36 leadDist=0 aa=162.795
[PURE_ATA] team=2 ata=96.447 dist=4523.13 leadDist=0 aa=160.925
[PURE_ATA] team=2 ata=95.4072 dist=4498.87 leadDist=0 aa=159.569
[PURE_ATA] team=2 ata=94.0766 dist=4476.31 leadDist=0 aa=158.909
[SelectTarget] team=1 EnemyN=1 TgtZ=7006.7
[DIST] team=1 EnemyN=1 MyZ=8005.19 TgtZ=7006.7 Dist=4457.81
[ROOT] team=1 status=2 Z=8005.19 VP=(4823.93,112.525,7355.19)
[SelectTarget] team=2 EnemyN=1 TgtZ=8004.72
[DIST] team=2 EnemyN=1 MyZ=7006.7 TgtZ=8004.72 Dist=4452.75
[PURE_ATA] team=2 ata=92.82 dist=4452.75 leadDist=0 aa=159.058
[ROOT] team=2 status=2 Z=7006.7 VP=(6591.12,4252.38,8004.72)
[PURE_ATA] team=2 ata=91.8491 dist=4429.55 leadDist=0 aa=160.05
[PURE_ATA] team=2 ata=91.0872 dist=4406.72 leadDist=0 aa=161.741
[PURE_ATA] team=2 ata=90.4656 dist=4381.71 leadDist=0 aa=163.688
[PURE_ATA] team=2 ata=89.9221 dist=4359.33 leadDist=0 aa=165.527
[PURE_ATA] team=2 ata=89.473 dist=4334.98 leadDist=0 aa=167.068
[PURE_ATA] team=2 ata=89.0632 dist=4311.97 leadDist=0 aa=168.353
[PURE_ATA] team=2 ata=88.7015 dist=4286.8 leadDist=0 aa=169.659
[PURE_ATA] team=2 ata=88.3544 dist=4263.03 leadDist=0 aa=171.099
[PURE_ATA] team=2 ata=88.0331 dist=4238.38 leadDist=0 aa=172.393
[PURE_ATA] team=2 ata=87.7259 dist=4213.97 leadDist=0 aa=173.484
[PURE_ATA] team=2 ata=87.4298 dist=4188.44 leadDist=0 aa=174.419
[PURE_ATA] team=2 ata=87.1443 dist=4163.14 leadDist=0 aa=175.265
[PURE_ATA] team=2 ata=86.8717 dist=4138.21 leadDist=0 aa=176.054
[PURE_ATA] team=2 ata=86.6003 dist=4113.37 leadDist=0 aa=176.767
[PURE_ATA] team=2 ata=86.3474 dist=4086.3 leadDist=0 aa=177.379
[PURE_ATA] team=2 ata=86.0807 dist=4061.91 leadDist=0 aa=177.878
[PURE_ATA] team=2 ata=85.8193 dist=4035.14 leadDist=0 aa=178.247
[PURE_ATA] team=2 ata=85.554 dist=4009.81 leadDist=0 aa=178.503
[SelectTarget] team=1 EnemyN=1 TgtZ=7045.21
[DIST] team=1 EnemyN=1 MyZ=7878.85 TgtZ=7045.21 Dist=3702.65
[ROOT] team=1 status=2 Z=7878.85 VP=(4018.65,545.381,7228.85)
[SelectTarget] team=2 EnemyN=1 TgtZ=7877.76
[DIST] team=2 EnemyN=1 MyZ=7045.21 TgtZ=7877.76 Dist=3697.44
[ROOT] team=2 status=2 Z=7045.21 VP=(2938.12,684.015,7815.67)
[SelectTarget] team=1 EnemyN=1 TgtZ=7215.83
[DIST] team=1 EnemyN=1 MyZ=7634.01 TgtZ=7215.83 Dist=3001.45
[ROOT] team=1 status=2 Z=7634.01 VP=(3492.48,1364.28,7285.18)
[SelectTarget] team=2 EnemyN=1 TgtZ=7632.41
[DIST] team=2 EnemyN=1 MyZ=7215.83 TgtZ=7632.41 Dist=2995.51
[ROOT] team=2 status=2 Z=7215.83 VP=(4422.55,1943.43,9013.34)
[SelectTarget] team=1 EnemyN=1 TgtZ=7560.56
[DIST] team=1 EnemyN=1 MyZ=7351.38 TgtZ=7560.56 Dist=2303.12
[ROOT] team=1 status=2 Z=7351.38 VP=(3579.12,997.958,7473.69)
[SelectTarget] team=2 EnemyN=1 TgtZ=7350.04
[DIST] team=2 EnemyN=1 MyZ=7560.56 TgtZ=7350.04 Dist=2298.37
[ROOT] team=2 status=2 Z=7560.56 VP=(4568.6,2655.74,7992.02)
[SYNC] dist=1800.98 dV=-42.9043 thr=1
[SelectTarget] team=1 EnemyN=1 TgtZ=7876.18
[DIST] team=1 EnemyN=1 MyZ=7239.95 TgtZ=7876.18 Dist=1729.96
[ROOT] team=1 status=2 Z=7239.95 VP=(3247.79,1679.95,7825.64)
[SelectTarget] team=2 EnemyN=1 TgtZ=7239.92
[DIST] team=2 EnemyN=1 MyZ=7876.18 TgtZ=7239.92 Dist=1725.64
[ROOT] team=2 status=2 Z=7876.18 VP=(4933.08,2682.46,6903.86)
[SelectTarget] team=1 EnemyN=1 TgtZ=7897.48
[DIST] team=1 EnemyN=1 MyZ=7301.85 TgtZ=7897.48 Dist=1534.72
[ROOT] team=1 status=2 Z=7301.85 VP=(3231.89,2487.87,7905.84)
[SelectTarget] team=2 EnemyN=1 TgtZ=7302.46
[DIST] team=2 EnemyN=1 MyZ=7897.48 TgtZ=7302.46 Dist=1532.48
[ROOT] team=2 status=2 Z=7897.48 VP=(4969.44,2513.74,6459.49)
[SelectTarget] team=1 EnemyN=1 TgtZ=7585.71
[DIST] team=1 EnemyN=1 MyZ=7419.03 TgtZ=7585.71 Dist=1832.53
[ROOT] team=1 status=2 Z=7419.03 VP=(3499.36,3192,7657.09)
[SelectTarget] team=2 EnemyN=1 TgtZ=7419.62
[DIST] team=2 EnemyN=1 MyZ=7585.71 TgtZ=7419.62 Dist=1831.27
[ROOT] team=2 status=2 Z=7585.71 VP=(4864.9,2309.26,6258.45)
[SelectTarget] team=1 EnemyN=1 TgtZ=6990.57
[DIST] team=1 EnemyN=1 MyZ=7477.56 TgtZ=6990.57 Dist=2394.53
[ROOT] team=1 status=2 Z=7477.56 VP=(3946.82,3628.64,7128.12)
[SelectTarget] team=2 EnemyN=1 TgtZ=7477.52
[DIST] team=2 EnemyN=1 MyZ=6990.57 TgtZ=7477.52 Dist=2395.24
[ROOT] team=2 status=2 Z=6990.57 VP=(4754.12,2032.68,6528.88)
[SYNC] dist=2915.36 dV=12.2951 thr=0.627049
[SelectTarget] team=1 EnemyN=1 TgtZ=6261.2
[DIST] team=1 EnemyN=1 MyZ=7376.7 TgtZ=6261.2 Dist=3018.59
[ROOT] team=1 status=2 Z=7376.7 VP=(4683.54,3410.03,6726.7)
[SelectTarget] team=2 EnemyN=1 TgtZ=7375.58
[DIST] team=2 EnemyN=1 MyZ=6261.2 TgtZ=7375.58 Dist=3017.94
[ROOT] team=2 status=2 Z=6261.2 VP=(4531.26,1756.1,6168.91)
[SelectTarget] team=1 EnemyN=1 TgtZ=5529.37
[DIST] team=1 EnemyN=1 MyZ=7076.72 TgtZ=5529.37 Dist=3578.92
[ROOT] team=1 status=2 Z=7076.72 VP=(4913.16,2798.85,6426.72)
[SelectTarget] team=2 EnemyN=1 TgtZ=7074.52
[DIST] team=2 EnemyN=1 MyZ=5529.37 TgtZ=7074.52 Dist=3577.99
[ROOT] team=2 status=2 Z=5529.37 VP=(4050.23,1561.93,5639.52)
[SelectTarget] team=1 EnemyN=1 TgtZ=4889.48
[DIST] team=1 EnemyN=1 MyZ=6587.85 TgtZ=4889.48 Dist=3968.18
[ROOT] team=1 status=2 Z=6587.85 VP=(4697.09,2005.07,5937.85)
[SelectTarget] team=2 EnemyN=1 TgtZ=6584.63
[DIST] team=2 EnemyN=1 MyZ=4889.48 TgtZ=6584.63 Dist=3966.93
[ROOT] team=2 status=2 Z=4889.48 VP=(3418.63,1545.22,5217.68)
[PURE_ATA] team=2 ata=116.837 dist=4000.71 leadDist=0 aa=174.583
[PURE_ATA] team=2 ata=116.436 dist=4007.42 leadDist=0 aa=174.865
[PURE_ATA] team=2 ata=115.991 dist=4015.08 leadDist=0 aa=175.134
[PURE_ATA] team=2 ata=115.472 dist=4021.14 leadDist=0 aa=175.392
[PURE_ATA] team=2 ata=114.945 dist=4027.14 leadDist=0 aa=175.59
[PURE_ATA] team=2 ata=114.458 dist=4033.62 leadDist=0 aa=175.718
[PURE_ATA] team=2 ata=113.982 dist=4039.57 leadDist=0 aa=175.834
[PURE_ATA] team=2 ata=113.515 dist=4044.7 leadDist=0 aa=175.939
[PURE_ATA] team=2 ata=113.066 dist=4049.55 leadDist=0 aa=176.033
[PURE_ATA] team=2 ata=112.618 dist=4053.57 leadDist=0 aa=176.135
[PURE_ATA] team=2 ata=112.184 dist=4058.75 leadDist=0 aa=176.239
[PURE_ATA] team=2 ata=111.736 dist=4062.24 leadDist=0 aa=176.361
[PURE_ATA] team=2 ata=111.306 dist=4066.39 leadDist=0 aa=176.472
[PURE_ATA] team=2 ata=110.862 dist=4068.81 leadDist=0 aa=176.601
[PURE_ATA] team=2 ata=110.433 dist=4072.22 leadDist=0 aa=176.723
[PURE_ATA] team=2 ata=109.983 dist=4074.14 leadDist=0 aa=176.866
[PURE_ATA] team=2 ata=109.538 dist=4076.14 leadDist=0 aa=177.009
[PURE_ATA] team=2 ata=109.093 dist=4077.04 leadDist=0 aa=177.149
[PURE_ATA] team=2 ata=108.648 dist=4078.31 leadDist=0 aa=177.295
[PURE_ATA] team=2 ata=108.194 dist=4078.97 leadDist=0 aa=177.448
[PURE_ATA] team=2 ata=107.741 dist=4078.54 leadDist=0 aa=177.595
[PURE_ATA] team=2 ata=107.293 dist=4078.25 leadDist=0 aa=177.737
[PURE_ATA] team=2 ata=106.84 dist=4078.59 leadDist=0 aa=177.888
[PURE_ATA] team=2 ata=106.387 dist=4076.62 leadDist=0 aa=178.026
[PURE_ATA] team=2 ata=105.93 dist=4075.26 leadDist=0 aa=178.173
[PURE_ATA] team=2 ata=105.472 dist=4073.06 leadDist=0 aa=178.315
[SelectTarget] team=1 EnemyN=1 TgtZ=4383.72
[DIST] team=1 EnemyN=1 MyZ=5934.59 TgtZ=4383.72 Dist=4072.34
[ROOT] team=1 status=2 Z=5934.59 VP=(4102.08,1454.61,5284.59)
[SelectTarget] team=2 EnemyN=1 TgtZ=5930.61
[DIST] team=2 EnemyN=1 MyZ=4383.72 TgtZ=5930.61 Dist=4070.02
[PURE_ATA] team=2 ata=105.012 dist=4070.02 leadDist=0 aa=178.451
[ROOT] team=2 status=2 Z=4383.72 VP=(2787.77,4956.81,5930.61)
[PURE_ATA] team=2 ata=104.543 dist=4066.53 leadDist=0 aa=178.596
[PURE_ATA] team=2 ata=104.087 dist=4063.05 leadDist=0 aa=178.725
[PURE_ATA] team=2 ata=103.631 dist=4060.01 leadDist=0 aa=178.851
[PURE_ATA] team=2 ata=103.165 dist=4055.24 leadDist=0 aa=178.978
[PURE_ATA] team=2 ata=102.701 dist=4049.63 leadDist=0 aa=179.096
[PURE_ATA] team=2 ata=102.234 dist=4043.36 leadDist=0 aa=179.21
[PURE_ATA] team=2 ata=101.77 dist=4037.54 leadDist=0 aa=179.319
[PURE_ATA] team=2 ata=101.309 dist=4030.89 leadDist=0 aa=179.417
[PURE_ATA] team=2 ata=100.848 dist=4024.89 leadDist=0 aa=179.516
[PURE_ATA] team=2 ata=100.389 dist=4018.08 leadDist=0 aa=179.602
[PURE_ATA] team=2 ata=99.9194 dist=4008.31 leadDist=0 aa=179.68
[PURE_ATA] team=2 ata=99.4651 dist=4001.35 leadDist=0 aa=179.751
[SelectTarget] team=1 EnemyN=1 TgtZ=3969.65
[DIST] team=1 EnemyN=1 MyZ=5193.24 TgtZ=3969.65 Dist=3765.29
[ROOT] team=1 status=2 Z=5193.24 VP=(3135.41,1456.6,4543.24)
[SelectTarget] team=2 EnemyN=1 TgtZ=5189.1
[DIST] team=2 EnemyN=1 MyZ=3969.65 TgtZ=5189.1 Dist=3760.96
[ROOT] team=2 status=2 Z=3969.65 VP=(2409.34,2514.78,3900.95)
[SelectTarget] team=1 EnemyN=1 TgtZ=3637.32
[DIST] team=1 EnemyN=1 MyZ=4488.6 TgtZ=3637.32 Dist=3014.14
[ROOT] team=1 status=2 Z=4488.6 VP=(2369.54,2024.36,3838.6)
[SelectTarget] team=2 EnemyN=1 TgtZ=4484.99
[DIST] team=2 EnemyN=1 MyZ=3637.32 TgtZ=4484.99 Dist=3009.87
[ROOT] team=2 status=2 Z=3637.32 VP=(2619.28,3324.72,3331.77)
[SYNC] dist=2881.03 dV=-19.3944 thr=0.943944
[SelectTarget] team=1 EnemyN=1 TgtZ=3307.21
[DIST] team=1 EnemyN=1 MyZ=3905.38 TgtZ=3307.21 Dist=1955.63
[ROOT] team=1 status=2 Z=3905.38 VP=(2449.89,2086.53,3349.67)
[SelectTarget] team=2 EnemyN=1 TgtZ=3902.71
[DIST] team=2 EnemyN=1 MyZ=3307.21 TgtZ=3902.71 Dist=1950.12
[ROOT] team=2 status=2 Z=3307.21 VP=(2954.11,3656.06,2459.17)
[SelectTarget] team=1 EnemyN=1 TgtZ=2858.86
[DIST] team=1 EnemyN=1 MyZ=3456.54 TgtZ=2858.86 Dist=1125.61
[ROOT] team=1 status=2 Z=3456.54 VP=(2312.28,2982.72,2929.02)
[SelectTarget] team=2 EnemyN=1 TgtZ=3453.83
[DIST] team=2 EnemyN=1 MyZ=2858.86 TgtZ=3453.83 Dist=1121.25
[ROOT] team=2 status=2 Z=2858.86 VP=(4306.77,3401.36,3296.17)
[SelectTarget] team=1 EnemyN=1 TgtZ=2512.31
[DIST] team=1 EnemyN=1 MyZ=2875.65 TgtZ=2512.31 Dist=1420.9
[ROOT] team=1 status=2 Z=2875.65 VP=(1116.74,3346.2,7680.49)
[SelectTarget] team=2 EnemyN=1 TgtZ=2871.94
[DIST] team=2 EnemyN=1 MyZ=2512.31 TgtZ=2871.94 Dist=1420.59
[ROOT] team=2 status=2 Z=2512.31 VP=(4495.4,2970.43,3687.94)
[SelectTarget] team=1 EnemyN=1 TgtZ=2346.67
[DIST] team=1 EnemyN=1 MyZ=2336 TgtZ=2346.67 Dist=2594.45
[ROOT] team=1 status=2 Z=2336 VP=(397.729,4110.11,7105.7)
[SelectTarget] team=2 EnemyN=1 TgtZ=2333.96
[DIST] team=2 EnemyN=1 MyZ=2346.67 TgtZ=2333.96 Dist=2596.36
[ROOT] team=2 status=2 Z=2346.67 VP=(5550.18,3824.42,2000)
[SYNC] dist=2785.19 dV=-8.84836 thr=0.838484
[SelectTarget] team=1 EnemyN=1 TgtZ=2102.56
[DIST] team=1 EnemyN=1 MyZ=2072.89 TgtZ=2102.56 Dist=3998.33
[ROOT] team=1 status=2 Z=2072.89 VP=(5774.69,4748.93,1500)
[SelectTarget] team=2 EnemyN=1 TgtZ=2071.95
[DIST] team=2 EnemyN=1 MyZ=2102.56 TgtZ=2071.95 Dist=4000.18
[PURE_ATA] team=2 ata=169.647 dist=4000.18 leadDist=1428.05 aa=57.9065
[ROOT] team=2 status=2 Z=2102.56 VP=(858.182,3924.99,3500)
[PURE_ATA] team=2 ata=169.443 dist=4045.48 leadDist=1433.65 aa=52.0827
[PURE_ATA] team=2 ata=169.848 dist=4091.24 leadDist=1439.11 aa=47.3926
[PURE_ATA] team=2 ata=169.899 dist=4135.42 leadDist=1444.47 aa=43.3894
[PURE_ATA] team=2 ata=169.912 dist=4179.92 leadDist=1449.76 aa=31.6338
[PURE_ATA] team=2 ata=169.897 dist=4223.9 leadDist=1455.03 aa=9.50255
[PURE_ATA] team=2 ata=169.857 dist=4266.98 leadDist=1460.34 aa=9.72715
[PURE_ATA] team=2 ata=169.85 dist=4309.96 leadDist=1465.72 aa=23.306
[PURE_ATA] team=2 ata=169.782 dist=4352.26 leadDist=1471.19 aa=34.5105
[PURE_ATA] team=2 ata=169.729 dist=4393.32 leadDist=1476.78 aa=45.1257
[PURE_ATA] team=2 ata=169.571 dist=4435.04 leadDist=1482.48 aa=22.681
[PURE_ATA] team=2 ata=169.358 dist=4475.84 leadDist=1488.25 aa=43.4342
[PURE_ATA] team=2 ata=169.025 dist=4517.13 leadDist=1494.06 aa=67.9583
[PURE_ATA] team=2 ata=168.615 dist=4558.23 leadDist=1499.89 aa=75.3411
[PURE_ATA] team=2 ata=168.133 dist=4599.6 leadDist=1505.66 aa=79.2943
[PURE_ATA] team=2 ata=167.572 dist=4640.91 leadDist=1511.2 aa=80.9803
[PURE_ATA] team=2 ata=166.955 dist=4681.67 leadDist=1516.36 aa=81.4312
[PURE_ATA] team=2 ata=166.265 dist=4723.28 leadDist=1521 aa=80.8666
[PURE_ATA] team=2 ata=165.535 dist=4764.34 leadDist=1525.07 aa=79.6198
[PURE_ATA] team=2 ata=164.772 dist=4804.45 leadDist=1528.67 aa=77.9094
[PURE_ATA] team=2 ata=163.982 dist=4844.9 leadDist=1531.94 aa=77.1766
[PURE_ATA] team=2 ata=163.138 dist=4884.51 leadDist=1534.95 aa=78.4816
[PURE_ATA] team=2 ata=162.288 dist=4924.02 leadDist=1537.72 aa=80.7132
[PURE_ATA] team=2 ata=161.416 dist=4962.22 leadDist=1540.26 aa=83.0649
[PURE_ATA] team=2 ata=160.533 dist=5000.38 leadDist=1542.62 aa=87.3177
[PURE_ATA] team=2 ata=159.636 dist=5037.23 leadDist=1544.88 aa=96.3191
[PURE_ATA] team=2 ata=158.725 dist=5073.63 leadDist=1547.06 aa=109.428
[PURE_ATA] team=2 ata=157.806 dist=5109.57 leadDist=1549.18 aa=124.558
[PURE_ATA] team=2 ata=156.88 dist=5144.19 leadDist=1551.25 aa=139.256
[PURE_ATA] team=2 ata=155.956 dist=5178.42 leadDist=1553.3 aa=151.588
[SelectTarget] team=1 EnemyN=1 TgtZ=2139.41
[DIST] team=1 EnemyN=1 MyZ=1945.02 TgtZ=2139.41 Dist=5211.36
[ROOT] team=1 status=2 Z=1945.02 VP=(6706.24,4057.04,2424.08)
[SelectTarget] team=2 EnemyN=1 TgtZ=1944.69
[DIST] team=2 EnemyN=1 MyZ=2139.41 TgtZ=1944.69 Dist=5211.35
[PURE_ATA] team=2 ata=155.028 dist=5211.35 leadDist=1555.31 aa=161.217
[ROOT] team=2 status=2 Z=2139.41 VP=(621.794,4970.22,3500)
[PURE_ATA] team=2 ata=154.096 dist=5243.84 leadDist=1557.32 aa=168.638
[PURE_ATA] team=2 ata=153.164 dist=5275.45 leadDist=1559.31 aa=174.331
[PURE_ATA] team=2 ata=152.225 dist=5306.08 leadDist=1561.31 aa=178.636
[PURE_ATA] team=2 ata=151.298 dist=5336.07 leadDist=1563.32 aa=178.217
[PURE_ATA] team=2 ata=150.367 dist=5364.66 leadDist=1565.35 aa=175.982
[PURE_ATA] team=2 ata=149.436 dist=5392.8 leadDist=1567.41 aa=174.441
[PURE_ATA] team=2 ata=148.514 dist=5420.23 leadDist=1569.49 aa=173.496
[PURE_ATA] team=2 ata=147.59 dist=5446.24 leadDist=1571.6 aa=173.008
[PURE_ATA] team=2 ata=146.664 dist=5471.64 leadDist=1573.74 aa=172.762
[PURE_ATA] team=2 ata=145.752 dist=5496.12 leadDist=1575.92 aa=172.738
[PURE_ATA] team=2 ata=144.834 dist=5519.8 leadDist=1578.13 aa=173.034
[PURE_ATA] team=2 ata=143.926 dist=5542.41 leadDist=1580.36 aa=173.345
[PURE_ATA] team=2 ata=143.022 dist=5564.18 leadDist=1582.61 aa=173.663
[PURE_ATA] team=2 ata=142.115 dist=5584.67 leadDist=1584.88 aa=173.982
[PURE_ATA] team=2 ata=141.221 dist=5604.76 leadDist=1587.16 aa=174.301
[PURE_ATA] team=2 ata=140.33 dist=5623.79 leadDist=1589.45 aa=174.614
[PURE_ATA] team=2 ata=139.439 dist=5641.73 leadDist=1591.74 aa=174.914
[PURE_ATA] team=2 ata=138.555 dist=5658.42 leadDist=1594.03 aa=175.204
[PURE_ATA] team=2 ata=137.68 dist=5674.95 leadDist=1596.31 aa=175.482
[PURE_ATA] team=2 ata=136.807 dist=5690.39 leadDist=1598.58 aa=175.744
[PURE_ATA] team=2 ata=135.937 dist=5704.31 leadDist=1600.82 aa=175.994
[PURE_ATA] team=2 ata=135.074 dist=5717.39 leadDist=1603.05 aa=176.229
[PURE_ATA] team=2 ata=134.219 dist=5730.37 leadDist=1605.25 aa=176.453
[PURE_ATA] team=2 ata=133.365 dist=5741.91 leadDist=1607.41 aa=176.663
[PURE_ATA] team=2 ata=132.507 dist=5751.9 leadDist=1609.53 aa=176.858
[PURE_ATA] team=2 ata=131.641 dist=5762.52 leadDist=1611.61 aa=177.047
[PURE_ATA] team=2 ata=130.761 dist=5770.52 leadDist=1613.64 aa=177.217
[PURE_ATA] team=2 ata=129.88 dist=5778.43 leadDist=1615.61 aa=177.381
[PURE_ATA] team=2 ata=128.999 dist=5785.53 leadDist=1617.51 aa=177.535
[SelectTarget] team=1 EnemyN=1 TgtZ=2711.19
[DIST] team=1 EnemyN=1 MyZ=1880.95 TgtZ=2711.19 Dist=5794.39
[ROOT] team=1 status=2 Z=1880.95 VP=(6896.17,3596.01,3416.48)
[SelectTarget] team=2 EnemyN=1 TgtZ=1880.65
[DIST] team=2 EnemyN=1 MyZ=2711.19 TgtZ=1880.65 Dist=5791.5
[PURE_ATA] team=2 ata=128.109 dist=5791.5 leadDist=1619.35 aa=177.675
[ROOT] team=2 status=2 Z=2711.19 VP=(1061.16,5918.86,3500)
[PURE_ATA] team=2 ata=127.22 dist=5796.64 leadDist=1621.12 aa=177.806
[PURE_ATA] team=2 ata=126.33 dist=5800.96 leadDist=1622.8 aa=177.928
[PURE_ATA] team=2 ata=125.44 dist=5804.47 leadDist=1624.4 aa=178.039
[PURE_ATA] team=2 ata=124.545 dist=5806.39 leadDist=1625.91 aa=178.135
[PURE_ATA] team=2 ata=123.648 dist=5807.87 leadDist=1627.32 aa=178.222
[PURE_ATA] team=2 ata=122.751 dist=5808.54 leadDist=1628.63 aa=178.298
[PURE_ATA] team=2 ata=121.852 dist=5808.38 leadDist=1629.83 aa=178.362
[PURE_ATA] team=2 ata=120.948 dist=5806.98 leadDist=1630.92 aa=178.413
[PURE_ATA] team=2 ata=120.045 dist=5804.75 leadDist=1631.89 aa=178.451
[PURE_ATA] team=2 ata=119.135 dist=5801.62 leadDist=1632.73 aa=178.475
[PURE_ATA] team=2 ata=118.228 dist=5797.32 leadDist=1633.45 aa=178.51
[PURE_ATA] team=2 ata=117.314 dist=5792.92 leadDist=1634.03 aa=178.561
[PURE_ATA] team=2 ata=116.399 dist=5787.24 leadDist=1634.47 aa=178.621
[PURE_ATA] team=2 ata=115.482 dist=5780.73 leadDist=1634.77 aa=178.691
[PURE_ATA] team=2 ata=114.561 dist=5773.32 leadDist=1634.91 aa=178.765
[PURE_ATA] team=2 ata=113.636 dist=5764.99 leadDist=1634.9 aa=178.839
[PURE_ATA] team=2 ata=112.708 dist=5756.21 leadDist=1634.72 aa=178.916
[PURE_ATA] team=2 ata=111.774 dist=5746.01 leadDist=1634.37 aa=178.986
[PURE_ATA] team=2 ata=110.84 dist=5735.46 leadDist=1633.84 aa=179.058
[PURE_ATA] team=2 ata=109.9 dist=5723.45 leadDist=1633.13 aa=179.12
[PURE_ATA] team=2 ata=108.956 dist=5711.36 leadDist=1632.23 aa=179.182
[PURE_ATA] team=2 ata=108.006 dist=5698.28 leadDist=1631.13 aa=179.239
[PURE_ATA] team=2 ata=107.053 dist=5683.84 leadDist=1629.83 aa=179.288
[PURE_ATA] team=2 ata=106.096 dist=5668.92 leadDist=1628.32 aa=179.335
[PURE_ATA] team=2 ata=105.13 dist=5653.2 leadDist=1626.6 aa=179.372
[PURE_ATA] team=2 ata=104.165 dist=5636.78 leadDist=1624.65 aa=179.409
[PURE_ATA] team=2 ata=103.187 dist=5619 leadDist=1622.48 aa=179.432
[PURE_ATA] team=2 ata=102.209 dist=5601.77 leadDist=1620.07 aa=179.463
[PURE_ATA] team=2 ata=101.222 dist=5582.41 leadDist=1617.42 aa=179.476
[SelectTarget] team=1 EnemyN=1 TgtZ=3555.66
[DIST] team=1 EnemyN=1 MyZ=1884.97 TgtZ=3555.66 Dist=5567.78
[ROOT] team=1 status=2 Z=1884.97 VP=(6412.17,3364.53,4278.25)
[SelectTarget] team=2 EnemyN=1 TgtZ=1885.47
[DIST] team=2 EnemyN=1 MyZ=3555.66 TgtZ=1885.47 Dist=5562.53
[PURE_ATA] team=2 ata=100.23 dist=5562.53 leadDist=1614.53 aa=179.488
[ROOT] team=2 status=2 Z=3555.66 VP=(1998.26,6329.44,3500)
[PURE_ATA] team=2 ata=99.2296 dist=5542.29 leadDist=1611.38 aa=179.493
[PURE_ATA] team=2 ata=98.2238 dist=5521.51 leadDist=1607.97 aa=179.497
[PURE_ATA] team=2 ata=97.2119 dist=5499.63 leadDist=1604.3 aa=179.495
[PURE_ATA] team=2 ata=96.1914 dist=5476.99 leadDist=1600.36 aa=179.483
[PURE_ATA] team=2 ata=95.1694 dist=5453.23 leadDist=1596.14 aa=179.464
[PURE_ATA] team=2 ata=94.1478 dist=5429.6 leadDist=1591.65 aa=179.445
[PURE_ATA] team=2 ata=93.1257 dist=5404.82 leadDist=1586.86 aa=179.417
[PURE_ATA] team=2 ata=92.1001 dist=5380.16 leadDist=1581.78 aa=179.39
[PURE_ATA] team=2 ata=91.0691 dist=5353.51 leadDist=1576.41 aa=179.338
[PURE_ATA] team=2 ata=90.0372 dist=5326.83 leadDist=1570.73 aa=179.291
[PURE_ATA] team=2 ata=89.0004 dist=5299.29 leadDist=1564.74 aa=179.236
[PURE_ATA] team=2 ata=87.9593 dist=5270.89 leadDist=1558.44 aa=179.172
[PURE_ATA] team=2 ata=86.9115 dist=5242.53 leadDist=1551.82 aa=179.107
[PURE_ATA] team=2 ata=85.8564 dist=5213.62 leadDist=1544.88 aa=179.033
[PURE_ATA] team=2 ata=84.7987 dist=5183.45 leadDist=1537.61 aa=178.948
[PURE_ATA] team=2 ata=83.7349 dist=5152.35 leadDist=1530.01 aa=178.853
[PURE_ATA] team=2 ata=82.6626 dist=5121.59 leadDist=1522.07 aa=178.756
[PURE_ATA] team=2 ata=81.584 dist=5089.86 leadDist=1513.78 aa=178.648
[PURE_ATA] team=2 ata=80.5012 dist=5057.76 leadDist=1505.16 aa=178.537
[PURE_ATA] team=2 ata=79.4134 dist=5024.67 leadDist=1496.18 aa=178.415
[PURE_ATA] team=2 ata=78.3148 dist=4991.25 leadDist=1486.85 aa=178.28
[PURE_ATA] team=2 ata=77.2092 dist=4956.8 leadDist=1477.15 aa=178.132
[PURE_ATA] team=2 ata=76.0923 dist=4922.87 leadDist=1467.1 aa=177.991
[PURE_ATA] team=2 ata=74.9634 dist=4887.61 leadDist=1456.68 aa=177.826
[PURE_ATA] team=2 ata=73.8265 dist=4851.89 leadDist=1445.89 aa=177.655
[PURE_ATA] team=2 ata=72.6753 dist=4815.13 leadDist=1434.73 aa=177.459
[PURE_ATA] team=2 ata=71.5141 dist=4779.43 leadDist=1423.2 aa=177.281
[PURE_ATA] team=2 ata=70.3452 dist=4741.4 leadDist=1411.28 aa=177.061
[PURE_ATA] team=2 ata=69.1624 dist=4704.1 leadDist=1398.98 aa=176.848
[SelectTarget] team=1 EnemyN=1 TgtZ=4314.46
[DIST] team=1 EnemyN=1 MyZ=2111.56 TgtZ=4314.46 Dist=4671.73
[ROOT] team=1 status=2 Z=2111.56 VP=(5602.19,3587.76,4649.85)
[SelectTarget] team=2 EnemyN=1 TgtZ=2113.7
[DIST] team=2 EnemyN=1 MyZ=4314.46 TgtZ=2113.7 Dist=4665.99
[PURE_ATA] team=2 ata=67.9689 dist=4665.99 leadDist=1386.3 aa=176.615
[ROOT] team=2 status=2 Z=4314.46 VP=(2939.58,6093.29,3500)
[PURE_ATA] team=2 ata=66.7647 dist=4627.03 leadDist=1373.23 aa=176.362
[PURE_ATA] team=2 ata=65.5481 dist=4588.75 leadDist=1359.77 aa=176.112
[PURE_ATA] team=2 ata=64.3232 dist=4548.68 leadDist=1345.91 aa=175.826
[PURE_ATA] team=2 ata=63.0847 dist=4508.64 leadDist=1331.65 aa=175.527
[PURE_ATA] team=2 ata=61.8364 dist=4467.7 leadDist=1330.52 aa=175.2
[PURE_ATA] team=2 ata=60.5745 dist=4427.36 leadDist=1340.45 aa=174.87
[PURE_ATA] team=2 ata=59.299 dist=4386.41 leadDist=1349.56 aa=174.514
[PURE_ATA] team=2 ata=58.0169 dist=4344.2 leadDist=1357.97 aa=174.152
[PURE_ATA] team=2 ata=56.7224 dist=4302.56 leadDist=1365.32 aa=173.84
[PURE_ATA] team=2 ata=55.4196 dist=4259.36 leadDist=1372.04 aa=173.542
[PURE_ATA] team=2 ata=54.1035 dist=4216.72 leadDist=1377.72 aa=173.291
[PURE_ATA] team=2 ata=52.7794 dist=4173.11 leadDist=1382.66 aa=173.057
[PURE_ATA] team=2 ata=51.4426 dist=4130.04 leadDist=1386.58 aa=172.875
[PURE_ATA] team=2 ata=50.101 dist=4085.41 leadDist=1389.91 aa=172.68
[PURE_ATA] team=2 ata=48.7497 dist=4041 leadDist=1392.31 aa=172.515
[SelectTarget] team=1 EnemyN=1 TgtZ=4677.55
[DIST] team=1 EnemyN=1 MyZ=2636.48 TgtZ=4677.55 Dist=3346.3
[ROOT] team=1 status=2 Z=2636.48 VP=(5001.46,4640.49,4343.64)
[SelectTarget] team=2 EnemyN=1 TgtZ=2639.89
[DIST] team=2 EnemyN=1 MyZ=4677.55 TgtZ=2639.89 Dist=3341.11
[ROOT] team=2 status=2 Z=4677.55 VP=(3853.6,4408.32,3935.86)
[SelectTarget] team=1 EnemyN=1 TgtZ=4769.45
[DIST] team=1 EnemyN=1 MyZ=3311.68 TgtZ=4769.45 Dist=1892.5
[ROOT] team=1 status=2 Z=3311.68 VP=(5202.36,4398.15,4766.41)
[SelectTarget] team=2 EnemyN=1 TgtZ=3315.6
[DIST] team=2 EnemyN=1 MyZ=4769.45 TgtZ=3315.6 Dist=1887.44
[ROOT] team=2 status=2 Z=4769.45 VP=(3318.83,4607.78,5302.19)
[SelectTarget] team=1 EnemyN=1 TgtZ=4585.72
[DIST] team=1 EnemyN=1 MyZ=4020.1 TgtZ=4585.72 Dist=633.615
[ROOT] team=1 status=2 Z=4020.1 VP=(4423.15,4626.64,4618.87)
[SelectTarget] team=2 EnemyN=1 TgtZ=4024.45
[DIST] team=2 EnemyN=1 MyZ=4585.72 TgtZ=4024.45 Dist=630.47
[ROOT] team=2 status=2 Z=4585.72 VP=(4718.22,4630.43,2226.54)
[CLAMP_DIAG] team=1 rawDist=566.917 offBoresightDeg=80.6709 clamped=1
[SYNC] dist=1179.96 dV=16.5135 thr=0.584865
[SelectTarget] team=1 EnemyN=1 TgtZ=3998.21
[DIST] team=1 EnemyN=1 MyZ=4822.31 TgtZ=3998.21 Dist=1301.52
[ROOT] team=1 status=2 Z=4822.31 VP=(3581.16,4949.89,4172.31)
[SelectTarget] team=2 EnemyN=1 TgtZ=4826.56
[DIST] team=2 EnemyN=1 MyZ=3998.21 TgtZ=4826.56 Dist=1303.85
[ROOT] team=2 status=2 Z=3998.21 VP=(5455.16,5153.36,3324.74)
[SelectTarget] team=1 EnemyN=1 TgtZ=3157.67
[DIST] team=1 EnemyN=1 MyZ=5442.27 TgtZ=3157.67 Dist=2497.46
[ROOT] team=1 status=2 Z=5442.27 VP=(4071.36,5104.29,4792.27)
[SelectTarget] team=2 EnemyN=1 TgtZ=5444.7
[DIST] team=2 EnemyN=1 MyZ=3157.67 TgtZ=5444.7 Dist=2499.14
[ROOT] team=2 status=2 Z=3157.67 VP=(5427.58,4124.81,3321.32)
[SelectTarget] team=1 EnemyN=1 TgtZ=2441.34
[DIST] team=1 EnemyN=1 MyZ=5693.14 TgtZ=2441.34 Dist=3438.86
[ROOT] team=1 status=2 Z=5693.14 VP=(5159.39,5544.4,5043.14)
[SelectTarget] team=2 EnemyN=1 TgtZ=5693.63
[DIST] team=2 EnemyN=1 MyZ=2441.34 TgtZ=5693.63 Dist=3439.7
[ROOT] team=2 status=2 Z=2441.34 VP=(5770.83,5671.49,7216.93)
[PURE_ATA] team=2 ata=120.212 dist=4002.82 leadDist=1510.83 aa=104.9
[PURE_ATA] team=2 ata=120.009 dist=4019.79 leadDist=1504 aa=105.613
[PURE_ATA] team=2 ata=119.794 dist=4036.15 leadDist=1497.04 aa=106.301
[PURE_ATA] team=2 ata=119.435 dist=4052.28 leadDist=1489.72 aa=107.037
[SelectTarget] team=1 EnemyN=1 TgtZ=2147.28
[DIST] team=1 EnemyN=1 MyZ=5664.03 TgtZ=2147.28 Dist=4068.15
[ROOT] team=1 status=2 Z=5664.03 VP=(5946.11,4818.43,5014.03)
[SelectTarget] team=2 EnemyN=1 TgtZ=5663.31
[DIST] team=2 EnemyN=1 MyZ=2147.28 TgtZ=5663.31 Dist=4067.91
[PURE_ATA] team=2 ata=118.909 dist=4067.91 leadDist=1482.08 aa=107.752
[ROOT] team=2 status=2 Z=2147.28 VP=(3180.2,5065.49,4181.23)
[PURE_ATA] team=2 ata=118.289 dist=4083.04 leadDist=1474.06 aa=108.493
[PURE_ATA] team=2 ata=117.613 dist=4097.83 leadDist=1465.54 aa=109.255
[PURE_ATA] team=2 ata=116.882 dist=4111.9 leadDist=1456.73 aa=109.99
[PURE_ATA] team=2 ata=116.143 dist=4125.74 leadDist=1447.38 aa=110.765
[PURE_ATA] team=2 ata=115.386 dist=4138.89 leadDist=1437.63 aa=111.529
[PURE_ATA] team=2 ata=114.58 dist=4151.61 leadDist=1427.31 aa=112.306
[PURE_ATA] team=2 ata=113.744 dist=4163.62 leadDist=1416.57 aa=113.067
[PURE_ATA] team=2 ata=112.887 dist=4174.97 leadDist=1405.36 aa=113.838
[PURE_ATA] team=2 ata=112.028 dist=4186.12 leadDist=1393.46 aa=114.621
[PURE_ATA] team=2 ata=111.153 dist=4196.13 leadDist=1381.35 aa=115.411
[PURE_ATA] team=2 ata=110.288 dist=4205.93 leadDist=1368.55 aa=116.192
[PURE_ATA] team=2 ata=109.419 dist=4215.06 leadDist=1355.29 aa=116.983
[PURE_ATA] team=2 ata=108.542 dist=4223.28 leadDist=1341.71 aa=117.783
[PURE_ATA] team=2 ata=107.672 dist=4231.09 leadDist=1327.55 aa=118.573
[PURE_ATA] team=2 ata=106.777 dist=4237.93 leadDist=1313.09 aa=119.412
[PURE_ATA] team=2 ata=105.905 dist=4244.65 leadDist=1297.92 aa=120.222
[PURE_ATA] team=2 ata=105.03 dist=4250.47 leadDist=1282.43 aa=121.037
[PURE_ATA] team=2 ata=104.15 dist=4255.37 leadDist=1266.64 aa=121.857
[PURE_ATA] team=2 ata=103.268 dist=4260.04 leadDist=1250.2 aa=122.707
[PURE_ATA] team=2 ata=102.396 dist=4263.96 leadDist=1233.39 aa=123.52
[PURE_ATA] team=2 ata=101.514 dist=4267.14 leadDist=1216.21 aa=124.359
[PURE_ATA] team=2 ata=100.616 dist=4269.29 leadDist=1198.81 aa=125.216
[PURE_ATA] team=2 ata=99.7351 dist=4271.29 leadDist=1180.76 aa=126.042
[PURE_ATA] team=2 ata=98.8353 dist=4271.99 leadDist=1162.64 aa=126.882
[PURE_ATA] team=2 ata=97.9382 dist=4272.59 leadDist=1143.87 aa=127.731
[PURE_ATA] team=2 ata=97.025 dist=4272.13 leadDist=1124.93 aa=128.595
[PURE_ATA] team=2 ata=96.1251 dist=4271.35 leadDist=1105.47 aa=129.423
[PURE_ATA] team=2 ata=95.2026 dist=4269.62 leadDist=1085.8 aa=130.285
[PURE_ATA] team=2 ata=94.2763 dist=4266.91 leadDist=1065.96 aa=131.121
[SelectTarget] team=1 EnemyN=1 TgtZ=2279.06
[DIST] team=1 EnemyN=1 MyZ=5458.12 TgtZ=2279.06 Dist=4265.47
[ROOT] team=1 status=2 Z=5458.12 VP=(6450.79,4408.19,4808.12)
[SelectTarget] team=2 EnemyN=1 TgtZ=5456.62
[DIST] team=2 EnemyN=1 MyZ=2279.06 TgtZ=5456.62 Dist=4263.85
[PURE_ATA] team=2 ata=93.3502 dist=4263.85 leadDist=1045.64 aa=131.959
[ROOT] team=2 status=2 Z=2279.06 VP=(3218.25,5728.32,4410.99)
[PURE_ATA] team=2 ata=92.4005 dist=4259.79 leadDist=1025.18 aa=132.826
[PURE_ATA] team=2 ata=91.4568 dist=4254.98 leadDist=1004.47 aa=133.65
[PURE_ATA] team=2 ata=90.5121 dist=4249.88 leadDist=983.283 aa=134.475
[PURE_ATA] team=2 ata=89.5437 dist=4243.73 leadDist=962.023 aa=135.325
[PURE_ATA] team=2 ata=88.5768 dist=4236.95 leadDist=940.485 aa=136.151
[PURE_ATA] team=2 ata=87.5821 dist=4228.8 leadDist=919.059 aa=136.995
[PURE_ATA] team=2 ata=86.6044 dist=4220.89 leadDist=896.952 aa=137.809
[PURE_ATA] team=2 ata=85.6003 dist=4211.59 leadDist=874.995 aa=138.639
[PURE_ATA] team=2 ata=84.5992 dist=4202.02 leadDist=852.642 aa=139.449
[PURE_ATA] team=2 ata=83.5765 dist=4191.04 leadDist=830.479 aa=140.257
[PURE_ATA] team=2 ata=82.5512 dist=4179.81 leadDist=807.942 aa=141.059
[PURE_ATA] team=2 ata=81.5067 dist=4167.73 leadDist=785.348 aa=141.867
[PURE_ATA] team=2 ata=80.4483 dist=4154.84 leadDist=762.696 aa=142.661
[PURE_ATA] team=2 ata=79.3677 dist=4140.8 leadDist=740.17 aa=143.453
[PURE_ATA] team=2 ata=78.2774 dist=4126.24 leadDist=717.472 aa=144.236
[PURE_ATA] team=2 ata=77.1795 dist=4111.47 leadDist=694.463 aa=145.016
[PURE_ATA] team=2 ata=76.0569 dist=4095.26 leadDist=671.781 aa=145.787
[PURE_ATA] team=2 ata=74.926 dist=4078.85 leadDist=648.819 aa=146.555
[PURE_ATA] team=2 ata=73.7691 dist=4060.99 leadDist=626.226 aa=147.314
[PURE_ATA] team=2 ata=72.6038 dist=4042.96 leadDist=603.381 aa=148.07
[PURE_ATA] team=2 ata=71.4153 dist=4023.76 leadDist=580.801 aa=148.822
[PURE_ATA] team=2 ata=70.2022 dist=4003.38 leadDist=558.51 aa=149.57
[SelectTarget] team=1 EnemyN=1 TgtZ=2862.4
[DIST] team=1 EnemyN=1 MyZ=5157.21 TgtZ=2862.4 Dist=3821.99
[ROOT] team=1 status=2 Z=5157.21 VP=(6038.56,4194.73,4507.21)
[SelectTarget] team=2 EnemyN=1 TgtZ=5155.45
[DIST] team=2 EnemyN=1 MyZ=2862.4 TgtZ=5155.45 Dist=3819.06
[ROOT] team=2 status=2 Z=2862.4 VP=(5930.67,5406.94,5079.21)
[SelectTarget] team=1 EnemyN=1 TgtZ=3558.81
[DIST] team=1 EnemyN=1 MyZ=4859.8 TgtZ=3558.81 Dist=2882.67
[ROOT] team=1 status=2 Z=4859.8 VP=(7245.93,4635.38,4209.8)
[SelectTarget] team=2 EnemyN=1 TgtZ=4858.53
[DIST] team=2 EnemyN=1 MyZ=3558.81 TgtZ=4858.53 Dist=2878.62
[ROOT] team=2 status=2 Z=3558.81 VP=(6534.83,5780.97,5592.85)
[SYNC] dist=1994.4 dV=-74.9025 thr=1
[SelectTarget] team=1 EnemyN=1 TgtZ=4177.75
[DIST] team=1 EnemyN=1 MyZ=4610.53 TgtZ=4177.75 Dist=1866.49
[ROOT] team=1 status=2 Z=4610.53 VP=(6570.14,4749.04,4061.73)
[SelectTarget] team=2 EnemyN=1 TgtZ=4608.93
[DIST] team=2 EnemyN=1 MyZ=4177.75 TgtZ=4608.93 Dist=1861.24
[ROOT] team=2 status=2 Z=4177.75 VP=(7650.94,3862.74,5994.52)
[SelectTarget] team=1 EnemyN=1 TgtZ=4777.01
[DIST] team=1 EnemyN=1 MyZ=4419.84 TgtZ=4777.01 Dist=1103.11
[ROOT] team=1 status=2 Z=4419.84 VP=(6650.2,4787.75,4663.7)
[SelectTarget] team=2 EnemyN=1 TgtZ=4419.71
[DIST] team=2 EnemyN=1 MyZ=4777.01 TgtZ=4419.71 Dist=1098.42
[ROOT] team=2 status=2 Z=4777.01 VP=(5088.66,5763.42,5117.45)
[SelectTarget] team=1 EnemyN=1 TgtZ=5329.43
[DIST] team=1 EnemyN=1 MyZ=4640.59 TgtZ=5329.43 Dist=699.857
[ROOT] team=1 status=2 Z=4640.59 VP=(6673.14,4837.11,5223.27)
[SelectTarget] team=2 EnemyN=1 TgtZ=4643.07
[DIST] team=2 EnemyN=1 MyZ=5329.43 TgtZ=4643.07 Dist=696.699
[ROOT] team=2 status=2 Z=5329.43 VP=(5157.18,6015.21,4218.49)
[CLAMP_DIAG] team=1 rawDist=586.217 offBoresightDeg=41.0463 clamped=0
[SelectTarget] team=1 EnemyN=1 TgtZ=5676.99
[DIST] team=1 EnemyN=1 MyZ=5235.14 TgtZ=5676.99 Dist=885.562
[ROOT] team=1 status=2 Z=5235.14 VP=(6455.81,5074.49,5622.22)
[SelectTarget] team=2 EnemyN=1 TgtZ=5238.97
[DIST] team=2 EnemyN=1 MyZ=5676.99 TgtZ=5238.97 Dist=884.817
[ROOT] team=2 status=2 Z=5676.99 VP=(5508.81,5766.49,3586.63)
[CLAMP_DIAG] team=1 rawDist=833.326 offBoresightDeg=67.0296 clamped=0
[SYNC] dist=1237.59 dV=-40.8465 thr=1
[SelectTarget] team=1 EnemyN=1 TgtZ=5718.98
[DIST] team=1 EnemyN=1 MyZ=5900.08 TgtZ=5718.98 Dist=1292.49
[ROOT] team=1 status=2 Z=5900.08 VP=(6093.68,5407.98,5740.49)
[SelectTarget] team=2 EnemyN=1 TgtZ=5903.4
[DIST] team=2 EnemyN=1 MyZ=5718.98 TgtZ=5903.4 Dist=1291.5
[ROOT] team=2 status=2 Z=5718.98 VP=(6155.26,5333.89,3914.65)
[SelectTarget] team=1 EnemyN=1 TgtZ=5410.71
[DIST] team=1 EnemyN=1 MyZ=6364.89 TgtZ=5410.71 Dist=1670.14
[ROOT] team=1 status=2 Z=6364.89 VP=(5719.67,5733.1,5714.89)
[SelectTarget] team=2 EnemyN=1 TgtZ=6366.62
[DIST] team=2 EnemyN=1 MyZ=5410.71 TgtZ=6366.62 Dist=1668.74
[ROOT] team=2 status=2 Z=5410.71 VP=(6834.01,5000.42,4392.41)
[SelectTarget] team=1 EnemyN=1 TgtZ=4825.52
[DIST] team=1 EnemyN=1 MyZ=6496.71 TgtZ=4825.52 Dist=1950.68
[ROOT] team=1 status=2 Z=6496.71 VP=(5531.82,5913.03,5846.71)
[SelectTarget] team=2 EnemyN=1 TgtZ=6496.39
[DIST] team=2 EnemyN=1 MyZ=4825.52 TgtZ=6496.39 Dist=1948.55
[ROOT] team=2 status=2 Z=4825.52 VP=(7333.29,5080.1,4987.78)
[SelectTarget] team=1 EnemyN=1 TgtZ=4216.33
[DIST] team=1 EnemyN=1 MyZ=6251.12 TgtZ=4216.33 Dist=2047.85
[ROOT] team=1 status=2 Z=6251.12 VP=(5711.2,5876.24,5601.12)
[SelectTarget] team=2 EnemyN=1 TgtZ=6248.72
[DIST] team=2 EnemyN=1 MyZ=4216.33 TgtZ=6248.72 Dist=2045.08
[ROOT] team=2 status=2 Z=4216.33 VP=(7243.92,5107.86,5761.03)
[CLAMP_DIAG] team=1 rawDist=657.272 offBoresightDeg=22.4637 clamped=0
[SYNC] dist=1924.43 dV=-1.59477 thr=0.765948
[SelectTarget] team=1 EnemyN=1 TgtZ=3902.36
[DIST] team=1 EnemyN=1 MyZ=5664.95 TgtZ=3902.36 Dist=1891.05
[ROOT] team=1 status=2 Z=5664.95 VP=(6240.78,5685.07,5014.95)
[SelectTarget] team=2 EnemyN=1 TgtZ=5661.04
[DIST] team=2 EnemyN=1 MyZ=3902.36 TgtZ=5661.04 Dist=1887.56
[ROOT] team=2 status=2 Z=3902.36 VP=(6796.28,5358.96,6230.94)
[SelectTarget] team=1 EnemyN=1 TgtZ=4039.27
[DIST] team=1 EnemyN=1 MyZ=4963.14 TgtZ=4039.27 Dist=1475.5
[ROOT] team=1 status=2 Z=4963.14 VP=(6855.84,5430.84,4313.14)
[SelectTarget] team=2 EnemyN=1 TgtZ=4959.66
[DIST] team=2 EnemyN=1 MyZ=4039.27 TgtZ=4959.66 Dist=1471.52
[ROOT] team=2 status=2 Z=4039.27 VP=(6307.3,5864.08,6272.3)
[SelectTarget] team=1 EnemyN=1 TgtZ=4512.95
[DIST] team=1 EnemyN=1 MyZ=4479.95 TgtZ=4512.95 Dist=924.305
[ROOT] team=1 status=2 Z=4479.95 VP=(7282.19,5262.19,4405.92)
[SelectTarget] team=2 EnemyN=1 TgtZ=4478.23
[DIST] team=2 EnemyN=1 MyZ=4512.95 TgtZ=4478.23 Dist=919.817
[ROOT] team=2 status=2 Z=4512.95 VP=(5771.11,6045.31,5444.24)
[CLAMP_DIAG] team=1 rawDist=772.078 offBoresightDeg=10.1214 clamped=0
[SelectTarget] team=1 EnemyN=1 TgtZ=5065.3
[DIST] team=1 EnemyN=1 MyZ=4429.98 TgtZ=5065.3 Dist=655.988
[ROOT] team=1 status=2 Z=4429.98 VP=(7405.84,5254.17,4949.5)
[SelectTarget] team=2 EnemyN=1 TgtZ=4431.17
[DIST] team=2 EnemyN=1 MyZ=5065.3 TgtZ=4431.17 Dist=653.753
[ROOT] team=2 status=2 Z=5065.3 VP=(5629.05,6192.94,4441.89)
[CLAMP_DIAG] team=1 rawDist=572.857 offBoresightDeg=55.205 clamped=0
[SYNC] dist=914.92 dV=-83.9052 thr=1
[SelectTarget] team=1 EnemyN=1 TgtZ=5486.52
[DIST] team=1 EnemyN=1 MyZ=4857.41 TgtZ=5486.52 Dist=970.706
[ROOT] team=1 status=2 Z=4857.41 VP=(7254.51,5386.79,5405.68)
[SelectTarget] team=2 EnemyN=1 TgtZ=4860.71
[DIST] team=2 EnemyN=1 MyZ=5486.52 TgtZ=4860.71 Dist=970.486
[ROOT] team=2 status=2 Z=5486.52 VP=(5863.92,6107.57,3742.16)
[SelectTarget] team=1 EnemyN=1 TgtZ=5656.28
[DIST] team=1 EnemyN=1 MyZ=5495.9 TgtZ=5656.28 Dist=1367.62
[ROOT] team=1 status=2 Z=5495.9 VP=(6912.97,5616.61,5643.93)
[SelectTarget] team=2 EnemyN=1 TgtZ=5499.4
[DIST] team=2 EnemyN=1 MyZ=5656.28 TgtZ=5499.4 Dist=1367.22
[ROOT] team=2 status=2 Z=5656.28 VP=(6432.72,5728.88,3536.55)
[SelectTarget] team=1 EnemyN=1 TgtZ=5504.86
[DIST] team=1 EnemyN=1 MyZ=6035.45 TgtZ=5504.86 Dist=1697.45
[ROOT] team=1 status=2 Z=6035.45 VP=(6488.9,5879.43,5568.07)
[SelectTarget] team=2 EnemyN=1 TgtZ=6037.79
[DIST] team=2 EnemyN=1 MyZ=5504.86 TgtZ=6037.79 Dist=1696.17
[ROOT] team=2 status=2 Z=5504.86 VP=(7227.96,5488.84,4137.27)
[SelectTarget] team=1 EnemyN=1 TgtZ=5036.06
[DIST] team=1 EnemyN=1 MyZ=6303.23 TgtZ=5036.06 Dist=1933.47
[ROOT] team=1 status=2 Z=6303.23 VP=(6160.15,6072.83,5653.23)
[SelectTarget] team=2 EnemyN=1 TgtZ=6303.78
[DIST] team=2 EnemyN=1 MyZ=5036.06 TgtZ=6303.78 Dist=1931.67
[ROOT] team=2 status=2 Z=5036.06 VP=(7804.9,5356.45,4634.52)
[SYNC] dist=2007.84 dV=25.3105 thr=0.496895
[SelectTarget] team=1 EnemyN=1 TgtZ=4410.82
[DIST] team=1 EnemyN=1 MyZ=6222.74 TgtZ=4410.82 Dist=2009.17
[ROOT] team=1 status=2 Z=6222.74 VP=(6139.91,6111.4,5572.74)
[SelectTarget] team=2 EnemyN=1 TgtZ=6221.35
[DIST] team=2 EnemyN=1 MyZ=4410.82 TgtZ=6221.35 Dist=2006.68
[ROOT] team=2 status=2 Z=4410.82 VP=(8086.59,5523.91,4989.35)
[CLAMP_DIAG] team=1 rawDist=877.44 offBoresightDeg=3.28147 clamped=0
[SelectTarget] team=1 EnemyN=1 TgtZ=3929.15
[DIST] team=1 EnemyN=1 MyZ=5817.91 TgtZ=3929.15 Dist=1891.6
[ROOT] team=1 status=2 Z=5817.91 VP=(6525.28,6014.24,5167.91)
[SelectTarget] team=2 EnemyN=1 TgtZ=5814.72
[DIST] team=2 EnemyN=1 MyZ=3929.15 TgtZ=5814.72 Dist=1888.46
[ROOT] team=2 status=2 Z=3929.15 VP=(7650.62,5509.42,5977.76)
[CLAMP_DIAG] team=1 rawDist=729.014 offBoresightDeg=28.0034 clamped=0
[SelectTarget] team=1 EnemyN=1 TgtZ=3846.6
[DIST] team=1 EnemyN=1 MyZ=5132 TgtZ=3846.6 Dist=1550.32
[ROOT] team=1 status=2 Z=5132 VP=(7150.39,5823.27,4482)
[SelectTarget] team=2 EnemyN=1 TgtZ=5127.89
[DIST] team=2 EnemyN=1 MyZ=3846.6 TgtZ=5127.89 Dist=1546.46
[ROOT] team=2 status=2 Z=3846.6 VP=(7140.94,5910.07,6239.14)
[SelectTarget] team=1 EnemyN=1 TgtZ=4186.69
[DIST] team=1 EnemyN=1 MyZ=4484.84 TgtZ=4186.69 Dist=1054.44
[ROOT] team=1 status=2 Z=4484.84 VP=(7706.86,5636.11,4099.47)
[SelectTarget] team=2 EnemyN=1 TgtZ=4482.05
[DIST] team=2 EnemyN=1 MyZ=4186.69 TgtZ=4482.05 Dist=1050.16
[ROOT] team=2 status=2 Z=4186.69 VP=(6594.71,6288.11,5941.78)
[CLAMP_DIAG] team=1 rawDist=658.972 offBoresightDeg=20.3097 clamped=0
[SYNC] dist=709.981 dV=-84.471 thr=1
[SelectTarget] team=1 EnemyN=1 TgtZ=4734.25
[DIST] team=1 EnemyN=1 MyZ=4221.89 TgtZ=4734.25 Dist=692.294
[ROOT] team=1 status=2 Z=4221.89 VP=(7980.04,5565.35,4617.04)
[SelectTarget] team=2 EnemyN=1 TgtZ=4221.91
[DIST] team=2 EnemyN=1 MyZ=4734.25 TgtZ=4221.91 Dist=689.055
[ROOT] team=2 status=2 Z=4734.25 VP=(6186.72,6344.2,4692.58)
[CLAMP_DIAG] team=1 rawDist=665.885 offBoresightDeg=60.4947 clamped=0
[SelectTarget] team=1 EnemyN=1 TgtZ=5237.72
[DIST] team=1 EnemyN=1 MyZ=4482.7 TgtZ=5237.72 Dist=858.713
[ROOT] team=1 status=2 Z=4482.7 VP=(7940.56,5631.82,5135.73)
[SelectTarget] team=2 EnemyN=1 TgtZ=4485.41
[DIST] team=2 EnemyN=1 MyZ=5237.72 TgtZ=4485.41 Dist=857.727
[ROOT] team=2 status=2 Z=5237.72 VP=(6253.36,6420.86,3973.38)
[SelectTarget] team=1 EnemyN=1 TgtZ=5533.7
[DIST] team=1 EnemyN=1 MyZ=5080.27 TgtZ=5533.7 Dist=1212.91
[ROOT] team=1 status=2 Z=5080.27 VP=(7660.62,5807.66,5487.56)
[SelectTarget] team=2 EnemyN=1 TgtZ=5083.87
[DIST] team=2 EnemyN=1 MyZ=5533.7 TgtZ=5083.87 Dist=1212.27
[ROOT] team=2 status=2 Z=5533.7 VP=(6728.12,6242.13,3358.01)
[SelectTarget] team=1 EnemyN=1 TgtZ=5529.11
[DIST] team=1 EnemyN=1 MyZ=5677.11 TgtZ=5529.11 Dist=1517.06
[ROOT] team=1 status=2 Z=5677.11 VP=(7239.56,6044.74,5560.53)
[SelectTarget] team=2 EnemyN=1 TgtZ=5679.93
[DIST] team=2 EnemyN=1 MyZ=5529.11 TgtZ=5679.93 Dist=1515.63
[ROOT] team=2 status=2 Z=5529.11 VP=(7496.28,5967.62,3716.44)
[SYNC] dist=1720.33 dV=8.07672 thr=0.669233
[SelectTarget] team=1 EnemyN=1 TgtZ=5185.92
[DIST] team=1 EnemyN=1 MyZ=6047.05 TgtZ=5185.92 Dist=1746.43
[ROOT] team=1 status=2 Z=6047.05 VP=(6832.59,6265.77,5397.05)
[SelectTarget] team=2 EnemyN=1 TgtZ=6048.24
[DIST] team=2 EnemyN=1 MyZ=5185.92 TgtZ=6048.24 Dist=1744.52
[ROOT] team=2 status=2 Z=5185.92 VP=(8208.5,5765.46,4300.48)
[SelectTarget] team=1 EnemyN=1 TgtZ=4594.76
[DIST] team=1 EnemyN=1 MyZ=6079.77 TgtZ=4594.76 Dist=1850.37
[ROOT] team=1 status=2 Z=6079.77 VP=(6663.59,6384.37,5429.77)
[SelectTarget] team=2 EnemyN=1 TgtZ=6078.91
[DIST] team=2 EnemyN=1 MyZ=4594.76 TgtZ=6078.91 Dist=1847.74
[ROOT] team=2 status=2 Z=4594.76 VP=(8596.93,5839.36,4963.78)
[CLAMP_DIAG] team=1 rawDist=764.172 offBoresightDeg=4.55942 clamped=0
[SelectTarget] team=1 EnemyN=1 TgtZ=4017.88
[DIST] team=1 EnemyN=1 MyZ=5771.71 TgtZ=4017.88 Dist=1779.15
[ROOT] team=1 status=2 Z=5771.71 VP=(6898.86,6361.63,5121.71)
[SelectTarget] team=2 EnemyN=1 TgtZ=5769.11
[DIST] team=2 EnemyN=1 MyZ=4017.88 TgtZ=5769.11 Dist=1776.18
[ROOT] team=2 status=2 Z=4017.88 VP=(8362.32,5649.56,5684.87)
[CLAMP_DIAG] team=1 rawDist=809.238 offBoresightDeg=26.8974 clamped=0
[SelectTarget] team=1 EnemyN=1 TgtZ=3761.99
[DIST] team=1 EnemyN=1 MyZ=5151.33 TgtZ=3761.99 Dist=1522.58
[ROOT] team=1 status=2 Z=5151.33 VP=(7470.91,6208.75,4501.33)
[SelectTarget] team=2 EnemyN=1 TgtZ=5147.28
[DIST] team=2 EnemyN=1 MyZ=3761.99 TgtZ=5147.28 Dist=1519.01
[ROOT] team=2 status=2 Z=3761.99 VP=(7868.75,5918.28,6125.05)
[SYNC] dist=1167.87 dV=-42.2355 thr=1
[SelectTarget] team=1 EnemyN=1 TgtZ=3961.78
[DIST] team=1 EnemyN=1 MyZ=4447.84 TgtZ=3961.78 Dist=1113.72
[ROOT] team=1 status=2 Z=4447.84 VP=(8087.33,5989.89,3896.38)
[SelectTarget] team=2 EnemyN=1 TgtZ=4444.52
[DIST] team=2 EnemyN=1 MyZ=3961.78 TgtZ=4444.52 Dist=1109.7
[ROOT] team=2 status=2 Z=3961.78 VP=(7387.19,6479.14,6121.81)
[SelectTarget] team=1 EnemyN=1 TgtZ=4472.27
[DIST] team=1 EnemyN=1 MyZ=4068.32 TgtZ=4472.27 Dist=764.555
[ROOT] team=1 status=2 Z=4068.32 VP=(8473.24,5853.82,4360.59)
[SelectTarget] team=2 EnemyN=1 TgtZ=4067.65
[DIST] team=2 EnemyN=1 MyZ=4472.27 TgtZ=4067.65 Dist=761.149
[ROOT] team=2 status=2 Z=4472.27 VP=(6839.91,6618.72,4852.63)
[CLAMP_DIAG] team=1 rawDist=662.739 offBoresightDeg=25.4825 clamped=0
[SelectTarget] team=1 EnemyN=1 TgtZ=5021.84
[DIST] team=1 EnemyN=1 MyZ=4220.93 TgtZ=5021.84 Dist=816.874
[ROOT] team=1 status=2 Z=4220.93 VP=(8534.95,5870.4,4909.64)
[SelectTarget] team=2 EnemyN=1 TgtZ=4223.19
[DIST] team=2 EnemyN=1 MyZ=5021.84 TgtZ=4223.19 Dist=815.389
[ROOT] team=2 status=2 Z=5021.84 VP=(6779.21,6789.49,4158.18)
[CLAMP_DIAG] team=1 rawDist=715.725 offBoresightDeg=56.0774 clamped=0
[SelectTarget] team=1 EnemyN=1 TgtZ=5404.12
[DIST] team=1 EnemyN=1 MyZ=4781.01 TgtZ=5404.12 Dist=1099.06
[ROOT] team=1 status=2 Z=4781.01 VP=(8324.84,6025.08,5336.23)
[SelectTarget] team=2 EnemyN=1 TgtZ=4784.62
[DIST] team=2 EnemyN=1 MyZ=5404.12 TgtZ=4784.62 Dist=1097.94
[ROOT] team=2 status=2 Z=5404.12 VP=(7120.17,6674.76,3460.91)
[SYNC] dist=1322.94 dV=-33.7987 thr=1
[SelectTarget] team=1 EnemyN=1 TgtZ=5501.92
[DIST] team=1 EnemyN=1 MyZ=5403.37 TgtZ=5501.92 Dist=1355.32
[ROOT] team=1 status=2 Z=5403.37 VP=(7937.37,6269.58,5508.95)
[SelectTarget] team=2 EnemyN=1 TgtZ=5406.43
[DIST] team=2 EnemyN=1 MyZ=5501.92 TgtZ=5406.43 Dist=1354.35
[ROOT] team=2 status=2 Z=5501.92 VP=(7821.51,6385.61,3407.24)
[SelectTarget] team=1 EnemyN=1 TgtZ=5254.48
[DIST] team=1 EnemyN=1 MyZ=5823.16 TgtZ=5254.48 Dist=1553.41
[ROOT] team=1 status=2 Z=5823.16 VP=(7510.56,6531.67,5334.65)
[SelectTarget] team=2 EnemyN=1 TgtZ=5824.64
[DIST] team=2 EnemyN=1 MyZ=5254.48 TgtZ=5824.64 Dist=1551.28
[ROOT] team=2 status=2 Z=5254.48 VP=(8588.81,6099.79,4090.93)
runner:local/env:0	num_steps=[11999] | total rewards=[96.5829] | termination= [max time out]
[seed 13] reward=    96.58 ownHP=1.0000 tgtHP=1.0000 max time out
total: 2
[PURE_ATA] team=2 ata=82.7832 dist=5521.29 leadDist=0 aa=88.0753
[PURE_ATA] team=2 ata=82.6279 dist=5518.22 leadDist=0 aa=88.1993
[PURE_ATA] team=2 ata=81.9965 dist=5515.09 leadDist=0 aa=88.5103
[PURE_ATA] team=2 ata=81.28 dist=5513.11 leadDist=0 aa=88.8766
[PURE_ATA] team=2 ata=80.4294 dist=5509.87 leadDist=0 aa=89.3269
[PURE_ATA] team=2 ata=79.3532 dist=5506.49 leadDist=0 aa=89.9948
[PURE_ATA] team=2 ata=77.9809 dist=5503.09 leadDist=0 aa=91.0904
[PURE_ATA] team=2 ata=76.3049 dist=5498.4 leadDist=0 aa=92.9872
[PURE_ATA] team=2 ata=74.5588 dist=5493.66 leadDist=0 aa=95.9665
[PURE_ATA] team=2 ata=73.0482 dist=5488.81 leadDist=0 aa=99.8121
[PURE_ATA] team=2 ata=71.7231 dist=5482.7 leadDist=0 aa=104.358
[PURE_ATA] team=2 ata=70.5237 dist=5476.53 leadDist=0 aa=109.817
[PURE_ATA] team=2 ata=69.4181 dist=5467.82 leadDist=0 aa=115.878
[PURE_ATA] team=2 ata=68.3963 dist=5459.05 leadDist=0 aa=122.195
[PURE_ATA] team=2 ata=67.4409 dist=5451.44 leadDist=0 aa=128.554
[PURE_ATA] team=2 ata=66.5289 dist=5441.24 leadDist=0 aa=134.816
[PURE_ATA] team=2 ata=65.6412 dist=5431.03 leadDist=0 aa=140.877
[PURE_ATA] team=2 ata=64.7727 dist=5419.51 leadDist=0 aa=146.469
[PURE_ATA] team=2 ata=63.9209 dist=5406.63 leadDist=0 aa=151.315
[SelectTarget] team=1 EnemyN=1 TgtZ=7025.93
[DIST] team=1 EnemyN=1 MyZ=8985.37 TgtZ=7025.93 Dist=5394.7
[ROOT] team=1 status=2 Z=8985.37 VP=(4524.57,455.961,8335.37)
[SelectTarget] team=2 EnemyN=1 TgtZ=8984.33
[DIST] team=2 EnemyN=1 MyZ=7025.93 TgtZ=8984.33 Dist=5394.97
[PURE_ATA] team=2 ata=63.0788 dist=5394.97 leadDist=0 aa=155.222
[ROOT] team=2 status=2 Z=7025.93 VP=(4724.96,5013.16,8984.33)
[PURE_ATA] team=2 ata=62.2498 dist=5380.72 leadDist=0 aa=158.068
[PURE_ATA] team=2 ata=61.4216 dist=5365.22 leadDist=0 aa=159.933
[PURE_ATA] team=2 ata=60.6055 dist=5350.83 leadDist=0 aa=161.039
[PURE_ATA] team=2 ata=59.7861 dist=5335.19 leadDist=0 aa=161.591
[PURE_ATA] team=2 ata=58.9606 dist=5318.25 leadDist=0 aa=161.81
[PURE_ATA] team=2 ata=58.1318 dist=5299.95 leadDist=0 aa=161.777
[PURE_ATA] team=2 ata=57.2986 dist=5281.64 leadDist=0 aa=161.607
[PURE_ATA] team=2 ata=56.4672 dist=5263.22 leadDist=0 aa=161.453
[PURE_ATA] team=2 ata=55.628 dist=5243.55 leadDist=0 aa=161.367
[PURE_ATA] team=2 ata=54.7889 dist=5222.52 leadDist=0 aa=161.392
[PURE_ATA] team=2 ata=53.9419 dist=5201.48 leadDist=0 aa=161.538
[PURE_ATA] team=2 ata=53.0885 dist=5177.91 leadDist=0 aa=161.763
[PURE_ATA] team=2 ata=52.2391 dist=5155.46 leadDist=0 aa=162.097
[PURE_ATA] team=2 ata=51.3827 dist=5131.76 leadDist=0 aa=162.483
[PURE_ATA] team=2 ata=50.5219 dist=5106.77 leadDist=0 aa=162.909
[PURE_ATA] team=2 ata=49.6615 dist=5082.96 leadDist=0 aa=163.381
[PURE_ATA] team=2 ata=48.8023 dist=5056.56 leadDist=0 aa=163.857
[PURE_ATA] team=2 ata=47.931 dist=5028.97 leadDist=0 aa=164.324
[PURE_ATA] team=2 ata=47.0707 dist=5002.45 leadDist=0 aa=164.818
[PURE_ATA] team=2 ata=46.1991 dist=4974.75 leadDist=0 aa=165.291
[PURE_ATA] team=2 ata=45.3304 dist=4945.69 leadDist=0 aa=165.75
[PURE_ATA] team=2 ata=44.4659 dist=4916.53 leadDist=0 aa=166.206
[PURE_ATA] team=2 ata=43.5856 dist=4886.24 leadDist=0 aa=166.631
[PURE_ATA] team=2 ata=42.7185 dist=4854.48 leadDist=0 aa=167.044
[PURE_ATA] team=2 ata=41.8465 dist=4822.74 leadDist=0 aa=167.443
[PURE_ATA] team=2 ata=40.9675 dist=4789.75 leadDist=0 aa=167.817
[PURE_ATA] team=2 ata=40.0903 dist=4757.96 leadDist=0 aa=168.194
[PURE_ATA] team=2 ata=39.2115 dist=4724.88 leadDist=0 aa=168.55
[PURE_ATA] team=2 ata=38.3333 dist=4689.2 leadDist=0 aa=168.882
[SelectTarget] team=1 EnemyN=1 TgtZ=7100.09
[DIST] team=1 EnemyN=1 MyZ=8730.32 TgtZ=7100.09 Dist=4657.26
[ROOT] team=1 status=2 Z=8730.32 VP=(3991.36,1143.16,8080.32)
[SelectTarget] team=2 EnemyN=1 TgtZ=8728.55
[DIST] team=2 EnemyN=1 MyZ=7100.09 TgtZ=8728.55 Dist=4654.72
[PURE_ATA] team=2 ata=37.4576 dist=4654.72 leadDist=0 aa=169.217
[ROOT] team=2 status=2 Z=7100.09 VP=(3915.15,4677.72,8728.55)
[PURE_ATA] team=2 ata=36.5749 dist=4619.01 leadDist=0 aa=169.535
[PURE_ATA] team=2 ata=35.6891 dist=4582.01 leadDist=0 aa=169.839
[PURE_ATA] team=2 ata=34.8035 dist=4544.96 leadDist=0 aa=170.141
[PURE_ATA] team=2 ata=33.9164 dist=4507.87 leadDist=0 aa=170.443
[PURE_ATA] team=2 ata=33.0271 dist=4469.5 leadDist=0 aa=170.735
[PURE_ATA] team=2 ata=32.1348 dist=4429.83 leadDist=0 aa=171.02
[PURE_ATA] team=2 ata=31.2476 dist=4391.3 leadDist=0 aa=171.321
[PURE_ATA] team=2 ata=30.3457 dist=4350.38 leadDist=0 aa=171.601
[PURE_ATA] team=2 ata=29.4428 dist=4309.41 leadDist=0 aa=171.886
[PURE_ATA] team=2 ata=28.5421 dist=4267.1 leadDist=0 aa=172.17
[PURE_ATA] team=2 ata=27.6412 dist=4225.99 leadDist=0 aa=172.471
[PURE_ATA] team=2 ata=26.7375 dist=4183.59 leadDist=0 aa=172.77
[PURE_ATA] team=2 ata=25.8247 dist=4139.99 leadDist=0 aa=173.065
[PURE_ATA] team=2 ata=24.9103 dist=4096.35 leadDist=0 aa=173.37
[PURE_ATA] team=2 ata=23.9986 dist=4052.6 leadDist=0 aa=173.686
[PURE_ATA] team=2 ata=23.0793 dist=4007.64 leadDist=0 aa=174.002
[SelectTarget] team=1 EnemyN=1 TgtZ=7201.95
[DIST] team=1 EnemyN=1 MyZ=8363.37 TgtZ=7201.95 Dist=3338.66
[ROOT] team=1 status=2 Z=8363.37 VP=(3334.52,1616.63,7713.37)
[SelectTarget] team=2 EnemyN=1 TgtZ=8361.07
[DIST] team=2 EnemyN=1 MyZ=7201.95 TgtZ=8361.07 Dist=3334.7
[ROOT] team=2 status=2 Z=7201.95 VP=(2148.48,613.457,6965.81)
[SelectTarget] team=1 EnemyN=1 TgtZ=7244.92
[DIST] team=1 EnemyN=1 MyZ=7943.47 TgtZ=7244.92 Dist=1797.7
[ROOT] team=1 status=2 Z=7943.47 VP=(3484.53,1507.67,7293.47)
[SelectTarget] team=2 EnemyN=1 TgtZ=7941.09
[DIST] team=2 EnemyN=1 MyZ=7244.92 TgtZ=7941.09 Dist=1793.21
[ROOT] team=2 status=2 Z=7244.92 VP=(2085.66,369.4,6710.18)
[SelectTarget] team=1 EnemyN=1 TgtZ=7107.54
[DIST] team=1 EnemyN=1 MyZ=7484.89 TgtZ=7107.54 Dist=826.153
[ROOT] team=1 status=2 Z=7484.89 VP=(2693.93,1855.88,7165.64)
[SelectTarget] team=2 EnemyN=1 TgtZ=7482.14
[DIST] team=2 EnemyN=1 MyZ=7107.54 TgtZ=7482.14 Dist=822.286
[ROOT] team=2 status=2 Z=7107.54 VP=(612.693,2470.17,7771.76)
[CLAMP_DIAG] team=1 rawDist=702.373 offBoresightDeg=42.8452 clamped=0
[SYNC] dist=821.95 dV=-40.6922 thr=1
[SelectTarget] team=1 EnemyN=1 TgtZ=7128.07
[DIST] team=1 EnemyN=1 MyZ=6915.99 TgtZ=7128.07 Dist=1527.39
[ROOT] team=1 status=2 Z=6915.99 VP=(924.531,2800.6,7130.36)
[SelectTarget] team=2 EnemyN=1 TgtZ=6912.58
[DIST] team=2 EnemyN=1 MyZ=7128.07 TgtZ=6912.58 Dist=1527.86
[ROOT] team=2 status=2 Z=7128.07 VP=(2041.12,3615.67,8252.82)
[SelectTarget] team=1 EnemyN=1 TgtZ=7312.69
[DIST] team=1 EnemyN=1 MyZ=6296.56 TgtZ=7312.69 Dist=2589.23
[ROOT] team=1 status=2 Z=6296.56 VP=(568.485,3658.63,7237.31)
[SelectTarget] team=2 EnemyN=1 TgtZ=6293.18
[DIST] team=2 EnemyN=1 MyZ=7312.69 TgtZ=6293.18 Dist=2590.07
[ROOT] team=2 status=2 Z=7312.69 VP=(1966.08,3730.53,8314.48)
[SelectTarget] team=1 EnemyN=1 TgtZ=7596.95
[DIST] team=1 EnemyN=1 MyZ=5733.18 TgtZ=7596.95 Dist=3499.97
[ROOT] team=1 status=2 Z=5733.18 VP=(596.924,4500.28,7478.89)
[SelectTarget] team=2 EnemyN=1 TgtZ=5730.42
[DIST] team=2 EnemyN=1 MyZ=7596.95 TgtZ=5730.42 Dist=3498.9
[ROOT] team=2 status=2 Z=7596.95 VP=(2061.47,3862.09,8445.64)
[PURE_ATA] team=2 ata=159.049 dist=4014.49 leadDist=1639.35 aa=147.715
[PURE_ATA] team=2 ata=158.6 dist=4032.49 leadDist=1657.63 aa=148.266
[PURE_ATA] team=2 ata=158.197 dist=4050.55 leadDist=1675.57 aa=148.809
[PURE_ATA] team=2 ata=157.811 dist=4067.68 leadDist=1693.37 aa=149.315
[PURE_ATA] team=2 ata=157.455 dist=4083.83 leadDist=1711.04 aa=149.784
[PURE_ATA] team=2 ata=157.134 dist=4101.16 leadDist=1728.17 aa=150.261
[PURE_ATA] team=2 ata=156.858 dist=4117.54 leadDist=1745.17 aa=150.704
[SelectTarget] team=1 EnemyN=1 TgtZ=7933.35
[DIST] team=1 EnemyN=1 MyZ=5346.13 TgtZ=7933.35 Dist=4134.33
[ROOT] team=1 status=2 Z=5346.13 VP=(1007.24,5122.38,7799.16)
[SelectTarget] team=2 EnemyN=1 TgtZ=5344.7
[DIST] team=2 EnemyN=1 MyZ=7933.35 TgtZ=5344.7 Dist=4132.96
[PURE_ATA] team=2 ata=156.648 dist=4132.96 leadDist=1762.05 aa=151.118
[ROOT] team=2 status=2 Z=7933.35 VP=(646.743,1010.66,7106.76)
[PURE_ATA] team=2 ata=156.461 dist=4147.48 leadDist=1778.83 aa=151.506
[PURE_ATA] team=2 ata=156.316 dist=4163.16 leadDist=1795.1 aa=151.921
[PURE_ATA] team=2 ata=156.185 dist=4177.95 leadDist=1811.28 aa=152.319
[PURE_ATA] team=2 ata=156.077 dist=4192.88 leadDist=1827.18 aa=152.728
[PURE_ATA] team=2 ata=155.965 dist=4205.88 leadDist=1843.22 aa=153.105
[PURE_ATA] team=2 ata=155.859 dist=4220.07 leadDist=1858.77 aa=153.521
[PURE_ATA] team=2 ata=155.739 dist=4233.36 leadDist=1874.25 aa=153.928
[PURE_ATA] team=2 ata=155.608 dist=4245.77 leadDist=1889.66 aa=154.326
[PURE_ATA] team=2 ata=155.475 dist=4259.36 leadDist=1904.58 aa=154.753
[PURE_ATA] team=2 ata=155.326 dist=4271.04 leadDist=1919.64 aa=155.147
[PURE_ATA] team=2 ata=155.162 dist=4282.84 leadDist=1934.41 aa=155.545
[PURE_ATA] team=2 ata=154.986 dist=4294.78 leadDist=1948.91 aa=155.947
[PURE_ATA] team=2 ata=154.804 dist=4304.85 leadDist=1963.53 aa=156.315
[PURE_ATA] team=2 ata=154.608 dist=4316.03 leadDist=1977.67 aa=156.701
[PURE_ATA] team=2 ata=154.401 dist=4327.34 leadDist=1991.53 aa=157.091
[PURE_ATA] team=2 ata=154.178 dist=4336.74 leadDist=2005.51 aa=157.44
[PURE_ATA] team=2 ata=153.952 dist=4346.3 leadDist=2019.21 aa=157.792
[PURE_ATA] team=2 ata=153.717 dist=4355.98 leadDist=2032.61 aa=158.146
[PURE_ATA] team=2 ata=153.471 dist=4364.75 leadDist=2045.94 aa=158.478
[PURE_ATA] team=2 ata=153.217 dist=4373.64 leadDist=2058.99 aa=158.811
[PURE_ATA] team=2 ata=152.958 dist=4381.66 leadDist=2071.95 aa=159.125
[PURE_ATA] team=2 ata=152.684 dist=4390.72 leadDist=2084.43 aa=159.453
[PURE_ATA] team=2 ata=152.404 dist=4397.88 leadDist=2097.03 aa=159.743
[PURE_ATA] team=2 ata=152.123 dist=4405.21 leadDist=2109.34 aa=160.037
[PURE_ATA] team=2 ata=151.831 dist=4412.59 leadDist=2121.36 aa=160.329
[PURE_ATA] team=2 ata=151.53 dist=4419.04 leadDist=2133.31 aa=160.601
[PURE_ATA] team=2 ata=151.23 dist=4425.66 leadDist=2144.96 aa=160.877
[PURE_ATA] team=2 ata=150.915 dist=4431.3 leadDist=2156.54 aa=161.132
[PURE_ATA] team=2 ata=150.595 dist=4437.03 leadDist=2167.83 aa=161.388
[SelectTarget] team=1 EnemyN=1 TgtZ=8304.53
[DIST] team=1 EnemyN=1 MyZ=5236.89 TgtZ=8304.53 Dist=4446.29
[ROOT] team=1 status=2 Z=5236.89 VP=(1690.95,5337.18,8311.67)
[SelectTarget] team=2 EnemyN=1 TgtZ=5237.12
[DIST] team=2 EnemyN=1 MyZ=8304.53 TgtZ=5237.12 Dist=4442.86
[PURE_ATA] team=2 ata=150.269 dist=4442.86 leadDist=2178.84 aa=161.645
[ROOT] team=2 status=2 Z=8304.53 VP=(-46.3508,1787.54,7415.96)
[PURE_ATA] team=2 ata=149.936 dist=4447.77 leadDist=2189.76 aa=161.885
[PURE_ATA] team=2 ata=149.597 dist=4452.77 leadDist=2200.4 aa=162.127
[PURE_ATA] team=2 ata=149.246 dist=4456.77 leadDist=2210.97 aa=162.35
[PURE_ATA] team=2 ata=148.894 dist=4460.95 leadDist=2221.23 aa=162.578
[PURE_ATA] team=2 ata=148.525 dist=4465.03 leadDist=2231.25 aa=162.802
[PURE_ATA] team=2 ata=148.162 dist=4467.38 leadDist=2241.35 aa=163
[PURE_ATA] team=2 ata=147.775 dist=4471.53 leadDist=2250.82 aa=163.227
[PURE_ATA] team=2 ata=147.394 dist=4473.97 leadDist=2260.37 aa=163.428
[PURE_ATA] team=2 ata=146.997 dist=4476.28 leadDist=2269.68 aa=163.626
[PURE_ATA] team=2 ata=146.599 dist=4477.79 leadDist=2278.88 aa=163.814
[PURE_ATA] team=2 ata=146.183 dist=4480.15 leadDist=2287.64 aa=164.014
[PURE_ATA] team=2 ata=145.767 dist=4481.72 leadDist=2296.3 aa=164.206
[PURE_ATA] team=2 ata=145.335 dist=4483.13 leadDist=2304.73 aa=164.392
[PURE_ATA] team=2 ata=144.911 dist=4482.9 leadDist=2313.21 aa=164.556
[PURE_ATA] team=2 ata=144.469 dist=4483.49 leadDist=2321.27 aa=164.734
[PURE_ATA] team=2 ata=144.013 dist=4484.02 leadDist=2329.08 aa=164.913
[PURE_ATA] team=2 ata=143.556 dist=4483.67 leadDist=2336.8 aa=165.079
[PURE_ATA] team=2 ata=143.086 dist=4483.25 leadDist=2344.27 aa=165.245
[PURE_ATA] team=2 ata=142.611 dist=4482.91 leadDist=2351.46 aa=165.415
[PURE_ATA] team=2 ata=142.131 dist=4481.54 leadDist=2358.6 aa=165.569
[PURE_ATA] team=2 ata=141.646 dist=4480.24 leadDist=2365.46 aa=165.728
[PURE_ATA] team=2 ata=141.151 dist=4478.88 leadDist=2372.06 aa=165.886
[PURE_ATA] team=2 ata=140.64 dist=4477.3 leadDist=2378.45 aa=166.043
[PURE_ATA] team=2 ata=140.135 dist=4474.03 leadDist=2384.91 aa=166.176
[PURE_ATA] team=2 ata=139.609 dist=4471.63 leadDist=2390.94 aa=166.324
[PURE_ATA] team=2 ata=139.066 dist=4469.14 leadDist=2396.71 aa=166.473
[PURE_ATA] team=2 ata=138.514 dist=4465.63 leadDist=2402.43 aa=166.608
[PURE_ATA] team=2 ata=137.944 dist=4462.03 leadDist=2407.9 aa=166.742
[PURE_ATA] team=2 ata=137.36 dist=4458.47 leadDist=2413.09 aa=166.882
[SelectTarget] team=1 EnemyN=1 TgtZ=8729.54
[DIST] team=1 EnemyN=1 MyZ=5418.81 TgtZ=8729.54 Dist=4458.04
[ROOT] team=1 status=2 Z=5418.81 VP=(2254.98,5152.43,8745.66)
[SelectTarget] team=2 EnemyN=1 TgtZ=5420.54
[DIST] team=2 EnemyN=1 MyZ=8729.54 TgtZ=5420.54 Dist=4453.91
[PURE_ATA] team=2 ata=136.767 dist=4453.91 leadDist=2418.22 aa=167.007
[ROOT] team=2 status=2 Z=8729.54 VP=(-319.952,2752.28,7838.76)
[PURE_ATA] team=2 ata=136.178 dist=4449.4 leadDist=2423.07 aa=167.138
[PURE_ATA] team=2 ata=135.598 dist=4444.62 leadDist=2427.7 aa=167.265
[PURE_ATA] team=2 ata=135.022 dist=4440.29 leadDist=2431.98 aa=167.4
[PURE_ATA] team=2 ata=134.492 dist=4434.55 leadDist=2436.27 aa=167.518
[PURE_ATA] team=2 ata=133.978 dist=4428.68 leadDist=2440.32 aa=167.635
[PURE_ATA] team=2 ata=133.463 dist=4423.24 leadDist=2444.01 aa=167.759
[PURE_ATA] team=2 ata=132.988 dist=4416.42 leadDist=2447.71 aa=167.866
[PURE_ATA] team=2 ata=132.507 dist=4410.01 leadDist=2451.06 aa=167.98
[PURE_ATA] team=2 ata=132.048 dist=4402.77 leadDist=2454.31 aa=168.083
[PURE_ATA] team=2 ata=131.581 dist=4396.08 leadDist=2457.19 aa=168.195
[PURE_ATA] team=2 ata=131.135 dist=4388.57 leadDist=2459.97 aa=168.299
[PURE_ATA] team=2 ata=130.673 dist=4381.22 leadDist=2462.44 aa=168.402
[PURE_ATA] team=2 ata=130.25 dist=4372.76 leadDist=2464.88 aa=168.496
[PURE_ATA] team=2 ata=129.814 dist=4364.63 leadDist=2467 aa=168.594
[PURE_ATA] team=2 ata=129.392 dist=4355.53 leadDist=2469.04 aa=168.68
[PURE_ATA] team=2 ata=128.978 dist=4346.47 leadDist=2470.83 aa=168.77
[PURE_ATA] team=2 ata=128.548 dist=4337.7 leadDist=2472.29 aa=168.863
[PURE_ATA] team=2 ata=128.137 dist=4328.14 leadDist=2473.66 aa=168.949
[PURE_ATA] team=2 ata=127.714 dist=4319.04 leadDist=2474.69 aa=169.043
[PURE_ATA] team=2 ata=127.307 dist=4308.97 leadDist=2475.66 aa=169.123
[PURE_ATA] team=2 ata=126.918 dist=4298.16 leadDist=2476.53 aa=169.196
[PURE_ATA] team=2 ata=126.501 dist=4288.35 leadDist=2476.95 aa=169.284
[PURE_ATA] team=2 ata=126.12 dist=4277.22 leadDist=2477.39 aa=169.357
[PURE_ATA] team=2 ata=125.725 dist=4266.5 leadDist=2477.5 aa=169.437
[PURE_ATA] team=2 ata=125.327 dist=4255.41 leadDist=2477.45 aa=169.514
[PURE_ATA] team=2 ata=124.929 dist=4244.15 leadDist=2477.19 aa=169.589
[PURE_ATA] team=2 ata=124.53 dist=4232.91 leadDist=2476.69 aa=169.668
[PURE_ATA] team=2 ata=124.125 dist=4221.09 leadDist=2476.08 aa=169.738
[PURE_ATA] team=2 ata=123.736 dist=4208.77 leadDist=2475.33 aa=169.805
[SelectTarget] team=1 EnemyN=1 TgtZ=9144.93
[DIST] team=1 EnemyN=1 MyZ=5828.55 TgtZ=9144.93 Dist=4201.11
[ROOT] team=1 status=2 Z=5828.55 VP=(2547.64,4688.05,9062.68)
[SelectTarget] team=2 EnemyN=1 TgtZ=5831.29
[DIST] team=2 EnemyN=1 MyZ=9144.93 TgtZ=5831.29 Dist=4196.6
[PURE_ATA] team=2 ata=123.327 dist=4196.6 leadDist=2474.32 aa=169.872
[ROOT] team=2 status=2 Z=9144.93 VP=(-162.642,3624.43,8305.62)
[PURE_ATA] team=2 ata=122.933 dist=4183.74 leadDist=2473.23 aa=169.932
[PURE_ATA] team=2 ata=122.525 dist=4171.2 leadDist=2471.84 aa=169.997
[PURE_ATA] team=2 ata=122.121 dist=4158.49 leadDist=2470.26 aa=170.06
[PURE_ATA] team=2 ata=121.736 dist=4144.9 leadDist=2468.63 aa=170.109
[PURE_ATA] team=2 ata=121.34 dist=4131.81 leadDist=2466.68 aa=170.165
[PURE_ATA] team=2 ata=120.946 dist=4118.54 leadDist=2464.55 aa=170.219
[PURE_ATA] team=2 ata=120.555 dist=4104.87 leadDist=2462.28 aa=170.265
[PURE_ATA] team=2 ata=120.183 dist=4090.36 leadDist=2459.96 aa=170.3
[PURE_ATA] team=2 ata=119.781 dist=4076.96 leadDist=2457.21 aa=170.354
[PURE_ATA] team=2 ata=119.396 dist=4062.5 leadDist=2454.45 aa=170.391
[PURE_ATA] team=2 ata=119.017 dist=4048.28 leadDist=2451.42 aa=170.437
[PURE_ATA] team=2 ata=118.638 dist=4033.43 leadDist=2448.31 aa=170.471
[PURE_ATA] team=2 ata=118.243 dist=4019.01 leadDist=2444.9 aa=170.514
[PURE_ATA] team=2 ata=117.869 dist=4003.76 leadDist=2441.44 aa=170.546
[SYNC] dist=3842.91 dV=-105.717 thr=1
[SelectTarget] team=1 EnemyN=1 TgtZ=9488.75
[DIST] team=1 EnemyN=1 MyZ=6378.12 TgtZ=9488.75 Dist=3741.6
[ROOT] team=1 status=2 Z=6378.12 VP=(2769.09,4293.73,9266.25)
[SelectTarget] team=2 EnemyN=1 TgtZ=6381.42
[DIST] team=2 EnemyN=1 MyZ=9488.75 TgtZ=6381.42 Dist=3736.8
[ROOT] team=2 status=2 Z=9488.75 VP=(1243.5,3351.72,8350.32)
[SelectTarget] team=1 EnemyN=1 TgtZ=9666.86
[DIST] team=1 EnemyN=1 MyZ=6983.45 TgtZ=9666.86 Dist=3109.47
[ROOT] team=1 status=2 Z=6983.45 VP=(2871,3871.22,9215.11)
[SelectTarget] team=2 EnemyN=1 TgtZ=6986.8
[DIST] team=2 EnemyN=1 MyZ=9666.86 TgtZ=6986.8 Dist=3104.87
[ROOT] team=2 status=2 Z=9666.86 VP=(1287.81,3675.08,7822.33)
[SelectTarget] team=1 EnemyN=1 TgtZ=9605.58
[DIST] team=1 EnemyN=1 MyZ=7561.35 TgtZ=9605.58 Dist=2324.62
[ROOT] team=1 status=2 Z=7561.35 VP=(2508.84,3973.6,9636.81)
[SelectTarget] team=2 EnemyN=1 TgtZ=7564.42
[DIST] team=2 EnemyN=1 MyZ=9605.58 TgtZ=7564.42 Dist=2320.2
[ROOT] team=2 status=2 Z=9605.58 VP=(1854.9,2269.99,8175.18)
[SelectTarget] team=1 EnemyN=1 TgtZ=9310.8
[DIST] team=1 EnemyN=1 MyZ=8167.13 TgtZ=9310.8 Dist=1442.86
[ROOT] team=1 status=2 Z=8167.13 VP=(2459.22,3442.36,9379.21)
[SelectTarget] team=2 EnemyN=1 TgtZ=8170.76
[DIST] team=2 EnemyN=1 MyZ=9310.8 TgtZ=8170.76 Dist=1439.31
[ROOT] team=2 status=2 Z=9310.8 VP=(2818.22,2516.78,7127.48)
[SYNC] dist=1027.75 dV=-5.24728 thr=0.802473
[SelectTarget] team=1 EnemyN=1 TgtZ=8873.24
[DIST] team=1 EnemyN=1 MyZ=8763.57 TgtZ=8873.24 Dist=989.648
[ROOT] team=1 status=2 Z=8763.57 VP=(2369.37,2865.49,8964.59)
[SelectTarget] team=2 EnemyN=1 TgtZ=8766.33
[DIST] team=2 EnemyN=1 MyZ=8873.24 TgtZ=8766.33 Dist=986.593
[ROOT] team=2 status=2 Z=8873.24 VP=(2269.76,4186.65,7336.39)
[CLAMP_DIAG] team=1 rawDist=912.224 offBoresightDeg=41.9897 clamped=0
[SelectTarget] team=1 EnemyN=1 TgtZ=8189.61
[DIST] team=1 EnemyN=1 MyZ=9089.89 TgtZ=8189.61 Dist=1152.32
[ROOT] team=1 status=2 Z=9089.89 VP=(2286.03,2539.99,8513.73)
[SelectTarget] team=2 EnemyN=1 TgtZ=9090.69
[DIST] team=2 EnemyN=1 MyZ=8189.61 TgtZ=9090.69 Dist=1151.52
[ROOT] team=2 status=2 Z=8189.61 VP=(2497.11,4454.94,8120.28)
[CLAMP_DIAG] team=1 rawDist=724.564 offBoresightDeg=58.635 clamped=0
[SelectTarget] team=1 EnemyN=1 TgtZ=7436.45
[DIST] team=1 EnemyN=1 MyZ=9049.34 TgtZ=7436.45 Dist=1649.42
[ROOT] team=1 status=2 Z=9049.34 VP=(2225.21,2616.88,8399.34)
[SelectTarget] team=2 EnemyN=1 TgtZ=9048.1
[DIST] team=2 EnemyN=1 MyZ=7436.45 TgtZ=9048.1 Dist=1648.43
[ROOT] team=2 status=2 Z=7436.45 VP=(3203.18,4397.24,8098.86)
[SelectTarget] team=1 EnemyN=1 TgtZ=6842.26
[DIST] team=1 EnemyN=1 MyZ=8662.25 TgtZ=6842.26 Dist=2155.92
[ROOT] team=1 status=2 Z=8662.25 VP=(2300.33,3063.95,8012.25)
[SelectTarget] team=2 EnemyN=1 TgtZ=8659.23
[DIST] team=2 EnemyN=1 MyZ=6842.26 TgtZ=8659.23 Dist=2154.76
[ROOT] team=2 status=2 Z=6842.26 VP=(3722.04,4150.38,8294.96)
[SYNC] dist=2452.76 dV=11.3691 thr=0.636309
[SelectTarget] team=1 EnemyN=1 TgtZ=6567.51
[DIST] team=1 EnemyN=1 MyZ=8010.2 TgtZ=6567.51 Dist=2508.48
[ROOT] team=1 status=2 Z=8010.2 VP=(3308.7,4275.42,7360.2)
[SelectTarget] team=2 EnemyN=1 TgtZ=8006.15
[DIST] team=2 EnemyN=1 MyZ=6567.51 TgtZ=8006.15 Dist=2506.37
[ROOT] team=2 status=2 Z=6567.51 VP=(3887.23,3631.36,8550.35)
[SelectTarget] team=1 EnemyN=1 TgtZ=6676.67
[DIST] team=1 EnemyN=1 MyZ=7267.39 TgtZ=6676.67 Dist=2610.09
[ROOT] team=1 status=2 Z=7267.39 VP=(3766.66,4500.59,7076.03)
[SelectTarget] team=2 EnemyN=1 TgtZ=7263.38
[DIST] team=2 EnemyN=1 MyZ=6676.67 TgtZ=7263.38 Dist=2606.63
[ROOT] team=2 status=2 Z=6676.67 VP=(3216.28,3324.78,8807.5)
[SelectTarget] team=1 EnemyN=1 TgtZ=7090.56
[DIST] team=1 EnemyN=1 MyZ=6634.46 TgtZ=7090.56 Dist=2484.33
[ROOT] team=1 status=2 Z=6634.46 VP=(3559.5,4562.66,6996.44)
[SelectTarget] team=2 EnemyN=1 TgtZ=6631.58
[DIST] team=2 EnemyN=1 MyZ=7090.56 TgtZ=6631.58 Dist=2480.63
[ROOT] team=2 status=2 Z=7090.56 VP=(3027.21,3000.14,7747.24)
[SelectTarget] team=1 EnemyN=1 TgtZ=7592.72
[DIST] team=1 EnemyN=1 MyZ=6279.8 TgtZ=7592.72 Dist=2218.79
[ROOT] team=1 status=2 Z=6279.8 VP=(3879.43,4581.31,7487.93)
[SelectTarget] team=2 EnemyN=1 TgtZ=6278.83
[DIST] team=2 EnemyN=1 MyZ=7592.72 TgtZ=6278.83 Dist=2214.82
[ROOT] team=2 status=2 Z=7592.72 VP=(3475.12,2600.35,7048.99)
[SYNC] dist=1973.91 dV=-124.443 thr=1
[SelectTarget] team=1 EnemyN=1 TgtZ=7965.64
[DIST] team=1 EnemyN=1 MyZ=6296.85 TgtZ=7965.64 Dist=1920.2
[ROOT] team=1 status=2 Z=6296.85 VP=(4076.83,4325.36,7897.02)
[SelectTarget] team=2 EnemyN=1 TgtZ=6298
[DIST] team=2 EnemyN=1 MyZ=7965.64 TgtZ=6298 Dist=1917.26
[ROOT] team=2 status=2 Z=7965.64 VP=(3825.72,2668.39,6349.73)
[SelectTarget] team=1 EnemyN=1 TgtZ=8098.22
[DIST] team=1 EnemyN=1 MyZ=6665.63 TgtZ=8098.22 Dist=1697.53
[ROOT] team=1 status=2 Z=6665.63 VP=(4193.43,3884.16,8094.2)
[SelectTarget] team=2 EnemyN=1 TgtZ=6668.47
[DIST] team=2 EnemyN=1 MyZ=8098.22 TgtZ=6668.47 Dist=1695.61
[ROOT] team=2 status=2 Z=8098.22 VP=(4192.93,3110.85,5808.84)
[SelectTarget] team=1 EnemyN=1 TgtZ=7937.7
[DIST] team=1 EnemyN=1 MyZ=7254.45 TgtZ=7937.7 Dist=1615.91
[ROOT] team=1 status=2 Z=7254.45 VP=(4260.49,3378.67,8001.6)
[SelectTarget] team=2 EnemyN=1 TgtZ=7257.93
[DIST] team=2 EnemyN=1 MyZ=7937.7 TgtZ=7257.93 Dist=1614.35
[ROOT] team=2 status=2 Z=7937.7 VP=(4719.82,3697.67,5634.53)
[SelectTarget] team=1 EnemyN=1 TgtZ=7483.69
[DIST] team=1 EnemyN=1 MyZ=7825.86 TgtZ=7483.69 Dist=1647.21
[ROOT] team=1 status=2 Z=7825.86 VP=(4328.12,2973.66,7591.75)
[SelectTarget] team=2 EnemyN=1 TgtZ=7828.49
[DIST] team=2 EnemyN=1 MyZ=7483.69 TgtZ=7828.49 Dist=1645.3
[ROOT] team=2 status=2 Z=7483.69 VP=(5353.32,4148.02,6603.24)
[SYNC] dist=1701.07 dV=14.5072 thr=0.604928
[SelectTarget] team=1 EnemyN=1 TgtZ=6873.4
[DIST] team=1 EnemyN=1 MyZ=8146.84 TgtZ=6873.4 Dist=1715.78
[ROOT] team=1 status=2 Z=8146.84 VP=(4500.38,2855.94,7496.84)
[SelectTarget] team=2 EnemyN=1 TgtZ=8147.68
[DIST] team=2 EnemyN=1 MyZ=6873.4 TgtZ=8147.68 Dist=1713.78
[ROOT] team=2 status=2 Z=6873.4 VP=(6144.08,4057.48,7021.68)
[SelectTarget] team=1 EnemyN=1 TgtZ=6397.16
[DIST] team=1 EnemyN=1 MyZ=8104.29 TgtZ=6397.16 Dist=1747.94
[ROOT] team=1 status=2 Z=8104.29 VP=(4883.1,3045.02,7454.29)
[SelectTarget] team=2 EnemyN=1 TgtZ=8102.91
[DIST] team=2 EnemyN=1 MyZ=6397.16 TgtZ=8102.91 Dist=1745.89
[ROOT] team=2 status=2 Z=6397.16 VP=(6402.52,3975.77,7884.04)
[CLAMP_DIAG] team=1 rawDist=727.173 offBoresightDeg=28.8102 clamped=0
[SelectTarget] team=1 EnemyN=1 TgtZ=6245.01
[DIST] team=1 EnemyN=1 MyZ=7682.5 TgtZ=6245.01 Dist=1680.03
[ROOT] team=1 status=2 Z=7682.5 VP=(5425.85,3358.15,7032.5)
[SelectTarget] team=2 EnemyN=1 TgtZ=7679.36
[DIST] team=2 EnemyN=1 MyZ=6245.01 TgtZ=7679.36 Dist=1677.78
[ROOT] team=2 status=2 Z=6245.01 VP=(6075.28,3675.11,8552.41)
[SelectTarget] team=1 EnemyN=1 TgtZ=6434.66
[DIST] team=1 EnemyN=1 MyZ=7052.76 TgtZ=6434.66 Dist=1514.23
[ROOT] team=1 status=2 Z=7052.76 VP=(5963.96,3670.9,6402.76)
[SelectTarget] team=2 EnemyN=1 TgtZ=7049.17
[DIST] team=2 EnemyN=1 MyZ=6434.66 TgtZ=7049.17 Dist=1511.4
[ROOT] team=2 status=2 Z=6434.66 VP=(6413.01,2949.99,8643.4)
[SYNC] dist=1345.4 dV=-68.7806 thr=1
[SelectTarget] team=1 EnemyN=1 TgtZ=6848.64
[DIST] team=1 EnemyN=1 MyZ=6496.81 TgtZ=6848.64 Dist=1308.12
[ROOT] team=1 status=2 Z=6496.81 VP=(6371.49,3831.86,6746.71)
[SelectTarget] team=2 EnemyN=1 TgtZ=6494.53
[DIST] team=2 EnemyN=1 MyZ=6848.64 TgtZ=6494.53 Dist=1304.89
[ROOT] team=2 status=2 Z=6848.64 VP=(6178.56,2084.26,7427.67)
[SelectTarget] team=1 EnemyN=1 TgtZ=7267.71
[DIST] team=1 EnemyN=1 MyZ=6299.1 TgtZ=7267.71 Dist=1166.44
[ROOT] team=1 status=2 Z=6299.1 VP=(6638.46,3736.84,7173.82)
[SelectTarget] team=2 EnemyN=1 TgtZ=6299.27
[DIST] team=2 EnemyN=1 MyZ=7267.71 TgtZ=6299.27 Dist=1164.04
[ROOT] team=2 status=2 Z=7267.71 VP=(6226.12,1751.04,6560.06)
[SelectTarget] team=1 EnemyN=1 TgtZ=7527.8
[DIST] team=1 EnemyN=1 MyZ=6539.14 TgtZ=7527.8 Dist=1156.4
[ROOT] team=1 status=2 Z=6539.14 VP=(6796.3,3418.31,7482.15)
[SelectTarget] team=2 EnemyN=1 TgtZ=6541.46
[DIST] team=2 EnemyN=1 MyZ=7527.8 TgtZ=6541.46 Dist=1154.65
[ROOT] team=2 status=2 Z=7527.8 VP=(6563.25,1947.85,5685.13)
[SelectTarget] team=1 EnemyN=1 TgtZ=7537.4
[DIST] team=1 EnemyN=1 MyZ=7037.99 TgtZ=7537.4 Dist=1248.81
[ROOT] team=1 status=2 Z=7037.99 VP=(6874.61,2963.88,7564.16)
[SelectTarget] team=2 EnemyN=1 TgtZ=7040.95
[DIST] team=2 EnemyN=1 MyZ=7537.4 TgtZ=7040.95 Dist=1247.84
[ROOT] team=2 status=2 Z=7537.4 VP=(7178.5,2600.3,5175.43)
[SYNC] dist=1373.87 dV=-9.67146 thr=0.846715
[SelectTarget] team=1 EnemyN=1 TgtZ=7253.05
[DIST] team=1 EnemyN=1 MyZ=7527.64 TgtZ=7253.05 Dist=1410.81
[ROOT] team=1 status=2 Z=7527.64 VP=(6923.92,2501.19,7341.27)
[SelectTarget] team=2 EnemyN=1 TgtZ=7529.94
[DIST] team=2 EnemyN=1 MyZ=7253.05 TgtZ=7529.94 Dist=1410.18
[ROOT] team=2 status=2 Z=7253.05 VP=(7825.19,3296.6,5965.27)
[SelectTarget] team=1 EnemyN=1 TgtZ=6739.57
[DIST] team=1 EnemyN=1 MyZ=7819.8 TgtZ=6739.57 Dist=1583.02
[ROOT] team=1 status=2 Z=7819.8 VP=(7040.68,2219.63,7169.8)
[SelectTarget] team=2 EnemyN=1 TgtZ=7820.67
[DIST] team=2 EnemyN=1 MyZ=6739.57 TgtZ=7820.67 Dist=1581.7
[ROOT] team=2 status=2 Z=6739.57 VP=(8524.75,3469.63,6580.83)
[SelectTarget] team=1 EnemyN=1 TgtZ=6219.29
[DIST] team=1 EnemyN=1 MyZ=7821.63 TgtZ=6219.29 Dist=1695.97
[ROOT] team=1 status=2 Z=7821.63 VP=(7334.14,2225.5,7171.63)
[SelectTarget] team=2 EnemyN=1 TgtZ=7820.71
[DIST] team=2 EnemyN=1 MyZ=6219.29 TgtZ=7820.71 Dist=1694.24
[ROOT] team=2 status=2 Z=6219.29 VP=(8878.77,3395.93,7361.12)
[CLAMP_DIAG] team=1 rawDist=806.799 offBoresightDeg=19.6621 clamped=0
[SelectTarget] team=1 EnemyN=1 TgtZ=5911.15
[DIST] team=1 EnemyN=1 MyZ=7498.96 TgtZ=5911.15 Dist=1702.34
[ROOT] team=1 status=2 Z=7498.96 VP=(7799.53,2447.83,6848.96)
[SelectTarget] team=2 EnemyN=1 TgtZ=7496.38
[DIST] team=2 EnemyN=1 MyZ=5911.15 TgtZ=7496.38 Dist=1700.05
[ROOT] team=2 status=2 Z=5911.15 VP=(8368.58,3399.26,8037.45)
[CLAMP_DIAG] team=1 rawDist=887.485 offBoresightDeg=41.0265 clamped=0
[SYNC] dist=1620.88 dV=-16.6678 thr=0.916678
[SelectTarget] team=1 EnemyN=1 TgtZ=5906.79
[DIST] team=1 EnemyN=1 MyZ=6947.15 TgtZ=5906.79 Dist=1593.62
[ROOT] team=1 status=2 Z=6947.15 VP=(8318.59,2782.99,6297.15)
[SelectTarget] team=2 EnemyN=1 TgtZ=6943.78
[DIST] team=2 EnemyN=1 MyZ=5906.79 TgtZ=6943.78 Dist=1591.1
[ROOT] team=2 status=2 Z=5906.79 VP=(8479.34,2865.6,8305.56)
[SelectTarget] team=1 EnemyN=1 TgtZ=6191.01
[DIST] team=1 EnemyN=1 MyZ=6368.15 TgtZ=6191.01 Dist=1396.2
[ROOT] team=1 status=2 Z=6368.15 VP=(8751.64,3109.04,6110.36)
[SelectTarget] team=2 EnemyN=1 TgtZ=6365.35
[DIST] team=2 EnemyN=1 MyZ=6191.01 TgtZ=6365.35 Dist=1393.15
[ROOT] team=2 status=2 Z=6191.01 VP=(8810.15,2139.59,8083.74)
[SelectTarget] team=1 EnemyN=1 TgtZ=6634.17
[DIST] team=1 EnemyN=1 MyZ=6046.58 TgtZ=6634.17 Dist=1164.79
[ROOT] team=1 status=2 Z=6046.58 VP=(9045.99,3270.24,6524.55)
[SelectTarget] team=2 EnemyN=1 TgtZ=6046.01
[DIST] team=2 EnemyN=1 MyZ=6634.17 TgtZ=6046.01 Dist=1160.84
[ROOT] team=2 status=2 Z=6634.17 VP=(8356.04,1551.55,6933.63)
[SelectTarget] team=1 EnemyN=1 TgtZ=7067.93
[DIST] team=1 EnemyN=1 MyZ=6165.2 TgtZ=7067.93 Dist=981.192
[ROOT] team=1 status=2 Z=6165.2 VP=(9213.31,3215.33,6961.51)
[SelectTarget] team=2 EnemyN=1 TgtZ=6166.98
[DIST] team=2 EnemyN=1 MyZ=7067.93 TgtZ=6166.98 Dist=978.347
[ROOT] team=2 status=2 Z=7067.93 VP=(8348.15,1415,6278.1)
[CLAMP_DIAG] team=1 rawDist=803.507 offBoresightDeg=30.7094 clamped=0
[SYNC] dist=905.977 dV=-73.9765 thr=1
[SelectTarget] team=1 EnemyN=1 TgtZ=7381.44
[DIST] team=1 EnemyN=1 MyZ=6610.58 TgtZ=7381.44 Dist=902.936
[ROOT] team=1 status=2 Z=6610.58 VP=(9273.63,2980.2,7309.91)
[SelectTarget] team=2 EnemyN=1 TgtZ=6613.51
[DIST] team=2 EnemyN=1 MyZ=7381.44 TgtZ=6613.51 Dist=900.39
[ROOT] team=2 status=2 Z=7381.44 VP=(8552.07,1620.26,5607.42)
[CLAMP_DIAG] team=1 rawDist=816.58 offBoresightDeg=39.5462 clamped=0
[SelectTarget] team=1 EnemyN=1 TgtZ=7503.65
[DIST] team=1 EnemyN=1 MyZ=7141.65 TgtZ=7503.65 Dist=949.885
[ROOT] team=1 status=2 Z=7141.65 VP=(9246.85,2613.75,7494.39)
[SelectTarget] team=2 EnemyN=1 TgtZ=7144.46
[DIST] team=2 EnemyN=1 MyZ=7503.65 TgtZ=7144.46 Dist=947.838
[ROOT] team=2 status=2 Z=7503.65 VP=(8947.04,2177.01,5189.66)
[SelectTarget] team=1 EnemyN=1 TgtZ=7381.74
[DIST] team=1 EnemyN=1 MyZ=7576.59 TgtZ=7381.74 Dist=1098.68
[ROOT] team=1 status=2 Z=7576.59 VP=(9160.55,2184.35,7440.48)
[SelectTarget] team=2 EnemyN=1 TgtZ=7578.53
[DIST] team=2 EnemyN=1 MyZ=7381.74 TgtZ=7578.53 Dist=1096.56
[ROOT] team=2 status=2 Z=7381.74 VP=(9415.27,2839.02,5747.5)
[SelectTarget] team=1 EnemyN=1 TgtZ=7003.14
[DIST] team=1 EnemyN=1 MyZ=7814.24 TgtZ=7003.14 Dist=1299.47
[ROOT] team=1 status=2 Z=7814.24 VP=(9070.33,1817.03,7164.51)
[SelectTarget] team=2 EnemyN=1 TgtZ=7814.89
[DIST] team=2 EnemyN=1 MyZ=7003.14 TgtZ=7814.89 Dist=1297.82
[ROOT] team=2 status=2 Z=7003.14 VP=(9825.17,3265.8,6327.1)
[SYNC] dist=1451.05 dV=31.9467 thr=0.430533
[SelectTarget] team=1 EnemyN=1 TgtZ=6447.6
[DIST] team=1 EnemyN=1 MyZ=7795.31 TgtZ=6447.6 Dist=1486.05
[ROOT] team=1 status=2 Z=7795.31 VP=(9058.12,1661,7145.31)
[SelectTarget] team=2 EnemyN=1 TgtZ=7794.41
[DIST] team=2 EnemyN=1 MyZ=6447.6 TgtZ=7794.41 Dist=1484.06
[ROOT] team=2 status=2 Z=6447.6 VP=(10310.8,3235.85,6764.96)
[CLAMP_DIAG] team=1 rawDist=854.576 offBoresightDeg=11.4585 clamped=0
[SelectTarget] team=1 EnemyN=1 TgtZ=5890.47
[DIST] team=1 EnemyN=1 MyZ=7484.62 TgtZ=5890.47 Dist=1596.01
[ROOT] team=1 status=2 Z=7484.62 VP=(9208.85,1782.07,6834.62)
[SelectTarget] team=2 EnemyN=1 TgtZ=7482.08
[DIST] team=2 EnemyN=1 MyZ=5890.47 TgtZ=7482.08 Dist=1593.51
[ROOT] team=2 status=2 Z=5890.47 VP=(10321.5,3131.51,7381.71)
[CLAMP_DIAG] team=1 rawDist=657.564 offBoresightDeg=23.8939 clamped=0
[SelectTarget] team=1 EnemyN=1 TgtZ=5535.05
[DIST] team=1 EnemyN=1 MyZ=6912.24 TgtZ=5535.05 Dist=1576.31
[ROOT] team=1 status=2 Z=6912.24 VP=(9551.75,2134.02,6262.24)
[SelectTarget] team=2 EnemyN=1 TgtZ=6908.58
[DIST] team=2 EnemyN=1 MyZ=5535.05 TgtZ=6908.58 Dist=1573.6
[ROOT] team=2 status=2 Z=5535.05 VP=(10145.6,2836.75,7764.27)
[SelectTarget] team=1 EnemyN=1 TgtZ=5516.56
[DIST] team=1 EnemyN=1 MyZ=6253.21 TgtZ=5516.56 Dist=1419.16
[ROOT] team=1 status=2 Z=6253.21 VP=(9982.95,2600.15,5603.21)
[SelectTarget] team=2 EnemyN=1 TgtZ=6249.86
[DIST] team=2 EnemyN=1 MyZ=5516.56 TgtZ=6249.86 Dist=1414.73
[ROOT] team=2 status=2 Z=5516.56 VP=(10010.5,2379,7892.34)
[SYNC] dist=1209.35 dV=-52.8844 thr=1
[SelectTarget] team=1 EnemyN=1 TgtZ=5820.85
[DIST] team=1 EnemyN=1 MyZ=5803.13 TgtZ=5820.85 Dist=1155.82
[ROOT] team=1 status=2 Z=5803.13 VP=(10367.1,3008.63,5739.35)
[SelectTarget] team=2 EnemyN=1 TgtZ=5801.66
[DIST] team=2 EnemyN=1 MyZ=5820.85 TgtZ=5801.66 Dist=1152.16
[ROOT] team=2 status=2 Z=5820.85 VP=(9682.02,2025.16,7336.01)
[CLAMP_DIAG] team=1 rawDist=860.41 offBoresightDeg=4.26167 clamped=0
[SelectTarget] team=1 EnemyN=1 TgtZ=6298.71
[DIST] team=1 EnemyN=1 MyZ=5761.65 TgtZ=6298.71 Dist=868.113
[ROOT] team=1 status=2 Z=5761.65 VP=(10614.6,3230.5,6186.25)
[SelectTarget] team=2 EnemyN=1 TgtZ=5762.71
[DIST] team=2 EnemyN=1 MyZ=6298.71 TgtZ=5762.71 Dist=864.559
[ROOT] team=2 status=2 Z=6298.71 VP=(9492.63,1782.39,6618.02)
[CLAMP_DIAG] team=1 rawDist=600.837 offBoresightDeg=7.74997 clamped=0
[SelectTarget] team=1 EnemyN=1 TgtZ=6784.88
[DIST] team=1 EnemyN=1 MyZ=6141.64 TgtZ=6784.88 Dist=654.823
[ROOT] team=1 status=2 Z=6141.64 VP=(10704.7,3250.11,6669.82)
[SelectTarget] team=2 EnemyN=1 TgtZ=6144.54
[DIST] team=2 EnemyN=1 MyZ=6784.88 TgtZ=6144.54 Dist=651.614
[ROOT] team=2 status=2 Z=6784.88 VP=(9499.43,1644.67,6131.44)
[CLAMP_DIAG] team=1 rawDist=470.102 offBoresightDeg=21.9742 clamped=0
[SelectTarget] team=1 EnemyN=1 TgtZ=7164.84
[DIST] team=1 EnemyN=1 MyZ=6703.17 TgtZ=7164.84 Dist=580.748
[ROOT] team=1 status=2 Z=6703.17 VP=(10665.8,3095.45,7076.54)
[SelectTarget] team=2 EnemyN=1 TgtZ=6706.29
[DIST] team=2 EnemyN=1 MyZ=7164.84 TgtZ=6706.29 Dist=578.394
[ROOT] team=2 status=2 Z=7164.84 VP=(9629.84,1773.32,5568.84)
[CLAMP_DIAG] team=1 rawDist=499.694 offBoresightDeg=36.2113 clamped=0
[SYNC] dist=627.271 dV=-26.8023 thr=1
[SelectTarget] team=1 EnemyN=1 TgtZ=7368.95
[DIST] team=1 EnemyN=1 MyZ=7208.44 TgtZ=7368.95 Dist=652.258
[ROOT] team=1 status=2 Z=7208.44 VP=(10525.3,2809.4,7334.81)
[SelectTarget] team=2 EnemyN=1 TgtZ=7210.86
[DIST] team=2 EnemyN=1 MyZ=7368.95 TgtZ=7210.86 Dist=650.354
[ROOT] team=2 status=2 Z=7368.95 VP=(9917.5,2207.17,5355.46)
[CLAMP_DIAG] team=1 rawDist=637.093 offBoresightDeg=38.0974 clamped=0
[SelectTarget] team=1 EnemyN=1 TgtZ=7346.32
[DIST] team=1 EnemyN=1 MyZ=7556.22 TgtZ=7346.32 Dist=806.392
[ROOT] team=1 status=2 Z=7556.22 VP=(10312.1,2446.77,7380.2)
[SelectTarget] team=2 EnemyN=1 TgtZ=7557.63
[DIST] team=2 EnemyN=1 MyZ=7346.32 TgtZ=7557.63 Dist=805.231
[ROOT] team=2 status=2 Z=7346.32 VP=(10388.2,2779.06,5608.6)
[CLAMP_DIAG] team=1 rawDist=812.49 offBoresightDeg=30.9272 clamped=0
[SelectTarget] team=1 EnemyN=1 TgtZ=7072.18
[DIST] team=1 EnemyN=1 MyZ=7699.74 TgtZ=7072.18 Dist=980.808
[ROOT] team=1 status=2 Z=7699.74 VP=(10084.1,2102.6,7209.33)
[SelectTarget] team=2 EnemyN=1 TgtZ=7699.87
[DIST] team=2 EnemyN=1 MyZ=7072.18 TgtZ=7699.87 Dist=979.482
[ROOT] team=2 status=2 Z=7072.18 VP=(10798.7,3250.23,6072.17)
[CLAMP_DIAG] team=1 rawDist=789.542 offBoresightDeg=9.96155 clamped=0
[SelectTarget] team=1 EnemyN=1 TgtZ=6581.95
[DIST] team=1 EnemyN=1 MyZ=7592.06 TgtZ=6581.95 Dist=1131.31
[ROOT] team=1 status=2 Z=7592.06 VP=(9929.2,1897.35,7026.41)
[SelectTarget] team=2 EnemyN=1 TgtZ=7590.69
[DIST] team=2 EnemyN=1 MyZ=6581.95 TgtZ=7590.69 Dist=1129.26
[ROOT] team=2 status=2 Z=6581.95 VP=(11097.7,3433.94,6528.84)
[CLAMP_DIAG] team=1 rawDist=643.474 offBoresightDeg=4.51136 clamped=0
[SYNC] dist=1202.76 dV=18.3141 thr=0.566859
[SelectTarget] team=1 EnemyN=1 TgtZ=5997.15
[DIST] team=1 EnemyN=1 MyZ=7211 TgtZ=5997.15 Dist=1215.14
[ROOT] team=1 status=2 Z=7211 VP=(9939.52,1931.09,6603.42)
[SelectTarget] team=2 EnemyN=1 TgtZ=7208.15
[DIST] team=2 EnemyN=1 MyZ=5997.15 TgtZ=7208.15 Dist=1212.23
[ROOT] team=2 status=2 Z=5997.15 VP=(11286.3,3325.98,7044.32)
[CLAMP_DIAG] team=1 rawDist=659.297 offBoresightDeg=12.8785 clamped=0
[SelectTarget] team=1 EnemyN=1 TgtZ=5521.6
[DIST] team=1 EnemyN=1 MyZ=6603.83 TgtZ=5521.6 Dist=1192.9
[ROOT] team=1 status=2 Z=6603.83 VP=(10184.1,2216.03,6007.38)
[SelectTarget] team=2 EnemyN=1 TgtZ=6600.1
[DIST] team=2 EnemyN=1 MyZ=5521.6 TgtZ=6600.1 Dist=1189.09
[ROOT] team=2 status=2 Z=5521.6 VP=(11138.7,3124.43,7506.95)
[CLAMP_DIAG] team=1 rawDist=866.449 offBoresightDeg=3.93337 clamped=0
[SelectTarget] team=1 EnemyN=1 TgtZ=5359.27
[DIST] team=1 EnemyN=1 MyZ=5968.47 TgtZ=5359.27 Dist=1047.49
[ROOT] team=1 status=2 Z=5968.47 VP=(10604.7,2669.8,5444.73)
[SelectTarget] team=2 EnemyN=1 TgtZ=5965.39
[DIST] team=2 EnemyN=1 MyZ=5359.27 TgtZ=5965.39 Dist=1043.16
[ROOT] team=2 status=2 Z=5359.27 VP=(10824.1,2791.65,7754.21)
[CLAMP_DIAG] team=1 rawDist=798.016 offBoresightDeg=4.10362 clamped=0
[SelectTarget] team=1 EnemyN=1 TgtZ=5573.85
[DIST] team=1 EnemyN=1 MyZ=5527.49 TgtZ=5573.85 Dist=826.608
[ROOT] team=1 status=2 Z=5527.49 VP=(11043.4,3118.18,5507.51)
[SelectTarget] team=2 EnemyN=1 TgtZ=5526.01
[DIST] team=2 EnemyN=1 MyZ=5573.85 TgtZ=5526.01 Dist=822.711
[ROOT] team=2 status=2 Z=5573.85 VP=(10444.5,2438.08,7255.81)
[CLAMP_DIAG] team=1 rawDist=598.13 offBoresightDeg=15.1582 clamped=0
[SYNC] dist=693.856 dV=-67.7518 thr=1
[SelectTarget] team=1 EnemyN=1 TgtZ=6039.75
[DIST] team=1 EnemyN=1 MyZ=5502.3 TgtZ=6039.75 Dist=678.731
[ROOT] team=1 status=2 Z=5502.3 VP=(11342.5,3410.15,5932.3)
[SelectTarget] team=2 EnemyN=1 TgtZ=5503.52
[DIST] team=2 EnemyN=1 MyZ=6039.75 TgtZ=5503.52 Dist=675.52
[ROOT] team=2 status=2 Z=6039.75 VP=(10173.1,2167.5,6598.09)
[CLAMP_DIAG] team=1 rawDist=538.278 offBoresightDeg=28.3307 clamped=0
[SelectTarget] team=1 EnemyN=1 TgtZ=6561.81
[DIST] team=1 EnemyN=1 MyZ=5908.58 TgtZ=6561.81 Dist=661.396
[ROOT] team=1 status=2 Z=5908.58 VP=(11447.6,3492.81,6444.18)
[SelectTarget] team=2 EnemyN=1 TgtZ=5911.58
[DIST] team=2 EnemyN=1 MyZ=6561.81 TgtZ=5911.58 Dist=658.748
[ROOT] team=2 status=2 Z=6561.81 VP=(10068,2030.28,6117.38)
[CLAMP_DIAG] team=1 rawDist=574.287 offBoresightDeg=33.9979 clamped=0
[SelectTarget] team=1 EnemyN=1 TgtZ=6993.13
[DIST] team=1 EnemyN=1 MyZ=6479.87 TgtZ=6993.13 Dist=709.904
[ROOT] team=1 status=2 Z=6479.87 VP=(11381.4,3393.06,6897.1)
[SelectTarget] team=2 EnemyN=1 TgtZ=6482.99
[DIST] team=2 EnemyN=1 MyZ=6993.13 TgtZ=6482.99 Dist=707.844
[ROOT] team=2 status=2 Z=6993.13 VP=(10159.5,2108.04,5546.9)
runner:local/env:0	num_steps=[11999] | total rewards=[183.5567] | termination= [max time out]
[seed 14] reward=   183.56 ownHP=1.0000 tgtHP=1.0000 max time out
Remove Space Complete.

[rehearsal own_rep=6 tgt_rep=6 seeds=15]
SUMMARY dealt=0.0231 taken=0.0000 mean_reward=376.55
tacview log saved (last episode)

########## v32 vs AIP_synccircle.dll ##########


     JSBSim Flight Dynamics Model v1.0.0 May 27 2026 16:13:38
            [JSBSim-ML v2.0]

JSBSim startup beginning ...

total: 2
Behavior Tree Initialized Successfully
Behavior Tree Initialized Successfully
[PURE_ATA] team=2 ata=5.80254 dist=4060.98 leadDist=0 aa=10.2885
[PURE_ATA] team=2 ata=5.80977 dist=4060.5 leadDist=0 aa=10.4105
[PURE_ATA] team=2 ata=5.68967 dist=4060.04 leadDist=0 aa=10.8118
[PURE_ATA] team=2 ata=5.58536 dist=4059.6 leadDist=0 aa=11.2441
[PURE_ATA] team=2 ata=5.46766 dist=4059.59 leadDist=0 aa=11.534
[PURE_ATA] team=2 ata=5.31628 dist=4058.91 leadDist=0 aa=11.5091
[PURE_ATA] team=2 ata=5.05762 dist=4058.52 leadDist=0 aa=11.0876
[PURE_ATA] team=2 ata=4.69523 dist=4058.15 leadDist=0 aa=10.1587
[PURE_ATA] team=2 ata=4.25204 dist=4058.21 leadDist=0 aa=8.56899
[PURE_ATA] team=2 ata=3.76614 dist=4058.03 leadDist=0 aa=6.39508
[PURE_ATA] team=2 ata=3.20625 dist=4057.13 leadDist=0 aa=4.329
[PURE_ATA] team=2 ata=2.66762 dist=4056.99 leadDist=0 aa=2.75633
[PURE_ATA] team=2 ata=2.13803 dist=4056.29 leadDist=0 aa=1.60941
[PURE_ATA] team=2 ata=1.64318 dist=4055.61 leadDist=0 aa=0.51889
[PURE_ATA] team=2 ata=1.20078 dist=4054.53 leadDist=0 aa=1.15835
[PURE_ATA] team=2 ata=0.869704 dist=4053.81 leadDist=0 aa=2.94338
[PURE_ATA] team=2 ata=0.677124 dist=4052.77 leadDist=0 aa=4.53043
[PURE_ATA] team=2 ata=0.807436 dist=4051.69 leadDist=0 aa=6.13076
[PURE_ATA] team=2 ata=1.11585 dist=4050.03 leadDist=0 aa=7.96489
[PURE_ATA] team=2 ata=1.44234 dist=4048.4 leadDist=0 aa=9.46595
[PURE_ATA] team=2 ata=1.68406 dist=4046.77 leadDist=0 aa=10.4377
[PURE_ATA] team=2 ata=1.76423 dist=4044.78 leadDist=0 aa=11.0457
[PURE_ATA] team=2 ata=1.79218 dist=4043.01 leadDist=0 aa=11.4066
[PURE_ATA] team=2 ata=1.77273 dist=4040.86 leadDist=0 aa=11.652
[PURE_ATA] team=2 ata=1.71803 dist=4038.54 leadDist=0 aa=11.8175
[PURE_ATA] team=2 ata=1.58246 dist=4036.05 leadDist=0 aa=11.9336
[PURE_ATA] team=2 ata=1.39246 dist=4033.6 leadDist=0 aa=11.9487
[PURE_ATA] team=2 ata=1.1999 dist=4030.57 leadDist=0 aa=11.8065
[PURE_ATA] team=2 ata=0.983171 dist=4027.37 leadDist=0 aa=11.5265
[SelectTarget] team=1 EnemyN=1 TgtZ=6993.48
[DIST] team=1 EnemyN=1 MyZ=6961.89 TgtZ=6993.48 Dist=4019.8
[ROOT] team=1 status=2 Z=6961.89 VP=(4238.42,451.193,6441.07)
[SelectTarget] team=2 EnemyN=1 TgtZ=6960.64
[DIST] team=2 EnemyN=1 MyZ=6993.48 TgtZ=6960.64 Dist=4024.44
[PURE_ATA] team=2 ata=0.808941 dist=4024.44 leadDist=0 aa=11.1441
[ROOT] team=2 status=2 Z=6993.48 VP=(1140.24,730.23,6960.64)
[PURE_ATA] team=2 ata=0.646906 dist=4021.33 leadDist=0 aa=10.7181
[PURE_ATA] team=2 ata=0.615727 dist=4018.08 leadDist=0 aa=10.1969
[PURE_ATA] team=2 ata=0.715464 dist=4013.83 leadDist=0 aa=9.68669
[PURE_ATA] team=2 ata=0.845823 dist=4010.28 leadDist=0 aa=9.26613
[PURE_ATA] team=2 ata=0.860081 dist=4006.55 leadDist=0 aa=9.03486
[PURE_ATA] team=2 ata=0.814424 dist=4001.89 leadDist=0 aa=8.95917
[SelectTarget] team=1 EnemyN=1 TgtZ=6929.48
[DIST] team=1 EnemyN=1 MyZ=6562.29 TgtZ=6929.48 Dist=3832.78
[ROOT] team=1 status=2 Z=6562.29 VP=(3241.98,188.783,6284.92)
[SelectTarget] team=2 EnemyN=1 TgtZ=6559.15
[DIST] team=2 EnemyN=1 MyZ=6929.48 TgtZ=6559.15 Dist=3837.03
[ROOT] team=2 status=2 Z=6929.48 VP=(3756.05,-1245.13,6579.48)
[SelectTarget] team=1 EnemyN=1 TgtZ=6757.6
[DIST] team=1 EnemyN=1 MyZ=5843.26 TgtZ=6757.6 Dist=3619.62
[ROOT] team=1 status=2 Z=5843.26 VP=(2540.23,-189.13,5941.19)
[SelectTarget] team=2 EnemyN=1 TgtZ=5838.48
[DIST] team=2 EnemyN=1 MyZ=6757.6 TgtZ=5838.48 Dist=3622.49
[ROOT] team=2 status=2 Z=6757.6 VP=(2505.12,-1212.78,6407.6)
[SelectTarget] team=1 EnemyN=1 TgtZ=6468.28
[DIST] team=1 EnemyN=1 MyZ=4896.3 TgtZ=6468.28 Dist=3722.61
[ROOT] team=1 status=2 Z=4896.3 VP=(1690.55,-822.424,6098.74)
[SelectTarget] team=2 EnemyN=1 TgtZ=4890.78
[DIST] team=2 EnemyN=1 MyZ=6468.28 TgtZ=4890.78 Dist=3723.72
[ROOT] team=2 status=2 Z=6468.28 VP=(1359.81,-1364.85,6118.28)
[SelectTarget] team=1 EnemyN=1 TgtZ=6196.16
[DIST] team=1 EnemyN=1 MyZ=3962.29 TgtZ=6196.16 Dist=3832.61
[ROOT] team=1 status=2 Z=3962.29 VP=(974.433,-1119.84,5396.2)
[SelectTarget] team=2 EnemyN=1 TgtZ=3957.74
[DIST] team=2 EnemyN=1 MyZ=6196.16 TgtZ=3957.74 Dist=3832.48
[ROOT] team=2 status=2 Z=6196.16 VP=(334.053,-1379.72,5846.16)
[SYNCCIRCLE] R=1503.72 dist=3810.13 shrink=0 thr=0.555576
[SelectTarget] team=1 EnemyN=1 TgtZ=5909.21
[DIST] team=1 EnemyN=1 MyZ=3353.15 TgtZ=5909.21 Dist=3575.36
[ROOT] team=1 status=2 Z=3353.15 VP=(87.8598,-992.283,5093.34)
[SelectTarget] team=2 EnemyN=1 TgtZ=3351.12
[DIST] team=2 EnemyN=1 MyZ=5909.21 TgtZ=3351.12 Dist=3573.43
[ROOT] team=2 status=2 Z=5909.21 VP=(-596.715,-856.316,5559.21)
[SelectTarget] team=1 EnemyN=1 TgtZ=5605.69
[DIST] team=1 EnemyN=1 MyZ=3234.05 TgtZ=5605.69 Dist=3049.79
[ROOT] team=1 status=2 Z=3234.05 VP=(-597.681,-445.006,4762.1)
[SelectTarget] team=2 EnemyN=1 TgtZ=3234.65
[DIST] team=2 EnemyN=1 MyZ=5605.69 TgtZ=3234.65 Dist=3046.86
[ROOT] team=2 status=2 Z=5605.69 VP=(-915.791,265.176,5255.69)
[SelectTarget] team=1 EnemyN=1 TgtZ=5263.48
[DIST] team=1 EnemyN=1 MyZ=3485.96 TgtZ=5263.48 Dist=2537.58
[ROOT] team=1 status=2 Z=3485.96 VP=(-902.661,347.917,4370.18)
[SelectTarget] team=2 EnemyN=1 TgtZ=3487.9
[DIST] team=2 EnemyN=1 MyZ=5263.48 TgtZ=3487.9 Dist=2534.17
[ROOT] team=2 status=2 Z=5263.48 VP=(-320.338,1162.41,4913.48)
[SelectTarget] team=1 EnemyN=1 TgtZ=4860.4
[DIST] team=1 EnemyN=1 MyZ=3904.14 TgtZ=4860.4 Dist=2301.46
[ROOT] team=1 status=2 Z=3904.14 VP=(-825.48,377.116,4925.79)
[SelectTarget] team=2 EnemyN=1 TgtZ=3906.82
[DIST] team=2 EnemyN=1 MyZ=4860.4 TgtZ=3906.82 Dist=2299.07
[ROOT] team=2 status=2 Z=4860.4 VP=(364.749,1420.53,4510.4)
[SYNCCIRCLE] R=1081.39 dist=2295.23 shrink=0 thr=0.566688
[SelectTarget] team=1 EnemyN=1 TgtZ=4400.99
[DIST] team=1 EnemyN=1 MyZ=4355.85 TgtZ=4400.99 Dist=2410.5
[ROOT] team=1 status=2 Z=4355.85 VP=(-632.839,1186.51,4478.56)
[SelectTarget] team=2 EnemyN=1 TgtZ=4357.93
[DIST] team=2 EnemyN=1 MyZ=4400.99 TgtZ=4357.93 Dist=2407.5
[ROOT] team=2 status=2 Z=4400.99 VP=(932.72,1431.22,4357.93)
[SelectTarget] team=1 EnemyN=1 TgtZ=3996.12
[DIST] team=1 EnemyN=1 MyZ=4598.94 TgtZ=3996.12 Dist=2683.18
[ROOT] team=1 status=2 Z=4598.94 VP=(1009.93,1843.81,3948.94)
[SelectTarget] team=2 EnemyN=1 TgtZ=4599.5
[DIST] team=2 EnemyN=1 MyZ=3996.12 TgtZ=4599.5 Dist=2680.87
[ROOT] team=2 status=2 Z=3996.12 VP=(1487,1178.26,4346.12)
[SelectTarget] team=1 EnemyN=1 TgtZ=3768.18
[DIST] team=1 EnemyN=1 MyZ=4573.33 TgtZ=3768.18 Dist=2874.75
[ROOT] team=1 status=2 Z=4573.33 VP=(1853.45,1455.17,3923.33)
[SelectTarget] team=2 EnemyN=1 TgtZ=4572.54
[DIST] team=2 EnemyN=1 MyZ=3768.18 TgtZ=4572.54 Dist=2871.23
[ROOT] team=2 status=2 Z=3768.18 VP=(1913.39,682.332,4118.18)
[SelectTarget] team=1 EnemyN=1 TgtZ=3675.38
[DIST] team=1 EnemyN=1 MyZ=4340.21 TgtZ=3675.38 Dist=2854.23
[ROOT] team=1 status=2 Z=4340.21 VP=(2317.55,640.482,3690.21)
[SelectTarget] team=2 EnemyN=1 TgtZ=4338.49
[DIST] team=2 EnemyN=1 MyZ=3675.38 TgtZ=4338.49 Dist=2850.44
[ROOT] team=2 status=2 Z=3675.38 VP=(2066.04,-6.72294,4025.38)
[SYNCCIRCLE] R=1376.64 dist=2818.87 shrink=0 thr=0.695916
[SelectTarget] team=1 EnemyN=1 TgtZ=3678.43
[DIST] team=1 EnemyN=1 MyZ=3979.56 TgtZ=3678.43 Dist=2608.28
[ROOT] team=1 status=2 Z=3979.56 VP=(2194.73,-280.437,3329.56)
[SelectTarget] team=2 EnemyN=1 TgtZ=3977.34
[DIST] team=2 EnemyN=1 MyZ=3678.43 TgtZ=3977.34 Dist=2604.06
[ROOT] team=2 status=2 Z=3678.43 VP=(1802.33,-741.012,3977.34)
[SelectTarget] team=1 EnemyN=1 TgtZ=3702.65
[DIST] team=1 EnemyN=1 MyZ=3610.94 TgtZ=3702.65 Dist=2161.83
[ROOT] team=1 status=2 Z=3610.94 VP=(2187.13,-69.9497,3695.05)
[SelectTarget] team=2 EnemyN=1 TgtZ=3609.6
[DIST] team=2 EnemyN=1 MyZ=3702.65 TgtZ=3609.6 Dist=2157.73
[ROOT] team=2 status=2 Z=3702.65 VP=(1052.73,-1211.16,3609.6)
[SelectTarget] team=1 EnemyN=1 TgtZ=3592.25
[DIST] team=1 EnemyN=1 MyZ=3482.78 TgtZ=3592.25 Dist=1598.45
[ROOT] team=1 status=2 Z=3482.78 VP=(1629.15,-702.548,3606.08)
[SelectTarget] team=2 EnemyN=1 TgtZ=3482.51
[DIST] team=2 EnemyN=1 MyZ=3592.25 TgtZ=3482.51 Dist=1594.22
[ROOT] team=2 status=2 Z=3592.25 VP=(27.9938,-895.211,3482.51)
[SelectTarget] team=1 EnemyN=1 TgtZ=3450.94
[DIST] team=1 EnemyN=1 MyZ=3443.88 TgtZ=3450.94 Dist=1233.51
[ROOT] team=1 status=2 Z=3443.88 VP=(800.701,-831.817,3462.89)
[SelectTarget] team=2 EnemyN=1 TgtZ=3443.55
[DIST] team=2 EnemyN=1 MyZ=3450.94 TgtZ=3443.55 Dist=1231.03
[ROOT] team=2 status=2 Z=3450.94 VP=(-241.971,370.279,3443.55)
[SYNCCIRCLE] R=612.784 dist=1225.59 shrink=0 thr=0.818558
[SelectTarget] team=1 EnemyN=1 TgtZ=3299.06
[DIST] team=1 EnemyN=1 MyZ=3334.8 TgtZ=3299.06 Dist=1459.26
[ROOT] team=1 status=2 Z=3334.8 VP=(89.4846,-390.51,3313.35)
[SelectTarget] team=2 EnemyN=1 TgtZ=3333.9
[DIST] team=2 EnemyN=1 MyZ=3299.06 TgtZ=3333.9 Dist=1457.64
[ROOT] team=2 status=2 Z=3299.06 VP=(628.425,1068.77,3333.9)
[SelectTarget] team=1 EnemyN=1 TgtZ=3114.28
[DIST] team=1 EnemyN=1 MyZ=3121.88 TgtZ=3114.28 Dist=2020.1
[ROOT] team=1 status=2 Z=3121.88 VP=(-154.036,405.787,3133.86)
[SelectTarget] team=2 EnemyN=1 TgtZ=3120.43
[DIST] team=2 EnemyN=1 MyZ=3114.28 TgtZ=3120.43 Dist=2019.62
[ROOT] team=2 status=2 Z=3114.28 VP=(1243.38,1077,3120.43)
[SelectTarget] team=1 EnemyN=1 TgtZ=2894.48
[DIST] team=1 EnemyN=1 MyZ=2826.75 TgtZ=2894.48 Dist=2517.32
[ROOT] team=1 status=2 Z=2826.75 VP=(946.606,1542.15,2176.75)
[SelectTarget] team=2 EnemyN=1 TgtZ=2824.97
[DIST] team=2 EnemyN=1 MyZ=2894.48 TgtZ=2824.97 Dist=2515.63
[ROOT] team=2 status=2 Z=2894.48 VP=(1743.42,921.103,2824.97)
[SelectTarget] team=1 EnemyN=1 TgtZ=2649.39
[DIST] team=1 EnemyN=1 MyZ=2438.51 TgtZ=2649.39 Dist=2770.62
[ROOT] team=1 status=2 Z=2438.51 VP=(-1286.87,819.888,7214.28)
[SelectTarget] team=2 EnemyN=1 TgtZ=2435.94
[DIST] team=2 EnemyN=1 MyZ=2649.39 TgtZ=2435.94 Dist=2768.01
[ROOT] team=2 status=2 Z=2649.39 VP=(2178.29,448.307,2435.94)
[SYNCCIRCLE] R=1392.78 dist=2796.94 shrink=0 thr=0.775345
[SelectTarget] team=1 EnemyN=1 TgtZ=2376.77
[DIST] team=1 EnemyN=1 MyZ=2121.16 TgtZ=2376.77 Dist=2919.92
[ROOT] team=1 status=2 Z=2121.16 VP=(-888.608,1819.17,6893.11)
[SelectTarget] team=2 EnemyN=1 TgtZ=2119.86
[DIST] team=2 EnemyN=1 MyZ=2376.77 TgtZ=2119.86 Dist=2918.69
[ROOT] team=2 status=2 Z=2376.77 VP=(2175.67,-384.943,2119.86)
[SelectTarget] team=1 EnemyN=1 TgtZ=2124.59
[DIST] team=1 EnemyN=1 MyZ=1945.91 TgtZ=2124.59 Dist=3101.29
[ROOT] team=1 status=2 Z=1945.91 VP=(1661.95,-482.49,1500)
[SelectTarget] team=2 EnemyN=1 TgtZ=1945.21
[DIST] team=2 EnemyN=1 MyZ=2124.59 TgtZ=1945.21 Dist=3101.19
[ROOT] team=2 status=2 Z=2124.59 VP=(1524.15,-1148.89,2000)
[SelectTarget] team=1 EnemyN=1 TgtZ=1993.56
[DIST] team=1 EnemyN=1 MyZ=1873.32 TgtZ=1993.56 Dist=3356.6
[ROOT] team=1 status=2 Z=1873.32 VP=(880.639,-974.076,1500)
[SelectTarget] team=2 EnemyN=1 TgtZ=1873.2
[DIST] team=2 EnemyN=1 MyZ=1993.56 TgtZ=1873.2 Dist=3357.38
[ROOT] team=2 status=2 Z=1993.56 VP=(448.626,-1405.71,2000)
[SelectTarget] team=1 EnemyN=1 TgtZ=1943.81
[DIST] team=1 EnemyN=1 MyZ=1844.58 TgtZ=1943.81 Dist=3615.22
[ROOT] team=1 status=2 Z=1844.58 VP=(-53.7875,-956.386,1500)
[SelectTarget] team=2 EnemyN=1 TgtZ=1844.48
[DIST] team=2 EnemyN=1 MyZ=1943.81 TgtZ=1844.48 Dist=3616.13
[ROOT] team=2 status=2 Z=1943.81 VP=(-617.185,-1056.6,2000)
[SYNCCIRCLE] R=1827.91 dist=3657.19 shrink=0 thr=0.706204
[SelectTarget] team=1 EnemyN=1 TgtZ=1923.81
[DIST] team=1 EnemyN=1 MyZ=1839.29 TgtZ=1923.81 Dist=3842.49
[ROOT] team=1 status=2 Z=1839.29 VP=(-864.606,-438.001,1500)
[SelectTarget] team=2 EnemyN=1 TgtZ=1839.34
[DIST] team=2 EnemyN=1 MyZ=1923.81 TgtZ=1839.34 Dist=3843.67
[ROOT] team=2 status=2 Z=1923.81 VP=(-1376.29,-239.973,2000)
[SelectTarget] team=1 EnemyN=1 TgtZ=1916.65
[DIST] team=1 EnemyN=1 MyZ=1832.21 TgtZ=1916.65 Dist=3980.5
[ROOT] team=1 status=2 Z=1832.21 VP=(-1327.14,426.59,1500)
[SelectTarget] team=2 EnemyN=1 TgtZ=1832.22
[DIST] team=2 EnemyN=1 MyZ=1916.65 TgtZ=1832.22 Dist=3980.58
[ROOT] team=2 status=2 Z=1916.65 VP=(-1664.79,838.681,2000)
[PURE_ATA] team=2 ata=92.5298 dist=4000.95 leadDist=1679.88 aa=94.4496
[PURE_ATA] team=2 ata=92.0932 dist=4004.49 leadDist=1680.98 aa=93.8798
[PURE_ATA] team=2 ata=91.0532 dist=4006.94 leadDist=1681.64 aa=93.3807
[PURE_ATA] team=2 ata=90.3662 dist=4009.78 leadDist=1681.81 aa=93.3674
[PURE_ATA] team=2 ata=89.8331 dist=4012.84 leadDist=1681.56 aa=94.4634
[PURE_ATA] team=2 ata=89.3781 dist=4014.98 leadDist=1681.01 aa=97.4872
[PURE_ATA] team=2 ata=88.9218 dist=4018.64 leadDist=1680.25 aa=103.455
[PURE_ATA] team=2 ata=88.5281 dist=4020.17 leadDist=1679.32 aa=110.81
[PURE_ATA] team=2 ata=88.1206 dist=4021.98 leadDist=1678.25 aa=119.083
[PURE_ATA] team=2 ata=87.7117 dist=4023.65 leadDist=1677.07 aa=134.183
[PURE_ATA] team=2 ata=87.3147 dist=4024.02 leadDist=1675.83 aa=158.317
[PURE_ATA] team=2 ata=86.916 dist=4024.67 leadDist=1674.58 aa=177.047
[PURE_ATA] team=2 ata=86.5291 dist=4024.49 leadDist=1673.37 aa=172.199
[PURE_ATA] team=2 ata=86.1186 dist=4024.02 leadDist=1672.21 aa=165.512
[PURE_ATA] team=2 ata=85.7214 dist=4022.73 leadDist=1671.13 aa=160.843
[PURE_ATA] team=2 ata=85.3216 dist=4021.3 leadDist=1670.14 aa=157.399
[PURE_ATA] team=2 ata=84.9169 dist=4019.29 leadDist=1669.25 aa=154.72
[SelectTarget] team=1 EnemyN=1 TgtZ=1928.79
[DIST] team=1 EnemyN=1 MyZ=1831.4 TgtZ=1928.79 Dist=4017.51
[ROOT] team=1 status=2 Z=1831.4 VP=(-1084.42,1460.95,1500)
[SelectTarget] team=2 EnemyN=1 TgtZ=1831.52
[DIST] team=2 EnemyN=1 MyZ=1928.79 TgtZ=1831.52 Dist=4016.7
[PURE_ATA] team=2 ata=84.511 dist=4016.7 leadDist=1668.48 aa=152.558
[ROOT] team=2 status=2 Z=1928.79 VP=(2776.77,935.521,3500)
[PURE_ATA] team=2 ata=84.1211 dist=4013.79 leadDist=1667.85 aa=150.714
[PURE_ATA] team=2 ata=83.6925 dist=4010.57 leadDist=1667.36 aa=149.233
[PURE_ATA] team=2 ata=83.2817 dist=4006.61 leadDist=1667.02 aa=147.964
[PURE_ATA] team=2 ata=82.8898 dist=4002.4 leadDist=1666.84 aa=146.865
[SelectTarget] team=1 EnemyN=1 TgtZ=1961.38
[DIST] team=1 EnemyN=1 MyZ=1830.42 TgtZ=1961.38 Dist=3940.27
[ROOT] team=1 status=2 Z=1830.42 VP=(-691.648,2246.26,1500)
[SelectTarget] team=2 EnemyN=1 TgtZ=1830.55
[DIST] team=2 EnemyN=1 MyZ=1961.38 TgtZ=1830.55 Dist=3939.49
[ROOT] team=2 status=2 Z=1961.38 VP=(-597.056,2786.23,2000)
[SYNCCIRCLE] R=1922.97 dist=3847.92 shrink=0 thr=0.604139
[SelectTarget] team=1 EnemyN=1 TgtZ=1946.27
[DIST] team=1 EnemyN=1 MyZ=1824.62 TgtZ=1946.27 Dist=3840.52
[ROOT] team=1 status=2 Z=1824.62 VP=(111.104,2769.43,1500)
[SelectTarget] team=2 EnemyN=1 TgtZ=1824.68
[DIST] team=2 EnemyN=1 MyZ=1946.27 TgtZ=1824.68 Dist=3839.08
[ROOT] team=2 status=2 Z=1946.27 VP=(450.422,3179.43,2000)
[SelectTarget] team=1 EnemyN=1 TgtZ=1934.81
[DIST] team=1 EnemyN=1 MyZ=1820.84 TgtZ=1934.81 Dist=3673.86
[ROOT] team=1 status=2 Z=1820.84 VP=(1056.99,2881.59,1500)
[SelectTarget] team=2 EnemyN=1 TgtZ=1820.97
[DIST] team=2 EnemyN=1 MyZ=1934.81 TgtZ=1820.97 Dist=3671.51
[ROOT] team=2 status=2 Z=1934.81 VP=(1570.29,2985.54,2000)
[SelectTarget] team=1 EnemyN=1 TgtZ=1927.15
[DIST] team=1 EnemyN=1 MyZ=1820.25 TgtZ=1927.15 Dist=3460.51
[ROOT] team=1 status=2 Z=1820.25 VP=(1943.55,2391.31,1500)
[SelectTarget] team=2 EnemyN=1 TgtZ=1820.34
[DIST] team=2 EnemyN=1 MyZ=1927.15 TgtZ=1820.34 Dist=3459.52
[ROOT] team=2 status=2 Z=1927.15 VP=(2435.2,2221.38,2000)
[SelectTarget] team=1 EnemyN=1 TgtZ=1922.31
[DIST] team=1 EnemyN=1 MyZ=1821.13 TgtZ=1922.31 Dist=3242.37
[ROOT] team=1 status=2 Z=1821.13 VP=(2425.37,1503.9,1500)
[SelectTarget] team=2 EnemyN=1 TgtZ=1821.28
[DIST] team=2 EnemyN=1 MyZ=1922.31 TgtZ=1821.28 Dist=3240.58
[ROOT] team=2 status=2 Z=1922.31 VP=(2736.24,1084.38,2000)
[SYNCCIRCLE] R=1532.9 dist=3067.36 shrink=0 thr=0.62554
[SelectTarget] team=1 EnemyN=1 TgtZ=1917.86
[DIST] team=1 EnemyN=1 MyZ=1820.91 TgtZ=1917.86 Dist=3059.27
[ROOT] team=1 status=2 Z=1820.91 VP=(2301.77,494.663,1500)
[SelectTarget] team=2 EnemyN=1 TgtZ=1820.97
[DIST] team=2 EnemyN=1 MyZ=1917.86 TgtZ=1820.97 Dist=3057.49
[ROOT] team=2 status=2 Z=1917.86 VP=(2305.33,-34.3583,2000)
[SelectTarget] team=1 EnemyN=1 TgtZ=1913.12
[DIST] team=1 EnemyN=1 MyZ=1818.07 TgtZ=1913.12 Dist=2949.64
[ROOT] team=1 status=2 Z=1818.07 VP=(1594.03,-232.606,1500)
[SelectTarget] team=2 EnemyN=1 TgtZ=1818.05
[DIST] team=2 EnemyN=1 MyZ=1913.12 TgtZ=1818.05 Dist=2948.61
[ROOT] team=2 status=2 Z=1913.12 VP=(1269.61,-662.136,2000)
[SelectTarget] team=1 EnemyN=1 TgtZ=1908.76
[DIST] team=1 EnemyN=1 MyZ=1799.32 TgtZ=1908.76 Dist=2904.09
[ROOT] team=1 status=2 Z=1799.32 VP=(2141.27,2850.23,6589.88)
[SelectTarget] team=2 EnemyN=1 TgtZ=1799.16
[DIST] team=2 EnemyN=1 MyZ=1908.76 TgtZ=1799.16 Dist=2903.77
[ROOT] team=2 status=2 Z=1908.76 VP=(70.2304,-508.455,2000)
[SelectTarget] team=1 EnemyN=1 TgtZ=1905.88
[DIST] team=1 EnemyN=1 MyZ=1915.24 TgtZ=1905.88 Dist=3037.4
[ROOT] team=1 status=2 Z=1915.24 VP=(-263.168,136.741,1500)
[SelectTarget] team=2 EnemyN=1 TgtZ=1915.85
[DIST] team=2 EnemyN=1 MyZ=1905.88 TgtZ=1915.85 Dist=3036.76
[ROOT] team=2 status=2 Z=1905.88 VP=(-776.714,339.331,2000)
[SYNCCIRCLE] R=1551.38 dist=3102.82 shrink=0 thr=0.702912
[SelectTarget] team=1 EnemyN=1 TgtZ=1905.54
[DIST] team=1 EnemyN=1 MyZ=1918.82 TgtZ=1905.54 Dist=3106.84
[ROOT] team=1 status=2 Z=1918.82 VP=(3091.47,611.788,6699.95)
[SelectTarget] team=2 EnemyN=1 TgtZ=1918.26
[DIST] team=2 EnemyN=1 MyZ=1905.54 TgtZ=1918.26 Dist=3106.79
[ROOT] team=2 status=2 Z=1905.54 VP=(-973.753,1500.11,2000)
[SelectTarget] team=1 EnemyN=1 TgtZ=1907.09
[DIST] team=1 EnemyN=1 MyZ=1860.6 TgtZ=1907.09 Dist=3254.35
[ROOT] team=1 status=2 Z=1860.6 VP=(-490.058,2012.88,1500)
[SelectTarget] team=2 EnemyN=1 TgtZ=1860.2
[DIST] team=2 EnemyN=1 MyZ=1907.09 TgtZ=1860.2 Dist=3255.02
[ROOT] team=2 status=2 Z=1907.09 VP=(-476.19,2563.25,2000)
[SelectTarget] team=1 EnemyN=1 TgtZ=1910.03
[DIST] team=1 EnemyN=1 MyZ=1832.38 TgtZ=1910.03 Dist=3468.82
[ROOT] team=1 status=2 Z=1832.38 VP=(192.533,2730.21,1500)
[SelectTarget] team=2 EnemyN=1 TgtZ=1832.33
[DIST] team=2 EnemyN=1 MyZ=1910.03 TgtZ=1832.33 Dist=3469.52
[ROOT] team=2 status=2 Z=1910.03 VP=(498.083,3183.13,2000)
[SelectTarget] team=1 EnemyN=1 TgtZ=1913.68
[DIST] team=1 EnemyN=1 MyZ=1819.94 TgtZ=1913.68 Dist=3665.37
[ROOT] team=1 status=2 Z=1819.94 VP=(1147.33,2989.18,1500)
[SelectTarget] team=2 EnemyN=1 TgtZ=1820.02
[DIST] team=2 EnemyN=1 MyZ=1913.68 TgtZ=1820.02 Dist=3665.84
[ROOT] team=2 status=2 Z=1913.68 VP=(1635.07,3218.9,2000)
[SYNCCIRCLE] R=1895.08 dist=3791.54 shrink=0 thr=0.639533
[SelectTarget] team=1 EnemyN=1 TgtZ=1917
[DIST] team=1 EnemyN=1 MyZ=1816.07 TgtZ=1917 Dist=3799.22
[ROOT] team=1 status=2 Z=1816.07 VP=(2105.62,2735.23,1500)
[SelectTarget] team=2 EnemyN=1 TgtZ=1816.22
[DIST] team=2 EnemyN=1 MyZ=1917 TgtZ=1816.22 Dist=3799.94
[ROOT] team=2 status=2 Z=1917 VP=(2635.01,2693.2,2000)
[SelectTarget] team=1 EnemyN=1 TgtZ=1919.13
[DIST] team=1 EnemyN=1 MyZ=1802.83 TgtZ=1919.13 Dist=3822.07
[ROOT] team=1 status=2 Z=1802.83 VP=(-1244.49,573.842,6591.31)
[SelectTarget] team=2 EnemyN=1 TgtZ=1802.6
[DIST] team=2 EnemyN=1 MyZ=1919.13 TgtZ=1802.6 Dist=3821.1
[ROOT] team=2 status=2 Z=1919.13 VP=(3253.43,1744.54,2000)
[SelectTarget] team=1 EnemyN=1 TgtZ=1919.7
[DIST] team=1 EnemyN=1 MyZ=1889.41 TgtZ=1919.7 Dist=3840.35
[ROOT] team=1 status=2 Z=1889.41 VP=(3095.06,1072.29,1500)
[SelectTarget] team=2 EnemyN=1 TgtZ=1889.93
[DIST] team=2 EnemyN=1 MyZ=1919.7 TgtZ=1889.93 Dist=3839.7
[ROOT] team=2 status=2 Z=1919.7 VP=(3328.89,607.546,2000)
[SelectTarget] team=1 EnemyN=1 TgtZ=1919.04
[DIST] team=1 EnemyN=1 MyZ=1885.18 TgtZ=1919.04 Dist=3687.48
[ROOT] team=1 status=2 Z=1885.18 VP=(-111.716,2747.76,6668.31)
[SelectTarget] team=2 EnemyN=1 TgtZ=1884.69
[DIST] team=2 EnemyN=1 MyZ=1919.04 TgtZ=1884.69 Dist=3685.88
[ROOT] team=2 status=2 Z=1919.04 VP=(2840.86,-424.961,2000)
[SYNCCIRCLE] R=1760.56 dist=3521.82 shrink=0 thr=0.595085
[SelectTarget] team=1 EnemyN=1 TgtZ=1917.12
[DIST] team=1 EnemyN=1 MyZ=1844.04 TgtZ=1917.12 Dist=3513.26
[ROOT] team=1 status=2 Z=1844.04 VP=(2166.74,-639.921,1500)
[SelectTarget] team=2 EnemyN=1 TgtZ=1843.86
[DIST] team=2 EnemyN=1 MyZ=1917.12 TgtZ=1843.86 Dist=3511.1
[ROOT] team=2 status=2 Z=1917.12 VP=(1874,-1064.02,2000)
[SelectTarget] team=1 EnemyN=1 TgtZ=1914.41
[DIST] team=1 EnemyN=1 MyZ=1831.86 TgtZ=1914.41 Dist=3343.52
[ROOT] team=1 status=2 Z=1831.86 VP=(1180.37,-880.553,1500)
[SelectTarget] team=2 EnemyN=1 TgtZ=1831.84
[DIST] team=2 EnemyN=1 MyZ=1914.41 TgtZ=1831.84 Dist=3342.61
[ROOT] team=2 status=2 Z=1914.41 VP=(702.4,-1075.06,2000)
[SelectTarget] team=1 EnemyN=1 TgtZ=1911.86
[DIST] team=1 EnemyN=1 MyZ=1822.88 TgtZ=1911.86 Dist=3177.56
[ROOT] team=1 status=2 Z=1822.88 VP=(227.994,-522.934,1500)
[SelectTarget] team=2 EnemyN=1 TgtZ=1823.01
[DIST] team=2 EnemyN=1 MyZ=1911.86 TgtZ=1823.01 Dist=3176.15
[ROOT] team=2 status=2 Z=1911.86 VP=(-278.883,-407.014,2000)
[SelectTarget] team=1 EnemyN=1 TgtZ=1910.01
[DIST] team=1 EnemyN=1 MyZ=1821.99 TgtZ=1910.01 Dist=3046.96
[ROOT] team=1 status=2 Z=1821.99 VP=(-331.856,329.28,1500)
[SelectTarget] team=2 EnemyN=1 TgtZ=1822.06
[DIST] team=2 EnemyN=1 MyZ=1910.01 TgtZ=1822.06 Dist=3046.5
[ROOT] team=2 status=2 Z=1910.01 VP=(-675.856,729.176,2000)
[SYNCCIRCLE] R=1489.5 dist=2980.48 shrink=0 thr=0.653937
[SelectTarget] team=1 EnemyN=1 TgtZ=1909.37
[DIST] team=1 EnemyN=1 MyZ=1817.19 TgtZ=1909.37 Dist=2982.66
[ROOT] team=1 status=2 Z=1817.19 VP=(-261.074,1345.03,1500)
[SelectTarget] team=2 EnemyN=1 TgtZ=1817.38
[DIST] team=2 EnemyN=1 MyZ=1909.37 TgtZ=1817.38 Dist=2981.73
[ROOT] team=2 status=2 Z=1909.37 VP=(-289.968,1881.2,2000)
[SelectTarget] team=1 EnemyN=1 TgtZ=1910.11
[DIST] team=1 EnemyN=1 MyZ=1819.56 TgtZ=1910.11 Dist=2999.26
[ROOT] team=1 status=2 Z=1819.56 VP=(411.945,2102.53,1500)
[SelectTarget] team=2 EnemyN=1 TgtZ=1819.7
[DIST] team=2 EnemyN=1 MyZ=1910.11 TgtZ=1819.7 Dist=2998.63
[ROOT] team=2 status=2 Z=1910.11 VP=(718.298,2553.48,2000)
[SelectTarget] team=1 EnemyN=1 TgtZ=1911.88
[DIST] team=1 EnemyN=1 MyZ=1816.53 TgtZ=1911.88 Dist=3074.64
[ROOT] team=1 status=2 Z=1816.53 VP=(1395.04,2300.99,1500)
[SelectTarget] team=2 EnemyN=1 TgtZ=1816.65
[DIST] team=2 EnemyN=1 MyZ=1911.88 TgtZ=1816.65 Dist=3074.03
[ROOT] team=2 status=2 Z=1911.88 VP=(1913.51,2484.49,2000)
[SelectTarget] team=1 EnemyN=1 TgtZ=1913.77
[DIST] team=1 EnemyN=1 MyZ=1813.54 TgtZ=1913.77 Dist=3181.39
[ROOT] team=1 status=2 Z=1813.54 VP=(2301.46,1888.85,1500)
[SelectTarget] team=2 EnemyN=1 TgtZ=1813.66
[DIST] team=2 EnemyN=1 MyZ=1913.77 TgtZ=1813.66 Dist=3181.71
[ROOT] team=2 status=2 Z=1913.77 VP=(2831.66,1740.62,2000)
[SYNCCIRCLE] R=1642.07 dist=3285.69 shrink=0 thr=0.683157
[SelectTarget] team=1 EnemyN=1 TgtZ=1914.92
[DIST] team=1 EnemyN=1 MyZ=1815.65 TgtZ=1914.92 Dist=3293.33
[ROOT] team=1 status=2 Z=1815.65 VP=(2812.4,1032.98,1500)
[SelectTarget] team=2 EnemyN=1 TgtZ=1815.78
[DIST] team=2 EnemyN=1 MyZ=1914.92 TgtZ=1815.78 Dist=3293.71
[ROOT] team=2 status=2 Z=1914.92 VP=(3166.2,614.827,2000)
[SelectTarget] team=1 EnemyN=1 TgtZ=1914.95
[DIST] team=1 EnemyN=1 MyZ=1809.63 TgtZ=1914.95 Dist=3372.48
[ROOT] team=1 status=2 Z=1809.63 VP=(2765.68,35.2344,1500)
[SelectTarget] team=2 EnemyN=1 TgtZ=1809.56
[DIST] team=2 EnemyN=1 MyZ=1914.95 TgtZ=1809.56 Dist=3371.95
[ROOT] team=2 status=2 Z=1914.95 VP=(2830.99,-503.479,2000)
[SelectTarget] team=1 EnemyN=1 TgtZ=1913.97
[DIST] team=1 EnemyN=1 MyZ=1812.65 TgtZ=1913.97 Dist=3428.04
[ROOT] team=1 status=2 Z=1812.65 VP=(2181.26,-780.28,1500)
[SelectTarget] team=2 EnemyN=1 TgtZ=1812.6
[DIST] team=2 EnemyN=1 MyZ=1913.97 TgtZ=1812.6 Dist=3427.89
[ROOT] team=2 status=2 Z=1913.97 VP=(1944.77,-1262.55,2000)
[SelectTarget] team=1 EnemyN=1 TgtZ=1912.57
[DIST] team=1 EnemyN=1 MyZ=1819.82 TgtZ=1912.57 Dist=3454.68
[ROOT] team=1 status=2 Z=1819.82 VP=(1249.06,-1150.56,1500)
[SelectTarget] team=2 EnemyN=1 TgtZ=1819.76
[DIST] team=2 EnemyN=1 MyZ=1912.57 TgtZ=1819.76 Dist=3454.28
[ROOT] team=2 status=2 Z=1912.57 VP=(794.502,-1426.26,2000)
[SYNCCIRCLE] R=1720.28 dist=3441.7 shrink=0 thr=0.632125
[SelectTarget] team=1 EnemyN=1 TgtZ=1911.43
[DIST] team=1 EnemyN=1 MyZ=1822.2 TgtZ=1911.43 Dist=3437.45
[ROOT] team=1 status=2 Z=1822.2 VP=(262.295,-959.672,1500)
[SelectTarget] team=2 EnemyN=1 TgtZ=1822.1
[DIST] team=2 EnemyN=1 MyZ=1911.43 TgtZ=1822.1 Dist=3436.38
[ROOT] team=2 status=2 Z=1911.43 VP=(-264.42,-945.628,2000)
[SelectTarget] team=1 EnemyN=1 TgtZ=1910.98
[DIST] team=1 EnemyN=1 MyZ=1822.53 TgtZ=1910.98 Dist=3383.04
[ROOT] team=1 status=2 Z=1822.53 VP=(3139.17,739.867,6609.86)
[SelectTarget] team=2 EnemyN=1 TgtZ=1822.38
[DIST] team=2 EnemyN=1 MyZ=1910.98 TgtZ=1822.38 Dist=3380.91
[ROOT] team=2 status=2 Z=1910.98 VP=(-895.064,40.4505,2000)
[SelectTarget] team=1 EnemyN=1 TgtZ=1911.39
[DIST] team=1 EnemyN=1 MyZ=1815.19 TgtZ=1911.39 Dist=3299.22
[ROOT] team=1 status=2 Z=1815.19 VP=(-681.427,734.013,1500)
[SelectTarget] team=2 EnemyN=1 TgtZ=1815.31
[DIST] team=2 EnemyN=1 MyZ=1911.39 TgtZ=1815.31 Dist=3297.66
[ROOT] team=2 status=2 Z=1911.39 VP=(-867.094,1224.71,2000)
[SelectTarget] team=1 EnemyN=1 TgtZ=1912.59
[DIST] team=1 EnemyN=1 MyZ=1801.95 TgtZ=1912.59 Dist=3201.9
[ROOT] team=1 status=2 Z=1801.95 VP=(-296.855,1677.8,1500)
[SelectTarget] team=2 EnemyN=1 TgtZ=1802.34
[DIST] team=2 EnemyN=1 MyZ=1912.59 TgtZ=1802.34 Dist=3201.14
[ROOT] team=2 status=2 Z=1912.59 VP=(-164.839,2188.57,2000)
[SYNCCIRCLE] R=1596.09 dist=3192.19 shrink=0 thr=0.63871
[SelectTarget] team=1 EnemyN=1 TgtZ=1914.27
[DIST] team=1 EnemyN=1 MyZ=1909.02 TgtZ=1914.27 Dist=3188.04
[ROOT] team=1 status=2 Z=1909.02 VP=(561.833,2223.96,1500)
[SelectTarget] team=2 EnemyN=1 TgtZ=1909.22
[DIST] team=2 EnemyN=1 MyZ=1914.27 TgtZ=1909.22 Dist=3186.74
[ROOT] team=2 status=2 Z=1914.27 VP=(963.627,2571.81,2000)
[SelectTarget] team=1 EnemyN=1 TgtZ=1916.14
[DIST] team=1 EnemyN=1 MyZ=1870.61 TgtZ=1916.14 Dist=3099.18
[ROOT] team=1 status=2 Z=1870.61 VP=(1572.12,2181.66,1500)
[SelectTarget] team=2 EnemyN=1 TgtZ=1870.52
[DIST] team=2 EnemyN=1 MyZ=1916.14 TgtZ=1870.52 Dist=3098.64
[ROOT] team=2 status=2 Z=1916.14 VP=(2104.42,2229.73,2000)
[SelectTarget] team=1 EnemyN=1 TgtZ=1916.83
[DIST] team=1 EnemyN=1 MyZ=1842.04 TgtZ=1916.83 Dist=3076.33
[ROOT] team=1 status=2 Z=1842.04 VP=(2359.04,1543.06,1500)
[SelectTarget] team=2 EnemyN=1 TgtZ=1842.1
[DIST] team=2 EnemyN=1 MyZ=1916.83 TgtZ=1842.1 Dist=3075.23
[ROOT] team=2 status=2 Z=1916.83 VP=(2820.06,1264.21,2000)
[SelectTarget] team=1 EnemyN=1 TgtZ=1916.16
[DIST] team=1 EnemyN=1 MyZ=1832.26 TgtZ=1916.16 Dist=3102.44
[ROOT] team=1 status=2 Z=1832.26 VP=(2609.29,559.644,1500)
[SelectTarget] team=2 EnemyN=1 TgtZ=1832.31
[DIST] team=2 EnemyN=1 MyZ=1916.16 TgtZ=1832.31 Dist=3101.39
[ROOT] team=2 status=2 Z=1916.16 VP=(2817.62,59.2893,2000)
[SYNCCIRCLE] R=1577.75 dist=3156.76 shrink=0 thr=0.668342
[SelectTarget] team=1 EnemyN=1 TgtZ=1914.44
[DIST] team=1 EnemyN=1 MyZ=1825.82 TgtZ=1914.44 Dist=3161.65
[ROOT] team=1 status=2 Z=1825.82 VP=(2234.06,-381.206,1500)
[SelectTarget] team=2 EnemyN=1 TgtZ=1825.85
[DIST] team=2 EnemyN=1 MyZ=1914.44 TgtZ=1825.85 Dist=3161.22
[ROOT] team=2 status=2 Z=1914.44 VP=(2111.88,-909.904,2000)
init ID:1 Lat37.92355643001773 Lon128.18188127777776 Alt(meter)7000.0785355893395 Speed(m/sec)300.0
init ID:1 Lat37.96855377446113 Lon128.18188127777776 Alt(meter)7002.8272734023885 Speed(m/sec)300.0
runner:local/env:0	num_steps=[11999] | total rewards=[-111.2288] | termination= [max time out]
[seed 0] reward=  -111.23 ownHP=1.0000 tgtHP=1.0000 max time out
total: 2
[PURE_ATA] team=2 ata=20.954 dist=5140.93 leadDist=0 aa=81.0236
[PURE_ATA] team=2 ata=20.6371 dist=5117.59 leadDist=0 aa=80.9304
[PURE_ATA] team=2 ata=20.1445 dist=5094.24 leadDist=0 aa=80.8256
[PURE_ATA] team=2 ata=19.6509 dist=5071.03 leadDist=0 aa=80.572
[PURE_ATA] team=2 ata=19.0771 dist=5048.26 leadDist=0 aa=80.0951
[PURE_ATA] team=2 ata=18.3247 dist=5025.11 leadDist=0 aa=79.3072
[PURE_ATA] team=2 ata=17.3242 dist=5001.63 leadDist=0 aa=78.0917
[PURE_ATA] team=2 ata=16.0478 dist=4979.47 leadDist=0 aa=76.5201
[PURE_ATA] team=2 ata=14.4604 dist=4955.32 leadDist=0 aa=75.3639
[SelectTarget] team=1 EnemyN=1 TgtZ=7005.98
[DIST] team=1 EnemyN=1 MyZ=7250.11 TgtZ=7005.98 Dist=4931
[ROOT] team=1 status=2 Z=7250.11 VP=(4819.14,101.701,7091.68)
[SelectTarget] team=2 EnemyN=1 TgtZ=7249.61
[DIST] team=2 EnemyN=1 MyZ=7005.98 TgtZ=7249.61 Dist=4931.25
[PURE_ATA] team=2 ata=12.6314 dist=4931.25 leadDist=0 aa=75.5448
[ROOT] team=2 status=2 Z=7005.98 VP=(1046.36,1582.25,7249.61)
[PURE_ATA] team=2 ata=10.6987 dist=4907.29 leadDist=0 aa=76.322
[PURE_ATA] team=2 ata=8.8318 dist=4883.02 leadDist=0 aa=76.9012
[PURE_ATA] team=2 ata=7.12194 dist=4858.44 leadDist=0 aa=80.1246
[PURE_ATA] team=2 ata=5.50291 dist=4832.35 leadDist=0 aa=103.57
[PURE_ATA] team=2 ata=4.07003 dist=4807.18 leadDist=0 aa=121.287
[PURE_ATA] team=2 ata=2.93322 dist=4780.12 leadDist=0 aa=114.083
[PURE_ATA] team=2 ata=2.11752 dist=4753.61 leadDist=0 aa=113.125
[PURE_ATA] team=2 ata=1.47743 dist=4726.43 leadDist=0 aa=113.316
[PURE_ATA] team=2 ata=1.16653 dist=4699.39 leadDist=0 aa=113.746
[PURE_ATA] team=2 ata=1.3427 dist=4671.68 leadDist=0 aa=114.18
[PURE_ATA] team=2 ata=1.63869 dist=4643.34 leadDist=0 aa=114.561
[PURE_ATA] team=2 ata=1.85619 dist=4615.1 leadDist=0 aa=115.074
[PURE_ATA] team=2 ata=1.87986 dist=4586.32 leadDist=0 aa=115.572
[PURE_ATA] team=2 ata=1.83435 dist=4556.82 leadDist=0 aa=116.277
[PURE_ATA] team=2 ata=1.75558 dist=4527.15 leadDist=0 aa=117.061
[PURE_ATA] team=2 ata=1.66012 dist=4497.57 leadDist=0 aa=118.002
[PURE_ATA] team=2 ata=1.54654 dist=4467.02 leadDist=0 aa=118.94
[PURE_ATA] team=2 ata=1.44627 dist=4436.23 leadDist=0 aa=119.907
[PURE_ATA] team=2 ata=1.37018 dist=4405.63 leadDist=0 aa=120.902
[PURE_ATA] team=2 ata=1.33475 dist=4373.98 leadDist=0 aa=121.921
[PURE_ATA] team=2 ata=1.35318 dist=4342.23 leadDist=0 aa=123.186
[PURE_ATA] team=2 ata=1.40651 dist=4310.54 leadDist=0 aa=125.301
[PURE_ATA] team=2 ata=1.47664 dist=4278.64 leadDist=0 aa=128.645
[PURE_ATA] team=2 ata=1.55472 dist=4245.85 leadDist=0 aa=133.459
[PURE_ATA] team=2 ata=1.60984 dist=4212.7 leadDist=0 aa=139.431
[PURE_ATA] team=2 ata=1.67573 dist=4179.93 leadDist=0 aa=145.211
[PURE_ATA] team=2 ata=1.70962 dist=4146.37 leadDist=0 aa=149.758
[PURE_ATA] team=2 ata=1.7314 dist=4112.4 leadDist=0 aa=152.412
[PURE_ATA] team=2 ata=1.69147 dist=4078.45 leadDist=0 aa=153.366
[SelectTarget] team=1 EnemyN=1 TgtZ=6998.13
[DIST] team=1 EnemyN=1 MyZ=7099.96 TgtZ=6998.13 Dist=4045.11
[ROOT] team=1 status=2 Z=7099.96 VP=(3827.71,21.333,6498.26)
[SelectTarget] team=2 EnemyN=1 TgtZ=7098.68
[DIST] team=2 EnemyN=1 MyZ=6998.13 TgtZ=7098.68 Dist=4044.31
[PURE_ATA] team=2 ata=1.60642 dist=4044.31 leadDist=0 aa=153.203
[ROOT] team=2 status=2 Z=6998.13 VP=(810.82,720.837,7098.68)
[PURE_ATA] team=2 ata=1.50777 dist=4009.8 leadDist=0 aa=152.468
[SelectTarget] team=1 EnemyN=1 TgtZ=6979.17
[DIST] team=1 EnemyN=1 MyZ=6804.34 TgtZ=6979.17 Dist=2935.8
[ROOT] team=1 status=2 Z=6804.34 VP=(2975.77,596.442,6424.06)
[SelectTarget] team=2 EnemyN=1 TgtZ=6802.39
[DIST] team=2 EnemyN=1 MyZ=6979.17 TgtZ=6802.39 Dist=2934.38
[ROOT] team=2 status=2 Z=6979.17 VP=(3677.51,1762.1,6802.39)
[SelectTarget] team=1 EnemyN=1 TgtZ=6900.69
[DIST] team=1 EnemyN=1 MyZ=6405.41 TgtZ=6900.69 Dist=2127.37
[ROOT] team=1 status=2 Z=6405.41 VP=(3211.34,547.73,6910.43)
[SelectTarget] team=2 EnemyN=1 TgtZ=6403.12
[DIST] team=2 EnemyN=1 MyZ=6900.69 TgtZ=6403.12 Dist=2126.99
[ROOT] team=2 status=2 Z=6900.69 VP=(2015.86,1728.88,6550.69)
[SelectTarget] team=1 EnemyN=1 TgtZ=6642.33
[DIST] team=1 EnemyN=1 MyZ=6026.72 TgtZ=6642.33 Dist=2327.88
[ROOT] team=1 status=2 Z=6026.72 VP=(1568.61,1336.47,5904.7)
[SelectTarget] team=2 EnemyN=1 TgtZ=6024.77
[DIST] team=2 EnemyN=1 MyZ=6642.33 TgtZ=6024.77 Dist=2329.76
[ROOT] team=2 status=2 Z=6642.33 VP=(821.53,1146.05,6292.33)
[SYNCCIRCLE] R=1210.03 dist=2501.5 shrink=0 thr=0.632536
[SelectTarget] team=1 EnemyN=1 TgtZ=6318.72
[DIST] team=1 EnemyN=1 MyZ=5609.95 TgtZ=6318.72 Dist=2963.94
[ROOT] team=1 status=2 Z=5609.95 VP=(788.556,1271.56,5441.48)
[SelectTarget] team=2 EnemyN=1 TgtZ=5607.13
[DIST] team=2 EnemyN=1 MyZ=6318.72 TgtZ=5607.13 Dist=2964.99
[ROOT] team=2 status=2 Z=6318.72 VP=(274.543,483.018,5968.72)
[SelectTarget] team=1 EnemyN=1 TgtZ=5943.54
[DIST] team=1 EnemyN=1 MyZ=5015.19 TgtZ=5943.54 Dist=3565.66
[ROOT] team=1 status=2 Z=5015.19 VP=(179.724,669.794,5048.63)
[SelectTarget] team=2 EnemyN=1 TgtZ=5011.47
[DIST] team=2 EnemyN=1 MyZ=5943.54 TgtZ=5011.47 Dist=3566.4
[ROOT] team=2 status=2 Z=5943.54 VP=(-2.67504,-198.545,5593.54)
[SelectTarget] team=1 EnemyN=1 TgtZ=5553.66
[DIST] team=1 EnemyN=1 MyZ=4312.97 TgtZ=5553.66 Dist=3875.97
[ROOT] team=1 status=2 Z=4312.97 VP=(-23.796,-179.876,4682.92)
[SelectTarget] team=2 EnemyN=1 TgtZ=4309.04
[DIST] team=2 EnemyN=1 MyZ=5553.66 TgtZ=4309.04 Dist=3875.49
[ROOT] team=2 status=2 Z=5553.66 VP=(27.2731,-979.542,5203.66)
[SelectTarget] team=1 EnemyN=1 TgtZ=5195.49
[DIST] team=1 EnemyN=1 MyZ=3664.86 TgtZ=5195.49 Dist=3783.97
[ROOT] team=1 status=2 Z=3664.86 VP=(248.864,-1022.49,4371.52)
[SelectTarget] team=2 EnemyN=1 TgtZ=3661.75
[DIST] team=2 EnemyN=1 MyZ=5195.49 TgtZ=3661.75 Dist=3781.73
[ROOT] team=2 status=2 Z=5195.49 VP=(487.698,-1726.93,4845.49)
[SYNCCIRCLE] R=1655.33 dist=3674.02 shrink=0 thr=0.632948
[SelectTarget] team=1 EnemyN=1 TgtZ=4890.35
[DIST] team=1 EnemyN=1 MyZ=3239.72 TgtZ=4890.35 Dist=3305.09
[ROOT] team=1 status=2 Z=3239.72 VP=(890.895,-1617.88,4086.92)
[SelectTarget] team=2 EnemyN=1 TgtZ=3238.17
[DIST] team=2 EnemyN=1 MyZ=4890.35 TgtZ=3238.17 Dist=3301.83
[ROOT] team=2 status=2 Z=4890.35 VP=(1390.79,-2147.16,4540.35)
[SelectTarget] team=1 EnemyN=1 TgtZ=4608.57
[DIST] team=1 EnemyN=1 MyZ=3093.86 TgtZ=4608.57 Dist=2595.29
[ROOT] team=1 status=2 Z=3093.86 VP=(1760.51,-1781.18,3804.74)
[SelectTarget] team=2 EnemyN=1 TgtZ=3093.7
[DIST] team=2 EnemyN=1 MyZ=4608.57 TgtZ=3093.7 Dist=2590.64
[ROOT] team=2 status=2 Z=4608.57 VP=(2471.88,-1916.49,4258.57)
[SelectTarget] team=1 EnemyN=1 TgtZ=4323.58
[DIST] team=1 EnemyN=1 MyZ=3227.49 TgtZ=4323.58 Dist=1864.45
[ROOT] team=1 status=2 Z=3227.49 VP=(1729.4,-1724.7,4359.83)
[SelectTarget] team=2 EnemyN=1 TgtZ=3229.33
[DIST] team=2 EnemyN=1 MyZ=4323.58 TgtZ=3229.33 Dist=1860.33
[ROOT] team=2 status=2 Z=4323.58 VP=(3061.16,-799.415,3973.58)
[SelectTarget] team=1 EnemyN=1 TgtZ=4001.59
[DIST] team=1 EnemyN=1 MyZ=3640.66 TgtZ=4001.59 Dist=1552.33
[ROOT] team=1 status=2 Z=3640.66 VP=(2480.21,-1312.87,4043.72)
[SelectTarget] team=2 EnemyN=1 TgtZ=3643.05
[DIST] team=2 EnemyN=1 MyZ=4001.59 TgtZ=3643.05 Dist=1550.07
[ROOT] team=2 status=2 Z=4001.59 VP=(2442.44,273.346,3651.59)
[SYNCCIRCLE] R=794.869 dist=1594.76 shrink=0 thr=0.665049
[SelectTarget] team=1 EnemyN=1 TgtZ=3656.58
[DIST] team=1 EnemyN=1 MyZ=3984.8 TgtZ=3656.58 Dist=1873.68
[ROOT] team=1 status=2 Z=3984.8 VP=(2786.12,-536.482,3702.16)
[SelectTarget] team=2 EnemyN=1 TgtZ=3986.03
[DIST] team=2 EnemyN=1 MyZ=3656.58 TgtZ=3986.03 Dist=1872.18
[ROOT] team=2 status=2 Z=3656.58 VP=(1606.32,501.976,3986.03)
[SelectTarget] team=1 EnemyN=1 TgtZ=3444.58
[DIST] team=1 EnemyN=1 MyZ=4053.41 TgtZ=3444.58 Dist=2365.3
[ROOT] team=1 status=2 Z=4053.41 VP=(2532.57,300.261,3460.59)
[SelectTarget] team=2 EnemyN=1 TgtZ=4052.94
[DIST] team=2 EnemyN=1 MyZ=3444.58 TgtZ=4052.94 Dist=2363.98
[ROOT] team=2 status=2 Z=3444.58 VP=(967.244,370.488,3794.58)
[SelectTarget] team=1 EnemyN=1 TgtZ=3359.12
[DIST] team=1 EnemyN=1 MyZ=3841.16 TgtZ=3359.12 Dist=2662.75
[ROOT] team=1 status=2 Z=3841.16 VP=(809.249,679.977,3191.16)
[SelectTarget] team=2 EnemyN=1 TgtZ=3839.36
[DIST] team=2 EnemyN=1 MyZ=3359.12 TgtZ=3839.36 Dist=2660.26
[ROOT] team=2 status=2 Z=3359.12 VP=(453.714,-8.11987,3709.12)
[SelectTarget] team=1 EnemyN=1 TgtZ=3362.51
[DIST] team=1 EnemyN=1 MyZ=3437.8 TgtZ=3362.51 Dist=2653
[ROOT] team=1 status=2 Z=3437.8 VP=(246.027,6.079,2826.76)
[SelectTarget] team=2 EnemyN=1 TgtZ=3435.22
[DIST] team=2 EnemyN=1 MyZ=3362.51 TgtZ=3435.22 Dist=2649.93
[ROOT] team=2 status=2 Z=3362.51 VP=(190.373,-703.339,3435.22)
[SYNCCIRCLE] R=1291.29 dist=2583.53 shrink=0 thr=0.897576
[SelectTarget] team=1 EnemyN=1 TgtZ=3297.36
[DIST] team=1 EnemyN=1 MyZ=2976.28 TgtZ=3297.36 Dist=2309.43
[ROOT] team=1 status=2 Z=2976.28 VP=(478.045,49.7501,3308.86)
[SelectTarget] team=2 EnemyN=1 TgtZ=2974.18
[DIST] team=2 EnemyN=1 MyZ=3297.36 TgtZ=2974.18 Dist=2305.55
[ROOT] team=2 status=2 Z=3297.36 VP=(453.641,-1561.35,2974.18)
[SelectTarget] team=1 EnemyN=1 TgtZ=3072.19
[DIST] team=1 EnemyN=1 MyZ=2790.41 TgtZ=3072.19 Dist=1694.65
[ROOT] team=1 status=2 Z=2790.41 VP=(506.799,-748.116,3102.1)
[SelectTarget] team=2 EnemyN=1 TgtZ=2790.26
[DIST] team=2 EnemyN=1 MyZ=3072.19 TgtZ=2790.26 Dist=1690.71
[ROOT] team=2 status=2 Z=3072.19 VP=(1457.38,-2054.03,2790.26)
[SelectTarget] team=1 EnemyN=1 TgtZ=2878.08
[DIST] team=1 EnemyN=1 MyZ=2813.34 TgtZ=2878.08 Dist=1208.27
[ROOT] team=1 status=2 Z=2813.34 VP=(1048.78,-1361.59,2894.68)
[SelectTarget] team=2 EnemyN=1 TgtZ=2813.46
[DIST] team=2 EnemyN=1 MyZ=2878.08 TgtZ=2813.46 Dist=1204.5
[ROOT] team=2 status=2 Z=2878.08 VP=(2648.06,-1306.91,2813.46)
[SelectTarget] team=1 EnemyN=1 TgtZ=2732.66
[DIST] team=1 EnemyN=1 MyZ=2776.65 TgtZ=2732.66 Dist=1262.31
[ROOT] team=1 status=2 Z=2776.65 VP=(1859.33,-1400.21,2745.2)
[SelectTarget] team=2 EnemyN=1 TgtZ=2776.09
[DIST] team=2 EnemyN=1 MyZ=2732.66 TgtZ=2776.09 Dist=1260.78
[ROOT] team=2 status=2 Z=2732.66 VP=(2382.45,80.6886,2776.09)
[SYNCCIRCLE] R=689.76 dist=1380.44 shrink=0 thr=0.804325
[SelectTarget] team=1 EnemyN=1 TgtZ=2584.17
[DIST] team=1 EnemyN=1 MyZ=2615.45 TgtZ=2584.17 Dist=1717.36
[ROOT] team=1 status=2 Z=2615.45 VP=(2430.76,-836.818,2598.69)
[SelectTarget] team=2 EnemyN=1 TgtZ=2614.24
[DIST] team=2 EnemyN=1 MyZ=2584.17 TgtZ=2614.24 Dist=1716.27
[ROOT] team=2 status=2 Z=2584.17 VP=(1566.29,464.941,2614.24)
[SelectTarget] team=1 EnemyN=1 TgtZ=2416.93
[DIST] team=1 EnemyN=1 MyZ=2362.64 TgtZ=2416.93 Dist=2109.22
[ROOT] team=1 status=2 Z=2362.64 VP=(2388.72,-45.7997,2434.19)
[SelectTarget] team=2 EnemyN=1 TgtZ=2361.11
[DIST] team=2 EnemyN=1 MyZ=2416.93 TgtZ=2361.11 Dist=2106.94
[ROOT] team=2 status=2 Z=2416.93 VP=(869.955,380.55,2361.11)
[SelectTarget] team=1 EnemyN=1 TgtZ=2230.84
[DIST] team=1 EnemyN=1 MyZ=2095.22 TgtZ=2230.84 Dist=2203.07
[ROOT] team=1 status=2 Z=2095.22 VP=(3315.8,-274.041,6866.85)
[SelectTarget] team=2 EnemyN=1 TgtZ=2093.95
[DIST] team=2 EnemyN=1 MyZ=2230.84 TgtZ=2093.95 Dist=2200.53
[ROOT] team=2 status=2 Z=2230.84 VP=(283.383,-168.451,2093.95)
[SelectTarget] team=1 EnemyN=1 TgtZ=2053.38
[DIST] team=1 EnemyN=1 MyZ=1946.76 TgtZ=2053.38 Dist=2065.12
[ROOT] team=1 status=2 Z=1946.76 VP=(2398.53,688.617,6725.26)
[SelectTarget] team=2 EnemyN=1 TgtZ=1946.01
[DIST] team=2 EnemyN=1 MyZ=2053.38 TgtZ=1946.01 Dist=2062.48
[ROOT] team=2 status=2 Z=2053.38 VP=(277.923,-1201.06,2000)
[SYNCCIRCLE] R=995.309 dist=1993.26 shrink=0 thr=0.914621
[SelectTarget] team=1 EnemyN=1 TgtZ=1961.42
[DIST] team=1 EnemyN=1 MyZ=1877.8 TgtZ=1961.42 Dist=1865.5
[ROOT] team=1 status=2 Z=1877.8 VP=(679.237,-490.663,1963.07)
[SelectTarget] team=2 EnemyN=1 TgtZ=1877.41
[DIST] team=2 EnemyN=1 MyZ=1961.42 TgtZ=1877.41 Dist=1863.42
[ROOT] team=2 status=2 Z=1961.42 VP=(1220.13,-2007.64,2000)
[SelectTarget] team=1 EnemyN=1 TgtZ=1926.68
[DIST] team=1 EnemyN=1 MyZ=1845.91 TgtZ=1926.68 Dist=1784.11
[ROOT] team=1 status=2 Z=1845.91 VP=(1015.27,-1204.22,1923.64)
[SelectTarget] team=2 EnemyN=1 TgtZ=1845.76
[DIST] team=2 EnemyN=1 MyZ=1926.68 TgtZ=1845.76 Dist=1782.76
[ROOT] team=2 status=2 Z=1926.68 VP=(2542.51,-1714.35,2000)
[SelectTarget] team=1 EnemyN=1 TgtZ=1911.98
[DIST] team=1 EnemyN=1 MyZ=1827.91 TgtZ=1911.98 Dist=1861.95
[ROOT] team=1 status=2 Z=1827.91 VP=(1768.94,-1380.29,1907.09)
[SelectTarget] team=2 EnemyN=1 TgtZ=1827.9
[DIST] team=2 EnemyN=1 MyZ=1911.98 TgtZ=1827.9 Dist=1861.97
[ROOT] team=2 status=2 Z=1911.98 VP=(3106.36,-483.286,2000)
[SelectTarget] team=1 EnemyN=1 TgtZ=1905.06
[DIST] team=1 EnemyN=1 MyZ=1816.72 TgtZ=1905.06 Dist=2027.64
[ROOT] team=1 status=2 Z=1816.72 VP=(2363.88,-895.486,1899.31)
[SelectTarget] team=2 EnemyN=1 TgtZ=1816.79
[DIST] team=2 EnemyN=1 MyZ=1905.06 TgtZ=1816.79 Dist=2028.06
[ROOT] team=2 status=2 Z=1905.06 VP=(2567.89,702.385,2000)
[SYNCCIRCLE] R=1040.15 dist=2082.2 shrink=0 thr=0.924498
[SelectTarget] team=1 EnemyN=1 TgtZ=1900.88
[DIST] team=1 EnemyN=1 MyZ=1810.11 TgtZ=1900.88 Dist=2211.69
[ROOT] team=1 status=2 Z=1810.11 VP=(2388.31,-124.937,1894.59)
[SelectTarget] team=2 EnemyN=1 TgtZ=1810.22
[DIST] team=2 EnemyN=1 MyZ=1900.88 TgtZ=1810.22 Dist=2211.07
[ROOT] team=2 status=2 Z=1900.88 VP=(1407.6,1153.47,2000)
[SelectTarget] team=1 EnemyN=1 TgtZ=1898.41
[DIST] team=1 EnemyN=1 MyZ=1805.89 TgtZ=1898.41 Dist=2353.23
[ROOT] team=1 status=2 Z=1805.89 VP=(1854.5,442.768,1891.78)
[SelectTarget] team=2 EnemyN=1 TgtZ=1806.02
[DIST] team=2 EnemyN=1 MyZ=1898.41 TgtZ=1806.02 Dist=2353.78
[ROOT] team=2 status=2 Z=1898.41 VP=(272.157,747.558,2000)
[SelectTarget] team=1 EnemyN=1 TgtZ=1897.71
[DIST] team=1 EnemyN=1 MyZ=1807.6 TgtZ=1897.71 Dist=2421.8
[ROOT] team=1 status=2 Z=1807.6 VP=(1067.65,506.249,1890.75)
[SelectTarget] team=2 EnemyN=1 TgtZ=1807.96
[DIST] team=2 EnemyN=1 MyZ=1897.71 TgtZ=1807.96 Dist=2421.61
[ROOT] team=2 status=2 Z=1897.71 VP=(-341.645,-275.196,2000)
[SelectTarget] team=1 EnemyN=1 TgtZ=1898.78
[DIST] team=1 EnemyN=1 MyZ=1845.2 TgtZ=1898.78 Dist=2428.42
[ROOT] team=1 status=2 Z=1845.2 VP=(417.847,38.6918,1891.9)
[SelectTarget] team=2 EnemyN=1 TgtZ=1845.03
[DIST] team=2 EnemyN=1 MyZ=1898.78 TgtZ=1845.03 Dist=2427.36
[ROOT] team=2 status=2 Z=1898.78 VP=(-179.02,-1460.65,2000)
[SYNCCIRCLE] R=1198.8 dist=2398.57 shrink=0 thr=0.792801
[SelectTarget] team=1 EnemyN=1 TgtZ=1901.15
[DIST] team=1 EnemyN=1 MyZ=1825.6 TgtZ=1901.15 Dist=2337.56
[ROOT] team=1 status=2 Z=1825.6 VP=(206.23,-748.094,1894.59)
[SelectTarget] team=2 EnemyN=1 TgtZ=1825.47
[DIST] team=2 EnemyN=1 MyZ=1901.15 TgtZ=1825.47 Dist=2336.13
[ROOT] team=2 status=2 Z=1901.15 VP=(710.384,-2278.87,2000)
[SelectTarget] team=1 EnemyN=1 TgtZ=1903.8
[DIST] team=1 EnemyN=1 MyZ=1818.28 TgtZ=1903.8 Dist=2225.3
[ROOT] team=1 status=2 Z=1818.28 VP=(548.709,-1488.42,1897.53)
[SelectTarget] team=2 EnemyN=1 TgtZ=1818.29
[DIST] team=2 EnemyN=1 MyZ=1903.8 TgtZ=1818.29 Dist=2224.24
[ROOT] team=2 status=2 Z=1903.8 VP=(1942.68,-2296.24,2000)
[SelectTarget] team=1 EnemyN=1 TgtZ=1905.7
[DIST] team=1 EnemyN=1 MyZ=1812.44 TgtZ=1905.7 Dist=2107.41
[ROOT] team=1 status=2 Z=1812.44 VP=(1292.57,-1812.71,1899.69)
[SelectTarget] team=2 EnemyN=1 TgtZ=1812.51
[DIST] team=2 EnemyN=1 MyZ=1905.7 TgtZ=1812.51 Dist=2105.8
[ROOT] team=2 status=2 Z=1905.7 VP=(2858.49,-1434.64,2000)
[SelectTarget] team=1 EnemyN=1 TgtZ=1905.76
[DIST] team=1 EnemyN=1 MyZ=1809.27 TgtZ=1905.76 Dist=2003.47
[ROOT] team=1 status=2 Z=1809.27 VP=(2049.46,-1534.07,1899.92)
[SelectTarget] team=2 EnemyN=1 TgtZ=1809.4
[DIST] team=2 EnemyN=1 MyZ=1905.76 TgtZ=1809.4 Dist=2001.98
[ROOT] team=2 status=2 Z=1905.76 VP=(2863.59,-144.311,2000)
[SYNCCIRCLE] R=988.567 dist=1979.37 shrink=0 thr=0.827783
[SelectTarget] team=1 EnemyN=1 TgtZ=1903.52
[DIST] team=1 EnemyN=1 MyZ=1807.69 TgtZ=1903.52 Dist=1947.95
[ROOT] team=1 status=2 Z=1807.69 VP=(2374.04,-801.976,1897.63)
[SelectTarget] team=2 EnemyN=1 TgtZ=1807.87
[DIST] team=2 EnemyN=1 MyZ=1903.52 TgtZ=1807.87 Dist=1946.87
[ROOT] team=2 status=2 Z=1903.52 VP=(1883.67,732.063,2000)
[SelectTarget] team=1 EnemyN=1 TgtZ=1899.94
[DIST] team=1 EnemyN=1 MyZ=1806.41 TgtZ=1899.94 Dist=1950.6
[ROOT] team=1 status=2 Z=1806.41 VP=(2056.42,-78.2292,1893.65)
[SelectTarget] team=2 EnemyN=1 TgtZ=1806.56
[DIST] team=2 EnemyN=1 MyZ=1899.94 TgtZ=1806.56 Dist=1950.07
[ROOT] team=2 status=2 Z=1899.94 VP=(582.044,569.948,2000)
[SelectTarget] team=1 EnemyN=1 TgtZ=1896.86
[DIST] team=1 EnemyN=1 MyZ=1805.14 TgtZ=1896.86 Dist=1991.11
[ROOT] team=1 status=2 Z=1805.14 VP=(1312.02,161.261,1890.24)
[SelectTarget] team=2 EnemyN=1 TgtZ=1805.08
[DIST] team=2 EnemyN=1 MyZ=1896.86 TgtZ=1805.08 Dist=1990.51
[ROOT] team=2 status=2 Z=1896.86 VP=(-158.945,-495.022,2000)
[SelectTarget] team=1 EnemyN=1 TgtZ=1895.75
[DIST] team=1 EnemyN=1 MyZ=1806.16 TgtZ=1895.75 Dist=2056.1
[ROOT] team=1 status=2 Z=1806.16 VP=(638.649,-233.432,1888.93)
[SelectTarget] team=2 EnemyN=1 TgtZ=1806.01
[DIST] team=2 EnemyN=1 MyZ=1895.75 TgtZ=1806.01 Dist=2055.68
[ROOT] team=2 status=2 Z=1895.75 VP=(108.447,-1754.53,2000)
[SYNCCIRCLE] R=1040.34 dist=2082.57 shrink=0 thr=0.890339
[SelectTarget] team=1 EnemyN=1 TgtZ=1896.99
[DIST] team=1 EnemyN=1 MyZ=1810.28 TgtZ=1896.99 Dist=2135.82
[ROOT] team=1 status=2 Z=1810.28 VP=(1376.94,914.295,6598.06)
[SelectTarget] team=2 EnemyN=1 TgtZ=1810.07
[DIST] team=2 EnemyN=1 MyZ=1896.99 TgtZ=1810.07 Dist=2135.07
[ROOT] team=2 status=2 Z=1896.99 VP=(1172.49,-2443.81,2000)
[SelectTarget] team=1 EnemyN=1 TgtZ=1899.82
[DIST] team=1 EnemyN=1 MyZ=1810.97 TgtZ=1899.82 Dist=2197.09
[ROOT] team=1 status=2 Z=1810.97 VP=(883.098,-1661.76,1893.24)
[SelectTarget] team=2 EnemyN=1 TgtZ=1810.85
[DIST] team=2 EnemyN=1 MyZ=1899.82 TgtZ=1810.85 Dist=2195.61
[ROOT] team=2 status=2 Z=1899.82 VP=(2396.91,-2213.31,2000)
[SelectTarget] team=1 EnemyN=1 TgtZ=1902.71
[DIST] team=1 EnemyN=1 MyZ=1842.66 TgtZ=1902.71 Dist=2250.83
[ROOT] team=1 status=2 Z=1842.66 VP=(1650.9,-1847.71,1896.35)
[SelectTarget] team=2 EnemyN=1 TgtZ=1843.18
[DIST] team=2 EnemyN=1 MyZ=1902.71 TgtZ=1843.18 Dist=2250.12
[ROOT] team=2 status=2 Z=1902.71 VP=(3134.07,-1218.29,2000)
[SelectTarget] team=1 EnemyN=1 TgtZ=1904.49
[DIST] team=1 EnemyN=1 MyZ=1862.88 TgtZ=1904.49 Dist=2260.99
[ROOT] team=1 status=2 Z=1862.88 VP=(2342.87,-1452.22,1898.3)
[SelectTarget] team=2 EnemyN=1 TgtZ=1862.6
[DIST] team=2 EnemyN=1 MyZ=1904.49 TgtZ=1862.6 Dist=2259.24
[ROOT] team=2 status=2 Z=1904.49 VP=(3022.38,8.74442,2000)
[SYNCCIRCLE] R=1120.02 dist=2240.83 shrink=0 thr=0.819141
[SelectTarget] team=1 EnemyN=1 TgtZ=1904.39
[DIST] team=1 EnemyN=1 MyZ=1834.38 TgtZ=1904.39 Dist=2212.89
[ROOT] team=1 status=2 Z=1834.38 VP=(2593.09,-686.624,1898.3)
[SelectTarget] team=2 EnemyN=1 TgtZ=1834.17
[DIST] team=2 EnemyN=1 MyZ=1904.39 TgtZ=1834.17 Dist=2211.81
[ROOT] team=2 status=2 Z=1904.39 VP=(2104.15,848.543,2000)
[SelectTarget] team=1 EnemyN=1 TgtZ=1902.65
[DIST] team=1 EnemyN=1 MyZ=1824.04 TgtZ=1902.65 Dist=2177.28
[ROOT] team=1 status=2 Z=1824.04 VP=(2260.66,48.3792,1896.53)
[SelectTarget] team=2 EnemyN=1 TgtZ=1823.96
[DIST] team=2 EnemyN=1 MyZ=1902.65 TgtZ=1823.96 Dist=2175.15
[ROOT] team=2 status=2 Z=1902.65 VP=(847.141,821.285,2000)
[SelectTarget] team=1 EnemyN=1 TgtZ=1900.61
[DIST] team=1 EnemyN=1 MyZ=1821.37 TgtZ=1900.61 Dist=2144.84
[ROOT] team=1 status=2 Z=1821.37 VP=(1514.73,349.729,1894.34)
[SelectTarget] team=2 EnemyN=1 TgtZ=1821.35
[DIST] team=2 EnemyN=1 MyZ=1900.61 TgtZ=1821.35 Dist=2144.8
[ROOT] team=2 status=2 Z=1900.61 VP=(-36.9755,-83.153,2000)
[SelectTarget] team=1 EnemyN=1 TgtZ=1899.54
[DIST] team=1 EnemyN=1 MyZ=1815.99 TgtZ=1899.54 Dist=2106.53
[ROOT] team=1 status=2 Z=1815.99 VP=(771.844,43.2598,1893.17)
[SelectTarget] team=2 EnemyN=1 TgtZ=1816.04
[DIST] team=2 EnemyN=1 MyZ=1899.54 TgtZ=1816.04 Dist=2105.14
[ROOT] team=2 status=2 Z=1899.54 VP=(-18.2396,-1360.52,2000)
[SYNCCIRCLE] R=1045.28 dist=2092.38 shrink=0 thr=0.827372
[SelectTarget] team=1 EnemyN=1 TgtZ=1900.01
[DIST] team=1 EnemyN=1 MyZ=1813.06 TgtZ=1900.01 Dist=2083.8
[ROOT] team=1 status=2 Z=1813.06 VP=(462.993,-700.296,1893.64)
[SelectTarget] team=2 EnemyN=1 TgtZ=1813.17
[DIST] team=2 EnemyN=1 MyZ=1900.01 TgtZ=1813.17 Dist=2082.62
[ROOT] team=2 status=2 Z=1900.01 VP=(920.184,-2244.83,2000)
[SelectTarget] team=1 EnemyN=1 TgtZ=1901.79
[DIST] team=1 EnemyN=1 MyZ=1808.93 TgtZ=1901.79 Dist=2078.71
[ROOT] team=1 status=2 Z=1808.93 VP=(775.503,-1437.67,1895.52)
[SelectTarget] team=2 EnemyN=1 TgtZ=1809.08
[DIST] team=2 EnemyN=1 MyZ=1901.79 TgtZ=1809.08 Dist=2077.86
[ROOT] team=2 status=2 Z=1901.79 VP=(2203.79,-2182.46,2000)
[SelectTarget] team=1 EnemyN=1 TgtZ=1903.76
[DIST] team=1 EnemyN=1 MyZ=1803.05 TgtZ=1903.76 Dist=2076.92
[ROOT] team=1 status=2 Z=1803.05 VP=(1518.25,-1722.93,1897.51)
[SelectTarget] team=2 EnemyN=1 TgtZ=1803.19
[DIST] team=2 EnemyN=1 MyZ=1903.76 TgtZ=1803.19 Dist=2077.08
[ROOT] team=2 status=2 Z=1903.76 VP=(3047.8,-1217.67,2000)
[SelectTarget] team=1 EnemyN=1 TgtZ=1904.52
[DIST] team=1 EnemyN=1 MyZ=1800.76 TgtZ=1904.52 Dist=2078.17
[ROOT] team=1 status=2 Z=1800.76 VP=(2237.97,-1385.72,1898.38)
[SelectTarget] team=2 EnemyN=1 TgtZ=1800.82
[DIST] team=2 EnemyN=1 MyZ=1904.52 TgtZ=1800.82 Dist=2077.1
[ROOT] team=2 status=2 Z=1904.52 VP=(2939.76,64.2204,2000)
[SYNCCIRCLE] R=1042.9 dist=2087.98 shrink=0 thr=0.855357
[SelectTarget] team=1 EnemyN=1 TgtZ=1903.53
[DIST] team=1 EnemyN=1 MyZ=1804.51 TgtZ=1903.53 Dist=2092.24
[ROOT] team=1 status=2 Z=1804.51 VP=(2497.42,-631.63,1897.37)
[SelectTarget] team=2 EnemyN=1 TgtZ=1804.36
[DIST] team=2 EnemyN=1 MyZ=1903.53 TgtZ=1804.36 Dist=2091.35
[ROOT] team=2 status=2 Z=1903.53 VP=(1946.81,882.265,2000)
[SelectTarget] team=1 EnemyN=1 TgtZ=1901.44
[DIST] team=1 EnemyN=1 MyZ=1812.12 TgtZ=1901.44 Dist=2116.67
[ROOT] team=1 status=2 Z=1812.12 VP=(2659.42,-1869.16,6599.67)
[SelectTarget] team=2 EnemyN=1 TgtZ=1811.94
[DIST] team=2 EnemyN=1 MyZ=1901.44 TgtZ=1811.94 Dist=2116.08
[ROOT] team=2 status=2 Z=1901.44 VP=(675.932,751.915,2000)
[SelectTarget] team=1 EnemyN=1 TgtZ=1899.59
[DIST] team=1 EnemyN=1 MyZ=1815.2 TgtZ=1899.59 Dist=2128.24
[ROOT] team=1 status=2 Z=1815.2 VP=(1383,326.084,1893.24)
[SelectTarget] team=2 EnemyN=1 TgtZ=1815.12
[DIST] team=2 EnemyN=1 MyZ=1899.59 TgtZ=1815.12 Dist=2128.57
[ROOT] team=2 status=2 Z=1899.59 VP=(-127.002,-235.219,2000)
[SelectTarget] team=1 EnemyN=1 TgtZ=1899.05
[DIST] team=1 EnemyN=1 MyZ=1814.98 TgtZ=1899.05 Dist=2127.45
[ROOT] team=1 status=2 Z=1814.98 VP=(674.298,-41.9587,1892.6)
[SelectTarget] team=2 EnemyN=1 TgtZ=1814.99
[DIST] team=2 EnemyN=1 MyZ=1899.05 TgtZ=1814.99 Dist=2126.51
[ROOT] team=2 status=2 Z=1899.05 VP=(6.29922,-1507.83,2000)
[SYNCCIRCLE] R=1059.61 dist=2121.13 shrink=0 thr=0.832722
[SelectTarget] team=1 EnemyN=1 TgtZ=1900.23
[DIST] team=1 EnemyN=1 MyZ=1814.66 TgtZ=1900.23 Dist=2130.76
[ROOT] team=1 status=2 Z=1814.66 VP=(431.545,-806.175,1893.81)
[SelectTarget] team=2 EnemyN=1 TgtZ=1814.74
[DIST] team=2 EnemyN=1 MyZ=1900.23 TgtZ=1814.74 Dist=2129.92
[ROOT] team=2 status=2 Z=1900.23 VP=(1000.94,-2313.09,2000)
[SelectTarget] team=1 EnemyN=1 TgtZ=1902.64
[DIST] team=1 EnemyN=1 MyZ=1809.83 TgtZ=1902.64 Dist=2130.2
[ROOT] team=1 status=2 Z=1809.83 VP=(800.949,-1517.77,1896.38)
[SelectTarget] team=2 EnemyN=1 TgtZ=1809.97
[DIST] team=2 EnemyN=1 MyZ=1902.64 TgtZ=1809.97 Dist=2129.63
[ROOT] team=2 status=2 Z=1902.64 VP=(2269.52,-2179.85,2000)
[SelectTarget] team=1 EnemyN=1 TgtZ=1905
[DIST] team=1 EnemyN=1 MyZ=1804.16 TgtZ=1905 Dist=2117.8
[ROOT] team=1 status=2 Z=1804.16 VP=(1563.93,-1757.66,1898.82)
[SelectTarget] team=2 EnemyN=1 TgtZ=1804.31
[DIST] team=2 EnemyN=1 MyZ=1905 TgtZ=1804.31 Dist=2116.9
[ROOT] team=2 status=2 Z=1905 VP=(3070.67,-1187.76,2000)
[SelectTarget] team=1 EnemyN=1 TgtZ=1905.9
[DIST] team=1 EnemyN=1 MyZ=1801.92 TgtZ=1905.9 Dist=2097.42
[ROOT] team=1 status=2 Z=1801.92 VP=(2272.59,-1383.18,1899.86)
[SelectTarget] team=2 EnemyN=1 TgtZ=1802.02
[DIST] team=2 EnemyN=1 MyZ=1905.9 TgtZ=1802.02 Dist=2096.15
[ROOT] team=2 status=2 Z=1905.9 VP=(2924.51,89.8659,2000)
[SYNCCIRCLE] R=1048.71 dist=2099.56 shrink=0 thr=0.838484
[SelectTarget] team=1 EnemyN=1 TgtZ=1904.85
[DIST] team=1 EnemyN=1 MyZ=1805.01 TgtZ=1904.85 Dist=2085.58
[ROOT] team=1 status=2 Z=1805.01 VP=(2504.57,-614.088,1898.81)
[SelectTarget] team=2 EnemyN=1 TgtZ=1804.92
[DIST] team=2 EnemyN=1 MyZ=1904.85 TgtZ=1804.92 Dist=2084.85
[ROOT] team=2 status=2 Z=1904.85 VP=(1904.01,880.643,2000)
[SelectTarget] team=1 EnemyN=1 TgtZ=1902.58
[DIST] team=1 EnemyN=1 MyZ=1812.88 TgtZ=1902.58 Dist=2090.31
[ROOT] team=1 status=2 Z=1812.88 VP=(2727.86,-1789.61,6600.25)
[SelectTarget] team=2 EnemyN=1 TgtZ=1812.68
[DIST] team=2 EnemyN=1 MyZ=1902.58 TgtZ=1812.68 Dist=2088.51
[ROOT] team=2 status=2 Z=1902.58 VP=(627.904,700.024,2000)
[SelectTarget] team=1 EnemyN=1 TgtZ=1900.51
[DIST] team=1 EnemyN=1 MyZ=1817.41 TgtZ=1900.51 Dist=2087.67
[ROOT] team=1 status=2 Z=1817.41 VP=(1347.62,300.063,1894.28)
[SelectTarget] team=2 EnemyN=1 TgtZ=1817.31
[DIST] team=2 EnemyN=1 MyZ=1900.51 TgtZ=1817.31 Dist=2086.85
[ROOT] team=2 status=2 Z=1900.51 VP=(-129.134,-343.395,2000)
[SelectTarget] team=1 EnemyN=1 TgtZ=1899.81
[DIST] team=1 EnemyN=1 MyZ=1818.87 TgtZ=1899.81 Dist=2087.89
[ROOT] team=1 status=2 Z=1818.87 VP=(659.753,-108.962,1893.47)
[SelectTarget] team=2 EnemyN=1 TgtZ=1818.85
[DIST] team=2 EnemyN=1 MyZ=1899.81 TgtZ=1818.85 Dist=2087.38
[ROOT] team=2 status=2 Z=1899.81 VP=(97.8342,-1618.59,2000)
[SYNCCIRCLE] R=1040.39 dist=2082.63 shrink=0 thr=0.832722
[SelectTarget] team=1 EnemyN=1 TgtZ=1900.94
[DIST] team=1 EnemyN=1 MyZ=1816.18 TgtZ=1900.94 Dist=2100.59
[ROOT] team=1 status=2 Z=1816.18 VP=(474.402,-890.033,1894.62)
[SelectTarget] team=2 EnemyN=1 TgtZ=1816.26
[DIST] team=2 EnemyN=1 MyZ=1900.94 TgtZ=1816.26 Dist=2099.78
[ROOT] team=2 status=2 Z=1900.94 VP=(1172.25,-2341.86,2000)
[SelectTarget] team=1 EnemyN=1 TgtZ=1903.35
[DIST] team=1 EnemyN=1 MyZ=1810.22 TgtZ=1903.35 Dist=2117.56
[ROOT] team=1 status=2 Z=1810.22 VP=(905.61,-1565.25,1897.17)
[SelectTarget] team=2 EnemyN=1 TgtZ=1810.33
[DIST] team=2 EnemyN=1 MyZ=1903.35 TgtZ=1810.33 Dist=2116.05
[ROOT] team=2 status=2 Z=1903.35 VP=(2431.43,-2081.77,2000)
runner:local/env:0	num_steps=[11999] | total rewards=[-118.8870] | termination= [max time out]
[seed 1] reward=  -118.89 ownHP=1.0000 tgtHP=1.0000 max time out
total: 2
[PURE_ATA] team=2 ata=24.8463 dist=4843.75 leadDist=0 aa=154.363
[PURE_ATA] team=2 ata=24.9576 dist=4790.78 leadDist=0 aa=153.981
[PURE_ATA] team=2 ata=23.7305 dist=4737.54 leadDist=0 aa=153.113
[PURE_ATA] team=2 ata=22.1018 dist=4684.81 leadDist=0 aa=151.906
[PURE_ATA] team=2 ata=20.8141 dist=4632.15 leadDist=0 aa=150.725
[PURE_ATA] team=2 ata=19.7106 dist=4579.2 leadDist=0 aa=149.869
[PURE_ATA] team=2 ata=18.6526 dist=4526.71 leadDist=0 aa=149.603
[PURE_ATA] team=2 ata=17.6499 dist=4473.94 leadDist=0 aa=150.112
[PURE_ATA] team=2 ata=16.781 dist=4420.91 leadDist=0 aa=151.554
[PURE_ATA] team=2 ata=16.003 dist=4368.29 leadDist=0 aa=153.894
[PURE_ATA] team=2 ata=15.3005 dist=4315.4 leadDist=0 aa=156.643
[PURE_ATA] team=2 ata=14.6264 dist=4261.78 leadDist=0 aa=159.294
[PURE_ATA] team=2 ata=13.986 dist=4208.61 leadDist=0 aa=161.562
[PURE_ATA] team=2 ata=13.3996 dist=4155.55 leadDist=0 aa=163.538
[PURE_ATA] team=2 ata=12.864 dist=4102.1 leadDist=0 aa=165.38
[PURE_ATA] team=2 ata=12.3736 dist=4048.63 leadDist=0 aa=167.052
[SelectTarget] team=1 EnemyN=1 TgtZ=7038.06
[DIST] team=1 EnemyN=1 MyZ=8421.06 TgtZ=7038.06 Dist=3836.96
[ROOT] team=1 status=2 Z=8421.06 VP=(4527.68,550.443,7771.06)
[SelectTarget] team=2 EnemyN=1 TgtZ=8420.26
[DIST] team=2 EnemyN=1 MyZ=7038.06 TgtZ=8420.26 Dist=3832.84
[ROOT] team=2 status=2 Z=7038.06 VP=(4813.12,-1341.81,7388.06)
[SelectTarget] team=1 EnemyN=1 TgtZ=7139.2
[DIST] team=1 EnemyN=1 MyZ=8188.28 TgtZ=7139.2 Dist=2261.61
[ROOT] team=1 status=2 Z=8188.28 VP=(4693.03,73.6348,7538.28)
[SelectTarget] team=2 EnemyN=1 TgtZ=8186.54
[DIST] team=2 EnemyN=1 MyZ=7139.2 TgtZ=8186.54 Dist=2256.9
[ROOT] team=2 status=2 Z=7139.2 VP=(3556.96,-1066.77,7489.2)
[SYNCCIRCLE] R=621.497 dist=1412.81 shrink=0 thr=0.830081
[SelectTarget] team=1 EnemyN=1 TgtZ=7241.22
[DIST] team=1 EnemyN=1 MyZ=7822.68 TgtZ=7241.22 Dist=1331.05
[ROOT] team=1 status=2 Z=7822.68 VP=(3844.52,-171.137,7222.83)
[SelectTarget] team=2 EnemyN=1 TgtZ=7820.26
[DIST] team=2 EnemyN=1 MyZ=7241.22 TgtZ=7820.26 Dist=1327.68
[ROOT] team=2 status=2 Z=7241.22 VP=(2231.51,-190.466,7591.22)
[SelectTarget] team=1 EnemyN=1 TgtZ=7343.04
[DIST] team=1 EnemyN=1 MyZ=7317.4 TgtZ=7343.04 Dist=1496.82
[ROOT] team=1 status=2 Z=7317.4 VP=(3060.97,-365.595,7313.91)
[SelectTarget] team=2 EnemyN=1 TgtZ=7314.32
[DIST] team=2 EnemyN=1 MyZ=7343.04 TgtZ=7314.32 Dist=1495.99
[ROOT] team=2 status=2 Z=7343.04 VP=(2227.67,969.958,7314.32)
[SelectTarget] team=1 EnemyN=1 TgtZ=7337.46
[DIST] team=1 EnemyN=1 MyZ=6745.71 TgtZ=7337.46 Dist=2315.66
[ROOT] team=1 status=2 Z=6745.71 VP=(2241.47,-186.335,7335.15)
[SelectTarget] team=2 EnemyN=1 TgtZ=6742.51
[DIST] team=2 EnemyN=1 MyZ=7337.46 TgtZ=6742.51 Dist=2316.56
[ROOT] team=2 status=2 Z=7337.46 VP=(2354.31,1362.72,6987.46)
[SelectTarget] team=1 EnemyN=1 TgtZ=7142.8
[DIST] team=1 EnemyN=1 MyZ=6170.05 TgtZ=7142.8 Dist=3101.14
[ROOT] team=1 status=2 Z=6170.05 VP=(1181.77,1015.32,6308.78)
[SelectTarget] team=2 EnemyN=1 TgtZ=6166.77
[DIST] team=2 EnemyN=1 MyZ=7142.8 TgtZ=6166.77 Dist=3101.72
[ROOT] team=2 status=2 Z=7142.8 VP=(2364.81,1690.96,6792.8)
[SYNCCIRCLE] R=1672.44 dist=3550.02 shrink=0 thr=0.78728
[SelectTarget] team=1 EnemyN=1 TgtZ=6794.88
[DIST] team=1 EnemyN=1 MyZ=5578.19 TgtZ=6794.88 Dist=3612.05
[ROOT] team=1 status=2 Z=5578.19 VP=(1328.46,1768.03,5872.63)
[SelectTarget] team=2 EnemyN=1 TgtZ=5574.99
[DIST] team=2 EnemyN=1 MyZ=6794.88 TgtZ=5574.99 Dist=3611.5
[ROOT] team=2 status=2 Z=6794.88 VP=(2509.48,2061.23,6444.88)
[SelectTarget] team=1 EnemyN=1 TgtZ=6350.42
[DIST] team=1 EnemyN=1 MyZ=5045.57 TgtZ=6350.42 Dist=3747.7
[ROOT] team=1 status=2 Z=5045.57 VP=(1831.44,2354.07,5397.29)
[SelectTarget] team=2 EnemyN=1 TgtZ=5042.94
[DIST] team=2 EnemyN=1 MyZ=6350.42 TgtZ=5042.94 Dist=3745.12
[ROOT] team=2 status=2 Z=6350.42 VP=(2893.47,2343.33,6000.42)
[SelectTarget] team=1 EnemyN=1 TgtZ=5872.67
[DIST] team=1 EnemyN=1 MyZ=4651.5 TgtZ=5872.67 Dist=3506.7
[ROOT] team=1 status=2 Z=4651.5 VP=(2585.78,2620.07,4935.25)
[SelectTarget] team=2 EnemyN=1 TgtZ=4649.77
[DIST] team=2 EnemyN=1 MyZ=5872.67 TgtZ=4649.77 Dist=3502.57
[ROOT] team=2 status=2 Z=5872.67 VP=(3476.52,2370.96,5522.67)
[SelectTarget] team=1 EnemyN=1 TgtZ=5417.16
[DIST] team=1 EnemyN=1 MyZ=4414.19 TgtZ=5417.16 Dist=2973.92
[ROOT] team=1 status=2 Z=4414.19 VP=(3405.25,2472.2,4522.21)
[SelectTarget] team=2 EnemyN=1 TgtZ=4413.22
[DIST] team=2 EnemyN=1 MyZ=5417.16 TgtZ=4413.22 Dist=2968.32
[ROOT] team=2 status=2 Z=5417.16 VP=(4094.41,2023.73,5067.16)
[SYNCCIRCLE] R=1129.2 dist=2392.5 shrink=0 thr=0.593851
[SelectTarget] team=1 EnemyN=1 TgtZ=5015.06
[DIST] team=1 EnemyN=1 MyZ=4271.33 TgtZ=5015.06 Dist=2275.89
[ROOT] team=1 status=2 Z=4271.33 VP=(3434.18,2553.81,5079.77)
[SelectTarget] team=2 EnemyN=1 TgtZ=4270.94
[DIST] team=2 EnemyN=1 MyZ=5015.06 TgtZ=4270.94 Dist=2270.45
[ROOT] team=2 status=2 Z=5015.06 VP=(4476.6,1280.01,4665.06)
[SelectTarget] team=1 EnemyN=1 TgtZ=4657.49
[DIST] team=1 EnemyN=1 MyZ=4391.64 TgtZ=4657.49 Dist=1594.64
[ROOT] team=1 status=2 Z=4391.64 VP=(4077.99,1967.89,4709.88)
[SelectTarget] team=2 EnemyN=1 TgtZ=4392.73
[DIST] team=2 EnemyN=1 MyZ=4657.49 TgtZ=4392.73 Dist=1589.97
[ROOT] team=2 status=2 Z=4657.49 VP=(4122.57,336.818,4392.73)
[SelectTarget] team=1 EnemyN=1 TgtZ=4337.17
[DIST] team=1 EnemyN=1 MyZ=4517.64 TgtZ=4337.17 Dist=1365.05
[ROOT] team=1 status=2 Z=4517.64 VP=(4307.62,1117.62,4382.87)
[SelectTarget] team=2 EnemyN=1 TgtZ=4517.78
[DIST] team=2 EnemyN=1 MyZ=4337.17 TgtZ=4517.78 Dist=1362.17
[ROOT] team=2 status=2 Z=4337.17 VP=(3093.85,91.2587,4517.78)
[SelectTarget] team=1 EnemyN=1 TgtZ=4098.98
[DIST] team=1 EnemyN=1 MyZ=4430.63 TgtZ=4098.98 Dist=1710.12
[ROOT] team=1 status=2 Z=4430.63 VP=(4043.54,253.738,4127.2)
[SelectTarget] team=2 EnemyN=1 TgtZ=4429.55
[DIST] team=2 EnemyN=1 MyZ=4098.98 TgtZ=4429.55 Dist=1707.09
[ROOT] team=2 status=2 Z=4098.98 VP=(2521.9,514.311,4429.55)
[SYNCCIRCLE] R=1071.42 dist=2158.98 shrink=0 thr=0.648175
[SelectTarget] team=1 EnemyN=1 TgtZ=3914.79
[DIST] team=1 EnemyN=1 MyZ=4152.03 TgtZ=3914.79 Dist=2251.08
[ROOT] team=1 status=2 Z=4152.03 VP=(3348.53,-325.495,3933.67)
[SelectTarget] team=2 EnemyN=1 TgtZ=4150.09
[DIST] team=2 EnemyN=1 MyZ=3914.79 TgtZ=4150.09 Dist=2249.66
[ROOT] team=2 status=2 Z=3914.79 VP=(2269.04,771.074,4150.09)
[SelectTarget] team=1 EnemyN=1 TgtZ=3742.63
[DIST] team=1 EnemyN=1 MyZ=3761.62 TgtZ=3742.63 Dist=2714.13
[ROOT] team=1 status=2 Z=3761.62 VP=(1583.1,2.72487,3111.62)
[SelectTarget] team=2 EnemyN=1 TgtZ=3759.21
[DIST] team=2 EnemyN=1 MyZ=3742.63 TgtZ=3759.21 Dist=2711.82
[ROOT] team=2 status=2 Z=3742.63 VP=(2022.25,1088.97,3759.21)
[SelectTarget] team=1 EnemyN=1 TgtZ=3523.96
[DIST] team=1 EnemyN=1 MyZ=3277.29 TgtZ=3523.96 Dist=2952.3
[ROOT] team=1 status=2 Z=3277.29 VP=(1253.99,808.556,2715.97)
[SelectTarget] team=2 EnemyN=1 TgtZ=3274.42
[DIST] team=2 EnemyN=1 MyZ=3523.96 TgtZ=3274.42 Dist=2949.47
[ROOT] team=2 status=2 Z=3523.96 VP=(1961.7,1609.19,3274.42)
[SelectTarget] team=1 EnemyN=1 TgtZ=3213.79
[DIST] team=1 EnemyN=1 MyZ=2774.32 TgtZ=3213.79 Dist=2832.51
[ROOT] team=1 status=2 Z=2774.32 VP=(1587.94,1624.96,2340.02)
[SelectTarget] team=2 EnemyN=1 TgtZ=2771.72
[DIST] team=2 EnemyN=1 MyZ=3213.79 TgtZ=2771.72 Dist=2829.25
[ROOT] team=2 status=2 Z=3213.79 VP=(2294.63,2173.11,2863.79)
[SYNCCIRCLE] R=1180.72 dist=2414.55 shrink=0 thr=0.66258
[SelectTarget] team=1 EnemyN=1 TgtZ=2870.21
[DIST] team=1 EnemyN=1 MyZ=2366.3 TgtZ=2870.21 Dist=2307.57
[ROOT] team=1 status=2 Z=2366.3 VP=(1673.82,1638,2913.85)
[SelectTarget] team=2 EnemyN=1 TgtZ=2364.63
[DIST] team=2 EnemyN=1 MyZ=2870.21 TgtZ=2364.63 Dist=2302.72
[ROOT] team=2 status=2 Z=2870.21 VP=(3072.47,2450.7,2520.21)
[SelectTarget] team=1 EnemyN=1 TgtZ=2576.37
[DIST] team=1 EnemyN=1 MyZ=2325.48 TgtZ=2576.37 Dist=1529.4
[ROOT] team=1 status=2 Z=2325.48 VP=(2406.91,2071.07,2610.5)
[SelectTarget] team=2 EnemyN=1 TgtZ=2326.14
[DIST] team=2 EnemyN=1 MyZ=2576.37 TgtZ=2326.14 Dist=1524.29
[ROOT] team=2 status=2 Z=2576.37 VP=(4012.65,1848.21,2326.14)
[SelectTarget] team=1 EnemyN=1 TgtZ=2374.69
[DIST] team=1 EnemyN=1 MyZ=2418 TgtZ=2374.69 Dist=1093.55
[ROOT] team=1 status=2 Z=2418 VP=(3274.1,1920.52,2390.83)
[SelectTarget] team=2 EnemyN=1 TgtZ=2418.13
[DIST] team=2 EnemyN=1 MyZ=2374.69 TgtZ=2418.13 Dist=1090.47
[ROOT] team=2 status=2 Z=2374.69 VP=(3774.46,417.733,2418.13)
[SelectTarget] team=1 EnemyN=1 TgtZ=2218.52
[DIST] team=1 EnemyN=1 MyZ=2350.82 TgtZ=2218.52 Dist=1484.97
[ROOT] team=1 status=2 Z=2350.82 VP=(3831.04,1240.85,2232.85)
[SelectTarget] team=2 EnemyN=1 TgtZ=2349.96
[DIST] team=2 EnemyN=1 MyZ=2218.52 TgtZ=2349.96 Dist=1484.09
[ROOT] team=2 status=2 Z=2218.52 VP=(2703.06,194.594,2349.96)
[SYNCCIRCLE] R=1025.97 dist=2053.84 shrink=0 thr=0.725547
[SelectTarget] team=1 EnemyN=1 TgtZ=2048.94
[DIST] team=1 EnemyN=1 MyZ=2123.3 TgtZ=2048.94 Dist=2174.73
[ROOT] team=1 status=2 Z=2123.3 VP=(3784.83,370.898,2065.85)
[SelectTarget] team=2 EnemyN=1 TgtZ=2121.89
[DIST] team=2 EnemyN=1 MyZ=2048.94 TgtZ=2121.89 Dist=2174.95
[ROOT] team=2 status=2 Z=2048.94 VP=(2244.09,337.239,2121.89)
[SelectTarget] team=1 EnemyN=1 TgtZ=1929.87
[DIST] team=1 EnemyN=1 MyZ=1953.35 TgtZ=1929.87 Dist=2995.03
[ROOT] team=1 status=2 Z=1953.35 VP=(2251.16,-677.614,1500)
[SelectTarget] team=2 EnemyN=1 TgtZ=1952.84
[DIST] team=2 EnemyN=1 MyZ=1929.87 TgtZ=1952.84 Dist=2995.58
[ROOT] team=2 status=2 Z=1929.87 VP=(1850.05,457.522,2000)
[SelectTarget] team=1 EnemyN=1 TgtZ=1866.76
[DIST] team=1 EnemyN=1 MyZ=1878.88 TgtZ=1866.76 Dist=3796.55
[ROOT] team=1 status=2 Z=1878.88 VP=(1296.86,-143.371,1500)
[SelectTarget] team=2 EnemyN=1 TgtZ=1878.68
[DIST] team=2 EnemyN=1 MyZ=1866.76 TgtZ=1878.68 Dist=3795.96
[ROOT] team=2 status=2 Z=1866.76 VP=(1440.67,780.48,2000)
[PURE_ATA] team=2 ata=128.742 dist=4020.77 leadDist=1639.75 aa=96.0411
[PURE_ATA] team=2 ata=128.097 dist=4042.08 leadDist=1642.14 aa=93.2793
[PURE_ATA] team=2 ata=127.476 dist=4063.76 leadDist=1644.47 aa=92.4739
[PURE_ATA] team=2 ata=126.884 dist=4084.91 leadDist=1646.56 aa=92.2762
[PURE_ATA] team=2 ata=126.283 dist=4106.41 leadDist=1648.28 aa=91.9547
[PURE_ATA] team=2 ata=125.698 dist=4126.97 leadDist=1649.53 aa=91.8862
[PURE_ATA] team=2 ata=125.091 dist=4148.74 leadDist=1650.36 aa=92.7419
[PURE_ATA] team=2 ata=124.518 dist=4169.23 leadDist=1650.92 aa=95.3602
[PURE_ATA] team=2 ata=123.983 dist=4189.68 leadDist=1651.27 aa=100.741
[PURE_ATA] team=2 ata=123.437 dist=4208.89 leadDist=1651.46 aa=107.941
[PURE_ATA] team=2 ata=122.863 dist=4228.49 leadDist=1651.52 aa=116.238
[PURE_ATA] team=2 ata=122.278 dist=4246.87 leadDist=1651.48 aa=130.644
[PURE_ATA] team=2 ata=121.675 dist=4265.22 leadDist=1651.39 aa=154.252
[PURE_ATA] team=2 ata=121.07 dist=4282.79 leadDist=1651.31 aa=173.585
[PURE_ATA] team=2 ata=120.465 dist=4299.21 leadDist=1651.26 aa=175.032
[PURE_ATA] team=2 ata=119.829 dist=4315.87 leadDist=1651.27 aa=167.993
[PURE_ATA] team=2 ata=119.213 dist=4331.53 leadDist=1651.37 aa=163.124
[PURE_ATA] team=2 ata=118.582 dist=4346.34 leadDist=1651.55 aa=159.562
[PURE_ATA] team=2 ata=117.94 dist=4361.11 leadDist=1651.85 aa=156.803
[PURE_ATA] team=2 ata=117.284 dist=4374.98 leadDist=1652.26 aa=154.583
[SelectTarget] team=1 EnemyN=1 TgtZ=1905.28
[DIST] team=1 EnemyN=1 MyZ=1847.29 TgtZ=1905.28 Dist=4388.72
[ROOT] team=1 status=2 Z=1847.29 VP=(1032.9,848.587,1534.83)
[SelectTarget] team=2 EnemyN=1 TgtZ=1847.18
[DIST] team=2 EnemyN=1 MyZ=1905.28 TgtZ=1847.18 Dist=4388.01
[PURE_ATA] team=2 ata=116.652 dist=4388.01 leadDist=1652.82 aa=152.706
[ROOT] team=2 status=2 Z=1905.28 VP=(5770.74,477.977,3500)
[PURE_ATA] team=2 ata=115.991 dist=4400.77 leadDist=1653.51 aa=151.267
[PURE_ATA] team=2 ata=115.339 dist=4412.91 leadDist=1654.36 aa=150.178
[PURE_ATA] team=2 ata=114.675 dist=4423.75 leadDist=1655.38 aa=149.431
[PURE_ATA] team=2 ata=113.987 dist=4434.65 leadDist=1656.57 aa=149.055
[PURE_ATA] team=2 ata=113.324 dist=4444.87 leadDist=1657.94 aa=148.907
[PURE_ATA] team=2 ata=112.655 dist=4454.22 leadDist=1659.5 aa=154.196
[PURE_ATA] team=2 ata=111.981 dist=4463.53 leadDist=1661.16 aa=179.913
[PURE_ATA] team=2 ata=111.302 dist=4472.81 leadDist=1662.9 aa=135.088
[PURE_ATA] team=2 ata=110.617 dist=4482.05 leadDist=1664.69 aa=112.502
[PURE_ATA] team=2 ata=109.944 dist=4491.24 leadDist=1666.51 aa=104.706
[PURE_ATA] team=2 ata=109.266 dist=4500.41 leadDist=1668.23 aa=101.856
[PURE_ATA] team=2 ata=108.582 dist=4509.55 leadDist=1669.69 aa=101.023
[PURE_ATA] team=2 ata=107.908 dist=4518.29 leadDist=1670.74 aa=101.041
[PURE_ATA] team=2 ata=107.213 dist=4526.94 leadDist=1671.3 aa=102.296
[PURE_ATA] team=2 ata=106.511 dist=4535.12 leadDist=1671.42 aa=105.834
[PURE_ATA] team=2 ata=105.821 dist=4542.95 leadDist=1671.24 aa=112.027
[PURE_ATA] team=2 ata=105.129 dist=4550.34 leadDist=1670.84 aa=120.385
[PURE_ATA] team=2 ata=104.419 dist=4556.75 leadDist=1670.23 aa=128.859
[PURE_ATA] team=2 ata=103.721 dist=4563.69 leadDist=1669.47 aa=136.718
[PURE_ATA] team=2 ata=103.025 dist=4568.96 leadDist=1668.58 aa=147.976
[PURE_ATA] team=2 ata=102.311 dist=4573.61 leadDist=1667.59 aa=161.383
[PURE_ATA] team=2 ata=101.597 dist=4577.82 leadDist=1666.56 aa=170.807
[PURE_ATA] team=2 ata=100.899 dist=4581.83 leadDist=1665.53 aa=176.791
[PURE_ATA] team=2 ata=100.186 dist=4584.78 leadDist=1664.52 aa=178.949
[PURE_ATA] team=2 ata=99.4739 dist=4587.32 leadDist=1663.55 aa=175.606
[PURE_ATA] team=2 ata=98.7498 dist=4588.34 leadDist=1662.62 aa=172.845
[PURE_ATA] team=2 ata=98.0272 dist=4589.35 leadDist=1661.76 aa=170.444
[PURE_ATA] team=2 ata=97.3221 dist=4589.86 leadDist=1660.98 aa=168.299
[PURE_ATA] team=2 ata=96.5913 dist=4588.92 leadDist=1660.29 aa=166.431
[SelectTarget] team=1 EnemyN=1 TgtZ=2097.24
[DIST] team=1 EnemyN=1 MyZ=1840.22 TgtZ=2097.24 Dist=4589.35
[ROOT] team=1 status=2 Z=1840.22 VP=(1418.79,1704.58,1859.07)
[SelectTarget] team=2 EnemyN=1 TgtZ=1840.31
[DIST] team=2 EnemyN=1 MyZ=2097.24 TgtZ=1840.31 Dist=4587.56
[PURE_ATA] team=2 ata=95.8635 dist=4587.56 leadDist=1659.69 aa=164.856
[ROOT] team=2 status=2 Z=2097.24 VP=(5538.58,-510.908,3500)
[PURE_ATA] team=2 ata=95.1375 dist=4586.21 leadDist=1659.21 aa=163.578
[PURE_ATA] team=2 ata=94.4188 dist=4583.67 leadDist=1658.85 aa=162.577
[PURE_ATA] team=2 ata=93.6918 dist=4579.95 leadDist=1658.62 aa=161.87
[PURE_ATA] team=2 ata=92.9676 dist=4576.26 leadDist=1658.52 aa=161.412
[PURE_ATA] team=2 ata=92.2221 dist=4570.94 leadDist=1658.56 aa=161.158
[PURE_ATA] team=2 ata=91.4946 dist=4566.07 leadDist=1658.75 aa=161.009
[PURE_ATA] team=2 ata=90.7615 dist=4559.98 leadDist=1659.07 aa=161.089
[PURE_ATA] team=2 ata=90.0223 dist=4552.65 leadDist=1659.54 aa=161.213
[PURE_ATA] team=2 ata=89.2861 dist=4545.74 leadDist=1660.14 aa=161.35
[PURE_ATA] team=2 ata=88.5618 dist=4537.7 leadDist=1660.88 aa=161.485
[PURE_ATA] team=2 ata=87.8296 dist=4529.2 leadDist=1661.76 aa=161.634
[PURE_ATA] team=2 ata=87.0776 dist=4519.27 leadDist=1662.77 aa=161.794
[PURE_ATA] team=2 ata=86.3347 dist=4508.98 leadDist=1663.91 aa=161.95
[PURE_ATA] team=2 ata=85.602 dist=4498.35 leadDist=1665.18 aa=162.1
[PURE_ATA] team=2 ata=84.8639 dist=4486.82 leadDist=1666.57 aa=162.251
[PURE_ATA] team=2 ata=84.1212 dist=4474.74 leadDist=1668.09 aa=162.401
[PURE_ATA] team=2 ata=83.3773 dist=4461.35 leadDist=1669.73 aa=166.021
[PURE_ATA] team=2 ata=82.6531 dist=4449.03 leadDist=1671.45 aa=178.773
[PURE_ATA] team=2 ata=81.9246 dist=4436.15 leadDist=1673.21 aa=159.648
[PURE_ATA] team=2 ata=81.1901 dist=4422.69 leadDist=1675.01 aa=139.306
[PURE_ATA] team=2 ata=80.4515 dist=4408.63 leadDist=1676.79 aa=127.093
[PURE_ATA] team=2 ata=79.7215 dist=4394.62 leadDist=1678.39 aa=123.033
[PURE_ATA] team=2 ata=79.0117 dist=4381.41 leadDist=1679.62 aa=124.18
[PURE_ATA] team=2 ata=78.2692 dist=4366.09 leadDist=1680.35 aa=128.744
[PURE_ATA] team=2 ata=77.5445 dist=4351.9 leadDist=1680.63 aa=136.34
[PURE_ATA] team=2 ata=76.8053 dist=4335.95 leadDist=1680.59 aa=144.383
[PURE_ATA] team=2 ata=76.0717 dist=4320.43 leadDist=1680.28 aa=151.165
[PURE_ATA] team=2 ata=75.3382 dist=4303.88 leadDist=1679.73 aa=156.583
[PURE_ATA] team=2 ata=74.6059 dist=4286.31 leadDist=1678.97 aa=163.738
[SelectTarget] team=1 EnemyN=1 TgtZ=2382.49
[DIST] team=1 EnemyN=1 MyZ=1821.8 TgtZ=2382.49 Dist=4271.04
[ROOT] team=1 status=2 Z=1821.8 VP=(2328.52,1959.28,2145.48)
[SelectTarget] team=2 EnemyN=1 TgtZ=1821.96
[DIST] team=2 EnemyN=1 MyZ=2382.49 TgtZ=1821.96 Dist=4268.7
[PURE_ATA] team=2 ata=73.8644 dist=4268.7 leadDist=1678.04 aa=171.239
[ROOT] team=2 status=2 Z=2382.49 VP=(4785.86,-1181.79,3500)
[PURE_ATA] team=2 ata=73.1265 dist=4250.06 leadDist=1677.01 aa=176.095
[PURE_ATA] team=2 ata=72.3876 dist=4230.71 leadDist=1675.91 aa=179.151
[PURE_ATA] team=2 ata=71.6467 dist=4210.97 leadDist=1674.76 aa=178.593
[PURE_ATA] team=2 ata=70.9019 dist=4190.81 leadDist=1673.59 aa=176.726
[PURE_ATA] team=2 ata=70.1646 dist=4169.61 leadDist=1672.41 aa=175.066
[PURE_ATA] team=2 ata=69.4291 dist=4147.67 leadDist=1671.23 aa=173.549
[PURE_ATA] team=2 ata=68.6894 dist=4125.6 leadDist=1670.06 aa=172.178
[PURE_ATA] team=2 ata=67.9538 dist=4102.78 leadDist=1668.92 aa=170.86
[PURE_ATA] team=2 ata=67.2128 dist=4078.27 leadDist=1667.82 aa=169.708
[PURE_ATA] team=2 ata=66.4791 dist=4054.52 leadDist=1666.77 aa=168.745
[PURE_ATA] team=2 ata=65.7524 dist=4030 leadDist=1665.78 aa=167.969
[PURE_ATA] team=2 ata=65.0146 dist=4004.31 leadDist=1664.85 aa=167.379
[SelectTarget] team=1 EnemyN=1 TgtZ=2615.91
[DIST] team=1 EnemyN=1 MyZ=1844.03 TgtZ=2615.91 Dist=3503.73
[ROOT] team=1 status=2 Z=1844.03 VP=(3134.77,1598.45,2208.72)
[SelectTarget] team=2 EnemyN=1 TgtZ=1844.13
[DIST] team=2 EnemyN=1 MyZ=2615.91 TgtZ=1844.13 Dist=3500.03
[ROOT] team=2 status=2 Z=2615.91 VP=(3521.73,2430.81,2265.91)
[SelectTarget] team=1 EnemyN=1 TgtZ=2500.2
[DIST] team=1 EnemyN=1 MyZ=1841.73 TgtZ=2500.2 Dist=2777.52
[ROOT] team=1 status=2 Z=1841.73 VP=(2260.64,515.79,6627.26)
[SelectTarget] team=2 EnemyN=1 TgtZ=1841.41
[DIST] team=2 EnemyN=1 MyZ=2500.2 TgtZ=1841.41 Dist=2772.39
[ROOT] team=2 status=2 Z=2500.2 VP=(4505.1,1954.13,2150.2)
[SYNCCIRCLE] R=1225.87 dist=2521.49 shrink=0 thr=0.742421
[SelectTarget] team=1 EnemyN=1 TgtZ=2261.33
[DIST] team=1 EnemyN=1 MyZ=1843.65 TgtZ=2261.33 Dist=2116.27
[ROOT] team=1 status=2 Z=1843.65 VP=(3722.32,1865.88,2293.85)
[SelectTarget] team=2 EnemyN=1 TgtZ=1843.95
[DIST] team=2 EnemyN=1 MyZ=2261.33 TgtZ=1843.95 Dist=2112.29
[ROOT] team=2 status=2 Z=2261.33 VP=(5043.27,916.867,2000)
[SelectTarget] team=1 EnemyN=1 TgtZ=2078.48
[DIST] team=1 EnemyN=1 MyZ=1902.76 TgtZ=2078.48 Dist=1615.07
[ROOT] team=1 status=2 Z=1902.76 VP=(4380.75,1282.43,2093.38)
[SelectTarget] team=2 EnemyN=1 TgtZ=1903
[DIST] team=2 EnemyN=1 MyZ=2078.48 TgtZ=1903 Dist=1611.47
[ROOT] team=2 status=2 Z=2078.48 VP=(4501.52,-317.722,2000)
[SelectTarget] team=1 EnemyN=1 TgtZ=1942.67
[DIST] team=1 EnemyN=1 MyZ=1905.44 TgtZ=1942.67 Dist=1572.17
[ROOT] team=1 status=2 Z=1905.44 VP=(4457.05,416.757,1953.05)
[SelectTarget] team=2 EnemyN=1 TgtZ=1905.19
[DIST] team=2 EnemyN=1 MyZ=1942.67 TgtZ=1905.19 Dist=1570.68
[ROOT] team=2 status=2 Z=1942.67 VP=(3149.32,-479.06,2000)
[SelectTarget] team=1 EnemyN=1 TgtZ=1878.58
[DIST] team=1 EnemyN=1 MyZ=1861.83 TgtZ=1878.58 Dist=2099.9
[ROOT] team=1 status=2 Z=1861.83 VP=(3948.21,-309.055,1875.05)
[SelectTarget] team=2 EnemyN=1 TgtZ=1861.94
[DIST] team=2 EnemyN=1 MyZ=1878.58 TgtZ=1861.94 Dist=2100.29
[ROOT] team=2 status=2 Z=1878.58 VP=(2443.69,102.281,2000)
[SYNCCIRCLE] R=1249.8 dist=2499.64 shrink=0 thr=0.755179
[SelectTarget] team=1 EnemyN=1 TgtZ=1851.8
[DIST] team=1 EnemyN=1 MyZ=1836.07 TgtZ=1851.8 Dist=2780.72
[ROOT] team=1 status=2 Z=1836.07 VP=(2184.38,-215.36,1500)
[SelectTarget] team=2 EnemyN=1 TgtZ=1835.98
[DIST] team=2 EnemyN=1 MyZ=1851.8 TgtZ=1835.98 Dist=2781.21
[ROOT] team=2 status=2 Z=1851.8 VP=(2149.07,679.36,2000)
[SelectTarget] team=1 EnemyN=1 TgtZ=1805.21
[DIST] team=1 EnemyN=1 MyZ=1819.9 TgtZ=1805.21 Dist=3348.49
[ROOT] team=1 status=2 Z=1819.9 VP=(2019.11,795.315,1500)
[SelectTarget] team=2 EnemyN=1 TgtZ=1819.98
[DIST] team=2 EnemyN=1 MyZ=1805.21 TgtZ=1819.98 Dist=3349
[ROOT] team=2 status=2 Z=1805.21 VP=(2206.06,1434.5,2000)
[SelectTarget] team=1 EnemyN=1 TgtZ=1860.28
[DIST] team=1 EnemyN=1 MyZ=1815.05 TgtZ=1860.28 Dist=3772.19
[ROOT] team=1 status=2 Z=1815.05 VP=(2066.88,1759.82,1500)
[SelectTarget] team=2 EnemyN=1 TgtZ=1815.22
[DIST] team=2 EnemyN=1 MyZ=1860.28 TgtZ=1815.22 Dist=3772.54
[ROOT] team=2 status=2 Z=1860.28 VP=(2698.71,2134.85,2000)
[SelectTarget] team=1 EnemyN=1 TgtZ=1916.63
[DIST] team=1 EnemyN=1 MyZ=1813.68 TgtZ=1916.63 Dist=3979.9
[ROOT] team=1 status=2 Z=1813.68 VP=(3079.63,2128.87,1500)
[SelectTarget] team=2 EnemyN=1 TgtZ=1813.79
[DIST] team=2 EnemyN=1 MyZ=1916.63 TgtZ=1813.79 Dist=3979.39
[ROOT] team=2 status=2 Z=1916.63 VP=(3561.15,2490.37,2000)
[SYNCCIRCLE] R=1985.7 dist=3972.85 shrink=0 thr=0.757648
[SelectTarget] team=1 EnemyN=1 TgtZ=1921.15
[DIST] team=1 EnemyN=1 MyZ=1811.94 TgtZ=1921.15 Dist=3968.44
[ROOT] team=1 status=2 Z=1811.94 VP=(4046.08,2160.31,1500)
[SelectTarget] team=2 EnemyN=1 TgtZ=1811.99
[DIST] team=2 EnemyN=1 MyZ=1921.15 TgtZ=1811.99 Dist=3967.36
[ROOT] team=2 status=2 Z=1921.15 VP=(4596.87,2316.07,2000)
[SelectTarget] team=1 EnemyN=1 TgtZ=1921.57
[DIST] team=1 EnemyN=1 MyZ=1805.49 TgtZ=1921.57 Dist=3866.86
[ROOT] team=1 status=2 Z=1805.49 VP=(4930.2,1778.23,1500)
[SelectTarget] team=2 EnemyN=1 TgtZ=1805.66
[DIST] team=2 EnemyN=1 MyZ=1921.57 TgtZ=1805.66 Dist=3865.72
[ROOT] team=2 status=2 Z=1921.57 VP=(5465.36,1659.09,2000)
[SelectTarget] team=1 EnemyN=1 TgtZ=1921.32
[DIST] team=1 EnemyN=1 MyZ=1799.8 TgtZ=1921.32 Dist=3683.26
[ROOT] team=1 status=2 Z=1799.8 VP=(1638.19,413.278,6588.54)
[SelectTarget] team=2 EnemyN=1 TgtZ=1799.59
[DIST] team=2 EnemyN=1 MyZ=1921.32 TgtZ=1799.59 Dist=3681.3
[ROOT] team=2 status=2 Z=1921.32 VP=(5922.43,637.19,2000)
[SelectTarget] team=1 EnemyN=1 TgtZ=1920.01
[DIST] team=1 EnemyN=1 MyZ=1907.89 TgtZ=1920.01 Dist=3558.79
[ROOT] team=1 status=2 Z=1907.89 VP=(5641.47,2.95775,1500)
[SelectTarget] team=2 EnemyN=1 TgtZ=1908.54
[DIST] team=2 EnemyN=1 MyZ=1920.01 TgtZ=1908.54 Dist=3557.48
[ROOT] team=2 status=2 Z=1920.01 VP=(5789.46,-501.83,2000)
[SYNCCIRCLE] R=1687.85 dist=3375.73 shrink=0 thr=0.612782
[SelectTarget] team=1 EnemyN=1 TgtZ=1917.84
[DIST] team=1 EnemyN=1 MyZ=1919.5 TgtZ=1917.84 Dist=3331.9
[ROOT] team=1 status=2 Z=1919.5 VP=(3413.3,1993.73,6699.71)
[SelectTarget] team=2 EnemyN=1 TgtZ=1918.97
[DIST] team=2 EnemyN=1 MyZ=1917.84 TgtZ=1918.97 Dist=3329.45
[ROOT] team=2 status=2 Z=1917.84 VP=(5078.38,-1416.47,2000)
[SelectTarget] team=1 EnemyN=1 TgtZ=1914.77
[DIST] team=1 EnemyN=1 MyZ=1861.34 TgtZ=1914.77 Dist=3134.3
[ROOT] team=1 status=2 Z=1861.34 VP=(4505.54,2101.23,6645.07)
[SelectTarget] team=2 EnemyN=1 TgtZ=1860.93
[DIST] team=2 EnemyN=1 MyZ=1914.77 TgtZ=1860.93 Dist=3132.16
[ROOT] team=2 status=2 Z=1914.77 VP=(3949.47,-1775.46,2000)
[SelectTarget] team=1 EnemyN=1 TgtZ=1911.21
[DIST] team=1 EnemyN=1 MyZ=1830.81 TgtZ=1911.21 Dist=3028.73
[ROOT] team=1 status=2 Z=1830.81 VP=(3343.41,-1357.91,1500)
[SelectTarget] team=2 EnemyN=1 TgtZ=1830.6
[DIST] team=2 EnemyN=1 MyZ=1911.21 TgtZ=1830.6 Dist=3028.44
[ROOT] team=2 status=2 Z=1911.21 VP=(2814.39,-1381.67,2000)
[SelectTarget] team=1 EnemyN=1 TgtZ=1908.51
[DIST] team=1 EnemyN=1 MyZ=1823.73 TgtZ=1908.51 Dist=3010.34
[ROOT] team=1 status=2 Z=1823.73 VP=(2593.71,-675.259,1500)
[SelectTarget] team=2 EnemyN=1 TgtZ=1823.68
[DIST] team=2 EnemyN=1 MyZ=1908.51 TgtZ=1823.68 Dist=3009.58
[ROOT] team=2 status=2 Z=1908.51 VP=(2151.43,-370.351,2000)
[SYNCCIRCLE] R=1521.4 dist=3044.12 shrink=0 thr=0.672868
[SelectTarget] team=1 EnemyN=1 TgtZ=1907.68
[DIST] team=1 EnemyN=1 MyZ=1816.59 TgtZ=1907.68 Dist=3062.15
[ROOT] team=1 status=2 Z=1816.59 VP=(2406.37,317.025,1500)
[SelectTarget] team=2 EnemyN=1 TgtZ=1816.66
[DIST] team=2 EnemyN=1 MyZ=1907.68 TgtZ=1816.66 Dist=3061.53
[ROOT] team=2 status=2 Z=1907.68 VP=(2232.52,831.641,2000)
[SelectTarget] team=1 EnemyN=1 TgtZ=1908.86
[DIST] team=1 EnemyN=1 MyZ=1813.06 TgtZ=1908.86 Dist=3177.46
[ROOT] team=1 status=2 Z=1813.06 VP=(2836.27,1225.73,1500)
[SelectTarget] team=2 EnemyN=1 TgtZ=1813.26
[DIST] team=2 EnemyN=1 MyZ=1908.86 TgtZ=1813.26 Dist=3177.79
[ROOT] team=2 status=2 Z=1908.86 VP=(2994.51,1748.58,2000)
[SelectTarget] team=1 EnemyN=1 TgtZ=1911.52
[DIST] team=1 EnemyN=1 MyZ=1814.2 TgtZ=1911.52 Dist=3319.34
[ROOT] team=1 status=2 Z=1814.2 VP=(3697.93,1729.25,1500)
[SelectTarget] team=2 EnemyN=1 TgtZ=1814.28
[DIST] team=2 EnemyN=1 MyZ=1911.52 TgtZ=1814.28 Dist=3318.52
[ROOT] team=2 status=2 Z=1911.52 VP=(4119.67,2074.75,2000)
[SelectTarget] team=1 EnemyN=1 TgtZ=1914.59
[DIST] team=1 EnemyN=1 MyZ=1811.33 TgtZ=1914.59 Dist=3451.68
[ROOT] team=1 status=2 Z=1811.33 VP=(4691.66,1683.2,1500)
[SelectTarget] team=2 EnemyN=1 TgtZ=1811.47
[DIST] team=2 EnemyN=1 MyZ=1914.59 TgtZ=1811.47 Dist=3452.44
[ROOT] team=2 status=2 Z=1914.59 VP=(5228.92,1746.49,2000)
[SYNCCIRCLE] R=1762.55 dist=3526.82 shrink=0 thr=0.651056
[SelectTarget] team=1 EnemyN=1 TgtZ=1917.03
[DIST] team=1 EnemyN=1 MyZ=1810 TgtZ=1917.03 Dist=3544.97
[ROOT] team=1 status=2 Z=1810 VP=(5510.68,1114.2,1500)
[SelectTarget] team=2 EnemyN=1 TgtZ=1810.16
[DIST] team=2 EnemyN=1 MyZ=1917.03 TgtZ=1810.16 Dist=3544.84
[ROOT] team=2 status=2 Z=1917.03 VP=(5995.46,887.576,2000)
[SelectTarget] team=1 EnemyN=1 TgtZ=1918.15
[DIST] team=1 EnemyN=1 MyZ=1810.91 TgtZ=1918.15 Dist=3588.75
[ROOT] team=1 status=2 Z=1810.91 VP=(5912.71,192.696,1500)
[SelectTarget] team=2 EnemyN=1 TgtZ=1811.08
[DIST] team=2 EnemyN=1 MyZ=1918.15 TgtZ=1811.08 Dist=3588.79
[ROOT] team=2 status=2 Z=1918.15 VP=(6203.96,-249.051,2000)
[SelectTarget] team=1 EnemyN=1 TgtZ=1917.79
[DIST] team=1 EnemyN=1 MyZ=1814.92 TgtZ=1917.79 Dist=3588.76
[ROOT] team=1 status=2 Z=1814.92 VP=(5774.76,-808.959,1500)
[SelectTarget] team=2 EnemyN=1 TgtZ=1815.1
[DIST] team=2 EnemyN=1 MyZ=1917.79 TgtZ=1815.1 Dist=3588.32
[ROOT] team=2 status=2 Z=1917.79 VP=(5790.59,-1333.31,2000)
[SelectTarget] team=1 EnemyN=1 TgtZ=1916.32
[DIST] team=1 EnemyN=1 MyZ=1820.74 TgtZ=1916.32 Dist=3549.27
[ROOT] team=1 status=2 Z=1820.74 VP=(5130.46,-1591.06,1500)
[SelectTarget] team=2 EnemyN=1 TgtZ=1820.92
[DIST] team=2 EnemyN=1 MyZ=1916.32 TgtZ=1820.92 Dist=3548.12
[ROOT] team=2 status=2 Z=1916.32 VP=(4869.37,-2042.13,2000)
[SYNCCIRCLE] R=1740.96 dist=3483.19 shrink=0 thr=0.607843
[SelectTarget] team=1 EnemyN=1 TgtZ=1914.37
[DIST] team=1 EnemyN=1 MyZ=1825.34 TgtZ=1914.37 Dist=3471.91
[ROOT] team=1 status=2 Z=1825.34 VP=(4169.14,-1913.66,1500)
[SelectTarget] team=2 EnemyN=1 TgtZ=1825.48
[DIST] team=2 EnemyN=1 MyZ=1914.37 TgtZ=1825.48 Dist=3470.67
[ROOT] team=2 status=2 Z=1914.37 VP=(3708.88,-2153.81,2000)
[SelectTarget] team=1 EnemyN=1 TgtZ=1912.58
[DIST] team=1 EnemyN=1 MyZ=1824.97 TgtZ=1912.58 Dist=3361.71
[ROOT] team=1 status=2 Z=1824.97 VP=(3186.53,-1660.99,1500)
[SelectTarget] team=2 EnemyN=1 TgtZ=1825.06
[DIST] team=2 EnemyN=1 MyZ=1912.58 TgtZ=1825.06 Dist=3359.66
[ROOT] team=2 status=2 Z=1912.58 VP=(2670.46,-1609.28,2000)
[SelectTarget] team=1 EnemyN=1 TgtZ=1911.46
[DIST] team=1 EnemyN=1 MyZ=1822.4 TgtZ=1911.46 Dist=3236.06
[ROOT] team=1 status=2 Z=1822.4 VP=(2513.04,-895.795,1500)
[SelectTarget] team=2 EnemyN=1 TgtZ=1822.44
[DIST] team=2 EnemyN=1 MyZ=1911.46 TgtZ=1822.44 Dist=3235.18
[ROOT] team=2 status=2 Z=1911.46 VP=(2115.77,-558.739,2000)
[SelectTarget] team=1 EnemyN=1 TgtZ=1911.22
[DIST] team=1 EnemyN=1 MyZ=1822.45 TgtZ=1911.22 Dist=3132.12
[ROOT] team=1 status=2 Z=1822.45 VP=(2406.93,120.715,1500)
[SelectTarget] team=2 EnemyN=1 TgtZ=1822.42
[DIST] team=2 EnemyN=1 MyZ=1911.22 TgtZ=1822.42 Dist=3130.8
[ROOT] team=2 status=2 Z=1911.22 VP=(2281.18,631.669,2000)
[SYNCCIRCLE] R=1538.38 dist=3078.15 shrink=0 thr=0.641591
[SelectTarget] team=1 EnemyN=1 TgtZ=1911.96
[DIST] team=1 EnemyN=1 MyZ=1818.64 TgtZ=1911.96 Dist=3069.12
[ROOT] team=1 status=2 Z=1818.64 VP=(2922.51,1002.13,1500)
[SelectTarget] team=2 EnemyN=1 TgtZ=1818.54
[DIST] team=2 EnemyN=1 MyZ=1911.96 TgtZ=1818.54 Dist=3067.49
[ROOT] team=2 status=2 Z=1911.96 VP=(3128.55,1493.87,2000)
[SelectTarget] team=1 EnemyN=1 TgtZ=1913.41
[DIST] team=1 EnemyN=1 MyZ=1807.34 TgtZ=1913.41 Dist=3043.42
[ROOT] team=1 status=2 Z=1807.34 VP=(3857.83,1397.85,1500)
[SelectTarget] team=2 EnemyN=1 TgtZ=1807.36
[DIST] team=2 EnemyN=1 MyZ=1913.41 TgtZ=1807.36 Dist=3041.93
[ROOT] team=2 status=2 Z=1913.41 VP=(4323.07,1671.24,2000)
[SelectTarget] team=1 EnemyN=1 TgtZ=1914.83
[DIST] team=1 EnemyN=1 MyZ=1842.39 TgtZ=1914.83 Dist=3086.44
[ROOT] team=1 status=2 Z=1842.39 VP=(4836.2,1151.37,1500)
[SelectTarget] team=2 EnemyN=1 TgtZ=1843.1
[DIST] team=2 EnemyN=1 MyZ=1914.83 TgtZ=1843.1 Dist=3085.66
[ROOT] team=2 status=2 Z=1914.83 VP=(5377.48,1094.42,2000)
[SelectTarget] team=1 EnemyN=1 TgtZ=1915.74
[DIST] team=1 EnemyN=1 MyZ=1895.15 TgtZ=1915.74 Dist=3115.94
[ROOT] team=1 status=2 Z=1895.15 VP=(5482.44,379.804,1500)
[SelectTarget] team=2 EnemyN=1 TgtZ=1894.88
[DIST] team=2 EnemyN=1 MyZ=1915.74 TgtZ=1894.88 Dist=3115.15
[ROOT] team=2 status=2 Z=1915.74 VP=(5892.56,21.1535,2000)
[SYNCCIRCLE] R=1571.14 dist=3142.79 shrink=0 thr=0.672045
[SelectTarget] team=1 EnemyN=1 TgtZ=1915.44
[DIST] team=1 EnemyN=1 MyZ=1853.5 TgtZ=1915.44 Dist=3148.6
[ROOT] team=1 status=2 Z=1853.5 VP=(2262.23,1050.28,6638.64)
[SelectTarget] team=2 EnemyN=1 TgtZ=1853.22
[DIST] team=2 EnemyN=1 MyZ=1915.44 TgtZ=1853.22 Dist=3147.82
[ROOT] team=2 status=2 Z=1915.44 VP=(5683.59,-1154.66,2000)
[SelectTarget] team=1 EnemyN=1 TgtZ=1913.95
[DIST] team=1 EnemyN=1 MyZ=1828.86 TgtZ=1913.95 Dist=3230.38
[ROOT] team=1 status=2 Z=1828.86 VP=(3063.93,1916.51,6615.55)
[SelectTarget] team=2 EnemyN=1 TgtZ=1828.6
[DIST] team=2 EnemyN=1 MyZ=1913.95 TgtZ=1828.6 Dist=3230.09
[ROOT] team=2 status=2 Z=1913.95 VP=(4839.73,-1993.83,2000)
[SelectTarget] team=1 EnemyN=1 TgtZ=1912.2
[DIST] team=1 EnemyN=1 MyZ=1819.98 TgtZ=1912.2 Dist=3331.32
[ROOT] team=1 status=2 Z=1819.98 VP=(4128.61,-1914.45,1500)
[SelectTarget] team=2 EnemyN=1 TgtZ=1819.81
[DIST] team=2 EnemyN=1 MyZ=1912.2 TgtZ=1819.81 Dist=3330.78
[ROOT] team=2 status=2 Z=1912.2 VP=(3683.59,-2216.82,2000)
[SelectTarget] team=1 EnemyN=1 TgtZ=1911.04
[DIST] team=1 EnemyN=1 MyZ=1817.86 TgtZ=1911.04 Dist=3409.37
[ROOT] team=1 status=2 Z=1817.86 VP=(3134.47,-1766.42,1500)
[SelectTarget] team=2 EnemyN=1 TgtZ=1817.77
[DIST] team=2 EnemyN=1 MyZ=1911.04 TgtZ=1817.77 Dist=3409.39
[ROOT] team=2 status=2 Z=1911.04 VP=(2602.07,-1775.76,2000)
[SYNCCIRCLE] R=1719.41 dist=3439.98 shrink=0 thr=0.635006
[SelectTarget] team=1 EnemyN=1 TgtZ=1910.91
[DIST] team=1 EnemyN=1 MyZ=1817.45 TgtZ=1910.91 Dist=3445.7
[ROOT] team=1 status=2 Z=1817.45 VP=(2377.42,-1099.06,1500)
[SelectTarget] team=2 EnemyN=1 TgtZ=1817.44
[DIST] team=2 EnemyN=1 MyZ=1910.91 TgtZ=1817.44 Dist=3444.86
[ROOT] team=2 status=2 Z=1910.91 VP=(1930.2,-819.772,2000)
runner:local/env:0	num_steps=[11999] | total rewards=[-95.0537] | termination= [max time out]
[seed 2] reward=   -95.05 ownHP=1.0000 tgtHP=1.0000 max time out
total: 2
[PURE_ATA] team=2 ata=33.9776 dist=5153.54 leadDist=118.363 aa=127.404
[PURE_ATA] team=2 ata=33.9322 dist=5111.47 leadDist=135.312 aa=127.121
[PURE_ATA] team=2 ata=32.1132 dist=5069.1 leadDist=152.24 aa=126.562
[PURE_ATA] team=2 ata=29.2113 dist=5027.08 leadDist=168.73 aa=125.87
[PURE_ATA] team=2 ata=27.1279 dist=4984.79 leadDist=185.026 aa=125.285
[PURE_ATA] team=2 ata=25.6654 dist=4942.33 leadDist=201.01 aa=125.111
[PURE_ATA] team=2 ata=24.5208 dist=4899.9 leadDist=216.539 aa=125.613
[PURE_ATA] team=2 ata=23.5646 dist=4857.63 leadDist=231.586 aa=127.148
[PURE_ATA] team=2 ata=22.7319 dist=4814.63 leadDist=246.648 aa=129.801
[PURE_ATA] team=2 ata=21.9736 dist=4771.86 leadDist=261.263 aa=133.203
[PURE_ATA] team=2 ata=21.2995 dist=4728.8 leadDist=275.676 aa=136.818
[PURE_ATA] team=2 ata=20.6696 dist=4685.49 leadDist=289.843 aa=140.079
[PURE_ATA] team=2 ata=20.0772 dist=4642.32 leadDist=303.539 aa=143.092
[PURE_ATA] team=2 ata=19.5098 dist=4598.2 leadDist=317.291 aa=146.002
[PURE_ATA] team=2 ata=18.9559 dist=4554 leadDist=330.643 aa=148.528
[PURE_ATA] team=2 ata=18.4176 dist=4509.73 leadDist=343.586 aa=150.626
[PURE_ATA] team=2 ata=17.9009 dist=4464.86 leadDist=356.367 aa=152.383
[PURE_ATA] team=2 ata=17.41 dist=4419.91 leadDist=368.72 aa=153.932
[PURE_ATA] team=2 ata=16.9304 dist=4375.19 leadDist=380.473 aa=155.302
[PURE_ATA] team=2 ata=16.4624 dist=4329.87 leadDist=392.033 aa=156.467
[PURE_ATA] team=2 ata=15.9996 dist=4284.24 leadDist=403.233 aa=157.407
[PURE_ATA] team=2 ata=15.5341 dist=4238.35 leadDist=414.043 aa=158.093
[PURE_ATA] team=2 ata=15.06 dist=4192.33 leadDist=424.377 aa=158.524
[PURE_ATA] team=2 ata=14.5729 dist=4146.2 leadDist=434.233 aa=158.713
[PURE_ATA] team=2 ata=14.0798 dist=4099.38 leadDist=443.88 aa=158.688
[PURE_ATA] team=2 ata=13.5742 dist=4052.43 leadDist=453.049 aa=158.503
[PURE_ATA] team=2 ata=13.0592 dist=4005.35 leadDist=461.737 aa=158.209
[SelectTarget] team=1 EnemyN=1 TgtZ=7121.98
[DIST] team=1 EnemyN=1 MyZ=9539.86 TgtZ=7121.98 Dist=3866.73
[ROOT] team=1 status=2 Z=9539.86 VP=(4344.89,132.046,8889.86)
[SelectTarget] team=2 EnemyN=1 TgtZ=9538.58
[DIST] team=2 EnemyN=1 MyZ=7121.98 TgtZ=9538.58 Dist=3863.39
[ROOT] team=2 status=2 Z=7121.98 VP=(5243.39,1536.56,7471.98)
[SelectTarget] team=1 EnemyN=1 TgtZ=7425.57
[DIST] team=1 EnemyN=1 MyZ=9225.17 TgtZ=7425.57 Dist=2464.99
[ROOT] team=1 status=2 Z=9225.17 VP=(4491.98,183.429,8575.17)
[SelectTarget] team=2 EnemyN=1 TgtZ=9222.89
[DIST] team=2 EnemyN=1 MyZ=7425.57 TgtZ=9222.89 Dist=2461.48
[ROOT] team=2 status=2 Z=7425.57 VP=(3866.62,1651.35,7775.57)
[SelectTarget] team=1 EnemyN=1 TgtZ=7617.81
[DIST] team=1 EnemyN=1 MyZ=8743.49 TgtZ=7617.81 Dist=1751.68
[ROOT] team=1 status=2 Z=8743.49 VP=(3817.09,640.248,8093.49)
[SelectTarget] team=2 EnemyN=1 TgtZ=8740.46
[DIST] team=2 EnemyN=1 MyZ=7617.81 TgtZ=8740.46 Dist=1749.27
[ROOT] team=2 status=2 Z=7617.81 VP=(2243.79,947.749,7967.81)
[SelectTarget] team=1 EnemyN=1 TgtZ=7716.94
[DIST] team=1 EnemyN=1 MyZ=8117.14 TgtZ=7716.94 Dist=2082.62
[ROOT] team=1 status=2 Z=8117.14 VP=(3147.17,1056.08,7688.21)
[SelectTarget] team=2 EnemyN=1 TgtZ=8113.21
[DIST] team=2 EnemyN=1 MyZ=7716.94 TgtZ=8113.21 Dist=2083.16
[ROOT] team=2 status=2 Z=7716.94 VP=(1830.78,167.079,8066.94)
[SYNCCIRCLE] R=1306.06 dist=2620.53 shrink=0 thr=0.997171
[SelectTarget] team=1 EnemyN=1 TgtZ=7775.56
[DIST] team=1 EnemyN=1 MyZ=7349.8 TgtZ=7775.56 Dist=2823.93
[ROOT] team=1 status=2 Z=7349.8 VP=(1426.75,830.126,7189.64)
[SelectTarget] team=2 EnemyN=1 TgtZ=7345.23
[DIST] team=2 EnemyN=1 MyZ=7775.56 TgtZ=7345.23 Dist=2824.54
[ROOT] team=2 status=2 Z=7775.56 VP=(1602.93,-313.024,7425.56)
[SelectTarget] team=1 EnemyN=1 TgtZ=7662.15
[DIST] team=1 EnemyN=1 MyZ=6494.22 TgtZ=7662.15 Dist=3453.46
[ROOT] team=1 status=2 Z=6494.22 VP=(1179.46,115.167,6884)
[SelectTarget] team=2 EnemyN=1 TgtZ=6489.45
[DIST] team=2 EnemyN=1 MyZ=7662.15 TgtZ=6489.45 Dist=3453.4
[ROOT] team=2 status=2 Z=7662.15 VP=(1498.32,-861.533,7312.15)
[SelectTarget] team=1 EnemyN=1 TgtZ=7404.35
[DIST] team=1 EnemyN=1 MyZ=5698.66 TgtZ=7404.35 Dist=3686.69
[ROOT] team=1 status=2 Z=5698.66 VP=(1312.02,-654.445,6587.35)
[SelectTarget] team=2 EnemyN=1 TgtZ=5694.77
[DIST] team=2 EnemyN=1 MyZ=7404.35 TgtZ=5694.77 Dist=3685.78
[ROOT] team=2 status=2 Z=7404.35 VP=(1722.49,-1461.19,7054.35)
[SelectTarget] team=1 EnemyN=1 TgtZ=7098.52
[DIST] team=1 EnemyN=1 MyZ=5144.8 TgtZ=7098.52 Dist=3497.39
[ROOT] team=1 status=2 Z=5144.8 VP=(1770.26,-1269.39,6293.77)
[SelectTarget] team=2 EnemyN=1 TgtZ=5142.64
[DIST] team=2 EnemyN=1 MyZ=7098.52 TgtZ=5142.64 Dist=3495.37
[ROOT] team=2 status=2 Z=7098.52 VP=(2364.36,-1873.24,6748.52)
[SYNCCIRCLE] R=1255.58 dist=3162.73 shrink=0 thr=0.861771
[SelectTarget] team=1 EnemyN=1 TgtZ=6792.57
[DIST] team=1 EnemyN=1 MyZ=4925.32 TgtZ=6792.57 Dist=3022.9
[ROOT] team=1 status=2 Z=4925.32 VP=(2447.04,-1594.68,5981.54)
[SelectTarget] team=2 EnemyN=1 TgtZ=4924.99
[DIST] team=2 EnemyN=1 MyZ=6792.57 TgtZ=4924.99 Dist=3019.11
[ROOT] team=2 status=2 Z=6792.57 VP=(3262.64,-1762.63,6442.57)
[SelectTarget] team=1 EnemyN=1 TgtZ=6480.43
[DIST] team=1 EnemyN=1 MyZ=4978.14 TgtZ=6480.43 Dist=2481.36
[ROOT] team=1 status=2 Z=4978.14 VP=(2411.31,-1639.09,6525.99)
[SelectTarget] team=2 EnemyN=1 TgtZ=4978.9
[DIST] team=2 EnemyN=1 MyZ=6480.43 TgtZ=4978.9 Dist=2477.86
[ROOT] team=2 status=2 Z=6480.43 VP=(3895.24,-981.366,6130.43)
[SelectTarget] team=1 EnemyN=1 TgtZ=6137.99
[DIST] team=1 EnemyN=1 MyZ=5229.29 TgtZ=6137.99 Dist=2131.3
[ROOT] team=1 status=2 Z=5229.29 VP=(3195.26,-1513.78,6189.51)
[SelectTarget] team=2 EnemyN=1 TgtZ=5231.23
[DIST] team=2 EnemyN=1 MyZ=6137.99 TgtZ=5231.23 Dist=2128.64
[ROOT] team=2 status=2 Z=6137.99 VP=(3783.9,-25.069,5787.99)
[SelectTarget] team=1 EnemyN=1 TgtZ=5748.39
[DIST] team=1 EnemyN=1 MyZ=5587.27 TgtZ=5748.39 Dist=2211.21
[ROOT] team=1 status=2 Z=5587.27 VP=(3767.75,-970.757,5808.92)
[SelectTarget] team=2 EnemyN=1 TgtZ=5589.1
[DIST] team=2 EnemyN=1 MyZ=5748.39 TgtZ=5589.1 Dist=2210.27
[ROOT] team=2 status=2 Z=5748.39 VP=(3272.39,538.031,5589.1)
[SYNCCIRCLE] R=1238.92 dist=2498.67 shrink=0 thr=0.698968
[SelectTarget] team=1 EnemyN=1 TgtZ=5375.86
[DIST] team=1 EnemyN=1 MyZ=5829.15 TgtZ=5375.86 Dist=2629.53
[ROOT] team=1 status=2 Z=5829.15 VP=(3486.12,667.237,5179.15)
[SelectTarget] team=2 EnemyN=1 TgtZ=5829.92
[DIST] team=2 EnemyN=1 MyZ=5375.86 TgtZ=5829.92 Dist=2628.25
[ROOT] team=2 status=2 Z=5375.86 VP=(2667.51,791.272,5725.86)
[SelectTarget] team=1 EnemyN=1 TgtZ=5144.94
[DIST] team=1 EnemyN=1 MyZ=5851.16 TgtZ=5144.94 Dist=3099.19
[ROOT] team=1 status=2 Z=5851.16 VP=(2765.38,1155.71,5201.16)
[SelectTarget] team=2 EnemyN=1 TgtZ=5850.66
[DIST] team=2 EnemyN=1 MyZ=5144.94 TgtZ=5850.66 Dist=3098.81
[ROOT] team=2 status=2 Z=5144.94 VP=(2044.29,838.94,5494.94)
[SelectTarget] team=1 EnemyN=1 TgtZ=5034.52
[DIST] team=1 EnemyN=1 MyZ=5657.25 TgtZ=5034.52 Dist=3402.62
[ROOT] team=1 status=2 Z=5657.25 VP=(1885.03,1148.79,5007.25)
[SelectTarget] team=2 EnemyN=1 TgtZ=5655.63
[DIST] team=2 EnemyN=1 MyZ=5034.52 TgtZ=5655.63 Dist=3399.99
[ROOT] team=2 status=2 Z=5034.52 VP=(1418.28,619.871,5384.52)
[SelectTarget] team=1 EnemyN=1 TgtZ=5018.73
[DIST] team=1 EnemyN=1 MyZ=5286.56 TgtZ=5018.73 Dist=3455.01
[ROOT] team=1 status=2 Z=5286.56 VP=(1194.56,606.013,4636.56)
[SelectTarget] team=2 EnemyN=1 TgtZ=5284.11
[DIST] team=2 EnemyN=1 MyZ=5018.73 TgtZ=5284.11 Dist=3451.84
[ROOT] team=2 status=2 Z=5018.73 VP=(931.447,59.1466,5284.11)
[SYNCCIRCLE] R=1659.34 dist=3320.12 shrink=0 thr=0.876998
[SelectTarget] team=1 EnemyN=1 TgtZ=5018.4
[DIST] team=1 EnemyN=1 MyZ=4802.98 TgtZ=5018.4 Dist=3238.83
[ROOT] team=1 status=2 Z=4802.98 VP=(774.398,18.6989,4361.43)
[SelectTarget] team=2 EnemyN=1 TgtZ=4800.16
[DIST] team=2 EnemyN=1 MyZ=5018.4 TgtZ=4800.16 Dist=3235.76
[ROOT] team=2 status=2 Z=5018.4 VP=(816.028,-780.909,4800.16)
[SelectTarget] team=1 EnemyN=1 TgtZ=4825.8
[DIST] team=1 EnemyN=1 MyZ=4308.9 TgtZ=4825.8 Dist=2760.78
[ROOT] team=1 status=2 Z=4308.9 VP=(1209.29,-848.675,4053.32)
[SelectTarget] team=2 EnemyN=1 TgtZ=4306.3
[DIST] team=2 EnemyN=1 MyZ=4825.8 TgtZ=4306.3 Dist=2756.9
[ROOT] team=2 status=2 Z=4825.8 VP=(1225.31,-1633.69,4475.8)
[SelectTarget] team=1 EnemyN=1 TgtZ=4572.45
[DIST] team=1 EnemyN=1 MyZ=3908.7 TgtZ=4572.45 Dist=2129.8
[ROOT] team=1 status=2 Z=3908.7 VP=(1181.44,-808.693,4611.3)
[SelectTarget] team=2 EnemyN=1 TgtZ=3907.33
[DIST] team=2 EnemyN=1 MyZ=4572.45 TgtZ=3907.33 Dist=2125.29
[ROOT] team=2 status=2 Z=4572.45 VP=(2128.45,-2163.99,4222.45)
[SelectTarget] team=1 EnemyN=1 TgtZ=4301.89
[DIST] team=1 EnemyN=1 MyZ=3847.3 TgtZ=4301.89 Dist=1548.61
[ROOT] team=1 status=2 Z=3847.3 VP=(1718.59,-1489.05,4334.02)
[SelectTarget] team=2 EnemyN=1 TgtZ=3847.71
[DIST] team=2 EnemyN=1 MyZ=4301.89 TgtZ=3847.71 Dist=1545.63
[ROOT] team=2 status=2 Z=4301.89 VP=(3319.42,-1674.92,3951.89)
[SYNCCIRCLE] R=723.744 dist=1455.54 shrink=0 thr=0.742421
[SelectTarget] team=1 EnemyN=1 TgtZ=4002.38
[DIST] team=1 EnemyN=1 MyZ=3960.66 TgtZ=4002.38 Dist=1526.41
[ROOT] team=1 status=2 Z=3960.66 VP=(2523.08,-1653.03,4041.4)
[SelectTarget] team=2 EnemyN=1 TgtZ=3961.26
[DIST] team=2 EnemyN=1 MyZ=4002.38 TgtZ=3961.26 Dist=1525.64
[ROOT] team=2 status=2 Z=4002.38 VP=(3458.89,-378.867,3961.26)
[SelectTarget] team=1 EnemyN=1 TgtZ=3742.56
[DIST] team=1 EnemyN=1 MyZ=3997.04 TgtZ=3742.56 Dist=2082.01
[ROOT] team=1 status=2 Z=3997.04 VP=(3250.12,-1242.41,3769.89)
[SelectTarget] team=2 EnemyN=1 TgtZ=3996.74
[DIST] team=2 EnemyN=1 MyZ=3742.56 TgtZ=3996.74 Dist=2081.81
[ROOT] team=2 status=2 Z=3742.56 VP=(2927.85,289.24,3996.74)
[SelectTarget] team=1 EnemyN=1 TgtZ=3580.22
[DIST] team=1 EnemyN=1 MyZ=3843.31 TgtZ=3580.22 Dist=2693.58
[ROOT] team=1 status=2 Z=3843.31 VP=(3228.72,482.106,3193.31)
[SelectTarget] team=2 EnemyN=1 TgtZ=3841.88
[DIST] team=2 EnemyN=1 MyZ=3580.22 TgtZ=3841.88 Dist=2692.87
[ROOT] team=2 status=2 Z=3580.22 VP=(2387.97,619.768,3841.88)
[SelectTarget] team=1 EnemyN=1 TgtZ=3492.91
[DIST] team=1 EnemyN=1 MyZ=3471.79 TgtZ=3492.91 Dist=3071.9
[ROOT] team=1 status=2 Z=3471.79 VP=(2479.07,908.771,2852.9)
[SelectTarget] team=2 EnemyN=1 TgtZ=3469.15
[DIST] team=2 EnemyN=1 MyZ=3492.91 TgtZ=3469.15 Dist=3069.88
[ROOT] team=2 status=2 Z=3492.91 VP=(1701.32,699.105,3469.15)
[SYNCCIRCLE] R=1545.27 dist=3106.36 shrink=0 thr=0.849424
[SelectTarget] team=1 EnemyN=1 TgtZ=3342.96
[DIST] team=1 EnemyN=1 MyZ=2940.66 TgtZ=3342.96 Dist=3058.81
[ROOT] team=1 status=2 Z=2940.66 VP=(1725.34,654.43,2548.86)
[SelectTarget] team=2 EnemyN=1 TgtZ=2937.56
[DIST] team=2 EnemyN=1 MyZ=3342.96 TgtZ=2937.56 Dist=3057.41
[ROOT] team=2 status=2 Z=3342.96 VP=(971.097,303.616,2992.96)
[SelectTarget] team=1 EnemyN=1 TgtZ=3096.04
[DIST] team=1 EnemyN=1 MyZ=2412.34 TgtZ=3096.04 Dist=2616.88
[ROOT] team=1 status=2 Z=2412.34 VP=(1168,-129.485,2335.33)
[SelectTarget] team=2 EnemyN=1 TgtZ=2409.92
[DIST] team=2 EnemyN=1 MyZ=3096.04 TgtZ=2409.92 Dist=2613.52
[ROOT] team=2 status=2 Z=3096.04 VP=(567.404,-607.622,2746.04)
[SelectTarget] team=1 EnemyN=1 TgtZ=2836.11
[DIST] team=1 EnemyN=1 MyZ=2135.49 TgtZ=2836.11 Dist=2024.92
[ROOT] team=1 status=2 Z=2135.49 VP=(1202.47,-139.387,2867.73)
[SelectTarget] team=2 EnemyN=1 TgtZ=2135
[DIST] team=2 EnemyN=1 MyZ=2836.11 TgtZ=2135 Dist=2021.46
[ROOT] team=2 status=2 Z=2836.11 VP=(948.317,-1739.73,2486.11)
[SelectTarget] team=1 EnemyN=1 TgtZ=2563.06
[DIST] team=1 EnemyN=1 MyZ=2184.01 TgtZ=2563.06 Dist=1557.16
[ROOT] team=1 status=2 Z=2184.01 VP=(1163.75,-990.413,2592.67)
[SelectTarget] team=2 EnemyN=1 TgtZ=2184.79
[DIST] team=2 EnemyN=1 MyZ=2563.06 TgtZ=2184.79 Dist=1553.65
[ROOT] team=2 status=2 Z=2563.06 VP=(2304.14,-2111.89,2213.06)
[SYNCCIRCLE] R=760.619 dist=1522.71 shrink=0 thr=0.737482
[SelectTarget] team=1 EnemyN=1 TgtZ=2293.76
[DIST] team=1 EnemyN=1 MyZ=2317.63 TgtZ=2293.76 Dist=1590.36
[ROOT] team=1 status=2 Z=2317.63 VP=(1740.58,-1585.38,2321.23)
[SelectTarget] team=2 EnemyN=1 TgtZ=2318.09
[DIST] team=2 EnemyN=1 MyZ=2293.76 TgtZ=2318.09 Dist=1589.2
[ROOT] team=2 status=2 Z=2293.76 VP=(3262.09,-1149.24,2318.09)
[SelectTarget] team=1 EnemyN=1 TgtZ=2125.35
[DIST] team=1 EnemyN=1 MyZ=2307.01 TgtZ=2125.35 Dist=2002.2
[ROOT] team=1 status=2 Z=2307.01 VP=(2578.77,-1574.8,2137.37)
[SelectTarget] team=2 EnemyN=1 TgtZ=2306.4
[DIST] team=2 EnemyN=1 MyZ=2125.35 TgtZ=2306.4 Dist=2001.55
[ROOT] team=2 status=2 Z=2125.35 VP=(3205.77,-125.234,2306.4)
[SelectTarget] team=1 EnemyN=1 TgtZ=2043.33
[DIST] team=1 EnemyN=1 MyZ=2114.53 TgtZ=2043.33 Dist=2359.99
[ROOT] team=1 status=2 Z=2114.53 VP=(1831.97,-2897.48,6885.12)
[SelectTarget] team=2 EnemyN=1 TgtZ=2113.19
[DIST] team=2 EnemyN=1 MyZ=2043.33 TgtZ=2113.19 Dist=2358.98
[ROOT] team=2 status=2 Z=2043.33 VP=(2658.2,558.157,2113.19)
[SelectTarget] team=1 EnemyN=1 TgtZ=1964.34
[DIST] team=1 EnemyN=1 MyZ=1939.36 TgtZ=1964.34 Dist=2603.93
[ROOT] team=1 status=2 Z=1939.36 VP=(2323.04,458.533,1500)
[SelectTarget] team=2 EnemyN=1 TgtZ=1938.66
[DIST] team=2 EnemyN=1 MyZ=1964.34 TgtZ=1938.66 Dist=2604
[ROOT] team=2 status=2 Z=1964.34 VP=(1719.34,749.823,2000)
[SYNCCIRCLE] R=1370.73 dist=2742.19 shrink=0 thr=0.899222
[SelectTarget] team=1 EnemyN=1 TgtZ=1917.94
[DIST] team=1 EnemyN=1 MyZ=1847.58 TgtZ=1917.94 Dist=2795.22
[ROOT] team=1 status=2 Z=1847.58 VP=(1401.42,221.052,1500)
[SelectTarget] team=2 EnemyN=1 TgtZ=1847.28
[DIST] team=2 EnemyN=1 MyZ=1917.94 TgtZ=1847.28 Dist=2795.69
[ROOT] team=2 status=2 Z=1917.94 VP=(773.207,197.075,2000)
[SelectTarget] team=1 EnemyN=1 TgtZ=1909.21
[DIST] team=1 EnemyN=1 MyZ=1808.19 TgtZ=1909.21 Dist=2986.75
[ROOT] team=1 status=2 Z=1808.19 VP=(4544.24,-1263.3,6595.43)
[SelectTarget] team=2 EnemyN=1 TgtZ=1807.9
[DIST] team=2 EnemyN=1 MyZ=1909.21 TgtZ=1807.9 Dist=2987.48
[ROOT] team=2 status=2 Z=1909.21 VP=(324.273,-863.255,2000)
[SelectTarget] team=1 EnemyN=1 TgtZ=1909.08
[DIST] team=1 EnemyN=1 MyZ=1851.98 TgtZ=1909.08 Dist=3227.54
[ROOT] team=1 status=2 Z=1851.98 VP=(705.488,-1439.4,1500)
[SelectTarget] team=2 EnemyN=1 TgtZ=1852.29
[DIST] team=2 EnemyN=1 MyZ=1909.08 TgtZ=1852.29 Dist=3228.47
[ROOT] team=2 status=2 Z=1909.08 VP=(511.526,-1995.84,2000)
[SelectTarget] team=1 EnemyN=1 TgtZ=1912.29
[DIST] team=1 EnemyN=1 MyZ=1836.24 TgtZ=1912.29 Dist=3374.57
[ROOT] team=1 status=2 Z=1836.24 VP=(1120.13,-2305.09,1500)
[SelectTarget] team=2 EnemyN=1 TgtZ=1836.18
[DIST] team=2 EnemyN=1 MyZ=1912.29 TgtZ=1836.18 Dist=3374.46
[ROOT] team=2 status=2 Z=1912.29 VP=(1244.65,-2867.38,2000)
[SYNCCIRCLE] R=1722.72 dist=3446.96 shrink=0 thr=0.741598
[SelectTarget] team=1 EnemyN=1 TgtZ=1916.47
[DIST] team=1 EnemyN=1 MyZ=1812.72 TgtZ=1916.47 Dist=3473.3
[ROOT] team=1 status=2 Z=1812.72 VP=(1925.97,-2836.85,1500)
[SelectTarget] team=2 EnemyN=1 TgtZ=1812.65
[DIST] team=2 EnemyN=1 MyZ=1916.47 TgtZ=1812.65 Dist=3472.39
[ROOT] team=2 status=2 Z=1916.47 VP=(2315.96,-3248.15,2000)
[SelectTarget] team=1 EnemyN=1 TgtZ=1920.21
[DIST] team=1 EnemyN=1 MyZ=1846 TgtZ=1920.21 Dist=3552.61
[ROOT] team=1 status=2 Z=1846 VP=(2892.84,-2886.82,1500)
[SelectTarget] team=2 EnemyN=1 TgtZ=1846.57
[DIST] team=2 EnemyN=1 MyZ=1920.21 TgtZ=1846.57 Dist=3551.42
[ROOT] team=2 status=2 Z=1920.21 VP=(3430.98,-3043,2000)
[SelectTarget] team=1 EnemyN=1 TgtZ=1922.98
[DIST] team=1 EnemyN=1 MyZ=1854.33 TgtZ=1922.98 Dist=3520.05
[ROOT] team=1 status=2 Z=1854.33 VP=(3758.58,-2444.93,1500)
[SelectTarget] team=2 EnemyN=1 TgtZ=1853.98
[DIST] team=2 EnemyN=1 MyZ=1922.98 TgtZ=1853.98 Dist=3520.18
[ROOT] team=2 status=2 Z=1922.98 VP=(4298.33,-2314.23,2000)
[SelectTarget] team=1 EnemyN=1 TgtZ=1924.13
[DIST] team=1 EnemyN=1 MyZ=1816.49 TgtZ=1924.13 Dist=3402.33
[ROOT] team=1 status=2 Z=1816.49 VP=(4284.04,-1618.95,1500)
[SelectTarget] team=2 EnemyN=1 TgtZ=1816.46
[DIST] team=2 EnemyN=1 MyZ=1924.13 TgtZ=1816.46 Dist=3401.86
[ROOT] team=2 status=2 Z=1924.13 VP=(4674.56,-1229.02,2000)
[SYNCCIRCLE] R=1645.76 dist=3293.82 shrink=0 thr=0.68398
[SelectTarget] team=1 EnemyN=1 TgtZ=1923.31
[DIST] team=1 EnemyN=1 MyZ=1800.55 TgtZ=1923.31 Dist=3257.99
[ROOT] team=1 status=2 Z=1800.55 VP=(4290.33,-629.643,1500)
[SelectTarget] team=2 EnemyN=1 TgtZ=1800.52
[DIST] team=2 EnemyN=1 MyZ=1923.31 TgtZ=1800.52 Dist=3256.25
[ROOT] team=2 status=2 Z=1923.31 VP=(4409.37,-92.4991,2000)
[SelectTarget] team=1 EnemyN=1 TgtZ=1920.91
[DIST] team=1 EnemyN=1 MyZ=1865.44 TgtZ=1920.91 Dist=3155.88
[ROOT] team=1 status=2 Z=1865.44 VP=(3745.44,205.001,1500)
[SelectTarget] team=2 EnemyN=1 TgtZ=1866.06
[DIST] team=2 EnemyN=1 MyZ=1920.91 TgtZ=1866.06 Dist=3155.33
[ROOT] team=2 status=2 Z=1920.91 VP=(3542.31,716.012,2000)
[SelectTarget] team=1 EnemyN=1 TgtZ=1917.96
[DIST] team=1 EnemyN=1 MyZ=1869.88 TgtZ=1917.96 Dist=3016
[ROOT] team=1 status=2 Z=1869.88 VP=(2825.58,588.638,1500)
[SelectTarget] team=2 EnemyN=1 TgtZ=1869.55
[DIST] team=2 EnemyN=1 MyZ=1917.96 TgtZ=1869.55 Dist=3014.45
[ROOT] team=2 status=2 Z=1917.96 VP=(2369.48,895.816,2000)
[SelectTarget] team=1 EnemyN=1 TgtZ=1915.05
[DIST] team=1 EnemyN=1 MyZ=1829.1 TgtZ=1915.05 Dist=2888.48
[ROOT] team=1 status=2 Z=1829.1 VP=(1853.17,361.194,1500)
[SelectTarget] team=2 EnemyN=1 TgtZ=1829.06
[DIST] team=2 EnemyN=1 MyZ=1915.05 TgtZ=1829.06 Dist=2887.48
[ROOT] team=2 status=2 Z=1915.05 VP=(1302.7,332.406,2000)
[SYNCCIRCLE] R=1414.68 dist=2831.26 shrink=0 thr=0.700854
[SelectTarget] team=1 EnemyN=1 TgtZ=1912.72
[DIST] team=1 EnemyN=1 MyZ=1806.58 TgtZ=1912.72 Dist=2821.36
[ROOT] team=1 status=2 Z=1806.58 VP=(1223.33,-424.073,1500)
[SelectTarget] team=2 EnemyN=1 TgtZ=1806.43
[DIST] team=2 EnemyN=1 MyZ=1912.72 TgtZ=1806.43 Dist=2820.59
[ROOT] team=2 status=2 Z=1912.72 VP=(804.119,-787.76,2000)
[SelectTarget] team=1 EnemyN=1 TgtZ=1911.93
[DIST] team=1 EnemyN=1 MyZ=1867.38 TgtZ=1911.93 Dist=2887
[ROOT] team=1 status=2 Z=1867.38 VP=(1215.5,-1431.2,1500)
[SelectTarget] team=2 EnemyN=1 TgtZ=1868.09
[DIST] team=2 EnemyN=1 MyZ=1911.93 TgtZ=1868.09 Dist=2887.25
[ROOT] team=2 status=2 Z=1911.93 VP=(1106.45,-1980.31,2000)
[SelectTarget] team=1 EnemyN=1 TgtZ=1913.38
[DIST] team=1 EnemyN=1 MyZ=1891.39 TgtZ=1913.38 Dist=2970.03
[ROOT] team=1 status=2 Z=1891.39 VP=(3223.68,1099.7,6673.15)
[SelectTarget] team=2 EnemyN=1 TgtZ=1890.88
[DIST] team=2 EnemyN=1 MyZ=1913.38 TgtZ=1890.88 Dist=2969.14
[ROOT] team=2 status=2 Z=1913.38 VP=(2038.65,-2751.05,2000)
[SelectTarget] team=1 EnemyN=1 TgtZ=1916.05
[DIST] team=1 EnemyN=1 MyZ=1830.06 TgtZ=1916.05 Dist=3063.71
[ROOT] team=1 status=2 Z=1830.06 VP=(2746.62,-2557.2,1500)
[SelectTarget] team=2 EnemyN=1 TgtZ=1829.85
[DIST] team=2 EnemyN=1 MyZ=1916.05 TgtZ=1829.85 Dist=3063.87
[ROOT] team=2 status=2 Z=1916.05 VP=(3232.88,-2835.87,2000)
[SYNCCIRCLE] R=1583.28 dist=3168.51 shrink=0 thr=0.713612
[SelectTarget] team=1 EnemyN=1 TgtZ=1918.79
[DIST] team=1 EnemyN=1 MyZ=1804.99 TgtZ=1918.79 Dist=3212.01
[ROOT] team=1 status=2 Z=1804.99 VP=(3697.7,-2282.72,1500)
[SelectTarget] team=2 EnemyN=1 TgtZ=1805.02
[DIST] team=2 EnemyN=1 MyZ=1918.79 TgtZ=1805.02 Dist=3212.59
[ROOT] team=2 status=2 Z=1918.79 VP=(4255.44,-2243.32,2000)
[SelectTarget] team=1 EnemyN=1 TgtZ=1920.88
[DIST] team=1 EnemyN=1 MyZ=1829.92 TgtZ=1920.88 Dist=3353.76
[ROOT] team=1 status=2 Z=1829.92 VP=(4341.92,-1532.9,1500)
[SelectTarget] team=2 EnemyN=1 TgtZ=1830.8
[DIST] team=2 EnemyN=1 MyZ=1920.88 TgtZ=1830.8 Dist=3355.63
[ROOT] team=2 status=2 Z=1920.88 VP=(4790.82,-1202.98,2000)
[SelectTarget] team=1 EnemyN=1 TgtZ=1922.15
[DIST] team=1 EnemyN=1 MyZ=1963.19 TgtZ=1922.15 Dist=3518.65
[ROOT] team=1 status=2 Z=1963.19 VP=(4508.2,-561.247,1500)
[SelectTarget] team=2 EnemyN=1 TgtZ=1963.44
[DIST] team=2 EnemyN=1 MyZ=1922.15 TgtZ=1963.44 Dist=3518.44
[ROOT] team=2 status=2 Z=1922.15 VP=(4725.73,-52.1116,2000)
[SelectTarget] team=1 EnemyN=1 TgtZ=1922.25
[DIST] team=1 EnemyN=1 MyZ=1908.6 TgtZ=1922.25 Dist=3484.46
[ROOT] team=1 status=2 Z=1908.6 VP=(4161.83,363.866,1500)
[SelectTarget] team=2 EnemyN=1 TgtZ=1908.18
[DIST] team=2 EnemyN=1 MyZ=1922.25 TgtZ=1908.18 Dist=3483.57
[ROOT] team=2 status=2 Z=1922.25 VP=(4090.37,909.135,2000)
[SYNCCIRCLE] R=1720.18 dist=3441.04 shrink=0 thr=0.679865
[SelectTarget] team=1 EnemyN=1 TgtZ=1920.97
[DIST] team=1 EnemyN=1 MyZ=1843.76 TgtZ=1920.97 Dist=3433.53
[ROOT] team=1 status=2 Z=1843.76 VP=(3386.44,977.251,1500)
[SelectTarget] team=2 EnemyN=1 TgtZ=1843.56
[DIST] team=2 EnemyN=1 MyZ=1920.97 TgtZ=1843.56 Dist=3432.21
[ROOT] team=2 status=2 Z=1920.97 VP=(3040.86,1401.78,2000)
[SelectTarget] team=1 EnemyN=1 TgtZ=1918.99
[DIST] team=1 EnemyN=1 MyZ=1816.18 TgtZ=1918.99 Dist=3373.94
[ROOT] team=1 status=2 Z=1816.18 VP=(2401.5,1085.45,1500)
[SelectTarget] team=2 EnemyN=1 TgtZ=1816.02
[DIST] team=2 EnemyN=1 MyZ=1918.99 TgtZ=1816.02 Dist=3372.33
[ROOT] team=2 status=2 Z=1918.99 VP=(1884.43,1260.52,2000)
[SelectTarget] team=1 EnemyN=1 TgtZ=1917.25
[DIST] team=1 EnemyN=1 MyZ=1798.6 TgtZ=1917.25 Dist=3281.49
[ROOT] team=1 status=2 Z=1798.6 VP=(4616.37,-1488.23,6586.56)
[SelectTarget] team=2 EnemyN=1 TgtZ=1798.38
[DIST] team=2 EnemyN=1 MyZ=1917.25 TgtZ=1798.38 Dist=3280.27
[ROOT] team=2 status=2 Z=1917.25 VP=(984.216,510.325,2000)
[SelectTarget] team=1 EnemyN=1 TgtZ=1916.27
[DIST] team=1 EnemyN=1 MyZ=1899.07 TgtZ=1916.27 Dist=3257.2
[ROOT] team=1 status=2 Z=1899.07 VP=(1013.69,-220.396,1500)
[SelectTarget] team=2 EnemyN=1 TgtZ=1899.7
[DIST] team=2 EnemyN=1 MyZ=1916.27 TgtZ=1899.7 Dist=3256.88
[ROOT] team=2 status=2 Z=1916.27 VP=(647.213,-624.969,2000)
[SYNCCIRCLE] R=1594.41 dist=3188.82 shrink=0 thr=0.6811
[SelectTarget] team=1 EnemyN=1 TgtZ=1916.6
[DIST] team=1 EnemyN=1 MyZ=1899.28 TgtZ=1916.6 Dist=3146.38
[ROOT] team=1 status=2 Z=1899.28 VP=(4073.06,821.016,6681.34)
[SelectTarget] team=2 EnemyN=1 TgtZ=1898.77
[DIST] team=2 EnemyN=1 MyZ=1916.6 TgtZ=1898.77 Dist=3144.94
[ROOT] team=2 status=2 Z=1916.6 VP=(992.453,-1760.13,2000)
[SelectTarget] team=1 EnemyN=1 TgtZ=1917.73
[DIST] team=1 EnemyN=1 MyZ=1838.51 TgtZ=1917.73 Dist=3034.08
[ROOT] team=1 status=2 Z=1838.51 VP=(1688.57,-2010.43,1500)
[SelectTarget] team=2 EnemyN=1 TgtZ=1838.38
[DIST] team=2 EnemyN=1 MyZ=1917.73 TgtZ=1838.38 Dist=3032.66
[ROOT] team=2 status=2 Z=1917.73 VP=(1941.39,-2497.99,2000)
[SelectTarget] team=1 EnemyN=1 TgtZ=1919
[DIST] team=1 EnemyN=1 MyZ=1810.01 TgtZ=1919 Dist=2983.67
[ROOT] team=1 status=2 Z=1810.01 VP=(2657.36,-2282.16,1500)
[SelectTarget] team=2 EnemyN=1 TgtZ=1809.93
[DIST] team=2 EnemyN=1 MyZ=1919 TgtZ=1809.93 Dist=2983.92
[ROOT] team=2 status=2 Z=1919 VP=(3152.94,-2526.23,2000)
[SelectTarget] team=1 EnemyN=1 TgtZ=1920.15
[DIST] team=1 EnemyN=1 MyZ=1853.71 TgtZ=1920.15 Dist=3017.35
[ROOT] team=1 status=2 Z=1853.71 VP=(3595.06,-1920.68,1500)
[SelectTarget] team=2 EnemyN=1 TgtZ=1854.54
[DIST] team=2 EnemyN=1 MyZ=1920.15 TgtZ=1854.54 Dist=3017.07
[ROOT] team=2 status=2 Z=1920.15 VP=(4141.73,-1824.25,2000)
[SYNCCIRCLE] R=1535.4 dist=3070.79 shrink=0 thr=0.700031
[SelectTarget] team=1 EnemyN=1 TgtZ=1920.93
[DIST] team=1 EnemyN=1 MyZ=1919.65 TgtZ=1920.93 Dist=3072.47
[ROOT] team=1 status=2 Z=1919.65 VP=(4146.3,-1083.14,1500)
[SelectTarget] team=2 EnemyN=1 TgtZ=1919.4
[DIST] team=2 EnemyN=1 MyZ=1920.93 TgtZ=1919.4 Dist=3071.85
[ROOT] team=2 status=2 Z=1920.93 VP=(4539.43,-690.25,2000)
[SelectTarget] team=1 EnemyN=1 TgtZ=1920.65
[DIST] team=1 EnemyN=1 MyZ=1854.36 TgtZ=1920.65 Dist=3080
[ROOT] team=1 status=2 Z=1854.36 VP=(937.242,-2029.43,6639.04)
[SelectTarget] team=2 EnemyN=1 TgtZ=1853.95
[DIST] team=2 EnemyN=1 MyZ=1920.65 TgtZ=1853.95 Dist=3079.66
[ROOT] team=2 status=2 Z=1920.65 VP=(4208.56,466.875,2000)
[SelectTarget] team=1 EnemyN=1 TgtZ=1919.16
[DIST] team=1 EnemyN=1 MyZ=1812.58 TgtZ=1919.16 Dist=3140.41
[ROOT] team=1 status=2 Z=1812.58 VP=(3511.38,723.086,1500)
[SelectTarget] team=2 EnemyN=1 TgtZ=1812.47
[DIST] team=2 EnemyN=1 MyZ=1919.16 TgtZ=1812.47 Dist=3140.6
[ROOT] team=2 status=2 Z=1919.16 VP=(3273.9,1224.14,2000)
[SelectTarget] team=1 EnemyN=1 TgtZ=1917.37
[DIST] team=1 EnemyN=1 MyZ=1803.2 TgtZ=1917.37 Dist=3223.98
[ROOT] team=1 status=2 Z=1803.2 VP=(2564.19,1041.6,1500)
[SelectTarget] team=2 EnemyN=1 TgtZ=1803.33
[DIST] team=2 EnemyN=1 MyZ=1917.37 TgtZ=1803.33 Dist=3223.91
[ROOT] team=2 status=2 Z=1917.37 VP=(2088.15,1322.99,2000)
[SYNCCIRCLE] R=1631.08 dist=3264.21 shrink=0 thr=0.693858
[SelectTarget] team=1 EnemyN=1 TgtZ=1916.08
[DIST] team=1 EnemyN=1 MyZ=1803.64 TgtZ=1916.08 Dist=3273.86
[ROOT] team=1 status=2 Z=1803.64 VP=(1603.05,781.479,1500)
[SelectTarget] team=2 EnemyN=1 TgtZ=1803.64
[DIST] team=2 EnemyN=1 MyZ=1916.08 TgtZ=1803.64 Dist=3274.35
[ROOT] team=2 status=2 Z=1916.08 VP=(1052.81,754.99,2000)
[SelectTarget] team=1 EnemyN=1 TgtZ=1915.7
[DIST] team=1 EnemyN=1 MyZ=1860.67 TgtZ=1915.7 Dist=3325.95
[ROOT] team=1 status=2 Z=1860.67 VP=(942.824,37.406,1500)
[SelectTarget] team=2 EnemyN=1 TgtZ=1861.59
[DIST] team=2 EnemyN=1 MyZ=1915.7 TgtZ=1861.59 Dist=3326.45
[ROOT] team=2 status=2 Z=1915.7 VP=(497.123,-283.64,2000)
runner:local/env:0	num_steps=[11999] | total rewards=[-119.9900] | termination= [max time out]
[seed 3] reward=  -119.99 ownHP=1.0000 tgtHP=1.0000 max time out
total: 2
[SelectTarget] team=1 EnemyN=1 TgtZ=7001.15
[DIST] team=1 EnemyN=1 MyZ=8179 TgtZ=7001.15 Dist=3415.21
[ROOT] team=1 status=2 Z=8179 VP=(4817.82,-104.089,7529)
[SelectTarget] team=2 EnemyN=1 TgtZ=8177.92
[DIST] team=2 EnemyN=1 MyZ=7001.15 TgtZ=8177.92 Dist=3415.37
[ROOT] team=2 status=2 Z=7001.15 VP=(4966.83,-1304.94,7351.15)
[SelectTarget] team=1 EnemyN=1 TgtZ=7013.12
[DIST] team=1 EnemyN=1 MyZ=7910.64 TgtZ=7013.12 Dist=2757.03
[ROOT] team=1 status=2 Z=7910.64 VP=(4208.42,-893.921,7260.64)
[SelectTarget] team=2 EnemyN=1 TgtZ=7908.68
[DIST] team=2 EnemyN=1 MyZ=7013.12 TgtZ=7908.68 Dist=2755.41
[ROOT] team=2 status=2 Z=7013.12 VP=(4252.02,-1603.76,7363.12)
[SYNCCIRCLE] R=1081.17 dist=2239.9 shrink=0 thr=0.849424
[SelectTarget] team=1 EnemyN=1 TgtZ=7047.82
[DIST] team=1 EnemyN=1 MyZ=7496.03 TgtZ=7047.82 Dist=2056.8
[ROOT] team=1 status=2 Z=7496.03 VP=(4371.56,-681.252,7033.35)
[SelectTarget] team=2 EnemyN=1 TgtZ=7493.4
[DIST] team=2 EnemyN=1 MyZ=7047.82 TgtZ=7493.4 Dist=2053.87
[ROOT] team=2 status=2 Z=7047.82 VP=(3632.97,-2195.1,7397.82)
[SelectTarget] team=1 EnemyN=1 TgtZ=7157.13
[DIST] team=1 EnemyN=1 MyZ=7006.39 TgtZ=7157.13 Dist=1373.56
[ROOT] team=1 status=2 Z=7006.39 VP=(3956.73,-1312.74,7094.81)
[SelectTarget] team=2 EnemyN=1 TgtZ=7003.82
[DIST] team=2 EnemyN=1 MyZ=7157.13 TgtZ=7003.82 Dist=1369.09
[ROOT] team=2 status=2 Z=7157.13 VP=(2934.29,-2779.13,7003.82)
[SelectTarget] team=1 EnemyN=1 TgtZ=7121.37
[DIST] team=1 EnemyN=1 MyZ=6688.22 TgtZ=7121.37 Dist=989.387
[ROOT] team=1 status=2 Z=6688.22 VP=(3433.34,-2168.1,7144.41)
[SelectTarget] team=2 EnemyN=1 TgtZ=6687.36
[DIST] team=2 EnemyN=1 MyZ=7121.37 TgtZ=6687.36 Dist=986.346
[ROOT] team=2 status=2 Z=7121.37 VP=(1831.59,-2213.46,6771.37)
[SelectTarget] team=1 EnemyN=1 TgtZ=6887.54
[DIST] team=1 EnemyN=1 MyZ=6637.1 TgtZ=6887.54 Dist=1425.71
[ROOT] team=1 status=2 Z=6637.1 VP=(2757.98,-2659.86,6929.31)
[SelectTarget] team=2 EnemyN=1 TgtZ=6637.17
[DIST] team=2 EnemyN=1 MyZ=6887.54 TgtZ=6637.17 Dist=1425.29
[ROOT] team=2 status=2 Z=6887.54 VP=(2043.11,-1338.24,6637.17)
[SYNCCIRCLE] R=1026.37 dist=2052.98 shrink=0 thr=0.709908
[SelectTarget] team=1 EnemyN=1 TgtZ=6502.09
[DIST] team=1 EnemyN=1 MyZ=6644.59 TgtZ=6502.09 Dist=2297.09
[ROOT] team=1 status=2 Z=6644.59 VP=(1964.18,-2780.86,6579.37)
[SelectTarget] team=2 EnemyN=1 TgtZ=6644.46
[DIST] team=2 EnemyN=1 MyZ=6502.09 TgtZ=6644.46 Dist=2297.3
[ROOT] team=2 status=2 Z=6502.09 VP=(2022.19,-1293.6,6644.46)
[SelectTarget] team=1 EnemyN=1 TgtZ=6048.75
[DIST] team=1 EnemyN=1 MyZ=6546.36 TgtZ=6048.75 Dist=3204.26
[ROOT] team=1 status=2 Z=6546.36 VP=(792.761,-1836.9,5896.36)
[SelectTarget] team=2 EnemyN=1 TgtZ=6545.3
[DIST] team=2 EnemyN=1 MyZ=6048.75 TgtZ=6545.3 Dist=3204.65
[ROOT] team=2 status=2 Z=6048.75 VP=(1837.36,-1116.6,6398.75)
[SelectTarget] team=1 EnemyN=1 TgtZ=5614.92
[DIST] team=1 EnemyN=1 MyZ=6261.09 TgtZ=5614.92 Dist=3999.34
[ROOT] team=1 status=2 Z=6261.09 VP=(680.328,-993.894,5611.09)
[SelectTarget] team=2 EnemyN=1 TgtZ=6259
[DIST] team=2 EnemyN=1 MyZ=5614.92 TgtZ=6259 Dist=3998.56
[ROOT] team=2 status=2 Z=5614.92 VP=(1762.15,-724.973,5964.92)
[PURE_ATA] team=2 ata=148.874 dist=4021.75 leadDist=0 aa=156.86
[PURE_ATA] team=2 ata=148.578 dist=4044.02 leadDist=0 aa=157.259
[PURE_ATA] team=2 ata=148.266 dist=4066.89 leadDist=0 aa=157.637
[PURE_ATA] team=2 ata=147.702 dist=4090.16 leadDist=0 aa=158.054
[PURE_ATA] team=2 ata=146.908 dist=4112.01 leadDist=0 aa=158.573
[PURE_ATA] team=2 ata=146.086 dist=4132.7 leadDist=0 aa=159.202
[PURE_ATA] team=2 ata=145.299 dist=4154.6 leadDist=0 aa=159.895
[PURE_ATA] team=2 ata=144.518 dist=4176.68 leadDist=0 aa=160.625
[PURE_ATA] team=2 ata=143.727 dist=4196.28 leadDist=0 aa=161.389
[PURE_ATA] team=2 ata=142.968 dist=4217.39 leadDist=0 aa=162.15
[PURE_ATA] team=2 ata=142.259 dist=4238.21 leadDist=0 aa=162.899
[PURE_ATA] team=2 ata=141.571 dist=4257.04 leadDist=0 aa=163.613
[PURE_ATA] team=2 ata=140.905 dist=4276.05 leadDist=0 aa=164.27
[PURE_ATA] team=2 ata=140.263 dist=4296.14 leadDist=0 aa=164.869
[PURE_ATA] team=2 ata=139.628 dist=4314.88 leadDist=0 aa=165.421
[PURE_ATA] team=2 ata=138.98 dist=4333.16 leadDist=0 aa=165.919
[PURE_ATA] team=2 ata=138.339 dist=4351.2 leadDist=0 aa=166.381
[PURE_ATA] team=2 ata=137.697 dist=4369.48 leadDist=0 aa=166.809
[PURE_ATA] team=2 ata=137.055 dist=4386.41 leadDist=0 aa=167.215
[PURE_ATA] team=2 ata=136.394 dist=4401.47 leadDist=0 aa=167.592
[PURE_ATA] team=2 ata=135.74 dist=4417.71 leadDist=0 aa=167.949
[PURE_ATA] team=2 ata=135.078 dist=4434.38 leadDist=0 aa=168.284
[PURE_ATA] team=2 ata=134.411 dist=4449.92 leadDist=0 aa=168.605
[PURE_ATA] team=2 ata=133.745 dist=4464.14 leadDist=0 aa=168.924
[PURE_ATA] team=2 ata=133.077 dist=4479.99 leadDist=0 aa=169.222
[PURE_ATA] team=2 ata=132.396 dist=4493.71 leadDist=0 aa=169.513
[PURE_ATA] team=2 ata=131.716 dist=4507.5 leadDist=0 aa=169.798
[PURE_ATA] team=2 ata=131.025 dist=4519.14 leadDist=0 aa=170.075
[PURE_ATA] team=2 ata=130.339 dist=4532.08 leadDist=0 aa=170.346
[SelectTarget] team=1 EnemyN=1 TgtZ=5145.64
[DIST] team=1 EnemyN=1 MyZ=5815.02 TgtZ=5145.64 Dist=4546.49
[ROOT] team=1 status=2 Z=5815.02 VP=(547.276,-363.54,5165.02)
[SelectTarget] team=2 EnemyN=1 TgtZ=5812.23
[DIST] team=2 EnemyN=1 MyZ=5145.64 TgtZ=5812.23 Dist=4544.23
[PURE_ATA] team=2 ata=129.643 dist=4544.23 leadDist=0 aa=170.609
[ROOT] team=2 status=2 Z=5145.64 VP=(2386.88,-4983.03,5812.23)
[PURE_ATA] team=2 ata=128.949 dist=4555.11 leadDist=0 aa=170.873
[PURE_ATA] team=2 ata=128.244 dist=4566.58 leadDist=0 aa=171.125
[PURE_ATA] team=2 ata=127.543 dist=4576.79 leadDist=0 aa=171.379
[PURE_ATA] team=2 ata=126.829 dist=4586.35 leadDist=0 aa=171.622
[PURE_ATA] team=2 ata=126.12 dist=4595.88 leadDist=0 aa=171.869
[PURE_ATA] team=2 ata=125.404 dist=4604.61 leadDist=0 aa=172.108
[PURE_ATA] team=2 ata=124.681 dist=4611.14 leadDist=0 aa=172.347
[PURE_ATA] team=2 ata=123.964 dist=4619.06 leadDist=0 aa=172.585
[PURE_ATA] team=2 ata=123.236 dist=4626.3 leadDist=0 aa=172.816
[PURE_ATA] team=2 ata=122.509 dist=4632.44 leadDist=0 aa=173.047
[PURE_ATA] team=2 ata=121.78 dist=4637.62 leadDist=0 aa=173.276
[PURE_ATA] team=2 ata=121.053 dist=4642.99 leadDist=0 aa=173.507
[PURE_ATA] team=2 ata=120.317 dist=4646.39 leadDist=0 aa=173.731
[PURE_ATA] team=2 ata=119.581 dist=4651.36 leadDist=0 aa=173.952
[PURE_ATA] team=2 ata=118.84 dist=4654.21 leadDist=0 aa=174.168
[PURE_ATA] team=2 ata=118.101 dist=4656 leadDist=0 aa=174.387
[PURE_ATA] team=2 ata=117.361 dist=4658.21 leadDist=0 aa=174.602
[PURE_ATA] team=2 ata=116.616 dist=4659.57 leadDist=0 aa=174.813
[PURE_ATA] team=2 ata=115.875 dist=4659.88 leadDist=0 aa=175.027
[PURE_ATA] team=2 ata=115.131 dist=4659.33 leadDist=0 aa=175.238
[PURE_ATA] team=2 ata=114.385 dist=4657.93 leadDist=0 aa=175.446
[PURE_ATA] team=2 ata=113.641 dist=4656.86 leadDist=0 aa=175.653
[PURE_ATA] team=2 ata=112.894 dist=4654.94 leadDist=0 aa=175.856
[PURE_ATA] team=2 ata=112.149 dist=4652.08 leadDist=0 aa=176.06
[PURE_ATA] team=2 ata=111.399 dist=4648.43 leadDist=0 aa=176.26
[PURE_ATA] team=2 ata=110.651 dist=4643.83 leadDist=0 aa=176.46
[PURE_ATA] team=2 ata=109.903 dist=4638.36 leadDist=0 aa=176.658
[PURE_ATA] team=2 ata=109.153 dist=4632.03 leadDist=0 aa=176.854
[PURE_ATA] team=2 ata=108.403 dist=4626.12 leadDist=0 aa=177.048
[SelectTarget] team=1 EnemyN=1 TgtZ=4444.04
[DIST] team=1 EnemyN=1 MyZ=5286.34 TgtZ=4444.04 Dist=4623.05
[ROOT] team=1 status=2 Z=5286.34 VP=(1143.86,-169.368,4636.34)
[SelectTarget] team=2 EnemyN=1 TgtZ=5283.35
[DIST] team=2 EnemyN=1 MyZ=4444.04 TgtZ=5283.35 Dist=4619.34
[PURE_ATA] team=2 ata=107.654 dist=4619.34 leadDist=0 aa=177.239
[ROOT] team=2 status=2 Z=4444.04 VP=(1567.35,-4771.03,5283.35)
[PURE_ATA] team=2 ata=106.908 dist=4611.64 leadDist=0 aa=177.433
[PURE_ATA] team=2 ata=106.159 dist=4603.12 leadDist=0 aa=177.625
[PURE_ATA] team=2 ata=105.411 dist=4593.72 leadDist=0 aa=177.814
[PURE_ATA] team=2 ata=104.66 dist=4583.48 leadDist=0 aa=178
[PURE_ATA] team=2 ata=103.919 dist=4572.3 leadDist=0 aa=178.192
[PURE_ATA] team=2 ata=103.172 dist=4560.31 leadDist=0 aa=178.379
[PURE_ATA] team=2 ata=102.426 dist=4548.76 leadDist=0 aa=178.563
[PURE_ATA] team=2 ata=101.684 dist=4535.02 leadDist=0 aa=178.75
[PURE_ATA] team=2 ata=100.939 dist=4521.75 leadDist=0 aa=178.933
[PURE_ATA] team=2 ata=100.198 dist=4507.6 leadDist=0 aa=179.116
[PURE_ATA] team=2 ata=99.4598 dist=4492.58 leadDist=0 aa=179.301
[PURE_ATA] team=2 ata=98.7182 dist=4476.71 leadDist=0 aa=179.482
[PURE_ATA] team=2 ata=97.9813 dist=4459.97 leadDist=0 aa=179.665
[PURE_ATA] team=2 ata=97.252 dist=4442.36 leadDist=0 aa=179.853
[PURE_ATA] team=2 ata=96.5173 dist=4423.88 leadDist=0 aa=179.966
[PURE_ATA] team=2 ata=95.7837 dist=4405.85 leadDist=0 aa=179.786
[PURE_ATA] team=2 ata=95.0565 dist=4385.64 leadDist=0 aa=179.601
[PURE_ATA] team=2 ata=94.3309 dist=4364.55 leadDist=0 aa=179.417
[PURE_ATA] team=2 ata=93.6048 dist=4345.21 leadDist=0 aa=179.237
[PURE_ATA] team=2 ata=92.8861 dist=4322.37 leadDist=0 aa=179.05
[PURE_ATA] team=2 ata=92.1663 dist=4299.95 leadDist=0 aa=178.865
[PURE_ATA] team=2 ata=91.4535 dist=4276.68 leadDist=0 aa=178.677
[PURE_ATA] team=2 ata=90.7418 dist=4252.5 leadDist=0 aa=178.489
[PURE_ATA] team=2 ata=90.032 dist=4227.4 leadDist=0 aa=178.301
[PURE_ATA] team=2 ata=89.3216 dist=4202.7 leadDist=0 aa=178.117
[PURE_ATA] team=2 ata=88.6168 dist=4177.11 leadDist=0 aa=177.927
[PURE_ATA] team=2 ata=87.9229 dist=4149.35 leadDist=0 aa=177.729
[PURE_ATA] team=2 ata=87.2301 dist=4121.99 leadDist=0 aa=177.532
[PURE_ATA] team=2 ata=86.535 dist=4094.97 leadDist=0 aa=177.338
[SelectTarget] team=1 EnemyN=1 TgtZ=3622.25
[DIST] team=1 EnemyN=1 MyZ=4775.87 TgtZ=3622.25 Dist=4071.31
[ROOT] team=1 status=2 Z=4775.87 VP=(1777.1,-695.006,4125.87)
[SelectTarget] team=2 EnemyN=1 TgtZ=4773.26
[DIST] team=2 EnemyN=1 MyZ=3622.25 TgtZ=4773.26 Dist=4065.73
[PURE_ATA] team=2 ata=85.8496 dist=4065.73 leadDist=0 aa=177.137
[ROOT] team=2 status=2 Z=3622.25 VP=(1010.84,-4078.68,4773.26)
[PURE_ATA] team=2 ata=85.1706 dist=4035.6 leadDist=0 aa=176.928
[PURE_ATA] team=2 ata=84.4911 dist=4005.79 leadDist=0 aa=176.723
[SelectTarget] team=1 EnemyN=1 TgtZ=2991.46
[DIST] team=1 EnemyN=1 MyZ=4355.29 TgtZ=2991.46 Dist=3151.84
[ROOT] team=1 status=2 Z=4355.29 VP=(3252.95,-1079.39,3705.29)
[SelectTarget] team=2 EnemyN=1 TgtZ=4353.2
[DIST] team=2 EnemyN=1 MyZ=2991.46 TgtZ=4353.2 Dist=3146.15
[ROOT] team=2 status=2 Z=2991.46 VP=(3649.82,-1365.47,3341.46)
[SYNCCIRCLE] R=1089.88 dist=2473.67 shrink=0 thr=0.503309
[SelectTarget] team=1 EnemyN=1 TgtZ=2918.88
[DIST] team=1 EnemyN=1 MyZ=4000.6 TgtZ=2918.88 Dist=2295.97
[ROOT] team=1 status=2 Z=4000.6 VP=(3053.52,-1088.7,3350.6)
[SelectTarget] team=2 EnemyN=1 TgtZ=3998.65
[DIST] team=2 EnemyN=1 MyZ=2918.88 TgtZ=3998.65 Dist=2289.96
[ROOT] team=2 status=2 Z=2918.88 VP=(4034.78,-2399.37,3268.88)
[SelectTarget] team=1 EnemyN=1 TgtZ=3071.74
[DIST] team=1 EnemyN=1 MyZ=3586.97 TgtZ=3071.74 Dist=1353.47
[ROOT] team=1 status=2 Z=3586.97 VP=(3573.55,-1860.13,3042.49)
[SelectTarget] team=2 EnemyN=1 TgtZ=3584.19
[DIST] team=2 EnemyN=1 MyZ=3071.74 TgtZ=3584.19 Dist=1347.9
[ROOT] team=2 status=2 Z=3071.74 VP=(3440.37,-3476.11,3421.74)
[SelectTarget] team=1 EnemyN=1 TgtZ=3190.74
[DIST] team=1 EnemyN=1 MyZ=3144.38 TgtZ=3190.74 Dist=893.071
[ROOT] team=1 status=2 Z=3144.38 VP=(3518.66,-2754.04,3170.53)
[CLAMP_DIAG] team=1 rawDist=790.093 offBoresightDeg=44.79 clamped=0
[SelectTarget] team=2 EnemyN=1 TgtZ=3142.39
[DIST] team=2 EnemyN=1 MyZ=3190.74 TgtZ=3142.39 Dist=889.793
[ROOT] team=2 status=2 Z=3190.74 VP=(1993.87,-3101.94,3142.39)
[SelectTarget] team=1 EnemyN=1 TgtZ=3135.97
[DIST] team=1 EnemyN=1 MyZ=2872.62 TgtZ=3135.97 Dist=1388.93
[ROOT] team=1 status=2 Z=2872.62 VP=(2935.58,-3395.73,3145.06)
[SelectTarget] team=2 EnemyN=1 TgtZ=2871.54
[DIST] team=2 EnemyN=1 MyZ=3135.97 TgtZ=2871.54 Dist=1388.13
[ROOT] team=2 status=2 Z=3135.97 VP=(2046.43,-2177.01,2871.54)
[SYNCCIRCLE] R=963.318 dist=1936.31 shrink=0 thr=0.767525
[SelectTarget] team=1 EnemyN=1 TgtZ=2875.23
[DIST] team=1 EnemyN=1 MyZ=2724.35 TgtZ=2875.23 Dist=2065.44
[ROOT] team=1 status=2 Z=2724.35 VP=(2117.15,-3510.1,2911.91)
[SelectTarget] team=2 EnemyN=1 TgtZ=2723.67
[DIST] team=2 EnemyN=1 MyZ=2875.23 TgtZ=2723.67 Dist=2064.87
[ROOT] team=2 status=2 Z=2875.23 VP=(2182.19,-1999,2723.67)
[SelectTarget] team=1 EnemyN=1 TgtZ=2490.58
[DIST] team=1 EnemyN=1 MyZ=2584.44 TgtZ=2490.58 Dist=2618.45
[ROOT] team=1 status=2 Z=2584.44 VP=(1339.79,-2303.8,1934.44)
[SelectTarget] team=2 EnemyN=1 TgtZ=2583.41
[DIST] team=2 EnemyN=1 MyZ=2490.58 TgtZ=2583.41 Dist=2616.32
[ROOT] team=2 status=2 Z=2490.58 VP=(2314.57,-1757.05,2583.41)
[SelectTarget] team=1 EnemyN=1 TgtZ=2143.53
[DIST] team=1 EnemyN=1 MyZ=2297.97 TgtZ=2143.53 Dist=2971.53
[ROOT] team=1 status=2 Z=2297.97 VP=(1113.33,-4832.15,7067.97)
[SelectTarget] team=2 EnemyN=1 TgtZ=2295.89
[DIST] team=2 EnemyN=1 MyZ=2143.53 TgtZ=2295.89 Dist=2969.3
[ROOT] team=2 status=2 Z=2143.53 VP=(1831.73,-703.592,6914.61)
[SelectTarget] team=1 EnemyN=1 TgtZ=1997.02
[DIST] team=1 EnemyN=1 MyZ=2035.72 TgtZ=1997.02 Dist=3322.91
[ROOT] team=1 status=2 Z=2035.72 VP=(2561.26,-908.767,1500)
[SelectTarget] team=2 EnemyN=1 TgtZ=2034.77
[DIST] team=2 EnemyN=1 MyZ=1997.02 TgtZ=2034.77 Dist=3321.85
[ROOT] team=2 status=2 Z=1997.02 VP=(3307.92,-1423.2,2034.77)
[SelectTarget] team=1 EnemyN=1 TgtZ=1894.64
[DIST] team=1 EnemyN=1 MyZ=1918 TgtZ=1894.64 Dist=3573.22
[ROOT] team=1 status=2 Z=1918 VP=(3611.42,-1237.76,1500)
[SelectTarget] team=2 EnemyN=1 TgtZ=1917.69
[DIST] team=2 EnemyN=1 MyZ=1894.64 TgtZ=1917.69 Dist=3571.77
[ROOT] team=2 status=2 Z=1894.64 VP=(3930.61,-1803.72,2000)
[SYNCCIRCLE] R=1813.27 dist=3626.56 shrink=0 thr=0.695916
[SelectTarget] team=1 EnemyN=1 TgtZ=1884.87
[DIST] team=1 EnemyN=1 MyZ=1865.19 TgtZ=1884.87 Dist=3693.84
[ROOT] team=1 status=2 Z=1865.19 VP=(4120.14,-1932.96,1500)
[SelectTarget] team=2 EnemyN=1 TgtZ=1865.17
[DIST] team=2 EnemyN=1 MyZ=1884.87 TgtZ=1865.17 Dist=3691.83
[ROOT] team=2 status=2 Z=1884.87 VP=(4277.58,-2537.55,2000)
[SelectTarget] team=1 EnemyN=1 TgtZ=1878.91
[DIST] team=1 EnemyN=1 MyZ=1843.39 TgtZ=1878.91 Dist=3529.41
[ROOT] team=1 status=2 Z=1843.39 VP=(3971.41,-2924.98,1500)
[SelectTarget] team=2 EnemyN=1 TgtZ=1843.41
[DIST] team=2 EnemyN=1 MyZ=1878.91 TgtZ=1843.41 Dist=3527.13
[ROOT] team=2 status=2 Z=1878.91 VP=(4011.66,-3492.95,2000)
[SelectTarget] team=1 EnemyN=1 TgtZ=1892.94
[DIST] team=1 EnemyN=1 MyZ=1832.2 TgtZ=1892.94 Dist=3220.93
[ROOT] team=1 status=2 Z=1832.2 VP=(3399.75,-3686.35,1500)
[SelectTarget] team=2 EnemyN=1 TgtZ=1832.2
[DIST] team=2 EnemyN=1 MyZ=1892.94 TgtZ=1832.2 Dist=3218.22
[ROOT] team=2 status=2 Z=1892.94 VP=(3139.09,-4180.07,2000)
[SelectTarget] team=1 EnemyN=1 TgtZ=1900.47
[DIST] team=1 EnemyN=1 MyZ=1826.03 TgtZ=1900.47 Dist=2927.23
[ROOT] team=1 status=2 Z=1826.03 VP=(2478.45,-3993.56,1500)
[SelectTarget] team=2 EnemyN=1 TgtZ=1825.97
[DIST] team=2 EnemyN=1 MyZ=1900.47 TgtZ=1825.97 Dist=2924.85
[ROOT] team=2 status=2 Z=1900.47 VP=(1979.83,-4234.68,2000)
[SYNCCIRCLE] R=1428.83 dist=2858.83 shrink=0 thr=0.711966
[SelectTarget] team=1 EnemyN=1 TgtZ=1902.24
[DIST] team=1 EnemyN=1 MyZ=1820.39 TgtZ=1902.24 Dist=2712.56
[ROOT] team=1 status=2 Z=1820.39 VP=(4189.6,-2101.56,6607.39)
[SelectTarget] team=2 EnemyN=1 TgtZ=1820.24
[DIST] team=2 EnemyN=1 MyZ=1902.24 TgtZ=1820.24 Dist=2709.65
[ROOT] team=2 status=2 Z=1902.24 VP=(1011.75,-3520.94,2000)
[SelectTarget] team=1 EnemyN=1 TgtZ=1901.89
[DIST] team=1 EnemyN=1 MyZ=1811.17 TgtZ=1901.89 Dist=2631.61
[ROOT] team=1 status=2 Z=1811.17 VP=(4389.91,-3251.63,6598.81)
[SelectTarget] team=2 EnemyN=1 TgtZ=1810.95
[DIST] team=2 EnemyN=1 MyZ=1901.89 TgtZ=1810.95 Dist=2630.46
[ROOT] team=2 status=2 Z=1901.89 VP=(762.384,-2310.66,2000)
[SelectTarget] team=1 EnemyN=1 TgtZ=1902.28
[DIST] team=1 EnemyN=1 MyZ=1816.79 TgtZ=1902.28 Dist=2737.65
[ROOT] team=1 status=2 Z=1816.79 VP=(1316.23,-1816.4,1500)
[SelectTarget] team=2 EnemyN=1 TgtZ=1816.62
[DIST] team=2 EnemyN=1 MyZ=1902.28 TgtZ=1816.62 Dist=2737.26
[ROOT] team=2 status=2 Z=1902.28 VP=(1376.41,-1242.19,2000)
[SelectTarget] team=1 EnemyN=1 TgtZ=1904.46
[DIST] team=1 EnemyN=1 MyZ=1813.73 TgtZ=1904.46 Dist=2963.23
[ROOT] team=1 status=2 Z=1813.73 VP=(2087.35,-1219.58,1500)
[SelectTarget] team=2 EnemyN=1 TgtZ=1813.7
[DIST] team=2 EnemyN=1 MyZ=1904.46 TgtZ=1813.7 Dist=2963.24
[ROOT] team=2 status=2 Z=1904.46 VP=(2485.88,-799.138,2000)
[SYNCCIRCLE] R=1508.94 dist=3019.44 shrink=0 thr=0.77411
[SelectTarget] team=1 EnemyN=1 TgtZ=1907.95
[DIST] team=1 EnemyN=1 MyZ=1814.42 TgtZ=1907.95 Dist=3244.4
[ROOT] team=1 status=2 Z=1814.42 VP=(3050.7,-1177.06,1500)
[SelectTarget] team=2 EnemyN=1 TgtZ=1814.33
[DIST] team=2 EnemyN=1 MyZ=1907.95 TgtZ=1814.33 Dist=3244.66
[ROOT] team=2 status=2 Z=1907.95 VP=(3610.61,-1052.79,2000)
[SelectTarget] team=1 EnemyN=1 TgtZ=1911.68
[DIST] team=1 EnemyN=1 MyZ=1812.17 TgtZ=1911.68 Dist=3510.75
[ROOT] team=1 status=2 Z=1812.17 VP=(3889,-1654.79,1500)
[SelectTarget] team=2 EnemyN=1 TgtZ=1812.05
[DIST] team=2 EnemyN=1 MyZ=1911.68 TgtZ=1812.05 Dist=3511.51
[ROOT] team=2 status=2 Z=1911.68 VP=(4420.36,-1838.75,2000)
[SelectTarget] team=1 EnemyN=1 TgtZ=1914.44
[DIST] team=1 EnemyN=1 MyZ=1811.76 TgtZ=1914.44 Dist=3726.31
[ROOT] team=1 status=2 Z=1811.76 VP=(80.3707,-2823.76,6599.81)
[SelectTarget] team=2 EnemyN=1 TgtZ=1811.63
[DIST] team=2 EnemyN=1 MyZ=1914.44 TgtZ=1811.63 Dist=3725.68
[ROOT] team=2 status=2 Z=1914.44 VP=(4732.42,-2917.32,2000)
[SelectTarget] team=1 EnemyN=1 TgtZ=1915.79
[DIST] team=1 EnemyN=1 MyZ=1816.34 TgtZ=1915.79 Dist=3873.71
[ROOT] team=1 status=2 Z=1816.34 VP=(448.155,-1656.53,6604.09)
[SelectTarget] team=2 EnemyN=1 TgtZ=1816.21
[DIST] team=2 EnemyN=1 MyZ=1915.79 TgtZ=1816.21 Dist=3873.76
[ROOT] team=2 status=2 Z=1915.79 VP=(4491.2,-4012.96,2000)
[SYNCCIRCLE] R=1946.59 dist=3894.63 shrink=0 thr=0.646118
[SelectTarget] team=1 EnemyN=1 TgtZ=1915.85
[DIST] team=1 EnemyN=1 MyZ=1819.85 TgtZ=1915.85 Dist=3941.6
[ROOT] team=1 status=2 Z=1819.85 VP=(1398.44,-888.534,6607.1)
[SelectTarget] team=2 EnemyN=1 TgtZ=1819.71
[DIST] team=2 EnemyN=1 MyZ=1915.85 TgtZ=1819.71 Dist=3941.11
[ROOT] team=2 status=2 Z=1915.85 VP=(3759.43,-4867.49,2000)
[SelectTarget] team=1 EnemyN=1 TgtZ=1915.11
[DIST] team=1 EnemyN=1 MyZ=1819.62 TgtZ=1915.11 Dist=3923.41
[ROOT] team=1 status=2 Z=1819.62 VP=(2606.43,-765.554,6606.5)
[SelectTarget] team=2 EnemyN=1 TgtZ=1819.45
[DIST] team=2 EnemyN=1 MyZ=1915.11 TgtZ=1819.45 Dist=3922.12
[ROOT] team=2 status=2 Z=1915.11 VP=(2708.68,-5274.9,2000)
[SelectTarget] team=1 EnemyN=1 TgtZ=1914.07
[DIST] team=1 EnemyN=1 MyZ=1818.04 TgtZ=1914.07 Dist=3821.41
[ROOT] team=1 status=2 Z=1818.04 VP=(3696.17,-1210.3,6605.84)
[SelectTarget] team=2 EnemyN=1 TgtZ=1817.86
[DIST] team=2 EnemyN=1 MyZ=1914.07 TgtZ=1817.86 Dist=3820.27
[ROOT] team=2 status=2 Z=1914.07 VP=(1587.32,-5122.22,2000)
[SelectTarget] team=1 EnemyN=1 TgtZ=1913.13
[DIST] team=1 EnemyN=1 MyZ=1816.97 TgtZ=1913.13 Dist=3651.1
[ROOT] team=1 status=2 Z=1816.97 VP=(1178.91,-4558.33,1500)
[SelectTarget] team=2 EnemyN=1 TgtZ=1816.78
[DIST] team=2 EnemyN=1 MyZ=1913.13 TgtZ=1816.78 Dist=3649.97
[ROOT] team=2 status=2 Z=1913.13 VP=(684.738,-4420.93,2000)
[SYNCCIRCLE] R=1803.2 dist=3607.69 shrink=0 thr=0.592616
[SelectTarget] team=1 EnemyN=1 TgtZ=1912.58
[DIST] team=1 EnemyN=1 MyZ=1813.63 TgtZ=1912.58 Dist=3432.78
[ROOT] team=1 status=2 Z=1813.63 VP=(623.739,-3713.28,1500)
[SelectTarget] team=2 EnemyN=1 TgtZ=1813.45
[DIST] team=2 EnemyN=1 MyZ=1912.58 TgtZ=1813.45 Dist=3430.53
[ROOT] team=2 status=2 Z=1912.58 VP=(278.586,-3333.21,2000)
[SelectTarget] team=1 EnemyN=1 TgtZ=1912.52
[DIST] team=1 EnemyN=1 MyZ=1816.33 TgtZ=1912.52 Dist=3207.7
[ROOT] team=1 status=2 Z=1816.33 VP=(3429.59,-4584.98,6603.84)
[SelectTarget] team=2 EnemyN=1 TgtZ=1816.2
[DIST] team=2 EnemyN=1 MyZ=1912.52 TgtZ=1816.2 Dist=3205.72
[ROOT] team=2 status=2 Z=1912.52 VP=(554.849,-2181.62,2000)
[SelectTarget] team=1 EnemyN=1 TgtZ=1912.9
[DIST] team=1 EnemyN=1 MyZ=1811.67 TgtZ=1912.9 Dist=3015.77
[ROOT] team=1 status=2 Z=1811.67 VP=(2363.65,-5087.21,6599.65)
[SelectTarget] team=2 EnemyN=1 TgtZ=1811.47
[DIST] team=2 EnemyN=1 MyZ=1912.9 TgtZ=1811.47 Dist=3013.91
[ROOT] team=2 status=2 Z=1912.9 VP=(1471.91,-1403.32,2000)
[SelectTarget] team=1 EnemyN=1 TgtZ=1913.38
[DIST] team=1 EnemyN=1 MyZ=1803.78 TgtZ=1913.38 Dist=2901.47
[ROOT] team=1 status=2 Z=1803.78 VP=(2191.95,-1573.45,1500)
[SelectTarget] team=2 EnemyN=1 TgtZ=1803.59
[DIST] team=2 EnemyN=1 MyZ=1913.38 TgtZ=1803.59 Dist=2900.22
[ROOT] team=2 status=2 Z=1913.38 VP=(2686.31,-1359.57,2000)
[SYNCCIRCLE] R=1447.05 dist=2896.12 shrink=0 thr=0.662991
[SelectTarget] team=1 EnemyN=1 TgtZ=1913.58
[DIST] team=1 EnemyN=1 MyZ=1811.48 TgtZ=1913.58 Dist=2887.38
[ROOT] team=1 status=2 Z=1811.48 VP=(3126.17,-1952.51,1500)
[SelectTarget] team=2 EnemyN=1 TgtZ=1811.3
[DIST] team=2 EnemyN=1 MyZ=1913.58 TgtZ=1811.3 Dist=2886.07
[ROOT] team=2 status=2 Z=1913.58 VP=(3657.26,-2092.26,2000)
[SelectTarget] team=1 EnemyN=1 TgtZ=1913.14
[DIST] team=1 EnemyN=1 MyZ=1802.51 TgtZ=1913.14 Dist=2931.76
[ROOT] team=1 status=2 Z=1802.51 VP=(3619.14,-2824.96,1500)
[SelectTarget] team=2 EnemyN=1 TgtZ=1803.1
[DIST] team=2 EnemyN=1 MyZ=1913.14 TgtZ=1803.1 Dist=2932.25
[ROOT] team=2 status=2 Z=1913.14 VP=(3955.61,-3267.89,2000)
[SelectTarget] team=1 EnemyN=1 TgtZ=1912.13
[DIST] team=1 EnemyN=1 MyZ=1979.99 TgtZ=1912.13 Dist=3158.34
[ROOT] team=1 status=2 Z=1979.99 VP=(3497.83,-3814.72,1500)
[SelectTarget] team=2 EnemyN=1 TgtZ=1980.7
[DIST] team=2 EnemyN=1 MyZ=1912.13 TgtZ=1980.7 Dist=3158.17
[ROOT] team=2 status=2 Z=1912.13 VP=(3525.52,-4370.17,2000)
[SelectTarget] team=1 EnemyN=1 TgtZ=1916.62
[DIST] team=1 EnemyN=1 MyZ=1999.03 TgtZ=1916.62 Dist=3277.24
[ROOT] team=1 status=2 Z=1999.03 VP=(2903.78,-4594.38,1500)
[SelectTarget] team=2 EnemyN=1 TgtZ=1998.47
[DIST] team=2 EnemyN=1 MyZ=1916.62 TgtZ=1998.47 Dist=3276.49
[ROOT] team=2 status=2 Z=1916.62 VP=(2576.07,-5042.18,2000)
[SYNCCIRCLE] R=1645.79 dist=3292.01 shrink=0 thr=0.688096
[SelectTarget] team=1 EnemyN=1 TgtZ=1914.21
[DIST] team=1 EnemyN=1 MyZ=1899.93 TgtZ=1914.21 Dist=3409.4
[ROOT] team=1 status=2 Z=1899.93 VP=(2690.62,-782.445,6681.37)
[SelectTarget] team=2 EnemyN=1 TgtZ=1899.37
[DIST] team=2 EnemyN=1 MyZ=1914.21 TgtZ=1899.37 Dist=3409.71
[ROOT] team=2 status=2 Z=1914.21 VP=(1422.87,-5095.47,2000)
[SelectTarget] team=1 EnemyN=1 TgtZ=1911.77
[DIST] team=1 EnemyN=1 MyZ=1857.82 TgtZ=1911.77 Dist=3604.45
[ROOT] team=1 status=2 Z=1857.82 VP=(3791.91,-1289.46,6642.35)
[SelectTarget] team=2 EnemyN=1 TgtZ=1857.46
[DIST] team=2 EnemyN=1 MyZ=1911.77 TgtZ=1857.46 Dist=3603.85
[ROOT] team=2 status=2 Z=1911.77 VP=(418.412,-4545.42,2000)
[SelectTarget] team=1 EnemyN=1 TgtZ=1911.36
[DIST] team=1 EnemyN=1 MyZ=1843.73 TgtZ=1911.36 Dist=3769.16
[ROOT] team=1 status=2 Z=1843.73 VP=(4416.18,-2427.64,6629.51)
[SelectTarget] team=2 EnemyN=1 TgtZ=1843.45
[DIST] team=2 EnemyN=1 MyZ=1911.36 TgtZ=1843.45 Dist=3769.87
[ROOT] team=2 status=2 Z=1911.36 VP=(-176.187,-3574.96,2000)
[SelectTarget] team=1 EnemyN=1 TgtZ=1912.61
[DIST] team=1 EnemyN=1 MyZ=1827.41 TgtZ=1912.61 Dist=3857.77
[ROOT] team=1 status=2 Z=1827.41 VP=(-0.0120215,-2908.55,1500)
[SelectTarget] team=2 EnemyN=1 TgtZ=1827.15
[DIST] team=2 EnemyN=1 MyZ=1912.61 TgtZ=1827.15 Dist=3857.25
[ROOT] team=2 status=2 Z=1912.61 VP=(-222.871,-2437.88,2000)
[SYNCCIRCLE] R=1936.33 dist=3873.68 shrink=0 thr=0.611547
[SelectTarget] team=1 EnemyN=1 TgtZ=1914.83
[DIST] team=1 EnemyN=1 MyZ=1817.26 TgtZ=1914.83 Dist=3869.49
[ROOT] team=1 status=2 Z=1817.26 VP=(251.729,-1932.88,1500)
[SelectTarget] team=2 EnemyN=1 TgtZ=1817.14
[DIST] team=2 EnemyN=1 MyZ=1914.83 TgtZ=1817.14 Dist=3868.85
[ROOT] team=2 status=2 Z=1914.83 VP=(290.363,-1417.47,2000)
[SelectTarget] team=1 EnemyN=1 TgtZ=1917.4
[DIST] team=1 EnemyN=1 MyZ=1812.4 TgtZ=1917.4 Dist=3801.74
[ROOT] team=1 status=2 Z=1812.4 VP=(950.824,-1205.8,1500)
[SelectTarget] team=2 EnemyN=1 TgtZ=1812.36
[DIST] team=2 EnemyN=1 MyZ=1917.4 TgtZ=1812.36 Dist=3800.69
[ROOT] team=2 status=2 Z=1917.4 VP=(1238.48,-778.591,2000)
[SelectTarget] team=1 EnemyN=1 TgtZ=1919.67
[DIST] team=1 EnemyN=1 MyZ=1809.73 TgtZ=1919.67 Dist=3660.55
[ROOT] team=1 status=2 Z=1809.73 VP=(1920.38,-924.789,1500)
[SelectTarget] team=2 EnemyN=1 TgtZ=1809.82
[DIST] team=2 EnemyN=1 MyZ=1919.67 TgtZ=1809.82 Dist=3658.33
[ROOT] team=2 status=2 Z=1919.67 VP=(2384.82,-703.213,2000)
[SelectTarget] team=1 EnemyN=1 TgtZ=1920.99
[DIST] team=1 EnemyN=1 MyZ=1811.19 TgtZ=1920.99 Dist=3458.39
[ROOT] team=1 status=2 Z=1811.19 VP=(2897.48,-1189.49,1500)
[SelectTarget] team=2 EnemyN=1 TgtZ=1811.34
[DIST] team=2 EnemyN=1 MyZ=1920.99 TgtZ=1811.34 Dist=3456.43
[ROOT] team=2 status=2 Z=1920.99 VP=(3409.91,-1247.43,2000)
[SYNCCIRCLE] R=1703.6 dist=3408.76 shrink=0 thr=0.593027
[SelectTarget] team=1 EnemyN=1 TgtZ=1920.82
[DIST] team=1 EnemyN=1 MyZ=1813.68 TgtZ=1920.82 Dist=3226.24
[ROOT] team=1 status=2 Z=1813.68 VP=(3574.23,-1951.67,1500)
[SelectTarget] team=2 EnemyN=1 TgtZ=1813.85
[DIST] team=2 EnemyN=1 MyZ=1920.82 TgtZ=1813.85 Dist=3225.1
[ROOT] team=2 status=2 Z=1920.82 VP=(3968.95,-2287.98,2000)
[SelectTarget] team=1 EnemyN=1 TgtZ=1918.8
[DIST] team=1 EnemyN=1 MyZ=1814.37 TgtZ=1918.8 Dist=3009.66
[ROOT] team=1 status=2 Z=1814.37 VP=(3680.2,-2972.49,1500)
[SelectTarget] team=2 EnemyN=1 TgtZ=1814.51
[DIST] team=2 EnemyN=1 MyZ=1918.8 TgtZ=1814.51 Dist=3007.62
[ROOT] team=2 status=2 Z=1918.8 VP=(3798.39,-3484.55,2000)
[SelectTarget] team=1 EnemyN=1 TgtZ=1915.02
[DIST] team=1 EnemyN=1 MyZ=1817.34 TgtZ=1915.02 Dist=2862.11
[ROOT] team=1 status=2 Z=1817.34 VP=(3132.68,-3841.4,1500)
[SelectTarget] team=2 EnemyN=1 TgtZ=1817.45
[DIST] team=2 EnemyN=1 MyZ=1915.02 TgtZ=1817.45 Dist=2860.27
[ROOT] team=2 status=2 Z=1915.02 VP=(2902.43,-4325.16,2000)
[SelectTarget] team=1 EnemyN=1 TgtZ=1910.59
[DIST] team=1 EnemyN=1 MyZ=1822.93 TgtZ=1910.59 Dist=2812.75
[ROOT] team=1 status=2 Z=1822.93 VP=(2164.1,-4159.24,1500)
[SelectTarget] team=2 EnemyN=1 TgtZ=1822.99
[DIST] team=2 EnemyN=1 MyZ=1910.59 TgtZ=1822.99 Dist=2811.49
[ROOT] team=2 status=2 Z=1910.59 VP=(1669.7,-4391.49,2000)
[SYNCCIRCLE] R=1401.99 dist=2805.38 shrink=0 thr=0.684392
[SelectTarget] team=1 EnemyN=1 TgtZ=1907.13
[DIST] team=1 EnemyN=1 MyZ=1824.69 TgtZ=1907.13 Dist=2854.65
[ROOT] team=1 status=2 Z=1824.69 VP=(1226.47,-3788.07,1500)
[SelectTarget] team=2 EnemyN=1 TgtZ=1824.67
[DIST] team=2 EnemyN=1 MyZ=1907.13 TgtZ=1824.67 Dist=2854.56
[ROOT] team=2 status=2 Z=1907.13 VP=(689.125,-3655.55,2000)
[SelectTarget] team=1 EnemyN=1 TgtZ=1905.85
[DIST] team=1 EnemyN=1 MyZ=1822.95 TgtZ=1905.85 Dist=2968.68
[ROOT] team=1 status=2 Z=1822.95 VP=(727.795,-2918.46,1500)
[SelectTarget] team=2 EnemyN=1 TgtZ=1822.87
[DIST] team=2 EnemyN=1 MyZ=1905.85 TgtZ=1822.87 Dist=2968.8
[ROOT] team=2 status=2 Z=1905.85 VP=(382.602,-2481.96,2000)
[SelectTarget] team=1 EnemyN=1 TgtZ=1907
[DIST] team=1 EnemyN=1 MyZ=1820.22 TgtZ=1907 Dist=3133.98
[ROOT] team=1 status=2 Z=1820.22 VP=(3904.59,-4193.23,6607.63)
[SelectTarget] team=2 EnemyN=1 TgtZ=1820.08
[DIST] team=2 EnemyN=1 MyZ=1907 TgtZ=1820.08 Dist=3133.79
[ROOT] team=2 status=2 Z=1907 VP=(821.973,-1373.4,2000)
[SelectTarget] team=1 EnemyN=1 TgtZ=1909.99
[DIST] team=1 EnemyN=1 MyZ=1820.5 TgtZ=1909.99 Dist=3316.82
[ROOT] team=1 status=2 Z=1820.5 VP=(2872.88,-4887.57,6607.81)
[SelectTarget] team=2 EnemyN=1 TgtZ=1820.33
[DIST] team=2 EnemyN=1 MyZ=1909.99 TgtZ=1820.33 Dist=3317.23
[ROOT] team=2 status=2 Z=1909.99 VP=(1790.43,-710.167,2000)
[SYNCCIRCLE] R=1676.99 dist=3355.39 shrink=0 thr=0.690565
[SelectTarget] team=1 EnemyN=1 TgtZ=1913.72
[DIST] team=1 EnemyN=1 MyZ=1801.16 TgtZ=1913.72 Dist=3446.91
[ROOT] team=1 status=2 Z=1801.16 VP=(2455.9,-905.114,1500)
[SelectTarget] team=2 EnemyN=1 TgtZ=1801.15
[DIST] team=2 EnemyN=1 MyZ=1913.72 TgtZ=1801.15 Dist=3447.29
[ROOT] team=2 status=2 Z=1913.72 VP=(2946.74,-672.601,2000)
[SelectTarget] team=1 EnemyN=1 TgtZ=1916.99
[DIST] team=1 EnemyN=1 MyZ=1803.65 TgtZ=1916.99 Dist=3530.47
[ROOT] team=1 status=2 Z=1803.65 VP=(3414.37,-1185.62,1500)
[SelectTarget] team=2 EnemyN=1 TgtZ=1803.73
[DIST] team=2 EnemyN=1 MyZ=1916.99 TgtZ=1803.73 Dist=3529.91
[ROOT] team=2 status=2 Z=1916.99 VP=(3946.23,-1247.69,2000)
[SelectTarget] team=1 EnemyN=1 TgtZ=1918.95
[DIST] team=1 EnemyN=1 MyZ=1807.97 TgtZ=1918.95 Dist=3538.54
[ROOT] team=1 status=2 Z=1807.97 VP=(4085.37,-1934.13,1500)
[SelectTarget] team=2 EnemyN=1 TgtZ=1807.82
[DIST] team=2 EnemyN=1 MyZ=1918.95 TgtZ=1807.82 Dist=3536.87
[ROOT] team=2 status=2 Z=1918.95 VP=(4499.82,-2262.88,2000)
[SelectTarget] team=1 EnemyN=1 TgtZ=1919.2
[DIST] team=1 EnemyN=1 MyZ=1877.58 TgtZ=1919.2 Dist=3540.77
[ROOT] team=1 status=2 Z=1877.58 VP=(4256.61,-2933.62,1500)
[SelectTarget] team=2 EnemyN=1 TgtZ=1878.3
[DIST] team=2 EnemyN=1 MyZ=1919.2 TgtZ=1878.3 Dist=3540.31
[ROOT] team=2 status=2 Z=1919.2 VP=(4431.79,-3428.25,2000)
[SYNCCIRCLE] R=1765.27 dist=3530.57 shrink=0 thr=0.616074
[SelectTarget] team=1 EnemyN=1 TgtZ=1918.18
[DIST] team=1 EnemyN=1 MyZ=1913.07 TgtZ=1918.18 Dist=3431.73
[ROOT] team=1 status=2 Z=1913.07 VP=(3876.56,-3877.2,1500)
[SelectTarget] team=2 EnemyN=1 TgtZ=1912.67
[DIST] team=2 EnemyN=1 MyZ=1918.18 TgtZ=1912.67 Dist=3429.82
[ROOT] team=2 status=2 Z=1918.18 VP=(3764.76,-4386.35,2000)
runner:local/env:0	num_steps=[11999] | total rewards=[-95.4279] | termination= [max time out]
[seed 4] reward=   -95.43 ownHP=1.0000 tgtHP=1.0000 max time out
total: 2
[SelectTarget] team=1 EnemyN=1 TgtZ=7005.28
[DIST] team=1 EnemyN=1 MyZ=8870.78 TgtZ=7005.28 Dist=2607.49
[ROOT] team=1 status=2 Z=8870.78 VP=(4538.65,-382.764,8220.78)
[SelectTarget] team=2 EnemyN=1 TgtZ=8869.17
[DIST] team=2 EnemyN=1 MyZ=7005.28 TgtZ=8869.17 Dist=2609.66
[ROOT] team=2 status=2 Z=7005.28 VP=(4737.69,-1371.99,7355.28)
[SelectTarget] team=1 EnemyN=1 TgtZ=7022.98
[DIST] team=1 EnemyN=1 MyZ=8422.84 TgtZ=7022.98 Dist=2536.39
[ROOT] team=1 status=2 Z=8422.84 VP=(4145.34,-1203.73,7772.84)
[SelectTarget] team=2 EnemyN=1 TgtZ=8419.56
[DIST] team=2 EnemyN=1 MyZ=7022.98 TgtZ=8419.56 Dist=2537.33
[ROOT] team=2 status=2 Z=7022.98 VP=(3680.35,-1562.25,7372.98)
[SelectTarget] team=1 EnemyN=1 TgtZ=7144.07
[DIST] team=1 EnemyN=1 MyZ=7727.11 TgtZ=7144.07 Dist=2512.95
[ROOT] team=1 status=2 Z=7727.11 VP=(3222.06,-1461.09,7171.78)
[SelectTarget] team=2 EnemyN=1 TgtZ=7722.79
[DIST] team=2 EnemyN=1 MyZ=7144.07 TgtZ=7722.79 Dist=2513
[ROOT] team=2 status=2 Z=7144.07 VP=(2931.77,-2036.46,7494.07)
[SYNCCIRCLE] R=1231.09 dist=2487.89 shrink=0 thr=0.807034
[SelectTarget] team=1 EnemyN=1 TgtZ=7280.34
[DIST] team=1 EnemyN=1 MyZ=6919.55 TgtZ=7280.34 Dist=2340.3
[ROOT] team=1 status=2 Z=6919.55 VP=(3451.78,-1493.06,7260.81)
[SelectTarget] team=2 EnemyN=1 TgtZ=6915.07
[DIST] team=2 EnemyN=1 MyZ=7280.34 TgtZ=6915.07 Dist=2339.41
[ROOT] team=2 status=2 Z=7280.34 VP=(2178.68,-2488.87,6930.34)
[SelectTarget] team=1 EnemyN=1 TgtZ=7151.33
[DIST] team=1 EnemyN=1 MyZ=6218.16 TgtZ=7151.33 Dist=1954.73
[ROOT] team=1 status=2 Z=6218.16 VP=(2869.33,-1895.56,7211.31)
[SelectTarget] team=2 EnemyN=1 TgtZ=6215.12
[DIST] team=2 EnemyN=1 MyZ=7151.33 TgtZ=6215.12 Dist=1952.49
[ROOT] team=2 status=2 Z=7151.33 VP=(1273.77,-2669.18,6801.33)
[SelectTarget] team=1 EnemyN=1 TgtZ=6893.06
[DIST] team=1 EnemyN=1 MyZ=5896.26 TgtZ=6893.06 Dist=1441.92
[ROOT] team=1 status=2 Z=5896.26 VP=(2018.96,-2321.54,6936.57)
[SelectTarget] team=2 EnemyN=1 TgtZ=5895.79
[DIST] team=2 EnemyN=1 MyZ=6893.06 TgtZ=5895.79 Dist=1439.31
[ROOT] team=2 status=2 Z=6893.06 VP=(487.281,-1707.08,6543.06)
[SelectTarget] team=1 EnemyN=1 TgtZ=6548.5
[DIST] team=1 EnemyN=1 MyZ=5994.63 TgtZ=6548.5 Dist=1571.55
[ROOT] team=1 status=2 Z=5994.63 VP=(1165.3,-2303.41,6607.94)
[SelectTarget] team=2 EnemyN=1 TgtZ=5995.92
[DIST] team=2 EnemyN=1 MyZ=6548.5 TgtZ=5995.92 Dist=1571.61
[ROOT] team=2 status=2 Z=6548.5 VP=(1142.78,-772.874,6198.5)
[SYNCCIRCLE] R=842.813 dist=1731.7 shrink=0 thr=0.642414
[SelectTarget] team=1 EnemyN=1 TgtZ=6081.25
[DIST] team=1 EnemyN=1 MyZ=6255.97 TgtZ=6081.25 Dist=2423.28
[ROOT] team=1 status=2 Z=6255.97 VP=(103.889,-1271.89,5605.97)
[SelectTarget] team=2 EnemyN=1 TgtZ=6257.26
[DIST] team=2 EnemyN=1 MyZ=6081.25 TgtZ=6257.26 Dist=2424.72
[ROOT] team=2 status=2 Z=6081.25 VP=(1257.89,-617.739,6257.26)
[SelectTarget] team=1 EnemyN=1 TgtZ=5583.4
[DIST] team=1 EnemyN=1 MyZ=6394.65 TgtZ=5583.4 Dist=3436.71
[ROOT] team=1 status=2 Z=6394.65 VP=(197.926,-396.538,5744.65)
[SelectTarget] team=2 EnemyN=1 TgtZ=6394.89
[DIST] team=2 EnemyN=1 MyZ=5583.4 TgtZ=6394.89 Dist=3437.06
[ROOT] team=2 status=2 Z=5583.4 VP=(1318.75,-319.815,5933.4)
[PURE_ATA] team=2 ata=147.186 dist=4027.41 leadDist=0 aa=179.446
[PURE_ATA] team=2 ata=146.841 dist=4055.88 leadDist=0 aa=179.987
[PURE_ATA] team=2 ata=146.419 dist=4084.64 leadDist=0 aa=179.568
[PURE_ATA] team=2 ata=145.941 dist=4113.71 leadDist=0 aa=179.189
[PURE_ATA] team=2 ata=145.414 dist=4141.75 leadDist=0 aa=178.802
[PURE_ATA] team=2 ata=144.849 dist=4170.02 leadDist=0 aa=178.422
[PURE_ATA] team=2 ata=144.239 dist=4197.47 leadDist=0 aa=177.999
[PURE_ATA] team=2 ata=143.648 dist=4225.19 leadDist=0 aa=177.566
[PURE_ATA] team=2 ata=143.103 dist=4251.86 leadDist=0 aa=177.101
[PURE_ATA] team=2 ata=142.584 dist=4278.98 leadDist=0 aa=176.684
[PURE_ATA] team=2 ata=142.089 dist=4305.15 leadDist=0 aa=176.302
[SelectTarget] team=1 EnemyN=1 TgtZ=5153.41
[DIST] team=1 EnemyN=1 MyZ=6345.45 TgtZ=5153.41 Dist=4332.71
[ROOT] team=1 status=2 Z=6345.45 VP=(456.122,391.615,5695.45)
[SelectTarget] team=2 EnemyN=1 TgtZ=6344.66
[DIST] team=2 EnemyN=1 MyZ=5153.41 TgtZ=6344.66 Dist=4331.72
[PURE_ATA] team=2 ata=141.603 dist=4331.72 leadDist=0 aa=175.99
[ROOT] team=2 status=2 Z=5153.41 VP=(780.795,-4305.43,6344.66)
[PURE_ATA] team=2 ata=141.115 dist=4358.75 leadDist=0 aa=175.749
[PURE_ATA] team=2 ata=140.637 dist=4384.79 leadDist=0 aa=175.541
[PURE_ATA] team=2 ata=140.156 dist=4409.96 leadDist=0 aa=175.366
[PURE_ATA] team=2 ata=139.677 dist=4434.24 leadDist=0 aa=175.209
[PURE_ATA] team=2 ata=139.19 dist=4458.99 leadDist=0 aa=175.103
[PURE_ATA] team=2 ata=138.698 dist=4484.17 leadDist=0 aa=175.038
[PURE_ATA] team=2 ata=138.206 dist=4508.47 leadDist=0 aa=174.972
[PURE_ATA] team=2 ata=137.714 dist=4531.91 leadDist=0 aa=174.916
[PURE_ATA] team=2 ata=137.211 dist=4555.84 leadDist=0 aa=174.887
[PURE_ATA] team=2 ata=136.707 dist=4578.95 leadDist=0 aa=174.869
[PURE_ATA] team=2 ata=136.208 dist=4601.21 leadDist=0 aa=174.837
[PURE_ATA] team=2 ata=135.698 dist=4625.24 leadDist=0 aa=174.847
[PURE_ATA] team=2 ata=135.187 dist=4647.18 leadDist=0 aa=174.841
[PURE_ATA] team=2 ata=134.672 dist=4668.31 leadDist=0 aa=174.829
[PURE_ATA] team=2 ata=134.153 dist=4689.94 leadDist=0 aa=174.831
[PURE_ATA] team=2 ata=133.63 dist=4712.06 leadDist=0 aa=174.85
[PURE_ATA] team=2 ata=133.109 dist=4730.82 leadDist=0 aa=174.828
[PURE_ATA] team=2 ata=132.578 dist=4751.37 leadDist=0 aa=174.841
[PURE_ATA] team=2 ata=132.046 dist=4771.14 leadDist=0 aa=174.852
[PURE_ATA] team=2 ata=131.506 dist=4791.41 leadDist=0 aa=174.877
[PURE_ATA] team=2 ata=130.964 dist=4810.91 leadDist=0 aa=174.896
[PURE_ATA] team=2 ata=130.426 dist=4829.68 leadDist=0 aa=174.904
[PURE_ATA] team=2 ata=129.879 dist=4847.64 leadDist=0 aa=174.915
[PURE_ATA] team=2 ata=129.333 dist=4864.86 leadDist=0 aa=174.918
[PURE_ATA] team=2 ata=128.781 dist=4882.58 leadDist=0 aa=174.934
[PURE_ATA] team=2 ata=128.225 dist=4899.57 leadDist=0 aa=174.946
[PURE_ATA] team=2 ata=127.673 dist=4915.84 leadDist=0 aa=174.949
[PURE_ATA] team=2 ata=127.108 dist=4932.57 leadDist=0 aa=174.97
[PURE_ATA] team=2 ata=126.545 dist=4948.58 leadDist=0 aa=174.983
[SelectTarget] team=1 EnemyN=1 TgtZ=4677.34
[DIST] team=1 EnemyN=1 MyZ=6116.68 TgtZ=4677.34 Dist=4964.93
[ROOT] team=1 status=2 Z=6116.68 VP=(1171.6,710.108,5466.68)
[SelectTarget] team=2 EnemyN=1 TgtZ=6114.95
[DIST] team=2 EnemyN=1 MyZ=4677.34 TgtZ=6114.95 Dist=4963.9
[PURE_ATA] team=2 ata=125.986 dist=4963.9 leadDist=0 aa=174.988
[ROOT] team=2 status=2 Z=4677.34 VP=(-107.245,-4230.3,6114.95)
[PURE_ATA] team=2 ata=125.416 dist=4978.39 leadDist=0 aa=174.995
[PURE_ATA] team=2 ata=124.844 dist=4993.46 leadDist=0 aa=175.008
[PURE_ATA] team=2 ata=124.273 dist=5007.79 leadDist=0 aa=175.019
[PURE_ATA] team=2 ata=123.7 dist=5020.11 leadDist=0 aa=175.011
[PURE_ATA] team=2 ata=123.119 dist=5034.2 leadDist=0 aa=175.031
[PURE_ATA] team=2 ata=122.542 dist=5046.3 leadDist=0 aa=175.032
[PURE_ATA] team=2 ata=121.958 dist=5058.92 leadDist=0 aa=175.038
[PURE_ATA] team=2 ata=121.369 dist=5070.8 leadDist=0 aa=175.038
[PURE_ATA] team=2 ata=120.779 dist=5081.85 leadDist=0 aa=175.03
[PURE_ATA] team=2 ata=120.189 dist=5092.18 leadDist=0 aa=175.014
[PURE_ATA] team=2 ata=119.597 dist=5103.14 leadDist=0 aa=175
[PURE_ATA] team=2 ata=119.002 dist=5112.05 leadDist=0 aa=174.968
[PURE_ATA] team=2 ata=118.407 dist=5121.47 leadDist=0 aa=174.944
[PURE_ATA] team=2 ata=117.802 dist=5131.29 leadDist=0 aa=174.933
[PURE_ATA] team=2 ata=117.203 dist=5139.2 leadDist=0 aa=174.901
[PURE_ATA] team=2 ata=116.592 dist=5147.49 leadDist=0 aa=174.882
[PURE_ATA] team=2 ata=115.988 dist=5153.75 leadDist=0 aa=174.847
[PURE_ATA] team=2 ata=115.376 dist=5161.87 leadDist=0 aa=174.832
[PURE_ATA] team=2 ata=114.769 dist=5167.98 leadDist=0 aa=174.804
[PURE_ATA] team=2 ata=114.162 dist=5171.94 leadDist=0 aa=174.762
[PURE_ATA] team=2 ata=113.539 dist=5178.94 leadDist=0 aa=174.753
[PURE_ATA] team=2 ata=112.929 dist=5182.77 leadDist=0 aa=174.719
[PURE_ATA] team=2 ata=112.314 dist=5185.65 leadDist=0 aa=174.685
[PURE_ATA] team=2 ata=111.686 dist=5190.21 leadDist=0 aa=174.67
[PURE_ATA] team=2 ata=111.064 dist=5192.64 leadDist=0 aa=174.645
[PURE_ATA] team=2 ata=110.439 dist=5195.59 leadDist=0 aa=174.628
[PURE_ATA] team=2 ata=109.81 dist=5197.56 leadDist=0 aa=174.61
[PURE_ATA] team=2 ata=109.195 dist=5197.94 leadDist=0 aa=174.573
[PURE_ATA] team=2 ata=108.554 dist=5199.27 leadDist=0 aa=174.564
[SelectTarget] team=1 EnemyN=1 TgtZ=4087.47
[DIST] team=1 EnemyN=1 MyZ=5735.01 TgtZ=4087.47 Dist=5201.7
[ROOT] team=1 status=2 Z=5735.01 VP=(1937,381.939,5085.01)
[SelectTarget] team=2 EnemyN=1 TgtZ=5732.54
[DIST] team=2 EnemyN=1 MyZ=4087.47 TgtZ=5732.54 Dist=5199.04
[PURE_ATA] team=2 ata=107.929 dist=5199.04 leadDist=0 aa=174.536
[ROOT] team=2 status=2 Z=4087.47 VP=(-832.478,-3751.28,5732.54)
[PURE_ATA] team=2 ata=107.294 dist=5198.97 leadDist=0 aa=174.519
[PURE_ATA] team=2 ata=106.665 dist=5196.8 leadDist=0 aa=174.489
[PURE_ATA] team=2 ata=106.024 dist=5196.27 leadDist=0 aa=174.478
[PURE_ATA] team=2 ata=105.387 dist=5193.45 leadDist=0 aa=174.454
[PURE_ATA] team=2 ata=104.747 dist=5191.15 leadDist=0 aa=174.44
[PURE_ATA] team=2 ata=104.106 dist=5187.88 leadDist=0 aa=174.421
[PURE_ATA] team=2 ata=103.465 dist=5183.63 leadDist=0 aa=174.399
[PURE_ATA] team=2 ata=102.827 dist=5178.62 leadDist=0 aa=174.373
[PURE_ATA] team=2 ata=102.181 dist=5173.7 leadDist=0 aa=174.357
[PURE_ATA] team=2 ata=101.536 dist=5167.8 leadDist=0 aa=174.338
[PURE_ATA] team=2 ata=100.894 dist=5161.16 leadDist=0 aa=174.314
[PURE_ATA] team=2 ata=100.245 dist=5154.58 leadDist=0 aa=174.3
[PURE_ATA] team=2 ata=99.5944 dist=5146.79 leadDist=0 aa=174.282
[PURE_ATA] team=2 ata=98.9582 dist=5137.25 leadDist=0 aa=174.249
[PURE_ATA] team=2 ata=98.3062 dist=5128.77 leadDist=0 aa=174.234
[PURE_ATA] team=2 ata=97.6656 dist=5118.33 leadDist=0 aa=174.204
[PURE_ATA] team=2 ata=97.0091 dist=5108.91 leadDist=0 aa=174.194
[PURE_ATA] team=2 ata=96.3531 dist=5098.27 leadDist=0 aa=174.181
[PURE_ATA] team=2 ata=95.7037 dist=5086.91 leadDist=0 aa=174.162
[PURE_ATA] team=2 ata=95.0687 dist=5073.64 leadDist=0 aa=174.126
[PURE_ATA] team=2 ata=94.4155 dist=5061.09 leadDist=0 aa=174.109
[PURE_ATA] team=2 ata=93.7662 dist=5047.58 leadDist=0 aa=174.088
[PURE_ATA] team=2 ata=93.1103 dist=5033.79 leadDist=0 aa=174.075
[PURE_ATA] team=2 ata=92.4683 dist=5017.86 leadDist=0 aa=174.045
[PURE_ATA] team=2 ata=91.8237 dist=5002.18 leadDist=0 aa=174.02
[PURE_ATA] team=2 ata=91.1746 dist=4986.48 leadDist=0 aa=174
[PURE_ATA] team=2 ata=90.5183 dist=4970.46 leadDist=0 aa=173.988
[PURE_ATA] team=2 ata=89.8678 dist=4953.22 leadDist=0 aa=173.97
[PURE_ATA] team=2 ata=89.222 dist=4934.76 leadDist=0 aa=173.945
[SelectTarget] team=1 EnemyN=1 TgtZ=3471.84
[DIST] team=1 EnemyN=1 MyZ=5247.38 TgtZ=3471.84 Dist=4919.57
[ROOT] team=1 status=2 Z=5247.38 VP=(2291.99,-525.105,4597.38)
[SelectTarget] team=2 EnemyN=1 TgtZ=5244.49
[DIST] team=2 EnemyN=1 MyZ=3471.84 TgtZ=5244.49 Dist=4916.25
[PURE_ATA] team=2 ata=88.5734 dist=4916.25 leadDist=0 aa=173.926
[ROOT] team=2 status=2 Z=3471.84 VP=(-1184.31,-2977.08,5244.49)
[PURE_ATA] team=2 ata=87.9299 dist=4896.53 leadDist=0 aa=173.901
[PURE_ATA] team=2 ata=87.2831 dist=4876.46 leadDist=0 aa=173.881
[PURE_ATA] team=2 ata=86.6442 dist=4855.47 leadDist=0 aa=173.853
[PURE_ATA] team=2 ata=85.9896 dist=4834.92 leadDist=0 aa=173.843
[PURE_ATA] team=2 ata=85.3574 dist=4812.67 leadDist=0 aa=173.813
[PURE_ATA] team=2 ata=84.7069 dist=4790.51 leadDist=0 aa=173.799
[PURE_ATA] team=2 ata=84.0667 dist=4767.45 leadDist=0 aa=173.778
[PURE_ATA] team=2 ata=83.4357 dist=4742.9 leadDist=0 aa=173.747
[PURE_ATA] team=2 ata=82.7898 dist=4719 leadDist=0 aa=173.732
[PURE_ATA] team=2 ata=82.168 dist=4693.17 leadDist=0 aa=173.696
[PURE_ATA] team=2 ata=81.5167 dist=4668.06 leadDist=0 aa=173.688
[PURE_ATA] team=2 ata=80.8915 dist=4641.35 leadDist=0 aa=173.658
[PURE_ATA] team=2 ata=80.2659 dist=4614.19 leadDist=0 aa=173.631
[PURE_ATA] team=2 ata=79.6383 dist=4586.57 leadDist=0 aa=173.606
[PURE_ATA] team=2 ata=79.0117 dist=4558.48 leadDist=0 aa=173.584
[PURE_ATA] team=2 ata=78.3837 dist=4529.9 leadDist=0 aa=173.563
[PURE_ATA] team=2 ata=77.7709 dist=4500.17 leadDist=0 aa=173.532
[PURE_ATA] team=2 ata=77.1426 dist=4470.26 leadDist=0 aa=173.514
[PURE_ATA] team=2 ata=76.5309 dist=4439.21 leadDist=0 aa=173.484
[PURE_ATA] team=2 ata=75.9208 dist=4407.65 leadDist=0 aa=173.454
[PURE_ATA] team=2 ata=75.297 dist=4376.17 leadDist=0 aa=173.436
[PURE_ATA] team=2 ata=74.6934 dist=4343.9 leadDist=0 aa=173.407
[PURE_ATA] team=2 ata=74.0758 dist=4311.33 leadDist=0 aa=173.39
[PURE_ATA] team=2 ata=73.4912 dist=4276.75 leadDist=0 aa=173.348
[PURE_ATA] team=2 ata=72.882 dist=4243.41 leadDist=0 aa=173.328
[PURE_ATA] team=2 ata=72.2905 dist=4208.29 leadDist=0 aa=173.294
[PURE_ATA] team=2 ata=71.7044 dist=4172.62 leadDist=0 aa=173.259
[PURE_ATA] team=2 ata=71.0929 dist=4137.72 leadDist=0 aa=173.246
[PURE_ATA] team=2 ata=70.52 dist=4101.26 leadDist=0 aa=173.207
[SelectTarget] team=1 EnemyN=1 TgtZ=2991.75
[DIST] team=1 EnemyN=1 MyZ=4720.9 TgtZ=2991.75 Dist=4068.73
[ROOT] team=1 status=2 Z=4720.9 VP=(1964.07,-1589.02,4070.9)
[SelectTarget] team=2 EnemyN=1 TgtZ=4717.99
[DIST] team=2 EnemyN=1 MyZ=2991.75 TgtZ=4717.99 Dist=4063.99
[PURE_ATA] team=2 ata=69.9352 dist=4063.99 leadDist=0 aa=173.173
[ROOT] team=2 status=2 Z=2991.75 VP=(-1008.82,-2133.11,4717.99)
[PURE_ATA] team=2 ata=69.3586 dist=4026.5 leadDist=0 aa=173.138
[SelectTarget] team=1 EnemyN=1 TgtZ=2815.86
[DIST] team=1 EnemyN=1 MyZ=4212.28 TgtZ=2815.86 Dist=3010.99
[ROOT] team=1 status=2 Z=4212.28 VP=(2177.36,-2790.93,3562.28)
[SelectTarget] team=2 EnemyN=1 TgtZ=4209.57
[DIST] team=2 EnemyN=1 MyZ=2815.86 TgtZ=4209.57 Dist=3005.34
[ROOT] team=2 status=2 Z=2815.86 VP=(2213.56,-3266.19,3165.86)
[SYNCCIRCLE] R=1088.44 dist=2388.43 shrink=0 thr=0.515656
[SelectTarget] team=1 EnemyN=1 TgtZ=2964.73
[DIST] team=1 EnemyN=1 MyZ=3753.27 TgtZ=2964.73 Dist=2084.33
[ROOT] team=1 status=2 Z=3753.27 VP=(2183.3,-2573.67,3103.27)
[SelectTarget] team=2 EnemyN=1 TgtZ=3751.06
[DIST] team=2 EnemyN=1 MyZ=2964.73 TgtZ=3751.06 Dist=2079
[ROOT] team=2 status=2 Z=2964.73 VP=(1235.97,-3920.58,3314.73)
[SelectTarget] team=1 EnemyN=1 TgtZ=3123.38
[DIST] team=1 EnemyN=1 MyZ=3347.03 TgtZ=3123.38 Dist=1237.58
[ROOT] team=1 status=2 Z=3347.03 VP=(1601.17,-3303.37,3094.99)
[SelectTarget] team=2 EnemyN=1 TgtZ=3345.01
[DIST] team=2 EnemyN=1 MyZ=3123.38 TgtZ=3345.01 Dist=1232.93
[ROOT] team=2 status=2 Z=3123.38 VP=(6.92589,-3566.1,3345.01)
[SelectTarget] team=1 EnemyN=1 TgtZ=3173.71
[DIST] team=1 EnemyN=1 MyZ=3059.28 TgtZ=3173.71 Dist=1002.08
[ROOT] team=1 status=2 Z=3059.28 VP=(738.545,-3508.72,3168.38)
[SelectTarget] team=2 EnemyN=1 TgtZ=3058.04
[DIST] team=2 EnemyN=1 MyZ=3173.71 TgtZ=3058.04 Dist=999.518
[ROOT] team=2 status=2 Z=3173.71 VP=(75.27,-2101.22,3058.04)
[CLAMP_DIAG] team=1 rawDist=909.079 offBoresightDeg=57.5606 clamped=0
[SelectTarget] team=1 EnemyN=1 TgtZ=3041.56
[DIST] team=1 EnemyN=1 MyZ=2866.69 TgtZ=3041.56 Dist=1585.96
[ROOT] team=1 status=2 Z=2866.69 VP=(-43.6381,-3137.46,3059.64)
[SelectTarget] team=2 EnemyN=1 TgtZ=2865.68
[DIST] team=2 EnemyN=1 MyZ=3041.56 TgtZ=2865.68 Dist=1585.56
[ROOT] team=2 status=2 Z=3041.56 VP=(795.088,-1875.86,2865.68)
[SYNCCIRCLE] R=1029.11 dist=2061.99 shrink=0 thr=0.747359
[SelectTarget] team=1 EnemyN=1 TgtZ=2754.49
[DIST] team=1 EnemyN=1 MyZ=2670.37 TgtZ=2754.49 Dist=2282.18
[ROOT] team=1 status=2 Z=2670.37 VP=(-380.205,-2380.67,2792.71)
[SelectTarget] team=2 EnemyN=1 TgtZ=2669.16
[DIST] team=2 EnemyN=1 MyZ=2754.49 TgtZ=2669.16 Dist=2281.98
[ROOT] team=2 status=2 Z=2754.49 VP=(1048.56,-1844.63,2669.16)
[SelectTarget] team=1 EnemyN=1 TgtZ=2396.02
[DIST] team=1 EnemyN=1 MyZ=2406.09 TgtZ=2396.02 Dist=2803.11
[ROOT] team=1 status=2 Z=2406.09 VP=(589.554,-1256.17,1756.09)
[SelectTarget] team=2 EnemyN=1 TgtZ=2404.19
[DIST] team=2 EnemyN=1 MyZ=2396.02 TgtZ=2404.19 Dist=2801.54
[ROOT] team=2 status=2 Z=2396.02 VP=(1423.79,-1866.69,2404.19)
[SelectTarget] team=1 EnemyN=1 TgtZ=2097.32
[DIST] team=1 EnemyN=1 MyZ=2105.49 TgtZ=2097.32 Dist=3222.07
[ROOT] team=1 status=2 Z=2105.49 VP=(-2091.87,-2297.82,6878.32)
[SelectTarget] team=2 EnemyN=1 TgtZ=2104.2
[DIST] team=2 EnemyN=1 MyZ=2097.32 TgtZ=2104.2 Dist=3220.02
[ROOT] team=2 status=2 Z=2097.32 VP=(1876.96,-2188.12,2104.2)
[SelectTarget] team=1 EnemyN=1 TgtZ=1951.66
[DIST] team=1 EnemyN=1 MyZ=1950.05 TgtZ=1951.66 Dist=3673.19
[ROOT] team=1 status=2 Z=1950.05 VP=(-1968.41,-1207.15,6729.12)
[SelectTarget] team=2 EnemyN=1 TgtZ=1949.27
[DIST] team=2 EnemyN=1 MyZ=1951.66 TgtZ=1949.27 Dist=3671.56
[ROOT] team=2 status=2 Z=1951.66 VP=(2187.69,-2740.2,2000)
[PURE_ATA] team=2 ata=115.298 dist=4001.63 leadDist=1618.17 aa=115.279
[PURE_ATA] team=2 ata=114.71 dist=4008.5 leadDist=1620.99 aa=111.206
[SelectTarget] team=1 EnemyN=1 TgtZ=1908.1
[DIST] team=1 EnemyN=1 MyZ=1876.89 TgtZ=1908.1 Dist=4017.16
[ROOT] team=1 status=2 Z=1876.89 VP=(2560.16,-2832.92,1500)
[SelectTarget] team=2 EnemyN=1 TgtZ=1876.5
[DIST] team=2 EnemyN=1 MyZ=1908.1 TgtZ=1876.5 Dist=4015.49
[PURE_ATA] team=2 ata=114.176 dist=4015.49 leadDist=1623.5 aa=109.759
[ROOT] team=2 status=2 Z=1908.1 VP=(-1676.96,-1625.92,3500)
[PURE_ATA] team=2 ata=113.72 dist=4023.07 leadDist=1625.57 aa=109.949
[PURE_ATA] team=2 ata=113.291 dist=4029.34 leadDist=1627.13 aa=112.105
[PURE_ATA] team=2 ata=112.867 dist=4035.82 leadDist=1628.26 aa=117.592
[PURE_ATA] team=2 ata=112.401 dist=4042.21 leadDist=1629.11 aa=126.156
[PURE_ATA] team=2 ata=111.919 dist=4047.83 leadDist=1629.73 aa=135.901
[PURE_ATA] team=2 ata=111.444 dist=4053.73 leadDist=1630.18 aa=144.462
[PURE_ATA] team=2 ata=110.963 dist=4058.9 leadDist=1630.49 aa=151.456
[PURE_ATA] team=2 ata=110.46 dist=4063.5 leadDist=1630.69 aa=161.375
[PURE_ATA] team=2 ata=109.973 dist=4068.05 leadDist=1630.84 aa=171.955
[PURE_ATA] team=2 ata=109.467 dist=4071.19 leadDist=1630.99 aa=178.528
[PURE_ATA] team=2 ata=108.961 dist=4074.02 leadDist=1631.18 aa=177.633
[PURE_ATA] team=2 ata=108.454 dist=4076.96 leadDist=1631.44 aa=174.989
[PURE_ATA] team=2 ata=107.93 dist=4078.84 leadDist=1631.78 aa=172.935
[PURE_ATA] team=2 ata=107.411 dist=4080 leadDist=1632.22 aa=171.241
[PURE_ATA] team=2 ata=106.894 dist=4080.88 leadDist=1632.77 aa=169.773
[PURE_ATA] team=2 ata=106.382 dist=4081.07 leadDist=1633.44 aa=168.464
[PURE_ATA] team=2 ata=105.855 dist=4080.97 leadDist=1634.26 aa=167.275
[PURE_ATA] team=2 ata=105.333 dist=4080.6 leadDist=1635.21 aa=166.189
[PURE_ATA] team=2 ata=104.801 dist=4078.7 leadDist=1636.33 aa=165.219
[PURE_ATA] team=2 ata=104.273 dist=4077.32 leadDist=1637.61 aa=164.365
[PURE_ATA] team=2 ata=103.738 dist=4074.39 leadDist=1639.06 aa=163.656
[PURE_ATA] team=2 ata=103.205 dist=4071.98 leadDist=1640.69 aa=163.075
[PURE_ATA] team=2 ata=102.651 dist=4067.45 leadDist=1642.51 aa=166.553
[PURE_ATA] team=2 ata=102.138 dist=4064.18 leadDist=1644.43 aa=179.024
[PURE_ATA] team=2 ata=101.614 dist=4060.52 leadDist=1646.42 aa=155.079
[PURE_ATA] team=2 ata=101.094 dist=4057.41 leadDist=1648.46 aa=134.072
[PURE_ATA] team=2 ata=100.566 dist=4053.49 leadDist=1650.49 aa=122.747
[PURE_ATA] team=2 ata=100.048 dist=4049.39 leadDist=1652.38 aa=119.056
[PURE_ATA] team=2 ata=99.5518 dist=4046.16 leadDist=1653.92 aa=119.605
[SelectTarget] team=1 EnemyN=1 TgtZ=1912.51
[DIST] team=1 EnemyN=1 MyZ=1845.16 TgtZ=1912.51 Dist=4044.84
[ROOT] team=1 status=2 Z=1845.16 VP=(1903.7,-3718.4,1500)
[SelectTarget] team=2 EnemyN=1 TgtZ=1845.01
[DIST] team=2 EnemyN=1 MyZ=1912.51 TgtZ=1845.01 Dist=4042.2
[PURE_ATA] team=2 ata=99.0268 dist=4042.2 leadDist=1654.99 aa=123.195
[ROOT] team=2 status=2 Z=1912.51 VP=(-1058.29,-795.363,3500)
[PURE_ATA] team=2 ata=98.5292 dist=4038.42 leadDist=1655.64 aa=130.711
[PURE_ATA] team=2 ata=98.0075 dist=4033.48 leadDist=1656.01 aa=140.05
[PURE_ATA] team=2 ata=97.4912 dist=4028.78 leadDist=1656.17 aa=148.701
[PURE_ATA] team=2 ata=96.9903 dist=4023.64 leadDist=1656.16 aa=155.506
[PURE_ATA] team=2 ata=96.4656 dist=4017.27 leadDist=1656.04 aa=160.882
[PURE_ATA] team=2 ata=95.9489 dist=4011.15 leadDist=1655.81 aa=168.081
[PURE_ATA] team=2 ata=95.4448 dist=4004.99 leadDist=1655.54 aa=175.431
[SYNCCIRCLE] R=1965.56 dist=3932.9 shrink=0 thr=0.719785
[SelectTarget] team=1 EnemyN=1 TgtZ=1969.91
[DIST] team=1 EnemyN=1 MyZ=1828.54 TgtZ=1969.91 Dist=3772.55
[ROOT] team=1 status=2 Z=1828.54 VP=(1117.06,-4049.53,1500)
[SelectTarget] team=2 EnemyN=1 TgtZ=1828.57
[DIST] team=2 EnemyN=1 MyZ=1969.91 TgtZ=1828.57 Dist=3769.36
[ROOT] team=2 status=2 Z=1969.91 VP=(672.72,-4419.05,2000)
[SelectTarget] team=1 EnemyN=1 TgtZ=1949.78
[DIST] team=1 EnemyN=1 MyZ=1822.6 TgtZ=1949.78 Dist=3359.13
[ROOT] team=1 status=2 Z=1822.6 VP=(171.307,-4052.04,1500)
[SelectTarget] team=2 EnemyN=1 TgtZ=1822.71
[DIST] team=2 EnemyN=1 MyZ=1949.78 TgtZ=1822.71 Dist=3356.14
[ROOT] team=2 status=2 Z=1949.78 VP=(-380.325,-4100.09,2000)
[SelectTarget] team=1 EnemyN=1 TgtZ=1929.06
[DIST] team=1 EnemyN=1 MyZ=1808.15 TgtZ=1929.06 Dist=2910.02
[ROOT] team=1 status=2 Z=1808.15 VP=(-629.521,-3446.8,1500)
[SelectTarget] team=2 EnemyN=1 TgtZ=1808.22
[DIST] team=2 EnemyN=1 MyZ=1929.06 TgtZ=1808.22 Dist=2907.01
[ROOT] team=2 status=2 Z=1929.06 VP=(-1106.32,-3193.86,2000)
[SelectTarget] team=1 EnemyN=1 TgtZ=1916.57
[DIST] team=1 EnemyN=1 MyZ=1810.22 TgtZ=1916.57 Dist=2556.29
[ROOT] team=1 status=2 Z=1810.22 VP=(-887.177,-2479.95,1500)
[SelectTarget] team=2 EnemyN=1 TgtZ=1810.33
[DIST] team=2 EnemyN=1 MyZ=1916.57 TgtZ=1810.33 Dist=2554.31
[ROOT] team=2 status=2 Z=1916.57 VP=(-1071.9,-1965.39,2000)
[SYNCCIRCLE] R=1217.68 dist=2437.34 shrink=0 thr=0.696739
[SelectTarget] team=1 EnemyN=1 TgtZ=1909.73
[DIST] team=1 EnemyN=1 MyZ=1810.43 TgtZ=1909.73 Dist=2377.08
[ROOT] team=1 status=2 Z=1810.43 VP=(-706.197,-2596.05,1904.77)
[SelectTarget] team=2 EnemyN=1 TgtZ=1810.69
[DIST] team=2 EnemyN=1 MyZ=1909.73 TgtZ=1810.69 Dist=2375.97
[ROOT] team=2 status=2 Z=1909.73 VP=(-136.722,-1090.36,2000)
[SelectTarget] team=1 EnemyN=1 TgtZ=1905.77
[DIST] team=1 EnemyN=1 MyZ=1833.85 TgtZ=1905.77 Dist=2392.23
[ROOT] team=1 status=2 Z=1833.85 VP=(-334.822,-1811.54,1900.74)
[SelectTarget] team=2 EnemyN=1 TgtZ=1833.68
[DIST] team=2 EnemyN=1 MyZ=1905.77 TgtZ=1833.68 Dist=2391.35
[ROOT] team=2 status=2 Z=1905.77 VP=(1132.84,-1150.17,2000)
[SelectTarget] team=1 EnemyN=1 TgtZ=1905.35
[DIST] team=1 EnemyN=1 MyZ=1830.49 TgtZ=1905.35 Dist=2567.4
[ROOT] team=1 status=2 Z=1830.49 VP=(1435.35,-1826.95,1500)
[SelectTarget] team=2 EnemyN=1 TgtZ=1830.59
[DIST] team=2 EnemyN=1 MyZ=1905.35 TgtZ=1830.59 Dist=2568.05
[ROOT] team=2 status=2 Z=1905.35 VP=(1987.44,-2045.73,2000)
[SelectTarget] team=1 EnemyN=1 TgtZ=1906.27
[DIST] team=1 EnemyN=1 MyZ=1819.54 TgtZ=1906.27 Dist=2868.03
[ROOT] team=1 status=2 Z=1819.54 VP=(1786.66,-2723.69,1500)
[SelectTarget] team=2 EnemyN=1 TgtZ=1819.69
[DIST] team=2 EnemyN=1 MyZ=1906.27 TgtZ=1819.69 Dist=2869.26
[ROOT] team=2 status=2 Z=1906.27 VP=(2090.56,-3231.75,2000)
[SYNCCIRCLE] R=1522.27 dist=3045.84 shrink=0 thr=0.796334
[SelectTarget] team=1 EnemyN=1 TgtZ=1907.14
[DIST] team=1 EnemyN=1 MyZ=1818.43 TgtZ=1907.14 Dist=3257.77
[ROOT] team=1 status=2 Z=1818.43 VP=(1567.97,-3658.02,1500)
[SelectTarget] team=2 EnemyN=1 TgtZ=1818.6
[DIST] team=2 EnemyN=1 MyZ=1907.14 TgtZ=1818.6 Dist=3259.43
[ROOT] team=2 status=2 Z=1907.14 VP=(1546.91,-4238.01,2000)
[SelectTarget] team=1 EnemyN=1 TgtZ=1908.33
[DIST] team=1 EnemyN=1 MyZ=1818.94 TgtZ=1908.33 Dist=3651.87
[ROOT] team=1 status=2 Z=1818.94 VP=(904.502,-4356.44,1500)
[SelectTarget] team=2 EnemyN=1 TgtZ=1819.06
[DIST] team=2 EnemyN=1 MyZ=1908.33 TgtZ=1819.06 Dist=3652.48
[ROOT] team=2 status=2 Z=1908.33 VP=(607.179,-4834.2,2000)
[SelectTarget] team=1 EnemyN=1 TgtZ=1909.78
[DIST] team=1 EnemyN=1 MyZ=1819.15 TgtZ=1909.78 Dist=3986.87
[ROOT] team=1 status=2 Z=1819.15 VP=(-16.8274,-4663.05,1500)
[SelectTarget] team=2 EnemyN=1 TgtZ=1819.26
[DIST] team=2 EnemyN=1 MyZ=1909.78 TgtZ=1819.26 Dist=3988.44
[ROOT] team=2 status=2 Z=1909.78 VP=(-487.555,-4935.12,2000)
[PURE_ATA] team=2 ata=92.2903 dist=4005.81 leadDist=1679.64 aa=61.0664
[PURE_ATA] team=2 ata=91.8668 dist=4014.29 leadDist=1679.26 aa=66.9462
[PURE_ATA] team=2 ata=90.6609 dist=4023.63 leadDist=1679.02 aa=72.0258
[PURE_ATA] team=2 ata=89.8793 dist=4032.3 leadDist=1678.91 aa=76.3873
[PURE_ATA] team=2 ata=89.2291 dist=4039.5 leadDist=1678.96 aa=80.282
[PURE_ATA] team=2 ata=88.6741 dist=4047.29 leadDist=1679.18 aa=83.6538
[PURE_ATA] team=2 ata=88.1517 dist=4053.45 leadDist=1679.56 aa=86.7234
[PURE_ATA] team=2 ata=87.6522 dist=4059.23 leadDist=1680.13 aa=89.5299
[PURE_ATA] team=2 ata=87.1788 dist=4065.67 leadDist=1680.89 aa=92.0465
[PURE_ATA] team=2 ata=86.6944 dist=4070.69 leadDist=1681.84 aa=88.9484
[PURE_ATA] team=2 ata=86.2228 dist=4075.11 leadDist=1682.9 aa=7.12099
[PURE_ATA] team=2 ata=85.7501 dist=4080.55 leadDist=1684.03 aa=67.3771
[PURE_ATA] team=2 ata=85.2772 dist=4085.63 leadDist=1685.22 aa=76.2226
[PURE_ATA] team=2 ata=84.8067 dist=4091.65 leadDist=1686.43 aa=80.2167
[PURE_ATA] team=2 ata=84.3293 dist=4097.39 leadDist=1687.53 aa=81.8883
[PURE_ATA] team=2 ata=83.8401 dist=4101.51 leadDist=1688.31 aa=81.9487
[PURE_ATA] team=2 ata=83.3597 dist=4106.48 leadDist=1688.65 aa=80.233
[PURE_ATA] team=2 ata=82.8808 dist=4112.4 leadDist=1688.59 aa=77.8346
[PURE_ATA] team=2 ata=82.3858 dist=4116.75 leadDist=1688.26 aa=76.0169
[PURE_ATA] team=2 ata=81.8919 dist=4120.71 leadDist=1687.73 aa=75.485
[PURE_ATA] team=2 ata=81.4044 dist=4124.27 leadDist=1687.04 aa=75.5044
[PURE_ATA] team=2 ata=80.9063 dist=4127.55 leadDist=1686.21 aa=72.7239
[PURE_ATA] team=2 ata=80.4089 dist=4130.47 leadDist=1685.31 aa=60.4543
[PURE_ATA] team=2 ata=79.902 dist=4131.75 leadDist=1684.4 aa=13.1719
[PURE_ATA] team=2 ata=79.4051 dist=4133.99 leadDist=1683.51 aa=85.4416
[PURE_ATA] team=2 ata=78.8997 dist=4135.93 leadDist=1682.66 aa=97.9357
[PURE_ATA] team=2 ata=78.398 dist=4134.85 leadDist=1681.89 aa=103.347
[PURE_ATA] team=2 ata=77.8967 dist=4134.78 leadDist=1681.2 aa=106.679
[SelectTarget] team=1 EnemyN=1 TgtZ=1952.57
[DIST] team=1 EnemyN=1 MyZ=1819.3 TgtZ=1952.57 Dist=4134.27
[ROOT] team=1 status=2 Z=1819.3 VP=(-967.399,-4119.65,1529.6)
[SelectTarget] team=2 EnemyN=1 TgtZ=1819.4
[DIST] team=2 EnemyN=1 MyZ=1952.57 TgtZ=1819.4 Dist=4134.38
[PURE_ATA] team=2 ata=77.3836 dist=4134.38 leadDist=1680.6 aa=109.139
[ROOT] team=2 status=2 Z=1952.57 VP=(69.0945,-357.946,3500)
[PURE_ATA] team=2 ata=76.8821 dist=4133.67 leadDist=1680.12 aa=110.909
[PURE_ATA] team=2 ata=76.3717 dist=4131.26 leadDist=1679.76 aa=112.383
[PURE_ATA] team=2 ata=75.8665 dist=4129.87 leadDist=1679.54 aa=113.589
[PURE_ATA] team=2 ata=75.3598 dist=4126.8 leadDist=1679.46 aa=114.7
[PURE_ATA] team=2 ata=74.8569 dist=4123.41 leadDist=1679.55 aa=115.759
[PURE_ATA] team=2 ata=74.3447 dist=4119.61 leadDist=1679.8 aa=116.849
[PURE_ATA] team=2 ata=73.8398 dist=4114.16 leadDist=1680.22 aa=117.944
[PURE_ATA] team=2 ata=73.3256 dist=4109.6 leadDist=1680.83 aa=119.133
[PURE_ATA] team=2 ata=72.8251 dist=4103.46 leadDist=1681.62 aa=120.273
[PURE_ATA] team=2 ata=72.319 dist=4096.88 leadDist=1682.61 aa=124.168
[PURE_ATA] team=2 ata=71.8051 dist=4091.15 leadDist=1683.7 aa=162.862
[PURE_ATA] team=2 ata=71.3075 dist=4085.26 leadDist=1684.86 aa=98.1015
[PURE_ATA] team=2 ata=70.8004 dist=4078.82 leadDist=1686.08 aa=90.5441
[PURE_ATA] team=2 ata=70.2954 dist=4073.37 leadDist=1687.31 aa=89.8193
[PURE_ATA] team=2 ata=69.8014 dist=4066.33 leadDist=1688.42 aa=90.0845
[PURE_ATA] team=2 ata=69.3032 dist=4060.19 leadDist=1689.19 aa=90.4179
[PURE_ATA] team=2 ata=68.7887 dist=4054.68 leadDist=1689.51 aa=90.2794
[PURE_ATA] team=2 ata=68.281 dist=4048.86 leadDist=1689.41 aa=91.2046
[PURE_ATA] team=2 ata=67.7741 dist=4041.22 leadDist=1689.04 aa=94.1747
[PURE_ATA] team=2 ata=67.2698 dist=4033.16 leadDist=1688.44 aa=99.2841
[PURE_ATA] team=2 ata=66.7574 dist=4025.81 leadDist=1687.67 aa=105.754
[PURE_ATA] team=2 ata=66.2418 dist=4017.9 leadDist=1686.74 aa=118.519
[PURE_ATA] team=2 ata=65.7312 dist=4009.57 leadDist=1685.71 aa=145.981
[SelectTarget] team=1 EnemyN=1 TgtZ=2086.47
[DIST] team=1 EnemyN=1 MyZ=1821.05 TgtZ=2086.47 Dist=3935.06
[ROOT] team=1 status=2 Z=1821.05 VP=(-1785.88,-3663.21,1868.44)
[SelectTarget] team=2 EnemyN=1 TgtZ=1821.18
[DIST] team=2 EnemyN=1 MyZ=2086.47 TgtZ=1821.18 Dist=3935.07
[ROOT] team=2 status=2 Z=2086.47 VP=(-2120.06,-3358.58,2000)
[SelectTarget] team=1 EnemyN=1 TgtZ=2073.65
[DIST] team=1 EnemyN=1 MyZ=1816.54 TgtZ=2073.65 Dist=3806.65
[ROOT] team=1 status=2 Z=1816.54 VP=(-1975.94,-2740.9,1500)
[SelectTarget] team=2 EnemyN=1 TgtZ=1816.72
[DIST] team=2 EnemyN=1 MyZ=2073.65 TgtZ=1816.72 Dist=3805.83
[ROOT] team=2 status=2 Z=2073.65 VP=(-2287.51,-2188.97,2000)
[SYNCCIRCLE] R=1898.53 dist=3803.96 shrink=0 thr=0.648587
[SelectTarget] team=1 EnemyN=1 TgtZ=1999.86
[DIST] team=1 EnemyN=1 MyZ=1815.51 TgtZ=1999.86 Dist=3741.54
[ROOT] team=1 status=2 Z=1815.51 VP=(-1811.64,-1673.5,1500)
[SelectTarget] team=2 EnemyN=1 TgtZ=1815.63
[DIST] team=2 EnemyN=1 MyZ=1999.86 TgtZ=1815.63 Dist=3740.35
[ROOT] team=2 status=2 Z=1999.86 VP=(-1986.53,-1124.62,2000)
[SelectTarget] team=1 EnemyN=1 TgtZ=1957.68
[DIST] team=1 EnemyN=1 MyZ=1812.41 TgtZ=1957.68 Dist=3607.99
[ROOT] team=1 status=2 Z=1812.41 VP=(-1360.24,-841.496,1500)
[SelectTarget] team=2 EnemyN=1 TgtZ=1812.5
[DIST] team=2 EnemyN=1 MyZ=1957.68 TgtZ=1812.5 Dist=3606.99
[ROOT] team=2 status=2 Z=1957.68 VP=(-1151.63,-345.71,2000)
[SelectTarget] team=1 EnemyN=1 TgtZ=1936.61
[DIST] team=1 EnemyN=1 MyZ=1810.12 TgtZ=1936.61 Dist=3444.68
[ROOT] team=1 status=2 Z=1810.12 VP=(-448.608,-419.016,1500)
[SelectTarget] team=2 EnemyN=1 TgtZ=1810.16
[DIST] team=2 EnemyN=1 MyZ=1936.61 TgtZ=1810.16 Dist=3444.06
[ROOT] team=2 status=2 Z=1936.61 VP=(-14.3653,-120.289,2000)
[SelectTarget] team=1 EnemyN=1 TgtZ=1927.02
[DIST] team=1 EnemyN=1 MyZ=1809.05 TgtZ=1927.02 Dist=3269.94
[ROOT] team=1 status=2 Z=1809.05 VP=(546.293,-567.021,1500)
[SelectTarget] team=2 EnemyN=1 TgtZ=1809.02
[DIST] team=2 EnemyN=1 MyZ=1927.02 TgtZ=1809.02 Dist=3268.71
[ROOT] team=2 status=2 Z=1927.02 VP=(1071.04,-567.665,2000)
[SYNCCIRCLE] R=1609.59 dist=3221.49 shrink=0 thr=0.611547
[SelectTarget] team=1 EnemyN=1 TgtZ=1922.04
[DIST] team=1 EnemyN=1 MyZ=1809.44 TgtZ=1922.04 Dist=3111.79
[ROOT] team=1 status=2 Z=1809.44 VP=(-2058.96,-1976.51,6597.78)
[SelectTarget] team=2 EnemyN=1 TgtZ=1809.32
[DIST] team=2 EnemyN=1 MyZ=1922.04 TgtZ=1809.32 Dist=3109.43
[ROOT] team=2 status=2 Z=1922.04 VP=(1705.56,-1576.49,2000)
[SelectTarget] team=1 EnemyN=1 TgtZ=1918.13
[DIST] team=1 EnemyN=1 MyZ=1791.34 TgtZ=1918.13 Dist=2975.18
[ROOT] team=1 status=2 Z=1791.34 VP=(-1778.62,-850.775,6589.51)
[SelectTarget] team=2 EnemyN=1 TgtZ=1791.33
[DIST] team=2 EnemyN=1 MyZ=1918.13 TgtZ=1791.33 Dist=2973.96
[ROOT] team=2 status=2 Z=1918.13 VP=(1600.76,-2782.32,2000)
[SelectTarget] team=1 EnemyN=1 TgtZ=1914.09
[DIST] team=1 EnemyN=1 MyZ=1969.37 TgtZ=1914.09 Dist=3057.97
[ROOT] team=1 status=2 Z=1969.37 VP=(967.697,-3165.32,1500)
[SelectTarget] team=2 EnemyN=1 TgtZ=1970.36
[DIST] team=2 EnemyN=1 MyZ=1914.09 TgtZ=1970.36 Dist=3057.37
[ROOT] team=2 status=2 Z=1914.09 VP=(786.872,-3676.69,2000)
[SelectTarget] team=1 EnemyN=1 TgtZ=1922.43
[DIST] team=1 EnemyN=1 MyZ=2038.6 TgtZ=1922.43 Dist=3094.8
[ROOT] team=1 status=2 Z=2038.6 VP=(88.1316,-3651.37,1500)
[SelectTarget] team=2 EnemyN=1 TgtZ=2038.31
[DIST] team=2 EnemyN=1 MyZ=1922.43 TgtZ=2038.31 Dist=3094.08
[ROOT] team=2 status=2 Z=1922.43 VP=(-371.223,-3929.67,2038.31)
[SYNCCIRCLE] R=1544.73 dist=3090.87 shrink=0 thr=0.67863
[SelectTarget] team=1 EnemyN=1 TgtZ=1922.97
[DIST] team=1 EnemyN=1 MyZ=1931.5 TgtZ=1922.97 Dist=3133.09
[ROOT] team=1 status=2 Z=1931.5 VP=(-908.289,-3477.69,1500)
[SelectTarget] team=2 EnemyN=1 TgtZ=1931.01
[DIST] team=2 EnemyN=1 MyZ=1922.97 TgtZ=1931.01 Dist=3133.12
[ROOT] team=2 status=2 Z=1922.97 VP=(-1457.09,-3466.83,2000)
[SelectTarget] team=1 EnemyN=1 TgtZ=1915.33
[DIST] team=1 EnemyN=1 MyZ=1863.42 TgtZ=1915.33 Dist=3292.98
[ROOT] team=1 status=2 Z=1863.42 VP=(2249.48,-1437.31,6647.54)
[SelectTarget] team=2 EnemyN=1 TgtZ=1863.01
[DIST] team=2 EnemyN=1 MyZ=1915.33 TgtZ=1863.01 Dist=3293.71
[ROOT] team=2 status=2 Z=1915.33 VP=(-2082.71,-2471.87,2000)
[SelectTarget] team=1 EnemyN=1 TgtZ=1912.34
[DIST] team=1 EnemyN=1 MyZ=1838.75 TgtZ=1912.34 Dist=3501.55
[ROOT] team=1 status=2 Z=1838.75 VP=(-1862.77,-1803.59,1500)
[SelectTarget] team=2 EnemyN=1 TgtZ=1838.45
[DIST] team=2 EnemyN=1 MyZ=1912.34 TgtZ=1838.45 Dist=3501.91
[ROOT] team=2 status=2 Z=1912.34 VP=(-2077.26,-1309.51,2000)
[SelectTarget] team=1 EnemyN=1 TgtZ=1913.13
[DIST] team=1 EnemyN=1 MyZ=1822.69 TgtZ=1913.13 Dist=3683.31
[ROOT] team=1 status=2 Z=1822.69 VP=(-1558.12,-850.684,1500)
[SelectTarget] team=2 EnemyN=1 TgtZ=1822.64
[DIST] team=2 EnemyN=1 MyZ=1913.13 TgtZ=1822.64 Dist=3683.79
[ROOT] team=2 status=2 Z=1913.13 VP=(-1487.43,-324.157,2000)
[SYNCCIRCLE] R=1862.46 dist=3725.96 shrink=0 thr=0.637064
[SelectTarget] team=1 EnemyN=1 TgtZ=1915.73
[DIST] team=1 EnemyN=1 MyZ=1816.7 TgtZ=1915.73 Dist=3804.59
[ROOT] team=1 status=2 Z=1816.7 VP=(-814.732,-176.038,1500)
[SelectTarget] team=2 EnemyN=1 TgtZ=1816.71
[DIST] team=2 EnemyN=1 MyZ=1915.73 TgtZ=1816.71 Dist=3804.57
[ROOT] team=2 status=2 Z=1915.73 VP=(-493.519,239.198,2000)
[SelectTarget] team=1 EnemyN=1 TgtZ=1918.67
[DIST] team=1 EnemyN=1 MyZ=1813.76 TgtZ=1918.67 Dist=3843.11
[ROOT] team=1 status=2 Z=1813.76 VP=(163.377,43.1548,1500)
[SelectTarget] team=2 EnemyN=1 TgtZ=1813.84
[DIST] team=2 EnemyN=1 MyZ=1918.67 TgtZ=1813.84 Dist=3842.44
[ROOT] team=2 status=2 Z=1918.67 VP=(643.587,244.225,2000)
[SelectTarget] team=1 EnemyN=1 TgtZ=1920.93
[DIST] team=1 EnemyN=1 MyZ=1809.04 TgtZ=1920.93 Dist=3772.91
[ROOT] team=1 status=2 Z=1809.04 VP=(-1687.76,-3093.31,6597.41)
[SelectTarget] team=2 EnemyN=1 TgtZ=1808.84
[DIST] team=2 EnemyN=1 MyZ=1920.93 TgtZ=1808.84 Dist=3771.13
[ROOT] team=2 status=2 Z=1920.93 VP=(1637.77,-311.935,2000)
[SelectTarget] team=1 EnemyN=1 TgtZ=1921.78
[DIST] team=1 EnemyN=1 MyZ=1814.25 TgtZ=1921.78 Dist=3624.72
[ROOT] team=1 status=2 Z=1814.25 VP=(-1862.32,-1862.89,6602.33)
[SelectTarget] team=2 EnemyN=1 TgtZ=1814.13
[DIST] team=2 EnemyN=1 MyZ=1921.78 TgtZ=1814.13 Dist=3622.45
[ROOT] team=2 status=2 Z=1921.78 VP=(2218.13,-1306.86,2000)
[SYNCCIRCLE] R=1783.89 dist=3569.6 shrink=0 thr=0.593027
[SelectTarget] team=1 EnemyN=1 TgtZ=1920.97
[DIST] team=1 EnemyN=1 MyZ=1835.67 TgtZ=1920.97 Dist=3431.63
[ROOT] team=1 status=2 Z=1835.67 VP=(2004,-1990.52,1500)
[SelectTarget] team=2 EnemyN=1 TgtZ=1836.51
[DIST] team=2 EnemyN=1 MyZ=1920.97 TgtZ=1836.51 Dist=3429.83
[ROOT] team=2 status=2 Z=1920.97 VP=(2179.06,-2476.49,2000)
[SelectTarget] team=1 EnemyN=1 TgtZ=1918.56
[DIST] team=1 EnemyN=1 MyZ=1928.7 TgtZ=1918.56 Dist=3251.59
[ROOT] team=1 status=2 Z=1928.7 VP=(1617.53,-2939.2,1500)
[SelectTarget] team=2 EnemyN=1 TgtZ=1928.66
[DIST] team=2 EnemyN=1 MyZ=1918.56 TgtZ=1928.66 Dist=3249.61
[ROOT] team=2 status=2 Z=1918.56 VP=(1497.94,-3443.01,2000)
[SelectTarget] team=1 EnemyN=1 TgtZ=1915.41
[DIST] team=1 EnemyN=1 MyZ=1876.55 TgtZ=1915.41 Dist=3027.07
[ROOT] team=1 status=2 Z=1876.55 VP=(763.164,-3502.45,1500)
[SelectTarget] team=2 EnemyN=1 TgtZ=1876.36
[DIST] team=2 EnemyN=1 MyZ=1915.41 TgtZ=1876.36 Dist=3024.47
[ROOT] team=2 status=2 Z=1915.41 VP=(366.381,-3841.79,2000)
[SelectTarget] team=1 EnemyN=1 TgtZ=1911.53
[DIST] team=1 EnemyN=1 MyZ=1851.43 TgtZ=1911.53 Dist=2902
[ROOT] team=1 status=2 Z=1851.43 VP=(-257.08,-3419.08,1500)
[SelectTarget] team=2 EnemyN=1 TgtZ=1851.31
[DIST] team=2 EnemyN=1 MyZ=1911.53 TgtZ=1851.31 Dist=2900.32
[ROOT] team=2 status=2 Z=1911.53 VP=(-787.828,-3441.07,2000)
[SYNCCIRCLE] R=1438.05 dist=2876.92 shrink=0 thr=0.644883
[SelectTarget] team=1 EnemyN=1 TgtZ=1908.48
[DIST] team=1 EnemyN=1 MyZ=1834.35 TgtZ=1908.48 Dist=2866.22
[ROOT] team=1 status=2 Z=1834.35 VP=(2360.49,-2030.3,6620.42)
[SelectTarget] team=2 EnemyN=1 TgtZ=1834.13
[DIST] team=2 EnemyN=1 MyZ=1908.48 TgtZ=1834.13 Dist=2865.37
[ROOT] team=2 status=2 Z=1908.48 VP=(-1428.08,-2392.08,2000)
[SelectTarget] team=1 EnemyN=1 TgtZ=1907.45
[DIST] team=1 EnemyN=1 MyZ=1821.43 TgtZ=1907.45 Dist=2926.86
[ROOT] team=1 status=2 Z=1821.43 VP=(-1122.16,-1707.55,1500)
[SelectTarget] team=2 EnemyN=1 TgtZ=1821.23
[DIST] team=2 EnemyN=1 MyZ=1907.45 TgtZ=1821.23 Dist=2925.82
[ROOT] team=2 status=2 Z=1907.45 VP=(-1264.64,-1177.57,2000)
[SelectTarget] team=1 EnemyN=1 TgtZ=1908.67
[DIST] team=1 EnemyN=1 MyZ=1820.26 TgtZ=1908.67 Dist=3059.63
[ROOT] team=1 status=2 Z=1820.26 VP=(-613.438,-837.131,1500)
[SelectTarget] team=2 EnemyN=1 TgtZ=1820.26
[DIST] team=2 EnemyN=1 MyZ=1908.67 TgtZ=1820.26 Dist=3059.24
[ROOT] team=2 status=2 Z=1908.67 VP=(-407.607,-324.665,2000)
[SelectTarget] team=1 EnemyN=1 TgtZ=1911.48
[DIST] team=1 EnemyN=1 MyZ=1822.49 TgtZ=1911.48 Dist=3223.31
[ROOT] team=1 status=2 Z=1822.49 VP=(297.957,-428.034,1500)
[SelectTarget] team=2 EnemyN=1 TgtZ=1822.45
[DIST] team=2 EnemyN=1 MyZ=1911.48 TgtZ=1822.45 Dist=3223.05
[ROOT] team=2 status=2 Z=1911.48 VP=(758.829,-126.638,2000)
[SYNCCIRCLE] R=1625.48 dist=3252.37 shrink=0 thr=0.690977
[SelectTarget] team=1 EnemyN=1 TgtZ=1914.66
[DIST] team=1 EnemyN=1 MyZ=1807.51 TgtZ=1914.66 Dist=3355.67
[ROOT] team=1 status=2 Z=1807.51 VP=(1278.92,-596.761,1500)
[SelectTarget] team=2 EnemyN=1 TgtZ=1807.8
[DIST] team=2 EnemyN=1 MyZ=1914.66 TgtZ=1807.8 Dist=3355.8
[ROOT] team=2 status=2 Z=1914.66 VP=(1824.48,-601.456,2000)
[SelectTarget] team=1 EnemyN=1 TgtZ=1917.05
[DIST] team=1 EnemyN=1 MyZ=1813.84 TgtZ=1917.05 Dist=3429.15
[ROOT] team=1 status=2 Z=1813.84 VP=(2012.84,-1275.6,1500)
[SelectTarget] team=2 EnemyN=1 TgtZ=1813.85
[DIST] team=2 EnemyN=1 MyZ=1917.05 TgtZ=1813.85 Dist=3429.56
[ROOT] team=2 status=2 Z=1917.05 VP=(2463.74,-1570.39,2000)
[SelectTarget] team=1 EnemyN=1 TgtZ=1917.97
[DIST] team=1 EnemyN=1 MyZ=1812.78 TgtZ=1917.97 Dist=3466.64
[ROOT] team=1 status=2 Z=1812.78 VP=(2267.14,-2250.96,1500)
[SelectTarget] team=2 EnemyN=1 TgtZ=1812.91
[DIST] team=2 EnemyN=1 MyZ=1917.97 TgtZ=1812.91 Dist=3466.49
[ROOT] team=2 status=2 Z=1917.97 VP=(2484.61,-2736.87,2000)
[SelectTarget] team=1 EnemyN=1 TgtZ=1917.36
[DIST] team=1 EnemyN=1 MyZ=1814.2 TgtZ=1917.36 Dist=3464.12
[ROOT] team=1 status=2 Z=1814.2 VP=(1955.16,-3217.62,1500)
[SelectTarget] team=2 EnemyN=1 TgtZ=1814.32
[DIST] team=2 EnemyN=1 MyZ=1917.36 TgtZ=1814.32 Dist=3463.36
[ROOT] team=2 status=2 Z=1917.36 VP=(1875.81,-3738.7,2000)
runner:local/env:0	num_steps=[11999] | total rewards=[-98.2944] | termination= [max time out]
[seed 5] reward=   -98.29 ownHP=1.0000 tgtHP=1.0000 max time out
total: 2
[SYNCCIRCLE] R=1240.89 dist=2852.04 shrink=0 thr=0.736248
[SelectTarget] team=1 EnemyN=1 TgtZ=7012.48
[DIST] team=1 EnemyN=1 MyZ=8210.06 TgtZ=7012.48 Dist=2345.2
[ROOT] team=1 status=2 Z=8210.06 VP=(5304.16,-80.2618,7560.06)
[SelectTarget] team=2 EnemyN=1 TgtZ=8208.28
[DIST] team=2 EnemyN=1 MyZ=7012.48 TgtZ=8208.28 Dist=2344.73
[ROOT] team=2 status=2 Z=7012.48 VP=(3816.69,-835.441,7362.48)
[SelectTarget] team=1 EnemyN=1 TgtZ=7095.6
[DIST] team=1 EnemyN=1 MyZ=7795.66 TgtZ=7095.6 Dist=2511.25
[ROOT] team=1 status=2 Z=7795.66 VP=(3370.64,-220.77,7145.66)
[SelectTarget] team=2 EnemyN=1 TgtZ=7792.81
[DIST] team=2 EnemyN=1 MyZ=7095.6 TgtZ=7792.81 Dist=2512.75
[ROOT] team=2 status=2 Z=7095.6 VP=(2857.74,4.38813,7445.6)
[SelectTarget] team=1 EnemyN=1 TgtZ=7185.81
[DIST] team=1 EnemyN=1 MyZ=7157.88 TgtZ=7185.81 Dist=3093.9
[ROOT] team=1 status=2 Z=7157.88 VP=(2595.54,8.79631,6693.2)
[SelectTarget] team=2 EnemyN=1 TgtZ=7153.61
[DIST] team=2 EnemyN=1 MyZ=7185.81 TgtZ=7153.61 Dist=3095.37
[ROOT] team=2 status=2 Z=7185.81 VP=(2400.33,761.965,7153.61)
[SelectTarget] team=1 EnemyN=1 TgtZ=7128.38
[DIST] team=1 EnemyN=1 MyZ=6291.95 TgtZ=7128.38 Dist=3684.02
[ROOT] team=1 status=2 Z=6291.95 VP=(2263.45,671.146,6362.49)
[SelectTarget] team=2 EnemyN=1 TgtZ=6286.76
[DIST] team=2 EnemyN=1 MyZ=7128.38 TgtZ=6286.76 Dist=3685.44
[ROOT] team=2 status=2 Z=7128.38 VP=(2159.75,1529.16,6778.38)
[SYNCCIRCLE] R=1820.68 dist=3780.53 shrink=0 thr=0.856009
[SelectTarget] team=1 EnemyN=1 TgtZ=6897.6
[DIST] team=1 EnemyN=1 MyZ=5362 TgtZ=6897.6 Dist=3924.6
[ROOT] team=1 status=2 Z=5362 VP=(2331.06,1563.75,6108.7)
[SelectTarget] team=2 EnemyN=1 TgtZ=5357.1
[DIST] team=2 EnemyN=1 MyZ=6897.6 TgtZ=5357.1 Dist=3924.05
[ROOT] team=2 status=2 Z=6897.6 VP=(2242.2,2355.33,6547.6)
[SelectTarget] team=1 EnemyN=1 TgtZ=6626.73
[DIST] team=1 EnemyN=1 MyZ=4612 TgtZ=6626.73 Dist=3735.15
[ROOT] team=1 status=2 Z=4612 VP=(2579.82,2360.39,5835.38)
[SelectTarget] team=2 EnemyN=1 TgtZ=4608.79
[DIST] team=2 EnemyN=1 MyZ=6626.73 TgtZ=4608.79 Dist=3733.23
[ROOT] team=2 status=2 Z=6626.73 VP=(2765.7,3110.14,6276.73)
[SelectTarget] team=1 EnemyN=1 TgtZ=6345.68
[DIST] team=1 EnemyN=1 MyZ=4245.01 TgtZ=6345.68 Dist=3231
[ROOT] team=1 status=2 Z=4245.01 VP=(3149.06,2968.75,5541.86)
[SelectTarget] team=2 EnemyN=1 TgtZ=4244.16
[DIST] team=2 EnemyN=1 MyZ=6345.68 TgtZ=4244.16 Dist=3227.8
[ROOT] team=2 status=2 Z=6345.68 VP=(3702.33,3488.25,5995.68)
[SelectTarget] team=1 EnemyN=1 TgtZ=6049.91
[DIST] team=1 EnemyN=1 MyZ=4266.09 TgtZ=6049.91 Dist=2595.87
[ROOT] team=1 status=2 Z=4266.09 VP=(3921.22,3232.06,5211.87)
[SelectTarget] team=2 EnemyN=1 TgtZ=4266.99
[DIST] team=2 EnemyN=1 MyZ=6049.91 TgtZ=4266.99 Dist=2592.25
[ROOT] team=2 status=2 Z=6049.91 VP=(4728.37,3092.6,5699.91)
[SYNCCIRCLE] R=900.813 dist=2453.9 shrink=0 thr=0.681511
[SelectTarget] team=1 EnemyN=1 TgtZ=5713.54
[DIST] team=1 EnemyN=1 MyZ=4552.5 TgtZ=5713.54 Dist=2111.86
[ROOT] team=1 status=2 Z=4552.5 VP=(3892.28,3205.22,5768.51)
[SelectTarget] team=2 EnemyN=1 TgtZ=4554.85
[DIST] team=2 EnemyN=1 MyZ=5713.54 TgtZ=4554.85 Dist=2108.27
[ROOT] team=2 status=2 Z=5713.54 VP=(5089.3,2129.15,5363.54)
[SelectTarget] team=1 EnemyN=1 TgtZ=5313.91
[DIST] team=1 EnemyN=1 MyZ=5010.8 TgtZ=5313.91 Dist=2090.34
[ROOT] team=1 status=2 Z=5010.8 VP=(4700.15,3012.14,5381.3)
[SelectTarget] team=2 EnemyN=1 TgtZ=5013.28
[DIST] team=2 EnemyN=1 MyZ=5313.91 TgtZ=5013.28 Dist=2088.13
[ROOT] team=2 status=2 Z=5313.91 VP=(4914,1442.85,5013.28)
[SelectTarget] team=1 EnemyN=1 TgtZ=4887.01
[DIST] team=1 EnemyN=1 MyZ=5370.51 TgtZ=4887.01 Dist=2493.91
[ROOT] team=1 status=2 Z=5370.51 VP=(5266.66,2418.83,4965.08)
[SelectTarget] team=2 EnemyN=1 TgtZ=5371.89
[DIST] team=2 EnemyN=1 MyZ=4887.01 TgtZ=5371.89 Dist=2493.33
[ROOT] team=2 status=2 Z=4887.01 VP=(4596.05,986.733,5237.01)
[SelectTarget] team=1 EnemyN=1 TgtZ=4575.11
[DIST] team=1 EnemyN=1 MyZ=5495.33 TgtZ=4575.11 Dist=2998.92
[ROOT] team=1 status=2 Z=5495.33 VP=(5063.15,634.351,4845.33)
[SelectTarget] team=2 EnemyN=1 TgtZ=5495.37
[DIST] team=2 EnemyN=1 MyZ=4575.11 TgtZ=5495.37 Dist=2996.71
[ROOT] team=2 status=2 Z=4575.11 VP=(4168.16,642.183,4925.11)
[SYNCCIRCLE] R=1471.15 dist=3098.35 shrink=0 thr=0.560686
[SelectTarget] team=1 EnemyN=1 TgtZ=4379.42
[DIST] team=1 EnemyN=1 MyZ=5397.12 TgtZ=4379.42 Dist=3353.87
[ROOT] team=1 status=2 Z=5397.12 VP=(4336.6,71.6754,4747.12)
[SelectTarget] team=2 EnemyN=1 TgtZ=5396.02
[DIST] team=2 EnemyN=1 MyZ=4379.42 TgtZ=5396.02 Dist=3351.99
[ROOT] team=2 status=2 Z=4379.42 VP=(3606.49,456.409,4729.42)
[SelectTarget] team=1 EnemyN=1 TgtZ=4281.36
[DIST] team=1 EnemyN=1 MyZ=5118.36 TgtZ=4281.36 Dist=3470.85
[ROOT] team=1 status=2 Z=5118.36 VP=(3415.3,17.3928,4468.36)
[SelectTarget] team=2 EnemyN=1 TgtZ=5116.41
[DIST] team=2 EnemyN=1 MyZ=4281.36 TgtZ=5116.41 Dist=3467.56
[ROOT] team=2 status=2 Z=4281.36 VP=(2951.01,558.488,4631.36)
[SelectTarget] team=1 EnemyN=1 TgtZ=4268.34
[DIST] team=1 EnemyN=1 MyZ=4716.09 TgtZ=4268.34 Dist=3326.37
[ROOT] team=1 status=2 Z=4716.09 VP=(2644.73,512.639,4066.09)
[SelectTarget] team=2 EnemyN=1 TgtZ=4713.62
[DIST] team=2 EnemyN=1 MyZ=4268.34 TgtZ=4713.62 Dist=3322.86
[ROOT] team=2 status=2 Z=4268.34 VP=(2378.99,1041.05,4618.34)
[SelectTarget] team=1 EnemyN=1 TgtZ=4309.76
[DIST] team=1 EnemyN=1 MyZ=4251.41 TgtZ=4309.76 Dist=2933.46
[ROOT] team=1 status=2 Z=4251.41 VP=(2132.34,1144.05,3741.88)
[SelectTarget] team=2 EnemyN=1 TgtZ=4248.79
[DIST] team=2 EnemyN=1 MyZ=4309.76 TgtZ=4248.79 Dist=2929.22
[ROOT] team=2 status=2 Z=4309.76 VP=(2152.7,1861.19,4248.79)
[SYNCCIRCLE] R=1400.76 dist=2806.28 shrink=0 thr=0.8165
[SelectTarget] team=1 EnemyN=1 TgtZ=4188.02
[DIST] team=1 EnemyN=1 MyZ=3808.76 TgtZ=4188.02 Dist=2331.09
[ROOT] team=1 status=2 Z=3808.76 VP=(2453.67,1095.29,4214.07)
[SelectTarget] team=2 EnemyN=1 TgtZ=3806.65
[DIST] team=2 EnemyN=1 MyZ=4188.02 TgtZ=3806.65 Dist=2326.92
[ROOT] team=2 status=2 Z=4188.02 VP=(2482.41,2766.01,3838.02)
[SelectTarget] team=1 EnemyN=1 TgtZ=3940.7
[DIST] team=1 EnemyN=1 MyZ=3640.48 TgtZ=3940.7 Dist=1633.35
[ROOT] team=1 status=2 Z=3640.48 VP=(2487.61,1979.28,3973.8)
[SelectTarget] team=2 EnemyN=1 TgtZ=3640.47
[DIST] team=2 EnemyN=1 MyZ=3940.7 TgtZ=3640.47 Dist=1629.31
[ROOT] team=2 status=2 Z=3940.7 VP=(3522.24,3231.71,3640.47)
[SelectTarget] team=1 EnemyN=1 TgtZ=3702.11
[DIST] team=1 EnemyN=1 MyZ=3678.88 TgtZ=3702.11 Dist=1311.7
[ROOT] team=1 status=2 Z=3678.88 VP=(3021.06,2638.47,3728.43)
[SelectTarget] team=2 EnemyN=1 TgtZ=3679.07
[DIST] team=2 EnemyN=1 MyZ=3702.11 TgtZ=3679.07 Dist=1309.97
[ROOT] team=2 status=2 Z=3702.11 VP=(4596.69,2399.69,3679.07)
[SelectTarget] team=1 EnemyN=1 TgtZ=3493.64
[DIST] team=1 EnemyN=1 MyZ=3650.35 TgtZ=3493.64 Dist=1726.82
[ROOT] team=1 status=2 Z=3650.35 VP=(3852,2831.8,3516.41)
[SelectTarget] team=2 EnemyN=1 TgtZ=3649.77
[DIST] team=2 EnemyN=1 MyZ=3493.64 TgtZ=3649.77 Dist=1726.57
[ROOT] team=2 status=2 Z=3493.64 VP=(4499.95,1417.26,3649.77)
[SYNCCIRCLE] R=937.869 dist=1883.68 shrink=0 thr=0.738305
[SelectTarget] team=1 EnemyN=1 TgtZ=3305.51
[DIST] team=1 EnemyN=1 MyZ=3465.17 TgtZ=3305.51 Dist=2422.63
[ROOT] team=1 status=2 Z=3465.17 VP=(4626.35,2462.47,3324.73)
[SelectTarget] team=2 EnemyN=1 TgtZ=3463.71
[DIST] team=2 EnemyN=1 MyZ=3305.51 TgtZ=3463.71 Dist=2421.8
[ROOT] team=2 status=2 Z=3305.51 VP=(4248.98,953.682,3463.71)
[SelectTarget] team=1 EnemyN=1 TgtZ=3131.55
[DIST] team=1 EnemyN=1 MyZ=3121.69 TgtZ=3131.55 Dist=3010.82
[ROOT] team=1 status=2 Z=3121.69 VP=(4843.31,770.397,2471.69)
[SelectTarget] team=2 EnemyN=1 TgtZ=3119.24
[DIST] team=2 EnemyN=1 MyZ=3131.55 TgtZ=3119.24 Dist=3009.99
[ROOT] team=2 status=2 Z=3131.55 VP=(3896.1,555.832,3119.24)
[SelectTarget] team=1 EnemyN=1 TgtZ=2927.36
[DIST] team=1 EnemyN=1 MyZ=2602.11 TgtZ=2927.36 Dist=3308.21
[ROOT] team=1 status=2 Z=2602.11 VP=(5218.82,3634.56,7388.81)
[SelectTarget] team=2 EnemyN=1 TgtZ=2598.91
[DIST] team=2 EnemyN=1 MyZ=2927.36 TgtZ=2598.91 Dist=3305.97
[ROOT] team=2 status=2 Z=2927.36 VP=(3265.37,345.009,2598.91)
[SelectTarget] team=1 EnemyN=1 TgtZ=2637.64
[DIST] team=1 EnemyN=1 MyZ=2215.59 TgtZ=2637.64 Dist=3384.81
[ROOT] team=1 status=2 Z=2215.59 VP=(3262.29,504.026,1819.37)
[SelectTarget] team=2 EnemyN=1 TgtZ=2214.16
[DIST] team=2 EnemyN=1 MyZ=2637.64 TgtZ=2214.16 Dist=3383.4
[ROOT] team=2 status=2 Z=2637.64 VP=(2503.36,703.231,2287.64)
[SYNCCIRCLE] R=1672.52 dist=3370.79 shrink=0 thr=0.727605
[SelectTarget] team=1 EnemyN=1 TgtZ=2351.5
[DIST] team=1 EnemyN=1 MyZ=2003.76 TgtZ=2351.5 Dist=3318.38
[ROOT] team=1 status=2 Z=2003.76 VP=(6270.99,1730.69,6780.06)
[SelectTarget] team=2 EnemyN=1 TgtZ=2002.79
[DIST] team=2 EnemyN=1 MyZ=2351.5 TgtZ=2002.79 Dist=3317.97
[ROOT] team=2 status=2 Z=2351.5 VP=(2081.23,1651.62,2002.79)
[SelectTarget] team=1 EnemyN=1 TgtZ=2127.78
[DIST] team=1 EnemyN=1 MyZ=1898.7 TgtZ=2127.78 Dist=3309.56
[ROOT] team=1 status=2 Z=1898.7 VP=(2551.79,2184.46,1500)
[SelectTarget] team=2 EnemyN=1 TgtZ=1898.39
[DIST] team=2 EnemyN=1 MyZ=2127.78 TgtZ=1898.39 Dist=3309.03
[ROOT] team=2 status=2 Z=2127.78 VP=(2306.49,2775.25,2000)
[SelectTarget] team=1 EnemyN=1 TgtZ=2009.73
[DIST] team=1 EnemyN=1 MyZ=1852.62 TgtZ=2009.73 Dist=3387.4
[ROOT] team=1 status=2 Z=1852.62 VP=(2983.2,3051.16,1500)
[SelectTarget] team=2 EnemyN=1 TgtZ=1852.56
[DIST] team=2 EnemyN=1 MyZ=2009.73 TgtZ=1852.56 Dist=3387.08
[ROOT] team=2 status=2 Z=2009.73 VP=(3128.35,3610.54,2000)
[SelectTarget] team=1 EnemyN=1 TgtZ=1956.27
[DIST] team=1 EnemyN=1 MyZ=1830.32 TgtZ=1956.27 Dist=3490.67
[ROOT] team=1 status=2 Z=1830.32 VP=(3831.54,3522.94,1500)
[SelectTarget] team=2 EnemyN=1 TgtZ=1830.3
[DIST] team=2 EnemyN=1 MyZ=1956.27 TgtZ=1830.3 Dist=3490
[ROOT] team=2 status=2 Z=1956.27 VP=(4260.93,3869.9,2000)
[SYNCCIRCLE] R=1751.82 dist=3505.82 shrink=0 thr=0.647352
[SelectTarget] team=1 EnemyN=1 TgtZ=1934.03
[DIST] team=1 EnemyN=1 MyZ=1821.58 TgtZ=1934.03 Dist=3575.52
[ROOT] team=1 status=2 Z=1821.58 VP=(4812.61,3445.78,1500)
[SelectTarget] team=2 EnemyN=1 TgtZ=1821.58
[DIST] team=2 EnemyN=1 MyZ=1934.03 TgtZ=1821.58 Dist=3575.27
[ROOT] team=2 status=2 Z=1934.03 VP=(5350.02,3497.19,2000)
[SelectTarget] team=1 EnemyN=1 TgtZ=1925.11
[DIST] team=1 EnemyN=1 MyZ=1808.12 TgtZ=1925.11 Dist=3605.22
[ROOT] team=1 status=2 Z=1808.12 VP=(5607.98,2854.38,1500)
[SelectTarget] team=2 EnemyN=1 TgtZ=1808.43
[DIST] team=2 EnemyN=1 MyZ=1925.11 TgtZ=1808.43 Dist=3604.17
[ROOT] team=2 status=2 Z=1925.11 VP=(6083.09,2613,2000)
[SelectTarget] team=1 EnemyN=1 TgtZ=1920.97
[DIST] team=1 EnemyN=1 MyZ=1815.4 TgtZ=1920.97 Dist=3564.27
[ROOT] team=1 status=2 Z=1815.4 VP=(5977.78,1924.61,1500)
[SelectTarget] team=2 EnemyN=1 TgtZ=1815.19
[DIST] team=2 EnemyN=1 MyZ=1920.97 TgtZ=1815.19 Dist=3563.11
[ROOT] team=2 status=2 Z=1920.97 VP=(6253.63,1474.26,2000)
[SelectTarget] team=1 EnemyN=1 TgtZ=1918.01
[DIST] team=1 EnemyN=1 MyZ=1814.07 TgtZ=1918.01 Dist=3495.45
[ROOT] team=1 status=2 Z=1814.07 VP=(2910.84,3387,6601.91)
[SelectTarget] team=2 EnemyN=1 TgtZ=1813.96
[DIST] team=2 EnemyN=1 MyZ=1918.01 TgtZ=1813.96 Dist=3493.99
[ROOT] team=2 status=2 Z=1918.01 VP=(5791.04,408.377,2000)
[SYNCCIRCLE] R=1736.05 dist=3473.83 shrink=0 thr=0.621425
[SelectTarget] team=1 EnemyN=1 TgtZ=1915.04
[DIST] team=1 EnemyN=1 MyZ=1817.46 TgtZ=1915.04 Dist=3415.12
[ROOT] team=1 status=2 Z=1817.46 VP=(4073.08,3758.14,6604.31)
[SelectTarget] team=2 EnemyN=1 TgtZ=1817.29
[DIST] team=2 EnemyN=1 MyZ=1915.04 TgtZ=1817.29 Dist=3413.19
[ROOT] team=2 status=2 Z=1915.04 VP=(4823.96,-245.095,2000)
[SelectTarget] team=1 EnemyN=1 TgtZ=1912.17
[DIST] team=1 EnemyN=1 MyZ=1815.06 TgtZ=1912.17 Dist=3329.61
[ROOT] team=1 status=2 Z=1815.06 VP=(4139.26,-52.5779,1500)
[SelectTarget] team=2 EnemyN=1 TgtZ=1814.9
[DIST] team=2 EnemyN=1 MyZ=1912.17 TgtZ=1814.9 Dist=3328.65
[ROOT] team=2 status=2 Z=1912.17 VP=(3654.46,-256.952,2000)
[SelectTarget] team=1 EnemyN=1 TgtZ=1909.84
[DIST] team=1 EnemyN=1 MyZ=1816.03 TgtZ=1909.84 Dist=3246.58
[ROOT] team=1 status=2 Z=1816.03 VP=(3194.94,291.298,1500)
[SelectTarget] team=2 EnemyN=1 TgtZ=1816.08
[DIST] team=2 EnemyN=1 MyZ=1909.84 TgtZ=1816.08 Dist=3245.01
[ROOT] team=2 status=2 Z=1909.84 VP=(2677.09,397.167,2000)
[SelectTarget] team=1 EnemyN=1 TgtZ=1908.53
[DIST] team=1 EnemyN=1 MyZ=1821.2 TgtZ=1908.53 Dist=3179.37
[ROOT] team=1 status=2 Z=1821.2 VP=(2617.6,1114.49,1500)
[SelectTarget] team=2 EnemyN=1 TgtZ=1821.17
[DIST] team=2 EnemyN=1 MyZ=1908.53 TgtZ=1821.17 Dist=3177.85
[ROOT] team=2 status=2 Z=1908.53 VP=(2252.33,1502.05,2000)
[SYNCCIRCLE] R=1579.12 dist=3159.61 shrink=0 thr=0.650233
[SelectTarget] team=1 EnemyN=1 TgtZ=1908.54
[DIST] team=1 EnemyN=1 MyZ=1819.79 TgtZ=1908.54 Dist=3149.33
[ROOT] team=1 status=2 Z=1819.79 VP=(2625.07,2121.28,1500)
[SelectTarget] team=2 EnemyN=1 TgtZ=1819.67
[DIST] team=2 EnemyN=1 MyZ=1908.54 TgtZ=1819.67 Dist=3148
[ROOT] team=2 status=2 Z=1908.54 VP=(2553.3,2653.88,2000)
[SelectTarget] team=1 EnemyN=1 TgtZ=1909.85
[DIST] team=1 EnemyN=1 MyZ=1824.78 TgtZ=1909.85 Dist=3184.92
[ROOT] team=1 status=2 Z=1824.78 VP=(3213.51,2934.62,1500)
[SelectTarget] team=2 EnemyN=1 TgtZ=1824.72
[DIST] team=2 EnemyN=1 MyZ=1909.85 TgtZ=1824.72 Dist=3183.8
[ROOT] team=2 status=2 Z=1909.85 VP=(3464.98,3414.72,2000)
[SelectTarget] team=1 EnemyN=1 TgtZ=1912.02
[DIST] team=1 EnemyN=1 MyZ=1818.37 TgtZ=1912.02 Dist=3244.67
[ROOT] team=1 status=2 Z=1818.37 VP=(4154.92,3264.21,1500)
[SelectTarget] team=2 EnemyN=1 TgtZ=1818.23
[DIST] team=2 EnemyN=1 MyZ=1912.02 TgtZ=1818.23 Dist=3244.51
[ROOT] team=2 status=2 Z=1912.02 VP=(4635.68,3518.81,2000)
[SelectTarget] team=1 EnemyN=1 TgtZ=1914.22
[DIST] team=1 EnemyN=1 MyZ=1823.23 TgtZ=1914.22 Dist=3333.86
[ROOT] team=1 status=2 Z=1823.23 VP=(5114.97,3010.27,1500)
[SelectTarget] team=2 EnemyN=1 TgtZ=1823.19
[DIST] team=2 EnemyN=1 MyZ=1914.22 TgtZ=1823.19 Dist=3334.48
[ROOT] team=2 status=2 Z=1914.22 VP=(5655.71,2956.89,2000)
[SYNCCIRCLE] R=1670.84 dist=3343.11 shrink=0 thr=0.670399
[SelectTarget] team=1 EnemyN=1 TgtZ=1915.67
[DIST] team=1 EnemyN=1 MyZ=1817.11 TgtZ=1915.67 Dist=3403.16
[ROOT] team=1 status=2 Z=1817.11 VP=(5779.78,2271.41,1500)
[SelectTarget] team=2 EnemyN=1 TgtZ=1817.02
[DIST] team=2 EnemyN=1 MyZ=1915.67 TgtZ=1817.02 Dist=3402.5
[ROOT] team=2 status=2 Z=1915.67 VP=(6202.92,1934.75,2000)
[SelectTarget] team=1 EnemyN=1 TgtZ=1915.88
[DIST] team=1 EnemyN=1 MyZ=1814.34 TgtZ=1915.88 Dist=3457.14
[ROOT] team=1 status=2 Z=1814.34 VP=(2245.46,2603.3,6602.2)
[SelectTarget] team=2 EnemyN=1 TgtZ=1814.21
[DIST] team=2 EnemyN=1 MyZ=1915.88 TgtZ=1814.21 Dist=3456.34
[ROOT] team=2 status=2 Z=1915.88 VP=(6113.75,776.345,2000)
[SelectTarget] team=1 EnemyN=1 TgtZ=1914.95
[DIST] team=1 EnemyN=1 MyZ=1817.13 TgtZ=1914.95 Dist=3498.05
[ROOT] team=1 status=2 Z=1817.13 VP=(3124.33,3458.22,6604.45)
[SelectTarget] team=2 EnemyN=1 TgtZ=1816.98
[DIST] team=2 EnemyN=1 MyZ=1914.95 TgtZ=1816.98 Dist=3496.99
[ROOT] team=2 status=2 Z=1914.95 VP=(5423.96,-157.688,2000)
[SelectTarget] team=1 EnemyN=1 TgtZ=1913.41
[DIST] team=1 EnemyN=1 MyZ=1819.31 TgtZ=1913.41 Dist=3513.39
[ROOT] team=1 status=2 Z=1819.31 VP=(4293.46,3740.81,6606.79)
[SelectTarget] team=2 EnemyN=1 TgtZ=1819.13
[DIST] team=2 EnemyN=1 MyZ=1913.41 TgtZ=1819.13 Dist=3512.19
[ROOT] team=2 status=2 Z=1913.41 VP=(4348.73,-585.918,2000)
[SYNCCIRCLE] R=1756.68 dist=3514.75 shrink=0 thr=0.631713
[SelectTarget] team=1 EnemyN=1 TgtZ=1911.89
[DIST] team=1 EnemyN=1 MyZ=1819.46 TgtZ=1911.89 Dist=3497.41
[ROOT] team=1 status=2 Z=1819.46 VP=(3721.95,-267.284,1500)
[SelectTarget] team=2 EnemyN=1 TgtZ=1819.3
[DIST] team=2 EnemyN=1 MyZ=1911.89 TgtZ=1819.3 Dist=3496.3
[ROOT] team=2 status=2 Z=1911.89 VP=(3209.64,-380.764,2000)
[SelectTarget] team=1 EnemyN=1 TgtZ=1910.89
[DIST] team=1 EnemyN=1 MyZ=1821.91 TgtZ=1910.89 Dist=3442.19
[ROOT] team=1 status=2 Z=1821.91 VP=(2845.72,227.749,1500)
[SelectTarget] team=2 EnemyN=1 TgtZ=1821.99
[DIST] team=2 EnemyN=1 MyZ=1910.89 TgtZ=1821.99 Dist=3440.3
[ROOT] team=2 status=2 Z=1910.89 VP=(2355.33,408.866,2000)
[SelectTarget] team=1 EnemyN=1 TgtZ=1910.74
[DIST] team=1 EnemyN=1 MyZ=1806 TgtZ=1910.74 Dist=3336.48
[ROOT] team=1 status=2 Z=1806 VP=(2378.03,1124.46,1500)
[SelectTarget] team=2 EnemyN=1 TgtZ=1806.18
[DIST] team=2 EnemyN=1 MyZ=1910.74 TgtZ=1806.18 Dist=3335.42
[ROOT] team=2 status=2 Z=1910.74 VP=(2071.13,1547.88,2000)
[SelectTarget] team=1 EnemyN=1 TgtZ=1911.36
[DIST] team=1 EnemyN=1 MyZ=1812.01 TgtZ=1911.36 Dist=3243.9
[ROOT] team=1 status=2 Z=1812.01 VP=(2495.92,2134.21,1500)
[SelectTarget] team=2 EnemyN=1 TgtZ=1812.19
[DIST] team=2 EnemyN=1 MyZ=1911.36 TgtZ=1812.19 Dist=3242.92
[ROOT] team=2 status=2 Z=1911.36 VP=(2484.27,2660.52,2000)
[SYNCCIRCLE] R=1612.36 dist=3226.08 shrink=0 thr=0.63089
[SelectTarget] team=1 EnemyN=1 TgtZ=1912.66
[DIST] team=1 EnemyN=1 MyZ=1814.7 TgtZ=1912.66 Dist=3176.91
[ROOT] team=1 status=2 Z=1814.7 VP=(3170.44,2892.08,1500)
[SelectTarget] team=2 EnemyN=1 TgtZ=1814.85
[DIST] team=2 EnemyN=1 MyZ=1912.66 TgtZ=1814.85 Dist=3175.96
[ROOT] team=2 status=2 Z=1912.66 VP=(3466.94,3333.14,2000)
[SelectTarget] team=1 EnemyN=1 TgtZ=1914.25
[DIST] team=1 EnemyN=1 MyZ=1813.69 TgtZ=1914.25 Dist=3140.21
[ROOT] team=1 status=2 Z=1813.69 VP=(4155.91,3115.75,1500)
[SelectTarget] team=2 EnemyN=1 TgtZ=1813.8
[DIST] team=2 EnemyN=1 MyZ=1914.25 TgtZ=1813.8 Dist=3139.49
[ROOT] team=2 status=2 Z=1914.25 VP=(4658.21,3304.4,2000)
[SelectTarget] team=1 EnemyN=1 TgtZ=1915.45
[DIST] team=1 EnemyN=1 MyZ=1799.82 TgtZ=1915.45 Dist=3116.92
[ROOT] team=1 status=2 Z=1799.82 VP=(2087.26,420.943,6612.36)
[SelectTarget] team=2 EnemyN=1 TgtZ=1800.23
[DIST] team=2 EnemyN=1 MyZ=1915.45 TgtZ=1800.23 Dist=3117.01
[ROOT] team=2 status=2 Z=1915.45 VP=(5602.75,2581.35,2000)
[SelectTarget] team=1 EnemyN=1 TgtZ=1915.79
[DIST] team=1 EnemyN=1 MyZ=1971.28 TgtZ=1915.79 Dist=3242.59
[ROOT] team=1 status=2 Z=1971.28 VP=(5607.06,1864.52,1500)
[SelectTarget] team=2 EnemyN=1 TgtZ=1972.01
[DIST] team=2 EnemyN=1 MyZ=1915.79 TgtZ=1972.01 Dist=3241.7
[ROOT] team=2 status=2 Z=1915.79 VP=(5962.35,1455.63,2000)
[SYNCCIRCLE] R=1626.29 dist=3253.58 shrink=0 thr=0.664637
[SelectTarget] team=1 EnemyN=1 TgtZ=1918.15
[DIST] team=1 EnemyN=1 MyZ=1991.06 TgtZ=1918.15 Dist=3246.41
[ROOT] team=1 status=2 Z=1991.06 VP=(5617.04,869.589,1500)
[SelectTarget] team=2 EnemyN=1 TgtZ=1990.51
[DIST] team=2 EnemyN=1 MyZ=1918.15 TgtZ=1990.51 Dist=3245.23
[ROOT] team=2 status=2 Z=1918.15 VP=(5640.97,326.306,2000)
[SelectTarget] team=1 EnemyN=1 TgtZ=1915.93
[DIST] team=1 EnemyN=1 MyZ=1897.5 TgtZ=1915.93 Dist=3270.94
[ROOT] team=1 status=2 Z=1897.5 VP=(3369.51,3624.13,6679.89)
[SelectTarget] team=2 EnemyN=1 TgtZ=1896.99
[DIST] team=2 EnemyN=1 MyZ=1915.93 TgtZ=1896.99 Dist=3270.21
[ROOT] team=2 status=2 Z=1915.93 VP=(4738,-431.865,2000)
[SelectTarget] team=1 EnemyN=1 TgtZ=1912.98
[DIST] team=1 EnemyN=1 MyZ=1851.77 TgtZ=1912.98 Dist=3381.34
[ROOT] team=1 status=2 Z=1851.77 VP=(4038.15,-298.448,1500)
[SelectTarget] team=2 EnemyN=1 TgtZ=1851.45
[DIST] team=2 EnemyN=1 MyZ=1912.98 TgtZ=1851.45 Dist=3381.3
[ROOT] team=2 status=2 Z=1912.98 VP=(3572.23,-561.295,2000)
[SelectTarget] team=1 EnemyN=1 TgtZ=1911.17
[DIST] team=1 EnemyN=1 MyZ=1838.22 TgtZ=1911.17 Dist=3498.02
[ROOT] team=1 status=2 Z=1838.22 VP=(3059.07,-76.9382,1500)
[SelectTarget] team=2 EnemyN=1 TgtZ=1838
[DIST] team=2 EnemyN=1 MyZ=1911.17 TgtZ=1838 Dist=3497.11
[ROOT] team=2 status=2 Z=1911.17 VP=(2529.57,-50.3255,2000)
[SYNCCIRCLE] R=1763.07 dist=3526.91 shrink=0 thr=0.637475
[SelectTarget] team=1 EnemyN=1 TgtZ=1910.93
[DIST] team=1 EnemyN=1 MyZ=1828.26 TgtZ=1910.93 Dist=3571.82
[ROOT] team=1 status=2 Z=1828.26 VP=(2342.64,628.802,1500)
[SelectTarget] team=2 EnemyN=1 TgtZ=1828.22
[DIST] team=2 EnemyN=1 MyZ=1910.93 TgtZ=1828.22 Dist=3571.33
[ROOT] team=2 status=2 Z=1910.93 VP=(1911.69,928.409,2000)
[SelectTarget] team=1 EnemyN=1 TgtZ=1911.94
[DIST] team=1 EnemyN=1 MyZ=1821.14 TgtZ=1911.94 Dist=3591.72
[ROOT] team=1 status=2 Z=1821.14 VP=(2100.26,1611.57,1500)
[SelectTarget] team=2 EnemyN=1 TgtZ=1821.14
[DIST] team=2 EnemyN=1 MyZ=1911.94 TgtZ=1821.14 Dist=3591.28
[ROOT] team=2 status=2 Z=1911.94 VP=(1893.66,2090.22,2000)
[SelectTarget] team=1 EnemyN=1 TgtZ=1913.87
[DIST] team=1 EnemyN=1 MyZ=1816.11 TgtZ=1913.87 Dist=3568.31
[ROOT] team=1 status=2 Z=1816.11 VP=(2409.01,2577.61,1500)
[SelectTarget] team=2 EnemyN=1 TgtZ=1816.21
[DIST] team=2 EnemyN=1 MyZ=1913.87 TgtZ=1816.21 Dist=3567.54
[ROOT] team=2 status=2 Z=1913.87 VP=(2486.78,3091.56,2000)
[SelectTarget] team=1 EnemyN=1 TgtZ=1916.19
[DIST] team=1 EnemyN=1 MyZ=1807.11 TgtZ=1916.19 Dist=3484.31
[ROOT] team=1 status=2 Z=1807.11 VP=(3898.73,-547.24,6595.23)
[SelectTarget] team=2 EnemyN=1 TgtZ=1806.88
[DIST] team=2 EnemyN=1 MyZ=1916.19 TgtZ=1806.88 Dist=3483.52
[ROOT] team=2 status=2 Z=1916.19 VP=(3521.03,3631.35,2000)
[SYNCCIRCLE] R=1729.98 dist=3461.89 shrink=0 thr=0.606609
[SelectTarget] team=1 EnemyN=1 TgtZ=1918.24
[DIST] team=1 EnemyN=1 MyZ=1811.42 TgtZ=1918.24 Dist=3369.75
[ROOT] team=1 status=2 Z=1811.42 VP=(2721.71,-27.8622,6599.56)
[SelectTarget] team=2 EnemyN=1 TgtZ=1811.24
[DIST] team=2 EnemyN=1 MyZ=1918.24 TgtZ=1811.24 Dist=3368.27
[ROOT] team=2 status=2 Z=1918.24 VP=(4688.84,3519.27,2000)
[SelectTarget] team=1 EnemyN=1 TgtZ=1919.35
[DIST] team=1 EnemyN=1 MyZ=1813.42 TgtZ=1919.35 Dist=3224.62
[ROOT] team=1 status=2 Z=1813.42 VP=(2026.03,1031.02,6601.32)
[SelectTarget] team=2 EnemyN=1 TgtZ=1813.22
[DIST] team=2 EnemyN=1 MyZ=1919.35 TgtZ=1813.22 Dist=3222.24
[ROOT] team=2 status=2 Z=1919.35 VP=(5599.89,2761.81,2000)
[SelectTarget] team=1 EnemyN=1 TgtZ=1918.85
[DIST] team=1 EnemyN=1 MyZ=1811.64 TgtZ=1918.85 Dist=3080.26
[ROOT] team=1 status=2 Z=1811.64 VP=(5585.31,2021.43,1500)
[SelectTarget] team=2 EnemyN=1 TgtZ=1811.45
[DIST] team=2 EnemyN=1 MyZ=1918.85 TgtZ=1811.45 Dist=3078.77
[ROOT] team=2 status=2 Z=1918.85 VP=(5896.28,1594.79,2000)
[SelectTarget] team=1 EnemyN=1 TgtZ=1916.57
[DIST] team=1 EnemyN=1 MyZ=1812.21 TgtZ=1916.57 Dist=2978.52
[ROOT] team=1 status=2 Z=1812.21 VP=(5428.04,1008.82,1500)
[SelectTarget] team=2 EnemyN=1 TgtZ=1812.14
[DIST] team=2 EnemyN=1 MyZ=1916.57 TgtZ=1812.14 Dist=2977.72
[ROOT] team=2 status=2 Z=1916.57 VP=(5415.36,474.106,2000)
[SYNCCIRCLE] R=1484.51 dist=2970.68 shrink=0 thr=0.648587
[SelectTarget] team=1 EnemyN=1 TgtZ=1913.16
[DIST] team=1 EnemyN=1 MyZ=1815.26 TgtZ=1913.16 Dist=2940.43
[ROOT] team=1 status=2 Z=1815.26 VP=(4684.4,309.221,1500)
[SelectTarget] team=2 EnemyN=1 TgtZ=1815.25
[DIST] team=2 EnemyN=1 MyZ=1913.16 TgtZ=1815.25 Dist=2938.44
[ROOT] team=2 status=2 Z=1913.16 VP=(4341.66,-110.163,2000)
[SelectTarget] team=1 EnemyN=1 TgtZ=1909.82
[DIST] team=1 EnemyN=1 MyZ=1813.65 TgtZ=1909.82 Dist=2943.09
[ROOT] team=1 status=2 Z=1813.65 VP=(3675.28,219.252,1500)
[SelectTarget] team=2 EnemyN=1 TgtZ=1813.81
[DIST] team=2 EnemyN=1 MyZ=1909.82 TgtZ=1813.81 Dist=2941.8
[ROOT] team=2 status=2 Z=1909.82 VP=(3142.34,98.9657,2000)
runner:local/env:0	num_steps=[11999] | total rewards=[-118.7042] | termination= [max time out]
[seed 6] reward=  -118.70 ownHP=1.0000 tgtHP=1.0000 max time out
total: 2
[SelectTarget] team=1 EnemyN=1 TgtZ=7001.45
[DIST] team=1 EnemyN=1 MyZ=7216.99 TgtZ=7001.45 Dist=2588.09
[ROOT] team=1 status=2 Z=7216.99 VP=(4817.83,-103.204,7101.43)
[SelectTarget] team=2 EnemyN=1 TgtZ=7215.66
[DIST] team=2 EnemyN=1 MyZ=7001.45 TgtZ=7215.66 Dist=2584.33
[ROOT] team=2 status=2 Z=7001.45 VP=(4436.87,-794.459,7215.66)
[SelectTarget] team=1 EnemyN=1 TgtZ=6996.1
[DIST] team=1 EnemyN=1 MyZ=6975.72 TgtZ=6996.1 Dist=1648.48
[ROOT] team=1 status=2 Z=6975.72 VP=(5112.68,-72.8818,6973.8)
[SelectTarget] team=2 EnemyN=1 TgtZ=6974.41
[DIST] team=2 EnemyN=1 MyZ=6996.1 TgtZ=6974.41 Dist=1643.18
[ROOT] team=2 status=2 Z=6996.1 VP=(3451.83,-752.288,6974.41)
[SYNCCIRCLE] R=730.465 dist=1462.34 shrink=0 thr=0.742421
[SelectTarget] team=1 EnemyN=1 TgtZ=6924.79
[DIST] team=1 EnemyN=1 MyZ=6831.69 TgtZ=6924.79 Dist=1112.46
[ROOT] team=1 status=2 Z=6831.69 VP=(4160.14,-482.365,6945.07)
[SelectTarget] team=2 EnemyN=1 TgtZ=6831.23
[DIST] team=2 EnemyN=1 MyZ=6924.79 TgtZ=6831.23 Dist=1109.31
[ROOT] team=2 status=2 Z=6924.79 VP=(2674.8,145.522,6831.23)
[SelectTarget] team=1 EnemyN=1 TgtZ=6778.37
[DIST] team=1 EnemyN=1 MyZ=6736.79 TgtZ=6778.37 Dist=1370.9
[ROOT] team=1 status=2 Z=6736.79 VP=(3307.72,-532.126,6797.5)
[SelectTarget] team=2 EnemyN=1 TgtZ=6736.14
[DIST] team=2 EnemyN=1 MyZ=6778.37 TgtZ=6736.14 Dist=1369.46
[ROOT] team=2 status=2 Z=6778.37 VP=(3067.84,988.209,6736.14)
[SelectTarget] team=1 EnemyN=1 TgtZ=6539.35
[DIST] team=1 EnemyN=1 MyZ=6575.46 TgtZ=6539.35 Dist=2079
[ROOT] team=1 status=2 Z=6575.46 VP=(2509.01,-197.096,6579.68)
[SelectTarget] team=2 EnemyN=1 TgtZ=6574.3
[DIST] team=2 EnemyN=1 MyZ=6539.35 TgtZ=6574.3 Dist=2078.43
[ROOT] team=2 status=2 Z=6539.35 VP=(3192.01,1147.34,6574.3)
[SelectTarget] team=1 EnemyN=1 TgtZ=6219.42
[DIST] team=1 EnemyN=1 MyZ=6314.21 TgtZ=6219.42 Dist=2815.16
[ROOT] team=1 status=2 Z=6314.21 VP=(1781.72,1291.99,5664.21)
[SelectTarget] team=2 EnemyN=1 TgtZ=6312.42
[DIST] team=2 EnemyN=1 MyZ=6219.42 TgtZ=6312.42 Dist=2814.93
[ROOT] team=2 status=2 Z=6219.42 VP=(3149.17,1407.99,6312.42)
[SYNCCIRCLE] R=1485.24 dist=2972.02 shrink=0 thr=0.665872
[SelectTarget] team=1 EnemyN=1 TgtZ=5851.07
[DIST] team=1 EnemyN=1 MyZ=5912.24 TgtZ=5851.07 Dist=3427.1
[ROOT] team=1 status=2 Z=5912.24 VP=(2086.5,2077.62,5262.24)
[SelectTarget] team=2 EnemyN=1 TgtZ=5909.61
[DIST] team=2 EnemyN=1 MyZ=5851.07 TgtZ=5909.61 Dist=3424.78
[ROOT] team=2 status=2 Z=5851.07 VP=(3270.95,1775.43,5909.61)
[SelectTarget] team=1 EnemyN=1 TgtZ=5463.69
[DIST] team=1 EnemyN=1 MyZ=5392.16 TgtZ=5463.69 Dist=3802.22
[ROOT] team=1 status=2 Z=5392.16 VP=(2732.4,2614.1,4742.16)
[SelectTarget] team=2 EnemyN=1 TgtZ=5389.1
[DIST] team=2 EnemyN=1 MyZ=5463.69 TgtZ=5389.1 Dist=3798.64
[ROOT] team=2 status=2 Z=5463.69 VP=(3658.65,2073.86,5389.1)
[SelectTarget] team=1 EnemyN=1 TgtZ=5071.53
[DIST] team=1 EnemyN=1 MyZ=4842.79 TgtZ=5071.53 Dist=3834.96
[ROOT] team=1 status=2 Z=4842.79 VP=(3567.04,2730.57,4192.79)
[SelectTarget] team=2 EnemyN=1 TgtZ=4839.86
[DIST] team=2 EnemyN=1 MyZ=5071.53 TgtZ=4839.86 Dist=3830.56
[ROOT] team=2 status=2 Z=5071.53 VP=(4253.5,2105.78,4839.86)
[SelectTarget] team=1 EnemyN=1 TgtZ=4684.84
[DIST] team=1 EnemyN=1 MyZ=4368.1 TgtZ=4684.84 Dist=3477.82
[ROOT] team=1 status=2 Z=4368.1 VP=(4345.54,2334.12,3813.77)
[SelectTarget] team=2 EnemyN=1 TgtZ=4365.83
[DIST] team=2 EnemyN=1 MyZ=4684.84 TgtZ=4365.83 Dist=3472.6
[ROOT] team=2 status=2 Z=4684.84 VP=(4873.22,1744.05,4365.83)
[SYNCCIRCLE] R=1659.41 dist=3334.54 shrink=0 thr=0.591381
[SelectTarget] team=1 EnemyN=1 TgtZ=4339.3
[DIST] team=1 EnemyN=1 MyZ=4032.92 TgtZ=4339.3 Dist=2767.76
[ROOT] team=1 status=2 Z=4032.92 VP=(4813.7,1496.59,3629.67)
[SelectTarget] team=2 EnemyN=1 TgtZ=4031.42
[DIST] team=2 EnemyN=1 MyZ=4339.3 TgtZ=4031.42 Dist=2761.53
[ROOT] team=2 status=2 Z=4339.3 VP=(5276.86,986.884,4031.42)
[SelectTarget] team=1 EnemyN=1 TgtZ=4077.11
[DIST] team=1 EnemyN=1 MyZ=3841.63 TgtZ=4077.11 Dist=1853.95
[ROOT] team=1 status=2 Z=3841.63 VP=(4820.13,1651.99,4126.9)
[SelectTarget] team=2 EnemyN=1 TgtZ=3841.64
[DIST] team=2 EnemyN=1 MyZ=4077.11 TgtZ=3841.64 Dist=1848.12
[ROOT] team=2 status=2 Z=4077.11 VP=(5195.78,-18.4446,3841.64)
[SelectTarget] team=1 EnemyN=1 TgtZ=3887.94
[DIST] team=1 EnemyN=1 MyZ=3894.85 TgtZ=3887.94 Dist=1147.03
[ROOT] team=1 status=2 Z=3894.85 VP=(4983.93,679.156,3905.88)
[SelectTarget] team=2 EnemyN=1 TgtZ=3894.88
[DIST] team=2 EnemyN=1 MyZ=3887.94 TgtZ=3894.88 Dist=1142.06
[ROOT] team=2 status=2 Z=3887.94 VP=(3965.91,-586.921,3894.88)
[SelectTarget] team=1 EnemyN=1 TgtZ=3732.39
[DIST] team=1 EnemyN=1 MyZ=3834.36 TgtZ=3732.39 Dist=1260.72
[ROOT] team=1 status=2 Z=3834.36 VP=(4597.89,-154.455,3748.2)
[SelectTarget] team=2 EnemyN=1 TgtZ=3833.61
[DIST] team=2 EnemyN=1 MyZ=3732.39 TgtZ=3833.61 Dist=1258.51
[ROOT] team=2 status=2 Z=3732.39 VP=(3133.7,334.716,3833.61)
[SYNCCIRCLE] R=696.716 dist=1397.47 shrink=0 thr=0.645706
[SelectTarget] team=1 EnemyN=1 TgtZ=3542.11
[DIST] team=1 EnemyN=1 MyZ=3631.1 TgtZ=3542.11 Dist=1947.33
[ROOT] team=1 status=2 Z=3631.1 VP=(3821.3,-601.529,3564.48)
[SelectTarget] team=2 EnemyN=1 TgtZ=3629.6
[DIST] team=2 EnemyN=1 MyZ=3542.11 TgtZ=3629.6 Dist=1946.98
[ROOT] team=2 status=2 Z=3542.11 VP=(3139.55,758.047,3629.6)
[SelectTarget] team=1 EnemyN=1 TgtZ=3303.15
[DIST] team=1 EnemyN=1 MyZ=3311.99 TgtZ=3303.15 Dist=2633.58
[ROOT] team=1 status=2 Z=3311.99 VP=(2256.79,64.8783,2661.99)
[SelectTarget] team=2 EnemyN=1 TgtZ=3309.95
[DIST] team=2 EnemyN=1 MyZ=3303.15 TgtZ=3309.95 Dist=2632.09
[ROOT] team=2 status=2 Z=3303.15 VP=(3053.27,1040.11,3309.95)
[SelectTarget] team=1 EnemyN=1 TgtZ=3019.04
[DIST] team=1 EnemyN=1 MyZ=2873.92 TgtZ=3019.04 Dist=3089.07
[ROOT] team=1 status=2 Z=2873.92 VP=(2182.79,957.121,2223.92)
[SelectTarget] team=2 EnemyN=1 TgtZ=2871.11
[DIST] team=2 EnemyN=1 MyZ=3019.04 TgtZ=2871.11 Dist=3086.86
[ROOT] team=2 status=2 Z=3019.04 VP=(3128.29,1480.49,2871.11)
[SelectTarget] team=1 EnemyN=1 TgtZ=2694.18
[DIST] team=1 EnemyN=1 MyZ=2366.86 TgtZ=2694.18 Dist=3197.61
[ROOT] team=1 status=2 Z=2366.86 VP=(2470.33,-1540.75,7136.73)
[SelectTarget] team=2 EnemyN=1 TgtZ=2364.76
[DIST] team=2 EnemyN=1 MyZ=2694.18 TgtZ=2364.76 Dist=3194.98
[ROOT] team=2 status=2 Z=2694.18 VP=(3593.44,1872.88,2364.76)
[SYNCCIRCLE] R=1584.03 dist=3184.71 shrink=0 thr=0.656818
[SelectTarget] team=1 EnemyN=1 TgtZ=2347.75
[DIST] team=1 EnemyN=1 MyZ=2083.32 TgtZ=2347.75 Dist=3069.66
[ROOT] team=1 status=2 Z=2083.32 VP=(3636.13,1798.2,1521.4)
[SelectTarget] team=2 EnemyN=1 TgtZ=2082.29
[DIST] team=2 EnemyN=1 MyZ=2347.75 TgtZ=2082.29 Dist=3066.92
[ROOT] team=2 status=2 Z=2347.75 VP=(4395.27,1757.26,2082.29)
[SelectTarget] team=1 EnemyN=1 TgtZ=2076.85
[DIST] team=1 EnemyN=1 MyZ=1936.18 TgtZ=2076.85 Dist=2867.01
[ROOT] team=1 status=2 Z=1936.18 VP=(1586.67,687.661,6716.04)
[SelectTarget] team=2 EnemyN=1 TgtZ=1935.5
[DIST] team=2 EnemyN=1 MyZ=2076.85 TgtZ=1935.5 Dist=2864.12
[ROOT] team=2 status=2 Z=2076.85 VP=(5028.08,967.696,2000)
[SelectTarget] team=1 EnemyN=1 TgtZ=1947.9
[DIST] team=1 EnemyN=1 MyZ=1859.28 TgtZ=1947.9 Dist=2752.56
[ROOT] team=1 status=2 Z=1859.28 VP=(4779.05,375.805,1500)
[SelectTarget] team=2 EnemyN=1 TgtZ=1858.94
[DIST] team=2 EnemyN=1 MyZ=1947.9 TgtZ=1858.94 Dist=2751.26
[ROOT] team=2 status=2 Z=1947.9 VP=(4964.01,-173.305,2000)
[SelectTarget] team=1 EnemyN=1 TgtZ=1908.33
[DIST] team=1 EnemyN=1 MyZ=1834.39 TgtZ=1908.33 Dist=2777.85
[ROOT] team=1 status=2 Z=1834.39 VP=(4323.84,-475.425,1500)
[SelectTarget] team=2 EnemyN=1 TgtZ=1834.27
[DIST] team=2 EnemyN=1 MyZ=1908.33 TgtZ=1834.27 Dist=2777.49
[ROOT] team=2 status=2 Z=1908.33 VP=(4117.44,-1010.62,2000)
[SYNCCIRCLE] R=1395.76 dist=2792.56 shrink=0 thr=0.760941
[SelectTarget] team=1 EnemyN=1 TgtZ=1901.49
[DIST] team=1 EnemyN=1 MyZ=1824.1 TgtZ=1901.49 Dist=2899.93
[ROOT] team=1 status=2 Z=1824.1 VP=(3428.69,-820.368,1500)
[SelectTarget] team=2 EnemyN=1 TgtZ=1824.26
[DIST] team=2 EnemyN=1 MyZ=1901.49 TgtZ=1824.26 Dist=2899.83
[ROOT] team=2 status=2 Z=1901.49 VP=(2922.52,-1098.43,2000)
[SelectTarget] team=1 EnemyN=1 TgtZ=1900.74
[DIST] team=1 EnemyN=1 MyZ=1807.69 TgtZ=1900.74 Dist=3067.42
[ROOT] team=1 status=2 Z=1807.69 VP=(2506.17,-542.568,1500)
[SelectTarget] team=2 EnemyN=1 TgtZ=1807.7
[DIST] team=2 EnemyN=1 MyZ=1900.74 TgtZ=1807.7 Dist=3068.28
[ROOT] team=2 status=2 Z=1900.74 VP=(1936.59,-465.48,2000)
[SelectTarget] team=1 EnemyN=1 TgtZ=1901.9
[DIST] team=1 EnemyN=1 MyZ=1813.17 TgtZ=1901.9 Dist=3277.34
[ROOT] team=1 status=2 Z=1813.17 VP=(1909.29,215.887,1500)
[SelectTarget] team=2 EnemyN=1 TgtZ=1813.23
[DIST] team=2 EnemyN=1 MyZ=1901.9 TgtZ=1813.23 Dist=3277.59
[ROOT] team=2 status=2 Z=1901.9 VP=(1486,594.371,2000)
[SelectTarget] team=1 EnemyN=1 TgtZ=1904.63
[DIST] team=1 EnemyN=1 MyZ=1813.99 TgtZ=1904.63 Dist=3477.41
[ROOT] team=1 status=2 Z=1813.99 VP=(1813.69,1181.06,1500)
[SelectTarget] team=2 EnemyN=1 TgtZ=1814.01
[DIST] team=2 EnemyN=1 MyZ=1904.63 TgtZ=1814.01 Dist=3478.17
[ROOT] team=2 status=2 Z=1904.63 VP=(1662.09,1718.67,2000)
[SYNCCIRCLE] R=1763.38 dist=3527.82 shrink=0 thr=0.716493
[SelectTarget] team=1 EnemyN=1 TgtZ=1908.32
[DIST] team=1 EnemyN=1 MyZ=1811.06 TgtZ=1908.32 Dist=3646.91
[ROOT] team=1 status=2 Z=1811.06 VP=(2233.63,2064.07,1500)
[SelectTarget] team=2 EnemyN=1 TgtZ=1811.04
[DIST] team=2 EnemyN=1 MyZ=1908.32 TgtZ=1811.04 Dist=3646.92
[ROOT] team=2 status=2 Z=1908.32 VP=(2379.03,2593.15,2000)
[SelectTarget] team=1 EnemyN=1 TgtZ=1912.28
[DIST] team=1 EnemyN=1 MyZ=1830.13 TgtZ=1912.28 Dist=3774.29
[ROOT] team=1 status=2 Z=1830.13 VP=(3045.12,2617.71,1500)
[SelectTarget] team=2 EnemyN=1 TgtZ=1830.94
[DIST] team=2 EnemyN=1 MyZ=1912.28 TgtZ=1830.94 Dist=3775.71
[ROOT] team=2 status=2 Z=1912.28 VP=(3429.02,2996.36,2000)
[SelectTarget] team=1 EnemyN=1 TgtZ=1915.99
[DIST] team=1 EnemyN=1 MyZ=1931.52 TgtZ=1915.99 Dist=3853.83
[ROOT] team=1 status=2 Z=1931.52 VP=(4027.62,2709.84,1500)
[SelectTarget] team=2 EnemyN=1 TgtZ=1931.6
[DIST] team=2 EnemyN=1 MyZ=1915.99 TgtZ=1931.6 Dist=3852.6
[ROOT] team=2 status=2 Z=1915.99 VP=(4538,2854.55,2000)
[SelectTarget] team=1 EnemyN=1 TgtZ=1918.67
[DIST] team=1 EnemyN=1 MyZ=1876.15 TgtZ=1918.67 Dist=3776.56
[ROOT] team=1 status=2 Z=1876.15 VP=(4935.94,2314.58,1500)
[SelectTarget] team=2 EnemyN=1 TgtZ=1876.03
[DIST] team=2 EnemyN=1 MyZ=1918.67 TgtZ=1876.03 Dist=3775.4
[ROOT] team=2 status=2 Z=1918.67 VP=(5445.33,2190.5,2000)
[SYNCCIRCLE] R=1879.77 dist=3759.84 shrink=0 thr=0.61484
[SelectTarget] team=1 EnemyN=1 TgtZ=1919.52
[DIST] team=1 EnemyN=1 MyZ=1843.78 TgtZ=1919.52 Dist=3696.84
[ROOT] team=1 status=2 Z=1843.78 VP=(5526.65,1506.3,1500)
[SelectTarget] team=2 EnemyN=1 TgtZ=1843.83
[DIST] team=2 EnemyN=1 MyZ=1919.52 TgtZ=1843.83 Dist=3695.25
[ROOT] team=2 status=2 Z=1919.52 VP=(5900.74,1143.78,2000)
[SelectTarget] team=1 EnemyN=1 TgtZ=1918.71
[DIST] team=1 EnemyN=1 MyZ=1829.91 TgtZ=1918.71 Dist=3596.62
[ROOT] team=1 status=2 Z=1829.91 VP=(5619.08,500.846,1500)
[SelectTarget] team=2 EnemyN=1 TgtZ=1829.95
[DIST] team=2 EnemyN=1 MyZ=1918.71 TgtZ=1829.95 Dist=3595.41
[ROOT] team=2 status=2 Z=1918.71 VP=(5750.78,-1.60805,2000)
[SelectTarget] team=1 EnemyN=1 TgtZ=1916.65
[DIST] team=1 EnemyN=1 MyZ=1826.61 TgtZ=1916.65 Dist=3492.32
[ROOT] team=1 status=2 Z=1826.61 VP=(5167.05,-405.942,1500)
[SelectTarget] team=2 EnemyN=1 TgtZ=1826.75
[DIST] team=2 EnemyN=1 MyZ=1916.65 TgtZ=1826.75 Dist=3490.84
[ROOT] team=2 status=2 Z=1916.65 VP=(5010.98,-901.38,2000)
[SelectTarget] team=1 EnemyN=1 TgtZ=1913.94
[DIST] team=1 EnemyN=1 MyZ=1827.74 TgtZ=1913.94 Dist=3384.43
[ROOT] team=1 status=2 Z=1827.74 VP=(4299.14,-924.942,1500)
[SelectTarget] team=2 EnemyN=1 TgtZ=1827.82
[DIST] team=2 EnemyN=1 MyZ=1913.94 TgtZ=1827.82 Dist=3383.36
[ROOT] team=2 status=2 Z=1913.94 VP=(3897.58,-1256.8,2000)
[SYNCCIRCLE] R=1675.83 dist=3352.76 shrink=0 thr=0.614017
[SelectTarget] team=1 EnemyN=1 TgtZ=1911.26
[DIST] team=1 EnemyN=1 MyZ=1824.27 TgtZ=1911.26 Dist=3280.3
[ROOT] team=1 status=2 Z=1824.27 VP=(3291.13,-877.284,1500)
[SelectTarget] team=2 EnemyN=1 TgtZ=1824.27
[DIST] team=2 EnemyN=1 MyZ=1911.26 TgtZ=1824.27 Dist=3278.47
[ROOT] team=2 status=2 Z=1911.26 VP=(2769.88,-929.091,2000)
[SelectTarget] team=1 EnemyN=1 TgtZ=1909.24
[DIST] team=1 EnemyN=1 MyZ=1820.51 TgtZ=1909.24 Dist=3190.18
[ROOT] team=1 status=2 Z=1820.51 VP=(2491.14,-262.945,1500)
[SelectTarget] team=2 EnemyN=1 TgtZ=1820.43
[DIST] team=2 EnemyN=1 MyZ=1909.24 TgtZ=1820.43 Dist=3189.92
[ROOT] team=2 status=2 Z=1909.24 VP=(2030.1,-4.86805,2000)
[SelectTarget] team=1 EnemyN=1 TgtZ=1908.43
[DIST] team=1 EnemyN=1 MyZ=1816.01 TgtZ=1908.43 Dist=3138.2
[ROOT] team=1 status=2 Z=1816.01 VP=(5643.68,-258.876,6603.26)
[SelectTarget] team=2 EnemyN=1 TgtZ=1815.84
[DIST] team=2 EnemyN=1 MyZ=1908.43 TgtZ=1815.84 Dist=3136.49
[ROOT] team=2 status=2 Z=1908.43 VP=(1970.55,1185.76,2000)
[SelectTarget] team=1 EnemyN=1 TgtZ=1909.02
[DIST] team=1 EnemyN=1 MyZ=1811.84 TgtZ=1909.02 Dist=3139.24
[ROOT] team=1 status=2 Z=1811.84 VP=(4966.73,-1221.7,6599.53)
[SelectTarget] team=2 EnemyN=1 TgtZ=1811.65
[DIST] team=2 EnemyN=1 MyZ=1909.02 TgtZ=1811.65 Dist=3138.56
[ROOT] team=2 status=2 Z=1909.02 VP=(2621.3,2186.1,2000)
[SYNCCIRCLE] R=1572.41 dist=3146.46 shrink=0 thr=0.668753
[SelectTarget] team=1 EnemyN=1 TgtZ=1910.79
[DIST] team=1 EnemyN=1 MyZ=1798.2 TgtZ=1910.79 Dist=3170.35
[ROOT] team=1 status=2 Z=1798.2 VP=(3825.83,-1593.38,6611.87)
[SelectTarget] team=2 EnemyN=1 TgtZ=1798.64
[DIST] team=2 EnemyN=1 MyZ=1910.79 TgtZ=1798.64 Dist=3170.3
[ROOT] team=2 status=2 Z=1910.79 VP=(3726.23,2617.3,2000)
[SelectTarget] team=1 EnemyN=1 TgtZ=1913.16
[DIST] team=1 EnemyN=1 MyZ=1969.99 TgtZ=1913.16 Dist=3346.12
[ROOT] team=1 status=2 Z=1969.99 VP=(4327.92,2267.54,1500)
[SelectTarget] team=2 EnemyN=1 TgtZ=1970.7
[DIST] team=2 EnemyN=1 MyZ=1913.16 TgtZ=1970.7 Dist=3345.17
[ROOT] team=2 status=2 Z=1913.16 VP=(4861.74,2372.26,2000)
[SelectTarget] team=1 EnemyN=1 TgtZ=1917.46
[DIST] team=1 EnemyN=1 MyZ=1988.35 TgtZ=1917.46 Dist=3379.16
[ROOT] team=1 status=2 Z=1988.35 VP=(5191.04,1794.83,1500)
[SelectTarget] team=2 EnemyN=1 TgtZ=1987.8
[DIST] team=2 EnemyN=1 MyZ=1917.46 TgtZ=1987.8 Dist=3378.46
[ROOT] team=2 status=2 Z=1917.46 VP=(5683.06,1565.25,2000)
[SelectTarget] team=1 EnemyN=1 TgtZ=1917.93
[DIST] team=1 EnemyN=1 MyZ=1894.42 TgtZ=1917.93 Dist=3405.38
[ROOT] team=1 status=2 Z=1894.42 VP=(1638.52,1036.79,6676.42)
[SelectTarget] team=2 EnemyN=1 TgtZ=1893.89
[DIST] team=2 EnemyN=1 MyZ=1917.93 TgtZ=1893.89 Dist=3404.76
[ROOT] team=2 status=2 Z=1917.93 VP=(5940.05,433.473,2000)
[SYNCCIRCLE] R=1712.1 dist=3424.48 shrink=0 thr=0.64941
[SelectTarget] team=1 EnemyN=1 TgtZ=1916.68
[DIST] team=1 EnemyN=1 MyZ=1841.56 TgtZ=1916.68 Dist=3498.53
[ROOT] team=1 status=2 Z=1841.56 VP=(5516.43,-130.537,1500)
[SelectTarget] team=2 EnemyN=1 TgtZ=1841.24
[DIST] team=2 EnemyN=1 MyZ=1916.68 TgtZ=1841.24 Dist=3498.35
[ROOT] team=2 status=2 Z=1916.68 VP=(5549.2,-662.896,2000)
[SelectTarget] team=1 EnemyN=1 TgtZ=1914.95
[DIST] team=1 EnemyN=1 MyZ=1828.76 TgtZ=1914.95 Dist=3607.39
[ROOT] team=1 status=2 Z=1828.76 VP=(4899.11,-924.437,1500)
[SelectTarget] team=2 EnemyN=1 TgtZ=1828.56
[DIST] team=2 EnemyN=1 MyZ=1914.95 TgtZ=1828.56 Dist=3606.83
[ROOT] team=2 status=2 Z=1914.95 VP=(4651.21,-1391.47,2000)
[SelectTarget] team=1 EnemyN=1 TgtZ=1913.38
[DIST] team=1 EnemyN=1 MyZ=1822.28 TgtZ=1913.38 Dist=3674.49
[ROOT] team=1 status=2 Z=1822.28 VP=(3963.14,-1287.85,1500)
[SelectTarget] team=2 EnemyN=1 TgtZ=1822.25
[DIST] team=2 EnemyN=1 MyZ=1913.38 TgtZ=1822.25 Dist=3674.37
[ROOT] team=2 status=2 Z=1913.38 VP=(3515.27,-1558.81,2000)
[SelectTarget] team=1 EnemyN=1 TgtZ=1912.29
[DIST] team=1 EnemyN=1 MyZ=1820.38 TgtZ=1912.29 Dist=3681.57
[ROOT] team=1 status=2 Z=1820.38 VP=(2972.66,-1122.3,1500)
[SelectTarget] team=2 EnemyN=1 TgtZ=1820.41
[DIST] team=2 EnemyN=1 MyZ=1912.29 TgtZ=1820.41 Dist=3680.39
[ROOT] team=2 status=2 Z=1912.29 VP=(2453.38,-1126.31,2000)
[SYNCCIRCLE] R=1839.65 dist=3680.33 shrink=0 thr=0.608666
[SelectTarget] team=1 EnemyN=1 TgtZ=1911.92
[DIST] team=1 EnemyN=1 MyZ=1820.04 TgtZ=1911.92 Dist=3628.28
[ROOT] team=1 status=2 Z=1820.04 VP=(2204.73,-471.402,1500)
[SelectTarget] team=2 EnemyN=1 TgtZ=1820.16
[DIST] team=2 EnemyN=1 MyZ=1911.92 TgtZ=1820.16 Dist=3627.15
[ROOT] team=2 status=2 Z=1911.92 VP=(1760.59,-207.034,2000)
[SelectTarget] team=1 EnemyN=1 TgtZ=1912.32
[DIST] team=1 EnemyN=1 MyZ=1817.55 TgtZ=1912.32 Dist=3521.78
[ROOT] team=1 status=2 Z=1817.55 VP=(1888.82,492.352,1500)
[SelectTarget] team=2 EnemyN=1 TgtZ=1817.66
[DIST] team=2 EnemyN=1 MyZ=1912.32 TgtZ=1817.66 Dist=3520.55
[ROOT] team=2 status=2 Z=1912.32 VP=(1653.06,951.778,2000)
[SelectTarget] team=1 EnemyN=1 TgtZ=1913.4
[DIST] team=1 EnemyN=1 MyZ=1817.3 TgtZ=1913.4 Dist=3396.49
[ROOT] team=1 status=2 Z=1817.3 VP=(2140.73,1478.57,1500)
[SelectTarget] team=2 EnemyN=1 TgtZ=1817.45
[DIST] team=2 EnemyN=1 MyZ=1913.4 TgtZ=1817.45 Dist=3395.41
[ROOT] team=2 status=2 Z=1913.4 VP=(2194.75,1993.92,2000)
[SelectTarget] team=1 EnemyN=1 TgtZ=1914.9
[DIST] team=1 EnemyN=1 MyZ=1816.41 TgtZ=1914.9 Dist=3268.45
[ROOT] team=1 status=2 Z=1816.41 VP=(2897.84,2160.35,1500)
[SelectTarget] team=2 EnemyN=1 TgtZ=1816.53
[DIST] team=2 EnemyN=1 MyZ=1914.9 TgtZ=1816.53 Dist=3267.48
[ROOT] team=2 status=2 Z=1914.9 VP=(3234.71,2559.46,2000)
[SYNCCIRCLE] R=1617.9 dist=3237.25 shrink=0 thr=0.617309
[SelectTarget] team=1 EnemyN=1 TgtZ=1916.22
[DIST] team=1 EnemyN=1 MyZ=1812.85 TgtZ=1916.22 Dist=3152.51
[ROOT] team=1 status=2 Z=1812.85 VP=(3905.6,2285.13,1500)
[SelectTarget] team=2 EnemyN=1 TgtZ=1812.92
[DIST] team=2 EnemyN=1 MyZ=1916.22 TgtZ=1812.92 Dist=3151.08
[ROOT] team=2 status=2 Z=1916.22 VP=(4416.67,2419.13,2000)
[SelectTarget] team=1 EnemyN=1 TgtZ=1916.7
[DIST] team=1 EnemyN=1 MyZ=1813.68 TgtZ=1916.7 Dist=3065.13
[ROOT] team=1 status=2 Z=1813.68 VP=(4790.24,1792.17,1500)
[SelectTarget] team=2 EnemyN=1 TgtZ=1813.72
[DIST] team=2 EnemyN=1 MyZ=1916.7 TgtZ=1813.72 Dist=3064.43
[ROOT] team=2 status=2 Z=1916.7 VP=(5288.29,1596.59,2000)
[SelectTarget] team=1 EnemyN=1 TgtZ=1915.9
[DIST] team=1 EnemyN=1 MyZ=1815.03 TgtZ=1915.9 Dist=3019.22
[ROOT] team=1 status=2 Z=1815.03 VP=(5198.54,865.576,1500)
[SelectTarget] team=2 EnemyN=1 TgtZ=1815.02
[DIST] team=2 EnemyN=1 MyZ=1915.9 TgtZ=1815.02 Dist=3018.15
[ROOT] team=2 status=2 Z=1915.9 VP=(5483.1,404.638,2000)
[SelectTarget] team=1 EnemyN=1 TgtZ=1913.84
[DIST] team=1 EnemyN=1 MyZ=1817.91 TgtZ=1913.84 Dist=3031.71
[ROOT] team=1 status=2 Z=1817.91 VP=(4964.18,-119.458,1500)
[SelectTarget] team=2 EnemyN=1 TgtZ=1817.86
[DIST] team=2 EnemyN=1 MyZ=1913.84 TgtZ=1817.86 Dist=3030.91
[ROOT] team=2 status=2 Z=1913.84 VP=(4913.84,-663.532,2000)
[SYNCCIRCLE] R=1516.22 dist=3034.11 shrink=0 thr=0.680688
[SelectTarget] team=1 EnemyN=1 TgtZ=1911.23
[DIST] team=1 EnemyN=1 MyZ=1812.03 TgtZ=1911.23 Dist=3091.48
[ROOT] team=1 status=2 Z=1812.03 VP=(4193.14,-764.722,1500)
[SelectTarget] team=2 EnemyN=1 TgtZ=1812.23
[DIST] team=2 EnemyN=1 MyZ=1911.23 TgtZ=1812.23 Dist=3091.31
[ROOT] team=2 status=2 Z=1911.23 VP=(3828.28,-1173.99,2000)
[SelectTarget] team=1 EnemyN=1 TgtZ=1909.03
[DIST] team=1 EnemyN=1 MyZ=1801.27 TgtZ=1909.03 Dist=3160.02
[ROOT] team=1 status=2 Z=1801.27 VP=(3197.3,-836.488,1500)
[SelectTarget] team=2 EnemyN=1 TgtZ=1801.31
[DIST] team=2 EnemyN=1 MyZ=1909.03 TgtZ=1801.31 Dist=3160.04
[ROOT] team=2 status=2 Z=1909.03 VP=(2664.24,-958.918,2000)
[SelectTarget] team=1 EnemyN=1 TgtZ=1907.98
[DIST] team=1 EnemyN=1 MyZ=1810.19 TgtZ=1907.98 Dist=3241.55
[ROOT] team=1 status=2 Z=1810.19 VP=(2341.11,-326.175,1500)
[SelectTarget] team=2 EnemyN=1 TgtZ=1810.06
[DIST] team=2 EnemyN=1 MyZ=1907.98 TgtZ=1810.06 Dist=3241
[ROOT] team=2 status=2 Z=1907.98 VP=(1835.58,-125.692,2000)
[SelectTarget] team=1 EnemyN=1 TgtZ=1908.4
[DIST] team=1 EnemyN=1 MyZ=1817.71 TgtZ=1908.4 Dist=3314.38
[ROOT] team=1 status=2 Z=1817.71 VP=(1919.14,580.593,1500)
[SelectTarget] team=2 EnemyN=1 TgtZ=1817.65
[DIST] team=2 EnemyN=1 MyZ=1908.4 TgtZ=1817.65 Dist=3313.54
[ROOT] team=2 status=2 Z=1908.4 VP=(1615.24,1027.13,2000)
[SYNCCIRCLE] R=1659.51 dist=3320.46 shrink=0 thr=0.666695
[SelectTarget] team=1 EnemyN=1 TgtZ=1910.18
[DIST] team=1 EnemyN=1 MyZ=1820.5 TgtZ=1910.18 Dist=3369.01
[ROOT] team=1 status=2 Z=1820.5 VP=(2069.9,1573.95,1500)
[SelectTarget] team=2 EnemyN=1 TgtZ=1820.39
[DIST] team=2 EnemyN=1 MyZ=1910.18 TgtZ=1820.39 Dist=3368.62
[ROOT] team=2 status=2 Z=1910.18 VP=(2065.16,2110.79,2000)
[SelectTarget] team=1 EnemyN=1 TgtZ=1912.86
[DIST] team=1 EnemyN=1 MyZ=1820.79 TgtZ=1912.86 Dist=3408.22
[ROOT] team=1 status=2 Z=1820.79 VP=(3968.07,-1326.99,6608.19)
[SelectTarget] team=2 EnemyN=1 TgtZ=1820.64
[DIST] team=2 EnemyN=1 MyZ=1912.86 TgtZ=1820.64 Dist=3407.28
[ROOT] team=2 status=2 Z=1912.86 VP=(3029.26,2774.4,2000)
[SelectTarget] team=1 EnemyN=1 TgtZ=1915.74
[DIST] team=1 EnemyN=1 MyZ=1819.04 TgtZ=1915.74 Dist=3418.4
[ROOT] team=1 status=2 Z=1819.04 VP=(2748.99,-1115.91,6606.18)
[SelectTarget] team=2 EnemyN=1 TgtZ=1818.85
[DIST] team=2 EnemyN=1 MyZ=1915.74 TgtZ=1818.85 Dist=3417.46
[ROOT] team=2 status=2 Z=1915.74 VP=(4195.11,2809.35,2000)
[SelectTarget] team=1 EnemyN=1 TgtZ=1918
[DIST] team=1 EnemyN=1 MyZ=1816.33 TgtZ=1918 Dist=3392.95
[ROOT] team=1 status=2 Z=1816.33 VP=(1836.79,-309.76,6603.86)
[SelectTarget] team=2 EnemyN=1 TgtZ=1816.12
[DIST] team=2 EnemyN=1 MyZ=1918 TgtZ=1816.12 Dist=3391.15
[ROOT] team=2 status=2 Z=1918 VP=(5194.22,2203.43,2000)
[SYNCCIRCLE] R=1690.38 dist=3382.5 shrink=0 thr=0.628421
[SelectTarget] team=1 EnemyN=1 TgtZ=1918.93
[DIST] team=1 EnemyN=1 MyZ=1813.62 TgtZ=1918.93 Dist=3334.18
[ROOT] team=1 status=2 Z=1813.62 VP=(1544.86,925.084,6601.2)
[SelectTarget] team=2 EnemyN=1 TgtZ=1813.41
[DIST] team=2 EnemyN=1 MyZ=1918.93 TgtZ=1813.41 Dist=3332.56
[ROOT] team=2 status=2 Z=1918.93 VP=(5696.43,1138.5,2000)
[SelectTarget] team=1 EnemyN=1 TgtZ=1918.2
[DIST] team=1 EnemyN=1 MyZ=1811.84 TgtZ=1918.2 Dist=3261.24
[ROOT] team=1 status=2 Z=1811.84 VP=(5387.99,476.941,1500)
[SelectTarget] team=2 EnemyN=1 TgtZ=1811.67
[DIST] team=2 EnemyN=1 MyZ=1918.2 TgtZ=1811.67 Dist=3259.75
[ROOT] team=2 status=2 Z=1918.2 VP=(5509.3,-36.8865,2000)
[SelectTarget] team=1 EnemyN=1 TgtZ=1916.07
[DIST] team=1 EnemyN=1 MyZ=1815.92 TgtZ=1916.07 Dist=3195.03
[ROOT] team=1 status=2 Z=1815.92 VP=(4874.75,-405.381,1500)
[SelectTarget] team=2 EnemyN=1 TgtZ=1815.78
[DIST] team=2 EnemyN=1 MyZ=1916.07 TgtZ=1815.78 Dist=3194.29
[ROOT] team=2 status=2 Z=1916.07 VP=(4678.13,-897.046,2000)
[SelectTarget] team=1 EnemyN=1 TgtZ=1913.28
[DIST] team=1 EnemyN=1 MyZ=1818.15 TgtZ=1913.28 Dist=3141.91
[ROOT] team=1 status=2 Z=1818.15 VP=(3948.06,-826.435,1500)
[SelectTarget] team=2 EnemyN=1 TgtZ=1818.07
[DIST] team=2 EnemyN=1 MyZ=1913.28 TgtZ=1818.07 Dist=3141.44
[ROOT] team=2 status=2 Z=1913.28 VP=(3500.51,-1112.93,2000)
[SYNCCIRCLE] R=1568.11 dist=3137.54 shrink=0 thr=0.641179
[SelectTarget] team=1 EnemyN=1 TgtZ=1910.79
[DIST] team=1 EnemyN=1 MyZ=1819.39 TgtZ=1910.79 Dist=3105.49
[ROOT] team=1 status=2 Z=1819.39 VP=(2953.92,-623.643,1500)
[SelectTarget] team=2 EnemyN=1 TgtZ=1819.46
[DIST] team=2 EnemyN=1 MyZ=1910.79 TgtZ=1819.46 Dist=3104.46
[ROOT] team=2 status=2 Z=1910.79 VP=(2421.36,-591.115,2000)
runner:local/env:0	num_steps=[11999] | total rewards=[-88.2986] | termination= [max time out]
[seed 7] reward=   -88.30 ownHP=1.0000 tgtHP=1.0000 max time out
total: 2
[SelectTarget] team=1 EnemyN=1 TgtZ=7007.42
[DIST] team=1 EnemyN=1 MyZ=7624.66 TgtZ=7007.42 Dist=1562.96
[ROOT] team=1 status=2 Z=7624.66 VP=(4552.46,-367.684,6974.66)
[SelectTarget] team=2 EnemyN=1 TgtZ=7623.04
[DIST] team=2 EnemyN=1 MyZ=7007.42 TgtZ=7623.04 Dist=1565.42
[ROOT] team=2 status=2 Z=7007.42 VP=(4382.67,-1123.15,7357.42)
[SelectTarget] team=1 EnemyN=1 TgtZ=7047.76
[DIST] team=1 EnemyN=1 MyZ=7217.4 TgtZ=7047.76 Dist=1502.42
[ROOT] team=1 status=2 Z=7217.4 VP=(3937.24,-1000.31,6800.39)
[SelectTarget] team=2 EnemyN=1 TgtZ=7214.65
[DIST] team=2 EnemyN=1 MyZ=7047.76 TgtZ=7214.65 Dist=1502.77
[ROOT] team=2 status=2 Z=7047.76 VP=(3534.58,-1424.49,7214.65)
[SelectTarget] team=1 EnemyN=1 TgtZ=7016.62
[DIST] team=1 EnemyN=1 MyZ=6692.03 TgtZ=7016.62 Dist=1403.89
[ROOT] team=1 status=2 Z=6692.03 VP=(4159.54,-750.192,6992.5)
[SelectTarget] team=2 EnemyN=1 TgtZ=6689
[DIST] team=2 EnemyN=1 MyZ=7016.62 TgtZ=6689 Dist=1402.85
[ROOT] team=2 status=2 Z=7016.62 VP=(2776.99,-1894.69,6689)
[SYNCCIRCLE] R=638.104 dist=1341.82 shrink=0 thr=0.714024
[SelectTarget] team=1 EnemyN=1 TgtZ=6801.12
[DIST] team=1 EnemyN=1 MyZ=6194.16 TgtZ=6801.12 Dist=1031.92
[ROOT] team=1 status=2 Z=6194.16 VP=(3403.54,-1312.5,6853.88)
[SelectTarget] team=2 EnemyN=1 TgtZ=6191.94
[DIST] team=2 EnemyN=1 MyZ=6801.12 TgtZ=6191.94 Dist=1029.05
[ROOT] team=2 status=2 Z=6801.12 VP=(1810.74,-1996.87,6451.12)
[SelectTarget] team=1 EnemyN=1 TgtZ=6508.5
[DIST] team=1 EnemyN=1 MyZ=5977.38 TgtZ=6508.5 Dist=860.584
[ROOT] team=1 status=2 Z=5977.38 VP=(2551.61,-1697.05,6553.18)
[SelectTarget] team=2 EnemyN=1 TgtZ=5977.25
[DIST] team=2 EnemyN=1 MyZ=6508.5 TgtZ=5977.25 Dist=860.652
[ROOT] team=2 status=2 Z=6508.5 VP=(2138.12,-255.311,6158.5)
[SelectTarget] team=1 EnemyN=1 TgtZ=6090.55
[DIST] team=1 EnemyN=1 MyZ=6007.27 TgtZ=6090.55 Dist=1706.74
[ROOT] team=1 status=2 Z=6007.27 VP=(902.859,-1728.67,5357.27)
[SelectTarget] team=2 EnemyN=1 TgtZ=6007.12
[DIST] team=2 EnemyN=1 MyZ=6090.55 TgtZ=6007.12 Dist=1707.51
[ROOT] team=2 status=2 Z=6090.55 VP=(707.907,-2905.02,6007.12)
[SelectTarget] team=1 EnemyN=1 TgtZ=5635.32
[DIST] team=1 EnemyN=1 MyZ=5867.76 TgtZ=5635.32 Dist=2378.21
[ROOT] team=1 status=2 Z=5867.76 VP=(873.833,-1773.75,5725.58)
[SelectTarget] team=2 EnemyN=1 TgtZ=5866.45
[DIST] team=2 EnemyN=1 MyZ=5635.32 TgtZ=5866.45 Dist=2378.15
[ROOT] team=2 status=2 Z=5635.32 VP=(-279.568,-2957.04,5866.45)
[SYNCCIRCLE] R=1209.02 dist=2430.89 shrink=0 thr=0.581504
[SelectTarget] team=1 EnemyN=1 TgtZ=5422.52
[DIST] team=1 EnemyN=1 MyZ=5570.16 TgtZ=5422.52 Dist=2316.64
[ROOT] team=1 status=2 Z=5570.16 VP=(112.003,-2248.91,5454.3)
[SelectTarget] team=2 EnemyN=1 TgtZ=5568.22
[DIST] team=2 EnemyN=1 MyZ=5422.52 TgtZ=5568.22 Dist=2313.78
[ROOT] team=2 status=2 Z=5422.52 VP=(-997.726,-3525.23,5568.22)
[SelectTarget] team=1 EnemyN=1 TgtZ=5369.78
[DIST] team=1 EnemyN=1 MyZ=5218.65 TgtZ=5369.78 Dist=1677.66
[ROOT] team=1 status=2 Z=5218.65 VP=(-428.244,-2894.69,5353.88)
[SelectTarget] team=2 EnemyN=1 TgtZ=5216.89
[DIST] team=2 EnemyN=1 MyZ=5369.78 TgtZ=5216.89 Dist=1672.7
[ROOT] team=2 status=2 Z=5369.78 VP=(-1298.89,-4452.27,5216.89)
[SelectTarget] team=1 EnemyN=1 TgtZ=5203.85
[DIST] team=1 EnemyN=1 MyZ=5057.25 TgtZ=5203.85 Dist=1013.85
[ROOT] team=1 status=2 Z=5057.25 VP=(-893.357,-3828.42,5228.4)
[SelectTarget] team=2 EnemyN=1 TgtZ=5057.2
[DIST] team=2 EnemyN=1 MyZ=5203.85 TgtZ=5057.2 Dist=1009.87
[ROOT] team=2 status=2 Z=5203.85 VP=(-296.268,-5346.08,5057.2)
[CLAMP_DIAG] team=1 rawDist=909.362 offBoresightDeg=26.3855 clamped=0
[SelectTarget] team=1 EnemyN=1 TgtZ=4982.89
[DIST] team=1 EnemyN=1 MyZ=5041.4 TgtZ=4982.89 Dist=1270.12
[ROOT] team=1 status=2 Z=5041.4 VP=(-793.758,-4724.61,5012.21)
[SelectTarget] team=2 EnemyN=1 TgtZ=5041.07
[DIST] team=2 EnemyN=1 MyZ=4982.89 TgtZ=5041.07 Dist=1268.29
[ROOT] team=2 status=2 Z=4982.89 VP=(735.713,-4618.65,5041.07)
[SYNCCIRCLE] R=718.191 dist=1439.8 shrink=0 thr=0.665872
[SelectTarget] team=1 EnemyN=1 TgtZ=4717.69
[DIST] team=1 EnemyN=1 MyZ=4908.96 TgtZ=4717.69 Dist=2056.07
[ROOT] team=1 status=2 Z=4908.96 VP=(-225.297,-5385.19,4753.86)
[SelectTarget] team=2 EnemyN=1 TgtZ=4907.79
[DIST] team=2 EnemyN=1 MyZ=4717.69 TgtZ=4907.79 Dist=2055.64
[ROOT] team=2 status=2 Z=4717.69 VP=(856.252,-4319.74,4907.79)
[SelectTarget] team=1 EnemyN=1 TgtZ=4441.81
[DIST] team=1 EnemyN=1 MyZ=4626.55 TgtZ=4441.81 Dist=2774.44
[ROOT] team=1 status=2 Z=4626.55 VP=(1432.66,-5235.78,3976.55)
[SelectTarget] team=2 EnemyN=1 TgtZ=4624.56
[DIST] team=2 EnemyN=1 MyZ=4441.81 TgtZ=4624.56 Dist=2773.85
[ROOT] team=2 status=2 Z=4441.81 VP=(1075.27,-4111.89,4624.56)
[SelectTarget] team=1 EnemyN=1 TgtZ=4183.36
[DIST] team=1 EnemyN=1 MyZ=4185.58 TgtZ=4183.36 Dist=3244.57
[ROOT] team=1 status=2 Z=4185.58 VP=(1845.62,-4460.22,3535.58)
[SelectTarget] team=2 EnemyN=1 TgtZ=4182.75
[DIST] team=2 EnemyN=1 MyZ=4183.36 TgtZ=4182.75 Dist=3242.83
[ROOT] team=2 status=2 Z=4183.36 VP=(1211.57,-3668.06,4182.75)
[SelectTarget] team=1 EnemyN=1 TgtZ=3924.02
[DIST] team=1 EnemyN=1 MyZ=3646.25 TgtZ=3924.02 Dist=3350.77
[ROOT] team=1 status=2 Z=3646.25 VP=(1698.97,-3628.13,3109.68)
[SelectTarget] team=2 EnemyN=1 TgtZ=3643.21
[DIST] team=2 EnemyN=1 MyZ=3924.02 TgtZ=3643.21 Dist=3347.12
[ROOT] team=2 status=2 Z=3924.02 VP=(992.049,-3080.77,3643.21)
[SYNCCIRCLE] R=1645.08 dist=3307.76 shrink=0 thr=0.730074
[SelectTarget] team=1 EnemyN=1 TgtZ=3622.01
[DIST] team=1 EnemyN=1 MyZ=3139.29 TgtZ=3622.01 Dist=2985.24
[ROOT] team=1 status=2 Z=3139.29 VP=(890.761,-3183.6,2819.84)
[SelectTarget] team=2 EnemyN=1 TgtZ=3136.81
[DIST] team=2 EnemyN=1 MyZ=3622.01 TgtZ=3136.81 Dist=2981.07
[ROOT] team=2 status=2 Z=3622.01 VP=(302.105,-2682.96,3272.01)
[SelectTarget] team=1 EnemyN=1 TgtZ=3345.07
[DIST] team=1 EnemyN=1 MyZ=2780.94 TgtZ=3345.07 Dist=2214.12
[ROOT] team=1 status=2 Z=2780.94 VP=(970.171,-3203.72,3394.42)
[SelectTarget] team=2 EnemyN=1 TgtZ=2779.79
[DIST] team=2 EnemyN=1 MyZ=3345.07 TgtZ=2779.79 Dist=2210.19
[ROOT] team=2 status=2 Z=3345.07 VP=(-673.948,-2802.61,2995.07)
[SelectTarget] team=1 EnemyN=1 TgtZ=3073.17
[DIST] team=1 EnemyN=1 MyZ=2809.51 TgtZ=3073.17 Dist=1371.26
[ROOT] team=1 status=2 Z=2809.51 VP=(40.699,-3061.02,3103.59)
[SelectTarget] team=2 EnemyN=1 TgtZ=2810.39
[DIST] team=2 EnemyN=1 MyZ=3073.17 TgtZ=2810.39 Dist=1366.55
[ROOT] team=2 status=2 Z=3073.17 VP=(-1375.15,-3832.86,2810.39)
[SelectTarget] team=1 EnemyN=1 TgtZ=2863.34
[DIST] team=1 EnemyN=1 MyZ=2922.1 TgtZ=2863.34 Dist=1066.83
[ROOT] team=1 status=2 Z=2922.1 VP=(-705.47,-3516.67,2879.86)
[SelectTarget] team=2 EnemyN=1 TgtZ=2922.26
[DIST] team=2 EnemyN=1 MyZ=2863.34 TgtZ=2922.26 Dist=1064.44
[ROOT] team=2 status=2 Z=2863.34 VP=(-450.149,-5066.67,2922.26)
[SYNCCIRCLE] R=565.48 dist=1135.3 shrink=0 thr=0.711966
[SelectTarget] team=1 EnemyN=1 TgtZ=2696.16
[DIST] team=1 EnemyN=1 MyZ=2849.81 TgtZ=2696.16 Dist=1575.08
[ROOT] team=1 status=2 Z=2849.81 VP=(-955.221,-4346.6,2711.45)
[SelectTarget] team=2 EnemyN=1 TgtZ=2848.87
[DIST] team=2 EnemyN=1 MyZ=2696.16 TgtZ=2848.87 Dist=1575.08
[ROOT] team=2 status=2 Z=2696.16 VP=(497.752,-4849.78,2848.87)
[SelectTarget] team=1 EnemyN=1 TgtZ=2530.5
[DIST] team=1 EnemyN=1 MyZ=2603.47 TgtZ=2530.5 Dist=2194.01
[ROOT] team=1 status=2 Z=2603.47 VP=(-563.017,-5096.49,2546.36)
[SelectTarget] team=2 EnemyN=1 TgtZ=2601.76
[DIST] team=2 EnemyN=1 MyZ=2530.5 TgtZ=2601.76 Dist=2192.89
[ROOT] team=2 status=2 Z=2530.5 VP=(892.265,-4560.19,2601.76)
[SelectTarget] team=1 EnemyN=1 TgtZ=2353.01
[DIST] team=1 EnemyN=1 MyZ=2271.66 TgtZ=2353.01 Dist=2539.84
[ROOT] team=1 status=2 Z=2271.66 VP=(-1783.49,-5404.69,7041.61)
[SelectTarget] team=2 EnemyN=1 TgtZ=2269.74
[DIST] team=2 EnemyN=1 MyZ=2353.01 TgtZ=2269.74 Dist=2538.03
[ROOT] team=2 status=2 Z=2353.01 VP=(1176.53,-4059.88,2269.74)
[SelectTarget] team=1 EnemyN=1 TgtZ=2149.99
[DIST] team=1 EnemyN=1 MyZ=2004.8 TgtZ=2149.99 Dist=2647.4
[ROOT] team=1 status=2 Z=2004.8 VP=(1139.53,-4052.49,1500)
[SelectTarget] team=2 EnemyN=1 TgtZ=2003.8
[DIST] team=2 EnemyN=1 MyZ=2149.99 TgtZ=2003.8 Dist=2645.78
[ROOT] team=2 status=2 Z=2149.99 VP=(977.849,-3289.83,2003.8)
[SYNCCIRCLE] R=1332.43 dist=2668.39 shrink=0 thr=0.831316
[SelectTarget] team=1 EnemyN=1 TgtZ=1983.87
[DIST] team=1 EnemyN=1 MyZ=1876.64 TgtZ=1983.87 Dist=2747.19
[ROOT] team=1 status=2 Z=1876.64 VP=(454.466,-3311.01,1500)
[SelectTarget] team=2 EnemyN=1 TgtZ=1876.2
[DIST] team=2 EnemyN=1 MyZ=1983.87 TgtZ=1876.2 Dist=2746.64
[ROOT] team=2 status=2 Z=1983.87 VP=(94.5674,-2773.71,2000)
[SelectTarget] team=1 EnemyN=1 TgtZ=1930.24
[DIST] team=1 EnemyN=1 MyZ=1818.63 TgtZ=1930.24 Dist=2882
[ROOT] team=1 status=2 Z=1818.63 VP=(1040.97,-6573.36,6605.66)
[SelectTarget] team=2 EnemyN=1 TgtZ=1818.34
[DIST] team=2 EnemyN=1 MyZ=1930.24 TgtZ=1818.34 Dist=2881.87
[ROOT] team=2 status=2 Z=1930.24 VP=(-1032.3,-2983.26,2000)
[SelectTarget] team=1 EnemyN=1 TgtZ=1915.84
[DIST] team=1 EnemyN=1 MyZ=1799.23 TgtZ=1915.84 Dist=3081.68
[ROOT] team=1 status=2 Z=1799.23 VP=(2011.74,-5838.28,6595.1)
[SelectTarget] team=2 EnemyN=1 TgtZ=1799.22
[DIST] team=2 EnemyN=1 MyZ=1915.84 TgtZ=1799.22 Dist=3082.19
[ROOT] team=2 status=2 Z=1915.84 VP=(-1834.65,-3822.83,2000)
[SelectTarget] team=1 EnemyN=1 TgtZ=1912.17
[DIST] team=1 EnemyN=1 MyZ=1857.01 TgtZ=1912.17 Dist=3338.55
[ROOT] team=1 status=2 Z=1857.01 VP=(-1691.32,-4497.75,1500)
[SelectTarget] team=2 EnemyN=1 TgtZ=1857.01
[DIST] team=2 EnemyN=1 MyZ=1912.17 TgtZ=1857.01 Dist=3338.88
[ROOT] team=2 status=2 Z=1912.17 VP=(-2067.69,-4943.63,2000)
[SYNCCIRCLE] R=1689.14 dist=3378.82 shrink=0 thr=0.774522
[SelectTarget] team=1 EnemyN=1 TgtZ=1913.24
[DIST] team=1 EnemyN=1 MyZ=1831.14 TgtZ=1913.24 Dist=3511.49
[ROOT] team=1 status=2 Z=1831.14 VP=(-1615.75,-5456.55,1500)
[SelectTarget] team=2 EnemyN=1 TgtZ=1830.93
[DIST] team=2 EnemyN=1 MyZ=1913.24 TgtZ=1830.93 Dist=3511.86
[ROOT] team=2 status=2 Z=1913.24 VP=(-1705.36,-6020.97,2000)
[SelectTarget] team=1 EnemyN=1 TgtZ=1916.25
[DIST] team=1 EnemyN=1 MyZ=1802.86 TgtZ=1916.25 Dist=3639.44
[ROOT] team=1 status=2 Z=1802.86 VP=(1159.48,-2573.73,6590.26)
[SelectTarget] team=2 EnemyN=1 TgtZ=1802.59
[DIST] team=2 EnemyN=1 MyZ=1916.25 TgtZ=1802.59 Dist=3638.87
[ROOT] team=2 status=2 Z=1916.25 VP=(-863.334,-6776.94,2000)
[SelectTarget] team=1 EnemyN=1 TgtZ=1919.7
[DIST] team=1 EnemyN=1 MyZ=1875.77 TgtZ=1919.7 Dist=3783.55
[ROOT] team=1 status=2 Z=1875.77 VP=(-198.099,-6676.63,1500)
[SelectTarget] team=2 EnemyN=1 TgtZ=1876.21
[DIST] team=2 EnemyN=1 MyZ=1919.7 TgtZ=1876.21 Dist=3784.37
[ROOT] team=2 status=2 Z=1919.7 VP=(229.378,-7034.1,2000)
[SelectTarget] team=1 EnemyN=1 TgtZ=1922.92
[DIST] team=1 EnemyN=1 MyZ=1861.29 TgtZ=1922.92 Dist=3766.02
[ROOT] team=1 status=2 Z=1861.29 VP=(769.145,-6640.03,1500)
[SelectTarget] team=2 EnemyN=1 TgtZ=1861.01
[DIST] team=2 EnemyN=1 MyZ=1922.92 TgtZ=1861.01 Dist=3765.35
[ROOT] team=2 status=2 Z=1922.92 VP=(1310.55,-6750.3,2000)
[SYNCCIRCLE] R=1875.15 dist=3750.96 shrink=0 thr=0.686861
[SelectTarget] team=1 EnemyN=1 TgtZ=1924.91
[DIST] team=1 EnemyN=1 MyZ=1818.83 TgtZ=1924.91 Dist=3660.23
[ROOT] team=1 status=2 Z=1818.83 VP=(1601.75,-6137.95,1500)
[SelectTarget] team=2 EnemyN=1 TgtZ=1818.78
[DIST] team=2 EnemyN=1 MyZ=1924.91 TgtZ=1818.78 Dist=3659.48
[ROOT] team=2 status=2 Z=1924.91 VP=(2123.95,-5968.6,2000)
[SelectTarget] team=1 EnemyN=1 TgtZ=1925.15
[DIST] team=1 EnemyN=1 MyZ=1817.36 TgtZ=1925.15 Dist=3522.76
[ROOT] team=1 status=2 Z=1817.36 VP=(2072.47,-5276.72,1500)
[SelectTarget] team=2 EnemyN=1 TgtZ=1817.87
[DIST] team=2 EnemyN=1 MyZ=1925.15 TgtZ=1817.87 Dist=3521.45
[ROOT] team=2 status=2 Z=1925.15 VP=(2433.98,-4865.92,2000)
[SelectTarget] team=1 EnemyN=1 TgtZ=1923.79
[DIST] team=1 EnemyN=1 MyZ=1847.15 TgtZ=1923.79 Dist=3364.76
[ROOT] team=1 status=2 Z=1847.15 VP=(-1090.38,-6254.09,6632.81)
[SelectTarget] team=2 EnemyN=1 TgtZ=1846.84
[DIST] team=2 EnemyN=1 MyZ=1923.79 TgtZ=1846.84 Dist=3362.87
[ROOT] team=2 status=2 Z=1923.79 VP=(2122,-3749.74,2000)
[SelectTarget] team=1 EnemyN=1 TgtZ=1921.28
[DIST] team=1 EnemyN=1 MyZ=1813.06 TgtZ=1921.28 Dist=3150.88
[ROOT] team=1 status=2 Z=1813.06 VP=(1459.23,-3473.18,1500)
[SelectTarget] team=2 EnemyN=1 TgtZ=1813.06
[DIST] team=2 EnemyN=1 MyZ=1921.28 TgtZ=1813.06 Dist=3149.6
[ROOT] team=2 status=2 Z=1921.28 VP=(1239.47,-2972.6,2000)
[SYNCCIRCLE] R=1552.54 dist=3106.94 shrink=0 thr=0.677396
[SelectTarget] team=1 EnemyN=1 TgtZ=1917.74
[DIST] team=1 EnemyN=1 MyZ=1804.6 TgtZ=1917.74 Dist=2974.86
[ROOT] team=1 status=2 Z=1804.6 VP=(521.126,-3131.27,1500)
[SelectTarget] team=2 EnemyN=1 TgtZ=1804.86
[DIST] team=2 EnemyN=1 MyZ=1917.74 TgtZ=1804.86 Dist=2974.71
[ROOT] team=2 status=2 Z=1917.74 VP=(48.3029,-2853.13,2000)
[SelectTarget] team=1 EnemyN=1 TgtZ=1914.21
[DIST] team=1 EnemyN=1 MyZ=1813.6 TgtZ=1914.21 Dist=2838.99
[ROOT] team=1 status=2 Z=1813.6 VP=(-437.485,-3423.39,1500)
[SelectTarget] team=2 EnemyN=1 TgtZ=1813.56
[DIST] team=2 EnemyN=1 MyZ=1914.21 TgtZ=1813.56 Dist=2838.32
[ROOT] team=2 status=2 Z=1914.21 VP=(-985.515,-3487.84,2000)
[SelectTarget] team=1 EnemyN=1 TgtZ=1911.69
[DIST] team=1 EnemyN=1 MyZ=1803.64 TgtZ=1911.69 Dist=2770.07
[ROOT] team=1 status=2 Z=1803.64 VP=(-1006.86,-4250.83,1500)
[SelectTarget] team=2 EnemyN=1 TgtZ=1803.7
[DIST] team=2 EnemyN=1 MyZ=1911.69 TgtZ=1803.7 Dist=2769.38
[ROOT] team=2 status=2 Z=1911.69 VP=(-1396.81,-4650.13,2000)
[SelectTarget] team=1 EnemyN=1 TgtZ=1910.8
[DIST] team=1 EnemyN=1 MyZ=1839.38 TgtZ=1910.8 Dist=2817.85
[ROOT] team=1 status=2 Z=1839.38 VP=(-923.098,-5252.96,1500)
[SelectTarget] team=2 EnemyN=1 TgtZ=1840.21
[DIST] team=2 EnemyN=1 MyZ=1910.8 TgtZ=1840.21 Dist=2818.17
[ROOT] team=2 status=2 Z=1910.8 VP=(-979.236,-5815.19,2000)
[SYNCCIRCLE] R=1431.18 dist=2862.59 shrink=0 thr=0.736248
[SelectTarget] team=1 EnemyN=1 TgtZ=1912.29
[DIST] team=1 EnemyN=1 MyZ=1922.94 TgtZ=1912.29 Dist=2967.3
[ROOT] team=1 status=2 Z=1922.94 VP=(-261.046,-5994,1500)
[SelectTarget] team=2 EnemyN=1 TgtZ=1922.81
[DIST] team=2 EnemyN=1 MyZ=1912.29 TgtZ=1922.81 Dist=2967.59
[ROOT] team=2 status=2 Z=1912.29 VP=(25.806,-6483.4,2000)
[SelectTarget] team=1 EnemyN=1 TgtZ=1915.3
[DIST] team=1 EnemyN=1 MyZ=1860.32 TgtZ=1915.3 Dist=3075.99
[ROOT] team=1 status=2 Z=1860.32 VP=(-362.922,-2618.11,6644.94)
[SelectTarget] team=2 EnemyN=1 TgtZ=1859.93
[DIST] team=2 EnemyN=1 MyZ=1915.3 TgtZ=1859.93 Dist=3075.26
[ROOT] team=2 status=2 Z=1915.3 VP=(1214.97,-6451.8,2000)
[SelectTarget] team=1 EnemyN=1 TgtZ=1918.22
[DIST] team=1 EnemyN=1 MyZ=1812.36 TgtZ=1918.22 Dist=3229.82
[ROOT] team=1 status=2 Z=1812.36 VP=(-1356.9,-3106.63,6600.45)
[SelectTarget] team=2 EnemyN=1 TgtZ=1812.08
[DIST] team=2 EnemyN=1 MyZ=1918.22 TgtZ=1812.08 Dist=3230.91
[ROOT] team=2 status=2 Z=1918.22 VP=(2172.86,-5770.17,2000)
[SelectTarget] team=1 EnemyN=1 TgtZ=1920.36
[DIST] team=1 EnemyN=1 MyZ=1797.82 TgtZ=1920.36 Dist=3398.38
[ROOT] team=1 status=2 Z=1797.82 VP=(-1873.8,-4190.09,6603.01)
[SelectTarget] team=2 EnemyN=1 TgtZ=1797.99
[DIST] team=2 EnemyN=1 MyZ=1920.36 TgtZ=1797.99 Dist=3398.72
[ROOT] team=2 status=2 Z=1920.36 VP=(2615.45,-4694.67,2000)
[SYNCCIRCLE] R=1724.02 dist=3449.59 shrink=0 thr=0.70785
[SelectTarget] team=1 EnemyN=1 TgtZ=1921.54
[DIST] team=1 EnemyN=1 MyZ=1898.07 TgtZ=1921.54 Dist=3592.79
[ROOT] team=1 status=2 Z=1898.07 VP=(2281.8,-4082.84,1500)
[SelectTarget] team=2 EnemyN=1 TgtZ=1898.33
[DIST] team=2 EnemyN=1 MyZ=1921.54 TgtZ=1898.33 Dist=3592.97
[ROOT] team=2 status=2 Z=1921.54 VP=(2460.18,-3557.09,2000)
[SelectTarget] team=1 EnemyN=1 TgtZ=1921.69
[DIST] team=1 EnemyN=1 MyZ=1865.09 TgtZ=1921.69 Dist=3618.88
[ROOT] team=1 status=2 Z=1865.09 VP=(1874.39,-3187.91,1500)
[SelectTarget] team=2 EnemyN=1 TgtZ=1864.92
[DIST] team=2 EnemyN=1 MyZ=1921.69 TgtZ=1864.92 Dist=3618.3
[ROOT] team=2 status=2 Z=1921.69 VP=(1767.84,-2647.55,2000)
[SelectTarget] team=1 EnemyN=1 TgtZ=1920.71
[DIST] team=1 EnemyN=1 MyZ=1827.39 TgtZ=1920.71 Dist=3582.05
[ROOT] team=1 status=2 Z=1827.39 VP=(1072.91,-2617.07,1500)
[SelectTarget] team=2 EnemyN=1 TgtZ=1827.22
[DIST] team=2 EnemyN=1 MyZ=1920.71 TgtZ=1827.22 Dist=3580.98
[ROOT] team=2 status=2 Z=1920.71 VP=(710.955,-2206.44,2000)
[SelectTarget] team=1 EnemyN=1 TgtZ=1919.15
[DIST] team=1 EnemyN=1 MyZ=1807.36 TgtZ=1919.15 Dist=3490.22
[ROOT] team=1 status=2 Z=1807.36 VP=(1607.08,-5996.2,6594.79)
[SelectTarget] team=2 EnemyN=1 TgtZ=1807.17
[DIST] team=2 EnemyN=1 MyZ=1919.15 TgtZ=1807.17 Dist=3488.88
[ROOT] team=2 status=2 Z=1919.15 VP=(-426.727,-2368.84,2000)
[SYNCCIRCLE] R=1728 dist=3458.04 shrink=0 thr=0.67328
[SelectTarget] team=1 EnemyN=1 TgtZ=1917.6
[DIST] team=1 EnemyN=1 MyZ=1842.25 TgtZ=1917.6 Dist=3385.35
[ROOT] team=1 status=2 Z=1842.25 VP=(-788.978,-2980.18,1500)
[SelectTarget] team=2 EnemyN=1 TgtZ=1842.44
[DIST] team=2 EnemyN=1 MyZ=1917.6 TgtZ=1842.44 Dist=3384.29
[ROOT] team=2 status=2 Z=1917.6 VP=(-1316.2,-3114.26,2000)
[SelectTarget] team=1 EnemyN=1 TgtZ=1916.68
[DIST] team=1 EnemyN=1 MyZ=1828.11 TgtZ=1916.68 Dist=3206.7
[ROOT] team=1 status=2 Z=1828.11 VP=(-1295.67,-3833.68,1500)
[SelectTarget] team=2 EnemyN=1 TgtZ=1828.04
[DIST] team=2 EnemyN=1 MyZ=1916.68 TgtZ=1828.04 Dist=3204.85
[ROOT] team=2 status=2 Z=1916.68 VP=(-1663.18,-4235.26,2000)
[SelectTarget] team=1 EnemyN=1 TgtZ=1916.34
[DIST] team=1 EnemyN=1 MyZ=1805.96 TgtZ=1916.34 Dist=3026.31
[ROOT] team=1 status=2 Z=1805.96 VP=(1427.67,-2810.05,6593.43)
[SelectTarget] team=2 EnemyN=1 TgtZ=1805.74
[DIST] team=2 EnemyN=1 MyZ=1916.34 TgtZ=1805.74 Dist=3024.52
[ROOT] team=2 status=2 Z=1916.34 VP=(-1296.37,-5376.88,2000)
[SelectTarget] team=1 EnemyN=1 TgtZ=1916.66
[DIST] team=1 EnemyN=1 MyZ=1867.63 TgtZ=1916.66 Dist=2949.68
[ROOT] team=1 status=2 Z=1867.63 VP=(-578.424,-5602.82,1500)
[SelectTarget] team=2 EnemyN=1 TgtZ=1868.11
[DIST] team=2 EnemyN=1 MyZ=1916.66 TgtZ=1868.11 Dist=2948.81
[ROOT] team=2 status=2 Z=1916.66 VP=(-303.971,-6080.48,2000)
[SYNCCIRCLE] R=1467.75 dist=2935.7 shrink=0 thr=0.692623
[SelectTarget] team=1 EnemyN=1 TgtZ=1917.8
[DIST] team=1 EnemyN=1 MyZ=1852.82 TgtZ=1917.8 Dist=2866.05
[ROOT] team=1 status=2 Z=1852.82 VP=(401.894,-5827.1,1500)
[SelectTarget] team=2 EnemyN=1 TgtZ=1852.57
[DIST] team=2 EnemyN=1 MyZ=1917.8 TgtZ=1852.57 Dist=2865.35
[ROOT] team=2 status=2 Z=1917.8 VP=(911.915,-6044.5,2000)
[SelectTarget] team=1 EnemyN=1 TgtZ=1918.82
[DIST] team=1 EnemyN=1 MyZ=1817.66 TgtZ=1918.82 Dist=2851.59
[ROOT] team=1 status=2 Z=1817.66 VP=(1311.59,-5400.97,1500)
[SelectTarget] team=2 EnemyN=1 TgtZ=1817.63
[DIST] team=2 EnemyN=1 MyZ=1918.82 TgtZ=1817.63 Dist=2851.64
[ROOT] team=2 status=2 Z=1918.82 VP=(1851.65,-5256.39,2000)
[SelectTarget] team=1 EnemyN=1 TgtZ=1918.93
[DIST] team=1 EnemyN=1 MyZ=1802.42 TgtZ=1918.93 Dist=2910.63
[ROOT] team=1 status=2 Z=1802.42 VP=(1763.57,-4501.65,1500)
[SelectTarget] team=2 EnemyN=1 TgtZ=1802.32
[DIST] team=2 EnemyN=1 MyZ=1918.93 TgtZ=1802.32 Dist=2910.93
[ROOT] team=2 status=2 Z=1918.93 VP=(2107.04,-4056.42,2000)
[SelectTarget] team=1 EnemyN=1 TgtZ=1918.27
[DIST] team=1 EnemyN=1 MyZ=1879.74 TgtZ=1918.27 Dist=3083.57
[ROOT] team=1 status=2 Z=1879.74 VP=(1590.72,-3511.76,1500)
[SelectTarget] team=2 EnemyN=1 TgtZ=1880.74
[DIST] team=2 EnemyN=1 MyZ=1918.27 TgtZ=1880.74 Dist=3084.36
[ROOT] team=2 status=2 Z=1918.27 VP=(1612.5,-2950.39,2000)
[SYNCCIRCLE] R=1569.18 dist=3138.37 shrink=0 thr=0.717316
[SelectTarget] team=1 EnemyN=1 TgtZ=1917.58
[DIST] team=1 EnemyN=1 MyZ=1977.02 TgtZ=1917.58 Dist=3253.03
[ROOT] team=1 status=2 Z=1977.02 VP=(908.123,-2789.52,1500)
[SelectTarget] team=2 EnemyN=1 TgtZ=1976.95
[DIST] team=2 EnemyN=1 MyZ=1917.58 TgtZ=1976.95 Dist=3252.78
[ROOT] team=2 status=2 Z=1917.58 VP=(621.73,-2310.53,2000)
[SelectTarget] team=1 EnemyN=1 TgtZ=1916.77
[DIST] team=1 EnemyN=1 MyZ=1899.45 TgtZ=1916.77 Dist=3303.73
[ROOT] team=1 status=2 Z=1899.45 VP=(-50.5684,-2550.34,1500)
[SelectTarget] team=2 EnemyN=1 TgtZ=1899.05
[DIST] team=2 EnemyN=1 MyZ=1916.77 TgtZ=1899.05 Dist=3302.92
[ROOT] team=2 status=2 Z=1916.77 VP=(-547.229,-2304.47,2000)
[SelectTarget] team=1 EnemyN=1 TgtZ=1915.97
[DIST] team=1 EnemyN=1 MyZ=1839.06 TgtZ=1915.97 Dist=3365.9
[ROOT] team=1 status=2 Z=1839.06 VP=(1884.63,-5729.39,6624.64)
[SelectTarget] team=2 EnemyN=1 TgtZ=1838.71
[DIST] team=2 EnemyN=1 MyZ=1915.97 TgtZ=1838.71 Dist=3365.43
[ROOT] team=2 status=2 Z=1915.97 VP=(-1534.42,-2927.37,2000)
[SelectTarget] team=1 EnemyN=1 TgtZ=1915.89
[DIST] team=1 EnemyN=1 MyZ=1811.06 TgtZ=1915.89 Dist=3415.82
[ROOT] team=1 status=2 Z=1811.06 VP=(-1608.97,-3638.89,1500)
[SelectTarget] team=2 EnemyN=1 TgtZ=1811.03
[DIST] team=2 EnemyN=1 MyZ=1915.89 TgtZ=1811.03 Dist=3415.29
[ROOT] team=2 status=2 Z=1915.89 VP=(-2039.93,-3978.71,2000)
[SYNCCIRCLE] R=1712.6 dist=3426.77 shrink=0 thr=0.68645
[SelectTarget] team=1 EnemyN=1 TgtZ=1916.78
[DIST] team=1 EnemyN=1 MyZ=1803.45 TgtZ=1916.78 Dist=3423.83
[ROOT] team=1 status=2 Z=1803.45 VP=(-1729.55,-4624.52,1500)
[SelectTarget] team=2 EnemyN=1 TgtZ=1803.47
[DIST] team=2 EnemyN=1 MyZ=1916.78 TgtZ=1803.47 Dist=3423.49
[ROOT] team=2 status=2 Z=1916.78 VP=(-1913,-5140.31,2000)
[SelectTarget] team=1 EnemyN=1 TgtZ=1918.48
[DIST] team=1 EnemyN=1 MyZ=1844.61 TgtZ=1918.48 Dist=3409.87
[ROOT] team=1 status=2 Z=1844.61 VP=(-1307.91,-5525.21,1500)
[SelectTarget] team=2 EnemyN=1 TgtZ=1845.59
[DIST] team=2 EnemyN=1 MyZ=1918.48 TgtZ=1845.59 Dist=3410.04
[ROOT] team=2 status=2 Z=1918.48 VP=(-1188.91,-6059.29,2000)
[SelectTarget] team=1 EnemyN=1 TgtZ=1920.8
[DIST] team=1 EnemyN=1 MyZ=1963.84 TgtZ=1920.8 Dist=3410.9
[ROOT] team=1 status=2 Z=1963.84 VP=(-477.638,-6069.73,1500)
[SelectTarget] team=2 EnemyN=1 TgtZ=1963.92
[DIST] team=2 EnemyN=1 MyZ=1920.8 TgtZ=1963.92 Dist=3409.7
[ROOT] team=2 status=2 Z=1920.8 VP=(-96.8846,-6462.53,2000)
[SelectTarget] team=1 EnemyN=1 TgtZ=1923.1
[DIST] team=1 EnemyN=1 MyZ=1894.21 TgtZ=1923.1 Dist=3250.85
[ROOT] team=1 status=2 Z=1894.21 VP=(512.026,-6098.93,1500)
[SelectTarget] team=2 EnemyN=1 TgtZ=1893.87
[DIST] team=2 EnemyN=1 MyZ=1923.1 TgtZ=1893.87 Dist=3249.8
[ROOT] team=2 status=2 Z=1923.1 VP=(1044.58,-6224.11,2000)
[SYNCCIRCLE] R=1605.92 dist=3212.16 shrink=0 thr=0.676573
[SelectTarget] team=1 EnemyN=1 TgtZ=1923.97
[DIST] team=1 EnemyN=1 MyZ=1833.81 TgtZ=1923.97 Dist=3103.17
[ROOT] team=1 status=2 Z=1833.81 VP=(1352.9,-5561.51,1500)
[SelectTarget] team=2 EnemyN=1 TgtZ=1833.54
[DIST] team=2 EnemyN=1 MyZ=1923.97 TgtZ=1833.54 Dist=3102.52
[ROOT] team=2 status=2 Z=1923.97 VP=(1864.15,-5362.37,2000)
[SelectTarget] team=1 EnemyN=1 TgtZ=1923.16
[DIST] team=1 EnemyN=1 MyZ=1802.72 TgtZ=1923.16 Dist=2990.16
[ROOT] team=1 status=2 Z=1802.72 VP=(-1787.76,-5237.97,6590.9)
[SelectTarget] team=2 EnemyN=1 TgtZ=1802.49
[DIST] team=2 EnemyN=1 MyZ=1923.16 TgtZ=1802.49 Dist=2988.81
[ROOT] team=2 status=2 Z=1923.16 VP=(2020.3,-4160,2000)
[SelectTarget] team=1 EnemyN=1 TgtZ=1920.96
[DIST] team=1 EnemyN=1 MyZ=1855.76 TgtZ=1920.96 Dist=2971.92
[ROOT] team=1 status=2 Z=1855.76 VP=(1456.06,-3646.84,1500)
[SelectTarget] team=2 EnemyN=1 TgtZ=1855.92
[DIST] team=2 EnemyN=1 MyZ=1920.96 TgtZ=1855.92 Dist=2970.73
[ROOT] team=2 status=2 Z=1920.96 VP=(1413.45,-3095.25,2000)
[SelectTarget] team=1 EnemyN=1 TgtZ=1918.2
[DIST] team=1 EnemyN=1 MyZ=1836.41 TgtZ=1918.2 Dist=2947.91
[ROOT] team=1 status=2 Z=1836.41 VP=(658.574,-3024.65,1500)
[SelectTarget] team=2 EnemyN=1 TgtZ=1836.32
[DIST] team=2 EnemyN=1 MyZ=1918.2 TgtZ=1836.32 Dist=2947.5
[ROOT] team=2 status=2 Z=1918.2 VP=(291.898,-2609.01,2000)
runner:local/env:0	num_steps=[11999] | total rewards=[-101.0429] | termination= [max time out]
[seed 8] reward=  -101.04 ownHP=1.0000 tgtHP=1.0000 max time out
total: 2
[SYNCCIRCLE] R=1196.57 dist=2903.31 shrink=0 thr=0.735424
[SelectTarget] team=1 EnemyN=1 TgtZ=7013.04
[DIST] team=1 EnemyN=1 MyZ=8520.69 TgtZ=7013.04 Dist=2040.16
[ROOT] team=1 status=2 Z=8520.69 VP=(5301.18,-80.2995,7870.69)
[SelectTarget] team=2 EnemyN=1 TgtZ=8519.36
[DIST] team=2 EnemyN=1 MyZ=7013.04 TgtZ=8519.36 Dist=2036.19
[ROOT] team=2 status=2 Z=7013.04 VP=(3830.41,-860.581,7363.04)
[SelectTarget] team=1 EnemyN=1 TgtZ=7093.81
[DIST] team=1 EnemyN=1 MyZ=8164.42 TgtZ=7093.81 Dist=1641.2
[ROOT] team=1 status=2 Z=8164.42 VP=(4473.87,-345.251,7514.42)
[SelectTarget] team=2 EnemyN=1 TgtZ=8161.82
[DIST] team=2 EnemyN=1 MyZ=7093.81 TgtZ=8161.82 Dist=1638.63
[ROOT] team=2 status=2 Z=7093.81 VP=(3166.68,582.687,7443.81)
[SelectTarget] team=1 EnemyN=1 TgtZ=7152.9
[DIST] team=1 EnemyN=1 MyZ=7595.78 TgtZ=7152.9 Dist=2078.37
[ROOT] team=1 status=2 Z=7595.78 VP=(3631.68,-341.083,7130.4)
[SelectTarget] team=2 EnemyN=1 TgtZ=7592.08
[DIST] team=2 EnemyN=1 MyZ=7152.9 TgtZ=7592.08 Dist=2078.15
[ROOT] team=2 status=2 Z=7152.9 VP=(3313.35,1187.1,7502.9)
[SelectTarget] team=1 EnemyN=1 TgtZ=7171.63
[DIST] team=1 EnemyN=1 MyZ=6864.52 TgtZ=7171.63 Dist=2865.05
[ROOT] team=1 status=2 Z=6864.52 VP=(2202.51,798.269,6567.58)
[SelectTarget] team=2 EnemyN=1 TgtZ=6860.16
[DIST] team=2 EnemyN=1 MyZ=7171.63 TgtZ=6860.16 Dist=2865.62
[ROOT] team=2 status=2 Z=7171.63 VP=(3240.31,1575.49,6860.16)
[SYNCCIRCLE] R=1502.14 dist=3043.34 shrink=0 thr=0.881937
[SelectTarget] team=1 EnemyN=1 TgtZ=7051.01
[DIST] team=1 EnemyN=1 MyZ=6060.11 TgtZ=7051.01 Dist=3516.75
[ROOT] team=1 status=2 Z=6060.11 VP=(2172.36,1554.97,6266.65)
[SelectTarget] team=2 EnemyN=1 TgtZ=6055.71
[DIST] team=2 EnemyN=1 MyZ=7051.01 TgtZ=6055.71 Dist=3516.72
[ROOT] team=2 status=2 Z=7051.01 VP=(3275.28,2059.88,6701.01)
[SelectTarget] team=1 EnemyN=1 TgtZ=6769.49
[DIST] team=1 EnemyN=1 MyZ=5343.64 TgtZ=6769.49 Dist=3753.43
[ROOT] team=1 status=2 Z=5343.64 VP=(2579.65,2252.35,5900.34)
[SelectTarget] team=2 EnemyN=1 TgtZ=5340.26
[DIST] team=2 EnemyN=1 MyZ=6769.49 TgtZ=5340.26 Dist=3751.12
[ROOT] team=2 status=2 Z=6769.49 VP=(3585.02,2509.03,6419.49)
[SelectTarget] team=1 EnemyN=1 TgtZ=6403.09
[DIST] team=1 EnemyN=1 MyZ=4881.11 TgtZ=6403.09 Dist=3518.36
[ROOT] team=1 status=2 Z=4881.11 VP=(3264.99,2687.23,5520.22)
[SelectTarget] team=2 EnemyN=1 TgtZ=4879.4
[DIST] team=2 EnemyN=1 MyZ=6403.09 TgtZ=4879.4 Dist=3514.81
[ROOT] team=2 status=2 Z=6403.09 VP=(4173.36,2723.02,6053.09)

########## v32 vs AIP_shrink.dll ##########


     JSBSim Flight Dynamics Model v1.0.0 May 27 2026 16:13:38
            [JSBSim-ML v2.0]

JSBSim startup beginning ...

total: 2
Behavior Tree Initialized Successfully
Behavior Tree Initialized Successfully
[PURE_ATA] team=2 ata=5.80254 dist=4060.98 leadDist=0 aa=10.2885
[PURE_ATA] team=2 ata=5.80977 dist=4060.5 leadDist=0 aa=10.4105
[PURE_ATA] team=2 ata=5.68967 dist=4060.04 leadDist=0 aa=10.8118
[PURE_ATA] team=2 ata=5.58536 dist=4059.6 leadDist=0 aa=11.2441
[PURE_ATA] team=2 ata=5.46766 dist=4059.59 leadDist=0 aa=11.534
[PURE_ATA] team=2 ata=5.31628 dist=4058.91 leadDist=0 aa=11.5091
[PURE_ATA] team=2 ata=5.05762 dist=4058.52 leadDist=0 aa=11.0876
[PURE_ATA] team=2 ata=4.69523 dist=4058.15 leadDist=0 aa=10.1587
[PURE_ATA] team=2 ata=4.25204 dist=4058.21 leadDist=0 aa=8.56899
[PURE_ATA] team=2 ata=3.76614 dist=4058.03 leadDist=0 aa=6.39508
[PURE_ATA] team=2 ata=3.20625 dist=4057.13 leadDist=0 aa=4.329
[PURE_ATA] team=2 ata=2.66762 dist=4056.99 leadDist=0 aa=2.75633
[PURE_ATA] team=2 ata=2.13803 dist=4056.29 leadDist=0 aa=1.60941
[PURE_ATA] team=2 ata=1.64318 dist=4055.61 leadDist=0 aa=0.51889
[PURE_ATA] team=2 ata=1.20078 dist=4054.53 leadDist=0 aa=1.15835
[PURE_ATA] team=2 ata=0.869704 dist=4053.81 leadDist=0 aa=2.94338
[PURE_ATA] team=2 ata=0.677124 dist=4052.77 leadDist=0 aa=4.53043
[PURE_ATA] team=2 ata=0.807436 dist=4051.69 leadDist=0 aa=6.13076
[PURE_ATA] team=2 ata=1.11585 dist=4050.03 leadDist=0 aa=7.96489
[PURE_ATA] team=2 ata=1.44234 dist=4048.4 leadDist=0 aa=9.46595
[PURE_ATA] team=2 ata=1.68406 dist=4046.77 leadDist=0 aa=10.4377
[PURE_ATA] team=2 ata=1.76423 dist=4044.78 leadDist=0 aa=11.0457
[PURE_ATA] team=2 ata=1.79218 dist=4043.01 leadDist=0 aa=11.4066
[PURE_ATA] team=2 ata=1.77273 dist=4040.86 leadDist=0 aa=11.652
[PURE_ATA] team=2 ata=1.71803 dist=4038.54 leadDist=0 aa=11.8175
[PURE_ATA] team=2 ata=1.58246 dist=4036.05 leadDist=0 aa=11.9336
[PURE_ATA] team=2 ata=1.39246 dist=4033.6 leadDist=0 aa=11.9487
[PURE_ATA] team=2 ata=1.1999 dist=4030.57 leadDist=0 aa=11.8065
[PURE_ATA] team=2 ata=0.983171 dist=4027.37 leadDist=0 aa=11.5265
[SelectTarget] team=1 EnemyN=1 TgtZ=6993.48
[DIST] team=1 EnemyN=1 MyZ=6961.89 TgtZ=6993.48 Dist=4019.8
[ROOT] team=1 status=2 Z=6961.89 VP=(4238.42,451.193,6441.07)
[SelectTarget] team=2 EnemyN=1 TgtZ=6960.64
[DIST] team=2 EnemyN=1 MyZ=6993.48 TgtZ=6960.64 Dist=4024.44
[PURE_ATA] team=2 ata=0.808941 dist=4024.44 leadDist=0 aa=11.1441
[ROOT] team=2 status=2 Z=6993.48 VP=(1140.24,730.23,6960.64)
[PURE_ATA] team=2 ata=0.646906 dist=4021.33 leadDist=0 aa=10.7181
[PURE_ATA] team=2 ata=0.615727 dist=4018.08 leadDist=0 aa=10.1969
[PURE_ATA] team=2 ata=0.715464 dist=4013.83 leadDist=0 aa=9.68669
[PURE_ATA] team=2 ata=0.845823 dist=4010.28 leadDist=0 aa=9.26613
[PURE_ATA] team=2 ata=0.860081 dist=4006.55 leadDist=0 aa=9.03486
[PURE_ATA] team=2 ata=0.814424 dist=4001.89 leadDist=0 aa=8.95917
[SelectTarget] team=1 EnemyN=1 TgtZ=6929.54
[DIST] team=1 EnemyN=1 MyZ=6562.29 TgtZ=6929.54 Dist=3832.78
[ROOT] team=1 status=2 Z=6562.29 VP=(3241.51,190.961,6285.65)
[SelectTarget] team=2 EnemyN=1 TgtZ=6559.15
[DIST] team=2 EnemyN=1 MyZ=6929.54 TgtZ=6559.15 Dist=3837.03
[ROOT] team=2 status=2 Z=6929.54 VP=(3383.34,-1078.55,6579.54)
[SelectTarget] team=1 EnemyN=1 TgtZ=6756.48
[DIST] team=1 EnemyN=1 MyZ=5843.22 TgtZ=6756.48 Dist=3619.7
[ROOT] team=1 status=2 Z=5843.22 VP=(2550.87,-216.442,5940.96)
[SelectTarget] team=2 EnemyN=1 TgtZ=5838.43
[DIST] team=2 EnemyN=1 MyZ=6756.48 TgtZ=5838.43 Dist=3622.57
[ROOT] team=2 status=2 Z=6756.48 VP=(2183.6,-961.897,6406.48)
[SelectTarget] team=1 EnemyN=1 TgtZ=6492.95
[DIST] team=1 EnemyN=1 MyZ=4895.46 TgtZ=6492.95 Dist=3679.99
[ROOT] team=1 status=2 Z=4895.46 VP=(1790.66,-787.157,5694.69)
[SelectTarget] team=2 EnemyN=1 TgtZ=4889.94
[DIST] team=2 EnemyN=1 MyZ=6492.95 TgtZ=4889.94 Dist=3681.42
[ROOT] team=2 status=2 Z=6492.95 VP=(1100.57,-974.446,6142.95)
[SelectTarget] team=1 EnemyN=1 TgtZ=6217.29
[DIST] team=1 EnemyN=1 MyZ=3959.33 TgtZ=6217.29 Dist=3619.52
[ROOT] team=1 status=2 Z=3959.33 VP=(811.886,-699.997,5401.02)
[SelectTarget] team=2 EnemyN=1 TgtZ=3954.77
[DIST] team=2 EnemyN=1 MyZ=6217.29 TgtZ=3954.77 Dist=3619.73
[ROOT] team=2 status=2 Z=6217.29 VP=(112.596,-691.569,5867.29)
[SYNCCIRCLE] R=1338.8 dist=3570.23 shrink=0.28 thr=0.551049
[SelectTarget] team=1 EnemyN=1 TgtZ=5924.1
[DIST] team=1 EnemyN=1 MyZ=3348.51 TgtZ=5924.1 Dist=3278.18
[ROOT] team=1 status=2 Z=3348.51 VP=(11.8413,-256.889,5096.62)
[SelectTarget] team=2 EnemyN=1 TgtZ=3346.47
[DIST] team=2 EnemyN=1 MyZ=5924.1 TgtZ=3346.47 Dist=3277.07
[ROOT] team=2 status=2 Z=5924.1 VP=(-535.312,218.335,5574.1)
[SelectTarget] team=1 EnemyN=1 TgtZ=5600.41
[DIST] team=1 EnemyN=1 MyZ=3231.72 TgtZ=5600.41 Dist=2855.89
[ROOT] team=1 status=2 Z=3231.72 VP=(-475.24,436.441,4720.08)
[SelectTarget] team=2 EnemyN=1 TgtZ=3232.36
[DIST] team=2 EnemyN=1 MyZ=5600.41 TgtZ=3232.36 Dist=2854.43
[ROOT] team=2 status=2 Z=5600.41 VP=(4.71285,1351.45,5250.41)
[SelectTarget] team=1 EnemyN=1 TgtZ=5202.23
[DIST] team=1 EnemyN=1 MyZ=3500.72 TgtZ=5202.23 Dist=2662.55
[ROOT] team=1 status=2 Z=3500.72 VP=(-522.146,1240.43,4243.89)
[SelectTarget] team=2 EnemyN=1 TgtZ=3502.82
[DIST] team=2 EnemyN=1 MyZ=5202.23 TgtZ=3502.82 Dist=2661.23
[ROOT] team=2 status=2 Z=5202.23 VP=(796.222,1466.65,4852.23)
[SelectTarget] team=1 EnemyN=1 TgtZ=4705.23
[DIST] team=1 EnemyN=1 MyZ=3891.64 TgtZ=4705.23 Dist=2816.64
[ROOT] team=1 status=2 Z=3891.64 VP=(-79.9607,1885.73,3683.01)
[SelectTarget] team=2 EnemyN=1 TgtZ=3893.65
[DIST] team=2 EnemyN=1 MyZ=4705.23 TgtZ=3893.65 Dist=2814.8
[ROOT] team=2 status=2 Z=4705.23 VP=(1139.79,1432.09,4355.23)
[SYNCCIRCLE] R=1404.45 dist=2879.3 shrink=0.28 thr=0.538291
[SelectTarget] team=1 EnemyN=1 TgtZ=4139.57
[DIST] team=1 EnemyN=1 MyZ=4159.48 TgtZ=4139.57 Dist=3179.89
[ROOT] team=1 status=2 Z=4159.48 VP=(746.853,2028.67,3509.48)
[SelectTarget] team=2 EnemyN=1 TgtZ=4160.35
[DIST] team=2 EnemyN=1 MyZ=4139.57 TgtZ=4160.35 Dist=3179.66
[ROOT] team=2 status=2 Z=4139.57 VP=(1490.19,1292.38,4160.35)
[SelectTarget] team=1 EnemyN=1 TgtZ=3642.29
[DIST] team=1 EnemyN=1 MyZ=4201.26 TgtZ=3642.29 Dist=3544.88
[ROOT] team=1 status=2 Z=4201.26 VP=(1683.59,1674.63,3551.26)
[SelectTarget] team=2 EnemyN=1 TgtZ=4200.87
[DIST] team=2 EnemyN=1 MyZ=3642.29 TgtZ=4200.87 Dist=3543.73
[ROOT] team=2 status=2 Z=3642.29 VP=(1830.09,889.696,3992.29)
[SelectTarget] team=1 EnemyN=1 TgtZ=3343.19
[DIST] team=1 EnemyN=1 MyZ=4024.27 TgtZ=3343.19 Dist=3771.4
[ROOT] team=1 status=2 Z=4024.27 VP=(2283.94,954.425,3374.27)
[SelectTarget] team=2 EnemyN=1 TgtZ=4022.73
[DIST] team=2 EnemyN=1 MyZ=3343.19 TgtZ=4022.73 Dist=3769.52
[ROOT] team=2 status=2 Z=3343.19 VP=(2005.8,268.975,3693.19)
[SelectTarget] team=1 EnemyN=1 TgtZ=3214.51
[DIST] team=1 EnemyN=1 MyZ=3661 TgtZ=3214.51 Dist=3756.87
[ROOT] team=1 status=2 Z=3661 VP=(2323.34,-4.83154,3011)
[SelectTarget] team=2 EnemyN=1 TgtZ=3658.56
[DIST] team=2 EnemyN=1 MyZ=3214.51 TgtZ=3658.56 Dist=3754.34
[ROOT] team=2 status=2 Z=3214.51 VP=(1842.66,-445.065,3564.51)
[SYNCCIRCLE] R=1850.09 dist=3717.91 shrink=0.28 thr=0.635417
[SelectTarget] team=1 EnemyN=1 TgtZ=3200.62
[DIST] team=1 EnemyN=1 MyZ=3169.08 TgtZ=3200.62 Dist=3455.92
[ROOT] team=1 status=2 Z=3169.08 VP=(1917.16,-799.389,2625.37)
[SelectTarget] team=2 EnemyN=1 TgtZ=3166.15
[DIST] team=2 EnemyN=1 MyZ=3200.62 TgtZ=3166.15 Dist=3452.54
[ROOT] team=2 status=2 Z=3200.62 VP=(1257.8,-1015.09,3166.15)
[SelectTarget] team=1 EnemyN=1 TgtZ=3089.06
[DIST] team=1 EnemyN=1 MyZ=2653.31 TgtZ=3089.06 Dist=2832.35
[ROOT] team=1 status=2 Z=2653.31 VP=(1082.89,-937.698,2287.08)
[SelectTarget] team=2 EnemyN=1 TgtZ=2650.65
[DIST] team=2 EnemyN=1 MyZ=3089.06 TgtZ=2650.65 Dist=2827.95
[ROOT] team=2 status=2 Z=3089.06 VP=(347.352,-1143.3,2739.06)
[SelectTarget] team=1 EnemyN=1 TgtZ=2839.16
[DIST] team=1 EnemyN=1 MyZ=2275.04 TgtZ=2839.16 Dist=1911.41
[ROOT] team=1 status=2 Z=2275.04 VP=(1072.52,-843.744,2876.12)
[SelectTarget] team=2 EnemyN=1 TgtZ=2274.15
[DIST] team=2 EnemyN=1 MyZ=2839.16 TgtZ=2274.15 Dist=1906.4
[ROOT] team=2 status=2 Z=2839.16 VP=(-541.259,-541.793,2489.16)
[SelectTarget] team=1 EnemyN=1 TgtZ=2557.56
[DIST] team=1 EnemyN=1 MyZ=2311.65 TgtZ=2557.56 Dist=1142.64
[ROOT] team=1 status=2 Z=2311.65 VP=(226.021,-613.527,2590.83)
[SelectTarget] team=2 EnemyN=1 TgtZ=2312.5
[DIST] team=2 EnemyN=1 MyZ=2557.56 TgtZ=2312.5 Dist=1139.94
[ROOT] team=2 status=2 Z=2557.56 VP=(-218.583,915.629,2312.5)
[SYNCCIRCLE] R=549.488 dist=1109.47 shrink=0.28 thr=0.66793
[SelectTarget] team=1 EnemyN=1 TgtZ=2254.29
[DIST] team=1 EnemyN=1 MyZ=2454.86 TgtZ=2254.29 Dist=1525.13
[ROOT] team=1 status=2 Z=2454.86 VP=(-228.964,107.412,2289.41)
[SelectTarget] team=2 EnemyN=1 TgtZ=2455.35
[DIST] team=2 EnemyN=1 MyZ=2254.29 TgtZ=2455.35 Dist=1525.87
[ROOT] team=2 status=2 Z=2254.29 VP=(1077.42,901.438,2455.35)
[SelectTarget] team=1 EnemyN=1 TgtZ=2032.53
[DIST] team=1 EnemyN=1 MyZ=2420.08 TgtZ=2032.53 Dist=2499.61
[ROOT] team=1 status=2 Z=2420.08 VP=(527.706,1819.79,1770.08)
[SelectTarget] team=2 EnemyN=1 TgtZ=2419.1
[DIST] team=2 EnemyN=1 MyZ=2032.53 TgtZ=2419.1 Dist=2499.37
[ROOT] team=2 status=2 Z=2032.53 VP=(1366.55,735.472,2382.53)
[SelectTarget] team=1 EnemyN=1 TgtZ=1964.83
[DIST] team=1 EnemyN=1 MyZ=2144.76 TgtZ=1964.83 Dist=3381.46
[ROOT] team=1 status=2 Z=2144.76 VP=(1458.3,1938.69,1500)
[SelectTarget] team=2 EnemyN=1 TgtZ=2143.54
[DIST] team=2 EnemyN=1 MyZ=1964.83 TgtZ=2143.54 Dist=3382.47
[ROOT] team=2 status=2 Z=1964.83 VP=(1682.43,729.576,2143.54)
[PURE_ATA] team=2 ata=116.368 dist=4016.41 leadDist=1507.46 aa=77.1527
[PURE_ATA] team=2 ata=115.712 dist=4040.79 leadDist=1512.52 aa=76.3704
[PURE_ATA] team=2 ata=115.082 dist=4064.48 leadDist=1517.07 aa=77.2056
[PURE_ATA] team=2 ata=114.475 dist=4088.99 leadDist=1521.04 aa=74.7961
[PURE_ATA] team=2 ata=113.918 dist=4113.13 leadDist=1524.61 aa=70.435
[PURE_ATA] team=2 ata=113.403 dist=4136.56 leadDist=1527.89 aa=65.8862
[SelectTarget] team=1 EnemyN=1 TgtZ=1888.76
[DIST] team=1 EnemyN=1 MyZ=1969.51 TgtZ=1888.76 Dist=4158.85
[ROOT] team=1 status=2 Z=1969.51 VP=(2155.33,1192.1,1500)
[SelectTarget] team=2 EnemyN=1 TgtZ=1969
[DIST] team=2 EnemyN=1 MyZ=1888.76 TgtZ=1969 Dist=4159.64
[PURE_ATA] team=2 ata=112.876 dist=4159.64 leadDist=1531 aa=59.8598
[ROOT] team=2 status=2 Z=1888.76 VP=(-1799.17,-836.958,3500)
[PURE_ATA] team=2 ata=112.324 dist=4182.37 leadDist=1533.99 aa=55.3934
[PURE_ATA] team=2 ata=111.735 dist=4205.25 leadDist=1536.9 aa=50.9712
[PURE_ATA] team=2 ata=111.166 dist=4226.2 leadDist=1539.75 aa=39.9009
[PURE_ATA] team=2 ata=110.555 dist=4247.76 leadDist=1542.59 aa=17.5471
[PURE_ATA] team=2 ata=109.957 dist=4268.24 leadDist=1545.47 aa=4.9807
[PURE_ATA] team=2 ata=109.336 dist=4288.51 leadDist=1548.43 aa=22.1204
[PURE_ATA] team=2 ata=108.716 dist=4308.5 leadDist=1551.49 aa=35.5501
[PURE_ATA] team=2 ata=108.089 dist=4327.16 leadDist=1554.67 aa=46.6376
[PURE_ATA] team=2 ata=107.481 dist=4345.24 leadDist=1557.97 aa=55.7239
[PURE_ATA] team=2 ata=106.85 dist=4362.37 leadDist=1561.42 aa=63.5447
[PURE_ATA] team=2 ata=106.227 dist=4379.66 leadDist=1565.03 aa=70.1434
[PURE_ATA] team=2 ata=105.586 dist=4396.68 leadDist=1568.81 aa=61.0706
[PURE_ATA] team=2 ata=104.946 dist=4412.78 leadDist=1572.7 aa=15.4969
[PURE_ATA] team=2 ata=104.33 dist=4428.48 leadDist=1576.66 aa=58.6561
[PURE_ATA] team=2 ata=103.686 dist=4444.9 leadDist=1580.69 aa=70.4471
[PURE_ATA] team=2 ata=103.032 dist=4461.78 leadDist=1584.75 aa=76.0051
[PURE_ATA] team=2 ata=102.398 dist=4477.59 leadDist=1588.76 aa=78.6327
[PURE_ATA] team=2 ata=101.739 dist=4494.43 leadDist=1592.55 aa=79.8555
[PURE_ATA] team=2 ata=101.097 dist=4509.86 leadDist=1595.98 aa=79.7831
[PURE_ATA] team=2 ata=100.449 dist=4526.16 leadDist=1598.97 aa=78.6577
[PURE_ATA] team=2 ata=99.7878 dist=4542.15 leadDist=1601.48 aa=76.8261
[PURE_ATA] team=2 ata=99.1486 dist=4557.21 leadDist=1603.59 aa=73.6598
[PURE_ATA] team=2 ata=98.483 dist=4572.84 leadDist=1605.43 aa=69.5226
[PURE_ATA] team=2 ata=97.8377 dist=4587.2 leadDist=1607.08 aa=66.0939
[PURE_ATA] team=2 ata=97.1668 dist=4602.08 leadDist=1608.58 aa=63.8013
[PURE_ATA] team=2 ata=96.4998 dist=4615.77 leadDist=1609.96 aa=61.8367
[PURE_ATA] team=2 ata=95.8538 dist=4628.29 leadDist=1611.24 aa=54.8347
[PURE_ATA] team=2 ata=95.1686 dist=4641.66 leadDist=1612.48 aa=37.2042
[PURE_ATA] team=2 ata=94.5038 dist=4653.48 leadDist=1613.73 aa=11.6315
[SelectTarget] team=1 EnemyN=1 TgtZ=1867.64
[DIST] team=1 EnemyN=1 MyZ=1885.19 TgtZ=1867.64 Dist=4663.52
[ROOT] team=1 status=2 Z=1885.19 VP=(2287.73,194.064,1500)
[SelectTarget] team=2 EnemyN=1 TgtZ=1884.97
[DIST] team=2 EnemyN=1 MyZ=1867.64 TgtZ=1884.97 Dist=4664.6
[PURE_ATA] team=2 ata=93.8457 dist=4664.6 leadDist=1615.03 aa=16.073
[ROOT] team=2 status=2 Z=1867.64 VP=(-2403.89,-34.5793,3500)
[PURE_ATA] team=2 ata=93.1791 dist=4675.37 leadDist=1616.38 aa=41.3455
[PURE_ATA] team=2 ata=92.5028 dist=4684.95 leadDist=1617.83 aa=60.9311
[PURE_ATA] team=2 ata=91.8361 dist=4694.26 leadDist=1619.37 aa=74.7274
[PURE_ATA] team=2 ata=91.1612 dist=4702.79 leadDist=1621.02 aa=84.5997
[PURE_ATA] team=2 ata=90.4806 dist=4710.93 leadDist=1622.79 aa=91.8707
[PURE_ATA] team=2 ata=89.8079 dist=4718.02 leadDist=1624.7 aa=97.2926
[PURE_ATA] team=2 ata=89.1305 dist=4724.73 leadDist=1626.75 aa=101.58
[PURE_ATA] team=2 ata=88.4631 dist=4730.43 leadDist=1628.96 aa=104.991
[PURE_ATA] team=2 ata=87.7899 dist=4735.77 leadDist=1631.33 aa=105.742
[PURE_ATA] team=2 ata=87.0968 dist=4740.46 leadDist=1633.8 aa=52.4214
[PURE_ATA] team=2 ata=86.4163 dist=4745.01 leadDist=1636.35 aa=78.0966
[PURE_ATA] team=2 ata=85.7488 dist=4749.89 leadDist=1638.94 aa=81.3529
[PURE_ATA] team=2 ata=85.062 dist=4754.92 leadDist=1641.56 aa=83.7007
[PURE_ATA] team=2 ata=84.3725 dist=4759.55 leadDist=1644.08 aa=84.808
[PURE_ATA] team=2 ata=83.6782 dist=4763.77 leadDist=1646.34 aa=85.0941
[PURE_ATA] team=2 ata=83.0125 dist=4768.3 leadDist=1648.19 aa=84.4501
[PURE_ATA] team=2 ata=82.3102 dist=4772.55 leadDist=1649.57 aa=83.4102
[PURE_ATA] team=2 ata=81.6213 dist=4776.35 leadDist=1650.52 aa=81.9585
[PURE_ATA] team=2 ata=80.9296 dist=4779.75 leadDist=1651.19 aa=80.8559
[PURE_ATA] team=2 ata=80.2356 dist=4782.33 leadDist=1651.65 aa=81.6328
[PURE_ATA] team=2 ata=79.5229 dist=4784.47 leadDist=1651.94 aa=84.0107
[PURE_ATA] team=2 ata=78.8246 dist=4786.23 leadDist=1652.09 aa=87.5077
[PURE_ATA] team=2 ata=78.1262 dist=4787.59 leadDist=1652.13 aa=93.1749
[PURE_ATA] team=2 ata=77.411 dist=4787.62 leadDist=1652.11 aa=112.175
[PURE_ATA] team=2 ata=76.7136 dist=4787.34 leadDist=1652.08 aa=167.56
[PURE_ATA] team=2 ata=76.0171 dist=4786.24 leadDist=1652.07 aa=156.705
[PURE_ATA] team=2 ata=75.3078 dist=4784.62 leadDist=1652.12 aa=145.288
[PURE_ATA] team=2 ata=74.6006 dist=4782.17 leadDist=1652.24 aa=140.515
[PURE_ATA] team=2 ata=73.9132 dist=4778.66 leadDist=1652.44 aa=138.027
[SelectTarget] team=1 EnemyN=1 TgtZ=1949.9
[DIST] team=1 EnemyN=1 MyZ=1847.32 TgtZ=1949.9 Dist=4774.88
[ROOT] team=1 status=2 Z=1847.32 VP=(1664.99,-580.055,1537.34)
[SelectTarget] team=2 EnemyN=1 TgtZ=1847.27
[DIST] team=2 EnemyN=1 MyZ=1949.9 TgtZ=1847.27 Dist=4774.83
[PURE_ATA] team=2 ata=73.1973 dist=4774.83 leadDist=1652.73 aa=136.74
[ROOT] team=2 status=2 Z=1949.9 VP=(-2547.24,974.432,3500)
[PURE_ATA] team=2 ata=72.486 dist=4770.16 leadDist=1653.14 aa=135.922
[PURE_ATA] team=2 ata=71.7954 dist=4764.9 leadDist=1653.67 aa=135.293
[PURE_ATA] team=2 ata=71.0777 dist=4758.79 leadDist=1654.33 aa=135.018
[PURE_ATA] team=2 ata=70.3652 dist=4752.27 leadDist=1655.13 aa=134.927
[PURE_ATA] team=2 ata=69.644 dist=4744.66 leadDist=1656.08 aa=135.043
[PURE_ATA] team=2 ata=68.9455 dist=4736.52 leadDist=1657.2 aa=135.278
[PURE_ATA] team=2 ata=68.2387 dist=4727.29 leadDist=1658.48 aa=135.709
[PURE_ATA] team=2 ata=67.5367 dist=4718.5 leadDist=1659.94 aa=141.571
[PURE_ATA] team=2 ata=66.8289 dist=4708.59 leadDist=1661.5 aa=178.296
[PURE_ATA] team=2 ata=66.1264 dist=4698.71 leadDist=1663.13 aa=114.055
[PURE_ATA] team=2 ata=65.4151 dist=4688.48 leadDist=1664.81 aa=99.3109
[PURE_ATA] team=2 ata=64.7255 dist=4678.68 leadDist=1666.5 aa=95.7965
[PURE_ATA] team=2 ata=64.0269 dist=4668.53 leadDist=1668.06 aa=95.3196
[PURE_ATA] team=2 ata=63.3193 dist=4657.97 leadDist=1669.29 aa=95.9041
[PURE_ATA] team=2 ata=62.6172 dist=4647.43 leadDist=1670.06 aa=96.8194
[PURE_ATA] team=2 ata=61.9059 dist=4636.46 leadDist=1670.4 aa=99.782
[PURE_ATA] team=2 ata=61.219 dist=4625.21 leadDist=1670.46 aa=105.401
[PURE_ATA] team=2 ata=60.4974 dist=4612.13 leadDist=1670.3 aa=113.514
[PURE_ATA] team=2 ata=59.7964 dist=4599.97 leadDist=1669.96 aa=122.457
[PURE_ATA] team=2 ata=59.0925 dist=4586.56 leadDist=1669.47 aa=137.916
[PURE_ATA] team=2 ata=58.3848 dist=4572.27 leadDist=1668.88 aa=160.532
[PURE_ATA] team=2 ata=57.6864 dist=4558.03 leadDist=1668.26 aa=176.558
[PURE_ATA] team=2 ata=56.9862 dist=4542.9 leadDist=1667.65 aa=174.575
[PURE_ATA] team=2 ata=56.2688 dist=4526.26 leadDist=1667.06 aa=169.022
[PURE_ATA] team=2 ata=55.5656 dist=4509.28 leadDist=1666.52 aa=165.053
[PURE_ATA] team=2 ata=54.8715 dist=4492.75 leadDist=1666.04 aa=162.003
[PURE_ATA] team=2 ata=54.1663 dist=4474.27 leadDist=1665.64 aa=159.562
[PURE_ATA] team=2 ata=53.4589 dist=4455.18 leadDist=1665.33 aa=157.529
[PURE_ATA] team=2 ata=52.7653 dist=4436.16 leadDist=1665.13 aa=155.778
[SelectTarget] team=1 EnemyN=1 TgtZ=2087.12
[DIST] team=1 EnemyN=1 MyZ=1834.96 TgtZ=2087.12 Dist=4416.65
[ROOT] team=1 status=2 Z=1834.96 VP=(671.243,-646.003,1700.74)
[SelectTarget] team=2 EnemyN=1 TgtZ=1834.97
[DIST] team=2 EnemyN=1 MyZ=2087.12 TgtZ=1834.97 Dist=4415.48
[PURE_ATA] team=2 ata=52.0611 dist=4415.48 leadDist=1665.03 aa=154.343
[ROOT] team=2 status=2 Z=2087.12 VP=(-2138.74,1909.65,3500)
[PURE_ATA] team=2 ata=51.3848 dist=4395.58 leadDist=1665.07 aa=153.172
[PURE_ATA] team=2 ata=50.6821 dist=4373.62 leadDist=1665.23 aa=152.327
[PURE_ATA] team=2 ata=49.9928 dist=4352.08 leadDist=1665.54 aa=151.718
[PURE_ATA] team=2 ata=49.312 dist=4329.18 leadDist=1666 aa=151.352
[PURE_ATA] team=2 ata=48.6312 dist=4305.96 leadDist=1666.62 aa=151.201
[PURE_ATA] team=2 ata=47.9536 dist=4282.4 leadDist=1667.4 aa=151.179
[PURE_ATA] team=2 ata=47.2793 dist=4258.14 leadDist=1668.35 aa=151.293
[PURE_ATA] team=2 ata=46.6184 dist=4232.51 leadDist=1669.46 aa=151.57
[PURE_ATA] team=2 ata=45.9424 dist=4206.35 leadDist=1670.73 aa=156.358
[PURE_ATA] team=2 ata=45.2954 dist=4181.44 leadDist=1672.1 aa=175.531
[PURE_ATA] team=2 ata=44.6433 dist=4154.96 leadDist=1673.53 aa=148.737
[PURE_ATA] team=2 ata=44.0057 dist=4129.23 leadDist=1675 aa=123.626
[PURE_ATA] team=2 ata=43.3742 dist=4103.08 leadDist=1676.47 aa=112.976
[PURE_ATA] team=2 ata=42.7439 dist=4076.78 leadDist=1677.79 aa=110.164
[PURE_ATA] team=2 ata=42.1342 dist=4050.59 leadDist=1678.76 aa=111.07
[PURE_ATA] team=2 ata=41.5211 dist=4024.52 leadDist=1679.25 aa=114.465
[SelectTarget] team=1 EnemyN=1 TgtZ=2230.79
[DIST] team=1 EnemyN=1 MyZ=1831.74 TgtZ=2230.79 Dist=3623
[ROOT] team=1 status=2 Z=1831.74 VP=(-83.9202,-10.8024,1872.63)
[SelectTarget] team=2 EnemyN=1 TgtZ=1831.89
[DIST] team=2 EnemyN=1 MyZ=2230.79 TgtZ=1831.89 Dist=3620.91
[ROOT] team=2 status=2 Z=2230.79 VP=(-621.429,-980.168,2000)
[SYNCCIRCLE] R=1715.95 dist=3454.85 shrink=0.28 thr=0.839547
[SelectTarget] team=1 EnemyN=1 TgtZ=2136.22
[DIST] team=1 EnemyN=1 MyZ=1824.53 TgtZ=2136.22 Dist=3009.71
[ROOT] team=1 status=2 Z=1824.53 VP=(-866.625,-393.348,1500)
[SelectTarget] team=2 EnemyN=1 TgtZ=1824.63
[DIST] team=2 EnemyN=1 MyZ=2136.22 TgtZ=1824.63 Dist=3008.03
[ROOT] team=2 status=2 Z=2136.22 VP=(-1545.46,-256.869,2000)
[SelectTarget] team=1 EnemyN=1 TgtZ=2023.32
[DIST] team=1 EnemyN=1 MyZ=1820.29 TgtZ=2023.32 Dist=2605.57
[ROOT] team=1 status=2 Z=1820.29 VP=(-1439.08,439.003,1500)
[SelectTarget] team=2 EnemyN=1 TgtZ=1820.39
[DIST] team=2 EnemyN=1 MyZ=2023.32 TgtZ=1820.39 Dist=2604.43
[ROOT] team=2 status=2 Z=2023.32 VP=(-1868.29,869.199,2000)
[SelectTarget] team=1 EnemyN=1 TgtZ=1961.56
[DIST] team=1 EnemyN=1 MyZ=1810.12 TgtZ=1961.56 Dist=2361.23
[ROOT] team=1 status=2 Z=1810.12 VP=(-1315.88,361.066,1962.94)
[SelectTarget] team=2 EnemyN=1 TgtZ=1810.08
[DIST] team=2 EnemyN=1 MyZ=1961.56 TgtZ=1810.08 Dist=2360.67
[ROOT] team=2 status=2 Z=1961.56 VP=(-1217.38,1968,2000)
[SelectTarget] team=1 EnemyN=1 TgtZ=1926.67
[DIST] team=1 EnemyN=1 MyZ=1835.93 TgtZ=1926.67 Dist=2383.81
[ROOT] team=1 status=2 Z=1835.93 VP=(-465.053,1900.58,1500)
[SelectTarget] team=2 EnemyN=1 TgtZ=1836.94
[DIST] team=2 EnemyN=1 MyZ=1926.67 TgtZ=1836.94 Dist=2385.21
[ROOT] team=2 status=2 Z=1926.67 VP=(36.0284,2244.05,2000)
[SYNCCIRCLE] R=1220.8 dist=2442.05 shrink=0.28 thr=0.809092
[SelectTarget] team=1 EnemyN=1 TgtZ=1911.83
[DIST] team=1 EnemyN=1 MyZ=1985.27 TgtZ=1911.83 Dist=2653.77
[ROOT] team=1 status=2 Z=1985.27 VP=(487.482,1706.97,1500)
[SelectTarget] team=2 EnemyN=1 TgtZ=1985.62
[DIST] team=2 EnemyN=1 MyZ=1911.83 TgtZ=1985.62 Dist=2655.33
[ROOT] team=2 status=2 Z=1911.83 VP=(1088.04,1682.55,2000)
[SelectTarget] team=1 EnemyN=1 TgtZ=1909.41
[DIST] team=1 EnemyN=1 MyZ=1930.02 TgtZ=1909.41 Dist=2893.9
[ROOT] team=1 status=2 Z=1930.02 VP=(1120.67,998.082,1500)
[SelectTarget] team=2 EnemyN=1 TgtZ=1929.52
[DIST] team=2 EnemyN=1 MyZ=1909.41 TgtZ=1929.52 Dist=2896.13
[ROOT] team=2 status=2 Z=1909.41 VP=(1585.53,632.257,2000)
[SelectTarget] team=1 EnemyN=1 TgtZ=1910
[DIST] team=1 EnemyN=1 MyZ=1852.65 TgtZ=1910 Dist=3276.2
[ROOT] team=1 status=2 Z=1852.65 VP=(-2951.41,-91.2738,6637.77)
[SelectTarget] team=2 EnemyN=1 TgtZ=1852.31
[DIST] team=2 EnemyN=1 MyZ=1910 TgtZ=1852.31 Dist=3278.98
[ROOT] team=2 status=2 Z=1910 VP=(1472.14,-484.966,2000)
[SelectTarget] team=1 EnemyN=1 TgtZ=1911.8
[DIST] team=1 EnemyN=1 MyZ=1816.07 TgtZ=1911.8 Dist=3704.84
[ROOT] team=1 status=2 Z=1816.07 VP=(951.019,-858.029,1500)
[SelectTarget] team=2 EnemyN=1 TgtZ=1815.85
[DIST] team=2 EnemyN=1 MyZ=1911.8 TgtZ=1815.85 Dist=3707.8
[ROOT] team=2 status=2 Z=1911.8 VP=(883.028,-1408.88,2000)
[SYNCCIRCLE] R=1896.3 dist=3793.87 shrink=0.28 thr=0.694681
[PURE_ATA] team=2 ata=76.5443 dist=4003.5 leadDist=1688.48 aa=24.5882
[PURE_ATA] team=2 ata=76.0953 dist=4013.71 leadDist=1689.69 aa=42.1811
[PURE_ATA] team=2 ata=74.8049 dist=4024.49 leadDist=1690.89 aa=52.9744
[PURE_ATA] team=2 ata=73.964 dist=4035.8 leadDist=1691.96 aa=57.2284
[PURE_ATA] team=2 ata=73.2657 dist=4046.37 leadDist=1692.7 aa=56.1635
[PURE_ATA] team=2 ata=72.6747 dist=4057.14 leadDist=1692.98 aa=51.2501
[SelectTarget] team=1 EnemyN=1 TgtZ=1914.25
[DIST] team=1 EnemyN=1 MyZ=1807.09 TgtZ=1914.25 Dist=4065.13
[ROOT] team=1 status=2 Z=1807.09 VP=(141.75,-1457.62,1500)
[SelectTarget] team=2 EnemyN=1 TgtZ=1807.14
[DIST] team=2 EnemyN=1 MyZ=1914.25 TgtZ=1807.14 Dist=4068.07
[PURE_ATA] team=2 ata=72.131 dist=4068.07 leadDist=1692.86 aa=42.9593
[ROOT] team=2 status=2 Z=1914.25 VP=(-2873.7,739.622,3500)
[PURE_ATA] team=2 ata=71.5989 dist=4078.25 leadDist=1692.47 aa=34.6841
[PURE_ATA] team=2 ata=71.0662 dist=4087.64 leadDist=1691.87 aa=28.0665
[PURE_ATA] team=2 ata=70.5461 dist=4096.38 leadDist=1691.11 aa=22.7905
[PURE_ATA] team=2 ata=70.0336 dist=4104.88 leadDist=1690.2 aa=14.3439
[PURE_ATA] team=2 ata=69.5235 dist=4113.55 leadDist=1689.21 aa=4.54094
[PURE_ATA] team=2 ata=69.0066 dist=4120.64 leadDist=1688.19 aa=1.93963
[PURE_ATA] team=2 ata=68.4883 dist=4128.27 leadDist=1687.18 aa=6.10159
[PURE_ATA] team=2 ata=67.9666 dist=4133.94 leadDist=1686.21 aa=9.33041
[PURE_ATA] team=2 ata=67.4455 dist=4140.15 leadDist=1685.28 aa=12.1585
[PURE_ATA] team=2 ata=66.9316 dist=4145.83 leadDist=1684.43 aa=14.764
[PURE_ATA] team=2 ata=66.3955 dist=4149.59 leadDist=1683.65 aa=17.2645
[PURE_ATA] team=2 ata=65.8765 dist=4154.61 leadDist=1682.97 aa=19.6564
[PURE_ATA] team=2 ata=65.3519 dist=4158.4 leadDist=1682.4 aa=22.0182
[PURE_ATA] team=2 ata=64.8198 dist=4161.31 leadDist=1681.95 aa=24.382
[PURE_ATA] team=2 ata=64.2809 dist=4163.31 leadDist=1681.63 aa=26.7569
[PURE_ATA] team=2 ata=63.7661 dist=4165.97 leadDist=1681.46 aa=29.0749
[PURE_ATA] team=2 ata=63.2335 dist=4166.61 leadDist=1681.43 aa=31.4373
[PURE_ATA] team=2 ata=62.6901 dist=4167.01 leadDist=1681.57 aa=33.7919
[PURE_ATA] team=2 ata=62.1756 dist=4167.8 leadDist=1681.88 aa=36.0577
[PURE_ATA] team=2 ata=61.6399 dist=4167.2 leadDist=1682.37 aa=38.33
[PURE_ATA] team=2 ata=61.1025 dist=4165.66 leadDist=1683.04 aa=40.56
[PURE_ATA] team=2 ata=60.5781 dist=4164.06 leadDist=1683.91 aa=32.9096
[PURE_ATA] team=2 ata=60.0406 dist=4162.49 leadDist=1684.88 aa=1.1163
[PURE_ATA] team=2 ata=59.5111 dist=4161.2 leadDist=1685.92 aa=33.7518
[PURE_ATA] team=2 ata=58.974 dist=4159.58 leadDist=1687.02 aa=53.451
[PURE_ATA] team=2 ata=58.4421 dist=4158.55 leadDist=1688.12 aa=63.3863
[PURE_ATA] team=2 ata=57.8888 dist=4156.21 leadDist=1689.08 aa=67.0858
[PURE_ATA] team=2 ata=57.3566 dist=4155.09 leadDist=1689.72 aa=66.3836
[PURE_ATA] team=2 ata=56.8151 dist=4153.59 leadDist=1689.89 aa=62.4079
[SelectTarget] team=1 EnemyN=1 TgtZ=1981
[DIST] team=1 EnemyN=1 MyZ=1810.28 TgtZ=1981 Dist=4149.41
[ROOT] team=1 status=2 Z=1810.28 VP=(-876.155,-1360.23,1569.47)
[SelectTarget] team=2 EnemyN=1 TgtZ=1810.34
[DIST] team=2 EnemyN=1 MyZ=1981 TgtZ=1810.34 Dist=4151.67
[PURE_ATA] team=2 ata=56.2645 dist=4151.67 leadDist=1689.66 aa=55.5516
[ROOT] team=2 status=2 Z=1981 VP=(-2641.97,1733.87,3500)
[PURE_ATA] team=2 ata=55.7156 dist=4148.76 leadDist=1689.15 aa=48.3389
[PURE_ATA] team=2 ata=55.1541 dist=4145.69 leadDist=1688.42 aa=42.1325
[PURE_ATA] team=2 ata=54.5965 dist=4141.61 leadDist=1687.52 aa=36.5719
[PURE_ATA] team=2 ata=54.0475 dist=4137.84 leadDist=1686.46 aa=25.6118
[PURE_ATA] team=2 ata=53.4936 dist=4133.62 leadDist=1685.31 aa=10.3556
[PURE_ATA] team=2 ata=52.9394 dist=4128.68 leadDist=1684.12 aa=1.02001
[PURE_ATA] team=2 ata=52.3864 dist=4123.02 leadDist=1682.92 aa=8.88525
[PURE_ATA] team=2 ata=51.8196 dist=4115.78 leadDist=1681.74 aa=15.3247
[PURE_ATA] team=2 ata=51.2657 dist=4108.89 leadDist=1680.6 aa=21.1678
[PURE_ATA] team=2 ata=50.7195 dist=4102.61 leadDist=1679.51 aa=26.703
[PURE_ATA] team=2 ata=50.1566 dist=4093.37 leadDist=1678.49 aa=32.1252
[PURE_ATA] team=2 ata=49.613 dist=4085.86 leadDist=1677.54 aa=37.3584
[PURE_ATA] team=2 ata=49.0562 dist=4075.35 leadDist=1676.69 aa=42.5766
[PURE_ATA] team=2 ata=48.5041 dist=4065.67 leadDist=1675.94 aa=47.6204
[PURE_ATA] team=2 ata=47.9666 dist=4056.41 leadDist=1675.31 aa=52.3568
[PURE_ATA] team=2 ata=47.4189 dist=4045.67 leadDist=1674.8 aa=56.8539
[PURE_ATA] team=2 ata=46.8748 dist=4032.8 leadDist=1674.43 aa=61.091
[PURE_ATA] team=2 ata=46.3338 dist=4020.98 leadDist=1674.2 aa=65.0368
[PURE_ATA] team=2 ata=45.7892 dist=4007.4 leadDist=1674.12 aa=68.7696
[SelectTarget] team=1 EnemyN=1 TgtZ=2116.92
[DIST] team=1 EnemyN=1 MyZ=1817.04 TgtZ=2116.92 Dist=3848.51
[ROOT] team=1 status=2 Z=1817.04 VP=(-1431.22,-405.082,2071.24)
[SelectTarget] team=2 EnemyN=1 TgtZ=1816.83
[DIST] team=2 EnemyN=1 MyZ=2116.92 TgtZ=1816.83 Dist=3849.54
[ROOT] team=2 status=2 Z=2116.92 VP=(-2235.65,-1293.69,2000)
[SelectTarget] team=1 EnemyN=1 TgtZ=2070.56
[DIST] team=1 EnemyN=1 MyZ=1826.48 TgtZ=2070.56 Dist=3695.75
[ROOT] team=1 status=2 Z=1826.48 VP=(473.378,2108.1,6613.31)
[SelectTarget] team=2 EnemyN=1 TgtZ=1826.28
[DIST] team=2 EnemyN=1 MyZ=2070.56 TgtZ=1826.28 Dist=3695.63
[ROOT] team=2 status=2 Z=2070.56 VP=(-2965.56,-377.842,2000)
[SelectTarget] team=1 EnemyN=1 TgtZ=1982.33
[DIST] team=1 EnemyN=1 MyZ=1819.7 TgtZ=1982.33 Dist=3649.95
[ROOT] team=1 status=2 Z=1819.7 VP=(1003.87,1057.1,6606.84)
[SelectTarget] team=2 EnemyN=1 TgtZ=1819.48
[DIST] team=2 EnemyN=1 MyZ=1982.33 TgtZ=1819.48 Dist=3649.8
[ROOT] team=2 status=2 Z=1982.33 VP=(-3233.87,653.055,2000)
[SelectTarget] team=1 EnemyN=1 TgtZ=1945.65
[DIST] team=1 EnemyN=1 MyZ=1826.1 TgtZ=1945.65 Dist=3498.01
[ROOT] team=1 status=2 Z=1826.1 VP=(690.606,-208.551,6612.72)
[SelectTarget] team=2 EnemyN=1 TgtZ=1825.92
[DIST] team=2 EnemyN=1 MyZ=1945.65 TgtZ=1825.92 Dist=3497.7
[ROOT] team=2 status=2 Z=1945.65 VP=(-2839.47,1726.88,2000)
[SYNCCIRCLE] R=1740.86 dist=3483.8 shrink=0.28 thr=0.642002
[SelectTarget] team=1 EnemyN=1 TgtZ=1928.88
[DIST] team=1 EnemyN=1 MyZ=1817.82 TgtZ=1928.88 Dist=3325.34
[ROOT] team=1 status=2 Z=1817.82 VP=(-8.72844,-1143.18,6605.6)
[SelectTarget] team=2 EnemyN=1 TgtZ=1817.6
[DIST] team=2 EnemyN=1 MyZ=1928.88 TgtZ=1817.6 Dist=3324.85
[ROOT] team=2 status=2 Z=1928.88 VP=(-1895.81,2419.42,2000)
[SelectTarget] team=1 EnemyN=1 TgtZ=1921.73
[DIST] team=1 EnemyN=1 MyZ=1810.94 TgtZ=1921.73 Dist=3185.82
[ROOT] team=1 status=2 Z=1810.94 VP=(-1201.2,2229.43,1500)
[SelectTarget] team=2 EnemyN=1 TgtZ=1810.82
[DIST] team=2 EnemyN=1 MyZ=1921.73 TgtZ=1810.82 Dist=3185.01
[ROOT] team=2 status=2 Z=1921.73 VP=(-709.713,2441.57,2000)
[SelectTarget] team=1 EnemyN=1 TgtZ=1918.57
[DIST] team=1 EnemyN=1 MyZ=1815.54 TgtZ=1918.57 Dist=3087.14
[ROOT] team=1 status=2 Z=1815.54 VP=(-263.1,1868.23,1500)
[SelectTarget] team=2 EnemyN=1 TgtZ=1816.43
[DIST] team=2 EnemyN=1 MyZ=1918.57 TgtZ=1816.43 Dist=3088.18
[ROOT] team=2 status=2 Z=1918.57 VP=(262.427,1743.41,2000)
[SelectTarget] team=1 EnemyN=1 TgtZ=1916.79
[DIST] team=1 EnemyN=1 MyZ=1993.32 TgtZ=1916.79 Dist=3125.08
[ROOT] team=1 status=2 Z=1993.32 VP=(285.299,1026.74,1500)
[SelectTarget] team=2 EnemyN=1 TgtZ=1993.95
[DIST] team=2 EnemyN=1 MyZ=1916.79 TgtZ=1993.95 Dist=3125.58
[ROOT] team=2 status=2 Z=1916.79 VP=(647.684,622.606,2000)
[SYNCCIRCLE] R=1561.66 dist=3124.46 shrink=0.28 thr=0.666695
[SelectTarget] team=1 EnemyN=1 TgtZ=1921.81
[DIST] team=1 EnemyN=1 MyZ=1989.44 TgtZ=1921.81 Dist=3065.31
[ROOT] team=1 status=2 Z=1989.44 VP=(-3140.17,1252.19,6766.6)
[SelectTarget] team=2 EnemyN=1 TgtZ=1988.72
[DIST] team=2 EnemyN=1 MyZ=1921.81 TgtZ=1988.72 Dist=3065.78
[ROOT] team=2 status=2 Z=1921.81 VP=(303.5,-516.118,2000)
[SelectTarget] team=1 EnemyN=1 TgtZ=1917.16
[DIST] team=1 EnemyN=1 MyZ=1887.44 TgtZ=1917.16 Dist=3118.54
[ROOT] team=1 status=2 Z=1887.44 VP=(-378.625,-759.49,1500)
[SelectTarget] team=2 EnemyN=1 TgtZ=1887.09
[DIST] team=2 EnemyN=1 MyZ=1917.16 TgtZ=1887.09 Dist=3120.21
[ROOT] team=2 status=2 Z=1917.16 VP=(-647.752,-1235.89,2000)
[SelectTarget] team=1 EnemyN=1 TgtZ=1912.57
[DIST] team=1 EnemyN=1 MyZ=1849.03 TgtZ=1912.57 Dist=3307.28
[ROOT] team=1 status=2 Z=1849.03 VP=(-1330.25,-1055.35,1500)
[SelectTarget] team=2 EnemyN=1 TgtZ=1849.04
[DIST] team=2 EnemyN=1 MyZ=1912.57 TgtZ=1849.04 Dist=3309.64
[ROOT] team=2 status=2 Z=1912.57 VP=(-1814.63,-1302.92,2000)
[SelectTarget] team=1 EnemyN=1 TgtZ=1910.46
[DIST] team=1 EnemyN=1 MyZ=1837.32 TgtZ=1910.46 Dist=3505.52
[ROOT] team=1 status=2 Z=1837.32 VP=(-2290.47,-800.047,1500)
[SelectTarget] team=2 EnemyN=1 TgtZ=1837.42
[DIST] team=2 EnemyN=1 MyZ=1910.46 TgtZ=1837.42 Dist=3507.36
[ROOT] team=2 status=2 Z=1910.46 VP=(-2825.31,-758.252,2000)
[SYNCCIRCLE] R=1759.22 dist=3519.18 shrink=0.28 thr=0.656818
[SelectTarget] team=1 EnemyN=1 TgtZ=1910.52
[DIST] team=1 EnemyN=1 MyZ=1829.63 TgtZ=1910.52 Dist=3647.72
[ROOT] team=1 status=2 Z=1829.63 VP=(-2987.18,-86.7499,1500)
[SelectTarget] team=2 EnemyN=1 TgtZ=1829.72
[DIST] team=2 EnemyN=1 MyZ=1910.52 TgtZ=1829.72 Dist=3649.77
[ROOT] team=2 status=2 Z=1910.52 VP=(-3418.41,218.185,2000)
[SelectTarget] team=1 EnemyN=1 TgtZ=1911.92
[DIST] team=1 EnemyN=1 MyZ=1827.25 TgtZ=1911.92 Dist=3721.14
[ROOT] team=1 status=2 Z=1827.25 VP=(-3230.43,887.697,1500)
[SelectTarget] team=2 EnemyN=1 TgtZ=1827.36
[DIST] team=2 EnemyN=1 MyZ=1911.92 TgtZ=1827.36 Dist=3722.36
[ROOT] team=2 status=2 Z=1911.92 VP=(-3444.16,1364.21,2000)
[SelectTarget] team=1 EnemyN=1 TgtZ=1914.11
[DIST] team=1 EnemyN=1 MyZ=1826.88 TgtZ=1914.11 Dist=3723.07
[ROOT] team=1 status=2 Z=1826.88 VP=(-2947.32,1855.29,1500)
[SelectTarget] team=2 EnemyN=1 TgtZ=1826.98
[DIST] team=2 EnemyN=1 MyZ=1914.11 TgtZ=1826.98 Dist=3723.65
[ROOT] team=2 status=2 Z=1914.11 VP=(-2887.79,2370.91,2000)
[SelectTarget] team=1 EnemyN=1 TgtZ=1916.52
[DIST] team=1 EnemyN=1 MyZ=1807.15 TgtZ=1916.52 Dist=3644.76
[ROOT] team=1 status=2 Z=1807.15 VP=(-2207.48,2543.89,1500)
[SelectTarget] team=2 EnemyN=1 TgtZ=1807.28
[DIST] team=2 EnemyN=1 MyZ=1916.52 TgtZ=1807.28 Dist=3645.36
[ROOT] team=2 status=2 Z=1916.52 VP=(-1888.17,2951.64,2000)
[SYNCCIRCLE] R=1820.07 dist=3641.73 shrink=0.28 thr=0.602905
[SelectTarget] team=1 EnemyN=1 TgtZ=1918.55
[DIST] team=1 EnemyN=1 MyZ=1804.7 TgtZ=1918.55 Dist=3515.74
[ROOT] team=1 status=2 Z=1804.7 VP=(-1443.71,-1096.05,6593.1)
[SelectTarget] team=2 EnemyN=1 TgtZ=1804.49
[DIST] team=2 EnemyN=1 MyZ=1918.55 TgtZ=1804.49 Dist=3515.08
[ROOT] team=2 status=2 Z=1918.55 VP=(-725.975,2913.6,2000)
[SelectTarget] team=1 EnemyN=1 TgtZ=1919.65
[DIST] team=1 EnemyN=1 MyZ=1906.75 TgtZ=1919.65 Dist=3445.12
[ROOT] team=1 status=2 Z=1906.75 VP=(-271.188,2358.97,1500)
[SelectTarget] team=2 EnemyN=1 TgtZ=1907.65
[DIST] team=2 EnemyN=1 MyZ=1919.65 TgtZ=1907.65 Dist=3444.92
[ROOT] team=2 status=2 Z=1919.65 VP=(235.621,2243.33,2000)
[SelectTarget] team=1 EnemyN=1 TgtZ=1919.73
[DIST] team=1 EnemyN=1 MyZ=1974.94 TgtZ=1919.73 Dist=3274.32
[ROOT] team=1 status=2 Z=1974.94 VP=(312.073,1524.88,1500)
[SelectTarget] team=2 EnemyN=1 TgtZ=1974.7
[DIST] team=2 EnemyN=1 MyZ=1919.73 TgtZ=1974.7 Dist=3274.22
[ROOT] team=2 status=2 Z=1919.73 VP=(670.493,1145.78,2000)
[SelectTarget] team=1 EnemyN=1 TgtZ=1917.97
[DIST] team=1 EnemyN=1 MyZ=1896.41 TgtZ=1917.97 Dist=3092.88
[ROOT] team=1 status=2 Z=1896.41 VP=(302.943,501.922,1500)
[SelectTarget] team=2 EnemyN=1 TgtZ=1896.07
[DIST] team=2 EnemyN=1 MyZ=1917.97 TgtZ=1896.07 Dist=3092.71
[ROOT] team=2 status=2 Z=1917.97 VP=(366.196,-21.7262,2000)
[SYNCCIRCLE] R=1541.87 dist=3083.86 shrink=0.28 thr=0.624305
[SelectTarget] team=1 EnemyN=1 TgtZ=1914.52
[DIST] team=1 EnemyN=1 MyZ=1849.66 TgtZ=1914.52 Dist=3046.07
[ROOT] team=1 status=2 Z=1849.66 VP=(-2422.78,2660.96,6634.36)
[SelectTarget] team=2 EnemyN=1 TgtZ=1849.35
[DIST] team=2 EnemyN=1 MyZ=1914.52 TgtZ=1849.35 Dist=3046.86
[ROOT] team=2 status=2 Z=1914.52 VP=(-595.176,-767.765,2000)
[SelectTarget] team=1 EnemyN=1 TgtZ=1911.07
[DIST] team=1 EnemyN=1 MyZ=1835.48 TgtZ=1911.07 Dist=3102.05
[ROOT] team=1 status=2 Z=1835.48 VP=(-1373.2,3223.09,6622.17)
[SelectTarget] team=2 EnemyN=1 TgtZ=1835.26
[DIST] team=2 EnemyN=1 MyZ=1911.07 TgtZ=1835.26 Dist=3102.74
[ROOT] team=2 status=2 Z=1911.07 VP=(-1798.42,-789.087,2000)
[SelectTarget] team=1 EnemyN=1 TgtZ=1909
[DIST] team=1 EnemyN=1 MyZ=1827.42 TgtZ=1909 Dist=3190.45
[ROOT] team=1 status=2 Z=1827.42 VP=(-132.037,3102.13,6614.19)
[SelectTarget] team=2 EnemyN=1 TgtZ=1827.19
[DIST] team=2 EnemyN=1 MyZ=1909 TgtZ=1827.19 Dist=3192.74
[ROOT] team=2 status=2 Z=1909 VP=(-2777.64,-118.969,2000)
[SelectTarget] team=1 EnemyN=1 TgtZ=1908.75
[DIST] team=1 EnemyN=1 MyZ=1819.79 TgtZ=1908.75 Dist=3280.14
[ROOT] team=1 status=2 Z=1819.79 VP=(-2829.78,594.781,1500)
[SelectTarget] team=2 EnemyN=1 TgtZ=1819.61
[DIST] team=2 EnemyN=1 MyZ=1908.75 TgtZ=1819.61 Dist=3280.61
[ROOT] team=2 status=2 Z=1908.75 VP=(-3206.92,977.657,2000)
[SYNCCIRCLE] R=1643.54 dist=3288.31 shrink=0.28 thr=0.660934
[SelectTarget] team=1 EnemyN=1 TgtZ=1910.13
[DIST] team=1 EnemyN=1 MyZ=1816.11 TgtZ=1910.13 Dist=3354.94
[ROOT] team=1 status=2 Z=1816.11 VP=(-2861.63,1601.38,1500)
[SelectTarget] team=2 EnemyN=1 TgtZ=1816.1
[DIST] team=2 EnemyN=1 MyZ=1910.13 TgtZ=1816.1 Dist=3355.64
[ROOT] team=2 status=2 Z=1910.13 VP=(-2962.95,2126.1,2000)
[SelectTarget] team=1 EnemyN=1 TgtZ=1912.62
[DIST] team=1 EnemyN=1 MyZ=1815.88 TgtZ=1912.62 Dist=3406.67
[ROOT] team=1 status=2 Z=1815.88 VP=(-2337.72,2465.02,1500)
[SelectTarget] team=2 EnemyN=1 TgtZ=1815.93
[DIST] team=2 EnemyN=1 MyZ=1912.62 TgtZ=1815.93 Dist=3407.79
[ROOT] team=2 status=2 Z=1912.62 VP=(-2135.66,2956.51,2000)
[SelectTarget] team=1 EnemyN=1 TgtZ=1915.49
[DIST] team=1 EnemyN=1 MyZ=1815.31 TgtZ=1915.49 Dist=3430.69
[ROOT] team=1 status=2 Z=1815.31 VP=(-1428.2,2904.9,1500)
[SelectTarget] team=2 EnemyN=1 TgtZ=1815.39
[DIST] team=2 EnemyN=1 MyZ=1915.49 TgtZ=1815.39 Dist=3431.92
[ROOT] team=2 status=2 Z=1915.49 VP=(-992.658,3205.2,2000)
[SelectTarget] team=1 EnemyN=1 TgtZ=1917.94
[DIST] team=1 EnemyN=1 MyZ=1813.69 TgtZ=1917.94 Dist=3412.95
[ROOT] team=1 status=2 Z=1813.69 VP=(-425.476,2775.91,1500)
[SelectTarget] team=2 EnemyN=1 TgtZ=1813.69
[DIST] team=2 EnemyN=1 MyZ=1917.94 TgtZ=1813.69 Dist=3412.8
[ROOT] team=2 status=2 Z=1917.94 VP=(101.557,2790.05,2000)
[SYNCCIRCLE] R=1703.45 dist=3408.51 shrink=0.28 thr=0.625128
[SelectTarget] team=1 EnemyN=1 TgtZ=1919.15
[DIST] team=1 EnemyN=1 MyZ=1806.89 TgtZ=1919.15 Dist=3340.29
[ROOT] team=1 status=2 Z=1806.89 VP=(339.915,2108.44,1500)
[SelectTarget] team=2 EnemyN=1 TgtZ=1807.01
[DIST] team=2 EnemyN=1 MyZ=1919.15 TgtZ=1807.01 Dist=3340.62
[ROOT] team=2 status=2 Z=1919.15 VP=(784.649,1826.03,2000)
[SelectTarget] team=1 EnemyN=1 TgtZ=1918.67
[DIST] team=1 EnemyN=1 MyZ=1813.64 TgtZ=1918.67 Dist=3254.89
[ROOT] team=1 status=2 Z=1813.64 VP=(590.849,1120.69,1500)
[SelectTarget] team=2 EnemyN=1 TgtZ=1813.79
[DIST] team=2 EnemyN=1 MyZ=1918.67 TgtZ=1813.79 Dist=3255.38
[ROOT] team=2 status=2 Z=1918.67 VP=(795.239,633.516,2000)
[SelectTarget] team=1 EnemyN=1 TgtZ=1916.61
[DIST] team=1 EnemyN=1 MyZ=1819.23 TgtZ=1916.61 Dist=3171.26
[ROOT] team=1 status=2 Z=1819.23 VP=(220.571,166.754,1500)
[SelectTarget] team=2 EnemyN=1 TgtZ=1819.36
[DIST] team=2 EnemyN=1 MyZ=1916.61 TgtZ=1819.36 Dist=3171.43
[ROOT] team=2 status=2 Z=1916.61 VP=(99.8223,-350.418,2000)
init ID:1 Lat37.92355643001773 Lon128.18188127777776 Alt(meter)7000.0785355893395 Speed(m/sec)300.0
init ID:1 Lat37.96855377446113 Lon128.18188127777776 Alt(meter)7002.8272734023885 Speed(m/sec)300.0
runner:local/env:0	num_steps=[11999] | total rewards=[-119.9900] | termination= [max time out]
[seed 0] reward=  -119.99 ownHP=1.0000 tgtHP=1.0000 max time out
total: 2
[PURE_ATA] team=2 ata=20.954 dist=5140.93 leadDist=0 aa=81.0236
[PURE_ATA] team=2 ata=20.6371 dist=5117.59 leadDist=0 aa=80.9304
[PURE_ATA] team=2 ata=20.1445 dist=5094.24 leadDist=0 aa=80.8256
[PURE_ATA] team=2 ata=19.6509 dist=5071.03 leadDist=0 aa=80.572
[PURE_ATA] team=2 ata=19.0771 dist=5048.26 leadDist=0 aa=80.0951
[PURE_ATA] team=2 ata=18.3247 dist=5025.11 leadDist=0 aa=79.3072
[PURE_ATA] team=2 ata=17.3242 dist=5001.63 leadDist=0 aa=78.0917
[PURE_ATA] team=2 ata=16.0478 dist=4979.47 leadDist=0 aa=76.5201
[PURE_ATA] team=2 ata=14.4604 dist=4955.32 leadDist=0 aa=75.3639
[SelectTarget] team=1 EnemyN=1 TgtZ=7005.98
[DIST] team=1 EnemyN=1 MyZ=7250.11 TgtZ=7005.98 Dist=4931
[ROOT] team=1 status=2 Z=7250.11 VP=(4819.14,101.701,7091.68)
[SelectTarget] team=2 EnemyN=1 TgtZ=7249.61
[DIST] team=2 EnemyN=1 MyZ=7005.98 TgtZ=7249.61 Dist=4931.25
[PURE_ATA] team=2 ata=12.6314 dist=4931.25 leadDist=0 aa=75.5448
[ROOT] team=2 status=2 Z=7005.98 VP=(1046.36,1582.25,7249.61)
[PURE_ATA] team=2 ata=10.6987 dist=4907.29 leadDist=0 aa=76.322
[PURE_ATA] team=2 ata=8.8318 dist=4883.02 leadDist=0 aa=76.9012
[PURE_ATA] team=2 ata=7.12194 dist=4858.44 leadDist=0 aa=80.1491
[PURE_ATA] team=2 ata=5.5029 dist=4832.35 leadDist=0 aa=103.527
[PURE_ATA] team=2 ata=4.07003 dist=4807.18 leadDist=0 aa=121.319
[PURE_ATA] team=2 ata=2.93322 dist=4780.12 leadDist=0 aa=114.089
[PURE_ATA] team=2 ata=2.11752 dist=4753.61 leadDist=0 aa=113.128
[PURE_ATA] team=2 ata=1.47743 dist=4726.43 leadDist=0 aa=113.328
[PURE_ATA] team=2 ata=1.16653 dist=4699.39 leadDist=0 aa=113.75
[PURE_ATA] team=2 ata=1.3427 dist=4671.68 leadDist=0 aa=114.19
[PURE_ATA] team=2 ata=1.63869 dist=4643.34 leadDist=0 aa=114.573
[PURE_ATA] team=2 ata=1.85619 dist=4615.1 leadDist=0 aa=115.083
[PURE_ATA] team=2 ata=1.87986 dist=4586.32 leadDist=0 aa=115.584
[PURE_ATA] team=2 ata=1.83434 dist=4556.82 leadDist=0 aa=116.287
[PURE_ATA] team=2 ata=1.75558 dist=4527.15 leadDist=0 aa=117.071
[PURE_ATA] team=2 ata=1.66011 dist=4497.57 leadDist=0 aa=118.011
[PURE_ATA] team=2 ata=1.54654 dist=4467.02 leadDist=0 aa=118.948
[PURE_ATA] team=2 ata=1.44627 dist=4436.23 leadDist=0 aa=119.915
[PURE_ATA] team=2 ata=1.37019 dist=4405.63 leadDist=0 aa=120.904
[PURE_ATA] team=2 ata=1.33476 dist=4373.98 leadDist=0 aa=121.924
[PURE_ATA] team=2 ata=1.35319 dist=4342.23 leadDist=0 aa=123.191
[PURE_ATA] team=2 ata=1.40652 dist=4310.54 leadDist=0 aa=125.305
[PURE_ATA] team=2 ata=1.47665 dist=4278.64 leadDist=0 aa=128.645
[PURE_ATA] team=2 ata=1.55473 dist=4245.85 leadDist=0 aa=133.461
[PURE_ATA] team=2 ata=1.60985 dist=4212.7 leadDist=0 aa=139.431
[PURE_ATA] team=2 ata=1.67575 dist=4179.93 leadDist=0 aa=145.212
[PURE_ATA] team=2 ata=1.70963 dist=4146.37 leadDist=0 aa=149.759
[PURE_ATA] team=2 ata=1.7314 dist=4112.4 leadDist=0 aa=152.413
[PURE_ATA] team=2 ata=1.69147 dist=4078.45 leadDist=0 aa=153.362
[SelectTarget] team=1 EnemyN=1 TgtZ=6998.13
[DIST] team=1 EnemyN=1 MyZ=7099.97 TgtZ=6998.13 Dist=4045.11
[ROOT] team=1 status=2 Z=7099.97 VP=(3827.71,21.3239,6498.26)
[SelectTarget] team=2 EnemyN=1 TgtZ=7098.69
[DIST] team=2 EnemyN=1 MyZ=6998.13 TgtZ=7098.69 Dist=4044.31
[PURE_ATA] team=2 ata=1.60641 dist=4044.31 leadDist=0 aa=153.2
[ROOT] team=2 status=2 Z=6998.13 VP=(810.82,720.837,7098.69)
[PURE_ATA] team=2 ata=1.50776 dist=4009.8 leadDist=0 aa=152.469

########## v32 vs AIP_jink.dll ##########


     JSBSim Flight Dynamics Model v1.0.0 May 27 2026 16:13:38
            [JSBSim-ML v2.0]

JSBSim startup beginning ...

total: 2
Behavior Tree Initialized Successfully
Behavior Tree Initialized Successfully
[SelectTarget] team=1 EnemyN=1 TgtZ=6966.3
[DIST] team=1 EnemyN=1 MyZ=6959.7 TgtZ=6966.3 Dist=4036.14
[ROOT] team=1 status=2 Z=6959.7 VP=(4226.07,51.3098,6887.61)
[SelectTarget] team=2 EnemyN=1 TgtZ=6958.44
[DIST] team=2 EnemyN=1 MyZ=6966.3 TgtZ=6958.44 Dist=4040.78
[ROOT] team=2 status=2 Z=6966.3 VP=(3730.65,1375.56,6477.03)
[SelectTarget] team=1 EnemyN=1 TgtZ=6838.27
[DIST] team=1 EnemyN=1 MyZ=6556.87 TgtZ=6838.27 Dist=3922.08
[ROOT] team=1 status=2 Z=6556.87 VP=(3459.18,302.352,6122.45)
[SelectTarget] team=2 EnemyN=1 TgtZ=6553.65
[DIST] team=2 EnemyN=1 MyZ=6838.27 TgtZ=6553.65 Dist=3925.54
[ROOT] team=2 status=2 Z=6838.27 VP=(3114.23,771.77,5347.26)
[SelectTarget] team=1 EnemyN=1 TgtZ=6620.79
[DIST] team=1 EnemyN=1 MyZ=5822.66 TgtZ=6620.79 Dist=3655.22
[ROOT] team=1 status=2 Z=5822.66 VP=(2519.84,-295.649,6027.29)
[SelectTarget] team=2 EnemyN=1 TgtZ=5817.82
[DIST] team=2 EnemyN=1 MyZ=6620.79 TgtZ=5817.82 Dist=3658.26
[ROOT] team=2 status=2 Z=6620.79 VP=(2046.8,-370.806,5182.11)
[SelectTarget] team=1 EnemyN=1 TgtZ=6298.75
[DIST] team=1 EnemyN=1 MyZ=4880.25 TgtZ=6298.75 Dist=3214.33
[ROOT] team=1 status=2 Z=4880.25 VP=(1924.04,663.448,5459.31)
[SelectTarget] team=2 EnemyN=1 TgtZ=4874.86
[DIST] team=2 EnemyN=1 MyZ=6298.75 TgtZ=4874.86 Dist=3216.17
[JINK] sign=-1 next=2.11667 dist=3216.17 spd=313.706
[ROOT] team=2 status=2 Z=6298.75 VP=(505.017,230.345,6047.4)
[SelectTarget] team=1 EnemyN=1 TgtZ=5871.96
[DIST] team=1 EnemyN=1 MyZ=3989.14 TgtZ=5871.96 Dist=2677.56
[ROOT] team=1 status=2 Z=3989.14 VP=(1029.88,410.466,4880.57)
[SelectTarget] team=2 EnemyN=1 TgtZ=3984.89
[DIST] team=2 EnemyN=1 MyZ=5871.96 TgtZ=3984.89 Dist=2678.72
[ROOT] team=2 status=2 Z=5871.96 VP=(113.15,1447.49,6482.12)
[SelectTarget] team=1 EnemyN=1 TgtZ=5389.23
[DIST] team=1 EnemyN=1 MyZ=3429.4 TgtZ=5389.23 Dist=2349.98
[ROOT] team=1 status=2 Z=3429.4 VP=(997.462,392.85,5534.51)
[SelectTarget] team=2 EnemyN=1 TgtZ=3427.71
[DIST] team=2 EnemyN=1 MyZ=5389.23 TgtZ=3427.71 Dist=2350.84
[ROOT] team=2 status=2 Z=5389.23 VP=(488.94,-1129.67,4199.71)
[SelectTarget] team=1 EnemyN=1 TgtZ=4865.59
[DIST] team=1 EnemyN=1 MyZ=3392.49 TgtZ=4865.59 Dist=2639.39
[ROOT] team=1 status=2 Z=3392.49 VP=(-1078.2,175.823,4141.68)
[SelectTarget] team=2 EnemyN=1 TgtZ=3393.45
[DIST] team=2 EnemyN=1 MyZ=4865.59 TgtZ=3393.45 Dist=2640.25
[ROOT] team=2 status=2 Z=4865.59 VP=(341.924,-639.234,3400.43)
[SelectTarget] team=1 EnemyN=1 TgtZ=4131.25
[DIST] team=1 EnemyN=1 MyZ=3583.06 TgtZ=4131.25 Dist=3047.6
[ROOT] team=1 status=2 Z=3583.06 VP=(-1166.26,77.2007,3103.28)
[SelectTarget] team=2 EnemyN=1 TgtZ=3583.87
[DIST] team=2 EnemyN=1 MyZ=4131.25 TgtZ=3583.87 Dist=3047.04
[JINK] sign=-1 next=6.84999 dist=3047.04 spd=351.62
[ROOT] team=2 status=2 Z=4131.25 VP=(-1666.7,-1252.91,3776.7)
[SelectTarget] team=1 EnemyN=1 TgtZ=3481.06
[DIST] team=1 EnemyN=1 MyZ=3611.59 TgtZ=3481.06 Dist=3025.47
[ROOT] team=1 status=2 Z=3611.59 VP=(-1716.58,-935.838,2961.59)
[SelectTarget] team=2 EnemyN=1 TgtZ=3611.05
[DIST] team=2 EnemyN=1 MyZ=3481.06 TgtZ=3611.05 Dist=3022.36
[ROOT] team=2 status=2 Z=3481.06 VP=(-146.232,-1260.3,2894.47)
[SelectTarget] team=1 EnemyN=1 TgtZ=2873.57
[DIST] team=1 EnemyN=1 MyZ=3406.8 TgtZ=2873.57 Dist=2494.64
[ROOT] team=1 status=2 Z=3406.8 VP=(-1926.62,-399.067,3037.16)
[SelectTarget] team=2 EnemyN=1 TgtZ=3405.25
[DIST] team=2 EnemyN=1 MyZ=2873.57 TgtZ=3405.25 Dist=2489.25
[ROOT] team=2 status=2 Z=2873.57 VP=(-2209.32,-263.416,2200)
[SelectTarget] team=1 EnemyN=1 TgtZ=2420.69
[DIST] team=1 EnemyN=1 MyZ=3115.13 TgtZ=2420.69 Dist=1979.7
[ROOT] team=1 status=2 Z=3115.13 VP=(-2381.4,-1200.57,2543.54)
[SelectTarget] team=2 EnemyN=1 TgtZ=3113.06
[DIST] team=2 EnemyN=1 MyZ=2420.69 TgtZ=3113.06 Dist=1974
[ROOT] team=2 status=2 Z=2420.69 VP=(-3415.62,-2634.77,7190.92)
[SelectTarget] team=1 EnemyN=1 TgtZ=2178.05
[DIST] team=1 EnemyN=1 MyZ=2720.79 TgtZ=2178.05 Dist=1924.64
[ROOT] team=1 status=2 Z=2720.79 VP=(-3057.95,-1955.56,2277.94)
[SelectTarget] team=2 EnemyN=1 TgtZ=2718.71
[DIST] team=2 EnemyN=1 MyZ=2178.05 TgtZ=2718.71 Dist=1919.14
[ROOT] team=2 status=2 Z=2178.05 VP=(-4472.04,-1388.52,2200)
[CLAMP_DIAG] team=2 rawDist=584.041 offBoresightDeg=27.361 clamped=0
[SelectTarget] team=1 EnemyN=1 TgtZ=2113.97
[DIST] team=1 EnemyN=1 MyZ=2433.01 TgtZ=2113.97 Dist=1862.27
[ROOT] team=1 status=2 Z=2433.01 VP=(-4031.04,-2505.77,2114.89)
[SelectTarget] team=2 EnemyN=1 TgtZ=2431.78
[DIST] team=2 EnemyN=1 MyZ=2113.97 TgtZ=2431.78 Dist=1856.41
[ROOT] team=2 status=2 Z=2113.97 VP=(-4719.05,-2268.84,2200)
[JINK] sign=-1 next=6.84999 dist=1804.52 spd=327.544
[CLAMP_DIAG] team=2 rawDist=653.945 offBoresightDeg=19.8013 clamped=0
[SelectTarget] team=1 EnemyN=1 TgtZ=2108.29
[DIST] team=1 EnemyN=1 MyZ=2242.15 TgtZ=2108.29 Dist=1596.9
[ROOT] team=1 status=2 Z=2242.15 VP=(-4823.61,-2419.47,2089.63)
[SelectTarget] team=2 EnemyN=1 TgtZ=2241.2
[DIST] team=2 EnemyN=1 MyZ=2108.29 TgtZ=2241.2 Dist=1590.82
[ROOT] team=2 status=2 Z=2108.29 VP=(-6526.7,-3633.88,2547.2)
[SelectTarget] team=1 EnemyN=1 TgtZ=2135.27
[DIST] team=1 EnemyN=1 MyZ=2124.89 TgtZ=2135.27 Dist=1423.43
[ROOT] team=1 status=2 Z=2124.89 VP=(-6970.2,-1724.31,2196.73)
[SelectTarget] team=2 EnemyN=1 TgtZ=2124.41
[DIST] team=2 EnemyN=1 MyZ=2135.27 TgtZ=2124.41 Dist=1417.38
[ROOT] team=2 status=2 Z=2135.27 VP=(-7134.87,-3584.06,2585.28)
[SelectTarget] team=1 EnemyN=1 TgtZ=2173.71
[DIST] team=1 EnemyN=1 MyZ=2123.65 TgtZ=2173.71 Dist=1297.3
[ROOT] team=1 status=2 Z=2123.65 VP=(-7987.69,-1786.07,2247.11)
[SelectTarget] team=2 EnemyN=1 TgtZ=2123.84
[DIST] team=2 EnemyN=1 MyZ=2173.71 TgtZ=2123.84 Dist=1291.25
[ROOT] team=2 status=2 Z=2173.71 VP=(-7811.97,-3663.94,2430.3)
[SelectTarget] team=1 EnemyN=1 TgtZ=2219.82
[DIST] team=1 EnemyN=1 MyZ=2140.32 TgtZ=2219.82 Dist=1153.62
[ROOT] team=1 status=2 Z=2140.32 VP=(-7685.09,-1891.65,2210.34)
[SelectTarget] team=2 EnemyN=1 TgtZ=2140.14
[DIST] team=2 EnemyN=1 MyZ=2219.82 TgtZ=2140.14 Dist=1147.31
[ROOT] team=2 status=2 Z=2219.82 VP=(-8842.12,-3270.08,2200)
[JINK] sign=-1 next=11.3833 dist=1110.97 spd=332.38
[CLAMP_DIAG] team=1 rawDist=733.14 offBoresightDeg=0.70094 clamped=0
[SelectTarget] team=1 EnemyN=1 TgtZ=2295.05
[DIST] team=1 EnemyN=1 MyZ=2179.49 TgtZ=2295.05 Dist=995.653
[ROOT] team=1 status=2 Z=2179.49 VP=(-8684.69,-2020.91,2290.65)
[SelectTarget] team=2 EnemyN=1 TgtZ=2180.42
[DIST] team=2 EnemyN=1 MyZ=2295.05 TgtZ=2180.42 Dist=989.352
[ROOT] team=2 status=2 Z=2295.05 VP=(-9568.96,-2938.46,2200)
[CLAMP_DIAG] team=1 rawDist=574.076 offBoresightDeg=2.16009 clamped=0
[SelectTarget] team=1 EnemyN=1 TgtZ=2368.57
[DIST] team=1 EnemyN=1 MyZ=2328.9 TgtZ=2368.57 Dist=798.685
[ROOT] team=1 status=2 Z=2328.9 VP=(-9587.76,-2177.12,2368.14)
[SelectTarget] team=2 EnemyN=1 TgtZ=2329.22
[DIST] team=2 EnemyN=1 MyZ=2368.57 TgtZ=2329.22 Dist=792.194
[ROOT] team=2 status=2 Z=2368.57 VP=(-10403.7,-4003.33,2200)
[CLAMP_DIAG] team=1 rawDist=398.863 offBoresightDeg=10.7819 clamped=0
[SelectTarget] team=1 EnemyN=1 TgtZ=2414.39
[DIST] team=1 EnemyN=1 MyZ=2339.83 TgtZ=2414.39 Dist=585.802
[ROOT] team=1 status=2 Z=2339.83 VP=(-10584.7,-2281.16,2376.49)
[SelectTarget] team=2 EnemyN=1 TgtZ=2340.64
[DIST] team=2 EnemyN=1 MyZ=2414.39 TgtZ=2340.64 Dist=579.416
[ROOT] team=2 status=2 Z=2414.39 VP=(-11425.2,-4119.42,3091.48)
[CLAMP_DIAG] team=1 rawDist=312.961 offBoresightDeg=15.657 clamped=0
[SelectTarget] team=1 EnemyN=1 TgtZ=2436.37
[DIST] team=1 EnemyN=1 MyZ=2398.59 TgtZ=2436.37 Dist=389.226
[ROOT] team=1 status=2 Z=2398.59 VP=(-11669.7,-2358.89,2381.6)
[SelectTarget] team=2 EnemyN=1 TgtZ=2399.14
[DIST] team=2 EnemyN=1 MyZ=2436.37 TgtZ=2399.14 Dist=383.287
[ROOT] team=2 status=2 Z=2436.37 VP=(-12504.4,-3319.34,3990.46)
[JINK] sign=-1 next=11.3833 dist=335.386 spd=294.465
[CLAMP_DIAG] team=1 rawDist=426.34 offBoresightDeg=6.05879 clamped=0
[SelectTarget] team=1 EnemyN=1 TgtZ=2439.43
[DIST] team=1 EnemyN=1 MyZ=2403.68 TgtZ=2439.43 Dist=210.424
[ROOT] team=1 status=2 Z=2403.68 VP=(-12715.5,-2332.08,2421.15)
[SelectTarget] team=2 EnemyN=1 TgtZ=2403.26
[DIST] team=2 EnemyN=1 MyZ=2439.43 TgtZ=2403.26 Dist=204.623
[ROOT] team=2 status=2 Z=2439.43 VP=(-13445.6,-2450.53,4221.82)
[CLAMP_DIAG] team=1 rawDist=112.785 offBoresightDeg=29.1748 clamped=0
[SelectTarget] team=1 EnemyN=1 TgtZ=2433.51
[DIST] team=1 EnemyN=1 MyZ=2472.17 TgtZ=2433.51 Dist=69.0693
[ROOT] team=1 status=2 Z=2472.17 VP=(-13458,-2244.83,2437.64)
[SelectTarget] team=2 EnemyN=1 TgtZ=2472.77
[DIST] team=2 EnemyN=1 MyZ=2433.51 TgtZ=2472.77 Dist=66.8895
[ROOT] team=2 status=2 Z=2433.51 VP=(-13632.2,-422.343,3199.57)
[CLAMP_DIAG] team=1 rawDist=140.259 offBoresightDeg=73.2631 clamped=0
[SelectTarget] team=1 EnemyN=1 TgtZ=2424.28
[DIST] team=1 EnemyN=1 MyZ=2334.12 TgtZ=2424.28 Dist=158.431
[ROOT] team=1 status=2 Z=2334.12 VP=(-14442.3,-2099.83,2418.29)
[SelectTarget] team=2 EnemyN=1 TgtZ=2332.46
[DIST] team=2 EnemyN=1 MyZ=2424.28 TgtZ=2332.46 Dist=161.158
[ROOT] team=2 status=2 Z=2424.28 VP=(-14801.9,-2293.39,4350.84)
[CLAMP_DIAG] team=1 rawDist=292.693 offBoresightDeg=34.468 clamped=0
[SelectTarget] team=1 EnemyN=1 TgtZ=2412.25
[DIST] team=1 EnemyN=1 MyZ=2226.75 TgtZ=2412.25 Dist=203.452
[ROOT] team=1 status=2 Z=2226.75 VP=(-15456.4,-2077.55,2417.84)
[SelectTarget] team=2 EnemyN=1 TgtZ=2227.57
[DIST] team=2 EnemyN=1 MyZ=2412.25 TgtZ=2227.57 Dist=203.018
[ROOT] team=2 status=2 Z=2412.25 VP=(-15933.2,-3952.9,2534.83)
[JINK] sign=-1 next=16.2166 dist=125.232 spd=326.618
[CLAMP_DIAG] team=2 rawDist=667.448 offBoresightDeg=24.7284 clamped=0
[CLAMP_DIAG] team=1 rawDist=279.094 offBoresightDeg=45.283 clamped=0
[SelectTarget] team=1 EnemyN=1 TgtZ=2423.44
[DIST] team=1 EnemyN=1 MyZ=2584.27 TgtZ=2423.44 Dist=212.584
[ROOT] team=1 status=2 Z=2584.27 VP=(-16437.2,-2038.04,2477.97)
[SelectTarget] team=2 EnemyN=1 TgtZ=2586.12
[DIST] team=2 EnemyN=1 MyZ=2423.44 TgtZ=2586.12 Dist=211.303
[ROOT] team=2 status=2 Z=2423.44 VP=(-17015,-941.25,3888.66)
[CLAMP_DIAG] team=1 rawDist=434.4 offBoresightDeg=2.39503 clamped=0
[SelectTarget] team=1 EnemyN=1 TgtZ=2406.56
[DIST] team=1 EnemyN=1 MyZ=2600.28 TgtZ=2406.56 Dist=245.943
[ROOT] team=1 status=2 Z=2600.28 VP=(-17401.8,-1934.7,2477.31)
[SelectTarget] team=2 EnemyN=1 TgtZ=2598.78
[DIST] team=2 EnemyN=1 MyZ=2406.56 TgtZ=2598.78 Dist=241.815
[ROOT] team=2 status=2 Z=2406.56 VP=(-17649,-22.7549,2485.27)
[CLAMP_DIAG] team=1 rawDist=352.24 offBoresightDeg=4.37802 clamped=0
[SelectTarget] team=1 EnemyN=1 TgtZ=2370.03
[DIST] team=1 EnemyN=1 MyZ=2341.29 TgtZ=2370.03 Dist=177.483
[ROOT] team=1 status=2 Z=2341.29 VP=(-18224,-1781.59,2360.59)
[SelectTarget] team=2 EnemyN=1 TgtZ=2340.73
[DIST] team=2 EnemyN=1 MyZ=2370.03 TgtZ=2340.73 Dist=172.4
[ROOT] team=2 status=2 Z=2370.03 VP=(-18334,33.315,2200)
[CLAMP_DIAG] team=1 rawDist=279.339 offBoresightDeg=13.7648 clamped=0
[SelectTarget] team=1 EnemyN=1 TgtZ=2322.89
[DIST] team=1 EnemyN=1 MyZ=2375.27 TgtZ=2322.89 Dist=143.512
[ROOT] team=1 status=2 Z=2375.27 VP=(-19063.6,-1549.57,2313.28)
[SelectTarget] team=2 EnemyN=1 TgtZ=2375.46
[DIST] team=2 EnemyN=1 MyZ=2322.89 TgtZ=2375.46 Dist=138.711
[ROOT] team=2 status=2 Z=2322.89 VP=(-19023.5,171.233,2200)
[JINK] sign=-1 next=16.2166 dist=127.282 spd=298.735
[CLAMP_DIAG] team=1 rawDist=225.76 offBoresightDeg=26.187 clamped=0
[SelectTarget] team=1 EnemyN=1 TgtZ=2276.22
[DIST] team=1 EnemyN=1 MyZ=2240.43 TgtZ=2276.22 Dist=129.24
[ROOT] team=1 status=2 Z=2240.43 VP=(-19872.4,-1221.19,2268.41)
[SelectTarget] team=2 EnemyN=1 TgtZ=2239.86
[DIST] team=2 EnemyN=1 MyZ=2276.22 TgtZ=2239.86 Dist=125.821
[ROOT] team=2 status=2 Z=2276.22 VP=(-19628.8,616.226,2200)
[CLAMP_DIAG] team=2 rawDist=716.495 offBoresightDeg=36.013 clamped=0
[CLAMP_DIAG] team=1 rawDist=181.161 offBoresightDeg=3.18116 clamped=0
[SelectTarget] team=1 EnemyN=1 TgtZ=2241.88
[DIST] team=1 EnemyN=1 MyZ=2241.16 TgtZ=2241.88 Dist=83.0128
[ROOT] team=1 status=2 Z=2241.16 VP=(-20571.4,-809.055,2239.08)
[SelectTarget] team=2 EnemyN=1 TgtZ=2241.31
[DIST] team=2 EnemyN=1 MyZ=2241.88 TgtZ=2241.31 Dist=77.8145
[ROOT] team=2 status=2 Z=2241.88 VP=(-20163,1110.79,2499.89)
[CLAMP_DIAG] team=1 rawDist=142.544 offBoresightDeg=17.2504 clamped=0
[SelectTarget] team=1 EnemyN=1 TgtZ=2228.66
[DIST] team=1 EnemyN=1 MyZ=2204.7 TgtZ=2228.66 Dist=72.7399
[ROOT] team=1 status=2 Z=2204.7 VP=(-21246.9,-253.172,2226.5)
[SelectTarget] team=2 EnemyN=1 TgtZ=2205.04
[DIST] team=2 EnemyN=1 MyZ=2228.66 TgtZ=2205.04 Dist=68.4571
[ROOT] team=2 status=2 Z=2228.66 VP=(-21254.8,920.566,3810.67)
[CLAMP_DIAG] team=1 rawDist=133.356 offBoresightDeg=13.7861 clamped=0
[SelectTarget] team=1 EnemyN=1 TgtZ=2244.33
[DIST] team=1 EnemyN=1 MyZ=2213.91 TgtZ=2244.33 Dist=68.8937
[ROOT] team=1 status=2 Z=2213.91 VP=(-21878.4,335.328,2250.2)
[SelectTarget] team=2 EnemyN=1 TgtZ=2213.97
[DIST] team=2 EnemyN=1 MyZ=2244.33 TgtZ=2213.97 Dist=64.466
[ROOT] team=2 status=2 Z=2244.33 VP=(-22245.9,1586.81,2200)
[JINK] sign=1 next=18.1333 dist=83.4425 spd=300.69
[CLAMP_DIAG] team=1 rawDist=131.827 offBoresightDeg=6.31574 clamped=0
[SelectTarget] team=1 EnemyN=1 TgtZ=2291.47
[DIST] team=1 EnemyN=1 MyZ=2279.26 TgtZ=2291.47 Dist=110.968
[ROOT] team=1 status=2 Z=2279.26 VP=(-22637.2,921.195,2300.91)
[SelectTarget] team=2 EnemyN=1 TgtZ=2279.66
[DIST] team=2 EnemyN=1 MyZ=2291.47 TgtZ=2279.66 Dist=106.517
[ROOT] team=2 status=2 Z=2291.47 VP=(-22094.7,2613.56,3149.7)
[CLAMP_DIAG] team=1 rawDist=387.667 offBoresightDeg=4.76229 clamped=0
[SelectTarget] team=1 EnemyN=1 TgtZ=2345.94
[DIST] team=1 EnemyN=1 MyZ=2358.15 TgtZ=2345.94 Dist=200.576
[ROOT] team=1 status=2 Z=2358.15 VP=(-23406.4,1383.83,2339.43)
[SelectTarget] team=2 EnemyN=1 TgtZ=2357.94
[DIST] team=2 EnemyN=1 MyZ=2345.94 TgtZ=2357.94 Dist=195.94
[ROOT] team=2 status=2 Z=2345.94 VP=(-23977.8,1030.68,4219.04)
[CLAMP_DIAG] team=1 rawDist=461.623 offBoresightDeg=2.72684 clamped=0
[SelectTarget] team=1 EnemyN=1 TgtZ=2400.97
[DIST] team=1 EnemyN=1 MyZ=2337.43 TgtZ=2400.97 Dist=287.546
[ROOT] team=1 status=2 Z=2337.43 VP=(-24256.1,1749.51,2393.46)
[SelectTarget] team=2 EnemyN=1 TgtZ=2338
[DIST] team=2 EnemyN=1 MyZ=2400.97 TgtZ=2338 Dist=282.248
[ROOT] team=2 status=2 Z=2400.97 VP=(-25691.8,461.924,2200)
[CLAMP_DIAG] team=1 rawDist=514.676 offBoresightDeg=5.85965 clamped=0
[SelectTarget] team=1 EnemyN=1 TgtZ=2411.16
[DIST] team=1 EnemyN=1 MyZ=2385.21 TgtZ=2411.16 Dist=327.32
[ROOT] team=1 status=2 Z=2385.21 VP=(-25261.6,2087.12,2391.55)
[SelectTarget] team=2 EnemyN=1 TgtZ=2385.01
[DIST] team=2 EnemyN=1 MyZ=2411.16 TgtZ=2385.01 Dist=321.708
[ROOT] team=2 status=2 Z=2411.16 VP=(-25488.1,2956.79,2200)
[JINK] sign=-1 next=20.2499 dist=321.523 spd=323.634
[CLAMP_DIAG] team=1 rawDist=299.953 offBoresightDeg=2.93143 clamped=0
[SelectTarget] team=1 EnemyN=1 TgtZ=2379.31
[DIST] team=1 EnemyN=1 MyZ=2381.51 TgtZ=2379.31 Dist=309.759
[ROOT] team=1 status=2 Z=2381.51 VP=(-26098.9,2363.39,2352.78)
[SelectTarget] team=2 EnemyN=1 TgtZ=2381.12
[DIST] team=2 EnemyN=1 MyZ=2379.31 TgtZ=2381.12 Dist=304.111
[ROOT] team=2 status=2 Z=2379.31 VP=(-26553.1,2675.07,2200)
[CLAMP_DIAG] team=1 rawDist=257.292 offBoresightDeg=3.59686 clamped=0
[SelectTarget] team=1 EnemyN=1 TgtZ=2327.65
[DIST] team=1 EnemyN=1 MyZ=2315.55 TgtZ=2327.65 Dist=248.292
[ROOT] team=1 status=2 Z=2315.55 VP=(-26937.4,2710.81,2310.89)
[SelectTarget] team=2 EnemyN=1 TgtZ=2315.8
[DIST] team=2 EnemyN=1 MyZ=2327.65 TgtZ=2315.8 Dist=242.174
[ROOT] team=2 status=2 Z=2327.65 VP=(-27522.1,2845.73,2200)
[CLAMP_DIAG] team=2 rawDist=579.912 offBoresightDeg=25.0844 clamped=0
[CLAMP_DIAG] team=1 rawDist=279.169 offBoresightDeg=5.89123 clamped=0
[SelectTarget] team=1 EnemyN=1 TgtZ=2268.62
[DIST] team=1 EnemyN=1 MyZ=2258.33 TgtZ=2268.62 Dist=180.643
[ROOT] team=1 status=2 Z=2258.33 VP=(-27815.9,3228.23,2260.73)
[SelectTarget] team=2 EnemyN=1 TgtZ=2257.75
[DIST] team=2 EnemyN=1 MyZ=2268.62 TgtZ=2257.75 Dist=174.956
[ROOT] team=2 status=2 Z=2268.62 VP=(-28115.3,3622.34,2200)
[CLAMP_DIAG] team=1 rawDist=234.624 offBoresightDeg=22.8764 clamped=0
[SelectTarget] team=1 EnemyN=1 TgtZ=2201.34
[DIST] team=1 EnemyN=1 MyZ=2197.79 TgtZ=2201.34 Dist=127.26
[ROOT] team=1 status=2 Z=2197.79 VP=(-28604.9,3757.93,2193.18)
[SelectTarget] team=2 EnemyN=1 TgtZ=2197.02
[DIST] team=2 EnemyN=1 MyZ=2201.34 TgtZ=2197.02 Dist=122.894
[ROOT] team=2 status=2 Z=2201.34 VP=(-28540.5,5473.56,2200)
[JINK] sign=1 next=21.5666 dist=142.379 spd=311.03
[CLAMP_DIAG] team=1 rawDist=210.345 offBoresightDeg=3.87142 clamped=0
[SelectTarget] team=1 EnemyN=1 TgtZ=2137.22
[DIST] team=1 EnemyN=1 MyZ=2116.7 TgtZ=2137.22 Dist=122.854
[ROOT] team=1 status=2 Z=2116.7 VP=(-29357.3,4040.35,2132.03)
[SelectTarget] team=2 EnemyN=1 TgtZ=2117.04
[DIST] team=2 EnemyN=1 MyZ=2137.22 TgtZ=2117.04 Dist=117.735
[ROOT] team=2 status=2 Z=2137.22 VP=(-30259.4,3764.74,2200)
[CLAMP_DIAG] team=1 rawDist=236.22 offBoresightDeg=23.3495 clamped=0
[SelectTarget] team=1 EnemyN=1 TgtZ=2104.07
[DIST] team=1 EnemyN=1 MyZ=2072.17 TgtZ=2104.07 Dist=135.337
[ROOT] team=1 status=2 Z=2072.17 VP=(-30321.5,3726.79,2101.11)
[SelectTarget] team=2 EnemyN=1 TgtZ=2071.51
[DIST] team=2 EnemyN=1 MyZ=2104.07 TgtZ=2071.51 Dist=131.033
[ROOT] team=2 status=2 Z=2104.07 VP=(-30716.9,2939.3,2200)
[CLAMP_DIAG] team=1 rawDist=213.946 offBoresightDeg=18.0606 clamped=0
[SelectTarget] team=1 EnemyN=1 TgtZ=2138.35
[DIST] team=1 EnemyN=1 MyZ=2054.79 TgtZ=2138.35 Dist=148.168
[ROOT] team=1 status=2 Z=2054.79 VP=(-30912.2,3151.31,2143.5)
[SelectTarget] team=2 EnemyN=1 TgtZ=2055.5
[DIST] team=2 EnemyN=1 MyZ=2138.35 TgtZ=2055.5 Dist=144.158
[ROOT] team=2 status=2 Z=2138.35 VP=(-31136.7,2320.34,2200)
[CLAMP_DIAG] team=1 rawDist=374.772 offBoresightDeg=22.3782 clamped=0
[SelectTarget] team=1 EnemyN=1 TgtZ=2181.27
[DIST] team=1 EnemyN=1 MyZ=2216.1 TgtZ=2181.27 Dist=206.106
[ROOT] team=1 status=2 Z=2216.1 VP=(-31585,2676.83,2191.95)
[SelectTarget] team=2 EnemyN=1 TgtZ=2216.29
[DIST] team=2 EnemyN=1 MyZ=2181.27 TgtZ=2216.29 Dist=202.8
[ROOT] team=2 status=2 Z=2181.27 VP=(-32375.3,2665.47,2200)
[JINK] sign=-1 next=24.9832 dist=195.398 spd=283.559
[CLAMP_DIAG] team=1 rawDist=176.006 offBoresightDeg=4.80727 clamped=0
[SelectTarget] team=1 EnemyN=1 TgtZ=2247.47
[DIST] team=1 EnemyN=1 MyZ=2210.98 TgtZ=2247.47 Dist=134.022
[ROOT] team=1 status=2 Z=2210.98 VP=(-32394.3,2253.41,2259.35)
[SelectTarget] team=2 EnemyN=1 TgtZ=2211.45
[DIST] team=2 EnemyN=1 MyZ=2247.47 TgtZ=2211.45 Dist=129.364
[ROOT] team=2 status=2 Z=2247.47 VP=(-33326.8,2968.31,2200)
[CLAMP_DIAG] team=1 rawDist=202.893 offBoresightDeg=21.8076 clamped=0
[SelectTarget] team=1 EnemyN=1 TgtZ=2328.98
[DIST] team=1 EnemyN=1 MyZ=2317.28 TgtZ=2328.98 Dist=109.926
[ROOT] team=1 status=2 Z=2317.28 VP=(-33153.3,1980.76,2338.3)
[SelectTarget] team=2 EnemyN=1 TgtZ=2318.32
[DIST] team=2 EnemyN=1 MyZ=2328.98 TgtZ=2318.32 Dist=106.223
[ROOT] team=2 status=2 Z=2328.98 VP=(-34148.9,3246.67,2200)
[CLAMP_DIAG] team=2 rawDist=839.806 offBoresightDeg=27.9823 clamped=0
[CLAMP_DIAG] team=1 rawDist=156.067 offBoresightDeg=19.8074 clamped=0
[SelectTarget] team=1 EnemyN=1 TgtZ=2415.57
[DIST] team=1 EnemyN=1 MyZ=2389.29 TgtZ=2415.57 Dist=92.911
[ROOT] team=1 status=2 Z=2389.29 VP=(-33915.6,1781.64,2424.32)
[SelectTarget] team=2 EnemyN=1 TgtZ=2388.85
[DIST] team=2 EnemyN=1 MyZ=2415.57 TgtZ=2388.85 Dist=89.8211
[ROOT] team=2 status=2 Z=2415.57 VP=(-34862.8,3385.7,2200)
[CLAMP_DIAG] team=1 rawDist=169.182 offBoresightDeg=10.1987 clamped=0
[SelectTarget] team=1 EnemyN=1 TgtZ=2497.93
[DIST] team=1 EnemyN=1 MyZ=2461.93 TgtZ=2497.93 Dist=79.0709
[ROOT] team=1 status=2 Z=2461.93 VP=(-34680.1,1637.85,2505.29)
[SelectTarget] team=2 EnemyN=1 TgtZ=2463.37
[DIST] team=2 EnemyN=1 MyZ=2497.93 TgtZ=2463.37 Dist=75.1476
[ROOT] team=2 status=2 Z=2497.93 VP=(-35532.9,3421.55,2493.18)
[JINK] sign=-1 next=24.9832 dist=68.7183 spd=263.548
[CLAMP_DIAG] team=1 rawDist=114.097 offBoresightDeg=9.46659 clamped=0
[SelectTarget] team=1 EnemyN=1 TgtZ=2569.53
[DIST] team=1 EnemyN=1 MyZ=2567.91 TgtZ=2569.53 Dist=51.2515
[ROOT] team=1 status=2 Z=2567.91 VP=(-35422.7,1543.26,2573.08)
[SelectTarget] team=2 EnemyN=1 TgtZ=2567.94
[DIST] team=2 EnemyN=1 MyZ=2569.53 TgtZ=2567.94 Dist=46.8178
[ROOT] team=2 status=2 Z=2569.53 VP=(-36090.5,-152.514,2200)
[CLAMP_DIAG] team=1 rawDist=61.8411 offBoresightDeg=7.56757 clamped=0
[SelectTarget] team=1 EnemyN=1 TgtZ=2599.89
[DIST] team=1 EnemyN=1 MyZ=2593.52 TgtZ=2599.89 Dist=42.4608
[ROOT] team=1 status=2 Z=2593.52 VP=(-36218.4,1359.77,2603.82)
[SelectTarget] team=2 EnemyN=1 TgtZ=2593.81
[DIST] team=2 EnemyN=1 MyZ=2599.89 TgtZ=2593.81 Dist=38.5552
[ROOT] team=2 status=2 Z=2599.89 VP=(-37384.4,1419.69,2200)
[CLAMP_DIAG] team=1 rawDist=196.529 offBoresightDeg=2.36166 clamped=0
[SelectTarget] team=1 EnemyN=1 TgtZ=2634.97
[DIST] team=1 EnemyN=1 MyZ=2630.89 TgtZ=2634.97 Dist=117.333
[ROOT] team=1 status=2 Z=2630.89 VP=(-37112.3,1066.52,2636.44)
[SelectTarget] team=2 EnemyN=1 TgtZ=2630.42
[DIST] team=2 EnemyN=1 MyZ=2634.97 TgtZ=2630.42 Dist=112.795
[ROOT] team=2 status=2 Z=2634.97 VP=(-37738.1,1738.86,4392.91)
[CLAMP_DIAG] team=1 rawDist=388.777 offBoresightDeg=0.615013 clamped=0
[SelectTarget] team=1 EnemyN=1 TgtZ=2669.14
[DIST] team=1 EnemyN=1 MyZ=2624.33 TgtZ=2669.14 Dist=234.211
[ROOT] team=1 status=2 Z=2624.33 VP=(-37977.6,712.955,2674.25)
[SelectTarget] team=2 EnemyN=1 TgtZ=2624.81
[DIST] team=2 EnemyN=1 MyZ=2669.14 TgtZ=2624.81 Dist=229.863
[ROOT] team=2 status=2 Z=2669.14 VP=(-37765.1,-1194.11,3147.63)
[JINK] sign=1 next=26.6999 dist=253.057 spd=328.573
[CLAMP_DIAG] team=1 rawDist=472.531 offBoresightDeg=3.12456 clamped=0
[SelectTarget] team=1 EnemyN=1 TgtZ=2670.02
[DIST] team=1 EnemyN=1 MyZ=2648.02 TgtZ=2670.02 Dist=303.991
[ROOT] team=1 status=2 Z=2648.02 VP=(-38936.9,225.492,2655.78)
[SelectTarget] team=2 EnemyN=1 TgtZ=2647.8
[DIST] team=2 EnemyN=1 MyZ=2670.02 TgtZ=2647.8 Dist=298.676
[ROOT] team=2 status=2 Z=2670.02 VP=(-40316.2,1555.23,3045.1)
[CLAMP_DIAG] team=1 rawDist=375.936 offBoresightDeg=4.89772 clamped=0
[SelectTarget] team=1 EnemyN=1 TgtZ=2610
[DIST] team=1 EnemyN=1 MyZ=2596.56 TgtZ=2610 Dist=288.124
[ROOT] team=1 status=2 Z=2596.56 VP=(-39793.4,-189.716,2587.94)
[SelectTarget] team=2 EnemyN=1 TgtZ=2596.21
[DIST] team=2 EnemyN=1 MyZ=2610 TgtZ=2596.21 Dist=282.407
[ROOT] team=2 status=2 Z=2610 VP=(-40664.7,832.242,2200)
[CLAMP_DIAG] team=1 rawDist=266.601 offBoresightDeg=1.23928 clamped=0
[SelectTarget] team=1 EnemyN=1 TgtZ=2509.92
[DIST] team=1 EnemyN=1 MyZ=2518.06 TgtZ=2509.92 Dist=203.254
[ROOT] team=1 status=2 Z=2518.06 VP=(-40486.9,-525.097,2495.31)
[SelectTarget] team=2 EnemyN=1 TgtZ=2517.43
[DIST] team=2 EnemyN=1 MyZ=2509.92 TgtZ=2517.43 Dist=196.769
[ROOT] team=2 status=2 Z=2509.92 VP=(-40971.8,-388.65,2200)
[CLAMP_DIAG] team=1 rawDist=187.383 offBoresightDeg=4.15215 clamped=0
[SelectTarget] team=1 EnemyN=1 TgtZ=2381.82
[DIST] team=1 EnemyN=1 MyZ=2372.99 TgtZ=2381.82 Dist=90.7746
[ROOT] team=1 status=2 Z=2372.99 VP=(-41400.9,-888.982,2373.03)
[SelectTarget] team=2 EnemyN=1 TgtZ=2372.43
[DIST] team=2 EnemyN=1 MyZ=2381.82 TgtZ=2372.43 Dist=84.8244
[ROOT] team=2 status=2 Z=2381.82 VP=(-41713.9,-1007.35,2200)
[JINK] sign=-1 next=29.5166 dist=50.3793 spd=307.172
[CLAMP_DIAG] team=2 rawDist=656.668 offBoresightDeg=47.1405 clamped=0
[SelectTarget] team=1 EnemyN=1 TgtZ=2245.44
[DIST] team=1 EnemyN=1 MyZ=2231.35 TgtZ=2245.44 Dist=40.8281
[ROOT] team=1 status=2 Z=2231.35 VP=(-43683.4,-1556.01,7001.16)
[SelectTarget] team=2 EnemyN=1 TgtZ=2229.59
[DIST] team=2 EnemyN=1 MyZ=2245.44 TgtZ=2229.59 Dist=46.7308
[ROOT] team=2 status=2 Z=2245.44 VP=(-42689,-825.656,2200)
[CLAMP_DIAG] team=1 rawDist=120.874 offBoresightDeg=76.0155 clamped=1
[SelectTarget] team=1 EnemyN=1 TgtZ=2114.62
[DIST] team=1 EnemyN=1 MyZ=2088.24 TgtZ=2114.62 Dist=190.406
[ROOT] team=1 status=2 Z=2088.24 VP=(-43196.8,-1861.33,5030.3)
[SelectTarget] team=2 EnemyN=1 TgtZ=2088.4
[DIST] team=2 EnemyN=1 MyZ=2114.62 TgtZ=2088.4 Dist=195.249
[ROOT] team=2 status=2 Z=2114.62 VP=(-44558.4,-1392.74,6895.07)
[CLAMP_DIAG] team=1 rawDist=551.363 offBoresightDeg=98.2 clamped=1
[SelectTarget] team=1 EnemyN=1 TgtZ=2077.04
[DIST] team=1 EnemyN=1 MyZ=2100.89 TgtZ=2077.04 Dist=583.923
[ROOT] team=1 status=2 Z=2100.89 VP=(-44260.3,-1933.29,1970.69)
[SelectTarget] team=2 EnemyN=1 TgtZ=2100.22
[DIST] team=2 EnemyN=1 MyZ=2077.04 TgtZ=2100.22 Dist=587.138
[ROOT] team=2 status=2 Z=2077.04 VP=(-44326.3,-2494.92,2200)
[SelectTarget] team=1 EnemyN=1 TgtZ=2082.95
[DIST] team=1 EnemyN=1 MyZ=1954.81 TgtZ=2082.95 Dist=1434.19
[ROOT] team=1 status=2 Z=1954.81 VP=(-46499,-2039.8,6733.49)
[SelectTarget] team=2 EnemyN=1 TgtZ=1954.02
[DIST] team=2 EnemyN=1 MyZ=2082.95 TgtZ=1954.02 Dist=1435.47
[ROOT] team=2 status=2 Z=2082.95 VP=(-43901.1,-3315.55,2200)
[JINK] sign=-1 next=34.3499 dist=2037.67 spd=281.039
[SelectTarget] team=1 EnemyN=1 TgtZ=2137.68
[DIST] team=1 EnemyN=1 MyZ=1870.02 TgtZ=2137.68 Dist=2258.58
[ROOT] team=1 status=2 Z=1870.02 VP=(-46607,-3247.85,6653.93)
[SelectTarget] team=2 EnemyN=1 TgtZ=1869.59
[DIST] team=2 EnemyN=1 MyZ=2137.68 TgtZ=1869.59 Dist=2258.03
[ROOT] team=2 status=2 Z=2137.68 VP=(-43927.1,-3890.83,2200)
[SelectTarget] team=1 EnemyN=1 TgtZ=2212
[DIST] team=1 EnemyN=1 MyZ=1864.03 TgtZ=2212 Dist=2464.28
[ROOT] team=1 status=2 Z=1864.03 VP=(-43971.3,-3631.9,2214.07)
[SelectTarget] team=2 EnemyN=1 TgtZ=1863.99
[DIST] team=2 EnemyN=1 MyZ=2212 TgtZ=1863.99 Dist=2461.29
[ROOT] team=2 status=2 Z=2212 VP=(-44709.2,-4728.6,2200)
[SelectTarget] team=1 EnemyN=1 TgtZ=2311.66
[DIST] team=1 EnemyN=1 MyZ=1865.84 TgtZ=2311.66 Dist=2064.61
[ROOT] team=1 status=2 Z=1865.84 VP=(-43881.7,-4428.88,2253.04)
[SelectTarget] team=2 EnemyN=1 TgtZ=1866.13
[DIST] team=2 EnemyN=1 MyZ=2311.66 TgtZ=1866.13 Dist=2059.31
[ROOT] team=2 status=2 Z=2311.66 VP=(-45491.7,-5368.78,2200)
