########## v39 vs AIP_onecircle.dll ##########


     JSBSim Flight Dynamics Model v1.0.0 May 27 2026 16:13:38
            [JSBSim-ML v2.0]

JSBSim startup beginning ...

total: 2
Behavior Tree Initialized Successfully
Behavior Tree Initialized Successfully
init ID:1 Lat37.92355643001773 Lon128.18188127777776 Alt(meter)7000.0785355893395 Speed(m/sec)300.0
init ID:1 Lat37.96855377446113 Lon128.18188127777776 Alt(meter)7002.8272734023885 Speed(m/sec)300.0
runner:local/env:0	num_steps=[11999] | total rewards=[-90.1936] | termination= [max time out]
[seed 0] reward=   -90.19 ownHP=1.0000 tgtHP=1.0000 max time out
total: 2
runner:local/env:0	num_steps=[11999] | total rewards=[-1.9832] | termination= [max time out]
[seed 1] reward=    -1.98 ownHP=0.9879 tgtHP=1.0000 max time out
total: 2
runner:local/env:0	num_steps=[11999] | total rewards=[-51.0332] | termination= [max time out]
[seed 2] reward=   -51.03 ownHP=1.0000 tgtHP=1.0000 max time out
total: 2
runner:local/env:0	num_steps=[11999] | total rewards=[-72.8180] | termination= [max time out]
[seed 3] reward=   -72.82 ownHP=1.0000 tgtHP=1.0000 max time out
total: 2
runner:local/env:0	num_steps=[11999] | total rewards=[-117.7574] | termination= [max time out]
[seed 4] reward=  -117.76 ownHP=0.9980 tgtHP=1.0000 max time out
total: 2
runner:local/env:0	num_steps=[11999] | total rewards=[303.0699] | termination= [max time out]
[seed 5] reward=   303.07 ownHP=0.9922 tgtHP=0.9371 max time out
total: 2
runner:local/env:0	num_steps=[11999] | total rewards=[-86.2192] | termination= [max time out]
[seed 6] reward=   -86.22 ownHP=1.0000 tgtHP=1.0000 max time out
total: 2
runner:local/env:0	num_steps=[11999] | total rewards=[-46.2612] | termination= [max time out]
[seed 7] reward=   -46.26 ownHP=1.0000 tgtHP=1.0000 max time out
total: 2
runner:local/env:0	num_steps=[11999] | total rewards=[309.0889] | termination= [max time out]
[seed 8] reward=   309.09 ownHP=1.0000 tgtHP=1.0000 max time out
total: 2
runner:local/env:0	num_steps=[11999] | total rewards=[-76.6341] | termination= [max time out]
[seed 9] reward=   -76.63 ownHP=1.0000 tgtHP=1.0000 max time out
total: 2
runner:local/env:0	num_steps=[11999] | total rewards=[118.9139] | termination= [max time out]
[seed 10] reward=   118.91 ownHP=1.0000 tgtHP=0.9722 max time out
total: 2
runner:local/env:0	num_steps=[11999] | total rewards=[259.4733] | termination= [max time out]
[seed 11] reward=   259.47 ownHP=1.0000 tgtHP=1.0000 max time out
total: 2
runner:local/env:0	num_steps=[11999] | total rewards=[-119.9900] | termination= [max time out]
[seed 12] reward=  -119.99 ownHP=1.0000 tgtHP=1.0000 max time out
total: 2
runner:local/env:0	num_steps=[11999] | total rewards=[-46.4963] | termination= [max time out]
[seed 13] reward=   -46.50 ownHP=1.0000 tgtHP=1.0000 max time out
total: 2
runner:local/env:0	num_steps=[11999] | total rewards=[-3.4425] | termination= [max time out]
[seed 14] reward=    -3.44 ownHP=1.0000 tgtHP=1.0000 max time out
Remove Space Complete.

[rehearsal own_rep=6 tgt_rep=6 seeds=15]
SUMMARY dealt=0.0907 taken=0.0219 mean_reward=18.51
tacview log saved (last episode)

########## v39 vs AIP_kwon.dll ##########


     JSBSim Flight Dynamics Model v1.0.0 May 27 2026 16:13:38
            [JSBSim-ML v2.0]

JSBSim startup beginning ...

total: 2
Behavior Tree Initialized Successfully
Behavior Tree Initialization Failed: Error at line 47: -> Node not recognized: DECO_TargetLOSCheck
It appears that the process failed while parsing the XML.
 -Please check whether the XML file is located in the correct path.
 -Please check whether the XML file is calling any node with an invalid or incorrect name.
 -Please check whether the node was added to the Factory when building the DLL.
Remove Space Complete.
init ID:1 Lat37.92355643001773 Lon128.18188127777776 Alt(meter)7000.0785355893395 Speed(m/sec)300.0
init ID:1 Lat37.96855377446113 Lon128.18188127777776 Alt(meter)7002.8272734023885 Speed(m/sec)300.0
Traceback (most recent call last):
  File "C:\Users\TFX5470H\Desktop\.topgun\강화학습환경\Release\src\dogfight\ai\native_bt.py", line 146, in CreateBehaviorTree
    self.AIPilotDLL.CreateBehaviorTree(my_id, my_force_id)
OSError: [WinError -529697949] Windows Error 0xe06d7363

The above exception was the direct cause of the following exception:

Traceback (most recent call last):
  File "C:\Users\TFX5470H\Desktop\.topgun\강화학습환경\Release\rehearsal_10hz.py", line 120, in <module>
    main()
  File "C:\Users\TFX5470H\Desktop\.topgun\강화학습환경\Release\rehearsal_10hz.py", line 103, in main
    obs, r, terminated, truncated, info = env.step(np.zeros(4, dtype=np.float32))
                                          ^^^^^^^^^^^^^^^^^^^^^^^^^^^^^^^^^^^^^^^
  File "C:\Users\TFX5470H\Desktop\.topgun\강화학습환경\Release\src\dogfight\envs\single_agent_env.py", line 292, in step
    failure = self._advance_simulation_step_ratio(action)
              ^^^^^^^^^^^^^^^^^^^^^^^^^^^^^^^^^^^^^^^^^^^
  File "C:\Users\TFX5470H\Desktop\.topgun\강화학습환경\Release\src\dogfight\envs\single_agent_env.py", line 377, in _advance_simulation_step_ratio
    self._step_target_aircraft()
  File "C:\Users\TFX5470H\Desktop\.topgun\강화학습환경\Release\src\dogfight\envs\single_agent_env.py", line 511, in _step_target_aircraft
    result = self._target_action_provider.compute_action(context)
             ^^^^^^^^^^^^^^^^^^^^^^^^^^^^^^^^^^^^^^^^^^^^^^^^^^^^
  File "C:\Users\TFX5470H\Desktop\.topgun\강화학습환경\Release\rehearsal_10hz.py", line 35, in compute_action
    self._last = self._inner.compute_action(context)
                 ^^^^^^^^^^^^^^^^^^^^^^^^^^^^^^^^^^^
  File "C:\Users\TFX5470H\Desktop\.topgun\강화학습환경\Release\src\dogfight\ai\bt_action_provider.py", line 75, in compute_action
    self._ensure_behavior_tree(context)
  File "C:\Users\TFX5470H\Desktop\.topgun\강화학습환경\Release\src\dogfight\ai\bt_action_provider.py", line 48, in _ensure_behavior_tree
    self.ai_pilot.CreateBehaviorTree(fighter_id, force_side)
  File "C:\Users\TFX5470H\Desktop\.topgun\강화학습환경\Release\src\dogfight\ai\native_bt.py", line 148, in CreateBehaviorTree
    raise OSError(
OSError: CreateBehaviorTree failed dll=C:\Users\TFX5470H\Desktop\.topgun\강화학습환경\Release\AIP_kwon.dll my_id=2 force=2

########## v39 vs AIP_v7.dll ##########


     JSBSim Flight Dynamics Model v1.0.0 May 27 2026 16:13:38
            [JSBSim-ML v2.0]

JSBSim startup beginning ...

total: 2
Behavior Tree Initialized Successfully
Behavior Tree Initialized Successfully
init ID:1 Lat37.92355643001773 Lon128.18188127777776 Alt(meter)7000.0785355893395 Speed(m/sec)300.0
init ID:1 Lat37.96855377446113 Lon128.18188127777776 Alt(meter)7002.8272734023885 Speed(m/sec)300.0
runner:local/env:0	num_steps=[11999] | total rewards=[1056.6456] | termination= [max time out]
[seed 0] reward=  1056.65 ownHP=1.0000 tgtHP=0.8186 max time out
total: 2
runner:local/env:0	num_steps=[11999] | total rewards=[1017.3222] | termination= [max time out]
[seed 1] reward=  1017.32 ownHP=1.0000 tgtHP=0.6751 max time out
total: 2
runner:local/env:0	num_steps=[11999] | total rewards=[121.2267] | termination= [max time out]
[seed 2] reward=   121.23 ownHP=1.0000 tgtHP=0.9999 max time out
total: 2
runner:local/env:0	num_steps=[11999] | total rewards=[470.7702] | termination= [max time out]
[seed 3] reward=   470.77 ownHP=1.0000 tgtHP=0.8946 max time out
total: 2
runner:local/env:0	num_steps=[11999] | total rewards=[1164.4393] | termination= [max time out]
[seed 4] reward=  1164.44 ownHP=1.0000 tgtHP=0.3033 max time out
total: 2
runner:local/env:0	num_steps=[11999] | total rewards=[917.0495] | termination= [max time out]
[seed 5] reward=   917.05 ownHP=1.0000 tgtHP=0.8774 max time out
total: 2
runner:local/env:0	num_steps=[11999] | total rewards=[1213.2122] | termination= [max time out]
[seed 6] reward=  1213.21 ownHP=1.0000 tgtHP=0.2806 max time out
total: 2
runner:local/env:0	num_steps=[11999] | total rewards=[134.7793] | termination= [max time out]
[seed 7] reward=   134.78 ownHP=1.0000 tgtHP=0.9630 max time out
total: 2
runner:local/env:0	num_steps=[11999] | total rewards=[662.7549] | termination= [max time out]
[seed 8] reward=   662.75 ownHP=1.0000 tgtHP=0.9972 max time out
total: 2
runner:local/env:0	num_steps=[11999] | total rewards=[391.6964] | termination= [max time out]
[seed 9] reward=   391.70 ownHP=1.0000 tgtHP=0.9290 max time out
total: 2
runner:local/env:0	num_steps=[11999] | total rewards=[52.7540] | termination= [max time out]
[seed 10] reward=    52.75 ownHP=1.0000 tgtHP=0.9622 max time out
total: 2
runner:local/env:0	num_steps=[11999] | total rewards=[816.5882] | termination= [max time out]
[seed 11] reward=   816.59 ownHP=1.0000 tgtHP=0.8691 max time out
total: 2
runner:local/env:0	num_steps=[11999] | total rewards=[624.7960] | termination= [max time out]
[seed 12] reward=   624.80 ownHP=1.0000 tgtHP=0.8160 max time out
total: 2
runner:local/env:0	num_steps=[11999] | total rewards=[1110.7912] | termination= [max time out]
[seed 13] reward=  1110.79 ownHP=1.0000 tgtHP=0.5286 max time out
total: 2
runner:local/env:0	num_steps=[11999] | total rewards=[1085.6353] | termination= [max time out]
[seed 14] reward=  1085.64 ownHP=1.0000 tgtHP=0.5379 max time out
Remove Space Complete.

[rehearsal own_rep=6 tgt_rep=6 seeds=15]
SUMMARY dealt=3.5474 taken=0.0000 mean_reward=722.70
tacview log saved (last episode)

########## v39 vs AIP_sync.dll ##########


     JSBSim Flight Dynamics Model v1.0.0 May 27 2026 16:13:38
            [JSBSim-ML v2.0]

JSBSim startup beginning ...

total: 2
Behavior Tree Initialized Successfully
Behavior Tree Initialized Successfully
init ID:1 Lat37.92355643001773 Lon128.18188127777776 Alt(meter)7000.0785355893395 Speed(m/sec)300.0
init ID:1 Lat37.96855377446113 Lon128.18188127777776 Alt(meter)7002.8272734023885 Speed(m/sec)300.0
runner:local/env:0	num_steps=[11999] | total rewards=[0.5658] | termination= [max time out]
[seed 0] reward=     0.57 ownHP=1.0000 tgtHP=1.0000 max time out
total: 2
runner:local/env:0	num_steps=[11999] | total rewards=[198.9678] | termination= [max time out]
[seed 1] reward=   198.97 ownHP=1.0000 tgtHP=1.0000 max time out
total: 2
runner:local/env:0	num_steps=[11999] | total rewards=[228.1248] | termination= [max time out]
[seed 2] reward=   228.12 ownHP=1.0000 tgtHP=1.0000 max time out
total: 2
runner:local/env:0	num_steps=[11999] | total rewards=[511.0497] | termination= [max time out]
[seed 3] reward=   511.05 ownHP=1.0000 tgtHP=1.0000 max time out
total: 2
runner:local/env:0	num_steps=[11999] | total rewards=[185.5925] | termination= [max time out]
[seed 4] reward=   185.59 ownHP=1.0000 tgtHP=1.0000 max time out
total: 2
runner:local/env:0	num_steps=[11999] | total rewards=[186.0902] | termination= [max time out]
[seed 5] reward=   186.09 ownHP=1.0000 tgtHP=0.9597 max time out
total: 2
runner:local/env:0	num_steps=[11999] | total rewards=[614.7973] | termination= [max time out]
[seed 6] reward=   614.80 ownHP=1.0000 tgtHP=1.0000 max time out
total: 2
runner:local/env:0	num_steps=[11999] | total rewards=[49.8362] | termination= [max time out]
[seed 7] reward=    49.84 ownHP=1.0000 tgtHP=1.0000 max time out
total: 2
runner:local/env:0	num_steps=[11999] | total rewards=[1010.5776] | termination= [max time out]
[seed 8] reward=  1010.58 ownHP=1.0000 tgtHP=1.0000 max time out
total: 2
runner:local/env:0	num_steps=[11999] | total rewards=[360.4869] | termination= [max time out]
[seed 9] reward=   360.49 ownHP=1.0000 tgtHP=1.0000 max time out
total: 2
runner:local/env:0	num_steps=[11999] | total rewards=[79.2118] | termination= [max time out]
[seed 10] reward=    79.21 ownHP=1.0000 tgtHP=1.0000 max time out
total: 2
runner:local/env:0	num_steps=[11999] | total rewards=[147.1071] | termination= [max time out]
[seed 11] reward=   147.11 ownHP=1.0000 tgtHP=1.0000 max time out
total: 2
runner:local/env:0	num_steps=[11999] | total rewards=[97.2632] | termination= [max time out]
[seed 12] reward=    97.26 ownHP=1.0000 tgtHP=1.0000 max time out
total: 2
runner:local/env:0	num_steps=[11999] | total rewards=[124.3279] | termination= [max time out]
[seed 13] reward=   124.33 ownHP=1.0000 tgtHP=1.0000 max time out
total: 2
runner:local/env:0	num_steps=[11999] | total rewards=[-34.7687] | termination= [max time out]
[seed 14] reward=   -34.77 ownHP=1.0000 tgtHP=1.0000 max time out
Remove Space Complete.

[rehearsal own_rep=6 tgt_rep=6 seeds=15]
SUMMARY dealt=0.0403 taken=0.0000 mean_reward=250.62
tacview log saved (last episode)

########## v39 vs AIP_jink.dll ##########


     JSBSim Flight Dynamics Model v1.0.0 May 27 2026 16:13:38
            [JSBSim-ML v2.0]

JSBSim startup beginning ...

total: 2
Behavior Tree Initialized Successfully
Behavior Tree Initialized Successfully
[JINK] sign=-1 next=2.11667 dist=3216.14 spd=313.706
[JINK] sign=-1 next=6.84999 dist=3042.05 spd=351.671
[JINK] sign=-1 next=6.84999 dist=1808.07 spd=329.91
[JINK] sign=-1 next=11.3833 dist=1314.8 spd=331.196
[JINK] sign=-1 next=11.3833 dist=801.184 spd=299.867
[JINK] sign=-1 next=16.2166 dist=415.96 spd=320.29
[JINK] sign=-1 next=16.2166 dist=103.49 spd=292.253
[JINK] sign=1 next=18.1333 dist=390.229 spd=301.925
[JINK] sign=-1 next=20.2499 dist=1240.08 spd=321.216
[JINK] sign=1 next=21.5666 dist=1487.86 spd=314.94
[JINK] sign=-1 next=24.9832 dist=1141.04 spd=302.697
[JINK] sign=-1 next=24.9832 dist=338.955 spd=278.724
[JINK] sign=-1 next=29.5166 dist=33.086 spd=332.997
[JINK] sign=-1 next=29.5166 dist=91.7034 spd=300.484
[JINK] sign=-1 next=34.3499 dist=156.638 spd=306.092
[JINK] sign=-1 next=34.3499 dist=1014.31 spd=282.325
init ID:1 Lat37.92355643001773 Lon128.18188127777776 Alt(meter)7000.0785355893395 Speed(m/sec)300.0
init ID:1 Lat37.96855377446113 Lon128.18188127777776 Alt(meter)7002.8272734023885 Speed(m/sec)300.0
runner:local/env:0	num_steps=[11999] | total rewards=[934.3924] | termination= [max time out]
[seed 0] reward=   934.39 ownHP=1.0000 tgtHP=0.3935 max time out
total: 2
[JINK] sign=-1 next=35.8665 dist=1704.71 spd=312.728
[JINK] sign=-1 next=40.5999 dist=4338.29 spd=368.956
[JINK] sign=-1 next=40.5999 dist=3149.2 spd=329.344
[JINK] sign=1 next=42.3165 dist=1452.71 spd=334.335
[JINK] sign=-1 next=45.1332 dist=755.736 spd=300.484
[JINK] sign=-1 next=49.9665 dist=211.904 spd=325.229
[JINK] sign=-1 next=49.9665 dist=238.005 spd=293.694
[JINK] sign=1 next=51.8831 dist=179.368 spd=294.26
[JINK] sign=-1 next=53.9998 dist=389.225 spd=326.258
[JINK] sign=1 next=55.3165 dist=125.462 spd=300.947
[JINK] sign=-1 next=58.7331 dist=474.999 spd=270.235
[JINK] sign=-1 next=58.7331 dist=520.237 spd=253.67
runner:local/env:0	num_steps=[9125] | total rewards=[768.7333] | termination= [target destroyed]
[seed 1] reward=   768.73 ownHP=1.0000 tgtHP=-0.0025 target destroyed
total: 2
[JINK] sign=-1 next=60.9164 dist=1348.6 spd=300.073
[JINK] sign=-1 next=65.6498 dist=3136.55 spd=357.124
[JINK] sign=-1 next=65.6498 dist=1763.44 spd=348.739
[JINK] sign=1 next=67.3664 dist=656.853 spd=291.173
[JINK] sign=-1 next=70.1831 dist=333.896 spd=267.766
[JINK] sign=1 next=71.2997 dist=203.142 spd=306.246
[JINK] sign=-1 next=75.0164 dist=127.398 spd=292.819
[JINK] sign=1 next=76.933 dist=17.7596 spd=294.517
[JINK] sign=-1 next=79.0497 dist=185.499 spd=325.538
[JINK] sign=1 next=80.3664 dist=313.329 spd=291.996
[JINK] sign=-1 next=83.783 dist=286.347 spd=306.298
[JINK] sign=-1 next=83.783 dist=114.722 spd=280.318
[JINK] sign=1 next=85.4997 dist=656.974 spd=327.081
[JINK] sign=-1 next=88.3163 dist=881.045 spd=306.761
[JINK] sign=1 next=89.433 dist=597.664 spd=319.313
runner:local/env:0	num_steps=[11589] | total rewards=[1110.2649] | termination= [target destroyed]
[seed 2] reward=  1110.26 ownHP=1.0000 tgtHP=-0.0070 target destroyed
total: 2
[JINK] sign=-1 next=93.2663 dist=3689.49 spd=292.305
[JINK] sign=1 next=94.583 dist=3045.42 spd=295.546
[JINK] sign=-1 next=97.9996 dist=3487.81 spd=343.389
[JINK] sign=1 next=99.7163 dist=1807.39 spd=354.038
[JINK] sign=-1 next=102.533 dist=625.097 spd=289.836
[JINK] sign=-1 next=102.533 dist=83.4303 spd=265.965
[JINK] sign=-1 next=107.366 dist=177.197 spd=305.783
[JINK] sign=-1 next=107.366 dist=146.429 spd=292.716
[JINK] sign=1 next=109.283 dist=142.212 spd=314.066
[JINK] sign=-1 next=111.4 dist=648.293 spd=310.053
[JINK] sign=1 next=112.716 dist=640.52 spd=319.724
[JINK] sign=-1 next=116.133 dist=512.355 spd=307.018
[JINK] sign=1 next=117.85 dist=93.1566 spd=291.687
[JINK] sign=-1 next=120.666 dist=455.063 spd=320.805
[JINK] sign=-1 next=120.666 dist=442.96 spd=289.115
[JINK] sign=-1 next=125.5 dist=337.677 spd=318.696
runner:local/env:0	num_steps=[11724] | total rewards=[1140.7475] | termination= [target destroyed]
[seed 3] reward=  1140.75 ownHP=1.0000 tgtHP=-0.0027 target destroyed
total: 2
[JINK] sign=-1 next=125.566 dist=2458.45 spd=296.523
[JINK] sign=1 next=126.883 dist=2788.93 spd=335.775
[JINK] sign=-1 next=130.299 dist=1576.38 spd=347.556
[JINK] sign=1 next=132.016 dist=941.349 spd=313.037
[JINK] sign=-1 next=134.833 dist=506.989 spd=273.836
[JINK] sign=1 next=135.949 dist=228.453 spd=259.175
[JINK] sign=-1 next=139.666 dist=165.772 spd=298.735
[JINK] sign=-1 next=139.666 dist=58.0934 spd=289.99
[JINK] sign=1 next=141.583 dist=781.152 spd=323.531
[JINK] sign=-1 next=143.699 dist=916.54 spd=303.983
[JINK] sign=1 next=145.016 dist=781.828 spd=327.03
runner:local/env:0	num_steps=[8287] | total rewards=[898.5892] | termination= [target destroyed]
[seed 4] reward=   898.59 ownHP=1.0000 tgtHP=-0.0010 target destroyed
total: 2
[JINK] sign=-1 next=148.599 dist=2563.68 spd=296.06
[JINK] sign=1 next=149.916 dist=1034.52 spd=318.335
[JINK] sign=-1 next=153.333 dist=1638.54 spd=346.064
[JINK] sign=1 next=155.049 dist=1479.54 spd=337.421
[JINK] sign=-1 next=157.866 dist=620.56 spd=282.067
[JINK] sign=-1 next=157.866 dist=207.568 spd=261.078
[JINK] sign=-1 next=162.699 dist=207.517 spd=303.262
[JINK] sign=-1 next=162.699 dist=20.5233 spd=292.408
[JINK] sign=1 next=164.616 dist=150.309 spd=315.506
[JINK] sign=-1 next=166.733 dist=929.09 spd=313.294
[JINK] sign=1 next=168.049 dist=841.002 spd=319.673
[JINK] sign=-1 next=171.466 dist=652.412 spd=303.314
[JINK] sign=1 next=173.183 dist=205.976 spd=287.881
runner:local/env:0	num_steps=[9557] | total rewards=[970.3947] | termination= [target destroyed]
[seed 5] reward=   970.39 ownHP=1.0000 tgtHP=-0.0088 target destroyed
total: 2
[JINK] sign=-1 next=175.149 dist=2166.45 spd=296.112
[JINK] sign=1 next=176.466 dist=4383.3 spd=337.113
[JINK] sign=-1 next=179.883 dist=3262.62 spd=341.794
[JINK] sign=1 next=181.599 dist=1247.85 spd=323.531
[JINK] sign=-1 next=184.416 dist=684.639 spd=312.882
[JINK] sign=1 next=185.533 dist=173.378 spd=299.456
[JINK] sign=-1 next=189.249 dist=24.0136 spd=307.018
[JINK] sign=-1 next=189.249 dist=197.776 spd=284.074
[JINK] sign=1 next=191.166 dist=245.132 spd=328.933
[JINK] sign=-1 next=193.283 dist=310.742 spd=305.063
[JINK] sign=-1 next=198.016 dist=169.242 spd=336.084
[JINK] sign=-1 next=198.016 dist=447.479 spd=296.472
runner:local/env:0	num_steps=[9149] | total rewards=[839.0455] | termination= [target destroyed]
[seed 6] reward=   839.05 ownHP=1.0000 tgtHP=-0.0017 target destroyed
total: 2
[JINK] sign=-1 next=200.566 dist=2201.64 spd=297.192
[JINK] sign=1 next=201.883 dist=2655.96 spd=324.972
[JINK] sign=-1 next=205.299 dist=2206.89 spd=361.394
[JINK] sign=1 next=207.016 dist=855.22 spd=313.397
[JINK] sign=-1 next=209.833 dist=489.13 spd=320.908
[JINK] sign=-1 next=209.833 dist=47.0441 spd=292.974
[JINK] sign=-1 next=214.666 dist=632.11 spd=309.95
[JINK] sign=-1 next=214.666 dist=1539.57 spd=285.566
[JINK] sign=1 next=216.582 dist=1077.78 spd=312.677
[JINK] sign=-1 next=218.699 dist=859.805 spd=313.808
[JINK] sign=1 next=220.016 dist=480.001 spd=330.888
[JINK] sign=-1 next=223.432 dist=539.611 spd=290.144
[JINK] sign=1 next=225.149 dist=927.149 spd=270.184
runner:local/env:0	num_steps=[9330] | total rewards=[950.5485] | termination= [target destroyed]
[seed 7] reward=   950.55 ownHP=1.0000 tgtHP=-0.0006 target destroyed
total: 2
[JINK] sign=-1 next=226.482 dist=692.791 spd=302.645
[JINK] sign=1 next=227.799 dist=1279.86 spd=357.433
[JINK] sign=-1 next=231.216 dist=1433.63 spd=355.838
[JINK] sign=1 next=232.932 dist=651.304 spd=298.53
[JINK] sign=-1 next=235.749 dist=587.893 spd=269.669
[JINK] sign=1 next=236.866 dist=326.583 spd=284.948
[JINK] sign=-1 next=240.582 dist=299.831 spd=294.723
[JINK] sign=-1 next=240.582 dist=82.2084 spd=289.321
[JINK] sign=1 next=242.499 dist=266.794 spd=331.145
[JINK] sign=-1 next=244.616 dist=208.442 spd=295.494
[JINK] sign=-1 next=249.349 dist=147.777 spd=323.737
[JINK] sign=-1 next=249.349 dist=61.0598 spd=297.912
[JINK] sign=1 next=251.066 dist=272.052 spd=320.239
[JINK] sign=-1 next=253.882 dist=451.187 spd=310.928
runner:local/env:0	num_steps=[10562] | total rewards=[1197.1370] | termination= [target destroyed]
[seed 8] reward=  1197.14 ownHP=1.0000 tgtHP=-0.0012 target destroyed
total: 2
[JINK] sign=-1 next=255.832 dist=1849.67 spd=296.369
[JINK] sign=1 next=257.149 dist=3526.61 spd=333.254
[JINK] sign=-1 next=260.566 dist=2356.55 spd=359.491
[JINK] sign=1 next=262.282 dist=1033.77 spd=317.204
[JINK] sign=-1 next=265.099 dist=530.786 spd=318.696
[JINK] sign=-1 next=265.099 dist=63.4951 spd=291.893
[JINK] sign=-1 next=269.932 dist=166.009 spd=312.471
[JINK] sign=-1 next=269.932 dist=333.88 spd=294.517
[JINK] sign=1 next=271.849 dist=720.515 spd=313.603
[JINK] sign=-1 next=273.966 dist=830.356 spd=309.847
[JINK] sign=1 next=275.282 dist=607.213 spd=324.457
runner:local/env:0	num_steps=[8098] | total rewards=[845.1702] | termination= [target destroyed]
[seed 9] reward=   845.17 ownHP=1.0000 tgtHP=-0.0000 target destroyed
total: 2
[JINK] sign=-1 next=278.332 dist=1252.37 spd=297.706
[JINK] sign=1 next=279.649 dist=3380.88 spd=340.096
[JINK] sign=-1 next=283.066 dist=1719.3 spd=343.492
[JINK] sign=1 next=284.782 dist=702.303 spd=322.194
[JINK] sign=-1 next=287.599 dist=460.616 spd=312.059
[JINK] sign=1 next=288.716 dist=161.519 spd=300.382
[JINK] sign=-1 next=292.432 dist=141.845 spd=301.719
[JINK] sign=-1 next=292.432 dist=281.356 spd=280.164
[JINK] sign=1 next=294.349 dist=459.974 spd=328.47
[JINK] sign=-1 next=296.465 dist=828.788 spd=306.092
[JINK] sign=-1 next=301.199 dist=647.517 spd=321.782
[JINK] sign=-1 next=301.199 dist=253.852 spd=286.749
[JINK] sign=1 next=302.915 dist=250.099 spd=308.818
[JINK] sign=-1 next=305.732 dist=262.661 spd=315.3
[JINK] sign=1 next=306.849 dist=54.2685 spd=306.606
[JINK] sign=-1 next=310.565 dist=573.28 spd=276.923
runner:local/env:0	num_steps=[11999] | total rewards=[1090.5501] | termination= [max time out]
[seed 10] reward=  1090.55 ownHP=1.0000 tgtHP=0.0590 max time out
total: 2
[JINK] sign=-1 next=311.665 dist=2371.19 spd=297.501
[JINK] sign=1 next=312.982 dist=521.672 spd=326.772
[JINK] sign=-1 next=316.399 dist=2534.6 spd=347.504
[JINK] sign=1 next=318.115 dist=1717.66 spd=328.007
[JINK] sign=-1 next=320.932 dist=612.237 spd=278.775
[JINK] sign=-1 next=320.932 dist=73.1064 spd=260.873
[JINK] sign=-1 next=325.765 dist=224.173 spd=305.166
[JINK] sign=-1 next=325.765 dist=127.381 spd=291.945
[JINK] sign=1 next=327.682 dist=272.629 spd=314.323
[JINK] sign=-1 next=329.799 dist=425.372 spd=316.381
[JINK] sign=1 next=331.115 dist=159.08 spd=315.66
[JINK] sign=-1 next=334.532 dist=115.404 spd=304.6
[JINK] sign=-1 next=334.532 dist=88.6799 spd=282.685
[JINK] sign=-1 next=339.065 dist=681.378 spd=326.566
[JINK] sign=-1 next=339.065 dist=625.388 spd=294.671
runner:local/env:0	num_steps=[10658] | total rewards=[893.9301] | termination= [target destroyed]
[seed 11] reward=   893.93 ownHP=1.0000 tgtHP=-0.0075 target destroyed
total: 2
[JINK] sign=-1 next=341.282 dist=4320.18 spd=311.956
[JINK] sign=1 next=342.599 dist=1369.43 spd=378.679
[JINK] sign=-1 next=346.015 dist=1227.27 spd=311.391
[JINK] sign=1 next=347.732 dist=814.61 spd=323.531
[JINK] sign=-1 next=350.549 dist=846.143 spd=302.182
[JINK] sign=1 next=351.665 dist=449.769 spd=314.323
[JINK] sign=-1 next=355.382 dist=195.23 spd=300.896
[JINK] sign=-1 next=355.382 dist=116.435 spd=281.09
[JINK] sign=-1 next=359.415 dist=193.336 spd=334.643
[JINK] sign=-1 next=359.415 dist=204.19 spd=304.137
runner:local/env:0	num_steps=[7562] | total rewards=[835.1519] | termination= [target destroyed]
[seed 12] reward=   835.15 ownHP=1.0000 tgtHP=-0.0159 target destroyed
total: 2
[JINK] sign=-1 next=362.415 dist=3300.21 spd=306.555
[JINK] sign=1 next=363.732 dist=2755.3 spd=363.298
[JINK] sign=-1 next=367.149 dist=2492.24 spd=337.421
[JINK] sign=1 next=368.865 dist=741.306 spd=327.338
[JINK] sign=-1 next=371.682 dist=670.87 spd=311.185
[JINK] sign=1 next=372.799 dist=294.012 spd=307.841
[JINK] sign=-1 next=376.515 dist=97.5536 spd=297.964
[JINK] sign=-1 next=376.515 dist=109.135 spd=277.592
[JINK] sign=1 next=378.432 dist=369.437 spd=332.071
[JINK] sign=-1 next=380.548 dist=558.999 spd=309.024
[JINK] sign=-1 next=385.282 dist=575.871 spd=300.433
[JINK] sign=-1 next=385.282 dist=1852.57 spd=281.656
[JINK] sign=1 next=386.998 dist=1258.77 spd=297.604
[JINK] sign=-1 next=389.815 dist=1038.03 spd=304.548
[JINK] sign=1 next=390.932 dist=533.103 spd=296.883
runner:local/env:0	num_steps=[11411] | total rewards=[1136.6912] | termination= [target destroyed]
[seed 13] reward=  1136.69 ownHP=1.0000 tgtHP=-0.0030 target destroyed
total: 2
[JINK] sign=-1 next=394.898 dist=3880.35 spd=293.282
[JINK] sign=1 next=396.215 dist=2358.79 spd=309.693
[JINK] sign=-1 next=399.632 dist=2567.07 spd=349.202
[JINK] sign=1 next=401.348 dist=1407.51 spd=336.752
[JINK] sign=-1 next=404.165 dist=551.845 spd=282.839
[JINK] sign=-1 next=404.165 dist=159.198 spd=263.136
[JINK] sign=-1 next=408.998 dist=244.26 spd=303.983
[JINK] sign=-1 next=408.998 dist=59.5673 spd=290.916
[JINK] sign=1 next=410.915 dist=681.118 spd=310.979
[JINK] sign=-1 next=413.032 dist=1089.81 spd=273.734
[JINK] sign=1 next=414.348 dist=490.947 spd=300.999
[JINK] sign=-1 next=417.765 dist=224.231 spd=295.289
[JINK] sign=1 next=419.482 dist=310.484 spd=301.771
[JINK] sign=-1 next=422.298 dist=2060.63 spd=285.977
[JINK] sign=-1 next=422.298 dist=1249.22 spd=263.805
[JINK] sign=-1 next=427.132 dist=608.873 spd=307.429
runner:local/env:0	num_steps=[11999] | total rewards=[1057.0975] | termination= [max time out]
[seed 14] reward=  1057.10 ownHP=1.0000 tgtHP=0.3829 max time out
Remove Space Complete.

[rehearsal own_rep=6 tgt_rep=6 seeds=15]
SUMMARY dealt=14.2167 taken=0.0000 mean_reward=977.90
tacview log saved (last episode)

########## v39 vs AIP_junghwan.dll ##########


     JSBSim Flight Dynamics Model v1.0.0 May 27 2026 16:13:38
            [JSBSim-ML v2.0]

JSBSim startup beginning ...

total: 2
Behavior Tree Initialized Successfully
Behavior Tree Initialized Successfully
[WOBBLE_FIRE] team=2 losTgt=168.67
[WOBBLE_FIRE] team=2 losTgt=168.64
[WOBBLE_FIRE] team=2 losTgt=168.53
[WOBBLE_FIRE] team=2 losTgt=168.47
[WOBBLE_FIRE] team=2 losTgt=168.44
[WOBBLE_FIRE] team=2 losTgt=168.43
[WOBBLE_FIRE] team=2 losTgt=168.45
[WOBBLE_FIRE] team=2 losTgt=168.38
[WOBBLE_FIRE] team=2 losTgt=167.90
[WOBBLE_FIRE] team=2 losTgt=166.70
[WOBBLE_FIRE] team=2 losTgt=164.68
[WOBBLE_FIRE] team=2 losTgt=162.44
[WOBBLE_FIRE] team=2 losTgt=160.68
[WOBBLE_FIRE] team=2 losTgt=159.47
[WOBBLE_FIRE] team=2 losTgt=158.48
[WOBBLE_FIRE] team=2 losTgt=157.41
[WOBBLE_FIRE] team=2 losTgt=156.38
[WOBBLE_FIRE] team=2 losTgt=155.42
[WOBBLE_FIRE] team=2 losTgt=154.51
[WOBBLE_FIRE] team=2 losTgt=153.63
[WOBBLE_FIRE] team=2 losTgt=152.80
[WOBBLE_FIRE] team=2 losTgt=152.02
[WOBBLE_FIRE] team=2 losTgt=151.27
[WOBBLE_FIRE] team=2 losTgt=150.55
[WOBBLE_FIRE] team=2 losTgt=149.85
[WOBBLE_FIRE] team=2 losTgt=149.15
[WOBBLE_FIRE] team=2 losTgt=148.44
[WOBBLE_FIRE] team=2 losTgt=147.73
[WOBBLE_FIRE] team=2 losTgt=147.02
[WOBBLE_FIRE] team=2 losTgt=146.31
[WOBBLE_FIRE] team=2 losTgt=145.59
[WOBBLE_FIRE] team=2 losTgt=144.87
[WOBBLE_FIRE] team=2 losTgt=144.14
[WOBBLE_FIRE] team=2 losTgt=143.42
[WOBBLE_FIRE] team=2 losTgt=142.69
[WOBBLE_FIRE] team=2 losTgt=141.95
[WOBBLE_FIRE] team=2 losTgt=141.21
[WOBBLE_FIRE] team=2 losTgt=140.46
[WOBBLE_FIRE] team=2 losTgt=139.70
[WOBBLE_FIRE] team=2 losTgt=138.95
[WOBBLE_FIRE] team=2 losTgt=138.21
[WOBBLE_FIRE] team=2 losTgt=137.47
[WOBBLE_FIRE] team=2 losTgt=136.73
[WOBBLE_FIRE] team=2 losTgt=135.99
[WOBBLE_FIRE] team=2 losTgt=135.26
[WOBBLE_FIRE] team=2 losTgt=134.53
[WOBBLE_FIRE] team=2 losTgt=133.80
[WOBBLE_FIRE] team=2 losTgt=133.08
[WOBBLE_FIRE] team=2 losTgt=132.36
[WOBBLE_FIRE] team=2 losTgt=131.64
[WOBBLE_FIRE] team=2 losTgt=130.93
[WOBBLE_FIRE] team=2 losTgt=130.21
[WOBBLE_FIRE] team=2 losTgt=129.51
[WOBBLE_FIRE] team=2 losTgt=128.80
[WOBBLE_FIRE] team=2 losTgt=128.10
[WOBBLE_FIRE] team=2 losTgt=127.38
[WOBBLE_FIRE] team=2 losTgt=126.66
[WOBBLE_FIRE] team=2 losTgt=125.92
[WOBBLE_FIRE] team=2 losTgt=125.18
[WOBBLE_FIRE] team=2 losTgt=124.44
[WOBBLE_FIRE] team=2 losTgt=123.69
[WOBBLE_FIRE] team=2 losTgt=122.95
[WOBBLE_FIRE] team=2 losTgt=122.20
[WOBBLE_FIRE] team=2 losTgt=121.45
[WOBBLE_FIRE] team=2 losTgt=120.70
[WOBBLE_FIRE] team=2 losTgt=119.95
[WOBBLE_FIRE] team=2 losTgt=119.20
[WOBBLE_FIRE] team=2 losTgt=118.44
[WOBBLE_FIRE] team=2 losTgt=117.69
[WOBBLE_FIRE] team=2 losTgt=116.93
[WOBBLE_FIRE] team=2 losTgt=116.17
[WOBBLE_FIRE] team=2 losTgt=115.41
[WOBBLE_FIRE] team=2 losTgt=114.65
[WOBBLE_FIRE] team=2 losTgt=113.89
[WOBBLE_FIRE] team=2 losTgt=113.12
[WOBBLE_FIRE] team=2 losTgt=112.35
[WOBBLE_FIRE] team=2 losTgt=111.59
[WOBBLE_FIRE] team=2 losTgt=110.82
[WOBBLE_FIRE] team=2 losTgt=110.04
[WOBBLE_FIRE] team=2 losTgt=109.27
[WOBBLE_FIRE] team=2 losTgt=108.50
[WOBBLE_FIRE] team=2 losTgt=107.72
[WOBBLE_FIRE] team=2 losTgt=106.94
[WOBBLE_FIRE] team=2 losTgt=106.16
[WOBBLE_FIRE] team=2 losTgt=105.38
[WOBBLE_FIRE] team=2 losTgt=104.60
[WOBBLE_FIRE] team=2 losTgt=103.81
[WOBBLE_FIRE] team=2 losTgt=103.02
[WOBBLE_FIRE] team=2 losTgt=102.23
[WOBBLE_FIRE] team=2 losTgt=101.44
[WOBBLE_FIRE] team=2 losTgt=100.65
[WOBBLE_FIRE] team=2 losTgt=99.85
[WOBBLE_FIRE] team=2 losTgt=99.06
[WOBBLE_FIRE] team=2 losTgt=98.26
[WOBBLE_FIRE] team=2 losTgt=97.46
[WOBBLE_FIRE] team=2 losTgt=96.65
[WOBBLE_FIRE] team=2 losTgt=95.85
[WOBBLE_FIRE] team=2 losTgt=95.04
[WOBBLE_FIRE] team=2 losTgt=94.23
[WOBBLE_FIRE] team=2 losTgt=93.41
[WOBBLE_FIRE] team=2 losTgt=92.60
[WOBBLE_FIRE] team=2 losTgt=91.78
[WOBBLE_FIRE] team=2 losTgt=90.95
[WOBBLE_FIRE] team=2 losTgt=90.13
[WOBBLE_FIRE] team=2 losTgt=89.31
[WOBBLE_FIRE] team=2 losTgt=88.48
[WOBBLE_FIRE] team=2 losTgt=87.64
[WOBBLE_FIRE] team=2 losTgt=86.81
[WOBBLE_FIRE] team=2 losTgt=85.97
[WOBBLE_FIRE] team=2 losTgt=85.13
[WOBBLE_FIRE] team=2 losTgt=84.29
[WOBBLE_FIRE] team=2 losTgt=83.44
[WOBBLE_FIRE] team=2 losTgt=82.59
[WOBBLE_FIRE] team=2 losTgt=81.74
[WOBBLE_FIRE] team=2 losTgt=80.88
[WOBBLE_FIRE] team=2 losTgt=80.02
[WOBBLE_FIRE] team=2 losTgt=79.15
[WOBBLE_FIRE] team=2 losTgt=78.29
[WOBBLE_FIRE] team=2 losTgt=77.42
[WOBBLE_FIRE] team=2 losTgt=76.54
[WOBBLE_FIRE] team=2 losTgt=75.66
[WOBBLE_FIRE] team=2 losTgt=74.78
[WOBBLE_FIRE] team=2 losTgt=73.89
[WOBBLE_FIRE] team=2 losTgt=73.21
[WOBBLE_FIRE] team=2 losTgt=72.51
[WOBBLE_FIRE] team=2 losTgt=71.61
[WOBBLE_FIRE] team=2 losTgt=70.58
[WOBBLE_FIRE] team=2 losTgt=69.55
[WOBBLE_FIRE] team=2 losTgt=68.52
[WOBBLE_FIRE] team=2 losTgt=67.47
[WOBBLE_FIRE] team=2 losTgt=66.39
[WOBBLE_FIRE] team=2 losTgt=65.33
[WOBBLE_FIRE] team=2 losTgt=64.28
[WOBBLE_FIRE] team=2 losTgt=63.21
[WOBBLE_FIRE] team=2 losTgt=62.14
[WOBBLE_FIRE] team=2 losTgt=61.06
[WOBBLE_FIRE] team=2 losTgt=59.96
[WOBBLE_FIRE] team=2 losTgt=58.85
[WOBBLE_FIRE] team=2 losTgt=57.72
[WOBBLE_FIRE] team=2 losTgt=56.58
[WOBBLE_FIRE] team=2 losTgt=55.42
[WOBBLE_FIRE] team=2 losTgt=54.24
[WOBBLE_FIRE] team=2 losTgt=53.05
[WOBBLE_FIRE] team=2 losTgt=51.83
[WOBBLE_FIRE] team=2 losTgt=50.59
[WOBBLE_FIRE] team=2 losTgt=49.33
[WOBBLE_FIRE] team=2 losTgt=48.04
[WOBBLE_FIRE] team=2 losTgt=46.73
[WOBBLE_FIRE] team=2 losTgt=45.39
[WOBBLE_FIRE] team=2 losTgt=45.16
[WOBBLE_FIRE] team=2 losTgt=51.91
[WOBBLE_FIRE] team=2 losTgt=58.46
[WOBBLE_FIRE] team=2 losTgt=64.27
[WOBBLE_FIRE] team=2 losTgt=69.15
[WOBBLE_FIRE] team=2 losTgt=73.53
[WOBBLE_FIRE] team=2 losTgt=77.51
[WOBBLE_FIRE] team=2 losTgt=80.97
[WOBBLE_FIRE] team=2 losTgt=83.93
[WOBBLE_FIRE] team=2 losTgt=86.41
[WOBBLE_FIRE] team=2 losTgt=88.45
[WOBBLE_FIRE] team=2 losTgt=90.09
[WOBBLE_FIRE] team=2 losTgt=91.38
[WOBBLE_FIRE] team=2 losTgt=92.39
[WOBBLE_FIRE] team=2 losTgt=93.18
[WOBBLE_FIRE] team=2 losTgt=93.77
[WOBBLE_FIRE] team=2 losTgt=94.21
[WOBBLE_FIRE] team=2 losTgt=94.52
[WOBBLE_FIRE] team=2 losTgt=94.69
[WOBBLE_FIRE] team=2 losTgt=94.76
[WOBBLE_FIRE] team=2 losTgt=94.76
[WOBBLE_FIRE] team=2 losTgt=94.67
[WOBBLE_FIRE] team=2 losTgt=94.50
[WOBBLE_FIRE] team=2 losTgt=94.25
[WOBBLE_FIRE] team=2 losTgt=93.92
[WOBBLE_FIRE] team=2 losTgt=93.53
[WOBBLE_FIRE] team=2 losTgt=93.07
[WOBBLE_FIRE] team=2 losTgt=92.56
[WOBBLE_FIRE] team=2 losTgt=91.99
[WOBBLE_FIRE] team=2 losTgt=91.37
[WOBBLE_FIRE] team=2 losTgt=90.72
[WOBBLE_FIRE] team=2 losTgt=90.03
[WOBBLE_FIRE] team=2 losTgt=89.30
[WOBBLE_FIRE] team=2 losTgt=88.54
[WOBBLE_FIRE] team=2 losTgt=87.76
[WOBBLE_FIRE] team=2 losTgt=86.95
[WOBBLE_FIRE] team=2 losTgt=86.08
[WOBBLE_FIRE] team=2 losTgt=85.21
[WOBBLE_FIRE] team=2 losTgt=84.31
[WOBBLE_FIRE] team=2 losTgt=83.37
[WOBBLE_FIRE] team=2 losTgt=82.43
[WOBBLE_FIRE] team=2 losTgt=81.48
[WOBBLE_FIRE] team=2 losTgt=80.53
[WOBBLE_FIRE] team=2 losTgt=79.59
[WOBBLE_FIRE] team=2 losTgt=78.65
[WOBBLE_FIRE] team=2 losTgt=77.70
[WOBBLE_FIRE] team=2 losTgt=76.77
[WOBBLE_FIRE] team=2 losTgt=76.75
[WOBBLE_FIRE] team=2 losTgt=79.13
[WOBBLE_FIRE] team=2 losTgt=79.96
[WOBBLE_FIRE] team=2 losTgt=80.77
[WOBBLE_FIRE] team=2 losTgt=80.89
[WOBBLE_FIRE] team=2 losTgt=80.54
[WOBBLE_FIRE] team=2 losTgt=79.90
[WOBBLE_FIRE] team=2 losTgt=79.33
[WOBBLE_FIRE] team=2 losTgt=78.98
[WOBBLE_FIRE] team=2 losTgt=78.86
[WOBBLE_FIRE] team=2 losTgt=78.93
[WOBBLE_FIRE] team=2 losTgt=79.04
[WOBBLE_FIRE] team=2 losTgt=79.23
[WOBBLE_FIRE] team=2 losTgt=79.48
[WOBBLE_FIRE] team=2 losTgt=79.59
[WOBBLE_FIRE] team=2 losTgt=80.19
[WOBBLE_FIRE] team=2 losTgt=80.15
[WOBBLE_FIRE] team=2 losTgt=78.83
[WOBBLE_FIRE] team=2 losTgt=78.98
[WOBBLE_FIRE] team=2 losTgt=80.28
[WOBBLE_FIRE] team=2 losTgt=79.49
[WOBBLE_FIRE] team=2 losTgt=76.84
[WOBBLE_FIRE] team=2 losTgt=76.82
[WOBBLE_FIRE] team=2 losTgt=78.12
[WOBBLE_FIRE] team=2 losTgt=76.82
[WOBBLE_FIRE] team=2 losTgt=75.00
[WOBBLE_FIRE] team=2 losTgt=75.34
[WOBBLE_FIRE] team=2 losTgt=74.61
[WOBBLE_FIRE] team=2 losTgt=73.83
[WOBBLE_FIRE] team=2 losTgt=72.60
[WOBBLE_FIRE] team=2 losTgt=71.32
[WOBBLE_FIRE] team=2 losTgt=70.06
[WOBBLE_FIRE] team=2 losTgt=68.86
[WOBBLE_FIRE] team=2 losTgt=67.68
[WOBBLE_FIRE] team=2 losTgt=66.53
[WOBBLE_FIRE] team=2 losTgt=65.41
[WOBBLE_FIRE] team=2 losTgt=64.34
[WOBBLE_FIRE] team=2 losTgt=63.30
[WOBBLE_FIRE] team=2 losTgt=62.28
[WOBBLE_FIRE] team=2 losTgt=61.28
[WOBBLE_FIRE] team=2 losTgt=60.30
[WOBBLE_FIRE] team=2 losTgt=59.34
[WOBBLE_FIRE] team=2 losTgt=58.37
[WOBBLE_FIRE] team=2 losTgt=57.40
[WOBBLE_FIRE] team=2 losTgt=56.43
[WOBBLE_FIRE] team=2 losTgt=55.47
[WOBBLE_FIRE] team=2 losTgt=54.51
[WOBBLE_FIRE] team=2 losTgt=53.55
[WOBBLE_FIRE] team=2 losTgt=52.59
[WOBBLE_FIRE] team=2 losTgt=51.62
[WOBBLE_FIRE] team=2 losTgt=50.65
[WOBBLE_FIRE] team=2 losTgt=49.67
[WOBBLE_FIRE] team=2 losTgt=48.69
[WOBBLE_FIRE] team=2 losTgt=47.70
[WOBBLE_FIRE] team=2 losTgt=46.72
[WOBBLE_FIRE] team=2 losTgt=45.72
[WOBBLE_FIRE] team=2 losTgt=45.18
[WOBBLE_FIRE] team=2 losTgt=45.83
[WOBBLE_FIRE] team=2 losTgt=46.46
[WOBBLE_FIRE] team=2 losTgt=47.07
[WOBBLE_FIRE] team=2 losTgt=47.64
[WOBBLE_FIRE] team=2 losTgt=48.18
[WOBBLE_FIRE] team=2 losTgt=48.67
[WOBBLE_FIRE] team=2 losTgt=49.12
[WOBBLE_FIRE] team=2 losTgt=49.51
[WOBBLE_FIRE] team=2 losTgt=49.85
[WOBBLE_FIRE] team=2 losTgt=50.13
[WOBBLE_FIRE] team=2 losTgt=50.33
[WOBBLE_FIRE] team=2 losTgt=50.45
[WOBBLE_FIRE] team=2 losTgt=50.49
[WOBBLE_FIRE] team=2 losTgt=50.46
[WOBBLE_FIRE] team=2 losTgt=50.35
[WOBBLE_FIRE] team=2 losTgt=50.17
[WOBBLE_FIRE] team=2 losTgt=49.92
[WOBBLE_FIRE] team=2 losTgt=49.59
[WOBBLE_FIRE] team=2 losTgt=49.19
[WOBBLE_FIRE] team=2 losTgt=48.71
[WOBBLE_FIRE] team=2 losTgt=48.16
[WOBBLE_FIRE] team=2 losTgt=47.55
[WOBBLE_FIRE] team=2 losTgt=46.87
[WOBBLE_FIRE] team=2 losTgt=46.13
[WOBBLE_FIRE] team=2 losTgt=45.33
[WOBBLE_FIRE] team=2 losTgt=45.18
[WOBBLE_FIRE] team=2 losTgt=46.21
[WOBBLE_FIRE] team=2 losTgt=47.17
[WOBBLE_FIRE] team=2 losTgt=48.08
[WOBBLE_FIRE] team=2 losTgt=48.92
[WOBBLE_FIRE] team=2 losTgt=49.75
[WOBBLE_FIRE] team=2 losTgt=50.50
[WOBBLE_FIRE] team=2 losTgt=51.16
[WOBBLE_FIRE] team=2 losTgt=51.79
[WOBBLE_FIRE] team=2 losTgt=52.34
[WOBBLE_FIRE] team=2 losTgt=52.83
[WOBBLE_FIRE] team=2 losTgt=53.25
[WOBBLE_FIRE] team=2 losTgt=53.63
[WOBBLE_FIRE] team=2 losTgt=53.96
[WOBBLE_FIRE] team=2 losTgt=54.23
[WOBBLE_FIRE] team=2 losTgt=54.43
[WOBBLE_FIRE] team=2 losTgt=54.62
[WOBBLE_FIRE] team=2 losTgt=54.74
[WOBBLE_FIRE] team=2 losTgt=54.83
[WOBBLE_FIRE] team=2 losTgt=54.89
[WOBBLE_FIRE] team=2 losTgt=54.90
[WOBBLE_FIRE] team=2 losTgt=54.86
[WOBBLE_FIRE] team=2 losTgt=54.81
[WOBBLE_FIRE] team=2 losTgt=54.68
[WOBBLE_FIRE] team=2 losTgt=54.49
[WOBBLE_FIRE] team=2 losTgt=54.24
[WOBBLE_FIRE] team=2 losTgt=53.90
[WOBBLE_FIRE] team=2 losTgt=53.47
[WOBBLE_FIRE] team=2 losTgt=52.96
[WOBBLE_FIRE] team=2 losTgt=52.36
[WOBBLE_FIRE] team=2 losTgt=51.69
[WOBBLE_FIRE] team=2 losTgt=50.91
[WOBBLE_FIRE] team=2 losTgt=50.07
[WOBBLE_FIRE] team=2 losTgt=49.14
[WOBBLE_FIRE] team=2 losTgt=48.13
[WOBBLE_FIRE] team=2 losTgt=47.02
[WOBBLE_FIRE] team=2 losTgt=45.80
init ID:1 Lat37.92355643001773 Lon128.18188127777776 Alt(meter)7000.0785355893395 Speed(m/sec)300.0
init ID:1 Lat37.96855377446113 Lon128.18188127777776 Alt(meter)7002.8272734023885 Speed(m/sec)300.0
runner:local/env:0	num_steps=[10858] | total rewards=[1236.1777] | termination= [target destroyed]
[seed 0] reward=  1236.18 ownHP=1.0000 tgtHP=-0.0011 target destroyed
total: 2
[WOBBLE_FIRE] team=2 losTgt=98.94
[WOBBLE_FIRE] team=2 losTgt=99.02
[WOBBLE_FIRE] team=2 losTgt=99.01
[WOBBLE_FIRE] team=2 losTgt=99.01
[WOBBLE_FIRE] team=2 losTgt=98.93
[WOBBLE_FIRE] team=2 losTgt=98.67
[WOBBLE_FIRE] team=2 losTgt=98.10
[WOBBLE_FIRE] team=2 losTgt=97.16
[WOBBLE_FIRE] team=2 losTgt=95.78
[WOBBLE_FIRE] team=2 losTgt=94.20
[WOBBLE_FIRE] team=2 losTgt=92.76
[WOBBLE_FIRE] team=2 losTgt=91.56
[WOBBLE_FIRE] team=2 losTgt=90.51
[WOBBLE_FIRE] team=2 losTgt=89.56
[WOBBLE_FIRE] team=2 losTgt=88.67
[WOBBLE_FIRE] team=2 losTgt=87.83
[WOBBLE_FIRE] team=2 losTgt=87.03
[WOBBLE_FIRE] team=2 losTgt=86.25
[WOBBLE_FIRE] team=2 losTgt=85.51
[WOBBLE_FIRE] team=2 losTgt=84.78
[WOBBLE_FIRE] team=2 losTgt=84.07
[WOBBLE_FIRE] team=2 losTgt=83.37
[WOBBLE_FIRE] team=2 losTgt=82.69
[WOBBLE_FIRE] team=2 losTgt=82.00
[WOBBLE_FIRE] team=2 losTgt=81.32
[WOBBLE_FIRE] team=2 losTgt=80.64
[WOBBLE_FIRE] team=2 losTgt=79.94
[WOBBLE_FIRE] team=2 losTgt=79.24
[WOBBLE_FIRE] team=2 losTgt=78.54
[WOBBLE_FIRE] team=2 losTgt=77.84
[WOBBLE_FIRE] team=2 losTgt=77.14
[WOBBLE_FIRE] team=2 losTgt=76.44
[WOBBLE_FIRE] team=2 losTgt=75.74
[WOBBLE_FIRE] team=2 losTgt=75.04
[WOBBLE_FIRE] team=2 losTgt=74.33
[WOBBLE_FIRE] team=2 losTgt=73.62
[WOBBLE_FIRE] team=2 losTgt=72.91
[WOBBLE_FIRE] team=2 losTgt=72.20
[WOBBLE_FIRE] team=2 losTgt=71.48
[WOBBLE_FIRE] team=2 losTgt=70.76
[WOBBLE_FIRE] team=2 losTgt=70.03
[WOBBLE_FIRE] team=2 losTgt=69.30
[WOBBLE_FIRE] team=2 losTgt=68.57
[WOBBLE_FIRE] team=2 losTgt=67.83
[WOBBLE_FIRE] team=2 losTgt=67.09
[WOBBLE_FIRE] team=2 losTgt=66.35
[WOBBLE_FIRE] team=2 losTgt=65.61
[WOBBLE_FIRE] team=2 losTgt=64.86
[WOBBLE_FIRE] team=2 losTgt=64.11
[WOBBLE_FIRE] team=2 losTgt=63.36
[WOBBLE_FIRE] team=2 losTgt=62.60
[WOBBLE_FIRE] team=2 losTgt=61.84
[WOBBLE_FIRE] team=2 losTgt=61.08
[WOBBLE_FIRE] team=2 losTgt=60.32
[WOBBLE_FIRE] team=2 losTgt=59.55
[WOBBLE_FIRE] team=2 losTgt=58.77
[WOBBLE_FIRE] team=2 losTgt=57.99
[WOBBLE_FIRE] team=2 losTgt=57.21
[WOBBLE_FIRE] team=2 losTgt=56.43
[WOBBLE_FIRE] team=2 losTgt=55.64
[WOBBLE_FIRE] team=2 losTgt=54.85
[WOBBLE_FIRE] team=2 losTgt=54.05
[WOBBLE_FIRE] team=2 losTgt=53.25
[WOBBLE_FIRE] team=2 losTgt=52.45
[WOBBLE_FIRE] team=2 losTgt=51.63
[WOBBLE_FIRE] team=2 losTgt=50.82
[WOBBLE_FIRE] team=2 losTgt=50.00
[WOBBLE_FIRE] team=2 losTgt=49.18
[WOBBLE_FIRE] team=2 losTgt=48.35
[WOBBLE_FIRE] team=2 losTgt=47.52
[WOBBLE_FIRE] team=2 losTgt=46.68
[WOBBLE_FIRE] team=2 losTgt=45.82
[WOBBLE_FIRE] team=2 losTgt=47.27
[WOBBLE_FIRE] team=2 losTgt=50.02
[WOBBLE_FIRE] team=2 losTgt=52.73
[WOBBLE_FIRE] team=2 losTgt=55.38
[WOBBLE_FIRE] team=2 losTgt=57.95
[WOBBLE_FIRE] team=2 losTgt=60.42
[WOBBLE_FIRE] team=2 losTgt=62.76
[WOBBLE_FIRE] team=2 losTgt=64.97
[WOBBLE_FIRE] team=2 losTgt=67.06
[WOBBLE_FIRE] team=2 losTgt=68.98
[WOBBLE_FIRE] team=2 losTgt=70.76
[WOBBLE_FIRE] team=2 losTgt=72.38
[WOBBLE_FIRE] team=2 losTgt=73.83
[WOBBLE_FIRE] team=2 losTgt=75.12
[WOBBLE_FIRE] team=2 losTgt=76.25
[WOBBLE_FIRE] team=2 losTgt=77.21
[WOBBLE_FIRE] team=2 losTgt=78.04
[WOBBLE_FIRE] team=2 losTgt=78.72
[WOBBLE_FIRE] team=2 losTgt=79.27
[WOBBLE_FIRE] team=2 losTgt=79.71
[WOBBLE_FIRE] team=2 losTgt=80.04
[WOBBLE_FIRE] team=2 losTgt=80.25
[WOBBLE_FIRE] team=2 losTgt=80.38
[WOBBLE_FIRE] team=2 losTgt=80.41
[WOBBLE_FIRE] team=2 losTgt=80.35
[WOBBLE_FIRE] team=2 losTgt=80.22
[WOBBLE_FIRE] team=2 losTgt=80.02
[WOBBLE_FIRE] team=2 losTgt=79.75
[WOBBLE_FIRE] team=2 losTgt=79.42
[WOBBLE_FIRE] team=2 losTgt=79.03
[WOBBLE_FIRE] team=2 losTgt=78.59
[WOBBLE_FIRE] team=2 losTgt=78.10
[WOBBLE_FIRE] team=2 losTgt=77.56
[WOBBLE_FIRE] team=2 losTgt=76.97
[WOBBLE_FIRE] team=2 losTgt=76.34
[WOBBLE_FIRE] team=2 losTgt=75.68
[WOBBLE_FIRE] team=2 losTgt=74.97
[WOBBLE_FIRE] team=2 losTgt=74.23
[WOBBLE_FIRE] team=2 losTgt=73.46
[WOBBLE_FIRE] team=2 losTgt=72.65
[WOBBLE_FIRE] team=2 losTgt=71.82
[WOBBLE_FIRE] team=2 losTgt=70.96
[WOBBLE_FIRE] team=2 losTgt=70.06
[WOBBLE_FIRE] team=2 losTgt=69.15
[WOBBLE_FIRE] team=2 losTgt=68.20
[WOBBLE_FIRE] team=2 losTgt=67.23
[WOBBLE_FIRE] team=2 losTgt=66.24
[WOBBLE_FIRE] team=2 losTgt=65.22
[WOBBLE_FIRE] team=2 losTgt=64.19
[WOBBLE_FIRE] team=2 losTgt=63.13
[WOBBLE_FIRE] team=2 losTgt=62.04
[WOBBLE_FIRE] team=2 losTgt=60.94
[WOBBLE_FIRE] team=2 losTgt=59.82
[WOBBLE_FIRE] team=2 losTgt=58.67
[WOBBLE_FIRE] team=2 losTgt=57.50
[WOBBLE_FIRE] team=2 losTgt=56.31
[WOBBLE_FIRE] team=2 losTgt=55.11
[WOBBLE_FIRE] team=2 losTgt=53.88
[WOBBLE_FIRE] team=2 losTgt=52.63
[WOBBLE_FIRE] team=2 losTgt=51.36
[WOBBLE_FIRE] team=2 losTgt=50.06
[WOBBLE_FIRE] team=2 losTgt=48.75
[WOBBLE_FIRE] team=2 losTgt=47.41
[WOBBLE_FIRE] team=2 losTgt=46.05
[WOBBLE_FIRE] team=2 losTgt=45.60
[WOBBLE_FIRE] team=2 losTgt=47.61
[WOBBLE_FIRE] team=2 losTgt=49.84
[WOBBLE_FIRE] team=2 losTgt=52.19
[WOBBLE_FIRE] team=2 losTgt=54.63
[WOBBLE_FIRE] team=2 losTgt=57.05
[WOBBLE_FIRE] team=2 losTgt=59.51
[WOBBLE_FIRE] team=2 losTgt=61.97
[WOBBLE_FIRE] team=2 losTgt=64.40
[WOBBLE_FIRE] team=2 losTgt=66.77
[WOBBLE_FIRE] team=2 losTgt=69.08
[WOBBLE_FIRE] team=2 losTgt=71.33
[WOBBLE_FIRE] team=2 losTgt=73.51
[WOBBLE_FIRE] team=2 losTgt=75.61
[WOBBLE_FIRE] team=2 losTgt=77.10
[WOBBLE_FIRE] team=2 losTgt=78.25
[WOBBLE_FIRE] team=2 losTgt=79.87
[WOBBLE_FIRE] team=2 losTgt=80.81
[WOBBLE_FIRE] team=2 losTgt=82.09
[WOBBLE_FIRE] team=2 losTgt=84.15
[WOBBLE_FIRE] team=2 losTgt=85.06
[WOBBLE_FIRE] team=2 losTgt=83.49
[WOBBLE_FIRE] team=2 losTgt=83.77
[WOBBLE_FIRE] team=2 losTgt=85.85
[WOBBLE_FIRE] team=2 losTgt=87.23
[WOBBLE_FIRE] team=2 losTgt=86.84
[WOBBLE_FIRE] team=2 losTgt=87.20
[WOBBLE_FIRE] team=2 losTgt=89.30
[WOBBLE_FIRE] team=2 losTgt=90.12
[WOBBLE_FIRE] team=2 losTgt=88.16
[WOBBLE_FIRE] team=2 losTgt=87.71
[WOBBLE_FIRE] team=2 losTgt=89.54
[WOBBLE_FIRE] team=2 losTgt=88.22
[WOBBLE_FIRE] team=2 losTgt=85.56
[WOBBLE_FIRE] team=2 losTgt=86.68
[WOBBLE_FIRE] team=2 losTgt=86.55
[WOBBLE_FIRE] team=2 losTgt=84.64
[WOBBLE_FIRE] team=2 losTgt=84.33
[WOBBLE_FIRE] team=2 losTgt=83.47
[WOBBLE_FIRE] team=2 losTgt=82.68
[WOBBLE_FIRE] team=2 losTgt=81.92
[WOBBLE_FIRE] team=2 losTgt=81.18
[WOBBLE_FIRE] team=2 losTgt=80.45
[WOBBLE_FIRE] team=2 losTgt=79.73
[WOBBLE_FIRE] team=2 losTgt=79.02
[WOBBLE_FIRE] team=2 losTgt=78.30
[WOBBLE_FIRE] team=2 losTgt=77.60
[WOBBLE_FIRE] team=2 losTgt=76.88
[WOBBLE_FIRE] team=2 losTgt=77.17
[WOBBLE_FIRE] team=2 losTgt=79.17
[WOBBLE_FIRE] team=2 losTgt=79.27
[WOBBLE_FIRE] team=2 losTgt=79.02
[WOBBLE_FIRE] team=2 losTgt=78.24
[WOBBLE_FIRE] team=2 losTgt=77.09
[WOBBLE_FIRE] team=2 losTgt=76.38
[WOBBLE_FIRE] team=2 losTgt=75.61
[WOBBLE_FIRE] team=2 losTgt=74.58
[WOBBLE_FIRE] team=2 losTgt=73.58
[WOBBLE_FIRE] team=2 losTgt=72.58
[WOBBLE_FIRE] team=2 losTgt=71.61
[WOBBLE_FIRE] team=2 losTgt=70.61
[WOBBLE_FIRE] team=2 losTgt=69.60
[WOBBLE_FIRE] team=2 losTgt=68.59
[WOBBLE_FIRE] team=2 losTgt=67.58
[WOBBLE_FIRE] team=2 losTgt=66.58
[WOBBLE_FIRE] team=2 losTgt=65.56
[WOBBLE_FIRE] team=2 losTgt=64.54
[WOBBLE_FIRE] team=2 losTgt=63.52
[WOBBLE_FIRE] team=2 losTgt=62.50
[WOBBLE_FIRE] team=2 losTgt=61.47
[WOBBLE_FIRE] team=2 losTgt=60.43
[WOBBLE_FIRE] team=2 losTgt=59.39
[WOBBLE_FIRE] team=2 losTgt=58.35
[WOBBLE_FIRE] team=2 losTgt=57.30
[WOBBLE_FIRE] team=2 losTgt=56.24
[WOBBLE_FIRE] team=2 losTgt=55.18
[WOBBLE_FIRE] team=2 losTgt=54.10
[WOBBLE_FIRE] team=2 losTgt=53.02
[WOBBLE_FIRE] team=2 losTgt=51.93
[WOBBLE_FIRE] team=2 losTgt=50.83
[WOBBLE_FIRE] team=2 losTgt=49.72
[WOBBLE_FIRE] team=2 losTgt=48.60
[WOBBLE_FIRE] team=2 losTgt=47.47
[WOBBLE_FIRE] team=2 losTgt=46.34
[WOBBLE_FIRE] team=2 losTgt=45.19
[WOBBLE_FIRE] team=2 losTgt=45.83
[WOBBLE_FIRE] team=2 losTgt=47.21
[WOBBLE_FIRE] team=2 losTgt=48.39
[WOBBLE_FIRE] team=2 losTgt=49.44
[WOBBLE_FIRE] team=2 losTgt=50.34
[WOBBLE_FIRE] team=2 losTgt=51.05
[WOBBLE_FIRE] team=2 losTgt=51.66
[WOBBLE_FIRE] team=2 losTgt=52.15
[WOBBLE_FIRE] team=2 losTgt=52.54
[WOBBLE_FIRE] team=2 losTgt=52.81
[WOBBLE_FIRE] team=2 losTgt=53.01
[WOBBLE_FIRE] team=2 losTgt=53.31
[WOBBLE_FIRE] team=2 losTgt=53.47
[WOBBLE_FIRE] team=2 losTgt=53.51
[WOBBLE_FIRE] team=2 losTgt=53.42
[WOBBLE_FIRE] team=2 losTgt=53.26
[WOBBLE_FIRE] team=2 losTgt=53.04
[WOBBLE_FIRE] team=2 losTgt=52.67
[WOBBLE_FIRE] team=2 losTgt=52.16
[WOBBLE_FIRE] team=2 losTgt=51.54
[WOBBLE_FIRE] team=2 losTgt=50.76
[WOBBLE_FIRE] team=2 losTgt=49.89
[WOBBLE_FIRE] team=2 losTgt=48.85
[WOBBLE_FIRE] team=2 losTgt=47.73
[WOBBLE_FIRE] team=2 losTgt=46.50
[WOBBLE_FIRE] team=2 losTgt=48.52
[WOBBLE_FIRE] team=2 losTgt=52.34
[WOBBLE_FIRE] team=2 losTgt=55.63
[WOBBLE_FIRE] team=2 losTgt=58.28
[WOBBLE_FIRE] team=2 losTgt=60.42
[WOBBLE_FIRE] team=2 losTgt=61.97
[WOBBLE_FIRE] team=2 losTgt=62.59
[WOBBLE_FIRE] team=2 losTgt=62.39
[WOBBLE_FIRE] team=2 losTgt=61.52
[WOBBLE_FIRE] team=2 losTgt=60.57
[WOBBLE_FIRE] team=2 losTgt=59.76
[WOBBLE_FIRE] team=2 losTgt=58.98
[WOBBLE_FIRE] team=2 losTgt=58.17
[WOBBLE_FIRE] team=2 losTgt=57.20
[WOBBLE_FIRE] team=2 losTgt=56.20
[WOBBLE_FIRE] team=2 losTgt=55.02
[WOBBLE_FIRE] team=2 losTgt=53.69
[WOBBLE_FIRE] team=2 losTgt=52.03
[WOBBLE_FIRE] team=2 losTgt=50.10
[WOBBLE_FIRE] team=2 losTgt=47.45
[WOBBLE_FIRE] team=2 losTgt=47.44
[WOBBLE_FIRE] team=2 losTgt=54.35
[WOBBLE_FIRE] team=2 losTgt=59.39
[WOBBLE_FIRE] team=2 losTgt=62.93
[WOBBLE_FIRE] team=2 losTgt=65.51
[WOBBLE_FIRE] team=2 losTgt=67.42
[WOBBLE_FIRE] team=2 losTgt=68.70
[WOBBLE_FIRE] team=2 losTgt=69.66
[WOBBLE_FIRE] team=2 losTgt=70.35
[WOBBLE_FIRE] team=2 losTgt=70.77
[WOBBLE_FIRE] team=2 losTgt=70.98
[WOBBLE_FIRE] team=2 losTgt=70.98
[WOBBLE_FIRE] team=2 losTgt=70.70
[WOBBLE_FIRE] team=2 losTgt=70.47
[WOBBLE_FIRE] team=2 losTgt=70.02
[WOBBLE_FIRE] team=2 losTgt=69.72
[WOBBLE_FIRE] team=2 losTgt=69.41
[WOBBLE_FIRE] team=2 losTgt=69.31
[WOBBLE_FIRE] team=2 losTgt=69.37
[WOBBLE_FIRE] team=2 losTgt=69.93
[WOBBLE_FIRE] team=2 losTgt=71.32
[WOBBLE_FIRE] team=2 losTgt=73.62
[WOBBLE_FIRE] team=2 losTgt=76.85
[WOBBLE_FIRE] team=2 losTgt=80.74
[WOBBLE_FIRE] team=2 losTgt=84.30
[WOBBLE_FIRE] team=2 losTgt=87.17
[WOBBLE_FIRE] team=2 losTgt=88.98
[WOBBLE_FIRE] team=2 losTgt=89.64
[WOBBLE_FIRE] team=2 losTgt=89.47
[WOBBLE_FIRE] team=2 losTgt=89.19
[WOBBLE_FIRE] team=2 losTgt=88.82
[WOBBLE_FIRE] team=2 losTgt=88.37
[WOBBLE_FIRE] team=2 losTgt=87.81
[WOBBLE_FIRE] team=2 losTgt=87.09
[WOBBLE_FIRE] team=2 losTgt=86.34
[WOBBLE_FIRE] team=2 losTgt=85.65
[WOBBLE_FIRE] team=2 losTgt=84.88
[WOBBLE_FIRE] team=2 losTgt=84.14
[WOBBLE_FIRE] team=2 losTgt=83.29
[WOBBLE_FIRE] team=2 losTgt=82.57
[WOBBLE_FIRE] team=2 losTgt=81.73
[WOBBLE_FIRE] team=2 losTgt=80.88
[WOBBLE_FIRE] team=2 losTgt=80.39
[WOBBLE_FIRE] team=2 losTgt=80.37
[WOBBLE_FIRE] team=2 losTgt=80.45
[WOBBLE_FIRE] team=2 losTgt=80.21
[WOBBLE_FIRE] team=2 losTgt=79.69
[WOBBLE_FIRE] team=2 losTgt=79.00
[WOBBLE_FIRE] team=2 losTgt=78.27
[WOBBLE_FIRE] team=2 losTgt=77.58
[WOBBLE_FIRE] team=2 losTgt=76.94
[WOBBLE_FIRE] team=2 losTgt=76.59
[WOBBLE_FIRE] team=2 losTgt=76.34
[WOBBLE_FIRE] team=2 losTgt=76.13
[WOBBLE_FIRE] team=2 losTgt=76.08
[WOBBLE_FIRE] team=2 losTgt=76.02
[WOBBLE_FIRE] team=2 losTgt=76.16
[WOBBLE_FIRE] team=2 losTgt=76.46
[WOBBLE_FIRE] team=2 losTgt=76.85
[WOBBLE_FIRE] team=2 losTgt=77.51
[WOBBLE_FIRE] team=2 losTgt=78.69
[WOBBLE_FIRE] team=2 losTgt=80.06
[WOBBLE_FIRE] team=2 losTgt=81.99
[WOBBLE_FIRE] team=2 losTgt=84.22
[WOBBLE_FIRE] team=2 losTgt=86.59
[WOBBLE_FIRE] team=2 losTgt=88.65
[WOBBLE_FIRE] team=2 losTgt=90.29
[WOBBLE_FIRE] team=2 losTgt=91.29
[WOBBLE_FIRE] team=2 losTgt=91.83
[WOBBLE_FIRE] team=2 losTgt=92.02
[WOBBLE_FIRE] team=2 losTgt=91.85
[WOBBLE_FIRE] team=2 losTgt=91.60
[WOBBLE_FIRE] team=2 losTgt=91.15
[WOBBLE_FIRE] team=2 losTgt=90.68
[WOBBLE_FIRE] team=2 losTgt=90.16
[WOBBLE_FIRE] team=2 losTgt=89.57
[WOBBLE_FIRE] team=2 losTgt=89.02
[WOBBLE_FIRE] team=2 losTgt=88.34
[WOBBLE_FIRE] team=2 losTgt=87.74
[WOBBLE_FIRE] team=2 losTgt=87.09
[WOBBLE_FIRE] team=2 losTgt=86.48
[WOBBLE_FIRE] team=2 losTgt=85.91
[WOBBLE_FIRE] team=2 losTgt=85.29
[WOBBLE_FIRE] team=2 losTgt=84.72
[WOBBLE_FIRE] team=2 losTgt=84.19
[WOBBLE_FIRE] team=2 losTgt=83.72
[WOBBLE_FIRE] team=2 losTgt=83.28
[WOBBLE_FIRE] team=2 losTgt=82.90
[WOBBLE_FIRE] team=2 losTgt=82.66
[WOBBLE_FIRE] team=2 losTgt=82.57
[WOBBLE_FIRE] team=2 losTgt=82.58
[WOBBLE_FIRE] team=2 losTgt=82.81
[WOBBLE_FIRE] team=2 losTgt=83.34
[WOBBLE_FIRE] team=2 losTgt=84.21
[WOBBLE_FIRE] team=2 losTgt=85.50
[WOBBLE_FIRE] team=2 losTgt=87.24
[WOBBLE_FIRE] team=2 losTgt=89.39
[WOBBLE_FIRE] team=2 losTgt=92.08
[WOBBLE_FIRE] team=2 losTgt=94.88
[WOBBLE_FIRE] team=2 losTgt=97.82
[WOBBLE_FIRE] team=2 losTgt=100.53
[WOBBLE_FIRE] team=2 losTgt=102.48
[WOBBLE_FIRE] team=2 losTgt=103.07
[WOBBLE_FIRE] team=2 losTgt=102.55
[WOBBLE_FIRE] team=2 losTgt=101.05
[WOBBLE_FIRE] team=2 losTgt=99.02
[WOBBLE_FIRE] team=2 losTgt=97.05
[WOBBLE_FIRE] team=2 losTgt=95.41
[WOBBLE_FIRE] team=2 losTgt=93.98
[WOBBLE_FIRE] team=2 losTgt=92.72
[WOBBLE_FIRE] team=2 losTgt=91.56
[WOBBLE_FIRE] team=2 losTgt=90.45
[WOBBLE_FIRE] team=2 losTgt=89.35
[WOBBLE_FIRE] team=2 losTgt=88.26
[WOBBLE_FIRE] team=2 losTgt=87.15
[WOBBLE_FIRE] team=2 losTgt=86.03
[WOBBLE_FIRE] team=2 losTgt=84.91
[WOBBLE_FIRE] team=2 losTgt=83.79
[WOBBLE_FIRE] team=2 losTgt=82.66
[WOBBLE_FIRE] team=2 losTgt=81.50
[WOBBLE_FIRE] team=2 losTgt=80.28
[WOBBLE_FIRE] team=2 losTgt=79.10
[WOBBLE_FIRE] team=2 losTgt=77.87
[WOBBLE_FIRE] team=2 losTgt=76.65
[WOBBLE_FIRE] team=2 losTgt=75.41
[WOBBLE_FIRE] team=2 losTgt=74.13
[WOBBLE_FIRE] team=2 losTgt=72.84
[WOBBLE_FIRE] team=2 losTgt=71.49
[WOBBLE_FIRE] team=2 losTgt=70.15
[WOBBLE_FIRE] team=2 losTgt=68.66
[WOBBLE_FIRE] team=2 losTgt=67.14
[WOBBLE_FIRE] team=2 losTgt=65.46
[WOBBLE_FIRE] team=2 losTgt=63.53
[WOBBLE_FIRE] team=2 losTgt=61.00
[WOBBLE_FIRE] team=2 losTgt=59.36
[WOBBLE_FIRE] team=2 losTgt=103.83
[WOBBLE_FIRE] team=2 losTgt=108.67
[WOBBLE_FIRE] team=2 losTgt=109.62
[WOBBLE_FIRE] team=2 losTgt=109.88
[WOBBLE_FIRE] team=2 losTgt=110.04
[WOBBLE_FIRE] team=2 losTgt=110.12
[WOBBLE_FIRE] team=2 losTgt=110.10
[WOBBLE_FIRE] team=2 losTgt=109.62
[WOBBLE_FIRE] team=2 losTgt=108.45
[WOBBLE_FIRE] team=2 losTgt=106.73
[WOBBLE_FIRE] team=2 losTgt=104.84
[WOBBLE_FIRE] team=2 losTgt=103.10
[WOBBLE_FIRE] team=2 losTgt=101.56
[WOBBLE_FIRE] team=2 losTgt=100.15
[WOBBLE_FIRE] team=2 losTgt=98.76
[WOBBLE_FIRE] team=2 losTgt=97.45
[WOBBLE_FIRE] team=2 losTgt=96.14
[WOBBLE_FIRE] team=2 losTgt=94.83
[WOBBLE_FIRE] team=2 losTgt=93.54
[WOBBLE_FIRE] team=2 losTgt=92.24
[WOBBLE_FIRE] team=2 losTgt=90.98
[WOBBLE_FIRE] team=2 losTgt=89.71
[WOBBLE_FIRE] team=2 losTgt=88.45
[WOBBLE_FIRE] team=2 losTgt=87.21
[WOBBLE_FIRE] team=2 losTgt=85.96
[WOBBLE_FIRE] team=2 losTgt=84.74
[WOBBLE_FIRE] team=2 losTgt=83.49
[WOBBLE_FIRE] team=2 losTgt=82.26
[WOBBLE_FIRE] team=2 losTgt=81.01
[WOBBLE_FIRE] team=2 losTgt=79.78
[WOBBLE_FIRE] team=2 losTgt=78.54
[WOBBLE_FIRE] team=2 losTgt=77.29
[WOBBLE_FIRE] team=2 losTgt=76.06
[WOBBLE_FIRE] team=2 losTgt=74.83
[WOBBLE_FIRE] team=2 losTgt=73.59
[WOBBLE_FIRE] team=2 losTgt=72.36
[WOBBLE_FIRE] team=2 losTgt=71.11
[WOBBLE_FIRE] team=2 losTgt=69.89
[WOBBLE_FIRE] team=2 losTgt=68.63
[WOBBLE_FIRE] team=2 losTgt=67.40
[WOBBLE_FIRE] team=2 losTgt=66.16
[WOBBLE_FIRE] team=2 losTgt=64.92
[WOBBLE_FIRE] team=2 losTgt=63.83
[WOBBLE_FIRE] team=2 losTgt=63.24
[WOBBLE_FIRE] team=2 losTgt=63.19
[WOBBLE_FIRE] team=2 losTgt=63.22
[WOBBLE_FIRE] team=2 losTgt=63.14
[WOBBLE_FIRE] team=2 losTgt=62.94
[WOBBLE_FIRE] team=2 losTgt=62.60
[WOBBLE_FIRE] team=2 losTgt=61.75
[WOBBLE_FIRE] team=2 losTgt=66.32
[WOBBLE_FIRE] team=2 losTgt=108.71
[WOBBLE_FIRE] team=2 losTgt=113.34
[WOBBLE_FIRE] team=2 losTgt=114.17
[WOBBLE_FIRE] team=2 losTgt=113.94
[WOBBLE_FIRE] team=2 losTgt=112.79
[WOBBLE_FIRE] team=2 losTgt=111.26
[WOBBLE_FIRE] team=2 losTgt=109.71
[WOBBLE_FIRE] team=2 losTgt=108.31
[WOBBLE_FIRE] team=2 losTgt=106.88
[WOBBLE_FIRE] team=2 losTgt=105.49
[WOBBLE_FIRE] team=2 losTgt=104.07
[WOBBLE_FIRE] team=2 losTgt=102.63
[WOBBLE_FIRE] team=2 losTgt=101.22
[WOBBLE_FIRE] team=2 losTgt=99.84
[WOBBLE_FIRE] team=2 losTgt=98.44
[WOBBLE_FIRE] team=2 losTgt=97.06
[WOBBLE_FIRE] team=2 losTgt=95.67
[WOBBLE_FIRE] team=2 losTgt=94.27
[WOBBLE_FIRE] team=2 losTgt=92.87
[WOBBLE_FIRE] team=2 losTgt=91.46
[WOBBLE_FIRE] team=2 losTgt=90.06
[WOBBLE_FIRE] team=2 losTgt=88.64
[WOBBLE_FIRE] team=2 losTgt=87.22
[WOBBLE_FIRE] team=2 losTgt=85.81
[WOBBLE_FIRE] team=2 losTgt=84.42
[WOBBLE_FIRE] team=2 losTgt=83.06
[WOBBLE_FIRE] team=2 losTgt=81.66
[WOBBLE_FIRE] team=2 losTgt=80.28
[WOBBLE_FIRE] team=2 losTgt=78.89
[WOBBLE_FIRE] team=2 losTgt=77.50
[WOBBLE_FIRE] team=2 losTgt=76.11
[WOBBLE_FIRE] team=2 losTgt=74.71
[WOBBLE_FIRE] team=2 losTgt=73.32
[WOBBLE_FIRE] team=2 losTgt=71.80
[WOBBLE_FIRE] team=2 losTgt=70.19
[WOBBLE_FIRE] team=2 losTgt=68.50
[WOBBLE_FIRE] team=2 losTgt=66.71
[WOBBLE_FIRE] team=2 losTgt=64.84
[WOBBLE_FIRE] team=2 losTgt=62.89
[WOBBLE_FIRE] team=2 losTgt=60.91
[WOBBLE_FIRE] team=2 losTgt=58.87
[WOBBLE_FIRE] team=2 losTgt=56.77
[WOBBLE_FIRE] team=2 losTgt=54.58
[WOBBLE_FIRE] team=2 losTgt=53.24
[WOBBLE_FIRE] team=2 losTgt=54.31
[WOBBLE_FIRE] team=2 losTgt=53.79
[WOBBLE_FIRE] team=2 losTgt=53.21
[WOBBLE_FIRE] team=2 losTgt=51.96
[WOBBLE_FIRE] team=2 losTgt=50.10
[WOBBLE_FIRE] team=2 losTgt=47.70
[WOBBLE_FIRE] team=2 losTgt=54.61
[WOBBLE_FIRE] team=2 losTgt=66.80
[WOBBLE_FIRE] team=2 losTgt=76.14
[WOBBLE_FIRE] team=2 losTgt=82.67
[WOBBLE_FIRE] team=2 losTgt=86.86
[WOBBLE_FIRE] team=2 losTgt=89.69
[WOBBLE_FIRE] team=2 losTgt=91.59
[WOBBLE_FIRE] team=2 losTgt=92.80
[WOBBLE_FIRE] team=2 losTgt=93.62
[WOBBLE_FIRE] team=2 losTgt=94.02
[WOBBLE_FIRE] team=2 losTgt=94.19
[WOBBLE_FIRE] team=2 losTgt=94.19
[WOBBLE_FIRE] team=2 losTgt=94.04
[WOBBLE_FIRE] team=2 losTgt=93.82
[WOBBLE_FIRE] team=2 losTgt=93.47
[WOBBLE_FIRE] team=2 losTgt=93.07
[WOBBLE_FIRE] team=2 losTgt=92.62
[WOBBLE_FIRE] team=2 losTgt=92.11
[WOBBLE_FIRE] team=2 losTgt=91.56
[WOBBLE_FIRE] team=2 losTgt=90.99
[WOBBLE_FIRE] team=2 losTgt=90.38
[WOBBLE_FIRE] team=2 losTgt=89.75
[WOBBLE_FIRE] team=2 losTgt=89.10
[WOBBLE_FIRE] team=2 losTgt=88.43
[WOBBLE_FIRE] team=2 losTgt=87.76
[WOBBLE_FIRE] team=2 losTgt=87.06
[WOBBLE_FIRE] team=2 losTgt=86.36
[WOBBLE_FIRE] team=2 losTgt=85.65
[WOBBLE_FIRE] team=2 losTgt=84.93
[WOBBLE_FIRE] team=2 losTgt=84.21
[WOBBLE_FIRE] team=2 losTgt=83.47
[WOBBLE_FIRE] team=2 losTgt=82.73
[WOBBLE_FIRE] team=2 losTgt=81.98
[WOBBLE_FIRE] team=2 losTgt=81.23
[WOBBLE_FIRE] team=2 losTgt=80.45
[WOBBLE_FIRE] team=2 losTgt=79.66
[WOBBLE_FIRE] team=2 losTgt=78.86
[WOBBLE_FIRE] team=2 losTgt=78.01
[WOBBLE_FIRE] team=2 losTgt=77.14
[WOBBLE_FIRE] team=2 losTgt=76.22
[WOBBLE_FIRE] team=2 losTgt=75.29
[WOBBLE_FIRE] team=2 losTgt=74.33
[WOBBLE_FIRE] team=2 losTgt=73.35
[WOBBLE_FIRE] team=2 losTgt=72.34
[WOBBLE_FIRE] team=2 losTgt=71.31
[WOBBLE_FIRE] team=2 losTgt=70.27
[WOBBLE_FIRE] team=2 losTgt=69.20
[WOBBLE_FIRE] team=2 losTgt=68.12
[WOBBLE_FIRE] team=2 losTgt=67.01
[WOBBLE_FIRE] team=2 losTgt=65.87
[WOBBLE_FIRE] team=2 losTgt=64.69
[WOBBLE_FIRE] team=2 losTgt=63.49
[WOBBLE_FIRE] team=2 losTgt=62.26
[WOBBLE_FIRE] team=2 losTgt=61.02
[WOBBLE_FIRE] team=2 losTgt=59.75
[WOBBLE_FIRE] team=2 losTgt=58.44
[WOBBLE_FIRE] team=2 losTgt=57.11
[WOBBLE_FIRE] team=2 losTgt=55.77
[WOBBLE_FIRE] team=2 losTgt=54.38
[WOBBLE_FIRE] team=2 losTgt=52.96
[WOBBLE_FIRE] team=2 losTgt=51.52
[WOBBLE_FIRE] team=2 losTgt=50.04
[WOBBLE_FIRE] team=2 losTgt=48.53
[WOBBLE_FIRE] team=2 losTgt=46.98
[WOBBLE_FIRE] team=2 losTgt=45.38
[WOBBLE_FIRE] team=2 losTgt=47.64
[WOBBLE_FIRE] team=2 losTgt=52.23
[WOBBLE_FIRE] team=2 losTgt=56.47
[WOBBLE_FIRE] team=2 losTgt=60.02
[WOBBLE_FIRE] team=2 losTgt=62.81
[WOBBLE_FIRE] team=2 losTgt=64.96
[WOBBLE_FIRE] team=2 losTgt=66.82
[WOBBLE_FIRE] team=2 losTgt=68.56
[WOBBLE_FIRE] team=2 losTgt=70.13
[WOBBLE_FIRE] team=2 losTgt=71.45
[WOBBLE_FIRE] team=2 losTgt=72.52
[WOBBLE_FIRE] team=2 losTgt=73.39
[WOBBLE_FIRE] team=2 losTgt=74.05
[WOBBLE_FIRE] team=2 losTgt=74.53
[WOBBLE_FIRE] team=2 losTgt=74.81
[WOBBLE_FIRE] team=2 losTgt=74.91
[WOBBLE_FIRE] team=2 losTgt=74.86
[WOBBLE_FIRE] team=2 losTgt=74.65
[WOBBLE_FIRE] team=2 losTgt=74.31
[WOBBLE_FIRE] team=2 losTgt=73.85
[WOBBLE_FIRE] team=2 losTgt=73.28
[WOBBLE_FIRE] team=2 losTgt=72.61
[WOBBLE_FIRE] team=2 losTgt=71.85
[WOBBLE_FIRE] team=2 losTgt=71.00
[WOBBLE_FIRE] team=2 losTgt=70.08
[WOBBLE_FIRE] team=2 losTgt=69.09
[WOBBLE_FIRE] team=2 losTgt=68.03
[WOBBLE_FIRE] team=2 losTgt=66.92
[WOBBLE_FIRE] team=2 losTgt=65.74
[WOBBLE_FIRE] team=2 losTgt=64.52
[WOBBLE_FIRE] team=2 losTgt=63.25
[WOBBLE_FIRE] team=2 losTgt=61.93
[WOBBLE_FIRE] team=2 losTgt=60.56
[WOBBLE_FIRE] team=2 losTgt=59.15
[WOBBLE_FIRE] team=2 losTgt=57.70
[WOBBLE_FIRE] team=2 losTgt=56.22
[WOBBLE_FIRE] team=2 losTgt=54.69
[WOBBLE_FIRE] team=2 losTgt=53.12
[WOBBLE_FIRE] team=2 losTgt=51.52
[WOBBLE_FIRE] team=2 losTgt=49.88
[WOBBLE_FIRE] team=2 losTgt=48.19
[WOBBLE_FIRE] team=2 losTgt=46.48
runner:local/env:0	num_steps=[11999] | total rewards=[1067.5051] | termination= [max time out]
[seed 1] reward=  1067.51 ownHP=1.0000 tgtHP=0.1859 max time out
total: 2
[WOBBLE_FIRE] team=2 losTgt=46.95
[WOBBLE_FIRE] team=2 losTgt=48.94
[WOBBLE_FIRE] team=2 losTgt=50.92
[WOBBLE_FIRE] team=2 losTgt=52.88
[WOBBLE_FIRE] team=2 losTgt=54.82
[WOBBLE_FIRE] team=2 losTgt=56.71
[WOBBLE_FIRE] team=2 losTgt=58.56
[WOBBLE_FIRE] team=2 losTgt=60.36
[WOBBLE_FIRE] team=2 losTgt=62.09
[WOBBLE_FIRE] team=2 losTgt=63.76
[WOBBLE_FIRE] team=2 losTgt=65.35
[WOBBLE_FIRE] team=2 losTgt=66.85
[WOBBLE_FIRE] team=2 losTgt=68.27
[WOBBLE_FIRE] team=2 losTgt=69.60
[WOBBLE_FIRE] team=2 losTgt=70.84
[WOBBLE_FIRE] team=2 losTgt=71.98
[WOBBLE_FIRE] team=2 losTgt=73.02
[WOBBLE_FIRE] team=2 losTgt=73.97
[WOBBLE_FIRE] team=2 losTgt=74.83
[WOBBLE_FIRE] team=2 losTgt=75.60
[WOBBLE_FIRE] team=2 losTgt=76.28
[WOBBLE_FIRE] team=2 losTgt=76.88
[WOBBLE_FIRE] team=2 losTgt=77.40
[WOBBLE_FIRE] team=2 losTgt=77.83
[WOBBLE_FIRE] team=2 losTgt=78.20
[WOBBLE_FIRE] team=2 losTgt=78.49
[WOBBLE_FIRE] team=2 losTgt=78.72
[WOBBLE_FIRE] team=2 losTgt=78.88
[WOBBLE_FIRE] team=2 losTgt=78.98
[WOBBLE_FIRE] team=2 losTgt=79.02
[WOBBLE_FIRE] team=2 losTgt=79.01
[WOBBLE_FIRE] team=2 losTgt=78.95
[WOBBLE_FIRE] team=2 losTgt=78.84
[WOBBLE_FIRE] team=2 losTgt=78.68
[WOBBLE_FIRE] team=2 losTgt=78.47
[WOBBLE_FIRE] team=2 losTgt=78.23
[WOBBLE_FIRE] team=2 losTgt=77.94
[WOBBLE_FIRE] team=2 losTgt=77.62
[WOBBLE_FIRE] team=2 losTgt=77.26
[WOBBLE_FIRE] team=2 losTgt=76.87
[WOBBLE_FIRE] team=2 losTgt=76.44
[WOBBLE_FIRE] team=2 losTgt=75.98
[WOBBLE_FIRE] team=2 losTgt=75.49
[WOBBLE_FIRE] team=2 losTgt=74.98
[WOBBLE_FIRE] team=2 losTgt=74.43
[WOBBLE_FIRE] team=2 losTgt=73.86
[WOBBLE_FIRE] team=2 losTgt=73.27
[WOBBLE_FIRE] team=2 losTgt=72.65
[WOBBLE_FIRE] team=2 losTgt=72.00
[WOBBLE_FIRE] team=2 losTgt=71.34
[WOBBLE_FIRE] team=2 losTgt=70.65
[WOBBLE_FIRE] team=2 losTgt=69.94
[WOBBLE_FIRE] team=2 losTgt=69.21
[WOBBLE_FIRE] team=2 losTgt=68.46
[WOBBLE_FIRE] team=2 losTgt=67.69
[WOBBLE_FIRE] team=2 losTgt=66.90
[WOBBLE_FIRE] team=2 losTgt=66.09
[WOBBLE_FIRE] team=2 losTgt=65.27
[WOBBLE_FIRE] team=2 losTgt=64.43
[WOBBLE_FIRE] team=2 losTgt=63.57
[WOBBLE_FIRE] team=2 losTgt=62.69
[WOBBLE_FIRE] team=2 losTgt=61.80
[WOBBLE_FIRE] team=2 losTgt=60.89
[WOBBLE_FIRE] team=2 losTgt=59.96
[WOBBLE_FIRE] team=2 losTgt=59.02
[WOBBLE_FIRE] team=2 losTgt=58.06
[WOBBLE_FIRE] team=2 losTgt=57.08
[WOBBLE_FIRE] team=2 losTgt=56.09
[WOBBLE_FIRE] team=2 losTgt=55.08
[WOBBLE_FIRE] team=2 losTgt=54.06
[WOBBLE_FIRE] team=2 losTgt=53.02
[WOBBLE_FIRE] team=2 losTgt=51.96
[WOBBLE_FIRE] team=2 losTgt=50.89
[WOBBLE_FIRE] team=2 losTgt=49.79
[WOBBLE_FIRE] team=2 losTgt=48.69
[WOBBLE_FIRE] team=2 losTgt=47.56
[WOBBLE_FIRE] team=2 losTgt=46.41
[WOBBLE_FIRE] team=2 losTgt=45.25
runner:local/env:0	num_steps=[7434] | total rewards=[994.3268] | termination= [target destroyed]
[seed 2] reward=   994.33 ownHP=1.0000 tgtHP=-0.0013 target destroyed
total: 2
[WOBBLE_FIRE] team=2 losTgt=54.18
[WOBBLE_FIRE] team=2 losTgt=54.36
[WOBBLE_FIRE] team=2 losTgt=54.51
[WOBBLE_FIRE] team=2 losTgt=54.65
[WOBBLE_FIRE] team=2 losTgt=54.81
[WOBBLE_FIRE] team=2 losTgt=54.93
[WOBBLE_FIRE] team=2 losTgt=54.96
[WOBBLE_FIRE] team=2 losTgt=54.81
[WOBBLE_FIRE] team=2 losTgt=54.42
[WOBBLE_FIRE] team=2 losTgt=53.73
[WOBBLE_FIRE] team=2 losTgt=52.78
[WOBBLE_FIRE] team=2 losTgt=51.77
[WOBBLE_FIRE] team=2 losTgt=50.83
[WOBBLE_FIRE] team=2 losTgt=49.97
[WOBBLE_FIRE] team=2 losTgt=49.18
[WOBBLE_FIRE] team=2 losTgt=48.43
[WOBBLE_FIRE] team=2 losTgt=47.71
[WOBBLE_FIRE] team=2 losTgt=47.01
[WOBBLE_FIRE] team=2 losTgt=46.33
[WOBBLE_FIRE] team=2 losTgt=45.68
[WOBBLE_FIRE] team=2 losTgt=45.04
[WOBBLE_FIRE] team=2 losTgt=45.38
[WOBBLE_FIRE] team=2 losTgt=46.31
[WOBBLE_FIRE] team=2 losTgt=47.36
[WOBBLE_FIRE] team=2 losTgt=48.55
[WOBBLE_FIRE] team=2 losTgt=49.90
[WOBBLE_FIRE] team=2 losTgt=51.42
[WOBBLE_FIRE] team=2 losTgt=53.13
[WOBBLE_FIRE] team=2 losTgt=55.02
[WOBBLE_FIRE] team=2 losTgt=57.12
[WOBBLE_FIRE] team=2 losTgt=59.41
[WOBBLE_FIRE] team=2 losTgt=61.92
[WOBBLE_FIRE] team=2 losTgt=64.63
[WOBBLE_FIRE] team=2 losTgt=67.54
[WOBBLE_FIRE] team=2 losTgt=70.65
[WOBBLE_FIRE] team=2 losTgt=73.92
[WOBBLE_FIRE] team=2 losTgt=77.34
[WOBBLE_FIRE] team=2 losTgt=80.88
[WOBBLE_FIRE] team=2 losTgt=84.50
[WOBBLE_FIRE] team=2 losTgt=88.16
[WOBBLE_FIRE] team=2 losTgt=91.82
[WOBBLE_FIRE] team=2 losTgt=95.42
[WOBBLE_FIRE] team=2 losTgt=98.95
[WOBBLE_FIRE] team=2 losTgt=102.34
[WOBBLE_FIRE] team=2 losTgt=105.60
[WOBBLE_FIRE] team=2 losTgt=108.71
[WOBBLE_FIRE] team=2 losTgt=111.59
[WOBBLE_FIRE] team=2 losTgt=114.25
[WOBBLE_FIRE] team=2 losTgt=116.70
[WOBBLE_FIRE] team=2 losTgt=118.96
[WOBBLE_FIRE] team=2 losTgt=121.04
[WOBBLE_FIRE] team=2 losTgt=122.97
[WOBBLE_FIRE] team=2 losTgt=124.76
[WOBBLE_FIRE] team=2 losTgt=126.44
[WOBBLE_FIRE] team=2 losTgt=127.98
[WOBBLE_FIRE] team=2 losTgt=129.38
[WOBBLE_FIRE] team=2 losTgt=130.65
[WOBBLE_FIRE] team=2 losTgt=131.83
[WOBBLE_FIRE] team=2 losTgt=132.91
[WOBBLE_FIRE] team=2 losTgt=133.91
[WOBBLE_FIRE] team=2 losTgt=134.81
[WOBBLE_FIRE] team=2 losTgt=135.63
[WOBBLE_FIRE] team=2 losTgt=136.36
[WOBBLE_FIRE] team=2 losTgt=137.01
[WOBBLE_FIRE] team=2 losTgt=137.57
[WOBBLE_FIRE] team=2 losTgt=138.06
[WOBBLE_FIRE] team=2 losTgt=138.47
[WOBBLE_FIRE] team=2 losTgt=138.81
[WOBBLE_FIRE] team=2 losTgt=139.08
[WOBBLE_FIRE] team=2 losTgt=139.29
[WOBBLE_FIRE] team=2 losTgt=139.45
[WOBBLE_FIRE] team=2 losTgt=139.55
[WOBBLE_FIRE] team=2 losTgt=139.59
[WOBBLE_FIRE] team=2 losTgt=139.60
[WOBBLE_FIRE] team=2 losTgt=139.55
[WOBBLE_FIRE] team=2 losTgt=139.46
[WOBBLE_FIRE] team=2 losTgt=139.34
[WOBBLE_FIRE] team=2 losTgt=139.18
[WOBBLE_FIRE] team=2 losTgt=138.98
[WOBBLE_FIRE] team=2 losTgt=138.75
[WOBBLE_FIRE] team=2 losTgt=138.49
[WOBBLE_FIRE] team=2 losTgt=138.21
[WOBBLE_FIRE] team=2 losTgt=137.89
[WOBBLE_FIRE] team=2 losTgt=137.56
[WOBBLE_FIRE] team=2 losTgt=137.20
[WOBBLE_FIRE] team=2 losTgt=136.81
[WOBBLE_FIRE] team=2 losTgt=136.41
[WOBBLE_FIRE] team=2 losTgt=135.99
[WOBBLE_FIRE] team=2 losTgt=135.55
[WOBBLE_FIRE] team=2 losTgt=135.10
[WOBBLE_FIRE] team=2 losTgt=134.63
[WOBBLE_FIRE] team=2 losTgt=134.14
[WOBBLE_FIRE] team=2 losTgt=133.65
[WOBBLE_FIRE] team=2 losTgt=133.13
[WOBBLE_FIRE] team=2 losTgt=132.61
[WOBBLE_FIRE] team=2 losTgt=132.08
[WOBBLE_FIRE] team=2 losTgt=131.53
[WOBBLE_FIRE] team=2 losTgt=130.98
[WOBBLE_FIRE] team=2 losTgt=130.41
[WOBBLE_FIRE] team=2 losTgt=129.84
[WOBBLE_FIRE] team=2 losTgt=129.26
[WOBBLE_FIRE] team=2 losTgt=128.67
[WOBBLE_FIRE] team=2 losTgt=128.07
[WOBBLE_FIRE] team=2 losTgt=127.46
[WOBBLE_FIRE] team=2 losTgt=126.85
[WOBBLE_FIRE] team=2 losTgt=126.23
[WOBBLE_FIRE] team=2 losTgt=125.61
[WOBBLE_FIRE] team=2 losTgt=124.98
[WOBBLE_FIRE] team=2 losTgt=124.34
[WOBBLE_FIRE] team=2 losTgt=123.70
[WOBBLE_FIRE] team=2 losTgt=123.05
[WOBBLE_FIRE] team=2 losTgt=122.40
[WOBBLE_FIRE] team=2 losTgt=121.75
[WOBBLE_FIRE] team=2 losTgt=121.09
[WOBBLE_FIRE] team=2 losTgt=120.42
[WOBBLE_FIRE] team=2 losTgt=119.76
[WOBBLE_FIRE] team=2 losTgt=119.08
[WOBBLE_FIRE] team=2 losTgt=118.41
[WOBBLE_FIRE] team=2 losTgt=117.77
[WOBBLE_FIRE] team=2 losTgt=117.14
[WOBBLE_FIRE] team=2 losTgt=116.50
[WOBBLE_FIRE] team=2 losTgt=115.84
[WOBBLE_FIRE] team=2 losTgt=115.17
[WOBBLE_FIRE] team=2 losTgt=114.49
[WOBBLE_FIRE] team=2 losTgt=113.81
[WOBBLE_FIRE] team=2 losTgt=113.12
[WOBBLE_FIRE] team=2 losTgt=112.44
[WOBBLE_FIRE] team=2 losTgt=111.74
[WOBBLE_FIRE] team=2 losTgt=111.05
[WOBBLE_FIRE] team=2 losTgt=110.35
[WOBBLE_FIRE] team=2 losTgt=109.64
[WOBBLE_FIRE] team=2 losTgt=108.93
[WOBBLE_FIRE] team=2 losTgt=108.22
[WOBBLE_FIRE] team=2 losTgt=107.51
[WOBBLE_FIRE] team=2 losTgt=106.79
[WOBBLE_FIRE] team=2 losTgt=106.07
[WOBBLE_FIRE] team=2 losTgt=105.35
[WOBBLE_FIRE] team=2 losTgt=104.62
[WOBBLE_FIRE] team=2 losTgt=103.89
[WOBBLE_FIRE] team=2 losTgt=103.16
[WOBBLE_FIRE] team=2 losTgt=102.42
[WOBBLE_FIRE] team=2 losTgt=101.69
[WOBBLE_FIRE] team=2 losTgt=100.95
[WOBBLE_FIRE] team=2 losTgt=100.21
[WOBBLE_FIRE] team=2 losTgt=99.46
[WOBBLE_FIRE] team=2 losTgt=98.72
[WOBBLE_FIRE] team=2 losTgt=97.97
[WOBBLE_FIRE] team=2 losTgt=97.23
[WOBBLE_FIRE] team=2 losTgt=96.48
[WOBBLE_FIRE] team=2 losTgt=95.73
[WOBBLE_FIRE] team=2 losTgt=94.97
[WOBBLE_FIRE] team=2 losTgt=94.22
[WOBBLE_FIRE] team=2 losTgt=93.47
[WOBBLE_FIRE] team=2 losTgt=92.71
[WOBBLE_FIRE] team=2 losTgt=91.96
[WOBBLE_FIRE] team=2 losTgt=91.20
[WOBBLE_FIRE] team=2 losTgt=90.44
[WOBBLE_FIRE] team=2 losTgt=89.68
[WOBBLE_FIRE] team=2 losTgt=88.93
[WOBBLE_FIRE] team=2 losTgt=88.17
[WOBBLE_FIRE] team=2 losTgt=87.41
[WOBBLE_FIRE] team=2 losTgt=86.65
[WOBBLE_FIRE] team=2 losTgt=85.89
[WOBBLE_FIRE] team=2 losTgt=85.13
[WOBBLE_FIRE] team=2 losTgt=84.37
[WOBBLE_FIRE] team=2 losTgt=83.60
[WOBBLE_FIRE] team=2 losTgt=82.84
[WOBBLE_FIRE] team=2 losTgt=82.08
[WOBBLE_FIRE] team=2 losTgt=81.32
[WOBBLE_FIRE] team=2 losTgt=80.55
[WOBBLE_FIRE] team=2 losTgt=79.79
[WOBBLE_FIRE] team=2 losTgt=79.02
[WOBBLE_FIRE] team=2 losTgt=78.26
[WOBBLE_FIRE] team=2 losTgt=77.50
[WOBBLE_FIRE] team=2 losTgt=76.73
[WOBBLE_FIRE] team=2 losTgt=75.97
[WOBBLE_FIRE] team=2 losTgt=75.20
[WOBBLE_FIRE] team=2 losTgt=74.44
[WOBBLE_FIRE] team=2 losTgt=73.68
[WOBBLE_FIRE] team=2 losTgt=72.91
[WOBBLE_FIRE] team=2 losTgt=72.15
[WOBBLE_FIRE] team=2 losTgt=71.39
[WOBBLE_FIRE] team=2 losTgt=70.64
[WOBBLE_FIRE] team=2 losTgt=69.88
[WOBBLE_FIRE] team=2 losTgt=69.13
[WOBBLE_FIRE] team=2 losTgt=68.38
[WOBBLE_FIRE] team=2 losTgt=67.63
[WOBBLE_FIRE] team=2 losTgt=66.88
[WOBBLE_FIRE] team=2 losTgt=66.13
[WOBBLE_FIRE] team=2 losTgt=65.38
[WOBBLE_FIRE] team=2 losTgt=64.62
[WOBBLE_FIRE] team=2 losTgt=63.87
[WOBBLE_FIRE] team=2 losTgt=63.12
[WOBBLE_FIRE] team=2 losTgt=62.36
[WOBBLE_FIRE] team=2 losTgt=61.61
[WOBBLE_FIRE] team=2 losTgt=60.85
[WOBBLE_FIRE] team=2 losTgt=60.09
[WOBBLE_FIRE] team=2 losTgt=59.33
[WOBBLE_FIRE] team=2 losTgt=58.57
[WOBBLE_FIRE] team=2 losTgt=57.80
[WOBBLE_FIRE] team=2 losTgt=57.04
[WOBBLE_FIRE] team=2 losTgt=56.27
[WOBBLE_FIRE] team=2 losTgt=55.50
[WOBBLE_FIRE] team=2 losTgt=54.73
[WOBBLE_FIRE] team=2 losTgt=53.96
[WOBBLE_FIRE] team=2 losTgt=53.18
[WOBBLE_FIRE] team=2 losTgt=52.39
[WOBBLE_FIRE] team=2 losTgt=51.61
[WOBBLE_FIRE] team=2 losTgt=50.82
[WOBBLE_FIRE] team=2 losTgt=50.03
[WOBBLE_FIRE] team=2 losTgt=49.24
[WOBBLE_FIRE] team=2 losTgt=48.44
[WOBBLE_FIRE] team=2 losTgt=47.64
[WOBBLE_FIRE] team=2 losTgt=46.84
[WOBBLE_FIRE] team=2 losTgt=46.04
[WOBBLE_FIRE] team=2 losTgt=45.23
[WOBBLE_FIRE] team=2 losTgt=46.99
[WOBBLE_FIRE] team=2 losTgt=49.07
[WOBBLE_FIRE] team=2 losTgt=51.14
[WOBBLE_FIRE] team=2 losTgt=53.20
[WOBBLE_FIRE] team=2 losTgt=55.21
[WOBBLE_FIRE] team=2 losTgt=57.18
[WOBBLE_FIRE] team=2 losTgt=59.11
[WOBBLE_FIRE] team=2 losTgt=60.98
[WOBBLE_FIRE] team=2 losTgt=62.77
[WOBBLE_FIRE] team=2 losTgt=64.47
[WOBBLE_FIRE] team=2 losTgt=66.05
[WOBBLE_FIRE] team=2 losTgt=67.52
[WOBBLE_FIRE] team=2 losTgt=68.86
[WOBBLE_FIRE] team=2 losTgt=70.06
[WOBBLE_FIRE] team=2 losTgt=71.15
[WOBBLE_FIRE] team=2 losTgt=72.10
[WOBBLE_FIRE] team=2 losTgt=72.92
[WOBBLE_FIRE] team=2 losTgt=73.59
[WOBBLE_FIRE] team=2 losTgt=74.13
[WOBBLE_FIRE] team=2 losTgt=74.54
[WOBBLE_FIRE] team=2 losTgt=74.84
[WOBBLE_FIRE] team=2 losTgt=75.02
[WOBBLE_FIRE] team=2 losTgt=75.09
[WOBBLE_FIRE] team=2 losTgt=75.05
[WOBBLE_FIRE] team=2 losTgt=74.92
[WOBBLE_FIRE] team=2 losTgt=74.69
[WOBBLE_FIRE] team=2 losTgt=74.38
[WOBBLE_FIRE] team=2 losTgt=74.02
[WOBBLE_FIRE] team=2 losTgt=73.62
[WOBBLE_FIRE] team=2 losTgt=73.18
[WOBBLE_FIRE] team=2 losTgt=72.71
[WOBBLE_FIRE] team=2 losTgt=72.21
[WOBBLE_FIRE] team=2 losTgt=71.67
[WOBBLE_FIRE] team=2 losTgt=71.10
[WOBBLE_FIRE] team=2 losTgt=70.50
[WOBBLE_FIRE] team=2 losTgt=69.87
[WOBBLE_FIRE] team=2 losTgt=69.21
[WOBBLE_FIRE] team=2 losTgt=68.52
[WOBBLE_FIRE] team=2 losTgt=67.80
[WOBBLE_FIRE] team=2 losTgt=67.05
[WOBBLE_FIRE] team=2 losTgt=66.27
[WOBBLE_FIRE] team=2 losTgt=65.47
[WOBBLE_FIRE] team=2 losTgt=64.64
[WOBBLE_FIRE] team=2 losTgt=63.79
[WOBBLE_FIRE] team=2 losTgt=62.92
[WOBBLE_FIRE] team=2 losTgt=62.03
[WOBBLE_FIRE] team=2 losTgt=61.11
[WOBBLE_FIRE] team=2 losTgt=60.17
[WOBBLE_FIRE] team=2 losTgt=59.22
[WOBBLE_FIRE] team=2 losTgt=58.25
[WOBBLE_FIRE] team=2 losTgt=57.25
[WOBBLE_FIRE] team=2 losTgt=56.25
[WOBBLE_FIRE] team=2 losTgt=55.23
[WOBBLE_FIRE] team=2 losTgt=54.19
[WOBBLE_FIRE] team=2 losTgt=53.13
[WOBBLE_FIRE] team=2 losTgt=52.06
[WOBBLE_FIRE] team=2 losTgt=50.98
[WOBBLE_FIRE] team=2 losTgt=49.89
[WOBBLE_FIRE] team=2 losTgt=48.78
[WOBBLE_FIRE] team=2 losTgt=47.65
[WOBBLE_FIRE] team=2 losTgt=46.52
[WOBBLE_FIRE] team=2 losTgt=45.37
[WOBBLE_FIRE] team=2 losTgt=45.58
[WOBBLE_FIRE] team=2 losTgt=48.83
[WOBBLE_FIRE] team=2 losTgt=52.04
[WOBBLE_FIRE] team=2 losTgt=55.17
[WOBBLE_FIRE] team=2 losTgt=58.17
[WOBBLE_FIRE] team=2 losTgt=61.15
[WOBBLE_FIRE] team=2 losTgt=64.09
[WOBBLE_FIRE] team=2 losTgt=66.99
[WOBBLE_FIRE] team=2 losTgt=69.83
[WOBBLE_FIRE] team=2 losTgt=72.61
[WOBBLE_FIRE] team=2 losTgt=75.34
[WOBBLE_FIRE] team=2 losTgt=78.00
[WOBBLE_FIRE] team=2 losTgt=80.61
[WOBBLE_FIRE] team=2 losTgt=83.16
[WOBBLE_FIRE] team=2 losTgt=85.63
[WOBBLE_FIRE] team=2 losTgt=88.05
[WOBBLE_FIRE] team=2 losTgt=90.40
[WOBBLE_FIRE] team=2 losTgt=92.67
[WOBBLE_FIRE] team=2 losTgt=94.87
[WOBBLE_FIRE] team=2 losTgt=97.01
[WOBBLE_FIRE] team=2 losTgt=97.93
[WOBBLE_FIRE] team=2 losTgt=96.97
[WOBBLE_FIRE] team=2 losTgt=99.08
[WOBBLE_FIRE] team=2 losTgt=102.12
[WOBBLE_FIRE] team=2 losTgt=101.82
[WOBBLE_FIRE] team=2 losTgt=100.43
[WOBBLE_FIRE] team=2 losTgt=101.96
[WOBBLE_FIRE] team=2 losTgt=104.02
[WOBBLE_FIRE] team=2 losTgt=104.48
[WOBBLE_FIRE] team=2 losTgt=103.46
[WOBBLE_FIRE] team=2 losTgt=103.47
[WOBBLE_FIRE] team=2 losTgt=103.52
[WOBBLE_FIRE] team=2 losTgt=103.56
[WOBBLE_FIRE] team=2 losTgt=104.07
[WOBBLE_FIRE] team=2 losTgt=104.47
[WOBBLE_FIRE] team=2 losTgt=104.55
[WOBBLE_FIRE] team=2 losTgt=104.54
[WOBBLE_FIRE] team=2 losTgt=104.58
[WOBBLE_FIRE] team=2 losTgt=105.07
[WOBBLE_FIRE] team=2 losTgt=104.98
[WOBBLE_FIRE] team=2 losTgt=105.15
[WOBBLE_FIRE] team=2 losTgt=104.50
[WOBBLE_FIRE] team=2 losTgt=103.86
[WOBBLE_FIRE] team=2 losTgt=102.32
[WOBBLE_FIRE] team=2 losTgt=100.85
[WOBBLE_FIRE] team=2 losTgt=99.46
[WOBBLE_FIRE] team=2 losTgt=98.07
[WOBBLE_FIRE] team=2 losTgt=96.68
[WOBBLE_FIRE] team=2 losTgt=95.27
[WOBBLE_FIRE] team=2 losTgt=95.12
[WOBBLE_FIRE] team=2 losTgt=97.46
[WOBBLE_FIRE] team=2 losTgt=97.70
[WOBBLE_FIRE] team=2 losTgt=98.15
[WOBBLE_FIRE] team=2 losTgt=98.03
[WOBBLE_FIRE] team=2 losTgt=98.05
[WOBBLE_FIRE] team=2 losTgt=98.20
[WOBBLE_FIRE] team=2 losTgt=98.18
[WOBBLE_FIRE] team=2 losTgt=98.24
[WOBBLE_FIRE] team=2 losTgt=98.07
[WOBBLE_FIRE] team=2 losTgt=97.44
[WOBBLE_FIRE] team=2 losTgt=96.17
[WOBBLE_FIRE] team=2 losTgt=94.48
[WOBBLE_FIRE] team=2 losTgt=92.91
[WOBBLE_FIRE] team=2 losTgt=91.40
[WOBBLE_FIRE] team=2 losTgt=89.94
[WOBBLE_FIRE] team=2 losTgt=88.53
[WOBBLE_FIRE] team=2 losTgt=87.16
[WOBBLE_FIRE] team=2 losTgt=85.78
[WOBBLE_FIRE] team=2 losTgt=84.37
[WOBBLE_FIRE] team=2 losTgt=82.97
[WOBBLE_FIRE] team=2 losTgt=81.60
[WOBBLE_FIRE] team=2 losTgt=80.27
[WOBBLE_FIRE] team=2 losTgt=80.16
[WOBBLE_FIRE] team=2 losTgt=82.71
[WOBBLE_FIRE] team=2 losTgt=82.99
[WOBBLE_FIRE] team=2 losTgt=83.58
[WOBBLE_FIRE] team=2 losTgt=83.41
[WOBBLE_FIRE] team=2 losTgt=83.19
[WOBBLE_FIRE] team=2 losTgt=82.82
[WOBBLE_FIRE] team=2 losTgt=82.83
[WOBBLE_FIRE] team=2 losTgt=83.16
[WOBBLE_FIRE] team=2 losTgt=83.01
[WOBBLE_FIRE] team=2 losTgt=82.25
[WOBBLE_FIRE] team=2 losTgt=80.98
[WOBBLE_FIRE] team=2 losTgt=79.11
[WOBBLE_FIRE] team=2 losTgt=77.52
[WOBBLE_FIRE] team=2 losTgt=76.10
[WOBBLE_FIRE] team=2 losTgt=74.76
[WOBBLE_FIRE] team=2 losTgt=73.52
[WOBBLE_FIRE] team=2 losTgt=72.37
[WOBBLE_FIRE] team=2 losTgt=71.29
[WOBBLE_FIRE] team=2 losTgt=70.26
[WOBBLE_FIRE] team=2 losTgt=69.28
runner:local/env:0	num_steps=[11999] | total rewards=[933.6795] | termination= [max time out]
[seed 3] reward=   933.68 ownHP=1.0000 tgtHP=0.1885 max time out
total: 2
[WOBBLE_FIRE] team=2 losTgt=96.51
[WOBBLE_FIRE] team=2 losTgt=96.58
[WOBBLE_FIRE] team=2 losTgt=96.58
[WOBBLE_FIRE] team=2 losTgt=96.60
[WOBBLE_FIRE] team=2 losTgt=96.63
[WOBBLE_FIRE] team=2 losTgt=96.58
[WOBBLE_FIRE] team=2 losTgt=96.34
[WOBBLE_FIRE] team=2 losTgt=95.79
[WOBBLE_FIRE] team=2 losTgt=94.87
[WOBBLE_FIRE] team=2 losTgt=93.54
[WOBBLE_FIRE] team=2 losTgt=92.06
[WOBBLE_FIRE] team=2 losTgt=90.74
[WOBBLE_FIRE] team=2 losTgt=89.62
[WOBBLE_FIRE] team=2 losTgt=88.65
[WOBBLE_FIRE] team=2 losTgt=87.75
[WOBBLE_FIRE] team=2 losTgt=86.91
[WOBBLE_FIRE] team=2 losTgt=86.11
[WOBBLE_FIRE] team=2 losTgt=85.35
[WOBBLE_FIRE] team=2 losTgt=84.62
[WOBBLE_FIRE] team=2 losTgt=83.91
[WOBBLE_FIRE] team=2 losTgt=83.21
[WOBBLE_FIRE] team=2 losTgt=82.53
[WOBBLE_FIRE] team=2 losTgt=81.85
[WOBBLE_FIRE] team=2 losTgt=81.17
[WOBBLE_FIRE] team=2 losTgt=80.51
[WOBBLE_FIRE] team=2 losTgt=79.85
[WOBBLE_FIRE] team=2 losTgt=79.19
[WOBBLE_FIRE] team=2 losTgt=78.54
[WOBBLE_FIRE] team=2 losTgt=77.88
[WOBBLE_FIRE] team=2 losTgt=77.22
[WOBBLE_FIRE] team=2 losTgt=76.56
[WOBBLE_FIRE] team=2 losTgt=75.90
[WOBBLE_FIRE] team=2 losTgt=75.23
[WOBBLE_FIRE] team=2 losTgt=74.57
[WOBBLE_FIRE] team=2 losTgt=73.89
[WOBBLE_FIRE] team=2 losTgt=73.21
[WOBBLE_FIRE] team=2 losTgt=72.53
[WOBBLE_FIRE] team=2 losTgt=71.84
[WOBBLE_FIRE] team=2 losTgt=71.15
[WOBBLE_FIRE] team=2 losTgt=70.45
[WOBBLE_FIRE] team=2 losTgt=69.75
[WOBBLE_FIRE] team=2 losTgt=69.04
[WOBBLE_FIRE] team=2 losTgt=68.32
[WOBBLE_FIRE] team=2 losTgt=67.60
[WOBBLE_FIRE] team=2 losTgt=66.88
[WOBBLE_FIRE] team=2 losTgt=66.15
[WOBBLE_FIRE] team=2 losTgt=65.42
[WOBBLE_FIRE] team=2 losTgt=64.68
[WOBBLE_FIRE] team=2 losTgt=63.93
[WOBBLE_FIRE] team=2 losTgt=63.18
[WOBBLE_FIRE] team=2 losTgt=62.42
[WOBBLE_FIRE] team=2 losTgt=61.66
[WOBBLE_FIRE] team=2 losTgt=60.88
[WOBBLE_FIRE] team=2 losTgt=60.10
[WOBBLE_FIRE] team=2 losTgt=59.31
[WOBBLE_FIRE] team=2 losTgt=58.51
[WOBBLE_FIRE] team=2 losTgt=57.70
[WOBBLE_FIRE] team=2 losTgt=56.88
[WOBBLE_FIRE] team=2 losTgt=56.06
[WOBBLE_FIRE] team=2 losTgt=55.23
[WOBBLE_FIRE] team=2 losTgt=54.39
[WOBBLE_FIRE] team=2 losTgt=53.54
[WOBBLE_FIRE] team=2 losTgt=52.68
[WOBBLE_FIRE] team=2 losTgt=51.81
[WOBBLE_FIRE] team=2 losTgt=50.93
[WOBBLE_FIRE] team=2 losTgt=50.05
[WOBBLE_FIRE] team=2 losTgt=49.14
[WOBBLE_FIRE] team=2 losTgt=48.23
[WOBBLE_FIRE] team=2 losTgt=47.31
[WOBBLE_FIRE] team=2 losTgt=46.36
[WOBBLE_FIRE] team=2 losTgt=45.40
[WOBBLE_FIRE] team=2 losTgt=47.59
[WOBBLE_FIRE] team=2 losTgt=51.50
[WOBBLE_FIRE] team=2 losTgt=55.09
[WOBBLE_FIRE] team=2 losTgt=58.28
[WOBBLE_FIRE] team=2 losTgt=61.15
[WOBBLE_FIRE] team=2 losTgt=63.82
[WOBBLE_FIRE] team=2 losTgt=66.35
[WOBBLE_FIRE] team=2 losTgt=68.66
[WOBBLE_FIRE] team=2 losTgt=70.74
[WOBBLE_FIRE] team=2 losTgt=72.57
[WOBBLE_FIRE] team=2 losTgt=74.17
[WOBBLE_FIRE] team=2 losTgt=75.54
[WOBBLE_FIRE] team=2 losTgt=76.68
[WOBBLE_FIRE] team=2 losTgt=77.62
[WOBBLE_FIRE] team=2 losTgt=78.38
[WOBBLE_FIRE] team=2 losTgt=78.97
[WOBBLE_FIRE] team=2 losTgt=79.41
[WOBBLE_FIRE] team=2 losTgt=79.72
[WOBBLE_FIRE] team=2 losTgt=79.91
[WOBBLE_FIRE] team=2 losTgt=79.99
[WOBBLE_FIRE] team=2 losTgt=79.97
[WOBBLE_FIRE] team=2 losTgt=79.87
[WOBBLE_FIRE] team=2 losTgt=79.68
[WOBBLE_FIRE] team=2 losTgt=79.42
[WOBBLE_FIRE] team=2 losTgt=79.10
[WOBBLE_FIRE] team=2 losTgt=78.72
[WOBBLE_FIRE] team=2 losTgt=78.27
[WOBBLE_FIRE] team=2 losTgt=77.78
[WOBBLE_FIRE] team=2 losTgt=77.24
[WOBBLE_FIRE] team=2 losTgt=76.66
[WOBBLE_FIRE] team=2 losTgt=76.04
[WOBBLE_FIRE] team=2 losTgt=75.38
[WOBBLE_FIRE] team=2 losTgt=74.68
[WOBBLE_FIRE] team=2 losTgt=73.94
[WOBBLE_FIRE] team=2 losTgt=73.18
[WOBBLE_FIRE] team=2 losTgt=72.39
[WOBBLE_FIRE] team=2 losTgt=71.56
[WOBBLE_FIRE] team=2 losTgt=70.71
[WOBBLE_FIRE] team=2 losTgt=69.83
[WOBBLE_FIRE] team=2 losTgt=68.93
[WOBBLE_FIRE] team=2 losTgt=68.00
[WOBBLE_FIRE] team=2 losTgt=67.05
[WOBBLE_FIRE] team=2 losTgt=66.08
[WOBBLE_FIRE] team=2 losTgt=65.09
[WOBBLE_FIRE] team=2 losTgt=64.07
[WOBBLE_FIRE] team=2 losTgt=63.03
[WOBBLE_FIRE] team=2 losTgt=61.97
[WOBBLE_FIRE] team=2 losTgt=60.88
[WOBBLE_FIRE] team=2 losTgt=59.78
[WOBBLE_FIRE] team=2 losTgt=58.65
[WOBBLE_FIRE] team=2 losTgt=57.50
[WOBBLE_FIRE] team=2 losTgt=56.33
[WOBBLE_FIRE] team=2 losTgt=55.14
[WOBBLE_FIRE] team=2 losTgt=53.92
[WOBBLE_FIRE] team=2 losTgt=52.68
[WOBBLE_FIRE] team=2 losTgt=51.41
[WOBBLE_FIRE] team=2 losTgt=50.11
[WOBBLE_FIRE] team=2 losTgt=48.79
[WOBBLE_FIRE] team=2 losTgt=47.44
[WOBBLE_FIRE] team=2 losTgt=46.06
[WOBBLE_FIRE] team=2 losTgt=45.75
[WOBBLE_FIRE] team=2 losTgt=47.14
[WOBBLE_FIRE] team=2 losTgt=48.54
[WOBBLE_FIRE] team=2 losTgt=49.96
[WOBBLE_FIRE] team=2 losTgt=51.35
[WOBBLE_FIRE] team=2 losTgt=52.67
[WOBBLE_FIRE] team=2 losTgt=53.88
[WOBBLE_FIRE] team=2 losTgt=54.95
[WOBBLE_FIRE] team=2 losTgt=55.91
[WOBBLE_FIRE] team=2 losTgt=56.76
[WOBBLE_FIRE] team=2 losTgt=57.51
[WOBBLE_FIRE] team=2 losTgt=58.15
[WOBBLE_FIRE] team=2 losTgt=58.67
[WOBBLE_FIRE] team=2 losTgt=59.10
[WOBBLE_FIRE] team=2 losTgt=59.41
[WOBBLE_FIRE] team=2 losTgt=59.61
[WOBBLE_FIRE] team=2 losTgt=59.68
[WOBBLE_FIRE] team=2 losTgt=59.63
[WOBBLE_FIRE] team=2 losTgt=59.46
[WOBBLE_FIRE] team=2 losTgt=59.18
[WOBBLE_FIRE] team=2 losTgt=58.80
[WOBBLE_FIRE] team=2 losTgt=58.32
[WOBBLE_FIRE] team=2 losTgt=57.75
[WOBBLE_FIRE] team=2 losTgt=57.10
[WOBBLE_FIRE] team=2 losTgt=56.38
[WOBBLE_FIRE] team=2 losTgt=55.58
[WOBBLE_FIRE] team=2 losTgt=54.72
[WOBBLE_FIRE] team=2 losTgt=53.79
[WOBBLE_FIRE] team=2 losTgt=52.79
[WOBBLE_FIRE] team=2 losTgt=51.74
[WOBBLE_FIRE] team=2 losTgt=50.63
[WOBBLE_FIRE] team=2 losTgt=49.46
[WOBBLE_FIRE] team=2 losTgt=48.24
[WOBBLE_FIRE] team=2 losTgt=46.97
[WOBBLE_FIRE] team=2 losTgt=45.64
runner:local/env:0	num_steps=[6346] | total rewards=[613.5021] | termination= [target destroyed]
[seed 4] reward=   613.50 ownHP=1.0000 tgtHP=-0.0007 target destroyed
total: 2
[WOBBLE_FIRE] team=2 losTgt=120.43
[WOBBLE_FIRE] team=2 losTgt=120.44
[WOBBLE_FIRE] team=2 losTgt=120.37
[WOBBLE_FIRE] team=2 losTgt=120.27
[WOBBLE_FIRE] team=2 losTgt=120.16
[WOBBLE_FIRE] team=2 losTgt=120.04
[WOBBLE_FIRE] team=2 losTgt=119.93
[WOBBLE_FIRE] team=2 losTgt=119.83
[WOBBLE_FIRE] team=2 losTgt=119.77
[WOBBLE_FIRE] team=2 losTgt=119.74
[WOBBLE_FIRE] team=2 losTgt=119.73
[WOBBLE_FIRE] team=2 losTgt=119.52
[WOBBLE_FIRE] team=2 losTgt=118.86
[WOBBLE_FIRE] team=2 losTgt=117.73
[WOBBLE_FIRE] team=2 losTgt=116.27
[WOBBLE_FIRE] team=2 losTgt=114.52
[WOBBLE_FIRE] team=2 losTgt=112.86
[WOBBLE_FIRE] team=2 losTgt=111.47
[WOBBLE_FIRE] team=2 losTgt=110.32
[WOBBLE_FIRE] team=2 losTgt=109.30
[WOBBLE_FIRE] team=2 losTgt=108.37
[WOBBLE_FIRE] team=2 losTgt=107.53
[WOBBLE_FIRE] team=2 losTgt=106.76
[WOBBLE_FIRE] team=2 losTgt=106.02
[WOBBLE_FIRE] team=2 losTgt=105.30
[WOBBLE_FIRE] team=2 losTgt=104.60
[WOBBLE_FIRE] team=2 losTgt=103.91
[WOBBLE_FIRE] team=2 losTgt=103.24
[WOBBLE_FIRE] team=2 losTgt=102.58
[WOBBLE_FIRE] team=2 losTgt=101.96
[WOBBLE_FIRE] team=2 losTgt=101.35
[WOBBLE_FIRE] team=2 losTgt=100.77
[WOBBLE_FIRE] team=2 losTgt=100.21
[WOBBLE_FIRE] team=2 losTgt=99.67
[WOBBLE_FIRE] team=2 losTgt=99.15
[WOBBLE_FIRE] team=2 losTgt=98.65
[WOBBLE_FIRE] team=2 losTgt=98.15
[WOBBLE_FIRE] team=2 losTgt=97.89
[WOBBLE_FIRE] team=2 losTgt=97.96
[WOBBLE_FIRE] team=2 losTgt=97.90
[WOBBLE_FIRE] team=2 losTgt=97.53
[WOBBLE_FIRE] team=2 losTgt=96.82
[WOBBLE_FIRE] team=2 losTgt=95.90
[WOBBLE_FIRE] team=2 losTgt=94.98
[WOBBLE_FIRE] team=2 losTgt=94.17
[WOBBLE_FIRE] team=2 losTgt=93.46
[WOBBLE_FIRE] team=2 losTgt=92.82
[WOBBLE_FIRE] team=2 losTgt=92.22
[WOBBLE_FIRE] team=2 losTgt=91.91
[WOBBLE_FIRE] team=2 losTgt=92.02
[WOBBLE_FIRE] team=2 losTgt=91.97
[WOBBLE_FIRE] team=2 losTgt=91.63
[WOBBLE_FIRE] team=2 losTgt=90.98
[WOBBLE_FIRE] team=2 losTgt=90.04
[WOBBLE_FIRE] team=2 losTgt=89.03
[WOBBLE_FIRE] team=2 losTgt=88.18
[WOBBLE_FIRE] team=2 losTgt=87.47
[WOBBLE_FIRE] team=2 losTgt=86.86
[WOBBLE_FIRE] team=2 losTgt=86.32
[WOBBLE_FIRE] team=2 losTgt=85.84
[WOBBLE_FIRE] team=2 losTgt=85.34
[WOBBLE_FIRE] team=2 losTgt=84.84
[WOBBLE_FIRE] team=2 losTgt=84.38
[WOBBLE_FIRE] team=2 losTgt=83.92
[WOBBLE_FIRE] team=2 losTgt=83.43
[WOBBLE_FIRE] team=2 losTgt=82.94
[WOBBLE_FIRE] team=2 losTgt=82.43
[WOBBLE_FIRE] team=2 losTgt=81.89
[WOBBLE_FIRE] team=2 losTgt=81.32
[WOBBLE_FIRE] team=2 losTgt=80.71
[WOBBLE_FIRE] team=2 losTgt=80.10
[WOBBLE_FIRE] team=2 losTgt=79.48
[WOBBLE_FIRE] team=2 losTgt=78.88
[WOBBLE_FIRE] team=2 losTgt=78.28
[WOBBLE_FIRE] team=2 losTgt=77.69
[WOBBLE_FIRE] team=2 losTgt=77.10
[WOBBLE_FIRE] team=2 losTgt=76.51
[WOBBLE_FIRE] team=2 losTgt=75.92
[WOBBLE_FIRE] team=2 losTgt=75.34
[WOBBLE_FIRE] team=2 losTgt=74.75
[WOBBLE_FIRE] team=2 losTgt=74.16
[WOBBLE_FIRE] team=2 losTgt=73.57
[WOBBLE_FIRE] team=2 losTgt=72.98
[WOBBLE_FIRE] team=2 losTgt=72.39
[WOBBLE_FIRE] team=2 losTgt=71.79
[WOBBLE_FIRE] team=2 losTgt=71.19
[WOBBLE_FIRE] team=2 losTgt=70.59
[WOBBLE_FIRE] team=2 losTgt=69.99
[WOBBLE_FIRE] team=2 losTgt=69.38
[WOBBLE_FIRE] team=2 losTgt=68.77
[WOBBLE_FIRE] team=2 losTgt=68.16
[WOBBLE_FIRE] team=2 losTgt=67.54
[WOBBLE_FIRE] team=2 losTgt=66.91
[WOBBLE_FIRE] team=2 losTgt=66.29
[WOBBLE_FIRE] team=2 losTgt=65.65
[WOBBLE_FIRE] team=2 losTgt=65.02
[WOBBLE_FIRE] team=2 losTgt=64.37
[WOBBLE_FIRE] team=2 losTgt=63.72
[WOBBLE_FIRE] team=2 losTgt=63.06
[WOBBLE_FIRE] team=2 losTgt=62.39
[WOBBLE_FIRE] team=2 losTgt=61.71
[WOBBLE_FIRE] team=2 losTgt=61.02
[WOBBLE_FIRE] team=2 losTgt=60.32
[WOBBLE_FIRE] team=2 losTgt=59.60
[WOBBLE_FIRE] team=2 losTgt=58.87
[WOBBLE_FIRE] team=2 losTgt=58.12
[WOBBLE_FIRE] team=2 losTgt=57.35
[WOBBLE_FIRE] team=2 losTgt=56.55
[WOBBLE_FIRE] team=2 losTgt=55.73
[WOBBLE_FIRE] team=2 losTgt=54.88
[WOBBLE_FIRE] team=2 losTgt=53.98
[WOBBLE_FIRE] team=2 losTgt=53.05
[WOBBLE_FIRE] team=2 losTgt=52.06
[WOBBLE_FIRE] team=2 losTgt=51.00
[WOBBLE_FIRE] team=2 losTgt=49.86
[WOBBLE_FIRE] team=2 losTgt=48.61
[WOBBLE_FIRE] team=2 losTgt=47.24
[WOBBLE_FIRE] team=2 losTgt=45.67
[WOBBLE_FIRE] team=2 losTgt=51.32
[WOBBLE_FIRE] team=2 losTgt=83.32
[WOBBLE_FIRE] team=2 losTgt=97.59
[WOBBLE_FIRE] team=2 losTgt=104.89
[WOBBLE_FIRE] team=2 losTgt=109.10
[WOBBLE_FIRE] team=2 losTgt=111.75
[WOBBLE_FIRE] team=2 losTgt=113.60
[WOBBLE_FIRE] team=2 losTgt=114.90
[WOBBLE_FIRE] team=2 losTgt=115.87
[WOBBLE_FIRE] team=2 losTgt=116.57
[WOBBLE_FIRE] team=2 losTgt=117.06
[WOBBLE_FIRE] team=2 losTgt=117.40
[WOBBLE_FIRE] team=2 losTgt=117.64
[WOBBLE_FIRE] team=2 losTgt=117.73
[WOBBLE_FIRE] team=2 losTgt=117.42
[WOBBLE_FIRE] team=2 losTgt=116.19
[WOBBLE_FIRE] team=2 losTgt=114.35
[WOBBLE_FIRE] team=2 losTgt=112.45
[WOBBLE_FIRE] team=2 losTgt=110.83
[WOBBLE_FIRE] team=2 losTgt=109.38
[WOBBLE_FIRE] team=2 losTgt=108.07
[WOBBLE_FIRE] team=2 losTgt=106.81
[WOBBLE_FIRE] team=2 losTgt=105.56
[WOBBLE_FIRE] team=2 losTgt=104.34
[WOBBLE_FIRE] team=2 losTgt=103.12
[WOBBLE_FIRE] team=2 losTgt=101.92
[WOBBLE_FIRE] team=2 losTgt=100.72
[WOBBLE_FIRE] team=2 losTgt=99.52
[WOBBLE_FIRE] team=2 losTgt=98.33
[WOBBLE_FIRE] team=2 losTgt=97.13
[WOBBLE_FIRE] team=2 losTgt=95.93
[WOBBLE_FIRE] team=2 losTgt=94.73
[WOBBLE_FIRE] team=2 losTgt=93.53
[WOBBLE_FIRE] team=2 losTgt=92.33
[WOBBLE_FIRE] team=2 losTgt=91.12
[WOBBLE_FIRE] team=2 losTgt=89.91
[WOBBLE_FIRE] team=2 losTgt=88.69
[WOBBLE_FIRE] team=2 losTgt=87.45
[WOBBLE_FIRE] team=2 losTgt=86.21
[WOBBLE_FIRE] team=2 losTgt=84.97
[WOBBLE_FIRE] team=2 losTgt=83.74
[WOBBLE_FIRE] team=2 losTgt=82.53
[WOBBLE_FIRE] team=2 losTgt=81.33
[WOBBLE_FIRE] team=2 losTgt=80.11
[WOBBLE_FIRE] team=2 losTgt=78.90
[WOBBLE_FIRE] team=2 losTgt=77.70
[WOBBLE_FIRE] team=2 losTgt=76.48
[WOBBLE_FIRE] team=2 losTgt=75.26
[WOBBLE_FIRE] team=2 losTgt=74.03
[WOBBLE_FIRE] team=2 losTgt=72.79
[WOBBLE_FIRE] team=2 losTgt=71.54
[WOBBLE_FIRE] team=2 losTgt=70.29
[WOBBLE_FIRE] team=2 losTgt=69.04
[WOBBLE_FIRE] team=2 losTgt=67.78
[WOBBLE_FIRE] team=2 losTgt=66.51
[WOBBLE_FIRE] team=2 losTgt=65.24
[WOBBLE_FIRE] team=2 losTgt=63.96
[WOBBLE_FIRE] team=2 losTgt=62.67
[WOBBLE_FIRE] team=2 losTgt=61.37
[WOBBLE_FIRE] team=2 losTgt=60.06
[WOBBLE_FIRE] team=2 losTgt=58.74
[WOBBLE_FIRE] team=2 losTgt=57.40
[WOBBLE_FIRE] team=2 losTgt=56.04
[WOBBLE_FIRE] team=2 losTgt=54.64
[WOBBLE_FIRE] team=2 losTgt=53.20
[WOBBLE_FIRE] team=2 losTgt=51.71
[WOBBLE_FIRE] team=2 losTgt=50.16
[WOBBLE_FIRE] team=2 losTgt=48.51
[WOBBLE_FIRE] team=2 losTgt=46.77
[WOBBLE_FIRE] team=2 losTgt=63.85
[WOBBLE_FIRE] team=2 losTgt=83.32
[WOBBLE_FIRE] team=2 losTgt=93.70
[WOBBLE_FIRE] team=2 losTgt=101.44
[WOBBLE_FIRE] team=2 losTgt=106.17
[WOBBLE_FIRE] team=2 losTgt=109.57
[WOBBLE_FIRE] team=2 losTgt=111.99
[WOBBLE_FIRE] team=2 losTgt=113.80
[WOBBLE_FIRE] team=2 losTgt=115.16
[WOBBLE_FIRE] team=2 losTgt=116.20
[WOBBLE_FIRE] team=2 losTgt=116.99
[WOBBLE_FIRE] team=2 losTgt=117.61
[WOBBLE_FIRE] team=2 losTgt=118.13
[WOBBLE_FIRE] team=2 losTgt=118.44
[WOBBLE_FIRE] team=2 losTgt=118.15
[WOBBLE_FIRE] team=2 losTgt=116.90
[WOBBLE_FIRE] team=2 losTgt=115.26
[WOBBLE_FIRE] team=2 losTgt=115.14
[WOBBLE_FIRE] team=2 losTgt=117.52
[WOBBLE_FIRE] team=2 losTgt=116.97
[WOBBLE_FIRE] team=2 losTgt=117.69
[WOBBLE_FIRE] team=2 losTgt=118.03
[WOBBLE_FIRE] team=2 losTgt=118.42
[WOBBLE_FIRE] team=2 losTgt=118.80
[WOBBLE_FIRE] team=2 losTgt=119.18
[WOBBLE_FIRE] team=2 losTgt=119.56
[WOBBLE_FIRE] team=2 losTgt=119.87
[WOBBLE_FIRE] team=2 losTgt=120.36
[WOBBLE_FIRE] team=2 losTgt=121.39
[WOBBLE_FIRE] team=2 losTgt=122.75
[WOBBLE_FIRE] team=2 losTgt=124.31
[WOBBLE_FIRE] team=2 losTgt=125.71
[WOBBLE_FIRE] team=2 losTgt=127.05
[WOBBLE_FIRE] team=2 losTgt=128.26
[WOBBLE_FIRE] team=2 losTgt=129.46
[WOBBLE_FIRE] team=2 losTgt=130.64
[WOBBLE_FIRE] team=2 losTgt=131.78
[WOBBLE_FIRE] team=2 losTgt=132.88
[WOBBLE_FIRE] team=2 losTgt=132.72
[WOBBLE_FIRE] team=2 losTgt=130.72
[WOBBLE_FIRE] team=2 losTgt=132.20
[WOBBLE_FIRE] team=2 losTgt=134.49
[WOBBLE_FIRE] team=2 losTgt=133.64
[WOBBLE_FIRE] team=2 losTgt=131.18
[WOBBLE_FIRE] team=2 losTgt=131.59
[WOBBLE_FIRE] team=2 losTgt=132.57
[WOBBLE_FIRE] team=2 losTgt=132.38
[WOBBLE_FIRE] team=2 losTgt=131.39
[WOBBLE_FIRE] team=2 losTgt=130.81
[WOBBLE_FIRE] team=2 losTgt=130.06
[WOBBLE_FIRE] team=2 losTgt=127.91
[WOBBLE_FIRE] team=2 losTgt=128.76
[WOBBLE_FIRE] team=2 losTgt=129.29
[WOBBLE_FIRE] team=2 losTgt=125.19
[WOBBLE_FIRE] team=2 losTgt=121.75
[WOBBLE_FIRE] team=2 losTgt=122.96
[WOBBLE_FIRE] team=2 losTgt=121.89
[WOBBLE_FIRE] team=2 losTgt=117.34
[WOBBLE_FIRE] team=2 losTgt=117.16
[WOBBLE_FIRE] team=2 losTgt=121.68
[WOBBLE_FIRE] team=2 losTgt=122.43
[WOBBLE_FIRE] team=2 losTgt=120.88
[WOBBLE_FIRE] team=2 losTgt=120.71
[WOBBLE_FIRE] team=2 losTgt=120.61
[WOBBLE_FIRE] team=2 losTgt=120.26
[WOBBLE_FIRE] team=2 losTgt=120.15
[WOBBLE_FIRE] team=2 losTgt=119.62
[WOBBLE_FIRE] team=2 losTgt=118.91
[WOBBLE_FIRE] team=2 losTgt=117.34
[WOBBLE_FIRE] team=2 losTgt=115.64
[WOBBLE_FIRE] team=2 losTgt=113.62
[WOBBLE_FIRE] team=2 losTgt=111.81
[WOBBLE_FIRE] team=2 losTgt=110.10
[WOBBLE_FIRE] team=2 losTgt=108.47
[WOBBLE_FIRE] team=2 losTgt=106.88
[WOBBLE_FIRE] team=2 losTgt=105.35
[WOBBLE_FIRE] team=2 losTgt=103.86
[WOBBLE_FIRE] team=2 losTgt=102.39
[WOBBLE_FIRE] team=2 losTgt=100.95
[WOBBLE_FIRE] team=2 losTgt=100.80
[WOBBLE_FIRE] team=2 losTgt=103.38
[WOBBLE_FIRE] team=2 losTgt=102.91
[WOBBLE_FIRE] team=2 losTgt=102.84
[WOBBLE_FIRE] team=2 losTgt=102.38
[WOBBLE_FIRE] team=2 losTgt=101.84
[WOBBLE_FIRE] team=2 losTgt=101.53
[WOBBLE_FIRE] team=2 losTgt=101.30
[WOBBLE_FIRE] team=2 losTgt=100.78
[WOBBLE_FIRE] team=2 losTgt=99.79
[WOBBLE_FIRE] team=2 losTgt=98.27
[WOBBLE_FIRE] team=2 losTgt=96.70
[WOBBLE_FIRE] team=2 losTgt=95.23
[WOBBLE_FIRE] team=2 losTgt=93.79
[WOBBLE_FIRE] team=2 losTgt=92.39
[WOBBLE_FIRE] team=2 losTgt=91.02
[WOBBLE_FIRE] team=2 losTgt=89.68
[WOBBLE_FIRE] team=2 losTgt=88.38
[WOBBLE_FIRE] team=2 losTgt=87.11
[WOBBLE_FIRE] team=2 losTgt=85.86
[WOBBLE_FIRE] team=2 losTgt=84.61
[WOBBLE_FIRE] team=2 losTgt=83.37
[WOBBLE_FIRE] team=2 losTgt=82.15
[WOBBLE_FIRE] team=2 losTgt=80.94
[WOBBLE_FIRE] team=2 losTgt=79.75
[WOBBLE_FIRE] team=2 losTgt=78.57
[WOBBLE_FIRE] team=2 losTgt=77.41
[WOBBLE_FIRE] team=2 losTgt=76.28
[WOBBLE_FIRE] team=2 losTgt=75.17
[WOBBLE_FIRE] team=2 losTgt=74.08
[WOBBLE_FIRE] team=2 losTgt=73.01
[WOBBLE_FIRE] team=2 losTgt=71.95
[WOBBLE_FIRE] team=2 losTgt=70.90
[WOBBLE_FIRE] team=2 losTgt=69.87
[WOBBLE_FIRE] team=2 losTgt=68.84
[WOBBLE_FIRE] team=2 losTgt=67.81
[WOBBLE_FIRE] team=2 losTgt=66.78
[WOBBLE_FIRE] team=2 losTgt=65.74
[WOBBLE_FIRE] team=2 losTgt=64.70
[WOBBLE_FIRE] team=2 losTgt=63.65
[WOBBLE_FIRE] team=2 losTgt=62.60
[WOBBLE_FIRE] team=2 losTgt=61.55
[WOBBLE_FIRE] team=2 losTgt=60.49
[WOBBLE_FIRE] team=2 losTgt=59.47
[WOBBLE_FIRE] team=2 losTgt=58.49
[WOBBLE_FIRE] team=2 losTgt=57.54
[WOBBLE_FIRE] team=2 losTgt=56.57
[WOBBLE_FIRE] team=2 losTgt=55.59
[WOBBLE_FIRE] team=2 losTgt=54.57
[WOBBLE_FIRE] team=2 losTgt=53.54
[WOBBLE_FIRE] team=2 losTgt=52.48
[WOBBLE_FIRE] team=2 losTgt=51.42
[WOBBLE_FIRE] team=2 losTgt=50.33
[WOBBLE_FIRE] team=2 losTgt=49.23
[WOBBLE_FIRE] team=2 losTgt=48.12
[WOBBLE_FIRE] team=2 losTgt=47.01
[WOBBLE_FIRE] team=2 losTgt=45.89
runner:local/env:0	num_steps=[8140] | total rewards=[933.6585] | termination= [target destroyed]
[seed 5] reward=   933.66 ownHP=1.0000 tgtHP=-0.0013 target destroyed
total: 2
[WOBBLE_FIRE] team=2 losTgt=64.79
[WOBBLE_FIRE] team=2 losTgt=65.39
[WOBBLE_FIRE] team=2 losTgt=65.94
[WOBBLE_FIRE] team=2 losTgt=66.54
[WOBBLE_FIRE] team=2 losTgt=67.19
[WOBBLE_FIRE] team=2 losTgt=67.88
[WOBBLE_FIRE] team=2 losTgt=68.61
[WOBBLE_FIRE] team=2 losTgt=69.37
[WOBBLE_FIRE] team=2 losTgt=70.14
[WOBBLE_FIRE] team=2 losTgt=70.78
[WOBBLE_FIRE] team=2 losTgt=71.10
[WOBBLE_FIRE] team=2 losTgt=71.01
[WOBBLE_FIRE] team=2 losTgt=70.52
[WOBBLE_FIRE] team=2 losTgt=69.76
[WOBBLE_FIRE] team=2 losTgt=69.08
[WOBBLE_FIRE] team=2 losTgt=68.68
[WOBBLE_FIRE] team=2 losTgt=68.48
[WOBBLE_FIRE] team=2 losTgt=68.41
[WOBBLE_FIRE] team=2 losTgt=68.44
[WOBBLE_FIRE] team=2 losTgt=68.53
[WOBBLE_FIRE] team=2 losTgt=68.70
[WOBBLE_FIRE] team=2 losTgt=68.94
[WOBBLE_FIRE] team=2 losTgt=69.23
[WOBBLE_FIRE] team=2 losTgt=69.56
[WOBBLE_FIRE] team=2 losTgt=69.90
[WOBBLE_FIRE] team=2 losTgt=70.25
[WOBBLE_FIRE] team=2 losTgt=70.61
[WOBBLE_FIRE] team=2 losTgt=70.98
[WOBBLE_FIRE] team=2 losTgt=71.35
[WOBBLE_FIRE] team=2 losTgt=71.74
[WOBBLE_FIRE] team=2 losTgt=72.14
[WOBBLE_FIRE] team=2 losTgt=72.57
[WOBBLE_FIRE] team=2 losTgt=73.02
[WOBBLE_FIRE] team=2 losTgt=73.48
[WOBBLE_FIRE] team=2 losTgt=73.96
[WOBBLE_FIRE] team=2 losTgt=74.46
[WOBBLE_FIRE] team=2 losTgt=74.97
[WOBBLE_FIRE] team=2 losTgt=75.49
[WOBBLE_FIRE] team=2 losTgt=76.03
[WOBBLE_FIRE] team=2 losTgt=76.57
[WOBBLE_FIRE] team=2 losTgt=77.14
[WOBBLE_FIRE] team=2 losTgt=77.71
[WOBBLE_FIRE] team=2 losTgt=78.30
[WOBBLE_FIRE] team=2 losTgt=78.91
[WOBBLE_FIRE] team=2 losTgt=79.52
[WOBBLE_FIRE] team=2 losTgt=80.15
[WOBBLE_FIRE] team=2 losTgt=80.79
[WOBBLE_FIRE] team=2 losTgt=81.45
[WOBBLE_FIRE] team=2 losTgt=82.10
[WOBBLE_FIRE] team=2 losTgt=82.77
[WOBBLE_FIRE] team=2 losTgt=83.45
[WOBBLE_FIRE] team=2 losTgt=84.13
[WOBBLE_FIRE] team=2 losTgt=84.82
[WOBBLE_FIRE] team=2 losTgt=85.52
[WOBBLE_FIRE] team=2 losTgt=86.22
[WOBBLE_FIRE] team=2 losTgt=86.93
[WOBBLE_FIRE] team=2 losTgt=87.64
[WOBBLE_FIRE] team=2 losTgt=88.36
[WOBBLE_FIRE] team=2 losTgt=89.08
[WOBBLE_FIRE] team=2 losTgt=89.80
[WOBBLE_FIRE] team=2 losTgt=90.52
[WOBBLE_FIRE] team=2 losTgt=91.23
[WOBBLE_FIRE] team=2 losTgt=91.94
[WOBBLE_FIRE] team=2 losTgt=92.65
[WOBBLE_FIRE] team=2 losTgt=93.34
[WOBBLE_FIRE] team=2 losTgt=94.02
[WOBBLE_FIRE] team=2 losTgt=94.70
[WOBBLE_FIRE] team=2 losTgt=95.50
[WOBBLE_FIRE] team=2 losTgt=96.33
[WOBBLE_FIRE] team=2 losTgt=96.93
[WOBBLE_FIRE] team=2 losTgt=97.30
[WOBBLE_FIRE] team=2 losTgt=97.61
[WOBBLE_FIRE] team=2 losTgt=97.97
[WOBBLE_FIRE] team=2 losTgt=98.38
[WOBBLE_FIRE] team=2 losTgt=98.81
[WOBBLE_FIRE] team=2 losTgt=99.24
[WOBBLE_FIRE] team=2 losTgt=99.68
[WOBBLE_FIRE] team=2 losTgt=100.14
[WOBBLE_FIRE] team=2 losTgt=100.60
[WOBBLE_FIRE] team=2 losTgt=101.06
[WOBBLE_FIRE] team=2 losTgt=101.50
[WOBBLE_FIRE] team=2 losTgt=101.91
[WOBBLE_FIRE] team=2 losTgt=102.28
[WOBBLE_FIRE] team=2 losTgt=102.61
[WOBBLE_FIRE] team=2 losTgt=102.91
[WOBBLE_FIRE] team=2 losTgt=103.16
[WOBBLE_FIRE] team=2 losTgt=103.36
[WOBBLE_FIRE] team=2 losTgt=103.53
[WOBBLE_FIRE] team=2 losTgt=103.65
[WOBBLE_FIRE] team=2 losTgt=103.74
[WOBBLE_FIRE] team=2 losTgt=103.78
[WOBBLE_FIRE] team=2 losTgt=103.78
[WOBBLE_FIRE] team=2 losTgt=103.75
[WOBBLE_FIRE] team=2 losTgt=103.67
[WOBBLE_FIRE] team=2 losTgt=103.57
[WOBBLE_FIRE] team=2 losTgt=103.43
[WOBBLE_FIRE] team=2 losTgt=103.26
[WOBBLE_FIRE] team=2 losTgt=103.06
[WOBBLE_FIRE] team=2 losTgt=102.83
[WOBBLE_FIRE] team=2 losTgt=102.57
[WOBBLE_FIRE] team=2 losTgt=102.29
[WOBBLE_FIRE] team=2 losTgt=101.98
[WOBBLE_FIRE] team=2 losTgt=101.65
[WOBBLE_FIRE] team=2 losTgt=101.29
[WOBBLE_FIRE] team=2 losTgt=100.91
[WOBBLE_FIRE] team=2 losTgt=100.51
[WOBBLE_FIRE] team=2 losTgt=100.08
[WOBBLE_FIRE] team=2 losTgt=99.64
[WOBBLE_FIRE] team=2 losTgt=99.18
[WOBBLE_FIRE] team=2 losTgt=98.70
[WOBBLE_FIRE] team=2 losTgt=98.20
[WOBBLE_FIRE] team=2 losTgt=97.69
[WOBBLE_FIRE] team=2 losTgt=97.16
[WOBBLE_FIRE] team=2 losTgt=96.61
[WOBBLE_FIRE] team=2 losTgt=96.05
[WOBBLE_FIRE] team=2 losTgt=95.48
[WOBBLE_FIRE] team=2 losTgt=94.89
[WOBBLE_FIRE] team=2 losTgt=94.29
[WOBBLE_FIRE] team=2 losTgt=93.68
[WOBBLE_FIRE] team=2 losTgt=93.05
[WOBBLE_FIRE] team=2 losTgt=92.42
[WOBBLE_FIRE] team=2 losTgt=91.79
[WOBBLE_FIRE] team=2 losTgt=91.14
[WOBBLE_FIRE] team=2 losTgt=90.48
[WOBBLE_FIRE] team=2 losTgt=89.80
[WOBBLE_FIRE] team=2 losTgt=89.10
[WOBBLE_FIRE] team=2 losTgt=88.38
[WOBBLE_FIRE] team=2 losTgt=87.65
[WOBBLE_FIRE] team=2 losTgt=86.91
[WOBBLE_FIRE] team=2 losTgt=86.16
[WOBBLE_FIRE] team=2 losTgt=85.42
[WOBBLE_FIRE] team=2 losTgt=84.68
[WOBBLE_FIRE] team=2 losTgt=83.93
[WOBBLE_FIRE] team=2 losTgt=83.17
[WOBBLE_FIRE] team=2 losTgt=82.40
[WOBBLE_FIRE] team=2 losTgt=81.63
[WOBBLE_FIRE] team=2 losTgt=80.86
[WOBBLE_FIRE] team=2 losTgt=80.08
[WOBBLE_FIRE] team=2 losTgt=79.30
[WOBBLE_FIRE] team=2 losTgt=78.52
[WOBBLE_FIRE] team=2 losTgt=77.73
[WOBBLE_FIRE] team=2 losTgt=76.94
[WOBBLE_FIRE] team=2 losTgt=76.14
[WOBBLE_FIRE] team=2 losTgt=75.34
[WOBBLE_FIRE] team=2 losTgt=74.54
[WOBBLE_FIRE] team=2 losTgt=73.73
[WOBBLE_FIRE] team=2 losTgt=72.91
[WOBBLE_FIRE] team=2 losTgt=72.09
[WOBBLE_FIRE] team=2 losTgt=71.27
[WOBBLE_FIRE] team=2 losTgt=70.44
[WOBBLE_FIRE] team=2 losTgt=69.61
[WOBBLE_FIRE] team=2 losTgt=68.77
[WOBBLE_FIRE] team=2 losTgt=67.92
[WOBBLE_FIRE] team=2 losTgt=67.07
[WOBBLE_FIRE] team=2 losTgt=66.21
[WOBBLE_FIRE] team=2 losTgt=65.34
[WOBBLE_FIRE] team=2 losTgt=64.47
[WOBBLE_FIRE] team=2 losTgt=63.59
[WOBBLE_FIRE] team=2 losTgt=62.70
[WOBBLE_FIRE] team=2 losTgt=61.80
[WOBBLE_FIRE] team=2 losTgt=60.90
[WOBBLE_FIRE] team=2 losTgt=59.98
[WOBBLE_FIRE] team=2 losTgt=59.06
[WOBBLE_FIRE] team=2 losTgt=58.12
[WOBBLE_FIRE] team=2 losTgt=57.18
[WOBBLE_FIRE] team=2 losTgt=56.22
[WOBBLE_FIRE] team=2 losTgt=55.25
[WOBBLE_FIRE] team=2 losTgt=54.26
[WOBBLE_FIRE] team=2 losTgt=53.26
[WOBBLE_FIRE] team=2 losTgt=52.25
[WOBBLE_FIRE] team=2 losTgt=51.22
[WOBBLE_FIRE] team=2 losTgt=50.17
[WOBBLE_FIRE] team=2 losTgt=49.09
[WOBBLE_FIRE] team=2 losTgt=48.00
[WOBBLE_FIRE] team=2 losTgt=46.88
[WOBBLE_FIRE] team=2 losTgt=45.74
[WOBBLE_FIRE] team=2 losTgt=48.92
[WOBBLE_FIRE] team=2 losTgt=54.50
[WOBBLE_FIRE] team=2 losTgt=59.98
[WOBBLE_FIRE] team=2 losTgt=65.26
[WOBBLE_FIRE] team=2 losTgt=70.00
[WOBBLE_FIRE] team=2 losTgt=73.82
[WOBBLE_FIRE] team=2 losTgt=76.60
[WOBBLE_FIRE] team=2 losTgt=78.75
[WOBBLE_FIRE] team=2 losTgt=80.63
[WOBBLE_FIRE] team=2 losTgt=82.30
[WOBBLE_FIRE] team=2 losTgt=83.71
[WOBBLE_FIRE] team=2 losTgt=84.84
[WOBBLE_FIRE] team=2 losTgt=85.69
[WOBBLE_FIRE] team=2 losTgt=86.34
[WOBBLE_FIRE] team=2 losTgt=86.82
[WOBBLE_FIRE] team=2 losTgt=87.13
[WOBBLE_FIRE] team=2 losTgt=87.28
[WOBBLE_FIRE] team=2 losTgt=87.30
[WOBBLE_FIRE] team=2 losTgt=87.19
[WOBBLE_FIRE] team=2 losTgt=86.95
[WOBBLE_FIRE] team=2 losTgt=86.61
[WOBBLE_FIRE] team=2 losTgt=86.18
[WOBBLE_FIRE] team=2 losTgt=85.66
[WOBBLE_FIRE] team=2 losTgt=85.07
[WOBBLE_FIRE] team=2 losTgt=84.41
[WOBBLE_FIRE] team=2 losTgt=83.68
[WOBBLE_FIRE] team=2 losTgt=82.90
[WOBBLE_FIRE] team=2 losTgt=82.06
[WOBBLE_FIRE] team=2 losTgt=81.18
[WOBBLE_FIRE] team=2 losTgt=80.26
[WOBBLE_FIRE] team=2 losTgt=79.28
[WOBBLE_FIRE] team=2 losTgt=78.27
[WOBBLE_FIRE] team=2 losTgt=77.23
[WOBBLE_FIRE] team=2 losTgt=76.16
[WOBBLE_FIRE] team=2 losTgt=75.05
[WOBBLE_FIRE] team=2 losTgt=73.91
[WOBBLE_FIRE] team=2 losTgt=72.74
[WOBBLE_FIRE] team=2 losTgt=71.55
[WOBBLE_FIRE] team=2 losTgt=70.34
[WOBBLE_FIRE] team=2 losTgt=69.10
[WOBBLE_FIRE] team=2 losTgt=67.83
[WOBBLE_FIRE] team=2 losTgt=66.55
[WOBBLE_FIRE] team=2 losTgt=65.24
[WOBBLE_FIRE] team=2 losTgt=63.91
[WOBBLE_FIRE] team=2 losTgt=62.56
[WOBBLE_FIRE] team=2 losTgt=61.20
[WOBBLE_FIRE] team=2 losTgt=59.81
[WOBBLE_FIRE] team=2 losTgt=58.40
[WOBBLE_FIRE] team=2 losTgt=56.98
[WOBBLE_FIRE] team=2 losTgt=55.53
[WOBBLE_FIRE] team=2 losTgt=55.02
[WOBBLE_FIRE] team=2 losTgt=56.87
[WOBBLE_FIRE] team=2 losTgt=57.30
[WOBBLE_FIRE] team=2 losTgt=57.67
[WOBBLE_FIRE] team=2 losTgt=57.85
[WOBBLE_FIRE] team=2 losTgt=57.93
[WOBBLE_FIRE] team=2 losTgt=57.98
[WOBBLE_FIRE] team=2 losTgt=58.01
[WOBBLE_FIRE] team=2 losTgt=58.04
[WOBBLE_FIRE] team=2 losTgt=58.03
[WOBBLE_FIRE] team=2 losTgt=57.97
[WOBBLE_FIRE] team=2 losTgt=58.23
[WOBBLE_FIRE] team=2 losTgt=59.10
[WOBBLE_FIRE] team=2 losTgt=60.89
[WOBBLE_FIRE] team=2 losTgt=62.98
[WOBBLE_FIRE] team=2 losTgt=64.91
[WOBBLE_FIRE] team=2 losTgt=66.64
[WOBBLE_FIRE] team=2 losTgt=68.24
[WOBBLE_FIRE] team=2 losTgt=69.81
[WOBBLE_FIRE] team=2 losTgt=71.38
[WOBBLE_FIRE] team=2 losTgt=72.95
[WOBBLE_FIRE] team=2 losTgt=74.54
[WOBBLE_FIRE] team=2 losTgt=76.15
[WOBBLE_FIRE] team=2 losTgt=77.79
[WOBBLE_FIRE] team=2 losTgt=79.45
[WOBBLE_FIRE] team=2 losTgt=81.14
[WOBBLE_FIRE] team=2 losTgt=82.85
[WOBBLE_FIRE] team=2 losTgt=84.59
[WOBBLE_FIRE] team=2 losTgt=86.35
[WOBBLE_FIRE] team=2 losTgt=88.12
[WOBBLE_FIRE] team=2 losTgt=89.92
[WOBBLE_FIRE] team=2 losTgt=91.72
[WOBBLE_FIRE] team=2 losTgt=93.54
[WOBBLE_FIRE] team=2 losTgt=95.36
[WOBBLE_FIRE] team=2 losTgt=97.17
[WOBBLE_FIRE] team=2 losTgt=98.97
[WOBBLE_FIRE] team=2 losTgt=100.75
[WOBBLE_FIRE] team=2 losTgt=102.51
[WOBBLE_FIRE] team=2 losTgt=104.23
[WOBBLE_FIRE] team=2 losTgt=105.91
[WOBBLE_FIRE] team=2 losTgt=107.54
[WOBBLE_FIRE] team=2 losTgt=109.11
[WOBBLE_FIRE] team=2 losTgt=110.62
[WOBBLE_FIRE] team=2 losTgt=112.05
[WOBBLE_FIRE] team=2 losTgt=113.42
[WOBBLE_FIRE] team=2 losTgt=114.69
[WOBBLE_FIRE] team=2 losTgt=115.88
[WOBBLE_FIRE] team=2 losTgt=116.97
[WOBBLE_FIRE] team=2 losTgt=117.98
[WOBBLE_FIRE] team=2 losTgt=118.88
[WOBBLE_FIRE] team=2 losTgt=119.16
[WOBBLE_FIRE] team=2 losTgt=119.06
[WOBBLE_FIRE] team=2 losTgt=119.59
[WOBBLE_FIRE] team=2 losTgt=119.39
[WOBBLE_FIRE] team=2 losTgt=119.59
[WOBBLE_FIRE] team=2 losTgt=118.66
[WOBBLE_FIRE] team=2 losTgt=117.72
[WOBBLE_FIRE] team=2 losTgt=116.77
[WOBBLE_FIRE] team=2 losTgt=115.71
[WOBBLE_FIRE] team=2 losTgt=114.58
[WOBBLE_FIRE] team=2 losTgt=113.45
[WOBBLE_FIRE] team=2 losTgt=112.35
[WOBBLE_FIRE] team=2 losTgt=111.27
[WOBBLE_FIRE] team=2 losTgt=110.22
[WOBBLE_FIRE] team=2 losTgt=109.19
[WOBBLE_FIRE] team=2 losTgt=108.19
[WOBBLE_FIRE] team=2 losTgt=107.21
[WOBBLE_FIRE] team=2 losTgt=106.26
[WOBBLE_FIRE] team=2 losTgt=105.34
[WOBBLE_FIRE] team=2 losTgt=104.46
[WOBBLE_FIRE] team=2 losTgt=103.62
[WOBBLE_FIRE] team=2 losTgt=102.81
[WOBBLE_FIRE] team=2 losTgt=102.02
[WOBBLE_FIRE] team=2 losTgt=101.25
[WOBBLE_FIRE] team=2 losTgt=100.50
[WOBBLE_FIRE] team=2 losTgt=99.77
[WOBBLE_FIRE] team=2 losTgt=99.05
[WOBBLE_FIRE] team=2 losTgt=98.35
[WOBBLE_FIRE] team=2 losTgt=97.67
[WOBBLE_FIRE] team=2 losTgt=96.99
[WOBBLE_FIRE] team=2 losTgt=96.31
[WOBBLE_FIRE] team=2 losTgt=95.64
[WOBBLE_FIRE] team=2 losTgt=94.96
[WOBBLE_FIRE] team=2 losTgt=94.26
[WOBBLE_FIRE] team=2 losTgt=93.54
[WOBBLE_FIRE] team=2 losTgt=92.79
[WOBBLE_FIRE] team=2 losTgt=92.03
[WOBBLE_FIRE] team=2 losTgt=91.25
[WOBBLE_FIRE] team=2 losTgt=90.43
[WOBBLE_FIRE] team=2 losTgt=89.61
[WOBBLE_FIRE] team=2 losTgt=88.80
[WOBBLE_FIRE] team=2 losTgt=87.97
[WOBBLE_FIRE] team=2 losTgt=87.16
[WOBBLE_FIRE] team=2 losTgt=86.37
[WOBBLE_FIRE] team=2 losTgt=85.59
[WOBBLE_FIRE] team=2 losTgt=84.69
[WOBBLE_FIRE] team=2 losTgt=83.80
[WOBBLE_FIRE] team=2 losTgt=82.86
[WOBBLE_FIRE] team=2 losTgt=81.89
[WOBBLE_FIRE] team=2 losTgt=80.87
[WOBBLE_FIRE] team=2 losTgt=79.86
[WOBBLE_FIRE] team=2 losTgt=78.80
[WOBBLE_FIRE] team=2 losTgt=77.71
[WOBBLE_FIRE] team=2 losTgt=76.61
[WOBBLE_FIRE] team=2 losTgt=75.50
[WOBBLE_FIRE] team=2 losTgt=74.39
[WOBBLE_FIRE] team=2 losTgt=73.28
[WOBBLE_FIRE] team=2 losTgt=72.16
[WOBBLE_FIRE] team=2 losTgt=71.05
[WOBBLE_FIRE] team=2 losTgt=69.93
[WOBBLE_FIRE] team=2 losTgt=68.81
[WOBBLE_FIRE] team=2 losTgt=67.69
[WOBBLE_FIRE] team=2 losTgt=66.56
[WOBBLE_FIRE] team=2 losTgt=65.43
[WOBBLE_FIRE] team=2 losTgt=64.29
[WOBBLE_FIRE] team=2 losTgt=63.14
[WOBBLE_FIRE] team=2 losTgt=61.99
[WOBBLE_FIRE] team=2 losTgt=60.82
[WOBBLE_FIRE] team=2 losTgt=59.64
[WOBBLE_FIRE] team=2 losTgt=58.45
[WOBBLE_FIRE] team=2 losTgt=57.24
[WOBBLE_FIRE] team=2 losTgt=56.01
[WOBBLE_FIRE] team=2 losTgt=54.77
[WOBBLE_FIRE] team=2 losTgt=53.50
[WOBBLE_FIRE] team=2 losTgt=52.20
[WOBBLE_FIRE] team=2 losTgt=50.87
[WOBBLE_FIRE] team=2 losTgt=49.50
[WOBBLE_FIRE] team=2 losTgt=48.11
[WOBBLE_FIRE] team=2 losTgt=46.67
[WOBBLE_FIRE] team=2 losTgt=45.18
[WOBBLE_FIRE] team=2 losTgt=54.49
[WOBBLE_FIRE] team=2 losTgt=65.14
[WOBBLE_FIRE] team=2 losTgt=75.27
[WOBBLE_FIRE] team=2 losTgt=84.17
[WOBBLE_FIRE] team=2 losTgt=91.68
[WOBBLE_FIRE] team=2 losTgt=97.79
[WOBBLE_FIRE] team=2 losTgt=102.52
[WOBBLE_FIRE] team=2 losTgt=105.86
[WOBBLE_FIRE] team=2 losTgt=107.81
[WOBBLE_FIRE] team=2 losTgt=108.27
[WOBBLE_FIRE] team=2 losTgt=107.97
[WOBBLE_FIRE] team=2 losTgt=107.55
[WOBBLE_FIRE] team=2 losTgt=107.12
[WOBBLE_FIRE] team=2 losTgt=106.64
[WOBBLE_FIRE] team=2 losTgt=106.12
[WOBBLE_FIRE] team=2 losTgt=105.55
[WOBBLE_FIRE] team=2 losTgt=104.92
[WOBBLE_FIRE] team=2 losTgt=104.22
[WOBBLE_FIRE] team=2 losTgt=103.44
[WOBBLE_FIRE] team=2 losTgt=102.57
[WOBBLE_FIRE] team=2 losTgt=101.62
[WOBBLE_FIRE] team=2 losTgt=100.61
[WOBBLE_FIRE] team=2 losTgt=99.53
[WOBBLE_FIRE] team=2 losTgt=98.39
[WOBBLE_FIRE] team=2 losTgt=97.20
[WOBBLE_FIRE] team=2 losTgt=95.95
[WOBBLE_FIRE] team=2 losTgt=94.65
[WOBBLE_FIRE] team=2 losTgt=93.31
[WOBBLE_FIRE] team=2 losTgt=91.93
[WOBBLE_FIRE] team=2 losTgt=90.50
[WOBBLE_FIRE] team=2 losTgt=89.03
[WOBBLE_FIRE] team=2 losTgt=87.52
[WOBBLE_FIRE] team=2 losTgt=85.97
[WOBBLE_FIRE] team=2 losTgt=84.42
[WOBBLE_FIRE] team=2 losTgt=82.85
[WOBBLE_FIRE] team=2 losTgt=81.27
[WOBBLE_FIRE] team=2 losTgt=79.69
[WOBBLE_FIRE] team=2 losTgt=78.11
[WOBBLE_FIRE] team=2 losTgt=76.52
[WOBBLE_FIRE] team=2 losTgt=74.92
[WOBBLE_FIRE] team=2 losTgt=73.30
[WOBBLE_FIRE] team=2 losTgt=71.68
[WOBBLE_FIRE] team=2 losTgt=70.04
[WOBBLE_FIRE] team=2 losTgt=68.39
[WOBBLE_FIRE] team=2 losTgt=66.73
[WOBBLE_FIRE] team=2 losTgt=65.06
[WOBBLE_FIRE] team=2 losTgt=63.37
[WOBBLE_FIRE] team=2 losTgt=61.67
[WOBBLE_FIRE] team=2 losTgt=59.96
[WOBBLE_FIRE] team=2 losTgt=58.23
[WOBBLE_FIRE] team=2 losTgt=56.49
[WOBBLE_FIRE] team=2 losTgt=54.73
[WOBBLE_FIRE] team=2 losTgt=52.96
[WOBBLE_FIRE] team=2 losTgt=51.17
[WOBBLE_FIRE] team=2 losTgt=49.37
[WOBBLE_FIRE] team=2 losTgt=47.54
[WOBBLE_FIRE] team=2 losTgt=45.70
[WOBBLE_FIRE] team=2 losTgt=45.91
[WOBBLE_FIRE] team=2 losTgt=46.88
[WOBBLE_FIRE] team=2 losTgt=47.82
[WOBBLE_FIRE] team=2 losTgt=48.73
[WOBBLE_FIRE] team=2 losTgt=49.62
[WOBBLE_FIRE] team=2 losTgt=50.47
[WOBBLE_FIRE] team=2 losTgt=51.27
[WOBBLE_FIRE] team=2 losTgt=51.99
[WOBBLE_FIRE] team=2 losTgt=52.65
[WOBBLE_FIRE] team=2 losTgt=53.22
[WOBBLE_FIRE] team=2 losTgt=53.70
[WOBBLE_FIRE] team=2 losTgt=54.09
[WOBBLE_FIRE] team=2 losTgt=54.39
[WOBBLE_FIRE] team=2 losTgt=54.61
[WOBBLE_FIRE] team=2 losTgt=54.74
[WOBBLE_FIRE] team=2 losTgt=54.79
[WOBBLE_FIRE] team=2 losTgt=54.76
[WOBBLE_FIRE] team=2 losTgt=54.64
[WOBBLE_FIRE] team=2 losTgt=54.46
[WOBBLE_FIRE] team=2 losTgt=54.20
[WOBBLE_FIRE] team=2 losTgt=53.89
[WOBBLE_FIRE] team=2 losTgt=53.51
[WOBBLE_FIRE] team=2 losTgt=53.06
[WOBBLE_FIRE] team=2 losTgt=52.57
[WOBBLE_FIRE] team=2 losTgt=52.02
[WOBBLE_FIRE] team=2 losTgt=51.42
[WOBBLE_FIRE] team=2 losTgt=50.77
[WOBBLE_FIRE] team=2 losTgt=50.08
[WOBBLE_FIRE] team=2 losTgt=49.34
[WOBBLE_FIRE] team=2 losTgt=48.56
[WOBBLE_FIRE] team=2 losTgt=47.74
[WOBBLE_FIRE] team=2 losTgt=46.88
[WOBBLE_FIRE] team=2 losTgt=45.98
[WOBBLE_FIRE] team=2 losTgt=45.05
runner:local/env:0	num_steps=[8588] | total rewards=[815.9410] | termination= [target destroyed]
[seed 6] reward=   815.94 ownHP=1.0000 tgtHP=-0.0001 target destroyed
total: 2
[WOBBLE_FIRE] team=2 losTgt=54.16
[WOBBLE_FIRE] team=2 losTgt=53.89
[WOBBLE_FIRE] team=2 losTgt=53.00
[WOBBLE_FIRE] team=2 losTgt=52.06
[WOBBLE_FIRE] team=2 losTgt=51.10
[WOBBLE_FIRE] team=2 losTgt=50.02
[WOBBLE_FIRE] team=2 losTgt=48.72
[WOBBLE_FIRE] team=2 losTgt=47.21
[WOBBLE_FIRE] team=2 losTgt=45.72
[WOBBLE_FIRE] team=2 losTgt=45.93
[WOBBLE_FIRE] team=2 losTgt=50.12
[WOBBLE_FIRE] team=2 losTgt=54.49
[WOBBLE_FIRE] team=2 losTgt=58.95
[WOBBLE_FIRE] team=2 losTgt=63.39
[WOBBLE_FIRE] team=2 losTgt=67.73
[WOBBLE_FIRE] team=2 losTgt=71.87
[WOBBLE_FIRE] team=2 losTgt=75.77
[WOBBLE_FIRE] team=2 losTgt=79.36
[WOBBLE_FIRE] team=2 losTgt=82.64
[WOBBLE_FIRE] team=2 losTgt=85.61
[WOBBLE_FIRE] team=2 losTgt=88.24
[WOBBLE_FIRE] team=2 losTgt=90.58
[WOBBLE_FIRE] team=2 losTgt=92.63
[WOBBLE_FIRE] team=2 losTgt=94.41
[WOBBLE_FIRE] team=2 losTgt=95.94
[WOBBLE_FIRE] team=2 losTgt=97.25
[WOBBLE_FIRE] team=2 losTgt=98.34
[WOBBLE_FIRE] team=2 losTgt=99.23
[WOBBLE_FIRE] team=2 losTgt=99.96
[WOBBLE_FIRE] team=2 losTgt=100.56
[WOBBLE_FIRE] team=2 losTgt=101.03
[WOBBLE_FIRE] team=2 losTgt=101.40
[WOBBLE_FIRE] team=2 losTgt=101.68
[WOBBLE_FIRE] team=2 losTgt=101.86
[WOBBLE_FIRE] team=2 losTgt=101.97
[WOBBLE_FIRE] team=2 losTgt=102.00
[WOBBLE_FIRE] team=2 losTgt=101.96
[WOBBLE_FIRE] team=2 losTgt=101.86
[WOBBLE_FIRE] team=2 losTgt=101.70
[WOBBLE_FIRE] team=2 losTgt=101.49
[WOBBLE_FIRE] team=2 losTgt=101.23
[WOBBLE_FIRE] team=2 losTgt=100.93
[WOBBLE_FIRE] team=2 losTgt=100.60
[WOBBLE_FIRE] team=2 losTgt=100.24
[WOBBLE_FIRE] team=2 losTgt=99.84
[WOBBLE_FIRE] team=2 losTgt=99.41
[WOBBLE_FIRE] team=2 losTgt=98.96
[WOBBLE_FIRE] team=2 losTgt=98.48
[WOBBLE_FIRE] team=2 losTgt=97.98
[WOBBLE_FIRE] team=2 losTgt=97.45
[WOBBLE_FIRE] team=2 losTgt=96.90
[WOBBLE_FIRE] team=2 losTgt=96.33
[WOBBLE_FIRE] team=2 losTgt=95.74
[WOBBLE_FIRE] team=2 losTgt=95.12
[WOBBLE_FIRE] team=2 losTgt=94.49
[WOBBLE_FIRE] team=2 losTgt=93.84
[WOBBLE_FIRE] team=2 losTgt=93.18
[WOBBLE_FIRE] team=2 losTgt=92.50
[WOBBLE_FIRE] team=2 losTgt=91.81
[WOBBLE_FIRE] team=2 losTgt=91.10
[WOBBLE_FIRE] team=2 losTgt=90.38
[WOBBLE_FIRE] team=2 losTgt=89.65
[WOBBLE_FIRE] team=2 losTgt=88.91
[WOBBLE_FIRE] team=2 losTgt=88.15
[WOBBLE_FIRE] team=2 losTgt=87.39
[WOBBLE_FIRE] team=2 losTgt=86.62
[WOBBLE_FIRE] team=2 losTgt=85.84
[WOBBLE_FIRE] team=2 losTgt=85.05
[WOBBLE_FIRE] team=2 losTgt=84.26
[WOBBLE_FIRE] team=2 losTgt=83.48
[WOBBLE_FIRE] team=2 losTgt=82.67
[WOBBLE_FIRE] team=2 losTgt=81.86
[WOBBLE_FIRE] team=2 losTgt=81.02
[WOBBLE_FIRE] team=2 losTgt=80.17
[WOBBLE_FIRE] team=2 losTgt=79.30
[WOBBLE_FIRE] team=2 losTgt=78.42
[WOBBLE_FIRE] team=2 losTgt=77.54
[WOBBLE_FIRE] team=2 losTgt=76.64
[WOBBLE_FIRE] team=2 losTgt=75.74
[WOBBLE_FIRE] team=2 losTgt=74.84
[WOBBLE_FIRE] team=2 losTgt=73.92
[WOBBLE_FIRE] team=2 losTgt=72.99
[WOBBLE_FIRE] team=2 losTgt=72.06
[WOBBLE_FIRE] team=2 losTgt=71.13
[WOBBLE_FIRE] team=2 losTgt=70.19
[WOBBLE_FIRE] team=2 losTgt=69.24
[WOBBLE_FIRE] team=2 losTgt=68.28
[WOBBLE_FIRE] team=2 losTgt=67.32
[WOBBLE_FIRE] team=2 losTgt=66.35
[WOBBLE_FIRE] team=2 losTgt=65.37
[WOBBLE_FIRE] team=2 losTgt=64.39
[WOBBLE_FIRE] team=2 losTgt=63.40
[WOBBLE_FIRE] team=2 losTgt=62.40
[WOBBLE_FIRE] team=2 losTgt=61.40
[WOBBLE_FIRE] team=2 losTgt=60.39
[WOBBLE_FIRE] team=2 losTgt=59.37
[WOBBLE_FIRE] team=2 losTgt=58.34
[WOBBLE_FIRE] team=2 losTgt=57.31
[WOBBLE_FIRE] team=2 losTgt=56.27
[WOBBLE_FIRE] team=2 losTgt=55.21
[WOBBLE_FIRE] team=2 losTgt=54.16
[WOBBLE_FIRE] team=2 losTgt=53.09
[WOBBLE_FIRE] team=2 losTgt=52.01
[WOBBLE_FIRE] team=2 losTgt=50.92
[WOBBLE_FIRE] team=2 losTgt=49.83
[WOBBLE_FIRE] team=2 losTgt=48.72
[WOBBLE_FIRE] team=2 losTgt=47.60
[WOBBLE_FIRE] team=2 losTgt=46.48
[WOBBLE_FIRE] team=2 losTgt=45.34
[WOBBLE_FIRE] team=2 losTgt=45.76
[WOBBLE_FIRE] team=2 losTgt=47.99
[WOBBLE_FIRE] team=2 losTgt=50.12
[WOBBLE_FIRE] team=2 losTgt=52.16
[WOBBLE_FIRE] team=2 losTgt=54.08
[WOBBLE_FIRE] team=2 losTgt=55.87
[WOBBLE_FIRE] team=2 losTgt=57.52
[WOBBLE_FIRE] team=2 losTgt=59.04
[WOBBLE_FIRE] team=2 losTgt=60.42
[WOBBLE_FIRE] team=2 losTgt=61.65
[WOBBLE_FIRE] team=2 losTgt=62.72
[WOBBLE_FIRE] team=2 losTgt=63.64
[WOBBLE_FIRE] team=2 losTgt=64.40
[WOBBLE_FIRE] team=2 losTgt=65.03
[WOBBLE_FIRE] team=2 losTgt=65.51
[WOBBLE_FIRE] team=2 losTgt=65.87
[WOBBLE_FIRE] team=2 losTgt=66.11
[WOBBLE_FIRE] team=2 losTgt=66.24
[WOBBLE_FIRE] team=2 losTgt=66.26
[WOBBLE_FIRE] team=2 losTgt=66.19
[WOBBLE_FIRE] team=2 losTgt=66.03
[WOBBLE_FIRE] team=2 losTgt=65.79
[WOBBLE_FIRE] team=2 losTgt=65.47
[WOBBLE_FIRE] team=2 losTgt=65.07
[WOBBLE_FIRE] team=2 losTgt=64.61
[WOBBLE_FIRE] team=2 losTgt=64.08
[WOBBLE_FIRE] team=2 losTgt=63.50
[WOBBLE_FIRE] team=2 losTgt=62.86
[WOBBLE_FIRE] team=2 losTgt=62.16
[WOBBLE_FIRE] team=2 losTgt=61.42
[WOBBLE_FIRE] team=2 losTgt=60.63
[WOBBLE_FIRE] team=2 losTgt=59.80
[WOBBLE_FIRE] team=2 losTgt=58.93
[WOBBLE_FIRE] team=2 losTgt=58.01
[WOBBLE_FIRE] team=2 losTgt=57.05
[WOBBLE_FIRE] team=2 losTgt=56.06
[WOBBLE_FIRE] team=2 losTgt=55.03
[WOBBLE_FIRE] team=2 losTgt=53.95
[WOBBLE_FIRE] team=2 losTgt=52.86
[WOBBLE_FIRE] team=2 losTgt=51.72
[WOBBLE_FIRE] team=2 losTgt=50.55
[WOBBLE_FIRE] team=2 losTgt=49.34
[WOBBLE_FIRE] team=2 losTgt=48.10
[WOBBLE_FIRE] team=2 losTgt=46.82
[WOBBLE_FIRE] team=2 losTgt=45.52
[WOBBLE_FIRE] team=2 losTgt=45.29
[WOBBLE_FIRE] team=2 losTgt=45.10
[WOBBLE_FIRE] team=2 losTgt=45.83
[WOBBLE_FIRE] team=2 losTgt=46.53
[WOBBLE_FIRE] team=2 losTgt=47.19
[WOBBLE_FIRE] team=2 losTgt=47.82
[WOBBLE_FIRE] team=2 losTgt=48.40
[WOBBLE_FIRE] team=2 losTgt=48.93
[WOBBLE_FIRE] team=2 losTgt=49.41
[WOBBLE_FIRE] team=2 losTgt=49.85
[WOBBLE_FIRE] team=2 losTgt=50.22
[WOBBLE_FIRE] team=2 losTgt=50.52
[WOBBLE_FIRE] team=2 losTgt=50.75
[WOBBLE_FIRE] team=2 losTgt=50.89
[WOBBLE_FIRE] team=2 losTgt=50.95
[WOBBLE_FIRE] team=2 losTgt=50.92
[WOBBLE_FIRE] team=2 losTgt=50.79
[WOBBLE_FIRE] team=2 losTgt=50.59
[WOBBLE_FIRE] team=2 losTgt=50.32
[WOBBLE_FIRE] team=2 losTgt=49.98
[WOBBLE_FIRE] team=2 losTgt=49.55
[WOBBLE_FIRE] team=2 losTgt=49.05
[WOBBLE_FIRE] team=2 losTgt=48.49
[WOBBLE_FIRE] team=2 losTgt=47.85
[WOBBLE_FIRE] team=2 losTgt=47.15
[WOBBLE_FIRE] team=2 losTgt=46.38
[WOBBLE_FIRE] team=2 losTgt=45.54
runner:local/env:0	num_steps=[7362] | total rewards=[754.9283] | termination= [target destroyed]
[seed 7] reward=   754.93 ownHP=1.0000 tgtHP=-0.0018 target destroyed
total: 2
[WOBBLE_FIRE] team=2 losTgt=123.94
[WOBBLE_FIRE] team=2 losTgt=123.89
[WOBBLE_FIRE] team=2 losTgt=123.76
[WOBBLE_FIRE] team=2 losTgt=123.65
[WOBBLE_FIRE] team=2 losTgt=123.59
[WOBBLE_FIRE] team=2 losTgt=123.53
[WOBBLE_FIRE] team=2 losTgt=123.34
[WOBBLE_FIRE] team=2 losTgt=122.85
[WOBBLE_FIRE] team=2 losTgt=121.94
[WOBBLE_FIRE] team=2 losTgt=120.54
[WOBBLE_FIRE] team=2 losTgt=118.86
[WOBBLE_FIRE] team=2 losTgt=117.29
[WOBBLE_FIRE] team=2 losTgt=115.97
[WOBBLE_FIRE] team=2 losTgt=114.85
[WOBBLE_FIRE] team=2 losTgt=113.87
[WOBBLE_FIRE] team=2 losTgt=112.96
[WOBBLE_FIRE] team=2 losTgt=112.11
[WOBBLE_FIRE] team=2 losTgt=111.30
[WOBBLE_FIRE] team=2 losTgt=110.55
[WOBBLE_FIRE] team=2 losTgt=109.84
[WOBBLE_FIRE] team=2 losTgt=109.16
[WOBBLE_FIRE] team=2 losTgt=108.52
[WOBBLE_FIRE] team=2 losTgt=107.90
[WOBBLE_FIRE] team=2 losTgt=107.29
[WOBBLE_FIRE] team=2 losTgt=106.71
[WOBBLE_FIRE] team=2 losTgt=106.15
[WOBBLE_FIRE] team=2 losTgt=105.61
[WOBBLE_FIRE] team=2 losTgt=105.08
[WOBBLE_FIRE] team=2 losTgt=104.58
[WOBBLE_FIRE] team=2 losTgt=104.12
[WOBBLE_FIRE] team=2 losTgt=103.69
[WOBBLE_FIRE] team=2 losTgt=103.25
[WOBBLE_FIRE] team=2 losTgt=102.84
[WOBBLE_FIRE] team=2 losTgt=102.43
[WOBBLE_FIRE] team=2 losTgt=102.03
[WOBBLE_FIRE] team=2 losTgt=101.63
[WOBBLE_FIRE] team=2 losTgt=101.27
[WOBBLE_FIRE] team=2 losTgt=100.94
[WOBBLE_FIRE] team=2 losTgt=100.65
[WOBBLE_FIRE] team=2 losTgt=100.39
[WOBBLE_FIRE] team=2 losTgt=100.16
[WOBBLE_FIRE] team=2 losTgt=99.95
[WOBBLE_FIRE] team=2 losTgt=99.77
[WOBBLE_FIRE] team=2 losTgt=99.59
[WOBBLE_FIRE] team=2 losTgt=99.42
[WOBBLE_FIRE] team=2 losTgt=99.27
[WOBBLE_FIRE] team=2 losTgt=99.14
[WOBBLE_FIRE] team=2 losTgt=99.02
[WOBBLE_FIRE] team=2 losTgt=98.91
[WOBBLE_FIRE] team=2 losTgt=98.82
[WOBBLE_FIRE] team=2 losTgt=98.74
[WOBBLE_FIRE] team=2 losTgt=98.67
[WOBBLE_FIRE] team=2 losTgt=98.62
[WOBBLE_FIRE] team=2 losTgt=98.59
[WOBBLE_FIRE] team=2 losTgt=98.57
[WOBBLE_FIRE] team=2 losTgt=98.58
[WOBBLE_FIRE] team=2 losTgt=98.60
[WOBBLE_FIRE] team=2 losTgt=98.65
[WOBBLE_FIRE] team=2 losTgt=98.72
[WOBBLE_FIRE] team=2 losTgt=98.82
[WOBBLE_FIRE] team=2 losTgt=98.94
[WOBBLE_FIRE] team=2 losTgt=99.09
[WOBBLE_FIRE] team=2 losTgt=99.26
[WOBBLE_FIRE] team=2 losTgt=99.46
[WOBBLE_FIRE] team=2 losTgt=99.68
[WOBBLE_FIRE] team=2 losTgt=99.94
[WOBBLE_FIRE] team=2 losTgt=100.22
[WOBBLE_FIRE] team=2 losTgt=100.53
[WOBBLE_FIRE] team=2 losTgt=100.88
[WOBBLE_FIRE] team=2 losTgt=101.26
[WOBBLE_FIRE] team=2 losTgt=101.67
[WOBBLE_FIRE] team=2 losTgt=102.12
[WOBBLE_FIRE] team=2 losTgt=102.61
[WOBBLE_FIRE] team=2 losTgt=103.15
[WOBBLE_FIRE] team=2 losTgt=103.73
[WOBBLE_FIRE] team=2 losTgt=104.35
[WOBBLE_FIRE] team=2 losTgt=105.03
[WOBBLE_FIRE] team=2 losTgt=105.77
[WOBBLE_FIRE] team=2 losTgt=106.56
[WOBBLE_FIRE] team=2 losTgt=107.42
[WOBBLE_FIRE] team=2 losTgt=108.34
[WOBBLE_FIRE] team=2 losTgt=109.32
[WOBBLE_FIRE] team=2 losTgt=110.38
[WOBBLE_FIRE] team=2 losTgt=111.50
[WOBBLE_FIRE] team=2 losTgt=112.69
[WOBBLE_FIRE] team=2 losTgt=113.97
[WOBBLE_FIRE] team=2 losTgt=115.32
[WOBBLE_FIRE] team=2 losTgt=116.79
[WOBBLE_FIRE] team=2 losTgt=118.35
[WOBBLE_FIRE] team=2 losTgt=120.50
[WOBBLE_FIRE] team=2 losTgt=124.30
[WOBBLE_FIRE] team=2 losTgt=127.76
[WOBBLE_FIRE] team=2 losTgt=131.06
[WOBBLE_FIRE] team=2 losTgt=134.46
[WOBBLE_FIRE] team=2 losTgt=137.85
[WOBBLE_FIRE] team=2 losTgt=141.03
[WOBBLE_FIRE] team=2 losTgt=144.17
[WOBBLE_FIRE] team=2 losTgt=147.31
[WOBBLE_FIRE] team=2 losTgt=150.52
[WOBBLE_FIRE] team=2 losTgt=153.75
[WOBBLE_FIRE] team=2 losTgt=157.00
[WOBBLE_FIRE] team=2 losTgt=160.27
[WOBBLE_FIRE] team=2 losTgt=163.47
[WOBBLE_FIRE] team=2 losTgt=166.52
[WOBBLE_FIRE] team=2 losTgt=169.32
[WOBBLE_FIRE] team=2 losTgt=171.82
[WOBBLE_FIRE] team=2 losTgt=174.10
[WOBBLE_FIRE] team=2 losTgt=175.93
[WOBBLE_FIRE] team=2 losTgt=176.57
[WOBBLE_FIRE] team=2 losTgt=175.67
[WOBBLE_FIRE] team=2 losTgt=174.11
[WOBBLE_FIRE] team=2 losTgt=172.58
[WOBBLE_FIRE] team=2 losTgt=171.34
[WOBBLE_FIRE] team=2 losTgt=170.35
[WOBBLE_FIRE] team=2 losTgt=169.38
[WOBBLE_FIRE] team=2 losTgt=168.08
[WOBBLE_FIRE] team=2 losTgt=166.90
[WOBBLE_FIRE] team=2 losTgt=165.80
[WOBBLE_FIRE] team=2 losTgt=164.87
[WOBBLE_FIRE] team=2 losTgt=164.08
[WOBBLE_FIRE] team=2 losTgt=163.44
[WOBBLE_FIRE] team=2 losTgt=163.01
[WOBBLE_FIRE] team=2 losTgt=162.76
[WOBBLE_FIRE] team=2 losTgt=162.76
[WOBBLE_FIRE] team=2 losTgt=162.80
[WOBBLE_FIRE] team=2 losTgt=162.86
[WOBBLE_FIRE] team=2 losTgt=162.53
[WOBBLE_FIRE] team=2 losTgt=162.34
[WOBBLE_FIRE] team=2 losTgt=162.26
[WOBBLE_FIRE] team=2 losTgt=162.34
[WOBBLE_FIRE] team=2 losTgt=162.61
[WOBBLE_FIRE] team=2 losTgt=163.16
[WOBBLE_FIRE] team=2 losTgt=164.03
[WOBBLE_FIRE] team=2 losTgt=164.92
[WOBBLE_FIRE] team=2 losTgt=165.81
[WOBBLE_FIRE] team=2 losTgt=166.29
[WOBBLE_FIRE] team=2 losTgt=166.79
[WOBBLE_FIRE] team=2 losTgt=167.32
[WOBBLE_FIRE] team=2 losTgt=167.88
[WOBBLE_FIRE] team=2 losTgt=168.51
[WOBBLE_FIRE] team=2 losTgt=169.23
[WOBBLE_FIRE] team=2 losTgt=170.05
[WOBBLE_FIRE] team=2 losTgt=171.00
[WOBBLE_FIRE] team=2 losTgt=171.97
[WOBBLE_FIRE] team=2 losTgt=172.86
[WOBBLE_FIRE] team=2 losTgt=173.68
[WOBBLE_FIRE] team=2 losTgt=174.49
[WOBBLE_FIRE] team=2 losTgt=175.26
[WOBBLE_FIRE] team=2 losTgt=175.93
[WOBBLE_FIRE] team=2 losTgt=176.43
[WOBBLE_FIRE] team=2 losTgt=176.76
[WOBBLE_FIRE] team=2 losTgt=176.90
[WOBBLE_FIRE] team=2 losTgt=176.88
[WOBBLE_FIRE] team=2 losTgt=176.70
[WOBBLE_FIRE] team=2 losTgt=176.26
[WOBBLE_FIRE] team=2 losTgt=174.77
[WOBBLE_FIRE] team=2 losTgt=172.84
[WOBBLE_FIRE] team=2 losTgt=171.14
[WOBBLE_FIRE] team=2 losTgt=169.69
[WOBBLE_FIRE] team=2 losTgt=168.51
[WOBBLE_FIRE] team=2 losTgt=167.55
[WOBBLE_FIRE] team=2 losTgt=166.79
[WOBBLE_FIRE] team=2 losTgt=166.16
[WOBBLE_FIRE] team=2 losTgt=165.66
[WOBBLE_FIRE] team=2 losTgt=165.26
[WOBBLE_FIRE] team=2 losTgt=164.94
[WOBBLE_FIRE] team=2 losTgt=164.71
[WOBBLE_FIRE] team=2 losTgt=164.51
[WOBBLE_FIRE] team=2 losTgt=164.36
[WOBBLE_FIRE] team=2 losTgt=164.23
[WOBBLE_FIRE] team=2 losTgt=164.13
[WOBBLE_FIRE] team=2 losTgt=164.05
[WOBBLE_FIRE] team=2 losTgt=163.99
[WOBBLE_FIRE] team=2 losTgt=163.90
[WOBBLE_FIRE] team=2 losTgt=163.82
[WOBBLE_FIRE] team=2 losTgt=163.73
[WOBBLE_FIRE] team=2 losTgt=163.64
[WOBBLE_FIRE] team=2 losTgt=163.54
[WOBBLE_FIRE] team=2 losTgt=163.44
[WOBBLE_FIRE] team=2 losTgt=163.34
[WOBBLE_FIRE] team=2 losTgt=163.24
[WOBBLE_FIRE] team=2 losTgt=163.14
[WOBBLE_FIRE] team=2 losTgt=163.04
[WOBBLE_FIRE] team=2 losTgt=162.94
[WOBBLE_FIRE] team=2 losTgt=162.84
[WOBBLE_FIRE] team=2 losTgt=162.73
[WOBBLE_FIRE] team=2 losTgt=162.63
[WOBBLE_FIRE] team=2 losTgt=162.53
[WOBBLE_FIRE] team=2 losTgt=162.43
[WOBBLE_FIRE] team=2 losTgt=162.32
[WOBBLE_FIRE] team=2 losTgt=162.21
[WOBBLE_FIRE] team=2 losTgt=162.11
[WOBBLE_FIRE] team=2 losTgt=162.00
[WOBBLE_FIRE] team=2 losTgt=161.90
[WOBBLE_FIRE] team=2 losTgt=161.81
[WOBBLE_FIRE] team=2 losTgt=161.70
[WOBBLE_FIRE] team=2 losTgt=161.58
[WOBBLE_FIRE] team=2 losTgt=161.48
[WOBBLE_FIRE] team=2 losTgt=161.38
[WOBBLE_FIRE] team=2 losTgt=161.27
[WOBBLE_FIRE] team=2 losTgt=162.47
[WOBBLE_FIRE] team=2 losTgt=166.28
[WOBBLE_FIRE] team=2 losTgt=164.77
[WOBBLE_FIRE] team=2 losTgt=160.49
[WOBBLE_FIRE] team=2 losTgt=163.23
[WOBBLE_FIRE] team=2 losTgt=170.17
[WOBBLE_FIRE] team=2 losTgt=170.04
[WOBBLE_FIRE] team=2 losTgt=162.99
[WOBBLE_FIRE] team=2 losTgt=159.87
[WOBBLE_FIRE] team=2 losTgt=165.97
[WOBBLE_FIRE] team=2 losTgt=170.01
[WOBBLE_FIRE] team=2 losTgt=166.33
[WOBBLE_FIRE] team=2 losTgt=162.90
[WOBBLE_FIRE] team=2 losTgt=165.66
[WOBBLE_FIRE] team=2 losTgt=167.26
[WOBBLE_FIRE] team=2 losTgt=164.53
[WOBBLE_FIRE] team=2 losTgt=163.11
[WOBBLE_FIRE] team=2 losTgt=166.40
[WOBBLE_FIRE] team=2 losTgt=167.37
[WOBBLE_FIRE] team=2 losTgt=164.47
[WOBBLE_FIRE] team=2 losTgt=163.10
[WOBBLE_FIRE] team=2 losTgt=160.17
[WOBBLE_FIRE] team=2 losTgt=157.53
[WOBBLE_FIRE] team=2 losTgt=155.00
[WOBBLE_FIRE] team=2 losTgt=152.56
[WOBBLE_FIRE] team=2 losTgt=150.15
[WOBBLE_FIRE] team=2 losTgt=147.77
[WOBBLE_FIRE] team=2 losTgt=145.43
[WOBBLE_FIRE] team=2 losTgt=143.09
[WOBBLE_FIRE] team=2 losTgt=140.76
[WOBBLE_FIRE] team=2 losTgt=138.46
[WOBBLE_FIRE] team=2 losTgt=136.20
[WOBBLE_FIRE] team=2 losTgt=133.97
[WOBBLE_FIRE] team=2 losTgt=131.78
[WOBBLE_FIRE] team=2 losTgt=129.64
[WOBBLE_FIRE] team=2 losTgt=127.54
[WOBBLE_FIRE] team=2 losTgt=125.48
[WOBBLE_FIRE] team=2 losTgt=123.47
[WOBBLE_FIRE] team=2 losTgt=121.50
[WOBBLE_FIRE] team=2 losTgt=119.58
[WOBBLE_FIRE] team=2 losTgt=117.70
[WOBBLE_FIRE] team=2 losTgt=115.86
[WOBBLE_FIRE] team=2 losTgt=114.05
[WOBBLE_FIRE] team=2 losTgt=112.28
[WOBBLE_FIRE] team=2 losTgt=110.56
[WOBBLE_FIRE] team=2 losTgt=108.86
[WOBBLE_FIRE] team=2 losTgt=107.20
[WOBBLE_FIRE] team=2 losTgt=105.57
[WOBBLE_FIRE] team=2 losTgt=103.98
[WOBBLE_FIRE] team=2 losTgt=102.41
[WOBBLE_FIRE] team=2 losTgt=100.88
[WOBBLE_FIRE] team=2 losTgt=99.36
[WOBBLE_FIRE] team=2 losTgt=97.88
[WOBBLE_FIRE] team=2 losTgt=96.43
[WOBBLE_FIRE] team=2 losTgt=95.00
[WOBBLE_FIRE] team=2 losTgt=93.59
[WOBBLE_FIRE] team=2 losTgt=92.21
[WOBBLE_FIRE] team=2 losTgt=90.85
[WOBBLE_FIRE] team=2 losTgt=89.51
[WOBBLE_FIRE] team=2 losTgt=88.20
[WOBBLE_FIRE] team=2 losTgt=86.90
[WOBBLE_FIRE] team=2 losTgt=85.63
[WOBBLE_FIRE] team=2 losTgt=84.37
[WOBBLE_FIRE] team=2 losTgt=83.14
[WOBBLE_FIRE] team=2 losTgt=81.92
[WOBBLE_FIRE] team=2 losTgt=80.70
[WOBBLE_FIRE] team=2 losTgt=79.49
[WOBBLE_FIRE] team=2 losTgt=78.27
[WOBBLE_FIRE] team=2 losTgt=77.06
[WOBBLE_FIRE] team=2 losTgt=75.84
[WOBBLE_FIRE] team=2 losTgt=74.62
[WOBBLE_FIRE] team=2 losTgt=73.39
[WOBBLE_FIRE] team=2 losTgt=72.17
[WOBBLE_FIRE] team=2 losTgt=70.95
[WOBBLE_FIRE] team=2 losTgt=69.73
[WOBBLE_FIRE] team=2 losTgt=68.49
[WOBBLE_FIRE] team=2 losTgt=67.23
[WOBBLE_FIRE] team=2 losTgt=65.90
[WOBBLE_FIRE] team=2 losTgt=64.53
[WOBBLE_FIRE] team=2 losTgt=63.37
[WOBBLE_FIRE] team=2 losTgt=61.84
[WOBBLE_FIRE] team=2 losTgt=60.18
[WOBBLE_FIRE] team=2 losTgt=58.53
[WOBBLE_FIRE] team=2 losTgt=56.86
[WOBBLE_FIRE] team=2 losTgt=55.13
[WOBBLE_FIRE] team=2 losTgt=53.36
[WOBBLE_FIRE] team=2 losTgt=51.50
[WOBBLE_FIRE] team=2 losTgt=49.55
[WOBBLE_FIRE] team=2 losTgt=47.53
[WOBBLE_FIRE] team=2 losTgt=45.39
[WOBBLE_FIRE] team=2 losTgt=51.27
[WOBBLE_FIRE] team=2 losTgt=57.80
[WOBBLE_FIRE] team=2 losTgt=63.84
[WOBBLE_FIRE] team=2 losTgt=69.30
[WOBBLE_FIRE] team=2 losTgt=73.89
[WOBBLE_FIRE] team=2 losTgt=77.31
[WOBBLE_FIRE] team=2 losTgt=79.46
[WOBBLE_FIRE] team=2 losTgt=80.52
[WOBBLE_FIRE] team=2 losTgt=80.92
[WOBBLE_FIRE] team=2 losTgt=81.12
[WOBBLE_FIRE] team=2 losTgt=81.26
[WOBBLE_FIRE] team=2 losTgt=81.31
[WOBBLE_FIRE] team=2 losTgt=81.23
[WOBBLE_FIRE] team=2 losTgt=81.03
[WOBBLE_FIRE] team=2 losTgt=80.68
[WOBBLE_FIRE] team=2 losTgt=80.21
[WOBBLE_FIRE] team=2 losTgt=79.67
[WOBBLE_FIRE] team=2 losTgt=79.08
[WOBBLE_FIRE] team=2 losTgt=78.42
[WOBBLE_FIRE] team=2 losTgt=77.67
[WOBBLE_FIRE] team=2 losTgt=76.85
[WOBBLE_FIRE] team=2 losTgt=75.94
[WOBBLE_FIRE] team=2 losTgt=74.95
[WOBBLE_FIRE] team=2 losTgt=73.88
[WOBBLE_FIRE] team=2 losTgt=72.74
[WOBBLE_FIRE] team=2 losTgt=71.53
[WOBBLE_FIRE] team=2 losTgt=70.27
[WOBBLE_FIRE] team=2 losTgt=68.94
[WOBBLE_FIRE] team=2 losTgt=67.57
[WOBBLE_FIRE] team=2 losTgt=66.15
[WOBBLE_FIRE] team=2 losTgt=64.69
[WOBBLE_FIRE] team=2 losTgt=63.18
[WOBBLE_FIRE] team=2 losTgt=61.64
[WOBBLE_FIRE] team=2 losTgt=60.04
[WOBBLE_FIRE] team=2 losTgt=58.41
[WOBBLE_FIRE] team=2 losTgt=56.74
[WOBBLE_FIRE] team=2 losTgt=55.03
[WOBBLE_FIRE] team=2 losTgt=53.27
[WOBBLE_FIRE] team=2 losTgt=51.47
[WOBBLE_FIRE] team=2 losTgt=49.64
[WOBBLE_FIRE] team=2 losTgt=47.80
[WOBBLE_FIRE] team=2 losTgt=45.94
[WOBBLE_FIRE] team=2 losTgt=45.65
[WOBBLE_FIRE] team=2 losTgt=46.97
[WOBBLE_FIRE] team=2 losTgt=48.32
[WOBBLE_FIRE] team=2 losTgt=49.67
[WOBBLE_FIRE] team=2 losTgt=50.97
[WOBBLE_FIRE] team=2 losTgt=52.20
[WOBBLE_FIRE] team=2 losTgt=53.36
[WOBBLE_FIRE] team=2 losTgt=54.41
[WOBBLE_FIRE] team=2 losTgt=55.38
[WOBBLE_FIRE] team=2 losTgt=56.23
[WOBBLE_FIRE] team=2 losTgt=56.97
[WOBBLE_FIRE] team=2 losTgt=57.61
[WOBBLE_FIRE] team=2 losTgt=58.13
[WOBBLE_FIRE] team=2 losTgt=58.54
[WOBBLE_FIRE] team=2 losTgt=58.85
[WOBBLE_FIRE] team=2 losTgt=59.08
[WOBBLE_FIRE] team=2 losTgt=59.23
[WOBBLE_FIRE] team=2 losTgt=59.30
[WOBBLE_FIRE] team=2 losTgt=59.29
[WOBBLE_FIRE] team=2 losTgt=59.21
[WOBBLE_FIRE] team=2 losTgt=59.05
[WOBBLE_FIRE] team=2 losTgt=58.83
[WOBBLE_FIRE] team=2 losTgt=58.53
[WOBBLE_FIRE] team=2 losTgt=58.19
[WOBBLE_FIRE] team=2 losTgt=57.78
[WOBBLE_FIRE] team=2 losTgt=57.31
[WOBBLE_FIRE] team=2 losTgt=56.80
[WOBBLE_FIRE] team=2 losTgt=56.25
[WOBBLE_FIRE] team=2 losTgt=55.66
[WOBBLE_FIRE] team=2 losTgt=55.02
[WOBBLE_FIRE] team=2 losTgt=54.35
[WOBBLE_FIRE] team=2 losTgt=53.64
[WOBBLE_FIRE] team=2 losTgt=52.90
[WOBBLE_FIRE] team=2 losTgt=52.13
[WOBBLE_FIRE] team=2 losTgt=51.33
[WOBBLE_FIRE] team=2 losTgt=50.49
[WOBBLE_FIRE] team=2 losTgt=49.64
[WOBBLE_FIRE] team=2 losTgt=48.75
[WOBBLE_FIRE] team=2 losTgt=47.84
[WOBBLE_FIRE] team=2 losTgt=46.90
[WOBBLE_FIRE] team=2 losTgt=45.94
runner:local/env:0	num_steps=[9111] | total rewards=[870.1614] | termination= [target destroyed]
[seed 8] reward=   870.16 ownHP=1.0000 tgtHP=-0.0029 target destroyed
total: 2
[WOBBLE_FIRE] team=2 losTgt=45.65
[WOBBLE_FIRE] team=2 losTgt=46.80
[WOBBLE_FIRE] team=2 losTgt=47.98
[WOBBLE_FIRE] team=2 losTgt=49.18
[WOBBLE_FIRE] team=2 losTgt=50.41
[WOBBLE_FIRE] team=2 losTgt=51.65
[WOBBLE_FIRE] team=2 losTgt=52.91
[WOBBLE_FIRE] team=2 losTgt=54.19
[WOBBLE_FIRE] team=2 losTgt=55.49
[WOBBLE_FIRE] team=2 losTgt=56.79
[WOBBLE_FIRE] team=2 losTgt=58.11
[WOBBLE_FIRE] team=2 losTgt=59.45
[WOBBLE_FIRE] team=2 losTgt=60.79
[WOBBLE_FIRE] team=2 losTgt=62.14
[WOBBLE_FIRE] team=2 losTgt=63.50
[WOBBLE_FIRE] team=2 losTgt=64.85
[WOBBLE_FIRE] team=2 losTgt=66.21
[WOBBLE_FIRE] team=2 losTgt=67.55
[WOBBLE_FIRE] team=2 losTgt=68.88
[WOBBLE_FIRE] team=2 losTgt=70.20
[WOBBLE_FIRE] team=2 losTgt=71.50
[WOBBLE_FIRE] team=2 losTgt=72.78
[WOBBLE_FIRE] team=2 losTgt=74.04
[WOBBLE_FIRE] team=2 losTgt=75.28
[WOBBLE_FIRE] team=2 losTgt=76.49
[WOBBLE_FIRE] team=2 losTgt=77.67
[WOBBLE_FIRE] team=2 losTgt=78.83
[WOBBLE_FIRE] team=2 losTgt=79.95
[WOBBLE_FIRE] team=2 losTgt=81.04
[WOBBLE_FIRE] team=2 losTgt=82.10
[WOBBLE_FIRE] team=2 losTgt=83.11
[WOBBLE_FIRE] team=2 losTgt=84.09
[WOBBLE_FIRE] team=2 losTgt=85.04
[WOBBLE_FIRE] team=2 losTgt=85.94
[WOBBLE_FIRE] team=2 losTgt=86.81
[WOBBLE_FIRE] team=2 losTgt=87.64
[WOBBLE_FIRE] team=2 losTgt=88.43
[WOBBLE_FIRE] team=2 losTgt=89.17
[WOBBLE_FIRE] team=2 losTgt=89.88
[WOBBLE_FIRE] team=2 losTgt=90.54
[WOBBLE_FIRE] team=2 losTgt=91.16
[WOBBLE_FIRE] team=2 losTgt=91.74
[WOBBLE_FIRE] team=2 losTgt=92.27
[WOBBLE_FIRE] team=2 losTgt=92.76
[WOBBLE_FIRE] team=2 losTgt=93.21
[WOBBLE_FIRE] team=2 losTgt=93.60
[WOBBLE_FIRE] team=2 losTgt=93.95
[WOBBLE_FIRE] team=2 losTgt=94.26
[WOBBLE_FIRE] team=2 losTgt=94.52
[WOBBLE_FIRE] team=2 losTgt=94.75
[WOBBLE_FIRE] team=2 losTgt=94.94
[WOBBLE_FIRE] team=2 losTgt=95.09
[WOBBLE_FIRE] team=2 losTgt=95.20
[WOBBLE_FIRE] team=2 losTgt=95.27
[WOBBLE_FIRE] team=2 losTgt=95.30
[WOBBLE_FIRE] team=2 losTgt=95.30
[WOBBLE_FIRE] team=2 losTgt=95.26
[WOBBLE_FIRE] team=2 losTgt=95.19
[WOBBLE_FIRE] team=2 losTgt=95.08
[WOBBLE_FIRE] team=2 losTgt=94.94
[WOBBLE_FIRE] team=2 losTgt=94.77
[WOBBLE_FIRE] team=2 losTgt=94.57
[WOBBLE_FIRE] team=2 losTgt=94.35
[WOBBLE_FIRE] team=2 losTgt=94.09
[WOBBLE_FIRE] team=2 losTgt=93.80
[WOBBLE_FIRE] team=2 losTgt=93.49
[WOBBLE_FIRE] team=2 losTgt=93.15
[WOBBLE_FIRE] team=2 losTgt=92.79
[WOBBLE_FIRE] team=2 losTgt=92.40
[WOBBLE_FIRE] team=2 losTgt=91.98
[WOBBLE_FIRE] team=2 losTgt=91.55
[WOBBLE_FIRE] team=2 losTgt=91.09
[WOBBLE_FIRE] team=2 losTgt=90.61
[WOBBLE_FIRE] team=2 losTgt=90.12
[WOBBLE_FIRE] team=2 losTgt=89.60
[WOBBLE_FIRE] team=2 losTgt=89.06
[WOBBLE_FIRE] team=2 losTgt=88.51
[WOBBLE_FIRE] team=2 losTgt=87.94
[WOBBLE_FIRE] team=2 losTgt=87.34
[WOBBLE_FIRE] team=2 losTgt=86.70
[WOBBLE_FIRE] team=2 losTgt=86.02
[WOBBLE_FIRE] team=2 losTgt=85.32
[WOBBLE_FIRE] team=2 losTgt=84.63
[WOBBLE_FIRE] team=2 losTgt=83.95
[WOBBLE_FIRE] team=2 losTgt=83.28
[WOBBLE_FIRE] team=2 losTgt=82.61
[WOBBLE_FIRE] team=2 losTgt=81.93
[WOBBLE_FIRE] team=2 losTgt=81.24
[WOBBLE_FIRE] team=2 losTgt=80.54
[WOBBLE_FIRE] team=2 losTgt=79.82
[WOBBLE_FIRE] team=2 losTgt=79.09
[WOBBLE_FIRE] team=2 losTgt=78.34
[WOBBLE_FIRE] team=2 losTgt=77.58
[WOBBLE_FIRE] team=2 losTgt=76.81
[WOBBLE_FIRE] team=2 losTgt=76.03
[WOBBLE_FIRE] team=2 losTgt=75.23
[WOBBLE_FIRE] team=2 losTgt=74.42
[WOBBLE_FIRE] team=2 losTgt=73.60
[WOBBLE_FIRE] team=2 losTgt=72.77
[WOBBLE_FIRE] team=2 losTgt=71.92
[WOBBLE_FIRE] team=2 losTgt=71.06
[WOBBLE_FIRE] team=2 losTgt=70.19
[WOBBLE_FIRE] team=2 losTgt=69.31
[WOBBLE_FIRE] team=2 losTgt=68.41
[WOBBLE_FIRE] team=2 losTgt=67.51
[WOBBLE_FIRE] team=2 losTgt=66.59
[WOBBLE_FIRE] team=2 losTgt=65.66
[WOBBLE_FIRE] team=2 losTgt=64.72
[WOBBLE_FIRE] team=2 losTgt=63.78
[WOBBLE_FIRE] team=2 losTgt=62.82
[WOBBLE_FIRE] team=2 losTgt=61.85
[WOBBLE_FIRE] team=2 losTgt=60.87
[WOBBLE_FIRE] team=2 losTgt=59.88
[WOBBLE_FIRE] team=2 losTgt=58.88
[WOBBLE_FIRE] team=2 losTgt=57.87
[WOBBLE_FIRE] team=2 losTgt=56.85
[WOBBLE_FIRE] team=2 losTgt=55.82
[WOBBLE_FIRE] team=2 losTgt=54.79
[WOBBLE_FIRE] team=2 losTgt=53.74
[WOBBLE_FIRE] team=2 losTgt=52.68
[WOBBLE_FIRE] team=2 losTgt=51.62
[WOBBLE_FIRE] team=2 losTgt=50.54
[WOBBLE_FIRE] team=2 losTgt=49.46
[WOBBLE_FIRE] team=2 losTgt=48.36
[WOBBLE_FIRE] team=2 losTgt=47.26
[WOBBLE_FIRE] team=2 losTgt=46.15
[WOBBLE_FIRE] team=2 losTgt=45.03
runner:local/env:0	num_steps=[7663] | total rewards=[1153.4553] | termination= [target destroyed]
[seed 9] reward=  1153.46 ownHP=1.0000 tgtHP=-0.0018 target destroyed
total: 2
[WOBBLE_FIRE] team=2 losTgt=46.01
[WOBBLE_FIRE] team=2 losTgt=49.22
[WOBBLE_FIRE] team=2 losTgt=52.73
[WOBBLE_FIRE] team=2 losTgt=56.41
[WOBBLE_FIRE] team=2 losTgt=60.20
[WOBBLE_FIRE] team=2 losTgt=64.07
[WOBBLE_FIRE] team=2 losTgt=67.91
[WOBBLE_FIRE] team=2 losTgt=71.63
[WOBBLE_FIRE] team=2 losTgt=75.21
[WOBBLE_FIRE] team=2 losTgt=78.60
[WOBBLE_FIRE] team=2 losTgt=81.79
[WOBBLE_FIRE] team=2 losTgt=84.79
[WOBBLE_FIRE] team=2 losTgt=87.61
[WOBBLE_FIRE] team=2 losTgt=90.20
[WOBBLE_FIRE] team=2 losTgt=92.56
[WOBBLE_FIRE] team=2 losTgt=94.69
[WOBBLE_FIRE] team=2 losTgt=96.61
[WOBBLE_FIRE] team=2 losTgt=98.35
[WOBBLE_FIRE] team=2 losTgt=99.93
[WOBBLE_FIRE] team=2 losTgt=101.35
[WOBBLE_FIRE] team=2 losTgt=102.63
[WOBBLE_FIRE] team=2 losTgt=103.78
[WOBBLE_FIRE] team=2 losTgt=104.79
[WOBBLE_FIRE] team=2 losTgt=105.66
[WOBBLE_FIRE] team=2 losTgt=106.41
[WOBBLE_FIRE] team=2 losTgt=107.05
[WOBBLE_FIRE] team=2 losTgt=107.59
[WOBBLE_FIRE] team=2 losTgt=108.03
[WOBBLE_FIRE] team=2 losTgt=108.39
[WOBBLE_FIRE] team=2 losTgt=108.66
[WOBBLE_FIRE] team=2 losTgt=108.86
[WOBBLE_FIRE] team=2 losTgt=108.99
[WOBBLE_FIRE] team=2 losTgt=109.07
[WOBBLE_FIRE] team=2 losTgt=109.09
[WOBBLE_FIRE] team=2 losTgt=109.06
[WOBBLE_FIRE] team=2 losTgt=108.98
[WOBBLE_FIRE] team=2 losTgt=108.85
[WOBBLE_FIRE] team=2 losTgt=108.69
[WOBBLE_FIRE] team=2 losTgt=108.50
[WOBBLE_FIRE] team=2 losTgt=108.27
[WOBBLE_FIRE] team=2 losTgt=108.01
[WOBBLE_FIRE] team=2 losTgt=107.72
[WOBBLE_FIRE] team=2 losTgt=107.41
[WOBBLE_FIRE] team=2 losTgt=107.08
[WOBBLE_FIRE] team=2 losTgt=106.72
[WOBBLE_FIRE] team=2 losTgt=106.35
[WOBBLE_FIRE] team=2 losTgt=105.95
[WOBBLE_FIRE] team=2 losTgt=105.54
[WOBBLE_FIRE] team=2 losTgt=105.11
[WOBBLE_FIRE] team=2 losTgt=104.65
[WOBBLE_FIRE] team=2 losTgt=104.17
[WOBBLE_FIRE] team=2 losTgt=103.67
[WOBBLE_FIRE] team=2 losTgt=103.15
[WOBBLE_FIRE] team=2 losTgt=102.62
[WOBBLE_FIRE] team=2 losTgt=102.07
[WOBBLE_FIRE] team=2 losTgt=101.51
[WOBBLE_FIRE] team=2 losTgt=100.93
[WOBBLE_FIRE] team=2 losTgt=100.35
[WOBBLE_FIRE] team=2 losTgt=99.75
[WOBBLE_FIRE] team=2 losTgt=99.14
[WOBBLE_FIRE] team=2 losTgt=98.52
[WOBBLE_FIRE] team=2 losTgt=97.89
[WOBBLE_FIRE] team=2 losTgt=97.24
[WOBBLE_FIRE] team=2 losTgt=96.59
[WOBBLE_FIRE] team=2 losTgt=95.92
[WOBBLE_FIRE] team=2 losTgt=95.25
[WOBBLE_FIRE] team=2 losTgt=94.56
[WOBBLE_FIRE] team=2 losTgt=93.86
[WOBBLE_FIRE] team=2 losTgt=93.16
[WOBBLE_FIRE] team=2 losTgt=92.45
[WOBBLE_FIRE] team=2 losTgt=91.72
[WOBBLE_FIRE] team=2 losTgt=90.99
[WOBBLE_FIRE] team=2 losTgt=90.26
[WOBBLE_FIRE] team=2 losTgt=89.51
[WOBBLE_FIRE] team=2 losTgt=88.75
[WOBBLE_FIRE] team=2 losTgt=88.00
[WOBBLE_FIRE] team=2 losTgt=87.23
[WOBBLE_FIRE] team=2 losTgt=86.45
[WOBBLE_FIRE] team=2 losTgt=85.67
[WOBBLE_FIRE] team=2 losTgt=84.89
[WOBBLE_FIRE] team=2 losTgt=84.10
[WOBBLE_FIRE] team=2 losTgt=83.30
[WOBBLE_FIRE] team=2 losTgt=82.49
[WOBBLE_FIRE] team=2 losTgt=81.68
[WOBBLE_FIRE] team=2 losTgt=80.87
[WOBBLE_FIRE] team=2 losTgt=80.04
[WOBBLE_FIRE] team=2 losTgt=79.22
[WOBBLE_FIRE] team=2 losTgt=78.39
[WOBBLE_FIRE] team=2 losTgt=77.55
[WOBBLE_FIRE] team=2 losTgt=76.71
[WOBBLE_FIRE] team=2 losTgt=75.86
[WOBBLE_FIRE] team=2 losTgt=75.01
[WOBBLE_FIRE] team=2 losTgt=74.15
[WOBBLE_FIRE] team=2 losTgt=73.29
[WOBBLE_FIRE] team=2 losTgt=72.42
[WOBBLE_FIRE] team=2 losTgt=71.55
[WOBBLE_FIRE] team=2 losTgt=70.68
[WOBBLE_FIRE] team=2 losTgt=69.80
[WOBBLE_FIRE] team=2 losTgt=68.91
[WOBBLE_FIRE] team=2 losTgt=68.02
[WOBBLE_FIRE] team=2 losTgt=67.13
[WOBBLE_FIRE] team=2 losTgt=66.23
[WOBBLE_FIRE] team=2 losTgt=65.33
[WOBBLE_FIRE] team=2 losTgt=64.42
[WOBBLE_FIRE] team=2 losTgt=63.51
[WOBBLE_FIRE] team=2 losTgt=62.60
[WOBBLE_FIRE] team=2 losTgt=61.68
[WOBBLE_FIRE] team=2 losTgt=60.75
[WOBBLE_FIRE] team=2 losTgt=59.82
[WOBBLE_FIRE] team=2 losTgt=58.89
[WOBBLE_FIRE] team=2 losTgt=57.96
[WOBBLE_FIRE] team=2 losTgt=57.02
[WOBBLE_FIRE] team=2 losTgt=56.07
[WOBBLE_FIRE] team=2 losTgt=55.13
[WOBBLE_FIRE] team=2 losTgt=54.18
[WOBBLE_FIRE] team=2 losTgt=53.22
[WOBBLE_FIRE] team=2 losTgt=52.26
[WOBBLE_FIRE] team=2 losTgt=51.30
[WOBBLE_FIRE] team=2 losTgt=50.33
[WOBBLE_FIRE] team=2 losTgt=49.36
[WOBBLE_FIRE] team=2 losTgt=48.38
[WOBBLE_FIRE] team=2 losTgt=47.40
[WOBBLE_FIRE] team=2 losTgt=46.42
[WOBBLE_FIRE] team=2 losTgt=45.42
[WOBBLE_FIRE] team=2 losTgt=46.68
[WOBBLE_FIRE] team=2 losTgt=48.92
[WOBBLE_FIRE] team=2 losTgt=51.08
[WOBBLE_FIRE] team=2 losTgt=53.15
[WOBBLE_FIRE] team=2 losTgt=55.10
[WOBBLE_FIRE] team=2 losTgt=56.93
[WOBBLE_FIRE] team=2 losTgt=58.62
[WOBBLE_FIRE] team=2 losTgt=60.20
[WOBBLE_FIRE] team=2 losTgt=61.64
[WOBBLE_FIRE] team=2 losTgt=62.95
[WOBBLE_FIRE] team=2 losTgt=64.14
[WOBBLE_FIRE] team=2 losTgt=65.19
[WOBBLE_FIRE] team=2 losTgt=66.09
[WOBBLE_FIRE] team=2 losTgt=66.87
[WOBBLE_FIRE] team=2 losTgt=67.49
[WOBBLE_FIRE] team=2 losTgt=67.98
[WOBBLE_FIRE] team=2 losTgt=68.35
[WOBBLE_FIRE] team=2 losTgt=68.61
[WOBBLE_FIRE] team=2 losTgt=68.75
[WOBBLE_FIRE] team=2 losTgt=68.77
[WOBBLE_FIRE] team=2 losTgt=68.71
[WOBBLE_FIRE] team=2 losTgt=68.56
[WOBBLE_FIRE] team=2 losTgt=68.33
[WOBBLE_FIRE] team=2 losTgt=68.01
[WOBBLE_FIRE] team=2 losTgt=67.62
[WOBBLE_FIRE] team=2 losTgt=67.16
[WOBBLE_FIRE] team=2 losTgt=66.64
[WOBBLE_FIRE] team=2 losTgt=66.06
[WOBBLE_FIRE] team=2 losTgt=65.42
[WOBBLE_FIRE] team=2 losTgt=64.73
[WOBBLE_FIRE] team=2 losTgt=63.99
[WOBBLE_FIRE] team=2 losTgt=63.19
[WOBBLE_FIRE] team=2 losTgt=62.36
[WOBBLE_FIRE] team=2 losTgt=61.49
[WOBBLE_FIRE] team=2 losTgt=60.57
[WOBBLE_FIRE] team=2 losTgt=59.61
[WOBBLE_FIRE] team=2 losTgt=58.61
[WOBBLE_FIRE] team=2 losTgt=57.58
[WOBBLE_FIRE] team=2 losTgt=56.51
[WOBBLE_FIRE] team=2 losTgt=55.41
[WOBBLE_FIRE] team=2 losTgt=54.27
[WOBBLE_FIRE] team=2 losTgt=53.11
[WOBBLE_FIRE] team=2 losTgt=51.90
[WOBBLE_FIRE] team=2 losTgt=50.67
[WOBBLE_FIRE] team=2 losTgt=49.41
[WOBBLE_FIRE] team=2 losTgt=48.12
[WOBBLE_FIRE] team=2 losTgt=46.79
[WOBBLE_FIRE] team=2 losTgt=45.43
runner:local/env:0	num_steps=[8362] | total rewards=[1049.1817] | termination= [target destroyed]
[seed 10] reward=  1049.18 ownHP=1.0000 tgtHP=-0.0055 target destroyed
total: 2
[WOBBLE_FIRE] team=2 losTgt=150.27
[WOBBLE_FIRE] team=2 losTgt=149.63
[WOBBLE_FIRE] team=2 losTgt=147.42
[WOBBLE_FIRE] team=2 losTgt=144.92
[WOBBLE_FIRE] team=2 losTgt=142.72
[WOBBLE_FIRE] team=2 losTgt=140.79
[WOBBLE_FIRE] team=2 losTgt=139.14
[WOBBLE_FIRE] team=2 losTgt=137.68
[WOBBLE_FIRE] team=2 losTgt=136.33
[WOBBLE_FIRE] team=2 losTgt=135.03
[WOBBLE_FIRE] team=2 losTgt=133.76
[WOBBLE_FIRE] team=2 losTgt=132.53
[WOBBLE_FIRE] team=2 losTgt=131.33
[WOBBLE_FIRE] team=2 losTgt=130.17
[WOBBLE_FIRE] team=2 losTgt=129.07
[WOBBLE_FIRE] team=2 losTgt=127.99
[WOBBLE_FIRE] team=2 losTgt=126.92
[WOBBLE_FIRE] team=2 losTgt=125.85
[WOBBLE_FIRE] team=2 losTgt=124.80
[WOBBLE_FIRE] team=2 losTgt=123.77
[WOBBLE_FIRE] team=2 losTgt=122.77
[WOBBLE_FIRE] team=2 losTgt=121.80
[WOBBLE_FIRE] team=2 losTgt=120.86
[WOBBLE_FIRE] team=2 losTgt=119.94
[WOBBLE_FIRE] team=2 losTgt=119.04
[WOBBLE_FIRE] team=2 losTgt=118.15
[WOBBLE_FIRE] team=2 losTgt=117.28
[WOBBLE_FIRE] team=2 losTgt=116.42
[WOBBLE_FIRE] team=2 losTgt=115.56
[WOBBLE_FIRE] team=2 losTgt=114.72
[WOBBLE_FIRE] team=2 losTgt=113.90
[WOBBLE_FIRE] team=2 losTgt=113.10
[WOBBLE_FIRE] team=2 losTgt=112.31
[WOBBLE_FIRE] team=2 losTgt=111.53
[WOBBLE_FIRE] team=2 losTgt=110.76
[WOBBLE_FIRE] team=2 losTgt=109.99
[WOBBLE_FIRE] team=2 losTgt=109.22
[WOBBLE_FIRE] team=2 losTgt=108.45
[WOBBLE_FIRE] team=2 losTgt=107.67
[WOBBLE_FIRE] team=2 losTgt=106.89
[WOBBLE_FIRE] team=2 losTgt=106.11
[WOBBLE_FIRE] team=2 losTgt=105.34
[WOBBLE_FIRE] team=2 losTgt=104.60
[WOBBLE_FIRE] team=2 losTgt=103.89
[WOBBLE_FIRE] team=2 losTgt=103.21
[WOBBLE_FIRE] team=2 losTgt=102.54
[WOBBLE_FIRE] team=2 losTgt=101.89
[WOBBLE_FIRE] team=2 losTgt=101.23
[WOBBLE_FIRE] team=2 losTgt=100.57
[WOBBLE_FIRE] team=2 losTgt=99.91
[WOBBLE_FIRE] team=2 losTgt=99.25
[WOBBLE_FIRE] team=2 losTgt=98.59
[WOBBLE_FIRE] team=2 losTgt=97.94
[WOBBLE_FIRE] team=2 losTgt=97.30
[WOBBLE_FIRE] team=2 losTgt=96.66
[WOBBLE_FIRE] team=2 losTgt=96.03
[WOBBLE_FIRE] team=2 losTgt=95.42
[WOBBLE_FIRE] team=2 losTgt=94.81
[WOBBLE_FIRE] team=2 losTgt=94.21
[WOBBLE_FIRE] team=2 losTgt=93.62
[WOBBLE_FIRE] team=2 losTgt=93.04
[WOBBLE_FIRE] team=2 losTgt=92.47
[WOBBLE_FIRE] team=2 losTgt=91.90
[WOBBLE_FIRE] team=2 losTgt=91.34
[WOBBLE_FIRE] team=2 losTgt=90.79
[WOBBLE_FIRE] team=2 losTgt=90.24
[WOBBLE_FIRE] team=2 losTgt=89.69
[WOBBLE_FIRE] team=2 losTgt=89.16
[WOBBLE_FIRE] team=2 losTgt=88.62
[WOBBLE_FIRE] team=2 losTgt=88.10
[WOBBLE_FIRE] team=2 losTgt=87.57
[WOBBLE_FIRE] team=2 losTgt=87.05
[WOBBLE_FIRE] team=2 losTgt=86.54
[WOBBLE_FIRE] team=2 losTgt=86.04
[WOBBLE_FIRE] team=2 losTgt=85.49
[WOBBLE_FIRE] team=2 losTgt=84.92
[WOBBLE_FIRE] team=2 losTgt=84.33
[WOBBLE_FIRE] team=2 losTgt=83.74
[WOBBLE_FIRE] team=2 losTgt=83.14
[WOBBLE_FIRE] team=2 losTgt=82.54
[WOBBLE_FIRE] team=2 losTgt=81.92
[WOBBLE_FIRE] team=2 losTgt=81.28
[WOBBLE_FIRE] team=2 losTgt=80.63
[WOBBLE_FIRE] team=2 losTgt=80.00
[WOBBLE_FIRE] team=2 losTgt=79.38
[WOBBLE_FIRE] team=2 losTgt=78.77
[WOBBLE_FIRE] team=2 losTgt=78.17
[WOBBLE_FIRE] team=2 losTgt=77.58
[WOBBLE_FIRE] team=2 losTgt=76.98
[WOBBLE_FIRE] team=2 losTgt=76.38
[WOBBLE_FIRE] team=2 losTgt=75.78
[WOBBLE_FIRE] team=2 losTgt=75.18
[WOBBLE_FIRE] team=2 losTgt=74.57
[WOBBLE_FIRE] team=2 losTgt=73.96
[WOBBLE_FIRE] team=2 losTgt=73.35
[WOBBLE_FIRE] team=2 losTgt=72.73
[WOBBLE_FIRE] team=2 losTgt=72.11
[WOBBLE_FIRE] team=2 losTgt=71.48
[WOBBLE_FIRE] team=2 losTgt=70.86
[WOBBLE_FIRE] team=2 losTgt=70.23
[WOBBLE_FIRE] team=2 losTgt=69.61
[WOBBLE_FIRE] team=2 losTgt=68.97
[WOBBLE_FIRE] team=2 losTgt=68.33
[WOBBLE_FIRE] team=2 losTgt=67.70
[WOBBLE_FIRE] team=2 losTgt=67.06
[WOBBLE_FIRE] team=2 losTgt=66.41
[WOBBLE_FIRE] team=2 losTgt=65.77
[WOBBLE_FIRE] team=2 losTgt=65.11
[WOBBLE_FIRE] team=2 losTgt=64.45
[WOBBLE_FIRE] team=2 losTgt=63.80
[WOBBLE_FIRE] team=2 losTgt=63.13
[WOBBLE_FIRE] team=2 losTgt=62.46
[WOBBLE_FIRE] team=2 losTgt=61.76
[WOBBLE_FIRE] team=2 losTgt=61.07
[WOBBLE_FIRE] team=2 losTgt=60.35
[WOBBLE_FIRE] team=2 losTgt=59.62
[WOBBLE_FIRE] team=2 losTgt=58.87
[WOBBLE_FIRE] team=2 losTgt=58.08
[WOBBLE_FIRE] team=2 losTgt=57.26
[WOBBLE_FIRE] team=2 losTgt=56.38
[WOBBLE_FIRE] team=2 losTgt=55.43
[WOBBLE_FIRE] team=2 losTgt=54.37
[WOBBLE_FIRE] team=2 losTgt=53.09
[WOBBLE_FIRE] team=2 losTgt=51.47
[WOBBLE_FIRE] team=2 losTgt=49.12
[WOBBLE_FIRE] team=2 losTgt=94.26
[WOBBLE_FIRE] team=2 losTgt=114.15
[WOBBLE_FIRE] team=2 losTgt=116.98
[WOBBLE_FIRE] team=2 losTgt=117.74
[WOBBLE_FIRE] team=2 losTgt=117.88
[WOBBLE_FIRE] team=2 losTgt=117.88
[WOBBLE_FIRE] team=2 losTgt=117.76
[WOBBLE_FIRE] team=2 losTgt=117.54
[WOBBLE_FIRE] team=2 losTgt=117.28
[WOBBLE_FIRE] team=2 losTgt=116.99
[WOBBLE_FIRE] team=2 losTgt=116.63
[WOBBLE_FIRE] team=2 losTgt=116.30
[WOBBLE_FIRE] team=2 losTgt=115.77
[WOBBLE_FIRE] team=2 losTgt=114.72
[WOBBLE_FIRE] team=2 losTgt=112.76
[WOBBLE_FIRE] team=2 losTgt=110.25
[WOBBLE_FIRE] team=2 losTgt=107.78
[WOBBLE_FIRE] team=2 losTgt=105.78
[WOBBLE_FIRE] team=2 losTgt=104.14
[WOBBLE_FIRE] team=2 losTgt=102.72
[WOBBLE_FIRE] team=2 losTgt=101.43
[WOBBLE_FIRE] team=2 losTgt=100.19
[WOBBLE_FIRE] team=2 losTgt=99.00
[WOBBLE_FIRE] team=2 losTgt=97.83
[WOBBLE_FIRE] team=2 losTgt=96.68
[WOBBLE_FIRE] team=2 losTgt=95.53
[WOBBLE_FIRE] team=2 losTgt=94.39
[WOBBLE_FIRE] team=2 losTgt=93.25
[WOBBLE_FIRE] team=2 losTgt=92.11
[WOBBLE_FIRE] team=2 losTgt=90.96
[WOBBLE_FIRE] team=2 losTgt=89.82
[WOBBLE_FIRE] team=2 losTgt=88.67
[WOBBLE_FIRE] team=2 losTgt=87.52
[WOBBLE_FIRE] team=2 losTgt=86.35
[WOBBLE_FIRE] team=2 losTgt=85.17
[WOBBLE_FIRE] team=2 losTgt=84.00
[WOBBLE_FIRE] team=2 losTgt=82.81
[WOBBLE_FIRE] team=2 losTgt=81.63
[WOBBLE_FIRE] team=2 losTgt=80.43
[WOBBLE_FIRE] team=2 losTgt=79.23
[WOBBLE_FIRE] team=2 losTgt=77.96
[WOBBLE_FIRE] team=2 losTgt=76.61
[WOBBLE_FIRE] team=2 losTgt=75.22
[WOBBLE_FIRE] team=2 losTgt=73.80
[WOBBLE_FIRE] team=2 losTgt=72.38
[WOBBLE_FIRE] team=2 losTgt=70.99
[WOBBLE_FIRE] team=2 losTgt=69.60
[WOBBLE_FIRE] team=2 losTgt=68.21
[WOBBLE_FIRE] team=2 losTgt=66.81
[WOBBLE_FIRE] team=2 losTgt=65.41
[WOBBLE_FIRE] team=2 losTgt=63.99
[WOBBLE_FIRE] team=2 losTgt=62.56
[WOBBLE_FIRE] team=2 losTgt=61.10
[WOBBLE_FIRE] team=2 losTgt=59.63
[WOBBLE_FIRE] team=2 losTgt=58.13
[WOBBLE_FIRE] team=2 losTgt=56.60
[WOBBLE_FIRE] team=2 losTgt=55.05
[WOBBLE_FIRE] team=2 losTgt=53.48
[WOBBLE_FIRE] team=2 losTgt=51.86
[WOBBLE_FIRE] team=2 losTgt=50.22
[WOBBLE_FIRE] team=2 losTgt=48.51
[WOBBLE_FIRE] team=2 losTgt=46.77
[WOBBLE_FIRE] team=2 losTgt=48.19
[WOBBLE_FIRE] team=2 losTgt=56.35
[WOBBLE_FIRE] team=2 losTgt=63.84
[WOBBLE_FIRE] team=2 losTgt=70.47
[WOBBLE_FIRE] team=2 losTgt=76.18
[WOBBLE_FIRE] team=2 losTgt=80.91
[WOBBLE_FIRE] team=2 losTgt=84.49
[WOBBLE_FIRE] team=2 losTgt=86.57
[WOBBLE_FIRE] team=2 losTgt=87.33
[WOBBLE_FIRE] team=2 losTgt=87.98
[WOBBLE_FIRE] team=2 losTgt=88.57
[WOBBLE_FIRE] team=2 losTgt=89.02
[WOBBLE_FIRE] team=2 losTgt=89.28
[WOBBLE_FIRE] team=2 losTgt=89.38
[WOBBLE_FIRE] team=2 losTgt=89.34
[WOBBLE_FIRE] team=2 losTgt=89.17
[WOBBLE_FIRE] team=2 losTgt=88.88
[WOBBLE_FIRE] team=2 losTgt=88.49
[WOBBLE_FIRE] team=2 losTgt=88.00
[WOBBLE_FIRE] team=2 losTgt=87.43
[WOBBLE_FIRE] team=2 losTgt=86.79
[WOBBLE_FIRE] team=2 losTgt=86.08
[WOBBLE_FIRE] team=2 losTgt=85.31
[WOBBLE_FIRE] team=2 losTgt=84.49
[WOBBLE_FIRE] team=2 losTgt=83.62
[WOBBLE_FIRE] team=2 losTgt=82.71
[WOBBLE_FIRE] team=2 losTgt=81.75
[WOBBLE_FIRE] team=2 losTgt=80.75
[WOBBLE_FIRE] team=2 losTgt=79.71
[WOBBLE_FIRE] team=2 losTgt=78.65
[WOBBLE_FIRE] team=2 losTgt=77.57
[WOBBLE_FIRE] team=2 losTgt=76.45
[WOBBLE_FIRE] team=2 losTgt=75.31
[WOBBLE_FIRE] team=2 losTgt=74.14
[WOBBLE_FIRE] team=2 losTgt=72.95
[WOBBLE_FIRE] team=2 losTgt=71.73
[WOBBLE_FIRE] team=2 losTgt=70.49
[WOBBLE_FIRE] team=2 losTgt=69.22
[WOBBLE_FIRE] team=2 losTgt=67.93
[WOBBLE_FIRE] team=2 losTgt=66.61
[WOBBLE_FIRE] team=2 losTgt=65.27
[WOBBLE_FIRE] team=2 losTgt=63.91
[WOBBLE_FIRE] team=2 losTgt=62.52
[WOBBLE_FIRE] team=2 losTgt=61.10
[WOBBLE_FIRE] team=2 losTgt=59.65
[WOBBLE_FIRE] team=2 losTgt=58.17
[WOBBLE_FIRE] team=2 losTgt=56.66
[WOBBLE_FIRE] team=2 losTgt=55.12
[WOBBLE_FIRE] team=2 losTgt=53.55
[WOBBLE_FIRE] team=2 losTgt=51.93
[WOBBLE_FIRE] team=2 losTgt=50.27
[WOBBLE_FIRE] team=2 losTgt=48.56
[WOBBLE_FIRE] team=2 losTgt=46.80
[WOBBLE_FIRE] team=2 losTgt=48.71
[WOBBLE_FIRE] team=2 losTgt=52.93
[WOBBLE_FIRE] team=2 losTgt=56.25
[WOBBLE_FIRE] team=2 losTgt=58.92
[WOBBLE_FIRE] team=2 losTgt=61.36
[WOBBLE_FIRE] team=2 losTgt=63.61
[WOBBLE_FIRE] team=2 losTgt=65.62
[WOBBLE_FIRE] team=2 losTgt=67.34
[WOBBLE_FIRE] team=2 losTgt=68.76
[WOBBLE_FIRE] team=2 losTgt=69.91
[WOBBLE_FIRE] team=2 losTgt=70.85
[WOBBLE_FIRE] team=2 losTgt=71.59
[WOBBLE_FIRE] team=2 losTgt=73.21
[WOBBLE_FIRE] team=2 losTgt=77.14
[WOBBLE_FIRE] team=2 losTgt=79.43
[WOBBLE_FIRE] team=2 losTgt=81.72
[WOBBLE_FIRE] team=2 losTgt=83.70
[WOBBLE_FIRE] team=2 losTgt=85.12
[WOBBLE_FIRE] team=2 losTgt=86.21
[WOBBLE_FIRE] team=2 losTgt=87.19
[WOBBLE_FIRE] team=2 losTgt=88.35
[WOBBLE_FIRE] team=2 losTgt=89.62
[WOBBLE_FIRE] team=2 losTgt=90.48
[WOBBLE_FIRE] team=2 losTgt=91.12
[WOBBLE_FIRE] team=2 losTgt=92.05
[WOBBLE_FIRE] team=2 losTgt=92.55
[WOBBLE_FIRE] team=2 losTgt=93.10
[WOBBLE_FIRE] team=2 losTgt=93.76
[WOBBLE_FIRE] team=2 losTgt=93.87
[WOBBLE_FIRE] team=2 losTgt=93.81
[WOBBLE_FIRE] team=2 losTgt=93.16
[WOBBLE_FIRE] team=2 losTgt=91.94
[WOBBLE_FIRE] team=2 losTgt=90.57
[WOBBLE_FIRE] team=2 losTgt=89.35
[WOBBLE_FIRE] team=2 losTgt=88.21
[WOBBLE_FIRE] team=2 losTgt=87.10
[WOBBLE_FIRE] team=2 losTgt=86.01
[WOBBLE_FIRE] team=2 losTgt=84.95
[WOBBLE_FIRE] team=2 losTgt=83.89
[WOBBLE_FIRE] team=2 losTgt=83.87
[WOBBLE_FIRE] team=2 losTgt=86.24
[WOBBLE_FIRE] team=2 losTgt=87.09
[WOBBLE_FIRE] team=2 losTgt=87.92
[WOBBLE_FIRE] team=2 losTgt=88.11
[WOBBLE_FIRE] team=2 losTgt=88.02
[WOBBLE_FIRE] team=2 losTgt=87.79
[WOBBLE_FIRE] team=2 losTgt=87.62
[WOBBLE_FIRE] team=2 losTgt=87.62
[WOBBLE_FIRE] team=2 losTgt=87.70
[WOBBLE_FIRE] team=2 losTgt=87.47
[WOBBLE_FIRE] team=2 losTgt=86.80
[WOBBLE_FIRE] team=2 losTgt=85.59
[WOBBLE_FIRE] team=2 losTgt=84.54
[WOBBLE_FIRE] team=2 losTgt=83.18
[WOBBLE_FIRE] team=2 losTgt=81.69
[WOBBLE_FIRE] team=2 losTgt=80.30
[WOBBLE_FIRE] team=2 losTgt=78.97
[WOBBLE_FIRE] team=2 losTgt=77.68
[WOBBLE_FIRE] team=2 losTgt=76.45
[WOBBLE_FIRE] team=2 losTgt=75.28
[WOBBLE_FIRE] team=2 losTgt=74.17
[WOBBLE_FIRE] team=2 losTgt=73.09
[WOBBLE_FIRE] team=2 losTgt=72.05
[WOBBLE_FIRE] team=2 losTgt=71.04
[WOBBLE_FIRE] team=2 losTgt=70.05
[WOBBLE_FIRE] team=2 losTgt=69.10
[WOBBLE_FIRE] team=2 losTgt=68.18
[WOBBLE_FIRE] team=2 losTgt=67.28
[WOBBLE_FIRE] team=2 losTgt=66.41
[WOBBLE_FIRE] team=2 losTgt=66.55
[WOBBLE_FIRE] team=2 losTgt=69.05
[WOBBLE_FIRE] team=2 losTgt=69.84
[WOBBLE_FIRE] team=2 losTgt=70.41
[WOBBLE_FIRE] team=2 losTgt=70.18
[WOBBLE_FIRE] team=2 losTgt=69.68
[WOBBLE_FIRE] team=2 losTgt=69.14
[WOBBLE_FIRE] team=2 losTgt=68.90
[WOBBLE_FIRE] team=2 losTgt=68.47
[WOBBLE_FIRE] team=2 losTgt=67.62
[WOBBLE_FIRE] team=2 losTgt=66.39
[WOBBLE_FIRE] team=2 losTgt=65.22
[WOBBLE_FIRE] team=2 losTgt=64.17
[WOBBLE_FIRE] team=2 losTgt=63.19
[WOBBLE_FIRE] team=2 losTgt=62.27
[WOBBLE_FIRE] team=2 losTgt=61.45
[WOBBLE_FIRE] team=2 losTgt=60.69
[WOBBLE_FIRE] team=2 losTgt=59.99
[WOBBLE_FIRE] team=2 losTgt=59.32
[WOBBLE_FIRE] team=2 losTgt=58.68
[WOBBLE_FIRE] team=2 losTgt=58.07
[WOBBLE_FIRE] team=2 losTgt=57.50
[WOBBLE_FIRE] team=2 losTgt=56.96
[WOBBLE_FIRE] team=2 losTgt=56.46
[WOBBLE_FIRE] team=2 losTgt=56.01
[WOBBLE_FIRE] team=2 losTgt=55.58
[WOBBLE_FIRE] team=2 losTgt=55.16
[WOBBLE_FIRE] team=2 losTgt=54.74
[WOBBLE_FIRE] team=2 losTgt=54.34
[WOBBLE_FIRE] team=2 losTgt=53.94
[WOBBLE_FIRE] team=2 losTgt=53.53
[WOBBLE_FIRE] team=2 losTgt=53.09
[WOBBLE_FIRE] team=2 losTgt=52.63
[WOBBLE_FIRE] team=2 losTgt=52.13
[WOBBLE_FIRE] team=2 losTgt=51.61
[WOBBLE_FIRE] team=2 losTgt=51.06
[WOBBLE_FIRE] team=2 losTgt=50.50
[WOBBLE_FIRE] team=2 losTgt=49.92
[WOBBLE_FIRE] team=2 losTgt=49.34
[WOBBLE_FIRE] team=2 losTgt=48.74
[WOBBLE_FIRE] team=2 losTgt=48.12
[WOBBLE_FIRE] team=2 losTgt=47.48
[WOBBLE_FIRE] team=2 losTgt=46.81
[WOBBLE_FIRE] team=2 losTgt=46.14
[WOBBLE_FIRE] team=2 losTgt=45.44
runner:local/env:0	num_steps=[5573] | total rewards=[576.6102] | termination= [target destroyed]
[seed 11] reward=   576.61 ownHP=1.0000 tgtHP=-0.0018 target destroyed
total: 2
[WOBBLE_FIRE] team=2 losTgt=172.24
[WOBBLE_FIRE] team=2 losTgt=171.61
[WOBBLE_FIRE] team=2 losTgt=170.40
[WOBBLE_FIRE] team=2 losTgt=168.92
[WOBBLE_FIRE] team=2 losTgt=167.22
[WOBBLE_FIRE] team=2 losTgt=165.26
[WOBBLE_FIRE] team=2 losTgt=163.16
[WOBBLE_FIRE] team=2 losTgt=161.20
[WOBBLE_FIRE] team=2 losTgt=159.46
[WOBBLE_FIRE] team=2 losTgt=157.87
[WOBBLE_FIRE] team=2 losTgt=156.36
[WOBBLE_FIRE] team=2 losTgt=154.91
[WOBBLE_FIRE] team=2 losTgt=153.51
[WOBBLE_FIRE] team=2 losTgt=152.16
[WOBBLE_FIRE] team=2 losTgt=150.86
[WOBBLE_FIRE] team=2 losTgt=149.58
[WOBBLE_FIRE] team=2 losTgt=148.31
[WOBBLE_FIRE] team=2 losTgt=147.04
[WOBBLE_FIRE] team=2 losTgt=145.79
[WOBBLE_FIRE] team=2 losTgt=144.55
[WOBBLE_FIRE] team=2 losTgt=143.35
[WOBBLE_FIRE] team=2 losTgt=142.16
[WOBBLE_FIRE] team=2 losTgt=141.00
[WOBBLE_FIRE] team=2 losTgt=139.85
[WOBBLE_FIRE] team=2 losTgt=138.71
[WOBBLE_FIRE] team=2 losTgt=137.60
[WOBBLE_FIRE] team=2 losTgt=136.49
[WOBBLE_FIRE] team=2 losTgt=135.38
[WOBBLE_FIRE] team=2 losTgt=134.28
[WOBBLE_FIRE] team=2 losTgt=133.20
[WOBBLE_FIRE] team=2 losTgt=132.12
[WOBBLE_FIRE] team=2 losTgt=131.06
[WOBBLE_FIRE] team=2 losTgt=130.01
[WOBBLE_FIRE] team=2 losTgt=128.97
[WOBBLE_FIRE] team=2 losTgt=127.94
[WOBBLE_FIRE] team=2 losTgt=126.93
[WOBBLE_FIRE] team=2 losTgt=125.92
[WOBBLE_FIRE] team=2 losTgt=124.91
[WOBBLE_FIRE] team=2 losTgt=123.92
[WOBBLE_FIRE] team=2 losTgt=122.94
[WOBBLE_FIRE] team=2 losTgt=121.97
[WOBBLE_FIRE] team=2 losTgt=121.00
[WOBBLE_FIRE] team=2 losTgt=120.05
[WOBBLE_FIRE] team=2 losTgt=119.10
[WOBBLE_FIRE] team=2 losTgt=118.16
[WOBBLE_FIRE] team=2 losTgt=117.23
[WOBBLE_FIRE] team=2 losTgt=116.31
[WOBBLE_FIRE] team=2 losTgt=115.39
[WOBBLE_FIRE] team=2 losTgt=114.49
[WOBBLE_FIRE] team=2 losTgt=113.59
[WOBBLE_FIRE] team=2 losTgt=112.71
[WOBBLE_FIRE] team=2 losTgt=111.83
[WOBBLE_FIRE] team=2 losTgt=110.96
[WOBBLE_FIRE] team=2 losTgt=110.10
[WOBBLE_FIRE] team=2 losTgt=109.25
[WOBBLE_FIRE] team=2 losTgt=108.41
[WOBBLE_FIRE] team=2 losTgt=107.57
[WOBBLE_FIRE] team=2 losTgt=106.74
[WOBBLE_FIRE] team=2 losTgt=105.92
[WOBBLE_FIRE] team=2 losTgt=105.10
[WOBBLE_FIRE] team=2 losTgt=104.30
[WOBBLE_FIRE] team=2 losTgt=103.49
[WOBBLE_FIRE] team=2 losTgt=102.69
[WOBBLE_FIRE] team=2 losTgt=101.89
[WOBBLE_FIRE] team=2 losTgt=101.09
[WOBBLE_FIRE] team=2 losTgt=100.30
[WOBBLE_FIRE] team=2 losTgt=99.50
[WOBBLE_FIRE] team=2 losTgt=98.71
[WOBBLE_FIRE] team=2 losTgt=97.93
[WOBBLE_FIRE] team=2 losTgt=97.17
[WOBBLE_FIRE] team=2 losTgt=96.43
[WOBBLE_FIRE] team=2 losTgt=95.68
[WOBBLE_FIRE] team=2 losTgt=94.93
[WOBBLE_FIRE] team=2 losTgt=94.18
[WOBBLE_FIRE] team=2 losTgt=93.42
[WOBBLE_FIRE] team=2 losTgt=92.67
[WOBBLE_FIRE] team=2 losTgt=91.91
[WOBBLE_FIRE] team=2 losTgt=91.16
[WOBBLE_FIRE] team=2 losTgt=90.41
[WOBBLE_FIRE] team=2 losTgt=89.64
[WOBBLE_FIRE] team=2 losTgt=88.87
[WOBBLE_FIRE] team=2 losTgt=88.11
[WOBBLE_FIRE] team=2 losTgt=87.34
[WOBBLE_FIRE] team=2 losTgt=86.57
[WOBBLE_FIRE] team=2 losTgt=85.80
[WOBBLE_FIRE] team=2 losTgt=85.04
[WOBBLE_FIRE] team=2 losTgt=84.27
[WOBBLE_FIRE] team=2 losTgt=83.50
[WOBBLE_FIRE] team=2 losTgt=82.74
[WOBBLE_FIRE] team=2 losTgt=81.97
[WOBBLE_FIRE] team=2 losTgt=81.21
[WOBBLE_FIRE] team=2 losTgt=80.44
[WOBBLE_FIRE] team=2 losTgt=79.68
[WOBBLE_FIRE] team=2 losTgt=78.91
[WOBBLE_FIRE] team=2 losTgt=78.14
[WOBBLE_FIRE] team=2 losTgt=77.36
[WOBBLE_FIRE] team=2 losTgt=76.59
[WOBBLE_FIRE] team=2 losTgt=75.81
[WOBBLE_FIRE] team=2 losTgt=75.02
[WOBBLE_FIRE] team=2 losTgt=74.24
[WOBBLE_FIRE] team=2 losTgt=73.45
[WOBBLE_FIRE] team=2 losTgt=72.66
[WOBBLE_FIRE] team=2 losTgt=71.87
[WOBBLE_FIRE] team=2 losTgt=71.07
[WOBBLE_FIRE] team=2 losTgt=70.27
[WOBBLE_FIRE] team=2 losTgt=69.47
[WOBBLE_FIRE] team=2 losTgt=68.66
[WOBBLE_FIRE] team=2 losTgt=67.85
[WOBBLE_FIRE] team=2 losTgt=67.04
[WOBBLE_FIRE] team=2 losTgt=66.22
[WOBBLE_FIRE] team=2 losTgt=65.40
[WOBBLE_FIRE] team=2 losTgt=64.58
[WOBBLE_FIRE] team=2 losTgt=63.76
[WOBBLE_FIRE] team=2 losTgt=62.93
[WOBBLE_FIRE] team=2 losTgt=62.10
[WOBBLE_FIRE] team=2 losTgt=61.26
[WOBBLE_FIRE] team=2 losTgt=60.42
[WOBBLE_FIRE] team=2 losTgt=59.57
[WOBBLE_FIRE] team=2 losTgt=58.73
[WOBBLE_FIRE] team=2 losTgt=57.87
[WOBBLE_FIRE] team=2 losTgt=57.01
[WOBBLE_FIRE] team=2 losTgt=56.11
[WOBBLE_FIRE] team=2 losTgt=55.19
[WOBBLE_FIRE] team=2 losTgt=54.24
[WOBBLE_FIRE] team=2 losTgt=53.29
[WOBBLE_FIRE] team=2 losTgt=52.32
[WOBBLE_FIRE] team=2 losTgt=51.30
[WOBBLE_FIRE] team=2 losTgt=50.25
[WOBBLE_FIRE] team=2 losTgt=49.18
[WOBBLE_FIRE] team=2 losTgt=48.10
[WOBBLE_FIRE] team=2 losTgt=47.02
[WOBBLE_FIRE] team=2 losTgt=45.92
[WOBBLE_FIRE] team=2 losTgt=46.61
[WOBBLE_FIRE] team=2 losTgt=51.10
[WOBBLE_FIRE] team=2 losTgt=55.71
[WOBBLE_FIRE] team=2 losTgt=60.24
[WOBBLE_FIRE] team=2 losTgt=64.54
[WOBBLE_FIRE] team=2 losTgt=68.50
[WOBBLE_FIRE] team=2 losTgt=72.06
[WOBBLE_FIRE] team=2 losTgt=75.21
[WOBBLE_FIRE] team=2 losTgt=77.92
[WOBBLE_FIRE] team=2 losTgt=80.24
[WOBBLE_FIRE] team=2 losTgt=82.23
[WOBBLE_FIRE] team=2 losTgt=83.93
[WOBBLE_FIRE] team=2 losTgt=85.37
[WOBBLE_FIRE] team=2 losTgt=86.56
[WOBBLE_FIRE] team=2 losTgt=87.53
[WOBBLE_FIRE] team=2 losTgt=88.30
[WOBBLE_FIRE] team=2 losTgt=88.88
[WOBBLE_FIRE] team=2 losTgt=89.28
[WOBBLE_FIRE] team=2 losTgt=89.53
[WOBBLE_FIRE] team=2 losTgt=89.64
[WOBBLE_FIRE] team=2 losTgt=89.65
[WOBBLE_FIRE] team=2 losTgt=89.56
[WOBBLE_FIRE] team=2 losTgt=89.38
[WOBBLE_FIRE] team=2 losTgt=89.13
[WOBBLE_FIRE] team=2 losTgt=88.82
[WOBBLE_FIRE] team=2 losTgt=88.40
[WOBBLE_FIRE] team=2 losTgt=87.90
[WOBBLE_FIRE] team=2 losTgt=87.32
[WOBBLE_FIRE] team=2 losTgt=86.68
[WOBBLE_FIRE] team=2 losTgt=85.98
[WOBBLE_FIRE] team=2 losTgt=85.22
[WOBBLE_FIRE] team=2 losTgt=84.41
[WOBBLE_FIRE] team=2 losTgt=83.57
[WOBBLE_FIRE] team=2 losTgt=82.69
[WOBBLE_FIRE] team=2 losTgt=81.79
[WOBBLE_FIRE] team=2 losTgt=80.86
[WOBBLE_FIRE] team=2 losTgt=79.89
[WOBBLE_FIRE] team=2 losTgt=78.91
[WOBBLE_FIRE] team=2 losTgt=77.90
[WOBBLE_FIRE] team=2 losTgt=76.87
[WOBBLE_FIRE] team=2 losTgt=75.81
[WOBBLE_FIRE] team=2 losTgt=74.74
[WOBBLE_FIRE] team=2 losTgt=73.66
[WOBBLE_FIRE] team=2 losTgt=72.56
[WOBBLE_FIRE] team=2 losTgt=71.44
[WOBBLE_FIRE] team=2 losTgt=70.30
[WOBBLE_FIRE] team=2 losTgt=69.16
[WOBBLE_FIRE] team=2 losTgt=68.00
[WOBBLE_FIRE] team=2 losTgt=66.83
[WOBBLE_FIRE] team=2 losTgt=65.64
[WOBBLE_FIRE] team=2 losTgt=64.44
[WOBBLE_FIRE] team=2 losTgt=63.22
[WOBBLE_FIRE] team=2 losTgt=61.99
[WOBBLE_FIRE] team=2 losTgt=60.74
[WOBBLE_FIRE] team=2 losTgt=59.47
[WOBBLE_FIRE] team=2 losTgt=58.19
[WOBBLE_FIRE] team=2 losTgt=56.89
[WOBBLE_FIRE] team=2 losTgt=55.57
[WOBBLE_FIRE] team=2 losTgt=54.24
[WOBBLE_FIRE] team=2 losTgt=52.88
[WOBBLE_FIRE] team=2 losTgt=51.51
[WOBBLE_FIRE] team=2 losTgt=50.12
[WOBBLE_FIRE] team=2 losTgt=48.70
[WOBBLE_FIRE] team=2 losTgt=47.27
[WOBBLE_FIRE] team=2 losTgt=45.82
[WOBBLE_FIRE] team=2 losTgt=46.24
[WOBBLE_FIRE] team=2 losTgt=47.89
[WOBBLE_FIRE] team=2 losTgt=49.49
[WOBBLE_FIRE] team=2 losTgt=51.03
[WOBBLE_FIRE] team=2 losTgt=53.46
[WOBBLE_FIRE] team=2 losTgt=58.20
[WOBBLE_FIRE] team=2 losTgt=61.29
[WOBBLE_FIRE] team=2 losTgt=63.96
[WOBBLE_FIRE] team=2 losTgt=65.83
[WOBBLE_FIRE] team=2 losTgt=67.32
[WOBBLE_FIRE] team=2 losTgt=68.68
[WOBBLE_FIRE] team=2 losTgt=70.19
[WOBBLE_FIRE] team=2 losTgt=71.90
[WOBBLE_FIRE] team=2 losTgt=73.77
[WOBBLE_FIRE] team=2 losTgt=75.50
[WOBBLE_FIRE] team=2 losTgt=77.54
[WOBBLE_FIRE] team=2 losTgt=79.18
[WOBBLE_FIRE] team=2 losTgt=80.00
[WOBBLE_FIRE] team=2 losTgt=81.62
[WOBBLE_FIRE] team=2 losTgt=83.32
[WOBBLE_FIRE] team=2 losTgt=84.02
[WOBBLE_FIRE] team=2 losTgt=84.39
[WOBBLE_FIRE] team=2 losTgt=85.36
[WOBBLE_FIRE] team=2 losTgt=86.31
[WOBBLE_FIRE] team=2 losTgt=86.91
[WOBBLE_FIRE] team=2 losTgt=87.00
[WOBBLE_FIRE] team=2 losTgt=86.46
[WOBBLE_FIRE] team=2 losTgt=85.75
[WOBBLE_FIRE] team=2 losTgt=85.10
[WOBBLE_FIRE] team=2 losTgt=84.51
[WOBBLE_FIRE] team=2 losTgt=83.92
[WOBBLE_FIRE] team=2 losTgt=83.33
[WOBBLE_FIRE] team=2 losTgt=83.79
[WOBBLE_FIRE] team=2 losTgt=86.00
[WOBBLE_FIRE] team=2 losTgt=86.51
[WOBBLE_FIRE] team=2 losTgt=86.72
[WOBBLE_FIRE] team=2 losTgt=86.49
[WOBBLE_FIRE] team=2 losTgt=85.99
[WOBBLE_FIRE] team=2 losTgt=85.50
[WOBBLE_FIRE] team=2 losTgt=85.55
[WOBBLE_FIRE] team=2 losTgt=85.75
[WOBBLE_FIRE] team=2 losTgt=85.59
[WOBBLE_FIRE] team=2 losTgt=84.93
[WOBBLE_FIRE] team=2 losTgt=83.84
[WOBBLE_FIRE] team=2 losTgt=82.78
[WOBBLE_FIRE] team=2 losTgt=81.76
[WOBBLE_FIRE] team=2 losTgt=80.80
[WOBBLE_FIRE] team=2 losTgt=79.83
[WOBBLE_FIRE] team=2 losTgt=78.88
[WOBBLE_FIRE] team=2 losTgt=77.93
[WOBBLE_FIRE] team=2 losTgt=76.98
[WOBBLE_FIRE] team=2 losTgt=76.05
[WOBBLE_FIRE] team=2 losTgt=75.11
[WOBBLE_FIRE] team=2 losTgt=74.17
[WOBBLE_FIRE] team=2 losTgt=73.23
[WOBBLE_FIRE] team=2 losTgt=72.29
[WOBBLE_FIRE] team=2 losTgt=71.35
[WOBBLE_FIRE] team=2 losTgt=70.40
[WOBBLE_FIRE] team=2 losTgt=69.45
[WOBBLE_FIRE] team=2 losTgt=68.48
[WOBBLE_FIRE] team=2 losTgt=67.50
[WOBBLE_FIRE] team=2 losTgt=66.51
[WOBBLE_FIRE] team=2 losTgt=65.50
[WOBBLE_FIRE] team=2 losTgt=64.49
[WOBBLE_FIRE] team=2 losTgt=63.46
[WOBBLE_FIRE] team=2 losTgt=62.42
[WOBBLE_FIRE] team=2 losTgt=61.38
[WOBBLE_FIRE] team=2 losTgt=60.32
[WOBBLE_FIRE] team=2 losTgt=59.25
[WOBBLE_FIRE] team=2 losTgt=58.17
[WOBBLE_FIRE] team=2 losTgt=57.08
[WOBBLE_FIRE] team=2 losTgt=55.97
[WOBBLE_FIRE] team=2 losTgt=54.85
[WOBBLE_FIRE] team=2 losTgt=53.73
[WOBBLE_FIRE] team=2 losTgt=52.59
[WOBBLE_FIRE] team=2 losTgt=51.44
[WOBBLE_FIRE] team=2 losTgt=50.27
[WOBBLE_FIRE] team=2 losTgt=49.10
[WOBBLE_FIRE] team=2 losTgt=47.92
[WOBBLE_FIRE] team=2 losTgt=46.72
[WOBBLE_FIRE] team=2 losTgt=45.51
runner:local/env:0	num_steps=[7520] | total rewards=[977.4702] | termination= [target destroyed]
[seed 12] reward=   977.47 ownHP=1.0000 tgtHP=-0.0039 target destroyed
total: 2
runner:local/env:0	num_steps=[11999] | total rewards=[1047.8558] | termination= [max time out]
[seed 13] reward=  1047.86 ownHP=1.0000 tgtHP=0.2204 max time out
total: 2
[WOBBLE_FIRE] team=2 losTgt=91.91
[WOBBLE_FIRE] team=2 losTgt=91.79
[WOBBLE_FIRE] team=2 losTgt=91.46
[WOBBLE_FIRE] team=2 losTgt=91.08
[WOBBLE_FIRE] team=2 losTgt=90.62
[WOBBLE_FIRE] team=2 losTgt=90.01
[WOBBLE_FIRE] team=2 losTgt=89.19
[WOBBLE_FIRE] team=2 losTgt=88.10
[WOBBLE_FIRE] team=2 losTgt=86.76
[WOBBLE_FIRE] team=2 losTgt=85.39
[WOBBLE_FIRE] team=2 losTgt=84.13
[WOBBLE_FIRE] team=2 losTgt=82.97
[WOBBLE_FIRE] team=2 losTgt=81.91
[WOBBLE_FIRE] team=2 losTgt=80.90
[WOBBLE_FIRE] team=2 losTgt=79.93
[WOBBLE_FIRE] team=2 losTgt=78.99
[WOBBLE_FIRE] team=2 losTgt=78.08
[WOBBLE_FIRE] team=2 losTgt=77.20
[WOBBLE_FIRE] team=2 losTgt=76.35
[WOBBLE_FIRE] team=2 losTgt=75.51
[WOBBLE_FIRE] team=2 losTgt=74.68
[WOBBLE_FIRE] team=2 losTgt=73.88
[WOBBLE_FIRE] team=2 losTgt=73.09
[WOBBLE_FIRE] team=2 losTgt=72.31
[WOBBLE_FIRE] team=2 losTgt=71.55
[WOBBLE_FIRE] team=2 losTgt=70.80
[WOBBLE_FIRE] team=2 losTgt=70.07
[WOBBLE_FIRE] team=2 losTgt=69.34
[WOBBLE_FIRE] team=2 losTgt=68.61
[WOBBLE_FIRE] team=2 losTgt=67.90
[WOBBLE_FIRE] team=2 losTgt=67.18
[WOBBLE_FIRE] team=2 losTgt=66.46
[WOBBLE_FIRE] team=2 losTgt=65.75
[WOBBLE_FIRE] team=2 losTgt=65.03
[WOBBLE_FIRE] team=2 losTgt=64.31
[WOBBLE_FIRE] team=2 losTgt=63.59
[WOBBLE_FIRE] team=2 losTgt=62.86
[WOBBLE_FIRE] team=2 losTgt=62.14
[WOBBLE_FIRE] team=2 losTgt=61.41
[WOBBLE_FIRE] team=2 losTgt=60.68
[WOBBLE_FIRE] team=2 losTgt=59.94
[WOBBLE_FIRE] team=2 losTgt=59.20
[WOBBLE_FIRE] team=2 losTgt=58.46
[WOBBLE_FIRE] team=2 losTgt=57.71
[WOBBLE_FIRE] team=2 losTgt=56.96
[WOBBLE_FIRE] team=2 losTgt=56.20
[WOBBLE_FIRE] team=2 losTgt=55.44
[WOBBLE_FIRE] team=2 losTgt=54.68
[WOBBLE_FIRE] team=2 losTgt=53.92
[WOBBLE_FIRE] team=2 losTgt=53.15
[WOBBLE_FIRE] team=2 losTgt=52.39
[WOBBLE_FIRE] team=2 losTgt=51.63
[WOBBLE_FIRE] team=2 losTgt=50.87
[WOBBLE_FIRE] team=2 losTgt=50.11
[WOBBLE_FIRE] team=2 losTgt=49.36
[WOBBLE_FIRE] team=2 losTgt=48.60
[WOBBLE_FIRE] team=2 losTgt=47.84
[WOBBLE_FIRE] team=2 losTgt=47.07
[WOBBLE_FIRE] team=2 losTgt=46.30
[WOBBLE_FIRE] team=2 losTgt=45.53
[WOBBLE_FIRE] team=2 losTgt=45.31
[WOBBLE_FIRE] team=2 losTgt=49.29
[WOBBLE_FIRE] team=2 losTgt=53.47
[WOBBLE_FIRE] team=2 losTgt=57.75
[WOBBLE_FIRE] team=2 losTgt=62.09
[WOBBLE_FIRE] team=2 losTgt=66.38
[WOBBLE_FIRE] team=2 losTgt=70.56
[WOBBLE_FIRE] team=2 losTgt=74.57
[WOBBLE_FIRE] team=2 losTgt=78.37
[WOBBLE_FIRE] team=2 losTgt=81.92
[WOBBLE_FIRE] team=2 losTgt=85.18
[WOBBLE_FIRE] team=2 losTgt=88.16
[WOBBLE_FIRE] team=2 losTgt=90.86
[WOBBLE_FIRE] team=2 losTgt=93.29
[WOBBLE_FIRE] team=2 losTgt=95.45
[WOBBLE_FIRE] team=2 losTgt=97.37
[WOBBLE_FIRE] team=2 losTgt=99.07
[WOBBLE_FIRE] team=2 losTgt=100.57
[WOBBLE_FIRE] team=2 losTgt=101.89
[WOBBLE_FIRE] team=2 losTgt=103.05
[WOBBLE_FIRE] team=2 losTgt=104.04
[WOBBLE_FIRE] team=2 losTgt=104.90
[WOBBLE_FIRE] team=2 losTgt=105.61
[WOBBLE_FIRE] team=2 losTgt=106.22
[WOBBLE_FIRE] team=2 losTgt=106.72
[WOBBLE_FIRE] team=2 losTgt=107.13
[WOBBLE_FIRE] team=2 losTgt=107.46
[WOBBLE_FIRE] team=2 losTgt=107.71
[WOBBLE_FIRE] team=2 losTgt=107.90
[WOBBLE_FIRE] team=2 losTgt=108.02
[WOBBLE_FIRE] team=2 losTgt=108.09
[WOBBLE_FIRE] team=2 losTgt=108.11
[WOBBLE_FIRE] team=2 losTgt=108.08
[WOBBLE_FIRE] team=2 losTgt=108.02
[WOBBLE_FIRE] team=2 losTgt=107.91
[WOBBLE_FIRE] team=2 losTgt=107.78
[WOBBLE_FIRE] team=2 losTgt=107.60
[WOBBLE_FIRE] team=2 losTgt=107.41
[WOBBLE_FIRE] team=2 losTgt=107.18
[WOBBLE_FIRE] team=2 losTgt=106.94
[WOBBLE_FIRE] team=2 losTgt=106.67
[WOBBLE_FIRE] team=2 losTgt=106.38
[WOBBLE_FIRE] team=2 losTgt=106.07
[WOBBLE_FIRE] team=2 losTgt=105.74
[WOBBLE_FIRE] team=2 losTgt=105.41
[WOBBLE_FIRE] team=2 losTgt=105.05
[WOBBLE_FIRE] team=2 losTgt=104.68
[WOBBLE_FIRE] team=2 losTgt=104.31
[WOBBLE_FIRE] team=2 losTgt=103.92
[WOBBLE_FIRE] team=2 losTgt=103.52
[WOBBLE_FIRE] team=2 losTgt=103.11
[WOBBLE_FIRE] team=2 losTgt=102.70
[WOBBLE_FIRE] team=2 losTgt=102.27
[WOBBLE_FIRE] team=2 losTgt=101.84
[WOBBLE_FIRE] team=2 losTgt=101.41
[WOBBLE_FIRE] team=2 losTgt=100.96
[WOBBLE_FIRE] team=2 losTgt=100.52
[WOBBLE_FIRE] team=2 losTgt=100.06
[WOBBLE_FIRE] team=2 losTgt=99.60
[WOBBLE_FIRE] team=2 losTgt=99.14
[WOBBLE_FIRE] team=2 losTgt=98.68
[WOBBLE_FIRE] team=2 losTgt=98.20
[WOBBLE_FIRE] team=2 losTgt=97.73
[WOBBLE_FIRE] team=2 losTgt=97.26
[WOBBLE_FIRE] team=2 losTgt=96.78
[WOBBLE_FIRE] team=2 losTgt=96.30
[WOBBLE_FIRE] team=2 losTgt=95.81
[WOBBLE_FIRE] team=2 losTgt=95.33
[WOBBLE_FIRE] team=2 losTgt=94.85
[WOBBLE_FIRE] team=2 losTgt=94.36
[WOBBLE_FIRE] team=2 losTgt=93.87
[WOBBLE_FIRE] team=2 losTgt=93.38
[WOBBLE_FIRE] team=2 losTgt=92.89
[WOBBLE_FIRE] team=2 losTgt=92.40
[WOBBLE_FIRE] team=2 losTgt=91.90
[WOBBLE_FIRE] team=2 losTgt=91.41
[WOBBLE_FIRE] team=2 losTgt=90.91
[WOBBLE_FIRE] team=2 losTgt=90.42
[WOBBLE_FIRE] team=2 losTgt=89.92
[WOBBLE_FIRE] team=2 losTgt=89.43
[WOBBLE_FIRE] team=2 losTgt=88.94
[WOBBLE_FIRE] team=2 losTgt=88.45
[WOBBLE_FIRE] team=2 losTgt=87.96
[WOBBLE_FIRE] team=2 losTgt=87.47
[WOBBLE_FIRE] team=2 losTgt=86.99
[WOBBLE_FIRE] team=2 losTgt=86.51
[WOBBLE_FIRE] team=2 losTgt=86.03
[WOBBLE_FIRE] team=2 losTgt=85.55
[WOBBLE_FIRE] team=2 losTgt=85.07
[WOBBLE_FIRE] team=2 losTgt=84.60
[WOBBLE_FIRE] team=2 losTgt=84.13
[WOBBLE_FIRE] team=2 losTgt=83.66
[WOBBLE_FIRE] team=2 losTgt=83.20
[WOBBLE_FIRE] team=2 losTgt=82.74
[WOBBLE_FIRE] team=2 losTgt=82.28
[WOBBLE_FIRE] team=2 losTgt=81.83
[WOBBLE_FIRE] team=2 losTgt=81.37
[WOBBLE_FIRE] team=2 losTgt=80.92
[WOBBLE_FIRE] team=2 losTgt=80.48
[WOBBLE_FIRE] team=2 losTgt=80.03
[WOBBLE_FIRE] team=2 losTgt=79.59
[WOBBLE_FIRE] team=2 losTgt=79.15
[WOBBLE_FIRE] team=2 losTgt=78.71
[WOBBLE_FIRE] team=2 losTgt=78.28
[WOBBLE_FIRE] team=2 losTgt=77.88
[WOBBLE_FIRE] team=2 losTgt=77.48
[WOBBLE_FIRE] team=2 losTgt=77.06
[WOBBLE_FIRE] team=2 losTgt=76.64
[WOBBLE_FIRE] team=2 losTgt=76.22
[WOBBLE_FIRE] team=2 losTgt=75.78
[WOBBLE_FIRE] team=2 losTgt=75.33
[WOBBLE_FIRE] team=2 losTgt=74.86
[WOBBLE_FIRE] team=2 losTgt=74.39
[WOBBLE_FIRE] team=2 losTgt=73.91
[WOBBLE_FIRE] team=2 losTgt=73.43
[WOBBLE_FIRE] team=2 losTgt=72.97
[WOBBLE_FIRE] team=2 losTgt=72.49
[WOBBLE_FIRE] team=2 losTgt=72.02
[WOBBLE_FIRE] team=2 losTgt=71.53
[WOBBLE_FIRE] team=2 losTgt=71.04
[WOBBLE_FIRE] team=2 losTgt=70.55
[WOBBLE_FIRE] team=2 losTgt=70.05
[WOBBLE_FIRE] team=2 losTgt=69.55
[WOBBLE_FIRE] team=2 losTgt=69.04
[WOBBLE_FIRE] team=2 losTgt=68.54
[WOBBLE_FIRE] team=2 losTgt=68.04
[WOBBLE_FIRE] team=2 losTgt=67.53
[WOBBLE_FIRE] team=2 losTgt=67.03
[WOBBLE_FIRE] team=2 losTgt=66.53
[WOBBLE_FIRE] team=2 losTgt=66.03
[WOBBLE_FIRE] team=2 losTgt=65.53
[WOBBLE_FIRE] team=2 losTgt=65.02
[WOBBLE_FIRE] team=2 losTgt=64.52
[WOBBLE_FIRE] team=2 losTgt=64.01
[WOBBLE_FIRE] team=2 losTgt=63.51
[WOBBLE_FIRE] team=2 losTgt=62.99
[WOBBLE_FIRE] team=2 losTgt=62.48
[WOBBLE_FIRE] team=2 losTgt=61.96
[WOBBLE_FIRE] team=2 losTgt=61.44
[WOBBLE_FIRE] team=2 losTgt=60.92
[WOBBLE_FIRE] team=2 losTgt=60.39
[WOBBLE_FIRE] team=2 losTgt=59.86
[WOBBLE_FIRE] team=2 losTgt=59.32
[WOBBLE_FIRE] team=2 losTgt=58.78
[WOBBLE_FIRE] team=2 losTgt=58.23
[WOBBLE_FIRE] team=2 losTgt=57.67
[WOBBLE_FIRE] team=2 losTgt=57.11
[WOBBLE_FIRE] team=2 losTgt=56.54
[WOBBLE_FIRE] team=2 losTgt=55.96
[WOBBLE_FIRE] team=2 losTgt=55.38
[WOBBLE_FIRE] team=2 losTgt=54.78
[WOBBLE_FIRE] team=2 losTgt=54.17
[WOBBLE_FIRE] team=2 losTgt=53.56
[WOBBLE_FIRE] team=2 losTgt=52.93
[WOBBLE_FIRE] team=2 losTgt=52.30
[WOBBLE_FIRE] team=2 losTgt=51.66
[WOBBLE_FIRE] team=2 losTgt=51.00
[WOBBLE_FIRE] team=2 losTgt=50.34
[WOBBLE_FIRE] team=2 losTgt=49.68
[WOBBLE_FIRE] team=2 losTgt=49.00
[WOBBLE_FIRE] team=2 losTgt=48.31
[WOBBLE_FIRE] team=2 losTgt=47.62
[WOBBLE_FIRE] team=2 losTgt=46.91
[WOBBLE_FIRE] team=2 losTgt=46.20
[WOBBLE_FIRE] team=2 losTgt=45.48
[WOBBLE_FIRE] team=2 losTgt=48.08
[WOBBLE_FIRE] team=2 losTgt=54.41
[WOBBLE_FIRE] team=2 losTgt=60.87
[WOBBLE_FIRE] team=2 losTgt=67.13
[WOBBLE_FIRE] team=2 losTgt=73.00
[WOBBLE_FIRE] team=2 losTgt=78.41
[WOBBLE_FIRE] team=2 losTgt=83.16
[WOBBLE_FIRE] team=2 losTgt=87.04
[WOBBLE_FIRE] team=2 losTgt=89.74
[WOBBLE_FIRE] team=2 losTgt=91.15
[WOBBLE_FIRE] team=2 losTgt=91.62
[WOBBLE_FIRE] team=2 losTgt=91.77
[WOBBLE_FIRE] team=2 losTgt=91.87
[WOBBLE_FIRE] team=2 losTgt=92.02
[WOBBLE_FIRE] team=2 losTgt=92.22
[WOBBLE_FIRE] team=2 losTgt=92.42
[WOBBLE_FIRE] team=2 losTgt=92.59
[WOBBLE_FIRE] team=2 losTgt=92.73
[WOBBLE_FIRE] team=2 losTgt=92.80
[WOBBLE_FIRE] team=2 losTgt=92.79
[WOBBLE_FIRE] team=2 losTgt=92.70
[WOBBLE_FIRE] team=2 losTgt=92.55
[WOBBLE_FIRE] team=2 losTgt=92.32
[WOBBLE_FIRE] team=2 losTgt=92.02
[WOBBLE_FIRE] team=2 losTgt=91.67
[WOBBLE_FIRE] team=2 losTgt=91.26
[WOBBLE_FIRE] team=2 losTgt=90.79
[WOBBLE_FIRE] team=2 losTgt=90.27
[WOBBLE_FIRE] team=2 losTgt=89.71
[WOBBLE_FIRE] team=2 losTgt=89.11
[WOBBLE_FIRE] team=2 losTgt=88.49
[WOBBLE_FIRE] team=2 losTgt=87.83
[WOBBLE_FIRE] team=2 losTgt=87.15
[WOBBLE_FIRE] team=2 losTgt=86.45
[WOBBLE_FIRE] team=2 losTgt=85.72
[WOBBLE_FIRE] team=2 losTgt=84.97
[WOBBLE_FIRE] team=2 losTgt=84.20
[WOBBLE_FIRE] team=2 losTgt=83.42
[WOBBLE_FIRE] team=2 losTgt=82.61
[WOBBLE_FIRE] team=2 losTgt=81.79
[WOBBLE_FIRE] team=2 losTgt=80.95
[WOBBLE_FIRE] team=2 losTgt=80.10
[WOBBLE_FIRE] team=2 losTgt=79.23
[WOBBLE_FIRE] team=2 losTgt=78.34
[WOBBLE_FIRE] team=2 losTgt=77.44
[WOBBLE_FIRE] team=2 losTgt=76.52
[WOBBLE_FIRE] team=2 losTgt=75.59
[WOBBLE_FIRE] team=2 losTgt=74.65
[WOBBLE_FIRE] team=2 losTgt=73.70
[WOBBLE_FIRE] team=2 losTgt=72.75
[WOBBLE_FIRE] team=2 losTgt=71.78
[WOBBLE_FIRE] team=2 losTgt=70.80
[WOBBLE_FIRE] team=2 losTgt=69.82
[WOBBLE_FIRE] team=2 losTgt=68.82
[WOBBLE_FIRE] team=2 losTgt=67.82
[WOBBLE_FIRE] team=2 losTgt=66.80
[WOBBLE_FIRE] team=2 losTgt=65.78
[WOBBLE_FIRE] team=2 losTgt=64.74
[WOBBLE_FIRE] team=2 losTgt=63.70
[WOBBLE_FIRE] team=2 losTgt=62.65
[WOBBLE_FIRE] team=2 losTgt=61.58
[WOBBLE_FIRE] team=2 losTgt=60.51
[WOBBLE_FIRE] team=2 losTgt=59.43
[WOBBLE_FIRE] team=2 losTgt=58.35
[WOBBLE_FIRE] team=2 losTgt=57.25
[WOBBLE_FIRE] team=2 losTgt=56.14
[WOBBLE_FIRE] team=2 losTgt=55.02
[WOBBLE_FIRE] team=2 losTgt=53.90
[WOBBLE_FIRE] team=2 losTgt=52.77
[WOBBLE_FIRE] team=2 losTgt=51.62
[WOBBLE_FIRE] team=2 losTgt=50.47
[WOBBLE_FIRE] team=2 losTgt=49.30
[WOBBLE_FIRE] team=2 losTgt=48.13
[WOBBLE_FIRE] team=2 losTgt=46.94
[WOBBLE_FIRE] team=2 losTgt=45.75
[WOBBLE_FIRE] team=2 losTgt=45.51
[WOBBLE_FIRE] team=2 losTgt=46.14
[WOBBLE_FIRE] team=2 losTgt=46.74
[WOBBLE_FIRE] team=2 losTgt=47.29
[WOBBLE_FIRE] team=2 losTgt=47.81
[WOBBLE_FIRE] team=2 losTgt=48.29
[WOBBLE_FIRE] team=2 losTgt=48.73
[WOBBLE_FIRE] team=2 losTgt=49.14
[WOBBLE_FIRE] team=2 losTgt=49.50
[WOBBLE_FIRE] team=2 losTgt=49.81
[WOBBLE_FIRE] team=2 losTgt=50.08
[WOBBLE_FIRE] team=2 losTgt=50.31
[WOBBLE_FIRE] team=2 losTgt=50.50
[WOBBLE_FIRE] team=2 losTgt=50.66
[WOBBLE_FIRE] team=2 losTgt=50.77
[WOBBLE_FIRE] team=2 losTgt=50.85
[WOBBLE_FIRE] team=2 losTgt=50.90
[WOBBLE_FIRE] team=2 losTgt=50.90
[WOBBLE_FIRE] team=2 losTgt=50.88
[WOBBLE_FIRE] team=2 losTgt=50.81
[WOBBLE_FIRE] team=2 losTgt=50.72
[WOBBLE_FIRE] team=2 losTgt=50.59
[WOBBLE_FIRE] team=2 losTgt=50.44
[WOBBLE_FIRE] team=2 losTgt=50.25
[WOBBLE_FIRE] team=2 losTgt=50.03
[WOBBLE_FIRE] team=2 losTgt=49.79
[WOBBLE_FIRE] team=2 losTgt=49.52
[WOBBLE_FIRE] team=2 losTgt=49.22
[WOBBLE_FIRE] team=2 losTgt=48.88
[WOBBLE_FIRE] team=2 losTgt=48.52
[WOBBLE_FIRE] team=2 losTgt=48.13
[WOBBLE_FIRE] team=2 losTgt=47.72
[WOBBLE_FIRE] team=2 losTgt=47.28
[WOBBLE_FIRE] team=2 losTgt=46.82
[WOBBLE_FIRE] team=2 losTgt=46.34
[WOBBLE_FIRE] team=2 losTgt=45.83
[WOBBLE_FIRE] team=2 losTgt=45.30
[WOBBLE_FIRE] team=2 losTgt=45.94
[WOBBLE_FIRE] team=2 losTgt=48.08
[WOBBLE_FIRE] team=2 losTgt=50.22
[WOBBLE_FIRE] team=2 losTgt=52.34
[WOBBLE_FIRE] team=2 losTgt=54.44
[WOBBLE_FIRE] team=2 losTgt=56.53
[WOBBLE_FIRE] team=2 losTgt=58.60
[WOBBLE_FIRE] team=2 losTgt=60.64
[WOBBLE_FIRE] team=2 losTgt=62.64
[WOBBLE_FIRE] team=2 losTgt=64.61
[WOBBLE_FIRE] team=2 losTgt=66.54
[WOBBLE_FIRE] team=2 losTgt=68.42
[WOBBLE_FIRE] team=2 losTgt=70.27
[WOBBLE_FIRE] team=2 losTgt=72.07
[WOBBLE_FIRE] team=2 losTgt=73.83
[WOBBLE_FIRE] team=2 losTgt=75.54
[WOBBLE_FIRE] team=2 losTgt=77.20
[WOBBLE_FIRE] team=2 losTgt=78.82
[WOBBLE_FIRE] team=2 losTgt=80.39
[WOBBLE_FIRE] team=2 losTgt=81.90
[WOBBLE_FIRE] team=2 losTgt=83.38
[WOBBLE_FIRE] team=2 losTgt=84.80
[WOBBLE_FIRE] team=2 losTgt=86.17
[WOBBLE_FIRE] team=2 losTgt=87.49
[WOBBLE_FIRE] team=2 losTgt=88.76
[WOBBLE_FIRE] team=2 losTgt=89.97
[WOBBLE_FIRE] team=2 losTgt=90.44
[WOBBLE_FIRE] team=2 losTgt=90.07
[WOBBLE_FIRE] team=2 losTgt=90.85
[WOBBLE_FIRE] team=2 losTgt=91.47
[WOBBLE_FIRE] team=2 losTgt=91.59
[WOBBLE_FIRE] team=2 losTgt=91.85
[WOBBLE_FIRE] team=2 losTgt=91.73
[WOBBLE_FIRE] team=2 losTgt=90.65
[WOBBLE_FIRE] team=2 losTgt=90.91
[WOBBLE_FIRE] team=2 losTgt=91.95
[WOBBLE_FIRE] team=2 losTgt=91.48
[WOBBLE_FIRE] team=2 losTgt=89.17
[WOBBLE_FIRE] team=2 losTgt=89.44
[WOBBLE_FIRE] team=2 losTgt=90.01
[WOBBLE_FIRE] team=2 losTgt=87.54
[WOBBLE_FIRE] team=2 losTgt=86.20
[WOBBLE_FIRE] team=2 losTgt=85.28
[WOBBLE_FIRE] team=2 losTgt=83.90
[WOBBLE_FIRE] team=2 losTgt=82.52
[WOBBLE_FIRE] team=2 losTgt=81.14
[WOBBLE_FIRE] team=2 losTgt=79.80
[WOBBLE_FIRE] team=2 losTgt=78.46
[WOBBLE_FIRE] team=2 losTgt=77.15
[WOBBLE_FIRE] team=2 losTgt=76.98
[WOBBLE_FIRE] team=2 losTgt=79.20
[WOBBLE_FIRE] team=2 losTgt=79.71
[WOBBLE_FIRE] team=2 losTgt=80.22
[WOBBLE_FIRE] team=2 losTgt=79.76
[WOBBLE_FIRE] team=2 losTgt=79.17
[WOBBLE_FIRE] team=2 losTgt=78.47
[WOBBLE_FIRE] team=2 losTgt=78.23
[WOBBLE_FIRE] team=2 losTgt=78.22
[WOBBLE_FIRE] team=2 losTgt=77.83
[WOBBLE_FIRE] team=2 losTgt=76.93
[WOBBLE_FIRE] team=2 losTgt=75.41
[WOBBLE_FIRE] team=2 losTgt=73.77
[WOBBLE_FIRE] team=2 losTgt=72.30
[WOBBLE_FIRE] team=2 losTgt=70.95
[WOBBLE_FIRE] team=2 losTgt=69.72
[WOBBLE_FIRE] team=2 losTgt=68.52
[WOBBLE_FIRE] team=2 losTgt=67.38
[WOBBLE_FIRE] team=2 losTgt=66.28
[WOBBLE_FIRE] team=2 losTgt=65.22
[WOBBLE_FIRE] team=2 losTgt=64.20
[WOBBLE_FIRE] team=2 losTgt=63.23
[WOBBLE_FIRE] team=2 losTgt=62.30
[WOBBLE_FIRE] team=2 losTgt=61.42
[WOBBLE_FIRE] team=2 losTgt=60.59
[WOBBLE_FIRE] team=2 losTgt=59.80
[WOBBLE_FIRE] team=2 losTgt=59.06
[WOBBLE_FIRE] team=2 losTgt=58.35
[WOBBLE_FIRE] team=2 losTgt=57.67
[WOBBLE_FIRE] team=2 losTgt=57.03
[WOBBLE_FIRE] team=2 losTgt=56.42
[WOBBLE_FIRE] team=2 losTgt=55.87
[WOBBLE_FIRE] team=2 losTgt=55.35
[WOBBLE_FIRE] team=2 losTgt=54.87
[WOBBLE_FIRE] team=2 losTgt=54.44
[WOBBLE_FIRE] team=2 losTgt=54.03
[WOBBLE_FIRE] team=2 losTgt=53.67
[WOBBLE_FIRE] team=2 losTgt=53.35
[WOBBLE_FIRE] team=2 losTgt=53.07
[WOBBLE_FIRE] team=2 losTgt=52.82
[WOBBLE_FIRE] team=2 losTgt=52.59
[WOBBLE_FIRE] team=2 losTgt=52.40
[WOBBLE_FIRE] team=2 losTgt=52.89
[WOBBLE_FIRE] team=2 losTgt=53.03
[WOBBLE_FIRE] team=2 losTgt=52.39
[WOBBLE_FIRE] team=2 losTgt=52.12
[WOBBLE_FIRE] team=2 losTgt=51.94
[WOBBLE_FIRE] team=2 losTgt=51.81
[WOBBLE_FIRE] team=2 losTgt=51.72
[WOBBLE_FIRE] team=2 losTgt=51.65
[WOBBLE_FIRE] team=2 losTgt=51.59
[WOBBLE_FIRE] team=2 losTgt=51.55
[WOBBLE_FIRE] team=2 losTgt=51.52
[WOBBLE_FIRE] team=2 losTgt=51.49
[WOBBLE_FIRE] team=2 losTgt=51.47
[WOBBLE_FIRE] team=2 losTgt=51.45
[WOBBLE_FIRE] team=2 losTgt=51.42
[WOBBLE_FIRE] team=2 losTgt=51.37
[WOBBLE_FIRE] team=2 losTgt=51.29
[WOBBLE_FIRE] team=2 losTgt=51.16
[WOBBLE_FIRE] team=2 losTgt=50.97
[WOBBLE_FIRE] team=2 losTgt=50.74
[WOBBLE_FIRE] team=2 losTgt=50.46
[WOBBLE_FIRE] team=2 losTgt=50.14
[WOBBLE_FIRE] team=2 losTgt=49.78
[WOBBLE_FIRE] team=2 losTgt=49.39
[WOBBLE_FIRE] team=2 losTgt=48.96
runner:local/env:0	num_steps=[11999] | total rewards=[904.7095] | termination= [max time out]
[seed 14] reward=   904.71 ownHP=1.0000 tgtHP=0.0852 max time out
Remove Space Complete.

[rehearsal own_rep=6 tgt_rep=6 seeds=15]
SUMMARY dealt=14.3420 taken=0.0000 mean_reward=928.61
tacview log saved (last episode)

########## v39 vs SEARCH ##########
