########## M700 vs AIP_junghwan.dll ##########


     JSBSim Flight Dynamics Model v1.0.0 May 27 2026 16:13:38
            [JSBSim-ML v2.0]

JSBSim startup beginning ...

total: 2
Behavior Tree Initialized Successfully
Behavior Tree Initialized Successfully
[WOBBLE_FIRE] team=2 losTgt=168.67
[WOBBLE_FIRE] team=2 losTgt=168.64
[WOBBLE_FIRE] team=2 losTgt=168.53
[WOBBLE_FIRE] team=2 losTgt=168.47
[WOBBLE_FIRE] team=2 losTgt=168.44
[WOBBLE_FIRE] team=2 losTgt=168.43
[WOBBLE_FIRE] team=2 losTgt=168.45
[WOBBLE_FIRE] team=2 losTgt=168.38
[WOBBLE_FIRE] team=2 losTgt=167.90
[WOBBLE_FIRE] team=2 losTgt=166.70
[WOBBLE_FIRE] team=2 losTgt=164.68
[WOBBLE_FIRE] team=2 losTgt=162.44
[WOBBLE_FIRE] team=2 losTgt=160.68
[WOBBLE_FIRE] team=2 losTgt=159.47
[WOBBLE_FIRE] team=2 losTgt=158.48
[WOBBLE_FIRE] team=2 losTgt=157.41
[WOBBLE_FIRE] team=2 losTgt=156.38
[WOBBLE_FIRE] team=2 losTgt=155.42
[WOBBLE_FIRE] team=2 losTgt=154.51
[WOBBLE_FIRE] team=2 losTgt=153.63
[WOBBLE_FIRE] team=2 losTgt=152.80
[WOBBLE_FIRE] team=2 losTgt=152.02
[WOBBLE_FIRE] team=2 losTgt=151.27
[WOBBLE_FIRE] team=2 losTgt=150.55
[WOBBLE_FIRE] team=2 losTgt=149.85
[WOBBLE_FIRE] team=2 losTgt=149.15
[WOBBLE_FIRE] team=2 losTgt=148.44
[WOBBLE_FIRE] team=2 losTgt=147.73
[WOBBLE_FIRE] team=2 losTgt=147.02
[WOBBLE_FIRE] team=2 losTgt=146.31
[WOBBLE_FIRE] team=2 losTgt=145.59
[WOBBLE_FIRE] team=2 losTgt=144.87
[WOBBLE_FIRE] team=2 losTgt=144.14
[WOBBLE_FIRE] team=2 losTgt=143.42
[WOBBLE_FIRE] team=2 losTgt=142.69
[WOBBLE_FIRE] team=2 losTgt=141.95
[WOBBLE_FIRE] team=2 losTgt=141.21
[WOBBLE_FIRE] team=2 losTgt=140.46
[WOBBLE_FIRE] team=2 losTgt=139.70
[WOBBLE_FIRE] team=2 losTgt=138.95
[WOBBLE_FIRE] team=2 losTgt=138.21
[WOBBLE_FIRE] team=2 losTgt=137.47
[WOBBLE_FIRE] team=2 losTgt=136.73
[WOBBLE_FIRE] team=2 losTgt=135.99
[WOBBLE_FIRE] team=2 losTgt=135.26
[WOBBLE_FIRE] team=2 losTgt=134.53
[WOBBLE_FIRE] team=2 losTgt=133.80
[WOBBLE_FIRE] team=2 losTgt=133.08
[WOBBLE_FIRE] team=2 losTgt=132.36
[WOBBLE_FIRE] team=2 losTgt=131.64
[WOBBLE_FIRE] team=2 losTgt=130.93
[WOBBLE_FIRE] team=2 losTgt=130.21
[WOBBLE_FIRE] team=2 losTgt=129.51
[WOBBLE_FIRE] team=2 losTgt=128.80
[WOBBLE_FIRE] team=2 losTgt=128.10
[WOBBLE_FIRE] team=2 losTgt=127.38
[WOBBLE_FIRE] team=2 losTgt=126.66
[WOBBLE_FIRE] team=2 losTgt=125.92
[WOBBLE_FIRE] team=2 losTgt=125.18
[WOBBLE_FIRE] team=2 losTgt=124.44
[WOBBLE_FIRE] team=2 losTgt=123.69
[WOBBLE_FIRE] team=2 losTgt=122.95
[WOBBLE_FIRE] team=2 losTgt=122.20
[WOBBLE_FIRE] team=2 losTgt=121.45
[WOBBLE_FIRE] team=2 losTgt=120.70
[WOBBLE_FIRE] team=2 losTgt=119.95
[WOBBLE_FIRE] team=2 losTgt=119.20
[WOBBLE_FIRE] team=2 losTgt=118.44
[WOBBLE_FIRE] team=2 losTgt=117.69
[WOBBLE_FIRE] team=2 losTgt=116.93
[WOBBLE_FIRE] team=2 losTgt=116.17
[WOBBLE_FIRE] team=2 losTgt=115.41
[WOBBLE_FIRE] team=2 losTgt=114.65
[WOBBLE_FIRE] team=2 losTgt=113.89
[WOBBLE_FIRE] team=2 losTgt=113.12
[WOBBLE_FIRE] team=2 losTgt=112.35
[WOBBLE_FIRE] team=2 losTgt=111.59
[WOBBLE_FIRE] team=2 losTgt=110.82
[WOBBLE_FIRE] team=2 losTgt=110.04
[WOBBLE_FIRE] team=2 losTgt=109.27
[WOBBLE_FIRE] team=2 losTgt=108.50
[WOBBLE_FIRE] team=2 losTgt=107.72
[WOBBLE_FIRE] team=2 losTgt=106.94
[WOBBLE_FIRE] team=2 losTgt=106.16
[WOBBLE_FIRE] team=2 losTgt=105.38
[WOBBLE_FIRE] team=2 losTgt=104.60
[WOBBLE_FIRE] team=2 losTgt=103.81
[WOBBLE_FIRE] team=2 losTgt=103.02
[WOBBLE_FIRE] team=2 losTgt=102.23
[WOBBLE_FIRE] team=2 losTgt=101.44
[WOBBLE_FIRE] team=2 losTgt=100.65
[WOBBLE_FIRE] team=2 losTgt=99.85
[WOBBLE_FIRE] team=2 losTgt=99.05
[WOBBLE_FIRE] team=2 losTgt=98.25
[WOBBLE_FIRE] team=2 losTgt=97.45
[WOBBLE_FIRE] team=2 losTgt=96.65
[WOBBLE_FIRE] team=2 losTgt=95.84
[WOBBLE_FIRE] team=2 losTgt=95.03
[WOBBLE_FIRE] team=2 losTgt=94.22
[WOBBLE_FIRE] team=2 losTgt=93.40
[WOBBLE_FIRE] team=2 losTgt=92.58
[WOBBLE_FIRE] team=2 losTgt=91.76
[WOBBLE_FIRE] team=2 losTgt=90.94
[WOBBLE_FIRE] team=2 losTgt=90.11
[WOBBLE_FIRE] team=2 losTgt=89.28
[WOBBLE_FIRE] team=2 losTgt=88.45
[WOBBLE_FIRE] team=2 losTgt=87.62
[WOBBLE_FIRE] team=2 losTgt=86.78
[WOBBLE_FIRE] team=2 losTgt=85.94
[WOBBLE_FIRE] team=2 losTgt=85.10
[WOBBLE_FIRE] team=2 losTgt=84.25
[WOBBLE_FIRE] team=2 losTgt=83.40
[WOBBLE_FIRE] team=2 losTgt=82.55
[WOBBLE_FIRE] team=2 losTgt=81.69
[WOBBLE_FIRE] team=2 losTgt=80.83
[WOBBLE_FIRE] team=2 losTgt=79.96
[WOBBLE_FIRE] team=2 losTgt=79.10
[WOBBLE_FIRE] team=2 losTgt=78.23
[WOBBLE_FIRE] team=2 losTgt=77.35
[WOBBLE_FIRE] team=2 losTgt=76.48
[WOBBLE_FIRE] team=2 losTgt=75.59
[WOBBLE_FIRE] team=2 losTgt=74.71
[WOBBLE_FIRE] team=2 losTgt=73.82
[WOBBLE_FIRE] team=2 losTgt=72.92
[WOBBLE_FIRE] team=2 losTgt=72.24
[WOBBLE_FIRE] team=2 losTgt=71.55
[WOBBLE_FIRE] team=2 losTgt=70.65
[WOBBLE_FIRE] team=2 losTgt=69.61
[WOBBLE_FIRE] team=2 losTgt=68.55
[WOBBLE_FIRE] team=2 losTgt=67.50
[WOBBLE_FIRE] team=2 losTgt=66.43
[WOBBLE_FIRE] team=2 losTgt=65.35
[WOBBLE_FIRE] team=2 losTgt=64.28
[WOBBLE_FIRE] team=2 losTgt=63.20
[WOBBLE_FIRE] team=2 losTgt=62.12
[WOBBLE_FIRE] team=2 losTgt=61.02
[WOBBLE_FIRE] team=2 losTgt=59.91
[WOBBLE_FIRE] team=2 losTgt=58.79
[WOBBLE_FIRE] team=2 losTgt=57.66
[WOBBLE_FIRE] team=2 losTgt=56.51
[WOBBLE_FIRE] team=2 losTgt=55.34
[WOBBLE_FIRE] team=2 losTgt=54.15
[WOBBLE_FIRE] team=2 losTgt=52.95
[WOBBLE_FIRE] team=2 losTgt=51.72
[WOBBLE_FIRE] team=2 losTgt=50.47
[WOBBLE_FIRE] team=2 losTgt=49.20
[WOBBLE_FIRE] team=2 losTgt=47.90
[WOBBLE_FIRE] team=2 losTgt=46.57
[WOBBLE_FIRE] team=2 losTgt=45.22
[WOBBLE_FIRE] team=2 losTgt=47.73
[WOBBLE_FIRE] team=2 losTgt=55.82
[WOBBLE_FIRE] team=2 losTgt=63.98
[WOBBLE_FIRE] team=2 losTgt=71.95
[WOBBLE_FIRE] team=2 losTgt=79.46
[WOBBLE_FIRE] team=2 losTgt=86.39
[WOBBLE_FIRE] team=2 losTgt=92.49
[WOBBLE_FIRE] team=2 losTgt=97.46
[WOBBLE_FIRE] team=2 losTgt=100.99
[WOBBLE_FIRE] team=2 losTgt=103.42
[WOBBLE_FIRE] team=2 losTgt=105.26
[WOBBLE_FIRE] team=2 losTgt=106.96
[WOBBLE_FIRE] team=2 losTgt=108.45
[WOBBLE_FIRE] team=2 losTgt=109.72
[WOBBLE_FIRE] team=2 losTgt=110.79
[WOBBLE_FIRE] team=2 losTgt=111.68
[WOBBLE_FIRE] team=2 losTgt=112.41
[WOBBLE_FIRE] team=2 losTgt=112.99
[WOBBLE_FIRE] team=2 losTgt=113.45
[WOBBLE_FIRE] team=2 losTgt=113.79
[WOBBLE_FIRE] team=2 losTgt=114.04
[WOBBLE_FIRE] team=2 losTgt=114.20
[WOBBLE_FIRE] team=2 losTgt=114.28
[WOBBLE_FIRE] team=2 losTgt=114.29
[WOBBLE_FIRE] team=2 losTgt=114.24
[WOBBLE_FIRE] team=2 losTgt=114.14
[WOBBLE_FIRE] team=2 losTgt=114.00
[WOBBLE_FIRE] team=2 losTgt=113.81
[WOBBLE_FIRE] team=2 losTgt=113.58
[WOBBLE_FIRE] team=2 losTgt=113.32
[WOBBLE_FIRE] team=2 losTgt=113.03
[WOBBLE_FIRE] team=2 losTgt=112.71
[WOBBLE_FIRE] team=2 losTgt=112.35
[WOBBLE_FIRE] team=2 losTgt=111.98
[WOBBLE_FIRE] team=2 losTgt=111.58
[WOBBLE_FIRE] team=2 losTgt=111.16
[WOBBLE_FIRE] team=2 losTgt=110.73
[WOBBLE_FIRE] team=2 losTgt=110.27
[WOBBLE_FIRE] team=2 losTgt=109.80
[WOBBLE_FIRE] team=2 losTgt=109.31
[WOBBLE_FIRE] team=2 losTgt=108.80
[WOBBLE_FIRE] team=2 losTgt=108.28
[WOBBLE_FIRE] team=2 losTgt=107.74
[WOBBLE_FIRE] team=2 losTgt=107.19
[WOBBLE_FIRE] team=2 losTgt=106.63
[WOBBLE_FIRE] team=2 losTgt=106.05
[WOBBLE_FIRE] team=2 losTgt=105.46
[WOBBLE_FIRE] team=2 losTgt=104.87
[WOBBLE_FIRE] team=2 losTgt=104.26
[WOBBLE_FIRE] team=2 losTgt=103.64
[WOBBLE_FIRE] team=2 losTgt=103.01
[WOBBLE_FIRE] team=2 losTgt=102.38
[WOBBLE_FIRE] team=2 losTgt=101.73
[WOBBLE_FIRE] team=2 losTgt=101.08
[WOBBLE_FIRE] team=2 losTgt=100.42
[WOBBLE_FIRE] team=2 losTgt=99.75
[WOBBLE_FIRE] team=2 losTgt=99.07
[WOBBLE_FIRE] team=2 losTgt=98.38
[WOBBLE_FIRE] team=2 losTgt=97.68
[WOBBLE_FIRE] team=2 losTgt=96.98
[WOBBLE_FIRE] team=2 losTgt=96.26
[WOBBLE_FIRE] team=2 losTgt=95.54
[WOBBLE_FIRE] team=2 losTgt=94.81
[WOBBLE_FIRE] team=2 losTgt=94.07
[WOBBLE_FIRE] team=2 losTgt=93.31
[WOBBLE_FIRE] team=2 losTgt=92.55
[WOBBLE_FIRE] team=2 losTgt=91.78
[WOBBLE_FIRE] team=2 losTgt=92.02
[WOBBLE_FIRE] team=2 losTgt=93.16
[WOBBLE_FIRE] team=2 losTgt=93.12
[WOBBLE_FIRE] team=2 losTgt=92.56
[WOBBLE_FIRE] team=2 losTgt=91.82
[WOBBLE_FIRE] team=2 losTgt=91.13
[WOBBLE_FIRE] team=2 losTgt=90.75
[WOBBLE_FIRE] team=2 losTgt=90.48
[WOBBLE_FIRE] team=2 losTgt=90.33
[WOBBLE_FIRE] team=2 losTgt=90.24
[WOBBLE_FIRE] team=2 losTgt=90.16
[WOBBLE_FIRE] team=2 losTgt=90.06
[WOBBLE_FIRE] team=2 losTgt=89.94
[WOBBLE_FIRE] team=2 losTgt=89.79
[WOBBLE_FIRE] team=2 losTgt=89.61
[WOBBLE_FIRE] team=2 losTgt=89.40
[WOBBLE_FIRE] team=2 losTgt=89.16
[WOBBLE_FIRE] team=2 losTgt=88.89
[WOBBLE_FIRE] team=2 losTgt=88.59
[WOBBLE_FIRE] team=2 losTgt=88.26
[WOBBLE_FIRE] team=2 losTgt=87.89
[WOBBLE_FIRE] team=2 losTgt=87.49
[WOBBLE_FIRE] team=2 losTgt=87.06
[WOBBLE_FIRE] team=2 losTgt=86.60
[WOBBLE_FIRE] team=2 losTgt=86.36
[WOBBLE_FIRE] team=2 losTgt=86.16
[WOBBLE_FIRE] team=2 losTgt=85.39
[WOBBLE_FIRE] team=2 losTgt=84.05
[WOBBLE_FIRE] team=2 losTgt=83.03
[WOBBLE_FIRE] team=2 losTgt=82.02
[WOBBLE_FIRE] team=2 losTgt=80.61
[WOBBLE_FIRE] team=2 losTgt=79.11
[WOBBLE_FIRE] team=2 losTgt=77.60
[WOBBLE_FIRE] team=2 losTgt=76.09
[WOBBLE_FIRE] team=2 losTgt=74.60
[WOBBLE_FIRE] team=2 losTgt=73.10
[WOBBLE_FIRE] team=2 losTgt=71.60
[WOBBLE_FIRE] team=2 losTgt=70.11
[WOBBLE_FIRE] team=2 losTgt=68.64
[WOBBLE_FIRE] team=2 losTgt=67.18
[WOBBLE_FIRE] team=2 losTgt=65.72
[WOBBLE_FIRE] team=2 losTgt=64.26
[WOBBLE_FIRE] team=2 losTgt=62.81
[WOBBLE_FIRE] team=2 losTgt=61.36
[WOBBLE_FIRE] team=2 losTgt=59.90
[WOBBLE_FIRE] team=2 losTgt=58.45
[WOBBLE_FIRE] team=2 losTgt=56.99
[WOBBLE_FIRE] team=2 losTgt=55.53
[WOBBLE_FIRE] team=2 losTgt=54.06
[WOBBLE_FIRE] team=2 losTgt=52.59
[WOBBLE_FIRE] team=2 losTgt=51.11
[WOBBLE_FIRE] team=2 losTgt=49.61
[WOBBLE_FIRE] team=2 losTgt=48.11
[WOBBLE_FIRE] team=2 losTgt=46.61
[WOBBLE_FIRE] team=2 losTgt=45.09
init ID:1 Lat37.92355643001773 Lon128.18188127777776 Alt(meter)7000.0785355893395 Speed(m/sec)300.0
init ID:1 Lat37.96855377446113 Lon128.18188127777776 Alt(meter)7002.8272734023885 Speed(m/sec)300.0
runner:local/env:0	num_steps=[10053] | total rewards=[1193.2340] | termination= [target destroyed]
[seed 0] reward=  1193.23 ownHP=1.0000 tgtHP=-0.0009 target destroyed
total: 2
[WOBBLE_FIRE] team=2 losTgt=98.94
[WOBBLE_FIRE] team=2 losTgt=99.02
[WOBBLE_FIRE] team=2 losTgt=99.01
[WOBBLE_FIRE] team=2 losTgt=99.01
[WOBBLE_FIRE] team=2 losTgt=98.93
[WOBBLE_FIRE] team=2 losTgt=98.67
[WOBBLE_FIRE] team=2 losTgt=98.10
[WOBBLE_FIRE] team=2 losTgt=97.16
[WOBBLE_FIRE] team=2 losTgt=95.78
[WOBBLE_FIRE] team=2 losTgt=94.20
[WOBBLE_FIRE] team=2 losTgt=92.76
[WOBBLE_FIRE] team=2 losTgt=91.56
[WOBBLE_FIRE] team=2 losTgt=90.51
[WOBBLE_FIRE] team=2 losTgt=89.56
[WOBBLE_FIRE] team=2 losTgt=88.67
[WOBBLE_FIRE] team=2 losTgt=87.84
[WOBBLE_FIRE] team=2 losTgt=87.03
[WOBBLE_FIRE] team=2 losTgt=86.26
[WOBBLE_FIRE] team=2 losTgt=85.51
[WOBBLE_FIRE] team=2 losTgt=84.79
[WOBBLE_FIRE] team=2 losTgt=84.08
[WOBBLE_FIRE] team=2 losTgt=83.38
[WOBBLE_FIRE] team=2 losTgt=82.69
[WOBBLE_FIRE] team=2 losTgt=82.01
[WOBBLE_FIRE] team=2 losTgt=81.33
[WOBBLE_FIRE] team=2 losTgt=80.65
[WOBBLE_FIRE] team=2 losTgt=79.95
[WOBBLE_FIRE] team=2 losTgt=79.25
[WOBBLE_FIRE] team=2 losTgt=78.55
[WOBBLE_FIRE] team=2 losTgt=77.85
[WOBBLE_FIRE] team=2 losTgt=77.15
[WOBBLE_FIRE] team=2 losTgt=76.45
[WOBBLE_FIRE] team=2 losTgt=75.75
[WOBBLE_FIRE] team=2 losTgt=75.05
[WOBBLE_FIRE] team=2 losTgt=74.34
[WOBBLE_FIRE] team=2 losTgt=73.63
[WOBBLE_FIRE] team=2 losTgt=72.92
[WOBBLE_FIRE] team=2 losTgt=72.20
[WOBBLE_FIRE] team=2 losTgt=71.48
[WOBBLE_FIRE] team=2 losTgt=70.76
[WOBBLE_FIRE] team=2 losTgt=70.04
[WOBBLE_FIRE] team=2 losTgt=69.31
[WOBBLE_FIRE] team=2 losTgt=68.57
[WOBBLE_FIRE] team=2 losTgt=67.84
[WOBBLE_FIRE] team=2 losTgt=67.10
[WOBBLE_FIRE] team=2 losTgt=66.36
[WOBBLE_FIRE] team=2 losTgt=65.62
[WOBBLE_FIRE] team=2 losTgt=64.87
[WOBBLE_FIRE] team=2 losTgt=64.12
[WOBBLE_FIRE] team=2 losTgt=63.36
[WOBBLE_FIRE] team=2 losTgt=62.61
[WOBBLE_FIRE] team=2 losTgt=61.85
[WOBBLE_FIRE] team=2 losTgt=61.09
[WOBBLE_FIRE] team=2 losTgt=60.32
[WOBBLE_FIRE] team=2 losTgt=59.55
[WOBBLE_FIRE] team=2 losTgt=58.78
[WOBBLE_FIRE] team=2 losTgt=58.00
[WOBBLE_FIRE] team=2 losTgt=57.22
[WOBBLE_FIRE] team=2 losTgt=56.44
[WOBBLE_FIRE] team=2 losTgt=55.65
[WOBBLE_FIRE] team=2 losTgt=54.85
[WOBBLE_FIRE] team=2 losTgt=54.06
[WOBBLE_FIRE] team=2 losTgt=53.26
[WOBBLE_FIRE] team=2 losTgt=52.45
[WOBBLE_FIRE] team=2 losTgt=51.64
[WOBBLE_FIRE] team=2 losTgt=50.83
[WOBBLE_FIRE] team=2 losTgt=50.01
[WOBBLE_FIRE] team=2 losTgt=49.19
[WOBBLE_FIRE] team=2 losTgt=48.36
[WOBBLE_FIRE] team=2 losTgt=47.52
[WOBBLE_FIRE] team=2 losTgt=46.68
[WOBBLE_FIRE] team=2 losTgt=45.83
[WOBBLE_FIRE] team=2 losTgt=47.38
[WOBBLE_FIRE] team=2 losTgt=50.13
[WOBBLE_FIRE] team=2 losTgt=52.82
[WOBBLE_FIRE] team=2 losTgt=55.45
[WOBBLE_FIRE] team=2 losTgt=57.98
[WOBBLE_FIRE] team=2 losTgt=60.41
[WOBBLE_FIRE] team=2 losTgt=62.71
[WOBBLE_FIRE] team=2 losTgt=64.88
[WOBBLE_FIRE] team=2 losTgt=66.91
[WOBBLE_FIRE] team=2 losTgt=68.78
[WOBBLE_FIRE] team=2 losTgt=70.51
[WOBBLE_FIRE] team=2 losTgt=72.06
[WOBBLE_FIRE] team=2 losTgt=73.45
[WOBBLE_FIRE] team=2 losTgt=74.67
[WOBBLE_FIRE] team=2 losTgt=75.72
[WOBBLE_FIRE] team=2 losTgt=76.62
[WOBBLE_FIRE] team=2 losTgt=77.38
[WOBBLE_FIRE] team=2 losTgt=78.01
[WOBBLE_FIRE] team=2 losTgt=78.52
[WOBBLE_FIRE] team=2 losTgt=78.91
[WOBBLE_FIRE] team=2 losTgt=79.19
[WOBBLE_FIRE] team=2 losTgt=79.37
[WOBBLE_FIRE] team=2 losTgt=79.45
[WOBBLE_FIRE] team=2 losTgt=79.44
[WOBBLE_FIRE] team=2 losTgt=79.36
[WOBBLE_FIRE] team=2 losTgt=79.19
[WOBBLE_FIRE] team=2 losTgt=78.96
[WOBBLE_FIRE] team=2 losTgt=78.67
[WOBBLE_FIRE] team=2 losTgt=78.31
[WOBBLE_FIRE] team=2 losTgt=77.90
[WOBBLE_FIRE] team=2 losTgt=77.43
[WOBBLE_FIRE] team=2 losTgt=76.92
[WOBBLE_FIRE] team=2 losTgt=76.35
[WOBBLE_FIRE] team=2 losTgt=75.75
[WOBBLE_FIRE] team=2 losTgt=75.10
[WOBBLE_FIRE] team=2 losTgt=74.41
[WOBBLE_FIRE] team=2 losTgt=73.69
[WOBBLE_FIRE] team=2 losTgt=72.93
[WOBBLE_FIRE] team=2 losTgt=72.14
[WOBBLE_FIRE] team=2 losTgt=71.32
[WOBBLE_FIRE] team=2 losTgt=70.47
[WOBBLE_FIRE] team=2 losTgt=69.59
[WOBBLE_FIRE] team=2 losTgt=68.69
[WOBBLE_FIRE] team=2 losTgt=67.75
[WOBBLE_FIRE] team=2 losTgt=66.79
[WOBBLE_FIRE] team=2 losTgt=65.81
[WOBBLE_FIRE] team=2 losTgt=64.80
[WOBBLE_FIRE] team=2 losTgt=63.77
[WOBBLE_FIRE] team=2 losTgt=62.72
[WOBBLE_FIRE] team=2 losTgt=61.64
[WOBBLE_FIRE] team=2 losTgt=60.54
[WOBBLE_FIRE] team=2 losTgt=59.42
[WOBBLE_FIRE] team=2 losTgt=58.28
[WOBBLE_FIRE] team=2 losTgt=57.12
[WOBBLE_FIRE] team=2 losTgt=55.93
[WOBBLE_FIRE] team=2 losTgt=54.73
[WOBBLE_FIRE] team=2 losTgt=53.50
[WOBBLE_FIRE] team=2 losTgt=52.25
[WOBBLE_FIRE] team=2 losTgt=50.98
[WOBBLE_FIRE] team=2 losTgt=49.69
[WOBBLE_FIRE] team=2 losTgt=48.38
[WOBBLE_FIRE] team=2 losTgt=47.04
[WOBBLE_FIRE] team=2 losTgt=45.68
[WOBBLE_FIRE] team=2 losTgt=45.18
[WOBBLE_FIRE] team=2 losTgt=45.79
[WOBBLE_FIRE] team=2 losTgt=46.38
[WOBBLE_FIRE] team=2 losTgt=46.94
[WOBBLE_FIRE] team=2 losTgt=47.47
[WOBBLE_FIRE] team=2 losTgt=47.98
[WOBBLE_FIRE] team=2 losTgt=48.47
[WOBBLE_FIRE] team=2 losTgt=48.94
[WOBBLE_FIRE] team=2 losTgt=49.38
[WOBBLE_FIRE] team=2 losTgt=49.80
[WOBBLE_FIRE] team=2 losTgt=50.20
[WOBBLE_FIRE] team=2 losTgt=50.57
[WOBBLE_FIRE] team=2 losTgt=50.92
[WOBBLE_FIRE] team=2 losTgt=51.25
[WOBBLE_FIRE] team=2 losTgt=51.56
[WOBBLE_FIRE] team=2 losTgt=51.85
[WOBBLE_FIRE] team=2 losTgt=52.11
[WOBBLE_FIRE] team=2 losTgt=52.36
[WOBBLE_FIRE] team=2 losTgt=52.59
[WOBBLE_FIRE] team=2 losTgt=52.81
[WOBBLE_FIRE] team=2 losTgt=53.00
[WOBBLE_FIRE] team=2 losTgt=53.17
[WOBBLE_FIRE] team=2 losTgt=53.33
[WOBBLE_FIRE] team=2 losTgt=53.47
[WOBBLE_FIRE] team=2 losTgt=53.60
[WOBBLE_FIRE] team=2 losTgt=53.71
[WOBBLE_FIRE] team=2 losTgt=53.80
[WOBBLE_FIRE] team=2 losTgt=53.89
[WOBBLE_FIRE] team=2 losTgt=53.95
[WOBBLE_FIRE] team=2 losTgt=54.00
[WOBBLE_FIRE] team=2 losTgt=54.04
[WOBBLE_FIRE] team=2 losTgt=54.07
[WOBBLE_FIRE] team=2 losTgt=54.08
[WOBBLE_FIRE] team=2 losTgt=54.08
[WOBBLE_FIRE] team=2 losTgt=54.06
[WOBBLE_FIRE] team=2 losTgt=54.01
[WOBBLE_FIRE] team=2 losTgt=53.94
[WOBBLE_FIRE] team=2 losTgt=53.84
[WOBBLE_FIRE] team=2 losTgt=53.70
[WOBBLE_FIRE] team=2 losTgt=53.53
[WOBBLE_FIRE] team=2 losTgt=53.31
[WOBBLE_FIRE] team=2 losTgt=53.05
[WOBBLE_FIRE] team=2 losTgt=52.74
[WOBBLE_FIRE] team=2 losTgt=52.39
[WOBBLE_FIRE] team=2 losTgt=51.99
[WOBBLE_FIRE] team=2 losTgt=51.55
[WOBBLE_FIRE] team=2 losTgt=51.06
[WOBBLE_FIRE] team=2 losTgt=50.52
[WOBBLE_FIRE] team=2 losTgt=49.95
[WOBBLE_FIRE] team=2 losTgt=49.33
[WOBBLE_FIRE] team=2 losTgt=48.68
[WOBBLE_FIRE] team=2 losTgt=47.99
[WOBBLE_FIRE] team=2 losTgt=47.25
[WOBBLE_FIRE] team=2 losTgt=46.49
[WOBBLE_FIRE] team=2 losTgt=45.68
runner:local/env:0	num_steps=[7019] | total rewards=[804.2935] | termination= [target destroyed]
[seed 1] reward=   804.29 ownHP=1.0000 tgtHP=-0.0036 target destroyed
total: 2
[WOBBLE_FIRE] team=2 losTgt=46.94
[WOBBLE_FIRE] team=2 losTgt=48.92
[WOBBLE_FIRE] team=2 losTgt=50.90
[WOBBLE_FIRE] team=2 losTgt=52.87
[WOBBLE_FIRE] team=2 losTgt=54.80
[WOBBLE_FIRE] team=2 losTgt=56.69
[WOBBLE_FIRE] team=2 losTgt=58.55
[WOBBLE_FIRE] team=2 losTgt=60.35
[WOBBLE_FIRE] team=2 losTgt=62.08
[WOBBLE_FIRE] team=2 losTgt=63.75
[WOBBLE_FIRE] team=2 losTgt=65.34
[WOBBLE_FIRE] team=2 losTgt=66.84
[WOBBLE_FIRE] team=2 losTgt=68.26
[WOBBLE_FIRE] team=2 losTgt=69.59
[WOBBLE_FIRE] team=2 losTgt=70.82
[WOBBLE_FIRE] team=2 losTgt=71.96
[WOBBLE_FIRE] team=2 losTgt=73.01
[WOBBLE_FIRE] team=2 losTgt=73.96
[WOBBLE_FIRE] team=2 losTgt=74.82
[WOBBLE_FIRE] team=2 losTgt=75.59
[WOBBLE_FIRE] team=2 losTgt=76.27
[WOBBLE_FIRE] team=2 losTgt=76.87
[WOBBLE_FIRE] team=2 losTgt=77.39
[WOBBLE_FIRE] team=2 losTgt=77.83
[WOBBLE_FIRE] team=2 losTgt=78.19
[WOBBLE_FIRE] team=2 losTgt=78.48
[WOBBLE_FIRE] team=2 losTgt=78.71
[WOBBLE_FIRE] team=2 losTgt=78.87
[WOBBLE_FIRE] team=2 losTgt=78.97
[WOBBLE_FIRE] team=2 losTgt=79.01
[WOBBLE_FIRE] team=2 losTgt=79.00
[WOBBLE_FIRE] team=2 losTgt=78.94
[WOBBLE_FIRE] team=2 losTgt=78.82
[WOBBLE_FIRE] team=2 losTgt=78.67
[WOBBLE_FIRE] team=2 losTgt=78.46
[WOBBLE_FIRE] team=2 losTgt=78.22
[WOBBLE_FIRE] team=2 losTgt=77.93
[WOBBLE_FIRE] team=2 losTgt=77.61
[WOBBLE_FIRE] team=2 losTgt=77.25
[WOBBLE_FIRE] team=2 losTgt=76.86
[WOBBLE_FIRE] team=2 losTgt=76.43
[WOBBLE_FIRE] team=2 losTgt=75.97
[WOBBLE_FIRE] team=2 losTgt=75.48
[WOBBLE_FIRE] team=2 losTgt=74.97
[WOBBLE_FIRE] team=2 losTgt=74.43
[WOBBLE_FIRE] team=2 losTgt=73.85
[WOBBLE_FIRE] team=2 losTgt=73.26
[WOBBLE_FIRE] team=2 losTgt=72.64
[WOBBLE_FIRE] team=2 losTgt=72.00
[WOBBLE_FIRE] team=2 losTgt=71.33
[WOBBLE_FIRE] team=2 losTgt=70.64
[WOBBLE_FIRE] team=2 losTgt=69.93
[WOBBLE_FIRE] team=2 losTgt=69.20
[WOBBLE_FIRE] team=2 losTgt=68.45
[WOBBLE_FIRE] team=2 losTgt=67.68
[WOBBLE_FIRE] team=2 losTgt=66.89
[WOBBLE_FIRE] team=2 losTgt=66.08
[WOBBLE_FIRE] team=2 losTgt=65.26
[WOBBLE_FIRE] team=2 losTgt=64.42
[WOBBLE_FIRE] team=2 losTgt=63.56
[WOBBLE_FIRE] team=2 losTgt=62.68
[WOBBLE_FIRE] team=2 losTgt=61.79
[WOBBLE_FIRE] team=2 losTgt=60.88
[WOBBLE_FIRE] team=2 losTgt=59.95
[WOBBLE_FIRE] team=2 losTgt=59.01
[WOBBLE_FIRE] team=2 losTgt=58.05
[WOBBLE_FIRE] team=2 losTgt=57.07
[WOBBLE_FIRE] team=2 losTgt=56.08
[WOBBLE_FIRE] team=2 losTgt=55.07
[WOBBLE_FIRE] team=2 losTgt=54.05
[WOBBLE_FIRE] team=2 losTgt=53.01
[WOBBLE_FIRE] team=2 losTgt=51.95
[WOBBLE_FIRE] team=2 losTgt=50.88
[WOBBLE_FIRE] team=2 losTgt=49.78
[WOBBLE_FIRE] team=2 losTgt=48.67
[WOBBLE_FIRE] team=2 losTgt=47.55
[WOBBLE_FIRE] team=2 losTgt=46.40
[WOBBLE_FIRE] team=2 losTgt=45.24
runner:local/env:0	num_steps=[8012] | total rewards=[1202.9287] | termination= [target destroyed]
[seed 2] reward=  1202.93 ownHP=1.0000 tgtHP=-0.0114 target destroyed
total: 2
[WOBBLE_FIRE] team=2 losTgt=54.18
[WOBBLE_FIRE] team=2 losTgt=54.36
[WOBBLE_FIRE] team=2 losTgt=54.51
[WOBBLE_FIRE] team=2 losTgt=54.65
[WOBBLE_FIRE] team=2 losTgt=54.81
[WOBBLE_FIRE] team=2 losTgt=54.93
[WOBBLE_FIRE] team=2 losTgt=54.96
[WOBBLE_FIRE] team=2 losTgt=54.81
[WOBBLE_FIRE] team=2 losTgt=54.42
[WOBBLE_FIRE] team=2 losTgt=53.73
[WOBBLE_FIRE] team=2 losTgt=52.78
[WOBBLE_FIRE] team=2 losTgt=51.77
[WOBBLE_FIRE] team=2 losTgt=50.83
[WOBBLE_FIRE] team=2 losTgt=49.97
[WOBBLE_FIRE] team=2 losTgt=49.18
[WOBBLE_FIRE] team=2 losTgt=48.43
[WOBBLE_FIRE] team=2 losTgt=47.71
[WOBBLE_FIRE] team=2 losTgt=47.01
[WOBBLE_FIRE] team=2 losTgt=46.33
[WOBBLE_FIRE] team=2 losTgt=45.68
[WOBBLE_FIRE] team=2 losTgt=45.04
[WOBBLE_FIRE] team=2 losTgt=45.38
[WOBBLE_FIRE] team=2 losTgt=46.31
[WOBBLE_FIRE] team=2 losTgt=47.36
[WOBBLE_FIRE] team=2 losTgt=48.55
[WOBBLE_FIRE] team=2 losTgt=49.90
[WOBBLE_FIRE] team=2 losTgt=51.42
[WOBBLE_FIRE] team=2 losTgt=53.13
[WOBBLE_FIRE] team=2 losTgt=55.02
[WOBBLE_FIRE] team=2 losTgt=57.12
[WOBBLE_FIRE] team=2 losTgt=59.41
[WOBBLE_FIRE] team=2 losTgt=61.92
[WOBBLE_FIRE] team=2 losTgt=64.63
[WOBBLE_FIRE] team=2 losTgt=67.54
[WOBBLE_FIRE] team=2 losTgt=70.65
[WOBBLE_FIRE] team=2 losTgt=73.92
[WOBBLE_FIRE] team=2 losTgt=77.34
[WOBBLE_FIRE] team=2 losTgt=80.88
[WOBBLE_FIRE] team=2 losTgt=84.50
[WOBBLE_FIRE] team=2 losTgt=88.16
[WOBBLE_FIRE] team=2 losTgt=91.82
[WOBBLE_FIRE] team=2 losTgt=95.42
[WOBBLE_FIRE] team=2 losTgt=98.95
[WOBBLE_FIRE] team=2 losTgt=102.34
[WOBBLE_FIRE] team=2 losTgt=105.60
[WOBBLE_FIRE] team=2 losTgt=108.71
[WOBBLE_FIRE] team=2 losTgt=111.59
[WOBBLE_FIRE] team=2 losTgt=114.25
[WOBBLE_FIRE] team=2 losTgt=116.70
[WOBBLE_FIRE] team=2 losTgt=118.96
[WOBBLE_FIRE] team=2 losTgt=121.04
[WOBBLE_FIRE] team=2 losTgt=122.97
[WOBBLE_FIRE] team=2 losTgt=124.76
[WOBBLE_FIRE] team=2 losTgt=126.44
[WOBBLE_FIRE] team=2 losTgt=127.98
[WOBBLE_FIRE] team=2 losTgt=129.38
[WOBBLE_FIRE] team=2 losTgt=130.65
[WOBBLE_FIRE] team=2 losTgt=131.83
[WOBBLE_FIRE] team=2 losTgt=132.91
[WOBBLE_FIRE] team=2 losTgt=133.91
[WOBBLE_FIRE] team=2 losTgt=134.81
[WOBBLE_FIRE] team=2 losTgt=135.63
[WOBBLE_FIRE] team=2 losTgt=136.36
[WOBBLE_FIRE] team=2 losTgt=137.01
[WOBBLE_FIRE] team=2 losTgt=137.57
[WOBBLE_FIRE] team=2 losTgt=138.06
[WOBBLE_FIRE] team=2 losTgt=138.47
[WOBBLE_FIRE] team=2 losTgt=138.81
[WOBBLE_FIRE] team=2 losTgt=139.08
[WOBBLE_FIRE] team=2 losTgt=139.29
[WOBBLE_FIRE] team=2 losTgt=139.45
[WOBBLE_FIRE] team=2 losTgt=139.55
[WOBBLE_FIRE] team=2 losTgt=139.59
[WOBBLE_FIRE] team=2 losTgt=139.60
[WOBBLE_FIRE] team=2 losTgt=139.55
[WOBBLE_FIRE] team=2 losTgt=139.46
[WOBBLE_FIRE] team=2 losTgt=139.34
[WOBBLE_FIRE] team=2 losTgt=139.18
[WOBBLE_FIRE] team=2 losTgt=138.98
[WOBBLE_FIRE] team=2 losTgt=138.75
[WOBBLE_FIRE] team=2 losTgt=138.49
[WOBBLE_FIRE] team=2 losTgt=138.21
[WOBBLE_FIRE] team=2 losTgt=137.89
[WOBBLE_FIRE] team=2 losTgt=137.56
[WOBBLE_FIRE] team=2 losTgt=137.20
[WOBBLE_FIRE] team=2 losTgt=136.81
[WOBBLE_FIRE] team=2 losTgt=136.41
[WOBBLE_FIRE] team=2 losTgt=135.99
[WOBBLE_FIRE] team=2 losTgt=135.55
[WOBBLE_FIRE] team=2 losTgt=135.10
[WOBBLE_FIRE] team=2 losTgt=134.63
[WOBBLE_FIRE] team=2 losTgt=134.14
[WOBBLE_FIRE] team=2 losTgt=133.65
[WOBBLE_FIRE] team=2 losTgt=133.13
[WOBBLE_FIRE] team=2 losTgt=132.61
[WOBBLE_FIRE] team=2 losTgt=132.08
[WOBBLE_FIRE] team=2 losTgt=131.53
[WOBBLE_FIRE] team=2 losTgt=130.98
[WOBBLE_FIRE] team=2 losTgt=130.42
[WOBBLE_FIRE] team=2 losTgt=129.84
[WOBBLE_FIRE] team=2 losTgt=129.26
[WOBBLE_FIRE] team=2 losTgt=128.67
[WOBBLE_FIRE] team=2 losTgt=128.07
[WOBBLE_FIRE] team=2 losTgt=127.46
[WOBBLE_FIRE] team=2 losTgt=126.85
[WOBBLE_FIRE] team=2 losTgt=126.23
[WOBBLE_FIRE] team=2 losTgt=125.60
[WOBBLE_FIRE] team=2 losTgt=124.97
[WOBBLE_FIRE] team=2 losTgt=124.33
[WOBBLE_FIRE] team=2 losTgt=123.68
[WOBBLE_FIRE] team=2 losTgt=123.04
[WOBBLE_FIRE] team=2 losTgt=122.38
[WOBBLE_FIRE] team=2 losTgt=121.72
[WOBBLE_FIRE] team=2 losTgt=121.06
[WOBBLE_FIRE] team=2 losTgt=120.39
[WOBBLE_FIRE] team=2 losTgt=119.72
[WOBBLE_FIRE] team=2 losTgt=119.04
[WOBBLE_FIRE] team=2 losTgt=118.36
[WOBBLE_FIRE] team=2 losTgt=117.71
[WOBBLE_FIRE] team=2 losTgt=117.08
[WOBBLE_FIRE] team=2 losTgt=116.43
[WOBBLE_FIRE] team=2 losTgt=115.77
[WOBBLE_FIRE] team=2 losTgt=115.09
[WOBBLE_FIRE] team=2 losTgt=114.41
[WOBBLE_FIRE] team=2 losTgt=113.72
[WOBBLE_FIRE] team=2 losTgt=113.03
[WOBBLE_FIRE] team=2 losTgt=112.33
[WOBBLE_FIRE] team=2 losTgt=111.63
[WOBBLE_FIRE] team=2 losTgt=110.93
[WOBBLE_FIRE] team=2 losTgt=110.22
[WOBBLE_FIRE] team=2 losTgt=109.51
[WOBBLE_FIRE] team=2 losTgt=108.79
[WOBBLE_FIRE] team=2 losTgt=108.08
[WOBBLE_FIRE] team=2 losTgt=107.35
[WOBBLE_FIRE] team=2 losTgt=106.63
[WOBBLE_FIRE] team=2 losTgt=105.90
[WOBBLE_FIRE] team=2 losTgt=105.16
[WOBBLE_FIRE] team=2 losTgt=104.43
[WOBBLE_FIRE] team=2 losTgt=103.69
[WOBBLE_FIRE] team=2 losTgt=102.95
[WOBBLE_FIRE] team=2 losTgt=102.20
[WOBBLE_FIRE] team=2 losTgt=101.45
[WOBBLE_FIRE] team=2 losTgt=100.70
[WOBBLE_FIRE] team=2 losTgt=99.95
[WOBBLE_FIRE] team=2 losTgt=99.20
[WOBBLE_FIRE] team=2 losTgt=98.44
[WOBBLE_FIRE] team=2 losTgt=97.69
[WOBBLE_FIRE] team=2 losTgt=96.93
[WOBBLE_FIRE] team=2 losTgt=96.16
[WOBBLE_FIRE] team=2 losTgt=95.40
[WOBBLE_FIRE] team=2 losTgt=94.64
[WOBBLE_FIRE] team=2 losTgt=93.87
[WOBBLE_FIRE] team=2 losTgt=93.11
[WOBBLE_FIRE] team=2 losTgt=92.34
[WOBBLE_FIRE] team=2 losTgt=91.57
[WOBBLE_FIRE] team=2 losTgt=90.80
[WOBBLE_FIRE] team=2 losTgt=90.03
[WOBBLE_FIRE] team=2 losTgt=89.25
[WOBBLE_FIRE] team=2 losTgt=88.48
[WOBBLE_FIRE] team=2 losTgt=87.71
[WOBBLE_FIRE] team=2 losTgt=86.93
[WOBBLE_FIRE] team=2 losTgt=86.16
[WOBBLE_FIRE] team=2 losTgt=85.38
[WOBBLE_FIRE] team=2 losTgt=84.61
[WOBBLE_FIRE] team=2 losTgt=83.83
[WOBBLE_FIRE] team=2 losTgt=83.05
[WOBBLE_FIRE] team=2 losTgt=82.27
[WOBBLE_FIRE] team=2 losTgt=81.49
[WOBBLE_FIRE] team=2 losTgt=80.71
[WOBBLE_FIRE] team=2 losTgt=79.93
[WOBBLE_FIRE] team=2 losTgt=79.15
[WOBBLE_FIRE] team=2 losTgt=78.37
[WOBBLE_FIRE] team=2 losTgt=77.59
[WOBBLE_FIRE] team=2 losTgt=76.81
[WOBBLE_FIRE] team=2 losTgt=76.03
[WOBBLE_FIRE] team=2 losTgt=75.25
[WOBBLE_FIRE] team=2 losTgt=74.47
[WOBBLE_FIRE] team=2 losTgt=73.69
[WOBBLE_FIRE] team=2 losTgt=72.90
[WOBBLE_FIRE] team=2 losTgt=72.12
[WOBBLE_FIRE] team=2 losTgt=71.35
[WOBBLE_FIRE] team=2 losTgt=70.57
[WOBBLE_FIRE] team=2 losTgt=69.80
[WOBBLE_FIRE] team=2 losTgt=69.02
[WOBBLE_FIRE] team=2 losTgt=68.25
[WOBBLE_FIRE] team=2 losTgt=67.48
[WOBBLE_FIRE] team=2 losTgt=66.70
[WOBBLE_FIRE] team=2 losTgt=65.93
[WOBBLE_FIRE] team=2 losTgt=65.15
[WOBBLE_FIRE] team=2 losTgt=64.38
[WOBBLE_FIRE] team=2 losTgt=63.60
[WOBBLE_FIRE] team=2 losTgt=62.82
[WOBBLE_FIRE] team=2 losTgt=62.04
[WOBBLE_FIRE] team=2 losTgt=61.25
[WOBBLE_FIRE] team=2 losTgt=60.47
[WOBBLE_FIRE] team=2 losTgt=59.68
[WOBBLE_FIRE] team=2 losTgt=58.90
[WOBBLE_FIRE] team=2 losTgt=58.11
[WOBBLE_FIRE] team=2 losTgt=57.33
[WOBBLE_FIRE] team=2 losTgt=56.54
[WOBBLE_FIRE] team=2 losTgt=55.75
[WOBBLE_FIRE] team=2 losTgt=54.96
[WOBBLE_FIRE] team=2 losTgt=54.17
[WOBBLE_FIRE] team=2 losTgt=53.37
[WOBBLE_FIRE] team=2 losTgt=52.57
[WOBBLE_FIRE] team=2 losTgt=51.77
[WOBBLE_FIRE] team=2 losTgt=50.96
[WOBBLE_FIRE] team=2 losTgt=50.16
[WOBBLE_FIRE] team=2 losTgt=49.35
[WOBBLE_FIRE] team=2 losTgt=48.53
[WOBBLE_FIRE] team=2 losTgt=47.72
[WOBBLE_FIRE] team=2 losTgt=46.91
[WOBBLE_FIRE] team=2 losTgt=46.09
[WOBBLE_FIRE] team=2 losTgt=45.26
[WOBBLE_FIRE] team=2 losTgt=48.26
[WOBBLE_FIRE] team=2 losTgt=52.04
[WOBBLE_FIRE] team=2 losTgt=55.92
[WOBBLE_FIRE] team=2 losTgt=59.82
[WOBBLE_FIRE] team=2 losTgt=63.68
[WOBBLE_FIRE] team=2 losTgt=67.45
[WOBBLE_FIRE] team=2 losTgt=71.07
[WOBBLE_FIRE] team=2 losTgt=74.50
[WOBBLE_FIRE] team=2 losTgt=77.70
[WOBBLE_FIRE] team=2 losTgt=80.63
[WOBBLE_FIRE] team=2 losTgt=83.29
[WOBBLE_FIRE] team=2 losTgt=85.69
[WOBBLE_FIRE] team=2 losTgt=87.84
[WOBBLE_FIRE] team=2 losTgt=89.76
[WOBBLE_FIRE] team=2 losTgt=91.46
[WOBBLE_FIRE] team=2 losTgt=92.95
[WOBBLE_FIRE] team=2 losTgt=94.25
[WOBBLE_FIRE] team=2 losTgt=95.38
[WOBBLE_FIRE] team=2 losTgt=96.34
[WOBBLE_FIRE] team=2 losTgt=97.14
[WOBBLE_FIRE] team=2 losTgt=97.80
[WOBBLE_FIRE] team=2 losTgt=98.33
[WOBBLE_FIRE] team=2 losTgt=98.74
[WOBBLE_FIRE] team=2 losTgt=99.04
[WOBBLE_FIRE] team=2 losTgt=99.22
[WOBBLE_FIRE] team=2 losTgt=99.29
[WOBBLE_FIRE] team=2 losTgt=99.26
[WOBBLE_FIRE] team=2 losTgt=99.13
[WOBBLE_FIRE] team=2 losTgt=98.91
[WOBBLE_FIRE] team=2 losTgt=98.61
[WOBBLE_FIRE] team=2 losTgt=98.23
[WOBBLE_FIRE] team=2 losTgt=97.76
[WOBBLE_FIRE] team=2 losTgt=97.23
[WOBBLE_FIRE] team=2 losTgt=96.63
[WOBBLE_FIRE] team=2 losTgt=95.97
[WOBBLE_FIRE] team=2 losTgt=95.26
[WOBBLE_FIRE] team=2 losTgt=94.50
[WOBBLE_FIRE] team=2 losTgt=93.73
[WOBBLE_FIRE] team=2 losTgt=92.94
[WOBBLE_FIRE] team=2 losTgt=92.13
[WOBBLE_FIRE] team=2 losTgt=91.31
[WOBBLE_FIRE] team=2 losTgt=90.48
[WOBBLE_FIRE] team=2 losTgt=89.64
[WOBBLE_FIRE] team=2 losTgt=88.78
[WOBBLE_FIRE] team=2 losTgt=87.90
[WOBBLE_FIRE] team=2 losTgt=87.00
[WOBBLE_FIRE] team=2 losTgt=86.09
[WOBBLE_FIRE] team=2 losTgt=85.17
[WOBBLE_FIRE] team=2 losTgt=84.22
[WOBBLE_FIRE] team=2 losTgt=83.26
[WOBBLE_FIRE] team=2 losTgt=82.29
[WOBBLE_FIRE] team=2 losTgt=81.30
[WOBBLE_FIRE] team=2 losTgt=80.29
[WOBBLE_FIRE] team=2 losTgt=79.27
[WOBBLE_FIRE] team=2 losTgt=78.24
[WOBBLE_FIRE] team=2 losTgt=77.20
[WOBBLE_FIRE] team=2 losTgt=76.15
[WOBBLE_FIRE] team=2 losTgt=75.08
[WOBBLE_FIRE] team=2 losTgt=73.99
[WOBBLE_FIRE] team=2 losTgt=72.90
[WOBBLE_FIRE] team=2 losTgt=71.80
[WOBBLE_FIRE] team=2 losTgt=70.68
[WOBBLE_FIRE] team=2 losTgt=69.56
[WOBBLE_FIRE] team=2 losTgt=68.42
[WOBBLE_FIRE] team=2 losTgt=67.27
[WOBBLE_FIRE] team=2 losTgt=66.11
[WOBBLE_FIRE] team=2 losTgt=64.95
[WOBBLE_FIRE] team=2 losTgt=63.77
[WOBBLE_FIRE] team=2 losTgt=62.58
[WOBBLE_FIRE] team=2 losTgt=61.37
[WOBBLE_FIRE] team=2 losTgt=60.16
[WOBBLE_FIRE] team=2 losTgt=58.94
[WOBBLE_FIRE] team=2 losTgt=57.79
[WOBBLE_FIRE] team=2 losTgt=56.83
[WOBBLE_FIRE] team=2 losTgt=56.11
[WOBBLE_FIRE] team=2 losTgt=55.62
[WOBBLE_FIRE] team=2 losTgt=55.31
[WOBBLE_FIRE] team=2 losTgt=55.15
[WOBBLE_FIRE] team=2 losTgt=55.09
[WOBBLE_FIRE] team=2 losTgt=55.13
[WOBBLE_FIRE] team=2 losTgt=55.25
[WOBBLE_FIRE] team=2 losTgt=55.39
[WOBBLE_FIRE] team=2 losTgt=55.46
[WOBBLE_FIRE] team=2 losTgt=55.43
[WOBBLE_FIRE] team=2 losTgt=55.32
[WOBBLE_FIRE] team=2 losTgt=55.17
[WOBBLE_FIRE] team=2 losTgt=55.06
[WOBBLE_FIRE] team=2 losTgt=55.02
[WOBBLE_FIRE] team=2 losTgt=55.04
[WOBBLE_FIRE] team=2 losTgt=55.07
[WOBBLE_FIRE] team=2 losTgt=55.08
[WOBBLE_FIRE] team=2 losTgt=55.05
[WOBBLE_FIRE] team=2 losTgt=54.94
[WOBBLE_FIRE] team=2 losTgt=54.78
[WOBBLE_FIRE] team=2 losTgt=54.65
[WOBBLE_FIRE] team=2 losTgt=54.54
[WOBBLE_FIRE] team=2 losTgt=54.45
[WOBBLE_FIRE] team=2 losTgt=54.36
[WOBBLE_FIRE] team=2 losTgt=54.26
[WOBBLE_FIRE] team=2 losTgt=54.16
[WOBBLE_FIRE] team=2 losTgt=54.05
[WOBBLE_FIRE] team=2 losTgt=53.93
[WOBBLE_FIRE] team=2 losTgt=53.81
[WOBBLE_FIRE] team=2 losTgt=53.67
[WOBBLE_FIRE] team=2 losTgt=53.53
[WOBBLE_FIRE] team=2 losTgt=53.38
[WOBBLE_FIRE] team=2 losTgt=53.22
[WOBBLE_FIRE] team=2 losTgt=53.06
[WOBBLE_FIRE] team=2 losTgt=52.89
[WOBBLE_FIRE] team=2 losTgt=52.70
[WOBBLE_FIRE] team=2 losTgt=52.50
[WOBBLE_FIRE] team=2 losTgt=52.27
[WOBBLE_FIRE] team=2 losTgt=52.03
[WOBBLE_FIRE] team=2 losTgt=51.75
[WOBBLE_FIRE] team=2 losTgt=51.43
[WOBBLE_FIRE] team=2 losTgt=51.08
[WOBBLE_FIRE] team=2 losTgt=50.75
[WOBBLE_FIRE] team=2 losTgt=50.46
[WOBBLE_FIRE] team=2 losTgt=50.09
[WOBBLE_FIRE] team=2 losTgt=49.62
[WOBBLE_FIRE] team=2 losTgt=49.16
[WOBBLE_FIRE] team=2 losTgt=48.76
[WOBBLE_FIRE] team=2 losTgt=48.40
[WOBBLE_FIRE] team=2 losTgt=48.04
[WOBBLE_FIRE] team=2 losTgt=47.64
[WOBBLE_FIRE] team=2 losTgt=47.21
[WOBBLE_FIRE] team=2 losTgt=46.79
[WOBBLE_FIRE] team=2 losTgt=46.36
[WOBBLE_FIRE] team=2 losTgt=45.94
[WOBBLE_FIRE] team=2 losTgt=45.54
[WOBBLE_FIRE] team=2 losTgt=45.14
runner:local/env:0	num_steps=[10292] | total rewards=[1064.7144] | termination= [target destroyed]
[seed 3] reward=  1064.71 ownHP=1.0000 tgtHP=-0.0007 target destroyed
total: 2
[WOBBLE_FIRE] team=2 losTgt=96.51
[WOBBLE_FIRE] team=2 losTgt=96.58
[WOBBLE_FIRE] team=2 losTgt=96.58
[WOBBLE_FIRE] team=2 losTgt=96.60
[WOBBLE_FIRE] team=2 losTgt=96.63
[WOBBLE_FIRE] team=2 losTgt=96.58
[WOBBLE_FIRE] team=2 losTgt=96.34
[WOBBLE_FIRE] team=2 losTgt=95.79
[WOBBLE_FIRE] team=2 losTgt=94.87
[WOBBLE_FIRE] team=2 losTgt=93.54
[WOBBLE_FIRE] team=2 losTgt=92.06
[WOBBLE_FIRE] team=2 losTgt=90.74
[WOBBLE_FIRE] team=2 losTgt=89.62
[WOBBLE_FIRE] team=2 losTgt=88.65
[WOBBLE_FIRE] team=2 losTgt=87.75
[WOBBLE_FIRE] team=2 losTgt=86.91
[WOBBLE_FIRE] team=2 losTgt=86.11
[WOBBLE_FIRE] team=2 losTgt=85.35
[WOBBLE_FIRE] team=2 losTgt=84.62
[WOBBLE_FIRE] team=2 losTgt=83.91
[WOBBLE_FIRE] team=2 losTgt=83.21
[WOBBLE_FIRE] team=2 losTgt=82.52
[WOBBLE_FIRE] team=2 losTgt=81.84
[WOBBLE_FIRE] team=2 losTgt=81.17
[WOBBLE_FIRE] team=2 losTgt=80.50
[WOBBLE_FIRE] team=2 losTgt=79.84
[WOBBLE_FIRE] team=2 losTgt=79.19
[WOBBLE_FIRE] team=2 losTgt=78.53
[WOBBLE_FIRE] team=2 losTgt=77.88
[WOBBLE_FIRE] team=2 losTgt=77.22
[WOBBLE_FIRE] team=2 losTgt=76.56
[WOBBLE_FIRE] team=2 losTgt=75.90
[WOBBLE_FIRE] team=2 losTgt=75.23
[WOBBLE_FIRE] team=2 losTgt=74.56
[WOBBLE_FIRE] team=2 losTgt=73.89
[WOBBLE_FIRE] team=2 losTgt=73.21
[WOBBLE_FIRE] team=2 losTgt=72.53
[WOBBLE_FIRE] team=2 losTgt=71.84
[WOBBLE_FIRE] team=2 losTgt=71.15
[WOBBLE_FIRE] team=2 losTgt=70.44
[WOBBLE_FIRE] team=2 losTgt=69.74
[WOBBLE_FIRE] team=2 losTgt=69.03
[WOBBLE_FIRE] team=2 losTgt=68.32
[WOBBLE_FIRE] team=2 losTgt=67.60
[WOBBLE_FIRE] team=2 losTgt=66.87
[WOBBLE_FIRE] team=2 losTgt=66.14
[WOBBLE_FIRE] team=2 losTgt=65.41
[WOBBLE_FIRE] team=2 losTgt=64.67
[WOBBLE_FIRE] team=2 losTgt=63.92
[WOBBLE_FIRE] team=2 losTgt=63.17
[WOBBLE_FIRE] team=2 losTgt=62.41
[WOBBLE_FIRE] team=2 losTgt=61.65
[WOBBLE_FIRE] team=2 losTgt=60.88
[WOBBLE_FIRE] team=2 losTgt=60.09
[WOBBLE_FIRE] team=2 losTgt=59.30
[WOBBLE_FIRE] team=2 losTgt=58.50
[WOBBLE_FIRE] team=2 losTgt=57.69
[WOBBLE_FIRE] team=2 losTgt=56.88
[WOBBLE_FIRE] team=2 losTgt=56.05
[WOBBLE_FIRE] team=2 losTgt=55.22
[WOBBLE_FIRE] team=2 losTgt=54.38
[WOBBLE_FIRE] team=2 losTgt=53.53
[WOBBLE_FIRE] team=2 losTgt=52.68
[WOBBLE_FIRE] team=2 losTgt=51.81
[WOBBLE_FIRE] team=2 losTgt=50.93
[WOBBLE_FIRE] team=2 losTgt=50.04
[WOBBLE_FIRE] team=2 losTgt=49.14
[WOBBLE_FIRE] team=2 losTgt=48.22
[WOBBLE_FIRE] team=2 losTgt=47.30
[WOBBLE_FIRE] team=2 losTgt=46.36
[WOBBLE_FIRE] team=2 losTgt=45.40
[WOBBLE_FIRE] team=2 losTgt=49.37
[WOBBLE_FIRE] team=2 losTgt=54.34
[WOBBLE_FIRE] team=2 losTgt=59.04
[WOBBLE_FIRE] team=2 losTgt=63.20
[WOBBLE_FIRE] team=2 losTgt=66.60
[WOBBLE_FIRE] team=2 losTgt=69.10
[WOBBLE_FIRE] team=2 losTgt=70.97
[WOBBLE_FIRE] team=2 losTgt=72.75
[WOBBLE_FIRE] team=2 losTgt=74.46
[WOBBLE_FIRE] team=2 losTgt=76.01
[WOBBLE_FIRE] team=2 losTgt=77.39
[WOBBLE_FIRE] team=2 losTgt=78.59
[WOBBLE_FIRE] team=2 losTgt=79.61
[WOBBLE_FIRE] team=2 losTgt=80.47
[WOBBLE_FIRE] team=2 losTgt=81.16
[WOBBLE_FIRE] team=2 losTgt=81.71
[WOBBLE_FIRE] team=2 losTgt=82.11
[WOBBLE_FIRE] team=2 losTgt=82.38
[WOBBLE_FIRE] team=2 losTgt=82.54
[WOBBLE_FIRE] team=2 losTgt=82.60
[WOBBLE_FIRE] team=2 losTgt=82.56
[WOBBLE_FIRE] team=2 losTgt=82.44
[WOBBLE_FIRE] team=2 losTgt=82.24
[WOBBLE_FIRE] team=2 losTgt=81.98
[WOBBLE_FIRE] team=2 losTgt=81.64
[WOBBLE_FIRE] team=2 losTgt=81.24
[WOBBLE_FIRE] team=2 losTgt=80.80
[WOBBLE_FIRE] team=2 losTgt=80.30
[WOBBLE_FIRE] team=2 losTgt=79.76
[WOBBLE_FIRE] team=2 losTgt=79.17
[WOBBLE_FIRE] team=2 losTgt=78.55
[WOBBLE_FIRE] team=2 losTgt=77.88
[WOBBLE_FIRE] team=2 losTgt=77.19
[WOBBLE_FIRE] team=2 losTgt=76.46
[WOBBLE_FIRE] team=2 losTgt=75.70
[WOBBLE_FIRE] team=2 losTgt=74.91
[WOBBLE_FIRE] team=2 losTgt=74.10
[WOBBLE_FIRE] team=2 losTgt=73.26
[WOBBLE_FIRE] team=2 losTgt=72.39
[WOBBLE_FIRE] team=2 losTgt=71.51
[WOBBLE_FIRE] team=2 losTgt=70.59
[WOBBLE_FIRE] team=2 losTgt=69.66
[WOBBLE_FIRE] team=2 losTgt=68.71
[WOBBLE_FIRE] team=2 losTgt=67.74
[WOBBLE_FIRE] team=2 losTgt=66.74
[WOBBLE_FIRE] team=2 losTgt=65.73
[WOBBLE_FIRE] team=2 losTgt=64.69
[WOBBLE_FIRE] team=2 losTgt=63.64
[WOBBLE_FIRE] team=2 losTgt=62.57
[WOBBLE_FIRE] team=2 losTgt=61.48
[WOBBLE_FIRE] team=2 losTgt=60.36
[WOBBLE_FIRE] team=2 losTgt=59.24
[WOBBLE_FIRE] team=2 losTgt=58.08
[WOBBLE_FIRE] team=2 losTgt=56.91
[WOBBLE_FIRE] team=2 losTgt=55.72
[WOBBLE_FIRE] team=2 losTgt=54.50
[WOBBLE_FIRE] team=2 losTgt=53.26
[WOBBLE_FIRE] team=2 losTgt=52.01
[WOBBLE_FIRE] team=2 losTgt=50.72
[WOBBLE_FIRE] team=2 losTgt=49.41
[WOBBLE_FIRE] team=2 losTgt=48.07
[WOBBLE_FIRE] team=2 losTgt=46.71
[WOBBLE_FIRE] team=2 losTgt=45.32
[WOBBLE_FIRE] team=2 losTgt=47.86
[WOBBLE_FIRE] team=2 losTgt=51.76
[WOBBLE_FIRE] team=2 losTgt=55.60
[WOBBLE_FIRE] team=2 losTgt=59.36
[WOBBLE_FIRE] team=2 losTgt=63.03
[WOBBLE_FIRE] team=2 losTgt=66.35
[WOBBLE_FIRE] team=2 losTgt=68.94
[WOBBLE_FIRE] team=2 losTgt=70.53
[WOBBLE_FIRE] team=2 losTgt=71.46
[WOBBLE_FIRE] team=2 losTgt=72.23
[WOBBLE_FIRE] team=2 losTgt=73.03
[WOBBLE_FIRE] team=2 losTgt=73.79
[WOBBLE_FIRE] team=2 losTgt=74.47
[WOBBLE_FIRE] team=2 losTgt=75.03
[WOBBLE_FIRE] team=2 losTgt=75.46
[WOBBLE_FIRE] team=2 losTgt=75.74
[WOBBLE_FIRE] team=2 losTgt=75.90
[WOBBLE_FIRE] team=2 losTgt=75.94
[WOBBLE_FIRE] team=2 losTgt=75.86
[WOBBLE_FIRE] team=2 losTgt=75.67
[WOBBLE_FIRE] team=2 losTgt=75.38
[WOBBLE_FIRE] team=2 losTgt=74.99
[WOBBLE_FIRE] team=2 losTgt=74.53
[WOBBLE_FIRE] team=2 losTgt=73.98
[WOBBLE_FIRE] team=2 losTgt=73.36
[WOBBLE_FIRE] team=2 losTgt=72.67
[WOBBLE_FIRE] team=2 losTgt=71.92
[WOBBLE_FIRE] team=2 losTgt=71.11
[WOBBLE_FIRE] team=2 losTgt=70.25
[WOBBLE_FIRE] team=2 losTgt=69.33
[WOBBLE_FIRE] team=2 losTgt=68.37
[WOBBLE_FIRE] team=2 losTgt=67.36
[WOBBLE_FIRE] team=2 losTgt=66.30
[WOBBLE_FIRE] team=2 losTgt=65.21
[WOBBLE_FIRE] team=2 losTgt=64.07
[WOBBLE_FIRE] team=2 losTgt=62.90
[WOBBLE_FIRE] team=2 losTgt=61.69
[WOBBLE_FIRE] team=2 losTgt=60.44
[WOBBLE_FIRE] team=2 losTgt=59.16
[WOBBLE_FIRE] team=2 losTgt=57.84
[WOBBLE_FIRE] team=2 losTgt=56.49
[WOBBLE_FIRE] team=2 losTgt=55.11
[WOBBLE_FIRE] team=2 losTgt=53.68
[WOBBLE_FIRE] team=2 losTgt=52.23
[WOBBLE_FIRE] team=2 losTgt=50.74
[WOBBLE_FIRE] team=2 losTgt=49.22
[WOBBLE_FIRE] team=2 losTgt=47.65
[WOBBLE_FIRE] team=2 losTgt=46.06
runner:local/env:0	num_steps=[7583] | total rewards=[1053.8594] | termination= [target destroyed]
[seed 4] reward=  1053.86 ownHP=1.0000 tgtHP=-0.0022 target destroyed
total: 2
[WOBBLE_FIRE] team=2 losTgt=120.43
[WOBBLE_FIRE] team=2 losTgt=120.44
[WOBBLE_FIRE] team=2 losTgt=120.37
[WOBBLE_FIRE] team=2 losTgt=120.27
[WOBBLE_FIRE] team=2 losTgt=120.16
[WOBBLE_FIRE] team=2 losTgt=120.04
[WOBBLE_FIRE] team=2 losTgt=119.93
[WOBBLE_FIRE] team=2 losTgt=119.83
[WOBBLE_FIRE] team=2 losTgt=119.77
[WOBBLE_FIRE] team=2 losTgt=119.74
[WOBBLE_FIRE] team=2 losTgt=119.73
[WOBBLE_FIRE] team=2 losTgt=119.52
[WOBBLE_FIRE] team=2 losTgt=118.86
[WOBBLE_FIRE] team=2 losTgt=117.73
[WOBBLE_FIRE] team=2 losTgt=116.27
[WOBBLE_FIRE] team=2 losTgt=114.52
[WOBBLE_FIRE] team=2 losTgt=112.86
[WOBBLE_FIRE] team=2 losTgt=111.47
[WOBBLE_FIRE] team=2 losTgt=110.32
[WOBBLE_FIRE] team=2 losTgt=109.30
[WOBBLE_FIRE] team=2 losTgt=108.37
[WOBBLE_FIRE] team=2 losTgt=107.53
[WOBBLE_FIRE] team=2 losTgt=106.76
[WOBBLE_FIRE] team=2 losTgt=106.02
[WOBBLE_FIRE] team=2 losTgt=105.30
[WOBBLE_FIRE] team=2 losTgt=104.60
[WOBBLE_FIRE] team=2 losTgt=103.91
[WOBBLE_FIRE] team=2 losTgt=103.24
[WOBBLE_FIRE] team=2 losTgt=102.58
[WOBBLE_FIRE] team=2 losTgt=101.96
[WOBBLE_FIRE] team=2 losTgt=101.35
[WOBBLE_FIRE] team=2 losTgt=100.77
[WOBBLE_FIRE] team=2 losTgt=100.21
[WOBBLE_FIRE] team=2 losTgt=99.67
[WOBBLE_FIRE] team=2 losTgt=99.15
[WOBBLE_FIRE] team=2 losTgt=98.65
[WOBBLE_FIRE] team=2 losTgt=98.15
[WOBBLE_FIRE] team=2 losTgt=97.89
[WOBBLE_FIRE] team=2 losTgt=97.96
[WOBBLE_FIRE] team=2 losTgt=97.90
[WOBBLE_FIRE] team=2 losTgt=97.53
[WOBBLE_FIRE] team=2 losTgt=96.82
[WOBBLE_FIRE] team=2 losTgt=95.90
[WOBBLE_FIRE] team=2 losTgt=94.98
[WOBBLE_FIRE] team=2 losTgt=94.17
[WOBBLE_FIRE] team=2 losTgt=93.46
[WOBBLE_FIRE] team=2 losTgt=92.82
[WOBBLE_FIRE] team=2 losTgt=92.22
[WOBBLE_FIRE] team=2 losTgt=91.91
[WOBBLE_FIRE] team=2 losTgt=92.02
[WOBBLE_FIRE] team=2 losTgt=91.97
[WOBBLE_FIRE] team=2 losTgt=91.63
[WOBBLE_FIRE] team=2 losTgt=90.98
[WOBBLE_FIRE] team=2 losTgt=90.04
[WOBBLE_FIRE] team=2 losTgt=89.03
[WOBBLE_FIRE] team=2 losTgt=88.18
[WOBBLE_FIRE] team=2 losTgt=87.47
[WOBBLE_FIRE] team=2 losTgt=86.86
[WOBBLE_FIRE] team=2 losTgt=86.32
[WOBBLE_FIRE] team=2 losTgt=85.84
[WOBBLE_FIRE] team=2 losTgt=85.34
[WOBBLE_FIRE] team=2 losTgt=84.84
[WOBBLE_FIRE] team=2 losTgt=84.38
[WOBBLE_FIRE] team=2 losTgt=83.92
[WOBBLE_FIRE] team=2 losTgt=83.43
[WOBBLE_FIRE] team=2 losTgt=82.94
[WOBBLE_FIRE] team=2 losTgt=82.43
[WOBBLE_FIRE] team=2 losTgt=81.89
[WOBBLE_FIRE] team=2 losTgt=81.32
[WOBBLE_FIRE] team=2 losTgt=80.71
[WOBBLE_FIRE] team=2 losTgt=80.10
[WOBBLE_FIRE] team=2 losTgt=79.48
[WOBBLE_FIRE] team=2 losTgt=78.88
[WOBBLE_FIRE] team=2 losTgt=78.28
[WOBBLE_FIRE] team=2 losTgt=77.69
[WOBBLE_FIRE] team=2 losTgt=77.10
[WOBBLE_FIRE] team=2 losTgt=76.51
[WOBBLE_FIRE] team=2 losTgt=75.92
[WOBBLE_FIRE] team=2 losTgt=75.34
[WOBBLE_FIRE] team=2 losTgt=74.75
[WOBBLE_FIRE] team=2 losTgt=74.16
[WOBBLE_FIRE] team=2 losTgt=73.57
[WOBBLE_FIRE] team=2 losTgt=72.98
[WOBBLE_FIRE] team=2 losTgt=72.39
[WOBBLE_FIRE] team=2 losTgt=71.79
[WOBBLE_FIRE] team=2 losTgt=71.19
[WOBBLE_FIRE] team=2 losTgt=70.59
[WOBBLE_FIRE] team=2 losTgt=69.99
[WOBBLE_FIRE] team=2 losTgt=69.38
[WOBBLE_FIRE] team=2 losTgt=68.77
[WOBBLE_FIRE] team=2 losTgt=68.16
[WOBBLE_FIRE] team=2 losTgt=67.54
[WOBBLE_FIRE] team=2 losTgt=66.91
[WOBBLE_FIRE] team=2 losTgt=66.29
[WOBBLE_FIRE] team=2 losTgt=65.65
[WOBBLE_FIRE] team=2 losTgt=65.02
[WOBBLE_FIRE] team=2 losTgt=64.37
[WOBBLE_FIRE] team=2 losTgt=63.72
[WOBBLE_FIRE] team=2 losTgt=63.06
[WOBBLE_FIRE] team=2 losTgt=62.39
[WOBBLE_FIRE] team=2 losTgt=61.71
[WOBBLE_FIRE] team=2 losTgt=61.02
[WOBBLE_FIRE] team=2 losTgt=60.32
[WOBBLE_FIRE] team=2 losTgt=59.60
[WOBBLE_FIRE] team=2 losTgt=58.87
[WOBBLE_FIRE] team=2 losTgt=58.12
[WOBBLE_FIRE] team=2 losTgt=57.35
[WOBBLE_FIRE] team=2 losTgt=56.55
[WOBBLE_FIRE] team=2 losTgt=55.73
[WOBBLE_FIRE] team=2 losTgt=54.88
[WOBBLE_FIRE] team=2 losTgt=53.98
[WOBBLE_FIRE] team=2 losTgt=53.05
[WOBBLE_FIRE] team=2 losTgt=52.06
[WOBBLE_FIRE] team=2 losTgt=51.00
[WOBBLE_FIRE] team=2 losTgt=49.86
[WOBBLE_FIRE] team=2 losTgt=48.61
[WOBBLE_FIRE] team=2 losTgt=47.24
[WOBBLE_FIRE] team=2 losTgt=45.67
[WOBBLE_FIRE] team=2 losTgt=51.31
[WOBBLE_FIRE] team=2 losTgt=83.34
[WOBBLE_FIRE] team=2 losTgt=97.56
[WOBBLE_FIRE] team=2 losTgt=104.82
[WOBBLE_FIRE] team=2 losTgt=108.99
[WOBBLE_FIRE] team=2 losTgt=111.62
[WOBBLE_FIRE] team=2 losTgt=113.47
[WOBBLE_FIRE] team=2 losTgt=114.76
[WOBBLE_FIRE] team=2 losTgt=115.71
[WOBBLE_FIRE] team=2 losTgt=116.39
[WOBBLE_FIRE] team=2 losTgt=116.87
[WOBBLE_FIRE] team=2 losTgt=117.20
[WOBBLE_FIRE] team=2 losTgt=117.43
[WOBBLE_FIRE] team=2 losTgt=117.49
[WOBBLE_FIRE] team=2 losTgt=117.12
[WOBBLE_FIRE] team=2 losTgt=115.83
[WOBBLE_FIRE] team=2 losTgt=113.94
[WOBBLE_FIRE] team=2 losTgt=112.06
[WOBBLE_FIRE] team=2 losTgt=110.46
[WOBBLE_FIRE] team=2 losTgt=109.02
[WOBBLE_FIRE] team=2 losTgt=107.71
[WOBBLE_FIRE] team=2 losTgt=106.45
[WOBBLE_FIRE] team=2 losTgt=105.21
[WOBBLE_FIRE] team=2 losTgt=103.98
[WOBBLE_FIRE] team=2 losTgt=102.76
[WOBBLE_FIRE] team=2 losTgt=101.56
[WOBBLE_FIRE] team=2 losTgt=100.36
[WOBBLE_FIRE] team=2 losTgt=99.16
[WOBBLE_FIRE] team=2 losTgt=97.96
[WOBBLE_FIRE] team=2 losTgt=96.76
[WOBBLE_FIRE] team=2 losTgt=95.56
[WOBBLE_FIRE] team=2 losTgt=94.36
[WOBBLE_FIRE] team=2 losTgt=93.15
[WOBBLE_FIRE] team=2 losTgt=91.95
[WOBBLE_FIRE] team=2 losTgt=90.74
[WOBBLE_FIRE] team=2 losTgt=89.52
[WOBBLE_FIRE] team=2 losTgt=88.29
[WOBBLE_FIRE] team=2 losTgt=87.05
[WOBBLE_FIRE] team=2 losTgt=85.80
[WOBBLE_FIRE] team=2 losTgt=84.56
[WOBBLE_FIRE] team=2 losTgt=83.33
[WOBBLE_FIRE] team=2 losTgt=82.12
[WOBBLE_FIRE] team=2 losTgt=80.91
[WOBBLE_FIRE] team=2 losTgt=79.69
[WOBBLE_FIRE] team=2 losTgt=78.48
[WOBBLE_FIRE] team=2 losTgt=77.27
[WOBBLE_FIRE] team=2 losTgt=76.06
[WOBBLE_FIRE] team=2 losTgt=74.83
[WOBBLE_FIRE] team=2 losTgt=73.59
[WOBBLE_FIRE] team=2 losTgt=72.35
[WOBBLE_FIRE] team=2 losTgt=71.10
[WOBBLE_FIRE] team=2 losTgt=69.84
[WOBBLE_FIRE] team=2 losTgt=68.58
[WOBBLE_FIRE] team=2 losTgt=67.32
[WOBBLE_FIRE] team=2 losTgt=66.04
[WOBBLE_FIRE] team=2 losTgt=64.76
[WOBBLE_FIRE] team=2 losTgt=63.47
[WOBBLE_FIRE] team=2 losTgt=62.18
[WOBBLE_FIRE] team=2 losTgt=60.87
[WOBBLE_FIRE] team=2 losTgt=59.55
[WOBBLE_FIRE] team=2 losTgt=58.21
[WOBBLE_FIRE] team=2 losTgt=56.86
[WOBBLE_FIRE] team=2 losTgt=55.48
[WOBBLE_FIRE] team=2 losTgt=54.06
[WOBBLE_FIRE] team=2 losTgt=52.60
[WOBBLE_FIRE] team=2 losTgt=51.08
[WOBBLE_FIRE] team=2 losTgt=49.48
[WOBBLE_FIRE] team=2 losTgt=47.79
[WOBBLE_FIRE] team=2 losTgt=45.99
[WOBBLE_FIRE] team=2 losTgt=53.73
[WOBBLE_FIRE] team=2 losTgt=78.13
[WOBBLE_FIRE] team=2 losTgt=94.13
[WOBBLE_FIRE] team=2 losTgt=101.86
[WOBBLE_FIRE] team=2 losTgt=107.62
[WOBBLE_FIRE] team=2 losTgt=111.27
[WOBBLE_FIRE] team=2 losTgt=113.81
[WOBBLE_FIRE] team=2 losTgt=115.60
[WOBBLE_FIRE] team=2 losTgt=116.91
[WOBBLE_FIRE] team=2 losTgt=117.85
[WOBBLE_FIRE] team=2 losTgt=118.55
[WOBBLE_FIRE] team=2 losTgt=119.01
[WOBBLE_FIRE] team=2 losTgt=118.93
[WOBBLE_FIRE] team=2 losTgt=117.79
[WOBBLE_FIRE] team=2 losTgt=116.20
[WOBBLE_FIRE] team=2 losTgt=114.42
[WOBBLE_FIRE] team=2 losTgt=112.80
[WOBBLE_FIRE] team=2 losTgt=111.30
[WOBBLE_FIRE] team=2 losTgt=109.84
[WOBBLE_FIRE] team=2 losTgt=108.43
[WOBBLE_FIRE] team=2 losTgt=106.99
[WOBBLE_FIRE] team=2 losTgt=105.54
[WOBBLE_FIRE] team=2 losTgt=104.09
[WOBBLE_FIRE] team=2 losTgt=102.64
[WOBBLE_FIRE] team=2 losTgt=101.18
[WOBBLE_FIRE] team=2 losTgt=99.73
[WOBBLE_FIRE] team=2 losTgt=98.27
[WOBBLE_FIRE] team=2 losTgt=96.82
[WOBBLE_FIRE] team=2 losTgt=95.36
[WOBBLE_FIRE] team=2 losTgt=93.91
[WOBBLE_FIRE] team=2 losTgt=92.46
[WOBBLE_FIRE] team=2 losTgt=91.01
[WOBBLE_FIRE] team=2 losTgt=89.56
[WOBBLE_FIRE] team=2 losTgt=88.12
[WOBBLE_FIRE] team=2 losTgt=86.68
[WOBBLE_FIRE] team=2 losTgt=85.26
[WOBBLE_FIRE] team=2 losTgt=85.04
[WOBBLE_FIRE] team=2 losTgt=87.33
[WOBBLE_FIRE] team=2 losTgt=87.04
[WOBBLE_FIRE] team=2 losTgt=87.73
[WOBBLE_FIRE] team=2 losTgt=88.04
[WOBBLE_FIRE] team=2 losTgt=88.39
[WOBBLE_FIRE] team=2 losTgt=88.67
[WOBBLE_FIRE] team=2 losTgt=89.15
[WOBBLE_FIRE] team=2 losTgt=90.26
[WOBBLE_FIRE] team=2 losTgt=91.78
[WOBBLE_FIRE] team=2 losTgt=93.62
[WOBBLE_FIRE] team=2 losTgt=95.33
[WOBBLE_FIRE] team=2 losTgt=96.89
[WOBBLE_FIRE] team=2 losTgt=98.40
[WOBBLE_FIRE] team=2 losTgt=99.89
[WOBBLE_FIRE] team=2 losTgt=101.36
[WOBBLE_FIRE] team=2 losTgt=102.80
[WOBBLE_FIRE] team=2 losTgt=104.22
[WOBBLE_FIRE] team=2 losTgt=105.63
[WOBBLE_FIRE] team=2 losTgt=107.02
[WOBBLE_FIRE] team=2 losTgt=108.40
[WOBBLE_FIRE] team=2 losTgt=109.75
[WOBBLE_FIRE] team=2 losTgt=111.10
[WOBBLE_FIRE] team=2 losTgt=112.42
[WOBBLE_FIRE] team=2 losTgt=113.72
[WOBBLE_FIRE] team=2 losTgt=115.00
[WOBBLE_FIRE] team=2 losTgt=116.24
[WOBBLE_FIRE] team=2 losTgt=117.45
[WOBBLE_FIRE] team=2 losTgt=118.63
[WOBBLE_FIRE] team=2 losTgt=119.78
[WOBBLE_FIRE] team=2 losTgt=120.88
[WOBBLE_FIRE] team=2 losTgt=121.95
[WOBBLE_FIRE] team=2 losTgt=122.98
[WOBBLE_FIRE] team=2 losTgt=123.97
[WOBBLE_FIRE] team=2 losTgt=124.92
[WOBBLE_FIRE] team=2 losTgt=125.81
[WOBBLE_FIRE] team=2 losTgt=126.67
[WOBBLE_FIRE] team=2 losTgt=127.47
[WOBBLE_FIRE] team=2 losTgt=128.22
[WOBBLE_FIRE] team=2 losTgt=128.91
[WOBBLE_FIRE] team=2 losTgt=128.65
[WOBBLE_FIRE] team=2 losTgt=127.45
[WOBBLE_FIRE] team=2 losTgt=127.93
[WOBBLE_FIRE] team=2 losTgt=127.74
[WOBBLE_FIRE] team=2 losTgt=127.39
[WOBBLE_FIRE] team=2 losTgt=127.20
[WOBBLE_FIRE] team=2 losTgt=126.06
[WOBBLE_FIRE] team=2 losTgt=124.19
[WOBBLE_FIRE] team=2 losTgt=125.31
[WOBBLE_FIRE] team=2 losTgt=124.45
[WOBBLE_FIRE] team=2 losTgt=119.98
[WOBBLE_FIRE] team=2 losTgt=119.12
[WOBBLE_FIRE] team=2 losTgt=119.88
[WOBBLE_FIRE] team=2 losTgt=116.62
[WOBBLE_FIRE] team=2 losTgt=115.19
[WOBBLE_FIRE] team=2 losTgt=115.42
[WOBBLE_FIRE] team=2 losTgt=112.34
[WOBBLE_FIRE] team=2 losTgt=111.61
[WOBBLE_FIRE] team=2 losTgt=110.98
[WOBBLE_FIRE] team=2 losTgt=108.58
[WOBBLE_FIRE] team=2 losTgt=108.19
[WOBBLE_FIRE] team=2 losTgt=106.81
[WOBBLE_FIRE] team=2 losTgt=105.76
[WOBBLE_FIRE] team=2 losTgt=104.74
[WOBBLE_FIRE] team=2 losTgt=103.77
[WOBBLE_FIRE] team=2 losTgt=102.82
[WOBBLE_FIRE] team=2 losTgt=101.92
[WOBBLE_FIRE] team=2 losTgt=101.04
[WOBBLE_FIRE] team=2 losTgt=100.20
[WOBBLE_FIRE] team=2 losTgt=99.38
[WOBBLE_FIRE] team=2 losTgt=98.59
[WOBBLE_FIRE] team=2 losTgt=97.82
[WOBBLE_FIRE] team=2 losTgt=97.08
[WOBBLE_FIRE] team=2 losTgt=96.35
[WOBBLE_FIRE] team=2 losTgt=95.65
[WOBBLE_FIRE] team=2 losTgt=94.96
[WOBBLE_FIRE] team=2 losTgt=94.28
[WOBBLE_FIRE] team=2 losTgt=93.61
[WOBBLE_FIRE] team=2 losTgt=92.96
[WOBBLE_FIRE] team=2 losTgt=92.30
[WOBBLE_FIRE] team=2 losTgt=91.66
[WOBBLE_FIRE] team=2 losTgt=91.03
[WOBBLE_FIRE] team=2 losTgt=90.39
[WOBBLE_FIRE] team=2 losTgt=89.76
[WOBBLE_FIRE] team=2 losTgt=89.13
[WOBBLE_FIRE] team=2 losTgt=88.50
[WOBBLE_FIRE] team=2 losTgt=87.86
[WOBBLE_FIRE] team=2 losTgt=87.23
[WOBBLE_FIRE] team=2 losTgt=86.59
[WOBBLE_FIRE] team=2 losTgt=85.95
[WOBBLE_FIRE] team=2 losTgt=85.21
[WOBBLE_FIRE] team=2 losTgt=84.44
[WOBBLE_FIRE] team=2 losTgt=83.62
[WOBBLE_FIRE] team=2 losTgt=82.77
[WOBBLE_FIRE] team=2 losTgt=81.93
[WOBBLE_FIRE] team=2 losTgt=81.14
[WOBBLE_FIRE] team=2 losTgt=80.38
[WOBBLE_FIRE] team=2 losTgt=79.64
[WOBBLE_FIRE] team=2 losTgt=78.90
[WOBBLE_FIRE] team=2 losTgt=78.15
[WOBBLE_FIRE] team=2 losTgt=77.41
[WOBBLE_FIRE] team=2 losTgt=76.67
[WOBBLE_FIRE] team=2 losTgt=75.93
[WOBBLE_FIRE] team=2 losTgt=75.20
[WOBBLE_FIRE] team=2 losTgt=74.48
[WOBBLE_FIRE] team=2 losTgt=73.76
[WOBBLE_FIRE] team=2 losTgt=73.05
[WOBBLE_FIRE] team=2 losTgt=72.34
[WOBBLE_FIRE] team=2 losTgt=71.63
[WOBBLE_FIRE] team=2 losTgt=70.89
[WOBBLE_FIRE] team=2 losTgt=70.13
[WOBBLE_FIRE] team=2 losTgt=69.35
[WOBBLE_FIRE] team=2 losTgt=68.53
[WOBBLE_FIRE] team=2 losTgt=67.69
[WOBBLE_FIRE] team=2 losTgt=66.82
[WOBBLE_FIRE] team=2 losTgt=65.92
[WOBBLE_FIRE] team=2 losTgt=65.01
[WOBBLE_FIRE] team=2 losTgt=64.05
[WOBBLE_FIRE] team=2 losTgt=63.09
[WOBBLE_FIRE] team=2 losTgt=62.09
[WOBBLE_FIRE] team=2 losTgt=61.07
[WOBBLE_FIRE] team=2 losTgt=60.02
[WOBBLE_FIRE] team=2 losTgt=58.94
[WOBBLE_FIRE] team=2 losTgt=57.84
[WOBBLE_FIRE] team=2 losTgt=56.71
[WOBBLE_FIRE] team=2 losTgt=55.55
[WOBBLE_FIRE] team=2 losTgt=54.37
[WOBBLE_FIRE] team=2 losTgt=53.16
[WOBBLE_FIRE] team=2 losTgt=51.92
[WOBBLE_FIRE] team=2 losTgt=50.66
[WOBBLE_FIRE] team=2 losTgt=49.38
[WOBBLE_FIRE] team=2 losTgt=48.07
[WOBBLE_FIRE] team=2 losTgt=46.73
[WOBBLE_FIRE] team=2 losTgt=45.37
runner:local/env:0	num_steps=[6831] | total rewards=[785.3306] | termination= [target destroyed]
[seed 5] reward=   785.33 ownHP=1.0000 tgtHP=-0.0013 target destroyed
total: 2
[WOBBLE_FIRE] team=2 losTgt=64.79
[WOBBLE_FIRE] team=2 losTgt=65.39
[WOBBLE_FIRE] team=2 losTgt=65.94
[WOBBLE_FIRE] team=2 losTgt=66.54
[WOBBLE_FIRE] team=2 losTgt=67.19
[WOBBLE_FIRE] team=2 losTgt=67.88
[WOBBLE_FIRE] team=2 losTgt=68.61
[WOBBLE_FIRE] team=2 losTgt=69.37
[WOBBLE_FIRE] team=2 losTgt=70.14
[WOBBLE_FIRE] team=2 losTgt=70.78
[WOBBLE_FIRE] team=2 losTgt=71.09
[WOBBLE_FIRE] team=2 losTgt=71.01
[WOBBLE_FIRE] team=2 losTgt=70.52
[WOBBLE_FIRE] team=2 losTgt=69.76
[WOBBLE_FIRE] team=2 losTgt=69.08
[WOBBLE_FIRE] team=2 losTgt=68.68
[WOBBLE_FIRE] team=2 losTgt=68.49
[WOBBLE_FIRE] team=2 losTgt=68.41
[WOBBLE_FIRE] team=2 losTgt=68.44
[WOBBLE_FIRE] team=2 losTgt=68.53
[WOBBLE_FIRE] team=2 losTgt=68.70
[WOBBLE_FIRE] team=2 losTgt=68.94
[WOBBLE_FIRE] team=2 losTgt=69.23
[WOBBLE_FIRE] team=2 losTgt=69.56
[WOBBLE_FIRE] team=2 losTgt=69.90
[WOBBLE_FIRE] team=2 losTgt=70.25
[WOBBLE_FIRE] team=2 losTgt=70.61
[WOBBLE_FIRE] team=2 losTgt=70.98
[WOBBLE_FIRE] team=2 losTgt=71.35
[WOBBLE_FIRE] team=2 losTgt=71.74
[WOBBLE_FIRE] team=2 losTgt=72.14
[WOBBLE_FIRE] team=2 losTgt=72.57
[WOBBLE_FIRE] team=2 losTgt=73.02
[WOBBLE_FIRE] team=2 losTgt=73.49
[WOBBLE_FIRE] team=2 losTgt=73.96
[WOBBLE_FIRE] team=2 losTgt=74.46
[WOBBLE_FIRE] team=2 losTgt=74.97
[WOBBLE_FIRE] team=2 losTgt=75.49
[WOBBLE_FIRE] team=2 losTgt=76.03
[WOBBLE_FIRE] team=2 losTgt=76.57
[WOBBLE_FIRE] team=2 losTgt=77.14
[WOBBLE_FIRE] team=2 losTgt=77.71
[WOBBLE_FIRE] team=2 losTgt=78.30
[WOBBLE_FIRE] team=2 losTgt=78.91
[WOBBLE_FIRE] team=2 losTgt=79.52
[WOBBLE_FIRE] team=2 losTgt=80.15
[WOBBLE_FIRE] team=2 losTgt=80.79
[WOBBLE_FIRE] team=2 losTgt=81.45
[WOBBLE_FIRE] team=2 losTgt=82.10
[WOBBLE_FIRE] team=2 losTgt=82.77
[WOBBLE_FIRE] team=2 losTgt=83.45
[WOBBLE_FIRE] team=2 losTgt=84.13
[WOBBLE_FIRE] team=2 losTgt=84.82
[WOBBLE_FIRE] team=2 losTgt=85.52
[WOBBLE_FIRE] team=2 losTgt=86.22
[WOBBLE_FIRE] team=2 losTgt=86.93
[WOBBLE_FIRE] team=2 losTgt=87.64
[WOBBLE_FIRE] team=2 losTgt=88.36
[WOBBLE_FIRE] team=2 losTgt=89.08
[WOBBLE_FIRE] team=2 losTgt=89.80
[WOBBLE_FIRE] team=2 losTgt=90.52
[WOBBLE_FIRE] team=2 losTgt=91.23
[WOBBLE_FIRE] team=2 losTgt=91.94
[WOBBLE_FIRE] team=2 losTgt=92.65
[WOBBLE_FIRE] team=2 losTgt=93.34
[WOBBLE_FIRE] team=2 losTgt=94.03
[WOBBLE_FIRE] team=2 losTgt=94.70
[WOBBLE_FIRE] team=2 losTgt=95.50
[WOBBLE_FIRE] team=2 losTgt=96.33
[WOBBLE_FIRE] team=2 losTgt=96.93
[WOBBLE_FIRE] team=2 losTgt=97.30
[WOBBLE_FIRE] team=2 losTgt=97.61
[WOBBLE_FIRE] team=2 losTgt=97.97
[WOBBLE_FIRE] team=2 losTgt=98.38
[WOBBLE_FIRE] team=2 losTgt=98.81
[WOBBLE_FIRE] team=2 losTgt=99.24
[WOBBLE_FIRE] team=2 losTgt=99.68
[WOBBLE_FIRE] team=2 losTgt=100.14
[WOBBLE_FIRE] team=2 losTgt=100.60
[WOBBLE_FIRE] team=2 losTgt=101.06
[WOBBLE_FIRE] team=2 losTgt=101.50
[WOBBLE_FIRE] team=2 losTgt=101.91
[WOBBLE_FIRE] team=2 losTgt=102.28
[WOBBLE_FIRE] team=2 losTgt=102.62
[WOBBLE_FIRE] team=2 losTgt=102.91
[WOBBLE_FIRE] team=2 losTgt=103.16
[WOBBLE_FIRE] team=2 losTgt=103.37
[WOBBLE_FIRE] team=2 losTgt=103.53
[WOBBLE_FIRE] team=2 losTgt=103.66
[WOBBLE_FIRE] team=2 losTgt=103.74
[WOBBLE_FIRE] team=2 losTgt=103.78
[WOBBLE_FIRE] team=2 losTgt=103.78
[WOBBLE_FIRE] team=2 losTgt=103.75
[WOBBLE_FIRE] team=2 losTgt=103.68
[WOBBLE_FIRE] team=2 losTgt=103.57
[WOBBLE_FIRE] team=2 losTgt=103.43
[WOBBLE_FIRE] team=2 losTgt=103.26
[WOBBLE_FIRE] team=2 losTgt=103.06
[WOBBLE_FIRE] team=2 losTgt=102.83
[WOBBLE_FIRE] team=2 losTgt=102.57
[WOBBLE_FIRE] team=2 losTgt=102.29
[WOBBLE_FIRE] team=2 losTgt=101.98
[WOBBLE_FIRE] team=2 losTgt=101.65
[WOBBLE_FIRE] team=2 losTgt=101.29
[WOBBLE_FIRE] team=2 losTgt=100.91
[WOBBLE_FIRE] team=2 losTgt=100.51
[WOBBLE_FIRE] team=2 losTgt=100.08
[WOBBLE_FIRE] team=2 losTgt=99.64
[WOBBLE_FIRE] team=2 losTgt=99.18
[WOBBLE_FIRE] team=2 losTgt=98.70
[WOBBLE_FIRE] team=2 losTgt=98.20
[WOBBLE_FIRE] team=2 losTgt=97.69
[WOBBLE_FIRE] team=2 losTgt=97.16
[WOBBLE_FIRE] team=2 losTgt=96.62
[WOBBLE_FIRE] team=2 losTgt=96.05
[WOBBLE_FIRE] team=2 losTgt=95.48
[WOBBLE_FIRE] team=2 losTgt=94.89
[WOBBLE_FIRE] team=2 losTgt=94.29
[WOBBLE_FIRE] team=2 losTgt=93.68
[WOBBLE_FIRE] team=2 losTgt=93.05
[WOBBLE_FIRE] team=2 losTgt=92.43
[WOBBLE_FIRE] team=2 losTgt=91.79
[WOBBLE_FIRE] team=2 losTgt=91.14
[WOBBLE_FIRE] team=2 losTgt=90.48
[WOBBLE_FIRE] team=2 losTgt=89.80
[WOBBLE_FIRE] team=2 losTgt=89.10
[WOBBLE_FIRE] team=2 losTgt=88.38
[WOBBLE_FIRE] team=2 losTgt=87.66
[WOBBLE_FIRE] team=2 losTgt=86.91
[WOBBLE_FIRE] team=2 losTgt=86.16
[WOBBLE_FIRE] team=2 losTgt=85.42
[WOBBLE_FIRE] team=2 losTgt=84.68
[WOBBLE_FIRE] team=2 losTgt=83.93
[WOBBLE_FIRE] team=2 losTgt=83.17
[WOBBLE_FIRE] team=2 losTgt=82.40
[WOBBLE_FIRE] team=2 losTgt=81.63
[WOBBLE_FIRE] team=2 losTgt=80.86
[WOBBLE_FIRE] team=2 losTgt=80.08
[WOBBLE_FIRE] team=2 losTgt=79.30
[WOBBLE_FIRE] team=2 losTgt=78.52
[WOBBLE_FIRE] team=2 losTgt=77.73
[WOBBLE_FIRE] team=2 losTgt=76.94
[WOBBLE_FIRE] team=2 losTgt=76.14
[WOBBLE_FIRE] team=2 losTgt=75.34
[WOBBLE_FIRE] team=2 losTgt=74.54
[WOBBLE_FIRE] team=2 losTgt=73.73
[WOBBLE_FIRE] team=2 losTgt=72.91
[WOBBLE_FIRE] team=2 losTgt=72.09
[WOBBLE_FIRE] team=2 losTgt=71.27
[WOBBLE_FIRE] team=2 losTgt=70.44
[WOBBLE_FIRE] team=2 losTgt=69.61
[WOBBLE_FIRE] team=2 losTgt=68.77
[WOBBLE_FIRE] team=2 losTgt=67.92
[WOBBLE_FIRE] team=2 losTgt=67.07
[WOBBLE_FIRE] team=2 losTgt=66.21
[WOBBLE_FIRE] team=2 losTgt=65.34
[WOBBLE_FIRE] team=2 losTgt=64.47
[WOBBLE_FIRE] team=2 losTgt=63.59
[WOBBLE_FIRE] team=2 losTgt=62.70
[WOBBLE_FIRE] team=2 losTgt=61.80
[WOBBLE_FIRE] team=2 losTgt=60.90
[WOBBLE_FIRE] team=2 losTgt=59.98
[WOBBLE_FIRE] team=2 losTgt=59.06
[WOBBLE_FIRE] team=2 losTgt=58.12
[WOBBLE_FIRE] team=2 losTgt=57.18
[WOBBLE_FIRE] team=2 losTgt=56.22
[WOBBLE_FIRE] team=2 losTgt=55.25
[WOBBLE_FIRE] team=2 losTgt=54.27
[WOBBLE_FIRE] team=2 losTgt=53.27
[WOBBLE_FIRE] team=2 losTgt=52.25
[WOBBLE_FIRE] team=2 losTgt=51.22
[WOBBLE_FIRE] team=2 losTgt=50.17
[WOBBLE_FIRE] team=2 losTgt=49.09
[WOBBLE_FIRE] team=2 losTgt=48.00
[WOBBLE_FIRE] team=2 losTgt=46.88
[WOBBLE_FIRE] team=2 losTgt=45.74
[WOBBLE_FIRE] team=2 losTgt=48.90
[WOBBLE_FIRE] team=2 losTgt=54.50
[WOBBLE_FIRE] team=2 losTgt=59.97
[WOBBLE_FIRE] team=2 losTgt=65.24
[WOBBLE_FIRE] team=2 losTgt=70.01
[WOBBLE_FIRE] team=2 losTgt=73.86
[WOBBLE_FIRE] team=2 losTgt=76.69
[WOBBLE_FIRE] team=2 losTgt=78.82
[WOBBLE_FIRE] team=2 losTgt=80.67
[WOBBLE_FIRE] team=2 losTgt=82.32
[WOBBLE_FIRE] team=2 losTgt=83.72
[WOBBLE_FIRE] team=2 losTgt=84.81
[WOBBLE_FIRE] team=2 losTgt=85.65
[WOBBLE_FIRE] team=2 losTgt=86.28
[WOBBLE_FIRE] team=2 losTgt=86.75
[WOBBLE_FIRE] team=2 losTgt=87.05
[WOBBLE_FIRE] team=2 losTgt=87.20
[WOBBLE_FIRE] team=2 losTgt=87.21
[WOBBLE_FIRE] team=2 losTgt=87.08
[WOBBLE_FIRE] team=2 losTgt=86.85
[WOBBLE_FIRE] team=2 losTgt=86.50
[WOBBLE_FIRE] team=2 losTgt=86.06
[WOBBLE_FIRE] team=2 losTgt=85.54
[WOBBLE_FIRE] team=2 losTgt=84.95
[WOBBLE_FIRE] team=2 losTgt=84.28
[WOBBLE_FIRE] team=2 losTgt=83.55
[WOBBLE_FIRE] team=2 losTgt=82.76
[WOBBLE_FIRE] team=2 losTgt=81.93
[WOBBLE_FIRE] team=2 losTgt=81.04
[WOBBLE_FIRE] team=2 losTgt=80.11
[WOBBLE_FIRE] team=2 losTgt=79.14
[WOBBLE_FIRE] team=2 losTgt=78.13
[WOBBLE_FIRE] team=2 losTgt=77.08
[WOBBLE_FIRE] team=2 losTgt=76.00
[WOBBLE_FIRE] team=2 losTgt=74.89
[WOBBLE_FIRE] team=2 losTgt=73.75
[WOBBLE_FIRE] team=2 losTgt=72.59
[WOBBLE_FIRE] team=2 losTgt=71.39
[WOBBLE_FIRE] team=2 losTgt=70.17
[WOBBLE_FIRE] team=2 losTgt=68.93
[WOBBLE_FIRE] team=2 losTgt=67.67
[WOBBLE_FIRE] team=2 losTgt=66.38
[WOBBLE_FIRE] team=2 losTgt=65.07
[WOBBLE_FIRE] team=2 losTgt=63.74
[WOBBLE_FIRE] team=2 losTgt=62.38
[WOBBLE_FIRE] team=2 losTgt=61.01
[WOBBLE_FIRE] team=2 losTgt=59.62
[WOBBLE_FIRE] team=2 losTgt=58.21
[WOBBLE_FIRE] team=2 losTgt=56.78
[WOBBLE_FIRE] team=2 losTgt=55.33
[WOBBLE_FIRE] team=2 losTgt=53.86
[WOBBLE_FIRE] team=2 losTgt=52.37
[WOBBLE_FIRE] team=2 losTgt=50.87
[WOBBLE_FIRE] team=2 losTgt=49.34
[WOBBLE_FIRE] team=2 losTgt=47.80
[WOBBLE_FIRE] team=2 losTgt=46.24
[WOBBLE_FIRE] team=2 losTgt=46.16
[WOBBLE_FIRE] team=2 losTgt=51.15
[WOBBLE_FIRE] team=2 losTgt=56.30
[WOBBLE_FIRE] team=2 losTgt=61.55
[WOBBLE_FIRE] team=2 losTgt=66.82
[WOBBLE_FIRE] team=2 losTgt=72.02
[WOBBLE_FIRE] team=2 losTgt=77.10
[WOBBLE_FIRE] team=2 losTgt=81.98
[WOBBLE_FIRE] team=2 losTgt=86.64
[WOBBLE_FIRE] team=2 losTgt=91.04
[WOBBLE_FIRE] team=2 losTgt=95.17
[WOBBLE_FIRE] team=2 losTgt=99.02
[WOBBLE_FIRE] team=2 losTgt=102.59
[WOBBLE_FIRE] team=2 losTgt=105.89
[WOBBLE_FIRE] team=2 losTgt=108.94
[WOBBLE_FIRE] team=2 losTgt=111.74
[WOBBLE_FIRE] team=2 losTgt=114.32
[WOBBLE_FIRE] team=2 losTgt=116.67
[WOBBLE_FIRE] team=2 losTgt=118.82
[WOBBLE_FIRE] team=2 losTgt=120.79
[WOBBLE_FIRE] team=2 losTgt=122.58
[WOBBLE_FIRE] team=2 losTgt=124.20
[WOBBLE_FIRE] team=2 losTgt=125.66
[WOBBLE_FIRE] team=2 losTgt=126.98
[WOBBLE_FIRE] team=2 losTgt=128.15
[WOBBLE_FIRE] team=2 losTgt=129.19
[WOBBLE_FIRE] team=2 losTgt=130.10
[WOBBLE_FIRE] team=2 losTgt=130.90
[WOBBLE_FIRE] team=2 losTgt=131.57
[WOBBLE_FIRE] team=2 losTgt=132.14
[WOBBLE_FIRE] team=2 losTgt=132.60
[WOBBLE_FIRE] team=2 losTgt=132.96
[WOBBLE_FIRE] team=2 losTgt=133.22
[WOBBLE_FIRE] team=2 losTgt=133.39
[WOBBLE_FIRE] team=2 losTgt=133.68
[WOBBLE_FIRE] team=2 losTgt=133.91
[WOBBLE_FIRE] team=2 losTgt=133.58
[WOBBLE_FIRE] team=2 losTgt=132.56
[WOBBLE_FIRE] team=2 losTgt=131.30
[WOBBLE_FIRE] team=2 losTgt=130.08
[WOBBLE_FIRE] team=2 losTgt=128.90
[WOBBLE_FIRE] team=2 losTgt=127.73
[WOBBLE_FIRE] team=2 losTgt=126.58
[WOBBLE_FIRE] team=2 losTgt=125.45
[WOBBLE_FIRE] team=2 losTgt=124.34
[WOBBLE_FIRE] team=2 losTgt=123.25
[WOBBLE_FIRE] team=2 losTgt=122.16
[WOBBLE_FIRE] team=2 losTgt=121.07
[WOBBLE_FIRE] team=2 losTgt=119.97
[WOBBLE_FIRE] team=2 losTgt=118.87
[WOBBLE_FIRE] team=2 losTgt=117.77
[WOBBLE_FIRE] team=2 losTgt=116.66
[WOBBLE_FIRE] team=2 losTgt=115.54
[WOBBLE_FIRE] team=2 losTgt=114.42
[WOBBLE_FIRE] team=2 losTgt=113.29
[WOBBLE_FIRE] team=2 losTgt=112.16
[WOBBLE_FIRE] team=2 losTgt=111.02
[WOBBLE_FIRE] team=2 losTgt=109.88
[WOBBLE_FIRE] team=2 losTgt=108.74
[WOBBLE_FIRE] team=2 losTgt=107.59
[WOBBLE_FIRE] team=2 losTgt=106.43
[WOBBLE_FIRE] team=2 losTgt=105.27
[WOBBLE_FIRE] team=2 losTgt=104.11
[WOBBLE_FIRE] team=2 losTgt=102.94
[WOBBLE_FIRE] team=2 losTgt=101.77
[WOBBLE_FIRE] team=2 losTgt=100.59
[WOBBLE_FIRE] team=2 losTgt=99.42
[WOBBLE_FIRE] team=2 losTgt=98.24
[WOBBLE_FIRE] team=2 losTgt=97.06
[WOBBLE_FIRE] team=2 losTgt=95.88
[WOBBLE_FIRE] team=2 losTgt=94.70
[WOBBLE_FIRE] team=2 losTgt=93.52
[WOBBLE_FIRE] team=2 losTgt=92.34
[WOBBLE_FIRE] team=2 losTgt=91.16
[WOBBLE_FIRE] team=2 losTgt=89.98
[WOBBLE_FIRE] team=2 losTgt=88.79
[WOBBLE_FIRE] team=2 losTgt=87.61
[WOBBLE_FIRE] team=2 losTgt=86.43
[WOBBLE_FIRE] team=2 losTgt=85.24
[WOBBLE_FIRE] team=2 losTgt=84.06
[WOBBLE_FIRE] team=2 losTgt=82.87
[WOBBLE_FIRE] team=2 losTgt=81.69
[WOBBLE_FIRE] team=2 losTgt=80.50
[WOBBLE_FIRE] team=2 losTgt=79.31
[WOBBLE_FIRE] team=2 losTgt=78.13
[WOBBLE_FIRE] team=2 losTgt=76.94
[WOBBLE_FIRE] team=2 losTgt=75.75
[WOBBLE_FIRE] team=2 losTgt=74.56
[WOBBLE_FIRE] team=2 losTgt=73.38
[WOBBLE_FIRE] team=2 losTgt=72.19
[WOBBLE_FIRE] team=2 losTgt=71.00
[WOBBLE_FIRE] team=2 losTgt=69.81
[WOBBLE_FIRE] team=2 losTgt=68.63
[WOBBLE_FIRE] team=2 losTgt=67.44
[WOBBLE_FIRE] team=2 losTgt=66.28
[WOBBLE_FIRE] team=2 losTgt=65.12
[WOBBLE_FIRE] team=2 losTgt=63.95
[WOBBLE_FIRE] team=2 losTgt=62.77
[WOBBLE_FIRE] team=2 losTgt=61.62
[WOBBLE_FIRE] team=2 losTgt=60.46
[WOBBLE_FIRE] team=2 losTgt=59.25
[WOBBLE_FIRE] team=2 losTgt=58.01
[WOBBLE_FIRE] team=2 losTgt=56.75
[WOBBLE_FIRE] team=2 losTgt=55.46
[WOBBLE_FIRE] team=2 losTgt=54.16
[WOBBLE_FIRE] team=2 losTgt=52.85
[WOBBLE_FIRE] team=2 losTgt=51.52
[WOBBLE_FIRE] team=2 losTgt=50.17
[WOBBLE_FIRE] team=2 losTgt=48.80
[WOBBLE_FIRE] team=2 losTgt=47.40
[WOBBLE_FIRE] team=2 losTgt=45.97
[WOBBLE_FIRE] team=2 losTgt=45.09
[WOBBLE_FIRE] team=2 losTgt=47.39
[WOBBLE_FIRE] team=2 losTgt=49.77
[WOBBLE_FIRE] team=2 losTgt=52.20
[WOBBLE_FIRE] team=2 losTgt=54.64
[WOBBLE_FIRE] team=2 losTgt=57.08
[WOBBLE_FIRE] team=2 losTgt=59.47
[WOBBLE_FIRE] team=2 losTgt=61.78
[WOBBLE_FIRE] team=2 losTgt=64.00
[WOBBLE_FIRE] team=2 losTgt=66.11
[WOBBLE_FIRE] team=2 losTgt=68.10
[WOBBLE_FIRE] team=2 losTgt=69.96
[WOBBLE_FIRE] team=2 losTgt=71.66
[WOBBLE_FIRE] team=2 losTgt=73.20
[WOBBLE_FIRE] team=2 losTgt=74.59
[WOBBLE_FIRE] team=2 losTgt=75.82
[WOBBLE_FIRE] team=2 losTgt=76.88
[WOBBLE_FIRE] team=2 losTgt=77.79
[WOBBLE_FIRE] team=2 losTgt=78.56
[WOBBLE_FIRE] team=2 losTgt=79.17
[WOBBLE_FIRE] team=2 losTgt=79.64
[WOBBLE_FIRE] team=2 losTgt=79.98
[WOBBLE_FIRE] team=2 losTgt=80.20
[WOBBLE_FIRE] team=2 losTgt=80.30
[WOBBLE_FIRE] team=2 losTgt=80.29
[WOBBLE_FIRE] team=2 losTgt=80.16
[WOBBLE_FIRE] team=2 losTgt=79.94
[WOBBLE_FIRE] team=2 losTgt=79.62
[WOBBLE_FIRE] team=2 losTgt=79.22
[WOBBLE_FIRE] team=2 losTgt=78.73
[WOBBLE_FIRE] team=2 losTgt=78.16
[WOBBLE_FIRE] team=2 losTgt=77.51
[WOBBLE_FIRE] team=2 losTgt=76.80
[WOBBLE_FIRE] team=2 losTgt=76.02
[WOBBLE_FIRE] team=2 losTgt=75.18
[WOBBLE_FIRE] team=2 losTgt=74.28
[WOBBLE_FIRE] team=2 losTgt=73.32
[WOBBLE_FIRE] team=2 losTgt=72.31
[WOBBLE_FIRE] team=2 losTgt=71.25
[WOBBLE_FIRE] team=2 losTgt=70.14
[WOBBLE_FIRE] team=2 losTgt=68.98
[WOBBLE_FIRE] team=2 losTgt=67.79
[WOBBLE_FIRE] team=2 losTgt=66.54
[WOBBLE_FIRE] team=2 losTgt=65.26
[WOBBLE_FIRE] team=2 losTgt=63.93
[WOBBLE_FIRE] team=2 losTgt=62.57
[WOBBLE_FIRE] team=2 losTgt=61.17
[WOBBLE_FIRE] team=2 losTgt=59.73
[WOBBLE_FIRE] team=2 losTgt=58.27
[WOBBLE_FIRE] team=2 losTgt=56.80
[WOBBLE_FIRE] team=2 losTgt=55.31
[WOBBLE_FIRE] team=2 losTgt=53.82
[WOBBLE_FIRE] team=2 losTgt=52.31
[WOBBLE_FIRE] team=2 losTgt=50.78
[WOBBLE_FIRE] team=2 losTgt=49.24
[WOBBLE_FIRE] team=2 losTgt=47.68
[WOBBLE_FIRE] team=2 losTgt=46.11
[WOBBLE_FIRE] team=2 losTgt=45.46
[WOBBLE_FIRE] team=2 losTgt=48.23
[WOBBLE_FIRE] team=2 losTgt=50.64
[WOBBLE_FIRE] team=2 losTgt=52.71
[WOBBLE_FIRE] team=2 losTgt=54.49
[WOBBLE_FIRE] team=2 losTgt=56.01
[WOBBLE_FIRE] team=2 losTgt=57.35
[WOBBLE_FIRE] team=2 losTgt=58.49
[WOBBLE_FIRE] team=2 losTgt=59.49
[WOBBLE_FIRE] team=2 losTgt=60.35
[WOBBLE_FIRE] team=2 losTgt=61.07
[WOBBLE_FIRE] team=2 losTgt=61.67
[WOBBLE_FIRE] team=2 losTgt=62.17
[WOBBLE_FIRE] team=2 losTgt=62.57
[WOBBLE_FIRE] team=2 losTgt=62.90
[WOBBLE_FIRE] team=2 losTgt=63.14
[WOBBLE_FIRE] team=2 losTgt=63.29
[WOBBLE_FIRE] team=2 losTgt=63.40
[WOBBLE_FIRE] team=2 losTgt=63.43
[WOBBLE_FIRE] team=2 losTgt=63.42
[WOBBLE_FIRE] team=2 losTgt=63.35
[WOBBLE_FIRE] team=2 losTgt=63.23
[WOBBLE_FIRE] team=2 losTgt=63.09
[WOBBLE_FIRE] team=2 losTgt=62.91
[WOBBLE_FIRE] team=2 losTgt=62.70
[WOBBLE_FIRE] team=2 losTgt=62.45
[WOBBLE_FIRE] team=2 losTgt=62.21
[WOBBLE_FIRE] team=2 losTgt=61.91
[WOBBLE_FIRE] team=2 losTgt=61.62
[WOBBLE_FIRE] team=2 losTgt=61.28
[WOBBLE_FIRE] team=2 losTgt=60.92
[WOBBLE_FIRE] team=2 losTgt=60.52
[WOBBLE_FIRE] team=2 losTgt=60.06
[WOBBLE_FIRE] team=2 losTgt=59.56
[WOBBLE_FIRE] team=2 losTgt=59.03
[WOBBLE_FIRE] team=2 losTgt=58.43
[WOBBLE_FIRE] team=2 losTgt=57.80
[WOBBLE_FIRE] team=2 losTgt=57.10
[WOBBLE_FIRE] team=2 losTgt=56.35
[WOBBLE_FIRE] team=2 losTgt=55.54
[WOBBLE_FIRE] team=2 losTgt=54.68
[WOBBLE_FIRE] team=2 losTgt=53.76
[WOBBLE_FIRE] team=2 losTgt=52.79
[WOBBLE_FIRE] team=2 losTgt=51.77
[WOBBLE_FIRE] team=2 losTgt=50.71
[WOBBLE_FIRE] team=2 losTgt=49.60
[WOBBLE_FIRE] team=2 losTgt=48.44
[WOBBLE_FIRE] team=2 losTgt=47.22
[WOBBLE_FIRE] team=2 losTgt=45.96
runner:local/env:0	num_steps=[11999] | total rewards=[1230.7779] | termination= [max time out]
[seed 6] reward=  1230.78 ownHP=1.0000 tgtHP=0.1010 max time out
total: 2
[WOBBLE_FIRE] team=2 losTgt=54.16
[WOBBLE_FIRE] team=2 losTgt=53.89
[WOBBLE_FIRE] team=2 losTgt=53.00
[WOBBLE_FIRE] team=2 losTgt=52.06
[WOBBLE_FIRE] team=2 losTgt=51.10
[WOBBLE_FIRE] team=2 losTgt=50.02
[WOBBLE_FIRE] team=2 losTgt=48.72
[WOBBLE_FIRE] team=2 losTgt=47.21
[WOBBLE_FIRE] team=2 losTgt=45.72
[WOBBLE_FIRE] team=2 losTgt=45.98
[WOBBLE_FIRE] team=2 losTgt=50.15
[WOBBLE_FIRE] team=2 losTgt=54.50
[WOBBLE_FIRE] team=2 losTgt=58.94
[WOBBLE_FIRE] team=2 losTgt=63.35
[WOBBLE_FIRE] team=2 losTgt=67.64
[WOBBLE_FIRE] team=2 losTgt=71.74
[WOBBLE_FIRE] team=2 losTgt=75.58
[WOBBLE_FIRE] team=2 losTgt=79.13
[WOBBLE_FIRE] team=2 losTgt=82.37
[WOBBLE_FIRE] team=2 losTgt=85.30
[WOBBLE_FIRE] team=2 losTgt=87.90
[WOBBLE_FIRE] team=2 losTgt=90.20
[WOBBLE_FIRE] team=2 losTgt=92.22
[WOBBLE_FIRE] team=2 losTgt=93.97
[WOBBLE_FIRE] team=2 losTgt=95.48
[WOBBLE_FIRE] team=2 losTgt=96.76
[WOBBLE_FIRE] team=2 losTgt=97.83
[WOBBLE_FIRE] team=2 losTgt=98.70
[WOBBLE_FIRE] team=2 losTgt=99.42
[WOBBLE_FIRE] team=2 losTgt=100.00
[WOBBLE_FIRE] team=2 losTgt=100.47
[WOBBLE_FIRE] team=2 losTgt=100.83
[WOBBLE_FIRE] team=2 losTgt=101.09
[WOBBLE_FIRE] team=2 losTgt=101.27
[WOBBLE_FIRE] team=2 losTgt=101.36
[WOBBLE_FIRE] team=2 losTgt=101.38
[WOBBLE_FIRE] team=2 losTgt=101.33
[WOBBLE_FIRE] team=2 losTgt=101.23
[WOBBLE_FIRE] team=2 losTgt=101.06
[WOBBLE_FIRE] team=2 losTgt=100.84
[WOBBLE_FIRE] team=2 losTgt=100.58
[WOBBLE_FIRE] team=2 losTgt=100.27
[WOBBLE_FIRE] team=2 losTgt=99.94
[WOBBLE_FIRE] team=2 losTgt=99.57
[WOBBLE_FIRE] team=2 losTgt=99.17
[WOBBLE_FIRE] team=2 losTgt=98.74
[WOBBLE_FIRE] team=2 losTgt=98.28
[WOBBLE_FIRE] team=2 losTgt=97.80
[WOBBLE_FIRE] team=2 losTgt=97.30
[WOBBLE_FIRE] team=2 losTgt=96.77
[WOBBLE_FIRE] team=2 losTgt=96.21
[WOBBLE_FIRE] team=2 losTgt=95.64
[WOBBLE_FIRE] team=2 losTgt=95.04
[WOBBLE_FIRE] team=2 losTgt=94.43
[WOBBLE_FIRE] team=2 losTgt=93.80
[WOBBLE_FIRE] team=2 losTgt=93.15
[WOBBLE_FIRE] team=2 losTgt=92.48
[WOBBLE_FIRE] team=2 losTgt=91.80
[WOBBLE_FIRE] team=2 losTgt=91.10
[WOBBLE_FIRE] team=2 losTgt=90.39
[WOBBLE_FIRE] team=2 losTgt=89.67
[WOBBLE_FIRE] team=2 losTgt=88.94
[WOBBLE_FIRE] team=2 losTgt=88.20
[WOBBLE_FIRE] team=2 losTgt=87.44
[WOBBLE_FIRE] team=2 losTgt=86.68
[WOBBLE_FIRE] team=2 losTgt=85.91
[WOBBLE_FIRE] team=2 losTgt=85.12
[WOBBLE_FIRE] team=2 losTgt=84.34
[WOBBLE_FIRE] team=2 losTgt=83.56
[WOBBLE_FIRE] team=2 losTgt=82.77
[WOBBLE_FIRE] team=2 losTgt=81.96
[WOBBLE_FIRE] team=2 losTgt=81.13
[WOBBLE_FIRE] team=2 losTgt=80.29
[WOBBLE_FIRE] team=2 losTgt=79.43
[WOBBLE_FIRE] team=2 losTgt=78.56
[WOBBLE_FIRE] team=2 losTgt=77.68
[WOBBLE_FIRE] team=2 losTgt=76.79
[WOBBLE_FIRE] team=2 losTgt=75.90
[WOBBLE_FIRE] team=2 losTgt=74.99
[WOBBLE_FIRE] team=2 losTgt=74.08
[WOBBLE_FIRE] team=2 losTgt=73.16
[WOBBLE_FIRE] team=2 losTgt=72.24
[WOBBLE_FIRE] team=2 losTgt=71.30
[WOBBLE_FIRE] team=2 losTgt=70.36
[WOBBLE_FIRE] team=2 losTgt=69.42
[WOBBLE_FIRE] team=2 losTgt=68.46
[WOBBLE_FIRE] team=2 losTgt=67.51
[WOBBLE_FIRE] team=2 losTgt=66.54
[WOBBLE_FIRE] team=2 losTgt=65.57
[WOBBLE_FIRE] team=2 losTgt=64.59
[WOBBLE_FIRE] team=2 losTgt=63.60
[WOBBLE_FIRE] team=2 losTgt=62.61
[WOBBLE_FIRE] team=2 losTgt=61.61
[WOBBLE_FIRE] team=2 losTgt=60.60
[WOBBLE_FIRE] team=2 losTgt=59.58
[WOBBLE_FIRE] team=2 losTgt=58.56
[WOBBLE_FIRE] team=2 losTgt=57.53
[WOBBLE_FIRE] team=2 losTgt=56.49
[WOBBLE_FIRE] team=2 losTgt=55.44
[WOBBLE_FIRE] team=2 losTgt=54.38
[WOBBLE_FIRE] team=2 losTgt=53.32
[WOBBLE_FIRE] team=2 losTgt=52.24
[WOBBLE_FIRE] team=2 losTgt=51.16
[WOBBLE_FIRE] team=2 losTgt=50.06
[WOBBLE_FIRE] team=2 losTgt=48.96
[WOBBLE_FIRE] team=2 losTgt=47.84
[WOBBLE_FIRE] team=2 losTgt=46.72
[WOBBLE_FIRE] team=2 losTgt=45.58
[WOBBLE_FIRE] team=2 losTgt=45.35
[WOBBLE_FIRE] team=2 losTgt=47.55
[WOBBLE_FIRE] team=2 losTgt=49.67
[WOBBLE_FIRE] team=2 losTgt=51.69
[WOBBLE_FIRE] team=2 losTgt=53.59
[WOBBLE_FIRE] team=2 losTgt=55.37
[WOBBLE_FIRE] team=2 losTgt=57.02
[WOBBLE_FIRE] team=2 losTgt=58.54
[WOBBLE_FIRE] team=2 losTgt=59.92
[WOBBLE_FIRE] team=2 losTgt=61.16
[WOBBLE_FIRE] team=2 losTgt=62.25
[WOBBLE_FIRE] team=2 losTgt=63.18
[WOBBLE_FIRE] team=2 losTgt=63.96
[WOBBLE_FIRE] team=2 losTgt=64.59
[WOBBLE_FIRE] team=2 losTgt=65.08
[WOBBLE_FIRE] team=2 losTgt=65.45
[WOBBLE_FIRE] team=2 losTgt=65.70
[WOBBLE_FIRE] team=2 losTgt=65.84
[WOBBLE_FIRE] team=2 losTgt=65.87
[WOBBLE_FIRE] team=2 losTgt=65.81
[WOBBLE_FIRE] team=2 losTgt=65.65
[WOBBLE_FIRE] team=2 losTgt=65.42
[WOBBLE_FIRE] team=2 losTgt=65.10
[WOBBLE_FIRE] team=2 losTgt=64.71
[WOBBLE_FIRE] team=2 losTgt=64.26
[WOBBLE_FIRE] team=2 losTgt=63.74
[WOBBLE_FIRE] team=2 losTgt=63.16
[WOBBLE_FIRE] team=2 losTgt=62.53
[WOBBLE_FIRE] team=2 losTgt=61.84
[WOBBLE_FIRE] team=2 losTgt=61.11
[WOBBLE_FIRE] team=2 losTgt=60.32
[WOBBLE_FIRE] team=2 losTgt=59.49
[WOBBLE_FIRE] team=2 losTgt=58.62
[WOBBLE_FIRE] team=2 losTgt=57.71
[WOBBLE_FIRE] team=2 losTgt=56.75
[WOBBLE_FIRE] team=2 losTgt=55.76
[WOBBLE_FIRE] team=2 losTgt=54.74
[WOBBLE_FIRE] team=2 losTgt=53.67
[WOBBLE_FIRE] team=2 losTgt=52.57
[WOBBLE_FIRE] team=2 losTgt=51.44
[WOBBLE_FIRE] team=2 losTgt=50.27
[WOBBLE_FIRE] team=2 losTgt=49.07
[WOBBLE_FIRE] team=2 losTgt=47.83
[WOBBLE_FIRE] team=2 losTgt=46.56
[WOBBLE_FIRE] team=2 losTgt=45.25
[WOBBLE_FIRE] team=2 losTgt=45.40
[WOBBLE_FIRE] team=2 losTgt=45.99
[WOBBLE_FIRE] team=2 losTgt=46.54
[WOBBLE_FIRE] team=2 losTgt=47.04
[WOBBLE_FIRE] team=2 losTgt=47.50
[WOBBLE_FIRE] team=2 losTgt=47.91
[WOBBLE_FIRE] team=2 losTgt=48.27
[WOBBLE_FIRE] team=2 losTgt=48.60
[WOBBLE_FIRE] team=2 losTgt=48.87
[WOBBLE_FIRE] team=2 losTgt=49.11
[WOBBLE_FIRE] team=2 losTgt=49.29
[WOBBLE_FIRE] team=2 losTgt=49.43
[WOBBLE_FIRE] team=2 losTgt=49.51
[WOBBLE_FIRE] team=2 losTgt=49.56
[WOBBLE_FIRE] team=2 losTgt=49.56
[WOBBLE_FIRE] team=2 losTgt=49.52
[WOBBLE_FIRE] team=2 losTgt=49.44
[WOBBLE_FIRE] team=2 losTgt=49.33
[WOBBLE_FIRE] team=2 losTgt=49.18
[WOBBLE_FIRE] team=2 losTgt=49.00
[WOBBLE_FIRE] team=2 losTgt=48.78
[WOBBLE_FIRE] team=2 losTgt=48.54
[WOBBLE_FIRE] team=2 losTgt=48.26
[WOBBLE_FIRE] team=2 losTgt=47.96
[WOBBLE_FIRE] team=2 losTgt=47.63
[WOBBLE_FIRE] team=2 losTgt=47.28
[WOBBLE_FIRE] team=2 losTgt=46.90
[WOBBLE_FIRE] team=2 losTgt=46.51
[WOBBLE_FIRE] team=2 losTgt=46.11
[WOBBLE_FIRE] team=2 losTgt=45.68
[WOBBLE_FIRE] team=2 losTgt=45.24
runner:local/env:0	num_steps=[5551] | total rewards=[582.2134] | termination= [target destroyed]
[seed 7] reward=   582.21 ownHP=1.0000 tgtHP=-0.0019 target destroyed
total: 2
[WOBBLE_FIRE] team=2 losTgt=123.94
[WOBBLE_FIRE] team=2 losTgt=123.89
[WOBBLE_FIRE] team=2 losTgt=123.76
[WOBBLE_FIRE] team=2 losTgt=123.65
[WOBBLE_FIRE] team=2 losTgt=123.59
[WOBBLE_FIRE] team=2 losTgt=123.53
[WOBBLE_FIRE] team=2 losTgt=123.34
[WOBBLE_FIRE] team=2 losTgt=122.85
[WOBBLE_FIRE] team=2 losTgt=121.94
[WOBBLE_FIRE] team=2 losTgt=120.54
[WOBBLE_FIRE] team=2 losTgt=118.86
[WOBBLE_FIRE] team=2 losTgt=117.29
[WOBBLE_FIRE] team=2 losTgt=115.97
[WOBBLE_FIRE] team=2 losTgt=114.85
[WOBBLE_FIRE] team=2 losTgt=113.87
[WOBBLE_FIRE] team=2 losTgt=112.96
[WOBBLE_FIRE] team=2 losTgt=112.11
[WOBBLE_FIRE] team=2 losTgt=111.30
[WOBBLE_FIRE] team=2 losTgt=110.55
[WOBBLE_FIRE] team=2 losTgt=109.84
[WOBBLE_FIRE] team=2 losTgt=109.16
[WOBBLE_FIRE] team=2 losTgt=108.52
[WOBBLE_FIRE] team=2 losTgt=107.90
[WOBBLE_FIRE] team=2 losTgt=107.29
[WOBBLE_FIRE] team=2 losTgt=106.71
[WOBBLE_FIRE] team=2 losTgt=106.15
[WOBBLE_FIRE] team=2 losTgt=105.61
[WOBBLE_FIRE] team=2 losTgt=105.08
[WOBBLE_FIRE] team=2 losTgt=104.58
[WOBBLE_FIRE] team=2 losTgt=104.12
[WOBBLE_FIRE] team=2 losTgt=103.69
[WOBBLE_FIRE] team=2 losTgt=103.25
[WOBBLE_FIRE] team=2 losTgt=102.84
[WOBBLE_FIRE] team=2 losTgt=102.43
[WOBBLE_FIRE] team=2 losTgt=102.03
[WOBBLE_FIRE] team=2 losTgt=101.63
[WOBBLE_FIRE] team=2 losTgt=101.27
[WOBBLE_FIRE] team=2 losTgt=100.94
[WOBBLE_FIRE] team=2 losTgt=100.65
[WOBBLE_FIRE] team=2 losTgt=100.39
[WOBBLE_FIRE] team=2 losTgt=100.16
[WOBBLE_FIRE] team=2 losTgt=99.95
[WOBBLE_FIRE] team=2 losTgt=99.77
[WOBBLE_FIRE] team=2 losTgt=99.59
[WOBBLE_FIRE] team=2 losTgt=99.42
[WOBBLE_FIRE] team=2 losTgt=99.27
[WOBBLE_FIRE] team=2 losTgt=99.14
[WOBBLE_FIRE] team=2 losTgt=99.02
[WOBBLE_FIRE] team=2 losTgt=98.91
[WOBBLE_FIRE] team=2 losTgt=98.82
[WOBBLE_FIRE] team=2 losTgt=98.74
[WOBBLE_FIRE] team=2 losTgt=98.67
[WOBBLE_FIRE] team=2 losTgt=98.62
[WOBBLE_FIRE] team=2 losTgt=98.59
[WOBBLE_FIRE] team=2 losTgt=98.57
[WOBBLE_FIRE] team=2 losTgt=98.58
[WOBBLE_FIRE] team=2 losTgt=98.60
[WOBBLE_FIRE] team=2 losTgt=98.65
[WOBBLE_FIRE] team=2 losTgt=98.72
[WOBBLE_FIRE] team=2 losTgt=98.82
[WOBBLE_FIRE] team=2 losTgt=98.94
[WOBBLE_FIRE] team=2 losTgt=99.09
[WOBBLE_FIRE] team=2 losTgt=99.26
[WOBBLE_FIRE] team=2 losTgt=99.46
[WOBBLE_FIRE] team=2 losTgt=99.68
[WOBBLE_FIRE] team=2 losTgt=99.94
[WOBBLE_FIRE] team=2 losTgt=100.22
[WOBBLE_FIRE] team=2 losTgt=100.53
[WOBBLE_FIRE] team=2 losTgt=100.88
[WOBBLE_FIRE] team=2 losTgt=101.26
[WOBBLE_FIRE] team=2 losTgt=101.67
[WOBBLE_FIRE] team=2 losTgt=102.12
[WOBBLE_FIRE] team=2 losTgt=102.61
[WOBBLE_FIRE] team=2 losTgt=103.15
[WOBBLE_FIRE] team=2 losTgt=103.73
[WOBBLE_FIRE] team=2 losTgt=104.35
[WOBBLE_FIRE] team=2 losTgt=105.03
[WOBBLE_FIRE] team=2 losTgt=105.77
[WOBBLE_FIRE] team=2 losTgt=106.56
[WOBBLE_FIRE] team=2 losTgt=107.42
[WOBBLE_FIRE] team=2 losTgt=108.34
[WOBBLE_FIRE] team=2 losTgt=109.32
[WOBBLE_FIRE] team=2 losTgt=110.38
[WOBBLE_FIRE] team=2 losTgt=111.50
[WOBBLE_FIRE] team=2 losTgt=112.69
[WOBBLE_FIRE] team=2 losTgt=113.97
[WOBBLE_FIRE] team=2 losTgt=115.32
[WOBBLE_FIRE] team=2 losTgt=116.79
[WOBBLE_FIRE] team=2 losTgt=118.35
[WOBBLE_FIRE] team=2 losTgt=120.05
[WOBBLE_FIRE] team=2 losTgt=121.88
[WOBBLE_FIRE] team=2 losTgt=123.82
[WOBBLE_FIRE] team=2 losTgt=125.91
[WOBBLE_FIRE] team=2 losTgt=128.14
[WOBBLE_FIRE] team=2 losTgt=130.50
[WOBBLE_FIRE] team=2 losTgt=132.99
[WOBBLE_FIRE] team=2 losTgt=135.64
[WOBBLE_FIRE] team=2 losTgt=138.43
[WOBBLE_FIRE] team=2 losTgt=141.34
[WOBBLE_FIRE] team=2 losTgt=144.39
[WOBBLE_FIRE] team=2 losTgt=147.77
[WOBBLE_FIRE] team=2 losTgt=151.53
[WOBBLE_FIRE] team=2 losTgt=155.43
[WOBBLE_FIRE] team=2 losTgt=159.19
[WOBBLE_FIRE] team=2 losTgt=162.70
[WOBBLE_FIRE] team=2 losTgt=165.79
[WOBBLE_FIRE] team=2 losTgt=168.14
[WOBBLE_FIRE] team=2 losTgt=169.12
[WOBBLE_FIRE] team=2 losTgt=168.47
[WOBBLE_FIRE] team=2 losTgt=166.73
[WOBBLE_FIRE] team=2 losTgt=164.45
[WOBBLE_FIRE] team=2 losTgt=161.92
[WOBBLE_FIRE] team=2 losTgt=159.29
[WOBBLE_FIRE] team=2 losTgt=156.51
[WOBBLE_FIRE] team=2 losTgt=153.69
[WOBBLE_FIRE] team=2 losTgt=151.03
[WOBBLE_FIRE] team=2 losTgt=148.65
[WOBBLE_FIRE] team=2 losTgt=146.69
[WOBBLE_FIRE] team=2 losTgt=145.18
[WOBBLE_FIRE] team=2 losTgt=144.02
[WOBBLE_FIRE] team=2 losTgt=143.04
[WOBBLE_FIRE] team=2 losTgt=142.05
[WOBBLE_FIRE] team=2 losTgt=141.18
[WOBBLE_FIRE] team=2 losTgt=140.46
[WOBBLE_FIRE] team=2 losTgt=139.93
[WOBBLE_FIRE] team=2 losTgt=139.57
[WOBBLE_FIRE] team=2 losTgt=139.33
[WOBBLE_FIRE] team=2 losTgt=139.17
[WOBBLE_FIRE] team=2 losTgt=139.14
[WOBBLE_FIRE] team=2 losTgt=139.28
[WOBBLE_FIRE] team=2 losTgt=139.54
[WOBBLE_FIRE] team=2 losTgt=139.96
[WOBBLE_FIRE] team=2 losTgt=140.54
[WOBBLE_FIRE] team=2 losTgt=141.32
[WOBBLE_FIRE] team=2 losTgt=142.27
[WOBBLE_FIRE] team=2 losTgt=143.46
[WOBBLE_FIRE] team=2 losTgt=144.99
[WOBBLE_FIRE] team=2 losTgt=146.58
[WOBBLE_FIRE] team=2 losTgt=148.20
[WOBBLE_FIRE] team=2 losTgt=150.01
[WOBBLE_FIRE] team=2 losTgt=152.27
[WOBBLE_FIRE] team=2 losTgt=154.99
[WOBBLE_FIRE] team=2 losTgt=157.89
[WOBBLE_FIRE] team=2 losTgt=160.75
[WOBBLE_FIRE] team=2 losTgt=163.36
[WOBBLE_FIRE] team=2 losTgt=165.61
[WOBBLE_FIRE] team=2 losTgt=167.20
[WOBBLE_FIRE] team=2 losTgt=167.67
[WOBBLE_FIRE] team=2 losTgt=166.91
[WOBBLE_FIRE] team=2 losTgt=165.39
[WOBBLE_FIRE] team=2 losTgt=163.54
[WOBBLE_FIRE] team=2 losTgt=161.60
[WOBBLE_FIRE] team=2 losTgt=159.75
[WOBBLE_FIRE] team=2 losTgt=158.00
[WOBBLE_FIRE] team=2 losTgt=156.35
[WOBBLE_FIRE] team=2 losTgt=154.90
[WOBBLE_FIRE] team=2 losTgt=153.65
[WOBBLE_FIRE] team=2 losTgt=152.56
[WOBBLE_FIRE] team=2 losTgt=151.68
[WOBBLE_FIRE] team=2 losTgt=150.98
[WOBBLE_FIRE] team=2 losTgt=150.44
[WOBBLE_FIRE] team=2 losTgt=150.07
[WOBBLE_FIRE] team=2 losTgt=149.87
[WOBBLE_FIRE] team=2 losTgt=149.86
[WOBBLE_FIRE] team=2 losTgt=149.97
[WOBBLE_FIRE] team=2 losTgt=150.28
[WOBBLE_FIRE] team=2 losTgt=150.77
[WOBBLE_FIRE] team=2 losTgt=151.44
[WOBBLE_FIRE] team=2 losTgt=152.27
[WOBBLE_FIRE] team=2 losTgt=153.16
[WOBBLE_FIRE] team=2 losTgt=154.14
[WOBBLE_FIRE] team=2 losTgt=155.15
[WOBBLE_FIRE] team=2 losTgt=156.15
[WOBBLE_FIRE] team=2 losTgt=157.33
[WOBBLE_FIRE] team=2 losTgt=159.35
[WOBBLE_FIRE] team=2 losTgt=161.72
[WOBBLE_FIRE] team=2 losTgt=162.90
[WOBBLE_FIRE] team=2 losTgt=163.10
[WOBBLE_FIRE] team=2 losTgt=163.83
[WOBBLE_FIRE] team=2 losTgt=166.33
[WOBBLE_FIRE] team=2 losTgt=168.68
[WOBBLE_FIRE] team=2 losTgt=170.17
[WOBBLE_FIRE] team=2 losTgt=170.90
[WOBBLE_FIRE] team=2 losTgt=170.09
[WOBBLE_FIRE] team=2 losTgt=168.74
[WOBBLE_FIRE] team=2 losTgt=166.94
[WOBBLE_FIRE] team=2 losTgt=165.38
[WOBBLE_FIRE] team=2 losTgt=165.14
[WOBBLE_FIRE] team=2 losTgt=164.84
[WOBBLE_FIRE] team=2 losTgt=164.34
[WOBBLE_FIRE] team=2 losTgt=163.62
[WOBBLE_FIRE] team=2 losTgt=163.20
[WOBBLE_FIRE] team=2 losTgt=163.10
[WOBBLE_FIRE] team=2 losTgt=163.12
[WOBBLE_FIRE] team=2 losTgt=163.26
[WOBBLE_FIRE] team=2 losTgt=163.45
[WOBBLE_FIRE] team=2 losTgt=163.64
[WOBBLE_FIRE] team=2 losTgt=163.81
[WOBBLE_FIRE] team=2 losTgt=163.91
[WOBBLE_FIRE] team=2 losTgt=163.89
[WOBBLE_FIRE] team=2 losTgt=163.71
[WOBBLE_FIRE] team=2 losTgt=163.32
[WOBBLE_FIRE] team=2 losTgt=162.73
[WOBBLE_FIRE] team=2 losTgt=161.93
[WOBBLE_FIRE] team=2 losTgt=160.87
[WOBBLE_FIRE] team=2 losTgt=159.63
[WOBBLE_FIRE] team=2 losTgt=158.22
[WOBBLE_FIRE] team=2 losTgt=156.68
[WOBBLE_FIRE] team=2 losTgt=155.03
[WOBBLE_FIRE] team=2 losTgt=153.31
[WOBBLE_FIRE] team=2 losTgt=151.54
[WOBBLE_FIRE] team=2 losTgt=149.72
[WOBBLE_FIRE] team=2 losTgt=147.91
[WOBBLE_FIRE] team=2 losTgt=146.08
[WOBBLE_FIRE] team=2 losTgt=144.31
[WOBBLE_FIRE] team=2 losTgt=142.52
[WOBBLE_FIRE] team=2 losTgt=141.26
[WOBBLE_FIRE] team=2 losTgt=140.32
[WOBBLE_FIRE] team=2 losTgt=137.42
[WOBBLE_FIRE] team=2 losTgt=135.21
[WOBBLE_FIRE] team=2 losTgt=133.94
[WOBBLE_FIRE] team=2 losTgt=130.91
[WOBBLE_FIRE] team=2 losTgt=128.26
[WOBBLE_FIRE] team=2 losTgt=125.45
[WOBBLE_FIRE] team=2 losTgt=122.83
[WOBBLE_FIRE] team=2 losTgt=120.46
[WOBBLE_FIRE] team=2 losTgt=118.21
[WOBBLE_FIRE] team=2 losTgt=116.06
[WOBBLE_FIRE] team=2 losTgt=114.01
[WOBBLE_FIRE] team=2 losTgt=112.07
[WOBBLE_FIRE] team=2 losTgt=110.21
[WOBBLE_FIRE] team=2 losTgt=108.39
[WOBBLE_FIRE] team=2 losTgt=106.64
[WOBBLE_FIRE] team=2 losTgt=104.97
[WOBBLE_FIRE] team=2 losTgt=103.34
[WOBBLE_FIRE] team=2 losTgt=101.78
[WOBBLE_FIRE] team=2 losTgt=100.26
[WOBBLE_FIRE] team=2 losTgt=98.83
[WOBBLE_FIRE] team=2 losTgt=97.42
[WOBBLE_FIRE] team=2 losTgt=96.08
[WOBBLE_FIRE] team=2 losTgt=94.76
[WOBBLE_FIRE] team=2 losTgt=93.48
[WOBBLE_FIRE] team=2 losTgt=92.26
[WOBBLE_FIRE] team=2 losTgt=91.07
[WOBBLE_FIRE] team=2 losTgt=89.91
[WOBBLE_FIRE] team=2 losTgt=88.78
[WOBBLE_FIRE] team=2 losTgt=87.70
[WOBBLE_FIRE] team=2 losTgt=86.64
[WOBBLE_FIRE] team=2 losTgt=85.60
[WOBBLE_FIRE] team=2 losTgt=84.62
[WOBBLE_FIRE] team=2 losTgt=83.66
[WOBBLE_FIRE] team=2 losTgt=82.69
[WOBBLE_FIRE] team=2 losTgt=81.80
[WOBBLE_FIRE] team=2 losTgt=80.92
[WOBBLE_FIRE] team=2 losTgt=80.03
[WOBBLE_FIRE] team=2 losTgt=79.22
[WOBBLE_FIRE] team=2 losTgt=78.40
[WOBBLE_FIRE] team=2 losTgt=77.60
[WOBBLE_FIRE] team=2 losTgt=76.83
[WOBBLE_FIRE] team=2 losTgt=76.05
[WOBBLE_FIRE] team=2 losTgt=75.29
[WOBBLE_FIRE] team=2 losTgt=74.55
[WOBBLE_FIRE] team=2 losTgt=73.81
[WOBBLE_FIRE] team=2 losTgt=73.08
[WOBBLE_FIRE] team=2 losTgt=72.31
[WOBBLE_FIRE] team=2 losTgt=71.55
[WOBBLE_FIRE] team=2 losTgt=70.77
[WOBBLE_FIRE] team=2 losTgt=70.03
[WOBBLE_FIRE] team=2 losTgt=69.31
[WOBBLE_FIRE] team=2 losTgt=68.62
[WOBBLE_FIRE] team=2 losTgt=67.92
[WOBBLE_FIRE] team=2 losTgt=67.23
[WOBBLE_FIRE] team=2 losTgt=66.55
[WOBBLE_FIRE] team=2 losTgt=65.88
[WOBBLE_FIRE] team=2 losTgt=65.21
[WOBBLE_FIRE] team=2 losTgt=64.54
[WOBBLE_FIRE] team=2 losTgt=63.86
[WOBBLE_FIRE] team=2 losTgt=63.19
[WOBBLE_FIRE] team=2 losTgt=62.50
[WOBBLE_FIRE] team=2 losTgt=61.81
[WOBBLE_FIRE] team=2 losTgt=61.09
[WOBBLE_FIRE] team=2 losTgt=60.37
[WOBBLE_FIRE] team=2 losTgt=59.63
[WOBBLE_FIRE] team=2 losTgt=58.88
[WOBBLE_FIRE] team=2 losTgt=58.10
[WOBBLE_FIRE] team=2 losTgt=57.32
[WOBBLE_FIRE] team=2 losTgt=56.52
[WOBBLE_FIRE] team=2 losTgt=55.70
[WOBBLE_FIRE] team=2 losTgt=54.87
[WOBBLE_FIRE] team=2 losTgt=54.02
[WOBBLE_FIRE] team=2 losTgt=53.15
[WOBBLE_FIRE] team=2 losTgt=52.22
[WOBBLE_FIRE] team=2 losTgt=51.28
[WOBBLE_FIRE] team=2 losTgt=50.28
[WOBBLE_FIRE] team=2 losTgt=49.26
[WOBBLE_FIRE] team=2 losTgt=48.19
[WOBBLE_FIRE] team=2 losTgt=47.07
[WOBBLE_FIRE] team=2 losTgt=45.91
runner:local/env:0	num_steps=[6581] | total rewards=[884.9486] | termination= [target destroyed]
[seed 8] reward=   884.95 ownHP=1.0000 tgtHP=-0.0030 target destroyed
total: 2
[WOBBLE_FIRE] team=2 losTgt=45.70
[WOBBLE_FIRE] team=2 losTgt=46.85
[WOBBLE_FIRE] team=2 losTgt=48.03
[WOBBLE_FIRE] team=2 losTgt=49.24
[WOBBLE_FIRE] team=2 losTgt=50.46
[WOBBLE_FIRE] team=2 losTgt=51.71
[WOBBLE_FIRE] team=2 losTgt=52.97
[WOBBLE_FIRE] team=2 losTgt=54.25
[WOBBLE_FIRE] team=2 losTgt=55.54
[WOBBLE_FIRE] team=2 losTgt=56.85
[WOBBLE_FIRE] team=2 losTgt=58.17
[WOBBLE_FIRE] team=2 losTgt=59.50
[WOBBLE_FIRE] team=2 losTgt=60.84
[WOBBLE_FIRE] team=2 losTgt=62.19
[WOBBLE_FIRE] team=2 losTgt=63.55
[WOBBLE_FIRE] team=2 losTgt=64.91
[WOBBLE_FIRE] team=2 losTgt=66.25
[WOBBLE_FIRE] team=2 losTgt=67.60
[WOBBLE_FIRE] team=2 losTgt=68.92
[WOBBLE_FIRE] team=2 losTgt=70.24
[WOBBLE_FIRE] team=2 losTgt=71.54
[WOBBLE_FIRE] team=2 losTgt=72.82
[WOBBLE_FIRE] team=2 losTgt=74.08
[WOBBLE_FIRE] team=2 losTgt=75.32
[WOBBLE_FIRE] team=2 losTgt=76.53
[WOBBLE_FIRE] team=2 losTgt=77.71
[WOBBLE_FIRE] team=2 losTgt=78.87
[WOBBLE_FIRE] team=2 losTgt=79.99
[WOBBLE_FIRE] team=2 losTgt=81.07
[WOBBLE_FIRE] team=2 losTgt=82.13
[WOBBLE_FIRE] team=2 losTgt=83.14
[WOBBLE_FIRE] team=2 losTgt=84.12
[WOBBLE_FIRE] team=2 losTgt=85.07
[WOBBLE_FIRE] team=2 losTgt=85.97
[WOBBLE_FIRE] team=2 losTgt=86.84
[WOBBLE_FIRE] team=2 losTgt=87.66
[WOBBLE_FIRE] team=2 losTgt=88.45
[WOBBLE_FIRE] team=2 losTgt=89.19
[WOBBLE_FIRE] team=2 losTgt=89.90
[WOBBLE_FIRE] team=2 losTgt=90.56
[WOBBLE_FIRE] team=2 losTgt=91.18
[WOBBLE_FIRE] team=2 losTgt=91.76
[WOBBLE_FIRE] team=2 losTgt=92.28
[WOBBLE_FIRE] team=2 losTgt=92.77
[WOBBLE_FIRE] team=2 losTgt=93.21
[WOBBLE_FIRE] team=2 losTgt=93.61
[WOBBLE_FIRE] team=2 losTgt=93.96
[WOBBLE_FIRE] team=2 losTgt=94.26
[WOBBLE_FIRE] team=2 losTgt=94.53
[WOBBLE_FIRE] team=2 losTgt=94.76
[WOBBLE_FIRE] team=2 losTgt=94.94
[WOBBLE_FIRE] team=2 losTgt=95.09
[WOBBLE_FIRE] team=2 losTgt=95.20
[WOBBLE_FIRE] team=2 losTgt=95.27
[WOBBLE_FIRE] team=2 losTgt=95.31
[WOBBLE_FIRE] team=2 losTgt=95.30
[WOBBLE_FIRE] team=2 losTgt=95.26
[WOBBLE_FIRE] team=2 losTgt=95.19
[WOBBLE_FIRE] team=2 losTgt=95.08
[WOBBLE_FIRE] team=2 losTgt=94.94
[WOBBLE_FIRE] team=2 losTgt=94.77
[WOBBLE_FIRE] team=2 losTgt=94.57
[WOBBLE_FIRE] team=2 losTgt=94.34
[WOBBLE_FIRE] team=2 losTgt=94.09
[WOBBLE_FIRE] team=2 losTgt=93.80
[WOBBLE_FIRE] team=2 losTgt=93.49
[WOBBLE_FIRE] team=2 losTgt=93.15
[WOBBLE_FIRE] team=2 losTgt=92.78
[WOBBLE_FIRE] team=2 losTgt=92.40
[WOBBLE_FIRE] team=2 losTgt=91.98
[WOBBLE_FIRE] team=2 losTgt=91.55
[WOBBLE_FIRE] team=2 losTgt=91.09
[WOBBLE_FIRE] team=2 losTgt=90.61
[WOBBLE_FIRE] team=2 losTgt=90.11
[WOBBLE_FIRE] team=2 losTgt=89.60
[WOBBLE_FIRE] team=2 losTgt=89.06
[WOBBLE_FIRE] team=2 losTgt=88.50
[WOBBLE_FIRE] team=2 losTgt=87.93
[WOBBLE_FIRE] team=2 losTgt=87.33
[WOBBLE_FIRE] team=2 losTgt=86.69
[WOBBLE_FIRE] team=2 losTgt=86.01
[WOBBLE_FIRE] team=2 losTgt=85.31
[WOBBLE_FIRE] team=2 losTgt=84.62
[WOBBLE_FIRE] team=2 losTgt=83.94
[WOBBLE_FIRE] team=2 losTgt=83.27
[WOBBLE_FIRE] team=2 losTgt=82.60
[WOBBLE_FIRE] team=2 losTgt=81.92
[WOBBLE_FIRE] team=2 losTgt=81.22
[WOBBLE_FIRE] team=2 losTgt=80.52
[WOBBLE_FIRE] team=2 losTgt=79.80
[WOBBLE_FIRE] team=2 losTgt=79.06
[WOBBLE_FIRE] team=2 losTgt=78.32
[WOBBLE_FIRE] team=2 losTgt=77.55
[WOBBLE_FIRE] team=2 losTgt=76.78
[WOBBLE_FIRE] team=2 losTgt=75.99
[WOBBLE_FIRE] team=2 losTgt=75.19
[WOBBLE_FIRE] team=2 losTgt=74.38
[WOBBLE_FIRE] team=2 losTgt=73.56
[WOBBLE_FIRE] team=2 losTgt=72.72
[WOBBLE_FIRE] team=2 losTgt=71.87
[WOBBLE_FIRE] team=2 losTgt=71.00
[WOBBLE_FIRE] team=2 losTgt=70.13
[WOBBLE_FIRE] team=2 losTgt=69.24
[WOBBLE_FIRE] team=2 losTgt=68.34
[WOBBLE_FIRE] team=2 losTgt=67.43
[WOBBLE_FIRE] team=2 losTgt=66.51
[WOBBLE_FIRE] team=2 losTgt=65.58
[WOBBLE_FIRE] team=2 losTgt=64.63
[WOBBLE_FIRE] team=2 losTgt=63.68
[WOBBLE_FIRE] team=2 losTgt=62.71
[WOBBLE_FIRE] team=2 losTgt=61.74
[WOBBLE_FIRE] team=2 losTgt=60.75
[WOBBLE_FIRE] team=2 losTgt=59.76
[WOBBLE_FIRE] team=2 losTgt=58.75
[WOBBLE_FIRE] team=2 losTgt=57.73
[WOBBLE_FIRE] team=2 losTgt=56.71
[WOBBLE_FIRE] team=2 losTgt=55.67
[WOBBLE_FIRE] team=2 losTgt=54.63
[WOBBLE_FIRE] team=2 losTgt=53.57
[WOBBLE_FIRE] team=2 losTgt=52.50
[WOBBLE_FIRE] team=2 losTgt=51.43
[WOBBLE_FIRE] team=2 losTgt=50.34
[WOBBLE_FIRE] team=2 losTgt=49.25
[WOBBLE_FIRE] team=2 losTgt=48.15
[WOBBLE_FIRE] team=2 losTgt=47.04
[WOBBLE_FIRE] team=2 losTgt=45.91
runner:local/env:0	num_steps=[5763] | total rewards=[829.6354] | termination= [target destroyed]
[seed 9] reward=   829.64 ownHP=1.0000 tgtHP=-0.0059 target destroyed
total: 2
[WOBBLE_FIRE] team=2 losTgt=46.02
[WOBBLE_FIRE] team=2 losTgt=49.21
[WOBBLE_FIRE] team=2 losTgt=52.68
[WOBBLE_FIRE] team=2 losTgt=56.40
[WOBBLE_FIRE] team=2 losTgt=60.25
[WOBBLE_FIRE] team=2 losTgt=64.08
[WOBBLE_FIRE] team=2 losTgt=67.84
[WOBBLE_FIRE] team=2 losTgt=71.50
[WOBBLE_FIRE] team=2 losTgt=75.01
[WOBBLE_FIRE] team=2 losTgt=78.36
[WOBBLE_FIRE] team=2 losTgt=81.49
[WOBBLE_FIRE] team=2 losTgt=84.44
[WOBBLE_FIRE] team=2 losTgt=87.18
[WOBBLE_FIRE] team=2 losTgt=89.71
[WOBBLE_FIRE] team=2 losTgt=92.00
[WOBBLE_FIRE] team=2 losTgt=94.07
[WOBBLE_FIRE] team=2 losTgt=95.94
[WOBBLE_FIRE] team=2 losTgt=97.63
[WOBBLE_FIRE] team=2 losTgt=99.15
[WOBBLE_FIRE] team=2 losTgt=100.51
[WOBBLE_FIRE] team=2 losTgt=101.73
[WOBBLE_FIRE] team=2 losTgt=102.82
[WOBBLE_FIRE] team=2 losTgt=103.78
[WOBBLE_FIRE] team=2 losTgt=104.62
[WOBBLE_FIRE] team=2 losTgt=105.33
[WOBBLE_FIRE] team=2 losTgt=105.94
[WOBBLE_FIRE] team=2 losTgt=106.43
[WOBBLE_FIRE] team=2 losTgt=106.84
[WOBBLE_FIRE] team=2 losTgt=107.15
[WOBBLE_FIRE] team=2 losTgt=107.40
[WOBBLE_FIRE] team=2 losTgt=107.57
[WOBBLE_FIRE] team=2 losTgt=107.68
[WOBBLE_FIRE] team=2 losTgt=107.73
[WOBBLE_FIRE] team=2 losTgt=107.73
[WOBBLE_FIRE] team=2 losTgt=107.67
[WOBBLE_FIRE] team=2 losTgt=107.58
[WOBBLE_FIRE] team=2 losTgt=107.44
[WOBBLE_FIRE] team=2 losTgt=107.26
[WOBBLE_FIRE] team=2 losTgt=107.05
[WOBBLE_FIRE] team=2 losTgt=106.81
[WOBBLE_FIRE] team=2 losTgt=106.54
[WOBBLE_FIRE] team=2 losTgt=106.24
[WOBBLE_FIRE] team=2 losTgt=105.92
[WOBBLE_FIRE] team=2 losTgt=105.58
[WOBBLE_FIRE] team=2 losTgt=105.21
[WOBBLE_FIRE] team=2 losTgt=104.83
[WOBBLE_FIRE] team=2 losTgt=104.42
[WOBBLE_FIRE] team=2 losTgt=104.00
[WOBBLE_FIRE] team=2 losTgt=103.56
[WOBBLE_FIRE] team=2 losTgt=103.09
[WOBBLE_FIRE] team=2 losTgt=102.60
[WOBBLE_FIRE] team=2 losTgt=102.10
[WOBBLE_FIRE] team=2 losTgt=101.57
[WOBBLE_FIRE] team=2 losTgt=101.03
[WOBBLE_FIRE] team=2 losTgt=100.47
[WOBBLE_FIRE] team=2 losTgt=99.90
[WOBBLE_FIRE] team=2 losTgt=99.32
[WOBBLE_FIRE] team=2 losTgt=98.73
[WOBBLE_FIRE] team=2 losTgt=98.12
[WOBBLE_FIRE] team=2 losTgt=97.51
[WOBBLE_FIRE] team=2 losTgt=96.88
[WOBBLE_FIRE] team=2 losTgt=96.24
[WOBBLE_FIRE] team=2 losTgt=95.60
[WOBBLE_FIRE] team=2 losTgt=94.94
[WOBBLE_FIRE] team=2 losTgt=94.27
[WOBBLE_FIRE] team=2 losTgt=93.59
[WOBBLE_FIRE] team=2 losTgt=92.90
[WOBBLE_FIRE] team=2 losTgt=92.20
[WOBBLE_FIRE] team=2 losTgt=91.49
[WOBBLE_FIRE] team=2 losTgt=90.77
[WOBBLE_FIRE] team=2 losTgt=90.05
[WOBBLE_FIRE] team=2 losTgt=89.31
[WOBBLE_FIRE] team=2 losTgt=88.57
[WOBBLE_FIRE] team=2 losTgt=87.82
[WOBBLE_FIRE] team=2 losTgt=87.06
[WOBBLE_FIRE] team=2 losTgt=86.30
[WOBBLE_FIRE] team=2 losTgt=85.53
[WOBBLE_FIRE] team=2 losTgt=84.76
[WOBBLE_FIRE] team=2 losTgt=83.97
[WOBBLE_FIRE] team=2 losTgt=83.18
[WOBBLE_FIRE] team=2 losTgt=82.39
[WOBBLE_FIRE] team=2 losTgt=81.59
[WOBBLE_FIRE] team=2 losTgt=80.78
[WOBBLE_FIRE] team=2 losTgt=79.97
[WOBBLE_FIRE] team=2 losTgt=79.15
[WOBBLE_FIRE] team=2 losTgt=78.32
[WOBBLE_FIRE] team=2 losTgt=77.49
[WOBBLE_FIRE] team=2 losTgt=76.66
[WOBBLE_FIRE] team=2 losTgt=75.82
[WOBBLE_FIRE] team=2 losTgt=74.97
[WOBBLE_FIRE] team=2 losTgt=74.12
[WOBBLE_FIRE] team=2 losTgt=73.27
[WOBBLE_FIRE] team=2 losTgt=72.41
[WOBBLE_FIRE] team=2 losTgt=71.54
[WOBBLE_FIRE] team=2 losTgt=70.67
[WOBBLE_FIRE] team=2 losTgt=69.80
[WOBBLE_FIRE] team=2 losTgt=68.92
[WOBBLE_FIRE] team=2 losTgt=68.03
[WOBBLE_FIRE] team=2 losTgt=67.14
[WOBBLE_FIRE] team=2 losTgt=66.25
[WOBBLE_FIRE] team=2 losTgt=65.35
[WOBBLE_FIRE] team=2 losTgt=64.45
[WOBBLE_FIRE] team=2 losTgt=63.54
[WOBBLE_FIRE] team=2 losTgt=62.63
[WOBBLE_FIRE] team=2 losTgt=61.71
[WOBBLE_FIRE] team=2 losTgt=60.79
[WOBBLE_FIRE] team=2 losTgt=59.87
[WOBBLE_FIRE] team=2 losTgt=58.94
[WOBBLE_FIRE] team=2 losTgt=58.00
[WOBBLE_FIRE] team=2 losTgt=57.06
[WOBBLE_FIRE] team=2 losTgt=56.12
[WOBBLE_FIRE] team=2 losTgt=55.18
[WOBBLE_FIRE] team=2 losTgt=54.23
[WOBBLE_FIRE] team=2 losTgt=53.27
[WOBBLE_FIRE] team=2 losTgt=52.31
[WOBBLE_FIRE] team=2 losTgt=51.35
[WOBBLE_FIRE] team=2 losTgt=50.38
[WOBBLE_FIRE] team=2 losTgt=49.41
[WOBBLE_FIRE] team=2 losTgt=48.43
[WOBBLE_FIRE] team=2 losTgt=47.45
[WOBBLE_FIRE] team=2 losTgt=46.46
[WOBBLE_FIRE] team=2 losTgt=45.47
[WOBBLE_FIRE] team=2 losTgt=45.76
[WOBBLE_FIRE] team=2 losTgt=47.92
[WOBBLE_FIRE] team=2 losTgt=49.98
[WOBBLE_FIRE] team=2 losTgt=51.94
[WOBBLE_FIRE] team=2 losTgt=53.80
[WOBBLE_FIRE] team=2 losTgt=55.53
[WOBBLE_FIRE] team=2 losTgt=57.14
[WOBBLE_FIRE] team=2 losTgt=58.61
[WOBBLE_FIRE] team=2 losTgt=59.96
[WOBBLE_FIRE] team=2 losTgt=61.18
[WOBBLE_FIRE] team=2 losTgt=62.25
[WOBBLE_FIRE] team=2 losTgt=63.19
[WOBBLE_FIRE] team=2 losTgt=63.97
[WOBBLE_FIRE] team=2 losTgt=64.62
[WOBBLE_FIRE] team=2 losTgt=65.13
[WOBBLE_FIRE] team=2 losTgt=65.51
[WOBBLE_FIRE] team=2 losTgt=65.78
[WOBBLE_FIRE] team=2 losTgt=65.93
[WOBBLE_FIRE] team=2 losTgt=65.97
[WOBBLE_FIRE] team=2 losTgt=65.92
[WOBBLE_FIRE] team=2 losTgt=65.77
[WOBBLE_FIRE] team=2 losTgt=65.54
[WOBBLE_FIRE] team=2 losTgt=65.23
[WOBBLE_FIRE] team=2 losTgt=64.84
[WOBBLE_FIRE] team=2 losTgt=64.39
[WOBBLE_FIRE] team=2 losTgt=63.86
[WOBBLE_FIRE] team=2 losTgt=63.27
[WOBBLE_FIRE] team=2 losTgt=62.63
[WOBBLE_FIRE] team=2 losTgt=61.94
[WOBBLE_FIRE] team=2 losTgt=61.19
[WOBBLE_FIRE] team=2 losTgt=60.39
[WOBBLE_FIRE] team=2 losTgt=59.54
[WOBBLE_FIRE] team=2 losTgt=58.65
[WOBBLE_FIRE] team=2 losTgt=57.72
[WOBBLE_FIRE] team=2 losTgt=56.75
[WOBBLE_FIRE] team=2 losTgt=55.73
[WOBBLE_FIRE] team=2 losTgt=54.67
[WOBBLE_FIRE] team=2 losTgt=53.59
[WOBBLE_FIRE] team=2 losTgt=52.46
[WOBBLE_FIRE] team=2 losTgt=51.30
[WOBBLE_FIRE] team=2 losTgt=50.11
[WOBBLE_FIRE] team=2 losTgt=48.87
[WOBBLE_FIRE] team=2 losTgt=47.61
[WOBBLE_FIRE] team=2 losTgt=46.31
runner:local/env:0	num_steps=[7104] | total rewards=[880.4598] | termination= [target destroyed]
[seed 10] reward=   880.46 ownHP=1.0000 tgtHP=-0.0008 target destroyed
total: 2
[WOBBLE_FIRE] team=2 losTgt=150.27
[WOBBLE_FIRE] team=2 losTgt=149.63
[WOBBLE_FIRE] team=2 losTgt=147.42
[WOBBLE_FIRE] team=2 losTgt=144.92
[WOBBLE_FIRE] team=2 losTgt=142.72
[WOBBLE_FIRE] team=2 losTgt=140.79
[WOBBLE_FIRE] team=2 losTgt=139.14
[WOBBLE_FIRE] team=2 losTgt=137.68
[WOBBLE_FIRE] team=2 losTgt=136.33
[WOBBLE_FIRE] team=2 losTgt=135.03
[WOBBLE_FIRE] team=2 losTgt=133.76
[WOBBLE_FIRE] team=2 losTgt=132.53
[WOBBLE_FIRE] team=2 losTgt=131.33
[WOBBLE_FIRE] team=2 losTgt=130.18
[WOBBLE_FIRE] team=2 losTgt=129.07
[WOBBLE_FIRE] team=2 losTgt=127.99
[WOBBLE_FIRE] team=2 losTgt=126.93
[WOBBLE_FIRE] team=2 losTgt=125.86
[WOBBLE_FIRE] team=2 losTgt=124.81
[WOBBLE_FIRE] team=2 losTgt=123.78
[WOBBLE_FIRE] team=2 losTgt=122.79
[WOBBLE_FIRE] team=2 losTgt=121.82
[WOBBLE_FIRE] team=2 losTgt=120.87
[WOBBLE_FIRE] team=2 losTgt=119.95
[WOBBLE_FIRE] team=2 losTgt=119.05
[WOBBLE_FIRE] team=2 losTgt=118.16
[WOBBLE_FIRE] team=2 losTgt=117.29
[WOBBLE_FIRE] team=2 losTgt=116.43
[WOBBLE_FIRE] team=2 losTgt=115.58
[WOBBLE_FIRE] team=2 losTgt=114.74
[WOBBLE_FIRE] team=2 losTgt=113.92
[WOBBLE_FIRE] team=2 losTgt=113.11
[WOBBLE_FIRE] team=2 losTgt=112.32
[WOBBLE_FIRE] team=2 losTgt=111.54
[WOBBLE_FIRE] team=2 losTgt=110.77
[WOBBLE_FIRE] team=2 losTgt=110.00
[WOBBLE_FIRE] team=2 losTgt=109.23
[WOBBLE_FIRE] team=2 losTgt=108.46
[WOBBLE_FIRE] team=2 losTgt=107.69
[WOBBLE_FIRE] team=2 losTgt=106.90
[WOBBLE_FIRE] team=2 losTgt=106.10
[WOBBLE_FIRE] team=2 losTgt=105.31
[WOBBLE_FIRE] team=2 losTgt=104.55
[WOBBLE_FIRE] team=2 losTgt=103.83
[WOBBLE_FIRE] team=2 losTgt=103.15
[WOBBLE_FIRE] team=2 losTgt=102.50
[WOBBLE_FIRE] team=2 losTgt=101.85
[WOBBLE_FIRE] team=2 losTgt=101.20
[WOBBLE_FIRE] team=2 losTgt=100.55
[WOBBLE_FIRE] team=2 losTgt=99.90
[WOBBLE_FIRE] team=2 losTgt=99.24
[WOBBLE_FIRE] team=2 losTgt=98.58
[WOBBLE_FIRE] team=2 losTgt=97.93
[WOBBLE_FIRE] team=2 losTgt=97.29
[WOBBLE_FIRE] team=2 losTgt=96.65
[WOBBLE_FIRE] team=2 losTgt=96.02
[WOBBLE_FIRE] team=2 losTgt=95.40
[WOBBLE_FIRE] team=2 losTgt=94.79
[WOBBLE_FIRE] team=2 losTgt=94.19
[WOBBLE_FIRE] team=2 losTgt=93.60
[WOBBLE_FIRE] team=2 losTgt=93.02
[WOBBLE_FIRE] team=2 losTgt=92.44
[WOBBLE_FIRE] team=2 losTgt=91.87
[WOBBLE_FIRE] team=2 losTgt=91.31
[WOBBLE_FIRE] team=2 losTgt=90.75
[WOBBLE_FIRE] team=2 losTgt=90.21
[WOBBLE_FIRE] team=2 losTgt=89.66
[WOBBLE_FIRE] team=2 losTgt=89.12
[WOBBLE_FIRE] team=2 losTgt=88.58
[WOBBLE_FIRE] team=2 losTgt=88.06
[WOBBLE_FIRE] team=2 losTgt=87.53
[WOBBLE_FIRE] team=2 losTgt=87.02
[WOBBLE_FIRE] team=2 losTgt=86.50
[WOBBLE_FIRE] team=2 losTgt=85.99
[WOBBLE_FIRE] team=2 losTgt=85.45
[WOBBLE_FIRE] team=2 losTgt=84.88
[WOBBLE_FIRE] team=2 losTgt=84.29
[WOBBLE_FIRE] team=2 losTgt=83.70
[WOBBLE_FIRE] team=2 losTgt=83.10
[WOBBLE_FIRE] team=2 losTgt=82.51
[WOBBLE_FIRE] team=2 losTgt=81.89
[WOBBLE_FIRE] team=2 losTgt=81.25
[WOBBLE_FIRE] team=2 losTgt=80.60
[WOBBLE_FIRE] team=2 losTgt=79.96
[WOBBLE_FIRE] team=2 losTgt=79.34
[WOBBLE_FIRE] team=2 losTgt=78.74
[WOBBLE_FIRE] team=2 losTgt=78.14
[WOBBLE_FIRE] team=2 losTgt=77.54
[WOBBLE_FIRE] team=2 losTgt=76.95
[WOBBLE_FIRE] team=2 losTgt=76.35
[WOBBLE_FIRE] team=2 losTgt=75.74
[WOBBLE_FIRE] team=2 losTgt=75.14
[WOBBLE_FIRE] team=2 losTgt=74.53
[WOBBLE_FIRE] team=2 losTgt=73.92
[WOBBLE_FIRE] team=2 losTgt=73.31
[WOBBLE_FIRE] team=2 losTgt=72.69
[WOBBLE_FIRE] team=2 losTgt=72.07
[WOBBLE_FIRE] team=2 losTgt=71.45
[WOBBLE_FIRE] team=2 losTgt=70.82
[WOBBLE_FIRE] team=2 losTgt=70.19
[WOBBLE_FIRE] team=2 losTgt=69.56
[WOBBLE_FIRE] team=2 losTgt=68.92
[WOBBLE_FIRE] team=2 losTgt=68.29
[WOBBLE_FIRE] team=2 losTgt=67.65
[WOBBLE_FIRE] team=2 losTgt=67.01
[WOBBLE_FIRE] team=2 losTgt=66.37
[WOBBLE_FIRE] team=2 losTgt=65.72
[WOBBLE_FIRE] team=2 losTgt=65.07
[WOBBLE_FIRE] team=2 losTgt=64.41
[WOBBLE_FIRE] team=2 losTgt=63.74
[WOBBLE_FIRE] team=2 losTgt=63.07
[WOBBLE_FIRE] team=2 losTgt=62.40
[WOBBLE_FIRE] team=2 losTgt=61.71
[WOBBLE_FIRE] team=2 losTgt=61.01
[WOBBLE_FIRE] team=2 losTgt=60.29
[WOBBLE_FIRE] team=2 losTgt=59.56
[WOBBLE_FIRE] team=2 losTgt=58.80
[WOBBLE_FIRE] team=2 losTgt=58.02
[WOBBLE_FIRE] team=2 losTgt=57.19
[WOBBLE_FIRE] team=2 losTgt=56.31
[WOBBLE_FIRE] team=2 losTgt=55.32
[WOBBLE_FIRE] team=2 losTgt=54.24
[WOBBLE_FIRE] team=2 losTgt=52.95
[WOBBLE_FIRE] team=2 losTgt=51.29
[WOBBLE_FIRE] team=2 losTgt=48.87
[WOBBLE_FIRE] team=2 losTgt=95.49
[WOBBLE_FIRE] team=2 losTgt=114.26
[WOBBLE_FIRE] team=2 losTgt=117.13
[WOBBLE_FIRE] team=2 losTgt=117.87
[WOBBLE_FIRE] team=2 losTgt=118.12
[WOBBLE_FIRE] team=2 losTgt=118.23
[WOBBLE_FIRE] team=2 losTgt=118.22
[WOBBLE_FIRE] team=2 losTgt=118.08
[WOBBLE_FIRE] team=2 losTgt=117.90
[WOBBLE_FIRE] team=2 losTgt=117.64
[WOBBLE_FIRE] team=2 losTgt=117.36
[WOBBLE_FIRE] team=2 losTgt=117.07
[WOBBLE_FIRE] team=2 losTgt=116.55
[WOBBLE_FIRE] team=2 losTgt=115.42
[WOBBLE_FIRE] team=2 losTgt=113.40
[WOBBLE_FIRE] team=2 losTgt=110.87
[WOBBLE_FIRE] team=2 losTgt=108.47
[WOBBLE_FIRE] team=2 losTgt=106.53
[WOBBLE_FIRE] team=2 losTgt=104.93
[WOBBLE_FIRE] team=2 losTgt=103.54
[WOBBLE_FIRE] team=2 losTgt=102.27
[WOBBLE_FIRE] team=2 losTgt=101.05
[WOBBLE_FIRE] team=2 losTgt=99.86
[WOBBLE_FIRE] team=2 losTgt=98.70
[WOBBLE_FIRE] team=2 losTgt=97.56
[WOBBLE_FIRE] team=2 losTgt=96.42
[WOBBLE_FIRE] team=2 losTgt=95.29
[WOBBLE_FIRE] team=2 losTgt=94.15
[WOBBLE_FIRE] team=2 losTgt=93.02
[WOBBLE_FIRE] team=2 losTgt=91.89
[WOBBLE_FIRE] team=2 losTgt=90.75
[WOBBLE_FIRE] team=2 losTgt=89.60
[WOBBLE_FIRE] team=2 losTgt=88.44
[WOBBLE_FIRE] team=2 losTgt=87.28
[WOBBLE_FIRE] team=2 losTgt=86.11
[WOBBLE_FIRE] team=2 losTgt=84.93
[WOBBLE_FIRE] team=2 losTgt=83.75
[WOBBLE_FIRE] team=2 losTgt=82.56
[WOBBLE_FIRE] team=2 losTgt=81.36
[WOBBLE_FIRE] team=2 losTgt=80.15
[WOBBLE_FIRE] team=2 losTgt=78.88
[WOBBLE_FIRE] team=2 losTgt=77.55
[WOBBLE_FIRE] team=2 losTgt=76.16
[WOBBLE_FIRE] team=2 losTgt=74.74
[WOBBLE_FIRE] team=2 losTgt=73.34
[WOBBLE_FIRE] team=2 losTgt=71.96
[WOBBLE_FIRE] team=2 losTgt=70.58
[WOBBLE_FIRE] team=2 losTgt=69.21
[WOBBLE_FIRE] team=2 losTgt=67.83
[WOBBLE_FIRE] team=2 losTgt=66.43
[WOBBLE_FIRE] team=2 losTgt=65.03
[WOBBLE_FIRE] team=2 losTgt=63.62
[WOBBLE_FIRE] team=2 losTgt=62.17
[WOBBLE_FIRE] team=2 losTgt=60.72
[WOBBLE_FIRE] team=2 losTgt=59.25
[WOBBLE_FIRE] team=2 losTgt=57.75
[WOBBLE_FIRE] team=2 losTgt=56.23
[WOBBLE_FIRE] team=2 losTgt=54.68
[WOBBLE_FIRE] team=2 losTgt=53.10
[WOBBLE_FIRE] team=2 losTgt=51.49
[WOBBLE_FIRE] team=2 losTgt=49.84
[WOBBLE_FIRE] team=2 losTgt=48.14
[WOBBLE_FIRE] team=2 losTgt=46.40
[WOBBLE_FIRE] team=2 losTgt=46.77
[WOBBLE_FIRE] team=2 losTgt=53.68
[WOBBLE_FIRE] team=2 losTgt=60.14
[WOBBLE_FIRE] team=2 losTgt=65.92
[WOBBLE_FIRE] team=2 losTgt=70.96
[WOBBLE_FIRE] team=2 losTgt=75.26
[WOBBLE_FIRE] team=2 losTgt=78.91
[WOBBLE_FIRE] team=2 losTgt=82.01
[WOBBLE_FIRE] team=2 losTgt=84.67
[WOBBLE_FIRE] team=2 losTgt=87.00
[WOBBLE_FIRE] team=2 losTgt=88.96
[WOBBLE_FIRE] team=2 losTgt=90.31
[WOBBLE_FIRE] team=2 losTgt=90.76
[WOBBLE_FIRE] team=2 losTgt=90.41
[WOBBLE_FIRE] team=2 losTgt=89.55
[WOBBLE_FIRE] team=2 losTgt=88.75
[WOBBLE_FIRE] team=2 losTgt=88.04
[WOBBLE_FIRE] team=2 losTgt=87.35
[WOBBLE_FIRE] team=2 losTgt=86.68
[WOBBLE_FIRE] team=2 losTgt=85.95
[WOBBLE_FIRE] team=2 losTgt=85.18
[WOBBLE_FIRE] team=2 losTgt=84.36
[WOBBLE_FIRE] team=2 losTgt=83.50
[WOBBLE_FIRE] team=2 losTgt=82.62
[WOBBLE_FIRE] team=2 losTgt=81.70
[WOBBLE_FIRE] team=2 losTgt=80.76
[WOBBLE_FIRE] team=2 losTgt=79.77
[WOBBLE_FIRE] team=2 losTgt=78.74
[WOBBLE_FIRE] team=2 losTgt=77.68
[WOBBLE_FIRE] team=2 losTgt=76.60
[WOBBLE_FIRE] team=2 losTgt=75.48
[WOBBLE_FIRE] team=2 losTgt=74.34
[WOBBLE_FIRE] team=2 losTgt=73.17
[WOBBLE_FIRE] team=2 losTgt=71.97
[WOBBLE_FIRE] team=2 losTgt=70.74
[WOBBLE_FIRE] team=2 losTgt=69.49
[WOBBLE_FIRE] team=2 losTgt=68.21
[WOBBLE_FIRE] team=2 losTgt=66.90
[WOBBLE_FIRE] team=2 losTgt=65.58
[WOBBLE_FIRE] team=2 losTgt=64.22
[WOBBLE_FIRE] team=2 losTgt=62.84
[WOBBLE_FIRE] team=2 losTgt=61.42
[WOBBLE_FIRE] team=2 losTgt=59.98
[WOBBLE_FIRE] team=2 losTgt=58.50
[WOBBLE_FIRE] team=2 losTgt=57.00
[WOBBLE_FIRE] team=2 losTgt=55.45
[WOBBLE_FIRE] team=2 losTgt=53.86
[WOBBLE_FIRE] team=2 losTgt=52.22
[WOBBLE_FIRE] team=2 losTgt=50.54
[WOBBLE_FIRE] team=2 losTgt=48.80
[WOBBLE_FIRE] team=2 losTgt=46.99
[WOBBLE_FIRE] team=2 losTgt=45.11
[WOBBLE_FIRE] team=2 losTgt=45.99
[WOBBLE_FIRE] team=2 losTgt=53.08
[WOBBLE_FIRE] team=2 losTgt=59.76
[WOBBLE_FIRE] team=2 losTgt=65.58
[WOBBLE_FIRE] team=2 losTgt=70.02
[WOBBLE_FIRE] team=2 losTgt=73.30
[WOBBLE_FIRE] team=2 losTgt=75.67
[WOBBLE_FIRE] team=2 losTgt=77.49
[WOBBLE_FIRE] team=2 losTgt=78.96
[WOBBLE_FIRE] team=2 losTgt=80.10
[WOBBLE_FIRE] team=2 losTgt=80.94
[WOBBLE_FIRE] team=2 losTgt=81.51
[WOBBLE_FIRE] team=2 losTgt=81.81
[WOBBLE_FIRE] team=2 losTgt=81.92
[WOBBLE_FIRE] team=2 losTgt=81.93
[WOBBLE_FIRE] team=2 losTgt=81.82
[WOBBLE_FIRE] team=2 losTgt=81.64
[WOBBLE_FIRE] team=2 losTgt=81.37
[WOBBLE_FIRE] team=2 losTgt=81.03
[WOBBLE_FIRE] team=2 losTgt=80.62
[WOBBLE_FIRE] team=2 losTgt=80.16
[WOBBLE_FIRE] team=2 losTgt=79.64
[WOBBLE_FIRE] team=2 losTgt=79.09
[WOBBLE_FIRE] team=2 losTgt=78.50
[WOBBLE_FIRE] team=2 losTgt=77.88
[WOBBLE_FIRE] team=2 losTgt=77.23
[WOBBLE_FIRE] team=2 losTgt=76.56
[WOBBLE_FIRE] team=2 losTgt=75.86
[WOBBLE_FIRE] team=2 losTgt=75.14
[WOBBLE_FIRE] team=2 losTgt=74.41
[WOBBLE_FIRE] team=2 losTgt=73.67
[WOBBLE_FIRE] team=2 losTgt=72.92
[WOBBLE_FIRE] team=2 losTgt=72.17
[WOBBLE_FIRE] team=2 losTgt=71.41
[WOBBLE_FIRE] team=2 losTgt=70.65
[WOBBLE_FIRE] team=2 losTgt=69.89
[WOBBLE_FIRE] team=2 losTgt=69.14
[WOBBLE_FIRE] team=2 losTgt=68.39
[WOBBLE_FIRE] team=2 losTgt=67.65
[WOBBLE_FIRE] team=2 losTgt=66.92
[WOBBLE_FIRE] team=2 losTgt=66.21
[WOBBLE_FIRE] team=2 losTgt=65.50
[WOBBLE_FIRE] team=2 losTgt=64.81
[WOBBLE_FIRE] team=2 losTgt=64.14
[WOBBLE_FIRE] team=2 losTgt=63.49
[WOBBLE_FIRE] team=2 losTgt=62.85
[WOBBLE_FIRE] team=2 losTgt=62.24
[WOBBLE_FIRE] team=2 losTgt=61.65
[WOBBLE_FIRE] team=2 losTgt=61.09
[WOBBLE_FIRE] team=2 losTgt=60.54
[WOBBLE_FIRE] team=2 losTgt=60.03
[WOBBLE_FIRE] team=2 losTgt=59.55
[WOBBLE_FIRE] team=2 losTgt=59.09
[WOBBLE_FIRE] team=2 losTgt=58.66
[WOBBLE_FIRE] team=2 losTgt=58.26
[WOBBLE_FIRE] team=2 losTgt=57.90
[WOBBLE_FIRE] team=2 losTgt=57.56
[WOBBLE_FIRE] team=2 losTgt=57.25
[WOBBLE_FIRE] team=2 losTgt=56.98
[WOBBLE_FIRE] team=2 losTgt=56.73
[WOBBLE_FIRE] team=2 losTgt=56.52
[WOBBLE_FIRE] team=2 losTgt=56.33
[WOBBLE_FIRE] team=2 losTgt=56.18
[WOBBLE_FIRE] team=2 losTgt=56.05
[WOBBLE_FIRE] team=2 losTgt=55.95
[WOBBLE_FIRE] team=2 losTgt=55.88
[WOBBLE_FIRE] team=2 losTgt=55.83
[WOBBLE_FIRE] team=2 losTgt=55.80
[WOBBLE_FIRE] team=2 losTgt=55.79
[WOBBLE_FIRE] team=2 losTgt=55.81
[WOBBLE_FIRE] team=2 losTgt=55.84
[WOBBLE_FIRE] team=2 losTgt=55.89
[WOBBLE_FIRE] team=2 losTgt=55.95
[WOBBLE_FIRE] team=2 losTgt=56.02
[WOBBLE_FIRE] team=2 losTgt=56.11
[WOBBLE_FIRE] team=2 losTgt=56.21
[WOBBLE_FIRE] team=2 losTgt=56.31
[WOBBLE_FIRE] team=2 losTgt=56.42
[WOBBLE_FIRE] team=2 losTgt=56.53
[WOBBLE_FIRE] team=2 losTgt=56.64
[WOBBLE_FIRE] team=2 losTgt=56.74
[WOBBLE_FIRE] team=2 losTgt=56.84
[WOBBLE_FIRE] team=2 losTgt=56.92
[WOBBLE_FIRE] team=2 losTgt=56.98
[WOBBLE_FIRE] team=2 losTgt=57.02
[WOBBLE_FIRE] team=2 losTgt=57.04
[WOBBLE_FIRE] team=2 losTgt=57.03
[WOBBLE_FIRE] team=2 losTgt=56.97
[WOBBLE_FIRE] team=2 losTgt=56.88
[WOBBLE_FIRE] team=2 losTgt=56.74
[WOBBLE_FIRE] team=2 losTgt=56.56
[WOBBLE_FIRE] team=2 losTgt=56.33
[WOBBLE_FIRE] team=2 losTgt=56.05
[WOBBLE_FIRE] team=2 losTgt=55.73
[WOBBLE_FIRE] team=2 losTgt=55.36
[WOBBLE_FIRE] team=2 losTgt=54.95
[WOBBLE_FIRE] team=2 losTgt=54.48
[WOBBLE_FIRE] team=2 losTgt=53.96
[WOBBLE_FIRE] team=2 losTgt=53.38
[WOBBLE_FIRE] team=2 losTgt=52.76
[WOBBLE_FIRE] team=2 losTgt=52.08
[WOBBLE_FIRE] team=2 losTgt=51.36
[WOBBLE_FIRE] team=2 losTgt=50.59
[WOBBLE_FIRE] team=2 losTgt=49.79
[WOBBLE_FIRE] team=2 losTgt=48.93
[WOBBLE_FIRE] team=2 losTgt=48.04
[WOBBLE_FIRE] team=2 losTgt=47.10
[WOBBLE_FIRE] team=2 losTgt=46.12
[WOBBLE_FIRE] team=2 losTgt=45.11
runner:local/env:0	num_steps=[8095] | total rewards=[1022.2475] | termination= [target destroyed]
[seed 11] reward=  1022.25 ownHP=1.0000 tgtHP=-0.0095 target destroyed
total: 2
[WOBBLE_FIRE] team=2 losTgt=172.24
[WOBBLE_FIRE] team=2 losTgt=171.61
[WOBBLE_FIRE] team=2 losTgt=170.40
[WOBBLE_FIRE] team=2 losTgt=168.92
[WOBBLE_FIRE] team=2 losTgt=167.22
[WOBBLE_FIRE] team=2 losTgt=165.26
[WOBBLE_FIRE] team=2 losTgt=163.16
[WOBBLE_FIRE] team=2 losTgt=161.20
[WOBBLE_FIRE] team=2 losTgt=159.46
[WOBBLE_FIRE] team=2 losTgt=157.87
[WOBBLE_FIRE] team=2 losTgt=156.36
[WOBBLE_FIRE] team=2 losTgt=154.90
[WOBBLE_FIRE] team=2 losTgt=153.51
[WOBBLE_FIRE] team=2 losTgt=152.16
[WOBBLE_FIRE] team=2 losTgt=150.86
[WOBBLE_FIRE] team=2 losTgt=149.59
[WOBBLE_FIRE] team=2 losTgt=148.32
[WOBBLE_FIRE] team=2 losTgt=147.06
[WOBBLE_FIRE] team=2 losTgt=145.81
[WOBBLE_FIRE] team=2 losTgt=144.57
[WOBBLE_FIRE] team=2 losTgt=143.37
[WOBBLE_FIRE] team=2 losTgt=142.19
[WOBBLE_FIRE] team=2 losTgt=141.02
[WOBBLE_FIRE] team=2 losTgt=139.88
[WOBBLE_FIRE] team=2 losTgt=138.74
[WOBBLE_FIRE] team=2 losTgt=137.63
[WOBBLE_FIRE] team=2 losTgt=136.52
[WOBBLE_FIRE] team=2 losTgt=135.41
[WOBBLE_FIRE] team=2 losTgt=134.32
[WOBBLE_FIRE] team=2 losTgt=133.23
[WOBBLE_FIRE] team=2 losTgt=132.16
[WOBBLE_FIRE] team=2 losTgt=131.10
[WOBBLE_FIRE] team=2 losTgt=130.05
[WOBBLE_FIRE] team=2 losTgt=129.01
[WOBBLE_FIRE] team=2 losTgt=127.98
[WOBBLE_FIRE] team=2 losTgt=126.96
[WOBBLE_FIRE] team=2 losTgt=125.95
[WOBBLE_FIRE] team=2 losTgt=124.95
[WOBBLE_FIRE] team=2 losTgt=123.95
[WOBBLE_FIRE] team=2 losTgt=122.97
[WOBBLE_FIRE] team=2 losTgt=122.00
[WOBBLE_FIRE] team=2 losTgt=121.03
[WOBBLE_FIRE] team=2 losTgt=120.08
[WOBBLE_FIRE] team=2 losTgt=119.13
[WOBBLE_FIRE] team=2 losTgt=118.19
[WOBBLE_FIRE] team=2 losTgt=117.26
[WOBBLE_FIRE] team=2 losTgt=116.34
[WOBBLE_FIRE] team=2 losTgt=115.43
[WOBBLE_FIRE] team=2 losTgt=114.52
[WOBBLE_FIRE] team=2 losTgt=113.62
[WOBBLE_FIRE] team=2 losTgt=112.74
[WOBBLE_FIRE] team=2 losTgt=111.86
[WOBBLE_FIRE] team=2 losTgt=110.99
[WOBBLE_FIRE] team=2 losTgt=110.13
[WOBBLE_FIRE] team=2 losTgt=109.28
[WOBBLE_FIRE] team=2 losTgt=108.44
[WOBBLE_FIRE] team=2 losTgt=107.60
[WOBBLE_FIRE] team=2 losTgt=106.77
[WOBBLE_FIRE] team=2 losTgt=105.95
[WOBBLE_FIRE] team=2 losTgt=105.14
[WOBBLE_FIRE] team=2 losTgt=104.33
[WOBBLE_FIRE] team=2 losTgt=103.52
[WOBBLE_FIRE] team=2 losTgt=102.72
[WOBBLE_FIRE] team=2 losTgt=101.92
[WOBBLE_FIRE] team=2 losTgt=101.12
[WOBBLE_FIRE] team=2 losTgt=100.33
[WOBBLE_FIRE] team=2 losTgt=99.54
[WOBBLE_FIRE] team=2 losTgt=98.74
[WOBBLE_FIRE] team=2 losTgt=97.96
[WOBBLE_FIRE] team=2 losTgt=97.20
[WOBBLE_FIRE] team=2 losTgt=96.46
[WOBBLE_FIRE] team=2 losTgt=95.71
[WOBBLE_FIRE] team=2 losTgt=94.96
[WOBBLE_FIRE] team=2 losTgt=94.21
[WOBBLE_FIRE] team=2 losTgt=93.45
[WOBBLE_FIRE] team=2 losTgt=92.70
[WOBBLE_FIRE] team=2 losTgt=91.95
[WOBBLE_FIRE] team=2 losTgt=91.20
[WOBBLE_FIRE] team=2 losTgt=90.44
[WOBBLE_FIRE] team=2 losTgt=89.67
[WOBBLE_FIRE] team=2 losTgt=88.90
[WOBBLE_FIRE] team=2 losTgt=88.13
[WOBBLE_FIRE] team=2 losTgt=87.37
[WOBBLE_FIRE] team=2 losTgt=86.60
[WOBBLE_FIRE] team=2 losTgt=85.83
[WOBBLE_FIRE] team=2 losTgt=85.06
[WOBBLE_FIRE] team=2 losTgt=84.30
[WOBBLE_FIRE] team=2 losTgt=83.53
[WOBBLE_FIRE] team=2 losTgt=82.77
[WOBBLE_FIRE] team=2 losTgt=82.00
[WOBBLE_FIRE] team=2 losTgt=81.24
[WOBBLE_FIRE] team=2 losTgt=80.47
[WOBBLE_FIRE] team=2 losTgt=79.71
[WOBBLE_FIRE] team=2 losTgt=78.94
[WOBBLE_FIRE] team=2 losTgt=78.16
[WOBBLE_FIRE] team=2 losTgt=77.39
[WOBBLE_FIRE] team=2 losTgt=76.62
[WOBBLE_FIRE] team=2 losTgt=75.83
[WOBBLE_FIRE] team=2 losTgt=75.05
[WOBBLE_FIRE] team=2 losTgt=74.27
[WOBBLE_FIRE] team=2 losTgt=73.48
[WOBBLE_FIRE] team=2 losTgt=72.69
[WOBBLE_FIRE] team=2 losTgt=71.89
[WOBBLE_FIRE] team=2 losTgt=71.10
[WOBBLE_FIRE] team=2 losTgt=70.30
[WOBBLE_FIRE] team=2 losTgt=69.49
[WOBBLE_FIRE] team=2 losTgt=68.69
[WOBBLE_FIRE] team=2 losTgt=67.88
[WOBBLE_FIRE] team=2 losTgt=67.07
[WOBBLE_FIRE] team=2 losTgt=66.25
[WOBBLE_FIRE] team=2 losTgt=65.43
[WOBBLE_FIRE] team=2 losTgt=64.61
[WOBBLE_FIRE] team=2 losTgt=63.78
[WOBBLE_FIRE] team=2 losTgt=62.95
[WOBBLE_FIRE] team=2 losTgt=62.12
[WOBBLE_FIRE] team=2 losTgt=61.29
[WOBBLE_FIRE] team=2 losTgt=60.44
[WOBBLE_FIRE] team=2 losTgt=59.60
[WOBBLE_FIRE] team=2 losTgt=58.75
[WOBBLE_FIRE] team=2 losTgt=57.90
[WOBBLE_FIRE] team=2 losTgt=57.04
[WOBBLE_FIRE] team=2 losTgt=56.17
[WOBBLE_FIRE] team=2 losTgt=55.26
[WOBBLE_FIRE] team=2 losTgt=54.33
[WOBBLE_FIRE] team=2 losTgt=53.38
[WOBBLE_FIRE] team=2 losTgt=52.41
[WOBBLE_FIRE] team=2 losTgt=51.43
[WOBBLE_FIRE] team=2 losTgt=50.40
[WOBBLE_FIRE] team=2 losTgt=49.33
[WOBBLE_FIRE] team=2 losTgt=48.25
[WOBBLE_FIRE] team=2 losTgt=47.15
[WOBBLE_FIRE] team=2 losTgt=46.05
[WOBBLE_FIRE] team=2 losTgt=47.13
[WOBBLE_FIRE] team=2 losTgt=52.16
[WOBBLE_FIRE] team=2 losTgt=57.19
[WOBBLE_FIRE] team=2 losTgt=61.62
[WOBBLE_FIRE] team=2 losTgt=65.53
[WOBBLE_FIRE] team=2 losTgt=69.15
[WOBBLE_FIRE] team=2 losTgt=72.41
[WOBBLE_FIRE] team=2 losTgt=75.28
[WOBBLE_FIRE] team=2 losTgt=77.75
[WOBBLE_FIRE] team=2 losTgt=79.87
[WOBBLE_FIRE] team=2 losTgt=81.71
[WOBBLE_FIRE] team=2 losTgt=83.25
[WOBBLE_FIRE] team=2 losTgt=84.53
[WOBBLE_FIRE] team=2 losTgt=85.57
[WOBBLE_FIRE] team=2 losTgt=86.40
[WOBBLE_FIRE] team=2 losTgt=87.03
[WOBBLE_FIRE] team=2 losTgt=87.50
[WOBBLE_FIRE] team=2 losTgt=87.82
[WOBBLE_FIRE] team=2 losTgt=88.00
[WOBBLE_FIRE] team=2 losTgt=88.05
[WOBBLE_FIRE] team=2 losTgt=87.99
[WOBBLE_FIRE] team=2 losTgt=87.82
[WOBBLE_FIRE] team=2 losTgt=87.57
[WOBBLE_FIRE] team=2 losTgt=87.23
[WOBBLE_FIRE] team=2 losTgt=86.81
[WOBBLE_FIRE] team=2 losTgt=86.33
[WOBBLE_FIRE] team=2 losTgt=85.79
[WOBBLE_FIRE] team=2 losTgt=85.19
[WOBBLE_FIRE] team=2 losTgt=84.54
[WOBBLE_FIRE] team=2 losTgt=83.85
[WOBBLE_FIRE] team=2 losTgt=83.12
[WOBBLE_FIRE] team=2 losTgt=82.34
[WOBBLE_FIRE] team=2 losTgt=81.53
[WOBBLE_FIRE] team=2 losTgt=80.69
[WOBBLE_FIRE] team=2 losTgt=79.81
[WOBBLE_FIRE] team=2 losTgt=78.91
[WOBBLE_FIRE] team=2 losTgt=77.98
[WOBBLE_FIRE] team=2 losTgt=77.03
[WOBBLE_FIRE] team=2 losTgt=76.05
[WOBBLE_FIRE] team=2 losTgt=75.05
[WOBBLE_FIRE] team=2 losTgt=74.02
[WOBBLE_FIRE] team=2 losTgt=72.98
[WOBBLE_FIRE] team=2 losTgt=71.92
[WOBBLE_FIRE] team=2 losTgt=70.83
[WOBBLE_FIRE] team=2 losTgt=69.73
[WOBBLE_FIRE] team=2 losTgt=68.62
[WOBBLE_FIRE] team=2 losTgt=67.48
[WOBBLE_FIRE] team=2 losTgt=66.33
[WOBBLE_FIRE] team=2 losTgt=65.15
[WOBBLE_FIRE] team=2 losTgt=63.97
[WOBBLE_FIRE] team=2 losTgt=62.76
[WOBBLE_FIRE] team=2 losTgt=61.54
[WOBBLE_FIRE] team=2 losTgt=60.31
[WOBBLE_FIRE] team=2 losTgt=59.05
[WOBBLE_FIRE] team=2 losTgt=57.78
[WOBBLE_FIRE] team=2 losTgt=56.49
[WOBBLE_FIRE] team=2 losTgt=55.19
[WOBBLE_FIRE] team=2 losTgt=53.86
[WOBBLE_FIRE] team=2 losTgt=52.53
[WOBBLE_FIRE] team=2 losTgt=51.16
[WOBBLE_FIRE] team=2 losTgt=49.78
[WOBBLE_FIRE] team=2 losTgt=48.39
[WOBBLE_FIRE] team=2 losTgt=46.96
[WOBBLE_FIRE] team=2 losTgt=45.53
[WOBBLE_FIRE] team=2 losTgt=45.04
[WOBBLE_FIRE] team=2 losTgt=46.70
[WOBBLE_FIRE] team=2 losTgt=48.32
[WOBBLE_FIRE] team=2 losTgt=49.89
[WOBBLE_FIRE] team=2 losTgt=51.39
[WOBBLE_FIRE] team=2 losTgt=52.83
[WOBBLE_FIRE] team=2 losTgt=54.19
[WOBBLE_FIRE] team=2 losTgt=55.45
[WOBBLE_FIRE] team=2 losTgt=56.62
[WOBBLE_FIRE] team=2 losTgt=57.70
[WOBBLE_FIRE] team=2 losTgt=58.69
[WOBBLE_FIRE] team=2 losTgt=59.58
[WOBBLE_FIRE] team=2 losTgt=60.39
[WOBBLE_FIRE] team=2 losTgt=61.11
[WOBBLE_FIRE] team=2 losTgt=61.75
[WOBBLE_FIRE] team=2 losTgt=62.32
[WOBBLE_FIRE] team=2 losTgt=62.81
[WOBBLE_FIRE] team=2 losTgt=63.23
[WOBBLE_FIRE] team=2 losTgt=63.58
[WOBBLE_FIRE] team=2 losTgt=63.87
[WOBBLE_FIRE] team=2 losTgt=64.10
[WOBBLE_FIRE] team=2 losTgt=64.28
[WOBBLE_FIRE] team=2 losTgt=64.40
[WOBBLE_FIRE] team=2 losTgt=64.48
[WOBBLE_FIRE] team=2 losTgt=64.51
[WOBBLE_FIRE] team=2 losTgt=64.51
[WOBBLE_FIRE] team=2 losTgt=64.46
[WOBBLE_FIRE] team=2 losTgt=64.38
[WOBBLE_FIRE] team=2 losTgt=64.27
[WOBBLE_FIRE] team=2 losTgt=64.12
[WOBBLE_FIRE] team=2 losTgt=63.94
[WOBBLE_FIRE] team=2 losTgt=63.74
[WOBBLE_FIRE] team=2 losTgt=63.52
[WOBBLE_FIRE] team=2 losTgt=63.28
[WOBBLE_FIRE] team=2 losTgt=63.01
[WOBBLE_FIRE] team=2 losTgt=62.72
[WOBBLE_FIRE] team=2 losTgt=62.42
[WOBBLE_FIRE] team=2 losTgt=62.10
[WOBBLE_FIRE] team=2 losTgt=61.77
[WOBBLE_FIRE] team=2 losTgt=61.42
[WOBBLE_FIRE] team=2 losTgt=61.06
[WOBBLE_FIRE] team=2 losTgt=60.69
[WOBBLE_FIRE] team=2 losTgt=60.31
[WOBBLE_FIRE] team=2 losTgt=59.92
[WOBBLE_FIRE] team=2 losTgt=59.52
[WOBBLE_FIRE] team=2 losTgt=59.11
[WOBBLE_FIRE] team=2 losTgt=58.70
[WOBBLE_FIRE] team=2 losTgt=58.28
[WOBBLE_FIRE] team=2 losTgt=57.85
[WOBBLE_FIRE] team=2 losTgt=57.42
[WOBBLE_FIRE] team=2 losTgt=56.99
[WOBBLE_FIRE] team=2 losTgt=56.55
[WOBBLE_FIRE] team=2 losTgt=56.11
[WOBBLE_FIRE] team=2 losTgt=55.66
[WOBBLE_FIRE] team=2 losTgt=55.22
[WOBBLE_FIRE] team=2 losTgt=54.77
[WOBBLE_FIRE] team=2 losTgt=54.31
[WOBBLE_FIRE] team=2 losTgt=53.86
[WOBBLE_FIRE] team=2 losTgt=53.40
[WOBBLE_FIRE] team=2 losTgt=52.94
[WOBBLE_FIRE] team=2 losTgt=52.48
[WOBBLE_FIRE] team=2 losTgt=52.01
[WOBBLE_FIRE] team=2 losTgt=51.52
[WOBBLE_FIRE] team=2 losTgt=51.02
[WOBBLE_FIRE] team=2 losTgt=50.50
[WOBBLE_FIRE] team=2 losTgt=49.97
[WOBBLE_FIRE] team=2 losTgt=49.41
[WOBBLE_FIRE] team=2 losTgt=48.84
[WOBBLE_FIRE] team=2 losTgt=48.24
[WOBBLE_FIRE] team=2 losTgt=47.61
[WOBBLE_FIRE] team=2 losTgt=46.97
[WOBBLE_FIRE] team=2 losTgt=46.30
[WOBBLE_FIRE] team=2 losTgt=45.60
runner:local/env:0	num_steps=[7436] | total rewards=[855.9283] | termination= [target destroyed]
[seed 12] reward=   855.93 ownHP=1.0000 tgtHP=-0.0045 target destroyed
total: 2
runner:local/env:0	num_steps=[6603] | total rewards=[782.0571] | termination= [target destroyed]
[seed 13] reward=   782.06 ownHP=1.0000 tgtHP=-0.0012 target destroyed
total: 2
[WOBBLE_FIRE] team=2 losTgt=91.91
[WOBBLE_FIRE] team=2 losTgt=91.79
[WOBBLE_FIRE] team=2 losTgt=91.46
[WOBBLE_FIRE] team=2 losTgt=91.08
[WOBBLE_FIRE] team=2 losTgt=90.62
[WOBBLE_FIRE] team=2 losTgt=90.01
[WOBBLE_FIRE] team=2 losTgt=89.19
[WOBBLE_FIRE] team=2 losTgt=88.10
[WOBBLE_FIRE] team=2 losTgt=86.76
[WOBBLE_FIRE] team=2 losTgt=85.39
[WOBBLE_FIRE] team=2 losTgt=84.13
[WOBBLE_FIRE] team=2 losTgt=82.97
[WOBBLE_FIRE] team=2 losTgt=81.91
[WOBBLE_FIRE] team=2 losTgt=80.90
[WOBBLE_FIRE] team=2 losTgt=79.93
[WOBBLE_FIRE] team=2 losTgt=78.99
[WOBBLE_FIRE] team=2 losTgt=78.09
[WOBBLE_FIRE] team=2 losTgt=77.21
[WOBBLE_FIRE] team=2 losTgt=76.35
[WOBBLE_FIRE] team=2 losTgt=75.51
[WOBBLE_FIRE] team=2 losTgt=74.69
[WOBBLE_FIRE] team=2 losTgt=73.88
[WOBBLE_FIRE] team=2 losTgt=73.09
[WOBBLE_FIRE] team=2 losTgt=72.31
[WOBBLE_FIRE] team=2 losTgt=71.55
[WOBBLE_FIRE] team=2 losTgt=70.80
[WOBBLE_FIRE] team=2 losTgt=70.07
[WOBBLE_FIRE] team=2 losTgt=69.34
[WOBBLE_FIRE] team=2 losTgt=68.61
[WOBBLE_FIRE] team=2 losTgt=67.89
[WOBBLE_FIRE] team=2 losTgt=67.18
[WOBBLE_FIRE] team=2 losTgt=66.46
[WOBBLE_FIRE] team=2 losTgt=65.74
[WOBBLE_FIRE] team=2 losTgt=65.03
[WOBBLE_FIRE] team=2 losTgt=64.31
[WOBBLE_FIRE] team=2 losTgt=63.58
[WOBBLE_FIRE] team=2 losTgt=62.86
[WOBBLE_FIRE] team=2 losTgt=62.14
[WOBBLE_FIRE] team=2 losTgt=61.40
[WOBBLE_FIRE] team=2 losTgt=60.67
[WOBBLE_FIRE] team=2 losTgt=59.94
[WOBBLE_FIRE] team=2 losTgt=59.20
[WOBBLE_FIRE] team=2 losTgt=58.45
[WOBBLE_FIRE] team=2 losTgt=57.71
[WOBBLE_FIRE] team=2 losTgt=56.95
[WOBBLE_FIRE] team=2 losTgt=56.20
[WOBBLE_FIRE] team=2 losTgt=55.44
[WOBBLE_FIRE] team=2 losTgt=54.68
[WOBBLE_FIRE] team=2 losTgt=53.91
[WOBBLE_FIRE] team=2 losTgt=53.15
[WOBBLE_FIRE] team=2 losTgt=52.39
[WOBBLE_FIRE] team=2 losTgt=51.63
[WOBBLE_FIRE] team=2 losTgt=50.87
[WOBBLE_FIRE] team=2 losTgt=50.11
[WOBBLE_FIRE] team=2 losTgt=49.35
[WOBBLE_FIRE] team=2 losTgt=48.59
[WOBBLE_FIRE] team=2 losTgt=47.83
[WOBBLE_FIRE] team=2 losTgt=47.07
[WOBBLE_FIRE] team=2 losTgt=46.30
[WOBBLE_FIRE] team=2 losTgt=45.52
[WOBBLE_FIRE] team=2 losTgt=45.39
[WOBBLE_FIRE] team=2 losTgt=49.38
[WOBBLE_FIRE] team=2 losTgt=53.57
[WOBBLE_FIRE] team=2 losTgt=57.87
[WOBBLE_FIRE] team=2 losTgt=62.21
[WOBBLE_FIRE] team=2 losTgt=66.50
[WOBBLE_FIRE] team=2 losTgt=70.69
[WOBBLE_FIRE] team=2 losTgt=74.70
[WOBBLE_FIRE] team=2 losTgt=78.49
[WOBBLE_FIRE] team=2 losTgt=82.04
[WOBBLE_FIRE] team=2 losTgt=85.30
[WOBBLE_FIRE] team=2 losTgt=88.27
[WOBBLE_FIRE] team=2 losTgt=90.96
[WOBBLE_FIRE] team=2 losTgt=93.37
[WOBBLE_FIRE] team=2 losTgt=95.53
[WOBBLE_FIRE] team=2 losTgt=97.44
[WOBBLE_FIRE] team=2 losTgt=99.12
[WOBBLE_FIRE] team=2 losTgt=100.61
[WOBBLE_FIRE] team=2 losTgt=101.93
[WOBBLE_FIRE] team=2 losTgt=103.07
[WOBBLE_FIRE] team=2 losTgt=104.06
[WOBBLE_FIRE] team=2 losTgt=104.91
[WOBBLE_FIRE] team=2 losTgt=105.62
[WOBBLE_FIRE] team=2 losTgt=106.21
[WOBBLE_FIRE] team=2 losTgt=106.71
[WOBBLE_FIRE] team=2 losTgt=107.11
[WOBBLE_FIRE] team=2 losTgt=107.43
[WOBBLE_FIRE] team=2 losTgt=107.68
[WOBBLE_FIRE] team=2 losTgt=107.86
[WOBBLE_FIRE] team=2 losTgt=107.98
[WOBBLE_FIRE] team=2 losTgt=108.05
[WOBBLE_FIRE] team=2 losTgt=108.06
[WOBBLE_FIRE] team=2 losTgt=108.03
[WOBBLE_FIRE] team=2 losTgt=107.96
[WOBBLE_FIRE] team=2 losTgt=107.85
[WOBBLE_FIRE] team=2 losTgt=107.71
[WOBBLE_FIRE] team=2 losTgt=107.54
[WOBBLE_FIRE] team=2 losTgt=107.34
[WOBBLE_FIRE] team=2 losTgt=107.11
[WOBBLE_FIRE] team=2 losTgt=106.86
[WOBBLE_FIRE] team=2 losTgt=106.59
[WOBBLE_FIRE] team=2 losTgt=106.29
[WOBBLE_FIRE] team=2 losTgt=105.98
[WOBBLE_FIRE] team=2 losTgt=105.65
[WOBBLE_FIRE] team=2 losTgt=105.31
[WOBBLE_FIRE] team=2 losTgt=104.96
[WOBBLE_FIRE] team=2 losTgt=104.59
[WOBBLE_FIRE] team=2 losTgt=104.21
[WOBBLE_FIRE] team=2 losTgt=103.82
[WOBBLE_FIRE] team=2 losTgt=103.42
[WOBBLE_FIRE] team=2 losTgt=103.01
[WOBBLE_FIRE] team=2 losTgt=102.59
[WOBBLE_FIRE] team=2 losTgt=102.16
[WOBBLE_FIRE] team=2 losTgt=101.73
[WOBBLE_FIRE] team=2 losTgt=101.29
[WOBBLE_FIRE] team=2 losTgt=100.85
[WOBBLE_FIRE] team=2 losTgt=100.40
[WOBBLE_FIRE] team=2 losTgt=99.94
[WOBBLE_FIRE] team=2 losTgt=99.48
[WOBBLE_FIRE] team=2 losTgt=99.02
[WOBBLE_FIRE] team=2 losTgt=98.55
[WOBBLE_FIRE] team=2 losTgt=98.08
[WOBBLE_FIRE] team=2 losTgt=97.60
[WOBBLE_FIRE] team=2 losTgt=97.13
[WOBBLE_FIRE] team=2 losTgt=96.65
[WOBBLE_FIRE] team=2 losTgt=96.17
[WOBBLE_FIRE] team=2 losTgt=95.68
[WOBBLE_FIRE] team=2 losTgt=95.20
[WOBBLE_FIRE] team=2 losTgt=94.71
[WOBBLE_FIRE] team=2 losTgt=94.22
[WOBBLE_FIRE] team=2 losTgt=93.73
[WOBBLE_FIRE] team=2 losTgt=93.24
[WOBBLE_FIRE] team=2 losTgt=92.75
[WOBBLE_FIRE] team=2 losTgt=92.26
[WOBBLE_FIRE] team=2 losTgt=91.76
[WOBBLE_FIRE] team=2 losTgt=91.27
[WOBBLE_FIRE] team=2 losTgt=90.77
[WOBBLE_FIRE] team=2 losTgt=90.28
[WOBBLE_FIRE] team=2 losTgt=89.78
[WOBBLE_FIRE] team=2 losTgt=89.29
[WOBBLE_FIRE] team=2 losTgt=88.80
[WOBBLE_FIRE] team=2 losTgt=88.31
[WOBBLE_FIRE] team=2 losTgt=87.82
[WOBBLE_FIRE] team=2 losTgt=87.33
[WOBBLE_FIRE] team=2 losTgt=86.85
[WOBBLE_FIRE] team=2 losTgt=86.37
[WOBBLE_FIRE] team=2 losTgt=85.89
[WOBBLE_FIRE] team=2 losTgt=85.41
[WOBBLE_FIRE] team=2 losTgt=84.93
[WOBBLE_FIRE] team=2 losTgt=84.46
[WOBBLE_FIRE] team=2 losTgt=83.99
[WOBBLE_FIRE] team=2 losTgt=83.52
[WOBBLE_FIRE] team=2 losTgt=83.06
[WOBBLE_FIRE] team=2 losTgt=82.60
[WOBBLE_FIRE] team=2 losTgt=82.14
[WOBBLE_FIRE] team=2 losTgt=81.69
[WOBBLE_FIRE] team=2 losTgt=81.24
[WOBBLE_FIRE] team=2 losTgt=80.79
[WOBBLE_FIRE] team=2 losTgt=80.34
[WOBBLE_FIRE] team=2 losTgt=79.90
[WOBBLE_FIRE] team=2 losTgt=79.46
[WOBBLE_FIRE] team=2 losTgt=79.02
[WOBBLE_FIRE] team=2 losTgt=78.58
[WOBBLE_FIRE] team=2 losTgt=78.15
[WOBBLE_FIRE] team=2 losTgt=77.75
[WOBBLE_FIRE] team=2 losTgt=77.35
[WOBBLE_FIRE] team=2 losTgt=76.96
[WOBBLE_FIRE] team=2 losTgt=76.56
[WOBBLE_FIRE] team=2 losTgt=76.14
[WOBBLE_FIRE] team=2 losTgt=75.69
[WOBBLE_FIRE] team=2 losTgt=75.22
[WOBBLE_FIRE] team=2 losTgt=74.74
[WOBBLE_FIRE] team=2 losTgt=74.26
[WOBBLE_FIRE] team=2 losTgt=73.78
[WOBBLE_FIRE] team=2 losTgt=73.30
[WOBBLE_FIRE] team=2 losTgt=72.82
[WOBBLE_FIRE] team=2 losTgt=72.35
[WOBBLE_FIRE] team=2 losTgt=71.87
[WOBBLE_FIRE] team=2 losTgt=71.38
[WOBBLE_FIRE] team=2 losTgt=70.89
[WOBBLE_FIRE] team=2 losTgt=70.39
[WOBBLE_FIRE] team=2 losTgt=69.89
[WOBBLE_FIRE] team=2 losTgt=69.38
[WOBBLE_FIRE] team=2 losTgt=68.88
[WOBBLE_FIRE] team=2 losTgt=68.38
[WOBBLE_FIRE] team=2 losTgt=67.87
[WOBBLE_FIRE] team=2 losTgt=67.37
[WOBBLE_FIRE] team=2 losTgt=66.86
[WOBBLE_FIRE] team=2 losTgt=66.36
[WOBBLE_FIRE] team=2 losTgt=65.85
[WOBBLE_FIRE] team=2 losTgt=65.34
[WOBBLE_FIRE] team=2 losTgt=64.83
[WOBBLE_FIRE] team=2 losTgt=64.32
[WOBBLE_FIRE] team=2 losTgt=63.80
[WOBBLE_FIRE] team=2 losTgt=63.28
[WOBBLE_FIRE] team=2 losTgt=62.75
[WOBBLE_FIRE] team=2 losTgt=62.22
[WOBBLE_FIRE] team=2 losTgt=61.69
[WOBBLE_FIRE] team=2 losTgt=61.15
[WOBBLE_FIRE] team=2 losTgt=60.61
[WOBBLE_FIRE] team=2 losTgt=60.06
[WOBBLE_FIRE] team=2 losTgt=59.51
[WOBBLE_FIRE] team=2 losTgt=58.94
[WOBBLE_FIRE] team=2 losTgt=58.38
[WOBBLE_FIRE] team=2 losTgt=57.81
[WOBBLE_FIRE] team=2 losTgt=57.23
[WOBBLE_FIRE] team=2 losTgt=56.65
[WOBBLE_FIRE] team=2 losTgt=56.06
[WOBBLE_FIRE] team=2 losTgt=55.46
[WOBBLE_FIRE] team=2 losTgt=54.86
[WOBBLE_FIRE] team=2 losTgt=54.25
[WOBBLE_FIRE] team=2 losTgt=53.63
[WOBBLE_FIRE] team=2 losTgt=53.01
[WOBBLE_FIRE] team=2 losTgt=52.37
[WOBBLE_FIRE] team=2 losTgt=51.73
[WOBBLE_FIRE] team=2 losTgt=51.08
[WOBBLE_FIRE] team=2 losTgt=50.43
[WOBBLE_FIRE] team=2 losTgt=49.76
[WOBBLE_FIRE] team=2 losTgt=49.08
[WOBBLE_FIRE] team=2 losTgt=48.39
[WOBBLE_FIRE] team=2 losTgt=47.68
[WOBBLE_FIRE] team=2 losTgt=46.97
[WOBBLE_FIRE] team=2 losTgt=46.25
[WOBBLE_FIRE] team=2 losTgt=45.51
[WOBBLE_FIRE] team=2 losTgt=45.58
[WOBBLE_FIRE] team=2 losTgt=51.50
[WOBBLE_FIRE] team=2 losTgt=57.15
[WOBBLE_FIRE] team=2 losTgt=62.73
[WOBBLE_FIRE] team=2 losTgt=68.18
[WOBBLE_FIRE] team=2 losTgt=73.35
[WOBBLE_FIRE] team=2 losTgt=78.14
[WOBBLE_FIRE] team=2 losTgt=82.51
[WOBBLE_FIRE] team=2 losTgt=86.44
[WOBBLE_FIRE] team=2 losTgt=89.97
[WOBBLE_FIRE] team=2 losTgt=93.05
[WOBBLE_FIRE] team=2 losTgt=95.35
[WOBBLE_FIRE] team=2 losTgt=96.61
[WOBBLE_FIRE] team=2 losTgt=96.69
[WOBBLE_FIRE] team=2 losTgt=96.03
[WOBBLE_FIRE] team=2 losTgt=95.24
[WOBBLE_FIRE] team=2 losTgt=94.57
[WOBBLE_FIRE] team=2 losTgt=94.09
[WOBBLE_FIRE] team=2 losTgt=93.75
[WOBBLE_FIRE] team=2 losTgt=93.50
[WOBBLE_FIRE] team=2 losTgt=93.30
[WOBBLE_FIRE] team=2 losTgt=93.10
[WOBBLE_FIRE] team=2 losTgt=92.88
[WOBBLE_FIRE] team=2 losTgt=92.61
[WOBBLE_FIRE] team=2 losTgt=92.29
[WOBBLE_FIRE] team=2 losTgt=91.91
[WOBBLE_FIRE] team=2 losTgt=91.49
[WOBBLE_FIRE] team=2 losTgt=91.03
[WOBBLE_FIRE] team=2 losTgt=90.52
[WOBBLE_FIRE] team=2 losTgt=89.96
[WOBBLE_FIRE] team=2 losTgt=89.37
[WOBBLE_FIRE] team=2 losTgt=88.74
[WOBBLE_FIRE] team=2 losTgt=88.08
[WOBBLE_FIRE] team=2 losTgt=87.40
[WOBBLE_FIRE] team=2 losTgt=86.69
[WOBBLE_FIRE] team=2 losTgt=85.96
[WOBBLE_FIRE] team=2 losTgt=85.22
[WOBBLE_FIRE] team=2 losTgt=84.45
[WOBBLE_FIRE] team=2 losTgt=83.67
[WOBBLE_FIRE] team=2 losTgt=82.86
[WOBBLE_FIRE] team=2 losTgt=82.05
[WOBBLE_FIRE] team=2 losTgt=81.21
[WOBBLE_FIRE] team=2 losTgt=80.36
[WOBBLE_FIRE] team=2 losTgt=79.49
[WOBBLE_FIRE] team=2 losTgt=78.61
[WOBBLE_FIRE] team=2 losTgt=77.72
[WOBBLE_FIRE] team=2 losTgt=76.81
[WOBBLE_FIRE] team=2 losTgt=75.89
[WOBBLE_FIRE] team=2 losTgt=74.96
[WOBBLE_FIRE] team=2 losTgt=74.01
[WOBBLE_FIRE] team=2 losTgt=73.06
[WOBBLE_FIRE] team=2 losTgt=72.09
[WOBBLE_FIRE] team=2 losTgt=71.11
[WOBBLE_FIRE] team=2 losTgt=70.13
[WOBBLE_FIRE] team=2 losTgt=69.13
[WOBBLE_FIRE] team=2 losTgt=68.12
[WOBBLE_FIRE] team=2 losTgt=67.10
[WOBBLE_FIRE] team=2 losTgt=66.08
[WOBBLE_FIRE] team=2 losTgt=65.05
[WOBBLE_FIRE] team=2 losTgt=64.01
[WOBBLE_FIRE] team=2 losTgt=62.96
[WOBBLE_FIRE] team=2 losTgt=61.90
[WOBBLE_FIRE] team=2 losTgt=60.84
[WOBBLE_FIRE] team=2 losTgt=59.77
[WOBBLE_FIRE] team=2 losTgt=58.69
[WOBBLE_FIRE] team=2 losTgt=57.60
[WOBBLE_FIRE] team=2 losTgt=56.50
[WOBBLE_FIRE] team=2 losTgt=55.40
[WOBBLE_FIRE] team=2 losTgt=54.29
[WOBBLE_FIRE] team=2 losTgt=53.17
[WOBBLE_FIRE] team=2 losTgt=52.04
[WOBBLE_FIRE] team=2 losTgt=50.90
[WOBBLE_FIRE] team=2 losTgt=49.76
[WOBBLE_FIRE] team=2 losTgt=48.60
[WOBBLE_FIRE] team=2 losTgt=47.43
[WOBBLE_FIRE] team=2 losTgt=46.25
[WOBBLE_FIRE] team=2 losTgt=45.07
[WOBBLE_FIRE] team=2 losTgt=45.33
[WOBBLE_FIRE] team=2 losTgt=45.77
[WOBBLE_FIRE] team=2 losTgt=46.17
[WOBBLE_FIRE] team=2 losTgt=46.55
[WOBBLE_FIRE] team=2 losTgt=46.90
[WOBBLE_FIRE] team=2 losTgt=47.20
[WOBBLE_FIRE] team=2 losTgt=47.47
[WOBBLE_FIRE] team=2 losTgt=47.71
[WOBBLE_FIRE] team=2 losTgt=47.90
[WOBBLE_FIRE] team=2 losTgt=48.06
[WOBBLE_FIRE] team=2 losTgt=48.17
[WOBBLE_FIRE] team=2 losTgt=48.25
[WOBBLE_FIRE] team=2 losTgt=48.30
[WOBBLE_FIRE] team=2 losTgt=48.31
[WOBBLE_FIRE] team=2 losTgt=48.29
[WOBBLE_FIRE] team=2 losTgt=48.23
[WOBBLE_FIRE] team=2 losTgt=48.14
[WOBBLE_FIRE] team=2 losTgt=48.01
[WOBBLE_FIRE] team=2 losTgt=47.86
[WOBBLE_FIRE] team=2 losTgt=47.66
[WOBBLE_FIRE] team=2 losTgt=47.43
[WOBBLE_FIRE] team=2 losTgt=47.18
[WOBBLE_FIRE] team=2 losTgt=46.89
[WOBBLE_FIRE] team=2 losTgt=46.58
[WOBBLE_FIRE] team=2 losTgt=46.24
[WOBBLE_FIRE] team=2 losTgt=45.88
[WOBBLE_FIRE] team=2 losTgt=45.48
[WOBBLE_FIRE] team=2 losTgt=45.05
runner:local/env:0	num_steps=[11999] | total rewards=[1045.5300] | termination= [max time out]
[seed 14] reward=  1045.53 ownHP=1.0000 tgtHP=0.3775 max time out
Remove Space Complete.

[rehearsal own_rep=6 tgt_rep=6 seeds=15]
SUMMARY dealt=14.5685 taken=0.0000 mean_reward=947.88
tacview log saved (last episode)

=== junghwan 재실행 완료 ===
