########## M700 vs ACE ##########


     JSBSim Flight Dynamics Model v1.0.0 May 27 2026 16:13:38
            [JSBSim-ML v2.0]

JSBSim startup beginning ...

total: 2
Behavior Tree Initialized Successfully
init ID:1 Lat37.92355643001773 Lon128.18188127777776 Alt(meter)7000.0785355893395 Speed(m/sec)300.0
init ID:1 Lat37.96855377446113 Lon128.18188127777776 Alt(meter)7002.8272734023885 Speed(m/sec)300.0
runner:local/env:0	num_steps=[11999] | total rewards=[408.3846] | termination= [max time out]
[seed 0] reward=   408.38 ownHP=1.0000 tgtHP=0.9519 max time out
total: 2
runner:local/env:0	num_steps=[11999] | total rewards=[528.9857] | termination= [max time out]
[seed 1] reward=   528.99 ownHP=1.0000 tgtHP=0.9163 max time out
total: 2
runner:local/env:0	num_steps=[11999] | total rewards=[439.6448] | termination= [max time out]
[seed 2] reward=   439.64 ownHP=1.0000 tgtHP=0.9001 max time out
total: 2
runner:local/env:0	num_steps=[11999] | total rewards=[325.0982] | termination= [max time out]
[seed 3] reward=   325.10 ownHP=1.0000 tgtHP=0.9410 max time out
total: 2
runner:local/env:0	num_steps=[11999] | total rewards=[470.0071] | termination= [max time out]
[seed 4] reward=   470.01 ownHP=0.9685 tgtHP=0.9051 max time out
total: 2
runner:local/env:0	num_steps=[11999] | total rewards=[555.2753] | termination= [max time out]
[seed 5] reward=   555.28 ownHP=0.9910 tgtHP=0.8933 max time out
total: 2
runner:local/env:0	num_steps=[11999] | total rewards=[380.5000] | termination= [max time out]
[seed 6] reward=   380.50 ownHP=1.0000 tgtHP=0.9423 max time out
total: 2
runner:local/env:0	num_steps=[11999] | total rewards=[565.2057] | termination= [max time out]
[seed 7] reward=   565.21 ownHP=1.0000 tgtHP=0.9183 max time out
total: 2
runner:local/env:0	num_steps=[11999] | total rewards=[645.1511] | termination= [max time out]
[seed 8] reward=   645.15 ownHP=1.0000 tgtHP=0.8360 max time out
total: 2
runner:local/env:0	num_steps=[11999] | total rewards=[478.2209] | termination= [max time out]
[seed 9] reward=   478.22 ownHP=1.0000 tgtHP=0.9588 max time out
total: 2
runner:local/env:0	num_steps=[11999] | total rewards=[512.7462] | termination= [max time out]
[seed 10] reward=   512.75 ownHP=1.0000 tgtHP=0.9205 max time out
total: 2
runner:local/env:0	num_steps=[11999] | total rewards=[576.7167] | termination= [max time out]
[seed 11] reward=   576.72 ownHP=1.0000 tgtHP=0.7701 max time out
total: 2
runner:local/env:0	num_steps=[11999] | total rewards=[368.1824] | termination= [max time out]
[seed 12] reward=   368.18 ownHP=1.0000 tgtHP=0.9215 max time out
total: 2
runner:local/env:0	num_steps=[11999] | total rewards=[558.1540] | termination= [max time out]
[seed 13] reward=   558.15 ownHP=1.0000 tgtHP=0.7879 max time out
total: 2
runner:local/env:0	num_steps=[11999] | total rewards=[375.7601] | termination= [max time out]
[seed 14] reward=   375.76 ownHP=1.0000 tgtHP=0.8899 max time out
Remove Space Complete.

[rehearsal own_rep=6 tgt_rep=6 seeds=15]
SUMMARY dealt=1.5468 taken=0.0405 mean_reward=479.20
tacview log saved (last episode)

########## M700 vs AIP_onecircle.dll ##########


     JSBSim Flight Dynamics Model v1.0.0 May 27 2026 16:13:38
            [JSBSim-ML v2.0]

JSBSim startup beginning ...

total: 2
Behavior Tree Initialized Successfully
Behavior Tree Initialized Successfully
init ID:1 Lat37.92355643001773 Lon128.18188127777776 Alt(meter)7000.0785355893395 Speed(m/sec)300.0
init ID:1 Lat37.96855377446113 Lon128.18188127777776 Alt(meter)7002.8272734023885 Speed(m/sec)300.0
runner:local/env:0	num_steps=[11999] | total rewards=[158.4997] | termination= [max time out]
[seed 0] reward=   158.50 ownHP=1.0000 tgtHP=1.0000 max time out
total: 2
runner:local/env:0	num_steps=[11999] | total rewards=[553.6832] | termination= [max time out]
[seed 1] reward=   553.68 ownHP=0.9610 tgtHP=0.5946 max time out
total: 2
runner:local/env:0	num_steps=[11999] | total rewards=[350.9713] | termination= [max time out]
[seed 2] reward=   350.97 ownHP=1.0000 tgtHP=1.0000 max time out
total: 2
runner:local/env:0	num_steps=[11999] | total rewards=[313.6722] | termination= [max time out]
[seed 3] reward=   313.67 ownHP=1.0000 tgtHP=1.0000 max time out
total: 2
runner:local/env:0	num_steps=[11999] | total rewards=[189.4946] | termination= [max time out]
[seed 4] reward=   189.49 ownHP=1.0000 tgtHP=1.0000 max time out
total: 2
runner:local/env:0	num_steps=[11999] | total rewards=[-28.9522] | termination= [max time out]
[seed 5] reward=   -28.95 ownHP=0.9930 tgtHP=1.0000 max time out
total: 2
runner:local/env:0	num_steps=[11999] | total rewards=[156.1702] | termination= [max time out]
[seed 6] reward=   156.17 ownHP=1.0000 tgtHP=1.0000 max time out
total: 2
runner:local/env:0	num_steps=[11999] | total rewards=[162.4663] | termination= [max time out]
[seed 7] reward=   162.47 ownHP=1.0000 tgtHP=1.0000 max time out
total: 2
runner:local/env:0	num_steps=[11999] | total rewards=[20.2909] | termination= [max time out]
[seed 8] reward=    20.29 ownHP=1.0000 tgtHP=1.0000 max time out
total: 2
runner:local/env:0	num_steps=[11999] | total rewards=[436.2577] | termination= [max time out]
[seed 9] reward=   436.26 ownHP=1.0000 tgtHP=0.9984 max time out
total: 2
runner:local/env:0	num_steps=[11999] | total rewards=[418.5645] | termination= [max time out]
[seed 10] reward=   418.56 ownHP=1.0000 tgtHP=1.0000 max time out
total: 2
runner:local/env:0	num_steps=[11999] | total rewards=[610.0109] | termination= [max time out]
[seed 11] reward=   610.01 ownHP=1.0000 tgtHP=0.9353 max time out
total: 2
runner:local/env:0	num_steps=[11999] | total rewards=[72.8612] | termination= [max time out]
[seed 12] reward=    72.86 ownHP=1.0000 tgtHP=1.0000 max time out
total: 2
runner:local/env:0	num_steps=[11999] | total rewards=[401.4087] | termination= [max time out]
[seed 13] reward=   401.41 ownHP=1.0000 tgtHP=0.9978 max time out
total: 2
runner:local/env:0	num_steps=[11999] | total rewards=[-12.5492] | termination= [max time out]
[seed 14] reward=   -12.55 ownHP=1.0000 tgtHP=1.0000 max time out
Remove Space Complete.

[rehearsal own_rep=6 tgt_rep=6 seeds=15]
SUMMARY dealt=0.4739 taken=0.0460 mean_reward=253.52
tacview log saved (last episode)

########## M700 vs AIP_sync.dll ##########


     JSBSim Flight Dynamics Model v1.0.0 May 27 2026 16:13:38
            [JSBSim-ML v2.0]

JSBSim startup beginning ...

total: 2
Behavior Tree Initialized Successfully
Behavior Tree Initialized Successfully
init ID:1 Lat37.92355643001773 Lon128.18188127777776 Alt(meter)7000.0785355893395 Speed(m/sec)300.0
init ID:1 Lat37.96855377446113 Lon128.18188127777776 Alt(meter)7002.8272734023885 Speed(m/sec)300.0
runner:local/env:0	num_steps=[11999] | total rewards=[1569.9808] | termination= [max time out]
[seed 0] reward=  1569.98 ownHP=1.0000 tgtHP=1.0000 max time out
total: 2
runner:local/env:0	num_steps=[11999] | total rewards=[263.3284] | termination= [max time out]
[seed 1] reward=   263.33 ownHP=1.0000 tgtHP=1.0000 max time out
total: 2
runner:local/env:0	num_steps=[11999] | total rewards=[268.6752] | termination= [max time out]
[seed 2] reward=   268.68 ownHP=1.0000 tgtHP=1.0000 max time out
total: 2
runner:local/env:0	num_steps=[11999] | total rewards=[391.5678] | termination= [max time out]
[seed 3] reward=   391.57 ownHP=1.0000 tgtHP=0.9184 max time out
total: 2
runner:local/env:0	num_steps=[11999] | total rewards=[592.4898] | termination= [max time out]
[seed 4] reward=   592.49 ownHP=1.0000 tgtHP=1.0000 max time out
total: 2
runner:local/env:0	num_steps=[11999] | total rewards=[196.4458] | termination= [max time out]
[seed 5] reward=   196.45 ownHP=1.0000 tgtHP=0.9819 max time out
total: 2
runner:local/env:0	num_steps=[11999] | total rewards=[532.7638] | termination= [max time out]
[seed 6] reward=   532.76 ownHP=1.0000 tgtHP=1.0000 max time out
total: 2
runner:local/env:0	num_steps=[11999] | total rewards=[1343.7412] | termination= [max time out]
[seed 7] reward=  1343.74 ownHP=1.0000 tgtHP=1.0000 max time out
total: 2
runner:local/env:0	num_steps=[11999] | total rewards=[1056.3646] | termination= [max time out]
[seed 8] reward=  1056.36 ownHP=1.0000 tgtHP=1.0000 max time out
total: 2
runner:local/env:0	num_steps=[11999] | total rewards=[358.7790] | termination= [max time out]
[seed 9] reward=   358.78 ownHP=1.0000 tgtHP=1.0000 max time out
total: 2
runner:local/env:0	num_steps=[11999] | total rewards=[61.7761] | termination= [max time out]
[seed 10] reward=    61.78 ownHP=1.0000 tgtHP=1.0000 max time out
total: 2
runner:local/env:0	num_steps=[11999] | total rewards=[247.1032] | termination= [max time out]
[seed 11] reward=   247.10 ownHP=1.0000 tgtHP=1.0000 max time out
total: 2
runner:local/env:0	num_steps=[11999] | total rewards=[737.3006] | termination= [max time out]
[seed 12] reward=   737.30 ownHP=1.0000 tgtHP=1.0000 max time out
total: 2
runner:local/env:0	num_steps=[11999] | total rewards=[990.1436] | termination= [max time out]
[seed 13] reward=   990.14 ownHP=1.0000 tgtHP=1.0000 max time out
total: 2
runner:local/env:0	num_steps=[11999] | total rewards=[514.2142] | termination= [max time out]
[seed 14] reward=   514.21 ownHP=1.0000 tgtHP=1.0000 max time out
Remove Space Complete.

[rehearsal own_rep=6 tgt_rep=6 seeds=15]
SUMMARY dealt=0.0998 taken=0.0000 mean_reward=608.31
tacview log saved (last episode)

########## M700 vs AIP_jink.dll ##########


     JSBSim Flight Dynamics Model v1.0.0 May 27 2026 16:13:38
            [JSBSim-ML v2.0]

JSBSim startup beginning ...

total: 2
Behavior Tree Initialized Successfully
Behavior Tree Initialized Successfully
[JINK] sign=-1 next=2.11667 dist=3216.17 spd=313.706
[JINK] sign=-1 next=6.84999 dist=3047.04 spd=351.62
[JINK] sign=-1 next=6.84999 dist=1804.52 spd=327.544
[JINK] sign=-1 next=11.3833 dist=1110.97 spd=332.38
[JINK] sign=-1 next=11.3833 dist=335.386 spd=294.465
[JINK] sign=-1 next=16.2166 dist=125.232 spd=326.618
[JINK] sign=-1 next=16.2166 dist=127.282 spd=298.735
[JINK] sign=1 next=18.1333 dist=83.4425 spd=300.69
[JINK] sign=-1 next=20.2499 dist=321.523 spd=323.634
init ID:1 Lat37.92355643001773 Lon128.18188127777776 Alt(meter)7000.0785355893395 Speed(m/sec)300.0
init ID:1 Lat37.96855377446113 Lon128.18188127777776 Alt(meter)7002.8272734023885 Speed(m/sec)300.0
runner:local/env:0	num_steps=[6989] | total rewards=[663.9275] | termination= [target destroyed]
[seed 0] reward=   663.93 ownHP=1.0000 tgtHP=-0.0011 target destroyed
total: 2
[JINK] sign=-1 next=21.9499 dist=2028.94 spd=309.847
[JINK] sign=1 next=23.2666 dist=4182.13 spd=362.269
[JINK] sign=-1 next=26.6832 dist=3227.01 spd=338.759
[JINK] sign=1 next=28.3999 dist=1029.69 spd=288.961
[JINK] sign=-1 next=31.2166 dist=45.4801 spd=264.319
[JINK] sign=1 next=32.3332 dist=423.323 spd=299.095
[JINK] sign=-1 next=36.0499 dist=151.222 spd=292.408
[JINK] sign=1 next=37.9665 dist=91.0602 spd=287.881
[JINK] sign=-1 next=40.0832 dist=348.967 spd=326.978
[JINK] sign=-1 next=40.0832 dist=324.45 spd=294.363
[JINK] sign=-1 next=44.8165 dist=205.408 spd=314.374
[JINK] sign=-1 next=44.8165 dist=42.0534 spd=290.041
[JINK] sign=1 next=46.5332 dist=265.2 spd=324.817
[JINK] sign=-1 next=49.3498 dist=197.965 spd=306.555
[JINK] sign=1 next=50.4665 dist=214.17 spd=311.802
runner:local/env:0	num_steps=[11491] | total rewards=[890.9186] | termination= [target destroyed]
[seed 1] reward=   890.92 ownHP=1.0000 tgtHP=-0.0005 target destroyed
total: 2
[JINK] sign=-1 next=53.5831 dist=2294.34 spd=294.517
[JINK] sign=1 next=54.8998 dist=3122.92 spd=331.351
[JINK] sign=-1 next=58.3164 dist=2301.53 spd=350.025
[JINK] sign=1 next=60.0331 dist=690.262 spd=318.747
[JINK] sign=-1 next=62.8498 dist=757.107 spd=278.106
[JINK] sign=1 next=63.9664 dist=498.393 spd=264.165
[JINK] sign=-1 next=67.6831 dist=300.191 spd=299.25
[JINK] sign=-1 next=67.6831 dist=152.326 spd=290.401
[JINK] sign=1 next=69.5997 dist=180.65 spd=301.153
[JINK] sign=-1 next=71.7164 dist=849.222 spd=271.058
[JINK] sign=1 next=73.033 dist=877.548 spd=314.117
[JINK] sign=-1 next=76.4497 dist=736.455 spd=294.363
runner:local/env:0	num_steps=[9102] | total rewards=[906.0055] | termination= [target destroyed]
[seed 2] reward=   906.01 ownHP=1.0000 tgtHP=-0.0018 target destroyed
total: 2
[JINK] sign=-1 next=79.0164 dist=3555.01 spd=292.048
[JINK] sign=1 next=80.333 dist=3131.94 spd=298.067
[JINK] sign=-1 next=83.7497 dist=3378.97 spd=343.389
[JINK] sign=1 next=85.4663 dist=1230.67 spd=353.266
[JINK] sign=-1 next=88.283 dist=281.242 spd=289.321
[JINK] sign=-1 next=88.283 dist=419.516 spd=265.554
[JINK] sign=-1 next=93.1163 dist=446.033 spd=303.983
[JINK] sign=-1 next=93.1163 dist=268.074 spd=292.562
[JINK] sign=1 next=95.033 dist=554.727 spd=295.546
[JINK] sign=-1 next=97.1496 dist=1223.3 spd=265.4
[JINK] sign=1 next=98.4663 dist=741.854 spd=299.147
[JINK] sign=-1 next=101.883 dist=549.551 spd=292.202
runner:local/env:0	num_steps=[8620] | total rewards=[720.9368] | termination= [target destroyed]
[seed 3] reward=   720.94 ownHP=1.0000 tgtHP=-0.0027 target destroyed
total: 2
[JINK] sign=-1 next=102.7 dist=1095.96 spd=301.822
[JINK] sign=-1 next=107.433 dist=3077.99 spd=357.999
[JINK] sign=-1 next=107.433 dist=1373.03 spd=345.241
[JINK] sign=1 next=109.15 dist=526.271 spd=333.254
[JINK] sign=-1 next=111.966 dist=81.1928 spd=299.507
[JINK] sign=1 next=113.083 dist=375.99 spd=320.599
[JINK] sign=-1 next=116.8 dist=250.079 spd=301.616
[JINK] sign=1 next=118.716 dist=234.234 spd=287.418
[JINK] sign=-1 next=120.833 dist=500.302 spd=331.402
[JINK] sign=1 next=122.15 dist=527.833 spd=303.108
[JINK] sign=-1 next=125.566 dist=330.959 spd=292.922
[JINK] sign=-1 next=125.566 dist=29.7481 spd=269.721
[JINK] sign=1 next=127.283 dist=169.766 spd=320.187
[JINK] sign=-1 next=130.099 dist=327.673 spd=309.127
[JINK] sign=1 next=131.216 dist=195.411 spd=318.644
[JINK] sign=-1 next=134.933 dist=67.7386 spd=283.302
runner:local/env:0	num_steps=[11999] | total rewards=[1097.7308] | termination= [max time out]
[seed 4] reward=  1097.73 ownHP=1.0000 tgtHP=0.1391 max time out
total: 2
[JINK] sign=-1 next=136.033 dist=2079.63 spd=295.391
[JINK] sign=1 next=137.349 dist=2087.89 spd=340.714
[JINK] sign=-1 next=140.766 dist=1563.47 spd=345.498
[JINK] sign=1 next=142.483 dist=1089.63 spd=318.078
[JINK] sign=-1 next=145.299 dist=343.464 spd=277.077
[JINK] sign=1 next=146.416 dist=69.0297 spd=275.997
[JINK] sign=-1 next=150.133 dist=197.287 spd=297.243
[JINK] sign=-1 next=150.133 dist=69.1685 spd=290.864
[JINK] sign=1 next=152.049 dist=523.964 spd=293.179
[JINK] sign=-1 next=154.166 dist=787.444 spd=266.428
[JINK] sign=-1 next=158.899 dist=605.608 spd=315.146
[JINK] sign=-1 next=158.899 dist=352.686 spd=292.716
[JINK] sign=1 next=160.616 dist=422.312 spd=295.854
[JINK] sign=-1 next=163.433 dist=1410.93 spd=265.451
[JINK] sign=1 next=164.549 dist=617.934 spd=263.445
runner:local/env:0	num_steps=[10747] | total rewards=[883.6132] | termination= [target destroyed]
[seed 5] reward=   883.61 ownHP=1.0000 tgtHP=-0.0075 target destroyed
total: 2
[JINK] sign=-1 next=165.899 dist=3557.81 spd=309.796
[JINK] sign=-1 next=170.633 dist=3684.12 spd=363.092
[JINK] sign=1 next=172.349 dist=1478.67 spd=309.641
[JINK] sign=-1 next=175.166 dist=774.907 spd=327.132
[JINK] sign=-1 next=175.166 dist=380.499 spd=297.912
[JINK] sign=-1 next=179.999 dist=114.298 spd=316.998
[JINK] sign=-1 next=179.999 dist=51.9861 spd=289.938
[JINK] sign=1 next=181.916 dist=235.452 spd=305.474
[JINK] sign=-1 next=184.033 dist=522.648 spd=320.393
[JINK] sign=1 next=185.349 dist=328.394 spd=318.953
[JINK] sign=-1 next=188.766 dist=215.022 spd=300.536
[JINK] sign=-1 next=188.766 dist=64.7317 spd=277.129
runner:local/env:0	num_steps=[9584] | total rewards=[963.2237] | termination= [target destroyed]
[seed 6] reward=   963.22 ownHP=1.0000 tgtHP=-0.0051 target destroyed
total: 2
[JINK] sign=-1 next=192.533 dist=2396.4 spd=297.295
[JINK] sign=1 next=193.849 dist=2556.63 spd=320.908
[JINK] sign=-1 next=197.266 dist=2198.05 spd=363.658
[JINK] sign=1 next=198.983 dist=733.096 spd=314.169
[JINK] sign=-1 next=201.799 dist=284.956 spd=322.348
[JINK] sign=-1 next=201.799 dist=96.9104 spd=294.157
[JINK] sign=-1 next=206.633 dist=129.679 spd=313.654
[JINK] sign=-1 next=206.633 dist=40.2243 spd=287.263
[JINK] sign=1 next=208.549 dist=256.524 spd=312.831
[JINK] sign=-1 next=210.666 dist=383.076 spd=316.844
[JINK] sign=1 next=211.982 dist=171.52 spd=327.75
[JINK] sign=-1 next=215.399 dist=72.8965 spd=303.211
[JINK] sign=1 next=217.116 dist=191.895 spd=283.559
[JINK] sign=-1 next=219.932 dist=279.355 spd=327.544
[JINK] sign=-1 next=219.932 dist=52.5908 spd=301.771
[JINK] sign=-1 next=224.766 dist=1625.57 spd=274.351
[JINK] sign=-1 next=224.766 dist=912.02 spd=256.654
runner:local/env:0	num_steps=[11999] | total rewards=[942.9033] | termination= [max time out]
[seed 7] reward=   942.90 ownHP=1.0000 tgtHP=0.5172 max time out
total: 2
[JINK] sign=-1 next=225.866 dist=544.921 spd=309.744
[JINK] sign=-1 next=230.599 dist=540.238 spd=358.719
[JINK] sign=-1 next=230.599 dist=1260.06 spd=334.129
[JINK] sign=1 next=232.316 dist=532.306 spd=287.418
[JINK] sign=-1 next=235.132 dist=479.532 spd=266.223
[JINK] sign=1 next=236.249 dist=240.087 spd=306.606
[JINK] sign=-1 next=239.966 dist=217.412 spd=292.099
[JINK] sign=1 next=241.882 dist=44.4423 spd=296.832
[JINK] sign=-1 next=243.999 dist=192.721 spd=301.41
[JINK] sign=1 next=245.316 dist=141.238 spd=282.942
runner:local/env:0	num_steps=[7991] | total rewards=[768.1799] | termination= [target destroyed]
[seed 8] reward=   768.18 ownHP=1.0000 tgtHP=-0.0131 target destroyed
total: 2
[JINK] sign=-1 next=248.066 dist=2672.48 spd=297.758
[JINK] sign=1 next=249.382 dist=3290.17 spd=316.381
[JINK] sign=-1 next=252.799 dist=2667.27 spd=355.787
[JINK] sign=1 next=254.516 dist=893.4 spd=321.371
[JINK] sign=-1 next=257.332 dist=195.733 spd=324.303
[JINK] sign=-1 next=257.332 dist=237.293 spd=295.906
[JINK] sign=-1 next=262.166 dist=252.44 spd=311.493
[JINK] sign=-1 next=262.166 dist=583.396 spd=286.749
[JINK] sign=1 next=264.082 dist=365.113 spd=311.442
[JINK] sign=-1 next=266.199 dist=376.142 spd=316.381
runner:local/env:0	num_steps=[7050] | total rewards=[734.1943] | termination= [target destroyed]
[seed 9] reward=   734.19 ownHP=1.0000 tgtHP=-0.0035 target destroyed
total: 2
[JINK] sign=-1 next=267.649 dist=2752.76 spd=305.217
[JINK] sign=1 next=268.966 dist=2631.19 spd=365.51
[JINK] sign=-1 next=272.382 dist=942.268 spd=319.827
[JINK] sign=1 next=274.099 dist=287.551 spd=333.872
[JINK] sign=-1 next=276.916 dist=78.9172 spd=303.211
[JINK] sign=1 next=278.032 dist=409.865 spd=321.885
[JINK] sign=-1 next=281.749 dist=377.309 spd=292.511
[JINK] sign=1 next=283.666 dist=46.0797 spd=282.067
[JINK] sign=-1 next=285.782 dist=250.486 spd=329.962
[JINK] sign=1 next=287.099 dist=81.3519 spd=306.349
[JINK] sign=-1 next=290.516 dist=147.042 spd=314.477
[JINK] sign=-1 next=290.516 dist=804.879 spd=283.045
[JINK] sign=1 next=292.232 dist=917.319 spd=320.136
[JINK] sign=-1 next=295.049 dist=669.393 spd=298.735
[JINK] sign=1 next=296.165 dist=348.485 spd=318.335
[JINK] sign=-1 next=299.882 dist=109.819 spd=298.375
runner:local/env:0	num_steps=[11999] | total rewards=[1191.8176] | termination= [max time out]
[seed 10] reward=  1191.82 ownHP=1.0000 tgtHP=0.2582 max time out
total: 2
[JINK] sign=-1 next=300.982 dist=2202.9 spd=300.433
[JINK] sign=1 next=302.299 dist=2006.75 spd=351.517
[JINK] sign=-1 next=305.715 dist=2264.45 spd=342.411
[JINK] sign=1 next=307.432 dist=1294.18 spd=310.773
[JINK] sign=-1 next=310.249 dist=278.44 spd=272.499
[JINK] sign=1 next=311.365 dist=74.9436 spd=272.19
[JINK] sign=-1 next=315.082 dist=265.224 spd=296.575
[JINK] sign=-1 next=315.082 dist=75.8238 spd=291.019
[JINK] sign=1 next=316.999 dist=191.849 spd=325.075
[JINK] sign=-1 next=319.115 dist=128.669 spd=298.735
[JINK] sign=-1 next=323.849 dist=141.701 spd=327.287
[JINK] sign=-1 next=323.849 dist=102.311 spd=295.391
[JINK] sign=1 next=325.565 dist=240.281 spd=314.529
[JINK] sign=-1 next=328.382 dist=474.009 spd=315.712
[JINK] sign=1 next=329.499 dist=238.506 spd=302.233
runner:local/env:0	num_steps=[10739] | total rewards=[921.6412] | termination= [target destroyed]
[seed 11] reward=   921.64 ownHP=1.0000 tgtHP=-0.0007 target destroyed
total: 2
[JINK] sign=-1 next=330.815 dist=3840.98 spd=323.583
[JINK] sign=-1 next=335.549 dist=1810.74 spd=366.641
[JINK] sign=-1 next=335.549 dist=718.743 spd=299.095
[JINK] sign=-1 next=340.082 dist=666.7 spd=327.492
[JINK] sign=-1 next=340.082 dist=405.111 spd=294.723
[JINK] sign=-1 next=344.915 dist=66.4123 spd=321.576
[JINK] sign=-1 next=344.915 dist=211.263 spd=297.655
[JINK] sign=1 next=346.832 dist=123.019 spd=303.211
[JINK] sign=-1 next=348.949 dist=251.812 spd=323.12
runner:local/env:0	num_steps=[6870] | total rewards=[690.3620] | termination= [target destroyed]
[seed 12] reward=   690.36 ownHP=1.0000 tgtHP=-0.0014 target destroyed
total: 2
[JINK] sign=-1 next=350.015 dist=3015.88 spd=315.506
[JINK] sign=-1 next=354.749 dist=2830.11 spd=365.818
[JINK] sign=-1 next=354.749 dist=1643.73 spd=323.789
[JINK] sign=1 next=356.465 dist=362.8 spd=333.769
[JINK] sign=-1 next=359.282 dist=84.9149 spd=305.474
[JINK] sign=1 next=360.399 dist=251.311 spd=319.879
[JINK] sign=-1 next=364.115 dist=32.8085 spd=292.048
[JINK] sign=1 next=366.032 dist=361.854 spd=278.878
[JINK] sign=-1 next=368.149 dist=408.075 spd=332.483
runner:local/env:0	num_steps=[7020] | total rewards=[553.3554] | termination= [target destroyed]
[seed 13] reward=   553.36 ownHP=1.0000 tgtHP=-0.0008 target destroyed
total: 2
[JINK] sign=-1 next=370.299 dist=1884.5 spd=292.922
[JINK] sign=1 next=371.615 dist=3209.5 spd=335.878
[JINK] sign=-1 next=375.032 dist=1853.69 spd=349.15
[JINK] sign=1 next=376.748 dist=755.522 spd=335.724
[JINK] sign=-1 next=379.565 dist=137.829 spd=309.796
[JINK] sign=1 next=380.682 dist=208.711 spd=308.767
[JINK] sign=-1 next=384.398 dist=801.296 spd=306.143
[JINK] sign=-1 next=384.398 dist=732.782 spd=285.823
[JINK] sign=1 next=386.315 dist=551.852 spd=331.351
[JINK] sign=-1 next=388.432 dist=367.65 spd=306.04
[JINK] sign=-1 next=393.165 dist=166.621 spd=320.033
[JINK] sign=-1 next=393.165 dist=486.777 spd=285.669
[JINK] sign=1 next=394.882 dist=494.107 spd=301.976
runner:local/env:0	num_steps=[10132] | total rewards=[1056.1707] | termination= [target destroyed]
[seed 14] reward=  1056.17 ownHP=1.0000 tgtHP=-0.0004 target destroyed
Remove Space Complete.

[rehearsal own_rep=6 tgt_rep=6 seeds=15]
SUMMARY dealt=14.1243 taken=0.0000 mean_reward=865.67
tacview log saved (last episode)

########## M700 vs AIP_v7.dll ##########


     JSBSim Flight Dynamics Model v1.0.0 May 27 2026 16:13:38
            [JSBSim-ML v2.0]

JSBSim startup beginning ...

total: 2
Behavior Tree Initialized Successfully
Behavior Tree Initialized Successfully
init ID:1 Lat37.92355643001773 Lon128.18188127777776 Alt(meter)7000.0785355893395 Speed(m/sec)300.0
init ID:1 Lat37.96855377446113 Lon128.18188127777776 Alt(meter)7002.8272734023885 Speed(m/sec)300.0
runner:local/env:0	num_steps=[11999] | total rewards=[1299.9020] | termination= [max time out]
[seed 0] reward=  1299.90 ownHP=1.0000 tgtHP=0.3503 max time out
total: 2
runner:local/env:0	num_steps=[11999] | total rewards=[1178.7721] | termination= [max time out]
[seed 1] reward=  1178.77 ownHP=1.0000 tgtHP=0.7156 max time out
total: 2
runner:local/env:0	num_steps=[11999] | total rewards=[45.3197] | termination= [max time out]
[seed 2] reward=    45.32 ownHP=1.0000 tgtHP=0.9640 max time out
total: 2
runner:local/env:0	num_steps=[11999] | total rewards=[512.3917] | termination= [max time out]
[seed 3] reward=   512.39 ownHP=1.0000 tgtHP=0.5218 max time out
total: 2
runner:local/env:0	num_steps=[11999] | total rewards=[1253.2698] | termination= [max time out]
[seed 4] reward=  1253.27 ownHP=1.0000 tgtHP=0.4480 max time out
total: 2
runner:local/env:0	num_steps=[11999] | total rewards=[1298.3991] | termination= [max time out]
[seed 5] reward=  1298.40 ownHP=1.0000 tgtHP=0.0755 max time out
total: 2
runner:local/env:0	num_steps=[11999] | total rewards=[1079.6061] | termination= [max time out]
[seed 6] reward=  1079.61 ownHP=1.0000 tgtHP=0.6842 max time out
total: 2
runner:local/env:0	num_steps=[11999] | total rewards=[1072.4179] | termination= [max time out]
[seed 7] reward=  1072.42 ownHP=1.0000 tgtHP=0.5975 max time out
total: 2
runner:local/env:0	num_steps=[11999] | total rewards=[1220.5389] | termination= [max time out]
[seed 8] reward=  1220.54 ownHP=1.0000 tgtHP=0.5263 max time out
total: 2
runner:local/env:0	num_steps=[11999] | total rewards=[740.7754] | termination= [max time out]
[seed 9] reward=   740.78 ownHP=1.0000 tgtHP=0.5807 max time out
total: 2
runner:local/env:0	num_steps=[11999] | total rewards=[17.7392] | termination= [max time out]
[seed 10] reward=    17.74 ownHP=1.0000 tgtHP=1.0000 max time out
total: 2
runner:local/env:0	num_steps=[11999] | total rewards=[1247.7527] | termination= [max time out]
[seed 11] reward=  1247.75 ownHP=1.0000 tgtHP=0.7038 max time out
total: 2
runner:local/env:0	num_steps=[11999] | total rewards=[1147.3608] | termination= [max time out]
[seed 12] reward=  1147.36 ownHP=1.0000 tgtHP=0.6982 max time out
total: 2
runner:local/env:0	num_steps=[11999] | total rewards=[1163.4710] | termination= [max time out]
[seed 13] reward=  1163.47 ownHP=1.0000 tgtHP=0.2789 max time out
total: 2
runner:local/env:0	num_steps=[11999] | total rewards=[1103.0652] | termination= [max time out]
[seed 14] reward=  1103.07 ownHP=1.0000 tgtHP=0.6738 max time out
Remove Space Complete.

[rehearsal own_rep=6 tgt_rep=6 seeds=15]
SUMMARY dealt=6.1814 taken=0.0000 mean_reward=958.72
tacview log saved (last episode)

########## M700 vs SEARCH ##########


     JSBSim Flight Dynamics Model v1.0.0 May 27 2026 16:13:38
            [JSBSim-ML v2.0]

JSBSim startup beginning ...

total: 2
Behavior Tree Initialized Successfully
init ID:1 Lat37.92355643001773 Lon128.18188127777776 Alt(meter)7000.0785355893395 Speed(m/sec)300.0
init ID:1 Lat37.96855377446113 Lon128.18188127777776 Alt(meter)7002.8272734023885 Speed(m/sec)300.0
runner:local/env:0	num_steps=[10068] | total rewards=[302.1785] | termination= [target altitude below min]
[seed 0] reward=   302.18 ownHP=1.0000 tgtHP=0.9432 target altitude below min
total: 2
runner:local/env:0	num_steps=[11999] | total rewards=[594.5983] | termination= [max time out]
[seed 1] reward=   594.60 ownHP=1.0000 tgtHP=1.0000 max time out
total: 2
runner:local/env:0	num_steps=[11999] | total rewards=[564.7693] | termination= [max time out]
[seed 2] reward=   564.77 ownHP=1.0000 tgtHP=0.9875 max time out
total: 2
runner:local/env:0	num_steps=[11999] | total rewards=[431.9454] | termination= [max time out]
[seed 3] reward=   431.95 ownHP=1.0000 tgtHP=0.8815 max time out
total: 2
runner:local/env:0	num_steps=[11988] | total rewards=[221.6206] | termination= [target altitude below min]
[seed 4] reward=   221.62 ownHP=1.0000 tgtHP=1.0000 target altitude below min
total: 2
runner:local/env:0	num_steps=[11999] | total rewards=[742.7216] | termination= [max time out]
[seed 5] reward=   742.72 ownHP=1.0000 tgtHP=0.0809 max time out
total: 2
runner:local/env:0	num_steps=[11999] | total rewards=[514.9915] | termination= [max time out]
[seed 6] reward=   514.99 ownHP=1.0000 tgtHP=1.0000 max time out
total: 2
runner:local/env:0	num_steps=[11999] | total rewards=[328.3659] | termination= [max time out]
[seed 7] reward=   328.37 ownHP=1.0000 tgtHP=0.9151 max time out
total: 2
runner:local/env:0	num_steps=[11999] | total rewards=[187.4533] | termination= [max time out]
[seed 8] reward=   187.45 ownHP=1.0000 tgtHP=0.8250 max time out
total: 2
runner:local/env:0	num_steps=[11999] | total rewards=[1277.7800] | termination= [max time out]
[seed 9] reward=  1277.78 ownHP=1.0000 tgtHP=0.1471 max time out
total: 2
runner:local/env:0	num_steps=[1836] | total rewards=[-44.4339] | termination= [target altitude below min]
[seed 10] reward=   -44.43 ownHP=1.0000 tgtHP=1.0000 target altitude below min
total: 2
runner:local/env:0	num_steps=[11999] | total rewards=[269.7820] | termination= [max time out]
[seed 11] reward=   269.78 ownHP=0.9574 tgtHP=1.0000 max time out
total: 2
runner:local/env:0	num_steps=[11999] | total rewards=[726.9594] | termination= [max time out]
[seed 12] reward=   726.96 ownHP=1.0000 tgtHP=0.8265 max time out
total: 2
runner:local/env:0	num_steps=[11999] | total rewards=[304.0444] | termination= [max time out]
[seed 13] reward=   304.04 ownHP=1.0000 tgtHP=0.9802 max time out
total: 2
runner:local/env:0	num_steps=[11999] | total rewards=[628.4307] | termination= [max time out]
[seed 14] reward=   628.43 ownHP=1.0000 tgtHP=0.6130 max time out
Remove Space Complete.

[rehearsal own_rep=6 tgt_rep=6 seeds=15]
SUMMARY dealt=2.8001 taken=0.0426 mean_reward=470.08
tacview log saved (last episode)

########## M700 vs STRAIGHT ##########


     JSBSim Flight Dynamics Model v1.0.0 May 27 2026 16:13:38
            [JSBSim-ML v2.0]

JSBSim startup beginning ...

total: 2
Behavior Tree Initialized Successfully
init ID:1 Lat37.92355643001773 Lon128.18188127777776 Alt(meter)7000.0785355893395 Speed(m/sec)300.0
init ID:1 Lat37.96855377446113 Lon128.18188127777776 Alt(meter)7002.8272734023885 Speed(m/sec)300.0
runner:local/env:0	num_steps=[11999] | total rewards=[8.2021] | termination= [max time out]
[seed 0] reward=     8.20 ownHP=1.0000 tgtHP=1.0000 max time out
total: 2
runner:local/env:0	num_steps=[11999] | total rewards=[-119.9900] | termination= [max time out]
[seed 1] reward=  -119.99 ownHP=1.0000 tgtHP=1.0000 max time out
total: 2
runner:local/env:0	num_steps=[7476] | total rewards=[365.9781] | termination= [target destroyed]
[seed 2] reward=   365.98 ownHP=1.0000 tgtHP=-0.0072 target destroyed
total: 2
runner:local/env:0	num_steps=[7651] | total rewards=[404.4130] | termination= [target destroyed]
[seed 3] reward=   404.41 ownHP=1.0000 tgtHP=-0.0058 target destroyed
total: 2
runner:local/env:0	num_steps=[8307] | total rewards=[536.2641] | termination= [target destroyed]
[seed 4] reward=   536.26 ownHP=1.0000 tgtHP=-0.0047 target destroyed
total: 2
runner:local/env:0	num_steps=[7559] | total rewards=[720.9263] | termination= [target destroyed]
[seed 5] reward=   720.93 ownHP=1.0000 tgtHP=-0.0028 target destroyed
total: 2
runner:local/env:0	num_steps=[10033] | total rewards=[452.2186] | termination= [target destroyed]
[seed 6] reward=   452.22 ownHP=1.0000 tgtHP=-0.0013 target destroyed
total: 2
runner:local/env:0	num_steps=[4994] | total rewards=[739.8923] | termination= [target destroyed]
[seed 7] reward=   739.89 ownHP=1.0000 tgtHP=-0.0074 target destroyed
total: 2
runner:local/env:0	num_steps=[5778] | total rewards=[754.5134] | termination= [target destroyed]
[seed 8] reward=   754.51 ownHP=1.0000 tgtHP=-0.0045 target destroyed
total: 2
runner:local/env:0	num_steps=[7957] | total rewards=[433.4775] | termination= [target destroyed]
[seed 9] reward=   433.48 ownHP=1.0000 tgtHP=-0.0041 target destroyed
total: 2
runner:local/env:0	num_steps=[9023] | total rewards=[461.6312] | termination= [target destroyed]
[seed 10] reward=   461.63 ownHP=1.0000 tgtHP=-0.0005 target destroyed
total: 2
runner:local/env:0	num_steps=[4460] | total rewards=[727.7364] | termination= [target destroyed]
[seed 11] reward=   727.74 ownHP=1.0000 tgtHP=-0.0013 target destroyed
total: 2
runner:local/env:0	num_steps=[5943] | total rewards=[577.6904] | termination= [target destroyed]
[seed 12] reward=   577.69 ownHP=1.0000 tgtHP=-0.0010 target destroyed
total: 2
runner:local/env:0	num_steps=[4502] | total rewards=[419.0584] | termination= [target destroyed]
[seed 13] reward=   419.06 ownHP=1.0000 tgtHP=-0.0008 target destroyed
total: 2
runner:local/env:0	num_steps=[3453] | total rewards=[464.6972] | termination= [target destroyed]
[seed 14] reward=   464.70 ownHP=1.0000 tgtHP=-0.0026 target destroyed
Remove Space Complete.

[rehearsal own_rep=6 tgt_rep=6 seeds=15]
SUMMARY dealt=13.0440 taken=0.0000 mean_reward=463.11
tacview log saved (last episode)

########## M700 vs AIP_jh2.dll ##########


     JSBSim Flight Dynamics Model v1.0.0 May 27 2026 16:13:38
            [JSBSim-ML v2.0]

JSBSim startup beginning ...

total: 2
Behavior Tree Initialized Successfully
Behavior Tree Initialized Successfully
init ID:1 Lat37.92355643001773 Lon128.18188127777776 Alt(meter)7000.0785355893395 Speed(m/sec)300.0
init ID:1 Lat37.96855377446113 Lon128.18188127777776 Alt(meter)7002.8272734023885 Speed(m/sec)300.0
runner:local/env:0	num_steps=[9299] | total rewards=[1035.1753] | termination= [target destroyed]
[seed 0] reward=  1035.18 ownHP=1.0000 tgtHP=-0.0064 target destroyed
total: 2
runner:local/env:0	num_steps=[4538] | total rewards=[344.7638] | termination= [target altitude below min]
[seed 1] reward=   344.76 ownHP=1.0000 tgtHP=1.0000 target altitude below min
total: 2
runner:local/env:0	num_steps=[6650] | total rewards=[915.6381] | termination= [target destroyed]
[seed 2] reward=   915.64 ownHP=1.0000 tgtHP=-0.0030 target destroyed
total: 2
runner:local/env:0	num_steps=[10558] | total rewards=[1052.6163] | termination= [target destroyed]
[seed 3] reward=  1052.62 ownHP=1.0000 tgtHP=-0.0017 target destroyed
total: 2
runner:local/env:0	num_steps=[6655] | total rewards=[465.7068] | termination= [target altitude below min]
[seed 4] reward=   465.71 ownHP=1.0000 tgtHP=0.6921 target altitude below min
total: 2
runner:local/env:0	num_steps=[11363] | total rewards=[508.1918] | termination= [target destroyed]
[seed 5] reward=   508.19 ownHP=0.9679 tgtHP=-0.0010 target destroyed
total: 2
runner:local/env:0	num_steps=[10455] | total rewards=[1016.6059] | termination= [target destroyed]
[seed 6] reward=  1016.61 ownHP=1.0000 tgtHP=-0.0024 target destroyed
total: 2
runner:local/env:0	num_steps=[7114] | total rewards=[881.8063] | termination= [target destroyed]
[seed 7] reward=   881.81 ownHP=1.0000 tgtHP=-0.0018 target destroyed
total: 2
runner:local/env:0	num_steps=[10018] | total rewards=[-89.1159] | termination= [target altitude below min]
[seed 8] reward=   -89.12 ownHP=0.9244 tgtHP=0.9675 target altitude below min
total: 2
runner:local/env:0	num_steps=[7259] | total rewards=[864.8698] | termination= [target destroyed]
[seed 9] reward=   864.87 ownHP=1.0000 tgtHP=-0.0012 target destroyed
total: 2
runner:local/env:0	num_steps=[8262] | total rewards=[990.1063] | termination= [target destroyed]
[seed 10] reward=   990.11 ownHP=1.0000 tgtHP=-0.0023 target destroyed
total: 2
runner:local/env:0	num_steps=[6141] | total rewards=[579.1397] | termination= [target destroyed]
[seed 11] reward=   579.14 ownHP=1.0000 tgtHP=-0.0040 target destroyed
total: 2
runner:local/env:0	num_steps=[11999] | total rewards=[837.9932] | termination= [max time out]
[seed 12] reward=   837.99 ownHP=1.0000 tgtHP=0.6638 max time out
total: 2
runner:local/env:0	num_steps=[9460] | total rewards=[1149.2587] | termination= [target destroyed]
[seed 13] reward=  1149.26 ownHP=1.0000 tgtHP=-0.0001 target destroyed
total: 2
runner:local/env:0	num_steps=[6826] | total rewards=[625.5251] | termination= [target destroyed]
[seed 14] reward=   625.53 ownHP=1.0000 tgtHP=-0.0008 target destroyed
Remove Space Complete.

[rehearsal own_rep=6 tgt_rep=6 seeds=15]
SUMMARY dealt=11.7011 taken=0.1077 mean_reward=745.22
tacview log saved (last episode)

########## M700 vs AIP_kwon.dll ##########


     JSBSim Flight Dynamics Model v1.0.0 May 27 2026 16:13:38
            [JSBSim-ML v2.0]

JSBSim startup beginning ...

total: 2
Behavior Tree Initialized Successfully
Behavior Tree Initialized Successfully
init ID:1 Lat37.92355643001773 Lon128.18188127777776 Alt(meter)7000.0785355893395 Speed(m/sec)300.0
init ID:1 Lat37.96855377446113 Lon128.18188127777776 Alt(meter)7002.8272734023885 Speed(m/sec)300.0
runner:local/env:0	num_steps=[11999] | total rewards=[392.4907] | termination= [max time out]
[seed 0] reward=   392.49 ownHP=1.0000 tgtHP=1.0000 max time out
total: 2
runner:local/env:0	num_steps=[7280] | total rewards=[696.2929] | termination= [target destroyed]
[seed 1] reward=   696.29 ownHP=1.0000 tgtHP=-0.0018 target destroyed
total: 2
runner:local/env:0	num_steps=[11999] | total rewards=[73.0497] | termination= [max time out]
[seed 2] reward=    73.05 ownHP=1.0000 tgtHP=1.0000 max time out
total: 2
runner:local/env:0	num_steps=[11999] | total rewards=[80.8753] | termination= [max time out]
[seed 3] reward=    80.88 ownHP=1.0000 tgtHP=1.0000 max time out
total: 2
runner:local/env:0	num_steps=[11999] | total rewards=[881.7496] | termination= [max time out]
[seed 4] reward=   881.75 ownHP=1.0000 tgtHP=0.9795 max time out
total: 2
runner:local/env:0	num_steps=[11999] | total rewards=[660.8998] | termination= [max time out]
[seed 5] reward=   660.90 ownHP=1.0000 tgtHP=1.0000 max time out
total: 2
runner:local/env:0	num_steps=[11270] | total rewards=[857.0590] | termination= [target destroyed]
[seed 6] reward=   857.06 ownHP=1.0000 tgtHP=-0.0031 target destroyed
total: 2
runner:local/env:0	num_steps=[6925] | total rewards=[910.4063] | termination= [target destroyed]
[seed 7] reward=   910.41 ownHP=1.0000 tgtHP=-0.0049 target destroyed
total: 2
runner:local/env:0	num_steps=[8562] | total rewards=[825.1821] | termination= [target destroyed]
[seed 8] reward=   825.18 ownHP=1.0000 tgtHP=-0.0003 target destroyed
total: 2
runner:local/env:0	num_steps=[11999] | total rewards=[313.8804] | termination= [max time out]
[seed 9] reward=   313.88 ownHP=1.0000 tgtHP=1.0000 max time out
total: 2
runner:local/env:0	num_steps=[11999] | total rewards=[-114.1709] | termination= [max time out]
[seed 10] reward=  -114.17 ownHP=1.0000 tgtHP=1.0000 max time out
total: 2
runner:local/env:0	num_steps=[5669] | total rewards=[310.5173] | termination= [target destroyed]
[seed 11] reward=   310.52 ownHP=1.0000 tgtHP=-0.0017 target destroyed
total: 2
runner:local/env:0	num_steps=[9080] | total rewards=[922.8475] | termination= [target destroyed]
[seed 12] reward=   922.85 ownHP=1.0000 tgtHP=-0.0016 target destroyed
total: 2
runner:local/env:0	num_steps=[2256] | total rewards=[290.5984] | termination= [target destroyed]
[seed 13] reward=   290.60 ownHP=1.0000 tgtHP=-0.0050 target destroyed
total: 2
runner:local/env:0	num_steps=[2550] | total rewards=[291.7961] | termination= [target destroyed]
[seed 14] reward=   291.80 ownHP=1.0000 tgtHP=-0.0044 target destroyed
Remove Space Complete.

[rehearsal own_rep=6 tgt_rep=6 seeds=15]
SUMMARY dealt=8.0432 taken=0.0000 mean_reward=492.90
tacview log saved (last episode)

########## M700 vs AIP_junghwan.dll ##########


     JSBSim Flight Dynamics Model v1.0.0 May 27 2026 16:13:38
            [JSBSim-ML v2.0]

JSBSim startup beginning ...

total: 2
Behavior Tree Initialized Successfully
Behavior Tree Initialized Successfully
[WOBBLE_FIRE] team=2 losTgt=168.67
[WOBBLE_FIRE] team=2 losTgt=168.64
[WOBBLE_FIRE] team=2 losTgt=168.53
[WOBBLE_FIRE] team=2 losTgt=168.47
[WOBBLE_FIRE] team=2 losTgt=168.44
[WOBBLE_FIRE] team=2 losTgt=168.43
[WOBBLE_FIRE] team=2 losTgt=168.45
[WOBBLE_FIRE] team=2 losTgt=168.38
[WOBBLE_FIRE] team=2 losTgt=167.90
[WOBBLE_FIRE] team=2 losTgt=166.70
[WOBBLE_FIRE] team=2 losTgt=164.68
[WOBBLE_FIRE] team=2 losTgt=162.44
[WOBBLE_FIRE] team=2 losTgt=160.68
[WOBBLE_FIRE] team=2 losTgt=159.47
[WOBBLE_FIRE] team=2 losTgt=158.48
[WOBBLE_FIRE] team=2 losTgt=157.41
[WOBBLE_FIRE] team=2 losTgt=156.38
[WOBBLE_FIRE] team=2 losTgt=155.42
[WOBBLE_FIRE] team=2 losTgt=154.51
[WOBBLE_FIRE] team=2 losTgt=153.63
[WOBBLE_FIRE] team=2 losTgt=152.80
[WOBBLE_FIRE] team=2 losTgt=152.02
[WOBBLE_FIRE] team=2 losTgt=151.27
[WOBBLE_FIRE] team=2 losTgt=150.55
[WOBBLE_FIRE] team=2 losTgt=149.85
[WOBBLE_FIRE] team=2 losTgt=149.15
[WOBBLE_FIRE] team=2 losTgt=148.44
[WOBBLE_FIRE] team=2 losTgt=147.73
[WOBBLE_FIRE] team=2 losTgt=147.02
[WOBBLE_FIRE] team=2 losTgt=146.31
[WOBBLE_FIRE] team=2 losTgt=145.59
[WOBBLE_FIRE] team=2 losTgt=144.87
[WOBBLE_FIRE] team=2 losTgt=144.14
[WOBBLE_FIRE] team=2 losTgt=143.42
[WOBBLE_FIRE] team=2 losTgt=142.69
[WOBBLE_FIRE] team=2 losTgt=141.95
[WOBBLE_FIRE] team=2 losTgt=141.21
[WOBBLE_FIRE] team=2 losTgt=140.46
[WOBBLE_FIRE] team=2 losTgt=139.70
[WOBBLE_FIRE] team=2 losTgt=138.95
[WOBBLE_FIRE] team=2 losTgt=138.21
[WOBBLE_FIRE] team=2 losTgt=137.47
[WOBBLE_FIRE] team=2 losTgt=136.73
[WOBBLE_FIRE] team=2 losTgt=135.99
[WOBBLE_FIRE] team=2 losTgt=135.26
[WOBBLE_FIRE] team=2 losTgt=134.53
[WOBBLE_FIRE] team=2 losTgt=133.80
[WOBBLE_FIRE] team=2 losTgt=133.08
[WOBBLE_FIRE] team=2 losTgt=132.36
[WOBBLE_FIRE] team=2 losTgt=131.64
[WOBBLE_FIRE] team=2 losTgt=130.93
[WOBBLE_FIRE] team=2 losTgt=130.21
[WOBBLE_FIRE] team=2 losTgt=129.51
[WOBBLE_FIRE] team=2 losTgt=128.80
[WOBBLE_FIRE] team=2 losTgt=128.10
[WOBBLE_FIRE] team=2 losTgt=127.38
[WOBBLE_FIRE] team=2 losTgt=126.66
[WOBBLE_FIRE] team=2 losTgt=125.92
[WOBBLE_FIRE] team=2 losTgt=125.18
[WOBBLE_FIRE] team=2 losTgt=124.44
[WOBBLE_FIRE] team=2 losTgt=123.69
[WOBBLE_FIRE] team=2 losTgt=122.95
[WOBBLE_FIRE] team=2 losTgt=122.20
[WOBBLE_FIRE] team=2 losTgt=121.45
[WOBBLE_FIRE] team=2 losTgt=120.70
[WOBBLE_FIRE] team=2 losTgt=119.95
[WOBBLE_FIRE] team=2 losTgt=119.20
[WOBBLE_FIRE] team=2 losTgt=118.44
[WOBBLE_FIRE] team=2 losTgt=117.69
[WOBBLE_FIRE] team=2 losTgt=116.93
[WOBBLE_FIRE] team=2 losTgt=116.17
[WOBBLE_FIRE] team=2 losTgt=115.41
[WOBBLE_FIRE] team=2 losTgt=114.65
[WOBBLE_FIRE] team=2 losTgt=113.89
[WOBBLE_FIRE] team=2 losTgt=113.12
[WOBBLE_FIRE] team=2 losTgt=112.35
[WOBBLE_FIRE] team=2 losTgt=111.59
[WOBBLE_FIRE] team=2 losTgt=110.82
[WOBBLE_FIRE] team=2 losTgt=110.04
[WOBBLE_FIRE] team=2 losTgt=109.27
[WOBBLE_FIRE] team=2 losTgt=108.50
[WOBBLE_FIRE] team=2 losTgt=107.72
[WOBBLE_FIRE] team=2 losTgt=106.94
[WOBBLE_FIRE] team=2 losTgt=106.16
[WOBBLE_FIRE] team=2 losTgt=105.38
[WOBBLE_FIRE] team=2 losTgt=104.60
[WOBBLE_FIRE] team=2 losTgt=103.81
[WOBBLE_FIRE] team=2 losTgt=103.02
[WOBBLE_FIRE] team=2 losTgt=102.23
[WOBBLE_FIRE] team=2 losTgt=101.44
[WOBBLE_FIRE] team=2 losTgt=100.65
[WOBBLE_FIRE] team=2 losTgt=99.85
[WOBBLE_FIRE] team=2 losTgt=99.05
[WOBBLE_FIRE] team=2 losTgt=98.25
[WOBBLE_FIRE] team=2 losTgt=97.45
[WOBBLE_FIRE] team=2 losTgt=96.65
[WOBBLE_FIRE] team=2 losTgt=95.84
[WOBBLE_FIRE] team=2 losTgt=95.03
[WOBBLE_FIRE] team=2 losTgt=94.22
[WOBBLE_FIRE] team=2 losTgt=93.40
[WOBBLE_FIRE] team=2 losTgt=92.58
[WOBBLE_FIRE] team=2 losTgt=91.76
[WOBBLE_FIRE] team=2 losTgt=90.94
[WOBBLE_FIRE] team=2 losTgt=90.11
[WOBBLE_FIRE] team=2 losTgt=89.28
[WOBBLE_FIRE] team=2 losTgt=88.45
[WOBBLE_FIRE] team=2 losTgt=87.62
[WOBBLE_FIRE] team=2 losTgt=86.78
[WOBBLE_FIRE] team=2 losTgt=85.94
[WOBBLE_FIRE] team=2 losTgt=85.10
[WOBBLE_FIRE] team=2 losTgt=84.25
[WOBBLE_FIRE] team=2 losTgt=83.40
[WOBBLE_FIRE] team=2 losTgt=82.55
[WOBBLE_FIRE] team=2 losTgt=81.69
[WOBBLE_FIRE] team=2 losTgt=80.83
[WOBBLE_FIRE] team=2 losTgt=79.96
[WOBBLE_FIRE] team=2 losTgt=79.10
[WOBBLE_FIRE] team=2 losTgt=78.23
[WOBBLE_FIRE] team=2 losTgt=77.35
[WOBBLE_FIRE] team=2 losTgt=76.48
[WOBBLE_FIRE] team=2 losTgt=75.59
[WOBBLE_FIRE] team=2 losTgt=74.71
[WOBBLE_FIRE] team=2 losTgt=73.82
[WOBBLE_FIRE] team=2 losTgt=72.92
[WOBBLE_FIRE] team=2 losTgt=72.24
[WOBBLE_FIRE] team=2 losTgt=71.55
[WOBBLE_FIRE] team=2 losTgt=70.65
[WOBBLE_FIRE] team=2 losTgt=69.61
[WOBBLE_FIRE] team=2 losTgt=68.55
[WOBBLE_FIRE] team=2 losTgt=67.50
[WOBBLE_FIRE] team=2 losTgt=66.43
[WOBBLE_FIRE] team=2 losTgt=65.35
[WOBBLE_FIRE] team=2 losTgt=64.28
[WOBBLE_FIRE] team=2 losTgt=63.20
[WOBBLE_FIRE] team=2 losTgt=62.12
[WOBBLE_FIRE] team=2 losTgt=61.02
[WOBBLE_FIRE] team=2 losTgt=59.91
[WOBBLE_FIRE] team=2 losTgt=58.79
[WOBBLE_FIRE] team=2 losTgt=57.66
[WOBBLE_FIRE] team=2 losTgt=56.51
[WOBBLE_FIRE] team=2 losTgt=55.34
[WOBBLE_FIRE] team=2 losTgt=54.15
[WOBBLE_FIRE] team=2 losTgt=52.95
[WOBBLE_FIRE] team=2 losTgt=51.72
[WOBBLE_FIRE] team=2 losTgt=50.47
[WOBBLE_FIRE] team=2 losTgt=49.20
[WOBBLE_FIRE] team=2 losTgt=47.90
[WOBBLE_FIRE] team=2 losTgt=46.57
[WOBBLE_FIRE] team=2 losTgt=45.22
[WOBBLE_FIRE] team=2 losTgt=47.73
[WOBBLE_FIRE] team=2 losTgt=55.82
[WOBBLE_FIRE] team=2 losTgt=63.98
[WOBBLE_FIRE] team=2 losTgt=71.95
[WOBBLE_FIRE] team=2 losTgt=79.46
[WOBBLE_FIRE] team=2 losTgt=86.39
[WOBBLE_FIRE] team=2 losTgt=92.49
[WOBBLE_FIRE] team=2 losTgt=97.46
[WOBBLE_FIRE] team=2 losTgt=100.99
[WOBBLE_FIRE] team=2 losTgt=103.42
[WOBBLE_FIRE] team=2 losTgt=105.26
[WOBBLE_FIRE] team=2 losTgt=106.96
[WOBBLE_FIRE] team=2 losTgt=108.45
[WOBBLE_FIRE] team=2 losTgt=109.72
[WOBBLE_FIRE] team=2 losTgt=110.79
[WOBBLE_FIRE] team=2 losTgt=111.68
[WOBBLE_FIRE] team=2 losTgt=112.41
[WOBBLE_FIRE] team=2 losTgt=112.99
[WOBBLE_FIRE] team=2 losTgt=113.45
[WOBBLE_FIRE] team=2 losTgt=113.79
[WOBBLE_FIRE] team=2 losTgt=114.04
[WOBBLE_FIRE] team=2 losTgt=114.20
[WOBBLE_FIRE] team=2 losTgt=114.28
[WOBBLE_FIRE] team=2 losTgt=114.29
[WOBBLE_FIRE] team=2 losTgt=114.24
[WOBBLE_FIRE] team=2 losTgt=114.14
[WOBBLE_FIRE] team=2 losTgt=114.00
[WOBBLE_FIRE] team=2 losTgt=113.81
[WOBBLE_FIRE] team=2 losTgt=113.58
[WOBBLE_FIRE] team=2 losTgt=113.32
[WOBBLE_FIRE] team=2 losTgt=113.03
[WOBBLE_FIRE] team=2 losTgt=112.71
[WOBBLE_FIRE] team=2 losTgt=112.35
[WOBBLE_FIRE] team=2 losTgt=111.98
[WOBBLE_FIRE] team=2 losTgt=111.58
[WOBBLE_FIRE] team=2 losTgt=111.16
[WOBBLE_FIRE] team=2 losTgt=110.73
[WOBBLE_FIRE] team=2 losTgt=110.27
[WOBBLE_FIRE] team=2 losTgt=109.80
[WOBBLE_FIRE] team=2 losTgt=109.31
[WOBBLE_FIRE] team=2 losTgt=108.80
[WOBBLE_FIRE] team=2 losTgt=108.28
[WOBBLE_FIRE] team=2 losTgt=107.74
[WOBBLE_FIRE] team=2 losTgt=107.19
[WOBBLE_FIRE] team=2 losTgt=106.63
[WOBBLE_FIRE] team=2 losTgt=106.05
[WOBBLE_FIRE] team=2 losTgt=105.46
[WOBBLE_FIRE] team=2 losTgt=104.87
[WOBBLE_FIRE] team=2 losTgt=104.26
[WOBBLE_FIRE] team=2 losTgt=103.64
[WOBBLE_FIRE] team=2 losTgt=103.01
[WOBBLE_FIRE] team=2 losTgt=102.38
[WOBBLE_FIRE] team=2 losTgt=101.73
[WOBBLE_FIRE] team=2 losTgt=101.08
[WOBBLE_FIRE] team=2 losTgt=100.42
[WOBBLE_FIRE] team=2 losTgt=99.75
[WOBBLE_FIRE] team=2 losTgt=99.07
[WOBBLE_FIRE] team=2 losTgt=98.38
[WOBBLE_FIRE] team=2 losTgt=97.68
[WOBBLE_FIRE] team=2 losTgt=96.98
[WOBBLE_FIRE] team=2 losTgt=96.26
[WOBBLE_FIRE] team=2 losTgt=95.54
[WOBBLE_FIRE] team=2 losTgt=94.81
[WOBBLE_FIRE] team=2 losTgt=94.07
[WOBBLE_FIRE] team=2 losTgt=93.31
[WOBBLE_FIRE] team=2 losTgt=92.55
[WOBBLE_FIRE] team=2 losTgt=91.78
[WOBBLE_FIRE] team=2 losTgt=92.02
[WOBBLE_FIRE] team=2 losTgt=93.16
[WOBBLE_FIRE] team=2 losTgt=93.12
[WOBBLE_FIRE] team=2 losTgt=92.56
[WOBBLE_FIRE] team=2 losTgt=91.82
[WOBBLE_FIRE] team=2 losTgt=91.13
[WOBBLE_FIRE] team=2 losTgt=90.75
[WOBBLE_FIRE] team=2 losTgt=90.48
[WOBBLE_FIRE] team=2 losTgt=90.33
[WOBBLE_FIRE] team=2 losTgt=90.24
[WOBBLE_FIRE] team=2 losTgt=90.16
[WOBBLE_FIRE] team=2 losTgt=90.06
[WOBBLE_FIRE] team=2 losTgt=89.94
[WOBBLE_FIRE] team=2 losTgt=89.79
[WOBBLE_FIRE] team=2 losTgt=89.61
[WOBBLE_FIRE] team=2 losTgt=89.40
[WOBBLE_FIRE] team=2 losTgt=89.16
[WOBBLE_FIRE] team=2 losTgt=88.89
[WOBBLE_FIRE] team=2 losTgt=88.59
[WOBBLE_FIRE] team=2 losTgt=88.26
[WOBBLE_FIRE] team=2 losTgt=87.89
[WOBBLE_FIRE] team=2 losTgt=87.49
[WOBBLE_FIRE] team=2 losTgt=87.06
[WOBBLE_FIRE] team=2 losTgt=86.60
[WOBBLE_FIRE] team=2 losTgt=86.36
[WOBBLE_FIRE] team=2 losTgt=86.16
[WOBBLE_FIRE] team=2 losTgt=85.39
[WOBBLE_FIRE] team=2 losTgt=84.05
[WOBBLE_FIRE] team=2 losTgt=83.03
[WOBBLE_FIRE] team=2 losTgt=82.02
[WOBBLE_FIRE] team=2 losTgt=80.61
[WOBBLE_FIRE] team=2 losTgt=79.11
[WOBBLE_FIRE] team=2 losTgt=77.60
[WOBBLE_FIRE] team=2 losTgt=76.09
[WOBBLE_FIRE] team=2 losTgt=74.60
[WOBBLE_FIRE] team=2 losTgt=73.10
[WOBBLE_FIRE] team=2 losTgt=71.60
[WOBBLE_FIRE] team=2 losTgt=70.11
[WOBBLE_FIRE] team=2 losTgt=68.64
[WOBBLE_FIRE] team=2 losTgt=67.18
[WOBBLE_FIRE] team=2 losTgt=65.72
[WOBBLE_FIRE] team=2 losTgt=64.26
[WOBBLE_FIRE] team=2 losTgt=62.81
[WOBBLE_FIRE] team=2 losTgt=61.36
[WOBBLE_FIRE] team=2 losTgt=59.90
[WOBBLE_FIRE] team=2 losTgt=58.45
[WOBBLE_FIRE] team=2 losTgt=56.99
[WOBBLE_FIRE] team=2 losTgt=55.53
[WOBBLE_FIRE] team=2 losTgt=54.06
[WOBBLE_FIRE] team=2 losTgt=52.59
[WOBBLE_FIRE] team=2 losTgt=51.11
[WOBBLE_FIRE] team=2 losTgt=49.61
[WOBBLE_FIRE] team=2 losTgt=48.11
[WOBBLE_FIRE] team=2 losTgt=46.61
[WOBBLE_FIRE] team=2 losTgt=45.09
init ID:1 Lat37.92355643001773 Lon128.18188127777776 Alt(meter)7000.0785355893395 Speed(m/sec)300.0
init ID:1 Lat37.96855377446113 Lon128.18188127777776 Alt(meter)7002.8272734023885 Speed(m/sec)300.0
runner:local/env:0	num_steps=[10053] | total rewards=[1193.2340] | termination= [target destroyed]
[seed 0] reward=  1193.23 ownHP=1.0000 tgtHP=-0.0009 target destroyed
total: 2
[WOBBLE_FIRE] team=2 losTgt=98.94
[WOBBLE_FIRE] team=2 losTgt=99.02
[WOBBLE_FIRE] team=2 losTgt=99.01
[WOBBLE_FIRE] team=2 losTgt=99.01
[WOBBLE_FIRE] team=2 losTgt=98.93
[WOBBLE_FIRE] team=2 losTgt=98.67
[WOBBLE_FIRE] team=2 losTgt=98.10
[WOBBLE_FIRE] team=2 losTgt=97.16
[WOBBLE_FIRE] team=2 losTgt=95.78
[WOBBLE_FIRE] team=2 losTgt=94.20
[WOBBLE_FIRE] team=2 losTgt=92.76
[WOBBLE_FIRE] team=2 losTgt=91.56
[WOBBLE_FIRE] team=2 losTgt=90.51
[WOBBLE_FIRE] team=2 losTgt=89.56
[WOBBLE_FIRE] team=2 losTgt=88.67
[WOBBLE_FIRE] team=2 losTgt=87.84
[WOBBLE_FIRE] team=2 losTgt=87.03
[WOBBLE_FIRE] team=2 losTgt=86.26
[WOBBLE_FIRE] team=2 losTgt=85.51
[WOBBLE_FIRE] team=2 losTgt=84.79
[WOBBLE_FIRE] team=2 losTgt=84.08
[WOBBLE_FIRE] team=2 losTgt=83.38
[WOBBLE_FIRE] team=2 losTgt=82.69
[WOBBLE_FIRE] team=2 losTgt=82.01
[WOBBLE_FIRE] team=2 losTgt=81.33
[WOBBLE_FIRE] team=2 losTgt=80.65
[WOBBLE_FIRE] team=2 losTgt=79.95
[WOBBLE_FIRE] team=2 losTgt=79.25
[WOBBLE_FIRE] team=2 losTgt=78.55
[WOBBLE_FIRE] team=2 losTgt=77.85
[WOBBLE_FIRE] team=2 losTgt=77.15
[WOBBLE_FIRE] team=2 losTgt=76.45
[WOBBLE_FIRE] team=2 losTgt=75.75
[WOBBLE_FIRE] team=2 losTgt=75.05
[WOBBLE_FIRE] team=2 losTgt=74.34
[WOBBLE_FIRE] team=2 losTgt=73.63
[WOBBLE_FIRE] team=2 losTgt=72.92
[WOBBLE_FIRE] team=2 losTgt=72.20
[WOBBLE_FIRE] team=2 losTgt=71.48
[WOBBLE_FIRE] team=2 losTgt=70.76
[WOBBLE_FIRE] team=2 losTgt=70.04
[WOBBLE_FIRE] team=2 losTgt=69.31
[WOBBLE_FIRE] team=2 losTgt=68.57
[WOBBLE_FIRE] team=2 losTgt=67.84
[WOBBLE_FIRE] team=2 losTgt=67.10
[WOBBLE_FIRE] team=2 losTgt=66.36
[WOBBLE_FIRE] team=2 losTgt=65.62
[WOBBLE_FIRE] team=2 losTgt=64.87
[WOBBLE_FIRE] team=2 losTgt=64.12
[WOBBLE_FIRE] team=2 losTgt=63.36
[WOBBLE_FIRE] team=2 losTgt=62.61
[WOBBLE_FIRE] team=2 losTgt=61.85
[WOBBLE_FIRE] team=2 losTgt=61.09
[WOBBLE_FIRE] team=2 losTgt=60.32
[WOBBLE_FIRE] team=2 losTgt=59.55
[WOBBLE_FIRE] team=2 losTgt=58.78
[WOBBLE_FIRE] team=2 losTgt=58.00
[WOBBLE_FIRE] team=2 losTgt=57.22
[WOBBLE_FIRE] team=2 losTgt=56.44
[WOBBLE_FIRE] team=2 losTgt=55.65
[WOBBLE_FIRE] team=2 losTgt=54.85
[WOBBLE_FIRE] team=2 losTgt=54.06
[WOBBLE_FIRE] team=2 losTgt=53.26
[WOBBLE_FIRE] team=2 losTgt=52.45
[WOBBLE_FIRE] team=2 losTgt=51.64
[WOBBLE_FIRE] team=2 losTgt=50.83
[WOBBLE_FIRE] team=2 losTgt=50.01
[WOBBLE_FIRE] team=2 losTgt=49.19
[WOBBLE_FIRE] team=2 losTgt=48.36
[WOBBLE_FIRE] team=2 losTgt=47.52
[WOBBLE_FIRE] team=2 losTgt=46.68
[WOBBLE_FIRE] team=2 losTgt=45.83
[WOBBLE_FIRE] team=2 losTgt=47.38
[WOBBLE_FIRE] team=2 losTgt=50.13
[WOBBLE_FIRE] team=2 losTgt=52.82
[WOBBLE_FIRE] team=2 losTgt=55.45
[WOBBLE_FIRE] team=2 losTgt=57.98
[WOBBLE_FIRE] team=2 losTgt=60.41
[WOBBLE_FIRE] team=2 losTgt=62.71
[WOBBLE_FIRE] team=2 losTgt=64.88
[WOBBLE_FIRE] team=2 losTgt=66.91
[WOBBLE_FIRE] team=2 losTgt=68.78
[WOBBLE_FIRE] team=2 losTgt=70.51
[WOBBLE_FIRE] team=2 losTgt=72.06
[WOBBLE_FIRE] team=2 losTgt=73.45
[WOBBLE_FIRE] team=2 losTgt=74.67
[WOBBLE_FIRE] team=2 losTgt=75.72
[WOBBLE_FIRE] team=2 losTgt=76.62
[WOBBLE_FIRE] team=2 losTgt=77.38
[WOBBLE_FIRE] team=2 losTgt=78.01
[WOBBLE_FIRE] team=2 losTgt=78.52
[WOBBLE_FIRE] team=2 losTgt=78.91
[WOBBLE_FIRE] team=2 losTgt=79.19
[WOBBLE_FIRE] team=2 losTgt=79.37
[WOBBLE_FIRE] team=2 losTgt=79.45
[WOBBLE_FIRE] team=2 losTgt=79.44
[WOBBLE_FIRE] team=2 losTgt=79.36
[WOBBLE_FIRE] team=2 losTgt=79.19
[WOBBLE_FIRE] team=2 losTgt=78.96
[WOBBLE_FIRE] team=2 losTgt=78.67
[WOBBLE_FIRE] team=2 losTgt=78.31
[WOBBLE_FIRE] team=2 losTgt=77.90
[WOBBLE_FIRE] team=2 losTgt=77.43
[WOBBLE_FIRE] team=2 losTgt=76.92
[WOBBLE_FIRE] team=2 losTgt=76.35
[WOBBLE_FIRE] team=2 losTgt=75.75
[WOBBLE_FIRE] team=2 losTgt=75.10
[WOBBLE_FIRE] team=2 losTgt=74.41
[WOBBLE_FIRE] team=2 losTgt=73.69
[WOBBLE_FIRE] team=2 losTgt=72.93
[WOBBLE_FIRE] team=2 losTgt=72.14
[WOBBLE_FIRE] team=2 losTgt=71.32
[WOBBLE_FIRE] team=2 losTgt=70.47
[WOBBLE_FIRE] team=2 losTgt=69.59
[WOBBLE_FIRE] team=2 losTgt=68.69
[WOBBLE_FIRE] team=2 losTgt=67.75
[WOBBLE_FIRE] team=2 losTgt=66.79
[WOBBLE_FIRE] team=2 losTgt=65.81
[WOBBLE_FIRE] team=2 losTgt=64.80
[WOBBLE_FIRE] team=2 losTgt=63.77
[WOBBLE_FIRE] team=2 losTgt=62.72
[WOBBLE_FIRE] team=2 losTgt=61.64
[WOBBLE_FIRE] team=2 losTgt=60.54
[WOBBLE_FIRE] team=2 losTgt=59.42
[WOBBLE_FIRE] team=2 losTgt=58.28
[WOBBLE_FIRE] team=2 losTgt=57.12
[WOBBLE_FIRE] team=2 losTgt=55.93
[WOBBLE_FIRE] team=2 losTgt=54.73
[WOBBLE_FIRE] team=2 losTgt=53.50
[WOBBLE_FIRE] team=2 losTgt=52.25
[WOBBLE_FIRE] team=2 losTgt=50.98
[WOBBLE_FIRE] team=2 losTgt=49.69
[WOBBLE_FIRE] team=2 losTgt=48.38
[WOBBLE_FIRE] team=2 losTgt=47.04
[WOBBLE_FIRE] team=2 losTgt=45.68
[WOBBLE_FIRE] team=2 losTgt=45.18
[WOBBLE_FIRE] team=2 losTgt=45.79
[WOBBLE_FIRE] team=2 losTgt=46.38
[WOBBLE_FIRE] team=2 losTgt=46.94
[WOBBLE_FIRE] team=2 losTgt=47.47
[WOBBLE_FIRE] team=2 losTgt=47.98
[WOBBLE_FIRE] team=2 losTgt=48.47
[WOBBLE_FIRE] team=2 losTgt=48.94
[WOBBLE_FIRE] team=2 losTgt=49.38
[WOBBLE_FIRE] team=2 losTgt=49.80
[WOBBLE_FIRE] team=2 losTgt=50.20
[WOBBLE_FIRE] team=2 losTgt=50.57
[WOBBLE_FIRE] team=2 losTgt=50.92
[WOBBLE_FIRE] team=2 losTgt=51.25
[WOBBLE_FIRE] team=2 losTgt=51.56
[WOBBLE_FIRE] team=2 losTgt=51.85
[WOBBLE_FIRE] team=2 losTgt=52.11
[WOBBLE_FIRE] team=2 losTgt=52.36
[WOBBLE_FIRE] team=2 losTgt=52.59
[WOBBLE_FIRE] team=2 losTgt=52.81
[WOBBLE_FIRE] team=2 losTgt=53.00
[WOBBLE_FIRE] team=2 losTgt=53.17
[WOBBLE_FIRE] team=2 losTgt=53.33
[WOBBLE_FIRE] team=2 losTgt=53.47
[WOBBLE_FIRE] team=2 losTgt=53.60
[WOBBLE_FIRE] team=2 losTgt=53.71
[WOBBLE_FIRE] team=2 losTgt=53.80
[WOBBLE_FIRE] team=2 losTgt=53.89
[WOBBLE_FIRE] team=2 losTgt=53.95
[WOBBLE_FIRE] team=2 losTgt=54.00
[WOBBLE_FIRE] team=2 losTgt=54.04
[WOBBLE_FIRE] team=2 losTgt=54.07
[WOBBLE_FIRE] team=2 losTgt=54.08
[WOBBLE_FIRE] team=2 losTgt=54.08
[WOBBLE_FIRE] team=2 losTgt=54.06
[WOBBLE_FIRE] team=2 losTgt=54.01
[WOBBLE_FIRE] team=2 losTgt=53.94
[WOBBLE_FIRE] team=2 losTgt=53.84
[WOBBLE_FIRE] team=2 losTgt=53.70
[WOBBLE_FIRE] team=2 losTgt=53.53
[WOBBLE_FIRE] team=2 losTgt=53.31
[WOBBLE_FIRE] team=2 losTgt=53.05
[WOBBLE_FIRE] team=2 losTgt=52.74
[WOBBLE_FIRE] team=2 losTgt=52.39
[WOBBLE_FIRE] team=2 losTgt=51.99
[WOBBLE_FIRE] team=2 losTgt=51.55
[WOBBLE_FIRE] team=2 losTgt=51.06
[WOBBLE_FIRE] team=2 losTgt=50.52
[WOBBLE_FIRE] team=2 losTgt=49.95
[WOBBLE_FIRE] team=2 losTgt=49.33
[WOBBLE_FIRE] team=2 losTgt=48.68
[WOBBLE_FIRE] team=2 losTgt=47.99
[WOBBLE_FIRE] team=2 losTgt=47.25
[WOBBLE_FIRE] team=2 losTgt=46.49
[WOBBLE_FIRE] team=2 losTgt=45.68
runner:local/env:0	num_steps=[7019] | total rewards=[804.2935] | termination= [target destroyed]
[seed 1] reward=   804.29 ownHP=1.0000 tgtHP=-0.0036 target destroyed
total: 2
[WOBBLE_FIRE] team=2 losTgt=46.94
[WOBBLE_FIRE] team=2 losTgt=48.92
[WOBBLE_FIRE] team=2 losTgt=50.90
[WOBBLE_FIRE] team=2 losTgt=52.87
[WOBBLE_FIRE] team=2 losTgt=54.80
[WOBBLE_FIRE] team=2 losTgt=56.69
[WOBBLE_FIRE] team=2 losTgt=58.55
[WOBBLE_FIRE] team=2 losTgt=60.35
[WOBBLE_FIRE] team=2 losTgt=62.08
[WOBBLE_FIRE] team=2 losTgt=63.75
[WOBBLE_FIRE] team=2 losTgt=65.34
[WOBBLE_FIRE] team=2 losTgt=66.84
[WOBBLE_FIRE] team=2 losTgt=68.26
[WOBBLE_FIRE] team=2 losTgt=69.59
[WOBBLE_FIRE] team=2 losTgt=70.82
[WOBBLE_FIRE] team=2 losTgt=71.96
[WOBBLE_FIRE] team=2 losTgt=73.01
[WOBBLE_FIRE] team=2 losTgt=73.96
[WOBBLE_FIRE] team=2 losTgt=74.82
[WOBBLE_FIRE] team=2 losTgt=75.59
[WOBBLE_FIRE] team=2 losTgt=76.27
[WOBBLE_FIRE] team=2 losTgt=76.87
[WOBBLE_FIRE] team=2 losTgt=77.39
[WOBBLE_FIRE] team=2 losTgt=77.83
[WOBBLE_FIRE] team=2 losTgt=78.19
[WOBBLE_FIRE] team=2 losTgt=78.48
[WOBBLE_FIRE] team=2 losTgt=78.71
[WOBBLE_FIRE] team=2 losTgt=78.87
[WOBBLE_FIRE] team=2 losTgt=78.97
[WOBBLE_FIRE] team=2 losTgt=79.01
[WOBBLE_FIRE] team=2 losTgt=79.00
[WOBBLE_FIRE] team=2 losTgt=78.94
[WOBBLE_FIRE] team=2 losTgt=78.82
[WOBBLE_FIRE] team=2 losTgt=78.67
[WOBBLE_FIRE] team=2 losTgt=78.46
[WOBBLE_FIRE] team=2 losTgt=78.22
[WOBBLE_FIRE] team=2 losTgt=77.93
[WOBBLE_FIRE] team=2 losTgt=77.61
[WOBBLE_FIRE] team=2 losTgt=77.25
[WOBBLE_FIRE] team=2 losTgt=76.86
[WOBBLE_FIRE] team=2 losTgt=76.43
[WOBBLE_FIRE] team=2 losTgt=75.97
[WOBBLE_FIRE] team=2 losTgt=75.48
[WOBBLE_FIRE] team=2 losTgt=74.97
[WOBBLE_FIRE] team=2 losTgt=74.43
[WOBBLE_FIRE] team=2 losTgt=73.85
[WOBBLE_FIRE] team=2 losTgt=73.26
[WOBBLE_FIRE] team=2 losTgt=72.64
[WOBBLE_FIRE] team=2 losTgt=72.00
[WOBBLE_FIRE] team=2 losTgt=71.33
[WOBBLE_FIRE] team=2 losTgt=70.64
[WOBBLE_FIRE] team=2 losTgt=69.93
[WOBBLE_FIRE] team=2 losTgt=69.20
[WOBBLE_FIRE] team=2 losTgt=68.45
[WOBBLE_FIRE] team=2 losTgt=67.68
[WOBBLE_FIRE] team=2 losTgt=66.89
[WOBBLE_FIRE] team=2 losTgt=66.08
[WOBBLE_FIRE] team=2 losTgt=65.26
[WOBBLE_FIRE] team=2 losTgt=64.42
[WOBBLE_FIRE] team=2 losTgt=63.56
[WOBBLE_FIRE] team=2 losTgt=62.68
[WOBBLE_FIRE] team=2 losTgt=61.79
[WOBBLE_FIRE] team=2 losTgt=60.88
[WOBBLE_FIRE] team=2 losTgt=59.95
[WOBBLE_FIRE] team=2 losTgt=59.01
[WOBBLE_FIRE] team=2 losTgt=58.05
[WOBBLE_FIRE] team=2 losTgt=57.07
[WOBBLE_FIRE] team=2 losTgt=56.08
[WOBBLE_FIRE] team=2 losTgt=55.07
[WOBBLE_FIRE] team=2 losTgt=54.05
[WOBBLE_FIRE] team=2 losTgt=53.01
[WOBBLE_FIRE] team=2 losTgt=51.95
[WOBBLE_FIRE] team=2 losTgt=50.88
[WOBBLE_FIRE] team=2 losTgt=49.78
[WOBBLE_FIRE] team=2 losTgt=48.67
[WOBBLE_FIRE] team=2 losTgt=47.55
[WOBBLE_FIRE] team=2 losTgt=46.40
[WOBBLE_FIRE] team=2 losTgt=45.24
runner:local/env:0	num_steps=[8012] | total rewards=[1202.9287] | termination= [target destroyed]
[seed 2] reward=  1202.93 ownHP=1.0000 tgtHP=-0.0114 target destroyed
total: 2
[WOBBLE_FIRE] team=2 losTgt=54.18
[WOBBLE_FIRE] team=2 losTgt=54.36
[WOBBLE_FIRE] team=2 losTgt=54.51
[WOBBLE_FIRE] team=2 losTgt=54.65
[WOBBLE_FIRE] team=2 losTgt=54.81
[WOBBLE_FIRE] team=2 losTgt=54.93
[WOBBLE_FIRE] team=2 losTgt=54.96
[WOBBLE_FIRE] team=2 losTgt=54.81
[WOBBLE_FIRE] team=2 losTgt=54.42
[WOBBLE_FIRE] team=2 losTgt=53.73
[WOBBLE_FIRE] team=2 losTgt=52.78
[WOBBLE_FIRE] team=2 losTgt=51.77
[WOBBLE_FIRE] team=2 losTgt=50.83
[WOBBLE_FIRE] team=2 losTgt=49.97
[WOBBLE_FIRE] team=2 losTgt=49.18
[WOBBLE_FIRE] team=2 losTgt=48.43
[WOBBLE_FIRE] team=2 losTgt=47.71
[WOBBLE_FIRE] team=2 losTgt=47.01
[WOBBLE_FIRE] team=2 losTgt=46.33
[WOBBLE_FIRE] team=2 losTgt=45.68
[WOBBLE_FIRE] team=2 losTgt=45.04
[WOBBLE_FIRE] team=2 losTgt=45.38
[WOBBLE_FIRE] team=2 losTgt=46.31
[WOBBLE_FIRE] team=2 losTgt=47.36
[WOBBLE_FIRE] team=2 losTgt=48.55
[WOBBLE_FIRE] team=2 losTgt=49.90
[WOBBLE_FIRE] team=2 losTgt=51.42
[WOBBLE_FIRE] team=2 losTgt=53.13
[WOBBLE_FIRE] team=2 losTgt=55.02
[WOBBLE_FIRE] team=2 losTgt=57.12
[WOBBLE_FIRE] team=2 losTgt=59.41
[WOBBLE_FIRE] team=2 losTgt=61.92
[WOBBLE_FIRE] team=2 losTgt=64.63
[WOBBLE_FIRE] team=2 losTgt=67.54
[WOBBLE_FIRE] team=2 losTgt=70.65
[WOBBLE_FIRE] team=2 losTgt=73.92
[WOBBLE_FIRE] team=2 losTgt=77.34
[WOBBLE_FIRE] team=2 losTgt=80.88
[WOBBLE_FIRE] team=2 losTgt=84.50
[WOBBLE_FIRE] team=2 losTgt=88.16
[WOBBLE_FIRE] team=2 losTgt=91.82
[WOBBLE_FIRE] team=2 losTgt=95.42
[WOBBLE_FIRE] team=2 losTgt=98.95
[WOBBLE_FIRE] team=2 losTgt=102.34
[WOBBLE_FIRE] team=2 losTgt=105.60
[WOBBLE_FIRE] team=2 losTgt=108.71
[WOBBLE_FIRE] team=2 losTgt=111.59
[WOBBLE_FIRE] team=2 losTgt=114.25
[WOBBLE_FIRE] team=2 losTgt=116.70
[WOBBLE_FIRE] team=2 losTgt=118.96
[WOBBLE_FIRE] team=2 losTgt=121.04
[WOBBLE_FIRE] team=2 losTgt=122.97
[WOBBLE_FIRE] team=2 losTgt=124.76
[WOBBLE_FIRE] team=2 losTgt=126.44
[WOBBLE_FIRE] team=2 losTgt=127.98
[WOBBLE_FIRE] team=2 losTgt=129.38
[WOBBLE_FIRE] team=2 losTgt=130.65
[WOBBLE_FIRE] team=2 losTgt=131.83
[WOBBLE_FIRE] team=2 losTgt=132.91
[WOBBLE_FIRE] team=2 losTgt=133.91
[WOBBLE_FIRE] team=2 losTgt=134.81
[WOBBLE_FIRE] team=2 losTgt=135.63
[WOBBLE_FIRE] team=2 losTgt=136.36
[WOBBLE_FIRE] team=2 losTgt=137.01
[WOBBLE_FIRE] team=2 losTgt=137.57
[WOBBLE_FIRE] team=2 losTgt=138.06
[WOBBLE_FIRE] team=2 losTgt=138.47
[WOBBLE_FIRE] team=2 losTgt=138.81
[WOBBLE_FIRE] team=2 losTgt=139.08
[WOBBLE_FIRE] team=2 losTgt=139.29
[WOBBLE_FIRE] team=2 losTgt=139.45
[WOBBLE_FIRE] team=2 losTgt=139.55
[WOBBLE_FIRE] team=2 losTgt=139.59
[WOBBLE_FIRE] team=2 losTgt=139.60
[WOBBLE_FIRE] team=2 losTgt=139.55
[WOBBLE_FIRE] team=2 losTgt=139.46
[WOBBLE_FIRE] team=2 losTgt=139.34
[WOBBLE_FIRE] team=2 losTgt=139.18
[WOBBLE_FIRE] team=2 losTgt=138.98
[WOBBLE_FIRE] team=2 losTgt=138.75
[WOBBLE_FIRE] team=2 losTgt=138.49
[WOBBLE_FIRE] team=2 losTgt=138.21
[WOBBLE_FIRE] team=2 losTgt=137.89
[WOBBLE_FIRE] team=2 losTgt=137.56
[WOBBLE_FIRE] team=2 losTgt=137.20
[WOBBLE_FIRE] team=2 losTgt=136.81
[WOBBLE_FIRE] team=2 losTgt=136.41
[WOBBLE_FIRE] team=2 losTgt=135.99
[WOBBLE_FIRE] team=2 losTgt=135.55
[WOBBLE_FIRE] team=2 losTgt=135.10
[WOBBLE_FIRE] team=2 losTgt=134.63
[WOBBLE_FIRE] team=2 losTgt=134.14
[WOBBLE_FIRE] team=2 losTgt=133.65
[WOBBLE_FIRE] team=2 losTgt=133.13
[WOBBLE_FIRE] team=2 losTgt=132.61
[WOBBLE_FIRE] team=2 losTgt=132.08
[WOBBLE_FIRE] team=2 losTgt=131.53
[WOBBLE_FIRE] team=2 losTgt=130.98
[WOBBLE_FIRE] team=2 losTgt=130.42
[WOBBLE_FIRE] team=2 losTgt=129.84
[WOBBLE_FIRE] team=2 losTgt=129.26
[WOBBLE_FIRE] team=2 losTgt=128.67
[WOBBLE_FIRE] team=2 losTgt=128.07
[WOBBLE_FIRE] team=2 losTgt=127.46
[WOBBLE_FIRE] team=2 losTgt=126.85
[WOBBLE_FIRE] team=2 losTgt=126.23
[WOBBLE_FIRE] team=2 losTgt=125.60
[WOBBLE_FIRE] team=2 losTgt=124.97
[WOBBLE_FIRE] team=2 losTgt=124.33
[WOBBLE_FIRE] team=2 losTgt=123.68
[WOBBLE_FIRE] team=2 losTgt=123.04
[WOBBLE_FIRE] team=2 losTgt=122.38
[WOBBLE_FIRE] team=2 losTgt=121.72
[WOBBLE_FIRE] team=2 losTgt=121.06
[WOBBLE_FIRE] team=2 losTgt=120.39
[WOBBLE_FIRE] team=2 losTgt=119.72
[WOBBLE_FIRE] team=2 losTgt=119.04
[WOBBLE_FIRE] team=2 losTgt=118.36
[WOBBLE_FIRE] team=2 losTgt=117.71
[WOBBLE_FIRE] team=2 losTgt=117.08
[WOBBLE_FIRE] team=2 losTgt=116.43
[WOBBLE_FIRE] team=2 losTgt=115.77
[WOBBLE_FIRE] team=2 losTgt=115.09
[WOBBLE_FIRE] team=2 losTgt=114.41
[WOBBLE_FIRE] team=2 losTgt=113.72
[WOBBLE_FIRE] team=2 losTgt=113.03
[WOBBLE_FIRE] team=2 losTgt=112.33
[WOBBLE_FIRE] team=2 losTgt=111.63
[WOBBLE_FIRE] team=2 losTgt=110.93
[WOBBLE_FIRE] team=2 losTgt=110.22
[WOBBLE_FIRE] team=2 losTgt=109.51
[WOBBLE_FIRE] team=2 losTgt=108.79
[WOBBLE_FIRE] team=2 losTgt=108.08
[WOBBLE_FIRE] team=2 losTgt=107.35
[WOBBLE_FIRE] team=2 losTgt=106.63
[WOBBLE_FIRE] team=2 losTgt=105.90
[WOBBLE_FIRE] team=2 losTgt=105.16
[WOBBLE_FIRE] team=2 losTgt=104.43
[WOBBLE_FIRE] team=2 losTgt=103.69
[WOBBLE_FIRE] team=2 losTgt=102.95
[WOBBLE_FIRE] team=2 losTgt=102.20
[WOBBLE_FIRE] team=2 losTgt=101.45
[WOBBLE_FIRE] team=2 losTgt=100.70
[WOBBLE_FIRE] team=2 losTgt=99.95
[WOBBLE_FIRE] team=2 losTgt=99.20
[WOBBLE_FIRE] team=2 losTgt=98.44
[WOBBLE_FIRE] team=2 losTgt=97.69
[WOBBLE_FIRE] team=2 losTgt=96.93
[WOBBLE_FIRE] team=2 losTgt=96.16
[WOBBLE_FIRE] team=2 losTgt=95.40
[WOBBLE_FIRE] team=2 losTgt=94.64
[WOBBLE_FIRE] team=2 losTgt=93.87
[WOBBLE_FIRE] team=2 losTgt=93.11
[WOBBLE_FIRE] team=2 losTgt=92.34
[WOBBLE_FIRE] team=2 losTgt=91.57
[WOBBLE_FIRE] team=2 losTgt=90.80
[WOBBLE_FIRE] team=2 losTgt=90.03
[WOBBLE_FIRE] team=2 losTgt=89.25
[WOBBLE_FIRE] team=2 losTgt=88.48
[WOBBLE_FIRE] team=2 losTgt=87.71
[WOBBLE_FIRE] team=2 losTgt=86.93
[WOBBLE_FIRE] team=2 losTgt=86.16
[WOBBLE_FIRE] team=2 losTgt=85.38
[WOBBLE_FIRE] team=2 losTgt=84.61
[WOBBLE_FIRE] team=2 losTgt=83.83
[WOBBLE_FIRE] team=2 losTgt=83.05
[WOBBLE_FIRE] team=2 losTgt=82.27
[WOBBLE_FIRE] team=2 losTgt=81.49
[WOBBLE_FIRE] team=2 losTgt=80.71
[WOBBLE_FIRE] team=2 losTgt=79.93
[WOBBLE_FIRE] team=2 losTgt=79.15
[WOBBLE_FIRE] team=2 losTgt=78.37
[WOBBLE_FIRE] team=2 losTgt=77.59
[WOBBLE_FIRE] team=2 losTgt=76.81
[WOBBLE_FIRE] team=2 losTgt=76.03
[WOBBLE_FIRE] team=2 losTgt=75.25
[WOBBLE_FIRE] team=2 losTgt=74.47
[WOBBLE_FIRE] team=2 losTgt=73.69
[WOBBLE_FIRE] team=2 losTgt=72.90
[WOBBLE_FIRE] team=2 losTgt=72.12
[WOBBLE_FIRE] team=2 losTgt=71.35
[WOBBLE_FIRE] team=2 losTgt=70.57
[WOBBLE_FIRE] team=2 losTgt=69.80
[WOBBLE_FIRE] team=2 losTgt=69.02
[WOBBLE_FIRE] team=2 losTgt=68.25
[WOBBLE_FIRE] team=2 losTgt=67.48
[WOBBLE_FIRE] team=2 losTgt=66.70
[WOBBLE_FIRE] team=2 losTgt=65.93
[WOBBLE_FIRE] team=2 losTgt=65.15
[WOBBLE_FIRE] team=2 losTgt=64.38
[WOBBLE_FIRE] team=2 losTgt=63.60
[WOBBLE_FIRE] team=2 losTgt=62.82
[WOBBLE_FIRE] team=2 losTgt=62.04
[WOBBLE_FIRE] team=2 losTgt=61.25
[WOBBLE_FIRE] team=2 losTgt=60.47
[WOBBLE_FIRE] team=2 losTgt=59.68
[WOBBLE_FIRE] team=2 losTgt=58.90
[WOBBLE_FIRE] team=2 losTgt=58.11
[WOBBLE_FIRE] team=2 losTgt=57.33
[WOBBLE_FIRE] team=2 losTgt=56.54
[WOBBLE_FIRE] team=2 losTgt=55.75
[WOBBLE_FIRE] team=2 losTgt=54.96
[WOBBLE_FIRE] team=2 losTgt=54.17
[WOBBLE_FIRE] team=2 losTgt=53.37
[WOBBLE_FIRE] team=2 losTgt=52.57
[WOBBLE_FIRE] team=2 losTgt=51.77
[WOBBLE_FIRE] team=2 losTgt=50.96
[WOBBLE_FIRE] team=2 losTgt=50.16
[WOBBLE_FIRE] team=2 losTgt=49.35
[WOBBLE_FIRE] team=2 losTgt=48.53
[WOBBLE_FIRE] team=2 losTgt=47.72
[WOBBLE_FIRE] team=2 losTgt=46.91
[WOBBLE_FIRE] team=2 losTgt=46.09
[WOBBLE_FIRE] team=2 losTgt=45.26
[WOBBLE_FIRE] team=2 losTgt=48.26
[WOBBLE_FIRE] team=2 losTgt=52.04
[WOBBLE_FIRE] team=2 losTgt=55.92
[WOBBLE_FIRE] team=2 losTgt=59.82
[WOBBLE_FIRE] team=2 losTgt=63.68
[WOBBLE_FIRE] team=2 losTgt=67.45
[WOBBLE_FIRE] team=2 losTgt=71.07
[WOBBLE_FIRE] team=2 losTgt=74.50
[WOBBLE_FIRE] team=2 losTgt=77.70
[WOBBLE_FIRE] team=2 losTgt=80.63
[WOBBLE_FIRE] team=2 losTgt=83.29
[WOBBLE_FIRE] team=2 losTgt=85.69
[WOBBLE_FIRE] team=2 losTgt=87.84
[WOBBLE_FIRE] team=2 losTgt=89.76
[WOBBLE_FIRE] team=2 losTgt=91.46
[WOBBLE_FIRE] team=2 losTgt=92.95
[WOBBLE_FIRE] team=2 losTgt=94.25
[WOBBLE_FIRE] team=2 losTgt=95.38
[WOBBLE_FIRE] team=2 losTgt=96.34
[WOBBLE_FIRE] team=2 losTgt=97.14
[WOBBLE_FIRE] team=2 losTgt=97.80
[WOBBLE_FIRE] team=2 losTgt=98.33
[WOBBLE_FIRE] team=2 losTgt=98.74
[WOBBLE_FIRE] team=2 losTgt=99.04
[WOBBLE_FIRE] team=2 losTgt=99.22
[WOBBLE_FIRE] team=2 losTgt=99.29
[WOBBLE_FIRE] team=2 losTgt=99.26
[WOBBLE_FIRE] team=2 losTgt=99.13
[WOBBLE_FIRE] team=2 losTgt=98.91
[WOBBLE_FIRE] team=2 losTgt=98.61
[WOBBLE_FIRE] team=2 losTgt=98.23
[WOBBLE_FIRE] team=2 losTgt=97.76
[WOBBLE_FIRE] team=2 losTgt=97.23
[WOBBLE_FIRE] team=2 losTgt=96.63
[WOBBLE_FIRE] team=2 losTgt=95.97
[WOBBLE_FIRE] team=2 losTgt=95.26
[WOBBLE_FIRE] team=2 losTgt=94.50
[WOBBLE_FIRE] team=2 losTgt=93.73
[WOBBLE_FIRE] team=2 losTgt=92.94
[WOBBLE_FIRE] team=2 losTgt=92.13
[WOBBLE_FIRE] team=2 losTgt=91.31
[WOBBLE_FIRE] team=2 losTgt=90.48
[WOBBLE_FIRE] team=2 losTgt=89.64
[WOBBLE_FIRE] team=2 losTgt=88.78
[WOBBLE_FIRE] team=2 losTgt=87.90
[WOBBLE_FIRE] team=2 losTgt=87.00
[WOBBLE_FIRE] team=2 losTgt=86.09
[WOBBLE_FIRE] team=2 losTgt=85.17
[WOBBLE_FIRE] team=2 losTgt=84.22
[WOBBLE_FIRE] team=2 losTgt=83.26
[WOBBLE_FIRE] team=2 losTgt=82.29
[WOBBLE_FIRE] team=2 losTgt=81.30
[WOBBLE_FIRE] team=2 losTgt=80.29
[WOBBLE_FIRE] team=2 losTgt=79.27
[WOBBLE_FIRE] team=2 losTgt=78.24
[WOBBLE_FIRE] team=2 losTgt=77.20
[WOBBLE_FIRE] team=2 losTgt=76.15
[WOBBLE_FIRE] team=2 losTgt=75.08
[WOBBLE_FIRE] team=2 losTgt=73.99
[WOBBLE_FIRE] team=2 losTgt=72.90
[WOBBLE_FIRE] team=2 losTgt=71.80
[WOBBLE_FIRE] team=2 losTgt=70.68
[WOBBLE_FIRE] team=2 losTgt=69.56
[WOBBLE_FIRE] team=2 losTgt=68.42
[WOBBLE_FIRE] team=2 losTgt=67.27
[WOBBLE_FIRE] team=2 losTgt=66.11
[WOBBLE_FIRE] team=2 losTgt=64.95
[WOBBLE_FIRE] team=2 losTgt=63.77
[WOBBLE_FIRE] team=2 losTgt=62.58
[WOBBLE_FIRE] team=2 losTgt=61.37
[WOBBLE_FIRE] team=2 losTgt=60.16
[WOBBLE_FIRE] team=2 losTgt=58.94
[WOBBLE_FIRE] team=2 losTgt=57.79
[WOBBLE_FIRE] team=2 losTgt=56.83
[WOBBLE_FIRE] team=2 losTgt=56.11
[WOBBLE_FIRE] team=2 losTgt=55.62
[WOBBLE_FIRE] team=2 losTgt=55.31
[WOBBLE_FIRE] team=2 losTgt=55.15
[WOBBLE_FIRE] team=2 losTgt=55.09
[WOBBLE_FIRE] team=2 losTgt=55.13
[WOBBLE_FIRE] team=2 losTgt=55.25
[WOBBLE_FIRE] team=2 losTgt=55.39
[WOBBLE_FIRE] team=2 losTgt=55.46
[WOBBLE_FIRE] team=2 losTgt=55.43
[WOBBLE_FIRE] team=2 losTgt=55.32
[WOBBLE_FIRE] team=2 losTgt=55.17
[WOBBLE_FIRE] team=2 losTgt=55.06
[WOBBLE_FIRE] team=2 losTgt=55.02
[WOBBLE_FIRE] team=2 losTgt=55.04
[WOBBLE_FIRE] team=2 losTgt=55.07
[WOBBLE_FIRE] team=2 losTgt=55.08
[WOBBLE_FIRE] team=2 losTgt=55.05
[WOBBLE_FIRE] team=2 losTgt=54.94
[WOBBLE_FIRE] team=2 losTgt=54.78
[WOBBLE_FIRE] team=2 losTgt=54.65
[WOBBLE_FIRE] team=2 losTgt=54.54
[WOBBLE_FIRE] team=2 losTgt=54.45
[WOBBLE_FIRE] team=2 losTgt=54.36
[WOBBLE_FIRE] team=2 losTgt=54.26
[WOBBLE_FIRE] team=2 losTgt=54.16
[WOBBLE_FIRE] team=2 losTgt=54.05
[WOBBLE_FIRE] team=2 losTgt=53.93
[WOBBLE_FIRE] team=2 losTgt=53.81
[WOBBLE_FIRE] team=2 losTgt=53.67
[WOBBLE_FIRE] team=2 losTgt=53.53
[WOBBLE_FIRE] team=2 losTgt=53.38
[WOBBLE_FIRE] team=2 losTgt=53.22
[WOBBLE_FIRE] team=2 losTgt=53.06
[WOBBLE_FIRE] team=2 losTgt=52.89
[WOBBLE_FIRE] team=2 losTgt=52.70
[WOBBLE_FIRE] team=2 losTgt=52.50
[WOBBLE_FIRE] team=2 losTgt=52.27
[WOBBLE_FIRE] team=2 losTgt=52.03
[WOBBLE_FIRE] team=2 losTgt=51.75
[WOBBLE_FIRE] team=2 losTgt=51.43
[WOBBLE_FIRE] team=2 losTgt=51.08
[WOBBLE_FIRE] team=2 losTgt=50.75
[WOBBLE_FIRE] team=2 losTgt=50.46
[WOBBLE_FIRE] team=2 losTgt=50.09
[WOBBLE_FIRE] team=2 losTgt=49.62
[WOBBLE_FIRE] team=2 losTgt=49.16
[WOBBLE_FIRE] team=2 losTgt=48.76
[WOBBLE_FIRE] team=2 losTgt=48.40
[WOBBLE_FIRE] team=2 losTgt=48.04
[WOBBLE_FIRE] team=2 losTgt=47.64
[WOBBLE_FIRE] team=2 losTgt=47.21
[WOBBLE_FIRE] team=2 losTgt=46.79
[WOBBLE_FIRE] team=2 losTgt=46.36
[WOBBLE_FIRE] team=2 losTgt=45.94
[WOBBLE_FIRE] team=2 losTgt=45.54
[WOBBLE_FIRE] team=2 losTgt=45.14
runner:local/env:0	num_steps=[10292] | total rewards=[1064.7144] | termination= [target destroyed]
[seed 3] reward=  1064.71 ownHP=1.0000 tgtHP=-0.0007 target destroyed
total: 2
[WOBBLE_FIRE] team=2 losTgt=96.51
[WOBBLE_FIRE] team=2 losTgt=96.58
[WOBBLE_FIRE] team=2 losTgt=96.58
[WOBBLE_FIRE] team=2 losTgt=96.60
[WOBBLE_FIRE] team=2 losTgt=96.63
[WOBBLE_FIRE] team=2 losTgt=96.58
[WOBBLE_FIRE] team=2 losTgt=96.34
[WOBBLE_FIRE] team=2 losTgt=95.79
[WOBBLE_FIRE] team=2 losTgt=94.87
[WOBBLE_FIRE] team=2 losTgt=93.54
[WOBBLE_FIRE] team=2 losTgt=92.06
[WOBBLE_FIRE] team=2 losTgt=90.74
[WOBBLE_FIRE] team=2 losTgt=89.62
[WOBBLE_FIRE] team=2 losTgt=88.65
[WOBBLE_FIRE] team=2 losTgt=87.75
[WOBBLE_FIRE] team=2 losTgt=86.91
[WOBBLE_FIRE] team=2 losTgt=86.11
[WOBBLE_FIRE] team=2 losTgt=85.35
[WOBBLE_FIRE] team=2 losTgt=84.62
[WOBBLE_FIRE] team=2 losTgt=83.91
[WOBBLE_FIRE] team=2 losTgt=83.21
[WOBBLE_FIRE] team=2 losTgt=82.52
[WOBBLE_FIRE] team=2 losTgt=81.84
[WOBBLE_FIRE] team=2 losTgt=81.17
[WOBBLE_FIRE] team=2 losTgt=80.50
[WOBBLE_FIRE] team=2 losTgt=79.84
[WOBBLE_FIRE] team=2 losTgt=79.19
[WOBBLE_FIRE] team=2 losTgt=78.53
[WOBBLE_FIRE] team=2 losTgt=77.88
[WOBBLE_FIRE] team=2 losTgt=77.22
[WOBBLE_FIRE] team=2 losTgt=76.56
[WOBBLE_FIRE] team=2 losTgt=75.90
[WOBBLE_FIRE] team=2 losTgt=75.23
[WOBBLE_FIRE] team=2 losTgt=74.56
[WOBBLE_FIRE] team=2 losTgt=73.89
[WOBBLE_FIRE] team=2 losTgt=73.21
[WOBBLE_FIRE] team=2 losTgt=72.53
[WOBBLE_FIRE] team=2 losTgt=71.84
[WOBBLE_FIRE] team=2 losTgt=71.15
[WOBBLE_FIRE] team=2 losTgt=70.44
[WOBBLE_FIRE] team=2 losTgt=69.74
[WOBBLE_FIRE] team=2 losTgt=69.03
[WOBBLE_FIRE] team=2 losTgt=68.32
[WOBBLE_FIRE] team=2 losTgt=67.60
[WOBBLE_FIRE] team=2 losTgt=66.87
[WOBBLE_FIRE] team=2 losTgt=66.14
[WOBBLE_FIRE] team=2 losTgt=65.41
[WOBBLE_FIRE] team=2 losTgt=64.67
[WOBBLE_FIRE] team=2 losTgt=63.92
[WOBBLE_FIRE] team=2 losTgt=63.17
[WOBBLE_FIRE] team=2 losTgt=62.41
[WOBBLE_FIRE] team=2 losTgt=61.65
[WOBBLE_FIRE] team=2 losTgt=60.88
[WOBBLE_FIRE] team=2 losTgt=60.09
[WOBBLE_FIRE] team=2 losTgt=59.30
[WOBBLE_FIRE] team=2 losTgt=58.50
[WOBBLE_FIRE] team=2 losTgt=57.69
[WOBBLE_FIRE] team=2 losTgt=56.88
[WOBBLE_FIRE] team=2 losTgt=56.05
[WOBBLE_FIRE] team=2 losTgt=55.22
[WOBBLE_FIRE] team=2 losTgt=54.38
[WOBBLE_FIRE] team=2 losTgt=53.53
[WOBBLE_FIRE] team=2 losTgt=52.68
[WOBBLE_FIRE] team=2 losTgt=51.81
[WOBBLE_FIRE] team=2 losTgt=50.93
[WOBBLE_FIRE] team=2 losTgt=50.04
[WOBBLE_FIRE] team=2 losTgt=49.14
[WOBBLE_FIRE] team=2 losTgt=48.22
[WOBBLE_FIRE] team=2 losTgt=47.30
[WOBBLE_FIRE] team=2 losTgt=46.36
[WOBBLE_FIRE] team=2 losTgt=45.40
[WOBBLE_FIRE] team=2 losTgt=49.37
[WOBBLE_FIRE] team=2 losTgt=54.34
[WOBBLE_FIRE] team=2 losTgt=59.04
[WOBBLE_FIRE] team=2 losTgt=63.20
[WOBBLE_FIRE] team=2 losTgt=66.60
[WOBBLE_FIRE] team=2 losTgt=69.10
[WOBBLE_FIRE] team=2 losTgt=70.97
[WOBBLE_FIRE] team=2 losTgt=72.75
[WOBBLE_FIRE] team=2 losTgt=74.46
[WOBBLE_FIRE] team=2 losTgt=76.01
[WOBBLE_FIRE] team=2 losTgt=77.39
[WOBBLE_FIRE] team=2 losTgt=78.59
[WOBBLE_FIRE] team=2 losTgt=79.61
[WOBBLE_FIRE] team=2 losTgt=80.47
[WOBBLE_FIRE] team=2 losTgt=81.16
[WOBBLE_FIRE] team=2 losTgt=81.71
[WOBBLE_FIRE] team=2 losTgt=82.11
[WOBBLE_FIRE] team=2 losTgt=82.38
[WOBBLE_FIRE] team=2 losTgt=82.54
[WOBBLE_FIRE] team=2 losTgt=82.60
[WOBBLE_FIRE] team=2 losTgt=82.56
[WOBBLE_FIRE] team=2 losTgt=82.44
[WOBBLE_FIRE] team=2 losTgt=82.24
[WOBBLE_FIRE] team=2 losTgt=81.98
[WOBBLE_FIRE] team=2 losTgt=81.64
[WOBBLE_FIRE] team=2 losTgt=81.24
[WOBBLE_FIRE] team=2 losTgt=80.80
[WOBBLE_FIRE] team=2 losTgt=80.30
[WOBBLE_FIRE] team=2 losTgt=79.76
[WOBBLE_FIRE] team=2 losTgt=79.17
[WOBBLE_FIRE] team=2 losTgt=78.55
[WOBBLE_FIRE] team=2 losTgt=77.88
[WOBBLE_FIRE] team=2 losTgt=77.19
[WOBBLE_FIRE] team=2 losTgt=76.46
[WOBBLE_FIRE] team=2 losTgt=75.70
[WOBBLE_FIRE] team=2 losTgt=74.91
[WOBBLE_FIRE] team=2 losTgt=74.10
[WOBBLE_FIRE] team=2 losTgt=73.26
[WOBBLE_FIRE] team=2 losTgt=72.39
[WOBBLE_FIRE] team=2 losTgt=71.51
[WOBBLE_FIRE] team=2 losTgt=70.59
[WOBBLE_FIRE] team=2 losTgt=69.66
[WOBBLE_FIRE] team=2 losTgt=68.71
[WOBBLE_FIRE] team=2 losTgt=67.74
[WOBBLE_FIRE] team=2 losTgt=66.74
[WOBBLE_FIRE] team=2 losTgt=65.73
[WOBBLE_FIRE] team=2 losTgt=64.69
[WOBBLE_FIRE] team=2 losTgt=63.64
[WOBBLE_FIRE] team=2 losTgt=62.57
[WOBBLE_FIRE] team=2 losTgt=61.48
[WOBBLE_FIRE] team=2 losTgt=60.36
[WOBBLE_FIRE] team=2 losTgt=59.24
[WOBBLE_FIRE] team=2 losTgt=58.08
[WOBBLE_FIRE] team=2 losTgt=56.91
[WOBBLE_FIRE] team=2 losTgt=55.72
[WOBBLE_FIRE] team=2 losTgt=54.50
[WOBBLE_FIRE] team=2 losTgt=53.26
[WOBBLE_FIRE] team=2 losTgt=52.01
[WOBBLE_FIRE] team=2 losTgt=50.72
[WOBBLE_FIRE] team=2 losTgt=49.41
[WOBBLE_FIRE] team=2 losTgt=48.07
[WOBBLE_FIRE] team=2 losTgt=46.71
[WOBBLE_FIRE] team=2 losTgt=45.32
[WOBBLE_FIRE] team=2 losTgt=47.86
[WOBBLE_FIRE] team=2 losTgt=51.76
[WOBBLE_FIRE] team=2 losTgt=55.60
[WOBBLE_FIRE] team=2 losTgt=59.36
[WOBBLE_FIRE] team=2 losTgt=63.03
[WOBBLE_FIRE] team=2 losTgt=66.35
[WOBBLE_FIRE] team=2 losTgt=68.94
[WOBBLE_FIRE] team=2 losTgt=70.53
[WOBBLE_FIRE] team=2 losTgt=71.46
[WOBBLE_FIRE] team=2 losTgt=72.23
[WOBBLE_FIRE] team=2 losTgt=73.03
[WOBBLE_FIRE] team=2 losTgt=73.79
[WOBBLE_FIRE] team=2 losTgt=74.47
[WOBBLE_FIRE] team=2 losTgt=75.03
[WOBBLE_FIRE] team=2 losTgt=75.46
[WOBBLE_FIRE] team=2 losTgt=75.74
[WOBBLE_FIRE] team=2 losTgt=75.90
[WOBBLE_FIRE] team=2 losTgt=75.94
[WOBBLE_FIRE] team=2 losTgt=75.86
[WOBBLE_FIRE] team=2 losTgt=75.67
[WOBBLE_FIRE] team=2 losTgt=75.38
[WOBBLE_FIRE] team=2 losTgt=74.99
[WOBBLE_FIRE] team=2 losTgt=74.53
[WOBBLE_FIRE] team=2 losTgt=73.98
[WOBBLE_FIRE] team=2 losTgt=73.36
[WOBBLE_FIRE] team=2 losTgt=72.67
[WOBBLE_FIRE] team=2 losTgt=71.92
[WOBBLE_FIRE] team=2 losTgt=71.11
[WOBBLE_FIRE] team=2 losTgt=70.25
[WOBBLE_FIRE] team=2 losTgt=69.33
[WOBBLE_FIRE] team=2 losTgt=68.37
[WOBBLE_FIRE] team=2 losTgt=67.36
[WOBBLE_FIRE] team=2 losTgt=66.30
[WOBBLE_FIRE] team=2 losTgt=65.21
[WOBBLE_FIRE] team=2 losTgt=64.07
[WOBBLE_FIRE] team=2 losTgt=62.90
[WOBBLE_FIRE] team=2 losTgt=61.69
[WOBBLE_FIRE] team=2 losTgt=60.44
[WOBBLE_FIRE] team=2 losTgt=59.16
[WOBBLE_FIRE] team=2 losTgt=57.84
[WOBBLE_FIRE] team=2 losTgt=56.49
[WOBBLE_FIRE] team=2 losTgt=55.11
[WOBBLE_FIRE] team=2 losTgt=53.68
[WOBBLE_FIRE] team=2 losTgt=52.23
[WOBBLE_FIRE] team=2 losTgt=50.74
[WOBBLE_FIRE] team=2 losTgt=49.22
[WOBBLE_FIRE] team=2 losTgt=47.65
[WOBBLE_FIRE] team=2 losTgt=46.06
runner:local/env:0	num_steps=[7583] | total rewards=[1053.8594] | termination= [target destroyed]
[seed 4] reward=  1053.86 ownHP=1.0000 tgtHP=-0.0022 target destroyed
total: 2
[WOBBLE_FIRE] team=2 losTgt=120.43
[WOBBLE_FIRE] team=2 losTgt=120.44
[WOBBLE_FIRE] team=2 losTgt=120.37
[WOBBLE_FIRE] team=2 losTgt=120.27
[WOBBLE_FIRE] team=2 losTgt=120.16
[WOBBLE_FIRE] team=2 losTgt=120.04
[WOBBLE_FIRE] team=2 losTgt=119.93
[WOBBLE_FIRE] team=2 losTgt=119.83
[WOBBLE_FIRE] team=2 losTgt=119.77
[WOBBLE_FIRE] team=2 losTgt=119.74
[WOBBLE_FIRE] team=2 losTgt=119.73
[WOBBLE_FIRE] team=2 losTgt=119.52
[WOBBLE_FIRE] team=2 losTgt=118.86
[WOBBLE_FIRE] team=2 losTgt=117.73
[WOBBLE_FIRE] team=2 losTgt=116.27
[WOBBLE_FIRE] team=2 losTgt=114.52
[WOBBLE_FIRE] team=2 losTgt=112.86
[WOBBLE_FIRE] team=2 losTgt=111.47
[WOBBLE_FIRE] team=2 losTgt=110.32
[WOBBLE_FIRE] team=2 losTgt=109.30
[WOBBLE_FIRE] team=2 losTgt=108.37
[WOBBLE_FIRE] team=2 losTgt=107.53
[WOBBLE_FIRE] team=2 losTgt=106.76
[WOBBLE_FIRE] team=2 losTgt=106.02
[WOBBLE_FIRE] team=2 losTgt=105.30
[WOBBLE_FIRE] team=2 losTgt=104.60
[WOBBLE_FIRE] team=2 losTgt=103.91
[WOBBLE_FIRE] team=2 losTgt=103.24
[WOBBLE_FIRE] team=2 losTgt=102.58
[WOBBLE_FIRE] team=2 losTgt=101.96
[WOBBLE_FIRE] team=2 losTgt=101.35
[WOBBLE_FIRE] team=2 losTgt=100.77
[WOBBLE_FIRE] team=2 losTgt=100.21
[WOBBLE_FIRE] team=2 losTgt=99.67
[WOBBLE_FIRE] team=2 losTgt=99.15
[WOBBLE_FIRE] team=2 losTgt=98.65
[WOBBLE_FIRE] team=2 losTgt=98.15
[WOBBLE_FIRE] team=2 losTgt=97.89
[WOBBLE_FIRE] team=2 losTgt=97.96
[WOBBLE_FIRE] team=2 losTgt=97.90
[WOBBLE_FIRE] team=2 losTgt=97.53
[WOBBLE_FIRE] team=2 losTgt=96.82
[WOBBLE_FIRE] team=2 losTgt=95.90
[WOBBLE_FIRE] team=2 losTgt=94.98
[WOBBLE_FIRE] team=2 losTgt=94.17
[WOBBLE_FIRE] team=2 losTgt=93.46
[WOBBLE_FIRE] team=2 losTgt=92.82
[WOBBLE_FIRE] team=2 losTgt=92.22
[WOBBLE_FIRE] team=2 losTgt=91.91
[WOBBLE_FIRE] team=2 losTgt=92.02
[WOBBLE_FIRE] team=2 losTgt=91.97
[WOBBLE_FIRE] team=2 losTgt=91.63
[WOBBLE_FIRE] team=2 losTgt=90.98
[WOBBLE_FIRE] team=2 losTgt=90.04
[WOBBLE_FIRE] team=2 losTgt=89.03
[WOBBLE_FIRE] team=2 losTgt=88.18
[WOBBLE_FIRE] team=2 losTgt=87.47
[WOBBLE_FIRE] team=2 losTgt=86.86
[WOBBLE_FIRE] team=2 losTgt=86.32
[WOBBLE_FIRE] team=2 losTgt=85.84
[WOBBLE_FIRE] team=2 losTgt=85.34
[WOBBLE_FIRE] team=2 losTgt=84.84
[WOBBLE_FIRE] team=2 losTgt=84.38
[WOBBLE_FIRE] team=2 losTgt=83.92
[WOBBLE_FIRE] team=2 losTgt=83.43
[WOBBLE_FIRE] team=2 losTgt=82.94
[WOBBLE_FIRE] team=2 losTgt=82.43
[WOBBLE_FIRE] team=2 losTgt=81.89
[WOBBLE_FIRE] team=2 losTgt=81.32
[WOBBLE_FIRE] team=2 losTgt=80.71
[WOBBLE_FIRE] team=2 losTgt=80.10
[WOBBLE_FIRE] team=2 losTgt=79.48
[WOBBLE_FIRE] team=2 losTgt=78.88
[WOBBLE_FIRE] team=2 losTgt=78.28
[WOBBLE_FIRE] team=2 losTgt=77.69
[WOBBLE_FIRE] team=2 losTgt=77.10
[WOBBLE_FIRE] team=2 losTgt=76.51
[WOBBLE_FIRE] team=2 losTgt=75.92
[WOBBLE_FIRE] team=2 losTgt=75.34
[WOBBLE_FIRE] team=2 losTgt=74.75
[WOBBLE_FIRE] team=2 losTgt=74.16
[WOBBLE_FIRE] team=2 losTgt=73.57
[WOBBLE_FIRE] team=2 losTgt=72.98
[WOBBLE_FIRE] team=2 losTgt=72.39
[WOBBLE_FIRE] team=2 losTgt=71.79
[WOBBLE_FIRE] team=2 losTgt=71.19
[WOBBLE_FIRE] team=2 losTgt=70.59
[WOBBLE_FIRE] team=2 losTgt=69.99
[WOBBLE_FIRE] team=2 losTgt=69.38
[WOBBLE_FIRE] team=2 losTgt=68.77
[WOBBLE_FIRE] team=2 losTgt=68.16
[WOBBLE_FIRE] team=2 losTgt=67.54
[WOBBLE_FIRE] team=2 losTgt=66.91
[WOBBLE_FIRE] team=2 losTgt=66.29
[WOBBLE_FIRE] team=2 losTgt=65.65
[WOBBLE_FIRE] team=2 losTgt=65.02
[WOBBLE_FIRE] team=2 losTgt=64.37
[WOBBLE_FIRE] team=2 losTgt=63.72
[WOBBLE_FIRE] team=2 losTgt=63.06
[WOBBLE_FIRE] team=2 losTgt=62.39
[WOBBLE_FIRE] team=2 losTgt=61.71
[WOBBLE_FIRE] team=2 losTgt=61.02
[WOBBLE_FIRE] team=2 losTgt=60.32
[WOBBLE_FIRE] team=2 losTgt=59.60
[WOBBLE_FIRE] team=2 losTgt=58.87
[WOBBLE_FIRE] team=2 losTgt=58.12
[WOBBLE_FIRE] team=2 losTgt=57.35
[WOBBLE_FIRE] team=2 losTgt=56.55
[WOBBLE_FIRE] team=2 losTgt=55.73
[WOBBLE_FIRE] team=2 losTgt=54.88
[WOBBLE_FIRE] team=2 losTgt=53.98
[WOBBLE_FIRE] team=2 losTgt=53.05
[WOBBLE_FIRE] team=2 losTgt=52.06
[WOBBLE_FIRE] team=2 losTgt=51.00
[WOBBLE_FIRE] team=2 losTgt=49.86
[WOBBLE_FIRE] team=2 losTgt=48.61
[WOBBLE_FIRE] team=2 losTgt=47.24
[WOBBLE_FIRE] team=2 losTgt=45.67
[WOBBLE_FIRE] team=2 losTgt=51.31
[WOBBLE_FIRE] team=2 losTgt=83.34
[WOBBLE_FIRE] team=2 losTgt=97.56
[WOBBLE_FIRE] team=2 losTgt=104.82
[WOBBLE_FIRE] team=2 losTgt=108.99
[WOBBLE_FIRE] team=2 losTgt=111.62
[WOBBLE_FIRE] team=2 losTgt=113.47
[WOBBLE_FIRE] team=2 losTgt=114.76
[WOBBLE_FIRE] team=2 losTgt=115.71
[WOBBLE_FIRE] team=2 losTgt=116.39
[WOBBLE_FIRE] team=2 losTgt=116.87
[WOBBLE_FIRE] team=2 losTgt=117.20
[WOBBLE_FIRE] team=2 losTgt=117.43
[WOBBLE_FIRE] team=2 losTgt=117.49
[WOBBLE_FIRE] team=2 losTgt=117.12
[WOBBLE_FIRE] team=2 losTgt=115.83
[WOBBLE_FIRE] team=2 losTgt=113.94
[WOBBLE_FIRE] team=2 losTgt=112.06
[WOBBLE_FIRE] team=2 losTgt=110.46
[WOBBLE_FIRE] team=2 losTgt=109.02
[WOBBLE_FIRE] team=2 losTgt=107.71
[WOBBLE_FIRE] team=2 losTgt=106.45
[WOBBLE_FIRE] team=2 losTgt=105.21
[WOBBLE_FIRE] team=2 losTgt=103.98
[WOBBLE_FIRE] team=2 losTgt=102.76
[WOBBLE_FIRE] team=2 losTgt=101.56
[WOBBLE_FIRE] team=2 losTgt=100.36
[WOBBLE_FIRE] team=2 losTgt=99.16
[WOBBLE_FIRE] team=2 losTgt=97.96
[WOBBLE_FIRE] team=2 losTgt=96.76
[WOBBLE_FIRE] team=2 losTgt=95.56
[WOBBLE_FIRE] team=2 losTgt=94.36
[WOBBLE_FIRE] team=2 losTgt=93.15
[WOBBLE_FIRE] team=2 losTgt=91.95
[WOBBLE_FIRE] team=2 losTgt=90.74
[WOBBLE_FIRE] team=2 losTgt=89.52
[WOBBLE_FIRE] team=2 losTgt=88.29
[WOBBLE_FIRE] team=2 losTgt=87.05
[WOBBLE_FIRE] team=2 losTgt=85.80
[WOBBLE_FIRE] team=2 losTgt=84.56
[WOBBLE_FIRE] team=2 losTgt=83.33
[WOBBLE_FIRE] team=2 losTgt=82.12
[WOBBLE_FIRE] team=2 losTgt=80.91
[WOBBLE_FIRE] team=2 losTgt=79.69
[WOBBLE_FIRE] team=2 losTgt=78.48
[WOBBLE_FIRE] team=2 losTgt=77.27
[WOBBLE_FIRE] team=2 losTgt=76.06
[WOBBLE_FIRE] team=2 losTgt=74.83
[WOBBLE_FIRE] team=2 losTgt=73.59
[WOBBLE_FIRE] team=2 losTgt=72.35
[WOBBLE_FIRE] team=2 losTgt=71.10
[WOBBLE_FIRE] team=2 losTgt=69.84
[WOBBLE_FIRE] team=2 losTgt=68.58
[WOBBLE_FIRE] team=2 losTgt=67.32
[WOBBLE_FIRE] team=2 losTgt=66.04
[WOBBLE_FIRE] team=2 losTgt=64.76
[WOBBLE_FIRE] team=2 losTgt=63.47
[WOBBLE_FIRE] team=2 losTgt=62.18
[WOBBLE_FIRE] team=2 losTgt=60.87
[WOBBLE_FIRE] team=2 losTgt=59.55
[WOBBLE_FIRE] team=2 losTgt=58.21
[WOBBLE_FIRE] team=2 losTgt=56.86
[WOBBLE_FIRE] team=2 losTgt=55.48
[WOBBLE_FIRE] team=2 losTgt=54.06
[WOBBLE_FIRE] team=2 losTgt=52.60
[WOBBLE_FIRE] team=2 losTgt=51.08
[WOBBLE_FIRE] team=2 losTgt=49.48
[WOBBLE_FIRE] team=2 losTgt=47.79
[WOBBLE_FIRE] team=2 losTgt=45.99
[WOBBLE_FIRE] team=2 losTgt=53.73
[WOBBLE_FIRE] team=2 losTgt=78.13
[WOBBLE_FIRE] team=2 losTgt=94.13
[WOBBLE_FIRE] team=2 losTgt=101.86
[WOBBLE_FIRE] team=2 losTgt=107.62
[WOBBLE_FIRE] team=2 losTgt=111.27
[WOBBLE_FIRE] team=2 losTgt=113.81
[WOBBLE_FIRE] team=2 losTgt=115.60
[WOBBLE_FIRE] team=2 losTgt=116.91
[WOBBLE_FIRE] team=2 losTgt=117.85
[WOBBLE_FIRE] team=2 losTgt=118.55
[WOBBLE_FIRE] team=2 losTgt=119.01
[WOBBLE_FIRE] team=2 losTgt=118.93
[WOBBLE_FIRE] team=2 losTgt=117.79
[WOBBLE_FIRE] team=2 losTgt=116.20
[WOBBLE_FIRE] team=2 losTgt=114.42
[WOBBLE_FIRE] team=2 losTgt=112.80
[WOBBLE_FIRE] team=2 losTgt=111.30
[WOBBLE_FIRE] team=2 losTgt=109.84
[WOBBLE_FIRE] team=2 losTgt=108.43
[WOBBLE_FIRE] team=2 losTgt=106.99
[WOBBLE_FIRE] team=2 losTgt=105.54
[WOBBLE_FIRE] team=2 losTgt=104.09
[WOBBLE_FIRE] team=2 losTgt=102.64
[WOBBLE_FIRE] team=2 losTgt=101.18
[WOBBLE_FIRE] team=2 losTgt=99.73
[WOBBLE_FIRE] team=2 losTgt=98.27
[WOBBLE_FIRE] team=2 losTgt=96.82
[WOBBLE_FIRE] team=2 losTgt=95.36
[WOBBLE_FIRE] team=2 losTgt=93.91
[WOBBLE_FIRE] team=2 losTgt=92.46
[WOBBLE_FIRE] team=2 losTgt=91.01
[WOBBLE_FIRE] team=2 losTgt=89.56
[WOBBLE_FIRE] team=2 losTgt=88.12
[WOBBLE_FIRE] team=2 losTgt=86.68
[WOBBLE_FIRE] team=2 losTgt=85.26
[WOBBLE_FIRE] team=2 losTgt=85.04
[WOBBLE_FIRE] team=2 losTgt=87.33
[WOBBLE_FIRE] team=2 losTgt=87.04
[WOBBLE_FIRE] team=2 losTgt=87.73
[WOBBLE_FIRE] team=2 losTgt=88.04
[WOBBLE_FIRE] team=2 losTgt=88.39
[WOBBLE_FIRE] team=2 losTgt=88.67
[WOBBLE_FIRE] team=2 losTgt=89.15
[WOBBLE_FIRE] team=2 losTgt=90.26
[WOBBLE_FIRE] team=2 losTgt=91.78
[WOBBLE_FIRE] team=2 losTgt=93.62
[WOBBLE_FIRE] team=2 losTgt=95.33
[WOBBLE_FIRE] team=2 losTgt=96.89
[WOBBLE_FIRE] team=2 losTgt=98.40
[WOBBLE_FIRE] team=2 losTgt=99.89
[WOBBLE_FIRE] team=2 losTgt=101.36
[WOBBLE_FIRE] team=2 losTgt=102.80
[WOBBLE_FIRE] team=2 losTgt=104.22
[WOBBLE_FIRE] team=2 losTgt=105.63
[WOBBLE_FIRE] team=2 losTgt=107.02
[WOBBLE_FIRE] team=2 losTgt=108.40
[WOBBLE_FIRE] team=2 losTgt=109.75
[WOBBLE_FIRE] team=2 losTgt=111.10
[WOBBLE_FIRE] team=2 losTgt=112.42
[WOBBLE_FIRE] team=2 losTgt=113.72
[WOBBLE_FIRE] team=2 losTgt=115.00
[WOBBLE_FIRE] team=2 losTgt=116.24
[WOBBLE_FIRE] team=2 losTgt=117.45
[WOBBLE_FIRE] team=2 losTgt=118.63
[WOBBLE_FIRE] team=2 losTgt=119.78
[WOBBLE_FIRE] team=2 losTgt=120.88
[WOBBLE_FIRE] team=2 losTgt=121.95
[WOBBLE_FIRE] team=2 losTgt=122.98
[WOBBLE_FIRE] team=2 losTgt=123.97
[WOBBLE_FIRE] team=2 losTgt=124.92
[WOBBLE_FIRE] team=2 losTgt=125.81
[WOBBLE_FIRE] team=2 losTgt=126.67
[WOBBLE_FIRE] team=2 losTgt=127.47
[WOBBLE_FIRE] team=2 losTgt=128.22
[WOBBLE_FIRE] team=2 losTgt=128.91
[WOBBLE_FIRE] team=2 losTgt=128.65
[WOBBLE_FIRE] team=2 losTgt=127.45
[WOBBLE_FIRE] team=2 losTgt=127.93
[WOBBLE_FIRE] team=2 losTgt=127.74
[WOBBLE_FIRE] team=2 losTgt=127.39
[WOBBLE_FIRE] team=2 losTgt=127.20
[WOBBLE_FIRE] team=2 losTgt=126.06
[WOBBLE_FIRE] team=2 losTgt=124.19
[WOBBLE_FIRE] team=2 losTgt=125.31
[WOBBLE_FIRE] team=2 losTgt=124.45
[WOBBLE_FIRE] team=2 losTgt=119.98
[WOBBLE_FIRE] team=2 losTgt=119.12
[WOBBLE_FIRE] team=2 losTgt=119.88
[WOBBLE_FIRE] team=2 losTgt=116.62
[WOBBLE_FIRE] team=2 losTgt=115.19
[WOBBLE_FIRE] team=2 losTgt=115.42
[WOBBLE_FIRE] team=2 losTgt=112.34
[WOBBLE_FIRE] team=2 losTgt=111.61
[WOBBLE_FIRE] team=2 losTgt=110.98
[WOBBLE_FIRE] team=2 losTgt=108.58
[WOBBLE_FIRE] team=2 losTgt=108.19
[WOBBLE_FIRE] team=2 losTgt=106.81
[WOBBLE_FIRE] team=2 losTgt=105.76
[WOBBLE_FIRE] team=2 losTgt=104.74
[WOBBLE_FIRE] team=2 losTgt=103.77
[WOBBLE_FIRE] team=2 losTgt=102.82
[WOBBLE_FIRE] team=2 losTgt=101.92
[WOBBLE_FIRE] team=2 losTgt=101.04
[WOBBLE_FIRE] team=2 losTgt=100.20
[WOBBLE_FIRE] team=2 losTgt=99.38
[WOBBLE_FIRE] team=2 losTgt=98.59
[WOBBLE_FIRE] team=2 losTgt=97.82
[WOBBLE_FIRE] team=2 losTgt=97.08
[WOBBLE_FIRE] team=2 losTgt=96.35
[WOBBLE_FIRE] team=2 losTgt=95.65
[WOBBLE_FIRE] team=2 losTgt=94.96
[WOBBLE_FIRE] team=2 losTgt=94.28
[WOBBLE_FIRE] team=2 losTgt=93.61
[WOBBLE_FIRE] team=2 losTgt=92.96
[WOBBLE_FIRE] team=2 losTgt=92.30
[WOBBLE_FIRE] team=2 losTgt=91.66
[WOBBLE_FIRE] team=2 losTgt=91.03
[WOBBLE_FIRE] team=2 losTgt=90.39
[WOBBLE_FIRE] team=2 losTgt=89.76
[WOBBLE_FIRE] team=2 losTgt=89.13
[WOBBLE_FIRE] team=2 losTgt=88.50
[WOBBLE_FIRE] team=2 losTgt=87.86
[WOBBLE_FIRE] team=2 losTgt=87.23
[WOBBLE_FIRE] team=2 losTgt=86.59
[WOBBLE_FIRE] team=2 losTgt=85.95
[WOBBLE_FIRE] team=2 losTgt=85.21
[WOBBLE_FIRE] team=2 losTgt=84.44
[WOBBLE_FIRE] team=2 losTgt=83.62
[WOBBLE_FIRE] team=2 losTgt=82.77
[WOBBLE_FIRE] team=2 losTgt=81.93
[WOBBLE_FIRE] team=2 losTgt=81.14
[WOBBLE_FIRE] team=2 losTgt=80.38
[WOBBLE_FIRE] team=2 losTgt=79.64
[WOBBLE_FIRE] team=2 losTgt=78.90
[WOBBLE_FIRE] team=2 losTgt=78.15
[WOBBLE_FIRE] team=2 losTgt=77.41
[WOBBLE_FIRE] team=2 losTgt=76.67
[WOBBLE_FIRE] team=2 losTgt=75.93
[WOBBLE_FIRE] team=2 losTgt=75.20
[WOBBLE_FIRE] team=2 losTgt=74.48
[WOBBLE_FIRE] team=2 losTgt=73.76
[WOBBLE_FIRE] team=2 losTgt=73.05
[WOBBLE_FIRE] team=2 losTgt=72.34
[WOBBLE_FIRE] team=2 losTgt=71.63
[WOBBLE_FIRE] team=2 losTgt=70.89
[WOBBLE_FIRE] team=2 losTgt=70.13
[WOBBLE_FIRE] team=2 losTgt=69.35
[WOBBLE_FIRE] team=2 losTgt=68.53
[WOBBLE_FIRE] team=2 losTgt=67.69
[WOBBLE_FIRE] team=2 losTgt=66.82
[WOBBLE_FIRE] team=2 losTgt=65.92
[WOBBLE_FIRE] team=2 losTgt=65.01
[WOBBLE_FIRE] team=2 losTgt=64.05
[WOBBLE_FIRE] team=2 losTgt=63.09
[WOBBLE_FIRE] team=2 losTgt=62.09
[WOBBLE_FIRE] team=2 losTgt=61.07
[WOBBLE_FIRE] team=2 losTgt=60.02
[WOBBLE_FIRE] team=2 losTgt=58.94
[WOBBLE_FIRE] team=2 losTgt=57.84
[WOBBLE_FIRE] team=2 losTgt=56.71
[WOBBLE_FIRE] team=2 losTgt=55.55
[WOBBLE_FIRE] team=2 losTgt=54.37
[WOBBLE_FIRE] team=2 losTgt=53.16
[WOBBLE_FIRE] team=2 losTgt=51.92
[WOBBLE_FIRE] team=2 losTgt=50.66
[WOBBLE_FIRE] team=2 losTgt=49.38
[WOBBLE_FIRE] team=2 losTgt=48.07
[WOBBLE_FIRE] team=2 losTgt=46.73
[WOBBLE_FIRE] team=2 losTgt=45.37
runner:local/env:0	num_steps=[6831] | total rewards=[785.3306] | termination= [target destroyed]
[seed 5] reward=   785.33 ownHP=1.0000 tgtHP=-0.0013 target destroyed
total: 2
[WOBBLE_FIRE] team=2 losTgt=64.79
[WOBBLE_FIRE] team=2 losTgt=65.39
[WOBBLE_FIRE] team=2 losTgt=65.94
[WOBBLE_FIRE] team=2 losTgt=66.54
[WOBBLE_FIRE] team=2 losTgt=67.19
[WOBBLE_FIRE] team=2 losTgt=67.88
[WOBBLE_FIRE] team=2 losTgt=68.61
[WOBBLE_FIRE] team=2 losTgt=69.37
[WOBBLE_FIRE] team=2 losTgt=70.14
[WOBBLE_FIRE] team=2 losTgt=70.78
[WOBBLE_FIRE] team=2 losTgt=71.09
[WOBBLE_FIRE] team=2 losTgt=71.01
[WOBBLE_FIRE] team=2 losTgt=70.52
[WOBBLE_FIRE] team=2 losTgt=69.76
[WOBBLE_FIRE] team=2 losTgt=69.08
[WOBBLE_FIRE] team=2 losTgt=68.68
[WOBBLE_FIRE] team=2 losTgt=68.49
[WOBBLE_FIRE] team=2 losTgt=68.41
[WOBBLE_FIRE] team=2 losTgt=68.44
[WOBBLE_FIRE] team=2 losTgt=68.53
[WOBBLE_FIRE] team=2 losTgt=68.70
[WOBBLE_FIRE] team=2 losTgt=68.94
[WOBBLE_FIRE] team=2 losTgt=69.23
[WOBBLE_FIRE] team=2 losTgt=69.56
[WOBBLE_FIRE] team=2 losTgt=69.90
[WOBBLE_FIRE] team=2 losTgt=70.25
[WOBBLE_FIRE] team=2 losTgt=70.61
[WOBBLE_FIRE] team=2 losTgt=70.98
[WOBBLE_FIRE] team=2 losTgt=71.35
[WOBBLE_FIRE] team=2 losTgt=71.74
[WOBBLE_FIRE] team=2 losTgt=72.14
[WOBBLE_FIRE] team=2 losTgt=72.57
[WOBBLE_FIRE] team=2 losTgt=73.02
[WOBBLE_FIRE] team=2 losTgt=73.49
[WOBBLE_FIRE] team=2 losTgt=73.96
[WOBBLE_FIRE] team=2 losTgt=74.46
[WOBBLE_FIRE] team=2 losTgt=74.97
[WOBBLE_FIRE] team=2 losTgt=75.49
[WOBBLE_FIRE] team=2 losTgt=76.03
[WOBBLE_FIRE] team=2 losTgt=76.57
[WOBBLE_FIRE] team=2 losTgt=77.14
[WOBBLE_FIRE] team=2 losTgt=77.71
[WOBBLE_FIRE] team=2 losTgt=78.30
[WOBBLE_FIRE] team=2 losTgt=78.91
[WOBBLE_FIRE] team=2 losTgt=79.52
[WOBBLE_FIRE] team=2 losTgt=80.15
[WOBBLE_FIRE] team=2 losTgt=80.79
[WOBBLE_FIRE] team=2 losTgt=81.45
[WOBBLE_FIRE] team=2 losTgt=82.10
[WOBBLE_FIRE] team=2 losTgt=82.77
[WOBBLE_FIRE] team=2 losTgt=83.45
[WOBBLE_FIRE] team=2 losTgt=84.13
[WOBBLE_FIRE] team=2 losTgt=84.82
[WOBBLE_FIRE] team=2 losTgt=85.52
[WOBBLE_FIRE] team=2 losTgt=86.22
[WOBBLE_FIRE] team=2 losTgt=86.93
[WOBBLE_FIRE] team=2 losTgt=87.64
[WOBBLE_FIRE] team=2 losTgt=88.36
[WOBBLE_FIRE] team=2 losTgt=89.08
[WOBBLE_FIRE] team=2 losTgt=89.80
[WOBBLE_FIRE] team=2 losTgt=90.52
[WOBBLE_FIRE] team=2 losTgt=91.23
[WOBBLE_FIRE] team=2 losTgt=91.94
[WOBBLE_FIRE] team=2 losTgt=92.65
[WOBBLE_FIRE] team=2 losTgt=93.34
[WOBBLE_FIRE] team=2 losTgt=94.03
[WOBBLE_FIRE] team=2 losTgt=94.70
[WOBBLE_FIRE] team=2 losTgt=95.50
[WOBBLE_FIRE] team=2 losTgt=96.33
[WOBBLE_FIRE] team=2 losTgt=96.93
[WOBBLE_FIRE] team=2 losTgt=97.30
[WOBBLE_FIRE] team=2 losTgt=97.61
[WOBBLE_FIRE] team=2 losTgt=97.97
[WOBBLE_FIRE] team=2 losTgt=98.38
[WOBBLE_FIRE] team=2 losTgt=98.81
[WOBBLE_FIRE] team=2 losTgt=99.24
[WOBBLE_FIRE] team=2 losTgt=99.68
[WOBBLE_FIRE] team=2 losTgt=100.14
[WOBBLE_FIRE] team=2 losTgt=100.60
[WOBBLE_FIRE] team=2 losTgt=101.06
[WOBBLE_FIRE] team=2 losTgt=101.50
[WOBBLE_FIRE] team=2 losTgt=101.91
[WOBBLE_FIRE] team=2 losTgt=102.28
[WOBBLE_FIRE] team=2 losTgt=102.62
[WOBBLE_FIRE] team=2 losTgt=102.91
[WOBBLE_FIRE] team=2 losTgt=103.16
[WOBBLE_FIRE] team=2 losTgt=103.37
[WOBBLE_FIRE] team=2 losTgt=103.53
[WOBBLE_FIRE] team=2 losTgt=103.66
[WOBBLE_FIRE] team=2 losTgt=103.74
[WOBBLE_FIRE] team=2 losTgt=103.78
[WOBBLE_FIRE] team=2 losTgt=103.78
[WOBBLE_FIRE] team=2 losTgt=103.75
[WOBBLE_FIRE] team=2 losTgt=103.68
[WOBBLE_FIRE] team=2 losTgt=103.57
[WOBBLE_FIRE] team=2 losTgt=103.43
[WOBBLE_FIRE] team=2 losTgt=103.26
[WOBBLE_FIRE] team=2 losTgt=103.06
[WOBBLE_FIRE] team=2 losTgt=102.83
[WOBBLE_FIRE] team=2 losTgt=102.57
[WOBBLE_FIRE] team=2 losTgt=102.29
[WOBBLE_FIRE] team=2 losTgt=101.98
[WOBBLE_FIRE] team=2 losTgt=101.65
[WOBBLE_FIRE] team=2 losTgt=101.29
[WOBBLE_FIRE] team=2 losTgt=100.91
[WOBBLE_FIRE] team=2 losTgt=100.51
[WOBBLE_FIRE] team=2 losTgt=100.08
[WOBBLE_FIRE] team=2 losTgt=99.64
[WOBBLE_FIRE] team=2 losTgt=99.18
[WOBBLE_FIRE] team=2 losTgt=98.70
[WOBBLE_FIRE] team=2 losTgt=98.20
[WOBBLE_FIRE] team=2 losTgt=97.69
[WOBBLE_FIRE] team=2 losTgt=97.16
[WOBBLE_FIRE] team=2 losTgt=96.62
[WOBBLE_FIRE] team=2 losTgt=96.05
[WOBBLE_FIRE] team=2 losTgt=95.48
[WOBBLE_FIRE] team=2 losTgt=94.89
[WOBBLE_FIRE] team=2 losTgt=94.29
[WOBBLE_FIRE] team=2 losTgt=93.68
[WOBBLE_FIRE] team=2 losTgt=93.05
[WOBBLE_FIRE] team=2 losTgt=92.43
[WOBBLE_FIRE] team=2 losTgt=91.79
[WOBBLE_FIRE] team=2 losTgt=91.14
[WOBBLE_FIRE] team=2 losTgt=90.48
[WOBBLE_FIRE] team=2 losTgt=89.80
[WOBBLE_FIRE] team=2 losTgt=89.10
[WOBBLE_FIRE] team=2 losTgt=88.38
[WOBBLE_FIRE] team=2 losTgt=87.66
[WOBBLE_FIRE] team=2 losTgt=86.91
[WOBBLE_FIRE] team=2 losTgt=86.16
[WOBBLE_FIRE] team=2 losTgt=85.42
[WOBBLE_FIRE] team=2 losTgt=84.68
[WOBBLE_FIRE] team=2 losTgt=83.93
[WOBBLE_FIRE] team=2 losTgt=83.17
[WOBBLE_FIRE] team=2 losTgt=82.40
[WOBBLE_FIRE] team=2 losTgt=81.63
[WOBBLE_FIRE] team=2 losTgt=80.86
[WOBBLE_FIRE] team=2 losTgt=80.08
[WOBBLE_FIRE] team=2 losTgt=79.30
[WOBBLE_FIRE] team=2 losTgt=78.52
[WOBBLE_FIRE] team=2 losTgt=77.73
[WOBBLE_FIRE] team=2 losTgt=76.94
[WOBBLE_FIRE] team=2 losTgt=76.14
[WOBBLE_FIRE] team=2 losTgt=75.34
[WOBBLE_FIRE] team=2 losTgt=74.54
[WOBBLE_FIRE] team=2 losTgt=73.73
[WOBBLE_FIRE] team=2 losTgt=72.91
[WOBBLE_FIRE] team=2 losTgt=72.09
[WOBBLE_FIRE] team=2 losTgt=71.27
[WOBBLE_FIRE] team=2 losTgt=70.44
[WOBBLE_FIRE] team=2 losTgt=69.61
[WOBBLE_FIRE] team=2 losTgt=68.77
[WOBBLE_FIRE] team=2 losTgt=67.92
[WOBBLE_FIRE] team=2 losTgt=67.07
[WOBBLE_FIRE] team=2 losTgt=66.21
[WOBBLE_FIRE] team=2 losTgt=65.34
[WOBBLE_FIRE] team=2 losTgt=64.47
[WOBBLE_FIRE] team=2 losTgt=63.59
[WOBBLE_FIRE] team=2 losTgt=62.70
[WOBBLE_FIRE] team=2 losTgt=61.80
[WOBBLE_FIRE] team=2 losTgt=60.90
[WOBBLE_FIRE] team=2 losTgt=59.98
[WOBBLE_FIRE] team=2 losTgt=59.06
[WOBBLE_FIRE] team=2 losTgt=58.12
[WOBBLE_FIRE] team=2 losTgt=57.18
[WOBBLE_FIRE] team=2 losTgt=56.22
[WOBBLE_FIRE] team=2 losTgt=55.25
[WOBBLE_FIRE] team=2 losTgt=54.27
[WOBBLE_FIRE] team=2 losTgt=53.27
[WOBBLE_FIRE] team=2 losTgt=52.25
[WOBBLE_FIRE] team=2 losTgt=51.22
[WOBBLE_FIRE] team=2 losTgt=50.17
[WOBBLE_FIRE] team=2 losTgt=49.09
[WOBBLE_FIRE] team=2 losTgt=48.00
[WOBBLE_FIRE] team=2 losTgt=46.88
[WOBBLE_FIRE] team=2 losTgt=45.74
[WOBBLE_FIRE] team=2 losTgt=48.90
[WOBBLE_FIRE] team=2 losTgt=54.50
[WOBBLE_FIRE] team=2 losTgt=59.97
[WOBBLE_FIRE] team=2 losTgt=65.24
[WOBBLE_FIRE] team=2 losTgt=70.01
[WOBBLE_FIRE] team=2 losTgt=73.86
[WOBBLE_FIRE] team=2 losTgt=76.69
[WOBBLE_FIRE] team=2 losTgt=78.82
[WOBBLE_FIRE] team=2 losTgt=80.67
[WOBBLE_FIRE] team=2 losTgt=82.32
[WOBBLE_FIRE] team=2 losTgt=83.72
[WOBBLE_FIRE] team=2 losTgt=84.81
[WOBBLE_FIRE] team=2 losTgt=85.65
[WOBBLE_FIRE] team=2 losTgt=86.28
[WOBBLE_FIRE] team=2 losTgt=86.75
[WOBBLE_FIRE] team=2 losTgt=87.05
[WOBBLE_FIRE] team=2 losTgt=87.20
[WOBBLE_FIRE] team=2 losTgt=87.21
[WOBBLE_FIRE] team=2 losTgt=87.08
[WOBBLE_FIRE] team=2 losTgt=86.85
[WOBBLE_FIRE] team=2 losTgt=86.50
[WOBBLE_FIRE] team=2 losTgt=86.06
[WOBBLE_FIRE] team=2 losTgt=85.54
[WOBBLE_FIRE] team=2 losTgt=84.95
[WOBBLE_FIRE] team=2 losTgt=84.28
[WOBBLE_FIRE] team=2 losTgt=83.55
[WOBBLE_FIRE] team=2 losTgt=82.76
[WOBBLE_FIRE] team=2 losTgt=81.93
[WOBBLE_FIRE] team=2 losTgt=81.04
[WOBBLE_FIRE] team=2 losTgt=80.11
[WOBBLE_FIRE] team=2 losTgt=79.14
[WOBBLE_FIRE] team=2 losTgt=78.13
[WOBBLE_FIRE] team=2 losTgt=77.08
[WOBBLE_FIRE] team=2 losTgt=76.00
[WOBBLE_FIRE] team=2 losTgt=74.89
[WOBBLE_FIRE] team=2 losTgt=73.75
[WOBBLE_FIRE] team=2 losTgt=72.59
[WOBBLE_FIRE] team=2 losTgt=71.39
[WOBBLE_FIRE] team=2 losTgt=70.17
[WOBBLE_FIRE] team=2 losTgt=68.93
[WOBBLE_FIRE] team=2 losTgt=67.67
[WOBBLE_FIRE] team=2 losTgt=66.38
[WOBBLE_FIRE] team=2 losTgt=65.07
[WOBBLE_FIRE] team=2 losTgt=63.74
[WOBBLE_FIRE] team=2 losTgt=62.38
[WOBBLE_FIRE] team=2 losTgt=61.01
[WOBBLE_FIRE] team=2 losTgt=59.62
[WOBBLE_FIRE] team=2 losTgt=58.21
[WOBBLE_FIRE] team=2 losTgt=56.78
[WOBBLE_FIRE] team=2 losTgt=55.33
[WOBBLE_FIRE] team=2 losTgt=53.86
[WOBBLE_FIRE] team=2 losTgt=52.37
[WOBBLE_FIRE] team=2 losTgt=50.87
[WOBBLE_FIRE] team=2 losTgt=49.34
[WOBBLE_FIRE] team=2 losTgt=47.80
[WOBBLE_FIRE] team=2 losTgt=46.24
[WOBBLE_FIRE] team=2 losTgt=46.16
[WOBBLE_FIRE] team=2 losTgt=51.15
[WOBBLE_FIRE] team=2 losTgt=56.30
[WOBBLE_FIRE] team=2 losTgt=61.55
[WOBBLE_FIRE] team=2 losTgt=66.82
[WOBBLE_FIRE] team=2 losTgt=72.02
[WOBBLE_FIRE] team=2 losTgt=77.10
[WOBBLE_FIRE] team=2 losTgt=81.98
[WOBBLE_FIRE] team=2 losTgt=86.64
[WOBBLE_FIRE] team=2 losTgt=91.04
[WOBBLE_FIRE] team=2 losTgt=95.17
[WOBBLE_FIRE] team=2 losTgt=99.02
[WOBBLE_FIRE] team=2 losTgt=102.59
[WOBBLE_FIRE] team=2 losTgt=105.89
[WOBBLE_FIRE] team=2 losTgt=108.94
[WOBBLE_FIRE] team=2 losTgt=111.74
[WOBBLE_FIRE] team=2 losTgt=114.32
[WOBBLE_FIRE] team=2 losTgt=116.67
[WOBBLE_FIRE] team=2 losTgt=118.82
[WOBBLE_FIRE] team=2 losTgt=120.79
[WOBBLE_FIRE] team=2 losTgt=122.58
[WOBBLE_FIRE] team=2 losTgt=124.20
[WOBBLE_FIRE] team=2 losTgt=125.66
[WOBBLE_FIRE] team=2 losTgt=126.98
[WOBBLE_FIRE] team=2 losTgt=128.15
[WOBBLE_FIRE] team=2 losTgt=129.19
[WOBBLE_FIRE] team=2 losTgt=130.10
[WOBBLE_FIRE] team=2 losTgt=130.90
[WOBBLE_FIRE] team=2 losTgt=131.57
[WOBBLE_FIRE] team=2 losTgt=132.14
[WOBBLE_FIRE] team=2 losTgt=132.60
[WOBBLE_FIRE] team=2 losTgt=132.96
[WOBBLE_FIRE] team=2 losTgt=133.22
[WOBBLE_FIRE] team=2 losTgt=133.39
[WOBBLE_FIRE] team=2 losTgt=133.68
[WOBBLE_FIRE] team=2 losTgt=133.91
[WOBBLE_FIRE] team=2 losTgt=133.58
[WOBBLE_FIRE] team=2 losTgt=132.56
[WOBBLE_FIRE] team=2 losTgt=131.30
[WOBBLE_FIRE] team=2 losTgt=130.08
[WOBBLE_FIRE] team=2 losTgt=128.90
[WOBBLE_FIRE] team=2 losTgt=127.73
[WOBBLE_FIRE] team=2 losTgt=126.58
[WOBBLE_FIRE] team=2 losTgt=125.45
[WOBBLE_FIRE] team=2 losTgt=124.34
[WOBBLE_FIRE] team=2 losTgt=123.25
[WOBBLE_FIRE] team=2 losTgt=122.16
[WOBBLE_FIRE] team=2 losTgt=121.07
[WOBBLE_FIRE] team=2 losTgt=119.97
[WOBBLE_FIRE] team=2 losTgt=118.87
[WOBBLE_FIRE] team=2 losTgt=117.77
[WOBBLE_FIRE] team=2 losTgt=116.66
[WOBBLE_FIRE] team=2 losTgt=115.54
[WOBBLE_FIRE] team=2 losTgt=114.42
[WOBBLE_FIRE] team=2 losTgt=113.29
[WOBBLE_FIRE] team=2 losTgt=112.16
[WOBBLE_FIRE] team=2 losTgt=111.02
[WOBBLE_FIRE] team=2 losTgt=109.88
[WOBBLE_FIRE] team=2 losTgt=108.74
[WOBBLE_FIRE] team=2 losTgt=107.59
[WOBBLE_FIRE] team=2 losTgt=106.43
[WOBBLE_FIRE] team=2 losTgt=105.27
[WOBBLE_FIRE] team=2 losTgt=104.11
[WOBBLE_FIRE] team=2 losTgt=102.94
[WOBBLE_FIRE] team=2 losTgt=101.77
[WOBBLE_FIRE] team=2 losTgt=100.59
[WOBBLE_FIRE] team=2 losTgt=99.42
[WOBBLE_FIRE] team=2 losTgt=98.24
[WOBBLE_FIRE] team=2 losTgt=97.06
[WOBBLE_FIRE] team=2 losTgt=95.88
[WOBBLE_FIRE] team=2 losTgt=94.70
[WOBBLE_FIRE] team=2 losTgt=93.52
[WOBBLE_FIRE] team=2 losTgt=92.34
[WOBBLE_FIRE] team=2 losTgt=91.16
[WOBBLE_FIRE] team=2 losTgt=89.98
[WOBBLE_FIRE] team=2 losTgt=88.79
[WOBBLE_FIRE] team=2 losTgt=87.61
[WOBBLE_FIRE] team=2 losTgt=86.43
[WOBBLE_FIRE] team=2 losTgt=85.24
[WOBBLE_FIRE] team=2 losTgt=84.06
[WOBBLE_FIRE] team=2 losTgt=82.87
[WOBBLE_FIRE] team=2 losTgt=81.69
[WOBBLE_FIRE] team=2 losTgt=80.50
[WOBBLE_FIRE] team=2 losTgt=79.31
[WOBBLE_FIRE] team=2 losTgt=78.13
[WOBBLE_FIRE] team=2 losTgt=76.94
[WOBBLE_FIRE] team=2 losTgt=75.75
[WOBBLE_FIRE] team=2 losTgt=74.56
[WOBBLE_FIRE] team=2 losTgt=73.38
[WOBBLE_FIRE] team=2 losTgt=72.19
[WOBBLE_FIRE] team=2 losTgt=71.00
[WOBBLE_FIRE] team=2 losTgt=69.81
[WOBBLE_FIRE] team=2 losTgt=68.63
[WOBBLE_FIRE] team=2 losTgt=67.44
[WOBBLE_FIRE] team=2 losTgt=66.28
[WOBBLE_FIRE] team=2 losTgt=65.12
[WOBBLE_FIRE] team=2 losTgt=63.95
[WOBBLE_FIRE] team=2 losTgt=62.77
[WOBBLE_FIRE] team=2 losTgt=61.62
[WOBBLE_FIRE] team=2 losTgt=60.46
[WOBBLE_FIRE] team=2 losTgt=59.25
[WOBBLE_FIRE] team=2 losTgt=58.01
[WOBBLE_FIRE] team=2 losTgt=56.75
[WOBBLE_FIRE] team=2 losTgt=55.46
[WOBBLE_FIRE] team=2 losTgt=54.16
[WOBBLE_FIRE] team=2 losTgt=52.85
[WOBBLE_FIRE] team=2 losTgt=51.52
[WOBBLE_FIRE] team=2 losTgt=50.17
[WOBBLE_FIRE] team=2 losTgt=48.80
[WOBBLE_FIRE] team=2 losTgt=47.40
[WOBBLE_FIRE] team=2 losTgt=45.97
[WOBBLE_FIRE] team=2 losTgt=45.09
[WOBBLE_FIRE] team=2 losTgt=47.39
[WOBBLE_FIRE] team=2 losTgt=49.77
[WOBBLE_FIRE] team=2 losTgt=52.20
[WOBBLE_FIRE] team=2 losTgt=54.64
[WOBBLE_FIRE] team=2 losTgt=57.08
[WOBBLE_FIRE] team=2 losTgt=59.47
[WOBBLE_FIRE] team=2 losTgt=61.78
[WOBBLE_FIRE] team=2 losTgt=64.00
[WOBBLE_FIRE] team=2 losTgt=66.11
[WOBBLE_FIRE] team=2 losTgt=68.10
[WOBBLE_FIRE] team=2 losTgt=69.96
[WOBBLE_FIRE] team=2 losTgt=71.66
[WOBBLE_FIRE] team=2 losTgt=73.20
[WOBBLE_FIRE] team=2 losTgt=74.59
[WOBBLE_FIRE] team=2 losTgt=75.82
[WOBBLE_FIRE] team=2 losTgt=76.88
[WOBBLE_FIRE] team=2 losTgt=77.79
[WOBBLE_FIRE] team=2 losTgt=78.56
[WOBBLE_FIRE] team=2 losTgt=79.17
[WOBBLE_FIRE] team=2 losTgt=79.64
[WOBBLE_FIRE] team=2 losTgt=79.98
[WOBBLE_FIRE] team=2 losTgt=80.20
[WOBBLE_FIRE] team=2 losTgt=80.30
[WOBBLE_FIRE] team=2 losTgt=80.29
[WOBBLE_FIRE] team=2 losTgt=80.16
[WOBBLE_FIRE] team=2 losTgt=79.94
[WOBBLE_FIRE] team=2 losTgt=79.62
[WOBBLE_FIRE] team=2 losTgt=79.22
[WOBBLE_FIRE] team=2 losTgt=78.73
[WOBBLE_FIRE] team=2 losTgt=78.16
[WOBBLE_FIRE] team=2 losTgt=77.51
[WOBBLE_FIRE] team=2 losTgt=76.80
[WOBBLE_FIRE] team=2 losTgt=76.02
[WOBBLE_FIRE] team=2 losTgt=75.18
[WOBBLE_FIRE] team=2 losTgt=74.28
[WOBBLE_FIRE] team=2 losTgt=73.32
[WOBBLE_FIRE] team=2 losTgt=72.31
[WOBBLE_FIRE] team=2 losTgt=71.25
[WOBBLE_FIRE] team=2 losTgt=70.14
[WOBBLE_FIRE] team=2 losTgt=68.98
[WOBBLE_FIRE] team=2 losTgt=67.79
[WOBBLE_FIRE] team=2 losTgt=66.54
[WOBBLE_FIRE] team=2 losTgt=65.26
[WOBBLE_FIRE] team=2 losTgt=63.93
[WOBBLE_FIRE] team=2 losTgt=62.57
[WOBBLE_FIRE] team=2 losTgt=61.17
[WOBBLE_FIRE] team=2 losTgt=59.73
[WOBBLE_FIRE] team=2 losTgt=58.27
[WOBBLE_FIRE] team=2 losTgt=56.80
[WOBBLE_FIRE] team=2 losTgt=55.31
[WOBBLE_FIRE] team=2 losTgt=53.82
[WOBBLE_FIRE] team=2 losTgt=52.31
[WOBBLE_FIRE] team=2 losTgt=50.78
[WOBBLE_FIRE] team=2 losTgt=49.24
[WOBBLE_FIRE] team=2 losTgt=47.68
[WOBBLE_FIRE] team=2 losTgt=46.11
[WOBBLE_FIRE] team=2 losTgt=45.46
[WOBBLE_FIRE] team=2 losTgt=48.23
[WOBBLE_FIRE] team=2 losTgt=50.64
[WOBBLE_FIRE] team=2 losTgt=52.71
[WOBBLE_FIRE] team=2 losTgt=54.49
[WOBBLE_FIRE] team=2 losTgt=56.01
[WOBBLE_FIRE] team=2 losTgt=57.35
[WOBBLE_FIRE] team=2 losTgt=58.49
[WOBBLE_FIRE] team=2 losTgt=59.49
[WOBBLE_FIRE] team=2 losTgt=60.35
[WOBBLE_FIRE] team=2 losTgt=61.07
[WOBBLE_FIRE] team=2 losTgt=61.67
[WOBBLE_FIRE] team=2 losTgt=62.17
[WOBBLE_FIRE] team=2 losTgt=62.57
[WOBBLE_FIRE] team=2 losTgt=62.90
[WOBBLE_FIRE] team=2 losTgt=63.14
[WOBBLE_FIRE] team=2 losTgt=63.29
[WOBBLE_FIRE] team=2 losTgt=63.40
[WOBBLE_FIRE] team=2 losTgt=63.43
[WOBBLE_FIRE] team=2 losTgt=63.42
[WOBBLE_FIRE] team=2 losTgt=63.35
[WOBBLE_FIRE] team=2 losTgt=63.23
[WOBBLE_FIRE] team=2 losTgt=63.09
[WOBBLE_FIRE] team=2 losTgt=62.91
[WOBBLE_FIRE] team=2 losTgt=62.70
[WOBBLE_FIRE] team=2 losTgt=62.45
[WOBBLE_FIRE] team=2 losTgt=62.21
[WOBBLE_FIRE] team=2 losTgt=61.91
[WOBBLE_FIRE] team=2 losTgt=61.62
[WOBBLE_FIRE] team=2 losTgt=61.28
[WOBBLE_FIRE] team=2 losTgt=60.92
[WOBBLE_FIRE] team=2 losTgt=60.52
[WOBBLE_FIRE] team=2 losTgt=60.06
[WOBBLE_FIRE] team=2 losTgt=59.56
[WOBBLE_FIRE] team=2 losTgt=59.03
[WOBBLE_FIRE] team=2 losTgt=58.43
[WOBBLE_FIRE] team=2 losTgt=57.80
[WOBBLE_FIRE] team=2 losTgt=57.10
[WOBBLE_FIRE] team=2 losTgt=56.35
[WOBBLE_FIRE] team=2 losTgt=55.54
[WOBBLE_FIRE] team=2 losTgt=54.68
[WOBBLE_FIRE] team=2 losTgt=53.76
[WOBBLE_FIRE] team=2 losTgt=52.79
[WOBBLE_FIRE] team=2 losTgt=51.77
[WOBBLE_FIRE] team=2 losTgt=50.71
[WOBBLE_FIRE] team=2 losTgt=49.60
[WOBBLE_FIRE] team=2 losTgt=48.44
[WOBBLE_FIRE] team=2 losTgt=47.22
[WOBBLE_FIRE] team=2 losTgt=45.96
runner:local/env:0	num_steps=[11999] | total rewards=[1230.7779] | termination= [max time out]
[seed 6] reward=  1230.78 ownHP=1.0000 tgtHP=0.1010 max time out
total: 2
[WOBBLE_FIRE] team=2 losTgt=54.16
[WOBBLE_FIRE] team=2 losTgt=53.89
[WOBBLE_FIRE] team=2 losTgt=53.00
[WOBBLE_FIRE] team=2 losTgt=52.06
[WOBBLE_FIRE] team=2 losTgt=51.10
[WOBBLE_FIRE] team=2 losTgt=50.02
[WOBBLE_FIRE] team=2 losTgt=48.72
[WOBBLE_FIRE] team=2 losTgt=47.21
[WOBBLE_FIRE] team=2 losTgt=45.72
[WOBBLE_FIRE] team=2 losTgt=45.98
[WOBBLE_FIRE] team=2 losTgt=50.15
[WOBBLE_FIRE] team=2 losTgt=54.50
[WOBBLE_FIRE] team=2 losTgt=58.94
[WOBBLE_FIRE] team=2 losTgt=63.35
[WOBBLE_FIRE] team=2 losTgt=67.64
[WOBBLE_FIRE] team=2 losTgt=71.74
[WOBBLE_FIRE] team=2 losTgt=75.58
[WOBBLE_FIRE] team=2 losTgt=79.13
[WOBBLE_FIRE] team=2 losTgt=82.37
[WOBBLE_FIRE] team=2 losTgt=85.30
[WOBBLE_FIRE] team=2 losTgt=87.90
[WOBBLE_FIRE] team=2 losTgt=90.20
[WOBBLE_FIRE] team=2 losTgt=92.22
[WOBBLE_FIRE] team=2 losTgt=93.97
[WOBBLE_FIRE] team=2 losTgt=95.48
[WOBBLE_FIRE] team=2 losTgt=96.76
[WOBBLE_FIRE] team=2 losTgt=97.83
[WOBBLE_FIRE] team=2 losTgt=98.70
[WOBBLE_FIRE] team=2 losTgt=99.42
[WOBBLE_FIRE] team=2 losTgt=100.00
[WOBBLE_FIRE] team=2 losTgt=100.47

=== M700 legacy 완료 ===
